ISO-10303-21;
HEADER;
FILE_DESCRIPTION (( 'STEP AP214' ),
    '1' );
FILE_NAME ('Case.STEP',
    '2026-09-08T07:16:38',
    ( '' ),
    ( '' ),
    'SwSTEP 2.0',
    'SolidWorks 2026',
    '' );
FILE_SCHEMA (( 'AUTOMOTIVE_DESIGN' ));
ENDSEC;

DATA;
#1 = ORIENTED_EDGE ( 'NONE', *, *, #9162, .T. ) ;
#2 = EDGE_CURVE ( 'NONE', #11260, #4987, #1264, .T. ) ;
#3 = LINE ( 'NONE', #6081, #8975 ) ;
#4 = ORIENTED_EDGE ( 'NONE', *, *, #10530, .F. ) ;
#5 = PLANE ( 'NONE',  #7961 ) ;
#6 = LINE ( 'NONE', #9123, #12504 ) ;
#7 = DIRECTION ( 'NONE',  ( -0.8191520442889907994, -0.000000000000000000, 0.5735764363510478248 ) ) ;
#8 = AXIS2_PLACEMENT_3D ( 'NONE', #2287, #5267, #4357 ) ;
#9 = ADVANCED_FACE ( 'NONE', ( #5714 ), #199, .F. ) ;
#10 = CARTESIAN_POINT ( 'NONE',  ( 10.49999999999999289, 12.49999999999999289, 4.000000000000000000 ) ) ;
#11 = DIRECTION ( 'NONE',  ( 0.000000000000000000, 0.000000000000000000, -1.000000000000000000 ) ) ;
#12 = ORIENTED_EDGE ( 'NONE', *, *, #3658, .T. ) ;
#13 = CARTESIAN_POINT ( 'NONE',  ( 10.49999999999999112, 12.49999999999999289, 2.500000000000000000 ) ) ;
#14 = DIRECTION ( 'NONE',  ( -0.000000000000000000, -0.000000000000000000, -1.000000000000000000 ) ) ;
#15 = VERTEX_POINT ( 'NONE', #4076 ) ;
#16 = DIRECTION ( 'NONE',  ( -0.9848077530122036904, 0.000000000000000000, -0.1736481776669549781 ) ) ;
#17 = DIRECTION ( 'NONE',  ( -0.000000000000000000, -0.000000000000000000, -1.000000000000000000 ) ) ;
#18 = FACE_OUTER_BOUND ( 'NONE', #12098, .T. ) ;
#19 = DIRECTION ( 'NONE',  ( -1.000000000000000000, 0.000000000000000000, 0.000000000000000000 ) ) ;
#20 = CARTESIAN_POINT ( 'NONE',  ( -0.9999999999999995559, -3.000000000000009326, 12.50000000000000000 ) ) ;
#21 = DIRECTION ( 'NONE',  ( -1.000000000000000000, 0.000000000000000000, 0.000000000000000000 ) ) ;
#22 = ORIENTED_EDGE ( 'NONE', *, *, #479, .T. ) ;
#23 = DIRECTION ( 'NONE',  ( -0.000000000000000000, -0.000000000000000000, 1.000000000000000000 ) ) ;
#24 = DIRECTION ( 'NONE',  ( 0.8191520442889911324, 0.000000000000000000, -0.5735764363510471586 ) ) ;
#25 = CARTESIAN_POINT ( 'NONE',  ( 38.74999999999998579, -49.49999999999998579, 2.500000000000000000 ) ) ;
#26 = EDGE_LOOP ( 'NONE', ( #11452, #1817, #7877, #8264, #4629, #1798, #3811, #427, #5812, #924, #2437, #5860, #12772, #7244, #11537, #2183, #2113, #2281, #3036, #937, #3538, #10949, #11225, #2788, #7066, #7917, #2109, #3790, #12020, #10452, #10493, #12563 ) ) ;
#27 = CARTESIAN_POINT ( 'NONE',  ( 27.50000000000000711, 12.49999999999999645, 4.000000000000000000 ) ) ;
#28 = EDGE_CURVE ( 'NONE', #6564, #7555, #9068, .T. ) ;
#29 = ORIENTED_EDGE ( 'NONE', *, *, #2597, .F. ) ;
#30 = CARTESIAN_POINT ( 'NONE',  ( -63.08328106123759227, -24.99999999999998579, 42.25787462264925409 ) ) ;
#31 = FACE_OUTER_BOUND ( 'NONE', #891, .T. ) ;
#32 = AXIS2_PLACEMENT_3D ( 'NONE', #1026, #3989, #2107 ) ;
#33 = DIRECTION ( 'NONE',  ( -0.000000000000000000, -0.000000000000000000, 1.000000000000000000 ) ) ;
#34 = CARTESIAN_POINT ( 'NONE',  ( 7.499999999999992895, 22.50000000000000355, 12.50000000000000000 ) ) ;
#35 = ORIENTED_EDGE ( 'NONE', *, *, #11404, .F. ) ;
#36 = EDGE_CURVE ( 'NONE', #12388, #12036, #3758, .T. ) ;
#37 = DIRECTION ( 'NONE',  ( -0.000000000000000000, 0.000000000000000000, -1.000000000000000000 ) ) ;
#38 = CARTESIAN_POINT ( 'NONE',  ( 3.000000000000008438, -55.00000000000000000, 4.000000000000000000 ) ) ;
#39 = ORIENTED_EDGE ( 'NONE', *, *, #1710, .F. ) ;
#40 = EDGE_CURVE ( 'NONE', #2367, #12222, #4679, .T. ) ;
#41 = VERTEX_POINT ( 'NONE', #12603 ) ;
#42 = DIRECTION ( 'NONE',  ( 0.000000000000000000, -1.000000000000000000, 0.000000000000000000 ) ) ;
#43 = EDGE_LOOP ( 'NONE', ( #11008, #495, #1143, #1984 ) ) ;
#44 = VERTEX_POINT ( 'NONE', #1763 ) ;
#45 = DIRECTION ( 'NONE',  ( -1.000000000000000000, -0.000000000000000000, -0.000000000000000000 ) ) ;
#46 = LINE ( 'NONE', #11062, #4211 ) ;
#47 = LINE ( 'NONE', #1076, #6463 ) ;
#48 = DIRECTION ( 'NONE',  ( 0.5792279653395813188, 0.7071067811865321406, -0.4055797876726483508 ) ) ;
#49 = CIRCLE ( 'NONE', #6249, 1.499999999999999556 ) ;
#50 = EDGE_LOOP ( 'NONE', ( #7934, #9649, #6393, #1289 ) ) ;
#51 = ORIENTED_EDGE ( 'NONE', *, *, #4063, .T. ) ;
#52 = CARTESIAN_POINT ( 'NONE',  ( -8.000000000000000000, 25.50000000000000355, 12.00000000000000000 ) ) ;
#53 = ORIENTED_EDGE ( 'NONE', *, *, #4614, .F. ) ;
#54 = EDGE_CURVE ( 'NONE', #11287, #12816, #7666, .T. ) ;
#55 = ORIENTED_EDGE ( 'NONE', *, *, #9398, .T. ) ;
#56 = FACE_OUTER_BOUND ( 'NONE', #1672, .T. ) ;
#57 = ORIENTED_EDGE ( 'NONE', *, *, #75, .F. ) ;
#58 = DIRECTION ( 'NONE',  ( -0.000000000000000000, -0.000000000000000000, 1.000000000000000000 ) ) ;
#59 = EDGE_CURVE ( 'NONE', #1860, #1014, #11696, .T. ) ;
#60 = ORIENTED_EDGE ( 'NONE', *, *, #4491, .T. ) ;
#61 = DIRECTION ( 'NONE',  ( -1.000000000000000000, 0.000000000000000000, 0.000000000000000000 ) ) ;
#62 = DIRECTION ( 'NONE',  ( -0.000000000000000000, -0.000000000000000000, -1.000000000000000000 ) ) ;
#63 = LINE ( 'NONE', #4074, #3816 ) ;
#65 = DIRECTION ( 'NONE',  ( 0.000000000000000000, 0.000000000000000000, 1.000000000000000000 ) ) ;
#64 = VECTOR ( 'NONE', #8434, 1000.000000000000000 ) ;
#66 = AXIS2_PLACEMENT_3D ( 'NONE', #4245, #425, #8209 ) ;
#67 = PRESENTATION_LAYER_ASSIGNMENT (  '', '', ( #8956 ) ) ;
#68 = ADVANCED_FACE ( 'NONE', ( #10720 ), #10652, .F. ) ;
#69 = CYLINDRICAL_SURFACE ( 'NONE', #8575, 5.000000000000004441 ) ;
#70 = ORIENTED_EDGE ( 'NONE', *, *, #12426, .T. ) ;
#71 = EDGE_CURVE ( 'NONE', #7258, #2677, #846, .T. ) ;
#72 = ADVANCED_FACE ( 'NONE', ( #9198 ), #11088, .F. ) ;
#73 = PLANE ( 'NONE',  #6097 ) ;
#74 = CARTESIAN_POINT ( 'NONE',  ( 29.99999999999998579, -62.50000000000001421, 0.4000000000000114575 ) ) ;
#75 = EDGE_CURVE ( 'NONE', #10942, #1856, #12065, .T. ) ;
#76 = ORIENTED_EDGE ( 'NONE', *, *, #8375, .F. ) ;
#77 = EDGE_CURVE ( 'NONE', #4786, #2198, #10166, .T. ) ;
#78 = CIRCLE ( 'NONE', #887, 1.999999999999988010 ) ;
#79 = CIRCLE ( 'NONE', #10424, 1.499999999999999556 ) ;
#80 = CARTESIAN_POINT ( 'NONE',  ( -27.99999999999997513, -53.50000000000000711, 4.000000000000000000 ) ) ;
#81 = FACE_OUTER_BOUND ( 'NONE', #6914, .T. ) ;
#82 = DIRECTION ( 'NONE',  ( 1.000000000000000000, 0.000000000000000000, 0.000000000000000000 ) ) ;
#83 = DIRECTION ( 'NONE',  ( 0.000000000000000000, -0.000000000000000000, -1.000000000000000000 ) ) ;
#84 = AXIS2_PLACEMENT_3D ( 'NONE', #133, #7967, #12002 ) ;
#85 = AXIS2_PLACEMENT_3D ( 'NONE', #2403, #6482, #1565 ) ;
#86 = DIRECTION ( 'NONE',  ( -2.751016751907373052E-15, -1.000000000000000000, -3.928859090750670446E-15 ) ) ;
#87 = AXIS2_PLACEMENT_3D ( 'NONE', #8700, #3063, #6962 ) ;
#88 = ORIENTED_EDGE ( 'NONE', *, *, #10706, .F. ) ;
#89 = CARTESIAN_POINT ( 'NONE',  ( -34.99999999999999289, 62.50000000000001421, 24.55000000000000071 ) ) ;
#90 = DIRECTION ( 'NONE',  ( 0.7071067811865474617, 0.000000000000000000, -0.7071067811865474617 ) ) ;
#91 = CARTESIAN_POINT ( 'NONE',  ( -47.49999999999998579, 19.40000000000003411, 68.00000000000000000 ) ) ;
#92 = EDGE_LOOP ( 'NONE', ( #4653, #767, #5475, #1352 ) ) ;
#93 = CARTESIAN_POINT ( 'NONE',  ( -49.85873295836848484, 21.79999999999999361, 57.65759304458478596 ) ) ;
#94 = VECTOR ( 'NONE', #1816, 1000.000000000000000 ) ;
#95 = EDGE_LOOP ( 'NONE', ( #8415, #9375, #7188 ) ) ;
#96 = ADVANCED_FACE ( 'NONE', ( #8348 ), #9385, .T. ) ;
#97 = CYLINDRICAL_SURFACE ( 'NONE', #7992, 1.500000000000001332 ) ;
#98 = LINE ( 'NONE', #4531, #306 ) ;
#99 = CARTESIAN_POINT ( 'NONE',  ( -45.00000000000002132, -42.32287565553228603, 12.50000000000000000 ) ) ;
#100 = CARTESIAN_POINT ( 'NONE',  ( 9.000000000000001776, 55.00000000000000000, 12.00000000000001066 ) ) ;
#101 = VERTEX_POINT ( 'NONE', #10361 ) ;
#102 = FACE_OUTER_BOUND ( 'NONE', #11126, .T. ) ;
#103 = EDGE_CURVE ( 'NONE', #2793, #10071, #325, .T. ) ;
#104 = AXIS2_PLACEMENT_3D ( 'NONE', #11811, #834, #11745 ) ;
#105 = CARTESIAN_POINT ( 'NONE',  ( -40.50000000000000000, -49.49999999999999289, 4.000000000000000000 ) ) ;
#106 = AXIS2_PLACEMENT_3D ( 'NONE', #10592, #2625, #6573 ) ;
#107 = AXIS2_PLACEMENT_3D ( 'NONE', #6190, #2160, #10142 ) ;
#108 = ORIENTED_EDGE ( 'NONE', *, *, #6625, .F. ) ;
#109 = FACE_OUTER_BOUND ( 'NONE', #1601, .T. ) ;
#110 = ORIENTED_EDGE ( 'NONE', *, *, #3533, .F. ) ;
#111 = CARTESIAN_POINT ( 'NONE',  ( -61.44497697265964575, -21.80000000000000071, 41.11072174994717443 ) ) ;
#112 = ORIENTED_EDGE ( 'NONE', *, *, #7698, .T. ) ;
#113 = DIRECTION ( 'NONE',  ( -1.000000000000000000, -1.541976423090495387E-16, 0.000000000000000000 ) ) ;
#114 = CARTESIAN_POINT ( 'NONE',  ( 22.99999999999995381, 53.50000000000000000, 2.500000000000002220 ) ) ;
#115 = CIRCLE ( 'NONE', #317, 2.750000000000002665 ) ;
#117 = AXIS2_PLACEMENT_3D ( 'NONE', #11700, #2802, #7794 ) ;
#116 = LINE ( 'NONE', #8018, #1086 ) ;
#118 = DIRECTION ( 'NONE',  ( 0.000000000000000000, 0.000000000000000000, -1.000000000000000000 ) ) ;
#119 = AXIS2_PLACEMENT_3D ( 'NONE', #11070, #10154, #5212 ) ;
#120 = ORIENTED_EDGE ( 'NONE', *, *, #10125, .F. ) ;
#121 = EDGE_LOOP ( 'NONE', ( #5322, #5157, #11582, #637 ) ) ;
#122 = CARTESIAN_POINT ( 'NONE',  ( -51.47196947010641566, -21.50000000000000000, 62.32743971842706543 ) ) ;
#123 = EDGE_LOOP ( 'NONE', ( #10353, #8715, #11473, #12114 ) ) ;
#124 = ORIENTED_EDGE ( 'NONE', *, *, #11743, .F. ) ;
#125 = AXIS2_PLACEMENT_3D ( 'NONE', #1703, #1773, #8899 ) ;
#126 = AXIS2_PLACEMENT_3D ( 'NONE', #11206, #5304, #7494 ) ;
#127 = CARTESIAN_POINT ( 'NONE',  ( 40.49999999999998579, -42.49999999999998579, 12.50000000000000000 ) ) ;
#128 = ORIENTED_EDGE ( 'NONE', *, *, #10736, .F. ) ;
#129 = ADVANCED_FACE ( 'NONE', ( #3235, #2258 ), #4328, .F. ) ;
#130 = CARTESIAN_POINT ( 'NONE',  ( -47.70370006102830729, 21.50000000000000000, 60.90964366094694782 ) ) ;
#131 = ORIENTED_EDGE ( 'NONE', *, *, #10706, .T. ) ;
#132 = CYLINDRICAL_SURFACE ( 'NONE', #7340, 1.500000000000001332 ) ;
#133 = CARTESIAN_POINT ( 'NONE',  ( 34.99999999999999289, -62.50000000000001421, 24.55000000000000071 ) ) ;
#134 = CARTESIAN_POINT ( 'NONE',  ( 43.49999999999997868, 6.500000000000005329, -142.1267040355189977 ) ) ;
#135 = EDGE_CURVE ( 'NONE', #5863, #5053, #8295, .T. ) ;
#136 = CIRCLE ( 'NONE', #3233, 4.599999999999992539 ) ;
#137 = CIRCLE ( 'NONE', #10269, 1.500000000000001332 ) ;
#138 = CARTESIAN_POINT ( 'NONE',  ( -21.99999999999996803, -53.50000000000000000, 4.000000000000000000 ) ) ;
#139 = DIRECTION ( 'NONE',  ( 0.3529411764705885357, -0.9356455129756978684, 0.000000000000000000 ) ) ;
#140 = PLANE ( 'NONE',  #2371 ) ;
#141 = ORIENTED_EDGE ( 'NONE', *, *, #11810, .F. ) ;
#142 = CARTESIAN_POINT ( 'NONE',  ( -43.50000000000002132, 40.99999999999999289, 4.000000000000000000 ) ) ;
#143 = CARTESIAN_POINT ( 'NONE',  ( 7.500000000000000000, 53.50000000000000000, 12.00000000000000000 ) ) ;
#144 = VERTEX_POINT ( 'NONE', #5367 ) ;
#145 = VECTOR ( 'NONE', #9319, 1000.000000000000114 ) ;
#146 = CARTESIAN_POINT ( 'NONE',  ( -67.49123708839562141, -14.49999999999999467, 38.75217588165035920 ) ) ;
#147 = CARTESIAN_POINT ( 'NONE',  ( -43.50000000000002132, 40.99999999999999289, 12.50000000000000000 ) ) ;
#148 = CARTESIAN_POINT ( 'NONE',  ( 7.499999999999992895, 22.50000000000000355, 12.50000000000000000 ) ) ;
#149 = SPHERICAL_SURFACE ( 'NONE', #454, 1.500000000000000000 ) ;
#150 = ADVANCED_FACE ( 'NONE', ( #1230, #3296, #6155, #1426, #2195, #1478 ), #8095, .F. ) ;
#151 = EDGE_CURVE ( 'NONE', #11637, #4647, #643, .T. ) ;
#152 = EDGE_CURVE ( 'NONE', #12812, #8333, #10111, .T. ) ;
#153 = CARTESIAN_POINT ( 'NONE',  ( -29.99999999999998579, 62.50000000000001421, 0.4000000000000114575 ) ) ;
#154 = ORIENTED_EDGE ( 'NONE', *, *, #12584, .T. ) ;
#155 = CARTESIAN_POINT ( 'NONE',  ( 39.99999999999999289, 61.25000000000001421, 0.4000000000000114575 ) ) ;
#156 = FACE_OUTER_BOUND ( 'NONE', #3204, .T. ) ;
#157 = VECTOR ( 'NONE', #6698, 1000.000000000000000 ) ;
#158 = DIRECTION ( 'NONE',  ( -0.8191520442889907994, -0.000000000000000000, 0.5735764363510478248 ) ) ;
#159 = ORIENTED_EDGE ( 'NONE', *, *, #8225, .F. ) ;
#160 = EDGE_CURVE ( 'NONE', #9205, #11000, #5167, .T. ) ;
#161 = DIRECTION ( 'NONE',  ( 1.000000000000000000, 0.000000000000000000, 0.000000000000000000 ) ) ;
#162 = ORIENTED_EDGE ( 'NONE', *, *, #1248, .T. ) ;
#163 = DIRECTION ( 'NONE',  ( 0.000000000000000000, 0.7071067811865474617, -0.7071067811865474617 ) ) ;
#164 = DIRECTION ( 'NONE',  ( 3.066586833366745811E-16, 0.7071067811865474617, 0.7071067811865474617 ) ) ;
#165 = CARTESIAN_POINT ( 'NONE',  ( 8.999999999999992895, 30.86660026534075740, 12.00000000000000000 ) ) ;
#166 = PLANE ( 'NONE',  #7400 ) ;
#167 = ORIENTED_EDGE ( 'NONE', *, *, #3630, .F. ) ;
#168 = VECTOR ( 'NONE', #10411, 1000.000000000000114 ) ;
#169 = VECTOR ( 'NONE', #12469, 1000.000000000000000 ) ;
#170 = DIRECTION ( 'NONE',  ( 0.000000000000000000, -1.000000000000000000, 0.000000000000000000 ) ) ;
#171 = CARTESIAN_POINT ( 'NONE',  ( 44.99999999999997868, -36.49999999999999289, 25.00000000000000000 ) ) ;
#172 = EDGE_CURVE ( 'NONE', #4894, #8087, #4981, .T. ) ;
#173 = ORIENTED_EDGE ( 'NONE', *, *, #12117, .F. ) ;
#174 = CARTESIAN_POINT ( 'NONE',  ( -61.96119576537561358, 19.39999999999997726, 40.37348491008709317 ) ) ;
#175 = EDGE_LOOP ( 'NONE', ( #5691, #4784, #7054 ) ) ;
#176 = CARTESIAN_POINT ( 'NONE',  ( -40.50000000000000000, -49.49999999999999289, 12.00000000000001066 ) ) ;
#177 = AXIS2_PLACEMENT_3D ( 'NONE', #4826, #8783, #10799 ) ;
#178 = ORIENTED_EDGE ( 'NONE', *, *, #5924, .F. ) ;
#179 = AXIS2_PLACEMENT_3D ( 'NONE', #11430, #4483, #8439 ) ;
#180 = CARTESIAN_POINT ( 'NONE',  ( -65.40987687343688606, -21.50000000000000000, 42.42204504220458716 ) ) ;
#181 = CARTESIAN_POINT ( 'NONE',  ( 40.49999999999998579, -42.49999999999998579, 11.99999999999998224 ) ) ;
#182 = CARTESIAN_POINT ( 'NONE',  ( -45.00000000000002132, -30.00000000000000000, 25.00000000000000000 ) ) ;
#183 = LINE ( 'NONE', #3986, #7777 ) ;
#184 = ORIENTED_EDGE ( 'NONE', *, *, #10442, .T. ) ;
#185 = EDGE_LOOP ( 'NONE', ( #12626, #9510, #6025, #10391 ) ) ;
#186 = VECTOR ( 'NONE', #1392, 1000.000000000000114 ) ;
#187 = VECTOR ( 'NONE', #10913, 1000.000000000000000 ) ;
#188 = ORIENTED_EDGE ( 'NONE', *, *, #782, .F. ) ;
#189 = ORIENTED_EDGE ( 'NONE', *, *, #7504, .F. ) ;
#190 = CARTESIAN_POINT ( 'NONE',  ( 43.49999999999997868, 11.00000000000000355, 12.00000000000002842 ) ) ;
#191 = ORIENTED_EDGE ( 'NONE', *, *, #442, .T. ) ;
#192 = CARTESIAN_POINT ( 'NONE',  ( 42.24999999999998579, -49.49999999999998579, 19.00538238691625281 ) ) ;
#193 = ORIENTED_EDGE ( 'NONE', *, *, #7906, .T. ) ;
#194 = DIRECTION ( 'NONE',  ( -0.000000000000000000, -0.000000000000000000, 1.000000000000000000 ) ) ;
#195 = CYLINDRICAL_SURFACE ( 'NONE', #12093, 1.700000000000000178 ) ;
#196 = AXIS2_PLACEMENT_3D ( 'NONE', #6283, #6468, #10243 ) ;
#197 = CARTESIAN_POINT ( 'NONE',  ( 1.500000000000008216, -55.00000000000000000, 4.000000000000000000 ) ) ;
#198 = CARTESIAN_POINT ( 'NONE',  ( 27.87774886496086069, -14.49999999999999467, -28.02590699430605881 ) ) ;
#199 = SPHERICAL_SURFACE ( 'NONE', #2294, 1.500000000000000000 ) ;
#200 = EDGE_CURVE ( 'NONE', #3018, #3855, #6280, .T. ) ;
#201 = DIRECTION ( 'NONE',  ( 0.000000000000000000, -0.7071067811865475727, 0.7071067811865475727 ) ) ;
#202 = EDGE_LOOP ( 'NONE', ( #12191, #6908, #4582, #347 ) ) ;
#203 = CARTESIAN_POINT ( 'NONE',  ( 21.49999999999995381, 53.50000000000000000, 4.000000000000000000 ) ) ;
#204 = LINE ( 'NONE', #8940, #9920 ) ;
#205 = VERTEX_POINT ( 'NONE', #8286 ) ;
#206 = EDGE_CURVE ( 'NONE', #12816, #7201, #12256, .T. ) ;
#207 = DIRECTION ( 'NONE',  ( -0.000000000000000000, -0.000000000000000000, -1.000000000000000000 ) ) ;
#208 = DIRECTION ( 'NONE',  ( -0.000000000000000000, -0.000000000000000000, 1.000000000000000000 ) ) ;
#209 = CARTESIAN_POINT ( 'NONE',  ( 2.999999999999992450, 29.71110255092798269, 12.50000000000000000 ) ) ;
#210 = LINE ( 'NONE', #341, #8516 ) ;
#211 = DIRECTION ( 'NONE',  ( 0.5735764363510448272, 0.000000000000000000, 0.8191520442889925757 ) ) ;
#212 = ORIENTED_EDGE ( 'NONE', *, *, #6241, .F. ) ;
#213 = DIRECTION ( 'NONE',  ( -1.000000000000000000, -4.625929269271481378E-15, 0.000000000000000000 ) ) ;
#214 = CARTESIAN_POINT ( 'NONE',  ( 7.499999999999994671, 30.86660026534075740, 12.00000000000000000 ) ) ;
#215 = DIRECTION ( 'NONE',  ( 0.000000000000000000, 1.000000000000000000, 0.000000000000000000 ) ) ;
#216 = ADVANCED_FACE ( 'NONE', ( #2388 ), #6348, .T. ) ;
#217 = EDGE_LOOP ( 'NONE', ( #9804, #3752, #8848, #8679 ) ) ;
#218 = LINE ( 'NONE', #8116, #12074 ) ;
#219 = ADVANCED_FACE ( 'NONE', ( #10426 ), #8413, .F. ) ;
#220 = VERTEX_POINT ( 'NONE', #9573 ) ;
#221 = CARTESIAN_POINT ( 'NONE',  ( 0.9504814091701090373, 20.02941176470588047, 12.00000000000000000 ) ) ;
#222 = DIRECTION ( 'NONE',  ( 0.000000000000000000, 0.000000000000000000, -1.000000000000000000 ) ) ;
#223 = FACE_OUTER_BOUND ( 'NONE', #7378, .T. ) ;
#224 = ORIENTED_EDGE ( 'NONE', *, *, #4400, .T. ) ;
#225 = CYLINDRICAL_SURFACE ( 'NONE', #12095, 2.299999999999996270 ) ;
#226 = DIRECTION ( 'NONE',  ( -0.000000000000000000, -0.000000000000000000, 1.000000000000000000 ) ) ;
#227 = ORIENTED_EDGE ( 'NONE', *, *, #2435, .T. ) ;
#228 = EDGE_CURVE ( 'NONE', #4827, #12007, #3323, .T. ) ;
#229 = CARTESIAN_POINT ( 'NONE',  ( 3.000000000000007994, -53.50000000000000000, 12.50000000000000000 ) ) ;
#230 = EDGE_CURVE ( 'NONE', #1458, #11071, #7886, .T. ) ;
#231 = ORIENTED_EDGE ( 'NONE', *, *, #442, .F. ) ;
#232 = ADVANCED_FACE ( 'NONE', ( #11467 ), #2578, .F. ) ;
#233 = LINE ( 'NONE', #6061, #7721 ) ;
#234 = VERTEX_POINT ( 'NONE', #9642 ) ;
#235 = CARTESIAN_POINT ( 'NONE',  ( -23.99999999999995381, -53.50000000000000711, 12.50000000000000000 ) ) ;
#236 = DIRECTION ( 'NONE',  ( 0.5735764363510479358, -1.051347561198064711E-16, 0.8191520442889905773 ) ) ;
#237 = FACE_OUTER_BOUND ( 'NONE', #2860, .T. ) ;
#238 = LINE ( 'NONE', #11922, #6326 ) ;
#239 = ORIENTED_EDGE ( 'NONE', *, *, #4878, .F. ) ;
#240 = VERTEX_POINT ( 'NONE', #3730 ) ;
#241 = DIRECTION ( 'NONE',  ( -0.000000000000000000, -0.000000000000000000, 1.000000000000000000 ) ) ;
#242 = CONICAL_SURFACE ( 'NONE', #1889, 2.000000000000001776, 0.7853981633974491672 ) ;
#243 = ORIENTED_EDGE ( 'NONE', *, *, #1095, .F. ) ;
#244 = EDGE_LOOP ( 'NONE', ( #11138, #10862, #7950 ) ) ;
#245 = LINE ( 'NONE', #3222, #3878 ) ;
#246 = ORIENTED_EDGE ( 'NONE', *, *, #4310, .T. ) ;
#247 = CARTESIAN_POINT ( 'NONE',  ( 10.49999999999999289, 10.99999999999999289, 4.000000000000000000 ) ) ;
#248 = EDGE_LOOP ( 'NONE', ( #1222, #7278, #9966, #5967 ) ) ;
#249 = VECTOR ( 'NONE', #2669, 1000.000000000000000 ) ;
#250 = CYLINDRICAL_SURFACE ( 'NONE', #2998, 1.499999999999997780 ) ;
#251 = CARTESIAN_POINT ( 'NONE',  ( -45.00000000000002132, 40.99999999999999289, 4.000000000000000000 ) ) ;
#252 = CARTESIAN_POINT ( 'NONE',  ( -45.00000000000002132, -55.00000000000000711, 25.00000000000000000 ) ) ;
#253 = CARTESIAN_POINT ( 'NONE',  ( 3.794117647058816711, 28.43855504194069184, 4.000000000000000000 ) ) ;
#254 = CARTESIAN_POINT ( 'NONE',  ( -63.19026384250660300, -21.50000000000000000, 38.79253846514421156 ) ) ;
#255 = DIRECTION ( 'NONE',  ( -1.541976423090498592E-16, 1.000000000000000000, 0.000000000000000000 ) ) ;
#256 = VECTOR ( 'NONE', #7778, 1000.000000000000114 ) ;
#257 = EDGE_LOOP ( 'NONE', ( #9679, #12420, #8724, #686 ) ) ;
#258 = EDGE_CURVE ( 'NONE', #9149, #11897, #3537, .T. ) ;
#259 = CARTESIAN_POINT ( 'NONE',  ( -52.61912234280848821, 19.40000000000003411, 60.68913562984904075 ) ) ;
#260 = CARTESIAN_POINT ( 'NONE',  ( -40.50000000000000000, -42.50000000000000711, 12.50000000000000000 ) ) ;
#261 = VERTEX_POINT ( 'NONE', #11406 ) ;
#262 = CARTESIAN_POINT ( 'NONE',  ( -7.999999999999968914, 19.50000000000000000, 2.500000000000000000 ) ) ;
#263 = FACE_OUTER_BOUND ( 'NONE', #3288, .T. ) ;
#264 = AXIS2_PLACEMENT_3D ( 'NONE', #6614, #8625, #10714 ) ;
#265 = AXIS2_PLACEMENT_3D ( 'NONE', #7493, #2638, #691 ) ;
#266 = VECTOR ( 'NONE', #440, 1000.000000000000114 ) ;
#267 = CARTESIAN_POINT ( 'NONE',  ( 40.49999999999998579, -49.49999999999998579, 12.50000000000000000 ) ) ;
#268 = CARTESIAN_POINT ( 'NONE',  ( -6.500000000000005329, 57.49999999999999289, 14.10000000000000142 ) ) ;
#269 = ORIENTED_EDGE ( 'NONE', *, *, #11451, .T. ) ;
#270 = PLANE ( 'NONE',  #12336 ) ;
#271 = VECTOR ( 'NONE', #3949, 1000.000000000000000 ) ;
#272 = DIRECTION ( 'NONE',  ( -0.000000000000000000, -0.000000000000000000, 1.000000000000000000 ) ) ;
#273 = ORIENTED_EDGE ( 'NONE', *, *, #5576, .T. ) ;
#274 = DIRECTION ( 'NONE',  ( 0.000000000000000000, -1.000000000000000000, 0.000000000000000000 ) ) ;
#275 = ORIENTED_EDGE ( 'NONE', *, *, #8654, .F. ) ;
#276 = CARTESIAN_POINT ( 'NONE',  ( 7.677124344467725514, 55.00000000000000000, 12.50000000000000000 ) ) ;
#277 = EDGE_CURVE ( 'NONE', #5132, #11235, #9542, .T. ) ;
#278 = ORIENTED_EDGE ( 'NONE', *, *, #4873, .F. ) ;
#279 = DIRECTION ( 'NONE',  ( 0.000000000000000000, 0.000000000000000000, 1.000000000000000000 ) ) ;
#280 = LINE ( 'NONE', #4228, #7305 ) ;
#281 = VECTOR ( 'NONE', #11829, 1000.000000000000000 ) ;
#282 = CARTESIAN_POINT ( 'NONE',  ( 30.40000000000000213, 61.25000000000001421, 0.000000000000000000 ) ) ;
#283 = VECTOR ( 'NONE', #8804, 1000.000000000000000 ) ;
#284 = EDGE_LOOP ( 'NONE', ( #1005, #5033, #11981, #8180 ) ) ;
#285 = ADVANCED_FACE ( 'NONE', ( #12507 ), #3668, .F. ) ;
#286 = FACE_OUTER_BOUND ( 'NONE', #284, .T. ) ;
#287 = DIRECTION ( 'NONE',  ( 0.000000000000000000, 0.000000000000000000, -1.000000000000000000 ) ) ;
#288 = ADVANCED_FACE ( 'NONE', ( #7628 ), #12385, .T. ) ;
#289 = VERTEX_POINT ( 'NONE', #11599 ) ;
#290 = AXIS2_PLACEMENT_3D ( 'NONE', #9860, #4924, #7848 ) ;
#291 = VECTOR ( 'NONE', #8324, 1000.000000000000114 ) ;
#292 = LINE ( 'NONE', #7358, #12394 ) ;
#293 = VECTOR ( 'NONE', #7395, 1000.000000000000000 ) ;
#294 = AXIS2_PLACEMENT_3D ( 'NONE', #3633, #6673, #5709 ) ;
#295 = ORIENTED_EDGE ( 'NONE', *, *, #7283, .T. ) ;
#296 = CYLINDRICAL_SURFACE ( 'NONE', #12486, 2.999999999999999112 ) ;
#297 = ORIENTED_EDGE ( 'NONE', *, *, #9650, .T. ) ;
#298 = CARTESIAN_POINT ( 'NONE',  ( -26.24999999999998934, 61.25000000000001421, 45.15564437074637993 ) ) ;
#299 = CARTESIAN_POINT ( 'NONE',  ( -50.43953188467452975, 21.50000000000000000, 63.80191339814724216 ) ) ;
#300 = DIRECTION ( 'NONE',  ( -0.000000000000000000, -0.000000000000000000, -1.000000000000000000 ) ) ;
#301 = EDGE_CURVE ( 'NONE', #10306, #2851, #7070, .T. ) ;
#302 = LINE ( 'NONE', #4247, #9232 ) ;
#303 = ORIENTED_EDGE ( 'NONE', *, *, #11805, .F. ) ;
#304 = ORIENTED_EDGE ( 'NONE', *, *, #12048, .T. ) ;
#305 = VECTOR ( 'NONE', #2852, 1000.000000000000114 ) ;
#306 = VECTOR ( 'NONE', #1559, 1000.000000000000114 ) ;
#307 = CIRCLE ( 'NONE', #12728, 1.500000000000000000 ) ;
#308 = CARTESIAN_POINT ( 'NONE',  ( -12.49999999999999822, 53.50000000000000000, 12.50000000000000000 ) ) ;
#309 = ADVANCED_FACE ( 'NONE', ( #6720 ), #5745, .T. ) ;
#310 = EDGE_CURVE ( 'NONE', #1212, #6893, #10556, .T. ) ;
#311 = ORIENTED_EDGE ( 'NONE', *, *, #4066, .F. ) ;
#312 = ORIENTED_EDGE ( 'NONE', *, *, #1239, .F. ) ;
#313 = CARTESIAN_POINT ( 'NONE',  ( 44.99999999999997868, 53.50000000000000711, 25.00000000000000000 ) ) ;
#314 = ORIENTED_EDGE ( 'NONE', *, *, #3684, .F. ) ;
#315 = VECTOR ( 'NONE', #7450, 1000.000000000000000 ) ;
#316 = DIRECTION ( 'NONE',  ( 0.000000000000000000, 0.000000000000000000, 1.000000000000000000 ) ) ;
#317 = AXIS2_PLACEMENT_3D ( 'NONE', #11814, #12581, #2780 ) ;
#318 = VECTOR ( 'NONE', #9948, 1000.000000000000000 ) ;
#319 = EDGE_LOOP ( 'NONE', ( #6202, #11396, #1979, #6222 ) ) ;
#320 = DIRECTION ( 'NONE',  ( 1.000000000000000000, 0.000000000000000000, 0.000000000000000000 ) ) ;
#321 = EDGE_CURVE ( 'NONE', #9411, #7458, #6032, .T. ) ;
#322 = CARTESIAN_POINT ( 'NONE',  ( 4.499999999999993783, 29.71110255092798269, 12.00000000000000000 ) ) ;
#323 = DIRECTION ( 'NONE',  ( -0.8191520442889907994, -0.000000000000000000, 0.5735764363510478248 ) ) ;
#324 = CARTESIAN_POINT ( 'NONE',  ( 6.999999999999999112, 53.50000000000000000, 12.50000000000000000 ) ) ;
#325 = LINE ( 'NONE', #12137, #2079 ) ;
#326 = CIRCLE ( 'NONE', #9219, 1.500000000000001332 ) ;
#327 = CIRCLE ( 'NONE', #7559, 2.300000000000003375 ) ;
#328 = VECTOR ( 'NONE', #9469, 1000.000000000000000 ) ;
#329 = DIRECTION ( 'NONE',  ( -0.000000000000000000, -0.000000000000000000, 1.000000000000000000 ) ) ;
#330 = EDGE_LOOP ( 'NONE', ( #6965, #11408, #2127, #10052 ) ) ;
#331 = FACE_OUTER_BOUND ( 'NONE', #1218, .T. ) ;
#332 = DIRECTION ( 'NONE',  ( -0.000000000000000000, 0.000000000000000000, 1.000000000000000000 ) ) ;
#333 = EDGE_CURVE ( 'NONE', #7561, #8818, #5495, .T. ) ;
#334 = ADVANCED_FACE ( 'NONE', ( #8602 ), #12570, .T. ) ;
#335 = ORIENTED_EDGE ( 'NONE', *, *, #12824, .T. ) ;
#336 = DIRECTION ( 'NONE',  ( -1.000000000000000000, 0.000000000000000000, 0.000000000000000000 ) ) ;
#337 = DIRECTION ( 'NONE',  ( -0.000000000000000000, -0.000000000000000000, 1.000000000000000000 ) ) ;
#338 = VECTOR ( 'NONE', #8508, 1000.000000000000000 ) ;
#339 = CIRCLE ( 'NONE', #9644, 8.499999999999998224 ) ;
#340 = ORIENTED_EDGE ( 'NONE', *, *, #4219, .F. ) ;
#341 = CARTESIAN_POINT ( 'NONE',  ( 29.99999999999998579, 62.50000000000001421, 45.15564437074637993 ) ) ;
#342 = LINE ( 'NONE', #7147, #8567 ) ;
#343 = ORIENTED_EDGE ( 'NONE', *, *, #9903, .F. ) ;
#344 = CIRCLE ( 'NONE', #11115, 2.999999999999999112 ) ;
#345 = DIRECTION ( 'NONE',  ( 1.000000000000000000, 0.000000000000000000, 0.000000000000000000 ) ) ;
#346 = CARTESIAN_POINT ( 'NONE',  ( 31.99999999999998579, -53.49999999999999289, 11.99999999999998224 ) ) ;
#347 = ORIENTED_EDGE ( 'NONE', *, *, #8485, .F. ) ;
#348 = ORIENTED_EDGE ( 'NONE', *, *, #7359, .F. ) ;
#349 = CARTESIAN_POINT ( 'NONE',  ( -15.50000000000000355, 57.49999999999999289, -7.896078054371140631 ) ) ;
#350 = ORIENTED_EDGE ( 'NONE', *, *, #12778, .F. ) ;
#351 = FACE_OUTER_BOUND ( 'NONE', #12634, .T. ) ;
#352 = DIRECTION ( 'NONE',  ( 1.000000000000000000, 0.000000000000000000, 0.000000000000000000 ) ) ;
#353 = DIRECTION ( 'NONE',  ( 0.5735764363510481578, 0.000000000000000000, 0.8191520442889904663 ) ) ;
#354 = EDGE_LOOP ( 'NONE', ( #120, #7500 ) ) ;
#355 = CARTESIAN_POINT ( 'NONE',  ( 40.49999999999998579, -49.49999999999998579, 12.00000000000003197 ) ) ;
#356 = ADVANCED_FACE ( 'NONE', ( #1731 ), #4707, .F. ) ;
#357 = DIRECTION ( 'NONE',  ( 1.000000000000000000, 0.000000000000000000, 0.000000000000000000 ) ) ;
#358 = EDGE_LOOP ( 'NONE', ( #7349, #6158, #8763, #11458 ) ) ;
#359 = CARTESIAN_POINT ( 'NONE',  ( 43.49999999999997868, 55.00000000000000711, 25.00000000000000000 ) ) ;
#360 = ORIENTED_EDGE ( 'NONE', *, *, #6960, .T. ) ;
#361 = EDGE_CURVE ( 'NONE', #6411, #8188, #8506, .T. ) ;
#362 = DIRECTION ( 'NONE',  ( -0.8191520442889905773, -0.000000000000000000, 0.5735764363510477137 ) ) ;
#363 = VERTEX_POINT ( 'NONE', #3090 ) ;
#364 = DIRECTION ( 'NONE',  ( -1.000000000000000000, -2.973811673103103088E-16, 0.000000000000000000 ) ) ;
#365 = DIRECTION ( 'NONE',  ( -0.000000000000000000, -0.000000000000000000, 1.000000000000000000 ) ) ;
#366 = LINE ( 'NONE', #6200, #11026 ) ;
#367 = CIRCLE ( 'NONE', #4286, 4.500000000000000888 ) ;
#368 = DIRECTION ( 'NONE',  ( -0.000000000000000000, -0.000000000000000000, 1.000000000000000000 ) ) ;
#369 = ORIENTED_EDGE ( 'NONE', *, *, #2973, .T. ) ;
#370 = ORIENTED_EDGE ( 'NONE', *, *, #2180, .F. ) ;
#371 = DIRECTION ( 'NONE',  ( -1.000000000000000000, 0.000000000000000000, 0.000000000000000000 ) ) ;
#372 = ORIENTED_EDGE ( 'NONE', *, *, #7630, .F. ) ;
#373 = ORIENTED_EDGE ( 'NONE', *, *, #7439, .T. ) ;
#374 = DIRECTION ( 'NONE',  ( 0.000000000000000000, 0.000000000000000000, 1.000000000000000000 ) ) ;
#375 = VECTOR ( 'NONE', #1676, 1000.000000000000000 ) ;
#376 = ORIENTED_EDGE ( 'NONE', *, *, #770, .T. ) ;
#377 = ADVANCED_FACE ( 'NONE', ( #12692 ), #10882, .F. ) ;
#378 = LINE ( 'NONE', #2444, #10016 ) ;
#379 = EDGE_LOOP ( 'NONE', ( #7729, #8711, #1275, #1926 ) ) ;
#380 = EDGE_CURVE ( 'NONE', #3326, #11270, #8022, .T. ) ;
#381 = DIRECTION ( 'NONE',  ( -1.000000000000000000, 0.000000000000000000, 0.000000000000000000 ) ) ;
#382 = DIRECTION ( 'NONE',  ( 1.000000000000000000, 0.000000000000000000, 0.000000000000000000 ) ) ;
#383 = EDGE_CURVE ( 'NONE', #1158, #2689, #4363, .T. ) ;
#384 = DIRECTION ( 'NONE',  ( -2.523234146875347419E-15, 1.000000000000000000, -0.000000000000000000 ) ) ;
#385 = VECTOR ( 'NONE', #2752, 1000.000000000000000 ) ;
#386 = CARTESIAN_POINT ( 'NONE',  ( -34.99999999999999289, 62.50000000000001421, 0.4000000000000114575 ) ) ;
#387 = AXIS2_PLACEMENT_3D ( 'NONE', #11554, #11754, #912 ) ;
#388 = DIRECTION ( 'NONE',  ( -0.000000000000000000, -0.000000000000000000, 1.000000000000000000 ) ) ;
#389 = CYLINDRICAL_SURFACE ( 'NONE', #5467, 1.500000000000001332 ) ;
#390 = VERTEX_POINT ( 'NONE', #8920 ) ;
#391 = EDGE_CURVE ( 'NONE', #12007, #1072, #6788, .T. ) ;
#392 = LINE ( 'NONE', #4332, #10330 ) ;
#393 = EDGE_LOOP ( 'NONE', ( #3694, #11052, #2497, #8030, #9100, #167, #7951, #2306, #2362, #1044, #2676, #2176, #1573 ) ) ;
#394 = CIRCLE ( 'NONE', #6991, 2.299999999999996270 ) ;
#395 = FACE_OUTER_BOUND ( 'NONE', #9599, .T. ) ;
#396 = CARTESIAN_POINT ( 'NONE',  ( -62.61668740615555606, -21.50000000000000000, 39.61169050943319547 ) ) ;
#397 = ADVANCED_FACE ( 'NONE', ( #6011 ), #2955, .F. ) ;
#398 = DIRECTION ( 'NONE',  ( 1.000000000000000000, -0.000000000000000000, -0.000000000000000000 ) ) ;
#399 = CARTESIAN_POINT ( 'NONE',  ( -0.4529868602934395971, 19.49999999999999645, 4.000000000000000000 ) ) ;
#400 = CIRCLE ( 'NONE', #5362, 1.500000000000001332 ) ;
#401 = ADVANCED_FACE ( 'NONE', ( #11002 ), #1991, .T. ) ;
#402 = CARTESIAN_POINT ( 'NONE',  ( -40.50000000000002132, 42.99999999999997868, 12.50000000000000000 ) ) ;
#403 = ORIENTED_EDGE ( 'NONE', *, *, #9398, .F. ) ;
#404 = DIRECTION ( 'NONE',  ( 0.8191520442889911324, 0.000000000000000000, -0.5735764363510471586 ) ) ;
#405 = CARTESIAN_POINT ( 'NONE',  ( -64.77172030349572651, 14.49999999999999822, 36.35963989307107624 ) ) ;
#406 = ORIENTED_EDGE ( 'NONE', *, *, #6751, .T. ) ;
#407 = VERTEX_POINT ( 'NONE', #4907 ) ;
#408 = CARTESIAN_POINT ( 'NONE',  ( 21.49999999999999289, 12.49999999999999467, 4.000000000000000000 ) ) ;
#409 = VERTEX_POINT ( 'NONE', #52 ) ;
#410 = DIRECTION ( 'NONE',  ( 0.000000000000000000, 0.000000000000000000, -1.000000000000000000 ) ) ;
#411 = DIRECTION ( 'NONE',  ( -1.000000000000000000, 0.000000000000000000, 0.000000000000000000 ) ) ;
#412 = DIRECTION ( 'NONE',  ( -0.000000000000000000, -0.000000000000000000, 1.000000000000000000 ) ) ;
#413 = ORIENTED_EDGE ( 'NONE', *, *, #4376, .T. ) ;
#414 = FACE_OUTER_BOUND ( 'NONE', #9884, .T. ) ;
#415 = CARTESIAN_POINT ( 'NONE',  ( -43.50000000000002132, -42.50000000000000711, 2.500000000000000000 ) ) ;
#416 = VERTEX_POINT ( 'NONE', #6072 ) ;
#417 = ADVANCED_FACE ( 'NONE', ( #11801 ), #9339, .F. ) ;
#418 = CARTESIAN_POINT ( 'NONE',  ( 29.99999999999998579, -61.25000000000001421, 25.00000000000000000 ) ) ;
#419 = ORIENTED_EDGE ( 'NONE', *, *, #7409, .T. ) ;
#420 = CYLINDRICAL_SURFACE ( 'NONE', #4609, 1.500000000000001332 ) ;
#421 = ORIENTED_EDGE ( 'NONE', *, *, #8038, .T. ) ;
#422 = CARTESIAN_POINT ( 'NONE',  ( -45.00000000000002132, -42.12305554938397023, 12.36783142304525462 ) ) ;
#423 = DIRECTION ( 'NONE',  ( 1.000000000000000000, 0.000000000000000000, 0.000000000000000000 ) ) ;
#424 = EDGE_CURVE ( 'NONE', #7787, #10891, #5821, .T. ) ;
#425 = DIRECTION ( 'NONE',  ( -0.000000000000000000, -0.000000000000000000, 1.000000000000000000 ) ) ;
#426 = DIRECTION ( 'NONE',  ( 0.2495670992423118240, 0.6616012870118831435, 0.7071067811865461294 ) ) ;
#427 = ORIENTED_EDGE ( 'NONE', *, *, #11404, .T. ) ;
#428 = DIRECTION ( 'NONE',  ( -0.000000000000000000, 1.000000000000000000, 0.000000000000000000 ) ) ;
#429 = EDGE_CURVE ( 'NONE', #1014, #5585, #3864, .T. ) ;
#430 = VERTEX_POINT ( 'NONE', #9906 ) ;
#431 = ORIENTED_EDGE ( 'NONE', *, *, #12824, .F. ) ;
#432 = CARTESIAN_POINT ( 'NONE',  ( -40.50000000000000000, -49.49999999999999289, 12.50000000000000000 ) ) ;
#433 = ORIENTED_EDGE ( 'NONE', *, *, #9541, .T. ) ;
#434 = CARTESIAN_POINT ( 'NONE',  ( -21.99999999999996803, -55.00000000000000711, 2.500000000000000000 ) ) ;
#435 = ORIENTED_EDGE ( 'NONE', *, *, #5947, .T. ) ;
#436 = CARTESIAN_POINT ( 'NONE',  ( 21.49999999999999289, 8.000000000000001776, 12.00000000000000000 ) ) ;
#437 = FACE_OUTER_BOUND ( 'NONE', #2336, .T. ) ;
#438 = ADVANCED_FACE ( 'NONE', ( #12833 ), #4838, .F. ) ;
#439 = CARTESIAN_POINT ( 'NONE',  ( -52.44704941190320113, -21.50000000000000000, 60.93488124313577714 ) ) ;
#440 = DIRECTION ( 'NONE',  ( 0.7071067811865474617, 0.000000000000000000, 0.7071067811865474617 ) ) ;
#441 = DIRECTION ( 'NONE',  ( -0.000000000000000000, -0.000000000000000000, -1.000000000000000000 ) ) ;
#442 = EDGE_CURVE ( 'NONE', #2304, #9622, #10583, .T. ) ;
#443 = CARTESIAN_POINT ( 'NONE',  ( -32.00000000000002132, 49.49999999999998579, 2.500000000000000000 ) ) ;
#444 = ORIENTED_EDGE ( 'NONE', *, *, #2458, .T. ) ;
#445 = EDGE_CURVE ( 'NONE', #10710, #2024, #10754, .T. ) ;
#446 = DIRECTION ( 'NONE',  ( 1.000000000000000000, -0.000000000000000000, -0.000000000000000000 ) ) ;
#447 = AXIS2_PLACEMENT_3D ( 'NONE', #12280, #7347, #8628 ) ;
#448 = ORIENTED_EDGE ( 'NONE', *, *, #6036, .F. ) ;
#449 = FACE_OUTER_BOUND ( 'NONE', #933, .T. ) ;
#450 = DIRECTION ( 'NONE',  ( -0.7071067811865473507, 1.989137405427079323E-16, 0.7071067811865476838 ) ) ;
#451 = CARTESIAN_POINT ( 'NONE',  ( -47.49999999999999289, 30.00000000000000000, 12.50000000000000000 ) ) ;
#452 = CARTESIAN_POINT ( 'NONE',  ( -38.20000000000000995, 49.49999999999997868, 11.99999999999998934 ) ) ;
#453 = EDGE_CURVE ( 'NONE', #12372, #5300, #2054, .T. ) ;
#454 = AXIS2_PLACEMENT_3D ( 'NONE', #11162, #8241, #5177 ) ;
#455 = EDGE_CURVE ( 'NONE', #4824, #9037, #4968, .T. ) ;
#456 = EDGE_CURVE ( 'NONE', #5294, #9165, #886, .T. ) ;
#457 = CARTESIAN_POINT ( 'NONE',  ( -3.000000000000002220, -55.00000000000000000, 2.500000000000002220 ) ) ;
#458 = ADVANCED_FACE ( 'NONE', ( #2834 ), #242, .F. ) ;
#459 = ORIENTED_EDGE ( 'NONE', *, *, #7746, .F. ) ;
#460 = ADVANCED_FACE ( 'NONE', ( #4181 ), #12119, .F. ) ;
#461 = CARTESIAN_POINT ( 'NONE',  ( -45.00000000000003553, 42.32287565553225761, 12.50000000000000000 ) ) ;
#462 = DIRECTION ( 'NONE',  ( -1.176083712526648702E-16, 1.000000000000000000, 0.000000000000000000 ) ) ;
#463 = ORIENTED_EDGE ( 'NONE', *, *, #2914, .F. ) ;
#464 = AXIS2_PLACEMENT_3D ( 'NONE', #1987, #882, #10749 ) ;
#465 = EDGE_LOOP ( 'NONE', ( #9548, #7727, #11978, #4236 ) ) ;
#466 = CYLINDRICAL_SURFACE ( 'NONE', #8734, 1.499999999999999556 ) ;
#467 = VERTEX_POINT ( 'NONE', #7111 ) ;
#468 = DIRECTION ( 'NONE',  ( 0.000000000000000000, 0.000000000000000000, 1.000000000000000000 ) ) ;
#469 = FACE_OUTER_BOUND ( 'NONE', #5384, .T. ) ;
#470 = CARTESIAN_POINT ( 'NONE',  ( 44.99999999999997868, -54.99999999999999289, 14.10000000000000142 ) ) ;
#471 = ORIENTED_EDGE ( 'NONE', *, *, #6311, .T. ) ;
#472 = AXIS2_PLACEMENT_3D ( 'NONE', #10438, #6735, #1868 ) ;
#473 = VECTOR ( 'NONE', #6122, 1000.000000000000000 ) ;
#474 = LINE ( 'NONE', #10528, #8346 ) ;
#475 = AXIS2_PLACEMENT_3D ( 'NONE', #3100, #11869, #12136 ) ;
#476 = DIRECTION ( 'NONE',  ( -0.000000000000000000, -0.000000000000000000, 1.000000000000000000 ) ) ;
#477 = ORIENTED_EDGE ( 'NONE', *, *, #4915, .F. ) ;
#478 = LINE ( 'NONE', #10083, #2652 ) ;
#479 = EDGE_CURVE ( 'NONE', #8504, #1819, #9133, .T. ) ;
#480 = ORIENTED_EDGE ( 'NONE', *, *, #1871, .T. ) ;
#481 = PLANE ( 'NONE',  #5028 ) ;
#482 = VECTOR ( 'NONE', #7252, 1000.000000000000000 ) ;
#483 = EDGE_LOOP ( 'NONE', ( #3079, #3708, #4733, #556 ) ) ;
#484 = CIRCLE ( 'NONE', #9383, 2.000000000000001776 ) ;
#485 = CARTESIAN_POINT ( 'NONE',  ( -45.00000000000000711, -41.58780523721658540, 12.10797579635454646 ) ) ;
#486 = DIRECTION ( 'NONE',  ( 0.8191520442889905773, 0.000000000000000000, -0.5735764363510477137 ) ) ;
#487 = CARTESIAN_POINT ( 'NONE',  ( 32.58780523721658540, -54.99999999999999289, 12.10797579635452870 ) ) ;
#488 = CARTESIAN_POINT ( 'NONE',  ( -23.32287565553224340, -55.00000000000000711, 12.50000000000000000 ) ) ;
#489 = ORIENTED_EDGE ( 'NONE', *, *, #9956, .F. ) ;
#490 = DIRECTION ( 'NONE',  ( -0.000000000000000000, 0.000000000000000000, 1.000000000000000000 ) ) ;
#491 = VECTOR ( 'NONE', #9955, 1000.000000000000000 ) ;
#492 = AXIS2_PLACEMENT_3D ( 'NONE', #6808, #1682, #4856 ) ;
#493 = AXIS2_PLACEMENT_3D ( 'NONE', #11705, #5922, #2501 ) ;
#494 = ORIENTED_EDGE ( 'NONE', *, *, #12539, .F. ) ;
#495 = ORIENTED_EDGE ( 'NONE', *, *, #5682, .T. ) ;
#496 = LINE ( 'NONE', #4442, #10722 ) ;
#497 = VERTEX_POINT ( 'NONE', #1215 ) ;
#498 = CARTESIAN_POINT ( 'NONE',  ( 3.917194160798761260, 55.00000000000000000, 12.24680279941678407 ) ) ;
#499 = ORIENTED_EDGE ( 'NONE', *, *, #2518, .T. ) ;
#500 = DIRECTION ( 'NONE',  ( -1.000000000000000000, 0.000000000000000000, 0.000000000000000000 ) ) ;
#501 = LINE ( 'NONE', #11338, #482 ) ;
#502 = AXIS2_PLACEMENT_3D ( 'NONE', #5049, #3046, #10114 ) ;
#504 = AXIS2_PLACEMENT_3D ( 'NONE', #1872, #2850, #11816 ) ;
#503 = CARTESIAN_POINT ( 'NONE',  ( 9.000000000000001776, 53.50000000000000000, 4.000000000000000000 ) ) ;
#505 = CARTESIAN_POINT ( 'NONE',  ( 42.24999999999998579, -49.49999999999998579, 7.000000000000000888 ) ) ;
#506 = DIRECTION ( 'NONE',  ( 0.5735764363510474917, 0.000000000000000000, 0.8191520442889906883 ) ) ;
#507 = CARTESIAN_POINT ( 'NONE',  ( -29.99999999999998934, 61.25000000000001421, 0.4000000000000114575 ) ) ;
#508 = VERTEX_POINT ( 'NONE', #2242 ) ;
#509 = EDGE_CURVE ( 'NONE', #4062, #5904, #4312, .T. ) ;
#510 = VERTEX_POINT ( 'NONE', #8083 ) ;
#511 = VECTOR ( 'NONE', #8549, 1000.000000000000114 ) ;
#512 = CIRCLE ( 'NONE', #6936, 1.000000000000000000 ) ;
#513 = DIRECTION ( 'NONE',  ( 0.000000000000000000, 0.000000000000000000, 1.000000000000000000 ) ) ;
#514 = EDGE_LOOP ( 'NONE', ( #10589, #11214, #4480, #1918 ) ) ;
#515 = CARTESIAN_POINT ( 'NONE',  ( 2.999999999999992450, 29.71110255092798269, 4.000000000000000000 ) ) ;
#516 = PLANE ( 'NONE',  #8994 ) ;
#517 = DIRECTION ( 'NONE',  ( 1.541976423090498592E-16, -1.000000000000000000, 0.000000000000000000 ) ) ;
#518 = ADVANCED_FACE ( 'NONE', ( #6142 ), #5156, .F. ) ;
#519 = CARTESIAN_POINT ( 'NONE',  ( -40.50000000000000000, -43.00000000000000000, 12.50000000000000000 ) ) ;
#520 = CONICAL_SURFACE ( 'NONE', #1973, 3.749999999999996447, 0.7853981633974439491 ) ;
#521 = AXIS2_PLACEMENT_3D ( 'NONE', #12383, #3294, #7312 ) ;
#522 = CARTESIAN_POINT ( 'NONE',  ( 27.50000000000000711, 8.000000000000005329, 12.50000000000000000 ) ) ;
#523 = AXIS2_PLACEMENT_3D ( 'NONE', #5393, #476, #12356 ) ;
#524 = AXIS2_PLACEMENT_3D ( 'NONE', #1155, #9365, #2561 ) ;
#525 = DIRECTION ( 'NONE',  ( -0.5792279653395125960, -0.7071067811866159625, 0.4055797876726003337 ) ) ;
#526 = ORIENTED_EDGE ( 'NONE', *, *, #11081, .F. ) ;
#527 = CARTESIAN_POINT ( 'NONE',  ( -45.00000000000002132, 41.47186463297443737, 12.06839257535535026 ) ) ;
#528 = DIRECTION ( 'NONE',  ( -0.000000000000000000, -0.000000000000000000, 1.000000000000000000 ) ) ;
#529 = ORIENTED_EDGE ( 'NONE', *, *, #453, .T. ) ;
#530 = AXIS2_PLACEMENT_3D ( 'NONE', #8016, #11256, #8076 ) ;
#531 = AXIS2_PLACEMENT_3D ( 'NONE', #10022, #12178, #12112 ) ;
#532 = VERTEX_POINT ( 'NONE', #9114 ) ;
#533 = CARTESIAN_POINT ( 'NONE',  ( -40.50000000000002132, 49.49999999999997868, 19.00538238691625281 ) ) ;
#534 = EDGE_CURVE ( 'NONE', #3435, #4759, #7301, .T. ) ;
#535 = EDGE_LOOP ( 'NONE', ( #4495, #11507 ) ) ;
#536 = EDGE_CURVE ( 'NONE', #11071, #2033, #1342, .T. ) ;
#537 = DIRECTION ( 'NONE',  ( 5.626130192357212171E-16, 1.000000000000000000, 0.000000000000000000 ) ) ;
#538 = EDGE_CURVE ( 'NONE', #1715, #12027, #8145, .T. ) ;
#539 = EDGE_CURVE ( 'NONE', #7455, #2469, #9837, .T. ) ;
#540 = FACE_OUTER_BOUND ( 'NONE', #2359, .T. ) ;
#541 = DIRECTION ( 'NONE',  ( 0.8191520442889906883, -0.000000000000000000, -0.5735764363510477137 ) ) ;
#542 = ORIENTED_EDGE ( 'NONE', *, *, #4558, .F. ) ;
#543 = VECTOR ( 'NONE', #5988, 1000.000000000000000 ) ;
#544 = CYLINDRICAL_SURFACE ( 'NONE', #6486, 1.500000000000001332 ) ;
#545 = CARTESIAN_POINT ( 'NONE',  ( -0.4529868602934395971, 19.49999999999999645, 12.50000000000000000 ) ) ;
#546 = EDGE_CURVE ( 'NONE', #3997, #8610, #3281, .T. ) ;
#547 = LINE ( 'NONE', #9426, #11361 ) ;
#548 = VERTEX_POINT ( 'NONE', #12051 ) ;
#549 = DIRECTION ( 'NONE',  ( -0.000000000000000000, -0.000000000000000000, -1.000000000000000000 ) ) ;
#550 = AXIS2_PLACEMENT_3D ( 'NONE', #1884, #2795, #6750 ) ;
#551 = VERTEX_POINT ( 'NONE', #1272 ) ;
#552 = DIRECTION ( 'NONE',  ( 1.000000000000000000, 0.000000000000000000, 0.000000000000000000 ) ) ;
#553 = CARTESIAN_POINT ( 'NONE',  ( 44.99999999999999289, -41.58670923590414503, 12.10755915920904968 ) ) ;
#554 = CARTESIAN_POINT ( 'NONE',  ( -64.74665272665568239, -19.79999999999999716, 39.88233369421119789 ) ) ;
#555 = FACE_OUTER_BOUND ( 'NONE', #7576, .T. ) ;
#556 = ORIENTED_EDGE ( 'NONE', *, *, #1780, .F. ) ;
#557 = EDGE_CURVE ( 'NONE', #10348, #6412, #4652, .T. ) ;
#558 = CARTESIAN_POINT ( 'NONE',  ( -64.86995054667089278, 14.49999999999999822, 36.91673128532705306 ) ) ;
#559 = EDGE_LOOP ( 'NONE', ( #2189, #4188, #5936 ) ) ;
#560 = DIRECTION ( 'NONE',  ( 0.1736481776669141774, 0.000000000000000000, -0.9848077530122109069 ) ) ;
#561 = ORIENTED_EDGE ( 'NONE', *, *, #9380, .T. ) ;
#562 = DIRECTION ( 'NONE',  ( 0.000000000000000000, 1.000000000000000000, 0.000000000000000000 ) ) ;
#563 = ORIENTED_EDGE ( 'NONE', *, *, #11248, .T. ) ;
#564 = FACE_OUTER_BOUND ( 'NONE', #6304, .T. ) ;
#565 = ORIENTED_EDGE ( 'NONE', *, *, #5684, .F. ) ;
#566 = DIRECTION ( 'NONE',  ( -0.7071067811865376918, 8.659560562354813296E-17, 0.7071067811865574537 ) ) ;
#567 = CARTESIAN_POINT ( 'NONE',  ( 44.99999999999997158, -42.49999999999998579, 17.10000000000000142 ) ) ;
#568 = DIRECTION ( 'NONE',  ( 1.000000000000000000, 0.000000000000000000, 0.000000000000000000 ) ) ;
#569 = CARTESIAN_POINT ( 'NONE',  ( -43.74999999999999289, -61.25000000000001421, 0.4000000000000114575 ) ) ;
#570 = ORIENTED_EDGE ( 'NONE', *, *, #7276, .F. ) ;
#571 = CARTESIAN_POINT ( 'NONE',  ( 8.999999999999994671, 10.99999999999999467, 12.50000000000000000 ) ) ;
#572 = AXIS2_PLACEMENT_3D ( 'NONE', #2247, #8217, #9118 ) ;
#573 = VECTOR ( 'NONE', #8831, 1000.000000000000000 ) ;
#574 = ORIENTED_EDGE ( 'NONE', *, *, #4321, .F. ) ;
#575 = ORIENTED_EDGE ( 'NONE', *, *, #2663, .F. ) ;
#576 = DIRECTION ( 'NONE',  ( -1.000000000000000000, 0.000000000000000000, 0.000000000000000000 ) ) ;
#577 = ORIENTED_EDGE ( 'NONE', *, *, #8238, .F. ) ;
#578 = CARTESIAN_POINT ( 'NONE',  ( 9.249999999999992895, 22.50000000000000355, 19.00538238691625281 ) ) ;
#579 = ADVANCED_FACE ( 'NONE', ( #8331 ), #7562, .F. ) ;
#580 = DIRECTION ( 'NONE',  ( -1.000000000000000000, 0.000000000000000000, 0.000000000000000000 ) ) ;
#581 = DIRECTION ( 'NONE',  ( -1.000000000000000000, 0.000000000000000000, 0.000000000000000000 ) ) ;
#582 = LINE ( 'NONE', #5433, #3567 ) ;
#583 = VECTOR ( 'NONE', #1785, 1000.000000000000000 ) ;
#584 = AXIS2_PLACEMENT_3D ( 'NONE', #7214, #7921, #4995 ) ;
#585 = CARTESIAN_POINT ( 'NONE',  ( -43.50000000000002132, 54.99999999999999289, 12.50000000000000000 ) ) ;
#586 = EDGE_CURVE ( 'NONE', #1391, #1212, #5095, .T. ) ;
#587 = DIRECTION ( 'NONE',  ( -0.000000000000000000, -0.000000000000000000, -1.000000000000000000 ) ) ;
#588 = CARTESIAN_POINT ( 'NONE',  ( 2.999999999999997335, 53.50000000000000000, 4.000000000000000000 ) ) ;
#589 = EDGE_LOOP ( 'NONE', ( #2352, #1265, #10153, #12435 ) ) ;
#590 = EDGE_CURVE ( 'NONE', #10746, #11642, #6729, .T. ) ;
#591 = CIRCLE ( 'NONE', #10742, 2.000000000000000000 ) ;
#592 = CYLINDRICAL_SURFACE ( 'NONE', #4845, 1.500000000000001332 ) ;
#594 = DIRECTION ( 'NONE',  ( 0.000000000000000000, 0.000000000000000000, -1.000000000000000000 ) ) ;
#593 = AXIS2_PLACEMENT_3D ( 'NONE', #5768, #6814, #9596 ) ;
#595 = ORIENTED_EDGE ( 'NONE', *, *, #10174, .F. ) ;
#596 = ORIENTED_EDGE ( 'NONE', *, *, #1891, .F. ) ;
#597 = LINE ( 'NONE', #6301, #913 ) ;
#598 = ORIENTED_EDGE ( 'NONE', *, *, #4097, .F. ) ;
#599 = PLANE ( 'NONE',  #7374 ) ;
#600 = VECTOR ( 'NONE', #8479, 1000.000000000000000 ) ;
#601 = CYLINDRICAL_SURFACE ( 'NONE', #2515, 1.500000000000000000 ) ;
#602 = CARTESIAN_POINT ( 'NONE',  ( 27.50000000000000711, 10.50000000000002309, 12.50000000000000000 ) ) ;
#603 = ORIENTED_EDGE ( 'NONE', *, *, #8319, .T. ) ;
#604 = DIRECTION ( 'NONE',  ( -0.000000000000000000, 1.000000000000000000, 0.000000000000000000 ) ) ;
#605 = DIRECTION ( 'NONE',  ( 0.000000000000000000, 0.000000000000000000, 1.000000000000000000 ) ) ;
#606 = ADVANCED_FACE ( 'NONE', ( #2179 ), #2302, .T. ) ;
#607 = DIRECTION ( 'NONE',  ( -0.000000000000000000, -1.000000000000000000, -0.000000000000000000 ) ) ;
#608 = EDGE_LOOP ( 'NONE', ( #10578, #4765 ) ) ;
#609 = LINE ( 'NONE', #3330, #9384 ) ;
#610 = ORIENTED_EDGE ( 'NONE', *, *, #2148, .T. ) ;
#611 = LINE ( 'NONE', #10279, #9855 ) ;
#612 = DIRECTION ( 'NONE',  ( 0.7071067811865474617, 0.000000000000000000, -0.7071067811865474617 ) ) ;
#613 = CARTESIAN_POINT ( 'NONE',  ( 26.00000000000000355, 6.500000000000002665, 12.00000000000000000 ) ) ;
#614 = CARTESIAN_POINT ( 'NONE',  ( 34.99999999999999289, -62.50000000000001421, 25.00000000000000000 ) ) ;
#615 = VERTEX_POINT ( 'NONE', #5289 ) ;
#616 = ADVANCED_FACE ( 'NONE', ( #9249 ), #10029, .F. ) ;
#617 = FACE_OUTER_BOUND ( 'NONE', #10549, .T. ) ;
#618 = ADVANCED_FACE ( 'NONE', ( #6636 ), #4692, .F. ) ;
#619 = EDGE_CURVE ( 'NONE', #9775, #8636, #9625, .T. ) ;
#620 = EDGE_LOOP ( 'NONE', ( #8960, #5450, #4056, #9231 ) ) ;
#621 = EDGE_CURVE ( 'NONE', #7024, #2425, #5663, .T. ) ;
#622 = LINE ( 'NONE', #11525, #3680 ) ;
#623 = EDGE_CURVE ( 'NONE', #11792, #6148, #10347, .T. ) ;
#624 = EDGE_LOOP ( 'NONE', ( #435, #11381, #4249, #6609 ) ) ;
#625 = CARTESIAN_POINT ( 'NONE',  ( 31.99999999999997868, -49.49999999999998579, 4.000000000000000000 ) ) ;
#626 = VERTEX_POINT ( 'NONE', #12620 ) ;
#627 = EDGE_LOOP ( 'NONE', ( #7780, #12659 ) ) ;
#628 = DIRECTION ( 'NONE',  ( 0.000000000000000000, 0.000000000000000000, -1.000000000000000000 ) ) ;
#629 = CARTESIAN_POINT ( 'NONE',  ( 39.99999999999999289, -62.50000000000001421, 45.15564437074637993 ) ) ;
#630 = LINE ( 'NONE', #12382, #11230 ) ;
#631 = LINE ( 'NONE', #1607, #7153 ) ;
#632 = VERTEX_POINT ( 'NONE', #11643 ) ;
#633 = DIRECTION ( 'NONE',  ( -0.5735764363510477137, 4.796251340812863124E-15, -0.8191520442889906883 ) ) ;
#634 = VERTEX_POINT ( 'NONE', #9554 ) ;
#635 = ORIENTED_EDGE ( 'NONE', *, *, #1667, .T. ) ;
#636 = DIRECTION ( 'NONE',  ( 0.8191520442889905773, 0.000000000000000000, -0.5735764363510477137 ) ) ;
#637 = ORIENTED_EDGE ( 'NONE', *, *, #8290, .F. ) ;
#638 =( NAMED_UNIT ( * ) SI_UNIT ( $, .STERADIAN. ) SOLID_ANGLE_UNIT ( ) );
#639 = CARTESIAN_POINT ( 'NONE',  ( -33.12295345520783485, -55.00000000000000711, 12.36776389409516419 ) ) ;
#640 = EDGE_CURVE ( 'NONE', #2830, #8513, #4248, .T. ) ;
#641 = CARTESIAN_POINT ( 'NONE',  ( 8.999999999999992895, 12.49999999999999289, 12.50000000000000000 ) ) ;
#642 = FACE_BOUND ( 'NONE', #4541, .T. ) ;
#643 = CIRCLE ( 'NONE', #10372, 1.500000000000001332 ) ;
#644 = CARTESIAN_POINT ( 'NONE',  ( -62.61668740615555606, 21.49999999999998934, 39.61169050943319547 ) ) ;
#645 = AXIS2_PLACEMENT_3D ( 'NONE', #7871, #3849, #8904 ) ;
#646 = CARTESIAN_POINT ( 'NONE',  ( 43.49999999999997868, 53.50000000000000711, 4.000000000000000000 ) ) ;
#647 = EDGE_CURVE ( 'NONE', #10532, #10602, #10597, .T. ) ;
#648 = DIRECTION ( 'NONE',  ( 0.000000000000000000, -0.7071067811865536790, 0.7071067811865414665 ) ) ;
#649 = ORIENTED_EDGE ( 'NONE', *, *, #7322, .F. ) ;
#650 = LINE ( 'NONE', #6484, #705 ) ;
#651 = AXIS2_PLACEMENT_3D ( 'NONE', #1669, #10617, #7686 ) ;
#652 = DIRECTION ( 'NONE',  ( -1.000000000000000000, 0.000000000000000000, 0.000000000000000000 ) ) ;
#653 = ORIENTED_EDGE ( 'NONE', *, *, #12017, .T. ) ;
#654 = CARTESIAN_POINT ( 'NONE',  ( 22.99999999999999289, 6.500000000000000888, 4.000000000000000000 ) ) ;
#655 = ORIENTED_EDGE ( 'NONE', *, *, #2435, .F. ) ;
#656 = VECTOR ( 'NONE', #9082, 1000.000000000000000 ) ;
#657 = DIRECTION ( 'NONE',  ( 0.000000000000000000, 0.000000000000000000, -1.000000000000000000 ) ) ;
#658 = CARTESIAN_POINT ( 'NONE',  ( -12.49999999999999822, 53.50000000000000000, 4.000000000000000000 ) ) ;
#659 = CARTESIAN_POINT ( 'NONE',  ( -1.000000000000000888, -53.50000000000000000, 12.50000000000000000 ) ) ;
#660 = VERTEX_POINT ( 'NONE', #12556 ) ;
#661 = DIRECTION ( 'NONE',  ( -0.7071067811865474617, 0.000000000000000000, 0.7071067811865474617 ) ) ;
#662 = CARTESIAN_POINT ( 'NONE',  ( -67.41739440066554323, -21.50000000000000000, 39.55501288719311503 ) ) ;
#663 = CIRCLE ( 'NONE', #464, 6.999999999999992006 ) ;
#664 = AXIS2_PLACEMENT_3D ( 'NONE', #3683, #10705, #8735 ) ;
#665 = EDGE_CURVE ( 'NONE', #8087, #6321, #678, .T. ) ;
#666 = CARTESIAN_POINT ( 'NONE',  ( -39.99999999999999289, -61.25000000000001421, 45.15564437074637993 ) ) ;
#667 = ORIENTED_EDGE ( 'NONE', *, *, #6783, .T. ) ;
#668 = EDGE_LOOP ( 'NONE', ( #10293, #10254, #11648, #8927 ) ) ;
#669 = DIRECTION ( 'NONE',  ( 1.000000000000000000, 0.000000000000000000, 0.000000000000000000 ) ) ;
#670 = CARTESIAN_POINT ( 'NONE',  ( -46.18784376572178729, 24.99999999999999289, 62.90016612803432849 ) ) ;
#671 = EDGE_CURVE ( 'NONE', #1034, #977, #8560, .T. ) ;
#672 = VECTOR ( 'NONE', #11306, 1000.000000000000000 ) ;
#673 = CARTESIAN_POINT ( 'NONE',  ( -43.74999999999999289, 57.50000000000000711, 0.4000000000000114575 ) ) ;
#674 = DIRECTION ( 'NONE',  ( 0.8571673007021118895, 0.000000000000000000, 0.5150380749100549327 ) ) ;
#675 = VECTOR ( 'NONE', #1229, 999.9999999999998863 ) ;
#676 = ORIENTED_EDGE ( 'NONE', *, *, #11536, .T. ) ;
#677 = ADVANCED_FACE ( 'NONE', ( #8399 ), #4624, .F. ) ;
#678 = LINE ( 'NONE', #8586, #11296 ) ;
#679 = CARTESIAN_POINT ( 'NONE',  ( -32.00000000000002842, 53.49999999999999289, 4.000000000000000000 ) ) ;
#680 = ORIENTED_EDGE ( 'NONE', *, *, #12086, .T. ) ;
#681 = PLANE ( 'NONE',  #7816 ) ;
#682 = ORIENTED_EDGE ( 'NONE', *, *, #1505, .F. ) ;
#683 = AXIS2_PLACEMENT_3D ( 'NONE', #3303, #1294, #11160 ) ;
#684 = AXIS2_PLACEMENT_3D ( 'NONE', #6433, #2418, #12287 ) ;
#685 = CIRCLE ( 'NONE', #11037, 1.700000000000000178 ) ;
#686 = ORIENTED_EDGE ( 'NONE', *, *, #12709, .T. ) ;
#688 = EDGE_CURVE ( 'NONE', #289, #10366, #3584, .T. ) ;
#687 = VERTEX_POINT ( 'NONE', #7613 ) ;
#689 = CARTESIAN_POINT ( 'NONE',  ( -42.80000000000000426, -49.49999999999999289, 12.00000000000003197 ) ) ;
#690 = CARTESIAN_POINT ( 'NONE',  ( -32.00000000000002132, 49.49999999999998579, 2.500000000000000000 ) ) ;
#691 = DIRECTION ( 'NONE',  ( 1.000000000000000000, 0.000000000000000000, 0.000000000000000000 ) ) ;
#692 = DIRECTION ( 'NONE',  ( 0.000000000000000000, 1.000000000000000000, 0.000000000000000000 ) ) ;
#693 = ADVANCED_FACE ( 'NONE', ( #617 ), #3623, .F. ) ;
#694 = EDGE_CURVE ( 'NONE', #7408, #7744, #1527, .T. ) ;
#695 = VERTEX_POINT ( 'NONE', #558 ) ;
#696 = ADVANCED_FACE ( 'NONE', ( #11583 ), #12337, .F. ) ;
#697 = AXIS2_PLACEMENT_3D ( 'NONE', #9990, #6170, #9020 ) ;
#698 = CARTESIAN_POINT ( 'NONE',  ( -45.00000000000002132, 35.49999999999999289, 14.10000000000000142 ) ) ;
#699 = VERTEX_POINT ( 'NONE', #7552 ) ;
#700 = ORIENTED_EDGE ( 'NONE', *, *, #1714, .T. ) ;
#701 = CARTESIAN_POINT ( 'NONE',  ( 43.49999999999997868, -42.49999999999998579, 11.99999999999998224 ) ) ;
#702 = ORIENTED_EDGE ( 'NONE', *, *, #3432, .T. ) ;
#703 = ADVANCED_FACE ( 'NONE', ( #11522 ), #10051, .F. ) ;
#704 = DIRECTION ( 'NONE',  ( 1.000000000000000000, 0.000000000000000000, 0.000000000000000000 ) ) ;
#705 = VECTOR ( 'NONE', #7519, 1000.000000000000000 ) ;
#706 = CARTESIAN_POINT ( 'NONE',  ( -47.49999999999999289, -53.75000000000000711, 0.4000000000000114575 ) ) ;
#707 = AXIS2_PLACEMENT_3D ( 'NONE', #8718, #12687, #7491 ) ;
#708 = AXIS2_PLACEMENT_3D ( 'NONE', #8179, #9139, #12150 ) ;
#709 = CARTESIAN_POINT ( 'NONE',  ( 36.69999999999998863, 62.50000000000001421, 19.00000000000000355 ) ) ;
#710 = CARTESIAN_POINT ( 'NONE',  ( 40.49999999999998579, -49.49999999999998579, 19.00538238691625281 ) ) ;
#711 = LINE ( 'NONE', #4662, #10249 ) ;
#712 = DIRECTION ( 'NONE',  ( 0.000000000000000000, 1.000000000000000000, 0.000000000000000000 ) ) ;
#713 = AXIS2_PLACEMENT_3D ( 'NONE', #12452, #7509, #2590 ) ;
#714 = VECTOR ( 'NONE', #5723, 1000.000000000000000 ) ;
#715 = EDGE_CURVE ( 'NONE', #4052, #8582, #8842, .T. ) ;
#716 = CARTESIAN_POINT ( 'NONE',  ( -30.39999999999999503, -62.50000000000001421, 0.000000000000000000 ) ) ;
#717 = ADVANCED_FACE ( 'NONE', ( #102 ), #8007, .T. ) ;
#718 = EDGE_LOOP ( 'NONE', ( #4565, #9759, #8218, #6319 ) ) ;
#719 = CARTESIAN_POINT ( 'NONE',  ( 5.199999999999993072, 22.50000000000000355, 7.000000000000000888 ) ) ;
#720 = ORIENTED_EDGE ( 'NONE', *, *, #6296, .F. ) ;
#721 = CARTESIAN_POINT ( 'NONE',  ( -43.50000000000002132, -53.50000000000000711, 12.50000000000001066 ) ) ;
#722 = ORIENTED_EDGE ( 'NONE', *, *, #3238, .F. ) ;
#723 = AXIS2_PLACEMENT_3D ( 'NONE', #6901, #10141, #1258 ) ;
#724 = DIRECTION ( 'NONE',  ( 0.000000000000000000, 0.000000000000000000, -1.000000000000000000 ) ) ;
#725 = AXIS2_PLACEMENT_3D ( 'NONE', #3547, #5316, #11290 ) ;
#726 = ORIENTED_EDGE ( 'NONE', *, *, #11951, .F. ) ;
#727 = VECTOR ( 'NONE', #8274, 1000.000000000000000 ) ;
#728 = DIRECTION ( 'NONE',  ( 0.000000000000000000, 0.000000000000000000, 1.000000000000000000 ) ) ;
#729 = CARTESIAN_POINT ( 'NONE',  ( -7.999999999999974243, 21.00000000000000355, 4.000000000000000000 ) ) ;
#730 = DIRECTION ( 'NONE',  ( 0.000000000000000000, -1.000000000000000000, 0.000000000000000000 ) ) ;
#731 = DIRECTION ( 'NONE',  ( 0.000000000000000000, 0.000000000000000000, -1.000000000000000000 ) ) ;
#732 = DIRECTION ( 'NONE',  ( -0.000000000000000000, -1.000000000000000000, -0.000000000000000000 ) ) ;
#733 = EDGE_LOOP ( 'NONE', ( #5949, #2587, #4552, #6978 ) ) ;
#734 = AXIS2_PLACEMENT_3D ( 'NONE', #8578, #4431, #552 ) ;
#735 = DIRECTION ( 'NONE',  ( 0.000000000000000000, 0.000000000000000000, 1.000000000000000000 ) ) ;
#736 = AXIS2_PLACEMENT_3D ( 'NONE', #4176, #48, #8856 ) ;
#737 = CARTESIAN_POINT ( 'NONE',  ( 26.24999999999998934, -61.25000000000001421, 0.000000000000000000 ) ) ;
#738 = EDGE_LOOP ( 'NONE', ( #6460, #4840, #6855, #4748 ) ) ;
#739 = ORIENTED_EDGE ( 'NONE', *, *, #6699, .F. ) ;
#740 = DIRECTION ( 'NONE',  ( 0.000000000000000000, 0.000000000000000000, 1.000000000000000000 ) ) ;
#741 = CARTESIAN_POINT ( 'NONE',  ( 44.99999999999996447, -41.23931069701794172, 12.01475035840392636 ) ) ;
#742 = CONICAL_SURFACE ( 'NONE', #3430, 1.700000000000000178, 1.029744258676653645 ) ;
#743 = VECTOR ( 'NONE', #2239, 1000.000000000000000 ) ;
#744 = CARTESIAN_POINT ( 'NONE',  ( -34.99999999999999289, -62.50000000000001421, 19.00000000000000355 ) ) ;
#745 = CARTESIAN_POINT ( 'NONE',  ( -48.27727649737935423, -21.50000000000000000, 60.09049161665797811 ) ) ;
#746 = ORIENTED_EDGE ( 'NONE', *, *, #3245, .T. ) ;
#747 = EDGE_CURVE ( 'NONE', #5639, #6730, #809, .T. ) ;
#748 = DIRECTION ( 'NONE',  ( -1.000000000000000000, 0.000000000000000000, 0.000000000000000000 ) ) ;
#749 = FACE_OUTER_BOUND ( 'NONE', #358, .T. ) ;
#750 = EDGE_LOOP ( 'NONE', ( #6502, #4250, #10917, #303 ) ) ;
#751 = EDGE_CURVE ( 'NONE', #12324, #11892, #6974, .T. ) ;
#752 = ORIENTED_EDGE ( 'NONE', *, *, #9885, .T. ) ;
#753 = AXIS2_PLACEMENT_3D ( 'NONE', #8106, #11028, #2012 ) ;
#754 = SPHERICAL_SURFACE ( 'NONE', #10944, 1.500000000000000000 ) ;
#755 = ORIENTED_EDGE ( 'NONE', *, *, #1439, .T. ) ;
#756 = VERTEX_POINT ( 'NONE', #10863 ) ;
#757 = CYLINDRICAL_SURFACE ( 'NONE', #10465, 3.750000000000003553 ) ;
#758 = CARTESIAN_POINT ( 'NONE',  ( -29.99999999999998579, -61.25000000000001421, 45.15564437074637993 ) ) ;
#759 = CYLINDRICAL_SURFACE ( 'NONE', #265, 1.500000000000001332 ) ;
#760 = CARTESIAN_POINT ( 'NONE',  ( -22.58670923590408108, -55.00000000000001421, 12.10755915920906034 ) ) ;
#761 = EDGE_LOOP ( 'NONE', ( #6381, #9119, #3974, #826 ) ) ;
#762 = DIRECTION ( 'NONE',  ( -0.5792279653395620009, -0.7071067811865556774, 0.4055797876726351392 ) ) ;
#763 = ORIENTED_EDGE ( 'NONE', *, *, #4400, .F. ) ;
#764 = ORIENTED_EDGE ( 'NONE', *, *, #1630, .F. ) ;
#765 = CARTESIAN_POINT ( 'NONE',  ( 46.23219482819434489, -25.00000000000000711, -1.813041577058319032 ) ) ;
#766 = EDGE_CURVE ( 'NONE', #3932, #12388, #2743, .T. ) ;
#767 = ORIENTED_EDGE ( 'NONE', *, *, #12048, .F. ) ;
#768 = CARTESIAN_POINT ( 'NONE',  ( 43.49999999999997868, -53.49999999999999289, 24.99999999999999289 ) ) ;
#769 = DIRECTION ( 'NONE',  ( 1.000000000000000000, 0.000000000000000000, 0.000000000000000000 ) ) ;
#770 = EDGE_CURVE ( 'NONE', #3962, #10710, #8492, .T. ) ;
#771 = LINE ( 'NONE', #4585, #315 ) ;
#772 = DIRECTION ( 'NONE',  ( 2.449021377849609204E-16, -1.000000000000000000, -0.000000000000000000 ) ) ;
#773 = DIRECTION ( 'NONE',  ( 1.000000000000000000, 0.000000000000000000, 0.000000000000000000 ) ) ;
#774 = AXIS2_PLACEMENT_3D ( 'NONE', #9967, #1160, #12055 ) ;
#775 = LINE ( 'NONE', #4852, #12675 ) ;
#776 = CONICAL_SURFACE ( 'NONE', #12792, 0.9999999999999942268, 0.7853981633974626009 ) ;
#777 = DIRECTION ( 'NONE',  ( -1.000000000000000000, 0.000000000000000000, -0.000000000000000000 ) ) ;
#778 = EDGE_LOOP ( 'NONE', ( #9961, #7543, #11368, #7659 ) ) ;
#779 = DIRECTION ( 'NONE',  ( -1.000000000000000000, 0.000000000000000000, 0.000000000000000000 ) ) ;
#780 = VERTEX_POINT ( 'NONE', #1977 ) ;
#781 = FACE_OUTER_BOUND ( 'NONE', #11731, .T. ) ;
#782 = EDGE_CURVE ( 'NONE', #12768, #8266, #5183, .T. ) ;
#783 = ORIENTED_EDGE ( 'NONE', *, *, #2901, .T. ) ;
#784 = EDGE_CURVE ( 'NONE', #11315, #1458, #1006, .T. ) ;
#785 = VECTOR ( 'NONE', #1031, 1000.000000000000000 ) ;
#786 = AXIS2_PLACEMENT_3D ( 'NONE', #7432, #6521, #3900 ) ;
#787 = CARTESIAN_POINT ( 'NONE',  ( -1.500000000000000000, -3.000000000000009326, 4.000000000000000000 ) ) ;
#788 = VERTEX_POINT ( 'NONE', #7935 ) ;
#789 = CARTESIAN_POINT ( 'NONE',  ( -34.99999999999999289, -62.50000000000001421, 11.97853694765314714 ) ) ;
#790 = CARTESIAN_POINT ( 'NONE',  ( 39.99999999999999289, 61.25000000000001421, 25.00000000000000000 ) ) ;
#791 = EDGE_CURVE ( 'NONE', #10978, #6629, #9463, .T. ) ;
#792 = CARTESIAN_POINT ( 'NONE',  ( -45.00000000000001421, 30.00000000000000000, 68.00000000000000000 ) ) ;
#793 = CARTESIAN_POINT ( 'NONE',  ( 39.99999999999999289, 62.50000000000001421, 45.15564437074637993 ) ) ;
#794 = CIRCLE ( 'NONE', #2856, 6.999999999999999112 ) ;
#795 = VECTOR ( 'NONE', #4284, 1000.000000000000000 ) ;
#796 = LINE ( 'NONE', #4799, #3787 ) ;
#797 = EDGE_LOOP ( 'NONE', ( #6178, #12527, #8998, #5397 ) ) ;
#798 = DIRECTION ( 'NONE',  ( 0.000000000000000000, -0.000000000000000000, 1.000000000000000000 ) ) ;
#799 = ORIENTED_EDGE ( 'NONE', *, *, #6915, .F. ) ;
#800 = DIRECTION ( 'NONE',  ( -0.000000000000000000, -0.000000000000000000, -1.000000000000000000 ) ) ;
#801 = AXIS2_PLACEMENT_3D ( 'NONE', #10205, #2164, #5274 ) ;
#802 = EDGE_LOOP ( 'NONE', ( #7115, #11711, #9086, #11706 ) ) ;
#803 = CONICAL_SURFACE ( 'NONE', #3284, 4.499999999999999112, 0.7853981633974589371 ) ;
#804 = LINE ( 'NONE', #4749, #7580 ) ;
#805 = LINE ( 'NONE', #3579, #7742 ) ;
#806 = DIRECTION ( 'NONE',  ( -1.000000000000000000, 0.000000000000000000, 0.000000000000000000 ) ) ;
#807 = CARTESIAN_POINT ( 'NONE',  ( -27.87903564356845720, -55.00000000000000000, 12.00000000000000888 ) ) ;
#808 = EDGE_LOOP ( 'NONE', ( #1184, #10545, #3605, #8857 ) ) ;
#809 = LINE ( 'NONE', #9887, #2175 ) ;
#810 = EDGE_CURVE ( 'NONE', #363, #3655, #5794, .T. ) ;
#811 = AXIS2_PLACEMENT_3D ( 'NONE', #9390, #4220, #7217 ) ;
#812 = DIRECTION ( 'NONE',  ( -0.000000000000000000, -0.000000000000000000, 1.000000000000000000 ) ) ;
#813 = EDGE_LOOP ( 'NONE', ( #9724, #4346, #8329 ) ) ;
#814 = EDGE_LOOP ( 'NONE', ( #4579, #755, #431, #7688 ) ) ;
#815 = CARTESIAN_POINT ( 'NONE',  ( -33.29999999999999005, -62.50000000000001421, 13.00000000000000178 ) ) ;
#816 = ORIENTED_EDGE ( 'NONE', *, *, #6471, .F. ) ;
#817 = EDGE_CURVE ( 'NONE', #2717, #6315, #869, .T. ) ;
#818 = EDGE_LOOP ( 'NONE', ( #9879, #4730, #5155 ) ) ;
#819 = CARTESIAN_POINT ( 'NONE',  ( 10.49999999999999289, 10.99999999999999289, 12.00000000000000000 ) ) ;
#820 = FACE_OUTER_BOUND ( 'NONE', #5931, .T. ) ;
#821 = DIRECTION ( 'NONE',  ( -0.000000000000000000, -0.000000000000000000, -1.000000000000000000 ) ) ;
#822 = CYLINDRICAL_SURFACE ( 'NONE', #1561, 1.500000000000001332 ) ;
#823 = ORIENTED_EDGE ( 'NONE', *, *, #509, .F. ) ;
#824 = EDGE_LOOP ( 'NONE', ( #1447, #5298 ) ) ;
#825 = DIRECTION ( 'NONE',  ( -0.5735764363510451602, 0.000000000000000000, -0.8191520442889923537 ) ) ;
#826 = ORIENTED_EDGE ( 'NONE', *, *, #2725, .F. ) ;
#827 = VERTEX_POINT ( 'NONE', #5007 ) ;
#828 = LINE ( 'NONE', #701, #11980 ) ;
#829 = ORIENTED_EDGE ( 'NONE', *, *, #9735, .T. ) ;
#830 = EDGE_CURVE ( 'NONE', #10498, #3447, #6770, .T. ) ;
#831 = DIRECTION ( 'NONE',  ( 1.000000000000000000, 0.000000000000000000, 0.000000000000000000 ) ) ;
#832 = CARTESIAN_POINT ( 'NONE',  ( -63.19026384250660300, -21.50000000000000000, 38.79253846514421156 ) ) ;
#833 = ORIENTED_EDGE ( 'NONE', *, *, #9023, .T. ) ;
#834 = DIRECTION ( 'NONE',  ( 0.000000000000000000, 0.000000000000000000, -1.000000000000000000 ) ) ;
#835 = DIRECTION ( 'NONE',  ( 0.000000000000000000, 0.7071067811865451302, 0.7071067811865500152 ) ) ;
#836 = DIRECTION ( 'NONE',  ( -1.000000000000000000, 0.000000000000000000, 0.000000000000000000 ) ) ;
#837 = EDGE_CURVE ( 'NONE', #2887, #9960, #9607, .T. ) ;
#838 = CARTESIAN_POINT ( 'NONE',  ( 30.39999999999999503, -62.50000000000001421, 0.000000000000000000 ) ) ;
#839 = EDGE_CURVE ( 'NONE', #6687, #7869, #4952, .T. ) ;
#840 = FACE_OUTER_BOUND ( 'NONE', #10983, .T. ) ;
#841 = EDGE_LOOP ( 'NONE', ( #7048, #9754 ) ) ;
#842 = DIRECTION ( 'NONE',  ( 0.000000000000000000, 0.000000000000000000, 1.000000000000000000 ) ) ;
#843 = ORIENTED_EDGE ( 'NONE', *, *, #11562, .F. ) ;
#844 = LINE ( 'NONE', #9531, #10303 ) ;
#845 = VERTEX_POINT ( 'NONE', #945 ) ;
#846 = CIRCLE ( 'NONE', #3947, 3.749999999999996447 ) ;
#847 = CARTESIAN_POINT ( 'NONE',  ( -49.67017498336816317, 14.49999999999999822, 58.62426045898529026 ) ) ;
#848 = CARTESIAN_POINT ( 'NONE',  ( 26.24999999999998934, 57.50000000000000711, 45.15564437074637993 ) ) ;
#849 = EDGE_LOOP ( 'NONE', ( #4067, #6841, #2130, #3311, #7245, #4300, #5953, #6040, #11394, #10187, #6853, #8517, #2898, #5802, #12301, #9664, #8013, #12666, #10773, #884, #1989, #5633 ) ) ;
#850 = EDGE_CURVE ( 'NONE', #2835, #9825, #5994, .T. ) ;
#851 = LINE ( 'NONE', #5711, #4680 ) ;
#852 = CYLINDRICAL_SURFACE ( 'NONE', #11630, 1.500000000000001332 ) ;
#853 = DIRECTION ( 'NONE',  ( 0.000000000000000000, -0.000000000000000000, 1.000000000000000000 ) ) ;
#854 = EDGE_CURVE ( 'NONE', #4221, #6248, #11483, .T. ) ;
#855 = ORIENTED_EDGE ( 'NONE', *, *, #9514, .F. ) ;
#856 = EDGE_CURVE ( 'NONE', #9912, #11600, #11496, .T. ) ;
#857 = DIRECTION ( 'NONE',  ( -1.000000000000000000, 0.000000000000000000, 0.000000000000000000 ) ) ;
#858 = DIRECTION ( 'NONE',  ( 0.5735764363510478248, 0.000000000000000000, 0.8191520442889906883 ) ) ;
#859 = DIRECTION ( 'NONE',  ( -0.8191520442889906883, -0.000000000000000000, 0.5735764363510477137 ) ) ;
#860 = ORIENTED_EDGE ( 'NONE', *, *, #6317, .T. ) ;
#861 = EDGE_CURVE ( 'NONE', #2058, #8626, #2938, .T. ) ;
#862 = DIRECTION ( 'NONE',  ( 1.000000000000000000, 0.000000000000000000, 0.000000000000000000 ) ) ;
#863 = ORIENTED_EDGE ( 'NONE', *, *, #9095, .T. ) ;
#864 = DIRECTION ( 'NONE',  ( -0.000000000000000000, -1.000000000000000000, -0.000000000000000000 ) ) ;
#865 = DIRECTION ( 'NONE',  ( -1.000000000000000000, 0.000000000000000000, 0.000000000000000000 ) ) ;
#866 = CARTESIAN_POINT ( 'NONE',  ( 27.49999999999999289, 55.00000000000000711, 12.00000000000003908 ) ) ;
#867 = LINE ( 'NONE', #7030, #6365 ) ;
#868 = ORIENTED_EDGE ( 'NONE', *, *, #11783, .T. ) ;
#869 = LINE ( 'NONE', #11907, #157 ) ;
#870 = VECTOR ( 'NONE', #4340, 1000.000000000000000 ) ;
#871 = FACE_OUTER_BOUND ( 'NONE', #797, .T. ) ;
#873 = ORIENTED_EDGE ( 'NONE', *, *, #8427, .F. ) ;
#872 = ADVANCED_FACE ( 'NONE', ( #10793 ), #4889, .F. ) ;
#874 = EDGE_LOOP ( 'NONE', ( #6773, #3122, #5369, #12530 ) ) ;
#875 = CARTESIAN_POINT ( 'NONE',  ( -33.50000000000000000, -49.50000000000000000, 4.000000000000000000 ) ) ;
#876 = ORIENTED_EDGE ( 'NONE', *, *, #9310, .T. ) ;
#877 = AXIS2_PLACEMENT_3D ( 'NONE', #533, #4478, #4599 ) ;
#878 = ORIENTED_EDGE ( 'NONE', *, *, #9849, .F. ) ;
#879 = AXIS2_PLACEMENT_3D ( 'NONE', #10085, #3022, #9238 ) ;
#880 = DIRECTION ( 'NONE',  ( 0.000000000000000000, -1.000000000000000000, 0.000000000000000000 ) ) ;
#881 = CARTESIAN_POINT ( 'NONE',  ( 31.99999999999998579, -53.49999999999999289, 12.50000000000001066 ) ) ;
#882 = DIRECTION ( 'NONE',  ( 0.000000000000000000, 0.000000000000000000, -1.000000000000000000 ) ) ;
#883 = CARTESIAN_POINT ( 'NONE',  ( 33.49999999999997868, -49.49999999999998579, 11.99999999999998224 ) ) ;
#884 = ORIENTED_EDGE ( 'NONE', *, *, #9875, .F. ) ;
#885 = ORIENTED_EDGE ( 'NONE', *, *, #2180, .T. ) ;
#886 = LINE ( 'NONE', #7761, #7675 ) ;
#887 = AXIS2_PLACEMENT_3D ( 'NONE', #4734, #10577, #1687 ) ;
#888 = AXIS2_PLACEMENT_3D ( 'NONE', #9047, #7045, #11258 ) ;
#889 = VECTOR ( 'NONE', #7851, 1000.000000000000000 ) ;
#890 = ORIENTED_EDGE ( 'NONE', *, *, #534, .T. ) ;
#891 = EDGE_LOOP ( 'NONE', ( #8460, #1569, #2542, #4623 ) ) ;
#892 = DIRECTION ( 'NONE',  ( 0.1736481776669389077, 0.000000000000000000, -0.9848077530122064660 ) ) ;
#893 = ORIENTED_EDGE ( 'NONE', *, *, #6637, .T. ) ;
#894 = CARTESIAN_POINT ( 'NONE',  ( 2.528135367025555968, -55.00000000000001421, 12.06839257535534671 ) ) ;
#895 = LINE ( 'NONE', #11009, #3800 ) ;
#896 = ORIENTED_EDGE ( 'NONE', *, *, #12520, .F. ) ;
#897 = DIRECTION ( 'NONE',  ( 0.000000000000000000, 0.000000000000000000, -1.000000000000000000 ) ) ;
#898 = FACE_OUTER_BOUND ( 'NONE', #6001, .T. ) ;
#899 = AXIS2_PLACEMENT_3D ( 'NONE', #3161, #5893, #11083 ) ;
#900 = AXIS2_PLACEMENT_3D ( 'NONE', #3324, #5081, #9038 ) ;
#902 = VECTOR ( 'NONE', #8834, 1000.000000000000000 ) ;
#901 = FACE_OUTER_BOUND ( 'NONE', #5219, .T. ) ;
#903 = DIRECTION ( 'NONE',  ( 0.000000000000000000, 0.000000000000000000, -1.000000000000000000 ) ) ;
#904 = ADVANCED_FACE ( 'NONE', ( #1389 ), #2349, .F. ) ;
#905 = FACE_OUTER_BOUND ( 'NONE', #4101, .T. ) ;
#906 = ORIENTED_EDGE ( 'NONE', *, *, #9081, .F. ) ;
#907 = AXIS2_PLACEMENT_3D ( 'NONE', #6504, #1584, #9486 ) ;
#908 = PLANE ( 'NONE',  #2772 ) ;
#909 = CIRCLE ( 'NONE', #8565, 2.999999999999999112 ) ;
#910 = ORIENTED_EDGE ( 'NONE', *, *, #6810, .T. ) ;
#911 = VECTOR ( 'NONE', #8878, 1000.000000000000227 ) ;
#912 = DIRECTION ( 'NONE',  ( -1.000000000000000000, 0.000000000000000000, 0.000000000000000000 ) ) ;
#913 = VECTOR ( 'NONE', #1572, 1000.000000000000114 ) ;
#914 = ORIENTED_EDGE ( 'NONE', *, *, #2041, .T. ) ;
#915 = EDGE_CURVE ( 'NONE', #4786, #15, #3550, .T. ) ;
#916 = FACE_OUTER_BOUND ( 'NONE', #10510, .T. ) ;
#917 = CARTESIAN_POINT ( 'NONE',  ( 39.99999999999999289, 62.50000000000001421, 0.4000000000000114575 ) ) ;
#918 = DIRECTION ( 'NONE',  ( -1.000000000000000000, 0.000000000000000000, -0.000000000000000000 ) ) ;
#919 = AXIS2_PLACEMENT_3D ( 'NONE', #8579, #6631, #2679 ) ;
#920 = CARTESIAN_POINT ( 'NONE',  ( 27.50000000000000711, 10.99999999999999822, 4.000000000000000000 ) ) ;
#921 = CIRCLE ( 'NONE', #6704, 0.9999999999999995559 ) ;
#922 = CARTESIAN_POINT ( 'NONE',  ( -37.29999999999998295, -62.50000000000001421, 24.55000000000000071 ) ) ;
#923 = DIRECTION ( 'NONE',  ( -0.5735764363510347241, -3.469446951953618133E-15, -0.8191520442889997922 ) ) ;
#924 = ORIENTED_EDGE ( 'NONE', *, *, #8532, .T. ) ;
#925 = DIRECTION ( 'NONE',  ( -1.000000000000000000, 0.000000000000000000, 0.000000000000000000 ) ) ;
#926 = CARTESIAN_POINT ( 'NONE',  ( -43.74999999999999289, -57.50000000000000711, 0.4000000000000114575 ) ) ;
#927 = AXIS2_PLACEMENT_3D ( 'NONE', #2705, #7695, #9394 ) ;
#928 = ADVANCED_FACE ( 'NONE', ( #5333 ), #9719, .F. ) ;
#929 = VECTOR ( 'NONE', #10566, 1000.000000000000000 ) ;
#930 = CARTESIAN_POINT ( 'NONE',  ( -39.99999999999999289, -62.50000000000001421, 0.4000000000000114575 ) ) ;
#931 = AXIS2_PLACEMENT_3D ( 'NONE', #10738, #8906, #3850 ) ;
#932 = EDGE_CURVE ( 'NONE', #1658, #144, #11244, .T. ) ;
#933 = EDGE_LOOP ( 'NONE', ( #2981, #4766, #4568, #12470 ) ) ;
#934 = LINE ( 'NONE', #8897, #2347 ) ;
#935 = ADVANCED_FACE ( 'NONE', ( #414 ), #1319, .F. ) ;
#936 = EDGE_CURVE ( 'NONE', #3905, #2033, #9233, .T. ) ;
#937 = ORIENTED_EDGE ( 'NONE', *, *, #11094, .T. ) ;
#938 = CARTESIAN_POINT ( 'NONE',  ( -3.000000000000001332, -53.50000000000000000, 4.000000000000000000 ) ) ;
#939 = CARTESIAN_POINT ( 'NONE',  ( 21.49999999999999289, 10.49999999999999112, 12.50000000000000000 ) ) ;
#940 = CARTESIAN_POINT ( 'NONE',  ( -2.760407094548714912, -54.99999999999999289, 12.01476521008129517 ) ) ;
#941 = CARTESIAN_POINT ( 'NONE',  ( -40.50000000000000000, -49.49999999999999289, 12.00000000000003197 ) ) ;
#942 = ORIENTED_EDGE ( 'NONE', *, *, #10204, .T. ) ;
#943 = AXIS2_PLACEMENT_3D ( 'NONE', #4701, #11848, #2949 ) ;
#944 = AXIS2_PLACEMENT_3D ( 'NONE', #5613, #7682, #7567 ) ;
#945 = CARTESIAN_POINT ( 'NONE',  ( -37.74999999999999289, 62.50000000000001421, 25.00000000000000000 ) ) ;
#946 = EDGE_CURVE ( 'NONE', #8151, #12146, #3072, .T. ) ;
#947 = DIRECTION ( 'NONE',  ( 0.000000000000000000, 0.000000000000000000, 1.000000000000000000 ) ) ;
#948 = ORIENTED_EDGE ( 'NONE', *, *, #11717, .T. ) ;
#949 = ORIENTED_EDGE ( 'NONE', *, *, #9491, .T. ) ;
#950 = DIRECTION ( 'NONE',  ( -1.000000000000000000, 0.000000000000000000, 0.000000000000000000 ) ) ;
#951 = ORIENTED_EDGE ( 'NONE', *, *, #5538, .F. ) ;
#952 = ADVANCED_FACE ( 'NONE', ( #2227 ), #7033, .F. ) ;
#953 = CIRCLE ( 'NONE', #3631, 1.500000000000000000 ) ;
#954 = VECTOR ( 'NONE', #5208, 1000.000000000000000 ) ;
#955 = ORIENTED_EDGE ( 'NONE', *, *, #3383, .F. ) ;
#956 = CARTESIAN_POINT ( 'NONE',  ( 26.24999999999998934, -61.25000000000001421, 25.00000000000000000 ) ) ;
#957 = FACE_OUTER_BOUND ( 'NONE', #7956, .T. ) ;
#958 = CARTESIAN_POINT ( 'NONE',  ( -7.999999999999968914, 19.50000000000000000, 4.000000000000000000 ) ) ;
#959 = CARTESIAN_POINT ( 'NONE',  ( 2.999999999999993339, 29.71110255092798269, 4.000000000000000000 ) ) ;
#960 = ORIENTED_EDGE ( 'NONE', *, *, #7013, .F. ) ;
#961 = ORIENTED_EDGE ( 'NONE', *, *, #4128, .T. ) ;
#962 = ADVANCED_FACE ( 'NONE', ( #286 ), #10222, .F. ) ;
#963 = CARTESIAN_POINT ( 'NONE',  ( -61.96119576537560647, 14.49999999999999822, 40.37348491008709317 ) ) ;
#964 = AXIS2_PLACEMENT_3D ( 'NONE', #6121, #9096, #5136 ) ;
#965 = ORIENTED_EDGE ( 'NONE', *, *, #5035, .F. ) ;
#966 = ORIENTED_EDGE ( 'NONE', *, *, #2022, .F. ) ;
#967 = DIRECTION ( 'NONE',  ( 1.000000000000000000, 0.000000000000000000, 0.000000000000000000 ) ) ;
#968 = ORIENTED_EDGE ( 'NONE', *, *, #7128, .F. ) ;
#969 = DIRECTION ( 'NONE',  ( -4.336808689942017736E-17, 1.000000000000000000, 0.000000000000000000 ) ) ;
#970 = EDGE_LOOP ( 'NONE', ( #4218, #2368, #10767, #10160 ) ) ;
#971 = LINE ( 'NONE', #6020, #1550 ) ;
#972 = CARTESIAN_POINT ( 'NONE',  ( -15.50000000000000355, 57.49999999999999289, 17.10000000000000142 ) ) ;
#973 = AXIS2_PLACEMENT_3D ( 'NONE', #2861, #10717, #1825 ) ;
#974 = DIRECTION ( 'NONE',  ( 0.000000000000000000, 0.000000000000000000, -1.000000000000000000 ) ) ;
#975 = DIRECTION ( 'NONE',  ( 0.000000000000000000, 0.000000000000000000, -1.000000000000000000 ) ) ;
#976 = DIRECTION ( 'NONE',  ( -0.8191520442889907994, -0.000000000000000000, 0.5735764363510478248 ) ) ;
#977 = VERTEX_POINT ( 'NONE', #9156 ) ;
#978 = EDGE_CURVE ( 'NONE', #10008, #9337, #2091, .T. ) ;
#979 = CARTESIAN_POINT ( 'NONE',  ( 22.99999999999999289, 6.500000000000000888, 12.00000000000000000 ) ) ;
#980 = PLANE ( 'NONE',  #2659 ) ;
#981 = ORIENTED_EDGE ( 'NONE', *, *, #2963, .T. ) ;
#982 = DIRECTION ( 'NONE',  ( 0.7071067811865531239, 0.000000000000000000, 0.7071067811865420216 ) ) ;
#983 = CARTESIAN_POINT ( 'NONE',  ( -51.49703704694644557, 21.79999999999999361, 58.80474591728686562 ) ) ;
#984 = EDGE_CURVE ( 'NONE', #2425, #416, #7719, .T. ) ;
#985 = AXIS2_PLACEMENT_3D ( 'NONE', #3386, #2346, #4229 ) ;
#986 = DIRECTION ( 'NONE',  ( 1.000000000000000000, 0.000000000000000000, 0.000000000000000000 ) ) ;
#987 = DIRECTION ( 'NONE',  ( 1.970290117634216886E-16, -1.000000000000000000, 2.813865904202981341E-16 ) ) ;
#988 = LINE ( 'NONE', #20, #12596 ) ;
#989 = EDGE_CURVE ( 'NONE', #1715, #11637, #4231, .T. ) ;
#990 = CARTESIAN_POINT ( 'NONE',  ( 8.999999999999994671, 8.000000000000001776, 12.00000000000000000 ) ) ;
#991 = VECTOR ( 'NONE', #892, 1000.000000000000114 ) ;
#992 = LINE ( 'NONE', #8952, #6527 ) ;
#994 = AXIS2_PLACEMENT_3D ( 'NONE', #9714, #3676, #11605 ) ;
#993 = CARTESIAN_POINT ( 'NONE',  ( 9.799999999999993605, 22.50000000000000355, 12.00000000000002309 ) ) ;
#995 = DIRECTION ( 'NONE',  ( -0.000000000000000000, -0.000000000000000000, -1.000000000000000000 ) ) ;
#996 = VERTEX_POINT ( 'NONE', #10080 ) ;
#997 = CARTESIAN_POINT ( 'NONE',  ( 47.10000000000000142, 53.74999999999999289, 0.000000000000000000 ) ) ;
#998 = ORIENTED_EDGE ( 'NONE', *, *, #12132, .T. ) ;
#999 = CARTESIAN_POINT ( 'NONE',  ( -21.99999999999996803, -53.50000000000000000, 2.500000000000000000 ) ) ;
#1000 = CARTESIAN_POINT ( 'NONE',  ( 27.50000000000000355, 6.500000000000001776, 4.000000000000000000 ) ) ;
#1001 = AXIS2_PLACEMENT_3D ( 'NONE', #11454, #11589, #9442 ) ;
#1002 = CARTESIAN_POINT ( 'NONE',  ( -67.41739440066554323, 21.49999999999998934, 39.55501288719311503 ) ) ;
#1003 = CIRCLE ( 'NONE', #12197, 1.750000000000001554 ) ;
#1004 = DIRECTION ( 'NONE',  ( 1.541976423090498592E-16, -1.000000000000000000, 0.000000000000000000 ) ) ;
#1005 = ORIENTED_EDGE ( 'NONE', *, *, #7288, .F. ) ;
#1006 = LINE ( 'NONE', #11781, #5728 ) ;
#1007 = CARTESIAN_POINT ( 'NONE',  ( 9.799999999999993605, 22.50000000000000355, 12.00000000000002309 ) ) ;
#1008 = ADVANCED_FACE ( 'NONE', ( #4111 ), #8067, .F. ) ;
#1009 = ORIENTED_EDGE ( 'NONE', *, *, #6871, .F. ) ;
#1010 = ORIENTED_EDGE ( 'NONE', *, *, #5920, .T. ) ;
#1011 = AXIS2_PLACEMENT_3D ( 'NONE', #6043, #3901, #11771 ) ;
#1012 = CARTESIAN_POINT ( 'NONE',  ( 21.49999999999999289, 6.500000000000002665, 12.50000000000000000 ) ) ;
#1013 = VECTOR ( 'NONE', #6744, 1000.000000000000000 ) ;
#1014 = VERTEX_POINT ( 'NONE', #7093 ) ;
#1015 = ORIENTED_EDGE ( 'NONE', *, *, #4085, .T. ) ;
#1016 = DIRECTION ( 'NONE',  ( 1.000000000000000000, 0.000000000000000000, 0.000000000000000000 ) ) ;
#1017 = LINE ( 'NONE', #4960, #1116 ) ;
#1018 = CARTESIAN_POINT ( 'NONE',  ( 10.49999999999999467, 14.54701313970656962, 4.000000000000000000 ) ) ;
#1019 = EDGE_CURVE ( 'NONE', #9859, #10547, #11889, .T. ) ;
#1020 = LINE ( 'NONE', #9836, #12747 ) ;
#1021 = ORIENTED_EDGE ( 'NONE', *, *, #539, .F. ) ;
#1022 = ADVANCED_FACE ( 'NONE', ( #5142 ), #225, .F. ) ;
#1023 = VERTEX_POINT ( 'NONE', #7165 ) ;
#1024 = ADVANCED_FACE ( 'NONE', ( #3264 ), #11881, .T. ) ;
#1025 = CIRCLE ( 'NONE', #9713, 5.000000000000004441 ) ;
#1026 = CARTESIAN_POINT ( 'NONE',  ( 7.499999999999992895, 22.50000000000000355, 7.000000000000000888 ) ) ;
#1027 = ADVANCED_FACE ( 'NONE', ( #5528 ), #11313, .F. ) ;
#1028 = EDGE_CURVE ( 'NONE', #4132, #4278, #4485, .T. ) ;
#1029 = ORIENTED_EDGE ( 'NONE', *, *, #7263, .F. ) ;
#1030 = ORIENTED_EDGE ( 'NONE', *, *, #12667, .F. ) ;
#1031 = DIRECTION ( 'NONE',  ( 0.000000000000000000, 0.000000000000000000, -1.000000000000000000 ) ) ;
#1032 = ORIENTED_EDGE ( 'NONE', *, *, #11081, .T. ) ;
#1033 = FACE_OUTER_BOUND ( 'NONE', #7356, .T. ) ;
#1034 = VERTEX_POINT ( 'NONE', #11508 ) ;
#1035 = DIRECTION ( 'NONE',  ( 0.5735764363510476027, 0.000000000000000000, 0.8191520442889906883 ) ) ;
#1036 = CARTESIAN_POINT ( 'NONE',  ( -64.91014312481595994, -18.99999999999999645, 42.43836008095073709 ) ) ;
#1037 = CARTESIAN_POINT ( 'NONE',  ( 43.49999999999997868, 8.000000000000003553, 12.50000000000001066 ) ) ;
#1038 = DIRECTION ( 'NONE',  ( 1.000000000000000000, 3.154042683594195614E-16, -0.000000000000000000 ) ) ;
#1039 = DIRECTION ( 'NONE',  ( -1.000000000000000000, 0.000000000000000000, 0.000000000000000000 ) ) ;
#1040 = VERTEX_POINT ( 'NONE', #7412 ) ;
#1041 = CARTESIAN_POINT ( 'NONE',  ( 47.50000000000000711, -57.50000000000000711, 0.4000000000000114575 ) ) ;
#1042 = CYLINDRICAL_SURFACE ( 'NONE', #11158, 1.500000000000000888 ) ;
#1043 = ADVANCED_FACE ( 'NONE', ( #7537 ), #1583, .F. ) ;
#1044 = ORIENTED_EDGE ( 'NONE', *, *, #11818, .F. ) ;
#1045 = CARTESIAN_POINT ( 'NONE',  ( -26.49999999999998224, -53.50000000000000711, 12.00000000000000000 ) ) ;
#1046 = CARTESIAN_POINT ( 'NONE',  ( -64.77172030349572651, 14.49999999999999822, 36.35963989307107624 ) ) ;
#1047 = LINE ( 'NONE', #10358, #1588 ) ;
#1048 = EDGE_CURVE ( 'NONE', #3326, #5963, #8557, .T. ) ;
#1049 = CARTESIAN_POINT ( 'NONE',  ( -62.28885658309121709, 18.99999999999999645, 40.60291548462752331 ) ) ;
#1050 = CARTESIAN_POINT ( 'NONE',  ( 0.000000000000000000, 30.00000000000000000, 0.000000000000000000 ) ) ;
#1051 = ORIENTED_EDGE ( 'NONE', *, *, #1505, .T. ) ;
#1052 = DIRECTION ( 'NONE',  ( -0.7071067811865474617, 0.000000000000000000, 0.7071067811865474617 ) ) ;
#1053 = AXIS2_PLACEMENT_3D ( 'NONE', #12198, #1285, #6216 ) ;
#1054 = PLANE ( 'NONE',  #584 ) ;
#1055 = DIRECTION ( 'NONE',  ( 0.000000000000000000, -1.000000000000000000, 0.000000000000000000 ) ) ;
#1056 = ORIENTED_EDGE ( 'NONE', *, *, #10339, .T. ) ;
#1057 = CARTESIAN_POINT ( 'NONE',  ( -1.677124344467735062, -55.00000000000000711, 12.50000000000000000 ) ) ;
#1058 = ORIENTED_EDGE ( 'NONE', *, *, #12445, .F. ) ;
#1059 = CARTESIAN_POINT ( 'NONE',  ( -45.00000000000002132, -41.00000000000000711, 4.000000000000000000 ) ) ;
#1060 = CARTESIAN_POINT ( 'NONE',  ( 22.08670923590406332, 55.00000000000000000, 12.10755915920906034 ) ) ;
#1061 = VECTOR ( 'NONE', #5948, 1000.000000000000114 ) ;
#1062 = CARTESIAN_POINT ( 'NONE',  ( -40.50000000000002132, 49.49999999999997868, 14.10000000000000142 ) ) ;
#1063 = DIRECTION ( 'NONE',  ( -1.000000000000000000, 0.000000000000000000, -0.000000000000000000 ) ) ;
#1064 = EDGE_LOOP ( 'NONE', ( #6705, #7834, #6059, #2456 ) ) ;
#1065 = DIRECTION ( 'NONE',  ( 0.8191520442889906883, -0.000000000000000000, -0.5735764363510477137 ) ) ;
#1066 = ADVANCED_FACE ( 'NONE', ( #10584 ), #7350, .T. ) ;
#1067 = DIRECTION ( 'NONE',  ( -1.000000000000000000, 0.000000000000000000, 0.000000000000000000 ) ) ;
#1068 = ORIENTED_EDGE ( 'NONE', *, *, #7870, .F. ) ;
#1069 = DIRECTION ( 'NONE',  ( 0.000000000000000000, 0.000000000000000000, -1.000000000000000000 ) ) ;
#1070 = VERTEX_POINT ( 'NONE', #2672 ) ;
#1071 = EDGE_CURVE ( 'NONE', #3226, #8696, #9180, .T. ) ;
#1072 = VERTEX_POINT ( 'NONE', #9485 ) ;
#1073 = PLANE ( 'NONE',  #1570 ) ;
#1074 = DIRECTION ( 'NONE',  ( -0.000000000000000000, -1.000000000000000000, -0.000000000000000000 ) ) ;
#1075 = EDGE_CURVE ( 'NONE', #5668, #144, #3389, .T. ) ;
#1076 = CARTESIAN_POINT ( 'NONE',  ( -54.50465778952671769, 24.99999999999999289, 52.96377117953283431 ) ) ;
#1077 = DIRECTION ( 'NONE',  ( -0.8191520442889906883, -0.000000000000000000, 0.5735764363510477137 ) ) ;
#1078 = CIRCLE ( 'NONE', #6447, 1.499999999999999556 ) ;
#1079 = EDGE_LOOP ( 'NONE', ( #3158, #1917, #8350, #3025 ) ) ;
#1080 = VERTEX_POINT ( 'NONE', #6373 ) ;
#1081 = DIRECTION ( 'NONE',  ( -0.000000000000000000, 0.000000000000000000, -1.000000000000000000 ) ) ;
#1082 = ORIENTED_EDGE ( 'NONE', *, *, #6250, .F. ) ;
#1083 = ORIENTED_EDGE ( 'NONE', *, *, #12284, .F. ) ;
#1084 = DIRECTION ( 'NONE',  ( 0.8191520442889905773, 0.000000000000000000, -0.5735764363510477137 ) ) ;
#1085 = EDGE_CURVE ( 'NONE', #548, #1786, #5392, .T. ) ;
#1086 = VECTOR ( 'NONE', #8854, 1000.000000000000000 ) ;
#1087 = VECTOR ( 'NONE', #7639, 1000.000000000000000 ) ;
#1088 = EDGE_LOOP ( 'NONE', ( #6334, #3337, #6776, #5653 ) ) ;
#1089 = DIRECTION ( 'NONE',  ( 0.000000000000000000, 0.000000000000000000, -1.000000000000000000 ) ) ;
#1090 = ORIENTED_EDGE ( 'NONE', *, *, #54, .T. ) ;
#1091 = EDGE_CURVE ( 'NONE', #11228, #11642, #79, .T. ) ;
#1092 = DIRECTION ( 'NONE',  ( 1.000000000000000000, 0.000000000000000000, 0.000000000000000000 ) ) ;
#1093 = DIRECTION ( 'NONE',  ( 1.000000000000000000, -1.156482317317871725E-15, 0.000000000000000000 ) ) ;
#1094 = EDGE_CURVE ( 'NONE', #1337, #3396, #474, .T. ) ;
#1095 = EDGE_CURVE ( 'NONE', #4965, #9010, #10389, .T. ) ;
#1096 = CARTESIAN_POINT ( 'NONE',  ( -40.50000000000002132, 49.49999999999997868, 12.50000000000000000 ) ) ;
#1098 = DIRECTION ( 'NONE',  ( -0.8191520442889907994, -0.000000000000000000, 0.5735764363510478248 ) ) ;
#1097 = VECTOR ( 'NONE', #5374, 1000.000000000000114 ) ;
#1099 = VECTOR ( 'NONE', #9151, 1000.000000000000000 ) ;
#1100 = CARTESIAN_POINT ( 'NONE',  ( -12.49999999999999822, 53.50000000000000000, 4.000000000000000000 ) ) ;
#1101 = DIRECTION ( 'NONE',  ( 0.000000000000000000, 0.000000000000000000, 1.000000000000000000 ) ) ;
#1102 = ORIENTED_EDGE ( 'NONE', *, *, #12282, .F. ) ;
#1103 = EDGE_CURVE ( 'NONE', #3226, #1407, #3448, .T. ) ;
#1104 = DIRECTION ( 'NONE',  ( -1.000000000000000000, 0.000000000000000000, -0.000000000000000000 ) ) ;
#1105 = DIRECTION ( 'NONE',  ( -0.000000000000000000, -0.000000000000000000, -1.000000000000000000 ) ) ;
#1106 = VERTEX_POINT ( 'NONE', #8500 ) ;
#1107 = CIRCLE ( 'NONE', #4615, 1.499999999999999556 ) ;
#1108 = VECTOR ( 'NONE', #6127, 1000.000000000000000 ) ;
#1109 = VECTOR ( 'NONE', #1457, 1000.000000000000000 ) ;
#1110 = CARTESIAN_POINT ( 'NONE',  ( -46.18784376572178019, -25.00000000000000711, 62.90016612803432849 ) ) ;
#1111 = DIRECTION ( 'NONE',  ( 0.7071067811865426878, 0.000000000000000000, 0.7071067811865524577 ) ) ;
#1112 = CARTESIAN_POINT ( 'NONE',  ( 3.794117647058815823, 28.43855504194069184, 12.00000000000000000 ) ) ;
#1113 = CARTESIAN_POINT ( 'NONE',  ( -39.99999999999999289, -62.50000000000001421, 25.00000000000000000 ) ) ;
#1114 = EDGE_CURVE ( 'NONE', #5798, #6017, #1511, .T. ) ;
#1115 = ADVANCED_FACE ( 'NONE', ( #8570 ), #544, .F. ) ;
#1116 = VECTOR ( 'NONE', #8914, 1000.000000000000000 ) ;
#1117 = VECTOR ( 'NONE', #4026, 1000.000000000000000 ) ;
#1118 = CARTESIAN_POINT ( 'NONE',  ( 9.249999999999994671, 22.50000000000000355, 2.500000000000000000 ) ) ;
#1119 = AXIS2_PLACEMENT_3D ( 'NONE', #2807, #2732, #10415 ) ;
#1120 = ORIENTED_EDGE ( 'NONE', *, *, #7403, .T. ) ;
#1121 = CARTESIAN_POINT ( 'NONE',  ( 25.99999999999999289, 55.00000000000000711, 12.50000000000000000 ) ) ;
#1122 = DIRECTION ( 'NONE',  ( -0.000000000000000000, -1.000000000000000000, -0.000000000000000000 ) ) ;
#1123 = LINE ( 'NONE', #10849, #8661 ) ;
#1124 = ORIENTED_EDGE ( 'NONE', *, *, #8675, .T. ) ;
#1125 = DIRECTION ( 'NONE',  ( 0.000000000000000000, 0.000000000000000000, -1.000000000000000000 ) ) ;
#1126 = VECTOR ( 'NONE', #8556, 1000.000000000000114 ) ;
#1127 = VECTOR ( 'NONE', #164, 1000.000000000000114 ) ;
#1128 = ORIENTED_EDGE ( 'NONE', *, *, #3299, .T. ) ;
#1129 = CONICAL_SURFACE ( 'NONE', #8374, 3.349999999999984990, 0.7853981633974526089 ) ;
#1130 = FACE_OUTER_BOUND ( 'NONE', #5309, .T. ) ;
#1131 = CARTESIAN_POINT ( 'NONE',  ( 40.49999999999998579, -49.49999999999998579, 19.00538238691625281 ) ) ;
#1132 = DIRECTION ( 'NONE',  ( -0.7071067811865475727, 0.000000000000000000, -0.7071067811865475727 ) ) ;
#1133 = CARTESIAN_POINT ( 'NONE',  ( 8.999999999999994671, 30.86660026534075740, 4.000000000000000000 ) ) ;
#1134 = VERTEX_POINT ( 'NONE', #9543 ) ;
#1135 = DIRECTION ( 'NONE',  ( -0.8191520442889905773, -0.000000000000000000, 0.5735764363510477137 ) ) ;
#1136 = AXIS2_PLACEMENT_3D ( 'NONE', #1807, #6998, #10952 ) ;
#1137 = DIRECTION ( 'NONE',  ( -0.000000000000000000, -0.000000000000000000, -1.000000000000000000 ) ) ;
#1138 = VECTOR ( 'NONE', #8837, 1000.000000000000114 ) ;
#1139 = VECTOR ( 'NONE', #12416, 1000.000000000000000 ) ;
#1140 = ORIENTED_EDGE ( 'NONE', *, *, #7268, .T. ) ;
#1141 = FACE_OUTER_BOUND ( 'NONE', #244, .T. ) ;
#1142 = EDGE_LOOP ( 'NONE', ( #9829, #8303, #1021, #2085 ) ) ;
#1143 = ORIENTED_EDGE ( 'NONE', *, *, #5122, .T. ) ;
#1144 = LINE ( 'NONE', #2624, #10476 ) ;
#1145 = CARTESIAN_POINT ( 'NONE',  ( -26.24999999999998934, -57.50000000000000711, 45.15564437074637993 ) ) ;
#1146 = EDGE_CURVE ( 'NONE', #409, #3942, #7468, .T. ) ;
#1147 = AXIS2_PLACEMENT_3D ( 'NONE', #6401, #8407, #3596 ) ;
#1148 = VECTOR ( 'NONE', #6736, 1000.000000000000000 ) ;
#1150 = AXIS2_PLACEMENT_3D ( 'NONE', #12662, #1892, #1833 ) ;
#1149 = DIRECTION ( 'NONE',  ( 0.000000000000000000, -0.7071067811865489050, 0.7071067811865462405 ) ) ;
#1151 = DIRECTION ( 'NONE',  ( -0.8483650059915275321, -0.5294117647058815823, -0.000000000000000000 ) ) ;
#1152 = AXIS2_PLACEMENT_3D ( 'NONE', #6518, #12427, #4503 ) ;
#1153 = ORIENTED_EDGE ( 'NONE', *, *, #1174, .F. ) ;
#1154 = ORIENTED_EDGE ( 'NONE', *, *, #1094, .T. ) ;
#1155 = CARTESIAN_POINT ( 'NONE',  ( 2.999999999999997335, 53.50000000000000000, 12.50000000000000000 ) ) ;
#1156 = ADVANCED_FACE ( 'NONE', ( #4608 ), #1953, .T. ) ;
#1157 = EDGE_LOOP ( 'NONE', ( #2278, #9552, #2944, #9455 ) ) ;
#1158 = VERTEX_POINT ( 'NONE', #3835 ) ;
#1159 = AXIS2_PLACEMENT_3D ( 'NONE', #956, #4899, #6910 ) ;
#1160 = DIRECTION ( 'NONE',  ( 0.000000000000000000, 1.000000000000000000, -0.000000000000000000 ) ) ;
#1161 = ORIENTED_EDGE ( 'NONE', *, *, #5602, .T. ) ;
#1162 = CARTESIAN_POINT ( 'NONE',  ( 21.49999999999999289, 8.000000000000001776, 12.50000000000000000 ) ) ;
#1163 = ORIENTED_EDGE ( 'NONE', *, *, #10688, .F. ) ;
#1164 = SPHERICAL_SURFACE ( 'NONE', #7764, 1.500000000000000000 ) ;
#1165 = DIRECTION ( 'NONE',  ( -0.000000000000000000, -0.000000000000000000, 1.000000000000000000 ) ) ;
#1166 = DIRECTION ( 'NONE',  ( -0.000000000000000000, -0.000000000000000000, -1.000000000000000000 ) ) ;
#1167 = CIRCLE ( 'NONE', #2398, 1.500000000000000000 ) ;
#1168 = CARTESIAN_POINT ( 'NONE',  ( 7.499999999999992895, 22.50000000000000355, 12.50000000000000000 ) ) ;
#1169 = CARTESIAN_POINT ( 'NONE',  ( 8.999999999999994671, 10.99999999999999467, 12.00000000000000000 ) ) ;
#1170 = LINE ( 'NONE', #9923, #3395 ) ;
#1171 = ADVANCED_FACE ( 'NONE', ( #8757 ), #11465, .F. ) ;
#1172 = EDGE_LOOP ( 'NONE', ( #2513, #9965, #2516, #1246 ) ) ;
#1173 = DIRECTION ( 'NONE',  ( 0.000000000000000000, 0.000000000000000000, -1.000000000000000000 ) ) ;
#1174 = EDGE_CURVE ( 'NONE', #5005, #6118, #12706, .T. ) ;
#1175 = CARTESIAN_POINT ( 'NONE',  ( 8.735294117647049106, 29.39014139498651090, 12.50000000000000000 ) ) ;
#1176 = ORIENTED_EDGE ( 'NONE', *, *, #12247, .F. ) ;
#1177 = VECTOR ( 'NONE', #9988, 1000.000000000000000 ) ;
#1178 = DIRECTION ( 'NONE',  ( 1.000000000000000000, 0.000000000000000000, 0.000000000000000000 ) ) ;
#1179 = DIRECTION ( 'NONE',  ( -0.000000000000000000, -0.000000000000000000, 1.000000000000000000 ) ) ;
#1180 = DIRECTION ( 'NONE',  ( -0.000000000000000000, -0.000000000000000000, -1.000000000000000000 ) ) ;
#1181 = FACE_OUTER_BOUND ( 'NONE', #12307, .T. ) ;
#1182 = CARTESIAN_POINT ( 'NONE',  ( -40.50000000000002132, 49.49999999999997868, 11.99999999999998934 ) ) ;
#1183 = EDGE_CURVE ( 'NONE', #2248, #3280, #8631, .T. ) ;
#1184 = ORIENTED_EDGE ( 'NONE', *, *, #3064, .T. ) ;
#1185 = EDGE_CURVE ( 'NONE', #7414, #7544, #7655, .T. ) ;
#1186 = LINE ( 'NONE', #11226, #5068 ) ;
#1187 = CARTESIAN_POINT ( 'NONE',  ( -43.50000000000002132, -42.50000000000000711, 4.000000000000000000 ) ) ;
#1188 = DIRECTION ( 'NONE',  ( 0.000000000000000000, 0.000000000000000000, -1.000000000000000000 ) ) ;
#1189 = ORIENTED_EDGE ( 'NONE', *, *, #10288, .T. ) ;
#1190 = LINE ( 'NONE', #4037, #3978 ) ;
#1191 = EDGE_CURVE ( 'NONE', #5617, #10096, #10844, .T. ) ;
#1192 = ORIENTED_EDGE ( 'NONE', *, *, #7903, .F. ) ;
#1193 = FACE_OUTER_BOUND ( 'NONE', #4666, .T. ) ;
#1194 = LINE ( 'NONE', #10981, #4395 ) ;
#1195 = DIRECTION ( 'NONE',  ( 0.7071067811865462405, 0.000000000000000000, 0.7071067811865489050 ) ) ;
#1196 = ORIENTED_EDGE ( 'NONE', *, *, #2880, .F. ) ;
#1197 = CONICAL_SURFACE ( 'NONE', #9273, 0.9999999999999942268, 0.7853981633974341792 ) ;
#1198 = TOROIDAL_SURFACE ( 'NONE', #994, 8.500000000000001776, 1.500000000000000000 ) ;
#1199 = DIRECTION ( 'NONE',  ( -1.000000000000000000, 0.000000000000000000, 0.000000000000000000 ) ) ;
#1200 = DIRECTION ( 'NONE',  ( -1.000000000000000000, 0.000000000000000000, 0.000000000000000000 ) ) ;
#1201 = ORIENTED_EDGE ( 'NONE', *, *, #9259, .F. ) ;
#1202 = DIRECTION ( 'NONE',  ( 1.000000000000000000, -0.000000000000000000, -0.000000000000000000 ) ) ;
#1203 = ORIENTED_EDGE ( 'NONE', *, *, #11001, .F. ) ;
#1204 = DIRECTION ( 'NONE',  ( -1.000000000000000000, 0.000000000000000000, 0.000000000000000000 ) ) ;
#1205 = VECTOR ( 'NONE', #6707, 1000.000000000000000 ) ;
#1206 = VERTEX_POINT ( 'NONE', #1764 ) ;
#1207 = AXIS2_PLACEMENT_3D ( 'NONE', #12640, #7634, #5504 ) ;
#1208 = DIRECTION ( 'NONE',  ( -9.796085511398436814E-16, 1.000000000000000000, -0.000000000000000000 ) ) ;
#1209 = LINE ( 'NONE', #7365, #6917 ) ;
#1210 = CARTESIAN_POINT ( 'NONE',  ( -47.49999999999999289, 53.74999999999999289, 25.00000000000000000 ) ) ;
#1211 = DIRECTION ( 'NONE',  ( -1.000000000000000000, 0.000000000000000000, 0.000000000000000000 ) ) ;
#1212 = VERTEX_POINT ( 'NONE', #11765 ) ;
#1213 = EDGE_LOOP ( 'NONE', ( #2295, #10988, #7887, #6422 ) ) ;
#1214 = EDGE_CURVE ( 'NONE', #7207, #1263, #1719, .T. ) ;
#1215 = CARTESIAN_POINT ( 'NONE',  ( 43.49999999999997868, 8.500000000000003553, 12.50000000000000000 ) ) ;
#1216 = VECTOR ( 'NONE', #7415, 1000.000000000000000 ) ;
#1217 = VECTOR ( 'NONE', #4030, 1000.000000000000000 ) ;
#1218 = EDGE_LOOP ( 'NONE', ( #2836, #7991 ) ) ;
#1219 = ADVANCED_FACE ( 'NONE', ( #1832 ), #10630, .F. ) ;
#1220 = VERTEX_POINT ( 'NONE', #12606 ) ;
#1221 = PLANE ( 'NONE',  #11767 ) ;
#1222 = ORIENTED_EDGE ( 'NONE', *, *, #5122, .F. ) ;
#1223 = CARTESIAN_POINT ( 'NONE',  ( 3.120936653273364225, 54.99999999999999289, 12.00000000000000000 ) ) ;
#1224 = EDGE_LOOP ( 'NONE', ( #7290, #1051, #8475 ) ) ;
#1225 = CARTESIAN_POINT ( 'NONE',  ( -51.39005426567752011, -21.50000000000000000, 62.27008207479196500 ) ) ;
#1226 = CARTESIAN_POINT ( 'NONE',  ( 34.99999999999999289, -62.50000000000001421, 25.00000000000000000 ) ) ;
#1227 = CIRCLE ( 'NONE', #12410, 1.500000000000000000 ) ;
#1228 = CARTESIAN_POINT ( 'NONE',  ( 27.50000000000000711, 12.49999999999999645, 4.000000000000000000 ) ) ;
#1229 = DIRECTION ( 'NONE',  ( -0.7071067811865531239, 8.659560562355001884E-17, 0.7071067811865420216 ) ) ;
#1230 = FACE_BOUND ( 'NONE', #12270, .T. ) ;
#1231 = CARTESIAN_POINT ( 'NONE',  ( -63.77157278485889691, -21.50000000000000000, 41.27489216950248618 ) ) ;
#1232 = ORIENTED_EDGE ( 'NONE', *, *, #6080, .T. ) ;
#1233 = EDGE_CURVE ( 'NONE', #2198, #12027, #5782, .T. ) ;
#1234 = LINE ( 'NONE', #5112, #7740 ) ;
#1235 = DIRECTION ( 'NONE',  ( 1.000000000000000000, 0.000000000000000000, 0.000000000000000000 ) ) ;
#1236 = ORIENTED_EDGE ( 'NONE', *, *, #11129, .F. ) ;
#1237 = CARTESIAN_POINT ( 'NONE',  ( 8.999999999999992895, 30.86660026534075740, 4.000000000000000000 ) ) ;
#1238 = LINE ( 'NONE', #5176, #5855 ) ;
#1239 = EDGE_CURVE ( 'NONE', #6588, #12433, #484, .T. ) ;
#1240 = EDGE_CURVE ( 'NONE', #3734, #7303, #796, .T. ) ;
#1241 = DIRECTION ( 'NONE',  ( -1.000000000000000000, -1.541976423090495387E-16, 0.000000000000000000 ) ) ;
#1242 = DIRECTION ( 'NONE',  ( -1.000000000000000000, 0.000000000000000000, 0.000000000000000000 ) ) ;
#1243 = VERTEX_POINT ( 'NONE', #6682 ) ;
#1244 = DIRECTION ( 'NONE',  ( 0.3529411764705893129, -0.9356455129756975353, 0.000000000000000000 ) ) ;
#1245 = CARTESIAN_POINT ( 'NONE',  ( -68.04832848065167639, 14.49999999999999822, 38.65394563847515741 ) ) ;
#1246 = ORIENTED_EDGE ( 'NONE', *, *, #4961, .T. ) ;
#1247 = CARTESIAN_POINT ( 'NONE',  ( -7.999999999999984901, 24.00000000000000000, 12.50000000000000000 ) ) ;
#1248 = EDGE_CURVE ( 'NONE', #7458, #12678, #7856, .T. ) ;
#1249 = VERTEX_POINT ( 'NONE', #6823 ) ;
#1250 = CARTESIAN_POINT ( 'NONE',  ( -43.74999999999999289, 61.25000000000001421, 0.000000000000000000 ) ) ;
#1251 = ORIENTED_EDGE ( 'NONE', *, *, #932, .T. ) ;
#1252 = EDGE_CURVE ( 'NONE', #10891, #9697, #2995, .T. ) ;
#1253 = LINE ( 'NONE', #4226, #6955 ) ;
#1254 = ADVANCED_FACE ( 'NONE', ( #10911 ), #2016, .F. ) ;
#1255 = CARTESIAN_POINT ( 'NONE',  ( -33.32287565553228603, 54.99999999999999289, 12.50000000000000000 ) ) ;
#1256 = LINE ( 'NONE', #3321, #4488 ) ;
#1257 = ORIENTED_EDGE ( 'NONE', *, *, #11900, .F. ) ;
#1258 = DIRECTION ( 'NONE',  ( 0.000000000000000000, 0.000000000000000000, 1.000000000000000000 ) ) ;
#1259 = FACE_OUTER_BOUND ( 'NONE', #12188, .T. ) ;
#1260 = ORIENTED_EDGE ( 'NONE', *, *, #5972, .F. ) ;
#1261 = EDGE_CURVE ( 'NONE', #1428, #2830, #4681, .T. ) ;
#1262 = CARTESIAN_POINT ( 'NONE',  ( 10.49999999999999467, 14.54701313970656962, 4.000000000000000000 ) ) ;
#1263 = VERTEX_POINT ( 'NONE', #3759 ) ;
#1264 = CIRCLE ( 'NONE', #6232, 1.500000000000000000 ) ;
#1265 = ORIENTED_EDGE ( 'NONE', *, *, #11587, .F. ) ;
#1266 = LINE ( 'NONE', #5205, #7776 ) ;
#1267 = DIRECTION ( 'NONE',  ( 0.8191520442889911324, 0.000000000000000000, -0.5735764363510471586 ) ) ;
#1268 = FACE_OUTER_BOUND ( 'NONE', #11612, .T. ) ;
#1269 = DIRECTION ( 'NONE',  ( -1.000000000000000000, 0.000000000000000000, 0.000000000000000000 ) ) ;
#1270 = EDGE_LOOP ( 'NONE', ( #8797, #1090, #7979, #12815 ) ) ;
#1271 = ORIENTED_EDGE ( 'NONE', *, *, #6867, .T. ) ;
#1272 = CARTESIAN_POINT ( 'NONE',  ( 29.99999999999998934, 61.25000000000001421, 0.4000000000000114575 ) ) ;
#1273 = EDGE_CURVE ( 'NONE', #3411, #4827, #7720, .T. ) ;
#1274 = ORIENTED_EDGE ( 'NONE', *, *, #4079, .T. ) ;
#1275 = ORIENTED_EDGE ( 'NONE', *, *, #11386, .F. ) ;
#1276 = DIRECTION ( 'NONE',  ( 1.000000000000000000, 0.000000000000000000, 0.000000000000000000 ) ) ;
#1277 = ORIENTED_EDGE ( 'NONE', *, *, #6400, .T. ) ;
#1278 = CARTESIAN_POINT ( 'NONE',  ( 2.999999999999996891, 55.00000000000000000, 12.00000000000000000 ) ) ;
#1279 = ORIENTED_EDGE ( 'NONE', *, *, #688, .T. ) ;
#1280 = VECTOR ( 'NONE', #5712, 1000.000000000000000 ) ;
#1281 = DIRECTION ( 'NONE',  ( -1.000000000000000000, 0.000000000000000000, 0.000000000000000000 ) ) ;
#1282 = DIRECTION ( 'NONE',  ( 0.000000000000000000, 0.000000000000000000, -1.000000000000000000 ) ) ;
#1283 = FACE_OUTER_BOUND ( 'NONE', #5160, .T. ) ;
#1284 = CARTESIAN_POINT ( 'NONE',  ( -63.73928271806385482, -21.50000000000000000, 37.83411357279121034 ) ) ;
#1285 = DIRECTION ( 'NONE',  ( 0.000000000000000000, 0.000000000000000000, -1.000000000000000000 ) ) ;
#1286 = AXIS2_PLACEMENT_3D ( 'NONE', #9762, #9901, #8916 ) ;
#1287 = CYLINDRICAL_SURFACE ( 'NONE', #8987, 1.500000000000000000 ) ;
#1288 = CIRCLE ( 'NONE', #11862, 1.500000000000000444 ) ;
#1289 = ORIENTED_EDGE ( 'NONE', *, *, #6721, .F. ) ;
#1290 = DIRECTION ( 'NONE',  ( 0.000000000000000000, 0.000000000000000000, 1.000000000000000000 ) ) ;
#1291 = DIRECTION ( 'NONE',  ( 0.000000000000000000, 0.000000000000000000, 1.000000000000000000 ) ) ;
#1292 = ORIENTED_EDGE ( 'NONE', *, *, #9193, .F. ) ;
#1293 = DIRECTION ( 'NONE',  ( -1.000000000000000000, 0.000000000000000000, 0.000000000000000000 ) ) ;
#1294 = DIRECTION ( 'NONE',  ( 0.000000000000000000, 1.000000000000000000, 0.000000000000000000 ) ) ;
#1295 = VECTOR ( 'NONE', #7786, 1000.000000000000227 ) ;
#1296 = VECTOR ( 'NONE', #3858, 1000.000000000000114 ) ;
#1297 = AXIS2_PLACEMENT_3D ( 'NONE', #7170, #11125, #4118 ) ;
#1298 = EDGE_CURVE ( 'NONE', #8833, #12647, #9675, .T. ) ;
#1299 = VERTEX_POINT ( 'NONE', #10721 ) ;
#1300 = CARTESIAN_POINT ( 'NONE',  ( -39.99999999999999289, -61.25000000000001421, 0.4000000000000114575 ) ) ;
#1301 = CARTESIAN_POINT ( 'NONE',  ( -43.30000000000003268, 49.49999999999997868, 12.50000000000000000 ) ) ;
#1302 = VERTEX_POINT ( 'NONE', #10126 ) ;
#1303 = EDGE_CURVE ( 'NONE', #5114, #4550, #2979, .T. ) ;
#1304 = DIRECTION ( 'NONE',  ( -0.9356455129756976463, -0.3529411764705893684, -0.000000000000000000 ) ) ;
#1305 = VECTOR ( 'NONE', #3051, 1000.000000000000000 ) ;
#1306 = CIRCLE ( 'NONE', #3363, 1.500000000000001332 ) ;
#1307 = CARTESIAN_POINT ( 'NONE',  ( -33.50000000000000000, -55.00000000000000711, 4.000000000000000000 ) ) ;
#1308 = AXIS2_PLACEMENT_3D ( 'NONE', #11024, #2072, #12790 ) ;
#1309 = EDGE_LOOP ( 'NONE', ( #11956, #8648, #10263, #11660 ) ) ;
#1310 = VERTEX_POINT ( 'NONE', #268 ) ;
#1311 = CARTESIAN_POINT ( 'NONE',  ( 4.499999999999992006, 14.54701313970656962, 12.50000000000000000 ) ) ;
#1312 = EDGE_LOOP ( 'NONE', ( #2853, #10034, #11347, #11006 ) ) ;
#1313 = CARTESIAN_POINT ( 'NONE',  ( 44.99999999999997868, 11.00000000000000355, 12.50000000000000000 ) ) ;
#1314 = AXIS2_PLACEMENT_3D ( 'NONE', #2383, #3229, #5303 ) ;
#1315 = FACE_OUTER_BOUND ( 'NONE', #7674, .T. ) ;
#1316 = VECTOR ( 'NONE', #2480, 1000.000000000000000 ) ;
#1317 = DIRECTION ( 'NONE',  ( -0.8191520442889907994, -0.000000000000000000, 0.5735764363510478248 ) ) ;
#1318 = ORIENTED_EDGE ( 'NONE', *, *, #9175, .T. ) ;
#1319 = CYLINDRICAL_SURFACE ( 'NONE', #8, 1.500000000000000000 ) ;
#1320 = ADVANCED_FACE ( 'NONE', ( #12215, #6294 ), #3309, .T. ) ;
#1321 = DIRECTION ( 'NONE',  ( -0.000000000000000000, -1.000000000000000000, 1.387778780781445676E-16 ) ) ;
#1322 = EDGE_LOOP ( 'NONE', ( #2217, #4756, #4238, #12745, #5202, #1032, #11410, #8684, #3189, #5148, #11366, #4518, #4828, #6763, #9751, #7069, #12068, #11588, #7159, #444 ) ) ;
#1323 = EDGE_CURVE ( 'NONE', #1658, #10366, #1328, .T. ) ;
#1324 = EDGE_CURVE ( 'NONE', #12437, #5083, #3054, .T. ) ;
#1325 = VECTOR ( 'NONE', #3239, 1000.000000000000114 ) ;
#1326 = EDGE_CURVE ( 'NONE', #5547, #5338, #342, .T. ) ;
#1327 = DIRECTION ( 'NONE',  ( 0.000000000000000000, 0.000000000000000000, 1.000000000000000000 ) ) ;
#1328 = CIRCLE ( 'NONE', #4628, 3.750000000000003553 ) ;
#1329 = ORIENTED_EDGE ( 'NONE', *, *, #3004, .T. ) ;
#1330 = CYLINDRICAL_SURFACE ( 'NONE', #9371, 1.000000000000000000 ) ;
#1331 = EDGE_LOOP ( 'NONE', ( #10700, #3868, #595, #3045 ) ) ;
#1332 = DIRECTION ( 'NONE',  ( 0.7071067811865378028, 0.000000000000000000, -0.7071067811865573427 ) ) ;
#1333 = CARTESIAN_POINT ( 'NONE',  ( -3.000000000000001332, -53.50000000000000000, 4.000000000000000000 ) ) ;
#1334 = CARTESIAN_POINT ( 'NONE',  ( 29.99999999999998579, -62.50000000000001421, 0.4000000000000114575 ) ) ;
#1335 = DIRECTION ( 'NONE',  ( -0.000000000000000000, -0.000000000000000000, -1.000000000000000000 ) ) ;
#1336 = ADVANCED_FACE ( 'NONE', ( #2330 ), #8109, .T. ) ;
#1337 = VERTEX_POINT ( 'NONE', #3249 ) ;
#1338 = EDGE_LOOP ( 'NONE', ( #4882, #11449, #9268, #8040 ) ) ;
#1339 = AXIS2_PLACEMENT_3D ( 'NONE', #9331, #10059, #1178 ) ;
#1340 = CIRCLE ( 'NONE', #8573, 3.750000000000000000 ) ;
#1341 = CONICAL_SURFACE ( 'NONE', #12118, 2.000000000000001776, 0.7853981633974479459 ) ;
#1342 = LINE ( 'NONE', #10094, #7345 ) ;
#1343 = ORIENTED_EDGE ( 'NONE', *, *, #6400, .F. ) ;
#1344 = EDGE_CURVE ( 'NONE', #6657, #3151, #11479, .T. ) ;
#1345 = VERTEX_POINT ( 'NONE', #1118 ) ;
#1346 = DIRECTION ( 'NONE',  ( -0.000000000000000000, -0.000000000000000000, 1.000000000000000000 ) ) ;
#1347 = ORIENTED_EDGE ( 'NONE', *, *, #1574, .T. ) ;
#1348 = CIRCLE ( 'NONE', #943, 1.700000000000004174 ) ;
#1349 = LINE ( 'NONE', #434, #1521 ) ;
#1350 = AXIS2_PLACEMENT_3D ( 'NONE', #6932, #9921, #4978 ) ;
#1351 = AXIS2_PLACEMENT_3D ( 'NONE', #2350, #287, #4233 ) ;
#1352 = ORIENTED_EDGE ( 'NONE', *, *, #11783, .F. ) ;
#1353 = DIRECTION ( 'NONE',  ( 0.5735764363510474917, 0.000000000000000000, 0.8191520442889906883 ) ) ;
#1354 = DIRECTION ( 'NONE',  ( -1.000000000000000000, 0.000000000000000000, 0.000000000000000000 ) ) ;
#1355 = EDGE_CURVE ( 'NONE', #5564, #2056, #10180, .T. ) ;
#1356 = DIRECTION ( 'NONE',  ( 1.000000000000000000, 0.000000000000000000, 0.000000000000000000 ) ) ;
#1357 = CARTESIAN_POINT ( 'NONE',  ( 44.99999999999997868, -40.99999999999998579, 4.000000000000000000 ) ) ;
#1358 = CARTESIAN_POINT ( 'NONE',  ( -32.00000000000000000, -53.50000000000000711, 12.00000000000001066 ) ) ;
#1359 = VECTOR ( 'NONE', #11902, 1000.000000000000000 ) ;
#1360 = CIRCLE ( 'NONE', #3828, 1.500000000000001332 ) ;
#1361 = CIRCLE ( 'NONE', #12748, 3.749999999999996447 ) ;
#1362 = DIRECTION ( 'NONE',  ( 1.000000000000000000, 0.000000000000000000, 0.000000000000000000 ) ) ;
#1363 = AXIS2_PLACEMENT_3D ( 'NONE', #2684, #8457, #11448 ) ;
#1364 = VERTEX_POINT ( 'NONE', #1301 ) ;
#1365 = DIRECTION ( 'NONE',  ( 1.000000000000000000, 0.000000000000000000, 0.000000000000000000 ) ) ;
#1366 = ORIENTED_EDGE ( 'NONE', *, *, #8173, .F. ) ;
#1367 = LINE ( 'NONE', #11351, #5897 ) ;
#1368 = DIRECTION ( 'NONE',  ( -1.000000000000000000, -0.000000000000000000, 0.000000000000000000 ) ) ;
#1369 = AXIS2_PLACEMENT_3D ( 'NONE', #12028, #11042, #8119 ) ;
#1370 = VECTOR ( 'NONE', #10540, 1000.000000000000000 ) ;
#1371 = CARTESIAN_POINT ( 'NONE',  ( 4.499999999999993783, 14.54701313970656607, 2.500000000000000000 ) ) ;
#1372 = CARTESIAN_POINT ( 'NONE',  ( -68.55209712461198990, 30.00000000000000000, 37.93448945374404246 ) ) ;
#1373 = EDGE_CURVE ( 'NONE', #10942, #3269, #5062, .T. ) ;
#1374 = DIRECTION ( 'NONE',  ( -0.000000000000000000, 1.000000000000000000, 0.000000000000000000 ) ) ;
#1375 = EDGE_LOOP ( 'NONE', ( #4443, #12653, #9646, #11927 ) ) ;
#1376 = CIRCLE ( 'NONE', #3023, 1.500000000000001332 ) ;
#1377 = FACE_OUTER_BOUND ( 'NONE', #4129, .T. ) ;
#1378 = FACE_OUTER_BOUND ( 'NONE', #2044, .T. ) ;
#1379 = ORIENTED_EDGE ( 'NONE', *, *, #4726, .F. ) ;
#1380 = ADVANCED_FACE ( 'NONE', ( #7990 ), #5247, .T. ) ;
#1381 = ORIENTED_EDGE ( 'NONE', *, *, #10334, .T. ) ;
#1382 = DIRECTION ( 'NONE',  ( -0.000000000000000000, -0.000000000000000000, -1.000000000000000000 ) ) ;
#1383 = ORIENTED_EDGE ( 'NONE', *, *, #1261, .F. ) ;
#1384 = DIRECTION ( 'NONE',  ( -0.7071067811865471286, -5.935329354903379593E-16, 0.7071067811865479058 ) ) ;
#1385 = ADVANCED_FACE ( 'NONE', ( #5125 ), #12104, .F. ) ;
#1386 = CARTESIAN_POINT ( 'NONE',  ( 47.50000000000000711, 57.49999999999999289, 25.00000000000000000 ) ) ;
#1387 = DIRECTION ( 'NONE',  ( -0.000000000000000000, 1.000000000000000000, 0.000000000000000000 ) ) ;
#1388 = ORIENTED_EDGE ( 'NONE', *, *, #10634, .T. ) ;
#1389 = FACE_OUTER_BOUND ( 'NONE', #11137, .T. ) ;
#1390 = DIRECTION ( 'NONE',  ( 0.000000000000000000, 0.000000000000000000, -1.000000000000000000 ) ) ;
#1391 = VERTEX_POINT ( 'NONE', #8950 ) ;
#1392 = DIRECTION ( 'NONE',  ( 0.7071067811865101582, -1.035375229378341141E-16, 0.7071067811865847652 ) ) ;
#1393 = ORIENTED_EDGE ( 'NONE', *, *, #11873, .F. ) ;
#1394 = DIRECTION ( 'NONE',  ( 0.000000000000000000, 0.000000000000000000, 1.000000000000000000 ) ) ;
#1395 = ORIENTED_EDGE ( 'NONE', *, *, #12213, .T. ) ;
#1396 = LINE ( 'NONE', #8391, #338 ) ;
#1397 = DIRECTION ( 'NONE',  ( 0.000000000000000000, 0.000000000000000000, -1.000000000000000000 ) ) ;
#1398 = EDGE_CURVE ( 'NONE', #11592, #3932, #2140, .T. ) ;
#1399 = VECTOR ( 'NONE', #1879, 1000.000000000000000 ) ;
#1400 = DIRECTION ( 'NONE',  ( -1.156482317317870344E-15, 1.000000000000000000, -0.000000000000000000 ) ) ;
#1401 = CIRCLE ( 'NONE', #8424, 1.000000000000000000 ) ;
#1402 = CARTESIAN_POINT ( 'NONE',  ( -65.48027695852827890, -30.00000000000000000, 35.78357781742762000 ) ) ;
#1403 = ORIENTED_EDGE ( 'NONE', *, *, #8677, .T. ) ;
#1404 = EDGE_LOOP ( 'NONE', ( #10687, #9839, #2763, #12534 ) ) ;
#1405 = EDGE_CURVE ( 'NONE', #5707, #9251, #1529, .T. ) ;
#1406 = DIRECTION ( 'NONE',  ( 4.625929269271481378E-15, -1.000000000000000000, 0.000000000000000000 ) ) ;
#1407 = VERTEX_POINT ( 'NONE', #5179 ) ;
#1408 = ORIENTED_EDGE ( 'NONE', *, *, #3954, .T. ) ;
#1409 = VECTOR ( 'NONE', #9057, 1000.000000000000000 ) ;
#1410 = DIRECTION ( 'NONE',  ( 0.000000000000000000, 0.000000000000000000, -1.000000000000000000 ) ) ;
#1411 = ORIENTED_EDGE ( 'NONE', *, *, #11734, .F. ) ;
#1412 = CARTESIAN_POINT ( 'NONE',  ( 3.471864632974452025, 54.99999999999999289, 12.06839257535534315 ) ) ;
#1414 = ADVANCED_FACE ( 'NONE', ( #2076 ), #6039, .F. ) ;
#1413 = VERTEX_POINT ( 'NONE', #10970 ) ;
#1415 = PLANE ( 'NONE',  #11918 ) ;
#1416 = FACE_OUTER_BOUND ( 'NONE', #8417, .T. ) ;
#1417 = PRODUCT_RELATED_PRODUCT_CATEGORY ( 'part', '', ( #2277 ) ) ;
#1418 = EDGE_CURVE ( 'NONE', #11669, #2374, #1729, .T. ) ;
#1419 = CARTESIAN_POINT ( 'NONE',  ( -0.4529868602934395971, 25.50000000000000711, 4.000000000000000000 ) ) ;
#1420 = CARTESIAN_POINT ( 'NONE',  ( -64.91014312481594573, -18.99999999999999645, 42.43836008095073709 ) ) ;
#1421 = EDGE_CURVE ( 'NONE', #4550, #10473, #4150, .T. ) ;
#1422 = ADVANCED_FACE ( 'NONE', ( #12398 ), #2468, .F. ) ;
#1423 = VECTOR ( 'NONE', #5084, 1000.000000000000114 ) ;
#1424 = CARTESIAN_POINT ( 'NONE',  ( -65.32022916300672932, -21.50000000000000000, 39.06318164992220687 ) ) ;
#1425 = AXIS2_PLACEMENT_3D ( 'NONE', #2604, #12272, #11301 ) ;
#1426 = FACE_BOUND ( 'NONE', #8859, .T. ) ;
#1427 = LINE ( 'NONE', #7387, #8171 ) ;
#1428 = VERTEX_POINT ( 'NONE', #8425 ) ;
#1429 = CARTESIAN_POINT ( 'NONE',  ( 0.000000000000000000, -3.000000000000009770, 2.500000000000000000 ) ) ;
#1430 = ORIENTED_EDGE ( 'NONE', *, *, #8949, .F. ) ;
#1431 = CIRCLE ( 'NONE', #3075, 2.300000000000003375 ) ;
#1432 = CIRCLE ( 'NONE', #11577, 3.000000000000000000 ) ;
#1433 = FACE_OUTER_BOUND ( 'NONE', #535, .T. ) ;
#1434 = FACE_OUTER_BOUND ( 'NONE', #5945, .T. ) ;
#1435 = DIRECTION ( 'NONE',  ( -1.000000000000000000, 0.000000000000000000, 0.000000000000000000 ) ) ;
#1436 = CARTESIAN_POINT ( 'NONE',  ( -34.99999999999999289, -62.50000000000001421, 13.00000000000000178 ) ) ;
#1437 = CIRCLE ( 'NONE', #4527, 4.899999999999951505 ) ;
#1438 = PLANE ( 'NONE',  #4003 ) ;
#1439 = EDGE_CURVE ( 'NONE', #8188, #3336, #12339, .T. ) ;
#1440 = ORIENTED_EDGE ( 'NONE', *, *, #10821, .F. ) ;
#1441 = CARTESIAN_POINT ( 'NONE',  ( 4.499999999999992006, 14.54701313970656962, 4.000000000000000000 ) ) ;
#1442 = DIRECTION ( 'NONE',  ( -1.000000000000000000, 0.000000000000000000, 0.000000000000000000 ) ) ;
#1443 = ORIENTED_EDGE ( 'NONE', *, *, #8590, .T. ) ;
#1444 = ORIENTED_EDGE ( 'NONE', *, *, #2196, .F. ) ;
#1445 = CARTESIAN_POINT ( 'NONE',  ( 10.49999999999999467, 14.54701313970656962, 12.50000000000000000 ) ) ;
#1446 = EDGE_CURVE ( 'NONE', #416, #5863, #10376, .T. ) ;
#1447 = ORIENTED_EDGE ( 'NONE', *, *, #8098, .F. ) ;
#1448 = CYLINDRICAL_SURFACE ( 'NONE', #8205, 1.000000000000000000 ) ;
#1449 = DIRECTION ( 'NONE',  ( 0.000000000000000000, 0.000000000000000000, 1.000000000000000000 ) ) ;
#1450 = CYLINDRICAL_SURFACE ( 'NONE', #985, 1.700000000000000178 ) ;
#1451 = ORIENTED_EDGE ( 'NONE', *, *, #915, .F. ) ;
#1452 = DIRECTION ( 'NONE',  ( -0.000000000000000000, 1.000000000000000000, 0.000000000000000000 ) ) ;
#1453 = DIRECTION ( 'NONE',  ( 1.000000000000000000, 0.000000000000000000, 0.000000000000000000 ) ) ;
#1454 = ORIENTED_EDGE ( 'NONE', *, *, #1421, .F. ) ;
#1455 = FACE_OUTER_BOUND ( 'NONE', #7167, .T. ) ;
#1456 = ORIENTED_EDGE ( 'NONE', *, *, #7128, .T. ) ;
#1457 = DIRECTION ( 'NONE',  ( 0.000000000000000000, 1.000000000000000000, 0.000000000000000000 ) ) ;
#1458 = VERTEX_POINT ( 'NONE', #402 ) ;
#1459 = DIRECTION ( 'NONE',  ( 0.5735764363510471586, -0.000000000000000000, 0.8191520442889911324 ) ) ;
#1460 = DIRECTION ( 'NONE',  ( -0.000000000000000000, -0.000000000000000000, 1.000000000000000000 ) ) ;
#1461 = FACE_OUTER_BOUND ( 'NONE', #10662, .T. ) ;
#1462 = LINE ( 'NONE', #12239, #6957 ) ;
#1463 = ORIENTED_EDGE ( 'NONE', *, *, #1214, .F. ) ;
#1464 = EDGE_CURVE ( 'NONE', #5639, #7629, #7532, .T. ) ;
#1465 = ORIENTED_EDGE ( 'NONE', *, *, #2157, .T. ) ;
#1466 = ADVANCED_FACE ( 'NONE', ( #3434 ), #1438, .F. ) ;
#1467 = ORIENTED_EDGE ( 'NONE', *, *, #8675, .F. ) ;
#1468 = FACE_OUTER_BOUND ( 'NONE', #11650, .T. ) ;
#1469 = ORIENTED_EDGE ( 'NONE', *, *, #456, .F. ) ;
#1470 = LINE ( 'NONE', #11202, #5041 ) ;
#1471 = ORIENTED_EDGE ( 'NONE', *, *, #12754, .F. ) ;
#1472 = CARTESIAN_POINT ( 'NONE',  ( -23.99999999999996447, 24.99999999999999289, 12.50000000000000000 ) ) ;
#1473 = CARTESIAN_POINT ( 'NONE',  ( -11.00000000000000178, 55.00000000000000711, 12.50000000000000000 ) ) ;
#1474 = FACE_OUTER_BOUND ( 'NONE', #778, .T. ) ;
#1475 = CARTESIAN_POINT ( 'NONE',  ( -43.50000000000002132, 40.99999999999999289, 4.000000000000000000 ) ) ;
#1476 = LINE ( 'NONE', #6347, #2124 ) ;
#1477 = AXIS2_PLACEMENT_3D ( 'NONE', #6919, #1920, #6987 ) ;
#1478 = FACE_OUTER_BOUND ( 'NONE', #5719, .T. ) ;
#1479 = DIRECTION ( 'NONE',  ( 0.000000000000000000, 0.000000000000000000, -1.000000000000000000 ) ) ;
#1480 = ORIENTED_EDGE ( 'NONE', *, *, #8073, .F. ) ;
#1481 = VERTEX_POINT ( 'NONE', #11297 ) ;
#1482 = EDGE_CURVE ( 'NONE', #11667, #12812, #9528, .T. ) ;
#1483 = DIRECTION ( 'NONE',  ( -0.8191520442889905773, -0.000000000000000000, 0.5735764363510477137 ) ) ;
#1484 = AXIS2_PLACEMENT_3D ( 'NONE', #3636, #3564, #3384 ) ;
#1485 = EDGE_CURVE ( 'NONE', #5668, #2151, #1496, .T. ) ;
#1486 = VERTEX_POINT ( 'NONE', #8486 ) ;
#1487 = ADVANCED_FACE ( 'NONE', ( #3493 ), #8301, .F. ) ;
#1488 = CARTESIAN_POINT ( 'NONE',  ( -50.40724181787948766, 21.50000000000000000, 60.36113480143597343 ) ) ;
#1489 = EDGE_CURVE ( 'NONE', #6350, #10071, #2655, .T. ) ;
#1490 = DIRECTION ( 'NONE',  ( -8.474412998762999870E-16, -1.000000000000000000, 0.000000000000000000 ) ) ;
#1491 = LINE ( 'NONE', #6354, #2956 ) ;
#1492 = FACE_OUTER_BOUND ( 'NONE', #11976, .T. ) ;
#1493 = DIRECTION ( 'NONE',  ( -0.000000000000000000, -0.000000000000000000, -1.000000000000000000 ) ) ;
#1494 = CIRCLE ( 'NONE', #8727, 1.499999999999999556 ) ;
#1495 = EDGE_CURVE ( 'NONE', #11305, #9209, #7454, .T. ) ;
#1496 = LINE ( 'NONE', #4342, #5246 ) ;
#1497 = ORIENTED_EDGE ( 'NONE', *, *, #4744, .T. ) ;
#1498 = CARTESIAN_POINT ( 'NONE',  ( -45.00000000000002132, 41.23931069701793461, 12.01475035840395122 ) ) ;
#1499 = CARTESIAN_POINT ( 'NONE',  ( -34.99999999999999289, -62.50000000000001421, 0.4000000000000114575 ) ) ;
#1500 = ORIENTED_EDGE ( 'NONE', *, *, #12571, .T. ) ;
#1501 = CIRCLE ( 'NONE', #6258, 2.300000000000003375 ) ;
#1502 = ORIENTED_EDGE ( 'NONE', *, *, #4089, .T. ) ;
#1503 = CARTESIAN_POINT ( 'NONE',  ( -47.49999999999999289, 32.49999999999998579, -7.896078054371140631 ) ) ;
#1504 = ORIENTED_EDGE ( 'NONE', *, *, #3432, .F. ) ;
#1505 = EDGE_CURVE ( 'NONE', #10668, #4141, #4470, .T. ) ;
#1506 = CARTESIAN_POINT ( 'NONE',  ( 27.49999999999999289, 55.00000000000000711, 2.500000000000002220 ) ) ;
#1507 = FACE_OUTER_BOUND ( 'NONE', #5383, .T. ) ;
#1508 = DIRECTION ( 'NONE',  ( 1.000000000000000000, 0.000000000000000000, 0.000000000000000000 ) ) ;
#1509 = ORIENTED_EDGE ( 'NONE', *, *, #4940, .T. ) ;
#1510 = AXIS2_PLACEMENT_3D ( 'NONE', #9434, #1524, #9620 ) ;
#1511 = LINE ( 'NONE', #1639, #2753 ) ;
#1512 = VECTOR ( 'NONE', #12014, 1000.000000000000000 ) ;
#1513 = DIRECTION ( 'NONE',  ( -0.9848077530122172352, 8.659560562354489124E-17, -0.1736481776668779564 ) ) ;
#1514 = EDGE_LOOP ( 'NONE', ( #11526, #8281, #11359, #1388 ) ) ;
#1515 = DIRECTION ( 'NONE',  ( 1.000000000000000000, -0.000000000000000000, 0.000000000000000000 ) ) ;
#1516 = ORIENTED_EDGE ( 'NONE', *, *, #2177, .T. ) ;
#1517 = CARTESIAN_POINT ( 'NONE',  ( 34.99999999999999289, -62.50000000000001421, 24.55000000000000071 ) ) ;
#1518 = VECTOR ( 'NONE', #11482, 1000.000000000000114 ) ;
#1519 = VERTEX_POINT ( 'NONE', #9336 ) ;
#1520 = VECTOR ( 'NONE', #9871, 1000.000000000000000 ) ;
#1521 = VECTOR ( 'NONE', #5412, 1000.000000000000000 ) ;
#1522 = CARTESIAN_POINT ( 'NONE',  ( -45.00000000000002842, -41.12096435643152859, 12.00000000000001599 ) ) ;
#1523 = PLANE ( 'NONE',  #4022 ) ;
#1524 = DIRECTION ( 'NONE',  ( 0.7071067811865475727, 0.000000000000000000, -0.7071067811865475727 ) ) ;
#1525 = LINE ( 'NONE', #9245, #8196 ) ;
#1526 = ORIENTED_EDGE ( 'NONE', *, *, #12751, .F. ) ;
#1527 = LINE ( 'NONE', #5479, #9008 ) ;
#1528 = CIRCLE ( 'NONE', #10232, 1.799999999999994049 ) ;
#1529 = CIRCLE ( 'NONE', #9392, 1.500000000000001332 ) ;
#1530 = CONICAL_SURFACE ( 'NONE', #11243, 3.349999999999991651, 0.7853981633974439491 ) ;
#1531 = VERTEX_POINT ( 'NONE', #8364 ) ;
#1532 = DIRECTION ( 'NONE',  ( -0.000000000000000000, -0.000000000000000000, 1.000000000000000000 ) ) ;
#1533 = EDGE_LOOP ( 'NONE', ( #9357, #11186, #5214 ) ) ;
#1534 = DIRECTION ( 'NONE',  ( 1.000000000000000000, 0.000000000000000000, 0.000000000000000000 ) ) ;
#1535 = EDGE_LOOP ( 'NONE', ( #1571, #7832 ) ) ;
#1536 = ADVANCED_FACE ( 'NONE', ( #10253 ), #4837, .F. ) ;
#1537 = PLANE ( 'NONE',  #4417 ) ;
#1538 = ORIENTED_EDGE ( 'NONE', *, *, #2621, .F. ) ;
#1539 = PLANE ( 'NONE',  #10885 ) ;
#1540 = DIRECTION ( 'NONE',  ( 0.000000000000000000, 1.000000000000000000, 0.000000000000000000 ) ) ;
#1541 = AXIS2_PLACEMENT_3D ( 'NONE', #1441, #5577, #9592 ) ;
#1542 = VECTOR ( 'NONE', #7608, 1000.000000000000227 ) ;
#1543 = DIRECTION ( 'NONE',  ( 1.000000000000000000, -0.000000000000000000, 0.000000000000000000 ) ) ;
#1544 = CARTESIAN_POINT ( 'NONE',  ( 5.029411764705874255, 15.95048140917011636, 12.50000000000000000 ) ) ;
#1545 = ADVANCED_FACE ( 'NONE', ( #4591 ), #7324, .F. ) ;
#1546 = VERTEX_POINT ( 'NONE', #4401 ) ;
#1547 = CARTESIAN_POINT ( 'NONE',  ( -40.50000000000002132, 49.49999999999997868, 12.50000000000000000 ) ) ;
#1548 = ORIENTED_EDGE ( 'NONE', *, *, #12709, .F. ) ;
#1549 = ORIENTED_EDGE ( 'NONE', *, *, #12360, .T. ) ;
#1550 = VECTOR ( 'NONE', #5757, 1000.000000000000000 ) ;
#1551 = AXIS2_PLACEMENT_3D ( 'NONE', #11748, #4721, #5696 ) ;
#1552 = AXIS2_PLACEMENT_3D ( 'NONE', #10200, #10081, #1200 ) ;
#1553 = DIRECTION ( 'NONE',  ( 0.000000000000000000, 0.000000000000000000, -1.000000000000000000 ) ) ;
#1554 = ORIENTED_EDGE ( 'NONE', *, *, #5519, .F. ) ;
#1555 = DIRECTION ( 'NONE',  ( 0.000000000000000000, 0.7071067811865414665, 0.7071067811865536790 ) ) ;
#1556 = CARTESIAN_POINT ( 'NONE',  ( -33.32287565553229314, -55.00000000000000711, 12.50000000000000000 ) ) ;
#1557 = CARTESIAN_POINT ( 'NONE',  ( 27.50000000000000711, 6.500000000000004441, 2.500000000000000000 ) ) ;
#1558 = DIRECTION ( 'NONE',  ( 0.000000000000000000, 0.000000000000000000, 1.000000000000000000 ) ) ;
#1559 = DIRECTION ( 'NONE',  ( 0.000000000000000000, -0.7071067811865474617, 0.7071067811865474617 ) ) ;
#1560 = AXIS2_PLACEMENT_3D ( 'NONE', #9446, #10551, #7438 ) ;
#1561 = AXIS2_PLACEMENT_3D ( 'NONE', #2694, #7624, #4764 ) ;
#1562 = CARTESIAN_POINT ( 'NONE',  ( -32.00000000000002132, 49.49999999999998579, 4.000000000000000000 ) ) ;
#1563 = CIRCLE ( 'NONE', #2173, 4.499999999999995559 ) ;
#1564 = EDGE_CURVE ( 'NONE', #1519, #7883, #12456, .T. ) ;
#1565 = DIRECTION ( 'NONE',  ( 1.000000000000000000, 0.000000000000000000, 0.000000000000000000 ) ) ;
#1566 = ORIENTED_EDGE ( 'NONE', *, *, #258, .T. ) ;
#1567 = DIRECTION ( 'NONE',  ( -0.000000000000000000, -0.000000000000000000, 1.000000000000000000 ) ) ;
#1568 = CARTESIAN_POINT ( 'NONE',  ( -33.50000000000002132, 49.49999999999998579, 12.00000000000001066 ) ) ;
#1569 = ORIENTED_EDGE ( 'NONE', *, *, #5052, .T. ) ;
#1570 = AXIS2_PLACEMENT_3D ( 'NONE', #11127, #9108, #113 ) ;
#1571 = ORIENTED_EDGE ( 'NONE', *, *, #4152, .F. ) ;
#1572 = DIRECTION ( 'NONE',  ( -0.8191520442889906883, 0.000000000000000000, 0.5735764363510477137 ) ) ;
#1573 = ORIENTED_EDGE ( 'NONE', *, *, #6969, .F. ) ;
#1574 = EDGE_CURVE ( 'NONE', #11436, #8447, #7124, .T. ) ;
#1575 = PLANE ( 'NONE',  #11311 ) ;
#1576 = EDGE_CURVE ( 'NONE', #9692, #4725, #8553, .T. ) ;
#1577 = CARTESIAN_POINT ( 'NONE',  ( -63.08328106123760648, -24.99999999999998579, 42.25787462264923988 ) ) ;
#1578 = LINE ( 'NONE', #4677, #169 ) ;
#1579 = EDGE_CURVE ( 'NONE', #11923, #3409, #3742, .T. ) ;
#1580 = VERTEX_POINT ( 'NONE', #3941 ) ;
#1581 = ADVANCED_FACE ( 'NONE', ( #9783 ), #11872, .F. ) ;
#1582 = VECTOR ( 'NONE', #3635, 1000.000000000000000 ) ;
#1583 = PLANE ( 'NONE',  #12505 ) ;
#1584 = DIRECTION ( 'NONE',  ( -1.000000000000000000, 4.597112642748789558E-16, 0.000000000000000000 ) ) ;
#1585 = CARTESIAN_POINT ( 'NONE',  ( 43.74999999999999289, 61.25000000000001421, 25.00000000000000000 ) ) ;
#1586 = ORIENTED_EDGE ( 'NONE', *, *, #4779, .F. ) ;
#1587 = LINE ( 'NONE', #2361, #8967 ) ;
#1588 = VECTOR ( 'NONE', #12016, 1000.000000000000000 ) ;
#1589 = ORIENTED_EDGE ( 'NONE', *, *, #9161, .T. ) ;
#1590 = DIRECTION ( 'NONE',  ( -2.502005013428087819E-17, -1.000000000000000000, 0.000000000000000000 ) ) ;
#1591 = CARTESIAN_POINT ( 'NONE',  ( -34.99999999999999289, -62.50000000000001421, 0.4000000000000114575 ) ) ;
#1592 = CARTESIAN_POINT ( 'NONE',  ( 2.999999999999992450, 29.71110255092798269, 12.00000000000000000 ) ) ;
#1593 = DIRECTION ( 'NONE',  ( -0.000000000000000000, -0.000000000000000000, -1.000000000000000000 ) ) ;
#1594 = ORIENTED_EDGE ( 'NONE', *, *, #4063, .F. ) ;
#1595 = CARTESIAN_POINT ( 'NONE',  ( 44.99999999999998579, 6.972988923954548390, 12.06870245856685564 ) ) ;
#1597 = ORIENTED_EDGE ( 'NONE', *, *, #3834, .F. ) ;
#1596 = ADVANCED_FACE ( 'NONE', ( #905 ), #10635, .F. ) ;
#1598 = CARTESIAN_POINT ( 'NONE',  ( 1.000000000000007550, -53.50000000000000000, 12.50000000000000000 ) ) ;
#1599 = ORIENTED_EDGE ( 'NONE', *, *, #6966, .T. ) ;
#1600 = CARTESIAN_POINT ( 'NONE',  ( 27.50000000000000711, 8.000000000000003553, 12.00000000000000000 ) ) ;
#1601 = EDGE_LOOP ( 'NONE', ( #9669, #1260, #4525, #6439 ) ) ;
#1602 = VERTEX_POINT ( 'NONE', #5701 ) ;
#1603 = AXIS2_PLACEMENT_3D ( 'NONE', #5077, #3968, #3909 ) ;
#1604 = FACE_OUTER_BOUND ( 'NONE', #5024, .T. ) ;
#1605 = DIRECTION ( 'NONE',  ( 1.000000000000000000, 0.000000000000000000, 0.000000000000000000 ) ) ;
#1606 = EDGE_CURVE ( 'NONE', #2077, #5781, #12784, .T. ) ;
#1607 = CARTESIAN_POINT ( 'NONE',  ( -39.59999999999998010, 62.50000000000001421, 0.000000000000000000 ) ) ;
#1608 = ORIENTED_EDGE ( 'NONE', *, *, #11451, .F. ) ;
#1609 = DIRECTION ( 'NONE',  ( 1.000000000000000000, 0.000000000000000000, 0.000000000000000000 ) ) ;
#1610 = ORIENTED_EDGE ( 'NONE', *, *, #2202, .T. ) ;
#1611 = ORIENTED_EDGE ( 'NONE', *, *, #5993, .T. ) ;
#1612 = CARTESIAN_POINT ( 'NONE',  ( 27.49999999999999289, 55.00000000000000711, 12.00000000000003908 ) ) ;
#1613 = ORIENTED_EDGE ( 'NONE', *, *, #1949, .T. ) ;
#1614 = DIRECTION ( 'NONE',  ( 1.000000000000000000, 0.000000000000000000, -0.000000000000000000 ) ) ;
#1615 = CARTESIAN_POINT ( 'NONE',  ( 30.45884282854058256, -14.49999999999999467, -24.33972279500559566 ) ) ;
#1616 = CARTESIAN_POINT ( 'NONE',  ( -43.50000000000002132, 40.99999999999999289, 12.00000000000001066 ) ) ;
#1617 = DIRECTION ( 'NONE',  ( -1.000000000000000000, 0.000000000000000000, 0.000000000000000000 ) ) ;
#1618 = AXIS2_PLACEMENT_3D ( 'NONE', #7097, #11184, #4299 ) ;
#1619 = AXIS2_PLACEMENT_3D ( 'NONE', #12083, #3186, #7150 ) ;
#1620 = CARTESIAN_POINT ( 'NONE',  ( -34.99999999999999289, -62.50000000000001421, 25.00000000000000000 ) ) ;
#1621 = CARTESIAN_POINT ( 'NONE',  ( 40.49999999999998579, -49.49999999999998579, 2.500000000000000000 ) ) ;
#1622 = EDGE_CURVE ( 'NONE', #5010, #7722, #9858, .T. ) ;
#1623 = DIRECTION ( 'NONE',  ( -0.8191520442889906883, -0.000000000000000000, 0.5735764363510477137 ) ) ;
#1624 = VERTEX_POINT ( 'NONE', #716 ) ;
#1625 = CIRCLE ( 'NONE', #8874, 2.799999999999962075 ) ;
#1626 = CARTESIAN_POINT ( 'NONE',  ( 34.99999999999999289, -62.50000000000001421, 19.00000000000000355 ) ) ;
#1628 = DIRECTION ( 'NONE',  ( -1.000000000000000000, 0.000000000000000000, 0.000000000000000000 ) ) ;
#1627 = CIRCLE ( 'NONE', #196, 1.500000000000000000 ) ;
#1629 = VERTEX_POINT ( 'NONE', #10707 ) ;
#1630 = EDGE_CURVE ( 'NONE', #5987, #1106, #3799, .T. ) ;
#1631 = CARTESIAN_POINT ( 'NONE',  ( 10.49999999999999289, 10.99999999999999289, 4.000000000000000000 ) ) ;
#1632 = EDGE_CURVE ( 'NONE', #2056, #5733, #6865, .T. ) ;
#1633 = ORIENTED_EDGE ( 'NONE', *, *, #12587, .T. ) ;
#1634 = LINE ( 'NONE', #6305, #9643 ) ;
#1635 = AXIS2_PLACEMENT_3D ( 'NONE', #12450, #4526, #1614 ) ;
#1636 = SPHERICAL_SURFACE ( 'NONE', #7683, 1.500000000000000000 ) ;
#1637 = CARTESIAN_POINT ( 'NONE',  ( 39.59999999999998010, 61.25000000000001421, 0.000000000000000000 ) ) ;
#1638 = ORIENTED_EDGE ( 'NONE', *, *, #1373, .T. ) ;
#1639 = CARTESIAN_POINT ( 'NONE',  ( -7.999999999999998224, 53.50000000000000000, 12.00000000000001066 ) ) ;
#1640 = B_SPLINE_CURVE_WITH_KNOTS ( 'NONE', 3,
 ( #8172, #9013, #4986, #2980, #6161, #10902, #5172, #9073 ),
 .UNSPECIFIED., .F., .F.,
 ( 4, 2, 2, 4 ),
 ( 0.000000000000000000, 0.0007138967942130914485, 0.001070845191319639558, 0.001427793588426187667 ),
 .UNSPECIFIED. ) ;
#1641 = DIRECTION ( 'NONE',  ( -0.7071067811865474617, 0.000000000000000000, -0.7071067811865474617 ) ) ;
#1642 = ADVANCED_FACE ( 'NONE', ( #3881, #840 ), #6608, .F. ) ;
#1643 = DIRECTION ( 'NONE',  ( 0.000000000000000000, 0.000000000000000000, 1.000000000000000000 ) ) ;
#1644 = ADVANCED_FACE ( 'NONE', ( #8678 ), #2564, .F. ) ;
#1645 = ORIENTED_EDGE ( 'NONE', *, *, #6083, .F. ) ;
#1646 = EDGE_CURVE ( 'NONE', #1786, #10607, #10569, .T. ) ;
#1647 = ADVANCED_FACE ( 'NONE', ( #12646 ), #4782, .F. ) ;
#1648 = EDGE_LOOP ( 'NONE', ( #3657, #12240, #9240, #9535, #10284, #1610, #413, #961 ) ) ;
#1649 = CARTESIAN_POINT ( 'NONE',  ( -0.4529868602934398747, 24.00000000000000711, 12.50000000000000000 ) ) ;
#1650 = FACE_OUTER_BOUND ( 'NONE', #10383, .T. ) ;
#1651 = DIRECTION ( 'NONE',  ( -1.000000000000000000, 0.000000000000000000, 0.000000000000000000 ) ) ;
#1652 = DIRECTION ( 'NONE',  ( 0.000000000000000000, 0.000000000000000000, -1.000000000000000000 ) ) ;
#1653 = ORIENTED_EDGE ( 'NONE', *, *, #12808, .F. ) ;
#1654 = DIRECTION ( 'NONE',  ( 1.000000000000000000, 0.000000000000000000, 0.000000000000000000 ) ) ;
#1655 = ADVANCED_FACE ( 'NONE', ( #8739 ), #8618, .F. ) ;
#1656 = ORIENTED_EDGE ( 'NONE', *, *, #3282, .T. ) ;
#1657 = DIRECTION ( 'NONE',  ( -0.5735764363510481578, 0.000000000000000000, -0.8191520442889904663 ) ) ;
#1658 = VERTEX_POINT ( 'NONE', #11611 ) ;
#1659 = CARTESIAN_POINT ( 'NONE',  ( 33.49999999999998579, -53.49999999999998579, 4.000000000000000000 ) ) ;
#1660 = VERTEX_POINT ( 'NONE', #2709 ) ;
#1661 = ORIENTED_EDGE ( 'NONE', *, *, #8044, .F. ) ;
#1662 = CARTESIAN_POINT ( 'NONE',  ( -29.99999999999998579, 61.25000000000001421, 25.00000000000000000 ) ) ;
#1663 = CARTESIAN_POINT ( 'NONE',  ( 10.49999999999999467, 14.54701313970656962, 12.50000000000000000 ) ) ;
#1664 = DIRECTION ( 'NONE',  ( -1.000000000000000000, 0.000000000000000000, 0.000000000000000000 ) ) ;
#1665 = ADVANCED_FACE ( 'NONE', ( #1814 ), #1341, .F. ) ;
#1666 = CARTESIAN_POINT ( 'NONE',  ( -22.47186463297441250, -54.99999999999998579, 12.06839257535534138 ) ) ;
#1667 = EDGE_CURVE ( 'NONE', #10605, #6822, #6506, .T. ) ;
#1668 = ORIENTED_EDGE ( 'NONE', *, *, #4183, .T. ) ;
#1669 = CARTESIAN_POINT ( 'NONE',  ( 21.49999999999999289, 6.500000000000002665, 4.000000000000000000 ) ) ;
#1670 = AXIS2_PLACEMENT_3D ( 'NONE', #6535, #762, #1796 ) ;
#1671 = EDGE_LOOP ( 'NONE', ( #6514, #12365, #3562, #12834 ) ) ;
#1672 = EDGE_LOOP ( 'NONE', ( #6626, #10870, #4423 ) ) ;
#1673 = CARTESIAN_POINT ( 'NONE',  ( 26.17712434446776015, 55.00000000000000711, 12.50000000000000000 ) ) ;
#1674 = ORIENTED_EDGE ( 'NONE', *, *, #455, .F. ) ;
#1675 = DIRECTION ( 'NONE',  ( 2.891205793294678326E-16, 1.000000000000000000, 0.000000000000000000 ) ) ;
#1676 = DIRECTION ( 'NONE',  ( -0.000000000000000000, -0.000000000000000000, -1.000000000000000000 ) ) ;
#1677 = DIRECTION ( 'NONE',  ( -1.000000000000000000, 0.000000000000000000, -0.000000000000000000 ) ) ;
#1678 = CARTESIAN_POINT ( 'NONE',  ( 39.59999999999997300, -61.25000000000001421, 0.000000000000000000 ) ) ;
#1679 = AXIS2_PLACEMENT_3D ( 'NONE', #122, #11856, #4064 ) ;
#1680 = CARTESIAN_POINT ( 'NONE',  ( -26.49999999999997513, -53.50000000000000711, 2.500000000000000000 ) ) ;
#1681 = DIRECTION ( 'NONE',  ( -9.796085511398436814E-16, 1.000000000000000000, 0.000000000000000000 ) ) ;
#1682 = DIRECTION ( 'NONE',  ( 1.301042606982605321E-16, -1.000000000000000000, 0.000000000000000000 ) ) ;
#1683 = EDGE_LOOP ( 'NONE', ( #4848, #948, #12013, #7616 ) ) ;
#1684 = CARTESIAN_POINT ( 'NONE',  ( -45.00000000000002132, 40.99999999999999289, 12.00000000000001066 ) ) ;
#1685 = DIRECTION ( 'NONE',  ( 2.312964634635740689E-15, 1.000000000000000000, 0.000000000000000000 ) ) ;
#1686 = ORIENTED_EDGE ( 'NONE', *, *, #9079, .T. ) ;
#1687 = DIRECTION ( 'NONE',  ( 1.000000000000000000, 0.000000000000000000, 0.000000000000000000 ) ) ;
#1688 = EDGE_CURVE ( 'NONE', #8725, #5744, #2908, .T. ) ;
#1689 = ORIENTED_EDGE ( 'NONE', *, *, #12566, .F. ) ;
#1690 = AXIS2_PLACEMENT_3D ( 'NONE', #9795, #7789, #11693 ) ;
#1691 = CARTESIAN_POINT ( 'NONE',  ( -40.50000000000002132, 42.99999999999998579, 12.50000000000000000 ) ) ;
#1692 = CARTESIAN_POINT ( 'NONE',  ( -0.4529868602934395971, 19.49999999999999645, 12.50000000000000000 ) ) ;
#1693 = DIRECTION ( 'NONE',  ( 1.000000000000000000, 0.000000000000000000, 0.000000000000000000 ) ) ;
#1694 = ORIENTED_EDGE ( 'NONE', *, *, #671, .T. ) ;
#1695 = EDGE_CURVE ( 'NONE', #510, #2686, #7743, .T. ) ;
#1696 = CARTESIAN_POINT ( 'NONE',  ( 29.99999999999998579, 61.25000000000001421, 0.4000000000000114575 ) ) ;
#1697 = CARTESIAN_POINT ( 'NONE',  ( 0.9504814091701079271, 24.97058823529412663, 12.50000000000000000 ) ) ;
#1698 = VECTOR ( 'NONE', #821, 1000.000000000000000 ) ;
#1699 = AXIS2_PLACEMENT_3D ( 'NONE', #10507, #587, #4532 ) ;
#1700 = DIRECTION ( 'NONE',  ( 1.000000000000000000, 0.000000000000000000, -0.000000000000000000 ) ) ;
#1701 = ORIENTED_EDGE ( 'NONE', *, *, #5923, .F. ) ;
#1702 = ORIENTED_EDGE ( 'NONE', *, *, #8038, .F. ) ;
#1703 = CARTESIAN_POINT ( 'NONE',  ( -40.50000000000002132, 49.49999999999997868, 12.50000000000000000 ) ) ;
#1704 = CARTESIAN_POINT ( 'NONE',  ( 44.99999999999997868, -41.12093665327336112, 11.99999999999998224 ) ) ;
#1705 = AXIS2_PLACEMENT_3D ( 'NONE', #5638, #724, #3693 ) ;
#1706 = CARTESIAN_POINT ( 'NONE',  ( 33.32287565553229314, -55.00000000000000711, 12.50000000000000000 ) ) ;
#1707 = CIRCLE ( 'NONE', #10197, 1.700000000000000178 ) ;
#1708 = CARTESIAN_POINT ( 'NONE',  ( -46.18784376572178019, -25.00000000000000711, 62.90016612803432849 ) ) ;
#1709 = VERTEX_POINT ( 'NONE', #7004 ) ;
#1710 = EDGE_CURVE ( 'NONE', #8922, #12678, #9128, .T. ) ;
#1711 = DIRECTION ( 'NONE',  ( -0.000000000000000000, -0.000000000000000000, -1.000000000000000000 ) ) ;
#1712 = ADVANCED_FACE ( 'NONE', ( #9199 ), #12066, .F. ) ;
#1713 = CARTESIAN_POINT ( 'NONE',  ( 43.49999999999997868, 55.00000000000000711, 4.000000000000000000 ) ) ;
#1714 = EDGE_CURVE ( 'NONE', #10096, #467, #5260, .T. ) ;
#1715 = VERTEX_POINT ( 'NONE', #5110 ) ;
#1716 = ORIENTED_EDGE ( 'NONE', *, *, #6226, .F. ) ;
#1717 = AXIS2_PLACEMENT_3D ( 'NONE', #10370, #9461, #5241 ) ;
#1718 = LINE ( 'NONE', #10486, #385 ) ;
#1719 = CIRCLE ( 'NONE', #8965, 4.499999999999994671 ) ;
#1720 = CIRCLE ( 'NONE', #12495, 1.500000000000000000 ) ;
#1721 = ORIENTED_EDGE ( 'NONE', *, *, #9287, .F. ) ;
#1722 = VERTEX_POINT ( 'NONE', #5962 ) ;
#1723 = FACE_OUTER_BOUND ( 'NONE', #2423, .T. ) ;
#1724 = DIRECTION ( 'NONE',  ( -1.000000000000000000, 0.000000000000000000, 0.000000000000000000 ) ) ;
#1725 = CARTESIAN_POINT ( 'NONE',  ( -62.28885658309123130, 18.99999999999999645, 40.60291548462750910 ) ) ;
#1726 = DIRECTION ( 'NONE',  ( -0.000000000000000000, -0.000000000000000000, -1.000000000000000000 ) ) ;
#1727 = ORIENTED_EDGE ( 'NONE', *, *, #7383, .F. ) ;
#1728 = AXIS2_PLACEMENT_3D ( 'NONE', #4073, #11937, #3937 ) ;
#1729 = CIRCLE ( 'NONE', #7941, 1.100000000000000089 ) ;
#1730 = CIRCLE ( 'NONE', #6488, 1.500000000000000000 ) ;
#1731 = FACE_OUTER_BOUND ( 'NONE', #12464, .T. ) ;
#1732 = EDGE_CURVE ( 'NONE', #615, #240, #9824, .T. ) ;
#1733 = ORIENTED_EDGE ( 'NONE', *, *, #9999, .T. ) ;
#1734 = VERTEX_POINT ( 'NONE', #11943 ) ;
#1735 = DIRECTION ( 'NONE',  ( 0.000000000000000000, 0.000000000000000000, 1.000000000000000000 ) ) ;
#1736 = ORIENTED_EDGE ( 'NONE', *, *, #1576, .T. ) ;
#1737 = CARTESIAN_POINT ( 'NONE',  ( -0.4529868602934398747, 24.00000000000000711, 4.000000000000000000 ) ) ;
#1738 = AXIS2_PLACEMENT_3D ( 'NONE', #8881, #7904, #10901 ) ;
#1739 = LINE ( 'NONE', #5693, #7610 ) ;
#1740 = VECTOR ( 'NONE', #4637, 1000.000000000000000 ) ;
#1741 = CIRCLE ( 'NONE', #2990, 1.500000000000000000 ) ;
#1742 = FACE_OUTER_BOUND ( 'NONE', #43, .T. ) ;
#1743 = CARTESIAN_POINT ( 'NONE',  ( -11.37704654479217048, 55.00000000000000711, 12.36776389409516064 ) ) ;
#1744 = CARTESIAN_POINT ( 'NONE',  ( -43.74999999999999289, -61.25000000000001421, 0.000000000000000000 ) ) ;
#1745 = DIRECTION ( 'NONE',  ( 0.5735764363510494901, 0.000000000000000000, 0.8191520442889894671 ) ) ;
#1746 = VECTOR ( 'NONE', #9271, 1000.000000000000000 ) ;
#1747 = CIRCLE ( 'NONE', #6714, 1.700000000000004174 ) ;
#1748 = AXIS2_PLACEMENT_3D ( 'NONE', #4953, #3913, #1906 ) ;
#1749 = DIRECTION ( 'NONE',  ( 0.000000000000000000, 1.000000000000000000, 0.000000000000000000 ) ) ;
#1750 = ORIENTED_EDGE ( 'NONE', *, *, #7355, .F. ) ;
#1751 = LINE ( 'NONE', #12648, #10853 ) ;
#1752 = ORIENTED_EDGE ( 'NONE', *, *, #1732, .F. ) ;
#1753 = DIRECTION ( 'NONE',  ( 0.000000000000000000, 0.000000000000000000, -1.000000000000000000 ) ) ;
#1754 = ORIENTED_EDGE ( 'NONE', *, *, #3764, .F. ) ;
#1755 = CARTESIAN_POINT ( 'NONE',  ( -43.75000000000000000, 53.74999999999999289, 25.00000000000000000 ) ) ;
#1756 = AXIS2_PLACEMENT_3D ( 'NONE', #8090, #3159, #2252 ) ;
#1757 = AXIS2_PLACEMENT_3D ( 'NONE', #8674, #3681, #8808 ) ;
#1758 = ORIENTED_EDGE ( 'NONE', *, *, #6783, .F. ) ;
#1759 = PLANE ( 'NONE',  #6144 ) ;
#1760 = EDGE_CURVE ( 'NONE', #4827, #10681, #1170, .T. ) ;
#1761 = DIRECTION ( 'NONE',  ( -0.8191520442889907994, -0.000000000000000000, 0.5735764363510478248 ) ) ;
#1762 = DIRECTION ( 'NONE',  ( -0.000000000000000000, -0.000000000000000000, 1.000000000000000000 ) ) ;
#1763 = CARTESIAN_POINT ( 'NONE',  ( -49.67017498336814896, -19.00000000000000355, 58.62426045898529026 ) ) ;
#1764 = CARTESIAN_POINT ( 'NONE',  ( -1.000000000000000888, -53.50000000000000000, 12.50000000000000000 ) ) ;
#1765 = EDGE_CURVE ( 'NONE', #9140, #5877, #9402, .T. ) ;
#1766 = VECTOR ( 'NONE', #364, 1000.000000000000000 ) ;
#1767 = DIRECTION ( 'NONE',  ( 0.000000000000000000, -1.000000000000000000, 0.000000000000000000 ) ) ;
#1768 = AXIS2_PLACEMENT_3D ( 'NONE', #569, #4266, #4453 ) ;
#1769 = LINE ( 'NONE', #8446, #12206 ) ;
#1770 = EDGE_LOOP ( 'NONE', ( #3686, #1594, #4937, #5449 ) ) ;
#1771 = DIRECTION ( 'NONE',  ( 0.000000000000000000, -0.000000000000000000, 1.000000000000000000 ) ) ;
#1772 = ORIENTED_EDGE ( 'NONE', *, *, #455, .T. ) ;
#1773 = DIRECTION ( 'NONE',  ( -0.000000000000000000, -0.000000000000000000, -1.000000000000000000 ) ) ;
#1774 = CARTESIAN_POINT ( 'NONE',  ( 44.99999999999997868, 6.500000000000005329, 2.500000000000002220 ) ) ;
#1775 = AXIS2_PLACEMENT_3D ( 'NONE', #8836, #5722, #7801 ) ;
#1776 = DIRECTION ( 'NONE',  ( -1.000000000000000000, 0.000000000000000000, 0.000000000000000000 ) ) ;
#1777 = DIRECTION ( 'NONE',  ( 0.8191520442889905773, 0.000000000000000000, -0.5735764363510477137 ) ) ;
#1778 = VERTEX_POINT ( 'NONE', #1231 ) ;
#1779 = DIRECTION ( 'NONE',  ( -0.8191520442889907994, -0.000000000000000000, 0.5735764363510478248 ) ) ;
#1780 = EDGE_CURVE ( 'NONE', #10405, #7573, #9203, .T. ) ;
#1781 = DIRECTION ( 'NONE',  ( 0.000000000000000000, 0.000000000000000000, -1.000000000000000000 ) ) ;
#1782 = EDGE_LOOP ( 'NONE', ( #7343, #4563, #11494 ) ) ;
#1783 = ORIENTED_EDGE ( 'NONE', *, *, #715, .F. ) ;
#1784 = VECTOR ( 'NONE', #7713, 1000.000000000000000 ) ;
#1785 = DIRECTION ( 'NONE',  ( 0.000000000000000000, 0.000000000000000000, -1.000000000000000000 ) ) ;
#1786 = VERTEX_POINT ( 'NONE', #2974 ) ;
#1787 = ADVANCED_FACE ( 'NONE', ( #9069 ), #6094, .F. ) ;
#1788 = ORIENTED_EDGE ( 'NONE', *, *, #7136, .T. ) ;
#1789 = LINE ( 'NONE', #5739, #8393 ) ;
#1790 = LINE ( 'NONE', #9447, #6292 ) ;
#1791 = ADVANCED_FACE ( 'NONE', ( #2197 ), #4140, .T. ) ;
#1792 = CARTESIAN_POINT ( 'NONE',  ( 39.59999999999998010, 61.25000000000001421, 0.000000000000000000 ) ) ;
#1793 = CARTESIAN_POINT ( 'NONE',  ( -22.23931069701791330, -55.00000000000000000, 12.01475035840393879 ) ) ;
#1794 = ORIENTED_EDGE ( 'NONE', *, *, #2103, .T. ) ;
#1795 = VERTEX_POINT ( 'NONE', #5231 ) ;
#1796 = DIRECTION ( 'NONE',  ( 0.5735764363510476027, -3.154042683594196600E-16, 0.8191520442889907994 ) ) ;
#1797 = ORIENTED_EDGE ( 'NONE', *, *, #4571, .T. ) ;
#1798 = ORIENTED_EDGE ( 'NONE', *, *, #11850, .T. ) ;
#1799 = CARTESIAN_POINT ( 'NONE',  ( 26.37694445061606885, 55.00000000000000711, 12.36783142304526528 ) ) ;
#1800 = ADVANCED_FACE ( 'NONE', ( #10050 ), #1287, .F. ) ;
#1801 = VERTEX_POINT ( 'NONE', #11151 ) ;
#1802 = EDGE_CURVE ( 'NONE', #11740, #6666, #921, .T. ) ;
#1803 = CARTESIAN_POINT ( 'NONE',  ( -3.000000000000000000, -3.000000000000008882, 4.000000000000000000 ) ) ;
#1804 = DIRECTION ( 'NONE',  ( 1.000000000000000000, 0.000000000000000000, 0.000000000000000000 ) ) ;
#1805 = ORIENTED_EDGE ( 'NONE', *, *, #7908, .T. ) ;
#1806 = EDGE_CURVE ( 'NONE', #4061, #10498, #5666, .T. ) ;
#1807 = CARTESIAN_POINT ( 'NONE',  ( -43.50000000000002132, 40.99999999999999289, 12.50000000000000000 ) ) ;
#1808 = CARTESIAN_POINT ( 'NONE',  ( -12.49999999999999822, 55.00000000000000000, 12.00000000000000000 ) ) ;
#1809 = ADVANCED_FACE ( 'NONE', ( #4982 ), #69, .T. ) ;
#1810 = CARTESIAN_POINT ( 'NONE',  ( -49.26008894517738668, 21.50000000000000000, 61.99943889001394837 ) ) ;
#1811 = AXIS2_PLACEMENT_3D ( 'NONE', #1996, #3035, #7833 ) ;
#1812 = FACE_OUTER_BOUND ( 'NONE', #2009, .T. ) ;
#1813 = CIRCLE ( 'NONE', #9058, 0.9999999999999942268 ) ;
#1814 = FACE_OUTER_BOUND ( 'NONE', #2623, .T. ) ;
#1815 = ORIENTED_EDGE ( 'NONE', *, *, #5440, .T. ) ;
#1816 = DIRECTION ( 'NONE',  ( -1.584603175171121998E-16, 1.000000000000000000, 0.000000000000000000 ) ) ;
#1817 = ORIENTED_EDGE ( 'NONE', *, *, #9104, .T. ) ;
#1818 = CARTESIAN_POINT ( 'NONE',  ( 44.99999999999997868, 55.00000000000000711, 25.00000000000000000 ) ) ;
#1819 = VERTEX_POINT ( 'NONE', #12141 ) ;
#1820 = VECTOR ( 'NONE', #12757, 1000.000000000000000 ) ;
#1821 = CIRCLE ( 'NONE', #9474, 2.299999999999999822 ) ;
#1822 = DIRECTION ( 'NONE',  ( 0.000000000000000000, 0.000000000000000000, 1.000000000000000000 ) ) ;
#1823 = DIRECTION ( 'NONE',  ( 0.5792279653395754346, 0.7071067811865392461, -0.4055797876726443540 ) ) ;
#1824 = ORIENTED_EDGE ( 'NONE', *, *, #11631, .T. ) ;
#1825 = DIRECTION ( 'NONE',  ( 1.000000000000000000, 0.000000000000000000, 0.000000000000000000 ) ) ;
#1826 = CARTESIAN_POINT ( 'NONE',  ( -29.99999999999998579, 61.25000000000001421, 0.4000000000000114575 ) ) ;
#1827 = DIRECTION ( 'NONE',  ( 0.7071067811865450192, 0.000000000000000000, 0.7071067811865500152 ) ) ;
#1828 = ADVANCED_FACE ( 'NONE', ( #3044 ), #140, .F. ) ;
#1829 = DIRECTION ( 'NONE',  ( -0.000000000000000000, -0.000000000000000000, -1.000000000000000000 ) ) ;
#1830 = AXIS2_PLACEMENT_3D ( 'NONE', #5532, #5589, #5650 ) ;
#1831 = AXIS2_PLACEMENT_3D ( 'NONE', #11769, #2870, #1893 ) ;
#1832 = FACE_OUTER_BOUND ( 'NONE', #8404, .T. ) ;
#1833 = DIRECTION ( 'NONE',  ( 1.000000000000000000, 2.312964634635743450E-15, 0.000000000000000000 ) ) ;
#1834 = DIRECTION ( 'NONE',  ( 0.7071067811865480168, 8.316167683706440453E-17, 0.7071067811865470176 ) ) ;
#1835 = EDGE_LOOP ( 'NONE', ( #4215, #8110, #6082, #8279 ) ) ;
#1836 = DIRECTION ( 'NONE',  ( 0.000000000000000000, 0.000000000000000000, -1.000000000000000000 ) ) ;
#1837 = AXIS2_PLACEMENT_3D ( 'NONE', #9773, #7692, #11604 ) ;
#1838 = ORIENTED_EDGE ( 'NONE', *, *, #7355, .T. ) ;
#1839 = AXIS2_PLACEMENT_3D ( 'NONE', #4016, #7978, #11946 ) ;
#1840 = DIRECTION ( 'NONE',  ( 2.449021377849609204E-16, -1.000000000000000000, 0.000000000000000000 ) ) ;
#1841 = LINE ( 'NONE', #7802, #1127 ) ;
#1842 = DIRECTION ( 'NONE',  ( -1.000000000000000000, 0.000000000000000000, 0.000000000000000000 ) ) ;
#1843 = EDGE_LOOP ( 'NONE', ( #7813, #8211, #7275, #7483 ) ) ;
#1844 = DIRECTION ( 'NONE',  ( -1.000000000000000000, 1.541976423090498592E-15, 0.000000000000000000 ) ) ;
#1845 = CARTESIAN_POINT ( 'NONE',  ( 33.29999999999999005, 62.50000000000001421, 13.00000000000000178 ) ) ;
#1846 = ORIENTED_EDGE ( 'NONE', *, *, #2602, .T. ) ;
#1847 = VERTEX_POINT ( 'NONE', #7614 ) ;
#1848 = SPHERICAL_SURFACE ( 'NONE', #7212, 1.500000000000000000 ) ;
#1849 = ORIENTED_EDGE ( 'NONE', *, *, #8146, .T. ) ;
#1850 = ORIENTED_EDGE ( 'NONE', *, *, #4014, .F. ) ;
#1851 = CYLINDRICAL_SURFACE ( 'NONE', #12542, 4.500000000000000000 ) ;
#1852 = LINE ( 'NONE', #8657, #11888 ) ;
#1853 = EDGE_CURVE ( 'NONE', #11704, #7338, #1741, .T. ) ;
#1854 = SPHERICAL_SURFACE ( 'NONE', #8125, 1.500000000000000000 ) ;
#1855 = LINE ( 'NONE', #883, #8185 ) ;
#1856 = VERTEX_POINT ( 'NONE', #11585 ) ;
#1857 = ORIENTED_EDGE ( 'NONE', *, *, #11628, .T. ) ;
#1858 = DIRECTION ( 'NONE',  ( -0.000000000000000000, -0.000000000000000000, -1.000000000000000000 ) ) ;
#1859 = ADVANCED_FACE ( 'NONE', ( #12323 ), #8349, .F. ) ;
#1860 = VERTEX_POINT ( 'NONE', #3424 ) ;
#1861 = VERTEX_POINT ( 'NONE', #9557 ) ;
#1862 = LINE ( 'NONE', #11668, #991 ) ;
#1863 = VERTEX_POINT ( 'NONE', #5308 ) ;
#1864 = DIRECTION ( 'NONE',  ( -1.000000000000000000, 9.912705577010326536E-16, 0.000000000000000000 ) ) ;
#1865 = DIRECTION ( 'NONE',  ( 0.000000000000000000, 0.000000000000000000, 1.000000000000000000 ) ) ;
#1866 = ORIENTED_EDGE ( 'NONE', *, *, #1992, .T. ) ;
#1867 = FACE_OUTER_BOUND ( 'NONE', #11514, .T. ) ;
#1868 = DIRECTION ( 'NONE',  ( 0.000000000000000000, 0.000000000000000000, 1.000000000000000000 ) ) ;
#1869 = LINE ( 'NONE', #11608, #1148 ) ;
#1870 = CARTESIAN_POINT ( 'NONE',  ( -45.00000000000002132, -55.00000000000000711, 25.00000000000000000 ) ) ;
#1871 = EDGE_CURVE ( 'NONE', #1080, #4156, #8647, .T. ) ;
#1872 = CARTESIAN_POINT ( 'NONE',  ( -48.27727649737935423, 21.50000000000000000, 60.09049161665796390 ) ) ;
#1873 = ADVANCED_FACE ( 'NONE', ( #10362 ), #10028, .T. ) ;
#1874 = ORIENTED_EDGE ( 'NONE', *, *, #1875, .F. ) ;
#1875 = EDGE_CURVE ( 'NONE', #1722, #8533, #8780, .T. ) ;
#1876 = DIRECTION ( 'NONE',  ( -0.000000000000000000, -0.000000000000000000, 1.000000000000000000 ) ) ;
#1877 = EDGE_CURVE ( 'NONE', #1302, #6554, #1427, .T. ) ;
#1878 = EDGE_LOOP ( 'NONE', ( #5409, #11847, #3376, #360 ) ) ;
#1879 = DIRECTION ( 'NONE',  ( -1.000000000000000000, -1.541976423090495387E-16, 0.000000000000000000 ) ) ;
#1880 = ORIENTED_EDGE ( 'NONE', *, *, #4102, .F. ) ;
#1881 = VECTOR ( 'NONE', #9127, 1000.000000000000000 ) ;
#1882 = CARTESIAN_POINT ( 'NONE',  ( 34.99999999999999289, -62.50000000000001421, 25.00000000000000000 ) ) ;
#1883 = CARTESIAN_POINT ( 'NONE',  ( -32.24999999999998579, -62.50000000000001421, 25.00000000000000000 ) ) ;
#1884 = CARTESIAN_POINT ( 'NONE',  ( 26.24999999999998934, 61.25000000000001421, 0.4000000000000114575 ) ) ;
#1885 = ADVANCED_FACE ( 'NONE', ( #3717 ), #389, .F. ) ;
#1886 = DIRECTION ( 'NONE',  ( 0.5735764363510473807, 0.000000000000000000, 0.8191520442889909104 ) ) ;
#1887 = CARTESIAN_POINT ( 'NONE',  ( -12.49999999999999822, 55.00000000000000000, 12.00000000000000000 ) ) ;
#1888 = DIRECTION ( 'NONE',  ( -0.000000000000000000, -0.000000000000000000, 1.000000000000000000 ) ) ;
#1889 = AXIS2_PLACEMENT_3D ( 'NONE', #6205, #3339, #9308 ) ;
#1890 = DIRECTION ( 'NONE',  ( 0.7071067811865376918, 0.000000000000000000, 0.7071067811865574537 ) ) ;
#1891 = EDGE_CURVE ( 'NONE', #10582, #10935, #307, .T. ) ;
#1892 = DIRECTION ( 'NONE',  ( 2.312964634635743056E-15, -1.000000000000000000, 0.000000000000000000 ) ) ;
#1893 = DIRECTION ( 'NONE',  ( 1.000000000000000000, 0.000000000000000000, 0.000000000000000000 ) ) ;
#1894 = CARTESIAN_POINT ( 'NONE',  ( 34.00000000000000711, -49.50000000000000000, 12.50000000000000000 ) ) ;
#1895 = VECTOR ( 'NONE', #7088, 1000.000000000000000 ) ;
#1896 = ORIENTED_EDGE ( 'NONE', *, *, #9335, .T. ) ;
#1897 = DIRECTION ( 'NONE',  ( 0.000000000000000000, 0.000000000000000000, 1.000000000000000000 ) ) ;
#1898 = ORIENTED_EDGE ( 'NONE', *, *, #3922, .T. ) ;
#1899 = PLANE ( 'NONE',  #5087 ) ;
#1900 = DIRECTION ( 'NONE',  ( 0.000000000000000000, 0.000000000000000000, -1.000000000000000000 ) ) ;
#1901 = CARTESIAN_POINT ( 'NONE',  ( -6.499999999999999112, 55.00000000000000000, 12.00000000000001066 ) ) ;
#1902 = DIRECTION ( 'NONE',  ( 1.000000000000000000, 0.000000000000000000, 0.000000000000000000 ) ) ;
#1903 = VERTEX_POINT ( 'NONE', #443 ) ;
#1904 = CARTESIAN_POINT ( 'NONE',  ( 40.49999999999998579, -43.00000000000000711, 12.50000000000000000 ) ) ;
#1905 = CIRCLE ( 'NONE', #664, 0.9999999999999942268 ) ;
#1906 = DIRECTION ( 'NONE',  ( 0.000000000000000000, 0.000000000000000000, 1.000000000000000000 ) ) ;
#1907 = VERTEX_POINT ( 'NONE', #1713 ) ;
#1908 = EDGE_LOOP ( 'NONE', ( #5609, #3692, #12025, #4039 ) ) ;
#1909 = DIRECTION ( 'NONE',  ( -1.000000000000000000, 0.000000000000000000, 0.000000000000000000 ) ) ;
#1910 = ORIENTED_EDGE ( 'NONE', *, *, #429, .F. ) ;
#1911 = VECTOR ( 'NONE', #9286, 1000.000000000000000 ) ;
#1912 = ORIENTED_EDGE ( 'NONE', *, *, #4493, .F. ) ;
#1913 = DIRECTION ( 'NONE',  ( 0.000000000000000000, 0.000000000000000000, 1.000000000000000000 ) ) ;
#1914 = CARTESIAN_POINT ( 'NONE',  ( 44.99999999999997868, -53.49999999999999289, 24.99999999999999289 ) ) ;
#1915 = DIRECTION ( 'NONE',  ( 1.000000000000000000, 3.469446951953611428E-15, 0.000000000000000000 ) ) ;
#1916 = CARTESIAN_POINT ( 'NONE',  ( 43.29999999999994742, -49.49999999999998579, 12.50000000000000000 ) ) ;
#1917 = ORIENTED_EDGE ( 'NONE', *, *, #751, .F. ) ;
#1918 = ORIENTED_EDGE ( 'NONE', *, *, #7038, .F. ) ;
#1919 = EDGE_CURVE ( 'NONE', #5249, #1486, #11694, .T. ) ;
#1920 = DIRECTION ( 'NONE',  ( 0.000000000000000000, 0.000000000000000000, 1.000000000000000000 ) ) ;
#1921 = AXIS2_PLACEMENT_3D ( 'NONE', #7011, #9985, #4084 ) ;
#1922 = ORIENTED_EDGE ( 'NONE', *, *, #5200, .T. ) ;
#1923 = ADVANCED_FACE ( 'NONE', ( #11346 ), #4693, .T. ) ;
#1924 = EDGE_LOOP ( 'NONE', ( #2630, #2186, #4171, #7220 ) ) ;
#1925 = DIRECTION ( 'NONE',  ( -0.000000000000000000, -0.000000000000000000, -1.000000000000000000 ) ) ;
#1926 = ORIENTED_EDGE ( 'NONE', *, *, #7565, .F. ) ;
#1927 = CARTESIAN_POINT ( 'NONE',  ( -66.38495681523366443, 21.49999999999998934, 41.02948656691329887 ) ) ;
#1928 = EDGE_LOOP ( 'NONE', ( #3829, #10202, #1029, #10332 ) ) ;
#1929 = DIRECTION ( 'NONE',  ( -0.8191520442889992371, 0.000000000000000000, 0.5735764363510355013 ) ) ;
#1930 = LINE ( 'NONE', #2117, #11265 ) ;
#1931 = ADVANCED_FACE ( 'NONE', ( #5424 ), #12525, .T. ) ;
#1932 = VECTOR ( 'NONE', #11698, 1000.000000000000114 ) ;
#1934 = CIRCLE ( 'NONE', #8356, 1.500000000000000000 ) ;
#1933 = DIRECTION ( 'NONE',  ( -0.000000000000000000, -0.000000000000000000, -1.000000000000000000 ) ) ;
#1935 = CARTESIAN_POINT ( 'NONE',  ( 27.50000000000000711, 10.99999999999999822, 12.50000000000000000 ) ) ;
#1936 = CARTESIAN_POINT ( 'NONE',  ( -33.29999999999999005, -62.50000000000001421, 19.00000000000000355 ) ) ;
#1937 = ORIENTED_EDGE ( 'NONE', *, *, #9657, .F. ) ;
#1938 = DIRECTION ( 'NONE',  ( -1.000000000000000000, 0.000000000000000000, 0.000000000000000000 ) ) ;
#1939 = CIRCLE ( 'NONE', #10854, 1.499999999999999556 ) ;
#1940 = VECTOR ( 'NONE', #7702, 1000.000000000000114 ) ;
#1941 = DIRECTION ( 'NONE',  ( 1.000000000000000000, -0.000000000000000000, -0.000000000000000000 ) ) ;
#1942 = AXIS2_PLACEMENT_3D ( 'NONE', #8750, #5774, #12597 ) ;
#1943 = ORIENTED_EDGE ( 'NONE', *, *, #2417, .F. ) ;
#1944 = DIRECTION ( 'NONE',  ( -1.000000000000000000, 0.000000000000000000, 0.000000000000000000 ) ) ;
#1945 = CARTESIAN_POINT ( 'NONE',  ( 6.999999999999993783, 30.86660026534075740, 12.50000000000000000 ) ) ;
#1946 = DIRECTION ( 'NONE',  ( 0.000000000000000000, 0.000000000000000000, 1.000000000000000000 ) ) ;
#1947 = CONICAL_SURFACE ( 'NONE', #10455, 4.500000000000004441, 0.7853981633974664867 ) ;
#1948 = AXIS2_PLACEMENT_3D ( 'NONE', #11903, #5002, #8962 ) ;
#1949 = EDGE_CURVE ( 'NONE', #10152, #1602, #12557, .T. ) ;
#1950 = FACE_OUTER_BOUND ( 'NONE', #2569, .T. ) ;
#1951 = AXIS2_PLACEMENT_3D ( 'NONE', #7065, #11092, #255 ) ;
#1952 = PLANE ( 'NONE',  #8432 ) ;
#1953 = CYLINDRICAL_SURFACE ( 'NONE', #7931, 3.750000000000003553 ) ;
#1954 = CARTESIAN_POINT ( 'NONE',  ( 5.199999999999993072, 22.50000000000000355, 12.50000000000000000 ) ) ;
#1955 = DIRECTION ( 'NONE',  ( 1.000000000000000000, -2.813065096178606086E-16, 0.000000000000000000 ) ) ;
#1956 = AXIS2_PLACEMENT_3D ( 'NONE', #6660, #8545, #4717 ) ;
#1957 = CIRCLE ( 'NONE', #11919, 1.000000000000000000 ) ;
#1958 = FACE_OUTER_BOUND ( 'NONE', #11559, .T. ) ;
#1959 = CIRCLE ( 'NONE', #3001, 1.500000000000000000 ) ;
#1960 = ADVANCED_FACE ( 'NONE', ( #749 ), #10674, .F. ) ;
#1961 = ORIENTED_EDGE ( 'NONE', *, *, #2620, .T. ) ;
#1962 = FACE_OUTER_BOUND ( 'NONE', #6675, .T. ) ;
#1963 = EDGE_CURVE ( 'NONE', #1907, #12233, #12622, .T. ) ;
#1964 = ADVANCED_FACE ( 'NONE', ( #7257 ), #11210, .F. ) ;
#1965 = VERTEX_POINT ( 'NONE', #11975 ) ;
#1966 = EDGE_CURVE ( 'NONE', #4278, #1847, #6927, .T. ) ;
#1967 = CARTESIAN_POINT ( 'NONE',  ( 26.00000000000000355, 12.49999999999999645, 12.50000000000000000 ) ) ;
#1968 = DIRECTION ( 'NONE',  ( -0.000000000000000000, -0.000000000000000000, -1.000000000000000000 ) ) ;
#1969 = ADVANCED_FACE ( 'NONE', ( #871 ), #1129, .T. ) ;
#1970 = PLANE ( 'NONE',  #2327 ) ;
#1971 = DIRECTION ( 'NONE',  ( -0.8191520442889907994, -0.000000000000000000, 0.5735764363510478248 ) ) ;
#1972 = ORIENTED_EDGE ( 'NONE', *, *, #2312, .F. ) ;
#1973 = AXIS2_PLACEMENT_3D ( 'NONE', #2001, #5956, #61 ) ;
#1974 = AXIS2_PLACEMENT_3D ( 'NONE', #11064, #118, #4123 ) ;
#1975 = VECTOR ( 'NONE', #1052, 1000.000000000000114 ) ;
#1976 = AXIS2_PLACEMENT_3D ( 'NONE', #4559, #490, #3716 ) ;
#1977 = CARTESIAN_POINT ( 'NONE',  ( -33.50000000000002132, 49.49999999999998579, 12.00000000000001066 ) ) ;
#1978 = CARTESIAN_POINT ( 'NONE',  ( -47.49999999999999289, 52.49999999999998579, -7.896078054371140631 ) ) ;
#1979 = ORIENTED_EDGE ( 'NONE', *, *, #2087, .F. ) ;
#1980 = ORIENTED_EDGE ( 'NONE', *, *, #5292, .F. ) ;
#1981 = CARTESIAN_POINT ( 'NONE',  ( 34.99999999999999289, 62.50000000000001421, 19.00000000000000355 ) ) ;
#1982 = VERTEX_POINT ( 'NONE', #9822 ) ;
#1983 = AXIS2_PLACEMENT_3D ( 'NONE', #5151, #11189, #8207 ) ;
#1984 = ORIENTED_EDGE ( 'NONE', *, *, #8378, .T. ) ;
#1985 = CARTESIAN_POINT ( 'NONE',  ( -40.50000000000000000, -41.00000000000000711, 2.500000000000000000 ) ) ;
#1986 = DIRECTION ( 'NONE',  ( -0.8191520442889907994, -0.000000000000000000, 0.5735764363510478248 ) ) ;
#1987 = CARTESIAN_POINT ( 'NONE',  ( -40.50000000000002132, 49.49999999999997868, 12.00000000000001066 ) ) ;
#1988 = DIRECTION ( 'NONE',  ( 0.8191520442889906883, 0.000000000000000000, -0.5735764363510477137 ) ) ;
#1989 = ORIENTED_EDGE ( 'NONE', *, *, #1806, .T. ) ;
#1990 = ORIENTED_EDGE ( 'NONE', *, *, #12445, .T. ) ;
#1991 = CYLINDRICAL_SURFACE ( 'NONE', #9756, 3.750000000000003553 ) ;
#1992 = EDGE_CURVE ( 'NONE', #7869, #11169, #6772, .T. ) ;
#1993 = AXIS2_PLACEMENT_3D ( 'NONE', #6240, #10075, #4291 ) ;
#1994 = ORIENTED_EDGE ( 'NONE', *, *, #509, .T. ) ;
#1995 = ORIENTED_EDGE ( 'NONE', *, *, #36, .T. ) ;
#1996 = CARTESIAN_POINT ( 'NONE',  ( 40.49999999999998579, -49.49999999999998579, 12.50000000000000000 ) ) ;
#1997 = ORIENTED_EDGE ( 'NONE', *, *, #8304, .T. ) ;
#1998 = EDGE_CURVE ( 'NONE', #1134, #7480, #6902, .T. ) ;
#1999 = LINE ( 'NONE', #7055, #6091 ) ;
#2000 = EDGE_LOOP ( 'NONE', ( #6786, #4966, #12562, #2156 ) ) ;
#2001 = CARTESIAN_POINT ( 'NONE',  ( 43.74999999999999289, 61.25000000000001421, 0.4000000000000114575 ) ) ;
#2002 = CARTESIAN_POINT ( 'NONE',  ( -66.30304161080475467, 21.49999999999998934, 40.97212892327818423 ) ) ;
#2003 = LINE ( 'NONE', #9124, #2379 ) ;
#2004 = CARTESIAN_POINT ( 'NONE',  ( 21.49999999999995381, 55.00000000000000000, 4.000000000000000000 ) ) ;
#2005 = DIRECTION ( 'NONE',  ( 0.000000000000000000, 0.000000000000000000, -1.000000000000000000 ) ) ;
#2006 = ORIENTED_EDGE ( 'NONE', *, *, #4779, .T. ) ;
#2007 = DIRECTION ( 'NONE',  ( -1.000000000000000000, 0.000000000000000000, 0.000000000000000000 ) ) ;
#2008 = CARTESIAN_POINT ( 'NONE',  ( -38.20000000000000995, 49.49999999999997868, 7.000000000000000888 ) ) ;
#2009 = EDGE_LOOP ( 'NONE', ( #6211, #9116, #8665, #2770 ) ) ;
#2010 = CYLINDRICAL_SURFACE ( 'NONE', #9170, 1.700000000000000178 ) ;
#2011 = CARTESIAN_POINT ( 'NONE',  ( -42.80000000000000426, -49.49999999999999289, 12.50000000000000000 ) ) ;
#2012 = DIRECTION ( 'NONE',  ( -1.000000000000000000, 0.000000000000000000, 0.000000000000000000 ) ) ;
#2013 = EDGE_CURVE ( 'NONE', #12027, #9112, #8585, .T. ) ;
#2014 = CARTESIAN_POINT ( 'NONE',  ( -23.49999999999997158, -55.00000000000000711, 4.000000000000000000 ) ) ;
#2015 = DIRECTION ( 'NONE',  ( -0.000000000000000000, -0.000000000000000000, -1.000000000000000000 ) ) ;
#2016 = CYLINDRICAL_SURFACE ( 'NONE', #8756, 1.500000000000000000 ) ;
#2017 = ORIENTED_EDGE ( 'NONE', *, *, #3769, .T. ) ;
#2018 = ADVANCED_FACE ( 'NONE', ( #5934, #10865 ), #5796, .T. ) ;
#2019 = CARTESIAN_POINT ( 'NONE',  ( 21.49999999999999645, 6.500000000000002665, 2.500000000000000000 ) ) ;
#2021 = VECTOR ( 'NONE', #4657, 1000.000000000000000 ) ;
#2020 = CARTESIAN_POINT ( 'NONE',  ( -39.99999999999999289, 62.50000000000001421, 25.00000000000000000 ) ) ;
#2022 = EDGE_CURVE ( 'NONE', #5264, #2469, #12676, .T. ) ;
#2023 = LINE ( 'NONE', #930, #5977 ) ;
#2024 = VERTEX_POINT ( 'NONE', #4821 ) ;
#2025 = DIRECTION ( 'NONE',  ( 0.000000000000000000, 1.000000000000000000, 0.000000000000000000 ) ) ;
#2026 = ORIENTED_EDGE ( 'NONE', *, *, #7122, .T. ) ;
#2027 = CARTESIAN_POINT ( 'NONE',  ( -15.50000000000000355, 52.49999999999999289, 25.00000000000000000 ) ) ;
#2028 = CARTESIAN_POINT ( 'NONE',  ( 40.49999999999998579, -49.49999999999998579, 4.000000000000000000 ) ) ;
#2029 = AXIS2_PLACEMENT_3D ( 'NONE', #6585, #11649, #11722 ) ;
#2030 = LINE ( 'NONE', #12671, #5857 ) ;
#2031 = CIRCLE ( 'NONE', #8652, 1.500000000000001332 ) ;
#2032 = DIRECTION ( 'NONE',  ( 0.5735764363510490460, 0.000000000000000000, 0.8191520442889895781 ) ) ;
#2033 = VERTEX_POINT ( 'NONE', #8709 ) ;
#2034 = EDGE_CURVE ( 'NONE', #3074, #11704, #3973, .T. ) ;
#2035 = DIRECTION ( 'NONE',  ( -0.000000000000000000, -0.000000000000000000, -1.000000000000000000 ) ) ;
#2036 = CARTESIAN_POINT ( 'NONE',  ( 27.49999999999999289, 53.50000000000000711, 12.50000000000000000 ) ) ;
#2037 = EDGE_LOOP ( 'NONE', ( #906, #1154, #1686, #12169 ) ) ;
#2038 = EDGE_CURVE ( 'NONE', #3396, #5871, #12737, .T. ) ;
#2039 = ADVANCED_FACE ( 'NONE', ( #11718 ), #12752, .F. ) ;
#2040 = AXIS2_PLACEMENT_3D ( 'NONE', #4684, #3509, #9488 ) ;
#2041 = EDGE_CURVE ( 'NONE', #10668, #4322, #8779, .T. ) ;
#2042 = CARTESIAN_POINT ( 'NONE',  ( -47.49999999999999289, -53.75000000000000711, 25.00000000000000000 ) ) ;
#2043 = AXIS2_PLACEMENT_3D ( 'NONE', #10115, #14, #1235 ) ;
#2044 = EDGE_LOOP ( 'NONE', ( #10751, #1009, #1163, #5078 ) ) ;
#2045 = DIRECTION ( 'NONE',  ( -1.000000000000000000, 0.000000000000000000, 0.000000000000000000 ) ) ;
#2046 = VERTEX_POINT ( 'NONE', #5862 ) ;
#2047 = CARTESIAN_POINT ( 'NONE',  ( -6.500000000000005329, 55.00000000000000000, 14.10000000000000142 ) ) ;
#2048 = CARTESIAN_POINT ( 'NONE',  ( 33.49999999999998579, -53.49999999999999289, 2.500000000000000000 ) ) ;
#2049 = DIRECTION ( 'NONE',  ( -0.5735764363510476027, -0.000000000000000000, -0.8191520442889906883 ) ) ;
#2050 = FACE_OUTER_BOUND ( 'NONE', #2902, .T. ) ;
#2051 = ADVANCED_FACE ( 'NONE', ( #2882 ), #7872, .F. ) ;
#2052 = ORIENTED_EDGE ( 'NONE', *, *, #11735, .F. ) ;
#2053 = ORIENTED_EDGE ( 'NONE', *, *, #1185, .F. ) ;
#2054 = LINE ( 'NONE', #3801, #11625 ) ;
#2055 = ORIENTED_EDGE ( 'NONE', *, *, #4456, .T. ) ;
#2056 = VERTEX_POINT ( 'NONE', #11842 ) ;
#2057 = CARTESIAN_POINT ( 'NONE',  ( -39.99999999999999289, 61.25000000000001421, 25.00000000000000000 ) ) ;
#2058 = VERTEX_POINT ( 'NONE', #2940 ) ;
#2059 = DIRECTION ( 'NONE',  ( 0.000000000000000000, -1.000000000000000000, 0.000000000000000000 ) ) ;
#2061 = EDGE_CURVE ( 'NONE', #9328, #4685, #11909, .T. ) ;
#2060 = ORIENTED_EDGE ( 'NONE', *, *, #2971, .T. ) ;
#2062 = EDGE_CURVE ( 'NONE', #10639, #2432, #9888, .T. ) ;
#2063 = DIRECTION ( 'NONE',  ( 1.176083712526648702E-16, -1.000000000000000000, 0.000000000000000000 ) ) ;
#2064 = DIRECTION ( 'NONE',  ( 1.000000000000000000, 0.000000000000000000, 0.000000000000000000 ) ) ;
#2065 = DIRECTION ( 'NONE',  ( 0.000000000000000000, 0.000000000000000000, 1.000000000000000000 ) ) ;
#2066 = DIRECTION ( 'NONE',  ( 0.5735764363510476027, -3.154042683594196600E-16, 0.8191520442889906883 ) ) ;
#2067 = CARTESIAN_POINT ( 'NONE',  ( 0.000000000000000000, -3.000000000000009770, 12.50000000000000000 ) ) ;
#2068 = ORIENTED_EDGE ( 'NONE', *, *, #7698, .F. ) ;
#2069 = CARTESIAN_POINT ( 'NONE',  ( 22.99999999999995381, 53.50000000000000000, 4.000000000000000000 ) ) ;
#2070 = FACE_OUTER_BOUND ( 'NONE', #849, .T. ) ;
#2071 = ORIENTED_EDGE ( 'NONE', *, *, #4329, .T. ) ;
#2072 = DIRECTION ( 'NONE',  ( 0.8191520442889911324, 0.000000000000000000, -0.5735764363510471586 ) ) ;
#2073 = DIRECTION ( 'NONE',  ( 0.5735764363510473807, 0.000000000000000000, 0.8191520442889909104 ) ) ;
#2074 = DIRECTION ( 'NONE',  ( 1.000000000000000000, 4.625929269271486900E-15, 0.000000000000000000 ) ) ;
#2075 = CARTESIAN_POINT ( 'NONE',  ( 30.39999999999999503, -61.25000000000001421, 0.000000000000000000 ) ) ;
#2076 = FACE_OUTER_BOUND ( 'NONE', #12387, .T. ) ;
#2077 = VERTEX_POINT ( 'NONE', #38 ) ;
#2078 = DIRECTION ( 'NONE',  ( -1.809084562555054573E-16, -1.000000000000000000, -2.583640512040920244E-16 ) ) ;
#2079 = VECTOR ( 'NONE', #11150, 1000.000000000000000 ) ;
#2080 = LINE ( 'NONE', #6042, #10527 ) ;
#2081 = EDGE_CURVE ( 'NONE', #4891, #4402, #5678, .T. ) ;
#2082 = DIRECTION ( 'NONE',  ( 1.000000000000000000, 5.737455619489484277E-16, 0.000000000000000000 ) ) ;
#2083 = ORIENTED_EDGE ( 'NONE', *, *, #10393, .T. ) ;
#2084 = CARTESIAN_POINT ( 'NONE',  ( 23.49999999999999645, 12.49999999999999645, 12.50000000000000000 ) ) ;
#2085 = ORIENTED_EDGE ( 'NONE', *, *, #3171, .F. ) ;
#2086 = FACE_OUTER_BOUND ( 'NONE', #1683, .T. ) ;
#2087 = EDGE_CURVE ( 'NONE', #5533, #10942, #2419, .T. ) ;
#2088 = LINE ( 'NONE', #4160, #1895 ) ;
#2089 = CARTESIAN_POINT ( 'NONE',  ( 36.69999999999998863, 62.50000000000001421, 19.00000000000000355 ) ) ;
#2090 = ORIENTED_EDGE ( 'NONE', *, *, #9806, .T. ) ;
#2091 = LINE ( 'NONE', #12229, #1108 ) ;
#2092 = DIRECTION ( 'NONE',  ( -0.000000000000000000, 1.000000000000000000, 0.000000000000000000 ) ) ;
#2093 = EDGE_LOOP ( 'NONE', ( #6045, #1124, #1274, #6079 ) ) ;
#2094 = VECTOR ( 'NONE', #7464, 1000.000000000000000 ) ;
#2095 = LINE ( 'NONE', #9894, #9065 ) ;
#2096 = ORIENTED_EDGE ( 'NONE', *, *, #1085, .T. ) ;
#2097 = DIRECTION ( 'NONE',  ( 0.000000000000000000, 0.000000000000000000, 1.000000000000000000 ) ) ;
#2098 = ORIENTED_EDGE ( 'NONE', *, *, #12132, .F. ) ;
#2099 = FACE_OUTER_BOUND ( 'NONE', #1338, .T. ) ;
#2100 = DIRECTION ( 'NONE',  ( 0.5735764363510490460, 0.000000000000000000, 0.8191520442889895781 ) ) ;
#2101 = DIRECTION ( 'NONE',  ( 1.000000000000000000, 1.156482317317870344E-15, 0.000000000000000000 ) ) ;
#2102 = CYLINDRICAL_SURFACE ( 'NONE', #531, 2.999999999999999112 ) ;
#2103 = EDGE_CURVE ( 'NONE', #7181, #101, #12168, .T. ) ;
#2104 = ORIENTED_EDGE ( 'NONE', *, *, #3766, .F. ) ;
#2105 = VERTEX_POINT ( 'NONE', #5082 ) ;
#2106 = ADVANCED_FACE ( 'NONE', ( #3201 ), #7551, .T. ) ;
#2107 = DIRECTION ( 'NONE',  ( 1.000000000000000000, 0.000000000000000000, 0.000000000000000000 ) ) ;
#2108 = ORIENTED_EDGE ( 'NONE', *, *, #11291, .F. ) ;
#2109 = ORIENTED_EDGE ( 'NONE', *, *, #8377, .T. ) ;
#2110 = LINE ( 'NONE', #2897, #785 ) ;
#2111 = AXIS2_PLACEMENT_3D ( 'NONE', #8409, #2507, #11402 ) ;
#2112 = CIRCLE ( 'NONE', #7498, 1.700000000000004174 ) ;
#2113 = ORIENTED_EDGE ( 'NONE', *, *, #9327, .T. ) ;
#2114 = CARTESIAN_POINT ( 'NONE',  ( 1.418304165657956029, 20.20588235294117396, 12.50000000000000000 ) ) ;
#2115 = EDGE_LOOP ( 'NONE', ( #10941, #1937 ) ) ;
#2116 = DIRECTION ( 'NONE',  ( -1.000000000000000000, 0.000000000000000000, 0.000000000000000000 ) ) ;
#2117 = CARTESIAN_POINT ( 'NONE',  ( 25.50000000000000355, 6.500000000000002665, 12.50000000000000000 ) ) ;
#2118 = DIRECTION ( 'NONE',  ( -0.000000000000000000, -0.000000000000000000, 1.000000000000000000 ) ) ;
#2119 = EDGE_CURVE ( 'NONE', #8919, #10582, #12230, .T. ) ;
#2120 = EDGE_CURVE ( 'NONE', #1715, #11000, #12100, .T. ) ;
#2122 = DIRECTION ( 'NONE',  ( -1.000000000000000000, 0.000000000000000000, 0.000000000000000000 ) ) ;
#2121 = AXIS2_PLACEMENT_3D ( 'NONE', #2325, #450, #11414 ) ;
#2123 = VECTOR ( 'NONE', #12483, 1000.000000000000114 ) ;
#2124 = VECTOR ( 'NONE', #10360, 1000.000000000000000 ) ;
#2125 = EDGE_LOOP ( 'NONE', ( #7008, #11420, #2776, #11647 ) ) ;
#2126 = CARTESIAN_POINT ( 'NONE',  ( 22.99999999999998579, -30.49999999999999645, 12.50000000000000000 ) ) ;
#2127 = ORIENTED_EDGE ( 'NONE', *, *, #9514, .T. ) ;
#2128 = CARTESIAN_POINT ( 'NONE',  ( 27.50000000000000000, -30.49999999999999289, 4.000000000000000000 ) ) ;
#2129 = LINE ( 'NONE', #1175, #2244 ) ;
#2130 = ORIENTED_EDGE ( 'NONE', *, *, #11805, .T. ) ;
#2131 = VECTOR ( 'NONE', #6342, 1000.000000000000114 ) ;
#2132 = AXIS2_PLACEMENT_3D ( 'NONE', #5646, #732, #8443 ) ;
#2133 = AXIS2_PLACEMENT_3D ( 'NONE', #1517, #11686, #3511 ) ;
#2134 = LINE ( 'NONE', #4974, #7933 ) ;
#2135 = DIRECTION ( 'NONE',  ( 0.8191520442889906883, 0.000000000000000000, -0.5735764363510477137 ) ) ;
#2136 = FACE_OUTER_BOUND ( 'NONE', #7445, .T. ) ;
#2137 = LINE ( 'NONE', #9210, #2728 ) ;
#2138 = CIRCLE ( 'NONE', #7530, 4.900000000000036771 ) ;
#2139 = VECTOR ( 'NONE', #5632, 1000.000000000000000 ) ;
#2140 = LINE ( 'NONE', #4091, #6293 ) ;
#2141 = AXIS2_PLACEMENT_3D ( 'NONE', #3903, #9878, #1836 ) ;
#2142 = ORIENTED_EDGE ( 'NONE', *, *, #2204, .F. ) ;
#2143 = DIRECTION ( 'NONE',  ( -0.000000000000000000, -0.000000000000000000, 1.000000000000000000 ) ) ;
#2144 = DIRECTION ( 'NONE',  ( -0.000000000000000000, -0.000000000000000000, -1.000000000000000000 ) ) ;
#2145 = DIRECTION ( 'NONE',  ( 0.5735764363510467145, 0.000000000000000000, 0.8191520442889914655 ) ) ;
#2146 = ORIENTED_EDGE ( 'NONE', *, *, #8117, .F. ) ;
#2147 = CARTESIAN_POINT ( 'NONE',  ( -39.99999999999999289, -61.25000000000001421, 25.00000000000000000 ) ) ;
#2148 = EDGE_CURVE ( 'NONE', #6822, #9160, #6374, .T. ) ;
#2149 = VECTOR ( 'NONE', #12713, 1000.000000000000000 ) ;
#2150 = VECTOR ( 'NONE', #6049, 1000.000000000000114 ) ;
#2151 = VERTEX_POINT ( 'NONE', #171 ) ;
#2152 = VECTOR ( 'NONE', #2685, 1000.000000000000114 ) ;
#2153 = DIRECTION ( 'NONE',  ( 1.000000000000000000, 0.000000000000000000, 0.000000000000000000 ) ) ;
#2154 = DIRECTION ( 'NONE',  ( -0.000000000000000000, -0.000000000000000000, 1.000000000000000000 ) ) ;
#2155 = PLANE ( 'NONE',  #1603 ) ;
#2156 = ORIENTED_EDGE ( 'NONE', *, *, #11818, .T. ) ;
#2157 = EDGE_CURVE ( 'NONE', #9028, #3942, #5061, .T. ) ;
#2158 = DIRECTION ( 'NONE',  ( -0.000000000000000000, -0.000000000000000000, 1.000000000000000000 ) ) ;
#2159 = CIRCLE ( 'NONE', #713, 1.500000000000001332 ) ;
#2160 = DIRECTION ( 'NONE',  ( -0.000000000000000000, -0.000000000000000000, 1.000000000000000000 ) ) ;
#2161 = AXIS2_PLACEMENT_3D ( 'NONE', #9718, #836, #2845 ) ;
#2162 = AXIS2_PLACEMENT_3D ( 'NONE', #2036, #5009, #8970 ) ;
#2163 = ORIENTED_EDGE ( 'NONE', *, *, #4712, .T. ) ;
#2164 = DIRECTION ( 'NONE',  ( -0.000000000000000000, -0.000000000000000000, 1.000000000000000000 ) ) ;
#2165 = ORIENTED_EDGE ( 'NONE', *, *, #9380, .F. ) ;
#2166 = CARTESIAN_POINT ( 'NONE',  ( 25.50000000000002487, 12.49999999999999645, 12.50000000000000000 ) ) ;
#2167 = ORIENTED_EDGE ( 'NONE', *, *, #2829, .F. ) ;
#2168 = LINE ( 'NONE', #235, #5496 ) ;
#2169 = DIRECTION ( 'NONE',  ( -0.000000000000000000, 1.000000000000000000, 0.000000000000000000 ) ) ;
#2170 = AXIS2_PLACEMENT_3D ( 'NONE', #9122, #7120, #9062 ) ;
#2171 = CIRCLE ( 'NONE', #5080, 1.000000000000003997 ) ;
#2173 = AXIS2_PLACEMENT_3D ( 'NONE', #8305, #12022, #7271 ) ;
#2172 = DIRECTION ( 'NONE',  ( 0.000000000000000000, 0.000000000000000000, 1.000000000000000000 ) ) ;
#2174 = CARTESIAN_POINT ( 'NONE',  ( -42.25000000000002132, 49.49999999999997868, 19.00538238691625281 ) ) ;
#2175 = VECTOR ( 'NONE', #8969, 1000.000000000000000 ) ;
#2176 = ORIENTED_EDGE ( 'NONE', *, *, #3533, .T. ) ;
#2177 = EDGE_CURVE ( 'NONE', #1786, #1134, #9102, .T. ) ;
#2178 = ORIENTED_EDGE ( 'NONE', *, *, #2651, .F. ) ;
#2179 = FACE_OUTER_BOUND ( 'NONE', #4225, .T. ) ;
#2180 = EDGE_CURVE ( 'NONE', #10057, #5581, #1959, .T. ) ;
#2181 = ORIENTED_EDGE ( 'NONE', *, *, #5996, .T. ) ;
#2182 = EDGE_CURVE ( 'NONE', #6321, #3340, #512, .T. ) ;
#2183 = ORIENTED_EDGE ( 'NONE', *, *, #2777, .T. ) ;
#2184 = CIRCLE ( 'NONE', #734, 2.499999999999992006 ) ;
#2185 = CARTESIAN_POINT ( 'NONE',  ( -27.99999999999998224, -53.50000000000000711, 2.500000000000000000 ) ) ;
#2186 = ORIENTED_EDGE ( 'NONE', *, *, #9256, .F. ) ;
#2187 = CYLINDRICAL_SURFACE ( 'NONE', #7942, 1.500000000000000000 ) ;
#2188 = ADVANCED_FACE ( 'NONE', ( #12035, #7285 ), #6247, .T. ) ;
#2189 = ORIENTED_EDGE ( 'NONE', *, *, #9558, .T. ) ;
#2190 = LINE ( 'NONE', #4262, #7558 ) ;
#2191 = DIRECTION ( 'NONE',  ( 0.000000000000000000, -1.000000000000000000, 0.000000000000000000 ) ) ;
#2192 = DIRECTION ( 'NONE',  ( 1.000000000000000000, 0.000000000000000000, 0.000000000000000000 ) ) ;
#2193 = VECTOR ( 'NONE', #163, 1000.000000000000114 ) ;
#2194 = DIRECTION ( 'NONE',  ( -1.000000000000000000, -0.000000000000000000, -0.000000000000000000 ) ) ;
#2195 = FACE_BOUND ( 'NONE', #627, .T. ) ;
#2196 = EDGE_CURVE ( 'NONE', #11995, #11600, #7095, .T. ) ;
#2197 = FACE_OUTER_BOUND ( 'NONE', #4373, .T. ) ;
#2198 = VERTEX_POINT ( 'NONE', #6312 ) ;
#2199 = EDGE_CURVE ( 'NONE', #1519, #5721, #7146, .T. ) ;
#2200 = CARTESIAN_POINT ( 'NONE',  ( 4.500000000000002665, 10.99999999999999112, 2.500000000000000000 ) ) ;
#2201 = CARTESIAN_POINT ( 'NONE',  ( 32.69999999999999574, -62.50000000000001421, 24.55000000000000071 ) ) ;
#2202 = EDGE_CURVE ( 'NONE', #2033, #430, #9211, .T. ) ;
#2203 = ORIENTED_EDGE ( 'NONE', *, *, #7317, .F. ) ;
#2204 = EDGE_CURVE ( 'NONE', #5093, #5661, #3203, .T. ) ;
#2205 = AXIS2_PLACEMENT_3D ( 'NONE', #11952, #6344, #6404 ) ;
#2206 = SPHERICAL_SURFACE ( 'NONE', #2582, 1.500000000000000000 ) ;
#2207 = CARTESIAN_POINT ( 'NONE',  ( 24.50000000000000000, -30.49999999999999289, 12.50000000000000000 ) ) ;
#2208 = CARTESIAN_POINT ( 'NONE',  ( -47.49999999999999289, -30.00000000000000000, 25.00000000000000000 ) ) ;
#2209 = ADVANCED_FACE ( 'NONE', ( #1259 ), #12127, .F. ) ;
#2210 = DIRECTION ( 'NONE',  ( 0.000000000000000000, -0.000000000000000000, 1.000000000000000000 ) ) ;
#2211 = VERTEX_POINT ( 'NONE', #9159 ) ;
#2212 = LINE ( 'NONE', #6175, #328 ) ;
#2213 = DIRECTION ( 'NONE',  ( 1.000000000000000000, 0.000000000000000000, 0.000000000000000000 ) ) ;
#2214 = ORIENTED_EDGE ( 'NONE', *, *, #11566, .F. ) ;
#2215 = LINE ( 'NONE', #4096, #8880 ) ;
#2216 = CONICAL_SURFACE ( 'NONE', #3461, 2.300000000000003375, 0.7853981633974344012 ) ;
#2217 = ORIENTED_EDGE ( 'NONE', *, *, #9263, .T. ) ;
#2218 = DIRECTION ( 'NONE',  ( -0.000000000000000000, -0.000000000000000000, -1.000000000000000000 ) ) ;
#2219 = ORIENTED_EDGE ( 'NONE', *, *, #6173, .F. ) ;
#2220 = EDGE_CURVE ( 'NONE', #7480, #10607, #8199, .T. ) ;
#2221 = LINE ( 'NONE', #7027, #5928 ) ;
#2222 = FACE_OUTER_BOUND ( 'NONE', #10920, .T. ) ;
#2223 = DIRECTION ( 'NONE',  ( 1.000000000000000000, 0.000000000000000000, 0.000000000000000000 ) ) ;
#2224 = VERTEX_POINT ( 'NONE', #7230 ) ;
#2225 = VECTOR ( 'NONE', #4841, 1000.000000000000000 ) ;
#2226 = CIRCLE ( 'NONE', #5332, 1.100000000000004086 ) ;
#2227 = FACE_OUTER_BOUND ( 'NONE', #8896, .T. ) ;
#2228 = DIRECTION ( 'NONE',  ( -0.8191520442889907994, -0.000000000000000000, 0.5735764363510478248 ) ) ;
#2229 = ORIENTED_EDGE ( 'NONE', *, *, #11951, .T. ) ;
#2230 = DIRECTION ( 'NONE',  ( -0.000000000000000000, -0.000000000000000000, 1.000000000000000000 ) ) ;
#2231 = VERTEX_POINT ( 'NONE', #9234 ) ;
#2232 = SURFACE_STYLE_USAGE ( .BOTH. , #11187 ) ;
#2233 = CONICAL_SURFACE ( 'NONE', #9483, 2.750000000000002665, 0.7853981633974560506 ) ;
#2234 = ORIENTED_EDGE ( 'NONE', *, *, #5203, .T. ) ;
#2235 = AXIS2_PLACEMENT_3D ( 'NONE', #6487, #2407, #6361 ) ;
#2236 = DIRECTION ( 'NONE',  ( 5.737455619489484277E-16, -1.000000000000000000, 0.000000000000000000 ) ) ;
#2237 = SPHERICAL_SURFACE ( 'NONE', #7541, 1.500000000000000000 ) ;
#2238 = DIRECTION ( 'NONE',  ( 1.000000000000000000, 0.000000000000000000, 0.000000000000000000 ) ) ;
#2239 = DIRECTION ( 'NONE',  ( 1.000000000000000000, 3.154042683594195614E-16, 0.000000000000000000 ) ) ;
#2240 = ORIENTED_EDGE ( 'NONE', *, *, #3630, .T. ) ;
#2241 = EDGE_LOOP ( 'NONE', ( #11121, #9121, #12088, #5775 ) ) ;
#2242 = CARTESIAN_POINT ( 'NONE',  ( -32.69999999999999574, 62.50000000000001421, 24.55000000000000071 ) ) ;
#2243 = AXIS2_PLACEMENT_3D ( 'NONE', #10531, #4612, #2619 ) ;
#2244 = VECTOR ( 'NONE', #7259, 1000.000000000000000 ) ;
#2245 = ORIENTED_EDGE ( 'NONE', *, *, #8928, .T. ) ;
#2246 = ORIENTED_EDGE ( 'NONE', *, *, #7662, .T. ) ;
#2247 = CARTESIAN_POINT ( 'NONE',  ( -26.24999999999998934, -61.25000000000001421, 45.15564437074637993 ) ) ;
#2248 = VERTEX_POINT ( 'NONE', #3390 ) ;
#2249 = ADVANCED_FACE ( 'NONE', ( #8571 ), #5272, .F. ) ;
#2250 = CARTESIAN_POINT ( 'NONE',  ( 29.99999999999998579, -61.25000000000001421, 0.4000000000000114575 ) ) ;
#2251 = ORIENTED_EDGE ( 'NONE', *, *, #3666, .T. ) ;
#2252 = DIRECTION ( 'NONE',  ( 1.000000000000000000, 0.000000000000000000, 0.000000000000000000 ) ) ;
#2253 = DIRECTION ( 'NONE',  ( -0.8191520442889905773, -0.000000000000000000, 0.5735764363510477137 ) ) ;
#2254 = AXIS2_PLACEMENT_3D ( 'NONE', #5185, #7081, #215 ) ;
#2255 = LINE ( 'NONE', #1037, #9410 ) ;
#2256 = EDGE_CURVE ( 'NONE', #7056, #1795, #4855, .T. ) ;
#2257 = DIRECTION ( 'NONE',  ( 0.000000000000000000, 0.000000000000000000, -1.000000000000000000 ) ) ;
#2258 = FACE_OUTER_BOUND ( 'NONE', #4303, .T. ) ;
#2259 = DIRECTION ( 'NONE',  ( 0.000000000000000000, 0.7071067811865462405, 0.7071067811865489050 ) ) ;
#2260 = VERTEX_POINT ( 'NONE', #6434 ) ;
#2261 = FACE_OUTER_BOUND ( 'NONE', #11336, .T. ) ;
#2262 = CARTESIAN_POINT ( 'NONE',  ( 43.49999999999997868, -40.99999999999998579, 4.000000000000000000 ) ) ;
#2263 = ORIENTED_EDGE ( 'NONE', *, *, #2911, .T. ) ;
#2264 = CYLINDRICAL_SURFACE ( 'NONE', #1956, 1.699999999999998401 ) ;
#2265 = CARTESIAN_POINT ( 'NONE',  ( -47.49999999999998579, 30.00000000000000000, 68.00000000000000000 ) ) ;
#2266 = EDGE_CURVE ( 'NONE', #10071, #12085, #4034, .T. ) ;
#2267 = ORIENTED_EDGE ( 'NONE', *, *, #424, .T. ) ;
#2268 = PLANE ( 'NONE',  #8114 ) ;
#2269 = EDGE_CURVE ( 'NONE', #4274, #10407, #2673, .T. ) ;
#2270 = EDGE_CURVE ( 'NONE', #5639, #5562, #9835, .T. ) ;
#2271 = EDGE_CURVE ( 'NONE', #10978, #8365, #4422, .T. ) ;
#2272 = DIRECTION ( 'NONE',  ( 1.000000000000000000, -0.000000000000000000, 0.000000000000000000 ) ) ;
#2273 = EDGE_LOOP ( 'NONE', ( #7548, #7943, #9980, #6425 ) ) ;
#2274 = CARTESIAN_POINT ( 'NONE',  ( 33.49999999999999289, -54.99999999999998579, 4.000000000000000000 ) ) ;
#2275 = DIRECTION ( 'NONE',  ( -0.5735764363510473807, 0.000000000000000000, -0.8191520442889909104 ) ) ;
#2276 = VERTEX_POINT ( 'NONE', #10529 ) ;
#2277 = PRODUCT ( 'Case', 'Case', '', ( #6658 ) ) ;
#2278 = ORIENTED_EDGE ( 'NONE', *, *, #11248, .F. ) ;
#2279 = EDGE_CURVE ( 'NONE', #9728, #6315, #9412, .T. ) ;
#2280 = CARTESIAN_POINT ( 'NONE',  ( -66.38495681523366443, 21.49999999999998934, 41.02948656691329887 ) ) ;
#2281 = ORIENTED_EDGE ( 'NONE', *, *, #6036, .T. ) ;
#2282 = DIRECTION ( 'NONE',  ( -0.8191520442889905773, -0.000000000000000000, 0.5735764363510477137 ) ) ;
#2283 = CARTESIAN_POINT ( 'NONE',  ( -32.58780523721660671, 54.99999999999999289, 12.10797579635455712 ) ) ;
#2284 = DIRECTION ( 'NONE',  ( -1.000000000000000000, 0.000000000000000000, 0.000000000000000000 ) ) ;
#2285 = ORIENTED_EDGE ( 'NONE', *, *, #172, .F. ) ;
#2286 = EDGE_CURVE ( 'NONE', #7201, #5863, #12535, .T. ) ;
#2287 = CARTESIAN_POINT ( 'NONE',  ( -3.000000000000001332, -55.00000000000000711, 4.000000000000000000 ) ) ;
#2288 = DIRECTION ( 'NONE',  ( -0.000000000000000000, -0.000000000000000000, -1.000000000000000000 ) ) ;
#2289 = ORIENTED_EDGE ( 'NONE', *, *, #7796, .F. ) ;
#2290 = EDGE_CURVE ( 'NONE', #1023, #9140, #2482, .T. ) ;
#2291 = DIRECTION ( 'NONE',  ( 0.7071067811865531239, 0.000000000000000000, 0.7071067811865420216 ) ) ;
#2292 = VERTEX_POINT ( 'NONE', #3706 ) ;
#2293 = LINE ( 'NONE', #5276, #9157 ) ;
#2294 = AXIS2_PLACEMENT_3D ( 'NONE', #1100, #12730, #731 ) ;
#2295 = ORIENTED_EDGE ( 'NONE', *, *, #1695, .F. ) ;
#2296 = DIRECTION ( 'NONE',  ( -0.8191520442889906883, -0.000000000000000000, 0.5735764363510477137 ) ) ;
#2297 = DIRECTION ( 'NONE',  ( -1.000000000000000000, -1.176083712526648702E-16, 0.000000000000000000 ) ) ;
#2298 = PLANE ( 'NONE',  #10212 ) ;
#2299 = CARTESIAN_POINT ( 'NONE',  ( -23.49999999999996803, -53.50000000000000711, 2.500000000000002220 ) ) ;
#2300 = ORIENTED_EDGE ( 'NONE', *, *, #1871, .F. ) ;
#2301 = ORIENTED_EDGE ( 'NONE', *, *, #10505, .F. ) ;
#2302 = PLANE ( 'NONE',  #12142 ) ;
#2303 = ORIENTED_EDGE ( 'NONE', *, *, #9555, .T. ) ;
#2304 = VERTEX_POINT ( 'NONE', #10466 ) ;
#2305 = DIRECTION ( 'NONE',  ( 0.000000000000000000, 0.7071067811865463515, 0.7071067811865487940 ) ) ;
#2306 = ORIENTED_EDGE ( 'NONE', *, *, #3781, .F. ) ;
#2307 = LINE ( 'NONE', #6272, #7113 ) ;
#2308 = ORIENTED_EDGE ( 'NONE', *, *, #4708, .F. ) ;
#2309 = CIRCLE ( 'NONE', #7287, 4.500000000000000000 ) ;
#2310 = CARTESIAN_POINT ( 'NONE',  ( 43.49999999999997868, 12.50000000000000178, 12.00000000000002842 ) ) ;
#2311 = FACE_OUTER_BOUND ( 'NONE', #10696, .T. ) ;
#2312 = EDGE_CURVE ( 'NONE', #1660, #9226, #5462, .T. ) ;
#2313 = LINE ( 'NONE', #6214, #7983 ) ;
#2314 = CARTESIAN_POINT ( 'NONE',  ( -66.38495681523366443, -21.50000000000000000, 41.02948656691329887 ) ) ;
#2315 = DIRECTION ( 'NONE',  ( 0.5735764363510481578, 0.000000000000000000, 0.8191520442889904663 ) ) ;
#2316 = ADVANCED_FACE ( 'NONE', ( #7413 ), #6109, .F. ) ;
#2317 = CIRCLE ( 'NONE', #5423, 1.499999999999999556 ) ;
#2318 = DIRECTION ( 'NONE',  ( 1.000000000000000000, 0.000000000000000000, 0.000000000000000000 ) ) ;
#2319 = AXIS2_PLACEMENT_3D ( 'NONE', #5573, #4468, #5317 ) ;
#2320 = ORIENTED_EDGE ( 'NONE', *, *, #2279, .F. ) ;
#2321 = CARTESIAN_POINT ( 'NONE',  ( 47.50000000000000000, -42.49999999999998579, 14.10000000000000142 ) ) ;
#2322 = ORIENTED_EDGE ( 'NONE', *, *, #8795, .F. ) ;
#2323 = EDGE_CURVE ( 'NONE', #1014, #11501, #11703, .T. ) ;
#2324 = FACE_OUTER_BOUND ( 'NONE', #1648, .T. ) ;
#2325 = CARTESIAN_POINT ( 'NONE',  ( 23.50000000000000355, 30.86660026534075385, 12.50000000000000000 ) ) ;
#2326 = VECTOR ( 'NONE', #1823, 1000.000000000000000 ) ;
#2327 = AXIS2_PLACEMENT_3D ( 'NONE', #11640, #1776, #9685 ) ;
#2329 = CIRCLE ( 'NONE', #7701, 2.799999999999962075 ) ;
#2328 = DIRECTION ( 'NONE',  ( 1.000000000000000000, 4.336808689942017736E-17, -0.000000000000000000 ) ) ;
#2330 = FACE_OUTER_BOUND ( 'NONE', #202, .T. ) ;
#2331 = EDGE_LOOP ( 'NONE', ( #10244, #1638, #8879, #9594 ) ) ;
#2332 = DIRECTION ( 'NONE',  ( -0.7071067811865475727, 0.000000000000000000, -0.7071067811865475727 ) ) ;
#2333 = AXIS2_PLACEMENT_3D ( 'NONE', #1696, #7599, #1452 ) ;
#2334 = CYLINDRICAL_SURFACE ( 'NONE', #7420, 1.500000000000001332 ) ;
#2335 = VECTOR ( 'NONE', #6996, 1000.000000000000114 ) ;
#2336 = EDGE_LOOP ( 'NONE', ( #2756, #12664, #11431, #3784 ) ) ;
#2337 = EDGE_CURVE ( 'NONE', #497, #1034, #9006, .T. ) ;
#2338 = ORIENTED_EDGE ( 'NONE', *, *, #7022, .F. ) ;
#2339 = CARTESIAN_POINT ( 'NONE',  ( 44.99999999999998579, 11.58280583920127249, 12.24680279941680361 ) ) ;
#2340 = EDGE_CURVE ( 'NONE', #12447, #2231, #7538, .T. ) ;
#2341 = ORIENTED_EDGE ( 'NONE', *, *, #2447, .T. ) ;
#2342 = CARTESIAN_POINT ( 'NONE',  ( -51.47196947010641566, -21.50000000000000000, 62.32743971842706543 ) ) ;
#2343 = CIRCLE ( 'NONE', #11464, 3.000000000000002665 ) ;
#2344 = CYLINDRICAL_SURFACE ( 'NONE', #9169, 1.500000000000001332 ) ;
#2345 = VECTOR ( 'NONE', #5379, 1000.000000000000000 ) ;
#2346 = DIRECTION ( 'NONE',  ( -0.000000000000000000, -0.000000000000000000, 1.000000000000000000 ) ) ;
#2347 = VECTOR ( 'NONE', #6891, 1000.000000000000000 ) ;
#2348 = ORIENTED_EDGE ( 'NONE', *, *, #12135, .T. ) ;
#2349 = CYLINDRICAL_SURFACE ( 'NONE', #3755, 1.500000000000001332 ) ;
#2350 = CARTESIAN_POINT ( 'NONE',  ( -24.99999999999998224, 24.99999999999999289, 4.000000000000000000 ) ) ;
#2351 = ADVANCED_FACE ( 'NONE', ( #9423 ), #10434, .F. ) ;
#2352 = ORIENTED_EDGE ( 'NONE', *, *, #10505, .T. ) ;
#2353 = ADVANCED_FACE ( 'NONE', ( #11510 ), #2547, .F. ) ;
#2354 = EDGE_CURVE ( 'NONE', #3269, #3415, #12543, .T. ) ;
#2355 = AXIS2_PLACEMENT_3D ( 'NONE', #8488, #12341, #3495 ) ;
#2356 = FACE_OUTER_BOUND ( 'NONE', #4613, .T. ) ;
#2357 = AXIS2_PLACEMENT_3D ( 'NONE', #7975, #201, #8039 ) ;
#2358 = EDGE_CURVE ( 'NONE', #7875, #4965, #5587, .T. ) ;
#2359 = EDGE_LOOP ( 'NONE', ( #2567, #7085, #314, #5016 ) ) ;
#2360 = ADVANCED_FACE ( 'NONE', ( #7600 ), #6495, .F. ) ;
#2361 = CARTESIAN_POINT ( 'NONE',  ( -62.28885658309123130, -18.99999999999999645, 40.60291548462749489 ) ) ;
#2362 = ORIENTED_EDGE ( 'NONE', *, *, #2459, .T. ) ;
#2363 = CARTESIAN_POINT ( 'NONE',  ( -6.499999999999999112, 24.00000000000000355, 12.50000000000000000 ) ) ;
#2364 = CARTESIAN_POINT ( 'NONE',  ( 22.99999999999999645, 12.49999999999999645, 12.00000000000000000 ) ) ;
#2365 = DIRECTION ( 'NONE',  ( -4.625929269271481378E-15, 1.000000000000000000, 0.000000000000000000 ) ) ;
#2366 = CARTESIAN_POINT ( 'NONE',  ( 43.75000000000001421, -57.50000000000000711, 25.00000000000000000 ) ) ;
#2367 = VERTEX_POINT ( 'NONE', #2869 ) ;
#2368 = ORIENTED_EDGE ( 'NONE', *, *, #11085, .F. ) ;
#2369 = AXIS2_PLACEMENT_3D ( 'NONE', #7839, #8872, #1035 ) ;
#2370 = VECTOR ( 'NONE', #2524, 1000.000000000000000 ) ;
#2371 = AXIS2_PLACEMENT_3D ( 'NONE', #10305, #2318, #3297 ) ;
#2372 = DIRECTION ( 'NONE',  ( 1.000000000000000000, 4.625929269271481378E-15, 0.000000000000000000 ) ) ;
#2373 = ORIENTED_EDGE ( 'NONE', *, *, #479, .F. ) ;
#2374 = VERTEX_POINT ( 'NONE', #3958 ) ;
#2375 = DIRECTION ( 'NONE',  ( -0.000000000000000000, -0.000000000000000000, -1.000000000000000000 ) ) ;
#2376 = VERTEX_POINT ( 'NONE', #2019 ) ;
#2377 = CIRCLE ( 'NONE', #9004, 1.500000000000001332 ) ;
#2378 = CARTESIAN_POINT ( 'NONE',  ( -0.4529868602934397637, 20.99999999999999645, 4.000000000000000000 ) ) ;
#2379 = VECTOR ( 'NONE', #9001, 1000.000000000000000 ) ;
#2380 = VECTOR ( 'NONE', #6975, 1000.000000000000114 ) ;
#2381 = ORIENTED_EDGE ( 'NONE', *, *, #11164, .F. ) ;
#2382 = LINE ( 'NONE', #8223, #6725 ) ;
#2383 = CARTESIAN_POINT ( 'NONE',  ( 0.000000000000000000, -3.000000000000009770, 12.00000000000000000 ) ) ;
#2384 = DIRECTION ( 'NONE',  ( 0.000000000000000000, 0.000000000000000000, -1.000000000000000000 ) ) ;
#2385 = DIRECTION ( 'NONE',  ( 0.5735764363510448272, 0.000000000000000000, 0.8191520442889926867 ) ) ;
#2386 = EDGE_CURVE ( 'NONE', #12388, #6733, #12733, .T. ) ;
#2387 = DIRECTION ( 'NONE',  ( -1.000000000000000000, -1.584603175171121998E-16, 0.000000000000000000 ) ) ;
#2388 = FACE_OUTER_BOUND ( 'NONE', #1270, .T. ) ;
#2389 = CIRCLE ( 'NONE', #1159, 3.750000000000000000 ) ;
#2390 = CARTESIAN_POINT ( 'NONE',  ( 43.49999999999997868, 55.00000000000000711, 24.99999999999999289 ) ) ;
#2391 = AXIS2_PLACEMENT_3D ( 'NONE', #308, #7243, #9052 ) ;
#2392 = VERTEX_POINT ( 'NONE', #8759 ) ;
#2393 = EDGE_CURVE ( 'NONE', #2677, #10785, #7918, .T. ) ;
#2394 = CARTESIAN_POINT ( 'NONE',  ( -65.11586616530635752, 24.99999999999999289, 35.86814866649763189 ) ) ;
#2395 = ORIENTED_EDGE ( 'NONE', *, *, #2199, .F. ) ;
#2396 = DIRECTION ( 'NONE',  ( 0.8191520442889906883, 0.000000000000000000, -0.5735764363510477137 ) ) ;
#2397 = DIRECTION ( 'NONE',  ( -0.000000000000000000, -0.000000000000000000, 1.000000000000000000 ) ) ;
#2398 = AXIS2_PLACEMENT_3D ( 'NONE', #7405, #6494, #3380 ) ;
#2399 = CONICAL_SURFACE ( 'NONE', #12760, 0.9999999999999942268, 0.7853981633974626009 ) ;
#2400 = LINE ( 'NONE', #2466, #10037 ) ;
#2401 = DIRECTION ( 'NONE',  ( 0.000000000000000000, 0.000000000000000000, -1.000000000000000000 ) ) ;
#2402 = VECTOR ( 'NONE', #11119, 1000.000000000000114 ) ;
#2403 = CARTESIAN_POINT ( 'NONE',  ( 34.99999999999999289, 62.50000000000001421, 25.00000000000000000 ) ) ;
#2404 = ORIENTED_EDGE ( 'NONE', *, *, #2358, .T. ) ;
#2405 = CIRCLE ( 'NONE', #753, 1.500000000000001332 ) ;
#2406 = DIRECTION ( 'NONE',  ( -0.000000000000000000, -0.000000000000000000, -1.000000000000000000 ) ) ;
#2407 = DIRECTION ( 'NONE',  ( -0.7071067811865475727, 0.000000000000000000, -0.7071067811865475727 ) ) ;
#2408 = ORIENTED_EDGE ( 'NONE', *, *, #10603, .F. ) ;
#2409 = ORIENTED_EDGE ( 'NONE', *, *, #12151, .F. ) ;
#2410 = DIRECTION ( 'NONE',  ( -0.8191520442889907994, -0.000000000000000000, 0.5735764363510478248 ) ) ;
#2411 = EDGE_CURVE ( 'NONE', #6118, #11287, #10782, .T. ) ;
#2412 = EDGE_LOOP ( 'NONE', ( #8993, #3884, #12613, #11039 ) ) ;
#2413 = DIRECTION ( 'NONE',  ( 0.5735764363510591490, 0.000000000000000000, 0.8191520442889825837 ) ) ;
#2414 = DIRECTION ( 'NONE',  ( 1.000000000000000000, 0.000000000000000000, 0.000000000000000000 ) ) ;
#2415 = DIRECTION ( 'NONE',  ( 0.000000000000000000, 1.000000000000000000, 0.000000000000000000 ) ) ;
#2416 = EDGE_LOOP ( 'NONE', ( #10990, #10291, #6757, #10903 ) ) ;
#2417 = EDGE_CURVE ( 'NONE', #2953, #6598, #5283, .T. ) ;
#2418 = DIRECTION ( 'NONE',  ( 2.400868672960521361E-16, 1.000000000000000000, 0.000000000000000000 ) ) ;
#2419 = LINE ( 'NONE', #8128, #7344 ) ;
#2420 = EDGE_CURVE ( 'NONE', #5877, #7132, #3837, .T. ) ;
#2421 = VERTEX_POINT ( 'NONE', #2996 ) ;
#2422 = PLANE ( 'NONE',  #10526 ) ;
#2423 = EDGE_LOOP ( 'NONE', ( #3301, #9755, #5443, #4507 ) ) ;
#2424 = FACE_OUTER_BOUND ( 'NONE', #3048, .T. ) ;
#2425 = VERTEX_POINT ( 'NONE', #2924 ) ;
#2426 = LINE ( 'NONE', #6510, #10258 ) ;
#2427 = CARTESIAN_POINT ( 'NONE',  ( 44.99999999999997868, -45.49999999999999289, -142.1267040355189977 ) ) ;
#2428 = VECTOR ( 'NONE', #3733, 1000.000000000000000 ) ;
#2429 = DIRECTION ( 'NONE',  ( 0.000000000000000000, -1.000000000000000000, 0.000000000000000000 ) ) ;
#2430 = AXIS2_PLACEMENT_3D ( 'NONE', #9152, #9293, #8379 ) ;
#2431 = DIRECTION ( 'NONE',  ( 0.000000000000000000, 0.000000000000000000, 1.000000000000000000 ) ) ;
#2432 = VERTEX_POINT ( 'NONE', #4994 ) ;
#2433 = DIRECTION ( 'NONE',  ( 0.000000000000000000, 0.000000000000000000, 1.000000000000000000 ) ) ;
#2434 = EDGE_CURVE ( 'NONE', #12358, #363, #992, .T. ) ;
#2435 = EDGE_CURVE ( 'NONE', #9074, #508, #8187, .T. ) ;
#2436 = ADVANCED_FACE ( 'NONE', ( #4938 ), #12544, .F. ) ;
#2437 = ORIENTED_EDGE ( 'NONE', *, *, #9472, .T. ) ;
#2438 = ORIENTED_EDGE ( 'NONE', *, *, #4807, .F. ) ;
#2439 = AXIS2_PLACEMENT_3D ( 'NONE', #1012, #5799, #6839 ) ;
#2440 = CARTESIAN_POINT ( 'NONE',  ( -3.500000000000003109, 52.49999999999999289, 25.00000000000000000 ) ) ;
#2441 = VECTOR ( 'NONE', #1827, 1000.000000000000227 ) ;
#2442 = VERTEX_POINT ( 'NONE', #7724 ) ;
#2443 = APPLICATION_CONTEXT ( 'automotive_design' ) ;
#2444 = CARTESIAN_POINT ( 'NONE',  ( 43.07752442826362227, -19.00000000000000355, -6.318377820647813614 ) ) ;
#2445 = ORIENTED_EDGE ( 'NONE', *, *, #3248, .F. ) ;
#2446 = CYLINDRICAL_SURFACE ( 'NONE', #12138, 1.700000000000004174 ) ;
#2447 = EDGE_CURVE ( 'NONE', #11906, #2442, #9846, .T. ) ;
#2448 = CARTESIAN_POINT ( 'NONE',  ( -15.50000000000000355, 55.00000000000000000, 25.00000000000000000 ) ) ;
#2449 = DIRECTION ( 'NONE',  ( -0.000000000000000000, -0.000000000000000000, -1.000000000000000000 ) ) ;
#2450 = DIRECTION ( 'NONE',  ( 0.5735764363510470476, -3.154042683594196600E-16, 0.8191520442889911324 ) ) ;
#2451 = AXIS2_PLACEMENT_3D ( 'NONE', #11528, #4509, #7748 ) ;
#2452 = DIRECTION ( 'NONE',  ( -0.8191520442889907994, -0.000000000000000000, 0.5735764363510478248 ) ) ;
#2453 = AXIS2_PLACEMENT_3D ( 'NONE', #7849, #12593, #9665 ) ;
#2454 = DIRECTION ( 'NONE',  ( -0.000000000000000000, -0.000000000000000000, 1.000000000000000000 ) ) ;
#2455 = CARTESIAN_POINT ( 'NONE',  ( 9.000000000000001776, 55.00000000000000000, 2.500000000000002220 ) ) ;
#2456 = ORIENTED_EDGE ( 'NONE', *, *, #12643, .F. ) ;
#2457 = LINE ( 'NONE', #7199, #4314 ) ;
#2458 = EDGE_CURVE ( 'NONE', #2211, #1249, #5915, .T. ) ;
#2459 = EDGE_CURVE ( 'NONE', #10181, #11392, #12798, .T. ) ;
#2460 = ORIENTED_EDGE ( 'NONE', *, *, #12267, .T. ) ;
#2461 = DIRECTION ( 'NONE',  ( -0.8191520442889907994, -1.136801825298004503E-16, 0.5735764363510477137 ) ) ;
#2462 = AXIS2_PLACEMENT_3D ( 'NONE', #2549, #12608, #6624 ) ;
#2463 = CIRCLE ( 'NONE', #9705, 1.500000000000001332 ) ;
#2464 = FACE_BOUND ( 'NONE', #9522, .T. ) ;
#2465 = PLANE ( 'NONE',  #10618 ) ;
#2466 = CARTESIAN_POINT ( 'NONE',  ( 47.50000000000000000, -36.49999999999999289, 17.10000000000000142 ) ) ;
#2467 = DIRECTION ( 'NONE',  ( 1.000000000000000000, 0.000000000000000000, 0.000000000000000000 ) ) ;
#2468 = CYLINDRICAL_SURFACE ( 'NONE', #8769, 1.700000000000004174 ) ;
#2469 = VERTEX_POINT ( 'NONE', #8697 ) ;
#2470 = FACE_OUTER_BOUND ( 'NONE', #7605, .T. ) ;
#2471 = CARTESIAN_POINT ( 'NONE',  ( -34.00000000000000000, -49.50000000000000000, 12.50000000000000000 ) ) ;
#2472 = ORIENTED_EDGE ( 'NONE', *, *, #4795, .F. ) ;
#2473 = ORIENTED_EDGE ( 'NONE', *, *, #9956, .T. ) ;
#2474 = FACE_OUTER_BOUND ( 'NONE', #11833, .T. ) ;
#2475 = EDGE_LOOP ( 'NONE', ( #6904, #12399 ) ) ;
#2476 = CARTESIAN_POINT ( 'NONE',  ( -40.50000000000002132, 49.49999999999997868, 2.500000000000000000 ) ) ;
#2477 = CARTESIAN_POINT ( 'NONE',  ( 26.24999999999998934, 57.50000000000000711, 0.4000000000000114575 ) ) ;
#2478 = LINE ( 'NONE', #282, #6156 ) ;
#2479 = EDGE_LOOP ( 'NONE', ( #635, #6578, #6236, #4125 ) ) ;
#2480 = DIRECTION ( 'NONE',  ( -0.000000000000000000, -0.000000000000000000, 1.000000000000000000 ) ) ;
#2481 = EDGE_CURVE ( 'NONE', #3403, #7338, #11295, .T. ) ;
#2482 = LINE ( 'NONE', #8633, #1139 ) ;
#2483 = ORIENTED_EDGE ( 'NONE', *, *, #3938, .F. ) ;
#2484 = LINE ( 'NONE', #6505, #6184 ) ;
#2485 = ORIENTED_EDGE ( 'NONE', *, *, #11617, .T. ) ;
#2486 = EDGE_CURVE ( 'NONE', #10405, #41, #6759, .T. ) ;
#2487 = CARTESIAN_POINT ( 'NONE',  ( -10.99999999999997513, 24.00000000000000000, 4.000000000000000000 ) ) ;
#2488 = ORIENTED_EDGE ( 'NONE', *, *, #7057, .T. ) ;
#2489 = CARTESIAN_POINT ( 'NONE',  ( 26.24999999999998934, -57.50000000000000711, 25.00000000000000000 ) ) ;
#2490 = CARTESIAN_POINT ( 'NONE',  ( -7.999999999999974243, 21.00000000000000355, 12.00000000000000000 ) ) ;
#2491 = DIRECTION ( 'NONE',  ( -0.000000000000000000, -0.000000000000000000, 1.000000000000000000 ) ) ;
#2492 = DIRECTION ( 'NONE',  ( 0.5735764363510578168, 0.000000000000000000, 0.8191520442889836939 ) ) ;
#2493 = EDGE_LOOP ( 'NONE', ( #8401, #11113, #1083, #2936 ) ) ;
#2494 = CARTESIAN_POINT ( 'NONE',  ( 27.50000000000000711, 12.49999999999999645, 12.50000000000000000 ) ) ;
#2495 = ORIENTED_EDGE ( 'NONE', *, *, #12135, .F. ) ;
#2496 = CYLINDRICAL_SURFACE ( 'NONE', #2848, 1.750000000000000666 ) ;
#2497 = ORIENTED_EDGE ( 'NONE', *, *, #12021, .T. ) ;
#2498 = AXIS2_PLACEMENT_3D ( 'NONE', #7386, #3421, #7316 ) ;
#2499 = DIRECTION ( 'NONE',  ( -0.8191520442889906883, -0.000000000000000000, 0.5735764363510477137 ) ) ;
#2500 = ORIENTED_EDGE ( 'NONE', *, *, #11386, .T. ) ;
#2501 = DIRECTION ( 'NONE',  ( 1.000000000000000000, 0.000000000000000000, 0.000000000000000000 ) ) ;
#2502 = EDGE_LOOP ( 'NONE', ( #2798, #3358, #8655, #6654 ) ) ;
#2503 = EDGE_CURVE ( 'NONE', #3269, #7408, #11714, .T. ) ;
#2504 = DIRECTION ( 'NONE',  ( -1.301042606982605321E-16, 1.000000000000000000, 0.000000000000000000 ) ) ;
#2505 = LINE ( 'NONE', #322, #7718 ) ;
#2506 = ADVANCED_FACE ( 'NONE', ( #6956 ), #6824, .F. ) ;
#2507 = DIRECTION ( 'NONE',  ( 0.000000000000000000, 0.000000000000000000, -1.000000000000000000 ) ) ;
#2508 = DIRECTION ( 'NONE',  ( 0.000000000000000000, 0.000000000000000000, 1.000000000000000000 ) ) ;
#2509 = VERTEX_POINT ( 'NONE', #4875 ) ;
#2510 = AXIS2_PLACEMENT_3D ( 'NONE', #11990, #7955, #11926 ) ;
#2511 = DIRECTION ( 'NONE',  ( -0.000000000000000000, -0.000000000000000000, 1.000000000000000000 ) ) ;
#2512 = VERTEX_POINT ( 'NONE', #6884 ) ;
#2513 = ORIENTED_EDGE ( 'NONE', *, *, #12207, .T. ) ;
#2514 = DIRECTION ( 'NONE',  ( -0.000000000000000000, -0.000000000000000000, 1.000000000000000000 ) ) ;
#2515 = AXIS2_PLACEMENT_3D ( 'NONE', #8312, #5456, #9416 ) ;
#2516 = ORIENTED_EDGE ( 'NONE', *, *, #10393, .F. ) ;
#2517 = EDGE_CURVE ( 'NONE', #4230, #2689, #10847, .T. ) ;
#2518 = EDGE_CURVE ( 'NONE', #3542, #11247, #1186, .T. ) ;
#2519 = CARTESIAN_POINT ( 'NONE',  ( -34.99999999999999289, -62.50000000000001421, 25.00000000000000000 ) ) ;
#2520 = EDGE_CURVE ( 'NONE', #12508, #6873, #8384, .T. ) ;
#2521 = CARTESIAN_POINT ( 'NONE',  ( -60.54591933354954847, 19.39999999999998082, 42.39470912518856949 ) ) ;
#2522 = LINE ( 'NONE', #11289, #4606 ) ;
#2523 = EDGE_CURVE ( 'NONE', #6308, #5707, #5181, .T. ) ;
#2524 = DIRECTION ( 'NONE',  ( -2.445329926407195180E-15, 1.000000000000000000, -0.000000000000000000 ) ) ;
#2525 = CARTESIAN_POINT ( 'NONE',  ( 44.99999999999997868, -42.32287565553232866, 12.50000000000000000 ) ) ;
#2526 = AXIS2_PLACEMENT_3D ( 'NONE', #12522, #12265, #3491 ) ;
#2527 = ADVANCED_FACE ( 'NONE', ( #1377 ), #4216, .T. ) ;
#2528 = DIRECTION ( 'NONE',  ( 0.8571673007021118895, 0.000000000000000000, 0.5150380749100549327 ) ) ;
#2529 = ORIENTED_EDGE ( 'NONE', *, *, #6650, .T. ) ;
#2530 = CARTESIAN_POINT ( 'NONE',  ( -45.00000000000002132, 42.12295345520780643, 12.36776389409516064 ) ) ;
#2531 = LINE ( 'NONE', #3439, #10110 ) ;
#2532 = ORIENTED_EDGE ( 'NONE', *, *, #4844, .T. ) ;
#2533 = CIRCLE ( 'NONE', #3588, 1.100000000000000089 ) ;
#2534 = AXIS2_PLACEMENT_3D ( 'NONE', #4175, #1149, #8140 ) ;
#2535 = CIRCLE ( 'NONE', #8737, 1.499999999999997780 ) ;
#2536 = ORIENTED_EDGE ( 'NONE', *, *, #8458, .T. ) ;
#2537 = CARTESIAN_POINT ( 'NONE',  ( -29.99999999999998579, -61.25000000000001421, 0.4000000000000114575 ) ) ;
#2538 = ORIENTED_EDGE ( 'NONE', *, *, #4335, .T. ) ;
#2539 = CARTESIAN_POINT ( 'NONE',  ( -26.49999999999998224, -53.50000000000000711, 12.50000000000001066 ) ) ;
#2540 = DIRECTION ( 'NONE',  ( -0.000000000000000000, -0.000000000000000000, 1.000000000000000000 ) ) ;
#2541 = DIRECTION ( 'NONE',  ( -0.8191520442889907994, -0.000000000000000000, 0.5735764363510478248 ) ) ;
#2542 = ORIENTED_EDGE ( 'NONE', *, *, #7989, .F. ) ;
#2543 = AXIS2_PLACEMENT_3D ( 'NONE', #8886, #208, #8047 ) ;
#2544 = AXIS2_PLACEMENT_3D ( 'NONE', #2626, #6575, #1651 ) ;
#2545 = DIRECTION ( 'NONE',  ( 0.000000000000000000, -1.000000000000000000, -0.000000000000000000 ) ) ;
#2546 = VECTOR ( 'NONE', #6874, 1000.000000000000227 ) ;
#2547 = CYLINDRICAL_SURFACE ( 'NONE', #907, 1.500000000000001332 ) ;
#2548 = EDGE_CURVE ( 'NONE', #4402, #4511, #10068, .T. ) ;
#2549 = CARTESIAN_POINT ( 'NONE',  ( 21.49999999999999289, 12.49999999999999467, 4.000000000000000000 ) ) ;
#2550 = ORIENTED_EDGE ( 'NONE', *, *, #2013, .F. ) ;
#2551 = LINE ( 'NONE', #6379, #7515 ) ;
#2552 = VECTOR ( 'NONE', #835, 1000.000000000000114 ) ;
#2553 = ORIENTED_EDGE ( 'NONE', *, *, #830, .F. ) ;
#2554 = AXIS2_PLACEMENT_3D ( 'NONE', #5194, #1135, #10985 ) ;
#2555 = AXIS2_PLACEMENT_3D ( 'NONE', #11773, #2929, #862 ) ;
#2556 = DIRECTION ( 'NONE',  ( -8.393823270855517276E-16, 1.000000000000000000, 0.000000000000000000 ) ) ;
#2557 = DIRECTION ( 'NONE',  ( -1.000000000000000000, 0.000000000000000000, 0.000000000000000000 ) ) ;
#2558 = DIRECTION ( 'NONE',  ( 1.000000000000000000, 0.000000000000000000, 0.000000000000000000 ) ) ;
#2559 = CARTESIAN_POINT ( 'NONE',  ( -47.09999999999998010, -53.75000000000000711, 0.000000000000000000 ) ) ;
#2560 = ORIENTED_EDGE ( 'NONE', *, *, #3769, .F. ) ;
#2561 = DIRECTION ( 'NONE',  ( 1.000000000000000000, 0.000000000000000000, 0.000000000000000000 ) ) ;
#2562 = AXIS2_PLACEMENT_3D ( 'NONE', #4800, #5784, #858 ) ;
#2563 = VECTOR ( 'NONE', #6530, 1000.000000000000227 ) ;
#2564 = CONICAL_SURFACE ( 'NONE', #9194, 2.750000000000002665, 0.7853981633974560506 ) ;
#2565 = VERTEX_POINT ( 'NONE', #155 ) ;
#2566 = CARTESIAN_POINT ( 'NONE',  ( -40.50000000000002132, 42.49999999999999289, 4.000000000000000000 ) ) ;
#2567 = ORIENTED_EDGE ( 'NONE', *, *, #1891, .T. ) ;
#2568 = CARTESIAN_POINT ( 'NONE',  ( 47.50000000000000711, -42.49999999999998579, 14.10000000000000142 ) ) ;
#2569 = EDGE_LOOP ( 'NONE', ( #12056, #6437, #1176, #12278 ) ) ;
#2570 = ORIENTED_EDGE ( 'NONE', *, *, #5624, .F. ) ;
#2571 = DIRECTION ( 'NONE',  ( 0.000000000000000000, 0.000000000000000000, -1.000000000000000000 ) ) ;
#2572 = CARTESIAN_POINT ( 'NONE',  ( 27.49999999999999289, 53.50000000000000711, 2.500000000000000000 ) ) ;
#2573 = ADVANCED_FACE ( 'NONE', ( #12154 ), #270, .T. ) ;
#2574 = CONICAL_SURFACE ( 'NONE', #9612, 2.000000000000001776, 0.7853981633974482790 ) ;
#2575 = DIRECTION ( 'NONE',  ( -0.5735764363510471586, 0.000000000000000000, -0.8191520442889911324 ) ) ;
#2576 = LINE ( 'NONE', #7822, #5487 ) ;
#2577 = ORIENTED_EDGE ( 'NONE', *, *, #8422, .F. ) ;
#2578 = CYLINDRICAL_SURFACE ( 'NONE', #10575, 1.750000000000000666 ) ;
#2579 = EDGE_CURVE ( 'NONE', #6629, #10978, #2794, .T. ) ;
#2580 = ORIENTED_EDGE ( 'NONE', *, *, #4729, .T. ) ;
#2581 = EDGE_LOOP ( 'NONE', ( #3988, #6271, #5590, #1689 ) ) ;
#2582 = AXIS2_PLACEMENT_3D ( 'NONE', #1237, #12209, #5175 ) ;
#2583 = CIRCLE ( 'NONE', #9833, 1.700000000000000178 ) ;
#2584 = EDGE_CURVE ( 'NONE', #7553, #4065, #4446, .T. ) ;
#2585 = AXIS2_PLACEMENT_3D ( 'NONE', #6836, #9753, #10795 ) ;
#2586 = DIRECTION ( 'NONE',  ( 0.8191520442889906883, 0.000000000000000000, -0.5735764363510477137 ) ) ;
#2587 = ORIENTED_EDGE ( 'NONE', *, *, #1323, .T. ) ;
#2588 = CARTESIAN_POINT ( 'NONE',  ( 7.499999999999992895, 22.50000000000000355, 12.50000000000000000 ) ) ;
#2589 = CARTESIAN_POINT ( 'NONE',  ( -32.47186463297446579, -55.00000000000001421, 12.06839257535535204 ) ) ;
#2590 = DIRECTION ( 'NONE',  ( 1.000000000000000000, 0.000000000000000000, 0.000000000000000000 ) ) ;
#2591 = DIRECTION ( 'NONE',  ( -0.000000000000000000, -0.000000000000000000, -1.000000000000000000 ) ) ;
#2592 = DIRECTION ( 'NONE',  ( -0.7071067811865434649, 0.000000000000000000, 0.7071067811865516806 ) ) ;
#2593 = VECTOR ( 'NONE', #4323, 1000.000000000000000 ) ;
#2594 = AXIS2_PLACEMENT_3D ( 'NONE', #10879, #2952, #3142 ) ;
#2595 = SPHERICAL_SURFACE ( 'NONE', #4792, 1.500000000000000000 ) ;
#2596 = VECTOR ( 'NONE', #1767, 1000.000000000000000 ) ;
#2597 = EDGE_CURVE ( 'NONE', #3146, #615, #1563, .T. ) ;
#2598 = AXIS2_PLACEMENT_3D ( 'NONE', #9626, #1711, #12488 ) ;
#2599 = DIRECTION ( 'NONE',  ( 0.5735764363510481578, 0.000000000000000000, 0.8191520442889904663 ) ) ;
#2600 = EDGE_CURVE ( 'NONE', #10785, #5832, #1361, .T. ) ;
#2601 = VERTEX_POINT ( 'NONE', #4153 ) ;
#2602 = EDGE_CURVE ( 'NONE', #2304, #1428, #9425, .T. ) ;
#2603 = CARTESIAN_POINT ( 'NONE',  ( 33.49999999999997868, -49.49999999999998579, 12.50000000000000000 ) ) ;
#2604 = CARTESIAN_POINT ( 'NONE',  ( 7.499999999999992895, 22.50000000000000355, 12.50000000000000000 ) ) ;
#2605 = ORIENTED_EDGE ( 'NONE', *, *, #10120, .T. ) ;
#2606 = VECTOR ( 'NONE', #1208, 1000.000000000000000 ) ;
#2607 = VECTOR ( 'NONE', #10479, 1000.000000000000000 ) ;
#2608 = LINE ( 'NONE', #349, #7919 ) ;
#2609 = ORIENTED_EDGE ( 'NONE', *, *, #9448, .F. ) ;
#2610 = DIRECTION ( 'NONE',  ( -0.000000000000000000, -0.000000000000000000, 1.000000000000000000 ) ) ;
#2611 = EDGE_CURVE ( 'NONE', #1778, #10560, #11091, .T. ) ;
#2612 = ADVANCED_FACE ( 'NONE', ( #7020 ), #11171, .F. ) ;
#2613 = FACE_OUTER_BOUND ( 'NONE', #8884, .T. ) ;
#2614 = CARTESIAN_POINT ( 'NONE',  ( 0.9504814091701079271, 24.97058823529412663, 4.000000000000000000 ) ) ;
#2615 = ORIENTED_EDGE ( 'NONE', *, *, #8056, .F. ) ;
#2616 = AXIS2_PLACEMENT_3D ( 'NONE', #2476, #468, #4542 ) ;
#2617 = DIRECTION ( 'NONE',  ( 0.000000000000000000, 0.000000000000000000, 1.000000000000000000 ) ) ;
#2618 = DIRECTION ( 'NONE',  ( 1.000000000000000000, 0.000000000000000000, 0.000000000000000000 ) ) ;
#2619 = DIRECTION ( 'NONE',  ( 1.000000000000000000, 0.000000000000000000, 0.000000000000000000 ) ) ;
#2620 = EDGE_CURVE ( 'NONE', #3237, #2248, #9215, .T. ) ;
#2621 = EDGE_CURVE ( 'NONE', #9061, #11988, #7078, .T. ) ;
#2622 = EDGE_LOOP ( 'NONE', ( #649, #7878, #3848, #8464 ) ) ;
#2623 = EDGE_LOOP ( 'NONE', ( #7864, #3575, #2472, #8740 ) ) ;
#2624 = CARTESIAN_POINT ( 'NONE',  ( -47.49999999999998579, 30.00000000000000000, 68.00000000000000000 ) ) ;
#2625 = DIRECTION ( 'NONE',  ( 0.000000000000000000, 1.000000000000000000, 0.000000000000000000 ) ) ;
#2626 = CARTESIAN_POINT ( 'NONE',  ( -26.24999999999998934, -61.25000000000001421, 0.4000000000000114575 ) ) ;
#2627 = CARTESIAN_POINT ( 'NONE',  ( -26.24999999999998934, 57.50000000000000711, 45.15564437074637993 ) ) ;
#2628 = VERTEX_POINT ( 'NONE', #6113 ) ;
#2629 = CARTESIAN_POINT ( 'NONE',  ( 44.99999999999999289, 6.739592905451295302, 12.01476521008129694 ) ) ;
#2630 = ORIENTED_EDGE ( 'NONE', *, *, #7825, .T. ) ;
#2631 = CARTESIAN_POINT ( 'NONE',  ( -27.99999999999997513, -55.00000000000000711, 4.000000000000000000 ) ) ;
#2632 = ORIENTED_EDGE ( 'NONE', *, *, #10959, .F. ) ;
#2633 = CARTESIAN_POINT ( 'NONE',  ( -47.09999999999998010, 53.74999999999999289, 0.000000000000000000 ) ) ;
#2634 = ORIENTED_EDGE ( 'NONE', *, *, #12520, .T. ) ;
#2635 = ORIENTED_EDGE ( 'NONE', *, *, #2486, .F. ) ;
#2636 = AXIS2_PLACEMENT_3D ( 'NONE', #3197, #2223, #11179 ) ;
#2637 = CARTESIAN_POINT ( 'NONE',  ( -33.29999999999999005, 62.50000000000001421, 19.00000000000000355 ) ) ;
#2638 = DIRECTION ( 'NONE',  ( 0.000000000000000000, 0.000000000000000000, 1.000000000000000000 ) ) ;
#2639 = DIRECTION ( 'NONE',  ( -0.000000000000000000, -0.000000000000000000, -1.000000000000000000 ) ) ;
#2640 = ORIENTED_EDGE ( 'NONE', *, *, #10133, .T. ) ;
#2641 = CARTESIAN_POINT ( 'NONE',  ( 7.499999999999992895, 22.50000000000000355, 12.50000000000000000 ) ) ;
#2642 = CIRCLE ( 'NONE', #9896, 3.749999999999996447 ) ;
#2643 = ORIENTED_EDGE ( 'NONE', *, *, #1646, .T. ) ;
#2644 = EDGE_CURVE ( 'NONE', #12812, #788, #3213, .T. ) ;
#2645 = ORIENTED_EDGE ( 'NONE', *, *, #8931, .T. ) ;
#2646 = CARTESIAN_POINT ( 'NONE',  ( 30.40000000000000213, 61.25000000000001421, 0.000000000000000000 ) ) ;
#2647 = EDGE_LOOP ( 'NONE', ( #4575, #11915, #12408, #8154 ) ) ;
#2648 = DIRECTION ( 'NONE',  ( -0.000000000000000000, -0.000000000000000000, 1.000000000000000000 ) ) ;
#2649 = DIRECTION ( 'NONE',  ( -0.8191520442889907994, -0.000000000000000000, 0.5735764363510478248 ) ) ;
#2650 = CARTESIAN_POINT ( 'NONE',  ( -40.50000000000002132, 49.49999999999997868, 19.00538238691625281 ) ) ;
#2651 = EDGE_CURVE ( 'NONE', #6340, #7270, #4866, .T. ) ;
#2652 = VECTOR ( 'NONE', #2291, 999.9999999999998863 ) ;
#2653 = PLANE ( 'NONE',  #1551 ) ;
#2654 = CARTESIAN_POINT ( 'NONE',  ( -0.4529868602934395971, 25.50000000000000711, 4.000000000000000000 ) ) ;
#2655 = LINE ( 'NONE', #5441, #3587 ) ;
#2656 = ORIENTED_EDGE ( 'NONE', *, *, #4915, .T. ) ;
#2657 = AXIS2_PLACEMENT_3D ( 'NONE', #1894, #3060, #7023 ) ;
#2658 = CARTESIAN_POINT ( 'NONE',  ( -45.00000000000002842, 41.58670923590410951, 12.10755915920906922 ) ) ;
#2660 = CARTESIAN_POINT ( 'NONE',  ( -26.00000000000000000, 24.99999999999999289, 12.50000000000000000 ) ) ;
#2659 = AXIS2_PLACEMENT_3D ( 'NONE', #7138, #5113, #7905 ) ;
#2661 = VERTEX_POINT ( 'NONE', #11107 ) ;
#2662 = DIRECTION ( 'NONE',  ( -1.000000000000000000, 0.000000000000000000, 0.000000000000000000 ) ) ;
#2663 = EDGE_CURVE ( 'NONE', #6730, #1709, #2212, .T. ) ;
#2664 = ORIENTED_EDGE ( 'NONE', *, *, #12571, .F. ) ;
#2665 = EDGE_CURVE ( 'NONE', #10547, #7201, #3627, .T. ) ;
#2666 = DIRECTION ( 'NONE',  ( -0.000000000000000000, -0.000000000000000000, 1.000000000000000000 ) ) ;
#2667 = CIRCLE ( 'NONE', #5146, 6.499999999999999112 ) ;
#2668 = EDGE_CURVE ( 'NONE', #3206, #5581, #3807, .T. ) ;
#2669 = DIRECTION ( 'NONE',  ( 2.875224369628253549E-16, 1.000000000000000000, 0.000000000000000000 ) ) ;
#2670 = LINE ( 'NONE', #659, #7411 ) ;
#2671 = ORIENTED_EDGE ( 'NONE', *, *, #5047, .T. ) ;
#2672 = CARTESIAN_POINT ( 'NONE',  ( 23.49999999999999645, 12.49999999999999645, 12.50000000000000000 ) ) ;
#2673 = LINE ( 'NONE', #1697, #8997 ) ;
#2674 = EDGE_CURVE ( 'NONE', #12090, #5800, #7456, .T. ) ;
#2675 = DIRECTION ( 'NONE',  ( 1.000000000000000000, 0.000000000000000000, 0.000000000000000000 ) ) ;
#2676 = ORIENTED_EDGE ( 'NONE', *, *, #11212, .F. ) ;
#2677 = VERTEX_POINT ( 'NONE', #8428 ) ;
#2678 = DIRECTION ( 'NONE',  ( -1.000000000000000000, 0.000000000000000000, 0.000000000000000000 ) ) ;
#2679 = DIRECTION ( 'NONE',  ( 0.5735764363510448272, 0.000000000000000000, 0.8191520442889925757 ) ) ;
#2680 = ADVANCED_FACE ( 'NONE', ( #2470 ), #12458, .F. ) ;
#2681 = CARTESIAN_POINT ( 'NONE',  ( 4.700000000000023270, 22.50000000000000355, 12.50000000000000000 ) ) ;
#2682 = DIRECTION ( 'NONE',  ( 2.445329926407195180E-15, -1.000000000000000000, 0.000000000000000000 ) ) ;
#2683 = ORIENTED_EDGE ( 'NONE', *, *, #2269, .T. ) ;
#2684 = CARTESIAN_POINT ( 'NONE',  ( 8.999999999999992895, 30.86660026534075740, 12.50000000000000000 ) ) ;
#2685 = DIRECTION ( 'NONE',  ( 0.9848077530122059109, 8.659560562355057350E-17, 0.1736481776669424881 ) ) ;
#2686 = VERTEX_POINT ( 'NONE', #11553 ) ;
#2687 = ORIENTED_EDGE ( 'NONE', *, *, #6625, .T. ) ;
#2688 = DIRECTION ( 'NONE',  ( -1.000000000000000000, 0.000000000000000000, 0.000000000000000000 ) ) ;
#2689 = VERTEX_POINT ( 'NONE', #719 ) ;
#2690 = ORIENTED_EDGE ( 'NONE', *, *, #2811, .T. ) ;
#2691 = DIRECTION ( 'NONE',  ( 1.000000000000000000, 2.523234146875347419E-15, -0.000000000000000000 ) ) ;
#2692 = LINE ( 'NONE', #629, #8986 ) ;
#2693 = CARTESIAN_POINT ( 'NONE',  ( 7.499999999999992895, 22.50000000000000355, 4.000000000000000000 ) ) ;
#2694 = CARTESIAN_POINT ( 'NONE',  ( 8.249573863534151046E-15, -53.50000000000000000, 4.000000000000000000 ) ) ;
#2695 = ORIENTED_EDGE ( 'NONE', *, *, #8009, .T. ) ;
#2696 = DIRECTION ( 'NONE',  ( -0.000000000000000000, -0.000000000000000000, 1.000000000000000000 ) ) ;
#2697 = VECTOR ( 'NONE', #4139, 1000.000000000000000 ) ;
#2698 = ORIENTED_EDGE ( 'NONE', *, *, #11470, .T. ) ;
#2699 = ORIENTED_EDGE ( 'NONE', *, *, #8532, .F. ) ;
#2700 = CARTESIAN_POINT ( 'NONE',  ( 26.58250949001328323, 55.00000000000001421, 12.24701845867948080 ) ) ;
#2701 = ORIENTED_EDGE ( 'NONE', *, *, #6557, .T. ) ;
#2702 = APPLICATION_PROTOCOL_DEFINITION ( 'draft international standard', 'automotive_design', 1998, #11984 ) ;
#2703 = EDGE_CURVE ( 'NONE', #9711, #6612, #7819, .T. ) ;
#2704 = DIRECTION ( 'NONE',  ( 0.000000000000000000, -1.000000000000000000, 0.000000000000000000 ) ) ;
#2705 = CARTESIAN_POINT ( 'NONE',  ( -27.99999999999997513, -53.50000000000000711, 12.50000000000000000 ) ) ;
#2706 = DIRECTION ( 'NONE',  ( 1.000000000000000000, 0.000000000000000000, 0.000000000000000000 ) ) ;
#2707 = EDGE_CURVE ( 'NONE', #5830, #12220, #7397, .T. ) ;
#2708 = CARTESIAN_POINT ( 'NONE',  ( -51.47196947010641566, -21.50000000000000000, 62.32743971842706543 ) ) ;
#2709 = CARTESIAN_POINT ( 'NONE',  ( -7.999999999999976019, 21.50000000000000000, 12.50000000000000000 ) ) ;
#2710 = ORIENTED_EDGE ( 'NONE', *, *, #9466, .T. ) ;
#2711 = ADVANCED_FACE ( 'NONE', ( #5381 ), #5634, .F. ) ;
#2712 = CARTESIAN_POINT ( 'NONE',  ( -8.000000000000001776, 53.50000000000000000, 12.50000000000001066 ) ) ;
#2713 = ORIENTED_EDGE ( 'NONE', *, *, #103, .F. ) ;
#2714 = DIRECTION ( 'NONE',  ( 2.449021377849609204E-16, -1.000000000000000000, 0.000000000000000000 ) ) ;
#2715 = ORIENTED_EDGE ( 'NONE', *, *, #1085, .F. ) ;
#2716 = FACE_OUTER_BOUND ( 'NONE', #1331, .T. ) ;
#2717 = VERTEX_POINT ( 'NONE', #11300 ) ;
#2718 = CONICAL_SURFACE ( 'NONE', #6866, 0.9999999999999942268, 0.7853981633974626009 ) ;
#2719 = DIRECTION ( 'NONE',  ( 0.000000000000000000, 0.000000000000000000, 1.000000000000000000 ) ) ;
#2720 = CARTESIAN_POINT ( 'NONE',  ( -63.76384027885764993, 21.49999999999998934, 37.97338642085522054 ) ) ;
#2721 = CARTESIAN_POINT ( 'NONE',  ( 45.65861839184334059, 14.49999999999999822, -2.632193621347353574 ) ) ;
#2722 = DIRECTION ( 'NONE',  ( -1.000000000000000000, 0.000000000000000000, 0.000000000000000000 ) ) ;
#2723 = CARTESIAN_POINT ( 'NONE',  ( -49.71036756151314506, -14.49999999999999822, 64.14588925460907376 ) ) ;
#2724 = EDGE_LOOP ( 'NONE', ( #8144, #7703, #1943, #4172 ) ) ;
#2725 = EDGE_CURVE ( 'NONE', #2392, #9205, #4011, .T. ) ;
#2726 = CARTESIAN_POINT ( 'NONE',  ( -0.4529868602934394306, 21.49999999999999645, 12.50000000000000000 ) ) ;
#2727 = AXIS2_PLACEMENT_3D ( 'NONE', #9110, #9173, #11191 ) ;
#2728 = VECTOR ( 'NONE', #4090, 1000.000000000000114 ) ;
#2729 = EDGE_CURVE ( 'NONE', #10582, #3672, #4473, .T. ) ;
#2730 = DIRECTION ( 'NONE',  ( -1.000000000000000000, -0.000000000000000000, -0.000000000000000000 ) ) ;
#2731 = ORIENTED_EDGE ( 'NONE', *, *, #694, .T. ) ;
#2732 = DIRECTION ( 'NONE',  ( 0.000000000000000000, 0.000000000000000000, 1.000000000000000000 ) ) ;
#2733 = EDGE_LOOP ( 'NONE', ( #4578, #5135, #11298 ) ) ;
#2734 = CYLINDRICAL_SURFACE ( 'NONE', #10268, 2.299999999999996270 ) ;
#2735 = FACE_OUTER_BOUND ( 'NONE', #9563, .T. ) ;
#2736 = VECTOR ( 'NONE', #4019, 1000.000000000000114 ) ;
#2737 = DIRECTION ( 'NONE',  ( 1.000000000000000000, 0.000000000000000000, 0.000000000000000000 ) ) ;
#2738 = AXIS2_PLACEMENT_3D ( 'NONE', #1386, #7225, #9098 ) ;
#2739 = CARTESIAN_POINT ( 'NONE',  ( 47.50000000000000711, -36.49999999999999289, 17.10000000000000142 ) ) ;
#2740 = CONICAL_SURFACE ( 'NONE', #11870, 5.000000000000004441, 0.7853981633974482790 ) ;
#2741 = ORIENTED_EDGE ( 'NONE', *, *, #6519, .F. ) ;
#2742 = ADVANCED_FACE ( 'NONE', ( #4403 ), #592, .F. ) ;
#2743 = LINE ( 'NONE', #10673, #5596 ) ;
#2744 = EDGE_CURVE ( 'NONE', #6197, #3603, #650, .T. ) ;
#2745 = EDGE_CURVE ( 'NONE', #10184, #6900, #11067, .T. ) ;
#2746 = DIRECTION ( 'NONE',  ( -1.000000000000000000, 0.000000000000000000, 0.000000000000000000 ) ) ;
#2747 = ORIENTED_EDGE ( 'NONE', *, *, #10309, .F. ) ;
#2748 = ADVANCED_FACE ( 'NONE', ( #4535 ), #11487, .F. ) ;
#2749 = EDGE_CURVE ( 'NONE', #9482, #9061, #11362, .T. ) ;
#2750 = ORIENTED_EDGE ( 'NONE', *, *, #11238, .T. ) ;
#2751 = AXIS2_PLACEMENT_3D ( 'NONE', #7190, #6275, #382 ) ;
#2752 = DIRECTION ( 'NONE',  ( -0.000000000000000000, -0.000000000000000000, -1.000000000000000000 ) ) ;
#2753 = VECTOR ( 'NONE', #9421, 1000.000000000000000 ) ;
#2754 = AXIS2_PLACEMENT_3D ( 'NONE', #11979, #3081, #12172 ) ;
#2755 = B_SPLINE_CURVE_WITH_KNOTS ( 'NONE', 3,
 ( #1255, #12226, #5138, #2283, #5191, #4042, #3320, #6243 ),
 .UNSPECIFIED., .F., .F.,
 ( 4, 2, 2, 4 ),
 ( 0.000000000000000000, 0.0007138967942130879790, 0.001070845191319631969, 0.001427793588426175958 ),
 .UNSPECIFIED. ) ;
#2756 = ORIENTED_EDGE ( 'NONE', *, *, #8738, .T. ) ;
#2757 = EDGE_LOOP ( 'NONE', ( #2483, #11971, #4411, #3928 ) ) ;
#2758 = FACE_OUTER_BOUND ( 'NONE', #5636, .T. ) ;
#2759 = LINE ( 'NONE', #8598, #5455 ) ;
#2760 = DIRECTION ( 'NONE',  ( -0.000000000000000000, -0.000000000000000000, -1.000000000000000000 ) ) ;
#2761 = CARTESIAN_POINT ( 'NONE',  ( 47.50000000000000711, -57.50000000000000711, 25.00000000000000000 ) ) ;
#2762 = ORIENTED_EDGE ( 'NONE', *, *, #5006, .F. ) ;
#2763 = ORIENTED_EDGE ( 'NONE', *, *, #11164, .T. ) ;
#2764 = CONICAL_SURFACE ( 'NONE', #12303, 2.000000000000029310, 0.7853981633974496113 ) ;
#2765 = VECTOR ( 'NONE', #3289, 1000.000000000000000 ) ;
#2766 = DIRECTION ( 'NONE',  ( -1.718394990242815274E-16, 1.000000000000000000, -4.721688805388865070E-17 ) ) ;
#2767 = ORIENTED_EDGE ( 'NONE', *, *, #4399, .T. ) ;
#2768 = ORIENTED_EDGE ( 'NONE', *, *, #10190, .F. ) ;
#2769 = LINE ( 'NONE', #6728, #2225 ) ;
#2770 = ORIENTED_EDGE ( 'NONE', *, *, #9721, .F. ) ;
#2771 = DIRECTION ( 'NONE',  ( 0.000000000000000000, 0.000000000000000000, -1.000000000000000000 ) ) ;
#2772 = AXIS2_PLACEMENT_3D ( 'NONE', #1041, #8681, #779 ) ;
#2773 = FACE_OUTER_BOUND ( 'NONE', #123, .T. ) ;
#2774 = CIRCLE ( 'NONE', #7341, 1.499999999999999556 ) ;
#2775 = AXIS2_PLACEMENT_3D ( 'NONE', #7131, #4199, #9007 ) ;
#2776 = ORIENTED_EDGE ( 'NONE', *, *, #6013, .T. ) ;
#2777 = EDGE_CURVE ( 'NONE', #3258, #3441, #5445, .T. ) ;
#2778 = CARTESIAN_POINT ( 'NONE',  ( 0.000000000000000000, 0.000000000000000000, 0.000000000000000000 ) ) ;
#2779 = CARTESIAN_POINT ( 'NONE',  ( -64.77172030349572651, -6.380200791436040492E-15, 36.35963989307105493 ) ) ;
#2780 = DIRECTION ( 'NONE',  ( 1.000000000000000000, 0.000000000000000000, 0.000000000000000000 ) ) ;
#2781 = DIRECTION ( 'NONE',  ( 0.000000000000000000, 0.000000000000000000, -1.000000000000000000 ) ) ;
#2782 = AXIS2_PLACEMENT_3D ( 'NONE', #5894, #4587, #773 ) ;
#2783 = CARTESIAN_POINT ( 'NONE',  ( -81.47479656658966007, -21.80000000000000071, 55.13575241859758336 ) ) ;
#2784 = EDGE_LOOP ( 'NONE', ( #3969, #10207 ) ) ;
#2785 = DIRECTION ( 'NONE',  ( -5.782411586589351722E-16, 1.000000000000000000, 0.000000000000000000 ) ) ;
#2786 = ORIENTED_EDGE ( 'NONE', *, *, #8888, .T. ) ;
#2787 = LINE ( 'NONE', #12717, #1013 ) ;
#2788 = ORIENTED_EDGE ( 'NONE', *, *, #2597, .T. ) ;
#2789 = DIRECTION ( 'NONE',  ( 0.000000000000000000, 0.000000000000000000, 1.000000000000000000 ) ) ;
#2790 = LINE ( 'NONE', #11823, #5881 ) ;
#2791 = VECTOR ( 'NONE', #7679, 1000.000000000000114 ) ;
#2792 = AXIS2_PLACEMENT_3D ( 'NONE', #1096, #11014, #3041 ) ;
#2793 = VERTEX_POINT ( 'NONE', #4593 ) ;
#2794 = CIRCLE ( 'NONE', #10048, 1.700000000000000178 ) ;
#2795 = DIRECTION ( 'NONE',  ( 0.000000000000000000, 0.000000000000000000, -1.000000000000000000 ) ) ;
#2796 = LINE ( 'NONE', #3894, #11223 ) ;
#2797 = CARTESIAN_POINT ( 'NONE',  ( -40.50000000000000000, -42.50000000000000711, 12.50000000000000000 ) ) ;
#2798 = ORIENTED_EDGE ( 'NONE', *, *, #12755, .F. ) ;
#2799 = DIRECTION ( 'NONE',  ( 1.000000000000000000, 0.000000000000000000, 0.000000000000000000 ) ) ;
#2800 = ORIENTED_EDGE ( 'NONE', *, *, #8624, .F. ) ;
#2801 = VECTOR ( 'NONE', #7607, 1000.000000000000000 ) ;
#2802 = DIRECTION ( 'NONE',  ( 0.000000000000000000, -0.000000000000000000, 1.000000000000000000 ) ) ;
#2803 = VECTOR ( 'NONE', #12319, 1000.000000000000114 ) ;
#2804 = EDGE_CURVE ( 'NONE', #6719, #5904, #12528, .T. ) ;
#2805 = DIRECTION ( 'NONE',  ( -0.000000000000000000, -0.000000000000000000, -1.000000000000000000 ) ) ;
#2806 = ORIENTED_EDGE ( 'NONE', *, *, #619, .F. ) ;
#2807 = CARTESIAN_POINT ( 'NONE',  ( 7.499999999999992895, 22.50000000000000355, 2.500000000000000000 ) ) ;
#2808 = EDGE_LOOP ( 'NONE', ( #12405, #3805, #5088, #9641 ) ) ;
#2809 = FACE_OUTER_BOUND ( 'NONE', #5752, .T. ) ;
#2810 = CYLINDRICAL_SURFACE ( 'NONE', #3599, 1.750000000000001554 ) ;
#2811 = EDGE_CURVE ( 'NONE', #699, #8135, #10829, .T. ) ;
#2812 = VECTOR ( 'NONE', #8437, 1000.000000000000000 ) ;
#2813 = CARTESIAN_POINT ( 'NONE',  ( -3.000000000000002220, -55.00000000000000000, 12.00000000000001066 ) ) ;
#2814 = FACE_OUTER_BOUND ( 'NONE', #2479, .T. ) ;
#2815 = VERTEX_POINT ( 'NONE', #979 ) ;
#2816 = DIRECTION ( 'NONE',  ( -0.000000000000000000, -1.000000000000000000, 0.000000000000000000 ) ) ;
#2817 = CARTESIAN_POINT ( 'NONE',  ( 27.30417242860976046, 24.99999999999999289, -28.84505903859501430 ) ) ;
#2818 = ORIENTED_EDGE ( 'NONE', *, *, #12511, .F. ) ;
#2819 = ORIENTED_EDGE ( 'NONE', *, *, #10815, .T. ) ;
#2820 = CIRCLE ( 'NONE', #8214, 7.000000000000002665 ) ;
#2821 = DIRECTION ( 'NONE',  ( -0.000000000000000000, -0.000000000000000000, -1.000000000000000000 ) ) ;
#2822 = ORIENTED_EDGE ( 'NONE', *, *, #5732, .F. ) ;
#2823 = ORIENTED_EDGE ( 'NONE', *, *, #8378, .F. ) ;
#2824 = CARTESIAN_POINT ( 'NONE',  ( -40.50000000000002132, 49.49999999999997868, 2.500000000000000000 ) ) ;
#2825 = DIRECTION ( 'NONE',  ( 1.000000000000000000, 0.000000000000000000, 0.000000000000000000 ) ) ;
#2826 = ADVANCED_FACE ( 'NONE', ( #10769 ), #5704, .F. ) ;
#2827 = CARTESIAN_POINT ( 'NONE',  ( 40.49999999999998579, -49.49999999999998579, 7.000000000000000888 ) ) ;
#2828 = DIRECTION ( 'NONE',  ( -7.871814510984983153E-17, 1.000000000000000000, -1.124211620330682735E-16 ) ) ;
#2829 = EDGE_CURVE ( 'NONE', #5832, #11169, #4984, .T. ) ;
#2830 = VERTEX_POINT ( 'NONE', #13 ) ;
#2831 = EDGE_CURVE ( 'NONE', #4200, #5798, #5902, .T. ) ;
#2832 = ORIENTED_EDGE ( 'NONE', *, *, #5442, .F. ) ;
#2833 = EDGE_CURVE ( 'NONE', #7270, #1040, #11752, .T. ) ;
#2834 = FACE_OUTER_BOUND ( 'NONE', #3133, .T. ) ;
#2835 = VERTEX_POINT ( 'NONE', #9786 ) ;
#2836 = ORIENTED_EDGE ( 'NONE', *, *, #7570, .T. ) ;
#2837 = DIRECTION ( 'NONE',  ( 0.000000000000000000, 0.000000000000000000, -1.000000000000000000 ) ) ;
#2838 = CIRCLE ( 'NONE', #3661, 1.500000000000001332 ) ;
#2839 = ORIENTED_EDGE ( 'NONE', *, *, #1273, .T. ) ;
#2840 = EDGE_CURVE ( 'NONE', #8240, #4685, #2912, .T. ) ;
#2841 = CARTESIAN_POINT ( 'NONE',  ( 6.000000000000001776, 10.99999999999999467, 12.50000000000000000 ) ) ;
#2842 = ORIENTED_EDGE ( 'NONE', *, *, #6262, .T. ) ;
#2843 = SPHERICAL_SURFACE ( 'NONE', #10035, 1.500000000000000000 ) ;
#2844 = CARTESIAN_POINT ( 'NONE',  ( 42.79999999999999005, -49.49999999999998579, 12.50000000000000000 ) ) ;
#2845 = DIRECTION ( 'NONE',  ( 0.000000000000000000, 0.000000000000000000, 1.000000000000000000 ) ) ;
#2846 = CIRCLE ( 'NONE', #12595, 1.700000000000000178 ) ;
#2847 = FACE_OUTER_BOUND ( 'NONE', #9478, .T. ) ;
#2848 = AXIS2_PLACEMENT_3D ( 'NONE', #6825, #6449, #11393 ) ;
#2849 = EDGE_CURVE ( 'NONE', #10708, #11740, #7642, .T. ) ;
#2850 = DIRECTION ( 'NONE',  ( -0.8191520442889907994, -0.000000000000000000, 0.5735764363510478248 ) ) ;
#2851 = VERTEX_POINT ( 'NONE', #6667 ) ;
#2852 = DIRECTION ( 'NONE',  ( 0.7071067811865474617, 0.000000000000000000, -0.7071067811865474617 ) ) ;
#2853 = ORIENTED_EDGE ( 'NONE', *, *, #6264, .T. ) ;
#2854 = DIRECTION ( 'NONE',  ( 0.7071067811865573427, 3.066586833366790801E-17, -0.7071067811865378028 ) ) ;
#2855 = VERTEX_POINT ( 'NONE', #10637 ) ;
#2856 = AXIS2_PLACEMENT_3D ( 'NONE', #10292, #1410, #4374 ) ;
#2857 = CONICAL_SURFACE ( 'NONE', #12403, 1.999999999999994893, 0.7853981633974530530 ) ;
#2858 = CARTESIAN_POINT ( 'NONE',  ( -6.500000000000002665, 53.50000000000000000, 2.500000000000000000 ) ) ;
#2859 = DIRECTION ( 'NONE',  ( -0.000000000000000000, -0.000000000000000000, -1.000000000000000000 ) ) ;
#2860 = EDGE_LOOP ( 'NONE', ( #7156, #8903, #2683, #6743 ) ) ;
#2861 = CARTESIAN_POINT ( 'NONE',  ( -40.50000000000000000, -49.49999999999999289, 7.000000000000000888 ) ) ;
#2862 = CARTESIAN_POINT ( 'NONE',  ( 44.99999999999997868, 53.50000000000000711, 2.500000000000002220 ) ) ;
#2863 = DIRECTION ( 'NONE',  ( -1.000000000000000000, 0.000000000000000000, 0.000000000000000000 ) ) ;
#2864 = CARTESIAN_POINT ( 'NONE',  ( 29.99999999999998579, -61.25000000000001421, 25.00000000000000000 ) ) ;
#2865 = CIRCLE ( 'NONE', #2243, 2.300000000000010481 ) ;
#2866 = AXIS2_PLACEMENT_3D ( 'NONE', #7457, #5515, #5251 ) ;
#2867 = DIRECTION ( 'NONE',  ( -0.8191520442889992371, 0.000000000000000000, 0.5735764363510355013 ) ) ;
#2868 = ORIENTED_EDGE ( 'NONE', *, *, #2270, .T. ) ;
#2869 = CARTESIAN_POINT ( 'NONE',  ( 29.99999999999998579, -62.50000000000001421, 25.00000000000000000 ) ) ;
#2870 = DIRECTION ( 'NONE',  ( 0.000000000000000000, 0.000000000000000000, 1.000000000000000000 ) ) ;
#2871 = FACE_OUTER_BOUND ( 'NONE', #8057, .T. ) ;
#2872 = EDGE_LOOP ( 'NONE', ( #10388, #6723, #11349, #9509 ) ) ;
#2873 = CARTESIAN_POINT ( 'NONE',  ( 43.49999999999999289, -36.49999999999999289, -7.896078054371140631 ) ) ;
#2874 = VERTEX_POINT ( 'NONE', #6812 ) ;
#2875 = FACE_OUTER_BOUND ( 'NONE', #10525, .T. ) ;
#2876 = CARTESIAN_POINT ( 'NONE',  ( 22.41719416079871507, 55.00000000000000000, 12.24680279941678229 ) ) ;
#2877 = CARTESIAN_POINT ( 'NONE',  ( 34.99999999999999289, -62.50000000000001421, 19.00000000000000355 ) ) ;
#2878 = CARTESIAN_POINT ( 'NONE',  ( -43.50000000000002132, -41.00000000000000711, -142.1267040355189977 ) ) ;
#2879 = VERTEX_POINT ( 'NONE', #11613 ) ;
#2880 = EDGE_CURVE ( 'NONE', #5533, #4631, #4223, .T. ) ;
#2881 = CARTESIAN_POINT ( 'NONE',  ( -39.99999999999999289, -62.50000000000001421, 0.4000000000000114575 ) ) ;
#2882 = FACE_OUTER_BOUND ( 'NONE', #12576, .T. ) ;
#2883 = ORIENTED_EDGE ( 'NONE', *, *, #10309, .T. ) ;
#2884 = ADVANCED_FACE ( 'NONE', ( #5829 ), #908, .T. ) ;
#2885 = EDGE_LOOP ( 'NONE', ( #8562, #1347, #7824, #7096 ) ) ;
#2886 = VERTEX_POINT ( 'NONE', #12786 ) ;
#2887 = VERTEX_POINT ( 'NONE', #5965 ) ;
#2888 = SPHERICAL_SURFACE ( 'NONE', #6115, 1.500000000000000000 ) ;
#2889 = CARTESIAN_POINT ( 'NONE',  ( -12.49999999999999822, 55.00000000000000000, 4.000000000000000000 ) ) ;
#2890 = DIRECTION ( 'NONE',  ( 1.000000000000000000, 0.000000000000000000, 0.000000000000000000 ) ) ;
#2891 = DIRECTION ( 'NONE',  ( 1.000000000000000000, 0.000000000000000000, 0.000000000000000000 ) ) ;
#2892 = ORIENTED_EDGE ( 'NONE', *, *, #1075, .F. ) ;
#2893 = EDGE_LOOP ( 'NONE', ( #2263, #739, #11751, #2445 ) ) ;
#2894 = DIRECTION ( 'NONE',  ( 1.000000000000000000, 0.000000000000000000, 0.000000000000000000 ) ) ;
#2895 = EDGE_LOOP ( 'NONE', ( #5756, #9451, #2960 ) ) ;
#2896 = ORIENTED_EDGE ( 'NONE', *, *, #7651, .F. ) ;
#2897 = CARTESIAN_POINT ( 'NONE',  ( 4.499999999999998224, 53.50000000000000000, 2.500000000000002220 ) ) ;
#2898 = ORIENTED_EDGE ( 'NONE', *, *, #3741, .F. ) ;
#2899 = DIRECTION ( 'NONE',  ( 0.000000000000000000, 0.000000000000000000, 1.000000000000000000 ) ) ;
#2900 = CARTESIAN_POINT ( 'NONE',  ( 37.29999999999998295, -62.50000000000001421, 24.55000000000000071 ) ) ;
#2901 = EDGE_CURVE ( 'NONE', #660, #4132, #7540, .T. ) ;
#2902 = EDGE_LOOP ( 'NONE', ( #11124, #3995, #11859, #1788 ) ) ;
#2903 = CARTESIAN_POINT ( 'NONE',  ( -45.00000000000001421, 30.00000000000000000, 68.00000000000000000 ) ) ;
#2904 = DIRECTION ( 'NONE',  ( 0.5735764363510470476, -3.154042683594196107E-16, 0.8191520442889911324 ) ) ;
#2905 = DIRECTION ( 'NONE',  ( 1.000000000000000000, 0.000000000000000000, 0.000000000000000000 ) ) ;
#2906 = DIRECTION ( 'NONE',  ( -0.3529411764705879251, -0.9356455129756982014, -0.000000000000000000 ) ) ;
#2907 = ADVANCED_FACE ( 'NONE', ( #9925 ), #6870, .T. ) ;
#2908 = LINE ( 'NONE', #5900, #10445 ) ;
#2909 = ORIENTED_EDGE ( 'NONE', *, *, #12017, .F. ) ;
#2910 = ADVANCED_FACE ( 'NONE', ( #6940 ), #3585, .F. ) ;
#2911 = EDGE_CURVE ( 'NONE', #1982, #6640, #1751, .T. ) ;
#2912 = LINE ( 'NONE', #3688, #8168 ) ;
#2913 = FACE_OUTER_BOUND ( 'NONE', #10082, .T. ) ;
#2914 = EDGE_CURVE ( 'NONE', #5707, #1709, #10026, .T. ) ;
#2915 = ORIENTED_EDGE ( 'NONE', *, *, #12203, .F. ) ;
#2916 = EDGE_CURVE ( 'NONE', #8610, #2628, #4625, .T. ) ;
#2917 = VECTOR ( 'NONE', #6679, 1000.000000000000000 ) ;
#2918 = DIRECTION ( 'NONE',  ( 0.8191520442889812514, -0.000000000000000000, -0.5735764363510611474 ) ) ;
#2919 = CYLINDRICAL_SURFACE ( 'NONE', #3362, 1.500000000000001332 ) ;
#2920 = DIRECTION ( 'NONE',  ( 0.000000000000000000, 0.000000000000000000, 1.000000000000000000 ) ) ;
#2921 = LINE ( 'NONE', #920, #1280 ) ;
#2922 = DIRECTION ( 'NONE',  ( 0.000000000000000000, -0.000000000000000000, 1.000000000000000000 ) ) ;
#2923 = CARTESIAN_POINT ( 'NONE',  ( 22.99999999999998579, -30.49999999999999289, 4.000000000000000000 ) ) ;
#2924 = CARTESIAN_POINT ( 'NONE',  ( 47.09999999999999432, -53.75000000000000711, 0.000000000000000000 ) ) ;
#2925 = CYLINDRICAL_SURFACE ( 'NONE', #4500, 4.500000000000003553 ) ;
#2926 = CARTESIAN_POINT ( 'NONE',  ( -67.27812155260154725, -21.50000000000000000, 39.57957044798689594 ) ) ;
#2927 = CIRCLE ( 'NONE', #5620, 2.000000000000000000 ) ;
#2928 = ORIENTED_EDGE ( 'NONE', *, *, #7665, .F. ) ;
#2929 = DIRECTION ( 'NONE',  ( -0.000000000000000000, -0.000000000000000000, 1.000000000000000000 ) ) ;
#2930 = EDGE_LOOP ( 'NONE', ( #2229, #7782, #5111, #5516, #3644, #406, #10550, #4484 ) ) ;
#2931 = EDGE_CURVE ( 'NONE', #5863, #9859, #4785, .T. ) ;
#2932 = DIRECTION ( 'NONE',  ( 2.502005013428087819E-17, 1.000000000000000000, 0.000000000000000000 ) ) ;
#2933 = CARTESIAN_POINT ( 'NONE',  ( 22.99999999999998579, -30.49999999999999645, 12.00000000000000000 ) ) ;
#2934 = FACE_OUTER_BOUND ( 'NONE', #2331, .T. ) ;
#2935 = CARTESIAN_POINT ( 'NONE',  ( 4.499999999999993783, 14.54701313970656962, 2.500000000000000000 ) ) ;
#2936 = ORIENTED_EDGE ( 'NONE', *, *, #10074, .T. ) ;
#2937 = CIRCLE ( 'NONE', #3762, 1.499999999999997780 ) ;
#2938 = LINE ( 'NONE', #11716, #10247 ) ;
#2939 = ADVANCED_FACE ( 'NONE', ( #2261 ), #6220, .F. ) ;
#2940 = CARTESIAN_POINT ( 'NONE',  ( -3.500000000000003109, 57.49999999999999289, 17.10000000000000142 ) ) ;
#2941 = ORIENTED_EDGE ( 'NONE', *, *, #12224, .T. ) ;
#2942 = EDGE_LOOP ( 'NONE', ( #11097, #11041 ) ) ;
#2943 = DIRECTION ( 'NONE',  ( -1.000000000000000000, 0.000000000000000000, 0.000000000000000000 ) ) ;
#2944 = ORIENTED_EDGE ( 'NONE', *, *, #538, .T. ) ;
#2945 = VECTOR ( 'NONE', #8821, 1000.000000000000114 ) ;
#2946 = ORIENTED_EDGE ( 'NONE', *, *, #4678, .T. ) ;
#2947 = AXIS2_PLACEMENT_3D ( 'NONE', #12176, #1400, #2101 ) ;
#2948 = VECTOR ( 'NONE', #4195, 1000.000000000000000 ) ;
#2949 = DIRECTION ( 'NONE',  ( 0.5735764363510474917, 0.000000000000000000, 0.8191520442889906883 ) ) ;
#2950 = CARTESIAN_POINT ( 'NONE',  ( -26.49999999999998579, 24.99999999999999289, 4.000000000000000000 ) ) ;
#2951 = DIRECTION ( 'NONE',  ( -0.000000000000000000, -0.000000000000000000, -1.000000000000000000 ) ) ;
#2952 = DIRECTION ( 'NONE',  ( -0.000000000000000000, 0.000000000000000000, 1.000000000000000000 ) ) ;
#2953 = VERTEX_POINT ( 'NONE', #2200 ) ;
#2954 = ORIENTED_EDGE ( 'NONE', *, *, #11220, .T. ) ;
#2955 = PLANE ( 'NONE',  #2510 ) ;
#2956 = VECTOR ( 'NONE', #8482, 1000.000000000000000 ) ;
#2957 = CONICAL_SURFACE ( 'NONE', #9576, 2.750000000000002665, 0.7853981633974560506 ) ;
#2958 = CIRCLE ( 'NONE', #11255, 3.749999999999996447 ) ;
#2959 = VERTEX_POINT ( 'NONE', #2069 ) ;
#2960 = ORIENTED_EDGE ( 'NONE', *, *, #2602, .F. ) ;
#2961 = CARTESIAN_POINT ( 'NONE',  ( 23.49999999999998579, -30.49999999999999645, 12.50000000000000000 ) ) ;
#2962 = EDGE_LOOP ( 'NONE', ( #7838, #3262, #7487, #7593 ) ) ;
#2963 = EDGE_CURVE ( 'NONE', #12306, #3241, #10171, .T. ) ;
#2964 = DIRECTION ( 'NONE',  ( -0.000000000000000000, -0.000000000000000000, 1.000000000000000000 ) ) ;
#2965 = EDGE_LOOP ( 'NONE', ( #70, #7218, #7591, #10541 ) ) ;
#2966 = DIRECTION ( 'NONE',  ( 1.000000000000000000, 0.000000000000000000, 0.000000000000000000 ) ) ;
#2967 = SPHERICAL_SURFACE ( 'NONE', #10843, 1.500000000000000000 ) ;
#2968 = VECTOR ( 'NONE', #12541, 1000.000000000000000 ) ;
#2970 = AXIS2_PLACEMENT_3D ( 'NONE', #12248, #7307, #3344 ) ;
#2969 = CARTESIAN_POINT ( 'NONE',  ( 34.99999999999999289, 62.50000000000001421, 19.00000000000000355 ) ) ;
#2971 = EDGE_CURVE ( 'NONE', #2959, #6197, #8564, .T. ) ;
#2972 = FACE_OUTER_BOUND ( 'NONE', #8971, .T. ) ;
#2973 = EDGE_CURVE ( 'NONE', #4969, #3441, #10231, .T. ) ;
#2974 = CARTESIAN_POINT ( 'NONE',  ( -45.00000000000002842, -25.00000000000000355, 21.78286753993243607 ) ) ;
#2975 = ORIENTED_EDGE ( 'NONE', *, *, #1606, .T. ) ;
#2976 = AXIS2_PLACEMENT_3D ( 'NONE', #203, #1290, #11153 ) ;
#2977 = DIRECTION ( 'NONE',  ( -1.000000000000000000, 0.000000000000000000, 0.000000000000000000 ) ) ;
#2978 = CIRCLE ( 'NONE', #707, 4.500000000000007994 ) ;
#2979 = CIRCLE ( 'NONE', #6918, 1.500000000000001332 ) ;
#2980 = CARTESIAN_POINT ( 'NONE',  ( 8.412194762783414603, 55.00000000000000711, 12.10797579635455357 ) ) ;
#2981 = ORIENTED_EDGE ( 'NONE', *, *, #12213, .F. ) ;
#2982 = ADVANCED_FACE ( 'NONE', ( #10054 ), #8169, .T. ) ;
#2983 = LINE ( 'NONE', #4862, #6479 ) ;
#2984 = CARTESIAN_POINT ( 'NONE',  ( 43.49999999999997868, 8.500000000000003553, 12.50000000000000000 ) ) ;
#2985 = EDGE_CURVE ( 'NONE', #10946, #8307, #12315, .T. ) ;
#2986 = CARTESIAN_POINT ( 'NONE',  ( -43.50000000000002132, -41.00000000000000711, 4.000000000000000000 ) ) ;
#2987 = VECTOR ( 'NONE', #8419, 1000.000000000000227 ) ;
#2988 = AXIS2_PLACEMENT_3D ( 'NONE', #11776, #11967, #3067 ) ;
#2989 = CARTESIAN_POINT ( 'NONE',  ( -40.50000000000000000, -49.49999999999999289, 12.00000000000003197 ) ) ;
#2990 = AXIS2_PLACEMENT_3D ( 'NONE', #679, #4330, #1479 ) ;
#2991 = DIRECTION ( 'NONE',  ( -1.000000000000000000, 0.000000000000000000, -0.000000000000000000 ) ) ;
#2992 = ADVANCED_FACE ( 'NONE', ( #7977, #331 ), #73, .F. ) ;
#2993 = ADVANCED_FACE ( 'NONE', ( #4201 ), #8939, .F. ) ;
#2994 = EDGE_CURVE ( 'NONE', #9635, #10348, #1234, .T. ) ;
#2995 = LINE ( 'NONE', #6756, #7521 ) ;
#2996 = CARTESIAN_POINT ( 'NONE',  ( 26.00000000000000711, 12.49999999999999645, 4.000000000000000000 ) ) ;
#2997 = DIRECTION ( 'NONE',  ( 0.000000000000000000, -0.7071067811865451302, 0.7071067811865500152 ) ) ;
#2998 = AXIS2_PLACEMENT_3D ( 'NONE', #3291, #4191, #381 ) ;
#2999 = CONICAL_SURFACE ( 'NONE', #725, 2.299999999999999822, 0.7853981633974400633 ) ;
#3000 = DIRECTION ( 'NONE',  ( 1.000000000000000000, 0.000000000000000000, 0.000000000000000000 ) ) ;
#3001 = AXIS2_PLACEMENT_3D ( 'NONE', #11120, #3325, #1390 ) ;
#3002 = AXIS2_PLACEMENT_3D ( 'NONE', #12182, #3147, #4127 ) ;
#3003 = ORIENTED_EDGE ( 'NONE', *, *, #9707, .F. ) ;
#3004 = EDGE_CURVE ( 'NONE', #3226, #2077, #5464, .T. ) ;
#3005 = DIRECTION ( 'NONE',  ( 0.7071067811865549002, 0.000000000000000000, 0.7071067811865402453 ) ) ;
#3006 = EDGE_LOOP ( 'NONE', ( #9561, #5371, #10796, #3218 ) ) ;
#3007 = CARTESIAN_POINT ( 'NONE',  ( 40.49999999999998579, -40.99999999999997868, 2.500000000000000000 ) ) ;
#3008 = DIRECTION ( 'NONE',  ( 0.5735764363510474917, 0.000000000000000000, 0.8191520442889906883 ) ) ;
#3009 = CARTESIAN_POINT ( 'NONE',  ( 8.999999999999994671, 6.500000000000002665, 2.500000000000000000 ) ) ;
#3010 = CARTESIAN_POINT ( 'NONE',  ( -49.67017498336813475, -14.49999999999999822, 58.62426045898527605 ) ) ;
#3011 = ORIENTED_EDGE ( 'NONE', *, *, #10038, .T. ) ;
#3012 = VECTOR ( 'NONE', #2296, 1000.000000000000227 ) ;
#3013 = CIRCLE ( 'NONE', #4663, 1.499999999999999556 ) ;
#3014 = DIRECTION ( 'NONE',  ( -1.000000000000000000, 0.000000000000000000, 0.000000000000000000 ) ) ;
#3015 = CARTESIAN_POINT ( 'NONE',  ( -39.59999999999998010, -61.25000000000001421, 0.000000000000000000 ) ) ;
#3016 = EDGE_CURVE ( 'NONE', #8919, #12054, #12725, .T. ) ;
#3018 = VERTEX_POINT ( 'NONE', #8099 ) ;
#3017 = EDGE_CURVE ( 'NONE', #9692, #2959, #3598, .T. ) ;
#3019 = AXIS2_PLACEMENT_3D ( 'NONE', #5932, #1779, #9820 ) ;
#3020 = CARTESIAN_POINT ( 'NONE',  ( -1.500000000000000000, -3.000000000000009326, 12.00000000000000000 ) ) ;
#3021 = ORIENTED_EDGE ( 'NONE', *, *, #4916, .T. ) ;
#3022 = DIRECTION ( 'NONE',  ( -0.8191520442889907994, -0.000000000000000000, 0.5735764363510478248 ) ) ;
#3023 = AXIS2_PLACEMENT_3D ( 'NONE', #5453, #2610, #6429 ) ;
#3024 = AXIS2_PLACEMENT_3D ( 'NONE', #9362, #6201, #11192 ) ;
#3025 = ORIENTED_EDGE ( 'NONE', *, *, #11560, .F. ) ;
#3026 = CARTESIAN_POINT ( 'NONE',  ( 3.000000000000007994, -53.50000000000000000, 12.00000000000000000 ) ) ;
#3027 = CARTESIAN_POINT ( 'NONE',  ( 8.999999999999992895, 12.49999999999999289, 4.000000000000000000 ) ) ;
#3028 = CARTESIAN_POINT ( 'NONE',  ( 8.499999999999992895, 14.54701313970656962, 12.50000000000000000 ) ) ;
#3029 = CARTESIAN_POINT ( 'NONE',  ( 39.99999999999999289, -61.25000000000001421, 0.4000000000000114575 ) ) ;
#3030 = VERTEX_POINT ( 'NONE', #3169 ) ;
#3031 = ORIENTED_EDGE ( 'NONE', *, *, #7136, .F. ) ;
#3032 = CARTESIAN_POINT ( 'NONE',  ( -3.500000000000003109, 52.49999999999999289, -7.896078054371140631 ) ) ;
#3033 = ORIENTED_EDGE ( 'NONE', *, *, #3141, .T. ) ;
#3034 = VERTEX_POINT ( 'NONE', #7134 ) ;
#3035 = DIRECTION ( 'NONE',  ( -0.000000000000000000, -0.000000000000000000, -1.000000000000000000 ) ) ;
#3036 = ORIENTED_EDGE ( 'NONE', *, *, #8173, .T. ) ;
#3037 = CARTESIAN_POINT ( 'NONE',  ( -64.74665272665568239, -21.50000000000000000, 39.88233369421119789 ) ) ;
#3038 = VERTEX_POINT ( 'NONE', #259 ) ;
#3039 = CARTESIAN_POINT ( 'NONE',  ( -34.99999999999999289, 62.50000000000001421, 25.00000000000000000 ) ) ;
#3040 = FACE_OUTER_BOUND ( 'NONE', #7924, .T. ) ;
#3041 = DIRECTION ( 'NONE',  ( -1.000000000000000000, 0.000000000000000000, 0.000000000000000000 ) ) ;
#3042 = CARTESIAN_POINT ( 'NONE',  ( -0.4529868602934395971, 20.99999999999999645, 12.00000000000000000 ) ) ;
#3043 = EDGE_CURVE ( 'NONE', #7873, #5005, #12144, .T. ) ;
#3044 = FACE_OUTER_BOUND ( 'NONE', #11203, .T. ) ;
#3045 = ORIENTED_EDGE ( 'NONE', *, *, #11405, .T. ) ;
#3046 = DIRECTION ( 'NONE',  ( -1.000000000000000000, 2.875224369628253549E-16, 0.000000000000000000 ) ) ;
#3047 = FACE_BOUND ( 'NONE', #2784, .T. ) ;
#3048 = EDGE_LOOP ( 'NONE', ( #335, #3345 ) ) ;
#3049 = ADVANCED_FACE ( 'NONE', ( #395 ), #4145, .F. ) ;
#3050 = CYLINDRICAL_SURFACE ( 'NONE', #10213, 2.299999999999996270 ) ;
#3051 = DIRECTION ( 'NONE',  ( -0.000000000000000000, -0.000000000000000000, -1.000000000000000000 ) ) ;
#3052 = LINE ( 'NONE', #439, #3242 ) ;
#3053 = CARTESIAN_POINT ( 'NONE',  ( 3.000000000000008438, -55.00000000000000000, 12.00000000000000000 ) ) ;
#3054 = LINE ( 'NONE', #4213, #4212 ) ;
#3055 = ORIENTED_EDGE ( 'NONE', *, *, #10760, .T. ) ;
#3056 = AXIS2_PLACEMENT_3D ( 'NONE', #10365, #1483, #9388 ) ;
#3057 = CARTESIAN_POINT ( 'NONE',  ( -63.19026384250660300, 21.49999999999998934, 38.79253846514421156 ) ) ;
#3059 = AXIS2_PLACEMENT_3D ( 'NONE', #11827, #5780, #10779 ) ;
#3058 = CARTESIAN_POINT ( 'NONE',  ( -32.00000000000000000, -53.50000000000000711, 12.50000000000000000 ) ) ;
#3060 = DIRECTION ( 'NONE',  ( -0.7071067811865402453, -1.784195975776992903E-15, 0.7071067811865549002 ) ) ;
#3061 = ADVANCED_FACE ( 'NONE', ( #8103 ), #5476, .F. ) ;
#3062 = ORIENTED_EDGE ( 'NONE', *, *, #9163, .T. ) ;
#3063 = DIRECTION ( 'NONE',  ( -1.000000000000000000, 1.156482317317870344E-15, -0.000000000000000000 ) ) ;
#3064 = EDGE_CURVE ( 'NONE', #4274, #205, #1367, .T. ) ;
#3065 = VERTEX_POINT ( 'NONE', #12330 ) ;
#3066 = CARTESIAN_POINT ( 'NONE',  ( -43.74999999999999289, -57.50000000000000711, 0.4000000000000114575 ) ) ;
#3067 = DIRECTION ( 'NONE',  ( 0.5735764363510474917, 0.000000000000000000, 0.8191520442889906883 ) ) ;
#3068 = CIRCLE ( 'NONE', #10319, 2.799999999999962075 ) ;
#3069 = DIRECTION ( 'NONE',  ( -5.782411586589351722E-16, 1.000000000000000000, 0.000000000000000000 ) ) ;
#3070 = CARTESIAN_POINT ( 'NONE',  ( -11.17712434446771397, 55.00000000000000711, 12.50000000000000000 ) ) ;
#3071 = ORIENTED_EDGE ( 'NONE', *, *, #590, .T. ) ;
#3072 = LINE ( 'NONE', #10010, #5238 ) ;
#3073 = DIRECTION ( 'NONE',  ( -0.000000000000000000, -0.000000000000000000, 1.000000000000000000 ) ) ;
#3074 = VERTEX_POINT ( 'NONE', #5373 ) ;
#3075 = AXIS2_PLACEMENT_3D ( 'NONE', #11896, #12802, #3000 ) ;
#3076 = LINE ( 'NONE', #5867, #4302 ) ;
#3077 = AXIS2_PLACEMENT_3D ( 'NONE', #2262, #10431, #513 ) ;
#3078 = EDGE_CURVE ( 'NONE', #4842, #11407, #6223, .T. ) ;
#3079 = ORIENTED_EDGE ( 'NONE', *, *, #2486, .T. ) ;
#3080 = EDGE_CURVE ( 'NONE', #9031, #2421, #4276, .T. ) ;
#3081 = DIRECTION ( 'NONE',  ( -0.8191520442889905773, -0.000000000000000000, 0.5735764363510477137 ) ) ;
#3082 = ORIENTED_EDGE ( 'NONE', *, *, #3624, .F. ) ;
#3083 = DIRECTION ( 'NONE',  ( -1.000000000000000000, 0.000000000000000000, 0.000000000000000000 ) ) ;
#3084 = FACE_OUTER_BOUND ( 'NONE', #3006, .T. ) ;
#3085 = CARTESIAN_POINT ( 'NONE',  ( -38.20000000000000995, 49.49999999999997868, 12.50000000000000000 ) ) ;
#3086 = ORIENTED_EDGE ( 'NONE', *, *, #3794, .T. ) ;
#3087 = ORIENTED_EDGE ( 'NONE', *, *, #2271, .F. ) ;
#3088 = AXIS2_PLACEMENT_3D ( 'NONE', #8669, #11741, #3806 ) ;
#3089 = EDGE_CURVE ( 'NONE', #6598, #7677, #3815, .T. ) ;
#3090 = CARTESIAN_POINT ( 'NONE',  ( 43.49999999999997868, -42.49999999999998579, 4.000000000000000000 ) ) ;
#3091 = ORIENTED_EDGE ( 'NONE', *, *, #978, .F. ) ;
#3092 = ORIENTED_EDGE ( 'NONE', *, *, #9807, .F. ) ;
#3093 = LINE ( 'NONE', #7053, #1409 ) ;
#3094 = ORIENTED_EDGE ( 'NONE', *, *, #1028, .F. ) ;
#3095 = CARTESIAN_POINT ( 'NONE',  ( -26.24999999999998934, 57.10000000000000142, 0.000000000000000000 ) ) ;
#3096 = EDGE_LOOP ( 'NONE', ( #763, #2819, #3671, #9404 ) ) ;
#3097 = CARTESIAN_POINT ( 'NONE',  ( 27.50000000000000711, 6.500000000000003553, 4.000000000000000000 ) ) ;
#3098 = CARTESIAN_POINT ( 'NONE',  ( -36.69999999999998863, -62.50000000000001421, 13.00000000000000178 ) ) ;
#3099 = CARTESIAN_POINT ( 'NONE',  ( -47.08908101978838801, 14.49999999999999822, 62.31044465828571077 ) ) ;
#3100 = CARTESIAN_POINT ( 'NONE',  ( 31.99999999999998579, -53.49999999999999289, -142.1267040355189977 ) ) ;
#3101 = EDGE_LOOP ( 'NONE', ( #7260, #7416, #6976, #191 ) ) ;
#3102 = DIRECTION ( 'NONE',  ( 0.000000000000000000, 0.000000000000000000, -1.000000000000000000 ) ) ;
#3103 = ORIENTED_EDGE ( 'NONE', *, *, #6680, .T. ) ;
#3104 = ADVANCED_FACE ( 'NONE', ( #12072 ), #12734, .F. ) ;
#3105 = DIRECTION ( 'NONE',  ( 0.000000000000000000, 0.000000000000000000, -1.000000000000000000 ) ) ;
#3106 = CARTESIAN_POINT ( 'NONE',  ( 0.000000000000000000, 0.000000000000000000, 25.00000000000000000 ) ) ;
#3107 = ORIENTED_EDGE ( 'NONE', *, *, #7647, .F. ) ;
#3108 = CARTESIAN_POINT ( 'NONE',  ( -43.50000000000002132, -41.00000000000000711, 12.50000000000000000 ) ) ;
#3109 = PLANE ( 'NONE',  #7099 ) ;
#3110 = ADVANCED_FACE ( 'NONE', ( #5240 ), #2206, .F. ) ;
#3111 = CARTESIAN_POINT ( 'NONE',  ( -7.999999999999998224, 25.50000000000000355, 12.00000000000000000 ) ) ;
#3112 = CARTESIAN_POINT ( 'NONE',  ( 43.75000000000001421, -57.50000000000000711, 0.4000000000000114575 ) ) ;
#3113 = DIRECTION ( 'NONE',  ( 1.000000000000000000, 0.000000000000000000, 0.000000000000000000 ) ) ;
#3114 = ORIENTED_EDGE ( 'NONE', *, *, #11610, .F. ) ;
#3115 = DIRECTION ( 'NONE',  ( 0.7071067811865474617, 0.000000000000000000, 0.7071067811865474617 ) ) ;
#3116 = VECTOR ( 'NONE', #7443, 1000.000000000000000 ) ;
#3117 = CARTESIAN_POINT ( 'NONE',  ( 7.499999999999992895, 22.50000000000000355, 12.50000000000000000 ) ) ;
#3118 = CARTESIAN_POINT ( 'NONE',  ( -32.00000000000000711, -49.50000000000000000, 2.500000000000000000 ) ) ;
#3119 = VERTEX_POINT ( 'NONE', #11216 ) ;
#3120 = SPHERICAL_SURFACE ( 'NONE', #9575, 1.500000000000000000 ) ;
#3121 = ADVANCED_FACE ( 'NONE', ( #2324, #2464 ), #10245, .F. ) ;
#3122 = ORIENTED_EDGE ( 'NONE', *, *, #6469, .T. ) ;
#3123 = DIRECTION ( 'NONE',  ( 1.000000000000000000, 0.000000000000000000, 0.000000000000000000 ) ) ;
#3124 = LINE ( 'NONE', #451, #11701 ) ;
#3125 = VECTOR ( 'NONE', #11733, 1000.000000000000000 ) ;
#3126 = DIRECTION ( 'NONE',  ( -1.000000000000000000, 0.000000000000000000, 0.000000000000000000 ) ) ;
#3127 = CARTESIAN_POINT ( 'NONE',  ( 8.249573863534151046E-15, -53.50000000000000000, 4.000000000000000000 ) ) ;
#3128 = VERTEX_POINT ( 'NONE', #12261 ) ;
#3129 = ADVANCED_FACE ( 'NONE', ( #6287, #1433 ), #6163, .F. ) ;
#3130 = DIRECTION ( 'NONE',  ( 1.000000000000000000, -1.541976423090498592E-15, 0.000000000000000000 ) ) ;
#3131 = DIRECTION ( 'NONE',  ( 1.000000000000000000, 0.000000000000000000, -0.000000000000000000 ) ) ;
#3132 = ADVANCED_FACE ( 'NONE', ( #449 ), #10311, .F. ) ;
#3133 = EDGE_LOOP ( 'NONE', ( #10428, #10801, #4670, #7750 ) ) ;
#3134 = CARTESIAN_POINT ( 'NONE',  ( -30.39999999999999503, 61.25000000000001421, 0.000000000000000000 ) ) ;
#3135 = ORIENTED_EDGE ( 'NONE', *, *, #11953, .F. ) ;
#3136 = DIRECTION ( 'NONE',  ( 0.000000000000000000, 0.000000000000000000, -1.000000000000000000 ) ) ;
#3137 = ORIENTED_EDGE ( 'NONE', *, *, #8814, .F. ) ;
#3138 = CARTESIAN_POINT ( 'NONE',  ( 21.49999999999995381, 55.00000000000000711, 2.500000000000000000 ) ) ;
#3139 = DIRECTION ( 'NONE',  ( -0.000000000000000000, -0.000000000000000000, 1.000000000000000000 ) ) ;
#3140 = LINE ( 'NONE', #10216, #4597 ) ;
#3141 = EDGE_CURVE ( 'NONE', #11933, #3128, #9077, .T. ) ;
#3142 = DIRECTION ( 'NONE',  ( 1.000000000000000000, 0.000000000000000000, 0.000000000000000000 ) ) ;
#3143 = AXIS2_PLACEMENT_3D ( 'NONE', #7845, #6739, #1681 ) ;
#3144 = EDGE_LOOP ( 'NONE', ( #9044, #4926, #57, #3135 ) ) ;
#3145 = EDGE_CURVE ( 'NONE', #2855, #4891, #10118, .T. ) ;
#3146 = VERTEX_POINT ( 'NONE', #262 ) ;
#3147 = DIRECTION ( 'NONE',  ( -1.000000000000000000, -0.000000000000000000, -0.000000000000000000 ) ) ;
#3148 = ADVANCED_FACE ( 'NONE', ( #8175 ), #2264, .F. ) ;
#3149 = ADVANCED_FACE ( 'NONE', ( #7578 ), #516, .F. ) ;
#3150 = ORIENTED_EDGE ( 'NONE', *, *, #8931, .F. ) ;
#3151 = VERTEX_POINT ( 'NONE', #10369 ) ;
#3152 = AXIS2_PLACEMENT_3D ( 'NONE', #1445, #1382, #8309 ) ;
#3153 = DIRECTION ( 'NONE',  ( -1.000000000000000000, -3.154042683594195614E-16, 0.000000000000000000 ) ) ;
#3154 = VECTOR ( 'NONE', #2049, 1000.000000000000227 ) ;
#3155 = AXIS2_PLACEMENT_3D ( 'NONE', #9922, #3940, #1038 ) ;
#3156 = EDGE_LOOP ( 'NONE', ( #9877, #720, #3934, #6076 ) ) ;
#3157 = LINE ( 'NONE', #4846, #283 ) ;
#3158 = ORIENTED_EDGE ( 'NONE', *, *, #5302, .T. ) ;
#3159 = DIRECTION ( 'NONE',  ( -0.000000000000000000, -0.000000000000000000, -1.000000000000000000 ) ) ;
#3160 = EDGE_CURVE ( 'NONE', #11305, #11329, #12325, .T. ) ;
#3161 = CARTESIAN_POINT ( 'NONE',  ( -40.50000000000000000, -49.49999999999999289, 19.00538238691625281 ) ) ;
#3162 = CARTESIAN_POINT ( 'NONE',  ( -63.73928271806385482, 21.49999999999998934, 37.83411357279121034 ) ) ;
#3163 = CARTESIAN_POINT ( 'NONE',  ( -15.50000000000000355, 57.49999999999999289, 14.10000000000000142 ) ) ;
#3164 = VECTOR ( 'NONE', #7546, 1000.000000000000000 ) ;
#3165 = AXIS2_PLACEMENT_3D ( 'NONE', #1162, #9774, #1865 ) ;
#3166 = DIRECTION ( 'NONE',  ( -0.5735764363510471586, 0.000000000000000000, -0.8191520442889911324 ) ) ;
#3167 = DIRECTION ( 'NONE',  ( -0.000000000000000000, -0.000000000000000000, -1.000000000000000000 ) ) ;
#3168 = ORIENTED_EDGE ( 'NONE', *, *, #11001, .T. ) ;
#3169 = CARTESIAN_POINT ( 'NONE',  ( -37.74999999999999289, -62.50000000000001421, 25.00000000000000000 ) ) ;
#3170 = CARTESIAN_POINT ( 'NONE',  ( 32.24999999999998579, -62.50000000000001421, 25.00000000000000000 ) ) ;
#3171 = EDGE_CURVE ( 'NONE', #2830, #7455, #5625, .T. ) ;
#3172 = ORIENTED_EDGE ( 'NONE', *, *, #590, .F. ) ;
#3173 = CIRCLE ( 'NONE', #2751, 1.750000000000001554 ) ;
#3174 = VECTOR ( 'NONE', #857, 1000.000000000000000 ) ;
#3175 = AXIS2_PLACEMENT_3D ( 'NONE', #11864, #2964, #6925 ) ;
#3176 = CARTESIAN_POINT ( 'NONE',  ( 25.99999999999998224, -30.49999999999999289, 12.00000000000000000 ) ) ;
#3177 = CARTESIAN_POINT ( 'NONE',  ( -49.83366538152844072, -19.79999999999999716, 61.18028684572497156 ) ) ;
#3178 = CARTESIAN_POINT ( 'NONE',  ( -50.80874532332522620, -21.50000000000000000, 59.78772837043368327 ) ) ;
#3179 = CARTESIAN_POINT ( 'NONE',  ( -52.29146152509287049, -14.49999999999999822, 60.45970505530861061 ) ) ;
#3180 = VECTOR ( 'NONE', #1513, 1000.000000000000000 ) ;
#3181 = AXIS2_PLACEMENT_3D ( 'NONE', #5090, #12045, #11917 ) ;
#3182 = DIRECTION ( 'NONE',  ( -1.613696256722611159E-16, 0.000000000000000000, -1.000000000000000000 ) ) ;
#3183 = VECTOR ( 'NONE', #4157, 1000.000000000000000 ) ;
#3184 = ORIENTED_EDGE ( 'NONE', *, *, #9158, .F. ) ;
#3185 = DIRECTION ( 'NONE',  ( -1.000000000000000000, 0.000000000000000000, 0.000000000000000000 ) ) ;
#3186 = DIRECTION ( 'NONE',  ( 0.000000000000000000, 0.000000000000000000, 1.000000000000000000 ) ) ;
#3187 = ORIENTED_EDGE ( 'NONE', *, *, #1765, .F. ) ;
#3188 = CARTESIAN_POINT ( 'NONE',  ( 43.75000000000001421, 57.10000000000000142, 0.000000000000000000 ) ) ;
#3189 = ORIENTED_EDGE ( 'NONE', *, *, #8386, .T. ) ;
#3190 = DIRECTION ( 'NONE',  ( -0.000000000000000000, -0.000000000000000000, 1.000000000000000000 ) ) ;
#3191 = AXIS2_PLACEMENT_3D ( 'NONE', #4142, #12011, #9011 ) ;
#3192 = AXIS2_PLACEMENT_3D ( 'NONE', #1000, #10859, #5790 ) ;
#3193 = VERTEX_POINT ( 'NONE', #709 ) ;
#3194 = AXIS2_PLACEMENT_3D ( 'NONE', #9267, #8587, #11282 ) ;
#3195 = DIRECTION ( 'NONE',  ( 0.5735764363510473807, 0.000000000000000000, 0.8191520442889909104 ) ) ;
#3196 = CARTESIAN_POINT ( 'NONE',  ( 39.99999999999999289, 61.25000000000001421, 25.00000000000000000 ) ) ;
#3197 = CARTESIAN_POINT ( 'NONE',  ( 29.99999999999998579, 61.25000000000001421, 45.15564437074637993 ) ) ;
#3198 = ORIENTED_EDGE ( 'NONE', *, *, #8377, .F. ) ;
#3199 = DIRECTION ( 'NONE',  ( 1.000000000000000000, 0.000000000000000000, 0.000000000000000000 ) ) ;
#3200 = EDGE_CURVE ( 'NONE', #10814, #7408, #6603, .T. ) ;
#3201 = FACE_OUTER_BOUND ( 'NONE', #11620, .T. ) ;
#3202 = CIRCLE ( 'NONE', #10456, 4.150000000000007461 ) ;
#3203 = CIRCLE ( 'NONE', #3610, 2.299999999999996270 ) ;
#3204 = EDGE_LOOP ( 'NONE', ( #4522, #9519, #11840, #8951 ) ) ;
#3205 = FACE_OUTER_BOUND ( 'NONE', #5029, .T. ) ;
#3206 = VERTEX_POINT ( 'NONE', #8672 ) ;
#3207 = EDGE_CURVE ( 'NONE', #6411, #4078, #771, .T. ) ;
#3208 = EDGE_LOOP ( 'NONE', ( #2529, #9153, #6718, #4644 ) ) ;
#3209 = CARTESIAN_POINT ( 'NONE',  ( -63.08328106123759227, -21.80000000000000071, 42.25787462264926120 ) ) ;
#3210 = CARTESIAN_POINT ( 'NONE',  ( 27.50000000000000711, 10.99999999999999822, 4.000000000000000000 ) ) ;
#3211 = CIRCLE ( 'NONE', #12139, 1.500000000000000888 ) ;
#3213 = CIRCLE ( 'NONE', #10467, 1.500000000000000000 ) ;
#3212 = FACE_OUTER_BOUND ( 'NONE', #9184, .T. ) ;
#3214 = DIRECTION ( 'NONE',  ( 0.000000000000000000, 0.000000000000000000, -1.000000000000000000 ) ) ;
#3215 = EDGE_LOOP ( 'NONE', ( #10900, #12820, #7300, #4408 ) ) ;
#3216 = ORIENTED_EDGE ( 'NONE', *, *, #12362, .F. ) ;
#3217 = CARTESIAN_POINT ( 'NONE',  ( -33.50000000000000000, -49.50000000000000000, 12.50000000000000000 ) ) ;
#3218 = ORIENTED_EDGE ( 'NONE', *, *, #6648, .F. ) ;
#3219 = ORIENTED_EDGE ( 'NONE', *, *, #4810, .F. ) ;
#3220 = AXIS2_PLACEMENT_3D ( 'NONE', #10148, #7043, #10994 ) ;
#3221 = AXIS2_PLACEMENT_3D ( 'NONE', #3029, #6984, #7046 ) ;
#3222 = CARTESIAN_POINT ( 'NONE',  ( -1.500000000000001554, -53.50000000000000000, 2.500000000000000000 ) ) ;
#3223 = EDGE_LOOP ( 'NONE', ( #3539, #2713, #11267, #1661 ) ) ;
#3224 = ADVANCED_FACE ( 'NONE', ( #11545 ), #4464, .F. ) ;
#3225 = CARTESIAN_POINT ( 'NONE',  ( 27.49999999999999289, 53.50000000000000711, 4.000000000000000000 ) ) ;
#3226 = VERTEX_POINT ( 'NONE', #12518 ) ;
#3227 = ADVANCED_FACE ( 'NONE', ( #1742 ), #11672, .F. ) ;
#3228 = DIRECTION ( 'NONE',  ( -1.000000000000000000, 0.000000000000000000, 0.000000000000000000 ) ) ;
#3229 = DIRECTION ( 'NONE',  ( 0.000000000000000000, 0.000000000000000000, -1.000000000000000000 ) ) ;
#3230 = EDGE_CURVE ( 'NONE', #5170, #11786, #10437, .T. ) ;
#3231 = EDGE_CURVE ( 'NONE', #8240, #7056, #3617, .T. ) ;
#3232 = CARTESIAN_POINT ( 'NONE',  ( 34.99999999999999289, 62.50000000000001421, 25.00000000000000000 ) ) ;
#3233 = AXIS2_PLACEMENT_3D ( 'NONE', #7346, #3563, #7528 ) ;
#3234 = CARTESIAN_POINT ( 'NONE',  ( -6.500000000000000888, 25.50000000000000355, 4.000000000000000000 ) ) ;
#3235 = FACE_BOUND ( 'NONE', #2942, .T. ) ;
#3236 = DIRECTION ( 'NONE',  ( -1.000000000000000000, 4.597112642748789558E-16, 0.000000000000000000 ) ) ;
#3237 = VERTEX_POINT ( 'NONE', #7635 ) ;
#3238 = EDGE_CURVE ( 'NONE', #1531, #11616, #4529, .T. ) ;
#3239 = DIRECTION ( 'NONE',  ( -0.7071067811865474617, 0.000000000000000000, 0.7071067811865474617 ) ) ;
#3240 = CARTESIAN_POINT ( 'NONE',  ( 39.99999999999999289, 62.50000000000001421, 0.4000000000000114575 ) ) ;
#3241 = VERTEX_POINT ( 'NONE', #3737 ) ;
#3242 = VECTOR ( 'NONE', #11884, 1000.000000000000227 ) ;
#3243 = CARTESIAN_POINT ( 'NONE',  ( 39.59999999999998010, -62.50000000000001421, 0.000000000000000000 ) ) ;
#3244 = CARTESIAN_POINT ( 'NONE',  ( 22.99999999999999645, 6.500000000000000888, 12.00000000000000000 ) ) ;
#3245 = EDGE_CURVE ( 'NONE', #3237, #3440, #10864, .T. ) ;
#3246 = VERTEX_POINT ( 'NONE', #11606 ) ;
#3247 = DIRECTION ( 'NONE',  ( -0.8571673007021118895, 1.049727191138618079E-16, 0.5150380749100549327 ) ) ;
#3248 = EDGE_CURVE ( 'NONE', #1982, #2835, #11908, .T. ) ;
#3249 = CARTESIAN_POINT ( 'NONE',  ( -48.59834957055041826, 30.00000000000000000, 13.59834957055043958 ) ) ;
#3250 = ORIENTED_EDGE ( 'NONE', *, *, #9373, .F. ) ;
#3251 = CARTESIAN_POINT ( 'NONE',  ( -43.74999999999999289, -61.25000000000001421, 0.4000000000000114575 ) ) ;
#3252 = CARTESIAN_POINT ( 'NONE',  ( -39.99999999999999289, -61.25000000000001421, 25.00000000000000000 ) ) ;
#3253 = ORIENTED_EDGE ( 'NONE', *, *, #10760, .F. ) ;
#3254 = CARTESIAN_POINT ( 'NONE',  ( 34.99999999999999289, -62.50000000000001421, 25.00000000000000000 ) ) ;
#3255 = AXIS2_PLACEMENT_3D ( 'NONE', #1133, #6833, #9036 ) ;
#3256 = ORIENTED_EDGE ( 'NONE', *, *, #7825, .F. ) ;
#3257 = CARTESIAN_POINT ( 'NONE',  ( -69.88855255229850627, 21.79999999999999361, 71.68262371323518778 ) ) ;
#3258 = VERTEX_POINT ( 'NONE', #1557 ) ;
#3259 = FACE_OUTER_BOUND ( 'NONE', #6849, .T. ) ;
#3260 = PLANE ( 'NONE',  #2738 ) ;
#3261 = DIRECTION ( 'NONE',  ( -0.000000000000000000, 1.000000000000000000, 0.000000000000000000 ) ) ;
#3262 = ORIENTED_EDGE ( 'NONE', *, *, #10826, .F. ) ;
#3263 = CIRCLE ( 'NONE', #10733, 3.349999999999991651 ) ;
#3264 = FACE_OUTER_BOUND ( 'NONE', #6352, .T. ) ;
#3265 = DIRECTION ( 'NONE',  ( 0.000000000000000000, 0.000000000000000000, 1.000000000000000000 ) ) ;
#3266 = ORIENTED_EDGE ( 'NONE', *, *, #9806, .F. ) ;
#3267 = EDGE_CURVE ( 'NONE', #6150, #6554, #4232, .T. ) ;
#3268 = CARTESIAN_POINT ( 'NONE',  ( -36.69999999999998863, 62.50000000000001421, 19.00000000000000355 ) ) ;
#3269 = VERTEX_POINT ( 'NONE', #5505 ) ;
#3270 = FACE_OUTER_BOUND ( 'NONE', #7625, .T. ) ;
#3271 = AXIS2_PLACEMENT_3D ( 'NONE', #1262, #12103, #12291 ) ;
#3272 = ORIENTED_EDGE ( 'NONE', *, *, #310, .F. ) ;
#3273 = AXIS2_PLACEMENT_3D ( 'NONE', #1499, #528, #8429 ) ;
#3274 = LINE ( 'NONE', #4305, #6536 ) ;
#3275 = CARTESIAN_POINT ( 'NONE',  ( 34.99999999999999289, 62.50000000000001421, 0.000000000000000000 ) ) ;
#3276 = EDGE_CURVE ( 'NONE', #6470, #9711, #6302, .T. ) ;
#3277 = CARTESIAN_POINT ( 'NONE',  ( -32.69999999999999574, 62.50000000000001421, 19.00000000000000355 ) ) ;
#3278 = CARTESIAN_POINT ( 'NONE',  ( 5.029411764705874255, 15.95048140917011636, 12.00000000000000000 ) ) ;
#3279 = ORIENTED_EDGE ( 'NONE', *, *, #7508, .F. ) ;
#3280 = VERTEX_POINT ( 'NONE', #8481 ) ;
#3281 = LINE ( 'NONE', #4370, #10252 ) ;
#3282 = EDGE_CURVE ( 'NONE', #5264, #8653, #2159, .T. ) ;
#3283 = VECTOR ( 'NONE', #2082, 1000.000000000000000 ) ;
#3284 = AXIS2_PLACEMENT_3D ( 'NONE', #11683, #8622, #12529 ) ;
#3285 = EDGE_LOOP ( 'NONE', ( #1668, #4513, #9597, #88 ) ) ;
#3286 = ORIENTED_EDGE ( 'NONE', *, *, #6083, .T. ) ;
#3287 = CARTESIAN_POINT ( 'NONE',  ( 43.49999999999997868, 8.000000000000005329, 12.00000000000001066 ) ) ;
#3288 = EDGE_LOOP ( 'NONE', ( #3315, #2251 ) ) ;
#3289 = DIRECTION ( 'NONE',  ( 0.000000000000000000, -1.000000000000000000, 0.000000000000000000 ) ) ;
#3290 = VERTEX_POINT ( 'NONE', #3875 ) ;
#3291 = CARTESIAN_POINT ( 'NONE',  ( 24.50000000000000000, -30.49999999999999289, 12.50000000000000000 ) ) ;
#3292 = DIRECTION ( 'NONE',  ( -0.000000000000000000, -0.000000000000000000, 1.000000000000000000 ) ) ;
#3293 = CIRCLE ( 'NONE', #4944, 1.750000000000001554 ) ;
#3294 = DIRECTION ( 'NONE',  ( 0.8191520442889926867, -0.000000000000000000, -0.5735764363510448272 ) ) ;
#3295 = CARTESIAN_POINT ( 'NONE',  ( 39.59999999999998010, 62.50000000000001421, 0.000000000000000000 ) ) ;
#3296 = FACE_BOUND ( 'NONE', #5498, .T. ) ;
#3297 = DIRECTION ( 'NONE',  ( 0.000000000000000000, 0.000000000000000000, -1.000000000000000000 ) ) ;
#3298 = ORIENTED_EDGE ( 'NONE', *, *, #11562, .T. ) ;
#3299 = EDGE_CURVE ( 'NONE', #1863, #660, #971, .T. ) ;
#3300 = CARTESIAN_POINT ( 'NONE',  ( -32.00000000000002132, 53.49999999999999289, 12.00000000000001066 ) ) ;
#3301 = ORIENTED_EDGE ( 'NONE', *, *, #5378, .F. ) ;
#3302 = CARTESIAN_POINT ( 'NONE',  ( 44.99999999999997868, 12.50000000000000178, 12.50000000000001066 ) ) ;
#3303 = CARTESIAN_POINT ( 'NONE',  ( -43.50000000000002132, -41.00000000000000711, 4.000000000000000000 ) ) ;
#3304 = ORIENTED_EDGE ( 'NONE', *, *, #4335, .F. ) ;
#3305 = CARTESIAN_POINT ( 'NONE',  ( 33.29999999999999005, -62.50000000000001421, 13.00000000000000178 ) ) ;
#3306 = EDGE_CURVE ( 'NONE', #7401, #845, #4437, .T. ) ;
#3307 = ADVANCED_FACE ( 'NONE', ( #8031 ), #5, .T. ) ;
#3308 = ADVANCED_FACE ( 'NONE', ( #9917, #1867, #8806, #12779, #9716, #12703 ), #7966, .F. ) ;
#3309 = PLANE ( 'NONE',  #8355 ) ;
#3310 = ADVANCED_FACE ( 'NONE', ( #8929 ), #9611, .F. ) ;
#3311 = ORIENTED_EDGE ( 'NONE', *, *, #71, .F. ) ;
#3312 = EDGE_CURVE ( 'NONE', #11080, #5771, #5675, .T. ) ;
#3313 = DIRECTION ( 'NONE',  ( 0.5735764363510474917, 0.000000000000000000, 0.8191520442889906883 ) ) ;
#3314 = CARTESIAN_POINT ( 'NONE',  ( -29.99999999999998579, -61.25000000000001421, 0.4000000000000114575 ) ) ;
#3315 = ORIENTED_EDGE ( 'NONE', *, *, #8905, .T. ) ;
#3316 = VERTEX_POINT ( 'NONE', #2903 ) ;
#3317 = LINE ( 'NONE', #1503, #1911 ) ;
#3318 = ORIENTED_EDGE ( 'NONE', *, *, #9491, .F. ) ;
#3319 = CARTESIAN_POINT ( 'NONE',  ( 44.99999999999997868, 8.000000000000003553, 12.50000000000000000 ) ) ;
#3320 = CARTESIAN_POINT ( 'NONE',  ( -32.12096435643153569, 54.99999999999999289, 12.00000000000001421 ) ) ;
#3321 = CARTESIAN_POINT ( 'NONE',  ( -43.50000000000002132, 42.49999999999999289, 2.500000000000002220 ) ) ;
#3322 = ORIENTED_EDGE ( 'NONE', *, *, #9974, .T. ) ;
#3323 = CIRCLE ( 'NONE', #6024, 2.999999999999992450 ) ;
#3324 = CARTESIAN_POINT ( 'NONE',  ( 43.75000000000001421, -53.75000000000000711, 0.000000000000000000 ) ) ;
#3325 = DIRECTION ( 'NONE',  ( 0.000000000000000000, -1.000000000000000000, 0.000000000000000000 ) ) ;
#3326 = VERTEX_POINT ( 'NONE', #3936 ) ;
#3327 = LINE ( 'NONE', #7168, #4519 ) ;
#3328 = ADVANCED_FACE ( 'NONE', ( #9971 ), #6859, .F. ) ;
#3329 = ORIENTED_EDGE ( 'NONE', *, *, #11850, .F. ) ;
#3330 = CARTESIAN_POINT ( 'NONE',  ( 22.99999999999995381, 53.50000000000000000, 12.00000000000000000 ) ) ;
#3331 = EDGE_LOOP ( 'NONE', ( #7685, #421, #8314, #5100 ) ) ;
#3332 = PLANE ( 'NONE',  #3220 ) ;
#3333 = CARTESIAN_POINT ( 'NONE',  ( -63.19026384250660300, -21.50000000000000000, 38.79253846514421156 ) ) ;
#3334 = CARTESIAN_POINT ( 'NONE',  ( 8.999999999999992895, 12.49999999999999289, 12.50000000000000000 ) ) ;
#3335 = DIRECTION ( 'NONE',  ( -1.000000000000000000, 0.000000000000000000, 0.000000000000000000 ) ) ;
#3336 = VERTEX_POINT ( 'NONE', #8999 ) ;
#3337 = ORIENTED_EDGE ( 'NONE', *, *, #10984, .T. ) ;
#3338 = ADVANCED_FACE ( 'NONE', ( #5892 ), #132, .F. ) ;
#3339 = DIRECTION ( 'NONE',  ( -0.000000000000000000, -0.000000000000000000, 1.000000000000000000 ) ) ;
#3340 = VERTEX_POINT ( 'NONE', #11866 ) ;
#3341 = ORIENTED_EDGE ( 'NONE', *, *, #12038, .F. ) ;
#3342 = DIRECTION ( 'NONE',  ( 0.000000000000000000, 1.000000000000000000, 0.000000000000000000 ) ) ;
#3343 = ORIENTED_EDGE ( 'NONE', *, *, #6239, .T. ) ;
#3344 = DIRECTION ( 'NONE',  ( 0.000000000000000000, 0.000000000000000000, 1.000000000000000000 ) ) ;
#3345 = ORIENTED_EDGE ( 'NONE', *, *, #6445, .T. ) ;
#3346 = AXIS2_PLACEMENT_3D ( 'NONE', #8496, #2540, #12411 ) ;
#3347 = DIRECTION ( 'NONE',  ( -0.000000000000000000, -0.000000000000000000, 1.000000000000000000 ) ) ;
#3348 = DIRECTION ( 'NONE',  ( 0.5735764363510448272, 0.000000000000000000, 0.8191520442889926867 ) ) ;
#3349 = CARTESIAN_POINT ( 'NONE',  ( 5.999999999999992895, 14.54701313970656962, 12.00000000000000000 ) ) ;
#3350 = PLANE ( 'NONE',  #9363 ) ;
#3351 = CARTESIAN_POINT ( 'NONE',  ( 39.99999999999999289, -61.25000000000001421, 0.4000000000000114575 ) ) ;
#3352 = CONICAL_SURFACE ( 'NONE', #12075, 2.000000000000001776, 0.7853981633974491672 ) ;
#3353 = DIRECTION ( 'NONE',  ( 0.000000000000000000, -0.000000000000000000, 1.000000000000000000 ) ) ;
#3354 = AXIS2_PLACEMENT_3D ( 'NONE', #10250, #4398, #8423 ) ;
#3355 = ORIENTED_EDGE ( 'NONE', *, *, #4869, .F. ) ;
#3356 = ADVANCED_FACE ( 'NONE', ( #10701 ), #1947, .F. ) ;
#3357 = LINE ( 'NONE', #2394, #4116 ) ;
#3358 = ORIENTED_EDGE ( 'NONE', *, *, #7473, .F. ) ;
#3359 = CARTESIAN_POINT ( 'NONE',  ( -64.74665272665568239, 23.19999999999998863, 39.88233369421119789 ) ) ;
#3360 = DIRECTION ( 'NONE',  ( 1.000000000000000000, 0.000000000000000000, 0.000000000000000000 ) ) ;
#3361 = ADVANCED_FACE ( 'NONE', ( #8731 ), #2843, .F. ) ;
#3362 = AXIS2_PLACEMENT_3D ( 'NONE', #11757, #2859, #10776 ) ;
#3363 = AXIS2_PLACEMENT_3D ( 'NONE', #1592, #11387, #7422 ) ;
#3365 = AXIS2_PLACEMENT_3D ( 'NONE', #2314, #10236, #6278 ) ;
#3364 = CARTESIAN_POINT ( 'NONE',  ( -37.29999999999998295, 62.50000000000001421, 24.55000000000000071 ) ) ;
#3366 = ADVANCED_FACE ( 'NONE', ( #7773 ), #12746, .F. ) ;
#3367 = DIRECTION ( 'NONE',  ( -0.000000000000000000, -0.000000000000000000, -1.000000000000000000 ) ) ;
#3368 = CARTESIAN_POINT ( 'NONE',  ( 36.69999999999998863, 62.50000000000001421, 13.00000000000000178 ) ) ;
#3369 = VERTEX_POINT ( 'NONE', #6929 ) ;
#3370 = CARTESIAN_POINT ( 'NONE',  ( -43.74999999999999289, 61.25000000000001421, 45.15564437074637993 ) ) ;
#3371 = CIRCLE ( 'NONE', #5026, 1.999999999999988010 ) ;
#3372 = CARTESIAN_POINT ( 'NONE',  ( -8.500000000000001776, 53.50000000000000000, 12.50000000000000000 ) ) ;
#3373 = CIRCLE ( 'NONE', #4197, 2.000000000000015543 ) ;
#3374 = ORIENTED_EDGE ( 'NONE', *, *, #10287, .T. ) ;
#3375 = ADVANCED_FACE ( 'NONE', ( #10892 ), #520, .F. ) ;
#3376 = ORIENTED_EDGE ( 'NONE', *, *, #2022, .T. ) ;
#3377 = LINE ( 'NONE', #2537, #6885 ) ;
#3378 = ORIENTED_EDGE ( 'NONE', *, *, #6963, .F. ) ;
#3379 = ADVANCED_FACE ( 'NONE', ( #4000 ), #1164, .F. ) ;
#3380 = DIRECTION ( 'NONE',  ( 0.000000000000000000, 0.000000000000000000, -1.000000000000000000 ) ) ;
#3381 = EDGE_CURVE ( 'NONE', #3290, #11616, #2382, .T. ) ;
#3382 = CIRCLE ( 'NONE', #5446, 0.9999999999999974465 ) ;
#3383 = EDGE_CURVE ( 'NONE', #4909, #3997, #6341, .T. ) ;
#3384 = DIRECTION ( 'NONE',  ( -1.000000000000000000, 0.000000000000000000, 0.000000000000000000 ) ) ;
#3385 = AXIS2_PLACEMENT_3D ( 'NONE', #1182, #7076, #3113 ) ;
#3386 = CARTESIAN_POINT ( 'NONE',  ( 34.99999999999999289, 62.50000000000001421, 25.00000000000000000 ) ) ;
#3387 = AXIS2_PLACEMENT_3D ( 'NONE', #5220, #316, #12377 ) ;
#3388 = ORIENTED_EDGE ( 'NONE', *, *, #4683, .T. ) ;
#3389 = LINE ( 'NONE', #5586, #5645 ) ;
#3390 = CARTESIAN_POINT ( 'NONE',  ( 4.999999999999998224, 53.50000000000000000, 12.50000000000000000 ) ) ;
#3391 = ORIENTED_EDGE ( 'NONE', *, *, #10288, .F. ) ;
#3392 = EDGE_CURVE ( 'NONE', #9859, #6368, #4031, .T. ) ;
#3393 = AXIS2_PLACEMENT_3D ( 'NONE', #10683, #11460, #1724 ) ;
#3394 = CARTESIAN_POINT ( 'NONE',  ( -45.00000000000001421, -30.00000000000000000, 68.00000000000000000 ) ) ;
#3395 = VECTOR ( 'NONE', #2259, 999.9999999999998863 ) ;
#3396 = VERTEX_POINT ( 'NONE', #6151 ) ;
#3397 = DIRECTION ( 'NONE',  ( 1.000000000000000000, 1.541976423090495387E-16, -0.000000000000000000 ) ) ;
#3398 = ORIENTED_EDGE ( 'NONE', *, *, #6964, .F. ) ;
#3399 = CARTESIAN_POINT ( 'NONE',  ( 40.49999999999998579, -49.49999999999998579, 2.500000000000000000 ) ) ;
#3400 = DIRECTION ( 'NONE',  ( 0.000000000000000000, 0.000000000000000000, -1.000000000000000000 ) ) ;
#3401 = LINE ( 'NONE', #11325, #7708 ) ;
#3402 = LINE ( 'NONE', #7369, #4876 ) ;
#3403 = VERTEX_POINT ( 'NONE', #12001 ) ;
#3404 = VECTOR ( 'NONE', #3400, 1000.000000000000000 ) ;
#3405 = ADVANCED_FACE ( 'NONE', ( #7309 ), #11273, .T. ) ;
#3406 = DIRECTION ( 'NONE',  ( 0.8191520442889906883, 0.000000000000000000, -0.5735764363510477137 ) ) ;
#3407 = ADVANCED_FACE ( 'NONE', ( #8282 ), #1415, .F. ) ;
#3408 = ORIENTED_EDGE ( 'NONE', *, *, #8146, .F. ) ;
#3409 = VERTEX_POINT ( 'NONE', #10104 ) ;
#3410 = DIRECTION ( 'NONE',  ( -1.000000000000000000, 0.000000000000000000, 0.000000000000000000 ) ) ;
#3411 = VERTEX_POINT ( 'NONE', #436 ) ;
#3412 = VECTOR ( 'NONE', #566, 999.9999999999998863 ) ;
#3413 = LINE ( 'NONE', #247, #3577 ) ;
#3414 = VECTOR ( 'NONE', #11894, 1000.000000000000000 ) ;
#3415 = VERTEX_POINT ( 'NONE', #10161 ) ;
#3416 = DIRECTION ( 'NONE',  ( 1.000000000000000000, 2.445329926407195180E-15, -0.000000000000000000 ) ) ;
#3417 = CARTESIAN_POINT ( 'NONE',  ( -47.49999999999999289, -53.75000000000000711, 0.4000000000000114575 ) ) ;
#3418 = FACE_OUTER_BOUND ( 'NONE', #8221, .T. ) ;
#3419 = CARTESIAN_POINT ( 'NONE',  ( -61.44497697265965286, 21.79999999999999361, 41.11072174994716732 ) ) ;
#3420 = DIRECTION ( 'NONE',  ( 0.000000000000000000, 0.000000000000000000, -1.000000000000000000 ) ) ;
#3421 = DIRECTION ( 'NONE',  ( 0.000000000000000000, 0.000000000000000000, 1.000000000000000000 ) ) ;
#3422 = CIRCLE ( 'NONE', #9441, 1.500000000000001332 ) ;
#3423 = VECTOR ( 'NONE', #384, 1000.000000000000000 ) ;
#3424 = CARTESIAN_POINT ( 'NONE',  ( -26.24999999999998934, 57.10000000000000142, 0.000000000000000000 ) ) ;
#3425 = EDGE_LOOP ( 'NONE', ( #4714, #10260, #1752, #29 ) ) ;
#3426 = FACE_OUTER_BOUND ( 'NONE', #10807, .T. ) ;
#3427 = ORIENTED_EDGE ( 'NONE', *, *, #2665, .T. ) ;
#3428 = DIRECTION ( 'NONE',  ( 0.000000000000000000, -1.000000000000000000, 0.000000000000000000 ) ) ;
#3429 = DIRECTION ( 'NONE',  ( 1.000000000000000000, 0.000000000000000000, 0.000000000000000000 ) ) ;
#3430 = AXIS2_PLACEMENT_3D ( 'NONE', #7086, #12091, #3123 ) ;
#3431 = PLANE ( 'NONE',  #4438 ) ;
#3432 = EDGE_CURVE ( 'NONE', #4511, #5767, #9844, .T. ) ;
#3433 = CARTESIAN_POINT ( 'NONE',  ( 44.99999999999997868, 55.00000000000000711, 25.00000000000000000 ) ) ;
#3434 = FACE_OUTER_BOUND ( 'NONE', #8249, .T. ) ;
#3435 = VERTEX_POINT ( 'NONE', #6274 ) ;
#3436 = EDGE_CURVE ( 'NONE', #1481, #3119, #12532, .T. ) ;
#3437 = AXIS2_PLACEMENT_3D ( 'NONE', #1419, #4931, #5364 ) ;
#3438 = DIRECTION ( 'NONE',  ( -1.000000000000000000, 0.000000000000000000, 0.000000000000000000 ) ) ;
#3439 = CARTESIAN_POINT ( 'NONE',  ( 44.99999999999997868, -42.49999999999998579, 12.50000000000000000 ) ) ;
#3440 = VERTEX_POINT ( 'NONE', #8157 ) ;
#3441 = VERTEX_POINT ( 'NONE', #11012 ) ;
#3442 = CARTESIAN_POINT ( 'NONE',  ( -32.24999999999998579, 62.50000000000001421, 25.00000000000000000 ) ) ;
#3443 = ORIENTED_EDGE ( 'NONE', *, *, #3766, .T. ) ;
#3444 = FACE_OUTER_BOUND ( 'NONE', #3096, .T. ) ;
#3445 = CARTESIAN_POINT ( 'NONE',  ( 5.999999999999992895, 14.54701313970656962, 4.000000000000000000 ) ) ;
#3446 = CARTESIAN_POINT ( 'NONE',  ( -10.99999999999997868, 24.00000000000000000, 12.00000000000000000 ) ) ;
#3447 = VERTEX_POINT ( 'NONE', #12061 ) ;
#3448 = LINE ( 'NONE', #5461, #2968 ) ;
#3449 = DIRECTION ( 'NONE',  ( 1.000000000000000000, 1.734723475976817547E-15, 0.000000000000000000 ) ) ;
#3450 = ORIENTED_EDGE ( 'NONE', *, *, #3612, .F. ) ;
#3451 = ADVANCED_FACE ( 'NONE', ( #11204 ), #10041, .F. ) ;
#3452 = EDGE_CURVE ( 'NONE', #3674, #11407, #326, .T. ) ;
#3453 = SPHERICAL_SURFACE ( 'NONE', #3271, 1.500000000000000000 ) ;
#3454 = ORIENTED_EDGE ( 'NONE', *, *, #9700, .F. ) ;
#3455 = CARTESIAN_POINT ( 'NONE',  ( 9.249999999999994671, 22.50000000000000355, 7.000000000000000888 ) ) ;
#3456 = ORIENTED_EDGE ( 'NONE', *, *, #6721, .T. ) ;
#3457 = FACE_OUTER_BOUND ( 'NONE', #5788, .T. ) ;
#3458 = LINE ( 'NONE', #12298, #12516 ) ;
#3459 = AXIS2_PLACEMENT_3D ( 'NONE', #8153, #5216, #1534 ) ;
#3460 = CARTESIAN_POINT ( 'NONE',  ( -7.999999999999984901, 24.00000000000000000, 12.00000000000000000 ) ) ;
#3461 = AXIS2_PLACEMENT_3D ( 'NONE', #6562, #6431, #5584 ) ;
#3462 = FACE_OUTER_BOUND ( 'NONE', #12120, .T. ) ;
#3463 = EDGE_LOOP ( 'NONE', ( #5452, #1990, #3731, #10471, #6827, #10079, #1866, #3573, #5141, #6007, #4600, #1140, #433, #2538, #10620, #6140, #6903, #4697, #6852, #8174, #5319, #8308, #9770, #8802, #4699, #4809, #12158, #8921 ) ) ;
#3464 = DIRECTION ( 'NONE',  ( -0.5735764363510477137, -1.136801825298004257E-16, -0.8191520442889906883 ) ) ;
#3465 = ORIENTED_EDGE ( 'NONE', *, *, #2411, .F. ) ;
#3466 = EDGE_CURVE ( 'NONE', #4459, #8833, #7971, .T. ) ;
#3467 = LINE ( 'NONE', #5603, #4709 ) ;
#3468 = EDGE_CURVE ( 'NONE', #10681, #6741, #5301, .T. ) ;
#3469 = ORIENTED_EDGE ( 'NONE', *, *, #4178, .F. ) ;
#3470 = VECTOR ( 'NONE', #10930, 1000.000000000000000 ) ;
#3471 = CARTESIAN_POINT ( 'NONE',  ( -37.29999999999998295, -62.50000000000001421, 25.00000000000000000 ) ) ;
#3472 = AXIS2_PLACEMENT_3D ( 'NONE', #9737, #853, #10719 ) ;
#3473 = VERTEX_POINT ( 'NONE', #9257 ) ;
#3474 = CARTESIAN_POINT ( 'NONE',  ( -45.00000000000002132, 52.49999999999997868, 17.10000000000000497 ) ) ;
#3475 = ORIENTED_EDGE ( 'NONE', *, *, #2973, .F. ) ;
#3476 = DIRECTION ( 'NONE',  ( -4.056993775297885012E-16, 0.7071067811865486830, 0.7071067811865463515 ) ) ;
#3477 = CARTESIAN_POINT ( 'NONE',  ( -43.74999999999999289, 61.25000000000001421, 0.4000000000000114575 ) ) ;
#3478 = DIRECTION ( 'NONE',  ( -0.8191520442889907994, -0.000000000000000000, 0.5735764363510478248 ) ) ;
#3479 = LINE ( 'NONE', #5224, #2803 ) ;
#3480 = CONICAL_SURFACE ( 'NONE', #801, 1.700000000000000178, 1.029744258676653645 ) ;
#3481 = AXIS2_PLACEMENT_3D ( 'NONE', #9801, #8462, #9506 ) ;
#3482 = DIRECTION ( 'NONE',  ( 0.8191520442889906883, -0.000000000000000000, -0.5735764363510477137 ) ) ;
#3483 = ORIENTED_EDGE ( 'NONE', *, *, #10596, .T. ) ;
#3484 = ORIENTED_EDGE ( 'NONE', *, *, #1963, .T. ) ;
#3485 = DIRECTION ( 'NONE',  ( 2.875224369628253549E-16, 1.000000000000000000, 0.000000000000000000 ) ) ;
#3486 = ORIENTED_EDGE ( 'NONE', *, *, #8261, .F. ) ;
#3487 = CARTESIAN_POINT ( 'NONE',  ( -61.96119576537561358, 14.49999999999999822, 40.37348491008709317 ) ) ;
#3488 = CARTESIAN_POINT ( 'NONE',  ( -49.34251416565256676, -14.49999999999999822, 58.39482988444488143 ) ) ;
#3489 = CYLINDRICAL_SURFACE ( 'NONE', #4394, 1.500000000000001332 ) ;
#3490 = DIRECTION ( 'NONE',  ( 1.541976423090495387E-16, -1.000000000000000000, 0.000000000000000000 ) ) ;
#3491 = DIRECTION ( 'NONE',  ( 1.000000000000000000, 0.000000000000000000, 0.000000000000000000 ) ) ;
#3492 = EDGE_CURVE ( 'NONE', #7888, #5884, #2190, .T. ) ;
#3493 = FACE_OUTER_BOUND ( 'NONE', #7747, .T. ) ;
#3494 = ORIENTED_EDGE ( 'NONE', *, *, #3207, .T. ) ;
#3495 = DIRECTION ( 'NONE',  ( 1.000000000000000000, 0.000000000000000000, 0.000000000000000000 ) ) ;
#3496 = LINE ( 'NONE', #1568, #4304 ) ;
#3497 = ORIENTED_EDGE ( 'NONE', *, *, #10587, .F. ) ;
#3498 = ADVANCED_FACE ( 'NONE', ( #12192 ), #250, .T. ) ;
#3499 = ORIENTED_EDGE ( 'NONE', *, *, #10038, .F. ) ;
#3500 = LINE ( 'NONE', #8250, #672 ) ;
#3501 = ORIENTED_EDGE ( 'NONE', *, *, #6995, .F. ) ;
#3502 = CARTESIAN_POINT ( 'NONE',  ( -33.50000000000002842, 54.99999999999999289, 4.000000000000000000 ) ) ;
#3503 = CARTESIAN_POINT ( 'NONE',  ( -12.50000000000000000, 55.00000000000000000, 2.500000000000000000 ) ) ;
#3504 = LINE ( 'NONE', #7597, #7807 ) ;
#3505 = EDGE_LOOP ( 'NONE', ( #9615, #6799, #8912, #7572 ) ) ;
#3506 = DIRECTION ( 'NONE',  ( 0.000000000000000000, 0.000000000000000000, 1.000000000000000000 ) ) ;
#3507 = DIRECTION ( 'NONE',  ( -0.000000000000000000, -0.000000000000000000, -1.000000000000000000 ) ) ;
#3508 = EDGE_CURVE ( 'NONE', #1965, #5031, #12130, .T. ) ;
#3509 = DIRECTION ( 'NONE',  ( 0.000000000000000000, 1.000000000000000000, -0.000000000000000000 ) ) ;
#3510 = EDGE_LOOP ( 'NONE', ( #5608, #1236, #1056, #6141 ) ) ;
#3511 = DIRECTION ( 'NONE',  ( 1.000000000000000000, 0.000000000000000000, 0.000000000000000000 ) ) ;
#3512 = VERTEX_POINT ( 'NONE', #11593 ) ;
#3513 = CARTESIAN_POINT ( 'NONE',  ( -8.499999999999998224, 25.50000000000000355, 12.50000000000000000 ) ) ;
#3514 = CARTESIAN_POINT ( 'NONE',  ( -67.36003675703045701, 21.49999999999998934, 39.63692809162201058 ) ) ;
#3515 = ADVANCED_FACE ( 'NONE', ( #7563 ), #757, .T. ) ;
#3516 = PLANE ( 'NONE',  #1510 ) ;
#3517 = DIRECTION ( 'NONE',  ( -1.387778780781445676E-16, 1.000000000000000000, 0.000000000000000000 ) ) ;
#3518 = ORIENTED_EDGE ( 'NONE', *, *, #9287, .T. ) ;
#3519 = EDGE_CURVE ( 'NONE', #10045, #234, #6529, .T. ) ;
#3520 = CARTESIAN_POINT ( 'NONE',  ( 44.99999999999997868, 6.500000000000005329, 12.00000000000001066 ) ) ;
#3521 = ORIENTED_EDGE ( 'NONE', *, *, #3912, .F. ) ;
#3522 = LINE ( 'NONE', #12373, #10314 ) ;
#3523 = EDGE_LOOP ( 'NONE', ( #4409, #1203, #5814, #10947 ) ) ;
#3524 = AXIS2_PLACEMENT_3D ( 'NONE', #10167, #7256, #3166 ) ;
#3525 = CYLINDRICAL_SURFACE ( 'NONE', #10108, 1.500000000000001332 ) ;
#3526 = VERTEX_POINT ( 'NONE', #4570 ) ;
#3528 = ADVANCED_FACE ( 'NONE', ( #1723 ), #6934, .F. ) ;
#3527 = ORIENTED_EDGE ( 'NONE', *, *, #6389, .F. ) ;
#3529 = DIRECTION ( 'NONE',  ( -2.445329926407195180E-15, 1.000000000000000000, 0.000000000000000000 ) ) ;
#3530 = DIRECTION ( 'NONE',  ( -0.000000000000000000, -0.000000000000000000, -1.000000000000000000 ) ) ;
#3531 = CARTESIAN_POINT ( 'NONE',  ( -63.10834863807769324, 21.49999999999998934, 38.73518082150910402 ) ) ;
#3532 = FACE_OUTER_BOUND ( 'NONE', #5605, .T. ) ;
#3533 = EDGE_CURVE ( 'NONE', #12233, #11780, #2377, .T. ) ;
#3534 = EDGE_CURVE ( 'NONE', #1801, #5533, #10489, .T. ) ;
#3535 = ORIENTED_EDGE ( 'NONE', *, *, #6565, .T. ) ;
#3536 = AXIS2_PLACEMENT_3D ( 'NONE', #6331, #7371, #371 ) ;
#3537 = LINE ( 'NONE', #10495, #3116 ) ;
#3538 = ORIENTED_EDGE ( 'NONE', *, *, #9030, .T. ) ;
#3539 = ORIENTED_EDGE ( 'NONE', *, *, #1489, .T. ) ;
#3540 = FACE_OUTER_BOUND ( 'NONE', #4791, .T. ) ;
#3541 = AXIS2_PLACEMENT_3D ( 'NONE', #4932, #1761, #11886 ) ;
#3542 = VERTEX_POINT ( 'NONE', #12438 ) ;
#3543 = ADVANCED_FACE ( 'NONE', ( #8526 ), #12498, .T. ) ;
#3544 = DIRECTION ( 'NONE',  ( 0.000000000000000000, 0.000000000000000000, -1.000000000000000000 ) ) ;
#3545 = CARTESIAN_POINT ( 'NONE',  ( 21.49999999999999289, 10.99999999999999645, 12.50000000000000000 ) ) ;
#3546 = DIRECTION ( 'NONE',  ( 0.000000000000000000, 0.000000000000000000, -1.000000000000000000 ) ) ;
#3547 = CARTESIAN_POINT ( 'NONE',  ( 7.499999999999992895, 22.50000000000000355, 12.00000000000002309 ) ) ;
#3548 = DIRECTION ( 'NONE',  ( 1.000000000000000000, 0.000000000000000000, 0.000000000000000000 ) ) ;
#3549 = AXIS2_PLACEMENT_3D ( 'NONE', #10823, #975, #3814 ) ;
#3550 = CIRCLE ( 'NONE', #8528, 1.500000000000000000 ) ;
#3551 = DIRECTION ( 'NONE',  ( 0.000000000000000000, 0.000000000000000000, -1.000000000000000000 ) ) ;
#3552 = ADVANCED_FACE ( 'NONE', ( #8469 ), #10355, .F. ) ;
#3553 = ORIENTED_EDGE ( 'NONE', *, *, #6964, .T. ) ;
#3554 = DIRECTION ( 'NONE',  ( -0.5792279653395842054, -0.7071067811865300312, 0.4055797876726480178 ) ) ;
#3555 = LINE ( 'NONE', #3372, #6805 ) ;
#3556 = ORIENTED_EDGE ( 'NONE', *, *, #7022, .T. ) ;
#3557 = VECTOR ( 'NONE', #9533, 1000.000000000000000 ) ;
#3558 = TOROIDAL_SURFACE ( 'NONE', #2111, 4.499999999999995559, 1.500000000000000000 ) ;
#3559 = VECTOR ( 'NONE', #5108, 1000.000000000000000 ) ;
#3560 = ORIENTED_EDGE ( 'NONE', *, *, #8531, .T. ) ;
#3561 = FACE_OUTER_BOUND ( 'NONE', #6795, .T. ) ;
#3562 = ORIENTED_EDGE ( 'NONE', *, *, #10442, .F. ) ;
#3563 = DIRECTION ( 'NONE',  ( 0.000000000000000000, 0.000000000000000000, -1.000000000000000000 ) ) ;
#3564 = DIRECTION ( 'NONE',  ( 0.000000000000000000, 0.000000000000000000, -1.000000000000000000 ) ) ;
#3565 = CARTESIAN_POINT ( 'NONE',  ( -63.10834863807769324, -21.50000000000000000, 38.73518082150910402 ) ) ;
#3566 = ORIENTED_EDGE ( 'NONE', *, *, #9601, .F. ) ;
#3567 = VECTOR ( 'NONE', #337, 1000.000000000000000 ) ;
#3568 = CONICAL_SURFACE ( 'NONE', #8335, 1.999999999999988010, 0.7853981633974356225 ) ;
#3569 = DIRECTION ( 'NONE',  ( -1.000000000000000000, 0.000000000000000000, 0.000000000000000000 ) ) ;
#3570 = AXIS2_PLACEMENT_3D ( 'NONE', #6816, #5970, #5833 ) ;
#3571 = CARTESIAN_POINT ( 'NONE',  ( 43.49999999999997868, 6.500000000000005329, 12.50000000000000000 ) ) ;
#3572 = CARTESIAN_POINT ( 'NONE',  ( 8.499999999999991118, 12.49999999999999289, 12.50000000000000000 ) ) ;
#3573 = ORIENTED_EDGE ( 'NONE', *, *, #9212, .T. ) ;
#3574 = VECTOR ( 'NONE', #12580, 1000.000000000000000 ) ;
#3575 = ORIENTED_EDGE ( 'NONE', *, *, #7898, .F. ) ;
#3576 = AXIS2_PLACEMENT_3D ( 'NONE', #12167, #6189, #1199 ) ;
#3577 = VECTOR ( 'NONE', #12125, 1000.000000000000000 ) ;
#3578 = CARTESIAN_POINT ( 'NONE',  ( -51.49703704694645268, -24.99999999999999289, 58.80474591728685141 ) ) ;
#3579 = CARTESIAN_POINT ( 'NONE',  ( -47.49999999999999289, -57.50000000000000711, 25.00000000000000000 ) ) ;
#3580 = LINE ( 'NONE', #4621, #3164 ) ;
#3581 = CARTESIAN_POINT ( 'NONE',  ( -27.08250949001325480, -55.00000000000001421, 12.24701845867947547 ) ) ;
#3582 = ORIENTED_EDGE ( 'NONE', *, *, #5123, .T. ) ;
#3583 = ADVANCED_FACE ( 'NONE', ( #1604 ), #2446, .F. ) ;
#3584 = LINE ( 'NONE', #7426, #9222 ) ;
#3585 = CONICAL_SURFACE ( 'NONE', #1738, 4.899999999999989697, 0.7853981633974652654 ) ;
#3586 = TOROIDAL_SURFACE ( 'NONE', #12102, 3.000000000000000000, 1.500000000000000000 ) ;
#3587 = VECTOR ( 'NONE', #525, 1000.000000000000000 ) ;
#3588 = AXIS2_PLACEMENT_3D ( 'NONE', #6492, #10454, #4539 ) ;
#3589 = ORIENTED_EDGE ( 'NONE', *, *, #1233, .T. ) ;
#3590 = DIRECTION ( 'NONE',  ( -0.8191520442889906883, -0.000000000000000000, 0.5735764363510477137 ) ) ;
#3591 = ADVANCED_FACE ( 'NONE', ( #5610 ), #6456, .F. ) ;
#3592 = VERTEX_POINT ( 'NONE', #3662 ) ;
#3593 = FACE_OUTER_BOUND ( 'NONE', #175, .T. ) ;
#3594 = ORIENTED_EDGE ( 'NONE', *, *, #9335, .F. ) ;
#3595 = ORIENTED_EDGE ( 'NONE', *, *, #1765, .T. ) ;
#3596 = DIRECTION ( 'NONE',  ( -1.000000000000000000, 0.000000000000000000, 0.000000000000000000 ) ) ;
#3597 = DIRECTION ( 'NONE',  ( -0.000000000000000000, -0.000000000000000000, -1.000000000000000000 ) ) ;
#3598 = CIRCLE ( 'NONE', #4638, 1.500000000000000000 ) ;
#3599 = AXIS2_PLACEMENT_3D ( 'NONE', #1131, #5854, #4884 ) ;
#3601 = AXIS2_PLACEMENT_3D ( 'NONE', #10238, #9324, #12257 ) ;
#3600 = LINE ( 'NONE', #11656, #7296 ) ;
#3602 = PLANE ( 'NONE',  #944 ) ;
#3603 = VERTEX_POINT ( 'NONE', #9636 ) ;
#3604 = DIRECTION ( 'NONE',  ( -1.000000000000000000, 0.000000000000000000, 0.000000000000000000 ) ) ;
#3605 = ORIENTED_EDGE ( 'NONE', *, *, #4712, .F. ) ;
#3606 = VERTEX_POINT ( 'NONE', #5553 ) ;
#3607 = VECTOR ( 'NONE', #11726, 1000.000000000000000 ) ;
#3608 = ADVANCED_FACE ( 'NONE', ( #7379 ), #11400, .F. ) ;
#3609 = AXIS2_PLACEMENT_3D ( 'NONE', #1228, #8162, #7191 ) ;
#3610 = AXIS2_PLACEMENT_3D ( 'NONE', #5195, #226, #5335 ) ;
#3611 = CARTESIAN_POINT ( 'NONE',  ( -61.44497697265965286, 21.79999999999999361, 41.11072174994716732 ) ) ;
#3612 = EDGE_CURVE ( 'NONE', #8151, #9909, #9567, .T. ) ;
#3613 = ORIENTED_EDGE ( 'NONE', *, *, #11810, .T. ) ;
#3614 = ADVANCED_FACE ( 'NONE', ( #11532 ), #9376, .F. ) ;
#3615 = LINE ( 'NONE', #2841, #375 ) ;
#3616 = ADVANCED_FACE ( 'NONE', ( #10417 ), #1539, .F. ) ;
#3617 = LINE ( 'NONE', #3677, #6106 ) ;
#3618 = CARTESIAN_POINT ( 'NONE',  ( -36.69999999999998863, -62.50000000000001421, 13.00000000000000178 ) ) ;
#3619 = CARTESIAN_POINT ( 'NONE',  ( 0.9504814091701090373, 20.02941176470588047, 12.50000000000000000 ) ) ;
#3620 = AXIS2_PLACEMENT_3D ( 'NONE', #3665, #8659, #2828 ) ;
#3621 = DIRECTION ( 'NONE',  ( 0.1764705882352942123, 0.9843059135695005901, 0.000000000000000000 ) ) ;
#3622 = VECTOR ( 'NONE', #798, 1000.000000000000000 ) ;
#3623 = CONICAL_SURFACE ( 'NONE', #5069, 1.999999999999974021, 0.7853981633974473908 ) ;
#3624 = EDGE_CURVE ( 'NONE', #5585, #2661, #10611, .T. ) ;
#3625 = DIRECTION ( 'NONE',  ( -1.000000000000000000, -0.000000000000000000, -0.000000000000000000 ) ) ;
#3626 = VERTEX_POINT ( 'NONE', #8786 ) ;
#3627 = LINE ( 'NONE', #7588, #9399 ) ;
#3628 = CARTESIAN_POINT ( 'NONE',  ( -6.500000000000002665, 53.50000000000000000, 4.000000000000000000 ) ) ;
#3629 = ORIENTED_EDGE ( 'NONE', *, *, #1489, .F. ) ;
#3630 = EDGE_CURVE ( 'NONE', #5300, #6564, #8798, .T. ) ;
#3631 = AXIS2_PLACEMENT_3D ( 'NONE', #4946, #864, #7928 ) ;
#3632 = CIRCLE ( 'NONE', #11312, 4.150000000000014566 ) ;
#3633 = CARTESIAN_POINT ( 'NONE',  ( 27.50000000000000711, 12.49999999999999645, 4.000000000000000000 ) ) ;
#3634 = VERTEX_POINT ( 'NONE', #2047 ) ;
#3635 = DIRECTION ( 'NONE',  ( -1.261617073437676865E-15, 1.000000000000000000, 0.000000000000000000 ) ) ;
#3636 = CARTESIAN_POINT ( 'NONE',  ( 8.999999999999994671, 10.99999999999999467, 4.000000000000000000 ) ) ;
#3637 = EDGE_CURVE ( 'NONE', #3626, #687, #10669, .T. ) ;
#3638 = DIRECTION ( 'NONE',  ( -0.8191520442889906883, -0.000000000000000000, 0.5735764363510477137 ) ) ;
#3639 = ORIENTED_EDGE ( 'NONE', *, *, #10053, .F. ) ;
#3640 = CARTESIAN_POINT ( 'NONE',  ( 33.29999999999999005, -62.50000000000001421, 25.00000000000000000 ) ) ;
#3641 = CARTESIAN_POINT ( 'NONE',  ( -40.50000000000000000, -42.50000000000000711, 12.00000000000001066 ) ) ;
#3642 = CARTESIAN_POINT ( 'NONE',  ( 29.99999999999998934, 61.25000000000001421, 25.00000000000000000 ) ) ;
#3643 = ORIENTED_EDGE ( 'NONE', *, *, #3886, .T. ) ;
#3644 = ORIENTED_EDGE ( 'NONE', *, *, #1095, .T. ) ;
#3645 = CARTESIAN_POINT ( 'NONE',  ( -45.00000000000002132, -42.32287565553228603, 12.50000000000000000 ) ) ;
#3646 = DIRECTION ( 'NONE',  ( 0.000000000000000000, 0.000000000000000000, -1.000000000000000000 ) ) ;
#3647 = CYLINDRICAL_SURFACE ( 'NONE', #5435, 6.999999999999999112 ) ;
#3648 = CARTESIAN_POINT ( 'NONE',  ( -26.87694445061602266, -55.00000000000000711, 12.36783142304525818 ) ) ;
#3649 = ORIENTED_EDGE ( 'NONE', *, *, #2312, .T. ) ;
#3650 = DIRECTION ( 'NONE',  ( -0.8191520442889906883, -0.000000000000000000, 0.5735764363510477137 ) ) ;
#3651 = EDGE_CURVE ( 'NONE', #4975, #9149, #6781, .T. ) ;
#3652 = DIRECTION ( 'NONE',  ( 0.000000000000000000, 0.000000000000000000, -1.000000000000000000 ) ) ;
#3653 = ORIENTED_EDGE ( 'NONE', *, *, #7288, .T. ) ;
#3654 = FACE_OUTER_BOUND ( 'NONE', #7762, .T. ) ;
#3655 = VERTEX_POINT ( 'NONE', #11654 ) ;
#3656 = DIRECTION ( 'NONE',  ( 0.7071067811865414665, 0.000000000000000000, 0.7071067811865536790 ) ) ;
#3657 = ORIENTED_EDGE ( 'NONE', *, *, #5199, .T. ) ;
#3658 = EDGE_CURVE ( 'NONE', #7475, #5781, #11712, .T. ) ;
#3659 = AXIS2_PLACEMENT_3D ( 'NONE', #4594, #7590, #652 ) ;
#3660 = ORIENTED_EDGE ( 'NONE', *, *, #8398, .T. ) ;
#3661 = AXIS2_PLACEMENT_3D ( 'NONE', #9818, #4109, #5930 ) ;
#3662 = CARTESIAN_POINT ( 'NONE',  ( -49.80859780468830422, 14.49999999999999822, 64.70298064686517137 ) ) ;
#3663 = CARTESIAN_POINT ( 'NONE',  ( -24.99999999999998224, 24.99999999999999289, 2.500000000000000000 ) ) ;
#3664 = DIRECTION ( 'NONE',  ( 0.5735764363510471586, -0.000000000000000000, 0.8191520442889911324 ) ) ;
#3665 = CARTESIAN_POINT ( 'NONE',  ( -49.71036756151314506, -14.49999999999999822, 64.14588925460907376 ) ) ;
#3666 = EDGE_CURVE ( 'NONE', #4595, #5313, #1348, .T. ) ;
#3667 = ORIENTED_EDGE ( 'NONE', *, *, #10585, .F. ) ;
#3668 = CYLINDRICAL_SURFACE ( 'NONE', #12459, 1.500000000000001332 ) ;
#3669 = AXIS2_PLACEMENT_3D ( 'NONE', #7304, #1346, #12245 ) ;
#3670 = VECTOR ( 'NONE', #6659, 1000.000000000000000 ) ;
#3671 = ORIENTED_EDGE ( 'NONE', *, *, #1630, .T. ) ;
#3672 = VERTEX_POINT ( 'NONE', #1985 ) ;
#3673 = PLANE ( 'NONE',  #8640 ) ;
#3674 = VERTEX_POINT ( 'NONE', #4959 ) ;
#3675 = CARTESIAN_POINT ( 'NONE',  ( -34.99999999999999289, -62.50000000000001421, 24.55000000000000071 ) ) ;
#3676 = DIRECTION ( 'NONE',  ( 0.000000000000000000, 0.000000000000000000, -1.000000000000000000 ) ) ;
#3677 = CARTESIAN_POINT ( 'NONE',  ( -45.00000000000002132, 52.49999999999997868, -142.1267040355189977 ) ) ;
#3678 = FACE_OUTER_BOUND ( 'NONE', #4044, .T. ) ;
#3679 = CONICAL_SURFACE ( 'NONE', #8441, 2.300000000000003375, 0.7853981633974344012 ) ;
#3680 = VECTOR ( 'NONE', #8518, 1000.000000000000000 ) ;
#3681 = DIRECTION ( 'NONE',  ( 0.000000000000000000, 0.000000000000000000, -1.000000000000000000 ) ) ;
#3682 = ADVANCED_FACE ( 'NONE', ( #2758 ), #2888, .F. ) ;
#3683 = CARTESIAN_POINT ( 'NONE',  ( -63.19026384250660300, 21.49999999999998934, 38.79253846514421156 ) ) ;
#3684 = EDGE_CURVE ( 'NONE', #3672, #9112, #10876, .T. ) ;
#3685 = DIRECTION ( 'NONE',  ( -0.8191520442889905773, -0.000000000000000000, 0.5735764363510477137 ) ) ;
#3686 = ORIENTED_EDGE ( 'NONE', *, *, #7603, .T. ) ;
#3687 = VECTOR ( 'NONE', #8832, 1000.000000000000227 ) ;
#3688 = CARTESIAN_POINT ( 'NONE',  ( -43.49999999999997158, 52.49999999999998579, 25.00000000000000000 ) ) ;
#3689 = ORIENTED_EDGE ( 'NONE', *, *, #7429, .T. ) ;
#3691 = DIRECTION ( 'NONE',  ( 1.000000000000000000, 0.000000000000000000, 0.000000000000000000 ) ) ;
#3690 = CIRCLE ( 'NONE', #3077, 1.499999999999999556 ) ;
#3692 = ORIENTED_EDGE ( 'NONE', *, *, #151, .T. ) ;
#3693 = DIRECTION ( 'NONE',  ( -1.000000000000000000, 0.000000000000000000, 0.000000000000000000 ) ) ;
#3694 = ORIENTED_EDGE ( 'NONE', *, *, #1485, .F. ) ;
#3695 = EDGE_CURVE ( 'NONE', #1602, #6197, #3920, .T. ) ;
#3696 = DIRECTION ( 'NONE',  ( 1.000000000000000000, 0.000000000000000000, 0.000000000000000000 ) ) ;
#3697 = ADVANCED_FACE ( 'NONE', ( #5941 ), #9760, .F. ) ;
#3698 = ADVANCED_FACE ( 'NONE', ( #8913 ), #1851, .F. ) ;
#3699 = CIRCLE ( 'NONE', #12621, 1.799999999999994049 ) ;
#3700 = FACE_OUTER_BOUND ( 'NONE', #718, .T. ) ;
#3701 = FACE_OUTER_BOUND ( 'NONE', #12181, .T. ) ;
#3702 = ADVANCED_FACE ( 'NONE', ( #5803 ), #9899, .T. ) ;
#3703 = CARTESIAN_POINT ( 'NONE',  ( 34.99999999999999289, -62.50000000000001421, 0.4000000000000114575 ) ) ;
#3704 = ADVANCED_FACE ( 'NONE', ( #11793 ), #10679, .F. ) ;
#3705 = DIRECTION ( 'NONE',  ( -0.000000000000000000, -0.000000000000000000, -1.000000000000000000 ) ) ;
#3706 = CARTESIAN_POINT ( 'NONE',  ( 3.794117647058816711, 28.43855504194069184, 12.00000000000000000 ) ) ;
#3707 = CARTESIAN_POINT ( 'NONE',  ( -49.85873295836849195, -24.99999999999999289, 57.65759304458477175 ) ) ;
#3708 = ORIENTED_EDGE ( 'NONE', *, *, #5440, .F. ) ;
#3709 = CARTESIAN_POINT ( 'NONE',  ( -47.08908101978840932, -14.50000000000001066, 62.31044465828573919 ) ) ;
#3710 = EDGE_LOOP ( 'NONE', ( #1758, #998, #1271, #7336 ) ) ;
#3711 = CARTESIAN_POINT ( 'NONE',  ( 34.00000000000000711, -49.49999999999998579, 12.50000000000000000 ) ) ;
#3712 = LINE ( 'NONE', #11639, #4425 ) ;
#3713 = DIRECTION ( 'NONE',  ( -0.000000000000000000, -0.000000000000000000, 1.000000000000000000 ) ) ;
#3714 = LINE ( 'NONE', #9750, #8841 ) ;
#3715 = ORIENTED_EDGE ( 'NONE', *, *, #539, .T. ) ;
#3716 = DIRECTION ( 'NONE',  ( 1.000000000000000000, 0.000000000000000000, 0.000000000000000000 ) ) ;
#3717 = FACE_OUTER_BOUND ( 'NONE', #4372, .T. ) ;
#3719 = ORIENTED_EDGE ( 'NONE', *, *, #7723, .F. ) ;
#3718 = EDGE_CURVE ( 'NONE', #12222, #3997, #2389, .T. ) ;
#3720 = ORIENTED_EDGE ( 'NONE', *, *, #11076, .F. ) ;
#3721 = DIRECTION ( 'NONE',  ( -0.000000000000000000, 1.000000000000000000, 0.000000000000000000 ) ) ;
#3722 = ORIENTED_EDGE ( 'NONE', *, *, #445, .F. ) ;
#3723 = ORIENTED_EDGE ( 'NONE', *, *, #6637, .F. ) ;
#3724 = DIRECTION ( 'NONE',  ( 0.7071067811865475727, 1.120483650653235156E-16, 0.7071067811865475727 ) ) ;
#3725 = CARTESIAN_POINT ( 'NONE',  ( -51.39005426567752011, 21.50000000000000000, 62.27008207479195079 ) ) ;
#3726 = EDGE_CURVE ( 'NONE', #2058, #11392, #1789, .T. ) ;
#3727 = DIRECTION ( 'NONE',  ( 0.000000000000000000, 0.000000000000000000, -1.000000000000000000 ) ) ;
#3728 = DIRECTION ( 'NONE',  ( -1.000000000000000000, 0.000000000000000000, -0.000000000000000000 ) ) ;
#3729 = ORIENTED_EDGE ( 'NONE', *, *, #5073, .T. ) ;
#3730 = CARTESIAN_POINT ( 'NONE',  ( -10.99999999999997513, 24.00000000000000000, 4.000000000000000000 ) ) ;
#3731 = ORIENTED_EDGE ( 'NONE', *, *, #647, .T. ) ;
#3732 = EDGE_LOOP ( 'NONE', ( #3355, #4674, #8473, #10758 ) ) ;
#3733 = DIRECTION ( 'NONE',  ( 2.502005013428087819E-17, 1.000000000000000000, 0.000000000000000000 ) ) ;
#3734 = VERTEX_POINT ( 'NONE', #819 ) ;
#3735 = CARTESIAN_POINT ( 'NONE',  ( -47.49999999999999289, 35.49999999999999289, 17.10000000000000142 ) ) ;
#3736 = FACE_OUTER_BOUND ( 'NONE', #11785, .T. ) ;
#3737 = CARTESIAN_POINT ( 'NONE',  ( 29.99999999999998579, 62.50000000000001421, 0.4000000000000114575 ) ) ;
#3738 = CARTESIAN_POINT ( 'NONE',  ( 27.50000000000000711, 6.500000000000003553, 12.50000000000000000 ) ) ;
#3739 = DIRECTION ( 'NONE',  ( -1.000000000000000000, 0.000000000000000000, 0.000000000000000000 ) ) ;
#3740 = DIRECTION ( 'NONE',  ( 0.000000000000000000, 0.000000000000000000, -1.000000000000000000 ) ) ;
#3741 = EDGE_CURVE ( 'NONE', #10547, #8775, #12686, .T. ) ;
#3742 = LINE ( 'NONE', #10766, #2139 ) ;
#3743 = VECTOR ( 'NONE', #12601, 1000.000000000000114 ) ;
#3744 = ORIENTED_EDGE ( 'NONE', *, *, #4167, .F. ) ;
#3745 = DIRECTION ( 'NONE',  ( -0.7071067811865378028, 0.000000000000000000, -0.7071067811865573427 ) ) ;
#3746 = EDGE_LOOP ( 'NONE', ( #7390, #5430, #9113, #3279 ) ) ;
#3747 = DIRECTION ( 'NONE',  ( 0.000000000000000000, 0.000000000000000000, 1.000000000000000000 ) ) ;
#3748 = ORIENTED_EDGE ( 'NONE', *, *, #12610, .T. ) ;
#3749 = EDGE_CURVE ( 'NONE', #1778, #11802, #12762, .T. ) ;
#3750 = CARTESIAN_POINT ( 'NONE',  ( -0.4529868602934395971, 19.49999999999999645, 4.000000000000000000 ) ) ;
#3751 = CARTESIAN_POINT ( 'NONE',  ( 34.99999999999999289, 62.50000000000001421, 25.00000000000000000 ) ) ;
#3752 = ORIENTED_EDGE ( 'NONE', *, *, #2286, .F. ) ;
#3753 = CONICAL_SURFACE ( 'NONE', #3972, 6.499999999999977796, 0.7853981633974587151 ) ;
#3754 = CARTESIAN_POINT ( 'NONE',  ( 47.50000000000000711, 57.49999999999999289, 25.00000000000000000 ) ) ;
#3755 = AXIS2_PLACEMENT_3D ( 'NONE', #11181, #6309, #6054 ) ;
#3756 = CARTESIAN_POINT ( 'NONE',  ( -49.71036756151314506, -14.49999999999999822, 64.14588925460907376 ) ) ;
#3757 = DIRECTION ( 'NONE',  ( -2.813065096178606086E-16, -1.000000000000000000, 0.000000000000000000 ) ) ;
#3758 = LINE ( 'NONE', #8037, #4566 ) ;
#3759 = CARTESIAN_POINT ( 'NONE',  ( -67.49123708839555036, 14.49999999999999822, 38.75217588165031657 ) ) ;
#3760 = ORIENTED_EDGE ( 'NONE', *, *, #2148, .F. ) ;
#3761 = CARTESIAN_POINT ( 'NONE',  ( -68.55209712461198990, 30.00000000000000000, 37.93448945374405668 ) ) ;
#3762 = AXIS2_PLACEMENT_3D ( 'NONE', #5492, #3727, #9449 ) ;
#3763 = VECTOR ( 'NONE', #12254, 1000.000000000000000 ) ;
#3764 = EDGE_CURVE ( 'NONE', #7455, #9692, #6323, .T. ) ;
#3765 = PLANE ( 'NONE',  #2657 ) ;
#3766 = EDGE_CURVE ( 'NONE', #8450, #8491, #2168, .T. ) ;
#3767 = ORIENTED_EDGE ( 'NONE', *, *, #9248, .T. ) ;
#3768 = DIRECTION ( 'NONE',  ( 1.000000000000000000, -0.000000000000000000, 0.000000000000000000 ) ) ;
#3769 = EDGE_CURVE ( 'NONE', #12715, #9160, #6125, .T. ) ;
#3770 = ADVANCED_FACE ( 'NONE', ( #11983 ), #8979, .F. ) ;
#3771 = EDGE_LOOP ( 'NONE', ( #7648, #10278, #4182, #4735 ) ) ;
#3772 = CARTESIAN_POINT ( 'NONE',  ( -43.50000000000002132, 53.49999999999999289, 12.50000000000001066 ) ) ;
#3773 = CARTESIAN_POINT ( 'NONE',  ( -45.00000000000002132, 35.49999999999999289, 14.10000000000000142 ) ) ;
#3774 = AXIS2_PLACEMENT_3D ( 'NONE', #10565, #1617, #6661 ) ;
#3775 = CARTESIAN_POINT ( 'NONE',  ( -6.972988923954540397, 55.00000000000000711, 12.06870245856685564 ) ) ;
#3776 = AXIS2_PLACEMENT_3D ( 'NONE', #3460, #6512, #2558 ) ;
#3777 = DIRECTION ( 'NONE',  ( -0.000000000000000000, -0.000000000000000000, 1.000000000000000000 ) ) ;
#3778 = AXIS2_PLACEMENT_3D ( 'NONE', #12107, #4551, #10276 ) ;
#3779 = ORIENTED_EDGE ( 'NONE', *, *, #8287, .T. ) ;
#3780 = CARTESIAN_POINT ( 'NONE',  ( 34.99999999999999289, 62.50000000000001421, 45.15564437074637993 ) ) ;
#3781 = EDGE_CURVE ( 'NONE', #10181, #12372, #5280, .T. ) ;
#3782 = DIRECTION ( 'NONE',  ( -1.000000000000000000, -1.541976423090495387E-16, 0.000000000000000000 ) ) ;
#3783 = ORIENTED_EDGE ( 'NONE', *, *, #12349, .T. ) ;
#3784 = ORIENTED_EDGE ( 'NONE', *, *, #6055, .F. ) ;
#3785 = AXIS2_PLACEMENT_3D ( 'NONE', #6085, #4001, #8930 ) ;
#3786 = LINE ( 'NONE', #5607, #8034 ) ;
#3787 = VECTOR ( 'NONE', #5842, 1000.000000000000000 ) ;
#3788 = CIRCLE ( 'NONE', #1308, 4.900000000000027889 ) ;
#3789 = ORIENTED_EDGE ( 'NONE', *, *, #10140, .F. ) ;
#3790 = ORIENTED_EDGE ( 'NONE', *, *, #10470, .T. ) ;
#3791 = CARTESIAN_POINT ( 'NONE',  ( 39.99999999999999289, -61.25000000000001421, 25.00000000000000000 ) ) ;
#3792 = DIRECTION ( 'NONE',  ( 0.000000000000000000, 0.000000000000000000, 1.000000000000000000 ) ) ;
#3793 = LINE ( 'NONE', #7755, #6053 ) ;
#3794 = EDGE_CURVE ( 'NONE', #1722, #8504, #3274, .T. ) ;
#3795 = CARTESIAN_POINT ( 'NONE',  ( 21.49999999999999645, 6.500000000000002665, 4.000000000000000000 ) ) ;
#3796 = ORIENTED_EDGE ( 'NONE', *, *, #557, .F. ) ;
#3797 = ORIENTED_EDGE ( 'NONE', *, *, #9489, .T. ) ;
#3798 = AXIS2_PLACEMENT_3D ( 'NONE', #7104, #6843, #7880 ) ;
#3799 = CIRCLE ( 'NONE', #5457, 1.000000000000003997 ) ;
#3800 = VECTOR ( 'NONE', #7962, 1000.000000000000114 ) ;
#3801 = CARTESIAN_POINT ( 'NONE',  ( 29.99999999999998579, 61.25000000000001421, 25.00000000000000000 ) ) ;
#3802 = ORIENTED_EDGE ( 'NONE', *, *, #6650, .F. ) ;
#3803 = ORIENTED_EDGE ( 'NONE', *, *, #152, .T. ) ;
#3804 = CARTESIAN_POINT ( 'NONE',  ( -6.499999999999999112, 53.50000000000000000, -142.1267040355189977 ) ) ;
#3805 = ORIENTED_EDGE ( 'NONE', *, *, #7266, .F. ) ;
#3806 = DIRECTION ( 'NONE',  ( 1.000000000000000000, 0.000000000000000000, 0.000000000000000000 ) ) ;
#3807 = CIRCLE ( 'NONE', #1541, 1.500000000000000888 ) ;
#3808 = CARTESIAN_POINT ( 'NONE',  ( 26.24999999999998934, -57.10000000000000142, 0.000000000000000000 ) ) ;
#3809 = AXIS2_PLACEMENT_3D ( 'NONE', #11708, #5989, #9942 ) ;
#3810 = AXIS2_PLACEMENT_3D ( 'NONE', #4271, #6157, #8231 ) ;
#3811 = ORIENTED_EDGE ( 'NONE', *, *, #623, .T. ) ;
#3812 = CARTESIAN_POINT ( 'NONE',  ( -11.58280583920124052, 55.00000000000000711, 12.24680279941678229 ) ) ;
#3813 = CARTESIAN_POINT ( 'NONE',  ( -32.00000000000000000, -53.50000000000000711, 12.50000000000000000 ) ) ;
#3814 = DIRECTION ( 'NONE',  ( -1.000000000000000000, 0.000000000000000000, 0.000000000000000000 ) ) ;
#3815 = CIRCLE ( 'NONE', #10656, 2.999999999999992450 ) ;
#3816 = VECTOR ( 'NONE', #5958, 1000.000000000000000 ) ;
#3817 = AXIS2_PLACEMENT_3D ( 'NONE', #10390, #5529, #6622 ) ;
#3818 = CARTESIAN_POINT ( 'NONE',  ( -66.38495681523366443, 21.49999999999998934, 41.02948656691329887 ) ) ;
#3819 = VECTOR ( 'NONE', #241, 1000.000000000000000 ) ;
#3820 = VERTEX_POINT ( 'NONE', #5019 ) ;
#3821 = CARTESIAN_POINT ( 'NONE',  ( -51.47196947010641566, -21.50000000000000000, 62.32743971842706543 ) ) ;
#3822 = ORIENTED_EDGE ( 'NONE', *, *, #8826, .T. ) ;
#3823 = ORIENTED_EDGE ( 'NONE', *, *, #8883, .T. ) ;
#3824 = DIRECTION ( 'NONE',  ( 0.000000000000000000, 0.000000000000000000, 1.000000000000000000 ) ) ;
#3825 = CARTESIAN_POINT ( 'NONE',  ( 21.49999999999999289, 12.49999999999999467, 2.500000000000000000 ) ) ;
#3826 = ADVANCED_FACE ( 'NONE', ( #2099 ), #7982, .F. ) ;
#3827 = AXIS2_PLACEMENT_3D ( 'NONE', #6084, #3347, #2116 ) ;
#3828 = AXIS2_PLACEMENT_3D ( 'NONE', #1475, #9379, #1356 ) ;
#3829 = ORIENTED_EDGE ( 'NONE', *, *, #1632, .T. ) ;
#3830 = AXIS2_PLACEMENT_3D ( 'NONE', #5064, #1304, #1244 ) ;
#3831 = LINE ( 'NONE', #3111, #11321 ) ;
#3832 = LINE ( 'NONE', #4676, #3743 ) ;
#3833 = CARTESIAN_POINT ( 'NONE',  ( 21.49999999999999289, 12.49999999999999467, 12.50000000000000000 ) ) ;
#3834 = EDGE_CURVE ( 'NONE', #1299, #4776, #12109, .T. ) ;
#3835 = CARTESIAN_POINT ( 'NONE',  ( 9.799999999999993605, 22.50000000000000355, 7.000000000000000888 ) ) ;
#3836 = CIRCLE ( 'NONE', #8594, 8.500000000000007105 ) ;
#3837 = LINE ( 'NONE', #3761, #2596 ) ;
#3838 = AXIS2_PLACEMENT_3D ( 'NONE', #1402, #9305, #2431 ) ;
#3839 = DIRECTION ( 'NONE',  ( -1.000000000000000000, 0.000000000000000000, 0.000000000000000000 ) ) ;
#3840 = VERTEX_POINT ( 'NONE', #8267 ) ;
#3841 = DIRECTION ( 'NONE',  ( 0.000000000000000000, 1.000000000000000000, 0.000000000000000000 ) ) ;
#3842 = ORIENTED_EDGE ( 'NONE', *, *, #10868, .F. ) ;
#3843 = CARTESIAN_POINT ( 'NONE',  ( -49.67017498336814185, -19.00000000000000355, 58.62426045898526894 ) ) ;
#3844 = CARTESIAN_POINT ( 'NONE',  ( 21.97186463297439829, 55.00000000000000711, 12.06839257535534848 ) ) ;
#3845 = CIRCLE ( 'NONE', #1993, 2.300000000000010481 ) ;
#3846 = CARTESIAN_POINT ( 'NONE',  ( 33.32287565553229314, -55.00000000000000711, 12.50000000000000000 ) ) ;
#3847 = FACE_OUTER_BOUND ( 'NONE', #2037, .T. ) ;
#3848 = ORIENTED_EDGE ( 'NONE', *, *, #10107, .T. ) ;
#3849 = DIRECTION ( 'NONE',  ( -0.8191520442889907994, -0.000000000000000000, 0.5735764363510478248 ) ) ;
#3850 = DIRECTION ( 'NONE',  ( 1.000000000000000000, 0.000000000000000000, -0.000000000000000000 ) ) ;
#3851 = EDGE_CURVE ( 'NONE', #2056, #11592, #9241, .T. ) ;
#3852 = ORIENTED_EDGE ( 'NONE', *, *, #9735, .F. ) ;
#3853 = EDGE_LOOP ( 'NONE', ( #1161, #12651, #9309, #9848 ) ) ;
#3854 = DIRECTION ( 'NONE',  ( 0.000000000000000000, 0.000000000000000000, 1.000000000000000000 ) ) ;
#3855 = VERTEX_POINT ( 'NONE', #4120 ) ;
#3856 = ORIENTED_EDGE ( 'NONE', *, *, #3436, .T. ) ;
#3857 = DIRECTION ( 'NONE',  ( 0.000000000000000000, 0.000000000000000000, -1.000000000000000000 ) ) ;
#3858 = DIRECTION ( 'NONE',  ( 0.7071067811865474617, 0.000000000000000000, 0.7071067811865474617 ) ) ;
#3859 = ADVANCED_FACE ( 'NONE', ( #12174 ), #10019, .F. ) ;
#3860 = PLANE ( 'NONE',  #3620 ) ;
#3861 = VERTEX_POINT ( 'NONE', #6135 ) ;
#3862 = ORIENTED_EDGE ( 'NONE', *, *, #12086, .F. ) ;
#3863 = ADVANCED_FACE ( 'NONE', ( #12236 ), #1073, .F. ) ;
#3864 = LINE ( 'NONE', #4767, #1061 ) ;
#3865 = EDGE_CURVE ( 'NONE', #8636, #10348, #10087, .T. ) ;
#3866 = ADVANCED_FACE ( 'NONE', ( #6198 ), #3332, .T. ) ;
#3867 = ORIENTED_EDGE ( 'NONE', *, *, #8911, .T. ) ;
#3868 = ORIENTED_EDGE ( 'NONE', *, *, #9721, .T. ) ;
#3869 = DIRECTION ( 'NONE',  ( 0.000000000000000000, 0.7071067811865474617, 0.7071067811865474617 ) ) ;
#3870 = VECTOR ( 'NONE', #8629, 1000.000000000000000 ) ;
#3871 = ORIENTED_EDGE ( 'NONE', *, *, #6239, .F. ) ;
#3872 = CARTESIAN_POINT ( 'NONE',  ( 7.499999999999992895, 22.50000000000000355, 12.00000000000002309 ) ) ;
#3873 = DIRECTION ( 'NONE',  ( -0.000000000000000000, -0.000000000000000000, -1.000000000000000000 ) ) ;
#3874 = ORIENTED_EDGE ( 'NONE', *, *, #8129, .F. ) ;
#3875 = CARTESIAN_POINT ( 'NONE',  ( -61.44497697265965286, 24.99999999999999289, 41.11072174994716732 ) ) ;
#3876 = PLANE ( 'NONE',  #10629 ) ;
#3877 = CARTESIAN_POINT ( 'NONE',  ( -34.99999999999999289, 62.50000000000001421, 25.00000000000000000 ) ) ;
#3878 = VECTOR ( 'NONE', #7184, 1000.000000000000000 ) ;
#3879 = DIRECTION ( 'NONE',  ( -0.000000000000000000, -1.000000000000000000, -0.000000000000000000 ) ) ;
#3880 = VECTOR ( 'NONE', #2704, 1000.000000000000000 ) ;
#3881 = FACE_BOUND ( 'NONE', #5901, .T. ) ;
#3882 = ORIENTED_EDGE ( 'NONE', *, *, #9541, .F. ) ;
#3883 = DIRECTION ( 'NONE',  ( -0.000000000000000000, -0.000000000000000000, 1.000000000000000000 ) ) ;
#3884 = ORIENTED_EDGE ( 'NONE', *, *, #12724, .T. ) ;
#3885 = FACE_OUTER_BOUND ( 'NONE', #1375, .T. ) ;
#3886 = EDGE_CURVE ( 'NONE', #11802, #9691, #1266, .T. ) ;
#3887 = ORIENTED_EDGE ( 'NONE', *, *, #2290, .F. ) ;
#3888 = AXIS2_PLACEMENT_3D ( 'NONE', #11977, #8012, #2943 ) ;
#3889 = AXIS2_PLACEMENT_3D ( 'NONE', #10069, #24, #2275 ) ;
#3890 = DIRECTION ( 'NONE',  ( 1.000000000000000000, 0.000000000000000000, 0.000000000000000000 ) ) ;
#3891 = CARTESIAN_POINT ( 'NONE',  ( 44.99999999999997868, -53.49999999999999289, 12.50000000000000000 ) ) ;
#3892 = CARTESIAN_POINT ( 'NONE',  ( 27.50000000000000711, 8.000000000000005329, 4.000000000000000000 ) ) ;
#3893 = ADVANCED_FACE ( 'NONE', ( #9171 ), #6255, .F. ) ;
#3894 = CARTESIAN_POINT ( 'NONE',  ( -0.4529868602934404853, 25.50000000000000711, 2.500000000000000000 ) ) ;
#3895 = CYLINDRICAL_SURFACE ( 'NONE', #3059, 1.500000000000001332 ) ;
#3896 = AXIS2_PLACEMENT_3D ( 'NONE', #7471, #607, #4549 ) ;
#3897 = VECTOR ( 'NONE', #5578, 1000.000000000000000 ) ;
#3898 = CARTESIAN_POINT ( 'NONE',  ( -33.50000000000000000, -49.50000000000000000, 4.000000000000000000 ) ) ;
#3899 = DIRECTION ( 'NONE',  ( -1.000000000000000000, 0.000000000000000000, 0.000000000000000000 ) ) ;
#3900 = DIRECTION ( 'NONE',  ( -1.000000000000000000, 0.000000000000000000, 0.000000000000000000 ) ) ;
#3901 = DIRECTION ( 'NONE',  ( -1.000000000000000000, 0.000000000000000000, -0.000000000000000000 ) ) ;
#3902 = ORIENTED_EDGE ( 'NONE', *, *, #5101, .T. ) ;
#3903 = CARTESIAN_POINT ( 'NONE',  ( -65.48027695852827890, 30.00000000000000000, 35.78357781742762000 ) ) ;
#3904 = VECTOR ( 'NONE', #6117, 1000.000000000000000 ) ;
#3905 = VERTEX_POINT ( 'NONE', #6066 ) ;
#3906 = DIRECTION ( 'NONE',  ( 1.000000000000000000, -5.782411586589351722E-16, 0.000000000000000000 ) ) ;
#3907 = CARTESIAN_POINT ( 'NONE',  ( 22.82287565553224340, 55.00000000000000711, 12.50000000000000000 ) ) ;
#3908 = CARTESIAN_POINT ( 'NONE',  ( 40.49999999999998579, -42.49999999999998579, 11.99999999999998224 ) ) ;
#3909 = DIRECTION ( 'NONE',  ( 0.7071067811865434649, 0.000000000000000000, -0.7071067811865516806 ) ) ;
#3910 = ORIENTED_EDGE ( 'NONE', *, *, #10665, .F. ) ;
#3911 = CARTESIAN_POINT ( 'NONE',  ( -12.50000000000000355, 57.49999999999999289, 17.10000000000000142 ) ) ;
#3912 = EDGE_CURVE ( 'NONE', #5877, #7771, #1144, .T. ) ;
#3913 = DIRECTION ( 'NONE',  ( 0.000000000000000000, 1.000000000000000000, 0.000000000000000000 ) ) ;
#3914 = ORIENTED_EDGE ( 'NONE', *, *, #12134, .F. ) ;
#3915 = ORIENTED_EDGE ( 'NONE', *, *, #9885, .F. ) ;
#3916 = LINE ( 'NONE', #7812, #1423 ) ;
#3917 = ORIENTED_EDGE ( 'NONE', *, *, #12500, .T. ) ;
#3918 = EDGE_CURVE ( 'NONE', #2292, #6172, #611, .T. ) ;
#3919 = EDGE_LOOP ( 'NONE', ( #10872, #3219, #4706, #10275 ) ) ;
#3920 = LINE ( 'NONE', #8656, #8584 ) ;
#3921 = DIRECTION ( 'NONE',  ( 1.000000000000000000, 0.000000000000000000, 0.000000000000000000 ) ) ;
#3922 = EDGE_CURVE ( 'NONE', #1072, #10681, #2184, .T. ) ;
#3923 = DIRECTION ( 'NONE',  ( -0.000000000000000000, 1.000000000000000000, 0.000000000000000000 ) ) ;
#3924 = FACE_OUTER_BOUND ( 'NONE', #7938, .T. ) ;
#3925 = ORIENTED_EDGE ( 'NONE', *, *, #6316, .T. ) ;
#3926 = ORIENTED_EDGE ( 'NONE', *, *, #9489, .F. ) ;
#3927 = DIRECTION ( 'NONE',  ( 1.000000000000000000, -0.000000000000000000, 0.000000000000000000 ) ) ;
#3928 = ORIENTED_EDGE ( 'NONE', *, *, #12539, .T. ) ;
#3929 = VERTEX_POINT ( 'NONE', #4553 ) ;
#3930 = CYLINDRICAL_SURFACE ( 'NONE', #10934, 1.500000000000001332 ) ;
#3931 = EDGE_CURVE ( 'NONE', #7363, #10746, #1396, .T. ) ;
#3932 = VERTEX_POINT ( 'NONE', #3578 ) ;
#3933 = FACE_OUTER_BOUND ( 'NONE', #12246, .T. ) ;
#3934 = ORIENTED_EDGE ( 'NONE', *, *, #12832, .F. ) ;
#3935 = ADVANCED_FACE ( 'NONE', ( #3457 ), #7421, .F. ) ;
#3936 = CARTESIAN_POINT ( 'NONE',  ( -42.80000000000003268, 49.49999999999997868, 11.99999999999998934 ) ) ;
#3937 = DIRECTION ( 'NONE',  ( 0.5735764363510448272, 0.000000000000000000, 0.8191520442889926867 ) ) ;
#3938 = EDGE_CURVE ( 'NONE', #780, #1243, #12366, .T. ) ;
#3939 = CARTESIAN_POINT ( 'NONE',  ( -8.000000000000000000, 25.50000000000000355, 4.000000000000000000 ) ) ;
#3940 = DIRECTION ( 'NONE',  ( -2.230244969721273177E-16, 0.7071067811865479058, 0.7071067811865472397 ) ) ;
#3941 = CARTESIAN_POINT ( 'NONE',  ( 5.749999999999992006, 22.50000000000000355, 7.000000000000000888 ) ) ;
#3942 = VERTEX_POINT ( 'NONE', #3513 ) ;
#3943 = ADVANCED_FACE ( 'NONE', ( #10536 ), #5536, .F. ) ;
#3944 = CARTESIAN_POINT ( 'NONE',  ( -39.99999999999999289, -61.25000000000001421, 0.4000000000000114575 ) ) ;
#3945 = CARTESIAN_POINT ( 'NONE',  ( -42.80000000000003268, 49.49999999999997868, 7.000000000000000888 ) ) ;
#3946 = EDGE_LOOP ( 'NONE', ( #10023, #12058, #8782, #7100 ) ) ;
#3947 = AXIS2_PLACEMENT_3D ( 'NONE', #10780, #1888, #6409 ) ;
#3948 = DIRECTION ( 'NONE',  ( -0.9848077530122222312, 0.000000000000000000, -0.1736481776668507560 ) ) ;
#3949 = DIRECTION ( 'NONE',  ( 1.000000000000000000, 0.000000000000000000, 0.000000000000000000 ) ) ;
#3950 = LINE ( 'NONE', #4990, #145 ) ;
#3951 = CARTESIAN_POINT ( 'NONE',  ( 2.999999999999997335, 53.50000000000000000, 2.500000000000000000 ) ) ;
#3952 = EDGE_CURVE ( 'NONE', #5830, #12767, #11384, .T. ) ;
#3953 = DIRECTION ( 'NONE',  ( -0.7071067811865474617, 0.000000000000000000, -0.7071067811865474617 ) ) ;
#3954 = EDGE_CURVE ( 'NONE', #6332, #11667, #11516, .T. ) ;
#3955 = AXIS2_PLACEMENT_3D ( 'NONE', #571, #6652, #4521 ) ;
#3956 = CARTESIAN_POINT ( 'NONE',  ( 43.75000000000001421, 53.74999999999999289, 25.00000000000000000 ) ) ;
#3957 = ORIENTED_EDGE ( 'NONE', *, *, #3238, .T. ) ;
#3958 = CARTESIAN_POINT ( 'NONE',  ( -47.56442721296430420, 21.50000000000000000, 60.93420122174074294 ) ) ;
#3959 = CARTESIAN_POINT ( 'NONE',  ( -29.99999999999998934, -61.25000000000001421, 25.00000000000000000 ) ) ;
#3960 = CARTESIAN_POINT ( 'NONE',  ( -8.499999999999998224, 30.86660026534075385, 12.50000000000000000 ) ) ;
#3961 = CONICAL_SURFACE ( 'NONE', #5198, 2.000000000000029310, 0.7853981633974600474 ) ;
#3962 = VERTEX_POINT ( 'NONE', #12549 ) ;
#3963 = CYLINDRICAL_SURFACE ( 'NONE', #8163, 1.700000000000004174 ) ;
#3964 = ORIENTED_EDGE ( 'NONE', *, *, #9175, .F. ) ;
#3965 = LINE ( 'NONE', #3843, #1359 ) ;
#3966 = CARTESIAN_POINT ( 'NONE',  ( -66.30304161080475467, -21.50000000000000000, 40.97212892327818423 ) ) ;
#3967 = CARTESIAN_POINT ( 'NONE',  ( -1.677124344467735062, -55.00000000000000711, 12.50000000000000000 ) ) ;
#3968 = DIRECTION ( 'NONE',  ( 0.7071067811865516806, -0.000000000000000000, 0.7071067811865434649 ) ) ;
#3969 = ORIENTED_EDGE ( 'NONE', *, *, #277, .F. ) ;
#3970 = VECTOR ( 'NONE', #6138, 1000.000000000000000 ) ;
#3971 = DIRECTION ( 'NONE',  ( 0.000000000000000000, -1.000000000000000000, 0.000000000000000000 ) ) ;
#3972 = AXIS2_PLACEMENT_3D ( 'NONE', #8360, #12397, #6291 ) ;
#3973 = LINE ( 'NONE', #12814, #4649 ) ;
#3974 = ORIENTED_EDGE ( 'NONE', *, *, #4167, .T. ) ;
#3975 = ORIENTED_EDGE ( 'NONE', *, *, #12224, .F. ) ;
#3976 = DIRECTION ( 'NONE',  ( -0.000000000000000000, -0.000000000000000000, 1.000000000000000000 ) ) ;
#3977 = EDGE_LOOP ( 'NONE', ( #9787, #829, #4746, #5980, #5070, #3910, #11521, #4347 ) ) ;
#3978 = VECTOR ( 'NONE', #3005, 1000.000000000000114 ) ;
#3979 = EDGE_LOOP ( 'NONE', ( #10211, #1586, #12457, #8388 ) ) ;
#3980 = VECTOR ( 'NONE', #10137, 1000.000000000000000 ) ;
#3981 = CIRCLE ( 'NONE', #8336, 1.700000000000004174 ) ;
#3982 = DIRECTION ( 'NONE',  ( 1.584603175171121998E-16, -1.000000000000000000, 0.000000000000000000 ) ) ;
#3983 = CARTESIAN_POINT ( 'NONE',  ( 34.99999999999999289, 62.50000000000001421, 25.00000000000000000 ) ) ;
#3984 = ADVANCED_FACE ( 'NONE', ( #6572 ), #9432, .F. ) ;
#3985 = CARTESIAN_POINT ( 'NONE',  ( 26.00000000000000000, -30.49999999999999289, 4.000000000000000000 ) ) ;
#3986 = CARTESIAN_POINT ( 'NONE',  ( 44.99999999999997158, -39.49999999999998579, 14.10000000000000142 ) ) ;
#3987 = ORIENTED_EDGE ( 'NONE', *, *, #3834, .T. ) ;
#3988 = ORIENTED_EDGE ( 'NONE', *, *, #2829, .T. ) ;
#3989 = DIRECTION ( 'NONE',  ( 0.000000000000000000, 0.000000000000000000, 1.000000000000000000 ) ) ;
#3990 = EDGE_CURVE ( 'NONE', #11080, #2512, #9302, .T. ) ;
#3991 = CIRCLE ( 'NONE', #2543, 5.000000000000004441 ) ;
#3992 = VECTOR ( 'NONE', #6566, 1000.000000000000000 ) ;
#3993 = AXIS2_PLACEMENT_3D ( 'NONE', #3037, #11934, #5034 ) ;
#3994 = ORIENTED_EDGE ( 'NONE', *, *, #11938, .T. ) ;
#3995 = ORIENTED_EDGE ( 'NONE', *, *, #1191, .T. ) ;
#3996 = SPHERICAL_SURFACE ( 'NONE', #774, 1.500000000000000000 ) ;
#3997 = VERTEX_POINT ( 'NONE', #2489 ) ;
#3998 = LINE ( 'NONE', #9850, #7523 ) ;
#3999 = ORIENTED_EDGE ( 'NONE', *, *, #2120, .F. ) ;
#4000 = FACE_OUTER_BOUND ( 'NONE', #12719, .T. ) ;
#4001 = DIRECTION ( 'NONE',  ( 1.000000000000000000, 0.000000000000000000, 0.000000000000000000 ) ) ;
#4002 = AXIS2_PLACEMENT_3D ( 'NONE', #12499, #5740, #10748 ) ;
#4003 = AXIS2_PLACEMENT_3D ( 'NONE', #10446, #9277, #4533 ) ;
#4005 = VECTOR ( 'NONE', #4512, 1000.000000000000000 ) ;
#4004 = DIRECTION ( 'NONE',  ( -0.000000000000000000, -1.000000000000000000, 0.000000000000000000 ) ) ;
#4006 = CARTESIAN_POINT ( 'NONE',  ( -49.34251416565257387, -19.39999999999993818, 58.39482988444487432 ) ) ;
#4007 = EDGE_CURVE ( 'NONE', #5426, #9350, #11782, .T. ) ;
#4008 = DIRECTION ( 'NONE',  ( -1.000000000000000000, 0.000000000000000000, 0.000000000000000000 ) ) ;
#4009 = EDGE_CURVE ( 'NONE', #5063, #4260, #3836, .T. ) ;
#4010 = ORIENTED_EDGE ( 'NONE', *, *, #4985, .F. ) ;
#4011 = CIRCLE ( 'NONE', #6916, 1.999999999999994893 ) ;
#4012 = CARTESIAN_POINT ( 'NONE',  ( 36.69999999999998863, -62.50000000000001421, 19.00000000000000355 ) ) ;
#4013 = VECTOR ( 'NONE', #10020, 1000.000000000000000 ) ;
#4014 = EDGE_CURVE ( 'NONE', #2224, #8069, #8452, .T. ) ;
#4015 = AXIS2_PLACEMENT_3D ( 'NONE', #10169, #4077, #1101 ) ;
#4016 = CARTESIAN_POINT ( 'NONE',  ( 3.000000000000000000, -3.000000000000008882, 4.000000000000000000 ) ) ;
#4017 = ORIENTED_EDGE ( 'NONE', *, *, #6988, .F. ) ;
#4018 = LINE ( 'NONE', #7909, #7315 ) ;
#4019 = DIRECTION ( 'NONE',  ( 0.7071067811865474617, 0.000000000000000000, -0.7071067811865474617 ) ) ;
#4020 = LINE ( 'NONE', #7985, #5715 ) ;
#4021 = VECTOR ( 'NONE', #7140, 1000.000000000000114 ) ;
#4022 = AXIS2_PLACEMENT_3D ( 'NONE', #11517, #3646, #5657 ) ;
#4023 = LINE ( 'NONE', #3305, #4177 ) ;
#4024 = VECTOR ( 'NONE', #9039, 1000.000000000000000 ) ;
#4025 = AXIS2_PLACEMENT_3D ( 'NONE', #10286, #428, #11328 ) ;
#4026 = DIRECTION ( 'NONE',  ( 0.000000000000000000, 1.000000000000000000, 0.000000000000000000 ) ) ;
#4027 = EDGE_LOOP ( 'NONE', ( #1502, #3329, #3871, #7736 ) ) ;
#4028 = EDGE_CURVE ( 'NONE', #9765, #7475, #2426, .T. ) ;
#4029 = DIRECTION ( 'NONE',  ( -0.000000000000000000, -0.000000000000000000, 1.000000000000000000 ) ) ;
#4030 = DIRECTION ( 'NONE',  ( 0.000000000000000000, 1.000000000000000000, 0.000000000000000000 ) ) ;
#4031 = CIRCLE ( 'NONE', #3827, 3.750000000000003553 ) ;
#4032 = VECTOR ( 'NONE', #4193, 1000.000000000000000 ) ;
#4033 = LINE ( 'NONE', #5848, #7224 ) ;
#4034 = CIRCLE ( 'NONE', #8178, 4.900000000000111378 ) ;
#4035 = VECTOR ( 'NONE', #5599, 1000.000000000000000 ) ;
#4036 = EDGE_LOOP ( 'NONE', ( #6539, #1058, #9997, #7372 ) ) ;
#4037 = CARTESIAN_POINT ( 'NONE',  ( 33.49999999999997868, -49.49999999999998579, 11.99999999999998224 ) ) ;
#4038 = EDGE_CURVE ( 'NONE', #6666, #1206, #9358, .T. ) ;
#4039 = ORIENTED_EDGE ( 'NONE', *, *, #4289, .F. ) ;
#4040 = DIRECTION ( 'NONE',  ( 1.000000000000000000, 0.000000000000000000, 0.000000000000000000 ) ) ;
#4041 = CARTESIAN_POINT ( 'NONE',  ( 21.73931069701790264, 54.99999999999998579, 12.01475035840394590 ) ) ;
#4042 = CARTESIAN_POINT ( 'NONE',  ( -32.23959290545131040, 54.99999999999999289, 12.01476521008129694 ) ) ;
#4043 = PLANE ( 'NONE',  #10304 ) ;
#4044 = EDGE_LOOP ( 'NONE', ( #2096, #2643, #10195, #4834, #1880, #10971, #6838, #11332, #10761 ) ) ;
#4045 = VECTOR ( 'NONE', #8703, 1000.000000000000000 ) ;
#4046 = AXIS2_PLACEMENT_3D ( 'NONE', #9640, #692, #9515 ) ;
#4047 = AXIS2_PLACEMENT_3D ( 'NONE', #11196, #2372, #1406 ) ;
#4048 = DIRECTION ( 'NONE',  ( -0.000000000000000000, -0.000000000000000000, 1.000000000000000000 ) ) ;
#4049 = DIRECTION ( 'NONE',  ( 1.000000000000000000, 0.000000000000000000, 0.000000000000000000 ) ) ;
#4050 = ORIENTED_EDGE ( 'NONE', *, *, #4351, .F. ) ;
#4051 = CYLINDRICAL_SURFACE ( 'NONE', #3888, 1.500000000000000888 ) ;
#4052 = VERTEX_POINT ( 'NONE', #3711 ) ;
#4053 = CARTESIAN_POINT ( 'NONE',  ( -42.25000000000000000, -49.49999999999999289, 7.000000000000000888 ) ) ;
#4054 = AXIS2_PLACEMENT_3D ( 'NONE', #8495, #657, #10459 ) ;
#4055 = CIRCLE ( 'NONE', #9856, 5.000000000000004441 ) ;
#4056 = ORIENTED_EDGE ( 'NONE', *, *, #11365, .F. ) ;
#4057 = CARTESIAN_POINT ( 'NONE',  ( 27.50000000000000711, 10.50000000000002487, 12.50000000000000000 ) ) ;
#4058 = CARTESIAN_POINT ( 'NONE',  ( -63.76384027885764993, 21.49999999999998934, 37.97338642085522054 ) ) ;
#4059 = DIRECTION ( 'NONE',  ( 1.000000000000000000, 0.000000000000000000, 0.000000000000000000 ) ) ;
#4060 = DIRECTION ( 'NONE',  ( 0.000000000000000000, 0.000000000000000000, 1.000000000000000000 ) ) ;
#4061 = VERTEX_POINT ( 'NONE', #8771 ) ;
#4062 = VERTEX_POINT ( 'NONE', #9880 ) ;
#4063 = EDGE_CURVE ( 'NONE', #11247, #10958, #5789, .T. ) ;
#4064 = DIRECTION ( 'NONE',  ( 0.5735764363510448272, 0.000000000000000000, 0.8191520442889926867 ) ) ;
#4065 = VERTEX_POINT ( 'NONE', #999 ) ;
#4066 = EDGE_CURVE ( 'NONE', #4200, #6730, #953, .T. ) ;
#4067 = ORIENTED_EDGE ( 'NONE', *, *, #10665, .T. ) ;
#4068 = CARTESIAN_POINT ( 'NONE',  ( -39.99999999999999289, -62.50000000000001421, 45.15564437074637993 ) ) ;
#4069 = ORIENTED_EDGE ( 'NONE', *, *, #8607, .T. ) ;
#4070 = CARTESIAN_POINT ( 'NONE',  ( 4.499999999999992006, 29.71110255092798269, 12.50000000000000000 ) ) ;
#4071 = EDGE_LOOP ( 'NONE', ( #11879, #2767 ) ) ;
#4072 = DIRECTION ( 'NONE',  ( 1.000000000000000000, 0.000000000000000000, 0.000000000000000000 ) ) ;
#4073 = CARTESIAN_POINT ( 'NONE',  ( -64.74665272665568239, 21.49999999999998934, 39.88233369421119789 ) ) ;
#4074 = CARTESIAN_POINT ( 'NONE',  ( -47.49999999999999289, 30.00000000000000000, 25.00000000000000000 ) ) ;
#4075 = CARTESIAN_POINT ( 'NONE',  ( -23.99999999999996447, 24.99999999999999289, 12.50000000000000000 ) ) ;
#4076 = CARTESIAN_POINT ( 'NONE',  ( -32.00000000000000000, -55.00000000000000711, 4.000000000000000000 ) ) ;
#4077 = DIRECTION ( 'NONE',  ( 0.000000000000000000, 1.000000000000000000, 0.000000000000000000 ) ) ;
#4078 = VERTEX_POINT ( 'NONE', #5853 ) ;
#4079 = EDGE_CURVE ( 'NONE', #1531, #1391, #10663, .T. ) ;
#4080 = DIRECTION ( 'NONE',  ( 1.000000000000000000, -0.000000000000000000, 0.000000000000000000 ) ) ;
#4081 = PLANE ( 'NONE',  #11789 ) ;
#4082 = ORIENTED_EDGE ( 'NONE', *, *, #1373, .F. ) ;
#4083 = CARTESIAN_POINT ( 'NONE',  ( -64.77172030349572651, -14.49999999999999467, 36.35963989307104782 ) ) ;
#4084 = DIRECTION ( 'NONE',  ( -1.000000000000000000, 0.000000000000000000, 0.000000000000000000 ) ) ;
#4085 = EDGE_CURVE ( 'NONE', #634, #4221, #8195, .T. ) ;
#4086 = VECTOR ( 'NONE', #3153, 1000.000000000000000 ) ;
#4087 = AXIS2_PLACEMENT_3D ( 'NONE', #12165, #3261, #10078 ) ;
#4088 = PLANE ( 'NONE',  #2205 ) ;
#4089 = EDGE_CURVE ( 'NONE', #7883, #11792, #6946, .T. ) ;
#4090 = DIRECTION ( 'NONE',  ( 0.7071067811865474617, 0.000000000000000000, 0.7071067811865474617 ) ) ;
#4091 = CARTESIAN_POINT ( 'NONE',  ( -51.49703704694644557, -21.79999999999999361, 58.80474591728686562 ) ) ;
#4092 = ORIENTED_EDGE ( 'NONE', *, *, #7903, .T. ) ;
#4093 = DIRECTION ( 'NONE',  ( -0.5735764363510471586, 0.000000000000000000, -0.8191520442889911324 ) ) ;
#4095 = AXIS2_PLACEMENT_3D ( 'NONE', #12795, #4871, #2991 ) ;
#4094 = CYLINDRICAL_SURFACE ( 'NONE', #4108, 2.299999999999999822 ) ;
#4096 = CARTESIAN_POINT ( 'NONE',  ( 8.999999999999992895, 30.86660026534075740, 2.500000000000000000 ) ) ;
#4097 = EDGE_CURVE ( 'NONE', #44, #6150, #3965, .T. ) ;
#4098 = ORIENTED_EDGE ( 'NONE', *, *, #12472, .T. ) ;
#4099 = CARTESIAN_POINT ( 'NONE',  ( -64.91014312481590309, 18.99999999999999645, 42.43836008095080814 ) ) ;
#4100 = EDGE_CURVE ( 'NONE', #1364, #2879, #5697, .T. ) ;
#4101 = EDGE_LOOP ( 'NONE', ( #7673, #960, #11010, #7586 ) ) ;
#4102 = EDGE_CURVE ( 'NONE', #3932, #5564, #6630, .T. ) ;
#4103 = CARTESIAN_POINT ( 'NONE',  ( 44.99999999999997868, 55.00000000000000711, 14.10000000000000142 ) ) ;
#4104 = CARTESIAN_POINT ( 'NONE',  ( 26.00000000000000711, 12.49999999999999645, 12.00000000000002842 ) ) ;
#4105 = ADVANCED_FACE ( 'NONE', ( #4811 ), #4883, .F. ) ;
#4106 = CIRCLE ( 'NONE', #8050, 3.749999999999996447 ) ;
#4107 = FACE_OUTER_BOUND ( 'NONE', #217, .T. ) ;
#4108 = AXIS2_PLACEMENT_3D ( 'NONE', #3117, #2144, #6114 ) ;
#4109 = DIRECTION ( 'NONE',  ( 1.000000000000000000, 2.891205793294675861E-16, 0.000000000000000000 ) ) ;
#4110 = ORIENTED_EDGE ( 'NONE', *, *, #12247, .T. ) ;
#4111 = FACE_OUTER_BOUND ( 'NONE', #8183, .T. ) ;
#4112 = CARTESIAN_POINT ( 'NONE',  ( -6.499999999999999112, 25.50000000000000355, 12.50000000000000000 ) ) ;
#4113 = EDGE_LOOP ( 'NONE', ( #3926, #8699, #2104, #11591 ) ) ;
#4114 = AXIS2_PLACEMENT_3D ( 'NONE', #10658, #8574, #8698 ) ;
#4115 = FACE_OUTER_BOUND ( 'NONE', #3946, .T. ) ;
#4116 = VECTOR ( 'NONE', #5370, 1000.000000000000227 ) ;
#4117 = ORIENTED_EDGE ( 'NONE', *, *, #9012, .T. ) ;
#4118 = DIRECTION ( 'NONE',  ( -1.000000000000000000, 0.000000000000000000, 0.000000000000000000 ) ) ;
#4119 = ORIENTED_EDGE ( 'NONE', *, *, #10419, .F. ) ;
#4120 = CARTESIAN_POINT ( 'NONE',  ( -33.29999999999999005, -62.50000000000001421, 19.00000000000000355 ) ) ;
#4121 = CARTESIAN_POINT ( 'NONE',  ( 8.999999999999994671, 14.54701313970656962, 4.000000000000000000 ) ) ;
#4122 = CYLINDRICAL_SURFACE ( 'NONE', #5629, 1.500000000000001332 ) ;
#4123 = DIRECTION ( 'NONE',  ( -1.000000000000000000, 0.000000000000000000, -0.000000000000000000 ) ) ;
#4124 = EDGE_LOOP ( 'NONE', ( #7444, #11744, #12152, #9688 ) ) ;
#4125 = ORIENTED_EDGE ( 'NONE', *, *, #8141, .F. ) ;
#4126 = CIRCLE ( 'NONE', #10960, 3.750000000000000000 ) ;
#4127 = DIRECTION ( 'NONE',  ( 0.000000000000000000, 0.000000000000000000, 1.000000000000000000 ) ) ;
#4128 = EDGE_CURVE ( 'NONE', #9037, #2211, #3422, .T. ) ;
#4129 = EDGE_LOOP ( 'NONE', ( #6428, #8712, #3450, #7119 ) ) ;
#4130 = EDGE_LOOP ( 'NONE', ( #9246, #7831, #6749, #448 ) ) ;
#4131 = DIRECTION ( 'NONE',  ( -1.000000000000000000, 0.000000000000000000, 0.000000000000000000 ) ) ;
#4132 = VERTEX_POINT ( 'NONE', #12615 ) ;
#4133 = CARTESIAN_POINT ( 'NONE',  ( 32.69999999999999574, -62.50000000000001421, 25.00000000000000000 ) ) ;
#4134 = EDGE_LOOP ( 'NONE', ( #7806, #12594, #12623, #11221, #2341, #12106, #8400, #4092 ) ) ;
#4135 = DIRECTION ( 'NONE',  ( 1.000000000000000000, 0.000000000000000000, 0.000000000000000000 ) ) ;
#4136 = DIRECTION ( 'NONE',  ( 1.000000000000000000, 0.000000000000000000, 0.000000000000000000 ) ) ;
#4137 = DIRECTION ( 'NONE',  ( -1.000000000000000000, 0.000000000000000000, 0.000000000000000000 ) ) ;
#4138 = DIRECTION ( 'NONE',  ( -0.8191520442889906883, -0.000000000000000000, 0.5735764363510477137 ) ) ;
#4139 = DIRECTION ( 'NONE',  ( -0.000000000000000000, -0.000000000000000000, -1.000000000000000000 ) ) ;
#4140 = PLANE ( 'NONE',  #2357 ) ;
#4141 = VERTEX_POINT ( 'NONE', #11775 ) ;
#4142 = CARTESIAN_POINT ( 'NONE',  ( 3.000000000000007994, -53.50000000000000000, 4.000000000000000000 ) ) ;
#4143 = CARTESIAN_POINT ( 'NONE',  ( 10.49999999999999289, 10.49999999999999112, 12.50000000000000000 ) ) ;
#4144 = ORIENTED_EDGE ( 'NONE', *, *, #2901, .F. ) ;
#4145 = PLANE ( 'NONE',  #11075 ) ;
#4146 = LINE ( 'NONE', #983, #6277 ) ;
#4147 = DIRECTION ( 'NONE',  ( 1.176083712526648702E-16, -1.000000000000000000, -0.000000000000000000 ) ) ;
#4148 = EDGE_CURVE ( 'NONE', #1580, #6493, #5305, .T. ) ;
#4149 = DIRECTION ( 'NONE',  ( 1.000000000000000000, -3.469446951953614189E-15, 0.000000000000000000 ) ) ;
#4150 = LINE ( 'NONE', #5574, #2345 ) ;
#4151 = ORIENTED_EDGE ( 'NONE', *, *, #12467, .F. ) ;
#4152 = EDGE_CURVE ( 'NONE', #3193, #4441, #4466, .T. ) ;
#4153 = CARTESIAN_POINT ( 'NONE',  ( 23.49999999999999289, 6.500000000000000888, 12.50000000000000000 ) ) ;
#4154 = CARTESIAN_POINT ( 'NONE',  ( -29.99999999999998579, 61.25000000000001421, 0.4000000000000114575 ) ) ;
#4155 = CARTESIAN_POINT ( 'NONE',  ( 26.24999999999998934, 61.25000000000001421, 0.4000000000000114575 ) ) ;
#4156 = VERTEX_POINT ( 'NONE', #7732 ) ;
#4157 = DIRECTION ( 'NONE',  ( 1.000000000000000000, 1.541976423090495387E-16, -0.000000000000000000 ) ) ;
#4158 = ORIENTED_EDGE ( 'NONE', *, *, #8275, .T. ) ;
#4159 = DIRECTION ( 'NONE',  ( 0.000000000000000000, 0.000000000000000000, -1.000000000000000000 ) ) ;
#4160 = CARTESIAN_POINT ( 'NONE',  ( -49.80859780468830422, 14.49999999999999822, 64.70298064686517137 ) ) ;
#4161 = CARTESIAN_POINT ( 'NONE',  ( -48.27727649737935423, 21.50000000000000000, 60.09049161665796390 ) ) ;
#4162 = ORIENTED_EDGE ( 'NONE', *, *, #1688, .F. ) ;
#4163 = CARTESIAN_POINT ( 'NONE',  ( -34.99999999999999289, -62.50000000000001421, 25.00000000000000000 ) ) ;
#4164 = ADVANCED_FACE ( 'NONE', ( #2875 ), #2734, .F. ) ;
#4165 = ORIENTED_EDGE ( 'NONE', *, *, #10074, .F. ) ;
#4166 = AXIS2_PLACEMENT_3D ( 'NONE', #2989, #4870, #9671 ) ;
#4167 = EDGE_CURVE ( 'NONE', #11637, #9205, #804, .T. ) ;
#4168 = ADVANCED_FACE ( 'NONE', ( #2809 ), #10729, .F. ) ;
#4169 = ADVANCED_FACE ( 'NONE', ( #10788 ), #1899, .F. ) ;
#4170 = DIRECTION ( 'NONE',  ( -1.000000000000000000, -5.737455619489484277E-16, 0.000000000000000000 ) ) ;
#4171 = ORIENTED_EDGE ( 'NONE', *, *, #2644, .F. ) ;
#4172 = ORIENTED_EDGE ( 'NONE', *, *, #11094, .F. ) ;
#4173 = DIRECTION ( 'NONE',  ( -0.000000000000000000, -0.000000000000000000, -1.000000000000000000 ) ) ;
#4174 = CARTESIAN_POINT ( 'NONE',  ( 26.24999999999998934, -57.50000000000000711, 0.4000000000000114575 ) ) ;
#4175 = CARTESIAN_POINT ( 'NONE',  ( 8.999999999999992895, 8.500000000000000000, 12.50000000000000000 ) ) ;
#4176 = CARTESIAN_POINT ( 'NONE',  ( -64.91014312481594573, 18.99999999999999645, 42.43836008095073709 ) ) ;
#4177 = VECTOR ( 'NONE', #3247, 1000.000000000000000 ) ;
#4178 = EDGE_CURVE ( 'NONE', #11270, #11302, #3845, .T. ) ;
#4179 = ORIENTED_EDGE ( 'NONE', *, *, #6607, .F. ) ;
#4180 = ORIENTED_EDGE ( 'NONE', *, *, #7984, .T. ) ;
#4181 = FACE_OUTER_BOUND ( 'NONE', #4130, .T. ) ;
#4182 = ORIENTED_EDGE ( 'NONE', *, *, #8863, .T. ) ;
#4183 = EDGE_CURVE ( 'NONE', #9408, #7151, #2221, .T. ) ;
#4184 = ORIENTED_EDGE ( 'NONE', *, *, #3918, .T. ) ;
#4185 = FACE_OUTER_BOUND ( 'NONE', #2647, .T. ) ;
#4186 = CIRCLE ( 'NONE', #8944, 1.500000000000001332 ) ;
#4187 =( GEOMETRIC_REPRESENTATION_CONTEXT ( 3 ) GLOBAL_UNCERTAINTY_ASSIGNED_CONTEXT ( ( #10189 ) ) GLOBAL_UNIT_ASSIGNED_CONTEXT ( ( #7041, #4239, #6979 ) ) REPRESENTATION_CONTEXT ( 'NONE', 'WORKASPACE' ) );
#4188 = ORIENTED_EDGE ( 'NONE', *, *, #321, .F. ) ;
#4189 = FACE_OUTER_BOUND ( 'NONE', #4502, .T. ) ;
#4190 = ORIENTED_EDGE ( 'NONE', *, *, #10375, .T. ) ;
#4191 = DIRECTION ( 'NONE',  ( -0.000000000000000000, -0.000000000000000000, -1.000000000000000000 ) ) ;
#4192 = CARTESIAN_POINT ( 'NONE',  ( 44.99999999999997868, 8.000000000000003553, 12.50000000000000000 ) ) ;
#4193 = DIRECTION ( 'NONE',  ( -1.000000000000000000, -1.541976423090495387E-16, 0.000000000000000000 ) ) ;
#4194 = EDGE_CURVE ( 'NONE', #9165, #7448, #4671, .T. ) ;
#4195 = DIRECTION ( 'NONE',  ( -1.000000000000000000, 0.000000000000000000, 0.000000000000000000 ) ) ;
#4196 = CIRCLE ( 'NONE', #7920, 2.799999999999969180 ) ;
#4197 = AXIS2_PLACEMENT_3D ( 'NONE', #8448, #5534, #9356 ) ;
#4198 = DIRECTION ( 'NONE',  ( -1.000000000000000000, -1.541976423090495387E-16, 0.000000000000000000 ) ) ;
#4199 = DIRECTION ( 'NONE',  ( -0.000000000000000000, -0.000000000000000000, -1.000000000000000000 ) ) ;
#4200 = VERTEX_POINT ( 'NONE', #8191 ) ;
#4201 = FACE_OUTER_BOUND ( 'NONE', #11398, .T. ) ;
#4202 = LINE ( 'NONE', #5903, #4520 ) ;
#4203 = ORIENTED_EDGE ( 'NONE', *, *, #9875, .T. ) ;
#4204 = CIRCLE ( 'NONE', #6285, 1.700000000000004174 ) ;
#4205 = AXIS2_PLACEMENT_3D ( 'NONE', #2873, #5787, #1771 ) ;
#4206 = DIRECTION ( 'NONE',  ( 0.1736481776669503985, 1.940879390503179323E-16, -0.9848077530122045786 ) ) ;
#4207 = DIRECTION ( 'NONE',  ( 1.000000000000000000, 0.000000000000000000, -0.000000000000000000 ) ) ;
#4208 = DIRECTION ( 'NONE',  ( -1.000000000000000000, 0.000000000000000000, 0.000000000000000000 ) ) ;
#4209 = ADVANCED_FACE ( 'NONE', ( #1193 ), #742, .F. ) ;
#4210 = VECTOR ( 'NONE', #11768, 1000.000000000000114 ) ;
#4211 = VECTOR ( 'NONE', #1074, 1000.000000000000000 ) ;
#4212 = VECTOR ( 'NONE', #3182, 1000.000000000000000 ) ;
#4213 = CARTESIAN_POINT ( 'NONE',  ( -45.00000000000001421, -30.00000000000000000, 68.00000000000000000 ) ) ;
#4214 = AXIS2_PLACEMENT_3D ( 'NONE', #12277, #2410, #6367 ) ;
#4215 = ORIENTED_EDGE ( 'NONE', *, *, #8302, .T. ) ;
#4216 = PLANE ( 'NONE',  #11476 ) ;
#4217 = CARTESIAN_POINT ( 'NONE',  ( 27.50000000000000711, 12.49999999999999645, 12.00000000000002842 ) ) ;
#4218 = ORIENTED_EDGE ( 'NONE', *, *, #10815, .F. ) ;
#4219 = EDGE_CURVE ( 'NONE', #6315, #9728, #5708, .T. ) ;
#4220 = DIRECTION ( 'NONE',  ( -0.000000000000000000, -0.000000000000000000, 1.000000000000000000 ) ) ;
#4221 = VERTEX_POINT ( 'NONE', #221 ) ;
#4222 = LINE ( 'NONE', #7025, #3183 ) ;
#4223 = CIRCLE ( 'NONE', #11275, 3.750000000000000000 ) ;
#4224 = AXIS2_PLACEMENT_3D ( 'NONE', #3275, #7238, #11190 ) ;
#4225 = EDGE_LOOP ( 'NONE', ( #3957, #7976, #8829, #7040 ) ) ;
#4226 = CARTESIAN_POINT ( 'NONE',  ( -3.500000000000003109, 55.00000000000000000, -142.1267040355189977 ) ) ;
#4227 = EDGE_CURVE ( 'NONE', #10380, #8626, #1253, .T. ) ;
#4228 = CARTESIAN_POINT ( 'NONE',  ( 25.99999999999998224, -30.49999999999999289, 12.00000000000000000 ) ) ;
#4229 = DIRECTION ( 'NONE',  ( 1.000000000000000000, 0.000000000000000000, 0.000000000000000000 ) ) ;
#4230 = VERTEX_POINT ( 'NONE', #5190 ) ;
#4231 = LINE ( 'NONE', #8197, #11254 ) ;
#4232 = CIRCLE ( 'NONE', #7549, 4.899999999999942624 ) ;
#4233 = DIRECTION ( 'NONE',  ( -1.000000000000000000, 0.000000000000000000, 0.000000000000000000 ) ) ;
#4234 = AXIS2_PLACEMENT_3D ( 'NONE', #6806, #1933, #2706 ) ;
#4235 = AXIS2_PLACEMENT_3D ( 'NONE', #8501, #12473, #8382 ) ;
#4236 = ORIENTED_EDGE ( 'NONE', *, *, #3466, .T. ) ;
#4237 = LINE ( 'NONE', #3394, #5759 ) ;
#4238 = ORIENTED_EDGE ( 'NONE', *, *, #2256, .T. ) ;
#4239 =( NAMED_UNIT ( * ) PLANE_ANGLE_UNIT ( ) SI_UNIT ( $, .RADIAN. ) );
#4240 = EDGE_LOOP ( 'NONE', ( #373, #7495, #12009, #5352, #1727, #376, #2219, #5085, #10018, #6834 ) ) ;
#4241 = CARTESIAN_POINT ( 'NONE',  ( 47.50000000000000711, -45.49999999999999289, -7.896078054371140631 ) ) ;
#4242 = CARTESIAN_POINT ( 'NONE',  ( -6.499999999999999112, 53.50000000000000000, 12.00000000000001066 ) ) ;
#4243 = VECTOR ( 'NONE', #12250, 1000.000000000000000 ) ;
#4244 = VECTOR ( 'NONE', #5944, 1000.000000000000000 ) ;
#4246 = VECTOR ( 'NONE', #10972, 1000.000000000000000 ) ;
#4245 = CARTESIAN_POINT ( 'NONE',  ( -12.49999999999999822, 53.50000000000000000, 12.00000000000000000 ) ) ;
#4247 = CARTESIAN_POINT ( 'NONE',  ( 44.99999999999997868, -54.99999999999999289, 25.00000000000000000 ) ) ;
#4248 = CIRCLE ( 'NONE', #1152, 1.499999999999999556 ) ;
#4249 = ORIENTED_EDGE ( 'NONE', *, *, #5290, .F. ) ;
#4250 = ORIENTED_EDGE ( 'NONE', *, *, #6648, .T. ) ;
#4251 = ADVANCED_FACE ( 'NONE', ( #351 ), #6183, .T. ) ;
#4252 = DIRECTION ( 'NONE',  ( -0.000000000000000000, -0.000000000000000000, -1.000000000000000000 ) ) ;
#4253 = EDGE_LOOP ( 'NONE', ( #3715, #6922, #2832 ) ) ;
#4254 = ORIENTED_EDGE ( 'NONE', *, *, #6376, .F. ) ;
#4255 = AXIS2_PLACEMENT_3D ( 'NONE', #298, #10214, #7293 ) ;
#4256 = VECTOR ( 'NONE', #12485, 1000.000000000000000 ) ;
#4257 = CARTESIAN_POINT ( 'NONE',  ( -65.32796166900797630, -21.50000000000000000, 42.36468739856947252 ) ) ;
#4258 = VERTEX_POINT ( 'NONE', #8062 ) ;
#4259 = DIRECTION ( 'NONE',  ( -1.000000000000000000, 0.000000000000000000, -0.000000000000000000 ) ) ;
#4261 = ADVANCED_FACE ( 'NONE', ( #1130 ), #6335, .F. ) ;
#4260 = VERTEX_POINT ( 'NONE', #3007 ) ;
#4262 = CARTESIAN_POINT ( 'NONE',  ( -36.69999999999998863, -62.50000000000001421, 25.00000000000000000 ) ) ;
#4263 = CARTESIAN_POINT ( 'NONE',  ( 8.999999999999994671, 6.500000000000002665, 2.500000000000000000 ) ) ;
#4264 = ADVANCED_FACE ( 'NONE', ( #3259 ), #7160, .F. ) ;
#4265 = EDGE_CURVE ( 'NONE', #3634, #2024, #5074, .T. ) ;
#4266 = DIRECTION ( 'NONE',  ( 0.000000000000000000, 0.000000000000000000, -1.000000000000000000 ) ) ;
#4267 = ADVANCED_FACE ( 'NONE', ( #10921 ), #97, .F. ) ;
#4268 = ADVANCED_FACE ( 'NONE', ( #2086 ), #10192, .F. ) ;
#4269 = CARTESIAN_POINT ( 'NONE',  ( 21.49999999999998579, -30.49999999999999645, 4.000000000000000000 ) ) ;
#4270 = DIRECTION ( 'NONE',  ( 0.000000000000000000, 0.000000000000000000, 1.000000000000000000 ) ) ;
#4271 = CARTESIAN_POINT ( 'NONE',  ( -52.29146152509287049, 14.49999999999999822, 60.45970505530861061 ) ) ;
#4272 = ORIENTED_EDGE ( 'NONE', *, *, #4602, .F. ) ;
#4273 = DIRECTION ( 'NONE',  ( 1.000000000000000000, 0.000000000000000000, 0.000000000000000000 ) ) ;
#4274 = VERTEX_POINT ( 'NONE', #9941 ) ;
#4275 = AXIS2_PLACEMENT_3D ( 'NONE', #5837, #11690, #7594 ) ;
#4276 = LINE ( 'NONE', #5314, #8788 ) ;
#4277 = CARTESIAN_POINT ( 'NONE',  ( 38.19999999999998153, -49.49999999999998579, 12.00000000000003197 ) ) ;
#4278 = VERTEX_POINT ( 'NONE', #8252 ) ;
#4279 = FACE_OUTER_BOUND ( 'NONE', #11032, .T. ) ;
#4280 = DIRECTION ( 'NONE',  ( -0.9848077530122172352, 8.659560562354489124E-17, -0.1736481776668779564 ) ) ;
#4281 = EDGE_CURVE ( 'NONE', #7098, #8135, #6967, .T. ) ;
#4282 = VERTEX_POINT ( 'NONE', #10979 ) ;
#4283 = DIRECTION ( 'NONE',  ( -1.000000000000000000, 0.000000000000000000, 0.000000000000000000 ) ) ;
#4284 = DIRECTION ( 'NONE',  ( -0.000000000000000000, -1.000000000000000000, -0.000000000000000000 ) ) ;
#4285 = VERTEX_POINT ( 'NONE', #1059 ) ;
#4286 = AXIS2_PLACEMENT_3D ( 'NONE', #3010, #8065, #8005 ) ;
#4287 = ORIENTED_EDGE ( 'NONE', *, *, #11925, .T. ) ;
#4288 = DIRECTION ( 'NONE',  ( -0.7071067811865474617, 0.000000000000000000, -0.7071067811865474617 ) ) ;
#4289 = EDGE_CURVE ( 'NONE', #2198, #15, #6970, .T. ) ;
#4290 = ORIENTED_EDGE ( 'NONE', *, *, #6445, .F. ) ;
#4291 = DIRECTION ( 'NONE',  ( 1.000000000000000000, 0.000000000000000000, 0.000000000000000000 ) ) ;
#4292 = FACE_OUTER_BOUND ( 'NONE', #2581, .T. ) ;
#4293 = DIRECTION ( 'NONE',  ( -8.474412998762999870E-16, -1.000000000000000000, 0.000000000000000000 ) ) ;
#4294 = ORIENTED_EDGE ( 'NONE', *, *, #11076, .T. ) ;
#4295 = VECTOR ( 'NONE', #8923, 1000.000000000000000 ) ;
#4296 = DIRECTION ( 'NONE',  ( 0.000000000000000000, 0.000000000000000000, 1.000000000000000000 ) ) ;
#4297 = DIRECTION ( 'NONE',  ( -0.000000000000000000, -0.000000000000000000, -1.000000000000000000 ) ) ;
#4298 = ORIENTED_EDGE ( 'NONE', *, *, #1495, .T. ) ;
#4299 = DIRECTION ( 'NONE',  ( -1.000000000000000000, 0.000000000000000000, 0.000000000000000000 ) ) ;
#4300 = ORIENTED_EDGE ( 'NONE', *, *, #3312, .F. ) ;
#4301 = CARTESIAN_POINT ( 'NONE',  ( -45.00000000000002132, 32.49999999999998579, 17.10000000000000497 ) ) ;
#4302 = VECTOR ( 'NONE', #9757, 1000.000000000000227 ) ;
#4303 = EDGE_LOOP ( 'NONE', ( #10676, #8200, #7939, #8519, #8433, #1797, #1196, #10318, #12260, #7247, #3914, #6774, #7527 ) ) ;
#4304 = VECTOR ( 'NONE', #10512, 1000.000000000000114 ) ;
#4305 = CARTESIAN_POINT ( 'NONE',  ( -26.49999999999998579, 24.99999999999999289, 12.50000000000000000 ) ) ;
#4306 = DIRECTION ( 'NONE',  ( 1.176083712526648702E-16, -1.000000000000000000, 0.000000000000000000 ) ) ;
#4307 = CARTESIAN_POINT ( 'NONE',  ( 40.49999999999999289, -43.00000000000000711, 12.50000000000000000 ) ) ;
#4308 = DIRECTION ( 'NONE',  ( 0.000000000000000000, 0.000000000000000000, -1.000000000000000000 ) ) ;
#4309 = EDGE_LOOP ( 'NONE', ( #9494, #4857, #6162, #4904 ) ) ;
#4310 = EDGE_CURVE ( 'NONE', #10785, #9970, #11966, .T. ) ;
#4311 = ORIENTED_EDGE ( 'NONE', *, *, #3492, .F. ) ;
#4312 = LINE ( 'NONE', #7179, #727 ) ;
#4313 = AXIS2_PLACEMENT_3D ( 'NONE', #10915, #4879, #7923 ) ;
#4314 = VECTOR ( 'NONE', #11409, 1000.000000000000227 ) ;
#4315 = ORIENTED_EDGE ( 'NONE', *, *, #5976, .T. ) ;
#4316 = EDGE_CURVE ( 'NONE', #5273, #7677, #1167, .T. ) ;
#4317 = ORIENTED_EDGE ( 'NONE', *, *, #3851, .T. ) ;
#4318 = DIRECTION ( 'NONE',  ( -1.000000000000000000, 0.000000000000000000, 0.000000000000000000 ) ) ;
#4319 = ORIENTED_EDGE ( 'NONE', *, *, #10959, .T. ) ;
#4320 = CYLINDRICAL_SURFACE ( 'NONE', #2970, 1.499999999999999556 ) ;
#4321 = EDGE_CURVE ( 'NONE', #5353, #7466, #9479, .T. ) ;
#4322 = VERTEX_POINT ( 'NONE', #9536 ) ;
#4323 = DIRECTION ( 'NONE',  ( -0.000000000000000000, -0.000000000000000000, 1.000000000000000000 ) ) ;
#4324 = CARTESIAN_POINT ( 'NONE',  ( 43.49999999999997868, 11.00000000000000355, 12.00000000000002842 ) ) ;
#4325 = CIRCLE ( 'NONE', #3088, 1.500000000000001332 ) ;
#4326 = FACE_OUTER_BOUND ( 'NONE', #9443, .T. ) ;
#4327 = DIRECTION ( 'NONE',  ( -0.000000000000000000, -0.000000000000000000, 1.000000000000000000 ) ) ;
#4328 = PLANE ( 'NONE',  #1053 ) ;
#4329 = EDGE_CURVE ( 'NONE', #8024, #9149, #1376, .T. ) ;
#4330 = DIRECTION ( 'NONE',  ( 0.000000000000000000, 1.000000000000000000, 0.000000000000000000 ) ) ;
#4331 = ORIENTED_EDGE ( 'NONE', *, *, #7038, .T. ) ;
#4332 = CARTESIAN_POINT ( 'NONE',  ( -63.76384027885764993, -21.50000000000000000, 37.97338642085522054 ) ) ;
#4333 = EDGE_CURVE ( 'NONE', #11228, #6640, #12466, .T. ) ;
#4334 = EDGE_LOOP ( 'NONE', ( #8194, #7185, #2214, #12632 ) ) ;
#4335 = EDGE_CURVE ( 'NONE', #6509, #3415, #136, .T. ) ;
#4336 = ADVANCED_FACE ( 'NONE', ( #3444 ), #1448, .F. ) ;
#4337 = CARTESIAN_POINT ( 'NONE',  ( 8.999999999999994671, 10.99999999999999467, 4.000000000000000000 ) ) ;
#4338 = LINE ( 'NONE', #12331, #10210 ) ;
#4339 = CARTESIAN_POINT ( 'NONE',  ( -26.24999999999998934, -61.25000000000001421, 25.00000000000000000 ) ) ;
#4340 = DIRECTION ( 'NONE',  ( 0.7071067811865474617, 0.000000000000000000, -0.7071067811865476838 ) ) ;
#4341 = ADVANCED_FACE ( 'NONE', ( #9413 ), #599, .F. ) ;
#4342 = CARTESIAN_POINT ( 'NONE',  ( 43.49999999999999289, -36.49999999999999289, 25.00000000000000000 ) ) ;
#4343 = ORIENTED_EDGE ( 'NONE', *, *, #230, .F. ) ;
#4344 = CARTESIAN_POINT ( 'NONE',  ( -21.99999999999996803, -53.50000000000000000, 4.000000000000000000 ) ) ;
#4345 = LINE ( 'NONE', #7522, #10321 ) ;
#4346 = ORIENTED_EDGE ( 'NONE', *, *, #7803, .T. ) ;
#4347 = ORIENTED_EDGE ( 'NONE', *, *, #12207, .F. ) ;
#4348 = DIRECTION ( 'NONE',  ( -1.000000000000000000, 0.000000000000000000, 0.000000000000000000 ) ) ;
#4349 = EDGE_LOOP ( 'NONE', ( #9200, #5687, #9177, #2800 ) ) ;
#4350 = ADVANCED_FACE ( 'NONE', ( #9348 ), #10692, .F. ) ;
#4351 = EDGE_CURVE ( 'NONE', #4969, #5114, #6558, .T. ) ;
#4352 = FACE_OUTER_BOUND ( 'NONE', #8206, .T. ) ;
#4353 = DIRECTION ( 'NONE',  ( 1.000000000000000000, -8.673617379884027583E-16, 0.000000000000000000 ) ) ;
#4354 = DIRECTION ( 'NONE',  ( 1.000000000000000000, -0.000000000000000000, -0.000000000000000000 ) ) ;
#4355 = ORIENTED_EDGE ( 'NONE', *, *, #5662, .T. ) ;
#4356 = AXIS2_PLACEMENT_3D ( 'NONE', #10302, #441, #5685 ) ;
#4357 = DIRECTION ( 'NONE',  ( -1.000000000000000000, 0.000000000000000000, 0.000000000000000000 ) ) ;
#4358 = DIRECTION ( 'NONE',  ( -0.8191520442889906883, -0.000000000000000000, 0.5735764363510477137 ) ) ;
#4359 = ORIENTED_EDGE ( 'NONE', *, *, #1091, .T. ) ;
#4360 = LINE ( 'NONE', #8131, #7015 ) ;
#4361 = ORIENTED_EDGE ( 'NONE', *, *, #8226, .T. ) ;
#4362 = CYLINDRICAL_SURFACE ( 'NONE', #10007, 3.749999999999996447 ) ;
#4363 = CIRCLE ( 'NONE', #32, 2.299999999999999822 ) ;
#4364 = EDGE_LOOP ( 'NONE', ( #5287, #5651 ) ) ;
#4365 = CARTESIAN_POINT ( 'NONE',  ( -45.00000000000001421, -41.91749050998674164, 12.24701845867947725 ) ) ;
#4366 = FACE_OUTER_BOUND ( 'NONE', #11601, .T. ) ;
#4367 = DIRECTION ( 'NONE',  ( 1.000000000000000000, 0.000000000000000000, 0.000000000000000000 ) ) ;
#4368 = DIRECTION ( 'NONE',  ( 8.474412998762999870E-16, 1.000000000000000000, 0.000000000000000000 ) ) ;
#4369 = EDGE_LOOP ( 'NONE', ( #9838, #11586, #11250, #7884 ) ) ;
#4370 = CARTESIAN_POINT ( 'NONE',  ( 26.24999999999998934, -57.50000000000000711, 45.15564437074637993 ) ) ;
#4371 = CIRCLE ( 'NONE', #12266, 1.500000000000001332 ) ;
#4372 = EDGE_LOOP ( 'NONE', ( #8621, #6882, #6207, #12404 ) ) ;
#4373 = EDGE_LOOP ( 'NONE', ( #3613, #8976, #9306, #2909 ) ) ;
#4374 = DIRECTION ( 'NONE',  ( 1.000000000000000000, 0.000000000000000000, 0.000000000000000000 ) ) ;
#4375 = VERTEX_POINT ( 'NONE', #7463 ) ;
#4376 = EDGE_CURVE ( 'NONE', #430, #9037, #1634, .T. ) ;
#4377 = DIRECTION ( 'NONE',  ( -0.000000000000000000, -0.000000000000000000, -1.000000000000000000 ) ) ;
#4378 = ORIENTED_EDGE ( 'NONE', *, *, #8687, .F. ) ;
#4379 = CIRCLE ( 'NONE', #11011, 1.800000000000004041 ) ;
#4380 = CARTESIAN_POINT ( 'NONE',  ( -62.28885658309120288, -14.49999999999999467, 40.60291548462750910 ) ) ;
#4381 = FACE_OUTER_BOUND ( 'NONE', #2808, .T. ) ;
#4382 = DIRECTION ( 'NONE',  ( -0.8191520442889906883, -0.000000000000000000, 0.5735764363510477137 ) ) ;
#4383 = CARTESIAN_POINT ( 'NONE',  ( -34.99999999999999289, 62.50000000000001421, 24.55000000000000071 ) ) ;
#4384 = ADVANCED_FACE ( 'NONE', ( #4601 ), #1575, .F. ) ;
#4385 = CARTESIAN_POINT ( 'NONE',  ( -64.91014312481590309, -19.00000000000000000, 42.43836008095080814 ) ) ;
#4386 = DIRECTION ( 'NONE',  ( -0.7071067811865505703, 0.000000000000000000, -0.7071067811865444641 ) ) ;
#4387 = DIRECTION ( 'NONE',  ( -0.000000000000000000, -1.000000000000000000, -0.000000000000000000 ) ) ;
#4388 = AXIS2_PLACEMENT_3D ( 'NONE', #1436, #10316, #12335 ) ;
#4389 = EDGE_LOOP ( 'NONE', ( #9188, #3595, #4983, #2083, #1381, #11989, #3518, #8397 ) ) ;
#4390 = DIRECTION ( 'NONE',  ( 0.000000000000000000, 0.000000000000000000, 1.000000000000000000 ) ) ;
#4391 = ORIENTED_EDGE ( 'NONE', *, *, #12654, .T. ) ;
#4392 = DIRECTION ( 'NONE',  ( -0.8191520442889905773, -0.000000000000000000, 0.5735764363510477137 ) ) ;
#4393 = CARTESIAN_POINT ( 'NONE',  ( 42.79999999999999005, -49.49999999999998579, 7.000000000000000888 ) ) ;
#4394 = AXIS2_PLACEMENT_3D ( 'NONE', #10312, #7451, #517 ) ;
#4395 = VECTOR ( 'NONE', #11178, 1000.000000000000000 ) ;
#4397 = VECTOR ( 'NONE', #2066, 1000.000000000000227 ) ;
#4396 = LINE ( 'NONE', #7452, #5258 ) ;
#4398 = DIRECTION ( 'NONE',  ( -0.000000000000000000, -0.000000000000000000, 1.000000000000000000 ) ) ;
#4399 = EDGE_CURVE ( 'NONE', #687, #3626, #9024, .T. ) ;
#4400 = EDGE_CURVE ( 'NONE', #7042, #1080, #11527, .T. ) ;
#4401 = CARTESIAN_POINT ( 'NONE',  ( -42.80000000000000426, -49.49999999999999289, 7.000000000000000888 ) ) ;
#4402 = VERTEX_POINT ( 'NONE', #11308 ) ;
#4403 = FACE_OUTER_BOUND ( 'NONE', #4440, .T. ) ;
#4404 = CONICAL_SURFACE ( 'NONE', #6073, 3.749999999999996447, 0.7853981633974526089 ) ;
#4405 = VECTOR ( 'NONE', #8828, 1000.000000000000000 ) ;
#4406 = DIRECTION ( 'NONE',  ( -2.523234146875347419E-15, 1.000000000000000000, 0.000000000000000000 ) ) ;
#4407 = CIRCLE ( 'NONE', #6075, 1.500000000000001332 ) ;
#4408 = ORIENTED_EDGE ( 'NONE', *, *, #7409, .F. ) ;
#4409 = ORIENTED_EDGE ( 'NONE', *, *, #1114, .T. ) ;
#4410 = DIRECTION ( 'NONE',  ( 0.000000000000000000, 0.000000000000000000, 1.000000000000000000 ) ) ;
#4411 = ORIENTED_EDGE ( 'NONE', *, *, #1579, .T. ) ;
#4412 = CARTESIAN_POINT ( 'NONE',  ( -29.99999999999998579, -61.25000000000001421, 25.00000000000000000 ) ) ;
#4413 = CIRCLE ( 'NONE', #10648, 1.500000000000000000 ) ;
#4414 = CARTESIAN_POINT ( 'NONE',  ( -29.99999999999998579, 61.25000000000001421, 25.00000000000000000 ) ) ;
#4415 = VECTOR ( 'NONE', #4992, 1000.000000000000000 ) ;
#4416 = CARTESIAN_POINT ( 'NONE',  ( 34.99999999999999289, -62.50000000000001421, 25.00000000000000000 ) ) ;
#4417 = AXIS2_PLACEMENT_3D ( 'NONE', #10727, #10661, #4881 ) ;
#4418 = EDGE_CURVE ( 'NONE', #10931, #11080, #4481, .T. ) ;
#4419 = EDGE_LOOP ( 'NONE', ( #9438, #3062, #7197, #6620 ) ) ;
#4420 = ADVANCED_FACE ( 'NONE', ( #12351 ), #8376, .T. ) ;
#4421 = CARTESIAN_POINT ( 'NONE',  ( -27.99999999999998224, -53.50000000000000711, 4.000000000000000000 ) ) ;
#4422 = LINE ( 'NONE', #4611, #12327 ) ;
#4423 = ORIENTED_EDGE ( 'NONE', *, *, #7158, .F. ) ;
#4424 = VECTOR ( 'NONE', #10709, 1000.000000000000000 ) ;
#4425 = VECTOR ( 'NONE', #612, 1000.000000000000114 ) ;
#4426 = CARTESIAN_POINT ( 'NONE',  ( 29.99999999999998579, -61.25000000000001421, 45.15564437074637993 ) ) ;
#4427 = AXIS2_PLACEMENT_3D ( 'NONE', #6026, #329, #9978 ) ;
#4428 = ORIENTED_EDGE ( 'NONE', *, *, #946, .T. ) ;
#4429 = DIRECTION ( 'NONE',  ( -1.000000000000000000, 0.000000000000000000, -0.000000000000000000 ) ) ;
#4430 = EDGE_LOOP ( 'NONE', ( #10496, #868, #6787, #7850 ) ) ;
#4431 = DIRECTION ( 'NONE',  ( 0.000000000000000000, 0.000000000000000000, 1.000000000000000000 ) ) ;
#4432 = DIRECTION ( 'NONE',  ( -0.5735764363510481578, 0.000000000000000000, -0.8191520442889904663 ) ) ;
#4433 = AXIS2_PLACEMENT_3D ( 'NONE', #9689, #11841, #4754 ) ;
#4434 = CARTESIAN_POINT ( 'NONE',  ( 32.91749050998672743, -54.99999999999999289, 12.24701845867945948 ) ) ;
#4435 = CARTESIAN_POINT ( 'NONE',  ( -52.50440705553830867, 21.50000000000000000, 60.85296603870687449 ) ) ;
#4436 = ORIENTED_EDGE ( 'NONE', *, *, #747, .T. ) ;
#4437 = CIRCLE ( 'NONE', #9208, 2.750000000000002665 ) ;
#4438 = AXIS2_PLACEMENT_3D ( 'NONE', #519, #4467, #8421 ) ;
#4439 = CARTESIAN_POINT ( 'NONE',  ( -26.24999999999998934, -57.10000000000000142, 0.000000000000000000 ) ) ;
#4440 = EDGE_LOOP ( 'NONE', ( #8867, #4912, #5326, #1754 ) ) ;
#4441 = VERTEX_POINT ( 'NONE', #9289 ) ;
#4442 = CARTESIAN_POINT ( 'NONE',  ( 9.970588235294110646, 15.95048140917011636, 12.50000000000000000 ) ) ;
#4443 = ORIENTED_EDGE ( 'NONE', *, *, #11357, .T. ) ;
#4444 = AXIS2_PLACEMENT_3D ( 'NONE', #10874, #5872, #8852 ) ;
#4445 = CYLINDRICAL_SURFACE ( 'NONE', #3387, 1.500000000000001332 ) ;
#4446 = CIRCLE ( 'NONE', #11512, 1.500000000000001332 ) ;
#4447 = ORIENTED_EDGE ( 'NONE', *, *, #2620, .F. ) ;
#4448 = VECTOR ( 'NONE', #4820, 1000.000000000000000 ) ;
#4449 = CARTESIAN_POINT ( 'NONE',  ( 8.999999999999996447, 23.50000000000001421, 12.50000000000000000 ) ) ;
#4450 = CYLINDRICAL_SURFACE ( 'NONE', #9179, 1.500000000000000444 ) ;
#4451 = ADVANCED_FACE ( 'NONE', ( #4352 ), #8819, .F. ) ;
#4452 = DIRECTION ( 'NONE',  ( 0.000000000000000000, -0.000000000000000000, 1.000000000000000000 ) ) ;
#4453 = DIRECTION ( 'NONE',  ( -1.000000000000000000, 0.000000000000000000, 0.000000000000000000 ) ) ;
#4454 = FACE_OUTER_BOUND ( 'NONE', #3771, .T. ) ;
#4455 = DIRECTION ( 'NONE',  ( -0.000000000000000000, -0.000000000000000000, -1.000000000000000000 ) ) ;
#4456 = EDGE_CURVE ( 'NONE', #1243, #7338, #12409, .T. ) ;
#4457 = AXIS2_PLACEMENT_3D ( 'NONE', #12044, #7103, #3083 ) ;
#4458 = AXIS2_PLACEMENT_3D ( 'NONE', #5806, #11658, #3728 ) ;
#4459 = VERTEX_POINT ( 'NONE', #12599 ) ;
#4460 = ORIENTED_EDGE ( 'NONE', *, *, #9104, .F. ) ;
#4461 = FACE_OUTER_BOUND ( 'NONE', #1224, .T. ) ;
#4462 = ORIENTED_EDGE ( 'NONE', *, *, #1323, .F. ) ;
#4463 = FACE_OUTER_BOUND ( 'NONE', #2416, .T. ) ;
#4464 = PLANE ( 'NONE',  #7753 ) ;
#4465 = CARTESIAN_POINT ( 'NONE',  ( -12.49999999999999822, 53.50000000000000000, 4.000000000000000000 ) ) ;
#4466 = CIRCLE ( 'NONE', #1775, 1.700000000000000178 ) ;
#4467 = DIRECTION ( 'NONE',  ( 0.000000000000000000, 0.7071067811865450192, 0.7071067811865500152 ) ) ;
#4468 = DIRECTION ( 'NONE',  ( 0.000000000000000000, 0.000000000000000000, 1.000000000000000000 ) ) ;
#4469 = ADVANCED_FACE ( 'NONE', ( #8563 ), #12163, .F. ) ;
#4470 = LINE ( 'NONE', #3368, #10640 ) ;
#4471 = ORIENTED_EDGE ( 'NONE', *, *, #6821, .T. ) ;
#4472 = AXIS2_PLACEMENT_3D ( 'NONE', #9600, #728, #10646 ) ;
#4473 = LINE ( 'NONE', #10320, #12115 ) ;
#4474 = PLANE ( 'NONE',  #11570 ) ;
#4475 = EDGE_LOOP ( 'NONE', ( #12619, #10557, #6019, #8190 ) ) ;
#4476 = EDGE_CURVE ( 'NONE', #8818, #6528, #344, .T. ) ;
#4477 = ORIENTED_EDGE ( 'NONE', *, *, #5920, .F. ) ;
#4478 = DIRECTION ( 'NONE',  ( -0.000000000000000000, -0.000000000000000000, -1.000000000000000000 ) ) ;
#4479 = EDGE_CURVE ( 'NONE', #11817, #1546, #9452, .T. ) ;
#4480 = ORIENTED_EDGE ( 'NONE', *, *, #12129, .T. ) ;
#4481 = LINE ( 'NONE', #4412, #2812 ) ;
#4482 = DIRECTION ( 'NONE',  ( -1.000000000000000000, 0.000000000000000000, 0.000000000000000000 ) ) ;
#4483 = DIRECTION ( 'NONE',  ( -0.000000000000000000, -0.000000000000000000, 1.000000000000000000 ) ) ;
#4484 = ORIENTED_EDGE ( 'NONE', *, *, #11122, .T. ) ;
#4485 = LINE ( 'NONE', #3640, #1316 ) ;
#4486 = DIRECTION ( 'NONE',  ( -0.000000000000000000, -0.000000000000000000, 1.000000000000000000 ) ) ;
#4487 = EDGE_CURVE ( 'NONE', #3672, #12740, #12364, .T. ) ;
#4488 = VECTOR ( 'NONE', #5192, 1000.000000000000000 ) ;
#4489 = ADVANCED_FACE ( 'NONE', ( #8688 ), #8411, .F. ) ;
#4490 = FACE_OUTER_BOUND ( 'NONE', #10636, .T. ) ;
#4491 = EDGE_CURVE ( 'NONE', #7787, #2874, #6877, .T. ) ;
#4492 = VERTEX_POINT ( 'NONE', #789 ) ;
#4493 = EDGE_CURVE ( 'NONE', #467, #7207, #11760, .T. ) ;
#4494 = LINE ( 'NONE', #11251, #1109 ) ;
#4495 = ORIENTED_EDGE ( 'NONE', *, *, #782, .T. ) ;
#4496 = DIRECTION ( 'NONE',  ( 0.000000000000000000, 0.000000000000000000, -1.000000000000000000 ) ) ;
#4497 = DIRECTION ( 'NONE',  ( -0.000000000000000000, -0.000000000000000000, -1.000000000000000000 ) ) ;
#4498 = AXIS2_PLACEMENT_3D ( 'NONE', #8086, #1084, #11996 ) ;
#4499 = DIRECTION ( 'NONE',  ( 0.5735764363510474917, 0.000000000000000000, 0.8191520442889906883 ) ) ;
#4500 = AXIS2_PLACEMENT_3D ( 'NONE', #8589, #3590, #6582 ) ;
#4501 = LINE ( 'NONE', #8455, #8634 ) ;
#4502 = EDGE_LOOP ( 'NONE', ( #5211, #4010, #965, #4668 ) ) ;
#4503 = DIRECTION ( 'NONE',  ( 0.000000000000000000, 0.000000000000000000, 1.000000000000000000 ) ) ;
#4504 = ADVANCED_FACE ( 'NONE', ( #5776, #9734 ), #1759, .T. ) ;
#4505 = ORIENTED_EDGE ( 'NONE', *, *, #861, .F. ) ;
#4506 = CARTESIAN_POINT ( 'NONE',  ( 26.24999999999998934, -57.50000000000000711, 0.4000000000000114575 ) ) ;
#4507 = ORIENTED_EDGE ( 'NONE', *, *, #11390, .F. ) ;
#4508 = CIRCLE ( 'NONE', #9280, 3.750000000000003553 ) ;
#4509 = DIRECTION ( 'NONE',  ( -0.000000000000000000, -0.000000000000000000, 1.000000000000000000 ) ) ;
#4510 = CIRCLE ( 'NONE', #5550, 1.999999999999988010 ) ;
#4511 = VERTEX_POINT ( 'NONE', #12536 ) ;
#4512 = DIRECTION ( 'NONE',  ( -0.000000000000000000, -0.000000000000000000, 1.000000000000000000 ) ) ;
#4513 = ORIENTED_EDGE ( 'NONE', *, *, #5576, .F. ) ;
#4514 = CARTESIAN_POINT ( 'NONE',  ( 33.49999999999997868, -49.49999999999998579, 12.50000000000000000 ) ) ;
#4515 = CYLINDRICAL_SURFACE ( 'NONE', #12316, 1.499999999999999556 ) ;
#4516 = DIRECTION ( 'NONE',  ( 0.000000000000000000, 1.000000000000000000, -0.000000000000000000 ) ) ;
#4517 = EDGE_CURVE ( 'NONE', #9297, #11906, #851, .T. ) ;
#4518 = ORIENTED_EDGE ( 'NONE', *, *, #830, .T. ) ;
#4519 = VECTOR ( 'NONE', #11249, 999.9999999999998863 ) ;
#4520 = VECTOR ( 'NONE', #10962, 1000.000000000000000 ) ;
#4521 = DIRECTION ( 'NONE',  ( -1.000000000000000000, 0.000000000000000000, 0.000000000000000000 ) ) ;
#4522 = ORIENTED_EDGE ( 'NONE', *, *, #12829, .T. ) ;
#4523 = ORIENTED_EDGE ( 'NONE', *, *, #9794, .F. ) ;
#4524 = DIRECTION ( 'NONE',  ( -1.000000000000000000, 0.000000000000000000, 0.000000000000000000 ) ) ;
#4525 = ORIENTED_EDGE ( 'NONE', *, *, #1185, .T. ) ;
#4526 = DIRECTION ( 'NONE',  ( 0.000000000000000000, 0.000000000000000000, 1.000000000000000000 ) ) ;
#4527 = AXIS2_PLACEMENT_3D ( 'NONE', #3487, #2461, #7154 ) ;
#4528 = CARTESIAN_POINT ( 'NONE',  ( 43.75000000000001421, 53.74999999999999289, 0.000000000000000000 ) ) ;
#4529 = LINE ( 'NONE', #12641, #2987 ) ;
#4530 = CARTESIAN_POINT ( 'NONE',  ( -43.50000000000002132, 40.99999999999999289, 4.000000000000000000 ) ) ;
#4531 = CARTESIAN_POINT ( 'NONE',  ( -6.499999999999999112, 24.00000000000000355, 12.00000000000000000 ) ) ;
#4532 = DIRECTION ( 'NONE',  ( 1.000000000000000000, 0.000000000000000000, 0.000000000000000000 ) ) ;
#4533 = DIRECTION ( 'NONE',  ( -9.796085511398436814E-16, 1.000000000000000000, 0.000000000000000000 ) ) ;
#4534 = ORIENTED_EDGE ( 'NONE', *, *, #536, .F. ) ;
#4535 = FACE_OUTER_BOUND ( 'NONE', #12108, .T. ) ;
#4536 = DIRECTION ( 'NONE',  ( -0.000000000000000000, -0.000000000000000000, 1.000000000000000000 ) ) ;
#4537 = ORIENTED_EDGE ( 'NONE', *, *, #3865, .T. ) ;
#4538 = ORIENTED_EDGE ( 'NONE', *, *, #4491, .F. ) ;
#4539 = DIRECTION ( 'NONE',  ( 0.5735764363510448272, 0.000000000000000000, 0.8191520442889925757 ) ) ;
#4540 = ADVANCED_FACE ( 'NONE', ( #6617 ), #4794, .F. ) ;
#4541 = EDGE_LOOP ( 'NONE', ( #11809, #8576 ) ) ;
#4542 = DIRECTION ( 'NONE',  ( 1.000000000000000000, 0.000000000000000000, 0.000000000000000000 ) ) ;
#4543 = FACE_OUTER_BOUND ( 'NONE', #2724, .T. ) ;
#4544 = CARTESIAN_POINT ( 'NONE',  ( -65.35251922980178563, 21.49999999999998934, 42.50396024663347561 ) ) ;
#4545 = ORIENTED_EDGE ( 'NONE', *, *, #8760, .F. ) ;
#4546 = EDGE_CURVE ( 'NONE', #11995, #1299, #7384, .T. ) ;
#4547 = DIRECTION ( 'NONE',  ( 0.000000000000000000, 0.000000000000000000, 1.000000000000000000 ) ) ;
#4548 = DIRECTION ( 'NONE',  ( 1.000000000000000000, 0.000000000000000000, 0.000000000000000000 ) ) ;
#4549 = DIRECTION ( 'NONE',  ( 5.551115123125782702E-15, 0.000000000000000000, 1.000000000000000000 ) ) ;
#4550 = VERTEX_POINT ( 'NONE', #3892 ) ;
#4551 = DIRECTION ( 'NONE',  ( -0.000000000000000000, -0.000000000000000000, -1.000000000000000000 ) ) ;
#4552 = ORIENTED_EDGE ( 'NONE', *, *, #688, .F. ) ;
#4553 = CARTESIAN_POINT ( 'NONE',  ( -0.4529868602934395971, 25.50000000000000711, 2.500000000000000000 ) ) ;
#4554 = DIRECTION ( 'NONE',  ( 0.000000000000000000, 0.000000000000000000, 1.000000000000000000 ) ) ;
#4555 = DIRECTION ( 'NONE',  ( 0.8191520442889906883, 0.000000000000000000, -0.5735764363510477137 ) ) ;
#4556 = DIRECTION ( 'NONE',  ( -0.000000000000000000, -0.000000000000000000, 1.000000000000000000 ) ) ;
#4557 = ORIENTED_EDGE ( 'NONE', *, *, #8510, .T. ) ;
#4558 = EDGE_CURVE ( 'NONE', #41, #8024, #2820, .T. ) ;
#4559 = CARTESIAN_POINT ( 'NONE',  ( 3.000000000000007994, -53.50000000000000000, 4.000000000000000000 ) ) ;
#4560 = ADVANCED_FACE ( 'NONE', ( #12723 ), #8752, .F. ) ;
#4561 = EDGE_CURVE ( 'NONE', #6581, #9389, #10076, .T. ) ;
#4562 = EDGE_CURVE ( 'NONE', #5353, #2855, #11948, .T. ) ;
#4563 = ORIENTED_EDGE ( 'NONE', *, *, #12205, .T. ) ;
#4564 = LINE ( 'NONE', #12559, #4720 ) ;
#4565 = ORIENTED_EDGE ( 'NONE', *, *, #9095, .F. ) ;
#4566 = VECTOR ( 'NONE', #8630, 1000.000000000000000 ) ;
#4567 = CARTESIAN_POINT ( 'NONE',  ( -33.50000000000000000, -55.00000000000000711, 12.50000000000000000 ) ) ;
#4568 = ORIENTED_EDGE ( 'NONE', *, *, #1966, .T. ) ;
#4569 = VERTEX_POINT ( 'NONE', #9670 ) ;
#4570 = CARTESIAN_POINT ( 'NONE',  ( -47.49999999999999289, 30.00000000000000000, 10.94669914110090048 ) ) ;
#4571 = EDGE_CURVE ( 'NONE', #7098, #4631, #4736, .T. ) ;
#4572 = FACE_OUTER_BOUND ( 'NONE', #11118, .T. ) ;
#4573 = DIRECTION ( 'NONE',  ( -0.000000000000000000, -0.000000000000000000, 1.000000000000000000 ) ) ;
#4574 = DIRECTION ( 'NONE',  ( -1.156482317317870344E-15, -1.000000000000000000, -0.000000000000000000 ) ) ;
#4575 = ORIENTED_EDGE ( 'NONE', *, *, #8375, .T. ) ;
#4576 = CARTESIAN_POINT ( 'NONE',  ( -69.88855255229850627, 24.99999999999999289, 71.68262371323518778 ) ) ;
#4577 = EDGE_CURVE ( 'NONE', #5798, #409, #3831, .T. ) ;
#4578 = ORIENTED_EDGE ( 'NONE', *, *, #10009, .F. ) ;
#4579 = ORIENTED_EDGE ( 'NONE', *, *, #361, .T. ) ;
#4580 = CARTESIAN_POINT ( 'NONE',  ( 27.02701107604546849, 55.00000000000000711, 12.06870245856687340 ) ) ;
#4581 = CIRCLE ( 'NONE', #3346, 1.499999999999999556 ) ;
#4582 = ORIENTED_EDGE ( 'NONE', *, *, #7337, .F. ) ;
#4583 = CARTESIAN_POINT ( 'NONE',  ( -32.23931069701795593, -55.00000000000000711, 12.01475035840394590 ) ) ;
#4584 = EDGE_CURVE ( 'NONE', #10057, #3206, #8615, .T. ) ;
#4585 = CARTESIAN_POINT ( 'NONE',  ( -42.25000000000000000, -49.49999999999999289, 19.00538238691625281 ) ) ;
#4586 = CYLINDRICAL_SURFACE ( 'NONE', #5434, 1.750000000000001554 ) ;
#4587 = DIRECTION ( 'NONE',  ( -0.000000000000000000, -0.000000000000000000, 1.000000000000000000 ) ) ;
#4588 = DIRECTION ( 'NONE',  ( -0.000000000000000000, -0.000000000000000000, -1.000000000000000000 ) ) ;
#4589 = AXIS2_PLACEMENT_3D ( 'NONE', #8599, #11461, #2575 ) ;
#4590 = CIRCLE ( 'NONE', #4388, 1.700000000000000178 ) ;
#4591 = FACE_OUTER_BOUND ( 'NONE', #2893, .T. ) ;
#4592 = ORIENTED_EDGE ( 'NONE', *, *, #5054, .F. ) ;
#4593 = CARTESIAN_POINT ( 'NONE',  ( -52.61912234280848821, -19.40000000000002700, 60.68913562984904075 ) ) ;
#4594 = CARTESIAN_POINT ( 'NONE',  ( -43.75000000000000000, 53.74999999999999289, 0.4000000000000114575 ) ) ;
#4595 = VERTEX_POINT ( 'NONE', #3178 ) ;
#4596 = CONICAL_SURFACE ( 'NONE', #4801, 2.000000000000001776, 0.7853981633974487231 ) ;
#4597 = VECTOR ( 'NONE', #6327, 1000.000000000000000 ) ;
#4598 = CIRCLE ( 'NONE', #6065, 1.499999999999999556 ) ;
#4599 = DIRECTION ( 'NONE',  ( -1.000000000000000000, 0.000000000000000000, 0.000000000000000000 ) ) ;
#4600 = ORIENTED_EDGE ( 'NONE', *, *, #10400, .T. ) ;
#4601 = FACE_OUTER_BOUND ( 'NONE', #3977, .T. ) ;
#4602 = EDGE_CURVE ( 'NONE', #7303, #8513, #2405, .T. ) ;
#4603 = CARTESIAN_POINT ( 'NONE',  ( 43.49999999999997868, 12.50000000000000178, 4.000000000000000000 ) ) ;
#4604 = DIRECTION ( 'NONE',  ( -0.7071067811865474617, 0.000000000000000000, -0.7071067811865474617 ) ) ;
#4605 = ORIENTED_EDGE ( 'NONE', *, *, #11163, .F. ) ;
#4606 = VECTOR ( 'NONE', #1368, 1000.000000000000000 ) ;
#4607 = AXIS2_PLACEMENT_3D ( 'NONE', #11049, #12033, #3130 ) ;
#4608 = FACE_OUTER_BOUND ( 'NONE', #733, .T. ) ;
#4609 = AXIS2_PLACEMENT_3D ( 'NONE', #5340, #1822, #5398 ) ;
#4610 = EDGE_CURVE ( 'NONE', #11329, #756, #8048, .T. ) ;
#4611 = CARTESIAN_POINT ( 'NONE',  ( -33.29999999999999005, 62.50000000000001421, 25.00000000000000000 ) ) ;
#4612 = DIRECTION ( 'NONE',  ( 0.000000000000000000, 0.000000000000000000, 1.000000000000000000 ) ) ;
#4613 = EDGE_LOOP ( 'NONE', ( #7707, #7370, #951, #6670 ) ) ;
#4614 = EDGE_CURVE ( 'NONE', #8533, #8491, #9930, .T. ) ;
#4615 = AXIS2_PLACEMENT_3D ( 'NONE', #6021, #9972, #1093 ) ;
#4616 = EDGE_LOOP ( 'NONE', ( #10675, #2731, #4545, #4633 ) ) ;
#4617 = AXIS2_PLACEMENT_3D ( 'NONE', #355, #4296, #8258 ) ;
#4618 = CIRCLE ( 'NONE', #2555, 1.500000000000001332 ) ;
#4619 = CARTESIAN_POINT ( 'NONE',  ( -45.00000000000002842, -41.47298892395453862, 12.06870245856685742 ) ) ;
#4620 = DIRECTION ( 'NONE',  ( 0.7071067811865474617, 0.000000000000000000, -0.7071067811865474617 ) ) ;
#4621 = CARTESIAN_POINT ( 'NONE',  ( -6.499999999999999112, 55.00000000000000000, 2.500000000000002220 ) ) ;
#4622 = CARTESIAN_POINT ( 'NONE',  ( 31.99999999999998579, -54.99999999999999289, 2.500000000000002220 ) ) ;
#4623 = ORIENTED_EDGE ( 'NONE', *, *, #7803, .F. ) ;
#4624 = PLANE ( 'NONE',  #5286 ) ;
#4625 = CIRCLE ( 'NONE', #7330, 3.750000000000000000 ) ;
#4626 = CARTESIAN_POINT ( 'NONE',  ( 30.45884282854058256, 18.99999999999999645, -24.33972279500559566 ) ) ;
#4627 = VECTOR ( 'NONE', #5873, 1000.000000000000114 ) ;
#4628 = AXIS2_PLACEMENT_3D ( 'NONE', #7210, #11167, #1242 ) ;
#4629 = ORIENTED_EDGE ( 'NONE', *, *, #7013, .T. ) ;
#4630 = DIRECTION ( 'NONE',  ( 0.000000000000000000, 0.000000000000000000, -1.000000000000000000 ) ) ;
#4631 = VERTEX_POINT ( 'NONE', #7142 ) ;
#4632 = DIRECTION ( 'NONE',  ( -1.000000000000000000, 0.000000000000000000, 0.000000000000000000 ) ) ;
#4633 = ORIENTED_EDGE ( 'NONE', *, *, #7969, .T. ) ;
#4634 = ADVANCED_FACE ( 'NONE', ( #12077 ), #12317, .F. ) ;
#4635 = ORIENTED_EDGE ( 'NONE', *, *, #2481, .T. ) ;
#4636 = DIRECTION ( 'NONE',  ( 0.5735764363510474917, 0.000000000000000000, 0.8191520442889906883 ) ) ;
#4637 = DIRECTION ( 'NONE',  ( 1.261617073437676865E-15, -1.000000000000000000, -0.000000000000000000 ) ) ;
#4638 = AXIS2_PLACEMENT_3D ( 'NONE', #7067, #11020, #12069 ) ;
#4639 = AXIS2_PLACEMENT_3D ( 'NONE', #9462, #10315, #1435 ) ;
#4640 = ADVANCED_FACE ( 'NONE', ( #3418 ), #7073, .T. ) ;
#4642 = AXIS2_PLACEMENT_3D ( 'NONE', #6701, #5665, #6410 ) ;
#4641 = CARTESIAN_POINT ( 'NONE',  ( 8.999999999999994671, 8.000000000000001776, 12.00000000000000000 ) ) ;
#4643 = FACE_OUTER_BOUND ( 'NONE', #11491, .T. ) ;
#4644 = ORIENTED_EDGE ( 'NONE', *, *, #2985, .F. ) ;
#4645 = DIRECTION ( 'NONE',  ( 1.000000000000000000, 0.000000000000000000, 0.000000000000000000 ) ) ;
#4646 = EDGE_LOOP ( 'NONE', ( #6997, #7139 ) ) ;
#4647 = VERTEX_POINT ( 'NONE', #8946 ) ;
#4648 = AXIS2_PLACEMENT_3D ( 'NONE', #1472, #9511, #2504 ) ;
#4649 = VECTOR ( 'NONE', #3782, 1000.000000000000000 ) ;
#4650 = LINE ( 'NONE', #8608, #4920 ) ;
#4651 = EDGE_CURVE ( 'NONE', #3074, #2046, #10703, .T. ) ;
#4652 = CIRCLE ( 'NONE', #119, 1.999999999999974021 ) ;
#4653 = ORIENTED_EDGE ( 'NONE', *, *, #7630, .T. ) ;
#4654 = ADVANCED_FACE ( 'NONE', ( #18 ), #4088, .F. ) ;
#4655 = EDGE_CURVE ( 'NONE', #8069, #2046, #1047, .T. ) ;
#4656 = DIRECTION ( 'NONE',  ( -1.000000000000000000, 2.891205793294677833E-16, 0.000000000000000000 ) ) ;
#4657 = DIRECTION ( 'NONE',  ( 0.000000000000000000, 1.000000000000000000, -9.717331636706528571E-17 ) ) ;
#4658 = EDGE_CURVE ( 'NONE', #12767, #3929, #8827, .T. ) ;
#4659 = DIRECTION ( 'NONE',  ( -0.000000000000000000, -0.000000000000000000, -1.000000000000000000 ) ) ;
#4660 = DIRECTION ( 'NONE',  ( -1.000000000000000000, 0.000000000000000000, 0.000000000000000000 ) ) ;
#4661 = ADVANCED_FACE ( 'NONE', ( #2136 ), #5973, .T. ) ;
#4662 = CARTESIAN_POINT ( 'NONE',  ( -47.49999999999999289, -30.00000000000000000, 25.00000000000000000 ) ) ;
#4663 = AXIS2_PLACEMENT_3D ( 'NONE', #9048, #1211, #12826 ) ;
#4664 = DIRECTION ( 'NONE',  ( -1.000000000000000000, 0.000000000000000000, 0.000000000000000000 ) ) ;
#4665 = DIRECTION ( 'NONE',  ( 1.000000000000000000, 0.000000000000000000, 0.000000000000000000 ) ) ;
#4666 = EDGE_LOOP ( 'NONE', ( #8248, #6057, #4695 ) ) ;
#4667 = CARTESIAN_POINT ( 'NONE',  ( -45.00000000000002842, 41.91719416079875771, 12.24680279941678940 ) ) ;
#4668 = ORIENTED_EDGE ( 'NONE', *, *, #5779, .F. ) ;
#4669 = DIRECTION ( 'NONE',  ( 0.7071067811865536790, 0.000000000000000000, 0.7071067811865414665 ) ) ;
#4670 = ORIENTED_EDGE ( 'NONE', *, *, #8938, .F. ) ;
#4671 = CIRCLE ( 'NONE', #9239, 1.500000000000001332 ) ;
#4672 = VECTOR ( 'NONE', #8581, 1000.000000000000227 ) ;
#4673 = FACE_OUTER_BOUND ( 'NONE', #5145, .T. ) ;
#4674 = ORIENTED_EDGE ( 'NONE', *, *, #4726, .T. ) ;
#4675 = CARTESIAN_POINT ( 'NONE',  ( 27.49999999999999289, 53.50000000000000711, 12.00000000000003908 ) ) ;
#4676 = CARTESIAN_POINT ( 'NONE',  ( -52.61912234280848821, 19.40000000000003411, 60.68913562984904075 ) ) ;
#4677 = CARTESIAN_POINT ( 'NONE',  ( -38.75000000000002132, 49.49999999999997868, 19.00538238691625281 ) ) ;
#4678 = EDGE_CURVE ( 'NONE', #5800, #7207, #3950, .T. ) ;
#4679 = LINE ( 'NONE', #2864, #7467 ) ;
#4680 = VECTOR ( 'NONE', #5910, 1000.000000000000114 ) ;
#4681 = LINE ( 'NONE', #5913, #1520 ) ;
#4682 = CARTESIAN_POINT ( 'NONE',  ( 34.99999999999999289, 62.50000000000001421, 24.55000000000000071 ) ) ;
#4683 = EDGE_CURVE ( 'NONE', #4595, #8833, #3052, .T. ) ;
#4684 = CARTESIAN_POINT ( 'NONE',  ( 47.50000000000000711, -57.50000000000000711, 25.00000000000000000 ) ) ;
#4685 = VERTEX_POINT ( 'NONE', #6105 ) ;
#4686 = ORIENTED_EDGE ( 'NONE', *, *, #11472, .F. ) ;
#4687 = DIRECTION ( 'NONE',  ( -1.000000000000000000, 0.000000000000000000, 0.000000000000000000 ) ) ;
#4688 = DIRECTION ( 'NONE',  ( -0.000000000000000000, -0.000000000000000000, -1.000000000000000000 ) ) ;
#4689 = DIRECTION ( 'NONE',  ( -0.000000000000000000, -0.000000000000000000, -1.000000000000000000 ) ) ;
#4690 = DIRECTION ( 'NONE',  ( 0.8191520442889905773, 0.000000000000000000, -0.5735764363510477137 ) ) ;
#4691 = ORIENTED_EDGE ( 'NONE', *, *, #2503, .F. ) ;
#4692 = SPHERICAL_SURFACE ( 'NONE', #1976, 1.500000000000000000 ) ;
#4693 = PLANE ( 'NONE',  #4642 ) ;
#4694 = ORIENTED_EDGE ( 'NONE', *, *, #3990, .T. ) ;
#4695 = ORIENTED_EDGE ( 'NONE', *, *, #4888, .T. ) ;
#4696 = DIRECTION ( 'NONE',  ( 0.000000000000000000, 0.000000000000000000, 1.000000000000000000 ) ) ;
#4697 = ORIENTED_EDGE ( 'NONE', *, *, #2323, .T. ) ;
#4698 = VECTOR ( 'NONE', #11878, 1000.000000000000000 ) ;
#4699 = ORIENTED_EDGE ( 'NONE', *, *, #984, .T. ) ;
#4700 = VECTOR ( 'NONE', #10861, 1000.000000000000000 ) ;
#4701 = CARTESIAN_POINT ( 'NONE',  ( -49.83366538152844072, -21.50000000000000000, 61.18028684572497156 ) ) ;
#4702 = FACE_OUTER_BOUND ( 'NONE', #3215, .T. ) ;
#4703 = EDGE_CURVE ( 'NONE', #4285, #10935, #10277, .T. ) ;
#4704 = CARTESIAN_POINT ( 'NONE',  ( -21.99999999999996803, -55.00000000000000000, 12.00000000000000000 ) ) ;
#4705 = FACE_OUTER_BOUND ( 'NONE', #11574, .T. ) ;
#4706 = ORIENTED_EDGE ( 'NONE', *, *, #2674, .F. ) ;
#4707 = PLANE ( 'NONE',  #5615 ) ;
#4708 = EDGE_CURVE ( 'NONE', #4459, #3034, #4020, .T. ) ;
#4709 = VECTOR ( 'NONE', #5846, 1000.000000000000114 ) ;
#4710 = EDGE_LOOP ( 'NONE', ( #7485, #5811 ) ) ;
#4711 = ORIENTED_EDGE ( 'NONE', *, *, #11165, .T. ) ;
#4712 = EDGE_CURVE ( 'NONE', #2292, #5293, #6035, .T. ) ;
#4713 = DIRECTION ( 'NONE',  ( -1.176083712526648702E-16, 1.000000000000000000, 0.000000000000000000 ) ) ;
#4714 = ORIENTED_EDGE ( 'NONE', *, *, #4892, .T. ) ;
#4715 = CARTESIAN_POINT ( 'NONE',  ( 2.413290764095895824, -55.00000000000000711, 12.10755915920906034 ) ) ;
#4716 = DIRECTION ( 'NONE',  ( -0.000000000000000000, 0.000000000000000000, 1.000000000000000000 ) ) ;
#4717 = DIRECTION ( 'NONE',  ( 0.5735764363510494901, 0.000000000000000000, 0.8191520442889894671 ) ) ;
#4718 = CARTESIAN_POINT ( 'NONE',  ( -12.37906334672663355, 54.99999999999998579, 11.99999999999999822 ) ) ;
#4719 = AXIS2_PLACEMENT_3D ( 'NONE', #1981, #7940, #5937 ) ;
#4720 = VECTOR ( 'NONE', #560, 1000.000000000000114 ) ;
#4721 = DIRECTION ( 'NONE',  ( -1.000000000000000000, 0.000000000000000000, 0.000000000000000000 ) ) ;
#4722 = CARTESIAN_POINT ( 'NONE',  ( -0.9999999999999995559, -3.000000000000009770, 12.50000000000000000 ) ) ;
#4723 = DIRECTION ( 'NONE',  ( 0.5735764363510494901, 0.000000000000000000, 0.8191520442889894671 ) ) ;
#4724 = ADVANCED_FACE ( 'NONE', ( #9080 ), #9986, .F. ) ;
#4725 = VERTEX_POINT ( 'NONE', #10420 ) ;
#4726 = EDGE_CURVE ( 'NONE', #11933, #8922, #2937, .T. ) ;
#4727 = CIRCLE ( 'NONE', #6391, 1.499999999999999556 ) ;
#4728 = DIRECTION ( 'NONE',  ( -0.000000000000000000, -0.000000000000000000, -1.000000000000000000 ) ) ;
#4729 = EDGE_CURVE ( 'NONE', #9316, #3861, #10609, .T. ) ;
#4730 = ORIENTED_EDGE ( 'NONE', *, *, #7492, .T. ) ;
#4732 = FACE_OUTER_BOUND ( 'NONE', #8498, .T. ) ;
#4731 = VECTOR ( 'NONE', #4925, 1000.000000000000114 ) ;
#4733 = ORIENTED_EDGE ( 'NONE', *, *, #7603, .F. ) ;
#4734 = CARTESIAN_POINT ( 'NONE',  ( -6.499999999999999112, 53.50000000000000000, 12.50000000000000000 ) ) ;
#4735 = ORIENTED_EDGE ( 'NONE', *, *, #1103, .T. ) ;
#4736 = LINE ( 'NONE', #3754, #1784 ) ;
#4737 = EDGE_CURVE ( 'NONE', #5221, #5114, #3600, .T. ) ;
#4738 = FACE_OUTER_BOUND ( 'NONE', #7114, .T. ) ;
#4739 = CARTESIAN_POINT ( 'NONE',  ( -3.500000000000003109, 55.00000000000000000, 25.00000000000000000 ) ) ;
#4740 = ORIENTED_EDGE ( 'NONE', *, *, #5168, .F. ) ;
#4741 = CARTESIAN_POINT ( 'NONE',  ( -52.50440705553830867, -21.50000000000000000, 60.85296603870688870 ) ) ;
#4742 = CARTESIAN_POINT ( 'NONE',  ( 47.50000000000000711, 57.49999999999999289, 25.00000000000000000 ) ) ;
#4743 = LINE ( 'NONE', #10469, #7626 ) ;
#4744 = EDGE_CURVE ( 'NONE', #8660, #3409, #8524, .T. ) ;
#4745 = ADVANCED_FACE ( 'NONE', ( #9570 ), #3558, .F. ) ;
#4746 = ORIENTED_EDGE ( 'NONE', *, *, #9079, .F. ) ;
#4747 = DIRECTION ( 'NONE',  ( -1.000000000000000000, 0.000000000000000000, 0.000000000000000000 ) ) ;
#4748 = ORIENTED_EDGE ( 'NONE', *, *, #12635, .F. ) ;
#4749 = CARTESIAN_POINT ( 'NONE',  ( -33.50000000000000000, -53.50000000000000711, 12.00000000000001066 ) ) ;
#4750 = CARTESIAN_POINT ( 'NONE',  ( -21.99999999999996803, -53.50000000000000711, 4.000000000000000000 ) ) ;
#4751 = CARTESIAN_POINT ( 'NONE',  ( -7.087805237216586285, 54.99999999999999289, 12.10797579635455001 ) ) ;
#4752 = CARTESIAN_POINT ( 'NONE',  ( -27.52701107604543651, -55.00000000000000711, 12.06870245856685386 ) ) ;
#4753 = EDGE_LOOP ( 'NONE', ( #1516, #12201, #10752, #4861 ) ) ;
#4754 = DIRECTION ( 'NONE',  ( 1.000000000000000000, 0.000000000000000000, 0.000000000000000000 ) ) ;
#4755 = DIRECTION ( 'NONE',  ( 1.000000000000000000, 0.000000000000000000, 0.000000000000000000 ) ) ;
#4756 = ORIENTED_EDGE ( 'NONE', *, *, #3231, .T. ) ;
#4757 = EDGE_LOOP ( 'NONE', ( #10884, #10999, #11666, #9059 ) ) ;
#4758 = CARTESIAN_POINT ( 'NONE',  ( 43.75000000000001421, 53.74999999999999289, 25.00000000000000000 ) ) ;
#4759 = VERTEX_POINT ( 'NONE', #4704 ) ;
#4760 = ORIENTED_EDGE ( 'NONE', *, *, #5524, .T. ) ;
#4761 = CARTESIAN_POINT ( 'NONE',  ( -40.50000000000002132, 49.49999999999997868, 11.99999999999998934 ) ) ;
#4762 = DIRECTION ( 'NONE',  ( 0.000000000000000000, 0.000000000000000000, -1.000000000000000000 ) ) ;
#4763 = FACE_OUTER_BOUND ( 'NONE', #2872, .T. ) ;
#4764 = DIRECTION ( 'NONE',  ( 1.541976423090498592E-16, -1.000000000000000000, 0.000000000000000000 ) ) ;
#4765 = ORIENTED_EDGE ( 'NONE', *, *, #383, .T. ) ;
#4766 = ORIENTED_EDGE ( 'NONE', *, *, #1028, .T. ) ;
#4767 = CARTESIAN_POINT ( 'NONE',  ( 26.24999999999998934, 57.09999999999998721, 0.000000000000000000 ) ) ;
#4768 = VECTOR ( 'NONE', #388, 1000.000000000000000 ) ;
#4769 = ORIENTED_EDGE ( 'NONE', *, *, #12589, .T. ) ;
#4770 = ADVANCED_FACE ( 'NONE', ( #1474 ), #3352, .F. ) ;
#4771 = ORIENTED_EDGE ( 'NONE', *, *, #380, .F. ) ;
#4772 = DIRECTION ( 'NONE',  ( -1.000000000000000000, -1.261617073437676865E-15, 0.000000000000000000 ) ) ;
#4773 = ORIENTED_EDGE ( 'NONE', *, *, #12037, .F. ) ;
#4774 = CARTESIAN_POINT ( 'NONE',  ( 2.879063346726640660, -55.00000000000000711, 12.00000000000000355 ) ) ;
#4775 = FACE_OUTER_BOUND ( 'NONE', #11766, .T. ) ;
#4776 = VERTEX_POINT ( 'NONE', #7623 ) ;
#4777 = DIRECTION ( 'NONE',  ( 0.5735764363510350572, 0.000000000000000000, 0.8191520442889995701 ) ) ;
#4778 = DIRECTION ( 'NONE',  ( -6.431493630526821376E-17, -1.000000000000000000, -2.900465980453160465E-16 ) ) ;
#4779 = EDGE_CURVE ( 'NONE', #12220, #9028, #6647, .T. ) ;
#4780 = CARTESIAN_POINT ( 'NONE',  ( -0.4529868602934394306, 21.50000000000000000, 12.50000000000000000 ) ) ;
#4781 = LINE ( 'NONE', #1935, #1087 ) ;
#4782 = PLANE ( 'NONE',  #10856 ) ;
#4783 = CIRCLE ( 'NONE', #10179, 1.500000000000001332 ) ;
#4784 = ORIENTED_EDGE ( 'NONE', *, *, #11168, .F. ) ;
#4785 = LINE ( 'NONE', #6028, #8361 ) ;
#4786 = VERTEX_POINT ( 'NONE', #12501 ) ;
#4787 = DIRECTION ( 'NONE',  ( -0.000000000000000000, -0.000000000000000000, 1.000000000000000000 ) ) ;
#4788 = ORIENTED_EDGE ( 'NONE', *, *, #6796, .T. ) ;
#4789 = CARTESIAN_POINT ( 'NONE',  ( 34.99999999999999289, 62.50000000000001421, 25.00000000000000000 ) ) ;
#4790 = CARTESIAN_POINT ( 'NONE',  ( 9.794117647058817155, 16.41830416565796469, 12.50000000000000000 ) ) ;
#4791 = EDGE_LOOP ( 'NONE', ( #6266, #3082, #1910, #11057 ) ) ;
#4792 = AXIS2_PLACEMENT_3D ( 'NONE', #646, #5438, #2401 ) ;
#4793 = EDGE_CURVE ( 'NONE', #4141, #3193, #630, .T. ) ;
#4794 = PLANE ( 'NONE',  #7792 ) ;
#4795 = EDGE_CURVE ( 'NONE', #5221, #1413, #8471, .T. ) ;
#4796 = DIRECTION ( 'NONE',  ( -0.8191520442889907994, -0.000000000000000000, 0.5735764363510478248 ) ) ;
#4797 = FACE_OUTER_BOUND ( 'NONE', #6014, .T. ) ;
#4798 = DIRECTION ( 'NONE',  ( 0.9356455129756979794, 0.3529411764705883137, 0.000000000000000000 ) ) ;
#4799 = CARTESIAN_POINT ( 'NONE',  ( 10.49999999999999289, 10.99999999999999289, 12.50000000000000000 ) ) ;
#4800 = CARTESIAN_POINT ( 'NONE',  ( -49.34251416565257387, 14.49999999999999822, 58.39482988444487432 ) ) ;
#4801 = AXIS2_PLACEMENT_3D ( 'NONE', #1311, #9998, #7157 ) ;
#4802 = CIRCLE ( 'NONE', #7497, 1.000000000000014655 ) ;
#4803 = AXIS2_PLACEMENT_3D ( 'NONE', #12710, #6807, #10956 ) ;
#4804 = FACE_OUTER_BOUND ( 'NONE', #3523, .T. ) ;
#4805 = EDGE_LOOP ( 'NONE', ( #11497, #3653, #11929, #9819 ) ) ;
#4806 = DIRECTION ( 'NONE',  ( 0.000000000000000000, 0.000000000000000000, -1.000000000000000000 ) ) ;
#4807 = EDGE_CURVE ( 'NONE', #1602, #3542, #2317, .T. ) ;
#4808 = ADVANCED_FACE ( 'NONE', ( #10491 ), #9155, .F. ) ;
#4809 = ORIENTED_EDGE ( 'NONE', *, *, #9915, .T. ) ;
#4810 = EDGE_CURVE ( 'NONE', #5800, #10457, #6458, .T. ) ;
#4811 = FACE_OUTER_BOUND ( 'NONE', #11699, .T. ) ;
#4812 = CYLINDRICAL_SURFACE ( 'NONE', #8170, 1.499999999999997780 ) ;
#4813 = ADVANCED_FACE ( 'NONE', ( #8529 ), #759, .F. ) ;
#4814 = CIRCLE ( 'NONE', #8746, 2.750000000000002665 ) ;
#4815 = CARTESIAN_POINT ( 'NONE',  ( 4.058823529411758280, 28.01437253894492585, 12.50000000000000000 ) ) ;
#4816 = AXIS2_PLACEMENT_3D ( 'NONE', #5540, #9360, #4499 ) ;
#4817 = CARTESIAN_POINT ( 'NONE',  ( -63.10834863807769324, 21.49999999999998934, 38.73518082150910402 ) ) ;
#4818 = AXIS2_PLACEMENT_3D ( 'NONE', #8014, #9166, #8204 ) ;
#4819 = ORIENTED_EDGE ( 'NONE', *, *, #2584, .F. ) ;
#4820 = DIRECTION ( 'NONE',  ( 2.523234146875347419E-15, -1.000000000000000000, 0.000000000000000000 ) ) ;
#4821 = CARTESIAN_POINT ( 'NONE',  ( -12.50000000000000355, 55.00000000000000000, 14.10000000000000142 ) ) ;
#4822 = ADVANCED_FACE ( 'NONE', ( #6592 ), #5677, .T. ) ;
#4823 = ORIENTED_EDGE ( 'NONE', *, *, #4979, .T. ) ;
#4824 = VERTEX_POINT ( 'NONE', #6531 ) ;
#4825 = VECTOR ( 'NONE', #3292, 1000.000000000000000 ) ;
#4826 = CARTESIAN_POINT ( 'NONE',  ( 43.49999999999997868, 6.500000000000005329, 12.00000000000001066 ) ) ;
#4827 = VERTEX_POINT ( 'NONE', #4641 ) ;
#4828 = ORIENTED_EDGE ( 'NONE', *, *, #10841, .F. ) ;
#4829 = DIRECTION ( 'NONE',  ( 0.5735764363510479358, 0.000000000000000000, 0.8191520442889905773 ) ) ;
#4830 = CARTESIAN_POINT ( 'NONE',  ( -29.99999999999998579, -61.25000000000001421, 0.4000000000000114575 ) ) ;
#4831 = DIRECTION ( 'NONE',  ( -1.000000000000000000, 0.000000000000000000, 0.000000000000000000 ) ) ;
#4832 = DIRECTION ( 'NONE',  ( -2.523234146875347419E-15, 1.000000000000000000, 0.000000000000000000 ) ) ;
#4833 = ORIENTED_EDGE ( 'NONE', *, *, #4479, .T. ) ;
#4834 = ORIENTED_EDGE ( 'NONE', *, *, #10287, .F. ) ;
#4835 = VECTOR ( 'NONE', #1641, 1000.000000000000114 ) ;
#4836 = VECTOR ( 'NONE', #12763, 1000.000000000000000 ) ;
#4837 = CONICAL_SURFACE ( 'NONE', #85, 2.750000000000002665, 0.7853981633974560506 ) ;
#4838 = PLANE ( 'NONE',  #8713 ) ;
#4839 = EDGE_LOOP ( 'NONE', ( #10883, #6052, #9704, #178 ) ) ;
#4840 = ORIENTED_EDGE ( 'NONE', *, *, #5598, .F. ) ;
#4841 = DIRECTION ( 'NONE',  ( -2.445329926407195180E-15, 1.000000000000000000, 0.000000000000000000 ) ) ;
#4842 = VERTEX_POINT ( 'NONE', #10553 ) ;
#4843 = CARTESIAN_POINT ( 'NONE',  ( 7.499999999999992895, 22.50000000000000355, 4.000000000000000000 ) ) ;
#4844 = EDGE_CURVE ( 'NONE', #7132, #5793, #5612, .T. ) ;
#4845 = AXIS2_PLACEMENT_3D ( 'NONE', #10511, #8366, #3438 ) ;
#4846 = CARTESIAN_POINT ( 'NONE',  ( -36.69999999999998863, 62.50000000000001421, 13.00000000000000178 ) ) ;
#4847 = AXIS2_PLACEMENT_3D ( 'NONE', #10280, #1460, #9109 ) ;
#4848 = ORIENTED_EDGE ( 'NONE', *, *, #6013, .F. ) ;
#4849 = DIRECTION ( 'NONE',  ( -1.000000000000000000, 0.000000000000000000, -0.000000000000000000 ) ) ;
#4850 = CYLINDRICAL_SURFACE ( 'NONE', #3774, 2.999999999999999112 ) ;
#4851 = LINE ( 'NONE', #1680, #6107 ) ;
#4852 = CARTESIAN_POINT ( 'NONE',  ( 21.49999999999999645, 6.500000000000002665, 2.500000000000000000 ) ) ;
#4853 = AXIS2_PLACEMENT_3D ( 'NONE', #9655, #2649, #10503 ) ;
#4854 = CIRCLE ( 'NONE', #11293, 1.500000000000000888 ) ;
#4855 = CIRCLE ( 'NONE', #6517, 2.999999999999999112 ) ;
#4856 = DIRECTION ( 'NONE',  ( 1.000000000000000000, 0.000000000000000000, 0.000000000000000000 ) ) ;
#4857 = ORIENTED_EDGE ( 'NONE', *, *, #3492, .T. ) ;
#4858 = CARTESIAN_POINT ( 'NONE',  ( 4.499999999999998224, 55.00000000000000000, 12.50000000000000000 ) ) ;
#4859 = VERTEX_POINT ( 'NONE', #9639 ) ;
#4860 = DIRECTION ( 'NONE',  ( 4.336808689942017736E-17, -1.000000000000000000, 0.000000000000000000 ) ) ;
#4861 = ORIENTED_EDGE ( 'NONE', *, *, #1646, .F. ) ;
#4862 = CARTESIAN_POINT ( 'NONE',  ( 37.74999999999999289, -62.50000000000001421, 25.00000000000000000 ) ) ;
#4863 = CARTESIAN_POINT ( 'NONE',  ( -47.49999999999999289, 35.49999999999999289, 14.10000000000000142 ) ) ;
#4864 = AXIS2_PLACEMENT_3D ( 'NONE', #5819, #4976, #2966 ) ;
#4865 = CIRCLE ( 'NONE', #7765, 2.299999999999996270 ) ;
#4866 = CIRCLE ( 'NONE', #5909, 1.999999999999988010 ) ;
#4867 = VECTOR ( 'NONE', #10481, 1000.000000000000000 ) ;
#4868 = CARTESIAN_POINT ( 'NONE',  ( 7.499999999999992895, 22.50000000000000355, 12.00000000000000000 ) ) ;
#4869 = EDGE_CURVE ( 'NONE', #11933, #4969, #11986, .T. ) ;
#4870 = DIRECTION ( 'NONE',  ( 0.000000000000000000, 0.000000000000000000, 1.000000000000000000 ) ) ;
#4871 = DIRECTION ( 'NONE',  ( 0.000000000000000000, 0.000000000000000000, -1.000000000000000000 ) ) ;
#4872 = DIRECTION ( 'NONE',  ( 1.000000000000000000, 0.000000000000000000, 0.000000000000000000 ) ) ;
#4873 = EDGE_CURVE ( 'NONE', #7749, #2874, #1501, .T. ) ;
#4874 = VECTOR ( 'NONE', #11323, 1000.000000000000000 ) ;
#4875 = CARTESIAN_POINT ( 'NONE',  ( 4.499999999999992006, 29.71110255092798269, 4.000000000000000000 ) ) ;
#4876 = VECTOR ( 'NONE', #2682, 1000.000000000000000 ) ;
#4877 = FACE_OUTER_BOUND ( 'NONE', #761, .T. ) ;
#4878 = EDGE_CURVE ( 'NONE', #10306, #2565, #9834, .T. ) ;
#4879 = DIRECTION ( 'NONE',  ( -0.000000000000000000, -0.000000000000000000, 1.000000000000000000 ) ) ;
#4880 = ORIENTED_EDGE ( 'NONE', *, *, #4376, .F. ) ;
#4881 = DIRECTION ( 'NONE',  ( 0.000000000000000000, 0.000000000000000000, -1.000000000000000000 ) ) ;
#4882 = ORIENTED_EDGE ( 'NONE', *, *, #7107, .T. ) ;
#4883 = CYLINDRICAL_SURFACE ( 'NONE', #5079, 1.500000000000001332 ) ;
#4884 = DIRECTION ( 'NONE',  ( -1.000000000000000000, 0.000000000000000000, 0.000000000000000000 ) ) ;
#4885 = CARTESIAN_POINT ( 'NONE',  ( -7.417490509986726543, 54.99999999999998579, 12.24701845867947192 ) ) ;
#4886 = CYLINDRICAL_SURFACE ( 'NONE', #7601, 1.500000000000001332 ) ;
#4887 = EDGE_LOOP ( 'NONE', ( #2701, #2338, #7231, #5921 ) ) ;
#4888 = EDGE_CURVE ( 'NONE', #7888, #3018, #11652, .T. ) ;
#4889 = PLANE ( 'NONE',  #723 ) ;
#4890 = DIRECTION ( 'NONE',  ( 0.000000000000000000, 0.000000000000000000, 1.000000000000000000 ) ) ;
#4891 = VERTEX_POINT ( 'NONE', #6845 ) ;
#4892 = EDGE_CURVE ( 'NONE', #3146, #5744, #8536, .T. ) ;
#4893 = ADVANCED_FACE ( 'NONE', ( #10684 ), #1854, .F. ) ;
#4894 = VERTEX_POINT ( 'NONE', #5943 ) ;
#4895 = VECTOR ( 'NONE', #10063, 1000.000000000000000 ) ;
#4896 = LINE ( 'NONE', #7039, #1820 ) ;
#4897 = ORIENTED_EDGE ( 'NONE', *, *, #8060, .T. ) ;
#4898 = EDGE_LOOP ( 'NONE', ( #22, #7901, #5186, #12343 ) ) ;
#4899 = DIRECTION ( 'NONE',  ( -0.000000000000000000, -0.000000000000000000, 1.000000000000000000 ) ) ;
#4900 = CARTESIAN_POINT ( 'NONE',  ( -63.10834863807769324, -21.50000000000000000, 38.73518082150910402 ) ) ;
#4901 = CARTESIAN_POINT ( 'NONE',  ( 21.49999999999995381, 53.50000000000000000, 4.000000000000000000 ) ) ;
#4902 = CARTESIAN_POINT ( 'NONE',  ( 40.49999999999998579, -49.49999999999998579, 7.000000000000000888 ) ) ;
#4903 = EDGE_CURVE ( 'NONE', #12372, #551, #4962, .T. ) ;
#4904 = ORIENTED_EDGE ( 'NONE', *, *, #200, .F. ) ;
#4905 = EDGE_LOOP ( 'NONE', ( #9681, #680 ) ) ;
#4906 = ADVANCED_FACE ( 'NONE', ( #4763 ), #8982, .T. ) ;
#4907 = CARTESIAN_POINT ( 'NONE',  ( 31.99999999999998579, -54.99999999999999289, 4.000000000000000000 ) ) ;
#4908 = ORIENTED_EDGE ( 'NONE', *, *, #2749, .F. ) ;
#4909 = VERTEX_POINT ( 'NONE', #11728 ) ;
#4910 = DIRECTION ( 'NONE',  ( -0.000000000000000000, -0.000000000000000000, -1.000000000000000000 ) ) ;
#4911 = CIRCLE ( 'NONE', #6993, 2.300000000000003375 ) ;
#4912 = ORIENTED_EDGE ( 'NONE', *, *, #7745, .F. ) ;
#4913 = PLANE ( 'NONE',  #3165 ) ;
#4915 = EDGE_CURVE ( 'NONE', #6209, #7810, #4802, .T. ) ;
#4914 = ORIENTED_EDGE ( 'NONE', *, *, #8607, .F. ) ;
#4916 = EDGE_CURVE ( 'NONE', #261, #3840, #8719, .T. ) ;
#4917 = DIRECTION ( 'NONE',  ( -0.000000000000000000, -0.000000000000000000, 1.000000000000000000 ) ) ;
#4918 = CARTESIAN_POINT ( 'NONE',  ( 26.00000000000000355, 6.500000000000002665, 12.50000000000000000 ) ) ;
#4919 = DIRECTION ( 'NONE',  ( -1.000000000000000000, 0.000000000000000000, 0.000000000000000000 ) ) ;
#4920 = VECTOR ( 'NONE', #6793, 1000.000000000000000 ) ;
#4921 = CARTESIAN_POINT ( 'NONE',  ( -48.82629537293660604, -21.50000000000000000, 59.13206672430499111 ) ) ;
#4922 = CARTESIAN_POINT ( 'NONE',  ( -49.83366538152844072, -21.50000000000000000, 61.18028684572497156 ) ) ;
#4923 = ORIENTED_EDGE ( 'NONE', *, *, #5649, .F. ) ;
#4924 = DIRECTION ( 'NONE',  ( -0.000000000000000000, -0.000000000000000000, 1.000000000000000000 ) ) ;
#4925 = DIRECTION ( 'NONE',  ( 0.000000000000000000, 0.7071067811865474617, -0.7071067811865474617 ) ) ;
#4926 = ORIENTED_EDGE ( 'NONE', *, *, #7672, .F. ) ;
#4927 = VECTOR ( 'NONE', #3721, 1000.000000000000000 ) ;
#4928 = VECTOR ( 'NONE', #4630, 1000.000000000000000 ) ;
#4929 = DIRECTION ( 'NONE',  ( 1.000000000000000000, 0.000000000000000000, 0.000000000000000000 ) ) ;
#4930 = DIRECTION ( 'NONE',  ( -6.431493630526820143E-17, -1.000000000000000000, -2.900465980453160465E-16 ) ) ;
#4931 = DIRECTION ( 'NONE',  ( 1.000000000000000000, -1.807003620809172413E-16, 0.000000000000000000 ) ) ;
#4932 = CARTESIAN_POINT ( 'NONE',  ( -63.19026384250660300, -21.50000000000000000, 38.79253846514421156 ) ) ;
#4933 = CARTESIAN_POINT ( 'NONE',  ( -49.67017498336817738, 19.00000000000000000, 58.62426045898530447 ) ) ;
#4934 = VECTOR ( 'NONE', #5983, 1000.000000000000114 ) ;
#4935 = VECTOR ( 'NONE', #5635, 1000.000000000000114 ) ;
#4936 = DIRECTION ( 'NONE',  ( -0.8191520442889905773, -0.000000000000000000, 0.5735764363510477137 ) ) ;
#4937 = ORIENTED_EDGE ( 'NONE', *, *, #6810, .F. ) ;
#4938 = FACE_OUTER_BOUND ( 'NONE', #2885, .T. ) ;
#4939 = PLANE ( 'NONE',  #3481 ) ;
#4940 = EDGE_CURVE ( 'NONE', #1801, #3269, #116, .T. ) ;
#4941 = LINE ( 'NONE', #7996, #4934 ) ;
#4942 = ORIENTED_EDGE ( 'NONE', *, *, #2182, .F. ) ;
#4943 = LINE ( 'NONE', #10852, #4005 ) ;
#4944 = AXIS2_PLACEMENT_3D ( 'NONE', #10698, #8803, #7769 ) ;
#4945 = EDGE_LOOP ( 'NONE', ( #5597, #10975, #11542, #4523 ) ) ;
#4946 = CARTESIAN_POINT ( 'NONE',  ( -6.500000000000002665, 53.50000000000000000, 4.000000000000000000 ) ) ;
#4947 = CARTESIAN_POINT ( 'NONE',  ( 8.999999999999992895, 30.86660026534075740, 12.50000000000000000 ) ) ;
#4948 = EDGE_CURVE ( 'NONE', #11897, #2304, #4186, .T. ) ;
#4949 = CARTESIAN_POINT ( 'NONE',  ( 8.999999999999992895, 12.49999999999999289, 12.00000000000000000 ) ) ;
#4950 = CARTESIAN_POINT ( 'NONE',  ( -32.00000000000002132, 54.99999999999999289, 12.00000000000001066 ) ) ;
#4951 = VERTEX_POINT ( 'NONE', #5874 ) ;
#4952 = LINE ( 'NONE', #2881, #11936 ) ;
#4953 = CARTESIAN_POINT ( 'NONE',  ( -51.24999999999999289, -30.00000000000000000, 10.94669914110090048 ) ) ;
#4954 = ORIENTED_EDGE ( 'NONE', *, *, #4316, .F. ) ;
#4955 = ORIENTED_EDGE ( 'NONE', *, *, #11218, .F. ) ;
#4956 = CARTESIAN_POINT ( 'NONE',  ( 7.499999999999992895, 22.50000000000000355, 4.000000000000000000 ) ) ;
#4957 = ORIENTED_EDGE ( 'NONE', *, *, #11264, .T. ) ;
#4958 = ORIENTED_EDGE ( 'NONE', *, *, #6407, .F. ) ;
#4959 = CARTESIAN_POINT ( 'NONE',  ( 43.49999999999997868, 11.00000000000000355, 12.00000000000002842 ) ) ;
#4960 = CARTESIAN_POINT ( 'NONE',  ( 27.50000000000000355, 12.49999999999999645, 2.500000000000000000 ) ) ;
#4961 = EDGE_CURVE ( 'NONE', #7771, #5793, #3793, .T. ) ;
#4962 = LINE ( 'NONE', #9701, #1698 ) ;
#4963 = FACE_OUTER_BOUND ( 'NONE', #92, .T. ) ;
#4964 = EDGE_CURVE ( 'NONE', #10084, #10008, #47, .T. ) ;
#4965 = VERTEX_POINT ( 'NONE', #6784 ) ;
#4966 = ORIENTED_EDGE ( 'NONE', *, *, #861, .T. ) ;
#4967 = EDGE_CURVE ( 'NONE', #780, #11923, #663, .T. ) ;
#4968 = LINE ( 'NONE', #9963, #12052 ) ;
#4969 = VERTEX_POINT ( 'NONE', #3985 ) ;
#4970 = ORIENTED_EDGE ( 'NONE', *, *, #8117, .T. ) ;
#4971 = LINE ( 'NONE', #190, #4295 ) ;
#4972 = ORIENTED_EDGE ( 'NONE', *, *, #12203, .T. ) ;
#4973 = EDGE_CURVE ( 'NONE', #8626, #3634, #7911, .T. ) ;
#4974 = CARTESIAN_POINT ( 'NONE',  ( 44.99999999999997868, -40.99999999999998579, 2.500000000000000000 ) ) ;
#4975 = VERTEX_POINT ( 'NONE', #3028 ) ;
#4976 = DIRECTION ( 'NONE',  ( -0.000000000000000000, -0.000000000000000000, 1.000000000000000000 ) ) ;
#4977 = CARTESIAN_POINT ( 'NONE',  ( -3.000000000000002665, -53.50000000000000000, 12.50000000000000000 ) ) ;
#4978 = DIRECTION ( 'NONE',  ( 1.000000000000000000, 0.000000000000000000, 0.000000000000000000 ) ) ;
#4979 = EDGE_CURVE ( 'NONE', #3290, #7480, #6983, .T. ) ;
#4980 = DIRECTION ( 'NONE',  ( -0.000000000000000000, -0.000000000000000000, -1.000000000000000000 ) ) ;
#4981 = CIRCLE ( 'NONE', #9748, 0.9999999999999942268 ) ;
#4982 = FACE_OUTER_BOUND ( 'NONE', #3505, .T. ) ;
#4983 = ORIENTED_EDGE ( 'NONE', *, *, #3912, .T. ) ;
#4984 = LINE ( 'NONE', #3944, #305 ) ;
#4985 = EDGE_CURVE ( 'NONE', #2628, #11287, #6004, .T. ) ;
#4986 = CARTESIAN_POINT ( 'NONE',  ( 8.082509490013270792, 55.00000000000000000, 12.24701845867948080 ) ) ;
#4987 = VERTEX_POINT ( 'NONE', #10089 ) ;
#4988 = CARTESIAN_POINT ( 'NONE',  ( -49.80859780468833264, -14.49999999999999822, 64.70298064686514294 ) ) ;
#4989 = DIRECTION ( 'NONE',  ( -0.1736481776669465127, 0.000000000000000000, 0.9848077530122051337 ) ) ;
#4990 = CARTESIAN_POINT ( 'NONE',  ( 30.45884282854058256, 18.99999999999999645, -24.33972279500559566 ) ) ;
#4991 = DIRECTION ( 'NONE',  ( -0.000000000000000000, -0.000000000000000000, -1.000000000000000000 ) ) ;
#4992 = DIRECTION ( 'NONE',  ( 1.732199970982700231E-15, 1.000000000000000000, 2.473837935837685438E-15 ) ) ;
#4993 = ORIENTED_EDGE ( 'NONE', *, *, #1482, .T. ) ;
#4994 = CARTESIAN_POINT ( 'NONE',  ( 10.29999999999996163, 22.50000000000000355, 12.50000000000000000 ) ) ;
#4995 = DIRECTION ( 'NONE',  ( -1.000000000000000000, 0.000000000000000000, -0.000000000000000000 ) ) ;
#4996 = DIRECTION ( 'NONE',  ( -0.000000000000000000, -0.000000000000000000, 1.000000000000000000 ) ) ;
#4997 = CIRCLE ( 'NONE', #12465, 1.499999999999997780 ) ;
#4998 = ORIENTED_EDGE ( 'NONE', *, *, #7739, .F. ) ;
#4999 = ADVANCED_FACE ( 'NONE', ( #237 ), #4122, .F. ) ;
#5000 = EDGE_LOOP ( 'NONE', ( #8466, #7462, #603, #8084 ) ) ;
#5001 = CARTESIAN_POINT ( 'NONE',  ( -32.00000000000000000, -53.50000000000000711, 4.000000000000000000 ) ) ;
#5002 = DIRECTION ( 'NONE',  ( 0.000000000000000000, 0.000000000000000000, 1.000000000000000000 ) ) ;
#5003 = CARTESIAN_POINT ( 'NONE',  ( -7.822875655532267380, 55.00000000000000711, 12.50000000000000000 ) ) ;
#5004 = DIRECTION ( 'NONE',  ( -1.000000000000000000, 0.000000000000000000, 0.000000000000000000 ) ) ;
#5005 = VERTEX_POINT ( 'NONE', #7239 ) ;
#5006 = EDGE_CURVE ( 'NONE', #2425, #5053, #366, .T. ) ;
#5007 = CARTESIAN_POINT ( 'NONE',  ( -45.00000000000002132, 32.49999999999998579, 25.00000000000000000 ) ) ;
#5008 = CIRCLE ( 'NONE', #9566, 2.000000000000029310 ) ;
#5009 = DIRECTION ( 'NONE',  ( -0.000000000000000000, -0.000000000000000000, -1.000000000000000000 ) ) ;
#5010 = VERTEX_POINT ( 'NONE', #1210 ) ;
#5011 = ADVANCED_FACE ( 'NONE', ( #10021 ), #12046, .T. ) ;
#5012 = DIRECTION ( 'NONE',  ( 1.000000000000000000, 0.000000000000000000, 0.000000000000000000 ) ) ;
#5013 = VERTEX_POINT ( 'NONE', #10150 ) ;
#5014 = DIRECTION ( 'NONE',  ( -0.7071067811865416886, 8.659560562354861368E-17, 0.7071067811865533459 ) ) ;
#5015 = AXIS2_PLACEMENT_3D ( 'NONE', #4530, #12210, #12393 ) ;
#5016 = ORIENTED_EDGE ( 'NONE', *, *, #2729, .F. ) ;
#5017 = AXIS2_PLACEMENT_3D ( 'NONE', #8192, #11116, #3126 ) ;
#5018 = CONICAL_SURFACE ( 'NONE', #1297, 1.000000000000014655, 0.7853981633974361776 ) ;
#5019 = CARTESIAN_POINT ( 'NONE',  ( -47.49999999999999289, 49.49999999999997868, 14.10000000000000142 ) ) ;
#5020 = CARTESIAN_POINT ( 'NONE',  ( -23.49999999999997868, 24.99999999999999289, 12.00000000000000000 ) ) ;
#5021 = DIRECTION ( 'NONE',  ( -0.7071067811865101582, -0.000000000000000000, -0.7071067811865847652 ) ) ;
#5022 = CARTESIAN_POINT ( 'NONE',  ( 21.49999999999999289, 6.500000000000002665, 12.50000000000000000 ) ) ;
#5023 = EDGE_LOOP ( 'NONE', ( #7684, #11911, #1440, #7236 ) ) ;
#5024 = EDGE_LOOP ( 'NONE', ( #2098, #12179, #5891, #5935 ) ) ;
#5025 = DIRECTION ( 'NONE',  ( 0.000000000000000000, 0.000000000000000000, -1.000000000000000000 ) ) ;
#5026 = AXIS2_PLACEMENT_3D ( 'NONE', #4977, #62, #2064 ) ;
#5027 = AXIS2_PLACEMENT_3D ( 'NONE', #10333, #6621, #6503 ) ;
#5028 = AXIS2_PLACEMENT_3D ( 'NONE', #12419, #10396, #4429 ) ;
#5029 = EDGE_LOOP ( 'NONE', ( #12598, #2460, #1403, #2053 ) ) ;
#5030 = ADVANCED_FACE ( 'NONE', ( #1268 ), #12274, .F. ) ;
#5031 = VERTEX_POINT ( 'NONE', #11130 ) ;
#5032 = CARTESIAN_POINT ( 'NONE',  ( 9.000000000000001776, 53.50000000000000000, -142.1267040355189977 ) ) ;
#5033 = ORIENTED_EDGE ( 'NONE', *, *, #12574, .F. ) ;
#5034 = DIRECTION ( 'NONE',  ( 0.5735764363510474917, 0.000000000000000000, 0.8191520442889906883 ) ) ;
#5035 = EDGE_CURVE ( 'NONE', #3606, #2628, #5207, .T. ) ;
#5036 = ORIENTED_EDGE ( 'NONE', *, *, #10837, .F. ) ;
#5037 = DIRECTION ( 'NONE',  ( 1.000000000000000000, 0.000000000000000000, 0.000000000000000000 ) ) ;
#5038 = CARTESIAN_POINT ( 'NONE',  ( -40.50000000000002132, 49.49999999999997868, 11.99999999999998934 ) ) ;
#5039 = CONICAL_SURFACE ( 'NONE', #3181, 3.349999999999991651, 0.7853981633974439491 ) ;
#5041 = VECTOR ( 'NONE', #12189, 1000.000000000000114 ) ;
#5040 = FACE_OUTER_BOUND ( 'NONE', #11913, .T. ) ;
#5042 = CYLINDRICAL_SURFACE ( 'NONE', #12076, 2.300000000000010481 ) ;
#5043 = ORIENTED_EDGE ( 'NONE', *, *, #11411, .T. ) ;
#5044 = ADVANCED_FACE ( 'NONE', ( #3212 ), #5346, .F. ) ;
#5045 = DIRECTION ( 'NONE',  ( -0.000000000000000000, -0.000000000000000000, -1.000000000000000000 ) ) ;
#5046 = ORIENTED_EDGE ( 'NONE', *, *, #9936, .F. ) ;
#5047 = EDGE_CURVE ( 'NONE', #11988, #3065, #7700, .T. ) ;
#5048 = AXIS2_PLACEMENT_3D ( 'NONE', #5234, #9130, #9072 ) ;
#5049 = CARTESIAN_POINT ( 'NONE',  ( 7.500000000000000000, 55.00000000000000000, 12.50000000000000000 ) ) ;
#5050 = AXIS2_PLACEMENT_3D ( 'NONE', #8008, #3073, #4049 ) ;
#5051 = CARTESIAN_POINT ( 'NONE',  ( 27.50000000000000711, 8.000000000000005329, 12.00000000000000000 ) ) ;
#5052 = EDGE_CURVE ( 'NONE', #8069, #10482, #11443, .T. ) ;
#5053 = VERTEX_POINT ( 'NONE', #5282 ) ;
#5054 = EDGE_CURVE ( 'NONE', #2276, #3473, #10412, .T. ) ;
#5055 = CARTESIAN_POINT ( 'NONE',  ( 21.49999999999999289, 8.500000000000000000, 12.50000000000000000 ) ) ;
#5056 = LINE ( 'NONE', #11950, #1305 ) ;
#5057 = DIRECTION ( 'NONE',  ( -1.000000000000000000, 0.000000000000000000, 0.000000000000000000 ) ) ;
#5058 = AXIS2_PLACEMENT_3D ( 'NONE', #3359, #2396, #6353 ) ;
#5059 = CIRCLE ( 'NONE', #4847, 2.750000000000002665 ) ;
#5060 = FACE_OUTER_BOUND ( 'NONE', #6708, .T. ) ;
#5061 = CIRCLE ( 'NONE', #10878, 2.000000000000001776 ) ;
#5062 = LINE ( 'NONE', #153, #1117 ) ;
#5063 = VERTEX_POINT ( 'NONE', #5091 ) ;
#5064 = CARTESIAN_POINT ( 'NONE',  ( 10.49999999999999467, 14.54701313970656962, 4.000000000000000000 ) ) ;
#5065 = CARTESIAN_POINT ( 'NONE',  ( 42.79999999999999005, -49.49999999999998579, 12.00000000000003197 ) ) ;
#5066 = AXIS2_PLACEMENT_3D ( 'NONE', #3813, #7775, #5106 ) ;
#5067 = CARTESIAN_POINT ( 'NONE',  ( -33.50000000000002132, 49.49999999999998579, 12.00000000000001066 ) ) ;
#5068 = VECTOR ( 'NONE', #6297, 1000.000000000000000 ) ;
#5069 = AXIS2_PLACEMENT_3D ( 'NONE', #2494, #6446, #10406 ) ;
#5070 = ORIENTED_EDGE ( 'NONE', *, *, #9183, .F. ) ;
#5071 = CARTESIAN_POINT ( 'NONE',  ( -43.50000000000002132, -41.00000000000000711, 12.50000000000001066 ) ) ;
#5072 = ORIENTED_EDGE ( 'NONE', *, *, #7737, .F. ) ;
#5073 = EDGE_CURVE ( 'NONE', #8833, #4459, #6672, .T. ) ;
#5074 = LINE ( 'NONE', #4103, #8603 ) ;
#5075 = CARTESIAN_POINT ( 'NONE',  ( 44.99999999999997868, -42.32287565553232866, 12.50000000000000000 ) ) ;
#5076 = DIRECTION ( 'NONE',  ( -0.000000000000000000, -0.000000000000000000, 1.000000000000000000 ) ) ;
#5077 = CARTESIAN_POINT ( 'NONE',  ( -47.49999999999999289, 30.00000000000000000, 12.50000000000000000 ) ) ;
#5078 = ORIENTED_EDGE ( 'NONE', *, *, #8694, .F. ) ;
#5079 = AXIS2_PLACEMENT_3D ( 'NONE', #9618, #12806, #3906 ) ;
#5080 = AXIS2_PLACEMENT_3D ( 'NONE', #12442, #323, #7253 ) ;
#5081 = DIRECTION ( 'NONE',  ( 0.000000000000000000, 0.000000000000000000, -1.000000000000000000 ) ) ;
#5082 = CARTESIAN_POINT ( 'NONE',  ( -1.500000000000001332, -53.50000000000000000, 4.000000000000000000 ) ) ;
#5083 = VERTEX_POINT ( 'NONE', #182 ) ;
#5084 = DIRECTION ( 'NONE',  ( 0.000000000000000000, 0.7071067811865474617, -0.7071067811865474617 ) ) ;
#5085 = ORIENTED_EDGE ( 'NONE', *, *, #6010, .T. ) ;
#5086 = FACE_OUTER_BOUND ( 'NONE', #11364, .T. ) ;
#5087 = AXIS2_PLACEMENT_3D ( 'NONE', #7865, #11836, #2932 ) ;
#5088 = ORIENTED_EDGE ( 'NONE', *, *, #11317, .F. ) ;
#5089 = CARTESIAN_POINT ( 'NONE',  ( -49.34251416565256676, 14.49999999999999822, 58.39482988444487432 ) ) ;
#5090 = CARTESIAN_POINT ( 'NONE',  ( -43.74999999999999289, -53.75000000000000711, 0.000000000000000000 ) ) ;
#5091 = CARTESIAN_POINT ( 'NONE',  ( 31.99999999999997868, -49.49999999999998579, 2.500000000000000000 ) ) ;
#5092 = CARTESIAN_POINT ( 'NONE',  ( 21.49999999999995381, 53.50000000000000000, 2.500000000000000000 ) ) ;
#5093 = VERTEX_POINT ( 'NONE', #3277 ) ;
#5094 = EDGE_LOOP ( 'NONE', ( #8644, #131, #55, #8730 ) ) ;
#5095 = LINE ( 'NONE', #11263, #10672 ) ;
#5096 = AXIS2_PLACEMENT_3D ( 'NONE', #148, #1180, #5057 ) ;
#5097 = ORIENTED_EDGE ( 'NONE', *, *, #28, .F. ) ;
#5098 = ORIENTED_EDGE ( 'NONE', *, *, #9891, .T. ) ;
#5099 = FACE_OUTER_BOUND ( 'NONE', #8601, .T. ) ;
#5100 = ORIENTED_EDGE ( 'NONE', *, *, #4281, .T. ) ;
#5101 = EDGE_CURVE ( 'NONE', #3592, #6684, #3140, .T. ) ;
#5102 = LINE ( 'NONE', #9060, #5459 ) ;
#5103 = ORIENTED_EDGE ( 'NONE', *, *, #3080, .T. ) ;
#5104 = DIRECTION ( 'NONE',  ( 0.5735764363510448272, 1.927470528863118950E-15, 0.8191520442889926867 ) ) ;
#5105 = DIRECTION ( 'NONE',  ( 1.000000000000000000, 0.000000000000000000, 0.000000000000000000 ) ) ;
#5106 = DIRECTION ( 'NONE',  ( 1.000000000000000000, 0.000000000000000000, 0.000000000000000000 ) ) ;
#5107 = ADVANCED_FACE ( 'NONE', ( #7105 ), #2298, .T. ) ;
#5108 = DIRECTION ( 'NONE',  ( -4.336808689942017736E-17, 1.000000000000000000, -0.000000000000000000 ) ) ;
#5109 = CARTESIAN_POINT ( 'NONE',  ( -0.4529868602934363775, 19.49999999999999645, 4.000000000000000000 ) ) ;
#5110 = CARTESIAN_POINT ( 'NONE',  ( -33.50000000000000000, -49.50000000000000000, 12.00000000000001066 ) ) ;
#5111 = ORIENTED_EDGE ( 'NONE', *, *, #160, .T. ) ;
#5112 = CARTESIAN_POINT ( 'NONE',  ( 27.50000000000000711, 10.99999999999999645, 12.00000000000002842 ) ) ;
#5113 = DIRECTION ( 'NONE',  ( -3.250649523566087990E-16, -0.7071067811865493491, 0.7071067811865456854 ) ) ;
#5114 = VERTEX_POINT ( 'NONE', #12299 ) ;
#5115 = DIRECTION ( 'NONE',  ( 0.000000000000000000, 0.000000000000000000, -1.000000000000000000 ) ) ;
#5116 = FACE_BOUND ( 'NONE', #12043, .T. ) ;
#5117 = VECTOR ( 'NONE', #1925, 1000.000000000000000 ) ;
#5118 = CIRCLE ( 'NONE', #9465, 1.749999999999999778 ) ;
#5119 = DIRECTION ( 'NONE',  ( -1.000000000000000000, 0.000000000000000000, 0.000000000000000000 ) ) ;
#5120 = EDGE_CURVE ( 'NONE', #363, #3512, #7101, .T. ) ;
#5121 = DIRECTION ( 'NONE',  ( 0.000000000000000000, 0.000000000000000000, 1.000000000000000000 ) ) ;
#5122 = EDGE_CURVE ( 'NONE', #5355, #8513, #12238, .T. ) ;
#5123 = EDGE_CURVE ( 'NONE', #2432, #5259, #4196, .T. ) ;
#5124 = ADVANCED_FACE ( 'NONE', ( #10402, #10539 ), #6386, .F. ) ;
#5125 = FACE_OUTER_BOUND ( 'NONE', #379, .T. ) ;
#5126 = ORIENTED_EDGE ( 'NONE', *, *, #4456, .F. ) ;
#5127 = AXIS2_PLACEMENT_3D ( 'NONE', #5998, #1069, #5012 ) ;
#5128 = DIRECTION ( 'NONE',  ( 4.625929269271481378E-15, -1.000000000000000000, -0.000000000000000000 ) ) ;
#5130 = AXIS2_PLACEMENT_3D ( 'NONE', #3545, #10502, #5568 ) ;
#5129 = CARTESIAN_POINT ( 'NONE',  ( -64.77172030349572651, -14.49999999999999467, 36.35963989307104782 ) ) ;
#5131 = CYLINDRICAL_SURFACE ( 'NONE', #2254, 1.499999999999999556 ) ;
#5132 = VERTEX_POINT ( 'NONE', #10593 ) ;
#5133 = ADVANCED_FACE ( 'NONE', ( #1461 ), #3516, .T. ) ;
#5134 = CARTESIAN_POINT ( 'NONE',  ( -69.88855255229850627, -21.79999999999999361, 71.68262371323518778 ) ) ;
#5135 = ORIENTED_EDGE ( 'NONE', *, *, #6869, .T. ) ;
#5136 = DIRECTION ( 'NONE',  ( 1.000000000000000000, 0.000000000000000000, 0.000000000000000000 ) ) ;
#5137 = AXIS2_PLACEMENT_3D ( 'NONE', #8263, #2230, #12232 ) ;
#5138 = CARTESIAN_POINT ( 'NONE',  ( -32.91749050998673454, 54.99999999999997868, 12.24701845867947725 ) ) ;
#5139 = VECTOR ( 'NONE', #90, 1000.000000000000114 ) ;
#5140 = CARTESIAN_POINT ( 'NONE',  ( -48.19536129295045157, -21.50000000000000000, 60.03313397302287058 ) ) ;
#5141 = ORIENTED_EDGE ( 'NONE', *, *, #6674, .T. ) ;
#5142 = FACE_OUTER_BOUND ( 'NONE', #1213, .T. ) ;
#5143 = DIRECTION ( 'NONE',  ( 0.000000000000000000, 0.000000000000000000, -1.000000000000000000 ) ) ;
#5144 = EDGE_CURVE ( 'NONE', #5294, #2886, #6634, .T. ) ;
#5145 = EDGE_LOOP ( 'NONE', ( #3862, #7148, #12774, #9666 ) ) ;
#5146 = AXIS2_PLACEMENT_3D ( 'NONE', #2588, #6542, #11350 ) ;
#5147 = CARTESIAN_POINT ( 'NONE',  ( -3.000000000000001332, -53.50000000000000000, 4.000000000000000000 ) ) ;
#5148 = ORIENTED_EDGE ( 'NONE', *, *, #1324, .T. ) ;
#5149 = CYLINDRICAL_SURFACE ( 'NONE', #3778, 3.749999999999996447 ) ;
#5150 = ORIENTED_EDGE ( 'NONE', *, *, #4584, .F. ) ;
#5151 = CARTESIAN_POINT ( 'NONE',  ( 43.49999999999997868, -53.49999999999999289, -142.1267040355189977 ) ) ;
#5152 = CARTESIAN_POINT ( 'NONE',  ( 43.49999999999997868, 6.500000000000005329, 12.50000000000001066 ) ) ;
#5153 = CARTESIAN_POINT ( 'NONE',  ( 27.50000000000000711, 10.99999999999999822, 12.00000000000002842 ) ) ;
#5154 = EDGE_LOOP ( 'NONE', ( #12573, #8751, #4315 ) ) ;
#5155 = ORIENTED_EDGE ( 'NONE', *, *, #9329, .F. ) ;
#5156 = SPHERICAL_SURFACE ( 'NONE', #5680, 1.500000000000000000 ) ;
#5157 = ORIENTED_EDGE ( 'NONE', *, *, #6794, .T. ) ;
#5158 = ORIENTED_EDGE ( 'NONE', *, *, #1355, .F. ) ;
#5159 = CARTESIAN_POINT ( 'NONE',  ( 21.49999999999999289, 8.000000000000003553, 12.00000000000000000 ) ) ;
#5160 = EDGE_LOOP ( 'NONE', ( #9429, #4505, #6330, #3964 ) ) ;
#5161 = DIRECTION ( 'NONE',  ( 0.000000000000000000, 1.000000000000000000, 0.000000000000000000 ) ) ;
#5162 = ORIENTED_EDGE ( 'NONE', *, *, #6501, .F. ) ;
#5163 = DIRECTION ( 'NONE',  ( -0.000000000000000000, -0.000000000000000000, 1.000000000000000000 ) ) ;
#5164 = CARTESIAN_POINT ( 'NONE',  ( -39.99999999999999289, 61.25000000000001421, 25.00000000000000000 ) ) ;
#5165 = CARTESIAN_POINT ( 'NONE',  ( 44.99999999999997868, -42.49999999999998579, 4.000000000000000000 ) ) ;
#5166 = LINE ( 'NONE', #10165, #675 ) ;
#5167 = LINE ( 'NONE', #7193, #1881 ) ;
#5168 = EDGE_CURVE ( 'NONE', #2292, #4951, #1306, .T. ) ;
#5169 = DIRECTION ( 'NONE',  ( -1.000000000000000000, -2.312964634635742661E-15, 0.000000000000000000 ) ) ;
#5170 = VERTEX_POINT ( 'NONE', #5594 ) ;
#5171 = CARTESIAN_POINT ( 'NONE',  ( 30.39999999999999503, 62.50000000000001421, 0.000000000000000000 ) ) ;
#5172 = CARTESIAN_POINT ( 'NONE',  ( 8.879035643568485625, 54.99999999999999289, 12.00000000000001066 ) ) ;
#5173 = EDGE_LOOP ( 'NONE', ( #11156, #8910, #8390, #9288 ) ) ;
#5174 = EDGE_CURVE ( 'NONE', #11329, #11305, #9370, .T. ) ;
#5175 = DIRECTION ( 'NONE',  ( -1.000000000000000000, 0.000000000000000000, 0.000000000000000000 ) ) ;
#5176 = CARTESIAN_POINT ( 'NONE',  ( -38.19999999999999574, -49.49999999999999289, 12.50000000000000000 ) ) ;
#5177 = DIRECTION ( 'NONE',  ( -4.625929269271481378E-15, 1.000000000000000000, 0.000000000000000000 ) ) ;
#5178 = VECTOR ( 'NONE', #2158, 1000.000000000000000 ) ;
#5179 = CARTESIAN_POINT ( 'NONE',  ( 1.500000000000000000, -3.000000000000009326, 4.000000000000000000 ) ) ;
#5180 = EDGE_LOOP ( 'NONE', ( #9606, #4069, #8115, #10513 ) ) ;
#5181 = LINE ( 'NONE', #10255, #10887 ) ;
#5182 = LINE ( 'NONE', #7995, #10945 ) ;
#5183 = CIRCLE ( 'NONE', #645, 1.700000000000004174 ) ;
#5184 = ORIENTED_EDGE ( 'NONE', *, *, #10603, .T. ) ;
#5185 = CARTESIAN_POINT ( 'NONE',  ( 21.49999999999999289, 12.49999999999999467, 4.000000000000000000 ) ) ;
#5186 = ORIENTED_EDGE ( 'NONE', *, *, #1091, .F. ) ;
#5187 = DIRECTION ( 'NONE',  ( -0.000000000000000000, -0.000000000000000000, 1.000000000000000000 ) ) ;
#5188 = ADVANCED_FACE ( 'NONE', ( #8641 ), #8454, .F. ) ;
#5189 = EDGE_LOOP ( 'NONE', ( #12183, #575, #311, #843 ) ) ;
#5190 = CARTESIAN_POINT ( 'NONE',  ( 5.199999999999993072, 22.50000000000000355, 12.00000000000002309 ) ) ;
#5191 = CARTESIAN_POINT ( 'NONE',  ( -32.47298892395455283, 54.99999999999999289, 12.06870245856685564 ) ) ;
#5192 = DIRECTION ( 'NONE',  ( 0.000000000000000000, 0.000000000000000000, -1.000000000000000000 ) ) ;
#5193 = ORIENTED_EDGE ( 'NONE', *, *, #4418, .T. ) ;
#5194 = CARTESIAN_POINT ( 'NONE',  ( -51.47196947010641566, 21.50000000000000000, 62.32743971842705122 ) ) ;
#5195 = CARTESIAN_POINT ( 'NONE',  ( -34.99999999999999289, 62.50000000000001421, 19.00000000000000355 ) ) ;
#5196 = EDGE_CURVE ( 'NONE', #2367, #11287, #3401, .T. ) ;
#5197 = EDGE_LOOP ( 'NONE', ( #11515, #5764, #8468, #8702, #3748, #2303, #2006, #1465, #3168, #12273, #7286, #8522, #3021, #5043, #3649, #1549, #1997, #273, #4287, #1898, #9581, #304, #1189, #4970, #4180, #11632, #12243, #6668, #1849, #7424, #4537, #9968, #5489, #9799, #11685, #702, #6466, #7302, #8577, #9182, #12244, #419, #10787, #7005, #8277, #6455 ) ) ;
#5198 = AXIS2_PLACEMENT_3D ( 'NONE', #12727, #6819, #12794 ) ;
#5199 = EDGE_CURVE ( 'NONE', #2211, #6612, #9499, .T. ) ;
#5200 = EDGE_CURVE ( 'NONE', #8725, #2224, #12082, .T. ) ;
#5201 = EDGE_CURVE ( 'NONE', #5884, #3855, #6477, .T. ) ;
#5202 = ORIENTED_EDGE ( 'NONE', *, *, #4476, .T. ) ;
#5203 = EDGE_CURVE ( 'NONE', #1965, #1629, #10478, .T. ) ;
#5204 = ORIENTED_EDGE ( 'NONE', *, *, #3508, .T. ) ;
#5205 = CARTESIAN_POINT ( 'NONE',  ( -65.35251922980178563, -21.50000000000000000, 42.50396024663347561 ) ) ;
#5206 = CARTESIAN_POINT ( 'NONE',  ( 2.999999999999997335, 53.50000000000000000, 4.000000000000000000 ) ) ;
#5207 = LINE ( 'NONE', #7174, #8326 ) ;
#5208 = DIRECTION ( 'NONE',  ( -0.000000000000000000, -0.000000000000000000, -1.000000000000000000 ) ) ;
#5209 = AXIS2_PLACEMENT_3D ( 'NONE', #267, #7014, #4208 ) ;
#5210 = ORIENTED_EDGE ( 'NONE', *, *, #10101, .T. ) ;
#5211 = ORIENTED_EDGE ( 'NONE', *, *, #2411, .T. ) ;
#5212 = DIRECTION ( 'NONE',  ( 1.000000000000000000, 0.000000000000000000, 0.000000000000000000 ) ) ;
#5213 = ORIENTED_EDGE ( 'NONE', *, *, #3078, .F. ) ;
#5214 = ORIENTED_EDGE ( 'NONE', *, *, #2270, .F. ) ;
#5215 = CONICAL_SURFACE ( 'NONE', #5248, 1.999999999999994893, 0.7853981633974426169 ) ;
#5216 = DIRECTION ( 'NONE',  ( -0.000000000000000000, -0.000000000000000000, 1.000000000000000000 ) ) ;
#5217 = VECTOR ( 'NONE', #3664, 1000.000000000000000 ) ;
#5218 = CIRCLE ( 'NONE', #4818, 1.750000000000001554 ) ;
#5219 = EDGE_LOOP ( 'NONE', ( #7282, #2550, #5748, #8941 ) ) ;
#5220 = CARTESIAN_POINT ( 'NONE',  ( 43.49999999999997868, 12.50000000000000178, 12.50000000000000000 ) ) ;
#5221 = VERTEX_POINT ( 'NONE', #613 ) ;
#5222 = CARTESIAN_POINT ( 'NONE',  ( -40.50000000000000000, -49.49999999999999289, 12.50000000000000000 ) ) ;
#5223 = DIRECTION ( 'NONE',  ( -1.000000000000000000, 0.000000000000000000, 0.000000000000000000 ) ) ;
#5224 = CARTESIAN_POINT ( 'NONE',  ( 26.00000000000000355, 12.49999999999999645, 12.00000000000002842 ) ) ;
#5225 = EDGE_CURVE ( 'NONE', #7049, #1220, #3580, .T. ) ;
#5227 = DIRECTION ( 'NONE',  ( 0.000000000000000000, 0.000000000000000000, -1.000000000000000000 ) ) ;
#5226 = AXIS2_PLACEMENT_3D ( 'NONE', #9016, #1179, #10060 ) ;
#5228 = AXIS2_PLACEMENT_3D ( 'NONE', #744, #2491, #6442 ) ;
#5229 = CIRCLE ( 'NONE', #2133, 2.299999999999996270 ) ;
#5230 = CARTESIAN_POINT ( 'NONE',  ( 29.99999999999998579, -61.25000000000001421, 45.15564437074637993 ) ) ;
#5231 = CARTESIAN_POINT ( 'NONE',  ( -45.00000000000002132, 49.49999999999997158, 14.10000000000000142 ) ) ;
#5232 = ORIENTED_EDGE ( 'NONE', *, *, #8863, .F. ) ;
#5233 = ADVANCED_FACE ( 'NONE', ( #11519 ), #6898, .F. ) ;
#5234 = CARTESIAN_POINT ( 'NONE',  ( 6.999999999999992006, 30.86660026534075740, 12.50000000000000000 ) ) ;
#5235 = CARTESIAN_POINT ( 'NONE',  ( -62.61668740615555606, 21.49999999999998934, 39.61169050943319547 ) ) ;
#5236 = EDGE_LOOP ( 'NONE', ( #2822, #8937, #10336, #3003 ) ) ;
#5237 = VECTOR ( 'NONE', #9063, 1000.000000000000000 ) ;
#5238 = VECTOR ( 'NONE', #9101, 1000.000000000000000 ) ;
#5239 = VECTOR ( 'NONE', #10159, 1000.000000000000000 ) ;
#5240 = FACE_OUTER_BOUND ( 'NONE', #6131, .T. ) ;
#5241 = DIRECTION ( 'NONE',  ( 0.000000000000000000, 0.000000000000000000, 1.000000000000000000 ) ) ;
#5242 = ORIENTED_EDGE ( 'NONE', *, *, #2358, .F. ) ;
#5243 = PLANE ( 'NONE',  #8328 ) ;
#5244 = VECTOR ( 'NONE', #6552, 1000.000000000000000 ) ;
#5245 = AXIS2_PLACEMENT_3D ( 'NONE', #10149, #2297, #4306 ) ;
#5246 = VECTOR ( 'NONE', #3625, 1000.000000000000000 ) ;
#5247 = PLANE ( 'NONE',  #10233 ) ;
#5248 = AXIS2_PLACEMENT_3D ( 'NONE', #5071, #9029, #161 ) ;
#5249 = VERTEX_POINT ( 'NONE', #8580 ) ;
#5250 = CARTESIAN_POINT ( 'NONE',  ( 30.45884282854058256, -18.99999999999999645, -24.33972279500559566 ) ) ;
#5251 = DIRECTION ( 'NONE',  ( 0.000000000000000000, 0.000000000000000000, 1.000000000000000000 ) ) ;
#5252 = ORIENTED_EDGE ( 'NONE', *, *, #9841, .T. ) ;
#5253 = ORIENTED_EDGE ( 'NONE', *, *, #8590, .F. ) ;
#5254 = CARTESIAN_POINT ( 'NONE',  ( 7.499999999999992895, 22.50000000000000355, 2.500000000000000000 ) ) ;
#5255 = ADVANCED_FACE ( 'NONE', ( #12553 ), #3647, .T. ) ;
#5256 = AXIS2_PLACEMENT_3D ( 'NONE', #8293, #5115, #336 ) ;
#5257 = UNCERTAINTY_MEASURE_WITH_UNIT (LENGTH_MEASURE( 1.000000000000000082E-05 ), #8543, 'distance_accuracy_value', 'NONE');
#5258 = VECTOR ( 'NONE', #8483, 1000.000000000000000 ) ;
#5259 = VERTEX_POINT ( 'NONE', #2681 ) ;
#5260 = CIRCLE ( 'NONE', #3810, 4.500000000000001776 ) ;
#5261 = CARTESIAN_POINT ( 'NONE',  ( -66.38495681523366443, 21.49999999999998934, 41.02948656691329887 ) ) ;
#5262 = LINE ( 'NONE', #9229, #473 ) ;
#5263 = FACE_OUTER_BOUND ( 'NONE', #8793, .T. ) ;
#5264 = VERTEX_POINT ( 'NONE', #6766 ) ;
#5265 = EDGE_CURVE ( 'NONE', #8721, #7049, #11590, .T. ) ;
#5266 = AXIS2_PLACEMENT_3D ( 'NONE', #8708, #7738, #6835 ) ;
#5267 = DIRECTION ( 'NONE',  ( 2.502005013428087819E-17, 1.000000000000000000, 0.000000000000000000 ) ) ;
#5268 = AXIS2_PLACEMENT_3D ( 'NONE', #4449, #3476, #7490 ) ;
#5269 = CARTESIAN_POINT ( 'NONE',  ( -50.89839303375537582, 21.50000000000000000, 63.14659176271604224 ) ) ;
#5270 = CIRCLE ( 'NONE', #1350, 1.500000000000001332 ) ;
#5271 = EDGE_CURVE ( 'NONE', #1847, #4278, #1707, .T. ) ;
#5272 = CONICAL_SURFACE ( 'NONE', #9614, 2.300000000000003375, 0.7853981633974344012 ) ;
#5273 = VERTEX_POINT ( 'NONE', #3009 ) ;
#5274 = DIRECTION ( 'NONE',  ( 1.000000000000000000, 0.000000000000000000, 0.000000000000000000 ) ) ;
#5275 = ORIENTED_EDGE ( 'NONE', *, *, #2744, .F. ) ;
#5276 = CARTESIAN_POINT ( 'NONE',  ( 22.99999999999999645, 6.500000000000000888, 12.00000000000000000 ) ) ;
#5277 = ORIENTED_EDGE ( 'NONE', *, *, #10842, .F. ) ;
#5278 = DIRECTION ( 'NONE',  ( 0.5735764363510470476, 3.435095992033281961E-16, 0.8191520442889911324 ) ) ;
#5279 = LINE ( 'NONE', #299, #291 ) ;
#5280 = CIRCLE ( 'NONE', #4457, 3.750000000000000000 ) ;
#5281 = CIRCLE ( 'NONE', #9634, 1.750000000000001554 ) ;
#5283 = CIRCLE ( 'NONE', #1150, 1.499999999999999556 ) ;
#5282 = CARTESIAN_POINT ( 'NONE',  ( 47.50000000000000711, -53.75000000000000711, 0.4000000000000114575 ) ) ;
#5284 = ADVANCED_FACE ( 'NONE', ( #10732 ), #7804, .F. ) ;
#5285 = DIRECTION ( 'NONE',  ( -0.9848077530122089085, 8.659560562354905741E-17, -0.1736481776669255017 ) ) ;
#5286 = AXIS2_PLACEMENT_3D ( 'NONE', #6390, #3464, #7481 ) ;
#5287 = ORIENTED_EDGE ( 'NONE', *, *, #11563, .F. ) ;
#5288 = ORIENTED_EDGE ( 'NONE', *, *, #10400, .F. ) ;
#5289 = CARTESIAN_POINT ( 'NONE',  ( -12.49999999999998046, 24.00000000000000000, 2.500000000000000000 ) ) ;
#5290 = EDGE_CURVE ( 'NONE', #11740, #9765, #8838, .T. ) ;
#5291 = ADVANCED_FACE ( 'NONE', ( #10790 ), #9817, .F. ) ;
#5292 = EDGE_CURVE ( 'NONE', #7181, #1519, #6322, .T. ) ;
#5293 = VERTEX_POINT ( 'NONE', #4815 ) ;
#5294 = VERTEX_POINT ( 'NONE', #3846 ) ;
#5295 = VECTOR ( 'NONE', #5278, 1000.000000000000114 ) ;
#5296 = AXIS2_PLACEMENT_3D ( 'NONE', #614, #4556, #7547 ) ;
#5297 = FACE_BOUND ( 'NONE', #4364, .T. ) ;
#5298 = ORIENTED_EDGE ( 'NONE', *, *, #10774, .F. ) ;
#5299 = CARTESIAN_POINT ( 'NONE',  ( -49.85873295836848484, 24.99999999999999289, 57.65759304458477885 ) ) ;
#5300 = VERTEX_POINT ( 'NONE', #6695 ) ;
#5301 = LINE ( 'NONE', #7189, #5485 ) ;
#5302 = EDGE_CURVE ( 'NONE', #8478, #11892, #12809, .T. ) ;
#5303 = DIRECTION ( 'NONE',  ( 1.000000000000000000, 0.000000000000000000, 0.000000000000000000 ) ) ;
#5304 = DIRECTION ( 'NONE',  ( 0.000000000000000000, 0.000000000000000000, -1.000000000000000000 ) ) ;
#5305 = CIRCLE ( 'NONE', #6133, 1.749999999999999778 ) ;
#5306 = CARTESIAN_POINT ( 'NONE',  ( 23.49999999999999645, 12.49999999999999645, 12.50000000000000000 ) ) ;
#5307 = CARTESIAN_POINT ( 'NONE',  ( 26.00000000000000000, 53.50000000000000711, 2.500000000000000000 ) ) ;
#5308 = CARTESIAN_POINT ( 'NONE',  ( 34.99999999999999289, -62.50000000000001421, 11.97853694765314714 ) ) ;
#5309 = EDGE_LOOP ( 'NONE', ( #3266, #12758, #12712, #8985 ) ) ;
#5310 = DIRECTION ( 'NONE',  ( 0.000000000000000000, 0.000000000000000000, 1.000000000000000000 ) ) ;
#5311 = EDGE_CURVE ( 'NONE', #6570, #1624, #2030, .T. ) ;
#5312 = ADVANCED_FACE ( 'NONE', ( #6971 ), #7513, .F. ) ;
#5313 = VERTEX_POINT ( 'NONE', #8773 ) ;
#5314 = CARTESIAN_POINT ( 'NONE',  ( 26.00000000000000711, 12.49999999999999645, 12.50000000000000000 ) ) ;
#5315 = CARTESIAN_POINT ( 'NONE',  ( -40.50000000000000000, -49.49999999999999289, 7.000000000000000888 ) ) ;
#5316 = DIRECTION ( 'NONE',  ( 0.000000000000000000, 0.000000000000000000, 1.000000000000000000 ) ) ;
#5317 = DIRECTION ( 'NONE',  ( 1.000000000000000000, 0.000000000000000000, 0.000000000000000000 ) ) ;
#5318 = DIRECTION ( 'NONE',  ( 0.000000000000000000, -1.000000000000000000, 0.000000000000000000 ) ) ;
#5319 = ORIENTED_EDGE ( 'NONE', *, *, #10419, .T. ) ;
#5320 = DIRECTION ( 'NONE',  ( 1.000000000000000000, 0.000000000000000000, 0.000000000000000000 ) ) ;
#5321 = CARTESIAN_POINT ( 'NONE',  ( -12.50000000000000355, 55.00000000000000000, 17.10000000000000142 ) ) ;
#5322 = ORIENTED_EDGE ( 'NONE', *, *, #4561, .T. ) ;
#5323 = CIRCLE ( 'NONE', #5769, 1.500000000000001332 ) ;
#5324 = ORIENTED_EDGE ( 'NONE', *, *, #10122, .T. ) ;
#5325 = CARTESIAN_POINT ( 'NONE',  ( 3.000000000000007994, -53.50000000000000000, 12.50000000000000000 ) ) ;
#5326 = ORIENTED_EDGE ( 'NONE', *, *, #3017, .F. ) ;
#5327 = DIRECTION ( 'NONE',  ( -8.393823270855517276E-16, 1.000000000000000000, 0.000000000000000000 ) ) ;
#5328 = CYLINDRICAL_SURFACE ( 'NONE', #447, 1.500000000000000000 ) ;
#5329 = CARTESIAN_POINT ( 'NONE',  ( 43.49999999999997868, -40.99999999999998579, 4.000000000000000000 ) ) ;
#5330 = ORIENTED_EDGE ( 'NONE', *, *, #850, .F. ) ;
#5331 = AXIS2_PLACEMENT_3D ( 'NONE', #7767, #2837, #5563 ) ;
#5332 = AXIS2_PLACEMENT_3D ( 'NONE', #3565, #2541, #7533 ) ;
#5333 = FACE_OUTER_BOUND ( 'NONE', #8317, .T. ) ;
#5334 = ADVANCED_FACE ( 'NONE', ( #5791 ), #12494, .T. ) ;
#5335 = DIRECTION ( 'NONE',  ( 1.000000000000000000, 0.000000000000000000, 0.000000000000000000 ) ) ;
#5336 = ORIENTED_EDGE ( 'NONE', *, *, #3299, .F. ) ;
#5337 = LINE ( 'NONE', #9298, #12003 ) ;
#5338 = VERTEX_POINT ( 'NONE', #1002 ) ;
#5339 = ADVANCED_FACE ( 'NONE', ( #2934 ), #1970, .F. ) ;
#5340 = CARTESIAN_POINT ( 'NONE',  ( 27.49999999999999289, 53.50000000000000711, -142.1267040355189977 ) ) ;
#5341 = VECTOR ( 'NONE', #42, 1000.000000000000000 ) ;
#5342 = ORIENTED_EDGE ( 'NONE', *, *, #1802, .T. ) ;
#5343 = CIRCLE ( 'NONE', #1619, 1.500000000000001332 ) ;
#5344 = CARTESIAN_POINT ( 'NONE',  ( -33.50000000000002132, 49.49999999999998579, 12.50000000000000000 ) ) ;
#5345 = FACE_OUTER_BOUND ( 'NONE', #5000, .T. ) ;
#5346 = PLANE ( 'NONE',  #2727 ) ;
#5347 = CARTESIAN_POINT ( 'NONE',  ( 37.29999999999998295, 62.50000000000001421, 24.55000000000000071 ) ) ;
#5348 = ORIENTED_EDGE ( 'NONE', *, *, #11357, .F. ) ;
#5349 = DIRECTION ( 'NONE',  ( 0.5735764363510470476, 0.000000000000000000, 0.8191520442889911324 ) ) ;
#5350 = CIRCLE ( 'NONE', #6595, 2.299999999999996270 ) ;
#5351 = VECTOR ( 'NONE', #6351, 1000.000000000000000 ) ;
#5352 = ORIENTED_EDGE ( 'NONE', *, *, #4571, .F. ) ;
#5353 = VERTEX_POINT ( 'NONE', #866 ) ;
#5354 = LINE ( 'NONE', #2440, #12797 ) ;
#5355 = VERTEX_POINT ( 'NONE', #4949 ) ;
#5356 = ADVANCED_FACE ( 'NONE', ( #8901 ), #12743, .F. ) ;
#5357 = CARTESIAN_POINT ( 'NONE',  ( 3.586709235904113058, 55.00000000000001421, 12.10755915920906212 ) ) ;
#5358 = ORIENTED_EDGE ( 'NONE', *, *, #7222, .F. ) ;
#5359 = EDGE_CURVE ( 'NONE', #12156, #7875, #9749, .T. ) ;
#5360 = DIRECTION ( 'NONE',  ( 0.000000000000000000, -1.000000000000000000, 0.000000000000000000 ) ) ;
#5361 = CARTESIAN_POINT ( 'NONE',  ( -51.49703704694644557, 21.79999999999999361, 58.80474591728686562 ) ) ;
#5362 = AXIS2_PLACEMENT_3D ( 'NONE', #768, #2771, #6856 ) ;
#5363 = ADVANCED_FACE ( 'NONE', ( #1315 ), #2957, .F. ) ;
#5364 = DIRECTION ( 'NONE',  ( 1.807003620809172413E-16, 1.000000000000000000, 0.000000000000000000 ) ) ;
#5365 = DIRECTION ( 'NONE',  ( 0.5735764363510477137, 0.000000000000000000, 0.8191520442889906883 ) ) ;
#5366 = DIRECTION ( 'NONE',  ( 0.000000000000000000, 0.000000000000000000, 1.000000000000000000 ) ) ;
#5367 = CARTESIAN_POINT ( 'NONE',  ( 47.50000000000000711, 53.74999999999999289, 25.00000000000000000 ) ) ;
#5368 = DIRECTION ( 'NONE',  ( 0.000000000000000000, 0.000000000000000000, 1.000000000000000000 ) ) ;
#5369 = ORIENTED_EDGE ( 'NONE', *, *, #5123, .F. ) ;
#5370 = DIRECTION ( 'NONE',  ( -0.5735764363510476027, -0.000000000000000000, -0.8191520442889906883 ) ) ;
#5371 = ORIENTED_EDGE ( 'NONE', *, *, #6674, .F. ) ;
#5372 = EDGE_CURVE ( 'NONE', #6564, #5614, #12094, .T. ) ;
#5373 = CARTESIAN_POINT ( 'NONE',  ( -12.49999999999999822, 53.49999999999999289, 2.500000000000000000 ) ) ;
#5374 = DIRECTION ( 'NONE',  ( 0.9848077530122107959, 8.659560562354809599E-17, 0.1736481776669145660 ) ) ;
#5375 = ADVANCED_FACE ( 'NONE', ( #2222 ), #2344, .F. ) ;
#5376 = CYLINDRICAL_SURFACE ( 'NONE', #6303, 2.299999999999996270 ) ;
#5377 = FACE_OUTER_BOUND ( 'NONE', #2757, .T. ) ;
#5378 = EDGE_CURVE ( 'NONE', #430, #10040, #2755, .T. ) ;
#5379 = DIRECTION ( 'NONE',  ( 1.000000000000000000, -0.000000000000000000, 0.000000000000000000 ) ) ;
#5380 = EDGE_LOOP ( 'NONE', ( #2163, #3184, #8021, #4740 ) ) ;
#5381 = FACE_OUTER_BOUND ( 'NONE', #6432, .T. ) ;
#5382 = DIRECTION ( 'NONE',  ( 0.000000000000000000, 0.000000000000000000, 1.000000000000000000 ) ) ;
#5383 = EDGE_LOOP ( 'NONE', ( #12476, #5394, #10377, #12350 ) ) ;
#5384 = EDGE_LOOP ( 'NONE', ( #9505, #561, #2068 ) ) ;
#5385 = CARTESIAN_POINT ( 'NONE',  ( -11.00000000000000178, 55.00000000000000711, 12.50000000000000000 ) ) ;
#5386 = ORIENTED_EDGE ( 'NONE', *, *, #8826, .F. ) ;
#5387 = DIRECTION ( 'NONE',  ( 0.000000000000000000, 0.000000000000000000, 1.000000000000000000 ) ) ;
#5388 = DIRECTION ( 'NONE',  ( 0.8191520442889905773, 0.000000000000000000, -0.5735764363510477137 ) ) ;
#5389 = LINE ( 'NONE', #470, #10090 ) ;
#5390 = EDGE_LOOP ( 'NONE', ( #4151, #2839, #4158, #3783 ) ) ;
#5391 = CLOSED_SHELL ( 'NONE', ( #2360, #7447, #10208, #9727, #10168, #6703, #3132, #2748, #9136, #5864, #2939, #10521, #12253, #1022, #9243, #4209, #7595, #2826, #4336, #11659, #3061, #952, #8158, #9975, #1219, #1655, #9477, #11595, #6450, #1422, #11486, #8583, #7987, #7863, #7427, #10690, #2249, #1385, #11871, #9051, #10932, #6168, #5823, #1964, #5417, #12384, #11330, #1828, #129, #10441, #7874, #8989, #3863, #11084, #10447, #9648, #10904, #5850, #9574, #3307, #8765, #1320, #3405, #10519, #5284, #9813, #2018, #8105, #3616, #1008, #9516, #3121, #5964, #11568, #872, #9262, #12656, #6803, #12059, #4661, #4999, #3770, #3591, #8609, #7311, #4640, #1787, #5631, #5255, #11262, #3552, #334, #6771, #10203, #10655, #3498, #7998, #7539, #4341, #4268, #10449, #4168, #1466, #68, #10571, #11885, #3227, #12591, #288, #8924, #2993, #6160, #6333, #5600, #4169, #7585, #10056, #8689, #8981, #5044, #5795, #3515, #1156, #401, #11928, #4808, #5375, #3682, #5356, #616, #1027, #3328, #11550, #8542, #518, #7428, #6921, #12264, #3935, #7187, #904, #8502, #3338, #6533, #5905, #12039, #1712, #10282, #3361, #12184, #12749, #10599, #12344, #3110, #4813, #2742, #2051, #11732, #4893, #11688, #4267, #460, #6088, #3104, #7019, #4105, #5523, #3379, #1800, #9218, #9278, #3614, #7714, #12092, #6945, #1115, #8822, #10163, #2353, #1581, #4745, #8915, #8932, #8300, #11050, #6171, #9, #5801, #1885, #3697, #7823, #7361, #10497, #618, #6005, #8203, #11195, #8514, #285, #1414, #935, #1254, #5566, #8668, #10123, #9534, #10031, #11478, #9401, #7936, #5604, #1596, #9115, #2209, #9228, #6800, #11645, #2680, #3943, #10240, #9553, #3859, #12827, #4634, #11963, #3702, #5334, #6060, #11185, #5395, #3608, #6406, #11154, #1545, #1171, #12514, #458, #3543, #8646, #1873, #4724, #6169, #6883, #8463, #12517, #5918, #5107, #5681, #7254, #9090, #8330, #7988, #10794, #3528, #5188, #6110, #4560, #3310, #703, #11170, #693, #4906, #3366, #7820, #6086, #4770, #6225, #928, #5835, #8358, #10977, #696, #2982, #4489, #5030, #1791, #1665, #11697, #7589, #7772, #9673, #5011, #2106, #1923, #7209, #12180, #2351, #11236, #12735, #4420, #579, #3984, #962, #3704, #10289, #7469, #3407, #7080, #5291, #4654, #1043, #2506, #438, #9141, #232, #4504, #7827, #12199, #8858, #7693, #3451, #2188, #3149, #9568, #4540, #6560, #6012, #6421, #9725, #7835, #9345, #7058, #10058, #150, #11316, #1380, #4384, #10626, #2612, #10567, #9503, #10206, #1859, #3698, #9638, #3308, #677, #7927, #11523, #5840, #10997, #7087, #10604, #8692, #5124, #3583, #6343, #2436, #4264, #3129, #7182, #9816, #5572, #6467, #11968, #3148, #4261, #9959, #377, #7587, #6096, #6615, #5727, #309, #3866, #4822, #606, #96, #4251, #2573, #9677, #11136, #4451, #3049, #9556, #3356, #9742, #9487, #3224, #417, #3826, #7574, #356, #9418, #2910, #219, #11761, #9071, #1809, #12439, #6473, #6580, #397, #216, #72, #5658, #2711, #7047, #2907, #5339, #3893, #2039, #7127, #10538, #10272, #717, #2316, #12600, #1642, #9021, #12160, #5312, #1960, #11857, #4164, #1644, #12223, #7960, #2992, #1487, #5363, #11495, #6613, #10049, #8445, #1536, #9330, #5751, #11505, #6363, #4469, #10987, #1066, #8198, #1024, #1931, #10768, #2527, #3375, #8461, #7202, #9414, #5133, #5454, #1969, #11022, #5422, #1336, #9723, #5233, #11828, #2884, #6931, #4350, #1647 ) ) ;
#5392 = LINE ( 'NONE', #9351, #3992 ) ;
#5393 = CARTESIAN_POINT ( 'NONE',  ( 26.24999999999998934, 61.25000000000001421, 0.000000000000000000 ) ) ;
#5394 = ORIENTED_EDGE ( 'NONE', *, *, #8123, .T. ) ;
#5395 = ADVANCED_FACE ( 'NONE', ( #10193 ), #3568, .F. ) ;
#5396 = DIRECTION ( 'NONE',  ( -0.000000000000000000, -0.000000000000000000, -1.000000000000000000 ) ) ;
#5397 = ORIENTED_EDGE ( 'NONE', *, *, #984, .F. ) ;
#5398 = DIRECTION ( 'NONE',  ( 1.000000000000000000, 0.000000000000000000, 0.000000000000000000 ) ) ;
#5399 = ORIENTED_EDGE ( 'NONE', *, *, #6226, .T. ) ;
#5400 = DIRECTION ( 'NONE',  ( 1.584603175171121998E-16, -1.000000000000000000, -0.000000000000000000 ) ) ;
#5401 = LINE ( 'NONE', #9303, #10013 ) ;
#5402 = EDGE_CURVE ( 'NONE', #5221, #11933, #280, .T. ) ;
#5403 = CARTESIAN_POINT ( 'NONE',  ( 32.23959290545128198, -54.99999999999998579, 12.01476521008126674 ) ) ;
#5404 = CYLINDRICAL_SURFACE ( 'NONE', #7571, 2.300000000000003375 ) ;
#5405 = EDGE_LOOP ( 'NONE', ( #471, #1824 ) ) ;
#5406 = DIRECTION ( 'NONE',  ( 0.000000000000000000, 0.000000000000000000, -1.000000000000000000 ) ) ;
#5407 = VECTOR ( 'NONE', #8889, 1000.000000000000000 ) ;
#5408 = ORIENTED_EDGE ( 'NONE', *, *, #3764, .T. ) ;
#5409 = ORIENTED_EDGE ( 'NONE', *, *, #1240, .F. ) ;
#5410 = CARTESIAN_POINT ( 'NONE',  ( 44.99999999999997868, -45.49999999999999289, 25.00000000000000000 ) ) ;
#5411 = ORIENTED_EDGE ( 'NONE', *, *, #11719, .F. ) ;
#5412 = DIRECTION ( 'NONE',  ( 1.301042606982605321E-16, -1.000000000000000000, -0.000000000000000000 ) ) ;
#5413 = ORIENTED_EDGE ( 'NONE', *, *, #7535, .F. ) ;
#5414 = CIRCLE ( 'NONE', #2319, 2.299999999999999822 ) ;
#5415 = DIRECTION ( 'NONE',  ( 0.7071067811865474617, 0.000000000000000000, -0.7071067811865474617 ) ) ;
#5416 = LINE ( 'NONE', #8224, #4825 ) ;
#5417 = ADVANCED_FACE ( 'NONE', ( #12164 ), #3260, .F. ) ;
#5418 = DIRECTION ( 'NONE',  ( 0.5735764363510490460, 0.000000000000000000, 0.8191520442889895781 ) ) ;
#5419 = LINE ( 'NONE', #1544, #8394 ) ;
#5420 = CARTESIAN_POINT ( 'NONE',  ( -6.499999999999999112, 24.00000000000000355, 12.00000000000000000 ) ) ;
#5421 = DIRECTION ( 'NONE',  ( 0.000000000000000000, 1.000000000000000000, 0.000000000000000000 ) ) ;
#5422 = ADVANCED_FACE ( 'NONE', ( #4107 ), #11664, .F. ) ;
#5423 = AXIS2_PLACEMENT_3D ( 'NONE', #503, #4452, #7441 ) ;
#5424 = FACE_OUTER_BOUND ( 'NONE', #12283, .T. ) ;
#5425 = VECTOR ( 'NONE', #4138, 1000.000000000000114 ) ;
#5426 = VERTEX_POINT ( 'NONE', #99 ) ;
#5427 = ORIENTED_EDGE ( 'NONE', *, *, #6699, .T. ) ;
#5428 = EDGE_CURVE ( 'NONE', #4285, #8215, #1194, .T. ) ;
#5429 = CARTESIAN_POINT ( 'NONE',  ( -21.99999999999996803, -53.50000000000000711, 12.50000000000000000 ) ) ;
#5430 = ORIENTED_EDGE ( 'NONE', *, *, #11105, .T. ) ;
#5431 = FACE_BOUND ( 'NONE', #10678, .T. ) ;
#5432 = DIRECTION ( 'NONE',  ( -0.000000000000000000, -0.000000000000000000, 1.000000000000000000 ) ) ;
#5433 = CARTESIAN_POINT ( 'NONE',  ( -1.500000000000001332, -53.50000000000000000, 12.50000000000001066 ) ) ;
#5434 = AXIS2_PLACEMENT_3D ( 'NONE', #710, #5570, #4660 ) ;
#5435 = AXIS2_PLACEMENT_3D ( 'NONE', #7609, #4689, #11580 ) ;
#5437 = CIRCLE ( 'NONE', #5859, 3.349999999999991651 ) ;
#5436 = CARTESIAN_POINT ( 'NONE',  ( 44.99999999999997868, -54.99999999999999289, -142.1267040355189977 ) ) ;
#5438 = DIRECTION ( 'NONE',  ( -0.000000000000000000, 1.000000000000000000, 0.000000000000000000 ) ) ;
#5439 = EDGE_CURVE ( 'NONE', #2815, #7458, #5262, .T. ) ;
#5440 = EDGE_CURVE ( 'NONE', #10958, #41, #4997, .T. ) ;
#5441 = CARTESIAN_POINT ( 'NONE',  ( -64.91014312481590309, -19.00000000000000000, 42.43836008095080814 ) ) ;
#5442 = EDGE_CURVE ( 'NONE', #7455, #11065, #4371, .T. ) ;
#5443 = ORIENTED_EDGE ( 'NONE', *, *, #936, .F. ) ;
#5444 = EDGE_CURVE ( 'NONE', #3592, #10096, #2088, .T. ) ;
#5445 = LINE ( 'NONE', #9405, #5244 ) ;
#5446 = AXIS2_PLACEMENT_3D ( 'NONE', #8408, #10418, #11274 ) ;
#5447 = VECTOR ( 'NONE', #12355, 1000.000000000000000 ) ;
#5448 = PLANE ( 'NONE',  #2235 ) ;
#5449 = ORIENTED_EDGE ( 'NONE', *, *, #5499, .F. ) ;
#5450 = ORIENTED_EDGE ( 'NONE', *, *, #8531, .F. ) ;
#5451 = LINE ( 'NONE', #7339, #7091 ) ;
#5452 = ORIENTED_EDGE ( 'NONE', *, *, #5779, .T. ) ;
#5453 = CARTESIAN_POINT ( 'NONE',  ( 10.49999999999999467, 14.54701313970656962, 12.00000000000000000 ) ) ;
#5454 = ADVANCED_FACE ( 'NONE', ( #4292 ), #8004, .T. ) ;
#5455 = VECTOR ( 'NONE', #9637, 1000.000000000000000 ) ;
#5456 = DIRECTION ( 'NONE',  ( -0.000000000000000000, -0.000000000000000000, -1.000000000000000000 ) ) ;
#5457 = AXIS2_PLACEMENT_3D ( 'NONE', #4922, #976, #4723 ) ;
#5458 = LINE ( 'NONE', #2721, #6790 ) ;
#5459 = VECTOR ( 'NONE', #8029, 1000.000000000000227 ) ;
#5460 = ORIENTED_EDGE ( 'NONE', *, *, #12574, .T. ) ;
#5461 = CARTESIAN_POINT ( 'NONE',  ( 1.500000000000000000, -3.000000000000009326, 4.000000000000000000 ) ) ;
#5462 = LINE ( 'NONE', #2726, #10039 ) ;
#5463 = ORIENTED_EDGE ( 'NONE', *, *, #12322, .T. ) ;
#5464 = CIRCLE ( 'NONE', #3191, 1.499999999999999556 ) ;
#5465 = VECTOR ( 'NONE', #4620, 1000.000000000000114 ) ;
#5466 = LINE ( 'NONE', #6436, #1216 ) ;
#5467 = AXIS2_PLACEMENT_3D ( 'NONE', #7318, #5368, #1362 ) ;
#5468 = EDGE_CURVE ( 'NONE', #9209, #756, #8936, .T. ) ;
#5469 = ORIENTED_EDGE ( 'NONE', *, *, #7359, .T. ) ;
#5470 = LINE ( 'NONE', #7291, #8550 ) ;
#5471 = ORIENTED_EDGE ( 'NONE', *, *, #4321, .T. ) ;
#5472 = CARTESIAN_POINT ( 'NONE',  ( -45.00000000000002132, -41.00000000000000711, 12.00000000000001066 ) ) ;
#5473 = CARTESIAN_POINT ( 'NONE',  ( 32.47298892395453151, -54.99999999999997868, 12.06870245856683255 ) ) ;
#5474 = CARTESIAN_POINT ( 'NONE',  ( 44.99999999999997868, 11.17712434446775127, 12.50000000000000000 ) ) ;
#5475 = ORIENTED_EDGE ( 'NONE', *, *, #11634, .F. ) ;
#5476 = CONICAL_SURFACE ( 'NONE', #9832, 1.800000000000004041, 0.7853981633974452814 ) ;
#5477 = AXIS2_PLACEMENT_3D ( 'NONE', #3232, #2118, #2192 ) ;
#5478 = VECTOR ( 'NONE', #10928, 1000.000000000000000 ) ;
#5479 = CARTESIAN_POINT ( 'NONE',  ( -39.99999999999999289, 61.25000000000001421, 0.4000000000000114575 ) ) ;
#5480 = EDGE_LOOP ( 'NONE', ( #12204, #2634, #8846, #2055 ) ) ;
#5481 = CARTESIAN_POINT ( 'NONE',  ( -12.50000000000000355, 57.49999999999999289, 14.10000000000000142 ) ) ;
#5482 = ORIENTED_EDGE ( 'NONE', *, *, #3519, .F. ) ;
#5483 = DIRECTION ( 'NONE',  ( 1.000000000000000000, -0.000000000000000000, -0.000000000000000000 ) ) ;
#5484 = ORIENTED_EDGE ( 'NONE', *, *, #7222, .T. ) ;
#5485 = VECTOR ( 'NONE', #320, 1000.000000000000000 ) ;
#5486 = CYLINDRICAL_SURFACE ( 'NONE', #2141, 3.750000000000003553 ) ;
#5487 = VECTOR ( 'NONE', #5742, 1000.000000000000000 ) ;
#5488 = AXIS2_PLACEMENT_3D ( 'NONE', #5250, #2078, #8053 ) ;
#5489 = ORIENTED_EDGE ( 'NONE', *, *, #10914, .T. ) ;
#5490 = DIRECTION ( 'NONE',  ( 0.000000000000000000, -1.000000000000000000, 0.000000000000000000 ) ) ;
#5491 = CARTESIAN_POINT ( 'NONE',  ( 3.000000000000000000, -3.000000000000008882, 4.000000000000000000 ) ) ;
#5492 = CARTESIAN_POINT ( 'NONE',  ( 24.50000000000000000, -30.49999999999999289, 12.00000000000000000 ) ) ;
#5493 = CARTESIAN_POINT ( 'NONE',  ( -43.50000000000002132, -41.00000000000000711, 4.000000000000000000 ) ) ;
#5494 = ORIENTED_EDGE ( 'NONE', *, *, #2523, .F. ) ;
#5495 = LINE ( 'NONE', #698, #9547 ) ;
#5496 = VECTOR ( 'NONE', #1332, 1000.000000000000000 ) ;
#5497 = AXIS2_PLACEMENT_3D ( 'NONE', #6577, #8706, #1842 ) ;
#5498 = EDGE_LOOP ( 'NONE', ( #189, #4923 ) ) ;
#5499 = EDGE_CURVE ( 'NONE', #7573, #6340, #7406, .T. ) ;
#5500 = EDGE_LOOP ( 'NONE', ( #4098, #12121 ) ) ;
#5501 = CARTESIAN_POINT ( 'NONE',  ( -40.50000000000002132, 49.49999999999997868, 12.50000000000000000 ) ) ;
#5502 = ORIENTED_EDGE ( 'NONE', *, *, #7263, .T. ) ;
#5503 = FACE_OUTER_BOUND ( 'NONE', #5197, .T. ) ;
#5504 = DIRECTION ( 'NONE',  ( -1.000000000000000000, 0.000000000000000000, 0.000000000000000000 ) ) ;
#5505 = CARTESIAN_POINT ( 'NONE',  ( -29.99999999999998579, 62.50000000000001421, 0.4000000000000114575 ) ) ;
#5506 = SPHERICAL_SURFACE ( 'NONE', #1717, 1.500000000000000000 ) ;
#5507 = EDGE_CURVE ( 'NONE', #1407, #7536, #5827, .T. ) ;
#5508 = VECTOR ( 'NONE', #5582, 1000.000000000000000 ) ;
#5509 = CARTESIAN_POINT ( 'NONE',  ( -32.00000000000000000, -55.00000000000000711, 2.500000000000000000 ) ) ;
#5510 = DIRECTION ( 'NONE',  ( -1.000000000000000000, 0.000000000000000000, 0.000000000000000000 ) ) ;
#5511 = DIRECTION ( 'NONE',  ( -0.8191520442889905773, -0.000000000000000000, 0.5735764363510477137 ) ) ;
#5512 = ORIENTED_EDGE ( 'NONE', *, *, #9260, .F. ) ;
#5513 = VECTOR ( 'NONE', #10777, 1000.000000000000000 ) ;
#5514 = DIRECTION ( 'NONE',  ( 1.000000000000000000, 0.000000000000000000, 0.000000000000000000 ) ) ;
#5515 = DIRECTION ( 'NONE',  ( -0.000000000000000000, 1.000000000000000000, 0.000000000000000000 ) ) ;
#5516 = ORIENTED_EDGE ( 'NONE', *, *, #10966, .T. ) ;
#5517 = ORIENTED_EDGE ( 'NONE', *, *, #5196, .F. ) ;
#5518 = CARTESIAN_POINT ( 'NONE',  ( 44.99999999999997868, 12.50000000000000178, 12.00000000000002842 ) ) ;
#5519 = EDGE_CURVE ( 'NONE', #615, #3074, #12468, .T. ) ;
#5520 = ORIENTED_EDGE ( 'NONE', *, *, #665, .F. ) ;
#5521 = EDGE_CURVE ( 'NONE', #10152, #11247, #4581, .T. ) ;
#5522 = CARTESIAN_POINT ( 'NONE',  ( 0.000000000000000000, -30.00000000000000000, 0.000000000000000000 ) ) ;
#5523 = ADVANCED_FACE ( 'NONE', ( #4543 ), #11427, .F. ) ;
#5524 = EDGE_CURVE ( 'NONE', #3074, #8490, #1078, .T. ) ;
#5525 = DIRECTION ( 'NONE',  ( -0.5735764363510481578, 0.000000000000000000, -0.8191520442889904663 ) ) ;
#5526 = DIRECTION ( 'NONE',  ( 1.000000000000000000, -1.156482317317871725E-15, 0.000000000000000000 ) ) ;
#5527 = ORIENTED_EDGE ( 'NONE', *, *, #7037, .F. ) ;
#5528 = FACE_OUTER_BOUND ( 'NONE', #4349, .T. ) ;
#5529 = DIRECTION ( 'NONE',  ( 1.000000000000000000, 2.891205793294675861E-16, 0.000000000000000000 ) ) ;
#5530 = AXIS2_PLACEMENT_3D ( 'NONE', #8313, #10194, #2284 ) ;
#5531 = EDGE_CURVE ( 'NONE', #4951, #3237, #6497, .T. ) ;
#5532 = CARTESIAN_POINT ( 'NONE',  ( 21.49999999999995381, 53.50000000000000000, 12.00000000000000000 ) ) ;
#5533 = VERTEX_POINT ( 'NONE', #4414 ) ;
#5534 = DIRECTION ( 'NONE',  ( -0.000000000000000000, -0.000000000000000000, -1.000000000000000000 ) ) ;
#5535 = EDGE_LOOP ( 'NONE', ( #3150, #10741, #4017, #1504 ) ) ;
#5536 = SPHERICAL_SURFACE ( 'NONE', #10061, 1.500000000000000000 ) ;
#5537 = CARTESIAN_POINT ( 'NONE',  ( -47.49999999999999289, 53.74999999999999289, 0.4000000000000114575 ) ) ;
#5538 = EDGE_CURVE ( 'NONE', #11667, #7051, #49, .T. ) ;
#5539 = CONICAL_SURFACE ( 'NONE', #3669, 5.000000000000004441, 0.7853981633974482790 ) ;
#5540 = CARTESIAN_POINT ( 'NONE',  ( -49.83366538152844072, 21.50000000000000000, 61.18028684572495735 ) ) ;
#5541 = AXIS2_PLACEMENT_3D ( 'NONE', #11506, #11695, #7716 ) ;
#5542 = LINE ( 'NONE', #6767, #2607 ) ;
#5543 = EDGE_LOOP ( 'NONE', ( #7654, #9055, #11540, #8507 ) ) ;
#5544 = CARTESIAN_POINT ( 'NONE',  ( 47.09999999999999432, -53.75000000000000711, 0.000000000000000000 ) ) ;
#5545 = ORIENTED_EDGE ( 'NONE', *, *, #1191, .F. ) ;
#5546 = CARTESIAN_POINT ( 'NONE',  ( 34.99999999999999289, 62.50000000000001421, 11.97853694765314714 ) ) ;
#5547 = VERTEX_POINT ( 'NONE', #12537 ) ;
#5548 = CONICAL_SURFACE ( 'NONE', #1618, 6.500000000000000888, 0.7853981633974466137 ) ;
#5549 = CARTESIAN_POINT ( 'NONE',  ( 40.49999999999998579, -43.00000000000000711, 12.50000000000000000 ) ) ;
#5550 = AXIS2_PLACEMENT_3D ( 'NONE', #10451, #6553, #1442 ) ;
#5551 = ORIENTED_EDGE ( 'NONE', *, *, #2994, .F. ) ;
#5552 = ORIENTED_EDGE ( 'NONE', *, *, #2177, .F. ) ;
#5553 = CARTESIAN_POINT ( 'NONE',  ( 30.39999999999999503, -61.25000000000001421, 0.000000000000000000 ) ) ;
#5554 = CARTESIAN_POINT ( 'NONE',  ( -26.24999999999998934, -57.50000000000000711, 0.4000000000000114575 ) ) ;
#5555 = CARTESIAN_POINT ( 'NONE',  ( -40.50000000000002132, 40.99999999999998579, 4.000000000000000000 ) ) ;
#5556 = CARTESIAN_POINT ( 'NONE',  ( -0.4529868602934395971, 25.50000000000000711, 12.50000000000000000 ) ) ;
#5557 = ORIENTED_EDGE ( 'NONE', *, *, #1114, .F. ) ;
#5558 = CIRCLE ( 'NONE', #12817, 4.150000000000014566 ) ;
#5559 = CIRCLE ( 'NONE', #1839, 1.500000000000000444 ) ;
#5560 = CARTESIAN_POINT ( 'NONE',  ( 43.74999999999999289, 61.25000000000001421, 0.000000000000000000 ) ) ;
#5561 = ORIENTED_EDGE ( 'NONE', *, *, #6796, .F. ) ;
#5562 = VERTEX_POINT ( 'NONE', #10461 ) ;
#5563 = DIRECTION ( 'NONE',  ( -1.000000000000000000, 0.000000000000000000, 0.000000000000000000 ) ) ;
#5564 = VERTEX_POINT ( 'NONE', #1577 ) ;
#5565 = PLANE ( 'NONE',  #1635 ) ;
#5566 = ADVANCED_FACE ( 'NONE', ( #469 ), #1636, .F. ) ;
#5567 = CIRCLE ( 'NONE', #10543, 1.500000000000000444 ) ;
#5568 = DIRECTION ( 'NONE',  ( 1.000000000000000000, 3.154042683594195614E-16, 0.000000000000000000 ) ) ;
#5569 = CARTESIAN_POINT ( 'NONE',  ( 2.999999999999997335, 53.50000000000000000, 12.00000000000000000 ) ) ;
#5570 = DIRECTION ( 'NONE',  ( -0.000000000000000000, -0.000000000000000000, -1.000000000000000000 ) ) ;
#5571 = PLANE ( 'NONE',  #12524 ) ;
#5572 = ADVANCED_FACE ( 'NONE', ( #2613 ), #2718, .F. ) ;
#5573 = CARTESIAN_POINT ( 'NONE',  ( 7.499999999999992895, 22.50000000000000355, 12.00000000000002309 ) ) ;
#5574 = CARTESIAN_POINT ( 'NONE',  ( 44.99999999999997868, 8.000000000000003553, 4.000000000000000000 ) ) ;
#5575 = ORIENTED_EDGE ( 'NONE', *, *, #1622, .T. ) ;
#5576 = EDGE_CURVE ( 'NONE', #4282, #7151, #6038, .T. ) ;
#5577 = DIRECTION ( 'NONE',  ( -0.000000000000000000, -0.000000000000000000, -1.000000000000000000 ) ) ;
#5578 = DIRECTION ( 'NONE',  ( 0.000000000000000000, -1.000000000000000000, 0.000000000000000000 ) ) ;
#5579 = ORIENTED_EDGE ( 'NONE', *, *, #1919, .T. ) ;
#5580 = PLANE ( 'NONE',  #264 ) ;
#5581 = VERTEX_POINT ( 'NONE', #3445 ) ;
#5582 = DIRECTION ( 'NONE',  ( -0.000000000000000000, -0.000000000000000000, 1.000000000000000000 ) ) ;
#5583 = DIRECTION ( 'NONE',  ( 0.5735764363510448272, 0.000000000000000000, 0.8191520442889926867 ) ) ;
#5584 = DIRECTION ( 'NONE',  ( 1.000000000000000000, 0.000000000000000000, 0.000000000000000000 ) ) ;
#5585 = VERTEX_POINT ( 'NONE', #2477 ) ;
#5586 = CARTESIAN_POINT ( 'NONE',  ( 47.50000000000000711, -57.50000000000000711, 25.00000000000000000 ) ) ;
#5587 = LINE ( 'NONE', #3641, #12140 ) ;
#5588 = EDGE_CURVE ( 'NONE', #9622, #6913, #10598, .T. ) ;
#5589 = DIRECTION ( 'NONE',  ( -0.000000000000000000, -0.000000000000000000, 1.000000000000000000 ) ) ;
#5590 = ORIENTED_EDGE ( 'NONE', *, *, #839, .F. ) ;
#5591 = ORIENTED_EDGE ( 'NONE', *, *, #8762, .F. ) ;
#5592 = DIRECTION ( 'NONE',  ( 0.000000000000000000, 0.000000000000000000, 1.000000000000000000 ) ) ;
#5593 = LINE ( 'NONE', #3514, #1542 ) ;
#5594 = CARTESIAN_POINT ( 'NONE',  ( 44.99999999999997868, -53.49999999999999289, 25.00000000000000000 ) ) ;
#5595 = CARTESIAN_POINT ( 'NONE',  ( -45.23526539614169906, 24.99999999999999289, 62.23316357291883349 ) ) ;
#5596 = VECTOR ( 'NONE', #1065, 1000.000000000000227 ) ;
#5597 = ORIENTED_EDGE ( 'NONE', *, *, #7892, .T. ) ;
#5598 = EDGE_CURVE ( 'NONE', #695, #5800, #2309, .T. ) ;
#5599 = DIRECTION ( 'NONE',  ( 0.000000000000000000, -1.000000000000000000, 0.000000000000000000 ) ) ;
#5600 = ADVANCED_FACE ( 'NONE', ( #1507 ), #601, .T. ) ;
#5601 = ORIENTED_EDGE ( 'NONE', *, *, #40, .T. ) ;
#5602 = EDGE_CURVE ( 'NONE', #10457, #467, #6370, .T. ) ;
#5603 = CARTESIAN_POINT ( 'NONE',  ( -29.99999999999998579, -62.50000000000001421, 0.4000000000000114575 ) ) ;
#5604 = ADVANCED_FACE ( 'NONE', ( #540 ), #5328, .F. ) ;
#5605 = EDGE_LOOP ( 'NONE', ( #7183, #9507, #596 ) ) ;
#5606 = VECTOR ( 'NONE', #1858, 1000.000000000000000 ) ;
#5607 = CARTESIAN_POINT ( 'NONE',  ( 47.10000000000000142, 53.74999999999999289, 0.000000000000000000 ) ) ;
#5608 = ORIENTED_EDGE ( 'NONE', *, *, #11826, .F. ) ;
#5609 = ORIENTED_EDGE ( 'NONE', *, *, #8612, .F. ) ;
#5610 = FACE_OUTER_BOUND ( 'NONE', #5621, .T. ) ;
#5611 = LINE ( 'NONE', #690, #1740 ) ;
#5612 = LINE ( 'NONE', #12567, #5217 ) ;
#5613 = CARTESIAN_POINT ( 'NONE',  ( 27.87774886496086069, -14.49999999999999467, -28.02590699430605881 ) ) ;
#5614 = VERTEX_POINT ( 'NONE', #790 ) ;
#5615 = AXIS2_PLACEMENT_3D ( 'NONE', #12633, #11662, #2766 ) ;
#5616 = DIRECTION ( 'NONE',  ( 0.000000000000000000, 0.000000000000000000, 1.000000000000000000 ) ) ;
#5617 = VERTEX_POINT ( 'NONE', #3756 ) ;
#5618 = ORIENTED_EDGE ( 'NONE', *, *, #766, .F. ) ;
#5619 = DIRECTION ( 'NONE',  ( -0.000000000000000000, -0.000000000000000000, 1.000000000000000000 ) ) ;
#5620 = AXIS2_PLACEMENT_3D ( 'NONE', #9989, #4991, #4149 ) ;
#5621 = EDGE_LOOP ( 'NONE', ( #10324, #11821, #10694, #6909 ) ) ;
#5622 = DIRECTION ( 'NONE',  ( 1.000000000000000000, 0.000000000000000000, 0.000000000000000000 ) ) ;
#5623 = LINE ( 'NONE', #7577, #2021 ) ;
#5624 = EDGE_CURVE ( 'NONE', #3038, #467, #3832, .T. ) ;
#5625 = LINE ( 'NONE', #9524, #6713 ) ;
#5626 = CARTESIAN_POINT ( 'NONE',  ( 8.499999999999991118, 12.49999999999999289, 12.50000000000000000 ) ) ;
#5627 = DIRECTION ( 'NONE',  ( 0.000000000000000000, 1.000000000000000000, 0.000000000000000000 ) ) ;
#5628 = FACE_OUTER_BOUND ( 'NONE', #559, .T. ) ;
#5629 = AXIS2_PLACEMENT_3D ( 'NONE', #6257, #300, #8078 ) ;
#5630 = CIRCLE ( 'NONE', #1699, 2.000000000000001776 ) ;
#5631 = ADVANCED_FACE ( 'NONE', ( #3700 ), #852, .F. ) ;
#5632 = DIRECTION ( 'NONE',  ( -0.000000000000000000, -0.000000000000000000, -1.000000000000000000 ) ) ;
#5633 = ORIENTED_EDGE ( 'NONE', *, *, #10969, .F. ) ;
#5634 = CYLINDRICAL_SURFACE ( 'NONE', #11899, 3.749999999999996447 ) ;
#5635 = DIRECTION ( 'NONE',  ( 0.000000000000000000, 0.7071067811865451302, 0.7071067811865500152 ) ) ;
#5636 = EDGE_LOOP ( 'NONE', ( #10323, #11005, #11603 ) ) ;
#5637 = CIRCLE ( 'NONE', #7534, 1.700000000000000178 ) ;
#5638 = CARTESIAN_POINT ( 'NONE',  ( -26.24999999999998934, -61.25000000000001421, 0.4000000000000114575 ) ) ;
#5639 = VERTEX_POINT ( 'NONE', #3951 ) ;
#5640 = DIRECTION ( 'NONE',  ( 0.000000000000000000, 0.7071067811865500152, -0.7071067811865451302 ) ) ;
#5641 = DIRECTION ( 'NONE',  ( 1.000000000000000000, 5.737455619489484277E-16, -0.000000000000000000 ) ) ;
#5642 = LINE ( 'NONE', #10651, #11131 ) ;
#5643 = ORIENTED_EDGE ( 'NONE', *, *, #3637, .F. ) ;
#5644 = CIRCLE ( 'NONE', #5226, 2.299999999999996270 ) ;
#5645 = VECTOR ( 'NONE', #8315, 1000.000000000000000 ) ;
#5646 = CARTESIAN_POINT ( 'NONE',  ( 3.000000000000007994, -53.50000000000000000, 4.000000000000000000 ) ) ;
#5647 = CIRCLE ( 'NONE', #8137, 1.499999999999999556 ) ;
#5648 = DIRECTION ( 'NONE',  ( -0.000000000000000000, -0.000000000000000000, 1.000000000000000000 ) ) ;
#5649 = EDGE_CURVE ( 'NONE', #12647, #3034, #4379, .T. ) ;
#5650 = DIRECTION ( 'NONE',  ( 1.000000000000000000, 0.000000000000000000, 0.000000000000000000 ) ) ;
#5651 = ORIENTED_EDGE ( 'NONE', *, *, #8928, .F. ) ;
#5652 = CIRCLE ( 'NONE', #84, 2.299999999999996270 ) ;
#5653 = ORIENTED_EDGE ( 'NONE', *, *, #9161, .F. ) ;
#5654 = VECTOR ( 'NONE', #3551, 1000.000000000000000 ) ;
#5655 = CIRCLE ( 'NONE', #87, 1.500000000000001332 ) ;
#5656 = DIRECTION ( 'NONE',  ( -0.5735764363510471586, 3.435095992033283440E-16, -0.8191520442889911324 ) ) ;
#5657 = DIRECTION ( 'NONE',  ( -1.000000000000000000, 0.000000000000000000, -0.000000000000000000 ) ) ;
#5658 = ADVANCED_FACE ( 'NONE', ( #1950 ), #7715, .F. ) ;
#5659 = DIRECTION ( 'NONE',  ( -0.000000000000000000, -0.000000000000000000, -1.000000000000000000 ) ) ;
#5660 = DIRECTION ( 'NONE',  ( -1.000000000000000000, -1.672022627447519077E-15, 0.000000000000000000 ) ) ;
#5661 = VERTEX_POINT ( 'NONE', #11762 ) ;
#5662 = EDGE_CURVE ( 'NONE', #11780, #788, #11622, .T. ) ;
#5663 = LINE ( 'NONE', #5544, #4035 ) ;
#5664 = VECTOR ( 'NONE', #3883, 1000.000000000000000 ) ;
#5665 = DIRECTION ( 'NONE',  ( -0.7071067811865475727, -1.729109373200929067E-15, 0.7071067811865475727 ) ) ;
#5666 = CIRCLE ( 'NONE', #11489, 1.500000000000001332 ) ;
#5667 = ORIENTED_EDGE ( 'NONE', *, *, #6995, .T. ) ;
#5668 = VERTEX_POINT ( 'NONE', #5911 ) ;
#5669 = CARTESIAN_POINT ( 'NONE',  ( 6.000000000000001776, 10.99999999999999467, 12.00000000000000000 ) ) ;
#5670 = EDGE_LOOP ( 'NONE', ( #4391, #4462, #1257, #4 ) ) ;
#5672 = EDGE_CURVE ( 'NONE', #8447, #9316, #6752, .T. ) ;
#5671 = ORIENTED_EDGE ( 'NONE', *, *, #7248, .F. ) ;
#5673 = CARTESIAN_POINT ( 'NONE',  ( -43.75000000000000000, 53.74999999999999289, 25.00000000000000000 ) ) ;
#5674 = LINE ( 'NONE', #11533, #2563 ) ;
#5675 = CIRCLE ( 'NONE', #104, 5.000000000000004441 ) ;
#5676 = CIRCLE ( 'NONE', #4224, 4.599999999999992539 ) ;
#5678 = CIRCLE ( 'NONE', #2162, 1.999999999999960032 ) ;
#5677 = PLANE ( 'NONE',  #4589 ) ;
#5679 = CARTESIAN_POINT ( 'NONE',  ( -22.91719416079871863, -55.00000000000000711, 12.24680279941678407 ) ) ;
#5680 = AXIS2_PLACEMENT_3D ( 'NONE', #10220, #12242, #2433 ) ;
#5681 = ADVANCED_FACE ( 'NONE', ( #7854 ), #3961, .F. ) ;
#5682 = EDGE_CURVE ( 'NONE', #9149, #5355, #10778, .T. ) ;
#5683 = ORIENTED_EDGE ( 'NONE', *, *, #8883, .F. ) ;
#5684 = EDGE_CURVE ( 'NONE', #5355, #3734, #4783, .T. ) ;
#5685 = DIRECTION ( 'NONE',  ( -1.000000000000000000, 0.000000000000000000, 0.000000000000000000 ) ) ;
#5686 = EDGE_LOOP ( 'NONE', ( #10770, #9147, #6809, #6191 ) ) ;
#5687 = ORIENTED_EDGE ( 'NONE', *, *, #6722, .F. ) ;
#5688 = CIRCLE ( 'NONE', #3609, 1.500000000000000000 ) ;
#5689 = AXIS2_PLACEMENT_3D ( 'NONE', #9142, #12080, #5320 ) ;
#5690 = PLANE ( 'NONE',  #11556 ) ;
#5691 = ORIENTED_EDGE ( 'NONE', *, *, #4658, .F. ) ;
#5692 = EDGE_CURVE ( 'NONE', #7051, #8623, #2921, .T. ) ;
#5693 = CARTESIAN_POINT ( 'NONE',  ( 7.499999999999994671, 30.86660026534075740, 12.50000000000000000 ) ) ;
#5694 = DIRECTION ( 'NONE',  ( 0.000000000000000000, 1.000000000000000000, 0.000000000000000000 ) ) ;
#5695 = FACE_OUTER_BOUND ( 'NONE', #121, .T. ) ;
#5696 = DIRECTION ( 'NONE',  ( 0.000000000000000000, 0.000000000000000000, 1.000000000000000000 ) ) ;
#5697 = CIRCLE ( 'NONE', #125, 2.800000000000010925 ) ;
#5698 = VECTOR ( 'NONE', #9571, 1000.000000000000000 ) ;
#5699 = CARTESIAN_POINT ( 'NONE',  ( 8.999999999999991118, 30.86660026534076096, 4.000000000000000000 ) ) ;
#5700 = EDGE_CURVE ( 'NONE', #10045, #7163, #9764, .T. ) ;
#5701 = CARTESIAN_POINT ( 'NONE',  ( 9.000000000000001776, 55.00000000000000000, 4.000000000000000000 ) ) ;
#5702 = EDGE_CURVE ( 'NONE', #1709, #3929, #2796, .T. ) ;
#5703 = ORIENTED_EDGE ( 'NONE', *, *, #791, .T. ) ;
#5704 = CYLINDRICAL_SURFACE ( 'NONE', #9602, 1.699999999999998401 ) ;
#5705 = ORIENTED_EDGE ( 'NONE', *, *, #7221, .T. ) ;
#5706 = DIRECTION ( 'NONE',  ( -0.000000000000000000, -0.000000000000000000, 1.000000000000000000 ) ) ;
#5707 = VERTEX_POINT ( 'NONE', #10718 ) ;
#5708 = CIRCLE ( 'NONE', #964, 2.299999999999996270 ) ;
#5709 = DIRECTION ( 'NONE',  ( 0.000000000000000000, 0.000000000000000000, -1.000000000000000000 ) ) ;
#5710 = EDGE_LOOP ( 'NONE', ( #9904, #9299, #2052, #8289 ) ) ;
#5711 = CARTESIAN_POINT ( 'NONE',  ( -47.08908101978837379, 14.49999999999999822, 62.31044465828570367 ) ) ;
#5712 = DIRECTION ( 'NONE',  ( -1.000000000000000000, -2.973811673103103088E-16, 0.000000000000000000 ) ) ;
#5713 = LINE ( 'NONE', #9672, #3870 ) ;
#5714 = FACE_OUTER_BOUND ( 'NONE', #813, .T. ) ;
#5715 = VECTOR ( 'NONE', #10967, 1000.000000000000114 ) ;
#5716 = CARTESIAN_POINT ( 'NONE',  ( -64.91014312481588888, 14.49999999999999822, 42.43836008095080814 ) ) ;
#5717 = DIRECTION ( 'NONE',  ( -0.5735764363510481578, 0.000000000000000000, -0.8191520442889904663 ) ) ;
#5718 = CARTESIAN_POINT ( 'NONE',  ( 43.49999999999997868, -42.49999999999998579, 11.99999999999998224 ) ) ;
#5719 = EDGE_LOOP ( 'NONE', ( #3521, #9696, #2532, #8130 ) ) ;
#5720 = LINE ( 'NONE', #9444, #11056 ) ;
#5721 = VERTEX_POINT ( 'NONE', #10649 ) ;
#5722 = DIRECTION ( 'NONE',  ( -0.000000000000000000, -0.000000000000000000, 1.000000000000000000 ) ) ;
#5723 = DIRECTION ( 'NONE',  ( 4.336808689942017736E-17, -1.000000000000000000, 0.000000000000000000 ) ) ;
#5724 = DIRECTION ( 'NONE',  ( 1.000000000000000000, 0.000000000000000000, 0.000000000000000000 ) ) ;
#5725 = DIRECTION ( 'NONE',  ( -1.301042606982605321E-16, 1.000000000000000000, 0.000000000000000000 ) ) ;
#5726 = ORIENTED_EDGE ( 'NONE', *, *, #9420, .T. ) ;
#5727 = ADVANCED_FACE ( 'NONE', ( #6952 ), #6879, .T. ) ;
#5728 = VECTOR ( 'NONE', #7808, 1000.000000000000000 ) ;
#5729 = CARTESIAN_POINT ( 'NONE',  ( -23.49999999999996803, -55.00000000000000711, 12.50000000000000000 ) ) ;
#5730 = CARTESIAN_POINT ( 'NONE',  ( -34.99999999999999289, 62.50000000000001421, 25.00000000000000000 ) ) ;
#5731 = ORIENTED_EDGE ( 'NONE', *, *, #6389, .T. ) ;
#5732 = EDGE_CURVE ( 'NONE', #8087, #4894, #9138, .T. ) ;
#5733 = VERTEX_POINT ( 'NONE', #9604 ) ;
#5734 = LINE ( 'NONE', #10606, #583 ) ;
#5735 = ORIENTED_EDGE ( 'NONE', *, *, #11795, .T. ) ;
#5736 = VECTOR ( 'NONE', #4910, 1000.000000000000000 ) ;
#5737 = ORIENTED_EDGE ( 'NONE', *, *, #12766, .F. ) ;
#5738 = AXIS2_PLACEMENT_3D ( 'NONE', #10138, #4293, #5526 ) ;
#5739 = CARTESIAN_POINT ( 'NONE',  ( -3.500000000000003109, 57.49999999999999289, -7.896078054371140631 ) ) ;
#5740 = DIRECTION ( 'NONE',  ( -0.000000000000000000, -0.000000000000000000, 1.000000000000000000 ) ) ;
#5741 = DIRECTION ( 'NONE',  ( -3.469446951953611033E-15, 1.000000000000000000, 0.000000000000000000 ) ) ;
#5742 = DIRECTION ( 'NONE',  ( -0.000000000000000000, -0.000000000000000000, 1.000000000000000000 ) ) ;
#5743 = ORIENTED_EDGE ( 'NONE', *, *, #7036, .T. ) ;
#5744 = VERTEX_POINT ( 'NONE', #729 ) ;
#5745 = PLANE ( 'NONE',  #10798 ) ;
#5746 = CIRCLE ( 'NONE', #5968, 7.000000000000006217 ) ;
#5747 = AXIS2_PLACEMENT_3D ( 'NONE', #2797, #6753, #8754 ) ;
#5748 = ORIENTED_EDGE ( 'NONE', *, *, #12426, .F. ) ;
#5749 = EDGE_LOOP ( 'NONE', ( #6942, #4319, #8072 ) ) ;
#5750 = PLANE ( 'NONE',  #8239 ) ;
#5751 = ADVANCED_FACE ( 'NONE', ( #4738 ), #12657, .T. ) ;
#5752 = EDGE_LOOP ( 'NONE', ( #10177, #11109, #5103, #5324 ) ) ;
#5753 = DIRECTION ( 'NONE',  ( -0.000000000000000000, -0.000000000000000000, 1.000000000000000000 ) ) ;
#5754 = DIRECTION ( 'NONE',  ( -0.8191520442889906883, -0.000000000000000000, 0.5735764363510477137 ) ) ;
#5755 = EDGE_CURVE ( 'NONE', #5300, #3241, #210, .T. ) ;
#5756 = ORIENTED_EDGE ( 'NONE', *, *, #4948, .F. ) ;
#5757 = DIRECTION ( 'NONE',  ( 0.8571673007021118895, 0.000000000000000000, 0.5150380749100549327 ) ) ;
#5758 = LINE ( 'NONE', #5626, #1518 ) ;
#5759 = VECTOR ( 'NONE', #1202, 1000.000000000000000 ) ;
#5760 = CIRCLE ( 'NONE', #2453, 0.9999999999999942268 ) ;
#5761 = CYLINDRICAL_SURFACE ( 'NONE', #2161, 1.499999999999999556 ) ;
#5762 = CARTESIAN_POINT ( 'NONE',  ( -40.50000000000002132, -39.49999999999998579, 17.10000000000000142 ) ) ;
#5763 = CARTESIAN_POINT ( 'NONE',  ( 40.49999999999998579, -40.99999999999997868, 4.000000000000000000 ) ) ;
#5764 = ORIENTED_EDGE ( 'NONE', *, *, #11239, .T. ) ;
#5765 = AXIS2_PLACEMENT_3D ( 'NONE', #12736, #4996, #3839 ) ;
#5766 = CARTESIAN_POINT ( 'NONE',  ( 26.24999999999998934, -61.25000000000001421, 0.4000000000000114575 ) ) ;
#5767 = VERTEX_POINT ( 'NONE', #5974 ) ;
#5769 = AXIS2_PLACEMENT_3D ( 'NONE', #721, #3747, #3691 ) ;
#5768 = CARTESIAN_POINT ( 'NONE',  ( -0.4529868602934395971, 25.50000000000000711, 4.000000000000000000 ) ) ;
#5770 = EDGE_CURVE ( 'NONE', #10158, #261, #2927, .T. ) ;
#5771 = VERTEX_POINT ( 'NONE', #1113 ) ;
#5772 = EDGE_CURVE ( 'NONE', #7883, #3435, #10064, .T. ) ;
#5773 = DIRECTION ( 'NONE',  ( 1.000000000000000000, -0.000000000000000000, 0.000000000000000000 ) ) ;
#5774 = DIRECTION ( 'NONE',  ( -0.8191520442889907994, -0.000000000000000000, 0.5735764363510478248 ) ) ;
#5775 = ORIENTED_EDGE ( 'NONE', *, *, #11619, .F. ) ;
#5776 = FACE_BOUND ( 'NONE', #4646, .T. ) ;
#5777 = CONICAL_SURFACE ( 'NONE', #10124, 2.499999999999995115, 0.7853981633974473908 ) ;
#5778 = DIRECTION ( 'NONE',  ( 0.7071067811865475727, 0.000000000000000000, -0.7071067811865475727 ) ) ;
#5779 = EDGE_CURVE ( 'NONE', #6118, #3606, #6228, .T. ) ;
#5780 = DIRECTION ( 'NONE',  ( -0.000000000000000000, -0.000000000000000000, -1.000000000000000000 ) ) ;
#5781 = VERTEX_POINT ( 'NONE', #3053 ) ;
#5782 = LINE ( 'NONE', #3898, #281 ) ;
#5783 = ORIENTED_EDGE ( 'NONE', *, *, #1344, .T. ) ;
#5784 = DIRECTION ( 'NONE',  ( -0.8191520442889907994, -1.136801825298004503E-16, 0.5735764363510477137 ) ) ;
#5785 = CARTESIAN_POINT ( 'NONE',  ( -0.4529868602934398192, 24.00000000000000711, 12.00000000000000000 ) ) ;
#5786 = ORIENTED_EDGE ( 'NONE', *, *, #10740, .F. ) ;
#5787 = DIRECTION ( 'NONE',  ( -0.000000000000000000, 1.000000000000000000, 0.000000000000000000 ) ) ;
#5788 = EDGE_LOOP ( 'NONE', ( #12290, #10558, #3256 ) ) ;
#5789 = LINE ( 'NONE', #9814, #4045 ) ;
#5790 = DIRECTION ( 'NONE',  ( 1.000000000000000000, -5.782411586589351722E-16, 0.000000000000000000 ) ) ;
#5791 = FACE_OUTER_BOUND ( 'NONE', #12235, .T. ) ;
#5792 = CARTESIAN_POINT ( 'NONE',  ( -48.27727649737935423, 21.50000000000000000, 60.09049161665796390 ) ) ;
#5793 = VERTEX_POINT ( 'NONE', #11102 ) ;
#5794 = LINE ( 'NONE', #12674, #8451 ) ;
#5795 = ADVANCED_FACE ( 'NONE', ( #12149 ), #8107, .T. ) ;
#5796 = PLANE ( 'NONE',  #931 ) ;
#5797 = ORIENTED_EDGE ( 'NONE', *, *, #7745, .T. ) ;
#5798 = VERTEX_POINT ( 'NONE', #7208 ) ;
#5799 = DIRECTION ( 'NONE',  ( -0.000000000000000000, -0.000000000000000000, -1.000000000000000000 ) ) ;
#5800 = VERTEX_POINT ( 'NONE', #1049 ) ;
#5801 = ADVANCED_FACE ( 'NONE', ( #4279 ), #149, .F. ) ;
#5802 = ORIENTED_EDGE ( 'NONE', *, *, #1019, .F. ) ;
#5803 = FACE_OUTER_BOUND ( 'NONE', #624, .T. ) ;
#5804 = LINE ( 'NONE', #4121, #4013 ) ;
#5805 = DIRECTION ( 'NONE',  ( -0.000000000000000000, -0.000000000000000000, -1.000000000000000000 ) ) ;
#5806 = CARTESIAN_POINT ( 'NONE',  ( 0.000000000000000000, 0.000000000000000000, 2.500000000000000000 ) ) ;
#5807 = EDGE_LOOP ( 'NONE', ( #12143, #9564, #1251, #2892, #10100, #8414, #1444, #9427, #3987, #6129 ) ) ;
#5808 = ORIENTED_EDGE ( 'NONE', *, *, #6008, .F. ) ;
#5809 = DIRECTION ( 'NONE',  ( 0.7071067811865474617, 2.453269466693396649E-15, 0.7071067811865474617 ) ) ;
#5810 = AXIS2_PLACEMENT_3D ( 'NONE', #1547, #5616, #9453 ) ;
#5811 = ORIENTED_EDGE ( 'NONE', *, *, #5924, .T. ) ;
#5812 = ORIENTED_EDGE ( 'NONE', *, *, #7266, .T. ) ;
#5813 = CARTESIAN_POINT ( 'NONE',  ( -63.19026384250660300, 21.49999999999998934, 38.79253846514421156 ) ) ;
#5814 = ORIENTED_EDGE ( 'NONE', *, *, #1146, .F. ) ;
#5815 = EDGE_CURVE ( 'NONE', #6597, #5617, #10813, .T. ) ;
#5816 = CARTESIAN_POINT ( 'NONE',  ( 1.877046544792177807, -55.00000000000000000, 12.36776389409515886 ) ) ;
#5817 = FACE_OUTER_BOUND ( 'NONE', #5390, .T. ) ;
#5818 = VERTEX_POINT ( 'NONE', #2208 ) ;
#5819 = CARTESIAN_POINT ( 'NONE',  ( 43.49999999999997868, 12.50000000000000178, 12.50000000000000000 ) ) ;
#5820 = DIRECTION ( 'NONE',  ( -6.030281875183509903E-17, -1.000000000000000000, -8.612135040136397117E-17 ) ) ;
#5821 = CIRCLE ( 'NONE', #9964, 2.300000000000003375 ) ;
#5822 = DIRECTION ( 'NONE',  ( 1.000000000000000000, 1.541976423090495387E-16, 0.000000000000000000 ) ) ;
#5823 = ADVANCED_FACE ( 'NONE', ( #5060 ), #6167, .F. ) ;
#5824 = CARTESIAN_POINT ( 'NONE',  ( -6.500000000000005329, 57.49999999999999289, 17.10000000000000142 ) ) ;
#5825 = EDGE_CURVE ( 'NONE', #1863, #4132, #4023, .T. ) ;
#5826 = CARTESIAN_POINT ( 'NONE',  ( -34.99999999999999289, 62.50000000000001421, 25.00000000000000000 ) ) ;
#5827 = CIRCLE ( 'NONE', #11644, 1.500000000000000000 ) ;
#5828 = ORIENTED_EDGE ( 'NONE', *, *, #11991, .T. ) ;
#5829 = FACE_OUTER_BOUND ( 'NONE', #7631, .T. ) ;
#5830 = VERTEX_POINT ( 'NONE', #10909 ) ;
#5831 = LINE ( 'NONE', #9788, #7618 ) ;
#5832 = VERTEX_POINT ( 'NONE', #1300 ) ;
#5833 = DIRECTION ( 'NONE',  ( 0.5735764363510473807, 0.000000000000000000, 0.8191520442889909104 ) ) ;
#5834 = CARTESIAN_POINT ( 'NONE',  ( -8.249573863534151046E-15, 53.50000000000000000, 4.000000000000000000 ) ) ;
#5835 = ADVANCED_FACE ( 'NONE', ( #7074 ), #2268, .T. ) ;
#5836 = VECTOR ( 'NONE', #12455, 1000.000000000000000 ) ;
#5837 = CARTESIAN_POINT ( 'NONE',  ( -40.50000000000000000, -49.49999999999999289, 2.500000000000000000 ) ) ;
#5838 = DIRECTION ( 'NONE',  ( 1.000000000000000000, 0.000000000000000000, 0.000000000000000000 ) ) ;
#5839 = CARTESIAN_POINT ( 'NONE',  ( 0.000000000000000000, 0.000000000000000000, 2.500000000000000000 ) ) ;
#5840 = ADVANCED_FACE ( 'NONE', ( #1181 ), #5243, .F. ) ;
#5841 = EDGE_CURVE ( 'NONE', #5005, #12816, #2137, .T. ) ;
#5842 = DIRECTION ( 'NONE',  ( -0.000000000000000000, -0.000000000000000000, -1.000000000000000000 ) ) ;
#5843 = ORIENTED_EDGE ( 'NONE', *, *, #1418, .T. ) ;
#5844 = CARTESIAN_POINT ( 'NONE',  ( -40.50000000000002132, 49.49999999999997868, 14.10000000000000142 ) ) ;
#5845 = AXIS2_PLACEMENT_3D ( 'NONE', #3531, #3478, #5418 ) ;
#5846 = DIRECTION ( 'NONE',  ( -0.7071067811865474617, 0.000000000000000000, -0.7071067811865474617 ) ) ;
#5847 = CIRCLE ( 'NONE', #4803, 1.500000000000000444 ) ;
#5848 = CARTESIAN_POINT ( 'NONE',  ( 21.49999999999999289, 8.000000000000001776, 12.50000000000000000 ) ) ;
#5849 = ORIENTED_EDGE ( 'NONE', *, *, #6559, .T. ) ;
#5850 = ADVANCED_FACE ( 'NONE', ( #7986, #11954 ), #10968, .F. ) ;
#5851 = FACE_OUTER_BOUND ( 'NONE', #12696, .T. ) ;
#5852 = ORIENTED_EDGE ( 'NONE', *, *, #671, .F. ) ;
#5853 = CARTESIAN_POINT ( 'NONE',  ( -42.25000000000000000, -49.49999999999999289, 2.500000000000000000 ) ) ;
#5854 = DIRECTION ( 'NONE',  ( -0.000000000000000000, -0.000000000000000000, -1.000000000000000000 ) ) ;
#5855 = VECTOR ( 'NONE', #17, 1000.000000000000000 ) ;
#5856 = CARTESIAN_POINT ( 'NONE',  ( -6.620964356431512599, 55.00000000000000711, 12.00000000000001243 ) ) ;
#5857 = VECTOR ( 'NONE', #12617, 1000.000000000000000 ) ;
#5858 = DIRECTION ( 'NONE',  ( 0.5735764363510448272, 0.000000000000000000, 0.8191520442889926867 ) ) ;
#5859 = AXIS2_PLACEMENT_3D ( 'NONE', #8046, #7010, #8749 ) ;
#5860 = ORIENTED_EDGE ( 'NONE', *, *, #4009, .T. ) ;
#5861 = DIRECTION ( 'NONE',  ( -1.000000000000000000, 1.541976423090498592E-15, 0.000000000000000000 ) ) ;
#5862 = CARTESIAN_POINT ( 'NONE',  ( -11.00000000000000000, 53.50000000000000000, 4.000000000000000000 ) ) ;
#5864 = ADVANCED_FACE ( 'NONE', ( #6108 ), #9334, .F. ) ;
#5863 = VERTEX_POINT ( 'NONE', #3112 ) ;
#5865 = ORIENTED_EDGE ( 'NONE', *, *, #1298, .F. ) ;
#5866 = AXIS2_PLACEMENT_3D ( 'NONE', #6457, #10230, #1354 ) ;
#5867 = CARTESIAN_POINT ( 'NONE',  ( -67.36003675703045701, -21.50000000000000000, 39.63692809162201058 ) ) ;
#5868 = AXIS2_PLACEMENT_3D ( 'NONE', #7793, #8695, #2799 ) ;
#5869 = AXIS2_PLACEMENT_3D ( 'NONE', #11397, #800, #4747 ) ;
#5870 = ORIENTED_EDGE ( 'NONE', *, *, #6722, .T. ) ;
#5871 = VERTEX_POINT ( 'NONE', #9397 ) ;
#5872 = DIRECTION ( 'NONE',  ( 0.000000000000000000, 0.000000000000000000, -1.000000000000000000 ) ) ;
#5873 = DIRECTION ( 'NONE',  ( -0.8191520442889906883, -0.000000000000000000, 0.5735764363510477137 ) ) ;
#5874 = CARTESIAN_POINT ( 'NONE',  ( 4.499999999999992006, 29.71110255092798269, 12.00000000000000000 ) ) ;
#5875 = DIRECTION ( 'NONE',  ( 0.000000000000000000, 0.000000000000000000, 1.000000000000000000 ) ) ;
#5876 = EDGE_LOOP ( 'NONE', ( #7759, #1292, #10073, #7376 ) ) ;
#5877 = VERTEX_POINT ( 'NONE', #1372 ) ;
#5878 = AXIS2_PLACEMENT_3D ( 'NONE', #3057, #10654, #5717 ) ;
#5879 = AXIS2_PLACEMENT_3D ( 'NONE', #5206, #2169, #1397 ) ;
#5880 = AXIS2_PLACEMENT_3D ( 'NONE', #11224, #2272, #6229 ) ;
#5881 = VECTOR ( 'NONE', #6875, 1000.000000000000000 ) ;
#5882 = DIRECTION ( 'NONE',  ( -0.000000000000000000, 1.000000000000000000, 0.000000000000000000 ) ) ;
#5883 = VECTOR ( 'NONE', #9947, 1000.000000000000000 ) ;
#5884 = VERTEX_POINT ( 'NONE', #7265 ) ;
#5885 = ORIENTED_EDGE ( 'NONE', *, *, #10634, .F. ) ;
#5886 = LINE ( 'NONE', #127, #5117 ) ;
#5887 = EDGE_LOOP ( 'NONE', ( #2577, #6491, #5275, #10616 ) ) ;
#5888 = VECTOR ( 'NONE', #3554, 1000.000000000000114 ) ;
#5889 = CARTESIAN_POINT ( 'NONE',  ( 42.24999999999998579, -49.49999999999998579, 2.500000000000000000 ) ) ;
#5890 = AXIS2_PLACEMENT_3D ( 'NONE', #3818, #3685, #7640 ) ;
#5891 = ORIENTED_EDGE ( 'NONE', *, *, #3749, .T. ) ;
#5892 = FACE_OUTER_BOUND ( 'NONE', #620, .T. ) ;
#5893 = DIRECTION ( 'NONE',  ( -0.000000000000000000, -0.000000000000000000, -1.000000000000000000 ) ) ;
#5894 = CARTESIAN_POINT ( 'NONE',  ( 34.99999999999999289, 62.50000000000001421, 13.00000000000000178 ) ) ;
#5895 = DIRECTION ( 'NONE',  ( -0.8191520442889905773, -0.000000000000000000, 0.5735764363510477137 ) ) ;
#5896 = EDGE_CURVE ( 'NONE', #11283, #4550, #6547, .T. ) ;
#5897 = VECTOR ( 'NONE', #11098, 999.9999999999998863 ) ;
#5898 = AXIS2_PLACEMENT_3D ( 'NONE', #10764, #7843, #2905 ) ;
#5899 = VECTOR ( 'NONE', #5995, 1000.000000000000000 ) ;
#5900 = CARTESIAN_POINT ( 'NONE',  ( -7.999999999999974243, 21.00000000000000355, 12.50000000000000000 ) ) ;
#5901 = EDGE_LOOP ( 'NONE', ( #9353, #7396 ) ) ;
#5902 = LINE ( 'NONE', #2712, #5664 ) ;
#5903 = CARTESIAN_POINT ( 'NONE',  ( -43.50000000000002132, -42.50000000000000711, 12.50000000000001066 ) ) ;
#5904 = VERTEX_POINT ( 'NONE', #11222 ) ;
#5905 = ADVANCED_FACE ( 'NONE', ( #7516 ), #2595, .F. ) ;
#5906 = DIRECTION ( 'NONE',  ( 0.5735764363510612585, 7.709882115452470278E-16, 0.8191520442889812514 ) ) ;
#5907 = DIRECTION ( 'NONE',  ( -0.8191520442889905773, -0.000000000000000000, 0.5735764363510477137 ) ) ;
#5908 = AXIS2_PLACEMENT_3D ( 'NONE', #7757, #11729, #10750 ) ;
#5909 = AXIS2_PLACEMENT_3D ( 'NONE', #12217, #9087, #7149 ) ;
#5910 = DIRECTION ( 'NONE',  ( 0.9848077530121928103, 0.000000000000000000, 0.1736481776670165122 ) ) ;
#5911 = CARTESIAN_POINT ( 'NONE',  ( 47.50000000000000711, -36.49999999999999289, 25.00000000000000000 ) ) ;
#5912 = DIRECTION ( 'NONE',  ( 1.000000000000000000, 0.000000000000000000, 0.000000000000000000 ) ) ;
#5913 = CARTESIAN_POINT ( 'NONE',  ( 10.49999999999999112, 12.49999999999999289, 2.500000000000000000 ) ) ;
#5914 = AXIS2_PLACEMENT_3D ( 'NONE', #5089, #8138, #7172 ) ;
#5915 = LINE ( 'NONE', #9676, #3622 ) ;
#5916 = VECTOR ( 'NONE', #1593, 1000.000000000000000 ) ;
#5917 = LINE ( 'NONE', #4506, #9484 ) ;
#5918 = ADVANCED_FACE ( 'NONE', ( #11294 ), #3753, .T. ) ;
#5919 = LINE ( 'NONE', #5067, #9919 ) ;
#5920 = EDGE_CURVE ( 'NONE', #10639, #4230, #5414, .T. ) ;
#5921 = ORIENTED_EDGE ( 'NONE', *, *, #6481, .F. ) ;
#5922 = DIRECTION ( 'NONE',  ( 0.000000000000000000, 0.000000000000000000, 1.000000000000000000 ) ) ;
#5923 = EDGE_CURVE ( 'NONE', #5999, #12324, #5008, .T. ) ;
#5924 = EDGE_CURVE ( 'NONE', #6873, #12508, #11231, .T. ) ;
#5925 = ORIENTED_EDGE ( 'NONE', *, *, #12778, .T. ) ;
#5926 = DIRECTION ( 'NONE',  ( -1.000000000000000000, -2.449021377849609204E-16, 0.000000000000000000 ) ) ;
#5927 = FACE_OUTER_BOUND ( 'NONE', #10132, .T. ) ;
#5928 = VECTOR ( 'NONE', #10001, 1000.000000000000114 ) ;
#5929 = CARTESIAN_POINT ( 'NONE',  ( 0.9999999999999995559, -3.000000000000009326, 12.50000000000000000 ) ) ;
#5930 = DIRECTION ( 'NONE',  ( -2.891205793294675861E-16, 1.000000000000000000, 0.000000000000000000 ) ) ;
#5931 = EDGE_LOOP ( 'NONE', ( #12509, #6541, #10273, #1554 ) ) ;
#5932 = CARTESIAN_POINT ( 'NONE',  ( -51.47196947010641566, 21.50000000000000000, 62.32743971842705122 ) ) ;
#5933 = EDGE_CURVE ( 'NONE', #390, #4987, #7298, .T. ) ;
#5934 = FACE_OUTER_BOUND ( 'NONE', #8569, .T. ) ;
#5935 = ORIENTED_EDGE ( 'NONE', *, *, #8855, .T. ) ;
#5936 = ORIENTED_EDGE ( 'NONE', *, *, #7036, .F. ) ;
#5937 = DIRECTION ( 'NONE',  ( 1.000000000000000000, 0.000000000000000000, 0.000000000000000000 ) ) ;
#5938 = ORIENTED_EDGE ( 'NONE', *, *, #11472, .T. ) ;
#5939 = EDGE_CURVE ( 'NONE', #1070, #3246, #5630, .T. ) ;
#5940 = ORIENTED_EDGE ( 'NONE', *, *, #2518, .F. ) ;
#5941 = FACE_OUTER_BOUND ( 'NONE', #7499, .T. ) ;
#5942 = DIRECTION ( 'NONE',  ( -0.000000000000000000, 0.000000000000000000, 1.000000000000000000 ) ) ;
#5943 = CARTESIAN_POINT ( 'NONE',  ( -62.61668740615555606, -21.50000000000000000, 39.61169050943319547 ) ) ;
#5944 = DIRECTION ( 'NONE',  ( -0.000000000000000000, -0.000000000000000000, -1.000000000000000000 ) ) ;
#5945 = EDGE_LOOP ( 'NONE', ( #10797, #9253 ) ) ;
#5946 = EDGE_LOOP ( 'NONE', ( #9892, #10226, #3494, #4290 ) ) ;
#5947 = EDGE_CURVE ( 'NONE', #10708, #7475, #10374, .T. ) ;
#5948 = DIRECTION ( 'NONE',  ( 0.000000000000000000, 0.7071067811865474617, 0.7071067811865474617 ) ) ;
#5949 = ORIENTED_EDGE ( 'NONE', *, *, #932, .F. ) ;
#5950 = ORIENTED_EDGE ( 'NONE', *, *, #3016, .F. ) ;
#5951 = CARTESIAN_POINT ( 'NONE',  ( -48.82629537293660604, 21.50000000000000000, 59.13206672430497690 ) ) ;
#5952 = AXIS2_PLACEMENT_3D ( 'NONE', #34, #10791, #12744 ) ;
#5953 = ORIENTED_EDGE ( 'NONE', *, *, #4418, .F. ) ;
#5954 = CARTESIAN_POINT ( 'NONE',  ( -66.30304161080475467, -21.50000000000000000, 40.97212892327818423 ) ) ;
#5955 = ORIENTED_EDGE ( 'NONE', *, *, #10368, .T. ) ;
#5956 = DIRECTION ( 'NONE',  ( 0.000000000000000000, 0.000000000000000000, -1.000000000000000000 ) ) ;
#5957 = CARTESIAN_POINT ( 'NONE',  ( 9.970588235294110646, 15.95048140917011636, 12.00000000000000000 ) ) ;
#5958 = DIRECTION ( 'NONE',  ( 0.000000000000000000, 0.000000000000000000, -1.000000000000000000 ) ) ;
#5959 = VECTOR ( 'NONE', #2305, 1000.000000000000000 ) ;
#5960 = CYLINDRICAL_SURFACE ( 'NONE', #7094, 2.299999999999999822 ) ;
#5961 = CIRCLE ( 'NONE', #179, 2.299999999999996270 ) ;
#5962 = CARTESIAN_POINT ( 'NONE',  ( -26.49999999999998579, 24.99999999999999289, 12.00000000000000000 ) ) ;
#5963 = VERTEX_POINT ( 'NONE', #452 ) ;
#5964 = ADVANCED_FACE ( 'NONE', ( #5377 ), #7394, .T. ) ;
#5965 = CARTESIAN_POINT ( 'NONE',  ( -50.43953188467452975, 21.50000000000000000, 63.80191339814724216 ) ) ;
#5966 = FACE_OUTER_BOUND ( 'NONE', #1172, .T. ) ;
#5967 = ORIENTED_EDGE ( 'NONE', *, *, #4602, .T. ) ;
#5968 = AXIS2_PLACEMENT_3D ( 'NONE', #6775, #10548, #2688 ) ;
#5969 = CIRCLE ( 'NONE', #387, 4.499999999999992006 ) ;
#5970 = DIRECTION ( 'NONE',  ( -0.8191520442889905773, -0.000000000000000000, 0.5735764363510477137 ) ) ;
#5971 = DIRECTION ( 'NONE',  ( 0.000000000000000000, 0.000000000000000000, 1.000000000000000000 ) ) ;
#5972 = EDGE_CURVE ( 'NONE', #7414, #10488, #6876, .T. ) ;
#5973 = CYLINDRICAL_SURFACE ( 'NONE', #5096, 7.000000000000000000 ) ;
#5974 = CARTESIAN_POINT ( 'NONE',  ( 23.49999999999995381, 53.50000000000000000, 12.50000000000000000 ) ) ;
#5975 = FACE_OUTER_BOUND ( 'NONE', #2125, .T. ) ;
#5976 = EDGE_CURVE ( 'NONE', #3018, #7888, #4590, .T. ) ;
#5977 = VECTOR ( 'NONE', #1055, 1000.000000000000000 ) ;
#5978 = CIRCLE ( 'NONE', #7627, 2.499999999999995115 ) ;
#5979 = DIRECTION ( 'NONE',  ( 0.000000000000000000, 0.000000000000000000, 1.000000000000000000 ) ) ;
#5980 = ORIENTED_EDGE ( 'NONE', *, *, #2038, .T. ) ;
#5981 = CARTESIAN_POINT ( 'NONE',  ( 34.99999999999999289, 62.50000000000001421, 25.00000000000000000 ) ) ;
#5982 = DIRECTION ( 'NONE',  ( 1.000000000000000000, 0.000000000000000000, 0.000000000000000000 ) ) ;
#5983 = DIRECTION ( 'NONE',  ( -2.453269466693404537E-15, 0.7071067811865451302, 0.7071067811865500152 ) ) ;
#5984 = ORIENTED_EDGE ( 'NONE', *, *, #2417, .T. ) ;
#5985 = LINE ( 'NONE', #93, #10857 ) ;
#5986 = AXIS2_PLACEMENT_3D ( 'NONE', #3872, #2899, #831 ) ;
#5987 = VERTEX_POINT ( 'NONE', #7453 ) ;
#5988 = DIRECTION ( 'NONE',  ( -0.000000000000000000, -1.000000000000000000, -0.000000000000000000 ) ) ;
#5989 = DIRECTION ( 'NONE',  ( -0.000000000000000000, -0.000000000000000000, 1.000000000000000000 ) ) ;
#5990 = CARTESIAN_POINT ( 'NONE',  ( -2.527011076045461824, -55.00000000000000711, 12.06870245856685564 ) ) ;
#5991 = CARTESIAN_POINT ( 'NONE',  ( 25.99999999999999289, 55.00000000000000711, 4.000000000000000000 ) ) ;
#5992 = EDGE_LOOP ( 'NONE', ( #8991, #11753, #3629, #12446 ) ) ;
#5993 = EDGE_CURVE ( 'NONE', #7472, #8024, #8484, .T. ) ;
#5994 = LINE ( 'NONE', #5729, #5883 ) ;
#5995 = DIRECTION ( 'NONE',  ( -0.8571673007021118895, 1.049727191138618079E-16, 0.5150380749100549327 ) ) ;
#5996 = EDGE_CURVE ( 'NONE', #8135, #4824, #7329, .T. ) ;
#5997 = ORIENTED_EDGE ( 'NONE', *, *, #6988, .T. ) ;
#5998 = CARTESIAN_POINT ( 'NONE',  ( 40.49999999999998579, -49.49999999999998579, 11.99999999999998224 ) ) ;
#5999 = VERTEX_POINT ( 'NONE', #2525 ) ;
#6000 = SURFACE_STYLE_FILL_AREA ( #10933 ) ;
#6001 = EDGE_LOOP ( 'NONE', ( #10873, #12041, #297, #8011 ) ) ;
#6002 = DIRECTION ( 'NONE',  ( 0.000000000000000000, 1.000000000000000000, 0.000000000000000000 ) ) ;
#6003 = LINE ( 'NONE', #7818, #4627 ) ;
#6004 = LINE ( 'NONE', #1334, #3970 ) ;
#6005 = ADVANCED_FACE ( 'NONE', ( #6480 ), #10440, .F. ) ;
#6006 = PLANE ( 'NONE',  #1974 ) ;
#6007 = ORIENTED_EDGE ( 'NONE', *, *, #11965, .T. ) ;
#6008 = EDGE_CURVE ( 'NONE', #827, #6719, #6863, .T. ) ;
#6009 = ORIENTED_EDGE ( 'NONE', *, *, #2849, .T. ) ;
#6010 = EDGE_CURVE ( 'NONE', #1310, #2058, #11018, .T. ) ;
#6011 = FACE_OUTER_BOUND ( 'NONE', #1835, .T. ) ;
#6012 = ADVANCED_FACE ( 'NONE', ( #1812 ), #11749, .F. ) ;
#6013 = EDGE_CURVE ( 'NONE', #9635, #8623, #4781, .T. ) ;
#6014 = EDGE_LOOP ( 'NONE', ( #4957, #6265, #563, #1857 ) ) ;
#6015 = ORIENTED_EDGE ( 'NONE', *, *, #6469, .F. ) ;
#6016 = CARTESIAN_POINT ( 'NONE',  ( 25.50000000000001421, 30.86660026534074674, 12.50000000000000000 ) ) ;
#6017 = VERTEX_POINT ( 'NONE', #10765 ) ;
#6018 = PLANE ( 'NONE',  #11891 ) ;
#6019 = ORIENTED_EDGE ( 'NONE', *, *, #4097, .T. ) ;
#6020 = CARTESIAN_POINT ( 'NONE',  ( 36.69999999999998863, -62.50000000000001421, 13.00000000000000178 ) ) ;
#6021 = CARTESIAN_POINT ( 'NONE',  ( 10.49999999999999289, 14.54701313970656784, 4.000000000000000000 ) ) ;
#6022 = LINE ( 'NONE', #5165, #12334 ) ;
#6023 = PLANE ( 'NONE',  #3155 ) ;
#6024 = AXIS2_PLACEMENT_3D ( 'NONE', #1169, #8534, #8474 ) ;
#6025 = ORIENTED_EDGE ( 'NONE', *, *, #3141, .F. ) ;
#6026 = CARTESIAN_POINT ( 'NONE',  ( -34.99999999999999289, -62.50000000000001421, 19.00000000000000355 ) ) ;
#6027 = EDGE_LOOP ( 'NONE', ( #8813, #12340, #12756, #7847 ) ) ;
#6028 = CARTESIAN_POINT ( 'NONE',  ( 43.75000000000001421, -57.50000000000000711, 25.00000000000000000 ) ) ;
#6029 = PLANE ( 'NONE',  #9084 ) ;
#6030 = EDGE_CURVE ( 'NONE', #6822, #2374, #9781, .T. ) ;
#6031 = ORIENTED_EDGE ( 'NONE', *, *, #6357, .F. ) ;
#6032 = CIRCLE ( 'NONE', #651, 1.500000000000001332 ) ;
#6033 = FACE_OUTER_BOUND ( 'NONE', #12101, .T. ) ;
#6034 = FACE_OUTER_BOUND ( 'NONE', #8080, .T. ) ;
#6035 = LINE ( 'NONE', #1112, #4895 ) ;
#6036 = EDGE_CURVE ( 'NONE', #9629, #2376, #775, .T. ) ;
#6037 = CARTESIAN_POINT ( 'NONE',  ( -45.00000000000002132, -55.00000000000000711, -142.1267040355189977 ) ) ;
#6038 = CIRCLE ( 'NONE', #7075, 2.000000000000001776 ) ;
#6039 = CYLINDRICAL_SURFACE ( 'NONE', #697, 1.499999999999999556 ) ;
#6040 = ORIENTED_EDGE ( 'NONE', *, *, #9009, .F. ) ;
#6041 = CARTESIAN_POINT ( 'NONE',  ( 4.499999999999998224, 53.50000000000000000, 12.00000000000000000 ) ) ;
#6042 = CARTESIAN_POINT ( 'NONE',  ( -43.50000000000002132, -42.50000000000000711, 12.00000000000001066 ) ) ;
#6043 = CARTESIAN_POINT ( 'NONE',  ( 27.50000000000000711, 6.500000000000005329, 4.000000000000000000 ) ) ;
#6044 = AXIS2_PLACEMENT_3D ( 'NONE', #5762, #9660, #3740 ) ;
#6045 = ORIENTED_EDGE ( 'NONE', *, *, #7604, .T. ) ;
#6046 = DIRECTION ( 'NONE',  ( 1.000000000000000000, 0.000000000000000000, 0.000000000000000000 ) ) ;
#6047 = ORIENTED_EDGE ( 'NONE', *, *, #8304, .F. ) ;
#6048 = DIRECTION ( 'NONE',  ( 2.973811673103103088E-16, -1.000000000000000000, 0.000000000000000000 ) ) ;
#6049 = DIRECTION ( 'NONE',  ( 0.000000000000000000, 0.7071067811865474617, -0.7071067811865474617 ) ) ;
#6050 = CARTESIAN_POINT ( 'NONE',  ( -21.99999999999996803, -53.50000000000000711, 12.50000000000000000 ) ) ;
#6051 = DIRECTION ( 'NONE',  ( -1.000000000000000000, -1.301042606982605321E-16, 0.000000000000000000 ) ) ;
#6052 = ORIENTED_EDGE ( 'NONE', *, *, #9657, .T. ) ;
#6053 = VECTOR ( 'NONE', #6911, 1000.000000000000000 ) ;
#6054 = DIRECTION ( 'NONE',  ( -1.000000000000000000, 0.000000000000000000, 0.000000000000000000 ) ) ;
#6055 = EDGE_CURVE ( 'NONE', #7744, #1965, #7489, .T. ) ;
#6056 = CARTESIAN_POINT ( 'NONE',  ( 43.75000000000001421, -53.75000000000000711, 0.000000000000000000 ) ) ;
#6057 = ORIENTED_EDGE ( 'NONE', *, *, #7973, .T. ) ;
#6058 = DIRECTION ( 'NONE',  ( -0.000000000000000000, -0.000000000000000000, 1.000000000000000000 ) ) ;
#6059 = ORIENTED_EDGE ( 'NONE', *, *, #3064, .F. ) ;
#6060 = ADVANCED_FACE ( 'NONE', ( #7582 ), #10633, .T. ) ;
#6061 = CARTESIAN_POINT ( 'NONE',  ( 5.199999999999993072, 22.50000000000000355, 12.00000000000002309 ) ) ;
#6062 = CIRCLE ( 'NONE', #472, 1.499999999999999556 ) ;
#6063 = ORIENTED_EDGE ( 'NONE', *, *, #8485, .T. ) ;
#6064 = AXIS2_PLACEMENT_3D ( 'NONE', #12030, #222, #11969 ) ;
#6065 = AXIS2_PLACEMENT_3D ( 'NONE', #4269, #8412, #5366 ) ;
#6066 = CARTESIAN_POINT ( 'NONE',  ( -33.50000000000002842, 53.49999999999999289, 12.00000000000001066 ) ) ;
#6067 = DIRECTION ( 'NONE',  ( -0.000000000000000000, -1.000000000000000000, -0.000000000000000000 ) ) ;
#6068 = DIRECTION ( 'NONE',  ( 1.000000000000000000, -1.541976423090498592E-15, 0.000000000000000000 ) ) ;
#6069 = DIRECTION ( 'NONE',  ( 1.000000000000000000, 0.000000000000000000, 0.000000000000000000 ) ) ;
#6070 = ORIENTED_EDGE ( 'NONE', *, *, #11085, .T. ) ;
#6071 = ORIENTED_EDGE ( 'NONE', *, *, #12754, .T. ) ;
#6072 = CARTESIAN_POINT ( 'NONE',  ( 43.75000000000001421, -57.09999999999999432, 0.000000000000000000 ) ) ;
#6073 = AXIS2_PLACEMENT_3D ( 'NONE', #3477, #1282, #5223 ) ;
#6074 = VECTOR ( 'NONE', #10781, 999.9999999999998863 ) ;
#6075 = AXIS2_PLACEMENT_3D ( 'NONE', #9864, #10906, #7785 ) ;
#6076 = ORIENTED_EDGE ( 'NONE', *, *, #8510, .F. ) ;
#6077 = EDGE_LOOP ( 'NONE', ( #12462, #6791, #9938, #3589 ) ) ;
#6078 = DIRECTION ( 'NONE',  ( 0.000000000000000000, 0.000000000000000000, 1.000000000000000000 ) ) ;
#6079 = ORIENTED_EDGE ( 'NONE', *, *, #586, .T. ) ;
#6080 = EDGE_CURVE ( 'NONE', #3929, #10407, #1288, .T. ) ;
#6081 = CARTESIAN_POINT ( 'NONE',  ( 37.29999999999998295, -62.50000000000001421, 25.00000000000000000 ) ) ;
#6082 = ORIENTED_EDGE ( 'NONE', *, *, #2665, .F. ) ;
#6083 = EDGE_CURVE ( 'NONE', #9622, #4859, #1494, .T. ) ;
#6084 = CARTESIAN_POINT ( 'NONE',  ( 43.75000000000001421, -53.75000000000000711, 25.00000000000000000 ) ) ;
#6085 = CARTESIAN_POINT ( 'NONE',  ( 40.49999999999998579, -40.99999999999997868, 4.000000000000000000 ) ) ;
#6086 = ADVANCED_FACE ( 'NONE', ( #12783 ), #12645, .T. ) ;
#6087 = AXIS2_PLACEMENT_3D ( 'NONE', #4900, #1986, #2100 ) ;
#6088 = ADVANCED_FACE ( 'NONE', ( #5628 ), #8676, .F. ) ;
#6089 = VECTOR ( 'NONE', #9661, 1000.000000000000000 ) ;
#6091 = VECTOR ( 'NONE', #10950, 999.9999999999998863 ) ;
#6090 = LINE ( 'NONE', #197, #4032 ) ;
#6092 = DIRECTION ( 'NONE',  ( -0.7071067811865477948, 1.697670519388732874E-16, 0.7071067811865473507 ) ) ;
#6093 = EDGE_LOOP ( 'NONE', ( #942, #10127, #1599, #11106 ) ) ;
#6094 = PLANE ( 'NONE',  #11278 ) ;
#6095 = EDGE_LOOP ( 'NONE', ( #1329, #2640, #8369 ) ) ;
#6096 = ADVANCED_FACE ( 'NONE', ( #11815 ), #8617, .F. ) ;
#6097 = AXIS2_PLACEMENT_3D ( 'NONE', #4012, #1173, #1104 ) ;
#6098 = DIRECTION ( 'NONE',  ( -0.000000000000000000, 0.000000000000000000, 1.000000000000000000 ) ) ;
#6099 = VECTOR ( 'NONE', #7664, 1000.000000000000000 ) ;
#6100 = VECTOR ( 'NONE', #12200, 1000.000000000000000 ) ;
#6101 = DIRECTION ( 'NONE',  ( -1.000000000000000000, 0.000000000000000000, 0.000000000000000000 ) ) ;
#6102 = EDGE_LOOP ( 'NONE', ( #6015, #4477, #7388, #8785 ) ) ;
#6103 = CARTESIAN_POINT ( 'NONE',  ( -36.69999999999998863, 62.50000000000001421, 13.00000000000000178 ) ) ;
#6104 = CARTESIAN_POINT ( 'NONE',  ( -64.77172030349572651, -6.380200791436040492E-15, 36.35963989307105493 ) ) ;
#6105 = CARTESIAN_POINT ( 'NONE',  ( -47.49999999999999289, 52.49999999999998579, 25.00000000000000000 ) ) ;
#6106 = VECTOR ( 'NONE', #3546, 1000.000000000000000 ) ;
#6107 = VECTOR ( 'NONE', #5822, 1000.000000000000000 ) ;
#6108 = FACE_OUTER_BOUND ( 'NONE', #10095, .T. ) ;
#6109 = CONICAL_SURFACE ( 'NONE', #7756, 1.700000000000000178, 1.029744258676653645 ) ;
#6110 = ADVANCED_FACE ( 'NONE', ( #2847 ), #9146, .T. ) ;
#6111 = CARTESIAN_POINT ( 'NONE',  ( -6.499999999999999112, 25.50000000000000355, 4.000000000000000000 ) ) ;
#6112 = VERTEX_POINT ( 'NONE', #4921 ) ;
#6113 = CARTESIAN_POINT ( 'NONE',  ( 29.99999999999998579, -61.25000000000001421, 0.4000000000000114575 ) ) ;
#6114 = DIRECTION ( 'NONE',  ( -1.000000000000000000, 0.000000000000000000, 0.000000000000000000 ) ) ;
#6115 = AXIS2_PLACEMENT_3D ( 'NONE', #6711, #6002, #10747 ) ;
#6116 = CIRCLE ( 'NONE', #6738, 2.000000000000001776 ) ;
#6117 = DIRECTION ( 'NONE',  ( -0.000000000000000000, -0.000000000000000000, -1.000000000000000000 ) ) ;
#6118 = VERTEX_POINT ( 'NONE', #838 ) ;
#6119 = CARTESIAN_POINT ( 'NONE',  ( -38.19999999999999574, -49.49999999999999289, 12.00000000000003197 ) ) ;
#6120 = VERTEX_POINT ( 'NONE', #7699 ) ;
#6121 = CARTESIAN_POINT ( 'NONE',  ( 34.99999999999999289, 62.50000000000001421, 24.55000000000000071 ) ) ;
#6122 = DIRECTION ( 'NONE',  ( -0.000000000000000000, -0.000000000000000000, -1.000000000000000000 ) ) ;
#6123 = CARTESIAN_POINT ( 'NONE',  ( -65.23780394253152792, -19.40000000000011227, 42.66779065549124539 ) ) ;
#6124 = ORIENTED_EDGE ( 'NONE', *, *, #10140, .T. ) ;
#6125 = CIRCLE ( 'NONE', #530, 1.000000000000003997 ) ;
#6126 = CIRCLE ( 'NONE', #5497, 1.500000000000001332 ) ;
#6127 = DIRECTION ( 'NONE',  ( -3.136022753630939600E-33, -1.000000000000000000, 9.717331636706526105E-17 ) ) ;
#6128 = CARTESIAN_POINT ( 'NONE',  ( 8.999999999999994671, 10.99999999999999467, 12.50000000000000000 ) ) ;
#6129 = ORIENTED_EDGE ( 'NONE', *, *, #7902, .F. ) ;
#6130 = FACE_OUTER_BOUND ( 'NONE', #2895, .T. ) ;
#6131 = EDGE_LOOP ( 'NONE', ( #11755, #3286, #3499 ) ) ;
#6132 = FACE_OUTER_BOUND ( 'NONE', #4334, .T. ) ;
#6133 = AXIS2_PLACEMENT_3D ( 'NONE', #9746, #11638, #8638 ) ;
#6134 = VERTEX_POINT ( 'NONE', #12583 ) ;
#6135 = CARTESIAN_POINT ( 'NONE',  ( -62.47741455809154587, 21.49999999999998934, 39.63624807022699059 ) ) ;
#6136 = DIRECTION ( 'NONE',  ( -0.5735764363510476027, 0.000000000000000000, -0.8191520442889909104 ) ) ;
#6137 = EDGE_CURVE ( 'NONE', #8447, #11436, #1905, .T. ) ;
#6138 = DIRECTION ( 'NONE',  ( 0.000000000000000000, -1.000000000000000000, 0.000000000000000000 ) ) ;
#6139 = DIRECTION ( 'NONE',  ( -0.000000000000000000, -0.000000000000000000, -1.000000000000000000 ) ) ;
#6140 = ORIENTED_EDGE ( 'NONE', *, *, #7672, .T. ) ;
#6141 = ORIENTED_EDGE ( 'NONE', *, *, #5972, .T. ) ;
#6142 = FACE_OUTER_BOUND ( 'NONE', #6848, .T. ) ;
#6143 = EDGE_CURVE ( 'NONE', #409, #6308, #5847, .T. ) ;
#6144 = AXIS2_PLACEMENT_3D ( 'NONE', #6676, #1946, #11621 ) ;
#6145 = ORIENTED_EDGE ( 'NONE', *, *, #5933, .F. ) ;
#6146 = ORIENTED_EDGE ( 'NONE', *, *, #12362, .T. ) ;
#6147 = FACE_OUTER_BOUND ( 'NONE', #7108, .T. ) ;
#6148 = VERTEX_POINT ( 'NONE', #6154 ) ;
#6149 = CARTESIAN_POINT ( 'NONE',  ( -47.49999999999999289, 52.49999999999998579, 14.10000000000000142 ) ) ;
#6150 = VERTEX_POINT ( 'NONE', #4006 ) ;
#6151 = CARTESIAN_POINT ( 'NONE',  ( -48.59834957055041826, -30.00000000000000000, 13.59834957055043958 ) ) ;
#6152 = LINE ( 'NONE', #3098, #10638 ) ;
#6153 = DIRECTION ( 'NONE',  ( -1.000000000000000000, 0.000000000000000000, 0.000000000000000000 ) ) ;
#6154 = CARTESIAN_POINT ( 'NONE',  ( -3.000000000000000000, -3.000000000000008882, 2.500000000000000000 ) ) ;
#6155 = FACE_BOUND ( 'NONE', #8337, .T. ) ;
#6156 = VECTOR ( 'NONE', #11117, 1000.000000000000000 ) ;
#6157 = DIRECTION ( 'NONE',  ( -0.8191520442889829168, 0.000000000000000000, 0.5735764363510588160 ) ) ;
#6158 = ORIENTED_EDGE ( 'NONE', *, *, #791, .F. ) ;
#6159 = CARTESIAN_POINT ( 'NONE',  ( -61.96119576537561358, -14.49999999999999467, 40.37348491008709317 ) ) ;
#6160 = ADVANCED_FACE ( 'NONE', ( #7897 ), #5960, .F. ) ;
#6161 = CARTESIAN_POINT ( 'NONE',  ( 8.527011076045457827, 55.00000000000001421, 12.06870245856685742 ) ) ;
#6162 = ORIENTED_EDGE ( 'NONE', *, *, #5201, .T. ) ;
#6163 = PLANE ( 'NONE',  #5058 ) ;
#6164 = DIRECTION ( 'NONE',  ( 0.7071067811865474617, 0.000000000000000000, 0.7071067811865474617 ) ) ;
#6165 = AXIS2_PLACEMENT_3D ( 'NONE', #11804, #7958, #7116 ) ;
#6166 = CIRCLE ( 'NONE', #786, 1.500000000000001332 ) ;
#6167 = CYLINDRICAL_SURFACE ( 'NONE', #5209, 2.300000000000003375 ) ;
#6168 = ADVANCED_FACE ( 'NONE', ( #2972 ), #5042, .F. ) ;
#6169 = ADVANCED_FACE ( 'NONE', ( #9125 ), #7129, .T. ) ;
#6170 = DIRECTION ( 'NONE',  ( -1.000000000000000000, 0.000000000000000000, 0.000000000000000000 ) ) ;
#6171 = ADVANCED_FACE ( 'NONE', ( #7192 ), #10109, .F. ) ;
#6172 = VERTEX_POINT ( 'NONE', #253 ) ;
#6173 = EDGE_CURVE ( 'NONE', #1310, #10710, #7970, .T. ) ;
#6174 = CIRCLE ( 'NONE', #1001, 3.750000000000000000 ) ;
#6175 = CARTESIAN_POINT ( 'NONE',  ( -6.499999999999999112, 25.50000000000000355, 2.500000000000000000 ) ) ;
#6177 = VECTOR ( 'NONE', #10973, 1000.000000000000227 ) ;
#6176 = CARTESIAN_POINT ( 'NONE',  ( 43.49999999999997868, 8.000000000000007105, 2.500000000000000000 ) ) ;
#6178 = ORIENTED_EDGE ( 'NONE', *, *, #5006, .T. ) ;
#6179 = CARTESIAN_POINT ( 'NONE',  ( -52.50440705553830156, -21.50000000000000000, 60.85296603870688870 ) ) ;
#6180 = ORIENTED_EDGE ( 'NONE', *, *, #10267, .T. ) ;
#6181 = DIRECTION ( 'NONE',  ( 1.000000000000000000, 0.000000000000000000, 0.000000000000000000 ) ) ;
#6182 = EDGE_LOOP ( 'NONE', ( #193, #12418, #2381, #11319 ) ) ;
#6183 = PLANE ( 'NONE',  #1369 ) ;
#6184 = VECTOR ( 'NONE', #2730, 1000.000000000000000 ) ;
#6185 = CARTESIAN_POINT ( 'NONE',  ( -6.500000000000000000, 25.50000000000000355, 4.000000000000000000 ) ) ;
#6186 = CIRCLE ( 'NONE', #9495, 2.800000000000010925 ) ;
#6187 = FACE_OUTER_BOUND ( 'NONE', #9910, .T. ) ;
#6188 = ORIENTED_EDGE ( 'NONE', *, *, #12349, .F. ) ;
#6189 = DIRECTION ( 'NONE',  ( -0.000000000000000000, -0.000000000000000000, 1.000000000000000000 ) ) ;
#6190 = CARTESIAN_POINT ( 'NONE',  ( -3.000000000000002665, -53.50000000000000000, 12.00000000000001066 ) ) ;
#6191 = ORIENTED_EDGE ( 'NONE', *, *, #8299, .T. ) ;
#6192 = CIRCLE ( 'NONE', #5765, 1.500000000000001332 ) ;
#6193 = DIRECTION ( 'NONE',  ( 1.000000000000000000, 2.973811673103103088E-16, 0.000000000000000000 ) ) ;
#6194 = EDGE_CURVE ( 'NONE', #12678, #4969, #2535, .T. ) ;
#6195 = ORIENTED_EDGE ( 'NONE', *, *, #2386, .F. ) ;
#6196 = DIRECTION ( 'NONE',  ( 1.000000000000000000, 2.973811673103101313E-15, 0.000000000000000000 ) ) ;
#6197 = VERTEX_POINT ( 'NONE', #2004 ) ;
#6198 = FACE_OUTER_BOUND ( 'NONE', #6980, .T. ) ;
#6199 = FACE_OUTER_BOUND ( 'NONE', #1533, .T. ) ;
#6200 = CARTESIAN_POINT ( 'NONE',  ( 47.09999999999999432, -53.75000000000000711, 0.000000000000000000 ) ) ;
#6201 = DIRECTION ( 'NONE',  ( -0.8191520442889905773, -0.000000000000000000, 0.5735764363510477137 ) ) ;
#6202 = ORIENTED_EDGE ( 'NONE', *, *, #9916, .T. ) ;
#6203 = ORIENTED_EDGE ( 'NONE', *, *, #2744, .T. ) ;
#6204 = EDGE_CURVE ( 'NONE', #8307, #6150, #9002, .T. ) ;
#6205 = CARTESIAN_POINT ( 'NONE',  ( -6.499999999999999112, 25.50000000000000355, 12.50000000000000000 ) ) ;
#6206 = ORIENTED_EDGE ( 'NONE', *, *, #5702, .F. ) ;
#6207 = ORIENTED_EDGE ( 'NONE', *, *, #10686, .F. ) ;
#6208 = DIRECTION ( 'NONE',  ( -1.000000000000000000, 0.000000000000000000, -0.000000000000000000 ) ) ;
#6209 = VERTEX_POINT ( 'NONE', #4075 ) ;
#6210 = DIRECTION ( 'NONE',  ( 0.000000000000000000, 0.000000000000000000, -1.000000000000000000 ) ) ;
#6211 = ORIENTED_EDGE ( 'NONE', *, *, #856, .F. ) ;
#6212 = DIRECTION ( 'NONE',  ( -0.000000000000000000, -1.000000000000000000, -0.000000000000000000 ) ) ;
#6213 = DIRECTION ( 'NONE',  ( -1.000000000000000000, -0.000000000000000000, -0.000000000000000000 ) ) ;
#6214 = CARTESIAN_POINT ( 'NONE',  ( 25.99999999999999289, 53.50000000000000711, 12.50000000000001066 ) ) ;
#6215 = FACE_OUTER_BOUND ( 'NONE', #2241, .T. ) ;
#6216 = DIRECTION ( 'NONE',  ( -1.000000000000000000, 0.000000000000000000, -0.000000000000000000 ) ) ;
#6217 = DIRECTION ( 'NONE',  ( -0.000000000000000000, -0.000000000000000000, -1.000000000000000000 ) ) ;
#6218 = ORIENTED_EDGE ( 'NONE', *, *, #6317, .F. ) ;
#6219 = EDGE_CURVE ( 'NONE', #9251, #1709, #10199, .T. ) ;
#6220 = CYLINDRICAL_SURFACE ( 'NONE', #11691, 1.700000000000000178 ) ;
#6221 = CARTESIAN_POINT ( 'NONE',  ( 44.99999999999997868, 12.50000000000000178, 12.00000000000002842 ) ) ;
#6222 = ORIENTED_EDGE ( 'NONE', *, *, #2880, .T. ) ;
#6223 = LINE ( 'NONE', #3302, #1746 ) ;
#6224 = DIRECTION ( 'NONE',  ( 1.000000000000000000, 0.000000000000000000, -0.000000000000000000 ) ) ;
#6225 = ADVANCED_FACE ( 'NONE', ( #6215 ), #6023, .T. ) ;
#6226 = EDGE_CURVE ( 'NONE', #11261, #11235, #5166, .T. ) ;
#6227 = EDGE_LOOP ( 'NONE', ( #1896, #6295, #4592 ) ) ;
#6228 = LINE ( 'NONE', #2075, #656 ) ;
#6229 = DIRECTION ( 'NONE',  ( 0.000000000000000000, 0.000000000000000000, -1.000000000000000000 ) ) ;
#6230 = ORIENTED_EDGE ( 'NONE', *, *, #640, .T. ) ;
#6231 = CARTESIAN_POINT ( 'NONE',  ( 43.49999999999997868, 53.50000000000000711, 4.000000000000000000 ) ) ;
#6232 = AXIS2_PLACEMENT_3D ( 'NONE', #5109, #139, #4798 ) ;
#6233 = CARTESIAN_POINT ( 'NONE',  ( -34.99999999999999289, -62.50000000000001421, 25.00000000000000000 ) ) ;
#6234 = ORIENTED_EDGE ( 'NONE', *, *, #715, .T. ) ;
#6235 = EDGE_CURVE ( 'NONE', #11642, #1819, #11942, .T. ) ;
#6236 = ORIENTED_EDGE ( 'NONE', *, *, #1418, .F. ) ;
#6237 = DIRECTION ( 'NONE',  ( 0.000000000000000000, 0.000000000000000000, 1.000000000000000000 ) ) ;
#6238 = VERTEX_POINT ( 'NONE', #1284 ) ;
#6239 = EDGE_CURVE ( 'NONE', #3435, #4065, #6888, .T. ) ;
#6240 = CARTESIAN_POINT ( 'NONE',  ( -40.50000000000002132, 49.49999999999997868, 7.000000000000000888 ) ) ;
#6241 = EDGE_CURVE ( 'NONE', #2830, #7303, #11027, .T. ) ;
#6242 = AXIS2_PLACEMENT_3D ( 'NONE', #2641, #4455, #6461 ) ;
#6243 = CARTESIAN_POINT ( 'NONE',  ( -32.00000000000002132, 54.99999999999999289, 12.00000000000001066 ) ) ;
#6244 = DIRECTION ( 'NONE',  ( 1.000000000000000000, 0.000000000000000000, 0.000000000000000000 ) ) ;
#6245 = ORIENTED_EDGE ( 'NONE', *, *, #7906, .F. ) ;
#6246 = CARTESIAN_POINT ( 'NONE',  ( 47.50000000000000711, 53.74999999999999289, 25.00000000000000000 ) ) ;
#6247 = PLANE ( 'NONE',  #11921 ) ;
#6248 = VERTEX_POINT ( 'NONE', #3042 ) ;
#6249 = AXIS2_PLACEMENT_3D ( 'NONE', #4603, #9349, #1449 ) ;
#6250 = EDGE_CURVE ( 'NONE', #8266, #12768, #3981, .T. ) ;
#6251 = CARTESIAN_POINT ( 'NONE',  ( -40.50000000000000000, -49.49999999999999289, 7.000000000000000888 ) ) ;
#6252 = ORIENTED_EDGE ( 'NONE', *, *, #6607, .T. ) ;
#6253 = DIRECTION ( 'NONE',  ( 2.813065096178606086E-16, 1.000000000000000000, 0.000000000000000000 ) ) ;
#6254 = ORIENTED_EDGE ( 'NONE', *, *, #2340, .F. ) ;
#6255 = CYLINDRICAL_SURFACE ( 'NONE', #4255, 3.750000000000000000 ) ;
#6256 = CARTESIAN_POINT ( 'NONE',  ( -3.500000000000003109, 55.00000000000000000, 17.10000000000000497 ) ) ;
#6257 = CARTESIAN_POINT ( 'NONE',  ( -0.4529868602934395971, 25.50000000000000711, 12.50000000000000000 ) ) ;
#6258 = AXIS2_PLACEMENT_3D ( 'NONE', #2827, #12825, #2890 ) ;
#6259 = CARTESIAN_POINT ( 'NONE',  ( 27.50000000000000711, 6.500000000000003553, 12.00000000000000000 ) ) ;
#6260 = EDGE_LOOP ( 'NONE', ( #1082, #11183, #7926, #10416 ) ) ;
#6261 = ORIENTED_EDGE ( 'NONE', *, *, #456, .T. ) ;
#6262 = EDGE_CURVE ( 'NONE', #3119, #532, #7062, .T. ) ;
#6263 = CARTESIAN_POINT ( 'NONE',  ( -81.47479656658967428, 21.79999999999999361, 55.13575241859757625 ) ) ;
#6264 = EDGE_CURVE ( 'NONE', #1481, #6350, #8093, .T. ) ;
#6265 = ORIENTED_EDGE ( 'NONE', *, *, #5359, .T. ) ;
#6266 = ORIENTED_EDGE ( 'NONE', *, *, #6777, .T. ) ;
#6267 = AXIS2_PLACEMENT_3D ( 'NONE', #1250, #5187, #9148 ) ;
#6268 = DIRECTION ( 'NONE',  ( -0.000000000000000000, -0.000000000000000000, 1.000000000000000000 ) ) ;
#6269 = AXIS2_PLACEMENT_3D ( 'NONE', #12423, #8395, #7478 ) ;
#6270 = CIRCLE ( 'NONE', #879, 1.000000000000003997 ) ;
#6271 = ORIENTED_EDGE ( 'NONE', *, *, #1992, .F. ) ;
#6272 = CARTESIAN_POINT ( 'NONE',  ( -32.24999999999998579, 62.50000000000001421, 25.00000000000000000 ) ) ;
#6273 = ORIENTED_EDGE ( 'NONE', *, *, #8123, .F. ) ;
#6274 = CARTESIAN_POINT ( 'NONE',  ( -21.99999999999996803, -55.00000000000000000, 4.000000000000000000 ) ) ;
#6275 = DIRECTION ( 'NONE',  ( 0.000000000000000000, 0.000000000000000000, 1.000000000000000000 ) ) ;
#6276 = CARTESIAN_POINT ( 'NONE',  ( -45.23526539614170616, -25.00000000000000711, 62.23316357291884771 ) ) ;
#6278 = DIRECTION ( 'NONE',  ( 0.5735764363510467145, 0.000000000000000000, 0.8191520442889914655 ) ) ;
#6277 = VECTOR ( 'NONE', #10965, 1000.000000000000000 ) ;
#6279 = AXIS2_PLACEMENT_3D ( 'NONE', #3108, #9015, #3890 ) ;
#6280 = LINE ( 'NONE', #9265, #4768 ) ;
#6281 = CARTESIAN_POINT ( 'NONE',  ( -47.70370006102830729, -21.50000000000000000, 60.90964366094696203 ) ) ;
#6282 = ORIENTED_EDGE ( 'NONE', *, *, #9420, .F. ) ;
#6283 = CARTESIAN_POINT ( 'NONE',  ( 27.49999999999999289, 53.50000000000000711, 4.000000000000000000 ) ) ;
#6284 = ORIENTED_EDGE ( 'NONE', *, *, #7651, .T. ) ;
#6285 = AXIS2_PLACEMENT_3D ( 'NONE', #2002, #9918, #8873 ) ;
#6286 = AXIS2_PLACEMENT_3D ( 'NONE', #1927, #6857, #11999 ) ;
#6287 = FACE_BOUND ( 'NONE', #354, .T. ) ;
#6288 = CARTESIAN_POINT ( 'NONE',  ( -39.99999999999999289, 61.25000000000001421, 0.4000000000000114575 ) ) ;
#6289 = FACE_OUTER_BOUND ( 'NONE', #3510, .T. ) ;
#6290 = EDGE_CURVE ( 'NONE', #12678, #9629, #4598, .T. ) ;
#6291 = DIRECTION ( 'NONE',  ( -1.000000000000000000, 0.000000000000000000, 0.000000000000000000 ) ) ;
#6292 = VECTOR ( 'NONE', #3597, 1000.000000000000000 ) ;
#6293 = VECTOR ( 'NONE', #86, 1000.000000000000000 ) ;
#6294 = FACE_BOUND ( 'NONE', #5500, .T. ) ;
#6295 = ORIENTED_EDGE ( 'NONE', *, *, #9700, .T. ) ;
#6296 = EDGE_CURVE ( 'NONE', #11901, #9165, #1476, .T. ) ;
#6297 = DIRECTION ( 'NONE',  ( -0.000000000000000000, -0.000000000000000000, 1.000000000000000000 ) ) ;
#6298 = CARTESIAN_POINT ( 'NONE',  ( 31.99999999999997868, -49.49999999999999289, 4.000000000000000000 ) ) ;
#6299 = ORIENTED_EDGE ( 'NONE', *, *, #10174, .T. ) ;
#6300 = VERTEX_POINT ( 'NONE', #1357 ) ;
#6301 = CARTESIAN_POINT ( 'NONE',  ( 46.23219482819433779, 24.99999999999999289, -1.813041577058319032 ) ) ;
#6302 = CIRCLE ( 'NONE', #12124, 1.500000000000001332 ) ;
#6303 = AXIS2_PLACEMENT_3D ( 'NONE', #1620, #10248, #6478 ) ;
#6304 = EDGE_LOOP ( 'NONE', ( #2495, #11997, #2026, #7893 ) ) ;
#6305 = CARTESIAN_POINT ( 'NONE',  ( -33.50000000000002842, 54.99999999999999289, 12.50000000000000000 ) ) ;
#6306 = DIRECTION ( 'NONE',  ( -5.626130192357212171E-16, -1.000000000000000000, 0.000000000000000000 ) ) ;
#6307 = FACE_OUTER_BOUND ( 'NONE', #4430, .T. ) ;
#6308 = VERTEX_POINT ( 'NONE', #5420 ) ;
#6309 = DIRECTION ( 'NONE',  ( 0.000000000000000000, 0.000000000000000000, -1.000000000000000000 ) ) ;
#6310 = AXIS2_PLACEMENT_3D ( 'NONE', #3026, #12822, #1016 ) ;
#6311 = EDGE_CURVE ( 'NONE', #9697, #632, #2329, .T. ) ;
#6312 = CARTESIAN_POINT ( 'NONE',  ( -33.50000000000000000, -53.50000000000000711, 4.000000000000000000 ) ) ;
#6313 = VECTOR ( 'NONE', #5627, 1000.000000000000000 ) ;
#6314 = VECTOR ( 'NONE', #1321, 1000.000000000000000 ) ;
#6315 = VERTEX_POINT ( 'NONE', #12196 ) ;
#6316 = EDGE_CURVE ( 'NONE', #6120, #7555, #11342, .T. ) ;
#6317 = EDGE_CURVE ( 'NONE', #5013, #5547, #2112, .T. ) ;
#6318 = DIRECTION ( 'NONE',  ( 0.000000000000000000, 1.000000000000000000, 0.000000000000000000 ) ) ;
#6319 = ORIENTED_EDGE ( 'NONE', *, *, #5933, .T. ) ;
#6320 = FACE_OUTER_BOUND ( 'NONE', #7234, .T. ) ;
#6321 = VERTEX_POINT ( 'NONE', #1424 ) ;
#6322 = B_SPLINE_CURVE_WITH_KNOTS ( 'NONE', 3,
 ( #3967, #7930, #10923, #11904, #5990, #940, #11709, #2813 ),
 .UNSPECIFIED., .F., .F.,
 ( 4, 2, 2, 4 ),
 ( 0.000000000000000000, 0.0007138967942130901474, 0.001070845191319635221, 0.001427793588426180295 ),
 .UNSPECIFIED. ) ;
#6323 = LINE ( 'NONE', #3138, #2606 ) ;
#6324 = DIRECTION ( 'NONE',  ( -0.5735764363510471586, 0.000000000000000000, -0.8191520442889911324 ) ) ;
#6325 = AXIS2_PLACEMENT_3D ( 'NONE', #938, #7663, #12668 ) ;
#6326 = VECTOR ( 'NONE', #1077, 1000.000000000000227 ) ;
#6327 = DIRECTION ( 'NONE',  ( 7.871814510984988084E-17, -1.000000000000000000, 1.124211620330682981E-16 ) ) ;
#6328 = FACE_OUTER_BOUND ( 'NONE', #50, .T. ) ;
#6329 = ORIENTED_EDGE ( 'NONE', *, *, #5290, .T. ) ;
#6330 = ORIENTED_EDGE ( 'NONE', *, *, #6010, .F. ) ;
#6331 = CARTESIAN_POINT ( 'NONE',  ( 21.49999999999998579, -30.49999999999999645, 4.000000000000000000 ) ) ;
#6332 = VERTEX_POINT ( 'NONE', #11280 ) ;
#6333 = ADVANCED_FACE ( 'NONE', ( #4454 ), #3350, .F. ) ;
#6334 = ORIENTED_EDGE ( 'NONE', *, *, #10024, .F. ) ;
#6335 = CONICAL_SURFACE ( 'NONE', #10905, 1.800000000000004041, 0.7853981633974452814 ) ;
#6336 = AXIS2_PLACEMENT_3D ( 'NONE', #10283, #11259, #2492 ) ;
#6337 = DIRECTION ( 'NONE',  ( 1.000000000000000000, 0.000000000000000000, 0.000000000000000000 ) ) ;
#6338 = ORIENTED_EDGE ( 'NONE', *, *, #2420, .F. ) ;
#6339 = DIRECTION ( 'NONE',  ( 1.000000000000000000, -4.597112642748789558E-16, 0.000000000000000000 ) ) ;
#6340 = VERTEX_POINT ( 'NONE', #324 ) ;
#6341 = LINE ( 'NONE', #10229, #4243 ) ;
#6342 = DIRECTION ( 'NONE',  ( 0.1736481776669141774, 0.000000000000000000, -0.9848077530122109069 ) ) ;
#6343 = ADVANCED_FACE ( 'NONE', ( #11207 ), #12685, .F. ) ;
#6344 = DIRECTION ( 'NONE',  ( 0.000000000000000000, 1.000000000000000000, 0.000000000000000000 ) ) ;
#6345 = FACE_OUTER_BOUND ( 'NONE', #12354, .T. ) ;
#6346 = AXIS2_PLACEMENT_3D ( 'NONE', #11340, #9018, #10299 ) ;
#6347 = CARTESIAN_POINT ( 'NONE',  ( 43.49999999999997868, -54.99999999999999289, 12.50000000000001066 ) ) ;
#6348 = CYLINDRICAL_SURFACE ( 'NONE', #4356, 5.000000000000004441 ) ;
#6349 = DIRECTION ( 'NONE',  ( -0.000000000000000000, 1.000000000000000000, 0.000000000000000000 ) ) ;
#6350 = VERTEX_POINT ( 'NONE', #4385 ) ;
#6351 = DIRECTION ( 'NONE',  ( -0.7071067811865401342, 0.000000000000000000, -0.7071067811865549002 ) ) ;
#6352 = EDGE_LOOP ( 'NONE', ( #981, #8722, #8521, #4378 ) ) ;
#6353 = DIRECTION ( 'NONE',  ( -0.5735764363510477137, 0.000000000000000000, -0.8191520442889906883 ) ) ;
#6354 = CARTESIAN_POINT ( 'NONE',  ( -45.00000000000002132, -55.00000000000000711, 14.10000000000000142 ) ) ;
#6355 = FACE_OUTER_BOUND ( 'NONE', #8555, .T. ) ;
#6356 = DIRECTION ( 'NONE',  ( -0.000000000000000000, -0.000000000000000000, -1.000000000000000000 ) ) ;
#6357 = EDGE_CURVE ( 'NONE', #5767, #1070, #10301, .T. ) ;
#6358 = DIRECTION ( 'NONE',  ( 1.000000000000000000, 0.000000000000000000, 0.000000000000000000 ) ) ;
#6359 = EDGE_LOOP ( 'NONE', ( #2580, #2605 ) ) ;
#6360 = DIRECTION ( 'NONE',  ( 1.000000000000000000, 0.000000000000000000, 0.000000000000000000 ) ) ;
#6361 = DIRECTION ( 'NONE',  ( -0.000000000000000000, 1.000000000000000000, 0.000000000000000000 ) ) ;
#6362 = ORIENTED_EDGE ( 'NONE', *, *, #77, .T. ) ;
#6363 = ADVANCED_FACE ( 'NONE', ( #8285 ), #2740, .T. ) ;
#6364 = CIRCLE ( 'NONE', #7205, 1.749999999999999778 ) ;
#6365 = VECTOR ( 'NONE', #7868, 1000.000000000000114 ) ;
#6366 = ORIENTED_EDGE ( 'NONE', *, *, #12034, .F. ) ;
#6367 = DIRECTION ( 'NONE',  ( 0.5735764363510467145, 0.000000000000000000, 0.8191520442889914655 ) ) ;
#6368 = VERTEX_POINT ( 'NONE', #8345 ) ;
#6369 = DIRECTION ( 'NONE',  ( -1.000000000000000000, 0.000000000000000000, 0.000000000000000000 ) ) ;
#6370 = LINE ( 'NONE', #10523, #9979 ) ;
#6371 = CARTESIAN_POINT ( 'NONE',  ( 26.24999999999998934, 57.50000000000000711, 25.00000000000000000 ) ) ;
#6372 = ORIENTED_EDGE ( 'NONE', *, *, #6915, .T. ) ;
#6373 = CARTESIAN_POINT ( 'NONE',  ( -47.70370006102830729, -21.50000000000000000, 60.90964366094696203 ) ) ;
#6374 = LINE ( 'NONE', #5269, #11285 ) ;
#6375 = ORIENTED_EDGE ( 'NONE', *, *, #3145, .F. ) ;
#6376 = EDGE_CURVE ( 'NONE', #3929, #6134, #9995, .T. ) ;
#6377 = DIRECTION ( 'NONE',  ( 1.000000000000000000, 0.000000000000000000, -0.000000000000000000 ) ) ;
#6378 = ORIENTED_EDGE ( 'NONE', *, *, #11877, .T. ) ;
#6379 = CARTESIAN_POINT ( 'NONE',  ( 44.99999999999997868, 55.00000000000000711, 4.000000000000000000 ) ) ;
#6380 = AXIS2_PLACEMENT_3D ( 'NONE', #625, #10677, #4696 ) ;
#6381 = ORIENTED_EDGE ( 'NONE', *, *, #10544, .F. ) ;
#6382 = AXIS2_PLACEMENT_3D ( 'NONE', #4217, #12155, #2213 ) ;
#6383 = DIRECTION ( 'NONE',  ( -0.000000000000000000, -0.000000000000000000, -1.000000000000000000 ) ) ;
#6384 = FACE_OUTER_BOUND ( 'NONE', #1064, .T. ) ;
#6385 = EDGE_CURVE ( 'NONE', #1106, #5987, #6270, .T. ) ;
#6386 = PLANE ( 'NONE',  #8136 ) ;
#6387 = DIRECTION ( 'NONE',  ( -1.000000000000000000, 0.000000000000000000, 0.000000000000000000 ) ) ;
#6388 = ORIENTED_EDGE ( 'NONE', *, *, #4066, .T. ) ;
#6389 = EDGE_CURVE ( 'NONE', #5733, #11682, #11914, .T. ) ;
#6390 = CARTESIAN_POINT ( 'NONE',  ( 27.30417242860976046, -25.00000000000000355, -28.84505903859500719 ) ) ;
#6391 = AXIS2_PLACEMENT_3D ( 'NONE', #5147, #9236, #1327 ) ;
#6392 = CIRCLE ( 'NONE', #593, 1.500000000000001332 ) ;
#6393 = ORIENTED_EDGE ( 'NONE', *, *, #7502, .F. ) ;
#6394 = ORIENTED_EDGE ( 'NONE', *, *, #4985, .T. ) ;
#6395 = LINE ( 'NONE', #3287, #5959 ) ;
#6396 = ORIENTED_EDGE ( 'NONE', *, *, #10544, .T. ) ;
#6397 = MANIFOLD_SOLID_BREP ( 'Fase3', #5391 ) ;
#6398 = CARTESIAN_POINT ( 'NONE',  ( 37.29999999999998295, -62.50000000000001421, 19.00000000000000355 ) ) ;
#6400 = EDGE_CURVE ( 'NONE', #8922, #2815, #2293, .T. ) ;
#6399 = ORIENTED_EDGE ( 'NONE', *, *, #2804, .F. ) ;
#6401 = CARTESIAN_POINT ( 'NONE',  ( -6.499999999999999112, 25.50000000000000355, 12.50000000000000000 ) ) ;
#6402 = DIRECTION ( 'NONE',  ( 0.000000000000000000, -0.7071067811865474617, 0.7071067811865474617 ) ) ;
#6403 = CIRCLE ( 'NONE', #811, 1.500000000000001332 ) ;
#6404 = DIRECTION ( 'NONE',  ( 0.000000000000000000, -0.000000000000000000, 1.000000000000000000 ) ) ;
#6405 = PLANE ( 'NONE',  #11090 ) ;
#6406 = ADVANCED_FACE ( 'NONE', ( #7235 ), #5018, .T. ) ;
#6407 = EDGE_CURVE ( 'NONE', #7875, #1715, #12288, .T. ) ;
#6408 = CARTESIAN_POINT ( 'NONE',  ( 30.45884282854058256, -19.00000000000000000, -24.33972279500559566 ) ) ;
#6409 = DIRECTION ( 'NONE',  ( -1.000000000000000000, 0.000000000000000000, 0.000000000000000000 ) ) ;
#6410 = DIRECTION ( 'NONE',  ( -2.445329926407195180E-15, 1.000000000000000000, 0.000000000000000000 ) ) ;
#6411 = VERTEX_POINT ( 'NONE', #4053 ) ;
#6412 = VERTEX_POINT ( 'NONE', #2166 ) ;
#6413 = CYLINDRICAL_SURFACE ( 'NONE', #3056, 1.000000000000000000 ) ;
#6414 = EDGE_LOOP ( 'NONE', ( #11176, #4955, #8066, #2203 ) ) ;
#6415 = CARTESIAN_POINT ( 'NONE',  ( -45.00000000000002132, 40.99999999999999289, 12.50000000000000000 ) ) ;
#6416 = CARTESIAN_POINT ( 'NONE',  ( 44.99999999999997868, -54.99999999999999289, 25.00000000000000000 ) ) ;
#6417 = FACE_OUTER_BOUND ( 'NONE', #7433, .T. ) ;
#6418 = DIRECTION ( 'NONE',  ( -0.000000000000000000, -0.000000000000000000, 1.000000000000000000 ) ) ;
#6419 = DIRECTION ( 'NONE',  ( 1.000000000000000000, 0.000000000000000000, 0.000000000000000000 ) ) ;
#6420 = DIRECTION ( 'NONE',  ( 0.5735764363510474917, 0.000000000000000000, 0.8191520442889906883 ) ) ;
#6421 = ADVANCED_FACE ( 'NONE', ( #8133 ), #296, .F. ) ;
#6422 = ORIENTED_EDGE ( 'NONE', *, *, #10339, .F. ) ;
#6423 = DIRECTION ( 'NONE',  ( -0.000000000000000000, -0.000000000000000000, -1.000000000000000000 ) ) ;
#6424 = CARTESIAN_POINT ( 'NONE',  ( -45.00000000000002132, -55.00000000000000711, 25.00000000000000000 ) ) ;
#6425 = ORIENTED_EDGE ( 'NONE', *, *, #810, .F. ) ;
#6426 = ORIENTED_EDGE ( 'NONE', *, *, #1853, .F. ) ;
#6427 = LINE ( 'NONE', #11425, #64 ) ;
#6428 = ORIENTED_EDGE ( 'NONE', *, *, #8777, .T. ) ;
#6429 = DIRECTION ( 'NONE',  ( 1.000000000000000000, 0.000000000000000000, 0.000000000000000000 ) ) ;
#6430 = DIRECTION ( 'NONE',  ( 0.000000000000000000, 0.000000000000000000, 1.000000000000000000 ) ) ;
#6431 = DIRECTION ( 'NONE',  ( 0.000000000000000000, 0.000000000000000000, 1.000000000000000000 ) ) ;
#6432 = EDGE_LOOP ( 'NONE', ( #10338, #10881, #5204, #6483 ) ) ;
#6433 = CARTESIAN_POINT ( 'NONE',  ( 2.999999999999992006, 29.71110255092798269, 4.000000000000000000 ) ) ;
#6434 = CARTESIAN_POINT ( 'NONE',  ( 37.74999999999999289, 62.50000000000001421, 25.00000000000000000 ) ) ;
#6435 = ORIENTED_EDGE ( 'NONE', *, *, #7177, .T. ) ;
#6436 = CARTESIAN_POINT ( 'NONE',  ( -8.000000000000000000, 25.50000000000000355, 12.50000000000000000 ) ) ;
#6437 = ORIENTED_EDGE ( 'NONE', *, *, #2916, .T. ) ;
#6438 = CARTESIAN_POINT ( 'NONE',  ( -32.00000000000002132, 49.49999999999998579, 4.000000000000000000 ) ) ;
#6439 = ORIENTED_EDGE ( 'NONE', *, *, #10898, .T. ) ;
#6440 = DIRECTION ( 'NONE',  ( 0.000000000000000000, 1.000000000000000000, -0.000000000000000000 ) ) ;
#6441 = LINE ( 'NONE', #6511, #9823 ) ;
#6442 = DIRECTION ( 'NONE',  ( 1.000000000000000000, 0.000000000000000000, 0.000000000000000000 ) ) ;
#6443 = DIRECTION ( 'NONE',  ( -0.000000000000000000, -0.000000000000000000, 1.000000000000000000 ) ) ;
#6444 = ORIENTED_EDGE ( 'NONE', *, *, #647, .F. ) ;
#6445 = EDGE_CURVE ( 'NONE', #3336, #4078, #5218, .T. ) ;
#6446 = DIRECTION ( 'NONE',  ( -0.000000000000000000, -0.000000000000000000, 1.000000000000000000 ) ) ;
#6447 = AXIS2_PLACEMENT_3D ( 'NONE', #658, #11564, #11429 ) ;
#6448 = ORIENTED_EDGE ( 'NONE', *, *, #2, .T. ) ;
#6449 = DIRECTION ( 'NONE',  ( -0.000000000000000000, -0.000000000000000000, -1.000000000000000000 ) ) ;
#6450 = ADVANCED_FACE ( 'NONE', ( #5086 ), #11456, .F. ) ;
#6451 = ORIENTED_EDGE ( 'NONE', *, *, #1688, .T. ) ;
#6452 = CARTESIAN_POINT ( 'NONE',  ( -11.00000000000000000, 53.50000000000000000, 12.00000000000000000 ) ) ;
#6453 = ORIENTED_EDGE ( 'NONE', *, *, #2663, .T. ) ;
#6454 = CARTESIAN_POINT ( 'NONE',  ( -15.50000000000000355, 57.49999999999999289, 25.00000000000000000 ) ) ;
#6455 = ORIENTED_EDGE ( 'NONE', *, *, #2651, .T. ) ;
#6456 = CYLINDRICAL_SURFACE ( 'NONE', #1147, 1.500000000000001332 ) ;
#6457 = CARTESIAN_POINT ( 'NONE',  ( 40.49999999999998579, -49.49999999999998579, 12.50000000000000000 ) ) ;
#6458 = LINE ( 'NONE', #1725, #6886 ) ;
#6459 = DIRECTION ( 'NONE',  ( -0.000000000000000000, -0.000000000000000000, 1.000000000000000000 ) ) ;
#6460 = ORIENTED_EDGE ( 'NONE', *, *, #2674, .T. ) ;
#6461 = DIRECTION ( 'NONE',  ( -1.000000000000000000, 0.000000000000000000, 0.000000000000000000 ) ) ;
#6462 = CIRCLE ( 'NONE', #6267, 4.150000000000014566 ) ;
#6463 = VECTOR ( 'NONE', #5021, 1000.000000000000114 ) ;
#6464 = AXIS2_PLACEMENT_3D ( 'NONE', #12320, #3420, #2045 ) ;
#6465 = EDGE_LOOP ( 'NONE', ( #112, #7077, #3719, #7018 ) ) ;
#6466 = ORIENTED_EDGE ( 'NONE', *, *, #6357, .T. ) ;
#6467 = ADVANCED_FACE ( 'NONE', ( #3270 ), #1330, .F. ) ;
#6468 = DIRECTION ( 'NONE',  ( -0.000000000000000000, -1.000000000000000000, -0.000000000000000000 ) ) ;
#6469 = EDGE_CURVE ( 'NONE', #4230, #5259, #233, .T. ) ;
#6470 = VERTEX_POINT ( 'NONE', #9043 ) ;
#6471 = EDGE_CURVE ( 'NONE', #6368, #5053, #8977, .T. ) ;
#6472 = DIRECTION ( 'NONE',  ( 1.000000000000000000, 0.000000000000000000, 0.000000000000000000 ) ) ;
#6473 = ADVANCED_FACE ( 'NONE', ( #6132 ), #5149, .F. ) ;
#6474 = DIRECTION ( 'NONE',  ( 0.5735764363510472696, 0.000000000000000000, 0.8191520442889910214 ) ) ;
#6475 = CARTESIAN_POINT ( 'NONE',  ( 22.99999999999999645, 12.49999999999999822, 4.000000000000000000 ) ) ;
#6476 = AXIS2_PLACEMENT_3D ( 'NONE', #9865, #5971, #4207 ) ;
#6477 = CIRCLE ( 'NONE', #5228, 1.700000000000000178 ) ;
#6479 = VECTOR ( 'NONE', #982, 999.9999999999998863 ) ;
#6478 = DIRECTION ( 'NONE',  ( 1.000000000000000000, 0.000000000000000000, 0.000000000000000000 ) ) ;
#6480 = FACE_OUTER_BOUND ( 'NONE', #10453, .T. ) ;
#6481 = EDGE_CURVE ( 'NONE', #11260, #3146, #10340, .T. ) ;
#6482 = DIRECTION ( 'NONE',  ( -0.000000000000000000, -0.000000000000000000, 1.000000000000000000 ) ) ;
#6483 = ORIENTED_EDGE ( 'NONE', *, *, #12134, .T. ) ;
#6484 = CARTESIAN_POINT ( 'NONE',  ( 21.49999999999995381, 55.00000000000000000, 12.50000000000001066 ) ) ;
#6485 = VECTOR ( 'NONE', #1540, 1000.000000000000000 ) ;
#6486 = AXIS2_PLACEMENT_3D ( 'NONE', #12415, #3506, #12471 ) ;
#6487 = CARTESIAN_POINT ( 'NONE',  ( -39.99999999999999289, 61.25000000000001421, 0.4000000000000114575 ) ) ;
#6488 = AXIS2_PLACEMENT_3D ( 'NONE', #12665, #3768, #4806 ) ;
#6489 = ORIENTED_EDGE ( 'NONE', *, *, #8233, .F. ) ;
#6490 = EDGE_CURVE ( 'NONE', #5053, #1658, #4494, .T. ) ;
#6491 = ORIENTED_EDGE ( 'NONE', *, *, #12357, .T. ) ;
#6492 = CARTESIAN_POINT ( 'NONE',  ( -48.19536129295045157, 21.50000000000000000, 60.03313397302285637 ) ) ;
#6493 = VERTEX_POINT ( 'NONE', #3455 ) ;
#6494 = DIRECTION ( 'NONE',  ( 1.000000000000000000, -0.000000000000000000, 0.000000000000000000 ) ) ;
#6495 = CONICAL_SURFACE ( 'NONE', #9221, 2.750000000000002665, 0.7853981633974560506 ) ;
#6496 = AXIS2_PLACEMENT_3D ( 'NONE', #3333, #486, #4432 ) ;
#6497 = LINE ( 'NONE', #11371, #9347 ) ;
#6498 = AXIS2_PLACEMENT_3D ( 'NONE', #7332, #9467, #6358 ) ;
#6499 = DIRECTION ( 'NONE',  ( -0.1736481776669787924, 0.000000000000000000, 0.9848077530121995826 ) ) ;
#6500 = VECTOR ( 'NONE', #7219, 1000.000000000000227 ) ;
#6501 = EDGE_CURVE ( 'NONE', #11261, #6837, #5229, .T. ) ;
#6502 = ORIENTED_EDGE ( 'NONE', *, *, #946, .F. ) ;
#6503 = DIRECTION ( 'NONE',  ( 1.000000000000000000, 0.000000000000000000, 0.000000000000000000 ) ) ;
#6504 = CARTESIAN_POINT ( 'NONE',  ( -7.999999999999974243, 19.50000000000000000, 4.000000000000000000 ) ) ;
#6505 = CARTESIAN_POINT ( 'NONE',  ( -45.00000000000002132, 40.99999999999999289, 2.500000000000000000 ) ) ;
#6506 = CIRCLE ( 'NONE', #504, 0.9999999999999942268 ) ;
#6507 = ORIENTED_EDGE ( 'NONE', *, *, #9893, .T. ) ;
#6508 = CARTESIAN_POINT ( 'NONE',  ( -52.29146152509287049, -19.00000000000000355, 60.45970505530861061 ) ) ;
#6509 = VERTEX_POINT ( 'NONE', #10713 ) ;
#6510 = CARTESIAN_POINT ( 'NONE',  ( 1.500000000000007994, -53.49999999999998579, 12.00000000000000000 ) ) ;
#6511 = CARTESIAN_POINT ( 'NONE',  ( -39.99999999999999289, 61.25000000000001421, 45.15564437074637993 ) ) ;
#6512 = DIRECTION ( 'NONE',  ( 0.000000000000000000, 0.000000000000000000, -1.000000000000000000 ) ) ;
#6513 = DIRECTION ( 'NONE',  ( -1.000000000000000000, 0.000000000000000000, 0.000000000000000000 ) ) ;
#6514 = ORIENTED_EDGE ( 'NONE', *, *, #5144, .F. ) ;
#6515 = AXIS2_PLACEMENT_3D ( 'NONE', #5569, #5432, #12392 ) ;
#6516 = CIRCLE ( 'NONE', #2782, 1.700000000000000178 ) ;
#6517 = AXIS2_PLACEMENT_3D ( 'NONE', #8444, #11572, #735 ) ;
#6518 = CARTESIAN_POINT ( 'NONE',  ( 10.49999999999999112, 12.49999999999999289, 4.000000000000000000 ) ) ;
#6519 = EDGE_CURVE ( 'NONE', #1134, #10084, #5470, .T. ) ;
#6520 = ORIENTED_EDGE ( 'NONE', *, *, #5662, .F. ) ;
#6521 = DIRECTION ( 'NONE',  ( -0.000000000000000000, -0.000000000000000000, -1.000000000000000000 ) ) ;
#6522 = ORIENTED_EDGE ( 'NONE', *, *, #4014, .T. ) ;
#6523 = FACE_OUTER_BOUND ( 'NONE', #9645, .T. ) ;
#6524 = ORIENTED_EDGE ( 'NONE', *, *, #5755, .T. ) ;
#6525 = EDGE_CURVE ( 'NONE', #44, #1481, #1587, .T. ) ;
#6526 = AXIS2_PLACEMENT_3D ( 'NONE', #2824, #10937, #7751 ) ;
#6527 = VECTOR ( 'NONE', #8830, 1000.000000000000000 ) ;
#6528 = VERTEX_POINT ( 'NONE', #4301 ) ;
#6529 = LINE ( 'NONE', #689, #3412 ) ;
#6530 = DIRECTION ( 'NONE',  ( -0.5735764363510476027, -6.162975822039153361E-33, -0.8191520442889906883 ) ) ;
#6531 = CARTESIAN_POINT ( 'NONE',  ( -43.49999999999999289, 54.99999999999999289, 25.00000000000000000 ) ) ;
#6532 = LINE ( 'NONE', #11535, #5698 ) ;
#6533 = ADVANCED_FACE ( 'NONE', ( #6320 ), #420, .F. ) ;
#6534 = ORIENTED_EDGE ( 'NONE', *, *, #4703, .F. ) ;
#6535 = CARTESIAN_POINT ( 'NONE',  ( -60.54591933354954847, -19.39999999999998082, 42.39470912518856238 ) ) ;
#6536 = VECTOR ( 'NONE', #4173, 1000.000000000000000 ) ;
#6537 = VECTOR ( 'NONE', #3214, 1000.000000000000000 ) ;
#6538 = ORIENTED_EDGE ( 'NONE', *, *, #391, .F. ) ;
#6539 = ORIENTED_EDGE ( 'NONE', *, *, #12037, .T. ) ;
#6540 = CARTESIAN_POINT ( 'NONE',  ( 27.37903564356848207, 55.00000000000000711, 12.00000000000003908 ) ) ;
#6541 = ORIENTED_EDGE ( 'NONE', *, *, #6565, .F. ) ;
#6542 = DIRECTION ( 'NONE',  ( 0.000000000000000000, 0.000000000000000000, 1.000000000000000000 ) ) ;
#6543 = FACE_OUTER_BOUND ( 'NONE', #1878, .T. ) ;
#6544 = DIRECTION ( 'NONE',  ( -1.000000000000000000, 8.474412998762999870E-16, 0.000000000000000000 ) ) ;
#6545 = PLANE ( 'NONE',  #9381 ) ;
#6546 = CARTESIAN_POINT ( 'NONE',  ( -43.50000000000002132, -43.00000000000000000, 12.50000000000000000 ) ) ;
#6547 = LINE ( 'NONE', #522, #11434 ) ;
#6548 = EDGE_CURVE ( 'NONE', #1903, #1243, #5647, .T. ) ;
#6549 = CARTESIAN_POINT ( 'NONE',  ( -38.75000000000000000, -49.49999999999999289, 19.00538238691625281 ) ) ;
#6550 = EDGE_LOOP ( 'NONE', ( #9851, #1318, #11188, #10295 ) ) ;
#6551 = VECTOR ( 'NONE', #12793, 1000.000000000000000 ) ;
#6552 = DIRECTION ( 'NONE',  ( -5.626130192357212171E-16, -1.000000000000000000, -0.000000000000000000 ) ) ;
#6553 = DIRECTION ( 'NONE',  ( -0.000000000000000000, -0.000000000000000000, -1.000000000000000000 ) ) ;
#6554 = VERTEX_POINT ( 'NONE', #10472 ) ;
#6555 = DIRECTION ( 'NONE',  ( -0.000000000000000000, -0.000000000000000000, -1.000000000000000000 ) ) ;
#6556 = ORIENTED_EDGE ( 'NONE', *, *, #850, .T. ) ;
#6557 = EDGE_CURVE ( 'NONE', #11260, #390, #1720, .T. ) ;
#6558 = LINE ( 'NONE', #10520, #12770 ) ;
#6559 = EDGE_CURVE ( 'NONE', #8582, #5294, #3373, .T. ) ;
#6560 = ADVANCED_FACE ( 'NONE', ( #2424 ), #481, .F. ) ;
#6561 = DIRECTION ( 'NONE',  ( -0.000000000000000000, -0.000000000000000000, -1.000000000000000000 ) ) ;
#6562 = CARTESIAN_POINT ( 'NONE',  ( -40.50000000000000000, -49.49999999999999289, 12.00000000000003197 ) ) ;
#6563 = EDGE_CURVE ( 'NONE', #3855, #5884, #685, .T. ) ;
#6564 = VERTEX_POINT ( 'NONE', #7417 ) ;
#6565 = EDGE_CURVE ( 'NONE', #2046, #240, #9300, .T. ) ;
#6566 = DIRECTION ( 'NONE',  ( 0.000000000000000000, 8.612135040136397117E-17, -1.000000000000000000 ) ) ;
#6567 = CARTESIAN_POINT ( 'NONE',  ( -29.99999999999998579, 62.50000000000001421, 0.4000000000000114575 ) ) ;
#6568 = AXIS2_PLACEMENT_3D ( 'NONE', #10331, #4354, #7162 ) ;
#6569 = CARTESIAN_POINT ( 'NONE',  ( -45.00000000000001421, -30.00000000000000000, 68.00000000000000000 ) ) ;
#6570 = VERTEX_POINT ( 'NONE', #12234 ) ;
#6571 = ORIENTED_EDGE ( 'NONE', *, *, #4194, .T. ) ;
#6572 = FACE_OUTER_BOUND ( 'NONE', #6102, .T. ) ;
#6573 = DIRECTION ( 'NONE',  ( -1.000000000000000000, 0.000000000000000000, 0.000000000000000000 ) ) ;
#6574 = VECTOR ( 'NONE', #12122, 1000.000000000000000 ) ;
#6575 = DIRECTION ( 'NONE',  ( 0.000000000000000000, 0.000000000000000000, -1.000000000000000000 ) ) ;
#6576 = AXIS2_PLACEMENT_3D ( 'NONE', #11544, #2648, #6602 ) ;
#6577 = CARTESIAN_POINT ( 'NONE',  ( -24.99999999999998224, 24.99999999999999289, 4.000000000000000000 ) ) ;
#6578 = ORIENTED_EDGE ( 'NONE', *, *, #6030, .T. ) ;
#6579 = CARTESIAN_POINT ( 'NONE',  ( 27.49999999999999289, 53.50000000000000711, 12.50000000000001066 ) ) ;
#6581 = VERTEX_POINT ( 'NONE', #11437 ) ;
#6580 = ADVANCED_FACE ( 'NONE', ( #9428 ), #4362, .F. ) ;
#6582 = DIRECTION ( 'NONE',  ( 0.5735764363510474917, 0.000000000000000000, 0.8191520442889909104 ) ) ;
#6583 = ORIENTED_EDGE ( 'NONE', *, *, #1564, .F. ) ;
#6584 = AXIS2_PLACEMENT_3D ( 'NONE', #11140, #7434, #6208 ) ;
#6585 = CARTESIAN_POINT ( 'NONE',  ( -49.83366538152844072, 23.19999999999999929, 61.18028684572495735 ) ) ;
#6586 = AXIS2_PLACEMENT_3D ( 'NONE', #11108, #10379, #10256 ) ;
#6587 = ORIENTED_EDGE ( 'NONE', *, *, #8298, .T. ) ;
#6588 = VERTEX_POINT ( 'NONE', #12293 ) ;
#6589 = DIRECTION ( 'NONE',  ( -0.000000000000000000, -0.000000000000000000, 1.000000000000000000 ) ) ;
#6590 = CARTESIAN_POINT ( 'NONE',  ( -66.38495681523366443, -21.50000000000000000, 41.02948656691329887 ) ) ;
#6591 = EDGE_CURVE ( 'NONE', #7466, #1907, #2551, .T. ) ;
#6592 = FACE_OUTER_BOUND ( 'NONE', #9132, .T. ) ;
#6593 = DIRECTION ( 'NONE',  ( 1.000000000000000000, -1.156482317317870344E-15, 0.000000000000000000 ) ) ;
#6594 = ORIENTED_EDGE ( 'NONE', *, *, #8677, .F. ) ;
#6595 = AXIS2_PLACEMENT_3D ( 'NONE', #8503, #7542, #12475 ) ;
#6596 = DIRECTION ( 'NONE',  ( -1.000000000000000000, 0.000000000000000000, 0.000000000000000000 ) ) ;
#6597 = VERTEX_POINT ( 'NONE', #6508 ) ;
#6598 = VERTEX_POINT ( 'NONE', #8505 ) ;
#6599 = DIRECTION ( 'NONE',  ( 1.000000000000000000, -1.541976423090498592E-15, -0.000000000000000000 ) ) ;
#6600 = EDGE_LOOP ( 'NONE', ( #1611, #542, #2635, #3639 ) ) ;
#6601 = CARTESIAN_POINT ( 'NONE',  ( 0.000000000000000000, 0.000000000000000000, 0.000000000000000000 ) ) ;
#6602 = DIRECTION ( 'NONE',  ( 1.000000000000000000, 0.000000000000000000, 0.000000000000000000 ) ) ;
#6603 = LINE ( 'NONE', #12579, #8371 ) ;
#6604 = LINE ( 'NONE', #9717, #8755 ) ;
#6605 = CARTESIAN_POINT ( 'NONE',  ( 8.999999999999994671, 14.54701313970656962, 12.00000000000000000 ) ) ;
#6606 = CARTESIAN_POINT ( 'NONE',  ( -47.70370006102830729, 21.50000000000000000, 60.90964366094694782 ) ) ;
#6607 = EDGE_CURVE ( 'NONE', #8653, #8089, #609, .T. ) ;
#6608 = PLANE ( 'NONE',  #12716 ) ;
#6609 = ORIENTED_EDGE ( 'NONE', *, *, #2849, .F. ) ;
#6610 = CARTESIAN_POINT ( 'NONE',  ( -61.96119576537561358, 19.39999999999997726, 40.37348491008709317 ) ) ;
#6611 = CARTESIAN_POINT ( 'NONE',  ( -43.50000000000002132, 42.49999999999999289, 12.00000000000001066 ) ) ;
#6612 = VERTEX_POINT ( 'NONE', #7362 ) ;
#6613 = ADVANCED_FACE ( 'NONE', ( #6033 ), #2010, .F. ) ;
#6614 = CARTESIAN_POINT ( 'NONE',  ( -40.50000000000002132, 49.49999999999997868, 14.10000000000000142 ) ) ;
#6615 = ADVANCED_FACE ( 'NONE', ( #916 ), #8347, .F. ) ;
#6616 = ORIENTED_EDGE ( 'NONE', *, *, #6501, .T. ) ;
#6617 = FACE_OUTER_BOUND ( 'NONE', #4710, .T. ) ;
#6618 = DIRECTION ( 'NONE',  ( 2.400868672960521361E-16, 1.000000000000000000, 0.000000000000000000 ) ) ;
#6619 = CARTESIAN_POINT ( 'NONE',  ( 8.647058823529402360, 28.89798843820175733, 12.50000000000000000 ) ) ;
#6620 = ORIENTED_EDGE ( 'NONE', *, *, #5672, .F. ) ;
#6621 = DIRECTION ( 'NONE',  ( -0.000000000000000000, -0.000000000000000000, 1.000000000000000000 ) ) ;
#6622 = DIRECTION ( 'NONE',  ( 2.891205793294675861E-16, -1.000000000000000000, 0.000000000000000000 ) ) ;
#6623 = EDGE_CURVE ( 'NONE', #3119, #695, #9928, .T. ) ;
#6624 = DIRECTION ( 'NONE',  ( -1.000000000000000000, 0.000000000000000000, 0.000000000000000000 ) ) ;
#6625 = EDGE_CURVE ( 'NONE', #6837, #5132, #2983, .T. ) ;
#6626 = ORIENTED_EDGE ( 'NONE', *, *, #4807, .T. ) ;
#6627 = EDGE_CURVE ( 'NONE', #532, #12085, #9791, .T. ) ;
#6628 = EDGE_CURVE ( 'NONE', #10746, #11228, #10413, .T. ) ;
#6629 = VERTEX_POINT ( 'NONE', #6103 ) ;
#6630 = LINE ( 'NONE', #30, #6737 ) ;
#6631 = DIRECTION ( 'NONE',  ( -0.8191520442889907994, -0.000000000000000000, 0.5735764363510478248 ) ) ;
#6632 = DIRECTION ( 'NONE',  ( -0.000000000000000000, -0.000000000000000000, -1.000000000000000000 ) ) ;
#6633 = CARTESIAN_POINT ( 'NONE',  ( 43.74999999999999289, -61.25000000000001421, 0.000000000000000000 ) ) ;
#6634 = B_SPLINE_CURVE_WITH_KNOTS ( 'NONE', 3,
 ( #1706, #10344, #4434, #487, #5473, #5403, #12368, #8511 ),
 .UNSPECIFIED., .F., .F.,
 ( 4, 2, 2, 4 ),
 ( 0.000000000000000000, 0.0007138967942131207219, 0.001070845191319671433, 0.001427793588426222362 ),
 .UNSPECIFIED. ) ;
#6635 = ORIENTED_EDGE ( 'NONE', *, *, #8523, .F. ) ;
#6636 = FACE_OUTER_BOUND ( 'NONE', #6095, .T. ) ;
#6637 = EDGE_CURVE ( 'NONE', #1263, #10800, #4018, .T. ) ;
#6638 = CARTESIAN_POINT ( 'NONE',  ( -43.50000000000002132, -41.00000000000000711, 4.000000000000000000 ) ) ;
#6639 = ORIENTED_EDGE ( 'NONE', *, *, #277, .T. ) ;
#6640 = VERTEX_POINT ( 'NONE', #1045 ) ;
#6641 = AXIS2_PLACEMENT_3D ( 'NONE', #8723, #10943, #7885 ) ;
#6642 = FACE_OUTER_BOUND ( 'NONE', #12771, .T. ) ;
#6643 = ORIENTED_EDGE ( 'NONE', *, *, #3078, .T. ) ;
#6644 = ORIENTED_EDGE ( 'NONE', *, *, #11474, .F. ) ;
#6645 = DIRECTION ( 'NONE',  ( -2.523234146875347419E-15, 1.000000000000000000, 0.000000000000000000 ) ) ;
#6646 = DIRECTION ( 'NONE',  ( 0.5735764363510467145, 0.000000000000000000, 0.8191520442889914655 ) ) ;
#6647 = LINE ( 'NONE', #12630, #7092 ) ;
#6648 = EDGE_CURVE ( 'NONE', #8151, #10785, #2958, .T. ) ;
#6649 = FACE_OUTER_BOUND ( 'NONE', #7228, .T. ) ;
#6650 = EDGE_CURVE ( 'NONE', #10946, #3119, #8942, .T. ) ;
#6651 = ORIENTED_EDGE ( 'NONE', *, *, #1214, .T. ) ;
#6652 = DIRECTION ( 'NONE',  ( -0.000000000000000000, -0.000000000000000000, -1.000000000000000000 ) ) ;
#6653 = ORIENTED_EDGE ( 'NONE', *, *, #5265, .F. ) ;
#6654 = ORIENTED_EDGE ( 'NONE', *, *, #333, .F. ) ;
#6655 = DIRECTION ( 'NONE',  ( 1.000000000000000000, 0.000000000000000000, 0.000000000000000000 ) ) ;
#6656 = AXIS2_PLACEMENT_3D ( 'NONE', #10004, #1132, #9035 ) ;
#6657 = VERTEX_POINT ( 'NONE', #11822 ) ;
#6658 = PRODUCT_CONTEXT ( 'NONE', #11984, 'mechanical' ) ;
#6659 = DIRECTION ( 'NONE',  ( -0.000000000000000000, -0.000000000000000000, 1.000000000000000000 ) ) ;
#6660 = CARTESIAN_POINT ( 'NONE',  ( -51.47196947010641566, 21.50000000000000000, 62.32743971842705122 ) ) ;
#6661 = DIRECTION ( 'NONE',  ( 0.000000000000000000, 0.000000000000000000, 1.000000000000000000 ) ) ;
#6662 = CARTESIAN_POINT ( 'NONE',  ( 43.49999999999997868, -54.99999999999999289, 12.50000000000000000 ) ) ;
#6663 = AXIS2_PLACEMENT_3D ( 'NONE', #5152, #12111, #2238 ) ;
#6664 = VECTOR ( 'NONE', #3879, 1000.000000000000000 ) ;
#6665 = CARTESIAN_POINT ( 'NONE',  ( 27.50000000000000711, 6.500000000000003553, 12.50000000000000000 ) ) ;
#6666 = VERTEX_POINT ( 'NONE', #7980 ) ;
#6667 = CARTESIAN_POINT ( 'NONE',  ( 43.75000000000001421, 57.10000000000000142, 0.000000000000000000 ) ) ;
#6668 = ORIENTED_EDGE ( 'NONE', *, *, #2337, .T. ) ;
#6669 = DIRECTION ( 'NONE',  ( 1.000000000000000000, 0.000000000000000000, 0.000000000000000000 ) ) ;
#6670 = ORIENTED_EDGE ( 'NONE', *, *, #3954, .F. ) ;
#6671 = CIRCLE ( 'NONE', #1921, 4.150000000000014566 ) ;
#6672 = CIRCLE ( 'NONE', #888, 1.700000000000004174 ) ;
#6673 = DIRECTION ( 'NONE',  ( 1.000000000000000000, 0.000000000000000000, 0.000000000000000000 ) ) ;
#6674 = EDGE_CURVE ( 'NONE', #9970, #9909, #5437, .T. ) ;
#6675 = EDGE_LOOP ( 'NONE', ( #1279, #2710, #1526, #5463 ) ) ;
#6676 = CARTESIAN_POINT ( 'NONE',  ( -40.50000000000000000, -49.49999999999999289, 7.000000000000000888 ) ) ;
#6677 = DIRECTION ( 'NONE',  ( -8.474412998762999870E-16, -1.000000000000000000, 0.000000000000000000 ) ) ;
#6678 = FACE_OUTER_BOUND ( 'NONE', #8728, .T. ) ;
#6679 = DIRECTION ( 'NONE',  ( 1.000000000000000000, 0.000000000000000000, 0.000000000000000000 ) ) ;
#6680 = EDGE_CURVE ( 'NONE', #10457, #9297, #6683, .T. ) ;
#6681 = VECTOR ( 'NONE', #4778, 1000.000000000000000 ) ;
#6682 = CARTESIAN_POINT ( 'NONE',  ( -33.50000000000002132, 49.49999999999998579, 4.000000000000000000 ) ) ;
#6683 = CIRCLE ( 'NONE', #10834, 4.500000000000003553 ) ;
#6684 = VERTEX_POINT ( 'NONE', #4988 ) ;
#6685 = CARTESIAN_POINT ( 'NONE',  ( -34.99999999999999289, -62.50000000000001421, 13.00000000000000178 ) ) ;
#6686 = DIRECTION ( 'NONE',  ( -1.000000000000000000, 0.000000000000000000, 0.000000000000000000 ) ) ;
#6687 = VERTEX_POINT ( 'NONE', #8885 ) ;
#6688 = CARTESIAN_POINT ( 'NONE',  ( 2.999999999999996891, 55.00000000000000000, 12.50000000000001066 ) ) ;
#6689 = VECTOR ( 'NONE', #5942, 1000.000000000000000 ) ;
#6690 = ORIENTED_EDGE ( 'NONE', *, *, #11058, .F. ) ;
#6691 = VECTOR ( 'NONE', #12711, 1000.000000000000000 ) ;
#6692 = AXIS2_PLACEMENT_3D ( 'NONE', #12776, #7837, #10817 ) ;
#6693 = CARTESIAN_POINT ( 'NONE',  ( -34.99999999999999289, 62.50000000000001421, 25.00000000000000000 ) ) ;
#6694 = LINE ( 'NONE', #1774, #6099 ) ;
#6695 = CARTESIAN_POINT ( 'NONE',  ( 29.99999999999998579, 62.50000000000001421, 25.00000000000000000 ) ) ;
#6696 = DIRECTION ( 'NONE',  ( -0.5735764363510481578, 0.000000000000000000, -0.8191520442889904663 ) ) ;
#6697 = ORIENTED_EDGE ( 'NONE', *, *, #7570, .F. ) ;
#6698 = DIRECTION ( 'NONE',  ( -0.000000000000000000, -0.000000000000000000, 1.000000000000000000 ) ) ;
#6699 = EDGE_CURVE ( 'NONE', #7363, #6640, #4407, .T. ) ;
#6700 = AXIS2_PLACEMENT_3D ( 'NONE', #6159, #7198, #9201 ) ;
#6701 = CARTESIAN_POINT ( 'NONE',  ( 6.499999999999953815, 30.86660026534075030, 12.50000000000000000 ) ) ;
#6702 = VECTOR ( 'NONE', #6324, 1000.000000000000000 ) ;
#6703 = ADVANCED_FACE ( 'NONE', ( #11949 ), #3050, .F. ) ;
#6704 = AXIS2_PLACEMENT_3D ( 'NONE', #2067, #10899, #8096 ) ;
#6705 = ORIENTED_EDGE ( 'NONE', *, *, #2707, .T. ) ;
#6706 = ORIENTED_EDGE ( 'NONE', *, *, #2458, .F. ) ;
#6707 = DIRECTION ( 'NONE',  ( -1.000000000000000000, 0.000000000000000000, 0.000000000000000000 ) ) ;
#6708 = EDGE_LOOP ( 'NONE', ( #2267, #1805, #10643, #4538 ) ) ;
#6709 = B_SPLINE_CURVE_WITH_KNOTS ( 'NONE', 3,
 ( #1808, #4718, #10628, #11746, #8673, #3812, #1743, #9585 ),
 .UNSPECIFIED., .F., .F.,
 ( 4, 2, 2, 4 ),
 ( 0.000000000000000000, 0.0003574555549545331860, 0.0007149111099090663720, 0.001429822219818127974 ),
 .UNSPECIFIED. ) ;
#6710 = ORIENTED_EDGE ( 'NONE', *, *, #1405, .F. ) ;
#6711 = CARTESIAN_POINT ( 'NONE',  ( 2.999999999999992450, 29.71110255092798269, 4.000000000000000000 ) ) ;
#6712 = DIRECTION ( 'NONE',  ( -0.000000000000000000, -0.000000000000000000, -1.000000000000000000 ) ) ;
#6713 = VECTOR ( 'NONE', #9584, 1000.000000000000000 ) ;
#6714 = AXIS2_PLACEMENT_3D ( 'NONE', #3966, #11837, #3008 ) ;
#6716 = AXIS2_PLACEMENT_3D ( 'NONE', #4682, #11627, #4548 ) ;
#6715 = DIRECTION ( 'NONE',  ( -0.7071067811865474617, 0.000000000000000000, 0.7071067811865474617 ) ) ;
#6717 = DIRECTION ( 'NONE',  ( -1.000000000000000000, 0.000000000000000000, 0.000000000000000000 ) ) ;
#6718 = ORIENTED_EDGE ( 'NONE', *, *, #9943, .F. ) ;
#6719 = VERTEX_POINT ( 'NONE', #8820 ) ;
#6720 = FACE_OUTER_BOUND ( 'NONE', #8792, .T. ) ;
#6721 = EDGE_CURVE ( 'NONE', #6684, #2793, #3788, .T. ) ;
#6722 = EDGE_CURVE ( 'NONE', #7629, #2509, #11756, .T. ) ;
#6723 = ORIENTED_EDGE ( 'NONE', *, *, #3865, .F. ) ;
#6724 = ORIENTED_EDGE ( 'NONE', *, *, #1398, .T. ) ;
#6725 = VECTOR ( 'NONE', #6212, 1000.000000000000000 ) ;
#6726 = VECTOR ( 'NONE', #2592, 1000.000000000000000 ) ;
#6727 = AXIS2_PLACEMENT_3D ( 'NONE', #89, #4029, #11957 ) ;
#6728 = CARTESIAN_POINT ( 'NONE',  ( 5.999999999999992895, 14.54701313970656784, 12.00000000000000000 ) ) ;
#6729 = CIRCLE ( 'NONE', #4047, 1.500000000000001332 ) ;
#6730 = VERTEX_POINT ( 'NONE', #2858 ) ;
#6731 = SHAPE_DEFINITION_REPRESENTATION ( #7859, #6847 ) ;
#6732 = DIRECTION ( 'NONE',  ( -0.000000000000000000, -0.000000000000000000, 1.000000000000000000 ) ) ;
#6733 = VERTEX_POINT ( 'NONE', #1110 ) ;
#6734 = CARTESIAN_POINT ( 'NONE',  ( -6.500000000000002665, 55.00000000000000711, 4.000000000000000000 ) ) ;
#6735 = DIRECTION ( 'NONE',  ( 0.000000000000000000, -1.000000000000000000, -0.000000000000000000 ) ) ;
#6736 = DIRECTION ( 'NONE',  ( -0.000000000000000000, 1.000000000000000000, -0.000000000000000000 ) ) ;
#6737 = VECTOR ( 'NONE', #5656, 1000.000000000000000 ) ;
#6738 = AXIS2_PLACEMENT_3D ( 'NONE', #5556, #2639, #12568 ) ;
#6739 = DIRECTION ( 'NONE',  ( -0.7071067811865470176, -6.926878494193118093E-16, 0.7071067811865480168 ) ) ;
#6740 = DIRECTION ( 'NONE',  ( -0.7071067811865847652, 6.871191095353395521E-17, 0.7071067811865102692 ) ) ;
#6741 = VERTEX_POINT ( 'NONE', #5055 ) ;
#6742 = DIRECTION ( 'NONE',  ( 0.000000000000000000, 0.000000000000000000, -1.000000000000000000 ) ) ;
#6743 = ORIENTED_EDGE ( 'NONE', *, *, #11168, .T. ) ;
#6744 = DIRECTION ( 'NONE',  ( 1.000000000000000000, 0.000000000000000000, 0.000000000000000000 ) ) ;
#6745 = ORIENTED_EDGE ( 'NONE', *, *, #7200, .F. ) ;
#6746 = AXIS2_PLACEMENT_3D ( 'NONE', #11428, #11237, #10385 ) ;
#6747 = DIRECTION ( 'NONE',  ( -0.5735764363510474917, 3.154042683594196107E-16, -0.8191520442889907994 ) ) ;
#6748 = DIRECTION ( 'NONE',  ( -1.541976423090498592E-16, 1.000000000000000000, 0.000000000000000000 ) ) ;
#6749 = ORIENTED_EDGE ( 'NONE', *, *, #9558, .F. ) ;
#6750 = DIRECTION ( 'NONE',  ( -1.000000000000000000, 0.000000000000000000, 0.000000000000000000 ) ) ;
#6751 = EDGE_CURVE ( 'NONE', #9010, #5426, #8748, .T. ) ;
#6752 = LINE ( 'NONE', #2720, #12060 ) ;
#6753 = DIRECTION ( 'NONE',  ( 0.000000000000000000, -1.000000000000000000, 0.000000000000000000 ) ) ;
#6754 = CARTESIAN_POINT ( 'NONE',  ( 26.24999999999998934, 57.09999999999998721, 0.000000000000000000 ) ) ;
#6755 = VECTOR ( 'NONE', #4382, 1000.000000000000227 ) ;
#6756 = CARTESIAN_POINT ( 'NONE',  ( 42.79999999999999005, -49.49999999999998579, 12.00000000000003197 ) ) ;
#6757 = ORIENTED_EDGE ( 'NONE', *, *, #10262, .F. ) ;
#6758 = EDGE_CURVE ( 'NONE', #4260, #3512, #2134, .T. ) ;
#6759 = LINE ( 'NONE', #10723, #4210 ) ;
#6760 = DIRECTION ( 'NONE',  ( 0.5735764363510471586, 0.000000000000000000, 0.8191520442889911324 ) ) ;
#6761 = ORIENTED_EDGE ( 'NONE', *, *, #11419, .F. ) ;
#6762 = CARTESIAN_POINT ( 'NONE',  ( -47.49999999999999289, 49.49999999999997868, 17.10000000000000142 ) ) ;
#6763 = ORIENTED_EDGE ( 'NONE', *, *, #4007, .T. ) ;
#6764 = CARTESIAN_POINT ( 'NONE',  ( 7.499999999999992895, 22.50000000000000355, 12.00000000000000000 ) ) ;
#6765 = CARTESIAN_POINT ( 'NONE',  ( -52.36513420747430558, -21.50000000000000000, 60.87752359950067671 ) ) ;
#6766 = CARTESIAN_POINT ( 'NONE',  ( 21.49999999999999289, 10.99999999999999289, 12.00000000000000000 ) ) ;
#6767 = CARTESIAN_POINT ( 'NONE',  ( -46.53198962753244672, -5.049290369784430726E-15, 62.40867490146091967 ) ) ;
#6768 = ORIENTED_EDGE ( 'NONE', *, *, #5624, .T. ) ;
#6769 = AXIS2_PLACEMENT_3D ( 'NONE', #4817, #8774, #2032 ) ;
#6770 = LINE ( 'NONE', #10737, #10715 ) ;
#6771 = ADVANCED_FACE ( 'NONE', ( #5817 ), #4913, .F. ) ;
#6772 = LINE ( 'NONE', #3015, #11910 ) ;
#6773 = ORIENTED_EDGE ( 'NONE', *, *, #12829, .F. ) ;
#6774 = ORIENTED_EDGE ( 'NONE', *, *, #7508, .T. ) ;
#6775 = CARTESIAN_POINT ( 'NONE',  ( 40.49999999999998579, -49.49999999999998579, 4.000000000000000000 ) ) ;
#6776 = ORIENTED_EDGE ( 'NONE', *, *, #10600, .F. ) ;
#6777 = EDGE_CURVE ( 'NONE', #1860, #2661, #10890, .T. ) ;
#6778 = AXIS2_PLACEMENT_3D ( 'NONE', #8416, #11739, #9771 ) ;
#6779 = ORIENTED_EDGE ( 'NONE', *, *, #2199, .T. ) ;
#6780 = CIRCLE ( 'NONE', #8230, 1.100000000000000089 ) ;
#6781 = LINE ( 'NONE', #6842, #2791 ) ;
#6782 = CARTESIAN_POINT ( 'NONE',  ( -23.49999999999997868, 24.99999999999999289, 12.50000000000000000 ) ) ;
#6783 = EDGE_CURVE ( 'NONE', #10560, #1778, #9588, .T. ) ;
#6784 = CARTESIAN_POINT ( 'NONE',  ( -40.50000000000000000, -43.00000000000000000, 12.50000000000000000 ) ) ;
#6785 = CYLINDRICAL_SURFACE ( 'NONE', #6947, 2.300000000000003375 ) ;
#6786 = ORIENTED_EDGE ( 'NONE', *, *, #3726, .F. ) ;
#6787 = ORIENTED_EDGE ( 'NONE', *, *, #12467, .T. ) ;
#6788 = LINE ( 'NONE', #8988, #7272 ) ;
#6789 = CIRCLE ( 'NONE', #6380, 1.499999999999999556 ) ;
#6790 = VECTOR ( 'NONE', #3638, 1000.000000000000114 ) ;
#6791 = ORIENTED_EDGE ( 'NONE', *, *, #989, .T. ) ;
#6792 = EDGE_LOOP ( 'NONE', ( #10726, #9578, #6375, #7117 ) ) ;
#6793 = DIRECTION ( 'NONE',  ( -0.000000000000000000, -0.000000000000000000, -1.000000000000000000 ) ) ;
#6794 = EDGE_CURVE ( 'NONE', #9389, #6873, #11808, .T. ) ;
#6795 = EDGE_LOOP ( 'NONE', ( #5232, #12, #6840, #10712 ) ) ;
#6796 = EDGE_CURVE ( 'NONE', #6315, #11855, #1999, .T. ) ;
#6797 = CARTESIAN_POINT ( 'NONE',  ( -63.77157278485889691, 21.49999999999998934, 41.27489216950248618 ) ) ;
#6798 = CARTESIAN_POINT ( 'NONE',  ( -32.12093665327335401, -55.00000000000000711, 12.00000000000000533 ) ) ;
#6799 = ORIENTED_EDGE ( 'NONE', *, *, #8694, .T. ) ;
#6800 = ADVANCED_FACE ( 'NONE', ( #8926 ), #8870, .F. ) ;
#6801 = CARTESIAN_POINT ( 'NONE',  ( 10.49999999999999289, 12.49999999999999289, 4.000000000000000000 ) ) ;
#6802 = DIRECTION ( 'NONE',  ( 1.000000000000000000, 0.000000000000000000, 0.000000000000000000 ) ) ;
#6803 = ADVANCED_FACE ( 'NONE', ( #1033 ), #6018, .F. ) ;
#6804 = CIRCLE ( 'NONE', #9693, 1.700000000000000178 ) ;
#6805 = VECTOR ( 'NONE', #462, 1000.000000000000000 ) ;
#6806 = CARTESIAN_POINT ( 'NONE',  ( 2.999999999999992450, 29.71110255092798269, 12.50000000000000000 ) ) ;
#6807 = DIRECTION ( 'NONE',  ( -0.000000000000000000, -0.000000000000000000, 1.000000000000000000 ) ) ;
#6808 = CARTESIAN_POINT ( 'NONE',  ( -21.99999999999997868, 24.99999999999999289, 4.000000000000000000 ) ) ;
#6809 = ORIENTED_EDGE ( 'NONE', *, *, #4610, .T. ) ;
#6810 = EDGE_CURVE ( 'NONE', #6340, #11247, #895, .T. ) ;
#6811 = AXIS2_PLACEMENT_3D ( 'NONE', #3735, #704, #12639 ) ;
#6812 = CARTESIAN_POINT ( 'NONE',  ( 38.19999999999998153, -49.49999999999998579, 7.000000000000000888 ) ) ;
#6813 = EDGE_LOOP ( 'NONE', ( #1846, #12753, #1645, #231 ) ) ;
#6814 = DIRECTION ( 'NONE',  ( -0.000000000000000000, -0.000000000000000000, -1.000000000000000000 ) ) ;
#6815 = ORIENTED_EDGE ( 'NONE', *, *, #12360, .F. ) ;
#6816 = CARTESIAN_POINT ( 'NONE',  ( -51.47196947010641566, -21.50000000000000000, 62.32743971842706543 ) ) ;
#6817 = CARTESIAN_POINT ( 'NONE',  ( -52.61912234280848821, -19.40000000000002700, 60.68913562984904075 ) ) ;
#6818 = CARTESIAN_POINT ( 'NONE',  ( 38.19999999999998153, -49.49999999999998579, 12.50000000000000000 ) ) ;
#6819 = DIRECTION ( 'NONE',  ( -0.000000000000000000, -0.000000000000000000, 1.000000000000000000 ) ) ;
#6820 = CARTESIAN_POINT ( 'NONE',  ( 2.999999999999997780, 53.50000000000000000, 4.000000000000000000 ) ) ;
#6821 = EDGE_CURVE ( 'NONE', #11436, #1861, #5102, .T. ) ;
#6822 = VERTEX_POINT ( 'NONE', #130 ) ;
#6823 = CARTESIAN_POINT ( 'NONE',  ( -45.00000000000002132, 53.49999999999999289, 25.00000000000000000 ) ) ;
#6824 = PLANE ( 'NONE',  #7354 ) ;
#6825 = CARTESIAN_POINT ( 'NONE',  ( 7.499999999999992895, 22.50000000000000355, 19.00538238691625281 ) ) ;
#6826 = CARTESIAN_POINT ( 'NONE',  ( -47.49999999999999289, 32.49999999999998579, 17.10000000000000142 ) ) ;
#6827 = ORIENTED_EDGE ( 'NONE', *, *, #5311, .T. ) ;
#6828 = FACE_OUTER_BOUND ( 'NONE', #4616, .T. ) ;
#6829 = VERTEX_POINT ( 'NONE', #2114 ) ;
#6830 = DIRECTION ( 'NONE',  ( 1.000000000000000000, 0.000000000000000000, 0.000000000000000000 ) ) ;
#6831 = CARTESIAN_POINT ( 'NONE',  ( 22.62295345520778156, 55.00000000000001421, 12.36776389409516064 ) ) ;
#6832 = DIRECTION ( 'NONE',  ( 0.000000000000000000, 0.000000000000000000, 1.000000000000000000 ) ) ;
#6833 = DIRECTION ( 'NONE',  ( -0.000000000000000000, -1.000000000000000000, 0.000000000000000000 ) ) ;
#6834 = ORIENTED_EDGE ( 'NONE', *, *, #2459, .F. ) ;
#6835 = DIRECTION ( 'NONE',  ( 0.000000000000000000, 0.000000000000000000, 1.000000000000000000 ) ) ;
#6836 = CARTESIAN_POINT ( 'NONE',  ( 9.000000000000000000, 55.00000000000000000, 4.000000000000000000 ) ) ;
#6837 = VERTEX_POINT ( 'NONE', #2900 ) ;
#6838 = ORIENTED_EDGE ( 'NONE', *, *, #2386, .T. ) ;
#6839 = DIRECTION ( 'NONE',  ( 1.000000000000000000, 2.602085213965208275E-15, 0.000000000000000000 ) ) ;
#6840 = ORIENTED_EDGE ( 'NONE', *, *, #1606, .F. ) ;
#6841 = ORIENTED_EDGE ( 'NONE', *, *, #8129, .T. ) ;
#6842 = CARTESIAN_POINT ( 'NONE',  ( 8.499999999999992895, 14.54701313970656962, 12.50000000000000000 ) ) ;
#6843 = DIRECTION ( 'NONE',  ( 0.000000000000000000, -1.000000000000000000, 0.000000000000000000 ) ) ;
#6844 = EDGE_CURVE ( 'NONE', #6900, #6837, #3, .T. ) ;
#6845 = CARTESIAN_POINT ( 'NONE',  ( 25.50000000000001421, 53.50000000000000711, 12.50000000000000000 ) ) ;
#6846 = CARTESIAN_POINT ( 'NONE',  ( -65.35251922980178563, -21.50000000000000000, 42.50396024663347561 ) ) ;
#6847 = ADVANCED_BREP_SHAPE_REPRESENTATION ( 'Case', ( #6397, #8059 ), #11370 ) ;
#6848 = EDGE_LOOP ( 'NONE', ( #8958, #6388, #4605 ) ) ;
#6849 = EDGE_LOOP ( 'NONE', ( #2664, #11737, #4471, #6928 ) ) ;
#6850 = DIRECTION ( 'NONE',  ( 0.000000000000000000, 0.000000000000000000, 1.000000000000000000 ) ) ;
#6851 = EDGE_CURVE ( 'NONE', #5338, #1734, #11684, .T. ) ;
#6852 = ORIENTED_EDGE ( 'NONE', *, *, #7317, .T. ) ;
#6853 = ORIENTED_EDGE ( 'NONE', *, *, #40, .F. ) ;
#6854 = FACE_OUTER_BOUND ( 'NONE', #4898, .T. ) ;
#6855 = ORIENTED_EDGE ( 'NONE', *, *, #7662, .F. ) ;
#6856 = DIRECTION ( 'NONE',  ( -1.000000000000000000, 0.000000000000000000, 0.000000000000000000 ) ) ;
#6857 = DIRECTION ( 'NONE',  ( -0.8191520442889907994, -0.000000000000000000, 0.5735764363510478248 ) ) ;
#6858 = ORIENTED_EDGE ( 'NONE', *, *, #11331, .T. ) ;
#6859 = CYLINDRICAL_SURFACE ( 'NONE', #11499, 1.499999999999999556 ) ;
#6860 = DIRECTION ( 'NONE',  ( 0.000000000000000000, 0.000000000000000000, -1.000000000000000000 ) ) ;
#6861 = VECTOR ( 'NONE', #3482, 1000.000000000000227 ) ;
#6862 = LINE ( 'NONE', #644, #511 ) ;
#6863 = LINE ( 'NONE', #1870, #6664 ) ;
#6864 = EDGE_CURVE ( 'NONE', #10184, #11261, #10036, .T. ) ;
#6865 = LINE ( 'NONE', #2783, #911 ) ;
#6866 = AXIS2_PLACEMENT_3D ( 'NONE', #12352, #5388, #5525 ) ;
#6867 = EDGE_CURVE ( 'NONE', #12447, #11802, #8150, .T. ) ;
#6868 = ORIENTED_EDGE ( 'NONE', *, *, #915, .T. ) ;
#6869 = EDGE_CURVE ( 'NONE', #8871, #6629, #3157, .T. ) ;
#6870 = CYLINDRICAL_SURFACE ( 'NONE', #7529, 5.000000000000004441 ) ;
#6871 = EDGE_CURVE ( 'NONE', #1624, #7869, #8758, .T. ) ;
#6872 = CARTESIAN_POINT ( 'NONE',  ( -3.000000000000002665, -53.50000000000000000, 12.50000000000001066 ) ) ;
#6873 = VERTEX_POINT ( 'NONE', #5889 ) ;
#6874 = DIRECTION ( 'NONE',  ( -0.1736481776669360766, 0.000000000000000000, 0.9848077530122070211 ) ) ;
#6875 = DIRECTION ( 'NONE',  ( -1.000000000000000000, -0.000000000000000000, -0.000000000000000000 ) ) ;
#6876 = CIRCLE ( 'NONE', #2526, 2.299999999999996270 ) ;
#6877 = LINE ( 'NONE', #6818, #6551 ) ;
#6878 = EDGE_CURVE ( 'NONE', #6640, #1722, #3998, .T. ) ;
#6879 = PLANE ( 'NONE',  #7482 ) ;
#6880 = DIRECTION ( 'NONE',  ( 0.000000000000000000, 0.000000000000000000, -1.000000000000000000 ) ) ;
#6881 = DIRECTION ( 'NONE',  ( -2.813065096178606086E-16, -1.000000000000000000, 0.000000000000000000 ) ) ;
#6882 = ORIENTED_EDGE ( 'NONE', *, *, #11390, .T. ) ;
#6883 = ADVANCED_FACE ( 'NONE', ( #3933 ), #12305, .F. ) ;
#6884 = CARTESIAN_POINT ( 'NONE',  ( -29.99999999999998579, -62.50000000000001421, 0.4000000000000114575 ) ) ;
#6885 = VECTOR ( 'NONE', #4288, 1000.000000000000114 ) ;
#6886 = VECTOR ( 'NONE', #11534, 1000.000000000000227 ) ;
#6887 = CARTESIAN_POINT ( 'NONE',  ( -33.50000000000002842, 53.49999999999999289, 12.50000000000001066 ) ) ;
#6888 = CIRCLE ( 'NONE', #9577, 1.500000000000000000 ) ;
#6889 = CARTESIAN_POINT ( 'NONE',  ( -40.50000000000000000, -49.49999999999999289, 12.50000000000000000 ) ) ;
#6890 = ORIENTED_EDGE ( 'NONE', *, *, #770, .F. ) ;
#6891 = DIRECTION ( 'NONE',  ( 0.000000000000000000, 0.000000000000000000, -1.000000000000000000 ) ) ;
#6892 = EDGE_CURVE ( 'NONE', #9408, #5581, #10102, .T. ) ;
#6893 = VERTEX_POINT ( 'NONE', #5299 ) ;
#6894 = DIRECTION ( 'NONE',  ( 1.000000000000000000, 9.912705577010326536E-16, 0.000000000000000000 ) ) ;
#6895 = LINE ( 'NONE', #9881, #8996 ) ;
#6896 = VECTOR ( 'NONE', #4989, 1000.000000000000227 ) ;
#6897 = CARTESIAN_POINT ( 'NONE',  ( -33.50000000000000000, -49.50000000000000000, 12.50000000000000000 ) ) ;
#6898 = CONICAL_SURFACE ( 'NONE', #2544, 3.750000000000000000, 0.7853981633974526089 ) ;
#6899 = DIRECTION ( 'NONE',  ( 0.000000000000000000, 0.000000000000000000, 1.000000000000000000 ) ) ;
#6900 = VERTEX_POINT ( 'NONE', #6398 ) ;
#6901 = CARTESIAN_POINT ( 'NONE',  ( -40.50000000000002132, 42.49999999999999289, 12.50000000000000000 ) ) ;
#6902 = LINE ( 'NONE', #2817, #2380 ) ;
#6903 = ORIENTED_EDGE ( 'NONE', *, *, #59, .T. ) ;
#6904 = ORIENTED_EDGE ( 'NONE', *, *, #4178, .T. ) ;
#6905 = VECTOR ( 'NONE', #2904, 1000.000000000000000 ) ;
#6906 = VECTOR ( 'NONE', #12731, 1000.000000000000000 ) ;
#6907 = AXIS2_PLACEMENT_3D ( 'NONE', #12739, #3841, #1897 ) ;
#6908 = ORIENTED_EDGE ( 'NONE', *, *, #5311, .F. ) ;
#6909 = ORIENTED_EDGE ( 'NONE', *, *, #1405, .T. ) ;
#6910 = DIRECTION ( 'NONE',  ( -1.000000000000000000, 0.000000000000000000, 0.000000000000000000 ) ) ;
#6911 = DIRECTION ( 'NONE',  ( -0.000000000000000000, -1.000000000000000000, -0.000000000000000000 ) ) ;
#6912 = CARTESIAN_POINT ( 'NONE',  ( 21.50000000000000000, -30.49999999999999645, 2.500000000000000000 ) ) ;
#6913 = VERTEX_POINT ( 'NONE', #7377 ) ;
#6914 = EDGE_LOOP ( 'NONE', ( #2246, #10349, #3802, #1192 ) ) ;
#6915 = EDGE_CURVE ( 'NONE', #3440, #1040, #10615, .T. ) ;
#6916 = AXIS2_PLACEMENT_3D ( 'NONE', #9338, #2406, #6360 ) ;
#6917 = VECTOR ( 'NONE', #7173, 1000.000000000000000 ) ;
#6918 = AXIS2_PLACEMENT_3D ( 'NONE', #8242, #12019, #11031 ) ;
#6919 = CARTESIAN_POINT ( 'NONE',  ( -40.50000000000000000, -49.49999999999999289, 7.000000000000000888 ) ) ;
#6920 = ORIENTED_EDGE ( 'NONE', *, *, #6563, .T. ) ;
#6921 = ADVANCED_FACE ( 'NONE', ( #11335 ), #4445, .F. ) ;
#6922 = ORIENTED_EDGE ( 'NONE', *, *, #7403, .F. ) ;
#6923 = ORIENTED_EDGE ( 'NONE', *, *, #8745, .T. ) ;
#6924 = AXIS2_PLACEMENT_3D ( 'NONE', #11288, #7203, #12147 ) ;
#6925 = DIRECTION ( 'NONE',  ( 1.000000000000000000, 0.000000000000000000, 0.000000000000000000 ) ) ;
#6926 = AXIS2_PLACEMENT_3D ( 'NONE', #5436, #3490, #11416 ) ;
#6927 = CIRCLE ( 'NONE', #5050, 1.700000000000000178 ) ;
#6928 = ORIENTED_EDGE ( 'NONE', *, *, #10125, .T. ) ;
#6929 = CARTESIAN_POINT ( 'NONE',  ( 43.49999999999997868, 8.000000000000003553, 12.00000000000000000 ) ) ;
#6930 = LINE ( 'NONE', #972, #8972 ) ;
#6931 = ADVANCED_FACE ( 'NONE', ( #4189 ), #9374, .T. ) ;
#6932 = CARTESIAN_POINT ( 'NONE',  ( 43.49999999999997868, 6.500000000000005329, 4.000000000000000000 ) ) ;
#6933 = CARTESIAN_POINT ( 'NONE',  ( 24.50000000000000000, -30.49999999999999289, 4.000000000000000000 ) ) ;
#6934 = CONICAL_SURFACE ( 'NONE', #9623, 1.999999999999988010, 0.7853981633974356225 ) ;
#6935 = AXIS2_PLACEMENT_3D ( 'NONE', #11147, #974, #4919 ) ;
#6936 = AXIS2_PLACEMENT_3D ( 'NONE', #8068, #2228, #7352 ) ;
#6937 = CARTESIAN_POINT ( 'NONE',  ( -43.50000000000002132, -53.50000000000000711, 24.99999999999999289 ) ) ;
#6938 = VECTOR ( 'NONE', #8213, 1000.000000000000000 ) ;
#6939 = EDGE_LOOP ( 'NONE', ( #5984, #3915, #370, #9344 ) ) ;
#6940 = FACE_OUTER_BOUND ( 'NONE', #9914, .T. ) ;
#6941 = FACE_OUTER_BOUND ( 'NONE', #5094, .T. ) ;
#6942 = ORIENTED_EDGE ( 'NONE', *, *, #2644, .T. ) ;
#6943 = DIRECTION ( 'NONE',  ( -0.000000000000000000, 0.000000000000000000, 1.000000000000000000 ) ) ;
#6944 = DIRECTION ( 'NONE',  ( -0.000000000000000000, -0.000000000000000000, -1.000000000000000000 ) ) ;
#6945 = ADVANCED_FACE ( 'NONE', ( #9254 ), #2187, .F. ) ;
#6946 = CIRCLE ( 'NONE', #6325, 1.500000000000001332 ) ;
#6947 = AXIS2_PLACEMENT_3D ( 'NONE', #8791, #1726, #12502 ) ;
#6948 = VECTOR ( 'NONE', #3185, 1000.000000000000000 ) ;
#6949 = AXIS2_PLACEMENT_3D ( 'NONE', #3780, #2035, #3014 ) ;
#6950 = DIRECTION ( 'NONE',  ( 0.000000000000000000, 0.000000000000000000, 1.000000000000000000 ) ) ;
#6951 = EDGE_CURVE ( 'NONE', #44, #6597, #378, .T. ) ;
#6952 = FACE_OUTER_BOUND ( 'NONE', #1928, .T. ) ;
#6953 = CARTESIAN_POINT ( 'NONE',  ( 1.500000000000000000, -3.000000000000009326, 12.50000000000000000 ) ) ;
#6954 = CARTESIAN_POINT ( 'NONE',  ( 34.99999999999999289, -62.50000000000001421, 0.000000000000000000 ) ) ;
#6955 = VECTOR ( 'NONE', #4159, 1000.000000000000000 ) ;
#6956 = FACE_OUTER_BOUND ( 'NONE', #6550, .T. ) ;
#6957 = VECTOR ( 'NONE', #4368, 1000.000000000000000 ) ;
#6958 = CARTESIAN_POINT ( 'NONE',  ( -32.69999999999999574, 62.50000000000001421, 25.00000000000000000 ) ) ;
#6959 = DIRECTION ( 'NONE',  ( 1.000000000000000000, 0.000000000000000000, 0.000000000000000000 ) ) ;
#6960 = EDGE_CURVE ( 'NONE', #2469, #7303, #3413, .T. ) ;
#6961 = ORIENTED_EDGE ( 'NONE', *, *, #3931, .T. ) ;
#6962 = DIRECTION ( 'NONE',  ( 1.156482317317870344E-15, 1.000000000000000000, 0.000000000000000000 ) ) ;
#6963 = EDGE_CURVE ( 'NONE', #12085, #10800, #9314, .T. ) ;
#6964 = EDGE_CURVE ( 'NONE', #3820, #7561, #10294, .T. ) ;
#6965 = ORIENTED_EDGE ( 'NONE', *, *, #3918, .F. ) ;
#6966 = EDGE_CURVE ( 'NONE', #7466, #8333, #1934, .T. ) ;
#6967 = LINE ( 'NONE', #2027, #543 ) ;
#6968 = CARTESIAN_POINT ( 'NONE',  ( 23.00000000000000355, -30.49999999999999645, 12.00000000000000000 ) ) ;
#6969 = EDGE_CURVE ( 'NONE', #2151, #11780, #8220, .T. ) ;
#6970 = CIRCLE ( 'NONE', #12153, 1.500000000000001332 ) ;
#6971 = FACE_OUTER_BOUND ( 'NONE', #10929, .T. ) ;
#6972 = DIRECTION ( 'NONE',  ( 0.000000000000000000, 0.000000000000000000, 1.000000000000000000 ) ) ;
#6973 = ORIENTED_EDGE ( 'NONE', *, *, #9097, .F. ) ;
#6974 = LINE ( 'NONE', #1904, #7460 ) ;
#6975 = DIRECTION ( 'NONE',  ( -0.8191520442889906883, 0.000000000000000000, 0.5735764363510477137 ) ) ;
#6976 = ORIENTED_EDGE ( 'NONE', *, *, #11791, .T. ) ;
#6977 = CARTESIAN_POINT ( 'NONE',  ( -68.04832848065167639, -14.49999999999999467, 38.65394563847515741 ) ) ;
#6978 = ORIENTED_EDGE ( 'NONE', *, *, #12021, .F. ) ;
#6979 =( NAMED_UNIT ( * ) SI_UNIT ( $, .STERADIAN. ) SOLID_ANGLE_UNIT ( ) );
#6980 = EDGE_LOOP ( 'NONE', ( #3374, #3527, #8693, #5158 ) ) ;
#6981 = CARTESIAN_POINT ( 'NONE',  ( -8.249573863534151046E-15, 53.50000000000000000, 4.000000000000000000 ) ) ;
#6982 = CARTESIAN_POINT ( 'NONE',  ( -23.49999999999996803, -53.50000000000000711, 12.00000000000000000 ) ) ;
#6983 = LINE ( 'NONE', #11796, #3154 ) ;
#6984 = DIRECTION ( 'NONE',  ( 0.7071067811865475727, 0.000000000000000000, -0.7071067811865475727 ) ) ;
#6985 = EDGE_LOOP ( 'NONE', ( #8835, #700, #12079, #3103 ) ) ;
#6986 = ORIENTED_EDGE ( 'NONE', *, *, #7511, .F. ) ;
#6987 = DIRECTION ( 'NONE',  ( 1.000000000000000000, 0.000000000000000000, 0.000000000000000000 ) ) ;
#6988 = EDGE_CURVE ( 'NONE', #5767, #8089, #1470, .T. ) ;
#6989 = ORIENTED_EDGE ( 'NONE', *, *, #2434, .F. ) ;
#6990 = ORIENTED_EDGE ( 'NONE', *, *, #3171, .T. ) ;
#6991 = AXIS2_PLACEMENT_3D ( 'NONE', #7706, #5706, #8558 ) ;
#6992 = CARTESIAN_POINT ( 'NONE',  ( 10.49999999999999289, 10.49999999999999112, 12.50000000000000000 ) ) ;
#6993 = AXIS2_PLACEMENT_3D ( 'NONE', #941, #6972, #10924 ) ;
#6994 = ORIENTED_EDGE ( 'NONE', *, *, #12414, .F. ) ;
#6995 = EDGE_CURVE ( 'NONE', #508, #7401, #2307, .T. ) ;
#6996 = DIRECTION ( 'NONE',  ( 0.000000000000000000, 0.7071067811865474617, 0.7071067811865474617 ) ) ;
#6997 = ORIENTED_EDGE ( 'NONE', *, *, #4148, .F. ) ;
#6998 = DIRECTION ( 'NONE',  ( -0.000000000000000000, -0.000000000000000000, 1.000000000000000000 ) ) ;
#6999 = CARTESIAN_POINT ( 'NONE',  ( -11.00000000000000000, 53.50000000000000000, 12.00000000000000000 ) ) ;
#7000 = CARTESIAN_POINT ( 'NONE',  ( -34.99999999999999289, -62.50000000000001421, 25.00000000000000000 ) ) ;
#7001 = CONICAL_SURFACE ( 'NONE', #6778, 1.700000000000000178, 1.029744258676653645 ) ;
#7002 = DIRECTION ( 'NONE',  ( -1.000000000000000000, -2.312964634635746211E-15, 0.000000000000000000 ) ) ;
#7003 = AXIS2_PLACEMENT_3D ( 'NONE', #832, #12701, #1657 ) ;
#7004 = CARTESIAN_POINT ( 'NONE',  ( -6.499999999999999112, 25.50000000000000355, 2.500000000000000000 ) ) ;
#7005 = ORIENTED_EDGE ( 'NONE', *, *, #1780, .T. ) ;
#7006 = DIRECTION ( 'NONE',  ( 0.000000000000000000, -0.7071067811865474617, 0.7071067811865474617 ) ) ;
#7007 = FACE_BOUND ( 'NONE', #8990, .T. ) ;
#7008 = ORIENTED_EDGE ( 'NONE', *, *, #3080, .F. ) ;
#7009 = VECTOR ( 'NONE', #8955, 1000.000000000000000 ) ;
#7010 = DIRECTION ( 'NONE',  ( 0.000000000000000000, 0.000000000000000000, -1.000000000000000000 ) ) ;
#7011 = CARTESIAN_POINT ( 'NONE',  ( -26.24999999999998934, 61.25000000000001421, 0.000000000000000000 ) ) ;
#7012 = CARTESIAN_POINT ( 'NONE',  ( -12.49999999999999822, 53.49999999999999289, 4.000000000000000000 ) ) ;
#7013 = EDGE_CURVE ( 'NONE', #1486, #4065, #1349, .T. ) ;
#7014 = DIRECTION ( 'NONE',  ( -0.000000000000000000, -0.000000000000000000, -1.000000000000000000 ) ) ;
#7015 = VECTOR ( 'NONE', #10144, 1000.000000000000114 ) ;
#7016 = AXIS2_PLACEMENT_3D ( 'NONE', #11213, #332, #4273 ) ;
#7017 = DIRECTION ( 'NONE',  ( -1.000000000000000000, 0.000000000000000000, 0.000000000000000000 ) ) ;
#7018 = ORIENTED_EDGE ( 'NONE', *, *, #2119, .F. ) ;
#7019 = ADVANCED_FACE ( 'NONE', ( #12310 ), #4320, .F. ) ;
#7020 = FACE_OUTER_BOUND ( 'NONE', #1312, .T. ) ;
#7021 = LINE ( 'NONE', #3252, #1217 ) ;
#7022 = EDGE_CURVE ( 'NONE', #5744, #390, #11271, .T. ) ;
#7023 = DIRECTION ( 'NONE',  ( -2.523234146875347419E-15, 1.000000000000000000, 0.000000000000000000 ) ) ;
#7024 = VERTEX_POINT ( 'NONE', #997 ) ;
#7025 = CARTESIAN_POINT ( 'NONE',  ( 4.499999999999997335, 55.00000000000000000, 4.000000000000000000 ) ) ;
#7026 = ORIENTED_EDGE ( 'NONE', *, *, #11447, .F. ) ;
#7027 = CARTESIAN_POINT ( 'NONE',  ( 5.999999999999992895, 14.54701313970656962, 12.00000000000000000 ) ) ;
#7028 = LINE ( 'NONE', #939, #2150 ) ;
#7029 = DIRECTION ( 'NONE',  ( 1.000000000000000000, 0.000000000000000000, 0.000000000000000000 ) ) ;
#7030 = CARTESIAN_POINT ( 'NONE',  ( 46.23219482819434489, -25.00000000000000711, -1.813041577058319032 ) ) ;
#7031 = ORIENTED_EDGE ( 'NONE', *, *, #9415, .T. ) ;
#7032 = EDGE_CURVE ( 'NONE', #3674, #7051, #934, .T. ) ;
#7033 = CYLINDRICAL_SURFACE ( 'NONE', #2554, 1.699999999999998401 ) ;
#7034 = CARTESIAN_POINT ( 'NONE',  ( -40.50000000000000000, -49.49999999999999289, 12.50000000000000000 ) ) ;
#7035 = ORIENTED_EDGE ( 'NONE', *, *, #11003, .T. ) ;
#7036 = EDGE_CURVE ( 'NONE', #2376, #9411, #1730, .T. ) ;
#7037 = EDGE_CURVE ( 'NONE', #3820, #9328, #11047, .T. ) ;
#7038 = EDGE_CURVE ( 'NONE', #1345, #9364, #9393, .T. ) ;
#7039 = CARTESIAN_POINT ( 'NONE',  ( -43.50000000000002132, -55.00000000000000711, 24.99999999999999289 ) ) ;
#7040 = ORIENTED_EDGE ( 'NONE', *, *, #4079, .F. ) ;
#7041 =( LENGTH_UNIT ( ) NAMED_UNIT ( * ) SI_UNIT ( .MILLI., .METRE. ) );
#7042 = VERTEX_POINT ( 'NONE', #10786 ) ;
#7043 = DIRECTION ( 'NONE',  ( 0.5735764363510477137, -3.019998488784742856E-15, 0.8191520442889906883 ) ) ;
#7044 = CYLINDRICAL_SURFACE ( 'NONE', #3798, 1.500000000000000000 ) ;
#7045 = DIRECTION ( 'NONE',  ( -0.8191520442889907994, -0.000000000000000000, 0.5735764363510478248 ) ) ;
#7046 = DIRECTION ( 'NONE',  ( 0.000000000000000000, -1.000000000000000000, 0.000000000000000000 ) ) ;
#7047 = ADVANCED_FACE ( 'NONE', ( #6828 ), #1537, .F. ) ;
#7048 = ORIENTED_EDGE ( 'NONE', *, *, #2204, .T. ) ;
#7049 = VERTEX_POINT ( 'NONE', #7862 ) ;
#7050 = DIRECTION ( 'NONE',  ( -1.000000000000000000, 0.000000000000000000, 0.000000000000000000 ) ) ;
#7051 = VERTEX_POINT ( 'NONE', #8764 ) ;
#7052 = ORIENTED_EDGE ( 'NONE', *, *, #8523, .T. ) ;
#7053 = CARTESIAN_POINT ( 'NONE',  ( -45.00000000000002132, -42.50000000000000711, 4.000000000000000000 ) ) ;
#7054 = ORIENTED_EDGE ( 'NONE', *, *, #6080, .F. ) ;
#7055 = CARTESIAN_POINT ( 'NONE',  ( 32.24999999999998579, 62.50000000000001421, 25.00000000000000000 ) ) ;
#7057 = EDGE_CURVE ( 'NONE', #5562, #3440, #9805, .T. ) ;
#7056 = VERTEX_POINT ( 'NONE', #3474 ) ;
#7058 = ADVANCED_FACE ( 'NONE', ( #7799 ), #12436, .F. ) ;
#7059 = DIRECTION ( 'NONE',  ( 0.000000000000000000, 1.000000000000000000, 0.000000000000000000 ) ) ;
#7060 = DIRECTION ( 'NONE',  ( -0.000000000000000000, -0.000000000000000000, 1.000000000000000000 ) ) ;
#7061 = DIRECTION ( 'NONE',  ( 1.000000000000000000, 0.000000000000000000, 0.000000000000000000 ) ) ;
#7062 = LINE ( 'NONE', #198, #5425 ) ;
#7063 = AXIS2_PLACEMENT_3D ( 'NONE', #11343, #5421, #4270 ) ;
#7064 = ORIENTED_EDGE ( 'NONE', *, *, #5841, .T. ) ;
#7065 = CARTESIAN_POINT ( 'NONE',  ( -8.249573863534151046E-15, 53.50000000000000000, 4.000000000000000000 ) ) ;
#7066 = ORIENTED_EDGE ( 'NONE', *, *, #5519, .T. ) ;
#7067 = CARTESIAN_POINT ( 'NONE',  ( 21.49999999999995381, 53.50000000000000000, 4.000000000000000000 ) ) ;
#7068 = DIRECTION ( 'NONE',  ( 0.000000000000000000, 0.000000000000000000, -1.000000000000000000 ) ) ;
#7069 = ORIENTED_EDGE ( 'NONE', *, *, #5428, .T. ) ;
#7070 = CIRCLE ( 'NONE', #8102, 4.150000000000007461 ) ;
#7071 = DIRECTION ( 'NONE',  ( -0.000000000000000000, -0.000000000000000000, 1.000000000000000000 ) ) ;
#7072 = FACE_OUTER_BOUND ( 'NONE', #8796, .T. ) ;
#7073 = CYLINDRICAL_SURFACE ( 'NONE', #8003, 2.999999999999993783 ) ;
#7074 = FACE_OUTER_BOUND ( 'NONE', #4945, .T. ) ;
#7075 = AXIS2_PLACEMENT_3D ( 'NONE', #8566, #6561, #4353 ) ;
#7076 = DIRECTION ( 'NONE',  ( 0.000000000000000000, 0.000000000000000000, 1.000000000000000000 ) ) ;
#7077 = ORIENTED_EDGE ( 'NONE', *, *, #5428, .F. ) ;
#7078 = LINE ( 'NONE', #2274, #8800 ) ;
#7079 = CARTESIAN_POINT ( 'NONE',  ( -81.47479656658967428, 24.99999999999999289, 55.13575241859757625 ) ) ;
#7080 = ADVANCED_FACE ( 'NONE', ( #564 ), #12804, .F. ) ;
#7081 = DIRECTION ( 'NONE',  ( 1.000000000000000000, 3.154042683594195614E-16, 0.000000000000000000 ) ) ;
#7082 = AXIS2_PLACEMENT_3D ( 'NONE', #11677, #903, #11609 ) ;
#7083 = ORIENTED_EDGE ( 'NONE', *, *, #10133, .F. ) ;
#7084 = DIRECTION ( 'NONE',  ( 0.5735764363510474917, 0.000000000000000000, 0.8191520442889906883 ) ) ;
#7085 = ORIENTED_EDGE ( 'NONE', *, *, #11628, .F. ) ;
#7086 = CARTESIAN_POINT ( 'NONE',  ( -34.99999999999999289, -62.50000000000001421, 13.00000000000000178 ) ) ;
#7087 = ADVANCED_FACE ( 'NONE', ( #5851 ), #5486, .T. ) ;
#7088 = DIRECTION ( 'NONE',  ( 0.1736481776669417110, 0.000000000000000000, -0.9848077530122060219 ) ) ;
#7089 = CARTESIAN_POINT ( 'NONE',  ( -23.49999999999997868, 24.99999999999999289, 12.50000000000000000 ) ) ;
#7090 = ORIENTED_EDGE ( 'NONE', *, *, #9849, .T. ) ;
#7091 = VECTOR ( 'NONE', #8493, 999.9999999999998863 ) ;
#7092 = VECTOR ( 'NONE', #11596, 1000.000000000000000 ) ;
#7093 = CARTESIAN_POINT ( 'NONE',  ( 26.24999999999998934, 57.09999999999998721, 0.000000000000000000 ) ) ;
#7094 = AXIS2_PLACEMENT_3D ( 'NONE', #1168, #4980, #2122 ) ;
#7095 = LINE ( 'NONE', #11051, #10251 ) ;
#7096 = ORIENTED_EDGE ( 'NONE', *, *, #10120, .F. ) ;
#7097 = CARTESIAN_POINT ( 'NONE',  ( 7.499999999999992895, 22.50000000000000355, 12.50000000000000000 ) ) ;
#7098 = VERTEX_POINT ( 'NONE', #6454 ) ;
#7099 = AXIS2_PLACEMENT_3D ( 'NONE', #6104, #8943, #4930 ) ;
#7100 = ORIENTED_EDGE ( 'NONE', *, *, #9962, .F. ) ;
#7101 = CIRCLE ( 'NONE', #12286, 1.499999999999999556 ) ;
#7102 = AXIS2_PLACEMENT_3D ( 'NONE', #80, #6943, #10775 ) ;
#7103 = DIRECTION ( 'NONE',  ( -0.000000000000000000, -0.000000000000000000, 1.000000000000000000 ) ) ;
#7104 = CARTESIAN_POINT ( 'NONE',  ( 43.49999999999997868, 0.000000000000000000, 4.000000000000000000 ) ) ;
#7105 = FACE_OUTER_BOUND ( 'NONE', #1079, .T. ) ;
#7106 = CARTESIAN_POINT ( 'NONE',  ( 45.65861839184334769, -14.49999999999999822, -2.632193621347353574 ) ) ;
#7107 = EDGE_CURVE ( 'NONE', #10457, #2442, #5720, .T. ) ;
#7108 = EDGE_LOOP ( 'NONE', ( #224, #480, #9703, #5786 ) ) ;
#7109 = EDGE_LOOP ( 'NONE', ( #910, #10621, #2108, #2178 ) ) ;
#7110 = EDGE_CURVE ( 'NONE', #12358, #9559, #4618, .T. ) ;
#7111 = CARTESIAN_POINT ( 'NONE',  ( -52.29146152509287049, 19.00000000000000000, 60.45970505530861061 ) ) ;
#7112 = CIRCLE ( 'NONE', #11043, 2.000000000000001776 ) ;
#7113 = VECTOR ( 'NONE', #10227, 999.9999999999998863 ) ;
#7114 = EDGE_LOOP ( 'NONE', ( #11334, #6366, #8850, #4082 ) ) ;
#7115 = ORIENTED_EDGE ( 'NONE', *, *, #7844, .F. ) ;
#7116 = DIRECTION ( 'NONE',  ( 0.5735764363510473807, 0.000000000000000000, 0.8191520442889909104 ) ) ;
#7117 = ORIENTED_EDGE ( 'NONE', *, *, #4562, .F. ) ;
#7118 = CARTESIAN_POINT ( 'NONE',  ( 3.239310697017944829, 54.99999999999999289, 12.01475035840393879 ) ) ;
#7119 = ORIENTED_EDGE ( 'NONE', *, *, #10522, .F. ) ;
#7120 = DIRECTION ( 'NONE',  ( -0.000000000000000000, -0.000000000000000000, -1.000000000000000000 ) ) ;
#7121 = LINE ( 'NONE', #5164, #5237 ) ;
#7122 = EDGE_CURVE ( 'NONE', #9912, #5668, #4943, .T. ) ;
#7123 = VECTOR ( 'NONE', #10552, 1000.000000000000000 ) ;
#7124 = CIRCLE ( 'NONE', #12304, 0.9999999999999942268 ) ;
#7126 = AXIS2_PLACEMENT_3D ( 'NONE', #11112, #2218, #6181 ) ;
#7125 = DIRECTION ( 'NONE',  ( -0.000000000000000000, -0.000000000000000000, 1.000000000000000000 ) ) ;
#7127 = ADVANCED_FACE ( 'NONE', ( #1962 ), #9680, .F. ) ;
#7128 = EDGE_CURVE ( 'NONE', #1546, #11817, #11266, .T. ) ;
#7129 = PLANE ( 'NONE',  #8537 ) ;
#7130 = DIRECTION ( 'NONE',  ( -0.000000000000000000, 0.000000000000000000, -1.000000000000000000 ) ) ;
#7131 = CARTESIAN_POINT ( 'NONE',  ( 8.999999999999992895, 30.86660026534075740, 12.50000000000000000 ) ) ;
#7132 = VERTEX_POINT ( 'NONE', #9744 ) ;
#7133 = AXIS2_PLACEMENT_3D ( 'NONE', #11421, #11492, #9530 ) ;
#7134 = CARTESIAN_POINT ( 'NONE',  ( -50.43953188467452975, -21.50000000000000000, 63.80191339814725637 ) ) ;
#7135 = CIRCLE ( 'NONE', #2988, 1.700000000000004174 ) ;
#7136 = EDGE_CURVE ( 'NONE', #9297, #1302, #8467, .T. ) ;
#7137 = AXIS2_PLACEMENT_3D ( 'NONE', #7034, #7809, #7937 ) ;
#7138 = CARTESIAN_POINT ( 'NONE',  ( 8.999999999999989342, 21.49999999999999289, 12.50000000000000000 ) ) ;
#7139 = ORIENTED_EDGE ( 'NONE', *, *, #11657, .F. ) ;
#7140 = DIRECTION ( 'NONE',  ( -0.7071067811865474617, 0.000000000000000000, 0.7071067811865474617 ) ) ;
#7141 = DIRECTION ( 'NONE',  ( -0.5735764363510477137, 0.000000000000000000, -0.8191520442889906883 ) ) ;
#7142 = CARTESIAN_POINT ( 'NONE',  ( -26.24999999999998934, 57.49999999999999289, 25.00000000000000000 ) ) ;
#7143 = AXIS2_PLACEMENT_3D ( 'NONE', #641, #6544, #1490 ) ;
#7144 = AXIS2_PLACEMENT_3D ( 'NONE', #8063, #10373, #12263 ) ;
#7145 = DIRECTION ( 'NONE',  ( -0.8191520442889829168, 0.000000000000000000, 0.5735764363510588160 ) ) ;
#7146 = CIRCLE ( 'NONE', #107, 1.500000000000000000 ) ;
#7147 = CARTESIAN_POINT ( 'NONE',  ( -67.41739440066554323, 21.49999999999998934, 39.55501288719311503 ) ) ;
#7148 = ORIENTED_EDGE ( 'NONE', *, *, #817, .T. ) ;
#7149 = DIRECTION ( 'NONE',  ( 1.000000000000000000, 0.000000000000000000, 0.000000000000000000 ) ) ;
#7150 = DIRECTION ( 'NONE',  ( 1.000000000000000000, 0.000000000000000000, 0.000000000000000000 ) ) ;
#7151 = VERTEX_POINT ( 'NONE', #11633 ) ;
#7152 = VECTOR ( 'NONE', #5415, 1000.000000000000114 ) ;
#7153 = VECTOR ( 'NONE', #10492, 1000.000000000000000 ) ;
#7154 = DIRECTION ( 'NONE',  ( 0.5735764363510477137, 0.000000000000000000, 0.8191520442889907994 ) ) ;
#7155 = VECTOR ( 'NONE', #3115, 1000.000000000000114 ) ;
#7156 = ORIENTED_EDGE ( 'NONE', *, *, #3952, .F. ) ;
#7157 = DIRECTION ( 'NONE',  ( 1.000000000000000000, 0.000000000000000000, 0.000000000000000000 ) ) ;
#7158 = EDGE_CURVE ( 'NONE', #1602, #4725, #5655, .T. ) ;
#7159 = ORIENTED_EDGE ( 'NONE', *, *, #5199, .F. ) ;
#7160 = CYLINDRICAL_SURFACE ( 'NONE', #11940, 1.000000000000000000 ) ;
#7161 = CARTESIAN_POINT ( 'NONE',  ( 34.99999999999999289, -62.50000000000001421, 25.00000000000000000 ) ) ;
#7162 = DIRECTION ( 'NONE',  ( 0.000000000000000000, 0.000000000000000000, 1.000000000000000000 ) ) ;
#7163 = VERTEX_POINT ( 'NONE', #6119 ) ;
#7164 = AXIS2_PLACEMENT_3D ( 'NONE', #10342, #12421, #4496 ) ;
#7165 = CARTESIAN_POINT ( 'NONE',  ( -68.13192738797783932, -30.00000000000000000, 33.13192738797808801 ) ) ;
#7166 = DIRECTION ( 'NONE',  ( -1.000000000000000000, 0.000000000000000000, 0.000000000000000000 ) ) ;
#7167 = EDGE_LOOP ( 'NONE', ( #12216, #1128, #783 ) ) ;
#7168 = CARTESIAN_POINT ( 'NONE',  ( -37.74999999999999289, -62.50000000000001421, 25.00000000000000000 ) ) ;
#7169 = ORIENTED_EDGE ( 'NONE', *, *, #10772, .F. ) ;
#7170 = CARTESIAN_POINT ( 'NONE',  ( -24.99999999999998224, 24.99999999999999289, 12.50000000000000000 ) ) ;
#7171 = ORIENTED_EDGE ( 'NONE', *, *, #7110, .F. ) ;
#7172 = DIRECTION ( 'NONE',  ( -0.5735764363510612585, 0.000000000000000000, -0.8191520442889812514 ) ) ;
#7173 = DIRECTION ( 'NONE',  ( 2.400868672960521361E-16, 1.000000000000000000, -0.000000000000000000 ) ) ;
#7174 = CARTESIAN_POINT ( 'NONE',  ( 30.39999999999999503, -61.25000000000001421, 0.000000000000000000 ) ) ;
#7175 = DIRECTION ( 'NONE',  ( -1.301042606982605321E-16, 1.000000000000000000, 0.000000000000000000 ) ) ;
#7176 = ORIENTED_EDGE ( 'NONE', *, *, #5265, .T. ) ;
#7177 = EDGE_CURVE ( 'NONE', #1220, #5562, #4222, .T. ) ;
#7178 = ORIENTED_EDGE ( 'NONE', *, *, #8888, .F. ) ;
#7179 = CARTESIAN_POINT ( 'NONE',  ( -47.49999999999999289, -57.50000000000000711, 25.00000000000000000 ) ) ;
#7180 = AXIS2_PLACEMENT_3D ( 'NONE', #10838, #10579, #2719 ) ;
#7181 = VERTEX_POINT ( 'NONE', #1057 ) ;
#7182 = ADVANCED_FACE ( 'NONE', ( #10976 ), #3963, .F. ) ;
#7183 = ORIENTED_EDGE ( 'NONE', *, *, #7723, .T. ) ;
#7184 = DIRECTION ( 'NONE',  ( 1.000000000000000000, 1.541976423090495387E-16, 0.000000000000000000 ) ) ;
#7185 = ORIENTED_EDGE ( 'NONE', *, *, #2600, .T. ) ;
#7186 = CARTESIAN_POINT ( 'NONE',  ( 44.99999999999997868, -54.99999999999999289, 25.00000000000000000 ) ) ;
#7187 = ADVANCED_FACE ( 'NONE', ( #12026 ), #3120, .F. ) ;
#7188 = ORIENTED_EDGE ( 'NONE', *, *, #5120, .F. ) ;
#7189 = CARTESIAN_POINT ( 'NONE',  ( 21.49999999999999289, 8.500000000000000000, 12.50000000000000000 ) ) ;
#7190 = CARTESIAN_POINT ( 'NONE',  ( -40.50000000000002132, 49.49999999999997868, 7.000000000000000888 ) ) ;
#7191 = DIRECTION ( 'NONE',  ( 0.000000000000000000, 0.000000000000000000, -1.000000000000000000 ) ) ;
#7192 = FACE_OUTER_BOUND ( 'NONE', #1088, .T. ) ;
#7193 = CARTESIAN_POINT ( 'NONE',  ( -33.99999999999999289, -49.50000000000000000, 12.50000000000000000 ) ) ;
#7194 = EDGE_CURVE ( 'NONE', #1070, #8653, #10188, .T. ) ;
#7195 = VECTOR ( 'NONE', #12554, 1000.000000000000000 ) ;
#7196 = CARTESIAN_POINT ( 'NONE',  ( -7.999999999999974243, 21.00000000000000000, 12.50000000000000000 ) ) ;
#7197 = ORIENTED_EDGE ( 'NONE', *, *, #4729, .F. ) ;
#7198 = DIRECTION ( 'NONE',  ( -0.8191520442889907994, -1.136801825298004503E-16, 0.5735764363510477137 ) ) ;
#7199 = CARTESIAN_POINT ( 'NONE',  ( -50.49688952830963729, -21.50000000000000000, 63.71999819371834661 ) ) ;
#7200 = EDGE_CURVE ( 'NONE', #4141, #4322, #5637, .T. ) ;
#7201 = VERTEX_POINT ( 'NONE', #7925 ) ;
#7202 = ADVANCED_FACE ( 'NONE', ( #8959 ), #1530, .T. ) ;
#7203 = DIRECTION ( 'NONE',  ( -0.000000000000000000, 0.000000000000000000, -1.000000000000000000 ) ) ;
#7204 = CARTESIAN_POINT ( 'NONE',  ( -51.47196947010641566, -21.50000000000000000, 62.32743971842706543 ) ) ;
#7205 = AXIS2_PLACEMENT_3D ( 'NONE', #10948, #6078, #967 ) ;
#7206 = CONICAL_SURFACE ( 'NONE', #12395, 1.700000000000000178, 1.029744258676653645 ) ;
#7207 = VERTEX_POINT ( 'NONE', #4099 ) ;
#7208 = CARTESIAN_POINT ( 'NONE',  ( -8.000000000000001776, 53.50000000000000000, 12.00000000000000000 ) ) ;
#7209 = ADVANCED_FACE ( 'NONE', ( #10134 ), #4596, .F. ) ;
#7210 = CARTESIAN_POINT ( 'NONE',  ( 43.75000000000001421, 53.74999999999999289, 0.4000000000000114575 ) ) ;
#7211 = ORIENTED_EDGE ( 'NONE', *, *, #2831, .T. ) ;
#7212 = AXIS2_PLACEMENT_3D ( 'NONE', #12818, #7876, #3854 ) ;
#7213 = CARTESIAN_POINT ( 'NONE',  ( -34.99999999999999289, 62.50000000000001421, 13.00000000000000178 ) ) ;
#7215 = CIRCLE ( 'NONE', #6382, 1.500000000000001332 ) ;
#7214 = CARTESIAN_POINT ( 'NONE',  ( 0.000000000000000000, 0.000000000000000000, 2.500000000000000000 ) ) ;
#7216 = ORIENTED_EDGE ( 'NONE', *, *, #6628, .T. ) ;
#7217 = DIRECTION ( 'NONE',  ( 1.000000000000000000, 0.000000000000000000, 0.000000000000000000 ) ) ;
#7218 = ORIENTED_EDGE ( 'NONE', *, *, #1233, .F. ) ;
#7219 = DIRECTION ( 'NONE',  ( 0.8191520442889906883, -0.000000000000000000, -0.5735764363510477137 ) ) ;
#7220 = ORIENTED_EDGE ( 'NONE', *, *, #1482, .F. ) ;
#7221 = EDGE_CURVE ( 'NONE', #4859, #1428, #9196, .T. ) ;
#7222 = EDGE_CURVE ( 'NONE', #9482, #4052, #1190, .T. ) ;
#7223 = CARTESIAN_POINT ( 'NONE',  ( -8.249573863534151046E-15, 53.50000000000000000, 4.000000000000000000 ) ) ;
#7224 = VECTOR ( 'NONE', #11959, 1000.000000000000000 ) ;
#7225 = DIRECTION ( 'NONE',  ( 0.000000000000000000, -1.000000000000000000, 0.000000000000000000 ) ) ;
#7226 = AXIS2_PLACEMENT_3D ( 'NONE', #3300, #2514, #4524 ) ;
#7227 = FACE_OUTER_BOUND ( 'NONE', #9342, .T. ) ;
#7228 = EDGE_LOOP ( 'NONE', ( #6868, #12431, #3071, #4460 ) ) ;
#7229 = CARTESIAN_POINT ( 'NONE',  ( 10.49999999999999289, 12.49999999999999289, 12.50000000000000000 ) ) ;
#7230 = CARTESIAN_POINT ( 'NONE',  ( -10.99999999999997513, 24.00000000000000000, 12.00000000000000000 ) ) ;
#7231 = ORIENTED_EDGE ( 'NONE', *, *, #4892, .F. ) ;
#7232 = CIRCLE ( 'NONE', #10753, 7.000000000000000000 ) ;
#7233 = CYLINDRICAL_SURFACE ( 'NONE', #9075, 1.499999999999999556 ) ;
#7234 = EDGE_LOOP ( 'NONE', ( #574, #9768, #8869, #5737 ) ) ;
#7235 = FACE_OUTER_BOUND ( 'NONE', #9014, .T. ) ;
#7236 = ORIENTED_EDGE ( 'NONE', *, *, #10596, .F. ) ;
#7237 = DIRECTION ( 'NONE',  ( -0.1736481776669787924, 0.000000000000000000, 0.9848077530121995826 ) ) ;
#7238 = DIRECTION ( 'NONE',  ( 0.000000000000000000, 0.000000000000000000, -1.000000000000000000 ) ) ;
#7239 = CARTESIAN_POINT ( 'NONE',  ( 39.59999999999998010, -62.50000000000001421, 0.000000000000000000 ) ) ;
#7240 = DIRECTION ( 'NONE',  ( 1.000000000000000000, 0.000000000000000000, 0.000000000000000000 ) ) ;
#7241 = ORIENTED_EDGE ( 'NONE', *, *, #2256, .F. ) ;
#7242 = ORIENTED_EDGE ( 'NONE', *, *, #7357, .F. ) ;
#7243 = DIRECTION ( 'NONE',  ( -0.000000000000000000, -0.000000000000000000, 1.000000000000000000 ) ) ;
#7244 = ORIENTED_EDGE ( 'NONE', *, *, #10826, .T. ) ;
#7245 = ORIENTED_EDGE ( 'NONE', *, *, #10851, .F. ) ;
#7246 = LINE ( 'NONE', #11200, #7814 ) ;
#7247 = ORIENTED_EDGE ( 'NONE', *, *, #7969, .F. ) ;
#7248 = EDGE_CURVE ( 'NONE', #220, #6893, #5985, .T. ) ;
#7249 = DIRECTION ( 'NONE',  ( -0.7071067811865475727, 0.000000000000000000, -0.7071067811865475727 ) ) ;
#7250 = ORIENTED_EDGE ( 'NONE', *, *, #7057, .F. ) ;
#7251 = CARTESIAN_POINT ( 'NONE',  ( 43.49999999999999289, -45.49999999999999289, -7.896078054371140631 ) ) ;
#7252 = DIRECTION ( 'NONE',  ( -0.000000000000000000, -0.000000000000000000, 1.000000000000000000 ) ) ;
#7253 = DIRECTION ( 'NONE',  ( 0.5735764363510494901, 0.000000000000000000, 0.8191520442889894671 ) ) ;
#7254 = ADVANCED_FACE ( 'NONE', ( #7999 ), #5215, .F. ) ;
#7255 = DIRECTION ( 'NONE',  ( 1.584603175171121998E-16, -1.000000000000000000, 0.000000000000000000 ) ) ;
#7256 = DIRECTION ( 'NONE',  ( 0.8191520442889911324, 0.000000000000000000, -0.5735764363510471586 ) ) ;
#7257 = FACE_OUTER_BOUND ( 'NONE', #11048, .T. ) ;
#7258 = VERTEX_POINT ( 'NONE', #2147 ) ;
#7259 = DIRECTION ( 'NONE',  ( -0.000000000000000000, -0.000000000000000000, -1.000000000000000000 ) ) ;
#7260 = ORIENTED_EDGE ( 'NONE', *, *, #11331, .F. ) ;
#7261 = CARTESIAN_POINT ( 'NONE',  ( -34.99999999999999289, 62.50000000000001421, 25.00000000000000000 ) ) ;
#7262 = LINE ( 'NONE', #5509, #10866 ) ;
#7263 = EDGE_CURVE ( 'NONE', #11592, #12036, #11040, .T. ) ;
#7264 = ORIENTED_EDGE ( 'NONE', *, *, #8767, .T. ) ;
#7265 = CARTESIAN_POINT ( 'NONE',  ( -36.69999999999998863, -62.50000000000001421, 19.00000000000000355 ) ) ;
#7266 = EDGE_CURVE ( 'NONE', #8118, #8696, #218, .T. ) ;
#7267 = EDGE_CURVE ( 'NONE', #5259, #2432, #12682, .T. ) ;
#7268 = EDGE_CURVE ( 'NONE', #1629, #4375, #6462, .T. ) ;
#7269 = DIRECTION ( 'NONE',  ( 0.000000000000000000, 0.000000000000000000, 1.000000000000000000 ) ) ;
#7270 = VERTEX_POINT ( 'NONE', #276 ) ;
#7271 = DIRECTION ( 'NONE',  ( -1.000000000000000000, 0.000000000000000000, 0.000000000000000000 ) ) ;
#7272 = VECTOR ( 'NONE', #5809, 1000.000000000000114 ) ;
#7273 = CYLINDRICAL_SURFACE ( 'NONE', #2866, 3.750000000000000000 ) ;
#7274 = ORIENTED_EDGE ( 'NONE', *, *, #8269, .F. ) ;
#7275 = ORIENTED_EDGE ( 'NONE', *, *, #11938, .F. ) ;
#7276 = EDGE_CURVE ( 'NONE', #8167, #220, #12159, .T. ) ;
#7277 = DIRECTION ( 'NONE',  ( -0.7071067811865376918, 8.659560562354813296E-17, 0.7071067811865574537 ) ) ;
#7278 = ORIENTED_EDGE ( 'NONE', *, *, #5684, .T. ) ;
#7279 = DIRECTION ( 'NONE',  ( 0.000000000000000000, 1.000000000000000000, 0.000000000000000000 ) ) ;
#7280 = CARTESIAN_POINT ( 'NONE',  ( 21.49999999999999289, 12.49999999999999467, 4.000000000000000000 ) ) ;
#7281 = SPHERICAL_SURFACE ( 'NONE', #11973, 1.500000000000000000 ) ;
#7282 = ORIENTED_EDGE ( 'NONE', *, *, #3684, .T. ) ;
#7283 = EDGE_CURVE ( 'NONE', #4322, #4441, #3500, .T. ) ;
#7284 = DIRECTION ( 'NONE',  ( 1.000000000000000000, 0.000000000000000000, 0.000000000000000000 ) ) ;
#7285 = FACE_OUTER_BOUND ( 'NONE', #8122, .T. ) ;
#7286 = ORIENTED_EDGE ( 'NONE', *, *, #8225, .T. ) ;
#7287 = AXIS2_PLACEMENT_3D ( 'NONE', #10386, #9480, #5583 ) ;
#7288 = EDGE_CURVE ( 'NONE', #7787, #632, #12463, .T. ) ;
#7289 = DIRECTION ( 'NONE',  ( -0.000000000000000000, -0.000000000000000000, 1.000000000000000000 ) ) ;
#7290 = ORIENTED_EDGE ( 'NONE', *, *, #2041, .F. ) ;
#7291 = CARTESIAN_POINT ( 'NONE',  ( -45.00000000000002842, 24.99999999999999289, -28.84505903859501430 ) ) ;
#7292 = ORIENTED_EDGE ( 'NONE', *, *, #1019, .T. ) ;
#7293 = DIRECTION ( 'NONE',  ( -1.000000000000000000, 0.000000000000000000, 0.000000000000000000 ) ) ;
#7294 = CARTESIAN_POINT ( 'NONE',  ( 43.49999999999997868, 10.50000000000003020, 12.50000000000000000 ) ) ;
#7295 = CARTESIAN_POINT ( 'NONE',  ( 31.99999999999998579, -53.49999999999999289, 4.000000000000000000 ) ) ;
#7296 = VECTOR ( 'NONE', #2760, 1000.000000000000000 ) ;
#7297 = DIRECTION ( 'NONE',  ( 1.000000000000000000, 1.541976423090495387E-16, -0.000000000000000000 ) ) ;
#7298 = CIRCLE ( 'NONE', #12474, 1.500000000000001332 ) ;
#7299 = ORIENTED_EDGE ( 'NONE', *, *, #11719, .T. ) ;
#7300 = ORIENTED_EDGE ( 'NONE', *, *, #5993, .F. ) ;
#7301 = LINE ( 'NONE', #9178, #3819 ) ;
#7302 = ORIENTED_EDGE ( 'NONE', *, *, #5939, .T. ) ;
#7303 = VERTEX_POINT ( 'NONE', #1631 ) ;
#7304 = CARTESIAN_POINT ( 'NONE',  ( 34.99999999999999289, -62.50000000000001421, 0.4000000000000114575 ) ) ;
#7305 = VECTOR ( 'NONE', #6306, 1000.000000000000000 ) ;
#7306 = ORIENTED_EDGE ( 'NONE', *, *, #1998, .F. ) ;
#7307 = DIRECTION ( 'NONE',  ( -1.000000000000000000, 0.000000000000000000, 0.000000000000000000 ) ) ;
#7308 = ORIENTED_EDGE ( 'NONE', *, *, #11560, .T. ) ;
#7309 = FACE_OUTER_BOUND ( 'NONE', #1157, .T. ) ;
#7310 = DIRECTION ( 'NONE',  ( -1.000000000000000000, 0.000000000000000000, 0.000000000000000000 ) ) ;
#7311 = ADVANCED_FACE ( 'NONE', ( #2474 ), #12406, .F. ) ;
#7312 = DIRECTION ( 'NONE',  ( -0.5735764363510439390, 0.000000000000000000, -0.8191520442889933529 ) ) ;
#7313 = CARTESIAN_POINT ( 'NONE',  ( -66.30304161080475467, 21.49999999999998934, 40.97212892327818423 ) ) ;
#7314 = AXIS2_PLACEMENT_3D ( 'NONE', #6954, #11890, #10653 ) ;
#7315 = VECTOR ( 'NONE', #3948, 999.9999999999998863 ) ;
#7316 = DIRECTION ( 'NONE',  ( -1.000000000000000000, 0.000000000000000000, 0.000000000000000000 ) ) ;
#7317 = EDGE_CURVE ( 'NONE', #11501, #12306, #6427, .T. ) ;
#7318 = CARTESIAN_POINT ( 'NONE',  ( -32.00000000000002132, 53.49999999999999289, -142.1267040355189977 ) ) ;
#7319 = ORIENTED_EDGE ( 'NONE', *, *, #1760, .T. ) ;
#7320 = LINE ( 'NONE', #9456, #5351 ) ;
#7321 = EDGE_LOOP ( 'NONE', ( #4993, #3803, #3560, #1408 ) ) ;
#7322 = EDGE_CURVE ( 'NONE', #10008, #8716, #597, .T. ) ;
#7323 = CIRCLE ( 'NONE', #1728, 1.000000000000000000 ) ;
#7324 = CONICAL_SURFACE ( 'NONE', #6498, 1.999999999999988010, 0.7853981633974356225 ) ;
#7325 = VECTOR ( 'NONE', #58, 1000.000000000000000 ) ;
#7326 = DIRECTION ( 'NONE',  ( -1.574362902196996877E-16, -1.000000000000000000, -2.248423240661365963E-16 ) ) ;
#7327 = LINE ( 'NONE', #6475, #11252 ) ;
#7328 = LINE ( 'NONE', #11355, #7963 ) ;
#7329 = LINE ( 'NONE', #3433, #5836 ) ;
#7330 = AXIS2_PLACEMENT_3D ( 'NONE', #5766, #6742, #9726 ) ;
#7331 = AXIS2_PLACEMENT_3D ( 'NONE', #7752, #3792, #2825 ) ;
#7332 = CARTESIAN_POINT ( 'NONE',  ( -27.99999999999997513, -53.50000000000000711, 12.50000000000001066 ) ) ;
#7333 = ORIENTED_EDGE ( 'NONE', *, *, #10919, .T. ) ;
#7334 = DIRECTION ( 'NONE',  ( -1.000000000000000000, 0.000000000000000000, 0.000000000000000000 ) ) ;
#7335 = CARTESIAN_POINT ( 'NONE',  ( -33.29999999999999005, 62.50000000000001421, 13.00000000000000178 ) ) ;
#7336 = ORIENTED_EDGE ( 'NONE', *, *, #3749, .F. ) ;
#7337 = EDGE_CURVE ( 'NONE', #10993, #6570, #3377, .T. ) ;
#7338 = VERTEX_POINT ( 'NONE', #12221 ) ;
#7339 = CARTESIAN_POINT ( 'NONE',  ( -37.74999999999999289, 62.50000000000001421, 25.00000000000000000 ) ) ;
#7340 = AXIS2_PLACEMENT_3D ( 'NONE', #9776, #7894, #4072 ) ;
#7341 = AXIS2_PLACEMENT_3D ( 'NONE', #7733, #8772, #10789 ) ;
#7342 = EDGE_CURVE ( 'NONE', #12489, #4062, #3317, .T. ) ;
#7343 = ORIENTED_EDGE ( 'NONE', *, *, #10562, .T. ) ;
#7344 = VECTOR ( 'NONE', #4297, 1000.000000000000000 ) ;
#7345 = VECTOR ( 'NONE', #11135, 1000.000000000000000 ) ;
#7346 = CARTESIAN_POINT ( 'NONE',  ( -34.99999999999999289, 62.50000000000001421, 0.000000000000000000 ) ) ;
#7347 = DIRECTION ( 'NONE',  ( 1.000000000000000000, 0.000000000000000000, 0.000000000000000000 ) ) ;
#7348 = DIRECTION ( 'NONE',  ( 0.000000000000000000, 0.000000000000000000, -1.000000000000000000 ) ) ;
#7349 = ORIENTED_EDGE ( 'NONE', *, *, #10368, .F. ) ;
#7350 = PLANE ( 'NONE',  #2333 ) ;
#7351 = AXIS2_PLACEMENT_3D ( 'NONE', #6981, #7879, #10682 ) ;
#7352 = DIRECTION ( 'NONE',  ( 0.5735764363510448272, 0.000000000000000000, 0.8191520442889926867 ) ) ;
#7353 = TOROIDAL_SURFACE ( 'NONE', #1757, 8.499999999999991118, 1.500000000000000000 ) ;
#7354 = AXIS2_PLACEMENT_3D ( 'NONE', #5844, #9800, #925 ) ;
#7355 = EDGE_CURVE ( 'NONE', #2374, #11669, #2533, .T. ) ;
#7356 = EDGE_LOOP ( 'NONE', ( #855, #12449, #12787, #5870 ) ) ;
#7357 = EDGE_CURVE ( 'NONE', #11407, #9775, #9498, .T. ) ;
#7358 = CARTESIAN_POINT ( 'NONE',  ( -10.99999999999998934, 55.00000000000000000, 4.000000000000000000 ) ) ;
#7359 = EDGE_CURVE ( 'NONE', #9074, #845, #5451, .T. ) ;
#7360 = EDGE_LOOP ( 'NONE', ( #12376, #2553, #10689, #173 ) ) ;
#7361 = ADVANCED_FACE ( 'NONE', ( #3561 ), #466, .F. ) ;
#7362 = CARTESIAN_POINT ( 'NONE',  ( -45.00000000000003553, 42.32287565553225761, 12.50000000000000000 ) ) ;
#7363 = VERTEX_POINT ( 'NONE', #10261 ) ;
#7364 = CARTESIAN_POINT ( 'NONE',  ( -11.00000000000000000, 53.50000000000000000, 12.00000000000000000 ) ) ;
#7365 = CARTESIAN_POINT ( 'NONE',  ( 2.999999999999997780, 55.00000000000000000, 2.500000000000000000 ) ) ;
#7366 = VECTOR ( 'NONE', #10858, 1000.000000000000000 ) ;
#7367 = AXIS2_PLACEMENT_3D ( 'NONE', #9450, #10234, #11403 ) ;
#7368 = DIRECTION ( 'NONE',  ( -0.5735764363510477137, 0.000000000000000000, -0.8191520442889906883 ) ) ;
#7369 = CARTESIAN_POINT ( 'NONE',  ( 6.000000000000001776, 10.99999999999999467, 4.000000000000000000 ) ) ;
#7370 = ORIENTED_EDGE ( 'NONE', *, *, #5692, .F. ) ;
#7371 = DIRECTION ( 'NONE',  ( 2.813065096178606086E-16, 1.000000000000000000, 0.000000000000000000 ) ) ;
#7372 = ORIENTED_EDGE ( 'NONE', *, *, #2916, .F. ) ;
#7373 = EDGE_LOOP ( 'NONE', ( #12777, #10000 ) ) ;
#7374 = AXIS2_PLACEMENT_3D ( 'NONE', #3319, #10327, #5387 ) ;
#7375 = FACE_OUTER_BOUND ( 'NONE', #248, .T. ) ;
#7376 = ORIENTED_EDGE ( 'NONE', *, *, #1094, .F. ) ;
#7377 = CARTESIAN_POINT ( 'NONE',  ( 7.499999999999994671, 30.86660026534075740, 4.000000000000000000 ) ) ;
#7378 = EDGE_LOOP ( 'NONE', ( #6524, #10755, #11935, #529 ) ) ;
#7379 = FACE_OUTER_BOUND ( 'NONE', #7965, .T. ) ;
#7380 = CARTESIAN_POINT ( 'NONE',  ( -38.75000000000000000, -49.49999999999999289, 7.000000000000000888 ) ) ;
#7381 = CARTESIAN_POINT ( 'NONE',  ( -7.999999999999984901, 24.00000000000000000, 12.50000000000000000 ) ) ;
#7382 = DIRECTION ( 'NONE',  ( 1.000000000000000000, 0.000000000000000000, 0.000000000000000000 ) ) ;
#7383 = EDGE_CURVE ( 'NONE', #3962, #7098, #2608, .T. ) ;
#7384 = CIRCLE ( 'NONE', #7180, 2.999999999999999112 ) ;
#7385 = CARTESIAN_POINT ( 'NONE',  ( 1.500000000000000000, -3.000000000000009326, 12.50000000000000000 ) ) ;
#7386 = CARTESIAN_POINT ( 'NONE',  ( 43.75000000000001421, -53.75000000000000711, 0.4000000000000114575 ) ) ;
#7387 = CARTESIAN_POINT ( 'NONE',  ( -47.08908101978841643, -14.49999999999999822, 62.31044465828576051 ) ) ;
#7388 = ORIENTED_EDGE ( 'NONE', *, *, #2062, .T. ) ;
#7389 = CARTESIAN_POINT ( 'NONE',  ( -32.00000000000002842, 53.49999999999999289, 4.000000000000000000 ) ) ;
#7390 = ORIENTED_EDGE ( 'NONE', *, *, #3508, .F. ) ;
#7391 = CARTESIAN_POINT ( 'NONE',  ( -51.47196947010641566, 21.50000000000000000, 62.32743971842705122 ) ) ;
#7392 = FACE_OUTER_BOUND ( 'NONE', #6227, .T. ) ;
#7393 = DIRECTION ( 'NONE',  ( -1.000000000000000000, 0.000000000000000000, 0.000000000000000000 ) ) ;
#7394 = CYLINDRICAL_SURFACE ( 'NONE', #10186, 6.999999999999992006 ) ;
#7395 = DIRECTION ( 'NONE',  ( -0.000000000000000000, -0.000000000000000000, -1.000000000000000000 ) ) ;
#7396 = ORIENTED_EDGE ( 'NONE', *, *, #5201, .F. ) ;
#7397 = LINE ( 'NONE', #8620, #1126 ) ;
#7398 = FACE_OUTER_BOUND ( 'NONE', #8310, .T. ) ;
#7399 = ORIENTED_EDGE ( 'NONE', *, *, #8654, .T. ) ;
#7400 = AXIS2_PLACEMENT_3D ( 'NONE', #7089, #6051, #11046 ) ;
#7401 = VERTEX_POINT ( 'NONE', #3442 ) ;
#7402 = CARTESIAN_POINT ( 'NONE',  ( 44.99999999999997868, 11.17712434446775127, 12.50000000000000000 ) ) ;
#7403 = EDGE_CURVE ( 'NONE', #11065, #2469, #9812, .T. ) ;
#7404 = EDGE_LOOP ( 'NONE', ( #7518, #9842, #10716, #9905 ) ) ;
#7405 = CARTESIAN_POINT ( 'NONE',  ( 8.999999999999994671, 6.500000000000002665, 4.000000000000000000 ) ) ;
#7406 = LINE ( 'NONE', #9291, #249 ) ;
#7407 = CYLINDRICAL_SURFACE ( 'NONE', #2430, 4.499999999999999112 ) ;
#7408 = VERTEX_POINT ( 'NONE', #10516 ) ;
#7409 = EDGE_CURVE ( 'NONE', #4975, #7472, #8124, .T. ) ;
#7410 = AXIS2_PLACEMENT_3D ( 'NONE', #4956, #9950, #1909 ) ;
#7411 = VECTOR ( 'NONE', #4604, 1000.000000000000114 ) ;
#7412 = CARTESIAN_POINT ( 'NONE',  ( 4.322875655532293138, 55.00000000000000000, 12.50000000000000000 ) ) ;
#7413 = FACE_OUTER_BOUND ( 'NONE', #5154, .T. ) ;
#7414 = VERTEX_POINT ( 'NONE', #11367 ) ;
#7415 = DIRECTION ( 'NONE',  ( -0.000000000000000000, -0.000000000000000000, -1.000000000000000000 ) ) ;
#7416 = ORIENTED_EDGE ( 'NONE', *, *, #4558, .T. ) ;
#7417 = CARTESIAN_POINT ( 'NONE',  ( 39.99999999999999289, 62.50000000000001421, 25.00000000000000000 ) ) ;
#7418 = CIRCLE ( 'NONE', #8449, 1.499999999999999556 ) ;
#7419 = ORIENTED_EDGE ( 'NONE', *, *, #11229, .T. ) ;
#7420 = AXIS2_PLACEMENT_3D ( 'NONE', #6298, #4406, #11363 ) ;
#7421 = SPHERICAL_SURFACE ( 'NONE', #7164, 1.500000000000000000 ) ;
#7422 = DIRECTION ( 'NONE',  ( 1.000000000000000000, 0.000000000000000000, 0.000000000000000000 ) ) ;
#7423 = LINE ( 'NONE', #3278, #8810 ) ;
#7424 = ORIENTED_EDGE ( 'NONE', *, *, #619, .T. ) ;
#7425 = EDGE_CURVE ( 'NONE', #1734, #5338, #10401, .T. ) ;
#7426 = CARTESIAN_POINT ( 'NONE',  ( 43.75000000000001421, 57.49999999999999289, 25.00000000000000000 ) ) ;
#7427 = ADVANCED_FACE ( 'NONE', ( #10325 ), #9409, .F. ) ;
#7428 = ADVANCED_FACE ( 'NONE', ( #11687 ), #8685, .F. ) ;
#7429 = EDGE_CURVE ( 'NONE', #8368, #10602, #11618, .T. ) ;
#7430 = VECTOR ( 'NONE', #1365, 1000.000000000000000 ) ;
#7431 = ORIENTED_EDGE ( 'NONE', *, *, #6864, .F. ) ;
#7432 = CARTESIAN_POINT ( 'NONE',  ( 27.50000000000000711, 12.49999999999999645, 4.000000000000000000 ) ) ;
#7433 = EDGE_LOOP ( 'NONE', ( #12649, #2699, #7083, #12487 ) ) ;
#7434 = DIRECTION ( 'NONE',  ( 0.000000000000000000, 0.000000000000000000, -1.000000000000000000 ) ) ;
#7435 = ORIENTED_EDGE ( 'NONE', *, *, #7425, .T. ) ;
#7436 = DIRECTION ( 'NONE',  ( 0.000000000000000000, 0.000000000000000000, -1.000000000000000000 ) ) ;
#7437 = ORIENTED_EDGE ( 'NONE', *, *, #9307, .T. ) ;
#7438 = DIRECTION ( 'NONE',  ( -1.000000000000000000, 0.000000000000000000, 0.000000000000000000 ) ) ;
#7439 = EDGE_CURVE ( 'NONE', #10181, #5585, #12652, .T. ) ;
#7440 = LINE ( 'NONE', #1473, #12705 ) ;
#7441 = DIRECTION ( 'NONE',  ( 1.000000000000000000, 0.000000000000000000, 0.000000000000000000 ) ) ;
#7442 = CARTESIAN_POINT ( 'NONE',  ( -45.00000000000002132, -41.00000000000000711, 12.00000000000001066 ) ) ;
#7443 = DIRECTION ( 'NONE',  ( -0.000000000000000000, -0.000000000000000000, -1.000000000000000000 ) ) ;
#7444 = ORIENTED_EDGE ( 'NONE', *, *, #4737, .F. ) ;
#7445 = EDGE_LOOP ( 'NONE', ( #12627, #8892, #4184, #11174 ) ) ;
#7446 = FACE_OUTER_BOUND ( 'NONE', #5236, .T. ) ;
#7447 = ADVANCED_FACE ( 'NONE', ( #4673 ), #7711, .F. ) ;
#7448 = VERTEX_POINT ( 'NONE', #3891 ) ;
#7449 = DIRECTION ( 'NONE',  ( 0.000000000000000000, 0.000000000000000000, -1.000000000000000000 ) ) ;
#7450 = DIRECTION ( 'NONE',  ( -0.000000000000000000, -0.000000000000000000, -1.000000000000000000 ) ) ;
#7451 = DIRECTION ( 'NONE',  ( -1.000000000000000000, -1.541976423090495387E-16, 0.000000000000000000 ) ) ;
#7452 = CARTESIAN_POINT ( 'NONE',  ( 27.50000000000000711, 6.500000000000004441, 2.500000000000000000 ) ) ;
#7453 = CARTESIAN_POINT ( 'NONE',  ( -50.40724181787948766, -21.50000000000000000, 60.36113480143598053 ) ) ;
#7454 = LINE ( 'NONE', #11551, #11055 ) ;
#7455 = VERTEX_POINT ( 'NONE', #3825 ) ;
#7456 = LINE ( 'NONE', #6610, #5888 ) ;
#7457 = CARTESIAN_POINT ( 'NONE',  ( -51.24999999999999289, 30.00000000000000000, 10.94669914110090048 ) ) ;
#7458 = VERTEX_POINT ( 'NONE', #654 ) ;
#7459 = EDGE_LOOP ( 'NONE', ( #8768, #494, #12697, #7524 ) ) ;
#7460 = VECTOR ( 'NONE', #1844, 1000.000000000000000 ) ;
#7461 = CARTESIAN_POINT ( 'NONE',  ( 38.19999999999998153, -49.49999999999998579, 12.00000000000003197 ) ) ;
#7462 = ORIENTED_EDGE ( 'NONE', *, *, #1875, .T. ) ;
#7463 = CARTESIAN_POINT ( 'NONE',  ( -39.59999999999997300, 61.25000000000001421, 0.000000000000000000 ) ) ;
#7464 = DIRECTION ( 'NONE',  ( -8.393823270855517276E-16, 1.000000000000000000, -0.000000000000000000 ) ) ;
#7465 = LINE ( 'NONE', #8691, #12379 ) ;
#7466 = VERTEX_POINT ( 'NONE', #7852 ) ;
#7467 = VECTOR ( 'NONE', #11016, 1000.000000000000000 ) ;
#7468 = LINE ( 'NONE', #11432, #10005 ) ;
#7469 = ADVANCED_FACE ( 'NONE', ( #2716 ), #5580, .F. ) ;
#7470 = DIRECTION ( 'NONE',  ( -0.000000000000000000, -0.000000000000000000, -1.000000000000000000 ) ) ;
#7471 = CARTESIAN_POINT ( 'NONE',  ( -51.24999999999999289, 30.00000000000000000, 10.94669914110090048 ) ) ;
#7472 = VERTEX_POINT ( 'NONE', #4790 ) ;
#7473 = EDGE_CURVE ( 'NONE', #6528, #12489, #2790, .T. ) ;
#7474 = DIRECTION ( 'NONE',  ( -1.000000000000000000, 0.000000000000000000, 0.000000000000000000 ) ) ;
#7475 = VERTEX_POINT ( 'NONE', #9598 ) ;
#7476 = CARTESIAN_POINT ( 'NONE',  ( 44.99999999999997868, 12.50000000000000178, 2.500000000000000000 ) ) ;
#7477 = CARTESIAN_POINT ( 'NONE',  ( 44.99999999999998579, -42.12295345520787038, 12.36776389409516597 ) ) ;
#7478 = DIRECTION ( 'NONE',  ( -1.261617073437676865E-15, 1.000000000000000000, 0.000000000000000000 ) ) ;
#7479 = CARTESIAN_POINT ( 'NONE',  ( -27.76040709454868960, -55.00000000000000711, 12.01476521008128984 ) ) ;
#7480 = VERTEX_POINT ( 'NONE', #12531 ) ;
#7481 = DIRECTION ( 'NONE',  ( -0.8191520442889906883, 0.000000000000000000, 0.5735764363510477137 ) ) ;
#7482 = AXIS2_PLACEMENT_3D ( 'NONE', #10839, #987, #7914 ) ;
#7483 = ORIENTED_EDGE ( 'NONE', *, *, #11960, .F. ) ;
#7484 = CARTESIAN_POINT ( 'NONE',  ( 8.999999999999994671, 8.500000000000000000, 12.50000000000000000 ) ) ;
#7485 = ORIENTED_EDGE ( 'NONE', *, *, #2520, .T. ) ;
#7486 = FACE_BOUND ( 'NONE', #7811, .T. ) ;
#7487 = ORIENTED_EDGE ( 'NONE', *, *, #11378, .F. ) ;
#7488 = ORIENTED_EDGE ( 'NONE', *, *, #11317, .T. ) ;
#7489 = CIRCLE ( 'NONE', #7082, 3.749999999999996447 ) ;
#7490 = DIRECTION ( 'NONE',  ( 1.000000000000000000, 5.737455619489484277E-16, -0.000000000000000000 ) ) ;
#7491 = DIRECTION ( 'NONE',  ( -0.5735764363510360564, 0.000000000000000000, -0.8191520442889989040 ) ) ;
#7492 = EDGE_CURVE ( 'NONE', #8623, #6332, #9154, .T. ) ;
#7493 = CARTESIAN_POINT ( 'NONE',  ( 21.49999999999995381, 53.50000000000000000, 12.50000000000000000 ) ) ;
#7494 = DIRECTION ( 'NONE',  ( -1.000000000000000000, 0.000000000000000000, 0.000000000000000000 ) ) ;
#7495 = ORIENTED_EDGE ( 'NONE', *, *, #3624, .T. ) ;
#7496 = CARTESIAN_POINT ( 'NONE',  ( 34.99999999999999289, -62.50000000000001421, 25.00000000000000000 ) ) ;
#7497 = AXIS2_PLACEMENT_3D ( 'NONE', #11851, #10877, #11920 ) ;
#7498 = AXIS2_PLACEMENT_3D ( 'NONE', #7313, #2452, #506 ) ;
#7499 = EDGE_LOOP ( 'NONE', ( #4760, #8028, #4686, #9738 ) ) ;
#7500 = ORIENTED_EDGE ( 'NONE', *, *, #8060, .F. ) ;
#7501 = FACE_OUTER_BOUND ( 'NONE', #2622, .T. ) ;
#7502 = EDGE_CURVE ( 'NONE', #2793, #6597, #10644, .T. ) ;
#7503 = ORIENTED_EDGE ( 'NONE', *, *, #10740, .T. ) ;
#7504 = EDGE_CURVE ( 'NONE', #3034, #12647, #10196, .T. ) ;
#7505 = EDGE_CURVE ( 'NONE', #1080, #1106, #7592, .T. ) ;
#7506 = DIRECTION ( 'NONE',  ( -0.000000000000000000, -0.000000000000000000, -1.000000000000000000 ) ) ;
#7507 = DIRECTION ( 'NONE',  ( 0.000000000000000000, 0.000000000000000000, -1.000000000000000000 ) ) ;
#7508 = EDGE_CURVE ( 'NONE', #5031, #5010, #8535, .T. ) ;
#7509 = DIRECTION ( 'NONE',  ( -0.000000000000000000, -0.000000000000000000, 1.000000000000000000 ) ) ;
#7510 = CARTESIAN_POINT ( 'NONE',  ( -40.50000000000002132, 42.49999999999998579, 12.00000000000001066 ) ) ;
#7511 = EDGE_CURVE ( 'NONE', #6017, #8721, #78, .T. ) ;
#7512 = VECTOR ( 'NONE', #6944, 1000.000000000000000 ) ;
#7513 = CONICAL_SURFACE ( 'NONE', #10833, 1.700000000000000178, 1.029744258676653645 ) ;
#7515 = VECTOR ( 'NONE', #3397, 1000.000000000000000 ) ;
#7514 = PLANE ( 'NONE',  #7144 ) ;
#7516 = FACE_OUTER_BOUND ( 'NONE', #5749, .T. ) ;
#7517 = CARTESIAN_POINT ( 'NONE',  ( -63.19026384250660300, 21.49999999999998934, 38.79253846514421156 ) ) ;
#7518 = ORIENTED_EDGE ( 'NONE', *, *, #4878, .T. ) ;
#7519 = DIRECTION ( 'NONE',  ( -0.000000000000000000, -0.000000000000000000, 1.000000000000000000 ) ) ;
#7520 = AXIS2_PLACEMENT_3D ( 'NONE', #8283, #2253, #3348 ) ;
#7521 = VECTOR ( 'NONE', #1890, 999.9999999999998863 ) ;
#7522 = CARTESIAN_POINT ( 'NONE',  ( -45.00000000000002132, 32.49999999999998579, -142.1267040355189977 ) ) ;
#7523 = VECTOR ( 'NONE', #969, 1000.000000000000000 ) ;
#7524 = ORIENTED_EDGE ( 'NONE', *, *, #10470, .F. ) ;
#7525 = ORIENTED_EDGE ( 'NONE', *, *, #7647, .T. ) ;
#7526 = CARTESIAN_POINT ( 'NONE',  ( 44.99999999999998579, 11.37704654479220245, 12.36776389409517130 ) ) ;
#7527 = ORIENTED_EDGE ( 'NONE', *, *, #8814, .T. ) ;
#7528 = DIRECTION ( 'NONE',  ( -1.000000000000000000, 0.000000000000000000, 0.000000000000000000 ) ) ;
#7529 = AXIS2_PLACEMENT_3D ( 'NONE', #12590, #4728, #1938 ) ;
#7530 = AXIS2_PLACEMENT_3D ( 'NONE', #12110, #1267, #6136 ) ;
#7531 = CARTESIAN_POINT ( 'NONE',  ( -43.50000000000002132, 40.99999999999999289, 4.000000000000000000 ) ) ;
#7532 = CIRCLE ( 'NONE', #9595, 1.500000000000000000 ) ;
#7533 = DIRECTION ( 'NONE',  ( 0.5735764363510490460, 0.000000000000000000, 0.8191520442889895781 ) ) ;
#7534 = AXIS2_PLACEMENT_3D ( 'NONE', #9939, #3190, #10072 ) ;
#7535 = EDGE_CURVE ( 'NONE', #10993, #8368, #11663, .T. ) ;
#7536 = VERTEX_POINT ( 'NONE', #787 ) ;
#7537 = FACE_OUTER_BOUND ( 'NONE', #9546, .T. ) ;
#7538 = LINE ( 'NONE', #662, #3180 ) ;
#7539 = ADVANCED_FACE ( 'NONE', ( #9732 ), #2919, .F. ) ;
#7540 = CIRCLE ( 'NONE', #290, 1.700000000000000178 ) ;
#7541 = AXIS2_PLACEMENT_3D ( 'NONE', #1333, #10343, #9242 ) ;
#7542 = DIRECTION ( 'NONE',  ( -0.000000000000000000, -0.000000000000000000, 1.000000000000000000 ) ) ;
#7543 = ORIENTED_EDGE ( 'NONE', *, *, #3282, .F. ) ;
#7544 = VERTEX_POINT ( 'NONE', #1883 ) ;
#7545 = SPHERICAL_SURFACE ( 'NONE', #106, 1.500000000000000000 ) ;
#7546 = DIRECTION ( 'NONE',  ( 0.000000000000000000, 0.000000000000000000, -1.000000000000000000 ) ) ;
#7547 = DIRECTION ( 'NONE',  ( 1.000000000000000000, 0.000000000000000000, 0.000000000000000000 ) ) ;
#7548 = ORIENTED_EDGE ( 'NONE', *, *, #5120, .T. ) ;
#7549 = AXIS2_PLACEMENT_3D ( 'NONE', #3488, #11413, #6474 ) ;
#7550 = AXIS2_PLACEMENT_3D ( 'NONE', #9854, #11086, #6153 ) ;
#7551 = CONICAL_SURFACE ( 'NONE', #11502, 2.499999999999992006, 0.7853981633974482790 ) ;
#7552 = CARTESIAN_POINT ( 'NONE',  ( -15.50000000000000711, 55.00000000000000000, 17.10000000000000497 ) ) ;
#7553 = VERTEX_POINT ( 'NONE', #9792 ) ;
#7554 = LINE ( 'NONE', #6887, #573 ) ;
#7555 = VERTEX_POINT ( 'NONE', #917 ) ;
#7556 = CARTESIAN_POINT ( 'NONE',  ( -46.53198962753244672, 14.49999999999999822, 62.40867490146091967 ) ) ;
#7557 = EDGE_LOOP ( 'NONE', ( #10228, #7633, #8152, #12128, #12231, #2690, #2181, #1772, #4880, #9144, #5828, #10257, #11944, #8866, #159, #7176, #12311, #6435, #2488, #6372, #8619, #9579, #1613, #8430, #6203, #2645, #10223, #676, #5471, #11531, #3484 ) ) ;
#7558 = VECTOR ( 'NONE', #5163, 1000.000000000000000 ) ;
#7559 = AXIS2_PLACEMENT_3D ( 'NONE', #4902, #5875, #9111 ) ;
#7560 = AXIS2_PLACEMENT_3D ( 'NONE', #3571, #7470, #3449 ) ;
#7561 = VERTEX_POINT ( 'NONE', #4863 ) ;
#7562 = CONICAL_SURFACE ( 'NONE', #2391, 2.000000000000000000, 0.7853981633974479459 ) ;
#7563 = FACE_OUTER_BOUND ( 'NONE', #3746, .T. ) ;
#7564 = DIRECTION ( 'NONE',  ( 0.5735764363510474917, 0.000000000000000000, 0.8191520442889906883 ) ) ;
#7565 = EDGE_CURVE ( 'NONE', #5963, #2879, #12791, .T. ) ;
#7566 = CARTESIAN_POINT ( 'NONE',  ( 26.00000000000000711, 6.500000000000002665, 12.00000000000000000 ) ) ;
#7567 = DIRECTION ( 'NONE',  ( -0.8191520442889906883, 0.000000000000000000, 0.5735764363510477137 ) ) ;
#7568 = EDGE_LOOP ( 'NONE', ( #6362, #9294, #1451 ) ) ;
#7569 = DIRECTION ( 'NONE',  ( 1.000000000000000000, 0.000000000000000000, 0.000000000000000000 ) ) ;
#7570 = EDGE_CURVE ( 'NONE', #6900, #10184, #5644, .T. ) ;
#7571 = AXIS2_PLACEMENT_3D ( 'NONE', #8142, #1335, #1269 ) ;
#7572 = ORIENTED_EDGE ( 'NONE', *, *, #3312, .T. ) ;
#7573 = VERTEX_POINT ( 'NONE', #1945 ) ;
#7574 = ADVANCED_FACE ( 'NONE', ( #81 ), #3109, .F. ) ;
#7575 = CARTESIAN_POINT ( 'NONE',  ( -42.25000000000002132, 49.49999999999997868, 7.000000000000000888 ) ) ;
#7576 = EDGE_LOOP ( 'NONE', ( #3107, #5210, #6284, #12821 ) ) ;
#7577 = CARTESIAN_POINT ( 'NONE',  ( -45.00000000000002132, -54.99999999999998579, 62.46842896906054676 ) ) ;
#7578 = FACE_OUTER_BOUND ( 'NONE', #11844, .T. ) ;
#7579 = LINE ( 'NONE', #2779, #6681 ) ;
#7580 = VECTOR ( 'NONE', #11707, 1000.000000000000000 ) ;
#7581 = DIRECTION ( 'NONE',  ( -0.000000000000000000, -0.000000000000000000, 1.000000000000000000 ) ) ;
#7582 = FACE_OUTER_BOUND ( 'NONE', #589, .T. ) ;
#7583 = EDGE_CURVE ( 'NONE', #7555, #3241, #3991, .T. ) ;
#7584 = CARTESIAN_POINT ( 'NONE',  ( 43.75000000000001421, -57.09999999999999432, 0.000000000000000000 ) ) ;
#7585 = ADVANCED_FACE ( 'NONE', ( #7072 ), #8104, .T. ) ;
#7586 = ORIENTED_EDGE ( 'NONE', *, *, #9867, .F. ) ;
#7587 = ADVANCED_FACE ( 'NONE', ( #5116, #263 ), #12073, .F. ) ;
#7588 = CARTESIAN_POINT ( 'NONE',  ( 39.99999999999999289, -61.25000000000001421, 45.15564437074637993 ) ) ;
#7589 = ADVANCED_FACE ( 'NONE', ( #6034 ), #9790, .T. ) ;
#7590 = DIRECTION ( 'NONE',  ( 0.000000000000000000, 0.000000000000000000, 1.000000000000000000 ) ) ;
#7591 = ORIENTED_EDGE ( 'NONE', *, *, #77, .F. ) ;
#7592 = LINE ( 'NONE', #7646, #1295 ) ;
#7593 = ORIENTED_EDGE ( 'NONE', *, *, #9248, .F. ) ;
#7594 = DIRECTION ( 'NONE',  ( -1.000000000000000000, 0.000000000000000000, 0.000000000000000000 ) ) ;
#7595 = ADVANCED_FACE ( 'NONE', ( #11099 ), #12693, .F. ) ;
#7596 = DIRECTION ( 'NONE',  ( -0.8191520442889906883, -0.000000000000000000, 0.5735764363510477137 ) ) ;
#7597 = CARTESIAN_POINT ( 'NONE',  ( -81.47479656658967428, -24.99999999999998579, 55.13575241859757625 ) ) ;
#7598 = ORIENTED_EDGE ( 'NONE', *, *, #4546, .F. ) ;
#7599 = DIRECTION ( 'NONE',  ( -0.7071067811865475727, 0.000000000000000000, -0.7071067811865475727 ) ) ;
#7600 = FACE_OUTER_BOUND ( 'NONE', #7687, .T. ) ;
#7601 = AXIS2_PLACEMENT_3D ( 'NONE', #3127, #8839, #1004 ) ;
#7602 = CARTESIAN_POINT ( 'NONE',  ( -32.00000000000000711, -49.50000000000000000, 4.000000000000000000 ) ) ;
#7603 = EDGE_CURVE ( 'NONE', #7573, #10958, #9078, .T. ) ;
#7604 = EDGE_CURVE ( 'NONE', #1212, #8167, #4146, .T. ) ;
#7605 = EDGE_LOOP ( 'NONE', ( #7678, #5427, #9733, #10810 ) ) ;
#7606 = ORIENTED_EDGE ( 'NONE', *, *, #1326, .T. ) ;
#7607 = DIRECTION ( 'NONE',  ( -0.000000000000000000, -0.000000000000000000, -1.000000000000000000 ) ) ;
#7608 = DIRECTION ( 'NONE',  ( -0.8191520442889906883, -0.000000000000000000, 0.5735764363510477137 ) ) ;
#7609 = CARTESIAN_POINT ( 'NONE',  ( 7.499999999999992895, 22.50000000000000355, 12.50000000000000000 ) ) ;
#7610 = VECTOR ( 'NONE', #9653, 1000.000000000000000 ) ;
#7611 = LINE ( 'NONE', #2627, #5916 ) ;
#7612 = ORIENTED_EDGE ( 'NONE', *, *, #2279, .T. ) ;
#7613 = CARTESIAN_POINT ( 'NONE',  ( -38.75000000000002132, 49.49999999999997868, 2.500000000000000000 ) ) ;
#7614 = CARTESIAN_POINT ( 'NONE',  ( 36.69999999999998863, -62.50000000000001421, 19.00000000000000355 ) ) ;
#7615 = ORIENTED_EDGE ( 'NONE', *, *, #1853, .T. ) ;
#7616 = ORIENTED_EDGE ( 'NONE', *, *, #5692, .T. ) ;
#7617 = CARTESIAN_POINT ( 'NONE',  ( 6.500000000000002665, 10.99999999999999467, 12.50000000000000000 ) ) ;
#7618 = VECTOR ( 'NONE', #4669, 1000.000000000000000 ) ;
#7619 = ORIENTED_EDGE ( 'NONE', *, *, #7194, .F. ) ;
#7620 = ORIENTED_EDGE ( 'NONE', *, *, #3306, .T. ) ;
#7621 = DIRECTION ( 'NONE',  ( 1.000000000000000000, 0.000000000000000000, 0.000000000000000000 ) ) ;
#7622 = DIRECTION ( 'NONE',  ( 0.000000000000000000, 0.000000000000000000, -1.000000000000000000 ) ) ;
#7623 = CARTESIAN_POINT ( 'NONE',  ( 47.50000000000000711, -45.49999999999999289, 25.00000000000000000 ) ) ;
#7624 = DIRECTION ( 'NONE',  ( -1.000000000000000000, -1.541976423090495387E-16, 0.000000000000000000 ) ) ;
#7625 = EDGE_LOOP ( 'NONE', ( #12049, #9255, #610, #8456 ) ) ;
#7626 = VECTOR ( 'NONE', #1515, 1000.000000000000000 ) ;
#7627 = AXIS2_PLACEMENT_3D ( 'NONE', #10172, #1291, #9204 ) ;
#7628 = FACE_OUTER_BOUND ( 'NONE', #3101, .T. ) ;
#7629 = VERTEX_POINT ( 'NONE', #8176 ) ;
#7630 = EDGE_CURVE ( 'NONE', #2815, #2601, #10907, .T. ) ;
#7631 = EDGE_LOOP ( 'NONE', ( #3689, #6444, #4773, #3253 ) ) ;
#7632 = DIRECTION ( 'NONE',  ( 0.5735764363510477137, 7.959972075242235045E-17, 0.8191520442889906883 ) ) ;
#7633 = ORIENTED_EDGE ( 'NONE', *, *, #4227, .T. ) ;
#7634 = DIRECTION ( 'NONE',  ( -0.000000000000000000, -0.000000000000000000, -1.000000000000000000 ) ) ;
#7635 = CARTESIAN_POINT ( 'NONE',  ( 4.499999999999998224, 53.50000000000000000, 12.00000000000000000 ) ) ;
#7636 = CARTESIAN_POINT ( 'NONE',  ( 27.30417242860976046, -25.00000000000000355, -28.84505903859500719 ) ) ;
#7637 = EDGE_CURVE ( 'NONE', #6612, #11315, #11453, .T. ) ;
#7638 = DIRECTION ( 'NONE',  ( 0.000000000000000000, 0.000000000000000000, -1.000000000000000000 ) ) ;
#7639 = DIRECTION ( 'NONE',  ( -0.000000000000000000, -0.000000000000000000, -1.000000000000000000 ) ) ;
#7640 = DIRECTION ( 'NONE',  ( 0.5735764363510474917, 0.000000000000000000, 0.8191520442889906883 ) ) ;
#7641 = ORIENTED_EDGE ( 'NONE', *, *, #8269, .T. ) ;
#7642 = LINE ( 'NONE', #11876, #94 ) ;
#7643 = EDGE_LOOP ( 'NONE', ( #8593, #8353, #3086, #12249 ) ) ;
#7644 = LINE ( 'NONE', #6611, #4935 ) ;
#7645 = ORIENTED_EDGE ( 'NONE', *, *, #1355, .T. ) ;
#7646 = CARTESIAN_POINT ( 'NONE',  ( -50.89839303375537582, -21.50000000000000000, 63.14659176271605645 ) ) ;
#7647 = EDGE_CURVE ( 'NONE', #7163, #11817, #1238, .T. ) ;
#7648 = ORIENTED_EDGE ( 'NONE', *, *, #10517, .F. ) ;
#7649 = EDGE_CURVE ( 'NONE', #9730, #497, #7981, .T. ) ;
#7650 = CARTESIAN_POINT ( 'NONE',  ( 9.000000000000001776, 53.50000000000000000, 12.50000000000001066 ) ) ;
#7651 = EDGE_CURVE ( 'NONE', #10045, #1546, #9135, .T. ) ;
#7652 = DIRECTION ( 'NONE',  ( -0.000000000000000000, -0.000000000000000000, -1.000000000000000000 ) ) ;
#7653 = PLANE ( 'NONE',  #4095 ) ;
#7654 = ORIENTED_EDGE ( 'NONE', *, *, #11103, .T. ) ;
#7655 = LINE ( 'NONE', #11626, #6074 ) ;
#7656 = ORIENTED_EDGE ( 'NONE', *, *, #5702, .T. ) ;
#7657 = DIRECTION ( 'NONE',  ( -0.5735764363510473807, 0.000000000000000000, -0.8191520442889910214 ) ) ;
#7658 = CARTESIAN_POINT ( 'NONE',  ( -6.499999999999999112, 53.50000000000000000, 4.000000000000000000 ) ) ;
#7659 = ORIENTED_EDGE ( 'NONE', *, *, #5939, .F. ) ;
#7660 = DIRECTION ( 'NONE',  ( 1.718394990242815027E-16, -1.000000000000000000, 4.721688805388869385E-17 ) ) ;
#7661 = ORIENTED_EDGE ( 'NONE', *, *, #7337, .T. ) ;
#7662 = EDGE_CURVE ( 'NONE', #11060, #695, #9929, .T. ) ;
#7663 = DIRECTION ( 'NONE',  ( 1.000000000000000000, -5.782411586589351722E-16, -0.000000000000000000 ) ) ;
#7664 = DIRECTION ( 'NONE',  ( 0.000000000000000000, 0.000000000000000000, -1.000000000000000000 ) ) ;
#7665 = EDGE_CURVE ( 'NONE', #10639, #1158, #5056, .T. ) ;
#7666 = CIRCLE ( 'NONE', #8499, 5.000000000000004441 ) ;
#7667 = DIRECTION ( 'NONE',  ( 0.000000000000000000, 0.000000000000000000, -1.000000000000000000 ) ) ;
#7668 = CARTESIAN_POINT ( 'NONE',  ( -65.23780394253152792, 19.40000000000003411, 42.66779065549124539 ) ) ;
#7669 = ORIENTED_EDGE ( 'NONE', *, *, #534, .F. ) ;
#7670 = CARTESIAN_POINT ( 'NONE',  ( 44.99999999999997868, 7.417490509986736313, 12.24701845867947547 ) ) ;
#7671 = DIRECTION ( 'NONE',  ( 0.000000000000000000, 0.000000000000000000, -1.000000000000000000 ) ) ;
#7672 = EDGE_CURVE ( 'NONE', #1856, #1860, #6671, .T. ) ;
#7673 = ORIENTED_EDGE ( 'NONE', *, *, #2584, .T. ) ;
#7674 = EDGE_LOOP ( 'NONE', ( #1716, #8000, #2687, #6639 ) ) ;
#7675 = VECTOR ( 'NONE', #12769, 1000.000000000000000 ) ;
#7676 = LINE ( 'NONE', #4567, #9907 ) ;
#7677 = VERTEX_POINT ( 'NONE', #8237 ) ;
#7678 = ORIENTED_EDGE ( 'NONE', *, *, #3931, .F. ) ;
#7679 = DIRECTION ( 'NONE',  ( 0.7071067811865474617, 0.000000000000000000, -0.7071067811865474617 ) ) ;
#7680 = CARTESIAN_POINT ( 'NONE',  ( -12.50000000000000000, 55.00000000000000711, 4.000000000000000000 ) ) ;
#7681 = DIRECTION ( 'NONE',  ( 1.000000000000000000, 0.000000000000000000, 0.000000000000000000 ) ) ;
#7682 = DIRECTION ( 'NONE',  ( -0.5735764363510477137, 2.744817956980081866E-16, -0.8191520442889906883 ) ) ;
#7683 = AXIS2_PLACEMENT_3D ( 'NONE', #7531, #2414, #6430 ) ;
#7684 = ORIENTED_EDGE ( 'NONE', *, *, #4007, .F. ) ;
#7685 = ORIENTED_EDGE ( 'NONE', *, *, #2811, .F. ) ;
#7686 = DIRECTION ( 'NONE',  ( -1.000000000000000000, 0.000000000000000000, 0.000000000000000000 ) ) ;
#7687 = EDGE_LOOP ( 'NONE', ( #340, #4788, #7437, #2915 ) ) ;
#7688 = ORIENTED_EDGE ( 'NONE', *, *, #3207, .F. ) ;
#7689 = FACE_OUTER_BOUND ( 'NONE', #4419, .T. ) ;
#7690 = AXIS2_PLACEMENT_3D ( 'NONE', #3179, #7145, #8947 ) ;
#7691 = ORIENTED_EDGE ( 'NONE', *, *, #11405, .F. ) ;
#7692 = DIRECTION ( 'NONE',  ( 0.000000000000000000, 0.000000000000000000, -1.000000000000000000 ) ) ;
#7693 = ADVANCED_FACE ( 'NONE', ( #10176, #1434 ), #2465, .T. ) ;
#7694 = LINE ( 'NONE', #8611, #3670 ) ;
#7695 = DIRECTION ( 'NONE',  ( -0.000000000000000000, -0.000000000000000000, -1.000000000000000000 ) ) ;
#7696 = LINE ( 'NONE', #7510, #2552 ) ;
#7697 = FACE_OUTER_BOUND ( 'NONE', #9933, .T. ) ;
#7698 = EDGE_CURVE ( 'NONE', #8919, #8215, #8547, .T. ) ;
#7699 = CARTESIAN_POINT ( 'NONE',  ( 39.59999999999998010, 62.50000000000001421, 0.000000000000000000 ) ) ;
#7700 = CIRCLE ( 'NONE', #9782, 1.500000000000001332 ) ;
#7701 = AXIS2_PLACEMENT_3D ( 'NONE', #9264, #9382, #8228 ) ;
#7702 = DIRECTION ( 'NONE',  ( -0.8191520442889906883, 0.000000000000000000, 0.5735764363510477137 ) ) ;
#7703 = ORIENTED_EDGE ( 'NONE', *, *, #3089, .F. ) ;
#7704 = CARTESIAN_POINT ( 'NONE',  ( -6.500000000000000000, 25.50000000000000355, 4.000000000000000000 ) ) ;
#7705 = EDGE_LOOP ( 'NONE', ( #5494, #3917, #12292, #9186 ) ) ;
#7706 = CARTESIAN_POINT ( 'NONE',  ( -34.99999999999999289, -62.50000000000001421, 19.00000000000000355 ) ) ;
#7707 = ORIENTED_EDGE ( 'NONE', *, *, #7492, .F. ) ;
#7708 = VECTOR ( 'NONE', #5659, 1000.000000000000000 ) ;
#7709 = AXIS2_PLACEMENT_3D ( 'NONE', #3234, #10044, #2257 ) ;
#7710 = DIRECTION ( 'NONE',  ( -1.000000000000000000, 4.597112642748789558E-16, -0.000000000000000000 ) ) ;
#7711 = CYLINDRICAL_SURFACE ( 'NONE', #11480, 2.299999999999996270 ) ;
#7712 = ORIENTED_EDGE ( 'NONE', *, *, #380, .T. ) ;
#7713 = DIRECTION ( 'NONE',  ( -1.000000000000000000, 0.000000000000000000, 0.000000000000000000 ) ) ;
#7714 = ADVANCED_FACE ( 'NONE', ( #7392 ), #5506, .F. ) ;
#7715 = CYLINDRICAL_SURFACE ( 'NONE', #1690, 3.750000000000000000 ) ;
#7716 = DIRECTION ( 'NONE',  ( -1.000000000000000000, 0.000000000000000000, 0.000000000000000000 ) ) ;
#7717 = DIRECTION ( 'NONE',  ( -0.000000000000000000, -0.000000000000000000, 1.000000000000000000 ) ) ;
#7718 = VECTOR ( 'NONE', #10356, 999.9999999999998863 ) ;
#7719 = CIRCLE ( 'NONE', #900, 3.349999999999984990 ) ;
#7720 = LINE ( 'NONE', #990, #3174 ) ;
#7721 = VECTOR ( 'NONE', #5014, 1000.000000000000000 ) ;
#7722 = VERTEX_POINT ( 'NONE', #9207 ) ;
#7723 = EDGE_CURVE ( 'NONE', #10582, #4285, #9167, .T. ) ;
#7724 = CARTESIAN_POINT ( 'NONE',  ( -49.34251416565257387, 19.39999999999997726, 58.39482988444487432 ) ) ;
#7725 = EDGE_CURVE ( 'NONE', #845, #7401, #4814, .T. ) ;
#7726 = DIRECTION ( 'NONE',  ( 1.261617073437676865E-15, -1.000000000000000000, 0.000000000000000000 ) ) ;
#7727 = ORIENTED_EDGE ( 'NONE', *, *, #8905, .F. ) ;
#7728 = DIRECTION ( 'NONE',  ( 1.000000000000000000, 0.000000000000000000, 0.000000000000000000 ) ) ;
#7729 = ORIENTED_EDGE ( 'NONE', *, *, #1048, .F. ) ;
#7730 = VECTOR ( 'NONE', #8812, 1000.000000000000000 ) ;
#7731 = AXIS2_PLACEMENT_3D ( 'NONE', #5954, #8088, #12057 ) ;
#7732 = CARTESIAN_POINT ( 'NONE',  ( -47.56442721296430420, -21.50000000000000000, 60.93420122174075715 ) ) ;
#7733 = CARTESIAN_POINT ( 'NONE',  ( 31.99999999999998579, -53.49999999999999289, 4.000000000000000000 ) ) ;
#7734 = DIRECTION ( 'NONE',  ( -1.000000000000000000, 0.000000000000000000, 0.000000000000000000 ) ) ;
#7735 = LINE ( 'NONE', #11710, #4672 ) ;
#7736 = ORIENTED_EDGE ( 'NONE', *, *, #5772, .F. ) ;
#7737 = EDGE_CURVE ( 'NONE', #2105, #5721, #582, .T. ) ;
#7738 = DIRECTION ( 'NONE',  ( -1.000000000000000000, 0.000000000000000000, 0.000000000000000000 ) ) ;
#7739 = EDGE_CURVE ( 'NONE', #1795, #8818, #1491, .T. ) ;
#7740 = VECTOR ( 'NONE', #7006, 1000.000000000000114 ) ;
#7741 = DIRECTION ( 'NONE',  ( -1.000000000000000000, 0.000000000000000000, 0.000000000000000000 ) ) ;
#7742 = VECTOR ( 'NONE', #12669, 1000.000000000000000 ) ;
#7743 = CIRCLE ( 'NONE', #4427, 2.299999999999996270 ) ;
#7744 = VERTEX_POINT ( 'NONE', #6288 ) ;
#7745 = EDGE_CURVE ( 'NONE', #2959, #11065, #7327, .T. ) ;
#7746 = EDGE_CURVE ( 'NONE', #4894, #626, #11217, .T. ) ;
#7747 = EDGE_LOOP ( 'NONE', ( #7431, #6697, #10555, #2695 ) ) ;
#7748 = DIRECTION ( 'NONE',  ( 1.000000000000000000, 0.000000000000000000, 0.000000000000000000 ) ) ;
#7749 = VERTEX_POINT ( 'NONE', #4393 ) ;
#7750 = ORIENTED_EDGE ( 'NONE', *, *, #6143, .F. ) ;
#7751 = DIRECTION ( 'NONE',  ( 1.000000000000000000, 0.000000000000000000, 0.000000000000000000 ) ) ;
#7752 = CARTESIAN_POINT ( 'NONE',  ( 7.499999999999992895, 22.50000000000000355, 12.50000000000000000 ) ) ;
#7753 = AXIS2_PLACEMENT_3D ( 'NONE', #2521, #10564, #8613 ) ;
#7754 = CONICAL_SURFACE ( 'NONE', #9005, 2.750000000000002665, 0.7853981633974560506 ) ;
#7756 = AXIS2_PLACEMENT_3D ( 'NONE', #6685, #11376, #2618 ) ;
#7755 = CARTESIAN_POINT ( 'NONE',  ( -47.49999999999998579, 30.00000000000000000, 68.00000000000000000 ) ) ;
#7757 = CARTESIAN_POINT ( 'NONE',  ( 40.49999999999998579, -49.49999999999998579, 12.50000000000000000 ) ) ;
#7758 = EDGE_CURVE ( 'NONE', #2224, #240, #4338, .T. ) ;
#7759 = ORIENTED_EDGE ( 'NONE', *, *, #12429, .F. ) ;
#7760 = ORIENTED_EDGE ( 'NONE', *, *, #1576, .F. ) ;
#7761 = CARTESIAN_POINT ( 'NONE',  ( 44.99999999999997868, -54.99999999999999289, 12.50000000000000000 ) ) ;
#7762 = EDGE_LOOP ( 'NONE', ( #3925, #9468, #239, #4119 ) ) ;
#7763 = ORIENTED_EDGE ( 'NONE', *, *, #9609, .T. ) ;
#7764 = AXIS2_PLACEMENT_3D ( 'NONE', #3097, #7059, #3228 ) ;
#7765 = AXIS2_PLACEMENT_3D ( 'NONE', #4383, #6459, #7382 ) ;
#7766 = VECTOR ( 'NONE', #3899, 1000.000000000000000 ) ;
#7767 = CARTESIAN_POINT ( 'NONE',  ( -43.50000000000002132, 53.49999999999999289, 24.99999999999999289 ) ) ;
#7768 = ORIENTED_EDGE ( 'NONE', *, *, #10262, .T. ) ;
#7769 = DIRECTION ( 'NONE',  ( 1.000000000000000000, 0.000000000000000000, 0.000000000000000000 ) ) ;
#7770 = FACE_OUTER_BOUND ( 'NONE', #2733, .T. ) ;
#7771 = VERTEX_POINT ( 'NONE', #2265 ) ;
#7772 = ADVANCED_FACE ( 'NONE', ( #10246 ), #9332, .T. ) ;
#7773 = FACE_OUTER_BOUND ( 'NONE', #10139, .T. ) ;
#7774 = PLANE ( 'NONE',  #12081 ) ;
#7775 = DIRECTION ( 'NONE',  ( 0.000000000000000000, 0.000000000000000000, 1.000000000000000000 ) ) ;
#7776 = VECTOR ( 'NONE', #7237, 1000.000000000000114 ) ;
#7777 = VECTOR ( 'NONE', #8079, 1000.000000000000000 ) ;
#7778 = DIRECTION ( 'NONE',  ( 0.9848077530122059109, 8.659560562355057350E-17, 0.1736481776669424881 ) ) ;
#7779 = DIRECTION ( 'NONE',  ( -0.000000000000000000, -0.000000000000000000, 1.000000000000000000 ) ) ;
#7780 = ORIENTED_EDGE ( 'NONE', *, *, #8298, .F. ) ;
#7781 = DIRECTION ( 'NONE',  ( 0.5735764363510494901, 0.000000000000000000, 0.8191520442889894671 ) ) ;
#7782 = ORIENTED_EDGE ( 'NONE', *, *, #2725, .T. ) ;
#7783 = CARTESIAN_POINT ( 'NONE',  ( -40.50000000000002132, 49.49999999999997868, 4.000000000000000000 ) ) ;
#7784 = ORIENTED_EDGE ( 'NONE', *, *, #6264, .F. ) ;
#7785 = DIRECTION ( 'NONE',  ( -1.000000000000000000, 0.000000000000000000, 0.000000000000000000 ) ) ;
#7786 = DIRECTION ( 'NONE',  ( -0.8191520442889906883, -0.000000000000000000, 0.5735764363510477137 ) ) ;
#7787 = VERTEX_POINT ( 'NONE', #4277 ) ;
#7788 = DIRECTION ( 'NONE',  ( -1.000000000000000000, 0.000000000000000000, 0.000000000000000000 ) ) ;
#7789 = DIRECTION ( 'NONE',  ( -0.000000000000000000, -0.000000000000000000, -1.000000000000000000 ) ) ;
#7790 = CARTESIAN_POINT ( 'NONE',  ( -40.50000000000002132, 49.49999999999997868, 2.500000000000000000 ) ) ;
#7791 = DIRECTION ( 'NONE',  ( -1.000000000000000000, 0.000000000000000000, 0.000000000000000000 ) ) ;
#7792 = AXIS2_PLACEMENT_3D ( 'NONE', #11561, #7853, #918 ) ;
#7793 = CARTESIAN_POINT ( 'NONE',  ( -6.499999999999999112, 53.50000000000000000, 12.50000000000001066 ) ) ;
#7794 = DIRECTION ( 'NONE',  ( 1.000000000000000000, 0.000000000000000000, 0.000000000000000000 ) ) ;
#7795 = DIRECTION ( 'NONE',  ( 1.000000000000000000, 0.000000000000000000, 0.000000000000000000 ) ) ;
#7796 = EDGE_CURVE ( 'NONE', #1299, #996, #2522, .T. ) ;
#7797 = CARTESIAN_POINT ( 'NONE',  ( 43.49999999999997868, -42.49999999999998579, 11.99999999999998224 ) ) ;
#7798 = ORIENTED_EDGE ( 'NONE', *, *, #9999, .F. ) ;
#7799 = FACE_OUTER_BOUND ( 'NONE', #12636, .T. ) ;
#7800 = ORIENTED_EDGE ( 'NONE', *, *, #10460, .F. ) ;
#7801 = DIRECTION ( 'NONE',  ( 1.000000000000000000, 0.000000000000000000, 0.000000000000000000 ) ) ;
#7802 = CARTESIAN_POINT ( 'NONE',  ( -0.4529868602934395971, 20.99999999999999645, 12.00000000000000000 ) ) ;
#7803 = EDGE_CURVE ( 'NONE', #2046, #8490, #9586, .T. ) ;
#7804 = PLANE ( 'NONE',  #10619 ) ;
#7805 = LINE ( 'NONE', #5991, #4700 ) ;
#7806 = ORIENTED_EDGE ( 'NONE', *, *, #2985, .T. ) ;
#7807 = VECTOR ( 'NONE', #541, 1000.000000000000227 ) ;
#7808 = DIRECTION ( 'NONE',  ( 1.000000000000000000, 0.000000000000000000, 0.000000000000000000 ) ) ;
#7809 = DIRECTION ( 'NONE',  ( -0.000000000000000000, -0.000000000000000000, -1.000000000000000000 ) ) ;
#7810 = VERTEX_POINT ( 'NONE', #9395 ) ;
#7811 = EDGE_LOOP ( 'NONE', ( #2609, #2560 ) ) ;
#7812 = CARTESIAN_POINT ( 'NONE',  ( 26.24999999999998934, -57.50000000000000711, 0.4000000000000114575 ) ) ;
#7813 = ORIENTED_EDGE ( 'NONE', *, *, #8010, .T. ) ;
#7814 = VECTOR ( 'NONE', #2499, 1000.000000000000227 ) ;
#7815 = ORIENTED_EDGE ( 'NONE', *, *, #12205, .F. ) ;
#7816 = AXIS2_PLACEMENT_3D ( 'NONE', #10848, #1955, #10546 ) ;
#7817 = CARTESIAN_POINT ( 'NONE',  ( 0.9999999999999995559, -3.000000000000009770, 12.50000000000000000 ) ) ;
#7818 = CARTESIAN_POINT ( 'NONE',  ( 27.87774886496087490, 14.49999999999999822, -28.02590699430605170 ) ) ;
#7819 = B_SPLINE_CURVE_WITH_KNOTS ( 'NONE', 3,
 ( #1684, #10572, #1498, #527, #2658, #4667, #2530, #461 ),
 .UNSPECIFIED., .F., .F.,
 ( 4, 2, 2, 4 ),
 ( 0.000000000000000000, 0.0003574555549545209887, 0.0007149111099090419775, 0.001429822219818104988 ),
 .UNSPECIFIED. ) ;
#7820 = ADVANCED_FACE ( 'NONE', ( #8294 ), #8963, .F. ) ;
#7821 = CARTESIAN_POINT ( 'NONE',  ( -34.99999999999999289, -62.50000000000001421, 13.00000000000000178 ) ) ;
#7822 = CARTESIAN_POINT ( 'NONE',  ( -37.29999999999998295, 62.50000000000001421, 25.00000000000000000 ) ) ;
#7823 = ADVANCED_FACE ( 'NONE', ( #6417 ), #3489, .F. ) ;
#7824 = ORIENTED_EDGE ( 'NONE', *, *, #5672, .T. ) ;
#7825 = EDGE_CURVE ( 'NONE', #11667, #4842, #6062, .T. ) ;
#7826 = ORIENTED_EDGE ( 'NONE', *, *, #4967, .F. ) ;
#7827 = ADVANCED_FACE ( 'NONE', ( #898 ), #11546, .F. ) ;
#7828 = CARTESIAN_POINT ( 'NONE',  ( 43.75000000000001421, -53.75000000000000711, 25.00000000000000000 ) ) ;
#7829 = CIRCLE ( 'NONE', #8244, 3.749999999999996447 ) ;
#7830 = CONICAL_SURFACE ( 'NONE', #1425, 6.500000000000001776, 0.7853981633974482790 ) ;
#7831 = ORIENTED_EDGE ( 'NONE', *, *, #1248, .F. ) ;
#7832 = ORIENTED_EDGE ( 'NONE', *, *, #9323, .F. ) ;
#7833 = DIRECTION ( 'NONE',  ( 1.000000000000000000, 0.000000000000000000, 0.000000000000000000 ) ) ;
#7834 = ORIENTED_EDGE ( 'NONE', *, *, #9555, .F. ) ;
#7835 = ADVANCED_FACE ( 'NONE', ( #10504 ), #4850, .F. ) ;
#7836 = CARTESIAN_POINT ( 'NONE',  ( 2.760689302982063609, -55.00000000000000000, 12.01475035840394057 ) ) ;
#7837 = DIRECTION ( 'NONE',  ( 0.000000000000000000, 0.000000000000000000, -1.000000000000000000 ) ) ;
#7838 = ORIENTED_EDGE ( 'NONE', *, *, #5054, .T. ) ;
#7839 = CARTESIAN_POINT ( 'NONE',  ( -60.54591933354954847, -8.402434211400514833E-15, 42.39470912518856949 ) ) ;
#7840 = DIRECTION ( 'NONE',  ( -1.000000000000000000, 5.626130192357212171E-16, 0.000000000000000000 ) ) ;
#7841 = CIRCLE ( 'NONE', #1830, 1.500000000000001332 ) ;
#7842 = TOROIDAL_SURFACE ( 'NONE', #12004, 8.499999999999991118, 1.500000000000000000 ) ;
#7843 = DIRECTION ( 'NONE',  ( -0.000000000000000000, 0.000000000000000000, 1.000000000000000000 ) ) ;
#7844 = EDGE_CURVE ( 'NONE', #10482, #10158, #6709, .T. ) ;
#7845 = CARTESIAN_POINT ( 'NONE',  ( 23.49999999999997868, 30.86660026534077161, 12.50000000000000000 ) ) ;
#7846 = DIRECTION ( 'NONE',  ( 0.000000000000000000, -1.000000000000000000, 9.717331636706527338E-17 ) ) ;
#7847 = ORIENTED_EDGE ( 'NONE', *, *, #2621, .T. ) ;
#7848 = DIRECTION ( 'NONE',  ( 1.000000000000000000, 0.000000000000000000, 0.000000000000000000 ) ) ;
#7849 = CARTESIAN_POINT ( 'NONE',  ( -48.27727649737935423, -21.50000000000000000, 60.09049161665797811 ) ) ;
#7850 = ORIENTED_EDGE ( 'NONE', *, *, #321, .T. ) ;
#7851 = DIRECTION ( 'NONE',  ( 6.431493630526816445E-17, 1.000000000000000000, 2.900465980453160465E-16 ) ) ;
#7852 = CARTESIAN_POINT ( 'NONE',  ( 27.49999999999999289, 55.00000000000000711, 4.000000000000000000 ) ) ;
#7853 = DIRECTION ( 'NONE',  ( 0.000000000000000000, 0.000000000000000000, -1.000000000000000000 ) ) ;
#7854 = FACE_OUTER_BOUND ( 'NONE', #11720, .T. ) ;
#7855 = DIRECTION ( 'NONE',  ( -1.000000000000000000, 0.000000000000000000, -0.000000000000000000 ) ) ;
#7856 = LINE ( 'NONE', #2923, #11045 ) ;
#7857 = DIRECTION ( 'NONE',  ( -1.000000000000000000, 0.000000000000000000, 0.000000000000000000 ) ) ;
#7858 = DIRECTION ( 'NONE',  ( 1.000000000000000000, 0.000000000000000000, 0.000000000000000000 ) ) ;
#7859 = PRODUCT_DEFINITION_SHAPE ( 'NONE', 'NONE',  #9093 ) ;
#7860 = LINE ( 'NONE', #7797, #9083 ) ;
#7861 = ORIENTED_EDGE ( 'NONE', *, *, #9651, .F. ) ;
#7862 = CARTESIAN_POINT ( 'NONE',  ( -6.499999999999999112, 55.00000000000000000, 12.00000000000001066 ) ) ;
#7863 = ADVANCED_FACE ( 'NONE', ( #5695 ), #4586, .F. ) ;
#7864 = ORIENTED_EDGE ( 'NONE', *, *, #12338, .T. ) ;
#7865 = CARTESIAN_POINT ( 'NONE',  ( -1.500000000000001332, -55.00000000000000711, 12.50000000000000000 ) ) ;
#7866 = DIRECTION ( 'NONE',  ( -0.000000000000000000, -0.000000000000000000, -1.000000000000000000 ) ) ;
#7867 = DIRECTION ( 'NONE',  ( 0.7071067811865474617, 0.000000000000000000, -0.7071067811865474617 ) ) ;
#7868 = DIRECTION ( 'NONE',  ( -0.8191520442889906883, 0.000000000000000000, 0.5735764363510477137 ) ) ;
#7869 = VERTEX_POINT ( 'NONE', #9525 ) ;
#7870 = EDGE_CURVE ( 'NONE', #2855, #9031, #9656, .T. ) ;
#7871 = CARTESIAN_POINT ( 'NONE',  ( -64.74665272665568239, 21.49999999999998934, 39.88233369421119789 ) ) ;
#7872 = CYLINDRICAL_SURFACE ( 'NONE', #2585, 1.499999999999999556 ) ;
#7873 = VERTEX_POINT ( 'NONE', #1678 ) ;
#7874 = ADVANCED_FACE ( 'NONE', ( #642, #12780 ), #7774, .F. ) ;
#7875 = VERTEX_POINT ( 'NONE', #8732 ) ;
#7876 = DIRECTION ( 'NONE',  ( 0.000000000000000000, 1.000000000000000000, -0.000000000000000000 ) ) ;
#7877 = ORIENTED_EDGE ( 'NONE', *, *, #6235, .T. ) ;
#7878 = ORIENTED_EDGE ( 'NONE', *, *, #978, .T. ) ;
#7879 = DIRECTION ( 'NONE',  ( 1.000000000000000000, 1.541976423090495387E-16, 0.000000000000000000 ) ) ;
#7880 = DIRECTION ( 'NONE',  ( 0.000000000000000000, 0.000000000000000000, -1.000000000000000000 ) ) ;
#7881 = DIRECTION ( 'NONE',  ( 0.000000000000000000, 0.000000000000000000, -1.000000000000000000 ) ) ;
#7882 = CARTESIAN_POINT ( 'NONE',  ( -45.00000000000002132, 40.99999999999999289, 12.00000000000001066 ) ) ;
#7883 = VERTEX_POINT ( 'NONE', #10763 ) ;
#7884 = ORIENTED_EDGE ( 'NONE', *, *, #1303, .T. ) ;
#7885 = DIRECTION ( 'NONE',  ( -1.000000000000000000, 0.000000000000000000, 0.000000000000000000 ) ) ;
#7886 = CIRCLE ( 'NONE', #5810, 6.500000000000005329 ) ;
#7887 = ORIENTED_EDGE ( 'NONE', *, *, #12801, .T. ) ;
#7888 = VERTEX_POINT ( 'NONE', #3618 ) ;
#7889 = CARTESIAN_POINT ( 'NONE',  ( -61.44497697265965286, -24.99999999999998579, 41.11072174994716732 ) ) ;
#7890 = ORIENTED_EDGE ( 'NONE', *, *, #5896, .T. ) ;
#7891 = DIRECTION ( 'NONE',  ( -0.000000000000000000, -0.000000000000000000, 1.000000000000000000 ) ) ;
#7892 = EDGE_CURVE ( 'NONE', #12433, #5355, #5758, .T. ) ;
#7893 = ORIENTED_EDGE ( 'NONE', *, *, #1485, .T. ) ;
#7894 = DIRECTION ( 'NONE',  ( 2.449021377849609204E-16, -1.000000000000000000, 0.000000000000000000 ) ) ;
#7895 = CARTESIAN_POINT ( 'NONE',  ( -33.99999999999999289, -49.49999999999999289, 12.50000000000000000 ) ) ;
#7896 = DIRECTION ( 'NONE',  ( -0.000000000000000000, -1.000000000000000000, -0.000000000000000000 ) ) ;
#7897 = FACE_OUTER_BOUND ( 'NONE', #9436, .T. ) ;
#7898 = EDGE_CURVE ( 'NONE', #1413, #9730, #7112, .T. ) ;
#7899 = DIRECTION ( 'NONE',  ( -0.000000000000000000, -0.000000000000000000, 1.000000000000000000 ) ) ;
#7900 = AXIS2_PLACEMENT_3D ( 'NONE', #9538, #10580, #4482 ) ;
#7901 = ORIENTED_EDGE ( 'NONE', *, *, #6235, .F. ) ;
#7902 = EDGE_CURVE ( 'NONE', #6368, #4776, #6604, .T. ) ;
#7903 = EDGE_CURVE ( 'NONE', #11060, #10946, #7579, .T. ) ;
#7904 = DIRECTION ( 'NONE',  ( 0.8191520442889861364, -0.000000000000000000, -0.5735764363510541530 ) ) ;
#7905 = DIRECTION ( 'NONE',  ( -1.000000000000000000, 4.597112642748789558E-16, 0.000000000000000000 ) ) ;
#7906 = EDGE_CURVE ( 'NONE', #11923, #1458, #7696, .T. ) ;
#7907 = ORIENTED_EDGE ( 'NONE', *, *, #1877, .T. ) ;
#7908 = EDGE_CURVE ( 'NONE', #10891, #7749, #11673, .T. ) ;
#7909 = CARTESIAN_POINT ( 'NONE',  ( -67.49123708839555036, 14.49999999999999822, 38.75217588165030946 ) ) ;
#7910 = DIRECTION ( 'NONE',  ( 0.000000000000000000, 0.000000000000000000, -1.000000000000000000 ) ) ;
#7911 = CIRCLE ( 'NONE', #9565, 2.999999999999999112 ) ;
#7912 = VECTOR ( 'NONE', #11417, 1000.000000000000114 ) ;
#7913 = DIRECTION ( 'NONE',  ( 4.625929269271486111E-15, -1.000000000000000000, 0.000000000000000000 ) ) ;
#7914 = DIRECTION ( 'NONE',  ( 0.000000000000000000, -2.813865904202981341E-16, -1.000000000000000000 ) ) ;
#7915 = CARTESIAN_POINT ( 'NONE',  ( -45.00000000000002132, -53.50000000000000711, 25.00000000000000000 ) ) ;
#7916 = DIRECTION ( 'NONE',  ( 0.000000000000000000, 0.000000000000000000, -1.000000000000000000 ) ) ;
#7917 = ORIENTED_EDGE ( 'NONE', *, *, #2034, .T. ) ;
#7918 = LINE ( 'NONE', #9740, #3414 ) ;
#7919 = VECTOR ( 'NONE', #12348, 1000.000000000000000 ) ;
#7920 = AXIS2_PLACEMENT_3D ( 'NONE', #10996, #6632, #9550 ) ;
#7921 = DIRECTION ( 'NONE',  ( 0.000000000000000000, 0.000000000000000000, -1.000000000000000000 ) ) ;
#7922 = VECTOR ( 'NONE', #12042, 1000.000000000000000 ) ;
#7923 = DIRECTION ( 'NONE',  ( -1.000000000000000000, 0.000000000000000000, 0.000000000000000000 ) ) ;
#7924 = EDGE_LOOP ( 'NONE', ( #3094, #4144, #4361, #8918 ) ) ;
#7925 = CARTESIAN_POINT ( 'NONE',  ( 39.99999999999999289, -61.25000000000001421, 0.4000000000000114575 ) ) ;
#7926 = ORIENTED_EDGE ( 'NONE', *, *, #8056, .T. ) ;
#7927 = ADVANCED_FACE ( 'NONE', ( #3678 ), #6545, .F. ) ;
#7928 = DIRECTION ( 'NONE',  ( 0.000000000000000000, 0.000000000000000000, -1.000000000000000000 ) ) ;
#7929 = CYLINDRICAL_SURFACE ( 'NONE', #1948, 1.499999999999999556 ) ;
#7930 = CARTESIAN_POINT ( 'NONE',  ( -1.876944450616047977, -55.00000000000000711, 12.36783142304525818 ) ) ;
#7931 = AXIS2_PLACEMENT_3D ( 'NONE', #3956, #7916, #21 ) ;
#7932 = CARTESIAN_POINT ( 'NONE',  ( -42.80000000000000426, -49.49999999999999289, 12.00000000000003197 ) ) ;
#7933 = VECTOR ( 'NONE', #10759, 1000.000000000000000 ) ;
#7934 = ORIENTED_EDGE ( 'NONE', *, *, #11610, .T. ) ;
#7935 = CARTESIAN_POINT ( 'NONE',  ( 44.99999999999997868, 53.50000000000000711, 4.000000000000000000 ) ) ;
#7936 = ADVANCED_FACE ( 'NONE', ( #9777 ), #2967, .F. ) ;
#7937 = DIRECTION ( 'NONE',  ( -1.000000000000000000, 0.000000000000000000, 0.000000000000000000 ) ) ;
#7938 = EDGE_LOOP ( 'NONE', ( #2570, #10792, #489, #1912 ) ) ;
#7939 = ORIENTED_EDGE ( 'NONE', *, *, #11530, .T. ) ;
#7940 = DIRECTION ( 'NONE',  ( -0.000000000000000000, -0.000000000000000000, 1.000000000000000000 ) ) ;
#7941 = AXIS2_PLACEMENT_3D ( 'NONE', #10065, #9085, #211 ) ;
#7942 = AXIS2_PLACEMENT_3D ( 'NONE', #11143, #8405, #6210 ) ;
#7943 = ORIENTED_EDGE ( 'NONE', *, *, #6758, .F. ) ;
#7944 = DIRECTION ( 'NONE',  ( 0.5735764363510448272, 0.000000000000000000, 0.8191520442889926867 ) ) ;
#7945 = EDGE_LOOP ( 'NONE', ( #9709, #8816, #5213, #7026 ) ) ;
#7946 = CARTESIAN_POINT ( 'NONE',  ( -40.50000000000000000, -41.00000000000000711, 4.000000000000000000 ) ) ;
#7947 = DIRECTION ( 'NONE',  ( -0.000000000000000000, -0.000000000000000000, 1.000000000000000000 ) ) ;
#7948 = CARTESIAN_POINT ( 'NONE',  ( -6.500000000000005329, 55.00000000000000000, 17.10000000000000142 ) ) ;
#7949 = LINE ( 'NONE', #2174, #4244 ) ;
#7950 = ORIENTED_EDGE ( 'NONE', *, *, #6966, .F. ) ;
#7951 = ORIENTED_EDGE ( 'NONE', *, *, #453, .F. ) ;
#7952 = VECTOR ( 'NONE', #842, 1000.000000000000000 ) ;
#7953 = CIRCLE ( 'NONE', #11053, 1.700000000000004174 ) ;
#7954 = AXIS2_PLACEMENT_3D ( 'NONE', #5730, #812, #4755 ) ;
#7955 = DIRECTION ( 'NONE',  ( -1.000000000000000000, 0.000000000000000000, 0.000000000000000000 ) ) ;
#7956 = EDGE_LOOP ( 'NONE', ( #10032, #10484, #8251, #7612 ) ) ;
#7957 = ORIENTED_EDGE ( 'NONE', *, *, #2931, .T. ) ;
#7958 = DIRECTION ( 'NONE',  ( -0.8191520442889907994, -0.000000000000000000, 0.5735764363510478248 ) ) ;
#7959 = ORIENTED_EDGE ( 'NONE', *, *, #8554, .F. ) ;
#7960 = ADVANCED_FACE ( 'NONE', ( #3040 ), #195, .F. ) ;
#7961 = AXIS2_PLACEMENT_3D ( 'NONE', #2778, #897, #4849 ) ;
#7962 = DIRECTION ( 'NONE',  ( 0.7071067811865474617, 0.000000000000000000, -0.7071067811865474617 ) ) ;
#7963 = VECTOR ( 'NONE', #9275, 999.9999999999998863 ) ;
#7964 = AXIS2_PLACEMENT_3D ( 'NONE', #9690, #4387, #1781 ) ;
#7965 = EDGE_LOOP ( 'NONE', ( #3443, #53, #12425, #7798 ) ) ;
#7966 = PLANE ( 'NONE',  #2369 ) ;
#7967 = DIRECTION ( 'NONE',  ( -0.000000000000000000, -0.000000000000000000, 1.000000000000000000 ) ) ;
#7968 = CYLINDRICAL_SURFACE ( 'NONE', #7972, 1.700000000000000178 ) ;
#7969 = EDGE_CURVE ( 'NONE', #11661, #10814, #7121, .T. ) ;
#7970 = LINE ( 'NONE', #3163, #2948 ) ;
#7971 = CIRCLE ( 'NONE', #11292, 1.700000000000004174 ) ;
#7972 = AXIS2_PLACEMENT_3D ( 'NONE', #7000, #9064, #7061 ) ;
#7973 = EDGE_CURVE ( 'NONE', #4492, #7888, #6152, .T. ) ;
#7974 = AXIS2_PLACEMENT_3D ( 'NONE', #105, #10011, #7741 ) ;
#7975 = CARTESIAN_POINT ( 'NONE',  ( 8.999999999999992895, 8.500000000000003553, 12.50000000000000000 ) ) ;
#7976 = ORIENTED_EDGE ( 'NONE', *, *, #3381, .F. ) ;
#7977 = FACE_BOUND ( 'NONE', #12738, .T. ) ;
#7978 = DIRECTION ( 'NONE',  ( 2.891205793294678326E-16, -1.000000000000000000, 0.000000000000000000 ) ) ;
#7979 = ORIENTED_EDGE ( 'NONE', *, *, #8302, .F. ) ;
#7980 = CARTESIAN_POINT ( 'NONE',  ( -0.9999999999999995559, -3.000000000000009326, 12.50000000000000000 ) ) ;
#7981 = LINE ( 'NONE', #2984, #271 ) ;
#7982 = CONICAL_SURFACE ( 'NONE', #5914, 4.899999999999992362, 0.7853981633974562726 ) ;
#7983 = VECTOR ( 'NONE', #9195, 1000.000000000000000 ) ;
#7984 = EDGE_CURVE ( 'NONE', #3128, #1413, #1930, .T. ) ;
#7985 = CARTESIAN_POINT ( 'NONE',  ( -50.43953188467452975, -21.50000000000000000, 63.80191339814725637 ) ) ;
#7986 = FACE_BOUND ( 'NONE', #9758, .T. ) ;
#7987 = ADVANCED_FACE ( 'NONE', ( #10953 ), #8091, .F. ) ;
#7988 = ADVANCED_FACE ( 'NONE', ( #12062 ), #10893, .T. ) ;
#7989 = EDGE_CURVE ( 'NONE', #8490, #10482, #6, .T. ) ;
#7990 = FACE_OUTER_BOUND ( 'NONE', #4389, .T. ) ;
#7991 = ORIENTED_EDGE ( 'NONE', *, *, #2745, .T. ) ;
#7992 = AXIS2_PLACEMENT_3D ( 'NONE', #7223, #8001, #11177 ) ;
#7993 = CARTESIAN_POINT ( 'NONE',  ( 30.39999999999999503, -62.50000000000001421, 0.000000000000000000 ) ) ;
#7994 = VECTOR ( 'NONE', #3517, 1000.000000000000000 ) ;
#7995 = CARTESIAN_POINT ( 'NONE',  ( -45.00000000000002132, -55.00000000000000711, 12.50000000000000000 ) ) ;
#7996 = CARTESIAN_POINT ( 'NONE',  ( -7.999999999999974243, 21.00000000000000000, 12.00000000000000000 ) ) ;
#7997 = ORIENTED_EDGE ( 'NONE', *, *, #7357, .T. ) ;
#7998 = ADVANCED_FACE ( 'NONE', ( #8032 ), #3876, .F. ) ;
#7999 = FACE_OUTER_BOUND ( 'NONE', #5023, .T. ) ;
#8000 = ORIENTED_EDGE ( 'NONE', *, *, #8009, .F. ) ;
#8001 = DIRECTION ( 'NONE',  ( 1.000000000000000000, 1.541976423090495387E-16, 0.000000000000000000 ) ) ;
#8002 = LINE ( 'NONE', #6968, #1138 ) ;
#8003 = AXIS2_PLACEMENT_3D ( 'NONE', #7381, #2449, #10908 ) ;
#8004 = PLANE ( 'NONE',  #6656 ) ;
#8005 = DIRECTION ( 'NONE',  ( 0.5735764363510539310, 0.000000000000000000, 0.8191520442889863585 ) ) ;
#8006 = EDGE_LOOP ( 'NONE', ( #5512, #4942 ) ) ;
#8007 = CYLINDRICAL_SURFACE ( 'NONE', #6949, 5.000000000000004441 ) ;
#8008 = CARTESIAN_POINT ( 'NONE',  ( 34.99999999999999289, -62.50000000000001421, 19.00000000000000355 ) ) ;
#8009 = EDGE_CURVE ( 'NONE', #6837, #11261, #5652, .T. ) ;
#8011 = ORIENTED_EDGE ( 'NONE', *, *, #4399, .F. ) ;
#8010 = EDGE_CURVE ( 'NONE', #3655, #4260, #8344, .T. ) ;
#8012 = DIRECTION ( 'NONE',  ( -0.000000000000000000, -0.000000000000000000, -1.000000000000000000 ) ) ;
#8013 = ORIENTED_EDGE ( 'NONE', *, *, #11165, .F. ) ;
#8014 = CARTESIAN_POINT ( 'NONE',  ( -40.50000000000000000, -49.49999999999999289, 2.500000000000000000 ) ) ;
#8015 = ORIENTED_EDGE ( 'NONE', *, *, #9323, .T. ) ;
#8016 = CARTESIAN_POINT ( 'NONE',  ( -49.83366538152844072, 21.50000000000000000, 61.18028684572495735 ) ) ;
#8017 = CARTESIAN_POINT ( 'NONE',  ( 9.000000000000000000, 53.50000000000000000, 4.000000000000000000 ) ) ;
#8018 = CARTESIAN_POINT ( 'NONE',  ( -29.99999999999998579, 62.50000000000001421, 45.15564437074637993 ) ) ;
#8019 = FACE_OUTER_BOUND ( 'NONE', #5543, .T. ) ;
#8020 = ORIENTED_EDGE ( 'NONE', *, *, #10375, .F. ) ;
#8021 = ORIENTED_EDGE ( 'NONE', *, *, #8222, .F. ) ;
#8022 = LINE ( 'NONE', #9840, #5606 ) ;
#8023 = ORIENTED_EDGE ( 'NONE', *, *, #5372, .T. ) ;
#8024 = VERTEX_POINT ( 'NONE', #5957 ) ;
#8025 = VECTOR ( 'NONE', #4713, 1000.000000000000000 ) ;
#8026 = CARTESIAN_POINT ( 'NONE',  ( -27.99999999999998224, -55.00000000000000711, 4.000000000000000000 ) ) ;
#8027 = AXIS2_PLACEMENT_3D ( 'NONE', #4416, #412, #6244 ) ;
#8028 = ORIENTED_EDGE ( 'NONE', *, *, #12190, .F. ) ;
#8029 = DIRECTION ( 'NONE',  ( -0.8191520442889906883, -0.000000000000000000, 0.5735764363510477137 ) ) ;
#8030 = ORIENTED_EDGE ( 'NONE', *, *, #12322, .F. ) ;
#8031 = FACE_OUTER_BOUND ( 'NONE', #3463, .T. ) ;
#8032 = FACE_OUTER_BOUND ( 'NONE', #4124, .T. ) ;
#8033 = FACE_OUTER_BOUND ( 'NONE', #4309, .T. ) ;
#8034 = VECTOR ( 'NONE', #3656, 1000.000000000000000 ) ;
#8035 = DIRECTION ( 'NONE',  ( 0.5735764363510474917, 0.000000000000000000, 0.8191520442889906883 ) ) ;
#8036 = VECTOR ( 'NONE', #9539, 1000.000000000000000 ) ;
#8037 = CARTESIAN_POINT ( 'NONE',  ( -49.85873295836848484, -21.79999999999999361, 57.65759304458478596 ) ) ;
#8038 = EDGE_CURVE ( 'NONE', #699, #3962, #6930, .T. ) ;
#8039 = DIRECTION ( 'NONE',  ( -1.000000000000000000, 0.000000000000000000, 0.000000000000000000 ) ) ;
#8040 = ORIENTED_EDGE ( 'NONE', *, *, #6680, .F. ) ;
#8041 = DIRECTION ( 'NONE',  ( 0.000000000000000000, 0.000000000000000000, -1.000000000000000000 ) ) ;
#8042 = DIRECTION ( 'NONE',  ( 0.000000000000000000, 0.000000000000000000, -1.000000000000000000 ) ) ;
#8043 = ORIENTED_EDGE ( 'NONE', *, *, #11998, .F. ) ;
#8044 = EDGE_CURVE ( 'NONE', #6350, #6597, #11812, .T. ) ;
#8045 = CIRCLE ( 'NONE', #9908, 2.999999999999999112 ) ;
#8046 = CARTESIAN_POINT ( 'NONE',  ( -43.74999999999999289, -53.75000000000000711, 0.000000000000000000 ) ) ;
#8047 = DIRECTION ( 'NONE',  ( -1.000000000000000000, 0.000000000000000000, 0.000000000000000000 ) ) ;
#8048 = LINE ( 'NONE', #8342, #6755 ) ;
#8049 = DIRECTION ( 'NONE',  ( -1.000000000000000000, 0.000000000000000000, 0.000000000000000000 ) ) ;
#8050 = AXIS2_PLACEMENT_3D ( 'NONE', #1585, #11629, #6686 ) ;
#8051 = CARTESIAN_POINT ( 'NONE',  ( -63.08328106123759227, -21.80000000000000071, 42.25787462264924699 ) ) ;
#8052 = EDGE_LOOP ( 'NONE', ( #12497, #9501, #816, #8260 ) ) ;
#8053 = DIRECTION ( 'NONE',  ( 0.000000000000000000, 2.583640512040920244E-16, -1.000000000000000000 ) ) ;
#8054 = DIRECTION ( 'NONE',  ( -0.000000000000000000, -0.000000000000000000, 1.000000000000000000 ) ) ;
#8055 = DIRECTION ( 'NONE',  ( -2.875224369628253549E-16, -1.000000000000000000, -0.000000000000000000 ) ) ;
#8056 = EDGE_CURVE ( 'NONE', #5547, #5013, #4204, .T. ) ;
#8057 = EDGE_LOOP ( 'NONE', ( #8061, #2071, #1566, #12690 ) ) ;
#8058 = DIRECTION ( 'NONE',  ( 0.000000000000000000, 1.000000000000000000, -2.168404344971008079E-15 ) ) ;
#8059 = AXIS2_PLACEMENT_3D ( 'NONE', #6601, #10561, #9582 ) ;
#8060 = EDGE_CURVE ( 'NONE', #8637, #1861, #7323, .T. ) ;
#8061 = ORIENTED_EDGE ( 'NONE', *, *, #11791, .F. ) ;
#8062 = CARTESIAN_POINT ( 'NONE',  ( 33.49999999999998579, -53.49999999999998579, 11.99999999999998224 ) ) ;
#8063 = CARTESIAN_POINT ( 'NONE',  ( -29.99999999999998579, -61.25000000000001421, 45.15564437074637993 ) ) ;
#8064 = DIRECTION ( 'NONE',  ( 1.000000000000000000, 5.737455619489484277E-16, 0.000000000000000000 ) ) ;
#8065 = DIRECTION ( 'NONE',  ( 0.8191520442889861364, -0.000000000000000000, -0.5735764363510541530 ) ) ;
#8066 = ORIENTED_EDGE ( 'NONE', *, *, #2963, .F. ) ;
#8067 = PLANE ( 'NONE',  #4607 ) ;
#8068 = CARTESIAN_POINT ( 'NONE',  ( -64.74665272665568239, -21.50000000000000000, 39.88233369421119789 ) ) ;
#8069 = VERTEX_POINT ( 'NONE', #6999 ) ;
#8070 = FACE_OUTER_BOUND ( 'NONE', #9810, .T. ) ;
#8071 = EDGE_CURVE ( 'NONE', #1206, #7181, #3371, .T. ) ;
#8072 = ORIENTED_EDGE ( 'NONE', *, *, #10204, .F. ) ;
#8073 = EDGE_CURVE ( 'NONE', #11897, #1428, #1107, .T. ) ;
#8074 = CARTESIAN_POINT ( 'NONE',  ( 47.50000000000000711, -53.75000000000000711, 25.00000000000000000 ) ) ;
#8075 = ORIENTED_EDGE ( 'NONE', *, *, #3666, .F. ) ;
#8076 = DIRECTION ( 'NONE',  ( 0.5735764363510494901, 0.000000000000000000, 0.8191520442889894671 ) ) ;
#8077 = CARTESIAN_POINT ( 'NONE',  ( -23.99999999999995381, -53.50000000000000711, 12.50000000000000000 ) ) ;
#8078 = DIRECTION ( 'NONE',  ( -1.000000000000000000, 0.000000000000000000, 0.000000000000000000 ) ) ;
#8079 = DIRECTION ( 'NONE',  ( -1.000000000000000000, 0.000000000000000000, 0.000000000000000000 ) ) ;
#8080 = EDGE_LOOP ( 'NONE', ( #3033, #2146, #7178, #1379 ) ) ;
#8081 = ORIENTED_EDGE ( 'NONE', *, *, #2579, .F. ) ;
#8082 = EDGE_CURVE ( 'NONE', #5963, #3326, #12294, .T. ) ;
#8083 = CARTESIAN_POINT ( 'NONE',  ( -37.29999999999998295, -62.50000000000001421, 19.00000000000000355 ) ) ;
#8084 = ORIENTED_EDGE ( 'NONE', *, *, #9903, .T. ) ;
#8085 = ORIENTED_EDGE ( 'NONE', *, *, #7248, .T. ) ;
#8086 = CARTESIAN_POINT ( 'NONE',  ( -48.27727649737935423, -21.50000000000000000, 60.09049161665797811 ) ) ;
#8087 = VERTEX_POINT ( 'NONE', #12193 ) ;
#8088 = DIRECTION ( 'NONE',  ( -0.8191520442889907994, -0.000000000000000000, 0.5735764363510478248 ) ) ;
#8089 = VERTEX_POINT ( 'NONE', #11205 ) ;
#8090 = CARTESIAN_POINT ( 'NONE',  ( 21.49999999999995381, 53.50000000000000000, 12.50000000000000000 ) ) ;
#8091 = CYLINDRICAL_SURFACE ( 'NONE', #899, 1.750000000000001554 ) ;
#8092 = CYLINDRICAL_SURFACE ( 'NONE', #12126, 1.500000000000001332 ) ;
#8093 = LINE ( 'NONE', #6408, #11665 ) ;
#8094 = AXIS2_PLACEMENT_3D ( 'NONE', #5230, #8165, #7130 ) ;
#8095 = PLANE ( 'NONE',  #3524 ) ;
#8096 = DIRECTION ( 'NONE',  ( 1.000000000000000000, 0.000000000000000000, 0.000000000000000000 ) ) ;
#8097 = ORIENTED_EDGE ( 'NONE', *, *, #10837, .T. ) ;
#8098 = EDGE_CURVE ( 'NONE', #11524, #9772, #3173, .T. ) ;
#8099 = CARTESIAN_POINT ( 'NONE',  ( -33.29999999999999005, -62.50000000000001421, 13.00000000000000178 ) ) ;
#8100 = CARTESIAN_POINT ( 'NONE',  ( -43.50000000000002132, 42.99999999999998579, 12.50000000000000000 ) ) ;
#8101 = ORIENTED_EDGE ( 'NONE', *, *, #3276, .T. ) ;
#8102 = AXIS2_PLACEMENT_3D ( 'NONE', #5560, #2696, #6596 ) ;
#8103 = FACE_OUTER_BOUND ( 'NONE', #11133, .T. ) ;
#8104 = PLANE ( 'NONE',  #6476 ) ;
#8105 = ADVANCED_FACE ( 'NONE', ( #2311 ), #8159, .T. ) ;
#8106 = CARTESIAN_POINT ( 'NONE',  ( 10.49999999999999289, 12.49999999999999289, 4.000000000000000000 ) ) ;
#8107 = CYLINDRICAL_SURFACE ( 'NONE', #11653, 3.749999999999996447 ) ;
#8108 = AXIS2_PLACEMENT_3D ( 'NONE', #11044, #10077, #10329 ) ;
#8109 = PLANE ( 'NONE',  #708 ) ;
#8110 = ORIENTED_EDGE ( 'NONE', *, *, #206, .T. ) ;
#8111 = DIRECTION ( 'NONE',  ( 0.000000000000000000, 0.000000000000000000, -1.000000000000000000 ) ) ;
#8112 = DIRECTION ( 'NONE',  ( 0.8191520442889906883, -0.000000000000000000, -0.5735764363510477137 ) ) ;
#8113 = LINE ( 'NONE', #6415, #600 ) ;
#8114 = AXIS2_PLACEMENT_3D ( 'NONE', #10178, #10121, #9019 ) ;
#8115 = ORIENTED_EDGE ( 'NONE', *, *, #2831, .F. ) ;
#8116 = CARTESIAN_POINT ( 'NONE',  ( 3.000000000000008438, -55.00000000000000711, 2.500000000000000000 ) ) ;
#8117 = EDGE_CURVE ( 'NONE', #11689, #3128, #3382, .T. ) ;
#8118 = VERTEX_POINT ( 'NONE', #12313 ) ;
#8119 = DIRECTION ( 'NONE',  ( 0.000000000000000000, 0.000000000000000000, 1.000000000000000000 ) ) ;
#8120 = CARTESIAN_POINT ( 'NONE',  ( -40.50000000000000000, -42.50000000000000711, 12.00000000000001066 ) ) ;
#8121 = CYLINDRICAL_SURFACE ( 'NONE', #5530, 1.500000000000001332 ) ;
#8122 = EDGE_LOOP ( 'NONE', ( #1456, #4833 ) ) ;
#8123 = EDGE_CURVE ( 'NONE', #12050, #9765, #9797, .T. ) ;
#8124 = CIRCLE ( 'NONE', #3152, 1.999999999999998224 ) ;
#8125 = AXIS2_PLACEMENT_3D ( 'NONE', #4901, #3923, #7881 ) ;
#8126 = DIRECTION ( 'NONE',  ( 0.000000000000000000, 0.000000000000000000, -1.000000000000000000 ) ) ;
#8127 = MECHANICAL_DESIGN_GEOMETRIC_PRESENTATION_REPRESENTATION (  '', ( #8956 ), #4187 ) ;
#8128 = CARTESIAN_POINT ( 'NONE',  ( -29.99999999999998579, 61.25000000000001421, 45.15564437074637993 ) ) ;
#8129 = EDGE_CURVE ( 'NONE', #5818, #12146, #12381, .T. ) ;
#8130 = ORIENTED_EDGE ( 'NONE', *, *, #4961, .F. ) ;
#8131 = CARTESIAN_POINT ( 'NONE',  ( 45.65861839184334769, -14.49999999999999822, -2.632193621347353574 ) ) ;
#8132 = ORIENTED_EDGE ( 'NONE', *, *, #10562, .F. ) ;
#8133 = FACE_OUTER_BOUND ( 'NONE', #11211, .T. ) ;
#8134 = AXIS2_PLACEMENT_3D ( 'NONE', #3177, #2135, #7141 ) ;
#8135 = VERTEX_POINT ( 'NONE', #2448 ) ;
#8136 = AXIS2_PLACEMENT_3D ( 'NONE', #554, #4555, #7368 ) ;
#8137 = AXIS2_PLACEMENT_3D ( 'NONE', #6438, #11320, #1394 ) ;
#8138 = DIRECTION ( 'NONE',  ( 0.8191520442889812514, -0.000000000000000000, -0.5735764363510611474 ) ) ;
#8139 = SPHERICAL_SURFACE ( 'NONE', #5879, 1.500000000000000000 ) ;
#8140 = DIRECTION ( 'NONE',  ( -1.000000000000000000, 0.000000000000000000, 0.000000000000000000 ) ) ;
#8141 = EDGE_CURVE ( 'NONE', #10605, #11669, #12251, .T. ) ;
#8142 = CARTESIAN_POINT ( 'NONE',  ( -40.50000000000000000, -49.49999999999999289, 12.50000000000000000 ) ) ;
#8143 = ORIENTED_EDGE ( 'NONE', *, *, #2266, .T. ) ;
#8144 = ORIENTED_EDGE ( 'NONE', *, *, #4316, .T. ) ;
#8145 = LINE ( 'NONE', #3217, #6938 ) ;
#8146 = EDGE_CURVE ( 'NONE', #1034, #9775, #9258, .T. ) ;
#8147 = EDGE_CURVE ( 'NONE', #3674, #8636, #10298, .T. ) ;
#8148 = CIRCLE ( 'NONE', #4002, 4.150000000000014566 ) ;
#8149 = AXIS2_PLACEMENT_3D ( 'NONE', #10464, #2617, #3569 ) ;
#8150 = CIRCLE ( 'NONE', #7731, 1.700000000000004174 ) ;
#8151 = VERTEX_POINT ( 'NONE', #3417 ) ;
#8152 = ORIENTED_EDGE ( 'NONE', *, *, #4973, .T. ) ;
#8153 = CARTESIAN_POINT ( 'NONE',  ( 21.49999999999999289, 6.500000000000002665, 12.00000000000000000 ) ) ;
#8154 = ORIENTED_EDGE ( 'NONE', *, *, #9009, .T. ) ;
#8155 = CARTESIAN_POINT ( 'NONE',  ( 4.122953455207835738, 55.00000000000000711, 12.36776389409516419 ) ) ;
#8156 = ORIENTED_EDGE ( 'NONE', *, *, #5923, .T. ) ;
#8157 = CARTESIAN_POINT ( 'NONE',  ( 2.999999999999996891, 55.00000000000000000, 12.00000000000000000 ) ) ;
#8158 = ADVANCED_FACE ( 'NONE', ( #1416 ), #10162, .F. ) ;
#8159 = CYLINDRICAL_SURFACE ( 'NONE', #5866, 7.000000000000006217 ) ;
#8160 = VECTOR ( 'NONE', #11830, 1000.000000000000114 ) ;
#8161 = CONICAL_SURFACE ( 'NONE', #8766, 2.000000000000000000, 0.7853981633974466137 ) ;
#8163 = AXIS2_PLACEMENT_3D ( 'NONE', #2280, #11962, #7084 ) ;
#8162 = DIRECTION ( 'NONE',  ( -0.000000000000000000, -1.000000000000000000, -0.000000000000000000 ) ) ;
#8164 = CARTESIAN_POINT ( 'NONE',  ( -60.54591933354954847, -19.39999999999998437, 42.39470912518856238 ) ) ;
#8165 = DIRECTION ( 'NONE',  ( 1.000000000000000000, 0.000000000000000000, -0.000000000000000000 ) ) ;
#8166 = CARTESIAN_POINT ( 'NONE',  ( -34.99999999999999289, -62.50000000000001421, 45.15564437074637993 ) ) ;
#8167 = VERTEX_POINT ( 'NONE', #5361 ) ;
#8168 = VECTOR ( 'NONE', #2007, 1000.000000000000000 ) ;
#8169 = PLANE ( 'NONE',  #5048 ) ;
#8170 = AXIS2_PLACEMENT_3D ( 'NONE', #4947, #1968, #10002 ) ;
#8171 = VECTOR ( 'NONE', #8288, 1000.000000000000114 ) ;
#8172 = CARTESIAN_POINT ( 'NONE',  ( 7.677124344467725514, 55.00000000000000000, 12.50000000000000000 ) ) ;
#8173 = EDGE_CURVE ( 'NONE', #2376, #5273, #9318, .T. ) ;
#8174 = ORIENTED_EDGE ( 'NONE', *, *, #8687, .T. ) ;
#8175 = FACE_OUTER_BOUND ( 'NONE', #5686, .T. ) ;
#8176 = CARTESIAN_POINT ( 'NONE',  ( 4.499999999999998224, 53.50000000000000000, 4.000000000000000000 ) ) ;
#8177 = DIRECTION ( 'NONE',  ( 0.000000000000000000, 1.000000000000000000, -0.000000000000000000 ) ) ;
#8178 = AXIS2_PLACEMENT_3D ( 'NONE', #12607, #9610, #7657 ) ;
#8179 = CARTESIAN_POINT ( 'NONE',  ( -29.99999999999998579, -61.25000000000001421, 0.4000000000000114575 ) ) ;
#8180 = ORIENTED_EDGE ( 'NONE', *, *, #11631, .F. ) ;
#8181 = DIRECTION ( 'NONE',  ( -0.000000000000000000, 1.000000000000000000, 0.000000000000000000 ) ) ;
#8182 = DIRECTION ( 'NONE',  ( 1.000000000000000000, 0.000000000000000000, 0.000000000000000000 ) ) ;
#8183 = EDGE_LOOP ( 'NONE', ( #1411, #7308, #10116, #11843 ) ) ;
#8184 = AXIS2_PLACEMENT_3D ( 'NONE', #7946, #45, #10802 ) ;
#8185 = VECTOR ( 'NONE', #4832, 1000.000000000000000 ) ;
#8186 = CYLINDRICAL_SURFACE ( 'NONE', #12214, 1.700000000000000178 ) ;
#8187 = CIRCLE ( 'NONE', #6727, 2.299999999999996270 ) ;
#8188 = VERTEX_POINT ( 'NONE', #7380 ) ;
#8189 = DIRECTION ( 'NONE',  ( 1.584603175171121998E-16, -1.000000000000000000, -0.000000000000000000 ) ) ;
#8190 = ORIENTED_EDGE ( 'NONE', *, *, #6204, .F. ) ;
#8191 = CARTESIAN_POINT ( 'NONE',  ( -8.000000000000001776, 53.50000000000000000, 4.000000000000000000 ) ) ;
#8192 = CARTESIAN_POINT ( 'NONE',  ( -6.499999999999999112, 25.50000000000000355, 4.000000000000000000 ) ) ;
#8193 = CARTESIAN_POINT ( 'NONE',  ( 32.69999999999999574, -62.50000000000001421, 19.00000000000000355 ) ) ;
#8194 = ORIENTED_EDGE ( 'NONE', *, *, #2393, .T. ) ;
#8195 = CIRCLE ( 'NONE', #10895, 6.999999999999999112 ) ;
#8196 = VECTOR ( 'NONE', #7175, 1000.000000000000000 ) ;
#8197 = CARTESIAN_POINT ( 'NONE',  ( -33.50000000000000000, -53.50000000000000711, 12.00000000000001066 ) ) ;
#8198 = ADVANCED_FACE ( 'NONE', ( #437 ), #4404, .F. ) ;
#8199 = LINE ( 'NONE', #9296, #6314 ) ;
#8200 = ORIENTED_EDGE ( 'NONE', *, *, #9263, .F. ) ;
#8201 = DIRECTION ( 'NONE',  ( 1.000000000000000000, 1.541976423090495387E-16, -0.000000000000000000 ) ) ;
#8202 = ORIENTED_EDGE ( 'NONE', *, *, #6623, .T. ) ;
#8203 = ADVANCED_FACE ( 'NONE', ( #4381 ), #4450, .F. ) ;
#8204 = DIRECTION ( 'NONE',  ( 1.000000000000000000, 0.000000000000000000, 0.000000000000000000 ) ) ;
#8205 = AXIS2_PLACEMENT_3D ( 'NONE', #2342, #12225, #11503 ) ;
#8206 = EDGE_LOOP ( 'NONE', ( #6768, #9022, #8320, #3842 ) ) ;
#8207 = DIRECTION ( 'NONE',  ( -1.000000000000000000, 0.000000000000000000, 0.000000000000000000 ) ) ;
#8208 = DIRECTION ( 'NONE',  ( 0.000000000000000000, 0.000000000000000000, -1.000000000000000000 ) ) ;
#8209 = DIRECTION ( 'NONE',  ( 1.000000000000000000, 0.000000000000000000, 0.000000000000000000 ) ) ;
#8210 = CARTESIAN_POINT ( 'NONE',  ( 21.49999999999999289, 10.99999999999999645, 12.00000000000000000 ) ) ;
#8211 = ORIENTED_EDGE ( 'NONE', *, *, #4009, .F. ) ;
#8212 = EDGE_LOOP ( 'NONE', ( #4311, #8322, #10103, #6920 ) ) ;
#8213 = DIRECTION ( 'NONE',  ( -0.000000000000000000, -0.000000000000000000, -1.000000000000000000 ) ) ;
#8214 = AXIS2_PLACEMENT_3D ( 'NONE', #4868, #9866, #986 ) ;
#8215 = VERTEX_POINT ( 'NONE', #251 ) ;
#8216 = ORIENTED_EDGE ( 'NONE', *, *, #2914, .T. ) ;
#8217 = DIRECTION ( 'NONE',  ( -0.000000000000000000, -0.000000000000000000, -1.000000000000000000 ) ) ;
#8218 = ORIENTED_EDGE ( 'NONE', *, *, #11998, .T. ) ;
#8219 = EDGE_CURVE ( 'NONE', #8805, #9728, #501, .T. ) ;
#8220 = LINE ( 'NONE', #7186, #5239 ) ;
#8221 = EDGE_LOOP ( 'NONE', ( #4162, #1922, #9715, #6378 ) ) ;
#8222 = EDGE_CURVE ( 'NONE', #4951, #3280, #2505, .T. ) ;
#8223 = CARTESIAN_POINT ( 'NONE',  ( -61.44497697265965286, 21.79999999999999361, 41.11072174994716732 ) ) ;
#8224 = CARTESIAN_POINT ( 'NONE',  ( 36.69999999999998863, -62.50000000000001421, 25.00000000000000000 ) ) ;
#8225 = EDGE_CURVE ( 'NONE', #8721, #10158, #7440, .T. ) ;
#8226 = EDGE_CURVE ( 'NONE', #660, #1847, #5416, .T. ) ;
#8227 = CYLINDRICAL_SURFACE ( 'NONE', #7367, 2.999999999999999112 ) ;
#8228 = DIRECTION ( 'NONE',  ( 1.000000000000000000, 0.000000000000000000, 0.000000000000000000 ) ) ;
#8229 = CARTESIAN_POINT ( 'NONE',  ( -69.88855255229850627, 21.79999999999999361, 71.68262371323518778 ) ) ;
#8230 = AXIS2_PLACEMENT_3D ( 'NONE', #5140, #1317, #9099 ) ;
#8231 = DIRECTION ( 'NONE',  ( -0.5735764363510584829, 0.000000000000000000, -0.8191520442889831388 ) ) ;
#8232 = ORIENTED_EDGE ( 'NONE', *, *, #4517, .T. ) ;
#8233 = EDGE_CURVE ( 'NONE', #10602, #6570, #8148, .T. ) ;
#8234 = CARTESIAN_POINT ( 'NONE',  ( 21.49999999999995381, 53.50000000000000000, 4.000000000000000000 ) ) ;
#8235 = ORIENTED_EDGE ( 'NONE', *, *, #936, .T. ) ;
#8236 = DIRECTION ( 'NONE',  ( 0.5735764363510473807, 0.000000000000000000, 0.8191520442889909104 ) ) ;
#8237 = CARTESIAN_POINT ( 'NONE',  ( 8.999999999999994671, 8.000000000000001776, 4.000000000000000000 ) ) ;
#8238 = EDGE_CURVE ( 'NONE', #1263, #532, #1852, .T. ) ;
#8239 = AXIS2_PLACEMENT_3D ( 'NONE', #10499, #4772, #12575 ) ;
#8240 = VERTEX_POINT ( 'NONE', #8527 ) ;
#8241 = DIRECTION ( 'NONE',  ( 0.000000000000000000, -0.000000000000000000, 1.000000000000000000 ) ) ;
#8242 = CARTESIAN_POINT ( 'NONE',  ( 27.50000000000000711, 6.500000000000003553, 4.000000000000000000 ) ) ;
#8243 = EDGE_LOOP ( 'NONE', ( #6583, #6779, #5072, #8132 ) ) ;
#8244 = AXIS2_PLACEMENT_3D ( 'NONE', #11788, #3976, #950 ) ;
#8245 = DIRECTION ( 'NONE',  ( 0.000000000000000000, 0.000000000000000000, -1.000000000000000000 ) ) ;
#8247 = CIRCLE ( 'NONE', #3889, 4.900000000000087397 ) ;
#8246 = LINE ( 'NONE', #6424, #795 ) ;
#8248 = ORIENTED_EDGE ( 'NONE', *, *, #11893, .F. ) ;
#8249 = EDGE_LOOP ( 'NONE', ( #878, #6252, #12258, #5797 ) ) ;
#8250 = CARTESIAN_POINT ( 'NONE',  ( 33.29999999999999005, 62.50000000000001421, 25.00000000000000000 ) ) ;
#8251 = ORIENTED_EDGE ( 'NONE', *, *, #8219, .T. ) ;
#8252 = CARTESIAN_POINT ( 'NONE',  ( 33.29999999999999005, -62.50000000000001421, 19.00000000000000355 ) ) ;
#8253 = AXIS2_PLACEMENT_3D ( 'NONE', #3960, #1834, #10784 ) ;
#8254 = DIRECTION ( 'NONE',  ( 1.000000000000000000, 0.000000000000000000, 0.000000000000000000 ) ) ;
#8255 = CONICAL_SURFACE ( 'NONE', #8632, 2.000000000000000444, 0.7853981633974482790 ) ;
#8256 = DIRECTION ( 'NONE',  ( -0.8191520442889907994, -0.000000000000000000, 0.5735764363510478248 ) ) ;
#8257 = ORIENTED_EDGE ( 'NONE', *, *, #10916, .T. ) ;
#8258 = DIRECTION ( 'NONE',  ( 1.000000000000000000, 0.000000000000000000, 0.000000000000000000 ) ) ;
#8259 = DIRECTION ( 'NONE',  ( 0.000000000000000000, -1.000000000000000000, 0.000000000000000000 ) ) ;
#8260 = ORIENTED_EDGE ( 'NONE', *, *, #3392, .F. ) ;
#8261 = EDGE_CURVE ( 'NONE', #1819, #1486, #2343, .T. ) ;
#8262 = VECTOR ( 'NONE', #12087, 1000.000000000000000 ) ;
#8263 = CARTESIAN_POINT ( 'NONE',  ( -34.99999999999999289, -62.50000000000001421, 25.00000000000000000 ) ) ;
#8264 = ORIENTED_EDGE ( 'NONE', *, *, #8261, .T. ) ;
#8265 = DIRECTION ( 'NONE',  ( 8.393823270855517276E-16, -1.000000000000000000, 0.000000000000000000 ) ) ;
#8266 = VERTEX_POINT ( 'NONE', #12565 ) ;
#8267 = CARTESIAN_POINT ( 'NONE',  ( -10.49999999999998046, 24.00000000000000000, 12.50000000000000000 ) ) ;
#8268 = CARTESIAN_POINT ( 'NONE',  ( -65.32022916300672932, 21.49999999999998934, 39.06318164992220687 ) ) ;
#8269 = EDGE_CURVE ( 'NONE', #996, #10170, #909, .T. ) ;
#8270 = CARTESIAN_POINT ( 'NONE',  ( 43.49999999999997868, -40.99999999999998579, 4.000000000000000000 ) ) ;
#8271 = CARTESIAN_POINT ( 'NONE',  ( -38.75000000000002132, 49.49999999999997868, 7.000000000000000888 ) ) ;
#8272 = ORIENTED_EDGE ( 'NONE', *, *, #9415, .F. ) ;
#8273 = EDGE_LOOP ( 'NONE', ( #9743, #2750, #5097, #8023 ) ) ;
#8274 = DIRECTION ( 'NONE',  ( -0.000000000000000000, -1.000000000000000000, -0.000000000000000000 ) ) ;
#8275 = EDGE_CURVE ( 'NONE', #4827, #7677, #2759, .T. ) ;
#8276 = EDGE_LOOP ( 'NONE', ( #966, #1656, #7090, #1120 ) ) ;
#8277 = ORIENTED_EDGE ( 'NONE', *, *, #5499, .T. ) ;
#8278 = LINE ( 'NONE', #12375, #6574 ) ;
#8279 = ORIENTED_EDGE ( 'NONE', *, *, #3741, .T. ) ;
#8280 = DIRECTION ( 'NONE',  ( 0.000000000000000000, 0.000000000000000000, -1.000000000000000000 ) ) ;
#8281 = ORIENTED_EDGE ( 'NONE', *, *, #9803, .T. ) ;
#8282 = FACE_OUTER_BOUND ( 'NONE', #9591, .T. ) ;
#8283 = CARTESIAN_POINT ( 'NONE',  ( -51.47196947010641566, 21.50000000000000000, 62.32743971842705122 ) ) ;
#8284 = DIRECTION ( 'NONE',  ( -0.8191520442889905773, -0.000000000000000000, 0.5735764363510477137 ) ) ;
#8285 = FACE_OUTER_BOUND ( 'NONE', #12548, .T. ) ;
#8286 = CARTESIAN_POINT ( 'NONE',  ( 1.418304165657957583, 24.79411764705882959, 12.50000000000000000 ) ) ;
#8287 = EDGE_CURVE ( 'NONE', #532, #6350, #2978, .T. ) ;
#8288 = DIRECTION ( 'NONE',  ( 0.9848077530122117951, 0.000000000000000000, 0.1736481776669087373 ) ) ;
#8289 = ORIENTED_EDGE ( 'NONE', *, *, #10851, .T. ) ;
#8290 = EDGE_CURVE ( 'NONE', #6581, #12508, #1790, .T. ) ;
#8291 = DIRECTION ( 'NONE',  ( 1.000000000000000000, -4.625929269271481378E-15, 0.000000000000000000 ) ) ;
#8292 = ORIENTED_EDGE ( 'NONE', *, *, #1326, .F. ) ;
#8293 = CARTESIAN_POINT ( 'NONE',  ( 24.50000000000000000, -30.49999999999999289, 4.000000000000000000 ) ) ;
#8294 = FACE_OUTER_BOUND ( 'NONE', #5535, .T. ) ;
#8295 = CIRCLE ( 'NONE', #2498, 3.750000000000003553 ) ;
#8296 = FACE_OUTER_BOUND ( 'NONE', #874, .T. ) ;
#8297 = CARTESIAN_POINT ( 'NONE',  ( -40.50000000000002132, 49.49999999999997868, 12.50000000000000000 ) ) ;
#8298 = EDGE_CURVE ( 'NONE', #9691, #2231, #1528, .T. ) ;
#8299 = EDGE_CURVE ( 'NONE', #756, #9209, #7953, .T. ) ;
#8300 = ADVANCED_FACE ( 'NONE', ( #820 ), #4515, .F. ) ;
#8301 = CYLINDRICAL_SURFACE ( 'NONE', #10435, 2.299999999999996270 ) ;
#8302 = EDGE_CURVE ( 'NONE', #8775, #12816, #2692, .T. ) ;
#8303 = ORIENTED_EDGE ( 'NONE', *, *, #6960, .F. ) ;
#8304 = EDGE_CURVE ( 'NONE', #6829, #4282, #11276, .T. ) ;
#8305 = CARTESIAN_POINT ( 'NONE',  ( -7.999999999999984901, 24.00000000000000000, 2.500000000000000000 ) ) ;
#8306 = DIRECTION ( 'NONE',  ( 0.000000000000000000, 0.000000000000000000, 1.000000000000000000 ) ) ;
#8307 = VERTEX_POINT ( 'NONE', #11727 ) ;
#8308 = ORIENTED_EDGE ( 'NONE', *, *, #301, .T. ) ;
#8309 = DIRECTION ( 'NONE',  ( 1.000000000000000000, 0.000000000000000000, 0.000000000000000000 ) ) ;
#8310 = EDGE_LOOP ( 'NONE', ( #3994, #12661, #11198, #1538 ) ) ;
#8311 = CARTESIAN_POINT ( 'NONE',  ( -52.29146152509287049, 14.49999999999999822, 60.45970505530861061 ) ) ;
#8312 = CARTESIAN_POINT ( 'NONE',  ( 0.000000000000000000, -3.000000000000009770, 12.50000000000000000 ) ) ;
#8313 = CARTESIAN_POINT ( 'NONE',  ( 21.49999999999999289, 6.500000000000002665, 12.50000000000000000 ) ) ;
#8314 = ORIENTED_EDGE ( 'NONE', *, *, #7383, .T. ) ;
#8315 = DIRECTION ( 'NONE',  ( 0.000000000000000000, 1.000000000000000000, 0.000000000000000000 ) ) ;
#8316 = DIRECTION ( 'NONE',  ( 1.000000000000000000, 0.000000000000000000, 0.000000000000000000 ) ) ;
#8317 = EDGE_LOOP ( 'NONE', ( #7419, #565, #11567, #312 ) ) ;
#8318 = CARTESIAN_POINT ( 'NONE',  ( -0.4529868602934399857, 23.50000000000000711, 12.50000000000000000 ) ) ;
#8319 = EDGE_CURVE ( 'NONE', #8533, #5249, #10612, .T. ) ;
#8320 = ORIENTED_EDGE ( 'NONE', *, *, #5444, .F. ) ;
#8321 = CARTESIAN_POINT ( 'NONE',  ( 43.74999999999999289, -61.25000000000001421, 45.15564437074637993 ) ) ;
#8322 = ORIENTED_EDGE ( 'NONE', *, *, #5976, .F. ) ;
#8323 = CARTESIAN_POINT ( 'NONE',  ( -45.00000000000001421, -41.23959290545129619, 12.01476521008129517 ) ) ;
#8324 = DIRECTION ( 'NONE',  ( -0.1736481776669312194, 0.000000000000000000, 0.9848077530122079093 ) ) ;
#8325 = DIRECTION ( 'NONE',  ( -0.000000000000000000, -0.000000000000000000, -1.000000000000000000 ) ) ;
#8326 = VECTOR ( 'NONE', #10281, 1000.000000000000114 ) ;
#8327 = CARTESIAN_POINT ( 'NONE',  ( 27.50000000000000711, 8.500000000000005329, 12.50000000000000000 ) ) ;
#8328 = AXIS2_PLACEMENT_3D ( 'NONE', #11029, #8177, #5121 ) ;
#8329 = ORIENTED_EDGE ( 'NONE', *, *, #5524, .F. ) ;
#8330 = ADVANCED_FACE ( 'NONE', ( #4572 ), #9603, .T. ) ;
#8331 = FACE_OUTER_BOUND ( 'NONE', #802, .T. ) ;
#8332 = ORIENTED_EDGE ( 'NONE', *, *, #8098, .T. ) ;
#8333 = VERTEX_POINT ( 'NONE', #2572 ) ;
#8334 = CARTESIAN_POINT ( 'NONE',  ( -7.999999999999984901, 24.00000000000000000, 4.000000000000000000 ) ) ;
#8335 = AXIS2_PLACEMENT_3D ( 'NONE', #6050, #2154, #7029 ) ;
#8336 = AXIS2_PLACEMENT_3D ( 'NONE', #9066, #1098, #8035 ) ;
#8337 = EDGE_LOOP ( 'NONE', ( #9951, #5411 ) ) ;
#8338 = CARTESIAN_POINT ( 'NONE',  ( 4.322875655532293138, 55.00000000000000000, 12.50000000000000000 ) ) ;
#8339 = EDGE_LOOP ( 'NONE', ( #11772, #9270, #6616, #10351 ) ) ;
#8340 = CARTESIAN_POINT ( 'NONE',  ( -47.49999999999999289, -53.75000000000000711, 0.4000000000000114575 ) ) ;
#8341 = DIRECTION ( 'NONE',  ( 1.584603175171121998E-16, -1.000000000000000000, 0.000000000000000000 ) ) ;
#8342 = CARTESIAN_POINT ( 'NONE',  ( -50.49688952830963729, 21.50000000000000000, 63.71999819371833240 ) ) ;
#8343 = DIRECTION ( 'NONE',  ( 0.5792279653395854266, -0.7071067811865270336, -0.4055797876726514595 ) ) ;
#8345 = CARTESIAN_POINT ( 'NONE',  ( 47.50000000000000711, -53.75000000000000711, 25.00000000000000000 ) ) ;
#8344 = CIRCLE ( 'NONE', #3785, 1.500000000000000000 ) ;
#8346 = VECTOR ( 'NONE', #11375, 1000.000000000000000 ) ;
#8347 = CONICAL_SURFACE ( 'NONE', #3570, 1.800000000000004041, 0.7853981633974452814 ) ;
#8348 = FACE_OUTER_BOUND ( 'NONE', #8426, .T. ) ;
#8349 = PLANE ( 'NONE',  #10242 ) ;
#8350 = ORIENTED_EDGE ( 'NONE', *, *, #12589, .F. ) ;
#8351 = EDGE_CURVE ( 'NONE', #2442, #12090, #5674, .T. ) ;
#8352 = DIRECTION ( 'NONE',  ( -1.000000000000000000, 0.000000000000000000, 0.000000000000000000 ) ) ;
#8353 = ORIENTED_EDGE ( 'NONE', *, *, #6878, .T. ) ;
#8354 = VECTOR ( 'NONE', #3857, 1000.000000000000000 ) ;
#8355 = AXIS2_PLACEMENT_3D ( 'NONE', #9213, #7269, #12078 ) ;
#8356 = AXIS2_PLACEMENT_3D ( 'NONE', #3225, #4259, #8280 ) ;
#8357 = DIRECTION ( 'NONE',  ( 0.000000000000000000, 0.000000000000000000, 1.000000000000000000 ) ) ;
#8358 = ADVANCED_FACE ( 'NONE', ( #4702 ), #8161, .F. ) ;
#8359 = DIRECTION ( 'NONE',  ( -0.7071067811865434649, 0.000000000000000000, 0.7071067811865516806 ) ) ;
#8360 = CARTESIAN_POINT ( 'NONE',  ( 40.49999999999998579, -49.49999999999998579, 12.50000000000000000 ) ) ;
#8361 = VECTOR ( 'NONE', #6098, 1000.000000000000000 ) ;
#8362 = CIRCLE ( 'NONE', #9202, 1.500000000000001332 ) ;
#8363 = VECTOR ( 'NONE', #3167, 1000.000000000000000 ) ;
#8364 = CARTESIAN_POINT ( 'NONE',  ( -63.08328106123760648, 21.79999999999999361, 42.25787462264923278 ) ) ;
#8365 = VERTEX_POINT ( 'NONE', #2637 ) ;
#8366 = DIRECTION ( 'NONE',  ( -9.796085511398436814E-16, 1.000000000000000000, 0.000000000000000000 ) ) ;
#8367 = DIRECTION ( 'NONE',  ( -1.541976423090495387E-16, 1.000000000000000000, 0.000000000000000000 ) ) ;
#8368 = VERTEX_POINT ( 'NONE', #5554 ) ;
#8369 = ORIENTED_EDGE ( 'NONE', *, *, #1071, .F. ) ;
#8370 = CARTESIAN_POINT ( 'NONE',  ( 44.99999999999997868, 12.02813536702556263, 12.06839257535536625 ) ) ;
#8371 = VECTOR ( 'NONE', #4659, 1000.000000000000000 ) ;
#8372 = VECTOR ( 'NONE', #7896, 1000.000000000000000 ) ;
#8373 = ORIENTED_EDGE ( 'NONE', *, *, #3200, .F. ) ;
#8374 = AXIS2_PLACEMENT_3D ( 'NONE', #6056, #4890, #10986 ) ;
#8375 = EDGE_CURVE ( 'NONE', #10931, #10993, #9512, .T. ) ;
#8376 = PLANE ( 'NONE',  #10067 ) ;
#8377 = EDGE_CURVE ( 'NONE', #11704, #1903, #5611, .T. ) ;
#8378 = EDGE_CURVE ( 'NONE', #8513, #11897, #5804, .T. ) ;
#8379 = DIRECTION ( 'NONE',  ( 0.5735764363510480468, 0.000000000000000000, 0.8191520442889904663 ) ) ;
#8380 = ORIENTED_EDGE ( 'NONE', *, *, #1802, .F. ) ;
#8381 = CARTESIAN_POINT ( 'NONE',  ( -43.50000000000002132, -43.00000000000000000, 12.50000000000000000 ) ) ;
#8382 = DIRECTION ( 'NONE',  ( -1.000000000000000000, 0.000000000000000000, 0.000000000000000000 ) ) ;
#8383 = CIRCLE ( 'NONE', #4234, 2.000000000000000000 ) ;
#8384 = CIRCLE ( 'NONE', #5689, 1.750000000000001554 ) ;
#8385 = ORIENTED_EDGE ( 'NONE', *, *, #10868, .T. ) ;
#8386 = EDGE_CURVE ( 'NONE', #3316, #12437, #46, .T. ) ;
#8387 = CARTESIAN_POINT ( 'NONE',  ( 44.99999999999997868, 12.50000000000000178, 4.000000000000000000 ) ) ;
#8388 = ORIENTED_EDGE ( 'NONE', *, *, #12500, .F. ) ;
#8389 = CARTESIAN_POINT ( 'NONE',  ( -7.999999999999974243, 19.50000000000000000, 2.500000000000000000 ) ) ;
#8390 = ORIENTED_EDGE ( 'NONE', *, *, #1760, .F. ) ;
#8391 = CARTESIAN_POINT ( 'NONE',  ( -27.99999999999997513, -55.00000000000000711, 2.500000000000002220 ) ) ;
#8392 = PLANE ( 'NONE',  #5245 ) ;
#8393 = VECTOR ( 'NONE', #9698, 1000.000000000000000 ) ;
#8394 = VECTOR ( 'NONE', #9320, 1000.000000000000000 ) ;
#8395 = DIRECTION ( 'NONE',  ( -0.7071067811865500152, -8.920979878885110457E-16, -0.7071067811865451302 ) ) ;
#8396 = CARTESIAN_POINT ( 'NONE',  ( 34.99999999999999289, 62.50000000000001421, 13.00000000000000178 ) ) ;
#8397 = ORIENTED_EDGE ( 'NONE', *, *, #12429, .T. ) ;
#8398 = EDGE_CURVE ( 'NONE', #4909, #8368, #12823, .T. ) ;
#8399 = FACE_OUTER_BOUND ( 'NONE', #4753, .T. ) ;
#8400 = ORIENTED_EDGE ( 'NONE', *, *, #12635, .T. ) ;
#8401 = ORIENTED_EDGE ( 'NONE', *, *, #6951, .T. ) ;
#8402 = AXIS2_PLACEMENT_3D ( 'NONE', #1967, #5926, #1840 ) ;
#8403 = CARTESIAN_POINT ( 'NONE',  ( -3.000000000000001332, -53.50000000000000000, 2.500000000000000000 ) ) ;
#8404 = EDGE_LOOP ( 'NONE', ( #2615, #7606, #10745, #8020 ) ) ;
#8405 = DIRECTION ( 'NONE',  ( 0.000000000000000000, -1.000000000000000000, 0.000000000000000000 ) ) ;
#8406 = EDGE_LOOP ( 'NONE', ( #5561, #2320, #4972, #1 ) ) ;
#8407 = DIRECTION ( 'NONE',  ( -0.000000000000000000, -0.000000000000000000, -1.000000000000000000 ) ) ;
#8408 = CARTESIAN_POINT ( 'NONE',  ( 24.50000000000000000, -30.49999999999999289, 12.50000000000000000 ) ) ;
#8409 = CARTESIAN_POINT ( 'NONE',  ( -7.999999999999984901, 24.00000000000000000, 4.000000000000000000 ) ) ;
#8410 = CARTESIAN_POINT ( 'NONE',  ( 5.749999999999992006, 22.50000000000000355, 2.500000000000000000 ) ) ;
#8411 = CONICAL_SURFACE ( 'NONE', #12781, 2.000000000000000000, 0.7853981633974479459 ) ;
#8412 = DIRECTION ( 'NONE',  ( -0.000000000000000000, 1.000000000000000000, 0.000000000000000000 ) ) ;
#8413 = PLANE ( 'NONE',  #1670 ) ;
#8414 = ORIENTED_EDGE ( 'NONE', *, *, #856, .T. ) ;
#8415 = ORIENTED_EDGE ( 'NONE', *, *, #9632, .T. ) ;
#8416 = CARTESIAN_POINT ( 'NONE',  ( 34.99999999999999289, 62.50000000000001421, 13.00000000000000178 ) ) ;
#8417 = EDGE_LOOP ( 'NONE', ( #11651, #10570, #2017, #3760 ) ) ;
#8418 = FACE_OUTER_BOUND ( 'NONE', #8212, .T. ) ;
#8419 = DIRECTION ( 'NONE',  ( 0.8191520442889906883, -0.000000000000000000, -0.5735764363510477137 ) ) ;
#8420 = DIRECTION ( 'NONE',  ( 1.000000000000000000, 0.000000000000000000, 0.000000000000000000 ) ) ;
#8421 = DIRECTION ( 'NONE',  ( 1.000000000000000000, 0.000000000000000000, -0.000000000000000000 ) ) ;
#8422 = EDGE_CURVE ( 'NONE', #8089, #2959, #9046, .T. ) ;
#8423 = DIRECTION ( 'NONE',  ( 1.000000000000000000, 0.000000000000000000, 0.000000000000000000 ) ) ;
#8424 = AXIS2_PLACEMENT_3D ( 'NONE', #11970, #1971, #5858 ) ;
#8425 = CARTESIAN_POINT ( 'NONE',  ( 10.49999999999999467, 14.54701313970656784, 2.500000000000000000 ) ) ;
#8426 = EDGE_LOOP ( 'NONE', ( #11424, #5671, #570, #8744 ) ) ;
#8427 = EDGE_CURVE ( 'NONE', #3542, #4725, #4413, .T. ) ;
#8428 = CARTESIAN_POINT ( 'NONE',  ( -43.74999999999999289, -57.50000000000000711, 25.00000000000000000 ) ) ;
#8429 = DIRECTION ( 'NONE',  ( 1.000000000000000000, 0.000000000000000000, 0.000000000000000000 ) ) ;
#8430 = ORIENTED_EDGE ( 'NONE', *, *, #3695, .T. ) ;
#8431 = CIRCLE ( 'NONE', #5331, 1.500000000000001332 ) ;
#8432 = AXIS2_PLACEMENT_3D ( 'NONE', #5839, #9796, #7855 ) ;
#8433 = ORIENTED_EDGE ( 'NONE', *, *, #4281, .F. ) ;
#8434 = DIRECTION ( 'NONE',  ( -0.000000000000000000, 1.000000000000000000, 0.000000000000000000 ) ) ;
#8435 = B_SPLINE_CURVE_WITH_KNOTS ( 'NONE', 3,
 ( #8480, #6798, #4583, #2589, #10699, #11477, #639, #1556 ),
 .UNSPECIFIED., .F., .F.,
 ( 4, 2, 2, 4 ),
 ( 0.000000000000000000, 0.0003574555549545366012, 0.0007149111099090732025, 0.001429822219818127323 ),
 .UNSPECIFIED. ) ;
#8436 = ORIENTED_EDGE ( 'NONE', *, *, #10427, .T. ) ;
#8437 = DIRECTION ( 'NONE',  ( 0.000000000000000000, -1.000000000000000000, 0.000000000000000000 ) ) ;
#8438 = DIRECTION ( 'NONE',  ( -0.000000000000000000, -0.000000000000000000, 1.000000000000000000 ) ) ;
#8439 = DIRECTION ( 'NONE',  ( 1.000000000000000000, 0.000000000000000000, 0.000000000000000000 ) ) ;
#8440 = ORIENTED_EDGE ( 'NONE', *, *, #989, .F. ) ;
#8441 = AXIS2_PLACEMENT_3D ( 'NONE', #10157, #374, #1276 ) ;
#8442 = AXIS2_PLACEMENT_3D ( 'NONE', #1615, #5754, #11671 ) ;
#8443 = DIRECTION ( 'NONE',  ( 0.000000000000000000, 0.000000000000000000, 1.000000000000000000 ) ) ;
#8444 = CARTESIAN_POINT ( 'NONE',  ( -45.00000000000002132, 49.49999999999997868, 17.10000000000000142 ) ) ;
#8445 = ADVANCED_FACE ( 'NONE', ( #957 ), #11985, .F. ) ;
#8446 = CARTESIAN_POINT ( 'NONE',  ( 27.50000000000000711, 8.000000000000003553, 12.00000000000000000 ) ) ;
#8447 = VERTEX_POINT ( 'NONE', #4058 ) ;
#8448 = CARTESIAN_POINT ( 'NONE',  ( 31.99999999999998579, -53.49999999999999289, 12.50000000000000000 ) ) ;
#8449 = AXIS2_PLACEMENT_3D ( 'NONE', #7602, #11513, #1643 ) ;
#8450 = VERTEX_POINT ( 'NONE', #8077 ) ;
#8451 = VECTOR ( 'NONE', #5861, 1000.000000000000000 ) ;
#8452 = LINE ( 'NONE', #7364, #11518 ) ;
#8453 = CARTESIAN_POINT ( 'NONE',  ( 44.99999999999998579, -41.91719416079877192, 12.24680279941677519 ) ) ;
#8454 = PLANE ( 'NONE',  #6269 ) ;
#8455 = CARTESIAN_POINT ( 'NONE',  ( -33.29999999999999005, 62.50000000000001421, 13.00000000000000178 ) ) ;
#8456 = ORIENTED_EDGE ( 'NONE', *, *, #9448, .T. ) ;
#8457 = DIRECTION ( 'NONE',  ( -0.000000000000000000, -0.000000000000000000, 1.000000000000000000 ) ) ;
#8458 = EDGE_CURVE ( 'NONE', #695, #1263, #6003, .T. ) ;
#8459 = CIRCLE ( 'NONE', #12831, 2.299999999999996270 ) ;
#8460 = ORIENTED_EDGE ( 'NONE', *, *, #4655, .F. ) ;
#8461 = ADVANCED_FACE ( 'NONE', ( #3084 ), #5039, .T. ) ;
#8462 = DIRECTION ( 'NONE',  ( 0.7071067811865475727, 0.000000000000000000, -0.7071067811865475727 ) ) ;
#8463 = ADVANCED_FACE ( 'NONE', ( #9831 ), #2764, .F. ) ;
#8464 = ORIENTED_EDGE ( 'NONE', *, *, #9936, .T. ) ;
#8465 = CARTESIAN_POINT ( 'NONE',  ( -0.4529868602934395971, 25.50000000000000711, 4.000000000000000000 ) ) ;
#8466 = ORIENTED_EDGE ( 'NONE', *, *, #3794, .F. ) ;
#8467 = LINE ( 'NONE', #3709, #12506 ) ;
#8468 = ORIENTED_EDGE ( 'NONE', *, *, #1183, .T. ) ;
#8469 = FACE_OUTER_BOUND ( 'NONE', #9407, .T. ) ;
#8470 = DIRECTION ( 'NONE',  ( -1.000000000000000000, 0.000000000000000000, 0.000000000000000000 ) ) ;
#8471 = LINE ( 'NONE', #7566, #10185 ) ;
#8472 = FACE_OUTER_BOUND ( 'NONE', #3208, .T. ) ;
#8473 = ORIENTED_EDGE ( 'NONE', *, *, #1710, .T. ) ;
#8474 = DIRECTION ( 'NONE',  ( 1.000000000000000000, 0.000000000000000000, 0.000000000000000000 ) ) ;
#8475 = ORIENTED_EDGE ( 'NONE', *, *, #7200, .T. ) ;
#8476 = ORIENTED_EDGE ( 'NONE', *, *, #9256, .T. ) ;
#8477 = LINE ( 'NONE', #2321, #7430 ) ;
#8478 = VERTEX_POINT ( 'NONE', #181 ) ;
#8479 = DIRECTION ( 'NONE',  ( -0.000000000000000000, -0.000000000000000000, 1.000000000000000000 ) ) ;
#8480 = CARTESIAN_POINT ( 'NONE',  ( -32.00000000000000000, -55.00000000000000711, 12.00000000000001066 ) ) ;
#8481 = CARTESIAN_POINT ( 'NONE',  ( 4.999999999999992006, 29.71110255092798269, 12.50000000000000000 ) ) ;
#8482 = DIRECTION ( 'NONE',  ( 0.000000000000000000, -1.000000000000000000, 0.000000000000000000 ) ) ;
#8483 = DIRECTION ( 'NONE',  ( -1.000000000000000000, -0.000000000000000000, -0.000000000000000000 ) ) ;
#8484 = LINE ( 'NONE', #11356, #7912 ) ;
#8485 = EDGE_CURVE ( 'NONE', #2512, #10993, #8980, .T. ) ;
#8486 = CARTESIAN_POINT ( 'NONE',  ( -21.99999999999997868, 24.99999999999999289, 2.500000000000000000 ) ) ;
#8487 = ORIENTED_EDGE ( 'NONE', *, *, #2286, .T. ) ;
#8488 = CARTESIAN_POINT ( 'NONE',  ( 34.99999999999999289, -62.50000000000001421, 13.00000000000000178 ) ) ;
#8489 = FACE_OUTER_BOUND ( 'NONE', #5876, .T. ) ;
#8490 = VERTEX_POINT ( 'NONE', #2889 ) ;
#8491 = VERTEX_POINT ( 'NONE', #6982 ) ;
#8492 = CIRCLE ( 'NONE', #10576, 2.999999999999999112 ) ;
#8493 = DIRECTION ( 'NONE',  ( -0.7071067811865531239, 8.659560562355001884E-17, 0.7071067811865420216 ) ) ;
#8494 = ORIENTED_EDGE ( 'NONE', *, *, #5755, .F. ) ;
#8495 = CARTESIAN_POINT ( 'NONE',  ( 26.24999999999998934, -61.25000000000001421, 0.4000000000000114575 ) ) ;
#8496 = CARTESIAN_POINT ( 'NONE',  ( 9.000000000000001776, 53.50000000000000000, 12.00000000000001066 ) ) ;
#8497 = LINE ( 'NONE', #10387, #9886 ) ;
#8498 = EDGE_LOOP ( 'NONE', ( #10880, #8686, #8272, #1068 ) ) ;
#8499 = AXIS2_PLACEMENT_3D ( 'NONE', #3703, #7717, #2722 ) ;
#8500 = CARTESIAN_POINT ( 'NONE',  ( -49.26008894517738668, -21.50000000000000000, 61.99943889001396258 ) ) ;
#8501 = CARTESIAN_POINT ( 'NONE',  ( 43.74999999999999289, -61.25000000000001421, 0.4000000000000114575 ) ) ;
#8502 = ADVANCED_FACE ( 'NONE', ( #10995 ), #7044, .F. ) ;
#8503 = CARTESIAN_POINT ( 'NONE',  ( -34.99999999999999289, 62.50000000000001421, 19.00000000000000355 ) ) ;
#8504 = VERTEX_POINT ( 'NONE', #2950 ) ;
#8505 = CARTESIAN_POINT ( 'NONE',  ( 6.000000000000001776, 10.99999999999999467, 4.000000000000000000 ) ) ;
#8506 = CIRCLE ( 'NONE', #1477, 1.750000000000001554 ) ;
#8507 = ORIENTED_EDGE ( 'NONE', *, *, #3043, .F. ) ;
#8508 = DIRECTION ( 'NONE',  ( 0.000000000000000000, 0.000000000000000000, -1.000000000000000000 ) ) ;
#8509 = DIRECTION ( 'NONE',  ( 1.000000000000000000, 0.000000000000000000, 0.000000000000000000 ) ) ;
#8510 = EDGE_CURVE ( 'NONE', #7448, #5170, #10803, .T. ) ;
#8511 = CARTESIAN_POINT ( 'NONE',  ( 31.99999999999998579, -54.99999999999999289, 11.99999999999998224 ) ) ;
#8512 = LINE ( 'NONE', #10594, #4256 ) ;
#8513 = VERTEX_POINT ( 'NONE', #3027 ) ;
#8514 = ADVANCED_FACE ( 'NONE', ( #11849 ), #3586, .F. ) ;
#8515 = CARTESIAN_POINT ( 'NONE',  ( 44.99999999999997868, 7.822875655532281591, 12.50000000000000000 ) ) ;
#8516 = VECTOR ( 'NONE', #12212, 1000.000000000000000 ) ;
#8517 = ORIENTED_EDGE ( 'NONE', *, *, #12677, .F. ) ;
#8518 = DIRECTION ( 'NONE',  ( -0.7071067811865426878, 8.659560562354873694E-17, 0.7071067811865524577 ) ) ;
#8519 = ORIENTED_EDGE ( 'NONE', *, *, #5996, .F. ) ;
#8520 = DIRECTION ( 'NONE',  ( 0.8571673007021118895, 0.000000000000000000, 0.5150380749100549327 ) ) ;
#8521 = ORIENTED_EDGE ( 'NONE', *, *, #6316, .F. ) ;
#8523 = EDGE_CURVE ( 'NONE', #6238, #626, #11681, .T. ) ;
#8522 = ORIENTED_EDGE ( 'NONE', *, *, #5770, .T. ) ;
#8524 = CIRCLE ( 'NONE', #9361, 1.500000000000000000 ) ;
#8525 = AXIS2_PLACEMENT_3D ( 'NONE', #4722, #8877, #11548 ) ;
#8526 = FACE_OUTER_BOUND ( 'NONE', #3979, .T. ) ;
#8527 = CARTESIAN_POINT ( 'NONE',  ( -45.00000000000002132, 52.49999999999998579, 25.00000000000000000 ) ) ;
#8528 = AXIS2_PLACEMENT_3D ( 'NONE', #10270, #9295, #8126 ) ;
#8529 = FACE_OUTER_BOUND ( 'NONE', #5887, .T. ) ;
#8530 = PLANE ( 'NONE',  #10047 ) ;
#8531 = EDGE_CURVE ( 'NONE', #8333, #6332, #1017, .T. ) ;
#8532 = EDGE_CURVE ( 'NONE', #8696, #3065, #10938, .T. ) ;
#8533 = VERTEX_POINT ( 'NONE', #5020 ) ;
#8534 = DIRECTION ( 'NONE',  ( 0.000000000000000000, 0.000000000000000000, -1.000000000000000000 ) ) ;
#8535 = CIRCLE ( 'NONE', #12718, 3.750000000000003553 ) ;
#8536 = CIRCLE ( 'NONE', #10403, 1.500000000000001332 ) ;
#8537 = AXIS2_PLACEMENT_3D ( 'NONE', #11015, #6092, #11087 ) ;
#8538 = ORIENTED_EDGE ( 'NONE', *, *, #12117, .T. ) ;
#8539 = ORIENTED_EDGE ( 'NONE', *, *, #8862, .F. ) ;
#8540 = DIRECTION ( 'NONE',  ( -0.5735764363510481578, 0.000000000000000000, -0.8191520442889904663 ) ) ;
#8541 = ORIENTED_EDGE ( 'NONE', *, *, #11530, .F. ) ;
#8542 = ADVANCED_FACE ( 'NONE', ( #6199 ), #8139, .F. ) ;
#8543 =( LENGTH_UNIT ( ) NAMED_UNIT ( * ) SI_UNIT ( .MILLI., .METRE. ) );
#8544 = PLANE ( 'NONE',  #5130 ) ;
#8545 = DIRECTION ( 'NONE',  ( -0.8191520442889905773, -0.000000000000000000, 0.5735764363510477137 ) ) ;
#8546 = CARTESIAN_POINT ( 'NONE',  ( 0.000000000000000000, 0.000000000000000000, 25.00000000000000000 ) ) ;
#8547 = CIRCLE ( 'NONE', #5015, 1.500000000000000000 ) ;
#8548 = AXIS2_PLACEMENT_3D ( 'NONE', #11838, #7667, #10666 ) ;
#8550 = VECTOR ( 'NONE', #2789, 1000.000000000000000 ) ;
#8549 = DIRECTION ( 'NONE',  ( 0.9848077530122107959, 8.659560562354809599E-17, 0.1736481776669145660 ) ) ;
#8551 = CARTESIAN_POINT ( 'NONE',  ( 1.000000000000007550, -53.50000000000000000, 12.50000000000000000 ) ) ;
#8552 = EDGE_CURVE ( 'NONE', #756, #2887, #5279, .T. ) ;
#8553 = LINE ( 'NONE', #12526, #6691 ) ;
#8554 = EDGE_CURVE ( 'NONE', #10607, #11682, #5401, .T. ) ;
#8555 = EDGE_LOOP ( 'NONE', ( #890, #3797, #5330, #6507, #6961, #8257, #2954, #6396, #726, #8538, #4203, #10414, #1469, #9176, #12638, #876, #2975, #6071, #11327, #9617, #10645, #10143 ) ) ;
#8556 = DIRECTION ( 'NONE',  ( -1.533293416683372906E-16, -0.7071067811865474617, 0.7071067811865474617 ) ) ;
#8557 = CIRCLE ( 'NONE', #8149, 2.300000000000010481 ) ;
#8558 = DIRECTION ( 'NONE',  ( 1.000000000000000000, 0.000000000000000000, 0.000000000000000000 ) ) ;
#8559 = ORIENTED_EDGE ( 'NONE', *, *, #5101, .F. ) ;
#8560 = B_SPLINE_CURVE_WITH_KNOTS ( 'NONE', 3,
 ( #8515, #8645, #7670, #12371, #1595, #2629, #9502, #3520 ),
 .UNSPECIFIED., .F., .F.,
 ( 4, 2, 2, 4 ),
 ( 0.000000000000000000, 0.0007138967942130923158, 0.001070845191319639775, 0.001427793588426187234 ),
 .UNSPECIFIED. ) ;
#8561 = DIRECTION ( 'NONE',  ( -0.000000000000000000, -0.000000000000000000, 1.000000000000000000 ) ) ;
#8562 = ORIENTED_EDGE ( 'NONE', *, *, #9163, .F. ) ;
#8563 = FACE_OUTER_BOUND ( 'NONE', #4757, .T. ) ;
#8564 = CIRCLE ( 'NONE', #2976, 1.500000000000001332 ) ;
#8565 = AXIS2_PLACEMENT_3D ( 'NONE', #567, #9699, #4762 ) ;
#8566 = CARTESIAN_POINT ( 'NONE',  ( 4.499999999999992006, 14.54701313970656962, 12.50000000000000000 ) ) ;
#8567 = VECTOR ( 'NONE', #4280, 1000.000000000000000 ) ;
#8568 = DIRECTION ( 'NONE',  ( 0.000000000000000000, 0.000000000000000000, 1.000000000000000000 ) ) ;
#8569 = EDGE_LOOP ( 'NONE', ( #7035, #8156, #11173, #10395, #6234, #5849, #6261, #6571 ) ) ;
#8570 = FACE_OUTER_BOUND ( 'NONE', #9532, .T. ) ;
#8571 = FACE_OUTER_BOUND ( 'NONE', #9662, .T. ) ;
#8572 = VECTOR ( 'NONE', #11159, 1000.000000000000114 ) ;
#8573 = AXIS2_PLACEMENT_3D ( 'NONE', #4339, #6418, #7393 ) ;
#8574 = DIRECTION ( 'NONE',  ( -0.000000000000000000, -0.000000000000000000, -1.000000000000000000 ) ) ;
#8575 = AXIS2_PLACEMENT_3D ( 'NONE', #8166, #5045, #4008 ) ;
#8576 = ORIENTED_EDGE ( 'NONE', *, *, #9307, .F. ) ;
#8577 = ORIENTED_EDGE ( 'NONE', *, *, #11619, .T. ) ;
#8578 = CARTESIAN_POINT ( 'NONE',  ( 8.999999999999994671, 10.99999999999999467, 12.50000000000000000 ) ) ;
#8579 = CARTESIAN_POINT ( 'NONE',  ( -48.19536129295045157, -21.50000000000000000, 60.03313397302287058 ) ) ;
#8580 = CARTESIAN_POINT ( 'NONE',  ( -23.49999999999997868, 24.99999999999999289, 4.000000000000000000 ) ) ;
#8581 = DIRECTION ( 'NONE',  ( -0.5735764363510476027, -3.435095992033281468E-16, -0.8191520442889907994 ) ) ;
#8582 = VERTEX_POINT ( 'NONE', #9172 ) ;
#8583 = ADVANCED_FACE ( 'NONE', ( #12367 ), #9391, .F. ) ;
#8584 = VECTOR ( 'NONE', #11916, 1000.000000000000000 ) ;
#8585 = CIRCLE ( 'NONE', #7974, 6.999999999999992006 ) ;
#8586 = CARTESIAN_POINT ( 'NONE',  ( -66.95853325158471137, -21.50000000000000000, 40.21033452262430785 ) ) ;
#8587 = DIRECTION ( 'NONE',  ( 0.000000000000000000, 0.000000000000000000, 1.000000000000000000 ) ) ;
#8588 = ORIENTED_EDGE ( 'NONE', *, *, #7758, .F. ) ;
#8589 = CARTESIAN_POINT ( 'NONE',  ( 43.07752442826362227, -14.49999999999999822, -6.318377820647813614 ) ) ;
#8590 = EDGE_CURVE ( 'NONE', #10800, #9977, #2138, .T. ) ;
#8591 = ORIENTED_EDGE ( 'NONE', *, *, #4183, .F. ) ;
#8592 = CARTESIAN_POINT ( 'NONE',  ( 8.999999999999994671, 14.54701313970656962, 4.000000000000000000 ) ) ;
#8593 = ORIENTED_EDGE ( 'NONE', *, *, #4333, .T. ) ;
#8594 = AXIS2_PLACEMENT_3D ( 'NONE', #3399, #11578, #2678 ) ;
#8595 = AXIS2_PLACEMENT_3D ( 'NONE', #12271, #9025, #3313 ) ;
#8596 = ORIENTED_EDGE ( 'NONE', *, *, #228, .F. ) ;
#8597 = DIRECTION ( 'NONE',  ( -1.000000000000000000, 0.000000000000000000, 0.000000000000000000 ) ) ;
#8598 = CARTESIAN_POINT ( 'NONE',  ( 8.999999999999994671, 8.000000000000001776, 12.50000000000000000 ) ) ;
#8599 = CARTESIAN_POINT ( 'NONE',  ( -45.86169591142200375, 30.00000000000000000, 66.85284712729792034 ) ) ;
#8600 = FACE_OUTER_BOUND ( 'NONE', #9217, .T. ) ;
#8601 = EDGE_LOOP ( 'NONE', ( #9325, #12789, #5940, #2438 ) ) ;
#8602 = FACE_OUTER_BOUND ( 'NONE', #1309, .T. ) ;
#8603 = VECTOR ( 'NONE', #11114, 1000.000000000000000 ) ;
#8604 = VECTOR ( 'NONE', #5285, 1000.000000000000114 ) ;
#8605 = ORIENTED_EDGE ( 'NONE', *, *, #7473, .T. ) ;
#8606 = ORIENTED_EDGE ( 'NONE', *, *, #12268, .F. ) ;
#8607 = EDGE_CURVE ( 'NONE', #7049, #5798, #1939, .T. ) ;
#8608 = CARTESIAN_POINT ( 'NONE',  ( -39.99999999999999289, -61.25000000000001421, 45.15564437074637993 ) ) ;
#8609 = ADVANCED_FACE ( 'NONE', ( #4366 ), #8392, .F. ) ;
#8610 = VERTEX_POINT ( 'NONE', #4174 ) ;
#8611 = CARTESIAN_POINT ( 'NONE',  ( 33.49999999999998579, -53.49999999999998579, 12.50000000000001066 ) ) ;
#8612 = EDGE_CURVE ( 'NONE', #11637, #2198, #3458, .T. ) ;
#8613 = DIRECTION ( 'NONE',  ( -0.5735764363510476027, 0.000000000000000000, -0.8191520442889907994 ) ) ;
#8614 = DIRECTION ( 'NONE',  ( 0.000000000000000000, 1.000000000000000000, 0.000000000000000000 ) ) ;
#8615 = CIRCLE ( 'NONE', #6346, 1.499999999999999778 ) ;
#8616 = FACE_OUTER_BOUND ( 'NONE', #9826, .T. ) ;
#8617 = CYLINDRICAL_SURFACE ( 'NONE', #12067, 1.699999999999998401 ) ;
#8618 = CYLINDRICAL_SURFACE ( 'NONE', #5890, 1.700000000000004174 ) ;
#8619 = ORIENTED_EDGE ( 'NONE', *, *, #2833, .F. ) ;
#8620 = CARTESIAN_POINT ( 'NONE',  ( -0.4529868602934398747, 24.00000000000000711, 12.00000000000000000 ) ) ;
#8621 = ORIENTED_EDGE ( 'NONE', *, *, #11991, .F. ) ;
#8622 = DIRECTION ( 'NONE',  ( -0.8191520442889992371, 0.000000000000000000, 0.5735764363510355013 ) ) ;
#8623 = VERTEX_POINT ( 'NONE', #3210 ) ;
#8624 = EDGE_CURVE ( 'NONE', #6134, #5639, #1209, .T. ) ;
#8625 = DIRECTION ( 'NONE',  ( -0.000000000000000000, 0.000000000000000000, -1.000000000000000000 ) ) ;
#8626 = VERTEX_POINT ( 'NONE', #6256 ) ;
#8627 = DIRECTION ( 'NONE',  ( -0.000000000000000000, -0.000000000000000000, 1.000000000000000000 ) ) ;
#8628 = DIRECTION ( 'NONE',  ( 0.000000000000000000, 0.000000000000000000, -1.000000000000000000 ) ) ;
#8629 = DIRECTION ( 'NONE',  ( -1.613696256722611159E-16, 0.000000000000000000, -1.000000000000000000 ) ) ;
#8630 = DIRECTION ( 'NONE',  ( 2.168404344971008079E-15, 1.000000000000000000, 4.336808689942016158E-15 ) ) ;
#8631 = LINE ( 'NONE', #12660, #6906 ) ;
#8632 = AXIS2_PLACEMENT_3D ( 'NONE', #6872, #8683, #6669 ) ;
#8633 = CARTESIAN_POINT ( 'NONE',  ( -68.13192738797783932, 30.00000000000000000, 33.13192738797808801 ) ) ;
#8634 = VECTOR ( 'NONE', #674, 1000.000000000000000 ) ;
#8635 = DIRECTION ( 'NONE',  ( -0.000000000000000000, -0.000000000000000000, 1.000000000000000000 ) ) ;
#8636 = VERTEX_POINT ( 'NONE', #7294 ) ;
#8637 = VERTEX_POINT ( 'NONE', #8268 ) ;
#8638 = DIRECTION ( 'NONE',  ( 1.000000000000000000, 0.000000000000000000, 0.000000000000000000 ) ) ;
#8639 = CARTESIAN_POINT ( 'NONE',  ( 44.99999999999997868, -41.47186463297445869, 12.06839257535533250 ) ) ;
#8640 = AXIS2_PLACEMENT_3D ( 'NONE', #765, #7632, #2586 ) ;
#8641 = FACE_OUTER_BOUND ( 'NONE', #12702, .T. ) ;
#8642 = VECTOR ( 'NONE', #9874, 1000.000000000000000 ) ;
#8643 = CARTESIAN_POINT ( 'NONE',  ( -52.50440705553830156, 21.50000000000000000, 60.85296603870687449 ) ) ;
#8644 = ORIENTED_EDGE ( 'NONE', *, *, #6892, .F. ) ;
#8645 = CARTESIAN_POINT ( 'NONE',  ( 44.99999999999997868, 7.623055549383968454, 12.36783142304526706 ) ) ;
#8646 = ADVANCED_FACE ( 'NONE', ( #6384 ), #2574, .F. ) ;
#8647 = LINE ( 'NONE', #6281, #2152 ) ;
#8648 = ORIENTED_EDGE ( 'NONE', *, *, #228, .T. ) ;
#8649 = ORIENTED_EDGE ( 'NONE', *, *, #7725, .T. ) ;
#8650 = VECTOR ( 'NONE', #8520, 1000.000000000000000 ) ;
#8651 = CARTESIAN_POINT ( 'NONE',  ( -40.50000000000002132, 42.49999999999999289, 12.00000000000001066 ) ) ;
#8652 = AXIS2_PLACEMENT_3D ( 'NONE', #346, #4536, #11422 ) ;
#8653 = VERTEX_POINT ( 'NONE', #2364 ) ;
#8654 = EDGE_CURVE ( 'NONE', #11786, #996, #10088, .T. ) ;
#8655 = ORIENTED_EDGE ( 'NONE', *, *, #4476, .F. ) ;
#8656 = CARTESIAN_POINT ( 'NONE',  ( 22.99999999999997513, 55.00000000000000711, 4.000000000000000000 ) ) ;
#8657 = CARTESIAN_POINT ( 'NONE',  ( -67.49123708839562141, -14.49999999999999467, 38.75217588165035210 ) ) ;
#8658 = CARTESIAN_POINT ( 'NONE',  ( 21.49999999999999289, 12.49999999999999467, 12.50000000000000000 ) ) ;
#8659 = DIRECTION ( 'NONE',  ( 0.9848077530122092416, 9.704396952516049457E-17, 0.1736481776669236976 ) ) ;
#8660 = VERTEX_POINT ( 'NONE', #11324 ) ;
#8661 = VECTOR ( 'NONE', #859, 1000.000000000000227 ) ;
#8662 = VECTOR ( 'NONE', #9269, 1000.000000000000000 ) ;
#8663 = CARTESIAN_POINT ( 'NONE',  ( 7.499999999999992895, 22.50000000000000355, 19.00538238691625281 ) ) ;
#8664 = ORIENTED_EDGE ( 'NONE', *, *, #8738, .F. ) ;
#8665 = ORIENTED_EDGE ( 'NONE', *, *, #1344, .F. ) ;
#8666 = LINE ( 'NONE', #10757, #2428 ) ;
#8667 = ORIENTED_EDGE ( 'NONE', *, *, #11636, .F. ) ;
#8668 = ADVANCED_FACE ( 'NONE', ( #11128 ), #2237, .F. ) ;
#8669 = CARTESIAN_POINT ( 'NONE',  ( 27.49999999999999289, 53.50000000000000711, 4.000000000000000000 ) ) ;
#8670 = PRODUCT_DEFINITION_FORMATION_WITH_SPECIFIED_SOURCE ( 'ANY', '', #2277, .NOT_KNOWN. ) ;
#8671 = CARTESIAN_POINT ( 'NONE',  ( -43.50000000000002132, -41.00000000000000711, 2.500000000000000000 ) ) ;
#8672 = CARTESIAN_POINT ( 'NONE',  ( 5.029411764705874255, 15.95048140917011636, 4.000000000000000000 ) ) ;
#8673 = CARTESIAN_POINT ( 'NONE',  ( -11.91329076409588694, 55.00000000000000000, 12.10755915920905679 ) ) ;
#8674 = CARTESIAN_POINT ( 'NONE',  ( -40.50000000000000000, -49.49999999999999289, 4.000000000000000000 ) ) ;
#8675 = EDGE_CURVE ( 'NONE', #8167, #1531, #12237, .T. ) ;
#8676 = SPHERICAL_SURFACE ( 'NONE', #10392, 1.500000000000000000 ) ;
#8677 = EDGE_CURVE ( 'NONE', #3030, #7544, #5059, .T. ) ;
#8678 = FACE_OUTER_BOUND ( 'NONE', #11552, .T. ) ;
#8679 = ORIENTED_EDGE ( 'NONE', *, *, #9915, .F. ) ;
#8680 = B_SPLINE_CURVE_WITH_KNOTS ( 'NONE', 3,
 ( #8900, #12807, #4041, #3844, #1060, #2876, #6831, #3907 ),
 .UNSPECIFIED., .F., .F.,
 ( 4, 2, 2, 4 ),
 ( 0.000000000000000000, 0.0003574555549545348123, 0.0007149111099090696246, 0.001429822219818129708 ),
 .UNSPECIFIED. ) ;
#8681 = DIRECTION ( 'NONE',  ( -0.000000000000000000, -0.7071067811865475727, -0.7071067811865475727 ) ) ;
#8682 = ORIENTED_EDGE ( 'NONE', *, *, #6262, .F. ) ;
#8683 = DIRECTION ( 'NONE',  ( -0.000000000000000000, -0.000000000000000000, 1.000000000000000000 ) ) ;
#8684 = ORIENTED_EDGE ( 'NONE', *, *, #10334, .F. ) ;
#8685 = CYLINDRICAL_SURFACE ( 'NONE', #11441, 1.500000000000001332 ) ;
#8686 = ORIENTED_EDGE ( 'NONE', *, *, #10914, .F. ) ;
#8687 = EDGE_CURVE ( 'NONE', #12306, #6120, #5676, .T. ) ;
#8688 = FACE_OUTER_BOUND ( 'NONE', #7109, .T. ) ;
#8689 = ADVANCED_FACE ( 'NONE', ( #5345 ), #12422, .T. ) ;
#8690 = CARTESIAN_POINT ( 'NONE',  ( -51.47196947010641566, -21.50000000000000000, 62.32743971842706543 ) ) ;
#8691 = CARTESIAN_POINT ( 'NONE',  ( -43.50000000000000711, 32.49999999999998579, 25.00000000000000000 ) ) ;
#8692 = ADVANCED_FACE ( 'NONE', ( #1650 ), #10399, .F. ) ;
#8693 = ORIENTED_EDGE ( 'NONE', *, *, #1632, .F. ) ;
#8694 = EDGE_CURVE ( 'NONE', #6687, #2512, #11692, .T. ) ;
#8695 = DIRECTION ( 'NONE',  ( -0.000000000000000000, -0.000000000000000000, 1.000000000000000000 ) ) ;
#8696 = VERTEX_POINT ( 'NONE', #12550 ) ;
#8697 = CARTESIAN_POINT ( 'NONE',  ( 21.49999999999999289, 10.99999999999999289, 4.000000000000000000 ) ) ;
#8698 = DIRECTION ( 'NONE',  ( 1.000000000000000000, 0.000000000000000000, 0.000000000000000000 ) ) ;
#8699 = ORIENTED_EDGE ( 'NONE', *, *, #12584, .F. ) ;
#8700 = CARTESIAN_POINT ( 'NONE',  ( 9.000000000000000000, 53.50000000000000000, 4.000000000000000000 ) ) ;
#8701 = AXIS2_PLACEMENT_3D ( 'NONE', #7229, #10198, #7284 ) ;
#8702 = ORIENTED_EDGE ( 'NONE', *, *, #9158, .T. ) ;
#8703 = DIRECTION ( 'NONE',  ( -2.875224369628253549E-16, -1.000000000000000000, 0.000000000000000000 ) ) ;
#8704 = DIRECTION ( 'NONE',  ( -0.000000000000000000, -0.000000000000000000, 1.000000000000000000 ) ) ;
#8705 = DIRECTION ( 'NONE',  ( -0.000000000000000000, 0.000000000000000000, -1.000000000000000000 ) ) ;
#8706 = DIRECTION ( 'NONE',  ( -0.000000000000000000, -0.000000000000000000, 1.000000000000000000 ) ) ;
#8707 = EDGE_LOOP ( 'NONE', ( #11242, #2060, #6761 ) ) ;
#8708 = CARTESIAN_POINT ( 'NONE',  ( 47.50000000000000000, -39.49999999999998579, 17.10000000000000142 ) ) ;
#8709 = CARTESIAN_POINT ( 'NONE',  ( -34.00000000000001421, 53.49999999999999289, 12.50000000000000000 ) ) ;
#8711 = ORIENTED_EDGE ( 'NONE', *, *, #10772, .T. ) ;
#8710 = EDGE_CURVE ( 'NONE', #8504, #11228, #9549, .T. ) ;
#8712 = ORIENTED_EDGE ( 'NONE', *, *, #11965, .F. ) ;
#8713 = AXIS2_PLACEMENT_3D ( 'NONE', #3032, #3927, #8794 ) ;
#8714 = DIRECTION ( 'NONE',  ( 2.445329926407195180E-15, -1.000000000000000000, 0.000000000000000000 ) ) ;
#8715 = ORIENTED_EDGE ( 'NONE', *, *, #12609, .T. ) ;
#8716 = VERTEX_POINT ( 'NONE', #670 ) ;
#8717 = CARTESIAN_POINT ( 'NONE',  ( -26.24999999999998934, 57.49999999999999289, 0.4000000000000114575 ) ) ;
#8718 = CARTESIAN_POINT ( 'NONE',  ( -64.91014312481590309, -14.49999999999999467, 42.43836008095080814 ) ) ;
#8719 = LINE ( 'NONE', #10939, #10824 ) ;
#8720 = CARTESIAN_POINT ( 'NONE',  ( -23.32287565553224340, -55.00000000000000711, 12.50000000000000000 ) ) ;
#8721 = VERTEX_POINT ( 'NONE', #9497 ) ;
#8722 = ORIENTED_EDGE ( 'NONE', *, *, #7583, .F. ) ;
#8723 = CARTESIAN_POINT ( 'NONE',  ( 7.499999999999992895, 22.50000000000000355, 4.000000000000000000 ) ) ;
#8724 = ORIENTED_EDGE ( 'NONE', *, *, #8844, .T. ) ;
#8725 = VERTEX_POINT ( 'NONE', #2490 ) ;
#8726 = CARTESIAN_POINT ( 'NONE',  ( 27.26040709454870736, 55.00000000000001421, 12.01476521008131648 ) ) ;
#8727 = AXIS2_PLACEMENT_3D ( 'NONE', #5699, #10568, #3621 ) ;
#8728 = EDGE_LOOP ( 'NONE', ( #5482, #12699, #833, #1393 ) ) ;
#8729 = CYLINDRICAL_SURFACE ( 'NONE', #8442, 4.500000000000002665 ) ;
#8730 = ORIENTED_EDGE ( 'NONE', *, *, #2668, .T. ) ;
#8731 = FACE_OUTER_BOUND ( 'NONE', #9924, .T. ) ;
#8732 = CARTESIAN_POINT ( 'NONE',  ( -40.50000000000000000, -42.50000000000000711, 12.00000000000001066 ) ) ;
#8733 = FACE_OUTER_BOUND ( 'NONE', #1908, .T. ) ;
#8735 = DIRECTION ( 'NONE',  ( 0.5735764363510481578, 0.000000000000000000, 0.8191520442889904663 ) ) ;
#8734 = AXIS2_PLACEMENT_3D ( 'NONE', #5325, #4410, #11498 ) ;
#8736 = AXIS2_PLACEMENT_3D ( 'NONE', #7821, #8789, #4059 ) ;
#8737 = AXIS2_PLACEMENT_3D ( 'NONE', #6933, #12006, #7002 ) ;
#8738 = EDGE_CURVE ( 'NONE', #7744, #4375, #3712, .T. ) ;
#8739 = FACE_OUTER_BOUND ( 'NONE', #6260, .T. ) ;
#8740 = ORIENTED_EDGE ( 'NONE', *, *, #9872, .F. ) ;
#8741 = CARTESIAN_POINT ( 'NONE',  ( -15.50000000000000711, 55.00000000000000000, -142.1267040355189977 ) ) ;
#8742 = ORIENTED_EDGE ( 'NONE', *, *, #9609, .F. ) ;
#8743 = CARTESIAN_POINT ( 'NONE',  ( -26.49999999999998224, -53.50000000000000711, 4.000000000000000000 ) ) ;
#8744 = ORIENTED_EDGE ( 'NONE', *, *, #7604, .F. ) ;
#8745 = EDGE_CURVE ( 'NONE', #4156, #6112, #10444, .T. ) ;
#8746 = AXIS2_PLACEMENT_3D ( 'NONE', #7261, #2397, #8420 ) ;
#8747 = VECTOR ( 'NONE', #9882, 1000.000000000000114 ) ;
#8748 = CIRCLE ( 'NONE', #6279, 1.999999999999988010 ) ;
#8749 = DIRECTION ( 'NONE',  ( -1.000000000000000000, 0.000000000000000000, 0.000000000000000000 ) ) ;
#8750 = CARTESIAN_POINT ( 'NONE',  ( -51.47196947010641566, -21.50000000000000000, 62.32743971842706543 ) ) ;
#8751 = ORIENTED_EDGE ( 'NONE', *, *, #11893, .T. ) ;
#8752 = PLANE ( 'NONE',  #9034 ) ;
#8753 = DIRECTION ( 'NONE',  ( -0.000000000000000000, -0.000000000000000000, 1.000000000000000000 ) ) ;
#8754 = DIRECTION ( 'NONE',  ( 0.000000000000000000, -0.000000000000000000, -1.000000000000000000 ) ) ;
#8755 = VECTOR ( 'NONE', #8614, 1000.000000000000000 ) ;
#8756 = AXIS2_PLACEMENT_3D ( 'NONE', #9798, #5979, #4872 ) ;
#8757 = FACE_OUTER_BOUND ( 'NONE', #9094, .T. ) ;
#8758 = CIRCLE ( 'NONE', #6692, 4.599999999999992539 ) ;
#8759 = CARTESIAN_POINT ( 'NONE',  ( -33.32287565553229314, -55.00000000000000711, 12.50000000000000000 ) ) ;
#8760 = EDGE_CURVE ( 'NONE', #11661, #7744, #6441, .T. ) ;
#8761 = DIRECTION ( 'NONE',  ( 4.336808689942017736E-17, -1.000000000000000000, 0.000000000000000000 ) ) ;
#8762 = EDGE_CURVE ( 'NONE', #977, #2276, #6694, .T. ) ;
#8763 = ORIENTED_EDGE ( 'NONE', *, *, #2271, .T. ) ;
#8764 = CARTESIAN_POINT ( 'NONE',  ( 43.49999999999997868, 11.00000000000000355, 4.000000000000000000 ) ) ;
#8765 = ADVANCED_FACE ( 'NONE', ( #2735 ), #1523, .F. ) ;
#8766 = AXIS2_PLACEMENT_3D ( 'NONE', #1663, #10490, #1605 ) ;
#8767 = EDGE_CURVE ( 'NONE', #7553, #3435, #8362, .T. ) ;
#8768 = ORIENTED_EDGE ( 'NONE', *, *, #6548, .T. ) ;
#8769 = AXIS2_PLACEMENT_3D ( 'NONE', #10509, #5511, #6420 ) ;
#8770 = AXIS2_PLACEMENT_3D ( 'NONE', #5385, #9343, #10382 ) ;
#8771 = CARTESIAN_POINT ( 'NONE',  ( -43.49999999999999289, -55.00000000000000711, 25.00000000000000000 ) ) ;
#8772 = DIRECTION ( 'NONE',  ( 1.000000000000000000, 0.000000000000000000, 0.000000000000000000 ) ) ;
#8773 = CARTESIAN_POINT ( 'NONE',  ( -48.85858543973165524, -21.50000000000000000, 62.57284532101625985 ) ) ;
#8774 = DIRECTION ( 'NONE',  ( -0.8191520442889907994, -0.000000000000000000, 0.5735764363510478248 ) ) ;
#8775 = VERTEX_POINT ( 'NONE', #9683 ) ;
#8776 = CARTESIAN_POINT ( 'NONE',  ( 34.00000000000001421, -53.49999999999998579, 12.50000000000000000 ) ) ;
#8777 = EDGE_CURVE ( 'NONE', #7722, #9237, #10664, .T. ) ;
#8778 = VECTOR ( 'NONE', #6423, 1000.000000000000000 ) ;
#8779 = LINE ( 'NONE', #1845, #5899 ) ;
#8780 = CIRCLE ( 'NONE', #3601, 1.500000000000001332 ) ;
#8781 = ORIENTED_EDGE ( 'NONE', *, *, #11299, .T. ) ;
#8782 = ORIENTED_EDGE ( 'NONE', *, *, #2, .F. ) ;
#8783 = DIRECTION ( 'NONE',  ( -0.000000000000000000, -0.000000000000000000, 1.000000000000000000 ) ) ;
#8784 = ORIENTED_EDGE ( 'NONE', *, *, #3230, .T. ) ;
#8785 = ORIENTED_EDGE ( 'NONE', *, *, #7267, .F. ) ;
#8786 = CARTESIAN_POINT ( 'NONE',  ( -42.25000000000002132, 49.49999999999997868, 2.500000000000000000 ) ) ;
#8787 = DIRECTION ( 'NONE',  ( 1.000000000000000000, 0.000000000000000000, 0.000000000000000000 ) ) ;
#8788 = VECTOR ( 'NONE', #207, 1000.000000000000000 ) ;
#8790 = VECTOR ( 'NONE', #357, 1000.000000000000000 ) ;
#8789 = DIRECTION ( 'NONE',  ( -0.000000000000000000, -0.000000000000000000, 1.000000000000000000 ) ) ;
#8791 = CARTESIAN_POINT ( 'NONE',  ( 40.49999999999998579, -49.49999999999998579, 12.50000000000000000 ) ) ;
#8792 = EDGE_LOOP ( 'NONE', ( #5502, #12241, #5618, #11576 ) ) ;
#8793 = EDGE_LOOP ( 'NONE', ( #5162, #5399, #3322, #108 ) ) ;
#8794 = DIRECTION ( 'NONE',  ( 0.000000000000000000, 0.000000000000000000, -1.000000000000000000 ) ) ;
#8795 = EDGE_CURVE ( 'NONE', #8266, #5547, #5593, .T. ) ;
#8796 = EDGE_LOOP ( 'NONE', ( #11180, #12624, #1794, #2941, #6009, #5342 ) ) ;
#8797 = ORIENTED_EDGE ( 'NONE', *, *, #5196, .T. ) ;
#8798 = CIRCLE ( 'NONE', #4444, 5.000000000000004441 ) ;
#8799 = AXIS2_PLACEMENT_3D ( 'NONE', #3795, #4574, #6593 ) ;
#8800 = VECTOR ( 'NONE', #11033, 1000.000000000000000 ) ;
#8801 = CARTESIAN_POINT ( 'NONE',  ( 47.50000000000000711, 57.49999999999999289, 0.4000000000000114575 ) ) ;
#8802 = ORIENTED_EDGE ( 'NONE', *, *, #621, .T. ) ;
#8803 = DIRECTION ( 'NONE',  ( 0.000000000000000000, 0.000000000000000000, 1.000000000000000000 ) ) ;
#8804 = DIRECTION ( 'NONE',  ( -0.8571673007021118895, 1.049727191138618079E-16, 0.5150380749100549327 ) ) ;
#8805 = VERTEX_POINT ( 'NONE', #12481 ) ;
#8806 = FACE_BOUND ( 'NONE', #9367, .T. ) ;
#8807 = CARTESIAN_POINT ( 'NONE',  ( 26.00000000000000355, 12.49999999999999645, 12.00000000000002842 ) ) ;
#8808 = DIRECTION ( 'NONE',  ( -1.000000000000000000, 0.000000000000000000, 0.000000000000000000 ) ) ;
#8809 = VECTOR ( 'NONE', #880, 1000.000000000000000 ) ;
#8810 = VECTOR ( 'NONE', #426, 1000.000000000000114 ) ;
#8811 = DIRECTION ( 'NONE',  ( 0.9356455129756979794, -0.3529411764705882026, 0.000000000000000000 ) ) ;
#8812 = DIRECTION ( 'NONE',  ( 0.000000000000000000, 0.000000000000000000, -1.000000000000000000 ) ) ;
#8813 = ORIENTED_EDGE ( 'NONE', *, *, #10600, .T. ) ;
#8814 = EDGE_CURVE ( 'NONE', #5010, #4685, #805, .T. ) ;
#8815 = DIRECTION ( 'NONE',  ( -0.8191520442889905773, -0.000000000000000000, 0.5735764363510477137 ) ) ;
#8816 = ORIENTED_EDGE ( 'NONE', *, *, #3452, .T. ) ;
#8817 = DIRECTION ( 'NONE',  ( -1.000000000000000000, 2.312964634635740689E-15, -0.000000000000000000 ) ) ;
#8818 = VERTEX_POINT ( 'NONE', #3773 ) ;
#8819 = CONICAL_SURFACE ( 'NONE', #9863, 4.499999999999996447, 0.7853981633974327359 ) ;
#8820 = CARTESIAN_POINT ( 'NONE',  ( -45.00000000000002132, 30.00000000000000000, 25.00000000000000000 ) ) ;
#8821 = DIRECTION ( 'NONE',  ( 0.000000000000000000, 0.7071067811865474617, -0.7071067811865474617 ) ) ;
#8822 = ADVANCED_FACE ( 'NONE', ( #11579 ), #7545, .F. ) ;
#8823 = DIRECTION ( 'NONE',  ( 1.000000000000000000, 0.000000000000000000, 0.000000000000000000 ) ) ;
#8824 = DIRECTION ( 'NONE',  ( 0.1736481776669421828, 0.000000000000000000, -0.9848077530122060219 ) ) ;
#8825 = LINE ( 'NONE', #10840, #2441 ) ;
#8826 = EDGE_CURVE ( 'NONE', #9559, #5999, #11635, .T. ) ;
#8827 = CIRCLE ( 'NONE', #3437, 1.500000000000001332 ) ;
#8828 = DIRECTION ( 'NONE',  ( -7.871814510984983153E-17, 1.000000000000000000, -1.124211620330682735E-16 ) ) ;
#8829 = ORIENTED_EDGE ( 'NONE', *, *, #10867, .F. ) ;
#8830 = DIRECTION ( 'NONE',  ( 0.000000000000000000, 0.000000000000000000, -1.000000000000000000 ) ) ;
#8831 = DIRECTION ( 'NONE',  ( -0.000000000000000000, -0.000000000000000000, 1.000000000000000000 ) ) ;
#8832 = DIRECTION ( 'NONE',  ( -0.8191520442889906883, -0.000000000000000000, 0.5735764363510477137 ) ) ;
#8833 = VERTEX_POINT ( 'NONE', #6765 ) ;
#8834 = DIRECTION ( 'NONE',  ( -0.000000000000000000, -0.000000000000000000, 1.000000000000000000 ) ) ;
#8835 = ORIENTED_EDGE ( 'NONE', *, *, #10354, .T. ) ;
#8836 = CARTESIAN_POINT ( 'NONE',  ( 34.99999999999999289, 62.50000000000001421, 19.00000000000000355 ) ) ;
#8837 = DIRECTION ( 'NONE',  ( 0.7071067811865474617, 0.000000000000000000, 0.7071067811865474617 ) ) ;
#8838 = LINE ( 'NONE', #5929, #11035 ) ;
#8839 = DIRECTION ( 'NONE',  ( -1.000000000000000000, -1.541976423090495387E-16, 0.000000000000000000 ) ) ;
#8840 = ORIENTED_EDGE ( 'NONE', *, *, #12314, .T. ) ;
#8841 = VECTOR ( 'NONE', #5725, 1000.000000000000000 ) ;
#8842 = LINE ( 'NONE', #8776, #4448 ) ;
#8843 = CARTESIAN_POINT ( 'NONE',  ( 21.49999999999999289, 10.99999999999999289, 12.50000000000000000 ) ) ;
#8844 = EDGE_CURVE ( 'NONE', #12050, #7536, #6895, .T. ) ;
#8845 = ORIENTED_EDGE ( 'NONE', *, *, #11900, .T. ) ;
#8846 = ORIENTED_EDGE ( 'NONE', *, *, #3938, .T. ) ;
#8847 = CARTESIAN_POINT ( 'NONE',  ( -49.85873295836848484, -21.79999999999999361, 57.65759304458478596 ) ) ;
#8848 = ORIENTED_EDGE ( 'NONE', *, *, #11103, .F. ) ;
#8849 = CIRCLE ( 'NONE', #6165, 1.800000000000004041 ) ;
#8850 = ORIENTED_EDGE ( 'NONE', *, *, #2354, .F. ) ;
#8851 = AXIS2_PLACEMENT_3D ( 'NONE', #12490, #1532, #7858 ) ;
#8852 = DIRECTION ( 'NONE',  ( -1.000000000000000000, 0.000000000000000000, 0.000000000000000000 ) ) ;
#8853 = CARTESIAN_POINT ( 'NONE',  ( 0.000000000000000000, -3.000000000000009770, 4.000000000000000000 ) ) ;
#8854 = DIRECTION ( 'NONE',  ( -0.000000000000000000, -0.000000000000000000, -1.000000000000000000 ) ) ;
#8855 = EDGE_CURVE ( 'NONE', #11802, #12447, #1747, .T. ) ;
#8856 = DIRECTION ( 'NONE',  ( -0.5735764363510470476, 0.000000000000000000, -0.8191520442889911324 ) ) ;
#8857 = ORIENTED_EDGE ( 'NONE', *, *, #11875, .F. ) ;
#8858 = ADVANCED_FACE ( 'NONE', ( #9815 ), #2810, .F. ) ;
#8859 = EDGE_LOOP ( 'NONE', ( #12555, #11758 ) ) ;
#8860 = EDGE_CURVE ( 'NONE', #3246, #5264, #7028, .T. ) ;
#8861 = CARTESIAN_POINT ( 'NONE',  ( 40.49999999999998579, -49.49999999999998579, 12.00000000000003197 ) ) ;
#8862 = EDGE_CURVE ( 'NONE', #407, #3065, #2774, .T. ) ;
#8863 = EDGE_CURVE ( 'NONE', #7475, #3226, #10730, .T. ) ;
#8864 = TOROIDAL_SURFACE ( 'NONE', #7410, 8.499999999999998224, 1.500000000000000000 ) ;
#8865 = VECTOR ( 'NONE', #8112, 1000.000000000000227 ) ;
#8866 = ORIENTED_EDGE ( 'NONE', *, *, #7844, .T. ) ;
#8867 = ORIENTED_EDGE ( 'NONE', *, *, #5442, .T. ) ;
#8868 = CARTESIAN_POINT ( 'NONE',  ( 0.9999999999999995559, -3.000000000000009326, 12.50000000000000000 ) ) ;
#8869 = ORIENTED_EDGE ( 'NONE', *, *, #9346, .F. ) ;
#8870 = CYLINDRICAL_SURFACE ( 'NONE', #10845, 1.500000000000000000 ) ;
#8871 = VERTEX_POINT ( 'NONE', #9033 ) ;
#8872 = DIRECTION ( 'NONE',  ( -0.8191520442889907994, -1.136801825298004503E-16, 0.5735764363510477137 ) ) ;
#8873 = DIRECTION ( 'NONE',  ( 0.5735764363510474917, 0.000000000000000000, 0.8191520442889906883 ) ) ;
#8874 = AXIS2_PLACEMENT_3D ( 'NONE', #6889, #995, #6959 ) ;
#8875 = VECTOR ( 'NONE', #3485, 1000.000000000000000 ) ;
#8876 = FACE_OUTER_BOUND ( 'NONE', #3144, .T. ) ;
#8877 = DIRECTION ( 'NONE',  ( -0.7071067811865475727, 1.769184711557739817E-17, 0.7071067811865475727 ) ) ;
#8878 = DIRECTION ( 'NONE',  ( 0.8191520442889906883, -0.000000000000000000, -0.5735764363510477137 ) ) ;
#8879 = ORIENTED_EDGE ( 'NONE', *, *, #4940, .F. ) ;
#8880 = VECTOR ( 'NONE', #8055, 1000.000000000000000 ) ;
#8881 = CARTESIAN_POINT ( 'NONE',  ( -49.34251416565256676, -14.49999999999999822, 58.39482988444487432 ) ) ;
#8882 = CARTESIAN_POINT ( 'NONE',  ( -0.4529868602934363775, 19.49999999999999645, 2.500000000000000000 ) ) ;
#8883 = EDGE_CURVE ( 'NONE', #6248, #9226, #1841, .T. ) ;
#8884 = EDGE_LOOP ( 'NONE', ( #11994, #12512, #9284, #1750 ) ) ;
#8885 = CARTESIAN_POINT ( 'NONE',  ( -39.99999999999999289, -62.50000000000001421, 0.4000000000000114575 ) ) ;
#8886 = CARTESIAN_POINT ( 'NONE',  ( 34.99999999999999289, 62.50000000000001421, 0.4000000000000114575 ) ) ;
#8887 = CARTESIAN_POINT ( 'NONE',  ( -23.49999999999997868, 24.99999999999999289, 12.00000000000000000 ) ) ;
#8888 = EDGE_CURVE ( 'NONE', #8922, #11689, #8002, .T. ) ;
#8889 = DIRECTION ( 'NONE',  ( 0.000000000000000000, -0.000000000000000000, -1.000000000000000000 ) ) ;
#8890 = FACE_OUTER_BOUND ( 'NONE', #9214, .T. ) ;
#8891 = CARTESIAN_POINT ( 'NONE',  ( 10.49999999999999289, 12.49999999999999289, 12.50000000000000000 ) ) ;
#8892 = ORIENTED_EDGE ( 'NONE', *, *, #11875, .T. ) ;
#8893 = CARTESIAN_POINT ( 'NONE',  ( -34.99999999999999289, 62.50000000000001421, 0.4000000000000114575 ) ) ;
#8894 = CARTESIAN_POINT ( 'NONE',  ( -39.99999999999999289, 62.50000000000001421, 0.4000000000000114575 ) ) ;
#8895 = LINE ( 'NONE', #9802, #3687 ) ;
#8896 = EDGE_LOOP ( 'NONE', ( #11446, #4298, #11272, #12803 ) ) ;
#8897 = CARTESIAN_POINT ( 'NONE',  ( 43.49999999999997868, 11.00000000000000355, 2.500000000000002220 ) ) ;
#8898 = ORIENTED_EDGE ( 'NONE', *, *, #1183, .F. ) ;
#8899 = DIRECTION ( 'NONE',  ( -1.000000000000000000, 0.000000000000000000, 0.000000000000000000 ) ) ;
#8900 = CARTESIAN_POINT ( 'NONE',  ( 21.49999999999995381, 55.00000000000000000, 12.00000000000000000 ) ) ;
#8901 = FACE_OUTER_BOUND ( 'NONE', #10595, .T. ) ;
#8902 = FACE_OUTER_BOUND ( 'NONE', #4905, .T. ) ;
#8903 = ORIENTED_EDGE ( 'NONE', *, *, #12643, .T. ) ;
#8904 = DIRECTION ( 'NONE',  ( 0.5735764363510474917, 0.000000000000000000, 0.8191520442889906883 ) ) ;
#8905 = EDGE_CURVE ( 'NONE', #5313, #4595, #7135, .T. ) ;
#8906 = DIRECTION ( 'NONE',  ( 0.000000000000000000, 0.000000000000000000, 1.000000000000000000 ) ) ;
#8907 = ORIENTED_EDGE ( 'NONE', *, *, #694, .F. ) ;
#8908 = ORIENTED_EDGE ( 'NONE', *, *, #333, .T. ) ;
#8909 = DIRECTION ( 'NONE',  ( -0.000000000000000000, -0.000000000000000000, -1.000000000000000000 ) ) ;
#8910 = ORIENTED_EDGE ( 'NONE', *, *, #3468, .F. ) ;
#8911 = EDGE_CURVE ( 'NONE', #5114, #3258, #11068, .T. ) ;
#8912 = ORIENTED_EDGE ( 'NONE', *, *, #3990, .F. ) ;
#8913 = FACE_OUTER_BOUND ( 'NONE', #6985, .T. ) ;
#8914 = DIRECTION ( 'NONE',  ( 2.449021377849609204E-16, -1.000000000000000000, -0.000000000000000000 ) ) ;
#8915 = ADVANCED_FACE ( 'NONE', ( #10980 ), #9400, .F. ) ;
#8916 = DIRECTION ( 'NONE',  ( 1.000000000000000000, 2.973811673103103088E-16, -0.000000000000000000 ) ) ;
#8917 = CARTESIAN_POINT ( 'NONE',  ( 40.49999999999998579, -49.49999999999998579, 7.000000000000000888 ) ) ;
#8918 = ORIENTED_EDGE ( 'NONE', *, *, #5271, .T. ) ;
#8919 = VERTEX_POINT ( 'NONE', #12742 ) ;
#8920 = CARTESIAN_POINT ( 'NONE',  ( -0.4529868602934395971, 20.99999999999999645, 4.000000000000000000 ) ) ;
#8921 = ORIENTED_EDGE ( 'NONE', *, *, #1174, .T. ) ;
#8922 = VERTEX_POINT ( 'NONE', #2933 ) ;
#8923 = DIRECTION ( 'NONE',  ( 1.000000000000000000, 2.973811673103103088E-16, 0.000000000000000000 ) ) ;
#8924 = ADVANCED_FACE ( 'NONE', ( #5927 ), #4812, .F. ) ;
#8925 = ORIENTED_EDGE ( 'NONE', *, *, #11925, .F. ) ;
#8926 = FACE_OUTER_BOUND ( 'NONE', #2965, .T. ) ;
#8927 = ORIENTED_EDGE ( 'NONE', *, *, #9867, .T. ) ;
#8928 = EDGE_CURVE ( 'NONE', #12228, #8365, #11488, .T. ) ;
#8929 = FACE_OUTER_BOUND ( 'NONE', #1404, .T. ) ;
#8930 = DIRECTION ( 'NONE',  ( 0.000000000000000000, 0.000000000000000000, -1.000000000000000000 ) ) ;
#8931 = EDGE_CURVE ( 'NONE', #3603, #4511, #8680, .T. ) ;
#8932 = ADVANCED_FACE ( 'NONE', ( #31 ), #7929, .F. ) ;
#8933 = CARTESIAN_POINT ( 'NONE',  ( -47.09999999999998010, 53.74999999999999289, 0.000000000000000000 ) ) ;
#8934 = DIRECTION ( 'NONE',  ( 1.000000000000000000, 0.000000000000000000, 0.000000000000000000 ) ) ;
#8935 = CARTESIAN_POINT ( 'NONE',  ( 4.500000000000002665, 10.99999999999999112, 4.000000000000000000 ) ) ;
#8936 = CIRCLE ( 'NONE', #8108, 1.700000000000004174 ) ;
#8937 = ORIENTED_EDGE ( 'NONE', *, *, #665, .T. ) ;
#8938 = EDGE_CURVE ( 'NONE', #6308, #9028, #98, .T. ) ;
#8939 = PLANE ( 'NONE',  #502 ) ;
#8940 = CARTESIAN_POINT ( 'NONE',  ( -45.00000000000002132, 52.49999999999998579, 17.10000000000000142 ) ) ;
#8941 = ORIENTED_EDGE ( 'NONE', *, *, #4487, .F. ) ;
#8942 = LINE ( 'NONE', #4083, #2546 ) ;
#8943 = DIRECTION ( 'NONE',  ( -0.9848077530122072432, 1.137039110969776387E-16, -0.1736481776669353272 ) ) ;
#8944 = AXIS2_PLACEMENT_3D ( 'NONE', #1018, #2951, #4831 ) ;
#8945 = AXIS2_PLACEMENT_3D ( 'NONE', #5824, #9857, #2781 ) ;
#8946 = CARTESIAN_POINT ( 'NONE',  ( -32.00000000000000000, -55.00000000000000711, 12.00000000000001066 ) ) ;
#8947 = DIRECTION ( 'NONE',  ( -0.5735764363510584829, 0.000000000000000000, -0.8191520442889831388 ) ) ;
#8948 = EDGE_CURVE ( 'NONE', #12740, #4786, #7262, .T. ) ;
#8949 = EDGE_CURVE ( 'NONE', #3473, #3258, #4396, .T. ) ;
#8950 = CARTESIAN_POINT ( 'NONE',  ( -63.08328106123760648, 24.99999999999999289, 42.25787462264923988 ) ) ;
#8951 = ORIENTED_EDGE ( 'NONE', *, *, #2517, .F. ) ;
#8952 = CARTESIAN_POINT ( 'NONE',  ( 43.49999999999997868, -42.49999999999998579, 2.500000000000002220 ) ) ;
#8953 = AXIS2_PLACEMENT_3D ( 'NONE', #7204, #5907, #2073 ) ;
#8954 = VECTOR ( 'NONE', #8325, 1000.000000000000000 ) ;
#8955 = DIRECTION ( 'NONE',  ( -1.000000000000000000, -1.541976423090495387E-16, 0.000000000000000000 ) ) ;
#8956 = STYLED_ITEM ( 'NONE', ( #9952 ), #6397 ) ;
#8957 = LINE ( 'NONE', #91, #9504 ) ;
#8958 = ORIENTED_EDGE ( 'NONE', *, *, #12407, .T. ) ;
#8959 = FACE_OUTER_BOUND ( 'NONE', #5670, .T. ) ;
#8960 = ORIENTED_EDGE ( 'NONE', *, *, #9329, .T. ) ;
#8961 = DIRECTION ( 'NONE',  ( 0.5735764363510448272, 0.000000000000000000, 0.8191520442889926867 ) ) ;
#8962 = DIRECTION ( 'NONE',  ( 1.000000000000000000, 0.000000000000000000, 0.000000000000000000 ) ) ;
#8963 = CONICAL_SURFACE ( 'NONE', #9993, 2.000000000000001776, 0.7853981633974496113 ) ;
#8964 = DIRECTION ( 'NONE',  ( 1.156482317317870344E-15, -1.000000000000000000, 0.000000000000000000 ) ) ;
#8965 = AXIS2_PLACEMENT_3D ( 'NONE', #5716, #2867, #923 ) ;
#8966 = FACE_OUTER_BOUND ( 'NONE', #4027, .T. ) ;
#8967 = VECTOR ( 'NONE', #6747, 1000.000000000000227 ) ;
#8968 = ORIENTED_EDGE ( 'NONE', *, *, #10371, .T. ) ;
#8969 = DIRECTION ( 'NONE',  ( -1.000000000000000000, -1.541976423090495387E-16, 0.000000000000000000 ) ) ;
#8970 = DIRECTION ( 'NONE',  ( 1.000000000000000000, 0.000000000000000000, 0.000000000000000000 ) ) ;
#8971 = EDGE_LOOP ( 'NONE', ( #9042, #10239, #3469, #4771 ) ) ;
#8972 = VECTOR ( 'NONE', #10042, 1000.000000000000000 ) ;
#8973 = CARTESIAN_POINT ( 'NONE',  ( -43.50000000000002132, -42.50000000000000711, 12.00000000000001066 ) ) ;
#8974 = VECTOR ( 'NONE', #1374, 1000.000000000000000 ) ;
#8975 = VECTOR ( 'NONE', #7891, 1000.000000000000000 ) ;
#8976 = ORIENTED_EDGE ( 'NONE', *, *, #7649, .F. ) ;
#8977 = LINE ( 'NONE', #8074, #12084 ) ;
#8978 = ORIENTED_EDGE ( 'NONE', *, *, #10522, .T. ) ;
#8979 = PLANE ( 'NONE',  #11303 ) ;
#8980 = LINE ( 'NONE', #4830, #4836 ) ;
#8981 = ADVANCED_FACE ( 'NONE', ( #11219 ), #5571, .F. ) ;
#8982 = PLANE ( 'NONE',  #1286 ) ;
#8983 = DIRECTION ( 'NONE',  ( -0.000000000000000000, -0.000000000000000000, 1.000000000000000000 ) ) ;
#8984 = EDGE_LOOP ( 'NONE', ( #7052, #8968 ) ) ;
#8985 = ORIENTED_EDGE ( 'NONE', *, *, #837, .T. ) ;
#8986 = VECTOR ( 'NONE', #3530, 1000.000000000000000 ) ;
#8987 = AXIS2_PLACEMENT_3D ( 'NONE', #8935, #11017, #5169 ) ;
#8988 = CARTESIAN_POINT ( 'NONE',  ( 6.000000000000001776, 10.99999999999999467, 12.00000000000000000 ) ) ;
#8989 = ADVANCED_FACE ( 'NONE', ( #6355 ), #12454, .F. ) ;
#8990 = EDGE_LOOP ( 'NONE', ( #12161, #6594 ) ) ;
#8991 = ORIENTED_EDGE ( 'NONE', *, *, #6627, .T. ) ;
#8992 = DIRECTION ( 'NONE',  ( 0.000000000000000000, 0.000000000000000000, 1.000000000000000000 ) ) ;
#8993 = ORIENTED_EDGE ( 'NONE', *, *, #4148, .T. ) ;
#8994 = AXIS2_PLACEMENT_3D ( 'NONE', #11481, #10627, #1677 ) ;
#8995 = DIRECTION ( 'NONE',  ( 2.400868672960521361E-16, 1.000000000000000000, 0.000000000000000000 ) ) ;
#8996 = VECTOR ( 'NONE', #7866, 1000.000000000000000 ) ;
#8997 = VECTOR ( 'NONE', #3507, 1000.000000000000000 ) ;
#8998 = ORIENTED_EDGE ( 'NONE', *, *, #1446, .F. ) ;
#8999 = CARTESIAN_POINT ( 'NONE',  ( -38.75000000000000000, -49.49999999999999289, 2.500000000000000000 ) ) ;
#9000 = DIRECTION ( 'NONE',  ( 0.000000000000000000, 0.000000000000000000, 1.000000000000000000 ) ) ;
#9001 = DIRECTION ( 'NONE',  ( -0.000000000000000000, -1.000000000000000000, 0.000000000000000000 ) ) ;
#9002 = LINE ( 'NONE', #8164, #4397 ) ;
#9003 = ORIENTED_EDGE ( 'NONE', *, *, #7177, .F. ) ;
#9004 = AXIS2_PLACEMENT_3D ( 'NONE', #12380, #2571, #8597 ) ;
#9005 = AXIS2_PLACEMENT_3D ( 'NONE', #3877, #7581, #11676 ) ;
#9006 = CIRCLE ( 'NONE', #7560, 1.999999999999988010 ) ;
#9007 = DIRECTION ( 'NONE',  ( 1.000000000000000000, 0.000000000000000000, 0.000000000000000000 ) ) ;
#9008 = VECTOR ( 'NONE', #9437, 1000.000000000000000 ) ;
#9009 = EDGE_CURVE ( 'NONE', #4909, #10931, #1340, .T. ) ;
#9010 = VERTEX_POINT ( 'NONE', #6546 ) ;
#9011 = DIRECTION ( 'NONE',  ( 1.000000000000000000, 0.000000000000000000, 0.000000000000000000 ) ) ;
#9012 = EDGE_CURVE ( 'NONE', #4987, #3206, #10241, .T. ) ;
#9013 = CARTESIAN_POINT ( 'NONE',  ( 7.876944450616041316, 54.99999999999999289, 12.36783142304525640 ) ) ;
#9014 = EDGE_LOOP ( 'NONE', ( #5735, #1874, #5348, #477 ) ) ;
#9015 = DIRECTION ( 'NONE',  ( -0.000000000000000000, -0.000000000000000000, -1.000000000000000000 ) ) ;
#9016 = CARTESIAN_POINT ( 'NONE',  ( 34.99999999999999289, -62.50000000000001421, 19.00000000000000355 ) ) ;
#9017 = CONICAL_SURFACE ( 'NONE', #521, 4.899999999999995914, 0.7853981633974420618 ) ;
#9018 = DIRECTION ( 'NONE',  ( 0.9356455129756980904, -0.3529411764705883692, 0.000000000000000000 ) ) ;
#9019 = DIRECTION ( 'NONE',  ( -8.474412998762999870E-16, -1.000000000000000000, 0.000000000000000000 ) ) ;
#9020 = DIRECTION ( 'NONE',  ( 0.000000000000000000, 0.000000000000000000, 1.000000000000000000 ) ) ;
#9021 = ADVANCED_FACE ( 'NONE', ( #6289 ), #5376, .F. ) ;
#9022 = ORIENTED_EDGE ( 'NONE', *, *, #1714, .F. ) ;
#9023 = EDGE_CURVE ( 'NONE', #7163, #9991, #7328, .T. ) ;
#9024 = CIRCLE ( 'NONE', #2616, 1.750000000000001554 ) ;
#9025 = DIRECTION ( 'NONE',  ( -0.8191520442889907994, -0.000000000000000000, 0.5735764363510478248 ) ) ;
#9026 = DIRECTION ( 'NONE',  ( -0.000000000000000000, 1.000000000000000000, 0.000000000000000000 ) ) ;
#9027 = PLANE ( 'NONE',  #8253 ) ;
#9028 = VERTEX_POINT ( 'NONE', #9526 ) ;
#9029 = DIRECTION ( 'NONE',  ( -0.000000000000000000, -0.000000000000000000, 1.000000000000000000 ) ) ;
#9030 = EDGE_CURVE ( 'NONE', #2953, #10057, #9396, .T. ) ;
#9031 = VERTEX_POINT ( 'NONE', #4104 ) ;
#9032 = DIRECTION ( 'NONE',  ( 0.000000000000000000, 0.000000000000000000, 1.000000000000000000 ) ) ;
#9033 = CARTESIAN_POINT ( 'NONE',  ( -34.99999999999999289, 62.50000000000001421, 11.97853694765314714 ) ) ;
#9034 = AXIS2_PLACEMENT_3D ( 'NONE', #1691, #5640, #12655 ) ;
#9035 = DIRECTION ( 'NONE',  ( 0.000000000000000000, 1.000000000000000000, 0.000000000000000000 ) ) ;
#9036 = DIRECTION ( 'NONE',  ( 0.000000000000000000, 0.000000000000000000, -1.000000000000000000 ) ) ;
#9037 = VERTEX_POINT ( 'NONE', #585 ) ;
#9038 = DIRECTION ( 'NONE',  ( -1.000000000000000000, 0.000000000000000000, 0.000000000000000000 ) ) ;
#9039 = DIRECTION ( 'NONE',  ( -0.7071067811865500152, 0.000000000000000000, 0.7071067811865450192 ) ) ;
#9040 = ORIENTED_EDGE ( 'NONE', *, *, #3231, .F. ) ;
#9041 = DIRECTION ( 'NONE',  ( 1.000000000000000000, 0.000000000000000000, 0.000000000000000000 ) ) ;
#9042 = ORIENTED_EDGE ( 'NONE', *, *, #1048, .T. ) ;
#9043 = CARTESIAN_POINT ( 'NONE',  ( -43.50000000000002132, 42.49999999999999289, 12.00000000000001066 ) ) ;
#9044 = ORIENTED_EDGE ( 'NONE', *, *, #6777, .F. ) ;
#9045 = DIRECTION ( 'NONE',  ( 1.000000000000000000, 5.737455619489484277E-16, 0.000000000000000000 ) ) ;
#9046 = LINE ( 'NONE', #114, #8354 ) ;
#9047 = CARTESIAN_POINT ( 'NONE',  ( -51.39005426567752011, -21.50000000000000000, 62.27008207479196500 ) ) ;
#9048 = CARTESIAN_POINT ( 'NONE',  ( 43.49999999999997868, 6.500000000000004441, 4.000000000000000000 ) ) ;
#9049 = ORIENTED_EDGE ( 'NONE', *, *, #11239, .F. ) ;
#9050 = ORIENTED_EDGE ( 'NONE', *, *, #8071, .F. ) ;
#9051 = ADVANCED_FACE ( 'NONE', ( #8296 ), #2999, .F. ) ;
#9052 = DIRECTION ( 'NONE',  ( 1.000000000000000000, 0.000000000000000000, 0.000000000000000000 ) ) ;
#9053 = ORIENTED_EDGE ( 'NONE', *, *, #12038, .T. ) ;
#9054 = EDGE_CURVE ( 'NONE', #3151, #9912, #2400, .T. ) ;
#9055 = ORIENTED_EDGE ( 'NONE', *, *, #206, .F. ) ;
#9056 = CIRCLE ( 'NONE', #3459, 1.500000000000001332 ) ;
#9057 = DIRECTION ( 'NONE',  ( -1.000000000000000000, 0.000000000000000000, 0.000000000000000000 ) ) ;
#9058 = AXIS2_PLACEMENT_3D ( 'NONE', #4161, #8256, #353 ) ;
#9059 = ORIENTED_EDGE ( 'NONE', *, *, #2323, .F. ) ;
#9060 = CARTESIAN_POINT ( 'NONE',  ( -65.81138037888261749, 21.49999999999998934, 41.84863861120228989 ) ) ;
#9061 = VERTEX_POINT ( 'NONE', #10439 ) ;
#9062 = DIRECTION ( 'NONE',  ( -1.000000000000000000, 0.000000000000000000, 0.000000000000000000 ) ) ;
#9063 = DIRECTION ( 'NONE',  ( -0.000000000000000000, 1.000000000000000000, 0.000000000000000000 ) ) ;
#9064 = DIRECTION ( 'NONE',  ( -0.000000000000000000, -0.000000000000000000, 1.000000000000000000 ) ) ;
#9065 = VECTOR ( 'NONE', #8909, 1000.000000000000000 ) ;
#9066 = CARTESIAN_POINT ( 'NONE',  ( -64.74665272665568239, 21.49999999999998934, 39.88233369421119789 ) ) ;
#9067 = CIRCLE ( 'NONE', #9686, 8.499999999999992895 ) ;
#9068 = LINE ( 'NONE', #793, #2697 ) ;
#9069 = FACE_OUTER_BOUND ( 'NONE', #9745, .T. ) ;
#9070 = EDGE_LOOP ( 'NONE', ( #885, #10518, #5150 ) ) ;
#9071 = ADVANCED_FACE ( 'NONE', ( #1492 ), #7514, .F. ) ;
#9072 = DIRECTION ( 'NONE',  ( -2.875224369628253549E-16, -1.000000000000000000, 0.000000000000000000 ) ) ;
#9073 = CARTESIAN_POINT ( 'NONE',  ( 9.000000000000001776, 55.00000000000000000, 12.00000000000001066 ) ) ;
#9074 = VERTEX_POINT ( 'NONE', #3364 ) ;
#9075 = AXIS2_PLACEMENT_3D ( 'NONE', #8387, #6193, #6318 ) ;
#9076 = CIRCLE ( 'NONE', #12605, 2.750000000000002665 ) ;
#9077 = LINE ( 'NONE', #3176, #4021 ) ;
#9078 = LINE ( 'NONE', #12148, #2736 ) ;
#9079 = EDGE_CURVE ( 'NONE', #3396, #1023, #11484, .T. ) ;
#9080 = FACE_OUTER_BOUND ( 'NONE', #5380, .T. ) ;
#9081 = EDGE_CURVE ( 'NONE', #1337, #9140, #3124, .T. ) ;
#9082 = DIRECTION ( 'NONE',  ( -0.000000000000000000, 1.000000000000000000, 0.000000000000000000 ) ) ;
#9083 = VECTOR ( 'NONE', #10974, 1000.000000000000114 ) ;
#9084 = AXIS2_PLACEMENT_3D ( 'NONE', #3106, #7068, #11021 ) ;
#9085 = DIRECTION ( 'NONE',  ( -0.8191520442889907994, -0.000000000000000000, 0.5735764363510478248 ) ) ;
#9086 = ORIENTED_EDGE ( 'NONE', *, *, #11743, .T. ) ;
#9087 = DIRECTION ( 'NONE',  ( -0.000000000000000000, -0.000000000000000000, -1.000000000000000000 ) ) ;
#9088 = DIRECTION ( 'NONE',  ( -2.449021377849609204E-16, 1.000000000000000000, 0.000000000000000000 ) ) ;
#9089 = DIRECTION ( 'NONE',  ( -1.000000000000000000, 0.000000000000000000, 0.000000000000000000 ) ) ;
#9090 = ADVANCED_FACE ( 'NONE', ( #12332 ), #3431, .T. ) ;
#9091 = ORIENTED_EDGE ( 'NONE', *, *, #4102, .T. ) ;
#9092 = DIRECTION ( 'NONE',  ( 0.8191520442889906883, -0.000000000000000000, -0.5735764363510477137 ) ) ;
#9093 = PRODUCT_DEFINITION ( 'UNKNOWN', '', #8670, #11234 ) ;
#9094 = EDGE_LOOP ( 'NONE', ( #6653, #6986, #5557, #4914 ) ) ;
#9095 = EDGE_CURVE ( 'NONE', #4221, #4987, #9779, .T. ) ;
#9096 = DIRECTION ( 'NONE',  ( -0.000000000000000000, -0.000000000000000000, 1.000000000000000000 ) ) ;
#9097 = EDGE_CURVE ( 'NONE', #4322, #4141, #6516, .T. ) ;
#9098 = DIRECTION ( 'NONE',  ( 0.000000000000000000, -0.000000000000000000, -1.000000000000000000 ) ) ;
#9099 = DIRECTION ( 'NONE',  ( 0.5735764363510448272, 0.000000000000000000, 0.8191520442889925757 ) ) ;
#9100 = ORIENTED_EDGE ( 'NONE', *, *, #5372, .F. ) ;
#9101 = DIRECTION ( 'NONE',  ( -0.000000000000000000, -0.000000000000000000, 1.000000000000000000 ) ) ;
#9102 = LINE ( 'NONE', #11314, #10458 ) ;
#9103 = ORIENTED_EDGE ( 'NONE', *, *, #7342, .F. ) ;
#9104 = EDGE_CURVE ( 'NONE', #4786, #11642, #4851, .T. ) ;
#9105 = DIRECTION ( 'NONE',  ( 1.000000000000000000, 0.000000000000000000, 0.000000000000000000 ) ) ;
#9106 = EDGE_LOOP ( 'NONE', ( #7488, #35, #350, #11468 ) ) ;
#9107 = ORIENTED_EDGE ( 'NONE', *, *, #11004, .T. ) ;
#9108 = DIRECTION ( 'NONE',  ( -1.541976423090495387E-16, 1.000000000000000000, 0.000000000000000000 ) ) ;
#9109 = DIRECTION ( 'NONE',  ( 1.000000000000000000, 0.000000000000000000, 0.000000000000000000 ) ) ;
#9110 = CARTESIAN_POINT ( 'NONE',  ( -24.99999999999998224, 24.99999999999999289, 12.50000000000000000 ) ) ;
#9111 = DIRECTION ( 'NONE',  ( 1.000000000000000000, 0.000000000000000000, 0.000000000000000000 ) ) ;
#9112 = VERTEX_POINT ( 'NONE', #9659 ) ;
#9113 = ORIENTED_EDGE ( 'NONE', *, *, #1622, .F. ) ;
#9114 = CARTESIAN_POINT ( 'NONE',  ( -67.49123708839562141, -14.49999999999999467, 38.75217588165035210 ) ) ;
#9115 = ADVANCED_FACE ( 'NONE', ( #901 ), #7353, .F. ) ;
#9116 = ORIENTED_EDGE ( 'NONE', *, *, #9054, .F. ) ;
#9117 = ORIENTED_EDGE ( 'NONE', *, *, #10297, .T. ) ;
#9118 = DIRECTION ( 'NONE',  ( -1.000000000000000000, 0.000000000000000000, 0.000000000000000000 ) ) ;
#9119 = ORIENTED_EDGE ( 'NONE', *, *, #151, .F. ) ;
#9120 = DIRECTION ( 'NONE',  ( -0.8191520442889906883, -0.000000000000000000, 0.5735764363510477137 ) ) ;
#9121 = ORIENTED_EDGE ( 'NONE', *, *, #9769, .F. ) ;
#9122 = CARTESIAN_POINT ( 'NONE',  ( -40.50000000000000000, -49.49999999999999289, 19.00538238691625281 ) ) ;
#9123 = CARTESIAN_POINT ( 'NONE',  ( -12.49999999999999822, 55.00000000000000000, 12.50000000000001066 ) ) ;
#9124 = CARTESIAN_POINT ( 'NONE',  ( 44.99999999999997868, 10.99999999999999645, 4.000000000000000000 ) ) ;
#9125 = FACE_OUTER_BOUND ( 'NONE', #12211, .T. ) ;
#9126 = AXIS2_PLACEMENT_3D ( 'NONE', #3833, #1829, #7791 ) ;
#9127 = DIRECTION ( 'NONE',  ( 0.000000000000000000, 1.000000000000000000, 0.000000000000000000 ) ) ;
#9128 = LINE ( 'NONE', #2126, #8363 ) ;
#9129 = ORIENTED_EDGE ( 'NONE', *, *, #9632, .F. ) ;
#9130 = DIRECTION ( 'NONE',  ( 0.7071067811865475727, -2.033090649196954538E-16, 0.7071067811865475727 ) ) ;
#9131 = CARTESIAN_POINT ( 'NONE',  ( -50.80874532332522620, 21.50000000000000000, 59.78772837043366906 ) ) ;
#9132 = EDGE_LOOP ( 'NONE', ( #9091, #7645, #4317, #6724 ) ) ;
#9133 = CIRCLE ( 'NONE', #4025, 1.499999999999999556 ) ;
#9134 = CARTESIAN_POINT ( 'NONE',  ( 25.99999999999999289, 53.50000000000000711, 12.00000000000003908 ) ) ;
#9135 = LINE ( 'NONE', #2011, #7512 ) ;
#9136 = ADVANCED_FACE ( 'NONE', ( #8616 ), #7754, .F. ) ;
#9137 = CARTESIAN_POINT ( 'NONE',  ( -43.74999999999999289, -53.75000000000000711, 25.00000000000000000 ) ) ;
#9138 = CIRCLE ( 'NONE', #3541, 0.9999999999999942268 ) ;
#9139 = DIRECTION ( 'NONE',  ( 0.7071067811865475727, 0.000000000000000000, -0.7071067811865475727 ) ) ;
#9140 = VERTEX_POINT ( 'NONE', #11547 ) ;
#9141 = ADVANCED_FACE ( 'NONE', ( #12782 ), #2653, .F. ) ;
#9142 = CARTESIAN_POINT ( 'NONE',  ( 40.49999999999998579, -49.49999999999998579, 2.500000000000000000 ) ) ;
#9143 = CARTESIAN_POINT ( 'NONE',  ( -52.04554590645746259, -21.50000000000000000, 61.50828767413807441 ) ) ;
#9144 = ORIENTED_EDGE ( 'NONE', *, *, #5378, .T. ) ;
#9145 = CARTESIAN_POINT ( 'NONE',  ( 39.99999999999999289, 61.25000000000001421, 45.15564437074637993 ) ) ;
#9146 = CONICAL_SURFACE ( 'NONE', #3549, 6.500000000000005329, 0.7853981633974447263 ) ;
#9147 = ORIENTED_EDGE ( 'NONE', *, *, #5174, .F. ) ;
#9148 = DIRECTION ( 'NONE',  ( -1.000000000000000000, 0.000000000000000000, 0.000000000000000000 ) ) ;
#9149 = VERTEX_POINT ( 'NONE', #6605 ) ;
#9150 = CARTESIAN_POINT ( 'NONE',  ( -51.47196947010641566, 21.50000000000000000, 62.32743971842705122 ) ) ;
#9151 = DIRECTION ( 'NONE',  ( 1.000000000000000000, 0.000000000000000000, -0.000000000000000000 ) ) ;
#9152 = CARTESIAN_POINT ( 'NONE',  ( 30.45884282854058256, 14.49999999999999822, -24.33972279500559566 ) ) ;
#9153 = ORIENTED_EDGE ( 'NONE', *, *, #3436, .F. ) ;
#9154 = CIRCLE ( 'NONE', #294, 1.500000000000000000 ) ;
#9155 = TOROIDAL_SURFACE ( 'NONE', #12484, 8.500000000000000000, 1.500000000000000000 ) ;
#9156 = CARTESIAN_POINT ( 'NONE',  ( 44.99999999999997868, 6.500000000000005329, 12.00000000000001066 ) ) ;
#9157 = VECTOR ( 'NONE', #6253, 1000.000000000000000 ) ;
#9158 = EDGE_CURVE ( 'NONE', #3280, #5293, #8383, .T. ) ;
#9159 = CARTESIAN_POINT ( 'NONE',  ( -45.00000000000003553, 53.49999999999999289, 12.50000000000000000 ) ) ;
#9160 = VERTEX_POINT ( 'NONE', #1810 ) ;
#9161 = EDGE_CURVE ( 'NONE', #407, #11988, #10670, .T. ) ;
#9162 = EDGE_CURVE ( 'NONE', #2260, #11855, #115, .T. ) ;
#9163 = EDGE_CURVE ( 'NONE', #11436, #3861, #6862, .T. ) ;
#9164 = DIRECTION ( 'NONE',  ( 0.000000000000000000, 0.000000000000000000, 1.000000000000000000 ) ) ;
#9165 = VERTEX_POINT ( 'NONE', #6662 ) ;
#9166 = DIRECTION ( 'NONE',  ( 0.000000000000000000, 0.000000000000000000, 1.000000000000000000 ) ) ;
#9167 = CIRCLE ( 'NONE', #683, 1.499999999999999556 ) ;
#9168 = ORIENTED_EDGE ( 'NONE', *, *, #12513, .T. ) ;
#9169 = AXIS2_PLACEMENT_3D ( 'NONE', #6185, #8064, #3069 ) ;
#9170 = AXIS2_PLACEMENT_3D ( 'NONE', #4789, #7071, #4929 ) ;
#9171 = FACE_OUTER_BOUND ( 'NONE', #319, .T. ) ;
#9172 = CARTESIAN_POINT ( 'NONE',  ( 34.00000000000001421, -53.49999999999998579, 12.50000000000000000 ) ) ;
#9173 = DIRECTION ( 'NONE',  ( -0.000000000000000000, 0.000000000000000000, -1.000000000000000000 ) ) ;
#9174 = DIRECTION ( 'NONE',  ( 1.000000000000000000, 0.000000000000000000, 0.000000000000000000 ) ) ;
#9175 = EDGE_CURVE ( 'NONE', #3634, #1310, #9587, .T. ) ;
#9176 = ORIENTED_EDGE ( 'NONE', *, *, #5144, .T. ) ;
#9177 = ORIENTED_EDGE ( 'NONE', *, *, #1464, .F. ) ;
#9178 = CARTESIAN_POINT ( 'NONE',  ( -21.99999999999996803, -55.00000000000000000, 12.50000000000001066 ) ) ;
#9179 = AXIS2_PLACEMENT_3D ( 'NONE', #5491, #8341, #9190 ) ;
#9180 = CIRCLE ( 'NONE', #2132, 1.499999999999999556 ) ;
#9181 = VECTOR ( 'NONE', #11077, 1000.000000000000000 ) ;
#9182 = ORIENTED_EDGE ( 'NONE', *, *, #1239, .T. ) ;
#9183 = EDGE_CURVE ( 'NONE', #5818, #5871, #711, .T. ) ;
#9184 = EDGE_LOOP ( 'NONE', ( #9419, #9949, #6556, #9107, #1733, #2656 ) ) ;
#9185 = CARTESIAN_POINT ( 'NONE',  ( -43.74999999999999289, -53.75000000000000711, 25.00000000000000000 ) ) ;
#9186 = ORIENTED_EDGE ( 'NONE', *, *, #12282, .T. ) ;
#9187 = CARTESIAN_POINT ( 'NONE',  ( -68.04832848065166218, 30.00000000000001066, 38.65394563847516451 ) ) ;
#9188 = ORIENTED_EDGE ( 'NONE', *, *, #9081, .T. ) ;
#9189 = DIRECTION ( 'NONE',  ( 0.8191520442889926867, -0.000000000000000000, -0.5735764363510448272 ) ) ;
#9190 = DIRECTION ( 'NONE',  ( 1.000000000000000000, 2.891205793294677833E-16, 0.000000000000000000 ) ) ;
#9191 = AXIS2_PLACEMENT_3D ( 'NONE', #7704, #11680, #2785 ) ;
#9192 = VECTOR ( 'NONE', #11794, 1000.000000000000000 ) ;
#9193 = EDGE_CURVE ( 'NONE', #5871, #3526, #1869, .T. ) ;
#9194 = AXIS2_PLACEMENT_3D ( 'NONE', #5826, #7899, #4665 ) ;
#9196 = CIRCLE ( 'NONE', #10822, 8.500000000000001776 ) ;
#9195 = DIRECTION ( 'NONE',  ( -0.000000000000000000, -0.000000000000000000, 1.000000000000000000 ) ) ;
#9197 = DIRECTION ( 'NONE',  ( -0.8191520442889906883, -0.000000000000000000, 0.5735764363510477137 ) ) ;
#9198 = FACE_OUTER_BOUND ( 'NONE', #9631, .T. ) ;
#9199 = FACE_OUTER_BOUND ( 'NONE', #6093, .T. ) ;
#9200 = ORIENTED_EDGE ( 'NONE', *, *, #12670, .T. ) ;
#9201 = DIRECTION ( 'NONE',  ( 0.5735764363510480468, 0.000000000000000000, 0.8191520442889904663 ) ) ;
#9202 = AXIS2_PLACEMENT_3D ( 'NONE', #4750, #4554, #8509 ) ;
#9203 = CIRCLE ( 'NONE', #2775, 1.999999999999998224 ) ;
#9204 = DIRECTION ( 'NONE',  ( 1.000000000000000000, 0.000000000000000000, 0.000000000000000000 ) ) ;
#9205 = VERTEX_POINT ( 'NONE', #10631 ) ;
#9206 = CARTESIAN_POINT ( 'NONE',  ( -67.49123708839562141, -14.49999999999999467, 38.75217588165035210 ) ) ;
#9207 = CARTESIAN_POINT ( 'NONE',  ( -47.49999999999999289, 53.74999999999999289, 0.4000000000000114575 ) ) ;
#9208 = AXIS2_PLACEMENT_3D ( 'NONE', #3039, #4917, #1092 ) ;
#9209 = VERTEX_POINT ( 'NONE', #10704 ) ;
#9210 = CARTESIAN_POINT ( 'NONE',  ( 39.59999999999998010, -62.50000000000001421, 0.000000000000000000 ) ) ;
#9211 = CIRCLE ( 'NONE', #1552, 1.999999999999980904 ) ;
#9212 = EDGE_CURVE ( 'NONE', #11169, #9970, #3202, .T. ) ;
#9213 = CARTESIAN_POINT ( 'NONE',  ( -40.50000000000000000, -49.49999999999999289, 12.50000000000000000 ) ) ;
#9214 = EDGE_LOOP ( 'NONE', ( #5938, #4635, #6426 ) ) ;
#9215 = LINE ( 'NONE', #6041, #7155 ) ;
#9216 = CARTESIAN_POINT ( 'NONE',  ( -29.99999999999998579, -62.50000000000001421, 25.00000000000000000 ) ) ;
#9217 = EDGE_LOOP ( 'NONE', ( #11803, #5460, #60, #278 ) ) ;
#9218 = ADVANCED_FACE ( 'NONE', ( #7697 ), #5761, .F. ) ;
#9219 = AXIS2_PLACEMENT_3D ( 'NONE', #2310, #194, #4135 ) ;
#9220 = VECTOR ( 'NONE', #5365, 1000.000000000000114 ) ;
#9221 = AXIS2_PLACEMENT_3D ( 'NONE', #5981, #9873, #10912 ) ;
#9222 = VECTOR ( 'NONE', #5406, 1000.000000000000000 ) ;
#9223 = EDGE_LOOP ( 'NONE', ( #403, #1015, #863, #4117 ) ) ;
#9224 = CARTESIAN_POINT ( 'NONE',  ( 44.99999999999998579, 11.91329076409590826, 12.10755915920907810 ) ) ;
#9225 = B_SPLINE_CURVE_WITH_KNOTS ( 'NONE', 3,
 ( #10734, #3648, #3581, #11444, #4752, #7479, #807, #11641 ),
 .UNSPECIFIED., .F., .F.,
 ( 4, 2, 2, 4 ),
 ( 0.000000000000000000, 0.0007138967942130861359, 0.001070845191319633053, 0.001427793588426179861 ),
 .UNSPECIFIED. ) ;
#9226 = VERTEX_POINT ( 'NONE', #4780 ) ;
#9227 = DIRECTION ( 'NONE',  ( 1.000000000000000000, 2.973811673103103088E-16, 0.000000000000000000 ) ) ;
#9228 = ADVANCED_FACE ( 'NONE', ( #8733 ), #12707, .F. ) ;
#9229 = CARTESIAN_POINT ( 'NONE',  ( 22.99999999999999289, 6.500000000000000888, 12.50000000000000000 ) ) ;
#9230 = CYLINDRICAL_SURFACE ( 'NONE', #5738, 1.499999999999999556 ) ;
#9231 = ORIENTED_EDGE ( 'NONE', *, *, #10122, .F. ) ;
#9232 = VECTOR ( 'NONE', #7297, 1000.000000000000000 ) ;
#9233 = LINE ( 'NONE', #11974, #2402 ) ;
#9234 = CARTESIAN_POINT ( 'NONE',  ( -67.41739440066554323, -21.50000000000000000, 39.55501288719311503 ) ) ;
#9235 = ORIENTED_EDGE ( 'NONE', *, *, #5588, .T. ) ;
#9236 = DIRECTION ( 'NONE',  ( -0.000000000000000000, 1.000000000000000000, 0.000000000000000000 ) ) ;
#9237 = VERTEX_POINT ( 'NONE', #8933 ) ;
#9238 = DIRECTION ( 'NONE',  ( 0.5735764363510494901, 0.000000000000000000, 0.8191520442889894671 ) ) ;
#9239 = AXIS2_PLACEMENT_3D ( 'NONE', #10136, #279, #2153 ) ;
#9240 = ORIENTED_EDGE ( 'NONE', *, *, #784, .T. ) ;
#9241 = LINE ( 'NONE', #3209, #5295 ) ;
#9242 = DIRECTION ( 'NONE',  ( 0.000000000000000000, 0.000000000000000000, -1.000000000000000000 ) ) ;
#9243 = ADVANCED_FACE ( 'NONE', ( #8033 ), #7968, .F. ) ;
#9244 = DIRECTION ( 'NONE',  ( 1.090341985197057179E-15, 0.7071067811865402453, 0.7071067811865549002 ) ) ;
#9245 = CARTESIAN_POINT ( 'NONE',  ( -23.49999999999997868, 24.99999999999999289, 4.000000000000000000 ) ) ;
#9246 = ORIENTED_EDGE ( 'NONE', *, *, #6290, .F. ) ;
#9247 = ORIENTED_EDGE ( 'NONE', *, *, #11960, .T. ) ;
#9248 = EDGE_CURVE ( 'NONE', #2276, #6300, #6022, .T. ) ;
#9249 = FACE_OUTER_BOUND ( 'NONE', #10066, .T. ) ;
#9250 = ORIENTED_EDGE ( 'NONE', *, *, #7504, .T. ) ;
#9251 = VERTEX_POINT ( 'NONE', #3939 ) ;
#9252 = FACE_OUTER_BOUND ( 'NONE', #4805, .T. ) ;
#9253 = ORIENTED_EDGE ( 'NONE', *, *, #4873, .T. ) ;
#9254 = FACE_OUTER_BOUND ( 'NONE', #2962, .T. ) ;
#9256 = EDGE_CURVE ( 'NONE', #788, #4842, #2003, .T. ) ;
#9255 = ORIENTED_EDGE ( 'NONE', *, *, #10201, .F. ) ;
#9257 = CARTESIAN_POINT ( 'NONE',  ( 43.49999999999997868, 6.500000000000004441, 2.500000000000000000 ) ) ;
#9258 = LINE ( 'NONE', #4192, #6485 ) ;
#9259 = EDGE_CURVE ( 'NONE', #10473, #3369, #2255, .T. ) ;
#9260 = EDGE_CURVE ( 'NONE', #3340, #6321, #1957, .T. ) ;
#9261 = CARTESIAN_POINT ( 'NONE',  ( 31.99999999999997868, -49.49999999999999289, 2.500000000000000000 ) ) ;
#9262 = ADVANCED_FACE ( 'NONE', ( #11939 ), #9973, .F. ) ;
#9263 = EDGE_CURVE ( 'NONE', #1249, #8240, #11868, .T. ) ;
#9264 = CARTESIAN_POINT ( 'NONE',  ( 40.49999999999998579, -49.49999999999998579, 12.50000000000000000 ) ) ;
#9265 = CARTESIAN_POINT ( 'NONE',  ( -33.29999999999999005, -62.50000000000001421, 25.00000000000000000 ) ) ;
#9266 = AXIS2_PLACEMENT_3D ( 'NONE', #2878, #6899, #1902 ) ;
#9267 = CARTESIAN_POINT ( 'NONE',  ( -43.75000000000000000, 53.74999999999999289, 0.000000000000000000 ) ) ;
#9268 = ORIENTED_EDGE ( 'NONE', *, *, #4517, .F. ) ;
#9269 = DIRECTION ( 'NONE',  ( 0.6616012870118793687, 0.2495670992423129342, 0.7071067811865492381 ) ) ;
#9270 = ORIENTED_EDGE ( 'NONE', *, *, #6864, .T. ) ;
#9271 = DIRECTION ( 'NONE',  ( -0.000000000000000000, -0.000000000000000000, 1.000000000000000000 ) ) ;
#9272 = DIRECTION ( 'NONE',  ( 9.796085511398436814E-16, -1.000000000000000000, 0.000000000000000000 ) ) ;
#9273 = AXIS2_PLACEMENT_3D ( 'NONE', #5813, #636, #8540 ) ;
#9274 = VECTOR ( 'NONE', #1762, 1000.000000000000000 ) ;
#9275 = DIRECTION ( 'NONE',  ( 0.7071067811865376918, 0.000000000000000000, 0.7071067811865574537 ) ) ;
#9276 = DIRECTION ( 'NONE',  ( 0.000000000000000000, 0.000000000000000000, 1.000000000000000000 ) ) ;
#9277 = DIRECTION ( 'NONE',  ( 1.000000000000000000, 9.796085511398436814E-16, -0.000000000000000000 ) ) ;
#9278 = ADVANCED_FACE ( 'NONE', ( #5040 ), #8092, .F. ) ;
#9279 = ORIENTED_EDGE ( 'NONE', *, *, #9183, .T. ) ;
#9280 = AXIS2_PLACEMENT_3D ( 'NONE', #4758, #12680, #11912 ) ;
#9281 = CARTESIAN_POINT ( 'NONE',  ( -45.86169591142200375, 30.00000000000000000, 66.85284712729792034 ) ) ;
#9283 = DIRECTION ( 'NONE',  ( -1.000000000000000000, 0.000000000000000000, 0.000000000000000000 ) ) ;
#9282 = CIRCLE ( 'NONE', #3659, 3.750000000000003553 ) ;
#9284 = ORIENTED_EDGE ( 'NONE', *, *, #8141, .T. ) ;
#9285 = ORIENTED_EDGE ( 'NONE', *, *, #7283, .F. ) ;
#9286 = DIRECTION ( 'NONE',  ( -0.000000000000000000, -0.000000000000000000, 1.000000000000000000 ) ) ;
#9287 = EDGE_CURVE ( 'NONE', #5904, #3526, #63, .T. ) ;
#9288 = ORIENTED_EDGE ( 'NONE', *, *, #1273, .F. ) ;
#9289 = CARTESIAN_POINT ( 'NONE',  ( 33.29999999999999005, 62.50000000000001421, 19.00000000000000355 ) ) ;
#9290 = CIRCLE ( 'NONE', #4313, 6.999999999999992006 ) ;
#9291 = CARTESIAN_POINT ( 'NONE',  ( 6.999999999999999112, 53.50000000000000000, 12.50000000000000000 ) ) ;
#9292 = CIRCLE ( 'NONE', #10954, 1.499999999999999556 ) ;
#9293 = DIRECTION ( 'NONE',  ( -0.8191520442889906883, -0.000000000000000000, 0.5735764363510477137 ) ) ;
#9294 = ORIENTED_EDGE ( 'NONE', *, *, #4289, .T. ) ;
#9295 = DIRECTION ( 'NONE',  ( -1.000000000000000000, -0.000000000000000000, -0.000000000000000000 ) ) ;
#9296 = CARTESIAN_POINT ( 'NONE',  ( -65.11586616530635752, -25.00000000000000355, 35.86814866649763900 ) ) ;
#9297 = VERTEX_POINT ( 'NONE', #3099 ) ;
#9298 = CARTESIAN_POINT ( 'NONE',  ( -6.499999999999999112, 24.00000000000000355, 4.000000000000000000 ) ) ;
#9299 = ORIENTED_EDGE ( 'NONE', *, *, #12566, .T. ) ;
#9300 = LINE ( 'NONE', #2487, #12695 ) ;
#9301 = ORIENTED_EDGE ( 'NONE', *, *, #12151, .T. ) ;
#9302 = LINE ( 'NONE', #11439, #12345 ) ;
#9303 = CARTESIAN_POINT ( 'NONE',  ( -65.11586616530635752, -25.00000000000000355, 35.86814866649763900 ) ) ;
#9304 = DIRECTION ( 'NONE',  ( -1.000000000000000000, -4.625929269271481378E-15, 0.000000000000000000 ) ) ;
#9305 = DIRECTION ( 'NONE',  ( -0.000000000000000000, -1.000000000000000000, -0.000000000000000000 ) ) ;
#9306 = ORIENTED_EDGE ( 'NONE', *, *, #12338, .F. ) ;
#9307 = EDGE_CURVE ( 'NONE', #11855, #2260, #11078, .T. ) ;
#9308 = DIRECTION ( 'NONE',  ( 1.000000000000000000, 0.000000000000000000, 0.000000000000000000 ) ) ;
#9309 = ORIENTED_EDGE ( 'NONE', *, *, #4678, .F. ) ;
#9310 = EDGE_CURVE ( 'NONE', #407, #2077, #6090, .T. ) ;
#9311 = ORIENTED_EDGE ( 'NONE', *, *, #4577, .T. ) ;
#9312 = CARTESIAN_POINT ( 'NONE',  ( 32.24999999999998579, 62.50000000000001421, 25.00000000000000000 ) ) ;
#9313 = ORIENTED_EDGE ( 'NONE', *, *, #5073, .F. ) ;
#9314 = LINE ( 'NONE', #9187, #9181 ) ;
#9315 = EDGE_CURVE ( 'NONE', #2509, #6172, #4854, .T. ) ;
#9316 = VERTEX_POINT ( 'NONE', #3162 ) ;
#9317 = DIRECTION ( 'NONE',  ( 0.000000000000000000, -0.000000000000000000, -1.000000000000000000 ) ) ;
#9318 = LINE ( 'NONE', #4263, #10003 ) ;
#9319 = DIRECTION ( 'NONE',  ( -0.8191520442889906883, -0.000000000000000000, 0.5735764363510477137 ) ) ;
#9320 = DIRECTION ( 'NONE',  ( -0.000000000000000000, -0.000000000000000000, -1.000000000000000000 ) ) ;
#9321 = DIRECTION ( 'NONE',  ( 1.000000000000000000, 0.000000000000000000, 0.000000000000000000 ) ) ;
#9322 = DIRECTION ( 'NONE',  ( -0.5735764363510477137, -1.776252852028131312E-15, -0.8191520442889906883 ) ) ;
#9323 = EDGE_CURVE ( 'NONE', #4441, #3193, #2583, .T. ) ;
#9324 = DIRECTION ( 'NONE',  ( 0.000000000000000000, 0.000000000000000000, -1.000000000000000000 ) ) ;
#9325 = ORIENTED_EDGE ( 'NONE', *, *, #1949, .F. ) ;
#9326 = CYLINDRICAL_SURFACE ( 'NONE', #12386, 1.500000000000001332 ) ;
#9327 = EDGE_CURVE ( 'NONE', #3441, #9629, #11500, .T. ) ;
#9328 = VERTEX_POINT ( 'NONE', #12133 ) ;
#9329 = EDGE_CURVE ( 'NONE', #2421, #6332, #5688, .T. ) ;
#9330 = ADVANCED_FACE ( 'NONE', ( #8876 ), #12533, .F. ) ;
#9331 = CARTESIAN_POINT ( 'NONE',  ( 34.99999999999999289, -62.50000000000001421, 25.00000000000000000 ) ) ;
#9332 = PLANE ( 'NONE',  #2121 ) ;
#9333 = CARTESIAN_POINT ( 'NONE',  ( -47.49999999999999289, -30.00000000000000000, 12.50000000000000000 ) ) ;
#9334 = CYLINDRICAL_SURFACE ( 'NONE', #3354, 2.299999999999996270 ) ;
#9335 = EDGE_CURVE ( 'NONE', #2276, #10473, #5270, .T. ) ;
#9336 = CARTESIAN_POINT ( 'NONE',  ( -3.000000000000002220, -55.00000000000000000, 12.00000000000001066 ) ) ;
#9337 = VERTEX_POINT ( 'NONE', #6276 ) ;
#9338 = CARTESIAN_POINT ( 'NONE',  ( -32.00000000000000000, -53.50000000000000711, 12.50000000000000000 ) ) ;
#9339 = CONICAL_SURFACE ( 'NONE', #12255, 4.899999999999985256, 0.7853981633974278509 ) ;
#9340 = DIRECTION ( 'NONE',  ( 1.000000000000000000, 0.000000000000000000, 0.000000000000000000 ) ) ;
#9341 = EDGE_LOOP ( 'NONE', ( #7661, #6489, #11111, #5413 ) ) ;
#9342 = EDGE_LOOP ( 'NONE', ( #6973, #295, #8015, #10889 ) ) ;
#9343 = DIRECTION ( 'NONE',  ( 1.000000000000000000, 8.393823270855517276E-16, -0.000000000000000000 ) ) ;
#9344 = ORIENTED_EDGE ( 'NONE', *, *, #9030, .F. ) ;
#9345 = ADVANCED_FACE ( 'NONE', ( #1283 ), #8227, .F. ) ;
#9346 = EDGE_CURVE ( 'NONE', #9927, #2855, #2313, .T. ) ;
#9347 = VECTOR ( 'NONE', #6618, 1000.000000000000000 ) ;
#9348 = FACE_OUTER_BOUND ( 'NONE', #4036, .T. ) ;
#9349 = DIRECTION ( 'NONE',  ( -1.000000000000000000, -0.000000000000000000, -0.000000000000000000 ) ) ;
#9350 = VERTEX_POINT ( 'NONE', #7442 ) ;
#9351 = CARTESIAN_POINT ( 'NONE',  ( -45.00000000000002842, -25.00000000000000000, -28.84505903859500719 ) ) ;
#9352 = CARTESIAN_POINT ( 'NONE',  ( -40.50000000000000000, -49.49999999999999289, 12.00000000000003197 ) ) ;
#9353 = ORIENTED_EDGE ( 'NONE', *, *, #6563, .F. ) ;
#9354 = LINE ( 'NONE', #4426, #10328 ) ;
#9355 = ORIENTED_EDGE ( 'NONE', *, *, #9259, .T. ) ;
#9356 = DIRECTION ( 'NONE',  ( 1.000000000000000000, 0.000000000000000000, 0.000000000000000000 ) ) ;
#9357 = ORIENTED_EDGE ( 'NONE', *, *, #1464, .T. ) ;
#9358 = LINE ( 'NONE', #10474, #11100 ) ;
#9359 = CARTESIAN_POINT ( 'NONE',  ( -0.4529868602934395971, 25.50000000000000711, 12.50000000000000000 ) ) ;
#9360 = DIRECTION ( 'NONE',  ( -0.8191520442889907994, -0.000000000000000000, 0.5735764363510478248 ) ) ;
#9361 = AXIS2_PLACEMENT_3D ( 'NONE', #5555, #1543, #9513 ) ;
#9362 = CARTESIAN_POINT ( 'NONE',  ( -66.38495681523366443, 21.49999999999998934, 41.02948656691329887 ) ) ;
#9363 = AXIS2_PLACEMENT_3D ( 'NONE', #7385, #2387, #7255 ) ;
#9364 = VERTEX_POINT ( 'NONE', #8410 ) ;
#9365 = DIRECTION ( 'NONE',  ( 0.000000000000000000, 0.000000000000000000, 1.000000000000000000 ) ) ;
#9366 = ORIENTED_EDGE ( 'NONE', *, *, #12472, .F. ) ;
#9367 = EDGE_LOOP ( 'NONE', ( #6180, #6923 ) ) ;
#9368 = AXIS2_PLACEMENT_3D ( 'NONE', #2650, #12704, #10702 ) ;
#9369 = LINE ( 'NONE', #3471, #9473 ) ;
#9370 = CIRCLE ( 'NONE', #4816, 1.700000000000004174 ) ;
#9371 = AXIS2_PLACEMENT_3D ( 'NONE', #10991, #362, #7944 ) ;
#9372 = EDGE_LOOP ( 'NONE', ( #8784, #7399, #7641, #6299, #5783, #2348, #11961, #4355, #8476, #6643, #7997, #3408, #1694, #11066, #3767, #6146, #3822, #11790, #4557 ) ) ;
#9373 = EDGE_CURVE ( 'NONE', #11616, #220, #10421, .T. ) ;
#9374 = PLANE ( 'NONE',  #12708 ) ;
#9375 = ORIENTED_EDGE ( 'NONE', *, *, #11378, .T. ) ;
#9376 = SPHERICAL_SURFACE ( 'NONE', #1560, 1.500000000000000000 ) ;
#9377 = CARTESIAN_POINT ( 'NONE',  ( -47.49999999999999289, -57.50000000000000711, 25.00000000000000000 ) ) ;
#9378 = DIRECTION ( 'NONE',  ( -0.000000000000000000, -0.000000000000000000, 1.000000000000000000 ) ) ;
#9379 = DIRECTION ( 'NONE',  ( 0.000000000000000000, -0.000000000000000000, 1.000000000000000000 ) ) ;
#9380 = EDGE_CURVE ( 'NONE', #12054, #8215, #1360, .T. ) ;
#9382 = DIRECTION ( 'NONE',  ( -0.000000000000000000, -0.000000000000000000, -1.000000000000000000 ) ) ;
#9381 = AXIS2_PLACEMENT_3D ( 'NONE', #7636, #5820, #11607 ) ;
#9383 = AXIS2_PLACEMENT_3D ( 'NONE', #8891, #3705, #9932 ) ;
#9384 = VECTOR ( 'NONE', #12478, 1000.000000000000000 ) ;
#9385 = PLANE ( 'NONE',  #11415 ) ;
#9386 = ORIENTED_EDGE ( 'NONE', *, *, #8238, .T. ) ;
#9387 = ORIENTED_EDGE ( 'NONE', *, *, #1966, .F. ) ;
#9388 = DIRECTION ( 'NONE',  ( 0.5735764363510448272, 0.000000000000000000, 0.8191520442889926867 ) ) ;
#9389 = VERTEX_POINT ( 'NONE', #505 ) ;
#9390 = CARTESIAN_POINT ( 'NONE',  ( -0.4529868602934395971, 25.50000000000000711, 12.00000000000000000 ) ) ;
#9391 = CONICAL_SURFACE ( 'NONE', #6496, 0.9999999999999942268, 0.7853981633974341792 ) ;
#9392 = AXIS2_PLACEMENT_3D ( 'NONE', #6111, #11955, #7017 ) ;
#9393 = CIRCLE ( 'NONE', #1119, 1.749999999999999778 ) ;
#9394 = DIRECTION ( 'NONE',  ( -1.000000000000000000, 0.000000000000000000, 0.000000000000000000 ) ) ;
#9395 = CARTESIAN_POINT ( 'NONE',  ( -25.99999999999999645, 24.99999999999999289, 12.50000000000000000 ) ) ;
#9396 = LINE ( 'NONE', #1371, #2370 ) ;
#9397 = CARTESIAN_POINT ( 'NONE',  ( -47.49999999999999289, -30.00000000000000000, 10.94669914110090048 ) ) ;
#9398 = EDGE_CURVE ( 'NONE', #634, #3206, #5419, .T. ) ;
#9399 = VECTOR ( 'NONE', #10450, 1000.000000000000000 ) ;
#9400 = TOROIDAL_SURFACE ( 'NONE', #12116, 8.500000000000005329, 1.500000000000000000 ) ;
#9401 = ADVANCED_FACE ( 'NONE', ( #3532 ), #12194, .F. ) ;
#9402 = CIRCLE ( 'NONE', #4015, 3.750000000000003553 ) ;
#9403 = DIRECTION ( 'NONE',  ( 0.000000000000000000, 0.000000000000000000, -1.000000000000000000 ) ) ;
#9404 = ORIENTED_EDGE ( 'NONE', *, *, #7505, .F. ) ;
#9405 = CARTESIAN_POINT ( 'NONE',  ( 27.49999999999998224, -30.49999999999998934, 2.500000000000000000 ) ) ;
#9406 = FACE_OUTER_BOUND ( 'NONE', #9372, .T. ) ;
#9407 = EDGE_LOOP ( 'NONE', ( #3667, #2485, #10963, #752 ) ) ;
#9408 = VERTEX_POINT ( 'NONE', #3349 ) ;
#9409 = CYLINDRICAL_SURFACE ( 'NONE', #877, 1.750000000000001554 ) ;
#9410 = VECTOR ( 'NONE', #10894, 1000.000000000000000 ) ;
#9411 = VERTEX_POINT ( 'NONE', #12252 ) ;
#9412 = CIRCLE ( 'NONE', #6716, 2.299999999999996270 ) ;
#9413 = FACE_OUTER_BOUND ( 'NONE', #10290, .T. ) ;
#9414 = ADVANCED_FACE ( 'NONE', ( #6345 ), #10680, .F. ) ;
#9415 = EDGE_CURVE ( 'NONE', #9031, #6412, #3479, .T. ) ;
#9416 = DIRECTION ( 'NONE',  ( -1.000000000000000000, 0.000000000000000000, 0.000000000000000000 ) ) ;
#9417 = CARTESIAN_POINT ( 'NONE',  ( 39.59999999999998010, 61.25000000000001421, 0.000000000000000000 ) ) ;
#9418 = ADVANCED_FACE ( 'NONE', ( #8472 ), #9017, .F. ) ;
#9419 = ORIENTED_EDGE ( 'NONE', *, *, #12545, .T. ) ;
#9420 = EDGE_CURVE ( 'NONE', #508, #9074, #4865, .T. ) ;
#9421 = DIRECTION ( 'NONE',  ( -0.7071067811865463515, 0.000000000000000000, 0.7071067811865487940 ) ) ;
#9422 = VECTOR ( 'NONE', #5490, 1000.000000000000000 ) ;
#9423 = FACE_OUTER_BOUND ( 'NONE', #10432, .T. ) ;
#9424 = AXIS2_PLACEMENT_3D ( 'NONE', #5493, #4516, #2508 ) ;
#9425 = CIRCLE ( 'NONE', #3830, 1.500000000000000444 ) ;
#9426 = CARTESIAN_POINT ( 'NONE',  ( 44.99999999999997868, -40.99999999999998579, 12.50000000000000000 ) ) ;
#9427 = ORIENTED_EDGE ( 'NONE', *, *, #4546, .T. ) ;
#9428 = FACE_OUTER_BOUND ( 'NONE', #11679, .T. ) ;
#9429 = ORIENTED_EDGE ( 'NONE', *, *, #4973, .F. ) ;
#9430 = DIRECTION ( 'NONE',  ( -0.000000000000000000, -0.000000000000000000, -1.000000000000000000 ) ) ;
#9431 = CARTESIAN_POINT ( 'NONE',  ( -66.38495681523366443, -21.50000000000000000, 41.02948656691329887 ) ) ;
#9432 = CONICAL_SURFACE ( 'NONE', #12551, 2.299999999999999822, 0.7853981633974400633 ) ;
#9433 = AXIS2_PLACEMENT_3D ( 'NONE', #8396, #6443, #7240 ) ;
#9434 = CARTESIAN_POINT ( 'NONE',  ( 47.50000000000000711, -57.50000000000000711, 0.4000000000000114575 ) ) ;
#9435 = LINE ( 'NONE', #8210, #743 ) ;
#9436 = EDGE_LOOP ( 'NONE', ( #2928, #1010, #12691, #9784 ) ) ;
#9437 = DIRECTION ( 'NONE',  ( 0.000000000000000000, -1.000000000000000000, 0.000000000000000000 ) ) ;
#9438 = ORIENTED_EDGE ( 'NONE', *, *, #6137, .T. ) ;
#9439 = CARTESIAN_POINT ( 'NONE',  ( -48.85085293373040116, 21.50000000000000000, 59.27133957236897999 ) ) ;
#9440 = ORIENTED_EDGE ( 'NONE', *, *, #9097, .T. ) ;
#9441 = AXIS2_PLACEMENT_3D ( 'NONE', #3772, #740, #4687 ) ;
#9442 = DIRECTION ( 'NONE',  ( -1.000000000000000000, 0.000000000000000000, 0.000000000000000000 ) ) ;
#9443 = EDGE_LOOP ( 'NONE', ( #9457, #1500, #4897, #10590 ) ) ;
#9444 = CARTESIAN_POINT ( 'NONE',  ( -49.67017498336817027, 18.99999999999999645, 58.62426045898529026 ) ) ;
#9445 = EDGE_LOOP ( 'NONE', ( #7241, #12053, #5527, #3789 ) ) ;
#9446 = CARTESIAN_POINT ( 'NONE',  ( 4.499999999999992006, 14.54701313970656962, 4.000000000000000000 ) ) ;
#9447 = CARTESIAN_POINT ( 'NONE',  ( 38.74999999999998579, -49.49999999999998579, 19.00538238691625281 ) ) ;
#9448 = EDGE_CURVE ( 'NONE', #9160, #12715, #2171, .T. ) ;
#9449 = DIRECTION ( 'NONE',  ( 1.000000000000000000, 0.000000000000000000, 0.000000000000000000 ) ) ;
#9450 = CARTESIAN_POINT ( 'NONE',  ( -6.500000000000005329, 49.49999999999997868, 17.10000000000000142 ) ) ;
#9451 = ORIENTED_EDGE ( 'NONE', *, *, #8073, .T. ) ;
#9452 = CIRCLE ( 'NONE', #973, 2.300000000000003375 ) ;
#9453 = DIRECTION ( 'NONE',  ( -1.000000000000000000, 0.000000000000000000, 0.000000000000000000 ) ) ;
#9454 = EDGE_LOOP ( 'NONE', ( #7768, #10017, #124, #1850 ) ) ;
#9455 = ORIENTED_EDGE ( 'NONE', *, *, #2013, .T. ) ;
#9456 = CARTESIAN_POINT ( 'NONE',  ( -25.99999999999999645, 24.99999999999999289, 12.50000000000000000 ) ) ;
#9457 = ORIENTED_EDGE ( 'NONE', *, *, #6137, .F. ) ;
#9458 = LINE ( 'NONE', #12157, #8262 ) ;
#9459 = CARTESIAN_POINT ( 'NONE',  ( 39.99999999999999289, -61.25000000000001421, 25.00000000000000000 ) ) ;
#9460 = DIRECTION ( 'NONE',  ( -0.000000000000000000, -0.000000000000000000, 1.000000000000000000 ) ) ;
#9461 = DIRECTION ( 'NONE',  ( 1.000000000000000000, 0.000000000000000000, 0.000000000000000000 ) ) ;
#9462 = CARTESIAN_POINT ( 'NONE',  ( 7.499999999999992895, 22.50000000000000355, 4.000000000000000000 ) ) ;
#9463 = CIRCLE ( 'NONE', #9668, 1.700000000000000178 ) ;
#9464 = DIRECTION ( 'NONE',  ( 1.261617073437676865E-15, -1.000000000000000000, 0.000000000000000000 ) ) ;
#9465 = AXIS2_PLACEMENT_3D ( 'NONE', #12538, #8568, #1508 ) ;
#9466 = EDGE_CURVE ( 'NONE', #10366, #2565, #11931, .T. ) ;
#9467 = DIRECTION ( 'NONE',  ( -0.000000000000000000, -0.000000000000000000, 1.000000000000000000 ) ) ;
#9468 = ORIENTED_EDGE ( 'NONE', *, *, #11238, .F. ) ;
#9469 = DIRECTION ( 'NONE',  ( 1.176083712526648702E-16, -1.000000000000000000, -0.000000000000000000 ) ) ;
#9470 = CARTESIAN_POINT ( 'NONE',  ( 44.99999999999997868, -54.99999999999999289, -142.1267040355189977 ) ) ;
#9471 = ORIENTED_EDGE ( 'NONE', *, *, #12700, .T. ) ;
#9472 = EDGE_CURVE ( 'NONE', #3065, #5063, #11462, .T. ) ;
#9473 = VECTOR ( 'NONE', #6268, 1000.000000000000000 ) ;
#9474 = AXIS2_PLACEMENT_3D ( 'NONE', #10581, #11623, #1693 ) ;
#9475 = EDGE_LOOP ( 'NONE', ( #7264, #3343, #4819 ) ) ;
#9476 = CARTESIAN_POINT ( 'NONE',  ( 44.99999999999997158, 12.37906334672663533, 12.00000000000002665 ) ) ;
#9477 = ADVANCED_FACE ( 'NONE', ( #4326 ), #10164, .F. ) ;
#9478 = EDGE_LOOP ( 'NONE', ( #4294, #4343, #6245, #7826 ) ) ;
#9479 = LINE ( 'NONE', #1506, #10485 ) ;
#9480 = DIRECTION ( 'NONE',  ( 0.8191520442889926867, -0.000000000000000000, -0.5735764363510448272 ) ) ;
#9481 = LINE ( 'NONE', #9605, #9274 ) ;
#9482 = VERTEX_POINT ( 'NONE', #10300 ) ;
#9483 = AXIS2_PLACEMENT_3D ( 'NONE', #10989, #6058, #9041 ) ;
#9484 = VECTOR ( 'NONE', #7795, 1000.000000000000000 ) ;
#9485 = CARTESIAN_POINT ( 'NONE',  ( 6.500000000000002665, 10.99999999999999645, 12.50000000000000000 ) ) ;
#9486 = DIRECTION ( 'NONE',  ( 0.000000000000000000, -1.000000000000000000, 0.000000000000000000 ) ) ;
#9487 = ADVANCED_FACE ( 'NONE', ( #11341 ), #6405, .F. ) ;
#9488 = DIRECTION ( 'NONE',  ( 0.000000000000000000, 0.000000000000000000, 1.000000000000000000 ) ) ;
#9489 = EDGE_CURVE ( 'NONE', #4759, #9825, #9537, .T. ) ;
#9490 = ORIENTED_EDGE ( 'NONE', *, *, #2061, .F. ) ;
#9491 = EDGE_CURVE ( 'NONE', #5661, #9074, #2576, .T. ) ;
#9492 = DIRECTION ( 'NONE',  ( 1.000000000000000000, 0.000000000000000000, 0.000000000000000000 ) ) ;
#9493 = CIRCLE ( 'NONE', #3896, 3.750000000000000000 ) ;
#9494 = ORIENTED_EDGE ( 'NONE', *, *, #4888, .F. ) ;
#9495 = AXIS2_PLACEMENT_3D ( 'NONE', #5501, #12389, #576 ) ;
#9496 = CARTESIAN_POINT ( 'NONE',  ( 7.499999999999992895, 22.50000000000000355, 12.00000000000002309 ) ) ;
#9497 = CARTESIAN_POINT ( 'NONE',  ( -7.822875655532267380, 55.00000000000000711, 12.50000000000000000 ) ) ;
#9498 = B_SPLINE_CURVE_WITH_KNOTS ( 'NONE', 3,
 ( #5518, #9476, #11233, #8370, #9224, #2339, #7526, #7402 ),
 .UNSPECIFIED., .F., .F.,
 ( 4, 2, 2, 4 ),
 ( 0.000000000000000000, 0.0003574555549545211514, 0.0007149111099090423027, 0.001429822219818084605 ),
 .UNSPECIFIED. ) ;
#9499 = LINE ( 'NONE', #11442, #11455 ) ;
#9500 = CARTESIAN_POINT ( 'NONE',  ( -43.74999999999999289, -57.10000000000000142, 0.000000000000000000 ) ) ;
#9501 = ORIENTED_EDGE ( 'NONE', *, *, #135, .T. ) ;
#9502 = CARTESIAN_POINT ( 'NONE',  ( 44.99999999999998579, 6.620964356431519704, 12.00000000000001243 ) ) ;
#9503 = ADVANCED_FACE ( 'NONE', ( #4643 ), #3602, .F. ) ;
#9504 = VECTOR ( 'NONE', #6760, 1000.000000000000000 ) ;
#9505 = ORIENTED_EDGE ( 'NONE', *, *, #3016, .T. ) ;
#9506 = DIRECTION ( 'NONE',  ( 0.000000000000000000, -1.000000000000000000, 0.000000000000000000 ) ) ;
#9507 = ORIENTED_EDGE ( 'NONE', *, *, #4703, .T. ) ;
#9508 = CARTESIAN_POINT ( 'NONE',  ( 26.00000000000000000, -30.49999999999999289, 12.00000000000000000 ) ) ;
#9509 = ORIENTED_EDGE ( 'NONE', *, *, #11717, .F. ) ;
#9510 = ORIENTED_EDGE ( 'NONE', *, *, #7984, .F. ) ;
#9511 = DIRECTION ( 'NONE',  ( -0.7071067811865573427, -9.199760500100371786E-17, -0.7071067811865378028 ) ) ;
#9512 = LINE ( 'NONE', #758, #7123 ) ;
#9513 = DIRECTION ( 'NONE',  ( 0.000000000000000000, 0.000000000000000000, -1.000000000000000000 ) ) ;
#9514 = EDGE_CURVE ( 'NONE', #4951, #2509, #6532, .T. ) ;
#9515 = DIRECTION ( 'NONE',  ( 0.000000000000000000, 0.000000000000000000, 1.000000000000000000 ) ) ;
#9516 = ADVANCED_FACE ( 'NONE', ( #8600 ), #6785, .F. ) ;
#9517 = ORIENTED_EDGE ( 'NONE', *, *, #4655, .T. ) ;
#9518 = CARTESIAN_POINT ( 'NONE',  ( -69.88855255229850627, -21.79999999999999361, 71.68262371323518778 ) ) ;
#9519 = ORIENTED_EDGE ( 'NONE', *, *, #7665, .T. ) ;
#9520 = ORIENTED_EDGE ( 'NONE', *, *, #11163, .T. ) ;
#9521 = CARTESIAN_POINT ( 'NONE',  ( -51.49703704694644557, -21.79999999999999361, 58.80474591728687983 ) ) ;
#9522 = EDGE_LOOP ( 'NONE', ( #2500, #12171 ) ) ;
#9523 = CARTESIAN_POINT ( 'NONE',  ( -34.99999999999999289, 62.50000000000001421, 13.00000000000000178 ) ) ;
#9524 = CARTESIAN_POINT ( 'NONE',  ( 21.49999999999999289, 12.49999999999999467, 2.500000000000000000 ) ) ;
#9525 = CARTESIAN_POINT ( 'NONE',  ( -39.59999999999998010, -62.50000000000001421, 0.000000000000000000 ) ) ;
#9526 = CARTESIAN_POINT ( 'NONE',  ( -6.499999999999999112, 23.50000000000000355, 12.50000000000000000 ) ) ;
#9527 = DIRECTION ( 'NONE',  ( -1.000000000000000000, 0.000000000000000000, 0.000000000000000000 ) ) ;
#9528 = LINE ( 'NONE', #11418, #8974 ) ;
#9529 = ORIENTED_EDGE ( 'NONE', *, *, #9193, .T. ) ;
#9530 = DIRECTION ( 'NONE',  ( 1.000000000000000000, 0.000000000000000000, 0.000000000000000000 ) ) ;
#9531 = CARTESIAN_POINT ( 'NONE',  ( -32.00000000000000000, -55.00000000000000711, 12.50000000000000000 ) ) ;
#9532 = EDGE_LOOP ( 'NONE', ( #6989, #10310, #3216, #9129 ) ) ;
#9533 = DIRECTION ( 'NONE',  ( -0.000000000000000000, -0.000000000000000000, -1.000000000000000000 ) ) ;
#9534 = ADVANCED_FACE ( 'NONE', ( #12689 ), #12765, .F. ) ;
#9535 = ORIENTED_EDGE ( 'NONE', *, *, #230, .T. ) ;
#9536 = CARTESIAN_POINT ( 'NONE',  ( 33.29999999999999005, 62.50000000000001421, 13.00000000000000178 ) ) ;
#9537 = B_SPLINE_CURVE_WITH_KNOTS ( 'NONE', 3,
 ( #10359, #10614, #1793, #1666, #760, #5679, #9763, #8720 ),
 .UNSPECIFIED., .F., .F.,
 ( 4, 2, 2, 4 ),
 ( 0.000000000000000000, 0.0003574555549545291202, 0.0007149111099090582405, 0.001429822219818118433 ),
 .UNSPECIFIED. ) ;
#9538 = CARTESIAN_POINT ( 'NONE',  ( 8.999999999999992895, 30.86660026534075740, 4.000000000000000000 ) ) ;
#9539 = DIRECTION ( 'NONE',  ( 1.000000000000000000, -0.000000000000000000, -0.000000000000000000 ) ) ;
#9540 = EDGE_LOOP ( 'NONE', ( #9313, #9946, #12329, #2308 ) ) ;
#9541 = EDGE_CURVE ( 'NONE', #4375, #6509, #631, .T. ) ;
#9542 = CIRCLE ( 'NONE', #11215, 2.750000000000002665 ) ;
#9543 = CARTESIAN_POINT ( 'NONE',  ( -45.00000000000002132, 24.99999999999999289, 21.78286753993241476 ) ) ;
#9544 = DIRECTION ( 'NONE',  ( 0.000000000000000000, -0.7071067811865500152, 0.7071067811865450192 ) ) ;
#9545 = PLANE ( 'NONE',  #11157 ) ;
#9546 = EDGE_LOOP ( 'NONE', ( #526, #8605, #10218, #2883 ) ) ;
#9547 = VECTOR ( 'NONE', #4645, 1000.000000000000000 ) ;
#9548 = ORIENTED_EDGE ( 'NONE', *, *, #4683, .F. ) ;
#9549 = LINE ( 'NONE', #10537, #714 ) ;
#9550 = DIRECTION ( 'NONE',  ( 1.000000000000000000, 0.000000000000000000, 0.000000000000000000 ) ) ;
#9551 = LINE ( 'NONE', #1708, #7994 ) ;
#9552 = ORIENTED_EDGE ( 'NONE', *, *, #6407, .T. ) ;
#9553 = ADVANCED_FACE ( 'NONE', ( #6649 ), #822, .F. ) ;
#9554 = CARTESIAN_POINT ( 'NONE',  ( 5.029411764705874255, 15.95048140917011636, 12.00000000000000000 ) ) ;
#9555 = EDGE_CURVE ( 'NONE', #205, #12220, #6116, .T. ) ;
#9556 = ADVANCED_FACE ( 'NONE', ( #4705 ), #3860, .F. ) ;
#9557 = CARTESIAN_POINT ( 'NONE',  ( -64.17307629030463545, 21.49999999999998934, 40.70148573850019602 ) ) ;
#9558 = EDGE_CURVE ( 'NONE', #2376, #7458, #10062, .T. ) ;
#9559 = VERTEX_POINT ( 'NONE', #9702 ) ;
#9560 = LINE ( 'NONE', #10783, #4928 ) ;
#9561 = ORIENTED_EDGE ( 'NONE', *, *, #3612, .T. ) ;
#9562 = LINE ( 'NONE', #7617, #11353 ) ;
#9563 = EDGE_LOOP ( 'NONE', ( #10480, #4436, #6453, #7656, #9674 ) ) ;
#9564 = ORIENTED_EDGE ( 'NONE', *, *, #6490, .T. ) ;
#9565 = AXIS2_PLACEMENT_3D ( 'NONE', #7948, #12764, #9957 ) ;
#9566 = AXIS2_PLACEMENT_3D ( 'NONE', #11485, #4588, #6419 ) ;
#9567 = LINE ( 'NONE', #8340, #7152 ) ;
#9568 = ADVANCED_FACE ( 'NONE', ( #11597 ), #12631, .F. ) ;
#9569 = DIRECTION ( 'NONE',  ( -1.574362902196997124E-16, -1.000000000000000000, -2.248423240661365963E-16 ) ) ;
#9570 = FACE_OUTER_BOUND ( 'NONE', #3425, .T. ) ;
#9571 = DIRECTION ( 'NONE',  ( -0.000000000000000000, -0.000000000000000000, -1.000000000000000000 ) ) ;
#9572 = ORIENTED_EDGE ( 'NONE', *, *, #854, .F. ) ;
#9573 = CARTESIAN_POINT ( 'NONE',  ( -49.85873295836849906, 21.79999999999999361, 57.65759304458480017 ) ) ;
#9574 = ADVANCED_FACE ( 'NONE', ( #10554 ), #8530, .F. ) ;
#9575 = AXIS2_PLACEMENT_3D ( 'NONE', #27, #2025, #11175 ) ;
#9576 = AXIS2_PLACEMENT_3D ( 'NONE', #7161, #11240, #8254 ) ;
#9577 = AXIS2_PLACEMENT_3D ( 'NONE', #138, #8934, #5227 ) ;
#9578 = ORIENTED_EDGE ( 'NONE', *, *, #2081, .F. ) ;
#9579 = ORIENTED_EDGE ( 'NONE', *, *, #11291, .T. ) ;
#9580 = FACE_OUTER_BOUND ( 'NONE', #5480, .T. ) ;
#9581 = ORIENTED_EDGE ( 'NONE', *, *, #3468, .T. ) ;
#9582 = DIRECTION ( 'NONE',  ( 1.000000000000000000, 0.000000000000000000, 0.000000000000000000 ) ) ;
#9583 = EDGE_CURVE ( 'NONE', #11892, #4052, #11713, .T. ) ;
#9584 = DIRECTION ( 'NONE',  ( 1.000000000000000000, 3.154042683594195614E-16, -0.000000000000000000 ) ) ;
#9585 = CARTESIAN_POINT ( 'NONE',  ( -11.17712434446771397, 55.00000000000000711, 12.50000000000000000 ) ) ;
#9586 = CIRCLE ( 'NONE', #11880, 1.499999999999999556 ) ;
#9588 = CIRCLE ( 'NONE', #3993, 1.700000000000004174 ) ;
#9587 = LINE ( 'NONE', #12521, #6313 ) ;
#9589 = CARTESIAN_POINT ( 'NONE',  ( 21.49999999999999289, 6.500000000000002665, 4.000000000000000000 ) ) ;
#9590 = CARTESIAN_POINT ( 'NONE',  ( 27.30417242860976046, -25.00000000000000355, -28.84505903859500719 ) ) ;
#9591 = EDGE_LOOP ( 'NONE', ( #1597, #10735, #275, #4711 ) ) ;
#9592 = DIRECTION ( 'NONE',  ( -1.000000000000000000, 0.000000000000000000, 0.000000000000000000 ) ) ;
#9593 = AXIS2_PLACEMENT_3D ( 'NONE', #7895, #11867, #2191 ) ;
#9594 = ORIENTED_EDGE ( 'NONE', *, *, #3534, .T. ) ;
#9595 = AXIS2_PLACEMENT_3D ( 'NONE', #588, #5318, #9403 ) ;
#9596 = DIRECTION ( 'NONE',  ( -1.000000000000000000, 0.000000000000000000, 0.000000000000000000 ) ) ;
#9597 = ORIENTED_EDGE ( 'NONE', *, *, #9778, .F. ) ;
#9598 = CARTESIAN_POINT ( 'NONE',  ( 1.500000000000007994, -53.50000000000000000, 12.00000000000000000 ) ) ;
#9599 = EDGE_LOOP ( 'NONE', ( #893, #3378, #9828, #577 ) ) ;
#9600 = CARTESIAN_POINT ( 'NONE',  ( 40.49999999999998579, -49.49999999999998579, 7.000000000000000888 ) ) ;
#9601 = EDGE_CURVE ( 'NONE', #4258, #9482, #1855, .T. ) ;
#9602 = AXIS2_PLACEMENT_3D ( 'NONE', #3821, #8815, #7781 ) ;
#9603 = CONICAL_SURFACE ( 'NONE', #3393, 6.499999999999999112, 0.7853981633974517207 ) ;
#9604 = CARTESIAN_POINT ( 'NONE',  ( -61.44497697265967417, -21.80000000000000071, 41.11072174994718864 ) ) ;
#9605 = CARTESIAN_POINT ( 'NONE',  ( -36.69999999999998863, 62.50000000000001421, 25.00000000000000000 ) ) ;
#9606 = ORIENTED_EDGE ( 'NONE', *, *, #5225, .F. ) ;
#9607 = CIRCLE ( 'NONE', #3019, 1.800000000000004041 ) ;
#9608 = DIRECTION ( 'NONE',  ( 0.000000000000000000, 0.000000000000000000, -1.000000000000000000 ) ) ;
#9609 = EDGE_CURVE ( 'NONE', #6248, #8725, #1020, .T. ) ;
#9610 = DIRECTION ( 'NONE',  ( 0.8191520442889911324, 0.000000000000000000, -0.5735764363510471586 ) ) ;
#9611 = CONICAL_SURFACE ( 'NONE', #1136, 1.999999999999988010, 0.7853981633974461696 ) ;
#9612 = AXIS2_PLACEMENT_3D ( 'NONE', #9359, #11257, #10215 ) ;
#9613 = DIRECTION ( 'NONE',  ( -0.000000000000000000, 0.000000000000000000, -1.000000000000000000 ) ) ;
#9614 = AXIS2_PLACEMENT_3D ( 'NONE', #9352, #605, #1453 ) ;
#9615 = ORIENTED_EDGE ( 'NONE', *, *, #11735, .T. ) ;
#9616 = EDGE_CURVE ( 'NONE', #6134, #6172, #3211, .T. ) ;
#9617 = ORIENTED_EDGE ( 'NONE', *, *, #5292, .T. ) ;
#9618 = CARTESIAN_POINT ( 'NONE',  ( 27.50000000000000355, 6.500000000000001776, 4.000000000000000000 ) ) ;
#9619 = CARTESIAN_POINT ( 'NONE',  ( 44.99999999999997868, -40.99999999999998579, 11.99999999999998224 ) ) ;
#9620 = DIRECTION ( 'NONE',  ( 0.000000000000000000, -1.000000000000000000, 0.000000000000000000 ) ) ;
#9621 = CARTESIAN_POINT ( 'NONE',  ( -64.91014312481590309, 18.99999999999999645, 42.43836008095080814 ) ) ;
#9622 = VERTEX_POINT ( 'NONE', #10940 ) ;
#9623 = AXIS2_PLACEMENT_3D ( 'NONE', #11459, #6589, #7621 ) ;
#9624 = AXIS2_PLACEMENT_3D ( 'NONE', #11784, #1067, #947 ) ;
#9625 = CIRCLE ( 'NONE', #2598, 1.999999999999974021 ) ;
#9626 = CARTESIAN_POINT ( 'NONE',  ( 43.49999999999997868, 12.50000000000000178, 12.50000000000000000 ) ) ;
#9627 = CARTESIAN_POINT ( 'NONE',  ( 7.499999999999992895, 22.50000000000000355, 12.50000000000000000 ) ) ;
#9628 = EDGE_LOOP ( 'NONE', ( #12491, #667 ) ) ;
#9629 = VERTEX_POINT ( 'NONE', #6912 ) ;
#9630 = LINE ( 'NONE', #1600, #1205 ) ;
#9631 = EDGE_LOOP ( 'NONE', ( #4110, #6394, #5517, #5601 ) ) ;
#9632 = EDGE_CURVE ( 'NONE', #363, #6300, #10886, .T. ) ;
#9633 = VECTOR ( 'NONE', #11061, 1000.000000000000000 ) ;
#9634 = AXIS2_PLACEMENT_3D ( 'NONE', #8917, #4060, #2891 ) ;
#9635 = VERTEX_POINT ( 'NONE', #5153 ) ;
#9636 = CARTESIAN_POINT ( 'NONE',  ( 21.49999999999995381, 55.00000000000000000, 12.00000000000000000 ) ) ;
#9637 = DIRECTION ( 'NONE',  ( -0.000000000000000000, -0.000000000000000000, -1.000000000000000000 ) ) ;
#9638 = ADVANCED_FACE ( 'NONE', ( #2050 ), #11797, .F. ) ;
#9639 = CARTESIAN_POINT ( 'NONE',  ( 8.999999999999992895, 30.86660026534075740, 2.500000000000000000 ) ) ;
#9640 = CARTESIAN_POINT ( 'NONE',  ( -43.50000000000002132, 0.000000000000000000, 4.000000000000000000 ) ) ;
#9641 = ORIENTED_EDGE ( 'NONE', *, *, #1103, .F. ) ;
#9642 = CARTESIAN_POINT ( 'NONE',  ( -43.29999999999996163, -49.49999999999999289, 12.50000000000000000 ) ) ;
#9643 = VECTOR ( 'NONE', #6369, 1000.000000000000000 ) ;
#9644 = AXIS2_PLACEMENT_3D ( 'NONE', #12618, #1652, #6513 ) ;
#9645 = EDGE_LOOP ( 'NONE', ( #1471, #10660, #10397, #3975 ) ) ;
#9646 = ORIENTED_EDGE ( 'NONE', *, *, #2911, .F. ) ;
#9647 = DIRECTION ( 'NONE',  ( 0.000000000000000000, 0.7071067811865475727, -0.7071067811865475727 ) ) ;
#9648 = ADVANCED_FACE ( 'NONE', ( #11987 ), #6006, .F. ) ;
#9649 = ORIENTED_EDGE ( 'NONE', *, *, #5815, .F. ) ;
#9650 = EDGE_CURVE ( 'NONE', #11524, #3626, #7949, .T. ) ;
#9651 = EDGE_CURVE ( 'NONE', #5963, #11302, #9902, .T. ) ;
#9652 = CARTESIAN_POINT ( 'NONE',  ( 43.49999999999997868, 53.50000000000000711, 2.500000000000000000 ) ) ;
#9653 = DIRECTION ( 'NONE',  ( -0.000000000000000000, -0.000000000000000000, -1.000000000000000000 ) ) ;
#9654 = EDGE_CURVE ( 'NONE', #2874, #7749, #327, .T. ) ;
#9655 = CARTESIAN_POINT ( 'NONE',  ( -49.83366538152844072, 21.50000000000000000, 61.18028684572495735 ) ) ;
#9656 = LINE ( 'NONE', #8807, #10410 ) ;
#9657 = EDGE_CURVE ( 'NONE', #9389, #6581, #5281, .T. ) ;
#9658 = AXIS2_PLACEMENT_3D ( 'NONE', #7012, #7913, #2074 ) ;
#9659 = CARTESIAN_POINT ( 'NONE',  ( -40.50000000000000000, -42.50000000000000711, 4.000000000000000000 ) ) ;
#9660 = DIRECTION ( 'NONE',  ( 1.000000000000000000, 0.000000000000000000, 0.000000000000000000 ) ) ;
#9661 = DIRECTION ( 'NONE',  ( -0.000000000000000000, -0.000000000000000000, 1.000000000000000000 ) ) ;
#9662 = EDGE_LOOP ( 'NONE', ( #12588, #11469, #9366, #10113 ) ) ;
#9663 = CARTESIAN_POINT ( 'NONE',  ( -26.24999999999998934, 61.25000000000001421, 25.00000000000000000 ) ) ;
#9664 = ORIENTED_EDGE ( 'NONE', *, *, #7902, .T. ) ;
#9665 = DIRECTION ( 'NONE',  ( 0.5735764363510481578, 0.000000000000000000, 0.8191520442889904663 ) ) ;
#9666 = ORIENTED_EDGE ( 'NONE', *, *, #8219, .F. ) ;
#9667 = CARTESIAN_POINT ( 'NONE',  ( -26.24999999999998934, -57.50000000000000711, 0.4000000000000114575 ) ) ;
#9668 = AXIS2_PLACEMENT_3D ( 'NONE', #12750, #4048, #9752 ) ;
#9669 = ORIENTED_EDGE ( 'NONE', *, *, #12267, .F. ) ;
#9670 = CARTESIAN_POINT ( 'NONE',  ( -43.50000000000002132, -55.00000000000000711, 12.50000000000000000 ) ) ;
#9671 = DIRECTION ( 'NONE',  ( 1.000000000000000000, 0.000000000000000000, 0.000000000000000000 ) ) ;
#9672 = CARTESIAN_POINT ( 'NONE',  ( -45.00000000000001421, 30.00000000000000000, 68.00000000000000000 ) ) ;
#9673 = ADVANCED_FACE ( 'NONE', ( #4963 ), #11304, .F. ) ;
#9674 = ORIENTED_EDGE ( 'NONE', *, *, #6376, .T. ) ;
#9675 = LINE ( 'NONE', #4741, #1932 ) ;
#9676 = CARTESIAN_POINT ( 'NONE',  ( -45.00000000000002132, 53.49999999999999289, 24.99999999999999289 ) ) ;
#9677 = ADVANCED_FACE ( 'NONE', ( #3924 ), #10805, .F. ) ;
#9678 = DIRECTION ( 'NONE',  ( 0.000000000000000000, 0.7071067811865474617, 0.7071067811865474617 ) ) ;
#9679 = ORIENTED_EDGE ( 'NONE', *, *, #7737, .T. ) ;
#9680 = CYLINDRICAL_SURFACE ( 'NONE', #5869, 3.749999999999996447 ) ;
#9681 = ORIENTED_EDGE ( 'NONE', *, *, #10357, .T. ) ;
#9682 = DIRECTION ( 'NONE',  ( -0.000000000000000000, -0.000000000000000000, 1.000000000000000000 ) ) ;
#9683 = CARTESIAN_POINT ( 'NONE',  ( 39.99999999999999289, -62.50000000000001421, 25.00000000000000000 ) ) ;
#9684 = CIRCLE ( 'NONE', #4719, 2.299999999999996270 ) ;
#9685 = DIRECTION ( 'NONE',  ( 0.000000000000000000, 0.000000000000000000, 1.000000000000000000 ) ) ;
#9686 = AXIS2_PLACEMENT_3D ( 'NONE', #7790, #6880, #2863 ) ;
#9687 = LINE ( 'NONE', #9621, #1370 ) ;
#9688 = ORIENTED_EDGE ( 'NONE', *, *, #4351, .T. ) ;
#9689 = CARTESIAN_POINT ( 'NONE',  ( -0.4529868602934395971, 19.49999999999999645, 12.00000000000000000 ) ) ;
#9690 = CARTESIAN_POINT ( 'NONE',  ( -21.99999999999997868, 24.99999999999999289, 4.000000000000000000 ) ) ;
#9691 = VERTEX_POINT ( 'NONE', #6846 ) ;
#9692 = VERTEX_POINT ( 'NONE', #5092 ) ;
#9693 = AXIS2_PLACEMENT_3D ( 'NONE', #11054, #7289, #10337 ) ;
#9694 = LINE ( 'NONE', #815, #8650 ) ;
#9695 = VECTOR ( 'NONE', #9026, 1000.000000000000000 ) ;
#9696 = ORIENTED_EDGE ( 'NONE', *, *, #2420, .T. ) ;
#9697 = VERTEX_POINT ( 'NONE', #1916 ) ;
#9698 = DIRECTION ( 'NONE',  ( -0.000000000000000000, -0.000000000000000000, 1.000000000000000000 ) ) ;
#9699 = DIRECTION ( 'NONE',  ( 1.000000000000000000, -0.000000000000000000, 0.000000000000000000 ) ) ;
#9700 = EDGE_CURVE ( 'NONE', #10473, #3473, #3013, .T. ) ;
#9701 = CARTESIAN_POINT ( 'NONE',  ( 29.99999999999998934, 61.25000000000001421, 45.15564437074637993 ) ) ;
#9702 = CARTESIAN_POINT ( 'NONE',  ( 44.99999999999997868, -40.99999999999998579, 11.99999999999998224 ) ) ;
#9703 = ORIENTED_EDGE ( 'NONE', *, *, #10267, .F. ) ;
#9704 = ORIENTED_EDGE ( 'NONE', *, *, #8290, .T. ) ;
#9705 = AXIS2_PLACEMENT_3D ( 'NONE', #7389, #8291, #12259 ) ;
#9706 = DIRECTION ( 'NONE',  ( -0.8191520442889906883, 0.000000000000000000, 0.5735764363510477137 ) ) ;
#9707 = EDGE_CURVE ( 'NONE', #4894, #3340, #238, .T. ) ;
#9708 = ORIENTED_EDGE ( 'NONE', *, *, #8777, .F. ) ;
#9709 = ORIENTED_EDGE ( 'NONE', *, *, #7032, .F. ) ;
#9710 = CARTESIAN_POINT ( 'NONE',  ( -8.000000000000001776, 55.00000000000000000, 4.000000000000000000 ) ) ;
#9711 = VERTEX_POINT ( 'NONE', #7882 ) ;
#9712 = CYLINDRICAL_SURFACE ( 'NONE', #1837, 1.500000000000001332 ) ;
#9713 = AXIS2_PLACEMENT_3D ( 'NONE', #3254, #7449, #9089 ) ;
#9714 = CARTESIAN_POINT ( 'NONE',  ( 7.499999999999992895, 22.50000000000000355, 4.000000000000000000 ) ) ;
#9715 = ORIENTED_EDGE ( 'NONE', *, *, #7758, .T. ) ;
#9716 = FACE_BOUND ( 'NONE', #6359, .T. ) ;
#9717 = CARTESIAN_POINT ( 'NONE',  ( 47.50000000000000711, -57.50000000000000711, 25.00000000000000000 ) ) ;
#9718 = CARTESIAN_POINT ( 'NONE',  ( 44.99999999999997868, 6.500000000000004441, 4.000000000000000000 ) ) ;
#9719 = CONICAL_SURFACE ( 'NONE', #8701, 2.000000000000001776, 0.7853981633974482790 ) ;
#9720 = DIRECTION ( 'NONE',  ( 2.813065096178606086E-16, 1.000000000000000000, -0.000000000000000000 ) ) ;
#9721 = EDGE_CURVE ( 'NONE', #11600, #6657, #183, .T. ) ;
#9722 = CARTESIAN_POINT ( 'NONE',  ( 3.000000000000008438, -55.00000000000000000, 12.50000000000000000 ) ) ;
#9723 = ADVANCED_FACE ( 'NONE', ( #8019 ), #11852, .T. ) ;
#9724 = ORIENTED_EDGE ( 'NONE', *, *, #4651, .T. ) ;
#9725 = ADVANCED_FACE ( 'NONE', ( #10998 ), #2102, .F. ) ;
#9726 = DIRECTION ( 'NONE',  ( -1.000000000000000000, 0.000000000000000000, 0.000000000000000000 ) ) ;
#9727 = ADVANCED_FACE ( 'NONE', ( #3462 ), #11724, .F. ) ;
#9728 = VERTEX_POINT ( 'NONE', #5347 ) ;
#9729 = LINE ( 'NONE', #12788, #3897 ) ;
#9730 = VERTEX_POINT ( 'NONE', #8327 ) ;
#9731 = CARTESIAN_POINT ( 'NONE',  ( -34.99999999999999289, -62.50000000000001421, 19.00000000000000355 ) ) ;
#9732 = FACE_OUTER_BOUND ( 'NONE', #4369, .T. ) ;
#9733 = ORIENTED_EDGE ( 'NONE', *, *, #4333, .F. ) ;
#9734 = FACE_OUTER_BOUND ( 'NONE', #608, .T. ) ;
#9735 = EDGE_CURVE ( 'NONE', #7132, #1023, #11941, .T. ) ;
#9736 = DIRECTION ( 'NONE',  ( 0.000000000000000000, -1.000000000000000000, 0.000000000000000000 ) ) ;
#9737 = CARTESIAN_POINT ( 'NONE',  ( -32.00000000000002842, 53.49999999999999289, 4.000000000000000000 ) ) ;
#9738 = ORIENTED_EDGE ( 'NONE', *, *, #2034, .F. ) ;
#9739 = CARTESIAN_POINT ( 'NONE',  ( -66.38495681523366443, 21.49999999999998934, 41.02948656691329887 ) ) ;
#9740 = CARTESIAN_POINT ( 'NONE',  ( -43.74999999999999289, -57.50000000000000711, 25.00000000000000000 ) ) ;
#9741 = LINE ( 'NONE', #5785, #3283 ) ;
#9742 = ADVANCED_FACE ( 'NONE', ( #6328 ), #11101, .F. ) ;
#9743 = ORIENTED_EDGE ( 'NONE', *, *, #12751, .T. ) ;
#9744 = CARTESIAN_POINT ( 'NONE',  ( -68.55209712461198990, -30.00000000000000000, 37.93448945374404246 ) ) ;
#9745 = EDGE_LOOP ( 'NONE', ( #8043, #7763, #6451, #3556 ) ) ;
#9746 = CARTESIAN_POINT ( 'NONE',  ( 7.499999999999992895, 22.50000000000000355, 7.000000000000000888 ) ) ;
#9747 = DIRECTION ( 'NONE',  ( 0.000000000000000000, 0.000000000000000000, -1.000000000000000000 ) ) ;
#9748 = AXIS2_PLACEMENT_3D ( 'NONE', #254, #11209, #2315 ) ;
#9749 = LINE ( 'NONE', #8120, #1099 ) ;
#9750 = CARTESIAN_POINT ( 'NONE',  ( -23.99999999999996447, 24.99999999999999289, 12.50000000000000000 ) ) ;
#9751 = ORIENTED_EDGE ( 'NONE', *, *, #10736, .T. ) ;
#9752 = DIRECTION ( 'NONE',  ( 1.000000000000000000, 0.000000000000000000, 0.000000000000000000 ) ) ;
#9753 = DIRECTION ( 'NONE',  ( -2.875224369628253549E-16, -1.000000000000000000, 0.000000000000000000 ) ) ;
#9754 = ORIENTED_EDGE ( 'NONE', *, *, #12430, .T. ) ;
#9755 = ORIENTED_EDGE ( 'NONE', *, *, #2202, .F. ) ;
#9756 = AXIS2_PLACEMENT_3D ( 'NONE', #7828, #5025, #7050 ) ;
#9757 = DIRECTION ( 'NONE',  ( -0.8191520442889906883, -0.000000000000000000, 0.5735764363510477137 ) ) ;
#9758 = EDGE_LOOP ( 'NONE', ( #2715, #9940, #2741, #5552 ) ) ;
#9759 = ORIENTED_EDGE ( 'NONE', *, *, #854, .T. ) ;
#9760 = CYLINDRICAL_SURFACE ( 'NONE', #7351, 1.500000000000001332 ) ;
#9761 = DIRECTION ( 'NONE',  ( 0.000000000000000000, 0.000000000000000000, -1.000000000000000000 ) ) ;
#9762 = CARTESIAN_POINT ( 'NONE',  ( 8.999999999999998224, 10.50000000000001954, 12.50000000000000000 ) ) ;
#9763 = CARTESIAN_POINT ( 'NONE',  ( -23.12295345520779222, -55.00000000000000711, 12.36776389409515886 ) ) ;
#9764 = CIRCLE ( 'NONE', #4166, 2.300000000000003375 ) ;
#9765 = VERTEX_POINT ( 'NONE', #11132 ) ;
#9766 = ORIENTED_EDGE ( 'NONE', *, *, #9260, .T. ) ;
#9767 = CARTESIAN_POINT ( 'NONE',  ( -12.50000000000000355, 55.00000000000000000, 14.10000000000000142 ) ) ;
#9768 = ORIENTED_EDGE ( 'NONE', *, *, #4562, .T. ) ;
#9769 = EDGE_CURVE ( 'NONE', #3734, #5264, #9435, .T. ) ;
#9770 = ORIENTED_EDGE ( 'NONE', *, *, #10530, .T. ) ;
#9771 = DIRECTION ( 'NONE',  ( 1.000000000000000000, 0.000000000000000000, 0.000000000000000000 ) ) ;
#9772 = VERTEX_POINT ( 'NONE', #8271 ) ;
#9773 = CARTESIAN_POINT ( 'NONE',  ( -43.50000000000002132, 53.49999999999999289, -142.1267040355189977 ) ) ;
#9774 = DIRECTION ( 'NONE',  ( 0.000000000000000000, 1.000000000000000000, -0.000000000000000000 ) ) ;
#9775 = VERTEX_POINT ( 'NONE', #5474 ) ;
#9776 = CARTESIAN_POINT ( 'NONE',  ( 27.50000000000000355, 12.49999999999999645, 4.000000000000000000 ) ) ;
#9777 = FACE_OUTER_BOUND ( 'NONE', #9475, .T. ) ;
#9778 = EDGE_CURVE ( 'NONE', #634, #4282, #7423, .T. ) ;
#9779 = LINE ( 'NONE', #3619, #929 ) ;
#9781 = LINE ( 'NONE', #6606, #256 ) ;
#9780 = AXIS2_PLACEMENT_3D ( 'NONE', #408, #6555, #4348 ) ;
#9782 = AXIS2_PLACEMENT_3D ( 'NONE', #7295, #2365, #9304 ) ;
#9783 = FACE_OUTER_BOUND ( 'NONE', #2273, .T. ) ;
#9784 = ORIENTED_EDGE ( 'NONE', *, *, #383, .F. ) ;
#9785 = B_SPLINE_CURVE_WITH_KNOTS ( 'NONE', 3,
 ( #10070, #4774, #7836, #894, #4715, #12577, #5816, #10816 ),
 .UNSPECIFIED., .F., .F.,
 ( 4, 2, 2, 4 ),
 ( 0.000000000000000000, 0.0003574555549545318850, 0.0007149111099090637699, 0.001429822219818128841 ),
 .UNSPECIFIED. ) ;
#9786 = CARTESIAN_POINT ( 'NONE',  ( -26.67712434446771042, -55.00000000000000711, 12.50000000000000000 ) ) ;
#9787 = ORIENTED_EDGE ( 'NONE', *, *, #4844, .F. ) ;
#9788 = CARTESIAN_POINT ( 'NONE',  ( 39.59999999999997300, -61.25000000000001421, 0.000000000000000000 ) ) ;
#9789 = ORIENTED_EDGE ( 'NONE', *, *, #2220, .F. ) ;
#9790 = CONICAL_SURFACE ( 'NONE', #11034, 0.9999999999999974465, 0.7853981633974482790 ) ;
#9791 = LINE ( 'NONE', #146, #10632 ) ;
#9792 = CARTESIAN_POINT ( 'NONE',  ( -23.49999999999996803, -53.50000000000000711, 4.000000000000000000 ) ) ;
#9793 = CARTESIAN_POINT ( 'NONE',  ( -64.91014312481594573, 18.99999999999999645, 42.43836008095072998 ) ) ;
#9794 = EDGE_CURVE ( 'NONE', #12433, #4975, #1462, .T. ) ;
#9795 = CARTESIAN_POINT ( 'NONE',  ( 26.24999999999998934, -61.25000000000001421, 45.15564437074637993 ) ) ;
#9796 = DIRECTION ( 'NONE',  ( 0.000000000000000000, 0.000000000000000000, -1.000000000000000000 ) ) ;
#9797 = CIRCLE ( 'NONE', #1314, 1.500000000000000000 ) ;
#9798 = CARTESIAN_POINT ( 'NONE',  ( -3.000000000000002665, -53.50000000000000000, -142.1267040355189977 ) ) ;
#9799 = ORIENTED_EDGE ( 'NONE', *, *, #2081, .T. ) ;
#9800 = DIRECTION ( 'NONE',  ( -0.000000000000000000, 0.000000000000000000, -1.000000000000000000 ) ) ;
#9801 = CARTESIAN_POINT ( 'NONE',  ( 39.99999999999999289, 61.25000000000001421, 0.4000000000000114575 ) ) ;
#9802 = CARTESIAN_POINT ( 'NONE',  ( -66.95853325158471137, 21.49999999999998934, 40.21033452262430785 ) ) ;
#9803 = EDGE_CURVE ( 'NONE', #11923, #6470, #11388, .T. ) ;
#9804 = ORIENTED_EDGE ( 'NONE', *, *, #1446, .T. ) ;
#9805 = LINE ( 'NONE', #6688, #902 ) ;
#9806 = EDGE_CURVE ( 'NONE', #9209, #9960, #10217, .T. ) ;
#9807 = EDGE_CURVE ( 'NONE', #8491, #7553, #10345, .T. ) ;
#9808 = AXIS2_PLACEMENT_3D ( 'NONE', #545, #4486, #11433 ) ;
#9809 = AXIS2_PLACEMENT_3D ( 'NONE', #3983, #7947, #8787 ) ;
#9810 = EDGE_LOOP ( 'NONE', ( #12805, #6047, #1608, #12276 ) ) ;
#9811 = VECTOR ( 'NONE', #648, 1000.000000000000000 ) ;
#9812 = CIRCLE ( 'NONE', #9780, 1.500000000000001332 ) ;
#9813 = ADVANCED_FACE ( 'NONE', ( #555 ), #5404, .F. ) ;
#9814 = CARTESIAN_POINT ( 'NONE',  ( 7.499999999999992895, 30.86660026534075740, 12.00000000000000000 ) ) ;
#9815 = FACE_OUTER_BOUND ( 'NONE', #4839, .T. ) ;
#9816 = ADVANCED_FACE ( 'NONE', ( #10404 ), #12552, .F. ) ;
#9817 = PLANE ( 'NONE',  #12694 ) ;
#9818 = CARTESIAN_POINT ( 'NONE',  ( 3.000000000000007994, -53.50000000000000000, 4.000000000000000000 ) ) ;
#9819 = ORIENTED_EDGE ( 'NONE', *, *, #1252, .F. ) ;
#9820 = DIRECTION ( 'NONE',  ( 0.5735764363510473807, 0.000000000000000000, 0.8191520442889909104 ) ) ;
#9821 = AXIS2_PLACEMENT_3D ( 'NONE', #1626, #1567, #5514 ) ;
#9822 = CARTESIAN_POINT ( 'NONE',  ( -25.99999999999999645, -53.50000000000000711, 12.50000000000000000 ) ) ;
#9823 = VECTOR ( 'NONE', #4688, 1000.000000000000000 ) ;
#9824 = CIRCLE ( 'NONE', #11069, 1.500000000000000000 ) ;
#9825 = VERTEX_POINT ( 'NONE', #488 ) ;
#9826 = EDGE_LOOP ( 'NONE', ( #655, #5469, #8649, #3501 ) ) ;
#9827 = LINE ( 'NONE', #3134, #5341 ) ;
#9828 = ORIENTED_EDGE ( 'NONE', *, *, #6627, .F. ) ;
#9829 = ORIENTED_EDGE ( 'NONE', *, *, #6241, .T. ) ;
#9830 = DIRECTION ( 'NONE',  ( 1.000000000000000000, 0.000000000000000000, 0.000000000000000000 ) ) ;
#9831 = FACE_OUTER_BOUND ( 'NONE', #1671, .T. ) ;
#9832 = AXIS2_PLACEMENT_3D ( 'NONE', #7391, #4392, #8236 ) ;
#9833 = AXIS2_PLACEMENT_3D ( 'NONE', #2969, #7125, #10106 ) ;
#9835 = CIRCLE ( 'NONE', #3817, 1.500000000000001332 ) ;
#9834 = LINE ( 'NONE', #1792, #1296 ) ;
#9836 = CARTESIAN_POINT ( 'NONE',  ( -7.999999999999974243, 21.00000000000000000, 12.00000000000000000 ) ) ;
#9837 = CIRCLE ( 'NONE', #3002, 1.499999999999999556 ) ;
#9838 = ORIENTED_EDGE ( 'NONE', *, *, #5896, .F. ) ;
#9839 = ORIENTED_EDGE ( 'NONE', *, *, #3276, .F. ) ;
#9840 = CARTESIAN_POINT ( 'NONE',  ( -42.80000000000003268, 49.49999999999997868, 12.50000000000000000 ) ) ;
#9841 = EDGE_CURVE ( 'NONE', #10814, #1801, #4055, .T. ) ;
#9842 = ORIENTED_EDGE ( 'NONE', *, *, #9466, .F. ) ;
#9843 = ORIENTED_EDGE ( 'NONE', *, *, #3922, .F. ) ;
#9844 = CIRCLE ( 'NONE', #1756, 2.000000000000001776 ) ;
#9845 = AXIS2_PLACEMENT_3D ( 'NONE', #7106, #10091, #1988 ) ;
#9846 = CIRCLE ( 'NONE', #2562, 4.899999999999987033 ) ;
#9847 = LINE ( 'NONE', #4068, #5736 ) ;
#9848 = ORIENTED_EDGE ( 'NONE', *, *, #4810, .T. ) ;
#9849 = EDGE_CURVE ( 'NONE', #8653, #11065, #12369, .T. ) ;
#9850 = CARTESIAN_POINT ( 'NONE',  ( -26.49999999999998224, -55.00000000000000711, 12.00000000000000000 ) ) ;
#9851 = ORIENTED_EDGE ( 'NONE', *, *, #4265, .F. ) ;
#9852 = DIRECTION ( 'NONE',  ( 0.000000000000000000, 1.000000000000000000, 0.000000000000000000 ) ) ;
#9853 = DIRECTION ( 'NONE',  ( -5.626130192357212171E-16, -1.000000000000000000, 0.000000000000000000 ) ) ;
#9854 = CARTESIAN_POINT ( 'NONE',  ( 24.50000000000000000, -30.49999999999999289, 2.500000000000000000 ) ) ;
#9855 = VECTOR ( 'NONE', #9430, 1000.000000000000000 ) ;
#9856 = AXIS2_PLACEMENT_3D ( 'NONE', #11326, #4308, #3335 ) ;
#9857 = DIRECTION ( 'NONE',  ( 0.000000000000000000, -1.000000000000000000, 0.000000000000000000 ) ) ;
#9858 = LINE ( 'NONE', #12586, #7730 ) ;
#9859 = VERTEX_POINT ( 'NONE', #2366 ) ;
#9860 = CARTESIAN_POINT ( 'NONE',  ( 34.99999999999999289, -62.50000000000001421, 13.00000000000000178 ) ) ;
#9861 = DIRECTION ( 'NONE',  ( -1.000000000000000000, 0.000000000000000000, -0.000000000000000000 ) ) ;
#9862 = ORIENTED_EDGE ( 'NONE', *, *, #9583, .F. ) ;
#9863 = AXIS2_PLACEMENT_3D ( 'NONE', #8311, #12279, #2413 ) ;
#9864 = CARTESIAN_POINT ( 'NONE',  ( -27.99999999999997513, -53.50000000000000711, 12.00000000000001066 ) ) ;
#9865 = CARTESIAN_POINT ( 'NONE',  ( 0.000000000000000000, -3.000000000000009770, 12.50000000000000000 ) ) ;
#9866 = DIRECTION ( 'NONE',  ( 0.000000000000000000, 0.000000000000000000, -1.000000000000000000 ) ) ;
#9867 = EDGE_CURVE ( 'NONE', #7553, #5249, #1525, .T. ) ;
#9868 = CARTESIAN_POINT ( 'NONE',  ( 8.999999999999992895, 12.49999999999999289, 12.00000000000000000 ) ) ;
#9869 = SPHERICAL_SURFACE ( 'NONE', #3472, 1.500000000000000000 ) ;
#9870 = AXIS2_PLACEMENT_3D ( 'NONE', #11277, #2384, #5119 ) ;
#9871 = DIRECTION ( 'NONE',  ( -8.474412998762999870E-16, -1.000000000000000000, -0.000000000000000000 ) ) ;
#9872 = EDGE_CURVE ( 'NONE', #11283, #5221, #137, .T. ) ;
#9873 = DIRECTION ( 'NONE',  ( -0.000000000000000000, -0.000000000000000000, 1.000000000000000000 ) ) ;
#9874 = DIRECTION ( 'NONE',  ( 1.000000000000000000, -0.000000000000000000, 0.000000000000000000 ) ) ;
#9875 = EDGE_CURVE ( 'NONE', #4061, #11901, #302, .T. ) ;
#9876 = CARTESIAN_POINT ( 'NONE',  ( -26.00000000000000000, 24.99999999999999289, 12.50000000000000000 ) ) ;
#9877 = ORIENTED_EDGE ( 'NONE', *, *, #4194, .F. ) ;
#9878 = DIRECTION ( 'NONE',  ( 0.000000000000000000, -1.000000000000000000, 0.000000000000000000 ) ) ;
#9879 = ORIENTED_EDGE ( 'NONE', *, *, #10697, .F. ) ;
#9880 = CARTESIAN_POINT ( 'NONE',  ( -47.49999999999999289, 32.49999999999998579, 25.00000000000000000 ) ) ;
#9881 = CARTESIAN_POINT ( 'NONE',  ( -1.500000000000000000, -3.000000000000009326, 12.50000000000000000 ) ) ;
#9882 = DIRECTION ( 'NONE',  ( 0.000000000000000000, -0.7071067811865549002, 0.7071067811865402453 ) ) ;
#9883 = LINE ( 'NONE', #9945, #12177 ) ;
#9884 = EDGE_LOOP ( 'NONE', ( #5925, #10574, #7815, #1548 ) ) ;
#9885 = EDGE_CURVE ( 'NONE', #5581, #6598, #3402, .T. ) ;
#9886 = VECTOR ( 'NONE', #3757, 1000.000000000000000 ) ;
#9887 = CARTESIAN_POINT ( 'NONE',  ( -8.000000000000000000, 53.50000000000000000, 2.500000000000000000 ) ) ;
#9888 = LINE ( 'NONE', #1007, #318 ) ;
#9889 = ORIENTED_EDGE ( 'NONE', *, *, #7322, .T. ) ;
#9890 = EDGE_CURVE ( 'NONE', #6554, #11906, #5542, .T. ) ;
#9891 = EDGE_CURVE ( 'NONE', #12036, #5733, #7735, .T. ) ;
#9892 = ORIENTED_EDGE ( 'NONE', *, *, #1439, .F. ) ;
#9893 = EDGE_CURVE ( 'NONE', #2835, #7363, #9225, .T. ) ;
#9894 = CARTESIAN_POINT ( 'NONE',  ( 5.749999999999992006, 22.50000000000000355, 19.00538238691625281 ) ) ;
#9895 = EDGE_LOOP ( 'NONE', ( #39, #1277, #11725, #162 ) ) ;
#9896 = AXIS2_PLACEMENT_3D ( 'NONE', #9185, #11395, #4318 ) ;
#9897 = EDGE_LOOP ( 'NONE', ( #5484, #9862, #10756, #2409 ) ) ;
#9898 = AXIS2_PLACEMENT_3D ( 'NONE', #6820, #2922, #5912 ) ;
#9899 = PLANE ( 'NONE',  #12333 ) ;
#9900 = DIRECTION ( 'NONE',  ( -1.000000000000000000, 0.000000000000000000, 0.000000000000000000 ) ) ;
#9901 = DIRECTION ( 'NONE',  ( -2.102802400022917576E-16, 0.7071067811865477948, 0.7071067811865472397 ) ) ;
#9902 = LINE ( 'NONE', #3085, #11511 ) ;
#9903 = EDGE_CURVE ( 'NONE', #5249, #8504, #6126, .T. ) ;
#9904 = ORIENTED_EDGE ( 'NONE', *, *, #11566, .T. ) ;
#9905 = ORIENTED_EDGE ( 'NONE', *, *, #301, .F. ) ;
#9906 = CARTESIAN_POINT ( 'NONE',  ( -33.32287565553228603, 54.99999999999999289, 12.50000000000000000 ) ) ;
#9907 = VECTOR ( 'NONE', #5483, 1000.000000000000000 ) ;
#9908 = AXIS2_PLACEMENT_3D ( 'NONE', #5321, #8367, #9283 ) ;
#9909 = VERTEX_POINT ( 'NONE', #2559 ) ;
#9910 = EDGE_LOOP ( 'NONE', ( #1480, #2823, #10818, #1383 ) ) ;
#9911 = CARTESIAN_POINT ( 'NONE',  ( -32.00000000000002842, 53.49999999999999289, 2.500000000000000000 ) ) ;
#9912 = VERTEX_POINT ( 'NONE', #2739 ) ;
#9913 = CARTESIAN_POINT ( 'NONE',  ( -32.00000000000000000, -49.50000000000000000, 4.000000000000000000 ) ) ;
#9915 = EDGE_CURVE ( 'NONE', #416, #7873, #3632, .T. ) ;
#9914 = EDGE_LOOP ( 'NONE', ( #7907, #11806, #598, #4165 ) ) ;
#9916 = EDGE_CURVE ( 'NONE', #4631, #2661, #7611, .T. ) ;
#9917 = FACE_BOUND ( 'NONE', #4134, .T. ) ;
#9918 = DIRECTION ( 'NONE',  ( -0.8191520442889907994, -0.000000000000000000, 0.5735764363510478248 ) ) ;
#9919 = VECTOR ( 'NONE', #7726, 1000.000000000000000 ) ;
#9920 = VECTOR ( 'NONE', #1941, 1000.000000000000000 ) ;
#9921 = DIRECTION ( 'NONE',  ( 0.000000000000000000, 0.000000000000000000, 1.000000000000000000 ) ) ;
#9922 = CARTESIAN_POINT ( 'NONE',  ( 9.000000000000000000, 10.49999999999999112, 12.50000000000000000 ) ) ;
#9923 = CARTESIAN_POINT ( 'NONE',  ( 8.999999999999994671, 8.000000000000001776, 12.00000000000000000 ) ) ;
#9924 = EDGE_LOOP ( 'NONE', ( #6230, #4272, #212 ) ) ;
#9925 = FACE_OUTER_BOUND ( 'NONE', #12113, .T. ) ;
#9926 = LINE ( 'NONE', #260, #11372 ) ;
#9927 = VERTEX_POINT ( 'NONE', #11520 ) ;
#9928 = LINE ( 'NONE', #10835, #889 ) ;
#9929 = LINE ( 'NONE', #1046, #6896 ) ;
#9930 = LINE ( 'NONE', #8887, #1177 ) ;
#9931 = DIRECTION ( 'NONE',  ( -1.000000000000000000, 0.000000000000000000, 0.000000000000000000 ) ) ;
#9932 = DIRECTION ( 'NONE',  ( 1.000000000000000000, 0.000000000000000000, 0.000000000000000000 ) ) ;
#9933 = EDGE_LOOP ( 'NONE', ( #9168, #1430, #3454, #1454 ) ) ;
#9934 = CARTESIAN_POINT ( 'NONE',  ( -65.11586616530635752, -25.00000000000000355, 35.86814866649763900 ) ) ;
#9935 = FACE_OUTER_BOUND ( 'NONE', #26, .T. ) ;
#9936 = EDGE_CURVE ( 'NONE', #6733, #8716, #9551, .T. ) ;
#9937 = LINE ( 'NONE', #9876, #11575 ) ;
#9938 = ORIENTED_EDGE ( 'NONE', *, *, #8612, .T. ) ;
#9939 = CARTESIAN_POINT ( 'NONE',  ( 34.99999999999999289, 62.50000000000001421, 13.00000000000000178 ) ) ;
#9940 = ORIENTED_EDGE ( 'NONE', *, *, #10587, .T. ) ;
#9941 = CARTESIAN_POINT ( 'NONE',  ( 0.9504814091701079271, 24.97058823529412663, 12.00000000000000000 ) ) ;
#9942 = DIRECTION ( 'NONE',  ( 1.000000000000000000, 0.000000000000000000, 0.000000000000000000 ) ) ;
#9943 = EDGE_CURVE ( 'NONE', #8307, #1481, #8512, .T. ) ;
#9944 = CARTESIAN_POINT ( 'NONE',  ( -7.623055549383952467, 55.00000000000000711, 12.36783142304525818 ) ) ;
#9945 = CARTESIAN_POINT ( 'NONE',  ( -47.49999999999999289, 49.49999999999997868, 14.10000000000000142 ) ) ;
#9946 = ORIENTED_EDGE ( 'NONE', *, *, #1298, .T. ) ;
#9947 = DIRECTION ( 'NONE',  ( 1.000000000000000000, -0.000000000000000000, -0.000000000000000000 ) ) ;
#9948 = DIRECTION ( 'NONE',  ( 0.7071067811865416886, 0.000000000000000000, 0.7071067811865533459 ) ) ;
#9949 = ORIENTED_EDGE ( 'NONE', *, *, #3248, .T. ) ;
#9950 = DIRECTION ( 'NONE',  ( 0.000000000000000000, 0.000000000000000000, -1.000000000000000000 ) ) ;
#9951 = ORIENTED_EDGE ( 'NONE', *, *, #837, .F. ) ;
#9952 = PRESENTATION_STYLE_ASSIGNMENT (( #2232 ) ) ;
#9953 = EDGE_LOOP ( 'NONE', ( #12572, #243, #5242, #10869 ) ) ;
#9954 = CARTESIAN_POINT ( 'NONE',  ( 43.07752442826362227, 14.49999999999999822, -6.318377820647813614 ) ) ;
#9955 = DIRECTION ( 'NONE',  ( 1.000000000000000000, 1.541976423090495387E-16, 0.000000000000000000 ) ) ;
#9956 = EDGE_CURVE ( 'NONE', #7207, #9977, #9687, .T. ) ;
#9957 = DIRECTION ( 'NONE',  ( -1.000000000000000000, 0.000000000000000000, 0.000000000000000000 ) ) ;
#9958 = DIRECTION ( 'NONE',  ( -1.000000000000000000, 4.597112642748789558E-16, 0.000000000000000000 ) ) ;
#9959 = ADVANCED_FACE ( 'NONE', ( #11581 ), #2399, .F. ) ;
#9960 = VERTEX_POINT ( 'NONE', #8643 ) ;
#9961 = ORIENTED_EDGE ( 'NONE', *, *, #7194, .T. ) ;
#9962 = EDGE_CURVE ( 'NONE', #10057, #11260, #339, .T. ) ;
#9963 = CARTESIAN_POINT ( 'NONE',  ( -43.50000000000002132, 54.99999999999999289, 12.50000000000001066 ) ) ;
#9964 = AXIS2_PLACEMENT_3D ( 'NONE', #8861, #6850, #2894 ) ;
#9965 = ORIENTED_EDGE ( 'NONE', *, *, #8386, .F. ) ;
#9966 = ORIENTED_EDGE ( 'NONE', *, *, #1240, .T. ) ;
#9967 = CARTESIAN_POINT ( 'NONE',  ( 9.000000000000000000, 53.50000000000000000, 4.000000000000000000 ) ) ;
#9968 = ORIENTED_EDGE ( 'NONE', *, *, #557, .T. ) ;
#9969 = DIRECTION ( 'NONE',  ( 1.000000000000000000, -2.400868672960521361E-16, 0.000000000000000000 ) ) ;
#9970 = VERTEX_POINT ( 'NONE', #9500 ) ;
#9971 = FACE_OUTER_BOUND ( 'NONE', #5189, .T. ) ;
#9972 = DIRECTION ( 'NONE',  ( -1.156482317317871528E-15, -1.000000000000000000, -0.000000000000000000 ) ) ;
#9973 = CYLINDRICAL_SURFACE ( 'NONE', #2792, 2.300000000000010481 ) ;
#9974 = EDGE_CURVE ( 'NONE', #11235, #5132, #10896, .T. ) ;
#9975 = ADVANCED_FACE ( 'NONE', ( #2814 ), #776, .F. ) ;
#9976 = CARTESIAN_POINT ( 'NONE',  ( -27.99999999999998579, 24.99999999999999289, 2.500000000000000000 ) ) ;
#9977 = VERTEX_POINT ( 'NONE', #7668 ) ;
#9978 = DIRECTION ( 'NONE',  ( 1.000000000000000000, 0.000000000000000000, 0.000000000000000000 ) ) ;
#9979 = VECTOR ( 'NONE', #7596, 1000.000000000000114 ) ;
#9980 = ORIENTED_EDGE ( 'NONE', *, *, #8010, .F. ) ;
#9981 = DIRECTION ( 'NONE',  ( -0.000000000000000000, -0.000000000000000000, 1.000000000000000000 ) ) ;
#9982 = LINE ( 'NONE', #4143, #4731 ) ;
#9983 = ORIENTED_EDGE ( 'NONE', *, *, #5700, .T. ) ;
#9984 = CARTESIAN_POINT ( 'NONE',  ( 4.499999999999992006, 29.71110255092798269, 4.000000000000000000 ) ) ;
#9985 = DIRECTION ( 'NONE',  ( -0.000000000000000000, -0.000000000000000000, 1.000000000000000000 ) ) ;
#9986 = CONICAL_SURFACE ( 'NONE', #12684, 2.000000000000000000, 0.7853981633974471688 ) ;
#9987 = AXIS2_PLACEMENT_3D ( 'NONE', #1621, #9276, #2467 ) ;
#9988 = DIRECTION ( 'NONE',  ( 1.301042606982605321E-16, -1.000000000000000000, 0.000000000000000000 ) ) ;
#9989 = CARTESIAN_POINT ( 'NONE',  ( -12.49999999999999822, 53.50000000000000000, 12.50000000000000000 ) ) ;
#9990 = CARTESIAN_POINT ( 'NONE',  ( -40.50000000000002132, 40.99999999999999289, 4.000000000000000000 ) ) ;
#9991 = VERTEX_POINT ( 'NONE', #10667 ) ;
#9992 = DIRECTION ( 'NONE',  ( -0.000000000000000000, -0.000000000000000000, -1.000000000000000000 ) ) ;
#9993 = AXIS2_PLACEMENT_3D ( 'NONE', #12262, #11352, #3360 ) ;
#9994 = LINE ( 'NONE', #6958, #187 ) ;
#9995 = CIRCLE ( 'NONE', #6464, 8.500000000000000000 ) ;
#9996 = DIRECTION ( 'NONE',  ( -1.000000000000000000, 0.000000000000000000, 0.000000000000000000 ) ) ;
#9997 = ORIENTED_EDGE ( 'NONE', *, *, #5035, .T. ) ;
#9998 = DIRECTION ( 'NONE',  ( -0.000000000000000000, -0.000000000000000000, 1.000000000000000000 ) ) ;
#9999 = EDGE_CURVE ( 'NONE', #8450, #6209, #3714, .T. ) ;
#10000 = ORIENTED_EDGE ( 'NONE', *, *, #11030, .F. ) ;
#10001 = DIRECTION ( 'NONE',  ( 0.7071067811865474617, 0.000000000000000000, 0.7071067811865474617 ) ) ;
#10002 = DIRECTION ( 'NONE',  ( -1.000000000000000000, 0.000000000000000000, 0.000000000000000000 ) ) ;
#10003 = VECTOR ( 'NONE', #6213, 1000.000000000000000 ) ;
#10004 = CARTESIAN_POINT ( 'NONE',  ( -39.99999999999999289, -61.25000000000001421, 0.4000000000000114575 ) ) ;
#10005 = VECTOR ( 'NONE', #661, 1000.000000000000114 ) ;
#10006 = DIRECTION ( 'NONE',  ( 0.000000000000000000, 0.000000000000000000, -1.000000000000000000 ) ) ;
#10007 = AXIS2_PLACEMENT_3D ( 'NONE', #8321, #549, #7474 ) ;
#10008 = VERTEX_POINT ( 'NONE', #5595 ) ;
#10009 = EDGE_CURVE ( 'NONE', #8871, #10978, #4501, .T. ) ;
#10010 = CARTESIAN_POINT ( 'NONE',  ( -47.49999999999999289, -53.75000000000000711, 25.00000000000000000 ) ) ;
#10011 = DIRECTION ( 'NONE',  ( -0.000000000000000000, -0.000000000000000000, 1.000000000000000000 ) ) ;
#10012 = ORIENTED_EDGE ( 'NONE', *, *, #10308, .T. ) ;
#10013 = VECTOR ( 'NONE', #236, 1000.000000000000114 ) ;
#10014 = CARTESIAN_POINT ( 'NONE',  ( 44.99999999999997868, -36.49999999999999289, -142.1267040355189977 ) ) ;
#10015 = AXIS2_PLACEMENT_3D ( 'NONE', #5763, #10827, #1749 ) ;
#10016 = VECTOR ( 'NONE', #9120, 1000.000000000000114 ) ;
#10017 = ORIENTED_EDGE ( 'NONE', *, *, #4916, .F. ) ;
#10018 = ORIENTED_EDGE ( 'NONE', *, *, #3726, .T. ) ;
#10019 = CYLINDRICAL_SURFACE ( 'NONE', #1983, 1.500000000000001332 ) ;
#10020 = DIRECTION ( 'NONE',  ( 8.474412998762999870E-16, 1.000000000000000000, 0.000000000000000000 ) ) ;
#10021 = FACE_OUTER_BOUND ( 'NONE', #5173, .T. ) ;
#10022 = CARTESIAN_POINT ( 'NONE',  ( -40.50000000000002132, 49.49999999999997868, 17.10000000000000142 ) ) ;
#10023 = ORIENTED_EDGE ( 'NONE', *, *, #4584, .T. ) ;
#10024 = EDGE_CURVE ( 'NONE', #2886, #407, #12424, .T. ) ;
#10025 = ORIENTED_EDGE ( 'NONE', *, *, #6385, .F. ) ;
#10026 = CIRCLE ( 'NONE', #9191, 1.500000000000001332 ) ;
#10027 = AXIS2_PLACEMENT_3D ( 'NONE', #9431, #11440, #11385 ) ;
#10028 = CONICAL_SURFACE ( 'NONE', #10650, 6.500000000000000000, 0.7853981633974482790 ) ;
#10029 = CYLINDRICAL_SURFACE ( 'NONE', #524, 1.499999999999999556 ) ;
#10030 = EDGE_LOOP ( 'NONE', ( #4998, #6124, #3553, #8908 ) ) ;
#10031 = ADVANCED_FACE ( 'NONE', ( #8966 ), #4886, .F. ) ;
#10032 = ORIENTED_EDGE ( 'NONE', *, *, #817, .F. ) ;
#10033 = CARTESIAN_POINT ( 'NONE',  ( 43.49999999999997868, 12.50000000000000178, 2.500000000000000000 ) ) ;
#10034 = ORIENTED_EDGE ( 'NONE', *, *, #8044, .T. ) ;
#10035 = AXIS2_PLACEMENT_3D ( 'NONE', #6801, #9852, #10762 ) ;
#10036 = LINE ( 'NONE', #4133, #7325 ) ;
#10037 = VECTOR ( 'NONE', #398, 1000.000000000000000 ) ;
#10038 = EDGE_CURVE ( 'NONE', #6913, #4859, #11549, .T. ) ;
#10039 = VECTOR ( 'NONE', #10586, 1000.000000000000000 ) ;
#10040 = VERTEX_POINT ( 'NONE', #4950 ) ;
#10041 = CYLINDRICAL_SURFACE ( 'NONE', #2170, 1.750000000000001554 ) ;
#10042 = DIRECTION ( 'NONE',  ( -0.000000000000000000, 1.000000000000000000, -0.000000000000000000 ) ) ;
#10043 = CARTESIAN_POINT ( 'NONE',  ( 2.999999999999992450, 29.71110255092798269, 4.000000000000000000 ) ) ;
#10044 = DIRECTION ( 'NONE',  ( -0.000000000000000000, -1.000000000000000000, -0.000000000000000000 ) ) ;
#10045 = VERTEX_POINT ( 'NONE', #7932 ) ;
#10046 = AXIS2_PLACEMENT_3D ( 'NONE', #5222, #10296, #1281 ) ;
#10047 = AXIS2_PLACEMENT_3D ( 'NONE', #2761, #6717, #10685 ) ;
#10048 = AXIS2_PLACEMENT_3D ( 'NONE', #7213, #2143, #345 ) ;
#10049 = ADVANCED_FACE ( 'NONE', ( #11905, #8902 ), #4043, .F. ) ;
#10050 = FACE_OUTER_BOUND ( 'NONE', #6939, .T. ) ;
#10051 = CONICAL_SURFACE ( 'NONE', #11715, 1.999999999999974021, 0.7853981633974496113 ) ;
#10052 = ORIENTED_EDGE ( 'NONE', *, *, #9315, .T. ) ;
#10053 = EDGE_CURVE ( 'NONE', #7472, #10405, #10724, .T. ) ;
#10054 = FACE_OUTER_BOUND ( 'NONE', #1770, .T. ) ;
#10055 = FACE_OUTER_BOUND ( 'NONE', #12835, .T. ) ;
#10056 = ADVANCED_FACE ( 'NONE', ( #12031 ), #166, .F. ) ;
#10057 = VERTEX_POINT ( 'NONE', #2935 ) ;
#10058 = ADVANCED_FACE ( 'NONE', ( #3847 ), #2155, .F. ) ;
#10059 = DIRECTION ( 'NONE',  ( -0.000000000000000000, -0.000000000000000000, 1.000000000000000000 ) ) ;
#10060 = DIRECTION ( 'NONE',  ( 1.000000000000000000, 0.000000000000000000, 0.000000000000000000 ) ) ;
#10061 = AXIS2_PLACEMENT_3D ( 'NONE', #12480, #6440, #10398 ) ;
#10062 = CIRCLE ( 'NONE', #8799, 1.500000000000001332 ) ;
#10063 = DIRECTION ( 'NONE',  ( 0.3743506488634666951, -0.5998846486579757498, 0.7071067811865464625 ) ) ;
#10064 = LINE ( 'NONE', #2014, #11853 ) ;
#10065 = CARTESIAN_POINT ( 'NONE',  ( -48.19536129295045157, 21.50000000000000000, 60.03313397302285637 ) ) ;
#10066 = EDGE_LOOP ( 'NONE', ( #8667, #746, #7250, #7800 ) ) ;
#10067 = AXIS2_PLACEMENT_3D ( 'NONE', #10264, #1384, #5327 ) ;
#10068 = LINE ( 'NONE', #1121, #6948 ) ;
#10069 = CARTESIAN_POINT ( 'NONE',  ( -52.61912234280848821, 14.49999999999999822, 60.68913562984904075 ) ) ;
#10070 = CARTESIAN_POINT ( 'NONE',  ( 3.000000000000008438, -55.00000000000000000, 12.00000000000000000 ) ) ;
#10071 = VERTEX_POINT ( 'NONE', #6123 ) ;
#10072 = DIRECTION ( 'NONE',  ( 1.000000000000000000, 0.000000000000000000, 0.000000000000000000 ) ) ;
#10073 = ORIENTED_EDGE ( 'NONE', *, *, #2038, .F. ) ;
#10074 = EDGE_CURVE ( 'NONE', #1302, #44, #367, .T. ) ;
#10075 = DIRECTION ( 'NONE',  ( 0.000000000000000000, 0.000000000000000000, 1.000000000000000000 ) ) ;
#10076 = CIRCLE ( 'NONE', #4472, 1.750000000000001554 ) ;
#10077 = DIRECTION ( 'NONE',  ( -0.8191520442889907994, -0.000000000000000000, 0.5735764363510478248 ) ) ;
#10078 = DIRECTION ( 'NONE',  ( 0.000000000000000000, 0.000000000000000000, -1.000000000000000000 ) ) ;
#10079 = ORIENTED_EDGE ( 'NONE', *, *, #6871, .T. ) ;
#10080 = CARTESIAN_POINT ( 'NONE',  ( 44.99999999999997868, -45.49999999999999289, 17.10000000000000497 ) ) ;
#10081 = DIRECTION ( 'NONE',  ( -0.000000000000000000, -0.000000000000000000, -1.000000000000000000 ) ) ;
#10082 = EDGE_LOOP ( 'NONE', ( #2473, #5253, #3723, #1463 ) ) ;
#10083 = CARTESIAN_POINT ( 'NONE',  ( 37.74999999999999289, 62.50000000000001421, 25.00000000000000000 ) ) ;
#10084 = VERTEX_POINT ( 'NONE', #11839 ) ;
#10085 = CARTESIAN_POINT ( 'NONE',  ( -49.83366538152844072, -21.50000000000000000, 61.18028684572497156 ) ) ;
#10086 = ORIENTED_EDGE ( 'NONE', *, *, #3160, .T. ) ;
#10087 = LINE ( 'NONE', #4057, #1766 ) ;
#10088 = LINE ( 'NONE', #2427, #3404 ) ;
#10089 = CARTESIAN_POINT ( 'NONE',  ( 0.9504814091701090373, 20.02941176470588047, 4.000000000000000000 ) ) ;
#10090 = VECTOR ( 'NONE', #2415, 1000.000000000000000 ) ;
#10091 = DIRECTION ( 'NONE',  ( 0.5735764363510477137, 1.372408978490040686E-16, 0.8191520442889906883 ) ) ;
#10092 = ORIENTED_EDGE ( 'NONE', *, *, #11734, .T. ) ;
#10093 = EDGE_LOOP ( 'NONE', ( #7333, #3882, #8664, #8907 ) ) ;
#10094 = CARTESIAN_POINT ( 'NONE',  ( -34.00000000000000711, 49.49999999999998579, 12.50000000000000000 ) ) ;
#10095 = EDGE_LOOP ( 'NONE', ( #10828, #949, #227, #5036 ) ) ;
#10096 = VERTEX_POINT ( 'NONE', #12811 ) ;
#10097 = VECTOR ( 'NONE', #3869, 1000.000000000000114 ) ;
#10098 = FACE_OUTER_BOUND ( 'NONE', #185, .T. ) ;
#10099 = CIRCLE ( 'NONE', #5541, 3.349999999999984990 ) ;
#10100 = ORIENTED_EDGE ( 'NONE', *, *, #7122, .F. ) ;
#10101 = EDGE_CURVE ( 'NONE', #7163, #10045, #4911, .T. ) ;
#10102 = LINE ( 'NONE', #10352, #10425 ) ;
#10103 = ORIENTED_EDGE ( 'NONE', *, *, #200, .T. ) ;
#10104 = CARTESIAN_POINT ( 'NONE',  ( -40.50000000000002132, 42.49999999999999289, 4.000000000000000000 ) ) ;
#10105 = DIRECTION ( 'NONE',  ( 5.626130192357212171E-16, 1.000000000000000000, 0.000000000000000000 ) ) ;
#10106 = DIRECTION ( 'NONE',  ( 1.000000000000000000, 0.000000000000000000, 0.000000000000000000 ) ) ;
#10107 = EDGE_CURVE ( 'NONE', #9337, #6733, #867, .T. ) ;
#10108 = AXIS2_PLACEMENT_3D ( 'NONE', #12434, #2821, #12493 ) ;
#10109 = CYLINDRICAL_SURFACE ( 'NONE', #475, 1.500000000000001332 ) ;
#10110 = VECTOR ( 'NONE', #10322, 1000.000000000000000 ) ;
#10111 = LINE ( 'NONE', #5307, #10992 ) ;
#10112 = CARTESIAN_POINT ( 'NONE',  ( -12.49999999999998046, 24.00000000000000000, 4.000000000000000000 ) ) ;
#10113 = ORIENTED_EDGE ( 'NONE', *, *, #9023, .F. ) ;
#10114 = DIRECTION ( 'NONE',  ( -2.875224369628253549E-16, -1.000000000000000000, 0.000000000000000000 ) ) ;
#10115 = CARTESIAN_POINT ( 'NONE',  ( 2.999999999999997335, 53.50000000000000000, 12.50000000000000000 ) ) ;
#10116 = ORIENTED_EDGE ( 'NONE', *, *, #2434, .T. ) ;
#10117 = CONICAL_SURFACE ( 'NONE', #5137, 2.750000000000002665, 0.7853981633974560506 ) ;
#10118 = LINE ( 'NONE', #9134, #8572 ) ;
#10119 = DIRECTION ( 'NONE',  ( -0.000000000000000000, -0.000000000000000000, -1.000000000000000000 ) ) ;
#10120 = EDGE_CURVE ( 'NONE', #3861, #9316, #10508, .T. ) ;
#10121 = DIRECTION ( 'NONE',  ( 0.7071067811865475727, -5.992314898000742521E-16, 0.7071067811865475727 ) ) ;
#10122 = EDGE_CURVE ( 'NONE', #2421, #9927, #7805, .T. ) ;
#10123 = ADVANCED_FACE ( 'NONE', ( #11779 ), #10982, .F. ) ;
#10124 = AXIS2_PLACEMENT_3D ( 'NONE', #1247, #1188, #12024 ) ;
#10125 = EDGE_CURVE ( 'NONE', #1861, #8637, #1401, .T. ) ;
#10126 = CARTESIAN_POINT ( 'NONE',  ( -47.08908101978843774, -14.49999999999999822, 62.31044465828575341 ) ) ;
#10127 = ORIENTED_EDGE ( 'NONE', *, *, #6591, .F. ) ;
#10128 = CARTESIAN_POINT ( 'NONE',  ( -47.49999999999999289, -57.50000000000000711, 0.4000000000000114575 ) ) ;
#10129 = LINE ( 'NONE', #9143, #6177 ) ;
#10130 = ORIENTED_EDGE ( 'NONE', *, *, #1877, .F. ) ;
#10131 = CARTESIAN_POINT ( 'NONE',  ( -66.38495681523366443, -21.50000000000000000, 41.02948656691329887 ) ) ;
#10132 = EDGE_LOOP ( 'NONE', ( #2408, #1815, #6858, #9235 ) ) ;
#10133 = EDGE_CURVE ( 'NONE', #2077, #8696, #2838, .T. ) ;
#10134 = FACE_OUTER_BOUND ( 'NONE', #3285, .T. ) ;
#10135 = ORIENTED_EDGE ( 'NONE', *, *, #172, .T. ) ;
#10136 = CARTESIAN_POINT ( 'NONE',  ( 43.49999999999997868, -53.49999999999999289, 12.50000000000001066 ) ) ;
#10137 = DIRECTION ( 'NONE',  ( 0.000000000000000000, -1.000000000000000000, 0.000000000000000000 ) ) ;
#10138 = CARTESIAN_POINT ( 'NONE',  ( 10.49999999999999112, 12.49999999999999289, 4.000000000000000000 ) ) ;
#10139 = EDGE_LOOP ( 'NONE', ( #7242, #11307, #11253, #2806 ) ) ;
#10140 = EDGE_CURVE ( 'NONE', #1795, #3820, #9883, .T. ) ;
#10141 = DIRECTION ( 'NONE',  ( 0.000000000000000000, 1.000000000000000000, -0.000000000000000000 ) ) ;
#10142 = DIRECTION ( 'NONE',  ( 1.000000000000000000, 0.000000000000000000, 0.000000000000000000 ) ) ;
#10143 = ORIENTED_EDGE ( 'NONE', *, *, #5772, .T. ) ;
#10144 = DIRECTION ( 'NONE',  ( -0.8191520442889906883, -0.000000000000000000, 0.5735764363510477137 ) ) ;
#10145 = EDGE_LOOP ( 'NONE', ( #6448, #6145, #11835 ) ) ;
#10146 = CARTESIAN_POINT ( 'NONE',  ( -40.50000000000002132, -42.49999999999998579, 17.10000000000000142 ) ) ;
#10147 = ORIENTED_EDGE ( 'NONE', *, *, #2503, .T. ) ;
#10148 = CARTESIAN_POINT ( 'NONE',  ( -81.47479656658966007, -21.80000000000000071, 55.13575241859758336 ) ) ;
#10149 = CARTESIAN_POINT ( 'NONE',  ( -8.000000000000001776, 55.00000000000000711, 12.50000000000000000 ) ) ;
#10150 = CARTESIAN_POINT ( 'NONE',  ( -65.32796166900797630, 21.49999999999998934, 42.36468739856947252 ) ) ;
#10151 = CARTESIAN_POINT ( 'NONE',  ( 22.99999999999999645, 12.49999999999999645, 12.50000000000000000 ) ) ;
#10152 = VERTEX_POINT ( 'NONE', #100 ) ;
#10153 = ORIENTED_EDGE ( 'NONE', *, *, #10427, .F. ) ;
#10154 = DIRECTION ( 'NONE',  ( -0.000000000000000000, -0.000000000000000000, -1.000000000000000000 ) ) ;
#10155 = EDGE_LOOP ( 'NONE', ( #11924, #12496, #12785, #7760 ) ) ;
#10156 = ORIENTED_EDGE ( 'NONE', *, *, #7276, .T. ) ;
#10157 = CARTESIAN_POINT ( 'NONE',  ( 40.49999999999998579, -49.49999999999998579, 12.00000000000003197 ) ) ;
#10158 = VERTEX_POINT ( 'NONE', #3070 ) ;
#10159 = DIRECTION ( 'NONE',  ( 0.000000000000000000, 1.000000000000000000, 0.000000000000000000 ) ) ;
#10160 = ORIENTED_EDGE ( 'NONE', *, *, #6385, .T. ) ;
#10161 = CARTESIAN_POINT ( 'NONE',  ( -30.39999999999999503, 62.50000000000001421, 0.000000000000000000 ) ) ;
#10162 = CYLINDRICAL_SURFACE ( 'NONE', #7520, 1.000000000000000000 ) ;
#10163 = ADVANCED_FACE ( 'NONE', ( #12227 ), #7281, .F. ) ;
#10164 = CYLINDRICAL_SURFACE ( 'NONE', #12346, 1.000000000000000000 ) ;
#10165 = CARTESIAN_POINT ( 'NONE',  ( 32.24999999999998579, -62.50000000000001421, 25.00000000000000000 ) ) ;
#10166 = CIRCLE ( 'NONE', #7063, 1.499999999999999556 ) ;
#10167 = CARTESIAN_POINT ( 'NONE',  ( -47.49999999999998579, 30.00000000000000000, 68.00000000000000000 ) ) ;
#10168 = ADVANCED_FACE ( 'NONE', ( #5263 ), #12585, .F. ) ;
#10169 = CARTESIAN_POINT ( 'NONE',  ( -65.48027695852827890, 30.00000000000000000, 35.78357781742762000 ) ) ;
#10170 = VERTEX_POINT ( 'NONE', #11241 ) ;
#10171 = LINE ( 'NONE', #5171, #1325 ) ;
#10172 = CARTESIAN_POINT ( 'NONE',  ( -7.999999999999984901, 24.00000000000000000, 12.50000000000000000 ) ) ;
#10173 = EDGE_LOOP ( 'NONE', ( #8075, #3388, #3729, #11142 ) ) ;
#10174 = EDGE_CURVE ( 'NONE', #10170, #6657, #5389, .T. ) ;
#10175 = DIRECTION ( 'NONE',  ( -0.000000000000000000, -0.000000000000000000, 1.000000000000000000 ) ) ;
#10176 = FACE_BOUND ( 'NONE', #2115, .T. ) ;
#10177 = ORIENTED_EDGE ( 'NONE', *, *, #9346, .T. ) ;
#10178 = CARTESIAN_POINT ( 'NONE',  ( 8.500000000000007105, 30.86660026534075740, 12.50000000000000000 ) ) ;
#10179 = AXIS2_PLACEMENT_3D ( 'NONE', #11825, #8753, #5838 ) ;
#10180 = LINE ( 'NONE', #8051, #4415 ) ;
#10181 = VERTEX_POINT ( 'NONE', #6371 ) ;
#10182 = DIRECTION ( 'NONE',  ( 0.000000000000000000, -1.000000000000000000, 0.000000000000000000 ) ) ;
#10183 = CARTESIAN_POINT ( 'NONE',  ( 25.50000000000001421, 53.50000000000000711, 12.50000000000000000 ) ) ;
#10184 = VERTEX_POINT ( 'NONE', #8193 ) ;
#10185 = VECTOR ( 'NONE', #6715, 1000.000000000000114 ) ;
#10186 = AXIS2_PLACEMENT_3D ( 'NONE', #8297, #1493, #5510 ) ;
#10187 = ORIENTED_EDGE ( 'NONE', *, *, #3718, .F. ) ;
#10188 = LINE ( 'NONE', #2084, #10436 ) ;
#10189 = UNCERTAINTY_MEASURE_WITH_UNIT (LENGTH_MEASURE( 1.000000000000000082E-05 ), #7041, 'distance_accuracy_value', 'NONE');
#10190 = EDGE_CURVE ( 'NONE', #6470, #12054, #1256, .T. ) ;
#10191 = EDGE_LOOP ( 'NONE', ( #8292, #6218, #4190, #7435 ) ) ;
#10192 = PLANE ( 'NONE',  #11736 ) ;
#10193 = FACE_OUTER_BOUND ( 'NONE', #4113, .T. ) ;
#10194 = DIRECTION ( 'NONE',  ( -0.000000000000000000, -0.000000000000000000, -1.000000000000000000 ) ) ;
#10195 = ORIENTED_EDGE ( 'NONE', *, *, #8554, .T. ) ;
#10196 = CIRCLE ( 'NONE', #1942, 1.800000000000004041 ) ;
#10197 = AXIS2_PLACEMENT_3D ( 'NONE', #2877, #33, #5724 ) ;
#10198 = DIRECTION ( 'NONE',  ( -0.000000000000000000, -0.000000000000000000, 1.000000000000000000 ) ) ;
#10199 = CIRCLE ( 'NONE', #7709, 1.500000000000000000 ) ;
#10200 = CARTESIAN_POINT ( 'NONE',  ( -32.00000000000002132, 53.49999999999999289, 12.50000000000000000 ) ) ;
#10201 = EDGE_CURVE ( 'NONE', #6822, #10605, #1813, .T. ) ;
#10202 = ORIENTED_EDGE ( 'NONE', *, *, #9891, .F. ) ;
#10203 = ADVANCED_FACE ( 'NONE', ( #6307 ), #8121, .F. ) ;
#10204 = EDGE_CURVE ( 'NONE', #12812, #1907, #11759, .T. ) ;
#10205 = CARTESIAN_POINT ( 'NONE',  ( 34.99999999999999289, -62.50000000000001421, 13.00000000000000178 ) ) ;
#10206 = ADVANCED_FACE ( 'NONE', ( #12281 ), #7407, .F. ) ;
#10207 = ORIENTED_EDGE ( 'NONE', *, *, #9974, .F. ) ;
#10208 = ADVANCED_FACE ( 'NONE', ( #7227 ), #1450, .F. ) ;
#10209 = DIRECTION ( 'NONE',  ( 0.000000000000000000, 0.000000000000000000, -1.000000000000000000 ) ) ;
#10210 = VECTOR ( 'NONE', #12453, 1000.000000000000000 ) ;
#10211 = ORIENTED_EDGE ( 'NONE', *, *, #8938, .T. ) ;
#10212 = AXIS2_PLACEMENT_3D ( 'NONE', #4307, #9244, #6068 ) ;
#10213 = AXIS2_PLACEMENT_3D ( 'NONE', #1882, #12720, #10964 ) ;
#10214 = DIRECTION ( 'NONE',  ( -0.000000000000000000, -0.000000000000000000, -1.000000000000000000 ) ) ;
#10215 = DIRECTION ( 'NONE',  ( 1.000000000000000000, 0.000000000000000000, 0.000000000000000000 ) ) ;
#10216 = CARTESIAN_POINT ( 'NONE',  ( -49.80859780468833264, 30.00000000000000000, 64.70298064686514294 ) ) ;
#10217 = LINE ( 'NONE', #4435, #8604 ) ;
#10218 = ORIENTED_EDGE ( 'NONE', *, *, #7342, .T. ) ;
#10219 = ORIENTED_EDGE ( 'NONE', *, *, #6963, .T. ) ;
#10220 = CARTESIAN_POINT ( 'NONE',  ( -6.500000000000002665, 53.50000000000000000, 4.000000000000000000 ) ) ;
#10221 = VECTOR ( 'NONE', #11146, 1000.000000000000000 ) ;
#10222 = CONICAL_SURFACE ( 'NONE', #4617, 2.300000000000003375, 0.7853981633974344012 ) ;
#10223 = ORIENTED_EDGE ( 'NONE', *, *, #2548, .F. ) ;
#10224 = EDGE_LOOP ( 'NONE', ( #10448, #11423, #3475, #11854 ) ) ;
#10225 = CARTESIAN_POINT ( 'NONE',  ( -38.19999999999999574, -49.49999999999999289, 7.000000000000000888 ) ) ;
#10226 = ORIENTED_EDGE ( 'NONE', *, *, #11030, .T. ) ;
#10227 = DIRECTION ( 'NONE',  ( 0.7071067811865531239, 0.000000000000000000, 0.7071067811865420216 ) ) ;
#10228 = ORIENTED_EDGE ( 'NONE', *, *, #11212, .T. ) ;
#10229 = CARTESIAN_POINT ( 'NONE',  ( 47.50000000000000711, -57.50000000000000711, 25.00000000000000000 ) ) ;
#10230 = DIRECTION ( 'NONE',  ( -0.000000000000000000, -0.000000000000000000, -1.000000000000000000 ) ) ;
#10231 = CIRCLE ( 'NONE', #10647, 1.500000000000000000 ) ;
#10232 = AXIS2_PLACEMENT_3D ( 'NONE', #6590, #12629, #6646 ) ;
#10233 = AXIS2_PLACEMENT_3D ( 'NONE', #1050, #11104, #2210 ) ;
#10234 = DIRECTION ( 'NONE',  ( 0.000000000000000000, -1.000000000000000000, 0.000000000000000000 ) ) ;
#10235 = EDGE_CURVE ( 'NONE', #11501, #551, #2478, .T. ) ;
#10236 = DIRECTION ( 'NONE',  ( -0.8191520442889905773, -0.000000000000000000, 0.5735764363510477137 ) ) ;
#10237 = DIRECTION ( 'NONE',  ( 1.000000000000000000, 0.000000000000000000, 0.000000000000000000 ) ) ;
#10238 = CARTESIAN_POINT ( 'NONE',  ( -24.99999999999998224, 24.99999999999999289, 12.00000000000000000 ) ) ;
#10239 = ORIENTED_EDGE ( 'NONE', *, *, #9651, .T. ) ;
#10240 = ADVANCED_FACE ( 'NONE', ( #11309 ), #11373, .F. ) ;
#10241 = CIRCLE ( 'NONE', #4639, 6.999999999999999112 ) ;
#10242 = AXIS2_PLACEMENT_3D ( 'NONE', #4626, #6349, #3353 ) ;
#10243 = DIRECTION ( 'NONE',  ( 0.000000000000000000, 0.000000000000000000, -1.000000000000000000 ) ) ;
#10244 = ORIENTED_EDGE ( 'NONE', *, *, #2087, .T. ) ;
#10245 = PLANE ( 'NONE',  #6924 ) ;
#10246 = FACE_OUTER_BOUND ( 'NONE', #11624, .T. ) ;
#10247 = VECTOR ( 'NONE', #2816, 1000.000000000000000 ) ;
#10248 = DIRECTION ( 'NONE',  ( -0.000000000000000000, -0.000000000000000000, 1.000000000000000000 ) ) ;
#10249 = VECTOR ( 'NONE', #7638, 1000.000000000000000 ) ;
#10250 = CARTESIAN_POINT ( 'NONE',  ( -34.99999999999999289, 62.50000000000001421, 25.00000000000000000 ) ) ;
#10251 = VECTOR ( 'NONE', #11246, 1000.000000000000000 ) ;
#10252 = VECTOR ( 'NONE', #4252, 1000.000000000000000 ) ;
#10253 = FACE_OUTER_BOUND ( 'NONE', #8406, .T. ) ;
#10254 = ORIENTED_EDGE ( 'NONE', *, *, #4614, .T. ) ;
#10255 = CARTESIAN_POINT ( 'NONE',  ( -6.499999999999999112, 24.00000000000000355, 12.50000000000000000 ) ) ;
#10256 = DIRECTION ( 'NONE',  ( 1.000000000000000000, 0.000000000000000000, 0.000000000000000000 ) ) ;
#10257 = ORIENTED_EDGE ( 'NONE', *, *, #12190, .T. ) ;
#10258 = VECTOR ( 'NONE', #5400, 1000.000000000000000 ) ;
#10259 = AXIS2_PLACEMENT_3D ( 'NONE', #5022, #8983, #6069 ) ;
#10260 = ORIENTED_EDGE ( 'NONE', *, *, #11877, .F. ) ;
#10261 = CARTESIAN_POINT ( 'NONE',  ( -27.99999999999997513, -55.00000000000000711, 12.00000000000001066 ) ) ;
#10262 = EDGE_CURVE ( 'NONE', #2224, #3840, #12353, .T. ) ;
#10263 = ORIENTED_EDGE ( 'NONE', *, *, #10585, .T. ) ;
#10264 = CARTESIAN_POINT ( 'NONE',  ( -10.49999999999998046, 30.86660026534073964, 12.50000000000000000 ) ) ;
#10265 = DIRECTION ( 'NONE',  ( 1.000000000000000000, 1.156482317317870344E-15, 0.000000000000000000 ) ) ;
#10266 = EDGE_LOOP ( 'NONE', ( #10500, #11144, #6635, #11723 ) ) ;
#10267 = EDGE_CURVE ( 'NONE', #6112, #4156, #6780, .T. ) ;
#10268 = AXIS2_PLACEMENT_3D ( 'NONE', #6693, #9682, #6830 ) ;
#10269 = AXIS2_PLACEMENT_3D ( 'NONE', #6259, #368, #9174 ) ;
#10270 = CARTESIAN_POINT ( 'NONE',  ( -32.00000000000000000, -53.50000000000000711, 4.000000000000000000 ) ) ;
#10271 = DIRECTION ( 'NONE',  ( 0.000000000000000000, 1.000000000000000000, -1.387778780781445676E-16 ) ) ;
#10272 = ADVANCED_FACE ( 'NONE', ( #223 ), #12096, .F. ) ;
#10273 = ORIENTED_EDGE ( 'NONE', *, *, #4651, .F. ) ;
#10274 = CARTESIAN_POINT ( 'NONE',  ( -54.50465778952670348, -25.00000000000000711, 52.96377117953284142 ) ) ;
#10275 = ORIENTED_EDGE ( 'NONE', *, *, #8351, .F. ) ;
#10276 = DIRECTION ( 'NONE',  ( -1.000000000000000000, 0.000000000000000000, 0.000000000000000000 ) ) ;
#10277 = CIRCLE ( 'NONE', #10494, 1.500000000000001332 ) ;
#10278 = ORIENTED_EDGE ( 'NONE', *, *, #4028, .T. ) ;
#10279 = CARTESIAN_POINT ( 'NONE',  ( 3.794117647058816711, 28.43855504194069184, 12.50000000000000000 ) ) ;
#10280 = CARTESIAN_POINT ( 'NONE',  ( -34.99999999999999289, -62.50000000000001421, 25.00000000000000000 ) ) ;
#10281 = DIRECTION ( 'NONE',  ( -0.7071067811865474617, 0.000000000000000000, 0.7071067811865474617 ) ) ;
#10282 = ADVANCED_FACE ( 'NONE', ( #6187 ), #9230, .F. ) ;
#10283 = CARTESIAN_POINT ( 'NONE',  ( -52.29146152509287049, -14.49999999999999822, 60.45970505530861061 ) ) ;
#10284 = ORIENTED_EDGE ( 'NONE', *, *, #536, .T. ) ;
#10285 = EDGE_LOOP ( 'NONE', ( #7861, #11377, #7712, #12390 ) ) ;
#10286 = CARTESIAN_POINT ( 'NONE',  ( -27.99999999999998579, 24.99999999999999289, 4.000000000000000000 ) ) ;
#10287 = EDGE_CURVE ( 'NONE', #5564, #11682, #3504, .T. ) ;
#10288 = EDGE_CURVE ( 'NONE', #2601, #11689, #8497, .T. ) ;
#10289 = ADVANCED_FACE ( 'NONE', ( #6678 ), #2216, .F. ) ;
#10290 = EDGE_LOOP ( 'NONE', ( #9355, #653, #7890, #11798 ) ) ;
#10291 = ORIENTED_EDGE ( 'NONE', *, *, #11411, .F. ) ;
#10292 = CARTESIAN_POINT ( 'NONE',  ( 7.499999999999992895, 22.50000000000000355, 12.00000000000000000 ) ) ;
#10293 = ORIENTED_EDGE ( 'NONE', *, *, #8319, .F. ) ;
#10294 = LINE ( 'NONE', #6149, #2765 ) ;
#10295 = ORIENTED_EDGE ( 'NONE', *, *, #445, .T. ) ;
#10296 = DIRECTION ( 'NONE',  ( -0.000000000000000000, -0.000000000000000000, -1.000000000000000000 ) ) ;
#10297 = EDGE_CURVE ( 'NONE', #9772, #687, #1578, .T. ) ;
#10298 = LINE ( 'NONE', #4324, #10423 ) ;
#10299 = DIRECTION ( 'NONE',  ( 0.3529411764705883692, 0.9356455129756979794, 0.000000000000000000 ) ) ;
#10300 = CARTESIAN_POINT ( 'NONE',  ( 33.49999999999997868, -49.49999999999998579, 11.99999999999998224 ) ) ;
#10301 = LINE ( 'NONE', #5306, #3763 ) ;
#10302 = CARTESIAN_POINT ( 'NONE',  ( 34.99999999999999289, -62.50000000000001421, 45.15564437074637993 ) ) ;
#10303 = VECTOR ( 'NONE', #4787, 1000.000000000000000 ) ;
#10304 = AXIS2_PLACEMENT_3D ( 'NONE', #2089, #10006, #1063 ) ;
#10305 = CARTESIAN_POINT ( 'NONE',  ( -47.49999999999999289, -57.50000000000000711, 25.00000000000000000 ) ) ;
#10306 = VERTEX_POINT ( 'NONE', #9417 ) ;
#10307 = CARTESIAN_POINT ( 'NONE',  ( -3.500000000000003109, 57.49999999999999289, 25.00000000000000000 ) ) ;
#10308 = EDGE_CURVE ( 'NONE', #9364, #1345, #5118, .T. ) ;
#10309 = EDGE_CURVE ( 'NONE', #4062, #827, #7465, .T. ) ;
#10310 = ORIENTED_EDGE ( 'NONE', *, *, #7110, .T. ) ;
#10311 = CYLINDRICAL_SURFACE ( 'NONE', #1339, 1.700000000000000178 ) ;
#10312 = CARTESIAN_POINT ( 'NONE',  ( 8.249573863534151046E-15, -53.50000000000000000, 4.000000000000000000 ) ) ;
#10313 = CONICAL_SURFACE ( 'NONE', #4498, 0.9999999999999942268, 0.7853981633974626009 ) ;
#10314 = VECTOR ( 'NONE', #12799, 1000.000000000000000 ) ;
#10315 = DIRECTION ( 'NONE',  ( -0.000000000000000000, -0.000000000000000000, 1.000000000000000000 ) ) ;
#10316 = DIRECTION ( 'NONE',  ( -0.000000000000000000, -0.000000000000000000, 1.000000000000000000 ) ) ;
#10317 = DIRECTION ( 'NONE',  ( -0.000000000000000000, -0.000000000000000000, 1.000000000000000000 ) ) ;
#10318 = ORIENTED_EDGE ( 'NONE', *, *, #3534, .F. ) ;
#10319 = AXIS2_PLACEMENT_3D ( 'NONE', #432, #2375, #6337 ) ;
#10320 = CARTESIAN_POINT ( 'NONE',  ( -40.50000000000000000, -41.00000000000000711, 2.500000000000000000 ) ) ;
#10322 = DIRECTION ( 'NONE',  ( -0.000000000000000000, 1.000000000000000000, -0.000000000000000000 ) ) ;
#10321 = VECTOR ( 'NONE', #8306, 1000.000000000000000 ) ;
#10323 = ORIENTED_EDGE ( 'NONE', *, *, #9616, .T. ) ;
#10324 = ORIENTED_EDGE ( 'NONE', *, *, #12314, .F. ) ;
#10325 = FACE_OUTER_BOUND ( 'NONE', #12722, .T. ) ;
#10326 = ORIENTED_EDGE ( 'NONE', *, *, #1303, .F. ) ;
#10327 = DIRECTION ( 'NONE',  ( 0.000000000000000000, 1.000000000000000000, -0.000000000000000000 ) ) ;
#10328 = VECTOR ( 'NONE', #12170, 1000.000000000000000 ) ;
#10329 = DIRECTION ( 'NONE',  ( 0.5735764363510474917, 0.000000000000000000, 0.8191520442889906883 ) ) ;
#10330 = VECTOR ( 'NONE', #11286, 999.9999999999998863 ) ;
#10331 = CARTESIAN_POINT ( 'NONE',  ( 43.49999999999997868, 53.50000000000000711, 4.000000000000000000 ) ) ;
#10332 = ORIENTED_EDGE ( 'NONE', *, *, #3851, .F. ) ;
#10333 = CARTESIAN_POINT ( 'NONE',  ( 34.99999999999999289, 62.50000000000001421, 0.4000000000000114575 ) ) ;
#10334 = EDGE_CURVE ( 'NONE', #3316, #6719, #5713, .T. ) ;
#10335 = CARTESIAN_POINT ( 'NONE',  ( -1.500000000000001332, -55.00000000000000711, 12.50000000000000000 ) ) ;
#10336 = ORIENTED_EDGE ( 'NONE', *, *, #2182, .T. ) ;
#10337 = DIRECTION ( 'NONE',  ( 1.000000000000000000, 0.000000000000000000, 0.000000000000000000 ) ) ;
#10338 = ORIENTED_EDGE ( 'NONE', *, *, #8760, .T. ) ;
#10339 = EDGE_CURVE ( 'NONE', #2686, #7414, #5642, .T. ) ;
#10340 = LINE ( 'NONE', #8389, #12296 ) ;
#10341 = ORIENTED_EDGE ( 'NONE', *, *, #9707, .T. ) ;
#10342 = CARTESIAN_POINT ( 'NONE',  ( 43.49999999999997868, 12.50000000000000178, 4.000000000000000000 ) ) ;
#10343 = DIRECTION ( 'NONE',  ( -0.000000000000000000, 1.000000000000000000, 0.000000000000000000 ) ) ;
#10344 = CARTESIAN_POINT ( 'NONE',  ( 33.12305554938395602, -55.00000000000000711, 12.36783142304525640 ) ) ;
#10345 = LINE ( 'NONE', #2299, #6537 ) ;
#10346 = EDGE_LOOP ( 'NONE', ( #7169, #11197, #10739, #12374 ) ) ;
#10347 = LINE ( 'NONE', #11391, #4867 ) ;
#10348 = VERTEX_POINT ( 'NONE', #602 ) ;
#10349 = ORIENTED_EDGE ( 'NONE', *, *, #6623, .F. ) ;
#10350 = CYLINDRICAL_SURFACE ( 'NONE', #572, 3.750000000000000000 ) ;
#10351 = ORIENTED_EDGE ( 'NONE', *, *, #6844, .F. ) ;
#10352 = CARTESIAN_POINT ( 'NONE',  ( 5.999999999999992895, 14.54701313970656962, 12.50000000000000000 ) ) ;
#10353 = ORIENTED_EDGE ( 'NONE', *, *, #4903, .T. ) ;
#10354 = EDGE_CURVE ( 'NONE', #9297, #10096, #5458, .T. ) ;
#10355 = PLANE ( 'NONE',  #11089 ) ;
#10356 = DIRECTION ( 'NONE',  ( 0.7071067811865462405, 0.000000000000000000, 0.7071067811865489050 ) ) ;
#10357 = EDGE_CURVE ( 'NONE', #8805, #2717, #5961, .T. ) ;
#10358 = CARTESIAN_POINT ( 'NONE',  ( -11.00000000000000000, 53.50000000000000000, 2.500000000000002220 ) ) ;
#10359 = CARTESIAN_POINT ( 'NONE',  ( -21.99999999999996803, -55.00000000000000000, 12.00000000000000000 ) ) ;
#10360 = DIRECTION ( 'NONE',  ( -0.000000000000000000, -0.000000000000000000, -1.000000000000000000 ) ) ;
#10361 = CARTESIAN_POINT ( 'NONE',  ( 1.677124344467721961, -55.00000000000000711, 12.50000000000000000 ) ) ;
#10362 = FACE_OUTER_BOUND ( 'NONE', #808, .T. ) ;
#10363 = ORIENTED_EDGE ( 'NONE', *, *, #11264, .F. ) ;
#10364 = ORIENTED_EDGE ( 'NONE', *, *, #7267, .T. ) ;
#10365 = CARTESIAN_POINT ( 'NONE',  ( -66.38495681523366443, -21.50000000000000000, 41.02948656691329887 ) ) ;
#10366 = VERTEX_POINT ( 'NONE', #10524 ) ;
#10367 = CARTESIAN_POINT ( 'NONE',  ( 22.99999999999998579, -30.49999999999999645, 4.000000000000000000 ) ) ;
#10368 = EDGE_CURVE ( 'NONE', #6629, #12228, #9481, .T. ) ;
#10369 = CARTESIAN_POINT ( 'NONE',  ( 44.99999999999997868, -36.49999999999999289, 17.10000000000000497 ) ) ;
#10370 = CARTESIAN_POINT ( 'NONE',  ( 43.49999999999997868, 6.500000000000004441, 4.000000000000000000 ) ) ;
#10371 = EDGE_CURVE ( 'NONE', #626, #6238, #2226, .T. ) ;
#10372 = AXIS2_PLACEMENT_3D ( 'NONE', #1358, #2454, #10237 ) ;
#10373 = DIRECTION ( 'NONE',  ( -1.000000000000000000, 0.000000000000000000, 0.000000000000000000 ) ) ;
#10374 = LINE ( 'NONE', #8551, #870 ) ;
#10375 = EDGE_CURVE ( 'NONE', #5013, #1734, #12602, .T. ) ;
#10376 = LINE ( 'NONE', #7584, #9811 ) ;
#10377 = ORIENTED_EDGE ( 'NONE', *, *, #10517, .T. ) ;
#10378 = DIRECTION ( 'NONE',  ( 1.000000000000000000, -0.000000000000000000, -0.000000000000000000 ) ) ;
#10379 = DIRECTION ( 'NONE',  ( 0.000000000000000000, 0.000000000000000000, 1.000000000000000000 ) ) ;
#10380 = VERTEX_POINT ( 'NONE', #4739 ) ;
#10381 = ORIENTED_EDGE ( 'NONE', *, *, #10919, .F. ) ;
#10382 = DIRECTION ( 'NONE',  ( -8.393823270855517276E-16, 1.000000000000000000, 0.000000000000000000 ) ) ;
#10383 = EDGE_LOOP ( 'NONE', ( #5520, #2285, #10341, #9766 ) ) ;
#10384 = VECTOR ( 'NONE', #6677, 1000.000000000000000 ) ;
#10385 = DIRECTION ( 'NONE',  ( 0.5735764363510481578, 0.000000000000000000, 0.8191520442889904663 ) ) ;
#10386 = CARTESIAN_POINT ( 'NONE',  ( -62.28885658309120288, 14.49999999999999822, 40.60291548462750910 ) ) ;
#10387 = CARTESIAN_POINT ( 'NONE',  ( 23.49999999999998579, -30.49999999999999645, 12.50000000000000000 ) ) ;
#10388 = ORIENTED_EDGE ( 'NONE', *, *, #2994, .T. ) ;
#10389 = LINE ( 'NONE', #8381, #5447 ) ;
#10390 = CARTESIAN_POINT ( 'NONE',  ( 2.999999999999997335, 53.50000000000000000, 4.000000000000000000 ) ) ;
#10391 = ORIENTED_EDGE ( 'NONE', *, *, #5402, .F. ) ;
#10392 = AXIS2_PLACEMENT_3D ( 'NONE', #9589, #712, #4664 ) ;
#10393 = EDGE_CURVE ( 'NONE', #7771, #3316, #10462, .T. ) ;
#10394 = FACE_OUTER_BOUND ( 'NONE', #4253, .T. ) ;
#10395 = ORIENTED_EDGE ( 'NONE', *, *, #9583, .T. ) ;
#10396 = DIRECTION ( 'NONE',  ( 0.000000000000000000, 0.000000000000000000, -1.000000000000000000 ) ) ;
#10397 = ORIENTED_EDGE ( 'NONE', *, *, #5947, .F. ) ;
#10398 = DIRECTION ( 'NONE',  ( 0.000000000000000000, 0.000000000000000000, 1.000000000000000000 ) ) ;
#10399 = CYLINDRICAL_SURFACE ( 'NONE', #10027, 1.000000000000000000 ) ;
#10400 = EDGE_CURVE ( 'NONE', #9237, #1629, #10099, .T. ) ;
#10401 = CIRCLE ( 'NONE', #4214, 1.799999999999994049 ) ;
#10402 = FACE_BOUND ( 'NONE', #8006, .T. ) ;
#10403 = AXIS2_PLACEMENT_3D ( 'NONE', #958, #1915, #5741 ) ;
#10404 = FACE_OUTER_BOUND ( 'NONE', #10191, .T. ) ;
#10405 = VERTEX_POINT ( 'NONE', #6619 ) ;
#10406 = DIRECTION ( 'NONE',  ( 1.000000000000000000, 0.000000000000000000, 0.000000000000000000 ) ) ;
#10407 = VERTEX_POINT ( 'NONE', #2614 ) ;
#10408 = LINE ( 'NONE', #2566, #8642 ) ;
#10409 = EDGE_LOOP ( 'NONE', ( #12295, #1674, #8541, #6706 ) ) ;
#10410 = VECTOR ( 'NONE', #772, 1000.000000000000000 ) ;
#10411 = DIRECTION ( 'NONE',  ( 0.7071067811865474617, 0.000000000000000000, 0.7071067811865474617 ) ) ;
#10412 = CIRCLE ( 'NONE', #2947, 1.500000000000001332 ) ;
#10413 = CIRCLE ( 'NONE', #7102, 1.500000000000001332 ) ;
#10414 = ORIENTED_EDGE ( 'NONE', *, *, #6296, .T. ) ;
#10415 = DIRECTION ( 'NONE',  ( 1.000000000000000000, 0.000000000000000000, 0.000000000000000000 ) ) ;
#10416 = ORIENTED_EDGE ( 'NONE', *, *, #12477, .F. ) ;
#10417 = FACE_OUTER_BOUND ( 'NONE', #6027, .T. ) ;
#10418 = DIRECTION ( 'NONE',  ( 0.000000000000000000, 0.000000000000000000, 1.000000000000000000 ) ) ;
#10419 = EDGE_CURVE ( 'NONE', #6120, #10306, #11565, .T. ) ;
#10420 = CARTESIAN_POINT ( 'NONE',  ( 9.000000000000000000, 53.50000000000000000, 2.500000000000000000 ) ) ;
#10421 = LINE ( 'NONE', #3419, #9220 ) ;
#10422 = ORIENTED_EDGE ( 'NONE', *, *, #586, .F. ) ;
#10423 = VECTOR ( 'NONE', #6402, 1000.000000000000114 ) ;
#10424 = AXIS2_PLACEMENT_3D ( 'NONE', #4421, #604, #4547 ) ;
#10425 = VECTOR ( 'NONE', #4377, 1000.000000000000000 ) ;
#10426 = FACE_OUTER_BOUND ( 'NONE', #4475, .T. ) ;
#10427 = EDGE_CURVE ( 'NONE', #1206, #5721, #2670, .T. ) ;
#10428 = ORIENTED_EDGE ( 'NONE', *, *, #1146, .T. ) ;
#10429 = EDGE_LOOP ( 'NONE', ( #5997, #4179, #7619, #6031 ) ) ;
#10430 = EDGE_CURVE ( 'NONE', #2689, #1158, #1821, .T. ) ;
#10431 = DIRECTION ( 'NONE',  ( -0.000000000000000000, 1.000000000000000000, 0.000000000000000000 ) ) ;
#10432 = EDGE_LOOP ( 'NONE', ( #269, #6815, #5683, #9572 ) ) ;
#10433 = DIRECTION ( 'NONE',  ( -0.000000000000000000, -0.000000000000000000, 1.000000000000000000 ) ) ;
#10434 = CONICAL_SURFACE ( 'NONE', #9808, 2.000000000000001776, 0.7853981633974482790 ) ;
#10435 = AXIS2_PLACEMENT_3D ( 'NONE', #11358, #10317, #12269 ) ;
#10436 = VECTOR ( 'NONE', #12089, 1000.000000000000114 ) ;
#10437 = LINE ( 'NONE', #6416, #11284 ) ;
#10438 = CARTESIAN_POINT ( 'NONE',  ( 43.49999999999997868, 12.50000000000000178, 4.000000000000000000 ) ) ;
#10439 = CARTESIAN_POINT ( 'NONE',  ( 33.49999999999997868, -49.49999999999998579, 4.000000000000000000 ) ) ;
#10440 = CYLINDRICAL_SURFACE ( 'NONE', #12275, 1.500000000000001332 ) ;
#10441 = ADVANCED_FACE ( 'NONE', ( #3701 ), #7653, .F. ) ;
#10442 = EDGE_CURVE ( 'NONE', #4258, #8582, #8825, .T. ) ;
#10443 = AXIS2_PLACEMENT_3D ( 'NONE', #142, #4080, #3105 ) ;
#10444 = CIRCLE ( 'NONE', #919, 1.100000000000000089 ) ;
#10445 = VECTOR ( 'NONE', #6217, 1000.000000000000000 ) ;
#10446 = CARTESIAN_POINT ( 'NONE',  ( 22.99999999999995381, 55.00000000000000711, 12.50000000000000000 ) ) ;
#10447 = ADVANCED_FACE ( 'NONE', ( #10910 ), #1952, .F. ) ;
#10448 = ORIENTED_EDGE ( 'NONE', *, *, #6290, .T. ) ;
#10449 = ADVANCED_FACE ( 'NONE', ( #5975 ), #3895, .F. ) ;
#10450 = DIRECTION ( 'NONE',  ( -0.000000000000000000, -0.000000000000000000, -1.000000000000000000 ) ) ;
#10451 = CARTESIAN_POINT ( 'NONE',  ( -21.99999999999996803, -53.50000000000000711, 12.50000000000000000 ) ) ;
#10452 = ORIENTED_EDGE ( 'NONE', *, *, #2119, .T. ) ;
#10453 = EDGE_LOOP ( 'NONE', ( #7615, #5126, #12569, #3198 ) ) ;
#10454 = DIRECTION ( 'NONE',  ( -0.8191520442889907994, -0.000000000000000000, 0.5735764363510478248 ) ) ;
#10455 = AXIS2_PLACEMENT_3D ( 'NONE', #10819, #1929, #4777 ) ;
#10456 = AXIS2_PLACEMENT_3D ( 'NONE', #1744, #12644, #3739 ) ;
#10457 = VERTEX_POINT ( 'NONE', #4933 ) ;
#10458 = VECTOR ( 'NONE', #10271, 1000.000000000000000 ) ;
#10459 = DIRECTION ( 'NONE',  ( -1.000000000000000000, 0.000000000000000000, 0.000000000000000000 ) ) ;
#10460 = EDGE_CURVE ( 'NONE', #7629, #5562, #12800, .T. ) ;
#10461 = CARTESIAN_POINT ( 'NONE',  ( 2.999999999999996891, 55.00000000000000000, 4.000000000000000000 ) ) ;
#10462 = LINE ( 'NONE', #792, #8036 ) ;
#10463 = ORIENTED_EDGE ( 'NONE', *, *, #8911, .F. ) ;
#10464 = CARTESIAN_POINT ( 'NONE',  ( -40.50000000000002132, 49.49999999999997868, 11.99999999999998934 ) ) ;
#10465 = AXIS2_PLACEMENT_3D ( 'NONE', #5673, #628, #500 ) ;
#10466 = CARTESIAN_POINT ( 'NONE',  ( 9.970588235294110646, 15.95048140917011636, 4.000000000000000000 ) ) ;
#10467 = AXIS2_PLACEMENT_3D ( 'NONE', #6231, #10182, #8245 ) ;
#10468 = VECTOR ( 'NONE', #748, 1000.000000000000000 ) ;
#10469 = CARTESIAN_POINT ( 'NONE',  ( 21.49999999999999289, 8.000000000000001776, 4.000000000000000000 ) ) ;
#10470 = EDGE_CURVE ( 'NONE', #1903, #8660, #9067, .T. ) ;
#10471 = ORIENTED_EDGE ( 'NONE', *, *, #8233, .T. ) ;
#10472 = CARTESIAN_POINT ( 'NONE',  ( -46.53198962753244672, -14.49999999999999822, 62.40867490146091967 ) ) ;
#10473 = VERTEX_POINT ( 'NONE', #11763 ) ;
#10474 = CARTESIAN_POINT ( 'NONE',  ( -1.000000000000000888, -53.50000000000000000, 12.50000000000000000 ) ) ;
#10475 = DIRECTION ( 'NONE',  ( -1.000000000000000000, 0.000000000000000000, 0.000000000000000000 ) ) ;
#10476 = VECTOR ( 'NONE', #1459, 1000.000000000000000 ) ;
#10477 = VECTOR ( 'NONE', #6387, 1000.000000000000000 ) ;
#10478 = LINE ( 'NONE', #673, #2123 ) ;
#10479 = DIRECTION ( 'NONE',  ( -1.718394990242815274E-16, 1.000000000000000000, -4.721688805388863838E-17 ) ) ;
#10480 = ORIENTED_EDGE ( 'NONE', *, *, #8624, .T. ) ;
#10481 = DIRECTION ( 'NONE',  ( 2.502005013428087819E-17, 1.000000000000000000, -0.000000000000000000 ) ) ;
#10482 = VERTEX_POINT ( 'NONE', #1887 ) ;
#10483 = FACE_OUTER_BOUND ( 'NONE', #2412, .T. ) ;
#10484 = ORIENTED_EDGE ( 'NONE', *, *, #10357, .F. ) ;
#10485 = VECTOR ( 'NONE', #410, 1000.000000000000000 ) ;
#10486 = CARTESIAN_POINT ( 'NONE',  ( -0.4529868602934395971, 20.99999999999999645, 12.50000000000000000 ) ) ;
#10487 = ORIENTED_EDGE ( 'NONE', *, *, #8552, .F. ) ;
#10488 = VERTEX_POINT ( 'NONE', #922 ) ;
#10489 = LINE ( 'NONE', #1662, #9422 ) ;
#10490 = DIRECTION ( 'NONE',  ( -0.000000000000000000, -0.000000000000000000, 1.000000000000000000 ) ) ;
#10491 = FACE_OUTER_BOUND ( 'NONE', #11093, .T. ) ;
#10492 = DIRECTION ( 'NONE',  ( -0.000000000000000000, 1.000000000000000000, 0.000000000000000000 ) ) ;
#10493 = ORIENTED_EDGE ( 'NONE', *, *, #2729, .T. ) ;
#10494 = AXIS2_PLACEMENT_3D ( 'NONE', #2986, #6950, #82 ) ;
#10495 = CARTESIAN_POINT ( 'NONE',  ( 8.999999999999994671, 14.54701313970656962, 12.50000000000000000 ) ) ;
#10496 = ORIENTED_EDGE ( 'NONE', *, *, #5439, .F. ) ;
#10497 = ADVANCED_FACE ( 'NONE', ( #8890 ), #9869, .F. ) ;
#10498 = VERTEX_POINT ( 'NONE', #7915 ) ;
#10499 = CARTESIAN_POINT ( 'NONE',  ( -33.50000000000002132, 49.49999999999998579, 12.50000000000000000 ) ) ;
#10500 = ORIENTED_EDGE ( 'NONE', *, *, #5732, .T. ) ;
#10501 = LINE ( 'NONE', #3188, #11379 ) ;
#10502 = DIRECTION ( 'NONE',  ( 3.154042683594195614E-16, -1.000000000000000000, 0.000000000000000000 ) ) ;
#10503 = DIRECTION ( 'NONE',  ( 0.5735764363510474917, 0.000000000000000000, 0.8191520442889906883 ) ) ;
#10504 = FACE_OUTER_BOUND ( 'NONE', #2502, .T. ) ;
#10505 = EDGE_CURVE ( 'NONE', #6666, #12050, #988, .T. ) ;
#10506 = DIRECTION ( 'NONE',  ( 0.000000000000000000, -1.000000000000000000, -0.000000000000000000 ) ) ;
#10507 = CARTESIAN_POINT ( 'NONE',  ( 21.49999999999999289, 12.49999999999999467, 12.50000000000000000 ) ) ;
#10508 = CIRCLE ( 'NONE', #6769, 1.100000000000004086 ) ;
#10509 = CARTESIAN_POINT ( 'NONE',  ( -66.38495681523366443, -21.50000000000000000, 41.02948656691329887 ) ) ;
#10510 = EDGE_LOOP ( 'NONE', ( #5865, #10850, #11529, #9250 ) ) ;
#10511 = CARTESIAN_POINT ( 'NONE',  ( 21.49999999999995381, 55.00000000000000711, 4.000000000000000000 ) ) ;
#10512 = DIRECTION ( 'NONE',  ( -0.7071067811865451302, 0.000000000000000000, 0.7071067811865500152 ) ) ;
#10513 = ORIENTED_EDGE ( 'NONE', *, *, #12407, .F. ) ;
#10514 = AXIS2_PLACEMENT_3D ( 'NONE', #3804, #1735, #11602 ) ;
#10515 = VECTOR ( 'NONE', #730, 1000.000000000000000 ) ;
#10516 = CARTESIAN_POINT ( 'NONE',  ( -39.99999999999999289, 62.50000000000001421, 0.4000000000000114575 ) ) ;
#10517 = EDGE_CURVE ( 'NONE', #9765, #1407, #11887, .T. ) ;
#10518 = ORIENTED_EDGE ( 'NONE', *, *, #2668, .F. ) ;
#10519 = ADVANCED_FACE ( 'NONE', ( #4797 ), #12729, .F. ) ;
#10520 = CARTESIAN_POINT ( 'NONE',  ( 26.00000000000000355, 6.500000000000003553, 4.000000000000000000 ) ) ;
#10521 = ADVANCED_FACE ( 'NONE', ( #7770 ), #7206, .F. ) ;
#10522 = EDGE_CURVE ( 'NONE', #7722, #8151, #12515, .T. ) ;
#10523 = CARTESIAN_POINT ( 'NONE',  ( 43.07752442826362227, 19.00000000000000000, -6.318377820647813614 ) ) ;
#10524 = CARTESIAN_POINT ( 'NONE',  ( 43.75000000000001421, 57.49999999999999289, 0.4000000000000114575 ) ) ;
#10525 = EDGE_LOOP ( 'NONE', ( #3318, #2142, #8097, #5726 ) ) ;
#10526 = AXIS2_PLACEMENT_3D ( 'NONE', #6251, #9164, #6377 ) ;
#10527 = VECTOR ( 'NONE', #2997, 1000.000000000000114 ) ;
#10528 = CARTESIAN_POINT ( 'NONE',  ( -48.59834957055041826, -30.00000000000000000, 13.59834957055043958 ) ) ;
#10529 = CARTESIAN_POINT ( 'NONE',  ( 44.99999999999997868, 6.500000000000005329, 4.000000000000000000 ) ) ;
#10530 = EDGE_CURVE ( 'NONE', #2851, #7024, #3263, .T. ) ;
#10531 = CARTESIAN_POINT ( 'NONE',  ( -40.50000000000002132, 49.49999999999997868, 7.000000000000000888 ) ) ;
#10532 = VERTEX_POINT ( 'NONE', #3808 ) ;
#10533 = CIRCLE ( 'NONE', #4114, 2.000000000000001776 ) ;
#10534 = ORIENTED_EDGE ( 'NONE', *, *, #5531, .F. ) ;
#10535 = AXIS2_PLACEMENT_3D ( 'NONE', #12650, #11615, #2714 ) ;
#10536 = FACE_OUTER_BOUND ( 'NONE', #7568, .T. ) ;
#10537 = CARTESIAN_POINT ( 'NONE',  ( -26.49999999999998224, -55.00000000000000711, 4.000000000000000000 ) ) ;
#10538 = ADVANCED_FACE ( 'NONE', ( #2773 ), #12578, .F. ) ;
#10539 = FACE_OUTER_BOUND ( 'NONE', #9628, .T. ) ;
#10540 = DIRECTION ( 'NONE',  ( -0.5792279653395654426, 0.7071067811865515695, 0.4055797876726373041 ) ) ;
#10541 = ORIENTED_EDGE ( 'NONE', *, *, #8948, .F. ) ;
#10542 = DIRECTION ( 'NONE',  ( -0.000000000000000000, -0.000000000000000000, 1.000000000000000000 ) ) ;
#10543 = AXIS2_PLACEMENT_3D ( 'NONE', #1803, #1675, #4656 ) ;
#10544 = EDGE_CURVE ( 'NONE', #4647, #2392, #8435, .T. ) ;
#10545 = ORIENTED_EDGE ( 'NONE', *, *, #12610, .F. ) ;
#10546 = DIRECTION ( 'NONE',  ( 2.813065096178606086E-16, 1.000000000000000000, 0.000000000000000000 ) ) ;
#10547 = VERTEX_POINT ( 'NONE', #9459 ) ;
#10548 = DIRECTION ( 'NONE',  ( -0.000000000000000000, -0.000000000000000000, 1.000000000000000000 ) ) ;
#10549 = EDGE_LOOP ( 'NONE', ( #7031, #3796, #5551, #5277 ) ) ;
#10550 = ORIENTED_EDGE ( 'NONE', *, *, #10841, .T. ) ;
#10551 = DIRECTION ( 'NONE',  ( 0.000000000000000000, 1.000000000000000000, 0.000000000000000000 ) ) ;
#10552 = DIRECTION ( 'NONE',  ( -0.000000000000000000, -0.000000000000000000, -1.000000000000000000 ) ) ;
#10553 = CARTESIAN_POINT ( 'NONE',  ( 44.99999999999997868, 12.50000000000000178, 4.000000000000000000 ) ) ;
#10554 = FACE_OUTER_BOUND ( 'NONE', #5807, .T. ) ;
#10555 = ORIENTED_EDGE ( 'NONE', *, *, #6844, .T. ) ;
#10556 = LINE ( 'NONE', #4576, #6861 ) ;
#10557 = ORIENTED_EDGE ( 'NONE', *, *, #6525, .F. ) ;
#10558 = ORIENTED_EDGE ( 'NONE', *, *, #11447, .T. ) ;
#10559 = CARTESIAN_POINT ( 'NONE',  ( -34.99999999999999289, 62.50000000000001421, 19.00000000000000355 ) ) ;
#10560 = VERTEX_POINT ( 'NONE', #12451 ) ;
#10561 = DIRECTION ( 'NONE',  ( 0.000000000000000000, 0.000000000000000000, 1.000000000000000000 ) ) ;
#10562 = EDGE_CURVE ( 'NONE', #7883, #2105, #11354, .T. ) ;
#10563 = FACE_OUTER_BOUND ( 'NONE', #6813, .T. ) ;
#10564 = DIRECTION ( 'NONE',  ( -0.5792279653395573380, 0.7071067811865613395, 0.4055797876726320306 ) ) ;
#10565 = CARTESIAN_POINT ( 'NONE',  ( -40.50000000000002132, 35.49999999999999289, 17.10000000000000142 ) ) ;
#10566 = DIRECTION ( 'NONE',  ( -0.000000000000000000, -0.000000000000000000, -1.000000000000000000 ) ) ;
#10567 = ADVANCED_FACE ( 'NONE', ( #4775 ), #8729, .F. ) ;
#10568 = DIRECTION ( 'NONE',  ( 0.9843059135695008122, -0.1764705882352942123, 0.000000000000000000 ) ) ;
#10569 = LINE ( 'NONE', #9590, #1940 ) ;
#10570 = ORIENTED_EDGE ( 'NONE', *, *, #11813, .T. ) ;
#10571 = ADVANCED_FACE ( 'NONE', ( #6543 ), #8544, .F. ) ;
#10572 = CARTESIAN_POINT ( 'NONE',  ( -45.00000000000002132, 41.12093665327334691, 12.00000000000000533 ) ) ;
#10573 = PLANE ( 'NONE',  #10926 ) ;
#10574 = ORIENTED_EDGE ( 'NONE', *, *, #623, .F. ) ;
#10575 = AXIS2_PLACEMENT_3D ( 'NONE', #8663, #10691, #3604 ) ;
#10576 = AXIS2_PLACEMENT_3D ( 'NONE', #3911, #3971, #12813 ) ;
#10577 = DIRECTION ( 'NONE',  ( -0.000000000000000000, -0.000000000000000000, -1.000000000000000000 ) ) ;
#10578 = ORIENTED_EDGE ( 'NONE', *, *, #10430, .T. ) ;
#10579 = DIRECTION ( 'NONE',  ( -1.000000000000000000, 0.000000000000000000, 0.000000000000000000 ) ) ;
#10580 = DIRECTION ( 'NONE',  ( -0.000000000000000000, -0.000000000000000000, -1.000000000000000000 ) ) ;
#10581 = CARTESIAN_POINT ( 'NONE',  ( 7.499999999999992895, 22.50000000000000355, 7.000000000000000888 ) ) ;
#10582 = VERTEX_POINT ( 'NONE', #8671 ) ;
#10583 = CIRCLE ( 'NONE', #6641, 7.000000000000001776 ) ;
#10584 = FACE_OUTER_BOUND ( 'NONE', #6414, .T. ) ;
#10585 = EDGE_CURVE ( 'NONE', #12007, #6598, #3615, .T. ) ;
#10586 = DIRECTION ( 'NONE',  ( 1.000000000000000000, -4.597112642748789558E-16, 0.000000000000000000 ) ) ;
#10587 = EDGE_CURVE ( 'NONE', #548, #10084, #5623, .T. ) ;
#10588 = FACE_OUTER_BOUND ( 'NONE', #5710, .T. ) ;
#10589 = ORIENTED_EDGE ( 'NONE', *, *, #12724, .F. ) ;
#10590 = ORIENTED_EDGE ( 'NONE', *, *, #6821, .F. ) ;
#10591 = DIRECTION ( 'NONE',  ( 0.000000000000000000, 0.000000000000000000, -1.000000000000000000 ) ) ;
#10592 = CARTESIAN_POINT ( 'NONE',  ( -0.4529868602934395971, 19.49999999999999645, 4.000000000000000000 ) ) ;
#10593 = CARTESIAN_POINT ( 'NONE',  ( 37.74999999999999289, -62.50000000000001421, 25.00000000000000000 ) ) ;
#10594 = CARTESIAN_POINT ( 'NONE',  ( -61.96119576537560647, -19.39999999999999147, 40.37348491008709317 ) ) ;
#10595 = EDGE_LOOP ( 'NONE', ( #6710, #8216, #10728 ) ) ;
#10596 = EDGE_CURVE ( 'NONE', #9350, #12156, #11982, .T. ) ;
#10597 = LINE ( 'NONE', #4439, #10468 ) ;
#10598 = CIRCLE ( 'NONE', #7900, 1.499999999999997780 ) ;
#10599 = ADVANCED_FACE ( 'NONE', ( #10563 ), #1198, .F. ) ;
#10600 = EDGE_CURVE ( 'NONE', #11988, #4258, #7694, .T. ) ;
#10601 = DIRECTION ( 'NONE',  ( -1.000000000000000000, -0.000000000000000000, -0.000000000000000000 ) ) ;
#10602 = VERTEX_POINT ( 'NONE', #10625 ) ;
#10603 = EDGE_CURVE ( 'NONE', #10958, #6913, #1739, .T. ) ;
#10604 = ADVANCED_FACE ( 'NONE', ( #3736 ), #10936, .F. ) ;
#10605 = VERTEX_POINT ( 'NONE', #9439 ) ;
#10606 = CARTESIAN_POINT ( 'NONE',  ( -32.00000000000002132, 54.99999999999999289, 2.500000000000002220 ) ) ;
#10607 = VERTEX_POINT ( 'NONE', #11450 ) ;
#10608 = ORIENTED_EDGE ( 'NONE', *, *, #2340, .T. ) ;
#10609 = CIRCLE ( 'NONE', #5845, 1.100000000000004086 ) ;
#10610 = AXIS2_PLACEMENT_3D ( 'NONE', #6037, #8049, #12018 ) ;
#10611 = LINE ( 'NONE', #8717, #3607 ) ;
#10612 = LINE ( 'NONE', #6782, #12714 ) ;
#10613 = DIRECTION ( 'NONE',  ( 0.000000000000000000, 0.000000000000000000, -1.000000000000000000 ) ) ;
#10614 = CARTESIAN_POINT ( 'NONE',  ( -22.12093665327333269, -55.00000000000000711, 12.00000000000000000 ) ) ;
#10615 = B_SPLINE_CURVE_WITH_KNOTS ( 'NONE', 3,
 ( #1278, #1223, #7118, #1412, #5357, #498, #8155, #8338 ),
 .UNSPECIFIED., .F., .F.,
 ( 4, 2, 2, 4 ),
 ( 0.000000000000000000, 0.0003574555549545338907, 0.0007149111099090677815, 0.001429822219818137514 ),
 .UNSPECIFIED. ) ;
#10616 = ORIENTED_EDGE ( 'NONE', *, *, #2971, .F. ) ;
#10617 = DIRECTION ( 'NONE',  ( -0.000000000000000000, -0.000000000000000000, -1.000000000000000000 ) ) ;
#10618 = AXIS2_PLACEMENT_3D ( 'NONE', #5315, #1558, #6224 ) ;
#10619 = AXIS2_PLACEMENT_3D ( 'NONE', #6897, #7734, #6832 ) ;
#10620 = ORIENTED_EDGE ( 'NONE', *, *, #12034, .T. ) ;
#10621 = ORIENTED_EDGE ( 'NONE', *, *, #5521, .F. ) ;
#10622 = FACE_OUTER_BOUND ( 'NONE', #5180, .T. ) ;
#10623 = ORIENTED_EDGE ( 'NONE', *, *, #3886, .F. ) ;
#10624 = APPLICATION_PROTOCOL_DEFINITION ( 'draft international standard', 'automotive_design', 1998, #2443 ) ;
#10625 = CARTESIAN_POINT ( 'NONE',  ( -26.24999999999998934, -57.10000000000000142, 0.000000000000000000 ) ) ;
#10626 = ADVANCED_FACE ( 'NONE', ( #12432 ), #2925, .F. ) ;
#10627 = DIRECTION ( 'NONE',  ( 0.000000000000000000, 0.000000000000000000, -1.000000000000000000 ) ) ;
#10628 = CARTESIAN_POINT ( 'NONE',  ( -12.26068930298205295, 55.00000000000000000, 12.01475035840394234 ) ) ;
#10629 = AXIS2_PLACEMENT_3D ( 'NONE', #4918, #7840, #9853 ) ;
#10630 = CONICAL_SURFACE ( 'NONE', #11675, 1.799999999999994049, 0.7853981633973969867 ) ;
#10632 = VECTOR ( 'NONE', #16, 1000.000000000000114 ) ;
#10631 = CARTESIAN_POINT ( 'NONE',  ( -33.99999999999999289, -53.50000000000000711, 12.50000000000000000 ) ) ;
#10633 = PLANE ( 'NONE',  #8525 ) ;
#10634 = EDGE_CURVE ( 'NONE', #12054, #3409, #10408, .T. ) ;
#10635 = CYLINDRICAL_SURFACE ( 'NONE', #492, 1.500000000000001332 ) ;
#10636 = EDGE_LOOP ( 'NONE', ( #3660, #3055, #12461, #955 ) ) ;
#10637 = CARTESIAN_POINT ( 'NONE',  ( 25.99999999999999289, 53.50000000000000711, 12.00000000000002842 ) ) ;
#10638 = VECTOR ( 'NONE', #11013, 1000.000000000000000 ) ;
#10639 = VERTEX_POINT ( 'NONE', #993 ) ;
#10640 = VECTOR ( 'NONE', #2528, 1000.000000000000000 ) ;
#10641 = FACE_OUTER_BOUND ( 'NONE', #7459, .T. ) ;
#10642 = AXIS2_PLACEMENT_3D ( 'NONE', #6762, #7728, #7436 ) ;
#10643 = ORIENTED_EDGE ( 'NONE', *, *, #9654, .F. ) ;
#10644 = LINE ( 'NONE', #6817, #2326 ) ;
#10645 = ORIENTED_EDGE ( 'NONE', *, *, #1564, .T. ) ;
#10646 = DIRECTION ( 'NONE',  ( 1.000000000000000000, 0.000000000000000000, 0.000000000000000000 ) ) ;
#10647 = AXIS2_PLACEMENT_3D ( 'NONE', #2128, #11095, #8041 ) ;
#10648 = AXIS2_PLACEMENT_3D ( 'NONE', #8017, #6067, #9761 ) ;
#10649 = CARTESIAN_POINT ( 'NONE',  ( -1.500000000000001332, -53.50000000000000000, 12.00000000000000000 ) ) ;
#10650 = AXIS2_PLACEMENT_3D ( 'NONE', #9627, #11646, #2746 ) ;
#10651 = CARTESIAN_POINT ( 'NONE',  ( -32.69999999999999574, -62.50000000000001421, 25.00000000000000000 ) ) ;
#10652 = CYLINDRICAL_SURFACE ( 'NONE', #9126, 1.500000000000001332 ) ;
#10653 = DIRECTION ( 'NONE',  ( -1.000000000000000000, 0.000000000000000000, 0.000000000000000000 ) ) ;
#10654 = DIRECTION ( 'NONE',  ( 0.8191520442889905773, 0.000000000000000000, -0.5735764363510477137 ) ) ;
#10655 = ADVANCED_FACE ( 'NONE', ( #11831 ), #681, .F. ) ;
#10656 = AXIS2_PLACEMENT_3D ( 'NONE', #4337, #10175, #1293 ) ;
#10657 = AXIS2_PLACEMENT_3D ( 'NONE', #12616, #4497, #10475 ) ;
#10658 = CARTESIAN_POINT ( 'NONE',  ( -0.4529868602934395971, 19.49999999999999645, 12.50000000000000000 ) ) ;
#10659 = VECTOR ( 'NONE', #8259, 1000.000000000000000 ) ;
#10660 = ORIENTED_EDGE ( 'NONE', *, *, #3658, .F. ) ;
#10661 = DIRECTION ( 'NONE',  ( 1.000000000000000000, 0.000000000000000000, 0.000000000000000000 ) ) ;
#10662 = EDGE_LOOP ( 'NONE', ( #8845, #12547, #2762, #12166 ) ) ;
#10663 = LINE ( 'NONE', #12741, #7366 ) ;
#10664 = LINE ( 'NONE', #5537, #5465 ) ;
#10665 = EDGE_CURVE ( 'NONE', #5083, #5818, #3522, .T. ) ;
#10666 = DIRECTION ( 'NONE',  ( -1.000000000000000000, 0.000000000000000000, 0.000000000000000000 ) ) ;
#10667 = CARTESIAN_POINT ( 'NONE',  ( -37.70000000000003837, -49.49999999999999289, 12.50000000000000000 ) ) ;
#10668 = VERTEX_POINT ( 'NONE', #5546 ) ;
#10669 = CIRCLE ( 'NONE', #6526, 1.750000000000001554 ) ;
#10670 = CIRCLE ( 'NONE', #5898, 1.500000000000001332 ) ;
#10671 = AXIS2_PLACEMENT_3D ( 'NONE', #8893, #23, #7857 ) ;
#10672 = VECTOR ( 'NONE', #5349, 1000.000000000000114 ) ;
#10673 = CARTESIAN_POINT ( 'NONE',  ( -69.88855255229850627, -24.99999999999999289, 71.68262371323517357 ) ) ;
#10674 = CYLINDRICAL_SURFACE ( 'NONE', #7954, 1.700000000000000178 ) ;
#10675 = ORIENTED_EDGE ( 'NONE', *, *, #3200, .T. ) ;
#10676 = ORIENTED_EDGE ( 'NONE', *, *, #2840, .F. ) ;
#10677 = DIRECTION ( 'NONE',  ( -0.000000000000000000, 1.000000000000000000, 0.000000000000000000 ) ) ;
#10678 = EDGE_LOOP ( 'NONE', ( #3582, #10364 ) ) ;
#10679 = CONICAL_SURFACE ( 'NONE', #12759, 2.300000000000010481, 0.7853981633974415066 ) ;
#10680 = CONICAL_SURFACE ( 'NONE', #1768, 3.749999999999996447, 0.7853981633974439491 ) ;
#10681 = VERTEX_POINT ( 'NONE', #7484 ) ;
#10682 = DIRECTION ( 'NONE',  ( -1.541976423090498592E-16, 1.000000000000000000, 0.000000000000000000 ) ) ;
#10683 = CARTESIAN_POINT ( 'NONE',  ( -40.50000000000000000, -49.49999999999999289, 12.50000000000000000 ) ) ;
#10684 = FACE_OUTER_BOUND ( 'NONE', #8707, .T. ) ;
#10685 = DIRECTION ( 'NONE',  ( 0.000000000000000000, 0.000000000000000000, 1.000000000000000000 ) ) ;
#10686 = EDGE_CURVE ( 'NONE', #7338, #3905, #7554, .T. ) ;
#10687 = ORIENTED_EDGE ( 'NONE', *, *, #2703, .F. ) ;
#10688 = EDGE_CURVE ( 'NONE', #2512, #1624, #3467, .T. ) ;
#10689 = ORIENTED_EDGE ( 'NONE', *, *, #1806, .F. ) ;
#10690 = ADVANCED_FACE ( 'NONE', ( #10483 ), #2496, .F. ) ;
#10691 = DIRECTION ( 'NONE',  ( -0.000000000000000000, -0.000000000000000000, -1.000000000000000000 ) ) ;
#10692 = CONICAL_SURFACE ( 'NONE', #4054, 3.750000000000000000, 0.7853981633974482790 ) ;
#10693 = ORIENTED_EDGE ( 'NONE', *, *, #4964, .T. ) ;
#10694 = ORIENTED_EDGE ( 'NONE', *, *, #2523, .T. ) ;
#10695 = LINE ( 'NONE', #6992, #4086 ) ;
#10696 = EDGE_LOOP ( 'NONE', ( #4908, #9301, #10092, #9247 ) ) ;
#10697 = EDGE_CURVE ( 'NONE', #8623, #2421, #6166, .T. ) ;
#10698 = CARTESIAN_POINT ( 'NONE',  ( -40.50000000000000000, -49.49999999999999289, 2.500000000000000000 ) ) ;
#10699 = CARTESIAN_POINT ( 'NONE',  ( -32.58670923590411661, -55.00000000000000000, 12.10755915920906389 ) ) ;
#10700 = ORIENTED_EDGE ( 'NONE', *, *, #2196, .T. ) ;
#10701 = FACE_OUTER_BOUND ( 'NONE', #5992, .T. ) ;
#10702 = DIRECTION ( 'NONE',  ( -1.000000000000000000, 0.000000000000000000, 0.000000000000000000 ) ) ;
#10703 = CIRCLE ( 'NONE', #9658, 1.499999999999999556 ) ;
#10704 = CARTESIAN_POINT ( 'NONE',  ( -52.36513420747430558, 21.50000000000000000, 60.87752359950066250 ) ) ;
#10705 = DIRECTION ( 'NONE',  ( -0.8191520442889907994, -0.000000000000000000, 0.5735764363510478248 ) ) ;
#10706 = EDGE_CURVE ( 'NONE', #9408, #634, #11141, .T. ) ;
#10707 = CARTESIAN_POINT ( 'NONE',  ( -43.74999999999999289, 57.09999999999998010, 0.000000000000000000 ) ) ;
#10708 = VERTEX_POINT ( 'NONE', #1598 ) ;
#10709 = DIRECTION ( 'NONE',  ( -1.000000000000000000, -0.000000000000000000, -0.000000000000000000 ) ) ;
#10710 = VERTEX_POINT ( 'NONE', #5481 ) ;
#10711 = CARTESIAN_POINT ( 'NONE',  ( -39.59999999999998010, -61.25000000000001421, 0.000000000000000000 ) ) ;
#10712 = ORIENTED_EDGE ( 'NONE', *, *, #3004, .F. ) ;
#10713 = CARTESIAN_POINT ( 'NONE',  ( -39.59999999999998010, 62.50000000000001421, 0.000000000000000000 ) ) ;
#10714 = DIRECTION ( 'NONE',  ( -1.000000000000000000, 0.000000000000000000, 0.000000000000000000 ) ) ;
#10715 = VECTOR ( 'NONE', #37, 1000.000000000000000 ) ;
#10716 = ORIENTED_EDGE ( 'NONE', *, *, #12654, .F. ) ;
#10717 = DIRECTION ( 'NONE',  ( 0.000000000000000000, 0.000000000000000000, 1.000000000000000000 ) ) ;
#10718 = CARTESIAN_POINT ( 'NONE',  ( -6.499999999999999112, 24.00000000000000355, 4.000000000000000000 ) ) ;
#10719 = DIRECTION ( 'NONE',  ( -1.000000000000000000, 4.625929269271481378E-15, 0.000000000000000000 ) ) ;
#10720 = FACE_OUTER_BOUND ( 'NONE', #8276, .T. ) ;
#10721 = CARTESIAN_POINT ( 'NONE',  ( 47.50000000000000711, -45.49999999999999289, 17.10000000000000142 ) ) ;
#10722 = VECTOR ( 'NONE', #12186, 1000.000000000000000 ) ;
#10723 = CARTESIAN_POINT ( 'NONE',  ( 8.647058823529402360, 28.89798843820175733, 12.50000000000000000 ) ) ;
#10724 = CIRCLE ( 'NONE', #5952, 6.500000000000002665 ) ;
#10725 = DIRECTION ( 'NONE',  ( -1.000000000000000000, 0.000000000000000000, 0.000000000000000000 ) ) ;
#10726 = ORIENTED_EDGE ( 'NONE', *, *, #11536, .F. ) ;
#10727 = CARTESIAN_POINT ( 'NONE',  ( -39.99999999999999289, 61.25000000000001421, 45.15564437074637993 ) ) ;
#10728 = ORIENTED_EDGE ( 'NONE', *, *, #6219, .F. ) ;
#10729 = PLANE ( 'NONE',  #8402 ) ;
#10730 = LINE ( 'NONE', #10922, #12726 ) ;
#10731 = CIRCLE ( 'NONE', #5127, 7.000000000000006217 ) ;
#10732 = FACE_OUTER_BOUND ( 'NONE', #6077, .T. ) ;
#10733 = AXIS2_PLACEMENT_3D ( 'NONE', #4528, #7507, #580 ) ;
#10734 = CARTESIAN_POINT ( 'NONE',  ( -26.67712434446771042, -55.00000000000000711, 12.50000000000000000 ) ) ;
#10735 = ORIENTED_EDGE ( 'NONE', *, *, #7796, .T. ) ;
#10736 = EDGE_CURVE ( 'NONE', #9350, #4285, #9560, .T. ) ;
#10737 = CARTESIAN_POINT ( 'NONE',  ( -45.00000000000002132, -53.50000000000000711, 12.50000000000001066 ) ) ;
#10738 = CARTESIAN_POINT ( 'NONE',  ( 40.49999999999998579, -49.49999999999998579, 12.50000000000000000 ) ) ;
#10739 = ORIENTED_EDGE ( 'NONE', *, *, #7565, .T. ) ;
#10740 = EDGE_CURVE ( 'NONE', #7042, #6112, #4564, .T. ) ;
#10741 = ORIENTED_EDGE ( 'NONE', *, *, #12357, .F. ) ;
#10742 = AXIS2_PLACEMENT_3D ( 'NONE', #229, #5396, #9105 ) ;
#10743 = PLANE ( 'NONE',  #2029 ) ;
#10744 = VECTOR ( 'NONE', #9088, 1000.000000000000000 ) ;
#10745 = ORIENTED_EDGE ( 'NONE', *, *, #6851, .T. ) ;
#10746 = VERTEX_POINT ( 'NONE', #2631 ) ;
#10747 = DIRECTION ( 'NONE',  ( -1.000000000000000000, 0.000000000000000000, 0.000000000000000000 ) ) ;
#10748 = DIRECTION ( 'NONE',  ( -1.000000000000000000, 0.000000000000000000, 0.000000000000000000 ) ) ;
#10749 = DIRECTION ( 'NONE',  ( -1.000000000000000000, 0.000000000000000000, 0.000000000000000000 ) ) ;
#10750 = DIRECTION ( 'NONE',  ( 1.000000000000000000, 0.000000000000000000, 0.000000000000000000 ) ) ;
#10751 = ORIENTED_EDGE ( 'NONE', *, *, #839, .T. ) ;
#10752 = ORIENTED_EDGE ( 'NONE', *, *, #2220, .T. ) ;
#10753 = AXIS2_PLACEMENT_3D ( 'NONE', #4843, #11807, #1864 ) ;
#10754 = LINE ( 'NONE', #9767, #3125 ) ;
#10755 = ORIENTED_EDGE ( 'NONE', *, *, #11218, .T. ) ;
#10756 = ORIENTED_EDGE ( 'NONE', *, *, #5302, .F. ) ;
#10757 = CARTESIAN_POINT ( 'NONE',  ( -1.500000000000000000, -3.000000000000009326, 12.00000000000000000 ) ) ;
#10758 = ORIENTED_EDGE ( 'NONE', *, *, #6194, .T. ) ;
#10759 = DIRECTION ( 'NONE',  ( 1.000000000000000000, -1.541976423090498592E-15, -0.000000000000000000 ) ) ;
#10760 = EDGE_CURVE ( 'NONE', #8368, #8610, #5917, .T. ) ;
#10761 = ORIENTED_EDGE ( 'NONE', *, *, #12268, .T. ) ;
#10762 = DIRECTION ( 'NONE',  ( -1.000000000000000000, 0.000000000000000000, 0.000000000000000000 ) ) ;
#10763 = CARTESIAN_POINT ( 'NONE',  ( -3.000000000000002220, -55.00000000000000000, 4.000000000000000000 ) ) ;
#10764 = CARTESIAN_POINT ( 'NONE',  ( 31.99999999999998579, -53.49999999999999289, 4.000000000000000000 ) ) ;
#10765 = CARTESIAN_POINT ( 'NONE',  ( -8.500000000000001776, 53.50000000000000000, 12.50000000000000000 ) ) ;
#10766 = CARTESIAN_POINT ( 'NONE',  ( -40.50000000000002132, 42.49999999999999289, 12.50000000000000000 ) ) ;
#10767 = ORIENTED_EDGE ( 'NONE', *, *, #7505, .T. ) ;
#10768 = ADVANCED_FACE ( 'NONE', ( #3654 ), #4939, .T. ) ;
#10769 = FACE_OUTER_BOUND ( 'NONE', #10173, .T. ) ;
#10770 = ORIENTED_EDGE ( 'NONE', *, *, #1495, .F. ) ;
#10771 = LINE ( 'NONE', #1818, #1399 ) ;
#10772 = EDGE_CURVE ( 'NONE', #3326, #1364, #622, .T. ) ;
#10773 = ORIENTED_EDGE ( 'NONE', *, *, #12832, .T. ) ;
#10774 = EDGE_CURVE ( 'NONE', #9772, #11524, #11993, .T. ) ;
#10775 = DIRECTION ( 'NONE',  ( 1.000000000000000000, 0.000000000000000000, 0.000000000000000000 ) ) ;
#10776 = DIRECTION ( 'NONE',  ( -1.000000000000000000, 0.000000000000000000, 0.000000000000000000 ) ) ;
#10777 = DIRECTION ( 'NONE',  ( -0.5735764363510470476, 0.000000000000000000, -0.8191520442889911324 ) ) ;
#10778 = LINE ( 'NONE', #9868, #10384 ) ;
#10779 = DIRECTION ( 'NONE',  ( -1.000000000000000000, 0.000000000000000000, 0.000000000000000000 ) ) ;
#10780 = CARTESIAN_POINT ( 'NONE',  ( -43.74999999999999289, -61.25000000000001421, 25.00000000000000000 ) ) ;
#10781 = DIRECTION ( 'NONE',  ( 0.7071067811865531239, 0.000000000000000000, 0.7071067811865420216 ) ) ;
#10782 = LINE ( 'NONE', #7993, #1975 ) ;
#10783 = CARTESIAN_POINT ( 'NONE',  ( -45.00000000000002132, -41.00000000000000711, 2.500000000000002220 ) ) ;
#10784 = DIRECTION ( 'NONE',  ( 1.176083712526648702E-16, -1.000000000000000000, 0.000000000000000000 ) ) ;
#10785 = VERTEX_POINT ( 'NONE', #926 ) ;
#10786 = CARTESIAN_POINT ( 'NONE',  ( -48.85085293373040116, -21.50000000000000000, 59.27133957236899420 ) ) ;
#10787 = ORIENTED_EDGE ( 'NONE', *, *, #10053, .T. ) ;
#10788 = FACE_OUTER_BOUND ( 'NONE', #257, .T. ) ;
#10789 = DIRECTION ( 'NONE',  ( 0.000000000000000000, 0.000000000000000000, 1.000000000000000000 ) ) ;
#10790 = FACE_OUTER_BOUND ( 'NONE', #10030, .T. ) ;
#10791 = DIRECTION ( 'NONE',  ( 0.000000000000000000, 0.000000000000000000, 1.000000000000000000 ) ) ;
#10792 = ORIENTED_EDGE ( 'NONE', *, *, #12587, .F. ) ;
#10793 = FACE_OUTER_BOUND ( 'NONE', #1514, .T. ) ;
#10794 = ADVANCED_FACE ( 'NONE', ( #4877 ), #2857, .F. ) ;
#10795 = DIRECTION ( 'NONE',  ( 1.000000000000000000, 0.000000000000000000, 0.000000000000000000 ) ) ;
#10796 = ORIENTED_EDGE ( 'NONE', *, *, #4310, .F. ) ;
#10797 = ORIENTED_EDGE ( 'NONE', *, *, #9654, .T. ) ;
#10798 = AXIS2_PLACEMENT_3D ( 'NONE', #9518, #633, #9706 ) ;
#10799 = DIRECTION ( 'NONE',  ( 1.000000000000000000, 0.000000000000000000, 0.000000000000000000 ) ) ;
#10800 = VERTEX_POINT ( 'NONE', #1245 ) ;
#10801 = ORIENTED_EDGE ( 'NONE', *, *, #2157, .F. ) ;
#10802 = DIRECTION ( 'NONE',  ( 0.000000000000000000, 0.000000000000000000, 1.000000000000000000 ) ) ;
#10803 = LINE ( 'NONE', #1914, #6689 ) ;
#10804 = CARTESIAN_POINT ( 'NONE',  ( 26.00000000000000000, -30.49999999999999289, 12.50000000000000000 ) ) ;
#10805 = PLANE ( 'NONE',  #736 ) ;
#10806 = AXIS2_PLACEMENT_3D ( 'NONE', #1826, #5778, #9736 ) ;
#10807 = EDGE_LOOP ( 'NONE', ( #3092, #154, #7669, #11023 ) ) ;
#10808 = ORIENTED_EDGE ( 'NONE', *, *, #8855, .F. ) ;
#10809 = DIRECTION ( 'NONE',  ( 0.8191520442889926867, -0.000000000000000000, -0.5735764363510448272 ) ) ;
#10810 = ORIENTED_EDGE ( 'NONE', *, *, #6628, .F. ) ;
#10811 = ORIENTED_EDGE ( 'NONE', *, *, #10867, .T. ) ;
#10812 = DIRECTION ( 'NONE',  ( 1.000000000000000000, 0.000000000000000000, 0.000000000000000000 ) ) ;
#10813 = CIRCLE ( 'NONE', #7690, 4.500000000000001776 ) ;
#10814 = VERTEX_POINT ( 'NONE', #2020 ) ;
#10815 = EDGE_CURVE ( 'NONE', #7042, #5987, #10129, .T. ) ;
#10816 = CARTESIAN_POINT ( 'NONE',  ( 1.677124344467721961, -55.00000000000000711, 12.50000000000000000 ) ) ;
#10817 = DIRECTION ( 'NONE',  ( -1.000000000000000000, 0.000000000000000000, 0.000000000000000000 ) ) ;
#10818 = ORIENTED_EDGE ( 'NONE', *, *, #640, .F. ) ;
#10819 = CARTESIAN_POINT ( 'NONE',  ( -64.91014312481590309, -14.49999999999999467, 42.43836008095080814 ) ) ;
#10820 = CARTESIAN_POINT ( 'NONE',  ( -21.99999999999996803, -53.50000000000000000, 4.000000000000000000 ) ) ;
#10821 = EDGE_CURVE ( 'NONE', #12156, #9010, #2080, .T. ) ;
#10823 = CARTESIAN_POINT ( 'NONE',  ( -40.50000000000002132, 49.49999999999997868, 12.50000000000000000 ) ) ;
#10822 = AXIS2_PLACEMENT_3D ( 'NONE', #5254, #1125, #10918 ) ;
#10824 = VECTOR ( 'NONE', #12688, 1000.000000000000000 ) ;
#10825 = AXIS2_PLACEMENT_3D ( 'NONE', #176, #10209, #6196 ) ;
#10826 = EDGE_CURVE ( 'NONE', #3512, #3473, #11895, .T. ) ;
#10827 = DIRECTION ( 'NONE',  ( 1.000000000000000000, -1.541976423090498592E-15, 0.000000000000000000 ) ) ;
#10828 = ORIENTED_EDGE ( 'NONE', *, *, #12430, .F. ) ;
#10829 = LINE ( 'NONE', #8741, #7952 ) ;
#10830 = LINE ( 'NONE', #3240, #4698 ) ;
#10831 = EDGE_LOOP ( 'NONE', ( #6254, #10808, #3643, #6587 ) ) ;
#10832 = VECTOR ( 'NONE', #1111, 1000.000000000000000 ) ;
#10833 = AXIS2_PLACEMENT_3D ( 'NONE', #10860, #3713, #2737 ) ;
#10834 = AXIS2_PLACEMENT_3D ( 'NONE', #847, #2918, #5906 ) ;
#10835 = CARTESIAN_POINT ( 'NONE',  ( -64.86995054667092120, -14.50000000000000711, 36.91673128532704595 ) ) ;
#10836 = DIRECTION ( 'NONE',  ( -0.000000000000000000, -0.000000000000000000, 1.000000000000000000 ) ) ;
#10837 = EDGE_CURVE ( 'NONE', #5093, #508, #9994, .T. ) ;
#10838 = CARTESIAN_POINT ( 'NONE',  ( 47.50000000000000000, -42.49999999999998579, 17.10000000000000142 ) ) ;
#10839 = CARTESIAN_POINT ( 'NONE',  ( -81.47479656658966007, -21.80000000000000071, 55.13575241859758336 ) ) ;
#10840 = CARTESIAN_POINT ( 'NONE',  ( 33.49999999999998579, -53.49999999999998579, 11.99999999999998224 ) ) ;
#10841 = EDGE_CURVE ( 'NONE', #5426, #3447, #5182, .T. ) ;
#10842 = EDGE_CURVE ( 'NONE', #9031, #9635, #7215, .T. ) ;
#10843 = AXIS2_PLACEMENT_3D ( 'NONE', #10820, #4136, #6860 ) ;
#10844 = LINE ( 'NONE', #2723, #4405 ) ;
#10845 = AXIS2_PLACEMENT_3D ( 'NONE', #9913, #2059, #1089 ) ;
#10846 = ORIENTED_EDGE ( 'NONE', *, *, #9373, .T. ) ;
#10847 = LINE ( 'NONE', #1954, #4246 ) ;
#10848 = CARTESIAN_POINT ( 'NONE',  ( 22.99999999999998579, -30.49999999999999645, 12.50000000000000000 ) ) ;
#10849 = CARTESIAN_POINT ( 'NONE',  ( -65.40987687343688606, 21.49999999999998934, 42.42204504220458716 ) ) ;
#10850 = ORIENTED_EDGE ( 'NONE', *, *, #3466, .F. ) ;
#10851 = EDGE_CURVE ( 'NONE', #5771, #7258, #7021, .T. ) ;
#10852 = CARTESIAN_POINT ( 'NONE',  ( 47.50000000000000711, -36.49999999999999289, -7.896078054371140631 ) ) ;
#10853 = VECTOR ( 'NONE', #3745, 1000.000000000000000 ) ;
#10854 = AXIS2_PLACEMENT_3D ( 'NONE', #4242, #365, #423 ) ;
#10855 = ORIENTED_EDGE ( 'NONE', *, *, #3381, .T. ) ;
#10856 = AXIS2_PLACEMENT_3D ( 'NONE', #11678, #6740, #7846 ) ;
#10857 = VECTOR ( 'NONE', #8058, 1000.000000000000000 ) ;
#10858 = DIRECTION ( 'NONE',  ( 0.000000000000000000, 1.000000000000000000, 0.000000000000000000 ) ) ;
#10859 = DIRECTION ( 'NONE',  ( -5.782411586589351722E-16, -1.000000000000000000, -0.000000000000000000 ) ) ;
#10860 = CARTESIAN_POINT ( 'NONE',  ( -34.99999999999999289, 62.50000000000001421, 13.00000000000000178 ) ) ;
#10861 = DIRECTION ( 'NONE',  ( -2.449021377849609204E-16, 1.000000000000000000, 0.000000000000000000 ) ) ;
#10862 = ORIENTED_EDGE ( 'NONE', *, *, #11365, .T. ) ;
#10863 = CARTESIAN_POINT ( 'NONE',  ( -50.41497432388073463, 21.50000000000000000, 63.66264055008323197 ) ) ;
#10864 = CIRCLE ( 'NONE', #6515, 1.499999999999999556 ) ;
#10865 = FACE_BOUND ( 'NONE', #5405, .T. ) ;
#10866 = VECTOR ( 'NONE', #10506, 1000.000000000000000 ) ;
#10867 = EDGE_CURVE ( 'NONE', #1391, #3290, #11958, .T. ) ;
#10869 = ORIENTED_EDGE ( 'NONE', *, *, #5359, .F. ) ;
#10868 = EDGE_CURVE ( 'NONE', #3038, #3592, #8247, .T. ) ;
#10870 = ORIENTED_EDGE ( 'NONE', *, *, #8427, .T. ) ;
#10871 = LINE ( 'NONE', #10014, #3470 ) ;
#10872 = ORIENTED_EDGE ( 'NONE', *, *, #7107, .F. ) ;
#10873 = ORIENTED_EDGE ( 'NONE', *, *, #10297, .F. ) ;
#10874 = CARTESIAN_POINT ( 'NONE',  ( 34.99999999999999289, 62.50000000000001421, 25.00000000000000000 ) ) ;
#10875 = DIRECTION ( 'NONE',  ( 0.000000000000000000, 0.000000000000000000, -1.000000000000000000 ) ) ;
#10876 = CIRCLE ( 'NONE', #8184, 1.499999999999999556 ) ;
#10878 = AXIS2_PLACEMENT_3D ( 'NONE', #4112, #2288, #8316 ) ;
#10877 = DIRECTION ( 'NONE',  ( 0.000000000000000000, 0.000000000000000000, 1.000000000000000000 ) ) ;
#10879 = CARTESIAN_POINT ( 'NONE',  ( 43.49999999999997868, -40.99999999999998579, 4.000000000000000000 ) ) ;
#10880 = ORIENTED_EDGE ( 'NONE', *, *, #3145, .T. ) ;
#10881 = ORIENTED_EDGE ( 'NONE', *, *, #6055, .T. ) ;
#10882 = CYLINDRICAL_SURFACE ( 'NONE', #1679, 1.000000000000000000 ) ;
#10883 = ORIENTED_EDGE ( 'NONE', *, *, #6794, .F. ) ;
#10884 = ORIENTED_EDGE ( 'NONE', *, *, #429, .T. ) ;
#10885 = AXIS2_PLACEMENT_3D ( 'NONE', #4514, #2691, #6645 ) ;
#10886 = CIRCLE ( 'NONE', #2594, 1.500000000000001332 ) ;
#10887 = VECTOR ( 'NONE', #9992, 1000.000000000000000 ) ;
#10888 = DIRECTION ( 'NONE',  ( -5.626130192357212171E-16, -1.000000000000000000, 0.000000000000000000 ) ) ;
#10889 = ORIENTED_EDGE ( 'NONE', *, *, #4793, .F. ) ;
#10890 = LINE ( 'NONE', #3095, #2335 ) ;
#10891 = VERTEX_POINT ( 'NONE', #5065 ) ;
#10892 = FACE_OUTER_BOUND ( 'NONE', #7404, .T. ) ;
#10893 = PLANE ( 'NONE',  #9593 ) ;
#10894 = DIRECTION ( 'NONE',  ( -0.000000000000000000, -0.000000000000000000, 1.000000000000000000 ) ) ;
#10895 = AXIS2_PLACEMENT_3D ( 'NONE', #6764, #10591, #6894 ) ;
#10896 = CIRCLE ( 'NONE', #5296, 2.750000000000002665 ) ;
#10897 = DIRECTION ( 'NONE',  ( -1.000000000000000000, 0.000000000000000000, 0.000000000000000000 ) ) ;
#10898 = EDGE_CURVE ( 'NONE', #7544, #3030, #9076, .T. ) ;
#10899 = DIRECTION ( 'NONE',  ( 0.000000000000000000, 0.000000000000000000, 1.000000000000000000 ) ) ;
#10900 = ORIENTED_EDGE ( 'NONE', *, *, #3651, .T. ) ;
#10901 = DIRECTION ( 'NONE',  ( -0.5735764363510544861, 0.000000000000000000, -0.8191520442889858034 ) ) ;
#10902 = CARTESIAN_POINT ( 'NONE',  ( 8.760407094548710916, 54.99999999999998579, 12.01476521008129339 ) ) ;
#10903 = ORIENTED_EDGE ( 'NONE', *, *, #5200, .F. ) ;
#10904 = ADVANCED_FACE ( 'NONE', ( #9935 ), #1054, .F. ) ;
#10905 = AXIS2_PLACEMENT_3D ( 'NONE', #9150, #12162, #3195 ) ;
#10906 = DIRECTION ( 'NONE',  ( -0.000000000000000000, -0.000000000000000000, 1.000000000000000000 ) ) ;
#10907 = LINE ( 'NONE', #3244, #12492 ) ;
#10908 = DIRECTION ( 'NONE',  ( -1.000000000000000000, 0.000000000000000000, 0.000000000000000000 ) ) ;
#10909 = CARTESIAN_POINT ( 'NONE',  ( -0.4529868602934398747, 24.00000000000000711, 12.00000000000000000 ) ) ;
#10910 = FACE_OUTER_BOUND ( 'NONE', #11134, .T. ) ;
#10911 = FACE_OUTER_BOUND ( 'NONE', #8243, .T. ) ;
#10912 = DIRECTION ( 'NONE',  ( 1.000000000000000000, 0.000000000000000000, 0.000000000000000000 ) ) ;
#10913 = DIRECTION ( 'NONE',  ( -0.000000000000000000, -0.000000000000000000, 1.000000000000000000 ) ) ;
#10914 = EDGE_CURVE ( 'NONE', #6412, #4891, #11172, .T. ) ;
#10915 = CARTESIAN_POINT ( 'NONE',  ( -40.50000000000002132, 49.49999999999997868, 4.000000000000000000 ) ) ;
#10916 = EDGE_CURVE ( 'NONE', #10746, #15, #12023, .T. ) ;
#10917 = ORIENTED_EDGE ( 'NONE', *, *, #2393, .F. ) ;
#10918 = DIRECTION ( 'NONE',  ( -1.000000000000000000, 0.000000000000000000, 0.000000000000000000 ) ) ;
#10919 = EDGE_CURVE ( 'NONE', #7408, #6509, #11036, .T. ) ;
#10920 = EDGE_LOOP ( 'NONE', ( #12683, #6206, #463, #1102 ) ) ;
#10921 = FACE_OUTER_BOUND ( 'NONE', #10155, .T. ) ;
#10922 = CARTESIAN_POINT ( 'NONE',  ( 1.500000000000007994, -53.50000000000000000, 2.500000000000000444 ) ) ;
#10923 = CARTESIAN_POINT ( 'NONE',  ( -2.082509490013274789, -54.99999999999998579, 12.24701845867947192 ) ) ;
#10924 = DIRECTION ( 'NONE',  ( 1.000000000000000000, 0.000000000000000000, 0.000000000000000000 ) ) ;
#10925 = ORIENTED_EDGE ( 'NONE', *, *, #11617, .F. ) ;
#10926 = AXIS2_PLACEMENT_3D ( 'NONE', #2660, #2854, #4860 ) ;
#10927 = DIRECTION ( 'NONE',  ( 0.7071067811865474617, 0.000000000000000000, -0.7071067811865474617 ) ) ;
#10928 = DIRECTION ( 'NONE',  ( -0.000000000000000000, -0.000000000000000000, 1.000000000000000000 ) ) ;
#10929 = EDGE_LOOP ( 'NONE', ( #12479, #11764, #5703 ) ) ;
#10930 = DIRECTION ( 'NONE',  ( 0.000000000000000000, 0.000000000000000000, 1.000000000000000000 ) ) ;
#10931 = VERTEX_POINT ( 'NONE', #3959 ) ;
#10932 = ADVANCED_FACE ( 'NONE', ( #156 ), #4094, .F. ) ;
#10933 = FILL_AREA_STYLE ('',( #11059 ) ) ;
#10934 = AXIS2_PLACEMENT_3D ( 'NONE', #8026, #11073, #4131 ) ;
#10935 = VERTEX_POINT ( 'NONE', #1187 ) ;
#10936 = CONICAL_SURFACE ( 'NONE', #7003, 0.9999999999999942268, 0.7853981633974341792 ) ;
#10937 = DIRECTION ( 'NONE',  ( 0.000000000000000000, 0.000000000000000000, 1.000000000000000000 ) ) ;
#10938 = LINE ( 'NONE', #2048, #491 ) ;
#10939 = CARTESIAN_POINT ( 'NONE',  ( -10.49999999999997513, 24.00000000000000000, 12.50000000000000000 ) ) ;
#10940 = CARTESIAN_POINT ( 'NONE',  ( 8.735294117647049106, 29.39014139498651090, 4.000000000000000000 ) ) ;
#10941 = ORIENTED_EDGE ( 'NONE', *, *, #4561, .F. ) ;
#10942 = VERTEX_POINT ( 'NONE', #4154 ) ;
#10943 = DIRECTION ( 'NONE',  ( -0.000000000000000000, -0.000000000000000000, 1.000000000000000000 ) ) ;
#10944 = AXIS2_PLACEMENT_3D ( 'NONE', #8465, #562, #4632 ) ;
#10945 = VECTOR ( 'NONE', #1122, 1000.000000000000000 ) ;
#10946 = VERTEX_POINT ( 'NONE', #5129 ) ;
#10947 = ORIENTED_EDGE ( 'NONE', *, *, #4577, .F. ) ;
#10948 = CARTESIAN_POINT ( 'NONE',  ( 7.499999999999992895, 22.50000000000000355, 7.000000000000000888 ) ) ;
#10949 = ORIENTED_EDGE ( 'NONE', *, *, #9962, .T. ) ;
#10950 = DIRECTION ( 'NONE',  ( -0.7071067811865531239, 8.659560562355001884E-17, 0.7071067811865420216 ) ) ;
#10951 = ORIENTED_EDGE ( 'NONE', *, *, #160, .F. ) ;
#10952 = DIRECTION ( 'NONE',  ( 1.000000000000000000, 0.000000000000000000, 0.000000000000000000 ) ) ;
#10953 = FACE_OUTER_BOUND ( 'NONE', #814, .T. ) ;
#10954 = AXIS2_PLACEMENT_3D ( 'NONE', #8234, #446, #5310 ) ;
#10955 = DIRECTION ( 'NONE',  ( 0.5735764363510448272, 0.000000000000000000, 0.8191520442889926867 ) ) ;
#10956 = DIRECTION ( 'NONE',  ( 1.000000000000000000, 0.000000000000000000, 0.000000000000000000 ) ) ;
#10957 = DIRECTION ( 'NONE',  ( 4.597112642748789558E-16, 1.000000000000000000, -0.000000000000000000 ) ) ;
#10958 = VERTEX_POINT ( 'NONE', #214 ) ;
#10959 = EDGE_CURVE ( 'NONE', #788, #1907, #5343, .T. ) ;
#10960 = AXIS2_PLACEMENT_3D ( 'NONE', #4155, #12391, #11475 ) ;
#10961 = DIRECTION ( 'NONE',  ( 1.000000000000000000, 0.000000000000000000, 0.000000000000000000 ) ) ;
#10962 = DIRECTION ( 'NONE',  ( -0.000000000000000000, -0.000000000000000000, 1.000000000000000000 ) ) ;
#10963 = ORIENTED_EDGE ( 'NONE', *, *, #6892, .T. ) ;
#10964 = DIRECTION ( 'NONE',  ( 1.000000000000000000, 0.000000000000000000, 0.000000000000000000 ) ) ;
#10965 = DIRECTION ( 'NONE',  ( 1.018816780924679329E-15, -1.000000000000000000, 1.455021154912994474E-15 ) ) ;
#10966 = EDGE_CURVE ( 'NONE', #11000, #4965, #11149, .T. ) ;
#10967 = DIRECTION ( 'NONE',  ( -0.1736481776669312194, 0.000000000000000000, 0.9848077530122079093 ) ) ;
#10968 = PLANE ( 'NONE',  #10610 ) ;
#10969 = EDGE_CURVE ( 'NONE', #5083, #10498, #8246, .T. ) ;
#10970 = CARTESIAN_POINT ( 'NONE',  ( 25.50000000000000355, 6.500000000000002665, 12.50000000000000000 ) ) ;
#10971 = ORIENTED_EDGE ( 'NONE', *, *, #766, .T. ) ;
#10972 = DIRECTION ( 'NONE',  ( -0.000000000000000000, -0.000000000000000000, -1.000000000000000000 ) ) ;
#10973 = DIRECTION ( 'NONE',  ( -0.8191520442889906883, -0.000000000000000000, 0.5735764363510477137 ) ) ;
#10974 = DIRECTION ( 'NONE',  ( 0.000000000000000000, -0.7071067811865549002, 0.7071067811865402453 ) ) ;
#10975 = ORIENTED_EDGE ( 'NONE', *, *, #5682, .F. ) ;
#10976 = FACE_OUTER_BOUND ( 'NONE', #12361, .T. ) ;
#10977 = ADVANCED_FACE ( 'NONE', ( #12218 ), #7830, .T. ) ;
#10978 = VERTEX_POINT ( 'NONE', #7335 ) ;
#10979 = CARTESIAN_POINT ( 'NONE',  ( 5.205882352941169522, 16.41830416565796824, 12.50000000000000000 ) ) ;
#10980 = FACE_OUTER_BOUND ( 'NONE', #1843, .T. ) ;
#10981 = CARTESIAN_POINT ( 'NONE',  ( -45.00000000000002132, 42.49999999999999289, 4.000000000000000000 ) ) ;
#10982 = CYLINDRICAL_SURFACE ( 'NONE', #9266, 1.500000000000001332 ) ;
#10983 = EDGE_LOOP ( 'NONE', ( #11438, #12830 ) ) ;
#10984 = EDGE_CURVE ( 'NONE', #2886, #4258, #2031, .T. ) ;
#10985 = DIRECTION ( 'NONE',  ( 0.5735764363510494901, 0.000000000000000000, 0.8191520442889894671 ) ) ;
#10986 = DIRECTION ( 'NONE',  ( 1.000000000000000000, 0.000000000000000000, 0.000000000000000000 ) ) ;
#10987 = ADVANCED_FACE ( 'NONE', ( #11493 ), #5448, .T. ) ;
#10988 = ORIENTED_EDGE ( 'NONE', *, *, #11826, .T. ) ;
#10989 = CARTESIAN_POINT ( 'NONE',  ( -34.99999999999999289, -62.50000000000001421, 25.00000000000000000 ) ) ;
#10990 = ORIENTED_EDGE ( 'NONE', *, *, #12511, .T. ) ;
#10991 = CARTESIAN_POINT ( 'NONE',  ( -51.47196947010641566, 21.50000000000000000, 62.32743971842705122 ) ) ;
#10992 = VECTOR ( 'NONE', #4198, 1000.000000000000000 ) ;
#10993 = VERTEX_POINT ( 'NONE', #3314 ) ;
#10994 = DIRECTION ( 'NONE',  ( 0.8191520442889906883, 0.000000000000000000, -0.5735764363510477137 ) ) ;
#10995 = FACE_OUTER_BOUND ( 'NONE', #1924, .T. ) ;
#10996 = CARTESIAN_POINT ( 'NONE',  ( 7.499999999999992895, 22.50000000000000355, 12.50000000000000000 ) ) ;
#10997 = ADVANCED_FACE ( 'NONE', ( #8489 ), #7273, .F. ) ;
#10998 = FACE_OUTER_BOUND ( 'NONE', #9445, .T. ) ;
#10999 = ORIENTED_EDGE ( 'NONE', *, *, #12609, .F. ) ;
#11000 = VERTEX_POINT ( 'NONE', #2471 ) ;
#11001 = EDGE_CURVE ( 'NONE', #3942, #6017, #3555, .T. ) ;
#11002 = FACE_OUTER_BOUND ( 'NONE', #8052, .T. ) ;
#11003 = EDGE_CURVE ( 'NONE', #7448, #5999, #2531, .T. ) ;
#11004 = EDGE_CURVE ( 'NONE', #9825, #8450, #4510, .T. ) ;
#11005 = ORIENTED_EDGE ( 'NONE', *, *, #9315, .F. ) ;
#11006 = ORIENTED_EDGE ( 'NONE', *, *, #6525, .T. ) ;
#11007 = LINE ( 'NONE', #5159, #10097 ) ;
#11008 = ORIENTED_EDGE ( 'NONE', *, *, #258, .F. ) ;
#11009 = CARTESIAN_POINT ( 'NONE',  ( 6.999999999999999112, 53.50000000000000000, 12.50000000000000000 ) ) ;
#11010 = ORIENTED_EDGE ( 'NONE', *, *, #1919, .F. ) ;
#11011 = AXIS2_PLACEMENT_3D ( 'NONE', #8690, #4796, #1886 ) ;
#11012 = CARTESIAN_POINT ( 'NONE',  ( 27.49999999999998224, -30.49999999999999289, 2.500000000000000000 ) ) ;
#11013 = DIRECTION ( 'NONE',  ( -0.8571673007021118895, 1.049727191138618079E-16, 0.5150380749100549327 ) ) ;
#11014 = DIRECTION ( 'NONE',  ( -0.000000000000000000, -0.000000000000000000, -1.000000000000000000 ) ) ;
#11015 = CARTESIAN_POINT ( 'NONE',  ( 4.999999999999992006, 30.86660026534075740, 12.50000000000000000 ) ) ;
#11016 = DIRECTION ( 'NONE',  ( 0.000000000000000000, 1.000000000000000000, 0.000000000000000000 ) ) ;
#11017 = DIRECTION ( 'NONE',  ( -2.445329926407195180E-15, 1.000000000000000000, 0.000000000000000000 ) ) ;
#11018 = CIRCLE ( 'NONE', #8945, 2.999999999999999112 ) ;
#11019 = ORIENTED_EDGE ( 'NONE', *, *, #391, .T. ) ;
#11020 = DIRECTION ( 'NONE',  ( 0.000000000000000000, -1.000000000000000000, 0.000000000000000000 ) ) ;
#11021 = DIRECTION ( 'NONE',  ( -1.000000000000000000, 0.000000000000000000, -0.000000000000000000 ) ) ;
#11022 = ADVANCED_FACE ( 'NONE', ( #1378 ), #12810, .T. ) ;
#11023 = ORIENTED_EDGE ( 'NONE', *, *, #8767, .F. ) ;
#11024 = CARTESIAN_POINT ( 'NONE',  ( -52.61912234280848821, -14.49999999999999822, 60.68913562984904786 ) ) ;
#11025 = DIRECTION ( 'NONE',  ( -1.000000000000000000, 0.000000000000000000, 0.000000000000000000 ) ) ;
#11026 = VECTOR ( 'NONE', #11063, 1000.000000000000114 ) ;
#11027 = CIRCLE ( 'NONE', #11445, 1.499999999999999556 ) ;
#11028 = DIRECTION ( 'NONE',  ( -0.000000000000000000, -0.000000000000000000, -1.000000000000000000 ) ) ;
#11029 = CARTESIAN_POINT ( 'NONE',  ( 27.30417242860976046, 24.99999999999999289, -28.84505903859501430 ) ) ;
#11030 = EDGE_CURVE ( 'NONE', #8188, #6411, #1003, .T. ) ;
#11031 = DIRECTION ( 'NONE',  ( -1.000000000000000000, 0.000000000000000000, 0.000000000000000000 ) ) ;
#11032 = EDGE_LOOP ( 'NONE', ( #1589, #2671, #8539 ) ) ;
#11033 = DIRECTION ( 'NONE',  ( 2.523234146875347419E-15, -1.000000000000000000, 0.000000000000000000 ) ) ;
#11034 = AXIS2_PLACEMENT_3D ( 'NONE', #2207, #7910, #11025 ) ;
#11035 = VECTOR ( 'NONE', #7867, 1000.000000000000114 ) ;
#11036 = LINE ( 'NONE', #8894, #5139 ) ;
#11037 = AXIS2_PLACEMENT_3D ( 'NONE', #9731, #12363, #9492 ) ;
#11038 = LINE ( 'NONE', #9145, #3904 ) ;
#11039 = ORIENTED_EDGE ( 'NONE', *, *, #12129, .F. ) ;
#11040 = LINE ( 'NONE', #5134, #12482 ) ;
#11041 = ORIENTED_EDGE ( 'NONE', *, *, #7725, .F. ) ;
#11042 = DIRECTION ( 'NONE',  ( 0.000000000000000000, 1.000000000000000000, -0.000000000000000000 ) ) ;
#11043 = AXIS2_PLACEMENT_3D ( 'NONE', #3738, #2591, #6802 ) ;
#11044 = CARTESIAN_POINT ( 'NONE',  ( -51.39005426567752011, 21.50000000000000000, 62.27008207479195079 ) ) ;
#11045 = VECTOR ( 'NONE', #6881, 1000.000000000000000 ) ;
#11046 = DIRECTION ( 'NONE',  ( 1.301042606982605321E-16, -1.000000000000000000, 0.000000000000000000 ) ) ;
#11047 = CIRCLE ( 'NONE', #10642, 2.999999999999999112 ) ;
#11048 = EDGE_LOOP ( 'NONE', ( #9983, #7525, #968, #2896 ) ) ;
#11049 = CARTESIAN_POINT ( 'NONE',  ( 40.49999999999998579, -42.49999999999998579, 12.50000000000000000 ) ) ;
#11050 = ADVANCED_FACE ( 'NONE', ( #7398 ), #2334, .F. ) ;
#11051 = CARTESIAN_POINT ( 'NONE',  ( 47.50000000000000711, -45.49999999999999289, 14.10000000000000142 ) ) ;
#11052 = ORIENTED_EDGE ( 'NONE', *, *, #1075, .T. ) ;
#11053 = AXIS2_PLACEMENT_3D ( 'NONE', #3725, #11594, #7564 ) ;
#11054 = CARTESIAN_POINT ( 'NONE',  ( 34.99999999999999289, -62.50000000000001421, 13.00000000000000178 ) ) ;
#11055 = VECTOR ( 'NONE', #1623, 1000.000000000000227 ) ;
#11056 = VECTOR ( 'NONE', #11834, 1000.000000000000114 ) ;
#11057 = ORIENTED_EDGE ( 'NONE', *, *, #59, .F. ) ;
#11058 = EDGE_CURVE ( 'NONE', #2024, #699, #8045, .T. ) ;
#11059 = FILL_AREA_STYLE_COLOUR ( '', #11245 ) ;
#11060 = VERTEX_POINT ( 'NONE', #405 ) ;
#11061 = DIRECTION ( 'NONE',  ( -0.000000000000000000, -0.000000000000000000, 1.000000000000000000 ) ) ;
#11062 = CARTESIAN_POINT ( 'NONE',  ( -45.00000000000001421, 30.00000000000000000, 68.00000000000000000 ) ) ;
#11063 = DIRECTION ( 'NONE',  ( 0.7071067811865474617, 0.000000000000000000, 0.7071067811865474617 ) ) ;
#11064 = CARTESIAN_POINT ( 'NONE',  ( 0.000000000000000000, 0.000000000000000000, 2.500000000000000000 ) ) ;
#11065 = VERTEX_POINT ( 'NONE', #12460 ) ;
#11066 = ORIENTED_EDGE ( 'NONE', *, *, #8762, .T. ) ;
#11067 = CIRCLE ( 'NONE', #9821, 2.299999999999996270 ) ;
#11068 = CIRCLE ( 'NONE', #3192, 1.500000000000001332 ) ;
#11069 = AXIS2_PLACEMENT_3D ( 'NONE', #10112, #12008, #3102 ) ;
#11070 = CARTESIAN_POINT ( 'NONE',  ( 27.50000000000000711, 12.49999999999999645, 12.50000000000000000 ) ) ;
#11071 = VERTEX_POINT ( 'NONE', #12342 ) ;
#11072 = ORIENTED_EDGE ( 'NONE', *, *, #8222, .T. ) ;
#11073 = DIRECTION ( 'NONE',  ( -4.336808689942017736E-17, 1.000000000000000000, 0.000000000000000000 ) ) ;
#11074 = EDGE_LOOP ( 'NONE', ( #11721, #10951, #3744, #8440 ) ) ;
#11075 = AXIS2_PLACEMENT_3D ( 'NONE', #9206, #4206, #7326 ) ;
#11076 = EDGE_CURVE ( 'NONE', #780, #11071, #3496, .T. ) ;
#11077 = DIRECTION ( 'NONE',  ( 1.574362902196997617E-16, 1.000000000000000000, 2.248423240661365963E-16 ) ) ;
#11078 = CIRCLE ( 'NONE', #5477, 2.750000000000002665 ) ;
#11079 = VECTOR ( 'NONE', #1137, 1000.000000000000000 ) ;
#11080 = VERTEX_POINT ( 'NONE', #9216 ) ;
#11081 = EDGE_CURVE ( 'NONE', #6528, #827, #4345, .T. ) ;
#11082 = DIRECTION ( 'NONE',  ( -0.8191520442889907994, -0.000000000000000000, 0.5735764363510478248 ) ) ;
#11083 = DIRECTION ( 'NONE',  ( -1.000000000000000000, 0.000000000000000000, 0.000000000000000000 ) ) ;
#11084 = ADVANCED_FACE ( 'NONE', ( #9406 ), #4474, .F. ) ;
#11085 = EDGE_CURVE ( 'NONE', #1080, #7042, #5760, .T. ) ;
#11086 = DIRECTION ( 'NONE',  ( 0.000000000000000000, 0.000000000000000000, -1.000000000000000000 ) ) ;
#11087 = DIRECTION ( 'NONE',  ( 2.400868672960521361E-16, 1.000000000000000000, -0.000000000000000000 ) ) ;
#11088 = PLANE ( 'NONE',  #8094 ) ;
#11089 = AXIS2_PLACEMENT_3D ( 'NONE', #12312, #3416, #3529 ) ;
#11090 = AXIS2_PLACEMENT_3D ( 'NONE', #1420, #8343, #2450 ) ;
#11091 = CIRCLE ( 'NONE', #8595, 1.700000000000004174 ) ;
#11092 = DIRECTION ( 'NONE',  ( 1.000000000000000000, 1.541976423090495387E-16, 0.000000000000000000 ) ) ;
#11093 = EDGE_LOOP ( 'NONE', ( #1232, #1653, #11232, #4254 ) ) ;
#11094 = EDGE_CURVE ( 'NONE', #5273, #2953, #5969, .T. ) ;
#11095 = DIRECTION ( 'NONE',  ( -0.000000000000000000, -1.000000000000000000, -0.000000000000000000 ) ) ;
#11096 = CARTESIAN_POINT ( 'NONE',  ( 4.499999999999992006, 14.54701313970656962, 12.50000000000000000 ) ) ;
#11097 = ORIENTED_EDGE ( 'NONE', *, *, #3306, .F. ) ;
#11098 = DIRECTION ( 'NONE',  ( 0.6616012870118813671, -0.2495670992423123791, 0.7071067811865476838 ) ) ;
#11099 = FACE_OUTER_BOUND ( 'NONE', #9540, .T. ) ;
#11100 = VECTOR ( 'NONE', #1590, 1000.000000000000000 ) ;
#11101 = CONICAL_SURFACE ( 'NONE', #6336, 4.500000000000007105, 0.7853981633974479459 ) ;
#11102 = CARTESIAN_POINT ( 'NONE',  ( -47.49999999999998579, -30.00000000000000000, 68.00000000000000000 ) ) ;
#11103 = EDGE_CURVE ( 'NONE', #7873, #7201, #5831, .T. ) ;
#11104 = DIRECTION ( 'NONE',  ( 0.000000000000000000, 1.000000000000000000, 0.000000000000000000 ) ) ;
#11105 = EDGE_CURVE ( 'NONE', #1965, #7722, #9282, .T. ) ;
#11106 = ORIENTED_EDGE ( 'NONE', *, *, #152, .F. ) ;
#11107 = CARTESIAN_POINT ( 'NONE',  ( -26.24999999999998934, 57.50000000000000711, 0.4000000000000114575 ) ) ;
#11108 = CARTESIAN_POINT ( 'NONE',  ( -40.50000000000000000, -49.49999999999999289, 12.50000000000000000 ) ) ;
#11109 = ORIENTED_EDGE ( 'NONE', *, *, #7870, .T. ) ;
#11110 = LINE ( 'NONE', #578, #11800 ) ;
#11111 = ORIENTED_EDGE ( 'NONE', *, *, #7429, .F. ) ;
#11112 = CARTESIAN_POINT ( 'NONE',  ( 7.499999999999992895, 22.50000000000000355, 12.50000000000000000 ) ) ;
#11113 = ORIENTED_EDGE ( 'NONE', *, *, #5815, .T. ) ;
#11114 = DIRECTION ( 'NONE',  ( -1.000000000000000000, -1.541976423090495387E-16, 0.000000000000000000 ) ) ;
#11115 = AXIS2_PLACEMENT_3D ( 'NONE', #11824, #7788, #2920 ) ;
#11116 = DIRECTION ( 'NONE',  ( 0.000000000000000000, 1.000000000000000000, 0.000000000000000000 ) ) ;
#11117 = DIRECTION ( 'NONE',  ( -0.7071067811865505703, 0.000000000000000000, 0.7071067811865444641 ) ) ;
#11118 = EDGE_LOOP ( 'NONE', ( #2404, #12173, #3999, #4958 ) ) ;
#11119 = DIRECTION ( 'NONE',  ( -0.7071067811865402453, 0.000000000000000000, 0.7071067811865549002 ) ) ;
#11120 = CARTESIAN_POINT ( 'NONE',  ( 4.499999999999993783, 14.54701313970656962, 4.000000000000000000 ) ) ;
#11121 = ORIENTED_EDGE ( 'NONE', *, *, #8860, .T. ) ;
#11122 = EDGE_CURVE ( 'NONE', #3447, #4569, #5323, .T. ) ;
#11123 = FACE_BOUND ( 'NONE', #824, .T. ) ;
#11124 = ORIENTED_EDGE ( 'NONE', *, *, #12284, .T. ) ;
#11125 = DIRECTION ( 'NONE',  ( 0.000000000000000000, 0.000000000000000000, -1.000000000000000000 ) ) ;
#11126 = EDGE_LOOP ( 'NONE', ( #12219, #12679, #8494, #2240 ) ) ;
#11127 = CARTESIAN_POINT ( 'NONE',  ( 44.99999999999997868, 55.00000000000000711, -142.1267040355189977 ) ) ;
#11128 = FACE_OUTER_BOUND ( 'NONE', #1782, .T. ) ;
#11129 = EDGE_CURVE ( 'NONE', #2686, #510, #394, .T. ) ;
#11130 = CARTESIAN_POINT ( 'NONE',  ( -43.74999999999999289, 57.49999999999999289, 25.00000000000000000 ) ) ;
#11131 = VECTOR ( 'NONE', #12658, 1000.000000000000000 ) ;
#11132 = CARTESIAN_POINT ( 'NONE',  ( 1.500000000000000000, -3.000000000000009326, 12.00000000000000000 ) ) ;
#11133 = EDGE_LOOP ( 'NONE', ( #12000, #2090, #7299, #10487 ) ) ;
#11134 = EDGE_LOOP ( 'NONE', ( #5408, #1736, #11964, #5705, #12443, #6990 ) ) ;
#11135 = DIRECTION ( 'NONE',  ( -1.261617073437676865E-15, 1.000000000000000000, 0.000000000000000000 ) ) ;
#11136 = ADVANCED_FACE ( 'NONE', ( #2913 ), #803, .F. ) ;
#11137 = EDGE_LOOP ( 'NONE', ( #110, #12611, #2632, #6520 ) ) ;
#11138 = ORIENTED_EDGE ( 'NONE', *, *, #12766, .T. ) ;
#11139 = CIRCLE ( 'NONE', #1811, 2.799999999999962075 ) ;
#11140 = CARTESIAN_POINT ( 'NONE',  ( -33.29999999999999005, 62.50000000000001421, 19.00000000000000355 ) ) ;
#11141 = CIRCLE ( 'NONE', #8851, 1.500000000000001332 ) ;
#11142 = ORIENTED_EDGE ( 'NONE', *, *, #11339, .F. ) ;
#11143 = CARTESIAN_POINT ( 'NONE',  ( 43.49999999999997868, 0.000000000000000000, 4.000000000000000000 ) ) ;
#11144 = ORIENTED_EDGE ( 'NONE', *, *, #7746, .T. ) ;
#11145 = CARTESIAN_POINT ( 'NONE',  ( -43.74999999999999289, 57.49999999999999289, 25.00000000000000000 ) ) ;
#11146 = DIRECTION ( 'NONE',  ( -0.000000000000000000, -1.000000000000000000, -0.000000000000000000 ) ) ;
#11147 = CARTESIAN_POINT ( 'NONE',  ( -26.24999999999998934, 61.25000000000001421, 0.4000000000000114575 ) ) ;
#11148 = CARTESIAN_POINT ( 'NONE',  ( -40.50000000000002132, 49.49999999999997868, 12.50000000000000000 ) ) ;
#11149 = CIRCLE ( 'NONE', #6586, 6.499999999999999112 ) ;
#11150 = DIRECTION ( 'NONE',  ( -0.5735764363510471586, 3.154042683594197093E-16, -0.8191520442889911324 ) ) ;
#11151 = CARTESIAN_POINT ( 'NONE',  ( -29.99999999999998579, 62.50000000000001421, 25.00000000000000000 ) ) ;
#11152 = ORIENTED_EDGE ( 'NONE', *, *, #103, .T. ) ;
#11153 = DIRECTION ( 'NONE',  ( 1.000000000000000000, 0.000000000000000000, 0.000000000000000000 ) ) ;
#11154 = ADVANCED_FACE ( 'NONE', ( #3885 ), #10573, .F. ) ;
#11155 = LINE ( 'NONE', #12448, #8875 ) ;
#11156 = ORIENTED_EDGE ( 'NONE', *, *, #11634, .T. ) ;
#11157 = AXIS2_PLACEMENT_3D ( 'NONE', #666, #1700, #9613 ) ;
#11158 = AXIS2_PLACEMENT_3D ( 'NONE', #11096, #12145, #6101 ) ;
#11159 = DIRECTION ( 'NONE',  ( -0.7071067811865451302, 0.000000000000000000, 0.7071067811865500152 ) ) ;
#11160 = DIRECTION ( 'NONE',  ( 0.000000000000000000, 0.000000000000000000, 1.000000000000000000 ) ) ;
#11161 = ORIENTED_EDGE ( 'NONE', *, *, #4793, .T. ) ;
#11162 = CARTESIAN_POINT ( 'NONE',  ( 31.99999999999998579, -53.49999999999999289, 4.000000000000000000 ) ) ;
#11163 = EDGE_CURVE ( 'NONE', #1220, #6730, #12582, .T. ) ;
#11164 = EDGE_CURVE ( 'NONE', #6470, #11315, #7644, .T. ) ;
#11165 = EDGE_CURVE ( 'NONE', #11786, #4776, #2787, .T. ) ;
#11166 = CIRCLE ( 'NONE', #6811, 2.999999999999999112 ) ;
#11167 = DIRECTION ( 'NONE',  ( 0.000000000000000000, 0.000000000000000000, 1.000000000000000000 ) ) ;
#11168 = EDGE_CURVE ( 'NONE', #10407, #12767, #6392, .T. ) ;
#11169 = VERTEX_POINT ( 'NONE', #10711 ) ;
#11170 = ADVANCED_FACE ( 'NONE', ( #4732 ), #11820, .T. ) ;
#11171 = PLANE ( 'NONE',  #5488 ) ;
#11172 = LINE ( 'NONE', #10183, #10744 ) ;
#11173 = ORIENTED_EDGE ( 'NONE', *, *, #751, .T. ) ;
#11174 = ORIENTED_EDGE ( 'NONE', *, *, #12808, .T. ) ;
#11175 = DIRECTION ( 'NONE',  ( -1.000000000000000000, 0.000000000000000000, 0.000000000000000000 ) ) ;
#11176 = ORIENTED_EDGE ( 'NONE', *, *, #10235, .T. ) ;
#11177 = DIRECTION ( 'NONE',  ( -1.541976423090498592E-16, 1.000000000000000000, 0.000000000000000000 ) ) ;
#11178 = DIRECTION ( 'NONE',  ( -0.000000000000000000, 1.000000000000000000, -0.000000000000000000 ) ) ;
#11179 = DIRECTION ( 'NONE',  ( 0.000000000000000000, 0.000000000000000000, -1.000000000000000000 ) ) ;
#11180 = ORIENTED_EDGE ( 'NONE', *, *, #4038, .T. ) ;
#11181 = CARTESIAN_POINT ( 'NONE',  ( 43.49999999999997868, 53.50000000000000711, -142.1267040355189977 ) ) ;
#11182 = CARTESIAN_POINT ( 'NONE',  ( -33.50000000000000711, -49.50000000000000000, 12.00000000000001066 ) ) ;
#11183 = ORIENTED_EDGE ( 'NONE', *, *, #8795, .T. ) ;
#11184 = DIRECTION ( 'NONE',  ( 0.000000000000000000, 0.000000000000000000, -1.000000000000000000 ) ) ;
#11185 = ADVANCED_FACE ( 'NONE', ( #781 ), #8255, .F. ) ;
#11186 = ORIENTED_EDGE ( 'NONE', *, *, #10460, .T. ) ;
#11187 = SURFACE_SIDE_STYLE ('',( #6000 ) ) ;
#11188 = ORIENTED_EDGE ( 'NONE', *, *, #6173, .T. ) ;
#11189 = DIRECTION ( 'NONE',  ( 0.000000000000000000, 0.000000000000000000, -1.000000000000000000 ) ) ;
#11190 = DIRECTION ( 'NONE',  ( -1.000000000000000000, 0.000000000000000000, 0.000000000000000000 ) ) ;
#11191 = DIRECTION ( 'NONE',  ( -1.000000000000000000, 0.000000000000000000, 0.000000000000000000 ) ) ;
#11192 = DIRECTION ( 'NONE',  ( 0.5735764363510467145, 0.000000000000000000, 0.8191520442889914655 ) ) ;
#11193 = ORIENTED_EDGE ( 'NONE', *, *, #7037, .T. ) ;
#11194 = ORIENTED_EDGE ( 'NONE', *, *, #2061, .T. ) ;
#11195 = ADVANCED_FACE ( 'NONE', ( #10641 ), #7842, .F. ) ;
#11196 = CARTESIAN_POINT ( 'NONE',  ( -27.99999999999998224, -53.50000000000000711, 4.000000000000000000 ) ) ;
#11197 = ORIENTED_EDGE ( 'NONE', *, *, #8082, .F. ) ;
#11198 = ORIENTED_EDGE ( 'NONE', *, *, #5047, .F. ) ;
#11199 = VECTOR ( 'NONE', #4386, 1000.000000000000000 ) ;
#11200 = CARTESIAN_POINT ( 'NONE',  ( -52.04554590645746259, 21.50000000000000000, 61.50828767413806020 ) ) ;
#11201 = ORIENTED_EDGE ( 'NONE', *, *, #2777, .F. ) ;
#11202 = CARTESIAN_POINT ( 'NONE',  ( 23.49999999999995381, 53.50000000000000000, 12.50000000000000000 ) ) ;
#11203 = EDGE_LOOP ( 'NONE', ( #5575, #8978, #4428, #3874, #9279, #9529, #1721, #823, #9103, #11539, #3398, #11193, #11194, #3137 ) ) ;
#11204 = FACE_OUTER_BOUND ( 'NONE', #5946, .T. ) ;
#11205 = CARTESIAN_POINT ( 'NONE',  ( 22.99999999999995381, 53.50000000000000000, 12.00000000000000000 ) ) ;
#11206 = CARTESIAN_POINT ( 'NONE',  ( 43.74999999999999289, 61.25000000000001421, 0.4000000000000114575 ) ) ;
#11207 = FACE_OUTER_BOUND ( 'NONE', #10831, .T. ) ;
#11208 = VECTOR ( 'NONE', #11281, 1000.000000000000000 ) ;
#11209 = DIRECTION ( 'NONE',  ( -0.8191520442889907994, -0.000000000000000000, 0.5735764363510478248 ) ) ;
#11210 = CYLINDRICAL_SURFACE ( 'NONE', #7137, 2.300000000000003375 ) ;
#11211 = EDGE_LOOP ( 'NONE', ( #7274, #2289, #7598, #7691 ) ) ;
#11212 = EDGE_CURVE ( 'NONE', #12233, #10380, #10771, .T. ) ;
#11213 = CARTESIAN_POINT ( 'NONE',  ( 43.49999999999997868, 12.50000000000000178, 4.000000000000000000 ) ) ;
#11214 = ORIENTED_EDGE ( 'NONE', *, *, #11657, .T. ) ;
#11215 = AXIS2_PLACEMENT_3D ( 'NONE', #7496, #2511, #7569 ) ;
#11216 = CARTESIAN_POINT ( 'NONE',  ( -64.86995054667092120, -14.49999999999999467, 36.91673128532704595 ) ) ;
#11217 = LINE ( 'NONE', #396, #1097 ) ;
#11218 = EDGE_CURVE ( 'NONE', #3241, #551, #9729, .T. ) ;
#11219 = FACE_OUTER_BOUND ( 'NONE', #7643, .T. ) ;
#11220 = EDGE_CURVE ( 'NONE', #15, #4647, #844, .T. ) ;
#11221 = ORIENTED_EDGE ( 'NONE', *, *, #9890, .T. ) ;
#11222 = CARTESIAN_POINT ( 'NONE',  ( -47.49999999999999289, 30.00000000000000000, 25.00000000000000000 ) ) ;
#11223 = VECTOR ( 'NONE', #5641, 1000.000000000000000 ) ;
#11224 = CARTESIAN_POINT ( 'NONE',  ( 44.99999999999997158, -39.49999999999998579, 17.10000000000000142 ) ) ;
#11225 = ORIENTED_EDGE ( 'NONE', *, *, #6481, .T. ) ;
#11226 = CARTESIAN_POINT ( 'NONE',  ( 7.500000000000000000, 53.50000000000000000, 12.50000000000001066 ) ) ;
#11227 = CARTESIAN_POINT ( 'NONE',  ( -40.50000000000000000, -49.49999999999999289, 7.000000000000000888 ) ) ;
#11228 = VERTEX_POINT ( 'NONE', #8743 ) ;
#11229 = EDGE_CURVE ( 'NONE', #6588, #3734, #9982, .T. ) ;
#11230 = VECTOR ( 'NONE', #4573, 1000.000000000000000 ) ;
#11231 = CIRCLE ( 'NONE', #9987, 1.750000000000001554 ) ;
#11232 = ORIENTED_EDGE ( 'NONE', *, *, #9616, .F. ) ;
#11233 = CARTESIAN_POINT ( 'NONE',  ( 44.99999999999996447, 12.26068930298206894, 12.01475035840396544 ) ) ;
#11234 = PRODUCT_DEFINITION_CONTEXT ( 'detailed design', #2443, 'design' ) ;
#11235 = VERTEX_POINT ( 'NONE', #3170 ) ;
#11236 = ADVANCED_FACE ( 'NONE', ( #10055 ), #980, .T. ) ;
#11237 = DIRECTION ( 'NONE',  ( -0.8191520442889907994, -0.000000000000000000, 0.5735764363510478248 ) ) ;
#11238 = EDGE_CURVE ( 'NONE', #2565, #7555, #10830, .T. ) ;
#11239 = EDGE_CURVE ( 'NONE', #1040, #2248, #11972, .T. ) ;
#11240 = DIRECTION ( 'NONE',  ( -0.000000000000000000, -0.000000000000000000, 1.000000000000000000 ) ) ;
#11241 = CARTESIAN_POINT ( 'NONE',  ( 44.99999999999997868, -42.49999999999998579, 14.10000000000000142 ) ) ;
#11242 = ORIENTED_EDGE ( 'NONE', *, *, #3017, .T. ) ;
#11243 = AXIS2_PLACEMENT_3D ( 'NONE', #11898, #6237, #6046 ) ;
#11244 = LINE ( 'NONE', #6246, #5178 ) ;
#11245 = COLOUR_RGB ( '',0.7921568627450980005, 0.8196078431372548767, 0.9333333333333333481 ) ;
#11246 = DIRECTION ( 'NONE',  ( 0.000000000000000000, 1.000000000000000000, 0.000000000000000000 ) ) ;
#11247 = VERTEX_POINT ( 'NONE', #143 ) ;
#11248 = EDGE_CURVE ( 'NONE', #7875, #9112, #9926, .T. ) ;
#11249 = DIRECTION ( 'NONE',  ( -0.7071067811865531239, 8.659560562355001884E-17, 0.7071067811865420216 ) ) ;
#11250 = ORIENTED_EDGE ( 'NONE', *, *, #4737, .T. ) ;
#11251 = CARTESIAN_POINT ( 'NONE',  ( 47.50000000000000711, 53.74999999999999289, 0.4000000000000114575 ) ) ;
#11252 = VECTOR ( 'NONE', #9272, 1000.000000000000000 ) ;
#11253 = ORIENTED_EDGE ( 'NONE', *, *, #8147, .T. ) ;
#11254 = VECTOR ( 'NONE', #170, 1000.000000000000000 ) ;
#11255 = AXIS2_PLACEMENT_3D ( 'NONE', #11882, #3824, #1944 ) ;
#11256 = DIRECTION ( 'NONE',  ( -0.8191520442889907994, -0.000000000000000000, 0.5735764363510478248 ) ) ;
#11257 = DIRECTION ( 'NONE',  ( -0.000000000000000000, -0.000000000000000000, 1.000000000000000000 ) ) ;
#11258 = DIRECTION ( 'NONE',  ( 0.5735764363510474917, 0.000000000000000000, 0.8191520442889906883 ) ) ;
#11259 = DIRECTION ( 'NONE',  ( -0.8191520442889829168, 0.000000000000000000, 0.5735764363510588160 ) ) ;
#11260 = VERTEX_POINT ( 'NONE', #8882 ) ;
#11261 = VERTEX_POINT ( 'NONE', #2201 ) ;
#11262 = ADVANCED_FACE ( 'NONE', ( #6941 ), #1042, .F. ) ;
#11263 = CARTESIAN_POINT ( 'NONE',  ( -63.08328106123759227, 24.99999999999999289, 42.25787462264925409 ) ) ;
#11264 = EDGE_CURVE ( 'NONE', #10935, #12156, #4202, .T. ) ;
#11265 = VECTOR ( 'NONE', #10105, 1000.000000000000000 ) ;
#11266 = CIRCLE ( 'NONE', #493, 2.300000000000003375 ) ;
#11267 = ORIENTED_EDGE ( 'NONE', *, *, #7502, .T. ) ;
#11268 = EDGE_LOOP ( 'NONE', ( #128, #3483, #10363, #6534 ) ) ;
#11269 = PLANE ( 'NONE',  #6584 ) ;
#11270 = VERTEX_POINT ( 'NONE', #3945 ) ;
#11271 = LINE ( 'NONE', #2378, #12097 ) ;
#11272 = ORIENTED_EDGE ( 'NONE', *, *, #5468, .T. ) ;
#11273 = CYLINDRICAL_SURFACE ( 'NONE', #10046, 6.999999999999992006 ) ;
#11274 = DIRECTION ( 'NONE',  ( 1.000000000000000000, 0.000000000000000000, 0.000000000000000000 ) ) ;
#11275 = AXIS2_PLACEMENT_3D ( 'NONE', #9663, #1876, #2977 ) ;
#11276 = CIRCLE ( 'NONE', #7331, 6.500000000000002665 ) ;
#11278 = AXIS2_PLACEMENT_3D ( 'NONE', #7196, #10957, #3236 ) ;
#11277 = CARTESIAN_POINT ( 'NONE',  ( -43.50000000000002132, -53.50000000000000711, -142.1267040355189977 ) ) ;
#11279 = CARTESIAN_POINT ( 'NONE',  ( -66.38495681523366443, 21.49999999999998934, 41.02948656691329887 ) ) ;
#11280 = CARTESIAN_POINT ( 'NONE',  ( 27.50000000000000355, 12.49999999999999645, 2.500000000000000000 ) ) ;
#11281 = DIRECTION ( 'NONE',  ( 0.000000000000000000, 1.000000000000000000, 0.000000000000000000 ) ) ;
#11282 = DIRECTION ( 'NONE',  ( 1.000000000000000000, 0.000000000000000000, 0.000000000000000000 ) ) ;
#11283 = VERTEX_POINT ( 'NONE', #5051 ) ;
#11284 = VECTOR ( 'NONE', #5694, 1000.000000000000000 ) ;
#11285 = VECTOR ( 'NONE', #4358, 1000.000000000000227 ) ;
#11286 = DIRECTION ( 'NONE',  ( 0.1736481776669421828, 0.000000000000000000, -0.9848077530122060219 ) ) ;
#11287 = VERTEX_POINT ( 'NONE', #74 ) ;
#11288 = CARTESIAN_POINT ( 'NONE',  ( -40.50000000000002132, 49.49999999999997868, 12.50000000000000000 ) ) ;
#11289 = CARTESIAN_POINT ( 'NONE',  ( 44.99999999999997158, -45.49999999999999289, 17.10000000000000142 ) ) ;
#11290 = DIRECTION ( 'NONE',  ( 1.000000000000000000, 0.000000000000000000, 0.000000000000000000 ) ) ;
#11291 = EDGE_CURVE ( 'NONE', #7270, #10152, #1640, .T. ) ;
#11292 = AXIS2_PLACEMENT_3D ( 'NONE', #1225, #11082, #1353 ) ;
#11293 = AXIS2_PLACEMENT_3D ( 'NONE', #10043, #1166, #4137 ) ;
#11294 = FACE_OUTER_BOUND ( 'NONE', #9897, .T. ) ;
#11295 = CIRCLE ( 'NONE', #117, 1.500000000000001332 ) ;
#11296 = VECTOR ( 'NONE', #3650, 1000.000000000000227 ) ;
#11297 = CARTESIAN_POINT ( 'NONE',  ( -62.28885658309121709, -19.00000000000000000, 40.60291548462752331 ) ) ;
#11298 = ORIENTED_EDGE ( 'NONE', *, *, #2579, .T. ) ;
#11299 = EDGE_CURVE ( 'NONE', #9328, #7056, #204, .T. ) ;
#11300 = CARTESIAN_POINT ( 'NONE',  ( 32.69999999999999574, 62.50000000000001421, 19.00000000000000355 ) ) ;
#11301 = DIRECTION ( 'NONE',  ( -1.000000000000000000, 0.000000000000000000, 0.000000000000000000 ) ) ;
#11302 = VERTEX_POINT ( 'NONE', #2008 ) ;
#11303 = AXIS2_PLACEMENT_3D ( 'NONE', #2363, #2236, #9045 ) ;
#11304 = CONICAL_SURFACE ( 'NONE', #10259, 2.000000000000001776, 0.7853981633974473908 ) ;
#11305 = VERTEX_POINT ( 'NONE', #9131 ) ;
#11306 = DIRECTION ( 'NONE',  ( -0.000000000000000000, -0.000000000000000000, 1.000000000000000000 ) ) ;
#11307 = ORIENTED_EDGE ( 'NONE', *, *, #3452, .F. ) ;
#11308 = CARTESIAN_POINT ( 'NONE',  ( 26.17712434446776015, 55.00000000000000711, 12.50000000000000000 ) ) ;
#11309 = FACE_OUTER_BOUND ( 'NONE', #11730, .T. ) ;
#11310 = ORIENTED_EDGE ( 'NONE', *, *, #8745, .F. ) ;
#11311 = AXIS2_PLACEMENT_3D ( 'NONE', #5522, #7279, #11369 ) ;
#11312 = AXIS2_PLACEMENT_3D ( 'NONE', #6633, #3777, #5660 ) ;
#11313 = CYLINDRICAL_SURFACE ( 'NONE', #684, 1.500000000000000000 ) ;
#11314 = CARTESIAN_POINT ( 'NONE',  ( -45.00000000000002842, -24.99999999999999645, 21.78286753993243607 ) ) ;
#11315 = VERTEX_POINT ( 'NONE', #8100 ) ;
#11316 = ADVANCED_FACE ( 'NONE', ( #5966 ), #4081, .F. ) ;
#11317 = EDGE_CURVE ( 'NONE', #1407, #8118, #5559, .T. ) ;
#11318 = FACE_OUTER_BOUND ( 'NONE', #2475, .T. ) ;
#11319 = ORIENTED_EDGE ( 'NONE', *, *, #9803, .F. ) ;
#11320 = DIRECTION ( 'NONE',  ( 0.000000000000000000, 1.000000000000000000, 0.000000000000000000 ) ) ;
#11321 = VECTOR ( 'NONE', #4147, 1000.000000000000000 ) ;
#11322 = ORIENTED_EDGE ( 'NONE', *, *, #2600, .F. ) ;
#11323 = DIRECTION ( 'NONE',  ( 1.000000000000000000, 2.973811673103103088E-16, -0.000000000000000000 ) ) ;
#11324 = CARTESIAN_POINT ( 'NONE',  ( -40.50000000000002132, 40.99999999999998579, 2.500000000000000000 ) ) ;
#11325 = CARTESIAN_POINT ( 'NONE',  ( 29.99999999999998579, -62.50000000000001421, 45.15564437074637993 ) ) ;
#11326 = CARTESIAN_POINT ( 'NONE',  ( -34.99999999999999289, 62.50000000000001421, 25.00000000000000000 ) ) ;
#11327 = ORIENTED_EDGE ( 'NONE', *, *, #2103, .F. ) ;
#11328 = DIRECTION ( 'NONE',  ( 0.000000000000000000, 0.000000000000000000, 1.000000000000000000 ) ) ;
#11329 = VERTEX_POINT ( 'NONE', #12012 ) ;
#11330 = ADVANCED_FACE ( 'NONE', ( #3047, #7007, #2070 ), #6029, .F. ) ;
#11331 = EDGE_CURVE ( 'NONE', #41, #9622, #2129, .T. ) ;
#11332 = ORIENTED_EDGE ( 'NONE', *, *, #10107, .F. ) ;
#11333 = FACE_OUTER_BOUND ( 'NONE', #841, .T. ) ;
#11334 = ORIENTED_EDGE ( 'NONE', *, *, #75, .T. ) ;
#11335 = FACE_OUTER_BOUND ( 'NONE', #7945, .T. ) ;
#11336 = EDGE_LOOP ( 'NONE', ( #8081, #5955, #2245, #3087 ) ) ;
#11337 = DIRECTION ( 'NONE',  ( -0.8191520442889905773, -0.000000000000000000, 0.5735764363510477137 ) ) ;
#11338 = CARTESIAN_POINT ( 'NONE',  ( 37.29999999999998295, 62.50000000000001421, 25.00000000000000000 ) ) ;
#11339 = EDGE_CURVE ( 'NONE', #5313, #4459, #2457, .T. ) ;
#11340 = CARTESIAN_POINT ( 'NONE',  ( 4.499999999999992006, 14.54701313970656962, 4.000000000000000000 ) ) ;
#11341 = FACE_OUTER_BOUND ( 'NONE', #3223, .T. ) ;
#11342 = LINE ( 'NONE', #3295, #266 ) ;
#11343 = CARTESIAN_POINT ( 'NONE',  ( -32.00000000000000000, -53.50000000000000711, 4.000000000000000000 ) ) ;
#11344 = AXIS2_PLACEMENT_3D ( 'NONE', #5032, #8992, #10812 ) ;
#11345 = VECTOR ( 'NONE', #1195, 999.9999999999998863 ) ;
#11346 = FACE_OUTER_BOUND ( 'NONE', #11389, .T. ) ;
#11347 = ORIENTED_EDGE ( 'NONE', *, *, #6951, .F. ) ;
#11348 = DIRECTION ( 'NONE',  ( 1.000000000000000000, 0.000000000000000000, 0.000000000000000000 ) ) ;
#11349 = ORIENTED_EDGE ( 'NONE', *, *, #8147, .F. ) ;
#11350 = DIRECTION ( 'NONE',  ( 1.000000000000000000, 0.000000000000000000, 0.000000000000000000 ) ) ;
#11351 = CARTESIAN_POINT ( 'NONE',  ( 0.9504814091701087042, 24.97058823529412663, 12.00000000000000000 ) ) ;
#11352 = DIRECTION ( 'NONE',  ( -0.000000000000000000, -0.000000000000000000, 1.000000000000000000 ) ) ;
#11353 = VECTOR ( 'NONE', #8714, 1000.000000000000000 ) ;
#11354 = CIRCLE ( 'NONE', #11557, 1.500000000000000000 ) ;
#11355 = CARTESIAN_POINT ( 'NONE',  ( -38.19999999999999574, -49.49999999999999289, 12.00000000000003197 ) ) ;
#11356 = CARTESIAN_POINT ( 'NONE',  ( 9.794117647058817155, 16.41830416565796469, 12.50000000000000000 ) ) ;
#11357 = EDGE_CURVE ( 'NONE', #7810, #1722, #7320, .T. ) ;
#11358 = CARTESIAN_POINT ( 'NONE',  ( 34.99999999999999289, -62.50000000000001421, 25.00000000000000000 ) ) ;
#11359 = ORIENTED_EDGE ( 'NONE', *, *, #10190, .T. ) ;
#11360 = B_SPLINE_CURVE_WITH_KNOTS ( 'NONE', 3,
 ( #1673, #1799, #2700, #11471, #4580, #8726, #6540, #1612 ),
 .UNSPECIFIED., .F., .F.,
 ( 4, 2, 2, 4 ),
 ( 0.000000000000000000, 0.0007138967942130752939, 0.001070845191319607249, 0.001427793588426139095 ),
 .UNSPECIFIED. ) ;
#11361 = VECTOR ( 'NONE', #12663, 1000.000000000000000 ) ;
#11362 = LINE ( 'NONE', #2603, #8778 ) ;
#11363 = DIRECTION ( 'NONE',  ( -1.000000000000000000, -4.625929269271481378E-15, 0.000000000000000000 ) ) ;
#11364 = EDGE_LOOP ( 'NONE', ( #11555, #10608, #9471, #10623 ) ) ;
#11365 = EDGE_CURVE ( 'NONE', #9927, #8333, #1627, .T. ) ;
#11366 = ORIENTED_EDGE ( 'NONE', *, *, #10969, .T. ) ;
#11367 = CARTESIAN_POINT ( 'NONE',  ( -32.69999999999999574, -62.50000000000001421, 24.55000000000000071 ) ) ;
#11368 = ORIENTED_EDGE ( 'NONE', *, *, #8860, .F. ) ;
#11369 = DIRECTION ( 'NONE',  ( 0.000000000000000000, -0.000000000000000000, 1.000000000000000000 ) ) ;
#11370 =( GEOMETRIC_REPRESENTATION_CONTEXT ( 3 ) GLOBAL_UNCERTAINTY_ASSIGNED_CONTEXT ( ( #5257 ) ) GLOBAL_UNIT_ASSIGNED_CONTEXT ( ( #8543, #11543, #638 ) ) REPRESENTATION_CONTEXT ( 'NONE', 'WORKASPACE' ) );
#11371 = CARTESIAN_POINT ( 'NONE',  ( 4.499999999999998224, 53.50000000000000000, 12.00000000000000000 ) ) ;
#11372 = VECTOR ( 'NONE', #1105, 1000.000000000000000 ) ;
#11373 = SPHERICAL_SURFACE ( 'NONE', #4087, 1.500000000000000000 ) ;
#11374 = ORIENTED_EDGE ( 'NONE', *, *, #5174, .T. ) ;
#11375 = DIRECTION ( 'NONE',  ( 0.000000000000000000, -1.000000000000000000, 0.000000000000000000 ) ) ;
#11376 = DIRECTION ( 'NONE',  ( -0.000000000000000000, -0.000000000000000000, 1.000000000000000000 ) ) ;
#11377 = ORIENTED_EDGE ( 'NONE', *, *, #8082, .T. ) ;
#11378 = EDGE_CURVE ( 'NONE', #6300, #3512, #3690, .T. ) ;
#11379 = VECTOR ( 'NONE', #1555, 1000.000000000000000 ) ;
#11380 = DIRECTION ( 'NONE',  ( 0.000000000000000000, -0.000000000000000000, 1.000000000000000000 ) ) ;
#11381 = ORIENTED_EDGE ( 'NONE', *, *, #4028, .F. ) ;
#11382 = DIRECTION ( 'NONE',  ( 0.000000000000000000, 0.000000000000000000, -1.000000000000000000 ) ) ;
#11383 = ORIENTED_EDGE ( 'NONE', *, *, #54, .F. ) ;
#11384 = LINE ( 'NONE', #1649, #11930 ) ;
#11385 = DIRECTION ( 'NONE',  ( 0.5735764363510448272, 0.000000000000000000, 0.8191520442889926867 ) ) ;
#11386 = EDGE_CURVE ( 'NONE', #2879, #1364, #6186, .T. ) ;
#11387 = DIRECTION ( 'NONE',  ( -0.000000000000000000, -0.000000000000000000, 1.000000000000000000 ) ) ;
#11388 = LINE ( 'NONE', #12300, #10477 ) ;
#11389 = EDGE_LOOP ( 'NONE', ( #11019, #8925, #8591, #10925 ) ) ;
#11390 = EDGE_CURVE ( 'NONE', #10040, #3905, #12819, .T. ) ;
#11391 = CARTESIAN_POINT ( 'NONE',  ( -3.000000000000000000, -3.000000000000009770, 2.500000000000000000 ) ) ;
#11392 = VERTEX_POINT ( 'NONE', #10307 ) ;
#11393 = DIRECTION ( 'NONE',  ( -1.000000000000000000, 0.000000000000000000, 0.000000000000000000 ) ) ;
#11394 = ORIENTED_EDGE ( 'NONE', *, *, #3383, .T. ) ;
#11395 = DIRECTION ( 'NONE',  ( -0.000000000000000000, -0.000000000000000000, 1.000000000000000000 ) ) ;
#11396 = ORIENTED_EDGE ( 'NONE', *, *, #11953, .T. ) ;
#11397 = CARTESIAN_POINT ( 'NONE',  ( 43.74999999999999289, 61.25000000000001421, 45.15564437074637993 ) ) ;
#11399 = EDGE_CURVE ( 'NONE', #6913, #3542, #11155, .T. ) ;
#11398 = EDGE_LOOP ( 'NONE', ( #499, #51, #5184, #12378 ) ) ;
#11400 = PLANE ( 'NONE',  #4648 ) ;
#11401 = DIRECTION ( 'NONE',  ( -1.000000000000000000, -0.000000000000000000, -0.000000000000000000 ) ) ;
#11402 = DIRECTION ( 'NONE',  ( -1.000000000000000000, 0.000000000000000000, 0.000000000000000000 ) ) ;
#11403 = DIRECTION ( 'NONE',  ( 0.000000000000000000, 0.000000000000000000, -1.000000000000000000 ) ) ;
#11404 = EDGE_CURVE ( 'NONE', #6148, #8118, #1432, .T. ) ;
#11405 = EDGE_CURVE ( 'NONE', #10170, #11995, #8477, .T. ) ;
#11406 = CARTESIAN_POINT ( 'NONE',  ( -10.49999999999999822, 53.50000000000000000, 12.50000000000000000 ) ) ;
#11407 = VERTEX_POINT ( 'NONE', #6221 ) ;
#11408 = ORIENTED_EDGE ( 'NONE', *, *, #5168, .T. ) ;
#11409 = DIRECTION ( 'NONE',  ( -0.8191520442889906883, -0.000000000000000000, 0.5735764363510477137 ) ) ;
#11410 = ORIENTED_EDGE ( 'NONE', *, *, #6008, .T. ) ;
#11411 = EDGE_CURVE ( 'NONE', #3840, #1660, #5978, .T. ) ;
#11412 = FACE_OUTER_BOUND ( 'NONE', #1142, .T. ) ;
#11413 = DIRECTION ( 'NONE',  ( -0.8191520442889907994, -1.136801825298004503E-16, 0.5735764363510477137 ) ) ;
#11414 = DIRECTION ( 'NONE',  ( 2.813065096178606086E-16, 1.000000000000000000, -0.000000000000000000 ) ) ;
#11415 = AXIS2_PLACEMENT_3D ( 'NONE', #8229, #9322, #12321 ) ;
#11416 = DIRECTION ( 'NONE',  ( 1.000000000000000000, 1.541976423090495387E-16, 0.000000000000000000 ) ) ;
#11417 = DIRECTION ( 'NONE',  ( 0.2495670992423103252, -0.6616012870118807010, -0.7071067811865487940 ) ) ;
#11418 = CARTESIAN_POINT ( 'NONE',  ( 43.49999999999997868, 55.00000000000000711, 2.500000000000000000 ) ) ;
#11419 = EDGE_CURVE ( 'NONE', #9692, #6197, #9292, .T. ) ;
#11420 = ORIENTED_EDGE ( 'NONE', *, *, #10842, .T. ) ;
#11421 = CARTESIAN_POINT ( 'NONE',  ( -27.99999999999997513, -53.50000000000000711, -142.1267040355189977 ) ) ;
#11422 = DIRECTION ( 'NONE',  ( 1.000000000000000000, 0.000000000000000000, 0.000000000000000000 ) ) ;
#11423 = ORIENTED_EDGE ( 'NONE', *, *, #9327, .F. ) ;
#11424 = ORIENTED_EDGE ( 'NONE', *, *, #310, .T. ) ;
#11425 = CARTESIAN_POINT ( 'NONE',  ( 30.39999999999999503, 62.50000000000001421, 0.000000000000000000 ) ) ;
#11426 = ORIENTED_EDGE ( 'NONE', *, *, #11105, .F. ) ;
#11427 = TOROIDAL_SURFACE ( 'NONE', #1484, 4.499999999999992006, 1.500000000000000000 ) ;
#11428 = CARTESIAN_POINT ( 'NONE',  ( -48.27727649737935423, -21.50000000000000000, 60.09049161665797811 ) ) ;
#11429 = DIRECTION ( 'NONE',  ( 0.000000000000000000, 0.000000000000000000, 1.000000000000000000 ) ) ;
#11430 = CARTESIAN_POINT ( 'NONE',  ( 34.99999999999999289, 62.50000000000001421, 19.00000000000000355 ) ) ;
#11431 = ORIENTED_EDGE ( 'NONE', *, *, #5203, .F. ) ;
#11432 = CARTESIAN_POINT ( 'NONE',  ( -7.999999999999998224, 25.50000000000000355, 12.00000000000000000 ) ) ;
#11433 = DIRECTION ( 'NONE',  ( 1.000000000000000000, 0.000000000000000000, 0.000000000000000000 ) ) ;
#11434 = VECTOR ( 'NONE', #3367, 1000.000000000000000 ) ;
#11435 = SPHERICAL_SURFACE ( 'NONE', #2462, 1.500000000000000000 ) ;
#11436 = VERTEX_POINT ( 'NONE', #5235 ) ;
#11437 = CARTESIAN_POINT ( 'NONE',  ( 38.74999999999998579, -49.49999999999998579, 7.000000000000000888 ) ) ;
#11438 = ORIENTED_EDGE ( 'NONE', *, *, #11129, .T. ) ;
#11439 = CARTESIAN_POINT ( 'NONE',  ( -29.99999999999998579, -62.50000000000001421, 45.15564437074637993 ) ) ;
#11440 = DIRECTION ( 'NONE',  ( -0.8191520442889905773, -0.000000000000000000, 0.5735764363510477137 ) ) ;
#11441 = AXIS2_PLACEMENT_3D ( 'NONE', #5834, #11558, #6748 ) ;
#11442 = CARTESIAN_POINT ( 'NONE',  ( -45.00000000000003553, 54.99999999999999289, 12.50000000000000000 ) ) ;
#11443 = CIRCLE ( 'NONE', #66, 1.499999999999999556 ) ;
#11444 = CARTESIAN_POINT ( 'NONE',  ( -27.41219476278339684, -55.00000000000000711, 12.10797579635455179 ) ) ;
#11445 = AXIS2_PLACEMENT_3D ( 'NONE', #10, #2194, #65 ) ;
#11446 = ORIENTED_EDGE ( 'NONE', *, *, #3160, .F. ) ;
#11447 = EDGE_CURVE ( 'NONE', #7051, #4842, #12614, .T. ) ;
#11448 = DIRECTION ( 'NONE',  ( 1.000000000000000000, 0.000000000000000000, 0.000000000000000000 ) ) ;
#11449 = ORIENTED_EDGE ( 'NONE', *, *, #2447, .F. ) ;
#11450 = CARTESIAN_POINT ( 'NONE',  ( -65.11586616530635752, -25.00000000000000355, 35.86814866649763900 ) ) ;
#11451 = EDGE_CURVE ( 'NONE', #4221, #6829, #12328, .T. ) ;
#11452 = ORIENTED_EDGE ( 'NONE', *, *, #8948, .T. ) ;
#11453 = CIRCLE ( 'NONE', #12285, 1.999999999999988010 ) ;
#11454 = CARTESIAN_POINT ( 'NONE',  ( -26.24999999999998934, 61.25000000000001421, 0.4000000000000114575 ) ) ;
#11455 = VECTOR ( 'NONE', #2429, 1000.000000000000000 ) ;
#11456 = CONICAL_SURFACE ( 'NONE', #2754, 1.799999999999994049, 0.7853981633973969867 ) ;
#11457 = ORIENTED_EDGE ( 'NONE', *, *, #12477, .T. ) ;
#11458 = ORIENTED_EDGE ( 'NONE', *, *, #11563, .T. ) ;
#11459 = CARTESIAN_POINT ( 'NONE',  ( -32.00000000000002132, 53.49999999999999289, 12.50000000000001066 ) ) ;
#11460 = DIRECTION ( 'NONE',  ( 0.000000000000000000, 0.000000000000000000, -1.000000000000000000 ) ) ;
#11461 = DIRECTION ( 'NONE',  ( 0.8191520442889911324, 0.000000000000000000, -0.5735764363510471586 ) ) ;
#11462 = LINE ( 'NONE', #9261, #3423 ) ;
#11463 = ORIENTED_EDGE ( 'NONE', *, *, #12732, .F. ) ;
#11464 = AXIS2_PLACEMENT_3D ( 'NONE', #3663, #7622, #12440 ) ;
#11465 = CONICAL_SURFACE ( 'NONE', #5868, 2.000000000000000000, 0.7853981633974479459 ) ;
#11466 = VECTOR ( 'NONE', #3873, 1000.000000000000000 ) ;
#11467 = FACE_OUTER_BOUND ( 'NONE', #514, .T. ) ;
#11468 = ORIENTED_EDGE ( 'NONE', *, *, #5507, .F. ) ;
#11469 = ORIENTED_EDGE ( 'NONE', *, *, #3519, .T. ) ;
#11470 = EDGE_CURVE ( 'NONE', #8087, #6238, #392, .T. ) ;
#11471 = CARTESIAN_POINT ( 'NONE',  ( 26.91219476278342171, 55.00000000000000000, 12.10797579635457133 ) ) ;
#11472 = EDGE_CURVE ( 'NONE', #11704, #3403, #2463, .T. ) ;
#11473 = ORIENTED_EDGE ( 'NONE', *, *, #7439, .F. ) ;
#11474 = EDGE_CURVE ( 'NONE', #8716, #6893, #3357, .T. ) ;
#11475 = DIRECTION ( 'NONE',  ( -1.000000000000000000, 0.000000000000000000, 0.000000000000000000 ) ) ;
#11476 = AXIS2_PLACEMENT_3D ( 'NONE', #10128, #2332, #8181 ) ;
#11477 = CARTESIAN_POINT ( 'NONE',  ( -32.91719416079874350, -55.00000000000000000, 12.24680279941678940 ) ) ;
#11478 = ADVANCED_FACE ( 'NONE', ( #3426 ), #9326, .F. ) ;
#11479 = CIRCLE ( 'NONE', #5880, 2.999999999999999112 ) ;
#11480 = AXIS2_PLACEMENT_3D ( 'NONE', #3751, #8561, #12721 ) ;
#11481 = CARTESIAN_POINT ( 'NONE',  ( 0.000000000000000000, 0.000000000000000000, 2.500000000000000000 ) ) ;
#11482 = DIRECTION ( 'NONE',  ( 0.7071067811865474617, 0.000000000000000000, -0.7071067811865474617 ) ) ;
#11483 = CIRCLE ( 'NONE', #4433, 1.500000000000001332 ) ;
#11484 = LINE ( 'NONE', #9333, #6726 ) ;
#11485 = CARTESIAN_POINT ( 'NONE',  ( 43.49999999999997868, -40.99999999999998579, 12.50000000000000000 ) ) ;
#11486 = ADVANCED_FACE ( 'NONE', ( #7446 ), #6413, .F. ) ;
#11487 = CONICAL_SURFACE ( 'NONE', #2355, 1.700000000000000178, 1.029744258676653645 ) ;
#11488 = CIRCLE ( 'NONE', #3809, 1.700000000000000178 ) ;
#11489 = AXIS2_PLACEMENT_3D ( 'NONE', #6937, #2005, #1039 ) ;
#11490 = DIRECTION ( 'NONE',  ( -0.8191520442889907994, -0.000000000000000000, 0.5735764363510478248 ) ) ;
#11491 = EDGE_LOOP ( 'NONE', ( #2536, #9386, #8682, #8202 ) ) ;
#11492 = DIRECTION ( 'NONE',  ( 0.000000000000000000, 0.000000000000000000, 1.000000000000000000 ) ) ;
#11493 = FACE_OUTER_BOUND ( 'NONE', #10093, .T. ) ;
#11494 = ORIENTED_EDGE ( 'NONE', *, *, #4089, .F. ) ;
#11495 = ADVANCED_FACE ( 'NONE', ( #4461 ), #7001, .F. ) ;
#11496 = CIRCLE ( 'NONE', #5266, 2.999999999999999112 ) ;
#11497 = ORIENTED_EDGE ( 'NONE', *, *, #424, .F. ) ;
#11498 = DIRECTION ( 'NONE',  ( 1.000000000000000000, 0.000000000000000000, 0.000000000000000000 ) ) ;
#11499 = AXIS2_PLACEMENT_3D ( 'NONE', #6734, #2063, #5037 ) ;
#11500 = CIRCLE ( 'NONE', #7550, 2.999999999999999112 ) ;
#11501 = VERTEX_POINT ( 'NONE', #2646 ) ;
#11502 = AXIS2_PLACEMENT_3D ( 'NONE', #6128, #5143, #7166 ) ;
#11503 = DIRECTION ( 'NONE',  ( 0.5735764363510448272, 0.000000000000000000, 0.8191520442889926867 ) ) ;
#11504 = CARTESIAN_POINT ( 'NONE',  ( 0.000000000000000000, -3.000000000000009770, 4.000000000000000000 ) ) ;
#11505 = ADVANCED_FACE ( 'NONE', ( #3540 ), #5690, .T. ) ;
#11506 = CARTESIAN_POINT ( 'NONE',  ( -43.75000000000000000, 53.74999999999999289, 0.000000000000000000 ) ) ;
#11507 = ORIENTED_EDGE ( 'NONE', *, *, #6250, .T. ) ;
#11508 = CARTESIAN_POINT ( 'NONE',  ( 44.99999999999997868, 7.822875655532281591, 12.50000000000000000 ) ) ;
#11509 = AXIS2_PLACEMENT_3D ( 'NONE', #4380, #9189, #5104 ) ;
#11510 = FACE_OUTER_BOUND ( 'NONE', #4887, .T. ) ;
#11511 = VECTOR ( 'NONE', #6139, 1000.000000000000000 ) ;
#11512 = AXIS2_PLACEMENT_3D ( 'NONE', #4344, #5128, #213 ) ;
#11513 = DIRECTION ( 'NONE',  ( 0.000000000000000000, 1.000000000000000000, 0.000000000000000000 ) ) ;
#11514 = EDGE_LOOP ( 'NONE', ( #5098, #5731, #7959, #9789, #12503, #10855, #10846, #8085, #6644, #5046, #6195, #1995 ) ) ;
#11515 = ORIENTED_EDGE ( 'NONE', *, *, #2833, .T. ) ;
#11516 = LINE ( 'NONE', #7476, #4874 ) ;
#11517 = CARTESIAN_POINT ( 'NONE',  ( 0.000000000000000000, 0.000000000000000000, 2.500000000000000000 ) ) ;
#11518 = VECTOR ( 'NONE', #2556, 1000.000000000000000 ) ;
#11519 = FACE_OUTER_BOUND ( 'NONE', #9341, .T. ) ;
#11520 = CARTESIAN_POINT ( 'NONE',  ( 25.99999999999999289, 53.50000000000000711, 4.000000000000000000 ) ) ;
#11521 = ORIENTED_EDGE ( 'NONE', *, *, #1324, .F. ) ;
#11522 = FACE_OUTER_BOUND ( 'NONE', #6792, .T. ) ;
#11523 = ADVANCED_FACE ( 'NONE', ( #7501 ), #3673, .F. ) ;
#11524 = VERTEX_POINT ( 'NONE', #7575 ) ;
#11525 = CARTESIAN_POINT ( 'NONE',  ( -42.80000000000003268, 49.49999999999997868, 11.99999999999998934 ) ) ;
#11526 = ORIENTED_EDGE ( 'NONE', *, *, #1579, .F. ) ;
#11527 = CIRCLE ( 'NONE', #6746, 0.9999999999999942268 ) ;
#11528 = CARTESIAN_POINT ( 'NONE',  ( 3.000000000000007994, -53.50000000000000000, 12.50000000000000000 ) ) ;
#11529 = ORIENTED_EDGE ( 'NONE', *, *, #4708, .T. ) ;
#11530 = EDGE_CURVE ( 'NONE', #1249, #4824, #8431, .T. ) ;
#11531 = ORIENTED_EDGE ( 'NONE', *, *, #6591, .T. ) ;
#11532 = FACE_OUTER_BOUND ( 'NONE', #9070, .T. ) ;
#11533 = CARTESIAN_POINT ( 'NONE',  ( -60.54591933354954847, 19.39999999999997726, 42.39470912518856949 ) ) ;
#11534 = DIRECTION ( 'NONE',  ( 0.5735764363510474917, 0.000000000000000000, 0.8191520442889907994 ) ) ;
#11535 = CARTESIAN_POINT ( 'NONE',  ( 4.499999999999992006, 29.71110255092798269, 12.50000000000000000 ) ) ;
#11536 = EDGE_CURVE ( 'NONE', #4402, #5353, #11360, .T. ) ;
#11537 = ORIENTED_EDGE ( 'NONE', *, *, #8949, .T. ) ;
#11538 = CARTESIAN_POINT ( 'NONE',  ( -43.50000000000002132, 40.99999999999999289, 12.50000000000000000 ) ) ;
#11539 = ORIENTED_EDGE ( 'NONE', *, *, #12755, .T. ) ;
#11540 = ORIENTED_EDGE ( 'NONE', *, *, #5841, .F. ) ;
#11541 = LINE ( 'NONE', #9710, #8025 ) ;
#11542 = ORIENTED_EDGE ( 'NONE', *, *, #3651, .F. ) ;
#11543 =( NAMED_UNIT ( * ) PLANE_ANGLE_UNIT ( ) SI_UNIT ( $, .RADIAN. ) );
#11544 = CARTESIAN_POINT ( 'NONE',  ( -43.50000000000002132, -41.00000000000000711, 12.00000000000001066 ) ) ;
#11545 = FACE_OUTER_BOUND ( 'NONE', #3919, .T. ) ;
#11546 = CYLINDRICAL_SURFACE ( 'NONE', #9368, 1.750000000000001554 ) ;
#11547 = CARTESIAN_POINT ( 'NONE',  ( -68.13192738797783932, 30.00000000000000000, 33.13192738797808801 ) ) ;
#11548 = DIRECTION ( 'NONE',  ( 2.502005013428087819E-17, 1.000000000000000000, -0.000000000000000000 ) ) ;
#11549 = CIRCLE ( 'NONE', #3255, 1.500000000000000000 ) ;
#11550 = ADVANCED_FACE ( 'NONE', ( #10622 ), #12637, .F. ) ;
#11551 = CARTESIAN_POINT ( 'NONE',  ( -52.44704941190320113, 21.50000000000000000, 60.93488124313576293 ) ) ;
#11552 = EDGE_LOOP ( 'NONE', ( #348, #6282, #5667, #7620 ) ) ;
#11553 = CARTESIAN_POINT ( 'NONE',  ( -32.69999999999999574, -62.50000000000001421, 19.00000000000000355 ) ) ;
#11554 = CARTESIAN_POINT ( 'NONE',  ( 8.999999999999994671, 10.99999999999999467, 2.500000000000000000 ) ) ;
#11555 = ORIENTED_EDGE ( 'NONE', *, *, #6867, .F. ) ;
#11556 = AXIS2_PLACEMENT_3D ( 'NONE', #8801, #9647, #6655 ) ;
#11557 = AXIS2_PLACEMENT_3D ( 'NONE', #11742, #4716, #1804 ) ;
#11558 = DIRECTION ( 'NONE',  ( 1.000000000000000000, 1.541976423090495387E-16, 0.000000000000000000 ) ) ;
#11559 = EDGE_LOOP ( 'NONE', ( #184, #1783, #5358, #3566 ) ) ;
#11560 = EDGE_CURVE ( 'NONE', #8478, #12358, #828, .T. ) ;
#11561 = CARTESIAN_POINT ( 'NONE',  ( 0.000000000000000000, 0.000000000000000000, 2.500000000000000000 ) ) ;
#11562 = EDGE_CURVE ( 'NONE', #9251, #4200, #11541, .T. ) ;
#11563 = EDGE_CURVE ( 'NONE', #8365, #12228, #2846, .T. ) ;
#11564 = DIRECTION ( 'NONE',  ( 1.000000000000000000, -0.000000000000000000, 0.000000000000000000 ) ) ;
#11565 = LINE ( 'NONE', #1637, #10515 ) ;
#11566 = EDGE_CURVE ( 'NONE', #7258, #5832, #4650, .T. ) ;
#11567 = ORIENTED_EDGE ( 'NONE', *, *, #7892, .F. ) ;
#11568 = ADVANCED_FACE ( 'NONE', ( #9580 ), #5750, .F. ) ;
#11569 = CONICAL_SURFACE ( 'NONE', #2451, 2.000000000000000000, 0.7853981633974479459 ) ;
#11570 = AXIS2_PLACEMENT_3D ( 'NONE', #9470, #12402, #594 ) ;
#11571 = CARTESIAN_POINT ( 'NONE',  ( -43.50000000000000711, 32.49999999999998579, -7.896078054371140631 ) ) ;
#11572 = DIRECTION ( 'NONE',  ( -1.000000000000000000, 0.000000000000000000, 0.000000000000000000 ) ) ;
#11573 = PLANE ( 'NONE',  #2040 ) ;
#11574 = EDGE_LOOP ( 'NONE', ( #11774, #5545, #3114, #8559 ) ) ;
#11575 = VECTOR ( 'NONE', #8761, 1000.000000000000000 ) ;
#11576 = ORIENTED_EDGE ( 'NONE', *, *, #1398, .F. ) ;
#11577 = AXIS2_PLACEMENT_3D ( 'NONE', #1429, #1553, #8352 ) ;
#11578 = DIRECTION ( 'NONE',  ( 0.000000000000000000, 0.000000000000000000, -1.000000000000000000 ) ) ;
#11579 = FACE_OUTER_BOUND ( 'NONE', #10145, .T. ) ;
#11580 = DIRECTION ( 'NONE',  ( -1.000000000000000000, 0.000000000000000000, 0.000000000000000000 ) ) ;
#11581 = FACE_OUTER_BOUND ( 'NONE', #12071, .T. ) ;
#11582 = ORIENTED_EDGE ( 'NONE', *, *, #2520, .F. ) ;
#11583 = FACE_OUTER_BOUND ( 'NONE', #483, .T. ) ;
#11584 = CIRCLE ( 'NONE', #5986, 2.299999999999999822 ) ;
#11585 = CARTESIAN_POINT ( 'NONE',  ( -30.39999999999999503, 61.25000000000001421, 0.000000000000000000 ) ) ;
#11587 = EDGE_CURVE ( 'NONE', #5721, #12050, #8666, .T. ) ;
#11586 = ORIENTED_EDGE ( 'NONE', *, *, #9872, .T. ) ;
#11588 = ORIENTED_EDGE ( 'NONE', *, *, #2703, .T. ) ;
#11589 = DIRECTION ( 'NONE',  ( 0.000000000000000000, 0.000000000000000000, -1.000000000000000000 ) ) ;
#11590 = B_SPLINE_CURVE_WITH_KNOTS ( 'NONE', 3,
 ( #5003, #9944, #4885, #4751, #3775, #11778, #5856, #1901 ),
 .UNSPECIFIED., .F., .F.,
 ( 4, 2, 2, 4 ),
 ( 0.000000000000000000, 0.0007138967942130907979, 0.001070845191319636305, 0.001427793588426181596 ),
 .UNSPECIFIED. ) ;
#11591 = ORIENTED_EDGE ( 'NONE', *, *, #11004, .F. ) ;
#11592 = VERTEX_POINT ( 'NONE', #9521 ) ;
#11593 = CARTESIAN_POINT ( 'NONE',  ( 43.49999999999997868, -40.99999999999998579, 2.500000000000000000 ) ) ;
#11594 = DIRECTION ( 'NONE',  ( -0.8191520442889907994, -0.000000000000000000, 0.5735764363510478248 ) ) ;
#11595 = ADVANCED_FACE ( 'NONE', ( #7689 ), #1197, .F. ) ;
#11596 = DIRECTION ( 'NONE',  ( -1.000000000000000000, -5.737455619489484277E-16, 0.000000000000000000 ) ) ;
#11597 = FACE_OUTER_BOUND ( 'NONE', #4071, .T. ) ;
#11598 = EDGE_LOOP ( 'NONE', ( #2868, #9003, #9520, #11874 ) ) ;
#11599 = CARTESIAN_POINT ( 'NONE',  ( 43.74999999999999289, 57.50000000000000711, 25.00000000000000000 ) ) ;
#11600 = VERTEX_POINT ( 'NONE', #12510 ) ;
#11601 = EDGE_LOOP ( 'NONE', ( #7211, #9311, #8840, #3298 ) ) ;
#11602 = DIRECTION ( 'NONE',  ( 1.000000000000000000, 0.000000000000000000, 0.000000000000000000 ) ) ;
#11603 = ORIENTED_EDGE ( 'NONE', *, *, #12670, .F. ) ;
#11604 = DIRECTION ( 'NONE',  ( -1.000000000000000000, 0.000000000000000000, 0.000000000000000000 ) ) ;
#11605 = DIRECTION ( 'NONE',  ( -1.000000000000000000, 0.000000000000000000, 0.000000000000000000 ) ) ;
#11606 = CARTESIAN_POINT ( 'NONE',  ( 21.49999999999999289, 10.49999999999999467, 12.50000000000000000 ) ) ;
#11607 = DIRECTION ( 'NONE',  ( 0.000000000000000000, 8.612135040136397117E-17, -1.000000000000000000 ) ) ;
#11608 = CARTESIAN_POINT ( 'NONE',  ( -47.49999999999999289, 30.00000000000000000, 10.94669914110090048 ) ) ;
#11609 = DIRECTION ( 'NONE',  ( -1.000000000000000000, 0.000000000000000000, 0.000000000000000000 ) ) ;
#11610 = EDGE_CURVE ( 'NONE', #6684, #5617, #1862, .T. ) ;
#11611 = CARTESIAN_POINT ( 'NONE',  ( 47.50000000000000711, 53.74999999999999289, 0.4000000000000114575 ) ) ;
#11612 = EDGE_LOOP ( 'NONE', ( #5852, #11858, #141, #3341 ) ) ;
#11613 = CARTESIAN_POINT ( 'NONE',  ( -37.70000000000000995, 49.49999999999997868, 12.50000000000000000 ) ) ;
#11614 = ORIENTED_EDGE ( 'NONE', *, *, #4152, .T. ) ;
#11615 = DIRECTION ( 'NONE',  ( 0.7071067811865457964, 1.731719623548276565E-16, 0.7071067811865492381 ) ) ;
#11616 = VERTEX_POINT ( 'NONE', #3611 ) ;
#11617 = EDGE_CURVE ( 'NONE', #12007, #9408, #2769, .T. ) ;
#11618 = LINE ( 'NONE', #9667, #2945 ) ;
#11619 = EDGE_CURVE ( 'NONE', #3246, #6588, #10695, .T. ) ;
#11620 = EDGE_LOOP ( 'NONE', ( #7319, #9843, #6538, #8596 ) ) ;
#11621 = DIRECTION ( 'NONE',  ( 1.000000000000000000, 0.000000000000000000, -0.000000000000000000 ) ) ;
#11622 = LINE ( 'NONE', #2862, #5407 ) ;
#11623 = DIRECTION ( 'NONE',  ( 0.000000000000000000, 0.000000000000000000, 1.000000000000000000 ) ) ;
#11624 = EDGE_LOOP ( 'NONE', ( #2786, #3391, #372, #1343 ) ) ;
#11625 = VECTOR ( 'NONE', #5882, 1000.000000000000000 ) ;
#11626 = CARTESIAN_POINT ( 'NONE',  ( -32.24999999999998579, -62.50000000000001421, 25.00000000000000000 ) ) ;
#11627 = DIRECTION ( 'NONE',  ( -0.000000000000000000, -0.000000000000000000, 1.000000000000000000 ) ) ;
#11628 = EDGE_CURVE ( 'NONE', #9112, #10935, #3093, .T. ) ;
#11629 = DIRECTION ( 'NONE',  ( -0.000000000000000000, -0.000000000000000000, 1.000000000000000000 ) ) ;
#11630 = AXIS2_PLACEMENT_3D ( 'NONE', #1692, #7652, #19 ) ;
#11631 = EDGE_CURVE ( 'NONE', #632, #9697, #11139, .T. ) ;
#11632 = ORIENTED_EDGE ( 'NONE', *, *, #7898, .T. ) ;
#11633 = CARTESIAN_POINT ( 'NONE',  ( 6.499999999999993783, 14.54701313970656962, 12.50000000000000000 ) ) ;
#11634 = EDGE_CURVE ( 'NONE', #3411, #6741, #11007, .T. ) ;
#11635 = B_SPLINE_CURVE_WITH_KNOTS ( 'NONE', 3,
 ( #9619, #1704, #741, #8639, #553, #8453, #7477, #5075 ),
 .UNSPECIFIED., .F., .F.,
 ( 4, 2, 2, 4 ),
 ( 0.000000000000000000, 0.0003574555549545464675, 0.0007149111099090929350, 0.001429822219818183918 ),
 .UNSPECIFIED. ) ;
#11636 = EDGE_CURVE ( 'NONE', #3237, #7629, #2110, .T. ) ;
#11637 = VERTEX_POINT ( 'NONE', #11932 ) ;
#11638 = DIRECTION ( 'NONE',  ( 0.000000000000000000, 0.000000000000000000, 1.000000000000000000 ) ) ;
#11639 = CARTESIAN_POINT ( 'NONE',  ( -39.99999999999999289, 61.25000000000001421, 0.4000000000000114575 ) ) ;
#11640 = CARTESIAN_POINT ( 'NONE',  ( -29.99999999999998579, 61.25000000000001421, 45.15564437074637993 ) ) ;
#11641 = CARTESIAN_POINT ( 'NONE',  ( -27.99999999999997513, -55.00000000000000711, 12.00000000000001066 ) ) ;
#11642 = VERTEX_POINT ( 'NONE', #2185 ) ;
#11643 = CARTESIAN_POINT ( 'NONE',  ( 37.70000000000002416, -49.49999999999998579, 12.50000000000000000 ) ) ;
#11644 = AXIS2_PLACEMENT_3D ( 'NONE', #11504, #8438, #411 ) ;
#11645 = ADVANCED_FACE ( 'NONE', ( #6854 ), #3930, .F. ) ;
#11646 = DIRECTION ( 'NONE',  ( 0.000000000000000000, 0.000000000000000000, -1.000000000000000000 ) ) ;
#11647 = ORIENTED_EDGE ( 'NONE', *, *, #10697, .T. ) ;
#11648 = ORIENTED_EDGE ( 'NONE', *, *, #9807, .T. ) ;
#11649 = DIRECTION ( 'NONE',  ( 0.8191520442889906883, 0.000000000000000000, -0.5735764363510477137 ) ) ;
#11650 = EDGE_LOOP ( 'NONE', ( #7064, #11383, #3465, #1153 ) ) ;
#11651 = ORIENTED_EDGE ( 'NONE', *, *, #1667, .F. ) ;
#11652 = CIRCLE ( 'NONE', #8736, 1.700000000000000178 ) ;
#11653 = AXIS2_PLACEMENT_3D ( 'NONE', #9137, #83, #9931 ) ;
#11654 = CARTESIAN_POINT ( 'NONE',  ( 40.49999999999998579, -42.49999999999998579, 4.000000000000000000 ) ) ;
#11655 = DIRECTION ( 'NONE',  ( -8.393823270855517276E-16, 1.000000000000000000, 0.000000000000000000 ) ) ;
#11656 = CARTESIAN_POINT ( 'NONE',  ( 26.00000000000000355, 6.500000000000002665, 12.50000000000000000 ) ) ;
#11657 = EDGE_CURVE ( 'NONE', #6493, #1580, #6364, .T. ) ;
#11658 = DIRECTION ( 'NONE',  ( 0.000000000000000000, 0.000000000000000000, -1.000000000000000000 ) ) ;
#11659 = ADVANCED_FACE ( 'NONE', ( #6147 ), #10313, .F. ) ;
#11660 = ORIENTED_EDGE ( 'NONE', *, *, #3089, .T. ) ;
#11661 = VERTEX_POINT ( 'NONE', #2057 ) ;
#11662 = DIRECTION ( 'NONE',  ( -0.1736481776669189792, 1.665994157181635530E-17, 0.9848077530122100187 ) ) ;
#11663 = CIRCLE ( 'NONE', #1705, 3.750000000000000000 ) ;
#11664 = CONICAL_SURFACE ( 'NONE', #6064, 3.749999999999996447, 0.7853981633974526089 ) ;
#11665 = VECTOR ( 'NONE', #9197, 1000.000000000000114 ) ;
#11666 = ORIENTED_EDGE ( 'NONE', *, *, #10235, .F. ) ;
#11667 = VERTEX_POINT ( 'NONE', #10033 ) ;
#11668 = CARTESIAN_POINT ( 'NONE',  ( -49.80859780468833264, -14.49999999999999822, 64.70298064686514294 ) ) ;
#11669 = VERTEX_POINT ( 'NONE', #5951 ) ;
#11670 = CARTESIAN_POINT ( 'NONE',  ( 39.99999999999999289, -62.50000000000001421, 0.4000000000000114575 ) ) ;
#11671 = DIRECTION ( 'NONE',  ( 0.5735764363510476027, 0.000000000000000000, 0.8191520442889906883 ) ) ;
#11672 = PLANE ( 'NONE',  #7143 ) ;
#11673 = LINE ( 'NONE', #2844, #3574 ) ;
#11674 = AXIS2_PLACEMENT_3D ( 'NONE', #5038, #9000, #7310 ) ;
#11675 = AXIS2_PLACEMENT_3D ( 'NONE', #9739, #4936, #12796 ) ;
#11676 = DIRECTION ( 'NONE',  ( 1.000000000000000000, 0.000000000000000000, 0.000000000000000000 ) ) ;
#11677 = CARTESIAN_POINT ( 'NONE',  ( -43.74999999999999289, 61.25000000000001421, 0.4000000000000114575 ) ) ;
#11678 = CARTESIAN_POINT ( 'NONE',  ( -45.23526539614170616, -25.00000000000000000, 62.23316357291883349 ) ) ;
#11679 = EDGE_LOOP ( 'NONE', ( #3427, #8487, #7957, #7292 ) ) ;
#11680 = DIRECTION ( 'NONE',  ( 1.000000000000000000, 5.782411586589351722E-16, 0.000000000000000000 ) ) ;
#11681 = CIRCLE ( 'NONE', #6087, 1.100000000000004086 ) ;
#11682 = VERTEX_POINT ( 'NONE', #7889 ) ;
#11683 = CARTESIAN_POINT ( 'NONE',  ( -64.91014312481590309, 14.49999999999999822, 42.43836008095080814 ) ) ;
#11684 = CIRCLE ( 'NONE', #6286, 1.799999999999994049 ) ;
#11685 = ORIENTED_EDGE ( 'NONE', *, *, #2548, .T. ) ;
#11686 = DIRECTION ( 'NONE',  ( -0.000000000000000000, -0.000000000000000000, 1.000000000000000000 ) ) ;
#11687 = FACE_OUTER_BOUND ( 'NONE', #11598, .T. ) ;
#11688 = ADVANCED_FACE ( 'NONE', ( #56 ), #3996, .F. ) ;
#11689 = VERTEX_POINT ( 'NONE', #2961 ) ;
#11690 = DIRECTION ( 'NONE',  ( 0.000000000000000000, 0.000000000000000000, -1.000000000000000000 ) ) ;
#11691 = AXIS2_PLACEMENT_3D ( 'NONE', #11945, #9981, #10961 ) ;
#11692 = CIRCLE ( 'NONE', #12326, 5.000000000000004441 ) ;
#11693 = DIRECTION ( 'NONE',  ( -1.000000000000000000, 0.000000000000000000, 0.000000000000000000 ) ) ;
#11694 = CIRCLE ( 'NONE', #7964, 1.500000000000000000 ) ;
#11695 = DIRECTION ( 'NONE',  ( 0.000000000000000000, 0.000000000000000000, -1.000000000000000000 ) ) ;
#11696 = LINE ( 'NONE', #6754, #2917 ) ;
#11697 = ADVANCED_FACE ( 'NONE', ( #10098 ), #1221, .T. ) ;
#11698 = DIRECTION ( 'NONE',  ( -0.9848077530122089085, 8.659560562354905741E-17, -0.1736481776669255017 ) ) ;
#11699 = EDGE_LOOP ( 'NONE', ( #369, #11201, #10463, #4050 ) ) ;
#11700 = CARTESIAN_POINT ( 'NONE',  ( -32.00000000000002132, 53.49999999999999289, 4.000000000000000000 ) ) ;
#11701 = VECTOR ( 'NONE', #8359, 1000.000000000000000 ) ;
#11702 = CYLINDRICAL_SURFACE ( 'NONE', #12010, 1.500000000000001332 ) ;
#11703 = CIRCLE ( 'NONE', #523, 4.150000000000014566 ) ;
#11704 = VERTEX_POINT ( 'NONE', #9911 ) ;
#11705 = CARTESIAN_POINT ( 'NONE',  ( -40.50000000000000000, -49.49999999999999289, 7.000000000000000888 ) ) ;
#11706 = ORIENTED_EDGE ( 'NONE', *, *, #5770, .F. ) ;
#11707 = DIRECTION ( 'NONE',  ( -0.7071067811865500152, 0.000000000000000000, 0.7071067811865450192 ) ) ;
#11708 = CARTESIAN_POINT ( 'NONE',  ( -34.99999999999999289, 62.50000000000001421, 19.00000000000000355 ) ) ;
#11709 = CARTESIAN_POINT ( 'NONE',  ( -2.879035643568489178, -55.00000000000000711, 12.00000000000001243 ) ) ;
#11710 = CARTESIAN_POINT ( 'NONE',  ( -61.44497697265964575, -21.80000000000000071, 41.11072174994717443 ) ) ;
#11711 = ORIENTED_EDGE ( 'NONE', *, *, #5052, .F. ) ;
#11712 = CIRCLE ( 'NONE', #6310, 1.499999999999999556 ) ;
#11713 = CIRCLE ( 'NONE', #5908, 6.499999999999977796 ) ;
#11714 = CIRCLE ( 'NONE', #10671, 5.000000000000004441 ) ;
#11715 = AXIS2_PLACEMENT_3D ( 'NONE', #6579, #10542, #1654 ) ;
#11716 = CARTESIAN_POINT ( 'NONE',  ( -3.500000000000003109, 55.00000000000000000, 17.10000000000000142 ) ) ;
#11717 = EDGE_CURVE ( 'NONE', #9635, #3674, #4971, .T. ) ;
#11718 = FACE_OUTER_BOUND ( 'NONE', #8273, .T. ) ;
#11719 = EDGE_CURVE ( 'NONE', #9960, #2887, #8849, .T. ) ;
#11720 = EDGE_LOOP ( 'NONE', ( #5386, #7171, #4769, #1701 ) ) ;
#11721 = ORIENTED_EDGE ( 'NONE', *, *, #2120, .T. ) ;
#11722 = DIRECTION ( 'NONE',  ( -0.5735764363510477137, 0.000000000000000000, -0.8191520442889906883 ) ) ;
#11723 = ORIENTED_EDGE ( 'NONE', *, *, #11470, .F. ) ;
#11724 = CONICAL_SURFACE ( 'NONE', #9433, 1.700000000000000178, 1.029744258676653645 ) ;
#11725 = ORIENTED_EDGE ( 'NONE', *, *, #5439, .T. ) ;
#11726 = DIRECTION ( 'NONE',  ( -1.000000000000000000, 0.000000000000000000, 0.000000000000000000 ) ) ;
#11727 = CARTESIAN_POINT ( 'NONE',  ( -61.96119576537560647, -19.39999999999999147, 40.37348491008709317 ) ) ;
#11728 = CARTESIAN_POINT ( 'NONE',  ( -26.24999999999998934, -57.50000000000000711, 25.00000000000000000 ) ) ;
#11729 = DIRECTION ( 'NONE',  ( 0.000000000000000000, 0.000000000000000000, 1.000000000000000000 ) ) ;
#11730 = EDGE_LOOP ( 'NONE', ( #7216, #4359, #3172 ) ) ;
#11731 = EDGE_LOOP ( 'NONE', ( #8436, #2395, #1980, #9050 ) ) ;
#11732 = ADVANCED_FACE ( 'NONE', ( #5099 ), #12773, .F. ) ;
#11733 = DIRECTION ( 'NONE',  ( 0.000000000000000000, -1.000000000000000000, 0.000000000000000000 ) ) ;
#11734 = EDGE_CURVE ( 'NONE', #8478, #3655, #5886, .T. ) ;
#11735 = EDGE_CURVE ( 'NONE', #5771, #6687, #9847, .T. ) ;
#11736 = AXIS2_PLACEMENT_3D ( 'NONE', #1313, #6048, #9227 ) ;
#11737 = ORIENTED_EDGE ( 'NONE', *, *, #1574, .F. ) ;
#11738 = EDGE_LOOP ( 'NONE', ( #2768, #8101, #1030, #2165 ) ) ;
#11739 = DIRECTION ( 'NONE',  ( -0.000000000000000000, -0.000000000000000000, 1.000000000000000000 ) ) ;
#11740 = VERTEX_POINT ( 'NONE', #8868 ) ;
#11741 = DIRECTION ( 'NONE',  ( 0.000000000000000000, -0.000000000000000000, 1.000000000000000000 ) ) ;
#11742 = CARTESIAN_POINT ( 'NONE',  ( -3.000000000000002665, -53.50000000000000000, 4.000000000000000000 ) ) ;
#11743 = EDGE_CURVE ( 'NONE', #8069, #261, #12836, .T. ) ;
#11744 = ORIENTED_EDGE ( 'NONE', *, *, #5402, .T. ) ;
#11745 = DIRECTION ( 'NONE',  ( -1.000000000000000000, 0.000000000000000000, 0.000000000000000000 ) ) ;
#11746 = CARTESIAN_POINT ( 'NONE',  ( -12.02813536702555197, 55.00000000000000711, 12.06839257535533960 ) ) ;
#11747 = AXIS2_PLACEMENT_3D ( 'NONE', #4675, #8627, #3696 ) ;
#11748 = CARTESIAN_POINT ( 'NONE',  ( -15.50000000000000355, 52.49999999999999289, -7.896078054371140631 ) ) ;
#11749 = CYLINDRICAL_SURFACE ( 'NONE', #6044, 2.999999999999999112 ) ;
#11750 = DIRECTION ( 'NONE',  ( 1.000000000000000000, 0.000000000000000000, 0.000000000000000000 ) ) ;
#11751 = ORIENTED_EDGE ( 'NONE', *, *, #9893, .F. ) ;
#11752 = LINE ( 'NONE', #4858, #4424 ) ;
#11753 = ORIENTED_EDGE ( 'NONE', *, *, #2266, .F. ) ;
#11754 = DIRECTION ( 'NONE',  ( 0.000000000000000000, 0.000000000000000000, -1.000000000000000000 ) ) ;
#11755 = ORIENTED_EDGE ( 'NONE', *, *, #5588, .F. ) ;
#11756 = LINE ( 'NONE', #9984, #1512 ) ;
#11757 = CARTESIAN_POINT ( 'NONE',  ( 27.50000000000000711, 6.500000000000003553, 12.50000000000000000 ) ) ;
#11758 = ORIENTED_EDGE ( 'NONE', *, *, #6851, .F. ) ;
#11759 = CIRCLE ( 'NONE', #6568, 1.499999999999999556 ) ;
#11760 = LINE ( 'NONE', #9793, #5513 ) ;
#11761 = ADVANCED_FACE ( 'NONE', ( #4185 ), #10350, .F. ) ;
#11762 = CARTESIAN_POINT ( 'NONE',  ( -37.29999999999998295, 62.50000000000001421, 19.00000000000000355 ) ) ;
#11763 = CARTESIAN_POINT ( 'NONE',  ( 43.49999999999997868, 8.000000000000003553, 4.000000000000000000 ) ) ;
#11764 = ORIENTED_EDGE ( 'NONE', *, *, #10009, .T. ) ;
#11765 = CARTESIAN_POINT ( 'NONE',  ( -51.49703704694644557, 24.99999999999999289, 58.80474591728687983 ) ) ;
#11766 = EDGE_LOOP ( 'NONE', ( #2842, #3779, #7784, #3856 ) ) ;
#11767 = AXIS2_PLACEMENT_3D ( 'NONE', #6016, #11860, #10888 ) ;
#11768 = DIRECTION ( 'NONE',  ( 0.1247835496211560924, 0.6960093862470139170, -0.7071067811865470176 ) ) ;
#11770 = VECTOR ( 'NONE', #2015, 1000.000000000000000 ) ;
#11769 = CARTESIAN_POINT ( 'NONE',  ( -40.50000000000002132, 49.49999999999997868, 7.000000000000000888 ) ) ;
#11771 = DIRECTION ( 'NONE',  ( 0.000000000000000000, 0.000000000000000000, 1.000000000000000000 ) ) ;
#11772 = ORIENTED_EDGE ( 'NONE', *, *, #2745, .F. ) ;
#11773 = CARTESIAN_POINT ( 'NONE',  ( 43.49999999999997868, -40.99999999999998579, 11.99999999999998224 ) ) ;
#11774 = ORIENTED_EDGE ( 'NONE', *, *, #5444, .T. ) ;
#11775 = CARTESIAN_POINT ( 'NONE',  ( 36.69999999999998863, 62.50000000000001421, 13.00000000000000178 ) ) ;
#11776 = CARTESIAN_POINT ( 'NONE',  ( -49.83366538152844072, -21.50000000000000000, 61.18028684572497156 ) ) ;
#11777 = CIRCLE ( 'NONE', #12195, 2.999999999999993783 ) ;
#11778 = CARTESIAN_POINT ( 'NONE',  ( -6.739592905451288196, 54.99999999999999289, 12.01476521008129161 ) ) ;
#11779 = FACE_OUTER_BOUND ( 'NONE', #11268, .T. ) ;
#11780 = VERTEX_POINT ( 'NONE', #313 ) ;
#11781 = CARTESIAN_POINT ( 'NONE',  ( -40.50000000000002132, 42.99999999999998579, 12.50000000000000000 ) ) ;
#11782 = B_SPLINE_CURVE_WITH_KNOTS ( 'NONE', 3,
 ( #3645, #422, #4365, #485, #4619, #8323, #1522, #5472 ),
 .UNSPECIFIED., .F., .F.,
 ( 4, 2, 2, 4 ),
 ( 0.000000000000000000, 0.0007138967942131030494, 0.001070845191319646063, 0.001427793588426188968 ),
 .UNSPECIFIED. ) ;
#11783 = EDGE_CURVE ( 'NONE', #2815, #3411, #9056, .T. ) ;
#11784 = CARTESIAN_POINT ( 'NONE',  ( 39.99999999999999289, 61.25000000000001421, 45.15564437074637993 ) ) ;
#11785 = EDGE_LOOP ( 'NONE', ( #459, #10135, #2698, #11865 ) ) ;
#11786 = VERTEX_POINT ( 'NONE', #5410 ) ;
#11787 = CIRCLE ( 'NONE', #12400, 1.499999999999999556 ) ;
#11788 = CARTESIAN_POINT ( 'NONE',  ( -43.74999999999999289, 61.25000000000001421, 25.00000000000000000 ) ) ;
#11789 = AXIS2_PLACEMENT_3D ( 'NONE', #12070, #8042, #9861 ) ;
#11790 = ORIENTED_EDGE ( 'NONE', *, *, #11003, .F. ) ;
#11791 = EDGE_CURVE ( 'NONE', #8024, #2304, #496, .T. ) ;
#11792 = VERTEX_POINT ( 'NONE', #8403 ) ;
#11793 = FACE_OUTER_BOUND ( 'NONE', #10346, .T. ) ;
#11794 = DIRECTION ( 'NONE',  ( -0.000000000000000000, -0.000000000000000000, -1.000000000000000000 ) ) ;
#11795 = EDGE_CURVE ( 'NONE', #6209, #8533, #8278, .T. ) ;
#11796 = CARTESIAN_POINT ( 'NONE',  ( -65.11586616530635752, 24.99999999999999289, 35.86814866649763189 ) ) ;
#11797 = PLANE ( 'NONE',  #9845 ) ;
#11798 = ORIENTED_EDGE ( 'NONE', *, *, #1421, .T. ) ;
#11799 = ORIENTED_EDGE ( 'NONE', *, *, #9212, .F. ) ;
#11800 = VECTOR ( 'NONE', #7506, 1000.000000000000000 ) ;
#11801 = FACE_OUTER_BOUND ( 'NONE', #738, .T. ) ;
#11802 = VERTEX_POINT ( 'NONE', #4257 ) ;
#11803 = ORIENTED_EDGE ( 'NONE', *, *, #7908, .F. ) ;
#11804 = CARTESIAN_POINT ( 'NONE',  ( -51.47196947010641566, 21.50000000000000000, 62.32743971842705122 ) ) ;
#11805 = EDGE_CURVE ( 'NONE', #12146, #2677, #2642, .T. ) ;
#11806 = ORIENTED_EDGE ( 'NONE', *, *, #3267, .F. ) ;
#11807 = DIRECTION ( 'NONE',  ( -0.000000000000000000, -0.000000000000000000, 1.000000000000000000 ) ) ;
#11808 = LINE ( 'NONE', #192, #11466 ) ;
#11809 = ORIENTED_EDGE ( 'NONE', *, *, #9162, .F. ) ;
#11810 = EDGE_CURVE ( 'NONE', #3369, #497, #6395, .T. ) ;
#11811 = CARTESIAN_POINT ( 'NONE',  ( -34.99999999999999289, -62.50000000000001421, 25.00000000000000000 ) ) ;
#11812 = LINE ( 'NONE', #1036, #6905 ) ;
#11813 = EDGE_CURVE ( 'NONE', #10605, #12715, #7246, .T. ) ;
#11814 = CARTESIAN_POINT ( 'NONE',  ( 34.99999999999999289, 62.50000000000001421, 25.00000000000000000 ) ) ;
#11815 = FACE_OUTER_BOUND ( 'NONE', #465, .T. ) ;
#11816 = DIRECTION ( 'NONE',  ( 0.5735764363510481578, 0.000000000000000000, 0.8191520442889904663 ) ) ;
#11817 = VERTEX_POINT ( 'NONE', #10225 ) ;
#11818 = EDGE_CURVE ( 'NONE', #10380, #11392, #5354, .T. ) ;
#11819 = CARTESIAN_POINT ( 'NONE',  ( -45.00000000000002132, 30.00000000000000000, 25.00000000000000000 ) ) ;
#11820 = PLANE ( 'NONE',  #10535 ) ;
#11821 = ORIENTED_EDGE ( 'NONE', *, *, #6143, .T. ) ;
#11822 = CARTESIAN_POINT ( 'NONE',  ( 44.99999999999997868, -39.49999999999998579, 14.10000000000000142 ) ) ;
#11823 = CARTESIAN_POINT ( 'NONE',  ( -47.49999999999999289, 32.49999999999998579, 17.10000000000000142 ) ) ;
#11824 = CARTESIAN_POINT ( 'NONE',  ( -45.00000000000002132, 35.49999999999999289, 17.10000000000000142 ) ) ;
#11825 = CARTESIAN_POINT ( 'NONE',  ( 10.49999999999999289, 12.49999999999999289, 12.00000000000000000 ) ) ;
#11826 = EDGE_CURVE ( 'NONE', #510, #10488, #9369, .T. ) ;
#11827 = CARTESIAN_POINT ( 'NONE',  ( 27.50000000000000711, 12.49999999999999645, 12.50000000000000000 ) ) ;
#11828 = ADVANCED_FACE ( 'NONE', ( #1468 ), #5539, .T. ) ;
#11829 = DIRECTION ( 'NONE',  ( 0.000000000000000000, 1.000000000000000000, 0.000000000000000000 ) ) ;
#11830 = DIRECTION ( 'NONE',  ( 0.5735764363510479358, -1.051347561198064711E-16, 0.8191520442889905773 ) ) ;
#11831 = FACE_OUTER_BOUND ( 'NONE', #9895, .T. ) ;
#11832 = CARTESIAN_POINT ( 'NONE',  ( 10.49999999999999467, 14.54701313970656962, 12.50000000000000000 ) ) ;
#11833 = EDGE_LOOP ( 'NONE', ( #8588, #6522, #9517, #3535 ) ) ;
#11834 = DIRECTION ( 'NONE',  ( 0.5792279653395842054, 0.7071067811865300312, -0.4055797876726480178 ) ) ;
#11835 = ORIENTED_EDGE ( 'NONE', *, *, #6557, .F. ) ;
#11836 = DIRECTION ( 'NONE',  ( 1.000000000000000000, -2.502005013428087819E-17, 0.000000000000000000 ) ) ;
#11837 = DIRECTION ( 'NONE',  ( -0.8191520442889907994, -0.000000000000000000, 0.5735764363510478248 ) ) ;
#11838 = CARTESIAN_POINT ( 'NONE',  ( 0.000000000000000000, -3.000000000000009770, 12.50000000000000000 ) ) ;
#11839 = CARTESIAN_POINT ( 'NONE',  ( -45.00000000000002842, 24.99999999999999289, 62.46842896906053966 ) ) ;
#11840 = ORIENTED_EDGE ( 'NONE', *, *, #10430, .F. ) ;
#11841 = DIRECTION ( 'NONE',  ( -0.000000000000000000, -0.000000000000000000, 1.000000000000000000 ) ) ;
#11842 = CARTESIAN_POINT ( 'NONE',  ( -63.08328106123760648, -21.80000000000000071, 42.25787462264925409 ) ) ;
#11843 = ORIENTED_EDGE ( 'NONE', *, *, #810, .T. ) ;
#11844 = EDGE_LOOP ( 'NONE', ( #10012, #4331 ) ) ;
#11845 = CARTESIAN_POINT ( 'NONE',  ( -43.50000000000002132, 42.49999999999999289, 4.000000000000000000 ) ) ;
#11846 = ORIENTED_EDGE ( 'NONE', *, *, #8458, .F. ) ;
#11847 = ORIENTED_EDGE ( 'NONE', *, *, #9769, .T. ) ;
#11848 = DIRECTION ( 'NONE',  ( -0.8191520442889907994, -0.000000000000000000, 0.5735764363510478248 ) ) ;
#11849 = FACE_OUTER_BOUND ( 'NONE', #9106, .T. ) ;
#11850 = EDGE_CURVE ( 'NONE', #4065, #11792, #245, .T. ) ;
#11851 = CARTESIAN_POINT ( 'NONE',  ( -24.99999999999998224, 24.99999999999999289, 12.50000000000000000 ) ) ;
#11852 = PLANE ( 'NONE',  #3221 ) ;
#11853 = VECTOR ( 'NONE', #1241, 1000.000000000000000 ) ;
#11854 = ORIENTED_EDGE ( 'NONE', *, *, #6194, .F. ) ;
#11855 = VERTEX_POINT ( 'NONE', #9312 ) ;
#11856 = DIRECTION ( 'NONE',  ( -0.8191520442889905773, -0.000000000000000000, 0.5735764363510477137 ) ) ;
#11857 = ADVANCED_FACE ( 'NONE', ( #5297, #11333 ), #11269, .F. ) ;
#11858 = ORIENTED_EDGE ( 'NONE', *, *, #2337, .F. ) ;
#11859 = ORIENTED_EDGE ( 'NONE', *, *, #10354, .F. ) ;
#11860 = DIRECTION ( 'NONE',  ( 0.7071067811865476838, -3.978274810854160619E-16, 0.7071067811865473507 ) ) ;
#11861 = VECTOR ( 'NONE', #5805, 1000.000000000000000 ) ;
#11862 = AXIS2_PLACEMENT_3D ( 'NONE', #2654, #2906, #8811 ) ;
#11863 = ORIENTED_EDGE ( 'NONE', *, *, #11399, .F. ) ;
#11864 = CARTESIAN_POINT ( 'NONE',  ( 2.999999999999997335, 53.50000000000000000, 12.50000000000000000 ) ) ;
#11865 = ORIENTED_EDGE ( 'NONE', *, *, #10371, .F. ) ;
#11866 = CARTESIAN_POINT ( 'NONE',  ( -64.17307629030463545, -21.50000000000000000, 40.70148573850019602 ) ) ;
#11867 = DIRECTION ( 'NONE',  ( 0.7071067811865450192, 0.000000000000000000, 0.7071067811865500152 ) ) ;
#11868 = LINE ( 'NONE', #252, #8372 ) ;
#11869 = DIRECTION ( 'NONE',  ( 0.000000000000000000, 0.000000000000000000, 1.000000000000000000 ) ) ;
#11870 = AXIS2_PLACEMENT_3D ( 'NONE', #386, #4327, #9321 ) ;
#11871 = ADVANCED_FACE ( 'NONE', ( #9252 ), #3679, .F. ) ;
#11872 = CYLINDRICAL_SURFACE ( 'NONE', #10015, 1.500000000000001332 ) ;
#11873 = EDGE_CURVE ( 'NONE', #234, #9991, #3068, .T. ) ;
#11874 = ORIENTED_EDGE ( 'NONE', *, *, #747, .F. ) ;
#11875 = EDGE_CURVE ( 'NONE', #4274, #2292, #794, .T. ) ;
#11876 = CARTESIAN_POINT ( 'NONE',  ( 0.9999999999999995559, -3.000000000000009326, 12.50000000000000000 ) ) ;
#11877 = EDGE_CURVE ( 'NONE', #240, #5744, #11777, .T. ) ;
#11878 = DIRECTION ( 'NONE',  ( 0.000000000000000000, 1.000000000000000000, 0.000000000000000000 ) ) ;
#11879 = ORIENTED_EDGE ( 'NONE', *, *, #3637, .T. ) ;
#11880 = AXIS2_PLACEMENT_3D ( 'NONE', #4465, #8357, #3429 ) ;
#11881 = CONICAL_SURFACE ( 'NONE', #5027, 5.000000000000004441, 0.7853981633974482790 ) ;
#11882 = CARTESIAN_POINT ( 'NONE',  ( -43.74999999999999289, -53.75000000000000711, 0.4000000000000114575 ) ) ;
#11883 = CARTESIAN_POINT ( 'NONE',  ( -38.20000000000000995, 49.49999999999997868, 11.99999999999998934 ) ) ;
#11884 = DIRECTION ( 'NONE',  ( -0.8191520442889906883, -0.000000000000000000, 0.5735764363510477137 ) ) ;
#11885 = ADVANCED_FACE ( 'NONE', ( #7375 ), #3525, .F. ) ;
#11886 = DIRECTION ( 'NONE',  ( 0.5735764363510481578, 0.000000000000000000, 0.8191520442889904663 ) ) ;
#11887 = LINE ( 'NONE', #6953, #11770 ) ;
#11888 = VECTOR ( 'NONE', #9569, 1000.000000000000000 ) ;
#11889 = CIRCLE ( 'NONE', #3576, 3.749999999999996447 ) ;
#11890 = DIRECTION ( 'NONE',  ( 0.000000000000000000, 0.000000000000000000, -1.000000000000000000 ) ) ;
#11891 = AXIS2_PLACEMENT_3D ( 'NONE', #4070, #9969, #8995 ) ;
#11892 = VERTEX_POINT ( 'NONE', #5549 ) ;
#11893 = EDGE_CURVE ( 'NONE', #4492, #3018, #9694, .T. ) ;
#11894 = DIRECTION ( 'NONE',  ( 0.000000000000000000, -0.000000000000000000, -1.000000000000000000 ) ) ;
#11895 = LINE ( 'NONE', #6176, #9695 ) ;
#11896 = CARTESIAN_POINT ( 'NONE',  ( 40.49999999999998579, -49.49999999999998579, 12.00000000000003197 ) ) ;
#11897 = VERTEX_POINT ( 'NONE', #8592 ) ;
#11898 = CARTESIAN_POINT ( 'NONE',  ( 43.75000000000001421, 53.74999999999999289, 0.000000000000000000 ) ) ;
#11899 = AXIS2_PLACEMENT_3D ( 'NONE', #3370, #12401, #7334 ) ;
#11900 = EDGE_CURVE ( 'NONE', #7024, #1658, #3786, .T. ) ;
#11901 = VERTEX_POINT ( 'NONE', #12561 ) ;
#11902 = DIRECTION ( 'NONE',  ( 0.5792279653395928651, -0.7071067811865208164, -0.4055797876726515705 ) ) ;
#11903 = CARTESIAN_POINT ( 'NONE',  ( -12.49999999999999822, 53.50000000000000000, 12.50000000000000000 ) ) ;
#11904 = CARTESIAN_POINT ( 'NONE',  ( -2.412194762783416824, -54.99999999999999289, 12.10797579635455001 ) ) ;
#11905 = FACE_BOUND ( 'NONE', #1535, .T. ) ;
#11906 = VERTEX_POINT ( 'NONE', #7556 ) ;
#11907 = CARTESIAN_POINT ( 'NONE',  ( 32.69999999999999574, 62.50000000000001421, 25.00000000000000000 ) ) ;
#11908 = CIRCLE ( 'NONE', #927, 1.999999999999980904 ) ;
#11909 = LINE ( 'NONE', #1978, #5478 ) ;
#11910 = VECTOR ( 'NONE', #2092, 1000.000000000000000 ) ;
#11911 = ORIENTED_EDGE ( 'NONE', *, *, #6751, .F. ) ;
#11912 = DIRECTION ( 'NONE',  ( -1.000000000000000000, 0.000000000000000000, 0.000000000000000000 ) ) ;
#11913 = EDGE_LOOP ( 'NONE', ( #5591, #9053, #1201, #3594 ) ) ;
#11914 = LINE ( 'NONE', #111, #7922 ) ;
#11915 = ORIENTED_EDGE ( 'NONE', *, *, #7535, .T. ) ;
#11916 = DIRECTION ( 'NONE',  ( 1.000000000000000000, 1.541976423090495387E-16, -0.000000000000000000 ) ) ;
#11917 = DIRECTION ( 'NONE',  ( 1.000000000000000000, 0.000000000000000000, 0.000000000000000000 ) ) ;
#11918 = AXIS2_PLACEMENT_3D ( 'NONE', #7251, #5360, #9317 ) ;
#11919 = AXIS2_PLACEMENT_3D ( 'NONE', #12005, #7, #10955 ) ;
#11921 = AXIS2_PLACEMENT_3D ( 'NONE', #12289, #3265, #3131 ) ;
#11920 = DIRECTION ( 'NONE',  ( -1.000000000000000000, 0.000000000000000000, 0.000000000000000000 ) ) ;
#11922 = CARTESIAN_POINT ( 'NONE',  ( -65.81138037888261749, -21.50000000000000000, 41.84863861120228989 ) ) ;
#11923 = VERTEX_POINT ( 'NONE', #8651 ) ;
#11924 = ORIENTED_EDGE ( 'NONE', *, *, #11419, .T. ) ;
#11925 = EDGE_CURVE ( 'NONE', #7151, #1072, #9562, .T. ) ;
#11926 = DIRECTION ( 'NONE',  ( 0.000000000000000000, 0.000000000000000000, 1.000000000000000000 ) ) ;
#11927 = ORIENTED_EDGE ( 'NONE', *, *, #12545, .F. ) ;
#11928 = ADVANCED_FACE ( 'NONE', ( #3593 ), #754, .F. ) ;
#11929 = ORIENTED_EDGE ( 'NONE', *, *, #6311, .F. ) ;
#11930 = VECTOR ( 'NONE', #12297, 1000.000000000000000 ) ;
#11931 = CIRCLE ( 'NONE', #126, 3.749999999999996447 ) ;
#11932 = CARTESIAN_POINT ( 'NONE',  ( -33.50000000000000000, -53.50000000000000711, 12.00000000000001066 ) ) ;
#11933 = VERTEX_POINT ( 'NONE', #9508 ) ;
#11934 = DIRECTION ( 'NONE',  ( -0.8191520442889907994, -0.000000000000000000, 0.5735764363510478248 ) ) ;
#11935 = ORIENTED_EDGE ( 'NONE', *, *, #4903, .F. ) ;
#11936 = VECTOR ( 'NONE', #10927, 1000.000000000000114 ) ;
#11937 = DIRECTION ( 'NONE',  ( -0.8191520442889907994, -0.000000000000000000, 0.5735764363510478248 ) ) ;
#11938 = EDGE_CURVE ( 'NONE', #9061, #5063, #6789, .T. ) ;
#11939 = FACE_OUTER_BOUND ( 'NONE', #10285, .T. ) ;
#11940 = AXIS2_PLACEMENT_3D ( 'NONE', #5261, #2282, #8961 ) ;
#11941 = CIRCLE ( 'NONE', #3838, 3.750000000000003553 ) ;
#11942 = LINE ( 'NONE', #9976, #3559 ) ;
#11943 = CARTESIAN_POINT ( 'NONE',  ( -65.35251922980178563, 21.49999999999998934, 42.50396024663347561 ) ) ;
#11944 = ORIENTED_EDGE ( 'NONE', *, *, #7989, .T. ) ;
#11945 = CARTESIAN_POINT ( 'NONE',  ( -34.99999999999999289, 62.50000000000001421, 25.00000000000000000 ) ) ;
#11946 = DIRECTION ( 'NONE',  ( 1.000000000000000000, 2.891205793294677833E-16, 0.000000000000000000 ) ) ;
#11947 = ORIENTED_EDGE ( 'NONE', *, *, #2840, .T. ) ;
#11948 = CIRCLE ( 'NONE', #11747, 1.500000000000001332 ) ;
#11949 = FACE_OUTER_BOUND ( 'NONE', #8339, .T. ) ;
#11950 = CARTESIAN_POINT ( 'NONE',  ( 9.799999999999993605, 22.50000000000000355, 12.50000000000000000 ) ) ;
#11951 = EDGE_CURVE ( 'NONE', #4569, #2392, #7676, .T. ) ;
#11952 = CARTESIAN_POINT ( 'NONE',  ( -43.49999999999997158, 52.49999999999998579, -7.896078054371140631 ) ) ;
#11953 = EDGE_CURVE ( 'NONE', #2661, #10942, #6174, .T. ) ;
#11954 = FACE_OUTER_BOUND ( 'NONE', #1322, .T. ) ;
#11955 = DIRECTION ( 'NONE',  ( -0.000000000000000000, -0.000000000000000000, -1.000000000000000000 ) ) ;
#11956 = ORIENTED_EDGE ( 'NONE', *, *, #8275, .F. ) ;
#11957 = DIRECTION ( 'NONE',  ( 1.000000000000000000, 0.000000000000000000, 0.000000000000000000 ) ) ;
#11958 = LINE ( 'NONE', #7079, #8865 ) ;
#11959 = DIRECTION ( 'NONE',  ( -0.000000000000000000, -0.000000000000000000, -1.000000000000000000 ) ) ;
#11960 = EDGE_CURVE ( 'NONE', #3655, #9061, #5746, .T. ) ;
#11961 = ORIENTED_EDGE ( 'NONE', *, *, #6969, .T. ) ;
#11962 = DIRECTION ( 'NONE',  ( -0.8191520442889905773, -0.000000000000000000, 0.5735764363510477137 ) ) ;
#11963 = ADVANCED_FACE ( 'NONE', ( #6523 ), #11569, .F. ) ;
#11964 = ORIENTED_EDGE ( 'NONE', *, *, #12732, .T. ) ;
#11965 = EDGE_CURVE ( 'NONE', #9909, #9237, #12625, .T. ) ;
#11966 = LINE ( 'NONE', #3066, #2193 ) ;
#11967 = DIRECTION ( 'NONE',  ( -0.8191520442889907994, -0.000000000000000000, 0.5735764363510478248 ) ) ;
#11968 = ADVANCED_FACE ( 'NONE', ( #7486, #6642 ), #10743, .F. ) ;
#11969 = DIRECTION ( 'NONE',  ( -1.000000000000000000, 0.000000000000000000, 0.000000000000000000 ) ) ;
#11970 = CARTESIAN_POINT ( 'NONE',  ( -64.74665272665568239, 21.49999999999998934, 39.88233369421119789 ) ) ;
#11971 = ORIENTED_EDGE ( 'NONE', *, *, #4967, .T. ) ;
#11972 = CIRCLE ( 'NONE', #2043, 2.000000000000000888 ) ;
#11973 = AXIS2_PLACEMENT_3D ( 'NONE', #5329, #1387, #7348 ) ;
#11974 = CARTESIAN_POINT ( 'NONE',  ( -33.50000000000002132, 53.49999999999999289, 12.00000000000001066 ) ) ;
#11975 = CARTESIAN_POINT ( 'NONE',  ( -43.74999999999999289, 57.49999999999999289, 0.4000000000000114575 ) ) ;
#11976 = EDGE_LOOP ( 'NONE', ( #4694, #6063, #76, #5193 ) ) ;
#11977 = CARTESIAN_POINT ( 'NONE',  ( 2.999999999999992450, 29.71110255092798269, 12.50000000000000000 ) ) ;
#11978 = ORIENTED_EDGE ( 'NONE', *, *, #11339, .T. ) ;
#11979 = CARTESIAN_POINT ( 'NONE',  ( -66.38495681523366443, -21.50000000000000000, 41.02948656691329887 ) ) ;
#11980 = VECTOR ( 'NONE', #6599, 1000.000000000000000 ) ;
#11981 = ORIENTED_EDGE ( 'NONE', *, *, #1252, .T. ) ;
#11982 = CIRCLE ( 'NONE', #6576, 1.500000000000001332 ) ;
#11983 = FACE_OUTER_BOUND ( 'NONE', #7705, .T. ) ;
#11984 = APPLICATION_CONTEXT ( 'automotive_design' ) ;
#11985 = CYLINDRICAL_SURFACE ( 'NONE', #9809, 2.299999999999996270 ) ;
#11986 = LINE ( 'NONE', #10804, #11861 ) ;
#11987 = FACE_OUTER_BOUND ( 'NONE', #7321, .T. ) ;
#11988 = VERTEX_POINT ( 'NONE', #1659 ) ;
#11989 = ORIENTED_EDGE ( 'NONE', *, *, #2804, .T. ) ;
#11990 = CARTESIAN_POINT ( 'NONE',  ( 39.99999999999999289, -61.25000000000001421, 45.15564437074637993 ) ) ;
#11991 = EDGE_CURVE ( 'NONE', #10040, #3403, #5734, .T. ) ;
#11992 = CIRCLE ( 'NONE', #177, 1.500000000000001332 ) ;
#11993 = CIRCLE ( 'NONE', #1831, 1.750000000000001554 ) ;
#11994 = ORIENTED_EDGE ( 'NONE', *, *, #6030, .F. ) ;
#11995 = VERTEX_POINT ( 'NONE', #2568 ) ;
#11996 = DIRECTION ( 'NONE',  ( -0.5735764363510481578, 0.000000000000000000, -0.8191520442889904663 ) ) ;
#11997 = ORIENTED_EDGE ( 'NONE', *, *, #9054, .T. ) ;
#11998 = EDGE_CURVE ( 'NONE', #6248, #390, #1718, .T. ) ;
#11999 = DIRECTION ( 'NONE',  ( 0.5735764363510467145, 0.000000000000000000, 0.8191520442889914655 ) ) ;
#12000 = ORIENTED_EDGE ( 'NONE', *, *, #5468, .F. ) ;
#12001 = CARTESIAN_POINT ( 'NONE',  ( -32.00000000000002132, 54.99999999999999289, 4.000000000000000000 ) ) ;
#12002 = DIRECTION ( 'NONE',  ( 1.000000000000000000, 0.000000000000000000, 0.000000000000000000 ) ) ;
#12003 = VECTOR ( 'NONE', #4170, 1000.000000000000000 ) ;
#12004 = AXIS2_PLACEMENT_3D ( 'NONE', #7783, #1753, #1628 ) ;
#12005 = CARTESIAN_POINT ( 'NONE',  ( -64.74665272665568239, -21.50000000000000000, 39.88233369421119789 ) ) ;
#12006 = DIRECTION ( 'NONE',  ( -0.000000000000000000, -0.000000000000000000, 1.000000000000000000 ) ) ;
#12007 = VERTEX_POINT ( 'NONE', #5669 ) ;
#12008 = DIRECTION ( 'NONE',  ( 0.000000000000000000, -1.000000000000000000, 0.000000000000000000 ) ) ;
#12009 = ORIENTED_EDGE ( 'NONE', *, *, #9916, .F. ) ;
#12010 = AXIS2_PLACEMENT_3D ( 'NONE', #11832, #2805, #10725 ) ;
#12011 = DIRECTION ( 'NONE',  ( 0.000000000000000000, 0.000000000000000000, 1.000000000000000000 ) ) ;
#12012 = CARTESIAN_POINT ( 'NONE',  ( -48.85858543973165524, 21.50000000000000000, 62.57284532101624563 ) ) ;
#12013 = ORIENTED_EDGE ( 'NONE', *, *, #7032, .T. ) ;
#12014 = DIRECTION ( 'NONE',  ( -2.400868672960521361E-16, -1.000000000000000000, 0.000000000000000000 ) ) ;
#12015 = DIRECTION ( 'NONE',  ( -1.000000000000000000, 0.000000000000000000, 0.000000000000000000 ) ) ;
#12016 = DIRECTION ( 'NONE',  ( 0.000000000000000000, 0.000000000000000000, -1.000000000000000000 ) ) ;
#12017 = EDGE_CURVE ( 'NONE', #3369, #11283, #9630, .T. ) ;
#12018 = DIRECTION ( 'NONE',  ( 0.000000000000000000, 0.000000000000000000, 1.000000000000000000 ) ) ;
#12019 = DIRECTION ( 'NONE',  ( -0.000000000000000000, -0.000000000000000000, -1.000000000000000000 ) ) ;
#12020 = ORIENTED_EDGE ( 'NONE', *, *, #12414, .T. ) ;
#12021 = EDGE_CURVE ( 'NONE', #144, #289, #4508, .T. ) ;
#12022 = DIRECTION ( 'NONE',  ( 0.000000000000000000, 0.000000000000000000, -1.000000000000000000 ) ) ;
#12023 = LINE ( 'NONE', #1307, #7009 ) ;
#12024 = DIRECTION ( 'NONE',  ( -1.000000000000000000, 0.000000000000000000, 0.000000000000000000 ) ) ;
#12025 = ORIENTED_EDGE ( 'NONE', *, *, #11220, .F. ) ;
#12026 = FACE_OUTER_BOUND ( 'NONE', #818, .T. ) ;
#12027 = VERTEX_POINT ( 'NONE', #875 ) ;
#12028 = CARTESIAN_POINT ( 'NONE',  ( -81.47479656658967428, 21.79999999999999361, 55.13575241859757625 ) ) ;
#12029 = DIRECTION ( 'NONE',  ( -4.336808689942017736E-17, 1.000000000000000000, 0.000000000000000000 ) ) ;
#12030 = CARTESIAN_POINT ( 'NONE',  ( 43.74999999999999289, -61.25000000000001421, 0.4000000000000114575 ) ) ;
#12031 = FACE_OUTER_BOUND ( 'NONE', #668, .T. ) ;
#12032 = ORIENTED_EDGE ( 'NONE', *, *, #11474, .T. ) ;
#12033 = DIRECTION ( 'NONE',  ( -1.541976423090498592E-15, -1.000000000000000000, 0.000000000000000000 ) ) ;
#12034 = EDGE_CURVE ( 'NONE', #3415, #1856, #9827, .T. ) ;
#12035 = FACE_BOUND ( 'NONE', #7373, .T. ) ;
#12036 = VERTEX_POINT ( 'NONE', #8847 ) ;
#12037 = EDGE_CURVE ( 'NONE', #8610, #10532, #3916, .T. ) ;
#12038 = EDGE_CURVE ( 'NONE', #977, #3369, #11992, .T. ) ;
#12039 = ADVANCED_FACE ( 'NONE', ( #1141 ), #1848, .F. ) ;
#12040 = FACE_OUTER_BOUND ( 'NONE', #330, .T. ) ;
#12041 = ORIENTED_EDGE ( 'NONE', *, *, #10774, .T. ) ;
#12042 = DIRECTION ( 'NONE',  ( -2.168404344971017545E-15, -1.000000000000000000, -2.168404344971017545E-15 ) ) ;
#12043 = EDGE_LOOP ( 'NONE', ( #10025, #764 ) ) ;
#12044 = CARTESIAN_POINT ( 'NONE',  ( 26.24999999999998934, 61.25000000000001421, 25.00000000000000000 ) ) ;
#12045 = DIRECTION ( 'NONE',  ( 0.000000000000000000, 0.000000000000000000, 1.000000000000000000 ) ) ;
#12046 = PLANE ( 'NONE',  #2534 ) ;
#12047 = DIRECTION ( 'NONE',  ( 0.5294117647058812492, -0.8483650059915276431, 0.000000000000000000 ) ) ;
#12048 = EDGE_CURVE ( 'NONE', #6741, #2601, #12604, .T. ) ;
#12049 = ORIENTED_EDGE ( 'NONE', *, *, #11813, .F. ) ;
#12050 = VERTEX_POINT ( 'NONE', #3020 ) ;
#12051 = CARTESIAN_POINT ( 'NONE',  ( -45.00000000000002132, -25.00000000000000711, 62.46842896906054676 ) ) ;
#12052 = VECTOR ( 'NONE', #1081, 1000.000000000000000 ) ;
#12053 = ORIENTED_EDGE ( 'NONE', *, *, #11299, .F. ) ;
#12054 = VERTEX_POINT ( 'NONE', #11845 ) ;
#12055 = DIRECTION ( 'NONE',  ( 0.000000000000000000, 0.000000000000000000, 1.000000000000000000 ) ) ;
#12056 = ORIENTED_EDGE ( 'NONE', *, *, #546, .T. ) ;
#12057 = DIRECTION ( 'NONE',  ( 0.5735764363510474917, 0.000000000000000000, 0.8191520442889906883 ) ) ;
#12059 = ADVANCED_FACE ( 'NONE', ( #12040 ), #4051, .F. ) ;
#12058 = ORIENTED_EDGE ( 'NONE', *, *, #9012, .F. ) ;
#12060 = VECTOR ( 'NONE', #8824, 999.9999999999998863 ) ;
#12061 = CARTESIAN_POINT ( 'NONE',  ( -45.00000000000002132, -53.50000000000000711, 12.50000000000000000 ) ) ;
#12062 = FACE_OUTER_BOUND ( 'NONE', #11074, .T. ) ;
#12063 = DIRECTION ( 'NONE',  ( 1.000000000000000000, 0.000000000000000000, 0.000000000000000000 ) ) ;
#12064 = DIRECTION ( 'NONE',  ( -0.000000000000000000, -0.000000000000000000, -1.000000000000000000 ) ) ;
#12065 = LINE ( 'NONE', #507, #11199 ) ;
#12066 = CYLINDRICAL_SURFACE ( 'NONE', #1951, 1.500000000000001332 ) ;
#12067 = AXIS2_PLACEMENT_3D ( 'NONE', #2708, #5895, #1745 ) ;
#12068 = ORIENTED_EDGE ( 'NONE', *, *, #12667, .T. ) ;
#12069 = DIRECTION ( 'NONE',  ( 0.000000000000000000, 0.000000000000000000, -1.000000000000000000 ) ) ;
#12070 = CARTESIAN_POINT ( 'NONE',  ( -45.00000000000001421, 30.00000000000000000, 68.00000000000000000 ) ) ;
#12071 = EDGE_LOOP ( 'NONE', ( #2300, #6070, #7503, #11310 ) ) ;
#12072 = FACE_OUTER_BOUND ( 'NONE', #10224, .T. ) ;
#12073 = PLANE ( 'NONE',  #8134 ) ;
#12074 = VECTOR ( 'NONE', #8189, 1000.000000000000000 ) ;
#12075 = AXIS2_PLACEMENT_3D ( 'NONE', #8658, #9378, #568 ) ;
#12076 = AXIS2_PLACEMENT_3D ( 'NONE', #11148, #12064, #10897 ) ;
#12077 = FACE_OUTER_BOUND ( 'NONE', #7360, .T. ) ;
#12078 = DIRECTION ( 'NONE',  ( 1.000000000000000000, 0.000000000000000000, -0.000000000000000000 ) ) ;
#12079 = ORIENTED_EDGE ( 'NONE', *, *, #5602, .F. ) ;
#12080 = DIRECTION ( 'NONE',  ( 0.000000000000000000, 0.000000000000000000, 1.000000000000000000 ) ) ;
#12081 = AXIS2_PLACEMENT_3D ( 'NONE', #8546, #12642, #12519 ) ;
#12082 = CIRCLE ( 'NONE', #3776, 2.999999999999994671 ) ;
#12083 = CARTESIAN_POINT ( 'NONE',  ( 43.49999999999997868, 53.50000000000000711, 4.000000000000000000 ) ) ;
#12084 = VECTOR ( 'NONE', #3136, 1000.000000000000000 ) ;
#12085 = VERTEX_POINT ( 'NONE', #6977 ) ;
#12086 = EDGE_CURVE ( 'NONE', #2717, #8805, #9684, .T. ) ;
#12087 = DIRECTION ( 'NONE',  ( -2.502005013428087819E-17, -1.000000000000000000, 0.000000000000000000 ) ) ;
#12088 = ORIENTED_EDGE ( 'NONE', *, *, #11229, .F. ) ;
#12089 = DIRECTION ( 'NONE',  ( -0.7071067811865474617, 0.000000000000000000, -0.7071067811865474617 ) ) ;
#12090 = VERTEX_POINT ( 'NONE', #174 ) ;
#12091 = DIRECTION ( 'NONE',  ( -0.000000000000000000, -0.000000000000000000, 1.000000000000000000 ) ) ;
#12092 = ADVANCED_FACE ( 'NONE', ( #4115 ), #8864, .F. ) ;
#12093 = AXIS2_PLACEMENT_3D ( 'NONE', #1226, #7060, #5105 ) ;
#12094 = LINE ( 'NONE', #3196, #3980 ) ;
#12095 = AXIS2_PLACEMENT_3D ( 'NONE', #4163, #12099, #3199 ) ;
#12096 = PLANE ( 'NONE',  #2636 ) ;
#12097 = VECTOR ( 'NONE', #6339, 1000.000000000000000 ) ;
#12098 = EDGE_LOOP ( 'NONE', ( #9490, #8781, #9040, #11947 ) ) ;
#12099 = DIRECTION ( 'NONE',  ( -0.000000000000000000, -0.000000000000000000, 1.000000000000000000 ) ) ;
#12100 = LINE ( 'NONE', #11182, #4024 ) ;
#12101 = EDGE_LOOP ( 'NONE', ( #9285, #6745, #11161, #11614 ) ) ;
#12102 = AXIS2_PLACEMENT_3D ( 'NONE', #8853, #10875, #9900 ) ;
#12103 = DIRECTION ( 'NONE',  ( 0.000000000000000000, 1.000000000000000000, 0.000000000000000000 ) ) ;
#12104 = CONICAL_SURFACE ( 'NONE', #3385, 2.300000000000010481, 0.7853981633974415066 ) ;
#12105 = VECTOR ( 'NONE', #7277, 999.9999999999998863 ) ;
#12106 = ORIENTED_EDGE ( 'NONE', *, *, #8351, .T. ) ;
#12107 = CARTESIAN_POINT ( 'NONE',  ( -43.74999999999999289, -61.25000000000001421, 45.15564437074637993 ) ) ;
#12108 = EDGE_LOOP ( 'NONE', ( #5336, #12828, #1395 ) ) ;
#12109 = LINE ( 'NONE', #4241, #9633 ) ;
#12110 = CARTESIAN_POINT ( 'NONE',  ( -65.23780394253152792, 14.49999999999999822, 42.66779065549124539 ) ) ;
#12111 = DIRECTION ( 'NONE',  ( -0.000000000000000000, -0.000000000000000000, 1.000000000000000000 ) ) ;
#12112 = DIRECTION ( 'NONE',  ( 0.000000000000000000, 0.000000000000000000, -1.000000000000000000 ) ) ;
#12113 = EDGE_LOOP ( 'NONE', ( #1509, #10147, #8373, #5252 ) ) ;
#12114 = ORIENTED_EDGE ( 'NONE', *, *, #3781, .T. ) ;
#12115 = VECTOR ( 'NONE', #10378, 1000.000000000000000 ) ;
#12116 = AXIS2_PLACEMENT_3D ( 'NONE', #2028, #9747, #865 ) ;
#12117 = EDGE_CURVE ( 'NONE', #4569, #4061, #4896, .T. ) ;
#12118 = AXIS2_PLACEMENT_3D ( 'NONE', #6665, #7779, #11750 ) ;
#12119 = CYLINDRICAL_SURFACE ( 'NONE', #3536, 1.500000000000001332 ) ;
#12120 = EDGE_LOOP ( 'NONE', ( #682, #914, #9440 ) ) ;
#12121 = ORIENTED_EDGE ( 'NONE', *, *, #11873, .T. ) ;
#12122 = DIRECTION ( 'NONE',  ( 0.7071067811865378028, 0.000000000000000000, -0.7071067811865573427 ) ) ;
#12123 = EDGE_LOOP ( 'NONE', ( #5843, #1838 ) ) ;
#12124 = AXIS2_PLACEMENT_3D ( 'NONE', #1616, #9460, #581 ) ;
#12125 = DIRECTION ( 'NONE',  ( -1.000000000000000000, -3.154042683594195614E-16, 0.000000000000000000 ) ) ;
#12126 = AXIS2_PLACEMENT_3D ( 'NONE', #134, #2065, #12063 ) ;
#12127 = TOROIDAL_SURFACE ( 'NONE', #1351, 3.000000000000003109, 1.500000000000000000 ) ;
#12129 = EDGE_CURVE ( 'NONE', #1580, #9364, #2095, .T. ) ;
#12128 = ORIENTED_EDGE ( 'NONE', *, *, #4265, .T. ) ;
#12130 = LINE ( 'NONE', #11145, #2593 ) ;
#12131 = CARTESIAN_POINT ( 'NONE',  ( -48.85085293373040116, 21.50000000000000000, 59.27133957236897999 ) ) ;
#12132 = EDGE_CURVE ( 'NONE', #10560, #12447, #3076, .T. ) ;
#12133 = CARTESIAN_POINT ( 'NONE',  ( -47.49999999999999289, 52.49999999999998579, 17.10000000000000142 ) ) ;
#12134 = EDGE_CURVE ( 'NONE', #5031, #11661, #7829, .T. ) ;
#12135 = EDGE_CURVE ( 'NONE', #3151, #2151, #10871, .T. ) ;
#12136 = DIRECTION ( 'NONE',  ( 1.000000000000000000, 0.000000000000000000, 0.000000000000000000 ) ) ;
#12137 = CARTESIAN_POINT ( 'NONE',  ( -47.49999999999999289, -19.40000000000004832, 67.99999999999998579 ) ) ;
#12138 = AXIS2_PLACEMENT_3D ( 'NONE', #12564, #11337, #4636 ) ;
#12139 = AXIS2_PLACEMENT_3D ( 'NONE', #959, #1151, #12047 ) ;
#12140 = VECTOR ( 'NONE', #9544, 1000.000000000000000 ) ;
#12141 = CARTESIAN_POINT ( 'NONE',  ( -27.99999999999998579, 24.99999999999999289, 2.500000000000000000 ) ) ;
#12142 = AXIS2_PLACEMENT_3D ( 'NONE', #6263, #12302, #3406 ) ;
#12143 = ORIENTED_EDGE ( 'NONE', *, *, #6471, .T. ) ;
#12144 = LINE ( 'NONE', #3243, #12523 ) ;
#12145 = DIRECTION ( 'NONE',  ( -0.000000000000000000, -0.000000000000000000, -1.000000000000000000 ) ) ;
#12146 = VERTEX_POINT ( 'NONE', #2042 ) ;
#12147 = DIRECTION ( 'NONE',  ( -1.000000000000000000, 0.000000000000000000, 0.000000000000000000 ) ) ;
#12148 = CARTESIAN_POINT ( 'NONE',  ( 6.999999999999993783, 30.86660026534075740, 12.50000000000000000 ) ) ;
#12149 = FACE_OUTER_BOUND ( 'NONE', #750, .T. ) ;
#12150 = DIRECTION ( 'NONE',  ( 0.000000000000000000, -1.000000000000000000, 0.000000000000000000 ) ) ;
#12151 = EDGE_CURVE ( 'NONE', #9482, #8478, #10731, .T. ) ;
#12152 = ORIENTED_EDGE ( 'NONE', *, *, #4869, .T. ) ;
#12153 = AXIS2_PLACEMENT_3D ( 'NONE', #5001, #9032, #4040 ) ;
#12154 = FACE_OUTER_BOUND ( 'NONE', #2093, .T. ) ;
#12155 = DIRECTION ( 'NONE',  ( -0.000000000000000000, -0.000000000000000000, 1.000000000000000000 ) ) ;
#12156 = VERTEX_POINT ( 'NONE', #8973 ) ;
#12157 = CARTESIAN_POINT ( 'NONE',  ( -1.500000000000001332, -55.00000000000000711, 4.000000000000000000 ) ) ;
#12158 = ORIENTED_EDGE ( 'NONE', *, *, #3043, .T. ) ;
#12159 = LINE ( 'NONE', #3257, #6500 ) ;
#12160 = ADVANCED_FACE ( 'NONE', ( #109 ), #2233, .F. ) ;
#12161 = ORIENTED_EDGE ( 'NONE', *, *, #10898, .F. ) ;
#12162 = DIRECTION ( 'NONE',  ( -0.8191520442889905773, -0.000000000000000000, 0.5735764363510477137 ) ) ;
#12163 = CONICAL_SURFACE ( 'NONE', #550, 3.750000000000000000, 0.7853981633974526089 ) ;
#12164 = FACE_OUTER_BOUND ( 'NONE', #4240, .T. ) ;
#12165 = CARTESIAN_POINT ( 'NONE',  ( -27.99999999999998224, -53.50000000000000711, 4.000000000000000000 ) ) ;
#12166 = ORIENTED_EDGE ( 'NONE', *, *, #621, .F. ) ;
#12167 = CARTESIAN_POINT ( 'NONE',  ( 43.74999999999999289, -61.25000000000001421, 25.00000000000000000 ) ) ;
#12168 = LINE ( 'NONE', #10335, #8790 ) ;
#12169 = ORIENTED_EDGE ( 'NONE', *, *, #2290, .T. ) ;
#12170 = DIRECTION ( 'NONE',  ( -0.000000000000000000, -0.000000000000000000, -1.000000000000000000 ) ) ;
#12171 = ORIENTED_EDGE ( 'NONE', *, *, #4100, .T. ) ;
#12172 = DIRECTION ( 'NONE',  ( 0.5735764363510467145, 0.000000000000000000, 0.8191520442889914655 ) ) ;
#12173 = ORIENTED_EDGE ( 'NONE', *, *, #10966, .F. ) ;
#12174 = FACE_OUTER_BOUND ( 'NONE', #3156, .T. ) ;
#12175 = CARTESIAN_POINT ( 'NONE',  ( -63.08328106123759227, 21.79999999999999361, 42.25787462264925409 ) ) ;
#12176 = CARTESIAN_POINT ( 'NONE',  ( 43.49999999999997868, 6.500000000000004441, 4.000000000000000000 ) ) ;
#12177 = VECTOR ( 'NONE', #5004, 1000.000000000000000 ) ;
#12178 = DIRECTION ( 'NONE',  ( 1.000000000000000000, 0.000000000000000000, 0.000000000000000000 ) ) ;
#12179 = ORIENTED_EDGE ( 'NONE', *, *, #2611, .F. ) ;
#12180 = ADVANCED_FACE ( 'NONE', ( #8070 ), #5548, .T. ) ;
#12181 = EDGE_LOOP ( 'NONE', ( #1994, #6399, #5808, #2747 ) ) ;
#12182 = CARTESIAN_POINT ( 'NONE',  ( 21.49999999999999289, 12.49999999999999467, 4.000000000000000000 ) ) ;
#12183 = ORIENTED_EDGE ( 'NONE', *, *, #6219, .T. ) ;
#12184 = ADVANCED_FACE ( 'NONE', ( #6130 ), #3453, .F. ) ;
#12185 = EDGE_LOOP ( 'NONE', ( #5743, #6188, #4954, #1366 ) ) ;
#12186 = DIRECTION ( 'NONE',  ( -0.000000000000000000, -0.000000000000000000, -1.000000000000000000 ) ) ;
#12187 = VECTOR ( 'NONE', #6499, 1000.000000000000114 ) ;
#12188 = EDGE_LOOP ( 'NONE', ( #5579, #3486, #2373, #343 ) ) ;
#12189 = DIRECTION ( 'NONE',  ( -0.7071067811865474617, 0.000000000000000000, -0.7071067811865474617 ) ) ;
#12190 = EDGE_CURVE ( 'NONE', #3403, #8490, #292, .T. ) ;
#12191 = ORIENTED_EDGE ( 'NONE', *, *, #10688, .T. ) ;
#12192 = FACE_OUTER_BOUND ( 'NONE', #3732, .T. ) ;
#12193 = CARTESIAN_POINT ( 'NONE',  ( -63.76384027885764993, -21.50000000000000000, 37.97338642085522054 ) ) ;
#12194 = SPHERICAL_SURFACE ( 'NONE', #9424, 1.500000000000000000 ) ;
#12195 = AXIS2_PLACEMENT_3D ( 'NONE', #8334, #12308, #3410 ) ;
#12196 = CARTESIAN_POINT ( 'NONE',  ( 32.69999999999999574, 62.50000000000001421, 24.55000000000000071 ) ) ;
#12197 = AXIS2_PLACEMENT_3D ( 'NONE', #11227, #5382, #9340 ) ;
#12198 = CARTESIAN_POINT ( 'NONE',  ( 0.000000000000000000, 0.000000000000000000, 25.00000000000000000 ) ) ;
#12199 = ADVANCED_FACE ( 'NONE', ( #11123, #11318 ), #2422, .T. ) ;
#12200 = DIRECTION ( 'NONE',  ( 0.000000000000000000, -0.000000000000000000, 1.000000000000000000 ) ) ;
#12201 = ORIENTED_EDGE ( 'NONE', *, *, #1998, .T. ) ;
#12202 = CARTESIAN_POINT ( 'NONE',  ( 0.9504814091701095924, 20.02941176470588047, 12.00000000000000000 ) ) ;
#12203 = EDGE_CURVE ( 'NONE', #9728, #2260, #478, .T. ) ;
#12204 = ORIENTED_EDGE ( 'NONE', *, *, #10686, .T. ) ;
#12205 = EDGE_CURVE ( 'NONE', #2105, #11792, #4727, .T. ) ;
#12206 = VECTOR ( 'NONE', #9678, 1000.000000000000114 ) ;
#12207 = EDGE_CURVE ( 'NONE', #5793, #12437, #4237, .T. ) ;
#12208 = AXIS2_PLACEMENT_3D ( 'NONE', #3628, #8817, #1685 ) ;
#12209 = DIRECTION ( 'NONE',  ( 0.000000000000000000, 1.000000000000000000, 0.000000000000000000 ) ) ;
#12210 = DIRECTION ( 'NONE',  ( 0.000000000000000000, 1.000000000000000000, 0.000000000000000000 ) ) ;
#12211 = EDGE_LOOP ( 'NONE', ( #11072, #8898, #4447, #10534 ) ) ;
#12212 = DIRECTION ( 'NONE',  ( -0.000000000000000000, -0.000000000000000000, -1.000000000000000000 ) ) ;
#12213 = EDGE_CURVE ( 'NONE', #4132, #660, #6804, .T. ) ;
#12214 = AXIS2_PLACEMENT_3D ( 'NONE', #2519, #10433, #6472 ) ;
#12215 = FACE_OUTER_BOUND ( 'NONE', #2930, .T. ) ;
#12216 = ORIENTED_EDGE ( 'NONE', *, *, #5825, .F. ) ;
#12217 = CARTESIAN_POINT ( 'NONE',  ( 9.000000000000001776, 53.50000000000000000, 12.50000000000000000 ) ) ;
#12218 = FACE_OUTER_BOUND ( 'NONE', #6600, .T. ) ;
#12219 = ORIENTED_EDGE ( 'NONE', *, *, #28, .T. ) ;
#12220 = VERTEX_POINT ( 'NONE', #8318 ) ;
#12221 = CARTESIAN_POINT ( 'NONE',  ( -33.50000000000002842, 53.49999999999999289, 4.000000000000000000 ) ) ;
#12222 = VERTEX_POINT ( 'NONE', #418 ) ;
#12223 = ADVANCED_FACE ( 'NONE', ( #1455 ), #3480, .F. ) ;
#12224 = EDGE_CURVE ( 'NONE', #101, #10708, #591, .T. ) ;
#12225 = DIRECTION ( 'NONE',  ( -0.8191520442889905773, -0.000000000000000000, 0.5735764363510477137 ) ) ;
#12226 = CARTESIAN_POINT ( 'NONE',  ( -33.12305554938396313, 54.99999999999999289, 12.36783142304525462 ) ) ;
#12227 = FACE_OUTER_BOUND ( 'NONE', #95, .T. ) ;
#12228 = VERTEX_POINT ( 'NONE', #3268 ) ;
#12229 = CARTESIAN_POINT ( 'NONE',  ( -45.23526539614172037, -25.00000000000000000, 62.23316357291884771 ) ) ;
#12230 = LINE ( 'NONE', #415, #10659 ) ;
#12231 = ORIENTED_EDGE ( 'NONE', *, *, #11058, .T. ) ;
#12232 = DIRECTION ( 'NONE',  ( 1.000000000000000000, 0.000000000000000000, 0.000000000000000000 ) ) ;
#12233 = VERTEX_POINT ( 'NONE', #359 ) ;
#12234 = CARTESIAN_POINT ( 'NONE',  ( -30.40000000000000213, -61.25000000000001421, 0.000000000000000000 ) ) ;
#12235 = EDGE_LOOP ( 'NONE', ( #6329, #6273, #2301, #8380 ) ) ;
#12236 = FACE_OUTER_BOUND ( 'NONE', #7557, .T. ) ;
#12237 = LINE ( 'NONE', #12175, #6702 ) ;
#12238 = LINE ( 'NONE', #3334, #8954 ) ;
#12239 = CARTESIAN_POINT ( 'NONE',  ( 8.499999999999992895, 14.54701313970656962, 12.50000000000000000 ) ) ;
#12240 = ORIENTED_EDGE ( 'NONE', *, *, #7637, .T. ) ;
#12241 = ORIENTED_EDGE ( 'NONE', *, *, #36, .F. ) ;
#12242 = DIRECTION ( 'NONE',  ( 0.000000000000000000, 1.000000000000000000, -0.000000000000000000 ) ) ;
#12243 = ORIENTED_EDGE ( 'NONE', *, *, #7649, .T. ) ;
#12244 = ORIENTED_EDGE ( 'NONE', *, *, #9794, .T. ) ;
#12245 = DIRECTION ( 'NONE',  ( 1.000000000000000000, 0.000000000000000000, 0.000000000000000000 ) ) ;
#12246 = EDGE_LOOP ( 'NONE', ( #799, #12681, #1961, #9049 ) ) ;
#12247 = EDGE_CURVE ( 'NONE', #12222, #2628, #9354, .T. ) ;
#12248 = CARTESIAN_POINT ( 'NONE',  ( 21.49999999999999289, 6.500000000000002665, 4.000000000000000000 ) ) ;
#12249 = ORIENTED_EDGE ( 'NONE', *, *, #8710, .T. ) ;
#12250 = DIRECTION ( 'NONE',  ( 1.000000000000000000, -0.000000000000000000, -0.000000000000000000 ) ) ;
#12251 = LINE ( 'NONE', #12131, #2131 ) ;
#12252 = CARTESIAN_POINT ( 'NONE',  ( 21.49999999999999289, 8.000000000000001776, 4.000000000000000000 ) ) ;
#12253 = ADVANCED_FACE ( 'NONE', ( #3205 ), #10117, .F. ) ;
#12254 = DIRECTION ( 'NONE',  ( 9.796085511398436814E-16, -1.000000000000000000, 0.000000000000000000 ) ) ;
#12255 = AXIS2_PLACEMENT_3D ( 'NONE', #963, #10809, #825 ) ;
#12256 = LINE ( 'NONE', #3351, #11208 ) ;
#12257 = DIRECTION ( 'NONE',  ( -1.000000000000000000, 0.000000000000000000, 0.000000000000000000 ) ) ;
#12258 = ORIENTED_EDGE ( 'NONE', *, *, #8422, .T. ) ;
#12259 = DIRECTION ( 'NONE',  ( 4.625929269271481378E-15, 1.000000000000000000, 0.000000000000000000 ) ) ;
#12260 = ORIENTED_EDGE ( 'NONE', *, *, #9841, .F. ) ;
#12261 = CARTESIAN_POINT ( 'NONE',  ( 25.50000000000000000, -30.49999999999999289, 12.50000000000000000 ) ) ;
#12262 = CARTESIAN_POINT ( 'NONE',  ( 21.49999999999995381, 53.50000000000000000, 12.50000000000000000 ) ) ;
#12263 = DIRECTION ( 'NONE',  ( 0.000000000000000000, 0.000000000000000000, 1.000000000000000000 ) ) ;
#12264 = ADVANCED_FACE ( 'NONE', ( #2356 ), #7233, .F. ) ;
#12265 = DIRECTION ( 'NONE',  ( -0.000000000000000000, -0.000000000000000000, 1.000000000000000000 ) ) ;
#12266 = AXIS2_PLACEMENT_3D ( 'NONE', #7280, #8964, #10265 ) ;
#12267 = EDGE_CURVE ( 'NONE', #10488, #3030, #3327, .T. ) ;
#12268 = EDGE_CURVE ( 'NONE', #9337, #548, #12359, .T. ) ;
#12269 = DIRECTION ( 'NONE',  ( 1.000000000000000000, 0.000000000000000000, 0.000000000000000000 ) ) ;
#12270 = EDGE_LOOP ( 'NONE', ( #3456, #11152, #8143, #10219, #1443, #1633, #8385, #3902 ) ) ;
#12271 = CARTESIAN_POINT ( 'NONE',  ( -64.74665272665568239, -21.50000000000000000, 39.88233369421119789 ) ) ;
#12272 = DIRECTION ( 'NONE',  ( 0.000000000000000000, 0.000000000000000000, -1.000000000000000000 ) ) ;
#12273 = ORIENTED_EDGE ( 'NONE', *, *, #7511, .T. ) ;
#12274 = CONICAL_SURFACE ( 'NONE', #6663, 2.000000000000001776, 0.7853981633974479459 ) ;
#12275 = AXIS2_PLACEMENT_3D ( 'NONE', #1562, #9464, #3548 ) ;
#12276 = ORIENTED_EDGE ( 'NONE', *, *, #4085, .F. ) ;
#12277 = CARTESIAN_POINT ( 'NONE',  ( -66.38495681523366443, 21.49999999999998934, 41.02948656691329887 ) ) ;
#12278 = ORIENTED_EDGE ( 'NONE', *, *, #3718, .T. ) ;
#12279 = DIRECTION ( 'NONE',  ( -0.8191520442889829168, 0.000000000000000000, 0.5735764363510588160 ) ) ;
#12280 = CARTESIAN_POINT ( 'NONE',  ( -40.50000000000000000, -41.00000000000000711, 4.000000000000000000 ) ) ;
#12281 = FACE_OUTER_BOUND ( 'NONE', #12309, .T. ) ;
#12282 = EDGE_CURVE ( 'NONE', #12767, #5707, #5337, .T. ) ;
#12283 = EDGE_LOOP ( 'NONE', ( #2234, #5288, #9708, #11426 ) ) ;
#12284 = EDGE_CURVE ( 'NONE', #1302, #5617, #4360, .T. ) ;
#12285 = AXIS2_PLACEMENT_3D ( 'NONE', #147, #10119, #12015 ) ;
#12286 = AXIS2_PLACEMENT_3D ( 'NONE', #8270, #4367, #2172 ) ;
#12287 = DIRECTION ( 'NONE',  ( -1.000000000000000000, 0.000000000000000000, 0.000000000000000000 ) ) ;
#12288 = CIRCLE ( 'NONE', #10825, 6.999999999999992006 ) ;
#12289 = CARTESIAN_POINT ( 'NONE',  ( -40.50000000000000000, -49.49999999999999289, 7.000000000000000888 ) ) ;
#12290 = ORIENTED_EDGE ( 'NONE', *, *, #5538, .T. ) ;
#12291 = DIRECTION ( 'NONE',  ( -1.000000000000000000, 0.000000000000000000, 0.000000000000000000 ) ) ;
#12292 = ORIENTED_EDGE ( 'NONE', *, *, #3952, .T. ) ;
#12293 = CARTESIAN_POINT ( 'NONE',  ( 10.49999999999999289, 10.49999999999999112, 12.50000000000000000 ) ) ;
#12294 = CIRCLE ( 'NONE', #11674, 2.300000000000010481 ) ;
#12295 = ORIENTED_EDGE ( 'NONE', *, *, #4128, .F. ) ;
#12296 = VECTOR ( 'NONE', #7710, 1000.000000000000000 ) ;
#12297 = DIRECTION ( 'NONE',  ( -0.000000000000000000, -0.000000000000000000, -1.000000000000000000 ) ) ;
#12298 = CARTESIAN_POINT ( 'NONE',  ( -33.50000000000000000, -53.50000000000000711, 2.500000000000000444 ) ) ;
#12299 = CARTESIAN_POINT ( 'NONE',  ( 26.00000000000000355, 6.500000000000002665, 4.000000000000000000 ) ) ;
#12300 = CARTESIAN_POINT ( 'NONE',  ( -40.50000000000002132, 42.49999999999999289, 12.00000000000001066 ) ) ;
#12301 = ORIENTED_EDGE ( 'NONE', *, *, #3392, .T. ) ;
#12302 = DIRECTION ( 'NONE',  ( 0.5735764363510477137, -0.000000000000000000, 0.8191520442889906883 ) ) ;
#12303 = AXIS2_PLACEMENT_3D ( 'NONE', #881, #3139, #3921 ) ;
#12304 = AXIS2_PLACEMENT_3D ( 'NONE', #7517, #11490, #2599 ) ;
#12305 = CONICAL_SURFACE ( 'NONE', #3175, 2.000000000000000888, 0.7853981633974487231 ) ;
#12306 = VERTEX_POINT ( 'NONE', #12417 ) ;
#12307 = EDGE_LOOP ( 'NONE', ( #12347, #10693, #9889, #12032, #3272, #10422, #10811, #4823, #7306 ) ) ;
#12308 = DIRECTION ( 'NONE',  ( -0.000000000000000000, -0.000000000000000000, 1.000000000000000000 ) ) ;
#12309 = EDGE_LOOP ( 'NONE', ( #2946, #6651, #11846, #12558 ) ) ;
#12310 = FACE_OUTER_BOUND ( 'NONE', #12185, .T. ) ;
#12311 = ORIENTED_EDGE ( 'NONE', *, *, #5225, .T. ) ;
#12312 = CARTESIAN_POINT ( 'NONE',  ( 6.000000000000001776, 10.99999999999999467, 12.50000000000000000 ) ) ;
#12313 = CARTESIAN_POINT ( 'NONE',  ( 3.000000000000000000, -3.000000000000008882, 2.500000000000000000 ) ) ;
#12314 = EDGE_CURVE ( 'NONE', #409, #9251, #5466, .T. ) ;
#12315 = CIRCLE ( 'NONE', #6700, 4.899999999999996803 ) ;
#12316 = AXIS2_PLACEMENT_3D ( 'NONE', #7680, #11655, #8470 ) ;
#12318 = VECTOR ( 'NONE', #3652, 1000.000000000000000 ) ;
#12317 = CYLINDRICAL_SURFACE ( 'NONE', #9870, 1.500000000000001332 ) ;
#12319 = DIRECTION ( 'NONE',  ( -0.7071067811865500152, 0.000000000000000000, 0.7071067811865451302 ) ) ;
#12320 = CARTESIAN_POINT ( 'NONE',  ( 7.499999999999992895, 22.50000000000000355, 2.500000000000000000 ) ) ;
#12321 = DIRECTION ( 'NONE',  ( -0.8191520442889906883, 0.000000000000000000, 0.5735764363510477137 ) ) ;
#12322 = EDGE_CURVE ( 'NONE', #5614, #289, #4106, .T. ) ;
#12323 = FACE_OUTER_BOUND ( 'NONE', #3853, .T. ) ;
#12324 = VERTEX_POINT ( 'NONE', #12546 ) ;
#12325 = CIRCLE ( 'NONE', #4853, 1.700000000000004174 ) ;
#12326 = AXIS2_PLACEMENT_3D ( 'NONE', #1591, #8704, #2557 ) ;
#12327 = VECTOR ( 'NONE', #5648, 1000.000000000000000 ) ;
#12328 = LINE ( 'NONE', #12202, #8662 ) ;
#12329 = ORIENTED_EDGE ( 'NONE', *, *, #5649, .T. ) ;
#12330 = CARTESIAN_POINT ( 'NONE',  ( 31.99999999999998579, -53.49999999999999289, 2.500000000000000000 ) ) ;
#12331 = CARTESIAN_POINT ( 'NONE',  ( -10.99999999999997513, 24.00000000000000000, 12.50000000000000000 ) ) ;
#12332 = FACE_OUTER_BOUND ( 'NONE', #9953, .T. ) ;
#12333 = AXIS2_PLACEMENT_3D ( 'NONE', #7817, #3724, #3982 ) ;
#12334 = VECTOR ( 'NONE', #4004, 1000.000000000000000 ) ;
#12335 = DIRECTION ( 'NONE',  ( 1.000000000000000000, 0.000000000000000000, 0.000000000000000000 ) ) ;
#12336 = AXIS2_PLACEMENT_3D ( 'NONE', #9281, #404, #4093 ) ;
#12337 = CONICAL_SURFACE ( 'NONE', #1363, 1.999999999999998224, 0.7853981633974482790 ) ;
#12338 = EDGE_CURVE ( 'NONE', #11283, #9730, #1769, .T. ) ;
#12339 = LINE ( 'NONE', #6549, #293 ) ;
#12340 = ORIENTED_EDGE ( 'NONE', *, *, #9601, .T. ) ;
#12341 = DIRECTION ( 'NONE',  ( -0.000000000000000000, -0.000000000000000000, 1.000000000000000000 ) ) ;
#12342 = CARTESIAN_POINT ( 'NONE',  ( -34.00000000000001421, 49.49999999999998579, 12.50000000000000000 ) ) ;
#12343 = ORIENTED_EDGE ( 'NONE', *, *, #8710, .F. ) ;
#12344 = ADVANCED_FACE ( 'NONE', ( #10394 ), #11435, .F. ) ;
#12345 = VECTOR ( 'NONE', #6383, 1000.000000000000000 ) ;
#12346 = AXIS2_PLACEMENT_3D ( 'NONE', #11279, #8284, #2385 ) ;
#12347 = ORIENTED_EDGE ( 'NONE', *, *, #6519, .T. ) ;
#12348 = DIRECTION ( 'NONE',  ( -0.000000000000000000, -0.000000000000000000, 1.000000000000000000 ) ) ;
#12349 = EDGE_CURVE ( 'NONE', #7677, #9411, #4743, .T. ) ;
#12350 = ORIENTED_EDGE ( 'NONE', *, *, #5507, .T. ) ;
#12351 = FACE_OUTER_BOUND ( 'NONE', #9454, .T. ) ;
#12352 = CARTESIAN_POINT ( 'NONE',  ( -48.27727649737935423, 21.50000000000000000, 60.09049161665796390 ) ) ;
#12353 = LINE ( 'NONE', #3446, #11345 ) ;
#12354 = EDGE_LOOP ( 'NONE', ( #246, #11799, #2167, #11322 ) ) ;
#12355 = DIRECTION ( 'NONE',  ( -1.000000000000000000, 0.000000000000000000, 0.000000000000000000 ) ) ;
#12356 = DIRECTION ( 'NONE',  ( -1.000000000000000000, 0.000000000000000000, 0.000000000000000000 ) ) ;
#12357 = EDGE_CURVE ( 'NONE', #8089, #3603, #7841, .T. ) ;
#12358 = VERTEX_POINT ( 'NONE', #5718 ) ;
#12359 = LINE ( 'NONE', #10274, #186 ) ;
#12360 = EDGE_CURVE ( 'NONE', #9226, #6829, #10533, .T. ) ;
#12361 = EDGE_LOOP ( 'NONE', ( #2322, #188, #11457, #860 ) ) ;
#12362 = EDGE_CURVE ( 'NONE', #6300, #9559, #547, .T. ) ;
#12363 = DIRECTION ( 'NONE',  ( -0.000000000000000000, -0.000000000000000000, 1.000000000000000000 ) ) ;
#12364 = CIRCLE ( 'NONE', #4275, 8.499999999999992895 ) ;
#12365 = ORIENTED_EDGE ( 'NONE', *, *, #6559, .F. ) ;
#12366 = LINE ( 'NONE', #5344, #2801 ) ;
#12367 = FACE_OUTER_BOUND ( 'NONE', #10266, .T. ) ;
#12368 = CARTESIAN_POINT ( 'NONE',  ( 32.12096435643150016, -54.99999999999999289, 11.99999999999998757 ) ) ;
#12369 = LINE ( 'NONE', #10151, #954 ) ;
#12370 = EDGE_LOOP ( 'NONE', ( #12413, #3497, #8606, #3091 ) ) ;
#12371 = CARTESIAN_POINT ( 'NONE',  ( 44.99999999999998579, 7.087805237216596055, 12.10797579635455179 ) ) ;
#12372 = VERTEX_POINT ( 'NONE', #3642 ) ;
#12373 = CARTESIAN_POINT ( 'NONE',  ( -45.00000000000002132, -30.00000000000000000, 25.00000000000000000 ) ) ;
#12374 = ORIENTED_EDGE ( 'NONE', *, *, #4100, .F. ) ;
#12375 = CARTESIAN_POINT ( 'NONE',  ( -23.99999999999996447, 24.99999999999999289, 12.50000000000000000 ) ) ;
#12376 = ORIENTED_EDGE ( 'NONE', *, *, #11122, .F. ) ;
#12377 = DIRECTION ( 'NONE',  ( 1.000000000000000000, 0.000000000000000000, 0.000000000000000000 ) ) ;
#12378 = ORIENTED_EDGE ( 'NONE', *, *, #11399, .T. ) ;
#12379 = VECTOR ( 'NONE', #12412, 1000.000000000000000 ) ;
#12380 = CARTESIAN_POINT ( 'NONE',  ( 43.49999999999997868, 53.50000000000000711, 24.99999999999999289 ) ) ;
#12381 = LINE ( 'NONE', #9377, #10221 ) ;
#12382 = CARTESIAN_POINT ( 'NONE',  ( 36.69999999999998863, 62.50000000000001421, 25.00000000000000000 ) ) ;
#12383 = CARTESIAN_POINT ( 'NONE',  ( -61.96119576537560647, -14.49999999999999467, 40.37348491008709317 ) ) ;
#12384 = ADVANCED_FACE ( 'NONE', ( #4490 ), #11573, .F. ) ;
#12385 = CYLINDRICAL_SURFACE ( 'NONE', #6242, 7.000000000000001776 ) ;
#12386 = AXIS2_PLACEMENT_3D ( 'NONE', #5429, #4390, #11348 ) ;
#12387 = EDGE_LOOP ( 'NONE', ( #1497, #5885, #5950, #6994 ) ) ;
#12388 = VERTEX_POINT ( 'NONE', #3707 ) ;
#12389 = DIRECTION ( 'NONE',  ( -0.000000000000000000, -0.000000000000000000, -1.000000000000000000 ) ) ;
#12390 = ORIENTED_EDGE ( 'NONE', *, *, #12428, .F. ) ;
#12391 = DIRECTION ( 'NONE',  ( 0.000000000000000000, 0.000000000000000000, -1.000000000000000000 ) ) ;
#12392 = DIRECTION ( 'NONE',  ( 1.000000000000000000, 0.000000000000000000, 0.000000000000000000 ) ) ;
#12393 = DIRECTION ( 'NONE',  ( 0.000000000000000000, 0.000000000000000000, -1.000000000000000000 ) ) ;
#12394 = VECTOR ( 'NONE', #8201, 1000.000000000000000 ) ;
#12395 = AXIS2_PLACEMENT_3D ( 'NONE', #9523, #6732, #769 ) ;
#12396 = CARTESIAN_POINT ( 'NONE',  ( -26.49999999999998224, -55.00000000000000711, 12.50000000000000000 ) ) ;
#12397 = DIRECTION ( 'NONE',  ( 0.000000000000000000, 0.000000000000000000, -1.000000000000000000 ) ) ;
#12398 = FACE_OUTER_BOUND ( 'NONE', #3710, .T. ) ;
#12399 = ORIENTED_EDGE ( 'NONE', *, *, #12428, .T. ) ;
#12400 = AXIS2_PLACEMENT_3D ( 'NONE', #7658, #11380, #2675 ) ;
#12401 = DIRECTION ( 'NONE',  ( -0.000000000000000000, -0.000000000000000000, -1.000000000000000000 ) ) ;
#12403 = AXIS2_PLACEMENT_3D ( 'NONE', #3058, #272, #8182 ) ;
#12402 = DIRECTION ( 'NONE',  ( 1.000000000000000000, -0.000000000000000000, 0.000000000000000000 ) ) ;
#12404 = ORIENTED_EDGE ( 'NONE', *, *, #2481, .F. ) ;
#12405 = ORIENTED_EDGE ( 'NONE', *, *, #1071, .T. ) ;
#12406 = PLANE ( 'NONE',  #8770 ) ;
#12407 = EDGE_CURVE ( 'NONE', #1220, #4200, #11787, .T. ) ;
#12408 = ORIENTED_EDGE ( 'NONE', *, *, #8398, .F. ) ;
#12409 = LINE ( 'NONE', #3502, #1582 ) ;
#12410 = AXIS2_PLACEMENT_3D ( 'NONE', #515, #274, #3544 ) ;
#12411 = DIRECTION ( 'NONE',  ( 1.000000000000000000, 0.000000000000000000, 0.000000000000000000 ) ) ;
#12412 = DIRECTION ( 'NONE',  ( 1.000000000000000000, -0.000000000000000000, -0.000000000000000000 ) ) ;
#12413 = ORIENTED_EDGE ( 'NONE', *, *, #4964, .F. ) ;
#12414 = EDGE_CURVE ( 'NONE', #8660, #8919, #2484, .T. ) ;
#12415 = CARTESIAN_POINT ( 'NONE',  ( 43.49999999999997868, -40.99999999999998579, 12.50000000000000000 ) ) ;
#12416 = DIRECTION ( 'NONE',  ( -0.000000000000000000, 1.000000000000000000, -0.000000000000000000 ) ) ;
#12417 = CARTESIAN_POINT ( 'NONE',  ( 30.39999999999999503, 62.50000000000001421, 0.000000000000000000 ) ) ;
#12418 = ORIENTED_EDGE ( 'NONE', *, *, #784, .F. ) ;
#12419 = CARTESIAN_POINT ( 'NONE',  ( 0.000000000000000000, 0.000000000000000000, 2.500000000000000000 ) ) ;
#12420 = ORIENTED_EDGE ( 'NONE', *, *, #11587, .T. ) ;
#12421 = DIRECTION ( 'NONE',  ( 1.000000000000000000, 0.000000000000000000, 0.000000000000000000 ) ) ;
#12422 = CYLINDRICAL_SURFACE ( 'NONE', #10657, 1.500000000000001332 ) ;
#12423 = CARTESIAN_POINT ( 'NONE',  ( -34.00000000000000711, 49.49999999999998579, 12.50000000000000000 ) ) ;
#12424 = LINE ( 'NONE', #4622, #7195 ) ;
#12425 = ORIENTED_EDGE ( 'NONE', *, *, #11795, .F. ) ;
#12426 = EDGE_CURVE ( 'NONE', #12740, #12027, #7418, .T. ) ;
#12427 = DIRECTION ( 'NONE',  ( 0.000000000000000000, 1.000000000000000000, 0.000000000000000000 ) ) ;
#12428 = EDGE_CURVE ( 'NONE', #11302, #11270, #2865, .T. ) ;
#12429 = EDGE_CURVE ( 'NONE', #3526, #1337, #9493, .T. ) ;
#12430 = EDGE_CURVE ( 'NONE', #5661, #5093, #5350, .T. ) ;
#12431 = ORIENTED_EDGE ( 'NONE', *, *, #10916, .F. ) ;
#12432 = FACE_OUTER_BOUND ( 'NONE', #2493, .T. ) ;
#12433 = VERTEX_POINT ( 'NONE', #3572 ) ;
#12434 = CARTESIAN_POINT ( 'NONE',  ( 10.49999999999999289, 12.49999999999999289, 12.50000000000000000 ) ) ;
#12435 = ORIENTED_EDGE ( 'NONE', *, *, #4038, .F. ) ;
#12436 = CYLINDRICAL_SURFACE ( 'NONE', #6907, 2.999999999999999112 ) ;
#12437 = VERTEX_POINT ( 'NONE', #6569 ) ;
#12438 = CARTESIAN_POINT ( 'NONE',  ( 7.500000000000000000, 53.50000000000000000, 4.000000000000000000 ) ) ;
#12439 = ADVANCED_FACE ( 'NONE', ( #10588 ), #9545, .F. ) ;
#12440 = DIRECTION ( 'NONE',  ( -1.000000000000000000, 0.000000000000000000, 0.000000000000000000 ) ) ;
#12441 = DIRECTION ( 'NONE',  ( -0.000000000000000000, -0.000000000000000000, 1.000000000000000000 ) ) ;
#12442 = CARTESIAN_POINT ( 'NONE',  ( -49.83366538152844072, 21.50000000000000000, 61.18028684572495735 ) ) ;
#12443 = ORIENTED_EDGE ( 'NONE', *, *, #1261, .T. ) ;
#12444 = DIRECTION ( 'NONE',  ( 0.000000000000000000, 0.000000000000000000, 1.000000000000000000 ) ) ;
#12445 = EDGE_CURVE ( 'NONE', #3606, #10532, #5558, .T. ) ;
#12446 = ORIENTED_EDGE ( 'NONE', *, *, #8287, .F. ) ;
#12447 = VERTEX_POINT ( 'NONE', #2926 ) ;
#12448 = CARTESIAN_POINT ( 'NONE',  ( 7.500000000000000000, 55.00000000000000000, 4.000000000000000000 ) ) ;
#12449 = ORIENTED_EDGE ( 'NONE', *, *, #5531, .T. ) ;
#12450 = CARTESIAN_POINT ( 'NONE',  ( 8.999999999999992895, 30.86660026534075740, 12.50000000000000000 ) ) ;
#12451 = CARTESIAN_POINT ( 'NONE',  ( -65.72173266845246076, -21.50000000000000000, 38.48977521891991671 ) ) ;
#12452 = CARTESIAN_POINT ( 'NONE',  ( 21.49999999999999289, 12.49999999999999467, 12.00000000000000000 ) ) ;
#12453 = DIRECTION ( 'NONE',  ( -0.000000000000000000, -0.000000000000000000, -1.000000000000000000 ) ) ;
#12454 = PLANE ( 'NONE',  #6926 ) ;
#12455 = DIRECTION ( 'NONE',  ( -1.000000000000000000, -1.541976423090495387E-16, 0.000000000000000000 ) ) ;
#12456 = LINE ( 'NONE', #457, #5654 ) ;
#12457 = ORIENTED_EDGE ( 'NONE', *, *, #2707, .F. ) ;
#12458 = CYLINDRICAL_SURFACE ( 'NONE', #7133, 1.500000000000001332 ) ;
#12459 = AXIS2_PLACEMENT_3D ( 'NONE', #11538, #12444, #1609 ) ;
#12460 = CARTESIAN_POINT ( 'NONE',  ( 22.99999999999999645, 12.49999999999999645, 4.000000000000000000 ) ) ;
#12461 = ORIENTED_EDGE ( 'NONE', *, *, #546, .F. ) ;
#12462 = ORIENTED_EDGE ( 'NONE', *, *, #538, .F. ) ;
#12463 = LINE ( 'NONE', #7461, #12105 ) ;
#12464 = EDGE_LOOP ( 'NONE', ( #8232, #12560, #10130, #3031 ) ) ;
#12465 = AXIS2_PLACEMENT_3D ( 'NONE', #165, #5076, #352 ) ;
#12466 = LINE ( 'NONE', #2539, #5508 ) ;
#12467 = EDGE_CURVE ( 'NONE', #3411, #9411, #4033, .T. ) ;
#12468 = LINE ( 'NONE', #3503, #2094 ) ;
#12469 = DIRECTION ( 'NONE',  ( -0.000000000000000000, -0.000000000000000000, -1.000000000000000000 ) ) ;
#12470 = ORIENTED_EDGE ( 'NONE', *, *, #8226, .F. ) ;
#12471 = DIRECTION ( 'NONE',  ( 1.000000000000000000, 0.000000000000000000, 0.000000000000000000 ) ) ;
#12472 = EDGE_CURVE ( 'NONE', #9991, #234, #1625, .T. ) ;
#12473 = DIRECTION ( 'NONE',  ( 0.000000000000000000, 0.000000000000000000, -1.000000000000000000 ) ) ;
#12474 = AXIS2_PLACEMENT_3D ( 'NONE', #399, #6356, #9527 ) ;
#12475 = DIRECTION ( 'NONE',  ( 1.000000000000000000, 0.000000000000000000, 0.000000000000000000 ) ) ;
#12476 = ORIENTED_EDGE ( 'NONE', *, *, #8844, .F. ) ;
#12477 = EDGE_CURVE ( 'NONE', #12768, #5013, #1123, .T. ) ;
#12478 = DIRECTION ( 'NONE',  ( -9.796085511398436814E-16, 1.000000000000000000, 0.000000000000000000 ) ) ;
#12479 = ORIENTED_EDGE ( 'NONE', *, *, #6869, .F. ) ;
#12480 = CARTESIAN_POINT ( 'NONE',  ( -32.00000000000000000, -53.50000000000000711, 4.000000000000000000 ) ) ;
#12481 = CARTESIAN_POINT ( 'NONE',  ( 37.29999999999998295, 62.50000000000001421, 19.00000000000000355 ) ) ;
#12482 = VECTOR ( 'NONE', #9092, 1000.000000000000227 ) ;
#12483 = DIRECTION ( 'NONE',  ( 0.000000000000000000, -0.7071067811865474617, -0.7071067811865474617 ) ) ;
#12484 = AXIS2_PLACEMENT_3D ( 'NONE', #2693, #10613, #1664 ) ;
#12485 = DIRECTION ( 'NONE',  ( -0.5792279653395847605, 0.7071067811865342501, 0.4055797876726398021 ) ) ;
#12486 = AXIS2_PLACEMENT_3D ( 'NONE', #10146, #1204, #2097 ) ;
#12487 = ORIENTED_EDGE ( 'NONE', *, *, #9310, .F. ) ;
#12488 = DIRECTION ( 'NONE',  ( 1.000000000000000000, 8.673617379884147885E-16, 0.000000000000000000 ) ) ;
#12489 = VERTEX_POINT ( 'NONE', #6826 ) ;
#12490 = CARTESIAN_POINT ( 'NONE',  ( 4.499999999999992006, 14.54701313970656962, 12.00000000000000000 ) ) ;
#12491 = ORIENTED_EDGE ( 'NONE', *, *, #2611, .T. ) ;
#12492 = VECTOR ( 'NONE', #6164, 1000.000000000000114 ) ;
#12493 = DIRECTION ( 'NONE',  ( -1.000000000000000000, 0.000000000000000000, 0.000000000000000000 ) ) ;
#12494 = CONICAL_SURFACE ( 'NONE', #8548, 0.9999999999999995559, 0.7853981633974482790 ) ;
#12495 = AXIS2_PLACEMENT_3D ( 'NONE', #3750, #5773, #11382 ) ;
#12496 = ORIENTED_EDGE ( 'NONE', *, *, #3695, .F. ) ;
#12497 = ORIENTED_EDGE ( 'NONE', *, *, #2931, .F. ) ;
#12498 = PLANE ( 'NONE',  #5268 ) ;
#12499 = CARTESIAN_POINT ( 'NONE',  ( -26.24999999999998934, -61.25000000000001421, 0.000000000000000000 ) ) ;
#12500 = EDGE_CURVE ( 'NONE', #6308, #5830, #9741, .T. ) ;
#12501 = CARTESIAN_POINT ( 'NONE',  ( -32.00000000000000000, -53.50000000000000711, 2.500000000000000000 ) ) ;
#12502 = DIRECTION ( 'NONE',  ( -1.000000000000000000, 0.000000000000000000, 0.000000000000000000 ) ) ;
#12503 = ORIENTED_EDGE ( 'NONE', *, *, #4979, .F. ) ;
#12504 = VECTOR ( 'NONE', #1165, 1000.000000000000000 ) ;
#12505 = AXIS2_PLACEMENT_3D ( 'NONE', #11571, #2545, #9608 ) ;
#12506 = VECTOR ( 'NONE', #7660, 1000.000000000000000 ) ;
#12507 = FACE_OUTER_BOUND ( 'NONE', #11738, .T. ) ;
#12508 = VERTEX_POINT ( 'NONE', #25 ) ;
#12509 = ORIENTED_EDGE ( 'NONE', *, *, #1732, .T. ) ;
#12510 = CARTESIAN_POINT ( 'NONE',  ( 47.50000000000000711, -39.49999999999998579, 14.10000000000000142 ) ) ;
#12511 = EDGE_CURVE ( 'NONE', #8725, #1660, #4941, .T. ) ;
#12512 = ORIENTED_EDGE ( 'NONE', *, *, #10201, .T. ) ;
#12513 = EDGE_CURVE ( 'NONE', #4550, #3258, #12612, .T. ) ;
#12514 = ADVANCED_FACE ( 'NONE', ( #4804 ), #9027, .T. ) ;
#12515 = LINE ( 'NONE', #706, #3880 ) ;
#12516 = VECTOR ( 'NONE', #8208, 1000.000000000000000 ) ;
#12517 = ADVANCED_FACE ( 'NONE', ( #1958 ), #3765, .T. ) ;
#12518 = CARTESIAN_POINT ( 'NONE',  ( 1.500000000000007994, -53.50000000000000000, 4.000000000000000000 ) ) ;
#12519 = DIRECTION ( 'NONE',  ( -1.000000000000000000, 0.000000000000000000, -0.000000000000000000 ) ) ;
#12520 = EDGE_CURVE ( 'NONE', #3905, #780, #5919, .T. ) ;
#12521 = CARTESIAN_POINT ( 'NONE',  ( -6.500000000000005329, 57.49999999999999289, 14.10000000000000142 ) ) ;
#12522 = CARTESIAN_POINT ( 'NONE',  ( -34.99999999999999289, -62.50000000000001421, 24.55000000000000071 ) ) ;
#12523 = VECTOR ( 'NONE', #3428, 1000.000000000000000 ) ;
#12524 = AXIS2_PLACEMENT_3D ( 'NONE', #12396, #2328, #12029 ) ;
#12525 = CONICAL_SURFACE ( 'NONE', #3194, 3.349999999999984990, 0.7853981633974526089 ) ;
#12526 = CARTESIAN_POINT ( 'NONE',  ( 7.500000000000000000, 53.50000000000000000, 2.500000000000000000 ) ) ;
#12527 = ORIENTED_EDGE ( 'NONE', *, *, #135, .F. ) ;
#12528 = LINE ( 'NONE', #11819, #2149 ) ;
#12529 = DIRECTION ( 'NONE',  ( 0.5735764363510357233, 0.000000000000000000, 0.8191520442889990150 ) ) ;
#12530 = ORIENTED_EDGE ( 'NONE', *, *, #2062, .F. ) ;
#12531 = CARTESIAN_POINT ( 'NONE',  ( -65.11586616530635752, 24.99999999999999289, 35.86814866649763189 ) ) ;
#12532 = CIRCLE ( 'NONE', #11509, 4.500000000000000000 ) ;
#12533 = CONICAL_SURFACE ( 'NONE', #6935, 3.750000000000000000, 0.7853981633974482790 ) ;
#12534 = ORIENTED_EDGE ( 'NONE', *, *, #7637, .F. ) ;
#12535 = CIRCLE ( 'NONE', #4235, 3.749999999999996447 ) ;
#12536 = CARTESIAN_POINT ( 'NONE',  ( 22.82287565553224340, 55.00000000000000711, 12.50000000000000000 ) ) ;
#12537 = CARTESIAN_POINT ( 'NONE',  ( -67.27812155260154725, 21.49999999999998934, 39.57957044798689594 ) ) ;
#12538 = CARTESIAN_POINT ( 'NONE',  ( 7.499999999999992895, 22.50000000000000355, 2.500000000000000000 ) ) ;
#12539 = EDGE_CURVE ( 'NONE', #3409, #1243, #9290, .T. ) ;
#12540 = ORIENTED_EDGE ( 'NONE', *, *, #12513, .F. ) ;
#12541 = DIRECTION ( 'NONE',  ( -1.584603175171121998E-16, 1.000000000000000000, 0.000000000000000000 ) ) ;
#12542 = AXIS2_PLACEMENT_3D ( 'NONE', #9954, #12628, #4829 ) ;
#12543 = LINE ( 'NONE', #6567, #4835 ) ;
#12544 = CONICAL_SURFACE ( 'NONE', #5878, 0.9999999999999942268, 0.7853981633974341792 ) ;
#12545 = EDGE_CURVE ( 'NONE', #7810, #1982, #9937, .T. ) ;
#12546 = CARTESIAN_POINT ( 'NONE',  ( 43.49999999999997868, -43.00000000000001421, 12.50000000000000000 ) ) ;
#12547 = ORIENTED_EDGE ( 'NONE', *, *, #6490, .F. ) ;
#12548 = EDGE_LOOP ( 'NONE', ( #12673, #3304, #10381, #4691 ) ) ;
#12549 = CARTESIAN_POINT ( 'NONE',  ( -15.50000000000000355, 57.49999999999999289, 17.10000000000000142 ) ) ;
#12550 = CARTESIAN_POINT ( 'NONE',  ( 3.000000000000007994, -53.50000000000000000, 2.500000000000000000 ) ) ;
#12551 = AXIS2_PLACEMENT_3D ( 'NONE', #9496, #5592, #669 ) ;
#12552 = CONICAL_SURFACE ( 'NONE', #3024, 1.799999999999994049, 0.7853981633973969867 ) ;
#12553 = FACE_OUTER_BOUND ( 'NONE', #9223, .T. ) ;
#12554 = DIRECTION ( 'NONE',  ( 0.000000000000000000, 0.000000000000000000, -1.000000000000000000 ) ) ;
#12555 = ORIENTED_EDGE ( 'NONE', *, *, #7425, .F. ) ;
#12556 = CARTESIAN_POINT ( 'NONE',  ( 36.69999999999998863, -62.50000000000001421, 13.00000000000000178 ) ) ;
#12557 = LINE ( 'NONE', #2455, #12318 ) ;
#12558 = ORIENTED_EDGE ( 'NONE', *, *, #5598, .T. ) ;
#12559 = CARTESIAN_POINT ( 'NONE',  ( -48.85085293373040116, -21.50000000000000000, 59.27133957236899420 ) ) ;
#12560 = ORIENTED_EDGE ( 'NONE', *, *, #9890, .F. ) ;
#12561 = CARTESIAN_POINT ( 'NONE',  ( 43.49999999999997868, -54.99999999999999289, 25.00000000000000000 ) ) ;
#12562 = ORIENTED_EDGE ( 'NONE', *, *, #4227, .F. ) ;
#12563 = ORIENTED_EDGE ( 'NONE', *, *, #4487, .T. ) ;
#12564 = CARTESIAN_POINT ( 'NONE',  ( -66.38495681523366443, -21.50000000000000000, 41.02948656691329887 ) ) ;
#12565 = CARTESIAN_POINT ( 'NONE',  ( -65.72173266845246076, 21.49999999999998934, 38.48977521891991671 ) ) ;
#12566 = EDGE_CURVE ( 'NONE', #5832, #6687, #2023, .T. ) ;
#12567 = CARTESIAN_POINT ( 'NONE',  ( -47.49999999999998579, -30.00000000000000000, 68.00000000000000000 ) ) ;
#12568 = DIRECTION ( 'NONE',  ( 1.000000000000000000, -1.734723475976805517E-15, 0.000000000000000000 ) ) ;
#12569 = ORIENTED_EDGE ( 'NONE', *, *, #6548, .F. ) ;
#12570 = CYLINDRICAL_SURFACE ( 'NONE', #3955, 2.999999999999992450 ) ;
#12571 = EDGE_CURVE ( 'NONE', #8447, #8637, #8895, .T. ) ;
#12572 = ORIENTED_EDGE ( 'NONE', *, *, #10821, .T. ) ;
#12573 = ORIENTED_EDGE ( 'NONE', *, *, #7973, .F. ) ;
#12574 = EDGE_CURVE ( 'NONE', #10891, #7787, #1431, .T. ) ;
#12575 = DIRECTION ( 'NONE',  ( 1.261617073437676865E-15, -1.000000000000000000, 0.000000000000000000 ) ) ;
#12576 = EDGE_LOOP ( 'NONE', ( #3011, #11463, #873, #11863 ) ) ;
#12577 = CARTESIAN_POINT ( 'NONE',  ( 2.082805839201249842, -54.99999999999999289, 12.24680279941677874 ) ) ;
#12578 = CYLINDRICAL_SURFACE ( 'NONE', #1207, 3.750000000000000000 ) ;
#12579 = CARTESIAN_POINT ( 'NONE',  ( -39.99999999999999289, 62.50000000000001421, 45.15564437074637993 ) ) ;
#12580 = DIRECTION ( 'NONE',  ( -0.000000000000000000, -0.000000000000000000, -1.000000000000000000 ) ) ;
#12581 = DIRECTION ( 'NONE',  ( -0.000000000000000000, -0.000000000000000000, 1.000000000000000000 ) ) ;
#12582 = CIRCLE ( 'NONE', #12208, 1.500000000000001332 ) ;
#12583 = CARTESIAN_POINT ( 'NONE',  ( 2.999999999999993339, 29.71110255092798269, 2.500000000000000000 ) ) ;
#12584 = EDGE_CURVE ( 'NONE', #8491, #4759, #6192, .T. ) ;
#12585 = CONICAL_SURFACE ( 'NONE', #8027, 2.750000000000002665, 0.7853981633974560506 ) ;
#12586 = CARTESIAN_POINT ( 'NONE',  ( -47.49999999999999289, 53.74999999999999289, 25.00000000000000000 ) ) ;
#12587 = EDGE_CURVE ( 'NONE', #9977, #3038, #8957, .T. ) ;
#12588 = ORIENTED_EDGE ( 'NONE', *, *, #5700, .F. ) ;
#12589 = EDGE_CURVE ( 'NONE', #12358, #12324, #7860, .T. ) ;
#12590 = CARTESIAN_POINT ( 'NONE',  ( -34.99999999999999289, 62.50000000000001421, 45.15564437074637993 ) ) ;
#12591 = ADVANCED_FACE ( 'NONE', ( #2871 ), #11702, .F. ) ;
#12592 = ORIENTED_EDGE ( 'NONE', *, *, #9650, .F. ) ;
#12593 = DIRECTION ( 'NONE',  ( -0.8191520442889907994, -0.000000000000000000, 0.5735764363510478248 ) ) ;
#12594 = ORIENTED_EDGE ( 'NONE', *, *, #6204, .T. ) ;
#12595 = AXIS2_PLACEMENT_3D ( 'NONE', #10559, #5619, #12698 ) ;
#12596 = VECTOR ( 'NONE', #3953, 1000.000000000000114 ) ;
#12597 = DIRECTION ( 'NONE',  ( 0.5735764363510473807, 0.000000000000000000, 0.8191520442889909104 ) ) ;
#12598 = ORIENTED_EDGE ( 'NONE', *, *, #12801, .F. ) ;
#12599 = CARTESIAN_POINT ( 'NONE',  ( -50.41497432388073463, -21.50000000000000000, 63.66264055008324618 ) ) ;
#12600 = ADVANCED_FACE ( 'NONE', ( #8418 ), #8186, .F. ) ;
#12601 = DIRECTION ( 'NONE',  ( 0.5792279653395573380, -0.7071067811865564545, -0.4055797876726401352 ) ) ;
#12602 = LINE ( 'NONE', #4544, #12187 ) ;
#12603 = CARTESIAN_POINT ( 'NONE',  ( 8.735294117647049106, 29.39014139498651090, 12.00000000000000000 ) ) ;
#12604 = CIRCLE ( 'NONE', #2439, 2.000000000000001776 ) ;
#12605 = AXIS2_PLACEMENT_3D ( 'NONE', #6233, #8054, #5982 ) ;
#12606 = CARTESIAN_POINT ( 'NONE',  ( -6.499999999999999112, 55.00000000000000000, 4.000000000000000000 ) ) ;
#12607 = CARTESIAN_POINT ( 'NONE',  ( -65.23780394253152792, -14.49999999999999467, 42.66779065549123828 ) ) ;
#12608 = DIRECTION ( 'NONE',  ( 0.000000000000000000, 1.000000000000000000, 0.000000000000000000 ) ) ;
#12609 = EDGE_CURVE ( 'NONE', #551, #5585, #4126, .T. ) ;
#12610 = EDGE_CURVE ( 'NONE', #5293, #205, #2667, .T. ) ;
#12611 = ORIENTED_EDGE ( 'NONE', *, *, #1963, .F. ) ;
#12612 = CIRCLE ( 'NONE', #1011, 1.499999999999999556 ) ;
#12613 = ORIENTED_EDGE ( 'NONE', *, *, #10308, .F. ) ;
#12614 = CIRCLE ( 'NONE', #7016, 1.500000000000001332 ) ;
#12615 = CARTESIAN_POINT ( 'NONE',  ( 33.29999999999999005, -62.50000000000001421, 13.00000000000000178 ) ) ;
#12616 = CARTESIAN_POINT ( 'NONE',  ( -24.99999999999998224, 24.99999999999999289, 12.50000000000000000 ) ) ;
#12617 = DIRECTION ( 'NONE',  ( 0.000000000000000000, -1.000000000000000000, 0.000000000000000000 ) ) ;
#12618 = CARTESIAN_POINT ( 'NONE',  ( 7.499999999999992895, 22.50000000000000355, 2.500000000000000000 ) ) ;
#12619 = ORIENTED_EDGE ( 'NONE', *, *, #9943, .T. ) ;
#12620 = CARTESIAN_POINT ( 'NONE',  ( -62.47741455809154587, -21.50000000000000000, 39.63624807022699059 ) ) ;
#12621 = AXIS2_PLACEMENT_3D ( 'NONE', #10131, #158, #2145 ) ;
#12622 = LINE ( 'NONE', #2390, #6100 ) ;
#12623 = ORIENTED_EDGE ( 'NONE', *, *, #3267, .T. ) ;
#12624 = ORIENTED_EDGE ( 'NONE', *, *, #8071, .T. ) ;
#12625 = LINE ( 'NONE', #2633, #4927 ) ;
#12626 = ORIENTED_EDGE ( 'NONE', *, *, #4795, .T. ) ;
#12627 = ORIENTED_EDGE ( 'NONE', *, *, #2269, .F. ) ;
#12628 = DIRECTION ( 'NONE',  ( -0.8191520442889906883, -0.000000000000000000, 0.5735764363510477137 ) ) ;
#12629 = DIRECTION ( 'NONE',  ( -0.8191520442889907994, -0.000000000000000000, 0.5735764363510478248 ) ) ;
#12630 = CARTESIAN_POINT ( 'NONE',  ( -6.499999999999999112, 23.50000000000000355, 12.50000000000000000 ) ) ;
#12631 = PLANE ( 'NONE',  #4458 ) ;
#12632 = ORIENTED_EDGE ( 'NONE', *, *, #71, .T. ) ;
#12633 = CARTESIAN_POINT ( 'NONE',  ( -46.53198962753244672, -5.049290369784429937E-15, 62.40867490146091967 ) ) ;
#12634 = EDGE_LOOP ( 'NONE', ( #10156, #3250, #722, #1467 ) ) ;
#12635 = EDGE_CURVE ( 'NONE', #12090, #11060, #1437, .T. ) ;
#12636 = EDGE_LOOP ( 'NONE', ( #6890, #1702, #6690, #3722 ) ) ;
#12637 = CYLINDRICAL_SURFACE ( 'NONE', #10514, 1.499999999999999556 ) ;
#12638 = ORIENTED_EDGE ( 'NONE', *, *, #10024, .T. ) ;
#12639 = DIRECTION ( 'NONE',  ( 0.000000000000000000, 0.000000000000000000, -1.000000000000000000 ) ) ;
#12640 = CARTESIAN_POINT ( 'NONE',  ( 26.24999999999998934, 61.25000000000001421, 45.15564437074637993 ) ) ;
#12641 = CARTESIAN_POINT ( 'NONE',  ( -81.47479656658967428, 21.79999999999999361, 55.13575241859757625 ) ) ;
#12642 = DIRECTION ( 'NONE',  ( 0.000000000000000000, 0.000000000000000000, -1.000000000000000000 ) ) ;
#12643 = EDGE_CURVE ( 'NONE', #5830, #4274, #6403, .T. ) ;
#12644 = DIRECTION ( 'NONE',  ( -0.000000000000000000, -0.000000000000000000, 1.000000000000000000 ) ) ;
#12645 = PLANE ( 'NONE',  #3143 ) ;
#12646 = FACE_OUTER_BOUND ( 'NONE', #12370, .T. ) ;
#12647 = VERTEX_POINT ( 'NONE', #6179 ) ;
#12648 = CARTESIAN_POINT ( 'NONE',  ( -25.99999999999999645, -53.50000000000000711, 12.50000000000000000 ) ) ;
#12649 = ORIENTED_EDGE ( 'NONE', *, *, #8862, .T. ) ;
#12650 = CARTESIAN_POINT ( 'NONE',  ( 25.50000000000002132, 30.86660026534076096, 12.50000000000000000 ) ) ;
#12651 = ORIENTED_EDGE ( 'NONE', *, *, #4493, .T. ) ;
#12652 = LINE ( 'NONE', #848, #3557 ) ;
#12653 = ORIENTED_EDGE ( 'NONE', *, *, #6878, .F. ) ;
#12654 = EDGE_CURVE ( 'NONE', #2851, #10366, #10501, .T. ) ;
#12655 = DIRECTION ( 'NONE',  ( 1.000000000000000000, 0.000000000000000000, 0.000000000000000000 ) ) ;
#12656 = ADVANCED_FACE ( 'NONE', ( #5503, #5431 ), #5565, .T. ) ;
#12657 = PLANE ( 'NONE',  #10806 ) ;
#12658 = DIRECTION ( 'NONE',  ( -0.000000000000000000, -0.000000000000000000, 1.000000000000000000 ) ) ;
#12659 = ORIENTED_EDGE ( 'NONE', *, *, #12700, .F. ) ;
#12660 = CARTESIAN_POINT ( 'NONE',  ( 4.999999999999992006, 29.71110255092798269, 12.50000000000000000 ) ) ;
#12661 = ORIENTED_EDGE ( 'NONE', *, *, #9472, .F. ) ;
#12662 = CARTESIAN_POINT ( 'NONE',  ( 4.500000000000002665, 10.99999999999999112, 4.000000000000000000 ) ) ;
#12663 = DIRECTION ( 'NONE',  ( -0.000000000000000000, -0.000000000000000000, 1.000000000000000000 ) ) ;
#12664 = ORIENTED_EDGE ( 'NONE', *, *, #7268, .F. ) ;
#12665 = CARTESIAN_POINT ( 'NONE',  ( 21.49999999999999289, 6.500000000000002665, 4.000000000000000000 ) ) ;
#12666 = ORIENTED_EDGE ( 'NONE', *, *, #3230, .F. ) ;
#12667 = EDGE_CURVE ( 'NONE', #8215, #9711, #8113, .T. ) ;
#12668 = DIRECTION ( 'NONE',  ( -5.782411586589351722E-16, -1.000000000000000000, 0.000000000000000000 ) ) ;
#12669 = DIRECTION ( 'NONE',  ( -0.000000000000000000, -1.000000000000000000, -0.000000000000000000 ) ) ;
#12670 = EDGE_CURVE ( 'NONE', #6134, #2509, #1227, .T. ) ;
#12671 = CARTESIAN_POINT ( 'NONE',  ( -30.39999999999999503, -62.50000000000001421, 0.000000000000000000 ) ) ;
#12672 = DIRECTION ( 'NONE',  ( -0.5735764363510481578, 0.000000000000000000, -0.8191520442889904663 ) ) ;
#12673 = ORIENTED_EDGE ( 'NONE', *, *, #2354, .T. ) ;
#12674 = CARTESIAN_POINT ( 'NONE',  ( 40.49999999999998579, -42.49999999999998579, 4.000000000000000000 ) ) ;
#12675 = VECTOR ( 'NONE', #9720, 1000.000000000000000 ) ;
#12676 = LINE ( 'NONE', #8843, #11079 ) ;
#12677 = EDGE_CURVE ( 'NONE', #8775, #2367, #1025, .T. ) ;
#12678 = VERTEX_POINT ( 'NONE', #10367 ) ;
#12679 = ORIENTED_EDGE ( 'NONE', *, *, #7583, .T. ) ;
#12680 = DIRECTION ( 'NONE',  ( -0.000000000000000000, -0.000000000000000000, 1.000000000000000000 ) ) ;
#12681 = ORIENTED_EDGE ( 'NONE', *, *, #3245, .F. ) ;
#12682 = CIRCLE ( 'NONE', #7126, 2.799999999999969180 ) ;
#12683 = ORIENTED_EDGE ( 'NONE', *, *, #4658, .T. ) ;
#12684 = AXIS2_PLACEMENT_3D ( 'NONE', #209, #12441, #7681 ) ;
#12685 = CONICAL_SURFACE ( 'NONE', #3365, 1.799999999999994049, 0.7853981633973969867 ) ;
#12686 = LINE ( 'NONE', #3791, #8809 ) ;
#12687 = DIRECTION ( 'NONE',  ( -0.8191520442889992371, 0.000000000000000000, 0.5735764363510355013 ) ) ;
#12688 = DIRECTION ( 'NONE',  ( 8.393823270855517276E-16, -1.000000000000000000, 0.000000000000000000 ) ) ;
#12689 = FACE_OUTER_BOUND ( 'NONE', #6465, .T. ) ;
#12690 = ORIENTED_EDGE ( 'NONE', *, *, #4948, .T. ) ;
#12691 = ORIENTED_EDGE ( 'NONE', *, *, #2517, .T. ) ;
#12692 = FACE_OUTER_BOUND ( 'NONE', #970, .T. ) ;
#12693 = CONICAL_SURFACE ( 'NONE', #8953, 1.800000000000004041, 0.7853981633974452814 ) ;
#12694 = AXIS2_PLACEMENT_3D ( 'NONE', #1062, #8705, #806 ) ;
#12695 = VECTOR ( 'NONE', #8265, 1000.000000000000000 ) ;
#12696 = EDGE_LOOP ( 'NONE', ( #3187, #3887, #3852, #6338 ) ) ;
#12697 = ORIENTED_EDGE ( 'NONE', *, *, #4744, .F. ) ;
#12698 = DIRECTION ( 'NONE',  ( 1.000000000000000000, 0.000000000000000000, 0.000000000000000000 ) ) ;
#12699 = ORIENTED_EDGE ( 'NONE', *, *, #10101, .F. ) ;
#12700 = EDGE_CURVE ( 'NONE', #2231, #9691, #3699, .T. ) ;
#12701 = DIRECTION ( 'NONE',  ( 0.8191520442889905773, 0.000000000000000000, -0.5735764363510477137 ) ) ;
#12702 = EDGE_LOOP ( 'NONE', ( #8235, #4534, #3720, #896 ) ) ;
#12703 = FACE_BOUND ( 'NONE', #8984, .T. ) ;
#12704 = DIRECTION ( 'NONE',  ( -0.000000000000000000, -0.000000000000000000, -1.000000000000000000 ) ) ;
#12705 = VECTOR ( 'NONE', #11401, 1000.000000000000000 ) ;
#12706 = CIRCLE ( 'NONE', #7314, 4.599999999999992539 ) ;
#12708 = AXIS2_PLACEMENT_3D ( 'NONE', #2250, #7249, #5161 ) ;
#12707 = CYLINDRICAL_SURFACE ( 'NONE', #5066, 1.500000000000001332 ) ;
#12709 = EDGE_CURVE ( 'NONE', #7536, #2105, #9458, .T. ) ;
#12710 = CARTESIAN_POINT ( 'NONE',  ( -6.499999999999999112, 25.50000000000000355, 12.00000000000000000 ) ) ;
#12711 = DIRECTION ( 'NONE',  ( -1.000000000000000000, -1.541976423090495387E-16, 0.000000000000000000 ) ) ;
#12712 = ORIENTED_EDGE ( 'NONE', *, *, #8552, .T. ) ;
#12713 = DIRECTION ( 'NONE',  ( -1.000000000000000000, 0.000000000000000000, 0.000000000000000000 ) ) ;
#12714 = VECTOR ( 'NONE', #6712, 1000.000000000000000 ) ;
#12715 = VERTEX_POINT ( 'NONE', #1488 ) ;
#12716 = AXIS2_PLACEMENT_3D ( 'NONE', #1936, #11, #777 ) ;
#12717 = CARTESIAN_POINT ( 'NONE',  ( 43.49999999999999289, -45.49999999999999289, 25.00000000000000000 ) ) ;
#12718 = AXIS2_PLACEMENT_3D ( 'NONE', #1755, #10836, #2662 ) ;
#12719 = EDGE_LOOP ( 'NONE', ( #10326, #3867, #12540 ) ) ;
#12720 = DIRECTION ( 'NONE',  ( -0.000000000000000000, -0.000000000000000000, 1.000000000000000000 ) ) ;
#12721 = DIRECTION ( 'NONE',  ( 1.000000000000000000, 0.000000000000000000, 0.000000000000000000 ) ) ;
#12722 = EDGE_LOOP ( 'NONE', ( #8332, #9117, #5643, #12592 ) ) ;
#12723 = FACE_OUTER_BOUND ( 'NONE', #6182, .T. ) ;
#12724 = EDGE_CURVE ( 'NONE', #6493, #1345, #11110, .T. ) ;
#12725 = CIRCLE ( 'NONE', #10443, 1.500000000000000000 ) ;
#12726 = VECTOR ( 'NONE', #1900, 1000.000000000000000 ) ;
#12727 = CARTESIAN_POINT ( 'NONE',  ( 43.49999999999997868, -40.99999999999998579, 12.50000000000000000 ) ) ;
#12728 = AXIS2_PLACEMENT_3D ( 'NONE', #6638, #10601, #7671 ) ;
#12729 = PLANE ( 'NONE',  #5747 ) ;
#12730 = DIRECTION ( 'NONE',  ( -0.000000000000000000, 1.000000000000000000, 0.000000000000000000 ) ) ;
#12731 = DIRECTION ( 'NONE',  ( -2.400868672960521361E-16, -1.000000000000000000, 0.000000000000000000 ) ) ;
#12732 = EDGE_CURVE ( 'NONE', #4725, #4859, #2215, .T. ) ;
#12733 = LINE ( 'NONE', #9934, #8160 ) ;
#12734 = TOROIDAL_SURFACE ( 'NONE', #5256, 2.999999999999997780, 1.500000000000000000 ) ;
#12735 = ADVANCED_FACE ( 'NONE', ( #4463 ), #5777, .T. ) ;
#12736 = CARTESIAN_POINT ( 'NONE',  ( -21.99999999999996803, -53.50000000000000711, 12.00000000000000000 ) ) ;
#12737 = CIRCLE ( 'NONE', #1748, 3.750000000000000000 ) ;
#12738 = EDGE_LOOP ( 'NONE', ( #12761, #9387 ) ) ;
#12739 = CARTESIAN_POINT ( 'NONE',  ( -12.50000000000000355, 49.49999999999997868, 17.10000000000000142 ) ) ;
#12740 = VERTEX_POINT ( 'NONE', #3118 ) ;
#12741 = CARTESIAN_POINT ( 'NONE',  ( -63.08328106123760648, 21.79999999999999361, 42.25787462264923278 ) ) ;
#12742 = CARTESIAN_POINT ( 'NONE',  ( -43.50000000000002132, 40.99999999999999289, 2.500000000000000000 ) ) ;
#12743 = SPHERICAL_SURFACE ( 'NONE', #5017, 1.500000000000000000 ) ;
#12744 = DIRECTION ( 'NONE',  ( 1.000000000000000000, 0.000000000000000000, 0.000000000000000000 ) ) ;
#12745 = ORIENTED_EDGE ( 'NONE', *, *, #7739, .T. ) ;
#12746 = CONICAL_SURFACE ( 'NONE', #4864, 1.999999999999974021, 0.7853981633974479459 ) ;
#12747 = VECTOR ( 'NONE', #9958, 1000.000000000000000 ) ;
#12748 = AXIS2_PLACEMENT_3D ( 'NONE', #3251, #8111, #4283 ) ;
#12749 = ADVANCED_FACE ( 'NONE', ( #11412 ), #5131, .F. ) ;
#12750 = CARTESIAN_POINT ( 'NONE',  ( -34.99999999999999289, 62.50000000000001421, 13.00000000000000178 ) ) ;
#12751 = EDGE_CURVE ( 'NONE', #5614, #2565, #11038, .T. ) ;
#12752 = PLANE ( 'NONE',  #9624 ) ;
#12753 = ORIENTED_EDGE ( 'NONE', *, *, #7221, .F. ) ;
#12754 = EDGE_CURVE ( 'NONE', #5781, #101, #9785, .T. ) ;
#12755 = EDGE_CURVE ( 'NONE', #12489, #7561, #11166, .T. ) ;
#12756 = ORIENTED_EDGE ( 'NONE', *, *, #2749, .T. ) ;
#12757 = DIRECTION ( 'NONE',  ( 0.000000000000000000, 0.000000000000000000, 1.000000000000000000 ) ) ;
#12758 = ORIENTED_EDGE ( 'NONE', *, *, #8299, .F. ) ;
#12759 = AXIS2_PLACEMENT_3D ( 'NONE', #4761, #1913, #9830 ) ;
#12760 = AXIS2_PLACEMENT_3D ( 'NONE', #745, #4690, #12672 ) ;
#12761 = ORIENTED_EDGE ( 'NONE', *, *, #5271, .F. ) ;
#12762 = LINE ( 'NONE', #180, #3012 ) ;
#12763 = DIRECTION ( 'NONE',  ( 0.000000000000000000, 1.000000000000000000, 0.000000000000000000 ) ) ;
#12764 = DIRECTION ( 'NONE',  ( -1.541976423090495387E-16, 1.000000000000000000, 0.000000000000000000 ) ) ;
#12765 = CYLINDRICAL_SURFACE ( 'NONE', #4046, 1.499999999999999556 ) ;
#12766 = EDGE_CURVE ( 'NONE', #7466, #9927, #4325, .T. ) ;
#12767 = VERTEX_POINT ( 'NONE', #1737 ) ;
#12768 = VERTEX_POINT ( 'NONE', #6797 ) ;
#12769 = DIRECTION ( 'NONE',  ( 1.000000000000000000, 1.206764157201258918E-15, -0.000000000000000000 ) ) ;
#12770 = VECTOR ( 'NONE', #537, 1000.000000000000000 ) ;
#12771 = EDGE_LOOP ( 'NONE', ( #11374, #10086 ) ) ;
#12772 = ORIENTED_EDGE ( 'NONE', *, *, #6758, .T. ) ;
#12773 = CYLINDRICAL_SURFACE ( 'NONE', #11344, 1.499999999999999556 ) ;
#12774 = ORIENTED_EDGE ( 'NONE', *, *, #4219, .T. ) ;
#12775 = FACE_OUTER_BOUND ( 'NONE', #10409, .T. ) ;
#12776 = CARTESIAN_POINT ( 'NONE',  ( -34.99999999999999289, -62.50000000000001421, 0.000000000000000000 ) ) ;
#12777 = ORIENTED_EDGE ( 'NONE', *, *, #361, .F. ) ;
#12778 = EDGE_CURVE ( 'NONE', #7536, #6148, #5567, .T. ) ;
#12779 = FACE_BOUND ( 'NONE', #12123, .T. ) ;
#12780 = FACE_OUTER_BOUND ( 'NONE', #393, .T. ) ;
#12781 = AXIS2_PLACEMENT_3D ( 'NONE', #7650, #2666, #8823 ) ;
#12782 = FACE_OUTER_BOUND ( 'NONE', #3331, .T. ) ;
#12783 = FACE_OUTER_BOUND ( 'NONE', #10429, .T. ) ;
#12784 = LINE ( 'NONE', #9722, #6089 ) ;
#12785 = ORIENTED_EDGE ( 'NONE', *, *, #7158, .T. ) ;
#12786 = CARTESIAN_POINT ( 'NONE',  ( 31.99999999999998579, -54.99999999999999289, 11.99999999999998224 ) ) ;
#12787 = ORIENTED_EDGE ( 'NONE', *, *, #11636, .T. ) ;
#12788 = CARTESIAN_POINT ( 'NONE',  ( 29.99999999999998579, 61.25000000000001421, 0.4000000000000114575 ) ) ;
#12789 = ORIENTED_EDGE ( 'NONE', *, *, #5521, .T. ) ;
#12790 = DIRECTION ( 'NONE',  ( -0.5735764363510472696, 0.000000000000000000, -0.8191520442889909104 ) ) ;
#12791 = LINE ( 'NONE', #11883, #10832 ) ;
#12792 = AXIS2_PLACEMENT_3D ( 'NONE', #5792, #1777, #6696 ) ;
#12793 = DIRECTION ( 'NONE',  ( -0.000000000000000000, -0.000000000000000000, -1.000000000000000000 ) ) ;
#12794 = DIRECTION ( 'NONE',  ( 1.000000000000000000, 0.000000000000000000, 0.000000000000000000 ) ) ;
#12795 = CARTESIAN_POINT ( 'NONE',  ( 0.000000000000000000, 0.000000000000000000, 25.00000000000000000 ) ) ;
#12796 = DIRECTION ( 'NONE',  ( 0.5735764363510467145, 0.000000000000000000, 0.8191520442889914655 ) ) ;
#12797 = VECTOR ( 'NONE', #3342, 1000.000000000000000 ) ;
#12798 = LINE ( 'NONE', #4742, #7766 ) ;
#12800 = CIRCLE ( 'NONE', #9898, 1.500000000000000000 ) ;
#12799 = DIRECTION ( 'NONE',  ( -1.000000000000000000, 0.000000000000000000, 0.000000000000000000 ) ) ;
#12801 = EDGE_CURVE ( 'NONE', #10488, #7414, #8459, .T. ) ;
#12802 = DIRECTION ( 'NONE',  ( 0.000000000000000000, 0.000000000000000000, 1.000000000000000000 ) ) ;
#12803 = ORIENTED_EDGE ( 'NONE', *, *, #4610, .F. ) ;
#12804 = PLANE ( 'NONE',  #4205 ) ;
#12805 = ORIENTED_EDGE ( 'NONE', *, *, #9778, .T. ) ;
#12806 = DIRECTION ( 'NONE',  ( -5.626130192357212171E-16, -1.000000000000000000, 0.000000000000000000 ) ) ;
#12807 = CARTESIAN_POINT ( 'NONE',  ( 21.62093665327331848, 54.99999999999999289, 12.00000000000000000 ) ) ;
#12808 = EDGE_CURVE ( 'NONE', #6172, #10407, #7232, .T. ) ;
#12809 = LINE ( 'NONE', #3908, #8747 ) ;
#12810 = CONICAL_SURFACE ( 'NONE', #3273, 5.000000000000004441, 0.7853981633974482790 ) ;
#12811 = CARTESIAN_POINT ( 'NONE',  ( -49.71036756151310954, 14.49999999999999822, 64.14588925460904534 ) ) ;
#12812 = VERTEX_POINT ( 'NONE', #9652 ) ;
#12813 = DIRECTION ( 'NONE',  ( 0.000000000000000000, 0.000000000000000000, -1.000000000000000000 ) ) ;
#12814 = CARTESIAN_POINT ( 'NONE',  ( -33.50000000000003553, 53.49999999999999289, 2.500000000000000000 ) ) ;
#12815 = ORIENTED_EDGE ( 'NONE', *, *, #12677, .T. ) ;
#12816 = VERTEX_POINT ( 'NONE', #11670 ) ;
#12817 = AXIS2_PLACEMENT_3D ( 'NONE', #737, #8635, #9996 ) ;
#12818 = CARTESIAN_POINT ( 'NONE',  ( 27.49999999999999289, 53.50000000000000711, 4.000000000000000000 ) ) ;
#12819 = CIRCLE ( 'NONE', #7226, 1.500000000000001332 ) ;
#12820 = ORIENTED_EDGE ( 'NONE', *, *, #4329, .F. ) ;
#12821 = ORIENTED_EDGE ( 'NONE', *, *, #4479, .F. ) ;
#12822 = DIRECTION ( 'NONE',  ( -0.000000000000000000, -0.000000000000000000, 1.000000000000000000 ) ) ;
#12823 = LINE ( 'NONE', #1145, #9192 ) ;
#12824 = EDGE_CURVE ( 'NONE', #4078, #3336, #3293, .T. ) ;
#12825 = DIRECTION ( 'NONE',  ( 0.000000000000000000, 0.000000000000000000, 1.000000000000000000 ) ) ;
#12826 = DIRECTION ( 'NONE',  ( 0.000000000000000000, 0.000000000000000000, 1.000000000000000000 ) ) ;
#12827 = ADVANCED_FACE ( 'NONE', ( #12775 ), #9712, .F. ) ;
#12828 = ORIENTED_EDGE ( 'NONE', *, *, #5825, .T. ) ;
#12829 = EDGE_CURVE ( 'NONE', #4230, #10639, #11584, .T. ) ;
#12830 = ORIENTED_EDGE ( 'NONE', *, *, #1695, .T. ) ;
#12831 = AXIS2_PLACEMENT_3D ( 'NONE', #3675, #5753, #5622 ) ;
#12832 = EDGE_CURVE ( 'NONE', #5170, #11901, #400, .T. ) ;
#12833 = FACE_OUTER_BOUND ( 'NONE', #2000, .T. ) ;
#12834 = ORIENTED_EDGE ( 'NONE', *, *, #10984, .F. ) ;
#12835 = EDGE_LOOP ( 'NONE', ( #3823, #1972, #2818, #8742 ) ) ;
#12836 = LINE ( 'NONE', #6452, #168 ) ;
ENDSEC;
END-ISO-10303-21;
