ISO-10303-21;
HEADER;
FILE_DESCRIPTION (( 'STEP AP214' ),
    '1' );
FILE_NAME ('Cover.STEP',
    '2026-09-08T18:21:51',
    ( '' ),
    ( '' ),
    'SwSTEP 2.0',
    'SolidWorks 2026',
    '' );
FILE_SCHEMA (( 'AUTOMOTIVE_DESIGN' ));
ENDSEC;

DATA;
#1 = DIRECTION ( 'NONE',  ( 0.000000000000000000, 0.000000000000000000, -1.000000000000000000 ) ) ;
#2 = EDGE_CURVE ( 'NONE', #4115, #4371, #1204, .T. ) ;
#3 = ORIENTED_EDGE ( 'NONE', *, *, #890, .T. ) ;
#4 = DIRECTION ( 'NONE',  ( -1.000000000000000000, 0.000000000000000000, 0.000000000000000000 ) ) ;
#5 = DIRECTION ( 'NONE',  ( 0.000000000000000000, 0.000000000000000000, 1.000000000000000000 ) ) ;
#6 = VECTOR ( 'NONE', #1113, 1000.000000000000000 ) ;
#7 = CARTESIAN_POINT ( 'NONE',  ( -43.74999999999998579, -61.25000000000000711, -20.15564437074637993 ) ) ;
#8 = ORIENTED_EDGE ( 'NONE', *, *, #1430, .T. ) ;
#9 = CARTESIAN_POINT ( 'NONE',  ( -15.00000000000000000, 54.99999999999998579, 23.00000000000002132 ) ) ;
#10 = DIRECTION ( 'NONE',  ( -1.000000000000000000, 0.000000000000000000, 0.000000000000000000 ) ) ;
#11 = VECTOR ( 'NONE', #617, 1000.000000000000000 ) ;
#12 = AXIS2_PLACEMENT_3D ( 'NONE', #3758, #4806, #4052 ) ;
#13 = EDGE_CURVE ( 'NONE', #839, #2288, #2383, .T. ) ;
#14 = DIRECTION ( 'NONE',  ( 0.000000000000000000, 0.7071067811865474617, -0.7071067811865474617 ) ) ;
#15 = EDGE_LOOP ( 'NONE', ( #1119, #3243 ) ) ;
#16 = CARTESIAN_POINT ( 'NONE',  ( 15.00000000000000000, -55.00000000000001421, 27.00000000000000355 ) ) ;
#17 = VECTOR ( 'NONE', #3357, 1000.000000000000000 ) ;
#18 = LINE ( 'NONE', #660, #1591 ) ;
#19 = ORIENTED_EDGE ( 'NONE', *, *, #1088, .F. ) ;
#20 = CARTESIAN_POINT ( 'NONE',  ( 45.00000000000000711, 53.50000000000000000, 2.000000000000001776 ) ) ;
#21 = EDGE_LOOP ( 'NONE', ( #4645, #1858, #1129, #2706 ) ) ;
#22 = ORIENTED_EDGE ( 'NONE', *, *, #2396, .F. ) ;
#23 = VERTEX_POINT ( 'NONE', #3901 ) ;
#24 = CARTESIAN_POINT ( 'NONE',  ( -15.50000000000000355, -57.49999999999999289, 34.99999999999999289 ) ) ;
#25 = AXIS2_PLACEMENT_3D ( 'NONE', #2686, #56, #3854 ) ;
#26 = DIRECTION ( 'NONE',  ( 0.000000000000000000, 1.000000000000000000, 0.000000000000000000 ) ) ;
#27 = ORIENTED_EDGE ( 'NONE', *, *, #2312, .F. ) ;
#28 = CARTESIAN_POINT ( 'NONE',  ( -12.00000000000000000, -89.12277660168375348, 23.00000000000000711 ) ) ;
#29 = CARTESIAN_POINT ( 'NONE',  ( 0.000000000000000000, 0.000000000000000000, 0.000000000000000000 ) ) ;
#30 = CARTESIAN_POINT ( 'NONE',  ( -29.99999999999998579, 62.50000000000001421, 45.00000000000000000 ) ) ;
#31 = ORIENTED_EDGE ( 'NONE', *, *, #2813, .F. ) ;
#32 = LINE ( 'NONE', #4262, #3666 ) ;
#33 = ADVANCED_FACE ( 'NONE', ( #1271 ), #2693, .T. ) ;
#34 = CIRCLE ( 'NONE', #3594, 2.999999999999999112 ) ;
#35 = DIRECTION ( 'NONE',  ( 0.000000000000000000, 0.000000000000000000, 1.000000000000000000 ) ) ;
#36 = ORIENTED_EDGE ( 'NONE', *, *, #723, .F. ) ;
#37 = PLANE ( 'NONE',  #2700 ) ;
#38 = EDGE_CURVE ( 'NONE', #3793, #2525, #1181, .T. ) ;
#39 = DIRECTION ( 'NONE',  ( 0.000000000000000000, -0.000000000000000000, -1.000000000000000000 ) ) ;
#40 = DIRECTION ( 'NONE',  ( -1.000000000000000000, -1.541976423090495387E-16, 0.000000000000000000 ) ) ;
#41 = VERTEX_POINT ( 'NONE', #1951 ) ;
#42 = ORIENTED_EDGE ( 'NONE', *, *, #1241, .F. ) ;
#43 = CARTESIAN_POINT ( 'NONE',  ( 12.00000000000000000, -89.12277660168375348, 27.00000000000000355 ) ) ;
#44 = VECTOR ( 'NONE', #2030, 1000.000000000000000 ) ;
#45 = LINE ( 'NONE', #3394, #2218 ) ;
#46 = ORIENTED_EDGE ( 'NONE', *, *, #758, .F. ) ;
#47 = CARTESIAN_POINT ( 'NONE',  ( 35.00000000000001421, 62.50000000000001421, 43.00000000000000000 ) ) ;
#48 = PLANE ( 'NONE',  #1238 ) ;
#49 = AXIS2_PLACEMENT_3D ( 'NONE', #4760, #4494, #3076 ) ;
#50 = EDGE_CURVE ( 'NONE', #4004, #1671, #1453, .T. ) ;
#51 = VECTOR ( 'NONE', #1308, 1000.000000000000000 ) ;
#52 = EDGE_CURVE ( 'NONE', #3868, #3886, #4269, .T. ) ;
#53 = VERTEX_POINT ( 'NONE', #63 ) ;
#54 = CARTESIAN_POINT ( 'NONE',  ( -26.24999999999997513, 57.50000000000000711, 29.21757569555956380 ) ) ;
#55 = EDGE_LOOP ( 'NONE', ( #3287, #2381, #3337, #4191 ) ) ;
#56 = DIRECTION ( 'NONE',  ( -0.000000000000000000, -0.000000000000000000, -1.000000000000000000 ) ) ;
#57 = ADVANCED_FACE ( 'NONE', ( #2734 ), #4203, .F. ) ;
#58 = FACE_OUTER_BOUND ( 'NONE', #15, .T. ) ;
#59 = VERTEX_POINT ( 'NONE', #1623 ) ;
#60 = PLANE ( 'NONE',  #1258 ) ;
#61 = VECTOR ( 'NONE', #1442, 1000.000000000000000 ) ;
#62 = CARTESIAN_POINT ( 'NONE',  ( -6.500000000000003553, 0.000000000000000000, 38.00000000000000000 ) ) ;
#63 = CARTESIAN_POINT ( 'NONE',  ( 12.85000000000001030, 49.45000000000002416, 2.000000000000000000 ) ) ;
#64 = DIRECTION ( 'NONE',  ( 0.000000000000000000, 0.000000000000000000, 1.000000000000000000 ) ) ;
#65 = VERTEX_POINT ( 'NONE', #835 ) ;
#66 = VERTEX_POINT ( 'NONE', #901 ) ;
#67 = DIRECTION ( 'NONE',  ( -1.000000000000000000, -0.000000000000000000, 2.312964634635742957E-16 ) ) ;
#68 = CARTESIAN_POINT ( 'NONE',  ( 12.00000000000000000, 55.00000000000000711, 23.00000000000000000 ) ) ;
#69 = ORIENTED_EDGE ( 'NONE', *, *, #2504, .T. ) ;
#70 = EDGE_CURVE ( 'NONE', #1606, #257, #4245, .T. ) ;
#71 = LINE ( 'NONE', #4643, #771 ) ;
#72 = AXIS2_PLACEMENT_3D ( 'NONE', #3924, #4222, #4201 ) ;
#73 = AXIS2_PLACEMENT_3D ( 'NONE', #68, #3494, #3888 ) ;
#74 = CARTESIAN_POINT ( 'NONE',  ( 35.00000000000001421, 62.50000000000001421, 45.00000000000000000 ) ) ;
#75 = VERTEX_POINT ( 'NONE', #1228 ) ;
#76 = DIRECTION ( 'NONE',  ( -1.000000000000000000, 0.000000000000000000, 0.000000000000000000 ) ) ;
#77 = AXIS2_PLACEMENT_3D ( 'NONE', #536, #1711, #3225 ) ;
#78 = DIRECTION ( 'NONE',  ( -0.000000000000000000, -1.000000000000000000, -0.000000000000000000 ) ) ;
#79 = VERTEX_POINT ( 'NONE', #3881 ) ;
#80 = EDGE_CURVE ( 'NONE', #2993, #1460, #435, .T. ) ;
#81 = CARTESIAN_POINT ( 'NONE',  ( 47.50000000000001421, -31.00000000000003197, 23.00000000000000000 ) ) ;
#82 = CARTESIAN_POINT ( 'NONE',  ( -29.99999999999999289, -61.25000000000000711, -20.15564437074637993 ) ) ;
#83 = CARTESIAN_POINT ( 'NONE',  ( 38.00000000000002132, 62.50000000000001421, 53.48528137423858198 ) ) ;
#84 = EDGE_CURVE ( 'NONE', #809, #2393, #658, .T. ) ;
#85 = ORIENTED_EDGE ( 'NONE', *, *, #1261, .T. ) ;
#86 = CIRCLE ( 'NONE', #3566, 2.999999999999999112 ) ;
#87 = ORIENTED_EDGE ( 'NONE', *, *, #4890, .F. ) ;
#88 = ADVANCED_FACE ( 'NONE', ( #3861 ), #2778, .F. ) ;
#89 = CARTESIAN_POINT ( 'NONE',  ( -47.50099999999999056, 30.99999999999998934, 23.00000000000000711 ) ) ;
#90 = CARTESIAN_POINT ( 'NONE',  ( -34.99999999999997868, -62.49999999999998579, 44.75000000000000000 ) ) ;
#91 = ORIENTED_EDGE ( 'NONE', *, *, #3826, .F. ) ;
#92 = CARTESIAN_POINT ( 'NONE',  ( 33.25000000000004263, -62.49999999999998579, 44.75000000000000000 ) ) ;
#93 = ADVANCED_FACE ( 'NONE', ( #476, #456 ), #1603, .F. ) ;
#94 = CIRCLE ( 'NONE', #3745, 2.999999999999999112 ) ;
#95 = AXIS2_PLACEMENT_3D ( 'NONE', #4851, #3773, #320 ) ;
#96 = VECTOR ( 'NONE', #3405, 1000.000000000000114 ) ;
#97 = CARTESIAN_POINT ( 'NONE',  ( -34.99999999999997868, -62.49999999999998579, 43.00000000000000000 ) ) ;
#98 = ORIENTED_EDGE ( 'NONE', *, *, #3063, .F. ) ;
#99 = DIRECTION ( 'NONE',  ( 0.000000000000000000, 0.000000000000000000, 1.000000000000000000 ) ) ;
#100 = CARTESIAN_POINT ( 'NONE',  ( 0.000000000000000000, 0.000000000000000000, 43.00000000000000000 ) ) ;
#101 = ORIENTED_EDGE ( 'NONE', *, *, #2156, .T. ) ;
#102 = DIRECTION ( 'NONE',  ( -0.000000000000000000, 0.000000000000000000, 1.000000000000000000 ) ) ;
#103 = CARTESIAN_POINT ( 'NONE',  ( 21.75000000000001066, 40.55000000000002558, 0.3999999999999976352 ) ) ;
#104 = CARTESIAN_POINT ( 'NONE',  ( -43.74999999999997158, -53.75000000000000000, 45.00000000000000000 ) ) ;
#105 = EDGE_CURVE ( 'NONE', #3793, #1689, #3506, .T. ) ;
#106 = EDGE_CURVE ( 'NONE', #519, #4518, #4634, .T. ) ;
#107 = ORIENTED_EDGE ( 'NONE', *, *, #4315, .F. ) ;
#108 = EDGE_LOOP ( 'NONE', ( #4114, #1164, #3640, #1863 ) ) ;
#109 = FACE_OUTER_BOUND ( 'NONE', #391, .T. ) ;
#110 = FACE_OUTER_BOUND ( 'NONE', #1922, .T. ) ;
#111 = EDGE_LOOP ( 'NONE', ( #2629, #2506 ) ) ;
#112 = ADVANCED_FACE ( 'NONE', ( #196, #4701, #172 ), #1345, .F. ) ;
#113 = DIRECTION ( 'NONE',  ( 1.000000000000000000, -0.000000000000000000, -0.000000000000000000 ) ) ;
#114 = AXIS2_PLACEMENT_3D ( 'NONE', #4507, #1125, #2631 ) ;
#115 = APPLICATION_CONTEXT ( 'automotive_design' ) ;
#116 = ORIENTED_EDGE ( 'NONE', *, *, #4586, .F. ) ;
#117 = PLANE ( 'NONE',  #1597 ) ;
#118 = CARTESIAN_POINT ( 'NONE',  ( -43.74999999999998579, -61.25000000000000711, 45.00000000000000000 ) ) ;
#119 = ADVANCED_FACE ( 'NONE', ( #3282 ), #3653, .T. ) ;
#120 = CARTESIAN_POINT ( 'NONE',  ( 15.00000000000000000, 57.50000000000000711, 27.00000000000000355 ) ) ;
#121 = VERTEX_POINT ( 'NONE', #1319 ) ;
#122 = DIRECTION ( 'NONE',  ( -0.5773502691896320593, -0.5773502691896326144, 0.5773502691896126304 ) ) ;
#123 = DIRECTION ( 'NONE',  ( 1.000000000000000000, 0.000000000000000000, 0.000000000000000000 ) ) ;
#124 = DIRECTION ( 'NONE',  ( -1.000000000000000000, 0.000000000000000000, 0.000000000000000000 ) ) ;
#125 = VERTEX_POINT ( 'NONE', #2427 ) ;
#126 = EDGE_CURVE ( 'NONE', #577, #1209, #3206, .T. ) ;
#127 = CYLINDRICAL_SURFACE ( 'NONE', #1333, 1.500000000000001332 ) ;
#128 = DIRECTION ( 'NONE',  ( -0.000000000000000000, -0.000000000000000000, -1.000000000000000000 ) ) ;
#129 = EDGE_CURVE ( 'NONE', #1778, #4448, #3978, .T. ) ;
#130 = VERTEX_POINT ( 'NONE', #2822 ) ;
#131 = DIRECTION ( 'NONE',  ( 0.000000000000000000, 0.000000000000000000, 1.000000000000000000 ) ) ;
#132 = FACE_OUTER_BOUND ( 'NONE', #3530, .T. ) ;
#133 = ORIENTED_EDGE ( 'NONE', *, *, #1139, .T. ) ;
#134 = ADVANCED_FACE ( 'NONE', ( #2508 ), #4049, .F. ) ;
#135 = DIRECTION ( 'NONE',  ( 0.000000000000000000, 1.577021341797097560E-16, -1.000000000000000000 ) ) ;
#136 = EDGE_CURVE ( 'NONE', #979, #1036, #4757, .T. ) ;
#137 = VECTOR ( 'NONE', #1927, 1000.000000000000000 ) ;
#138 = VERTEX_POINT ( 'NONE', #1368 ) ;
#139 = DIRECTION ( 'NONE',  ( 0.000000000000000000, 0.000000000000000000, -1.000000000000000000 ) ) ;
#140 = LINE ( 'NONE', #3541, #319 ) ;
#141 = VECTOR ( 'NONE', #2799, 1000.000000000000000 ) ;
#142 = LINE ( 'NONE', #1662, #1633 ) ;
#143 = VECTOR ( 'NONE', #2576, 1000.000000000000000 ) ;
#144 = DIRECTION ( 'NONE',  ( 0.000000000000000000, 0.000000000000000000, 1.000000000000000000 ) ) ;
#145 = ORIENTED_EDGE ( 'NONE', *, *, #1654, .F. ) ;
#146 = DIRECTION ( 'NONE',  ( -0.000000000000000000, -0.000000000000000000, -1.000000000000000000 ) ) ;
#147 = DIRECTION ( 'NONE',  ( -1.000000000000000000, 0.000000000000000000, 0.000000000000000000 ) ) ;
#148 = DIRECTION ( 'NONE',  ( 0.000000000000000000, 0.000000000000000000, -1.000000000000000000 ) ) ;
#149 = LINE ( 'NONE', #1670, #1045 ) ;
#150 = CIRCLE ( 'NONE', #234, 3.749999999999996447 ) ;
#151 = ORIENTED_EDGE ( 'NONE', *, *, #4405, .T. ) ;
#152 = DIRECTION ( 'NONE',  ( 0.000000000000000000, 0.000000000000000000, -1.000000000000000000 ) ) ;
#153 = CARTESIAN_POINT ( 'NONE',  ( 45.00000000000001421, 11.99999999999998046, 30.00000000000001066 ) ) ;
#154 = ORIENTED_EDGE ( 'NONE', *, *, #2465, .T. ) ;
#155 = CARTESIAN_POINT ( 'NONE',  ( 40.00000000000002842, -62.49999999999998579, 36.54123203702891232 ) ) ;
#156 = ORIENTED_EDGE ( 'NONE', *, *, #2603, .T. ) ;
#157 = AXIS2_PLACEMENT_3D ( 'NONE', #4683, #2139, #904 ) ;
#158 = LINE ( 'NONE', #2395, #4556 ) ;
#159 = AXIS2_PLACEMENT_3D ( 'NONE', #3578, #3604, #4731 ) ;
#160 = ADVANCED_FACE ( 'NONE', ( #1745 ), #628, .F. ) ;
#161 = VERTEX_POINT ( 'NONE', #981 ) ;
#162 = DIRECTION ( 'NONE',  ( 1.000000000000000000, 2.312964634635742957E-16, -2.312964634635742957E-16 ) ) ;
#163 = CARTESIAN_POINT ( 'NONE',  ( 0.000000000000000000, -49.50000000000000711, 34.99999999999999289 ) ) ;
#164 = DIRECTION ( 'NONE',  ( 0.000000000000000000, -0.000000000000000000, -1.000000000000000000 ) ) ;
#165 = AXIS2_PLACEMENT_3D ( 'NONE', #2155, #1073, #2630 ) ;
#166 = CIRCLE ( 'NONE', #1362, 1.749999999999987566 ) ;
#167 = FACE_OUTER_BOUND ( 'NONE', #2724, .T. ) ;
#168 = ORIENTED_EDGE ( 'NONE', *, *, #4404, .F. ) ;
#169 = CARTESIAN_POINT ( 'NONE',  ( 30.00000000000002842, 62.50000000000001421, 36.54123203702893363 ) ) ;
#170 = EDGE_CURVE ( 'NONE', #530, #4344, #222, .T. ) ;
#171 = VECTOR ( 'NONE', #2535, 1000.000000000000000 ) ;
#172 = FACE_OUTER_BOUND ( 'NONE', #2676, .T. ) ;
#173 = LINE ( 'NONE', #4779, #4153 ) ;
#174 = DIRECTION ( 'NONE',  ( 1.000000000000000000, 0.000000000000000000, 0.000000000000000000 ) ) ;
#175 = CARTESIAN_POINT ( 'NONE',  ( -29.99999999999998579, 67.49999999999997158, 42.49999999999999289 ) ) ;
#176 = ORIENTED_EDGE ( 'NONE', *, *, #1989, .F. ) ;
#177 = DIRECTION ( 'NONE',  ( -1.000000000000000000, 0.000000000000000000, 0.000000000000000000 ) ) ;
#178 = ORIENTED_EDGE ( 'NONE', *, *, #1509, .F. ) ;
#179 = PLANE ( 'NONE',  #4874 ) ;
#180 = CIRCLE ( 'NONE', #347, 2.999999999999999112 ) ;
#181 = ORIENTED_EDGE ( 'NONE', *, *, #1946, .T. ) ;
#182 = AXIS2_PLACEMENT_3D ( 'NONE', #3618, #3301, #2924 ) ;
#183 = EDGE_LOOP ( 'NONE', ( #2532, #2548, #2252, #370 ) ) ;
#184 = ORIENTED_EDGE ( 'NONE', *, *, #3002, .F. ) ;
#185 = CARTESIAN_POINT ( 'NONE',  ( 43.50000000000000711, -53.50000000000000711, 3.500000000000000000 ) ) ;
#186 = EDGE_LOOP ( 'NONE', ( #718, #4162, #154, #2176, #826, #1175, #2856, #661 ) ) ;
#187 = CARTESIAN_POINT ( 'NONE',  ( -40.47626361598199907, -59.10171365740507099, 32.49131207957753276 ) ) ;
#188 = EDGE_CURVE ( 'NONE', #1017, #3319, #3671, .T. ) ;
#189 = DIRECTION ( 'NONE',  ( -1.000000000000000000, 0.000000000000000000, 0.000000000000000000 ) ) ;
#190 = ADVANCED_FACE ( 'NONE', ( #653 ), #3601, .F. ) ;
#191 = DIRECTION ( 'NONE',  ( 2.792311430143755648E-16, 1.000000000000000000, -0.000000000000000000 ) ) ;
#192 = VECTOR ( 'NONE', #4329, 1000.000000000000000 ) ;
#193 = CYLINDRICAL_SURFACE ( 'NONE', #1173, 2.999999999999999112 ) ;
#194 = EDGE_LOOP ( 'NONE', ( #3442, #4789, #1617, #3342, #3690, #3412 ) ) ;
#195 = SPHERICAL_SURFACE ( 'NONE', #3007, 1.500000000000000000 ) ;
#196 = FACE_BOUND ( 'NONE', #250, .T. ) ;
#197 = CARTESIAN_POINT ( 'NONE',  ( -12.00000000000000000, -57.49999999999999289, 30.00000000000001066 ) ) ;
#198 = AXIS2_PLACEMENT_3D ( 'NONE', #413, #40, #4867 ) ;
#199 = EDGE_CURVE ( 'NONE', #1650, #612, #2137, .T. ) ;
#200 = CARTESIAN_POINT ( 'NONE',  ( 21.75000000000001066, 49.05000000000002558, -0.001000000000017913643 ) ) ;
#201 = CARTESIAN_POINT ( 'NONE',  ( -39.99999999999996447, 0.000000000000000000, 45.00000000000000000 ) ) ;
#202 = ORIENTED_EDGE ( 'NONE', *, *, #1663, .F. ) ;
#203 = CARTESIAN_POINT ( 'NONE',  ( 21.75000000000001066, 49.05000000000002558, 1.600000000000016298 ) ) ;
#204 = FACE_OUTER_BOUND ( 'NONE', #2870, .T. ) ;
#205 = EDGE_LOOP ( 'NONE', ( #2521, #3143, #1813, #4399, #265, #1043, #1494, #1879, #2892, #1406 ) ) ;
#206 = DIRECTION ( 'NONE',  ( -0.000000000000000000, -0.000000000000000000, -1.000000000000000000 ) ) ;
#207 = VECTOR ( 'NONE', #2031, 1000.000000000000000 ) ;
#208 = EDGE_LOOP ( 'NONE', ( #4213, #19, #1766, #3269 ) ) ;
#209 = EDGE_LOOP ( 'NONE', ( #1524, #2273, #1833, #2971 ) ) ;
#210 = ORIENTED_EDGE ( 'NONE', *, *, #1207, .T. ) ;
#211 = AXIS2_PLACEMENT_3D ( 'NONE', #3037, #4125, #1866 ) ;
#212 = CYLINDRICAL_SURFACE ( 'NONE', #1421, 3.000000000000002665 ) ;
#213 = EDGE_CURVE ( 'NONE', #1537, #2032, #4679, .T. ) ;
#214 = ORIENTED_EDGE ( 'NONE', *, *, #4893, .F. ) ;
#215 = CARTESIAN_POINT ( 'NONE',  ( 12.00000000000000355, 54.99999999999999289, 29.99999999999997868 ) ) ;
#216 = LINE ( 'NONE', #2872, #830 ) ;
#217 = DIRECTION ( 'NONE',  ( -0.000000000000000000, -0.000000000000000000, 1.000000000000000000 ) ) ;
#218 = AXIS2_PLACEMENT_3D ( 'NONE', #3632, #228, #2142 ) ;
#219 = AXIS2_PLACEMENT_3D ( 'NONE', #2238, #302, #4801 ) ;
#220 = CARTESIAN_POINT ( 'NONE',  ( -15.00000000000000000, -55.00000000000001421, 23.00000000000000711 ) ) ;
#221 = ORIENTED_EDGE ( 'NONE', *, *, #1811, .F. ) ;
#222 = LINE ( 'NONE', #1718, #894 ) ;
#223 = DIRECTION ( 'NONE',  ( 0.000000000000000000, 0.000000000000000000, -1.000000000000000000 ) ) ;
#224 = VECTOR ( 'NONE', #2691, 1000.000000000000000 ) ;
#225 = DIRECTION ( 'NONE',  ( -4.081702296416016983E-16, 1.000000000000000000, 0.000000000000000000 ) ) ;
#226 = DIRECTION ( 'NONE',  ( -0.000000000000000000, -0.000000000000000000, -1.000000000000000000 ) ) ;
#227 = VERTEX_POINT ( 'NONE', #2906 ) ;
#228 = DIRECTION ( 'NONE',  ( -0.000000000000000000, -0.000000000000000000, -1.000000000000000000 ) ) ;
#229 = CIRCLE ( 'NONE', #1506, 1.749999999999987566 ) ;
#230 = CARTESIAN_POINT ( 'NONE',  ( -39.99999999999996447, 62.50000000000001421, 45.00000000000000000 ) ) ;
#231 = VERTEX_POINT ( 'NONE', #4385 ) ;
#232 = EDGE_CURVE ( 'NONE', #4887, #4184, #3998, .T. ) ;
#233 = PLANE ( 'NONE',  #1878 ) ;
#234 = AXIS2_PLACEMENT_3D ( 'NONE', #579, #3212, #3663 ) ;
#235 = ORIENTED_EDGE ( 'NONE', *, *, #4136, .T. ) ;
#236 = ORIENTED_EDGE ( 'NONE', *, *, #213, .T. ) ;
#237 = CARTESIAN_POINT ( 'NONE',  ( 47.50000000000001421, -31.00000000000003197, 23.00000000000000000 ) ) ;
#238 = EDGE_CURVE ( 'NONE', #4344, #2525, #4409, .T. ) ;
#239 = EDGE_LOOP ( 'NONE', ( #1563, #580, #3495, #4761 ) ) ;
#240 = EDGE_CURVE ( 'NONE', #3951, #4011, #1691, .T. ) ;
#241 = FACE_BOUND ( 'NONE', #1349, .T. ) ;
#242 = VERTEX_POINT ( 'NONE', #759 ) ;
#243 = CIRCLE ( 'NONE', #410, 2.999999999999999112 ) ;
#244 = DIRECTION ( 'NONE',  ( -1.000000000000000000, 0.000000000000000000, -0.000000000000000000 ) ) ;
#245 = EDGE_CURVE ( 'NONE', #967, #2620, #4882, .T. ) ;
#246 = LINE ( 'NONE', #2555, #2400 ) ;
#247 = CARTESIAN_POINT ( 'NONE',  ( 15.00000000000000000, -57.49999999999999289, 20.00000000000000000 ) ) ;
#248 = VECTOR ( 'NONE', #2939, 1000.000000000000000 ) ;
#249 = CARTESIAN_POINT ( 'NONE',  ( -12.00000000000000355, -55.00000000000001421, 29.99999999999998579 ) ) ;
#250 = EDGE_LOOP ( 'NONE', ( #261, #4112, #4266, #4331, #184, #2811, #1409, #366 ) ) ;
#251 = CARTESIAN_POINT ( 'NONE',  ( 21.75000000000001066, 40.15000000000002700, 0.000000000000000000 ) ) ;
#252 = CARTESIAN_POINT ( 'NONE',  ( 47.50000000000001421, 30.99999999999998934, 27.00000000000001066 ) ) ;
#253 = CIRCLE ( 'NONE', #1679, 3.000000000000002665 ) ;
#254 = CARTESIAN_POINT ( 'NONE',  ( 30.00000000000004619, -62.49999999999998579, 45.00000000000000000 ) ) ;
#255 = CARTESIAN_POINT ( 'NONE',  ( -43.74999999999999289, 53.75000000000002132, 45.00000000000000000 ) ) ;
#256 = DIRECTION ( 'NONE',  ( -1.000000000000000000, 0.000000000000000000, 0.000000000000000000 ) ) ;
#257 = VERTEX_POINT ( 'NONE', #1154 ) ;
#258 = DIRECTION ( 'NONE',  ( 1.000000000000000000, -0.000000000000000000, 0.000000000000000000 ) ) ;
#259 = CARTESIAN_POINT ( 'NONE',  ( 30.00000000000004619, 0.000000000000000000, -20.15564437074637993 ) ) ;
#260 = ADVANCED_FACE ( 'NONE', ( #377, #2265 ), #2663, .F. ) ;
#261 = ORIENTED_EDGE ( 'NONE', *, *, #3186, .F. ) ;
#262 = CARTESIAN_POINT ( 'NONE',  ( -45.00000000000000000, -30.15000000000000568, 3.500000000000000000 ) ) ;
#263 = VECTOR ( 'NONE', #2735, 1000.000000000000000 ) ;
#264 = EDGE_CURVE ( 'NONE', #1099, #4221, #1282, .T. ) ;
#265 = ORIENTED_EDGE ( 'NONE', *, *, #4802, .T. ) ;
#266 = ORIENTED_EDGE ( 'NONE', *, *, #1596, .F. ) ;
#267 =( BOUNDED_CURVE ( )  B_SPLINE_CURVE ( 3, ( #4700, #980, #2879, #3970 ),
 .UNSPECIFIED., .F., .F. ) 
 B_SPLINE_CURVE_WITH_KNOTS ( ( 4, 4 ),
 ( 1.570796326794896558, 4.712388980384689674 ),
 .UNSPECIFIED. ) 
 CURVE ( )  GEOMETRIC_REPRESENTATION_ITEM ( )  RATIONAL_B_SPLINE_CURVE ( ( 1.000000000000000000, 0.3333333333333333703, 0.3333333333333333703, 1.000000000000000000 ) ) 
 REPRESENTATION_ITEM ( '' )  );
#268 = ORIENTED_EDGE ( 'NONE', *, *, #3154, .F. ) ;
#269 = VECTOR ( 'NONE', #3200, 1000.000000000000000 ) ;
#270 = CARTESIAN_POINT ( 'NONE',  ( 43.50000000000000711, 53.50000000000000000, -143.7228235180481022 ) ) ;
#271 = EDGE_CURVE ( 'NONE', #3151, #308, #1079, .T. ) ;
#272 = ORIENTED_EDGE ( 'NONE', *, *, #2449, .T. ) ;
#273 = DIRECTION ( 'NONE',  ( 1.541976423090495387E-16, -1.000000000000000000, 0.000000000000000000 ) ) ;
#274 = CARTESIAN_POINT ( 'NONE',  ( -15.50000000000000355, -57.49999999999999289, 34.99999999999999289 ) ) ;
#275 = CARTESIAN_POINT ( 'NONE',  ( -47.49999999999998579, -57.49999999999999289, 0.3999999999999975797 ) ) ;
#276 = ORIENTED_EDGE ( 'NONE', *, *, #3130, .T. ) ;
#277 = DIRECTION ( 'NONE',  ( 0.000000000000000000, 0.000000000000000000, 1.000000000000000000 ) ) ;
#278 = DIRECTION ( 'NONE',  ( 0.000000000000000000, -1.000000000000000000, -1.734723475976806108E-16 ) ) ;
#279 = LINE ( 'NONE', #4804, #2873 ) ;
#280 = CARTESIAN_POINT ( 'NONE',  ( 18.91666666666657193, 46.21666666666661172, -1.233333333333293869 ) ) ;
#281 = ADVANCED_FACE ( 'NONE', ( #3682 ), #1847, .F. ) ;
#282 = LINE ( 'NONE', #4684, #1920 ) ;
#283 = EDGE_LOOP ( 'NONE', ( #2180, #2232, #1041, #2279 ) ) ;
#284 = CARTESIAN_POINT ( 'NONE',  ( -34.99999999999997868, -62.49999999999998579, 53.48528137423858198 ) ) ;
#285 = DIRECTION ( 'NONE',  ( 0.000000000000000000, 0.000000000000000000, 1.000000000000000000 ) ) ;
#286 = VECTOR ( 'NONE', #3795, 1000.000000000000000 ) ;
#287 = ORIENTED_EDGE ( 'NONE', *, *, #782, .F. ) ;
#288 = CARTESIAN_POINT ( 'NONE',  ( -43.74999999999997158, -57.10000000000000142, 0.000000000000000000 ) ) ;
#289 = ADVANCED_FACE ( 'NONE', ( #734, #2585 ), #4803, .F. ) ;
#290 = ORIENTED_EDGE ( 'NONE', *, *, #4370, .F. ) ;
#291 = ORIENTED_EDGE ( 'NONE', *, *, #1359, .F. ) ;
#292 = VERTEX_POINT ( 'NONE', #9 ) ;
#293 = VECTOR ( 'NONE', #4721, 1000.000000000000000 ) ;
#294 = UNCERTAINTY_MEASURE_WITH_UNIT (LENGTH_MEASURE( 1.000000000000000082E-05 ), #3331, 'distance_accuracy_value', 'NONE');
#295 = CARTESIAN_POINT ( 'NONE',  ( 47.50000000000001421, 30.99999999999998934, 20.00000000000000711 ) ) ;
#296 = EDGE_LOOP ( 'NONE', ( #3717, #3228, #750, #2997, #3273 ) ) ;
#297 = DIRECTION ( 'NONE',  ( -1.000000000000000000, 0.000000000000000000, -0.000000000000000000 ) ) ;
#298 = DIRECTION ( 'NONE',  ( 1.541976423090495387E-16, -1.000000000000000000, 0.000000000000000000 ) ) ;
#299 = EDGE_CURVE ( 'NONE', #1478, #3791, #4437, .T. ) ;
#300 = LINE ( 'NONE', #374, #2593 ) ;
#301 = ORIENTED_EDGE ( 'NONE', *, *, #232, .F. ) ;
#302 = DIRECTION ( 'NONE',  ( 1.000000000000000000, -0.000000000000000000, 0.000000000000000000 ) ) ;
#303 = EDGE_CURVE ( 'NONE', #1992, #66, #4858, .T. ) ;
#304 = DIRECTION ( 'NONE',  ( -1.000000000000000000, 0.000000000000000000, 0.000000000000000000 ) ) ;
#305 =( NAMED_UNIT ( * ) SI_UNIT ( $, .STERADIAN. ) SOLID_ANGLE_UNIT ( ) );
#306 = LINE ( 'NONE', #2166, #643 ) ;
#307 = DIRECTION ( 'NONE',  ( -1.000000000000000000, 0.000000000000000000, 0.000000000000000000 ) ) ;
#308 = VERTEX_POINT ( 'NONE', #3354 ) ;
#309 = CARTESIAN_POINT ( 'NONE',  ( 43.75000000000002132, 53.75000000000001421, 45.00000000000000000 ) ) ;
#310 = ORIENTED_EDGE ( 'NONE', *, *, #3624, .T. ) ;
#311 = VECTOR ( 'NONE', #4287, 1000.000000000000000 ) ;
#312 = DIRECTION ( 'NONE',  ( 0.000000000000000000, 0.000000000000000000, -1.000000000000000000 ) ) ;
#313 = AXIS2_PLACEMENT_3D ( 'NONE', #2766, #4276, #888 ) ;
#314 = EDGE_LOOP ( 'NONE', ( #664, #2863, #3872, #893 ) ) ;
#315 = VERTEX_POINT ( 'NONE', #1497 ) ;
#316 = ORIENTED_EDGE ( 'NONE', *, *, #3538, .F. ) ;
#317 = DIRECTION ( 'NONE',  ( -0.000000000000000000, -0.000000000000000000, 1.000000000000000000 ) ) ;
#318 = ORIENTED_EDGE ( 'NONE', *, *, #821, .T. ) ;
#319 = VECTOR ( 'NONE', #4592, 1000.000000000000000 ) ;
#320 = DIRECTION ( 'NONE',  ( 0.000000000000000000, 0.000000000000000000, -1.000000000000000000 ) ) ;
#321 = CARTESIAN_POINT ( 'NONE',  ( -34.99999999999997868, 62.50000000000001421, 0.000000000000000000 ) ) ;
#322 = EDGE_CURVE ( 'NONE', #2885, #4448, #354, .T. ) ;
#323 = EDGE_CURVE ( 'NONE', #4705, #161, #2554, .T. ) ;
#324 = CIRCLE ( 'NONE', #2229, 4.999999999999990230 ) ;
#325 = CARTESIAN_POINT ( 'NONE',  ( 47.50100000000001899, 61.25000000000000711, 29.21757569555956735 ) ) ;
#326 = EDGE_LOOP ( 'NONE', ( #2300, #98, #1092, #1786 ) ) ;
#327 = AXIS2_PLACEMENT_3D ( 'NONE', #1722, #2065, #2827 ) ;
#328 = DIRECTION ( 'NONE',  ( 1.000000000000000000, 0.000000000000000000, 0.000000000000000000 ) ) ;
#329 =( NAMED_UNIT ( * ) PLANE_ANGLE_UNIT ( ) SI_UNIT ( $, .RADIAN. ) );
#330 = EDGE_CURVE ( 'NONE', #292, #3851, #4487, .T. ) ;
#331 = DIRECTION ( 'NONE',  ( -2.792311430143752197E-16, 1.000000000000000000, 0.000000000000000000 ) ) ;
#332 = ORIENTED_EDGE ( 'NONE', *, *, #2025, .T. ) ;
#333 = DIRECTION ( 'NONE',  ( 1.000000000000000000, 0.000000000000000000, 0.000000000000000000 ) ) ;
#334 = CARTESIAN_POINT ( 'NONE',  ( 40.00000000000002842, -62.49999999999998579, -20.15564437074637993 ) ) ;
#335 = VECTOR ( 'NONE', #4694, 1000.000000000000000 ) ;
#336 = ORIENTED_EDGE ( 'NONE', *, *, #3765, .T. ) ;
#337 = DIRECTION ( 'NONE',  ( 0.000000000000000000, 1.000000000000000000, -0.000000000000000000 ) ) ;
#338 = CIRCLE ( 'NONE', #3118, 3.000000000000002665 ) ;
#339 = VECTOR ( 'NONE', #3139, 1000.000000000000000 ) ;
#340 = VERTEX_POINT ( 'NONE', #3039 ) ;
#341 = ORIENTED_EDGE ( 'NONE', *, *, #4675, .F. ) ;
#342 = ORIENTED_EDGE ( 'NONE', *, *, #2545, .T. ) ;
#343 = FACE_OUTER_BOUND ( 'NONE', #2397, .T. ) ;
#344 = ORIENTED_EDGE ( 'NONE', *, *, #3101, .T. ) ;
#345 = DIRECTION ( 'NONE',  ( 0.000000000000000000, 0.000000000000000000, -1.000000000000000000 ) ) ;
#346 = FACE_OUTER_BOUND ( 'NONE', #2760, .T. ) ;
#347 = AXIS2_PLACEMENT_3D ( 'NONE', #2959, #2242, #2192 ) ;
#348 = AXIS2_PLACEMENT_3D ( 'NONE', #4429, #675, #4401 ) ;
#349 = EDGE_CURVE ( 'NONE', #611, #4687, #253, .T. ) ;
#350 = LINE ( 'NONE', #4826, #698 ) ;
#351 = ORIENTED_EDGE ( 'NONE', *, *, #2235, .F. ) ;
#352 = ADVANCED_FACE ( 'NONE', ( #1869 ), #680, .T. ) ;
#353 = LINE ( 'NONE', #1820, #1895 ) ;
#354 = LINE ( 'NONE', #2983, #4842 ) ;
#355 = PLANE ( 'NONE',  #3966 ) ;
#356 = DIRECTION ( 'NONE',  ( 0.000000000000000000, 0.000000000000000000, 1.000000000000000000 ) ) ;
#357 = ORIENTED_EDGE ( 'NONE', *, *, #529, .F. ) ;
#358 = LINE ( 'NONE', #738, #620 ) ;
#359 = CARTESIAN_POINT ( 'NONE',  ( -43.74999999999998579, 57.50000000000000711, 45.00000000000000000 ) ) ;
#360 = ORIENTED_EDGE ( 'NONE', *, *, #4089, .T. ) ;
#361 = CARTESIAN_POINT ( 'NONE',  ( 47.50000000000001421, -50.00000000000002842, 19.99999999999999645 ) ) ;
#362 = EDGE_CURVE ( 'NONE', #1014, #3184, #2713, .T. ) ;
#363 = ORIENTED_EDGE ( 'NONE', *, *, #4778, .T. ) ;
#364 = ORIENTED_EDGE ( 'NONE', *, *, #1836, .T. ) ;
#365 = CARTESIAN_POINT ( 'NONE',  ( 47.50000000000001421, -31.00000000000003197, 30.00000000000000355 ) ) ;
#366 = ORIENTED_EDGE ( 'NONE', *, *, #3285, .T. ) ;
#367 = DIRECTION ( 'NONE',  ( 0.000000000000000000, 1.000000000000000000, 0.000000000000000000 ) ) ;
#368 = AXIS2_PLACEMENT_3D ( 'NONE', #3534, #4661, #131 ) ;
#369 = DIRECTION ( 'NONE',  ( 0.000000000000000000, 0.000000000000000000, 1.000000000000000000 ) ) ;
#370 = ORIENTED_EDGE ( 'NONE', *, *, #3207, .F. ) ;
#371 = FACE_OUTER_BOUND ( 'NONE', #1681, .T. ) ;
#372 = CYLINDRICAL_SURFACE ( 'NONE', #3440, 2.999999999999999112 ) ;
#373 = ADVANCED_FACE ( 'NONE', ( #1822 ), #1446, .T. ) ;
#374 = CARTESIAN_POINT ( 'NONE',  ( 15.00000000000000000, 55.00000000000000711, 23.00000000000000000 ) ) ;
#375 = VERTEX_POINT ( 'NONE', #3895 ) ;
#376 = CARTESIAN_POINT ( 'NONE',  ( -39.99999999999996447, 62.50000000000001421, 36.54123203702892653 ) ) ;
#377 = FACE_BOUND ( 'NONE', #2646, .T. ) ;
#378 = FILL_AREA_STYLE_COLOUR ( '', #825 ) ;
#379 = DIRECTION ( 'NONE',  ( 0.000000000000000000, -0.000000000000000000, -1.000000000000000000 ) ) ;
#380 = EDGE_LOOP ( 'NONE', ( #2325, #4764, #632, #3865 ) ) ;
#381 = DIRECTION ( 'NONE',  ( -0.000000000000000000, -0.000000000000000000, 1.000000000000000000 ) ) ;
#382 = CARTESIAN_POINT ( 'NONE',  ( -37.99999999999997868, 62.50000000000001421, 43.00000000000000000 ) ) ;
#383 = ORIENTED_EDGE ( 'NONE', *, *, #2730, .F. ) ;
#384 = CARTESIAN_POINT ( 'NONE',  ( -3.500000000000003109, -57.49999999999999289, 45.00000000000000000 ) ) ;
#385 = AXIS2_PLACEMENT_3D ( 'NONE', #1876, #3019, #3761 ) ;
#386 = EDGE_LOOP ( 'NONE', ( #1907, #1143 ) ) ;
#387 = EDGE_LOOP ( 'NONE', ( #2490, #4863, #2177, #4188 ) ) ;
#388 = EDGE_CURVE ( 'NONE', #3497, #1934, #166, .T. ) ;
#389 = AXIS2_PLACEMENT_3D ( 'NONE', #270, #1358, #2840 ) ;
#390 = DIRECTION ( 'NONE',  ( -0.000000000000000000, -0.000000000000000000, -1.000000000000000000 ) ) ;
#391 = EDGE_LOOP ( 'NONE', ( #487, #2728, #2195 ) ) ;
#392 = CARTESIAN_POINT ( 'NONE',  ( 45.00000000000001421, 33.99999999999998579, 27.00000000000001066 ) ) ;
#393 = VECTOR ( 'NONE', #2204, 1000.000000000000000 ) ;
#394 = DIRECTION ( 'NONE',  ( -1.000000000000000000, 0.000000000000000000, 0.000000000000000000 ) ) ;
#395 = VERTEX_POINT ( 'NONE', #1595 ) ;
#396 = EDGE_CURVE ( 'NONE', #4887, #315, #3346, .T. ) ;
#397 = DIRECTION ( 'NONE',  ( -1.000000000000000000, 0.000000000000000000, 0.000000000000000000 ) ) ;
#398 = LINE ( 'NONE', #1519, #3853 ) ;
#399 =( BOUNDED_CURVE ( )  B_SPLINE_CURVE ( 3, ( #1908, #3421, #4528, #1050 ),
 .UNSPECIFIED., .F., .F. ) 
 B_SPLINE_CURVE_WITH_KNOTS ( ( 4, 4 ),
 ( 1.570796326794896558, 4.712388980384689674 ),
 .UNSPECIFIED. ) 
 CURVE ( )  GEOMETRIC_REPRESENTATION_ITEM ( )  RATIONAL_B_SPLINE_CURVE ( ( 1.000000000000000000, 0.3333333333333333703, 0.3333333333333333703, 1.000000000000000000 ) ) 
 REPRESENTATION_ITEM ( '' )  );
#400 = VECTOR ( 'NONE', #4273, 1000.000000000000000 ) ;
#401 = ADVANCED_FACE ( 'NONE', ( #3479 ), #3135, .F. ) ;
#402 = CARTESIAN_POINT ( 'NONE',  ( 22.15000000000001279, 40.15000000000002700, 0.000000000000000000 ) ) ;
#403 = EDGE_LOOP ( 'NONE', ( #1474, #4141, #4651, #678, #4474, #2675, #4895, #1594 ) ) ;
#404 = DIRECTION ( 'NONE',  ( 0.000000000000000000, 1.000000000000000000, 0.000000000000000000 ) ) ;
#405 = SURFACE_STYLE_USAGE ( .BOTH. , #3355 ) ;
#406 = AXIS2_PLACEMENT_3D ( 'NONE', #3286, #2486, #4781 ) ;
#407 = LINE ( 'NONE', #2731, #645 ) ;
#408 = ORIENTED_EDGE ( 'NONE', *, *, #539, .T. ) ;
#409 = DIRECTION ( 'NONE',  ( 0.000000000000000000, 0.000000000000000000, 1.000000000000000000 ) ) ;
#410 = AXIS2_PLACEMENT_3D ( 'NONE', #877, #851, #35 ) ;
#411 = FACE_OUTER_BOUND ( 'NONE', #3741, .T. ) ;
#412 = VERTEX_POINT ( 'NONE', #490 ) ;
#413 = CARTESIAN_POINT ( 'NONE',  ( 8.249573863534152624E-15, -53.50000000000001421, 3.500000000000000000 ) ) ;
#414 = ORIENTED_EDGE ( 'NONE', *, *, #4347, .T. ) ;
#415 = EDGE_CURVE ( 'NONE', #2814, #4417, #1199, .T. ) ;
#416 = CARTESIAN_POINT ( 'NONE',  ( 47.50000000000001421, -57.49999999999999289, 45.00000000000000000 ) ) ;
#417 = EDGE_CURVE ( 'NONE', #121, #963, #2010, .T. ) ;
#418 = ORIENTED_EDGE ( 'NONE', *, *, #2689, .T. ) ;
#419 = DIRECTION ( 'NONE',  ( -2.040851148208008491E-16, 1.000000000000000000, 0.000000000000000000 ) ) ;
#420 = ORIENTED_EDGE ( 'NONE', *, *, #1761, .F. ) ;
#421 = CARTESIAN_POINT ( 'NONE',  ( 47.50000000000001421, 14.99999999999998224, 30.00000000000001066 ) ) ;
#422 = VECTOR ( 'NONE', #880, 1000.000000000000000 ) ;
#423 = CARTESIAN_POINT ( 'NONE',  ( -43.74999999999997158, -53.75000000000000000, 0.000000000000000000 ) ) ;
#424 = AXIS2_PLACEMENT_3D ( 'NONE', #104, #1995, #1624 ) ;
#425 = ADVANCED_FACE ( 'NONE', ( #2707 ), #4219, .F. ) ;
#426 = ORIENTED_EDGE ( 'NONE', *, *, #4066, .F. ) ;
#427 = DIRECTION ( 'NONE',  ( 0.000000000000000000, 1.000000000000000000, -0.000000000000000000 ) ) ;
#428 = VERTEX_POINT ( 'NONE', #1573 ) ;
#429 = CARTESIAN_POINT ( 'NONE',  ( -29.99999999999999289, -62.49999999999998579, 36.54123203702888389 ) ) ;
#430 = AXIS2_PLACEMENT_3D ( 'NONE', #3964, #3836, #566 ) ;
#431 = FACE_OUTER_BOUND ( 'NONE', #314, .T. ) ;
#432 = EDGE_LOOP ( 'NONE', ( #852, #3711, #1615, #2444 ) ) ;
#433 = LINE ( 'NONE', #3117, #2604 ) ;
#434 = FACE_OUTER_BOUND ( 'NONE', #3605, .T. ) ;
#435 = LINE ( 'NONE', #3925, #3586 ) ;
#436 = CARTESIAN_POINT ( 'NONE',  ( -6.500000000000003553, -57.49999999999999289, 38.00000000000000000 ) ) ;
#437 = EDGE_CURVE ( 'NONE', #2623, #3559, #2157, .T. ) ;
#438 = ORIENTED_EDGE ( 'NONE', *, *, #50, .T. ) ;
#439 = DIRECTION ( 'NONE',  ( -0.7071067811865355823, -1.443099686290210092E-16, -0.7071067811865594521 ) ) ;
#440 = ORIENTED_EDGE ( 'NONE', *, *, #2051, .T. ) ;
#441 = LINE ( 'NONE', #24, #4627 ) ;
#442 = AXIS2_PLACEMENT_3D ( 'NONE', #4796, #1018, #345 ) ;
#443 = CIRCLE ( 'NONE', #4559, 3.750000000000003553 ) ;
#444 = DIRECTION ( 'NONE',  ( 0.000000000000000000, 0.000000000000000000, 1.000000000000000000 ) ) ;
#445 = EDGE_LOOP ( 'NONE', ( #2864, #1332, #360, #1311, #3644, #3884, #3674, #3607, #1163, #3863, #3922, #176, #2314, #156, #2591, #4713, #4167, #1629, #3234, #2634, #3, #4036 ) ) ;
#446 = FACE_BOUND ( 'NONE', #2947, .T. ) ;
#447 = VECTOR ( 'NONE', #3240, 1000.000000000000000 ) ;
#448 = ORIENTED_EDGE ( 'NONE', *, *, #2002, .T. ) ;
#449 = DIRECTION ( 'NONE',  ( 0.000000000000000000, 0.000000000000000000, -1.000000000000000000 ) ) ;
#450 = ORIENTED_EDGE ( 'NONE', *, *, #649, .T. ) ;
#451 = EDGE_CURVE ( 'NONE', #1478, #3376, #3088, .T. ) ;
#452 = LINE ( 'NONE', #1685, #1929 ) ;
#453 = EDGE_CURVE ( 'NONE', #3908, #3134, #3157, .T. ) ;
#454 = ORIENTED_EDGE ( 'NONE', *, *, #4873, .F. ) ;
#455 = LINE ( 'NONE', #833, #224 ) ;
#456 = FACE_OUTER_BOUND ( 'NONE', #205, .T. ) ;
#457 = DIRECTION ( 'NONE',  ( -0.000000000000000000, -1.000000000000000000, -0.000000000000000000 ) ) ;
#458 = EDGE_CURVE ( 'NONE', #4046, #3489, #1945, .T. ) ;
#459 = ORIENTED_EDGE ( 'NONE', *, *, #3997, .F. ) ;
#460 = ORIENTED_EDGE ( 'NONE', *, *, #1189, .T. ) ;
#461 = CARTESIAN_POINT ( 'NONE',  ( 47.50000000000001421, 11.99999999999998046, 30.00000000000001066 ) ) ;
#462 = DIRECTION ( 'NONE',  ( 0.000000000000000000, -1.000000000000000000, 0.000000000000000000 ) ) ;
#463 = AXIS2_PLACEMENT_3D ( 'NONE', #1438, #3425, #4658 ) ;
#464 = ORIENTED_EDGE ( 'NONE', *, *, #876, .T. ) ;
#465 = CARTESIAN_POINT ( 'NONE',  ( -37.99999999999997868, -62.49999999999998579, 43.00000000000000000 ) ) ;
#466 = CIRCLE ( 'NONE', #3948, 2.999999999999999112 ) ;
#467 = ORIENTED_EDGE ( 'NONE', *, *, #1968, .F. ) ;
#468 = DIRECTION ( 'NONE',  ( 0.000000000000000000, 0.000000000000000000, -1.000000000000000000 ) ) ;
#469 = ORIENTED_EDGE ( 'NONE', *, *, #2654, .F. ) ;
#470 = EDGE_CURVE ( 'NONE', #1007, #2008, #1552, .T. ) ;
#471 = DIRECTION ( 'NONE',  ( 5.551115123125869477E-15, -1.000000000000000000, 0.000000000000000000 ) ) ;
#472 = VECTOR ( 'NONE', #2197, 1000.000000000000114 ) ;
#473 = DIRECTION ( 'NONE',  ( -2.040851148208008491E-16, 1.000000000000000000, 0.000000000000000000 ) ) ;
#474 = VERTEX_POINT ( 'NONE', #849 ) ;
#475 = CARTESIAN_POINT ( 'NONE',  ( 45.00000000000000711, 53.50000000000000711, 45.00000000000000000 ) ) ;
#476 = FACE_BOUND ( 'NONE', #3639, .T. ) ;
#477 = CARTESIAN_POINT ( 'NONE',  ( -15.50000000000000711, -55.00000000000001421, -143.7228235180481022 ) ) ;
#478 = EDGE_CURVE ( 'NONE', #4602, #1730, #3805, .T. ) ;
#479 = ORIENTED_EDGE ( 'NONE', *, *, #2385, .T. ) ;
#480 = DIRECTION ( 'NONE',  ( 0.000000000000000000, -1.000000000000000000, 0.000000000000000000 ) ) ;
#481 = ORIENTED_EDGE ( 'NONE', *, *, #4015, .F. ) ;
#482 = VECTOR ( 'NONE', #3099, 1000.000000000000000 ) ;
#483 = CARTESIAN_POINT ( 'NONE',  ( 47.50000000000001421, -53.00000000000003553, 26.99999999999998934 ) ) ;
#484 = CARTESIAN_POINT ( 'NONE',  ( 36.75000000000000711, 62.50000000000001421, 44.75000000000000000 ) ) ;
#485 = ORIENTED_EDGE ( 'NONE', *, *, #1747, .F. ) ;
#486 = CYLINDRICAL_SURFACE ( 'NONE', #1793, 2.999999999999999112 ) ;
#487 = ORIENTED_EDGE ( 'NONE', *, *, #4710, .T. ) ;
#488 = CARTESIAN_POINT ( 'NONE',  ( -15.00000000000000000, -57.49999999999999289, 27.00000000000001066 ) ) ;
#489 = VECTOR ( 'NONE', #1533, 1000.000000000000000 ) ;
#490 = CARTESIAN_POINT ( 'NONE',  ( 30.00000000000002842, 61.25000000000002132, 45.00000000000000000 ) ) ;
#491 = EDGE_CURVE ( 'NONE', #2224, #1036, #32, .T. ) ;
#492 = VECTOR ( 'NONE', #2933, 1000.000000000000114 ) ;
#493 = EDGE_CURVE ( 'NONE', #4856, #3791, #874, .T. ) ;
#494 = CARTESIAN_POINT ( 'NONE',  ( 12.85000000000002096, 2.622493725447295435E-15, 2.000000000000000000 ) ) ;
#495 = ORIENTED_EDGE ( 'NONE', *, *, #80, .F. ) ;
#496 = PLANE ( 'NONE',  #1186 ) ;
#497 = DIRECTION ( 'NONE',  ( 0.000000000000000000, -0.000000000000000000, 1.000000000000000000 ) ) ;
#498 = LINE ( 'NONE', #2015, #1933 ) ;
#499 = CIRCLE ( 'NONE', #3128, 3.750000000000003553 ) ;
#500 = ORIENTED_EDGE ( 'NONE', *, *, #2209, .F. ) ;
#501 = CARTESIAN_POINT ( 'NONE',  ( -42.02199065292460034, 57.80469467080580870, 30.94558504263494925 ) ) ;
#502 = FACE_OUTER_BOUND ( 'NONE', #3650, .T. ) ;
#503 = EDGE_LOOP ( 'NONE', ( #726, #4493, #202, #542 ) ) ;
#504 = EDGE_CURVE ( 'NONE', #612, #2650, #2299, .T. ) ;
#505 = CARTESIAN_POINT ( 'NONE',  ( 26.25000000000003197, -57.49999999999999289, 29.21757569555954959 ) ) ;
#506 = CARTESIAN_POINT ( 'NONE',  ( 35.00000000000001421, 62.50000000000001421, -20.15564437074637993 ) ) ;
#507 = EDGE_LOOP ( 'NONE', ( #641, #966, #3563, #1647 ) ) ;
#508 = EDGE_CURVE ( 'NONE', #4756, #3519, #4060, .T. ) ;
#509 = EDGE_CURVE ( 'NONE', #1144, #2623, #452, .T. ) ;
#510 = PLANE ( 'NONE',  #4698 ) ;
#511 = ORIENTED_EDGE ( 'NONE', *, *, #1637, .F. ) ;
#512 = CARTESIAN_POINT ( 'NONE',  ( -26.24999999999998224, -61.25000000000000711, 45.00000000000000000 ) ) ;
#513 = CIRCLE ( 'NONE', #3213, 1.749999999999987566 ) ;
#514 = CARTESIAN_POINT ( 'NONE',  ( 0.000000000000000000, -49.50000000000000711, 38.00000000000000000 ) ) ;
#515 = VECTOR ( 'NONE', #3975, 1000.000000000000000 ) ;
#516 = LINE ( 'NONE', #3967, #335 ) ;
#517 = EDGE_CURVE ( 'NONE', #2595, #570, #94, .T. ) ;
#518 = CARTESIAN_POINT ( 'NONE',  ( 11.99999999999999645, -55.00000000000001421, 19.99999999999999645 ) ) ;
#519 = VERTEX_POINT ( 'NONE', #3181 ) ;
#520 = LINE ( 'NONE', #810, #311 ) ;
#521 = ORIENTED_EDGE ( 'NONE', *, *, #1291, .F. ) ;
#522 = LINE ( 'NONE', #1272, #3508 ) ;
#523 = DIRECTION ( 'NONE',  ( 0.000000000000000000, -0.7071067811865352493, -0.7071067811865597852 ) ) ;
#524 = EDGE_LOOP ( 'NONE', ( #4891, #2582, #287, #4500, #2552, #1562, #4063, #4082 ) ) ;
#525 = CARTESIAN_POINT ( 'NONE',  ( 40.00000000000002132, -61.25000000000000000, 35.05154004628613507 ) ) ;
#526 = DIRECTION ( 'NONE',  ( -1.000000000000000000, 0.000000000000000000, 0.000000000000000000 ) ) ;
#527 = EDGE_LOOP ( 'NONE', ( #4159, #4527, #616, #4467 ) ) ;
#528 = LINE ( 'NONE', #2345, #1561 ) ;
#529 = EDGE_CURVE ( 'NONE', #2205, #53, #2080, .T. ) ;
#530 = VERTEX_POINT ( 'NONE', #567 ) ;
#531 = FACE_OUTER_BOUND ( 'NONE', #2614, .T. ) ;
#532 = AXIS2_PLACEMENT_3D ( 'NONE', #2308, #3060, #1303 ) ;
#533 = EDGE_CURVE ( 'NONE', #3559, #1900, #3226, .T. ) ;
#534 = ORIENTED_EDGE ( 'NONE', *, *, #4420, .T. ) ;
#535 = CYLINDRICAL_SURFACE ( 'NONE', #4351, 1.500000000000001332 ) ;
#536 = CARTESIAN_POINT ( 'NONE',  ( 47.50000000000001421, -61.24999999999999289, 29.21757569555955314 ) ) ;
#537 = AXIS2_PLACEMENT_3D ( 'NONE', #2382, #3835, #1247 ) ;
#538 = DIRECTION ( 'NONE',  ( 0.000000000000000000, 0.000000000000000000, -1.000000000000000000 ) ) ;
#539 = EDGE_CURVE ( 'NONE', #315, #2743, #2422, .T. ) ;
#540 = VECTOR ( 'NONE', #4425, 1000.000000000000000 ) ;
#541 = CARTESIAN_POINT ( 'NONE',  ( 15.00000000000000000, -57.49999999999999289, 27.00000000000000355 ) ) ;
#542 = ORIENTED_EDGE ( 'NONE', *, *, #3860, .T. ) ;
#543 = CARTESIAN_POINT ( 'NONE',  ( -33.24999999999998579, -62.49999999999998579, 0.000000000000000000 ) ) ;
#544 = CARTESIAN_POINT ( 'NONE',  ( 45.00000000000001421, -31.00000000000003197, 27.00000000000000000 ) ) ;
#545 = CARTESIAN_POINT ( 'NONE',  ( -47.50099999999999056, 33.99999999999998579, 20.00000000000000711 ) ) ;
#546 =( BOUNDED_CURVE ( )  B_SPLINE_CURVE ( 3, ( #2984, #1823, #1848, #3781 ),
 .UNSPECIFIED., .F., .F. ) 
 B_SPLINE_CURVE_WITH_KNOTS ( ( 4, 4 ),
 ( 1.570796326794898334, 2.443460952792071872 ),
 .UNSPECIFIED. ) 
 CURVE ( )  GEOMETRIC_REPRESENTATION_ITEM ( )  RATIONAL_B_SPLINE_CURVE ( ( 1.000000000000000000, 0.9375385246910987735, 0.9375385246910987735, 1.000000000000000000 ) ) 
 REPRESENTATION_ITEM ( '' )  );
#547 = DIRECTION ( 'NONE',  ( -0.000000000000000000, -0.000000000000000000, -1.000000000000000000 ) ) ;
#548 = AXIS2_PLACEMENT_3D ( 'NONE', #514, #1928, #2712 ) ;
#549 = LINE ( 'NONE', #2088, #2546 ) ;
#550 = EDGE_LOOP ( 'NONE', ( #459, #3237, #4426, #2121, #1702, #363 ) ) ;
#551 = LINE ( 'NONE', #633, #4720 ) ;
#552 = CARTESIAN_POINT ( 'NONE',  ( -45.00000000000000000, -30.15000000000000568, 45.00000000000000000 ) ) ;
#553 = ORIENTED_EDGE ( 'NONE', *, *, #106, .F. ) ;
#554 = LINE ( 'NONE', #483, #3452 ) ;
#555 = SHAPE_DEFINITION_REPRESENTATION ( #615, #2360 ) ;
#556 = EDGE_CURVE ( 'NONE', #4866, #3195, #3251, .T. ) ;
#557 = VERTEX_POINT ( 'NONE', #619 ) ;
#558 = VECTOR ( 'NONE', #2457, 1000.000000000000000 ) ;
#559 = ADVANCED_FACE ( 'NONE', ( #4747 ), #3203, .F. ) ;
#560 = ORIENTED_EDGE ( 'NONE', *, *, #517, .F. ) ;
#561 = LINE ( 'NONE', #3244, #4616 ) ;
#562 = FACE_OUTER_BOUND ( 'NONE', #2047, .T. ) ;
#563 = FACE_OUTER_BOUND ( 'NONE', #1033, .T. ) ;
#564 = EDGE_LOOP ( 'NONE', ( #788, #4461, #3599, #91 ) ) ;
#565 = DIRECTION ( 'NONE',  ( 1.000000000000000000, 0.000000000000000000, 0.000000000000000000 ) ) ;
#566 = DIRECTION ( 'NONE',  ( -1.000000000000000000, 0.000000000000000000, 0.000000000000000000 ) ) ;
#567 = CARTESIAN_POINT ( 'NONE',  ( 22.15000000000001279, 40.15000000000002700, 2.000000000000000000 ) ) ;
#568 = EDGE_CURVE ( 'NONE', #2915, #4687, #516, .T. ) ;
#569 = CARTESIAN_POINT ( 'NONE',  ( 11.99999999999999645, 54.99999999999999289, 19.99999999999999645 ) ) ;
#570 = VERTEX_POINT ( 'NONE', #2874 ) ;
#571 = AXIS2_PLACEMENT_3D ( 'NONE', #436, #3549, #1952 ) ;
#572 = PLANE ( 'NONE',  #1415 ) ;
#573 = CARTESIAN_POINT ( 'NONE',  ( 45.00000000000000711, -55.00000000000000711, -143.7228235180481022 ) ) ;
#574 = CARTESIAN_POINT ( 'NONE',  ( 47.50000000000001421, -57.49999999999999289, 45.00000000000000000 ) ) ;
#575 = PLANE ( 'NONE',  #964 ) ;
#576 = FACE_OUTER_BOUND ( 'NONE', #2141, .T. ) ;
#577 = VERTEX_POINT ( 'NONE', #1768 ) ;
#578 = CARTESIAN_POINT ( 'NONE',  ( 47.50000000000001421, 45.50000000000000000, 38.00000000000000000 ) ) ;
#579 = CARTESIAN_POINT ( 'NONE',  ( -43.74999999999999289, 53.75000000000002132, 45.00000000000000000 ) ) ;
#580 = ORIENTED_EDGE ( 'NONE', *, *, #3916, .T. ) ;
#581 = DIRECTION ( 'NONE',  ( -0.000000000000000000, -0.000000000000000000, 1.000000000000000000 ) ) ;
#582 =( BOUNDED_CURVE ( )  B_SPLINE_CURVE ( 3, ( #2403, #4285, #1574, #3071 ),
 .UNSPECIFIED., .F., .F. ) 
 B_SPLINE_CURVE_WITH_KNOTS ( ( 4, 4 ),
 ( 1.570796326794896558, 4.712388980384689674 ),
 .UNSPECIFIED. ) 
 CURVE ( )  GEOMETRIC_REPRESENTATION_ITEM ( )  RATIONAL_B_SPLINE_CURVE ( ( 1.000000000000000000, 0.3333333333333333703, 0.3333333333333333703, 1.000000000000000000 ) ) 
 REPRESENTATION_ITEM ( '' )  );
#583 = ADVANCED_FACE ( 'NONE', ( #997, #4673 ), #3619, .T. ) ;
#584 = AXIS2_PLACEMENT_3D ( 'NONE', #2610, #1042, #1733 ) ;
#585 = ORIENTED_EDGE ( 'NONE', *, *, #1109, .T. ) ;
#586 = ORIENTED_EDGE ( 'NONE', *, *, #2995, .T. ) ;
#587 = ORIENTED_EDGE ( 'NONE', *, *, #1038, .T. ) ;
#588 = CARTESIAN_POINT ( 'NONE',  ( -44.99999999999999289, -52.50000000000001421, 38.00000000000000711 ) ) ;
#589 = ORIENTED_EDGE ( 'NONE', *, *, #1208, .F. ) ;
#590 = LINE ( 'NONE', #1263, #11 ) ;
#591 = CARTESIAN_POINT ( 'NONE',  ( -34.99999999999997868, -62.49999999999998579, -20.15564437074637993 ) ) ;
#592 = DIRECTION ( 'NONE',  ( -0.000000000000000000, -0.000000000000000000, -1.000000000000000000 ) ) ;
#593 = CIRCLE ( 'NONE', #3852, 3.000000000000002665 ) ;
#594 = EDGE_CURVE ( 'NONE', #121, #3214, #3141, .T. ) ;
#595 = CARTESIAN_POINT ( 'NONE',  ( -44.99999999999999289, -53.50000000000002132, 2.000000000000001776 ) ) ;
#596 = ORIENTED_EDGE ( 'NONE', *, *, #478, .T. ) ;
#597 = LINE ( 'NONE', #251, #4501 ) ;
#598 = DIRECTION ( 'NONE',  ( -0.5773502691896367223, 0.5773502691896302830, -0.5773502691896102990 ) ) ;
#599 = CARTESIAN_POINT ( 'NONE',  ( -39.99999999999996447, 61.25000000000001421, 35.05154004628614928 ) ) ;
#600 = VECTOR ( 'NONE', #4059, 1000.000000000000000 ) ;
#601 = CARTESIAN_POINT ( 'NONE',  ( 13.25000000000001066, 40.55000000000002558, 1.600000000000016298 ) ) ;
#602 = EDGE_CURVE ( 'NONE', #4470, #1209, #4772, .T. ) ;
#603 = LINE ( 'NONE', #1348, #3028 ) ;
#604 = ORIENTED_EDGE ( 'NONE', *, *, #1207, .F. ) ;
#605 = CARTESIAN_POINT ( 'NONE',  ( 47.50000000000001421, 33.99999999999998579, 30.00000000000001066 ) ) ;
#606 = DIRECTION ( 'NONE',  ( 0.000000000000000000, 0.000000000000000000, 1.000000000000000000 ) ) ;
#607 = VERTEX_POINT ( 'NONE', #4352 ) ;
#608 = CARTESIAN_POINT ( 'NONE',  ( 22.15000000000003055, 9.040970586561489967E-15, 0.000000000000000000 ) ) ;
#609 = EDGE_CURVE ( 'NONE', #1926, #375, #593, .T. ) ;
#610 = VERTEX_POINT ( 'NONE', #2055 ) ;
#611 = VERTEX_POINT ( 'NONE', #974 ) ;
#612 = VERTEX_POINT ( 'NONE', #1741 ) ;
#613 = CIRCLE ( 'NONE', #4883, 1.999999999999988010 ) ;
#614 = CARTESIAN_POINT ( 'NONE',  ( -37.99999999999997868, 62.50000000000001421, 36.54123203702892653 ) ) ;
#615 = PRODUCT_DEFINITION_SHAPE ( 'NONE', 'NONE',  #4849 ) ;
#616 = ORIENTED_EDGE ( 'NONE', *, *, #3186, .T. ) ;
#617 = DIRECTION ( 'NONE',  ( -0.000000000000000000, -1.000000000000000000, -0.000000000000000000 ) ) ;
#618 = CARTESIAN_POINT ( 'NONE',  ( 13.25000000000001066, 40.55000000000002558, -0.001000000000017913643 ) ) ;
#619 = CARTESIAN_POINT ( 'NONE',  ( 15.00000000000000000, 57.50000000000000711, 23.00000000000000000 ) ) ;
#620 = VECTOR ( 'NONE', #1112, 1000.000000000000000 ) ;
#621 = EDGE_CURVE ( 'NONE', #1099, #4417, #1363, .T. ) ;
#622 = CIRCLE ( 'NONE', #3400, 2.999999999999999112 ) ;
#623 = CARTESIAN_POINT ( 'NONE',  ( -34.99999999999997868, 62.50000000000001421, 45.00000000000000000 ) ) ;
#624 = ORIENTED_EDGE ( 'NONE', *, *, #451, .T. ) ;
#625 = EDGE_CURVE ( 'NONE', #130, #3151, #3372, .T. ) ;
#626 = EDGE_CURVE ( 'NONE', #1689, #4344, #142, .T. ) ;
#627 = DIRECTION ( 'NONE',  ( 0.000000000000000000, -1.000000000000000000, -6.308085367188390241E-16 ) ) ;
#628 = CYLINDRICAL_SURFACE ( 'NONE', #3041, 3.750000000000003553 ) ;
#629 = CARTESIAN_POINT ( 'NONE',  ( 30.00000000000004619, -61.25000000000000711, 45.00000000000000000 ) ) ;
#630 = DIRECTION ( 'NONE',  ( -1.000000000000000000, 0.000000000000000000, 0.000000000000000000 ) ) ;
#631 = CARTESIAN_POINT ( 'NONE',  ( -34.99999999999997868, -62.49999999999998579, 45.00000000000000000 ) ) ;
#632 = ORIENTED_EDGE ( 'NONE', *, *, #3543, .F. ) ;
#633 = CARTESIAN_POINT ( 'NONE',  ( -43.74999999999997158, -57.49999999999999289, 0.3999999999999976352 ) ) ;
#634 = VERTEX_POINT ( 'NONE', #4304 ) ;
#635 = LINE ( 'NONE', #3665, #1087 ) ;
#636 = EDGE_CURVE ( 'NONE', #2525, #2205, #920, .T. ) ;
#637 = AXIS2_PLACEMENT_3D ( 'NONE', #2617, #1899, #1476 ) ;
#638 = DIRECTION ( 'NONE',  ( 0.000000000000000000, 0.000000000000000000, 1.000000000000000000 ) ) ;
#639 = EDGE_LOOP ( 'NONE', ( #1834, #3969, #4181, #970 ) ) ;
#640 = ORIENTED_EDGE ( 'NONE', *, *, #1123, .F. ) ;
#641 = ORIENTED_EDGE ( 'NONE', *, *, #3822, .F. ) ;
#642 = LINE ( 'NONE', #4010, #3008 ) ;
#643 = VECTOR ( 'NONE', #1801, 1000.000000000000000 ) ;
#644 = EDGE_LOOP ( 'NONE', ( #1161, #1468, #673, #3491 ) ) ;
#645 = VECTOR ( 'NONE', #3090, 1000.000000000000000 ) ;
#646 = FACE_OUTER_BOUND ( 'NONE', #4094, .T. ) ;
#647 = PLANE ( 'NONE',  #348 ) ;
#648 = DIRECTION ( 'NONE',  ( -0.000000000000000000, -0.000000000000000000, 1.000000000000000000 ) ) ;
#649 = EDGE_CURVE ( 'NONE', #3995, #75, #947, .T. ) ;
#650 = CARTESIAN_POINT ( 'NONE',  ( -37.99999999999997868, -56.49999999999999289, 29.39071048146356802 ) ) ;
#651 = VERTEX_POINT ( 'NONE', #1958 ) ;
#652 = CARTESIAN_POINT ( 'NONE',  ( -26.24999999999997513, 57.50000000000000711, 29.21757569555956380 ) ) ;
#653 = FACE_OUTER_BOUND ( 'NONE', #2072, .T. ) ;
#654 = DIRECTION ( 'NONE',  ( -1.000000000000000000, 0.000000000000000000, 0.000000000000000000 ) ) ;
#655 = EDGE_CURVE ( 'NONE', #3137, #1730, #1412, .T. ) ;
#656 = CARTESIAN_POINT ( 'NONE',  ( -32.99999999999998579, -62.49999999999998579, 45.00000000000000000 ) ) ;
#657 = ORIENTED_EDGE ( 'NONE', *, *, #1174, .F. ) ;
#658 = CIRCLE ( 'NONE', #1218, 3.000000000000002665 ) ;
#659 = DIRECTION ( 'NONE',  ( 0.000000000000000000, 0.7071067811865474617, -0.7071067811865474617 ) ) ;
#660 = CARTESIAN_POINT ( 'NONE',  ( -29.99999999999998579, 62.50000000000001421, -20.15564437074637993 ) ) ;
#661 = ORIENTED_EDGE ( 'NONE', *, *, #4053, .T. ) ;
#662 = CARTESIAN_POINT ( 'NONE',  ( 43.75000000000002132, -57.49999999999999289, 0.3999999999999975797 ) ) ;
#663 = VECTOR ( 'NONE', #312, 1000.000000000000000 ) ;
#664 = ORIENTED_EDGE ( 'NONE', *, *, #50, .F. ) ;
#665 = AXIS2_PLACEMENT_3D ( 'NONE', #2851, #1003, #4410 ) ;
#666 = ORIENTED_EDGE ( 'NONE', *, *, #4149, .F. ) ;
#667 = ADVANCED_FACE ( 'NONE', ( #4552 ), #4211, .F. ) ;
#668 = ORIENTED_EDGE ( 'NONE', *, *, #3272, .T. ) ;
#669 = VECTOR ( 'NONE', #1870, 1000.000000000000000 ) ;
#670 = AXIS2_PLACEMENT_3D ( 'NONE', #3774, #4558, #2979 ) ;
#671 = DIRECTION ( 'NONE',  ( 0.000000000000000000, -1.000000000000000000, 0.000000000000000000 ) ) ;
#672 = EDGE_CURVE ( 'NONE', #3583, #428, #1885, .T. ) ;
#673 = ORIENTED_EDGE ( 'NONE', *, *, #4247, .T. ) ;
#674 = CARTESIAN_POINT ( 'NONE',  ( -43.74999999999997158, -57.49999999999999289, 45.00000000000000000 ) ) ;
#675 = DIRECTION ( 'NONE',  ( 1.000000000000000000, -0.000000000000000000, 0.000000000000000000 ) ) ;
#676 = CYLINDRICAL_SURFACE ( 'NONE', #2184, 2.999999999999999112 ) ;
#677 = PLANE ( 'NONE',  #4104 ) ;
#678 = ORIENTED_EDGE ( 'NONE', *, *, #2048, .T. ) ;
#679 = CARTESIAN_POINT ( 'NONE',  ( 40.00000000000000711, 61.25000000000002842, 35.05154004628617770 ) ) ;
#680 = PLANE ( 'NONE',  #3896 ) ;
#681 = DIRECTION ( 'NONE',  ( -0.000000000000000000, -0.000000000000000000, -1.000000000000000000 ) ) ;
#682 = VECTOR ( 'NONE', #3887, 1000.000000000000000 ) ;
#683 = DIRECTION ( 'NONE',  ( -1.000000000000000000, -2.792311430143749239E-16, 0.000000000000000000 ) ) ;
#684 = ORIENTED_EDGE ( 'NONE', *, *, #4532, .F. ) ;
#685 = CYLINDRICAL_SURFACE ( 'NONE', #1893, 3.000000000000002665 ) ;
#686 = DIRECTION ( 'NONE',  ( -0.000000000000000000, 0.000000000000000000, 1.000000000000000000 ) ) ;
#687 = VECTOR ( 'NONE', #789, 999.9999999999998863 ) ;
#688 = ORIENTED_EDGE ( 'NONE', *, *, #2849, .T. ) ;
#689 = CARTESIAN_POINT ( 'NONE',  ( -47.09999999999996589, -53.75000000000000000, 0.000000000000000000 ) ) ;
#690 = ORIENTED_EDGE ( 'NONE', *, *, #3030, .T. ) ;
#691 = ORIENTED_EDGE ( 'NONE', *, *, #2359, .F. ) ;
#692 = DIRECTION ( 'NONE',  ( -1.000000000000000000, 0.000000000000000000, 0.000000000000000000 ) ) ;
#693 = EDGE_CURVE ( 'NONE', #4448, #695, #3393, .T. ) ;
#694 = ADVANCED_FACE ( 'NONE', ( #1146 ), #773, .F. ) ;
#695 = VERTEX_POINT ( 'NONE', #2529 ) ;
#696 = PLANE ( 'NONE',  #2839 ) ;
#697 = EDGE_LOOP ( 'NONE', ( #4595, #3589, #2618, #4872 ) ) ;
#698 = VECTOR ( 'NONE', #2633, 1000.000000000000000 ) ;
#699 = LINE ( 'NONE', #1840, #2060 ) ;
#700 = DIRECTION ( 'NONE',  ( 1.000000000000000000, 0.000000000000000000, 0.000000000000000000 ) ) ;
#701 = EDGE_CURVE ( 'NONE', #1046, #4584, #399, .T. ) ;
#702 = PLANE ( 'NONE',  #4431 ) ;
#703 = ORIENTED_EDGE ( 'NONE', *, *, #3560, .F. ) ;
#704 = LINE ( 'NONE', #1845, #792 ) ;
#705 = CARTESIAN_POINT ( 'NONE',  ( -39.99999999999962341, 2.220446049250326965E-13, -20.15564437074637993 ) ) ;
#706 = EDGE_CURVE ( 'NONE', #967, #4231, #1541, .T. ) ;
#707 = CARTESIAN_POINT ( 'NONE',  ( 35.00000000000001421, 62.50000000000001421, 53.48528137423858198 ) ) ;
#708 = VECTOR ( 'NONE', #2922, 1000.000000000000000 ) ;
#709 = CARTESIAN_POINT ( 'NONE',  ( 45.00000000000000711, 39.49999999999999289, 38.00000000000000000 ) ) ;
#710 = CARTESIAN_POINT ( 'NONE',  ( 45.00000000000000711, -53.50000000000000711, 44.99999999999998579 ) ) ;
#711 = ORIENTED_EDGE ( 'NONE', *, *, #2770, .T. ) ;
#712 = DIRECTION ( 'NONE',  ( -0.000000000000000000, -0.000000000000000000, -1.000000000000000000 ) ) ;
#713 = DIRECTION ( 'NONE',  ( 1.000000000000000000, 0.000000000000000000, -0.000000000000000000 ) ) ;
#714 = EDGE_LOOP ( 'NONE', ( #4018, #1674, #4775, #4355 ) ) ;
#715 = VECTOR ( 'NONE', #146, 1000.000000000000000 ) ;
#716 = FACE_OUTER_BOUND ( 'NONE', #4142, .T. ) ;
#717 = CIRCLE ( 'NONE', #868, 2.999999999999999112 ) ;
#718 = ORIENTED_EDGE ( 'NONE', *, *, #4321, .T. ) ;
#719 = ORIENTED_EDGE ( 'NONE', *, *, #1919, .F. ) ;
#720 = LINE ( 'NONE', #1538, #2087 ) ;
#721 = ORIENTED_EDGE ( 'NONE', *, *, #2557, .T. ) ;
#722 = ADVANCED_FACE ( 'NONE', ( #4899 ), #4403, .F. ) ;
#723 = EDGE_CURVE ( 'NONE', #1360, #4818, #443, .T. ) ;
#724 = FACE_OUTER_BOUND ( 'NONE', #3956, .T. ) ;
#725 = ADVANCED_FACE ( 'NONE', ( #818 ), #3302, .F. ) ;
#726 = ORIENTED_EDGE ( 'NONE', *, *, #556, .T. ) ;
#727 = CARTESIAN_POINT ( 'NONE',  ( -26.24999999999997513, -57.49999999999999289, 29.21757569555954959 ) ) ;
#728 = CARTESIAN_POINT ( 'NONE',  ( -12.50000000000000355, -57.49999999999999289, 38.00000000000000000 ) ) ;
#729 = CARTESIAN_POINT ( 'NONE',  ( 45.00000000000001421, -50.00000000000002842, 26.99999999999998934 ) ) ;
#730 = ORIENTED_EDGE ( 'NONE', *, *, #3267, .T. ) ;
#731 = AXIS2_PLACEMENT_3D ( 'NONE', #1625, #3142, #1750 ) ;
#732 = CARTESIAN_POINT ( 'NONE',  ( -29.99999999999997868, 72.50000000000001421, 48.45876796297115163 ) ) ;
#733 = EDGE_CURVE ( 'NONE', #4371, #3004, #441, .T. ) ;
#734 = FACE_BOUND ( 'NONE', #2653, .T. ) ;
#735 = CARTESIAN_POINT ( 'NONE',  ( 45.00000000000001421, -53.00000000000003553, 26.99999999999998934 ) ) ;
#736 = PLANE ( 'NONE',  #4050 ) ;
#737 = EDGE_LOOP ( 'NONE', ( #1485, #3475, #2910, #2433 ) ) ;
#738 = CARTESIAN_POINT ( 'NONE',  ( 43.50000000000000711, -55.00000000000000711, 2.000000000000001776 ) ) ;
#739 = CARTESIAN_POINT ( 'NONE',  ( 21.75000000000001066, 49.05000000000002558, 0.3999999999999976352 ) ) ;
#740 = ORIENTED_EDGE ( 'NONE', *, *, #1086, .T. ) ;
#741 = CYLINDRICAL_SURFACE ( 'NONE', #1450, 3.000000000000002665 ) ;
#742 = ORIENTED_EDGE ( 'NONE', *, *, #1480, .T. ) ;
#743 = ORIENTED_EDGE ( 'NONE', *, *, #529, .T. ) ;
#744 = LINE ( 'NONE', #416, #2136 ) ;
#745 = ORIENTED_EDGE ( 'NONE', *, *, #2449, .F. ) ;
#746 = EDGE_CURVE ( 'NONE', #3634, #1089, #1190, .T. ) ;
#747 = PRODUCT_DEFINITION_CONTEXT ( 'detailed design', #115, 'design' ) ;
#748 = DIRECTION ( 'NONE',  ( 0.5773502691896253980, 0.5773502691896259531, 0.5773502691896259531 ) ) ;
#749 = AXIS2_PLACEMENT_3D ( 'NONE', #2510, #2823, #4021 ) ;
#750 = ORIENTED_EDGE ( 'NONE', *, *, #4530, .T. ) ;
#751 = CARTESIAN_POINT ( 'NONE',  ( 47.50000000000001421, -34.00000000000002842, 30.00000000000000000 ) ) ;
#752 = FACE_BOUND ( 'NONE', #4366, .T. ) ;
#753 = AXIS2_PLACEMENT_3D ( 'NONE', #591, #1791, #2105 ) ;
#754 =( BOUNDED_CURVE ( )  B_SPLINE_CURVE ( 3, ( #4753, #1369, #1320, #3974 ),
 .UNSPECIFIED., .F., .F. ) 
 B_SPLINE_CURVE_WITH_KNOTS ( ( 4, 4 ),
 ( 1.570796326794896558, 4.712388980384689674 ),
 .UNSPECIFIED. ) 
 CURVE ( )  GEOMETRIC_REPRESENTATION_ITEM ( )  RATIONAL_B_SPLINE_CURVE ( ( 1.000000000000000000, 0.3333333333333333703, 0.3333333333333333703, 1.000000000000000000 ) ) 
 REPRESENTATION_ITEM ( '' )  );
#755 = CARTESIAN_POINT ( 'NONE',  ( -12.00000000000000000, -55.00000000000001421, 30.00000000000001066 ) ) ;
#756 = VERTEX_POINT ( 'NONE', #1935 ) ;
#757 = CYLINDRICAL_SURFACE ( 'NONE', #4030, 3.000000000000002665 ) ;
#758 = EDGE_CURVE ( 'NONE', #23, #2743, #1514, .T. ) ;
#759 = CARTESIAN_POINT ( 'NONE',  ( -43.74999999999998579, 57.50000000000000711, 0.3999999999999975797 ) ) ;
#760 = ADVANCED_FACE ( 'NONE', ( #3443 ), #676, .F. ) ;
#761 = CARTESIAN_POINT ( 'NONE',  ( 43.75000000000002132, -57.49999999999999289, 0.3999999999999975797 ) ) ;
#762 = ORIENTED_EDGE ( 'NONE', *, *, #1599, .F. ) ;
#763 = DIRECTION ( 'NONE',  ( -1.000000000000000000, 0.000000000000000000, 0.000000000000000000 ) ) ;
#764 = CARTESIAN_POINT ( 'NONE',  ( 43.75000000000002132, -57.49999999999999289, 45.00000000000000000 ) ) ;
#765 = ORIENTED_EDGE ( 'NONE', *, *, #3419, .T. ) ;
#766 = DIRECTION ( 'NONE',  ( 0.000000000000000000, 1.000000000000000000, 0.000000000000000000 ) ) ;
#767 = EDGE_CURVE ( 'NONE', #242, #59, #4430, .T. ) ;
#768 = ORIENTED_EDGE ( 'NONE', *, *, #2467, .F. ) ;
#769 = VECTOR ( 'NONE', #3080, 1000.000000000000000 ) ;
#770 = ORIENTED_EDGE ( 'NONE', *, *, #1919, .T. ) ;
#771 = VECTOR ( 'NONE', #2439, 1000.000000000000000 ) ;
#772 = VERTEX_POINT ( 'NONE', #3676 ) ;
#773 = PLANE ( 'NONE',  #4240 ) ;
#774 = EDGE_CURVE ( 'NONE', #4705, #2903, #2098, .T. ) ;
#775 = FACE_OUTER_BOUND ( 'NONE', #55, .T. ) ;
#776 = ORIENTED_EDGE ( 'NONE', *, *, #1444, .T. ) ;
#777 = DIRECTION ( 'NONE',  ( 0.000000000000000000, -1.000000000000000000, -0.000000000000000000 ) ) ;
#778 = DIRECTION ( 'NONE',  ( -0.000000000000000000, -0.000000000000000000, -1.000000000000000000 ) ) ;
#779 = CARTESIAN_POINT ( 'NONE',  ( -33.24999999999998579, -62.49999999999998579, 44.75000000000000000 ) ) ;
#780 = VERTEX_POINT ( 'NONE', #3933 ) ;
#781 = CARTESIAN_POINT ( 'NONE',  ( 43.49999999999999289, 36.49999999999999289, 45.00000000000000000 ) ) ;
#782 = EDGE_CURVE ( 'NONE', #1975, #3018, #1675, .T. ) ;
#783 = EDGE_CURVE ( 'NONE', #2514, #1975, #528, .T. ) ;
#784 = CARTESIAN_POINT ( 'NONE',  ( -43.50000000000000711, -1.214655472112532198E-14, 3.500000000000000000 ) ) ;
#785 = ORIENTED_EDGE ( 'NONE', *, *, #1765, .T. ) ;
#786 = LINE ( 'NONE', #1557, #2289 ) ;
#787 = DIRECTION ( 'NONE',  ( -0.000000000000000000, 1.000000000000000000, 0.000000000000000000 ) ) ;
#788 = ORIENTED_EDGE ( 'NONE', *, *, #3783, .F. ) ;
#789 = DIRECTION ( 'NONE',  ( 0.000000000000000000, -0.6427876096865356992, -0.7660444431189812331 ) ) ;
#790 = VECTOR ( 'NONE', #4836, 1000.000000000000000 ) ;
#791 = ORIENTED_EDGE ( 'NONE', *, *, #4370, .T. ) ;
#792 = VECTOR ( 'NONE', #4820, 1000.000000000000000 ) ;
#793 = CARTESIAN_POINT ( 'NONE',  ( 27.97800934707539611, 57.80469467080581580, 30.94558504263494569 ) ) ;
#794 = ORIENTED_EDGE ( 'NONE', *, *, #388, .F. ) ;
#795 = EDGE_CURVE ( 'NONE', #3038, #4199, #1213, .T. ) ;
#796 = DIRECTION ( 'NONE',  ( -1.000000000000000000, 0.000000000000000000, 0.000000000000000000 ) ) ;
#797 = AXIS2_PLACEMENT_3D ( 'NONE', #1612, #444, #912 ) ;
#798 = CARTESIAN_POINT ( 'NONE',  ( 43.75000000000002132, 53.75000000000001421, 0.000000000000000000 ) ) ;
#799 = ORIENTED_EDGE ( 'NONE', *, *, #4483, .F. ) ;
#800 = CARTESIAN_POINT ( 'NONE',  ( 33.25000000000002842, 62.50000000000001421, 0.000000000000000000 ) ) ;
#801 = CARTESIAN_POINT ( 'NONE',  ( -47.49999999999998579, -53.75000000000000000, 0.3999999999999975797 ) ) ;
#802 = AXIS2_PLACEMENT_3D ( 'NONE', #4208, #439, #1956 ) ;
#803 = DIRECTION ( 'NONE',  ( 0.000000000000000000, 0.000000000000000000, 1.000000000000000000 ) ) ;
#804 = ORIENTED_EDGE ( 'NONE', *, *, #4384, .T. ) ;
#805 = CARTESIAN_POINT ( 'NONE',  ( -43.49999999999999289, -53.50000000000002132, 3.500000000000000000 ) ) ;
#806 = EDGE_CURVE ( 'NONE', #2302, #2122, #3441, .T. ) ;
#807 = AXIS2_PLACEMENT_3D ( 'NONE', #97, #3085, #2009 ) ;
#808 = CARTESIAN_POINT ( 'NONE',  ( 45.00000000000001421, -31.00000000000003197, 20.00000000000000000 ) ) ;
#809 = VERTEX_POINT ( 'NONE', #2369 ) ;
#810 = CARTESIAN_POINT ( 'NONE',  ( -15.50000000000000355, -57.49999999999999289, 45.00000000000000000 ) ) ;
#811 = VECTOR ( 'NONE', #4862, 1000.000000000000000 ) ;
#812 = LINE ( 'NONE', #2399, #269 ) ;
#813 = EDGE_CURVE ( 'NONE', #4533, #1590, #3492, .T. ) ;
#814 = DIRECTION ( 'NONE',  ( -1.000000000000000000, -0.000000000000000000, 0.000000000000000000 ) ) ;
#815 = CARTESIAN_POINT ( 'NONE',  ( -45.00000000000000000, 30.14999999999999147, 45.00000000000000000 ) ) ;
#816 = VERTEX_POINT ( 'NONE', #505 ) ;
#817 = ORIENTED_EDGE ( 'NONE', *, *, #568, .F. ) ;
#818 = FACE_OUTER_BOUND ( 'NONE', #4769, .T. ) ;
#819 = VECTOR ( 'NONE', #4628, 1000.000000000000114 ) ;
#820 = DIRECTION ( 'NONE',  ( -0.000000000000000000, -0.000000000000000000, -1.000000000000000000 ) ) ;
#821 = EDGE_CURVE ( 'NONE', #2151, #756, #3955, .T. ) ;
#822 = ORIENTED_EDGE ( 'NONE', *, *, #4292, .T. ) ;
#823 = VECTOR ( 'NONE', #1396, 1000.000000000000114 ) ;
#824 = DIRECTION ( 'NONE',  ( 0.000000000000000000, 1.000000000000000000, -0.000000000000000000 ) ) ;
#825 = COLOUR_RGB ( '',0.7921568627450980005, 0.8196078431372548767, 0.9333333333333333481 ) ;
#826 = ORIENTED_EDGE ( 'NONE', *, *, #1860, .T. ) ;
#827 = CARTESIAN_POINT ( 'NONE',  ( 35.00000000000002842, -62.49999999999998579, 45.00000000000000000 ) ) ;
#828 = ORIENTED_EDGE ( 'NONE', *, *, #4305, .F. ) ;
#829 = VECTOR ( 'NONE', #1526, 1000.000000000000000 ) ;
#830 = VECTOR ( 'NONE', #1739, 1000.000000000000000 ) ;
#831 = CARTESIAN_POINT ( 'NONE',  ( 30.00000000000004619, -61.25000000000000711, 35.05154004628614928 ) ) ;
#832 = ORIENTED_EDGE ( 'NONE', *, *, #3910, .F. ) ;
#833 = CARTESIAN_POINT ( 'NONE',  ( -45.00000000000000000, 30.14999999999999147, -143.7228235180481022 ) ) ;
#834 = DIRECTION ( 'NONE',  ( 4.081702296416016983E-16, -1.000000000000000000, 0.000000000000000000 ) ) ;
#835 = CARTESIAN_POINT ( 'NONE',  ( 40.00000000000000711, 62.50000000000001421, 36.54123203702893363 ) ) ;
#836 = DIRECTION ( 'NONE',  ( 0.000000000000000000, 0.000000000000000000, -1.000000000000000000 ) ) ;
#837 = ORIENTED_EDGE ( 'NONE', *, *, #396, .T. ) ;
#838 = CARTESIAN_POINT ( 'NONE',  ( -39.99999999999996447, -61.25000000000000711, 35.05154004628614928 ) ) ;
#839 = VERTEX_POINT ( 'NONE', #2044 ) ;
#840 = LINE ( 'NONE', #3557, #682 ) ;
#841 = VECTOR ( 'NONE', #2159, 1000.000000000000000 ) ;
#842 = DIRECTION ( 'NONE',  ( 1.000000000000000000, 0.000000000000000000, 0.000000000000000000 ) ) ;
#843 = ORIENTED_EDGE ( 'NONE', *, *, #4321, .F. ) ;
#844 = EDGE_CURVE ( 'NONE', #66, #3194, #840, .T. ) ;
#845 = DIRECTION ( 'NONE',  ( -1.000000000000000000, 0.000000000000000000, 0.000000000000000000 ) ) ;
#846 = CIRCLE ( 'NONE', #1477, 3.000000000000002665 ) ;
#847 = FACE_BOUND ( 'NONE', #386, .T. ) ;
#848 = EDGE_LOOP ( 'NONE', ( #2134, #3763, #1781, #2227 ) ) ;
#849 = CARTESIAN_POINT ( 'NONE',  ( -15.00000000000000000, 57.50000000000000711, 27.00000000000001066 ) ) ;
#850 = EDGE_CURVE ( 'NONE', #1550, #2595, #554, .T. ) ;
#851 = DIRECTION ( 'NONE',  ( -1.000000000000000000, 0.000000000000000000, 0.000000000000000000 ) ) ;
#852 = ORIENTED_EDGE ( 'NONE', *, *, #491, .T. ) ;
#853 = DIRECTION ( 'NONE',  ( 0.000000000000000000, 0.000000000000000000, 1.000000000000000000 ) ) ;
#854 = VECTOR ( 'NONE', #1128, 1000.000000000000000 ) ;
#855 = DIRECTION ( 'NONE',  ( -0.000000000000000000, -0.000000000000000000, 1.000000000000000000 ) ) ;
#856 = DIRECTION ( 'NONE',  ( 0.000000000000000000, -0.6427876096865356992, -0.7660444431189812331 ) ) ;
#857 = CARTESIAN_POINT ( 'NONE',  ( 30.00000000000002842, 61.25000000000001421, 35.05154004628614928 ) ) ;
#858 = ORIENTED_EDGE ( 'NONE', *, *, #636, .F. ) ;
#859 = CARTESIAN_POINT ( 'NONE',  ( -26.24999999999998224, -61.25000000000000711, -20.15564437074637993 ) ) ;
#860 = ORIENTED_EDGE ( 'NONE', *, *, #1299, .T. ) ;
#861 = AXIS2_PLACEMENT_3D ( 'NONE', #2567, #1804, #3686 ) ;
#862 = CARTESIAN_POINT ( 'NONE',  ( -47.50099999999999056, 33.99999999999998579, 30.00000000000001066 ) ) ;
#863 = CARTESIAN_POINT ( 'NONE',  ( 15.00000000000000000, -57.49999999999999289, 23.00000000000000000 ) ) ;
#864 = VECTOR ( 'NONE', #2930, 1000.000000000000000 ) ;
#865 = VERTEX_POINT ( 'NONE', #155 ) ;
#866 = DIRECTION ( 'NONE',  ( 0.000000000000000000, 0.000000000000000000, 1.000000000000000000 ) ) ;
#867 = EDGE_CURVE ( 'NONE', #1930, #634, #513, .T. ) ;
#868 = AXIS2_PLACEMENT_3D ( 'NONE', #1862, #2305, #3368 ) ;
#869 = EDGE_CURVE ( 'NONE', #4046, #1537, #1953, .T. ) ;
#870 = ORIENTED_EDGE ( 'NONE', *, *, #3476, .F. ) ;
#871 = AXIS2_PLACEMENT_3D ( 'NONE', #4620, #3126, #4601 ) ;
#872 = CARTESIAN_POINT ( 'NONE',  ( 26.25000000000003553, -61.25000000000000711, -20.15564437074637993 ) ) ;
#873 = ADVANCED_FACE ( 'NONE', ( #3149 ), #2785, .F. ) ;
#874 = LINE ( 'NONE', #4563, #3973 ) ;
#875 = VECTOR ( 'NONE', #1673, 1000.000000000000000 ) ;
#876 = EDGE_CURVE ( 'NONE', #4800, #1230, #2435, .T. ) ;
#877 = CARTESIAN_POINT ( 'NONE',  ( 47.50000000000001421, -34.00000000000002842, 27.00000000000000000 ) ) ;
#878 = ORIENTED_EDGE ( 'NONE', *, *, #2102, .F. ) ;
#879 = CARTESIAN_POINT ( 'NONE',  ( -15.50000000000000355, -57.49999999999999289, 45.00000000000000000 ) ) ;
#880 = DIRECTION ( 'NONE',  ( 0.000000000000000000, -1.000000000000000000, 0.000000000000000000 ) ) ;
#881 = CARTESIAN_POINT ( 'NONE',  ( 0.000000000000000000, 0.000000000000000000, 34.99999999999999289 ) ) ;
#882 = VECTOR ( 'NONE', #3733, 1000.000000000000000 ) ;
#883 = ORIENTED_EDGE ( 'NONE', *, *, #2824, .F. ) ;
#884 = CARTESIAN_POINT ( 'NONE',  ( -43.74999999999998579, 57.50000000000000711, 29.21757569555956735 ) ) ;
#885 = ORIENTED_EDGE ( 'NONE', *, *, #3794, .T. ) ;
#886 = VECTOR ( 'NONE', #4521, 1000.000000000000000 ) ;
#887 = CARTESIAN_POINT ( 'NONE',  ( -47.49999999999998579, 53.75000000000002132, 45.00000000000000000 ) ) ;
#888 = DIRECTION ( 'NONE',  ( -1.000000000000000000, 0.000000000000000000, 0.000000000000000000 ) ) ;
#889 = ORIENTED_EDGE ( 'NONE', *, *, #2256, .T. ) ;
#890 = EDGE_CURVE ( 'NONE', #3038, #4206, #2580, .T. ) ;
#891 = LINE ( 'NONE', #3915, #3066 ) ;
#892 = VECTOR ( 'NONE', #471, 1000.000000000000000 ) ;
#893 = ORIENTED_EDGE ( 'NONE', *, *, #2881, .F. ) ;
#894 = VECTOR ( 'NONE', #598, 1000.000000000000000 ) ;
#895 = FACE_OUTER_BOUND ( 'NONE', #3086, .T. ) ;
#896 = DIRECTION ( 'NONE',  ( -0.000000000000000000, -0.000000000000000000, 1.000000000000000000 ) ) ;
#897 = ADVANCED_FACE ( 'NONE', ( #2720 ), #3866, .F. ) ;
#898 = DIRECTION ( 'NONE',  ( 1.000000000000000000, -0.000000000000000000, -0.000000000000000000 ) ) ;
#899 = ORIENTED_EDGE ( 'NONE', *, *, #1430, .F. ) ;
#900 = DIRECTION ( 'NONE',  ( 0.000000000000000000, 0.000000000000000000, -1.000000000000000000 ) ) ;
#901 = CARTESIAN_POINT ( 'NONE',  ( 12.00000000000000000, -57.49999999999999289, 20.00000000000000000 ) ) ;
#902 = CARTESIAN_POINT ( 'NONE',  ( 29.52373638401799383, 59.10171365740507810, 32.49131207957754697 ) ) ;
#903 = CIRCLE ( 'NONE', #4156, 1.749999999999987566 ) ;
#904 = DIRECTION ( 'NONE',  ( 1.000000000000000000, 0.000000000000000000, 0.000000000000000000 ) ) ;
#905 = FACE_OUTER_BOUND ( 'NONE', #503, .T. ) ;
#906 = ORIENTED_EDGE ( 'NONE', *, *, #3936, .F. ) ;
#907 = CARTESIAN_POINT ( 'NONE',  ( -15.00000000000000000, 57.50000000000000711, 23.00000000000000711 ) ) ;
#908 = LINE ( 'NONE', #4617, #3810 ) ;
#909 = EDGE_LOOP ( 'NONE', ( #1697, #2987, #3123, #2202 ) ) ;
#910 = DIRECTION ( 'NONE',  ( -1.000000000000000000, 0.000000000000000000, 0.000000000000000000 ) ) ;
#911 = ADVANCED_FACE ( 'NONE', ( #109 ), #2390, .F. ) ;
#912 = DIRECTION ( 'NONE',  ( 1.000000000000000000, 0.000000000000000000, 0.000000000000000000 ) ) ;
#913 = ORIENTED_EDGE ( 'NONE', *, *, #1276, .T. ) ;
#914 = DIRECTION ( 'NONE',  ( 0.000000000000000000, 0.000000000000000000, -1.000000000000000000 ) ) ;
#915 = EDGE_CURVE ( 'NONE', #772, #2437, #846, .T. ) ;
#916 = ORIENTED_EDGE ( 'NONE', *, *, #2687, .F. ) ;
#917 = CARTESIAN_POINT ( 'NONE',  ( -43.49999999999999289, 53.49999999999997868, 2.000000000000000000 ) ) ;
#918 = FACE_OUTER_BOUND ( 'NONE', #4165, .T. ) ;
#919 = VECTOR ( 'NONE', #2725, 1000.000000000000000 ) ;
#920 = LINE ( 'NONE', #3568, #192 ) ;
#921 = CARTESIAN_POINT ( 'NONE',  ( 45.00000000000001421, -53.00000000000003553, 19.99999999999999645 ) ) ;
#922 = ORIENTED_EDGE ( 'NONE', *, *, #4736, .F. ) ;
#923 = PLANE ( 'NONE',  #2291 ) ;
#924 = DIRECTION ( 'NONE',  ( 0.000000000000000000, 0.000000000000000000, -1.000000000000000000 ) ) ;
#925 = CARTESIAN_POINT ( 'NONE',  ( 43.75000000000002132, -57.10000000000000142, 0.000000000000000000 ) ) ;
#926 = EDGE_CURVE ( 'NONE', #3524, #949, #2413, .T. ) ;
#927 = EDGE_CURVE ( 'NONE', #3524, #4293, #1062, .T. ) ;
#928 = LINE ( 'NONE', #2064, #2147 ) ;
#929 = DIRECTION ( 'NONE',  ( 0.000000000000000000, 1.000000000000000000, 0.000000000000000000 ) ) ;
#930 = ORIENTED_EDGE ( 'NONE', *, *, #1021, .T. ) ;
#931 = DIRECTION ( 'NONE',  ( -0.000000000000000000, -0.000000000000000000, -1.000000000000000000 ) ) ;
#932 = CARTESIAN_POINT ( 'NONE',  ( 37.00000000000000711, 62.50000000000001421, 45.00000000000000000 ) ) ;
#933 = ORIENTED_EDGE ( 'NONE', *, *, #1687, .F. ) ;
#934 = CARTESIAN_POINT ( 'NONE',  ( 35.00000000000002842, -62.49999999999998579, 44.75000000000000000 ) ) ;
#935 =( BOUNDED_CURVE ( )  B_SPLINE_CURVE ( 3, ( #1418, #4857, #4463, #1469 ),
 .UNSPECIFIED., .F., .F. ) 
 B_SPLINE_CURVE_WITH_KNOTS ( ( 4, 4 ),
 ( 1.570796326794896558, 2.443460952792067431 ),
 .UNSPECIFIED. ) 
 CURVE ( )  GEOMETRIC_REPRESENTATION_ITEM ( )  RATIONAL_B_SPLINE_CURVE ( ( 1.000000000000000000, 0.9375385246910991066, 0.9375385246910991066, 1.000000000000000000 ) ) 
 REPRESENTATION_ITEM ( '' )  );
#936 = LINE ( 'NONE', #2547, #3402 ) ;
#937 = ORIENTED_EDGE ( 'NONE', *, *, #2975, .F. ) ;
#938 = VERTEX_POINT ( 'NONE', #1403 ) ;
#939 = ADVANCED_FACE ( 'NONE', ( #1378 ), #233, .F. ) ;
#940 = DIRECTION ( 'NONE',  ( -1.000000000000000000, 0.000000000000000000, 0.000000000000000000 ) ) ;
#941 = CIRCLE ( 'NONE', #218, 1.749999999999987566 ) ;
#942 = CARTESIAN_POINT ( 'NONE',  ( 45.00000000000001421, -50.00000000000002842, 29.99999999999999289 ) ) ;
#943 = ORIENTED_EDGE ( 'NONE', *, *, #1337, .F. ) ;
#944 = CARTESIAN_POINT ( 'NONE',  ( -43.50000000000000711, -52.50000000000001421, 34.99999999999999289 ) ) ;
#945 = CARTESIAN_POINT ( 'NONE',  ( -43.74999999999997158, -57.49999999999999289, 0.3999999999999975797 ) ) ;
#946 = AXIS2_PLACEMENT_3D ( 'NONE', #4750, #2904, #4408 ) ;
#947 = LINE ( 'NONE', #2447, #1472 ) ;
#948 = CARTESIAN_POINT ( 'NONE',  ( -15.00000000000000000, -89.12277660168375348, 30.00000000000001066 ) ) ;
#949 = VERTEX_POINT ( 'NONE', #2889 ) ;
#950 = CARTESIAN_POINT ( 'NONE',  ( 15.00000000000000000, 54.99999999999999289, 26.99999999999999645 ) ) ;
#951 = EDGE_CURVE ( 'NONE', #1689, #3408, #2914, .T. ) ;
#952 = DIRECTION ( 'NONE',  ( -1.000000000000000000, -0.000000000000000000, -0.000000000000000000 ) ) ;
#953 = PLANE ( 'NONE',  #2956 ) ;
#954 = FACE_OUTER_BOUND ( 'NONE', #445, .T. ) ;
#955 = VECTOR ( 'NONE', #3565, 1000.000000000000000 ) ;
#956 = CYLINDRICAL_SURFACE ( 'NONE', #1598, 2.999999999999999112 ) ;
#957 = ORIENTED_EDGE ( 'NONE', *, *, #4861, .T. ) ;
#958 = DIRECTION ( 'NONE',  ( 1.000000000000000000, -0.000000000000000000, 0.000000000000000000 ) ) ;
#959 = DIRECTION ( 'NONE',  ( -0.000000000000000000, 0.000000000000000000, 1.000000000000000000 ) ) ;
#960 = ORIENTED_EDGE ( 'NONE', *, *, #2530, .F. ) ;
#961 = DIRECTION ( 'NONE',  ( 0.000000000000000000, 0.000000000000000000, -1.000000000000000000 ) ) ;
#962 = AXIS2_PLACEMENT_3D ( 'NONE', #4302, #2474, #244 ) ;
#963 = VERTEX_POINT ( 'NONE', #2942 ) ;
#964 = AXIS2_PLACEMENT_3D ( 'NONE', #200, #2114, #225 ) ;
#965 = ADVANCED_FACE ( 'NONE', ( #3689 ), #1755, .F. ) ;
#966 = ORIENTED_EDGE ( 'NONE', *, *, #1856, .T. ) ;
#967 = VERTEX_POINT ( 'NONE', #2199 ) ;
#968 = ADVANCED_FACE ( 'NONE', ( #4812 ), #179, .F. ) ;
#969 = CARTESIAN_POINT ( 'NONE',  ( 40.00000000000000711, 61.25000000000002842, 35.05154004628617770 ) ) ;
#970 = ORIENTED_EDGE ( 'NONE', *, *, #1322, .T. ) ;
#971 = CARTESIAN_POINT ( 'NONE',  ( 0.000000000000000000, 0.000000000000000000, 43.00000000000000000 ) ) ;
#972 = AXIS2_PLACEMENT_3D ( 'NONE', #3941, #1292, #2817 ) ;
#973 = LINE ( 'NONE', #4073, #3679 ) ;
#974 = CARTESIAN_POINT ( 'NONE',  ( 47.50000000000001421, 45.50000000000000000, 38.00000000000000000 ) ) ;
#975 = EDGE_CURVE ( 'NONE', #3519, #1723, #4031, .T. ) ;
#976 = CIRCLE ( 'NONE', #3748, 3.750000000000003553 ) ;
#977 = AXIS2_PLACEMENT_3D ( 'NONE', #3946, #3971, #4680 ) ;
#978 = FACE_OUTER_BOUND ( 'NONE', #208, .T. ) ;
#979 = VERTEX_POINT ( 'NONE', #288 ) ;
#980 = CARTESIAN_POINT ( 'NONE',  ( -31.99999999999997513, 68.50000000000001421, 43.69175359259426727 ) ) ;
#981 = CARTESIAN_POINT ( 'NONE',  ( 43.50000000000000711, 55.00000000000000000, 3.500000000000000000 ) ) ;
#982 = CARTESIAN_POINT ( 'NONE',  ( -37.99999999999997868, -62.49999999999998579, 53.48528137423858198 ) ) ;
#983 = LINE ( 'NONE', #3629, #1355 ) ;
#984 = DIRECTION ( 'NONE',  ( -1.000000000000000000, 0.000000000000000000, 0.000000000000000000 ) ) ;
#985 = ORIENTED_EDGE ( 'NONE', *, *, #2364, .F. ) ;
#986 = CYLINDRICAL_SURFACE ( 'NONE', #861, 1.500000000000001332 ) ;
#987 = ORIENTED_EDGE ( 'NONE', *, *, #3847, .T. ) ;
#988 = CIRCLE ( 'NONE', #4374, 3.000000000000002665 ) ;
#989 = DIRECTION ( 'NONE',  ( -1.000000000000000000, 0.000000000000000000, 0.000000000000000000 ) ) ;
#990 = ORIENTED_EDGE ( 'NONE', *, *, #4353, .T. ) ;
#991 = ORIENTED_EDGE ( 'NONE', *, *, #3199, .T. ) ;
#992 = ORIENTED_EDGE ( 'NONE', *, *, #3643, .F. ) ;
#993 = CARTESIAN_POINT ( 'NONE',  ( -3.500000000000003109, -57.49999999999999289, 38.00000000000000000 ) ) ;
#994 = ORIENTED_EDGE ( 'NONE', *, *, #4368, .T. ) ;
#995 = LINE ( 'NONE', #3224, #1610 ) ;
#996 = CARTESIAN_POINT ( 'NONE',  ( 12.00000000000000000, -55.00000000000001421, 23.00000000000000000 ) ) ;
#997 = FACE_BOUND ( 'NONE', #2523, .T. ) ;
#998 = LINE ( 'NONE', #921, #2200 ) ;
#999 = ORIENTED_EDGE ( 'NONE', *, *, #1261, .F. ) ;
#1000 = DIRECTION ( 'NONE',  ( 0.000000000000000000, 0.000000000000000000, 1.000000000000000000 ) ) ;
#1001 = EDGE_CURVE ( 'NONE', #428, #3362, #4786, .T. ) ;
#1002 = DIRECTION ( 'NONE',  ( -1.000000000000000000, 0.000000000000000000, 0.000000000000000000 ) ) ;
#1003 = DIRECTION ( 'NONE',  ( 1.000000000000000000, 0.000000000000000000, 0.000000000000000000 ) ) ;
#1004 = CIRCLE ( 'NONE', #49, 2.999999999999999112 ) ;
#1005 = DIRECTION ( 'NONE',  ( 0.000000000000000000, 0.000000000000000000, 1.000000000000000000 ) ) ;
#1006 = CARTESIAN_POINT ( 'NONE',  ( 12.00000000000000000, -89.12277660168375348, 27.00000000000000355 ) ) ;
#1007 = VERTEX_POINT ( 'NONE', #2462 ) ;
#1008 = DIRECTION ( 'NONE',  ( -1.000000000000000000, 0.000000000000000000, 0.000000000000000000 ) ) ;
#1009 = CARTESIAN_POINT ( 'NONE',  ( 13.25000000000000888, 49.05000000000002558, 1.600000000000016298 ) ) ;
#1010 = ORIENTED_EDGE ( 'NONE', *, *, #774, .F. ) ;
#1011 = CARTESIAN_POINT ( 'NONE',  ( -12.00000000000000000, 54.99999999999997868, 20.00000000000000711 ) ) ;
#1012 = EDGE_CURVE ( 'NONE', #2224, #1400, #4088, .T. ) ;
#1013 = ORIENTED_EDGE ( 'NONE', *, *, #2443, .F. ) ;
#1014 = VERTEX_POINT ( 'NONE', #3266 ) ;
#1015 = ORIENTED_EDGE ( 'NONE', *, *, #3373, .F. ) ;
#1016 = FACE_OUTER_BOUND ( 'NONE', #714, .T. ) ;
#1017 = VERTEX_POINT ( 'NONE', #662 ) ;
#1018 = DIRECTION ( 'NONE',  ( -0.000000000000000000, 1.000000000000000000, 0.000000000000000000 ) ) ;
#1019 = ADVANCED_FACE ( 'NONE', ( #3608 ), #4393, .T. ) ;
#1020 = DIRECTION ( 'NONE',  ( -2.312964634635742957E-16, 1.000000000000000000, 0.000000000000000000 ) ) ;
#1021 = EDGE_CURVE ( 'NONE', #1689, #3634, #635, .T. ) ;
#1022 = DIRECTION ( 'NONE',  ( -1.000000000000000000, 0.000000000000000000, -0.000000000000000000 ) ) ;
#1023 = CIRCLE ( 'NONE', #1735, 1.749999999999987566 ) ;
#1024 = CIRCLE ( 'NONE', #1583, 3.000000000000002665 ) ;
#1025 = CARTESIAN_POINT ( 'NONE',  ( -45.00000000000000000, -35.50000000000000711, 38.00000000000000000 ) ) ;
#1026 = ORIENTED_EDGE ( 'NONE', *, *, #517, .T. ) ;
#1027 = CARTESIAN_POINT ( 'NONE',  ( 0.000000000000000000, 0.000000000000000000, 43.00000000000000000 ) ) ;
#1028 = CARTESIAN_POINT ( 'NONE',  ( -47.49999999999997868, 30.14999999999999147, 45.00000000000000000 ) ) ;
#1029 = FACE_OUTER_BOUND ( 'NONE', #2702, .T. ) ;
#1030 = CIRCLE ( 'NONE', #2611, 1.500000000000000000 ) ;
#1031 = EDGE_CURVE ( 'NONE', #3137, #1400, #2146, .T. ) ;
#1032 = CARTESIAN_POINT ( 'NONE',  ( -26.24999999999997513, -57.49999999999999289, 45.00000000000000000 ) ) ;
#1033 = EDGE_LOOP ( 'NONE', ( #3788, #3021, #4870, #42, #3222 ) ) ;
#1034 = DIRECTION ( 'NONE',  ( -0.000000000000000000, -0.000000000000000000, -1.000000000000000000 ) ) ;
#1035 = FACE_OUTER_BOUND ( 'NONE', #2791, .T. ) ;
#1036 = VERTEX_POINT ( 'NONE', #689 ) ;
#1037 = CARTESIAN_POINT ( 'NONE',  ( -3.500000000000003109, -57.49999999999999289, 34.99999999999999289 ) ) ;
#1038 = EDGE_CURVE ( 'NONE', #3191, #308, #1240, .T. ) ;
#1039 = CIRCLE ( 'NONE', #3893, 3.000000000000002665 ) ;
#1040 = ORIENTED_EDGE ( 'NONE', *, *, #1001, .T. ) ;
#1041 = ORIENTED_EDGE ( 'NONE', *, *, #322, .T. ) ;
#1042 = DIRECTION ( 'NONE',  ( 0.000000000000000000, 0.000000000000000000, 1.000000000000000000 ) ) ;
#1043 = ORIENTED_EDGE ( 'NONE', *, *, #3855, .T. ) ;
#1044 = CARTESIAN_POINT ( 'NONE',  ( 43.75000000000002132, 53.75000000000001421, 45.00000000000000000 ) ) ;
#1045 = VECTOR ( 'NONE', #3189, 1000.000000000000000 ) ;
#1046 = VERTEX_POINT ( 'NONE', #1701 ) ;
#1047 = VECTOR ( 'NONE', #898, 1000.000000000000000 ) ;
#1048 = CARTESIAN_POINT ( 'NONE',  ( 0.000000000000000000, 0.000000000000000000, 45.00000000000000000 ) ) ;
#1049 = CARTESIAN_POINT ( 'NONE',  ( 45.00000000000001421, 14.99999999999998224, 30.00000000000001066 ) ) ;
#1050 = CARTESIAN_POINT ( 'NONE',  ( -31.99999999999997158, -62.49999999999998579, 36.54123203702889811 ) ) ;
#1051 = DIRECTION ( 'NONE',  ( -0.000000000000000000, -0.000000000000000000, -1.000000000000000000 ) ) ;
#1052 = ORIENTED_EDGE ( 'NONE', *, *, #609, .T. ) ;
#1053 = CARTESIAN_POINT ( 'NONE',  ( 47.50000000000001421, 33.99999999999998579, 27.00000000000001066 ) ) ;
#1054 = CARTESIAN_POINT ( 'NONE',  ( 43.50000000000000711, 53.50000000000000000, 3.500000000000000000 ) ) ;
#1055 = AXIS2_PLACEMENT_3D ( 'NONE', #1798, #4514, #4540 ) ;
#1056 = FACE_OUTER_BOUND ( 'NONE', #564, .T. ) ;
#1057 = DIRECTION ( 'NONE',  ( -1.000000000000000000, 0.000000000000000000, 0.000000000000000000 ) ) ;
#1058 = ORIENTED_EDGE ( 'NONE', *, *, #453, .F. ) ;
#1059 = LINE ( 'NONE', #2857, #4894 ) ;
#1060 = DIRECTION ( 'NONE',  ( 1.000000000000000000, 0.000000000000000000, 0.000000000000000000 ) ) ;
#1061 = ORIENTED_EDGE ( 'NONE', *, *, #323, .T. ) ;
#1062 = LINE ( 'NONE', #2518, #3216 ) ;
#1063 = PRODUCT ( 'Cover', 'Cover', '', ( #1784 ) ) ;
#1064 = EDGE_LOOP ( 'NONE', ( #4749, #3317, #301, #2740 ) ) ;
#1065 = ORIENTED_EDGE ( 'NONE', *, *, #625, .T. ) ;
#1066 = CARTESIAN_POINT ( 'NONE',  ( -33.24999999999998579, 62.50000000000001421, 0.000000000000000000 ) ) ;
#1067 = ORIENTED_EDGE ( 'NONE', *, *, #1911, .F. ) ;
#1068 = EDGE_CURVE ( 'NONE', #2623, #227, #2833, .T. ) ;
#1069 = CONICAL_SURFACE ( 'NONE', #4459, 1.749999999999987566, 0.7853981633974482790 ) ;
#1070 = CIRCLE ( 'NONE', #4077, 2.999999999999999112 ) ;
#1071 = CARTESIAN_POINT ( 'NONE',  ( 47.50000000000001421, 61.25000000000000711, 29.21757569555956735 ) ) ;
#1072 = ORIENTED_EDGE ( 'NONE', *, *, #869, .T. ) ;
#1073 = DIRECTION ( 'NONE',  ( -2.312964634635742957E-16, 0.000000000000000000, -1.000000000000000000 ) ) ;
#1074 = EDGE_CURVE ( 'NONE', #1036, #2643, #4735, .T. ) ;
#1075 = CARTESIAN_POINT ( 'NONE',  ( -12.00000000000000000, 55.00000000000000711, 23.00000000000000711 ) ) ;
#1076 = DIRECTION ( 'NONE',  ( 0.000000000000000000, 0.000000000000000000, 1.000000000000000000 ) ) ;
#1077 = VERTEX_POINT ( 'NONE', #4005 ) ;
#1078 = DIRECTION ( 'NONE',  ( 0.000000000000000000, 0.000000000000000000, -1.000000000000000000 ) ) ;
#1079 = LINE ( 'NONE', #1419, #96 ) ;
#1080 = DIRECTION ( 'NONE',  ( 0.000000000000000000, 0.000000000000000000, 1.000000000000000000 ) ) ;
#1081 = DIRECTION ( 'NONE',  ( -1.000000000000000000, 0.000000000000000000, 0.000000000000000000 ) ) ;
#1082 = CARTESIAN_POINT ( 'NONE',  ( 12.85000000000001208, 40.15000000000002700, 2.000000000000000000 ) ) ;
#1083 = ORIENTED_EDGE ( 'NONE', *, *, #4479, .T. ) ;
#1084 = CARTESIAN_POINT ( 'NONE',  ( 35.00000000000002842, -62.49999999999998579, -20.15564437074637993 ) ) ;
#1085 = DIRECTION ( 'NONE',  ( 0.000000000000000000, -0.000000000000000000, 1.000000000000000000 ) ) ;
#1086 = EDGE_CURVE ( 'NONE', #3753, #1251, #1004, .T. ) ;
#1087 = VECTOR ( 'NONE', #3636, 1000.000000000000000 ) ;
#1088 = EDGE_CURVE ( 'NONE', #3938, #3388, #4892, .T. ) ;
#1089 = VERTEX_POINT ( 'NONE', #1142 ) ;
#1090 = PLANE ( 'NONE',  #1290 ) ;
#1091 = ADVANCED_FACE ( 'NONE', ( #2619 ), #2274, .F. ) ;
#1092 = ORIENTED_EDGE ( 'NONE', *, *, #3390, .F. ) ;
#1093 = EDGE_LOOP ( 'NONE', ( #3842, #8, #336, #770, #1222 ) ) ;
#1094 = CARTESIAN_POINT ( 'NONE',  ( -43.49999999999999289, -53.50000000000002132, 44.99999999999998579 ) ) ;
#1095 = VERTEX_POINT ( 'NONE', #1115 ) ;
#1096 = AXIS2_PLACEMENT_3D ( 'NONE', #1177, #3481, #1947 ) ;
#1097 = DIRECTION ( 'NONE',  ( 0.7071067811865474617, 0.000000000000000000, 0.7071067811865474617 ) ) ;
#1098 = EDGE_CURVE ( 'NONE', #2782, #2838, #3856, .T. ) ;
#1099 = VERTEX_POINT ( 'NONE', #3815 ) ;
#1100 = SPHERICAL_SURFACE ( 'NONE', #442, 1.500000000000000000 ) ;
#1101 = CARTESIAN_POINT ( 'NONE',  ( 36.75000000000000711, 62.50000000000001421, 0.000000000000000000 ) ) ;
#1102 =( BOUNDED_CURVE ( )  B_SPLINE_CURVE ( 3, ( #2505, #4748, #1364, #1316 ),
 .UNSPECIFIED., .F., .F. ) 
 B_SPLINE_CURVE_WITH_KNOTS ( ( 4, 4 ),
 ( 3.839724354387517025, 4.712388980384687009 ),
 .UNSPECIFIED. ) 
 CURVE ( )  GEOMETRIC_REPRESENTATION_ITEM ( )  RATIONAL_B_SPLINE_CURVE ( ( 1.000000000000000000, 0.9375385246910991066, 0.9375385246910991066, 1.000000000000000000 ) ) 
 REPRESENTATION_ITEM ( '' )  );
#1103 = CARTESIAN_POINT ( 'NONE',  ( 13.25000000000000888, 49.45000000000002416, 0.000000000000000000 ) ) ;
#1104 = ORIENTED_EDGE ( 'NONE', *, *, #13, .F. ) ;
#1105 = CARTESIAN_POINT ( 'NONE',  ( 47.50000000000001421, 30.99999999999998934, 23.00000000000000711 ) ) ;
#1106 = CARTESIAN_POINT ( 'NONE',  ( 47.50000000000001421, 42.49999999999999289, 38.00000000000000000 ) ) ;
#1107 = PLANE ( 'NONE',  #4854 ) ;
#1108 = DIRECTION ( 'NONE',  ( -1.000000000000000000, 0.000000000000000000, 0.000000000000000000 ) ) ;
#1109 = EDGE_CURVE ( 'NONE', #4101, #2719, #4163, .T. ) ;
#1110 = CARTESIAN_POINT ( 'NONE',  ( 47.50000000000001421, 39.49999999999999289, 34.99999999999999289 ) ) ;
#1111 = ORIENTED_EDGE ( 'NONE', *, *, #4265, .T. ) ;
#1112 = DIRECTION ( 'NONE',  ( -0.000000000000000000, -0.000000000000000000, -1.000000000000000000 ) ) ;
#1113 = DIRECTION ( 'NONE',  ( -1.000000000000000000, 0.000000000000000000, 0.000000000000000000 ) ) ;
#1114 = ORIENTED_EDGE ( 'NONE', *, *, #3637, .F. ) ;
#1115 = CARTESIAN_POINT ( 'NONE',  ( -47.49999999999997868, -30.15000000000000568, 2.000000000000001776 ) ) ;
#1116 = ORIENTED_EDGE ( 'NONE', *, *, #3281, .T. ) ;
#1117 = ORIENTED_EDGE ( 'NONE', *, *, #2708, .T. ) ;
#1118 = CARTESIAN_POINT ( 'NONE',  ( 26.25000000000001776, 57.50000000000000711, 29.21757569555956735 ) ) ;
#1119 = ORIENTED_EDGE ( 'NONE', *, *, #1634, .F. ) ;
#1120 = CIRCLE ( 'NONE', #4041, 4.999999999999990230 ) ;
#1121 = CARTESIAN_POINT ( 'NONE',  ( -12.00000000000000000, -57.49999999999999289, 27.00000000000001066 ) ) ;
#1122 = ORIENTED_EDGE ( 'NONE', *, *, #2353, .F. ) ;
#1123 = EDGE_CURVE ( 'NONE', #4115, #1077, #1457, .T. ) ;
#1124 = CARTESIAN_POINT ( 'NONE',  ( 40.00000000000000711, 62.50000000000001421, -20.15564437074637993 ) ) ;
#1125 = DIRECTION ( 'NONE',  ( -0.000000000000000000, -0.000000000000000000, -1.000000000000000000 ) ) ;
#1126 = EDGE_CURVE ( 'NONE', #65, #4397, #4138, .T. ) ;
#1127 = VECTOR ( 'NONE', #2641, 1000.000000000000000 ) ;
#1128 = DIRECTION ( 'NONE',  ( -1.000000000000000000, 0.000000000000000000, 0.000000000000000000 ) ) ;
#1129 = ORIENTED_EDGE ( 'NONE', *, *, #1512, .F. ) ;
#1130 = ADVANCED_FACE ( 'NONE', ( #716 ), #4839, .F. ) ;
#1131 = DIRECTION ( 'NONE',  ( 0.000000000000000000, 0.000000000000000000, -1.000000000000000000 ) ) ;
#1132 =( BOUNDED_CURVE ( )  B_SPLINE_CURVE ( 3, ( #652, #3600, #2533, #4311 ),
 .UNSPECIFIED., .F., .F. ) 
 B_SPLINE_CURVE_WITH_KNOTS ( ( 4, 4 ),
 ( 4.712388980384689674, 5.410520681182416247 ),
 .UNSPECIFIED. ) 
 CURVE ( )  GEOMETRIC_REPRESENTATION_ITEM ( )  RATIONAL_B_SPLINE_CURVE ( ( 1.000000000000000000, 0.9597950805239394700, 0.9597950805239394700, 1.000000000000000000 ) ) 
 REPRESENTATION_ITEM ( '' )  );
#1133 = ADVANCED_FACE ( 'NONE', ( #2250 ), #741, .F. ) ;
#1134 = LINE ( 'NONE', #1471, #3361 ) ;
#1135 = DIRECTION ( 'NONE',  ( 1.000000000000000000, 0.000000000000000000, 0.000000000000000000 ) ) ;
#1136 = EDGE_LOOP ( 'NONE', ( #3790, #2928, #1964, #1117 ) ) ;
#1137 = DIRECTION ( 'NONE',  ( 0.000000000000000000, -1.000000000000000000, 0.000000000000000000 ) ) ;
#1138 = CARTESIAN_POINT ( 'NONE',  ( -43.50000000000000000, 30.14999999999999147, 2.000000000000001776 ) ) ;
#1139 = EDGE_CURVE ( 'NONE', #4206, #4705, #2592, .T. ) ;
#1140 = AXIS2_PLACEMENT_3D ( 'NONE', #1054, #2562, #328 ) ;
#1141 = ORIENTED_EDGE ( 'NONE', *, *, #1404, .F. ) ;
#1142 = CARTESIAN_POINT ( 'NONE',  ( 13.25000000000000888, 49.05000000000002558, 0.3999999999999976352 ) ) ;
#1143 = ORIENTED_EDGE ( 'NONE', *, *, #388, .T. ) ;
#1144 = VERTEX_POINT ( 'NONE', #3338 ) ;
#1145 = ORIENTED_EDGE ( 'NONE', *, *, #3070, .F. ) ;
#1146 = FACE_OUTER_BOUND ( 'NONE', #1136, .T. ) ;
#1147 = CYLINDRICAL_SURFACE ( 'NONE', #3485, 1.749999999999987566 ) ;
#1148 = ORIENTED_EDGE ( 'NONE', *, *, #1126, .T. ) ;
#1149 = DIRECTION ( 'NONE',  ( -0.000000000000000000, -0.000000000000000000, -1.000000000000000000 ) ) ;
#1150 = LINE ( 'NONE', #1101, #4767 ) ;
#1151 = AXIS2_PLACEMENT_3D ( 'NONE', #618, #2130, #1338 ) ;
#1152 = CARTESIAN_POINT ( 'NONE',  ( 47.50000000000001421, 36.49999999999999289, 45.00000000000000000 ) ) ;
#1153 = ORIENTED_EDGE ( 'NONE', *, *, #4893, .T. ) ;
#1154 = CARTESIAN_POINT ( 'NONE',  ( -29.99999999999999289, -61.25000000000000711, 45.00000000000000000 ) ) ;
#1155 = CARTESIAN_POINT ( 'NONE',  ( 14.76666666666657335, 42.06666666666665577, 7.383333333333363058 ) ) ;
#1156 = EDGE_CURVE ( 'NONE', #772, #1198, #1880, .T. ) ;
#1157 = DIRECTION ( 'NONE',  ( 1.000000000000000000, 0.000000000000000000, 0.000000000000000000 ) ) ;
#1158 = ORIENTED_EDGE ( 'NONE', *, *, #1220, .F. ) ;
#1159 = CARTESIAN_POINT ( 'NONE',  ( -39.99999999999996447, -61.25000000000000711, -20.15564437074637993 ) ) ;
#1160 = LINE ( 'NONE', #4837, #248 ) ;
#1161 = ORIENTED_EDGE ( 'NONE', *, *, #2385, .F. ) ;
#1162 = DIRECTION ( 'NONE',  ( -1.000000000000000000, 0.000000000000000000, 0.000000000000000000 ) ) ;
#1163 = ORIENTED_EDGE ( 'NONE', *, *, #2923, .T. ) ;
#1164 = ORIENTED_EDGE ( 'NONE', *, *, #1982, .T. ) ;
#1165 = AXIS2_PLACEMENT_3D ( 'NONE', #2826, #1776, #630 ) ;
#1166 = VERTEX_POINT ( 'NONE', #3050 ) ;
#1167 = DIRECTION ( 'NONE',  ( -1.000000000000000000, -2.040851148208008491E-16, 0.000000000000000000 ) ) ;
#1168 = DIRECTION ( 'NONE',  ( 1.000000000000000000, -0.000000000000000000, 0.000000000000000000 ) ) ;
#1169 = ORIENTED_EDGE ( 'NONE', *, *, #4794, .F. ) ;
#1170 = EDGE_CURVE ( 'NONE', #227, #577, #3437, .T. ) ;
#1171 = CARTESIAN_POINT ( 'NONE',  ( 43.49999999999999289, 45.50000000000000000, 45.00000000000000000 ) ) ;
#1172 = DIRECTION ( 'NONE',  ( -1.000000000000000000, 0.000000000000000000, 0.000000000000000000 ) ) ;
#1173 = AXIS2_PLACEMENT_3D ( 'NONE', #4330, #3277, #3649 ) ;
#1174 = EDGE_CURVE ( 'NONE', #3296, #1789, #1182, .T. ) ;
#1175 = ORIENTED_EDGE ( 'NONE', *, *, #533, .T. ) ;
#1176 = DIRECTION ( 'NONE',  ( -1.000000000000000000, -0.000000000000000000, 0.000000000000000000 ) ) ;
#1177 = CARTESIAN_POINT ( 'NONE',  ( -12.00000000000000000, -89.12277660168375348, 27.00000000000001066 ) ) ;
#1178 = ORIENTED_EDGE ( 'NONE', *, *, #3476, .T. ) ;
#1179 = CARTESIAN_POINT ( 'NONE',  ( 12.00000000000000000, 57.50000000000000711, 27.00000000000000355 ) ) ;
#1180 = LINE ( 'NONE', #3812, #3329 ) ;
#1181 = LINE ( 'NONE', #4224, #1769 ) ;
#1182 = LINE ( 'NONE', #1479, #4291 ) ;
#1183 = EDGE_CURVE ( 'NONE', #79, #1392, #3764, .T. ) ;
#1184 = VECTOR ( 'NONE', #4686, 1000.000000000000000 ) ;
#1185 = EDGE_LOOP ( 'NONE', ( #1981, #4280, #1998, #1556, #4320, #885, #916, #1677 ) ) ;
#1186 = AXIS2_PLACEMENT_3D ( 'NONE', #2733, #4244, #3879 ) ;
#1187 = PLANE ( 'NONE',  #802 ) ;
#1188 = ORIENTED_EDGE ( 'NONE', *, *, #2326, .T. ) ;
#1189 = EDGE_CURVE ( 'NONE', #4345, #780, #4204, .T. ) ;
#1190 = LINE ( 'NONE', #2303, #769 ) ;
#1191 = CIRCLE ( 'NONE', #1901, 2.999999999999999112 ) ;
#1192 = LINE ( 'NONE', #2701, #2440 ) ;
#1193 = ORIENTED_EDGE ( 'NONE', *, *, #4384, .F. ) ;
#1194 = FACE_OUTER_BOUND ( 'NONE', #4218, .T. ) ;
#1195 = CIRCLE ( 'NONE', #3103, 4.999999999999990230 ) ;
#1196 = ORIENTED_EDGE ( 'NONE', *, *, #4107, .F. ) ;
#1197 = CARTESIAN_POINT ( 'NONE',  ( 43.75000000000002132, 57.10000000000000853, 0.000000000000000000 ) ) ;
#1198 = VERTEX_POINT ( 'NONE', #4471 ) ;
#1199 = LINE ( 'NONE', #3874, #819 ) ;
#1200 = DIRECTION ( 'NONE',  ( 0.000000000000000000, 0.000000000000000000, 1.000000000000000000 ) ) ;
#1201 = ORIENTED_EDGE ( 'NONE', *, *, #1068, .F. ) ;
#1202 = LINE ( 'NONE', #3185, #4118 ) ;
#1203 = CYLINDRICAL_SURFACE ( 'NONE', #548, 3.000000000000002665 ) ;
#1204 = LINE ( 'NONE', #2035, #422 ) ;
#1205 = CARTESIAN_POINT ( 'NONE',  ( 30.00000000000004619, -62.49999999999998579, -20.15564437074637993 ) ) ;
#1206 = ADVANCED_FACE ( 'NONE', ( #4113, #2225 ), #1090, .F. ) ;
#1207 = EDGE_CURVE ( 'NONE', #1432, #2695, #3363, .T. ) ;
#1208 = EDGE_CURVE ( 'NONE', #1392, #3951, #3164, .T. ) ;
#1209 = VERTEX_POINT ( 'NONE', #3464 ) ;
#1210 = VECTOR ( 'NONE', #3595, 1000.000000000000000 ) ;
#1211 = CARTESIAN_POINT ( 'NONE',  ( -47.49999999999997868, -52.50000000000001421, 34.99999999999999289 ) ) ;
#1212 = ORIENTED_EDGE ( 'NONE', *, *, #1098, .T. ) ;
#1213 = LINE ( 'NONE', #2021, #3775 ) ;
#1214 = VECTOR ( 'NONE', #162, 1000.000000000000000 ) ;
#1215 = CYLINDRICAL_SURFACE ( 'NONE', #1588, 1.749999999999987566 ) ;
#1216 = ORIENTED_EDGE ( 'NONE', *, *, #2597, .F. ) ;
#1217 = EDGE_CURVE ( 'NONE', #1714, #2695, #2612, .T. ) ;
#1218 = AXIS2_PLACEMENT_3D ( 'NONE', #4653, #4569, #3837 ) ;
#1219 = CARTESIAN_POINT ( 'NONE',  ( 12.00000000000000000, -89.12277660168375348, 23.00000000000000000 ) ) ;
#1220 = EDGE_CURVE ( 'NONE', #75, #3434, #3832, .T. ) ;
#1221 = CARTESIAN_POINT ( 'NONE',  ( 12.00000000000000000, -57.49999999999999289, 23.00000000000000000 ) ) ;
#1222 = ORIENTED_EDGE ( 'NONE', *, *, #2603, .F. ) ;
#1223 = DIRECTION ( 'NONE',  ( 1.000000000000000000, 0.000000000000000000, 0.000000000000000000 ) ) ;
#1224 = CONICAL_SURFACE ( 'NONE', #584, 1.749999999999987566, 0.7853981633974482790 ) ;
#1225 = LINE ( 'NONE', #3458, #2281 ) ;
#1226 = EDGE_LOOP ( 'NONE', ( #210, #4821, #2461, #2945 ) ) ;
#1227 = CARTESIAN_POINT ( 'NONE',  ( 43.50000000000000711, -55.00000000000000711, 3.500000000000000000 ) ) ;
#1228 = CARTESIAN_POINT ( 'NONE',  ( 45.00000000000000711, 42.49999999999999289, 35.00000000000000000 ) ) ;
#1229 = CARTESIAN_POINT ( 'NONE',  ( -3.500000000000003109, -57.49999999999999289, 38.00000000000000000 ) ) ;
#1230 = VERTEX_POINT ( 'NONE', #4270 ) ;
#1231 = ADVANCED_FACE ( 'NONE', ( #1646 ), #4313, .F. ) ;
#1232 = DIRECTION ( 'NONE',  ( 0.000000000000000000, 0.000000000000000000, 1.000000000000000000 ) ) ;
#1233 = ADVANCED_FACE ( 'NONE', ( #4681 ), #4246, .F. ) ;
#1234 = ORIENTED_EDGE ( 'NONE', *, *, #2, .F. ) ;
#1235 = DIRECTION ( 'NONE',  ( -1.000000000000000000, -2.312964634635742957E-16, 0.000000000000000000 ) ) ;
#1236 = DIRECTION ( 'NONE',  ( -0.000000000000000000, -0.000000000000000000, -1.000000000000000000 ) ) ;
#1237 = ORIENTED_EDGE ( 'NONE', *, *, #1021, .F. ) ;
#1238 = AXIS2_PLACEMENT_3D ( 'NONE', #2659, #3084, #4174 ) ;
#1239 = DIRECTION ( 'NONE',  ( -1.000000000000000000, 0.000000000000000000, 0.000000000000000000 ) ) ;
#1240 = CIRCLE ( 'NONE', #4630, 1.999999999999988010 ) ;
#1241 = EDGE_CURVE ( 'NONE', #1532, #1099, #2362, .T. ) ;
#1242 = DIRECTION ( 'NONE',  ( 0.000000000000000000, 0.000000000000000000, -1.000000000000000000 ) ) ;
#1243 = ORIENTED_EDGE ( 'NONE', *, *, #3700, .F. ) ;
#1244 = CARTESIAN_POINT ( 'NONE',  ( -47.49999999999997868, -52.50000000000001421, 34.99999999999999289 ) ) ;
#1245 = CARTESIAN_POINT ( 'NONE',  ( 47.50000000000001421, 11.99999999999998224, 23.00000000000000355 ) ) ;
#1246 = ORIENTED_EDGE ( 'NONE', *, *, #2144, .T. ) ;
#1247 = DIRECTION ( 'NONE',  ( 0.000000000000000000, -0.000000000000000000, 1.000000000000000000 ) ) ;
#1248 = ORIENTED_EDGE ( 'NONE', *, *, #850, .F. ) ;
#1249 = CARTESIAN_POINT ( 'NONE',  ( 38.00000000000003553, -62.49999999999998579, 43.00000000000000000 ) ) ;
#1250 = EDGE_CURVE ( 'NONE', #4602, #3404, #522, .T. ) ;
#1251 = VERTEX_POINT ( 'NONE', #2036 ) ;
#1252 = CARTESIAN_POINT ( 'NONE',  ( 13.25000000000000888, 49.05000000000002558, -0.001000000000017913643 ) ) ;
#1253 = DIRECTION ( 'NONE',  ( 0.000000000000000000, -0.000000000000000000, -1.000000000000000000 ) ) ;
#1254 = ORIENTED_EDGE ( 'NONE', *, *, #2597, .T. ) ;
#1255 = CIRCLE ( 'NONE', #1413, 1.749999999999987566 ) ;
#1256 = CARTESIAN_POINT ( 'NONE',  ( 35.00000000000001421, 62.50000000000001421, 43.00000000000000000 ) ) ;
#1257 = CARTESIAN_POINT ( 'NONE',  ( -39.99999999999996447, -61.25000000000000711, 45.00000000000000000 ) ) ;
#1258 = AXIS2_PLACEMENT_3D ( 'NONE', #4678, #900, #3526 ) ;
#1259 = EDGE_LOOP ( 'NONE', ( #4274, #479, #776, #4791 ) ) ;
#1260 = LINE ( 'NONE', #2812, #919 ) ;
#1261 = EDGE_CURVE ( 'NONE', #2416, #161, #498, .T. ) ;
#1262 = ORIENTED_EDGE ( 'NONE', *, *, #170, .F. ) ;
#1263 = CARTESIAN_POINT ( 'NONE',  ( -47.49999999999998579, -57.49999999999999289, 45.00000000000000000 ) ) ;
#1264 = EDGE_CURVE ( 'NONE', #1400, #315, #4148, .T. ) ;
#1265 = CARTESIAN_POINT ( 'NONE',  ( 35.00000000000002842, -62.49999999999998579, 43.00000000000000000 ) ) ;
#1266 = CIRCLE ( 'NONE', #4737, 1.500000000000000000 ) ;
#1267 = LINE ( 'NONE', #120, #4564 ) ;
#1268 = EDGE_LOOP ( 'NONE', ( #2128, #2684, #1643, #794 ) ) ;
#1269 = CARTESIAN_POINT ( 'NONE',  ( 43.75000000000002132, 53.75000000000001421, 0.3999999999999975797 ) ) ;
#1270 = EDGE_CURVE ( 'NONE', #4476, #3004, #2394, .T. ) ;
#1271 = FACE_OUTER_BOUND ( 'NONE', #4868, .T. ) ;
#1272 = CARTESIAN_POINT ( 'NONE',  ( -43.50000000000000711, -52.50000000000001421, 38.00000000000000000 ) ) ;
#1273 = CIRCLE ( 'NONE', #3025, 3.000000000000002665 ) ;
#1274 = CIRCLE ( 'NONE', #327, 2.999999999999999112 ) ;
#1275 = AXIS2_PLACEMENT_3D ( 'NONE', #2316, #4631, #3833 ) ;
#1276 = EDGE_CURVE ( 'NONE', #1875, #4476, #4594, .T. ) ;
#1277 = ORIENTED_EDGE ( 'NONE', *, *, #2866, .F. ) ;
#1278 = CARTESIAN_POINT ( 'NONE',  ( 35.00000000000001421, 62.50000000000001421, 44.75000000000000000 ) ) ;
#1279 = CARTESIAN_POINT ( 'NONE',  ( 21.75000000000001066, 40.55000000000002558, 0.3999999999999976352 ) ) ;
#1280 = ORIENTED_EDGE ( 'NONE', *, *, #2752, .T. ) ;
#1281 = DIRECTION ( 'NONE',  ( 0.000000000000000000, 0.000000000000000000, -1.000000000000000000 ) ) ;
#1282 =( BOUNDED_CURVE ( )  B_SPLINE_CURVE ( 3, ( #2164, #1894, #3012, #2958 ),
 .UNSPECIFIED., .F., .F. ) 
 B_SPLINE_CURVE_WITH_KNOTS ( ( 4, 4 ),
 ( 4.712388980384689674, 5.410520681182415359 ),
 .UNSPECIFIED. ) 
 CURVE ( )  GEOMETRIC_REPRESENTATION_ITEM ( )  RATIONAL_B_SPLINE_CURVE ( ( 1.000000000000000000, 0.9597950805239394700, 0.9597950805239394700, 1.000000000000000000 ) ) 
 REPRESENTATION_ITEM ( '' )  );
#1283 = CARTESIAN_POINT ( 'NONE',  ( -43.49999999999999289, 53.49999999999997868, 44.99999999999998579 ) ) ;
#1284 = VERTEX_POINT ( 'NONE', #1249 ) ;
#1285 = CARTESIAN_POINT ( 'NONE',  ( -43.74999999999999289, 53.75000000000002132, 0.000000000000000000 ) ) ;
#1286 = AXIS2_PLACEMENT_3D ( 'NONE', #2322, #123, #1645 ) ;
#1287 = CARTESIAN_POINT ( 'NONE',  ( 40.00000000000002842, -62.49999999999998579, 45.00000000000000000 ) ) ;
#1288 = EDGE_CURVE ( 'NONE', #3278, #1365, #3902, .T. ) ;
#1289 = LINE ( 'NONE', #4183, #955 ) ;
#1290 = AXIS2_PLACEMENT_3D ( 'NONE', #3739, #337, #1855 ) ;
#1291 = EDGE_CURVE ( 'NONE', #2288, #2620, #3528, .T. ) ;
#1292 = DIRECTION ( 'NONE',  ( 0.000000000000000000, 0.7660444431189812331, -0.6427876096865356992 ) ) ;
#1293 = DIRECTION ( 'NONE',  ( 1.000000000000000000, 0.000000000000000000, -2.312964634635742957E-16 ) ) ;
#1294 = ORIENTED_EDGE ( 'NONE', *, *, #1968, .T. ) ;
#1295 = PLANE ( 'NONE',  #3241 ) ;
#1296 = DIRECTION ( 'NONE',  ( 0.000000000000000000, 0.000000000000000000, -1.000000000000000000 ) ) ;
#1297 = CARTESIAN_POINT ( 'NONE',  ( 45.00000000000000711, 42.49999999999999289, 38.00000000000000000 ) ) ;
#1298 = CIRCLE ( 'NONE', #182, 1.999999999999988010 ) ;
#1299 = EDGE_CURVE ( 'NONE', #161, #2903, #3983, .T. ) ;
#1300 = CARTESIAN_POINT ( 'NONE',  ( -15.50000000000000711, -55.00000000000001421, 38.00000000000000711 ) ) ;
#1301 = DIRECTION ( 'NONE',  ( -2.792311430143752197E-16, 1.000000000000000000, 0.000000000000000000 ) ) ;
#1302 = ORIENTED_EDGE ( 'NONE', *, *, #362, .T. ) ;
#1303 = DIRECTION ( 'NONE',  ( 0.000000000000000000, 0.000000000000000000, -1.000000000000000000 ) ) ;
#1304 = CARTESIAN_POINT ( 'NONE',  ( -43.49999999999999289, -53.50000000000002132, -143.7228235180481022 ) ) ;
#1305 = ORIENTED_EDGE ( 'NONE', *, *, #3623, .F. ) ;
#1306 = DIRECTION ( 'NONE',  ( 0.000000000000000000, 1.000000000000000000, 0.000000000000000000 ) ) ;
#1307 = ORIENTED_EDGE ( 'NONE', *, *, #2106, .F. ) ;
#1308 = DIRECTION ( 'NONE',  ( -0.000000000000000000, -0.000000000000000000, -1.000000000000000000 ) ) ;
#1309 = VECTOR ( 'NONE', #3102, 1000.000000000000114 ) ;
#1310 = ADVANCED_FACE ( 'NONE', ( #2758 ), #4225, .F. ) ;
#1311 = ORIENTED_EDGE ( 'NONE', *, *, #4230, .F. ) ;
#1312 = CARTESIAN_POINT ( 'NONE',  ( -39.99999999999996447, -61.25000000000000711, 35.05154004628614928 ) ) ;
#1313 = AXIS2_PLACEMENT_3D ( 'NONE', #2298, #3022, #1162 ) ;
#1314 = LINE ( 'NONE', #3593, #1377 ) ;
#1315 = CARTESIAN_POINT ( 'NONE',  ( 13.25000000000000888, 49.05000000000002558, 1.600000000000016298 ) ) ;
#1316 = CARTESIAN_POINT ( 'NONE',  ( 40.00000000000002132, -61.25000000000000000, 35.05154004628613507 ) ) ;
#1317 = ORIENTED_EDGE ( 'NONE', *, *, #2235, .T. ) ;
#1318 = DIRECTION ( 'NONE',  ( 0.000000000000000000, 1.000000000000000000, -0.000000000000000000 ) ) ;
#1319 = CARTESIAN_POINT ( 'NONE',  ( -47.49999999999997868, -35.50000000000000711, 34.99999999999999289 ) ) ;
#1320 = CARTESIAN_POINT ( 'NONE',  ( 32.00000000000002842, -68.49999999999998579, 43.69175359259423885 ) ) ;
#1321 = PLANE ( 'NONE',  #2667 ) ;
#1322 = EDGE_CURVE ( 'NONE', #4259, #4293, #2341, .T. ) ;
#1323 = VECTOR ( 'NONE', #2261, 1000.000000000000000 ) ;
#1324 = CARTESIAN_POINT ( 'NONE',  ( 47.10000000000001563, 53.75000000000002132, 0.000000000000000000 ) ) ;
#1325 = ORIENTED_EDGE ( 'NONE', *, *, #330, .F. ) ;
#1326 = CARTESIAN_POINT ( 'NONE',  ( -29.99999999999998579, 61.25000000000001421, 45.00000000000000000 ) ) ;
#1327 = ORIENTED_EDGE ( 'NONE', *, *, #4642, .T. ) ;
#1328 = EDGE_CURVE ( 'NONE', #2437, #1585, #1973, .T. ) ;
#1329 = DIRECTION ( 'NONE',  ( 0.5773502691896300609, -0.5773502691896236216, -0.5773502691896236216 ) ) ;
#1330 = ORIENTED_EDGE ( 'NONE', *, *, #3285, .F. ) ;
#1331 = VERTEX_POINT ( 'NONE', #4386 ) ;
#1332 = ORIENTED_EDGE ( 'NONE', *, *, #3048, .T. ) ;
#1333 = AXIS2_PLACEMENT_3D ( 'NONE', #4318, #3824, #4637 ) ;
#1334 = CARTESIAN_POINT ( 'NONE',  ( 47.50000000000001421, -53.75000000000000000, 45.00000000000000000 ) ) ;
#1335 = ORIENTED_EDGE ( 'NONE', *, *, #3166, .T. ) ;
#1336 = DIRECTION ( 'NONE',  ( -0.000000000000000000, -0.000000000000000000, 1.000000000000000000 ) ) ;
#1337 = EDGE_CURVE ( 'NONE', #4756, #2797, #2790, .T. ) ;
#1338 = DIRECTION ( 'NONE',  ( 0.000000000000000000, -0.000000000000000000, -1.000000000000000000 ) ) ;
#1339 = CIRCLE ( 'NONE', #3320, 3.750000000000000000 ) ;
#1340 = DIRECTION ( 'NONE',  ( -2.312964634635742957E-16, 0.000000000000000000, -1.000000000000000000 ) ) ;
#1341 = VECTOR ( 'NONE', #317, 1000.000000000000000 ) ;
#1342 = CARTESIAN_POINT ( 'NONE',  ( 42.02199065292467139, -57.80469467080579449, 30.94558504263492438 ) ) ;
#1343 = VERTEX_POINT ( 'NONE', #4702 ) ;
#1344 = CARTESIAN_POINT ( 'NONE',  ( 30.00000000000002487, 72.49999999999998579, 48.45876796297113742 ) ) ;
#1345 = PLANE ( 'NONE',  #4067 ) ;
#1346 = CARTESIAN_POINT ( 'NONE',  ( -44.99999999999999289, -53.50000000000002132, 45.00000000000000000 ) ) ;
#1347 = LINE ( 'NONE', #4780, #558 ) ;
#1348 = CARTESIAN_POINT ( 'NONE',  ( 47.50000000000001421, 45.50000000000000000, 34.99999999999999289 ) ) ;
#1349 = EDGE_LOOP ( 'NONE', ( #3670, #1726 ) ) ;
#1350 = FACE_OUTER_BOUND ( 'NONE', #4712, .T. ) ;
#1351 = LINE ( 'NONE', #3980, #4427 ) ;
#1352 = EDGE_LOOP ( 'NONE', ( #291, #957, #2096, #2820 ) ) ;
#1353 = CARTESIAN_POINT ( 'NONE',  ( 14.76666666666656802, 47.53333333333339539, 7.383333333333366610 ) ) ;
#1354 = ORIENTED_EDGE ( 'NONE', *, *, #2171, .T. ) ;
#1355 = VECTOR ( 'NONE', #4730, 1000.000000000000000 ) ;
#1356 = ORIENTED_EDGE ( 'NONE', *, *, #3415, .F. ) ;
#1357 = ORIENTED_EDGE ( 'NONE', *, *, #1139, .F. ) ;
#1358 = DIRECTION ( 'NONE',  ( 0.000000000000000000, 0.000000000000000000, -1.000000000000000000 ) ) ;
#1359 = EDGE_CURVE ( 'NONE', #2517, #2838, #1397, .T. ) ;
#1360 = VERTEX_POINT ( 'NONE', #629 ) ;
#1361 = DIRECTION ( 'NONE',  ( -1.000000000000000000, 0.000000000000000000, -0.000000000000000000 ) ) ;
#1362 = AXIS2_PLACEMENT_3D ( 'NONE', #1265, #1988, #1967 ) ;
#1363 = LINE ( 'NONE', #2132, #44 ) ;
#1364 = CARTESIAN_POINT ( 'NONE',  ( 40.00000000000002842, -60.12306427786541008, 33.70851035080946900 ) ) ;
#1365 = VERTEX_POINT ( 'NONE', #254 ) ;
#1366 = DIRECTION ( 'NONE',  ( 0.000000000000000000, 1.000000000000000000, -0.000000000000000000 ) ) ;
#1367 = ADVANCED_FACE ( 'NONE', ( #2165 ), #2536, .F. ) ;
#1368 = CARTESIAN_POINT ( 'NONE',  ( 40.00000000000000711, 61.25000000000002132, 45.00000000000000000 ) ) ;
#1369 = CARTESIAN_POINT ( 'NONE',  ( 38.00000000000002842, -68.49999999999998579, 43.69175359259423885 ) ) ;
#1370 = CONICAL_SURFACE ( 'NONE', #2648, 1.749999999999987566, 0.7853981633974482790 ) ;
#1371 = CARTESIAN_POINT ( 'NONE',  ( 45.00000000000001421, 11.99999999999998046, 27.00000000000001066 ) ) ;
#1372 = LINE ( 'NONE', #201, #1838 ) ;
#1373 = ORIENTED_EDGE ( 'NONE', *, *, #2156, .F. ) ;
#1374 = DIRECTION ( 'NONE',  ( -0.000000000000000000, -0.000000000000000000, -1.000000000000000000 ) ) ;
#1375 = CARTESIAN_POINT ( 'NONE',  ( 43.50000000000000711, -53.50000000000000711, 3.500000000000000000 ) ) ;
#1376 = ORIENTED_EDGE ( 'NONE', *, *, #1264, .T. ) ;
#1377 = VECTOR ( 'NONE', #700, 1000.000000000000000 ) ;
#1378 = FACE_OUTER_BOUND ( 'NONE', #387, .T. ) ;
#1379 = EDGE_CURVE ( 'NONE', #1606, #2650, #279, .T. ) ;
#1380 = ORIENTED_EDGE ( 'NONE', *, *, #3766, .T. ) ;
#1381 = ADVANCED_FACE ( 'NONE', ( #3627 ), #3231, .F. ) ;
#1382 = VERTEX_POINT ( 'NONE', #925 ) ;
#1383 = ORIENTED_EDGE ( 'NONE', *, *, #4420, .F. ) ;
#1384 = DIRECTION ( 'NONE',  ( 0.000000000000000000, 1.000000000000000000, -0.000000000000000000 ) ) ;
#1385 = ORIENTED_EDGE ( 'NONE', *, *, #4539, .F. ) ;
#1386 = DIRECTION ( 'NONE',  ( 1.000000000000000000, 0.000000000000000000, 0.000000000000000000 ) ) ;
#1387 = DIRECTION ( 'NONE',  ( 1.000000000000000000, 0.000000000000000000, 0.000000000000000000 ) ) ;
#1388 = CARTESIAN_POINT ( 'NONE',  ( -47.49999999999998579, -35.50000000000000711, 38.00000000000000000 ) ) ;
#1389 = EDGE_CURVE ( 'NONE', #4422, #3018, #1686, .T. ) ;
#1390 = VECTOR ( 'NONE', #4169, 1000.000000000000000 ) ;
#1391 = LINE ( 'NONE', #2081, #2678 ) ;
#1392 = VERTEX_POINT ( 'NONE', #2138 ) ;
#1393 = AXIS2_PLACEMENT_3D ( 'NONE', #2789, #3472, #3106 ) ;
#1394 = DIRECTION ( 'NONE',  ( 0.000000000000000000, 0.000000000000000000, -1.000000000000000000 ) ) ;
#1395 = ADVANCED_FACE ( 'NONE', ( #1029 ), #1370, .F. ) ;
#1396 = DIRECTION ( 'NONE',  ( -3.568188021088856491E-15, -0.6427876096865354771, 0.7660444431189811221 ) ) ;
#1397 = LINE ( 'NONE', #2483, #492 ) ;
#1398 = CARTESIAN_POINT ( 'NONE',  ( 0.000000000000000000, 0.000000000000000000, 45.00000000000000000 ) ) ;
#1399 = DIRECTION ( 'NONE',  ( -0.000000000000000000, -1.000000000000000000, -0.000000000000000000 ) ) ;
#1400 = VERTEX_POINT ( 'NONE', #1420 ) ;
#1401 = CARTESIAN_POINT ( 'NONE',  ( 35.00000000000002842, -62.49999999999998579, 43.00000000000000000 ) ) ;
#1402 = ORIENTED_EDGE ( 'NONE', *, *, #626, .F. ) ;
#1403 = CARTESIAN_POINT ( 'NONE',  ( -41.33954646367546104, 58.37733333830383486, 31.62802923188407078 ) ) ;
#1404 = EDGE_CURVE ( 'NONE', #4250, #3951, #4457, .T. ) ;
#1405 = ORIENTED_EDGE ( 'NONE', *, *, #2039, .F. ) ;
#1406 = ORIENTED_EDGE ( 'NONE', *, *, #4186, .T. ) ;
#1407 = ORIENTED_EDGE ( 'NONE', *, *, #453, .T. ) ;
#1408 = CARTESIAN_POINT ( 'NONE',  ( -39.99999999999997158, -62.49999999999998579, -20.15564437074637993 ) ) ;
#1409 = ORIENTED_EDGE ( 'NONE', *, *, #3681, .F. ) ;
#1410 = LINE ( 'NONE', #674, #708 ) ;
#1411 = CYLINDRICAL_SURFACE ( 'NONE', #1694, 3.750000000000003553 ) ;
#1412 = LINE ( 'NONE', #1792, #286 ) ;
#1413 = AXIS2_PLACEMENT_3D ( 'NONE', #1278, #931, #4 ) ;
#1414 = EDGE_CURVE ( 'NONE', #2393, #1046, #2086, .T. ) ;
#1415 = AXIS2_PLACEMENT_3D ( 'NONE', #1868, #4102, #4154 ) ;
#1416 = CARTESIAN_POINT ( 'NONE',  ( 45.00000000000001421, 33.99999999999998579, 30.00000000000001066 ) ) ;
#1417 = ORIENTED_EDGE ( 'NONE', *, *, #2353, .T. ) ;
#1418 = CARTESIAN_POINT ( 'NONE',  ( -29.99999999999998579, 61.25000000000001421, 35.05154004628614928 ) ) ;
#1419 = CARTESIAN_POINT ( 'NONE',  ( -36.74999999999996447, 62.50000000000001421, 44.75000000000000000 ) ) ;
#1420 = CARTESIAN_POINT ( 'NONE',  ( -47.49999999999998579, -53.75000000000000000, 45.00000000000000000 ) ) ;
#1421 = AXIS2_PLACEMENT_3D ( 'NONE', #2551, #4793, #2471 ) ;
#1422 = EDGE_CURVE ( 'NONE', #3340, #3935, #173, .T. ) ;
#1423 = LINE ( 'NONE', #2668, #4279 ) ;
#1424 = ORIENTED_EDGE ( 'NONE', *, *, #3444, .F. ) ;
#1425 = CARTESIAN_POINT ( 'NONE',  ( 28.66045353632453541, -58.37733333830381355, 31.62802923188406368 ) ) ;
#1426 = DIRECTION ( 'NONE',  ( 0.000000000000000000, 0.000000000000000000, 1.000000000000000000 ) ) ;
#1427 = ORIENTED_EDGE ( 'NONE', *, *, #867, .T. ) ;
#1428 = DIRECTION ( 'NONE',  ( 4.081702296416016983E-16, -1.000000000000000000, 0.000000000000000000 ) ) ;
#1429 = AXIS2_PLACEMENT_3D ( 'NONE', #2489, #606, #3633 ) ;
#1430 = EDGE_CURVE ( 'NONE', #3296, #938, #2417, .T. ) ;
#1431 = VERTEX_POINT ( 'NONE', #1346 ) ;
#1432 = VERTEX_POINT ( 'NONE', #3947 ) ;
#1433 = ORIENTED_EDGE ( 'NONE', *, *, #1608, .T. ) ;
#1434 = CIRCLE ( 'NONE', #1917, 1.999999999999988010 ) ;
#1435 = CARTESIAN_POINT ( 'NONE',  ( 47.50000000000001421, 53.75000000000002132, 45.00000000000000000 ) ) ;
#1436 = VECTOR ( 'NONE', #1399, 1000.000000000000000 ) ;
#1437 = ORIENTED_EDGE ( 'NONE', *, *, #1663, .T. ) ;
#1438 = CARTESIAN_POINT ( 'NONE',  ( -34.99999999999997868, 62.50000000000001421, 44.75000000000000000 ) ) ;
#1439 = DIRECTION ( 'NONE',  ( -1.000000000000000000, 0.000000000000000000, 0.000000000000000000 ) ) ;
#1440 =( BOUNDED_CURVE ( )  B_SPLINE_CURVE ( 3, ( #3590, #1736, #1788, #969 ),
 .UNSPECIFIED., .F., .F. ) 
 B_SPLINE_CURVE_WITH_KNOTS ( ( 4, 4 ),
 ( 3.839724354387515692, 4.712388980384692339 ),
 .UNSPECIFIED. ) 
 CURVE ( )  GEOMETRIC_REPRESENTATION_ITEM ( )  RATIONAL_B_SPLINE_CURVE ( ( 1.000000000000000000, 0.9375385246910982184, 0.9375385246910982184, 1.000000000000000000 ) ) 
 REPRESENTATION_ITEM ( '' )  );
#1441 = ADVANCED_FACE ( 'NONE', ( #3258 ), #953, .F. ) ;
#1442 = DIRECTION ( 'NONE',  ( -1.000000000000000000, 0.000000000000000000, 2.312964634635742957E-16 ) ) ;
#1443 = ORIENTED_EDGE ( 'NONE', *, *, #1012, .T. ) ;
#1444 = EDGE_CURVE ( 'NONE', #2122, #2302, #754, .T. ) ;
#1445 = DIRECTION ( 'NONE',  ( -1.000000000000000000, 0.000000000000000000, 0.000000000000000000 ) ) ;
#1446 = PLANE ( 'NONE',  #4447 ) ;
#1447 = CIRCLE ( 'NONE', #2950, 2.999999999999999112 ) ;
#1448 = FACE_OUTER_BOUND ( 'NONE', #4850, .T. ) ;
#1449 = DIRECTION ( 'NONE',  ( -1.000000000000000000, 2.792311430143755648E-16, 0.000000000000000000 ) ) ;
#1450 = AXIS2_PLACEMENT_3D ( 'NONE', #3789, #1931, #3413 ) ;
#1451 = CARTESIAN_POINT ( 'NONE',  ( 43.75000000000002132, 53.75000000000001421, 0.000000000000000000 ) ) ;
#1452 = EDGE_LOOP ( 'NONE', ( #4444, #3045, #3713, #3112 ) ) ;
#1453 = CIRCLE ( 'NONE', #1535, 2.999999999999999112 ) ;
#1454 = CARTESIAN_POINT ( 'NONE',  ( -3.500000000000003109, -57.49999999999999289, 45.00000000000000000 ) ) ;
#1455 = LINE ( 'NONE', #2223, #886 ) ;
#1456 = ORIENTED_EDGE ( 'NONE', *, *, #136, .T. ) ;
#1457 = LINE ( 'NONE', #4547, #2343 ) ;
#1458 = EDGE_CURVE ( 'NONE', #2704, #4231, #2454, .T. ) ;
#1459 = ORIENTED_EDGE ( 'NONE', *, *, #3101, .F. ) ;
#1460 = VERTEX_POINT ( 'NONE', #2882 ) ;
#1461 = VERTEX_POINT ( 'NONE', #197 ) ;
#1462 = VECTOR ( 'NONE', #3391, 1000.000000000000000 ) ;
#1463 = CARTESIAN_POINT ( 'NONE',  ( -43.49999999999999289, -55.00000000000002132, 3.500000000000000000 ) ) ;
#1464 = ORIENTED_EDGE ( 'NONE', *, *, #3535, .F. ) ;
#1465 = DIRECTION ( 'NONE',  ( -1.000000000000000000, -5.551115123125869477E-15, 0.000000000000000000 ) ) ;
#1466 = CARTESIAN_POINT ( 'NONE',  ( -43.74999999999998579, 57.50000000000002132, 45.00000000000000000 ) ) ;
#1467 = FACE_OUTER_BOUND ( 'NONE', #1999, .T. ) ;
#1468 = ORIENTED_EDGE ( 'NONE', *, *, #3538, .T. ) ;
#1469 = CARTESIAN_POINT ( 'NONE',  ( -28.66045353632447856, 58.37733333830383486, 31.62802923188407078 ) ) ;
#1470 = DIRECTION ( 'NONE',  ( 1.000000000000000000, 0.000000000000000000, -2.312964634635742957E-16 ) ) ;
#1471 = CARTESIAN_POINT ( 'NONE',  ( -15.00000000000000000, 54.99999999999998579, -143.7228235180481022 ) ) ;
#1472 = VECTOR ( 'NONE', #367, 1000.000000000000000 ) ;
#1473 = LINE ( 'NONE', #3857, #1047 ) ;
#1474 = ORIENTED_EDGE ( 'NONE', *, *, #621, .T. ) ;
#1475 = CARTESIAN_POINT ( 'NONE',  ( 40.00000000000002842, -62.49999999999998579, 36.54123203702891232 ) ) ;
#1476 = DIRECTION ( 'NONE',  ( 0.000000000000000000, 0.000000000000000000, -1.000000000000000000 ) ) ;
#1477 = AXIS2_PLACEMENT_3D ( 'NONE', #1256, #3172, #910 ) ;
#1478 = VERTEX_POINT ( 'NONE', #3756 ) ;
#1479 = CARTESIAN_POINT ( 'NONE',  ( -39.99999999999996447, 67.49999999999997158, 42.49999999999999289 ) ) ;
#1480 = EDGE_CURVE ( 'NONE', #1606, #340, #546, .T. ) ;
#1481 = MANIFOLD_SOLID_BREP ( 'Verrundung4', #4606 ) ;
#1482 = ORIENTED_EDGE ( 'NONE', *, *, #491, .F. ) ;
#1483 = ORIENTED_EDGE ( 'NONE', *, *, #2780, .F. ) ;
#1484 = ADVANCED_FACE ( 'NONE', ( #1448 ), #1069, .F. ) ;
#1485 = ORIENTED_EDGE ( 'NONE', *, *, #2992, .F. ) ;
#1486 = CARTESIAN_POINT ( 'NONE',  ( 45.00000000000001421, -34.00000000000002842, 30.00000000000000000 ) ) ;
#1487 = ORIENTED_EDGE ( 'NONE', *, *, #3870, .F. ) ;
#1488 = EDGE_CURVE ( 'NONE', #3148, #3362, #4439, .T. ) ;
#1489 = AXIS2_PLACEMENT_3D ( 'NONE', #325, #1795, #4100 ) ;
#1490 = CYLINDRICAL_SURFACE ( 'NONE', #2254, 3.750000000000003553 ) ;
#1491 = FACE_OUTER_BOUND ( 'NONE', #697, .T. ) ;
#1492 = ADVANCED_FACE ( 'NONE', ( #1056 ), #3013, .F. ) ;
#1493 = CARTESIAN_POINT ( 'NONE',  ( -36.74999999999996447, 62.50000000000001421, 0.000000000000000000 ) ) ;
#1494 = ORIENTED_EDGE ( 'NONE', *, *, #2654, .T. ) ;
#1495 = CARTESIAN_POINT ( 'NONE',  ( 35.00000000000002842, -62.49999999999998579, 44.75000000000000000 ) ) ;
#1496 = VECTOR ( 'NONE', #409, 1000.000000000000000 ) ;
#1497 = CARTESIAN_POINT ( 'NONE',  ( -43.74999999999997158, -57.49999999999999289, 45.00000000000000000 ) ) ;
#1498 = DIRECTION ( 'NONE',  ( 0.000000000000000000, 0.000000000000000000, 1.000000000000000000 ) ) ;
#1499 = VECTOR ( 'NONE', #1644, 1000.000000000000000 ) ;
#1500 = FACE_OUTER_BOUND ( 'NONE', #1545, .T. ) ;
#1501 = DIRECTION ( 'NONE',  ( -0.000000000000000000, -1.000000000000000000, 0.000000000000000000 ) ) ;
#1502 = ORIENTED_EDGE ( 'NONE', *, *, #4237, .T. ) ;
#1503 = PLANE ( 'NONE',  #385 ) ;
#1504 = PLANE ( 'NONE',  #3645 ) ;
#1505 = ORIENTED_EDGE ( 'NONE', *, *, #4475, .T. ) ;
#1506 = AXIS2_PLACEMENT_3D ( 'NONE', #90, #1236, #4252 ) ;
#1507 = DIRECTION ( 'NONE',  ( -0.000000000000000000, -1.000000000000000000, -0.000000000000000000 ) ) ;
#1508 = ORIENTED_EDGE ( 'NONE', *, *, #3700, .T. ) ;
#1509 = EDGE_CURVE ( 'NONE', #2201, #2514, #180, .T. ) ;
#1510 = EDGE_LOOP ( 'NONE', ( #2246, #4605, #1857, #4543 ) ) ;
#1511 = CARTESIAN_POINT ( 'NONE',  ( 28.66045353632451409, 58.37733333830382776, 31.62802923188407789 ) ) ;
#1512 = EDGE_CURVE ( 'NONE', #4376, #1089, #2563, .T. ) ;
#1513 = ORIENTED_EDGE ( 'NONE', *, *, #1458, .F. ) ;
#1514 = LINE ( 'NONE', #3843, #841 ) ;
#1515 = VECTOR ( 'NONE', #4166, 1000.000000000000000 ) ;
#1516 = CARTESIAN_POINT ( 'NONE',  ( 47.50000000000001421, 33.99999999999998579, 20.00000000000000711 ) ) ;
#1517 = ORIENTED_EDGE ( 'NONE', *, *, #3238, .T. ) ;
#1518 = DIRECTION ( 'NONE',  ( -1.000000000000000000, 0.000000000000000000, -0.000000000000000000 ) ) ;
#1519 = CARTESIAN_POINT ( 'NONE',  ( 40.00000000000005684, -67.49999999999998579, 42.50000000000001421 ) ) ;
#1520 = AXIS2_PLACEMENT_3D ( 'NONE', #2705, #1242, #2749 ) ;
#1521 = ADVANCED_FACE ( 'NONE', ( #4832 ), #4080, .F. ) ;
#1522 = VECTOR ( 'NONE', #1802, 1000.000000000000000 ) ;
#1523 = DIRECTION ( 'NONE',  ( 1.000000000000000000, -0.000000000000000000, 0.000000000000000000 ) ) ;
#1524 = ORIENTED_EDGE ( 'NONE', *, *, #2051, .F. ) ;
#1525 = DIRECTION ( 'NONE',  ( 0.000000000000000000, 1.000000000000000000, 0.000000000000000000 ) ) ;
#1526 = DIRECTION ( 'NONE',  ( 0.5773502691896255090, -0.5773502691896259531, 0.5773502691896259531 ) ) ;
#1527 = CARTESIAN_POINT ( 'NONE',  ( -43.74999999999997868, 57.50000000000000711, 0.3999999999999975797 ) ) ;
#1528 = ORIENTED_EDGE ( 'NONE', *, *, #2418, .T. ) ;
#1529 = FACE_OUTER_BOUND ( 'NONE', #644, .T. ) ;
#1530 = CARTESIAN_POINT ( 'NONE',  ( 36.75000000000000711, 62.50000000000001421, 44.75000000000000000 ) ) ;
#1531 = AXIS2_PLACEMENT_3D ( 'NONE', #3755, #278, #4129 ) ;
#1532 = VERTEX_POINT ( 'NONE', #3732 ) ;
#1533 = DIRECTION ( 'NONE',  ( -0.000000000000000000, -0.000000000000000000, -1.000000000000000000 ) ) ;
#1534 = EDGE_CURVE ( 'NONE', #292, #4004, #1134, .T. ) ;
#1535 = AXIS2_PLACEMENT_3D ( 'NONE', #3484, #2014, #3527 ) ;
#1536 = ORIENTED_EDGE ( 'NONE', *, *, #2625, .F. ) ;
#1537 = VERTEX_POINT ( 'NONE', #3706 ) ;
#1538 = CARTESIAN_POINT ( 'NONE',  ( -47.49999999999998579, 53.75000000000002132, 0.3999999999999975797 ) ) ;
#1539 = VECTOR ( 'NONE', #1560, 1000.000000000000000 ) ;
#1540 = EDGE_LOOP ( 'NONE', ( #4248, #2357, #2520, #1325 ) ) ;
#1541 = LINE ( 'NONE', #274, #1390 ) ;
#1542 = EDGE_CURVE ( 'NONE', #3793, #2998, #4464, .T. ) ;
#1543 = DIRECTION ( 'NONE',  ( 0.000000000000000000, 0.000000000000000000, -1.000000000000000000 ) ) ;
#1544 = VECTOR ( 'NONE', #1604, 1000.000000000000000 ) ;
#1545 = EDGE_LOOP ( 'NONE', ( #2891, #2228, #3367, #4092 ) ) ;
#1546 = DIRECTION ( 'NONE',  ( -1.000000000000000000, 0.000000000000000000, 0.000000000000000000 ) ) ;
#1547 = DIRECTION ( 'NONE',  ( -1.000000000000000000, 0.000000000000000000, -0.000000000000000000 ) ) ;
#1548 = AXIS2_PLACEMENT_3D ( 'NONE', #321, #2501, #1841 ) ;
#1549 = CARTESIAN_POINT ( 'NONE',  ( 45.00000000000000711, 45.50000000000000000, 38.00000000000000711 ) ) ;
#1550 = VERTEX_POINT ( 'NONE', #735 ) ;
#1551 = ADVANCED_FACE ( 'NONE', ( #4105 ), #1107, .F. ) ;
#1552 = LINE ( 'NONE', #4585, #3580 ) ;
#1553 = ADVANCED_FACE ( 'NONE', ( #2664 ), #1224, .F. ) ;
#1554 = CARTESIAN_POINT ( 'NONE',  ( 35.00000000000001421, 62.50000000000001421, 44.75000000000000000 ) ) ;
#1555 = LINE ( 'NONE', #4242, #3820 ) ;
#1556 = ORIENTED_EDGE ( 'NONE', *, *, #4013, .T. ) ;
#1557 = CARTESIAN_POINT ( 'NONE',  ( 36.75000000000002132, -62.49999999999998579, 44.75000000000000000 ) ) ;
#1558 = DIRECTION ( 'NONE',  ( 0.000000000000000000, 0.000000000000000000, 1.000000000000000000 ) ) ;
#1559 = CARTESIAN_POINT ( 'NONE',  ( 45.00000000000000711, -55.00000000000000711, 45.00000000000000000 ) ) ;
#1560 = DIRECTION ( 'NONE',  ( 0.000000000000000000, -0.000000000000000000, -1.000000000000000000 ) ) ;
#1561 = VECTOR ( 'NONE', #4275, 1000.000000000000000 ) ;
#1562 = ORIENTED_EDGE ( 'NONE', *, *, #129, .T. ) ;
#1563 = ORIENTED_EDGE ( 'NONE', *, *, #3238, .F. ) ;
#1564 = CARTESIAN_POINT ( 'NONE',  ( 26.25000000000003553, -61.25000000000000711, 45.00000000000000000 ) ) ;
#1565 = CARTESIAN_POINT ( 'NONE',  ( 30.00000000000004619, -67.49999999999997158, 42.49999999999999289 ) ) ;
#1566 = VERTEX_POINT ( 'NONE', #4790 ) ;
#1567 = PLANE ( 'NONE',  #3914 ) ;
#1568 = ORIENTED_EDGE ( 'NONE', *, *, #3453, .T. ) ;
#1569 = CYLINDRICAL_SURFACE ( 'NONE', #3180, 3.750000000000003553 ) ;
#1570 = ORIENTED_EDGE ( 'NONE', *, *, #70, .F. ) ;
#1571 = EDGE_CURVE ( 'NONE', #2559, #1537, #561, .T. ) ;
#1572 = EDGE_CURVE ( 'NONE', #3420, #4250, #4372, .T. ) ;
#1573 = CARTESIAN_POINT ( 'NONE',  ( -12.00000000000000000, 57.50000000000000711, 20.00000000000000711 ) ) ;
#1574 = CARTESIAN_POINT ( 'NONE',  ( 38.00000000000002132, 68.50000000000001421, 43.69175359259426727 ) ) ;
#1575 = EDGE_LOOP ( 'NONE', ( #1734, #4226, #1262, #1405 ) ) ;
#1576 = CARTESIAN_POINT ( 'NONE',  ( -43.49999999999996447, 54.99999999999997868, 45.00000000000000000 ) ) ;
#1577 = LINE ( 'NONE', #2079, #4462 ) ;
#1578 = ORIENTED_EDGE ( 'NONE', *, *, #3459, .T. ) ;
#1579 = DIRECTION ( 'NONE',  ( -1.000000000000000000, -0.000000000000000000, -0.000000000000000000 ) ) ;
#1580 = VECTOR ( 'NONE', #777, 1000.000000000000000 ) ;
#1581 = EDGE_CURVE ( 'NONE', #1714, #125, #3129, .T. ) ;
#1582 = ORIENTED_EDGE ( 'NONE', *, *, #609, .F. ) ;
#1583 = AXIS2_PLACEMENT_3D ( 'NONE', #3615, #1763, #4715 ) ;
#1584 = CARTESIAN_POINT ( 'NONE',  ( 15.00000000000000000, 57.50000000000000711, 20.00000000000000000 ) ) ;
#1585 = VERTEX_POINT ( 'NONE', #4324 ) ;
#1586 = DIRECTION ( 'NONE',  ( -1.000000000000000000, 0.000000000000000000, 0.000000000000000000 ) ) ;
#1587 = EDGE_CURVE ( 'NONE', #3685, #570, #2301, .T. ) ;
#1588 = AXIS2_PLACEMENT_3D ( 'NONE', #4212, #820, #2330 ) ;
#1589 = CARTESIAN_POINT ( 'NONE',  ( 43.50000000000000711, -53.50000000000000711, 2.000000000000000000 ) ) ;
#1590 = VERTEX_POINT ( 'NONE', #2999 ) ;
#1591 = VECTOR ( 'NONE', #285, 1000.000000000000000 ) ;
#1592 = LINE ( 'NONE', #3869, #51 ) ;
#1593 = DIRECTION ( 'NONE',  ( -0.000000000000000000, -0.000000000000000000, -1.000000000000000000 ) ) ;
#1594 = ORIENTED_EDGE ( 'NONE', *, *, #2402, .T. ) ;
#1595 = CARTESIAN_POINT ( 'NONE',  ( 36.75000000000000711, 62.50000000000001421, 43.00000000000000000 ) ) ;
#1596 = EDGE_CURVE ( 'NONE', #756, #2643, #720, .T. ) ;
#1597 = AXIS2_PLACEMENT_3D ( 'NONE', #3133, #3450, #3429 ) ;
#1598 = AXIS2_PLACEMENT_3D ( 'NONE', #1006, #3261, #2538 ) ;
#1599 = EDGE_CURVE ( 'NONE', #3404, #963, #4228, .T. ) ;
#1600 = FACE_OUTER_BOUND ( 'NONE', #1666, .T. ) ;
#1601 = ORIENTED_EDGE ( 'NONE', *, *, #556, .F. ) ;
#1602 = FACE_BOUND ( 'NONE', #2494, .T. ) ;
#1603 = PLANE ( 'NONE',  #2003 ) ;
#1604 = DIRECTION ( 'NONE',  ( -0.000000000000000000, -0.000000000000000000, -1.000000000000000000 ) ) ;
#1605 = EDGE_CURVE ( 'NONE', #1932, #4480, #4450, .T. ) ;
#1606 = VERTEX_POINT ( 'NONE', #2651 ) ;
#1607 = ORIENTED_EDGE ( 'NONE', *, *, #4435, .F. ) ;
#1608 = EDGE_CURVE ( 'NONE', #2032, #3376, #744, .T. ) ;
#1609 = DIRECTION ( 'NONE',  ( -1.000000000000000000, 0.000000000000000000, 0.000000000000000000 ) ) ;
#1610 = VECTOR ( 'NONE', #1336, 1000.000000000000000 ) ;
#1611 = VECTOR ( 'NONE', #3780, 1000.000000000000000 ) ;
#1612 = CARTESIAN_POINT ( 'NONE',  ( 35.00000000000001421, 62.50000000000001421, 44.75000000000000000 ) ) ;
#1613 = ORIENTED_EDGE ( 'NONE', *, *, #4539, .T. ) ;
#1614 = DIRECTION ( 'NONE',  ( -0.7071067811865474617, 8.659560562354932858E-17, 0.7071067811865474617 ) ) ;
#1615 = ORIENTED_EDGE ( 'NONE', *, *, #3927, .F. ) ;
#1616 = CARTESIAN_POINT ( 'NONE',  ( -15.00000000000000000, -55.00000000000001421, -143.7228235180481022 ) ) ;
#1617 = ORIENTED_EDGE ( 'NONE', *, *, #1480, .F. ) ;
#1618 = DIRECTION ( 'NONE',  ( 1.000000000000000000, 0.000000000000000000, 0.000000000000000000 ) ) ;
#1619 = EDGE_CURVE ( 'NONE', #4011, #79, #4816, .T. ) ;
#1620 = DIRECTION ( 'NONE',  ( -1.000000000000000000, 0.000000000000000000, -0.000000000000000000 ) ) ;
#1621 = ORIENTED_EDGE ( 'NONE', *, *, #4642, .F. ) ;
#1622 = CARTESIAN_POINT ( 'NONE',  ( 41.33954646367551788, 58.37733333830382776, 31.62802923188407789 ) ) ;
#1623 = CARTESIAN_POINT ( 'NONE',  ( -43.74999999999998579, 57.50000000000000711, 29.21757569555956735 ) ) ;
#1624 = DIRECTION ( 'NONE',  ( -1.000000000000000000, 0.000000000000000000, 0.000000000000000000 ) ) ;
#1625 = CARTESIAN_POINT ( 'NONE',  ( 15.00000000000000000, -89.12277660168375348, 20.00000000000000000 ) ) ;
#1626 = EDGE_LOOP ( 'NONE', ( #1582, #985 ) ) ;
#1627 = DIRECTION ( 'NONE',  ( -0.000000000000000000, -0.000000000000000000, 1.000000000000000000 ) ) ;
#1628 = LINE ( 'NONE', #1211, #400 ) ;
#1629 = ORIENTED_EDGE ( 'NONE', *, *, #1170, .F. ) ;
#1630 = CARTESIAN_POINT ( 'NONE',  ( 43.75000000000003553, -61.25000000000000711, 45.00000000000000000 ) ) ;
#1631 = CIRCLE ( 'NONE', #1707, 3.349999999999998757 ) ;
#1632 = EDGE_CURVE ( 'NONE', #130, #2226, #2946, .T. ) ;
#1633 = VECTOR ( 'NONE', #2794, 1000.000000000000000 ) ;
#1634 = EDGE_CURVE ( 'NONE', #2393, #809, #1039, .T. ) ;
#1635 = ORIENTED_EDGE ( 'NONE', *, *, #4483, .T. ) ;
#1636 = CARTESIAN_POINT ( 'NONE',  ( -15.00000000000000000, -57.49999999999999289, 23.00000000000000711 ) ) ;
#1637 = EDGE_CURVE ( 'NONE', #839, #1431, #3175, .T. ) ;
#1638 = EDGE_LOOP ( 'NONE', ( #3416, #3382, #3132, #4369 ) ) ;
#1639 = DIRECTION ( 'NONE',  ( 1.000000000000000000, 0.000000000000000000, 0.000000000000000000 ) ) ;
#1640 = DIRECTION ( 'NONE',  ( 0.000000000000000000, 0.000000000000000000, -1.000000000000000000 ) ) ;
#1641 = EDGE_CURVE ( 'NONE', #3404, #3137, #1628, .T. ) ;
#1642 = CARTESIAN_POINT ( 'NONE',  ( 45.00000000000000711, 55.00000000000000000, -143.7228235180481022 ) ) ;
#1643 = ORIENTED_EDGE ( 'NONE', *, *, #2463, .T. ) ;
#1644 = DIRECTION ( 'NONE',  ( 0.000000000000000000, 1.000000000000000000, 0.000000000000000000 ) ) ;
#1645 = DIRECTION ( 'NONE',  ( 0.000000000000000000, 0.000000000000000000, -1.000000000000000000 ) ) ;
#1646 = FACE_OUTER_BOUND ( 'NONE', #3830, .T. ) ;
#1647 = ORIENTED_EDGE ( 'NONE', *, *, #636, .T. ) ;
#1648 = PLANE ( 'NONE',  #1732 ) ;
#1649 = LINE ( 'NONE', #2388, #2842 ) ;
#1650 = VERTEX_POINT ( 'NONE', #838 ) ;
#1651 = CIRCLE ( 'NONE', #4495, 3.749999999999996447 ) ;
#1652 = DIRECTION ( 'NONE',  ( 1.000000000000000000, 0.000000000000000000, -0.000000000000000000 ) ) ;
#1653 = LINE ( 'NONE', #3911, #3882 ) ;
#1654 = EDGE_CURVE ( 'NONE', #2517, #4677, #1649, .T. ) ;
#1655 = EDGE_LOOP ( 'NONE', ( #1613, #1502, #4449, #1904, #31, #3082, #817, #1178, #3392, #3268 ) ) ;
#1656 = ADVANCED_FACE ( 'NONE', ( #502 ), #2739, .F. ) ;
#1657 = DIRECTION ( 'NONE',  ( 0.000000000000000000, 1.000000000000000000, 1.577021341797097560E-16 ) ) ;
#1658 = VECTOR ( 'NONE', #1097, 1000.000000000000114 ) ;
#1659 = ORIENTED_EDGE ( 'NONE', *, *, #844, .T. ) ;
#1660 = DIRECTION ( 'NONE',  ( -1.000000000000000000, 0.000000000000000000, 0.000000000000000000 ) ) ;
#1661 = CYLINDRICAL_SURFACE ( 'NONE', #2969, 3.000000000000002665 ) ;
#1662 = CARTESIAN_POINT ( 'NONE',  ( 21.75000000000001066, 40.55000000000002558, -0.001000000000017913643 ) ) ;
#1663 = EDGE_CURVE ( 'NONE', #607, #2283, #908, .T. ) ;
#1664 = VECTOR ( 'NONE', #3236, 1000.000000000000000 ) ;
#1665 = CARTESIAN_POINT ( 'NONE',  ( -47.49999999999997868, -52.50000000000001421, 45.00000000000000000 ) ) ;
#1666 = EDGE_LOOP ( 'NONE', ( #85, #4451, #3778, #3552 ) ) ;
#1667 = FACE_BOUND ( 'NONE', #524, .T. ) ;
#1668 = DIRECTION ( 'NONE',  ( 1.000000000000000000, 0.000000000000000000, 0.000000000000000000 ) ) ;
#1669 = DIRECTION ( 'NONE',  ( -0.000000000000000000, 1.000000000000000000, 1.577021341797097314E-16 ) ) ;
#1670 = CARTESIAN_POINT ( 'NONE',  ( 30.00000000000002842, 61.25000000000002132, -20.15564437074637993 ) ) ;
#1671 = VERTEX_POINT ( 'NONE', #3864 ) ;
#1672 = DIRECTION ( 'NONE',  ( -1.000000000000000000, -0.000000000000000000, -0.000000000000000000 ) ) ;
#1673 = DIRECTION ( 'NONE',  ( 0.000000000000000000, -1.734723475976806108E-16, 1.000000000000000000 ) ) ;
#1674 = ORIENTED_EDGE ( 'NONE', *, *, #84, .T. ) ;
#1675 = LINE ( 'NONE', #461, #2414 ) ;
#1676 = ADVANCED_FACE ( 'NONE', ( #2019 ), #3078, .F. ) ;
#1677 = ORIENTED_EDGE ( 'NONE', *, *, #4725, .T. ) ;
#1678 = DIRECTION ( 'NONE',  ( -1.000000000000000000, 0.000000000000000000, 0.000000000000000000 ) ) ;
#1679 = AXIS2_PLACEMENT_3D ( 'NONE', #1106, #4079, #2608 ) ;
#1680 = ADVANCED_FACE ( 'NONE', ( #3510 ), #2696, .F. ) ;
#1681 = EDGE_LOOP ( 'NONE', ( #1188, #3533, #4340, #4759 ) ) ;
#1682 = LINE ( 'NONE', #3540, #3108 ) ;
#1683 = CARTESIAN_POINT ( 'NONE',  ( 47.50000000000001421, -53.75000000000000000, 45.00000000000000000 ) ) ;
#1684 = VECTOR ( 'NONE', #4570, 1000.000000000000000 ) ;
#1685 = CARTESIAN_POINT ( 'NONE',  ( -44.99999999999999289, 54.99999999999997868, 3.500000000000000000 ) ) ;
#1686 = CIRCLE ( 'NONE', #4762, 2.999999999999999112 ) ;
#1687 = EDGE_CURVE ( 'NONE', #695, #4843, #2763, .T. ) ;
#1688 = DIRECTION ( 'NONE',  ( 0.000000000000000000, 0.000000000000000000, -1.000000000000000000 ) ) ;
#1689 = VERTEX_POINT ( 'NONE', #1279 ) ;
#1690 = CARTESIAN_POINT ( 'NONE',  ( 43.50000000000000711, 53.50000000000000000, 3.500000000000000000 ) ) ;
#1691 = LINE ( 'NONE', #2191, #3750 ) ;
#1692 = DIRECTION ( 'NONE',  ( 0.000000000000000000, 1.000000000000000000, 1.577021341797097067E-16 ) ) ;
#1693 = STYLED_ITEM ( 'NONE', ( #4179 ), #1481 ) ;
#1694 = AXIS2_PLACEMENT_3D ( 'NONE', #3250, #3324, #4378 ) ;
#1695 = CARTESIAN_POINT ( 'NONE',  ( 43.50000000000000711, -53.50000000000000711, 3.500000000000000000 ) ) ;
#1696 = DIRECTION ( 'NONE',  ( -0.000000000000000000, -0.000000000000000000, -1.000000000000000000 ) ) ;
#1697 = ORIENTED_EDGE ( 'NONE', *, *, #415, .T. ) ;
#1698 = FACE_OUTER_BOUND ( 'NONE', #4407, .T. ) ;
#1699 = LINE ( 'NONE', #4784, #1664 ) ;
#1700 = EDGE_LOOP ( 'NONE', ( #1635, #785, #4741 ) ) ;
#1701 = CARTESIAN_POINT ( 'NONE',  ( -37.99999999999997868, -62.49999999999998579, 36.54123203702889811 ) ) ;
#1702 = ORIENTED_EDGE ( 'NONE', *, *, #4085, .F. ) ;
#1703 = ORIENTED_EDGE ( 'NONE', *, *, #1509, .T. ) ;
#1704 = ORIENTED_EDGE ( 'NONE', *, *, #4353, .F. ) ;
#1705 = AXIS2_PLACEMENT_3D ( 'NONE', #2699, #1167, #4575 ) ;
#1706 = CYLINDRICAL_SURFACE ( 'NONE', #3802, 3.749999999999996447 ) ;
#1707 = AXIS2_PLACEMENT_3D ( 'NONE', #2602, #1960, #4852 ) ;
#1708 = ORIENTED_EDGE ( 'NONE', *, *, #4175, .F. ) ;
#1709 = LINE ( 'NONE', #2445, #4841 ) ;
#1710 = AXIS2_PLACEMENT_3D ( 'NONE', #3584, #4600, #1609 ) ;
#1711 = DIRECTION ( 'NONE',  ( -1.000000000000000000, 0.000000000000000000, 0.000000000000000000 ) ) ;
#1712 = DIRECTION ( 'NONE',  ( -1.000000000000000000, 0.000000000000000000, 0.000000000000000000 ) ) ;
#1713 = DIRECTION ( 'NONE',  ( 0.000000000000000000, -1.000000000000000000, -1.577021341797097067E-16 ) ) ;
#1714 = VERTEX_POINT ( 'NONE', #3931 ) ;
#1715 = ADVANCED_FACE ( 'NONE', ( #4573 ), #1187, .F. ) ;
#1716 = EDGE_CURVE ( 'NONE', #3059, #557, #3466, .T. ) ;
#1717 = CARTESIAN_POINT ( 'NONE',  ( 40.00000000000000711, 62.50000000000001421, 36.54123203702893363 ) ) ;
#1718 = CARTESIAN_POINT ( 'NONE',  ( 18.91666666666656837, 43.38333333333343234, -1.233333333333294979 ) ) ;
#1719 = AXIS2_PLACEMENT_3D ( 'NONE', #4696, #4354, #1688 ) ;
#1720 = DIRECTION ( 'NONE',  ( 0.000000000000000000, 0.000000000000000000, 1.000000000000000000 ) ) ;
#1721 = LINE ( 'NONE', #4703, #515 ) ;
#1722 = CARTESIAN_POINT ( 'NONE',  ( -12.00000000000000000, -55.00000000000001421, 27.00000000000001066 ) ) ;
#1723 = VERTEX_POINT ( 'NONE', #2912 ) ;
#1724 = DIRECTION ( 'NONE',  ( 0.7071067811865314745, 2.886199372580403421E-16, -0.7071067811865635599 ) ) ;
#1725 = CARTESIAN_POINT ( 'NONE',  ( -33.24999999999998579, -62.49999999999998579, 43.00000000000000000 ) ) ;
#1726 = ORIENTED_EDGE ( 'NONE', *, *, #1444, .F. ) ;
#1727 = CARTESIAN_POINT ( 'NONE',  ( -44.99999999999999289, 53.49999999999997868, 44.99999999999998579 ) ) ;
#1728 = ADVANCED_FACE ( 'NONE', ( #204 ), #2830, .T. ) ;
#1729 = APPLICATION_PROTOCOL_DEFINITION ( 'draft international standard', 'automotive_design', 1998, #115 ) ;
#1730 = VERTEX_POINT ( 'NONE', #3582 ) ;
#1731 = ORIENTED_EDGE ( 'NONE', *, *, #733, .F. ) ;
#1732 = AXIS2_PLACEMENT_3D ( 'NONE', #3033, #152, #1518 ) ;
#1733 = DIRECTION ( 'NONE',  ( 1.000000000000000000, 0.000000000000000000, 0.000000000000000000 ) ) ;
#1734 = ORIENTED_EDGE ( 'NONE', *, *, #2636, .T. ) ;
#1735 = AXIS2_PLACEMENT_3D ( 'NONE', #47, #1627, #1546 ) ;
#1736 = CARTESIAN_POINT ( 'NONE',  ( 40.47626361598203459, 59.10171365740509231, 32.49131207957755407 ) ) ;
#1737 = EDGE_LOOP ( 'NONE', ( #3451, #913, #3668, #585 ) ) ;
#1738 = CARTESIAN_POINT ( 'NONE',  ( -41.33954646367548236, -58.37733333830381355, 31.62802923188405657 ) ) ;
#1739 = DIRECTION ( 'NONE',  ( -4.081702296416016983E-16, 1.000000000000000000, 0.000000000000000000 ) ) ;
#1740 = VECTOR ( 'NONE', #2059, 1000.000000000000000 ) ;
#1741 = CARTESIAN_POINT ( 'NONE',  ( -39.99999999999997158, -62.49999999999998579, 36.54123203702889811 ) ) ;
#1742 = VECTOR ( 'NONE', #671, 1000.000000000000000 ) ;
#1743 = VERTEX_POINT ( 'NONE', #552 ) ;
#1744 = LINE ( 'NONE', #3229, #141 ) ;
#1745 = FACE_OUTER_BOUND ( 'NONE', #2542, .T. ) ;
#1746 = CARTESIAN_POINT ( 'NONE',  ( 47.50000000000001421, -34.00000000000002842, 23.00000000000000000 ) ) ;
#1747 = EDGE_CURVE ( 'NONE', #2005, #1017, #1699, .T. ) ;
#1748 = EDGE_CURVE ( 'NONE', #4697, #3685, #1351, .T. ) ;
#1749 = FACE_OUTER_BOUND ( 'NONE', #2262, .T. ) ;
#1750 = DIRECTION ( 'NONE',  ( -0.000000000000000000, 0.000000000000000000, -1.000000000000000000 ) ) ;
#1751 = ORIENTED_EDGE ( 'NONE', *, *, #458, .F. ) ;
#1752 = CARTESIAN_POINT ( 'NONE',  ( -43.74999999999999289, 53.75000000000002132, 0.3999999999999975797 ) ) ;
#1753 = FACE_OUTER_BOUND ( 'NONE', #3661, .T. ) ;
#1754 = EDGE_LOOP ( 'NONE', ( #743, #3834, #1708, #116 ) ) ;
#1755 = CYLINDRICAL_SURFACE ( 'NONE', #1955, 2.999999999999999112 ) ;
#1756 = EDGE_CURVE ( 'NONE', #4184, #2255, #1759, .T. ) ;
#1757 = AXIS2_PLACEMENT_3D ( 'NONE', #1451, #4517, #1135 ) ;
#1758 = EDGE_LOOP ( 'NONE', ( #3270, #3210, #1305, #2898 ) ) ;
#1759 = CIRCLE ( 'NONE', #2304, 4.999999999999990230 ) ;
#1760 = EDGE_LOOP ( 'NONE', ( #4685, #3218, #1141, #3171 ) ) ;
#1761 = EDGE_CURVE ( 'NONE', #2331, #2151, #150, .T. ) ;
#1762 = VERTEX_POINT ( 'NONE', #1725 ) ;
#1763 = DIRECTION ( 'NONE',  ( -1.000000000000000000, -2.792311430143752197E-16, -0.000000000000000000 ) ) ;
#1764 =( BOUNDED_CURVE ( )  B_SPLINE_CURVE ( 3, ( #169, #1344, #4019, #1717 ),
 .UNSPECIFIED., .F., .F. ) 
 B_SPLINE_CURVE_WITH_KNOTS ( ( 4, 4 ),
 ( 4.712388980384689674, 7.853981633974482790 ),
 .UNSPECIFIED. ) 
 CURVE ( )  GEOMETRIC_REPRESENTATION_ITEM ( )  RATIONAL_B_SPLINE_CURVE ( ( 1.000000000000000000, 0.3333333333333333703, 0.3333333333333333703, 1.000000000000000000 ) ) 
 REPRESENTATION_ITEM ( '' )  );
#1765 = EDGE_CURVE ( 'NONE', #3742, #4847, #4271, .T. ) ;
#1766 = ORIENTED_EDGE ( 'NONE', *, *, #2770, .F. ) ;
#1767 = DIRECTION ( 'NONE',  ( -0.000000000000000000, -0.000000000000000000, 1.000000000000000000 ) ) ;
#1768 = CARTESIAN_POINT ( 'NONE',  ( -45.00000000000000000, 30.14999999999999147, 45.00000000000000000 ) ) ;
#1769 = VECTOR ( 'NONE', #855, 1000.000000000000000 ) ;
#1770 = CARTESIAN_POINT ( 'NONE',  ( 41.33954646367553210, -58.37733333830381355, 31.62802923188406368 ) ) ;
#1771 = ORIENTED_EDGE ( 'NONE', *, *, #188, .F. ) ;
#1772 = FACE_OUTER_BOUND ( 'NONE', #3155, .T. ) ;
#1773 = ADVANCED_FACE ( 'NONE', ( #2092 ), #3289, .T. ) ;
#1774 = CARTESIAN_POINT ( 'NONE',  ( -40.00000000000000000, -67.49999999999998579, 42.50000000000001421 ) ) ;
#1775 = DIRECTION ( 'NONE',  ( 1.000000000000000000, 0.000000000000000000, 0.000000000000000000 ) ) ;
#1776 = DIRECTION ( 'NONE',  ( -0.000000000000000000, -0.000000000000000000, -1.000000000000000000 ) ) ;
#1777 = DIRECTION ( 'NONE',  ( 0.000000000000000000, 0.6427876096865354771, 0.7660444431189811221 ) ) ;
#1778 = VERTEX_POINT ( 'NONE', #4416 ) ;
#1779 = CARTESIAN_POINT ( 'NONE',  ( -44.99999999999999289, -55.00000000000002132, 45.00000000000000000 ) ) ;
#1780 = CARTESIAN_POINT ( 'NONE',  ( -34.99999999999997868, -62.49999999999998579, 45.00000000000000000 ) ) ;
#1781 = ORIENTED_EDGE ( 'NONE', *, *, #3002, .T. ) ;
#1782 = AXIS2_PLACEMENT_3D ( 'NONE', #2952, #2579, #2309 ) ;
#1783 = DIRECTION ( 'NONE',  ( -1.000000000000000000, 0.000000000000000000, 0.000000000000000000 ) ) ;
#1784 = PRODUCT_CONTEXT ( 'NONE', #4424, 'mechanical' ) ;
#1785 = ORIENTED_EDGE ( 'NONE', *, *, #1322, .F. ) ;
#1786 = ORIENTED_EDGE ( 'NONE', *, *, #3130, .F. ) ;
#1787 = VERTEX_POINT ( 'NONE', #230 ) ;
#1788 = CARTESIAN_POINT ( 'NONE',  ( 40.00000000000001421, 60.12306427786543850, 33.70851035080951164 ) ) ;
#1789 = VERTEX_POINT ( 'NONE', #2887 ) ;
#1790 = CYLINDRICAL_SURFACE ( 'NONE', #3159, 1.749999999999987566 ) ;
#1791 = DIRECTION ( 'NONE',  ( 0.000000000000000000, 0.000000000000000000, 1.000000000000000000 ) ) ;
#1792 = CARTESIAN_POINT ( 'NONE',  ( -43.50000000000000711, -52.50000000000001421, 45.00000000000000000 ) ) ;
#1793 = AXIS2_PLACEMENT_3D ( 'NONE', #2006, #845, #866 ) ;
#1794 = ADVANCED_FACE ( 'NONE', ( #1753 ), #2516, .F. ) ;
#1795 = DIRECTION ( 'NONE',  ( -1.000000000000000000, 0.000000000000000000, 0.000000000000000000 ) ) ;
#1796 = ORIENTED_EDGE ( 'NONE', *, *, #417, .F. ) ;
#1797 = VECTOR ( 'NONE', #2769, 1000.000000000000000 ) ;
#1798 = CARTESIAN_POINT ( 'NONE',  ( -47.50099999999999056, -67.49999999999997158, 42.49999999999999289 ) ) ;
#1799 = ADVANCED_FACE ( 'NONE', ( #1035 ), #4391, .F. ) ;
#1800 = CARTESIAN_POINT ( 'NONE',  ( -41.33954646367546104, 58.37733333830383486, 31.62802923188407078 ) ) ;
#1801 = DIRECTION ( 'NONE',  ( 0.000000000000000000, 0.000000000000000000, 1.000000000000000000 ) ) ;
#1802 = DIRECTION ( 'NONE',  ( -0.000000000000000000, 0.000000000000000000, 1.000000000000000000 ) ) ;
#1803 = EDGE_LOOP ( 'NONE', ( #344, #3389, #4835, #2411 ) ) ;
#1804 = DIRECTION ( 'NONE',  ( 2.792311430143755648E-16, 1.000000000000000000, 0.000000000000000000 ) ) ;
#1805 = CARTESIAN_POINT ( 'NONE',  ( 35.00000000000001421, 62.50000000000001421, 45.00000000000000000 ) ) ;
#1806 = ORIENTED_EDGE ( 'NONE', *, *, #3030, .F. ) ;
#1807 = DIRECTION ( 'NONE',  ( 0.000000000000000000, 0.000000000000000000, 1.000000000000000000 ) ) ;
#1808 = ORIENTED_EDGE ( 'NONE', *, *, #4015, .T. ) ;
#1809 = ORIENTED_EDGE ( 'NONE', *, *, #3657, .T. ) ;
#1810 = EDGE_LOOP ( 'NONE', ( #3989, #4164, #440, #2335 ) ) ;
#1811 = EDGE_CURVE ( 'NONE', #3753, #2514, #2041, .T. ) ;
#1812 = LINE ( 'NONE', #3321, #1742 ) ;
#1813 = ORIENTED_EDGE ( 'NONE', *, *, #4794, .T. ) ;
#1814 = DIRECTION ( 'NONE',  ( 0.000000000000000000, 1.000000000000000000, 6.308085367188390241E-16 ) ) ;
#1815 = FACE_OUTER_BOUND ( 'NONE', #4782, .T. ) ;
#1816 = CIRCLE ( 'NONE', #3628, 1.749999999999987566 ) ;
#1817 = AXIS2_PLACEMENT_3D ( 'NONE', #3359, #2616, #3383 ) ;
#1818 = FACE_OUTER_BOUND ( 'NONE', #1972, .T. ) ;
#1819 = VERTEX_POINT ( 'NONE', #932 ) ;
#1820 = CARTESIAN_POINT ( 'NONE',  ( 47.50000000000001421, -31.00000000000003197, 20.00000000000000000 ) ) ;
#1821 = EDGE_CURVE ( 'NONE', #161, #3038, #2806, .T. ) ;
#1822 = FACE_OUTER_BOUND ( 'NONE', #21, .T. ) ;
#1823 = CARTESIAN_POINT ( 'NONE',  ( -29.99999999999998224, -60.12306427786541008, 33.70851035080948321 ) ) ;
#1824 = AXIS2_PLACEMENT_3D ( 'NONE', #3081, #4576, #842 ) ;
#1825 = FACE_OUTER_BOUND ( 'NONE', #3197, .T. ) ;
#1826 = LINE ( 'NONE', #3044, #3654 ) ;
#1827 = ORIENTED_EDGE ( 'NONE', *, *, #1748, .T. ) ;
#1828 = CARTESIAN_POINT ( 'NONE',  ( -47.49999999999997868, 30.14999999999999147, 2.000000000000001776 ) ) ;
#1829 = FACE_OUTER_BOUND ( 'NONE', #2972, .T. ) ;
#1830 = VERTEX_POINT ( 'NONE', #1530 ) ;
#1831 = CARTESIAN_POINT ( 'NONE',  ( 32.00000000000001421, 62.50000000000001421, 53.48528137423858198 ) ) ;
#1832 = VECTOR ( 'NONE', #787, 1000.000000000000000 ) ;
#1833 = ORIENTED_EDGE ( 'NONE', *, *, #70, .T. ) ;
#1834 = ORIENTED_EDGE ( 'NONE', *, *, #927, .F. ) ;
#1835 = ORIENTED_EDGE ( 'NONE', *, *, #767, .F. ) ;
#1836 = EDGE_CURVE ( 'NONE', #2416, #3559, #1266, .T. ) ;
#1837 = CARTESIAN_POINT ( 'NONE',  ( 47.50000000000001421, 42.49999999999999289, 34.99999999999999289 ) ) ;
#1838 = VECTOR ( 'NONE', #4337, 1000.000000000000000 ) ;
#1839 = ORIENTED_EDGE ( 'NONE', *, *, #3560, .T. ) ;
#1840 = CARTESIAN_POINT ( 'NONE',  ( 45.00000000000001421, -31.00000000000003197, 30.00000000000000355 ) ) ;
#1841 = DIRECTION ( 'NONE',  ( -1.000000000000000000, 0.000000000000000000, 0.000000000000000000 ) ) ;
#1842 = VECTOR ( 'NONE', #3648, 1000.000000000000000 ) ;
#1843 = DIRECTION ( 'NONE',  ( 0.000000000000000000, -1.000000000000000000, 0.000000000000000000 ) ) ;
#1844 = EDGE_LOOP ( 'NONE', ( #178, #922, #3344, #2732 ) ) ;
#1845 = CARTESIAN_POINT ( 'NONE',  ( -15.00000000000000000, -57.49999999999999289, 20.00000000000000711 ) ) ;
#1846 = ADVANCED_FACE ( 'NONE', ( #1829 ), #2615, .T. ) ;
#1847 = PLANE ( 'NONE',  #1531 ) ;
#1848 = CARTESIAN_POINT ( 'NONE',  ( -29.52373638401795830, -59.10171365740507099, 32.49131207957752565 ) ) ;
#1849 = ADVANCED_FACE ( 'NONE', ( #2170 ), #1504, .F. ) ;
#1850 = CARTESIAN_POINT ( 'NONE',  ( 47.10000000000001563, -53.75000000000000000, 0.000000000000000000 ) ) ;
#1851 = ORIENTED_EDGE ( 'NONE', *, *, #915, .F. ) ;
#1852 = DIRECTION ( 'NONE',  ( 0.000000000000000000, 0.000000000000000000, -1.000000000000000000 ) ) ;
#1853 = CARTESIAN_POINT ( 'NONE',  ( -3.500000000000003109, -55.00000000000001421, 38.00000000000000711 ) ) ;
#1854 = EDGE_LOOP ( 'NONE', ( #4286, #4618, #3127, #3304 ) ) ;
#1855 = DIRECTION ( 'NONE',  ( 0.000000000000000000, 0.000000000000000000, 1.000000000000000000 ) ) ;
#1856 = EDGE_CURVE ( 'NONE', #1089, #3793, #2966, .T. ) ;
#1857 = ORIENTED_EDGE ( 'NONE', *, *, #1581, .F. ) ;
#1858 = ORIENTED_EDGE ( 'NONE', *, *, #1856, .F. ) ;
#1859 = ORIENTED_EDGE ( 'NONE', *, *, #3535, .T. ) ;
#1860 = EDGE_CURVE ( 'NONE', #2903, #3559, #1160, .T. ) ;
#1861 = AXIS2_PLACEMENT_3D ( 'NONE', #707, #681, #3042 ) ;
#1862 = CARTESIAN_POINT ( 'NONE',  ( -12.00000000000000000, 57.50000000000000711, 23.00000000000000711 ) ) ;
#1863 = ORIENTED_EDGE ( 'NONE', *, *, #2991, .T. ) ;
#1864 = LINE ( 'NONE', #1124, #3395 ) ;
#1865 = CARTESIAN_POINT ( 'NONE',  ( -29.99999999999999289, -62.49999999999998579, 45.00000000000000000 ) ) ;
#1866 = DIRECTION ( 'NONE',  ( -1.000000000000000000, 0.000000000000000000, 0.000000000000000000 ) ) ;
#1867 = ORIENTED_EDGE ( 'NONE', *, *, #3972, .T. ) ;
#1868 = CARTESIAN_POINT ( 'NONE',  ( -15.00000000000000000, -89.12277660168375348, 30.00000000000001066 ) ) ;
#1869 = FACE_OUTER_BOUND ( 'NONE', #1064, .T. ) ;
#1870 = DIRECTION ( 'NONE',  ( -1.000000000000000000, -2.312964634635742957E-16, 2.312964634635742957E-16 ) ) ;
#1871 = VECTOR ( 'NONE', #67, 1000.000000000000000 ) ;
#1872 = DIRECTION ( 'NONE',  ( 1.000000000000000000, 1.541976423090495387E-16, -0.000000000000000000 ) ) ;
#1873 = EDGE_CURVE ( 'NONE', #4137, #4756, #1455, .T. ) ;
#1874 = FACE_OUTER_BOUND ( 'NONE', #2249, .T. ) ;
#1875 = VERTEX_POINT ( 'NONE', #1853 ) ;
#1876 = CARTESIAN_POINT ( 'NONE',  ( 47.50000000000001421, 57.50000000000000711, 45.00000000000000000 ) ) ;
#1877 = FACE_OUTER_BOUND ( 'NONE', #1760, .T. ) ;
#1878 = AXIS2_PLACEMENT_3D ( 'NONE', #3982, #4445, #2094 ) ;
#1879 = ORIENTED_EDGE ( 'NONE', *, *, #4066, .T. ) ;
#1880 = LINE ( 'NONE', #1831, #489 ) ;
#1881 = EDGE_LOOP ( 'NONE', ( #4239, #4296, #1058, #3365 ) ) ;
#1882 = ORIENTED_EDGE ( 'NONE', *, *, #3145, .F. ) ;
#1883 = ORIENTED_EDGE ( 'NONE', *, *, #1288, .T. ) ;
#1884 = EDGE_CURVE ( 'NONE', #865, #3489, #4889, .T. ) ;
#1885 = LINE ( 'NONE', #3057, #1871 ) ;
#1886 = AXIS2_PLACEMENT_3D ( 'NONE', #948, #2450, #1293 ) ;
#1887 = FACE_OUTER_BOUND ( 'NONE', #3688, .T. ) ;
#1888 = ORIENTED_EDGE ( 'NONE', *, *, #303, .F. ) ;
#1889 = CARTESIAN_POINT ( 'NONE',  ( -41.33954646367546104, 58.37733333830383486, 31.62802923188407078 ) ) ;
#1890 = CARTESIAN_POINT ( 'NONE',  ( 43.75000000000002132, -53.75000000000000000, 0.000000000000000000 ) ) ;
#1891 = DIRECTION ( 'NONE',  ( 0.000000000000000000, -1.000000000000000000, -0.000000000000000000 ) ) ;
#1892 = EDGE_LOOP ( 'NONE', ( #3767, #1040, #2116, #448 ) ) ;
#1893 = AXIS2_PLACEMENT_3D ( 'NONE', #3710, #712, #1898 ) ;
#1894 = CARTESIAN_POINT ( 'NONE',  ( 42.85913238079176324, 57.50000000000000711, 30.10844331476782898 ) ) ;
#1895 = VECTOR ( 'NONE', #3328, 1000.000000000000000 ) ;
#1896 = LINE ( 'NONE', #3381, #811 ) ;
#1897 = ORIENTED_EDGE ( 'NONE', *, *, #733, .T. ) ;
#1898 = DIRECTION ( 'NONE',  ( -1.000000000000000000, 0.000000000000000000, 0.000000000000000000 ) ) ;
#1899 = DIRECTION ( 'NONE',  ( 1.000000000000000000, -0.000000000000000000, 0.000000000000000000 ) ) ;
#1900 = VERTEX_POINT ( 'NONE', #1138 ) ;
#1901 = AXIS2_PLACEMENT_3D ( 'NONE', #4554, #1168, #1 ) ;
#1902 = CARTESIAN_POINT ( 'NONE',  ( 40.00000000000000711, 67.49999999999997158, 42.49999999999999289 ) ) ;
#1903 = EDGE_CURVE ( 'NONE', #4221, #1714, #3762, .T. ) ;
#1904 = ORIENTED_EDGE ( 'NONE', *, *, #3048, .F. ) ;
#1905 = ORIENTED_EDGE ( 'NONE', *, *, #509, .F. ) ;
#1906 = CARTESIAN_POINT ( 'NONE',  ( -34.99999999999997868, -62.49999999999998579, 43.00000000000000000 ) ) ;
#1907 = ORIENTED_EDGE ( 'NONE', *, *, #3936, .T. ) ;
#1908 = CARTESIAN_POINT ( 'NONE',  ( -37.99999999999997868, -62.49999999999998579, 36.54123203702889811 ) ) ;
#1909 = VECTOR ( 'NONE', #4845, 1000.000000000000000 ) ;
#1910 = CARTESIAN_POINT ( 'NONE',  ( 8.566666666666682417, 35.86666666666668846, -4.283333333333336768 ) ) ;
#1911 = EDGE_CURVE ( 'NONE', #3358, #3319, #3736, .T. ) ;
#1912 = ORIENTED_EDGE ( 'NONE', *, *, #3032, .F. ) ;
#1913 = CARTESIAN_POINT ( 'NONE',  ( 21.75000000000001066, 49.05000000000002558, 0.3999999999999976352 ) ) ;
#1914 = EDGE_CURVE ( 'NONE', #4011, #3420, #3726, .T. ) ;
#1915 = CARTESIAN_POINT ( 'NONE',  ( 40.00000000000000711, 0.000000000000000000, 45.00000000000000000 ) ) ;
#1916 = AXIS2_PLACEMENT_3D ( 'NONE', #1642, #4220, #4565 ) ;
#1917 = AXIS2_PLACEMENT_3D ( 'NONE', #74, #1593, #2683 ) ;
#1918 = VECTOR ( 'NONE', #1777, 1000.000000000000114 ) ;
#1919 = EDGE_CURVE ( 'NONE', #59, #2331, #4057, .T. ) ;
#1920 = VECTOR ( 'NONE', #929, 1000.000000000000000 ) ;
#1921 = DIRECTION ( 'NONE',  ( 0.000000000000000000, 0.000000000000000000, 1.000000000000000000 ) ) ;
#1922 = EDGE_LOOP ( 'NONE', ( #3962, #414, #1356, #145 ) ) ;
#1923 = CARTESIAN_POINT ( 'NONE',  ( -44.99999999999999289, -52.50000000000001421, -143.7228235180481022 ) ) ;
#1924 = ADVANCED_FACE ( 'NONE', ( #1877 ), #3360, .F. ) ;
#1925 = CARTESIAN_POINT ( 'NONE',  ( 22.15000000000000924, 49.45000000000002416, 0.000000000000000000 ) ) ;
#1926 = VERTEX_POINT ( 'NONE', #382 ) ;
#1927 = DIRECTION ( 'NONE',  ( 0.000000000000000000, -1.000000000000000000, 0.000000000000000000 ) ) ;
#1928 = DIRECTION ( 'NONE',  ( 1.000000000000000000, 0.000000000000000000, 0.000000000000000000 ) ) ;
#1929 = VECTOR ( 'NONE', #191, 1000.000000000000000 ) ;
#1930 = VERTEX_POINT ( 'NONE', #4161 ) ;
#1931 = DIRECTION ( 'NONE',  ( 0.000000000000000000, 1.000000000000000000, 0.000000000000000000 ) ) ;
#1932 = VERTEX_POINT ( 'NONE', #2990 ) ;
#1933 = VECTOR ( 'NONE', #3883, 1000.000000000000000 ) ;
#1934 = VERTEX_POINT ( 'NONE', #4492 ) ;
#1935 = CARTESIAN_POINT ( 'NONE',  ( -47.49999999999998579, 53.75000000000002132, 0.3999999999999975797 ) ) ;
#1936 = DIRECTION ( 'NONE',  ( -1.000000000000000000, 0.000000000000000000, 0.000000000000000000 ) ) ;
#1937 = ORIENTED_EDGE ( 'NONE', *, *, #4446, .F. ) ;
#1938 = EDGE_CURVE ( 'NONE', #1017, #2559, #4135, .T. ) ;
#1939 = DIRECTION ( 'NONE',  ( -0.000000000000000000, -0.000000000000000000, -1.000000000000000000 ) ) ;
#1940 = CARTESIAN_POINT ( 'NONE',  ( 32.00000000000002842, -62.49999999999998579, 36.54123203702889811 ) ) ;
#1941 = VECTOR ( 'NONE', #778, 1000.000000000000000 ) ;
#1942 = ORIENTED_EDGE ( 'NONE', *, *, #2876, .T. ) ;
#1943 = DIRECTION ( 'NONE',  ( 0.000000000000000000, 0.000000000000000000, 1.000000000000000000 ) ) ;
#1944 = EDGE_LOOP ( 'NONE', ( #1882, #1987, #2052, #691 ) ) ;
#1945 = LINE ( 'NONE', #3067, #892 ) ;
#1946 = EDGE_CURVE ( 'NONE', #130, #3191, #3384, .T. ) ;
#1947 = DIRECTION ( 'NONE',  ( 0.000000000000000000, 0.000000000000000000, -1.000000000000000000 ) ) ;
#1948 = ORIENTED_EDGE ( 'NONE', *, *, #1250, .F. ) ;
#1949 = DIRECTION ( 'NONE',  ( 0.000000000000000000, 0.000000000000000000, 1.000000000000000000 ) ) ;
#1950 = LINE ( 'NONE', #3919, #3055 ) ;
#1951 = CARTESIAN_POINT ( 'NONE',  ( -31.99999999999997158, 62.50000000000001421, 36.54123203702892653 ) ) ;
#1952 = DIRECTION ( 'NONE',  ( 0.000000000000000000, 0.000000000000000000, 1.000000000000000000 ) ) ;
#1953 = CIRCLE ( 'NONE', #4695, 3.750000000000003553 ) ;
#1954 = ORIENTED_EDGE ( 'NONE', *, *, #437, .F. ) ;
#1955 = AXIS2_PLACEMENT_3D ( 'NONE', #4419, #989, #1807 ) ;
#1956 = DIRECTION ( 'NONE',  ( 2.040851148208008491E-16, -1.000000000000000000, 0.000000000000000000 ) ) ;
#1957 = ORIENTED_EDGE ( 'NONE', *, *, #1208, .T. ) ;
#1958 = CARTESIAN_POINT ( 'NONE',  ( -43.50000000000000000, -30.15000000000000568, 2.000000000000000000 ) ) ;
#1959 = ORIENTED_EDGE ( 'NONE', *, *, #3427, .T. ) ;
#1960 = DIRECTION ( 'NONE',  ( 0.000000000000000000, 0.000000000000000000, -1.000000000000000000 ) ) ;
#1961 = EDGE_CURVE ( 'NONE', #1343, #3424, #18, .T. ) ;
#1962 = EDGE_CURVE ( 'NONE', #4454, #1331, #1120, .T. ) ;
#1963 = ADVANCED_FACE ( 'NONE', ( #4084 ), #4202, .F. ) ;
#1964 = ORIENTED_EDGE ( 'NONE', *, *, #2687, .T. ) ;
#1965 = DIRECTION ( 'NONE',  ( 0.000000000000000000, -1.000000000000000000, 0.000000000000000000 ) ) ;
#1966 = ORIENTED_EDGE ( 'NONE', *, *, #3876, .F. ) ;
#1967 = DIRECTION ( 'NONE',  ( -1.000000000000000000, 0.000000000000000000, 0.000000000000000000 ) ) ;
#1968 = EDGE_CURVE ( 'NONE', #963, #4660, #2446, .T. ) ;
#1969 = FACE_BOUND ( 'NONE', #2697, .T. ) ;
#1970 = ORIENTED_EDGE ( 'NONE', *, *, #2810, .F. ) ;
#1971 = CARTESIAN_POINT ( 'NONE',  ( -26.24999999999997513, 61.25000000000001421, 45.00000000000000000 ) ) ;
#1972 = EDGE_LOOP ( 'NONE', ( #2058, #2352, #4814, #624 ) ) ;
#1973 = LINE ( 'NONE', #83, #1544 ) ;
#1974 = AXIS2_PLACEMENT_3D ( 'NONE', #309, #3335, #763 ) ;
#1975 = VERTEX_POINT ( 'NONE', #4328 ) ;
#1976 = CIRCLE ( 'NONE', #3635, 1.749999999999987566 ) ;
#1977 = DIRECTION ( 'NONE',  ( 0.000000000000000000, 0.000000000000000000, 1.000000000000000000 ) ) ;
#1978 = ORIENTED_EDGE ( 'NONE', *, *, #3783, .T. ) ;
#1979 = CARTESIAN_POINT ( 'NONE',  ( 32.00000000000002842, -56.49999999999999289, 29.39071048146356802 ) ) ;
#1980 = CARTESIAN_POINT ( 'NONE',  ( 47.50000000000001421, 36.49999999999999289, 38.00000000000000000 ) ) ;
#1981 = ORIENTED_EDGE ( 'NONE', *, *, #672, .F. ) ;
#1982 = EDGE_CURVE ( 'NONE', #2437, #772, #2448, .T. ) ;
#1983 = AXIS2_PLACEMENT_3D ( 'NONE', #3885, #480, #1253 ) ;
#1984 = CARTESIAN_POINT ( 'NONE',  ( 47.50000000000001421, -57.49999999999999289, 29.21757569555955314 ) ) ;
#1985 = ORIENTED_EDGE ( 'NONE', *, *, #1170, .T. ) ;
#1986 = DIRECTION ( 'NONE',  ( -1.000000000000000000, 0.000000000000000000, -0.000000000000000000 ) ) ;
#1987 = ORIENTED_EDGE ( 'NONE', *, *, #52, .F. ) ;
#1988 = DIRECTION ( 'NONE',  ( -0.000000000000000000, -0.000000000000000000, 1.000000000000000000 ) ) ;
#1989 = EDGE_CURVE ( 'NONE', #1787, #3424, #1195, .T. ) ;
#1990 = VECTOR ( 'NONE', #3336, 1000.000000000000000 ) ;
#1991 = DIRECTION ( 'NONE',  ( 0.000000000000000000, 1.000000000000000000, 0.000000000000000000 ) ) ;
#1992 = VERTEX_POINT ( 'NONE', #2816 ) ;
#1993 = CARTESIAN_POINT ( 'NONE',  ( 47.50000000000001421, 53.75000000000002132, 0.3999999999999975797 ) ) ;
#1994 = CARTESIAN_POINT ( 'NONE',  ( 45.00000000000000711, -55.00000000000000711, -143.7228235180481022 ) ) ;
#1995 = DIRECTION ( 'NONE',  ( -0.000000000000000000, -0.000000000000000000, 1.000000000000000000 ) ) ;
#1996 = EDGE_CURVE ( 'NONE', #570, #4504, #140, .T. ) ;
#1997 = PLANE ( 'NONE',  #731 ) ;
#1998 = ORIENTED_EDGE ( 'NONE', *, *, #1716, .F. ) ;
#1999 = EDGE_LOOP ( 'NONE', ( #2764, #3827, #837, #408, #4109 ) ) ;
#2000 = EDGE_CURVE ( 'NONE', #3004, #1077, #2671, .T. ) ;
#2001 = DIRECTION ( 'NONE',  ( 1.000000000000000000, 0.000000000000000000, 0.000000000000000000 ) ) ;
#2002 = EDGE_CURVE ( 'NONE', #3148, #3583, #1289, .T. ) ;
#2003 = AXIS2_PLACEMENT_3D ( 'NONE', #1994, #4593, #3120 ) ;
#2004 = DIRECTION ( 'NONE',  ( 0.7071067811865474617, 0.000000000000000000, 0.7071067811865474617 ) ) ;
#2005 = VERTEX_POINT ( 'NONE', #945 ) ;
#2006 = CARTESIAN_POINT ( 'NONE',  ( -47.50099999999999056, -50.00000000000002842, 22.99999999999999645 ) ) ;
#2007 = ADVANCED_FACE ( 'NONE', ( #411 ), #1203, .F. ) ;
#2008 = VERTEX_POINT ( 'NONE', #2295 ) ;
#2009 = DIRECTION ( 'NONE',  ( -1.000000000000000000, 0.000000000000000000, 0.000000000000000000 ) ) ;
#2010 = LINE ( 'NONE', #1244, #4143 ) ;
#2011 = DIRECTION ( 'NONE',  ( -0.000000000000000000, -1.000000000000000000, 0.000000000000000000 ) ) ;
#2012 = ORIENTED_EDGE ( 'NONE', *, *, #4509, .F. ) ;
#2013 = LINE ( 'NONE', #2083, #4261 ) ;
#2014 = DIRECTION ( 'NONE',  ( -2.312964634635742957E-16, 1.000000000000000000, 0.000000000000000000 ) ) ;
#2015 = CARTESIAN_POINT ( 'NONE',  ( 45.00000000000000711, 55.00000000000000000, 3.500000000000000000 ) ) ;
#2016 = ADVANCED_FACE ( 'NONE', ( #918 ), #37, .T. ) ;
#2017 = VERTEX_POINT ( 'NONE', #2793 ) ;
#2018 = CARTESIAN_POINT ( 'NONE',  ( 45.00000000000000711, 36.49999999999999289, 38.00000000000000711 ) ) ;
#2019 = FACE_OUTER_BOUND ( 'NONE', #2119, .T. ) ;
#2020 = ORIENTED_EDGE ( 'NONE', *, *, #2868, .F. ) ;
#2021 = CARTESIAN_POINT ( 'NONE',  ( 45.00000000000000711, 55.00000000000000000, 45.00000000000000000 ) ) ;
#2022 = DIRECTION ( 'NONE',  ( 0.000000000000000000, 0.6427876096865356992, -0.7660444431189812331 ) ) ;
#2023 = ORIENTED_EDGE ( 'NONE', *, *, #649, .F. ) ;
#2024 = VECTOR ( 'NONE', #1614, 1000.000000000000114 ) ;
#2025 = EDGE_CURVE ( 'NONE', #3296, #3816, #1180, .T. ) ;
#2026 = DIRECTION ( 'NONE',  ( -0.000000000000000000, -0.000000000000000000, -1.000000000000000000 ) ) ;
#2027 = ORIENTED_EDGE ( 'NONE', *, *, #2463, .F. ) ;
#2028 = DIRECTION ( 'NONE',  ( 0.000000000000000000, -0.000000000000000000, -1.000000000000000000 ) ) ;
#2029 = DIRECTION ( 'NONE',  ( 0.7071067811865475727, 0.000000000000000000, -0.7071067811865475727 ) ) ;
#2030 = DIRECTION ( 'NONE',  ( 0.000000000000000000, 0.000000000000000000, -1.000000000000000000 ) ) ;
#2031 = DIRECTION ( 'NONE',  ( 0.000000000000000000, 1.000000000000000000, 0.000000000000000000 ) ) ;
#2032 = VERTEX_POINT ( 'NONE', #1683 ) ;
#2033 = LINE ( 'NONE', #3547, #715 ) ;
#2034 = ADVANCED_FACE ( 'NONE', ( #3462 ), #1661, .F. ) ;
#2035 = CARTESIAN_POINT ( 'NONE',  ( -12.50000000000000355, -57.49999999999999289, 34.99999999999999289 ) ) ;
#2036 = CARTESIAN_POINT ( 'NONE',  ( 45.00000000000001421, 14.99999999999998224, 20.00000000000000355 ) ) ;
#2037 = CARTESIAN_POINT ( 'NONE',  ( -43.50000000000000000, 30.14999999999999147, 3.500000000000000000 ) ) ;
#2038 = ORIENTED_EDGE ( 'NONE', *, *, #2991, .F. ) ;
#2039 = EDGE_CURVE ( 'NONE', #2918, #530, #1950, .T. ) ;
#2040 = CARTESIAN_POINT ( 'NONE',  ( -3.500000000000003109, -55.00000000000001421, -143.7228235180481022 ) ) ;
#2041 = LINE ( 'NONE', #153, #875 ) ;
#2042 = ORIENTED_EDGE ( 'NONE', *, *, #4260, .F. ) ;
#2043 = AXIS2_PLACEMENT_3D ( 'NONE', #1401, #3662, #4390 ) ;
#2044 = CARTESIAN_POINT ( 'NONE',  ( -43.49999999999996447, -55.00000000000002132, 45.00000000000000000 ) ) ;
#2045 = DIRECTION ( 'NONE',  ( 0.000000000000000000, 0.000000000000000000, 1.000000000000000000 ) ) ;
#2046 = CIRCLE ( 'NONE', #3719, 1.500000000000001332 ) ;
#2047 = EDGE_LOOP ( 'NONE', ( #3460, #3366, #3334, #2071, #4171 ) ) ;
#2048 = EDGE_CURVE ( 'NONE', #59, #3473, #812, .T. ) ;
#2049 = FACE_OUTER_BOUND ( 'NONE', #3247, .T. ) ;
#2050 = AXIS2_PLACEMENT_3D ( 'NONE', #3150, #4233, #3515 ) ;
#2051 = EDGE_CURVE ( 'NONE', #2650, #2255, #1577, .T. ) ;
#2052 = ORIENTED_EDGE ( 'NONE', *, *, #4405, .F. ) ;
#2053 = DIRECTION ( 'NONE',  ( 0.000000000000000000, 0.000000000000000000, -1.000000000000000000 ) ) ;
#2054 = DIRECTION ( 'NONE',  ( 0.000000000000000000, -0.000000000000000000, -1.000000000000000000 ) ) ;
#2055 = CARTESIAN_POINT ( 'NONE',  ( -41.33954646367548236, -58.37733333830381355, 31.62802923188405657 ) ) ;
#2056 = VECTOR ( 'NONE', #1426, 1000.000000000000000 ) ;
#2057 = DIRECTION ( 'NONE',  ( -0.000000000000000000, -0.000000000000000000, -1.000000000000000000 ) ) ;
#2058 = ORIENTED_EDGE ( 'NONE', *, *, #4740, .F. ) ;
#2059 = DIRECTION ( 'NONE',  ( -0.000000000000000000, -0.000000000000000000, -1.000000000000000000 ) ) ;
#2060 = VECTOR ( 'NONE', #1814, 1000.000000000000000 ) ;
#2061 = DIRECTION ( 'NONE',  ( 0.000000000000000000, 0.000000000000000000, 1.000000000000000000 ) ) ;
#2062 = DIRECTION ( 'NONE',  ( 0.000000000000000000, 1.577021341797097067E-16, -1.000000000000000000 ) ) ;
#2063 = CIRCLE ( 'NONE', #4047, 1.500000000000000000 ) ;
#2064 = CARTESIAN_POINT ( 'NONE',  ( 13.25000000000001066, 40.55000000000002558, 1.600000000000016298 ) ) ;
#2065 = DIRECTION ( 'NONE',  ( 1.541976423090495387E-16, -1.000000000000000000, 0.000000000000000000 ) ) ;
#2066 = ORIENTED_EDGE ( 'NONE', *, *, #238, .T. ) ;
#2067 = CARTESIAN_POINT ( 'NONE',  ( -15.00000000000000000, -55.00000000000001421, 27.00000000000002487 ) ) ;
#2068 = ORIENTED_EDGE ( 'NONE', *, *, #1542, .T. ) ;
#2069 = CARTESIAN_POINT ( 'NONE',  ( 33.25000000000002842, 62.50000000000001421, 44.75000000000000000 ) ) ;
#2070 = APPLICATION_PROTOCOL_DEFINITION ( 'draft international standard', 'automotive_design', 1998, #4424 ) ;
#2071 = ORIENTED_EDGE ( 'NONE', *, *, #539, .F. ) ;
#2072 = EDGE_LOOP ( 'NONE', ( #1193, #2073, #2317, #4615, #822 ) ) ;
#2073 = ORIENTED_EDGE ( 'NONE', *, *, #1422, .T. ) ;
#2074 = FACE_OUTER_BOUND ( 'NONE', #3161, .T. ) ;
#2075 = AXIS2_PLACEMENT_3D ( 'NONE', #4290, #3096, #64 ) ;
#2076 = ADVANCED_FACE ( 'NONE', ( #434 ), #4693, .T. ) ;
#2077 = VERTEX_POINT ( 'NONE', #3093 ) ;
#2078 = CARTESIAN_POINT ( 'NONE',  ( 12.00000000000000000, 57.50000000000000711, 20.00000000000000000 ) ) ;
#2079 = CARTESIAN_POINT ( 'NONE',  ( -29.99999999999999289, -62.49999999999998579, -20.15564437074637993 ) ) ;
#2080 = LINE ( 'NONE', #1315, #1210 ) ;
#2081 = CARTESIAN_POINT ( 'NONE',  ( 45.00000000000001421, 33.99999999999998579, 20.00000000000000711 ) ) ;
#2082 = ORIENTED_EDGE ( 'NONE', *, *, #4669, .T. ) ;
#2083 = CARTESIAN_POINT ( 'NONE',  ( -29.99999999999998579, 0.000000000000000000, 45.00000000000000000 ) ) ;
#2084 = EDGE_CURVE ( 'NONE', #1251, #4422, #1314, .T. ) ;
#2085 = DIRECTION ( 'NONE',  ( 1.000000000000000000, -0.000000000000000000, 0.000000000000000000 ) ) ;
#2086 = LINE ( 'NONE', #982, #3511 ) ;
#2087 = VECTOR ( 'NONE', #2278, 1000.000000000000114 ) ;
#2088 = CARTESIAN_POINT ( 'NONE',  ( 30.00000000000002842, 0.000000000000000000, 45.00000000000000000 ) ) ;
#2089 = EDGE_CURVE ( 'NONE', #1762, #4677, #903, .T. ) ;
#2090 = ORIENTED_EDGE ( 'NONE', *, *, #602, .F. ) ;
#2091 = PLANE ( 'NONE',  #3715 ) ;
#2092 = FACE_OUTER_BOUND ( 'NONE', #4117, .T. ) ;
#2093 = EDGE_LOOP ( 'NONE', ( #2154, #4722, #596, #3163, #1335, #4512, #721, #1867, #2342, #3809 ) ) ;
#2094 = DIRECTION ( 'NONE',  ( 0.000000000000000000, -0.000000000000000000, 1.000000000000000000 ) ) ;
#2095 = EDGE_LOOP ( 'NONE', ( #2550, #1966, #4299, #2913 ) ) ;
#2096 = ORIENTED_EDGE ( 'NONE', *, *, #3444, .T. ) ;
#2097 = EDGE_LOOP ( 'NONE', ( #2068, #2420, #3546, #4608 ) ) ;
#2098 = CIRCLE ( 'NONE', #4869, 1.500000000000000000 ) ;
#2099 = CYLINDRICAL_SURFACE ( 'NONE', #389, 1.500000000000001332 ) ;
#2100 = ORIENTED_EDGE ( 'NONE', *, *, #4149, .T. ) ;
#2101 = PLANE ( 'NONE',  #3738 ) ;
#2102 = EDGE_CURVE ( 'NONE', #23, #2704, #2158, .T. ) ;
#2103 = AXIS2_PLACEMENT_3D ( 'NONE', #89, #3125, #4619 ) ;
#2104 = ADVANCED_FACE ( 'NONE', ( #4824 ), #3347, .F. ) ;
#2105 = DIRECTION ( 'NONE',  ( 1.000000000000000000, 0.000000000000000000, 0.000000000000000000 ) ) ;
#2106 = EDGE_CURVE ( 'NONE', #4847, #2903, #246, .T. ) ;
#2107 = CARTESIAN_POINT ( 'NONE',  ( -43.74999999999997158, -57.49999999999999289, 45.00000000000000000 ) ) ;
#2108 = DIRECTION ( 'NONE',  ( -0.000000000000000000, -0.000000000000000000, -1.000000000000000000 ) ) ;
#2109 = ORIENTED_EDGE ( 'NONE', *, *, #2113, .F. ) ;
#2110 = DIRECTION ( 'NONE',  ( 1.000000000000000000, 0.000000000000000000, 0.000000000000000000 ) ) ;
#2111 = CARTESIAN_POINT ( 'NONE',  ( -39.99999999999962341, 2.220446049250326965E-13, 45.00000000000000000 ) ) ;
#2112 = DIRECTION ( 'NONE',  ( 0.000000000000000000, -0.6427876096865354771, 0.7660444431189811221 ) ) ;
#2113 = EDGE_CURVE ( 'NONE', #1585, #1198, #4505, .T. ) ;
#2114 = DIRECTION ( 'NONE',  ( 1.000000000000000000, 4.081702296416016983E-16, 0.000000000000000000 ) ) ;
#2115 = CARTESIAN_POINT ( 'NONE',  ( 43.75000000000002132, 57.10000000000000853, 0.000000000000000000 ) ) ;
#2116 = ORIENTED_EDGE ( 'NONE', *, *, #1488, .F. ) ;
#2117 = DIRECTION ( 'NONE',  ( 0.000000000000000000, 0.000000000000000000, 1.000000000000000000 ) ) ;
#2118 = DIRECTION ( 'NONE',  ( 0.000000000000000000, 0.000000000000000000, 1.000000000000000000 ) ) ;
#2119 = EDGE_LOOP ( 'NONE', ( #1570, #742, #1809, #3591, #703 ) ) ;
#2120 = CARTESIAN_POINT ( 'NONE',  ( -34.99999999999997868, 62.50000000000001421, 45.00000000000000000 ) ) ;
#2121 = ORIENTED_EDGE ( 'NONE', *, *, #2326, .F. ) ;
#2122 = VERTEX_POINT ( 'NONE', #4014 ) ;
#2123 = VECTOR ( 'NONE', #1939, 1000.000000000000000 ) ;
#2124 = ORIENTED_EDGE ( 'NONE', *, *, #1860, .F. ) ;
#2125 = CIRCLE ( 'NONE', #946, 2.999999999999999112 ) ;
#2126 = DIRECTION ( 'NONE',  ( 1.000000000000000000, 0.000000000000000000, 0.000000000000000000 ) ) ;
#2127 = ADVANCED_FACE ( 'NONE', ( #4456 ), #4797, .F. ) ;
#2128 = ORIENTED_EDGE ( 'NONE', *, *, #2256, .F. ) ;
#2129 = FACE_OUTER_BOUND ( 'NONE', #3798, .T. ) ;
#2130 = DIRECTION ( 'NONE',  ( 0.000000000000000000, -1.000000000000000000, 0.000000000000000000 ) ) ;
#2131 = VECTOR ( 'NONE', #2004, 1000.000000000000114 ) ;
#2132 = CARTESIAN_POINT ( 'NONE',  ( 43.75000000000002132, 57.50000000000000711, 45.00000000000000000 ) ) ;
#2133 = CARTESIAN_POINT ( 'NONE',  ( -36.74999999999996447, 62.50000000000001421, 44.75000000000000000 ) ) ;
#2134 = ORIENTED_EDGE ( 'NONE', *, *, #4458, .T. ) ;
#2135 = DIRECTION ( 'NONE',  ( 0.000000000000000000, 0.000000000000000000, 1.000000000000000000 ) ) ;
#2136 = VECTOR ( 'NONE', #2253, 1000.000000000000000 ) ;
#2137 = LINE ( 'NONE', #1774, #823 ) ;
#2138 = CARTESIAN_POINT ( 'NONE',  ( 47.50000000000001421, -50.00000000000002842, 19.99999999999999645 ) ) ;
#2139 = DIRECTION ( 'NONE',  ( 0.000000000000000000, -0.000000000000000000, -1.000000000000000000 ) ) ;
#2140 = FACE_OUTER_BOUND ( 'NONE', #3000, .T. ) ;
#2141 = EDGE_LOOP ( 'NONE', ( #666, #3098, #2162, #1145 ) ) ;
#2142 = DIRECTION ( 'NONE',  ( -1.000000000000000000, 0.000000000000000000, 0.000000000000000000 ) ) ;
#2143 = EDGE_LOOP ( 'NONE', ( #1052, #1254, #2293, #3849 ) ) ;
#2144 = EDGE_CURVE ( 'NONE', #4376, #2306, #973, .T. ) ;
#2145 = VECTOR ( 'NONE', #3520, 1000.000000000000000 ) ;
#2146 = LINE ( 'NONE', #2173, #3610 ) ;
#2147 = VECTOR ( 'NONE', #174, 1000.000000000000000 ) ;
#2148 = AXIS2_PLACEMENT_3D ( 'NONE', #4886, #1057, #356 ) ;
#2149 = ORIENTED_EDGE ( 'NONE', *, *, #1074, .T. ) ;
#2150 = ORIENTED_EDGE ( 'NONE', *, *, #869, .F. ) ;
#2151 = VERTEX_POINT ( 'NONE', #3992 ) ;
#2152 = ADVANCED_FACE ( 'NONE', ( #2183 ), #4746, .T. ) ;
#2153 = DIRECTION ( 'NONE',  ( 2.040851148208008491E-16, -1.000000000000000000, 0.000000000000000000 ) ) ;
#2154 = ORIENTED_EDGE ( 'NONE', *, *, #2721, .F. ) ;
#2155 = CARTESIAN_POINT ( 'NONE',  ( -15.00000000000000000, -89.12277660168375348, 20.00000000000000711 ) ) ;
#2156 = EDGE_CURVE ( 'NONE', #1230, #1819, #1298, .T. ) ;
#2157 = CIRCLE ( 'NONE', #4529, 1.500000000000000000 ) ;
#2158 = LINE ( 'NONE', #3275, #3517 ) ;
#2159 = DIRECTION ( 'NONE',  ( -1.000000000000000000, 0.000000000000000000, -0.000000000000000000 ) ) ;
#2160 = VECTOR ( 'NONE', #2880, 1000.000000000000000 ) ;
#2161 = DIRECTION ( 'NONE',  ( 1.000000000000000000, -0.000000000000000000, 0.000000000000000000 ) ) ;
#2162 = ORIENTED_EDGE ( 'NONE', *, *, #4013, .F. ) ;
#2163 = CARTESIAN_POINT ( 'NONE',  ( -47.49999999999997868, -32.50000000000000000, 45.00000000000000000 ) ) ;
#2164 = CARTESIAN_POINT ( 'NONE',  ( 43.75000000000002132, 57.50000000000000711, 29.21757569555956735 ) ) ;
#2165 = FACE_OUTER_BOUND ( 'NONE', #3556, .T. ) ;
#2166 = CARTESIAN_POINT ( 'NONE',  ( -15.00000000000000000, 57.50000000000000711, 20.00000000000000711 ) ) ;
#2167 = DIRECTION ( 'NONE',  ( 0.000000000000000000, 0.000000000000000000, 1.000000000000000000 ) ) ;
#2168 = ORIENTED_EDGE ( 'NONE', *, *, #4315, .T. ) ;
#2169 = LINE ( 'NONE', #605, #2832 ) ;
#2170 = FACE_OUTER_BOUND ( 'NONE', #1854, .T. ) ;
#2171 = EDGE_CURVE ( 'NONE', #3408, #2998, #216, .T. ) ;
#2172 = ORIENTED_EDGE ( 'NONE', *, *, #2837, .F. ) ;
#2173 = CARTESIAN_POINT ( 'NONE',  ( -47.49999999999998579, -57.49999999999999289, 45.00000000000000000 ) ) ;
#2174 = ADVANCED_FACE ( 'NONE', ( #3647 ), #1411, .F. ) ;
#2175 = ORIENTED_EDGE ( 'NONE', *, *, #245, .F. ) ;
#2176 = ORIENTED_EDGE ( 'NONE', *, *, #2106, .T. ) ;
#2177 = ORIENTED_EDGE ( 'NONE', *, *, #926, .F. ) ;
#2178 = DIRECTION ( 'NONE',  ( 0.000000000000000000, 0.000000000000000000, 1.000000000000000000 ) ) ;
#2179 = EDGE_CURVE ( 'NONE', #3194, #607, #34, .T. ) ;
#2180 = ORIENTED_EDGE ( 'NONE', *, *, #1687, .T. ) ;
#2181 = ADVANCED_FACE ( 'NONE', ( #2900 ), #647, .F. ) ;
#2182 = PLANE ( 'NONE',  #165 ) ;
#2183 = FACE_OUTER_BOUND ( 'NONE', #1810, .T. ) ;
#2184 = AXIS2_PLACEMENT_3D ( 'NONE', #43, #4044, #2926 ) ;
#2185 = CARTESIAN_POINT ( 'NONE',  ( 43.50000000000000711, 53.50000000000000000, 3.500000000000000000 ) ) ;
#2186 = CIRCLE ( 'NONE', #2662, 3.000000000000002665 ) ;
#2187 = VECTOR ( 'NONE', #766, 1000.000000000000000 ) ;
#2188 = DIRECTION ( 'NONE',  ( 1.000000000000000000, 0.000000000000000000, 0.000000000000000000 ) ) ;
#2189 = ORIENTED_EDGE ( 'NONE', *, *, #1961, .F. ) ;
#2190 = DIRECTION ( 'NONE',  ( -1.000000000000000000, 0.000000000000000000, 0.000000000000000000 ) ) ;
#2191 = CARTESIAN_POINT ( 'NONE',  ( 45.00000000000001421, -34.00000000000002842, 20.00000000000000000 ) ) ;
#2192 = DIRECTION ( 'NONE',  ( 0.000000000000000000, 0.000000000000000000, -1.000000000000000000 ) ) ;
#2193 = EDGE_CURVE ( 'NONE', #3362, #292, #1070, .T. ) ;
#2194 = LINE ( 'NONE', #4108, #3182 ) ;
#2195 = ORIENTED_EDGE ( 'NONE', *, *, #1836, .F. ) ;
#2196 = CARTESIAN_POINT ( 'NONE',  ( -43.74999999999998579, 57.10000000000001563, 0.000000000000000000 ) ) ;
#2197 = DIRECTION ( 'NONE',  ( 0.7071067811865474617, 0.000000000000000000, 0.7071067811865474617 ) ) ;
#2198 = ORIENTED_EDGE ( 'NONE', *, *, #4128, .T. ) ;
#2199 = CARTESIAN_POINT ( 'NONE',  ( -15.50000000000000355, -57.49999999999999289, 38.00000000000000000 ) ) ;
#2200 = VECTOR ( 'NONE', #3944, 1000.000000000000000 ) ;
#2201 = VERTEX_POINT ( 'NONE', #1049 ) ;
#2202 = ORIENTED_EDGE ( 'NONE', *, *, #4662, .F. ) ;
#2203 = EDGE_LOOP ( 'NONE', ( #2594, #1201, #2977, #2649 ) ) ;
#2204 = DIRECTION ( 'NONE',  ( -1.000000000000000000, 0.000000000000000000, -0.000000000000000000 ) ) ;
#2205 = VERTEX_POINT ( 'NONE', #4043 ) ;
#2206 = ADVANCED_FACE ( 'NONE', ( #1815 ), #3841, .F. ) ;
#2207 = CARTESIAN_POINT ( 'NONE',  ( 39.99999999999968026, 2.220446049250330246E-13, -20.15564437074637993 ) ) ;
#2208 = DIRECTION ( 'NONE',  ( -1.000000000000000000, 0.000000000000000000, 0.000000000000000000 ) ) ;
#2209 = EDGE_CURVE ( 'NONE', #1723, #651, #2652, .T. ) ;
#2210 = CONICAL_SURFACE ( 'NONE', #463, 1.749999999999987566, 0.7853981633974482790 ) ;
#2211 = CIRCLE ( 'NONE', #2834, 3.750000000000003553 ) ;
#2212 = CARTESIAN_POINT ( 'NONE',  ( 43.49999999999999289, 36.49999999999999289, 34.99999999999999289 ) ) ;
#2213 = ORIENTED_EDGE ( 'NONE', *, *, #3718, .F. ) ;
#2214 = CARTESIAN_POINT ( 'NONE',  ( 27.14086761920829716, -57.50000000000000711, 30.10844331476781122 ) ) ;
#2215 = EDGE_CURVE ( 'NONE', #2224, #2005, #499, .T. ) ;
#2216 = DIRECTION ( 'NONE',  ( 0.000000000000000000, 0.000000000000000000, -1.000000000000000000 ) ) ;
#2217 = DIRECTION ( 'NONE',  ( -0.000000000000000000, -0.000000000000000000, -1.000000000000000000 ) ) ;
#2218 = VECTOR ( 'NONE', #4119, 1000.000000000000000 ) ;
#2219 = CARTESIAN_POINT ( 'NONE',  ( 47.50000000000001421, 57.50000000000000711, 45.00000000000000000 ) ) ;
#2220 = ORIENTED_EDGE ( 'NONE', *, *, #1031, .T. ) ;
#2221 = VECTOR ( 'NONE', #4718, 1000.000000000000000 ) ;
#2222 = CARTESIAN_POINT ( 'NONE',  ( 32.00000000000002842, -62.49999999999998579, 43.00000000000000000 ) ) ;
#2223 = CARTESIAN_POINT ( 'NONE',  ( -44.99999999999999289, -55.00000000000002132, 3.500000000000000000 ) ) ;
#2224 = VERTEX_POINT ( 'NONE', #801 ) ;
#2225 = FACE_OUTER_BOUND ( 'NONE', #4896, .T. ) ;
#2226 = VERTEX_POINT ( 'NONE', #2332 ) ;
#2227 = ORIENTED_EDGE ( 'NONE', *, *, #1572, .T. ) ;
#2228 = ORIENTED_EDGE ( 'NONE', *, *, #3349, .T. ) ;
#2229 = AXIS2_PLACEMENT_3D ( 'NONE', #827, #4561, #2375 ) ;
#2230 = CYLINDRICAL_SURFACE ( 'NONE', #3953, 4.999999999999990230 ) ;
#2231 = AXIS2_PLACEMENT_3D ( 'NONE', #4885, #2935, #1108 ) ;
#2232 = ORIENTED_EDGE ( 'NONE', *, *, #4532, .T. ) ;
#2233 = CARTESIAN_POINT ( 'NONE',  ( 26.25000000000001776, 61.25000000000002132, -20.15564437074637993 ) ) ;
#2234 = DIRECTION ( 'NONE',  ( 0.000000000000000000, 0.000000000000000000, 1.000000000000000000 ) ) ;
#2235 = EDGE_CURVE ( 'NONE', #4371, #967, #988, .T. ) ;
#2236 = CARTESIAN_POINT ( 'NONE',  ( -15.00000000000000000, -57.49999999999999289, 30.00000000000001066 ) ) ;
#2237 = ORIENTED_EDGE ( 'NONE', *, *, #1961, .T. ) ;
#2238 = CARTESIAN_POINT ( 'NONE',  ( 45.00000000000001421, -34.00000000000002842, 27.00000000000000000 ) ) ;
#2239 = CARTESIAN_POINT ( 'NONE',  ( 45.00000000000000711, 36.49999999999999289, -143.7228235180481022 ) ) ;
#2240 = CIRCLE ( 'NONE', #95, 2.999999999999999112 ) ;
#2241 = AXIS2_PLACEMENT_3D ( 'NONE', #4178, #2216, #3731 ) ;
#2242 = DIRECTION ( 'NONE',  ( 1.000000000000000000, -0.000000000000000000, 0.000000000000000000 ) ) ;
#2243 = FACE_OUTER_BOUND ( 'NONE', #1259, .T. ) ;
#2244 = ADVANCED_FACE ( 'NONE', ( #2285 ), #372, .F. ) ;
#2245 = FACE_OUTER_BOUND ( 'NONE', #4421, .T. ) ;
#2246 = ORIENTED_EDGE ( 'NONE', *, *, #264, .F. ) ;
#2247 = CARTESIAN_POINT ( 'NONE',  ( 30.00000000000004619, -61.25000000000000711, 35.05154004628614928 ) ) ;
#2248 = DIRECTION ( 'NONE',  ( 0.000000000000000000, 0.000000000000000000, 1.000000000000000000 ) ) ;
#2249 = EDGE_LOOP ( 'NONE', ( #500, #4708, #341, #2012 ) ) ;
#2250 = FACE_OUTER_BOUND ( 'NONE', #2859, .T. ) ;
#2251 = ORIENTED_EDGE ( 'NONE', *, *, #3927, .T. ) ;
#2252 = ORIENTED_EDGE ( 'NONE', *, *, #3766, .F. ) ;
#2253 = DIRECTION ( 'NONE',  ( 0.000000000000000000, 1.000000000000000000, 0.000000000000000000 ) ) ;
#2254 = AXIS2_PLACEMENT_3D ( 'NONE', #2233, #3300, #4400 ) ;
#2255 = VERTEX_POINT ( 'NONE', #1865 ) ;
#2256 = EDGE_CURVE ( 'NONE', #634, #3497, #4193, .T. ) ;
#2257 = LINE ( 'NONE', #3029, #1658 ) ;
#2258 = ORIENTED_EDGE ( 'NONE', *, *, #4186, .F. ) ;
#2259 = CARTESIAN_POINT ( 'NONE',  ( -15.50000000000000355, -55.00000000000001421, 45.00000000000000000 ) ) ;
#2260 = EDGE_CURVE ( 'NONE', #1830, #395, #1150, .T. ) ;
#2261 = DIRECTION ( 'NONE',  ( 0.000000000000000000, 1.000000000000000000, -0.000000000000000000 ) ) ;
#2262 = EDGE_LOOP ( 'NONE', ( #3889, #1464, #2270, #1536 ) ) ;
#2263 = ADVANCED_FACE ( 'NONE', ( #1194 ), #3279, .T. ) ;
#2264 = DIRECTION ( 'NONE',  ( 0.000000000000000000, 0.000000000000000000, 1.000000000000000000 ) ) ;
#2265 = FACE_OUTER_BOUND ( 'NONE', #3516, .T. ) ;
#2266 = VECTOR ( 'NONE', #2741, 1000.000000000000000 ) ;
#2267 = DIRECTION ( 'NONE',  ( -2.792311430143755648E-16, -1.000000000000000000, 0.000000000000000000 ) ) ;
#2268 =( BOUNDED_CURVE ( )  B_SPLINE_CURVE ( 3, ( #3312, #4442, #2488, #4339 ),
 .UNSPECIFIED., .F., .F. ) 
 B_SPLINE_CURVE_WITH_KNOTS ( ( 4, 4 ),
 ( 4.712388980384691450, 5.410520681182412694 ),
 .UNSPECIFIED. ) 
 CURVE ( )  GEOMETRIC_REPRESENTATION_ITEM ( )  RATIONAL_B_SPLINE_CURVE ( ( 1.000000000000000000, 0.9597950805239401362, 0.9597950805239401362, 1.000000000000000000 ) ) 
 REPRESENTATION_ITEM ( '' )  );
#2269 = DIRECTION ( 'NONE',  ( 1.000000000000000000, 0.000000000000000000, 0.000000000000000000 ) ) ;
#2270 = ORIENTED_EDGE ( 'NONE', *, *, #170, .T. ) ;
#2271 = LINE ( 'NONE', #3786, #2434 ) ;
#2272 = CARTESIAN_POINT ( 'NONE',  ( -33.24999999999998579, 62.50000000000001421, 44.75000000000000000 ) ) ;
#2273 = ORIENTED_EDGE ( 'NONE', *, *, #1379, .F. ) ;
#2274 = CYLINDRICAL_SURFACE ( 'NONE', #1313, 1.749999999999987566 ) ;
#2275 = ADVANCED_FACE ( 'NONE', ( #346, #446 ), #1567, .T. ) ;
#2276 = ORIENTED_EDGE ( 'NONE', *, *, #1873, .F. ) ;
#2277 = ORIENTED_EDGE ( 'NONE', *, *, #951, .T. ) ;
#2278 = DIRECTION ( 'NONE',  ( 0.7071067811865474617, 0.000000000000000000, -0.7071067811865474617 ) ) ;
#2279 = ORIENTED_EDGE ( 'NONE', *, *, #693, .T. ) ;
#2280 = DIRECTION ( 'NONE',  ( -1.000000000000000000, 0.000000000000000000, 0.000000000000000000 ) ) ;
#2281 = VECTOR ( 'NONE', #78, 1000.000000000000000 ) ;
#2282 = DIRECTION ( 'NONE',  ( 0.000000000000000000, -0.000000000000000000, 1.000000000000000000 ) ) ;
#2283 = VERTEX_POINT ( 'NONE', #3061 ) ;
#2284 = LINE ( 'NONE', #2783, #2123 ) ;
#2285 = FACE_OUTER_BOUND ( 'NONE', #1844, .T. ) ;
#2286 = ADVANCED_FACE ( 'NONE', ( #4877 ), #3201, .T. ) ;
#2287 = CARTESIAN_POINT ( 'NONE',  ( 47.10000000000001563, -53.75000000000000000, 0.000000000000000000 ) ) ;
#2288 = VERTEX_POINT ( 'NONE', #2259 ) ;
#2289 = VECTOR ( 'NONE', #2294, 1000.000000000000114 ) ;
#2290 = DIRECTION ( 'NONE',  ( -1.000000000000000000, -1.541976423090495387E-16, 2.312964634635742957E-16 ) ) ;
#2291 = AXIS2_PLACEMENT_3D ( 'NONE', #2507, #3255, #627 ) ;
#2292 = DIRECTION ( 'NONE',  ( 1.000000000000000000, -0.000000000000000000, -0.000000000000000000 ) ) ;
#2293 = ORIENTED_EDGE ( 'NONE', *, *, #4265, .F. ) ;
#2294 = DIRECTION ( 'NONE',  ( 0.7071067811865474617, 0.000000000000000000, 0.7071067811865474617 ) ) ;
#2295 = CARTESIAN_POINT ( 'NONE',  ( 12.00000000000000000, 57.50000000000000711, 30.00000000000000355 ) ) ;
#2296 = ORIENTED_EDGE ( 'NONE', *, *, #2992, .T. ) ;
#2297 = AXIS2_PLACEMENT_3D ( 'NONE', #3961, #4038, #3246 ) ;
#2298 = CARTESIAN_POINT ( 'NONE',  ( -34.99999999999997868, 62.50000000000001421, 0.000000000000000000 ) ) ;
#2299 =( BOUNDED_CURVE ( )  B_SPLINE_CURVE ( 3, ( #2336, #2315, #3831, #429 ),
 .UNSPECIFIED., .F., .F. ) 
 B_SPLINE_CURVE_WITH_KNOTS ( ( 4, 4 ),
 ( 4.712388980384689674, 7.853981633974484566 ),
 .UNSPECIFIED. ) 
 CURVE ( )  GEOMETRIC_REPRESENTATION_ITEM ( )  RATIONAL_B_SPLINE_CURVE ( ( 1.000000000000000000, 0.3333333333333327597, 0.3333333333333327597, 1.000000000000000000 ) ) 
 REPRESENTATION_ITEM ( '' )  );
#2300 = ORIENTED_EDGE ( 'NONE', *, *, #4479, .F. ) ;
#2301 = LINE ( 'NONE', #365, #1462 ) ;
#2302 = VERTEX_POINT ( 'NONE', #1940 ) ;
#2303 = CARTESIAN_POINT ( 'NONE',  ( 13.25000000000000888, 49.05000000000002558, 0.3999999999999975797 ) ) ;
#2304 = AXIS2_PLACEMENT_3D ( 'NONE', #1780, #959, #4319 ) ;
#2305 = DIRECTION ( 'NONE',  ( 0.000000000000000000, -1.000000000000000000, 0.000000000000000000 ) ) ;
#2306 = VERTEX_POINT ( 'NONE', #3448 ) ;
#2307 = ADVANCED_FACE ( 'NONE', ( #752, #4215 ), #48, .F. ) ;
#2308 = CARTESIAN_POINT ( 'NONE',  ( -12.00000000000000000, 57.50000000000000711, 27.00000000000001066 ) ) ;
#2309 = DIRECTION ( 'NONE',  ( 1.000000000000000000, 0.000000000000000000, 0.000000000000000000 ) ) ;
#2310 = VECTOR ( 'NONE', #547, 1000.000000000000000 ) ;
#2311 = VECTOR ( 'NONE', #307, 1000.000000000000000 ) ;
#2312 = EDGE_CURVE ( 'NONE', #138, #4454, #3800, .T. ) ;
#2313 = LINE ( 'NONE', #1197, #2145 ) ;
#2314 = ORIENTED_EDGE ( 'NONE', *, *, #2752, .F. ) ;
#2315 = CARTESIAN_POINT ( 'NONE',  ( -39.99999999999996447, -72.49999999999998579, 48.45876796297111611 ) ) ;
#2316 = CARTESIAN_POINT ( 'NONE',  ( 35.00000000000002842, -62.49999999999998579, 45.00000000000000000 ) ) ;
#2317 = ORIENTED_EDGE ( 'NONE', *, *, #4168, .T. ) ;
#2318 = DIRECTION ( 'NONE',  ( 1.000000000000000000, 0.000000000000000000, 0.000000000000000000 ) ) ;
#2319 = VECTOR ( 'NONE', #4455, 1000.000000000000000 ) ;
#2320 = DIRECTION ( 'NONE',  ( 0.000000000000000000, 0.000000000000000000, 1.000000000000000000 ) ) ;
#2321 = VECTOR ( 'NONE', #1131, 1000.000000000000000 ) ;
#2322 = CARTESIAN_POINT ( 'NONE',  ( 0.000000000000000000, 42.49999999999999289, 38.00000000000000000 ) ) ;
#2323 = CARTESIAN_POINT ( 'NONE',  ( 43.75000000000002132, 57.50000000000000711, 45.00000000000000000 ) ) ;
#2324 = VECTOR ( 'NONE', #2361, 1000.000000000000000 ) ;
#2325 = ORIENTED_EDGE ( 'NONE', *, *, #470, .T. ) ;
#2326 = EDGE_CURVE ( 'NONE', #865, #3760, #398, .T. ) ;
#2327 = EDGE_CURVE ( 'NONE', #3358, #1382, #1631, .T. ) ;
#2328 = ORIENTED_EDGE ( 'NONE', *, *, #774, .T. ) ;
#2329 = DIRECTION ( 'NONE',  ( 0.000000000000000000, 0.000000000000000000, 1.000000000000000000 ) ) ;
#2330 = DIRECTION ( 'NONE',  ( -1.000000000000000000, 0.000000000000000000, 0.000000000000000000 ) ) ;
#2331 = VERTEX_POINT ( 'NONE', #1466 ) ;
#2332 = CARTESIAN_POINT ( 'NONE',  ( -33.24999999999998579, 62.50000000000001421, 43.00000000000000000 ) ) ;
#2333 = ADVANCED_FACE ( 'NONE', ( #1491 ), #4122, .F. ) ;
#2334 = CARTESIAN_POINT ( 'NONE',  ( -12.00000000000000000, -55.00000000000001421, 23.00000000000000711 ) ) ;
#2335 = ORIENTED_EDGE ( 'NONE', *, *, #1756, .F. ) ;
#2336 = CARTESIAN_POINT ( 'NONE',  ( -39.99999999999997158, -62.49999999999998579, 36.54123203702889811 ) ) ;
#2337 = CARTESIAN_POINT ( 'NONE',  ( 15.00000000000000000, 57.50000000000000711, 27.00000000000000355 ) ) ;
#2338 = ORIENTED_EDGE ( 'NONE', *, *, #2530, .T. ) ;
#2339 = FACE_OUTER_BOUND ( 'NONE', #239, .T. ) ;
#2340 = CARTESIAN_POINT ( 'NONE',  ( 0.000000000000000000, 0.000000000000000000, 34.99999999999999289 ) ) ;
#2341 = LINE ( 'NONE', #3862, #3051 ) ;
#2342 = ORIENTED_EDGE ( 'NONE', *, *, #926, .T. ) ;
#2343 = VECTOR ( 'NONE', #4185, 1000.000000000000000 ) ;
#2344 = ORIENTED_EDGE ( 'NONE', *, *, #3847, .F. ) ;
#2345 = CARTESIAN_POINT ( 'NONE',  ( 47.50000000000001421, 11.99999999999998046, 27.00000000000001066 ) ) ;
#2346 = CARTESIAN_POINT ( 'NONE',  ( 26.25000000000003553, -57.49999999999999289, 45.00000000000000000 ) ) ;
#2347 = ORIENTED_EDGE ( 'NONE', *, *, #1126, .F. ) ;
#2348 = CYLINDRICAL_SURFACE ( 'NONE', #3454, 2.999999999999999112 ) ;
#2349 = VECTOR ( 'NONE', #144, 1000.000000000000000 ) ;
#2350 = ADVANCED_FACE ( 'NONE', ( #4147 ), #486, .F. ) ;
#2351 = PLANE ( 'NONE',  #4207 ) ;
#2352 = ORIENTED_EDGE ( 'NONE', *, *, #493, .T. ) ;
#2353 = EDGE_CURVE ( 'NONE', #53, #2918, #4235, .T. ) ;
#2354 = CARTESIAN_POINT ( 'NONE',  ( -43.49999999999999289, 53.49999999999997868, 3.500000000000000000 ) ) ;
#2355 = AXIS2_PLACEMENT_3D ( 'NONE', #284, #1034, #1008 ) ;
#2356 = FACE_BOUND ( 'NONE', #111, .T. ) ;
#2357 = ORIENTED_EDGE ( 'NONE', *, *, #1001, .F. ) ;
#2358 = PLANE ( 'NONE',  #537 ) ;
#2359 = EDGE_CURVE ( 'NONE', #2559, #816, #4254, .T. ) ;
#2360 = ADVANCED_BREP_SHAPE_REPRESENTATION ( 'Cover', ( #1481, #4037 ), #2528 ) ;
#2361 = DIRECTION ( 'NONE',  ( 0.000000000000000000, 0.000000000000000000, 1.000000000000000000 ) ) ;
#2362 = LINE ( 'NONE', #2323, #2560 ) ;
#2363 = CIRCLE ( 'NONE', #4194, 2.999999999999999112 ) ;
#2364 = EDGE_CURVE ( 'NONE', #375, #1926, #2186, .T. ) ;
#2365 = EDGE_LOOP ( 'NONE', ( #4612, #1859, #586, #1417 ) ) ;
#2366 = AXIS2_PLACEMENT_3D ( 'NONE', #2405, #4652, #4633 ) ;
#2367 = DIRECTION ( 'NONE',  ( 1.000000000000000000, 0.000000000000000000, 0.000000000000000000 ) ) ;
#2368 = ORIENTED_EDGE ( 'NONE', *, *, #1571, .T. ) ;
#2369 = CARTESIAN_POINT ( 'NONE',  ( -31.99999999999997158, -62.49999999999998579, 43.00000000000000000 ) ) ;
#2370 = AXIS2_PLACEMENT_3D ( 'NONE', #1121, #3058, #3746 ) ;
#2371 = FACE_OUTER_BOUND ( 'NONE', #3219, .T. ) ;
#2372 = ORIENTED_EDGE ( 'NONE', *, *, #2144, .F. ) ;
#2373 = VECTOR ( 'NONE', #4659, 1000.000000000000000 ) ;
#2374 = CARTESIAN_POINT ( 'NONE',  ( 0.000000000000000000, 49.45000000000002416, 2.000000000000000000 ) ) ;
#2375 = DIRECTION ( 'NONE',  ( 1.000000000000000000, 0.000000000000000000, 0.000000000000000000 ) ) ;
#2376 = ADVANCED_FACE ( 'NONE', ( #2049 ), #2348, .F. ) ;
#2377 = DIRECTION ( 'NONE',  ( -0.000000000000000000, -1.000000000000000000, -0.000000000000000000 ) ) ;
#2378 = CIRCLE ( 'NONE', #1275, 1.999999999999988010 ) ;
#2379 = AXIS2_PLACEMENT_3D ( 'NONE', #4469, #3787, #4810 ) ;
#2380 = PLANE ( 'NONE',  #1916 ) ;
#2381 = ORIENTED_EDGE ( 'NONE', *, *, #4861, .F. ) ;
#2382 = CARTESIAN_POINT ( 'NONE',  ( 43.49999999999999289, 45.50000000000000000, 34.99999999999999289 ) ) ;
#2383 = LINE ( 'NONE', #1559, #4452 ) ;
#2384 = DIRECTION ( 'NONE',  ( 0.000000000000000000, 0.000000000000000000, -1.000000000000000000 ) ) ;
#2385 = EDGE_CURVE ( 'NONE', #1284, #2122, #158, .T. ) ;
#2386 = ORIENTED_EDGE ( 'NONE', *, *, #4136, .F. ) ;
#2387 = FACE_OUTER_BOUND ( 'NONE', #3814, .T. ) ;
#2388 = CARTESIAN_POINT ( 'NONE',  ( -36.74999999999996447, -62.49999999999998579, 0.000000000000000000 ) ) ;
#2389 = ORIENTED_EDGE ( 'NONE', *, *, #1821, .F. ) ;
#2390 = SPHERICAL_SURFACE ( 'NONE', #368, 1.500000000000000000 ) ;
#2391 = AXIS2_PLACEMENT_3D ( 'NONE', #3256, #4357, #4751 ) ;
#2392 = CARTESIAN_POINT ( 'NONE',  ( 40.00000000000000711, 0.000000000000000000, -20.15564437074637993 ) ) ;
#2393 = VERTEX_POINT ( 'NONE', #465 ) ;
#2394 = CIRCLE ( 'NONE', #571, 3.000000000000002665 ) ;
#2395 = CARTESIAN_POINT ( 'NONE',  ( 38.00000000000003553, -62.49999999999998579, 53.48528137423858198 ) ) ;
#2396 = EDGE_CURVE ( 'NONE', #4029, #231, #3295, .T. ) ;
#2397 = EDGE_LOOP ( 'NONE', ( #3977, #4639, #1621, #2372 ) ) ;
#2398 = CARTESIAN_POINT ( 'NONE',  ( -45.00000000000000000, -32.50000000000000000, 45.00000000000000000 ) ) ;
#2399 = CARTESIAN_POINT ( 'NONE',  ( -26.24999999999996803, 57.50000000000000711, 29.21757569555956735 ) ) ;
#2400 = VECTOR ( 'NONE', #4350, 1000.000000000000000 ) ;
#2401 = DIRECTION ( 'NONE',  ( 0.000000000000000000, 0.000000000000000000, 1.000000000000000000 ) ) ;
#2402 = EDGE_CURVE ( 'NONE', #125, #1099, #891, .T. ) ;
#2403 = CARTESIAN_POINT ( 'NONE',  ( 32.00000000000001421, 62.50000000000001421, 36.54123203702892653 ) ) ;
#2404 = ORIENTED_EDGE ( 'NONE', *, *, #3016, .T. ) ;
#2405 = CARTESIAN_POINT ( 'NONE',  ( -34.99999999999997868, -62.49999999999998579, 44.75000000000000000 ) ) ;
#2406 = CARTESIAN_POINT ( 'NONE',  ( -47.50099999999999056, -53.00000000000003553, 19.99999999999999645 ) ) ;
#2407 = DIRECTION ( 'NONE',  ( 0.000000000000000000, 0.000000000000000000, -1.000000000000000000 ) ) ;
#2408 = FACE_OUTER_BOUND ( 'NONE', #4065, .T. ) ;
#2409 = VERTEX_POINT ( 'NONE', #1636 ) ;
#2410 = LINE ( 'NONE', #2040, #1184 ) ;
#2411 = ORIENTED_EDGE ( 'NONE', *, *, #813, .T. ) ;
#2412 = ADVANCED_FACE ( 'NONE', ( #531 ), #510, .F. ) ;
#2413 = LINE ( 'NONE', #3291, #600 ) ;
#2414 = VECTOR ( 'NONE', #2765, 1000.000000000000000 ) ;
#2415 = LINE ( 'NONE', #1565, #4813 ) ;
#2416 = VERTEX_POINT ( 'NONE', #3562 ) ;
#2417 =( BOUNDED_CURVE ( )  B_SPLINE_CURVE ( 3, ( #599, #3683, #4726, #1800 ),
 .UNSPECIFIED., .F., .F. ) 
 B_SPLINE_CURVE_WITH_KNOTS ( ( 4, 4 ),
 ( 1.570796326794896558, 2.443460952792066543 ),
 .UNSPECIFIED. ) 
 CURVE ( )  GEOMETRIC_REPRESENTATION_ITEM ( )  RATIONAL_B_SPLINE_CURVE ( ( 1.000000000000000000, 0.9375385246910991066, 0.9375385246910991066, 1.000000000000000000 ) ) 
 REPRESENTATION_ITEM ( '' )  );
#2418 = EDGE_CURVE ( 'NONE', #2643, #4034, #3069, .T. ) ;
#2419 = CARTESIAN_POINT ( 'NONE',  ( 45.00000000000004263, -55.00000000000000711, 19.99999999999998934 ) ) ;
#2420 = ORIENTED_EDGE ( 'NONE', *, *, #2171, .F. ) ;
#2421 = DIRECTION ( 'NONE',  ( 0.000000000000000000, 0.000000000000000000, -1.000000000000000000 ) ) ;
#2422 = LINE ( 'NONE', #2107, #4604 ) ;
#2423 = CIRCLE ( 'NONE', #211, 1.749999999999987566 ) ;
#2424 = LINE ( 'NONE', #2796, #293 ) ;
#2425 = ORIENTED_EDGE ( 'NONE', *, *, #1250, .T. ) ;
#2426 = CARTESIAN_POINT ( 'NONE',  ( 21.75000000000001066, 40.55000000000002558, 1.600000000000016298 ) ) ;
#2427 = CARTESIAN_POINT ( 'NONE',  ( 26.25000000000001776, 57.50000000000000711, 29.21757569555956735 ) ) ;
#2428 = CYLINDRICAL_SURFACE ( 'NONE', #4787, 3.749999999999996447 ) ;
#2429 = CARTESIAN_POINT ( 'NONE',  ( -15.00000000000000000, 54.99999999999997868, 27.00000000000001066 ) ) ;
#2430 = ORIENTED_EDGE ( 'NONE', *, *, #2327, .T. ) ;
#2431 = FACE_OUTER_BOUND ( 'NONE', #326, .T. ) ;
#2432 = CARTESIAN_POINT ( 'NONE',  ( 43.50000000000000711, 55.00000000000000000, 44.99999999999998579 ) ) ;
#2433 = ORIENTED_EDGE ( 'NONE', *, *, #4586, .T. ) ;
#2434 = VECTOR ( 'NONE', #381, 1000.000000000000000 ) ;
#2435 = LINE ( 'NONE', #2069, #1309 ) ;
#2436 = AXIS2_PLACEMENT_3D ( 'NONE', #1084, #2589, #333 ) ;
#2437 = VERTEX_POINT ( 'NONE', #4300 ) ;
#2438 = ORIENTED_EDGE ( 'NONE', *, *, #1587, .F. ) ;
#2439 = DIRECTION ( 'NONE',  ( 2.792311430143752197E-16, -1.000000000000000000, -0.000000000000000000 ) ) ;
#2440 = VECTOR ( 'NONE', #462, 1000.000000000000000 ) ;
#2441 = LINE ( 'NONE', #1334, #2688 ) ;
#2442 =( BOUNDED_CURVE ( )  B_SPLINE_CURVE ( 3, ( #4888, #4182, #2670, #2247 ),
 .UNSPECIFIED., .F., .F. ) 
 B_SPLINE_CURVE_WITH_KNOTS ( ( 4, 4 ),
 ( 3.839724354387515692, 4.712388980384689674 ),
 .UNSPECIFIED. ) 
 CURVE ( )  GEOMETRIC_REPRESENTATION_ITEM ( )  RATIONAL_B_SPLINE_CURVE ( ( 1.000000000000000000, 0.9375385246910986625, 0.9375385246910986625, 1.000000000000000000 ) ) 
 REPRESENTATION_ITEM ( '' )  );
#2443 = EDGE_CURVE ( 'NONE', #1730, #1431, #71, .T. ) ;
#2444 = ORIENTED_EDGE ( 'NONE', *, *, #2215, .F. ) ;
#2445 = CARTESIAN_POINT ( 'NONE',  ( 0.000000000000000000, 40.15000000000002700, 2.000000000000000000 ) ) ;
#2446 = LINE ( 'NONE', #163, #2221 ) ;
#2447 = CARTESIAN_POINT ( 'NONE',  ( 45.00000000000000711, -55.00000000000000711, 35.00000000000000000 ) ) ;
#2448 = CIRCLE ( 'NONE', #4590, 3.000000000000002665 ) ;
#2449 = EDGE_CURVE ( 'NONE', #3804, #3194, #3196, .T. ) ;
#2450 = DIRECTION ( 'NONE',  ( 2.312964634635742957E-16, 0.000000000000000000, 1.000000000000000000 ) ) ;
#2451 = ORIENTED_EDGE ( 'NONE', *, *, #821, .F. ) ;
#2452 = LINE ( 'NONE', #3573, #4418 ) ;
#2453 = DIRECTION ( 'NONE',  ( 0.000000000000000000, 0.000000000000000000, 1.000000000000000000 ) ) ;
#2454 = LINE ( 'NONE', #574, #3907 ) ;
#2455 = AXIS2_PLACEMENT_3D ( 'NONE', #2334, #4258, #1639 ) ;
#2456 = AXIS2_PLACEMENT_3D ( 'NONE', #2883, #4387, #1005 ) ;
#2457 = DIRECTION ( 'NONE',  ( -0.000000000000000000, -0.000000000000000000, 1.000000000000000000 ) ) ;
#2458 = DIRECTION ( 'NONE',  ( 0.000000000000000000, 1.000000000000000000, -0.000000000000000000 ) ) ;
#2459 = EDGE_LOOP ( 'NONE', ( #2328, #1307, #4243, #214 ) ) ;
#2460 = LINE ( 'NONE', #2540, #4023 ) ;
#2461 = ORIENTED_EDGE ( 'NONE', *, *, #2798, .T. ) ;
#2462 = CARTESIAN_POINT ( 'NONE',  ( -12.00000000000000000, 57.50000000000000711, 30.00000000000001066 ) ) ;
#2463 = EDGE_CURVE ( 'NONE', #1930, #1934, #1592, .T. ) ;
#2464 = AXIS2_PLACEMENT_3D ( 'NONE', #4719, #1340, #4379 ) ;
#2465 = EDGE_CURVE ( 'NONE', #2797, #4847, #1260, .T. ) ;
#2466 = ORIENTED_EDGE ( 'NONE', *, *, #3585, .T. ) ;
#2467 = EDGE_CURVE ( 'NONE', #3760, #4046, #3176, .T. ) ;
#2468 = ORIENTED_EDGE ( 'NONE', *, *, #493, .F. ) ;
#2469 = ORIENTED_EDGE ( 'NONE', *, *, #417, .T. ) ;
#2470 = VECTOR ( 'NONE', #4614, 1000.000000000000000 ) ;
#2471 = DIRECTION ( 'NONE',  ( -1.000000000000000000, 0.000000000000000000, 0.000000000000000000 ) ) ;
#2472 = VECTOR ( 'NONE', #856, 999.9999999999998863 ) ;
#2473 = ORIENTED_EDGE ( 'NONE', *, *, #626, .T. ) ;
#2474 = DIRECTION ( 'NONE',  ( 0.000000000000000000, 0.000000000000000000, -1.000000000000000000 ) ) ;
#2475 = DIRECTION ( 'NONE',  ( 2.040851148208008491E-16, -1.000000000000000000, 0.000000000000000000 ) ) ;
#2476 = DIRECTION ( 'NONE',  ( 0.000000000000000000, 0.000000000000000000, 1.000000000000000000 ) ) ;
#2477 = ADVANCED_FACE ( 'NONE', ( #562 ), #4667, .T. ) ;
#2478 = EDGE_CURVE ( 'NONE', #1930, #3184, #3496, .T. ) ;
#2479 = FACE_OUTER_BOUND ( 'NONE', #1881, .T. ) ;
#2480 = ORIENTED_EDGE ( 'NONE', *, *, #4778, .F. ) ;
#2481 = DIRECTION ( 'NONE',  ( -1.000000000000000000, 0.000000000000000000, -0.000000000000000000 ) ) ;
#2482 = CARTESIAN_POINT ( 'NONE',  ( -26.24999999999997513, 61.25000000000001421, -20.15564437074637993 ) ) ;
#2483 = CARTESIAN_POINT ( 'NONE',  ( -36.74999999999996447, -62.49999999999998579, 44.75000000000000000 ) ) ;
#2484 = VECTOR ( 'NONE', #4488, 999.9999999999998863 ) ;
#2485 = PLANE ( 'NONE',  #3695 ) ;
#2486 = DIRECTION ( 'NONE',  ( 0.000000000000000000, 1.000000000000000000, -0.000000000000000000 ) ) ;
#2487 = ORIENTED_EDGE ( 'NONE', *, *, #2795, .F. ) ;
#2488 = CARTESIAN_POINT ( 'NONE',  ( -42.02199065292461455, -57.80469467080579449, 30.94558504263492438 ) ) ;
#2489 = CARTESIAN_POINT ( 'NONE',  ( -34.99999999999997868, 62.50000000000001421, -20.15564437074637993 ) ) ;
#2490 = ORIENTED_EDGE ( 'NONE', *, *, #2876, .F. ) ;
#2491 = CARTESIAN_POINT ( 'NONE',  ( -47.49999999999998579, -53.75000000000000000, 45.00000000000000000 ) ) ;
#2492 = ADVANCED_FACE ( 'NONE', ( #3131, #2745, #954 ), #2485, .F. ) ;
#2493 = DIRECTION ( 'NONE',  ( 1.000000000000000000, 0.000000000000000000, 0.000000000000000000 ) ) ;
#2494 = EDGE_LOOP ( 'NONE', ( #3929, #4090, #589, #2198, #1483, #1026, #2438, #690 ) ) ;
#2495 = ORIENTED_EDGE ( 'NONE', *, *, #655, .F. ) ;
#2496 = ORIENTED_EDGE ( 'NONE', *, *, #4268, .F. ) ;
#2497 = CARTESIAN_POINT ( 'NONE',  ( -31.99999999999997158, -62.49999999999998579, 36.54123203702889811 ) ) ;
#2498 = ORIENTED_EDGE ( 'NONE', *, *, #3860, .F. ) ;
#2499 = LINE ( 'NONE', #3918, #1214 ) ;
#2500 = VECTOR ( 'NONE', #4341, 1000.000000000000000 ) ;
#2501 = DIRECTION ( 'NONE',  ( -0.000000000000000000, -0.000000000000000000, -1.000000000000000000 ) ) ;
#2502 = DIRECTION ( 'NONE',  ( -1.000000000000000000, 0.000000000000000000, 0.000000000000000000 ) ) ;
#2503 = ADVANCED_FACE ( 'NONE', ( #3260 ), #2428, .T. ) ;
#2504 = EDGE_CURVE ( 'NONE', #1566, #4206, #1721, .T. ) ;
#2505 = CARTESIAN_POINT ( 'NONE',  ( 41.33954646367553210, -58.37733333830381355, 31.62802923188406368 ) ) ;
#2506 = ORIENTED_EDGE ( 'NONE', *, *, #2089, .T. ) ;
#2507 = CARTESIAN_POINT ( 'NONE',  ( -47.50099999999999056, -31.00000000000003197, 30.00000000000000355 ) ) ;
#2508 = FACE_OUTER_BOUND ( 'NONE', #507, .T. ) ;
#2509 = CIRCLE ( 'NONE', #2989, 3.000000000000002665 ) ;
#2510 = CARTESIAN_POINT ( 'NONE',  ( -47.50099999999999056, 14.99999999999998224, 23.00000000000000355 ) ) ;
#2511 = LINE ( 'NONE', #4024, #2310 ) ;
#2512 = ADVANCED_FACE ( 'NONE', ( #1749 ), #1321, .F. ) ;
#2513 = CARTESIAN_POINT ( 'NONE',  ( -43.74999999999997868, 61.25000000000001421, -20.15564437074637993 ) ) ;
#2514 = VERTEX_POINT ( 'NONE', #1371 ) ;
#2515 = DIRECTION ( 'NONE',  ( 0.000000000000000000, -1.000000000000000000, 0.000000000000000000 ) ) ;
#2516 = CYLINDRICAL_SURFACE ( 'NONE', #2931, 1.500000000000001332 ) ;
#2517 = VERTEX_POINT ( 'NONE', #3949 ) ;
#2518 = CARTESIAN_POINT ( 'NONE',  ( -43.49999999999999289, -32.50000000000000000, 45.00000000000000000 ) ) ;
#2519 = ADVANCED_FACE ( 'NONE', ( #2408 ), #3603, .F. ) ;
#2520 = ORIENTED_EDGE ( 'NONE', *, *, #4725, .F. ) ;
#2521 = ORIENTED_EDGE ( 'NONE', *, *, #13, .T. ) ;
#2522 = AXIS2_PLACEMENT_3D ( 'NONE', #28, #3952, #3930 ) ;
#2523 = EDGE_LOOP ( 'NONE', ( #2038, #2109 ) ) ;
#2524 = PLANE ( 'NONE',  #2297 ) ;
#2525 = VERTEX_POINT ( 'NONE', #3284 ) ;
#2526 = FACE_OUTER_BOUND ( 'NONE', #1268, .T. ) ;
#2527 = CARTESIAN_POINT ( 'NONE',  ( -34.99999999999997868, -62.49999999999998579, 43.00000000000000000 ) ) ;
#2528 =( GEOMETRIC_REPRESENTATION_CONTEXT ( 3 ) GLOBAL_UNCERTAINTY_ASSIGNED_CONTEXT ( ( #4502 ) ) GLOBAL_UNIT_ASSIGNED_CONTEXT ( ( #4032, #4061, #2890 ) ) REPRESENTATION_CONTEXT ( 'NONE', 'WORKASPACE' ) );
#2529 = CARTESIAN_POINT ( 'NONE',  ( 45.00000000000001421, 33.99999999999998579, 27.00000000000001066 ) ) ;
#2530 = EDGE_CURVE ( 'NONE', #1900, #1144, #4560, .T. ) ;
#2531 = CARTESIAN_POINT ( 'NONE',  ( -31.99999999999997158, -62.49999999999998579, 36.54123203702889811 ) ) ;
#2532 = ORIENTED_EDGE ( 'NONE', *, *, #625, .F. ) ;
#2533 = CARTESIAN_POINT ( 'NONE',  ( -27.97800934707535347, 57.80469467080581580, 30.94558504263494569 ) ) ;
#2534 = AXIS2_PLACEMENT_3D ( 'NONE', #1094, #2596, #4229 ) ;
#2535 = DIRECTION ( 'NONE',  ( -1.000000000000000000, 0.000000000000000000, -0.000000000000000000 ) ) ;
#2536 = CYLINDRICAL_SURFACE ( 'NONE', #749, 2.999999999999999112 ) ;
#2537 = CARTESIAN_POINT ( 'NONE',  ( -29.99999999999999289, -62.49999999999998579, 36.54123203702888389 ) ) ;
#2538 = DIRECTION ( 'NONE',  ( 0.000000000000000000, 0.000000000000000000, -1.000000000000000000 ) ) ;
#2539 = ORIENTED_EDGE ( 'NONE', *, *, #1359, .T. ) ;
#2540 = CARTESIAN_POINT ( 'NONE',  ( -43.49999999999999289, 54.99999999999997868, 2.000000000000001776 ) ) ;
#2541 = DIRECTION ( 'NONE',  ( 0.000000000000000000, 0.7071067811865352493, -0.7071067811865597852 ) ) ;
#2542 = EDGE_LOOP ( 'NONE', ( #4827, #3439, #2368, #2150, #768 ) ) ;
#2543 = DIRECTION ( 'NONE',  ( -0.000000000000000000, -1.000000000000000000, -0.000000000000000000 ) ) ;
#2544 = AXIS2_PLACEMENT_3D ( 'NONE', #709, #2736, #3167 ) ;
#2545 = EDGE_CURVE ( 'NONE', #2077, #938, #983, .T. ) ;
#2546 = VECTOR ( 'NONE', #2458, 1000.000000000000000 ) ;
#2547 = CARTESIAN_POINT ( 'NONE',  ( 45.00000000000000711, -55.00000000000000711, 3.500000000000000000 ) ) ;
#2548 = ORIENTED_EDGE ( 'NONE', *, *, #1632, .T. ) ;
#2549 = EDGE_LOOP ( 'NONE', ( #1912, #657, #332, #1280 ) ) ;
#2550 = ORIENTED_EDGE ( 'NONE', *, *, #1632, .F. ) ;
#2551 = CARTESIAN_POINT ( 'NONE',  ( -34.99999999999997868, -62.49999999999998579, 53.48528137423858198 ) ) ;
#2552 = ORIENTED_EDGE ( 'NONE', *, *, #3903, .F. ) ;
#2553 = DIRECTION ( 'NONE',  ( -1.000000000000000000, 0.000000000000000000, 0.000000000000000000 ) ) ;
#2554 = CIRCLE ( 'NONE', #1140, 1.500000000000001332 ) ;
#2555 = CARTESIAN_POINT ( 'NONE',  ( 43.50000000000000711, 55.00000000000000711, 2.000000000000000000 ) ) ;
#2556 = DIRECTION ( 'NONE',  ( -0.000000000000000000, 1.000000000000000000, -0.000000000000000000 ) ) ;
#2557 = EDGE_CURVE ( 'NONE', #1723, #1743, #1347, .T. ) ;
#2558 = VECTOR ( 'NONE', #4312, 1000.000000000000000 ) ;
#2559 = VERTEX_POINT ( 'NONE', #3208 ) ;
#2560 = VECTOR ( 'NONE', #2779, 1000.000000000000000 ) ;
#2561 = CARTESIAN_POINT ( 'NONE',  ( -29.99999999999998579, 62.50000000000001421, 36.54123203702892653 ) ) ;
#2562 = DIRECTION ( 'NONE',  ( 0.000000000000000000, 0.000000000000000000, 1.000000000000000000 ) ) ;
#2563 = LINE ( 'NONE', #4884, #829 ) ;
#2564 = ADVANCED_FACE ( 'NONE', ( #4000 ), #575, .F. ) ;
#2565 = CARTESIAN_POINT ( 'NONE',  ( -36.74999999999996447, 62.50000000000001421, 43.00000000000000000 ) ) ;
#2566 = VERTEX_POINT ( 'NONE', #2908 ) ;
#2567 = CARTESIAN_POINT ( 'NONE',  ( -43.50000000000000711, 1.214655472112533776E-14, 3.500000000000000000 ) ) ;
#2568 = DIRECTION ( 'NONE',  ( -1.000000000000000000, 0.000000000000000000, 0.000000000000000000 ) ) ;
#2569 = ORIENTED_EDGE ( 'NONE', *, *, #4873, .T. ) ;
#2570 = AXIS2_PLACEMENT_3D ( 'NONE', #1890, #5, #4579 ) ;
#2571 = DIRECTION ( 'NONE',  ( -0.7071067811865437980, -2.886199372580453711E-16, -0.7071067811865513475 ) ) ;
#2572 = EDGE_LOOP ( 'NONE', ( #2808, #2338, #235, #3414, #2090 ) ) ;
#2573 = ORIENTED_EDGE ( 'NONE', *, *, #1938, .T. ) ;
#2574 = EDGE_CURVE ( 'NONE', #1975, #3840, #2853, .T. ) ;
#2575 = ORIENTED_EDGE ( 'NONE', *, *, #3543, .T. ) ;
#2576 = DIRECTION ( 'NONE',  ( -0.000000000000000000, 1.000000000000000000, 1.577021341797097067E-16 ) ) ;
#2577 = ORIENTED_EDGE ( 'NONE', *, *, #4053, .F. ) ;
#2578 = CARTESIAN_POINT ( 'NONE',  ( 13.25000000000001066, 40.55000000000002558, 0.3999999999999975797 ) ) ;
#2579 = DIRECTION ( 'NONE',  ( 0.000000000000000000, 0.000000000000000000, 1.000000000000000000 ) ) ;
#2580 = CIRCLE ( 'NONE', #1710, 1.500000000000001332 ) ;
#2581 = CARTESIAN_POINT ( 'NONE',  ( -47.49999999999997868, -32.50000000000000000, 38.00000000000000000 ) ) ;
#2582 = ORIENTED_EDGE ( 'NONE', *, *, #1389, .T. ) ;
#2583 = VECTOR ( 'NONE', #4690, 1000.000000000000000 ) ;
#2584 = DIRECTION ( 'NONE',  ( 1.000000000000000000, 0.000000000000000000, 0.000000000000000000 ) ) ;
#2585 = FACE_OUTER_BOUND ( 'NONE', #194, .T. ) ;
#2586 = DIRECTION ( 'NONE',  ( 0.000000000000000000, 0.000000000000000000, 1.000000000000000000 ) ) ;
#2587 = LINE ( 'NONE', #3407, #4668 ) ;
#2588 = ORIENTED_EDGE ( 'NONE', *, *, #1903, .T. ) ;
#2589 = DIRECTION ( 'NONE',  ( 0.000000000000000000, 0.000000000000000000, 1.000000000000000000 ) ) ;
#2590 = CARTESIAN_POINT ( 'NONE',  ( 47.50100000000001899, 58.37733333830383486, 31.62802923188407789 ) ) ;
#2591 = ORIENTED_EDGE ( 'NONE', *, *, #1761, .T. ) ;
#2592 = LINE ( 'NONE', #20, #1539 ) ;
#2593 = VECTOR ( 'NONE', #1891, 1000.000000000000000 ) ;
#2594 = ORIENTED_EDGE ( 'NONE', *, *, #4830, .F. ) ;
#2595 = VERTEX_POINT ( 'NONE', #3551 ) ;
#2596 = DIRECTION ( 'NONE',  ( 0.000000000000000000, 0.000000000000000000, -1.000000000000000000 ) ) ;
#2597 = EDGE_CURVE ( 'NONE', #375, #41, #2511, .T. ) ;
#2598 = ORIENTED_EDGE ( 'NONE', *, *, #2084, .F. ) ;
#2599 = DIRECTION ( 'NONE',  ( 0.000000000000000000, 0.000000000000000000, 1.000000000000000000 ) ) ;
#2600 = ORIENTED_EDGE ( 'NONE', *, *, #4571, .F. ) ;
#2601 = DIRECTION ( 'NONE',  ( -0.000000000000000000, -0.000000000000000000, -1.000000000000000000 ) ) ;
#2602 = CARTESIAN_POINT ( 'NONE',  ( 43.75000000000002132, -53.75000000000000000, 0.000000000000000000 ) ) ;
#2603 = EDGE_CURVE ( 'NONE', #3816, #2331, #3817, .T. ) ;
#2604 = VECTOR ( 'NONE', #122, 1000.000000000000000 ) ;
#2605 = CARTESIAN_POINT ( 'NONE',  ( 30.00000000000004619, -62.49999999999998579, 36.54123203702889811 ) ) ;
#2606 = ORIENTED_EDGE ( 'NONE', *, *, #4022, .F. ) ;
#2607 = CARTESIAN_POINT ( 'NONE',  ( 43.75000000000002132, 57.50000000000000711, 0.3999999999999975797 ) ) ;
#2608 = DIRECTION ( 'NONE',  ( 0.000000000000000000, 0.000000000000000000, 1.000000000000000000 ) ) ;
#2609 = EDGE_CURVE ( 'NONE', #2695, #412, #149, .T. ) ;
#2610 = CARTESIAN_POINT ( 'NONE',  ( -34.99999999999997868, -62.49999999999998579, 44.75000000000000000 ) ) ;
#2611 = AXIS2_PLACEMENT_3D ( 'NONE', #4875, #26, #4095 ) ;
#2612 =( BOUNDED_CURVE ( )  B_SPLINE_CURVE ( 3, ( #2801, #902, #4655, #3121 ),
 .UNSPECIFIED., .F., .F. ) 
 B_SPLINE_CURVE_WITH_KNOTS ( ( 4, 4 ),
 ( 3.839724354387515692, 4.712388980384687009 ),
 .UNSPECIFIED. ) 
 CURVE ( )  GEOMETRIC_REPRESENTATION_ITEM ( )  RATIONAL_B_SPLINE_CURVE ( ( 1.000000000000000000, 0.9375385246910991066, 0.9375385246910991066, 1.000000000000000000 ) ) 
 REPRESENTATION_ITEM ( '' )  );
#2613 = DIRECTION ( 'NONE',  ( 0.000000000000000000, 0.7071067811865536790, 0.7071067811865414665 ) ) ;
#2614 = EDGE_LOOP ( 'NONE', ( #1957, #2690, #3205, #3714 ) ) ;
#2615 = CONICAL_SURFACE ( 'NONE', #2379, 3.349999999999998757, 0.7853981633974526089 ) ;
#2616 = DIRECTION ( 'NONE',  ( -1.000000000000000000, 0.000000000000000000, 0.000000000000000000 ) ) ;
#2617 = CARTESIAN_POINT ( 'NONE',  ( 45.00000000000001421, -34.00000000000002842, 23.00000000000000000 ) ) ;
#2618 = ORIENTED_EDGE ( 'NONE', *, *, #2113, .T. ) ;
#2619 = FACE_OUTER_BOUND ( 'NONE', #2095, .T. ) ;
#2620 = VERTEX_POINT ( 'NONE', #1300 ) ;
#2621 = VERTEX_POINT ( 'NONE', #2802 ) ;
#2622 = CARTESIAN_POINT ( 'NONE',  ( 47.50000000000001421, 53.75000000000002132, 45.00000000000000000 ) ) ;
#2623 = VERTEX_POINT ( 'NONE', #4314 ) ;
#2624 = VECTOR ( 'NONE', #14, 1000.000000000000114 ) ;
#2625 = EDGE_CURVE ( 'NONE', #2017, #4344, #928, .T. ) ;
#2626 = CARTESIAN_POINT ( 'NONE',  ( -44.99999999999999289, -49.50000000000000711, 35.00000000000000000 ) ) ;
#2627 = EDGE_CURVE ( 'NONE', #4137, #4847, #2063, .T. ) ;
#2628 = AXIS2_PLACEMENT_3D ( 'NONE', #2645, #2568, #4865 ) ;
#2629 = ORIENTED_EDGE ( 'NONE', *, *, #3415, .T. ) ;
#2630 = DIRECTION ( 'NONE',  ( -1.000000000000000000, 0.000000000000000000, 2.312964634635742957E-16 ) ) ;
#2631 = DIRECTION ( 'NONE',  ( -1.000000000000000000, 0.000000000000000000, 0.000000000000000000 ) ) ;
#2632 = AXIS2_PLACEMENT_3D ( 'NONE', #118, #3521, #1618 ) ;
#2633 = DIRECTION ( 'NONE',  ( -0.000000000000000000, -0.000000000000000000, -1.000000000000000000 ) ) ;
#2634 = ORIENTED_EDGE ( 'NONE', *, *, #795, .F. ) ;
#2635 = CARTESIAN_POINT ( 'NONE',  ( 26.25000000000003197, -57.49999999999999289, 29.21757569555954959 ) ) ;
#2636 = EDGE_CURVE ( 'NONE', #2918, #2525, #3356, .T. ) ;
#2637 = DIRECTION ( 'NONE',  ( -1.000000000000000000, 5.551115123125869477E-15, 0.000000000000000000 ) ) ;
#2638 = ADVANCED_FACE ( 'NONE', ( #1825 ), #355, .F. ) ;
#2639 = DIRECTION ( 'NONE',  ( 1.000000000000000000, -0.000000000000000000, 0.000000000000000000 ) ) ;
#2640 = CARTESIAN_POINT ( 'NONE',  ( -45.00000000000000000, 30.14999999999999147, -143.7228235180481022 ) ) ;
#2641 = DIRECTION ( 'NONE',  ( -1.000000000000000000, 0.000000000000000000, 0.000000000000000000 ) ) ;
#2642 = EDGE_CURVE ( 'NONE', #4070, #395, #3109, .T. ) ;
#2643 = VERTEX_POINT ( 'NONE', #4465 ) ;
#2644 = CARTESIAN_POINT ( 'NONE',  ( 33.25000000000002842, 62.50000000000001421, 43.00000000000000000 ) ) ;
#2645 = CARTESIAN_POINT ( 'NONE',  ( -47.50099999999999056, -34.00000000000002842, 23.00000000000000000 ) ) ;
#2646 = EDGE_LOOP ( 'NONE', ( #1302, #2404 ) ) ;
#2647 = DIRECTION ( 'NONE',  ( -0.000000000000000000, -0.000000000000000000, -1.000000000000000000 ) ) ;
#2648 = AXIS2_PLACEMENT_3D ( 'NONE', #4051, #4359, #1775 ) ;
#2649 = ORIENTED_EDGE ( 'NONE', *, *, #3890, .F. ) ;
#2650 = VERTEX_POINT ( 'NONE', #2537 ) ;
#2651 = CARTESIAN_POINT ( 'NONE',  ( -29.99999999999999289, -61.25000000000001421, 35.05154004628613507 ) ) ;
#2652 = CIRCLE ( 'NONE', #670, 1.500000000000000000 ) ;
#2653 = EDGE_LOOP ( 'NONE', ( #3254, #668 ) ) ;
#2654 = EDGE_CURVE ( 'NONE', #2719, #231, #3309, .T. ) ;
#2655 = CARTESIAN_POINT ( 'NONE',  ( -15.00000000000000000, -89.12277660168375348, 20.00000000000000711 ) ) ;
#2656 = LINE ( 'NONE', #1516, #143 ) ;
#2657 = ORIENTED_EDGE ( 'NONE', *, *, #2179, .T. ) ;
#2658 = CARTESIAN_POINT ( 'NONE',  ( 15.00000000000000000, -57.49999999999999289, 23.00000000000000000 ) ) ;
#2659 = CARTESIAN_POINT ( 'NONE',  ( -47.50099999999999056, 67.49999999999997158, 42.49999999999999289 ) ) ;
#2660 = FACE_OUTER_BOUND ( 'NONE', #4196, .T. ) ;
#2661 = ORIENTED_EDGE ( 'NONE', *, *, #1634, .T. ) ;
#2662 = AXIS2_PLACEMENT_3D ( 'NONE', #4623, #3937, #1239 ) ;
#2663 = PLANE ( 'NONE',  #2241 ) ;
#2664 = FACE_OUTER_BOUND ( 'NONE', #1352, .T. ) ;
#2665 = AXIS2_PLACEMENT_3D ( 'NONE', #4074, #2901, #3819 ) ;
#2666 = ADVANCED_FACE ( 'NONE', ( #2243 ), #4106, .F. ) ;
#2667 = AXIS2_PLACEMENT_3D ( 'NONE', #601, #523, #4754 ) ;
#2668 = CARTESIAN_POINT ( 'NONE',  ( -47.49999999999997868, -32.50000000000000000, 34.99999999999999289 ) ) ;
#2669 = ORIENTED_EDGE ( 'NONE', *, *, #1217, .F. ) ;
#2670 = CARTESIAN_POINT ( 'NONE',  ( 30.00000000000004263, -60.12306427786542429, 33.70851035080949032 ) ) ;
#2671 = LINE ( 'NONE', #3940, #1832 ) ;
#2672 = ORIENTED_EDGE ( 'NONE', *, *, #3487, .T. ) ;
#2673 = CARTESIAN_POINT ( 'NONE',  ( -15.00000000000000000, -57.49999999999999289, 27.00000000000001066 ) ) ;
#2674 = ADVANCED_FACE ( 'NONE', ( #1500 ), #3707, .F. ) ;
#2675 = ORIENTED_EDGE ( 'NONE', *, *, #2923, .F. ) ;
#2676 = EDGE_LOOP ( 'NONE', ( #3818, #418, #450, #4140, #1517, #69, #133, #1153, #3709, #3110 ) ) ;
#2677 = DIRECTION ( 'NONE',  ( 1.000000000000000000, 0.000000000000000000, 0.000000000000000000 ) ) ;
#2678 = VECTOR ( 'NONE', #1713, 1000.000000000000000 ) ;
#2679 = PLANE ( 'NONE',  #3325 ) ;
#2680 = ORIENTED_EDGE ( 'NONE', *, *, #4305, .T. ) ;
#2681 = CARTESIAN_POINT ( 'NONE',  ( -11.99999999999999645, -55.00000000000001421, 20.00000000000000355 ) ) ;
#2682 = CARTESIAN_POINT ( 'NONE',  ( -47.50099999999999056, 14.99999999999998224, 27.00000000000001066 ) ) ;
#2683 = DIRECTION ( 'NONE',  ( -1.000000000000000000, 0.000000000000000000, 0.000000000000000000 ) ) ;
#2684 = ORIENTED_EDGE ( 'NONE', *, *, #867, .F. ) ;
#2685 = AXIS2_PLACEMENT_3D ( 'NONE', #2207, #1465, #4770 ) ;
#2686 = CARTESIAN_POINT ( 'NONE',  ( -43.49999999999999289, -53.50000000000002132, 3.500000000000000000 ) ) ;
#2687 = EDGE_CURVE ( 'NONE', #3851, #474, #306, .T. ) ;
#2688 = VECTOR ( 'NONE', #3297, 1000.000000000000000 ) ;
#2689 = EDGE_CURVE ( 'NONE', #3791, #3995, #4434, .T. ) ;
#2690 = ORIENTED_EDGE ( 'NONE', *, *, #240, .T. ) ;
#2691 = DIRECTION ( 'NONE',  ( -0.000000000000000000, -0.000000000000000000, 1.000000000000000000 ) ) ;
#2692 = DIRECTION ( 'NONE',  ( 1.000000000000000000, 0.000000000000000000, 0.000000000000000000 ) ) ;
#2693 = PLANE ( 'NONE',  #3900 ) ;
#2694 = DIRECTION ( 'NONE',  ( 0.000000000000000000, 0.6427876096865354771, 0.7660444431189811221 ) ) ;
#2695 = VERTEX_POINT ( 'NONE', #857 ) ;
#2696 = PLANE ( 'NONE',  #1983 ) ;
#2697 = EDGE_LOOP ( 'NONE', ( #4323, #438, #2575, #2100, #460, #3878, #4485, #4548 ) ) ;
#2698 = ADVANCED_FACE ( 'NONE', ( #905 ), #1997, .F. ) ;
#2699 = CARTESIAN_POINT ( 'NONE',  ( 13.25000000000000888, 49.05000000000002558, -0.001000000000017913643 ) ) ;
#2700 = AXIS2_PLACEMENT_3D ( 'NONE', #3179, #2029, #4223 ) ;
#2701 = CARTESIAN_POINT ( 'NONE',  ( 30.00000000000004619, 0.000000000000000000, 45.00000000000000000 ) ) ;
#2702 = EDGE_LOOP ( 'NONE', ( #4395, #3898, #181, #4007 ) ) ;
#2703 = CARTESIAN_POINT ( 'NONE',  ( 36.75000000000002132, -62.49999999999998579, 0.000000000000000000 ) ) ;
#2704 = VERTEX_POINT ( 'NONE', #1032 ) ;
#2705 = CARTESIAN_POINT ( 'NONE',  ( 43.75000000000002132, -53.75000000000000000, 45.00000000000000000 ) ) ;
#2706 = ORIENTED_EDGE ( 'NONE', *, *, #3267, .F. ) ;
#2707 = FACE_OUTER_BOUND ( 'NONE', #3622, .T. ) ;
#2708 = EDGE_CURVE ( 'NONE', #474, #4004, #3976, .T. ) ;
#2709 = LINE ( 'NONE', #4264, #4438 ) ;
#2710 = ORIENTED_EDGE ( 'NONE', *, *, #271, .T. ) ;
#2711 = DIRECTION ( 'NONE',  ( -0.000000000000000000, 0.000000000000000000, 1.000000000000000000 ) ) ;
#2712 = DIRECTION ( 'NONE',  ( 0.000000000000000000, 0.000000000000000000, -1.000000000000000000 ) ) ;
#2713 = CIRCLE ( 'NONE', #4284, 1.999999999999988010 ) ;
#2714 = ORIENTED_EDGE ( 'NONE', *, *, #2825, .T. ) ;
#2715 = CARTESIAN_POINT ( 'NONE',  ( 43.50000000000000711, 53.50000000000000000, 3.500000000000000000 ) ) ;
#2716 = AXIS2_PLACEMENT_3D ( 'NONE', #1297, #3926, #2384 ) ;
#2717 = AXIS2_PLACEMENT_3D ( 'NONE', #2482, #4020, #1668 ) ;
#2718 = ORIENTED_EDGE ( 'NONE', *, *, #3624, .F. ) ;
#2719 = VERTEX_POINT ( 'NONE', #3630 ) ;
#2720 = FACE_OUTER_BOUND ( 'NONE', #3747, .T. ) ;
#2721 = EDGE_CURVE ( 'NONE', #4660, #2944, #3190, .T. ) ;
#2722 = FACE_OUTER_BOUND ( 'NONE', #3052, .T. ) ;
#2723 = EDGE_CURVE ( 'NONE', #2838, #2782, #4828, .T. ) ;
#2724 = EDGE_LOOP ( 'NONE', ( #4277, #3702, #1482, #1607 ) ) ;
#2725 = DIRECTION ( 'NONE',  ( 1.000000000000000000, 1.541976423090495387E-16, 0.000000000000000000 ) ) ;
#2726 = ADVANCED_FACE ( 'NONE', ( #576 ), #956, .F. ) ;
#2727 = CARTESIAN_POINT ( 'NONE',  ( 47.50000000000001421, 39.49999999999999289, 38.00000000000000000 ) ) ;
#2728 = ORIENTED_EDGE ( 'NONE', *, *, #437, .T. ) ;
#2729 = DIRECTION ( 'NONE',  ( 1.000000000000000000, 0.000000000000000000, -2.312964634635742957E-16 ) ) ;
#2730 = EDGE_CURVE ( 'NONE', #816, #4818, #2803, .T. ) ;
#2731 = CARTESIAN_POINT ( 'NONE',  ( 13.25000000000001066, 40.55000000000002558, -0.001000000000017913643 ) ) ;
#2732 = ORIENTED_EDGE ( 'NONE', *, *, #783, .F. ) ;
#2733 = CARTESIAN_POINT ( 'NONE',  ( 47.50000000000001421, -57.49999999999999289, 45.00000000000000000 ) ) ;
#2734 = FACE_OUTER_BOUND ( 'NONE', #4876, .T. ) ;
#2735 = DIRECTION ( 'NONE',  ( -0.000000000000000000, -1.000000000000000000, 0.000000000000000000 ) ) ;
#2736 = DIRECTION ( 'NONE',  ( 1.000000000000000000, -0.000000000000000000, 0.000000000000000000 ) ) ;
#2737 = ORIENTED_EDGE ( 'NONE', *, *, #2825, .F. ) ;
#2738 = AXIS2_PLACEMENT_3D ( 'NONE', #608, #2571, #1428 ) ;
#2739 = CYLINDRICAL_SURFACE ( 'NONE', #4822, 2.999999999999999112 ) ;
#2740 = ORIENTED_EDGE ( 'NONE', *, *, #4039, .F. ) ;
#2741 = DIRECTION ( 'NONE',  ( 0.000000000000000000, 0.000000000000000000, -1.000000000000000000 ) ) ;
#2742 = DIRECTION ( 'NONE',  ( 0.000000000000000000, 0.000000000000000000, -1.000000000000000000 ) ) ;
#2743 = VERTEX_POINT ( 'NONE', #4362 ) ;
#2744 = ADVANCED_FACE ( 'NONE', ( #2140 ), #4316, .F. ) ;
#2745 = FACE_BOUND ( 'NONE', #4665, .T. ) ;
#2746 = AXIS2_PLACEMENT_3D ( 'NONE', #3598, #3183, #3253 ) ;
#2747 = AXIS2_PLACEMENT_3D ( 'NONE', #275, #4045, #3375 ) ;
#2748 = ORIENTED_EDGE ( 'NONE', *, *, #1098, .F. ) ;
#2749 = DIRECTION ( 'NONE',  ( -1.000000000000000000, 0.000000000000000000, 0.000000000000000000 ) ) ;
#2750 = EDGE_LOOP ( 'NONE', ( #1116, #2539, #2748, #1424 ) ) ;
#2751 = CARTESIAN_POINT ( 'NONE',  ( 45.00000000000004974, -55.00000000000000711, 29.99999999999997158 ) ) ;
#2752 = EDGE_CURVE ( 'NONE', #3816, #1787, #1372, .T. ) ;
#2753 = VECTOR ( 'NONE', #258, 1000.000000000000000 ) ;
#2754 = CARTESIAN_POINT ( 'NONE',  ( -6.500000000000002665, -57.49999999999999289, 34.99999999999999289 ) ) ;
#2755 = ORIENTED_EDGE ( 'NONE', *, *, #1938, .F. ) ;
#2756 = CARTESIAN_POINT ( 'NONE',  ( -34.99999999999997868, 62.50000000000001421, 43.00000000000000000 ) ) ;
#2757 = VERTEX_POINT ( 'NONE', #1324 ) ;
#2758 = FACE_OUTER_BOUND ( 'NONE', #1758, .T. ) ;
#2759 = AXIS2_PLACEMENT_3D ( 'NONE', #1495, #2264, #2584 ) ;
#2760 = EDGE_LOOP ( 'NONE', ( #3168, #2430, #987, #1456, #2149, #1528, #3664, #3316 ) ) ;
#2761 = CARTESIAN_POINT ( 'NONE',  ( -43.74999999999998579, -57.10000000000000142, 0.000000000000000000 ) ) ;
#2762 = CIRCLE ( 'NONE', #313, 1.749999999999987566 ) ;
#2763 = LINE ( 'NONE', #3170, #2373 ) ;
#2764 = ORIENTED_EDGE ( 'NONE', *, *, #3532, .F. ) ;
#2765 = DIRECTION ( 'NONE',  ( 0.000000000000000000, 1.734723475976806108E-16, -1.000000000000000000 ) ) ;
#2766 = CARTESIAN_POINT ( 'NONE',  ( 35.00000000000001421, 62.50000000000001421, 44.75000000000000000 ) ) ;
#2767 = ORIENTED_EDGE ( 'NONE', *, *, #2465, .F. ) ;
#2768 = AXIS2_PLACEMENT_3D ( 'NONE', #1009, #2541, #526 ) ;
#2769 = DIRECTION ( 'NONE',  ( 0.000000000000000000, 0.000000000000000000, 1.000000000000000000 ) ) ;
#2770 = EDGE_CURVE ( 'NONE', #3134, #3938, #1274, .T. ) ;
#2771 = DIRECTION ( 'NONE',  ( -1.000000000000000000, 0.000000000000000000, 0.000000000000000000 ) ) ;
#2772 = AXIS2_PLACEMENT_3D ( 'NONE', #3990, #139, #4646 ) ;
#2773 = DIRECTION ( 'NONE',  ( -0.000000000000000000, -1.000000000000000000, -0.000000000000000000 ) ) ;
#2774 = CONICAL_SURFACE ( 'NONE', #1757, 3.349999999999998757, 0.7853981633974526089 ) ;
#2775 = EDGE_CURVE ( 'NONE', #3340, #1343, #4001, .T. ) ;
#2776 = ORIENTED_EDGE ( 'NONE', *, *, #2721, .T. ) ;
#2777 = DIRECTION ( 'NONE',  ( -1.000000000000000000, 0.000000000000000000, 0.000000000000000000 ) ) ;
#2778 = PLANE ( 'NONE',  #2953 ) ;
#2779 = DIRECTION ( 'NONE',  ( 0.000000000000000000, 0.000000000000000000, -1.000000000000000000 ) ) ;
#2780 = EDGE_CURVE ( 'NONE', #2595, #2993, #2909, .T. ) ;
#2781 = ADVANCED_FACE ( 'NONE', ( #4054 ), #4413, .F. ) ;
#2782 = VERTEX_POINT ( 'NONE', #656 ) ;
#2783 = CARTESIAN_POINT ( 'NONE',  ( -31.99999999999997158, -62.49999999999998579, 53.48528137423858198 ) ) ;
#2784 = ORIENTED_EDGE ( 'NONE', *, *, #4368, .F. ) ;
#2785 = PLANE ( 'NONE',  #3068 ) ;
#2786 = DIRECTION ( 'NONE',  ( -1.000000000000000000, 0.000000000000000000, 0.000000000000000000 ) ) ;
#2787 = ORIENTED_EDGE ( 'NONE', *, *, #4530, .F. ) ;
#2788 = ADVANCED_FACE ( 'NONE', ( #3209 ), #2884, .F. ) ;
#2789 = CARTESIAN_POINT ( 'NONE',  ( -43.74999999999997158, -53.75000000000000000, 45.00000000000000000 ) ) ;
#2790 = CIRCLE ( 'NONE', #665, 1.500000000000000000 ) ;
#2791 = EDGE_LOOP ( 'NONE', ( #3987, #1122, #357, #858 ) ) ;
#2792 = DIRECTION ( 'NONE',  ( 0.000000000000000000, 0.000000000000000000, 1.000000000000000000 ) ) ;
#2793 = CARTESIAN_POINT ( 'NONE',  ( 13.25000000000001066, 40.55000000000002558, 1.600000000000016298 ) ) ;
#2794 = DIRECTION ( 'NONE',  ( -0.000000000000000000, -0.000000000000000000, 1.000000000000000000 ) ) ;
#2795 = EDGE_CURVE ( 'NONE', #4029, #1478, #282, .T. ) ;
#2796 = CARTESIAN_POINT ( 'NONE',  ( 45.00000000000001421, 11.99999999999998224, 23.00000000000000355 ) ) ;
#2797 = VERTEX_POINT ( 'NONE', #3950 ) ;
#2798 = EDGE_CURVE ( 'NONE', #412, #1331, #549, .T. ) ;
#2799 = DIRECTION ( 'NONE',  ( 1.000000000000000000, 0.000000000000000000, 0.000000000000000000 ) ) ;
#2800 = DIRECTION ( 'NONE',  ( -0.000000000000000000, -0.000000000000000000, 1.000000000000000000 ) ) ;
#2801 = CARTESIAN_POINT ( 'NONE',  ( 28.66045353632451409, 58.37733333830382776, 31.62802923188407789 ) ) ;
#2802 = CARTESIAN_POINT ( 'NONE',  ( -15.00000000000000000, -55.00000000000001421, 23.00000000000002132 ) ) ;
#2803 = LINE ( 'NONE', #4025, #3651 ) ;
#2804 = ORIENTED_EDGE ( 'NONE', *, *, #3522, .F. ) ;
#2805 = LINE ( 'NONE', #2658, #1580 ) ;
#2806 = LINE ( 'NONE', #2432, #4200 ) ;
#2807 = VECTOR ( 'NONE', #217, 1000.000000000000000 ) ;
#2808 = ORIENTED_EDGE ( 'NONE', *, *, #3569, .F. ) ;
#2809 = CARTESIAN_POINT ( 'NONE',  ( 32.00000000000002842, -62.49999999999998579, 36.54123203702889811 ) ) ;
#2810 = EDGE_CURVE ( 'NONE', #4058, #1284, #3570, .T. ) ;
#2811 = ORIENTED_EDGE ( 'NONE', *, *, #4404, .T. ) ;
#2812 = CARTESIAN_POINT ( 'NONE',  ( 45.00000000000000711, -53.50000000000000711, 2.000000000000000000 ) ) ;
#2813 = EDGE_CURVE ( 'NONE', #611, #3917, #603, .T. ) ;
#2814 = VERTEX_POINT ( 'NONE', #2115 ) ;
#2815 = CARTESIAN_POINT ( 'NONE',  ( 35.00000000000002842, -62.49999999999998579, 43.00000000000000000 ) ) ;
#2816 = CARTESIAN_POINT ( 'NONE',  ( -12.00000000000000000, -57.49999999999999289, 20.00000000000000711 ) ) ;
#2817 = DIRECTION ( 'NONE',  ( 0.000000000000000000, 0.6427876096865356992, 0.7660444431189812331 ) ) ;
#2818 = VECTOR ( 'NONE', #3351, 1000.000000000000000 ) ;
#2819 = LINE ( 'NONE', #220, #207 ) ;
#2820 = ORIENTED_EDGE ( 'NONE', *, *, #2723, .F. ) ;
#2821 = CARTESIAN_POINT ( 'NONE',  ( 12.85000000000001030, 49.45000000000002416, 0.000000000000000000 ) ) ;
#2822 = CARTESIAN_POINT ( 'NONE',  ( -33.24999999999998579, 62.50000000000001421, 44.75000000000000000 ) ) ;
#2823 = DIRECTION ( 'NONE',  ( -1.000000000000000000, 0.000000000000000000, 0.000000000000000000 ) ) ;
#2824 = EDGE_CURVE ( 'NONE', #4417, #242, #4158, .T. ) ;
#2825 = EDGE_CURVE ( 'NONE', #4034, #242, #2587, .T. ) ;
#2826 = CARTESIAN_POINT ( 'NONE',  ( 35.00000000000002842, -62.49999999999998579, 0.000000000000000000 ) ) ;
#2827 = DIRECTION ( 'NONE',  ( 1.000000000000000000, 0.000000000000000000, 0.000000000000000000 ) ) ;
#2828 = ORIENTED_EDGE ( 'NONE', *, *, #105, .T. ) ;
#2829 = FACE_OUTER_BOUND ( 'NONE', #1575, .T. ) ;
#2830 = PLANE ( 'NONE',  #3561 ) ;
#2831 = ORIENTED_EDGE ( 'NONE', *, *, #3846, .T. ) ;
#2832 = VECTOR ( 'NONE', #2515, 1000.000000000000000 ) ;
#2833 = LINE ( 'NONE', #1727, #2500 ) ;
#2834 = AXIS2_PLACEMENT_3D ( 'NONE', #4613, #2711, #2318 ) ;
#2835 = ORIENTED_EDGE ( 'NONE', *, *, #3770, .F. ) ;
#2836 = ORIENTED_EDGE ( 'NONE', *, *, #2209, .T. ) ;
#2837 = EDGE_CURVE ( 'NONE', #3214, #949, #1826, .T. ) ;
#2838 = VERTEX_POINT ( 'NONE', #4466 ) ;
#2839 = AXIS2_PLACEMENT_3D ( 'NONE', #4453, #3796, #419 ) ;
#2840 = DIRECTION ( 'NONE',  ( -1.000000000000000000, 0.000000000000000000, 0.000000000000000000 ) ) ;
#2841 = ORIENTED_EDGE ( 'NONE', *, *, #655, .T. ) ;
#2842 = VECTOR ( 'NONE', #128, 1000.000000000000000 ) ;
#2843 = FACE_BOUND ( 'NONE', #3010, .T. ) ;
#2844 = CARTESIAN_POINT ( 'NONE',  ( 38.00000000000002132, 62.50000000000001421, 36.54123203702892653 ) ) ;
#2845 = CARTESIAN_POINT ( 'NONE',  ( -47.49999999999997868, 30.14999999999999147, -143.7228235180481022 ) ) ;
#2846 = FACE_OUTER_BOUND ( 'NONE', #2459, .T. ) ;
#2847 = ORIENTED_EDGE ( 'NONE', *, *, #3765, .F. ) ;
#2848 = CARTESIAN_POINT ( 'NONE',  ( -37.99999999999997868, 56.50000000000001421, 29.39071048146359644 ) ) ;
#2849 = EDGE_CURVE ( 'NONE', #2944, #121, #3808, .T. ) ;
#2850 = CARTESIAN_POINT ( 'NONE',  ( -43.74999999999997158, -53.75000000000000000, 0.000000000000000000 ) ) ;
#2851 = CARTESIAN_POINT ( 'NONE',  ( -43.49999999999999289, -53.50000000000002132, 3.500000000000000000 ) ) ;
#2852 = VECTOR ( 'NONE', #449, 1000.000000000000000 ) ;
#2853 = CIRCLE ( 'NONE', #2456, 2.999999999999999112 ) ;
#2854 = DIRECTION ( 'NONE',  ( 0.000000000000000000, 0.000000000000000000, -1.000000000000000000 ) ) ;
#2855 = DIRECTION ( 'NONE',  ( -0.000000000000000000, -0.000000000000000000, 1.000000000000000000 ) ) ;
#2856 = ORIENTED_EDGE ( 'NONE', *, *, #3569, .T. ) ;
#2857 = CARTESIAN_POINT ( 'NONE',  ( 47.50000000000001421, 30.99999999999998934, 30.00000000000001066 ) ) ;
#2858 = DIRECTION ( 'NONE',  ( 1.000000000000000000, 0.000000000000000000, -0.000000000000000000 ) ) ;
#2859 = EDGE_LOOP ( 'NONE', ( #1169, #2175, #351, #1234 ) ) ;
#2860 = CARTESIAN_POINT ( 'NONE',  ( -47.09999999999998721, 53.75000000000002132, 0.000000000000000000 ) ) ;
#2861 = VECTOR ( 'NONE', #99, 1000.000000000000000 ) ;
#2862 = DIRECTION ( 'NONE',  ( -0.000000000000000000, -1.000000000000000000, 0.000000000000000000 ) ) ;
#2863 = ORIENTED_EDGE ( 'NONE', *, *, #2708, .F. ) ;
#2864 = ORIENTED_EDGE ( 'NONE', *, *, #3813, .F. ) ;
#2865 = DIRECTION ( 'NONE',  ( -0.000000000000000000, 0.000000000000000000, 1.000000000000000000 ) ) ;
#2866 = EDGE_CURVE ( 'NONE', #3742, #4029, #4132, .T. ) ;
#2867 = ORIENTED_EDGE ( 'NONE', *, *, #4157, .T. ) ;
#2868 = EDGE_CURVE ( 'NONE', #1017, #1382, #3017, .T. ) ;
#2869 = CARTESIAN_POINT ( 'NONE',  ( 47.50000000000001421, 33.99999999999998579, 23.00000000000000711 ) ) ;
#2870 = EDGE_LOOP ( 'NONE', ( #2718, #2480, #1883, #3091 ) ) ;
#2871 = FACE_OUTER_BOUND ( 'NONE', #1892, .T. ) ;
#2872 = CARTESIAN_POINT ( 'NONE',  ( 22.15000000000000924, 49.05000000000002558, 0.000000000000000000 ) ) ;
#2873 = VECTOR ( 'NONE', #2112, 1000.000000000000114 ) ;
#2874 = CARTESIAN_POINT ( 'NONE',  ( 47.50000000000001421, -50.00000000000002842, 29.99999999999999289 ) ) ;
#2875 = EDGE_CURVE ( 'NONE', #412, #3023, #3892, .T. ) ;
#2876 = EDGE_CURVE ( 'NONE', #3214, #4293, #1423, .T. ) ;
#2877 = CARTESIAN_POINT ( 'NONE',  ( 33.00000000000004263, -62.49999999999998579, 45.00000000000000000 ) ) ;
#2878 = ORIENTED_EDGE ( 'NONE', *, *, #3166, .F. ) ;
#2879 = CARTESIAN_POINT ( 'NONE',  ( -37.99999999999997868, 68.50000000000001421, 43.69175359259426727 ) ) ;
#2880 = DIRECTION ( 'NONE',  ( -4.081702296416016983E-16, 1.000000000000000000, 0.000000000000000000 ) ) ;
#2881 = EDGE_CURVE ( 'NONE', #1671, #1007, #1896, .T. ) ;
#2882 = CARTESIAN_POINT ( 'NONE',  ( 45.00000000000001421, -53.00000000000003553, 22.99999999999999645 ) ) ;
#2883 = CARTESIAN_POINT ( 'NONE',  ( 47.50000000000001421, 14.99999999999998224, 27.00000000000001066 ) ) ;
#2884 = CYLINDRICAL_SURFACE ( 'NONE', #3257, 3.750000000000003553 ) ;
#2885 = VERTEX_POINT ( 'NONE', #3784 ) ;
#2886 = LINE ( 'NONE', #4706, #2753 ) ;
#2887 = CARTESIAN_POINT ( 'NONE',  ( -39.99999999999996447, 62.50000000000001421, 36.54123203702892653 ) ) ;
#2888 = ORIENTED_EDGE ( 'NONE', *, *, #2961, .F. ) ;
#2889 = CARTESIAN_POINT ( 'NONE',  ( -45.00000000000000000, -32.50000000000000000, 38.00000000000000711 ) ) ;
#2890 =( NAMED_UNIT ( * ) SI_UNIT ( $, .STERADIAN. ) SOLID_ANGLE_UNIT ( ) );
#2891 = ORIENTED_EDGE ( 'NONE', *, *, #1716, .T. ) ;
#2892 = ORIENTED_EDGE ( 'NONE', *, *, #1873, .T. ) ;
#2893 = ORIENTED_EDGE ( 'NONE', *, *, #2625, .T. ) ;
#2894 = VECTOR ( 'NONE', #4322, 1000.000000000000000 ) ;
#2895 = ADVANCED_FACE ( 'NONE', ( #2245 ), #736, .T. ) ;
#2896 = CARTESIAN_POINT ( 'NONE',  ( -26.24999999999996803, 57.50000000000000711, 45.00000000000000000 ) ) ;
#2897 = ADVANCED_FACE ( 'NONE', ( #1874 ), #4180, .F. ) ;
#2898 = ORIENTED_EDGE ( 'NONE', *, *, #2002, .F. ) ;
#2899 = DIRECTION ( 'NONE',  ( -1.000000000000000000, 0.000000000000000000, 0.000000000000000000 ) ) ;
#2900 = FACE_OUTER_BOUND ( 'NONE', #1226, .T. ) ;
#2901 = DIRECTION ( 'NONE',  ( -0.000000000000000000, 1.000000000000000000, 0.000000000000000000 ) ) ;
#2902 = DIRECTION ( 'NONE',  ( 0.000000000000000000, -1.000000000000000000, 0.000000000000000000 ) ) ;
#2903 = VERTEX_POINT ( 'NONE', #4440 ) ;
#2904 = DIRECTION ( 'NONE',  ( 1.000000000000000000, -0.000000000000000000, 0.000000000000000000 ) ) ;
#2905 = ADVANCED_FACE ( 'NONE', ( #4807 ), #3759, .F. ) ;
#2906 = CARTESIAN_POINT ( 'NONE',  ( -44.99999999999999289, 53.49999999999997158, 45.00000000000000000 ) ) ;
#2907 = DIRECTION ( 'NONE',  ( 0.000000000000000000, 0.000000000000000000, 1.000000000000000000 ) ) ;
#2908 = CARTESIAN_POINT ( 'NONE',  ( 12.00000000000000000, -57.49999999999999289, 30.00000000000000355 ) ) ;
#2909 = LINE ( 'NONE', #3233, #4666 ) ;
#2910 = ORIENTED_EDGE ( 'NONE', *, *, #3822, .T. ) ;
#2911 = LINE ( 'NONE', #1779, #3943 ) ;
#2912 = CARTESIAN_POINT ( 'NONE',  ( -45.00000000000000000, -30.15000000000000568, 3.500000000000003109 ) ) ;
#2913 = ORIENTED_EDGE ( 'NONE', *, *, #4157, .F. ) ;
#2914 = LINE ( 'NONE', #1353, #3374 ) ;
#2915 = VERTEX_POINT ( 'NONE', #1110 ) ;
#2916 = VERTEX_POINT ( 'NONE', #2565 ) ;
#2917 = CIRCLE ( 'NONE', #1974, 3.749999999999996447 ) ;
#2918 = VERTEX_POINT ( 'NONE', #4081 ) ;
#2919 = EDGE_CURVE ( 'NONE', #2008, #3587, #2194, .T. ) ;
#2920 = LINE ( 'NONE', #1408, #540 ) ;
#2921 = ORIENTED_EDGE ( 'NONE', *, *, #3826, .T. ) ;
#2922 = DIRECTION ( 'NONE',  ( 0.000000000000000000, -0.000000000000000000, -1.000000000000000000 ) ) ;
#2923 = EDGE_CURVE ( 'NONE', #3023, #4525, #3708, .T. ) ;
#2924 = DIRECTION ( 'NONE',  ( -1.000000000000000000, 0.000000000000000000, 0.000000000000000000 ) ) ;
#2925 = CIRCLE ( 'NONE', #871, 3.000000000000000000 ) ;
#2926 = DIRECTION ( 'NONE',  ( 0.000000000000000000, 0.000000000000000000, -1.000000000000000000 ) ) ;
#2927 = LINE ( 'NONE', #2236, #61 ) ;
#2928 = ORIENTED_EDGE ( 'NONE', *, *, #330, .T. ) ;
#2929 =( BOUNDED_CURVE ( )  B_SPLINE_CURVE ( 3, ( #3046, #4519, #3073, #1475 ),
 .UNSPECIFIED., .F., .F. ) 
 B_SPLINE_CURVE_WITH_KNOTS ( ( 4, 4 ),
 ( 4.712388980384689674, 7.853981633974481902 ),
 .UNSPECIFIED. ) 
 CURVE ( )  GEOMETRIC_REPRESENTATION_ITEM ( )  RATIONAL_B_SPLINE_CURVE ( ( 1.000000000000000000, 0.3333333333333337034, 0.3333333333333337034, 1.000000000000000000 ) ) 
 REPRESENTATION_ITEM ( '' )  );
#2930 = DIRECTION ( 'NONE',  ( 0.000000000000000000, -1.000000000000000000, 0.000000000000000000 ) ) ;
#2931 = AXIS2_PLACEMENT_3D ( 'NONE', #1304, #3193, #3264 ) ;
#2932 = CARTESIAN_POINT ( 'NONE',  ( -15.50000000000000355, -55.00000000000001421, 38.00000000000000000 ) ) ;
#2933 = DIRECTION ( 'NONE',  ( -0.7071067811865474617, 8.659560562354932858E-17, 0.7071067811865474617 ) ) ;
#2934 = ADVANCED_FACE ( 'NONE', ( #3333 ), #2774, .T. ) ;
#2935 = DIRECTION ( 'NONE',  ( -0.000000000000000000, -0.000000000000000000, -1.000000000000000000 ) ) ;
#2936 = DIRECTION ( 'NONE',  ( -0.000000000000000000, -0.000000000000000000, 1.000000000000000000 ) ) ;
#2937 = ORIENTED_EDGE ( 'NONE', *, *, #602, .T. ) ;
#2938 = DIRECTION ( 'NONE',  ( 1.000000000000000000, -0.000000000000000000, -0.000000000000000000 ) ) ;
#2939 = DIRECTION ( 'NONE',  ( -1.000000000000000000, -2.312964634635742957E-16, 0.000000000000000000 ) ) ;
#2940 = EDGE_LOOP ( 'NONE', ( #1065, #2710, #3539, #3369 ) ) ;
#2941 = CIRCLE ( 'NONE', #807, 1.749999999999987566 ) ;
#2942 = CARTESIAN_POINT ( 'NONE',  ( -47.49999999999997868, -49.50000000000000711, 34.99999999999999289 ) ) ;
#2943 = AXIS2_PLACEMENT_3D ( 'NONE', #784, #331, #683 ) ;
#2944 = VERTEX_POINT ( 'NONE', #4834 ) ;
#2945 = ORIENTED_EDGE ( 'NONE', *, *, #3487, .F. ) ;
#2946 = LINE ( 'NONE', #1066, #4656 ) ;
#2947 = EDGE_LOOP ( 'NONE', ( #1246, #2680, #1354, #730 ) ) ;
#2948 = DIRECTION ( 'NONE',  ( -1.000000000000000000, 0.000000000000000000, 0.000000000000000000 ) ) ;
#2949 = ORIENTED_EDGE ( 'NONE', *, *, #3643, .T. ) ;
#2950 = AXIS2_PLACEMENT_3D ( 'NONE', #2978, #273, #1386 ) ;
#2951 = CARTESIAN_POINT ( 'NONE',  ( -27.97800934707535703, -57.80469467080579449, 30.94558504263491727 ) ) ;
#2952 = CARTESIAN_POINT ( 'NONE',  ( 35.00000000000002842, -62.49999999999998579, 44.75000000000000000 ) ) ;
#2953 = AXIS2_PLACEMENT_3D ( 'NONE', #2406, #3094, #39 ) ;
#2954 = LINE ( 'NONE', #755, #1323 ) ;
#2955 = ORIENTED_EDGE ( 'NONE', *, *, #396, .F. ) ;
#2956 = AXIS2_PLACEMENT_3D ( 'NONE', #545, #2062, #1692 ) ;
#2957 = CARTESIAN_POINT ( 'NONE',  ( -39.99999999999997868, 72.50000000000001421, 48.45876796297115163 ) ) ;
#2958 = CARTESIAN_POINT ( 'NONE',  ( 41.33954646367551788, 58.37733333830382776, 31.62802923188407789 ) ) ;
#2959 = CARTESIAN_POINT ( 'NONE',  ( 45.00000000000001421, 14.99999999999998224, 27.00000000000001066 ) ) ;
#2960 = AXIS2_PLACEMENT_3D ( 'NONE', #1746, #3655, #3999 ) ;
#2961 = EDGE_CURVE ( 'NONE', #2757, #3358, #2963, .T. ) ;
#2962 = CARTESIAN_POINT ( 'NONE',  ( 45.00000000000000711, -55.00000000000000711, 45.00000000000000000 ) ) ;
#2963 = LINE ( 'NONE', #1850, #17 ) ;
#2964 = ORIENTED_EDGE ( 'NONE', *, *, #1982, .F. ) ;
#2965 = DIRECTION ( 'NONE',  ( -1.000000000000000000, 0.000000000000000000, 0.000000000000000000 ) ) ;
#2966 = LINE ( 'NONE', #739, #1990 ) ;
#2967 = AXIS2_PLACEMENT_3D ( 'NONE', #3379, #2217, #10 ) ;
#2968 = EDGE_LOOP ( 'NONE', ( #4348, #3536, #521, #4738 ) ) ;
#2969 = AXIS2_PLACEMENT_3D ( 'NONE', #62, #3074, #2421 ) ;
#2970 = DIRECTION ( 'NONE',  ( 1.000000000000000000, 0.000000000000000000, 0.000000000000000000 ) ) ;
#2971 = ORIENTED_EDGE ( 'NONE', *, *, #4571, .T. ) ;
#2972 = EDGE_LOOP ( 'NONE', ( #266, #832, #2737, #4035 ) ) ;
#2973 = CARTESIAN_POINT ( 'NONE',  ( 45.00000000000001421, -31.00000000000003197, 20.00000000000000000 ) ) ;
#2974 = VERTEX_POINT ( 'NONE', #1082 ) ;
#2975 = EDGE_CURVE ( 'NONE', #4101, #4818, #1473, .T. ) ;
#2976 = CYLINDRICAL_SURFACE ( 'NONE', #4033, 3.750000000000000000 ) ;
#2977 = ORIENTED_EDGE ( 'NONE', *, *, #4710, .F. ) ;
#2978 = CARTESIAN_POINT ( 'NONE',  ( 12.00000000000000000, -55.00000000000001421, 27.00000000000000355 ) ) ;
#2979 = DIRECTION ( 'NONE',  ( 0.000000000000000000, 0.000000000000000000, -1.000000000000000000 ) ) ;
#2980 = DIRECTION ( 'NONE',  ( 0.000000000000000000, -0.000000000000000000, -1.000000000000000000 ) ) ;
#2981 = ORIENTED_EDGE ( 'NONE', *, *, #4699, .T. ) ;
#2982 = CARTESIAN_POINT ( 'NONE',  ( 28.66045353632453541, -58.37733333830381355, 31.62802923188406368 ) ) ;
#2983 = CARTESIAN_POINT ( 'NONE',  ( 47.50000000000001421, 33.99999999999998579, 30.00000000000001066 ) ) ;
#2984 = CARTESIAN_POINT ( 'NONE',  ( -29.99999999999999289, -61.25000000000001421, 35.05154004628613507 ) ) ;
#2985 = DIRECTION ( 'NONE',  ( -0.5773502691896362782, -0.5773502691896303940, -0.5773502691896105210 ) ) ;
#2986 = CARTESIAN_POINT ( 'NONE',  ( 47.50000000000001421, 57.50000000000000711, 0.3999999999999975797 ) ) ;
#2987 = ORIENTED_EDGE ( 'NONE', *, *, #4205, .F. ) ;
#2988 = LINE ( 'NONE', #1828, #137 ) ;
#2989 = AXIS2_PLACEMENT_3D ( 'NONE', #1025, #3994, #2902 ) ;
#2990 = CARTESIAN_POINT ( 'NONE',  ( 47.50000000000001421, 53.75000000000002132, 0.3999999999999975797 ) ) ;
#2991 = EDGE_CURVE ( 'NONE', #1198, #1585, #582, .T. ) ;
#2992 = EDGE_CURVE ( 'NONE', #3634, #2017, #407, .T. ) ;
#2993 = VERTEX_POINT ( 'NONE', #3115 ) ;
#2994 = CARTESIAN_POINT ( 'NONE',  ( 30.00000000000002842, 67.49999999999997158, 42.49999999999999289 ) ) ;
#2995 = EDGE_CURVE ( 'NONE', #2974, #53, #4588, .T. ) ;
#2996 = CIRCLE ( 'NONE', #3620, 2.999999999999999112 ) ;
#2997 = ORIENTED_EDGE ( 'NONE', *, *, #4268, .T. ) ;
#2998 = VERTEX_POINT ( 'NONE', #1925 ) ;
#2999 = CARTESIAN_POINT ( 'NONE',  ( 45.00000000000001421, 30.99999999999998934, 20.00000000000000711 ) ) ;
#3000 = EDGE_LOOP ( 'NONE', ( #1330, #3470, #560, #1248 ) ) ;
#3001 = FACE_OUTER_BOUND ( 'NONE', #4549, .T. ) ;
#3002 = EDGE_CURVE ( 'NONE', #4518, #3420, #4198, .T. ) ;
#3003 = VECTOR ( 'NONE', #2938, 1000.000000000000000 ) ;
#3004 = VERTEX_POINT ( 'NONE', #2754 ) ;
#3005 = DIRECTION ( 'NONE',  ( 0.000000000000000000, 0.000000000000000000, 1.000000000000000000 ) ) ;
#3006 = CARTESIAN_POINT ( 'NONE',  ( -43.74999999999997158, -53.75000000000000000, 0.3999999999999975797 ) ) ;
#3007 = AXIS2_PLACEMENT_3D ( 'NONE', #1690, #3996, #277 ) ;
#3008 = VECTOR ( 'NONE', #2153, 1000.000000000000000 ) ;
#3009 = CARTESIAN_POINT ( 'NONE',  ( -31.99999999999997513, -56.49999999999999289, 29.39071048146356802 ) ) ;
#3010 = EDGE_LOOP ( 'NONE', ( #1380, #2867 ) ) ;
#3011 = FACE_OUTER_BOUND ( 'NONE', #4308, .T. ) ;
#3012 = CARTESIAN_POINT ( 'NONE',  ( 42.02199065292464297, 57.80469467080580870, 30.94558504263494569 ) ) ;
#3013 = CYLINDRICAL_SURFACE ( 'NONE', #2967, 1.749999999999987566 ) ;
#3014 = CIRCLE ( 'NONE', #4123, 1.500000000000001332 ) ;
#3015 = DIRECTION ( 'NONE',  ( 1.000000000000000000, 0.000000000000000000, 0.000000000000000000 ) ) ;
#3016 = EDGE_CURVE ( 'NONE', #3184, #1014, #2378, .T. ) ;
#3017 = LINE ( 'NONE', #761, #2624 ) ;
#3018 = VERTEX_POINT ( 'NONE', #1245 ) ;
#3019 = DIRECTION ( 'NONE',  ( 0.000000000000000000, -1.000000000000000000, 0.000000000000000000 ) ) ;
#3020 = CARTESIAN_POINT ( 'NONE',  ( -47.50099999999999056, 33.99999999999998579, 30.00000000000001066 ) ) ;
#3021 = ORIENTED_EDGE ( 'NONE', *, *, #4205, .T. ) ;
#3022 = DIRECTION ( 'NONE',  ( -0.000000000000000000, -0.000000000000000000, -1.000000000000000000 ) ) ;
#3023 = VERTEX_POINT ( 'NONE', #3433 ) ;
#3024 = EDGE_LOOP ( 'NONE', ( #1402, #930, #2296, #2893 ) ) ;
#3025 = AXIS2_PLACEMENT_3D ( 'NONE', #2727, #4195, #803 ) ;
#3026 = ORIENTED_EDGE ( 'NONE', *, *, #758, .T. ) ;
#3027 = CARTESIAN_POINT ( 'NONE',  ( 0.000000000000000000, -35.50000000000000711, 38.00000000000000000 ) ) ;
#3028 = VECTOR ( 'NONE', #2855, 1000.000000000000000 ) ;
#3029 = CARTESIAN_POINT ( 'NONE',  ( 47.10000000000001563, 53.75000000000002132, 0.000000000000000000 ) ) ;
#3030 = EDGE_CURVE ( 'NONE', #3685, #519, #243, .T. ) ;
#3031 = EDGE_LOOP ( 'NONE', ( #1061, #860, #1010 ) ) ;
#3032 = EDGE_CURVE ( 'NONE', #1789, #1787, #1555, .T. ) ;
#3033 = CARTESIAN_POINT ( 'NONE',  ( 0.000000000000000000, 0.000000000000000000, 2.000000000000000000 ) ) ;
#3034 = DIRECTION ( 'NONE',  ( 0.000000000000000000, 0.000000000000000000, 1.000000000000000000 ) ) ;
#3035 = EDGE_CURVE ( 'NONE', #3908, #2566, #2709, .T. ) ;
#3036 = VECTOR ( 'NONE', #2290, 1000.000000000000000 ) ;
#3037 = CARTESIAN_POINT ( 'NONE',  ( -34.99999999999997868, -62.49999999999998579, 44.75000000000000000 ) ) ;
#3038 = VERTEX_POINT ( 'NONE', #3160 ) ;
#3039 = CARTESIAN_POINT ( 'NONE',  ( -28.66045353632447856, -58.37733333830381355, 31.62802923188405657 ) ) ;
#3040 = ADVANCED_FACE ( 'NONE', ( #1969, #1600 ), #2380, .F. ) ;
#3041 = AXIS2_PLACEMENT_3D ( 'NONE', #4777, #2453, #3548 ) ;
#3042 = DIRECTION ( 'NONE',  ( -1.000000000000000000, 0.000000000000000000, 0.000000000000000000 ) ) ;
#3043 = VECTOR ( 'NONE', #148, 1000.000000000000000 ) ;
#3044 = CARTESIAN_POINT ( 'NONE',  ( -43.49999999999999289, -32.50000000000000000, 38.00000000000000000 ) ) ;
#3045 = ORIENTED_EDGE ( 'NONE', *, *, #1276, .F. ) ;
#3046 = CARTESIAN_POINT ( 'NONE',  ( 30.00000000000004619, -62.49999999999998579, 36.54123203702889811 ) ) ;
#3047 = CARTESIAN_POINT ( 'NONE',  ( -43.49999999999999289, 53.49999999999997868, 3.500000000000000000 ) ) ;
#3048 = EDGE_CURVE ( 'NONE', #3917, #4480, #4650, .T. ) ;
#3049 = ORIENTED_EDGE ( 'NONE', *, *, #4150, .F. ) ;
#3050 = CARTESIAN_POINT ( 'NONE',  ( -33.24999999999998579, -62.49999999999998579, 44.75000000000000000 ) ) ;
#3051 = VECTOR ( 'NONE', #457, 1000.000000000000000 ) ;
#3052 = EDGE_LOOP ( 'NONE', ( #4785, #87, #2921, #2835 ) ) ;
#3053 = MECHANICAL_DESIGN_GEOMETRIC_PRESENTATION_REPRESENTATION (  '', ( #1693 ), #3912 ) ;
#3054 = ORIENTED_EDGE ( 'NONE', *, *, #362, .F. ) ;
#3055 = VECTOR ( 'NONE', #834, 1000.000000000000000 ) ;
#3056 = VERTEX_POINT ( 'NONE', #831 ) ;
#3057 = CARTESIAN_POINT ( 'NONE',  ( -15.00000000000000000, 57.50000000000000711, 20.00000000000000711 ) ) ;
#3058 = DIRECTION ( 'NONE',  ( 0.000000000000000000, 1.000000000000000000, -0.000000000000000000 ) ) ;
#3059 = VERTEX_POINT ( 'NONE', #2337 ) ;
#3060 = DIRECTION ( 'NONE',  ( 0.000000000000000000, -1.000000000000000000, 0.000000000000000000 ) ) ;
#3061 = CARTESIAN_POINT ( 'NONE',  ( 15.00000000000000000, -55.00000000000001421, 26.99999999999999645 ) ) ;
#3062 = ADVANCED_FACE ( 'NONE', ( #431 ), #4611, .F. ) ;
#3063 = EDGE_CURVE ( 'NONE', #3804, #1992, #1225, .T. ) ;
#3064 = DIRECTION ( 'NONE',  ( 0.7071067811865474617, 0.000000000000000000, 0.7071067811865474617 ) ) ;
#3065 = ORIENTED_EDGE ( 'NONE', *, *, #1217, .T. ) ;
#3066 = VECTOR ( 'NONE', #113, 1000.000000000000000 ) ;
#3067 = CARTESIAN_POINT ( 'NONE',  ( 39.99999999999968026, 2.220446049250330246E-13, 45.00000000000000000 ) ) ;
#3068 = AXIS2_PLACEMENT_3D ( 'NONE', #862, #1306, #3514 ) ;
#3069 = CIRCLE ( 'NONE', #3298, 3.349999999999998757 ) ;
#3070 = EDGE_CURVE ( 'NONE', #4345, #3059, #1267, .T. ) ;
#3071 = CARTESIAN_POINT ( 'NONE',  ( 38.00000000000002132, 62.50000000000001421, 36.54123203702892653 ) ) ;
#3072 = ORIENTED_EDGE ( 'NONE', *, *, #3916, .F. ) ;
#3073 = CARTESIAN_POINT ( 'NONE',  ( 40.00000000000002132, -72.49999999999998579, 48.45876796297109479 ) ) ;
#3074 = DIRECTION ( 'NONE',  ( 0.000000000000000000, -1.000000000000000000, 0.000000000000000000 ) ) ;
#3075 = CARTESIAN_POINT ( 'NONE',  ( 47.50100000000001899, -58.37733333830382065, 31.62802923188406368 ) ) ;
#3076 = DIRECTION ( 'NONE',  ( 0.000000000000000000, 0.000000000000000000, -1.000000000000000000 ) ) ;
#3077 = ORIENTED_EDGE ( 'NONE', *, *, #303, .T. ) ;
#3078 = CYLINDRICAL_SURFACE ( 'NONE', #4510, 3.750000000000003553 ) ;
#3079 = ORIENTED_EDGE ( 'NONE', *, *, #2, .T. ) ;
#3080 = DIRECTION ( 'NONE',  ( -2.040851148208008491E-16, 1.000000000000000000, 0.000000000000000000 ) ) ;
#3081 = CARTESIAN_POINT ( 'NONE',  ( -12.50000000000000355, -55.00000000000001421, 38.00000000000000000 ) ) ;
#3082 = ORIENTED_EDGE ( 'NONE', *, *, #349, .T. ) ;
#3083 = ADVANCED_FACE ( 'NONE', ( #58, #2356 ), #3877, .T. ) ;
#3084 = DIRECTION ( 'NONE',  ( 0.000000000000000000, -0.7660444431189812331, 0.6427876096865355882 ) ) ;
#3085 = DIRECTION ( 'NONE',  ( -0.000000000000000000, -0.000000000000000000, 1.000000000000000000 ) ) ;
#3086 = EDGE_LOOP ( 'NONE', ( #640, #3079, #1897, #3482 ) ) ;
#3087 = VECTOR ( 'NONE', #1672, 1000.000000000000000 ) ;
#3088 = LINE ( 'NONE', #781, #3428 ) ;
#3089 = AXIS2_PLACEMENT_3D ( 'NONE', #1269, #853, #2777 ) ;
#3090 = DIRECTION ( 'NONE',  ( -0.000000000000000000, -0.000000000000000000, 1.000000000000000000 ) ) ;
#3091 = ORIENTED_EDGE ( 'NONE', *, *, #4833, .F. ) ;
#3092 = DIRECTION ( 'NONE',  ( 1.000000000000000000, 0.000000000000000000, 0.000000000000000000 ) ) ;
#3093 = CARTESIAN_POINT ( 'NONE',  ( -28.66045353632447856, 58.37733333830383486, 31.62802923188407078 ) ) ;
#3094 = DIRECTION ( 'NONE',  ( 0.000000000000000000, -1.000000000000000000, 0.000000000000000000 ) ) ;
#3095 = AXIS2_PLACEMENT_3D ( 'NONE', #798, #1543, #394 ) ;
#3096 = DIRECTION ( 'NONE',  ( -1.000000000000000000, 0.000000000000000000, 0.000000000000000000 ) ) ;
#3097 = ADVANCED_FACE ( 'NONE', ( #2846 ), #4676, .F. ) ;
#3098 = ORIENTED_EDGE ( 'NONE', *, *, #2919, .F. ) ;
#3099 = DIRECTION ( 'NONE',  ( -0.000000000000000000, -0.000000000000000000, -1.000000000000000000 ) ) ;
#3100 = ORIENTED_EDGE ( 'NONE', *, *, #2775, .T. ) ;
#3101 = EDGE_CURVE ( 'NONE', #1590, #1251, #1391, .T. ) ;
#3102 = DIRECTION ( 'NONE',  ( -0.7071067811865474617, 8.659560562354932858E-17, 0.7071067811865474617 ) ) ;
#3103 = AXIS2_PLACEMENT_3D ( 'NONE', #4672, #2054, #2692 ) ;
#3104 = DIRECTION ( 'NONE',  ( 1.000000000000000000, 0.000000000000000000, 0.000000000000000000 ) ) ;
#3105 = ORIENTED_EDGE ( 'NONE', *, *, #4675, .T. ) ;
#3106 = DIRECTION ( 'NONE',  ( -1.000000000000000000, 0.000000000000000000, 0.000000000000000000 ) ) ;
#3107 = ADVANCED_FACE ( 'NONE', ( #2479 ), #3227, .F. ) ;
#3108 = VECTOR ( 'NONE', #2792, 1000.000000000000000 ) ;
#3109 = CIRCLE ( 'NONE', #3567, 1.749999999999987566 ) ;
#3110 = ORIENTED_EDGE ( 'NONE', *, *, #2795, .T. ) ;
#3111 = FACE_OUTER_BOUND ( 'NONE', #1540, .T. ) ;
#3112 = ORIENTED_EDGE ( 'NONE', *, *, #2000, .F. ) ;
#3113 = DIRECTION ( 'NONE',  ( 0.000000000000000000, -0.7071067811865475727, -0.7071067811865475727 ) ) ;
#3114 = AXIS2_PLACEMENT_3D ( 'NONE', #4197, #76, #3431 ) ;
#3115 = CARTESIAN_POINT ( 'NONE',  ( 47.50000000000001421, -53.00000000000003553, 22.99999999999999645 ) ) ;
#3116 = ORIENTED_EDGE ( 'NONE', *, *, #1884, .T. ) ;
#3117 = CARTESIAN_POINT ( 'NONE',  ( 13.25000000000001066, 40.55000000000002558, 1.600000000000016298 ) ) ;
#3118 = AXIS2_PLACEMENT_3D ( 'NONE', #2815, #3178, #4281 ) ;
#3119 = AXIS2_PLACEMENT_3D ( 'NONE', #2850, #1296, #147 ) ;
#3120 = DIRECTION ( 'NONE',  ( 1.000000000000000000, 1.541976423090495387E-16, 0.000000000000000000 ) ) ;
#3121 = CARTESIAN_POINT ( 'NONE',  ( 30.00000000000002842, 61.25000000000001421, 35.05154004628614928 ) ) ;
#3122 = ADVANCED_FACE ( 'NONE', ( #978 ), #193, .F. ) ;
#3123 = ORIENTED_EDGE ( 'NONE', *, *, #4682, .F. ) ;
#3124 = EDGE_LOOP ( 'NONE', ( #168, #553, #1806, #4743 ) ) ;
#3125 = DIRECTION ( 'NONE',  ( -1.000000000000000000, 0.000000000000000000, 0.000000000000000000 ) ) ;
#3126 = DIRECTION ( 'NONE',  ( 1.541976423090495387E-16, -1.000000000000000000, 0.000000000000000000 ) ) ;
#3127 = ORIENTED_EDGE ( 'NONE', *, *, #3292, .T. ) ;
#3128 = AXIS2_PLACEMENT_3D ( 'NONE', #3006, #2234, #1172 ) ;
#3129 =( BOUNDED_CURVE ( )  B_SPLINE_CURVE ( 3, ( #1511, #793, #4871, #1118 ),
 .UNSPECIFIED., .F., .F. ) 
 B_SPLINE_CURVE_WITH_KNOTS ( ( 4, 4 ),
 ( 4.014257279586963989, 4.712388980384689674 ),
 .UNSPECIFIED. ) 
 CURVE ( )  GEOMETRIC_REPRESENTATION_ITEM ( )  RATIONAL_B_SPLINE_CURVE ( ( 1.000000000000000000, 0.9597950805239394700, 0.9597950805239394700, 1.000000000000000000 ) ) 
 REPRESENTATION_ITEM ( '' )  );
#3130 = EDGE_CURVE ( 'NONE', #2409, #2621, #2819, .T. ) ;
#3131 = FACE_BOUND ( 'NONE', #3954, .T. ) ;
#3132 = ORIENTED_EDGE ( 'NONE', *, *, #782, .T. ) ;
#3133 = CARTESIAN_POINT ( 'NONE',  ( -29.99999999999999289, 0.000000000000000000, -20.15564437074637993 ) ) ;
#3134 = VERTEX_POINT ( 'NONE', #249 ) ;
#3135 = CYLINDRICAL_SURFACE ( 'NONE', #3114, 3.000000000000002665 ) ;
#3136 = DIRECTION ( 'NONE',  ( 0.000000000000000000, 0.000000000000000000, -1.000000000000000000 ) ) ;
#3137 = VERTEX_POINT ( 'NONE', #1665 ) ;
#3138 = CARTESIAN_POINT ( 'NONE',  ( -39.99999999999997158, -62.49999999999998579, 45.00000000000000000 ) ) ;
#3139 = DIRECTION ( 'NONE',  ( 4.081702296416016983E-16, -1.000000000000000000, 0.000000000000000000 ) ) ;
#3140 = DIRECTION ( 'NONE',  ( 0.000000000000000000, 0.000000000000000000, 1.000000000000000000 ) ) ;
#3141 = CIRCLE ( 'NONE', #4003, 3.000000000000002665 ) ;
#3142 = DIRECTION ( 'NONE',  ( 1.000000000000000000, 0.000000000000000000, -0.000000000000000000 ) ) ;
#3143 = ORIENTED_EDGE ( 'NONE', *, *, #1291, .T. ) ;
#3144 = VECTOR ( 'NONE', #4367, 1000.000000000000000 ) ;
#3145 = EDGE_CURVE ( 'NONE', #3886, #2559, #3659, .T. ) ;
#3146 = LINE ( 'NONE', #1171, #3087 ) ;
#3147 = EDGE_CURVE ( 'NONE', #125, #3023, #3545, .T. ) ;
#3148 = VERTEX_POINT ( 'NONE', #569 ) ;
#3149 = FACE_OUTER_BOUND ( 'NONE', #283, .T. ) ;
#3150 = CARTESIAN_POINT ( 'NONE',  ( 35.00000000000001421, 62.50000000000001421, 0.000000000000000000 ) ) ;
#3151 = VERTEX_POINT ( 'NONE', #2133 ) ;
#3152 = EDGE_CURVE ( 'NONE', #3886, #3760, #1102, .T. ) ;
#3153 = DIRECTION ( 'NONE',  ( 0.000000000000000000, 0.000000000000000000, -1.000000000000000000 ) ) ;
#3154 = EDGE_CURVE ( 'NONE', #3018, #3753, #2424, .T. ) ;
#3155 = EDGE_LOOP ( 'NONE', ( #4546, #1827, #3728, #3174 ) ) ;
#3156 = DIRECTION ( 'NONE',  ( 1.000000000000000000, 0.000000000000000000, 0.000000000000000000 ) ) ;
#3157 = LINE ( 'NONE', #2751, #3036 ) ;
#3158 = EDGE_CURVE ( 'NONE', #949, #2944, #2509, .T. ) ;
#3159 = AXIS2_PLACEMENT_3D ( 'NONE', #4071, #2601, #2553 ) ;
#3160 = CARTESIAN_POINT ( 'NONE',  ( 43.50000000000000711, 55.00000000000000000, 45.00000000000000000 ) ) ;
#3161 = EDGE_LOOP ( 'NONE', ( #3265, #2389, #4076, #1357 ) ) ;
#3162 = FACE_OUTER_BOUND ( 'NONE', #2750, .T. ) ;
#3163 = ORIENTED_EDGE ( 'NONE', *, *, #2443, .T. ) ;
#3164 = LINE ( 'NONE', #3838, #4069 ) ;
#3165 = VECTOR ( 'NONE', #3672, 1000.000000000000000 ) ;
#3166 = EDGE_CURVE ( 'NONE', #1431, #3519, #4406, .T. ) ;
#3167 = DIRECTION ( 'NONE',  ( 0.000000000000000000, 0.000000000000000000, -1.000000000000000000 ) ) ;
#3168 = ORIENTED_EDGE ( 'NONE', *, *, #2961, .T. ) ;
#3169 = LINE ( 'NONE', #1252, #3797 ) ;
#3170 = CARTESIAN_POINT ( 'NONE',  ( 45.00000000000001421, 33.99999999999998579, 30.00000000000001066 ) ) ;
#3171 = ORIENTED_EDGE ( 'NONE', *, *, #1572, .F. ) ;
#3172 = DIRECTION ( 'NONE',  ( -0.000000000000000000, -0.000000000000000000, 1.000000000000000000 ) ) ;
#3173 = DIRECTION ( 'NONE',  ( 1.000000000000000000, -0.000000000000000000, 0.000000000000000000 ) ) ;
#3174 = ORIENTED_EDGE ( 'NONE', *, *, #1996, .T. ) ;
#3175 = CIRCLE ( 'NONE', #2534, 1.500000000000001332 ) ;
#3176 = LINE ( 'NONE', #3959, #1797 ) ;
#3177 = ADVANCED_FACE ( 'NONE', ( #3921 ), #3621, .F. ) ;
#3178 = DIRECTION ( 'NONE',  ( -0.000000000000000000, -0.000000000000000000, 1.000000000000000000 ) ) ;
#3179 = CARTESIAN_POINT ( 'NONE',  ( 47.50000000000001421, -57.49999999999999289, 0.3999999999999975797 ) ) ;
#3180 = AXIS2_PLACEMENT_3D ( 'NONE', #872, #1921, #3156 ) ;
#3181 = CARTESIAN_POINT ( 'NONE',  ( 47.50000000000001421, -31.00000000000003197, 27.00000000000000000 ) ) ;
#3182 = VECTOR ( 'NONE', #1501, 1000.000000000000000 ) ;
#3183 = DIRECTION ( 'NONE',  ( -1.000000000000000000, -2.792311430143752197E-16, 0.000000000000000000 ) ) ;
#3184 = VERTEX_POINT ( 'NONE', #2877 ) ;
#3185 = CARTESIAN_POINT ( 'NONE',  ( -43.49999999999999289, -55.00000000000002132, 44.99999999999998579 ) ) ;
#3186 = EDGE_CURVE ( 'NONE', #1460, #1550, #998, .T. ) ;
#3187 = CARTESIAN_POINT ( 'NONE',  ( 43.75000000000002132, -53.75000000000000000, 45.00000000000000000 ) ) ;
#3188 = DIRECTION ( 'NONE',  ( 0.000000000000000000, -1.000000000000000000, 0.000000000000000000 ) ) ;
#3189 = DIRECTION ( 'NONE',  ( 0.000000000000000000, 0.000000000000000000, 1.000000000000000000 ) ) ;
#3190 = LINE ( 'NONE', #4388, #4209 ) ;
#3191 = VERTEX_POINT ( 'NONE', #4017 ) ;
#3192 = CARTESIAN_POINT ( 'NONE',  ( -42.85913238079172061, 57.50000000000000711, 30.10844331476782898 ) ) ;
#3193 = DIRECTION ( 'NONE',  ( 0.000000000000000000, 0.000000000000000000, -1.000000000000000000 ) ) ;
#3194 = VERTEX_POINT ( 'NONE', #518 ) ;
#3195 = VERTEX_POINT ( 'NONE', #541 ) ;
#3196 = LINE ( 'NONE', #2419, #2583 ) ;
#3197 = EDGE_LOOP ( 'NONE', ( #3858, #4815, #1985, #2386 ) ) ;
#3198 = DIRECTION ( 'NONE',  ( 0.000000000000000000, 0.000000000000000000, -1.000000000000000000 ) ) ;
#3199 = EDGE_CURVE ( 'NONE', #308, #3191, #613, .T. ) ;
#3200 = DIRECTION ( 'NONE',  ( 1.000000000000000000, 0.000000000000000000, -0.000000000000000000 ) ) ;
#3201 = CONICAL_SURFACE ( 'NONE', #3692, 3.349999999999998757, 0.7853981633974526089 ) ;
#3202 = ADVANCED_FACE ( 'NONE', ( #167 ), #3204, .T. ) ;
#3203 = PLANE ( 'NONE',  #2464 ) ;
#3204 = PLANE ( 'NONE',  #2747 ) ;
#3205 = ORIENTED_EDGE ( 'NONE', *, *, #1619, .T. ) ;
#3206 = LINE ( 'NONE', #1028, #3984 ) ;
#3207 = EDGE_CURVE ( 'NONE', #3151, #2916, #4879, .T. ) ;
#3208 = CARTESIAN_POINT ( 'NONE',  ( 43.75000000000002132, -57.49999999999999289, 29.21757569555955314 ) ) ;
#3209 = FACE_OUTER_BOUND ( 'NONE', #1093, .T. ) ;
#3210 = ORIENTED_EDGE ( 'NONE', *, *, #3349, .F. ) ;
#3211 = CARTESIAN_POINT ( 'NONE',  ( -34.99999999999997868, 62.50000000000001421, 53.48528137423858198 ) ) ;
#3212 = DIRECTION ( 'NONE',  ( -0.000000000000000000, -0.000000000000000000, 1.000000000000000000 ) ) ;
#3213 = AXIS2_PLACEMENT_3D ( 'NONE', #934, #4251, #1586 ) ;
#3214 = VERTEX_POINT ( 'NONE', #2581 ) ;
#3215 = DIRECTION ( 'NONE',  ( 1.000000000000000000, -0.000000000000000000, 0.000000000000000000 ) ) ;
#3216 = VECTOR ( 'NONE', #1783, 1000.000000000000000 ) ;
#3217 = EDGE_LOOP ( 'NONE', ( #1835, #3588, #2451, #420, #719 ) ) ;
#3218 = ORIENTED_EDGE ( 'NONE', *, *, #240, .F. ) ;
#3219 = EDGE_LOOP ( 'NONE', ( #2496, #2347, #1508, #27 ) ) ;
#3220 = CARTESIAN_POINT ( 'NONE',  ( -12.00000000000000000, -57.49999999999999289, 23.00000000000000711 ) ) ;
#3221 = EDGE_CURVE ( 'NONE', #2566, #1461, #2927, .T. ) ;
#3222 = ORIENTED_EDGE ( 'NONE', *, *, #4089, .F. ) ;
#3223 = VECTOR ( 'NONE', #1991, 1000.000000000000000 ) ;
#3224 = CARTESIAN_POINT ( 'NONE',  ( -47.49999999999997868, -30.15000000000000568, -143.7228235180481022 ) ) ;
#3225 = DIRECTION ( 'NONE',  ( 0.000000000000000000, 0.000000000000000000, 1.000000000000000000 ) ) ;
#3226 = LINE ( 'NONE', #4016, #1842 ) ;
#3227 = PLANE ( 'NONE',  #1886 ) ;
#3228 = ORIENTED_EDGE ( 'NONE', *, *, #264, .T. ) ;
#3229 = CARTESIAN_POINT ( 'NONE',  ( -47.49999999999997868, -30.15000000000000568, 2.000000000000001776 ) ) ;
#3230 = DIRECTION ( 'NONE',  ( -1.000000000000000000, 0.000000000000000000, 0.000000000000000000 ) ) ;
#3231 = PLANE ( 'NONE',  #3839 ) ;
#3232 = DIRECTION ( 'NONE',  ( 0.000000000000000000, 0.000000000000000000, 1.000000000000000000 ) ) ;
#3233 = CARTESIAN_POINT ( 'NONE',  ( 47.50000000000001421, -53.00000000000003553, 19.99999999999999645 ) ) ;
#3234 = ORIENTED_EDGE ( 'NONE', *, *, #4830, .T. ) ;
#3235 = DIRECTION ( 'NONE',  ( -4.081702296416016983E-16, 1.000000000000000000, 0.000000000000000000 ) ) ;
#3236 = DIRECTION ( 'NONE',  ( 1.000000000000000000, 0.000000000000000000, 0.000000000000000000 ) ) ;
#3237 = ORIENTED_EDGE ( 'NONE', *, *, #52, .T. ) ;
#3238 = EDGE_CURVE ( 'NONE', #3434, #1566, #4484, .T. ) ;
#3239 = CIRCLE ( 'NONE', #532, 2.999999999999999112 ) ;
#3240 = DIRECTION ( 'NONE',  ( -2.792311430143752197E-16, 1.000000000000000000, -0.000000000000000000 ) ) ;
#3241 = AXIS2_PLACEMENT_3D ( 'NONE', #1027, #1394, #2481 ) ;
#3242 = ORIENTED_EDGE ( 'NONE', *, *, #1747, .T. ) ;
#3243 = ORIENTED_EDGE ( 'NONE', *, *, #84, .F. ) ;
#3244 = CARTESIAN_POINT ( 'NONE',  ( 43.75000000000002132, -57.49999999999999289, 45.00000000000000000 ) ) ;
#3245 = CIRCLE ( 'NONE', #3095, 3.349999999999998757 ) ;
#3246 = DIRECTION ( 'NONE',  ( 0.000000000000000000, 0.6427876096865356992, -0.7660444431189812331 ) ) ;
#3247 = EDGE_LOOP ( 'NONE', ( #3693, #2498, #3290, #4177 ) ) ;
#3248 = VECTOR ( 'NONE', #686, 1000.000000000000000 ) ;
#3249 = FACE_OUTER_BOUND ( 'NONE', #4433, .T. ) ;
#3250 = CARTESIAN_POINT ( 'NONE',  ( 43.75000000000002132, 61.25000000000002132, -20.15564437074637993 ) ) ;
#3251 = LINE ( 'NONE', #247, #4358 ) ;
#3252 = PRODUCT_RELATED_PRODUCT_CATEGORY ( 'part', '', ( #1063 ) ) ;
#3253 = DIRECTION ( 'NONE',  ( 2.792311430143752197E-16, -1.000000000000000000, 0.000000000000000000 ) ) ;
#3254 = ORIENTED_EDGE ( 'NONE', *, *, #701, .T. ) ;
#3255 = DIRECTION ( 'NONE',  ( 0.000000000000000000, -6.308085367188390241E-16, 1.000000000000000000 ) ) ;
#3256 = CARTESIAN_POINT ( 'NONE',  ( 13.25000000000000888, 49.05000000000002558, -0.001000000000017913643 ) ) ;
#3257 = AXIS2_PLACEMENT_3D ( 'NONE', #2513, #4704, #3684 ) ;
#3258 = FACE_OUTER_BOUND ( 'NONE', #1803, .T. ) ;
#3259 = AXIS2_PLACEMENT_3D ( 'NONE', #1375, #4707, #4028 ) ;
#3260 = FACE_OUTER_BOUND ( 'NONE', #3217, .T. ) ;
#3261 = DIRECTION ( 'NONE',  ( 0.000000000000000000, -1.000000000000000000, 0.000000000000000000 ) ) ;
#3262 = ORIENTED_EDGE ( 'NONE', *, *, #1183, .F. ) ;
#3263 = CARTESIAN_POINT ( 'NONE',  ( 47.50000000000001421, -34.00000000000002842, 20.00000000000000000 ) ) ;
#3264 = DIRECTION ( 'NONE',  ( -1.000000000000000000, 0.000000000000000000, 0.000000000000000000 ) ) ;
#3265 = ORIENTED_EDGE ( 'NONE', *, *, #890, .F. ) ;
#3266 = CARTESIAN_POINT ( 'NONE',  ( 37.00000000000002132, -62.49999999999998579, 45.00000000000000000 ) ) ;
#3267 = EDGE_CURVE ( 'NONE', #2998, #4376, #4151, .T. ) ;
#3268 = ORIENTED_EDGE ( 'NONE', *, *, #1608, .F. ) ;
#3269 = ORIENTED_EDGE ( 'NONE', *, *, #3306, .F. ) ;
#3270 = ORIENTED_EDGE ( 'NONE', *, *, #4860, .F. ) ;
#3271 = CARTESIAN_POINT ( 'NONE',  ( 45.00000000000001421, 30.99999999999998934, 30.00000000000001066 ) ) ;
#3272 = EDGE_CURVE ( 'NONE', #4584, #1046, #4310, .T. ) ;
#3273 = ORIENTED_EDGE ( 'NONE', *, *, #4230, .T. ) ;
#3274 = PLANE ( 'NONE',  #2685 ) ;
#3275 = CARTESIAN_POINT ( 'NONE',  ( -26.24999999999997513, -57.49999999999999289, -20.15564437074637993 ) ) ;
#3276 = DIRECTION ( 'NONE',  ( 1.000000000000000000, 0.000000000000000000, 0.000000000000000000 ) ) ;
#3277 = DIRECTION ( 'NONE',  ( 0.000000000000000000, -1.000000000000000000, 0.000000000000000000 ) ) ;
#3278 = VERTEX_POINT ( 'NONE', #2605 ) ;
#3279 = CONICAL_SURFACE ( 'NONE', #2570, 3.349999999999998757, 0.7853981633974526089 ) ;
#3280 = FACE_OUTER_BOUND ( 'NONE', #380, .T. ) ;
#3281 = EDGE_CURVE ( 'NONE', #1166, #2517, #2423, .T. ) ;
#3282 = FACE_OUTER_BOUND ( 'NONE', #3512, .T. ) ;
#3283 = CARTESIAN_POINT ( 'NONE',  ( -47.49999999999998579, -57.49999999999999289, 45.00000000000000000 ) ) ;
#3284 = CARTESIAN_POINT ( 'NONE',  ( 21.75000000000001066, 49.05000000000002558, 1.600000000000016298 ) ) ;
#3285 = EDGE_CURVE ( 'NONE', #4504, #1550, #2996, .T. ) ;
#3286 = CARTESIAN_POINT ( 'NONE',  ( -47.50099999999999056, -31.00000000000003197, 20.00000000000000000 ) ) ;
#3287 = ORIENTED_EDGE ( 'NONE', *, *, #4347, .F. ) ;
#3288 = DIRECTION ( 'NONE',  ( 2.792311430143752197E-16, -1.000000000000000000, -0.000000000000000000 ) ) ;
#3289 = CYLINDRICAL_SURFACE ( 'NONE', #1429, 4.999999999999990230 ) ;
#3290 = ORIENTED_EDGE ( 'NONE', *, *, #2179, .F. ) ;
#3291 = CARTESIAN_POINT ( 'NONE',  ( -45.00000000000000000, -32.50000000000000000, -143.7228235180481022 ) ) ;
#3292 = EDGE_CURVE ( 'NONE', #2201, #4538, #4075, .T. ) ;
#3293 = ORIENTED_EDGE ( 'NONE', *, *, #3657, .F. ) ;
#3294 = EDGE_LOOP ( 'NONE', ( #2466, #4423, #4714, #2836, #843 ) ) ;
#3295 = CIRCLE ( 'NONE', #3923, 1.500000000000001332 ) ;
#3296 = VERTEX_POINT ( 'NONE', #3701 ) ;
#3297 = DIRECTION ( 'NONE',  ( 0.000000000000000000, 0.000000000000000000, -1.000000000000000000 ) ) ;
#3298 = AXIS2_PLACEMENT_3D ( 'NONE', #1285, #3153, #1678 ) ;
#3299 = ORIENTED_EDGE ( 'NONE', *, *, #478, .F. ) ;
#3300 = DIRECTION ( 'NONE',  ( 0.000000000000000000, 0.000000000000000000, 1.000000000000000000 ) ) ;
#3301 = DIRECTION ( 'NONE',  ( -0.000000000000000000, -0.000000000000000000, -1.000000000000000000 ) ) ;
#3302 = CYLINDRICAL_SURFACE ( 'NONE', #4091, 3.000000000000002665 ) ;
#3303 = EDGE_CURVE ( 'NONE', #1926, #4526, #350, .T. ) ;
#3304 = ORIENTED_EDGE ( 'NONE', *, *, #3880, .T. ) ;
#3305 = CARTESIAN_POINT ( 'NONE',  ( -31.99999999999997158, 62.50000000000001421, 36.54123203702892653 ) ) ;
#3306 = EDGE_CURVE ( 'NONE', #1461, #3134, #2954, .T. ) ;
#3307 = DIRECTION ( 'NONE',  ( -0.000000000000000000, -0.000000000000000000, 1.000000000000000000 ) ) ;
#3308 = DIRECTION ( 'NONE',  ( -0.000000000000000000, -0.000000000000000000, -1.000000000000000000 ) ) ;
#3309 = LINE ( 'NONE', #2962, #3418 ) ;
#3310 = CARTESIAN_POINT ( 'NONE',  ( 26.25000000000001776, 61.25000000000002132, 45.00000000000000000 ) ) ;
#3311 = ORIENTED_EDGE ( 'NONE', *, *, #1641, .F. ) ;
#3312 = CARTESIAN_POINT ( 'NONE',  ( -43.74999999999997158, -57.49999999999999289, 29.21757569555954959 ) ) ;
#3313 = DIRECTION ( 'NONE',  ( -0.000000000000000000, 0.000000000000000000, 1.000000000000000000 ) ) ;
#3314 = ORIENTED_EDGE ( 'NONE', *, *, #3016, .F. ) ;
#3315 = DIRECTION ( 'NONE',  ( -0.000000000000000000, -1.000000000000000000, -0.000000000000000000 ) ) ;
#3316 = ORIENTED_EDGE ( 'NONE', *, *, #4662, .T. ) ;
#3317 = ORIENTED_EDGE ( 'NONE', *, *, #4587, .T. ) ;
#3318 = VECTOR ( 'NONE', #1149, 1000.000000000000000 ) ;
#3319 = VERTEX_POINT ( 'NONE', #3677 ) ;
#3320 = AXIS2_PLACEMENT_3D ( 'NONE', #1971, #102, #3092 ) ;
#3321 = CARTESIAN_POINT ( 'NONE',  ( -29.99999999999999289, 0.000000000000000000, 45.00000000000000000 ) ) ;
#3322 = EDGE_LOOP ( 'NONE', ( #2787, #2588, #3065, #604, #2168, #1148 ) ) ;
#3323 = DIRECTION ( 'NONE',  ( 1.000000000000000000, 0.000000000000000000, 0.000000000000000000 ) ) ;
#3324 = DIRECTION ( 'NONE',  ( 0.000000000000000000, 0.000000000000000000, 1.000000000000000000 ) ) ;
#3325 = AXIS2_PLACEMENT_3D ( 'NONE', #4190, #3445, #2599 ) ;
#3326 = FACE_OUTER_BOUND ( 'NONE', #1510, .T. ) ;
#3327 = ORIENTED_EDGE ( 'NONE', *, *, #415, .F. ) ;
#3328 = DIRECTION ( 'NONE',  ( 0.000000000000000000, 0.000000000000000000, 1.000000000000000000 ) ) ;
#3329 = VECTOR ( 'NONE', #1558, 1000.000000000000000 ) ;
#3330 = DIRECTION ( 'NONE',  ( -1.000000000000000000, -0.000000000000000000, -0.000000000000000000 ) ) ;
#3331 =( LENGTH_UNIT ( ) NAMED_UNIT ( * ) SI_UNIT ( .MILLI., .METRE. ) );
#3332 = ADVANCED_FACE ( 'NONE', ( #4855 ), #677, .T. ) ;
#3333 = FACE_OUTER_BOUND ( 'NONE', #909, .T. ) ;
#3334 = ORIENTED_EDGE ( 'NONE', *, *, #3730, .F. ) ;
#3335 = DIRECTION ( 'NONE',  ( -0.000000000000000000, -0.000000000000000000, 1.000000000000000000 ) ) ;
#3336 = DIRECTION ( 'NONE',  ( 1.000000000000000000, 0.000000000000000000, 0.000000000000000000 ) ) ;
#3337 = ORIENTED_EDGE ( 'NONE', *, *, #1654, .T. ) ;
#3338 = CARTESIAN_POINT ( 'NONE',  ( -45.00000000000000000, 30.14999999999999147, 3.500000000000003109 ) ) ;
#3339 = ADVANCED_FACE ( 'NONE', ( #3326 ), #4460, .F. ) ;
#3340 = VERTEX_POINT ( 'NONE', #4432 ) ;
#3341 = ORIENTED_EDGE ( 'NONE', *, *, #3147, .T. ) ;
#3342 = ORIENTED_EDGE ( 'NONE', *, *, #1379, .T. ) ;
#3343 = LINE ( 'NONE', #4848, #393 ) ;
#3344 = ORIENTED_EDGE ( 'NONE', *, *, #2574, .F. ) ;
#3345 = CARTESIAN_POINT ( 'NONE',  ( 47.50000000000001421, 39.49999999999999289, 34.99999999999999289 ) ) ;
#3346 = CIRCLE ( 'NONE', #2632, 3.750000000000003553 ) ;
#3347 = CYLINDRICAL_SURFACE ( 'NONE', #1548, 1.749999999999987566 ) ;
#3348 = VECTOR ( 'NONE', #3140, 1000.000000000000000 ) ;
#3349 = EDGE_CURVE ( 'NONE', #557, #780, #300, .T. ) ;
#3350 = ADVANCED_FACE ( 'NONE', ( #1467 ), #3403, .F. ) ;
#3351 = DIRECTION ( 'NONE',  ( 0.000000000000000000, 1.000000000000000000, -0.000000000000000000 ) ) ;
#3352 = ORIENTED_EDGE ( 'NONE', *, *, #4394, .F. ) ;
#3353 = ADVANCED_FACE ( 'NONE', ( #1818 ), #702, .F. ) ;
#3354 = CARTESIAN_POINT ( 'NONE',  ( -36.99999999999996447, 62.50000000000001421, 45.00000000000000000 ) ) ;
#3355 = SURFACE_SIDE_STYLE ('',( #3432 ) ) ;
#3356 = LINE ( 'NONE', #280, #3740 ) ;
#3357 = DIRECTION ( 'NONE',  ( 0.000000000000000000, -1.000000000000000000, 0.000000000000000000 ) ) ;
#3358 = VERTEX_POINT ( 'NONE', #2287 ) ;
#3359 = CARTESIAN_POINT ( 'NONE',  ( 47.50000000000001421, -50.00000000000002842, 22.99999999999999645 ) ) ;
#3360 = CYLINDRICAL_SURFACE ( 'NONE', #2628, 2.999999999999999112 ) ;
#3361 = VECTOR ( 'NONE', #1498, 1000.000000000000000 ) ;
#3362 = VERTEX_POINT ( 'NONE', #4583 ) ;
#3363 = LINE ( 'NONE', #2994, #2472 ) ;
#3364 = ADVANCED_FACE ( 'NONE', ( #3498 ), #117, .F. ) ;
#3365 = ORIENTED_EDGE ( 'NONE', *, *, #3035, .T. ) ;
#3366 = ORIENTED_EDGE ( 'NONE', *, *, #2215, .T. ) ;
#3367 = ORIENTED_EDGE ( 'NONE', *, *, #1189, .F. ) ;
#3368 = DIRECTION ( 'NONE',  ( 0.000000000000000000, 0.000000000000000000, -1.000000000000000000 ) ) ;
#3369 = ORIENTED_EDGE ( 'NONE', *, *, #1946, .F. ) ;
#3370 = LINE ( 'NONE', #3675, #2319 ) ;
#3371 = DIRECTION ( 'NONE',  ( 0.000000000000000000, 0.000000000000000000, -1.000000000000000000 ) ) ;
#3372 = CIRCLE ( 'NONE', #4306, 1.749999999999987566 ) ;
#3373 = EDGE_CURVE ( 'NONE', #4034, #2814, #2313, .T. ) ;
#3374 = VECTOR ( 'NONE', #1329, 1000.000000000000000 ) ;
#3375 = DIRECTION ( 'NONE',  ( -0.000000000000000000, 1.000000000000000000, 0.000000000000000000 ) ) ;
#3376 = VERTEX_POINT ( 'NONE', #1152 ) ;
#3377 = FACE_OUTER_BOUND ( 'NONE', #4765, .T. ) ;
#3378 = CARTESIAN_POINT ( 'NONE',  ( 35.00000000000002842, -62.49999999999998579, 45.00000000000000000 ) ) ;
#3379 = CARTESIAN_POINT ( 'NONE',  ( 35.00000000000001421, 62.50000000000001421, 0.000000000000000000 ) ) ;
#3380 = CARTESIAN_POINT ( 'NONE',  ( 35.00000000000001421, 62.50000000000001421, 43.00000000000000000 ) ) ;
#3381 = CARTESIAN_POINT ( 'NONE',  ( -12.00000000000000000, 57.50000000000000711, 30.00000000000001066 ) ) ;
#3382 = ORIENTED_EDGE ( 'NONE', *, *, #783, .T. ) ;
#3383 = DIRECTION ( 'NONE',  ( 0.000000000000000000, 0.000000000000000000, 1.000000000000000000 ) ) ;
#3384 = LINE ( 'NONE', #2272, #4524 ) ;
#3385 = ORIENTED_EDGE ( 'NONE', *, *, #2359, .T. ) ;
#3386 = DIRECTION ( 'NONE',  ( -1.000000000000000000, 0.000000000000000000, 0.000000000000000000 ) ) ;
#3387 = VECTOR ( 'NONE', #3752, 1000.000000000000000 ) ;
#3388 = VERTEX_POINT ( 'NONE', #488 ) ;
#3389 = ORIENTED_EDGE ( 'NONE', *, *, #2084, .T. ) ;
#3390 = EDGE_CURVE ( 'NONE', #2621, #3804, #4596, .T. ) ;
#3391 = DIRECTION ( 'NONE',  ( 0.000000000000000000, -1.000000000000000000, -6.308085367188389255E-16 ) ) ;
#3392 = ORIENTED_EDGE ( 'NONE', *, *, #4740, .T. ) ;
#3393 = LINE ( 'NONE', #392, #4473 ) ;
#3394 = CARTESIAN_POINT ( 'NONE',  ( -26.24999999999997513, 57.50000000000000711, -20.15564437074637993 ) ) ;
#3395 = VECTOR ( 'NONE', #3005, 1000.000000000000000 ) ;
#3396 = ORIENTED_EDGE ( 'NONE', *, *, #1641, .T. ) ;
#3397 = ADVANCED_FACE ( 'NONE', ( #3111 ), #3803, .F. ) ;
#3398 = DIRECTION ( 'NONE',  ( -0.000000000000000000, -0.000000000000000000, 1.000000000000000000 ) ) ;
#3399 = DIRECTION ( 'NONE',  ( 0.000000000000000000, 1.000000000000000000, -0.000000000000000000 ) ) ;
#3400 = AXIS2_PLACEMENT_3D ( 'NONE', #4436, #3729, #1078 ) ;
#3401 = ADVANCED_FACE ( 'NONE', ( #2660 ), #1569, .F. ) ;
#3402 = VECTOR ( 'NONE', #2862, 1000.000000000000000 ) ;
#3403 = CYLINDRICAL_SURFACE ( 'NONE', #3965, 3.750000000000003553 ) ;
#3404 = VERTEX_POINT ( 'NONE', #4625 ) ;
#3405 = DIRECTION ( 'NONE',  ( -0.7071067811865474617, 8.659560562354932858E-17, 0.7071067811865474617 ) ) ;
#3406 = DIRECTION ( 'NONE',  ( 1.000000000000000000, 0.000000000000000000, 0.000000000000000000 ) ) ;
#3407 = CARTESIAN_POINT ( 'NONE',  ( -43.74999999999998579, 57.10000000000001563, 0.000000000000000000 ) ) ;
#3408 = VERTEX_POINT ( 'NONE', #402 ) ;
#3409 = VECTOR ( 'NONE', #3687, 1000.000000000000000 ) ;
#3410 = LINE ( 'NONE', #1159, #1496 ) ;
#3411 = DIRECTION ( 'NONE',  ( 0.7071067811865474617, 0.000000000000000000, 0.7071067811865474617 ) ) ;
#3412 = ORIENTED_EDGE ( 'NONE', *, *, #199, .F. ) ;
#3413 = DIRECTION ( 'NONE',  ( 0.000000000000000000, 0.000000000000000000, 1.000000000000000000 ) ) ;
#3414 = ORIENTED_EDGE ( 'NONE', *, *, #126, .T. ) ;
#3415 = EDGE_CURVE ( 'NONE', #4677, #1762, #2941, .T. ) ;
#3416 = ORIENTED_EDGE ( 'NONE', *, *, #1811, .T. ) ;
#3417 = DIRECTION ( 'NONE',  ( -0.000000000000000000, -0.000000000000000000, 1.000000000000000000 ) ) ;
#3418 = VECTOR ( 'NONE', #1872, 1000.000000000000000 ) ;
#3419 = EDGE_CURVE ( 'NONE', #3938, #2621, #3850, .T. ) ;
#3420 = VERTEX_POINT ( 'NONE', #4176 ) ;
#3421 = CARTESIAN_POINT ( 'NONE',  ( -37.99999999999997868, -68.49999999999998579, 43.69175359259423885 ) ) ;
#3422 = VECTOR ( 'NONE', #3136, 1000.000000000000000 ) ;
#3423 = CARTESIAN_POINT ( 'NONE',  ( 45.00000000000000711, 53.50000000000000000, 3.500000000000000000 ) ) ;
#3424 = VERTEX_POINT ( 'NONE', #30 ) ;
#3425 = DIRECTION ( 'NONE',  ( 0.000000000000000000, 0.000000000000000000, 1.000000000000000000 ) ) ;
#3426 = DIRECTION ( 'NONE',  ( -3.568188021088857279E-15, 0.6427876096865356992, -0.7660444431189812331 ) ) ;
#3427 = EDGE_CURVE ( 'NONE', #4866, #66, #86, .T. ) ;
#3428 = VECTOR ( 'NONE', #1223, 1000.000000000000000 ) ;
#3429 = DIRECTION ( 'NONE',  ( 0.000000000000000000, 0.000000000000000000, 1.000000000000000000 ) ) ;
#3430 = ORIENTED_EDGE ( 'NONE', *, *, #4237, .F. ) ;
#3431 = DIRECTION ( 'NONE',  ( 0.000000000000000000, 0.000000000000000000, 1.000000000000000000 ) ) ;
#3432 = SURFACE_STYLE_FILL_AREA ( #3807 ) ;
#3433 = CARTESIAN_POINT ( 'NONE',  ( 26.25000000000001776, 57.50000000000000711, 45.00000000000000000 ) ) ;
#3434 = VERTEX_POINT ( 'NONE', #1549 ) ;
#3435 = FACE_BOUND ( 'NONE', #1185, .T. ) ;
#3436 = ORIENTED_EDGE ( 'NONE', *, *, #3303, .T. ) ;
#3437 = LINE ( 'NONE', #815, #1684 ) ;
#3438 = ADVANCED_FACE ( 'NONE', ( #3474 ), #3894, .T. ) ;
#3439 = ORIENTED_EDGE ( 'NONE', *, *, #3145, .T. ) ;
#3440 = AXIS2_PLACEMENT_3D ( 'NONE', #2682, #4482, #3825 ) ;
#3441 =( BOUNDED_CURVE ( )  B_SPLINE_CURVE ( 3, ( #2809, #1979, #4688, #4232 ),
 .UNSPECIFIED., .F., .F. ) 
 B_SPLINE_CURVE_WITH_KNOTS ( ( 4, 4 ),
 ( 4.712388980384689674, 7.853981633974482790 ),
 .UNSPECIFIED. ) 
 CURVE ( )  GEOMETRIC_REPRESENTATION_ITEM ( )  RATIONAL_B_SPLINE_CURVE ( ( 1.000000000000000000, 0.3333333333333333703, 0.3333333333333333703, 1.000000000000000000 ) ) 
 REPRESENTATION_ITEM ( '' )  );
#3442 = ORIENTED_EDGE ( 'NONE', *, *, #3532, .T. ) ;
#3443 = FACE_OUTER_BOUND ( 'NONE', #3631, .T. ) ;
#3444 = EDGE_CURVE ( 'NONE', #1166, #2782, #4217, .T. ) ;
#3445 = DIRECTION ( 'NONE',  ( -1.000000000000000000, 0.000000000000000000, 0.000000000000000000 ) ) ;
#3446 = ORIENTED_EDGE ( 'NONE', *, *, #4833, .T. ) ;
#3447 = CYLINDRICAL_SURFACE ( 'NONE', #2522, 2.999999999999999112 ) ;
#3448 = CARTESIAN_POINT ( 'NONE',  ( 12.85000000000001208, 40.15000000000002700, 0.000000000000000000 ) ) ;
#3449 = ORIENTED_EDGE ( 'NONE', *, *, #3221, .F. ) ;
#3450 = DIRECTION ( 'NONE',  ( -1.000000000000000000, 0.000000000000000000, 0.000000000000000000 ) ) ;
#3451 = ORIENTED_EDGE ( 'NONE', *, *, #3855, .F. ) ;
#3452 = VECTOR ( 'NONE', #1652, 1000.000000000000000 ) ;
#3453 = EDGE_CURVE ( 'NONE', #3489, #1365, #324, .T. ) ;
#3454 = AXIS2_PLACEMENT_3D ( 'NONE', #1219, #3518, #914 ) ;
#3455 = DIRECTION ( 'NONE',  ( 0.7071067811865474617, 0.000000000000000000, -0.7071067811865474617 ) ) ;
#3456 = VECTOR ( 'NONE', #581, 1000.000000000000000 ) ;
#3457 = AXIS2_PLACEMENT_3D ( 'NONE', #2037, #4360, #3232 ) ;
#3458 = CARTESIAN_POINT ( 'NONE',  ( -12.00000000000000000, -57.49999999999999289, 20.00000000000000711 ) ) ;
#3459 = EDGE_CURVE ( 'NONE', #1819, #1230, #1434, .T. ) ;
#3460 = ORIENTED_EDGE ( 'NONE', *, *, #1012, .F. ) ;
#3461 = FACE_BOUND ( 'NONE', #4382, .T. ) ;
#3462 = FACE_OUTER_BOUND ( 'NONE', #1452, .T. ) ;
#3463 = DIRECTION ( 'NONE',  ( 1.000000000000000000, 0.000000000000000000, -0.000000000000000000 ) ) ;
#3464 = CARTESIAN_POINT ( 'NONE',  ( -47.49999999999997868, 30.14999999999999147, 45.00000000000000000 ) ) ;
#3465 = ORIENTED_EDGE ( 'NONE', *, *, #2609, .F. ) ;
#3466 = LINE ( 'NONE', #1584, #482 ) ;
#3467 = ORIENTED_EDGE ( 'NONE', *, *, #2642, .T. ) ;
#3468 = DIRECTION ( 'NONE',  ( -0.000000000000000000, 0.000000000000000000, 1.000000000000000000 ) ) ;
#3469 = VECTOR ( 'NONE', #1051, 1000.000000000000000 ) ;
#3470 = ORIENTED_EDGE ( 'NONE', *, *, #1996, .F. ) ;
#3471 =( BOUNDED_CURVE ( )  B_SPLINE_CURVE ( 3, ( #4146, #2951, #4506, #727 ),
 .UNSPECIFIED., .F., .F. ) 
 B_SPLINE_CURVE_WITH_KNOTS ( ( 4, 4 ),
 ( 0.8726646259971725383, 1.570796326794897446 ),
 .UNSPECIFIED. ) 
 CURVE ( )  GEOMETRIC_REPRESENTATION_ITEM ( )  RATIONAL_B_SPLINE_CURVE ( ( 1.000000000000000000, 0.9597950805239396921, 0.9597950805239396921, 1.000000000000000000 ) ) 
 REPRESENTATION_ITEM ( '' )  );
#3472 = DIRECTION ( 'NONE',  ( 0.000000000000000000, -0.000000000000000000, -1.000000000000000000 ) ) ;
#3473 = VERTEX_POINT ( 'NONE', #54 ) ;
#3474 = FACE_OUTER_BOUND ( 'NONE', #3985, .T. ) ;
#3475 = ORIENTED_EDGE ( 'NONE', *, *, #746, .T. ) ;
#3476 = EDGE_CURVE ( 'NONE', #2915, #4856, #1273, .T. ) ;
#3477 = CIRCLE ( 'NONE', #2043, 1.749999999999987566 ) ;
#3478 = ADVANCED_FACE ( 'NONE', ( #4238, #847 ), #2351, .T. ) ;
#3479 = FACE_OUTER_BOUND ( 'NONE', #3696, .T. ) ;
#3480 = CIRCLE ( 'NONE', #1817, 2.999999999999999112 ) ;
#3481 = DIRECTION ( 'NONE',  ( 0.000000000000000000, -1.000000000000000000, 0.000000000000000000 ) ) ;
#3482 = ORIENTED_EDGE ( 'NONE', *, *, #2000, .T. ) ;
#3483 = LINE ( 'NONE', #1993, #1499 ) ;
#3484 = CARTESIAN_POINT ( 'NONE',  ( -12.00000000000000000, 55.00000000000000711, 27.00000000000001066 ) ) ;
#3485 = AXIS2_PLACEMENT_3D ( 'NONE', #4170, #3821, #2948 ) ;
#3486 = CARTESIAN_POINT ( 'NONE',  ( 12.00000000000000000, -89.12277660168375348, 23.00000000000000000 ) ) ;
#3487 = EDGE_CURVE ( 'NONE', #1432, #1331, #1682, .T. ) ;
#3488 = AXIS2_PLACEMENT_3D ( 'NONE', #4093, #4498, #3716 ) ;
#3489 = VERTEX_POINT ( 'NONE', #1287 ) ;
#3490 = DIRECTION ( 'NONE',  ( -1.000000000000000000, 0.000000000000000000, 0.000000000000000000 ) ) ;
#3491 = ORIENTED_EDGE ( 'NONE', *, *, #806, .T. ) ;
#3492 = LINE ( 'NONE', #3909, #2894 ) ;
#3493 = ADVANCED_FACE ( 'NONE', ( #895 ), #3646, .F. ) ;
#3494 = DIRECTION ( 'NONE',  ( -2.312964634635742957E-16, 1.000000000000000000, 0.000000000000000000 ) ) ;
#3495 = ORIENTED_EDGE ( 'NONE', *, *, #2813, .T. ) ;
#3496 = LINE ( 'NONE', #92, #2024 ) ;
#3497 = VERTEX_POINT ( 'NONE', #4671 ) ;
#3498 = FACE_OUTER_BOUND ( 'NONE', #209, .T. ) ;
#3499 = EDGE_LOOP ( 'NONE', ( #4002, #1703, #221, #740, #1459, #2981, #933, #990 ) ) ;
#3500 = DIRECTION ( 'NONE',  ( 1.000000000000000000, 0.000000000000000000, 0.000000000000000000 ) ) ;
#3501 = ADVANCED_FACE ( 'NONE', ( #3249 ), #2101, .F. ) ;
#3502 = ADVANCED_FACE ( 'NONE', ( #2129 ), #3592, .F. ) ;
#3503 = DIRECTION ( 'NONE',  ( 0.000000000000000000, 0.000000000000000000, -1.000000000000000000 ) ) ;
#3504 = ORIENTED_EDGE ( 'NONE', *, *, #3459, .F. ) ;
#3505 = CARTESIAN_POINT ( 'NONE',  ( -47.49999999999997868, -30.15000000000000568, 45.00000000000000000 ) ) ;
#3506 = LINE ( 'NONE', #103, #339 ) ;
#3507 = DIRECTION ( 'NONE',  ( -1.000000000000000000, 0.000000000000000000, -0.000000000000000000 ) ) ;
#3508 = VECTOR ( 'NONE', #1579, 1000.000000000000000 ) ;
#3509 = ORIENTED_EDGE ( 'NONE', *, *, #3718, .T. ) ;
#3510 = FACE_OUTER_BOUND ( 'NONE', #3294, .T. ) ;
#3511 = VECTOR ( 'NONE', #3308, 1000.000000000000000 ) ;
#3512 = EDGE_LOOP ( 'NONE', ( #2251, #2344, #2020, #485 ) ) ;
#3513 = ADVANCED_FACE ( 'NONE', ( #4692 ), #535, .F. ) ;
#3514 = DIRECTION ( 'NONE',  ( 0.000000000000000000, -0.000000000000000000, 1.000000000000000000 ) ) ;
#3515 = DIRECTION ( 'NONE',  ( -1.000000000000000000, 0.000000000000000000, 0.000000000000000000 ) ) ;
#3516 = EDGE_LOOP ( 'NONE', ( #3743, #2487, #4373, #469, #4808, #4490, #36, #3446, #3785, #1751, #1072, #236, #1433 ) ) ;
#3517 = VECTOR ( 'NONE', #3724, 1000.000000000000000 ) ;
#3518 = DIRECTION ( 'NONE',  ( 0.000000000000000000, -1.000000000000000000, 0.000000000000000000 ) ) ;
#3519 = VERTEX_POINT ( 'NONE', #3564 ) ;
#3520 = DIRECTION ( 'NONE',  ( 1.000000000000000000, 0.000000000000000000, 0.000000000000000000 ) ) ;
#3521 = DIRECTION ( 'NONE',  ( -0.000000000000000000, 0.000000000000000000, 1.000000000000000000 ) ) ;
#3522 = EDGE_CURVE ( 'NONE', #2151, #1209, #590, .T. ) ;
#3523 = DIRECTION ( 'NONE',  ( -0.000000000000000000, 1.000000000000000000, 0.000000000000000000 ) ) ;
#3524 = VERTEX_POINT ( 'NONE', #2398 ) ;
#3525 = VECTOR ( 'NONE', #4325, 1000.000000000000000 ) ;
#3526 = DIRECTION ( 'NONE',  ( -1.000000000000000000, 0.000000000000000000, -0.000000000000000000 ) ) ;
#3527 = DIRECTION ( 'NONE',  ( -1.000000000000000000, 0.000000000000000000, 0.000000000000000000 ) ) ;
#3528 = LINE ( 'NONE', #477, #3043 ) ;
#3529 = VECTOR ( 'NONE', #648, 1000.000000000000000 ) ;
#3530 = EDGE_LOOP ( 'NONE', ( #4622, #3616, #2569, #1373 ) ) ;
#3531 = CARTESIAN_POINT ( 'NONE',  ( -34.99999999999997868, 62.50000000000001421, 43.00000000000000000 ) ) ;
#3532 = EDGE_CURVE ( 'NONE', #1650, #610, #3792, .T. ) ;
#3533 = ORIENTED_EDGE ( 'NONE', *, *, #2467, .T. ) ;
#3534 = CARTESIAN_POINT ( 'NONE',  ( -43.49999999999999289, 53.49999999999997868, 3.500000000000000000 ) ) ;
#3535 = EDGE_CURVE ( 'NONE', #530, #2974, #1709, .T. ) ;
#3536 = ORIENTED_EDGE ( 'NONE', *, *, #245, .T. ) ;
#3537 = CARTESIAN_POINT ( 'NONE',  ( -47.50099999999999056, -31.00000000000003197, 20.00000000000000000 ) ) ;
#3538 = EDGE_CURVE ( 'NONE', #1284, #4058, #338, .T. ) ;
#3539 = ORIENTED_EDGE ( 'NONE', *, *, #1038, .F. ) ;
#3540 = CARTESIAN_POINT ( 'NONE',  ( 30.00000000000002842, 62.50000000000001421, -20.15564437074637993 ) ) ;
#3541 = CARTESIAN_POINT ( 'NONE',  ( 45.00000000000001421, -50.00000000000002842, 29.99999999999999289 ) ) ;
#3542 = DIRECTION ( 'NONE',  ( -1.000000000000000000, 0.000000000000000000, 0.000000000000000000 ) ) ;
#3543 = EDGE_CURVE ( 'NONE', #1671, #3587, #2499, .T. ) ;
#3544 = CIRCLE ( 'NONE', #4805, 1.749999999999987566 ) ;
#3545 = LINE ( 'NONE', #4774, #2349 ) ;
#3546 = ORIENTED_EDGE ( 'NONE', *, *, #951, .F. ) ;
#3547 = CARTESIAN_POINT ( 'NONE',  ( 32.00000000000002842, -62.49999999999998579, 53.48528137423858198 ) ) ;
#3548 = DIRECTION ( 'NONE',  ( 1.000000000000000000, 0.000000000000000000, 0.000000000000000000 ) ) ;
#3549 = DIRECTION ( 'NONE',  ( 0.000000000000000000, 1.000000000000000000, -0.000000000000000000 ) ) ;
#3550 = CIRCLE ( 'NONE', #72, 2.999999999999999112 ) ;
#3551 = CARTESIAN_POINT ( 'NONE',  ( 47.50000000000001421, -53.00000000000003553, 26.99999999999998934 ) ) ;
#3552 = ORIENTED_EDGE ( 'NONE', *, *, #3890, .T. ) ;
#3553 = CARTESIAN_POINT ( 'NONE',  ( 45.00000000000001421, 11.99999999999998224, 23.00000000000000355 ) ) ;
#3554 = AXIS2_PLACEMENT_3D ( 'NONE', #1283, #2742, #2786 ) ;
#3555 = DIRECTION ( 'NONE',  ( -1.000000000000000000, 0.000000000000000000, 0.000000000000000000 ) ) ;
#3556 = EDGE_LOOP ( 'NONE', ( #4689, #268, #4632, #2598 ) ) ;
#3557 = CARTESIAN_POINT ( 'NONE',  ( 12.00000000000000000, -55.00000000000001421, 20.00000000000000000 ) ) ;
#3558 = CYLINDRICAL_SURFACE ( 'NONE', #2050, 1.749999999999987566 ) ;
#3559 = VERTEX_POINT ( 'NONE', #917 ) ;
#3560 = EDGE_CURVE ( 'NONE', #257, #2704, #976, .T. ) ;
#3561 = AXIS2_PLACEMENT_3D ( 'NONE', #259, #3555, #2118 ) ;
#3562 = CARTESIAN_POINT ( 'NONE',  ( -43.49999999999999289, 54.99999999999997868, 3.500000000000000000 ) ) ;
#3563 = ORIENTED_EDGE ( 'NONE', *, *, #38, .T. ) ;
#3564 = CARTESIAN_POINT ( 'NONE',  ( -44.99999999999999289, -53.50000000000002132, 3.500000000000000000 ) ) ;
#3565 = DIRECTION ( 'NONE',  ( 0.000000000000000000, 1.000000000000000000, 0.000000000000000000 ) ) ;
#3566 = AXIS2_PLACEMENT_3D ( 'NONE', #1221, #427, #1943 ) ;
#3567 = AXIS2_PLACEMENT_3D ( 'NONE', #3380, #4131, #1081 ) ;
#3568 = CARTESIAN_POINT ( 'NONE',  ( 13.25000000000000888, 49.05000000000002558, 1.600000000000016298 ) ) ;
#3569 = EDGE_CURVE ( 'NONE', #1900, #4470, #3939, .T. ) ;
#3570 = CIRCLE ( 'NONE', #159, 3.000000000000002665 ) ;
#3571 = DIRECTION ( 'NONE',  ( -1.000000000000000000, 0.000000000000000000, 0.000000000000000000 ) ) ;
#3572 = ORIENTED_EDGE ( 'NONE', *, *, #568, .T. ) ;
#3573 = CARTESIAN_POINT ( 'NONE',  ( 40.00000000000000711, 61.25000000000002132, -20.15564437074637993 ) ) ;
#3574 = CARTESIAN_POINT ( 'NONE',  ( 21.75000000000001066, 49.05000000000002558, 1.600000000000016298 ) ) ;
#3575 = CARTESIAN_POINT ( 'NONE',  ( 47.50000000000001421, 14.99999999999998224, 23.00000000000000355 ) ) ;
#3576 = DIRECTION ( 'NONE',  ( -1.000000000000000000, 0.000000000000000000, -0.000000000000000000 ) ) ;
#3577 = VECTOR ( 'NONE', #1660, 1000.000000000000000 ) ;
#3578 = CARTESIAN_POINT ( 'NONE',  ( 35.00000000000002842, -62.49999999999998579, 43.00000000000000000 ) ) ;
#3579 = EDGE_LOOP ( 'NONE', ( #1851, #2964 ) ) ;
#3580 = VECTOR ( 'NONE', #2729, 1000.000000000000000 ) ;
#3581 = FACE_OUTER_BOUND ( 'NONE', #2143, .T. ) ;
#3582 = CARTESIAN_POINT ( 'NONE',  ( -44.99999999999999289, -52.50000000000001421, 45.00000000000000000 ) ) ;
#3583 = VERTEX_POINT ( 'NONE', #2078 ) ;
#3584 = CARTESIAN_POINT ( 'NONE',  ( 43.50000000000000711, 53.50000000000000000, 44.99999999999998579 ) ) ;
#3585 = EDGE_CURVE ( 'NONE', #1095, #4259, #995, .T. ) ;
#3586 = VECTOR ( 'NONE', #814, 1000.000000000000000 ) ;
#3587 = VERTEX_POINT ( 'NONE', #215 ) ;
#3588 = ORIENTED_EDGE ( 'NONE', *, *, #3910, .T. ) ;
#3589 = ORIENTED_EDGE ( 'NONE', *, *, #1328, .T. ) ;
#3590 = CARTESIAN_POINT ( 'NONE',  ( 41.33954646367551788, 58.37733333830382776, 31.62802923188407789 ) ) ;
#3591 = ORIENTED_EDGE ( 'NONE', *, *, #2102, .T. ) ;
#3592 = CYLINDRICAL_SURFACE ( 'NONE', #2772, 1.500000000000001332 ) ;
#3593 = CARTESIAN_POINT ( 'NONE',  ( 47.50000000000001421, 14.99999999999998224, 20.00000000000000355 ) ) ;
#3594 = AXIS2_PLACEMENT_3D ( 'NONE', #996, #298, #1387 ) ;
#3595 = DIRECTION ( 'NONE',  ( -0.5773502691896321704, 0.5773502691896326144, 0.5773502691896126304 ) ) ;
#3596 = VECTOR ( 'NONE', #2899, 1000.000000000000000 ) ;
#3597 = ADVANCED_FACE ( 'NONE', ( #4717, #2843 ), #4349, .T. ) ;
#3598 = CARTESIAN_POINT ( 'NONE',  ( -44.99999999999999289, -55.00000000000002132, -143.7228235180481022 ) ) ;
#3599 = ORIENTED_EDGE ( 'NONE', *, *, #2642, .F. ) ;
#3600 = CARTESIAN_POINT ( 'NONE',  ( -27.14086761920824031, 57.50000000000001421, 30.10844331476783253 ) ) ;
#3601 = CYLINDRICAL_SURFACE ( 'NONE', #2717, 3.750000000000000000 ) ;
#3602 = DIRECTION ( 'NONE',  ( 1.000000000000000000, -0.000000000000000000, -0.000000000000000000 ) ) ;
#3603 = CYLINDRICAL_SURFACE ( 'NONE', #1165, 1.749999999999987566 ) ;
#3604 = DIRECTION ( 'NONE',  ( -0.000000000000000000, -0.000000000000000000, 1.000000000000000000 ) ) ;
#3605 = EDGE_LOOP ( 'NONE', ( #1327, #1237, #2277, #828 ) ) ;
#3606 = DIRECTION ( 'NONE',  ( -1.000000000000000000, 0.000000000000000000, 0.000000000000000000 ) ) ;
#3607 = ORIENTED_EDGE ( 'NONE', *, *, #2875, .T. ) ;
#3608 = FACE_OUTER_BOUND ( 'NONE', #2097, .T. ) ;
#3609 = ADVANCED_FACE ( 'NONE', ( #2871 ), #2182, .F. ) ;
#3610 = VECTOR ( 'NONE', #3315, 1000.000000000000000 ) ;
#3611 = CARTESIAN_POINT ( 'NONE',  ( 0.000000000000000000, 0.000000000000000000, 0.000000000000000000 ) ) ;
#3612 = ORIENTED_EDGE ( 'NONE', *, *, #1911, .T. ) ;
#3613 = ORIENTED_EDGE ( 'NONE', *, *, #2545, .F. ) ;
#3614 = EDGE_LOOP ( 'NONE', ( #4734, #2828, #2473, #2066 ) ) ;
#3615 = CARTESIAN_POINT ( 'NONE',  ( -44.99999999999999289, -49.50000000000000711, 38.00000000000000000 ) ) ;
#3616 = ORIENTED_EDGE ( 'NONE', *, *, #4890, .T. ) ;
#3617 = DIRECTION ( 'NONE',  ( 0.000000000000000000, -1.000000000000000000, -0.000000000000000000 ) ) ;
#3618 = CARTESIAN_POINT ( 'NONE',  ( 35.00000000000001421, 62.50000000000001421, 45.00000000000000000 ) ) ;
#3619 = PLANE ( 'NONE',  #972 ) ;
#3620 = AXIS2_PLACEMENT_3D ( 'NONE', #729, #2161, #4511 ) ;
#3621 = PLANE ( 'NONE',  #2746 ) ;
#3622 = EDGE_LOOP ( 'NONE', ( #4272, #3105, #4145 ) ) ;
#3623 = EDGE_CURVE ( 'NONE', #3583, #557, #2240, .T. ) ;
#3624 = EDGE_CURVE ( 'NONE', #3056, #1360, #3370, .T. ) ;
#3625 =( BOUNDED_CURVE ( )  B_SPLINE_CURVE ( 3, ( #4356, #2848, #4332, #3305 ),
 .UNSPECIFIED., .F., .F. ) 
 B_SPLINE_CURVE_WITH_KNOTS ( ( 4, 4 ),
 ( 4.712388980384689674, 7.853981633974482790 ),
 .UNSPECIFIED. ) 
 CURVE ( )  GEOMETRIC_REPRESENTATION_ITEM ( )  RATIONAL_B_SPLINE_CURVE ( ( 1.000000000000000000, 0.3333333333333333703, 0.3333333333333333703, 1.000000000000000000 ) ) 
 REPRESENTATION_ITEM ( '' )  );
#3626 = DIRECTION ( 'NONE',  ( -1.000000000000000000, 0.000000000000000000, 0.000000000000000000 ) ) ;
#3627 = FACE_OUTER_BOUND ( 'NONE', #3768, .T. ) ;
#3628 = AXIS2_PLACEMENT_3D ( 'NONE', #3811, #4864, #2965 ) ;
#3629 = CARTESIAN_POINT ( 'NONE',  ( -43.74999999999998579, 58.37733333830382776, 31.62802923188407789 ) ) ;
#3630 = CARTESIAN_POINT ( 'NONE',  ( -3.500000000000003109, -55.00000000000001421, 45.00000000000000000 ) ) ;
#3631 = EDGE_LOOP ( 'NONE', ( #290, #4578, #1114, #4126 ) ) ;
#3632 = CARTESIAN_POINT ( 'NONE',  ( -34.99999999999997868, 62.50000000000001421, 44.75000000000000000 ) ) ;
#3633 = DIRECTION ( 'NONE',  ( 1.000000000000000000, 0.000000000000000000, 0.000000000000000000 ) ) ;
#3634 = VERTEX_POINT ( 'NONE', #2578 ) ;
#3635 = AXIS2_PLACEMENT_3D ( 'NONE', #2756, #4591, #4267 ) ;
#3636 = DIRECTION ( 'NONE',  ( -1.000000000000000000, 0.000000000000000000, 0.000000000000000000 ) ) ;
#3637 = EDGE_CURVE ( 'NONE', #2283, #3908, #1447, .T. ) ;
#3638 = AXIS2_PLACEMENT_3D ( 'NONE', #2392, #3173, #3867 ) ;
#3639 = EDGE_LOOP ( 'NONE', ( #765, #4253, #272, #2657, #1437, #4657, #1407, #711 ) ) ;
#3640 = ORIENTED_EDGE ( 'NONE', *, *, #1156, .T. ) ;
#3641 = ORIENTED_EDGE ( 'NONE', *, *, #2327, .F. ) ;
#3642 = DIRECTION ( 'NONE',  ( 1.000000000000000000, -0.000000000000000000, 0.000000000000000000 ) ) ;
#3643 = EDGE_CURVE ( 'NONE', #4687, #75, #3697, .T. ) ;
#3644 = ORIENTED_EDGE ( 'NONE', *, *, #2312, .T. ) ;
#3645 = AXIS2_PLACEMENT_3D ( 'NONE', #3020, #2248, #713 ) ;
#3646 = PLANE ( 'NONE',  #962 ) ;
#3647 = FACE_OUTER_BOUND ( 'NONE', #296, .T. ) ;
#3648 = DIRECTION ( 'NONE',  ( -2.792311430143755648E-16, -1.000000000000000000, 0.000000000000000000 ) ) ;
#3649 = DIRECTION ( 'NONE',  ( 0.000000000000000000, 0.000000000000000000, -1.000000000000000000 ) ) ;
#3650 = EDGE_LOOP ( 'NONE', ( #1704, #4880, #4844, #3905 ) ) ;
#3651 = VECTOR ( 'NONE', #4755, 1000.000000000000000 ) ;
#3652 = CARTESIAN_POINT ( 'NONE',  ( -12.50000000000000355, -57.49999999999999289, 34.99999999999999289 ) ) ;
#3653 = PLANE ( 'NONE',  #4364 ) ;
#3654 = VECTOR ( 'NONE', #2292, 1000.000000000000000 ) ;
#3655 = DIRECTION ( 'NONE',  ( -1.000000000000000000, 0.000000000000000000, 0.000000000000000000 ) ) ;
#3656 = ADVANCED_FACE ( 'NONE', ( #4042 ), #4098, .F. ) ;
#3657 = EDGE_CURVE ( 'NONE', #340, #23, #3471, .T. ) ;
#3658 = DIRECTION ( 'NONE',  ( 0.000000000000000000, 0.000000000000000000, -1.000000000000000000 ) ) ;
#3659 =( BOUNDED_CURVE ( )  B_SPLINE_CURVE ( 3, ( #1770, #1342, #4381, #4307 ),
 .UNSPECIFIED., .F., .F. ) 
 B_SPLINE_CURVE_WITH_KNOTS ( ( 4, 4 ),
 ( 0.8726646259971707620, 1.570796326794893449 ),
 .UNSPECIFIED. ) 
 CURVE ( )  GEOMETRIC_REPRESENTATION_ITEM ( )  RATIONAL_B_SPLINE_CURVE ( ( 1.000000000000000000, 0.9597950805239399141, 0.9597950805239399141, 1.000000000000000000 ) ) 
 REPRESENTATION_ITEM ( '' )  );
#3660 = CARTESIAN_POINT ( 'NONE',  ( -47.50099999999999056, -50.00000000000002842, 26.99999999999998934 ) ) ;
#3661 = EDGE_LOOP ( 'NONE', ( #4574, #2878, #511, #2258 ) ) ;
#3662 = DIRECTION ( 'NONE',  ( -0.000000000000000000, -0.000000000000000000, 1.000000000000000000 ) ) ;
#3663 = DIRECTION ( 'NONE',  ( -1.000000000000000000, 0.000000000000000000, 0.000000000000000000 ) ) ;
#3664 = ORIENTED_EDGE ( 'NONE', *, *, #3373, .T. ) ;
#3665 = CARTESIAN_POINT ( 'NONE',  ( 13.25000000000001066, 40.55000000000002558, 0.3999999999999976352 ) ) ;
#3666 = VECTOR ( 'NONE', #3455, 1000.000000000000114 ) ;
#3667 = ORIENTED_EDGE ( 'NONE', *, *, #813, .F. ) ;
#3668 = ORIENTED_EDGE ( 'NONE', *, *, #4107, .T. ) ;
#3669 = ADVANCED_FACE ( 'NONE', ( #646 ), #1490, .F. ) ;
#3670 = ORIENTED_EDGE ( 'NONE', *, *, #806, .F. ) ;
#3671 = CIRCLE ( 'NONE', #977, 3.749999999999996447 ) ;
#3672 = DIRECTION ( 'NONE',  ( 2.792311430143752197E-16, -1.000000000000000000, 0.000000000000000000 ) ) ;
#3673 = ADVANCED_FACE ( 'NONE', ( #3749 ), #1100, .F. ) ;
#3674 = ORIENTED_EDGE ( 'NONE', *, *, #2798, .F. ) ;
#3675 = CARTESIAN_POINT ( 'NONE',  ( 30.00000000000004619, -61.25000000000000711, -20.15564437074637993 ) ) ;
#3676 = CARTESIAN_POINT ( 'NONE',  ( 32.00000000000001421, 62.50000000000001421, 43.00000000000000000 ) ) ;
#3677 = CARTESIAN_POINT ( 'NONE',  ( 47.50000000000001421, -53.75000000000000000, 0.3999999999999975797 ) ) ;
#3678 = ORIENTED_EDGE ( 'NONE', *, *, #1989, .T. ) ;
#3679 = VECTOR ( 'NONE', #2475, 1000.000000000000000 ) ;
#3680 = FACE_BOUND ( 'NONE', #3958, .T. ) ;
#3681 = EDGE_CURVE ( 'NONE', #4504, #4697, #699, .T. ) ;
#3682 = FACE_OUTER_BOUND ( 'NONE', #1638, .T. ) ;
#3683 = CARTESIAN_POINT ( 'NONE',  ( -39.99999999999996447, 60.12306427786543139, 33.70851035080949032 ) ) ;
#3684 = DIRECTION ( 'NONE',  ( 1.000000000000000000, 0.000000000000000000, 0.000000000000000000 ) ) ;
#3685 = VERTEX_POINT ( 'NONE', #751 ) ;
#3686 = DIRECTION ( 'NONE',  ( -1.000000000000000000, 2.792311430143749239E-16, 0.000000000000000000 ) ) ;
#3687 = DIRECTION ( 'NONE',  ( -0.000000000000000000, -0.000000000000000000, 1.000000000000000000 ) ) ;
#3688 = EDGE_LOOP ( 'NONE', ( #2847, #3613, #4009, #3772 ) ) ;
#3689 = FACE_OUTER_BOUND ( 'NONE', #3124, .T. ) ;
#3690 = ORIENTED_EDGE ( 'NONE', *, *, #504, .F. ) ;
#3691 = ORIENTED_EDGE ( 'NONE', *, *, #2723, .T. ) ;
#3692 = AXIS2_PLACEMENT_3D ( 'NONE', #423, #3034, #4536 ) ;
#3693 = ORIENTED_EDGE ( 'NONE', *, *, #3427, .F. ) ;
#3694 = LINE ( 'NONE', #4346, #3165 ) ;
#3695 = AXIS2_PLACEMENT_3D ( 'NONE', #1398, #2854, #3576 ) ;
#3696 = EDGE_LOOP ( 'NONE', ( #4550, #2468, #870, #2213 ) ) ;
#3697 = LINE ( 'NONE', #4481, #3596 ) ;
#3698 = CARTESIAN_POINT ( 'NONE',  ( 32.00000000000001421, 62.50000000000001421, 36.54123203702892653 ) ) ;
#3699 = DIRECTION ( 'NONE',  ( 0.000000000000000000, 0.000000000000000000, 1.000000000000000000 ) ) ;
#3700 = EDGE_CURVE ( 'NONE', #65, #4454, #1864, .T. ) ;
#3701 = CARTESIAN_POINT ( 'NONE',  ( -39.99999999999996447, 61.25000000000001421, 35.05154004628614928 ) ) ;
#3702 = ORIENTED_EDGE ( 'NONE', *, *, #1074, .F. ) ;
#3703 = CARTESIAN_POINT ( 'NONE',  ( -34.99999999999997868, 62.50000000000001421, 53.48528137423858198 ) ) ;
#3704 = DIRECTION ( 'NONE',  ( -5.551115123125869477E-15, -1.000000000000000000, 0.000000000000000000 ) ) ;
#3705 = ADVANCED_FACE ( 'NONE', ( #371 ), #3274, .F. ) ;
#3706 = CARTESIAN_POINT ( 'NONE',  ( 43.75000000000002132, -57.49999999999999289, 45.00000000000000000 ) ) ;
#3707 = PLANE ( 'NONE',  #12 ) ;
#3708 = LINE ( 'NONE', #2219, #2311 ) ;
#3709 = ORIENTED_EDGE ( 'NONE', *, *, #2866, .T. ) ;
#3710 = CARTESIAN_POINT ( 'NONE',  ( 35.00000000000002842, -62.49999999999998579, 53.48528137423858198 ) ) ;
#3711 = ORIENTED_EDGE ( 'NONE', *, *, #136, .F. ) ;
#3712 = CARTESIAN_POINT ( 'NONE',  ( 15.00000000000000000, 54.99999999999999289, -143.7228235180481022 ) ) ;
#3713 = ORIENTED_EDGE ( 'NONE', *, *, #4802, .F. ) ;
#3714 = ORIENTED_EDGE ( 'NONE', *, *, #1183, .T. ) ;
#3715 = AXIS2_PLACEMENT_3D ( 'NONE', #203, #1724, #3235 ) ;
#3716 = DIRECTION ( 'NONE',  ( 0.000000000000000000, 0.000000000000000000, -1.000000000000000000 ) ) ;
#3717 = ORIENTED_EDGE ( 'NONE', *, *, #1241, .T. ) ;
#3718 = EDGE_CURVE ( 'NONE', #3995, #2915, #3723, .T. ) ;
#3719 = AXIS2_PLACEMENT_3D ( 'NONE', #185, #4768, #2126 ) ;
#3720 = CARTESIAN_POINT ( 'NONE',  ( 47.50000000000001421, 36.49999999999999289, 34.99999999999999289 ) ) ;
#3721 = ADVANCED_FACE ( 'NONE', ( #2526 ), #1790, .F. ) ;
#3722 = ORIENTED_EDGE ( 'NONE', *, *, #3063, .T. ) ;
#3723 = LINE ( 'NONE', #3345, #4644 ) ;
#3724 = DIRECTION ( 'NONE',  ( 0.000000000000000000, 0.000000000000000000, 1.000000000000000000 ) ) ;
#3725 = VECTOR ( 'NONE', #748, 999.9999999999998863 ) ;
#3726 = CIRCLE ( 'NONE', #637, 2.999999999999999112 ) ;
#3727 = CARTESIAN_POINT ( 'NONE',  ( 45.00000000000000711, 45.50000000000000000, -143.7228235180481022 ) ) ;
#3728 = ORIENTED_EDGE ( 'NONE', *, *, #1587, .T. ) ;
#3729 = DIRECTION ( 'NONE',  ( 1.000000000000000000, -0.000000000000000000, 0.000000000000000000 ) ) ;
#3730 = EDGE_CURVE ( 'NONE', #2743, #2005, #1410, .T. ) ;
#3731 = DIRECTION ( 'NONE',  ( -1.000000000000000000, 0.000000000000000000, -0.000000000000000000 ) ) ;
#3732 = CARTESIAN_POINT ( 'NONE',  ( 43.75000000000002132, 57.50000000000000711, 45.00000000000000000 ) ) ;
#3733 = DIRECTION ( 'NONE',  ( -1.000000000000000000, 0.000000000000000000, 0.000000000000000000 ) ) ;
#3734 = ORIENTED_EDGE ( 'NONE', *, *, #1031, .F. ) ;
#3735 = CARTESIAN_POINT ( 'NONE',  ( -12.50000000000000355, -55.00000000000001421, 35.00000000000000000 ) ) ;
#3736 = LINE ( 'NONE', #4443, #472 ) ;
#3737 = ORIENTED_EDGE ( 'NONE', *, *, #701, .F. ) ;
#3738 = AXIS2_PLACEMENT_3D ( 'NONE', #944, #3617, #3198 ) ;
#3739 = CARTESIAN_POINT ( 'NONE',  ( 47.50000000000001421, -57.49999999999999289, 45.00000000000000000 ) ) ;
#3740 = VECTOR ( 'NONE', #2985, 1000.000000000000114 ) ;
#3741 = EDGE_LOOP ( 'NONE', ( #762, #1948, #4040, #467 ) ) ;
#3742 = VERTEX_POINT ( 'NONE', #4428 ) ;
#3743 = ORIENTED_EDGE ( 'NONE', *, *, #451, .F. ) ;
#3744 = ADVANCED_FACE ( 'NONE', ( #4823 ), #2210, .F. ) ;
#3745 = AXIS2_PLACEMENT_3D ( 'NONE', #3920, #1712, #2476 ) ;
#3746 = DIRECTION ( 'NONE',  ( 0.000000000000000000, 0.000000000000000000, 1.000000000000000000 ) ) ;
#3747 = EDGE_LOOP ( 'NONE', ( #4210, #3667, #3352, #684 ) ) ;
#3748 = AXIS2_PLACEMENT_3D ( 'NONE', #512, #2028, #565 ) ;
#3749 = FACE_OUTER_BOUND ( 'NONE', #1700, .T. ) ;
#3750 = VECTOR ( 'NONE', #3330, 1000.000000000000000 ) ;
#3751 = DIRECTION ( 'NONE',  ( 0.000000000000000000, 0.000000000000000000, 1.000000000000000000 ) ) ;
#3752 = DIRECTION ( 'NONE',  ( 0.000000000000000000, 0.000000000000000000, 1.000000000000000000 ) ) ;
#3753 = VERTEX_POINT ( 'NONE', #3553 ) ;
#3754 = DIRECTION ( 'NONE',  ( -0.000000000000000000, -0.000000000000000000, -1.000000000000000000 ) ) ;
#3755 = CARTESIAN_POINT ( 'NONE',  ( -47.50099999999999056, 11.99999999999998046, 30.00000000000001066 ) ) ;
#3756 = CARTESIAN_POINT ( 'NONE',  ( 45.00000000000000711, 36.49999999999999289, 45.00000000000000000 ) ) ;
#3757 = ADVANCED_FACE ( 'NONE', ( #2431 ), #3447, .F. ) ;
#3758 = CARTESIAN_POINT ( 'NONE',  ( 15.00000000000000000, -89.12277660168375348, 20.00000000000000000 ) ) ;
#3759 = PLANE ( 'NONE',  #2148 ) ;
#3760 = VERTEX_POINT ( 'NONE', #525 ) ;
#3761 = DIRECTION ( 'NONE',  ( 0.000000000000000000, -0.000000000000000000, -1.000000000000000000 ) ) ;
#3762 = LINE ( 'NONE', #2590, #6 ) ;
#3763 = ORIENTED_EDGE ( 'NONE', *, *, #106, .T. ) ;
#3764 = LINE ( 'NONE', #361, #3904 ) ;
#3765 = EDGE_CURVE ( 'NONE', #938, #59, #4172, .T. ) ;
#3766 = EDGE_CURVE ( 'NONE', #2916, #2226, #3544, .T. ) ;
#3767 = ORIENTED_EDGE ( 'NONE', *, *, #672, .T. ) ;
#3768 = EDGE_LOOP ( 'NONE', ( #318, #4389, #1443, #3734, #3311, #4472, #1796, #4691, #1942, #1785, #4838, #2577, #2937, #2804 ) ) ;
#3769 = ORIENTED_EDGE ( 'NONE', *, *, #1581, .T. ) ;
#3770 = EDGE_CURVE ( 'NONE', #395, #4070, #1023, .T. ) ;
#3771 = CARTESIAN_POINT ( 'NONE',  ( -36.74999999999996447, -62.49999999999998579, 43.00000000000000000 ) ) ;
#3772 = ORIENTED_EDGE ( 'NONE', *, *, #2048, .F. ) ;
#3773 = DIRECTION ( 'NONE',  ( 0.000000000000000000, -1.000000000000000000, 0.000000000000000000 ) ) ;
#3774 = CARTESIAN_POINT ( 'NONE',  ( -43.50000000000000000, -30.15000000000000568, 3.500000000000000000 ) ) ;
#3775 = VECTOR ( 'NONE', #1235, 1000.000000000000000 ) ;
#3776 = VECTOR ( 'NONE', #824, 1000.000000000000000 ) ;
#3777 = CARTESIAN_POINT ( 'NONE',  ( -29.99999999999998579, 0.000000000000000000, -20.15564437074637993 ) ) ;
#3778 = ORIENTED_EDGE ( 'NONE', *, *, #795, .T. ) ;
#3779 = CARTESIAN_POINT ( 'NONE',  ( -47.49999999999998579, -53.75000000000000000, 0.3999999999999975797 ) ) ;
#3780 = DIRECTION ( 'NONE',  ( -0.000000000000000000, 1.000000000000000000, -0.000000000000000000 ) ) ;
#3781 = CARTESIAN_POINT ( 'NONE',  ( -28.66045353632447856, -58.37733333830381355, 31.62802923188405657 ) ) ;
#3782 = ADVANCED_FACE ( 'NONE', ( #2387 ), #127, .F. ) ;
#3783 = EDGE_CURVE ( 'NONE', #1830, #4800, #1255, .T. ) ;
#3784 = CARTESIAN_POINT ( 'NONE',  ( 47.50000000000001421, 33.99999999999998579, 23.00000000000000711 ) ) ;
#3785 = ORIENTED_EDGE ( 'NONE', *, *, #3453, .F. ) ;
#3786 = CARTESIAN_POINT ( 'NONE',  ( -3.500000000000003109, -57.49999999999999289, 34.99999999999999289 ) ) ;
#3787 = DIRECTION ( 'NONE',  ( 0.000000000000000000, 0.000000000000000000, 1.000000000000000000 ) ) ;
#3788 = ORIENTED_EDGE ( 'NONE', *, *, #1605, .F. ) ;
#3789 = CARTESIAN_POINT ( 'NONE',  ( -12.50000000000000355, 0.000000000000000000, 38.00000000000000000 ) ) ;
#3790 = ORIENTED_EDGE ( 'NONE', *, *, #1534, .F. ) ;
#3791 = VERTEX_POINT ( 'NONE', #2018 ) ;
#3792 =( BOUNDED_CURVE ( )  B_SPLINE_CURVE ( 3, ( #1312, #3963, #187, #1738 ),
 .UNSPECIFIED., .F., .F. ) 
 B_SPLINE_CURVE_WITH_KNOTS ( ( 4, 4 ),
 ( 1.570796326794896558, 2.443460952792070984 ),
 .UNSPECIFIED. ) 
 CURVE ( )  GEOMETRIC_REPRESENTATION_ITEM ( )  RATIONAL_B_SPLINE_CURVE ( ( 1.000000000000000000, 0.9375385246910985515, 0.9375385246910985515, 1.000000000000000000 ) ) 
 REPRESENTATION_ITEM ( '' )  );
#3793 = VERTEX_POINT ( 'NONE', #1913 ) ;
#3794 = EDGE_CURVE ( 'NONE', #1007, #474, #3239, .T. ) ;
#3795 = DIRECTION ( 'NONE',  ( 1.000000000000000000, -0.000000000000000000, -0.000000000000000000 ) ) ;
#3796 = DIRECTION ( 'NONE',  ( 0.7071067811865479058, 1.443099686290235237E-16, -0.7071067811865472397 ) ) ;
#3797 = VECTOR ( 'NONE', #4534, 1000.000000000000000 ) ;
#3798 = EDGE_LOOP ( 'NONE', ( #22, #1277, #799, #426 ) ) ;
#3799 = FACE_OUTER_BOUND ( 'NONE', #186, .T. ) ;
#3800 = LINE ( 'NONE', #1915, #3776 ) ;
#3801 = VECTOR ( 'NONE', #3642, 1000.000000000000000 ) ;
#3802 = AXIS2_PLACEMENT_3D ( 'NONE', #1044, #3988, #4742 ) ;
#3803 = CYLINDRICAL_SURFACE ( 'NONE', #4664, 2.999999999999999112 ) ;
#3804 = VERTEX_POINT ( 'NONE', #2681 ) ;
#3805 = LINE ( 'NONE', #1923, #2861 ) ;
#3806 = ADVANCED_FACE ( 'NONE', ( #4557, #3799 ), #1648, .F. ) ;
#3807 = FILL_AREA_STYLE ('',( #378 ) ) ;
#3808 = LINE ( 'NONE', #4489, #1127 ) ;
#3809 = ORIENTED_EDGE ( 'NONE', *, *, #3158, .T. ) ;
#3810 = VECTOR ( 'NONE', #1232, 1000.000000000000000 ) ;
#3811 = CARTESIAN_POINT ( 'NONE',  ( 35.00000000000002842, -62.49999999999998579, 44.75000000000000000 ) ) ;
#3812 = CARTESIAN_POINT ( 'NONE',  ( -39.99999999999996447, 61.25000000000001421, -20.15564437074637993 ) ) ;
#3813 = EDGE_CURVE ( 'NONE', #3917, #1566, #3146, .T. ) ;
#3814 = EDGE_LOOP ( 'NONE', ( #364, #2124, #4152, #999 ) ) ;
#3815 = CARTESIAN_POINT ( 'NONE',  ( 43.75000000000002132, 57.50000000000000711, 29.21757569555956735 ) ) ;
#3816 = VERTEX_POINT ( 'NONE', #4173 ) ;
#3817 = CIRCLE ( 'NONE', #157, 3.750000000000003553 ) ;
#3818 = ORIENTED_EDGE ( 'NONE', *, *, #299, .T. ) ;
#3819 = DIRECTION ( 'NONE',  ( 0.000000000000000000, -0.000000000000000000, 1.000000000000000000 ) ) ;
#3820 = VECTOR ( 'NONE', #1200, 1000.000000000000000 ) ;
#3821 = DIRECTION ( 'NONE',  ( -0.000000000000000000, -0.000000000000000000, -1.000000000000000000 ) ) ;
#3822 = EDGE_CURVE ( 'NONE', #1089, #2205, #3169, .T. ) ;
#3823 = ORIENTED_EDGE ( 'NONE', *, *, #2478, .T. ) ;
#3824 = DIRECTION ( 'NONE',  ( 1.000000000000000000, 2.312964634635742957E-16, 0.000000000000000000 ) ) ;
#3825 = DIRECTION ( 'NONE',  ( 0.000000000000000000, 0.000000000000000000, 1.000000000000000000 ) ) ;
#3826 = EDGE_CURVE ( 'NONE', #4800, #4070, #4192, .T. ) ;
#3827 = ORIENTED_EDGE ( 'NONE', *, *, #4039, .T. ) ;
#3828 = VECTOR ( 'NONE', #1470, 1000.000000000000000 ) ;
#3829 = DIRECTION ( 'NONE',  ( 0.000000000000000000, 0.000000000000000000, -1.000000000000000000 ) ) ;
#3830 = EDGE_LOOP ( 'NONE', ( #1487, #46, #3293, #4572 ) ) ;
#3831 = CARTESIAN_POINT ( 'NONE',  ( -29.99999999999996803, -72.49999999999998579, 48.45876796297110900 ) ) ;
#3832 = CIRCLE ( 'NONE', #2716, 3.000000000000002665 ) ;
#3833 = DIRECTION ( 'NONE',  ( -1.000000000000000000, 0.000000000000000000, 0.000000000000000000 ) ) ;
#3834 = ORIENTED_EDGE ( 'NONE', *, *, #2995, .F. ) ;
#3835 = DIRECTION ( 'NONE',  ( -0.000000000000000000, 1.000000000000000000, 0.000000000000000000 ) ) ;
#3836 = DIRECTION ( 'NONE',  ( 0.000000000000000000, 0.7071067811865475727, -0.7071067811865475727 ) ) ;
#3837 = DIRECTION ( 'NONE',  ( -1.000000000000000000, 0.000000000000000000, 0.000000000000000000 ) ) ;
#3838 = CARTESIAN_POINT ( 'NONE',  ( 47.50000000000001421, -31.00000000000003197, 20.00000000000000000 ) ) ;
#3839 = AXIS2_PLACEMENT_3D ( 'NONE', #3283, #4334, #223 ) ;
#3840 = VERTEX_POINT ( 'NONE', #421 ) ;
#3841 = CONICAL_SURFACE ( 'NONE', #1782, 1.749999999999987566, 0.7853981633974482790 ) ;
#3842 = ORIENTED_EDGE ( 'NONE', *, *, #2025, .F. ) ;
#3843 = CARTESIAN_POINT ( 'NONE',  ( -43.74999999999998579, -57.49999999999999289, 29.21757569555954959 ) ) ;
#3844 = CARTESIAN_POINT ( 'NONE',  ( 45.00000000000001421, 33.99999999999998579, 23.00000000000000711 ) ) ;
#3845 = ORIENTED_EDGE ( 'NONE', *, *, #3419, .F. ) ;
#3846 = EDGE_CURVE ( 'NONE', #809, #4584, #2284, .T. ) ;
#3847 = EDGE_CURVE ( 'NONE', #1382, #979, #4294, .T. ) ;
#3848 = DIRECTION ( 'NONE',  ( -0.000000000000000000, -0.000000000000000000, -1.000000000000000000 ) ) ;
#3849 = ORIENTED_EDGE ( 'NONE', *, *, #3303, .F. ) ;
#3850 = LINE ( 'NONE', #1616, #2852 ) ;
#3851 = VERTEX_POINT ( 'NONE', #907 ) ;
#3852 = AXIS2_PLACEMENT_3D ( 'NONE', #4283, #896, #2502 ) ;
#3853 = VECTOR ( 'NONE', #3426, 999.9999999999998863 ) ;
#3854 = DIRECTION ( 'NONE',  ( 1.000000000000000000, 0.000000000000000000, 0.000000000000000000 ) ) ;
#3855 = EDGE_CURVE ( 'NONE', #1875, #2719, #2410, .T. ) ;
#3856 = CIRCLE ( 'NONE', #4477, 1.999999999999988010 ) ;
#3857 = CARTESIAN_POINT ( 'NONE',  ( 47.50000000000001421, -57.49999999999999289, 45.00000000000000000 ) ) ;
#3858 = ORIENTED_EDGE ( 'NONE', *, *, #509, .T. ) ;
#3859 = FACE_OUTER_BOUND ( 'NONE', #4562, .T. ) ;
#3860 = EDGE_CURVE ( 'NONE', #607, #4866, #2805, .T. ) ;
#3861 = FACE_OUTER_BOUND ( 'NONE', #527, .T. ) ;
#3862 = CARTESIAN_POINT ( 'NONE',  ( -47.49999999999998579, -57.49999999999999289, 45.00000000000000000 ) ) ;
#3863 = ORIENTED_EDGE ( 'NONE', *, *, #4168, .F. ) ;
#3864 = CARTESIAN_POINT ( 'NONE',  ( -12.00000000000000355, 54.99999999999998579, 29.99999999999998579 ) ) ;
#3865 = ORIENTED_EDGE ( 'NONE', *, *, #2881, .T. ) ;
#3866 = CYLINDRICAL_SURFACE ( 'NONE', #2103, 2.999999999999999112 ) ;
#3867 = DIRECTION ( 'NONE',  ( 0.000000000000000000, 0.000000000000000000, -1.000000000000000000 ) ) ;
#3868 = VERTEX_POINT ( 'NONE', #1425 ) ;
#3869 = CARTESIAN_POINT ( 'NONE',  ( 33.25000000000004263, -62.49999999999998579, 0.000000000000000000 ) ) ;
#3870 = EDGE_CURVE ( 'NONE', #2743, #610, #2268, .T. ) ;
#3871 = CARTESIAN_POINT ( 'NONE',  ( 0.000000000000000000, 0.000000000000000000, 43.00000000000000000 ) ) ;
#3872 = ORIENTED_EDGE ( 'NONE', *, *, #3794, .F. ) ;
#3873 = ADVANCED_FACE ( 'NONE', ( #1350 ), #4809, .F. ) ;
#3874 = CARTESIAN_POINT ( 'NONE',  ( 43.75000000000002132, 57.10000000000000853, 0.000000000000000000 ) ) ;
#3875 = CONICAL_SURFACE ( 'NONE', #2366, 1.749999999999987566, 0.7853981633974482790 ) ;
#3876 = EDGE_CURVE ( 'NONE', #3151, #130, #941, .T. ) ;
#3877 = PLANE ( 'NONE',  #4711 ) ;
#3878 = ORIENTED_EDGE ( 'NONE', *, *, #4860, .T. ) ;
#3879 = DIRECTION ( 'NONE',  ( 0.000000000000000000, 0.000000000000000000, 1.000000000000000000 ) ) ;
#3880 = EDGE_CURVE ( 'NONE', #4538, #1778, #1059, .T. ) ;
#3881 = CARTESIAN_POINT ( 'NONE',  ( 45.00000000000001421, -50.00000000000002842, 19.99999999999999645 ) ) ;
#3882 = VECTOR ( 'NONE', #4663, 1000.000000000000000 ) ;
#3883 = DIRECTION ( 'NONE',  ( 1.000000000000000000, 2.312964634635742957E-16, -0.000000000000000000 ) ) ;
#3884 = ORIENTED_EDGE ( 'NONE', *, *, #1962, .T. ) ;
#3885 = CARTESIAN_POINT ( 'NONE',  ( -47.49999999999997868, -30.15000000000000568, -143.7228235180481022 ) ) ;
#3886 = VERTEX_POINT ( 'NONE', #4415 ) ;
#3887 = DIRECTION ( 'NONE',  ( 0.000000000000000000, 1.000000000000000000, 0.000000000000000000 ) ) ;
#3888 = DIRECTION ( 'NONE',  ( -1.000000000000000000, 0.000000000000000000, 0.000000000000000000 ) ) ;
#3889 = ORIENTED_EDGE ( 'NONE', *, *, #4175, .T. ) ;
#3890 = EDGE_CURVE ( 'NONE', #4199, #2416, #2460, .T. ) ;
#3891 = DIRECTION ( 'NONE',  ( 1.000000000000000000, 0.000000000000000000, 0.000000000000000000 ) ) ;
#3892 = CIRCLE ( 'NONE', #4520, 3.750000000000003553 ) ;
#3893 = AXIS2_PLACEMENT_3D ( 'NONE', #1906, #3417, #692 ) ;
#3894 = CYLINDRICAL_SURFACE ( 'NONE', #1520, 3.749999999999996447 ) ;
#3895 = CARTESIAN_POINT ( 'NONE',  ( -31.99999999999997158, 62.50000000000001421, 43.00000000000000000 ) ) ;
#3896 = AXIS2_PLACEMENT_3D ( 'NONE', #705, #2637, #3704 ) ;
#3897 = CARTESIAN_POINT ( 'NONE',  ( 47.50000000000001421, -57.49999999999999289, 45.00000000000000000 ) ) ;
#3898 = ORIENTED_EDGE ( 'NONE', *, *, #3876, .T. ) ;
#3899 = FACE_OUTER_BOUND ( 'NONE', #1655, .T. ) ;
#3900 = AXIS2_PLACEMENT_3D ( 'NONE', #2340, #497, #3463 ) ;
#3901 = CARTESIAN_POINT ( 'NONE',  ( -26.24999999999997513, -57.49999999999999289, 29.21757569555954959 ) ) ;
#3902 = LINE ( 'NONE', #1205, #3348 ) ;
#3903 = EDGE_CURVE ( 'NONE', #1778, #3840, #2169, .T. ) ;
#3904 = VECTOR ( 'NONE', #2970, 1000.000000000000000 ) ;
#3905 = ORIENTED_EDGE ( 'NONE', *, *, #3880, .F. ) ;
#3906 = DIRECTION ( 'NONE',  ( -1.000000000000000000, 0.000000000000000000, 0.000000000000000000 ) ) ;
#3907 = VECTOR ( 'NONE', #3602, 1000.000000000000000 ) ;
#3908 = VERTEX_POINT ( 'NONE', #4027 ) ;
#3909 = CARTESIAN_POINT ( 'NONE',  ( 45.00000000000001421, 30.99999999999998934, 20.00000000000000711 ) ) ;
#3910 = EDGE_CURVE ( 'NONE', #242, #756, #1651, .T. ) ;
#3911 = CARTESIAN_POINT ( 'NONE',  ( -47.49999999999997868, -30.15000000000000568, 45.00000000000000000 ) ) ;
#3912 =( GEOMETRIC_REPRESENTATION_CONTEXT ( 3 ) GLOBAL_UNCERTAINTY_ASSIGNED_CONTEXT ( ( #294 ) ) GLOBAL_UNIT_ASSIGNED_CONTEXT ( ( #3331, #329, #305 ) ) REPRESENTATION_CONTEXT ( 'NONE', 'WORKASPACE' ) );
#3913 = ORIENTED_EDGE ( 'NONE', *, *, #1174, .T. ) ;
#3914 = AXIS2_PLACEMENT_3D ( 'NONE', #29, #3371, #1547 ) ;
#3915 = CARTESIAN_POINT ( 'NONE',  ( 47.50000000000001421, 57.50000000000000711, 29.21757569555956735 ) ) ;
#3916 = EDGE_CURVE ( 'NONE', #3434, #611, #4365, .T. ) ;
#3917 = VERTEX_POINT ( 'NONE', #4056 ) ;
#3918 = CARTESIAN_POINT ( 'NONE',  ( 45.00000000000004974, 55.00000000000000000, 29.99999999999997158 ) ) ;
#3919 = CARTESIAN_POINT ( 'NONE',  ( 22.15000000000003055, 9.040970586561489967E-15, 2.000000000000000000 ) ) ;
#3920 = CARTESIAN_POINT ( 'NONE',  ( 47.50000000000001421, -50.00000000000002842, 26.99999999999998934 ) ) ;
#3921 = FACE_OUTER_BOUND ( 'NONE', #2093, .T. ) ;
#3922 = ORIENTED_EDGE ( 'NONE', *, *, #4260, .T. ) ;
#3923 = AXIS2_PLACEMENT_3D ( 'NONE', #4278, #4603, #940 ) ;
#3924 = CARTESIAN_POINT ( 'NONE',  ( 12.00000000000000000, 55.00000000000000711, 27.00000000000000355 ) ) ;
#3925 = CARTESIAN_POINT ( 'NONE',  ( 45.00000000000001421, -53.00000000000003553, 22.99999999999999645 ) ) ;
#3926 = DIRECTION ( 'NONE',  ( 1.000000000000000000, -0.000000000000000000, 0.000000000000000000 ) ) ;
#3927 = EDGE_CURVE ( 'NONE', #2005, #979, #551, .T. ) ;
#3928 = ADVANCED_FACE ( 'NONE', ( #1698 ), #986, .F. ) ;
#3929 = ORIENTED_EDGE ( 'NONE', *, *, #4458, .F. ) ;
#3930 = DIRECTION ( 'NONE',  ( 0.000000000000000000, 0.000000000000000000, -1.000000000000000000 ) ) ;
#3931 = CARTESIAN_POINT ( 'NONE',  ( 28.66045353632451409, 58.37733333830382776, 31.62802923188407789 ) ) ;
#3932 = ORIENTED_EDGE ( 'NONE', *, *, #2627, .T. ) ;
#3933 = CARTESIAN_POINT ( 'NONE',  ( 15.00000000000000000, 54.99999999999999289, 22.99999999999999289 ) ) ;
#3934 = CARTESIAN_POINT ( 'NONE',  ( 33.25000000000002842, 62.50000000000001421, 44.75000000000000000 ) ) ;
#3935 = VERTEX_POINT ( 'NONE', #1326 ) ;
#3936 = EDGE_CURVE ( 'NONE', #1934, #3497, #3477, .T. ) ;
#3937 = DIRECTION ( 'NONE',  ( -0.000000000000000000, -0.000000000000000000, 1.000000000000000000 ) ) ;
#3938 = VERTEX_POINT ( 'NONE', #2067 ) ;
#3939 = LINE ( 'NONE', #4327, #3577 ) ;
#3940 = CARTESIAN_POINT ( 'NONE',  ( -6.500000000000003553, -55.00000000000001421, 34.99999999999999289 ) ) ;
#3941 = CARTESIAN_POINT ( 'NONE',  ( 47.50100000000001899, 67.49999999999997158, 42.49999999999999289 ) ) ;
#3942 =( BOUNDED_CURVE ( )  B_SPLINE_CURVE ( 3, ( #2635, #2214, #4881, #2982 ),
 .UNSPECIFIED., .F., .F. ) 
 B_SPLINE_CURVE_WITH_KNOTS ( ( 4, 4 ),
 ( 4.712388980384688786, 5.410520681182414471 ),
 .UNSPECIFIED. ) 
 CURVE ( )  GEOMETRIC_REPRESENTATION_ITEM ( )  RATIONAL_B_SPLINE_CURVE ( ( 1.000000000000000000, 0.9597950805239394700, 0.9597950805239394700, 1.000000000000000000 ) ) 
 REPRESENTATION_ITEM ( '' )  );
#3943 = VECTOR ( 'NONE', #3288, 1000.000000000000000 ) ;
#3944 = DIRECTION ( 'NONE',  ( 0.000000000000000000, 0.000000000000000000, 1.000000000000000000 ) ) ;
#3945 = EDGE_LOOP ( 'NONE', ( #4414, #4097, #3116, #1568 ) ) ;
#3946 = CARTESIAN_POINT ( 'NONE',  ( 43.75000000000002132, -53.75000000000000000, 0.3999999999999975797 ) ) ;
#3947 = CARTESIAN_POINT ( 'NONE',  ( 30.00000000000002842, 62.50000000000001421, 36.54123203702893363 ) ) ;
#3948 = AXIS2_PLACEMENT_3D ( 'NONE', #4383, #1318, #2135 ) ;
#3949 = CARTESIAN_POINT ( 'NONE',  ( -36.74999999999996447, -62.49999999999998579, 44.75000000000000000 ) ) ;
#3950 = CARTESIAN_POINT ( 'NONE',  ( -43.49999999999999289, -53.50000000000002132, 2.000000000000000000 ) ) ;
#3951 = VERTEX_POINT ( 'NONE', #3263 ) ;
#3952 = DIRECTION ( 'NONE',  ( 0.000000000000000000, -1.000000000000000000, 0.000000000000000000 ) ) ;
#3953 = AXIS2_PLACEMENT_3D ( 'NONE', #506, #2045, #3104 ) ;
#3954 = EDGE_LOOP ( 'NONE', ( #1578, #101 ) ) ;
#3955 = LINE ( 'NONE', #887, #2266 ) ;
#3956 = EDGE_LOOP ( 'NONE', ( #107, #2672, #4811, #1243 ) ) ;
#3957 = ADVANCED_FACE ( 'NONE', ( #3581 ), #4758, .F. ) ;
#3958 = EDGE_LOOP ( 'NONE', ( #3467, #4441 ) ) ;
#3959 = CARTESIAN_POINT ( 'NONE',  ( 40.00000000000002132, -61.25000000000000711, -20.15564437074637993 ) ) ;
#3960 = EDGE_CURVE ( 'NONE', #610, #340, #2886, .T. ) ;
#3961 = CARTESIAN_POINT ( 'NONE',  ( 47.50100000000001899, -67.49999999999997158, 42.49999999999999289 ) ) ;
#3962 = ORIENTED_EDGE ( 'NONE', *, *, #3281, .F. ) ;
#3963 = CARTESIAN_POINT ( 'NONE',  ( -39.99999999999997868, -60.12306427786541718, 33.70851035080948321 ) ) ;
#3964 = CARTESIAN_POINT ( 'NONE',  ( 0.000000000000000000, 40.15000000000002700, 0.000000000000000000 ) ) ;
#3965 = AXIS2_PLACEMENT_3D ( 'NONE', #7, #1076, #2188 ) ;
#3966 = AXIS2_PLACEMENT_3D ( 'NONE', #2640, #1449, #2267 ) ;
#3967 = CARTESIAN_POINT ( 'NONE',  ( 47.50000000000001421, 36.49999999999999289, 34.99999999999999289 ) ) ;
#3968 = ADVANCED_FACE ( 'NONE', ( #2829 ), #2091, .F. ) ;
#3969 = ORIENTED_EDGE ( 'NONE', *, *, #3972, .F. ) ;
#3970 = CARTESIAN_POINT ( 'NONE',  ( -37.99999999999997868, 62.50000000000001421, 36.54123203702892653 ) ) ;
#3971 = DIRECTION ( 'NONE',  ( 0.000000000000000000, 0.000000000000000000, 1.000000000000000000 ) ) ;
#3972 = EDGE_CURVE ( 'NONE', #1743, #3524, #2911, .T. ) ;
#3973 = VECTOR ( 'NONE', #1176, 1000.000000000000000 ) ;
#3974 = CARTESIAN_POINT ( 'NONE',  ( 32.00000000000002842, -62.49999999999998579, 36.54123203702889811 ) ) ;
#3975 = DIRECTION ( 'NONE',  ( 0.000000000000000000, 1.000000000000000000, 0.000000000000000000 ) ) ;
#3976 = LINE ( 'NONE', #2429, #1436 ) ;
#3977 = ORIENTED_EDGE ( 'NONE', *, *, #1512, .T. ) ;
#3978 = CIRCLE ( 'NONE', #4535, 2.999999999999999112 ) ;
#3979 = DIRECTION ( 'NONE',  ( -0.000000000000000000, 0.000000000000000000, -1.000000000000000000 ) ) ;
#3980 = CARTESIAN_POINT ( 'NONE',  ( 47.50000000000001421, -34.00000000000002842, 30.00000000000000000 ) ) ;
#3981 = ORIENTED_EDGE ( 'NONE', *, *, #2730, .T. ) ;
#3982 = CARTESIAN_POINT ( 'NONE',  ( -43.49999999999999289, -32.50000000000000000, 34.99999999999999289 ) ) ;
#3983 = CIRCLE ( 'NONE', #4609, 1.500000000000000000 ) ;
#3984 = VECTOR ( 'NONE', #952, 1000.000000000000000 ) ;
#3985 = EDGE_LOOP ( 'NONE', ( #2755, #4133, #1385, #4008, #4732 ) ) ;
#3986 = ORIENTED_EDGE ( 'NONE', *, *, #232, .T. ) ;
#3987 = ORIENTED_EDGE ( 'NONE', *, *, #2636, .F. ) ;
#3988 = DIRECTION ( 'NONE',  ( 0.000000000000000000, 0.000000000000000000, -1.000000000000000000 ) ) ;
#3989 = ORIENTED_EDGE ( 'NONE', *, *, #4587, .F. ) ;
#3990 = CARTESIAN_POINT ( 'NONE',  ( 43.50000000000000711, -53.50000000000000711, -143.7228235180481022 ) ) ;
#3991 = VECTOR ( 'NONE', #4064, 1000.000000000000000 ) ;
#3992 = CARTESIAN_POINT ( 'NONE',  ( -47.49999999999998579, 53.75000000000002132, 45.00000000000000000 ) ) ;
#3993 = CARTESIAN_POINT ( 'NONE',  ( -34.99999999999997868, 62.50000000000001421, 44.75000000000000000 ) ) ;
#3994 = DIRECTION ( 'NONE',  ( -1.000000000000000000, -2.792311430143752197E-16, -0.000000000000000000 ) ) ;
#3995 = VERTEX_POINT ( 'NONE', #4783 ) ;
#3996 = DIRECTION ( 'NONE',  ( 1.000000000000000000, 0.000000000000000000, 0.000000000000000000 ) ) ;
#3997 = EDGE_CURVE ( 'NONE', #3868, #3056, #2442, .T. ) ;
#3998 = LINE ( 'NONE', #2111, #2558 ) ;
#3999 = DIRECTION ( 'NONE',  ( 0.000000000000000000, 0.000000000000000000, 1.000000000000000000 ) ) ;
#4000 = FACE_OUTER_BOUND ( 'NONE', #3614, .T. ) ;
#4001 = LINE ( 'NONE', #175, #1918 ) ;
#4002 = ORIENTED_EDGE ( 'NONE', *, *, #3292, .F. ) ;
#4003 = AXIS2_PLACEMENT_3D ( 'NONE', #1388, #3276, #538 ) ;
#4004 = VERTEX_POINT ( 'NONE', #4567 ) ;
#4005 = CARTESIAN_POINT ( 'NONE',  ( -6.500000000000005329, -55.00000000000001421, 35.00000000000000000 ) ) ;
#4006 = VECTOR ( 'NONE', #2543, 1000.000000000000000 ) ;
#4007 = ORIENTED_EDGE ( 'NONE', *, *, #3199, .F. ) ;
#4008 = ORIENTED_EDGE ( 'NONE', *, *, #213, .F. ) ;
#4009 = ORIENTED_EDGE ( 'NONE', *, *, #4292, .F. ) ;
#4010 = CARTESIAN_POINT ( 'NONE',  ( 13.25000000000000888, 49.05000000000002558, 1.600000000000016298 ) ) ;
#4011 = VERTEX_POINT ( 'NONE', #4110 ) ;
#4012 = CARTESIAN_POINT ( 'NONE',  ( -43.49999999999999289, 53.49999999999997868, -143.7228235180481022 ) ) ;
#4013 = EDGE_CURVE ( 'NONE', #3059, #2008, #4577, .T. ) ;
#4014 = CARTESIAN_POINT ( 'NONE',  ( 38.00000000000003553, -62.49999999999998579, 36.54123203702889811 ) ) ;
#4015 = EDGE_CURVE ( 'NONE', #634, #1930, #1816, .T. ) ;
#4016 = CARTESIAN_POINT ( 'NONE',  ( -43.50000000000000000, 30.14999999999999147, 2.000000000000000000 ) ) ;
#4017 = CARTESIAN_POINT ( 'NONE',  ( -32.99999999999998579, 62.50000000000001421, 45.00000000000000000 ) ) ;
#4018 = ORIENTED_EDGE ( 'NONE', *, *, #3846, .F. ) ;
#4019 = CARTESIAN_POINT ( 'NONE',  ( 40.00000000000000711, 72.49999999999998579, 48.45876796297113742 ) ) ;
#4020 = DIRECTION ( 'NONE',  ( 0.000000000000000000, 0.000000000000000000, 1.000000000000000000 ) ) ;
#4021 = DIRECTION ( 'NONE',  ( 0.000000000000000000, 0.000000000000000000, 1.000000000000000000 ) ) ;
#4022 = EDGE_CURVE ( 'NONE', #634, #1014, #786, .T. ) ;
#4023 = VECTOR ( 'NONE', #3979, 1000.000000000000000 ) ;
#4024 = CARTESIAN_POINT ( 'NONE',  ( -31.99999999999997158, 62.50000000000001421, 53.48528137423858198 ) ) ;
#4025 = CARTESIAN_POINT ( 'NONE',  ( 26.25000000000003197, -57.49999999999999289, -20.15564437074637993 ) ) ;
#4026 = EDGE_LOOP ( 'NONE', ( #804, #342, #899, #3913, #534, #4363 ) ) ;
#4027 = CARTESIAN_POINT ( 'NONE',  ( 12.00000000000000355, -55.00000000000001421, 29.99999999999997868 ) ) ;
#4028 = DIRECTION ( 'NONE',  ( 0.000000000000000000, 0.000000000000000000, 1.000000000000000000 ) ) ;
#4029 = VERTEX_POINT ( 'NONE', #4544 ) ;
#4030 = AXIS2_PLACEMENT_3D ( 'NONE', #3703, #3754, #2190 ) ;
#4031 = LINE ( 'NONE', #262, #447 ) ;
#4032 =( LENGTH_UNIT ( ) NAMED_UNIT ( * ) SI_UNIT ( .MILLI., .METRE. ) );
#4033 = AXIS2_PLACEMENT_3D ( 'NONE', #1071, #1936, #369 ) ;
#4034 = VERTEX_POINT ( 'NONE', #2196 ) ;
#4035 = ORIENTED_EDGE ( 'NONE', *, *, #2418, .F. ) ;
#4036 = ORIENTED_EDGE ( 'NONE', *, *, #2504, .F. ) ;
#4037 = AXIS2_PLACEMENT_3D ( 'NONE', #3611, #638, #2493 ) ;
#4038 = DIRECTION ( 'NONE',  ( 0.000000000000000000, -0.7660444431189812331, -0.6427876096865356992 ) ) ;
#4039 = EDGE_CURVE ( 'NONE', #1650, #4887, #3410, .T. ) ;
#4040 = ORIENTED_EDGE ( 'NONE', *, *, #4516, .F. ) ;
#4041 = AXIS2_PLACEMENT_3D ( 'NONE', #1805, #3313, #1060 ) ;
#4042 = FACE_OUTER_BOUND ( 'NONE', #639, .T. ) ;
#4043 = CARTESIAN_POINT ( 'NONE',  ( 13.25000000000000888, 49.05000000000002558, 1.600000000000016298 ) ) ;
#4044 = DIRECTION ( 'NONE',  ( 0.000000000000000000, -1.000000000000000000, 0.000000000000000000 ) ) ;
#4045 = DIRECTION ( 'NONE',  ( -0.7071067811865475727, 0.000000000000000000, -0.7071067811865475727 ) ) ;
#4046 = VERTEX_POINT ( 'NONE', #4160 ) ;
#4047 = AXIS2_PLACEMENT_3D ( 'NONE', #1695, #3015, #2586 ) ;
#4048 = FACE_OUTER_BOUND ( 'NONE', #3031, .T. ) ;
#4049 = PLANE ( 'NONE',  #2391 ) ;
#4050 = AXIS2_PLACEMENT_3D ( 'NONE', #2986, #4541, #1157 ) ;
#4051 = CARTESIAN_POINT ( 'NONE',  ( -34.99999999999997868, 62.50000000000001421, 44.75000000000000000 ) ) ;
#4052 = DIRECTION ( 'NONE',  ( -0.000000000000000000, 0.000000000000000000, -1.000000000000000000 ) ) ;
#4053 = EDGE_CURVE ( 'NONE', #4470, #1095, #2988, .T. ) ;
#4054 = FACE_OUTER_BOUND ( 'NONE', #848, .T. ) ;
#4055 = ORIENTED_EDGE ( 'NONE', *, *, #2364, .T. ) ;
#4056 = CARTESIAN_POINT ( 'NONE',  ( 47.50000000000001421, 45.50000000000000000, 45.00000000000000000 ) ) ;
#4057 = LINE ( 'NONE', #359, #3409 ) ;
#4058 = VERTEX_POINT ( 'NONE', #2222 ) ;
#4059 = DIRECTION ( 'NONE',  ( 0.000000000000000000, 0.000000000000000000, -1.000000000000000000 ) ) ;
#4060 = CIRCLE ( 'NONE', #25, 1.500000000000001332 ) ;
#4061 =( NAMED_UNIT ( * ) PLANE_ANGLE_UNIT ( ) SI_UNIT ( $, .RADIAN. ) );
#4062 = ORIENTED_EDGE ( 'NONE', *, *, #4022, .T. ) ;
#4063 = ORIENTED_EDGE ( 'NONE', *, *, #322, .F. ) ;
#4064 = DIRECTION ( 'NONE',  ( 1.000000000000000000, -0.000000000000000000, 0.000000000000000000 ) ) ;
#4065 = EDGE_LOOP ( 'NONE', ( #481, #889, #906, #2027 ) ) ;
#4066 = EDGE_CURVE ( 'NONE', #231, #4137, #358, .T. ) ;
#4067 = AXIS2_PLACEMENT_3D ( 'NONE', #573, #2085, #924 ) ;
#4068 = LINE ( 'NONE', #2869, #3801 ) ;
#4069 = VECTOR ( 'NONE', #1669, 1000.000000000000000 ) ;
#4070 = VERTEX_POINT ( 'NONE', #2644 ) ;
#4071 = CARTESIAN_POINT ( 'NONE',  ( 35.00000000000002842, -62.49999999999998579, 0.000000000000000000 ) ) ;
#4072 = ADVANCED_FACE ( 'NONE', ( #3435, #4083 ), #1503, .F. ) ;
#4073 = CARTESIAN_POINT ( 'NONE',  ( 12.85000000000001208, 40.55000000000002558, 0.000000000000000000 ) ) ;
#4074 = CARTESIAN_POINT ( 'NONE',  ( -47.49999999999997868, 30.14999999999999147, -143.7228235180481022 ) ) ;
#4075 = LINE ( 'NONE', #1416, #2818 ) ;
#4076 = ORIENTED_EDGE ( 'NONE', *, *, #323, .F. ) ;
#4077 = AXIS2_PLACEMENT_3D ( 'NONE', #1075, #1020, #1439 ) ;
#4078 = CARTESIAN_POINT ( 'NONE',  ( 40.00000000000000711, 62.50000000000001421, 45.00000000000000000 ) ) ;
#4079 = DIRECTION ( 'NONE',  ( -1.000000000000000000, 0.000000000000000000, 0.000000000000000000 ) ) ;
#4080 = CYLINDRICAL_SURFACE ( 'NONE', #1861, 3.000000000000002665 ) ;
#4081 = CARTESIAN_POINT ( 'NONE',  ( 22.15000000000000924, 49.45000000000002416, 2.000000000000000000 ) ) ;
#4082 = ORIENTED_EDGE ( 'NONE', *, *, #4394, .T. ) ;
#4083 = FACE_OUTER_BOUND ( 'NONE', #403, .T. ) ;
#4084 = FACE_OUTER_BOUND ( 'NONE', #1944, .T. ) ;
#4085 = EDGE_CURVE ( 'NONE', #3278, #865, #2929, .T. ) ;
#4086 = ADVANCED_FACE ( 'NONE', ( #1529 ), #685, .F. ) ;
#4087 = ORIENTED_EDGE ( 'NONE', *, *, #1756, .T. ) ;
#4088 = LINE ( 'NONE', #2491, #3456 ) ;
#4089 = EDGE_CURVE ( 'NONE', #4480, #1532, #2917, .T. ) ;
#4090 = ORIENTED_EDGE ( 'NONE', *, *, #1404, .T. ) ;
#4091 = AXIS2_PLACEMENT_3D ( 'NONE', #3027, #796, #3699 ) ;
#4092 = ORIENTED_EDGE ( 'NONE', *, *, #3070, .T. ) ;
#4093 = CARTESIAN_POINT ( 'NONE',  ( -47.49999999999998579, -49.50000000000000711, 38.00000000000000000 ) ) ;
#4094 = EDGE_LOOP ( 'NONE', ( #2669, #3769, #3341, #4216, #3465 ) ) ;
#4095 = DIRECTION ( 'NONE',  ( 0.000000000000000000, 0.000000000000000000, 1.000000000000000000 ) ) ;
#4096 = EDGE_CURVE ( 'NONE', #3195, #2283, #4491, .T. ) ;
#4097 = ORIENTED_EDGE ( 'NONE', *, *, #4085, .T. ) ;
#4098 = PLANE ( 'NONE',  #4553 ) ;
#4099 = CARTESIAN_POINT ( 'NONE',  ( 38.00000000000002132, 56.50000000000001421, 29.39071048146359644 ) ) ;
#4100 = DIRECTION ( 'NONE',  ( 0.000000000000000000, 0.000000000000000000, 1.000000000000000000 ) ) ;
#4101 = VERTEX_POINT ( 'NONE', #1454 ) ;
#4102 = DIRECTION ( 'NONE',  ( 2.312964634635742957E-16, 0.000000000000000000, 1.000000000000000000 ) ) ;
#4103 = CARTESIAN_POINT ( 'NONE',  ( -15.00000000000000000, -57.49999999999999289, 20.00000000000000711 ) ) ;
#4104 = AXIS2_PLACEMENT_3D ( 'NONE', #3777, #1523, #4537 ) ;
#4105 = FACE_OUTER_BOUND ( 'NONE', #2549, .T. ) ;
#4106 = CYLINDRICAL_SURFACE ( 'NONE', #2231, 3.000000000000002665 ) ;
#4107 = EDGE_CURVE ( 'NONE', #4476, #4101, #2271, .T. ) ;
#4108 = CARTESIAN_POINT ( 'NONE',  ( 12.00000000000000000, 55.00000000000000711, 30.00000000000000355 ) ) ;
#4109 = ORIENTED_EDGE ( 'NONE', *, *, #3870, .T. ) ;
#4110 = CARTESIAN_POINT ( 'NONE',  ( 45.00000000000001421, -34.00000000000002842, 20.00000000000000000 ) ) ;
#4111 = DIRECTION ( 'NONE',  ( 0.000000000000000000, 0.000000000000000000, -1.000000000000000000 ) ) ;
#4112 = ORIENTED_EDGE ( 'NONE', *, *, #4446, .T. ) ;
#4113 = FACE_BOUND ( 'NONE', #4497, .T. ) ;
#4114 = ORIENTED_EDGE ( 'NONE', *, *, #1328, .F. ) ;
#4115 = VERTEX_POINT ( 'NONE', #3735 ) ;
#4116 = AXIS2_PLACEMENT_3D ( 'NONE', #3211, #1374, #177 ) ;
#4117 = EDGE_LOOP ( 'NONE', ( #1383, #4338, #3678, #2189 ) ) ;
#4118 = VECTOR ( 'NONE', #1949, 1000.000000000000000 ) ;
#4119 = DIRECTION ( 'NONE',  ( 0.000000000000000000, 0.000000000000000000, 1.000000000000000000 ) ) ;
#4120 = ORIENTED_EDGE ( 'NONE', *, *, #1270, .T. ) ;
#4121 = DIRECTION ( 'NONE',  ( 0.000000000000000000, 0.000000000000000000, -1.000000000000000000 ) ) ;
#4122 = CYLINDRICAL_SURFACE ( 'NONE', #114, 3.000000000000002665 ) ;
#4123 = AXIS2_PLACEMENT_3D ( 'NONE', #4531, #2282, #4478 ) ;
#4124 = ADVANCED_FACE ( 'NONE', ( #4134 ), #4468, .T. ) ;
#4125 = DIRECTION ( 'NONE',  ( -0.000000000000000000, -0.000000000000000000, -1.000000000000000000 ) ) ;
#4126 = ORIENTED_EDGE ( 'NONE', *, *, #4096, .F. ) ;
#4127 = LINE ( 'NONE', #3779, #864 ) ;
#4128 = EDGE_CURVE ( 'NONE', #1392, #2993, #3480, .T. ) ;
#4129 = DIRECTION ( 'NONE',  ( 0.000000000000000000, 1.734723475976806108E-16, -1.000000000000000000 ) ) ;
#4130 = DIRECTION ( 'NONE',  ( 0.000000000000000000, 0.000000000000000000, -1.000000000000000000 ) ) ;
#4131 = DIRECTION ( 'NONE',  ( -0.000000000000000000, -0.000000000000000000, 1.000000000000000000 ) ) ;
#4132 = LINE ( 'NONE', #710, #1522 ) ;
#4133 = ORIENTED_EDGE ( 'NONE', *, *, #188, .T. ) ;
#4134 = FACE_OUTER_BOUND ( 'NONE', #3945, .T. ) ;
#4135 = LINE ( 'NONE', #764, #3248 ) ;
#4136 = EDGE_CURVE ( 'NONE', #1144, #577, #455, .T. ) ;
#4137 = VERTEX_POINT ( 'NONE', #1227 ) ;
#4138 = LINE ( 'NONE', #1902, #687 ) ;
#4139 = AXIS2_PLACEMENT_3D ( 'NONE', #631, #1696, #984 ) ;
#4140 = ORIENTED_EDGE ( 'NONE', *, *, #1220, .T. ) ;
#4141 = ORIENTED_EDGE ( 'NONE', *, *, #2824, .T. ) ;
#4142 = EDGE_LOOP ( 'NONE', ( #3932, #2767, #943, #2276 ) ) ;
#4143 = VECTOR ( 'NONE', #2377, 1000.000000000000000 ) ;
#4144 = LINE ( 'NONE', #1910, #3725 ) ;
#4145 = ORIENTED_EDGE ( 'NONE', *, *, #508, .F. ) ;
#4146 = CARTESIAN_POINT ( 'NONE',  ( -28.66045353632447856, -58.37733333830381355, 31.62802923188405657 ) ) ;
#4147 = FACE_OUTER_BOUND ( 'NONE', #4522, .T. ) ;
#4148 = CIRCLE ( 'NONE', #424, 3.750000000000003553 ) ;
#4149 = EDGE_CURVE ( 'NONE', #3587, #4345, #3550, .T. ) ;
#4150 = EDGE_CURVE ( 'NONE', #2288, #4231, #520, .T. ) ;
#4151 = LINE ( 'NONE', #1103, #854 ) ;
#4152 = ORIENTED_EDGE ( 'NONE', *, *, #1299, .F. ) ;
#4153 = VECTOR ( 'NONE', #2907, 1000.000000000000000 ) ;
#4154 = DIRECTION ( 'NONE',  ( 1.000000000000000000, 0.000000000000000000, -2.312964634635742957E-16 ) ) ;
#4155 = DIRECTION ( 'NONE',  ( -0.000000000000000000, -0.000000000000000000, -1.000000000000000000 ) ) ;
#4156 = AXIS2_PLACEMENT_3D ( 'NONE', #2527, #1767, #2208 ) ;
#4157 = EDGE_CURVE ( 'NONE', #2226, #2916, #1976, .T. ) ;
#4158 = LINE ( 'NONE', #1527, #882 ) ;
#4159 = ORIENTED_EDGE ( 'NONE', *, *, #2780, .T. ) ;
#4160 = CARTESIAN_POINT ( 'NONE',  ( 40.00000000000002132, -61.25000000000000711, 45.00000000000000000 ) ) ;
#4161 = CARTESIAN_POINT ( 'NONE',  ( 33.25000000000004263, -62.49999999999998579, 44.75000000000000000 ) ) ;
#4162 = ORIENTED_EDGE ( 'NONE', *, *, #4509, .T. ) ;
#4163 = LINE ( 'NONE', #384, #2187 ) ;
#4164 = ORIENTED_EDGE ( 'NONE', *, *, #504, .T. ) ;
#4165 = EDGE_LOOP ( 'NONE', ( #4392, #3430, #1067, #2888 ) ) ;
#4166 = DIRECTION ( 'NONE',  ( 0.000000000000000000, -1.000000000000000000, -1.577021341797097560E-16 ) ) ;
#4167 = ORIENTED_EDGE ( 'NONE', *, *, #126, .F. ) ;
#4168 = EDGE_CURVE ( 'NONE', #3935, #4525, #1339, .T. ) ;
#4169 = DIRECTION ( 'NONE',  ( -0.000000000000000000, -0.000000000000000000, 1.000000000000000000 ) ) ;
#4170 = CARTESIAN_POINT ( 'NONE',  ( -34.99999999999997868, -62.49999999999998579, 0.000000000000000000 ) ) ;
#4171 = ORIENTED_EDGE ( 'NONE', *, *, #1264, .F. ) ;
#4172 =( BOUNDED_CURVE ( )  B_SPLINE_CURVE ( 3, ( #1889, #501, #3192, #884 ),
 .UNSPECIFIED., .F., .F. ) 
 B_SPLINE_CURVE_WITH_KNOTS ( ( 4, 4 ),
 ( 4.014257279586962213, 4.712388980384689674 ),
 .UNSPECIFIED. ) 
 CURVE ( )  GEOMETRIC_REPRESENTATION_ITEM ( )  RATIONAL_B_SPLINE_CURVE ( ( 1.000000000000000000, 0.9597950805239393590, 0.9597950805239393590, 1.000000000000000000 ) ) 
 REPRESENTATION_ITEM ( '' )  );
#4173 = CARTESIAN_POINT ( 'NONE',  ( -39.99999999999996447, 61.25000000000001421, 45.00000000000000000 ) ) ;
#4174 = DIRECTION ( 'NONE',  ( 0.000000000000000000, -0.6427876096865354771, -0.7660444431189811221 ) ) ;
#4175 = EDGE_CURVE ( 'NONE', #2017, #2974, #433, .T. ) ;
#4176 = CARTESIAN_POINT ( 'NONE',  ( 45.00000000000001421, -31.00000000000003197, 23.00000000000000000 ) ) ;
#4177 = ORIENTED_EDGE ( 'NONE', *, *, #844, .F. ) ;
#4178 = CARTESIAN_POINT ( 'NONE',  ( 0.000000000000000000, 0.000000000000000000, 45.00000000000000000 ) ) ;
#4179 = PRESENTATION_STYLE_ASSIGNMENT (( #405 ) ) ;
#4180 = CYLINDRICAL_SURFACE ( 'NONE', #2943, 1.500000000000001332 ) ;
#4181 = ORIENTED_EDGE ( 'NONE', *, *, #4819, .F. ) ;
#4182 = CARTESIAN_POINT ( 'NONE',  ( 29.52373638401801870, -59.10171365740507810, 32.49131207957753276 ) ) ;
#4183 = CARTESIAN_POINT ( 'NONE',  ( 12.00000000000000000, 57.50000000000000711, 20.00000000000000000 ) ) ;
#4184 = VERTEX_POINT ( 'NONE', #3138 ) ;
#4185 = DIRECTION ( 'NONE',  ( 1.000000000000000000, 1.541976423090495387E-16, 0.000000000000000000 ) ) ;
#4186 = EDGE_CURVE ( 'NONE', #4756, #839, #1202, .T. ) ;
#4187 = ORIENTED_EDGE ( 'NONE', *, *, #3158, .F. ) ;
#4188 = ORIENTED_EDGE ( 'NONE', *, *, #927, .T. ) ;
#4189 = DIRECTION ( 'NONE',  ( 1.000000000000000000, 0.000000000000000000, 0.000000000000000000 ) ) ;
#4190 = CARTESIAN_POINT ( 'NONE',  ( -15.00000000000000000, -89.12277660168375348, 20.00000000000000711 ) ) ;
#4191 = ORIENTED_EDGE ( 'NONE', *, *, #2089, .F. ) ;
#4192 = LINE ( 'NONE', #800, #3318 ) ;
#4193 = LINE ( 'NONE', #2703, #1941 ) ;
#4194 = AXIS2_PLACEMENT_3D ( 'NONE', #1105, #1445, #4486 ) ;
#4195 = DIRECTION ( 'NONE',  ( -1.000000000000000000, 0.000000000000000000, 0.000000000000000000 ) ) ;
#4196 = EDGE_LOOP ( 'NONE', ( #383, #151, #4234, #310, #4626 ) ) ;
#4197 = CARTESIAN_POINT ( 'NONE',  ( 0.000000000000000000, 39.49999999999999289, 38.00000000000000000 ) ) ;
#4198 = LINE ( 'NONE', #808, #3422 ) ;
#4199 = VERTEX_POINT ( 'NONE', #1576 ) ;
#4200 = VECTOR ( 'NONE', #1085, 1000.000000000000000 ) ;
#4201 = DIRECTION ( 'NONE',  ( -1.000000000000000000, 0.000000000000000000, 0.000000000000000000 ) ) ;
#4202 = CYLINDRICAL_SURFACE ( 'NONE', #77, 3.750000000000000000 ) ;
#4203 = CYLINDRICAL_SURFACE ( 'NONE', #1286, 3.000000000000002665 ) ;
#4204 = LINE ( 'NONE', #3712, #663 ) ;
#4205 = EDGE_CURVE ( 'NONE', #1932, #4417, #4728, .T. ) ;
#4206 = VERTEX_POINT ( 'NONE', #475 ) ;
#4207 = AXIS2_PLACEMENT_3D ( 'NONE', #3871, #468, #1986 ) ;
#4208 = CARTESIAN_POINT ( 'NONE',  ( 13.25000000000000888, 49.05000000000002558, 1.600000000000016298 ) ) ;
#4209 = VECTOR ( 'NONE', #1301, 1000.000000000000000 ) ;
#4210 = ORIENTED_EDGE ( 'NONE', *, *, #4699, .F. ) ;
#4211 = PLANE ( 'NONE',  #2665 ) ;
#4212 = CARTESIAN_POINT ( 'NONE',  ( -34.99999999999997868, -62.49999999999998579, 0.000000000000000000 ) ) ;
#4213 = ORIENTED_EDGE ( 'NONE', *, *, #4669, .F. ) ;
#4214 = ADVANCED_FACE ( 'NONE', ( #3162 ), #3875, .F. ) ;
#4215 = FACE_OUTER_BOUND ( 'NONE', #4026, .T. ) ;
#4216 = ORIENTED_EDGE ( 'NONE', *, *, #2875, .F. ) ;
#4217 = LINE ( 'NONE', #779, #4825 ) ;
#4218 = EDGE_LOOP ( 'NONE', ( #3612, #1771, #4589, #3641 ) ) ;
#4219 = SPHERICAL_SURFACE ( 'NONE', #4752, 1.500000000000000000 ) ;
#4220 = DIRECTION ( 'NONE',  ( -2.312964634635742957E-16, 1.000000000000000000, 0.000000000000000000 ) ) ;
#4221 = VERTEX_POINT ( 'NONE', #1622 ) ;
#4222 = DIRECTION ( 'NONE',  ( -2.312964634635742957E-16, 1.000000000000000000, 0.000000000000000000 ) ) ;
#4223 = DIRECTION ( 'NONE',  ( 0.000000000000000000, -1.000000000000000000, 0.000000000000000000 ) ) ;
#4224 = CARTESIAN_POINT ( 'NONE',  ( 21.75000000000001066, 49.05000000000002558, -0.001000000000017913643 ) ) ;
#4225 = CYLINDRICAL_SURFACE ( 'NONE', #4295, 2.999999999999999112 ) ;
#4226 = ORIENTED_EDGE ( 'NONE', *, *, #238, .F. ) ;
#4227 = ADVANCED_FACE ( 'NONE', ( #3461, #3859 ), #60, .F. ) ;
#4228 = CIRCLE ( 'NONE', #3488, 3.000000000000002665 ) ;
#4229 = DIRECTION ( 'NONE',  ( -1.000000000000000000, 0.000000000000000000, 0.000000000000000000 ) ) ;
#4230 = EDGE_CURVE ( 'NONE', #138, #1532, #2211, .T. ) ;
#4231 = VERTEX_POINT ( 'NONE', #879 ) ;
#4232 = CARTESIAN_POINT ( 'NONE',  ( 38.00000000000003553, -62.49999999999998579, 36.54123203702889811 ) ) ;
#4233 = DIRECTION ( 'NONE',  ( -0.000000000000000000, -0.000000000000000000, -1.000000000000000000 ) ) ;
#4234 = ORIENTED_EDGE ( 'NONE', *, *, #3997, .T. ) ;
#4235 = LINE ( 'NONE', #2374, #4309 ) ;
#4236 = ADVANCED_FACE ( 'NONE', ( #2339 ), #2358, .F. ) ;
#4237 = EDGE_CURVE ( 'NONE', #3319, #1932, #3483, .T. ) ;
#4238 = FACE_OUTER_BOUND ( 'NONE', #4326, .T. ) ;
#4239 = ORIENTED_EDGE ( 'NONE', *, *, #3221, .T. ) ;
#4240 = AXIS2_PLACEMENT_3D ( 'NONE', #2655, #2280, #2329 ) ;
#4241 = VECTOR ( 'NONE', #1507, 1000.000000000000000 ) ;
#4242 = CARTESIAN_POINT ( 'NONE',  ( -39.99999999999996447, 62.50000000000001421, -20.15564437074637993 ) ) ;
#4243 = ORIENTED_EDGE ( 'NONE', *, *, #1765, .F. ) ;
#4244 = DIRECTION ( 'NONE',  ( -1.000000000000000000, 0.000000000000000000, 0.000000000000000000 ) ) ;
#4245 = LINE ( 'NONE', #82, #2324 ) ;
#4246 = PLANE ( 'NONE',  #4846 ) ;
#4247 = EDGE_CURVE ( 'NONE', #4058, #2302, #2033, .T. ) ;
#4248 = ORIENTED_EDGE ( 'NONE', *, *, #2193, .F. ) ;
#4249 = CARTESIAN_POINT ( 'NONE',  ( -47.50099999999999056, 30.99999999999998934, 27.00000000000001066 ) ) ;
#4250 = VERTEX_POINT ( 'NONE', #81 ) ;
#4251 = DIRECTION ( 'NONE',  ( -0.000000000000000000, -0.000000000000000000, -1.000000000000000000 ) ) ;
#4252 = DIRECTION ( 'NONE',  ( -1.000000000000000000, 0.000000000000000000, 0.000000000000000000 ) ) ;
#4253 = ORIENTED_EDGE ( 'NONE', *, *, #3390, .T. ) ;
#4254 = LINE ( 'NONE', #1984, #3525 ) ;
#4255 = ADVANCED_FACE ( 'NONE', ( #1602, #1667, #3899 ), #496, .F. ) ;
#4256 = VECTOR ( 'NONE', #397, 1000.000000000000000 ) ;
#4257 = ORIENTED_EDGE ( 'NONE', *, *, #594, .F. ) ;
#4258 = DIRECTION ( 'NONE',  ( 1.541976423090495387E-16, -1.000000000000000000, 0.000000000000000000 ) ) ;
#4259 = VERTEX_POINT ( 'NONE', #3505 ) ;
#4260 = EDGE_CURVE ( 'NONE', #3935, #3424, #2013, .T. ) ;
#4261 = VECTOR ( 'NONE', #1366, 1000.000000000000000 ) ;
#4262 = CARTESIAN_POINT ( 'NONE',  ( -47.49999999999998579, -53.75000000000000000, 0.3999999999999975797 ) ) ;
#4263 = CIRCLE ( 'NONE', #73, 2.999999999999999112 ) ;
#4264 = CARTESIAN_POINT ( 'NONE',  ( 12.00000000000000000, -57.49999999999999289, 30.00000000000000355 ) ) ;
#4265 = EDGE_CURVE ( 'NONE', #4526, #41, #3625, .T. ) ;
#4266 = ORIENTED_EDGE ( 'NONE', *, *, #1619, .F. ) ;
#4267 = DIRECTION ( 'NONE',  ( -1.000000000000000000, 0.000000000000000000, 0.000000000000000000 ) ) ;
#4268 = EDGE_CURVE ( 'NONE', #4397, #138, #2452, .T. ) ;
#4269 = LINE ( 'NONE', #3075, #2470 ) ;
#4270 = CARTESIAN_POINT ( 'NONE',  ( 33.00000000000002842, 62.50000000000001421, 45.00000000000000000 ) ) ;
#4271 = CIRCLE ( 'NONE', #3259, 1.500000000000000000 ) ;
#4272 = ORIENTED_EDGE ( 'NONE', *, *, #1337, .T. ) ;
#4273 = DIRECTION ( 'NONE',  ( -0.000000000000000000, -0.000000000000000000, 1.000000000000000000 ) ) ;
#4274 = ORIENTED_EDGE ( 'NONE', *, *, #2810, .T. ) ;
#4275 = DIRECTION ( 'NONE',  ( 1.000000000000000000, 0.000000000000000000, 0.000000000000000000 ) ) ;
#4276 = DIRECTION ( 'NONE',  ( -0.000000000000000000, -0.000000000000000000, -1.000000000000000000 ) ) ;
#4277 = ORIENTED_EDGE ( 'NONE', *, *, #1596, .T. ) ;
#4278 = CARTESIAN_POINT ( 'NONE',  ( 43.50000000000000711, -53.50000000000000711, 44.99999999999998579 ) ) ;
#4279 = VECTOR ( 'NONE', #2936, 1000.000000000000000 ) ;
#4280 = ORIENTED_EDGE ( 'NONE', *, *, #3623, .T. ) ;
#4281 = DIRECTION ( 'NONE',  ( -1.000000000000000000, 0.000000000000000000, 0.000000000000000000 ) ) ;
#4282 = ADVANCED_FACE ( 'NONE', ( #4776, #3680 ), #1295, .T. ) ;
#4283 = CARTESIAN_POINT ( 'NONE',  ( -34.99999999999997868, 62.50000000000001421, 43.00000000000000000 ) ) ;
#4284 = AXIS2_PLACEMENT_3D ( 'NONE', #3378, #4155, #304 ) ;
#4285 = CARTESIAN_POINT ( 'NONE',  ( 32.00000000000001421, 68.50000000000001421, 43.69175359259426727 ) ) ;
#4286 = ORIENTED_EDGE ( 'NONE', *, *, #3903, .T. ) ;
#4287 = DIRECTION ( 'NONE',  ( -0.000000000000000000, -1.000000000000000000, -0.000000000000000000 ) ) ;
#4288 = AXIS2_PLACEMENT_3D ( 'NONE', #3187, #2800, #3230 ) ;
#4289 = DIRECTION ( 'NONE',  ( 1.000000000000000000, 1.541976423090495387E-16, -0.000000000000000000 ) ) ;
#4290 = CARTESIAN_POINT ( 'NONE',  ( -47.50099999999999056, -61.24999999999999289, 29.21757569555954959 ) ) ;
#4291 = VECTOR ( 'NONE', #2694, 1000.000000000000114 ) ;
#4292 = EDGE_CURVE ( 'NONE', #3473, #2077, #1132, .T. ) ;
#4293 = VERTEX_POINT ( 'NONE', #2163 ) ;
#4294 = LINE ( 'NONE', #2761, #4256 ) ;
#4295 = AXIS2_PLACEMENT_3D ( 'NONE', #3486, #3188, #836 ) ;
#4296 = ORIENTED_EDGE ( 'NONE', *, *, #3306, .T. ) ;
#4297 = DIRECTION ( 'NONE',  ( 0.000000000000000000, -0.000000000000000000, -1.000000000000000000 ) ) ;
#4298 = PLANE ( 'NONE',  #3638 ) ;
#4299 = ORIENTED_EDGE ( 'NONE', *, *, #3207, .T. ) ;
#4300 = CARTESIAN_POINT ( 'NONE',  ( 38.00000000000002132, 62.50000000000001421, 43.00000000000000000 ) ) ;
#4301 = ADVANCED_FACE ( 'NONE', ( #4048 ), #195, .F. ) ;
#4302 = CARTESIAN_POINT ( 'NONE',  ( 0.000000000000000000, 0.000000000000000000, 34.99999999999999289 ) ) ;
#4303 = DIRECTION ( 'NONE',  ( -0.000000000000000000, -0.000000000000000000, 1.000000000000000000 ) ) ;
#4304 = CARTESIAN_POINT ( 'NONE',  ( 36.75000000000002132, -62.49999999999998579, 44.75000000000000000 ) ) ;
#4305 = EDGE_CURVE ( 'NONE', #2306, #3408, #597, .T. ) ;
#4306 = AXIS2_PLACEMENT_3D ( 'NONE', #3993, #592, #3542 ) ;
#4307 = CARTESIAN_POINT ( 'NONE',  ( 43.75000000000002132, -57.49999999999999289, 29.21757569555955314 ) ) ;
#4308 = EDGE_LOOP ( 'NONE', ( #1216, #4055, #3436, #2784 ) ) ;
#4309 = VECTOR ( 'NONE', #3891, 1000.000000000000000 ) ;
#4310 =( BOUNDED_CURVE ( )  B_SPLINE_CURVE ( 3, ( #2531, #3009, #650, #4799 ),
 .UNSPECIFIED., .F., .F. ) 
 B_SPLINE_CURVE_WITH_KNOTS ( ( 4, 4 ),
 ( 4.712388980384689674, 7.853981633974482790 ),
 .UNSPECIFIED. ) 
 CURVE ( )  GEOMETRIC_REPRESENTATION_ITEM ( )  RATIONAL_B_SPLINE_CURVE ( ( 1.000000000000000000, 0.3333333333333333703, 0.3333333333333333703, 1.000000000000000000 ) ) 
 REPRESENTATION_ITEM ( '' )  );
#4311 = CARTESIAN_POINT ( 'NONE',  ( -28.66045353632447856, 58.37733333830383486, 31.62802923188407078 ) ) ;
#4312 = DIRECTION ( 'NONE',  ( -5.551115123125869477E-15, -1.000000000000000000, 0.000000000000000000 ) ) ;
#4313 = CYLINDRICAL_SURFACE ( 'NONE', #2075, 3.750000000000003553 ) ;
#4314 = CARTESIAN_POINT ( 'NONE',  ( -44.99999999999999289, 53.49999999999997868, 3.500000000000000000 ) ) ;
#4315 = EDGE_CURVE ( 'NONE', #1432, #65, #1764, .T. ) ;
#4316 = CYLINDRICAL_SURFACE ( 'NONE', #4597, 2.999999999999999112 ) ;
#4317 = ORIENTED_EDGE ( 'NONE', *, *, #2478, .F. ) ;
#4318 = CARTESIAN_POINT ( 'NONE',  ( -1.237436079530122184E-14, 53.49999999999998579, 3.500000000000000000 ) ) ;
#4319 = DIRECTION ( 'NONE',  ( 1.000000000000000000, 0.000000000000000000, 0.000000000000000000 ) ) ;
#4320 = ORIENTED_EDGE ( 'NONE', *, *, #470, .F. ) ;
#4321 = EDGE_CURVE ( 'NONE', #1095, #651, #1744, .T. ) ;
#4322 = DIRECTION ( 'NONE',  ( -1.000000000000000000, -0.000000000000000000, -0.000000000000000000 ) ) ;
#4323 = ORIENTED_EDGE ( 'NONE', *, *, #1534, .T. ) ;
#4324 = CARTESIAN_POINT ( 'NONE',  ( 38.00000000000002132, 62.50000000000001421, 36.54123203702892653 ) ) ;
#4325 = DIRECTION ( 'NONE',  ( -1.000000000000000000, 0.000000000000000000, 0.000000000000000000 ) ) ;
#4326 = EDGE_LOOP ( 'NONE', ( #1970, #316 ) ) ;
#4327 = CARTESIAN_POINT ( 'NONE',  ( -47.49999999999997868, 30.14999999999999147, 2.000000000000001776 ) ) ;
#4328 = CARTESIAN_POINT ( 'NONE',  ( 47.50000000000001421, 11.99999999999998046, 27.00000000000001066 ) ) ;
#4329 = DIRECTION ( 'NONE',  ( -1.000000000000000000, 0.000000000000000000, 0.000000000000000000 ) ) ;
#4330 = CARTESIAN_POINT ( 'NONE',  ( -12.00000000000000000, -89.12277660168375348, 27.00000000000001066 ) ) ;
#4331 = ORIENTED_EDGE ( 'NONE', *, *, #1914, .T. ) ;
#4332 = CARTESIAN_POINT ( 'NONE',  ( -31.99999999999997513, 56.50000000000001421, 29.39071048146359644 ) ) ;
#4333 = CARTESIAN_POINT ( 'NONE',  ( 47.50000000000001421, -57.49999999999999289, 0.3999999999999975797 ) ) ;
#4334 = DIRECTION ( 'NONE',  ( 1.000000000000000000, 0.000000000000000000, 0.000000000000000000 ) ) ;
#4335 = CIRCLE ( 'NONE', #4647, 2.999999999999999112 ) ;
#4336 = DIRECTION ( 'NONE',  ( -1.000000000000000000, 0.000000000000000000, 0.000000000000000000 ) ) ;
#4337 = DIRECTION ( 'NONE',  ( 0.000000000000000000, 1.000000000000000000, -0.000000000000000000 ) ) ;
#4338 = ORIENTED_EDGE ( 'NONE', *, *, #3032, .T. ) ;
#4339 = CARTESIAN_POINT ( 'NONE',  ( -41.33954646367548236, -58.37733333830381355, 31.62802923188405657 ) ) ;
#4340 = ORIENTED_EDGE ( 'NONE', *, *, #458, .T. ) ;
#4341 = DIRECTION ( 'NONE',  ( 0.000000000000000000, -0.000000000000000000, 1.000000000000000000 ) ) ;
#4342 = ADVANCED_FACE ( 'NONE', ( #1772 ), #923, .F. ) ;
#4343 = ORIENTED_EDGE ( 'NONE', *, *, #1422, .F. ) ;
#4344 = VERTEX_POINT ( 'NONE', #2426 ) ;
#4345 = VERTEX_POINT ( 'NONE', #950 ) ;
#4346 = CARTESIAN_POINT ( 'NONE',  ( -43.49999999999999289, -55.00000000000002132, 2.000000000000000000 ) ) ;
#4347 = EDGE_CURVE ( 'NONE', #1166, #1762, #4723, .T. ) ;
#4348 = ORIENTED_EDGE ( 'NONE', *, *, #706, .F. ) ;
#4349 = PLANE ( 'NONE',  #4361 ) ;
#4350 = DIRECTION ( 'NONE',  ( -0.000000000000000000, 1.000000000000000000, 0.000000000000000000 ) ) ;
#4351 = AXIS2_PLACEMENT_3D ( 'NONE', #4012, #2053, #4377 ) ;
#4352 = CARTESIAN_POINT ( 'NONE',  ( 15.00000000000000000, -55.00000000000001421, 22.99999999999999289 ) ) ;
#4353 = EDGE_CURVE ( 'NONE', #695, #4538, #2125, .T. ) ;
#4354 = DIRECTION ( 'NONE',  ( 0.000000000000000000, -1.000000000000000000, 0.000000000000000000 ) ) ;
#4355 = ORIENTED_EDGE ( 'NONE', *, *, #3272, .F. ) ;
#4356 = CARTESIAN_POINT ( 'NONE',  ( -37.99999999999997868, 62.50000000000001421, 36.54123203702892653 ) ) ;
#4357 = DIRECTION ( 'NONE',  ( -0.000000000000000000, 1.000000000000000000, 0.000000000000000000 ) ) ;
#4358 = VECTOR ( 'NONE', #2401, 1000.000000000000000 ) ;
#4359 = DIRECTION ( 'NONE',  ( 0.000000000000000000, 0.000000000000000000, 1.000000000000000000 ) ) ;
#4360 = DIRECTION ( 'NONE',  ( -0.000000000000000000, 1.000000000000000000, 0.000000000000000000 ) ) ;
#4361 = AXIS2_PLACEMENT_3D ( 'NONE', #971, #4745, #1361 ) ;
#4362 = CARTESIAN_POINT ( 'NONE',  ( -43.74999999999997158, -57.49999999999999289, 29.21757569555954959 ) ) ;
#4363 = ORIENTED_EDGE ( 'NONE', *, *, #2775, .F. ) ;
#4364 = AXIS2_PLACEMENT_3D ( 'NONE', #4333, #4724, #1002 ) ;
#4365 = LINE ( 'NONE', #578, #3003 ) ;
#4366 = EDGE_LOOP ( 'NONE', ( #1111, #994 ) ) ;
#4367 = DIRECTION ( 'NONE',  ( -0.000000000000000000, 1.000000000000000000, 0.000000000000000000 ) ) ;
#4368 = EDGE_CURVE ( 'NONE', #41, #4526, #267, .T. ) ;
#4369 = ORIENTED_EDGE ( 'NONE', *, *, #3154, .T. ) ;
#4370 = EDGE_CURVE ( 'NONE', #2566, #3195, #466, .T. ) ;
#4371 = VERTEX_POINT ( 'NONE', #3652 ) ;
#4372 = LINE ( 'NONE', #237, #3991 ) ;
#4373 = ORIENTED_EDGE ( 'NONE', *, *, #2396, .T. ) ;
#4374 = AXIS2_PLACEMENT_3D ( 'NONE', #728, #3399, #3751 ) ;
#4375 = FACE_OUTER_BOUND ( 'NONE', #550, .T. ) ;
#4376 = VERTEX_POINT ( 'NONE', #2821 ) ;
#4377 = DIRECTION ( 'NONE',  ( -1.000000000000000000, 0.000000000000000000, 0.000000000000000000 ) ) ;
#4378 = DIRECTION ( 'NONE',  ( 1.000000000000000000, 0.000000000000000000, 0.000000000000000000 ) ) ;
#4379 = DIRECTION ( 'NONE',  ( -1.000000000000000000, 0.000000000000000000, 2.312964634635742957E-16 ) ) ;
#4380 = ADVANCED_FACE ( 'NONE', ( #3280 ), #572, .F. ) ;
#4381 = CARTESIAN_POINT ( 'NONE',  ( 42.85913238079177034, -57.49999999999998579, 30.10844331476781832 ) ) ;
#4382 = EDGE_LOOP ( 'NONE', ( #1212, #3691 ) ) ;
#4383 = CARTESIAN_POINT ( 'NONE',  ( 12.00000000000000000, -57.49999999999999289, 27.00000000000000355 ) ) ;
#4384 = EDGE_CURVE ( 'NONE', #3340, #2077, #935, .T. ) ;
#4385 = CARTESIAN_POINT ( 'NONE',  ( 43.50000000000000711, -55.00000000000000711, 45.00000000000000000 ) ) ;
#4386 = CARTESIAN_POINT ( 'NONE',  ( 30.00000000000002842, 62.50000000000001421, 45.00000000000000000 ) ) ;
#4387 = DIRECTION ( 'NONE',  ( -1.000000000000000000, 0.000000000000000000, 0.000000000000000000 ) ) ;
#4388 = CARTESIAN_POINT ( 'NONE',  ( -44.99999999999999289, -55.00000000000002132, 35.00000000000000000 ) ) ;
#4389 = ORIENTED_EDGE ( 'NONE', *, *, #4435, .T. ) ;
#4390 = DIRECTION ( 'NONE',  ( -1.000000000000000000, 0.000000000000000000, 0.000000000000000000 ) ) ;
#4391 = PLANE ( 'NONE',  #2768 ) ;
#4392 = ORIENTED_EDGE ( 'NONE', *, *, #4682, .T. ) ;
#4393 = PLANE ( 'NONE',  #2738 ) ;
#4394 = EDGE_CURVE ( 'NONE', #2885, #4533, #2363, .T. ) ;
#4395 = ORIENTED_EDGE ( 'NONE', *, *, #271, .F. ) ;
#4396 = ORIENTED_EDGE ( 'NONE', *, *, #3730, .T. ) ;
#4397 = VERTEX_POINT ( 'NONE', #679 ) ;
#4398 = CARTESIAN_POINT ( 'NONE',  ( 45.00000000000001421, -31.00000000000003197, 27.00000000000000000 ) ) ;
#4399 = ORIENTED_EDGE ( 'NONE', *, *, #1123, .T. ) ;
#4400 = DIRECTION ( 'NONE',  ( 1.000000000000000000, 0.000000000000000000, 0.000000000000000000 ) ) ;
#4401 = DIRECTION ( 'NONE',  ( 0.000000000000000000, 0.000000000000000000, -1.000000000000000000 ) ) ;
#4402 = ADVANCED_FACE ( 'NONE', ( #3011 ), #757, .F. ) ;
#4403 = PLANE ( 'NONE',  #1705 ) ;
#4404 = EDGE_CURVE ( 'NONE', #4518, #4697, #4580, .T. ) ;
#4405 = EDGE_CURVE ( 'NONE', #816, #3868, #3942, .T. ) ;
#4406 = LINE ( 'NONE', #595, #4878 ) ;
#4407 = EDGE_LOOP ( 'NONE', ( #960, #4670, #1954, #1905 ) ) ;
#4408 = DIRECTION ( 'NONE',  ( 0.000000000000000000, 0.000000000000000000, -1.000000000000000000 ) ) ;
#4409 = LINE ( 'NONE', #3574, #2160 ) ;
#4410 = DIRECTION ( 'NONE',  ( 0.000000000000000000, 0.000000000000000000, -1.000000000000000000 ) ) ;
#4411 = AXIS2_PLACEMENT_3D ( 'NONE', #1179, #1137, #1852 ) ;
#4412 = ADVANCED_FACE ( 'NONE', ( #3377 ), #4897, .F. ) ;
#4413 = PLANE ( 'NONE',  #406 ) ;
#4414 = ORIENTED_EDGE ( 'NONE', *, *, #1288, .F. ) ;
#4415 = CARTESIAN_POINT ( 'NONE',  ( 41.33954646367553210, -58.37733333830381355, 31.62802923188406368 ) ) ;
#4416 = CARTESIAN_POINT ( 'NONE',  ( 47.50000000000001421, 30.99999999999998934, 30.00000000000001066 ) ) ;
#4417 = VERTEX_POINT ( 'NONE', #2607 ) ;
#4418 = VECTOR ( 'NONE', #1000, 1000.000000000000000 ) ;
#4419 = CARTESIAN_POINT ( 'NONE',  ( -47.50099999999999056, -34.00000000000002842, 27.00000000000000000 ) ) ;
#4420 = EDGE_CURVE ( 'NONE', #1789, #1343, #4817, .T. ) ;
#4421 = EDGE_LOOP ( 'NONE', ( #2714, #883, #3327, #1015 ) ) ;
#4422 = VERTEX_POINT ( 'NONE', #4513 ) ;
#4423 = ORIENTED_EDGE ( 'NONE', *, *, #4819, .T. ) ;
#4424 = APPLICATION_CONTEXT ( 'automotive_design' ) ;
#4425 = DIRECTION ( 'NONE',  ( 0.000000000000000000, 0.000000000000000000, 1.000000000000000000 ) ) ;
#4426 = ORIENTED_EDGE ( 'NONE', *, *, #3152, .T. ) ;
#4427 = VECTOR ( 'NONE', #2858, 1000.000000000000000 ) ;
#4428 = CARTESIAN_POINT ( 'NONE',  ( 45.00000000000000711, -53.50000000000000711, 3.500000000000000000 ) ) ;
#4429 = CARTESIAN_POINT ( 'NONE',  ( 30.00000000000002842, 0.000000000000000000, -20.15564437074637993 ) ) ;
#4430 = LINE ( 'NONE', #4798, #3529 ) ;
#4431 = AXIS2_PLACEMENT_3D ( 'NONE', #2212, #1843, #2980 ) ;
#4432 = CARTESIAN_POINT ( 'NONE',  ( -29.99999999999998579, 61.25000000000001421, 35.05154004628614928 ) ) ;
#4433 = EDGE_LOOP ( 'NONE', ( #3299, #2425, #3396, #2841 ) ) ;
#4434 = CIRCLE ( 'NONE', #2544, 3.000000000000002665 ) ;
#4435 = EDGE_CURVE ( 'NONE', #756, #2224, #4127, .T. ) ;
#4436 = CARTESIAN_POINT ( 'NONE',  ( 45.00000000000001421, -50.00000000000002842, 22.99999999999999645 ) ) ;
#4437 = LINE ( 'NONE', #2239, #2321 ) ;
#4438 = VECTOR ( 'NONE', #2011, 1000.000000000000000 ) ;
#4439 = LINE ( 'NONE', #4859, #669 ) ;
#4440 = CARTESIAN_POINT ( 'NONE',  ( 43.50000000000000711, 53.50000000000000000, 2.000000000000000000 ) ) ;
#4441 = ORIENTED_EDGE ( 'NONE', *, *, #3770, .T. ) ;
#4442 = CARTESIAN_POINT ( 'NONE',  ( -42.85913238079171350, -57.49999999999998579, 30.10844331476781477 ) ) ;
#4443 = CARTESIAN_POINT ( 'NONE',  ( 47.10000000000001563, -53.75000000000000000, 0.000000000000000000 ) ) ;
#4444 = ORIENTED_EDGE ( 'NONE', *, *, #1270, .F. ) ;
#4445 = DIRECTION ( 'NONE',  ( 0.000000000000000000, 1.000000000000000000, 0.000000000000000000 ) ) ;
#4446 = EDGE_CURVE ( 'NONE', #1460, #79, #622, .T. ) ;
#4447 = AXIS2_PLACEMENT_3D ( 'NONE', #4648, #3113, #3500 ) ;
#4448 = VERTEX_POINT ( 'NONE', #1053 ) ;
#4449 = ORIENTED_EDGE ( 'NONE', *, *, #1605, .T. ) ;
#4450 = LINE ( 'NONE', #2622, #1909 ) ;
#4451 = ORIENTED_EDGE ( 'NONE', *, *, #1821, .T. ) ;
#4452 = VECTOR ( 'NONE', #4289, 1000.000000000000000 ) ;
#4453 = CARTESIAN_POINT ( 'NONE',  ( 12.85000000000002096, 2.622493725447295435E-15, 0.000000000000000000 ) ) ;
#4454 = VERTEX_POINT ( 'NONE', #4078 ) ;
#4455 = DIRECTION ( 'NONE',  ( 0.000000000000000000, 0.000000000000000000, 1.000000000000000000 ) ) ;
#4456 = FACE_OUTER_BOUND ( 'NONE', #3024, .T. ) ;
#4457 = CIRCLE ( 'NONE', #2960, 2.999999999999999112 ) ;
#4458 = EDGE_CURVE ( 'NONE', #4250, #519, #353, .T. ) ;
#4459 = AXIS2_PLACEMENT_3D ( 'NONE', #1554, #1080, #3406 ) ;
#4460 = CYLINDRICAL_SURFACE ( 'NONE', #1489, 3.750000000000000000 ) ;
#4461 = ORIENTED_EDGE ( 'NONE', *, *, #2260, .T. ) ;
#4462 = VECTOR ( 'NONE', #2320, 1000.000000000000000 ) ;
#4463 = CARTESIAN_POINT ( 'NONE',  ( -29.52373638401795120, 59.10171365740508520, 32.49131207957753986 ) ) ;
#4464 = LINE ( 'NONE', #1155, #2484 ) ;
#4465 = CARTESIAN_POINT ( 'NONE',  ( -47.09999999999998721, 53.75000000000002132, 0.000000000000000000 ) ) ;
#4466 = CARTESIAN_POINT ( 'NONE',  ( -36.99999999999996447, -62.49999999999998579, 45.00000000000000000 ) ) ;
#4467 = ORIENTED_EDGE ( 'NONE', *, *, #850, .T. ) ;
#4468 = CYLINDRICAL_SURFACE ( 'NONE', #2436, 4.999999999999990230 ) ;
#4469 = CARTESIAN_POINT ( 'NONE',  ( -43.74999999999999289, 53.75000000000002132, 0.000000000000000000 ) ) ;
#4470 = VERTEX_POINT ( 'NONE', #4829 ) ;
#4471 = CARTESIAN_POINT ( 'NONE',  ( 32.00000000000001421, 62.50000000000001421, 36.54123203702892653 ) ) ;
#4472 = ORIENTED_EDGE ( 'NONE', *, *, #1599, .T. ) ;
#4473 = VECTOR ( 'NONE', #1022, 1000.000000000000000 ) ;
#4474 = ORIENTED_EDGE ( 'NONE', *, *, #4624, .T. ) ;
#4475 = EDGE_CURVE ( 'NONE', #3388, #2409, #704, .T. ) ;
#4476 = VERTEX_POINT ( 'NONE', #993 ) ;
#4477 = AXIS2_PLACEMENT_3D ( 'NONE', #4523, #2647, #3386 ) ;
#4478 = DIRECTION ( 'NONE',  ( 1.000000000000000000, 0.000000000000000000, 0.000000000000000000 ) ) ;
#4479 = EDGE_CURVE ( 'NONE', #1992, #2409, #4335, .T. ) ;
#4480 = VERTEX_POINT ( 'NONE', #1435 ) ;
#4481 = CARTESIAN_POINT ( 'NONE',  ( 45.00000000000000711, 42.49999999999999289, 34.99999999999999289 ) ) ;
#4482 = DIRECTION ( 'NONE',  ( -1.000000000000000000, 0.000000000000000000, 0.000000000000000000 ) ) ;
#4483 = EDGE_CURVE ( 'NONE', #4137, #3742, #2046, .T. ) ;
#4484 = LINE ( 'NONE', #3727, #3387 ) ;
#4485 = ORIENTED_EDGE ( 'NONE', *, *, #1488, .T. ) ;
#4486 = DIRECTION ( 'NONE',  ( 0.000000000000000000, 0.000000000000000000, 1.000000000000000000 ) ) ;
#4487 = LINE ( 'NONE', #4831, #4674 ) ;
#4488 = DIRECTION ( 'NONE',  ( 0.5773502691896297279, 0.5773502691896238437, -0.5773502691896238437 ) ) ;
#4489 = CARTESIAN_POINT ( 'NONE',  ( 0.000000000000000000, -35.50000000000000711, 34.99999999999999289 ) ) ;
#4490 = ORIENTED_EDGE ( 'NONE', *, *, #2975, .T. ) ;
#4491 = LINE ( 'NONE', #16, #790 ) ;
#4492 = CARTESIAN_POINT ( 'NONE',  ( 33.25000000000004263, -62.49999999999998579, 43.00000000000000000 ) ) ;
#4493 = ORIENTED_EDGE ( 'NONE', *, *, #4096, .T. ) ;
#4494 = DIRECTION ( 'NONE',  ( 1.000000000000000000, -0.000000000000000000, 0.000000000000000000 ) ) ;
#4495 = AXIS2_PLACEMENT_3D ( 'NONE', #1752, #2117, #3606 ) ;
#4496 = ORIENTED_EDGE ( 'NONE', *, *, #349, .F. ) ;
#4497 = EDGE_LOOP ( 'NONE', ( #3449, #791, #1601, #1959, #1888, #1083, #4581, #2082 ) ) ;
#4498 = DIRECTION ( 'NONE',  ( 1.000000000000000000, 0.000000000000000000, 0.000000000000000000 ) ) ;
#4499 = ADVANCED_FACE ( 'NONE', ( #2074 ), #2099, .F. ) ;
#4500 = ORIENTED_EDGE ( 'NONE', *, *, #2574, .T. ) ;
#4501 = VECTOR ( 'NONE', #2110, 1000.000000000000000 ) ;
#4502 = UNCERTAINTY_MEASURE_WITH_UNIT (LENGTH_MEASURE( 1.000000000000000082E-05 ), #4032, 'distance_accuracy_value', 'NONE');
#4503 = LINE ( 'NONE', #3720, #1341 ) ;
#4504 = VERTEX_POINT ( 'NONE', #942 ) ;
#4505 =( BOUNDED_CURVE ( )  B_SPLINE_CURVE ( 3, ( #2844, #4099, #4771, #3698 ),
 .UNSPECIFIED., .F., .F. ) 
 B_SPLINE_CURVE_WITH_KNOTS ( ( 4, 4 ),
 ( 4.712388980384689674, 7.853981633974482790 ),
 .UNSPECIFIED. ) 
 CURVE ( )  GEOMETRIC_REPRESENTATION_ITEM ( )  RATIONAL_B_SPLINE_CURVE ( ( 1.000000000000000000, 0.3333333333333333703, 0.3333333333333333703, 1.000000000000000000 ) ) 
 REPRESENTATION_ITEM ( '' )  );
#4506 = CARTESIAN_POINT ( 'NONE',  ( -27.14086761920823676, -57.49999999999998579, 30.10844331476780411 ) ) ;
#4507 = CARTESIAN_POINT ( 'NONE',  ( 35.00000000000001421, 62.50000000000001421, 53.48528137423858198 ) ) ;
#4508 = CIRCLE ( 'NONE', #3554, 1.500000000000001332 ) ;
#4509 = EDGE_CURVE ( 'NONE', #651, #2797, #3694, .T. ) ;
#4510 = AXIS2_PLACEMENT_3D ( 'NONE', #859, #1977, #2367 ) ;
#4511 = DIRECTION ( 'NONE',  ( 0.000000000000000000, 0.000000000000000000, -1.000000000000000000 ) ) ;
#4512 = ORIENTED_EDGE ( 'NONE', *, *, #975, .T. ) ;
#4513 = CARTESIAN_POINT ( 'NONE',  ( 47.50000000000001421, 14.99999999999998224, 20.00000000000000355 ) ) ;
#4514 = DIRECTION ( 'NONE',  ( 0.000000000000000000, 0.7660444431189812331, 0.6427876096865355882 ) ) ;
#4515 = CARTESIAN_POINT ( 'NONE',  ( -39.99999999999996447, 0.000000000000000000, -20.15564437074637993 ) ) ;
#4516 = EDGE_CURVE ( 'NONE', #4660, #4602, #1024, .T. ) ;
#4517 = DIRECTION ( 'NONE',  ( 0.000000000000000000, 0.000000000000000000, 1.000000000000000000 ) ) ;
#4518 = VERTEX_POINT ( 'NONE', #4398 ) ;
#4519 = CARTESIAN_POINT ( 'NONE',  ( 30.00000000000003197, -72.49999999999995737, 48.45876796297109479 ) ) ;
#4520 = AXIS2_PLACEMENT_3D ( 'NONE', #3310, #379, #2269 ) ;
#4521 = DIRECTION ( 'NONE',  ( -1.000000000000000000, -1.541976423090495387E-16, 0.000000000000000000 ) ) ;
#4522 = EDGE_LOOP ( 'NONE', ( #1937, #495, #4641, #3262 ) ) ;
#4523 = CARTESIAN_POINT ( 'NONE',  ( -34.99999999999997868, -62.49999999999998579, 45.00000000000000000 ) ) ;
#4524 = VECTOR ( 'NONE', #3411, 1000.000000000000114 ) ;
#4525 = VERTEX_POINT ( 'NONE', #2896 ) ;
#4526 = VERTEX_POINT ( 'NONE', #614 ) ;
#4527 = ORIENTED_EDGE ( 'NONE', *, *, #80, .T. ) ;
#4528 = CARTESIAN_POINT ( 'NONE',  ( -31.99999999999997513, -68.49999999999998579, 43.69175359259423885 ) ) ;
#4529 = AXIS2_PLACEMENT_3D ( 'NONE', #2354, #2773, #1640 ) ;
#4530 = EDGE_CURVE ( 'NONE', #4221, #4397, #1440, .T. ) ;
#4531 = CARTESIAN_POINT ( 'NONE',  ( -43.49999999999999289, 53.49999999999997868, 3.500000000000000000 ) ) ;
#4532 = EDGE_CURVE ( 'NONE', #4843, #2885, #4068, .T. ) ;
#4533 = VERTEX_POINT ( 'NONE', #295 ) ;
#4534 = DIRECTION ( 'NONE',  ( -0.000000000000000000, -0.000000000000000000, 1.000000000000000000 ) ) ;
#4535 = AXIS2_PLACEMENT_3D ( 'NONE', #252, #3626, #2061 ) ;
#4536 = DIRECTION ( 'NONE',  ( 1.000000000000000000, 0.000000000000000000, 0.000000000000000000 ) ) ;
#4537 = DIRECTION ( 'NONE',  ( 0.000000000000000000, 0.000000000000000000, -1.000000000000000000 ) ) ;
#4538 = VERTEX_POINT ( 'NONE', #3271 ) ;
#4539 = EDGE_CURVE ( 'NONE', #2032, #3319, #2441, .T. ) ;
#4540 = DIRECTION ( 'NONE',  ( 0.000000000000000000, -0.6427876096865354771, 0.7660444431189811221 ) ) ;
#4541 = DIRECTION ( 'NONE',  ( 0.000000000000000000, 0.7071067811865475727, -0.7071067811865475727 ) ) ;
#4542 = ADVANCED_FACE ( 'NONE', ( #1016 ), #212, .F. ) ;
#4543 = ORIENTED_EDGE ( 'NONE', *, *, #1903, .F. ) ;
#4544 = CARTESIAN_POINT ( 'NONE',  ( 45.00000000000000711, -53.50000000000000711, 45.00000000000000000 ) ) ;
#4545 = DIRECTION ( 'NONE',  ( -1.000000000000000000, 0.000000000000000000, -0.000000000000000000 ) ) ;
#4546 = ORIENTED_EDGE ( 'NONE', *, *, #3681, .T. ) ;
#4547 = CARTESIAN_POINT ( 'NONE',  ( 45.00000000000000711, -55.00000000000000711, 35.00000000000000000 ) ) ;
#4548 = ORIENTED_EDGE ( 'NONE', *, *, #2193, .T. ) ;
#4549 = EDGE_LOOP ( 'NONE', ( #1505, #276, #3845, #4566 ) ) ;
#4550 = ORIENTED_EDGE ( 'NONE', *, *, #2689, .F. ) ;
#4551 = ADVANCED_FACE ( 'NONE', ( #241, #4375 ), #2524, .T. ) ;
#4552 = FACE_OUTER_BOUND ( 'NONE', #2572, .T. ) ;
#4553 = AXIS2_PLACEMENT_3D ( 'NONE', #1048, #4121, #297 ) ;
#4554 = CARTESIAN_POINT ( 'NONE',  ( 45.00000000000001421, 30.99999999999998934, 23.00000000000000711 ) ) ;
#4555 = EDGE_LOOP ( 'NONE', ( #3572, #2949, #2023, #3509 ) ) ;
#4556 = VECTOR ( 'NONE', #2026, 1000.000000000000000 ) ;
#4557 = FACE_BOUND ( 'NONE', #2365, .T. ) ;
#4558 = DIRECTION ( 'NONE',  ( 0.000000000000000000, -1.000000000000000000, 0.000000000000000000 ) ) ;
#4559 = AXIS2_PLACEMENT_3D ( 'NONE', #1564, #3468, #4189 ) ;
#4560 = CIRCLE ( 'NONE', #3457, 1.500000000000000000 ) ;
#4561 = DIRECTION ( 'NONE',  ( 0.000000000000000000, -0.000000000000000000, -1.000000000000000000 ) ) ;
#4562 = EDGE_LOOP ( 'NONE', ( #2495, #2220, #1376, #2955, #3986, #4087, #2600, #1839, #4788, #3049, #1104, #4739, #1013 ) ) ;
#4563 = CARTESIAN_POINT ( 'NONE',  ( 45.00000000000000711, 36.49999999999999289, 38.00000000000000000 ) ) ;
#4564 = VECTOR ( 'NONE', #3523, 1000.000000000000000 ) ;
#4565 = DIRECTION ( 'NONE',  ( -1.000000000000000000, -2.312964634635742957E-16, 0.000000000000000000 ) ) ;
#4566 = ORIENTED_EDGE ( 'NONE', *, *, #1088, .T. ) ;
#4567 = CARTESIAN_POINT ( 'NONE',  ( -15.00000000000000000, 54.99999999999998579, 27.00000000000002487 ) ) ;
#4568 = CARTESIAN_POINT ( 'NONE',  ( 35.00000000000001421, 62.50000000000001421, 43.00000000000000000 ) ) ;
#4569 = DIRECTION ( 'NONE',  ( -0.000000000000000000, -0.000000000000000000, 1.000000000000000000 ) ) ;
#4570 = DIRECTION ( 'NONE',  ( -2.792311430143755648E-16, -1.000000000000000000, -0.000000000000000000 ) ) ;
#4571 = EDGE_CURVE ( 'NONE', #257, #2255, #1812, .T. ) ;
#4572 = ORIENTED_EDGE ( 'NONE', *, *, #3960, .F. ) ;
#4573 = FACE_OUTER_BOUND ( 'NONE', #1754, .T. ) ;
#4574 = ORIENTED_EDGE ( 'NONE', *, *, #508, .T. ) ;
#4575 = DIRECTION ( 'NONE',  ( 2.040851148208008491E-16, -1.000000000000000000, 0.000000000000000000 ) ) ;
#4576 = DIRECTION ( 'NONE',  ( 1.541976423090495387E-16, -1.000000000000000000, 0.000000000000000000 ) ) ;
#4577 = CIRCLE ( 'NONE', #4411, 2.999999999999999112 ) ;
#4578 = ORIENTED_EDGE ( 'NONE', *, *, #3035, .F. ) ;
#4579 = DIRECTION ( 'NONE',  ( 1.000000000000000000, 0.000000000000000000, 0.000000000000000000 ) ) ;
#4580 = CIRCLE ( 'NONE', #219, 2.999999999999999112 ) ;
#4581 = ORIENTED_EDGE ( 'NONE', *, *, #4475, .F. ) ;
#4582 = CIRCLE ( 'NONE', #1824, 2.999999999999999112 ) ;
#4583 = CARTESIAN_POINT ( 'NONE',  ( -11.99999999999999645, 54.99999999999998579, 20.00000000000000355 ) ) ;
#4584 = VERTEX_POINT ( 'NONE', #2497 ) ;
#4585 = CARTESIAN_POINT ( 'NONE',  ( -15.00000000000000000, 57.50000000000000711, 30.00000000000001066 ) ) ;
#4586 = EDGE_CURVE ( 'NONE', #2205, #2017, #642, .T. ) ;
#4587 = EDGE_CURVE ( 'NONE', #612, #4184, #2920, .T. ) ;
#4588 = LINE ( 'NONE', #494, #4744 ) ;
#4589 = ORIENTED_EDGE ( 'NONE', *, *, #2868, .T. ) ;
#4590 = AXIS2_PLACEMENT_3D ( 'NONE', #4568, #4303, #189 ) ;
#4591 = DIRECTION ( 'NONE',  ( -0.000000000000000000, -0.000000000000000000, 1.000000000000000000 ) ) ;
#4592 = DIRECTION ( 'NONE',  ( -1.000000000000000000, -0.000000000000000000, 0.000000000000000000 ) ) ;
#4593 = DIRECTION ( 'NONE',  ( 1.541976423090495387E-16, -1.000000000000000000, 0.000000000000000000 ) ) ;
#4594 = LINE ( 'NONE', #1229, #263 ) ;
#4595 = ORIENTED_EDGE ( 'NONE', *, *, #915, .T. ) ;
#4596 = CIRCLE ( 'NONE', #2455, 2.999999999999999112 ) ;
#4597 = AXIS2_PLACEMENT_3D ( 'NONE', #3660, #256, #2167 ) ;
#4598 = ORIENTED_EDGE ( 'NONE', *, *, #706, .T. ) ;
#4599 = ADVANCED_FACE ( 'NONE', ( #563 ), #1706, .T. ) ;
#4600 = DIRECTION ( 'NONE',  ( 0.000000000000000000, 0.000000000000000000, -1.000000000000000000 ) ) ;
#4601 = DIRECTION ( 'NONE',  ( 1.000000000000000000, 0.000000000000000000, 0.000000000000000000 ) ) ;
#4602 = VERTEX_POINT ( 'NONE', #588 ) ;
#4603 = DIRECTION ( 'NONE',  ( 0.000000000000000000, 0.000000000000000000, -1.000000000000000000 ) ) ;
#4604 = VECTOR ( 'NONE', #164, 1000.000000000000000 ) ;
#4605 = ORIENTED_EDGE ( 'NONE', *, *, #2402, .F. ) ;
#4606 = CLOSED_SHELL ( 'NONE', ( #3957, #2333, #2666, #3873, #4214, #2206, #1484, #3744, #4840, #2519, #1492, #2104, #3656, #4227, #260, #2492, #1091, #4766, #3721, #4729, #2275, #1728, #3705, #1676, #3350, #2152, #1773, #190, #2788, #4792, #2181, #4072, #1206, #1381, #4255, #3806, #667, #1680, #3177, #93, #112, #3040, #2638, #3928, #3513, #911, #3782, #4499, #4301, #3097, #3502, #3673, #2897, #1130, #425, #1794, #2503, #2477, #4599, #3438, #4124, #3401, #160, #352, #3364, #3332, #1551, #3669, #2174, #4763, #583, #2307, #289, #4551, #1395, #4773, #4412, #1553, #4621, #3339, #1231, #1963, #4542, #3083, #3478, #4086, #4282, #1521, #4402, #3597, #4236, #3353, #1233, #2905, #968, #3493, #3501, #939, #33, #2564, #2127, #722, #134, #1846, #2895, #3202, #2934, #2286, #2016, #119, #2263, #373, #4629, #1019, #2076, #1799, #1715, #3968, #2512, #281, #1849, #873, #1441, #2412, #2781, #4342, #88, #3609, #694, #4380, #2674, #2698, #3107, #4727, #559, #3757, #3122, #760, #2376, #3397, #1310, #2726, #3062, #2244, #1367, #897, #1656, #965, #1924, #2350, #2744, #2007, #725, #1133, #2034, #57, #401 ) ) ;
#4607 = CARTESIAN_POINT ( 'NONE',  ( -12.00000000000000000, -89.12277660168375348, 23.00000000000000711 ) ) ;
#4608 = ORIENTED_EDGE ( 'NONE', *, *, #105, .F. ) ;
#4609 = AXIS2_PLACEMENT_3D ( 'NONE', #2715, #124, #4635 ) ;
#4610 = DIRECTION ( 'NONE',  ( -1.000000000000000000, 0.000000000000000000, 0.000000000000000000 ) ) ;
#4611 = CYLINDRICAL_SURFACE ( 'NONE', #1096, 2.999999999999999112 ) ;
#4612 = ORIENTED_EDGE ( 'NONE', *, *, #2039, .T. ) ;
#4613 = CARTESIAN_POINT ( 'NONE',  ( 43.75000000000002132, 61.25000000000002132, 45.00000000000000000 ) ) ;
#4614 = DIRECTION ( 'NONE',  ( 1.000000000000000000, -0.000000000000000000, -0.000000000000000000 ) ) ;
#4615 = ORIENTED_EDGE ( 'NONE', *, *, #4624, .F. ) ;
#4616 = VECTOR ( 'NONE', #2865, 1000.000000000000000 ) ;
#4617 = CARTESIAN_POINT ( 'NONE',  ( 15.00000000000000000, -55.00000000000001421, -143.7228235180481022 ) ) ;
#4618 = ORIENTED_EDGE ( 'NONE', *, *, #4736, .T. ) ;
#4619 = DIRECTION ( 'NONE',  ( 0.000000000000000000, 0.000000000000000000, 1.000000000000000000 ) ) ;
#4620 = CARTESIAN_POINT ( 'NONE',  ( -6.500000000000003553, -55.00000000000001421, 38.00000000000000000 ) ) ;
#4621 = ADVANCED_FACE ( 'NONE', ( #1887 ), #2976, .F. ) ;
#4622 = ORIENTED_EDGE ( 'NONE', *, *, #876, .F. ) ;
#4623 = CARTESIAN_POINT ( 'NONE',  ( -34.99999999999997868, 62.50000000000001421, 43.00000000000000000 ) ) ;
#4624 = EDGE_CURVE ( 'NONE', #3473, #4525, #45, .T. ) ;
#4625 = CARTESIAN_POINT ( 'NONE',  ( -47.49999999999997868, -52.50000000000001421, 38.00000000000000000 ) ) ;
#4626 = ORIENTED_EDGE ( 'NONE', *, *, #723, .T. ) ;
#4627 = VECTOR ( 'NONE', #2677, 1000.000000000000000 ) ;
#4628 = DIRECTION ( 'NONE',  ( 0.000000000000000000, 0.7071067811865474617, 0.7071067811865474617 ) ) ;
#4629 = ADVANCED_FACE ( 'NONE', ( #343 ), #696, .T. ) ;
#4630 = AXIS2_PLACEMENT_3D ( 'NONE', #2120, #206, #4709 ) ;
#4631 = DIRECTION ( 'NONE',  ( -0.000000000000000000, -0.000000000000000000, -1.000000000000000000 ) ) ;
#4632 = ORIENTED_EDGE ( 'NONE', *, *, #1389, .F. ) ;
#4633 = DIRECTION ( 'NONE',  ( 1.000000000000000000, 0.000000000000000000, 0.000000000000000000 ) ) ;
#4634 = LINE ( 'NONE', #544, #171 ) ;
#4635 = DIRECTION ( 'NONE',  ( 0.000000000000000000, 0.000000000000000000, 1.000000000000000000 ) ) ;
#4636 = ORIENTED_EDGE ( 'NONE', *, *, #2849, .F. ) ;
#4637 = DIRECTION ( 'NONE',  ( -2.312964634635742957E-16, 1.000000000000000000, 0.000000000000000000 ) ) ;
#4638 = DIRECTION ( 'NONE',  ( 0.000000000000000000, 0.000000000000000000, 1.000000000000000000 ) ) ;
#4639 = ORIENTED_EDGE ( 'NONE', *, *, #746, .F. ) ;
#4640 = LINE ( 'NONE', #484, #2131 ) ;
#4641 = ORIENTED_EDGE ( 'NONE', *, *, #4128, .F. ) ;
#4642 = EDGE_CURVE ( 'NONE', #2306, #3634, #4144, .T. ) ;
#4643 = CARTESIAN_POINT ( 'NONE',  ( -44.99999999999999289, -55.00000000000002132, 45.00000000000000000 ) ) ;
#4644 = VECTOR ( 'NONE', #3323, 1000.000000000000000 ) ;
#4645 = ORIENTED_EDGE ( 'NONE', *, *, #1542, .F. ) ;
#4646 = DIRECTION ( 'NONE',  ( -1.000000000000000000, 0.000000000000000000, 0.000000000000000000 ) ) ;
#4647 = AXIS2_PLACEMENT_3D ( 'NONE', #3220, #1384, #2178 ) ;
#4648 = CARTESIAN_POINT ( 'NONE',  ( 0.000000000000000000, 49.45000000000002416, 0.000000000000000000 ) ) ;
#4649 = EDGE_CURVE ( 'NONE', #4422, #4533, #2656, .T. ) ;
#4650 = LINE ( 'NONE', #3897, #3223 ) ;
#4651 = ORIENTED_EDGE ( 'NONE', *, *, #767, .T. ) ;
#4652 = DIRECTION ( 'NONE',  ( 0.000000000000000000, 0.000000000000000000, 1.000000000000000000 ) ) ;
#4653 = CARTESIAN_POINT ( 'NONE',  ( -34.99999999999997868, -62.49999999999998579, 43.00000000000000000 ) ) ;
#4654 = PRODUCT_DEFINITION_FORMATION_WITH_SPECIFIED_SOURCE ( 'ANY', '', #1063, .NOT_KNOWN. ) ;
#4655 = CARTESIAN_POINT ( 'NONE',  ( 30.00000000000001421, 60.12306427786543139, 33.70851035080948321 ) ) ;
#4656 = VECTOR ( 'NONE', #390, 1000.000000000000000 ) ;
#4657 = ORIENTED_EDGE ( 'NONE', *, *, #3637, .T. ) ;
#4658 = DIRECTION ( 'NONE',  ( 1.000000000000000000, 0.000000000000000000, 0.000000000000000000 ) ) ;
#4659 = DIRECTION ( 'NONE',  ( 0.000000000000000000, 0.000000000000000000, -1.000000000000000000 ) ) ;
#4660 = VERTEX_POINT ( 'NONE', #2626 ) ;
#4661 = DIRECTION ( 'NONE',  ( 0.000000000000000000, 1.000000000000000000, -0.000000000000000000 ) ) ;
#4662 = EDGE_CURVE ( 'NONE', #2814, #2757, #3245, .T. ) ;
#4663 = DIRECTION ( 'NONE',  ( 1.000000000000000000, 0.000000000000000000, 0.000000000000000000 ) ) ;
#4664 = AXIS2_PLACEMENT_3D ( 'NONE', #4607, #1965, #3829 ) ;
#4665 = EDGE_LOOP ( 'NONE', ( #587, #991 ) ) ;
#4666 = VECTOR ( 'NONE', #226, 1000.000000000000000 ) ;
#4667 = CYLINDRICAL_SURFACE ( 'NONE', #1393, 3.750000000000003553 ) ;
#4668 = VECTOR ( 'NONE', #2613, 1000.000000000000000 ) ;
#4669 = EDGE_CURVE ( 'NONE', #3388, #1461, #4733, .T. ) ;
#4670 = ORIENTED_EDGE ( 'NONE', *, *, #533, .F. ) ;
#4671 = CARTESIAN_POINT ( 'NONE',  ( 36.75000000000002132, -62.49999999999998579, 43.00000000000000000 ) ) ;
#4672 = CARTESIAN_POINT ( 'NONE',  ( -34.99999999999997868, 62.50000000000001421, 45.00000000000000000 ) ) ;
#4673 = FACE_OUTER_BOUND ( 'NONE', #3322, .T. ) ;
#4674 = VECTOR ( 'NONE', #1525, 1000.000000000000000 ) ;
#4675 = EDGE_CURVE ( 'NONE', #2797, #3519, #1030, .T. ) ;
#4676 = CYLINDRICAL_SURFACE ( 'NONE', #1719, 1.500000000000000000 ) ;
#4677 = VERTEX_POINT ( 'NONE', #3771 ) ;
#4678 = CARTESIAN_POINT ( 'NONE',  ( 0.000000000000000000, 0.000000000000000000, 45.00000000000000000 ) ) ;
#4679 = CIRCLE ( 'NONE', #4288, 3.749999999999996447 ) ;
#4680 = DIRECTION ( 'NONE',  ( -1.000000000000000000, 0.000000000000000000, 0.000000000000000000 ) ) ;
#4681 = FACE_OUTER_BOUND ( 'NONE', #4555, .T. ) ;
#4682 = EDGE_CURVE ( 'NONE', #2757, #1932, #2257, .T. ) ;
#4683 = CARTESIAN_POINT ( 'NONE',  ( -43.74999999999997868, 61.25000000000001421, 45.00000000000000000 ) ) ;
#4684 = CARTESIAN_POINT ( 'NONE',  ( 45.00000000000000711, -55.00000000000000711, 45.00000000000000000 ) ) ;
#4685 = ORIENTED_EDGE ( 'NONE', *, *, #1914, .F. ) ;
#4686 = DIRECTION ( 'NONE',  ( 0.000000000000000000, 0.000000000000000000, 1.000000000000000000 ) ) ;
#4687 = VERTEX_POINT ( 'NONE', #1837 ) ;
#4688 = CARTESIAN_POINT ( 'NONE',  ( 38.00000000000002842, -56.49999999999999289, 29.39071048146356802 ) ) ;
#4689 = ORIENTED_EDGE ( 'NONE', *, *, #1086, .F. ) ;
#4690 = DIRECTION ( 'NONE',  ( 1.000000000000000000, 1.541976423090495387E-16, -2.312964634635742957E-16 ) ) ;
#4691 = ORIENTED_EDGE ( 'NONE', *, *, #594, .T. ) ;
#4692 = FACE_OUTER_BOUND ( 'NONE', #2203, .T. ) ;
#4693 = PLANE ( 'NONE',  #430 ) ;
#4694 = DIRECTION ( 'NONE',  ( 0.000000000000000000, 1.000000000000000000, 0.000000000000000000 ) ) ;
#4695 = AXIS2_PLACEMENT_3D ( 'NONE', #1630, #4297, #2001 ) ;
#4696 = CARTESIAN_POINT ( 'NONE',  ( 43.50000000000000711, 0.000000000000000000, 3.500000000000000000 ) ) ;
#4697 = VERTEX_POINT ( 'NONE', #1486 ) ;
#4698 = AXIS2_PLACEMENT_3D ( 'NONE', #3537, #135, #1657 ) ;
#4699 = EDGE_CURVE ( 'NONE', #1590, #4843, #1191, .T. ) ;
#4700 = CARTESIAN_POINT ( 'NONE',  ( -31.99999999999997158, 62.50000000000001421, 36.54123203702892653 ) ) ;
#4701 = FACE_BOUND ( 'NONE', #3499, .T. ) ;
#4702 = CARTESIAN_POINT ( 'NONE',  ( -29.99999999999998579, 62.50000000000001421, 36.54123203702892653 ) ) ;
#4703 = CARTESIAN_POINT ( 'NONE',  ( 45.00000000000000711, -55.00000000000000711, 45.00000000000000000 ) ) ;
#4704 = DIRECTION ( 'NONE',  ( 0.000000000000000000, 0.000000000000000000, 1.000000000000000000 ) ) ;
#4705 = VERTEX_POINT ( 'NONE', #3423 ) ;
#4706 = CARTESIAN_POINT ( 'NONE',  ( -26.24999999999998224, -58.37733333830381355, 31.62802923188405657 ) ) ;
#4707 = DIRECTION ( 'NONE',  ( -0.000000000000000000, 1.000000000000000000, 0.000000000000000000 ) ) ;
#4708 = ORIENTED_EDGE ( 'NONE', *, *, #975, .F. ) ;
#4709 = DIRECTION ( 'NONE',  ( -1.000000000000000000, 0.000000000000000000, 0.000000000000000000 ) ) ;
#4710 = EDGE_CURVE ( 'NONE', #2416, #2623, #3014, .T. ) ;
#4711 = AXIS2_PLACEMENT_3D ( 'NONE', #100, #3503, #1620 ) ;
#4712 = EDGE_LOOP ( 'NONE', ( #2661, #2831, #3737, #4898 ) ) ;
#4713 = ORIENTED_EDGE ( 'NONE', *, *, #3522, .T. ) ;
#4714 = ORIENTED_EDGE ( 'NONE', *, *, #2557, .F. ) ;
#4715 = DIRECTION ( 'NONE',  ( 0.000000000000000000, -1.000000000000000000, 0.000000000000000000 ) ) ;
#4716 = EDGE_LOOP ( 'NONE', ( #3100, #2237, #2042, #4343 ) ) ;
#4717 = FACE_OUTER_BOUND ( 'NONE', #1626, .T. ) ;
#4718 = DIRECTION ( 'NONE',  ( 1.000000000000000000, 0.000000000000000000, 0.000000000000000000 ) ) ;
#4719 = CARTESIAN_POINT ( 'NONE',  ( -15.00000000000000000, -89.12277660168375348, 20.00000000000000711 ) ) ;
#4720 = VECTOR ( 'NONE', #659, 1000.000000000000114 ) ;
#4721 = DIRECTION ( 'NONE',  ( -1.000000000000000000, -0.000000000000000000, -0.000000000000000000 ) ) ;
#4722 = ORIENTED_EDGE ( 'NONE', *, *, #4516, .T. ) ;
#4723 = LINE ( 'NONE', #543, #1740 ) ;
#4724 = DIRECTION ( 'NONE',  ( -0.000000000000000000, -0.7071067811865475727, -0.7071067811865475727 ) ) ;
#4725 = EDGE_CURVE ( 'NONE', #3851, #428, #717, .T. ) ;
#4726 = CARTESIAN_POINT ( 'NONE',  ( -40.47626361598199196, 59.10171365740508520, 32.49131207957753986 ) ) ;
#4727 = ADVANCED_FACE ( 'NONE', ( #3001 ), #2679, .F. ) ;
#4728 = CIRCLE ( 'NONE', #3089, 3.749999999999996447 ) ;
#4729 = ADVANCED_FACE ( 'NONE', ( #775 ), #1147, .F. ) ;
#4730 = DIRECTION ( 'NONE',  ( -1.000000000000000000, -0.000000000000000000, 0.000000000000000000 ) ) ;
#4731 = DIRECTION ( 'NONE',  ( -1.000000000000000000, 0.000000000000000000, 0.000000000000000000 ) ) ;
#4732 = ORIENTED_EDGE ( 'NONE', *, *, #1571, .F. ) ;
#4733 = CIRCLE ( 'NONE', #2370, 2.999999999999999112 ) ;
#4734 = ORIENTED_EDGE ( 'NONE', *, *, #38, .F. ) ;
#4735 = LINE ( 'NONE', #2860, #3144 ) ;
#4736 = EDGE_CURVE ( 'NONE', #3840, #2201, #3343, .T. ) ;
#4737 = AXIS2_PLACEMENT_3D ( 'NONE', #3047, #4545, #4111 ) ;
#4738 = ORIENTED_EDGE ( 'NONE', *, *, #4150, .T. ) ;
#4739 = ORIENTED_EDGE ( 'NONE', *, *, #1637, .T. ) ;
#4740 = EDGE_CURVE ( 'NONE', #4856, #3376, #4503, .T. ) ;
#4741 = ORIENTED_EDGE ( 'NONE', *, *, #2627, .F. ) ;
#4742 = DIRECTION ( 'NONE',  ( -1.000000000000000000, 0.000000000000000000, 0.000000000000000000 ) ) ;
#4743 = ORIENTED_EDGE ( 'NONE', *, *, #1748, .F. ) ;
#4744 = VECTOR ( 'NONE', #473, 1000.000000000000000 ) ;
#4745 = DIRECTION ( 'NONE',  ( 0.000000000000000000, 0.000000000000000000, -1.000000000000000000 ) ) ;
#4746 = CYLINDRICAL_SURFACE ( 'NONE', #753, 4.999999999999990230 ) ;
#4747 = FACE_OUTER_BOUND ( 'NONE', #4795, .T. ) ;
#4748 = CARTESIAN_POINT ( 'NONE',  ( 40.47626361598204880, -59.10171365740505678, 32.49131207957752565 ) ) ;
#4749 = ORIENTED_EDGE ( 'NONE', *, *, #199, .T. ) ;
#4750 = CARTESIAN_POINT ( 'NONE',  ( 45.00000000000001421, 30.99999999999998934, 27.00000000000001066 ) ) ;
#4751 = DIRECTION ( 'NONE',  ( 0.000000000000000000, -0.000000000000000000, 1.000000000000000000 ) ) ;
#4752 = AXIS2_PLACEMENT_3D ( 'NONE', #805, #404, #4610 ) ;
#4753 = CARTESIAN_POINT ( 'NONE',  ( 38.00000000000003553, -62.49999999999998579, 36.54123203702889811 ) ) ;
#4754 = DIRECTION ( 'NONE',  ( 1.000000000000000000, 0.000000000000000000, 0.000000000000000000 ) ) ;
#4755 = DIRECTION ( 'NONE',  ( 0.000000000000000000, 0.000000000000000000, 1.000000000000000000 ) ) ;
#4756 = VERTEX_POINT ( 'NONE', #1463 ) ;
#4757 = CIRCLE ( 'NONE', #3119, 3.349999999999998757 ) ;
#4758 = CYLINDRICAL_SURFACE ( 'NONE', #4116, 3.000000000000002665 ) ;
#4759 = ORIENTED_EDGE ( 'NONE', *, *, #1884, .F. ) ;
#4760 = CARTESIAN_POINT ( 'NONE',  ( 45.00000000000001421, 14.99999999999998224, 23.00000000000000355 ) ) ;
#4761 = ORIENTED_EDGE ( 'NONE', *, *, #3813, .T. ) ;
#4762 = AXIS2_PLACEMENT_3D ( 'NONE', #3575, #654, #1720 ) ;
#4763 = ADVANCED_FACE ( 'NONE', ( #724 ), #2230, .T. ) ;
#4764 = ORIENTED_EDGE ( 'NONE', *, *, #2919, .T. ) ;
#4765 = EDGE_LOOP ( 'NONE', ( #4317, #1427, #4062, #3314 ) ) ;
#4766 = ADVANCED_FACE ( 'NONE', ( #2722 ), #3558, .F. ) ;
#4767 = VECTOR ( 'NONE', #3848, 1000.000000000000000 ) ;
#4768 = DIRECTION ( 'NONE',  ( -0.000000000000000000, 0.000000000000000000, 1.000000000000000000 ) ) ;
#4769 = EDGE_LOOP ( 'NONE', ( #4187, #2172, #4257, #4636 ) ) ;
#4770 = DIRECTION ( 'NONE',  ( 5.551115123125869477E-15, -1.000000000000000000, 0.000000000000000000 ) ) ;
#4771 = CARTESIAN_POINT ( 'NONE',  ( 32.00000000000001421, 56.50000000000001421, 29.39071048146359644 ) ) ;
#4772 = LINE ( 'NONE', #2845, #2807 ) ;
#4773 = ADVANCED_FACE ( 'NONE', ( #132 ), #4900, .F. ) ;
#4774 = CARTESIAN_POINT ( 'NONE',  ( 26.25000000000001776, 57.50000000000000711, -20.15564437074637993 ) ) ;
#4775 = ORIENTED_EDGE ( 'NONE', *, *, #1414, .T. ) ;
#4776 = FACE_OUTER_BOUND ( 'NONE', #3579, .T. ) ;
#4777 = CARTESIAN_POINT ( 'NONE',  ( 43.75000000000003553, -61.25000000000000711, -20.15564437074637993 ) ) ;
#4778 = EDGE_CURVE ( 'NONE', #3278, #3056, #2415, .T. ) ;
#4779 = CARTESIAN_POINT ( 'NONE',  ( -29.99999999999998579, 61.25000000000001421, -20.15564437074637993 ) ) ;
#4780 = CARTESIAN_POINT ( 'NONE',  ( -45.00000000000000000, -30.15000000000000568, -143.7228235180481022 ) ) ;
#4781 = DIRECTION ( 'NONE',  ( 0.000000000000000000, 0.000000000000000000, 1.000000000000000000 ) ) ;
#4782 = EDGE_LOOP ( 'NONE', ( #1808, #3823, #3054, #2606 ) ) ;
#4783 = CARTESIAN_POINT ( 'NONE',  ( 45.00000000000000711, 39.49999999999999289, 35.00000000000000000 ) ) ;
#4784 = CARTESIAN_POINT ( 'NONE',  ( 43.75000000000002132, -57.49999999999999289, 0.3999999999999975797 ) ) ;
#4785 = ORIENTED_EDGE ( 'NONE', *, *, #2260, .F. ) ;
#4786 = LINE ( 'NONE', #1011, #4006 ) ;
#4787 = AXIS2_PLACEMENT_3D ( 'NONE', #255, #3658, #4336 ) ;
#4788 = ORIENTED_EDGE ( 'NONE', *, *, #1458, .T. ) ;
#4789 = ORIENTED_EDGE ( 'NONE', *, *, #3960, .T. ) ;
#4790 = CARTESIAN_POINT ( 'NONE',  ( 45.00000000000000711, 45.50000000000000000, 45.00000000000000000 ) ) ;
#4791 = ORIENTED_EDGE ( 'NONE', *, *, #4247, .F. ) ;
#4792 = ADVANCED_FACE ( 'NONE', ( #2371 ), #4298, .T. ) ;
#4793 = DIRECTION ( 'NONE',  ( -0.000000000000000000, -0.000000000000000000, -1.000000000000000000 ) ) ;
#4794 = EDGE_CURVE ( 'NONE', #2620, #4115, #4582, .T. ) ;
#4795 = EDGE_LOOP ( 'NONE', ( #745, #3722, #3077, #1659 ) ) ;
#4796 = CARTESIAN_POINT ( 'NONE',  ( 43.50000000000000711, -53.50000000000000711, 3.500000000000000000 ) ) ;
#4797 = PLANE ( 'NONE',  #1151 ) ;
#4798 = CARTESIAN_POINT ( 'NONE',  ( -43.74999999999998579, 57.50000000000000711, 45.00000000000000000 ) ) ;
#4799 = CARTESIAN_POINT ( 'NONE',  ( -37.99999999999997868, -62.49999999999998579, 36.54123203702889811 ) ) ;
#4800 = VERTEX_POINT ( 'NONE', #3934 ) ;
#4801 = DIRECTION ( 'NONE',  ( 0.000000000000000000, 0.000000000000000000, -1.000000000000000000 ) ) ;
#4802 = EDGE_CURVE ( 'NONE', #1077, #1875, #2925, .T. ) ;
#4803 = PLANE ( 'NONE',  #1055 ) ;
#4804 = CARTESIAN_POINT ( 'NONE',  ( -29.99999999999999289, -67.49999999999997158, 42.49999999999999289 ) ) ;
#4805 = AXIS2_PLACEMENT_3D ( 'NONE', #3531, #3398, #3906 ) ;
#4806 = DIRECTION ( 'NONE',  ( 1.000000000000000000, 0.000000000000000000, -0.000000000000000000 ) ) ;
#4807 = FACE_OUTER_BOUND ( 'NONE', #2968, .T. ) ;
#4808 = ORIENTED_EDGE ( 'NONE', *, *, #1109, .F. ) ;
#4809 = CYLINDRICAL_SURFACE ( 'NONE', #2355, 3.000000000000002665 ) ;
#4810 = DIRECTION ( 'NONE',  ( 1.000000000000000000, 0.000000000000000000, 0.000000000000000000 ) ) ;
#4811 = ORIENTED_EDGE ( 'NONE', *, *, #1962, .F. ) ;
#4812 = FACE_OUTER_BOUND ( 'NONE', #1737, .T. ) ;
#4813 = VECTOR ( 'NONE', #2022, 999.9999999999998863 ) ;
#4814 = ORIENTED_EDGE ( 'NONE', *, *, #299, .F. ) ;
#4815 = ORIENTED_EDGE ( 'NONE', *, *, #1068, .T. ) ;
#4816 = LINE ( 'NONE', #2973, #1515 ) ;
#4817 =( BOUNDED_CURVE ( )  B_SPLINE_CURVE ( 3, ( #376, #2957, #732, #2561 ),
 .UNSPECIFIED., .F., .F. ) 
 B_SPLINE_CURVE_WITH_KNOTS ( ( 4, 4 ),
 ( 4.712388980384688786, 7.853981633974483678 ),
 .UNSPECIFIED. ) 
 CURVE ( )  GEOMETRIC_REPRESENTATION_ITEM ( )  RATIONAL_B_SPLINE_CURVE ( ( 1.000000000000000000, 0.3333333333333327597, 0.3333333333333327597, 1.000000000000000000 ) ) 
 REPRESENTATION_ITEM ( '' )  );
#4818 = VERTEX_POINT ( 'NONE', #2346 ) ;
#4819 = EDGE_CURVE ( 'NONE', #4259, #1743, #1653, .T. ) ;
#4820 = DIRECTION ( 'NONE',  ( 0.000000000000000000, 0.000000000000000000, -1.000000000000000000 ) ) ;
#4821 = ORIENTED_EDGE ( 'NONE', *, *, #2609, .T. ) ;
#4822 = AXIS2_PLACEMENT_3D ( 'NONE', #4249, #3490, #4638 ) ;
#4823 = FACE_OUTER_BOUND ( 'NONE', #2940, .T. ) ;
#4824 = FACE_OUTER_BOUND ( 'NONE', #183, .T. ) ;
#4825 = VECTOR ( 'NONE', #3064, 1000.000000000000114 ) ;
#4826 = CARTESIAN_POINT ( 'NONE',  ( -37.99999999999997868, 62.50000000000001421, 53.48528137423858198 ) ) ;
#4827 = ORIENTED_EDGE ( 'NONE', *, *, #3152, .F. ) ;
#4828 = CIRCLE ( 'NONE', #4139, 1.999999999999988010 ) ;
#4829 = CARTESIAN_POINT ( 'NONE',  ( -47.49999999999997868, 30.14999999999999147, 2.000000000000001776 ) ) ;
#4830 = EDGE_CURVE ( 'NONE', #227, #4199, #4508, .T. ) ;
#4831 = CARTESIAN_POINT ( 'NONE',  ( -15.00000000000000000, 57.50000000000000711, 23.00000000000000711 ) ) ;
#4832 = FACE_OUTER_BOUND ( 'NONE', #108, .T. ) ;
#4833 = EDGE_CURVE ( 'NONE', #1360, #1365, #1192, .T. ) ;
#4834 = CARTESIAN_POINT ( 'NONE',  ( -45.00000000000000000, -35.50000000000000711, 35.00000000000000000 ) ) ;
#4835 = ORIENTED_EDGE ( 'NONE', *, *, #4649, .T. ) ;
#4836 = DIRECTION ( 'NONE',  ( -0.000000000000000000, 1.000000000000000000, 0.000000000000000000 ) ) ;
#4837 = CARTESIAN_POINT ( 'NONE',  ( -44.99999999999999289, 53.49999999999997868, 2.000000000000000000 ) ) ;
#4838 = ORIENTED_EDGE ( 'NONE', *, *, #3585, .F. ) ;
#4839 = CYLINDRICAL_SURFACE ( 'NONE', #198, 1.500000000000001332 ) ;
#4840 = ADVANCED_FACE ( 'NONE', ( #110 ), #1215, .F. ) ;
#4841 = VECTOR ( 'NONE', #2771, 1000.000000000000000 ) ;
#4842 = VECTOR ( 'NONE', #3307, 1000.000000000000000 ) ;
#4843 = VERTEX_POINT ( 'NONE', #3844 ) ;
#4844 = ORIENTED_EDGE ( 'NONE', *, *, #129, .F. ) ;
#4845 = DIRECTION ( 'NONE',  ( -0.000000000000000000, -0.000000000000000000, 1.000000000000000000 ) ) ;
#4846 = AXIS2_PLACEMENT_3D ( 'NONE', #881, #2407, #3507 ) ;
#4847 = VERTEX_POINT ( 'NONE', #1589 ) ;
#4848 = CARTESIAN_POINT ( 'NONE',  ( 45.00000000000001421, 14.99999999999998224, 30.00000000000001066 ) ) ;
#4849 = PRODUCT_DEFINITION ( 'UNKNOWN', '', #4654, #747 ) ;
#4850 = EDGE_LOOP ( 'NONE', ( #1978, #464, #3504, #454 ) ) ;
#4851 = CARTESIAN_POINT ( 'NONE',  ( 12.00000000000000000, 57.50000000000000711, 23.00000000000000000 ) ) ;
#4852 = DIRECTION ( 'NONE',  ( -1.000000000000000000, 0.000000000000000000, 0.000000000000000000 ) ) ;
#4853 = PRESENTATION_LAYER_ASSIGNMENT (  '', '', ( #1693 ) ) ;
#4854 = AXIS2_PLACEMENT_3D ( 'NONE', #4515, #2639, #4130 ) ;
#4855 = FACE_OUTER_BOUND ( 'NONE', #4716, .T. ) ;
#4856 = VERTEX_POINT ( 'NONE', #1980 ) ;
#4857 = CARTESIAN_POINT ( 'NONE',  ( -29.99999999999997513, 60.12306427786543139, 33.70851035080949032 ) ) ;
#4858 = LINE ( 'NONE', #4103, #3828 ) ;
#4859 = CARTESIAN_POINT ( 'NONE',  ( 45.00000000000004263, 55.00000000000000000, 19.99999999999998934 ) ) ;
#4860 = EDGE_CURVE ( 'NONE', #780, #3148, #4263, .T. ) ;
#4861 = EDGE_CURVE ( 'NONE', #2517, #1166, #229, .T. ) ;
#4862 = DIRECTION ( 'NONE',  ( 0.000000000000000000, 1.000000000000000000, -0.000000000000000000 ) ) ;
#4863 = ORIENTED_EDGE ( 'NONE', *, *, #2837, .T. ) ;
#4864 = DIRECTION ( 'NONE',  ( -0.000000000000000000, -0.000000000000000000, -1.000000000000000000 ) ) ;
#4865 = DIRECTION ( 'NONE',  ( 0.000000000000000000, 0.000000000000000000, 1.000000000000000000 ) ) ;
#4866 = VERTEX_POINT ( 'NONE', #863 ) ;
#4867 = DIRECTION ( 'NONE',  ( 1.541976423090498592E-16, -1.000000000000000000, 0.000000000000000000 ) ) ;
#4868 = EDGE_LOOP ( 'NONE', ( #2469, #1294, #2776, #688 ) ) ;
#4869 = AXIS2_PLACEMENT_3D ( 'NONE', #2185, #2556, #1281 ) ;
#4870 = ORIENTED_EDGE ( 'NONE', *, *, #621, .F. ) ;
#4871 = CARTESIAN_POINT ( 'NONE',  ( 27.14086761920827939, 57.50000000000000711, 30.10844331476782898 ) ) ;
#4872 = ORIENTED_EDGE ( 'NONE', *, *, #1156, .F. ) ;
#4873 = EDGE_CURVE ( 'NONE', #1830, #1819, #4640, .T. ) ;
#4874 = AXIS2_PLACEMENT_3D ( 'NONE', #1037, #3215, #961 ) ;
#4875 = CARTESIAN_POINT ( 'NONE',  ( -43.49999999999999289, -53.50000000000002132, 3.500000000000000000 ) ) ;
#4876 = EDGE_LOOP ( 'NONE', ( #4496, #3072, #1158, #992 ) ) ;
#4877 = FACE_OUTER_BOUND ( 'NONE', #432, .T. ) ;
#4878 = VECTOR ( 'NONE', #2108, 1000.000000000000000 ) ;
#4879 = LINE ( 'NONE', #1493, #3469 ) ;
#4880 = ORIENTED_EDGE ( 'NONE', *, *, #693, .F. ) ;
#4881 = CARTESIAN_POINT ( 'NONE',  ( 27.97800934707541387, -57.80469467080579449, 30.94558504263493148 ) ) ;
#4882 = LINE ( 'NONE', #2932, #1611 ) ;
#4883 = AXIS2_PLACEMENT_3D ( 'NONE', #623, #2057, #3571 ) ;
#4884 = CARTESIAN_POINT ( 'NONE',  ( 29.33333333333334991, 32.96666666666666146, 16.48333333333335204 ) ) ;
#4885 = CARTESIAN_POINT ( 'NONE',  ( 35.00000000000002842, -62.49999999999998579, 53.48528137423858198 ) ) ;
#4886 = CARTESIAN_POINT ( 'NONE',  ( -15.50000000000000355, -57.49999999999999289, 34.99999999999999289 ) ) ;
#4887 = VERTEX_POINT ( 'NONE', #1257 ) ;
#4888 = CARTESIAN_POINT ( 'NONE',  ( 28.66045353632453541, -58.37733333830381355, 31.62802923188406368 ) ) ;
#4889 = LINE ( 'NONE', #334, #2056 ) ;
#4890 = EDGE_CURVE ( 'NONE', #4800, #1830, #2762, .T. ) ;
#4891 = ORIENTED_EDGE ( 'NONE', *, *, #4649, .F. ) ;
#4892 = LINE ( 'NONE', #2673, #4241 ) ;
#4893 = EDGE_CURVE ( 'NONE', #4705, #3742, #936, .T. ) ;
#4894 = VECTOR ( 'NONE', #958, 1000.000000000000000 ) ;
#4895 = ORIENTED_EDGE ( 'NONE', *, *, #3147, .F. ) ;
#4896 = EDGE_LOOP ( 'NONE', ( #4396, #3242, #2573, #3385, #3981, #937, #1196, #4120, #1731, #1317, #4598, #1513, #878, #3026 ) ) ;
#4897 = CONICAL_SURFACE ( 'NONE', #2759, 1.749999999999987566, 0.7853981633974482790 ) ;
#4898 = ORIENTED_EDGE ( 'NONE', *, *, #1414, .F. ) ;
#4899 = FACE_OUTER_BOUND ( 'NONE', #737, .T. ) ;
#4900 = CONICAL_SURFACE ( 'NONE', #797, 1.749999999999987566, 0.7853981633974482790 ) ;
ENDSEC;
END-ISO-10303-21;
