ISO-10303-21;
HEADER;
FILE_DESCRIPTION (( 'STEP AP214' ),
    '1' );
FILE_NAME ('Mounting Frame.STEP',
    '2025-08-12T12:25:48',
    ( '' ),
    ( '' ),
    'SwSTEP 2.0',
    'SolidWorks 2018',
    '' );
FILE_SCHEMA (( 'AUTOMOTIVE_DESIGN' ));
ENDSEC;

DATA;
#1 = ORIENTED_EDGE ( 'NONE', *, *, #1625, .T. ) ;
#2 = CARTESIAN_POINT ( 'NONE',  ( 13.49322818559232573, -2.000000000000000000, 6.262204096263602082 ) ) ;
#3 = DIRECTION ( 'NONE',  ( -1.000000000000000000, -0.000000000000000000, -1.294569758191647402E-16 ) ) ;
#4 = ORIENTED_EDGE ( 'NONE', *, *, #2846, .F. ) ;
#5 = EDGE_CURVE ( 'NONE', #1410, #3011, #2945, .T. ) ;
#6 = ORIENTED_EDGE ( 'NONE', *, *, #2540, .T. ) ;
#7 = DIRECTION ( 'NONE',  ( 0.000000000000000000, 0.000000000000000000, -1.000000000000000000 ) ) ;
#8 = ORIENTED_EDGE ( 'NONE', *, *, #1738, .F. ) ;
#9 = EDGE_CURVE ( 'NONE', #685, #263, #376, .T. ) ;
#10 = AXIS2_PLACEMENT_3D ( 'NONE', #785, #2479, #2964 ) ;
#11 = CARTESIAN_POINT ( 'NONE',  ( -15.00000000000000000, 0.000000000000000000, -9.149999999999998579 ) ) ;
#12 = DIRECTION ( 'NONE',  ( -0.000000000000000000, -1.000000000000000000, -4.170008355713504268E-16 ) ) ;
#13 = CARTESIAN_POINT ( 'NONE',  ( 0.000000000000000000, 0.000000000000000000, 0.000000000000000000 ) ) ;
#14 = VERTEX_POINT ( 'NONE', #2464 ) ;
#15 = VECTOR ( 'NONE', #1413, 1000.000000000000000 ) ;
#16 = FACE_OUTER_BOUND ( 'NONE', #1811, .T. ) ;
#17 = ORIENTED_EDGE ( 'NONE', *, *, #2947, .F. ) ;
#18 = DIRECTION ( 'NONE',  ( 0.000000000000000000, 2.602085213965210642E-15, -1.000000000000000000 ) ) ;
#19 = EDGE_CURVE ( 'NONE', #776, #371, #1758, .T. ) ;
#20 = LINE ( 'NONE', #2428, #1228 ) ;
#21 = VECTOR ( 'NONE', #2411, 1000.000000000000000 ) ;
#22 = CYLINDRICAL_SURFACE ( 'NONE', #2646, 1.950000000000000400 ) ;
#23 = CARTESIAN_POINT ( 'NONE',  ( 15.00000000000000000, -2.000000000000000000, 7.499999999999996447 ) ) ;
#24 = DIRECTION ( 'NONE',  ( -1.000000000000000000, 0.000000000000000000, -1.858632295689435363E-16 ) ) ;
#25 = ORIENTED_EDGE ( 'NONE', *, *, #2904, .F. ) ;
#26 = EDGE_LOOP ( 'NONE', ( #1012, #2670, #1363, #1604, #1611, #63, #1266, #1458 ) ) ;
#27 = ORIENTED_EDGE ( 'NONE', *, *, #691, .F. ) ;
#28 = LINE ( 'NONE', #211, #1998 ) ;
#29 = CARTESIAN_POINT ( 'NONE',  ( 16.65000000000000213, -4.900000000000000355, 7.499999999999996447 ) ) ;
#30 = EDGE_CURVE ( 'NONE', #209, #2856, #2500, .T. ) ;
#31 = AXIS2_PLACEMENT_3D ( 'NONE', #23, #517, #1976 ) ;
#32 = ORIENTED_EDGE ( 'NONE', *, *, #832, .T. ) ;
#33 = VERTEX_POINT ( 'NONE', #2243 ) ;
#34 = DIRECTION ( 'NONE',  ( -1.000000000000000000, 0.000000000000000000, 7.542275982507858133E-16 ) ) ;
#35 = ORIENTED_EDGE ( 'NONE', *, *, #2211, .T. ) ;
#36 = DIRECTION ( 'NONE',  ( 0.000000000000000000, 1.000000000000000000, 0.000000000000000000 ) ) ;
#37 = CARTESIAN_POINT ( 'NONE',  ( -15.00000000000000000, -2.000000000000000000, -7.499999999999992895 ) ) ;
#38 = CARTESIAN_POINT ( 'NONE',  ( -15.00000000000000000, -4.900000000000000355, -6.449999999999992184 ) ) ;
#39 = ORIENTED_EDGE ( 'NONE', *, *, #1160, .T. ) ;
#40 = EDGE_CURVE ( 'NONE', #1187, #1657, #1942, .T. ) ;
#41 = AXIS2_PLACEMENT_3D ( 'NONE', #3068, #2604, #900 ) ;
#42 = EDGE_CURVE ( 'NONE', #2688, #367, #651, .T. ) ;
#43 = DIRECTION ( 'NONE',  ( 0.000000000000000000, 0.000000000000000000, -1.000000000000000000 ) ) ;
#44 = DIRECTION ( 'NONE',  ( -0.000000000000000000, -1.000000000000000000, -0.000000000000000000 ) ) ;
#45 = ORIENTED_EDGE ( 'NONE', *, *, #1719, .T. ) ;
#46 = ORIENTED_EDGE ( 'NONE', *, *, #1496, .T. ) ;
#47 = SURFACE_SIDE_STYLE ('',( #384 ) ) ;
#48 = DIRECTION ( 'NONE',  ( 1.000000000000000000, 0.000000000000000000, -3.469446951953616161E-16 ) ) ;
#49 = AXIS2_PLACEMENT_3D ( 'NONE', #341, #3004, #1818 ) ;
#50 = LINE ( 'NONE', #2797, #2537 ) ;
#51 = VECTOR ( 'NONE', #1713, 1000.000000000000000 ) ;
#52 = EDGE_LOOP ( 'NONE', ( #1580, #1106, #2681, #2907 ) ) ;
#53 = CIRCLE ( 'NONE', #2425, 3.000000000000000000 ) ;
#54 = ORIENTED_EDGE ( 'NONE', *, *, #5, .T. ) ;
#55 = LINE ( 'NONE', #934, #2543 ) ;
#56 = DIRECTION ( 'NONE',  ( 0.7071067811865489050, 0.000000000000000000, -0.7071067811865462405 ) ) ;
#57 = CARTESIAN_POINT ( 'NONE',  ( 6.500000000000001776, -0.7000000000000186073, -6.000000000000002665 ) ) ;
#58 = CARTESIAN_POINT ( 'NONE',  ( 1.250000000000000000, -4.900000000000000355, 9.150000000000000355 ) ) ;
#59 = VECTOR ( 'NONE', #596, 1000.000000000000000 ) ;
#60 = DIRECTION ( 'NONE',  ( 0.000000000000000000, 1.000000000000000000, 0.000000000000000000 ) ) ;
#61 = EDGE_CURVE ( 'NONE', #33, #1612, #2570, .T. ) ;
#62 = CIRCLE ( 'NONE', #3028, 1.500000000000000000 ) ;
#63 = ORIENTED_EDGE ( 'NONE', *, *, #2029, .F. ) ;
#64 = AXIS2_PLACEMENT_3D ( 'NONE', #462, #2128, #901 ) ;
#65 = CYLINDRICAL_SURFACE ( 'NONE', #1619, 1.000000000000000000 ) ;
#66 = DIRECTION ( 'NONE',  ( -1.000000000000000000, 0.000000000000000000, -0.000000000000000000 ) ) ;
#67 = CIRCLE ( 'NONE', #3128, 0.5000000000000004441 ) ;
#68 = CARTESIAN_POINT ( 'NONE',  ( -1.250000000000000000, -4.900000000000000355, 9.150000000000000355 ) ) ;
#69 = DIRECTION ( 'NONE',  ( -0.000000000000000000, 1.000000000000000000, -0.000000000000000000 ) ) ;
#70 = APPLICATION_PROTOCOL_DEFINITION ( 'draft international standard', 'automotive_design', 1998, #89 ) ;
#71 = EDGE_LOOP ( 'NONE', ( #2708, #2869, #1902, #4, #873, #1886 ) ) ;
#72 = ORIENTED_EDGE ( 'NONE', *, *, #3014, .T. ) ;
#73 = ORIENTED_EDGE ( 'NONE', *, *, #1439, .F. ) ;
#74 = EDGE_CURVE ( 'NONE', #263, #266, #1135, .T. ) ;
#75 = DIRECTION ( 'NONE',  ( -1.000000000000000000, 0.000000000000000000, 0.000000000000000000 ) ) ;
#76 = ORIENTED_EDGE ( 'NONE', *, *, #801, .F. ) ;
#77 = DIRECTION ( 'NONE',  ( 0.000000000000000000, -1.517883041479706208E-15, -1.000000000000000000 ) ) ;
#78 = PLANE ( 'NONE',  #2185 ) ;
#79 = VERTEX_POINT ( 'NONE', #3079 ) ;
#80 = AXIS2_PLACEMENT_3D ( 'NONE', #3059, #2105, #640 ) ;
#81 = ORIENTED_EDGE ( 'NONE', *, *, #599, .T. ) ;
#82 = CARTESIAN_POINT ( 'NONE',  ( 15.00000000000000000, -2.000000000000000000, -5.549999999999997158 ) ) ;
#83 = EDGE_CURVE ( 'NONE', #925, #1180, #2985, .T. ) ;
#84 = LINE ( 'NONE', #2569, #955 ) ;
#85 = DIRECTION ( 'NONE',  ( -1.000000000000000000, 0.000000000000000000, 1.301042606982605567E-16 ) ) ;
#86 = EDGE_LOOP ( 'NONE', ( #876, #333, #420, #593 ) ) ;
#87 = ORIENTED_EDGE ( 'NONE', *, *, #1301, .F. ) ;
#88 = LINE ( 'NONE', #2373, #959 ) ;
#89 = APPLICATION_CONTEXT ( 'automotive_design' ) ;
#90 = EDGE_CURVE ( 'NONE', #431, #898, #2434, .T. ) ;
#91 = VECTOR ( 'NONE', #1431, 1000.000000000000000 ) ;
#92 = PLANE ( 'NONE',  #362 ) ;
#93 = VECTOR ( 'NONE', #191, 1000.000000000000000 ) ;
#94 = PLANE ( 'NONE',  #379 ) ;
#95 = CARTESIAN_POINT ( 'NONE',  ( 5.000000000000000000, 9.340770846134704541, -3.499999999999988010 ) ) ;
#96 = VECTOR ( 'NONE', #1476, 1000.000000000000000 ) ;
#97 = ORIENTED_EDGE ( 'NONE', *, *, #2980, .T. ) ;
#98 = CARTESIAN_POINT ( 'NONE',  ( 14.50000000000000533, 0.000000000000000000, 2.500000000000001332 ) ) ;
#99 = EDGE_CURVE ( 'NONE', #800, #1785, #1723, .T. ) ;
#100 = ORIENTED_EDGE ( 'NONE', *, *, #2389, .T. ) ;
#101 = ORIENTED_EDGE ( 'NONE', *, *, #538, .F. ) ;
#102 = DIRECTION ( 'NONE',  ( 1.294569758191647402E-16, 0.000000000000000000, -1.000000000000000000 ) ) ;
#103 = LINE ( 'NONE', #1727, #2849 ) ;
#104 = EDGE_CURVE ( 'NONE', #3075, #306, #568, .T. ) ;
#105 = AXIS2_PLACEMENT_3D ( 'NONE', #799, #2564, #2274 ) ;
#106 = DIRECTION ( 'NONE',  ( -1.508455196501571429E-15, 0.000000000000000000, 1.000000000000000000 ) ) ;
#107 = DIRECTION ( 'NONE',  ( -0.000000000000000000, -0.000000000000000000, -1.000000000000000000 ) ) ;
#108 = ORIENTED_EDGE ( 'NONE', *, *, #2709, .T. ) ;
#109 = CARTESIAN_POINT ( 'NONE',  ( -15.15000000000000391, -1.300000000000000711, -2.499999999999987566 ) ) ;
#110 = DIRECTION ( 'NONE',  ( 0.000000000000000000, 0.000000000000000000, -1.000000000000000000 ) ) ;
#111 = ORIENTED_EDGE ( 'NONE', *, *, #414, .T. ) ;
#112 = EDGE_LOOP ( 'NONE', ( #2229 ) ) ;
#113 = DIRECTION ( 'NONE',  ( 1.000000000000000000, -0.000000000000000000, 0.000000000000000000 ) ) ;
#114 = CARTESIAN_POINT ( 'NONE',  ( 16.65000000000000213, -2.000000000000000000, 5.049999999999997158 ) ) ;
#115 = ORIENTED_EDGE ( 'NONE', *, *, #83, .F. ) ;
#116 = DIRECTION ( 'NONE',  ( 1.000000000000000000, 0.000000000000000000, 0.000000000000000000 ) ) ;
#117 = EDGE_CURVE ( 'NONE', #2925, #1703, #1221, .T. ) ;
#118 = SURFACE_SIDE_STYLE ('',( #1083 ) ) ;
#119 = CARTESIAN_POINT ( 'NONE',  ( -16.15000000000000213, -2.000000000000000000, -5.049999999999991829 ) ) ;
#120 = AXIS2_PLACEMENT_3D ( 'NONE', #2337, #2599, #1121 ) ;
#121 = DIRECTION ( 'NONE',  ( -0.000000000000000000, -1.000000000000000000, -0.000000000000000000 ) ) ;
#122 = ORIENTED_EDGE ( 'NONE', *, *, #2799, .F. ) ;
#123 = CARTESIAN_POINT ( 'NONE',  ( 13.05000000000000071, -2.000000000000000000, 7.499999999999996447 ) ) ;
#124 = CIRCLE ( 'NONE', #2819, 1.150000000000001688 ) ;
#125 = VECTOR ( 'NONE', #1816, 1000.000000000000000 ) ;
#126 = ORIENTED_EDGE ( 'NONE', *, *, #2153, .T. ) ;
#127 = LINE ( 'NONE', #3125, #21 ) ;
#128 = ORIENTED_EDGE ( 'NONE', *, *, #2306, .T. ) ;
#129 = CIRCLE ( 'NONE', #523, 1.950000000000000400 ) ;
#130 = VECTOR ( 'NONE', #1368, 1000.000000000000000 ) ;
#131 = EDGE_CURVE ( 'NONE', #1521, #2122, #611, .T. ) ;
#132 = AXIS2_PLACEMENT_3D ( 'NONE', #1494, #988, #2430 ) ;
#133 = CARTESIAN_POINT ( 'NONE',  ( -1.250000000000000000, -3.000000000000000888, 7.600000000000004086 ) ) ;
#134 = CARTESIAN_POINT ( 'NONE',  ( 14.99999999999998934, 0.000000000000000000, -0.07386397157412971648 ) ) ;
#135 = ORIENTED_EDGE ( 'NONE', *, *, #1709, .T. ) ;
#136 = FACE_OUTER_BOUND ( 'NONE', #1984, .T. ) ;
#137 = DIRECTION ( 'NONE',  ( -0.000000000000000000, -1.000000000000000000, 0.000000000000000000 ) ) ;
#138 = ORIENTED_EDGE ( 'NONE', *, *, #3044, .T. ) ;
#139 = DIRECTION ( 'NONE',  ( -0.000000000000000000, 1.000000000000000000, -0.000000000000000000 ) ) ;
#140 = LINE ( 'NONE', #1437, #1815 ) ;
#141 = EDGE_LOOP ( 'NONE', ( #990 ) ) ;
#142 = LINE ( 'NONE', #82, #818 ) ;
#143 = CARTESIAN_POINT ( 'NONE',  ( 16.64999999999999858, -2.000000000000000000, -5.049999999999997158 ) ) ;
#144 = ADVANCED_FACE ( 'NONE', ( #2242 ), #3112, .F. ) ;
#145 = DIRECTION ( 'NONE',  ( -0.000000000000000000, 1.000000000000000000, -0.000000000000000000 ) ) ;
#146 = ORIENTED_EDGE ( 'NONE', *, *, #681, .T. ) ;
#147 = CARTESIAN_POINT ( 'NONE',  ( -10.04999999999999361, -1.300000000000000711, -2.499999999999988454 ) ) ;
#148 = EDGE_CURVE ( 'NONE', #1359, #215, #411, .T. ) ;
#149 = ORIENTED_EDGE ( 'NONE', *, *, #1765, .T. ) ;
#150 = ORIENTED_EDGE ( 'NONE', *, *, #2151, .F. ) ;
#151 = CARTESIAN_POINT ( 'NONE',  ( -13.04999999999999893, -2.000000000000000000, -7.499999999999992895 ) ) ;
#152 = CARTESIAN_POINT ( 'NONE',  ( -1.250000000000000000, -1.850000000000000977, 7.799999999999997158 ) ) ;
#153 = ADVANCED_FACE ( 'NONE', ( #16 ), #3038, .F. ) ;
#154 = CARTESIAN_POINT ( 'NONE',  ( -3.749999999999998668, 0.000000000000000000, -0.07386397157415834636 ) ) ;
#155 = VERTEX_POINT ( 'NONE', #1357 ) ;
#156 = DIRECTION ( 'NONE',  ( -0.000000000000000000, 1.000000000000000000, -0.000000000000000000 ) ) ;
#157 = LINE ( 'NONE', #3029, #1260 ) ;
#158 = LINE ( 'NONE', #1071, #1796 ) ;
#159 = ORIENTED_EDGE ( 'NONE', *, *, #1602, .F. ) ;
#160 = EDGE_CURVE ( 'NONE', #2984, #428, #1031, .T. ) ;
#161 = AXIS2_PLACEMENT_3D ( 'NONE', #1047, #1293, #3047 ) ;
#162 = CARTESIAN_POINT ( 'NONE',  ( 15.00000000000000000, -2.000000000000000000, -7.499999999999996447 ) ) ;
#163 = EDGE_LOOP ( 'NONE', ( #2400 ) ) ;
#164 = CARTESIAN_POINT ( 'NONE',  ( 16.64999999999999858, -4.900000000000000355, -7.499999999999996447 ) ) ;
#165 = VECTOR ( 'NONE', #492, 1000.000000000000114 ) ;
#166 = VECTOR ( 'NONE', #2737, 1000.000000000000000 ) ;
#167 = LINE ( 'NONE', #2118, #130 ) ;
#168 = LINE ( 'NONE', #1448, #2446 ) ;
#169 = CARTESIAN_POINT ( 'NONE',  ( 9.999999999999998224, -4.900000000000000355, -7.000000000000001776 ) ) ;
#170 = EDGE_LOOP ( 'NONE', ( #720, #1291, #2734, #979, #1896, #889, #1690, #2550 ) ) ;
#171 = ADVANCED_FACE ( 'NONE', ( #1608 ), #236, .T. ) ;
#172 = EDGE_CURVE ( 'NONE', #642, #1149, #696, .T. ) ;
#173 = ORIENTED_EDGE ( 'NONE', *, *, #2528, .T. ) ;
#174 = VECTOR ( 'NONE', #220, 1000.000000000000000 ) ;
#175 = DIRECTION ( 'NONE',  ( 0.000000000000000000, 0.000000000000000000, -1.000000000000000000 ) ) ;
#176 = AXIS2_PLACEMENT_3D ( 'NONE', #1802, #336, #1565 ) ;
#177 = ORIENTED_EDGE ( 'NONE', *, *, #1112, .T. ) ;
#178 = DIRECTION ( 'NONE',  ( 0.000000000000000000, 1.000000000000000000, 0.000000000000000000 ) ) ;
#179 = ORIENTED_EDGE ( 'NONE', *, *, #3014, .F. ) ;
#180 = CARTESIAN_POINT ( 'NONE',  ( -12.54999999999999893, -2.000000000000000000, -9.150000000000000355 ) ) ;
#181 = CARTESIAN_POINT ( 'NONE',  ( -16.15000000000000213, -2.000000000000000000, 5.550000000000000711 ) ) ;
#182 = ORIENTED_EDGE ( 'NONE', *, *, #1990, .T. ) ;
#183 = CARTESIAN_POINT ( 'NONE',  ( -1.250000000000000000, -3.469446951953617344E-15, 7.600000000000005862 ) ) ;
#184 = ADVANCED_FACE ( 'NONE', ( #2315 ), #2323, .F. ) ;
#185 = VERTEX_POINT ( 'NONE', #154 ) ;
#186 = EDGE_CURVE ( 'NONE', #209, #340, #3062, .T. ) ;
#187 = CARTESIAN_POINT ( 'NONE',  ( -3.749999999999998668, -0.7000000000000096145, 2.778428634315193552E-14 ) ) ;
#188 = DIRECTION ( 'NONE',  ( 0.000000000000000000, -1.490777987167577471E-15, -1.000000000000000000 ) ) ;
#189 = DIRECTION ( 'NONE',  ( 0.000000000000000000, 0.000000000000000000, 1.000000000000000000 ) ) ;
#190 = DIRECTION ( 'NONE',  ( -1.000000000000000000, 0.000000000000000000, 1.156482317317871478E-16 ) ) ;
#191 = DIRECTION ( 'NONE',  ( -1.000000000000000000, -0.000000000000000000, -0.000000000000000000 ) ) ;
#192 = ORIENTED_EDGE ( 'NONE', *, *, #1439, .T. ) ;
#193 = DIRECTION ( 'NONE',  ( -0.000000000000000000, -0.000000000000000000, -1.000000000000000000 ) ) ;
#194 = ORIENTED_EDGE ( 'NONE', *, *, #2756, .F. ) ;
#195 = CARTESIAN_POINT ( 'NONE',  ( -15.00000000000000000, -4.900000000000000355, 9.149999999999996803 ) ) ;
#196 = FACE_BOUND ( 'NONE', #893, .T. ) ;
#197 = DIRECTION ( 'NONE',  ( -0.000000000000000000, 1.000000000000000000, -0.000000000000000000 ) ) ;
#198 = EDGE_LOOP ( 'NONE', ( #1442 ) ) ;
#199 = CYLINDRICAL_SURFACE ( 'NONE', #2676, 0.4999999999999987232 ) ;
#200 = CARTESIAN_POINT ( 'NONE',  ( -7.499999999999998224, 18.40497317454278914, -5.999999999999999112 ) ) ;
#201 = CIRCLE ( 'NONE', #41, 0.9999999999999997780 ) ;
#202 = ADVANCED_FACE ( 'NONE', ( #798 ), #2068, .T. ) ;
#203 = EDGE_CURVE ( 'NONE', #627, #1699, #84, .T. ) ;
#204 = AXIS2_PLACEMENT_3D ( 'NONE', #2593, #408, #1890 ) ;
#205 = EDGE_CURVE ( 'NONE', #1536, #1536, #2351, .T. ) ;
#206 = VECTOR ( 'NONE', #1110, 1000.000000000000000 ) ;
#207 = ORIENTED_EDGE ( 'NONE', *, *, #2513, .T. ) ;
#208 = PRESENTATION_LAYER_ASSIGNMENT (  '', '', ( #2782 ) ) ;
#209 = VERTEX_POINT ( 'NONE', #2311 ) ;
#210 = VERTEX_POINT ( 'NONE', #1092 ) ;
#211 = CARTESIAN_POINT ( 'NONE',  ( -13.04999999999999893, -2.000000000000000000, -7.499999999999992895 ) ) ;
#212 = LINE ( 'NONE', #1232, #2700 ) ;
#213 = DIRECTION ( 'NONE',  ( 0.000000000000000000, 0.000000000000000000, -1.000000000000000000 ) ) ;
#214 = DIRECTION ( 'NONE',  ( 1.000000000000000000, 0.000000000000000000, 1.156482317317871478E-16 ) ) ;
#215 = VERTEX_POINT ( 'NONE', #390 ) ;
#216 = LINE ( 'NONE', #1516, #1356 ) ;
#217 = CARTESIAN_POINT ( 'NONE',  ( -15.00000000000000178, 0.000000000000000000, -7.499999999999992895 ) ) ;
#218 = EDGE_CURVE ( 'NONE', #392, #1810, #2167, .T. ) ;
#219 = ORIENTED_EDGE ( 'NONE', *, *, #579, .T. ) ;
#220 = DIRECTION ( 'NONE',  ( -0.000000000000000000, 1.000000000000000000, -0.000000000000000000 ) ) ;
#221 = EDGE_LOOP ( 'NONE', ( #896, #555, #1762, #1646 ) ) ;
#222 = AXIS2_PLACEMENT_3D ( 'NONE', #2173, #2141, #716 ) ;
#223 = CARTESIAN_POINT ( 'NONE',  ( 4.750000000000001776, -1.300000000000000711, -1.999999999999996669 ) ) ;
#224 = VERTEX_POINT ( 'NONE', #1314 ) ;
#225 = DIRECTION ( 'NONE',  ( -0.000000000000000000, 1.000000000000000000, -0.000000000000000000 ) ) ;
#226 = AXIS2_PLACEMENT_3D ( 'NONE', #1292, #1059, #781 ) ;
#227 = CARTESIAN_POINT ( 'NONE',  ( 15.00000000000000000, 0.000000000000000000, -7.499999999999996447 ) ) ;
#228 = PLANE ( 'NONE',  #2549 ) ;
#229 = ORIENTED_EDGE ( 'NONE', *, *, #1538, .F. ) ;
#230 = DIRECTION ( 'NONE',  ( 0.000000000000000000, 0.000000000000000000, -1.000000000000000000 ) ) ;
#231 = ORIENTED_EDGE ( 'NONE', *, *, #320, .T. ) ;
#232 = CARTESIAN_POINT ( 'NONE',  ( -10.04999999999999716, -1.300000000000000711, 2.499999999999996003 ) ) ;
#233 = EDGE_CURVE ( 'NONE', #1969, #2844, #2435, .T. ) ;
#234 = ADVANCED_FACE ( 'NONE', ( #2872 ), #94, .T. ) ;
#235 = VECTOR ( 'NONE', #686, 1000.000000000000000 ) ;
#236 = CYLINDRICAL_SURFACE ( 'NONE', #1094, 0.4999999999999987232 ) ;
#237 = CARTESIAN_POINT ( 'NONE',  ( 14.50000000000000178, 0.000000000000000000, -2.500000000000001332 ) ) ;
#238 = PLANE ( 'NONE',  #1262 ) ;
#239 = VERTEX_POINT ( 'NONE', #598 ) ;
#240 = UNCERTAINTY_MEASURE_WITH_UNIT (LENGTH_MEASURE( 1.000000000000000082E-05 ), #301, 'distance_accuracy_value', 'NONE');
#241 = VECTOR ( 'NONE', #1000, 1000.000000000000000 ) ;
#242 = EDGE_LOOP ( 'NONE', ( #231 ) ) ;
#243 = FACE_OUTER_BOUND ( 'NONE', #347, .T. ) ;
#244 = AXIS2_PLACEMENT_3D ( 'NONE', #2641, #442, #474 ) ;
#245 = CARTESIAN_POINT ( 'NONE',  ( 1.387778780781447450E-15, -1.300000000000000711, -2.000000000000000000 ) ) ;
#246 = LINE ( 'NONE', #1563, #1230 ) ;
#247 = CIRCLE ( 'NONE', #2905, 4.500000000000002665 ) ;
#248 = CARTESIAN_POINT ( 'NONE',  ( -16.15000000000000213, -2.000000000000000000, 5.049999999999998934 ) ) ;
#249 = FACE_OUTER_BOUND ( 'NONE', #398, .T. ) ;
#250 = EDGE_CURVE ( 'NONE', #2278, #266, #1688, .T. ) ;
#251 = ORIENTED_EDGE ( 'NONE', *, *, #974, .T. ) ;
#252 = CARTESIAN_POINT ( 'NONE',  ( 15.00000000000000000, -2.000000000000000000, 5.549999999999997158 ) ) ;
#253 = DIRECTION ( 'NONE',  ( 1.000000000000000000, 0.000000000000000000, 6.195440985631451620E-17 ) ) ;
#254 = LINE ( 'NONE', #1776, #2732 ) ;
#255 = EDGE_LOOP ( 'NONE', ( #1247, #2896, #229, #1550 ) ) ;
#256 = EDGE_CURVE ( 'NONE', #906, #2456, #1725, .T. ) ;
#257 = AXIS2_PLACEMENT_3D ( 'NONE', #1450, #2193, #747 ) ;
#258 = FACE_OUTER_BOUND ( 'NONE', #221, .T. ) ;
#259 = DIRECTION ( 'NONE',  ( 0.000000000000000000, 0.000000000000000000, 1.000000000000000000 ) ) ;
#260 = DIRECTION ( 'NONE',  ( -6.938893903907236266E-16, 0.000000000000000000, 1.000000000000000000 ) ) ;
#261 = ORIENTED_EDGE ( 'NONE', *, *, #74, .F. ) ;
#262 = CARTESIAN_POINT ( 'NONE',  ( 3.174999999999999378, 0.000000000000000000, -0.07386397157415833248 ) ) ;
#263 = VERTEX_POINT ( 'NONE', #2026 ) ;
#264 = ORIENTED_EDGE ( 'NONE', *, *, #2180, .T. ) ;
#265 = EDGE_CURVE ( 'NONE', #2974, #800, #158, .T. ) ;
#266 = VERTEX_POINT ( 'NONE', #622 ) ;
#267 = ORIENTED_EDGE ( 'NONE', *, *, #2074, .T. ) ;
#268 = EDGE_CURVE ( 'NONE', #3124, #2278, #2013, .T. ) ;
#269 = AXIS2_PLACEMENT_3D ( 'NONE', #290, #534, #2463 ) ;
#270 = CARTESIAN_POINT ( 'NONE',  ( 1.250000000000000000, -3.469446951953617344E-15, 7.600000000000005862 ) ) ;
#271 = CARTESIAN_POINT ( 'NONE',  ( 1.250000000000000000, -2.999999999999951594, -1.951563910473947424E-14 ) ) ;
#272 = CARTESIAN_POINT ( 'NONE',  ( -13.49322818559234172, -1.300000000000000711, -6.262204096263578101 ) ) ;
#273 = DIRECTION ( 'NONE',  ( 0.000000000000000000, -1.490777987167577471E-15, -1.000000000000000000 ) ) ;
#274 = CARTESIAN_POINT ( 'NONE',  ( 15.15000000000000568, -4.900000000000000355, -2.499999999999984457 ) ) ;
#275 = ORIENTED_EDGE ( 'NONE', *, *, #3123, .F. ) ;
#276 = ORIENTED_EDGE ( 'NONE', *, *, #953, .T. ) ;
#277 = EDGE_CURVE ( 'NONE', #1153, #2401, #310, .T. ) ;
#278 = LINE ( 'NONE', #1484, #2794 ) ;
#279 = CARTESIAN_POINT ( 'NONE',  ( -5.000000000000000000, 0.000000000000000000, -3.499999999999996891 ) ) ;
#280 = CARTESIAN_POINT ( 'NONE',  ( 13.49322818559232573, -1.300000000000000711, -6.262204096263600306 ) ) ;
#281 = ORIENTED_EDGE ( 'NONE', *, *, #1370, .T. ) ;
#282 = FACE_OUTER_BOUND ( 'NONE', #1077, .T. ) ;
#283 = CIRCLE ( 'NONE', #1243, 1.000000000000000000 ) ;
#284 = CARTESIAN_POINT ( 'NONE',  ( 12.55000000000000071, -2.000000000000000000, 8.649999999999996803 ) ) ;
#285 = VECTOR ( 'NONE', #1704, 1000.000000000000000 ) ;
#286 = AXIS2_PLACEMENT_3D ( 'NONE', #1668, #2649, #692 ) ;
#287 = EDGE_LOOP ( 'NONE', ( #311, #3133, #2694, #521 ) ) ;
#288 = CARTESIAN_POINT ( 'NONE',  ( 5.000000000000000000, 18.40497317454278914, -3.499999999999993339 ) ) ;
#289 = ORIENTED_EDGE ( 'NONE', *, *, #846, .T. ) ;
#290 = CARTESIAN_POINT ( 'NONE',  ( 16.15000000000000213, -2.000000000000000000, 5.049999999999997158 ) ) ;
#291 = ORIENTED_EDGE ( 'NONE', *, *, #734, .T. ) ;
#292 = CARTESIAN_POINT ( 'NONE',  ( 3.174999999999999378, 9.340770846134702765, 3.500000000000005773 ) ) ;
#293 = FACE_OUTER_BOUND ( 'NONE', #2713, .T. ) ;
#294 = DIRECTION ( 'NONE',  ( -0.000000000000000000, -1.000000000000000000, 0.000000000000000000 ) ) ;
#295 = VERTEX_POINT ( 'NONE', #1346 ) ;
#296 = LINE ( 'NONE', #2612, #3130 ) ;
#297 = EDGE_CURVE ( 'NONE', #2719, #2270, #2790, .T. ) ;
#298 = ORIENTED_EDGE ( 'NONE', *, *, #1125, .T. ) ;
#299 = DIRECTION ( 'NONE',  ( 0.000000000000000000, 0.000000000000000000, -1.000000000000000000 ) ) ;
#300 = CARTESIAN_POINT ( 'NONE',  ( 16.65000000000000213, -2.000000000000000000, 5.049999999999997158 ) ) ;
#301 =( LENGTH_UNIT ( ) NAMED_UNIT ( * ) SI_UNIT ( .MILLI., .METRE. ) );
#302 = ORIENTED_EDGE ( 'NONE', *, *, #2228, .T. ) ;
#303 = EDGE_CURVE ( 'NONE', #1934, #828, #2469, .T. ) ;
#304 = DIRECTION ( 'NONE',  ( -0.000000000000000000, -1.000000000000000000, 0.000000000000000000 ) ) ;
#305 = DIRECTION ( 'NONE',  ( 0.000000000000000000, 0.000000000000000000, 1.000000000000000000 ) ) ;
#306 = VERTEX_POINT ( 'NONE', #1592 ) ;
#307 = ORIENTED_EDGE ( 'NONE', *, *, #902, .F. ) ;
#308 = AXIS2_PLACEMENT_3D ( 'NONE', #2510, #606, #2747 ) ;
#309 = VECTOR ( 'NONE', #395, 1000.000000000000000 ) ;
#310 = CIRCLE ( 'NONE', #1842, 1.000000000000000000 ) ;
#311 = ORIENTED_EDGE ( 'NONE', *, *, #890, .T. ) ;
#312 = VERTEX_POINT ( 'NONE', #1255 ) ;
#313 = VERTEX_POINT ( 'NONE', #2979 ) ;
#314 = VECTOR ( 'NONE', #3057, 1000.000000000000000 ) ;
#315 = LINE ( 'NONE', #1205, #1843 ) ;
#316 = CARTESIAN_POINT ( 'NONE',  ( -6.500000000000000888, -0.7000000000000166089, -3.499999999999995115 ) ) ;
#317 = LINE ( 'NONE', #134, #1537 ) ;
#318 = LINE ( 'NONE', #946, #1957 ) ;
#319 = ORIENTED_EDGE ( 'NONE', *, *, #1738, .T. ) ;
#320 = EDGE_CURVE ( 'NONE', #963, #963, #1337, .T. ) ;
#321 = FACE_OUTER_BOUND ( 'NONE', #3019, .T. ) ;
#322 = ORIENTED_EDGE ( 'NONE', *, *, #2513, .F. ) ;
#323 = PRESENTATION_STYLE_ASSIGNMENT (( #830 ) ) ;
#324 = DIRECTION ( 'NONE',  ( 0.000000000000000000, -1.000000000000000000, 0.000000000000000000 ) ) ;
#325 = PRODUCT_CONTEXT ( 'NONE', #89, 'mechanical' ) ;
#326 = ORIENTED_EDGE ( 'NONE', *, *, #1385, .F. ) ;
#327 = DIRECTION ( 'NONE',  ( 0.000000000000000000, 0.000000000000000000, -1.000000000000000000 ) ) ;
#328 = ORIENTED_EDGE ( 'NONE', *, *, #160, .F. ) ;
#329 = VERTEX_POINT ( 'NONE', #2764 ) ;
#330 = DIRECTION ( 'NONE',  ( 0.000000000000000000, 0.000000000000000000, -1.000000000000000000 ) ) ;
#331 = EDGE_CURVE ( 'NONE', #436, #1098, #729, .T. ) ;
#332 = DIRECTION ( 'NONE',  ( 0.000000000000000000, 1.000000000000000000, -0.000000000000000000 ) ) ;
#333 = ORIENTED_EDGE ( 'NONE', *, *, #402, .F. ) ;
#334 = DIRECTION ( 'NONE',  ( 0.000000000000000000, 0.000000000000000000, -1.000000000000000000 ) ) ;
#335 = ORIENTED_EDGE ( 'NONE', *, *, #2745, .F. ) ;
#336 = DIRECTION ( 'NONE',  ( -0.000000000000000000, 1.000000000000000000, -0.000000000000000000 ) ) ;
#337 = VERTEX_POINT ( 'NONE', #2301 ) ;
#338 = DIRECTION ( 'NONE',  ( 0.000000000000000000, -1.000000000000000000, 0.000000000000000000 ) ) ;
#339 = DIRECTION ( 'NONE',  ( -0.000000000000000000, 1.000000000000000000, -0.000000000000000000 ) ) ;
#340 = VERTEX_POINT ( 'NONE', #3045 ) ;
#341 = CARTESIAN_POINT ( 'NONE',  ( 14.50000000000000533, -4.900000000000000355, -2.500000000000001332 ) ) ;
#342 = ORIENTED_EDGE ( 'NONE', *, *, #693, .F. ) ;
#343 = DIRECTION ( 'NONE',  ( -0.000000000000000000, 1.000000000000000000, -0.000000000000000000 ) ) ;
#344 = ORIENTED_EDGE ( 'NONE', *, *, #361, .T. ) ;
#345 = CYLINDRICAL_SURFACE ( 'NONE', #1426, 4.500000000000004441 ) ;
#346 = EDGE_CURVE ( 'NONE', #3097, #897, #1527, .T. ) ;
#347 = EDGE_LOOP ( 'NONE', ( #2380, #2037, #2011, #261 ) ) ;
#348 = LINE ( 'NONE', #1194, #2656 ) ;
#349 = DIRECTION ( 'NONE',  ( 0.000000000000000000, -1.445602896647340494E-15, -1.000000000000000000 ) ) ;
#350 = LINE ( 'NONE', #2736, #1575 ) ;
#351 = DIRECTION ( 'NONE',  ( 0.000000000000000000, 0.000000000000000000, -1.000000000000000000 ) ) ;
#352 =( LENGTH_UNIT ( ) NAMED_UNIT ( * ) SI_UNIT ( .MILLI., .METRE. ) );
#353 = LINE ( 'NONE', #181, #2480 ) ;
#354 = VERTEX_POINT ( 'NONE', #2558 ) ;
#355 = DIRECTION ( 'NONE',  ( 0.000000000000000000, 0.000000000000000000, 1.000000000000000000 ) ) ;
#356 = ORIENTED_EDGE ( 'NONE', *, *, #2192, .F. ) ;
#357 = EDGE_LOOP ( 'NONE', ( #824 ) ) ;
#358 = CARTESIAN_POINT ( 'NONE',  ( -4.750000000000000000, 0.000000000000000000, 6.999999999999998224 ) ) ;
#359 = DIRECTION ( 'NONE',  ( -0.000000000000000000, -0.000000000000000000, -1.000000000000000000 ) ) ;
#360 = VECTOR ( 'NONE', #1684, 1000.000000000000000 ) ;
#361 = EDGE_CURVE ( 'NONE', #14, #2563, #2538, .T. ) ;
#362 = AXIS2_PLACEMENT_3D ( 'NONE', #2741, #1097, #1854 ) ;
#363 = CARTESIAN_POINT ( 'NONE',  ( -4.750000000000000000, 0.000000000000000000, 5.999999999999998224 ) ) ;
#364 = EDGE_CURVE ( 'NONE', #2653, #689, #1982, .T. ) ;
#365 = VERTEX_POINT ( 'NONE', #1603 ) ;
#366 = FACE_OUTER_BOUND ( 'NONE', #1531, .T. ) ;
#367 = VERTEX_POINT ( 'NONE', #3003 ) ;
#368 = MECHANICAL_DESIGN_GEOMETRIC_PRESENTATION_REPRESENTATION (  '', ( #2782 ), #1409 ) ;
#369 = CARTESIAN_POINT ( 'NONE',  ( 6.500000000000000888, -1.300000000000000711, -3.499999999999993783 ) ) ;
#370 = ADVANCED_FACE ( 'NONE', ( #871 ), #1355, .T. ) ;
#371 = VERTEX_POINT ( 'NONE', #29 ) ;
#372 = ADVANCED_FACE ( 'NONE', ( #2083, #1456 ), #238, .T. ) ;
#373 = CARTESIAN_POINT ( 'NONE',  ( -15.00000000000000178, 0.000000000000000000, 5.549999999999998934 ) ) ;
#374 = EDGE_LOOP ( 'NONE', ( #1552, #1058, #3089, #1113, #2302, #1123, #949, #2005 ) ) ;
#375 = CARTESIAN_POINT ( 'NONE',  ( 13.04999999999999893, 0.000000000000000000, -8.650000000000002132 ) ) ;
#376 = LINE ( 'NONE', #2697, #1606 ) ;
#377 = VECTOR ( 'NONE', #834, 1000.000000000000000 ) ;
#378 = VECTOR ( 'NONE', #2792, 1000.000000000000000 ) ;
#379 = AXIS2_PLACEMENT_3D ( 'NONE', #2536, #116, #1090 ) ;
#380 = ORIENTED_EDGE ( 'NONE', *, *, #205, .F. ) ;
#381 = DIRECTION ( 'NONE',  ( 4.625929269271487886E-16, 0.000000000000000000, 1.000000000000000000 ) ) ;
#382 = ORIENTED_EDGE ( 'NONE', *, *, #1509, .F. ) ;
#383 = LINE ( 'NONE', #2287, #771 ) ;
#384 = SURFACE_STYLE_FILL_AREA ( #2701 ) ;
#385 = LINE ( 'NONE', #2142, #2920 ) ;
#386 = ADVANCED_FACE ( 'NONE', ( #2614 ), #2175, .F. ) ;
#387 = EDGE_CURVE ( 'NONE', #1715, #1967, #1371, .T. ) ;
#388 = CIRCLE ( 'NONE', #2863, 1.049999999999998934 ) ;
#389 = ORIENTED_EDGE ( 'NONE', *, *, #510, .T. ) ;
#390 = CARTESIAN_POINT ( 'NONE',  ( -16.65000000000000568, -2.000000000000000000, -7.499999999999992895 ) ) ;
#391 = FACE_OUTER_BOUND ( 'NONE', #2319, .T. ) ;
#392 = VERTEX_POINT ( 'NONE', #970 ) ;
#393 = AXIS2_PLACEMENT_3D ( 'NONE', #2115, #1686, #3082 ) ;
#394 = LINE ( 'NONE', #2273, #1931 ) ;
#395 = DIRECTION ( 'NONE',  ( -1.000000000000000000, 0.000000000000000000, 7.080503983578801851E-16 ) ) ;
#396 = CARTESIAN_POINT ( 'NONE',  ( 5.000000000000000000, -0.7000000000000166089, -3.499999999999993339 ) ) ;
#397 = EDGE_CURVE ( 'NONE', #444, #1493, #2502, .T. ) ;
#398 = EDGE_LOOP ( 'NONE', ( #35, #849, #2954, #727 ) ) ;
#399 = ADVANCED_FACE ( 'NONE', ( #1184 ), #2912, .F. ) ;
#400 = ORIENTED_EDGE ( 'NONE', *, *, #3064, .T. ) ;
#401 = ORIENTED_EDGE ( 'NONE', *, *, #361, .F. ) ;
#402 = EDGE_CURVE ( 'NONE', #295, #1731, #1060, .T. ) ;
#403 = AXIS2_PLACEMENT_3D ( 'NONE', #2901, #1938, #1945 ) ;
#404 = DIRECTION ( 'NONE',  ( -0.000000000000000000, 1.000000000000000000, -0.000000000000000000 ) ) ;
#405 = ORIENTED_EDGE ( 'NONE', *, *, #599, .F. ) ;
#406 = ORIENTED_EDGE ( 'NONE', *, *, #620, .F. ) ;
#407 = DIRECTION ( 'NONE',  ( 1.000000000000000000, 0.000000000000000000, -0.000000000000000000 ) ) ;
#408 = DIRECTION ( 'NONE',  ( 0.000000000000000000, 1.000000000000000000, 0.000000000000000000 ) ) ;
#409 = DIRECTION ( 'NONE',  ( 0.000000000000000000, 0.000000000000000000, 1.000000000000000000 ) ) ;
#410 = CARTESIAN_POINT ( 'NONE',  ( 10.05000000000000071, -1.300000000000000711, -2.499999999999998668 ) ) ;
#411 = CIRCLE ( 'NONE', #2196, 1.650000000000003908 ) ;
#412 = CARTESIAN_POINT ( 'NONE',  ( -4.999999999999998224, -0.7000000000000130562, -1.999999999999997780 ) ) ;
#413 = ADVANCED_FACE ( 'NONE', ( #1299 ), #2716, .F. ) ;
#414 = EDGE_CURVE ( 'NONE', #155, #2984, #1913, .T. ) ;
#415 = AXIS2_PLACEMENT_3D ( 'NONE', #1079, #2754, #3020 ) ;
#416 = DIRECTION ( 'NONE',  ( -1.000000000000000000, -0.000000000000000000, -1.294569758191647402E-16 ) ) ;
#417 = ORIENTED_EDGE ( 'NONE', *, *, #3072, .T. ) ;
#418 = DIRECTION ( 'NONE',  ( 0.000000000000000000, 0.000000000000000000, -1.000000000000000000 ) ) ;
#419 = LINE ( 'NONE', #270, #994 ) ;
#420 = ORIENTED_EDGE ( 'NONE', *, *, #2153, .F. ) ;
#421 = VECTOR ( 'NONE', #193, 1000.000000000000000 ) ;
#422 = CIRCLE ( 'NONE', #1569, 1.000000000000000000 ) ;
#423 = DIRECTION ( 'NONE',  ( 0.000000000000000000, -1.000000000000000000, 0.000000000000000000 ) ) ;
#424 = VECTOR ( 'NONE', #1441, 1000.000000000000000 ) ;
#425 = DIRECTION ( 'NONE',  ( 0.000000000000000000, 1.000000000000000000, 0.000000000000000000 ) ) ;
#426 = DIRECTION ( 'NONE',  ( 0.000000000000000000, -1.000000000000000000, 0.000000000000000000 ) ) ;
#427 = DIRECTION ( 'NONE',  ( 0.000000000000000000, 0.000000000000000000, 1.000000000000000000 ) ) ;
#428 = VERTEX_POINT ( 'NONE', #262 ) ;
#429 = EDGE_CURVE ( 'NONE', #1583, #33, #652, .T. ) ;
#430 = ORIENTED_EDGE ( 'NONE', *, *, #780, .F. ) ;
#431 = VERTEX_POINT ( 'NONE', #1443 ) ;
#432 = CARTESIAN_POINT ( 'NONE',  ( 5.000000000000000000, -0.7000000000000148326, -3.499999999999992450 ) ) ;
#433 = VECTOR ( 'NONE', #3102, 1000.000000000000000 ) ;
#434 = ADVANCED_FACE ( 'NONE', ( #1944 ), #2194, .F. ) ;
#435 = CARTESIAN_POINT ( 'NONE',  ( -8.628166150854944709E-32, -0.7000000000000095035, -1.999999999999998224 ) ) ;
#436 = VERTEX_POINT ( 'NONE', #1195 ) ;
#437 = AXIS2_PLACEMENT_3D ( 'NONE', #1008, #2687, #1997 ) ;
#438 = ORIENTED_EDGE ( 'NONE', *, *, #1631, .F. ) ;
#439 = DIRECTION ( 'NONE',  ( 0.000000000000000000, 1.000000000000000000, 0.000000000000000000 ) ) ;
#440 = DIRECTION ( 'NONE',  ( 0.000000000000000000, 1.000000000000000000, 0.000000000000000000 ) ) ;
#441 = EDGE_LOOP ( 'NONE', ( #2566, #2187, #3116, #768 ) ) ;
#442 = DIRECTION ( 'NONE',  ( -0.000000000000000000, -1.000000000000000000, -0.000000000000000000 ) ) ;
#443 = CARTESIAN_POINT ( 'NONE',  ( -10.04999999999999361, -4.900000000000000355, -2.499999999999988454 ) ) ;
#444 = VERTEX_POINT ( 'NONE', #468 ) ;
#445 = DIRECTION ( 'NONE',  ( -1.156482317317871478E-16, 0.000000000000000000, 1.000000000000000000 ) ) ;
#446 = ORIENTED_EDGE ( 'NONE', *, *, #2449, .T. ) ;
#447 = DIRECTION ( 'NONE',  ( 0.000000000000000000, 1.000000000000000000, 0.000000000000000000 ) ) ;
#448 = EDGE_CURVE ( 'NONE', #79, #1715, #1869, .T. ) ;
#449 = DIRECTION ( 'NONE',  ( 0.000000000000000000, -1.000000000000000000, 0.000000000000000000 ) ) ;
#450 = EDGE_CURVE ( 'NONE', #2791, #2127, #1136, .T. ) ;
#451 = DIRECTION ( 'NONE',  ( 0.000000000000000000, 1.000000000000000000, 0.000000000000000000 ) ) ;
#452 = CARTESIAN_POINT ( 'NONE',  ( 15.00000000000000000, -2.000000000000000000, -9.150000000000002132 ) ) ;
#453 = ORIENTED_EDGE ( 'NONE', *, *, #2659, .F. ) ;
#454 = ORIENTED_EDGE ( 'NONE', *, *, #1389, .T. ) ;
#455 = CARTESIAN_POINT ( 'NONE',  ( -16.65000000000000213, -2.000000000000000000, -5.049999999999991829 ) ) ;
#456 = CIRCLE ( 'NONE', #2927, 0.5000000000000004441 ) ;
#457 = VECTOR ( 'NONE', #2924, 1000.000000000000000 ) ;
#458 = ORIENTED_EDGE ( 'NONE', *, *, #1625, .F. ) ;
#459 = SHAPE_DEFINITION_REPRESENTATION ( #1828, #2673 ) ;
#460 = ORIENTED_EDGE ( 'NONE', *, *, #2375, .F. ) ;
#461 = CARTESIAN_POINT ( 'NONE',  ( 10.05000000000000071, -1.300000000000000711, -2.499999999999998668 ) ) ;
#462 = CARTESIAN_POINT ( 'NONE',  ( -14.99999999999999645, -4.900000000000000355, 7.500000000000000000 ) ) ;
#463 = VECTOR ( 'NONE', #2572, 1000.000000000000000 ) ;
#464 = DIRECTION ( 'NONE',  ( 0.000000000000000000, 0.000000000000000000, -1.000000000000000000 ) ) ;
#465 = EDGE_CURVE ( 'NONE', #1623, #1567, #494, .T. ) ;
#466 = CIRCLE ( 'NONE', #2746, 1.950000000000000400 ) ;
#467 = DIRECTION ( 'NONE',  ( -0.000000000000000000, 1.000000000000000000, -0.000000000000000000 ) ) ;
#468 = CARTESIAN_POINT ( 'NONE',  ( 15.15000000000000568, -4.900000000000000355, -2.499999999999984457 ) ) ;
#469 = FACE_BOUND ( 'NONE', #788, .T. ) ;
#470 = AXIS2_PLACEMENT_3D ( 'NONE', #1200, #449, #2875 ) ;
#471 = VERTEX_POINT ( 'NONE', #477 ) ;
#472 = LINE ( 'NONE', #743, #2966 ) ;
#473 = DIRECTION ( 'NONE',  ( -0.000000000000000000, 1.000000000000000000, -0.000000000000000000 ) ) ;
#474 = DIRECTION ( 'NONE',  ( 0.000000000000000000, 0.000000000000000000, 1.000000000000000000 ) ) ;
#475 = COLOUR_RGB ( '',0.2509803921568627416, 0.2509803921568627416, 0.2509803921568627416 ) ;
#476 = CARTESIAN_POINT ( 'NONE',  ( -5.000000000000000000, -0.7000000000000159428, -4.249999999999996447 ) ) ;
#477 = CARTESIAN_POINT ( 'NONE',  ( -13.77740966098107300, -2.000000000000000000, 5.980864435628737041 ) ) ;
#478 = ORIENTED_EDGE ( 'NONE', *, *, #2436, .F. ) ;
#479 = VERTEX_POINT ( 'NONE', #2935 ) ;
#480 = EDGE_CURVE ( 'NONE', #2527, #1731, #1836, .T. ) ;
#481 = AXIS2_PLACEMENT_3D ( 'NONE', #1402, #672, #189 ) ;
#482 = CARTESIAN_POINT ( 'NONE',  ( -13.77740966098107300, -3.100000000000000977, -5.980864435628733489 ) ) ;
#483 = DIRECTION ( 'NONE',  ( 0.000000000000000000, 1.000000000000000000, 4.565061778886335030E-16 ) ) ;
#484 = ORIENTED_EDGE ( 'NONE', *, *, #2812, .F. ) ;
#485 = DIRECTION ( 'NONE',  ( 0.7071067811865489050, 0.000000000000000000, 0.7071067811865462405 ) ) ;
#486 = CARTESIAN_POINT ( 'NONE',  ( 10.05000000000000249, -1.300000000000000711, -7.600000000000002309 ) ) ;
#487 = CARTESIAN_POINT ( 'NONE',  ( -1.250000000000000000, -2.999999999999951594, -1.951563910473947424E-14 ) ) ;
#488 = EDGE_LOOP ( 'NONE', ( #2897, #1533, #2177, #2589 ) ) ;
#489 = DIRECTION ( 'NONE',  ( 0.000000000000000000, -1.000000000000000000, 0.000000000000000000 ) ) ;
#490 = ORIENTED_EDGE ( 'NONE', *, *, #1017, .T. ) ;
#491 = VECTOR ( 'NONE', #915, 1000.000000000000000 ) ;
#492 = DIRECTION ( 'NONE',  ( -0.7071067811865489050, 2.950652045822727157E-16, -0.7071067811865461294 ) ) ;
#493 = EDGE_CURVE ( 'NONE', #329, #2186, #2397, .T. ) ;
#494 = LINE ( 'NONE', #1451, #2987 ) ;
#495 = EDGE_LOOP ( 'NONE', ( #1414 ) ) ;
#496 = FACE_OUTER_BOUND ( 'NONE', #1365, .T. ) ;
#497 = ORIENTED_EDGE ( 'NONE', *, *, #2997, .F. ) ;
#498 = AXIS2_PLACEMENT_3D ( 'NONE', #1600, #581, #2041 ) ;
#499 = LINE ( 'NONE', #1543, #2132 ) ;
#500 = LINE ( 'NONE', #271, #2690 ) ;
#501 = DIRECTION ( 'NONE',  ( 0.000000000000000000, -1.224646799147352961E-16, 1.000000000000000000 ) ) ;
#502 = DIRECTION ( 'NONE',  ( 0.000000000000000000, 0.000000000000000000, 1.000000000000000000 ) ) ;
#503 = DIRECTION ( 'NONE',  ( 0.000000000000000000, 1.000000000000000000, 0.000000000000000000 ) ) ;
#504 = LINE ( 'NONE', #1633, #2881 ) ;
#505 = CARTESIAN_POINT ( 'NONE',  ( 12.54999999999999893, -2.000000000000000000, -8.650000000000002132 ) ) ;
#506 = VERTEX_POINT ( 'NONE', #2218 ) ;
#507 = CARTESIAN_POINT ( 'NONE',  ( 3.750000000000000444, -3.000000000000000000, -0.07386397157415833248 ) ) ;
#508 = ORIENTED_EDGE ( 'NONE', *, *, #681, .F. ) ;
#509 = ORIENTED_EDGE ( 'NONE', *, *, #233, .F. ) ;
#510 = EDGE_CURVE ( 'NONE', #3104, #697, #2574, .T. ) ;
#511 = LINE ( 'NONE', #1253, #850 ) ;
#512 = CARTESIAN_POINT ( 'NONE',  ( -15.00000000000000178, -2.000000000000000000, 5.549999999999998934 ) ) ;
#513 = EDGE_LOOP ( 'NONE', ( #1783 ) ) ;
#514 = DIRECTION ( 'NONE',  ( -0.000000000000000000, 1.000000000000000000, -0.000000000000000000 ) ) ;
#515 = DIRECTION ( 'NONE',  ( -9.785619608074284739E-15, 0.000000000000000000, -1.000000000000000000 ) ) ;
#516 = ORIENTED_EDGE ( 'NONE', *, *, #2260, .T. ) ;
#517 = DIRECTION ( 'NONE',  ( -0.000000000000000000, -1.000000000000000000, -0.000000000000000000 ) ) ;
#518 = CARTESIAN_POINT ( 'NONE',  ( 12.55000000000000071, 0.000000000000000000, 8.649999999999996803 ) ) ;
#519 = ORIENTED_EDGE ( 'NONE', *, *, #1242, .F. ) ;
#520 = ORIENTED_EDGE ( 'NONE', *, *, #1069, .F. ) ;
#521 = ORIENTED_EDGE ( 'NONE', *, *, #19, .T. ) ;
#522 = EDGE_CURVE ( 'NONE', #1782, #1032, #2349, .T. ) ;
#523 = AXIS2_PLACEMENT_3D ( 'NONE', #1161, #197, #2828 ) ;
#524 = EDGE_CURVE ( 'NONE', #306, #1634, #1866, .T. ) ;
#525 = DIRECTION ( 'NONE',  ( 0.000000000000000000, 0.000000000000000000, -1.000000000000000000 ) ) ;
#526 = CARTESIAN_POINT ( 'NONE',  ( 15.00000000000000000, -4.900000000000000355, 7.499999999999996447 ) ) ;
#527 = CARTESIAN_POINT ( 'NONE',  ( 14.50000000000000178, -4.900000000000000355, -2.500000000000001332 ) ) ;
#528 = ORIENTED_EDGE ( 'NONE', *, *, #250, .T. ) ;
#529 = ORIENTED_EDGE ( 'NONE', *, *, #1948, .T. ) ;
#530 = CARTESIAN_POINT ( 'NONE',  ( 1.250000000000000000, -2.633015151429793452E-16, 9.150000000000000355 ) ) ;
#531 = PLANE ( 'NONE',  #1345 ) ;
#532 = CYLINDRICAL_SURFACE ( 'NONE', #498, 3.000000000000000000 ) ;
#533 = VECTOR ( 'NONE', #2162, 1000.000000000000000 ) ;
#534 = DIRECTION ( 'NONE',  ( -0.000000000000000000, 1.000000000000000000, -0.000000000000000000 ) ) ;
#535 = DIRECTION ( 'NONE',  ( 0.000000000000000000, 0.000000000000000000, 1.000000000000000000 ) ) ;
#536 = CARTESIAN_POINT ( 'NONE',  ( 15.00000000000000000, 0.000000000000000000, 5.549999999999997158 ) ) ;
#537 = VERTEX_POINT ( 'NONE', #2019 ) ;
#538 = EDGE_CURVE ( 'NONE', #1562, #1737, #784, .T. ) ;
#539 = CYLINDRICAL_SURFACE ( 'NONE', #1117, 4.500000000000003553 ) ;
#540 = VERTEX_POINT ( 'NONE', #2981 ) ;
#541 = CIRCLE ( 'NONE', #10, 1.050000000000000488 ) ;
#542 = VERTEX_POINT ( 'NONE', #2923 ) ;
#543 = VECTOR ( 'NONE', #1558, 1000.000000000000000 ) ;
#544 = AXIS2_PLACEMENT_3D ( 'NONE', #1474, #260, #1956 ) ;
#545 = CARTESIAN_POINT ( 'NONE',  ( -12.54999999999999893, -2.000000000000000000, -9.150000000000002132 ) ) ;
#546 = VECTOR ( 'NONE', #660, 1000.000000000000000 ) ;
#547 = DIRECTION ( 'NONE',  ( -2.478176394252576210E-16, 1.490777987167577471E-15, 1.000000000000000000 ) ) ;
#548 = ORIENTED_EDGE ( 'NONE', *, *, #2997, .T. ) ;
#549 = CARTESIAN_POINT ( 'NONE',  ( -14.99999999999999822, -2.000000000000000000, 7.500000000000000000 ) ) ;
#550 = ADVANCED_FACE ( 'NONE', ( #1434 ), #790, .F. ) ;
#551 = LINE ( 'NONE', #1274, #2951 ) ;
#552 = LINE ( 'NONE', #545, #1745 ) ;
#553 = EDGE_CURVE ( 'NONE', #1703, #2791, #142, .T. ) ;
#554 = EDGE_LOOP ( 'NONE', ( #2470, #935, #950, #1837, #2419, #2220 ) ) ;
#555 = ORIENTED_EDGE ( 'NONE', *, *, #1069, .T. ) ;
#556 = CARTESIAN_POINT ( 'NONE',  ( 16.15000000000000213, 0.000000000000000000, 5.549999999999998046 ) ) ;
#557 = DIRECTION ( 'NONE',  ( 6.195440985631451620E-17, -1.490777987167577471E-15, -1.000000000000000000 ) ) ;
#558 = ORIENTED_EDGE ( 'NONE', *, *, #117, .T. ) ;
#559 = FILL_AREA_STYLE_COLOUR ( '', #1373 ) ;
#560 = ORIENTED_EDGE ( 'NONE', *, *, #1449, .F. ) ;
#561 = AXIS2_PLACEMENT_3D ( 'NONE', #1870, #404, #1119 ) ;
#562 = ORIENTED_EDGE ( 'NONE', *, *, #1282, .T. ) ;
#563 = CARTESIAN_POINT ( 'NONE',  ( 10.00000000000000178, 0.000000000000000000, 2.499999999999996891 ) ) ;
#564 = EDGE_CURVE ( 'NONE', #2759, #608, #552, .T. ) ;
#565 = CARTESIAN_POINT ( 'NONE',  ( -9.999999999999998224, 0.000000000000000000, 6.999999999999999112 ) ) ;
#566 = CARTESIAN_POINT ( 'NONE',  ( 3.016910393003142859E-15, -0.7000000000000095035, -1.999999999999992673 ) ) ;
#567 = ORIENTED_EDGE ( 'NONE', *, *, #2044, .T. ) ;
#568 = CIRCLE ( 'NONE', #2938, 0.4999999999999987232 ) ;
#569 = EDGE_CURVE ( 'NONE', #1947, #1481, #2633, .T. ) ;
#570 = CARTESIAN_POINT ( 'NONE',  ( -15.00000000000000000, -2.000000000000000000, -9.149999999999998579 ) ) ;
#571 = VECTOR ( 'NONE', #381, 1000.000000000000000 ) ;
#572 = ORIENTED_EDGE ( 'NONE', *, *, #90, .F. ) ;
#573 = LINE ( 'NONE', #187, #314 ) ;
#574 = DIRECTION ( 'NONE',  ( 0.7071067811865489050, 0.000000000000000000, -0.7071067811865462405 ) ) ;
#575 = FACE_BOUND ( 'NONE', #198, .T. ) ;
#576 = CARTESIAN_POINT ( 'NONE',  ( -16.64999999999999858, -4.900000000000000355, -7.499999999999992006 ) ) ;
#577 = CIRCLE ( 'NONE', #2800, 0.7499999999999997780 ) ;
#578 = CARTESIAN_POINT ( 'NONE',  ( -14.99999999999999822, -2.000000000000000000, -5.549999999999992717 ) ) ;
#579 = EDGE_CURVE ( 'NONE', #2662, #2937, #394, .T. ) ;
#580 = VECTOR ( 'NONE', #1487, 1000.000000000000000 ) ;
#581 = DIRECTION ( 'NONE',  ( 1.000000000000000000, 0.000000000000000000, 0.000000000000000000 ) ) ;
#582 = CARTESIAN_POINT ( 'NONE',  ( 16.15000000000000213, -2.000000000000000000, 5.549999999999998046 ) ) ;
#583 = ORIENTED_EDGE ( 'NONE', *, *, #891, .T. ) ;
#584 = EDGE_CURVE ( 'NONE', #1909, #2294, #1118, .T. ) ;
#585 = AXIS2_PLACEMENT_3D ( 'NONE', #706, #1276, #793 ) ;
#586 = FILL_AREA_STYLE ('',( #1316 ) ) ;
#587 = EDGE_LOOP ( 'NONE', ( #1573, #2231, #2195, #529 ) ) ;
#588 = EDGE_LOOP ( 'NONE', ( #1511, #3048, #803, #1129 ) ) ;
#589 = VECTOR ( 'NONE', #2390, 1000.000000000000000 ) ;
#590 = DIRECTION ( 'NONE',  ( 0.000000000000000000, 0.000000000000000000, -1.000000000000000000 ) ) ;
#591 = CARTESIAN_POINT ( 'NONE',  ( -12.54999999999999893, -2.000000000000000000, -9.150000000000002132 ) ) ;
#592 = AXIS2_PLACEMENT_3D ( 'NONE', #1560, #2519, #2057 ) ;
#593 = ORIENTED_EDGE ( 'NONE', *, *, #1176, .T. ) ;
#594 = DIRECTION ( 'NONE',  ( 1.000000000000000000, 0.000000000000000000, 1.156482317317871478E-16 ) ) ;
#595 = ORIENTED_EDGE ( 'NONE', *, *, #493, .F. ) ;
#596 = DIRECTION ( 'NONE',  ( 1.000000000000000000, 0.000000000000000000, -1.301042606982605321E-16 ) ) ;
#597 = VERTEX_POINT ( 'NONE', #530 ) ;
#598 = CARTESIAN_POINT ( 'NONE',  ( -9.999999999999998224, -1.300000000000000711, 7.000000000000001776 ) ) ;
#599 = EDGE_CURVE ( 'NONE', #436, #367, #2101, .T. ) ;
#600 = ORIENTED_EDGE ( 'NONE', *, *, #3056, .T. ) ;
#601 = CARTESIAN_POINT ( 'NONE',  ( 12.55000000000000071, -2.000000000000000000, 9.149999999999995026 ) ) ;
#602 = ORIENTED_EDGE ( 'NONE', *, *, #2965, .T. ) ;
#603 = AXIS2_PLACEMENT_3D ( 'NONE', #2534, #113, #2739 ) ;
#604 = CARTESIAN_POINT ( 'NONE',  ( 15.00000000000000000, -2.000000000000000000, -7.499999999999996447 ) ) ;
#605 = DIRECTION ( 'NONE',  ( 0.000000000000000000, 0.000000000000000000, 1.000000000000000000 ) ) ;
#606 = DIRECTION ( 'NONE',  ( -0.000000000000000000, 1.000000000000000000, -0.000000000000000000 ) ) ;
#607 = ORIENTED_EDGE ( 'NONE', *, *, #1099, .T. ) ;
#608 = VERTEX_POINT ( 'NONE', #1774 ) ;
#609 = ADVANCED_FACE ( 'NONE', ( #366 ), #1508, .F. ) ;
#610 = VECTOR ( 'NONE', #2993, 1000.000000000000000 ) ;
#611 = LINE ( 'NONE', #3094, #1225 ) ;
#612 = DIRECTION ( 'NONE',  ( -0.000000000000000000, -1.000000000000000000, 0.000000000000000000 ) ) ;
#613 = ADVANCED_FACE ( 'NONE', ( #2183 ), #2240, .F. ) ;
#614 = AXIS2_PLACEMENT_3D ( 'NONE', #1427, #1147, #3106 ) ;
#615 = ORIENTED_EDGE ( 'NONE', *, *, #346, .F. ) ;
#616 = CIRCLE ( 'NONE', #2728, 1.500000000000000000 ) ;
#617 = CARTESIAN_POINT ( 'NONE',  ( -5.000000000000000000, -0.7000000000000148326, -3.499999999999997335 ) ) ;
#618 = ORIENTED_EDGE ( 'NONE', *, *, #265, .F. ) ;
#619 = DIRECTION ( 'NONE',  ( -1.000000000000000000, -0.000000000000000000, -1.508455196501576951E-15 ) ) ;
#620 = EDGE_CURVE ( 'NONE', #2505, #1049, #2066, .T. ) ;
#621 = FACE_OUTER_BOUND ( 'NONE', #1961, .T. ) ;
#622 = CARTESIAN_POINT ( 'NONE',  ( 5.000000000000000000, -1.300000000000000711, -1.999999999999994893 ) ) ;
#623 = CIRCLE ( 'NONE', #31, 1.049999999999998934 ) ;
#624 = CIRCLE ( 'NONE', #2437, 1.499999999999999112 ) ;
#625 = VECTOR ( 'NONE', #1223, 1000.000000000000000 ) ;
#626 = DIRECTION ( 'NONE',  ( -0.000000000000000000, -1.000000000000000000, -0.000000000000000000 ) ) ;
#627 = VERTEX_POINT ( 'NONE', #2721 ) ;
#628 = CARTESIAN_POINT ( 'NONE',  ( 7.500000000000003553, -1.300000000000000711, -7.000000000000001776 ) ) ;
#629 = PLANE ( 'NONE',  #903 ) ;
#630 = FACE_OUTER_BOUND ( 'NONE', #1198, .T. ) ;
#631 = DIRECTION ( 'NONE',  ( -0.000000000000000000, -1.000000000000000000, 0.000000000000000000 ) ) ;
#632 = EDGE_CURVE ( 'NONE', #1567, #2116, #2968, .T. ) ;
#633 = CIRCLE ( 'NONE', #2398, 5.100000000000005862 ) ;
#634 = ADVANCED_FACE ( 'NONE', ( #2225 ), #2892, .T. ) ;
#635 = CARTESIAN_POINT ( 'NONE',  ( 15.00000000000000000, 0.000000000000000000, -0.07386397157415833248 ) ) ;
#636 = EDGE_LOOP ( 'NONE', ( #2237 ) ) ;
#637 = ORIENTED_EDGE ( 'NONE', *, *, #104, .T. ) ;
#638 = DIRECTION ( 'NONE',  ( 0.000000000000000000, 1.000000000000000000, 0.000000000000000000 ) ) ;
#639 = ORIENTED_EDGE ( 'NONE', *, *, #2074, .F. ) ;
#640 = DIRECTION ( 'NONE',  ( 0.000000000000000000, 0.000000000000000000, 1.000000000000000000 ) ) ;
#641 = DIRECTION ( 'NONE',  ( 0.000000000000000000, 1.000000000000000000, -0.000000000000000000 ) ) ;
#642 = VERTEX_POINT ( 'NONE', #2733 ) ;
#643 = VERTEX_POINT ( 'NONE', #1306 ) ;
#644 = DIRECTION ( 'NONE',  ( -1.000000000000000000, 0.000000000000000000, -2.478176394252576210E-16 ) ) ;
#645 = CARTESIAN_POINT ( 'NONE',  ( 10.05000000000000071, -4.900000000000000355, 2.499999999999998668 ) ) ;
#646 = DIRECTION ( 'NONE',  ( -1.294569758191647402E-16, 0.000000000000000000, 1.000000000000000000 ) ) ;
#647 = ADVANCED_FACE ( 'NONE', ( #2808, #2332 ), #2666, .T. ) ;
#648 = EDGE_CURVE ( 'NONE', #1737, #3097, #2853, .T. ) ;
#649 = AXIS2_PLACEMENT_3D ( 'NONE', #2658, #2906, #259 ) ;
#650 = ORIENTED_EDGE ( 'NONE', *, *, #1751, .T. ) ;
#651 = CIRCLE ( 'NONE', #2675, 1.950000000000002176 ) ;
#652 = CIRCLE ( 'NONE', #1023, 0.5000000000000004441 ) ;
#653 = VERTEX_POINT ( 'NONE', #1464 ) ;
#654 = VERTEX_POINT ( 'NONE', #2036 ) ;
#655 = VECTOR ( 'NONE', #1189, 1000.000000000000000 ) ;
#656 = DIRECTION ( 'NONE',  ( 0.000000000000000000, 0.000000000000000000, -1.000000000000000000 ) ) ;
#657 = FACE_OUTER_BOUND ( 'NONE', #2944, .T. ) ;
#658 = CARTESIAN_POINT ( 'NONE',  ( 16.15000000000000213, 0.000000000000000000, -5.549999999999996270 ) ) ;
#659 = VECTOR ( 'NONE', #2707, 1000.000000000000000 ) ;
#660 = DIRECTION ( 'NONE',  ( -0.000000000000000000, -1.000000000000000000, -0.000000000000000000 ) ) ;
#661 = DIRECTION ( 'NONE',  ( 1.000000000000000000, 0.000000000000000000, 1.156482317317871478E-16 ) ) ;
#662 = EDGE_CURVE ( 'NONE', #1810, #2585, #216, .T. ) ;
#663 = FACE_OUTER_BOUND ( 'NONE', #1826, .T. ) ;
#664 = EDGE_LOOP ( 'NONE', ( #2422, #669, #509, #2539 ) ) ;
#665 = ADVANCED_FACE ( 'NONE', ( #2261 ), #2284, .F. ) ;
#666 = MANIFOLD_SOLID_BREP ( 'Verrundung2', #2730 ) ;
#667 = CARTESIAN_POINT ( 'NONE',  ( -10.04999999999999716, -4.900000000000000355, 2.499999999999996003 ) ) ;
#668 = ORIENTED_EDGE ( 'NONE', *, *, #90, .T. ) ;
#669 = ORIENTED_EDGE ( 'NONE', *, *, #2493, .F. ) ;
#670 = CARTESIAN_POINT ( 'NONE',  ( 16.64999999999999858, 0.000000000000000000, -7.499999999999996447 ) ) ;
#671 = AXIS2_PLACEMENT_3D ( 'NONE', #1438, #1403, #190 ) ;
#672 = DIRECTION ( 'NONE',  ( 0.000000000000000000, 1.000000000000000000, 0.000000000000000000 ) ) ;
#673 = CIRCLE ( 'NONE', #649, 0.5000000000000004441 ) ;
#674 = CARTESIAN_POINT ( 'NONE',  ( -10.04999999999999538, -1.300000000000000711, -7.600000000000004086 ) ) ;
#675 = CARTESIAN_POINT ( 'NONE',  ( -15.15000000000000391, -1.300000000000000711, -2.499999999999987566 ) ) ;
#676 = DIRECTION ( 'NONE',  ( 0.000000000000000000, 1.000000000000000000, 0.000000000000000000 ) ) ;
#677 = ORIENTED_EDGE ( 'NONE', *, *, #303, .T. ) ;
#678 = EDGE_LOOP ( 'NONE', ( #1043, #1323, #335, #1087 ) ) ;
#679 = DIRECTION ( 'NONE',  ( 0.000000000000000000, 1.000000000000000000, 0.000000000000000000 ) ) ;
#680 = ORIENTED_EDGE ( 'NONE', *, *, #1953, .T. ) ;
#681 = EDGE_CURVE ( 'NONE', #1397, #2116, #1279, .T. ) ;
#682 = CARTESIAN_POINT ( 'NONE',  ( -3.749999999999998668, -1.300000000000000711, -0.9999999999999976685 ) ) ;
#683 = CARTESIAN_POINT ( 'NONE',  ( -15.00000000000000000, 0.000000000000000000, 9.149999999999998579 ) ) ;
#684 = ADVANCED_FACE ( 'NONE', ( #258 ), #1157, .F. ) ;
#685 = VERTEX_POINT ( 'NONE', #2158 ) ;
#686 = DIRECTION ( 'NONE',  ( -0.000000000000000000, -0.000000000000000000, 1.000000000000000000 ) ) ;
#687 = DIRECTION ( 'NONE',  ( 0.000000000000000000, 0.000000000000000000, -1.000000000000000000 ) ) ;
#688 = VERTEX_POINT ( 'NONE', #911 ) ;
#689 = VERTEX_POINT ( 'NONE', #1387 ) ;
#690 = CARTESIAN_POINT ( 'NONE',  ( -10.04999999999999716, -1.300000000000000711, 2.499999999999996003 ) ) ;
#691 = EDGE_CURVE ( 'NONE', #354, #1909, #67, .T. ) ;
#692 = DIRECTION ( 'NONE',  ( 0.000000000000000000, 0.000000000000000000, 1.000000000000000000 ) ) ;
#693 = EDGE_CURVE ( 'NONE', #2116, #1122, #633, .T. ) ;
#694 = CARTESIAN_POINT ( 'NONE',  ( 16.64999999999999858, -4.900000000000000355, -7.499999999999996447 ) ) ;
#695 = LINE ( 'NONE', #2406, #1142 ) ;
#696 = LINE ( 'NONE', #373, #2651 ) ;
#697 = VERTEX_POINT ( 'NONE', #1636 ) ;
#698 = CIRCLE ( 'NONE', #1436, 5.100000000000005862 ) ;
#699 = EDGE_LOOP ( 'NONE', ( #458 ) ) ;
#700 = VECTOR ( 'NONE', #2952, 1000.000000000000000 ) ;
#701 = AXIS2_PLACEMENT_3D ( 'NONE', #1664, #24, #980 ) ;
#702 = CIRCLE ( 'NONE', #1361, 5.100000000000005862 ) ;
#703 = DIRECTION ( 'NONE',  ( -0.000000000000000000, -1.000000000000000000, -0.000000000000000000 ) ) ;
#704 = VECTOR ( 'NONE', #416, 1000.000000000000000 ) ;
#705 = DIRECTION ( 'NONE',  ( 0.000000000000000000, 0.000000000000000000, -1.000000000000000000 ) ) ;
#706 = CARTESIAN_POINT ( 'NONE',  ( -13.04999999999999538, -2.000000000000000000, 7.499999999999996447 ) ) ;
#707 = ORIENTED_EDGE ( 'NONE', *, *, #2407, .F. ) ;
#708 = DIRECTION ( 'NONE',  ( 0.000000000000000000, 0.000000000000000000, 1.000000000000000000 ) ) ;
#709 = CIRCLE ( 'NONE', #2383, 5.100000000000005862 ) ;
#710 = CARTESIAN_POINT ( 'NONE',  ( 3.174999999999999378, 9.340770846134704541, 3.894910182745377141E-15 ) ) ;
#711 = AXIS2_PLACEMENT_3D ( 'NONE', #288, #1518, #525 ) ;
#712 = CARTESIAN_POINT ( 'NONE',  ( -13.04999999999999893, 0.000000000000000000, -7.499999999999992895 ) ) ;
#713 = CARTESIAN_POINT ( 'NONE',  ( 13.04999999999999893, -2.000000000000000000, -7.499999999999996447 ) ) ;
#714 = ADVANCED_FACE ( 'NONE', ( #1588 ), #1777, .F. ) ;
#715 = EDGE_LOOP ( 'NONE', ( #1670, #2870, #2991, #1523 ) ) ;
#716 = DIRECTION ( 'NONE',  ( 0.000000000000000000, 0.000000000000000000, 1.000000000000000000 ) ) ;
#717 = EDGE_LOOP ( 'NONE', ( #2595, #356, #2848, #1369 ) ) ;
#718 = DIRECTION ( 'NONE',  ( 1.000000000000000000, 0.000000000000000000, 0.000000000000000000 ) ) ;
#719 = DIRECTION ( 'NONE',  ( 1.000000000000000000, 0.000000000000000000, 0.000000000000000000 ) ) ;
#720 = ORIENTED_EDGE ( 'NONE', *, *, #1788, .T. ) ;
#721 = ORIENTED_EDGE ( 'NONE', *, *, #1568, .F. ) ;
#722 = EDGE_LOOP ( 'NONE', ( #2978, #1208, #548, #1220, #2098, #2936, #2832, #1885, #1635, #446, #1256, #289, #2410, #1324, #1914, #2190 ) ) ;
#723 = DIRECTION ( 'NONE',  ( -7.542275982507858133E-16, 0.000000000000000000, -1.000000000000000000 ) ) ;
#724 = DIRECTION ( 'NONE',  ( -0.000000000000000000, 1.000000000000000000, -0.000000000000000000 ) ) ;
#725 = EDGE_CURVE ( 'NONE', #1810, #831, #3046, .T. ) ;
#726 = DIRECTION ( 'NONE',  ( -0.000000000000000000, 0.000000000000000000, 1.000000000000000000 ) ) ;
#727 = ORIENTED_EDGE ( 'NONE', *, *, #99, .T. ) ;
#728 = AXIS2_PLACEMENT_3D ( 'NONE', #2123, #913, #1867 ) ;
#729 = LINE ( 'NONE', #123, #1760 ) ;
#730 = ORIENTED_EDGE ( 'NONE', *, *, #1864, .F. ) ;
#731 = ORIENTED_EDGE ( 'NONE', *, *, #186, .T. ) ;
#732 = LINE ( 'NONE', #2818, #2720 ) ;
#733 = DIRECTION ( 'NONE',  ( 0.000000000000000000, -1.000000000000000000, 0.000000000000000000 ) ) ;
#734 = EDGE_CURVE ( 'NONE', #2984, #2563, #296, .T. ) ;
#735 = VECTOR ( 'NONE', #44, 1000.000000000000000 ) ;
#736 = LINE ( 'NONE', #2347, #206 ) ;
#737 = DIRECTION ( 'NONE',  ( -0.000000000000000000, 1.000000000000000000, -0.000000000000000000 ) ) ;
#738 = DIRECTION ( 'NONE',  ( 0.000000000000000000, 1.000000000000000000, 0.000000000000000000 ) ) ;
#739 = LINE ( 'NONE', #2857, #96 ) ;
#740 = EDGE_CURVE ( 'NONE', #1482, #2974, #1705, .T. ) ;
#741 = STYLED_ITEM ( 'NONE', ( #1034 ), #2673 ) ;
#742 = ORIENTED_EDGE ( 'NONE', *, *, #429, .F. ) ;
#743 = CARTESIAN_POINT ( 'NONE',  ( -1.250000000000000000, -4.900000000000000355, 0.000000000000000000 ) ) ;
#744 = ORIENTED_EDGE ( 'NONE', *, *, #1788, .F. ) ;
#745 = DIRECTION ( 'NONE',  ( 0.000000000000000000, -4.172852141046426715E-16, 1.000000000000000000 ) ) ;
#746 = CYLINDRICAL_SURFACE ( 'NONE', #481, 1.050000000000000488 ) ;
#747 = DIRECTION ( 'NONE',  ( 0.000000000000000000, 0.000000000000000000, -1.000000000000000000 ) ) ;
#748 = DIRECTION ( 'NONE',  ( 0.000000000000000000, -0.000000000000000000, -1.000000000000000000 ) ) ;
#749 = ORIENTED_EDGE ( 'NONE', *, *, #331, .F. ) ;
#750 = ORIENTED_EDGE ( 'NONE', *, *, #297, .T. ) ;
#751 = EDGE_CURVE ( 'NONE', #1657, #14, #2735, .T. ) ;
#752 = AXIS2_PLACEMENT_3D ( 'NONE', #1859, #2503, #2972 ) ;
#753 = CARTESIAN_POINT ( 'NONE',  ( -4.749999999999999112, -1.300000000000000711, -1.999999999999997780 ) ) ;
#754 = ORIENTED_EDGE ( 'NONE', *, *, #1270, .F. ) ;
#755 = CARTESIAN_POINT ( 'NONE',  ( 4.750000000000000888, -1.300000000000000711, 6.999999999999997335 ) ) ;
#756 = CARTESIAN_POINT ( 'NONE',  ( -15.00000000000000000, -4.900000000000000355, -7.499999999999992895 ) ) ;
#757 = DIRECTION ( 'NONE',  ( 0.000000000000000000, 0.000000000000000000, 1.000000000000000000 ) ) ;
#758 = DIRECTION ( 'NONE',  ( 0.000000000000000000, -1.000000000000000000, 0.000000000000000000 ) ) ;
#759 = ORIENTED_EDGE ( 'NONE', *, *, #1081, .F. ) ;
#760 = AXIS2_PLACEMENT_3D ( 'NONE', #2842, #1173, #2114 ) ;
#761 = DIRECTION ( 'NONE',  ( -0.000000000000000000, 1.000000000000000000, -0.000000000000000000 ) ) ;
#762 = EDGE_CURVE ( 'NONE', #2294, #1049, #2148, .T. ) ;
#763 = CARTESIAN_POINT ( 'NONE',  ( -3.749999999999998668, 0.000000000000000000, 3.197923071861839083E-15 ) ) ;
#764 = DIRECTION ( 'NONE',  ( -0.000000000000000000, -1.000000000000000000, -0.000000000000000000 ) ) ;
#765 = ORIENTED_EDGE ( 'NONE', *, *, #510, .F. ) ;
#766 = DIRECTION ( 'NONE',  ( 0.000000000000000000, 0.000000000000000000, -1.000000000000000000 ) ) ;
#767 = CIRCLE ( 'NONE', #561, 1.000000000000000000 ) ;
#768 = ORIENTED_EDGE ( 'NONE', *, *, #1056, .T. ) ;
#769 = AXIS2_PLACEMENT_3D ( 'NONE', #232, #2606, #1165 ) ;
#770 = LINE ( 'NONE', #183, #91 ) ;
#771 = VECTOR ( 'NONE', #1542, 1000.000000000000000 ) ;
#772 = CARTESIAN_POINT ( 'NONE',  ( -9.999999999999998224, -4.900000000000000355, 6.999999999999999112 ) ) ;
#773 = CARTESIAN_POINT ( 'NONE',  ( 10.04999999999999893, -1.300000000000000711, 7.600000000000006750 ) ) ;
#774 = VECTOR ( 'NONE', #2526, 1000.000000000000114 ) ;
#775 = ORIENTED_EDGE ( 'NONE', *, *, #2709, .F. ) ;
#776 = VERTEX_POINT ( 'NONE', #2146 ) ;
#777 = EDGE_CURVE ( 'NONE', #627, #2773, #2703, .T. ) ;
#778 = AXIS2_PLACEMENT_3D ( 'NONE', #13, #1789, #1999 ) ;
#779 = CIRCLE ( 'NONE', #1754, 1.950000000000001288 ) ;
#780 = EDGE_CURVE ( 'NONE', #155, #1104, #2222, .T. ) ;
#781 = DIRECTION ( 'NONE',  ( 0.000000000000000000, 0.000000000000000000, 1.000000000000000000 ) ) ;
#782 = DIRECTION ( 'NONE',  ( 6.195440985631451620E-17, 0.000000000000000000, -1.000000000000000000 ) ) ;
#783 = EDGE_LOOP ( 'NONE', ( #795, #1007, #730, #1486 ) ) ;
#784 = CIRCLE ( 'NONE', #1514, 4.500000000000002665 ) ;
#785 = CARTESIAN_POINT ( 'NONE',  ( -15.00000000000000000, -2.000000000000000000, -7.499999999999992895 ) ) ;
#786 = DIRECTION ( 'NONE',  ( -0.000000000000000000, 1.000000000000000000, -0.000000000000000000 ) ) ;
#787 = CARTESIAN_POINT ( 'NONE',  ( 15.15000000000000213, -1.300000000000000711, 2.499999999999992450 ) ) ;
#788 = EDGE_LOOP ( 'NONE', ( #2014 ) ) ;
#789 = ORIENTED_EDGE ( 'NONE', *, *, #2530, .T. ) ;
#790 = PLANE ( 'NONE',  #2233 ) ;
#791 = VERTEX_POINT ( 'NONE', #3066 ) ;
#792 = EDGE_CURVE ( 'NONE', #643, #209, #1585, .T. ) ;
#793 = DIRECTION ( 'NONE',  ( -0.000000000000000000, 0.000000000000000000, -1.000000000000000000 ) ) ;
#794 = AXIS2_PLACEMENT_3D ( 'NONE', #1011, #2691, #1249 ) ;
#795 = ORIENTED_EDGE ( 'NONE', *, *, #3056, .F. ) ;
#796 = CARTESIAN_POINT ( 'NONE',  ( -13.04999999999999538, -2.000000000000000000, 7.499999999999996447 ) ) ;
#797 = LINE ( 'NONE', #670, #610 ) ;
#798 = FACE_OUTER_BOUND ( 'NONE', #2168, .T. ) ;
#799 = CARTESIAN_POINT ( 'NONE',  ( 15.00000000000000533, 0.000000000000000000, -7.499999999999996447 ) ) ;
#800 = VERTEX_POINT ( 'NONE', #1399 ) ;
#801 = EDGE_CURVE ( 'NONE', #1065, #697, #1432, .T. ) ;
#802 = LINE ( 'NONE', #486, #241 ) ;
#803 = ORIENTED_EDGE ( 'NONE', *, *, #2699, .F. ) ;
#804 = LINE ( 'NONE', #2908, #1419 ) ;
#805 = CIRCLE ( 'NONE', #2895, 0.5000000000000004441 ) ;
#806 = FACE_OUTER_BOUND ( 'NONE', #1400, .T. ) ;
#807 = EDGE_CURVE ( 'NONE', #2598, #540, #1666, .T. ) ;
#808 = AXIS2_PLACEMENT_3D ( 'NONE', #1219, #965, #1973 ) ;
#809 = DIRECTION ( 'NONE',  ( 0.000000000000000000, -1.517883041479706208E-15, -1.000000000000000000 ) ) ;
#810 = CARTESIAN_POINT ( 'NONE',  ( -10.04999999999999716, -1.300000000000000711, 7.600000000000001421 ) ) ;
#811 = CIRCLE ( 'NONE', #80, 1.649999999999995248 ) ;
#812 = ORIENTED_EDGE ( 'NONE', *, *, #734, .F. ) ;
#813 = CARTESIAN_POINT ( 'NONE',  ( -4.999999999999998224, -1.300000000000000711, -1.999999999999998224 ) ) ;
#814 = CARTESIAN_POINT ( 'NONE',  ( -15.00000000000000000, -2.000000000000000000, 9.149999999999996803 ) ) ;
#815 = VECTOR ( 'NONE', #2212, 1000.000000000000000 ) ;
#816 = ORIENTED_EDGE ( 'NONE', *, *, #1929, .T. ) ;
#817 = CARTESIAN_POINT ( 'NONE',  ( -4.749999999999999112, 18.40497317454278914, -0.9999999999999978906 ) ) ;
#818 = VECTOR ( 'NONE', #2027, 1000.000000000000000 ) ;
#819 = EDGE_CURVE ( 'NONE', #685, #1934, #3081, .T. ) ;
#820 = DIRECTION ( 'NONE',  ( -0.000000000000000000, -1.000000000000000000, -0.000000000000000000 ) ) ;
#821 = EDGE_LOOP ( 'NONE', ( #520, #328, #1035, #2203 ) ) ;
#822 = CARTESIAN_POINT ( 'NONE',  ( 15.00000000000000000, 0.000000000000000000, 5.549999999999997158 ) ) ;
#823 = DIRECTION ( 'NONE',  ( -1.445602896647339163E-16, 0.000000000000000000, 1.000000000000000000 ) ) ;
#824 = ORIENTED_EDGE ( 'NONE', *, *, #2948, .T. ) ;
#825 = ORIENTED_EDGE ( 'NONE', *, *, #2271, .F. ) ;
#826 = CARTESIAN_POINT ( 'NONE',  ( -10.04999999999999361, -1.300000000000000711, -2.499999999999988454 ) ) ;
#827 = CARTESIAN_POINT ( 'NONE',  ( -14.99999999999999822, -1.300000000000000711, 7.500000000000000000 ) ) ;
#828 = VERTEX_POINT ( 'NONE', #1197 ) ;
#829 = DIRECTION ( 'NONE',  ( 0.000000000000000000, -1.000000000000000000, 1.490777987167577471E-15 ) ) ;
#830 = SURFACE_STYLE_USAGE ( .BOTH. , #118 ) ;
#831 = VERTEX_POINT ( 'NONE', #1673 ) ;
#832 = EDGE_CURVE ( 'NONE', #266, #1934, #2928, .T. ) ;
#833 = AXIS2_PLACEMENT_3D ( 'NONE', #2155, #1689, #1924 ) ;
#834 = DIRECTION ( 'NONE',  ( 1.000000000000000000, -0.000000000000000000, -0.000000000000000000 ) ) ;
#835 = CARTESIAN_POINT ( 'NONE',  ( -1.250000000000000000, -0.6999999999999988454, 7.799999999999997158 ) ) ;
#836 = ORIENTED_EDGE ( 'NONE', *, *, #986, .F. ) ;
#837 = FACE_OUTER_BOUND ( 'NONE', #722, .T. ) ;
#838 = ORIENTED_EDGE ( 'NONE', *, *, #2462, .T. ) ;
#839 = LINE ( 'NONE', #1712, #1651 ) ;
#840 = FACE_OUTER_BOUND ( 'NONE', #2467, .T. ) ;
#841 = CARTESIAN_POINT ( 'NONE',  ( -16.15000000000000213, 0.000000000000000000, -5.549999999999992717 ) ) ;
#842 = CIRCLE ( 'NONE', #2587, 1.650000000000002132 ) ;
#843 = CARTESIAN_POINT ( 'NONE',  ( -13.04999999999999538, -2.000000000000000000, 7.499999999999996447 ) ) ;
#844 = VERTEX_POINT ( 'NONE', #1454 ) ;
#845 = ADVANCED_FACE ( 'NONE', ( #293 ), #228, .T. ) ;
#846 = EDGE_CURVE ( 'NONE', #2144, #365, #709, .T. ) ;
#847 = EDGE_CURVE ( 'NONE', #1740, #1940, #2413, .T. ) ;
#848 = ORIENTED_EDGE ( 'NONE', *, *, #564, .T. ) ;
#849 = ORIENTED_EDGE ( 'NONE', *, *, #1598, .F. ) ;
#850 = VECTOR ( 'NONE', #1472, 1000.000000000000000 ) ;
#851 = AXIS2_PLACEMENT_3D ( 'NONE', #1693, #1207, #7 ) ;
#852 = ORIENTED_EDGE ( 'NONE', *, *, #1469, .F. ) ;
#853 = VECTOR ( 'NONE', #2679, 1000.000000000000000 ) ;
#854 = CARTESIAN_POINT ( 'NONE',  ( -6.499999999999998224, -0.7000000000000186073, -5.999999999999999112 ) ) ;
#855 = DIRECTION ( 'NONE',  ( 0.000000000000000000, 1.000000000000000000, 0.000000000000000000 ) ) ;
#856 = DIRECTION ( 'NONE',  ( 0.000000000000000000, 1.000000000000000000, 0.000000000000000000 ) ) ;
#857 = EDGE_LOOP ( 'NONE', ( #2648, #1126, #1554, #1480 ) ) ;
#858 = CARTESIAN_POINT ( 'NONE',  ( 4.750000000000000888, 0.000000000000000000, 5.999999999999997335 ) ) ;
#859 = EDGE_LOOP ( 'NONE', ( #2045, #1333, #2825, #2065 ) ) ;
#860 = CARTESIAN_POINT ( 'NONE',  ( -16.64999999999999858, 0.000000000000000000, -7.499999999999992006 ) ) ;
#861 = ADVANCED_FACE ( 'NONE', ( #1888 ), #65, .F. ) ;
#862 = ORIENTED_EDGE ( 'NONE', *, *, #1062, .T. ) ;
#863 = ADVANCED_FACE ( 'NONE', ( #2030 ), #2552, .F. ) ;
#864 = DIRECTION ( 'NONE',  ( 0.000000000000000000, 0.000000000000000000, 1.000000000000000000 ) ) ;
#865 = DIRECTION ( 'NONE',  ( 0.000000000000000000, 1.000000000000000000, -0.000000000000000000 ) ) ;
#866 = VERTEX_POINT ( 'NONE', #942 ) ;
#867 = CARTESIAN_POINT ( 'NONE',  ( -14.99999999999999822, -2.000000000000000000, -5.549999999999992717 ) ) ;
#868 = ORIENTED_EDGE ( 'NONE', *, *, #632, .F. ) ;
#869 = CARTESIAN_POINT ( 'NONE',  ( 7.500000000000003553, -1.300000000000000711, -7.000000000000001776 ) ) ;
#870 = LINE ( 'NONE', #921, #235 ) ;
#871 = FACE_OUTER_BOUND ( 'NONE', #554, .T. ) ;
#872 = CARTESIAN_POINT ( 'NONE',  ( 12.54999999999999893, 0.000000000000000000, -8.650000000000002132 ) ) ;
#873 = ORIENTED_EDGE ( 'NONE', *, *, #402, .T. ) ;
#874 = FACE_OUTER_BOUND ( 'NONE', #992, .T. ) ;
#875 = DIRECTION ( 'NONE',  ( 0.7071067811865489050, 0.000000000000000000, 0.7071067811865462405 ) ) ;
#876 = ORIENTED_EDGE ( 'NONE', *, *, #480, .T. ) ;
#877 = DIRECTION ( 'NONE',  ( 0.000000000000000000, 0.000000000000000000, -1.000000000000000000 ) ) ;
#878 = EDGE_CURVE ( 'NONE', #540, #1629, #1319, .T. ) ;
#879 = FACE_OUTER_BOUND ( 'NONE', #1517, .T. ) ;
#880 = CIRCLE ( 'NONE', #1016, 3.000000000000000000 ) ;
#881 = ADVANCED_FACE ( 'NONE', ( #1928 ), #2771, .F. ) ;
#882 = LINE ( 'NONE', #2588, #1042 ) ;
#883 = CARTESIAN_POINT ( 'NONE',  ( -14.50000000000000533, -1.300000000000000711, -2.499999999999997780 ) ) ;
#884 = AXIS2_PLACEMENT_3D ( 'NONE', #2093, #626, #1639 ) ;
#885 = ORIENTED_EDGE ( 'NONE', *, *, #1549, .F. ) ;
#886 = PLANE ( 'NONE',  #1868 ) ;
#887 = DIRECTION ( 'NONE',  ( 0.000000000000000000, 0.000000000000000000, 1.000000000000000000 ) ) ;
#888 = LINE ( 'NONE', #2198, #2178 ) ;
#889 = ORIENTED_EDGE ( 'NONE', *, *, #2630, .F. ) ;
#890 = EDGE_CURVE ( 'NONE', #371, #2632, #140, .T. ) ;
#891 = EDGE_CURVE ( 'NONE', #2456, #1787, #28, .T. ) ;
#892 = PRODUCT_RELATED_PRODUCT_CATEGORY ( 'part', '', ( #1747 ) ) ;
#893 = EDGE_LOOP ( 'NONE', ( #2757, #1244, #1596, #528, #32, #677, #2542, #2143, #267, #2755, #1503, #2312 ) ) ;
#894 = PLANE ( 'NONE',  #1489 ) ;
#895 = ADVANCED_FACE ( 'NONE', ( #2591, #1278, #1080, #2295, #630 ), #3080, .T. ) ;
#896 = ORIENTED_EDGE ( 'NONE', *, *, #1631, .T. ) ;
#897 = VERTEX_POINT ( 'NONE', #3120 ) ;
#898 = VERTEX_POINT ( 'NONE', #1927 ) ;
#899 = ORIENTED_EDGE ( 'NONE', *, *, #1538, .T. ) ;
#900 = DIRECTION ( 'NONE',  ( 0.000000000000000000, -1.517883041479706602E-15, -1.000000000000000000 ) ) ;
#901 = DIRECTION ( 'NONE',  ( 0.000000000000000000, 0.000000000000000000, 1.000000000000000000 ) ) ;
#902 = EDGE_CURVE ( 'NONE', #2717, #506, #779, .T. ) ;
#903 = AXIS2_PLACEMENT_3D ( 'NONE', #2555, #2305, #2811 ) ;
#904 = CARTESIAN_POINT ( 'NONE',  ( -3.174999999999999822, 9.340770846134704541, 4.896318734786533533E-15 ) ) ;
#905 = DIRECTION ( 'NONE',  ( 0.000000000000000000, 1.000000000000000000, 0.000000000000000000 ) ) ;
#906 = VERTEX_POINT ( 'NONE', #918 ) ;
#907 = PLANE ( 'NONE',  #1290 ) ;
#908 = ORIENTED_EDGE ( 'NONE', *, *, #448, .T. ) ;
#909 = ADVANCED_FACE ( 'NONE', ( #2628, #3127 ), #746, .F. ) ;
#910 = AXIS2_PLACEMENT_3D ( 'NONE', #227, #758, #748 ) ;
#911 = CARTESIAN_POINT ( 'NONE',  ( 13.49322818559232751, -1.300000000000000711, 6.262204096263602082 ) ) ;
#912 = FACE_BOUND ( 'NONE', #2453, .T. ) ;
#913 = DIRECTION ( 'NONE',  ( -3.469446951953616161E-16, 0.000000000000000000, -1.000000000000000000 ) ) ;
#914 = EDGE_LOOP ( 'NONE', ( #639, #2602, #2884, #1095 ) ) ;
#915 = DIRECTION ( 'NONE',  ( -0.000000000000000000, -0.000000000000000000, -1.000000000000000000 ) ) ;
#916 = DIRECTION ( 'NONE',  ( 0.000000000000000000, 0.000000000000000000, -1.000000000000000000 ) ) ;
#917 = FACE_OUTER_BOUND ( 'NONE', #1374, .T. ) ;
#918 = CARTESIAN_POINT ( 'NONE',  ( -13.49322818559233639, -2.000000000000000000, -6.262204096263581654 ) ) ;
#919 = CARTESIAN_POINT ( 'NONE',  ( -13.49322818559233639, -3.100000000000000977, -6.262204096263582542 ) ) ;
#920 = LINE ( 'NONE', #869, #463 ) ;
#921 = CARTESIAN_POINT ( 'NONE',  ( 13.04999999999999893, 0.000000000000000000, -7.499999999999996447 ) ) ;
#922 = DIRECTION ( 'NONE',  ( -1.000000000000000000, 0.000000000000000000, 1.301042606982605567E-16 ) ) ;
#923 = EDGE_CURVE ( 'NONE', #2585, #2292, #1354, .T. ) ;
#924 = VECTOR ( 'NONE', #338, 1000.000000000000000 ) ;
#925 = VERTEX_POINT ( 'NONE', #712 ) ;
#926 = VERTEX_POINT ( 'NONE', #1665 ) ;
#927 = ORIENTED_EDGE ( 'NONE', *, *, #2340, .T. ) ;
#928 = AXIS2_PLACEMENT_3D ( 'NONE', #1367, #2095, #2117 ) ;
#929 = DIRECTION ( 'NONE',  ( 0.000000000000000000, 0.000000000000000000, -1.000000000000000000 ) ) ;
#930 = VECTOR ( 'NONE', #2371, 1000.000000000000000 ) ;
#931 = DIRECTION ( 'NONE',  ( -0.000000000000000000, -1.000000000000000000, -4.170008355713504268E-16 ) ) ;
#932 = ADVANCED_FACE ( 'NONE', ( #2331, #1009 ), #1674, .T. ) ;
#933 = CARTESIAN_POINT ( 'NONE',  ( 9.999999999999998224, -1.300000000000000711, -2.499999999999999112 ) ) ;
#934 = CARTESIAN_POINT ( 'NONE',  ( -9.999999999999998224, -1.300000000000000711, -6.999999999999999112 ) ) ;
#935 = ORIENTED_EDGE ( 'NONE', *, *, #2812, .T. ) ;
#936 = CYLINDRICAL_SURFACE ( 'NONE', #3015, 5.100000000000005862 ) ;
#937 = AXIS2_PLACEMENT_3D ( 'NONE', #2280, #137, #351 ) ;
#938 = CARTESIAN_POINT ( 'NONE',  ( 15.00000000000000000, -4.900000000000000355, 7.499999999999996447 ) ) ;
#939 = ORIENTED_EDGE ( 'NONE', *, *, #2904, .T. ) ;
#940 = DIRECTION ( 'NONE',  ( 0.000000000000000000, -1.000000000000000000, 0.000000000000000000 ) ) ;
#941 =( GEOMETRIC_REPRESENTATION_CONTEXT ( 3 ) GLOBAL_UNCERTAINTY_ASSIGNED_CONTEXT ( ( #240 ) ) GLOBAL_UNIT_ASSIGNED_CONTEXT ( ( #301, #2489, #2258 ) ) REPRESENTATION_CONTEXT ( 'NONE', 'WORKASPACE' ) );
#942 = CARTESIAN_POINT ( 'NONE',  ( 1.250000000000000000, -3.000000000000002220, 7.799999999999997158 ) ) ;
#943 = CARTESIAN_POINT ( 'NONE',  ( 13.77740966098108544, -3.100000000000000977, -5.980864435628728160 ) ) ;
#944 = EDGE_CURVE ( 'NONE', #2677, #2662, #2484, .T. ) ;
#945 = ORIENTED_EDGE ( 'NONE', *, *, #846, .F. ) ;
#946 = CARTESIAN_POINT ( 'NONE',  ( -3.750000000000000000, 18.40497317454278914, 5.999999999999998224 ) ) ;
#947 = CARTESIAN_POINT ( 'NONE',  ( 13.49322818559232751, -2.000000000000000000, -6.262204096263597641 ) ) ;
#948 = CARTESIAN_POINT ( 'NONE',  ( -4.750000000000000000, -4.900000000000000355, 5.999999999999998224 ) ) ;
#949 = ORIENTED_EDGE ( 'NONE', *, *, #1469, .T. ) ;
#950 = ORIENTED_EDGE ( 'NONE', *, *, #1899, .T. ) ;
#951 = DIRECTION ( 'NONE',  ( -0.000000000000000000, 1.000000000000000000, -0.000000000000000000 ) ) ;
#952 = DIRECTION ( 'NONE',  ( -0.000000000000000000, 1.000000000000000000, -0.000000000000000000 ) ) ;
#953 = EDGE_CURVE ( 'NONE', #2352, #654, #3043, .T. ) ;
#954 = LINE ( 'NONE', #180, #309 ) ;
#955 = VECTOR ( 'NONE', #1124, 1000.000000000000000 ) ;
#956 = ORIENTED_EDGE ( 'NONE', *, *, #1832, .F. ) ;
#957 = CIRCLE ( 'NONE', #132, 1.000000000000000000 ) ;
#958 = VERTEX_POINT ( 'NONE', #682 ) ;
#959 = VECTOR ( 'NONE', #1894, 1000.000000000000000 ) ;
#960 = AXIS2_PLACEMENT_3D ( 'NONE', #95, #2474, #1024 ) ;
#962 = DIRECTION ( 'NONE',  ( 4.625929269271487886E-16, 0.000000000000000000, 1.000000000000000000 ) ) ;
#961 = AXIS2_PLACEMENT_3D ( 'NONE', #2751, #3018, #1576 ) ;
#963 = VERTEX_POINT ( 'NONE', #2217 ) ;
#964 = CYLINDRICAL_SURFACE ( 'NONE', #2494, 4.500000000000002665 ) ;
#965 = DIRECTION ( 'NONE',  ( -0.000000000000000000, 1.000000000000000000, -0.000000000000000000 ) ) ;
#966 = DIRECTION ( 'NONE',  ( 6.938893903907224433E-16, 0.000000000000000000, 1.000000000000000000 ) ) ;
#967 = LINE ( 'NONE', #1191, #424 ) ;
#968 = VERTEX_POINT ( 'NONE', #1500 ) ;
#969 = CARTESIAN_POINT ( 'NONE',  ( -5.000000000000000000, 0.000000000000000000, -4.249999999999996447 ) ) ;
#970 = CARTESIAN_POINT ( 'NONE',  ( -9.999999999999998224, -1.300000000000000711, -6.999999999999999112 ) ) ;
#971 = EDGE_CURVE ( 'NONE', #597, #1685, #3007, .T. ) ;
#972 = FACE_OUTER_BOUND ( 'NONE', #495, .T. ) ;
#973 = ORIENTED_EDGE ( 'NONE', *, *, #2350, .F. ) ;
#974 = EDGE_CURVE ( 'NONE', #1787, #1180, #103, .T. ) ;
#975 = AXIS2_PLACEMENT_3D ( 'NONE', #2004, #2232, #299 ) ;
#976 = CARTESIAN_POINT ( 'NONE',  ( -9.999999999999998224, -4.900000000000000355, 6.999999999999999112 ) ) ;
#977 = PLANE ( 'NONE',  #544 ) ;
#978 = DIRECTION ( 'NONE',  ( 0.000000000000000000, 1.000000000000000000, 0.000000000000000000 ) ) ;
#979 = ORIENTED_EDGE ( 'NONE', *, *, #3054, .T. ) ;
#980 = DIRECTION ( 'NONE',  ( -1.858632295689435363E-16, 0.000000000000000000, 1.000000000000000000 ) ) ;
#981 = EDGE_LOOP ( 'NONE', ( #1082, #2150, #2451, #219, #1275, #400, #1748, #2247 ) ) ;
#982 = EDGE_LOOP ( 'NONE', ( #1979 ) ) ;
#983 = ORIENTED_EDGE ( 'NONE', *, *, #1099, .F. ) ;
#984 = ORIENTED_EDGE ( 'NONE', *, *, #148, .T. ) ;
#985 = DIRECTION ( 'NONE',  ( 0.000000000000000000, 0.000000000000000000, 1.000000000000000000 ) ) ;
#986 = EDGE_CURVE ( 'NONE', #1410, #2263, #673, .T. ) ;
#987 = CARTESIAN_POINT ( 'NONE',  ( 10.00000000000000178, -4.900000000000000355, 6.999999999999999112 ) ) ;
#988 = DIRECTION ( 'NONE',  ( 0.000000000000000000, -1.000000000000000000, 1.490777987167577471E-15 ) ) ;
#989 = DIRECTION ( 'NONE',  ( 0.000000000000000000, 1.000000000000000000, 0.000000000000000000 ) ) ;
#990 = ORIENTED_EDGE ( 'NONE', *, *, #2969, .T. ) ;
#991 = AXIS2_PLACEMENT_3D ( 'NONE', #826, #2525, #1078 ) ;
#992 = EDGE_LOOP ( 'NONE', ( #2559, #1217, #2367, #572, #2590, #159, #2368, #1831 ) ) ;
#993 = ORIENTED_EDGE ( 'NONE', *, *, #450, .T. ) ;
#994 = VECTOR ( 'NONE', #483, 1000.000000000000000 ) ;
#995 = CARTESIAN_POINT ( 'NONE',  ( -4.749999999999999112, 18.40497317454278914, -1.999999999999997780 ) ) ;
#996 = CARTESIAN_POINT ( 'NONE',  ( 15.00000000000000533, -1.300000000000000711, -7.499999999999996447 ) ) ;
#997 = ORIENTED_EDGE ( 'NONE', *, *, #2355, .T. ) ;
#998 = CYLINDRICAL_SURFACE ( 'NONE', #2829, 1.650000000000002132 ) ;
#999 = VECTOR ( 'NONE', #2226, 1000.000000000000000 ) ;
#1000 = DIRECTION ( 'NONE',  ( -0.000000000000000000, -1.000000000000000000, -0.000000000000000000 ) ) ;
#1001 = VECTOR ( 'NONE', #359, 1000.000000000000000 ) ;
#1002 = EDGE_CURVE ( 'NONE', #1785, #608, #2518, .T. ) ;
#1003 = ORIENTED_EDGE ( 'NONE', *, *, #2645, .F. ) ;
#1004 = CARTESIAN_POINT ( 'NONE',  ( 3.174999999999999378, -0.7000000000000095035, -1.999999999999998224 ) ) ;
#1005 = ORIENTED_EDGE ( 'NONE', *, *, #1775, .F. ) ;
#1006 = DIRECTION ( 'NONE',  ( 0.000000000000000000, 0.000000000000000000, 1.000000000000000000 ) ) ;
#1007 = ORIENTED_EDGE ( 'NONE', *, *, #1897, .F. ) ;
#1008 = CARTESIAN_POINT ( 'NONE',  ( 15.00000000000000533, -2.000000000000000000, -7.499999999999996447 ) ) ;
#1009 = FACE_BOUND ( 'NONE', #2913, .T. ) ;
#1010 = CARTESIAN_POINT ( 'NONE',  ( 15.00000000000000000, -2.000000000000000000, -5.549999999999997158 ) ) ;
#1011 = CARTESIAN_POINT ( 'NONE',  ( 10.05000000000000071, -2.000000000000000000, 2.499999999999998668 ) ) ;
#1012 = ORIENTED_EDGE ( 'NONE', *, *, #2271, .T. ) ;
#1013 = VECTOR ( 'NONE', #447, 1000.000000000000000 ) ;
#1014 = ORIENTED_EDGE ( 'NONE', *, *, #2044, .F. ) ;
#1015 = EDGE_CURVE ( 'NONE', #1122, #2281, #2452, .T. ) ;
#1016 = AXIS2_PLACEMENT_3D ( 'NONE', #2729, #1566, #1331 ) ;
#1017 = EDGE_CURVE ( 'NONE', #2131, #215, #511, .T. ) ;
#1018 = DIRECTION ( 'NONE',  ( -1.000000000000000000, 0.000000000000000000, -6.195440985631451620E-17 ) ) ;
#1019 = CARTESIAN_POINT ( 'NONE',  ( 13.04999999999999893, -2.000000000000000000, -8.650000000000002132 ) ) ;
#1020 = DIRECTION ( 'NONE',  ( 0.000000000000000000, -0.000000000000000000, 1.000000000000000000 ) ) ;
#1021 = CARTESIAN_POINT ( 'NONE',  ( 15.00000000000000000, -4.900000000000000355, 8.549999999999995381 ) ) ;
#1022 = EDGE_LOOP ( 'NONE', ( #765, #2025, #2579, #126, #2752, #182, #2977, #2524, #1857, #2787 ) ) ;
#1023 = AXIS2_PLACEMENT_3D ( 'NONE', #1946, #1226, #1701 ) ;
#1024 = DIRECTION ( 'NONE',  ( 0.000000000000000000, 0.000000000000000000, -1.000000000000000000 ) ) ;
#1025 = CARTESIAN_POINT ( 'NONE',  ( -9.999999999999998224, 0.000000000000000000, -2.499999999999999556 ) ) ;
#1026 = CARTESIAN_POINT ( 'NONE',  ( 16.64999999999999858, -4.900000000000000355, -7.499999999999996447 ) ) ;
#1027 = CARTESIAN_POINT ( 'NONE',  ( 13.04999999999999893, -2.000000000000000000, -8.650000000000002132 ) ) ;
#1028 = ORIENTED_EDGE ( 'NONE', *, *, #1875, .T. ) ;
#1029 = VECTOR ( 'NONE', #786, 1000.000000000000000 ) ;
#1030 = CIRCLE ( 'NONE', #176, 1.950000000000002176 ) ;
#1031 = LINE ( 'NONE', #635, #378 ) ;
#1032 = VERTEX_POINT ( 'NONE', #753 ) ;
#1033 = AXIS2_PLACEMENT_3D ( 'NONE', #512, #723, #34 ) ;
#1034 = PRESENTATION_STYLE_ASSIGNMENT (( #2976 ) ) ;
#1035 = ORIENTED_EDGE ( 'NONE', *, *, #414, .F. ) ;
#1036 = VECTOR ( 'NONE', #156, 1000.000000000000000 ) ;
#1037 = DIRECTION ( 'NONE',  ( 4.956352788505159323E-16, 0.000000000000000000, -1.000000000000000000 ) ) ;
#1038 = LINE ( 'NONE', #1734, #1532 ) ;
#1039 = CARTESIAN_POINT ( 'NONE',  ( 15.00000000000000000, -4.900000000000000355, 7.499999999999996447 ) ) ;
#1040 = VECTOR ( 'NONE', #661, 1000.000000000000000 ) ;
#1041 = DIRECTION ( 'NONE',  ( -1.000000000000000000, -0.000000000000000000, -1.858632295689435363E-16 ) ) ;
#1042 = VECTOR ( 'NONE', #2362, 1000.000000000000000 ) ;
#1043 = ORIENTED_EDGE ( 'NONE', *, *, #277, .F. ) ;
#1044 = VECTOR ( 'NONE', #782, 1000.000000000000000 ) ;
#1045 = EDGE_CURVE ( 'NONE', #1940, #506, #1850, .T. ) ;
#1046 = ORIENTED_EDGE ( 'NONE', *, *, #1130, .F. ) ;
#1047 = CARTESIAN_POINT ( 'NONE',  ( 10.05000000000000071, -2.000000000000000000, -2.499999999999998668 ) ) ;
#1048 = CARTESIAN_POINT ( 'NONE',  ( -5.000000000000000000, -0.7000000000000166089, -3.499999999999998224 ) ) ;
#1049 = VERTEX_POINT ( 'NONE', #2678 ) ;
#1050 = DIRECTION ( 'NONE',  ( -1.000000000000000000, -0.000000000000000000, 1.156482317317871478E-16 ) ) ;
#1051 = ORIENTED_EDGE ( 'NONE', *, *, #1421, .F. ) ;
#1052 = CARTESIAN_POINT ( 'NONE',  ( -4.750000000000000000, -1.300000000000000711, 5.999999999999998224 ) ) ;
#1053 = VERTEX_POINT ( 'NONE', #2189 ) ;
#1054 = EDGE_CURVE ( 'NONE', #926, #1676, #212, .T. ) ;
#1055 = ORIENTED_EDGE ( 'NONE', *, *, #218, .T. ) ;
#1056 = EDGE_CURVE ( 'NONE', #239, #1772, #1156, .T. ) ;
#1057 = DIRECTION ( 'NONE',  ( -1.156482317317870660E-14, 0.000000000000000000, -1.000000000000000000 ) ) ;
#1058 = ORIENTED_EDGE ( 'NONE', *, *, #2601, .T. ) ;
#1059 = DIRECTION ( 'NONE',  ( 0.000000000000000000, 1.000000000000000000, 0.000000000000000000 ) ) ;
#1060 = LINE ( 'NONE', #2412, #51 ) ;
#1061 = CARTESIAN_POINT ( 'NONE',  ( 7.500000000000003553, -1.300000000000000711, -6.000000000000001776 ) ) ;
#1062 = EDGE_CURVE ( 'NONE', #1699, #1397, #472, .T. ) ;
#1063 = ORIENTED_EDGE ( 'NONE', *, *, #564, .F. ) ;
#1064 = FACE_OUTER_BOUND ( 'NONE', #1889, .T. ) ;
#1065 = VERTEX_POINT ( 'NONE', #2448 ) ;
#1066 = LINE ( 'NONE', #2256, #1186 ) ;
#1067 = FACE_OUTER_BOUND ( 'NONE', #587, .T. ) ;
#1068 = ADVANCED_FACE ( 'NONE', ( #972 ), #2171, .F. ) ;
#1069 = EDGE_CURVE ( 'NONE', #428, #1104, #2886, .T. ) ;
#1070 = AXIS2_PLACEMENT_3D ( 'NONE', #1039, #1263, #1006 ) ;
#1071 = CARTESIAN_POINT ( 'NONE',  ( 12.54999999999999893, -2.000000000000000000, -9.150000000000002132 ) ) ;
#1072 =( NAMED_UNIT ( * ) SI_UNIT ( $, .STERADIAN. ) SOLID_ANGLE_UNIT ( ) );
#1073 = CYLINDRICAL_SURFACE ( 'NONE', #928, 0.7499999999999993339 ) ;
#1074 = ORIENTED_EDGE ( 'NONE', *, *, #923, .T. ) ;
#1075 = AXIS2_PLACEMENT_3D ( 'NONE', #1638, #1650, #1277 ) ;
#1076 = ORIENTED_EDGE ( 'NONE', *, *, #3123, .T. ) ;
#1077 = EDGE_LOOP ( 'NONE', ( #993, #1341, #179, #1360 ) ) ;
#1078 = DIRECTION ( 'NONE',  ( 0.000000000000000000, 0.000000000000000000, -1.000000000000000000 ) ) ;
#1079 = CARTESIAN_POINT ( 'NONE',  ( 13.05000000000000071, -2.000000000000000000, 7.499999999999996447 ) ) ;
#1080 = FACE_BOUND ( 'NONE', #357, .T. ) ;
#1081 = EDGE_CURVE ( 'NONE', #2377, #958, #888, .T. ) ;
#1082 = ORIENTED_EDGE ( 'NONE', *, *, #117, .F. ) ;
#1083 = SURFACE_STYLE_FILL_AREA ( #586 ) ;
#1084 = ORIENTED_EDGE ( 'NONE', *, *, #397, .F. ) ;
#1085 = DIRECTION ( 'NONE',  ( 0.000000000000000000, 1.000000000000000000, 0.000000000000000000 ) ) ;
#1086 = ORIENTED_EDGE ( 'NONE', *, *, #2228, .F. ) ;
#1087 = ORIENTED_EDGE ( 'NONE', *, *, #1724, .F. ) ;
#1088 = AXIS2_PLACEMENT_3D ( 'NONE', #756, #60, #1730 ) ;
#1089 = EDGE_LOOP ( 'NONE', ( #460 ) ) ;
#1090 = DIRECTION ( 'NONE',  ( 0.000000000000000000, 0.000000000000000000, -1.000000000000000000 ) ) ;
#1091 = AXIS2_PLACEMENT_3D ( 'NONE', #1968, #1216, #726 ) ;
#1092 = CARTESIAN_POINT ( 'NONE',  ( 13.04999999999999893, 0.000000000000000000, -7.499999999999996447 ) ) ;
#1093 = DIRECTION ( 'NONE',  ( 0.000000000000000000, 0.000000000000000000, -1.000000000000000000 ) ) ;
#1094 = AXIS2_PLACEMENT_3D ( 'NONE', #1595, #139, #1838 ) ;
#1095 = ORIENTED_EDGE ( 'NONE', *, *, #2682, .F. ) ;
#1096 = CARTESIAN_POINT ( 'NONE',  ( 3.750000000000000444, 18.40497317454278914, -0.9999999999999967804 ) ) ;
#1097 = DIRECTION ( 'NONE',  ( 0.000000000000000000, -1.000000000000000000, 0.000000000000000000 ) ) ;
#1098 = VERTEX_POINT ( 'NONE', #2885 ) ;
#1099 = EDGE_CURVE ( 'NONE', #2585, #239, #1544, .T. ) ;
#1100 = DIRECTION ( 'NONE',  ( 0.000000000000000000, 0.000000000000000000, -1.000000000000000000 ) ) ;
#1101 = FACE_OUTER_BOUND ( 'NONE', #2164, .T. ) ;
#1102 = VECTOR ( 'NONE', #719, 1000.000000000000000 ) ;
#1103 = ADVANCED_FACE ( 'NONE', ( #321 ), #2427, .F. ) ;
#1104 = VERTEX_POINT ( 'NONE', #1004 ) ;
#1105 = DIRECTION ( 'NONE',  ( 0.000000000000000000, 1.000000000000000000, 0.000000000000000000 ) ) ;
#1106 = ORIENTED_EDGE ( 'NONE', *, *, #3054, .F. ) ;
#1107 = VECTOR ( 'NONE', #1797, 1000.000000000000000 ) ;
#1108 = CIRCLE ( 'NONE', #1632, 1.950000000000001288 ) ;
#1109 = DIRECTION ( 'NONE',  ( -1.000000000000000000, -1.315238434486483825E-31, 3.154042683594195121E-16 ) ) ;
#1110 = DIRECTION ( 'NONE',  ( -0.000000000000000000, 1.000000000000000000, -0.000000000000000000 ) ) ;
#1111 = VECTOR ( 'NONE', #733, 1000.000000000000000 ) ;
#1112 = EDGE_CURVE ( 'NONE', #215, #643, #2805, .T. ) ;
#1113 = ORIENTED_EDGE ( 'NONE', *, *, #620, .T. ) ;
#1114 = DIRECTION ( 'NONE',  ( -1.000000000000000000, 0.000000000000000000, 7.542275982507857147E-16 ) ) ;
#1115 = VECTOR ( 'NONE', #2385, 1000.000000000000000 ) ;
#1116 = AXIS2_PLACEMENT_3D ( 'NONE', #1052, #339, #330 ) ;
#1117 = AXIS2_PLACEMENT_3D ( 'NONE', #2296, #1085, #1586 ) ;
#1118 = LINE ( 'NONE', #796, #2378 ) ;
#1119 = DIRECTION ( 'NONE',  ( 8.673617379884035472E-16, 0.000000000000000000, -1.000000000000000000 ) ) ;
#1120 = ADVANCED_FACE ( 'NONE', ( #391 ), #531, .F. ) ;
#1121 = DIRECTION ( 'NONE',  ( 0.000000000000000000, 0.000000000000000000, 1.000000000000000000 ) ) ;
#1122 = VERTEX_POINT ( 'NONE', #2416 ) ;
#1123 = ORIENTED_EDGE ( 'NONE', *, *, #3086, .T. ) ;
#1124 = DIRECTION ( 'NONE',  ( 1.000000000000000000, 0.000000000000000000, 1.156482317317871478E-16 ) ) ;
#1125 = EDGE_CURVE ( 'NONE', #2199, #1746, #254, .T. ) ;
#1126 = ORIENTED_EDGE ( 'NONE', *, *, #1496, .F. ) ;
#1127 = CARTESIAN_POINT ( 'NONE',  ( -9.999999999999998224, -1.300000000000000711, -6.999999999999999112 ) ) ;
#1128 = CARTESIAN_POINT ( 'NONE',  ( -16.65000000000000213, -4.900000000000000355, -7.499999999999992895 ) ) ;
#1129 = ORIENTED_EDGE ( 'NONE', *, *, #2298, .T. ) ;
#1130 = EDGE_CURVE ( 'NONE', #1787, #2759, #1702, .T. ) ;
#1131 = AXIS2_PLACEMENT_3D ( 'NONE', #2855, #1918, #1893 ) ;
#1132 = ADVANCED_FACE ( 'NONE', ( #2257 ), #936, .F. ) ;
#1133 = ORIENTED_EDGE ( 'NONE', *, *, #1344, .F. ) ;
#1134 = DIRECTION ( 'NONE',  ( 0.000000000000000000, 0.000000000000000000, -1.000000000000000000 ) ) ;
#1135 = LINE ( 'NONE', #2370, #3061 ) ;
#1136 = LINE ( 'NONE', #1959, #1102 ) ;
#1137 = CARTESIAN_POINT ( 'NONE',  ( 15.15000000000000213, -1.300000000000000711, 2.499999999999992450 ) ) ;
#1138 = CARTESIAN_POINT ( 'NONE',  ( -3.749999999999998668, -0.7000000000000119460, -0.9999999999999976685 ) ) ;
#1139 = ORIENTED_EDGE ( 'NONE', *, *, #387, .T. ) ;
#1140 = DIRECTION ( 'NONE',  ( -0.000000000000000000, 1.000000000000000000, -1.490777987167577471E-15 ) ) ;
#1141 = EDGE_CURVE ( 'NONE', #1187, #828, #1622, .T. ) ;
#1142 = VECTOR ( 'NONE', #951, 1000.000000000000000 ) ;
#1143 = VECTOR ( 'NONE', #1376, 1000.000000000000000 ) ;
#1144 = VECTOR ( 'NONE', #2669, 1000.000000000000000 ) ;
#1145 = DIRECTION ( 'NONE',  ( 0.000000000000000000, 1.000000000000000000, 0.000000000000000000 ) ) ;
#1146 = AXIS2_PLACEMENT_3D ( 'NONE', #904, #1109, #3052 ) ;
#1147 = DIRECTION ( 'NONE',  ( 0.000000000000000000, 1.000000000000000000, 0.000000000000000000 ) ) ;
#1148 = CARTESIAN_POINT ( 'NONE',  ( 14.50000000000000533, -1.300000000000000711, -2.500000000000001332 ) ) ;
#1149 = VERTEX_POINT ( 'NONE', #2486 ) ;
#1150 = ADVANCED_FACE ( 'NONE', ( #2099 ), #1391, .T. ) ;
#1151 = DIRECTION ( 'NONE',  ( -0.000000000000000000, 1.000000000000000000, -0.000000000000000000 ) ) ;
#1152 = DIRECTION ( 'NONE',  ( 0.000000000000000000, 1.000000000000000000, 0.000000000000000000 ) ) ;
#1153 = VERTEX_POINT ( 'NONE', #57 ) ;
#1154 = VERTEX_POINT ( 'NONE', #2223 ) ;
#1155 = CARTESIAN_POINT ( 'NONE',  ( 3.750000000000000444, 0.000000000000000000, -0.07386397157415833248 ) ) ;
#1156 = LINE ( 'NONE', #976, #2064 ) ;
#1157 = PLANE ( 'NONE',  #2049 ) ;
#1158 = EDGE_LOOP ( 'NONE', ( #1 ) ) ;
#1159 = PRODUCT_DEFINITION_CONTEXT ( 'detailed design', #1535, 'design' ) ;
#1160 = EDGE_CURVE ( 'NONE', #1909, #33, #551, .T. ) ;
#1161 = CARTESIAN_POINT ( 'NONE',  ( -15.00000000000000178, -1.300000000000000711, -7.499999999999992895 ) ) ;
#1162 = AXIS2_PLACEMENT_3D ( 'NONE', #2953, #2039, #1519 ) ;
#1163 = CARTESIAN_POINT ( 'NONE',  ( 12.54999999999999893, -2.000000000000000000, -9.150000000000002132 ) ) ;
#1164 = ORIENTED_EDGE ( 'NONE', *, *, #1344, .T. ) ;
#1165 = DIRECTION ( 'NONE',  ( 0.000000000000000000, 0.000000000000000000, -1.000000000000000000 ) ) ;
#1166 = ORIENTED_EDGE ( 'NONE', *, *, #1017, .F. ) ;
#1167 = CARTESIAN_POINT ( 'NONE',  ( 13.04999999999999893, 0.000000000000000000, 8.649999999999996803 ) ) ;
#1168 = CARTESIAN_POINT ( 'NONE',  ( 15.00000000000000000, -2.000000000000000000, 5.549999999999997158 ) ) ;
#1169 = ORIENTED_EDGE ( 'NONE', *, *, #83, .T. ) ;
#1170 = CARTESIAN_POINT ( 'NONE',  ( -9.999999999999998224, 0.000000000000000000, 6.999999999999999112 ) ) ;
#1171 = ADVANCED_FACE ( 'NONE', ( #2394 ), #2711, .F. ) ;
#1172 = ORIENTED_EDGE ( 'NONE', *, *, #1791, .T. ) ;
#1173 = DIRECTION ( 'NONE',  ( 0.000000000000000000, -1.000000000000000000, 0.000000000000000000 ) ) ;
#1174 = EDGE_CURVE ( 'NONE', #2278, #2520, #2415, .T. ) ;
#1175 = AXIS2_PLACEMENT_3D ( 'NONE', #1342, #3000, #3012 ) ;
#1176 = EDGE_CURVE ( 'NONE', #1098, #2527, #2798, .T. ) ;
#1177 = CARTESIAN_POINT ( 'NONE',  ( -10.04999999999999716, -1.300000000000000711, 7.600000000000001421 ) ) ;
#1178 = DIRECTION ( 'NONE',  ( 1.000000000000000000, 0.000000000000000000, 1.156482317317871478E-16 ) ) ;
#1179 = ORIENTED_EDGE ( 'NONE', *, *, #2727, .T. ) ;
#1180 = VERTEX_POINT ( 'NONE', #2647 ) ;
#1181 = AXIS2_PLACEMENT_3D ( 'NONE', #1879, #3076, #1911 ) ;
#1182 = DIRECTION ( 'NONE',  ( 0.000000000000000000, 0.000000000000000000, 1.000000000000000000 ) ) ;
#1183 = VECTOR ( 'NONE', #1824, 1000.000000000000000 ) ;
#1184 = FACE_OUTER_BOUND ( 'NONE', #2514, .T. ) ;
#1185 = ORIENTED_EDGE ( 'NONE', *, *, #1347, .T. ) ;
#1186 = VECTOR ( 'NONE', #2725, 1000.000000000000000 ) ;
#1187 = VERTEX_POINT ( 'NONE', #2883 ) ;
#1188 = DIRECTION ( 'NONE',  ( 0.000000000000000000, 0.000000000000000000, -1.000000000000000000 ) ) ;
#1189 = DIRECTION ( 'NONE',  ( 0.000000000000000000, 1.000000000000000000, 0.000000000000000000 ) ) ;
#1190 = LINE ( 'NONE', #822, #1143 ) ;
#1191 = CARTESIAN_POINT ( 'NONE',  ( -16.64999999999999147, -2.000000000000000000, 7.500000000000000888 ) ) ;
#1192 = CYLINDRICAL_SURFACE ( 'NONE', #257, 0.9999999999999997780 ) ;
#1193 = FACE_OUTER_BOUND ( 'NONE', #2806, .T. ) ;
#1194 = CARTESIAN_POINT ( 'NONE',  ( -3.749999999999998668, -1.300000000000000711, -6.969871108835381562E-16 ) ) ;
#1195 = CARTESIAN_POINT ( 'NONE',  ( 13.05000000000000071, -2.000000000000000000, 7.499999999999996447 ) ) ;
#1196 = CIRCLE ( 'NONE', #2062, 0.4999999999999987232 ) ;
#1197 = CARTESIAN_POINT ( 'NONE',  ( 3.750000000000000444, -1.300000000000000711, -0.9999999999999967804 ) ) ;
#1198 = EDGE_LOOP ( 'NONE', ( #508, #2813, #2535, #2070, #8, #2483, #87, #1570, #2963, #1317, #382, #2516, #2245, #2522, #1084, #1741, #2384, #2224, #1209, #342 ) ) ;
#1199 = AXIS2_PLACEMENT_3D ( 'NONE', #1696, #489, #2667 ) ;
#1200 = CARTESIAN_POINT ( 'NONE',  ( -10.04999999999999361, -1.300000000000000711, -2.499999999999988454 ) ) ;
#1201 = VECTOR ( 'NONE', #2439, 1000.000000000000000 ) ;
#1202 = CARTESIAN_POINT ( 'NONE',  ( -10.04999999999999538, -4.900000000000000355, -7.600000000000004086 ) ) ;
#1203 = DIRECTION ( 'NONE',  ( -1.927470528863116583E-15, 0.000000000000000000, -1.000000000000000000 ) ) ;
#1204 = VECTOR ( 'NONE', #1539, 1000.000000000000000 ) ;
#1205 = CARTESIAN_POINT ( 'NONE',  ( -13.04999999999999538, -2.000000000000000000, 7.499999999999996447 ) ) ;
#1206 = VERTEX_POINT ( 'NONE', #2165 ) ;
#1207 = DIRECTION ( 'NONE',  ( -0.000000000000000000, 1.000000000000000000, -0.000000000000000000 ) ) ;
#1208 = ORIENTED_EDGE ( 'NONE', *, *, #1908, .T. ) ;
#1209 = ORIENTED_EDGE ( 'NONE', *, *, #1015, .F. ) ;
#1210 = CARTESIAN_POINT ( 'NONE',  ( -15.14999999999999858, -4.900000000000000355, -2.499999999999988454 ) ) ;
#1211 = DIRECTION ( 'NONE',  ( 0.000000000000000000, 0.000000000000000000, 1.000000000000000000 ) ) ;
#1212 = EDGE_CURVE ( 'NONE', #2270, #1969, #2094, .T. ) ;
#1213 = ORIENTED_EDGE ( 'NONE', *, *, #268, .T. ) ;
#1214 = CARTESIAN_POINT ( 'NONE',  ( -3.337499999999992806, 0.000000000000000000, 3.337500000000009681 ) ) ;
#1215 = CARTESIAN_POINT ( 'NONE',  ( 6.500000000000000000, -0.7000000000000166089, -3.499999999999993783 ) ) ;
#1216 = DIRECTION ( 'NONE',  ( -1.000000000000000000, 0.000000000000000000, -0.000000000000000000 ) ) ;
#1217 = ORIENTED_EDGE ( 'NONE', *, *, #2965, .F. ) ;
#1218 = AXIS2_PLACEMENT_3D ( 'NONE', #1557, #102, #2276 ) ;
#1219 = CARTESIAN_POINT ( 'NONE',  ( -9.999999999999998224, -1.300000000000000711, 2.499999999999999556 ) ) ;
#1220 = ORIENTED_EDGE ( 'NONE', *, *, #847, .T. ) ;
#1221 = CIRCLE ( 'NONE', #614, 1.950000000000002176 ) ;
#1222 = CARTESIAN_POINT ( 'NONE',  ( 9.999999999999998224, -4.900000000000000355, -2.499999999999999112 ) ) ;
#1223 = DIRECTION ( 'NONE',  ( -0.000000000000000000, -1.000000000000000000, -4.170008355713504268E-16 ) ) ;
#1224 = EDGE_CURVE ( 'NONE', #2632, #1410, #2544, .T. ) ;
#1225 = VECTOR ( 'NONE', #1390, 1000.000000000000000 ) ;
#1226 = DIRECTION ( 'NONE',  ( -0.000000000000000000, -1.000000000000000000, -0.000000000000000000 ) ) ;
#1227 = ORIENTED_EDGE ( 'NONE', *, *, #131, .T. ) ;
#1228 = VECTOR ( 'NONE', #966, 1000.000000000000000 ) ;
#1229 = AXIS2_PLACEMENT_3D ( 'NONE', #2942, #1996, #535 ) ;
#1230 = VECTOR ( 'NONE', #2712, 1000.000000000000000 ) ;
#1231 = CIRCLE ( 'NONE', #752, 0.5000000000000004441 ) ;
#1232 = CARTESIAN_POINT ( 'NONE',  ( -1.250000000000000000, 8.572527594031470232E-16, 1.049831847863299669E-31 ) ) ;
#1233 = LINE ( 'NONE', #2458, #735 ) ;
#1234 = CARTESIAN_POINT ( 'NONE',  ( 15.00000000000000533, -2.000000000000000000, -7.499999999999996447 ) ) ;
#1235 = VERTEX_POINT ( 'NONE', #835 ) ;
#1236 = PLANE ( 'NONE',  #1883 ) ;
#1237 = DIRECTION ( 'NONE',  ( 0.000000000000000000, -6.505213034913263262E-15, 1.000000000000000000 ) ) ;
#1238 = EDGE_CURVE ( 'NONE', #1235, #431, #2290, .T. ) ;
#1239 = ORIENTED_EDGE ( 'NONE', *, *, #2306, .F. ) ;
#1240 = ORIENTED_EDGE ( 'NONE', *, *, #2756, .T. ) ;
#1241 = VECTOR ( 'NONE', #1682, 1000.000000000000000 ) ;
#1242 = EDGE_CURVE ( 'NONE', #224, #1122, #1348, .T. ) ;
#1243 = AXIS2_PLACEMENT_3D ( 'NONE', #2807, #1308, #77 ) ;
#1244 = ORIENTED_EDGE ( 'NONE', *, *, #2745, .T. ) ;
#1245 = CARTESIAN_POINT ( 'NONE',  ( 1.249999999999999334, -3.000000000000000888, 7.600000000000005862 ) ) ;
#1246 = CARTESIAN_POINT ( 'NONE',  ( -14.50000000000000178, -1.300000000000000711, 2.500000000000004885 ) ) ;
#1247 = ORIENTED_EDGE ( 'NONE', *, *, #740, .T. ) ;
#1248 = DIRECTION ( 'NONE',  ( -0.000000000000000000, 1.000000000000000000, -0.000000000000000000 ) ) ;
#1249 = DIRECTION ( 'NONE',  ( 0.000000000000000000, 0.000000000000000000, 1.000000000000000000 ) ) ;
#1250 = EDGE_LOOP ( 'NONE', ( #2834, #45, #1281, #1213 ) ) ;
#1251 = ORIENTED_EDGE ( 'NONE', *, *, #3064, .F. ) ;
#1252 = ORIENTED_EDGE ( 'NONE', *, *, #1864, .T. ) ;
#1253 = CARTESIAN_POINT ( 'NONE',  ( -16.65000000000000213, -4.900000000000000355, -7.499999999999992895 ) ) ;
#1254 = DIRECTION ( 'NONE',  ( 0.000000000000000000, -0.000000000000000000, 1.000000000000000000 ) ) ;
#1255 = CARTESIAN_POINT ( 'NONE',  ( -14.99999999999999645, -2.000000000000000000, 8.550000000000000711 ) ) ;
#1256 = ORIENTED_EDGE ( 'NONE', *, *, #2643, .T. ) ;
#1257 = AXIS2_PLACEMENT_3D ( 'NONE', #1234, #978, #1020 ) ;
#1258 = EDGE_LOOP ( 'NONE', ( #1591, #2515, #1227, #1404 ) ) ;
#1259 = CARTESIAN_POINT ( 'NONE',  ( 10.05000000000000071, -1.300000000000000711, 2.499999999999998668 ) ) ;
#1260 = VECTOR ( 'NONE', #1589, 1000.000000000000000 ) ;
#1261 = VECTOR ( 'NONE', #1479, 1000.000000000000000 ) ;
#1262 = AXIS2_PLACEMENT_3D ( 'NONE', #2431, #738, #2902 ) ;
#1263 = DIRECTION ( 'NONE',  ( 0.000000000000000000, 1.000000000000000000, 0.000000000000000000 ) ) ;
#1264 = ORIENTED_EDGE ( 'NONE', *, *, #3086, .F. ) ;
#1265 = CIRCLE ( 'NONE', #2998, 1.049999999999998934 ) ;
#1266 = ORIENTED_EDGE ( 'NONE', *, *, #364, .F. ) ;
#1267 = LINE ( 'NONE', #2264, #2473 ) ;
#1268 = VECTOR ( 'NONE', #2911, 1000.000000000000000 ) ;
#1269 = LINE ( 'NONE', #987, #2055 ) ;
#1270 = EDGE_CURVE ( 'NONE', #1772, #2270, #1768, .T. ) ;
#1271 = AXIS2_PLACEMENT_3D ( 'NONE', #2244, #2983, #110 ) ;
#1272 = EDGE_CURVE ( 'NONE', #2186, #1782, #1463, .T. ) ;
#1273 = VECTOR ( 'NONE', #1151, 1000.000000000000000 ) ;
#1274 = CARTESIAN_POINT ( 'NONE',  ( -13.04999999999999538, -2.000000000000000000, 8.649999999999996803 ) ) ;
#1275 = ORIENTED_EDGE ( 'NONE', *, *, #2631, .F. ) ;
#1276 = DIRECTION ( 'NONE',  ( 1.000000000000000000, 0.000000000000000000, -0.000000000000000000 ) ) ;
#1277 = DIRECTION ( 'NONE',  ( 0.000000000000000000, 0.000000000000000000, 1.000000000000000000 ) ) ;
#1278 = FACE_BOUND ( 'NONE', #141, .T. ) ;
#1279 = LINE ( 'NONE', #2460, #853 ) ;
#1280 = CARTESIAN_POINT ( 'NONE',  ( 13.05000000000000071, -2.000000000000000000, 7.499999999999996447 ) ) ;
#1281 = ORIENTED_EDGE ( 'NONE', *, *, #2860, .T. ) ;
#1282 = EDGE_CURVE ( 'NONE', #2263, #1749, #2765, .T. ) ;
#1283 = DIRECTION ( 'NONE',  ( -0.000000000000000000, -1.000000000000000000, -0.000000000000000000 ) ) ;
#1284 = ORIENTED_EDGE ( 'NONE', *, *, #1329, .F. ) ;
#1285 = DIRECTION ( 'NONE',  ( -0.000000000000000000, 1.000000000000000000, -0.000000000000000000 ) ) ;
#1286 = DIRECTION ( 'NONE',  ( 0.000000000000000000, -1.000000000000000000, 1.490777987167577471E-15 ) ) ;
#1287 = ORIENTED_EDGE ( 'NONE', *, *, #2104, .T. ) ;
#1288 = ORIENTED_EDGE ( 'NONE', *, *, #2571, .T. ) ;
#1289 = AXIS2_PLACEMENT_3D ( 'NONE', #147, #2078, #2548 ) ;
#1290 = AXIS2_PLACEMENT_3D ( 'NONE', #1901, #445, #1178 ) ;
#1291 = ORIENTED_EDGE ( 'NONE', *, *, #579, .F. ) ;
#1292 = CARTESIAN_POINT ( 'NONE',  ( -15.00000000000000000, -4.900000000000000355, -7.499999999999992895 ) ) ;
#1293 = DIRECTION ( 'NONE',  ( 0.000000000000000000, 1.000000000000000000, 0.000000000000000000 ) ) ;
#1294 = DIRECTION ( 'NONE',  ( 0.000000000000000000, 0.000000000000000000, -1.000000000000000000 ) ) ;
#1295 = ORIENTED_EDGE ( 'NONE', *, *, #662, .T. ) ;
#1296 = VECTOR ( 'NONE', #1905, 1000.000000000000000 ) ;
#1297 =( NAMED_UNIT ( * ) PLANE_ANGLE_UNIT ( ) SI_UNIT ( $, .RADIAN. ) );
#1298 = DIRECTION ( 'NONE',  ( -1.000000000000000000, -0.000000000000000000, 1.301042606982605567E-16 ) ) ;
#1299 = FACE_OUTER_BOUND ( 'NONE', #2680, .T. ) ;
#1300 = ADVANCED_FACE ( 'NONE', ( #2724 ), #2693, .F. ) ;
#1301 = EDGE_CURVE ( 'NONE', #1482, #1819, #1616, .T. ) ;
#1302 = AXIS2_PLACEMENT_3D ( 'NONE', #772, #2949, #2940 ) ;
#1303 = DIRECTION ( 'NONE',  ( 0.000000000000000000, -1.000000000000000000, 0.000000000000000000 ) ) ;
#1304 = ORIENTED_EDGE ( 'NONE', *, *, #1056, .F. ) ;
#1305 = CIRCLE ( 'NONE', #64, 1.649999999999997025 ) ;
#1306 = CARTESIAN_POINT ( 'NONE',  ( -16.65000000000000213, -2.000000000000000000, -5.049999999999991829 ) ) ;
#1307 = CIRCLE ( 'NONE', #1556, 0.7499999999999993339 ) ;
#1308 = DIRECTION ( 'NONE',  ( 0.000000000000000000, -1.000000000000000000, 1.490777987167577471E-15 ) ) ;
#1309 = FACE_OUTER_BOUND ( 'NONE', #982, .T. ) ;
#1310 = DIRECTION ( 'NONE',  ( 0.000000000000000000, -1.517883041479706208E-15, -1.000000000000000000 ) ) ;
#1311 = CYLINDRICAL_SURFACE ( 'NONE', #1088, 1.050000000000000488 ) ;
#1312 = PLANE ( 'NONE',  #415 ) ;
#1313 = ORIENTED_EDGE ( 'NONE', *, *, #1224, .F. ) ;
#1314 = CARTESIAN_POINT ( 'NONE',  ( -15.14999999999999858, -1.300000000000000711, 2.499999999999988454 ) ) ;
#1315 = EDGE_CURVE ( 'NONE', #2505, #1206, #1108, .T. ) ;
#1316 = FILL_AREA_STYLE_COLOUR ( '', #475 ) ;
#1317 = ORIENTED_EDGE ( 'NONE', *, *, #19, .F. ) ;
#1318 = ORIENTED_EDGE ( 'NONE', *, *, #648, .F. ) ;
#1319 = LINE ( 'NONE', #1148, #930 ) ;
#1320 = ADVANCED_FACE ( 'NONE', ( #806 ), #1312, .F. ) ;
#1321 = AXIS2_PLACEMENT_3D ( 'NONE', #2608, #1920, #213 ) ;
#1322 = CARTESIAN_POINT ( 'NONE',  ( -15.00000000000000000, -4.900000000000000355, 9.149999999999998579 ) ) ;
#1323 = ORIENTED_EDGE ( 'NONE', *, *, #1719, .F. ) ;
#1324 = ORIENTED_EDGE ( 'NONE', *, *, #2779, .T. ) ;
#1325 = DIRECTION ( 'NONE',  ( -0.000000000000000000, 1.000000000000000000, -0.000000000000000000 ) ) ;
#1326 = DIRECTION ( 'NONE',  ( 0.000000000000000000, -1.000000000000000000, 0.000000000000000000 ) ) ;
#1327 = ORIENTED_EDGE ( 'NONE', *, *, #524, .F. ) ;
#1328 = ORIENTED_EDGE ( 'NONE', *, *, #2586, .T. ) ;
#1329 = EDGE_CURVE ( 'NONE', #337, #1521, #880, .T. ) ;
#1330 = AXIS2_PLACEMENT_3D ( 'NONE', #217, #2824, #708 ) ;
#1331 = DIRECTION ( 'NONE',  ( 2.891205793294678326E-16, -3.614007241618348376E-15, 1.000000000000000000 ) ) ;
#1332 = ADVANCED_FACE ( 'NONE', ( #1380 ), #2250, .T. ) ;
#1333 = ORIENTED_EDGE ( 'NONE', *, *, #1941, .T. ) ;
#1334 = ORIENTED_EDGE ( 'NONE', *, *, #1449, .T. ) ;
#1335 = DIRECTION ( 'NONE',  ( 1.000000000000000000, 0.000000000000000000, 2.832201593431523501E-15 ) ) ;
#1336 = CIRCLE ( 'NONE', #2882, 0.4999999999999987232 ) ;
#1337 = CIRCLE ( 'NONE', #937, 0.7499999999999997780 ) ;
#1338 = ORIENTED_EDGE ( 'NONE', *, *, #2568, .F. ) ;
#1339 = LINE ( 'NONE', #566, #2581 ) ;
#1340 = PLANE ( 'NONE',  #603 ) ;
#1341 = ORIENTED_EDGE ( 'NONE', *, *, #2476, .F. ) ;
#1342 = CARTESIAN_POINT ( 'NONE',  ( -1.250000000000000000, -1.850000000000000977, 7.799999999999997158 ) ) ;
#1343 = CYLINDRICAL_SURFACE ( 'NONE', #1716, 3.000000000000000000 ) ;
#1344 = EDGE_CURVE ( 'NONE', #313, #898, #2174, .T. ) ;
#1345 = AXIS2_PLACEMENT_3D ( 'NONE', #2695, #1018, #1525 ) ;
#1346 = CARTESIAN_POINT ( 'NONE',  ( 12.55000000000000071, -2.000000000000000000, 9.149999999999995026 ) ) ;
#1347 = EDGE_CURVE ( 'NONE', #1521, #185, #317, .T. ) ;
#1348 = LINE ( 'NONE', #2517, #1425 ) ;
#1349 = DIRECTION ( 'NONE',  ( 1.000000000000000000, 0.000000000000000000, -7.542275982507834467E-16 ) ) ;
#1350 = CYLINDRICAL_SURFACE ( 'NONE', #222, 1.049999999999998934 ) ;
#1351 = ORIENTED_EDGE ( 'NONE', *, *, #2980, .F. ) ;
#1352 = ADVANCED_FACE ( 'NONE', ( #3036 ), #2623, .F. ) ;
#1353 = DIRECTION ( 'NONE',  ( -0.000000000000000000, 1.000000000000000000, -0.000000000000000000 ) ) ;
#1354 = LINE ( 'NONE', #2359, #1507 ) ;
#1355 = PLANE ( 'NONE',  #701 ) ;
#1356 = VECTOR ( 'NONE', #2521, 1000.000000000000000 ) ;
#1357 = CARTESIAN_POINT ( 'NONE',  ( 3.750000000000000444, -0.7000000000000095035, -1.999999999999997335 ) ) ;
#1358 = ORIENTED_EDGE ( 'NONE', *, *, #1045, .T. ) ;
#1359 = VERTEX_POINT ( 'NONE', #570 ) ;
#1360 = ORIENTED_EDGE ( 'NONE', *, *, #553, .T. ) ;
#1361 = AXIS2_PLACEMENT_3D ( 'NONE', #2075, #856, #864 ) ;
#1362 = DIRECTION ( 'NONE',  ( 0.000000000000000000, 1.000000000000000000, 0.000000000000000000 ) ) ;
#1363 = ORIENTED_EDGE ( 'NONE', *, *, #847, .F. ) ;
#1364 = ADVANCED_FACE ( 'NONE', ( #3119 ), #92, .F. ) ;
#1365 = EDGE_LOOP ( 'NONE', ( #2188, #2300, #27, #100 ) ) ;
#1366 = CARTESIAN_POINT ( 'NONE',  ( -10.04999999999999538, -1.300000000000000711, 7.600000000000004086 ) ) ;
#1367 = CARTESIAN_POINT ( 'NONE',  ( -5.000000000000000000, 9.340770846134704541, -3.499999999999993339 ) ) ;
#1368 = DIRECTION ( 'NONE',  ( 0.000000000000000000, 1.000000000000000000, 0.000000000000000000 ) ) ;
#1369 = ORIENTED_EDGE ( 'NONE', *, *, #2476, .T. ) ;
#1370 = EDGE_CURVE ( 'NONE', #1715, #1149, #353, .T. ) ;
#1371 = CIRCLE ( 'NONE', #2850, 0.5000000000000022204 ) ;
#1372 = ORIENTED_EDGE ( 'NONE', *, *, #1141, .T. ) ;
#1373 = COLOUR_RGB ( '',0.9411764705882352811, 0.6745098039215686736, 0.1176470588235294101 ) ;
#1374 = EDGE_LOOP ( 'NONE', ( #2061, #1334, #1856, #2706 ) ) ;
#1375 = VECTOR ( 'NONE', #703, 1000.000000000000000 ) ;
#1376 = DIRECTION ( 'NONE',  ( -1.000000000000000000, -0.000000000000000000, -0.000000000000000000 ) ) ;
#1377 = AXIS2_PLACEMENT_3D ( 'NONE', #996, #1975, #515 ) ;
#1378 = VECTOR ( 'NONE', #1551, 1000.000000000000000 ) ;
#1379 = DIRECTION ( 'NONE',  ( 0.000000000000000000, -1.000000000000000000, 0.000000000000000000 ) ) ;
#1380 = FACE_OUTER_BOUND ( 'NONE', #2768, .T. ) ;
#1381 = ADVANCED_FACE ( 'NONE', ( #2960 ), #1601, .F. ) ;
#1382 = CARTESIAN_POINT ( 'NONE',  ( 15.00000000000000533, -2.000000000000000000, 7.499999999999996447 ) ) ;
#1383 = CARTESIAN_POINT ( 'NONE',  ( 3.174999999999999378, 0.000000000000000000, 3.500000000000005773 ) ) ;
#1384 = FACE_OUTER_BOUND ( 'NONE', #1855, .T. ) ;
#1385 = EDGE_CURVE ( 'NONE', #844, #1235, #2135, .T. ) ;
#1386 = ORIENTED_EDGE ( 'NONE', *, *, #1598, .T. ) ;
#1387 = CARTESIAN_POINT ( 'NONE',  ( -10.04999999999999538, -1.300000000000000711, -7.600000000000004086 ) ) ;
#1388 = ORIENTED_EDGE ( 'NONE', *, *, #2501, .F. ) ;
#1389 = EDGE_CURVE ( 'NONE', #471, #79, #2657, .T. ) ;
#1390 = DIRECTION ( 'NONE',  ( 3.154042683594195121E-16, 0.000000000000000000, 1.000000000000000000 ) ) ;
#1391 = CYLINDRICAL_SURFACE ( 'NONE', #711, 1.499999999999999112 ) ;
#1392 = DIRECTION ( 'NONE',  ( 0.000000000000000000, -0.000000000000000000, -1.000000000000000000 ) ) ;
#1393 = PLANE ( 'NONE',  #1146 ) ;
#1394 = DIRECTION ( 'NONE',  ( 1.858632295689435609E-16, 0.000000000000000000, -1.000000000000000000 ) ) ;
#1395 = ORIENTED_EDGE ( 'NONE', *, *, #2418, .F. ) ;
#1396 = ADVANCED_FACE ( 'NONE', ( #1501 ), #629, .F. ) ;
#1397 = VERTEX_POINT ( 'NONE', #2320 ) ;
#1398 = EDGE_CURVE ( 'NONE', #263, #3124, #624, .T. ) ;
#1399 = CARTESIAN_POINT ( 'NONE',  ( 12.54999999999999893, -2.000000000000000000, -9.150000000000002132 ) ) ;
#1400 = EDGE_LOOP ( 'NONE', ( #567, #2100, #749, #81 ) ) ;
#1401 = CARTESIAN_POINT ( 'NONE',  ( 1.250000000000000000, -0.7000000000000103917, 1.043544591017319711E-15 ) ) ;
#1402 = CARTESIAN_POINT ( 'NONE',  ( -14.99999999999999645, -4.900000000000000355, 7.500000000000000000 ) ) ;
#1403 = DIRECTION ( 'NONE',  ( -1.156482317317871478E-16, 0.000000000000000000, -1.000000000000000000 ) ) ;
#1404 = ORIENTED_EDGE ( 'NONE', *, *, #1615, .T. ) ;
#1405 = EDGE_CURVE ( 'NONE', #1457, #1482, #842, .T. ) ;
#1406 = AXIS2_PLACEMENT_3D ( 'NONE', #2584, #3092, #656 ) ;
#1407 = DIRECTION ( 'NONE',  ( 0.000000000000000000, 0.000000000000000000, 1.000000000000000000 ) ) ;
#1408 = CARTESIAN_POINT ( 'NONE',  ( -14.99999999999999822, 0.000000000000000000, 7.500000000000000000 ) ) ;
#1409 =( GEOMETRIC_REPRESENTATION_CONTEXT ( 3 ) GLOBAL_UNCERTAINTY_ASSIGNED_CONTEXT ( ( #1471 ) ) GLOBAL_UNIT_ASSIGNED_CONTEXT ( ( #352, #2046, #1072 ) ) REPRESENTATION_CONTEXT ( 'NONE', 'WORKASPACE' ) );
#1410 = VERTEX_POINT ( 'NONE', #3073 ) ;
#1411 = DIRECTION ( 'NONE',  ( 0.000000000000000000, 0.000000000000000000, -1.000000000000000000 ) ) ;
#1412 = PLANE ( 'NONE',  #728 ) ;
#1413 = DIRECTION ( 'NONE',  ( -0.000000000000000000, 1.000000000000000000, -0.000000000000000000 ) ) ;
#1414 = ORIENTED_EDGE ( 'NONE', *, *, #320, .F. ) ;
#1415 = PLANE ( 'NONE',  #671 ) ;
#1416 = ADVANCED_FACE ( 'NONE', ( #1193 ), #2403, .T. ) ;
#1417 = CARTESIAN_POINT ( 'NONE',  ( -6.500000000000000000, 18.40497317454278914, -3.499999999999995115 ) ) ;
#1418 = CARTESIAN_POINT ( 'NONE',  ( -3.174999999999999822, 0.000000000000000000, -0.07386397157415747206 ) ) ;
#1419 = VECTOR ( 'NONE', #1459, 1000.000000000000000 ) ;
#1420 = ORIENTED_EDGE ( 'NONE', *, *, #538, .T. ) ;
#1421 = EDGE_CURVE ( 'NONE', #2292, #1772, #247, .T. ) ;
#1422 = FACE_OUTER_BOUND ( 'NONE', #1250, .T. ) ;
#1423 = FACE_OUTER_BOUND ( 'NONE', #2047, .T. ) ;
#1424 = CARTESIAN_POINT ( 'NONE',  ( -14.99999999999999822, -2.000000000000000000, 7.500000000000000000 ) ) ;
#1425 = VECTOR ( 'NONE', #121, 1000.000000000000000 ) ;
#1426 = AXIS2_PLACEMENT_3D ( 'NONE', #1222, #1728, #2200 ) ;
#1427 = CARTESIAN_POINT ( 'NONE',  ( 15.00000000000000533, -2.000000000000000000, -7.499999999999996447 ) ) ;
#1428 = ORIENTED_EDGE ( 'NONE', *, *, #233, .T. ) ;
#1429 = AXIS2_PLACEMENT_3D ( 'NONE', #2252, #1989, #66 ) ;
#1430 = EDGE_LOOP ( 'NONE', ( #1784, #1185, #2382, #750, #754, #1051, #2007, #2238, #2197, #615, #1318, #101, #2744, #344, #812, #1900, #438, #2111, #602, #2457, #1986, #1014, #2561, #956, #2664, #302, #478, #1714, #1005, #3065, #2366, #2334, #3108, #115, #17, #2852, #2767, #731, #2268, #3006, #852, #1515, #742, #1440, #1717, #1932 ) ) ;
#1431 = DIRECTION ( 'NONE',  ( 0.000000000000000000, 1.000000000000000000, 4.565061778886335030E-16 ) ) ;
#1432 = CIRCLE ( 'NONE', #1181, 1.950000000000002176 ) ;
#1433 = ORIENTED_EDGE ( 'NONE', *, *, #1992, .F. ) ;
#1434 = FACE_OUTER_BOUND ( 'NONE', #2616, .T. ) ;
#1435 = AXIS2_PLACEMENT_3D ( 'NONE', #2551, #1617, #2086 ) ;
#1436 = AXIS2_PLACEMENT_3D ( 'NONE', #1530, #324, #334 ) ;
#1437 = CARTESIAN_POINT ( 'NONE',  ( 16.65000000000000213, -4.900000000000000355, 7.499999999999996447 ) ) ;
#1438 = CARTESIAN_POINT ( 'NONE',  ( -15.00000000000000000, -4.900000000000000355, -9.149999999999998579 ) ) ;
#1439 = EDGE_CURVE ( 'NONE', #471, #1049, #702, .T. ) ;
#1440 = ORIENTED_EDGE ( 'NONE', *, *, #1466, .T. ) ;
#1441 = DIRECTION ( 'NONE',  ( 5.664403186863039903E-15, -0.000000000000000000, 1.000000000000000000 ) ) ;
#1442 = ORIENTED_EDGE ( 'NONE', *, *, #2239, .F. ) ;
#1443 = CARTESIAN_POINT ( 'NONE',  ( 1.250000000000000000, -0.6999999999999988454, 7.799999999999997158 ) ) ;
#1444 = ORIENTED_EDGE ( 'NONE', *, *, #2738, .F. ) ;
#1445 = DIRECTION ( 'NONE',  ( -1.000000000000000000, 0.000000000000000000, 4.625929269271487886E-16 ) ) ;
#1446 = DIRECTION ( 'NONE',  ( 0.000000000000000000, -1.000000000000000000, 0.000000000000000000 ) ) ;
#1447 = CARTESIAN_POINT ( 'NONE',  ( -4.750000000000000000, -1.300000000000000711, 6.999999999999998224 ) ) ;
#1448 = CARTESIAN_POINT ( 'NONE',  ( 16.15000000000000213, -2.000000000000000000, -5.549999999999996270 ) ) ;
#1449 = EDGE_CURVE ( 'NONE', #392, #2028, #167, .T. ) ;
#1450 = CARTESIAN_POINT ( 'NONE',  ( 4.750000000000000888, 18.40497317454278914, -0.9999999999999967804 ) ) ;
#1451 = CARTESIAN_POINT ( 'NONE',  ( -10.04999999999999538, -1.300000000000000711, 7.600000000000004086 ) ) ;
#1452 = ORIENTED_EDGE ( 'NONE', *, *, #1765, .F. ) ;
#1454 = CARTESIAN_POINT ( 'NONE',  ( -1.250000000000000000, -3.000000000000002220, 7.799999999999997158 ) ) ;
#1453 = PRODUCT_DEFINITION ( 'UNKNOWN', '', #2299, #1159 ) ;
#1455 = LINE ( 'NONE', #675, #546 ) ;
#1456 = FACE_BOUND ( 'NONE', #2793, .T. ) ;
#1457 = VERTEX_POINT ( 'NONE', #164 ) ;
#1458 = ORIENTED_EDGE ( 'NONE', *, *, #2032, .F. ) ;
#1459 = DIRECTION ( 'NONE',  ( 1.000000000000000000, 0.000000000000000000, -1.301042606982605321E-16 ) ) ;
#1460 = LINE ( 'NONE', #2639, #2354 ) ;
#1461 = DIRECTION ( 'NONE',  ( 0.000000000000000000, 0.000000000000000000, -1.000000000000000000 ) ) ;
#1462 = CIRCLE ( 'NONE', #2024, 1.000000000000000000 ) ;
#1463 = LINE ( 'NONE', #2054, #924 ) ;
#1464 = CARTESIAN_POINT ( 'NONE',  ( 15.00000000000000000, -2.000000000000000000, -6.449999999999997513 ) ) ;
#1465 = DIRECTION ( 'NONE',  ( 0.000000000000000000, 3.614007241618348376E-15, 1.000000000000000000 ) ) ;
#1466 = EDGE_CURVE ( 'NONE', #1583, #1676, #1988, .T. ) ;
#1467 = CIRCLE ( 'NONE', #2454, 1.950000000000002176 ) ;
#1468 = ORIENTED_EDGE ( 'NONE', *, *, #2327, .F. ) ;
#1469 = EDGE_CURVE ( 'NONE', #1612, #642, #466, .T. ) ;
#1470 = AXIS2_PLACEMENT_3D ( 'NONE', #817, #1830, #327 ) ;
#1471 = UNCERTAINTY_MEASURE_WITH_UNIT (LENGTH_MEASURE( 1.000000000000000082E-05 ), #352, 'distance_accuracy_value', 'NONE');
#1472 = DIRECTION ( 'NONE',  ( 0.000000000000000000, 1.000000000000000000, 0.000000000000000000 ) ) ;
#1473 = VECTOR ( 'NONE', #2921, 1000.000000000000000 ) ;
#1474 = CARTESIAN_POINT ( 'NONE',  ( 1.387778780781447450E-15, 18.40497317454278914, -2.000000000000000000 ) ) ;
#1475 = VERTEX_POINT ( 'NONE', #375 ) ;
#1476 = DIRECTION ( 'NONE',  ( 0.000000000000000000, -1.000000000000000000, 0.000000000000000000 ) ) ;
#1477 = VECTOR ( 'NONE', #107, 1000.000000000000000 ) ;
#1478 = CARTESIAN_POINT ( 'NONE',  ( 13.04999999999999893, -2.000000000000000000, -7.499999999999996447 ) ) ;
#1479 = DIRECTION ( 'NONE',  ( -6.938893903907260918E-16, 0.000000000000000000, 1.000000000000000000 ) ) ;
#1480 = ORIENTED_EDGE ( 'NONE', *, *, #792, .T. ) ;
#1481 = VERTEX_POINT ( 'NONE', #1383 ) ;
#1482 = VERTEX_POINT ( 'NONE', #2858 ) ;
#1483 = DIRECTION ( 'NONE',  ( 0.000000000000000000, -1.000000000000000000, 0.000000000000000000 ) ) ;
#1484 = CARTESIAN_POINT ( 'NONE',  ( 1.250000000000000666, 9.340770846134700989, 5.424999999999996270 ) ) ;
#1485 = EDGE_CURVE ( 'NONE', #2456, #925, #736, .T. ) ;
#1486 = ORIENTED_EDGE ( 'NONE', *, *, #2462, .F. ) ;
#1487 = DIRECTION ( 'NONE',  ( -6.938893903907260918E-16, 0.000000000000000000, 1.000000000000000000 ) ) ;
#1488 = VERTEX_POINT ( 'NONE', #2376 ) ;
#1489 = AXIS2_PLACEMENT_3D ( 'NONE', #2820, #1379, #1392 ) ;
#1490 = CARTESIAN_POINT ( 'NONE',  ( -16.65000000000000213, -2.000000000000000000, -5.049999999999991829 ) ) ;
#1491 = ORIENTED_EDGE ( 'NONE', *, *, #256, .T. ) ;
#1492 = CARTESIAN_POINT ( 'NONE',  ( -16.64999999999999147, -4.900000000000000355, 7.500000000000000888 ) ) ;
#1493 = VERTEX_POINT ( 'NONE', #3099 ) ;
#1494 = CARTESIAN_POINT ( 'NONE',  ( -7.499999999999998224, -0.7000000000000200506, -5.999999999999999112 ) ) ;
#1495 = LINE ( 'NONE', #2179, #165 ) ;
#1496 = EDGE_CURVE ( 'NONE', #1506, #2856, #2840, .T. ) ;
#1497 = ORIENTED_EDGE ( 'NONE', *, *, #2659, .T. ) ;
#1498 = LINE ( 'NONE', #2365, #2443 ) ;
#1499 = CYLINDRICAL_SURFACE ( 'NONE', #204, 1.649999999999997025 ) ;
#1500 = CARTESIAN_POINT ( 'NONE',  ( -16.64999999999999147, -2.000000000000000000, 7.500000000000000000 ) ) ;
#1501 = FACE_OUTER_BOUND ( 'NONE', #2461, .T. ) ;
#1502 = CARTESIAN_POINT ( 'NONE',  ( -3.174999999999999822, -0.7000000000000103917, 7.093089021679025583E-16 ) ) ;
#1503 = ORIENTED_EDGE ( 'NONE', *, *, #878, .T. ) ;
#1504 = CARTESIAN_POINT ( 'NONE',  ( -6.938893903907230350E-16, -1.300000000000000711, -1.999999999999999556 ) ) ;
#1505 = ORIENTED_EDGE ( 'NONE', *, *, #148, .F. ) ;
#1506 = VERTEX_POINT ( 'NONE', #2609 ) ;
#1507 = VECTOR ( 'NONE', #439, 1000.000000000000000 ) ;
#1508 = PLANE ( 'NONE',  #1681 ) ;
#1509 = EDGE_CURVE ( 'NONE', #1685, #776, #385, .T. ) ;
#1510 = EDGE_CURVE ( 'NONE', #2281, #1154, #2878, .T. ) ;
#1511 = ORIENTED_EDGE ( 'NONE', *, *, #1602, .T. ) ;
#1512 = CARTESIAN_POINT ( 'NONE',  ( 10.05000000000000249, -1.300000000000000711, -7.600000000000002309 ) ) ;
#1513 = ORIENTED_EDGE ( 'NONE', *, *, #2799, .T. ) ;
#1514 = AXIS2_PLACEMENT_3D ( 'NONE', #563, #332, #1524 ) ;
#1515 = ORIENTED_EDGE ( 'NONE', *, *, #61, .F. ) ;
#1516 = CARTESIAN_POINT ( 'NONE',  ( -14.50000000000000533, -1.300000000000000711, -2.499999999999997780 ) ) ;
#1517 = EDGE_LOOP ( 'NONE', ( #192, #406, #2775, #3009, #2499, #519, #2060, #2939 ) ) ;
#1518 = DIRECTION ( 'NONE',  ( 0.000000000000000000, -1.000000000000000000, 0.000000000000000000 ) ) ;
#1519 = DIRECTION ( 'NONE',  ( 0.000000000000000000, 0.000000000000000000, 1.000000000000000000 ) ) ;
#1520 = ADVANCED_FACE ( 'NONE', ( #2322 ), #964, .F. ) ;
#1521 = VERTEX_POINT ( 'NONE', #1418 ) ;
#1522 = AXIS2_PLACEMENT_3D ( 'NONE', #1641, #2338, #887 ) ;
#1523 = ORIENTED_EDGE ( 'NONE', *, *, #923, .F. ) ;
#1524 = DIRECTION ( 'NONE',  ( 0.000000000000000000, 0.000000000000000000, -1.000000000000000000 ) ) ;
#1525 = DIRECTION ( 'NONE',  ( -6.195440985631451620E-17, 0.000000000000000000, 1.000000000000000000 ) ) ;
#1526 = FACE_OUTER_BOUND ( 'NONE', #112, .T. ) ;
#1527 = CIRCLE ( 'NONE', #2067, 4.500000000000005329 ) ;
#1528 = CARTESIAN_POINT ( 'NONE',  ( 15.00000000000000000, -2.000000000000000000, -5.549999999999997158 ) ) ;
#1529 = DIRECTION ( 'NONE',  ( 1.000000000000000000, 1.034435028723620364E-30, 6.938893903907236266E-16 ) ) ;
#1530 = CARTESIAN_POINT ( 'NONE',  ( 10.05000000000000071, -1.300000000000000711, 2.499999999999998668 ) ) ;
#1531 = EDGE_LOOP ( 'NONE', ( #1587, #2705, #1328, #1164 ) ) ;
#1532 = VECTOR ( 'NONE', #273, 1000.000000000000000 ) ;
#1533 = ORIENTED_EDGE ( 'NONE', *, *, #2556, .T. ) ;
#1534 = LINE ( 'NONE', #674, #1375 ) ;
#1535 = APPLICATION_CONTEXT ( 'automotive_design' ) ;
#1536 = VERTEX_POINT ( 'NONE', #38 ) ;
#1537 = VECTOR ( 'NONE', #619, 1000.000000000000000 ) ;
#1538 = EDGE_CURVE ( 'NONE', #1457, #1634, #2058, .T. ) ;
#1539 = DIRECTION ( 'NONE',  ( -0.000000000000000000, 1.000000000000000000, -0.000000000000000000 ) ) ;
#1540 = FACE_OUTER_BOUND ( 'NONE', #488, .T. ) ;
#1541 = ORIENTED_EDGE ( 'NONE', *, *, #2699, .T. ) ;
#1542 = DIRECTION ( 'NONE',  ( 0.000000000000000000, 1.000000000000000000, 0.000000000000000000 ) ) ;
#1543 = CARTESIAN_POINT ( 'NONE',  ( 3.750000000000000000, -0.7000000000000103917, 1.353316640298892379E-15 ) ) ;
#1544 = CIRCLE ( 'NONE', #808, 4.500000000000002665 ) ;
#1545 = CARTESIAN_POINT ( 'NONE',  ( -14.99999999999999645, -4.900000000000000355, 8.550000000000000711 ) ) ;
#1546 = ORIENTED_EDGE ( 'NONE', *, *, #2845, .T. ) ;
#1547 = CARTESIAN_POINT ( 'NONE',  ( -9.999999999999998224, 0.000000000000000000, 6.999999999999999112 ) ) ;
#1548 = VECTOR ( 'NONE', #2495, 1000.000000000000000 ) ;
#1549 = EDGE_CURVE ( 'NONE', #2263, #1065, #2021, .T. ) ;
#1550 = ORIENTED_EDGE ( 'NONE', *, *, #1405, .T. ) ;
#1551 = DIRECTION ( 'NONE',  ( -4.956352788505159323E-16, 1.490777987167577471E-15, 1.000000000000000000 ) ) ;
#1552 = ORIENTED_EDGE ( 'NONE', *, *, #1389, .F. ) ;
#1553 = ORIENTED_EDGE ( 'NONE', *, *, #256, .F. ) ;
#1554 = ORIENTED_EDGE ( 'NONE', *, *, #2845, .F. ) ;
#1555 = AXIS2_PLACEMENT_3D ( 'NONE', #2003, #2440, #916 ) ;
#1556 = AXIS2_PLACEMENT_3D ( 'NONE', #432, #2130, #2859 ) ;
#1557 = CARTESIAN_POINT ( 'NONE',  ( -10.04999999999999538, -1.300000000000000711, -7.600000000000004086 ) ) ;
#1558 = DIRECTION ( 'NONE',  ( -0.000000000000000000, 1.000000000000000000, -0.000000000000000000 ) ) ;
#1559 = ORIENTED_EDGE ( 'NONE', *, *, #61, .T. ) ;
#1560 = CARTESIAN_POINT ( 'NONE',  ( -15.00000000000000178, -2.000000000000000000, -7.499999999999992895 ) ) ;
#1561 = DIRECTION ( 'NONE',  ( 0.000000000000000000, 0.000000000000000000, -1.000000000000000000 ) ) ;
#1562 = VERTEX_POINT ( 'NONE', #2622 ) ;
#1563 = CARTESIAN_POINT ( 'NONE',  ( 10.04999999999999893, -1.300000000000000711, 7.600000000000006750 ) ) ;
#1564 = ORIENTED_EDGE ( 'NONE', *, *, #1485, .F. ) ;
#1565 = DIRECTION ( 'NONE',  ( 3.558407130208831101E-15, 0.000000000000000000, -1.000000000000000000 ) ) ;
#1566 = DIRECTION ( 'NONE',  ( 1.000000000000000000, 1.315238434486483825E-31, -3.154042683594195121E-16 ) ) ;
#1567 = VERTEX_POINT ( 'NONE', #1177 ) ;
#1568 = EDGE_CURVE ( 'NONE', #2638, #2266, #55, .T. ) ;
#1569 = AXIS2_PLACEMENT_3D ( 'NONE', #2841, #1663, #175 ) ;
#1570 = ORIENTED_EDGE ( 'NONE', *, *, #1405, .F. ) ;
#1571 = VECTOR ( 'NONE', #2620, 1000.000000000000000 ) ;
#1572 = DIRECTION ( 'NONE',  ( 0.000000000000000000, 0.000000000000000000, -1.000000000000000000 ) ) ;
#1573 = ORIENTED_EDGE ( 'NONE', *, *, #777, .T. ) ;
#1574 = FACE_BOUND ( 'NONE', #163, .T. ) ;
#1575 = VECTOR ( 'NONE', #2333, 1000.000000000000000 ) ;
#1576 = DIRECTION ( 'NONE',  ( -4.956352788505159323E-16, 0.000000000000000000, 1.000000000000000000 ) ) ;
#1577 = AXIS2_PLACEMENT_3D ( 'NONE', #363, #3021, #1581 ) ;
#1578 = VECTOR ( 'NONE', #1803, 1000.000000000000000 ) ;
#1579 = DIRECTION ( 'NONE',  ( 0.000000000000000000, 0.000000000000000000, 1.000000000000000000 ) ) ;
#1580 = ORIENTED_EDGE ( 'NONE', *, *, #1937, .T. ) ;
#1581 = DIRECTION ( 'NONE',  ( 0.000000000000000000, 0.000000000000000000, -1.000000000000000000 ) ) ;
#1582 = ORIENTED_EDGE ( 'NONE', *, *, #2254, .T. ) ;
#1583 = VERTEX_POINT ( 'NONE', #1921 ) ;
#1584 = EDGE_CURVE ( 'NONE', #2028, #831, #2763, .T. ) ;
#1585 = LINE ( 'NONE', #455, #589 ) ;
#1586 = DIRECTION ( 'NONE',  ( 0.000000000000000000, 0.000000000000000000, 1.000000000000000000 ) ) ;
#1587 = ORIENTED_EDGE ( 'NONE', *, *, #2081, .F. ) ;
#1588 = FACE_OUTER_BOUND ( 'NONE', #664, .T. ) ;
#1589 = DIRECTION ( 'NONE',  ( -0.000000000000000000, -0.000000000000000000, 1.000000000000000000 ) ) ;
#1590 = CARTESIAN_POINT ( 'NONE',  ( 3.337499999999994582, -0.7000000000000118350, 3.337500000000007017 ) ) ;
#1591 = ORIENTED_EDGE ( 'NONE', *, *, #2722, .T. ) ;
#1592 = CARTESIAN_POINT ( 'NONE',  ( 16.64999999999999858, -2.000000000000000000, -5.049999999999997158 ) ) ;
#1593 = AXIS2_PLACEMENT_3D ( 'NONE', #3107, #2159, #2405 ) ;
#1594 = ADVANCED_FACE ( 'NONE', ( #2582 ), #3110, .F. ) ;
#1595 = CARTESIAN_POINT ( 'NONE',  ( 16.15000000000000213, -2.000000000000000000, -5.049999999999997158 ) ) ;
#1596 = ORIENTED_EDGE ( 'NONE', *, *, #1174, .F. ) ;
#1597 = CARTESIAN_POINT ( 'NONE',  ( -16.15000000000000213, 0.000000000000000000, 5.049999999999998934 ) ) ;
#1598 = EDGE_CURVE ( 'NONE', #2740, #1475, #2209, .T. ) ;
#1599 = PRESENTATION_LAYER_ASSIGNMENT (  '', '', ( #741 ) ) ;
#1600 = CARTESIAN_POINT ( 'NONE',  ( -8.628166150854944709E-32, -3.000000000000000000, -0.07386397157415833248 ) ) ;
#1601 = PLANE ( 'NONE',  #2272 ) ;
#1602 = EDGE_CURVE ( 'NONE', #1683, #866, #500, .T. ) ;
#1603 = CARTESIAN_POINT ( 'NONE',  ( 13.77740966098108899, -1.300000000000000711, 5.980864435628726383 ) ) ;
#1604 = ORIENTED_EDGE ( 'NONE', *, *, #2350, .T. ) ;
#1605 = DIRECTION ( 'NONE',  ( -2.478176394252576210E-16, 0.000000000000000000, 1.000000000000000000 ) ) ;
#1606 = VECTOR ( 'NONE', #1529, 1000.000000000000000 ) ;
#1607 = LINE ( 'NONE', #1096, #2789 ) ;
#1608 = FACE_OUTER_BOUND ( 'NONE', #717, .T. ) ;
#1609 = DIRECTION ( 'NONE',  ( -0.000000000000000000, -1.000000000000000000, 0.000000000000000000 ) ) ;
#1610 = ADVANCED_FACE ( 'NONE', ( #1692 ), #1919, .T. ) ;
#1611 = ORIENTED_EDGE ( 'NONE', *, *, #1510, .T. ) ;
#1612 = VERTEX_POINT ( 'NONE', #1974 ) ;
#1613 = CARTESIAN_POINT ( 'NONE',  ( 15.00000000000000000, -4.900000000000000355, -7.499999999999996447 ) ) ;
#1614 = LINE ( 'NONE', #943, #2129 ) ;
#1615 = EDGE_CURVE ( 'NONE', #2122, #1488, #2994, .T. ) ;
#1616 = LINE ( 'NONE', #2277, #1923 ) ;
#1617 = DIRECTION ( 'NONE',  ( -1.301042606982605567E-16, 0.000000000000000000, -1.000000000000000000 ) ) ;
#1618 = LINE ( 'NONE', #527, #1144 ) ;
#1619 = AXIS2_PLACEMENT_3D ( 'NONE', #200, #1446, #2596 ) ;
#1620 = CARTESIAN_POINT ( 'NONE',  ( -3.174999999999998490, 0.000000000000000000, 3.500000000000003109 ) ) ;
#1621 = ORIENTED_EDGE ( 'NONE', *, *, #40, .F. ) ;
#1622 = LINE ( 'NONE', #1993, #1044 ) ;
#1623 = VERTEX_POINT ( 'NONE', #773 ) ;
#1624 = ADVANCED_FACE ( 'NONE', ( #2838 ), #22, .F. ) ;
#1625 = EDGE_CURVE ( 'NONE', #2718, #2718, #577, .T. ) ;
#1626 = CARTESIAN_POINT ( 'NONE',  ( 7.500000000000003553, -4.900000000000000355, -6.000000000000001776 ) ) ;
#1627 = ORIENTED_EDGE ( 'NONE', *, *, #691, .T. ) ;
#1628 = DIRECTION ( 'NONE',  ( 0.000000000000000000, 1.000000000000000000, 0.000000000000000000 ) ) ;
#1629 = VERTEX_POINT ( 'NONE', #1983 ) ;
#1630 = EDGE_LOOP ( 'NONE', ( #2341, #3005, #2336, #759 ) ) ;
#1631 = EDGE_CURVE ( 'NONE', #1481, #428, #2877, .T. ) ;
#1632 = AXIS2_PLACEMENT_3D ( 'NONE', #827, #1790, #1057 ) ;
#1633 = CARTESIAN_POINT ( 'NONE',  ( -10.04999999999999538, -1.300000000000000711, -7.600000000000004086 ) ) ;
#1634 = VERTEX_POINT ( 'NONE', #2487 ) ;
#1635 = ORIENTED_EDGE ( 'NONE', *, *, #2683, .T. ) ;
#1636 = CARTESIAN_POINT ( 'NONE',  ( 13.77740966098109077, -2.000000000000000000, 5.980864435628724607 ) ) ;
#1637 = DIRECTION ( 'NONE',  ( 1.000000000000000000, 2.248771801573093612E-30, 1.508455196501576951E-15 ) ) ;
#1638 = CARTESIAN_POINT ( 'NONE',  ( -15.00000000000000000, -4.900000000000000355, -7.499999999999992895 ) ) ;
#1639 = DIRECTION ( 'NONE',  ( 0.000000000000000000, 0.000000000000000000, 1.000000000000000000 ) ) ;
#1640 = ADVANCED_FACE ( 'NONE', ( #621, #2917 ), #2213, .T. ) ;
#1641 = CARTESIAN_POINT ( 'NONE',  ( -14.99999999999999822, -2.000000000000000000, 7.500000000000000000 ) ) ;
#1642 = ORIENTED_EDGE ( 'NONE', *, *, #99, .F. ) ;
#1643 = EDGE_CURVE ( 'NONE', #2719, #185, #1652, .T. ) ;
#1644 = DIRECTION ( 'NONE',  ( 0.000000000000000000, 0.000000000000000000, 1.000000000000000000 ) ) ;
#1645 = ORIENTED_EDGE ( 'NONE', *, *, #1054, .T. ) ;
#1646 = ORIENTED_EDGE ( 'NONE', *, *, #2586, .F. ) ;
#1647 = CIRCLE ( 'NONE', #393, 1.650000000000002132 ) ;
#1648 = ORIENTED_EDGE ( 'NONE', *, *, #1015, .T. ) ;
#1649 = AXIS2_PLACEMENT_3D ( 'NONE', #1597, #612, #2072 ) ;
#1650 = DIRECTION ( 'NONE',  ( 0.000000000000000000, 1.000000000000000000, 0.000000000000000000 ) ) ;
#1651 = VECTOR ( 'NONE', #2879, 1000.000000000000000 ) ;
#1652 = LINE ( 'NONE', #763, #999 ) ;
#1653 = DIRECTION ( 'NONE',  ( -0.000000000000000000, -1.000000000000000000, -0.000000000000000000 ) ) ;
#1654 = DIRECTION ( 'NONE',  ( 0.000000000000000000, -1.000000000000000000, 0.000000000000000000 ) ) ;
#1655 = VECTOR ( 'NONE', #1152, 1000.000000000000000 ) ;
#1656 = CARTESIAN_POINT ( 'NONE',  ( 15.00000000000000000, -2.000000000000000000, -5.549999999999997158 ) ) ;
#1657 = VERTEX_POINT ( 'NONE', #755 ) ;
#1658 = ADVANCED_FACE ( 'NONE', ( #1309, #2321 ), #1952, .F. ) ;
#1659 = DIRECTION ( 'NONE',  ( 0.000000000000000000, -1.000000000000000000, 0.000000000000000000 ) ) ;
#1660 = ORIENTED_EDGE ( 'NONE', *, *, #2260, .F. ) ;
#1661 = ORIENTED_EDGE ( 'NONE', *, *, #584, .F. ) ;
#1662 = EDGE_CURVE ( 'NONE', #371, #1457, #2360, .T. ) ;
#1663 = DIRECTION ( 'NONE',  ( -0.000000000000000000, 1.000000000000000000, -0.000000000000000000 ) ) ;
#1664 = CARTESIAN_POINT ( 'NONE',  ( -3.749999999999998668, 18.40497317454278914, -6.969871108835381562E-16 ) ) ;
#1665 = CARTESIAN_POINT ( 'NONE',  ( -1.250000000000000000, 0.000000000000000000, 5.424999999999994493 ) ) ;
#1666 = CIRCLE ( 'NONE', #851, 4.500000000000002665 ) ;
#1667 = CARTESIAN_POINT ( 'NONE',  ( -9.107298248878276689E-16, -0.7000000000000200506, -7.000000000000000888 ) ) ;
#1668 = CARTESIAN_POINT ( 'NONE',  ( 4.750000000000000888, 18.40497317454278914, 5.999999999999997335 ) ) ;
#1669 = CARTESIAN_POINT ( 'NONE',  ( -9.999999999999998224, -4.900000000000000355, 2.499999999999999556 ) ) ;
#1670 = ORIENTED_EDGE ( 'NONE', *, *, #662, .F. ) ;
#1671 = DIRECTION ( 'NONE',  ( -0.000000000000000000, 1.000000000000000000, -0.000000000000000000 ) ) ;
#1672 = ORIENTED_EDGE ( 'NONE', *, *, #2780, .F. ) ;
#1673 = CARTESIAN_POINT ( 'NONE',  ( -14.50000000000000533, 0.000000000000000000, -2.499999999999998668 ) ) ;
#1674 = PLANE ( 'NONE',  #1131 ) ;
#1675 = CARTESIAN_POINT ( 'NONE',  ( -16.65000000000000568, -2.000000000000000000, 5.049999999999998934 ) ) ;
#1676 = VERTEX_POINT ( 'NONE', #1755 ) ;
#1677 = EDGE_CURVE ( 'NONE', #1032, #329, #2288, .T. ) ;
#1678 = DIRECTION ( 'NONE',  ( 0.000000000000000000, -1.000000000000000000, 0.000000000000000000 ) ) ;
#1679 = EDGE_CURVE ( 'NONE', #542, #542, #541, .T. ) ;
#1680 = CARTESIAN_POINT ( 'NONE',  ( 13.77740966098108544, -2.000000000000000000, -5.980864435628728160 ) ) ;
#1681 = AXIS2_PLACEMENT_3D ( 'NONE', #2009, #1753, #56 ) ;
#1682 = DIRECTION ( 'NONE',  ( 0.000000000000000000, 1.000000000000000000, 0.000000000000000000 ) ) ;
#1683 = VERTEX_POINT ( 'NONE', #1245 ) ;
#1684 = DIRECTION ( 'NONE',  ( 0.000000000000000000, -1.000000000000000000, 0.000000000000000000 ) ) ;
#1685 = VERTEX_POINT ( 'NONE', #58 ) ;
#1686 = DIRECTION ( 'NONE',  ( 0.000000000000000000, 1.000000000000000000, 0.000000000000000000 ) ) ;
#1687 = FACE_OUTER_BOUND ( 'NONE', #52, .T. ) ;
#1688 = CIRCLE ( 'NONE', #2636, 1.499999999999999112 ) ;
#1689 = DIRECTION ( 'NONE',  ( 0.000000000000000000, 1.000000000000000000, 0.000000000000000000 ) ) ;
#1690 = ORIENTED_EDGE ( 'NONE', *, *, #2449, .F. ) ;
#1691 = VERTEX_POINT ( 'NONE', #2919 ) ;
#1692 = FACE_OUTER_BOUND ( 'NONE', #1764, .T. ) ;
#1693 = CARTESIAN_POINT ( 'NONE',  ( 10.00000000000000178, -1.300000000000000711, 2.499999999999996891 ) ) ;
#1694 = LINE ( 'NONE', #252, #1268 ) ;
#1695 = VECTOR ( 'NONE', #1814, 1000.000000000000000 ) ;
#1696 = CARTESIAN_POINT ( 'NONE',  ( 15.00000000000000000, 0.000000000000000000, -7.499999999999996447 ) ) ;
#1697 = DIRECTION ( 'NONE',  ( -0.000000000000000000, -1.000000000000000000, -0.000000000000000000 ) ) ;
#1698 = LINE ( 'NONE', #1930, #2624 ) ;
#1699 = VERTEX_POINT ( 'NONE', #68 ) ;
#1700 = DIRECTION ( 'NONE',  ( 1.000000000000000000, 0.000000000000000000, 0.000000000000000000 ) ) ;
#1701 = DIRECTION ( 'NONE',  ( 0.000000000000000000, 0.000000000000000000, 1.000000000000000000 ) ) ;
#1702 = CIRCLE ( 'NONE', #975, 0.5000000000000004441 ) ;
#1703 = VERTEX_POINT ( 'NONE', #1528 ) ;
#1704 = DIRECTION ( 'NONE',  ( -0.000000000000000000, 1.000000000000000000, -0.000000000000000000 ) ) ;
#1705 = LINE ( 'NONE', #2851, #2774 ) ;
#1706 = UNCERTAINTY_MEASURE_WITH_UNIT (LENGTH_MEASURE( 1.000000000000000082E-05 ), #1780, 'distance_accuracy_value', 'NONE');
#1707 = CARTESIAN_POINT ( 'NONE',  ( 3.174999999999999378, -3.000000000000000000, -0.07386397157415833248 ) ) ;
#1708 = CARTESIAN_POINT ( 'NONE',  ( -1.250000000000000000, -3.000000000000000888, 7.600000000000004086 ) ) ;
#1709 = EDGE_CURVE ( 'NONE', #1493, #1691, #2133, .T. ) ;
#1710 = CARTESIAN_POINT ( 'NONE',  ( 6.500000000000001776, -1.300000000000000711, -6.000000000000002665 ) ) ;
#1711 = ORIENTED_EDGE ( 'NONE', *, *, #1897, .T. ) ;
#1712 = CARTESIAN_POINT ( 'NONE',  ( -9.999999999999998224, -1.300000000000000711, 6.999999999999999112 ) ) ;
#1713 = DIRECTION ( 'NONE',  ( -0.000000000000000000, 1.000000000000000000, -0.000000000000000000 ) ) ;
#1714 = ORIENTED_EDGE ( 'NONE', *, *, #450, .F. ) ;
#1715 = VERTEX_POINT ( 'NONE', #1809 ) ;
#1716 = AXIS2_PLACEMENT_3D ( 'NONE', #2112, #1637, #2369 ) ;
#1717 = ORIENTED_EDGE ( 'NONE', *, *, #1054, .F. ) ;
#1718 = CARTESIAN_POINT ( 'NONE',  ( 13.05000000000000071, 0.000000000000000000, 7.499999999999996447 ) ) ;
#1719 = EDGE_CURVE ( 'NONE', #2520, #1153, #3117, .T. ) ;
#1720 = CARTESIAN_POINT ( 'NONE',  ( 15.00000000000000000, -4.900000000000000355, -6.449999999999997513 ) ) ;
#1721 = DIRECTION ( 'NONE',  ( 0.000000000000000000, 0.000000000000000000, -1.000000000000000000 ) ) ;
#1722 = ORIENTED_EDGE ( 'NONE', *, *, #584, .T. ) ;
#1723 = LINE ( 'NONE', #1163, #15 ) ;
#1724 = EDGE_CURVE ( 'NONE', #2401, #2266, #920, .T. ) ;
#1725 = CIRCLE ( 'NONE', #592, 1.950000000000001288 ) ;
#1726 = ORIENTED_EDGE ( 'NONE', *, *, #2947, .T. ) ;
#1727 = CARTESIAN_POINT ( 'NONE',  ( -13.04999999999999893, -2.000000000000000000, -8.650000000000002132 ) ) ;
#1728 = DIRECTION ( 'NONE',  ( 0.000000000000000000, 1.000000000000000000, 0.000000000000000000 ) ) ;
#1729 = LINE ( 'NONE', #919, #655 ) ;
#1730 = DIRECTION ( 'NONE',  ( 0.000000000000000000, 0.000000000000000000, 1.000000000000000000 ) ) ;
#1731 = VERTEX_POINT ( 'NONE', #1778 ) ;
#1732 = LINE ( 'NONE', #3088, #2916 ) ;
#1733 = CIRCLE ( 'NONE', #1406, 0.5000000000000004441 ) ;
#1734 = CARTESIAN_POINT ( 'NONE',  ( -1.250000000000000000, -0.7000000000000103917, 1.043544591017319711E-15 ) ) ;
#1735 = DIRECTION ( 'NONE',  ( -0.000000000000000000, -1.000000000000000000, 0.000000000000000000 ) ) ;
#1736 = LINE ( 'NONE', #2227, #3122 ) ;
#1737 = VERTEX_POINT ( 'NONE', #98 ) ;
#1738 = EDGE_CURVE ( 'NONE', #2131, #2714, #1841, .T. ) ;
#1739 = AXIS2_PLACEMENT_3D ( 'NONE', #645, #2982, #590 ) ;
#1740 = VERTEX_POINT ( 'NONE', #109 ) ;
#1741 = ORIENTED_EDGE ( 'NONE', *, *, #2769, .F. ) ;
#1742 = VECTOR ( 'NONE', #3129, 1000.000000000000000 ) ;
#1743 = DIRECTION ( 'NONE',  ( -0.000000000000000000, 1.000000000000000000, -0.000000000000000000 ) ) ;
#1744 = ORIENTED_EDGE ( 'NONE', *, *, #953, .F. ) ;
#1745 = VECTOR ( 'NONE', #2748, 1000.000000000000000 ) ;
#1746 = VERTEX_POINT ( 'NONE', #316 ) ;
#1747 = PRODUCT ( 'Mounting Frame', 'Mounting Frame', '', ( #325 ) ) ;
#1748 = ORIENTED_EDGE ( 'NONE', *, *, #1775, .T. ) ;
#1749 = VERTEX_POINT ( 'NONE', #556 ) ;
#1750 = CARTESIAN_POINT ( 'NONE',  ( 9.999999999999998224, -1.300000000000000711, 6.999999999999996447 ) ) ;
#1751 = EDGE_CURVE ( 'NONE', #79, #642, #1267, .T. ) ;
#1752 = ORIENTED_EDGE ( 'NONE', *, *, #2119, .F. ) ;
#1753 = DIRECTION ( 'NONE',  ( 0.7071067811865462405, -2.948641185929590150E-16, 0.7071067811865489050 ) ) ;
#1754 = AXIS2_PLACEMENT_3D ( 'NONE', #3095, #3131, #2149 ) ;
#1755 = CARTESIAN_POINT ( 'NONE',  ( -1.250000000000000000, -2.633015151429793452E-16, 9.150000000000000355 ) ) ;
#1756 = CARTESIAN_POINT ( 'NONE',  ( 3.750000000000000000, 0.000000000000000000, 5.999999999999997335 ) ) ;
#1757 = ORIENTED_EDGE ( 'NONE', *, *, #1679, .F. ) ;
#1758 = CIRCLE ( 'NONE', #2615, 1.650000000000002132 ) ;
#1759 = FACE_OUTER_BOUND ( 'NONE', #26, .T. ) ;
#1760 = VECTOR ( 'NONE', #106, 1000.000000000000000 ) ;
#1761 = EDGE_CURVE ( 'NONE', #2714, #968, #383, .T. ) ;
#1762 = ORIENTED_EDGE ( 'NONE', *, *, #2645, .T. ) ;
#1763 = MECHANICAL_DESIGN_GEOMETRIC_PRESENTATION_REPRESENTATION (  '', ( #741 ), #941 ) ;
#1764 = EDGE_LOOP ( 'NONE', ( #264, #1978, #836, #54 ) ) ;
#1765 = EDGE_CURVE ( 'NONE', #1799, #392, #1877, .T. ) ;
#1766 = VECTOR ( 'NONE', #745, 1000.000000000000000 ) ;
#1767 = DIRECTION ( 'NONE',  ( 0.000000000000000000, 0.000000000000000000, -1.000000000000000000 ) ) ;
#1768 = LINE ( 'NONE', #1547, #59 ) ;
#1769 = DIRECTION ( 'NONE',  ( 0.000000000000000000, 1.000000000000000000, 0.000000000000000000 ) ) ;
#1770 = DIRECTION ( 'NONE',  ( -1.000000000000000000, 7.527155660802045168E-31, -1.508455196501577149E-15 ) ) ;
#1771 = LINE ( 'NONE', #292, #625 ) ;
#1772 = VERTEX_POINT ( 'NONE', #565 ) ;
#1773 = VECTOR ( 'NONE', #1037, 1000.000000000000000 ) ;
#1774 = CARTESIAN_POINT ( 'NONE',  ( -12.54999999999999893, 0.000000000000000000, -9.150000000000002132 ) ) ;
#1775 = EDGE_CURVE ( 'NONE', #210, #2791, #2444, .T. ) ;
#1776 = CARTESIAN_POINT ( 'NONE',  ( -6.500000000000000000, -0.7000000000000096145, 2.687045879777130013E-14 ) ) ;
#1777 = CYLINDRICAL_SURFACE ( 'NONE', #2219, 1.000000000000000000 ) ;
#1778 = CARTESIAN_POINT ( 'NONE',  ( 12.55000000000000071, 0.000000000000000000, 9.149999999999995026 ) ) ;
#1779 = PLANE ( 'NONE',  #961 ) ;
#1780 =( LENGTH_UNIT ( ) NAMED_UNIT ( * ) SI_UNIT ( .MILLI., .METRE. ) );
#1781 = AXIS2_PLACEMENT_3D ( 'NONE', #2634, #467, #2161 ) ;
#1782 = VERTEX_POINT ( 'NONE', #813 ) ;
#1783 = ORIENTED_EDGE ( 'NONE', *, *, #1679, .T. ) ;
#1784 = ORIENTED_EDGE ( 'NONE', *, *, #131, .F. ) ;
#1785 = VERTEX_POINT ( 'NONE', #2795 ) ;
#1786 = CARTESIAN_POINT ( 'NONE',  ( -13.04999999999999893, -2.000000000000000000, -8.650000000000002132 ) ) ;
#1787 = VERTEX_POINT ( 'NONE', #1786 ) ;
#1788 = EDGE_CURVE ( 'NONE', #2925, #2937, #1804, .T. ) ;
#1789 = DIRECTION ( 'NONE',  ( 0.000000000000000000, 0.000000000000000000, 1.000000000000000000 ) ) ;
#1790 = DIRECTION ( 'NONE',  ( -0.000000000000000000, 1.000000000000000000, -0.000000000000000000 ) ) ;
#1791 = EDGE_CURVE ( 'NONE', #800, #2740, #1231, .T. ) ;
#1792 = AXIS2_PLACEMENT_3D ( 'NONE', #1707, #2898, #18 ) ;
#1793 = CARTESIAN_POINT ( 'NONE',  ( -9.999999999999998224, -1.300000000000000711, -2.499999999999999556 ) ) ;
#1794 = ORIENTED_EDGE ( 'NONE', *, *, #2119, .T. ) ;
#1795 = VECTOR ( 'NONE', #188, 1000.000000000000000 ) ;
#1796 = VECTOR ( 'NONE', #1805, 1000.000000000000000 ) ;
#1797 = DIRECTION ( 'NONE',  ( 4.625929269271487886E-16, 0.000000000000000000, 1.000000000000000000 ) ) ;
#1798 = CARTESIAN_POINT ( 'NONE',  ( 15.00000000000000000, 0.000000000000000000, -5.549999999999997158 ) ) ;
#1799 = VERTEX_POINT ( 'NONE', #2091 ) ;
#1800 = LINE ( 'NONE', #1202, #1571 ) ;
#1801 = LINE ( 'NONE', #1656, #2992 ) ;
#1802 = CARTESIAN_POINT ( 'NONE',  ( 15.00000000000000533, -1.300000000000000711, 7.499999999999996447 ) ) ;
#1803 = DIRECTION ( 'NONE',  ( 0.000000000000000000, -1.000000000000000000, 0.000000000000000000 ) ) ;
#1804 = CIRCLE ( 'NONE', #161, 5.100000000000004086 ) ;
#1805 = DIRECTION ( 'NONE',  ( -1.000000000000000000, -0.000000000000000000, -0.000000000000000000 ) ) ;
#1806 = EDGE_CURVE ( 'NONE', #1685, #479, #350, .T. ) ;
#1807 = CIRCLE ( 'NONE', #1321, 5.100000000000005862 ) ;
#1808 = ORIENTED_EDGE ( 'NONE', *, *, #2969, .F. ) ;
#1809 = CARTESIAN_POINT ( 'NONE',  ( -16.15000000000000213, -2.000000000000000000, 5.550000000000000711 ) ) ;
#1810 = VERTEX_POINT ( 'NONE', #883 ) ;
#1811 = EDGE_LOOP ( 'NONE', ( #2207, #1949, #721, #1794, #3013, #560, #1452, #1711 ) ) ;
#1812 = AXIS2_PLACEMENT_3D ( 'NONE', #3010, #855, #1579 ) ;
#1813 = DIRECTION ( 'NONE',  ( 0.000000000000000000, 1.000000000000000000, 0.000000000000000000 ) ) ;
#1814 = DIRECTION ( 'NONE',  ( 1.000000000000000000, -0.000000000000000000, -0.000000000000000000 ) ) ;
#1815 = VECTOR ( 'NONE', #2831, 1000.000000000000000 ) ;
#1816 = DIRECTION ( 'NONE',  ( 0.000000000000000000, -1.000000000000000000, 0.000000000000000000 ) ) ;
#1817 = EDGE_LOOP ( 'NONE', ( #430, #1444, #1028, #2626, #2181, #3114, #2035, #3040, #600, #298, #2163, #595, #2085, #2822, #122, #2077, #3051, #275, #1917, #668, #1133, #1003 ) ) ;
#1818 = DIRECTION ( 'NONE',  ( 0.000000000000000000, 0.000000000000000000, -1.000000000000000000 ) ) ;
#1819 = VERTEX_POINT ( 'NONE', #2750 ) ;
#1820 = DIRECTION ( 'NONE',  ( -0.000000000000000000, -1.000000000000000000, -0.000000000000000000 ) ) ;
#1821 = ORIENTED_EDGE ( 'NONE', *, *, #2151, .T. ) ;
#1822 = EDGE_LOOP ( 'NONE', ( #1553, #1926, #3090, #1358, #307, #680, #1726, #1564 ) ) ;
#1823 = EDGE_CURVE ( 'NONE', #329, #2377, #283, .T. ) ;
#1824 = DIRECTION ( 'NONE',  ( 1.000000000000000000, -0.000000000000000000, -0.000000000000000000 ) ) ;
#1825 = CARTESIAN_POINT ( 'NONE',  ( -4.750000000000000000, -4.900000000000000355, 6.999999999999998224 ) ) ;
#1826 = EDGE_LOOP ( 'NONE', ( #744, #558, #72, #637, #2971, #2873, #3027, #1172, #516, #1887 ) ) ;
#1827 = CARTESIAN_POINT ( 'NONE',  ( 7.500000000000003553, -0.7000000000000191624, -6.000000000000001776 ) ) ;
#1828 = PRODUCT_DEFINITION_SHAPE ( 'NONE', 'NONE',  #1453 ) ;
#1829 = ORIENTED_EDGE ( 'NONE', *, *, #346, .T. ) ;
#1830 = DIRECTION ( 'NONE',  ( 0.000000000000000000, -1.000000000000000000, 0.000000000000000000 ) ) ;
#1831 = ORIENTED_EDGE ( 'NONE', *, *, #1806, .F. ) ;
#1832 = EDGE_CURVE ( 'NONE', #1749, #2688, #1190, .T. ) ;
#1833 = DIRECTION ( 'NONE',  ( 0.000000000000000000, 0.000000000000000000, -1.000000000000000000 ) ) ;
#1834 = EDGE_CURVE ( 'NONE', #1180, #608, #1733, .T. ) ;
#1835 = VECTOR ( 'NONE', #1851, 1000.000000000000000 ) ;
#1836 = CIRCLE ( 'NONE', #3035, 0.4999999999999987232 ) ;
#1837 = ORIENTED_EDGE ( 'NONE', *, *, #1081, .T. ) ;
#1838 = DIRECTION ( 'NONE',  ( 0.000000000000000000, 0.000000000000000000, 1.000000000000000000 ) ) ;
#1839 = FACE_OUTER_BOUND ( 'NONE', #287, .T. ) ;
#1840 = ORIENTED_EDGE ( 'NONE', *, *, #2042, .T. ) ;
#1841 = LINE ( 'NONE', #576, #1107 ) ;
#1842 = AXIS2_PLACEMENT_3D ( 'NONE', #1827, #829, #809 ) ;
#1843 = VECTOR ( 'NONE', #737, 1000.000000000000000 ) ;
#1844 = DIRECTION ( 'NONE',  ( -0.000000000000000000, 1.000000000000000000, -0.000000000000000000 ) ) ;
#1845 = VECTOR ( 'NONE', #2600, 1000.000000000000000 ) ;
#1846 = CYLINDRICAL_SURFACE ( 'NONE', #2230, 0.5000000000000004441 ) ;
#1847 = DIRECTION ( 'NONE',  ( 0.000000000000000000, 0.000000000000000000, -1.000000000000000000 ) ) ;
#1848 = EDGE_LOOP ( 'NONE', ( #2205, #1239, #3078, #2317 ) ) ;
#1849 = ADVANCED_FACE ( 'NONE', ( #3032 ), #3071, .F. ) ;
#1850 = LINE ( 'NONE', #482, #1201 ) ;
#1851 = DIRECTION ( 'NONE',  ( 1.000000000000000000, -0.000000000000000000, -7.542275982507834467E-16 ) ) ;
#1852 = AXIS2_PLACEMENT_3D ( 'NONE', #410, #426, #2126 ) ;
#1853 = CARTESIAN_POINT ( 'NONE',  ( -6.500000000000000000, -1.300000000000000711, -3.499999999999995115 ) ) ;
#1854 = DIRECTION ( 'NONE',  ( 0.000000000000000000, -0.000000000000000000, -1.000000000000000000 ) ) ;
#1855 = EDGE_LOOP ( 'NONE', ( #401, #2672, #1621, #1338 ) ) ;
#1856 = ORIENTED_EDGE ( 'NONE', *, *, #1584, .T. ) ;
#1857 = ORIENTED_EDGE ( 'NONE', *, *, #1549, .T. ) ;
#1858 = ORIENTED_EDGE ( 'NONE', *, *, #1761, .T. ) ;
#1859 = CARTESIAN_POINT ( 'NONE',  ( 12.54999999999999893, -2.000000000000000000, -8.650000000000002132 ) ) ;
#1860 = DIRECTION ( 'NONE',  ( 1.000000000000000000, 0.000000000000000000, 1.294569758191647402E-16 ) ) ;
#1861 = ADVANCED_FACE ( 'NONE', ( #1067 ), #1499, .T. ) ;
#1862 = EDGE_LOOP ( 'NONE', ( #2490, #2387, #2109, #3001 ) ) ;
#1863 = DIRECTION ( 'NONE',  ( -1.000000000000000000, 0.000000000000000000, -0.000000000000000000 ) ) ;
#1864 = EDGE_CURVE ( 'NONE', #654, #1799, #422, .T. ) ;
#1865 = ORIENTED_EDGE ( 'NONE', *, *, #2530, .F. ) ;
#1866 = LINE ( 'NONE', #2307, #2339 ) ;
#1867 = DIRECTION ( 'NONE',  ( -1.000000000000000000, 0.000000000000000000, 3.469446951953616161E-16 ) ) ;
#1868 = AXIS2_PLACEMENT_3D ( 'NONE', #2823, #3084, #875 ) ;
#1869 = LINE ( 'NONE', #2671, #533 ) ;
#1870 = CARTESIAN_POINT ( 'NONE',  ( -4.749999999999999112, -1.300000000000002487, -0.9999999999999978906 ) ) ;
#1871 = DIRECTION ( 'NONE',  ( 1.000000000000000000, 0.000000000000000000, 1.294569758191647402E-16 ) ) ;
#1872 = EDGE_LOOP ( 'NONE', ( #2343, #2255, #2654, #1994, #1388, #2910 ) ) ;
#1873 = CARTESIAN_POINT ( 'NONE',  ( -15.00000000000000000, 0.000000000000000000, 9.149999999999998579 ) ) ;
#1874 = VECTOR ( 'NONE', #1963, 1000.000000000000000 ) ;
#1875 = EDGE_CURVE ( 'NONE', #2156, #685, #201, .T. ) ;
#1876 = FACE_OUTER_BOUND ( 'NONE', #86, .T. ) ;
#1877 = LINE ( 'NONE', #1127, #2402 ) ;
#1878 = ADVANCED_FACE ( 'NONE', ( #1423 ), #1343, .T. ) ;
#1879 = CARTESIAN_POINT ( 'NONE',  ( 15.00000000000000533, -2.000000000000000000, 7.499999999999996447 ) ) ;
#1880 = CIRCLE ( 'NONE', #1377, 1.950000000000002176 ) ;
#1881 = EDGE_CURVE ( 'NONE', #1940, #2653, #129, .T. ) ;
#1882 = DIRECTION ( 'NONE',  ( -0.000000000000000000, 1.000000000000000000, -0.000000000000000000 ) ) ;
#1883 = AXIS2_PLACEMENT_3D ( 'NONE', #2663, #2420, #2893 ) ;
#1884 = CARTESIAN_POINT ( 'NONE',  ( 15.00000000000000533, -2.000000000000000000, -7.499999999999996447 ) ) ;
#1885 = ORIENTED_EDGE ( 'NONE', *, *, #944, .T. ) ;
#1886 = ORIENTED_EDGE ( 'NONE', *, *, #2017, .F. ) ;
#1887 = ORIENTED_EDGE ( 'NONE', *, *, #2631, .T. ) ;
#1888 = FACE_OUTER_BOUND ( 'NONE', #783, .T. ) ;
#1889 = EDGE_LOOP ( 'NONE', ( #1169, #2423, #2557, #2640 ) ) ;
#1890 = DIRECTION ( 'NONE',  ( 0.000000000000000000, 0.000000000000000000, 1.000000000000000000 ) ) ;
#1891 = CARTESIAN_POINT ( 'NONE',  ( 16.15000000000000213, -2.000000000000000000, -5.049999999999997158 ) ) ;
#1892 = ORIENTED_EDGE ( 'NONE', *, *, #205, .T. ) ;
#1893 = DIRECTION ( 'NONE',  ( 0.000000000000000000, -0.000000000000000000, 1.000000000000000000 ) ) ;
#1894 = DIRECTION ( 'NONE',  ( 0.000000000000000000, 1.000000000000000000, 0.000000000000000000 ) ) ;
#1895 = ADVANCED_FACE ( 'NONE', ( #840 ), #1412, .F. ) ;
#1896 = ORIENTED_EDGE ( 'NONE', *, *, #2769, .T. ) ;
#1897 = EDGE_CURVE ( 'NONE', #1799, #2275, #732, .T. ) ;
#1898 = AXIS2_PLACEMENT_3D ( 'NONE', #1025, #2962, #1572 ) ;
#1899 = EDGE_CURVE ( 'NONE', #2421, #2377, #573, .T. ) ;
#1900 = ORIENTED_EDGE ( 'NONE', *, *, #160, .T. ) ;
#1901 = CARTESIAN_POINT ( 'NONE',  ( -15.00000000000000000, -4.900000000000000355, 9.149999999999998579 ) ) ;
#1902 = ORIENTED_EDGE ( 'NONE', *, *, #2236, .T. ) ;
#1903 = AXIS2_PLACEMENT_3D ( 'NONE', #487, #3126, #1237 ) ;
#1904 = DIRECTION ( 'NONE',  ( 0.000000000000000000, 0.000000000000000000, 1.000000000000000000 ) ) ;
#1905 = DIRECTION ( 'NONE',  ( 0.000000000000000000, 0.000000000000000000, -1.000000000000000000 ) ) ;
#1906 = CARTESIAN_POINT ( 'NONE',  ( 15.00000000000000000, -2.000000000000000000, 7.499999999999996447 ) ) ;
#1907 = ORIENTED_EDGE ( 'NONE', *, *, #2192, .T. ) ;
#1908 = EDGE_CURVE ( 'NONE', #1206, #224, #2835, .T. ) ;
#1909 = VERTEX_POINT ( 'NONE', #2160 ) ;
#1910 = ADVANCED_FACE ( 'NONE', ( #2441 ), #1415, .T. ) ;
#1911 = DIRECTION ( 'NONE',  ( 0.000000000000000000, 0.000000000000000000, 1.000000000000000000 ) ) ;
#1912 = CIRCLE ( 'NONE', #2392, 0.7499999999999993339 ) ;
#1913 = CIRCLE ( 'NONE', #2313, 3.000000000000000000 ) ;
#1914 = ORIENTED_EDGE ( 'NONE', *, *, #465, .T. ) ;
#1915 = AXIS2_PLACEMENT_3D ( 'NONE', #604, #1813, #2063 ) ;
#1916 = LINE ( 'NONE', #2048, #1378 ) ;
#1917 = ORIENTED_EDGE ( 'NONE', *, *, #1238, .T. ) ;
#1918 = DIRECTION ( 'NONE',  ( 0.000000000000000000, 1.000000000000000000, 0.000000000000000000 ) ) ;
#1919 = CYLINDRICAL_SURFACE ( 'NONE', #269, 0.5000000000000004441 ) ;
#1920 = DIRECTION ( 'NONE',  ( 0.000000000000000000, -1.000000000000000000, 0.000000000000000000 ) ) ;
#1921 = CARTESIAN_POINT ( 'NONE',  ( -12.54999999999999538, 0.000000000000000000, 9.149999999999996803 ) ) ;
#1922 = AXIS2_PLACEMENT_3D ( 'NONE', #1793, #1325, #1833 ) ;
#1923 = VECTOR ( 'NONE', #1050, 1000.000000000000000 ) ;
#1924 = DIRECTION ( 'NONE',  ( 0.000000000000000000, 0.000000000000000000, 1.000000000000000000 ) ) ;
#1925 = CIRCLE ( 'NONE', #437, 1.950000000000002176 ) ;
#1926 = ORIENTED_EDGE ( 'NONE', *, *, #2032, .T. ) ;
#1927 = CARTESIAN_POINT ( 'NONE',  ( 1.250000000000000666, -0.7000000000000127232, 5.424999999999992717 ) ) ;
#1928 = FACE_OUTER_BOUND ( 'NONE', #1822, .T. ) ;
#1929 = EDGE_CURVE ( 'NONE', #1819, #2131, #1647, .T. ) ;
#1930 = CARTESIAN_POINT ( 'NONE',  ( -15.00000000000000000, -2.000000000000000000, 9.149999999999996803 ) ) ;
#1931 = VECTOR ( 'NONE', #820, 1000.000000000000000 ) ;
#1932 = ORIENTED_EDGE ( 'NONE', *, *, #2556, .F. ) ;
#1933 = ORIENTED_EDGE ( 'NONE', *, *, #2210, .T. ) ;
#1934 = VERTEX_POINT ( 'NONE', #223 ) ;
#1935 = VERTEX_POINT ( 'NONE', #713 ) ;
#1936 = DIRECTION ( 'NONE',  ( 0.000000000000000000, -1.000000000000000000, 0.000000000000000000 ) ) ;
#1937 = EDGE_CURVE ( 'NONE', #1154, #791, #1800, .T. ) ;
#1938 = DIRECTION ( 'NONE',  ( 1.000000000000000000, -0.000000000000000000, 0.000000000000000000 ) ) ;
#1939 = CARTESIAN_POINT ( 'NONE',  ( -16.15000000000000213, -2.000000000000000000, 5.049999999999998934 ) ) ;
#1940 = VERTEX_POINT ( 'NONE', #2629 ) ;
#1941 = EDGE_CURVE ( 'NONE', #540, #1737, #88, .T. ) ;
#1942 = CIRCLE ( 'NONE', #1555, 1.000000000000000000 ) ;
#1943 = CARTESIAN_POINT ( 'NONE',  ( 1.250000000000000000, -1.850000000000000977, 7.799999999999997158 ) ) ;
#1944 = FACE_OUTER_BOUND ( 'NONE', #699, .T. ) ;
#1945 = DIRECTION ( 'NONE',  ( 0.000000000000000000, 0.000000000000000000, -1.000000000000000000 ) ) ;
#1946 = CARTESIAN_POINT ( 'NONE',  ( -12.54999999999999538, 0.000000000000000000, 8.649999999999996803 ) ) ;
#1947 = VERTEX_POINT ( 'NONE', #3096 ) ;
#1948 = EDGE_CURVE ( 'NONE', #2714, #627, #1305, .T. ) ;
#1949 = ORIENTED_EDGE ( 'NONE', *, *, #1724, .T. ) ;
#1950 = VECTOR ( 'NONE', #2843, 1000.000000000000000 ) ;
#1951 = FACE_OUTER_BOUND ( 'NONE', #255, .T. ) ;
#1952 = CYLINDRICAL_SURFACE ( 'NONE', #1070, 1.049999999999998934 ) ;
#1953 = EDGE_CURVE ( 'NONE', #2717, #2472, #695, .T. ) ;
#1954 = AXIS2_PLACEMENT_3D ( 'NONE', #2986, #2762, #605 ) ;
#1955 = DIRECTION ( 'NONE',  ( -1.000000000000000000, -0.000000000000000000, 1.156482317317871478E-16 ) ) ;
#1956 = DIRECTION ( 'NONE',  ( 1.000000000000000000, 0.000000000000000000, 6.938893903907236266E-16 ) ) ;
#1957 = VECTOR ( 'NONE', #3134, 1000.000000000000000 ) ;
#1958 = ORIENTED_EDGE ( 'NONE', *, *, #1125, .F. ) ;
#1959 = CARTESIAN_POINT ( 'NONE',  ( 15.00000000000000000, 0.000000000000000000, -5.549999999999997158 ) ) ;
#1960 = ORIENTED_EDGE ( 'NONE', *, *, #3016, .F. ) ;
#1961 = EDGE_LOOP ( 'NONE', ( #825, #1491, #583, #2108, #2170, #984, #177, #1546, #1933, #2496 ) ) ;
#1962 = VECTOR ( 'NONE', #2684, 1000.000000000000000 ) ;
#1963 = DIRECTION ( 'NONE',  ( -1.508455196501571429E-15, 0.000000000000000000, 1.000000000000000000 ) ) ;
#1964 = EDGE_CURVE ( 'NONE', #2925, #1053, #1614, .T. ) ;
#1965 = CARTESIAN_POINT ( 'NONE',  ( -3.174999999999998490, 9.340770846134702765, 3.500000000000006661 ) ) ;
#1966 = DIRECTION ( 'NONE',  ( 0.000000000000000000, 1.000000000000000000, 0.000000000000000000 ) ) ;
#1967 = VERTEX_POINT ( 'NONE', #1675 ) ;
#1968 = CARTESIAN_POINT ( 'NONE',  ( 13.04999999999999893, -2.000000000000000000, -7.499999999999996447 ) ) ;
#1969 = VERTEX_POINT ( 'NONE', #1447 ) ;
#1970 = ORIENTED_EDGE ( 'NONE', *, *, #1272, .T. ) ;
#1971 = AXIS2_PLACEMENT_3D ( 'NONE', #1906, #440, #427 ) ;
#1972 = ORIENTED_EDGE ( 'NONE', *, *, #42, .T. ) ;
#1973 = DIRECTION ( 'NONE',  ( 0.000000000000000000, 0.000000000000000000, -1.000000000000000000 ) ) ;
#1974 = CARTESIAN_POINT ( 'NONE',  ( -13.04999999999999538, 0.000000000000000000, 7.499999999999996447 ) ) ;
#1975 = DIRECTION ( 'NONE',  ( -0.000000000000000000, 1.000000000000000000, -0.000000000000000000 ) ) ;
#1976 = DIRECTION ( 'NONE',  ( 0.000000000000000000, 0.000000000000000000, 1.000000000000000000 ) ) ;
#1977 = EDGE_CURVE ( 'NONE', #2275, #2401, #2018, .T. ) ;
#1978 = ORIENTED_EDGE ( 'NONE', *, *, #1282, .F. ) ;
#1979 = ORIENTED_EDGE ( 'NONE', *, *, #2948, .F. ) ;
#1980 = DIRECTION ( 'NONE',  ( -0.000000000000000000, 1.000000000000000000, -0.000000000000000000 ) ) ;
#1981 = LINE ( 'NONE', #787, #2082 ) ;
#1982 = CIRCLE ( 'NONE', #1289, 5.100000000000011191 ) ;
#1983 = CARTESIAN_POINT ( 'NONE',  ( 14.50000000000000533, -1.300000000000000711, -2.500000000000001332 ) ) ;
#1984 = EDGE_LOOP ( 'NONE', ( #707 ) ) ;
#1985 = LINE ( 'NONE', #3008, #3115 ) ;
#1986 = ORIENTED_EDGE ( 'NONE', *, *, #480, .F. ) ;
#1987 = VECTOR ( 'NONE', #43, 1000.000000000000000 ) ;
#1988 = LINE ( 'NONE', #1873, #1040 ) ;
#1989 = DIRECTION ( 'NONE',  ( 0.000000000000000000, 0.000000000000000000, -1.000000000000000000 ) ) ;
#1990 = EDGE_CURVE ( 'NONE', #2491, #2632, #2506, .T. ) ;
#1991 = LINE ( 'NONE', #2329, #704 ) ;
#1992 = EDGE_CURVE ( 'NONE', #926, #537, #1460, .T. ) ;
#1993 = CARTESIAN_POINT ( 'NONE',  ( 3.750000000000000444, -1.300000000000000711, 2.323290369611794511E-16 ) ) ;
#1994 = ORIENTED_EDGE ( 'NONE', *, *, #2389, .F. ) ;
#1995 = DIRECTION ( 'NONE',  ( 0.000000000000000000, -6.505213034913263262E-15, 1.000000000000000000 ) ) ;
#1996 = DIRECTION ( 'NONE',  ( -0.000000000000000000, -1.000000000000000000, -0.000000000000000000 ) ) ;
#1997 = DIRECTION ( 'NONE',  ( 0.000000000000000000, 0.000000000000000000, 1.000000000000000000 ) ) ;
#1998 = VECTOR ( 'NONE', #1188, 1000.000000000000000 ) ;
#1999 = DIRECTION ( 'NONE',  ( 1.000000000000000000, 0.000000000000000000, 0.000000000000000000 ) ) ;
#2000 = VECTOR ( 'NONE', #574, 1000.000000000000000 ) ;
#2001 = DIRECTION ( 'NONE',  ( 0.000000000000000000, 0.000000000000000000, 1.000000000000000000 ) ) ;
#2002 = ORIENTED_EDGE ( 'NONE', *, *, #762, .T. ) ;
#2003 = CARTESIAN_POINT ( 'NONE',  ( 4.750000000000000888, -1.300000000000002487, 5.999999999999997335 ) ) ;
#2004 = CARTESIAN_POINT ( 'NONE',  ( -12.54999999999999893, -2.000000000000000000, -8.650000000000002132 ) ) ;
#2005 = ORIENTED_EDGE ( 'NONE', *, *, #1751, .F. ) ;
#2006 = CARTESIAN_POINT ( 'NONE',  ( -15.00000000000000178, -2.000000000000000000, -7.499999999999992895 ) ) ;
#2007 = ORIENTED_EDGE ( 'NONE', *, *, #2059, .F. ) ;
#2008 = AXIS2_PLACEMENT_3D ( 'NONE', #3031, #2106, #418 ) ;
#2009 = CARTESIAN_POINT ( 'NONE',  ( 3.337499999999994582, 9.340770846134702765, 3.337500000000011458 ) ) ;
#2010 = CARTESIAN_POINT ( 'NONE',  ( -16.15000000000000213, -2.000000000000000000, -5.049999999999991829 ) ) ;
#2011 = ORIENTED_EDGE ( 'NONE', *, *, #832, .F. ) ;
#2012 = LINE ( 'NONE', #2770, #1183 ) ;
#2013 = LINE ( 'NONE', #2529, #125 ) ;
#2014 = ORIENTED_EDGE ( 'NONE', *, *, #2407, .T. ) ;
#2015 = FACE_OUTER_BOUND ( 'NONE', #1848, .T. ) ;
#2016 = ORIENTED_EDGE ( 'NONE', *, *, #448, .F. ) ;
#2017 = EDGE_CURVE ( 'NONE', #597, #1731, #2248, .T. ) ;
#2018 = LINE ( 'NONE', #1667, #2580 ) ;
#2019 = CARTESIAN_POINT ( 'NONE',  ( -1.250000000000000222, -0.7000000000000023981, 5.424999999999993605 ) ) ;
#2020 = VECTOR ( 'NONE', #1335, 1000.000000000000000 ) ;
#2021 = LINE ( 'NONE', #1168, #93 ) ;
#2022 = DIRECTION ( 'NONE',  ( -0.000000000000000000, 1.000000000000000000, -1.490777987167577471E-15 ) ) ;
#2023 = VECTOR ( 'NONE', #3109, 1000.000000000000000 ) ;
#2024 = AXIS2_PLACEMENT_3D ( 'NONE', #1061, #2973, #1294 ) ;
#2025 = ORIENTED_EDGE ( 'NONE', *, *, #2418, .T. ) ;
#2026 = CARTESIAN_POINT ( 'NONE',  ( 5.000000000000000000, -0.7000000000000200506, -1.999999999999994893 ) ) ;
#2027 = DIRECTION ( 'NONE',  ( -0.000000000000000000, 1.000000000000000000, -0.000000000000000000 ) ) ;
#2028 = VERTEX_POINT ( 'NONE', #2864 ) ;
#2029 = EDGE_CURVE ( 'NONE', #689, #1154, #1534, .T. ) ;
#2030 = FACE_OUTER_BOUND ( 'NONE', #170, .T. ) ;
#2031 = CARTESIAN_POINT ( 'NONE',  ( 16.64999999999999858, 0.000000000000000000, -5.049999999999997158 ) ) ;
#2032 = EDGE_CURVE ( 'NONE', #906, #2653, #1729, .T. ) ;
#2033 = DIRECTION ( 'NONE',  ( -0.000000000000000000, 1.000000000000000000, -1.490777987167577471E-15 ) ) ;
#2034 = ORIENTED_EDGE ( 'NONE', *, *, #1662, .T. ) ;
#2035 = ORIENTED_EDGE ( 'NONE', *, *, #277, .T. ) ;
#2036 = CARTESIAN_POINT ( 'NONE',  ( -6.499999999999998224, -1.300000000000000711, -5.999999999999999112 ) ) ;
#2037 = ORIENTED_EDGE ( 'NONE', *, *, #819, .T. ) ;
#2038 = ADVANCED_FACE ( 'NONE', ( #879 ), #3067, .F. ) ;
#2039 = DIRECTION ( 'NONE',  ( 0.000000000000000000, 1.000000000000000000, 0.000000000000000000 ) ) ;
#2040 = VERTEX_POINT ( 'NONE', #1708 ) ;
#2041 = DIRECTION ( 'NONE',  ( 0.000000000000000000, 0.000000000000000000, -1.000000000000000000 ) ) ;
#2042 = EDGE_CURVE ( 'NONE', #866, #431, #124, .T. ) ;
#2043 = AXIS2_PLACEMENT_3D ( 'NONE', #1626, #1145, #2344 ) ;
#2044 = EDGE_CURVE ( 'NONE', #367, #2527, #2283, .T. ) ;
#2045 = ORIENTED_EDGE ( 'NONE', *, *, #878, .F. ) ;
#2046 =( NAMED_UNIT ( * ) PLANE_ANGLE_UNIT ( ) SI_UNIT ( $, .RADIAN. ) );
#2047 = EDGE_LOOP ( 'NONE', ( #484, #2934, #1284, #1513 ) ) ;
#2048 = CARTESIAN_POINT ( 'NONE',  ( 6.499999999999999112, -0.7000000000000096145, 3.170290276656382877E-14 ) ) ;
#2049 = AXIS2_PLACEMENT_3D ( 'NONE', #710, #407, #2353 ) ;
#2050 = CIRCLE ( 'NONE', #884, 0.5000000000000004441 ) ;
#2051 = ORIENTED_EDGE ( 'NONE', *, *, #2918, .T. ) ;
#2052 = CIRCLE ( 'NONE', #1271, 5.100000000000004086 ) ;
#2053 = CARTESIAN_POINT ( 'NONE',  ( -15.15000000000000391, -4.900000000000000355, -2.499999999999987566 ) ) ;
#2054 = CARTESIAN_POINT ( 'NONE',  ( -4.999999999999998224, 18.40497317454278914, -1.999999999999998224 ) ) ;
#2055 = VECTOR ( 'NONE', #36, 1000.000000000000000 ) ;
#2056 = ADVANCED_FACE ( 'NONE', ( #496 ), #2989, .T. ) ;
#2057 = DIRECTION ( 'NONE',  ( 0.000000000000000000, 0.000000000000000000, 1.000000000000000000 ) ) ;
#2058 = LINE ( 'NONE', #694, #1655 ) ;
#2059 = EDGE_CURVE ( 'NONE', #831, #2292, #20, .T. ) ;
#2060 = ORIENTED_EDGE ( 'NONE', *, *, #1908, .F. ) ;
#2061 = ORIENTED_EDGE ( 'NONE', *, *, #218, .F. ) ;
#2062 = AXIS2_PLACEMENT_3D ( 'NONE', #2890, #2409, #705 ) ;
#2063 = DIRECTION ( 'NONE',  ( 0.000000000000000000, 0.000000000000000000, 1.000000000000000000 ) ) ;
#2064 = VECTOR ( 'NONE', #2929, 1000.000000000000000 ) ;
#2065 = ORIENTED_EDGE ( 'NONE', *, *, #2571, .F. ) ;
#2066 = LINE ( 'NONE', #2946, #2931 ) ;
#2067 = AXIS2_PLACEMENT_3D ( 'NONE', #2788, #865, #1847 ) ;
#2068 = PLANE ( 'NONE',  #2532 ) ;
#2069 = ADVANCED_FACE ( 'NONE', ( #2758 ), #345, .F. ) ;
#2070 = ORIENTED_EDGE ( 'NONE', *, *, #1948, .F. ) ;
#2071 = ORIENTED_EDGE ( 'NONE', *, *, #2779, .F. ) ;
#2072 = DIRECTION ( 'NONE',  ( 0.000000000000000000, 0.000000000000000000, -1.000000000000000000 ) ) ;
#2073 = ADVANCED_FACE ( 'NONE', ( #2206 ), #2914, .T. ) ;
#2074 = EDGE_CURVE ( 'NONE', #1657, #2598, #804, .T. ) ;
#2075 = CARTESIAN_POINT ( 'NONE',  ( -10.04999999999999716, -2.000000000000000000, 2.499999999999996003 ) ) ;
#2076 = EDGE_CURVE ( 'NONE', #479, #1683, #419, .T. ) ;
#2077 = ORIENTED_EDGE ( 'NONE', *, *, #2722, .F. ) ;
#2078 = DIRECTION ( 'NONE',  ( 0.000000000000000000, -1.000000000000000000, 0.000000000000000000 ) ) ;
#2079 = DIRECTION ( 'NONE',  ( -1.000000000000000000, 0.000000000000000000, 6.938893903907224433E-16 ) ) ;
#2080 = ORIENTED_EDGE ( 'NONE', *, *, #3016, .T. ) ;
#2081 = EDGE_CURVE ( 'NONE', #1947, #898, #278, .T. ) ;
#2082 = VECTOR ( 'NONE', #764, 1000.000000000000000 ) ;
#2083 = FACE_OUTER_BOUND ( 'NONE', #1022, .T. ) ;
#2084 = ADVANCED_FACE ( 'NONE', ( #243 ), #977, .T. ) ;
#2085 = ORIENTED_EDGE ( 'NONE', *, *, #1823, .T. ) ;
#2086 = DIRECTION ( 'NONE',  ( -1.000000000000000000, 0.000000000000000000, 1.301042606982605567E-16 ) ) ;
#2087 = VERTEX_POINT ( 'NONE', #2943 ) ;
#2088 = EDGE_LOOP ( 'NONE', ( #997, #3017, #2803, #46 ) ) ;
#2089 = CIRCLE ( 'NONE', #1649, 0.5000000000000022204 ) ;
#2090 = EDGE_CURVE ( 'NONE', #537, #1488, #1495, .T. ) ;
#2091 = CARTESIAN_POINT ( 'NONE',  ( -7.499999999999998224, -1.300000000000000711, -6.999999999999999112 ) ) ;
#2092 = CYLINDRICAL_SURFACE ( 'NONE', #2573, 0.5000000000000004441 ) ;
#2093 = CARTESIAN_POINT ( 'NONE',  ( 16.15000000000000213, 0.000000000000000000, 5.049999999999997158 ) ) ;
#2094 = LINE ( 'NONE', #1825, #1578 ) ;
#2095 = DIRECTION ( 'NONE',  ( -0.000000000000000000, -1.000000000000000000, -4.170008355713504268E-16 ) ) ;
#2096 = DIRECTION ( 'NONE',  ( 0.000000000000000000, -1.517883041479707194E-15, -1.000000000000000000 ) ) ;
#2097 = CIRCLE ( 'NONE', #120, 1.049999999999998934 ) ;
#2098 = ORIENTED_EDGE ( 'NONE', *, *, #1881, .T. ) ;
#2099 = FACE_OUTER_BOUND ( 'NONE', #1862, .T. ) ;
#2100 = ORIENTED_EDGE ( 'NONE', *, *, #1176, .F. ) ;
#2101 = LINE ( 'NONE', #1280, #1204 ) ;
#2102 = CARTESIAN_POINT ( 'NONE',  ( 12.55000000000000071, -2.000000000000000000, 8.649999999999996803 ) ) ;
#2103 = ADVANCED_FACE ( 'NONE', ( #1064 ), #2565, .F. ) ;
#2104 = EDGE_CURVE ( 'NONE', #1149, #340, #2089, .T. ) ;
#2105 = DIRECTION ( 'NONE',  ( 0.000000000000000000, 1.000000000000000000, 0.000000000000000000 ) ) ;
#2106 = DIRECTION ( 'NONE',  ( 0.000000000000000000, -1.000000000000000000, 0.000000000000000000 ) ) ;
#2107 = EDGE_LOOP ( 'NONE', ( #2577, #1288, #1829, #1752 ) ) ;
#2108 = ORIENTED_EDGE ( 'NONE', *, *, #1130, .T. ) ;
#2109 = ORIENTED_EDGE ( 'NONE', *, *, #250, .F. ) ;
#2110 = CARTESIAN_POINT ( 'NONE',  ( -12.54999999999999538, -2.000000000000000000, 8.649999999999996803 ) ) ;
#2111 = ORIENTED_EDGE ( 'NONE', *, *, #569, .F. ) ;
#2112 = CARTESIAN_POINT ( 'NONE',  ( 1.114204917553042655E-16, -3.000000000000000000, -0.07386397157415269810 ) ) ;
#2113 = CARTESIAN_POINT ( 'NONE',  ( -13.04999999999999893, 0.000000000000000000, -7.499999999999992895 ) ) ;
#2114 = DIRECTION ( 'NONE',  ( 0.000000000000000000, -0.000000000000000000, -1.000000000000000000 ) ) ;
#2115 = CARTESIAN_POINT ( 'NONE',  ( -15.00000000000000000, -4.900000000000000355, -7.499999999999992895 ) ) ;
#2116 = VERTEX_POINT ( 'NONE', #2303 ) ;
#2117 = DIRECTION ( 'NONE',  ( 0.000000000000000000, 0.000000000000000000, -1.000000000000000000 ) ) ;
#2118 = CARTESIAN_POINT ( 'NONE',  ( -9.999999999999998224, -4.900000000000000355, -6.999999999999999112 ) ) ;
#2119 = EDGE_CURVE ( 'NONE', #2638, #897, #2655, .T. ) ;
#2120 = CARTESIAN_POINT ( 'NONE',  ( 15.00000000000000000, -4.900000000000000355, -7.499999999999996447 ) ) ;
#2121 = ADVANCED_FACE ( 'NONE', ( #912, #837, #196 ), #894, .T. ) ;
#2122 = VERTEX_POINT ( 'NONE', #1620 ) ;
#2123 = CARTESIAN_POINT ( 'NONE',  ( -6.938893903907230350E-16, 18.40497317454278914, -1.999999999999999556 ) ) ;
#2124 = AXIS2_PLACEMENT_3D ( 'NONE', #248, #473, #1211 ) ;
#2125 = DIRECTION ( 'NONE',  ( 0.000000000000000000, 0.000000000000000000, 1.000000000000000000 ) ) ;
#2126 = DIRECTION ( 'NONE',  ( 0.000000000000000000, 0.000000000000000000, -1.000000000000000000 ) ) ;
#2127 = VERTEX_POINT ( 'NONE', #658 ) ;
#2128 = DIRECTION ( 'NONE',  ( 0.000000000000000000, 1.000000000000000000, 0.000000000000000000 ) ) ;
#2129 = VECTOR ( 'NONE', #2597, 1000.000000000000000 ) ;
#2130 = DIRECTION ( 'NONE',  ( -0.000000000000000000, 1.000000000000000000, -1.490777987167577471E-15 ) ) ;
#2131 = VERTEX_POINT ( 'NONE', #1128 ) ;
#2132 = VECTOR ( 'NONE', #557, 1000.000000000000000 ) ;
#2133 = CIRCLE ( 'NONE', #1739, 5.100000000000005862 ) ;
#2134 = CARTESIAN_POINT ( 'NONE',  ( 4.750000000000001776, 18.40497317454278914, -1.999999999999996669 ) ) ;
#2135 = CIRCLE ( 'NONE', #2328, 1.150000000000001688 ) ;
#2136 = EDGE_CURVE ( 'NONE', #958, #1032, #767, .T. ) ;
#2137 = DIRECTION ( 'NONE',  ( 0.000000000000000000, 0.000000000000000000, -1.000000000000000000 ) ) ;
#2138 = CARTESIAN_POINT ( 'NONE',  ( -6.500000000000000000, -1.300000000000000711, -1.610814656264174438E-15 ) ) ;
#2139 = ORIENTED_EDGE ( 'NONE', *, *, #1238, .F. ) ;
#2140 = ADVANCED_FACE ( 'NONE', ( #2685 ), #2809, .F. ) ;
#2141 = DIRECTION ( 'NONE',  ( 0.000000000000000000, 1.000000000000000000, 0.000000000000000000 ) ) ;
#2142 = CARTESIAN_POINT ( 'NONE',  ( -15.00000000000000000, -4.900000000000000355, 9.149999999999998579 ) ) ;
#2143 = ORIENTED_EDGE ( 'NONE', *, *, #40, .T. ) ;
#2144 = VERTEX_POINT ( 'NONE', #1137 ) ;
#2145 = VECTOR ( 'NONE', #940, 1000.000000000000000 ) ;
#2146 = CARTESIAN_POINT ( 'NONE',  ( 15.00000000000000000, -4.900000000000000355, 9.150000000000002132 ) ) ;
#2147 = EDGE_LOOP ( 'NONE', ( #380 ) ) ;
#2148 = CIRCLE ( 'NONE', #2157, 1.950000000000000400 ) ;
#2149 = DIRECTION ( 'NONE',  ( 0.000000000000000000, 0.000000000000000000, 1.000000000000000000 ) ) ;
#2150 = ORIENTED_EDGE ( 'NONE', *, *, #1964, .T. ) ;
#2151 = EDGE_CURVE ( 'NONE', #1819, #1359, #50, .T. ) ;
#2152 = CARTESIAN_POINT ( 'NONE',  ( 15.15000000000000568, -1.300000000000000711, -2.499999999999984457 ) ) ;
#2153 = EDGE_CURVE ( 'NONE', #1098, #295, #1336, .T. ) ;
#2154 = CARTESIAN_POINT ( 'NONE',  ( -16.15000000000000213, -2.000000000000000000, -5.549999999999992717 ) ) ;
#2155 = CARTESIAN_POINT ( 'NONE',  ( -14.99999999999999645, -4.900000000000000355, 7.500000000000000000 ) ) ;
#2156 = VERTEX_POINT ( 'NONE', #2335 ) ;
#2157 = AXIS2_PLACEMENT_3D ( 'NONE', #1424, #679, #1904 ) ;
#2158 = CARTESIAN_POINT ( 'NONE',  ( 4.750000000000001776, -0.7000000000000130562, -1.999999999999996669 ) ) ;
#2159 = DIRECTION ( 'NONE',  ( -0.000000000000000000, 1.000000000000000000, -0.000000000000000000 ) ) ;
#2160 = CARTESIAN_POINT ( 'NONE',  ( -13.04999999999999538, -2.000000000000000000, 8.649999999999996803 ) ) ;
#2161 = DIRECTION ( 'NONE',  ( 0.000000000000000000, 0.000000000000000000, 1.000000000000000000 ) ) ;
#2162 = DIRECTION ( 'NONE',  ( -1.000000000000000000, 0.000000000000000000, 7.542275982507857147E-16 ) ) ;
#2163 = ORIENTED_EDGE ( 'NONE', *, *, #2780, .T. ) ;
#2164 = EDGE_LOOP ( 'NONE', ( #1179, #862, #939, #1541, #2930, #1076, #1433, #1645 ) ) ;
#2165 = CARTESIAN_POINT ( 'NONE',  ( -13.77740966098106412, -1.300000000000000711, 5.980864435628745923 ) ) ;
#2166 = FACE_OUTER_BOUND ( 'NONE', #1158, .T. ) ;
#2167 = CIRCLE ( 'NONE', #1922, 4.500000000000003553 ) ;
#2168 = EDGE_LOOP ( 'NONE', ( #1958, #838, #1744, #2926 ) ) ;
#2169 = AXIS2_PLACEMENT_3D ( 'NONE', #443, #1654, #687 ) ;
#2170 = ORIENTED_EDGE ( 'NONE', *, *, #2327, .T. ) ;
#2171 = PLANE ( 'NONE',  #1199 ) ;
#2172 = LINE ( 'NONE', #143, #2715 ) ;
#2173 = CARTESIAN_POINT ( 'NONE',  ( 15.00000000000000000, -4.900000000000000355, -7.499999999999996447 ) ) ;
#2174 = LINE ( 'NONE', #1590, #774 ) ;
#2175 = PLANE ( 'NONE',  #1903 ) ;
#2176 = FACE_OUTER_BOUND ( 'NONE', #1089, .T. ) ;
#2177 = ORIENTED_EDGE ( 'NONE', *, *, #1992, .T. ) ;
#2178 = VECTOR ( 'NONE', #1483, 1000.000000000000000 ) ;
#2179 = CARTESIAN_POINT ( 'NONE',  ( -3.337499999999994582, -0.7000000000000118350, 3.337500000000007017 ) ) ;
#2180 = EDGE_CURVE ( 'NONE', #3011, #1749, #2050, .T. ) ;
#2181 = ORIENTED_EDGE ( 'NONE', *, *, #1398, .T. ) ;
#2182 = CARTESIAN_POINT ( 'NONE',  ( -5.000000000000000000, -1.300000000000000711, -3.499999999999998224 ) ) ;
#2183 = FACE_OUTER_BOUND ( 'NONE', #2466, .T. ) ;
#2184 = PLANE ( 'NONE',  #3058 ) ;
#2185 = AXIS2_PLACEMENT_3D ( 'NONE', #2497, #1286, #2995 ) ;
#2186 = VERTEX_POINT ( 'NONE', #412 ) ;
#2187 = ORIENTED_EDGE ( 'NONE', *, *, #1212, .T. ) ;
#2188 = ORIENTED_EDGE ( 'NONE', *, *, #429, .T. ) ;
#2189 = CARTESIAN_POINT ( 'NONE',  ( 13.77740966098108899, -1.300000000000000711, -5.980864435628723719 ) ) ;
#2190 = ORIENTED_EDGE ( 'NONE', *, *, #2475, .T. ) ;
#2191 = DIRECTION ( 'NONE',  ( -0.000000000000000000, -1.000000000000000000, -0.000000000000000000 ) ) ;
#2192 = EDGE_CURVE ( 'NONE', #306, #2817, #2172, .T. ) ;
#2193 = DIRECTION ( 'NONE',  ( 0.000000000000000000, -1.000000000000000000, 0.000000000000000000 ) ) ;
#2194 = PLANE ( 'NONE',  #910 ) ;
#2195 = ORIENTED_EDGE ( 'NONE', *, *, #1761, .F. ) ;
#2196 = AXIS2_PLACEMENT_3D ( 'NONE', #37, #1105, #2781 ) ;
#2197 = ORIENTED_EDGE ( 'NONE', *, *, #2876, .F. ) ;
#2198 = CARTESIAN_POINT ( 'NONE',  ( -3.749999999999998668, 18.40497317454278914, -0.9999999999999976685 ) ) ;
#2199 = VERTEX_POINT ( 'NONE', #854 ) ;
#2200 = DIRECTION ( 'NONE',  ( 0.000000000000000000, 0.000000000000000000, 1.000000000000000000 ) ) ;
#2201 = CARTESIAN_POINT ( 'NONE',  ( 3.174999999999999378, 0.000000000000000000, 3.894910182745377141E-15 ) ) ;
#2202 = CARTESIAN_POINT ( 'NONE',  ( 15.15000000000000568, -1.300000000000000711, -2.499999999999984457 ) ) ;
#2203 = ORIENTED_EDGE ( 'NONE', *, *, #780, .T. ) ;
#2204 = CARTESIAN_POINT ( 'NONE',  ( 10.00000000000000178, -4.900000000000000355, 2.499999999999996891 ) ) ;
#2205 = ORIENTED_EDGE ( 'NONE', *, *, #1875, .F. ) ;
#2206 = FACE_OUTER_BOUND ( 'NONE', #2766, .T. ) ;
#2207 = ORIENTED_EDGE ( 'NONE', *, *, #1977, .T. ) ;
#2208 = CIRCLE ( 'NONE', #833, 1.050000000000000488 ) ;
#2209 = LINE ( 'NONE', #1019, #659 ) ;
#2210 = EDGE_CURVE ( 'NONE', #1506, #2717, #3025, .T. ) ;
#2211 = EDGE_CURVE ( 'NONE', #1785, #1475, #456, .T. ) ;
#2212 = DIRECTION ( 'NONE',  ( -0.000000000000000000, -0.000000000000000000, 1.000000000000000000 ) ) ;
#2213 = PLANE ( 'NONE',  #2970 ) ;
#2214 = LINE ( 'NONE', #2698, #1766 ) ;
#2215 = CARTESIAN_POINT ( 'NONE',  ( 16.65000000000000568, -2.000000000000000000, 7.499999999999996447 ) ) ;
#2216 = ORIENTED_EDGE ( 'NONE', *, *, #1112, .F. ) ;
#2217 = CARTESIAN_POINT ( 'NONE',  ( 5.000000000000000000, 0.000000000000000000, -4.249999999999992006 ) ) ;
#2218 = CARTESIAN_POINT ( 'NONE',  ( -13.77740966098107300, -2.000000000000000000, -5.980864435628733489 ) ) ;
#2219 = AXIS2_PLACEMENT_3D ( 'NONE', #948, #423, #1411 ) ;
#2220 = ORIENTED_EDGE ( 'NONE', *, *, #2493, .T. ) ;
#2221 = ORIENTED_EDGE ( 'NONE', *, *, #1834, .T. ) ;
#2222 = LINE ( 'NONE', #435, #433 ) ;
#2223 = CARTESIAN_POINT ( 'NONE',  ( -10.04999999999999538, -4.900000000000000355, -7.600000000000004086 ) ) ;
#2224 = ORIENTED_EDGE ( 'NONE', *, *, #1510, .F. ) ;
#2225 = FACE_OUTER_BOUND ( 'NONE', #2874, .T. ) ;
#2226 = DIRECTION ( 'NONE',  ( 1.858632295689435116E-16, 0.000000000000000000, -1.000000000000000000 ) ) ;
#2227 = CARTESIAN_POINT ( 'NONE',  ( -13.77740966098107300, -3.100000000000000977, 5.980864435628737041 ) ) ;
#2228 = EDGE_CURVE ( 'NONE', #3011, #2817, #797, .T. ) ;
#2229 = ORIENTED_EDGE ( 'NONE', *, *, #2239, .T. ) ;
#2230 = AXIS2_PLACEMENT_3D ( 'NONE', #505, #2900, #2661 ) ;
#2231 = ORIENTED_EDGE ( 'NONE', *, *, #2432, .F. ) ;
#2232 = DIRECTION ( 'NONE',  ( -0.000000000000000000, -1.000000000000000000, 0.000000000000000000 ) ) ;
#2233 = AXIS2_PLACEMENT_3D ( 'NONE', #2485, #75, #2001 ) ;
#2234 = CARTESIAN_POINT ( 'NONE',  ( 6.500000000000001776, -0.7000000000000200506, -6.000000000000002665 ) ) ;
#2235 = APPLICATION_PROTOCOL_DEFINITION ( 'draft international standard', 'automotive_design', 1998, #1535 ) ;
#2236 = EDGE_CURVE ( 'NONE', #776, #2491, #2650, .T. ) ;
#2237 = ORIENTED_EDGE ( 'NONE', *, *, #2375, .T. ) ;
#2238 = ORIENTED_EDGE ( 'NONE', *, *, #1584, .F. ) ;
#2239 = EDGE_CURVE ( 'NONE', #2955, #2955, #1912, .T. ) ;
#2240 = PLANE ( 'NONE',  #1429 ) ;
#2241 = CYLINDRICAL_SURFACE ( 'NONE', #991, 5.100000000000011191 ) ;
#2242 = FACE_OUTER_BOUND ( 'NONE', #981, .T. ) ;
#2243 = CARTESIAN_POINT ( 'NONE',  ( -13.04999999999999538, 0.000000000000000000, 8.649999999999996803 ) ) ;
#2244 = CARTESIAN_POINT ( 'NONE',  ( 10.05000000000000071, -4.900000000000000355, -2.499999999999998668 ) ) ;
#2245 = ORIENTED_EDGE ( 'NONE', *, *, #2374, .F. ) ;
#2246 = VERTEX_POINT ( 'NONE', #1021 ) ;
#2247 = ORIENTED_EDGE ( 'NONE', *, *, #553, .F. ) ;
#2248 = LINE ( 'NONE', #683, #1950 ) ;
#2249 = VECTOR ( 'NONE', #1248, 1000.000000000000000 ) ;
#2250 = CYLINDRICAL_SURFACE ( 'NONE', #1175, 1.150000000000001688 ) ;
#2251 = ADVANCED_FACE ( 'NONE', ( #2314 ), #2304, .T. ) ;
#2252 = CARTESIAN_POINT ( 'NONE',  ( 15.00000000000000000, -2.000000000000000000, 5.549999999999997158 ) ) ;
#2253 = CIRCLE ( 'NONE', #2345, 5.100000000000004086 ) ;
#2254 = EDGE_CURVE ( 'NONE', #844, #866, #2012, .T. ) ;
#2255 = ORIENTED_EDGE ( 'NONE', *, *, #2727, .F. ) ;
#2256 = CARTESIAN_POINT ( 'NONE',  ( -1.250000000000000000, 0.000000000000000000, 9.150000000000000355 ) ) ;
#2257 = FACE_OUTER_BOUND ( 'NONE', #3053, .T. ) ;
#2258 =( NAMED_UNIT ( * ) SI_UNIT ( $, .STERADIAN. ) SOLID_ANGLE_UNIT ( ) );
#2259 = ORIENTED_EDGE ( 'NONE', *, *, #2540, .F. ) ;
#2260 = EDGE_CURVE ( 'NONE', #2740, #1935, #157, .T. ) ;
#2261 = FACE_OUTER_BOUND ( 'NONE', #859, .T. ) ;
#2262 = DIRECTION ( 'NONE',  ( -0.000000000000000000, -0.000000000000000000, -1.000000000000000000 ) ) ;
#2263 = VERTEX_POINT ( 'NONE', #2753 ) ;
#2264 = CARTESIAN_POINT ( 'NONE',  ( -15.00000000000000178, -2.000000000000000000, 5.549999999999998934 ) ) ;
#2265 = ADVANCED_FACE ( 'NONE', ( #2396 ), #532, .T. ) ;
#2266 = VERTEX_POINT ( 'NONE', #628 ) ;
#2267 = ORIENTED_EDGE ( 'NONE', *, *, #1941, .F. ) ;
#2268 = ORIENTED_EDGE ( 'NONE', *, *, #2104, .F. ) ;
#2269 = CARTESIAN_POINT ( 'NONE',  ( -1.250000000000000000, -0.6999999999999988454, 7.799999999999997158 ) ) ;
#2270 = VERTEX_POINT ( 'NONE', #358 ) ;
#2271 = EDGE_CURVE ( 'NONE', #906, #506, #2950, .T. ) ;
#2272 = AXIS2_PLACEMENT_3D ( 'NONE', #3042, #2079, #2330 ) ;
#2273 = CARTESIAN_POINT ( 'NONE',  ( 13.49322818559232928, -3.100000000000000977, -6.262204096263598530 ) ) ;
#2274 = DIRECTION ( 'NONE',  ( 0.000000000000000000, 0.000000000000000000, 1.000000000000000000 ) ) ;
#2275 = VERTEX_POINT ( 'NONE', #2776 ) ;
#2276 = DIRECTION ( 'NONE',  ( -1.000000000000000000, 0.000000000000000000, -1.294569758191647402E-16 ) ) ;
#2277 = CARTESIAN_POINT ( 'NONE',  ( -15.00000000000000000, -4.900000000000000355, -9.149999999999998579 ) ) ;
#2278 = VERTEX_POINT ( 'NONE', #369 ) ;
#2279 = ADVANCED_FACE ( 'NONE', ( #1101 ), #1340, .T. ) ;
#2280 = CARTESIAN_POINT ( 'NONE',  ( 5.000000000000000000, 0.000000000000000000, -3.499999999999992006 ) ) ;
#2281 = VERTEX_POINT ( 'NONE', #2053 ) ;
#2282 = EDGE_CURVE ( 'NONE', #1634, #2974, #3111, .T. ) ;
#2283 = LINE ( 'NONE', #1718, #1874 ) ;
#2284 = PLANE ( 'NONE',  #49 ) ;
#2285 = ORIENTED_EDGE ( 'NONE', *, *, #2374, .T. ) ;
#2286 = FACE_OUTER_BOUND ( 'NONE', #1817, .T. ) ;
#2287 = CARTESIAN_POINT ( 'NONE',  ( -16.64999999999999147, -4.900000000000000355, 7.500000000000000888 ) ) ;
#2288 = LINE ( 'NONE', #995, #2957 ) ;
#2289 = CARTESIAN_POINT ( 'NONE',  ( -3.750000000000000000, 0.000000000000000000, 5.999999999999998224 ) ) ;
#2290 = LINE ( 'NONE', #2269, #1695 ) ;
#2291 = CARTESIAN_POINT ( 'NONE',  ( -14.50000000000000000, 0.000000000000000000, 2.500000000000004441 ) ) ;
#2292 = VERTEX_POINT ( 'NONE', #2291 ) ;
#2293 = ORIENTED_EDGE ( 'NONE', *, *, #3103, .T. ) ;
#2294 = VERTEX_POINT ( 'NONE', #843 ) ;
#2295 = FACE_BOUND ( 'NONE', #636, .T. ) ;
#2296 = CARTESIAN_POINT ( 'NONE',  ( -9.999999999999998224, -4.900000000000000355, -2.499999999999999556 ) ) ;
#2297 = EDGE_LOOP ( 'NONE', ( #2523 ) ) ;
#2298 = EDGE_CURVE ( 'NONE', #2040, #1683, #2468, .T. ) ;
#2299 = PRODUCT_DEFINITION_FORMATION_WITH_SPECIFIED_SOURCE ( 'ANY', '', #1747, .NOT_KNOWN. ) ;
#2300 = ORIENTED_EDGE ( 'NONE', *, *, #1160, .F. ) ;
#2301 = CARTESIAN_POINT ( 'NONE',  ( -3.175000000000000266, -0.7000000000000133893, -1.999999999999997335 ) ) ;
#2302 = ORIENTED_EDGE ( 'NONE', *, *, #762, .F. ) ;
#2303 = CARTESIAN_POINT ( 'NONE',  ( -10.04999999999999716, -4.900000000000000355, 7.600000000000001421 ) ) ;
#2304 = PLANE ( 'NONE',  #3093 ) ;
#2305 = DIRECTION ( 'NONE',  ( 1.000000000000000000, -0.000000000000000000, 6.938893903907259932E-16 ) ) ;
#2306 = EDGE_CURVE ( 'NONE', #828, #2156, #1607, .T. ) ;
#2307 = CARTESIAN_POINT ( 'NONE',  ( 16.64999999999999858, -2.000000000000000000, -7.499999999999996447 ) ) ;
#2308 = EDGE_CURVE ( 'NONE', #365, #688, #1030, .T. ) ;
#2309 = ADVANCED_FACE ( 'NONE', ( #1687 ), #2999, .F. ) ;
#2310 = EDGE_LOOP ( 'NONE', ( #1892 ) ) ;
#2311 = CARTESIAN_POINT ( 'NONE',  ( -16.65000000000000213, 0.000000000000000000, -5.049999999999991829 ) ) ;
#2312 = ORIENTED_EDGE ( 'NONE', *, *, #2553, .T. ) ;
#2313 = AXIS2_PLACEMENT_3D ( 'NONE', #507, #253, #1465 ) ;
#2314 = FACE_OUTER_BOUND ( 'NONE', #71, .T. ) ;
#2315 = FACE_OUTER_BOUND ( 'NONE', #2088, .T. ) ;
#2316 = DIRECTION ( 'NONE',  ( 0.000000000000000000, 0.000000000000000000, -1.000000000000000000 ) ) ;
#2317 = ORIENTED_EDGE ( 'NONE', *, *, #819, .F. ) ;
#2318 = VERTEX_POINT ( 'NONE', #2967 ) ;
#2319 = EDGE_LOOP ( 'NONE', ( #3060, #111, #291, #2674, #1372, #128 ) ) ;
#2320 = CARTESIAN_POINT ( 'NONE',  ( -1.250000000000000000, -4.900000000000000355, 7.600000000000003197 ) ) ;
#2321 = FACE_OUTER_BOUND ( 'NONE', #2297, .T. ) ;
#2322 = FACE_OUTER_BOUND ( 'NONE', #2610, .T. ) ;
#2323 = PLANE ( 'NONE',  #2404 ) ;
#2324 = LINE ( 'NONE', #2346, #2023 ) ;
#2325 = ORIENTED_EDGE ( 'NONE', *, *, #2894, .T. ) ;
#2326 = ADVANCED_FACE ( 'NONE', ( #1759 ), #2241, .F. ) ;
#2327 = EDGE_CURVE ( 'NONE', #2759, #1359, #954, .T. ) ;
#2328 = AXIS2_PLACEMENT_3D ( 'NONE', #152, #1863, #2777 ) ;
#2329 = CARTESIAN_POINT ( 'NONE',  ( -10.04999999999999538, -4.900000000000000355, 7.600000000000004086 ) ) ;
#2330 = DIRECTION ( 'NONE',  ( 6.938893903907224433E-16, 0.000000000000000000, 1.000000000000000000 ) ) ;
#2331 = FACE_OUTER_BOUND ( 'NONE', #2348, .T. ) ;
#2332 = FACE_OUTER_BOUND ( 'NONE', #2922, .T. ) ;
#2333 = DIRECTION ( 'NONE',  ( 0.000000000000000000, 0.000000000000000000, -1.000000000000000000 ) ) ;
#2334 = ORIENTED_EDGE ( 'NONE', *, *, #1002, .T. ) ;
#2335 = CARTESIAN_POINT ( 'NONE',  ( 3.750000000000000444, -0.7000000000000119460, -0.9999999999999967804 ) ) ;
#2336 = ORIENTED_EDGE ( 'NONE', *, *, #2136, .F. ) ;
#2337 = CARTESIAN_POINT ( 'NONE',  ( 15.00000000000000000, -4.900000000000000355, -7.499999999999996447 ) ) ;
#2338 = DIRECTION ( 'NONE',  ( 0.000000000000000000, 1.000000000000000000, 0.000000000000000000 ) ) ;
#2339 = VECTOR ( 'NONE', #2262, 1000.000000000000000 ) ;
#2340 = EDGE_CURVE ( 'NONE', #1475, #210, #870, .T. ) ;
#2341 = ORIENTED_EDGE ( 'NONE', *, *, #1823, .F. ) ;
#2342 = ADVANCED_FACE ( 'NONE', ( #2166, #1526 ), #1073, .T. ) ;
#2343 = ORIENTED_EDGE ( 'NONE', *, *, #203, .T. ) ;
#2344 = DIRECTION ( 'NONE',  ( 0.000000000000000000, 0.000000000000000000, 1.000000000000000000 ) ) ;
#2345 = AXIS2_PLACEMENT_3D ( 'NONE', #2429, #1678, #1461 ) ;
#2346 = CARTESIAN_POINT ( 'NONE',  ( -6.499999999999998224, 18.40497317454278914, -5.999999999999999112 ) ) ;
#2347 = CARTESIAN_POINT ( 'NONE',  ( -13.04999999999999893, -2.000000000000000000, -7.499999999999992895 ) ) ;
#2348 = EDGE_LOOP ( 'NONE', ( #73, #454, #908, #1139, #789, #2743, #2450, #1627, #1722, #2002 ) ) ;
#2349 = LINE ( 'NONE', #1504, #3026 ) ;
#2350 = EDGE_CURVE ( 'NONE', #1740, #2281, #1455, .T. ) ;
#2351 = CIRCLE ( 'NONE', #1075, 1.050000000000000488 ) ;
#2352 = VERTEX_POINT ( 'NONE', #1853 ) ;
#2353 = DIRECTION ( 'NONE',  ( -0.000000000000000000, 0.000000000000000000, -1.000000000000000000 ) ) ;
#2354 = VECTOR ( 'NONE', #931, 1000.000000000000000 ) ;
#2355 = EDGE_CURVE ( 'NONE', #2856, #2472, #882, .T. ) ;
#2356 = ORIENTED_EDGE ( 'NONE', *, *, #2298, .F. ) ;
#2357 = CARTESIAN_POINT ( 'NONE',  ( -13.04999999999999538, 0.000000000000000000, 7.499999999999996447 ) ) ;
#2358 = LINE ( 'NONE', #1170, #2689 ) ;
#2359 = CARTESIAN_POINT ( 'NONE',  ( -14.50000000000000000, -4.900000000000000355, 2.500000000000004441 ) ) ;
#2360 = LINE ( 'NONE', #1026, #2509 ) ;
#2361 = ADVANCED_FACE ( 'NONE', ( #2583 ), #1393, .F. ) ;
#2362 = DIRECTION ( 'NONE',  ( 1.000000000000000000, -0.000000000000000000, -7.542275982507834467E-16 ) ) ;
#2363 = DIRECTION ( 'NONE',  ( 0.000000000000000000, 0.000000000000000000, 1.000000000000000000 ) ) ;
#2364 = VECTOR ( 'NONE', #485, 1000.000000000000000 ) ;
#2365 = CARTESIAN_POINT ( 'NONE',  ( 13.49322818559232573, -3.100000000000000977, 6.262204096263602082 ) ) ;
#2366 = ORIENTED_EDGE ( 'NONE', *, *, #2211, .F. ) ;
#2367 = ORIENTED_EDGE ( 'NONE', *, *, #2081, .T. ) ;
#2368 = ORIENTED_EDGE ( 'NONE', *, *, #2076, .F. ) ;
#2369 = DIRECTION ( 'NONE',  ( 1.508455196501577149E-15, 0.000000000000000000, -1.000000000000000000 ) ) ;
#2370 = CARTESIAN_POINT ( 'NONE',  ( 5.000000000000000000, 18.40497317454278914, -1.999999999999994893 ) ) ;
#2371 = DIRECTION ( 'NONE',  ( 0.000000000000000000, 0.000000000000000000, -1.000000000000000000 ) ) ;
#2372 = VECTOR ( 'NONE', #1955, 1000.000000000000000 ) ;
#2373 = CARTESIAN_POINT ( 'NONE',  ( 14.50000000000000533, -4.900000000000000355, 2.500000000000001332 ) ) ;
#2374 = EDGE_CURVE ( 'NONE', #1691, #479, #1991, .T. ) ;
#2375 = EDGE_CURVE ( 'NONE', #2959, #2959, #2097, .T. ) ;
#2376 = CARTESIAN_POINT ( 'NONE',  ( -3.174999999999998490, -0.7000000000000051736, 3.500000000000002665 ) ) ;
#2377 = VERTEX_POINT ( 'NONE', #1138 ) ;
#2378 = VECTOR ( 'NONE', #2511, 1000.000000000000000 ) ;
#2379 = DIRECTION ( 'NONE',  ( 0.000000000000000000, 1.000000000000000000, 0.000000000000000000 ) ) ;
#2380 = ORIENTED_EDGE ( 'NONE', *, *, #9, .F. ) ;
#2381 = ADVANCED_FACE ( 'NONE', ( #1540 ), #886, .F. ) ;
#2382 = ORIENTED_EDGE ( 'NONE', *, *, #1643, .F. ) ;
#2383 = AXIS2_PLACEMENT_3D ( 'NONE', #2644, #1326, #1561 ) ;
#2384 = ORIENTED_EDGE ( 'NONE', *, *, #1937, .F. ) ;
#2385 = DIRECTION ( 'NONE',  ( 2.478176394252576210E-16, 0.000000000000000000, -1.000000000000000000 ) ) ;
#2386 = DIRECTION ( 'NONE',  ( 0.000000000000000000, 0.000000000000000000, -1.000000000000000000 ) ) ;
#2387 = ORIENTED_EDGE ( 'NONE', *, *, #74, .T. ) ;
#2388 = CARTESIAN_POINT ( 'NONE',  ( 15.00000000000000000, -2.000000000000000000, 9.150000000000002132 ) ) ;
#2389 = EDGE_CURVE ( 'NONE', #354, #1583, #2961, .T. ) ;
#2390 = DIRECTION ( 'NONE',  ( -0.000000000000000000, 1.000000000000000000, -0.000000000000000000 ) ) ;
#2391 = ORIENTED_EDGE ( 'NONE', *, *, #1272, .F. ) ;
#2392 = AXIS2_PLACEMENT_3D ( 'NONE', #617, #2033, #349 ) ;
#2393 = DIRECTION ( 'NONE',  ( -0.000000000000000000, -1.000000000000000000, -0.000000000000000000 ) ) ;
#2394 = FACE_OUTER_BOUND ( 'NONE', #441, .T. ) ;
#2395 = CARTESIAN_POINT ( 'NONE',  ( -14.99999999999999822, 0.000000000000000000, -5.549999999999992717 ) ) ;
#2396 = FACE_OUTER_BOUND ( 'NONE', #821, .T. ) ;
#2397 = LINE ( 'NONE', #2868, #457 ) ;
#2398 = AXIS2_PLACEMENT_3D ( 'NONE', #667, #1659, #1134 ) ;
#2399 = DIRECTION ( 'NONE',  ( 0.000000000000000000, 1.000000000000000000, 0.000000000000000000 ) ) ;
#2400 = ORIENTED_EDGE ( 'NONE', *, *, #2894, .F. ) ;
#2401 = VERTEX_POINT ( 'NONE', #2810 ) ;
#2402 = VECTOR ( 'NONE', #85, 1000.000000000000000 ) ;
#2403 = CYLINDRICAL_SURFACE ( 'NONE', #2008, 1.500000000000000000 ) ;
#2404 = AXIS2_PLACEMENT_3D ( 'NONE', #867, #2562, #1349 ) ;
#2405 = DIRECTION ( 'NONE',  ( 0.000000000000000000, 0.000000000000000000, 1.000000000000000000 ) ) ;
#2406 = CARTESIAN_POINT ( 'NONE',  ( -14.99999999999999822, -2.000000000000000000, -5.549999999999992717 ) ) ;
#2407 = EDGE_CURVE ( 'NONE', #653, #653, #388, .T. ) ;
#2408 = LINE ( 'NONE', #1417, #1111 ) ;
#2409 = DIRECTION ( 'NONE',  ( -0.000000000000000000, -1.000000000000000000, 0.000000000000000000 ) ) ;
#2410 = ORIENTED_EDGE ( 'NONE', *, *, #2308, .T. ) ;
#2411 = DIRECTION ( 'NONE',  ( 0.000000000000000000, -1.224646799147352961E-16, 1.000000000000000000 ) ) ;
#2412 = CARTESIAN_POINT ( 'NONE',  ( 12.55000000000000071, -2.000000000000000000, 9.149999999999995026 ) ) ;
#2413 = CIRCLE ( 'NONE', #470, 5.100000000000011191 ) ;
#2414 = CARTESIAN_POINT ( 'NONE',  ( 13.04999999999999893, -2.000000000000000000, 8.649999999999996803 ) ) ;
#2415 = LINE ( 'NONE', #2477, #1773 ) ;
#2416 = CARTESIAN_POINT ( 'NONE',  ( -15.14999999999999858, -4.900000000000000355, 2.499999999999988454 ) ) ;
#2417 = CARTESIAN_POINT ( 'NONE',  ( -12.54999999999999538, -2.000000000000000000, 8.649999999999996803 ) ) ;
#2418 = EDGE_CURVE ( 'NONE', #3104, #436, #1467, .T. ) ;
#2419 = ORIENTED_EDGE ( 'NONE', *, *, #2918, .F. ) ;
#2420 = DIRECTION ( 'NONE',  ( 1.301042606982605321E-16, -0.000000000000000000, 1.000000000000000000 ) ) ;
#2421 = VERTEX_POINT ( 'NONE', #2833 ) ;
#2422 = ORIENTED_EDGE ( 'NONE', *, *, #297, .F. ) ;
#2423 = ORIENTED_EDGE ( 'NONE', *, *, #974, .F. ) ;
#2424 = EDGE_CURVE ( 'NONE', #689, #2677, #504, .T. ) ;
#2425 = AXIS2_PLACEMENT_3D ( 'NONE', #2488, #1041, #823 ) ;
#2426 = ORIENTED_EDGE ( 'NONE', *, *, #465, .F. ) ;
#2427 = PLANE ( 'NONE',  #1033 ) ;
#2428 = CARTESIAN_POINT ( 'NONE',  ( -14.50000000000000533, 0.000000000000000000, -2.499999999999997780 ) ) ;
#2429 = CARTESIAN_POINT ( 'NONE',  ( 10.05000000000000071, -1.300000000000000711, -2.499999999999998668 ) ) ;
#2430 = DIRECTION ( 'NONE',  ( 0.000000000000000000, -1.517883041479706208E-15, -1.000000000000000000 ) ) ;
#2431 = CARTESIAN_POINT ( 'NONE',  ( 15.00000000000000533, -2.000000000000000000, 7.499999999999996447 ) ) ;
#2432 = EDGE_CURVE ( 'NONE', #968, #2773, #811, .T. ) ;
#2433 = ORIENTED_EDGE ( 'NONE', *, *, #522, .F. ) ;
#2434 = LINE ( 'NONE', #1401, #1795 ) ;
#2435 = CIRCLE ( 'NONE', #1116, 1.000000000000000000 ) ;
#2436 = EDGE_CURVE ( 'NONE', #2127, #2817, #1196, .T. ) ;
#2437 = AXIS2_PLACEMENT_3D ( 'NONE', #396, #1140, #2096 ) ;
#2438 = ORIENTED_EDGE ( 'NONE', *, *, #2682, .T. ) ;
#2439 = DIRECTION ( 'NONE',  ( -0.000000000000000000, -1.000000000000000000, -0.000000000000000000 ) ) ;
#2440 = DIRECTION ( 'NONE',  ( -0.000000000000000000, 1.000000000000000000, -0.000000000000000000 ) ) ;
#2441 = FACE_OUTER_BOUND ( 'NONE', #2619, .T. ) ;
#2442 = PLANE ( 'NONE',  #1257 ) ;
#2443 = VECTOR ( 'NONE', #2399, 1000.000000000000000 ) ;
#2444 = CIRCLE ( 'NONE', #105, 1.950000000000002176 ) ;
#2445 = CARTESIAN_POINT ( 'NONE',  ( 16.15000000000000213, -2.000000000000000000, -5.549999999999996270 ) ) ;
#2446 = VECTOR ( 'NONE', #225, 1000.000000000000000 ) ;
#2447 = ORIENTED_EDGE ( 'NONE', *, *, #890, .F. ) ;
#2448 = CARTESIAN_POINT ( 'NONE',  ( 15.00000000000000000, -2.000000000000000000, 5.549999999999997158 ) ) ;
#2449 = EDGE_CURVE ( 'NONE', #1053, #2492, #2253, .T. ) ;
#2450 = ORIENTED_EDGE ( 'NONE', *, *, #2501, .T. ) ;
#2451 = ORIENTED_EDGE ( 'NONE', *, *, #2683, .F. ) ;
#2452 = LINE ( 'NONE', #1210, #1962 ) ;
#2453 = EDGE_LOOP ( 'NONE', ( #276, #1252, #149, #1055, #1295, #607, #138, #1428, #2051, #2861, #2433, #207 ) ) ;
#2454 = AXIS2_PLACEMENT_3D ( 'NONE', #1382, #1362, #3041 ) ;
#2455 = ORIENTED_EDGE ( 'NONE', *, *, #5, .F. ) ;
#2456 = VERTEX_POINT ( 'NONE', #151 ) ;
#2457 = ORIENTED_EDGE ( 'NONE', *, *, #2017, .T. ) ;
#2458 = CARTESIAN_POINT ( 'NONE',  ( 13.77740966098109077, -3.100000000000000977, 5.980864435628724607 ) ) ;
#2459 = PLANE ( 'NONE',  #403 ) ;
#2460 = CARTESIAN_POINT ( 'NONE',  ( -10.04999999999999538, -4.900000000000000355, 7.600000000000004086 ) ) ;
#2461 = EDGE_LOOP ( 'NONE', ( #2635, #453, #2702, #2988 ) ) ;
#2462 = EDGE_CURVE ( 'NONE', #2199, #654, #2324, .T. ) ;
#2463 = DIRECTION ( 'NONE',  ( 0.000000000000000000, 0.000000000000000000, 1.000000000000000000 ) ) ;
#2464 = CARTESIAN_POINT ( 'NONE',  ( 4.750000000000000888, 0.000000000000000000, 6.999999999999997335 ) ) ;
#2465 = CARTESIAN_POINT ( 'NONE',  ( 9.999999999999998224, -1.300000000000000711, -7.000000000000004441 ) ) ;
#2466 = EDGE_LOOP ( 'NONE', ( #3022, #2749, #885, #562 ) ) ;
#2467 = EDGE_LOOP ( 'NONE', ( #2814, #3055, #2498, #1970 ) ) ;
#2468 = LINE ( 'NONE', #133, #377 ) ;
#2469 = CIRCLE ( 'NONE', #308, 0.9999999999999997780 ) ;
#2470 = ORIENTED_EDGE ( 'NONE', *, *, #1643, .T. ) ;
#2471 = LINE ( 'NONE', #2867, #421 ) ;
#2472 = VERTEX_POINT ( 'NONE', #2395 ) ;
#2473 = VECTOR ( 'NONE', #343, 1000.000000000000000 ) ;
#2474 = DIRECTION ( 'NONE',  ( -0.000000000000000000, -1.000000000000000000, -4.170008355713504268E-16 ) ) ;
#2475 = EDGE_CURVE ( 'NONE', #1567, #2505, #1807, .T. ) ;
#2476 = EDGE_CURVE ( 'NONE', #3075, #2127, #168, .T. ) ;
#2477 = CARTESIAN_POINT ( 'NONE',  ( 6.499999999999999112, -1.300000000000000711, 3.221629312528353215E-15 ) ) ;
#2478 = LINE ( 'NONE', #1478, #2249 ) ;
#2479 = DIRECTION ( 'NONE',  ( -0.000000000000000000, -1.000000000000000000, -0.000000000000000000 ) ) ;
#2480 = VECTOR ( 'NONE', #1353, 1000.000000000000000 ) ;
#2481 = VECTOR ( 'NONE', #2191, 1000.000000000000000 ) ;
#2482 = AXIS2_PLACEMENT_3D ( 'NONE', #2204, #989, #2880 ) ;
#2483 = ORIENTED_EDGE ( 'NONE', *, *, #1929, .F. ) ;
#2484 = CIRCLE ( 'NONE', #1852, 5.100000000000004086 ) ;
#2485 = CARTESIAN_POINT ( 'NONE',  ( -15.14999999999999858, -1.300000000000000711, -2.499999999999988454 ) ) ;
#2486 = CARTESIAN_POINT ( 'NONE',  ( -16.15000000000000213, 0.000000000000000000, 5.550000000000000711 ) ) ;
#2487 = CARTESIAN_POINT ( 'NONE',  ( 16.65000000000000213, -2.000000000000000000, -7.499999999999996447 ) ) ;
#2488 = CARTESIAN_POINT ( 'NONE',  ( -3.749999999999998668, -3.000000000000000000, -0.07386397157415834636 ) ) ;
#2489 =( NAMED_UNIT ( * ) PLANE_ANGLE_UNIT ( ) SI_UNIT ( $, .RADIAN. ) );
#2490 = ORIENTED_EDGE ( 'NONE', *, *, #1398, .F. ) ;
#2491 = VERTEX_POINT ( 'NONE', #2388 ) ;
#2492 = VERTEX_POINT ( 'NONE', #2152 ) ;
#2493 = EDGE_CURVE ( 'NONE', #2844, #2719, #318, .T. ) ;
#2494 = AXIS2_PLACEMENT_3D ( 'NONE', #1669, #451, #2363 ) ;
#2495 = DIRECTION ( 'NONE',  ( -0.000000000000000000, -1.000000000000000000, -0.000000000000000000 ) ) ;
#2496 = ORIENTED_EDGE ( 'NONE', *, *, #902, .T. ) ;
#2497 = CARTESIAN_POINT ( 'NONE',  ( -1.250000000000000000, -0.7000000000000103917, 1.043544591017319711E-15 ) ) ;
#2498 = ORIENTED_EDGE ( 'NONE', *, *, #493, .T. ) ;
#2499 = ORIENTED_EDGE ( 'NONE', *, *, #693, .T. ) ;
#2500 = CIRCLE ( 'NONE', #1229, 0.5000000000000004441 ) ;
#2501 = EDGE_CURVE ( 'NONE', #2773, #354, #1698, .T. ) ;
#2502 = LINE ( 'NONE', #274, #1261 ) ;
#2503 = DIRECTION ( 'NONE',  ( -0.000000000000000000, -1.000000000000000000, -0.000000000000000000 ) ) ;
#2504 = DIRECTION ( 'NONE',  ( 0.000000000000000000, 0.000000000000000000, 1.000000000000000000 ) ) ;
#2505 = VERTEX_POINT ( 'NONE', #3098 ) ;
#2506 = CIRCLE ( 'NONE', #1971, 1.650000000000003908 ) ;
#2507 = AXIS2_PLACEMENT_3D ( 'NONE', #3049, #2575, #2316 ) ;
#2508 = LINE ( 'NONE', #1502, #166 ) ;
#2509 = VECTOR ( 'NONE', #2932, 1000.000000000000000 ) ;
#2510 = CARTESIAN_POINT ( 'NONE',  ( 4.750000000000000888, -1.300000000000002487, -0.9999999999999967804 ) ) ;
#2511 = DIRECTION ( 'NONE',  ( -0.000000000000000000, -0.000000000000000000, -1.000000000000000000 ) ) ;
#2512 = LINE ( 'NONE', #2909, #2481 ) ;
#2513 = EDGE_CURVE ( 'NONE', #1782, #2352, #62, .T. ) ;
#2514 = EDGE_LOOP ( 'NONE', ( #927, #1251, #1660, #1386 ) ) ;
#2515 = ORIENTED_EDGE ( 'NONE', *, *, #1329, .T. ) ;
#2516 = ORIENTED_EDGE ( 'NONE', *, *, #1806, .T. ) ;
#2517 = CARTESIAN_POINT ( 'NONE',  ( -15.14999999999999858, -1.300000000000000711, 2.499999999999988454 ) ) ;
#2518 = LINE ( 'NONE', #11, #2372 ) ;
#2519 = DIRECTION ( 'NONE',  ( 0.000000000000000000, 1.000000000000000000, 0.000000000000000000 ) ) ;
#2520 = VERTEX_POINT ( 'NONE', #1710 ) ;
#2521 = DIRECTION ( 'NONE',  ( 6.938893903907224433E-16, 0.000000000000000000, 1.000000000000000000 ) ) ;
#2522 = ORIENTED_EDGE ( 'NONE', *, *, #1709, .F. ) ;
#2523 = ORIENTED_EDGE ( 'NONE', *, *, #3103, .F. ) ;
#2524 = ORIENTED_EDGE ( 'NONE', *, *, #986, .T. ) ;
#2525 = DIRECTION ( 'NONE',  ( -0.000000000000000000, -1.000000000000000000, -0.000000000000000000 ) ) ;
#2526 = DIRECTION ( 'NONE',  ( -0.7071067811865489050, -2.950652045822725185E-16, 0.7071067811865461294 ) ) ;
#2527 = VERTEX_POINT ( 'NONE', #1167 ) ;
#2528 = EDGE_CURVE ( 'NONE', #1746, #2352, #2408, .T. ) ;
#2529 = CARTESIAN_POINT ( 'NONE',  ( 6.500000000000000888, 18.40497317454278914, -3.499999999999993783 ) ) ;
#2530 = EDGE_CURVE ( 'NONE', #1967, #968, #967, .T. ) ;
#2531 = CARTESIAN_POINT ( 'NONE',  ( -3.750000000000000000, -1.300000000000000711, 5.999999999999998224 ) ) ;
#2532 = AXIS2_PLACEMENT_3D ( 'NONE', #3023, #644, #1605 ) ;
#2533 = ORIENTED_EDGE ( 'NONE', *, *, #2076, .T. ) ;
#2534 = CARTESIAN_POINT ( 'NONE',  ( -1.250000000000000000, 0.000000000000000000, 0.000000000000000000 ) ) ;
#2535 = ORIENTED_EDGE ( 'NONE', *, *, #203, .F. ) ;
#2536 = CARTESIAN_POINT ( 'NONE',  ( 16.64999999999999858, -4.900000000000000355, -7.499999999999996447 ) ) ;
#2537 = VECTOR ( 'NONE', #1628, 1000.000000000000000 ) ;
#2538 = CIRCLE ( 'NONE', #2692, 1.000000000000000000 ) ;
#2539 = ORIENTED_EDGE ( 'NONE', *, *, #1212, .F. ) ;
#2540 = EDGE_CURVE ( 'NONE', #312, #312, #3074, .T. ) ;
#2541 = FACE_OUTER_BOUND ( 'NONE', #1872, .T. ) ;
#2542 = ORIENTED_EDGE ( 'NONE', *, *, #1141, .F. ) ;
#2543 = VECTOR ( 'NONE', #922, 1000.000000000000000 ) ;
#2544 = LINE ( 'NONE', #114, #1001 ) ;
#2545 = ADVANCED_FACE ( 'NONE', ( #2176, #136 ), #1350, .F. ) ;
#2546 = AXIS2_PLACEMENT_3D ( 'NONE', #2417, #724, #502 ) ;
#2547 = LINE ( 'NONE', #1214, #2364 ) ;
#2548 = DIRECTION ( 'NONE',  ( 0.000000000000000000, 0.000000000000000000, -1.000000000000000000 ) ) ;
#2549 = AXIS2_PLACEMENT_3D ( 'NONE', #2637, #1445, #962 ) ;
#2550 = ORIENTED_EDGE ( 'NONE', *, *, #1964, .F. ) ;
#2551 = CARTESIAN_POINT ( 'NONE',  ( -9.999999999999998224, -4.900000000000000355, -6.999999999999999112 ) ) ;
#2552 = CYLINDRICAL_SURFACE ( 'NONE', #2866, 5.100000000000004086 ) ;
#2553 = EDGE_CURVE ( 'NONE', #1629, #2638, #2726, .T. ) ;
#2554 = DIRECTION ( 'NONE',  ( -1.156482317317871478E-16, 0.000000000000000000, 1.000000000000000000 ) ) ;
#2555 = CARTESIAN_POINT ( 'NONE',  ( 15.15000000000000568, -1.300000000000000711, -2.499999999999984457 ) ) ;
#2556 = EDGE_CURVE ( 'NONE', #2122, #926, #2547, .T. ) ;
#2557 = ORIENTED_EDGE ( 'NONE', *, *, #891, .F. ) ;
#2558 = CARTESIAN_POINT ( 'NONE',  ( -12.54999999999999538, -2.000000000000000000, 9.149999999999996803 ) ) ;
#2559 = ORIENTED_EDGE ( 'NONE', *, *, #971, .F. ) ;
#2560 = ADVANCED_FACE ( 'NONE', ( #1384 ), #2660, .F. ) ;
#2561 = ORIENTED_EDGE ( 'NONE', *, *, #42, .F. ) ;
#2562 = DIRECTION ( 'NONE',  ( 7.542275982507834467E-16, 0.000000000000000000, 1.000000000000000000 ) ) ;
#2563 = VERTEX_POINT ( 'NONE', #1756 ) ;
#2564 = DIRECTION ( 'NONE',  ( 0.000000000000000000, 1.000000000000000000, 0.000000000000000000 ) ) ;
#2565 = PLANE ( 'NONE',  #2507 ) ;
#2566 = ORIENTED_EDGE ( 'NONE', *, *, #1270, .T. ) ;
#2567 = DIRECTION ( 'NONE',  ( 0.000000000000000000, 1.000000000000000000, -0.000000000000000000 ) ) ;
#2568 = EDGE_CURVE ( 'NONE', #2563, #1187, #739, .T. ) ;
#2569 = CARTESIAN_POINT ( 'NONE',  ( -15.00000000000000000, -4.900000000000000355, 9.149999999999998579 ) ) ;
#2570 = LINE ( 'NONE', #2357, #491 ) ;
#2571 = EDGE_CURVE ( 'NONE', #1629, #3097, #1618, .T. ) ;
#2572 = DIRECTION ( 'NONE',  ( 0.000000000000000000, -1.000000000000000000, 0.000000000000000000 ) ) ;
#2573 = AXIS2_PLACEMENT_3D ( 'NONE', #2010, #69, #2504 ) ;
#2574 = CIRCLE ( 'NONE', #794, 5.100000000000005862 ) ;
#2575 = DIRECTION ( 'NONE',  ( 1.000000000000000000, 0.000000000000000000, 0.000000000000000000 ) ) ;
#2576 = ADVANCED_FACE ( 'NONE', ( #2802, #2996 ), #1311, .F. ) ;
#2577 = ORIENTED_EDGE ( 'NONE', *, *, #2553, .F. ) ;
#2578 = CARTESIAN_POINT ( 'NONE',  ( -12.54999999999999538, -2.000000000000000000, 9.149999999999996803 ) ) ;
#2579 = ORIENTED_EDGE ( 'NONE', *, *, #331, .T. ) ;
#2580 = VECTOR ( 'NONE', #3132, 1000.000000000000000 ) ;
#2581 = VECTOR ( 'NONE', #1770, 1000.000000000000000 ) ;
#2582 = FACE_OUTER_BOUND ( 'NONE', #2899, .T. ) ;
#2583 = FACE_OUTER_BOUND ( 'NONE', #1258, .T. ) ;
#2584 = CARTESIAN_POINT ( 'NONE',  ( -12.54999999999999893, 0.000000000000000000, -8.650000000000002132 ) ) ;
#2585 = VERTEX_POINT ( 'NONE', #1246 ) ;
#2586 = EDGE_CURVE ( 'NONE', #1481, #313, #1771, .T. ) ;
#2587 = AXIS2_PLACEMENT_3D ( 'NONE', #1613, #641, #877 ) ;
#2588 = CARTESIAN_POINT ( 'NONE',  ( -14.99999999999999822, 0.000000000000000000, -5.549999999999992717 ) ) ;
#2589 = ORIENTED_EDGE ( 'NONE', *, *, #2090, .T. ) ;
#2590 = ORIENTED_EDGE ( 'NONE', *, *, #2042, .F. ) ;
#2591 = FACE_BOUND ( 'NONE', #2310, .T. ) ;
#2592 = ADVANCED_FACE ( 'NONE', ( #663, #469 ), #2442, .T. ) ;
#2593 = CARTESIAN_POINT ( 'NONE',  ( -14.99999999999999645, -4.900000000000000355, 7.500000000000000000 ) ) ;
#2594 = DIRECTION ( 'NONE',  ( -0.000000000000000000, 1.000000000000000000, -0.000000000000000000 ) ) ;
#2595 = ORIENTED_EDGE ( 'NONE', *, *, #2436, .T. ) ;
#2596 = DIRECTION ( 'NONE',  ( 0.000000000000000000, 0.000000000000000000, -1.000000000000000000 ) ) ;
#2597 = DIRECTION ( 'NONE',  ( 0.000000000000000000, 1.000000000000000000, 0.000000000000000000 ) ) ;
#2598 = VERTEX_POINT ( 'NONE', #1750 ) ;
#2599 = DIRECTION ( 'NONE',  ( 0.000000000000000000, 1.000000000000000000, 0.000000000000000000 ) ) ;
#2600 = DIRECTION ( 'NONE',  ( -0.000000000000000000, 1.000000000000000000, -0.000000000000000000 ) ) ;
#2601 = EDGE_CURVE ( 'NONE', #471, #1206, #1736, .T. ) ;
#2602 = ORIENTED_EDGE ( 'NONE', *, *, #751, .T. ) ;
#2603 = ORIENTED_EDGE ( 'NONE', *, *, #1370, .F. ) ;
#2604 = DIRECTION ( 'NONE',  ( 0.000000000000000000, -1.000000000000000000, 1.490777987167577471E-15 ) ) ;
#2605 = AXIS2_PLACEMENT_3D ( 'NONE', #1366, #646, #1860 ) ;
#2606 = DIRECTION ( 'NONE',  ( -0.000000000000000000, -1.000000000000000000, -0.000000000000000000 ) ) ;
#2607 = ADVANCED_FACE ( 'NONE', ( #249 ), #1846, .T. ) ;
#2608 = CARTESIAN_POINT ( 'NONE',  ( -10.04999999999999716, -1.300000000000000711, 2.499999999999996003 ) ) ;
#2609 = CARTESIAN_POINT ( 'NONE',  ( -16.15000000000000213, -2.000000000000000000, -5.549999999999992717 ) ) ;
#2610 = EDGE_LOOP ( 'NONE', ( #983, #1074, #3077, #1304 ) ) ;
#2611 = ORIENTED_EDGE ( 'NONE', *, *, #172, .T. ) ;
#2612 = CARTESIAN_POINT ( 'NONE',  ( 3.750000000000000444, 0.000000000000000000, 4.127239219706556099E-15 ) ) ;
#2613 = VECTOR ( 'NONE', #178, 1000.000000000000000 ) ;
#2614 = FACE_OUTER_BOUND ( 'NONE', #588, .T. ) ;
#2615 = AXIS2_PLACEMENT_3D ( 'NONE', #526, #1769, #305 ) ;
#2616 = EDGE_LOOP ( 'NONE', ( #1648, #973, #497, #3087 ) ) ;
#2617 = DIRECTION ( 'NONE',  ( 0.000000000000000000, -1.000000000000000000, 0.000000000000000000 ) ) ;
#2618 = CYLINDRICAL_SURFACE ( 'NONE', #1781, 0.5000000000000004441 ) ;
#2619 = EDGE_LOOP ( 'NONE', ( #3030, #1642, #618, #2915, #2903, #1821, #1468, #848 ) ) ;
#2620 = DIRECTION ( 'NONE',  ( 1.000000000000000000, 0.000000000000000000, 1.294569758191647402E-16 ) ) ;
#2621 = LINE ( 'NONE', #2933, #1473 ) ;
#2622 = CARTESIAN_POINT ( 'NONE',  ( 10.00000000000000178, 0.000000000000000000, 6.999999999999999112 ) ) ;
#2623 = CYLINDRICAL_SURFACE ( 'NONE', #1954, 1.950000000000002176 ) ;
#2624 = VECTOR ( 'NONE', #2865, 1000.000000000000000 ) ;
#2625 = CARTESIAN_POINT ( 'NONE',  ( -14.50000000000000533, -4.900000000000000355, -2.499999999999997780 ) ) ;
#2626 = ORIENTED_EDGE ( 'NONE', *, *, #9, .T. ) ;
#2627 = CARTESIAN_POINT ( 'NONE',  ( 1.250000000000000000, 0.000000000000000000, 9.150000000000000355 ) ) ;
#2628 = FACE_OUTER_BOUND ( 'NONE', #2778, .T. ) ;
#2629 = CARTESIAN_POINT ( 'NONE',  ( -13.77740966098106767, -1.300000000000000711, -5.980864435628738818 ) ) ;
#2630 = EDGE_CURVE ( 'NONE', #2492, #444, #2512, .T. ) ;
#2631 = EDGE_CURVE ( 'NONE', #1935, #2937, #1925, .T. ) ;
#2632 = VERTEX_POINT ( 'NONE', #2215 ) ;
#2633 = LINE ( 'NONE', #2710, #2000 ) ;
#2634 = CARTESIAN_POINT ( 'NONE',  ( -12.54999999999999893, -2.000000000000000000, -8.650000000000002132 ) ) ;
#2635 = ORIENTED_EDGE ( 'NONE', *, *, #397, .T. ) ;
#2636 = AXIS2_PLACEMENT_3D ( 'NONE', #2731, #1303, #2772 ) ;
#2637 = CARTESIAN_POINT ( 'NONE',  ( -16.64999999999999858, -4.900000000000000355, -7.499999999999992006 ) ) ;
#2638 = VERTEX_POINT ( 'NONE', #2465 ) ;
#2639 = CARTESIAN_POINT ( 'NONE',  ( -1.250000000000000000, 9.340770846134700989, 5.424999999999997158 ) ) ;
#2640 = ORIENTED_EDGE ( 'NONE', *, *, #1485, .T. ) ;
#2641 = CARTESIAN_POINT ( 'NONE',  ( -14.99999999999999645, -2.000000000000000000, 7.500000000000000000 ) ) ;
#2642 = CARTESIAN_POINT ( 'NONE',  ( 16.65000000000000213, 0.000000000000000000, 5.049999999999997158 ) ) ;
#2643 = EDGE_CURVE ( 'NONE', #2492, #2144, #3039, .T. ) ;
#2644 = CARTESIAN_POINT ( 'NONE',  ( 10.05000000000000071, -1.300000000000000711, 2.499999999999998668 ) ) ;
#2645 = EDGE_CURVE ( 'NONE', #1104, #313, #2214, .T. ) ;
#2646 = AXIS2_PLACEMENT_3D ( 'NONE', #549, #1285, #2686 ) ;
#2647 = CARTESIAN_POINT ( 'NONE',  ( -13.04999999999999893, 0.000000000000000000, -8.650000000000002132 ) ) ;
#2648 = ORIENTED_EDGE ( 'NONE', *, *, #30, .T. ) ;
#2649 = DIRECTION ( 'NONE',  ( 0.000000000000000000, 1.000000000000000000, 0.000000000000000000 ) ) ;
#2650 = LINE ( 'NONE', #2783, #2871 ) ;
#2651 = VECTOR ( 'NONE', #1114, 1000.000000000000000 ) ;
#2652 = DIRECTION ( 'NONE',  ( -0.000000000000000000, 0.000000000000000000, 1.000000000000000000 ) ) ;
#2653 = VERTEX_POINT ( 'NONE', #272 ) ;
#2654 = ORIENTED_EDGE ( 'NONE', *, *, #1466, .F. ) ;
#2655 = LINE ( 'NONE', #169, #2613 ) ;
#2656 = VECTOR ( 'NONE', #1394, 1000.000000000000000 ) ;
#2657 = CIRCLE ( 'NONE', #1522, 1.950000000000000400 ) ;
#2658 = CARTESIAN_POINT ( 'NONE',  ( 16.15000000000000213, -2.000000000000000000, 5.049999999999997158 ) ) ;
#2659 = EDGE_CURVE ( 'NONE', #2144, #1493, #1981, .T. ) ;
#2660 = CYLINDRICAL_SURFACE ( 'NONE', #286, 1.000000000000000000 ) ;
#2661 = DIRECTION ( 'NONE',  ( 0.000000000000000000, 0.000000000000000000, 1.000000000000000000 ) ) ;
#2662 = VERTEX_POINT ( 'NONE', #280 ) ;
#2663 = CARTESIAN_POINT ( 'NONE',  ( -9.999999999999998224, -4.900000000000000355, 6.999999999999999112 ) ) ;
#2664 = ORIENTED_EDGE ( 'NONE', *, *, #2180, .F. ) ;
#2665 = AXIS2_PLACEMENT_3D ( 'NONE', #690, #3121, #2386 ) ;
#2666 = CYLINDRICAL_SURFACE ( 'NONE', #960, 0.7499999999999993339 ) ;
#2667 = DIRECTION ( 'NONE',  ( 0.000000000000000000, -0.000000000000000000, -1.000000000000000000 ) ) ;
#2668 = DIRECTION ( 'NONE',  ( -1.000000000000000000, 0.000000000000000000, -0.000000000000000000 ) ) ;
#2669 = DIRECTION ( 'NONE',  ( 0.000000000000000000, 1.000000000000000000, 0.000000000000000000 ) ) ;
#2670 = ORIENTED_EDGE ( 'NONE', *, *, #1045, .F. ) ;
#2671 = CARTESIAN_POINT ( 'NONE',  ( -15.00000000000000178, -2.000000000000000000, 5.549999999999998934 ) ) ;
#2672 = ORIENTED_EDGE ( 'NONE', *, *, #751, .F. ) ;
#2673 = ADVANCED_BREP_SHAPE_REPRESENTATION ( 'Mounting Frame', ( #666, #778 ), #3105 ) ;
#2674 = ORIENTED_EDGE ( 'NONE', *, *, #2568, .T. ) ;
#2675 = AXIS2_PLACEMENT_3D ( 'NONE', #2854, #425, #2125 ) ;
#2676 = AXIS2_PLACEMENT_3D ( 'NONE', #284, #1743, #757 ) ;
#2677 = VERTEX_POINT ( 'NONE', #1512 ) ;
#2678 = CARTESIAN_POINT ( 'NONE',  ( -13.49322818559232928, -2.000000000000000000, 6.262204096263593200 ) ) ;
#2679 = DIRECTION ( 'NONE',  ( -1.000000000000000000, -0.000000000000000000, -1.294569758191647402E-16 ) ) ;
#2680 = EDGE_LOOP ( 'NONE', ( #2696, #2438, #1420, #2267 ) ) ;
#2681 = ORIENTED_EDGE ( 'NONE', *, *, #2424, .F. ) ;
#2682 = EDGE_CURVE ( 'NONE', #2598, #1562, #1269, .T. ) ;
#2683 = EDGE_CURVE ( 'NONE', #2662, #1053, #1880, .T. ) ;
#2684 = DIRECTION ( 'NONE',  ( -0.000000000000000000, -0.000000000000000000, -1.000000000000000000 ) ) ;
#2685 = FACE_OUTER_BOUND ( 'NONE', #2815, .T. ) ;
#2686 = DIRECTION ( 'NONE',  ( 0.000000000000000000, 0.000000000000000000, 1.000000000000000000 ) ) ;
#2687 = DIRECTION ( 'NONE',  ( 0.000000000000000000, 1.000000000000000000, 0.000000000000000000 ) ) ;
#2688 = VERTEX_POINT ( 'NONE', #536 ) ;
#2689 = VECTOR ( 'NONE', #3113, 1000.000000000000000 ) ;
#2690 = VECTOR ( 'NONE', #1995, 1000.000000000000000 ) ;
#2691 = DIRECTION ( 'NONE',  ( 0.000000000000000000, 1.000000000000000000, 0.000000000000000000 ) ) ;
#2692 = AXIS2_PLACEMENT_3D ( 'NONE', #858, #631, #1100 ) ;
#2693 = CYLINDRICAL_SURFACE ( 'NONE', #1470, 1.000000000000000000 ) ;
#2694 = ORIENTED_EDGE ( 'NONE', *, *, #2236, .F. ) ;
#2695 = CARTESIAN_POINT ( 'NONE',  ( 3.750000000000000444, 18.40497317454278914, 2.323290369611794511E-16 ) ) ;
#2696 = ORIENTED_EDGE ( 'NONE', *, *, #807, .F. ) ;
#2697 = CARTESIAN_POINT ( 'NONE',  ( 1.387778780781467369E-15, -0.7000000000000130562, -2.000000000000000000 ) ) ;
#2698 = CARTESIAN_POINT ( 'NONE',  ( 3.174999999999999378, -0.7000000000000103917, -2.920996498732542285E-16 ) ) ;
#2699 = EDGE_CURVE ( 'NONE', #2040, #844, #2621, .T. ) ;
#2700 = VECTOR ( 'NONE', #501, 1000.000000000000000 ) ;
#2701 = FILL_AREA_STYLE ('',( #559 ) ) ;
#2702 = ORIENTED_EDGE ( 'NONE', *, *, #2643, .F. ) ;
#2703 = LINE ( 'NONE', #195, #1241 ) ;
#2704 = DIRECTION ( 'NONE',  ( -0.000000000000000000, -1.000000000000000000, -0.000000000000000000 ) ) ;
#2705 = ORIENTED_EDGE ( 'NONE', *, *, #569, .T. ) ;
#2706 = ORIENTED_EDGE ( 'NONE', *, *, #725, .F. ) ;
#2707 = DIRECTION ( 'NONE',  ( -0.000000000000000000, 1.000000000000000000, -0.000000000000000000 ) ) ;
#2708 = ORIENTED_EDGE ( 'NONE', *, *, #971, .T. ) ;
#2709 = EDGE_CURVE ( 'NONE', #365, #697, #1233, .T. ) ;
#2710 = CARTESIAN_POINT ( 'NONE',  ( 3.337499999999992806, 0.000000000000000000, 3.337500000000009681 ) ) ;
#2711 = PLANE ( 'NONE',  #1302 ) ;
#2712 = DIRECTION ( 'NONE',  ( -0.000000000000000000, -1.000000000000000000, -0.000000000000000000 ) ) ;
#2713 = EDGE_LOOP ( 'NONE', ( #2785, #2956, #2216, #1166, #319, #1858, #1865, #2080 ) ) ;
#2714 = VERTEX_POINT ( 'NONE', #1492 ) ;
#2715 = VECTOR ( 'NONE', #1844, 1000.000000000000000 ) ;
#2716 = CYLINDRICAL_SURFACE ( 'NONE', #2482, 4.500000000000002665 ) ;
#2717 = VERTEX_POINT ( 'NONE', #578 ) ;
#2718 = VERTEX_POINT ( 'NONE', #969 ) ;
#2719 = VERTEX_POINT ( 'NONE', #2289 ) ;
#2720 = VECTOR ( 'NONE', #1882, 1000.000000000000000 ) ;
#2721 = CARTESIAN_POINT ( 'NONE',  ( -15.00000000000000000, -4.900000000000000355, 9.149999999999996803 ) ) ;
#2722 = EDGE_CURVE ( 'NONE', #1488, #337, #2508, .T. ) ;
#2723 = FACE_OUTER_BOUND ( 'NONE', #857, .T. ) ;
#2724 = FACE_OUTER_BOUND ( 'NONE', #1630, .T. ) ;
#2725 = DIRECTION ( 'NONE',  ( 0.000000000000000000, -1.000000000000000000, 0.000000000000000000 ) ) ;
#2726 = CIRCLE ( 'NONE', #2760, 4.500000000000005329 ) ;
#2727 = EDGE_CURVE ( 'NONE', #1676, #1699, #1066, .T. ) ;
#2728 = AXIS2_PLACEMENT_3D ( 'NONE', #1048, #2022, #1310 ) ;
#2729 = CARTESIAN_POINT ( 'NONE',  ( -3.174999999999999822, -3.000000000000000000, -0.07386397157415747206 ) ) ;
#2730 = CLOSED_SHELL ( 'NONE', ( #2742, #3083, #1171, #153, #3033, #895, #1364, #2140, #2839, #2069, #665, #413, #1520, #1381, #234, #2784, #1658, #2888, #1910, #2545, #845, #634, #2576, #2251, #1861, #909, #932, #1624, #1594, #2056, #2073, #1103, #1640, #881, #184, #2804, #3002, #2103, #2592, #144, #399, #2607, #171, #3050, #372, #1352, #613, #1610, #3037, #1320, #2038, #2326, #863, #1132, #2121, #1396, #2309, #550, #1332, #386, #2279, #3101, #2821, #202, #1416, #1895, #370, #1120, #2084, #1150, #647, #1068, #2342, #434, #2381, #2361, #684, #609, #714, #2560, #1849, #3063, #1300, #861, #1878, #2265 ) ) ;
#2731 = CARTESIAN_POINT ( 'NONE',  ( 5.000000000000000000, -1.300000000000000711, -3.499999999999993339 ) ) ;
#2732 = VECTOR ( 'NONE', #547, 1000.000000000000000 ) ;
#2733 = CARTESIAN_POINT ( 'NONE',  ( -15.00000000000000355, 0.000000000000000000, 5.549999999999998934 ) ) ;
#2734 = ORIENTED_EDGE ( 'NONE', *, *, #944, .F. ) ;
#2735 = LINE ( 'NONE', #2862, #174 ) ;
#2736 = CARTESIAN_POINT ( 'NONE',  ( 1.250000000000000000, -4.900000000000000355, 0.000000000000000000 ) ) ;
#2737 = DIRECTION ( 'NONE',  ( -3.154042683594195121E-16, 4.172852141046426715E-16, -1.000000000000000000 ) ) ;
#2738 = EDGE_CURVE ( 'NONE', #2156, #155, #499, .T. ) ;
#2739 = DIRECTION ( 'NONE',  ( 0.000000000000000000, 0.000000000000000000, -1.000000000000000000 ) ) ;
#2740 = VERTEX_POINT ( 'NONE', #1027 ) ;
#2741 = CARTESIAN_POINT ( 'NONE',  ( 15.00000000000000000, 0.000000000000000000, -7.499999999999996447 ) ) ;
#2742 = ADVANCED_FACE ( 'NONE', ( #575, #1574, #2286 ), #78, .F. ) ;
#2743 = ORIENTED_EDGE ( 'NONE', *, *, #2432, .T. ) ;
#2744 = ORIENTED_EDGE ( 'NONE', *, *, #2891, .F. ) ;
#2745 = EDGE_CURVE ( 'NONE', #2266, #2520, #1462, .T. ) ;
#2746 = AXIS2_PLACEMENT_3D ( 'NONE', #1408, #905, #3085 ) ;
#2747 = DIRECTION ( 'NONE',  ( 0.000000000000000000, 0.000000000000000000, -1.000000000000000000 ) ) ;
#2748 = DIRECTION ( 'NONE',  ( -0.000000000000000000, 1.000000000000000000, -0.000000000000000000 ) ) ;
#2749 = ORIENTED_EDGE ( 'NONE', *, *, #3072, .F. ) ;
#2750 = CARTESIAN_POINT ( 'NONE',  ( -15.00000000000000000, -4.900000000000000355, -9.149999999999998579 ) ) ;
#2751 = CARTESIAN_POINT ( 'NONE',  ( 6.499999999999999112, 18.40497317454278914, 3.221629312528353215E-15 ) ) ;
#2752 = ORIENTED_EDGE ( 'NONE', *, *, #2846, .T. ) ;
#2753 = CARTESIAN_POINT ( 'NONE',  ( 16.15000000000000213, -2.000000000000000000, 5.549999999999998046 ) ) ;
#2754 = DIRECTION ( 'NONE',  ( -1.000000000000000000, 0.000000000000000000, -1.508455196501571627E-15 ) ) ;
#2755 = ORIENTED_EDGE ( 'NONE', *, *, #807, .T. ) ;
#2756 = EDGE_CURVE ( 'NONE', #1623, #1691, #246, .T. ) ;
#2757 = ORIENTED_EDGE ( 'NONE', *, *, #1568, .T. ) ;
#2758 = FACE_OUTER_BOUND ( 'NONE', #2107, .T. ) ;
#2759 = VERTEX_POINT ( 'NONE', #591 ) ;
#2760 = AXIS2_PLACEMENT_3D ( 'NONE', #933, #952, #1203 ) ;
#2761 = CYLINDRICAL_SURFACE ( 'NONE', #1162, 1.650000000000002132 ) ;
#2762 = DIRECTION ( 'NONE',  ( -0.000000000000000000, 1.000000000000000000, -0.000000000000000000 ) ) ;
#2763 = CIRCLE ( 'NONE', #1898, 4.500000000000003553 ) ;
#2764 = CARTESIAN_POINT ( 'NONE',  ( -4.749999999999999112, -0.7000000000000130562, -1.999999999999997780 ) ) ;
#2765 = LINE ( 'NONE', #582, #543 ) ;
#2766 = EDGE_LOOP ( 'NONE', ( #1287, #1960, #2836, #281 ) ) ;
#2767 = ORIENTED_EDGE ( 'NONE', *, *, #30, .F. ) ;
#2768 = EDGE_LOOP ( 'NONE', ( #1840, #2139, #326, #1582 ) ) ;
#2769 = EDGE_CURVE ( 'NONE', #791, #444, #2052, .T. ) ;
#2770 = CARTESIAN_POINT ( 'NONE',  ( -1.250000000000000000, -3.000000000000002220, 7.799999999999997158 ) ) ;
#2771 = CYLINDRICAL_SURFACE ( 'NONE', #1593, 1.950000000000001288 ) ;
#2772 = DIRECTION ( 'NONE',  ( 0.000000000000000000, 0.000000000000000000, -1.000000000000000000 ) ) ;
#2773 = VERTEX_POINT ( 'NONE', #814 ) ;
#2774 = VECTOR ( 'NONE', #3118, 1000.000000000000000 ) ;
#2775 = ORIENTED_EDGE ( 'NONE', *, *, #2475, .F. ) ;
#2776 = CARTESIAN_POINT ( 'NONE',  ( -7.499999999999998224, -0.7000000000000200506, -7.000000000000000000 ) ) ;
#2777 = DIRECTION ( 'NONE',  ( 0.000000000000000000, 0.000000000000000000, -1.000000000000000000 ) ) ;
#2778 = EDGE_LOOP ( 'NONE', ( #1808 ) ) ;
#2779 = EDGE_CURVE ( 'NONE', #688, #1623, #698, .T. ) ;
#2780 = EDGE_CURVE ( 'NONE', #1746, #2186, #616, .T. ) ;
#2781 = DIRECTION ( 'NONE',  ( 0.000000000000000000, 0.000000000000000000, 1.000000000000000000 ) ) ;
#2782 = STYLED_ITEM ( 'NONE', ( #323 ), #666 ) ;
#2783 = CARTESIAN_POINT ( 'NONE',  ( 15.00000000000000000, -4.900000000000000355, 9.150000000000002132 ) ) ;
#2784 = ADVANCED_FACE ( 'NONE', ( #1839 ), #2761, .T. ) ;
#2785 = ORIENTED_EDGE ( 'NONE', *, *, #186, .F. ) ;
#2786 = DIRECTION ( 'NONE',  ( 0.000000000000000000, 0.000000000000000000, -1.000000000000000000 ) ) ;
#2787 = ORIENTED_EDGE ( 'NONE', *, *, #801, .T. ) ;
#2788 = CARTESIAN_POINT ( 'NONE',  ( 9.999999999999998224, 0.000000000000000000, -2.499999999999999112 ) ) ;
#2789 = VECTOR ( 'NONE', #145, 1000.000000000000000 ) ;
#2790 = CIRCLE ( 'NONE', #1577, 1.000000000000000000 ) ;
#2791 = VERTEX_POINT ( 'NONE', #1798 ) ;
#2792 = DIRECTION ( 'NONE',  ( -1.000000000000000000, -0.000000000000000000, -0.000000000000000000 ) ) ;
#2793 = EDGE_LOOP ( 'NONE', ( #2293 ) ) ;
#2794 = VECTOR ( 'NONE', #12, 1000.000000000000000 ) ;
#2795 = CARTESIAN_POINT ( 'NONE',  ( 12.54999999999999893, 0.000000000000000000, -9.150000000000002132 ) ) ;
#2796 = FACE_OUTER_BOUND ( 'NONE', #914, .T. ) ;
#2797 = CARTESIAN_POINT ( 'NONE',  ( -15.00000000000000000, -4.900000000000000355, -9.149999999999998579 ) ) ;
#2798 = LINE ( 'NONE', #2414, #285 ) ;
#2799 = EDGE_CURVE ( 'NONE', #337, #2421, #1339, .T. ) ;
#2800 = AXIS2_PLACEMENT_3D ( 'NONE', #279, #304, #2941 ) ;
#2801 = CARTESIAN_POINT ( 'NONE',  ( -9.999999999999998224, 0.000000000000000000, 2.499999999999999556 ) ) ;
#2802 = FACE_OUTER_BOUND ( 'NONE', #2147, .T. ) ;
#2803 = ORIENTED_EDGE ( 'NONE', *, *, #2210, .F. ) ;
#2804 = ADVANCED_FACE ( 'NONE', ( #2723 ), #2092, .T. ) ;
#2805 = LINE ( 'NONE', #1490, #815 ) ;
#2806 = EDGE_LOOP ( 'NONE', ( #1672, #173, #322, #2391 ) ) ;
#2807 = CARTESIAN_POINT ( 'NONE',  ( -4.749999999999999112, -0.7000000000000096145, -0.9999999999999978906 ) ) ;
#2808 = FACE_OUTER_BOUND ( 'NONE', #242, .T. ) ;
#2809 = PLANE ( 'NONE',  #2605 ) ;
#2810 = CARTESIAN_POINT ( 'NONE',  ( 7.500000000000003553, -0.7000000000000200506, -7.000000000000001776 ) ) ;
#2811 = DIRECTION ( 'NONE',  ( 6.938893903907259932E-16, 0.000000000000000000, -1.000000000000000000 ) ) ;
#2812 = EDGE_CURVE ( 'NONE', #185, #2421, #53, .T. ) ;
#2813 = ORIENTED_EDGE ( 'NONE', *, *, #1062, .F. ) ;
#2814 = ORIENTED_EDGE ( 'NONE', *, *, #522, .T. ) ;
#2815 = EDGE_LOOP ( 'NONE', ( #25, #146, #868, #2426, #1240, #2285, #2533, #2356 ) ) ;
#2816 = DIRECTION ( 'NONE',  ( -6.195440985631451620E-17, 0.000000000000000000, 1.000000000000000000 ) ) ;
#2817 = VERTEX_POINT ( 'NONE', #2031 ) ;
#2818 = CARTESIAN_POINT ( 'NONE',  ( -7.499999999999998224, -4.900000000000000355, -6.999999999999999112 ) ) ;
#2819 = AXIS2_PLACEMENT_3D ( 'NONE', #1943, #2668, #2887 ) ;
#2820 = CARTESIAN_POINT ( 'NONE',  ( 10.05000000000000071, -1.300000000000000711, 2.499999999999998668 ) ) ;
#2821 = ADVANCED_FACE ( 'NONE', ( #1422 ), #1779, .F. ) ;
#2822 = ORIENTED_EDGE ( 'NONE', *, *, #1899, .F. ) ;
#2823 = CARTESIAN_POINT ( 'NONE',  ( -3.337499999999994582, 9.340770846134702765, 3.337500000000011458 ) ) ;
#2824 = DIRECTION ( 'NONE',  ( 0.000000000000000000, 1.000000000000000000, 0.000000000000000000 ) ) ;
#2825 = ORIENTED_EDGE ( 'NONE', *, *, #648, .T. ) ;
#2826 = DIRECTION ( 'NONE',  ( -0.000000000000000000, -1.000000000000000000, -0.000000000000000000 ) ) ;
#2827 = AXIS2_PLACEMENT_3D ( 'NONE', #1884, #2594, #409 ) ;
#2828 = DIRECTION ( 'NONE',  ( -8.896017825522085641E-15, 0.000000000000000000, -1.000000000000000000 ) ) ;
#2829 = AXIS2_PLACEMENT_3D ( 'NONE', #2120, #2379, #1644 ) ;
#2830 = DIRECTION ( 'NONE',  ( -0.000000000000000000, -1.000000000000000000, 0.000000000000000000 ) ) ;
#2831 = DIRECTION ( 'NONE',  ( 0.000000000000000000, 1.000000000000000000, 0.000000000000000000 ) ) ;
#2832 = ORIENTED_EDGE ( 'NONE', *, *, #2424, .T. ) ;
#2833 = CARTESIAN_POINT ( 'NONE',  ( -3.749999999999998224, -0.7000000000000127232, -1.999999999999998224 ) ) ;
#2834 = ORIENTED_EDGE ( 'NONE', *, *, #1174, .T. ) ;
#2835 = CIRCLE ( 'NONE', #2665, 5.100000000000005862 ) ;
#2836 = ORIENTED_EDGE ( 'NONE', *, *, #387, .F. ) ;
#2837 = CIRCLE ( 'NONE', #1330, 1.950000000000001288 ) ;
#2838 = FACE_OUTER_BOUND ( 'NONE', #374, .T. ) ;
#2839 = ADVANCED_FACE ( 'NONE', ( #917 ), #539, .F. ) ;
#2840 = LINE ( 'NONE', #2154, #1845 ) ;
#2841 = CARTESIAN_POINT ( 'NONE',  ( -7.499999999999998224, -1.300000000000002487, -5.999999999999999112 ) ) ;
#2842 = CARTESIAN_POINT ( 'NONE',  ( 15.00000000000000000, -4.900000000000000355, -7.499999999999996447 ) ) ;
#2843 = DIRECTION ( 'NONE',  ( 1.000000000000000000, 0.000000000000000000, 1.156482317317871478E-16 ) ) ;
#2844 = VERTEX_POINT ( 'NONE', #2531 ) ;
#2845 = EDGE_CURVE ( 'NONE', #643, #1506, #805, .T. ) ;
#2846 = EDGE_CURVE ( 'NONE', #295, #2491, #3069, .T. ) ;
#2847 = EDGE_LOOP ( 'NONE', ( #1395, #97, #2975, #108, #76, #417, #1972, #405 ) ) ;
#2848 = ORIENTED_EDGE ( 'NONE', *, *, #104, .F. ) ;
#2849 = VECTOR ( 'NONE', #761, 1000.000000000000000 ) ;
#2850 = AXIS2_PLACEMENT_3D ( 'NONE', #1939, #1735, #1721 ) ;
#2851 = CARTESIAN_POINT ( 'NONE',  ( 15.00000000000000000, -4.900000000000000355, -9.150000000000002132 ) ) ;
#2852 = ORIENTED_EDGE ( 'NONE', *, *, #2355, .F. ) ;
#2853 = LINE ( 'NONE', #2990, #1477 ) ;
#2854 = CARTESIAN_POINT ( 'NONE',  ( 15.00000000000000533, 0.000000000000000000, 7.499999999999996447 ) ) ;
#2855 = CARTESIAN_POINT ( 'NONE',  ( -14.99999999999999822, -2.000000000000000000, 7.500000000000000000 ) ) ;
#2856 = VERTEX_POINT ( 'NONE', #841 ) ;
#2857 = CARTESIAN_POINT ( 'NONE',  ( 3.750000000000000000, -1.300000000000002487, 5.999999999999997335 ) ) ;
#2858 = CARTESIAN_POINT ( 'NONE',  ( 15.00000000000000000, -4.900000000000000355, -9.150000000000002132 ) ) ;
#2859 = DIRECTION ( 'NONE',  ( 0.000000000000000000, -1.445602896647340494E-15, -1.000000000000000000 ) ) ;
#2860 = EDGE_CURVE ( 'NONE', #1153, #3124, #1916, .T. ) ;
#2861 = ORIENTED_EDGE ( 'NONE', *, *, #2136, .T. ) ;
#2862 = CARTESIAN_POINT ( 'NONE',  ( 4.750000000000000888, 0.000000000000000000, 6.999999999999997335 ) ) ;
#2863 = AXIS2_PLACEMENT_3D ( 'NONE', #162, #1653, #1407 ) ;
#2864 = CARTESIAN_POINT ( 'NONE',  ( -9.999999999999998224, 0.000000000000000000, -6.999999999999999112 ) ) ;
#2865 = DIRECTION ( 'NONE',  ( 1.000000000000000000, 0.000000000000000000, 0.000000000000000000 ) ) ;
#2866 = AXIS2_PLACEMENT_3D ( 'NONE', #461, #2393, #929 ) ;
#2867 = CARTESIAN_POINT ( 'NONE',  ( -15.14999999999999858, -1.300000000000000711, -2.499999999999988454 ) ) ;
#2868 = CARTESIAN_POINT ( 'NONE',  ( -6.938893903907329943E-16, -0.7000000000000130562, -1.999999999999999556 ) ) ;
#2869 = ORIENTED_EDGE ( 'NONE', *, *, #1509, .T. ) ;
#2870 = ORIENTED_EDGE ( 'NONE', *, *, #725, .T. ) ;
#2871 = VECTOR ( 'NONE', #638, 1000.000000000000000 ) ;
#2872 = FACE_OUTER_BOUND ( 'NONE', #2889, .T. ) ;
#2873 = ORIENTED_EDGE ( 'NONE', *, *, #2282, .T. ) ;
#2874 = EDGE_LOOP ( 'NONE', ( #490, #1505, #150, #816 ) ) ;
#2875 = DIRECTION ( 'NONE',  ( 0.000000000000000000, 0.000000000000000000, -1.000000000000000000 ) ) ;
#2876 = EDGE_CURVE ( 'NONE', #897, #2028, #1985, .T. ) ;
#2877 = LINE ( 'NONE', #2201, #1987 ) ;
#2878 = CIRCLE ( 'NONE', #2169, 5.100000000000011191 ) ;
#2879 = DIRECTION ( 'NONE',  ( 1.000000000000000000, 0.000000000000000000, -1.301042606982605321E-16 ) ) ;
#2880 = DIRECTION ( 'NONE',  ( 0.000000000000000000, 0.000000000000000000, 1.000000000000000000 ) ) ;
#2881 = VECTOR ( 'NONE', #1871, 1000.000000000000000 ) ;
#2882 = AXIS2_PLACEMENT_3D ( 'NONE', #2102, #1609, #1093 ) ;
#2883 = CARTESIAN_POINT ( 'NONE',  ( 3.750000000000000000, -1.300000000000000711, 5.999999999999997335 ) ) ;
#2884 = ORIENTED_EDGE ( 'NONE', *, *, #2891, .T. ) ;
#2885 = CARTESIAN_POINT ( 'NONE',  ( 13.04999999999999893, -2.000000000000000000, 8.649999999999996803 ) ) ;
#2886 = CIRCLE ( 'NONE', #1792, 3.000000000000000000 ) ;
#2887 = DIRECTION ( 'NONE',  ( 0.000000000000000000, 0.000000000000000000, -1.000000000000000000 ) ) ;
#2888 = ADVANCED_FACE ( 'NONE', ( #1951 ), #998, .T. ) ;
#2889 = EDGE_LOOP ( 'NONE', ( #1086, #2455, #1313, #2447, #2034, #899, #1327, #1907 ) ) ;
#2890 = CARTESIAN_POINT ( 'NONE',  ( 16.15000000000000213, 0.000000000000000000, -5.049999999999997158 ) ) ;
#2891 = EDGE_CURVE ( 'NONE', #14, #1562, #2358, .T. ) ;
#2892 = CYLINDRICAL_SURFACE ( 'NONE', #226, 1.650000000000002132 ) ;
#2893 = DIRECTION ( 'NONE',  ( 1.000000000000000000, 0.000000000000000000, -1.301042606982605321E-16 ) ) ;
#2894 = EDGE_CURVE ( 'NONE', #2087, #2087, #1307, .T. ) ;
#2895 = AXIS2_PLACEMENT_3D ( 'NONE', #119, #1820, #355 ) ;
#2896 = ORIENTED_EDGE ( 'NONE', *, *, #2282, .F. ) ;
#2897 = ORIENTED_EDGE ( 'NONE', *, *, #1615, .F. ) ;
#2898 = DIRECTION ( 'NONE',  ( -1.000000000000000000, -0.000000000000000000, 0.000000000000000000 ) ) ;
#2899 = EDGE_LOOP ( 'NONE', ( #1559, #1264, #1661, #39 ) ) ;
#2900 = DIRECTION ( 'NONE',  ( -0.000000000000000000, 1.000000000000000000, -0.000000000000000000 ) ) ;
#2901 = CARTESIAN_POINT ( 'NONE',  ( 1.250000000000000000, 0.000000000000000000, 0.000000000000000000 ) ) ;
#2902 = DIRECTION ( 'NONE',  ( 0.000000000000000000, -0.000000000000000000, 1.000000000000000000 ) ) ;
#2903 = ORIENTED_EDGE ( 'NONE', *, *, #1301, .T. ) ;
#2904 = EDGE_CURVE ( 'NONE', #1397, #2040, #770, .T. ) ;
#2905 = AXIS2_PLACEMENT_3D ( 'NONE', #2801, #2567, #2786 ) ;
#2906 = DIRECTION ( 'NONE',  ( -0.000000000000000000, -1.000000000000000000, -0.000000000000000000 ) ) ;
#2907 = ORIENTED_EDGE ( 'NONE', *, *, #2029, .T. ) ;
#2908 = CARTESIAN_POINT ( 'NONE',  ( -9.999999999999998224, -1.300000000000000711, 6.999999999999999112 ) ) ;
#2909 = CARTESIAN_POINT ( 'NONE',  ( 15.15000000000000568, -1.300000000000000711, -2.499999999999984457 ) ) ;
#2910 = ORIENTED_EDGE ( 'NONE', *, *, #777, .F. ) ;
#2911 = DIRECTION ( 'NONE',  ( -0.000000000000000000, 1.000000000000000000, -0.000000000000000000 ) ) ;
#2912 = PLANE ( 'NONE',  #1091 ) ;
#2913 = EDGE_LOOP ( 'NONE', ( #6 ) ) ;
#2914 = CYLINDRICAL_SURFACE ( 'NONE', #2124, 0.5000000000000022204 ) ;
#2915 = ORIENTED_EDGE ( 'NONE', *, *, #740, .F. ) ;
#2916 = VECTOR ( 'NONE', #1671, 1000.000000000000000 ) ;
#2917 = FACE_BOUND ( 'NONE', #513, .T. ) ;
#2918 = EDGE_CURVE ( 'NONE', #2844, #958, #348, .T. ) ;
#2919 = CARTESIAN_POINT ( 'NONE',  ( 10.04999999999999893, -4.900000000000000355, 7.600000000000006750 ) ) ;
#2920 = VECTOR ( 'NONE', #214, 1000.000000000000000 ) ;
#2921 = DIRECTION ( 'NONE',  ( 0.000000000000000000, -6.505213034913263262E-15, 1.000000000000000000 ) ) ;
#2922 = EDGE_LOOP ( 'NONE', ( #2325 ) ) ;
#2923 = CARTESIAN_POINT ( 'NONE',  ( -15.00000000000000000, -2.000000000000000000, -6.449999999999992184 ) ) ;
#2924 = DIRECTION ( 'NONE',  ( -1.000000000000000000, 5.172175143618099192E-31, 3.469446951953616161E-16 ) ) ;
#2925 = VERTEX_POINT ( 'NONE', #1680 ) ;
#2926 = ORIENTED_EDGE ( 'NONE', *, *, #2528, .F. ) ;
#2927 = AXIS2_PLACEMENT_3D ( 'NONE', #872, #1697, #985 ) ;
#2928 = LINE ( 'NONE', #245, #1742 ) ;
#2929 = DIRECTION ( 'NONE',  ( 0.000000000000000000, 1.000000000000000000, 0.000000000000000000 ) ) ;
#2930 = ORIENTED_EDGE ( 'NONE', *, *, #1385, .T. ) ;
#2931 = VECTOR ( 'NONE', #2704, 1000.000000000000000 ) ;
#2932 = DIRECTION ( 'NONE',  ( -0.000000000000000000, -0.000000000000000000, -1.000000000000000000 ) ) ;
#2933 = CARTESIAN_POINT ( 'NONE',  ( -1.250000000000000000, -2.999999999999951594, -1.951563910473947424E-14 ) ) ;
#2934 = ORIENTED_EDGE ( 'NONE', *, *, #1347, .F. ) ;
#2935 = CARTESIAN_POINT ( 'NONE',  ( 1.250000000000000000, -4.900000000000000355, 7.600000000000003197 ) ) ;
#2936 = ORIENTED_EDGE ( 'NONE', *, *, #364, .T. ) ;
#2937 = VERTEX_POINT ( 'NONE', #947 ) ;
#2938 = AXIS2_PLACEMENT_3D ( 'NONE', #1891, #2830, #2137 ) ;
#2939 = ORIENTED_EDGE ( 'NONE', *, *, #2601, .F. ) ;
#2940 = DIRECTION ( 'NONE',  ( 1.000000000000000000, 0.000000000000000000, -1.301042606982605321E-16 ) ) ;
#2941 = DIRECTION ( 'NONE',  ( 0.000000000000000000, 0.000000000000000000, -1.000000000000000000 ) ) ;
#2942 = CARTESIAN_POINT ( 'NONE',  ( -16.15000000000000213, 0.000000000000000000, -5.049999999999991829 ) ) ;
#2943 = CARTESIAN_POINT ( 'NONE',  ( 5.000000000000000000, -0.7000000000000159428, -4.249999999999992006 ) ) ;
#2944 = EDGE_LOOP ( 'NONE', ( #2221, #1063, #1046, #251 ) ) ;
#2945 = LINE ( 'NONE', #300, #1029 ) ;
#2946 = CARTESIAN_POINT ( 'NONE',  ( -13.49322818559232928, -3.100000000000000977, 6.262204096263593200 ) ) ;
#2947 = EDGE_CURVE ( 'NONE', #2472, #925, #2837, .T. ) ;
#2948 = EDGE_CURVE ( 'NONE', #2246, #2246, #1265, .T. ) ;
#2949 = DIRECTION ( 'NONE',  ( 1.301042606982605321E-16, -0.000000000000000000, 1.000000000000000000 ) ) ;
#2950 = CIRCLE ( 'NONE', #1812, 5.100000000000011191 ) ;
#2951 = VECTOR ( 'NONE', #1980, 1000.000000000000000 ) ;
#2952 = DIRECTION ( 'NONE',  ( -0.000000000000000000, -1.000000000000000000, -4.170008355713504268E-16 ) ) ;
#2953 = CARTESIAN_POINT ( 'NONE',  ( 15.00000000000000000, -4.900000000000000355, 7.499999999999996447 ) ) ;
#2954 = ORIENTED_EDGE ( 'NONE', *, *, #1791, .F. ) ;
#2955 = VERTEX_POINT ( 'NONE', #476 ) ;
#2956 = ORIENTED_EDGE ( 'NONE', *, *, #792, .F. ) ;
#2957 = VECTOR ( 'NONE', #514, 1000.000000000000000 ) ;
#2958 =( NAMED_UNIT ( * ) SI_UNIT ( $, .STERADIAN. ) SOLID_ANGLE_UNIT ( ) );
#2959 = VERTEX_POINT ( 'NONE', #1720 ) ;
#2960 = FACE_OUTER_BOUND ( 'NONE', #715, .T. ) ;
#2961 = LINE ( 'NONE', #2578, #1273 ) ;
#2962 = DIRECTION ( 'NONE',  ( 0.000000000000000000, 1.000000000000000000, -0.000000000000000000 ) ) ;
#2963 = ORIENTED_EDGE ( 'NONE', *, *, #1662, .F. ) ;
#2964 = DIRECTION ( 'NONE',  ( 0.000000000000000000, 0.000000000000000000, 1.000000000000000000 ) ) ;
#2965 = EDGE_CURVE ( 'NONE', #1947, #597, #127, .T. ) ;
#2966 = VECTOR ( 'NONE', #230, 1000.000000000000000 ) ;
#2967 = CARTESIAN_POINT ( 'NONE',  ( 15.00000000000000000, -2.000000000000000000, 8.549999999999995381 ) ) ;
#2968 = LINE ( 'NONE', #810, #1548 ) ;
#2969 = EDGE_CURVE ( 'NONE', #3034, #3034, #2208, .T. ) ;
#2970 = AXIS2_PLACEMENT_3D ( 'NONE', #2006, #503, #1254 ) ;
#2971 = ORIENTED_EDGE ( 'NONE', *, *, #524, .T. ) ;
#2972 = DIRECTION ( 'NONE',  ( 0.000000000000000000, 0.000000000000000000, 1.000000000000000000 ) ) ;
#2973 = DIRECTION ( 'NONE',  ( -0.000000000000000000, 1.000000000000000000, -0.000000000000000000 ) ) ;
#2974 = VERTEX_POINT ( 'NONE', #452 ) ;
#2975 = ORIENTED_EDGE ( 'NONE', *, *, #2308, .F. ) ;
#2976 = SURFACE_STYLE_USAGE ( .BOTH. , #47 ) ;
#2977 = ORIENTED_EDGE ( 'NONE', *, *, #1224, .T. ) ;
#2978 = ORIENTED_EDGE ( 'NONE', *, *, #1315, .T. ) ;
#2979 = CARTESIAN_POINT ( 'NONE',  ( 3.174999999999999378, -0.7000000000000118350, 3.500000000000001332 ) ) ;
#2980 = EDGE_CURVE ( 'NONE', #3104, #688, #1498, .T. ) ;
#2981 = CARTESIAN_POINT ( 'NONE',  ( 14.50000000000000355, -1.300000000000000711, 2.500000000000001332 ) ) ;
#2982 = DIRECTION ( 'NONE',  ( 0.000000000000000000, -1.000000000000000000, 0.000000000000000000 ) ) ;
#2983 = DIRECTION ( 'NONE',  ( 0.000000000000000000, -1.000000000000000000, 0.000000000000000000 ) ) ;
#2984 = VERTEX_POINT ( 'NONE', #1155 ) ;
#2985 = LINE ( 'NONE', #2113, #1296 ) ;
#2986 = CARTESIAN_POINT ( 'NONE',  ( 15.00000000000000533, -2.000000000000000000, 7.499999999999996447 ) ) ;
#2987 = VECTOR ( 'NONE', #3, 1000.000000000000000 ) ;
#2988 = ORIENTED_EDGE ( 'NONE', *, *, #2630, .T. ) ;
#2989 = CYLINDRICAL_SURFACE ( 'NONE', #2546, 0.5000000000000004441 ) ;
#2990 = CARTESIAN_POINT ( 'NONE',  ( 14.50000000000000533, 0.000000000000000000, -2.500000000000001332 ) ) ;
#2991 = ORIENTED_EDGE ( 'NONE', *, *, #2059, .T. ) ;
#2992 = VECTOR ( 'NONE', #718, 1000.000000000000000 ) ;
#2993 = DIRECTION ( 'NONE',  ( -0.000000000000000000, -0.000000000000000000, -1.000000000000000000 ) ) ;
#2994 = LINE ( 'NONE', #1965, #700 ) ;
#2995 = DIRECTION ( 'NONE',  ( 0.000000000000000000, -1.490777987167577471E-15, -1.000000000000000000 ) ) ;
#2996 = FACE_OUTER_BOUND ( 'NONE', #3091, .T. ) ;
#2997 = EDGE_CURVE ( 'NONE', #224, #1740, #2471, .T. ) ;
#2998 = AXIS2_PLACEMENT_3D ( 'NONE', #938, #676, #3100 ) ;
#2999 = PLANE ( 'NONE',  #1218 ) ;
#3000 = DIRECTION ( 'NONE',  ( 1.000000000000000000, -0.000000000000000000, -0.000000000000000000 ) ) ;
#3001 = ORIENTED_EDGE ( 'NONE', *, *, #268, .F. ) ;
#3002 = ADVANCED_FACE ( 'NONE', ( #657 ), #2618, .T. ) ;
#3003 = CARTESIAN_POINT ( 'NONE',  ( 13.05000000000000071, 0.000000000000000000, 7.499999999999995559 ) ) ;
#3004 = DIRECTION ( 'NONE',  ( 1.000000000000000000, 0.000000000000000000, 0.000000000000000000 ) ) ;
#3005 = ORIENTED_EDGE ( 'NONE', *, *, #1677, .F. ) ;
#3006 = ORIENTED_EDGE ( 'NONE', *, *, #172, .F. ) ;
#3007 = LINE ( 'NONE', #2627, #360 ) ;
#3008 = CARTESIAN_POINT ( 'NONE',  ( -9.999999999999998224, 0.000000000000000000, -6.999999999999999112 ) ) ;
#3009 = ORIENTED_EDGE ( 'NONE', *, *, #632, .T. ) ;
#3010 = CARTESIAN_POINT ( 'NONE',  ( -10.04999999999999361, -2.000000000000000000, -2.499999999999988454 ) ) ;
#3011 = VERTEX_POINT ( 'NONE', #2642 ) ;
#3012 = DIRECTION ( 'NONE',  ( 0.000000000000000000, 0.000000000000000000, -1.000000000000000000 ) ) ;
#3013 = ORIENTED_EDGE ( 'NONE', *, *, #2876, .T. ) ;
#3014 = EDGE_CURVE ( 'NONE', #1703, #3075, #1801, .T. ) ;
#3015 = AXIS2_PLACEMENT_3D ( 'NONE', #1259, #1283, #1767 ) ;
#3016 = EDGE_CURVE ( 'NONE', #1967, #340, #1732, .T. ) ;
#3017 = ORIENTED_EDGE ( 'NONE', *, *, #1953, .F. ) ;
#3018 = DIRECTION ( 'NONE',  ( -1.000000000000000000, 0.000000000000000000, -4.956352788505159323E-16 ) ) ;
#3019 = EDGE_LOOP ( 'NONE', ( #2611, #2603, #2016, #650 ) ) ;
#3020 = DIRECTION ( 'NONE',  ( -1.508455196501571627E-15, 0.000000000000000000, 1.000000000000000000 ) ) ;
#3021 = DIRECTION ( 'NONE',  ( -0.000000000000000000, -1.000000000000000000, 0.000000000000000000 ) ) ;
#3022 = ORIENTED_EDGE ( 'NONE', *, *, #1832, .T. ) ;
#3023 = CARTESIAN_POINT ( 'NONE',  ( -6.500000000000000000, 18.40497317454278914, -1.610814656264174438E-15 ) ) ;
#3024 = EDGE_LOOP ( 'NONE', ( #2259 ) ) ;
#3025 = LINE ( 'NONE', #3070, #1835 ) ;
#3026 = VECTOR ( 'NONE', #48, 1000.000000000000000 ) ;
#3027 = ORIENTED_EDGE ( 'NONE', *, *, #265, .T. ) ;
#3028 = AXIS2_PLACEMENT_3D ( 'NONE', #2182, #1936, #464 ) ;
#3029 = CARTESIAN_POINT ( 'NONE',  ( 13.04999999999999893, -2.000000000000000000, -7.499999999999996447 ) ) ;
#3030 = ORIENTED_EDGE ( 'NONE', *, *, #1002, .F. ) ;
#3031 = CARTESIAN_POINT ( 'NONE',  ( -5.000000000000000000, 18.40497317454278914, -3.499999999999998224 ) ) ;
#3032 = FACE_OUTER_BOUND ( 'NONE', #678, .T. ) ;
#3033 = ADVANCED_FACE ( 'NONE', ( #2541 ), #907, .T. ) ;
#3034 = VERTEX_POINT ( 'NONE', #1545 ) ;
#3035 = AXIS2_PLACEMENT_3D ( 'NONE', #518, #294, #766 ) ;
#3036 = FACE_OUTER_BOUND ( 'NONE', #2847, .T. ) ;
#3037 = ADVANCED_FACE ( 'NONE', ( #1876 ), #199, .T. ) ;
#3038 = PLANE ( 'NONE',  #1435 ) ;
#3039 = LINE ( 'NONE', #2202, #580 ) ;
#3040 = ORIENTED_EDGE ( 'NONE', *, *, #1977, .F. ) ;
#3041 = DIRECTION ( 'NONE',  ( 0.000000000000000000, 0.000000000000000000, 1.000000000000000000 ) ) ;
#3042 = CARTESIAN_POINT ( 'NONE',  ( -14.50000000000000533, -4.900000000000000355, -2.499999999999997780 ) ) ;
#3043 = LINE ( 'NONE', #2138, #1115 ) ;
#3044 = EDGE_CURVE ( 'NONE', #239, #1969, #839, .T. ) ;
#3045 = CARTESIAN_POINT ( 'NONE',  ( -16.65000000000000568, 0.000000000000000000, 5.049999999999998934 ) ) ;
#3046 = LINE ( 'NONE', #2625, #1013 ) ;
#3047 = DIRECTION ( 'NONE',  ( 0.000000000000000000, 0.000000000000000000, 1.000000000000000000 ) ) ;
#3048 = ORIENTED_EDGE ( 'NONE', *, *, #2254, .F. ) ;
#3049 = CARTESIAN_POINT ( 'NONE',  ( -13.04999999999999893, -2.000000000000000000, -7.499999999999992895 ) ) ;
#3050 = ADVANCED_FACE ( 'NONE', ( #282 ), #2184, .F. ) ;
#3051 = ORIENTED_EDGE ( 'NONE', *, *, #2090, .F. ) ;
#3052 = DIRECTION ( 'NONE',  ( 3.154042683594195121E-16, 0.000000000000000000, 1.000000000000000000 ) ) ;
#3053 = EDGE_LOOP ( 'NONE', ( #389, #775, #945, #1497, #135, #194, #2071, #1351 ) ) ;
#3054 = EDGE_CURVE ( 'NONE', #2677, #791, #802, .T. ) ;
#3055 = ORIENTED_EDGE ( 'NONE', *, *, #1677, .T. ) ;
#3056 = EDGE_CURVE ( 'NONE', #2275, #2199, #957, .T. ) ;
#3057 = DIRECTION ( 'NONE',  ( -1.858632295689435363E-16, 1.490777987167577471E-15, 1.000000000000000000 ) ) ;
#3058 = AXIS2_PLACEMENT_3D ( 'NONE', #1010, #2652, #1700 ) ;
#3059 = CARTESIAN_POINT ( 'NONE',  ( -14.99999999999999645, -2.000000000000000000, 7.500000000000000000 ) ) ;
#3060 = ORIENTED_EDGE ( 'NONE', *, *, #2738, .T. ) ;
#3061 = VECTOR ( 'NONE', #2617, 1000.000000000000000 ) ;
#3062 = LINE ( 'NONE', #860, #571 ) ;
#3063 = ADVANCED_FACE ( 'NONE', ( #2015 ), #1192, .F. ) ;
#3064 = EDGE_CURVE ( 'NONE', #1935, #210, #2478, .T. ) ;
#3065 = ORIENTED_EDGE ( 'NONE', *, *, #2340, .F. ) ;
#3066 = CARTESIAN_POINT ( 'NONE',  ( 10.05000000000000249, -4.900000000000000355, -7.600000000000002309 ) ) ;
#3067 = CYLINDRICAL_SURFACE ( 'NONE', #769, 5.100000000000005862 ) ;
#3068 = CARTESIAN_POINT ( 'NONE',  ( 4.750000000000000888, -0.7000000000000096145, -0.9999999999999967804 ) ) ;
#3069 = LINE ( 'NONE', #601, #2020 ) ;
#3070 = CARTESIAN_POINT ( 'NONE',  ( -14.99999999999999822, -2.000000000000000000, -5.549999999999992717 ) ) ;
#3071 = CYLINDRICAL_SURFACE ( 'NONE', #2043, 1.000000000000000000 ) ;
#3072 = EDGE_CURVE ( 'NONE', #1065, #2688, #1694, .T. ) ;
#3073 = CARTESIAN_POINT ( 'NONE',  ( 16.65000000000000213, -2.000000000000000000, 5.049999999999997158 ) ) ;
#3074 = CIRCLE ( 'NONE', #244, 1.050000000000000488 ) ;
#3075 = VERTEX_POINT ( 'NONE', #2445 ) ;
#3076 = DIRECTION ( 'NONE',  ( 0.000000000000000000, 1.000000000000000000, 0.000000000000000000 ) ) ;
#3077 = ORIENTED_EDGE ( 'NONE', *, *, #1421, .T. ) ;
#3078 = ORIENTED_EDGE ( 'NONE', *, *, #303, .F. ) ;
#3079 = CARTESIAN_POINT ( 'NONE',  ( -15.00000000000000178, -2.000000000000000000, 5.549999999999998934 ) ) ;
#3080 = PLANE ( 'NONE',  #760 ) ;
#3081 = LINE ( 'NONE', #2134, #2145 ) ;
#3082 = DIRECTION ( 'NONE',  ( 0.000000000000000000, 0.000000000000000000, 1.000000000000000000 ) ) ;
#3083 = ADVANCED_FACE ( 'NONE', ( #2796 ), #1236, .F. ) ;
#3084 = DIRECTION ( 'NONE',  ( -0.7071067811865462405, -2.948641185929590150E-16, 0.7071067811865489050 ) ) ;
#3085 = DIRECTION ( 'NONE',  ( 0.000000000000000000, 0.000000000000000000, 1.000000000000000000 ) ) ;
#3086 = EDGE_CURVE ( 'NONE', #2294, #1612, #315, .T. ) ;
#3087 = ORIENTED_EDGE ( 'NONE', *, *, #1242, .T. ) ;
#3088 = CARTESIAN_POINT ( 'NONE',  ( -16.65000000000000568, -2.000000000000000000, 5.049999999999998934 ) ) ;
#3089 = ORIENTED_EDGE ( 'NONE', *, *, #1315, .F. ) ;
#3090 = ORIENTED_EDGE ( 'NONE', *, *, #1881, .F. ) ;
#3091 = EDGE_LOOP ( 'NONE', ( #1757 ) ) ;
#3092 = DIRECTION ( 'NONE',  ( -0.000000000000000000, -1.000000000000000000, 0.000000000000000000 ) ) ;
#3093 = AXIS2_PLACEMENT_3D ( 'NONE', #1322, #2554, #594 ) ;
#3094 = CARTESIAN_POINT ( 'NONE',  ( -3.174999999999999822, 0.000000000000000000, 4.896318734786533533E-15 ) ) ;
#3095 = CARTESIAN_POINT ( 'NONE',  ( -15.00000000000000178, -2.000000000000000000, -7.499999999999992895 ) ) ;
#3096 = CARTESIAN_POINT ( 'NONE',  ( 1.250000000000000000, 0.000000000000000000, 5.424999999999992717 ) ) ;
#3097 = VERTEX_POINT ( 'NONE', #237 ) ;
#3098 = CARTESIAN_POINT ( 'NONE',  ( -13.49322818559233816, -1.300000000000000711, 6.262204096263584319 ) ) ;
#3099 = CARTESIAN_POINT ( 'NONE',  ( 15.15000000000000213, -4.900000000000000355, 2.499999999999992450 ) ) ;
#3100 = DIRECTION ( 'NONE',  ( 0.000000000000000000, 0.000000000000000000, 1.000000000000000000 ) ) ;
#3101 = ADVANCED_FACE ( 'NONE', ( #874 ), #2459, .F. ) ;
#3102 = DIRECTION ( 'NONE',  ( -1.000000000000000000, 1.232595164407830946E-31, 5.139932134792715948E-47 ) ) ;
#3103 = EDGE_CURVE ( 'NONE', #2318, #2318, #623, .T. ) ;
#3104 = VERTEX_POINT ( 'NONE', #2 ) ;
#3105 =( GEOMETRIC_REPRESENTATION_CONTEXT ( 3 ) GLOBAL_UNCERTAINTY_ASSIGNED_CONTEXT ( ( #1706 ) ) GLOBAL_UNIT_ASSIGNED_CONTEXT ( ( #1780, #1297, #2958 ) ) REPRESENTATION_CONTEXT ( 'NONE', 'WORKASPACE' ) );
#3106 = DIRECTION ( 'NONE',  ( 0.000000000000000000, 0.000000000000000000, 1.000000000000000000 ) ) ;
#3107 = CARTESIAN_POINT ( 'NONE',  ( -15.00000000000000178, -2.000000000000000000, -7.499999999999992895 ) ) ;
#3108 = ORIENTED_EDGE ( 'NONE', *, *, #1834, .F. ) ;
#3109 = DIRECTION ( 'NONE',  ( 0.000000000000000000, -1.000000000000000000, 0.000000000000000000 ) ) ;
#3110 = PLANE ( 'NONE',  #585 ) ;
#3111 = CIRCLE ( 'NONE', #1915, 1.650000000000002132 ) ;
#3112 = CYLINDRICAL_SURFACE ( 'NONE', #2827, 1.950000000000002176 ) ;
#3113 = DIRECTION ( 'NONE',  ( 1.000000000000000000, 0.000000000000000000, -1.301042606982605321E-16 ) ) ;
#3114 = ORIENTED_EDGE ( 'NONE', *, *, #2860, .F. ) ;
#3115 = VECTOR ( 'NONE', #1298, 1000.000000000000000 ) ;
#3116 = ORIENTED_EDGE ( 'NONE', *, *, #3044, .F. ) ;
#3117 = LINE ( 'NONE', #2234, #1036 ) ;
#3118 = DIRECTION ( 'NONE',  ( 0.000000000000000000, 1.000000000000000000, 0.000000000000000000 ) ) ;
#3119 = FACE_OUTER_BOUND ( 'NONE', #1430, .T. ) ;
#3120 = CARTESIAN_POINT ( 'NONE',  ( 9.999999999999998224, 0.000000000000000000, -7.000000000000001776 ) ) ;
#3121 = DIRECTION ( 'NONE',  ( 0.000000000000000000, -1.000000000000000000, 0.000000000000000000 ) ) ;
#3122 = VECTOR ( 'NONE', #1966, 1000.000000000000000 ) ;
#3123 = EDGE_CURVE ( 'NONE', #1235, #537, #1038, .T. ) ;
#3124 = VERTEX_POINT ( 'NONE', #1215 ) ;
#3125 = CARTESIAN_POINT ( 'NONE',  ( 1.250000000000000000, 8.572527594031470232E-16, 1.049831847863299669E-31 ) ) ;
#3126 = DIRECTION ( 'NONE',  ( 0.000000000000000000, 1.000000000000000000, 6.505213034913263262E-15 ) ) ;
#3127 = FACE_OUTER_BOUND ( 'NONE', #3024, .T. ) ;
#3128 = AXIS2_PLACEMENT_3D ( 'NONE', #2110, #2826, #1182 ) ;
#3129 = DIRECTION ( 'NONE',  ( -1.000000000000000000, 0.000000000000000000, -6.938893903907237252E-16 ) ) ;
#3130 = VECTOR ( 'NONE', #2816, 1000.000000000000000 ) ;
#3131 = DIRECTION ( 'NONE',  ( 0.000000000000000000, 1.000000000000000000, 0.000000000000000000 ) ) ;
#3132 = DIRECTION ( 'NONE',  ( 1.000000000000000000, -1.939565678856786212E-31, -1.301042606982605567E-16 ) ) ;
#3133 = ORIENTED_EDGE ( 'NONE', *, *, #1990, .F. ) ;
#3134 = DIRECTION ( 'NONE',  ( -0.000000000000000000, 1.000000000000000000, -0.000000000000000000 ) ) ;
ENDSEC;
END-ISO-10303-21;
