ISO-10303-21;
HEADER;
FILE_DESCRIPTION (( 'STEP AP214' ),
    '1' );
FILE_NAME ('Mounting_Bracket.STEP',
    '2026-09-07T22:19:33',
    ( '' ),
    ( '' ),
    'SwSTEP 2.0',
    'SolidWorks 2026',
    '' );
FILE_SCHEMA (( 'AUTOMOTIVE_DESIGN' ));
ENDSEC;

DATA;
#1 = ORIENTED_EDGE ( 'NONE', *, *, #408, .T. ) ;
#2 = CARTESIAN_POINT ( 'NONE',  ( 10.89999999999999680, 24.00000000000000000, -1.100000000000009415 ) ) ;
#3 = EDGE_LOOP ( 'NONE', ( #1523, #442, #1933 ) ) ;
#4 = DIRECTION ( 'NONE',  ( 0.000000000000000000, 1.000000000000000000, 0.000000000000000000 ) ) ;
#5 = LINE ( 'NONE', #1812, #7 ) ;
#6 = ORIENTED_EDGE ( 'NONE', *, *, #77, .T. ) ;
#7 = VECTOR ( 'NONE', #1396, 1000.000000000000000 ) ;
#8 = DIRECTION ( 'NONE',  ( -0.000000000000000000, -0.000000000000000000, 1.000000000000000000 ) ) ;
#9 = CARTESIAN_POINT ( 'NONE',  ( 15.10000000000000853, -23.99999999999999645, 1.500000000000000000 ) ) ;
#10 = ADVANCED_FACE ( 'NONE', ( #1167 ), #1741, .F. ) ;
#11 = ADVANCED_FACE ( 'NONE', ( #1717 ), #2343, .T. ) ;
#12 = CARTESIAN_POINT ( 'NONE',  ( -12.50000000000000178, -18.99999999999999289, -46.98626166217662359 ) ) ;
#13 = ORIENTED_EDGE ( 'NONE', *, *, #1200, .T. ) ;
#14 = CARTESIAN_POINT ( 'NONE',  ( 15.10000000000000497, 1.637145280453112287E-15, 1.500000000000000000 ) ) ;
#15 = CIRCLE ( 'NONE', #2444, 1.499999999999999556 ) ;
#16 = EDGE_LOOP ( 'NONE', ( #1732, #386, #2058, #346 ) ) ;
#17 = DIRECTION ( 'NONE',  ( 1.000000000000000000, 0.000000000000000000, 0.000000000000000000 ) ) ;
#18 = LINE ( 'NONE', #1011, #1477 ) ;
#19 = ORIENTED_EDGE ( 'NONE', *, *, #425, .T. ) ;
#20 = AXIS2_PLACEMENT_3D ( 'NONE', #1666, #1917, #1292 ) ;
#21 = DIRECTION ( 'NONE',  ( 0.7071067811865475727, 0.7071067811865475727, 0.000000000000000000 ) ) ;
#22 = FACE_OUTER_BOUND ( 'NONE', #2330, .T. ) ;
#23 = CARTESIAN_POINT ( 'NONE',  ( 12.10000000000000853, 19.39999999999998437, 1.500000000000000000 ) ) ;
#24 = ORIENTED_EDGE ( 'NONE', *, *, #1272, .F. ) ;
#25 = EDGE_CURVE ( 'NONE', #1902, #2045, #1946, .T. ) ;
#26 = LINE ( 'NONE', #1403, #1630 ) ;
#27 = VECTOR ( 'NONE', #1036, 1000.000000000000000 ) ;
#28 = ORIENTED_EDGE ( 'NONE', *, *, #1937, .F. ) ;
#29 = ADVANCED_FACE ( 'NONE', ( #1157 ), #1367, .F. ) ;
#30 = FACE_OUTER_BOUND ( 'NONE', #692, .T. ) ;
#31 = DIRECTION ( 'NONE',  ( 0.7071067811865474617, -0.7071067811865474617, 0.000000000000000000 ) ) ;
#32 = ORIENTED_EDGE ( 'NONE', *, *, #1057, .F. ) ;
#33 = LINE ( 'NONE', #2401, #660 ) ;
#34 = CARTESIAN_POINT ( 'NONE',  ( -15.10000000000001386, 23.60000000000000853, 1.500000000000000000 ) ) ;
#35 = DIRECTION ( 'NONE',  ( -0.000000000000000000, -0.000000000000000000, 1.000000000000000000 ) ) ;
#36 = AXIS2_PLACEMENT_3D ( 'NONE', #1307, #858, #1878 ) ;
#37 = DIRECTION ( 'NONE',  ( 1.000000000000000000, 0.000000000000000000, 0.000000000000000000 ) ) ;
#38 = VERTEX_POINT ( 'NONE', #2539 ) ;
#39 = DIRECTION ( 'NONE',  ( -0.5773502691896266192, 0.5773502691896266192, -0.5773502691896241767 ) ) ;
#40 = EDGE_LOOP ( 'NONE', ( #635, #2365, #1279, #500 ) ) ;
#41 = VECTOR ( 'NONE', #685, 999.9999999999998863 ) ;
#42 = DIRECTION ( 'NONE',  ( 0.000000000000000000, 1.000000000000000000, 0.000000000000000000 ) ) ;
#43 = AXIS2_PLACEMENT_3D ( 'NONE', #787, #993, #1333 ) ;
#44 = EDGE_CURVE ( 'NONE', #327, #547, #2116, .T. ) ;
#45 = PLANE ( 'NONE',  #1822 ) ;
#46 = EDGE_CURVE ( 'NONE', #2090, #1074, #183, .T. ) ;
#47 = ORIENTED_EDGE ( 'NONE', *, *, #1290, .T. ) ;
#48 = DIRECTION ( 'NONE',  ( -1.000000000000000000, 0.000000000000000000, 0.000000000000000000 ) ) ;
#49 = LINE ( 'NONE', #436, #2221 ) ;
#50 = CARTESIAN_POINT ( 'NONE',  ( 11.49999999999999645, 21.50000000000000000, 1.500000000000000000 ) ) ;
#51 = DIRECTION ( 'NONE',  ( 1.000000000000000000, 0.000000000000000000, 0.000000000000000000 ) ) ;
#52 = ORIENTED_EDGE ( 'NONE', *, *, #490, .F. ) ;
#53 = DIRECTION ( 'NONE',  ( -0.7071067811865487940, 0.000000000000000000, -0.7071067811865463515 ) ) ;
#54 = VERTEX_POINT ( 'NONE', #1136 ) ;
#55 = DIRECTION ( 'NONE',  ( 0.000000000000000000, 0.000000000000000000, -1.000000000000000000 ) ) ;
#56 = AXIS2_PLACEMENT_3D ( 'NONE', #793, #2352, #1747 ) ;
#57 = DIRECTION ( 'NONE',  ( 0.000000000000000000, 0.7071067811865463515, -0.7071067811865486830 ) ) ;
#58 = ORIENTED_EDGE ( 'NONE', *, *, #490, .T. ) ;
#59 = DIRECTION ( 'NONE',  ( -0.5773502691896256200, -0.5773502691896236216, 0.5773502691896280625 ) ) ;
#60 = ADVANCED_FACE ( 'NONE', ( #1729 ), #2321, .F. ) ;
#61 = EDGE_CURVE ( 'NONE', #894, #1649, #2104, .T. ) ;
#62 = CARTESIAN_POINT ( 'NONE',  ( -12.99999999999999645, -21.50000000000000000, -1.249999999999999778 ) ) ;
#63 = DIRECTION ( 'NONE',  ( -0.000000000000000000, -0.000000000000000000, 1.000000000000000000 ) ) ;
#64 = ADVANCED_FACE ( 'NONE', ( #1328 ), #1520, .T. ) ;
#65 = FACE_OUTER_BOUND ( 'NONE', #1873, .T. ) ;
#66 = AXIS2_PLACEMENT_3D ( 'NONE', #1939, #1949, #2529 ) ;
#67 = EDGE_LOOP ( 'NONE', ( #1952, #1127, #868, #2425 ) ) ;
#68 = CARTESIAN_POINT ( 'NONE',  ( 10.50000000000000533, 24.00000000000000000, 1.100000000000009415 ) ) ;
#69 = VERTEX_POINT ( 'NONE', #726 ) ;
#70 = DIRECTION ( 'NONE',  ( -0.000000000000000000, -1.000000000000000000, 0.000000000000000000 ) ) ;
#71 = DIRECTION ( 'NONE',  ( -0.7071067811865474617, 0.7071067811865474617, -2.407380598172862039E-15 ) ) ;
#72 = ORIENTED_EDGE ( 'NONE', *, *, #646, .F. ) ;
#73 = FACE_OUTER_BOUND ( 'NONE', #1212, .T. ) ;
#74 = CARTESIAN_POINT ( 'NONE',  ( 0.000000000000000000, 19.39999999999998437, -1.500000000000000000 ) ) ;
#75 = DIRECTION ( 'NONE',  ( 0.000000000000000000, 0.000000000000000000, 1.000000000000000000 ) ) ;
#76 = PLANE ( 'NONE',  #1941 ) ;
#77 = EDGE_CURVE ( 'NONE', #821, #942, #531, .T. ) ;
#78 = ADVANCED_FACE ( 'NONE', ( #2294 ), #2130, .T. ) ;
#79 = VERTEX_POINT ( 'NONE', #353 ) ;
#80 = ORIENTED_EDGE ( 'NONE', *, *, #251, .F. ) ;
#81 = DIRECTION ( 'NONE',  ( -0.000000000000000000, -0.000000000000000000, 1.000000000000000000 ) ) ;
#82 = AXIS2_PLACEMENT_3D ( 'NONE', #2429, #1460, #2484 ) ;
#83 = VECTOR ( 'NONE', #1489, 1000.000000000000000 ) ;
#84 = ORIENTED_EDGE ( 'NONE', *, *, #712, .F. ) ;
#85 = CARTESIAN_POINT ( 'NONE',  ( -15.50000000000000533, 24.00000000000000000, 1.100000000000009415 ) ) ;
#86 = AXIS2_PLACEMENT_3D ( 'NONE', #1095, #2445, #1310 ) ;
#87 = DIRECTION ( 'NONE',  ( 0.7071067811865474617, 0.7071067811865474617, 0.000000000000000000 ) ) ;
#88 = ORIENTED_EDGE ( 'NONE', *, *, #1963, .F. ) ;
#89 = CARTESIAN_POINT ( 'NONE',  ( 12.49999999999999822, 18.99999999999999289, -46.98626166217662359 ) ) ;
#90 = CARTESIAN_POINT ( 'NONE',  ( -10.89999999999999680, 24.00000000000000000, 1.500000000000000000 ) ) ;
#91 = FACE_BOUND ( 'NONE', #2241, .T. ) ;
#92 = DIRECTION ( 'NONE',  ( -3.076740298213698162E-15, 0.7071067811865474617, 0.7071067811865474617 ) ) ;
#93 = ORIENTED_EDGE ( 'NONE', *, *, #1911, .F. ) ;
#94 = EDGE_CURVE ( 'NONE', #2236, #79, #1925, .T. ) ;
#95 = EDGE_CURVE ( 'NONE', #1598, #2382, #2515, .T. ) ;
#96 = ORIENTED_EDGE ( 'NONE', *, *, #1745, .F. ) ;
#97 = DIRECTION ( 'NONE',  ( -0.5773502691896263972, -0.5773502691896245098, -0.5773502691896263972 ) ) ;
#98 = LINE ( 'NONE', #1254, #2474 ) ;
#99 = VERTEX_POINT ( 'NONE', #1344 ) ;
#100 = CARTESIAN_POINT ( 'NONE',  ( -10.89999999999999680, 24.00000000000000000, -1.100000000000009415 ) ) ;
#101 = AXIS2_PLACEMENT_3D ( 'NONE', #441, #2213, #2240 ) ;
#102 = CARTESIAN_POINT ( 'NONE',  ( -12.99999999999999645, -21.50000000000000000, -1.249999999999999778 ) ) ;
#103 = DIRECTION ( 'NONE',  ( -1.000000000000000000, 0.000000000000000000, 0.000000000000000000 ) ) ;
#104 = CARTESIAN_POINT ( 'NONE',  ( 12.99999999999999645, 21.50000000000000000, -1.249999999999999778 ) ) ;
#105 = EDGE_LOOP ( 'NONE', ( #304, #1288, #1784, #625 ) ) ;
#106 = DIRECTION ( 'NONE',  ( 0.000000000000000000, 0.000000000000000000, -1.000000000000000000 ) ) ;
#107 = VECTOR ( 'NONE', #1471, 1000.000000000000000 ) ;
#108 = ADVANCED_FACE ( 'NONE', ( #1146 ), #1935, .F. ) ;
#109 = ORIENTED_EDGE ( 'NONE', *, *, #336, .F. ) ;
#110 = CARTESIAN_POINT ( 'NONE',  ( -12.10000000000001208, -19.39999999999999147, 1.500000000000000000 ) ) ;
#111 = LINE ( 'NONE', #1051, #1518 ) ;
#112 = EDGE_CURVE ( 'NONE', #1483, #859, #206, .T. ) ;
#113 = EDGE_CURVE ( 'NONE', #1637, #1334, #1424, .T. ) ;
#114 = VERTEX_POINT ( 'NONE', #1956 ) ;
#115 = DIRECTION ( 'NONE',  ( 0.000000000000000000, -1.000000000000000000, 0.000000000000000000 ) ) ;
#116 =( GEOMETRIC_REPRESENTATION_CONTEXT ( 3 ) GLOBAL_UNCERTAINTY_ASSIGNED_CONTEXT ( ( #329 ) ) GLOBAL_UNIT_ASSIGNED_CONTEXT ( ( #1085, #2295, #717 ) ) REPRESENTATION_CONTEXT ( 'NONE', 'WORKASPACE' ) );
#117 = CARTESIAN_POINT ( 'NONE',  ( 14.25000000000000178, -21.50000000000000000, -1.249999999999999778 ) ) ;
#118 = AXIS2_PLACEMENT_3D ( 'NONE', #243, #1464, #669 ) ;
#119 = PLANE ( 'NONE',  #1001 ) ;
#120 = ORIENTED_EDGE ( 'NONE', *, *, #1633, .T. ) ;
#121 = FACE_OUTER_BOUND ( 'NONE', #1864, .T. ) ;
#122 = ORIENTED_EDGE ( 'NONE', *, *, #947, .F. ) ;
#123 = FACE_OUTER_BOUND ( 'NONE', #361, .T. ) ;
#124 = LINE ( 'NONE', #914, #1816 ) ;
#125 = ORIENTED_EDGE ( 'NONE', *, *, #2081, .T. ) ;
#126 = DIRECTION ( 'NONE',  ( 0.7071067811865467956, -1.538370149106851250E-15, 0.7071067811865483499 ) ) ;
#127 = VECTOR ( 'NONE', #629, 1000.000000000000000 ) ;
#128 = EDGE_CURVE ( 'NONE', #1152, #1509, #1016, .T. ) ;
#129 = CARTESIAN_POINT ( 'NONE',  ( 15.10000000000000675, -23.60000000000000853, -1.500000000000000000 ) ) ;
#130 = ORIENTED_EDGE ( 'NONE', *, *, #1619, .F. ) ;
#131 = AXIS2_PLACEMENT_3D ( 'NONE', #12, #1918, #939 ) ;
#132 = FACE_OUTER_BOUND ( 'NONE', #2292, .T. ) ;
#133 = ORIENTED_EDGE ( 'NONE', *, *, #2391, .T. ) ;
#134 = DIRECTION ( 'NONE',  ( 7.913772473204529215E-17, -0.7071067811865491270, -0.7071067811865460184 ) ) ;
#135 = ORIENTED_EDGE ( 'NONE', *, *, #128, .T. ) ;
#136 = DIRECTION ( 'NONE',  ( -0.7071067811865467956, -1.566125724722477994E-15, 0.7071067811865483499 ) ) ;
#137 = FACE_OUTER_BOUND ( 'NONE', #105, .T. ) ;
#138 = VERTEX_POINT ( 'NONE', #50 ) ;
#139 = CARTESIAN_POINT ( 'NONE',  ( 10.69999999999999929, 19.19999999999998863, -1.100000000000010081 ) ) ;
#140 = DIRECTION ( 'NONE',  ( -0.000000000000000000, -0.000000000000000000, 1.000000000000000000 ) ) ;
#141 = EDGE_LOOP ( 'NONE', ( #2015, #398, #166, #2165 ) ) ;
#142 = ADVANCED_FACE ( 'NONE', ( #644 ), #232, .F. ) ;
#143 = VECTOR ( 'NONE', #1121, 1000.000000000000114 ) ;
#144 = DIRECTION ( 'NONE',  ( 1.000000000000000000, 0.000000000000000000, 0.000000000000000000 ) ) ;
#145 = EDGE_CURVE ( 'NONE', #1722, #2435, #437, .T. ) ;
#146 = DIRECTION ( 'NONE',  ( -1.000000000000000000, -1.652117596168387756E-16, 0.000000000000000000 ) ) ;
#147 = VECTOR ( 'NONE', #1029, 1000.000000000000000 ) ;
#148 = LINE ( 'NONE', #1742, #2371 ) ;
#149 = ORIENTED_EDGE ( 'NONE', *, *, #1664, .T. ) ;
#150 = PLANE ( 'NONE',  #687 ) ;
#151 = AXIS2_PLACEMENT_3D ( 'NONE', #1959, #2359, #1160 ) ;
#152 = LINE ( 'NONE', #357, #2020 ) ;
#153 = ORIENTED_EDGE ( 'NONE', *, *, #1324, .T. ) ;
#154 = DIRECTION ( 'NONE',  ( 1.000000000000000000, 0.000000000000000000, 0.000000000000000000 ) ) ;
#155 = PRODUCT_DEFINITION_SHAPE ( 'NONE', 'NONE',  #438 ) ;
#156 = ORIENTED_EDGE ( 'NONE', *, *, #975, .T. ) ;
#157 = VECTOR ( 'NONE', #70, 1000.000000000000000 ) ;
#158 = CARTESIAN_POINT ( 'NONE',  ( 10.50000000000000355, 18.99999999999999289, -1.100000000000009415 ) ) ;
#159 = CARTESIAN_POINT ( 'NONE',  ( -12.10000000000001208, 19.39999999999998437, -1.500000000000000000 ) ) ;
#160 = APPLICATION_PROTOCOL_DEFINITION ( 'draft international standard', 'automotive_design', 1998, #162 ) ;
#161 = EDGE_CURVE ( 'NONE', #2407, #1152, #824, .T. ) ;
#162 = APPLICATION_CONTEXT ( 'automotive_design' ) ;
#163 = ORIENTED_EDGE ( 'NONE', *, *, #61, .F. ) ;
#164 = CARTESIAN_POINT ( 'NONE',  ( 14.49999999999999467, 21.50000000000000000, 1.500000000000000000 ) ) ;
#165 = DIRECTION ( 'NONE',  ( 0.5773502691896249539, 0.5773502691896249539, -0.5773502691896273964 ) ) ;
#166 = ORIENTED_EDGE ( 'NONE', *, *, #2154, .T. ) ;
#167 = CARTESIAN_POINT ( 'NONE',  ( 12.49999999999999822, -18.99999999999999289, 1.100000000000010747 ) ) ;
#168 = VECTOR ( 'NONE', #1974, 1000.000000000000000 ) ;
#169 = CARTESIAN_POINT ( 'NONE',  ( -1.637578961322109684E-14, 23.60000000000000142, 1.500000000000000000 ) ) ;
#170 = VERTEX_POINT ( 'NONE', #1978 ) ;
#171 = DIRECTION ( 'NONE',  ( 1.000000000000000000, 1.119176436114069085E-16, 0.000000000000000000 ) ) ;
#172 = ORIENTED_EDGE ( 'NONE', *, *, #1863, .F. ) ;
#173 = CARTESIAN_POINT ( 'NONE',  ( -12.10000000000001208, 18.99999999999999289, -1.100000000000010747 ) ) ;
#174 = ORIENTED_EDGE ( 'NONE', *, *, #128, .F. ) ;
#175 = FACE_OUTER_BOUND ( 'NONE', #2247, .T. ) ;
#176 = EDGE_CURVE ( 'NONE', #804, #2168, #2212, .T. ) ;
#177 = VERTEX_POINT ( 'NONE', #2367 ) ;
#178 = EDGE_CURVE ( 'NONE', #463, #1529, #977, .T. ) ;
#179 = CARTESIAN_POINT ( 'NONE',  ( -15.75000000000000000, 15.75000000000000000, -1.500000000000000000 ) ) ;
#180 = DIRECTION ( 'NONE',  ( -0.7071067811865490160, -0.7071067811865460184, 2.343281841960090334E-15 ) ) ;
#181 = ORIENTED_EDGE ( 'NONE', *, *, #698, .T. ) ;
#182 = LINE ( 'NONE', #965, #657 ) ;
#183 = LINE ( 'NONE', #924, #640 ) ;
#184 = SHAPE_DEFINITION_REPRESENTATION ( #155, #1488 ) ;
#185 = AXIS2_PLACEMENT_3D ( 'NONE', #1153, #1560, #1962 ) ;
#186 = ORIENTED_EDGE ( 'NONE', *, *, #1200, .F. ) ;
#187 = DIRECTION ( 'NONE',  ( 0.5773502691896257311, 0.5773502691896239547, -0.5773502691896276184 ) ) ;
#188 = ORIENTED_EDGE ( 'NONE', *, *, #330, .T. ) ;
#189 = CARTESIAN_POINT ( 'NONE',  ( 14.24999999999999467, 21.50000000000000000, -1.249999999999999778 ) ) ;
#190 = AXIS2_PLACEMENT_3D ( 'NONE', #1593, #2163, #1618 ) ;
#191 = EDGE_CURVE ( 'NONE', #1277, #2090, #2548, .T. ) ;
#192 = VECTOR ( 'NONE', #370, 1000.000000000000000 ) ;
#193 = ORIENTED_EDGE ( 'NONE', *, *, #1720, .F. ) ;
#194 = LINE ( 'NONE', #558, #1314 ) ;
#195 = DIRECTION ( 'NONE',  ( 0.7071067811865487940, 8.659560562354948882E-17, -0.7071067811865463515 ) ) ;
#196 =( NAMED_UNIT ( * ) PLANE_ANGLE_UNIT ( ) SI_UNIT ( $, .RADIAN. ) );
#197 = VECTOR ( 'NONE', #1862, 1000.000000000000000 ) ;
#198 = ORIENTED_EDGE ( 'NONE', *, *, #444, .F. ) ;
#199 = DIRECTION ( 'NONE',  ( 1.000000000000000000, 0.000000000000000000, 0.000000000000000000 ) ) ;
#200 = EDGE_LOOP ( 'NONE', ( #1875, #80 ) ) ;
#201 = DIRECTION ( 'NONE',  ( -0.000000000000000000, -0.000000000000000000, 1.000000000000000000 ) ) ;
#202 = ORIENTED_EDGE ( 'NONE', *, *, #191, .T. ) ;
#203 = EDGE_CURVE ( 'NONE', #1743, #79, #785, .T. ) ;
#204 = EDGE_CURVE ( 'NONE', #1483, #292, #1791, .T. ) ;
#205 = FACE_OUTER_BOUND ( 'NONE', #1035, .T. ) ;
#206 = LINE ( 'NONE', #452, #1789 ) ;
#207 = AXIS2_PLACEMENT_3D ( 'NONE', #1909, #297, #2303 ) ;
#208 = VECTOR ( 'NONE', #2238, 1000.000000000000000 ) ;
#209 = LINE ( 'NONE', #2164, #1901 ) ;
#210 = VERTEX_POINT ( 'NONE', #426 ) ;
#211 = DIRECTION ( 'NONE',  ( 0.000000000000000000, 0.000000000000000000, 1.000000000000000000 ) ) ;
#212 = ORIENTED_EDGE ( 'NONE', *, *, #1355, .T. ) ;
#213 = CARTESIAN_POINT ( 'NONE',  ( 12.49999999999999822, 18.99999999999999289, 1.100000000000010747 ) ) ;
#214 = CARTESIAN_POINT ( 'NONE',  ( 14.25000000000000178, -21.50000000000000000, 1.250000000000000222 ) ) ;
#215 = VERTEX_POINT ( 'NONE', #1778 ) ;
#216 = LINE ( 'NONE', #1366, #1184 ) ;
#217 = EDGE_CURVE ( 'NONE', #215, #842, #2504, .T. ) ;
#218 = DIRECTION ( 'NONE',  ( 0.000000000000000000, 0.000000000000000000, 1.000000000000000000 ) ) ;
#219 = LINE ( 'NONE', #1321, #255 ) ;
#220 = EDGE_CURVE ( 'NONE', #2353, #2467, #2199, .T. ) ;
#221 = ORIENTED_EDGE ( 'NONE', *, *, #1398, .F. ) ;
#222 = DIRECTION ( 'NONE',  ( -0.7071067811865474617, -0.7071067811865474617, 0.000000000000000000 ) ) ;
#223 = VECTOR ( 'NONE', #1504, 1000.000000000000000 ) ;
#224 = VERTEX_POINT ( 'NONE', #1178 ) ;
#225 = CARTESIAN_POINT ( 'NONE',  ( -11.50000000000000178, 21.50000000000000000, -1.499999999999999112 ) ) ;
#226 = PLANE ( 'NONE',  #2025 ) ;
#227 = ORIENTED_EDGE ( 'NONE', *, *, #1241, .F. ) ;
#228 = DIRECTION ( 'NONE',  ( 0.000000000000000000, -0.000000000000000000, 1.000000000000000000 ) ) ;
#229 = VECTOR ( 'NONE', #1356, 1000.000000000000114 ) ;
#230 = VECTOR ( 'NONE', #1682, 1000.000000000000000 ) ;
#231 = DIRECTION ( 'NONE',  ( 0.7071067811865475727, -0.7071067811865475727, 0.000000000000000000 ) ) ;
#232 = PLANE ( 'NONE',  #1672 ) ;
#233 = CARTESIAN_POINT ( 'NONE',  ( 12.99999999999999645, 21.50000000000000000, 1.500000000000000000 ) ) ;
#234 = ORIENTED_EDGE ( 'NONE', *, *, #788, .F. ) ;
#235 = LINE ( 'NONE', #1783, #1419 ) ;
#236 = AXIS2_PLACEMENT_3D ( 'NONE', #1362, #1164, #1973 ) ;
#237 = ADVANCED_FACE ( 'NONE', ( #22 ), #1201, .F. ) ;
#238 = ORIENTED_EDGE ( 'NONE', *, *, #1749, .F. ) ;
#239 = DIRECTION ( 'NONE',  ( -2.775557561562892584E-17, -0.7071067811865460184, 0.7071067811865490160 ) ) ;
#240 = AXIS2_PLACEMENT_3D ( 'NONE', #2086, #501, #697 ) ;
#241 = CARTESIAN_POINT ( 'NONE',  ( -14.25000000000000000, 21.50000000000000000, 1.250000000000000222 ) ) ;
#242 = ORIENTED_EDGE ( 'NONE', *, *, #2391, .F. ) ;
#243 = CARTESIAN_POINT ( 'NONE',  ( -10.89999999999999680, 24.00000000000000000, 1.500000000000000000 ) ) ;
#244 = FACE_OUTER_BOUND ( 'NONE', #2506, .T. ) ;
#245 = DIRECTION ( 'NONE',  ( 0.000000000000000000, 0.000000000000000000, -1.000000000000000000 ) ) ;
#246 = CARTESIAN_POINT ( 'NONE',  ( -14.24999999999999467, -21.50000000000000000, 1.250000000000000222 ) ) ;
#247 = ORIENTED_EDGE ( 'NONE', *, *, #864, .T. ) ;
#248 = DIRECTION ( 'NONE',  ( 1.084202172485504434E-16, -1.000000000000000000, 0.000000000000000000 ) ) ;
#249 = VECTOR ( 'NONE', #87, 1000.000000000000114 ) ;
#250 = ADVANCED_FACE ( 'NONE', ( #1216 ), #358, .F. ) ;
#251 = EDGE_CURVE ( 'NONE', #1237, #38, #1465, .T. ) ;
#252 = ORIENTED_EDGE ( 'NONE', *, *, #951, .T. ) ;
#253 = VECTOR ( 'NONE', #273, 999.9999999999998863 ) ;
#254 = DIRECTION ( 'NONE',  ( -0.7071067811865482389, 8.659560562354941486E-17, 0.7071067811865469066 ) ) ;
#255 = VECTOR ( 'NONE', #2381, 1000.000000000000114 ) ;
#256 = LINE ( 'NONE', #1211, #1037 ) ;
#257 = EDGE_CURVE ( 'NONE', #210, #2353, #2393, .T. ) ;
#258 = ORIENTED_EDGE ( 'NONE', *, *, #505, .T. ) ;
#259 = DIRECTION ( 'NONE',  ( 1.000000000000000000, 0.000000000000000000, 0.000000000000000000 ) ) ;
#260 = DIRECTION ( 'NONE',  ( -0.000000000000000000, -0.000000000000000000, 1.000000000000000000 ) ) ;
#261 = LINE ( 'NONE', #1044, #761 ) ;
#262 = EDGE_LOOP ( 'NONE', ( #2215, #188, #779, #2223 ) ) ;
#263 = ORIENTED_EDGE ( 'NONE', *, *, #217, .T. ) ;
#264 = CARTESIAN_POINT ( 'NONE',  ( -12.89999999999999325, 18.60000000000000142, -1.500000000000000000 ) ) ;
#265 = EDGE_LOOP ( 'NONE', ( #19, #1982, #1443, #2437 ) ) ;
#266 = LINE ( 'NONE', #1418, #2535 ) ;
#267 = AXIS2_PLACEMENT_3D ( 'NONE', #1323, #2110, #115 ) ;
#268 = FACE_OUTER_BOUND ( 'NONE', #319, .T. ) ;
#269 = VERTEX_POINT ( 'NONE', #1674 ) ;
#270 = CARTESIAN_POINT ( 'NONE',  ( 13.00000000000000355, -21.50000000000000000, 1.500000000000000000 ) ) ;
#271 = EDGE_CURVE ( 'NONE', #1049, #2158, #1082, .T. ) ;
#272 = CARTESIAN_POINT ( 'NONE',  ( -15.10000000000001386, 23.60000000000000853, 1.500000000000000000 ) ) ;
#273 = DIRECTION ( 'NONE',  ( 0.7071067811865482389, 0.000000000000000000, 0.7071067811865469066 ) ) ;
#274 = DIRECTION ( 'NONE',  ( -1.000000000000000000, 0.000000000000000000, 0.000000000000000000 ) ) ;
#275 = ORIENTED_EDGE ( 'NONE', *, *, #1588, .T. ) ;
#276 = ORIENTED_EDGE ( 'NONE', *, *, #336, .T. ) ;
#277 = SURFACE_SIDE_STYLE ('',( #2494 ) ) ;
#278 = EDGE_LOOP ( 'NONE', ( #2153, #1665, #908, #348 ) ) ;
#279 = CONICAL_SURFACE ( 'NONE', #1719, 1.499999999999999556, 0.7853981633974491672 ) ;
#280 = LINE ( 'NONE', #873, #362 ) ;
#281 = LINE ( 'NONE', #1696, #249 ) ;
#282 = ORIENTED_EDGE ( 'NONE', *, *, #2505, .F. ) ;
#283 = FACE_OUTER_BOUND ( 'NONE', #1180, .T. ) ;
#284 = FACE_OUTER_BOUND ( 'NONE', #2480, .T. ) ;
#285 = ADVANCED_FACE ( 'NONE', ( #1467 ), #376, .F. ) ;
#286 = ADVANCED_FACE ( 'NONE', ( #1245 ), #1659, .F. ) ;
#287 = DIRECTION ( 'NONE',  ( 1.000000000000000000, 0.000000000000000000, 0.000000000000000000 ) ) ;
#288 = LINE ( 'NONE', #453, #379 ) ;
#289 = ORIENTED_EDGE ( 'NONE', *, *, #611, .F. ) ;
#290 = CARTESIAN_POINT ( 'NONE',  ( -15.50000000000000533, 24.00000000000000000, -1.100000000000009415 ) ) ;
#291 = VECTOR ( 'NONE', #1740, 999.9999999999998863 ) ;
#292 = VERTEX_POINT ( 'NONE', #1631 ) ;
#293 = LINE ( 'NONE', #2274, #767 ) ;
#294 = PLANE ( 'NONE',  #82 ) ;
#295 = ORIENTED_EDGE ( 'NONE', *, *, #1845, .T. ) ;
#296 = CARTESIAN_POINT ( 'NONE',  ( -10.50000000000000533, 23.60000000000000853, -1.100000000000009415 ) ) ;
#297 = DIRECTION ( 'NONE',  ( -1.000000000000000000, -1.210272192541958616E-16, 0.000000000000000000 ) ) ;
#298 = CARTESIAN_POINT ( 'NONE',  ( -10.50000000000000533, 23.60000000000000853, 1.100000000000009415 ) ) ;
#299 = EDGE_CURVE ( 'NONE', #2524, #2488, #1069, .T. ) ;
#300 = CARTESIAN_POINT ( 'NONE',  ( -15.10000000000001208, -1.637145280453113076E-15, 1.500000000000000000 ) ) ;
#301 = VERTEX_POINT ( 'NONE', #2036 ) ;
#302 = CARTESIAN_POINT ( 'NONE',  ( -12.10000000000001208, -18.99999999999999645, -1.100000000000009415 ) ) ;
#303 = EDGE_CURVE ( 'NONE', #417, #1101, #1285, .T. ) ;
#304 = ORIENTED_EDGE ( 'NONE', *, *, #628, .T. ) ;
#305 = CARTESIAN_POINT ( 'NONE',  ( -15.30000000000000959, 23.60000000000000853, -1.300000000000005151 ) ) ;
#306 = CARTESIAN_POINT ( 'NONE',  ( -12.50000000000000178, 18.60000000000000142, 1.500000000000000000 ) ) ;
#307 = ORIENTED_EDGE ( 'NONE', *, *, #815, .F. ) ;
#308 = DIRECTION ( 'NONE',  ( 1.084202172485504434E-16, -1.000000000000000000, 0.000000000000000000 ) ) ;
#309 = CARTESIAN_POINT ( 'NONE',  ( -10.89999999999999680, 23.60000000000000853, 1.500000000000000222 ) ) ;
#310 = LINE ( 'NONE', #324, #1335 ) ;
#311 = ORIENTED_EDGE ( 'NONE', *, *, #1895, .T. ) ;
#312 = LINE ( 'NONE', #290, #1348 ) ;
#313 = VECTOR ( 'NONE', #53, 1000.000000000000000 ) ;
#314 = ORIENTED_EDGE ( 'NONE', *, *, #46, .F. ) ;
#315 = ADVANCED_FACE ( 'NONE', ( #1846 ), #2462, .T. ) ;
#316 = CARTESIAN_POINT ( 'NONE',  ( -12.10000000000001208, -18.99999999999999645, -1.100000000000009415 ) ) ;
#317 = ADVANCED_FACE ( 'NONE', ( #492 ), #2266, .T. ) ;
#318 = LINE ( 'NONE', #1683, #1030 ) ;
#319 = EDGE_LOOP ( 'NONE', ( #1206, #1469, #1942, #343 ) ) ;
#320 = CARTESIAN_POINT ( 'NONE',  ( -15.10000000000001386, 23.60000000000000853, 1.500000000000000444 ) ) ;
#321 = VECTOR ( 'NONE', #1936, 1000.000000000000114 ) ;
#322 = CARTESIAN_POINT ( 'NONE',  ( 15.30000000000000249, -23.80000000000000426, -1.100000000000009415 ) ) ;
#323 = VERTEX_POINT ( 'NONE', #2062 ) ;
#324 = CARTESIAN_POINT ( 'NONE',  ( 11.50000000000000355, -21.50000000000000000, 1.500000000000000000 ) ) ;
#325 = ORIENTED_EDGE ( 'NONE', *, *, #1651, .T. ) ;
#326 = CYLINDRICAL_SURFACE ( 'NONE', #1015, 1.249999999999999334 ) ;
#327 = VERTEX_POINT ( 'NONE', #298 ) ;
#328 = CARTESIAN_POINT ( 'NONE',  ( -12.10000000000001208, -18.99999999999999645, 1.100000000000009415 ) ) ;
#329 = UNCERTAINTY_MEASURE_WITH_UNIT (LENGTH_MEASURE( 1.000000000000000082E-05 ), #1085, 'distance_accuracy_value', 'NONE');
#330 = EDGE_CURVE ( 'NONE', #463, #920, #862, .T. ) ;
#331 = LINE ( 'NONE', #594, #1155 ) ;
#332 = ORIENTED_EDGE ( 'NONE', *, *, #1100, .F. ) ;
#333 = VECTOR ( 'NONE', #1842, 1000.000000000000114 ) ;
#334 = FACE_OUTER_BOUND ( 'NONE', #1944, .T. ) ;
#335 = CIRCLE ( 'NONE', #2307, 1.499999999999999556 ) ;
#336 = EDGE_CURVE ( 'NONE', #795, #2228, #1870, .T. ) ;
#337 = FACE_OUTER_BOUND ( 'NONE', #2319, .T. ) ;
#338 = ORIENTED_EDGE ( 'NONE', *, *, #1189, .T. ) ;
#339 = CARTESIAN_POINT ( 'NONE',  ( -15.50000000000000000, -24.00000000000000000, 1.100000000000009415 ) ) ;
#340 = DIRECTION ( 'NONE',  ( 1.168223555568282804E-16, -0.7071067811865461294, -0.7071067811865490160 ) ) ;
#341 = LINE ( 'NONE', #2334, #1059 ) ;
#342 = VECTOR ( 'NONE', #1185, 1000.000000000000114 ) ;
#343 = ORIENTED_EDGE ( 'NONE', *, *, #881, .F. ) ;
#344 = DIRECTION ( 'NONE',  ( -0.7071067811865475727, 0.000000000000000000, 0.7071067811865475727 ) ) ;
#345 = LINE ( 'NONE', #1129, #786 ) ;
#346 = ORIENTED_EDGE ( 'NONE', *, *, #1174, .F. ) ;
#347 = FACE_OUTER_BOUND ( 'NONE', #2008, .T. ) ;
#348 = ORIENTED_EDGE ( 'NONE', *, *, #1924, .F. ) ;
#349 = ADVANCED_FACE ( 'NONE', ( #1043 ), #2385, .F. ) ;
#350 = EDGE_CURVE ( 'NONE', #269, #1680, #671, .T. ) ;
#351 = AXIS2_PLACEMENT_3D ( 'NONE', #1704, #1287, #923 ) ;
#352 = LINE ( 'NONE', #1480, #2117 ) ;
#353 = CARTESIAN_POINT ( 'NONE',  ( -12.10000000000001208, 19.39999999999998437, -1.500000000000000000 ) ) ;
#354 = EDGE_LOOP ( 'NONE', ( #88, #1574, #1623, #1 ) ) ;
#355 = FACE_OUTER_BOUND ( 'NONE', #653, .T. ) ;
#356 = CIRCLE ( 'NONE', #1670, 1.249999999999999334 ) ;
#357 = CARTESIAN_POINT ( 'NONE',  ( -12.50000000000000178, 18.60000000000000142, -1.100000000000010747 ) ) ;
#358 = CONICAL_SURFACE ( 'NONE', #689, 1.249999999999999334, 0.7853981633974500554 ) ;
#359 = ORIENTED_EDGE ( 'NONE', *, *, #2251, .F. ) ;
#360 = DIRECTION ( 'NONE',  ( 0.000000000000000000, 0.000000000000000000, -1.000000000000000000 ) ) ;
#361 = EDGE_LOOP ( 'NONE', ( #275, #311, #2413 ) ) ;
#362 = VECTOR ( 'NONE', #1432, 1000.000000000000114 ) ;
#363 = DIRECTION ( 'NONE',  ( -2.980592163894514572E-15, 0.7071067811865460184, 0.7071067811865490160 ) ) ;
#364 = ADVANCED_FACE ( 'NONE', ( #479, #1261, #91, #2412, #1984 ), #1826, .T. ) ;
#365 = ADVANCED_FACE ( 'NONE', ( #2014 ), #45, .T. ) ;
#366 = DIRECTION ( 'NONE',  ( -0.7071067811865486830, 0.000000000000000000, -0.7071067811865464625 ) ) ;
#367 = LINE ( 'NONE', #548, #1176 ) ;
#368 = ADVANCED_FACE ( 'NONE', ( #1433 ), #2207, .T. ) ;
#369 = ORIENTED_EDGE ( 'NONE', *, *, #1355, .F. ) ;
#370 = DIRECTION ( 'NONE',  ( -1.084202172485504434E-16, 1.000000000000000000, 0.000000000000000000 ) ) ;
#371 = ORIENTED_EDGE ( 'NONE', *, *, #664, .F. ) ;
#372 = CARTESIAN_POINT ( 'NONE',  ( -14.25000000000000000, 21.50000000000000000, 1.500000000000000000 ) ) ;
#373 = CARTESIAN_POINT ( 'NONE',  ( -10.70000000000000284, 19.19999999999998863, 1.100000000000010081 ) ) ;
#374 = ORIENTED_EDGE ( 'NONE', *, *, #1762, .T. ) ;
#375 = VECTOR ( 'NONE', #874, 1000.000000000000000 ) ;
#376 = CONICAL_SURFACE ( 'NONE', #499, 1.249999999999999334, 0.7853981633974500554 ) ;
#377 = CARTESIAN_POINT ( 'NONE',  ( -10.89999999999999680, 23.60000000000000853, 1.500000000000000000 ) ) ;
#378 = PRODUCT_CONTEXT ( 'NONE', #162, 'mechanical' ) ;
#379 = VECTOR ( 'NONE', #1860, 1000.000000000000000 ) ;
#380 = ADVANCED_FACE ( 'NONE', ( #2222 ), #1626, .F. ) ;
#381 = ORIENTED_EDGE ( 'NONE', *, *, #1745, .T. ) ;
#382 = DIRECTION ( 'NONE',  ( 0.5773502691896266192, 0.5773502691896266192, -0.5773502691896241767 ) ) ;
#383 = EDGE_CURVE ( 'NONE', #1509, #821, #256, .T. ) ;
#384 = ORIENTED_EDGE ( 'NONE', *, *, #757, .T. ) ;
#385 = CARTESIAN_POINT ( 'NONE',  ( 13.00000000000000355, -21.50000000000000000, 1.500000000000000000 ) ) ;
#386 = ORIENTED_EDGE ( 'NONE', *, *, #1763, .F. ) ;
#387 = DIRECTION ( 'NONE',  ( -0.7071067811865474617, 0.7071067811865474617, 0.000000000000000000 ) ) ;
#388 = DIRECTION ( 'NONE',  ( 1.210272192541958616E-16, -1.000000000000000000, 0.000000000000000000 ) ) ;
#389 = DIRECTION ( 'NONE',  ( 1.000000000000000000, 0.000000000000000000, 0.000000000000000000 ) ) ;
#390 = AXIS2_PLACEMENT_3D ( 'NONE', #2511, #1515, #1685 ) ;
#391 = EDGE_LOOP ( 'NONE', ( #1132, #404, #1715, #561 ) ) ;
#392 = FACE_OUTER_BOUND ( 'NONE', #1928, .T. ) ;
#393 = EDGE_CURVE ( 'NONE', #614, #1375, #807, .T. ) ;
#394 = EDGE_CURVE ( 'NONE', #2053, #661, #844, .T. ) ;
#395 = ORIENTED_EDGE ( 'NONE', *, *, #611, .T. ) ;
#396 = CARTESIAN_POINT ( 'NONE',  ( 15.50000000000000000, -23.60000000000000497, 1.100000000000009415 ) ) ;
#397 = VECTOR ( 'NONE', #1405, 1000.000000000000000 ) ;
#398 = ORIENTED_EDGE ( 'NONE', *, *, #1304, .F. ) ;
#399 = DIRECTION ( 'NONE',  ( -7.913772473204529215E-17, 0.7071067811865491270, -0.7071067811865460184 ) ) ;
#400 = AXIS2_PLACEMENT_3D ( 'NONE', #2272, #81, #1099 ) ;
#401 = DIRECTION ( 'NONE',  ( -1.084202172485504434E-16, 1.000000000000000000, 0.000000000000000000 ) ) ;
#402 = AXIS2_PLACEMENT_3D ( 'NONE', #691, #134, #1707 ) ;
#403 = FACE_OUTER_BOUND ( 'NONE', #1535, .T. ) ;
#404 = ORIENTED_EDGE ( 'NONE', *, *, #1808, .F. ) ;
#405 = DIRECTION ( 'NONE',  ( 0.000000000000000000, 0.000000000000000000, -1.000000000000000000 ) ) ;
#406 = ORIENTED_EDGE ( 'NONE', *, *, #643, .F. ) ;
#407 = DIRECTION ( 'NONE',  ( -0.000000000000000000, -0.000000000000000000, 1.000000000000000000 ) ) ;
#408 = EDGE_CURVE ( 'NONE', #38, #1237, #1446, .T. ) ;
#409 = DIRECTION ( 'NONE',  ( 0.000000000000000000, 0.000000000000000000, -1.000000000000000000 ) ) ;
#410 = ORIENTED_EDGE ( 'NONE', *, *, #1633, .F. ) ;
#411 = EDGE_CURVE ( 'NONE', #1074, #2228, #2193, .T. ) ;
#412 = AXIS2_PLACEMENT_3D ( 'NONE', #504, #2479, #714 ) ;
#413 = CARTESIAN_POINT ( 'NONE',  ( -14.50000000000000000, 21.50000000000000000, 1.500000000000000000 ) ) ;
#414 = DIRECTION ( 'NONE',  ( -1.000000000000000000, -6.938893903907244155E-16, 0.000000000000000000 ) ) ;
#415 = CIRCLE ( 'NONE', #1856, 1.499999999999999556 ) ;
#416 = LINE ( 'NONE', #2121, #1234 ) ;
#417 = VERTEX_POINT ( 'NONE', #241 ) ;
#418 = CARTESIAN_POINT ( 'NONE',  ( 15.74999999999999289, -15.74999999999999289, -1.500000000000000000 ) ) ;
#419 = ORIENTED_EDGE ( 'NONE', *, *, #1122, .F. ) ;
#420 = LINE ( 'NONE', #2386, #1263 ) ;
#421 = DIRECTION ( 'NONE',  ( -1.000000000000000000, -6.938893903907244155E-16, 0.000000000000000000 ) ) ;
#422 = ORIENTED_EDGE ( 'NONE', *, *, #2491, .F. ) ;
#423 = FACE_OUTER_BOUND ( 'NONE', #1775, .T. ) ;
#424 = ADVANCED_FACE ( 'NONE', ( #2030 ), #226, .F. ) ;
#425 = EDGE_CURVE ( 'NONE', #577, #690, #1420, .T. ) ;
#426 = CARTESIAN_POINT ( 'NONE',  ( 15.50000000000000000, -23.60000000000000497, 1.100000000000009415 ) ) ;
#427 = LINE ( 'NONE', #1203, #1661 ) ;
#428 = ORIENTED_EDGE ( 'NONE', *, *, #2029, .F. ) ;
#429 = LINE ( 'NONE', #418, #1999 ) ;
#430 = ORIENTED_EDGE ( 'NONE', *, *, #569, .F. ) ;
#431 = DIRECTION ( 'NONE',  ( 0.7071067811865486830, 0.000000000000000000, -0.7071067811865463515 ) ) ;
#432 = CARTESIAN_POINT ( 'NONE',  ( -10.50000000000000533, 24.00000000000000000, -1.100000000000009415 ) ) ;
#433 = ORIENTED_EDGE ( 'NONE', *, *, #2423, .F. ) ;
#434 = CARTESIAN_POINT ( 'NONE',  ( -13.00000000000000178, 21.50000000000000000, 1.500000000000000000 ) ) ;
#435 = AXIS2_PLACEMENT_3D ( 'NONE', #472, #2182, #1811 ) ;
#436 = CARTESIAN_POINT ( 'NONE',  ( -12.10000000000001208, 18.99999999999999289, 1.100000000000010747 ) ) ;
#437 = LINE ( 'NONE', #1581, #887 ) ;
#438 = PRODUCT_DEFINITION ( 'UNKNOWN', '', #1510, #1904 ) ;
#439 = EDGE_CURVE ( 'NONE', #2442, #842, #5, .T. ) ;
#440 = EDGE_CURVE ( 'NONE', #980, #2382, #1197, .T. ) ;
#441 = CARTESIAN_POINT ( 'NONE',  ( 13.00000000000000355, -21.50000000000000000, -1.249999999999999778 ) ) ;
#442 = ORIENTED_EDGE ( 'NONE', *, *, #961, .T. ) ;
#443 = CARTESIAN_POINT ( 'NONE',  ( -10.89999999999999503, 23.60000000000000853, -1.500000000000000000 ) ) ;
#444 = EDGE_CURVE ( 'NONE', #2407, #1074, #794, .T. ) ;
#445 = ORIENTED_EDGE ( 'NONE', *, *, #628, .F. ) ;
#446 = CARTESIAN_POINT ( 'NONE',  ( 2.641256389229204116E-15, -23.60000000000000853, 1.500000000000000000 ) ) ;
#447 = CIRCLE ( 'NONE', #652, 1.499999999999999556 ) ;
#448 = DIRECTION ( 'NONE',  ( -1.000000000000000000, 0.000000000000000000, 0.000000000000000000 ) ) ;
#449 = VERTEX_POINT ( 'NONE', #214 ) ;
#450 = CARTESIAN_POINT ( 'NONE',  ( 12.99999999999999645, 21.50000000000000000, 1.500000000000000000 ) ) ;
#451 = LINE ( 'NONE', #2035, #542 ) ;
#452 = CARTESIAN_POINT ( 'NONE',  ( -14.24999999999999467, -21.50000000000000000, 1.500000000000000000 ) ) ;
#453 = CARTESIAN_POINT ( 'NONE',  ( -10.89999999999999680, 19.39999999999998437, 1.500000000000000000 ) ) ;
#454 = ORIENTED_EDGE ( 'NONE', *, *, #584, .F. ) ;
#455 = EDGE_LOOP ( 'NONE', ( #2340, #2430, #1130, #853 ) ) ;
#456 = DIRECTION ( 'NONE',  ( 0.7071067811865486830, 0.000000000000000000, -0.7071067811865464625 ) ) ;
#457 = AXIS2_PLACEMENT_3D ( 'NONE', #1629, #2415, #231 ) ;
#458 = VERTEX_POINT ( 'NONE', #1786 ) ;
#459 = CARTESIAN_POINT ( 'NONE',  ( -15.50000000000000533, 23.60000000000000853, 1.100000000000009415 ) ) ;
#460 = EDGE_CURVE ( 'NONE', #1902, #327, #18, .T. ) ;
#461 = VECTOR ( 'NONE', #2300, 1000.000000000000114 ) ;
#462 = CARTESIAN_POINT ( 'NONE',  ( -12.50000000000000178, 18.60000000000000142, -46.98626166217662359 ) ) ;
#463 = VERTEX_POINT ( 'NONE', #819 ) ;
#464 = CARTESIAN_POINT ( 'NONE',  ( 13.00000000000000355, -21.50000000000000000, -1.249999999999999778 ) ) ;
#465 = CARTESIAN_POINT ( 'NONE',  ( -12.99999999999999645, -21.50000000000000000, -1.499999999999999112 ) ) ;
#466 = AXIS2_PLACEMENT_3D ( 'NONE', #1799, #57, #1225 ) ;
#467 = DIRECTION ( 'NONE',  ( 1.000000000000000000, 0.000000000000000000, 0.000000000000000000 ) ) ;
#468 = CARTESIAN_POINT ( 'NONE',  ( 15.10000000000000675, -23.60000000000000853, -1.500000000000000000 ) ) ;
#469 = ORIENTED_EDGE ( 'NONE', *, *, #1276, .F. ) ;
#470 = DIRECTION ( 'NONE',  ( 1.000000000000000000, 6.938893903907244155E-16, 0.000000000000000000 ) ) ;
#471 = EDGE_LOOP ( 'NONE', ( #130, #1612, #430 ) ) ;
#472 = CARTESIAN_POINT ( 'NONE',  ( 13.00000000000000355, -21.50000000000000000, 1.500000000000000000 ) ) ;
#473 = EDGE_CURVE ( 'NONE', #1529, #69, #1600, .T. ) ;
#474 = PLANE ( 'NONE',  #615 ) ;
#475 = EDGE_CURVE ( 'NONE', #1375, #804, #1655, .T. ) ;
#476 = ORIENTED_EDGE ( 'NONE', *, *, #1813, .F. ) ;
#477 = DIRECTION ( 'NONE',  ( -0.000000000000000000, -0.000000000000000000, 1.000000000000000000 ) ) ;
#478 = CARTESIAN_POINT ( 'NONE',  ( -15.10000000000001386, 24.00000000000000000, 1.100000000000009415 ) ) ;
#479 = FACE_BOUND ( 'NONE', #996, .T. ) ;
#480 = CONICAL_SURFACE ( 'NONE', #435, 1.499999999999999556, 0.7853981633974491672 ) ;
#481 = LINE ( 'NONE', #1833, #1818 ) ;
#482 = ORIENTED_EDGE ( 'NONE', *, *, #1273, .T. ) ;
#483 = FILL_AREA_STYLE_COLOUR ( '', #1215 ) ;
#484 = ORIENTED_EDGE ( 'NONE', *, *, #1398, .T. ) ;
#485 = CARTESIAN_POINT ( 'NONE',  ( 15.49999999999999467, 24.00000000000000355, 1.100000000000009415 ) ) ;
#486 = VECTOR ( 'NONE', #1209, 1000.000000000000000 ) ;
#487 = DIRECTION ( 'NONE',  ( 0.000000000000000000, -0.000000000000000000, 1.000000000000000000 ) ) ;
#488 = ORIENTED_EDGE ( 'NONE', *, *, #204, .F. ) ;
#489 = DIRECTION ( 'NONE',  ( -0.000000000000000000, -0.000000000000000000, 1.000000000000000000 ) ) ;
#490 = EDGE_CURVE ( 'NONE', #2125, #458, #1498, .T. ) ;
#491 = DIRECTION ( 'NONE',  ( -0.7071067811865470176, -9.337257675761531426E-16, 0.7071067811865479058 ) ) ;
#492 = FACE_OUTER_BOUND ( 'NONE', #959, .T. ) ;
#493 = EDGE_CURVE ( 'NONE', #323, #661, #2275, .T. ) ;
#494 = CARTESIAN_POINT ( 'NONE',  ( 11.50000000000000355, -21.50000000000000000, -1.499999999999999112 ) ) ;
#495 = ORIENTED_EDGE ( 'NONE', *, *, #113, .F. ) ;
#496 = ORIENTED_EDGE ( 'NONE', *, *, #1924, .T. ) ;
#497 = CARTESIAN_POINT ( 'NONE',  ( -15.50000000000000533, 23.60000000000000853, 1.500000000000000000 ) ) ;
#498 = PLANE ( 'NONE',  #2380 ) ;
#499 = AXIS2_PLACEMENT_3D ( 'NONE', #2417, #700, #103 ) ;
#500 = ORIENTED_EDGE ( 'NONE', *, *, #835, .T. ) ;
#501 = DIRECTION ( 'NONE',  ( 0.5773502691896256200, -0.5773502691896262862, 0.5773502691896256200 ) ) ;
#502 = CARTESIAN_POINT ( 'NONE',  ( 12.10000000000000853, 19.39999999999998437, 1.500000000000000000 ) ) ;
#503 = CARTESIAN_POINT ( 'NONE',  ( 12.10000000000000853, -18.99999999999999289, -1.100000000000009415 ) ) ;
#504 = CARTESIAN_POINT ( 'NONE',  ( 13.00000000000000355, -21.50000000000000000, -1.249999999999999778 ) ) ;
#505 = EDGE_CURVE ( 'NONE', #224, #1887, #949, .T. ) ;
#506 = VERTEX_POINT ( 'NONE', #885 ) ;
#507 = ORIENTED_EDGE ( 'NONE', *, *, #178, .T. ) ;
#508 = CARTESIAN_POINT ( 'NONE',  ( -10.50000000000000533, 23.60000000000000853, -1.100000000000009415 ) ) ;
#509 = DIRECTION ( 'NONE',  ( 0.000000000000000000, 0.000000000000000000, -1.000000000000000000 ) ) ;
#510 = EDGE_LOOP ( 'NONE', ( #2397, #153, #674, #1060 ) ) ;
#511 = DIRECTION ( 'NONE',  ( -0.000000000000000000, -0.000000000000000000, 1.000000000000000000 ) ) ;
#512 = VECTOR ( 'NONE', #1785, 1000.000000000000000 ) ;
#513 = LINE ( 'NONE', #117, #83 ) ;
#514 = VERTEX_POINT ( 'NONE', #1485 ) ;
#515 = LINE ( 'NONE', #1134, #1394 ) ;
#516 = ORIENTED_EDGE ( 'NONE', *, *, #584, .T. ) ;
#517 = DIRECTION ( 'NONE',  ( 1.000000000000000000, 0.000000000000000000, 0.000000000000000000 ) ) ;
#518 = ADVANCED_FACE ( 'NONE', ( #2287 ), #294, .T. ) ;
#519 = EDGE_CURVE ( 'NONE', #1529, #1346, #111, .T. ) ;
#520 = AXIS2_PLACEMENT_3D ( 'NONE', #586, #2325, #938 ) ;
#521 = ORIENTED_EDGE ( 'NONE', *, *, #599, .F. ) ;
#522 = LINE ( 'NONE', #1305, #2451 ) ;
#523 = ADVANCED_FACE ( 'NONE', ( #268 ), #2176, .F. ) ;
#524 = LINE ( 'NONE', #1472, #375 ) ;
#525 = ORIENTED_EDGE ( 'NONE', *, *, #2342, .F. ) ;
#526 = DIRECTION ( 'NONE',  ( -1.000000000000000000, -1.084202172485504434E-16, 0.000000000000000000 ) ) ;
#527 = VECTOR ( 'NONE', #2344, 1000.000000000000114 ) ;
#528 = DIRECTION ( 'NONE',  ( 0.000000000000000000, -0.7071067811865486830, -0.7071067811865464625 ) ) ;
#529 = VERTEX_POINT ( 'NONE', #720 ) ;
#530 = CARTESIAN_POINT ( 'NONE',  ( -10.50000000000000533, 19.39999999999998437, -1.100000000000009415 ) ) ;
#531 = LINE ( 'NONE', #559, #2083 ) ;
#532 = LINE ( 'NONE', #2256, #1843 ) ;
#533 = ORIENTED_EDGE ( 'NONE', *, *, #1553, .F. ) ;
#534 = DIRECTION ( 'NONE',  ( 0.000000000000000000, 0.000000000000000000, -1.000000000000000000 ) ) ;
#535 = VECTOR ( 'NONE', #363, 1000.000000000000114 ) ;
#536 = FACE_OUTER_BOUND ( 'NONE', #1712, .T. ) ;
#537 = ADVANCED_FACE ( 'NONE', ( #2260 ), #474, .T. ) ;
#538 = ADVANCED_FACE ( 'NONE', ( #1866 ), #498, .F. ) ;
#539 = VERTEX_POINT ( 'NONE', #900 ) ;
#540 = VECTOR ( 'NONE', #2087, 1000.000000000000000 ) ;
#541 = LINE ( 'NONE', #320, #1577 ) ;
#542 = VECTOR ( 'NONE', #1028, 1000.000000000000114 ) ;
#543 = LINE ( 'NONE', #1284, #2220 ) ;
#544 = ORIENTED_EDGE ( 'NONE', *, *, #1430, .F. ) ;
#545 = DIRECTION ( 'NONE',  ( -0.000000000000000000, -0.000000000000000000, 1.000000000000000000 ) ) ;
#546 = PRODUCT ( 'Mounting_Bracket', 'Mounting_Bracket', '', ( #378 ) ) ;
#547 = VERTEX_POINT ( 'NONE', #1852 ) ;
#548 = CARTESIAN_POINT ( 'NONE',  ( -15.50000000000000000, -23.60000000000001208, -1.500000000000000000 ) ) ;
#549 = ORIENTED_EDGE ( 'NONE', *, *, #1735, .F. ) ;
#550 = DIRECTION ( 'NONE',  ( 0.000000000000000000, 0.000000000000000000, 1.000000000000000000 ) ) ;
#551 = DIRECTION ( 'NONE',  ( 0.000000000000000000, 0.000000000000000000, 1.000000000000000000 ) ) ;
#552 = ORIENTED_EDGE ( 'NONE', *, *, #2064, .F. ) ;
#553 = LINE ( 'NONE', #972, #2459 ) ;
#554 = EDGE_CURVE ( 'NONE', #1684, #2369, #98, .T. ) ;
#555 = FACE_OUTER_BOUND ( 'NONE', #1587, .T. ) ;
#556 = ORIENTED_EDGE ( 'NONE', *, *, #475, .F. ) ;
#557 = CIRCLE ( 'NONE', #412, 1.249999999999999334 ) ;
#558 = CARTESIAN_POINT ( 'NONE',  ( 10.50000000000000533, 23.60000000000000497, 1.500000000000000000 ) ) ;
#559 = CARTESIAN_POINT ( 'NONE',  ( 10.50000000000000533, 23.60000000000000497, 1.100000000000009415 ) ) ;
#560 = CARTESIAN_POINT ( 'NONE',  ( -13.00000000000000178, 21.50000000000000000, 1.500000000000000000 ) ) ;
#561 = ORIENTED_EDGE ( 'NONE', *, *, #2170, .F. ) ;
#562 = CARTESIAN_POINT ( 'NONE',  ( 12.99999999999999645, 21.50000000000000000, 1.500000000000000000 ) ) ;
#563 = AXIS2_PLACEMENT_3D ( 'NONE', #562, #1929, #597 ) ;
#564 = VECTOR ( 'NONE', #1804, 1000.000000000000000 ) ;
#565 = ORIENTED_EDGE ( 'NONE', *, *, #554, .T. ) ;
#566 = DIRECTION ( 'NONE',  ( 2.420544385083917231E-16, 1.000000000000000000, 0.000000000000000000 ) ) ;
#567 = DIRECTION ( 'NONE',  ( 4.906538933386811047E-16, -0.7071067811865479058, -0.7071067811865472397 ) ) ;
#568 = EDGE_LOOP ( 'NONE', ( #482, #1247, #1111, #1563 ) ) ;
#569 = EDGE_CURVE ( 'NONE', #114, #1152, #524, .T. ) ;
#570 = AXIS2_PLACEMENT_3D ( 'NONE', #2421, #2408, #1442 ) ;
#571 = VECTOR ( 'NONE', #2192, 1000.000000000000000 ) ;
#572 = EDGE_CURVE ( 'NONE', #1835, #449, #580, .T. ) ;
#573 = DIRECTION ( 'NONE',  ( -0.000000000000000000, -0.000000000000000000, 1.000000000000000000 ) ) ;
#574 = AXIS2_PLACEMENT_3D ( 'NONE', #1657, #1987, #48 ) ;
#575 = ORIENTED_EDGE ( 'NONE', *, *, #1733, .T. ) ;
#576 = CYLINDRICAL_SURFACE ( 'NONE', #563, 1.249999999999999334 ) ;
#577 = VERTEX_POINT ( 'NONE', #2070 ) ;
#578 = CARTESIAN_POINT ( 'NONE',  ( 10.89999999999999503, 18.99999999999999289, 1.100000000000010747 ) ) ;
#579 = ORIENTED_EDGE ( 'NONE', *, *, #1748, .T. ) ;
#580 = CIRCLE ( 'NONE', #1773, 1.249999999999999334 ) ;
#581 = CARTESIAN_POINT ( 'NONE',  ( 10.49999999999999467, -18.99999999999999289, -1.100000000000009415 ) ) ;
#582 = LINE ( 'NONE', #2105, #321 ) ;
#583 = VECTOR ( 'NONE', #2509, 1000.000000000000000 ) ;
#584 = EDGE_CURVE ( 'NONE', #2228, #1277, #318, .T. ) ;
#585 = EDGE_LOOP ( 'NONE', ( #1361, #1986, #1595, #681 ) ) ;
#586 = CARTESIAN_POINT ( 'NONE',  ( 10.50000000000000533, 24.00000000000000000, -1.100000000000009415 ) ) ;
#587 = AXIS2_PLACEMENT_3D ( 'NONE', #1240, #637, #612 ) ;
#588 = ORIENTED_EDGE ( 'NONE', *, *, #2265, .F. ) ;
#589 = CARTESIAN_POINT ( 'NONE',  ( 10.50000000000000355, 19.39999999999998437, 1.500000000000000000 ) ) ;
#590 = ORIENTED_EDGE ( 'NONE', *, *, #191, .F. ) ;
#591 = DIRECTION ( 'NONE',  ( 0.7071067811865474617, 0.7071067811865474617, 0.000000000000000000 ) ) ;
#592 = CARTESIAN_POINT ( 'NONE',  ( -14.24999999999999467, -21.50000000000000000, -1.249999999999999778 ) ) ;
#593 = CIRCLE ( 'NONE', #56, 1.249999999999999334 ) ;
#594 = CARTESIAN_POINT ( 'NONE',  ( 15.10000000000000142, 23.60000000000001208, -1.500000000000000444 ) ) ;
#595 = EDGE_LOOP ( 'NONE', ( #2244, #2513, #598, #1392 ) ) ;
#596 = EDGE_CURVE ( 'NONE', #2488, #1049, #1692, .T. ) ;
#597 = DIRECTION ( 'NONE',  ( 1.000000000000000000, 0.000000000000000000, 0.000000000000000000 ) ) ;
#598 = ORIENTED_EDGE ( 'NONE', *, *, #816, .F. ) ;
#599 = EDGE_CURVE ( 'NONE', #1782, #458, #124, .T. ) ;
#600 = LINE ( 'NONE', #997, #2250 ) ;
#601 = DIRECTION ( 'NONE',  ( 0.7071067811865480168, 8.557916744279304395E-17, -0.7071067811865471286 ) ) ;
#602 = ORIENTED_EDGE ( 'NONE', *, *, #991, .F. ) ;
#603 = FACE_OUTER_BOUND ( 'NONE', #1788, .T. ) ;
#604 = CIRCLE ( 'NONE', #400, 1.499999999999999556 ) ;
#605 = DIRECTION ( 'NONE',  ( -0.7071067811865487940, 0.000000000000000000, -0.7071067811865463515 ) ) ;
#606 = DIRECTION ( 'NONE',  ( -0.000000000000000000, -0.000000000000000000, 1.000000000000000000 ) ) ;
#607 = ORIENTED_EDGE ( 'NONE', *, *, #2047, .F. ) ;
#608 = LINE ( 'NONE', #2216, #2289 ) ;
#609 = ORIENTED_EDGE ( 'NONE', *, *, #643, .T. ) ;
#610 = LINE ( 'NONE', #2410, #157 ) ;
#611 = EDGE_CURVE ( 'NONE', #1975, #1142, #281, .T. ) ;
#612 = DIRECTION ( 'NONE',  ( 1.000000000000000000, 0.000000000000000000, 0.000000000000000000 ) ) ;
#613 = EDGE_CURVE ( 'NONE', #323, #2301, #2441, .T. ) ;
#614 = VERTEX_POINT ( 'NONE', #2368 ) ;
#615 = AXIS2_PLACEMENT_3D ( 'NONE', #2082, #1639, #1667 ) ;
#616 = VECTOR ( 'NONE', #2354, 1000.000000000000114 ) ;
#617 = DIRECTION ( 'NONE',  ( 0.000000000000000000, 0.000000000000000000, -1.000000000000000000 ) ) ;
#618 = CARTESIAN_POINT ( 'NONE',  ( 15.49999999999999467, 24.00000000000000355, -1.100000000000009415 ) ) ;
#619 = CARTESIAN_POINT ( 'NONE',  ( -12.99999999999999645, -21.50000000000000000, 1.250000000000000222 ) ) ;
#620 = ORIENTED_EDGE ( 'NONE', *, *, #1236, .F. ) ;
#621 = FACE_OUTER_BOUND ( 'NONE', #391, .T. ) ;
#622 = ORIENTED_EDGE ( 'NONE', *, *, #664, .T. ) ;
#623 = DIRECTION ( 'NONE',  ( 0.000000000000000000, 0.000000000000000000, 1.000000000000000000 ) ) ;
#624 = DIRECTION ( 'NONE',  ( -1.000000000000000000, -0.000000000000000000, 0.000000000000000000 ) ) ;
#625 = ORIENTED_EDGE ( 'NONE', *, *, #2455, .T. ) ;
#626 = DIRECTION ( 'NONE',  ( 0.7071067811865489050, 0.000000000000000000, 0.7071067811865460184 ) ) ;
#627 = EDGE_CURVE ( 'NONE', #1297, #2311, #913, .T. ) ;
#628 = EDGE_CURVE ( 'NONE', #215, #99, #1594, .T. ) ;
#629 = DIRECTION ( 'NONE',  ( 0.000000000000000000, 0.000000000000000000, -1.000000000000000000 ) ) ;
#630 = DIRECTION ( 'NONE',  ( -0.000000000000000000, -0.000000000000000000, 1.000000000000000000 ) ) ;
#631 = EDGE_CURVE ( 'NONE', #859, #800, #955, .T. ) ;
#632 = PLANE ( 'NONE',  #2323 ) ;
#633 = EDGE_LOOP ( 'NONE', ( #982, #2118, #406, #186 ) ) ;
#634 = DIRECTION ( 'NONE',  ( -1.084202172485504434E-16, 1.000000000000000000, 0.000000000000000000 ) ) ;
#635 = ORIENTED_EDGE ( 'NONE', *, *, #2009, .T. ) ;
#636 = LINE ( 'NONE', #446, #27 ) ;
#637 = DIRECTION ( 'NONE',  ( -0.000000000000000000, -0.000000000000000000, 1.000000000000000000 ) ) ;
#638 = VERTEX_POINT ( 'NONE', #2357 ) ;
#639 = PLANE ( 'NONE',  #1551 ) ;
#640 = VECTOR ( 'NONE', #1125, 1000.000000000000000 ) ;
#641 = AXIS2_PLACEMENT_3D ( 'NONE', #14, #1981, #2230 ) ;
#642 = CARTESIAN_POINT ( 'NONE',  ( -15.10000000000000853, -24.00000000000000000, 1.500000000000000000 ) ) ;
#643 = EDGE_CURVE ( 'NONE', #2236, #323, #152, .T. ) ;
#644 = FACE_OUTER_BOUND ( 'NONE', #886, .T. ) ;
#645 = DIRECTION ( 'NONE',  ( 0.000000000000000000, 0.000000000000000000, 1.000000000000000000 ) ) ;
#646 = EDGE_CURVE ( 'NONE', #99, #323, #1968, .T. ) ;
#647 = ADVANCED_FACE ( 'NONE', ( #403 ), #1711, .T. ) ;
#648 = EDGE_LOOP ( 'NONE', ( #1350, #238, #1018, #746 ) ) ;
#649 = FACE_OUTER_BOUND ( 'NONE', #1662, .T. ) ;
#650 = EDGE_LOOP ( 'NONE', ( #1084, #2395, #1012, #1339 ) ) ;
#651 = CARTESIAN_POINT ( 'NONE',  ( 11.49999999999999645, 21.50000000000000000, 1.500000000000000000 ) ) ;
#652 = AXIS2_PLACEMENT_3D ( 'NONE', #450, #1802, #2016 ) ;
#653 = EDGE_LOOP ( 'NONE', ( #2276, #1352, #149, #1233 ) ) ;
#654 = DIRECTION ( 'NONE',  ( 1.000000000000000000, 0.000000000000000000, 0.000000000000000000 ) ) ;
#655 = DIRECTION ( 'NONE',  ( 0.000000000000000000, -0.7071067811865463515, -0.7071067811865486830 ) ) ;
#656 = CARTESIAN_POINT ( 'NONE',  ( 14.49999999999999467, 21.50000000000000000, 1.500000000000000000 ) ) ;
#657 = VECTOR ( 'NONE', #1752, 1000.000000000000000 ) ;
#658 = DIRECTION ( 'NONE',  ( 0.7071067811865475727, 0.7071067811865475727, 0.000000000000000000 ) ) ;
#659 = ORIENTED_EDGE ( 'NONE', *, *, #440, .T. ) ;
#660 = VECTOR ( 'NONE', #2414, 1000.000000000000114 ) ;
#661 = VERTEX_POINT ( 'NONE', #1388 ) ;
#662 = DIRECTION ( 'NONE',  ( 1.000000000000000000, 0.000000000000000000, 0.000000000000000000 ) ) ;
#663 = AXIS2_PLACEMENT_3D ( 'NONE', #1055, #861, #2050 ) ;
#664 = EDGE_CURVE ( 'NONE', #2090, #2467, #331, .T. ) ;
#665 = ORIENTED_EDGE ( 'NONE', *, *, #220, .T. ) ;
#666 = CARTESIAN_POINT ( 'NONE',  ( -12.50000000000000178, 18.60000000000000142, 1.100000000000010747 ) ) ;
#667 = CARTESIAN_POINT ( 'NONE',  ( 10.69999999999999929, 19.39999999999998437, 1.300000000000004485 ) ) ;
#668 = VERTEX_POINT ( 'NONE', #1525 ) ;
#669 = DIRECTION ( 'NONE',  ( 0.000000000000000000, 0.000000000000000000, -1.000000000000000000 ) ) ;
#670 = LINE ( 'NONE', #836, #208 ) ;
#671 = LINE ( 'NONE', #1451, #1908 ) ;
#672 = FACE_OUTER_BOUND ( 'NONE', #2027, .T. ) ;
#673 = ORIENTED_EDGE ( 'NONE', *, *, #2492, .T. ) ;
#674 = ORIENTED_EDGE ( 'NONE', *, *, #505, .F. ) ;
#675 = FACE_OUTER_BOUND ( 'NONE', #265, .T. ) ;
#676 = ADVANCED_FACE ( 'NONE', ( #1513 ), #1378, .T. ) ;
#677 = EDGE_LOOP ( 'NONE', ( #252, #2338, #1906 ) ) ;
#678 = PLANE ( 'NONE',  #20 ) ;
#679 = VECTOR ( 'NONE', #1468, 1000.000000000000000 ) ;
#680 = CARTESIAN_POINT ( 'NONE',  ( -12.50000000000000178, 18.60000000000000142, -1.100000000000010747 ) ) ;
#681 = ORIENTED_EDGE ( 'NONE', *, *, #1024, .F. ) ;
#682 = VECTOR ( 'NONE', #1400, 999.9999999999998863 ) ;
#683 = DIRECTION ( 'NONE',  ( -1.119176436114069085E-16, 1.000000000000000000, 0.000000000000000000 ) ) ;
#684 = CARTESIAN_POINT ( 'NONE',  ( -12.89999999999999325, -18.99999999999999289, -1.500000000000000000 ) ) ;
#685 = DIRECTION ( 'NONE',  ( -0.7071067811865482389, 8.659560562354941486E-17, 0.7071067811865469066 ) ) ;
#686 = CLOSED_SHELL ( 'NONE', ( #2346, #2141, #883, #1204, #29, #1371, #1965, #2476, #285, #2532, #286, #1381, #784, #364, #1461, #1702, #1652, #2284, #2172, #1340, #424, #60, #523, #2537, #1569, #831, #1135, #1796, #1148, #2477, #349, #250, #1258, #803, #754, #1996, #1512, #2440, #1410, #2403, #1705, #2297, #934, #2140, #108, #2129, #78, #676, #2331, #1445, #1091, #237, #1003, #11, #973, #380, #647, #772, #2031, #1550, #905, #1222, #2404, #537, #1859, #2231, #715, #1188, #1585, #901, #142, #2156, #2299, #2201, #820, #10, #921, #2387, #317, #2078, #538, #1492, #64, #2126, #518, #1703, #1507, #1601, #2235, #2198, #1877, #1829, #365, #315, #368, #2051, #2533, #1159 ) ) ;
#687 = AXIS2_PLACEMENT_3D ( 'NONE', #328, #693, #2286 ) ;
#688 = DIRECTION ( 'NONE',  ( 0.5773502691896258421, 0.5773502691896258421, 0.5773502691896258421 ) ) ;
#689 = AXIS2_PLACEMENT_3D ( 'NONE', #797, #1387, #2175 ) ;
#690 = VERTEX_POINT ( 'NONE', #1119 ) ;
#691 = CARTESIAN_POINT ( 'NONE',  ( 15.50000000000000000, -23.99999999999999645, -1.100000000000009415 ) ) ;
#692 = EDGE_LOOP ( 'NONE', ( #1117, #2181, #2137, #2024 ) ) ;
#693 = DIRECTION ( 'NONE',  ( 0.5773502691896255090, 0.5773502691896235106, 0.5773502691896285066 ) ) ;
#694 = AXIS2_PLACEMENT_3D ( 'NONE', #385, #201, #1953 ) ;
#695 = CARTESIAN_POINT ( 'NONE',  ( 13.00000000000000355, -21.50000000000000000, 1.250000000000000222 ) ) ;
#696 = ORIENTED_EDGE ( 'NONE', *, *, #1106, .T. ) ;
#697 = DIRECTION ( 'NONE',  ( 0.000000000000000000, -0.7071067811865471286, -0.7071067811865479058 ) ) ;
#698 = EDGE_CURVE ( 'NONE', #2125, #1782, #209, .T. ) ;
#699 = LINE ( 'NONE', #2291, #867 ) ;
#700 = DIRECTION ( 'NONE',  ( 0.000000000000000000, 0.000000000000000000, -1.000000000000000000 ) ) ;
#701 = CARTESIAN_POINT ( 'NONE',  ( 15.10000000000000675, -23.60000000000000853, -1.500000000000000444 ) ) ;
#702 = ORIENTED_EDGE ( 'NONE', *, *, #2455, .F. ) ;
#703 = DIRECTION ( 'NONE',  ( 0.7071067811865490160, 0.000000000000000000, -0.7071067811865460184 ) ) ;
#704 = ORIENTED_EDGE ( 'NONE', *, *, #112, .F. ) ;
#705 = LINE ( 'NONE', #316, #806 ) ;
#706 = DIRECTION ( 'NONE',  ( -0.000000000000000000, -0.000000000000000000, 1.000000000000000000 ) ) ;
#707 = VECTOR ( 'NONE', #890, 1000.000000000000000 ) ;
#708 = ORIENTED_EDGE ( 'NONE', *, *, #1735, .T. ) ;
#709 = CARTESIAN_POINT ( 'NONE',  ( -12.10000000000001208, -19.39999999999999147, 1.500000000000000000 ) ) ;
#710 = VECTOR ( 'NONE', #1058, 1000.000000000000000 ) ;
#711 = DIRECTION ( 'NONE',  ( -1.210272192541958616E-16, 1.000000000000000000, 0.000000000000000000 ) ) ;
#712 = EDGE_CURVE ( 'NONE', #2228, #942, #2177, .T. ) ;
#713 = EDGE_CURVE ( 'NONE', #2510, #1389, #952, .T. ) ;
#714 = DIRECTION ( 'NONE',  ( 1.000000000000000000, 0.000000000000000000, 0.000000000000000000 ) ) ;
#715 = ADVANCED_FACE ( 'NONE', ( #536 ), #812, .T. ) ;
#716 = ORIENTED_EDGE ( 'NONE', *, *, #1395, .T. ) ;
#717 =( NAMED_UNIT ( * ) SI_UNIT ( $, .STERADIAN. ) SOLID_ANGLE_UNIT ( ) );
#718 = ORIENTED_EDGE ( 'NONE', *, *, #203, .T. ) ;
#719 = LINE ( 'NONE', #508, #1793 ) ;
#720 = CARTESIAN_POINT ( 'NONE',  ( 14.50000000000000178, -21.50000000000000000, -1.499999999999999112 ) ) ;
#721 = EDGE_LOOP ( 'NONE', ( #6, #84, #109, #1486 ) ) ;
#722 = PLANE ( 'NONE',  #723 ) ;
#723 = AXIS2_PLACEMENT_3D ( 'NONE', #2457, #526, #308 ) ;
#724 = CARTESIAN_POINT ( 'NONE',  ( 12.99999999999999645, 21.50000000000000000, -1.499999999999999112 ) ) ;
#725 = CARTESIAN_POINT ( 'NONE',  ( 10.89999999999999680, 24.00000000000000000, 1.100000000000009415 ) ) ;
#726 = CARTESIAN_POINT ( 'NONE',  ( 10.89999999999999503, 19.39999999999998437, -1.500000000000000000 ) ) ;
#727 = CARTESIAN_POINT ( 'NONE',  ( 14.49999999999999467, 21.50000000000000000, -1.499999999999999112 ) ) ;
#728 = AXIS2_PLACEMENT_3D ( 'NONE', #581, #1541, #2333 ) ;
#729 = EDGE_CURVE ( 'NONE', #2524, #2106, #416, .T. ) ;
#730 = ORIENTED_EDGE ( 'NONE', *, *, #2217, .T. ) ;
#731 = CARTESIAN_POINT ( 'NONE',  ( 11.49999999999999645, 21.50000000000000000, -1.499999999999999112 ) ) ;
#732 = CARTESIAN_POINT ( 'NONE',  ( -12.89999999999999325, 18.60000000000000142, 1.500000000000000000 ) ) ;
#733 = VECTOR ( 'NONE', #1886, 1000.000000000000114 ) ;
#734 = ORIENTED_EDGE ( 'NONE', *, *, #1963, .T. ) ;
#735 = CARTESIAN_POINT ( 'NONE',  ( -15.50000000000000000, -23.60000000000000853, 1.100000000000009415 ) ) ;
#736 = DIRECTION ( 'NONE',  ( 0.000000000000000000, 0.000000000000000000, -1.000000000000000000 ) ) ;
#737 = ORIENTED_EDGE ( 'NONE', *, *, #1890, .T. ) ;
#738 = FACE_OUTER_BOUND ( 'NONE', #1954, .T. ) ;
#739 = DIRECTION ( 'NONE',  ( -1.210272192541958616E-16, 1.000000000000000000, 0.000000000000000000 ) ) ;
#740 = FACE_OUTER_BOUND ( 'NONE', #585, .T. ) ;
#741 = ORIENTED_EDGE ( 'NONE', *, *, #1491, .F. ) ;
#742 = PLANE ( 'NONE',  #151 ) ;
#743 = EDGE_CURVE ( 'NONE', #690, #463, #219, .T. ) ;
#744 = CIRCLE ( 'NONE', #1730, 1.249999999999999334 ) ;
#745 = DIRECTION ( 'NONE',  ( -0.7071067811865487940, 0.000000000000000000, -0.7071067811865463515 ) ) ;
#746 = ORIENTED_EDGE ( 'NONE', *, *, #1664, .F. ) ;
#747 = VECTOR ( 'NONE', #2487, 1000.000000000000000 ) ;
#748 = CARTESIAN_POINT ( 'NONE',  ( 12.89999999999998970, 18.60000000000000142, -1.500000000000000000 ) ) ;
#749 = LINE ( 'NONE', #1966, #2059 ) ;
#750 = DIRECTION ( 'NONE',  ( 0.5773502691896266192, -0.5773502691896266192, 0.5773502691896241767 ) ) ;
#751 = LINE ( 'NONE', #2131, #527 ) ;
#752 = ORIENTED_EDGE ( 'NONE', *, *, #1259, .F. ) ;
#753 = LINE ( 'NONE', #1370, #2329 ) ;
#754 = ADVANCED_FACE ( 'NONE', ( #137 ), #2497, .F. ) ;
#755 = ORIENTED_EDGE ( 'NONE', *, *, #1039, .F. ) ;
#756 = DIRECTION ( 'NONE',  ( -0.7071067811865483499, -4.642866022936174579E-15, 0.7071067811865467956 ) ) ;
#757 = EDGE_CURVE ( 'NONE', #2084, #170, #1192, .T. ) ;
#758 = EDGE_CURVE ( 'NONE', #539, #69, #345, .T. ) ;
#759 = DIRECTION ( 'NONE',  ( -1.000000000000000000, -6.938893903907244155E-16, 0.000000000000000000 ) ) ;
#760 = ORIENTED_EDGE ( 'NONE', *, *, #1087, .F. ) ;
#761 = VECTOR ( 'NONE', #1632, 1000.000000000000000 ) ;
#762 = ORIENTED_EDGE ( 'NONE', *, *, #475, .T. ) ;
#763 = PLANE ( 'NONE',  #855 ) ;
#764 = ORIENTED_EDGE ( 'NONE', *, *, #631, .T. ) ;
#765 = FACE_OUTER_BOUND ( 'NONE', #1448, .T. ) ;
#766 = AXIS2_PLACEMENT_3D ( 'NONE', #966, #573, #1505 ) ;
#767 = VECTOR ( 'NONE', #1103, 1000.000000000000000 ) ;
#768 = ORIENTED_EDGE ( 'NONE', *, *, #330, .F. ) ;
#769 = CARTESIAN_POINT ( 'NONE',  ( -10.89999999999999503, 19.39999999999998437, -1.500000000000000000 ) ) ;
#770 = ORIENTED_EDGE ( 'NONE', *, *, #881, .T. ) ;
#771 = VECTOR ( 'NONE', #1567, 1000.000000000000000 ) ;
#772 = ADVANCED_FACE ( 'NONE', ( #1440 ), #76, .T. ) ;
#773 = EDGE_CURVE ( 'NONE', #2467, #114, #2227, .T. ) ;
#774 = DIRECTION ( 'NONE',  ( 0.000000000000000000, 0.7071067811865475727, -0.7071067811865475727 ) ) ;
#775 = DIRECTION ( 'NONE',  ( 1.000000000000000000, 0.000000000000000000, 0.000000000000000000 ) ) ;
#776 = VECTOR ( 'NONE', #1642, 1000.000000000000114 ) ;
#777 = EDGE_LOOP ( 'NONE', ( #704, #552, #925, #247 ) ) ;
#778 = FACE_OUTER_BOUND ( 'NONE', #40, .T. ) ;
#779 = ORIENTED_EDGE ( 'NONE', *, *, #1721, .T. ) ;
#780 = LINE ( 'NONE', #372, #840 ) ;
#781 = ORIENTED_EDGE ( 'NONE', *, *, #1813, .T. ) ;
#782 = AXIS2_PLACEMENT_3D ( 'NONE', #2210, #2197, #1617 ) ;
#783 = CARTESIAN_POINT ( 'NONE',  ( -15.10000000000001030, -23.60000000000001208, 1.499999999999999112 ) ) ;
#784 = ADVANCED_FACE ( 'NONE', ( #865, #1401, #1071, #2037, #2007 ), #2188, .F. ) ;
#785 = LINE ( 'NONE', #2355, #1579 ) ;
#786 = VECTOR ( 'NONE', #1724, 1000.000000000000000 ) ;
#787 = CARTESIAN_POINT ( 'NONE',  ( -15.10000000000001386, 23.60000000000000853, 1.500000000000000000 ) ) ;
#788 = EDGE_CURVE ( 'NONE', #2114, #1680, #288, .T. ) ;
#789 = ORIENTED_EDGE ( 'NONE', *, *, #1845, .F. ) ;
#790 = CARTESIAN_POINT ( 'NONE',  ( 10.89999999999999858, 23.80000000000000426, 1.300000000000005596 ) ) ;
#791 = AXIS2_PLACEMENT_3D ( 'NONE', #462, #1406, #998 ) ;
#792 = ORIENTED_EDGE ( 'NONE', *, *, #569, .T. ) ;
#793 = CARTESIAN_POINT ( 'NONE',  ( -13.00000000000000178, 21.50000000000000000, -1.249999999999999778 ) ) ;
#794 = LINE ( 'NONE', #1576, #168 ) ;
#795 = VERTEX_POINT ( 'NONE', #1413 ) ;
#796 = DIRECTION ( 'NONE',  ( -0.000000000000000000, -0.000000000000000000, 1.000000000000000000 ) ) ;
#797 = CARTESIAN_POINT ( 'NONE',  ( 12.99999999999999645, 21.50000000000000000, -1.249999999999999778 ) ) ;
#798 = DIRECTION ( 'NONE',  ( 1.000000000000000000, 0.000000000000000000, 0.000000000000000000 ) ) ;
#799 = VECTOR ( 'NONE', #605, 1000.000000000000000 ) ;
#800 = VERTEX_POINT ( 'NONE', #1606 ) ;
#801 = LINE ( 'NONE', #1622, #1800 ) ;
#802 = EDGE_CURVE ( 'NONE', #2369, #1743, #481, .T. ) ;
#803 = ADVANCED_FACE ( 'NONE', ( #2406 ), #2145, .F. ) ;
#804 = VERTEX_POINT ( 'NONE', #2434 ) ;
#805 = CARTESIAN_POINT ( 'NONE',  ( -10.50000000000000533, 19.39999999999998437, 1.500000000000000000 ) ) ;
#806 = VECTOR ( 'NONE', #1484, 1000.000000000000114 ) ;
#807 = LINE ( 'NONE', #2376, #1779 ) ;
#808 = ORIENTED_EDGE ( 'NONE', *, *, #95, .T. ) ;
#809 = DIRECTION ( 'NONE',  ( -0.000000000000000000, -0.000000000000000000, 1.000000000000000000 ) ) ;
#810 = VECTOR ( 'NONE', #1624, 999.9999999999998863 ) ;
#811 = CARTESIAN_POINT ( 'NONE',  ( -12.99999999999999645, -21.50000000000000000, 1.500000000000000000 ) ) ;
#812 = PLANE ( 'NONE',  #43 ) ;
#813 = ORIENTED_EDGE ( 'NONE', *, *, #251, .T. ) ;
#814 = LINE ( 'NONE', #1428, #313 ) ;
#815 = EDGE_CURVE ( 'NONE', #1680, #2053, #838, .T. ) ;
#816 = EDGE_CURVE ( 'NONE', #2369, #1690, #1847, .T. ) ;
#817 = ORIENTED_EDGE ( 'NONE', *, *, #2217, .F. ) ;
#818 = LINE ( 'NONE', #1638, #397 ) ;
#819 = CARTESIAN_POINT ( 'NONE',  ( 12.10000000000000853, 18.99999999999999289, -1.100000000000010747 ) ) ;
#820 = ADVANCED_FACE ( 'NONE', ( #672 ), #632, .T. ) ;
#821 = VERTEX_POINT ( 'NONE', #1660 ) ;
#822 = DIRECTION ( 'NONE',  ( 1.000000000000000000, 0.000000000000000000, 0.000000000000000000 ) ) ;
#823 = CARTESIAN_POINT ( 'NONE',  ( -12.10000000000001208, 18.99999999999999289, -1.500000000000001332 ) ) ;
#824 = LINE ( 'NONE', #837, #1251 ) ;
#825 = LINE ( 'NONE', #2394, #1412 ) ;
#826 = ORIENTED_EDGE ( 'NONE', *, *, #77, .F. ) ;
#827 = VECTOR ( 'NONE', #645, 1000.000000000000000 ) ;
#828 = DIRECTION ( 'NONE',  ( 0.7071067811865482389, 0.000000000000000000, 0.7071067811865469066 ) ) ;
#829 = EDGE_LOOP ( 'NONE', ( #2540, #2324 ) ) ;
#830 = FACE_OUTER_BOUND ( 'NONE', #974, .T. ) ;
#831 = ADVANCED_FACE ( 'NONE', ( #65 ), #1202, .F. ) ;
#832 = DIRECTION ( 'NONE',  ( 0.000000000000000000, 0.000000000000000000, -1.000000000000000000 ) ) ;
#833 = ORIENTED_EDGE ( 'NONE', *, *, #473, .T. ) ;
#834 = CARTESIAN_POINT ( 'NONE',  ( -10.89999999999999680, 19.39999999999998437, 1.500000000000000666 ) ) ;
#835 = EDGE_CURVE ( 'NONE', #99, #2442, #427, .T. ) ;
#836 = CARTESIAN_POINT ( 'NONE',  ( 12.89999999999998970, 0.000000000000000000, 1.500000000000000000 ) ) ;
#837 = CARTESIAN_POINT ( 'NONE',  ( 15.10000000000000320, 24.00000000000000355, 1.100000000000009193 ) ) ;
#838 = LINE ( 'NONE', #2052, #710 ) ;
#839 = ORIENTED_EDGE ( 'NONE', *, *, #1687, .F. ) ;
#840 = VECTOR ( 'NONE', #407, 1000.000000000000000 ) ;
#841 = CARTESIAN_POINT ( 'NONE',  ( 11.50000000000000355, -21.50000000000000000, 1.500000000000000000 ) ) ;
#842 = VERTEX_POINT ( 'NONE', #1231 ) ;
#843 = CARTESIAN_POINT ( 'NONE',  ( 12.10000000000000853, -19.39999999999998437, -1.500000000000000000 ) ) ;
#844 = LINE ( 'NONE', #1611, #2149 ) ;
#845 = ORIENTED_EDGE ( 'NONE', *, *, #1290, .F. ) ;
#846 = PLANE ( 'NONE',  #2337 ) ;
#847 = AXIS2_PLACEMENT_3D ( 'NONE', #2370, #2026, #634 ) ;
#848 = CARTESIAN_POINT ( 'NONE',  ( 12.99999999999999645, 21.50000000000000000, -1.499999999999999112 ) ) ;
#849 = EDGE_CURVE ( 'NONE', #539, #463, #1805, .T. ) ;
#850 = EDGE_CURVE ( 'NONE', #1782, #539, #825, .T. ) ;
#851 = DIRECTION ( 'NONE',  ( 1.000000000000000000, 0.000000000000000000, 0.000000000000000000 ) ) ;
#852 = ORIENTED_EDGE ( 'NONE', *, *, #1054, .F. ) ;
#853 = ORIENTED_EDGE ( 'NONE', *, *, #1163, .F. ) ;
#854 = CARTESIAN_POINT ( 'NONE',  ( 12.49999999999999822, -18.60000000000000142, 1.100000000000010747 ) ) ;
#855 = AXIS2_PLACEMENT_3D ( 'NONE', #173, #936, #1543 ) ;
#856 = VERTEX_POINT ( 'NONE', #2200 ) ;
#857 = CARTESIAN_POINT ( 'NONE',  ( 12.10000000000000853, 18.99999999999999289, -46.98626166217662359 ) ) ;
#858 = DIRECTION ( 'NONE',  ( -0.000000000000000000, -0.000000000000000000, 1.000000000000000000 ) ) ;
#859 = VERTEX_POINT ( 'NONE', #246 ) ;
#860 = FACE_OUTER_BOUND ( 'NONE', #928, .T. ) ;
#861 = DIRECTION ( 'NONE',  ( -0.000000000000000000, -0.000000000000000000, 1.000000000000000000 ) ) ;
#862 = LINE ( 'NONE', #1646, #915 ) ;
#863 = AXIS2_PLACEMENT_3D ( 'NONE', #1776, #8, #1976 ) ;
#864 = EDGE_CURVE ( 'NONE', #800, #859, #1985, .T. ) ;
#865 = FACE_BOUND ( 'NONE', #829, .T. ) ;
#866 = ORIENTED_EDGE ( 'NONE', *, *, #393, .T. ) ;
#867 = VECTOR ( 'NONE', #528, 1000.000000000000000 ) ;
#868 = ORIENTED_EDGE ( 'NONE', *, *, #2418, .T. ) ;
#869 = DIRECTION ( 'NONE',  ( 0.000000000000000000, 0.000000000000000000, -1.000000000000000000 ) ) ;
#870 = VECTOR ( 'NONE', #1882, 1000.000000000000114 ) ;
#871 = EDGE_CURVE ( 'NONE', #638, #1835, #261, .T. ) ;
#872 = EDGE_LOOP ( 'NONE', ( #948, #1669, #1158, #2257 ) ) ;
#873 = CARTESIAN_POINT ( 'NONE',  ( -15.50000000000000000, -23.60000000000000853, -1.100000000000009415 ) ) ;
#874 = DIRECTION ( 'NONE',  ( -0.7071067811865483499, -1.442222014787675352E-15, 0.7071067811865467956 ) ) ;
#875 = ORIENTED_EDGE ( 'NONE', *, *, #2013, .F. ) ;
#876 = DIRECTION ( 'NONE',  ( -0.5773502691896251759, -0.5773502691896252870, 0.5773502691896270633 ) ) ;
#877 = LINE ( 'NONE', #2473, #2101 ) ;
#878 = CARTESIAN_POINT ( 'NONE',  ( -10.89999999999999503, 23.80000000000000426, -1.300000000000005596 ) ) ;
#879 = ORIENTED_EDGE ( 'NONE', *, *, #1002, .T. ) ;
#880 = VERTEX_POINT ( 'NONE', #2254 ) ;
#881 = EDGE_CURVE ( 'NONE', #1887, #224, #15, .T. ) ;
#882 = DIRECTION ( 'NONE',  ( 0.000000000000000000, -0.000000000000000000, 1.000000000000000000 ) ) ;
#883 = ADVANCED_FACE ( 'NONE', ( #738 ), #2194, .F. ) ;
#884 = AXIS2_PLACEMENT_3D ( 'NONE', #104, #893, #1675 ) ;
#885 = CARTESIAN_POINT ( 'NONE',  ( -11.75000000000000178, 21.50000000000000000, 1.250000000000000222 ) ) ;
#886 = EDGE_LOOP ( 'NONE', ( #338, #1746, #2205, #2482 ) ) ;
#887 = VECTOR ( 'NONE', #195, 1000.000000000000000 ) ;
#888 = FACE_OUTER_BOUND ( 'NONE', #911, .T. ) ;
#889 = LINE ( 'NONE', #309, #2102 ) ;
#890 = DIRECTION ( 'NONE',  ( 0.000000000000000000, 0.000000000000000000, -1.000000000000000000 ) ) ;
#891 = VECTOR ( 'NONE', #388, 1000.000000000000000 ) ;
#892 = VECTOR ( 'NONE', #1380, 999.9999999999998863 ) ;
#893 = DIRECTION ( 'NONE',  ( 0.000000000000000000, 0.000000000000000000, -1.000000000000000000 ) ) ;
#894 = VERTEX_POINT ( 'NONE', #530 ) ;
#895 = LINE ( 'NONE', #1679, #733 ) ;
#896 = ORIENTED_EDGE ( 'NONE', *, *, #1161, .F. ) ;
#897 =( GEOMETRIC_REPRESENTATION_CONTEXT ( 3 ) GLOBAL_UNCERTAINTY_ASSIGNED_CONTEXT ( ( #1332 ) ) GLOBAL_UNIT_ASSIGNED_CONTEXT ( ( #1731, #196, #1329 ) ) REPRESENTATION_CONTEXT ( 'NONE', 'WORKASPACE' ) );
#898 = CARTESIAN_POINT ( 'NONE',  ( -10.89999999999999680, 23.60000000000000853, 1.500000000000000000 ) ) ;
#899 = CONICAL_SURFACE ( 'NONE', #694, 1.499999999999999556, 0.7853981633974491672 ) ;
#900 = CARTESIAN_POINT ( 'NONE',  ( 10.89999999999999503, 18.99999999999999289, -1.100000000000010747 ) ) ;
#901 = ADVANCED_FACE ( 'NONE', ( #2281 ), #1083, .T. ) ;
#902 = VERTEX_POINT ( 'NONE', #494 ) ;
#903 = CARTESIAN_POINT ( 'NONE',  ( -15.30000000000000249, -23.80000000000000426, 1.100000000000009415 ) ) ;
#904 = CIRCLE ( 'NONE', #1429, 1.499999999999999556 ) ;
#905 = ADVANCED_FACE ( 'NONE', ( #1097 ), #2490, .F. ) ;
#906 = CARTESIAN_POINT ( 'NONE',  ( 15.10000000000000497, 1.637145280453112287E-15, 1.500000000000000000 ) ) ;
#907 = DIRECTION ( 'NONE',  ( 0.7071067811865475727, 0.7071067811865475727, 0.000000000000000000 ) ) ;
#908 = ORIENTED_EDGE ( 'NONE', *, *, #217, .F. ) ;
#909 = CYLINDRICAL_SURFACE ( 'NONE', #1676, 1.249999999999999334 ) ;
#910 = CIRCLE ( 'NONE', #2551, 1.499999999999999556 ) ;
#911 = EDGE_LOOP ( 'NONE', ( #1841, #1455, #1218, #665 ) ) ;
#912 = CARTESIAN_POINT ( 'NONE',  ( -12.99999999999999645, -21.50000000000000000, -1.249999999999999778 ) ) ;
#913 = CIRCLE ( 'NONE', #2348, 1.499999999999999556 ) ;
#914 = CARTESIAN_POINT ( 'NONE',  ( 10.89999999999999503, 18.99999999999999289, 1.100000000000010747 ) ) ;
#915 = VECTOR ( 'NONE', #75, 1000.000000000000000 ) ;
#916 = VERTEX_POINT ( 'NONE', #1898 ) ;
#917 = CARTESIAN_POINT ( 'NONE',  ( -15.10000000000001563, 23.60000000000000853, -1.500000000000000000 ) ) ;
#918 = AXIS2_PLACEMENT_3D ( 'NONE', #2095, #1140, #1179 ) ;
#919 = DIRECTION ( 'NONE',  ( 0.7071067811865474617, -0.7071067811865474617, -0.000000000000000000 ) ) ;
#920 = VERTEX_POINT ( 'NONE', #1275 ) ;
#921 = ADVANCED_FACE ( 'NONE', ( #1299 ), #2089, .T. ) ;
#922 = EDGE_CURVE ( 'NONE', #1835, #2311, #310, .T. ) ;
#923 = DIRECTION ( 'NONE',  ( 0.7071067811865486830, 0.000000000000000000, 0.7071067811865463515 ) ) ;
#924 = CARTESIAN_POINT ( 'NONE',  ( 15.10000000000000142, 23.60000000000001208, -1.500000000000000000 ) ) ;
#925 = ORIENTED_EDGE ( 'NONE', *, *, #1086, .T. ) ;
#926 = DIRECTION ( 'NONE',  ( 0.7071067811865474617, 0.7071067811865474617, -0.000000000000000000 ) ) ;
#927 = DIRECTION ( 'NONE',  ( -0.7071067811865490160, 0.000000000000000000, -0.7071067811865460184 ) ) ;
#928 = EDGE_LOOP ( 'NONE', ( #1694, #866, #762, #1879 ) ) ;
#929 = DIRECTION ( 'NONE',  ( -0.000000000000000000, -0.000000000000000000, 1.000000000000000000 ) ) ;
#930 = VECTOR ( 'NONE', #2290, 1000.000000000000000 ) ;
#931 = DIRECTION ( 'NONE',  ( 0.000000000000000000, 0.000000000000000000, -1.000000000000000000 ) ) ;
#932 = ORIENTED_EDGE ( 'NONE', *, *, #990, .F. ) ;
#933 = LINE ( 'NONE', #339, #1641 ) ;
#934 = ADVANCED_FACE ( 'NONE', ( #2063 ), #1689, .F. ) ;
#935 = DIRECTION ( 'NONE',  ( 0.7071067811865475727, 0.7071067811865475727, 0.000000000000000000 ) ) ;
#936 = DIRECTION ( 'NONE',  ( 0.5773502691896251759, -0.5773502691896252870, -0.5773502691896270633 ) ) ;
#937 = ORIENTED_EDGE ( 'NONE', *, *, #2520, .F. ) ;
#938 = DIRECTION ( 'NONE',  ( 1.000000000000000000, 6.938893903907244155E-16, 0.000000000000000000 ) ) ;
#939 = DIRECTION ( 'NONE',  ( 0.000000000000000000, 0.000000000000000000, 1.000000000000000000 ) ) ;
#940 = AXIS2_PLACEMENT_3D ( 'NONE', #2076, #2242, #703 ) ;
#941 = VECTOR ( 'NONE', #254, 999.9999999999998863 ) ;
#942 = VERTEX_POINT ( 'NONE', #725 ) ;
#943 = CARTESIAN_POINT ( 'NONE',  ( 12.49999999999999822, 18.60000000000000142, -1.100000000000010747 ) ) ;
#944 = ORIENTED_EDGE ( 'NONE', *, *, #2264, .T. ) ;
#945 = CARTESIAN_POINT ( 'NONE',  ( 15.10000000000000320, 24.00000000000000355, 1.500000000000000000 ) ) ;
#946 = DIRECTION ( 'NONE',  ( -0.000000000000000000, 0.7071067811865486830, -0.7071067811865464625 ) ) ;
#947 = EDGE_CURVE ( 'NONE', #795, #880, #2269, .T. ) ;
#948 = ORIENTED_EDGE ( 'NONE', *, *, #758, .T. ) ;
#949 = CIRCLE ( 'NONE', #36, 1.499999999999999556 ) ;
#950 = CARTESIAN_POINT ( 'NONE',  ( -12.50000000000000178, -18.60000000000000497, -1.100000000000010747 ) ) ;
#951 = EDGE_CURVE ( 'NONE', #1330, #2353, #2308, .T. ) ;
#952 = LINE ( 'NONE', #23, #461 ) ;
#953 = ORIENTED_EDGE ( 'NONE', *, *, #631, .F. ) ;
#954 = LINE ( 'NONE', #1548, #2132 ) ;
#955 = CIRCLE ( 'NONE', #2268, 1.249999999999999334 ) ;
#956 = ORIENTED_EDGE ( 'NONE', *, *, #613, .T. ) ;
#957 = PLANE ( 'NONE',  #1521 ) ;
#958 = CARTESIAN_POINT ( 'NONE',  ( 3.205108136566669939E-15, -19.39999999999998792, 1.500000000000000000 ) ) ;
#959 = EDGE_LOOP ( 'NONE', ( #133, #544, #125, #2288 ) ) ;
#960 = DIRECTION ( 'NONE',  ( -2.420544385083917231E-16, -1.000000000000000000, 0.000000000000000000 ) ) ;
#961 = EDGE_CURVE ( 'NONE', #2400, #54, #352, .T. ) ;
#962 = ORIENTED_EDGE ( 'NONE', *, *, #802, .T. ) ;
#963 = CARTESIAN_POINT ( 'NONE',  ( 12.49999999999999822, -19.39999999999998437, -1.500000000000000000 ) ) ;
#964 = ORIENTED_EDGE ( 'NONE', *, *, #2111, .T. ) ;
#965 = CARTESIAN_POINT ( 'NONE',  ( -10.89999999999999858, 18.99999999999999289, -1.100000000000010747 ) ) ;
#966 = CARTESIAN_POINT ( 'NONE',  ( -12.99999999999999645, -21.50000000000000000, 1.500000000000000000 ) ) ;
#967 = ORIENTED_EDGE ( 'NONE', *, *, #1651, .F. ) ;
#968 = DIRECTION ( 'NONE',  ( -0.7071067811865475727, 0.7071067811865475727, 0.000000000000000000 ) ) ;
#969 = VECTOR ( 'NONE', #946, 1000.000000000000000 ) ;
#970 = AXIS2_PLACEMENT_3D ( 'NONE', #1347, #1768, #960 ) ;
#971 = ORIENTED_EDGE ( 'NONE', *, *, #271, .F. ) ;
#972 = CARTESIAN_POINT ( 'NONE',  ( 0.000000000000000000, 19.39999999999998437, 1.500000000000000000 ) ) ;
#973 = ADVANCED_FACE ( 'NONE', ( #132 ), #119, .F. ) ;
#974 = EDGE_LOOP ( 'NONE', ( #384, #1427, #1756, #1113 ) ) ;
#975 = EDGE_CURVE ( 'NONE', #1801, #638, #557, .T. ) ;
#976 = CARTESIAN_POINT ( 'NONE',  ( -11.74999999999999645, -21.50000000000000000, 1.500000000000000000 ) ) ;
#977 = LINE ( 'NONE', #1765, #564 ) ;
#978 = FACE_OUTER_BOUND ( 'NONE', #2485, .T. ) ;
#979 = CONICAL_SURFACE ( 'NONE', #1021, 1.499999999999999556, 0.7853981633974491672 ) ;
#980 = VERTEX_POINT ( 'NONE', #1490 ) ;
#981 = PLANE ( 'NONE',  #520 ) ;
#982 = ORIENTED_EDGE ( 'NONE', *, *, #394, .T. ) ;
#983 = PLANE ( 'NONE',  #185 ) ;
#984 = AXIS2_PLACEMENT_3D ( 'NONE', #1376, #399, #171 ) ;
#985 = DIRECTION ( 'NONE',  ( 0.000000000000000000, -0.000000000000000000, -1.000000000000000000 ) ) ;
#986 = AXIS2_PLACEMENT_3D ( 'NONE', #1869, #736, #1516 ) ;
#987 = ORIENTED_EDGE ( 'NONE', *, *, #1425, .T. ) ;
#988 = CONICAL_SURFACE ( 'NONE', #2345, 1.249999999999999334, 0.7853981633974500554 ) ;
#989 = CYLINDRICAL_SURFACE ( 'NONE', #863, 1.249999999999999334 ) ;
#990 = EDGE_CURVE ( 'NONE', #1637, #1975, #933, .T. ) ;
#991 = EDGE_CURVE ( 'NONE', #2084, #2114, #515, .T. ) ;
#992 = DIRECTION ( 'NONE',  ( -0.7071067811865475727, 0.7071067811865475727, 0.000000000000000000 ) ) ;
#993 = DIRECTION ( 'NONE',  ( -0.5773502691896258421, 0.5773502691896258421, 0.5773502691896258421 ) ) ;
#994 = ORIENTED_EDGE ( 'NONE', *, *, #743, .F. ) ;
#995 = CARTESIAN_POINT ( 'NONE',  ( -15.10000000000001386, 24.00000000000000000, -1.100000000000009415 ) ) ;
#996 = EDGE_LOOP ( 'NONE', ( #258, #770 ) ) ;
#997 = CARTESIAN_POINT ( 'NONE',  ( -15.50000000000000000, -24.00000000000000000, -1.100000000000009415 ) ) ;
#998 = DIRECTION ( 'NONE',  ( 0.000000000000000000, 0.000000000000000000, -1.000000000000000000 ) ) ;
#999 = ORIENTED_EDGE ( 'NONE', *, *, #2313, .T. ) ;
#1000 = DIRECTION ( 'NONE',  ( -1.000000000000000000, -0.000000000000000000, 0.000000000000000000 ) ) ;
#1001 = AXIS2_PLACEMENT_3D ( 'NONE', #1871, #907, #1312 ) ;
#1002 = EDGE_CURVE ( 'NONE', #1049, #2488, #744, .T. ) ;
#1003 = ADVANCED_FACE ( 'NONE', ( #1923 ), #957, .T. ) ;
#1004 = CARTESIAN_POINT ( 'NONE',  ( 10.89999999999999680, 24.00000000000000000, 1.500000000000000000 ) ) ;
#1005 = VECTOR ( 'NONE', #401, 1000.000000000000000 ) ;
#1006 = ORIENTED_EDGE ( 'NONE', *, *, #627, .F. ) ;
#1007 = LINE ( 'NONE', #2383, #1171 ) ;
#1008 = ORIENTED_EDGE ( 'NONE', *, *, #1122, .T. ) ;
#1009 = PLANE ( 'NONE',  #2001 ) ;
#1010 = AXIS2_PLACEMENT_3D ( 'NONE', #2107, #2468, #1458 ) ;
#1011 = CARTESIAN_POINT ( 'NONE',  ( -10.70000000000000107, 23.80000000000000426, 1.100000000000009415 ) ) ;
#1012 = ORIENTED_EDGE ( 'NONE', *, *, #2077, .F. ) ;
#1013 = CARTESIAN_POINT ( 'NONE',  ( 12.10000000000000853, 19.39999999999998437, -1.500000000000000000 ) ) ;
#1014 = PLANE ( 'NONE',  #457 ) ;
#1015 = AXIS2_PLACEMENT_3D ( 'NONE', #1114, #1900, #1522 ) ;
#1016 = LINE ( 'NONE', #2405, #2447 ) ;
#1017 = DIRECTION ( 'NONE',  ( -0.7071067811865475727, 0.7071067811865475727, 0.000000000000000000 ) ) ;
#1018 = ORIENTED_EDGE ( 'NONE', *, *, #2009, .F. ) ;
#1019 = EDGE_CURVE ( 'NONE', #842, #980, #1580, .T. ) ;
#1020 = DIRECTION ( 'NONE',  ( 2.420544385083917231E-16, 1.000000000000000000, 0.000000000000000000 ) ) ;
#1021 = AXIS2_PLACEMENT_3D ( 'NONE', #1067, #929, #154 ) ;
#1022 = ORIENTED_EDGE ( 'NONE', *, *, #1054, .T. ) ;
#1023 = CARTESIAN_POINT ( 'NONE',  ( 12.49999999999999822, 18.99999999999999289, -46.98626166217662359 ) ) ;
#1024 = EDGE_CURVE ( 'NONE', #506, #2499, #2150, .T. ) ;
#1025 = DIRECTION ( 'NONE',  ( -0.7071067811865474617, -0.7071067811865474617, 0.000000000000000000 ) ) ;
#1026 = ORIENTED_EDGE ( 'NONE', *, *, #1189, .F. ) ;
#1027 = FACE_OUTER_BOUND ( 'NONE', #262, .T. ) ;
#1028 = DIRECTION ( 'NONE',  ( 0.7071067811865470176, -2.307555223660273227E-15, 0.7071067811865479058 ) ) ;
#1029 = DIRECTION ( 'NONE',  ( 1.000000000000000000, 6.938893903907244155E-16, 0.000000000000000000 ) ) ;
#1030 = VECTOR ( 'NONE', #1104, 999.9999999999998863 ) ;
#1031 = CARTESIAN_POINT ( 'NONE',  ( -12.99999999999999645, -21.50000000000000000, 1.250000000000000222 ) ) ;
#1032 = EDGE_LOOP ( 'NONE', ( #2184, #2079, #1584, #1893 ) ) ;
#1033 = AXIS2_PLACEMENT_3D ( 'NONE', #233, #1647, #51 ) ;
#1034 = FACE_OUTER_BOUND ( 'NONE', #2335, .T. ) ;
#1035 = EDGE_LOOP ( 'NONE', ( #2420, #1867, #1063, #2066 ) ) ;
#1036 = DIRECTION ( 'NONE',  ( 1.000000000000000000, 1.119176436114069085E-16, 0.000000000000000000 ) ) ;
#1037 = VECTOR ( 'NONE', #1038, 1000.000000000000000 ) ;
#1038 = DIRECTION ( 'NONE',  ( -0.7071067811865481278, -3.997584658317581868E-15, -0.7071067811865470176 ) ) ;
#1039 = EDGE_CURVE ( 'NONE', #795, #1277, #1354, .T. ) ;
#1040 = ORIENTED_EDGE ( 'NONE', *, *, #835, .F. ) ;
#1041 = PLANE ( 'NONE',  #2416 ) ;
#1042 = CARTESIAN_POINT ( 'NONE',  ( 15.10000000000000142, 23.60000000000001208, 1.500000000000000000 ) ) ;
#1043 = FACE_OUTER_BOUND ( 'NONE', #354, .T. ) ;
#1044 = CARTESIAN_POINT ( 'NONE',  ( 11.75000000000000355, -21.50000000000000000, 1.500000000000000000 ) ) ;
#1045 = ORIENTED_EDGE ( 'NONE', *, *, #220, .F. ) ;
#1046 = ORIENTED_EDGE ( 'NONE', *, *, #1039, .T. ) ;
#1047 = VECTOR ( 'NONE', #756, 1000.000000000000000 ) ;
#1048 = LINE ( 'NONE', #68, #2167 ) ;
#1049 = VERTEX_POINT ( 'NONE', #1530 ) ;
#1050 = LINE ( 'NONE', #2012, #1677 ) ;
#1051 = CARTESIAN_POINT ( 'NONE',  ( 15.74999999999999289, 15.74999999999999289, -1.500000000000000000 ) ) ;
#1052 = EDGE_LOOP ( 'NONE', ( #1302, #808, #1404, #1758 ) ) ;
#1053 = DIRECTION ( 'NONE',  ( -0.000000000000000000, -0.000000000000000000, 1.000000000000000000 ) ) ;
#1054 = EDGE_CURVE ( 'NONE', #614, #1334, #1955, .T. ) ;
#1055 = CARTESIAN_POINT ( 'NONE',  ( 12.99999999999999645, 21.50000000000000000, 1.500000000000000000 ) ) ;
#1056 = CARTESIAN_POINT ( 'NONE',  ( -13.00000000000000178, 21.50000000000000000, 1.500000000000000000 ) ) ;
#1057 = EDGE_CURVE ( 'NONE', #902, #529, #1854, .T. ) ;
#1058 = DIRECTION ( 'NONE',  ( -1.000000000000000000, 0.000000000000000000, 0.000000000000000000 ) ) ;
#1059 = VECTOR ( 'NONE', #1915, 1000.000000000000000 ) ;
#1060 = ORIENTED_EDGE ( 'NONE', *, *, #1991, .F. ) ;
#1061 = ORIENTED_EDGE ( 'NONE', *, *, #2265, .T. ) ;
#1062 = CARTESIAN_POINT ( 'NONE',  ( 15.10000000000000320, 24.00000000000000355, 1.100000000000009415 ) ) ;
#1063 = ORIENTED_EDGE ( 'NONE', *, *, #2508, .T. ) ;
#1064 = FACE_OUTER_BOUND ( 'NONE', #2285, .T. ) ;
#1065 = CARTESIAN_POINT ( 'NONE',  ( -13.00000000000000178, 21.50000000000000000, -1.249999999999999778 ) ) ;
#1066 = ORIENTED_EDGE ( 'NONE', *, *, #1990, .F. ) ;
#1067 = CARTESIAN_POINT ( 'NONE',  ( -13.00000000000000178, 21.50000000000000000, 1.500000000000000000 ) ) ;
#1068 = CARTESIAN_POINT ( 'NONE',  ( -15.10000000000000853, -23.60000000000001208, 1.500000000000000000 ) ) ;
#1069 = LINE ( 'NONE', #2021, #2018 ) ;
#1070 = VECTOR ( 'NONE', #1190, 1000.000000000000000 ) ;
#1071 = FACE_BOUND ( 'NONE', #1397, .T. ) ;
#1072 = EDGE_CURVE ( 'NONE', #1144, #1598, #2514, .T. ) ;
#1073 = CONICAL_SURFACE ( 'NONE', #986, 1.249999999999999334, 0.7853981633974500554 ) ;
#1074 = VERTEX_POINT ( 'NONE', #1156 ) ;
#1075 = CARTESIAN_POINT ( 'NONE',  ( -12.50000000000000178, -18.99999999999999289, 1.100000000000010747 ) ) ;
#1076 = ORIENTED_EDGE ( 'NONE', *, *, #519, .T. ) ;
#1077 = DIRECTION ( 'NONE',  ( 1.000000000000000000, 0.000000000000000000, 0.000000000000000000 ) ) ;
#1078 = DIRECTION ( 'NONE',  ( -0.7071067811865481278, -1.991355245087120366E-15, -0.7071067811865470176 ) ) ;
#1079 = ORIENTED_EDGE ( 'NONE', *, *, #411, .T. ) ;
#1080 = CARTESIAN_POINT ( 'NONE',  ( -10.89999999999999858, 18.99999999999999289, 1.100000000000010747 ) ) ;
#1081 = FACE_OUTER_BOUND ( 'NONE', #510, .T. ) ;
#1082 = LINE ( 'NONE', #656, #253 ) ;
#1083 = PLANE ( 'NONE',  #351 ) ;
#1084 = ORIENTED_EDGE ( 'NONE', *, *, #460, .T. ) ;
#1085 =( LENGTH_UNIT ( ) NAMED_UNIT ( * ) SI_UNIT ( .MILLI., .METRE. ) );
#1086 = EDGE_CURVE ( 'NONE', #1849, #800, #1177, .T. ) ;
#1087 = EDGE_CURVE ( 'NONE', #1743, #894, #1945, .T. ) ;
#1088 = ORIENTED_EDGE ( 'NONE', *, *, #1019, .F. ) ;
#1089 = FACE_OUTER_BOUND ( 'NONE', #1556, .T. ) ;
#1090 = AXIS2_PLACEMENT_3D ( 'NONE', #300, #2503, #1112 ) ;
#1091 = ADVANCED_FACE ( 'NONE', ( #603 ), #2525, .F. ) ;
#1092 = CARTESIAN_POINT ( 'NONE',  ( 15.50000000000000000, -23.99999999999999645, -1.100000000000009415 ) ) ;
#1093 = ORIENTED_EDGE ( 'NONE', *, *, #1526, .T. ) ;
#1094 = CARTESIAN_POINT ( 'NONE',  ( 15.10000000000000853, -23.80000000000000071, 1.300000000000004707 ) ) ;
#1095 = CARTESIAN_POINT ( 'NONE',  ( 13.00000000000000355, -21.50000000000000000, 1.250000000000000222 ) ) ;
#1096 = VECTOR ( 'NONE', #2204, 1000.000000000000000 ) ;
#1097 = FACE_OUTER_BOUND ( 'NONE', #1771, .T. ) ;
#1098 = ORIENTED_EDGE ( 'NONE', *, *, #1570, .F. ) ;
#1099 = DIRECTION ( 'NONE',  ( 1.000000000000000000, 0.000000000000000000, 0.000000000000000000 ) ) ;
#1100 = EDGE_CURVE ( 'NONE', #1849, #301, #749, .T. ) ;
#1101 = VERTEX_POINT ( 'NONE', #413 ) ;
#1102 = AXIS2_PLACEMENT_3D ( 'NONE', #2516, #1147, #775 ) ;
#1103 = DIRECTION ( 'NONE',  ( -0.7071067811865486830, -0.000000000000000000, -0.7071067811865464625 ) ) ;
#1104 = DIRECTION ( 'NONE',  ( 5.768888059150663346E-16, -0.7071067811865472397, -0.7071067811865479058 ) ) ;
#1105 = EDGE_CURVE ( 'NONE', #1743, #269, #182, .T. ) ;
#1106 = EDGE_CURVE ( 'NONE', #1144, #980, #2538, .T. ) ;
#1107 = ORIENTED_EDGE ( 'NONE', *, *, #1479, .F. ) ;
#1108 = LINE ( 'NONE', #1094, #2361 ) ;
#1109 = AXIS2_PLACEMENT_3D ( 'NONE', #434, #477, #822 ) ;
#1110 = DIRECTION ( 'NONE',  ( -1.084202172485504434E-16, 1.000000000000000000, 0.000000000000000000 ) ) ;
#1111 = ORIENTED_EDGE ( 'NONE', *, *, #1526, .F. ) ;
#1112 = DIRECTION ( 'NONE',  ( 1.084202172485504434E-16, -1.000000000000000000, 0.000000000000000000 ) ) ;
#1113 = ORIENTED_EDGE ( 'NONE', *, *, #1205, .T. ) ;
#1114 = CARTESIAN_POINT ( 'NONE',  ( -12.99999999999999645, -21.50000000000000000, 1.500000000000000000 ) ) ;
#1115 = AXIS2_PLACEMENT_3D ( 'NONE', #169, #567, #759 ) ;
#1116 = VECTOR ( 'NONE', #2225, 1000.000000000000000 ) ;
#1117 = ORIENTED_EDGE ( 'NONE', *, *, #572, .F. ) ;
#1118 = CARTESIAN_POINT ( 'NONE',  ( -12.10000000000001208, 19.39999999999998437, 1.500000000000000000 ) ) ;
#1119 = CARTESIAN_POINT ( 'NONE',  ( 12.49999999999999822, 18.60000000000000142, -1.100000000000010747 ) ) ;
#1120 = ORIENTED_EDGE ( 'NONE', *, *, #1306, .F. ) ;
#1121 = DIRECTION ( 'NONE',  ( 0.7071067811865474617, -0.7071067811865474617, 0.000000000000000000 ) ) ;
#1122 = EDGE_CURVE ( 'NONE', #577, #920, #216, .T. ) ;
#1123 = DIRECTION ( 'NONE',  ( 0.000000000000000000, 0.000000000000000000, -1.000000000000000000 ) ) ;
#1124 = CARTESIAN_POINT ( 'NONE',  ( -13.00000000000000178, 21.50000000000000000, -1.499999999999999112 ) ) ;
#1125 = DIRECTION ( 'NONE',  ( 3.529725394193967475E-15, 0.7071067811865472397, 0.7071067811865479058 ) ) ;
#1126 = CARTESIAN_POINT ( 'NONE',  ( 11.74999999999999645, 21.50000000000000000, -1.249999999999999778 ) ) ;
#1127 = ORIENTED_EDGE ( 'NONE', *, *, #1286, .T. ) ;
#1128 = DIRECTION ( 'NONE',  ( -0.000000000000000000, -0.000000000000000000, 1.000000000000000000 ) ) ;
#1129 = CARTESIAN_POINT ( 'NONE',  ( 10.89999999999999503, 19.39999999999998437, -1.500000000000000000 ) ) ;
#1130 = ORIENTED_EDGE ( 'NONE', *, *, #729, .T. ) ;
#1131 = DIRECTION ( 'NONE',  ( 0.000000000000000000, 0.7071067811865505703, -0.7071067811865444641 ) ) ;
#1132 = ORIENTED_EDGE ( 'NONE', *, *, #2491, .T. ) ;
#1133 = EDGE_CURVE ( 'NONE', #821, #795, #194, .T. ) ;
#1134 = CARTESIAN_POINT ( 'NONE',  ( 0.000000000000000000, 19.39999999999998437, 1.500000000000000000 ) ) ;
#1135 = ADVANCED_FACE ( 'NONE', ( #205 ), #989, .F. ) ;
#1136 = CARTESIAN_POINT ( 'NONE',  ( -15.10000000000001386, 24.00000000000000000, -1.100000000000009415 ) ) ;
#1137 = AXIS2_PLACEMENT_3D ( 'NONE', #2080, #1865, #1903 ) ;
#1138 = ORIENTED_EDGE ( 'NONE', *, *, #2112, .F. ) ;
#1139 = PLANE ( 'NONE',  #2202 ) ;
#1140 = DIRECTION ( 'NONE',  ( -0.5773502691896273964, -0.5773502691896273964, 0.5773502691896224004 ) ) ;
#1141 = AXIS2_PLACEMENT_3D ( 'NONE', #805, #2123, #360 ) ;
#1142 = VERTEX_POINT ( 'NONE', #478 ) ;
#1143 = CARTESIAN_POINT ( 'NONE',  ( 11.75000000000000355, -21.50000000000000000, 1.250000000000000222 ) ) ;
#1144 = VERTEX_POINT ( 'NONE', #1450 ) ;
#1145 = CARTESIAN_POINT ( 'NONE',  ( 13.00000000000000355, -21.50000000000000000, -1.499999999999999112 ) ) ;
#1146 = FACE_OUTER_BOUND ( 'NONE', #721, .T. ) ;
#1147 = DIRECTION ( 'NONE',  ( 0.000000000000000000, 0.000000000000000000, 1.000000000000000000 ) ) ;
#1148 = ADVANCED_FACE ( 'NONE', ( #284 ), #988, .F. ) ;
#1149 = ORIENTED_EDGE ( 'NONE', *, *, #161, .F. ) ;
#1150 = VECTOR ( 'NONE', #487, 1000.000000000000000 ) ;
#1151 = CARTESIAN_POINT ( 'NONE',  ( 15.10000000000000853, -23.99999999999999645, 1.100000000000009415 ) ) ;
#1152 = VERTEX_POINT ( 'NONE', #1042 ) ;
#1153 = CARTESIAN_POINT ( 'NONE',  ( 10.50000000000000533, 23.60000000000000497, 1.100000000000009415 ) ) ;
#1154 = VERTEX_POINT ( 'NONE', #1604 ) ;
#1155 = VECTOR ( 'NONE', #1930, 1000.000000000000000 ) ;
#1156 = CARTESIAN_POINT ( 'NONE',  ( 15.10000000000000320, 24.00000000000000355, -1.100000000000009415 ) ) ;
#1157 = FACE_OUTER_BOUND ( 'NONE', #2195, .T. ) ;
#1158 = ORIENTED_EDGE ( 'NONE', *, *, #178, .F. ) ;
#1159 = ADVANCED_FACE ( 'NONE', ( #2019 ), #1228, .T. ) ;
#1160 = DIRECTION ( 'NONE',  ( 0.000000000000000000, -1.000000000000000000, 0.000000000000000000 ) ) ;
#1161 = EDGE_CURVE ( 'NONE', #529, #902, #910, .T. ) ;
#1162 = ORIENTED_EDGE ( 'NONE', *, *, #802, .F. ) ;
#1163 = EDGE_CURVE ( 'NONE', #2435, #2106, #1317, .T. ) ;
#1164 = DIRECTION ( 'NONE',  ( -0.000000000000000000, -0.000000000000000000, 1.000000000000000000 ) ) ;
#1165 = VECTOR ( 'NONE', #4, 1000.000000000000000 ) ;
#1166 = EDGE_LOOP ( 'NONE', ( #2502, #1725, #2203 ) ) ;
#1167 = FACE_OUTER_BOUND ( 'NONE', #2362, .T. ) ;
#1168 = FACE_OUTER_BOUND ( 'NONE', #1737, .T. ) ;
#1169 = EDGE_LOOP ( 'NONE', ( #395, #1969, #1441, #2055 ) ) ;
#1170 = PLANE ( 'NONE',  #1256 ) ;
#1171 = VECTOR ( 'NONE', #828, 999.9999999999998863 ) ;
#1172 = EDGE_LOOP ( 'NONE', ( #193, #579, #1627, #845 ) ) ;
#1173 = LINE ( 'NONE', #167, #1165 ) ;
#1174 = EDGE_CURVE ( 'NONE', #2510, #1598, #670, .T. ) ;
#1175 = EDGE_LOOP ( 'NONE', ( #1493, #556, #172, #1470 ) ) ;
#1176 = VECTOR ( 'NONE', #1718, 1000.000000000000000 ) ;
#1177 = LINE ( 'NONE', #976, #1070 ) ;
#1178 = CARTESIAN_POINT ( 'NONE',  ( -14.50000000000000000, 21.50000000000000000, -1.499999999999999112 ) ) ;
#1179 = DIRECTION ( 'NONE',  ( 0.7071067811865474617, -0.7071067811865474617, 0.000000000000000000 ) ) ;
#1180 = EDGE_LOOP ( 'NONE', ( #1648, #428, #1318, #730 ) ) ;
#1181 = CARTESIAN_POINT ( 'NONE',  ( 15.50000000000000000, -23.99999999999999645, 1.100000000000009415 ) ) ;
#1182 = ORIENTED_EDGE ( 'NONE', *, *, #596, .T. ) ;
#1183 = LINE ( 'NONE', #396, #1047 ) ;
#1184 = VECTOR ( 'NONE', #387, 1000.000000000000114 ) ;
#1185 = DIRECTION ( 'NONE',  ( 0.7071067811865474617, 0.7071067811865474617, 0.000000000000000000 ) ) ;
#1186 = AXIS2_PLACEMENT_3D ( 'NONE', #102, #931, #2501 ) ;
#1187 = ORIENTED_EDGE ( 'NONE', *, *, #1538, .F. ) ;
#1188 = ADVANCED_FACE ( 'NONE', ( #1260 ), #1014, .T. ) ;
#1189 = EDGE_CURVE ( 'NONE', #1142, #1242, #2378, .T. ) ;
#1190 = DIRECTION ( 'NONE',  ( -0.000000000000000000, -0.000000000000000000, 1.000000000000000000 ) ) ;
#1191 = CARTESIAN_POINT ( 'NONE',  ( 0.000000000000000000, 23.60000000000000853, 1.500000000000000000 ) ) ;
#1192 = LINE ( 'NONE', #732, #1564 ) ;
#1193 = ORIENTED_EDGE ( 'NONE', *, *, #1911, .T. ) ;
#1194 = PLANE ( 'NONE',  #1503 ) ;
#1195 = ORIENTED_EDGE ( 'NONE', *, *, #1809, .T. ) ;
#1196 = DIRECTION ( 'NONE',  ( 0.000000000000000000, 1.000000000000000000, 0.000000000000000000 ) ) ;
#1197 = LINE ( 'NONE', #2364, #342 ) ;
#1198 = ORIENTED_EDGE ( 'NONE', *, *, #113, .T. ) ;
#1199 = LINE ( 'NONE', #823, #127 ) ;
#1200 = EDGE_CURVE ( 'NONE', #2053, #2236, #1199, .T. ) ;
#1201 = PLANE ( 'NONE',  #1337 ) ;
#1202 = CONICAL_SURFACE ( 'NONE', #101, 1.249999999999999334, 0.7853981633974500554 ) ;
#1203 = CARTESIAN_POINT ( 'NONE',  ( -12.10000000000001208, -18.99999999999999645, -1.100000000000010747 ) ) ;
#1204 = ADVANCED_FACE ( 'NONE', ( #1409 ), #1645, .F. ) ;
#1205 = EDGE_CURVE ( 'NONE', #2053, #2084, #49, .T. ) ;
#1206 = ORIENTED_EDGE ( 'NONE', *, *, #1324, .F. ) ;
#1207 = DIRECTION ( 'NONE',  ( 1.000000000000000000, -2.420544385083917231E-16, 0.000000000000000000 ) ) ;
#1208 = ORIENTED_EDGE ( 'NONE', *, *, #1749, .T. ) ;
#1209 = DIRECTION ( 'NONE',  ( 0.7071067811865486830, -0.000000000000000000, -0.7071067811865464625 ) ) ;
#1210 = CIRCLE ( 'NONE', #1957, 1.499999999999999556 ) ;
#1211 = CARTESIAN_POINT ( 'NONE',  ( 10.50000000000000533, 23.60000000000000497, 1.100000000000009415 ) ) ;
#1212 = EDGE_LOOP ( 'NONE', ( #1572, #58, #521 ) ) ;
#1213 = FACE_OUTER_BOUND ( 'NONE', #650, .T. ) ;
#1214 = DIRECTION ( 'NONE',  ( -1.000000000000000000, 0.000000000000000000, 0.000000000000000000 ) ) ;
#1215 = COLOUR_RGB ( '',0.7921568627450980005, 0.8196078431372548767, 0.9333333333333333481 ) ;
#1216 = FACE_OUTER_BOUND ( 'NONE', #455, .T. ) ;
#1217 = DIRECTION ( 'NONE',  ( 0.000000000000000000, 0.000000000000000000, -1.000000000000000000 ) ) ;
#1218 = ORIENTED_EDGE ( 'NONE', *, *, #257, .T. ) ;
#1219 = PLANE ( 'NONE',  #1754 ) ;
#1220 = AXIS2_PLACEMENT_3D ( 'NONE', #464, #1628, #654 ) ;
#1221 = EDGE_CURVE ( 'NONE', #458, #821, #2402, .T. ) ;
#1222 = ADVANCED_FACE ( 'NONE', ( #423 ), #1399, .F. ) ;
#1223 = ORIENTED_EDGE ( 'NONE', *, *, #991, .T. ) ;
#1224 = LINE ( 'NONE', #1983, #2085 ) ;
#1225 = DIRECTION ( 'NONE',  ( -1.000000000000000000, 0.000000000000000000, 0.000000000000000000 ) ) ;
#1226 = ORIENTED_EDGE ( 'NONE', *, *, #61, .T. ) ;
#1227 = DIRECTION ( 'NONE',  ( -0.000000000000000000, -0.000000000000000000, 1.000000000000000000 ) ) ;
#1228 = PLANE ( 'NONE',  #1558 ) ;
#1229 = AXIS2_PLACEMENT_3D ( 'NONE', #848, #1988, #1803 ) ;
#1230 = DIRECTION ( 'NONE',  ( -0.5773502691896270633, 0.5773502691896252870, -0.5773502691896251759 ) ) ;
#1231 = CARTESIAN_POINT ( 'NONE',  ( -12.10000000000001208, -18.99999999999999645, 1.100000000000009415 ) ) ;
#1232 = VERTEX_POINT ( 'NONE', #2004 ) ;
#1233 = ORIENTED_EDGE ( 'NONE', *, *, #439, .T. ) ;
#1234 = VECTOR ( 'NONE', #745, 1000.000000000000000 ) ;
#1235 = FACE_OUTER_BOUND ( 'NONE', #1502, .T. ) ;
#1236 = EDGE_CURVE ( 'NONE', #292, #301, #335, .T. ) ;
#1237 = VERTEX_POINT ( 'NONE', #1423 ) ;
#1238 = DIRECTION ( 'NONE',  ( 0.5773502691896251759, -0.5773502691896252870, 0.5773502691896270633 ) ) ;
#1239 = VECTOR ( 'NONE', #421, 1000.000000000000000 ) ;
#1240 = CARTESIAN_POINT ( 'NONE',  ( -12.99999999999999645, -21.50000000000000000, 1.500000000000000000 ) ) ;
#1241 = EDGE_CURVE ( 'NONE', #2369, #1649, #451, .T. ) ;
#1242 = VERTEX_POINT ( 'NONE', #272 ) ;
#1243 = PLANE ( 'NONE',  #118 ) ;
#1244 = DIRECTION ( 'NONE',  ( 1.000000000000000000, 0.000000000000000000, 0.000000000000000000 ) ) ;
#1245 = FACE_OUTER_BOUND ( 'NONE', #1172, .T. ) ;
#1246 = CARTESIAN_POINT ( 'NONE',  ( 15.49999999999999467, 23.60000000000001208, 1.500000000000000000 ) ) ;
#1247 = ORIENTED_EDGE ( 'NONE', *, *, #1320, .F. ) ;
#1248 = ORIENTED_EDGE ( 'NONE', *, *, #94, .F. ) ;
#1249 = VECTOR ( 'NONE', #1500, 1000.000000000000114 ) ;
#1250 = FACE_OUTER_BOUND ( 'NONE', #3, .T. ) ;
#1251 = VECTOR ( 'NONE', #1411, 1000.000000000000000 ) ;
#1252 = ORIENTED_EDGE ( 'NONE', *, *, #112, .T. ) ;
#1253 = CARTESIAN_POINT ( 'NONE',  ( 10.89999999999999503, 19.39999999999998437, -1.499999999999999334 ) ) ;
#1254 = CARTESIAN_POINT ( 'NONE',  ( -10.50000000000000533, 23.60000000000000853, -1.500000000000000000 ) ) ;
#1255 = ORIENTED_EDGE ( 'NONE', *, *, #1937, .T. ) ;
#1256 = AXIS2_PLACEMENT_3D ( 'NONE', #2312, #1545, #1723 ) ;
#1257 = CARTESIAN_POINT ( 'NONE',  ( 10.89999999999999858, 23.60000000000000853, 1.500000000000000000 ) ) ;
#1258 = ADVANCED_FACE ( 'NONE', ( #244 ), #1817, .F. ) ;
#1259 = EDGE_CURVE ( 'NONE', #2353, #804, #2099, .T. ) ;
#1260 = FACE_OUTER_BOUND ( 'NONE', #2530, .T. ) ;
#1261 = FACE_BOUND ( 'NONE', #2179, .T. ) ;
#1262 = CARTESIAN_POINT ( 'NONE',  ( 0.000000000000000000, 0.000000000000000000, 1.500000000000000000 ) ) ;
#1263 = VECTOR ( 'NONE', #1196, 1000.000000000000000 ) ;
#1264 = VERTEX_POINT ( 'NONE', #2263 ) ;
#1265 = CARTESIAN_POINT ( 'NONE',  ( -11.75000000000000178, 21.50000000000000000, -1.249999999999999778 ) ) ;
#1266 = EDGE_LOOP ( 'NONE', ( #817, #741 ) ) ;
#1267 = CARTESIAN_POINT ( 'NONE',  ( 10.89999999999999680, 19.39999999999998437, 1.500000000000000000 ) ) ;
#1268 = DIRECTION ( 'NONE',  ( 1.000000000000000000, 0.000000000000000000, 0.000000000000000000 ) ) ;
#1269 = EDGE_LOOP ( 'NONE', ( #2279, #1837 ) ) ;
#1270 = FACE_OUTER_BOUND ( 'NONE', #2528, .T. ) ;
#1271 = LINE ( 'NONE', #1896, #747 ) ;
#1272 = EDGE_CURVE ( 'NONE', #856, #1152, #1466, .T. ) ;
#1273 = EDGE_CURVE ( 'NONE', #327, #2045, #889, .T. ) ;
#1274 = DIRECTION ( 'NONE',  ( -0.7071067811865463515, 0.000000000000000000, 0.7071067811865487940 ) ) ;
#1275 = CARTESIAN_POINT ( 'NONE',  ( 12.10000000000000853, 18.99999999999999289, 1.100000000000010747 ) ) ;
#1276 = EDGE_CURVE ( 'NONE', #1801, #529, #513, .T. ) ;
#1277 = VERTEX_POINT ( 'NONE', #1700 ) ;
#1278 = CARTESIAN_POINT ( 'NONE',  ( 12.49999999999999822, -18.99999999999999289, -46.98626166217662359 ) ) ;
#1279 = ORIENTED_EDGE ( 'NONE', *, *, #2492, .F. ) ;
#1280 = CARTESIAN_POINT ( 'NONE',  ( 15.10000000000000142, 23.60000000000001208, -1.500000000000000000 ) ) ;
#1281 = DIRECTION ( 'NONE',  ( 1.000000000000000000, 0.000000000000000000, 0.000000000000000000 ) ) ;
#1282 = ORIENTED_EDGE ( 'NONE', *, *, #712, .T. ) ;
#1283 = CARTESIAN_POINT ( 'NONE',  ( 10.50000000000000533, 24.00000000000000000, 1.500000000000000000 ) ) ;
#1284 = CARTESIAN_POINT ( 'NONE',  ( 10.89999999999999147, -2.638393379741467845E-15, 1.500000000000000000 ) ) ;
#1285 = LINE ( 'NONE', #2446, #41 ) ;
#1286 = EDGE_CURVE ( 'NONE', #1902, #1690, #2252, .T. ) ;
#1287 = DIRECTION ( 'NONE',  ( -0.5773502691896257311, 0.5773502691896239547, 0.5773502691896276184 ) ) ;
#1288 = ORIENTED_EDGE ( 'NONE', *, *, #646, .T. ) ;
#1289 = DIRECTION ( 'NONE',  ( 0.000000000000000000, 0.000000000000000000, -1.000000000000000000 ) ) ;
#1290 = EDGE_CURVE ( 'NONE', #2452, #506, #1714, .T. ) ;
#1291 = ORIENTED_EDGE ( 'NONE', *, *, #1057, .T. ) ;
#1292 = DIRECTION ( 'NONE',  ( 0.7071067811865479058, 0.7071067811865471286, 0.000000000000000000 ) ) ;
#1293 = DIRECTION ( 'NONE',  ( -1.000000000000000000, 0.000000000000000000, 0.000000000000000000 ) ) ;
#1294 = ORIENTED_EDGE ( 'NONE', *, *, #1668, .T. ) ;
#1295 = DIRECTION ( 'NONE',  ( 1.000000000000000000, 0.000000000000000000, 0.000000000000000000 ) ) ;
#1296 = CARTESIAN_POINT ( 'NONE',  ( -11.75000000000000178, 21.50000000000000000, 1.500000000000000000 ) ) ;
#1297 = VERTEX_POINT ( 'NONE', #2073 ) ;
#1298 = AXIS2_PLACEMENT_3D ( 'NONE', #1695, #97, #344 ) ;
#1299 = FACE_OUTER_BOUND ( 'NONE', #1607, .T. ) ;
#1300 = ORIENTED_EDGE ( 'NONE', *, *, #1002, .F. ) ;
#1301 = FACE_OUTER_BOUND ( 'NONE', #777, .T. ) ;
#1302 = ORIENTED_EDGE ( 'NONE', *, *, #1072, .T. ) ;
#1303 = VECTOR ( 'NONE', #1555, 1000.000000000000000 ) ;
#1304 = EDGE_CURVE ( 'NONE', #449, #1835, #1316, .T. ) ;
#1305 = CARTESIAN_POINT ( 'NONE',  ( 12.49999999999999822, -18.60000000000000142, -1.100000000000010747 ) ) ;
#1306 = EDGE_CURVE ( 'NONE', #2301, #177, #1688, .T. ) ;
#1307 = CARTESIAN_POINT ( 'NONE',  ( -13.00000000000000178, 21.50000000000000000, -1.499999999999999112 ) ) ;
#1308 = EDGE_LOOP ( 'NONE', ( #1282, #1496, #2465, #1079 ) ) ;
#1309 = LINE ( 'NONE', #139, #1353 ) ;
#1310 = DIRECTION ( 'NONE',  ( 1.000000000000000000, 0.000000000000000000, 0.000000000000000000 ) ) ;
#1311 = ORIENTED_EDGE ( 'NONE', *, *, #383, .T. ) ;
#1312 = DIRECTION ( 'NONE',  ( -0.000000000000000000, 0.000000000000000000, 1.000000000000000000 ) ) ;
#1313 = CARTESIAN_POINT ( 'NONE',  ( 15.50000000000000000, -23.60000000000000497, 1.100000000000009415 ) ) ;
#1314 = VECTOR ( 'NONE', #1764, 1000.000000000000000 ) ;
#1315 = LINE ( 'NONE', #1357, #1303 ) ;
#1316 = CIRCLE ( 'NONE', #86, 1.249999999999999334 ) ;
#1317 = CIRCLE ( 'NONE', #1229, 1.499999999999999556 ) ;
#1318 = ORIENTED_EDGE ( 'NONE', *, *, #1024, .T. ) ;
#1319 = FACE_OUTER_BOUND ( 'NONE', #648, .T. ) ;
#1320 = EDGE_CURVE ( 'NONE', #2114, #2045, #877, .T. ) ;
#1321 = CARTESIAN_POINT ( 'NONE',  ( 12.10000000000000853, 18.99999999999999289, -1.100000000000010747 ) ) ;
#1322 = ORIENTED_EDGE ( 'NONE', *, *, #1686, .T. ) ;
#1323 = CARTESIAN_POINT ( 'NONE',  ( -12.50000000000000178, -18.99999999999999289, 1.100000000000010747 ) ) ;
#1324 = EDGE_CURVE ( 'NONE', #2452, #1887, #1271, .T. ) ;
#1325 = LINE ( 'NONE', #1562, #1643 ) ;
#1326 = ORIENTED_EDGE ( 'NONE', *, *, #815, .T. ) ;
#1327 = DIRECTION ( 'NONE',  ( 1.000000000000000000, 0.000000000000000000, 0.000000000000000000 ) ) ;
#1328 = FACE_OUTER_BOUND ( 'NONE', #595, .T. ) ;
#1329 =( NAMED_UNIT ( * ) SI_UNIT ( $, .STERADIAN. ) SOLID_ANGLE_UNIT ( ) );
#1330 = VERTEX_POINT ( 'NONE', #129 ) ;
#1331 = LINE ( 'NONE', #2155, #892 ) ;
#1332 = UNCERTAINTY_MEASURE_WITH_UNIT (LENGTH_MEASURE( 1.000000000000000082E-05 ), #1731, 'distance_accuracy_value', 'NONE');
#1333 = DIRECTION ( 'NONE',  ( 0.7071067811865475727, 0.000000000000000000, 0.7071067811865475727 ) ) ;
#1334 = VERTEX_POINT ( 'NONE', #1068 ) ;
#1335 = VECTOR ( 'NONE', #1519, 999.9999999999998863 ) ;
#1336 = DIRECTION ( 'NONE',  ( 0.000000000000000000, 0.000000000000000000, 1.000000000000000000 ) ) ;
#1337 = AXIS2_PLACEMENT_3D ( 'NONE', #1967, #992, #245 ) ;
#1338 = PLANE ( 'NONE',  #1115 ) ;
#1339 = ORIENTED_EDGE ( 'NONE', *, *, #1286, .F. ) ;
#1340 = ADVANCED_FACE ( 'NONE', ( #2061 ), #1501, .F. ) ;
#1341 = EDGE_CURVE ( 'NONE', #2106, #2435, #415, .T. ) ;
#1342 = CARTESIAN_POINT ( 'NONE',  ( -10.70000000000000284, 19.39999999999998437, -1.300000000000007150 ) ) ;
#1343 = AXIS2_PLACEMENT_3D ( 'NONE', #958, #340, #146 ) ;
#1344 = CARTESIAN_POINT ( 'NONE',  ( -12.50000000000000178, -18.60000000000000497, -1.100000000000010747 ) ) ;
#1345 = CIRCLE ( 'NONE', #1463, 1.249999999999999334 ) ;
#1346 = VERTEX_POINT ( 'NONE', #2278 ) ;
#1347 = CARTESIAN_POINT ( 'NONE',  ( 10.89999999999999147, -2.638393379741467845E-15, 1.500000000000000000 ) ) ;
#1348 = VECTOR ( 'NONE', #1650, 1000.000000000000000 ) ;
#1349 = VECTOR ( 'NONE', #1336, 1000.000000000000000 ) ;
#1350 = ORIENTED_EDGE ( 'NONE', *, *, #1430, .T. ) ;
#1351 = CARTESIAN_POINT ( 'NONE',  ( -11.74999999999999645, -21.50000000000000000, -1.249999999999999778 ) ) ;
#1352 = ORIENTED_EDGE ( 'NONE', *, *, #2460, .T. ) ;
#1353 = VECTOR ( 'NONE', #1713, 1000.000000000000114 ) ;
#1354 = LINE ( 'NONE', #2138, #616 ) ;
#1355 = EDGE_CURVE ( 'NONE', #1074, #2467, #1658, .T. ) ;
#1356 = DIRECTION ( 'NONE',  ( -0.000000000000000000, -0.7071067811865474617, 0.7071067811865474617 ) ) ;
#1357 = CARTESIAN_POINT ( 'NONE',  ( -12.89999999999999325, -18.60000000000000497, -1.500000000000000000 ) ) ;
#1358 = EDGE_CURVE ( 'NONE', #1389, #920, #699, .T. ) ;
#1359 = EDGE_LOOP ( 'NONE', ( #2135, #163, #760, #1162 ) ) ;
#1360 = LINE ( 'NONE', #1757, #192 ) ;
#1361 = ORIENTED_EDGE ( 'NONE', *, *, #1777, .F. ) ;
#1362 = CARTESIAN_POINT ( 'NONE',  ( -13.00000000000000178, 21.50000000000000000, 1.250000000000000222 ) ) ;
#1363 = AXIS2_PLACEMENT_3D ( 'NONE', #1840, #706, #1891 ) ;
#1364 = AXIS2_PLACEMENT_3D ( 'NONE', #503, #1230, #1274 ) ;
#1365 = ORIENTED_EDGE ( 'NONE', *, *, #1687, .T. ) ;
#1366 = CARTESIAN_POINT ( 'NONE',  ( 12.10000000000001030, 18.99999999999999289, 1.100000000000010747 ) ) ;
#1367 = CYLINDRICAL_SURFACE ( 'NONE', #766, 1.249999999999999334 ) ;
#1368 = CARTESIAN_POINT ( 'NONE',  ( 11.74999999999999645, 21.50000000000000000, 1.250000000000000222 ) ) ;
#1369 = ORIENTED_EDGE ( 'NONE', *, *, #2096, .T. ) ;
#1370 = CARTESIAN_POINT ( 'NONE',  ( 12.49999999999999822, -18.60000000000000142, 1.500000000000000000 ) ) ;
#1371 = ADVANCED_FACE ( 'NONE', ( #337 ), #2306, .F. ) ;
#1372 = ORIENTED_EDGE ( 'NONE', *, *, #2029, .T. ) ;
#1373 = LINE ( 'NONE', #179, #1950 ) ;
#1374 = AXIS2_PLACEMENT_3D ( 'NONE', #1283, #1894, #1671 ) ;
#1375 = VERTEX_POINT ( 'NONE', #1476 ) ;
#1376 = CARTESIAN_POINT ( 'NONE',  ( 2.641256389229204116E-15, -23.60000000000000853, 1.500000000000000000 ) ) ;
#1377 = CARTESIAN_POINT ( 'NONE',  ( -12.10000000000001386, -18.99999999999999645, 1.100000000000009415 ) ) ;
#1378 = PLANE ( 'NONE',  #2350 ) ;
#1379 = ORIENTED_EDGE ( 'NONE', *, *, #871, .T. ) ;
#1380 = DIRECTION ( 'NONE',  ( 0.7071067811865482389, 0.000000000000000000, 0.7071067811865469066 ) ) ;
#1381 = ADVANCED_FACE ( 'NONE', ( #1081 ), #1073, .F. ) ;
#1382 = EDGE_LOOP ( 'NONE', ( #1046, #789, #2377, #122 ) ) ;
#1383 = DIRECTION ( 'NONE',  ( 1.084202172485504434E-16, -1.000000000000000000, 0.000000000000000000 ) ) ;
#1384 = DIRECTION ( 'NONE',  ( 1.210272192541958616E-16, -1.000000000000000000, 0.000000000000000000 ) ) ;
#1385 = ORIENTED_EDGE ( 'NONE', *, *, #1619, .T. ) ;
#1386 = DIRECTION ( 'NONE',  ( 1.084202172485504434E-16, -1.000000000000000000, 0.000000000000000000 ) ) ;
#1387 = DIRECTION ( 'NONE',  ( 0.000000000000000000, 0.000000000000000000, -1.000000000000000000 ) ) ;
#1388 = CARTESIAN_POINT ( 'NONE',  ( -12.50000000000000178, 18.60000000000000142, 1.100000000000010747 ) ) ;
#1389 = VERTEX_POINT ( 'NONE', #502 ) ;
#1390 = PLANE ( 'NONE',  #1884 ) ;
#1391 = VECTOR ( 'NONE', #1078, 1000.000000000000000 ) ;
#1392 = ORIENTED_EDGE ( 'NONE', *, *, #554, .F. ) ;
#1393 = LINE ( 'NONE', #1825, #1927 ) ;
#1394 = VECTOR ( 'NONE', #144, 1000.000000000000000 ) ;
#1395 = EDGE_CURVE ( 'NONE', #1509, #2125, #543, .T. ) ;
#1396 = DIRECTION ( 'NONE',  ( 0.000000000000000000, 0.000000000000000000, 1.000000000000000000 ) ) ;
#1397 = EDGE_LOOP ( 'NONE', ( #1006, #533 ) ) ;
#1398 = EDGE_CURVE ( 'NONE', #210, #2168, #1325, .T. ) ;
#1399 = PLANE ( 'NONE',  #1438 ) ;
#1400 = DIRECTION ( 'NONE',  ( 0.7071067811865467956, -4.615110447320539354E-15, 0.7071067811865483499 ) ) ;
#1401 = FACE_BOUND ( 'NONE', #200, .T. ) ;
#1402 = ORIENTED_EDGE ( 'NONE', *, *, #1358, .F. ) ;
#1403 = CARTESIAN_POINT ( 'NONE',  ( -12.89999999999999325, 18.60000000000000142, 1.500000000000000000 ) ) ;
#1404 = ORIENTED_EDGE ( 'NONE', *, *, #440, .F. ) ;
#1405 = DIRECTION ( 'NONE',  ( -0.7071067811865487940, 0.000000000000000000, -0.7071067811865463515 ) ) ;
#1406 = DIRECTION ( 'NONE',  ( 0.7071067811865475727, -0.7071067811865475727, 0.000000000000000000 ) ) ;
#1407 = ORIENTED_EDGE ( 'NONE', *, *, #1133, .T. ) ;
#1408 = CARTESIAN_POINT ( 'NONE',  ( -14.24999999999999467, -21.50000000000000000, -1.249999999999999778 ) ) ;
#1409 = FACE_OUTER_BOUND ( 'NONE', #2011, .T. ) ;
#1410 = ADVANCED_FACE ( 'NONE', ( #555 ), #1338, .F. ) ;
#1411 = DIRECTION ( 'NONE',  ( -3.529725394193967475E-15, -0.7071067811865472397, 0.7071067811865479058 ) ) ;
#1412 = VECTOR ( 'NONE', #1217, 1000.000000000000000 ) ;
#1413 = CARTESIAN_POINT ( 'NONE',  ( 10.50000000000000533, 23.60000000000000497, -1.100000000000009415 ) ) ;
#1414 = ORIENTED_EDGE ( 'NONE', *, *, #951, .F. ) ;
#1415 = FACE_OUTER_BOUND ( 'NONE', #2545, .T. ) ;
#1416 = ORIENTED_EDGE ( 'NONE', *, *, #176, .F. ) ;
#1417 = VECTOR ( 'NONE', #739, 1000.000000000000000 ) ;
#1418 = CARTESIAN_POINT ( 'NONE',  ( -15.10000000000001386, 24.00000000000000000, 1.500000000000000000 ) ) ;
#1419 = VECTOR ( 'NONE', #211, 1000.000000000000000 ) ;
#1420 = LINE ( 'NONE', #1774, #2229 ) ;
#1421 = ORIENTED_EDGE ( 'NONE', *, *, #2185, .F. ) ;
#1422 = CARTESIAN_POINT ( 'NONE',  ( 15.50000000000000000, -23.99999999999999645, 1.500000000000000000 ) ) ;
#1423 = CARTESIAN_POINT ( 'NONE',  ( -14.49999999999999467, -21.50000000000000000, 1.500000000000000000 ) ) ;
#1424 = LINE ( 'NONE', #1819, #682 ) ;
#1425 = EDGE_CURVE ( 'NONE', #547, #1680, #1750, .T. ) ;
#1426 = DIRECTION ( 'NONE',  ( 0.000000000000000000, 0.000000000000000000, -1.000000000000000000 ) ) ;
#1427 = ORIENTED_EDGE ( 'NONE', *, *, #2360, .T. ) ;
#1428 = CARTESIAN_POINT ( 'NONE',  ( 11.75000000000000355, -21.50000000000000000, -1.249999999999999778 ) ) ;
#1429 = AXIS2_PLACEMENT_3D ( 'NONE', #270, #1053, #2431 ) ;
#1430 = EDGE_CURVE ( 'NONE', #514, #1958, #2237, .T. ) ;
#1431 = EDGE_LOOP ( 'NONE', ( #2075, #1602, #419, #607 ) ) ;
#1432 = DIRECTION ( 'NONE',  ( -0.7071067811865474617, 0.7071067811865474617, -0.000000000000000000 ) ) ;
#1433 = FACE_OUTER_BOUND ( 'NONE', #633, .T. ) ;
#1434 = ORIENTED_EDGE ( 'NONE', *, *, #599, .T. ) ;
#1435 = LINE ( 'NONE', #834, #776 ) ;
#1436 = VECTOR ( 'NONE', #180, 1000.000000000000114 ) ;
#1437 = DIRECTION ( 'NONE',  ( 0.000000000000000000, -0.7071067811865474617, 0.7071067811865474617 ) ) ;
#1438 = AXIS2_PLACEMENT_3D ( 'NONE', #642, #21, #2432 ) ;
#1439 = DIRECTION ( 'NONE',  ( 0.7071067811865463515, 0.000000000000000000, -0.7071067811865486830 ) ) ;
#1440 = FACE_OUTER_BOUND ( 'NONE', #677, .T. ) ;
#1441 = ORIENTED_EDGE ( 'NONE', *, *, #961, .F. ) ;
#1442 = DIRECTION ( 'NONE',  ( 1.000000000000000000, 0.000000000000000000, 0.000000000000000000 ) ) ;
#1443 = ORIENTED_EDGE ( 'NONE', *, *, #2159, .T. ) ;
#1444 = CARTESIAN_POINT ( 'NONE',  ( -14.49999999999999467, -21.50000000000000000, 1.500000000000000000 ) ) ;
#1445 = ADVANCED_FACE ( 'NONE', ( #73 ), #2196, .T. ) ;
#1446 = CIRCLE ( 'NONE', #587, 1.499999999999999556 ) ;
#1447 = DIRECTION ( 'NONE',  ( 0.7071067811865474617, -0.7071067811865474617, 0.000000000000000000 ) ) ;
#1448 = EDGE_LOOP ( 'NONE', ( #1821, #1948, #227 ) ) ;
#1449 = CARTESIAN_POINT ( 'NONE',  ( -15.10000000000001030, -23.60000000000001208, -1.500000000000000000 ) ) ;
#1450 = CARTESIAN_POINT ( 'NONE',  ( 12.10000000000000853, -19.39999999999998792, 1.500000000000000000 ) ) ;
#1451 = CARTESIAN_POINT ( 'NONE',  ( -10.89999999999999858, 18.99999999999999289, -46.98626166217662359 ) ) ;
#1452 = DIRECTION ( 'NONE',  ( 0.000000000000000000, 0.000000000000000000, -1.000000000000000000 ) ) ;
#1453 = AXIS2_PLACEMENT_3D ( 'NONE', #2074, #688, #1883 ) ;
#1454 = ORIENTED_EDGE ( 'NONE', *, *, #729, .F. ) ;
#1455 = ORIENTED_EDGE ( 'NONE', *, *, #2112, .T. ) ;
#1456 = PLANE ( 'NONE',  #1546 ) ;
#1457 = EDGE_LOOP ( 'NONE', ( #1544, #1226, #944, #2526 ) ) ;
#1458 = DIRECTION ( 'NONE',  ( 1.000000000000000000, 1.652117596168387756E-16, 0.000000000000000000 ) ) ;
#1459 = EDGE_CURVE ( 'NONE', #1154, #177, #33, .T. ) ;
#1460 = DIRECTION ( 'NONE',  ( 0.7071067811865475727, 0.7071067811865475727, 0.000000000000000000 ) ) ;
#1461 = ADVANCED_FACE ( 'NONE', ( #860 ), #846, .F. ) ;
#1462 = EDGE_LOOP ( 'NONE', ( #1481, #212, #371 ) ) ;
#1463 = AXIS2_PLACEMENT_3D ( 'NONE', #2453, #1889, #2483 ) ;
#1464 = DIRECTION ( 'NONE',  ( -0.7071067811865475727, -0.7071067811865475727, -0.000000000000000000 ) ) ;
#1465 = CIRCLE ( 'NONE', #2127, 1.499999999999999556 ) ;
#1466 = LINE ( 'NONE', #906, #1770 ) ;
#1467 = FACE_OUTER_BOUND ( 'NONE', #1853, .T. ) ;
#1468 = DIRECTION ( 'NONE',  ( 0.7071067811865483499, 4.642866022936174579E-15, 0.7071067811865467956 ) ) ;
#1469 = ORIENTED_EDGE ( 'NONE', *, *, #1475, .T. ) ;
#1470 = ORIENTED_EDGE ( 'NONE', *, *, #2547, .F. ) ;
#1471 = DIRECTION ( 'NONE',  ( 1.084202172485504434E-16, -1.000000000000000000, 0.000000000000000000 ) ) ;
#1472 = CARTESIAN_POINT ( 'NONE',  ( 15.29999999999999893, 23.60000000000001208, 1.300000000000004263 ) ) ;
#1473 = ORIENTED_EDGE ( 'NONE', *, *, #713, .F. ) ;
#1474 = LINE ( 'NONE', #748, #930 ) ;
#1475 = EDGE_CURVE ( 'NONE', #2452, #1264, #2005, .T. ) ;
#1476 = CARTESIAN_POINT ( 'NONE',  ( -15.10000000000000853, -24.00000000000000000, -1.100000000000009415 ) ) ;
#1477 = VECTOR ( 'NONE', #31, 1000.000000000000114 ) ;
#1478 = DIRECTION ( 'NONE',  ( 0.000000000000000000, 1.000000000000000000, 0.000000000000000000 ) ) ;
#1479 = EDGE_CURVE ( 'NONE', #638, #1801, #1761, .T. ) ;
#1480 = CARTESIAN_POINT ( 'NONE',  ( -15.10000000000001386, 24.00000000000000000, -1.100000000000009415 ) ) ;
#1481 = ORIENTED_EDGE ( 'NONE', *, *, #46, .T. ) ;
#1482 = AXIS2_PLACEMENT_3D ( 'NONE', #1262, #1426, #274 ) ;
#1483 = VERTEX_POINT ( 'NONE', #1408 ) ;
#1484 = DIRECTION ( 'NONE',  ( 0.000000000000000000, -0.7071067811865474617, -0.7071067811865474617 ) ) ;
#1485 = CARTESIAN_POINT ( 'NONE',  ( 12.10000000000000853, -18.99999999999999289, -1.100000000000009415 ) ) ;
#1486 = ORIENTED_EDGE ( 'NONE', *, *, #1133, .F. ) ;
#1487 = FACE_OUTER_BOUND ( 'NONE', #2449, .T. ) ;
#1488 = ADVANCED_BREP_SHAPE_REPRESENTATION ( 'Mounting_Bracket', ( #2422, #1102 ), #897 ) ;
#1489 = DIRECTION ( 'NONE',  ( 0.7071067811865487940, 8.659560562354948882E-17, -0.7071067811865463515 ) ) ;
#1490 = CARTESIAN_POINT ( 'NONE',  ( 12.10000000000000853, -18.99999999999999289, 1.100000000000009415 ) ) ;
#1491 = EDGE_CURVE ( 'NONE', #1101, #2499, #1888, .T. ) ;
#1492 = ADVANCED_FACE ( 'NONE', ( #1213 ), #1243, .F. ) ;
#1493 = ORIENTED_EDGE ( 'NONE', *, *, #1951, .T. ) ;
#1494 = CARTESIAN_POINT ( 'NONE',  ( 13.00000000000000355, -21.50000000000000000, 1.500000000000000000 ) ) ;
#1495 = CIRCLE ( 'NONE', #236, 1.249999999999999334 ) ;
#1496 = ORIENTED_EDGE ( 'NONE', *, *, #2373, .T. ) ;
#1497 = DIRECTION ( 'NONE',  ( 0.7071067811865474617, -0.7071067811865474617, -0.000000000000000000 ) ) ;
#1498 = LINE ( 'NONE', #667, #1391 ) ;
#1499 = EDGE_LOOP ( 'NONE', ( #1824, #964, #1994, #781 ) ) ;
#1500 = DIRECTION ( 'NONE',  ( -0.7071067811865474617, 0.7071067811865474617, 0.000000000000000000 ) ) ;
#1501 = PLANE ( 'NONE',  #207 ) ;
#1502 = EDGE_LOOP ( 'NONE', ( #276, #516, #755 ) ) ;
#1503 = AXIS2_PLACEMENT_3D ( 'NONE', #1836, #1807, #1823 ) ;
#1504 = DIRECTION ( 'NONE',  ( -2.420544385083917231E-16, -1.000000000000000000, 0.000000000000000000 ) ) ;
#1505 = DIRECTION ( 'NONE',  ( 1.000000000000000000, 0.000000000000000000, 0.000000000000000000 ) ) ;
#1506 = LINE ( 'NONE', #1075, #197 ) ;
#1507 = ADVANCED_FACE ( 'NONE', ( #1815 ), #2443, .F. ) ;
#1508 = PRESENTATION_LAYER_ASSIGNMENT (  '', '', ( #1960 ) ) ;
#1509 = VERTEX_POINT ( 'NONE', #1257 ) ;
#1510 = PRODUCT_DEFINITION_FORMATION_WITH_SPECIFIED_SOURCE ( 'ANY', '', #546, .NOT_KNOWN. ) ;
#1511 = LINE ( 'NONE', #305, #2124 ) ;
#1512 = ADVANCED_FACE ( 'NONE', ( #1027 ), #639, .F. ) ;
#1513 = FACE_OUTER_BOUND ( 'NONE', #1462, .T. ) ;
#1514 = ORIENTED_EDGE ( 'NONE', *, *, #1940, .F. ) ;
#1515 = DIRECTION ( 'NONE',  ( -0.000000000000000000, -0.000000000000000000, 1.000000000000000000 ) ) ;
#1516 = DIRECTION ( 'NONE',  ( -1.000000000000000000, 0.000000000000000000, 0.000000000000000000 ) ) ;
#1517 = ORIENTED_EDGE ( 'NONE', *, *, #299, .F. ) ;
#1518 = VECTOR ( 'NONE', #1447, 1000.000000000000114 ) ;
#1519 = DIRECTION ( 'NONE',  ( -0.7071067811865482389, 8.659560562354941486E-17, 0.7071067811865469066 ) ) ;
#1520 = PLANE ( 'NONE',  #2498 ) ;
#1521 = AXIS2_PLACEMENT_3D ( 'NONE', #2174, #2162, #1386 ) ;
#1522 = DIRECTION ( 'NONE',  ( 1.000000000000000000, 0.000000000000000000, 0.000000000000000000 ) ) ;
#1523 = ORIENTED_EDGE ( 'NONE', *, *, #2065, .T. ) ;
#1524 = FACE_OUTER_BOUND ( 'NONE', #1848, .T. ) ;
#1525 = CARTESIAN_POINT ( 'NONE',  ( 12.49999999999999822, -18.60000000000000142, -1.100000000000010747 ) ) ;
#1526 = EDGE_CURVE ( 'NONE', #547, #2114, #1435, .T. ) ;
#1527 = ORIENTED_EDGE ( 'NONE', *, *, #1341, .F. ) ;
#1528 = CARTESIAN_POINT ( 'NONE',  ( 12.99999999999999645, 21.50000000000000000, 1.500000000000000000 ) ) ;
#1529 = VERTEX_POINT ( 'NONE', #1013 ) ;
#1530 = CARTESIAN_POINT ( 'NONE',  ( 14.24999999999999467, 21.50000000000000000, 1.250000000000000222 ) ) ;
#1531 = CARTESIAN_POINT ( 'NONE',  ( 12.89999999999998970, -18.60000000000000142, 1.500000000000000000 ) ) ;
#1532 = CARTESIAN_POINT ( 'NONE',  ( 12.89999999999998970, 18.60000000000000142, 1.500000000000000000 ) ) ;
#1533 = VERTEX_POINT ( 'NONE', #1614 ) ;
#1534 = PLANE ( 'NONE',  #66 ) ;
#1535 = EDGE_LOOP ( 'NONE', ( #2347, #1022, #495 ) ) ;
#1536 = VECTOR ( 'NONE', #37, 1000.000000000000000 ) ;
#1537 = CARTESIAN_POINT ( 'NONE',  ( 10.89999999999999680, 24.00000000000000000, -1.500000000000000000 ) ) ;
#1538 = EDGE_CURVE ( 'NONE', #1722, #2524, #2211, .T. ) ;
#1539 = EDGE_CURVE ( 'NONE', #138, #2158, #447, .T. ) ;
#1540 = ORIENTED_EDGE ( 'NONE', *, *, #2064, .T. ) ;
#1541 = DIRECTION ( 'NONE',  ( -0.7071067811865470176, 1.711583348855858414E-16, -0.7071067811865480168 ) ) ;
#1542 = AXIS2_PLACEMENT_3D ( 'NONE', #2143, #382, #968 ) ;
#1543 = DIRECTION ( 'NONE',  ( -0.7071067811865486830, 0.000000000000000000, -0.7071067811865463515 ) ) ;
#1544 = ORIENTED_EDGE ( 'NONE', *, *, #2438, .T. ) ;
#1545 = DIRECTION ( 'NONE',  ( 1.652117596168387756E-16, -1.000000000000000000, 0.000000000000000000 ) ) ;
#1546 = AXIS2_PLACEMENT_3D ( 'NONE', #1278, #1874, #1289 ) ;
#1547 = ORIENTED_EDGE ( 'NONE', *, *, #439, .F. ) ;
#1548 = CARTESIAN_POINT ( 'NONE',  ( -12.89999999999999325, 0.000000000000000000, 1.500000000000000000 ) ) ;
#1549 = ORIENTED_EDGE ( 'NONE', *, *, #572, .T. ) ;
#1550 = ADVANCED_FACE ( 'NONE', ( #2046 ), #1041, .T. ) ;
#1551 = AXIS2_PLACEMENT_3D ( 'NONE', #89, #2248, #228 ) ;
#1552 = CARTESIAN_POINT ( 'NONE',  ( 12.10000000000000853, -18.99999999999999289, 1.100000000000009415 ) ) ;
#1553 = EDGE_CURVE ( 'NONE', #2311, #1297, #904, .T. ) ;
#1554 = DIRECTION ( 'NONE',  ( 0.7071067811865444641, 0.7071067811865505703, -2.775557561562891351E-17 ) ) ;
#1555 = DIRECTION ( 'NONE',  ( -0.7071067811865486830, -0.000000000000000000, -0.7071067811865464625 ) ) ;
#1556 = EDGE_LOOP ( 'NONE', ( #1311, #2436, #52, #2536 ) ) ;
#1557 = CARTESIAN_POINT ( 'NONE',  ( -12.10000000000001208, 18.99999999999999289, -1.100000000000010747 ) ) ;
#1558 = AXIS2_PLACEMENT_3D ( 'NONE', #74, #655, #2392 ) ;
#1559 = VERTEX_POINT ( 'NONE', #1449 ) ;
#1560 = DIRECTION ( 'NONE',  ( -0.5773502691896281735, 0.5773502691896232886, 0.5773502691896258421 ) ) ;
#1561 = VECTOR ( 'NONE', #1571, 1000.000000000000000 ) ;
#1562 = CARTESIAN_POINT ( 'NONE',  ( 15.50000000000000000, -23.60000000000000497, 1.100000000000009415 ) ) ;
#1563 = ORIENTED_EDGE ( 'NONE', *, *, #44, .F. ) ;
#1564 = VECTOR ( 'NONE', #2108, 1000.000000000000114 ) ;
#1565 = CARTESIAN_POINT ( 'NONE',  ( 12.89999999999998970, -18.60000000000000142, 1.500000000000000000 ) ) ;
#1566 = DIRECTION ( 'NONE',  ( -0.000000000000000000, -0.7071067811865475727, -0.7071067811865475727 ) ) ;
#1567 = DIRECTION ( 'NONE',  ( -1.000000000000000000, 0.000000000000000000, 0.000000000000000000 ) ) ;
#1568 = AXIS2_PLACEMENT_3D ( 'NONE', #2399, #1590, #448 ) ;
#1569 = ADVANCED_FACE ( 'NONE', ( #283 ), #979, .F. ) ;
#1570 = EDGE_CURVE ( 'NONE', #2038, #842, #1868, .T. ) ;
#1571 = DIRECTION ( 'NONE',  ( 0.000000000000000000, 0.000000000000000000, -1.000000000000000000 ) ) ;
#1572 = ORIENTED_EDGE ( 'NONE', *, *, #698, .F. ) ;
#1573 = CARTESIAN_POINT ( 'NONE',  ( -15.50000000000000533, 23.60000000000000853, 1.500000000000000000 ) ) ;
#1574 = ORIENTED_EDGE ( 'NONE', *, *, #864, .F. ) ;
#1575 = CARTESIAN_POINT ( 'NONE',  ( 14.25000000000000178, -21.50000000000000000, -1.249999999999999778 ) ) ;
#1576 = CARTESIAN_POINT ( 'NONE',  ( 15.10000000000000320, 24.00000000000000355, 1.500000000000000000 ) ) ;
#1577 = VECTOR ( 'NONE', #126, 1000.000000000000000 ) ;
#1578 = ORIENTED_EDGE ( 'NONE', *, *, #1912, .F. ) ;
#1579 = VECTOR ( 'NONE', #1000, 1000.000000000000000 ) ;
#1580 = LINE ( 'NONE', #2332, #2304 ) ;
#1581 = CARTESIAN_POINT ( 'NONE',  ( 14.24999999999999467, 21.50000000000000000, -1.249999999999999778 ) ) ;
#1582 = CARTESIAN_POINT ( 'NONE',  ( 13.00000000000000355, -21.50000000000000000, 1.500000000000000000 ) ) ;
#1583 = VECTOR ( 'NONE', #248, 1000.000000000000000 ) ;
#1584 = ORIENTED_EDGE ( 'NONE', *, *, #94, .T. ) ;
#1585 = ADVANCED_FACE ( 'NONE', ( #347 ), #1920, .T. ) ;
#1586 = DIRECTION ( 'NONE',  ( -1.000000000000000000, -1.652117596168387756E-16, 0.000000000000000000 ) ) ;
#1587 = EDGE_LOOP ( 'NONE', ( #1149, #2543, #359, #174 ) ) ;
#1588 = EDGE_CURVE ( 'NONE', #539, #880, #1309, .T. ) ;
#1589 = LINE ( 'NONE', #963, #2157 ) ;
#1590 = DIRECTION ( 'NONE',  ( 0.000000000000000000, 0.000000000000000000, -1.000000000000000000 ) ) ;
#1591 = AXIS2_PLACEMENT_3D ( 'NONE', #666, #1238, #431 ) ;
#1592 = ORIENTED_EDGE ( 'NONE', *, *, #596, .F. ) ;
#1593 = CARTESIAN_POINT ( 'NONE',  ( 10.50000000000000533, 23.60000000000000497, 1.500000000000000000 ) ) ;
#1594 = LINE ( 'NONE', #1979, #1561 ) ;
#1595 = ORIENTED_EDGE ( 'NONE', *, *, #1491, .T. ) ;
#1596 = CARTESIAN_POINT ( 'NONE',  ( -15.10000000000001208, -1.637145280453113076E-15, 1.500000000000000000 ) ) ;
#1597 = VECTOR ( 'NONE', #624, 1000.000000000000000 ) ;
#1598 = VERTEX_POINT ( 'NONE', #1698 ) ;
#1599 = FACE_OUTER_BOUND ( 'NONE', #1827, .T. ) ;
#1600 = LINE ( 'NONE', #2388, #1597 ) ;
#1601 = ADVANCED_FACE ( 'NONE', ( #1270 ), #2500, .T. ) ;
#1602 = ORIENTED_EDGE ( 'NONE', *, *, #1358, .T. ) ;
#1603 = CARTESIAN_POINT ( 'NONE',  ( -13.00000000000000178, 21.50000000000000000, -1.249999999999999778 ) ) ;
#1604 = CARTESIAN_POINT ( 'NONE',  ( -12.10000000000001208, -19.39999999999998792, -1.500000000000000000 ) ) ;
#1605 = DIRECTION ( 'NONE',  ( 1.000000000000000000, 0.000000000000000000, 0.000000000000000000 ) ) ;
#1606 = CARTESIAN_POINT ( 'NONE',  ( -11.74999999999999645, -21.50000000000000000, 1.250000000000000222 ) ) ;
#1607 = EDGE_LOOP ( 'NONE', ( #1814, #2071, #1797 ) ) ;
#1608 = CARTESIAN_POINT ( 'NONE',  ( 15.50000000000000000, -23.60000000000000497, -1.100000000000009415 ) ) ;
#1609 = ORIENTED_EDGE ( 'NONE', *, *, #947, .T. ) ;
#1610 = DIRECTION ( 'NONE',  ( 6.125725020811748478E-15, -0.7071067811865459074, 0.7071067811865491270 ) ) ;
#1611 = CARTESIAN_POINT ( 'NONE',  ( -12.50000000000000355, 18.60000000000000142, 1.100000000000010747 ) ) ;
#1612 = ORIENTED_EDGE ( 'NONE', *, *, #161, .T. ) ;
#1613 = PRODUCT_RELATED_PRODUCT_CATEGORY ( 'part', '', ( #546 ) ) ;
#1614 = CARTESIAN_POINT ( 'NONE',  ( 12.89999999999998970, -18.60000000000000142, -1.500000000000000000 ) ) ;
#1615 = EDGE_CURVE ( 'NONE', #614, #1637, #2316, .T. ) ;
#1616 = VECTOR ( 'NONE', #1943, 1000.000000000000000 ) ;
#1617 = DIRECTION ( 'NONE',  ( 1.000000000000000000, 0.000000000000000000, 0.000000000000000000 ) ) ;
#1618 = DIRECTION ( 'NONE',  ( 0.000000000000000000, 0.000000000000000000, -1.000000000000000000 ) ) ;
#1619 = EDGE_CURVE ( 'NONE', #2407, #114, #2060, .T. ) ;
#1620 = CARTESIAN_POINT ( 'NONE',  ( 12.49999999999999822, 18.99999999999999289, -1.100000000000010747 ) ) ;
#1621 = ORIENTED_EDGE ( 'NONE', *, *, #1940, .T. ) ;
#1622 = CARTESIAN_POINT ( 'NONE',  ( 3.205108136566669939E-15, -19.39999999999998792, 1.500000000000000000 ) ) ;
#1623 = ORIENTED_EDGE ( 'NONE', *, *, #2317, .T. ) ;
#1624 = DIRECTION ( 'NONE',  ( -0.7071067811865482389, 8.659560562354941486E-17, 0.7071067811865469066 ) ) ;
#1625 = VECTOR ( 'NONE', #2507, 1000.000000000000000 ) ;
#1626 = PLANE ( 'NONE',  #466 ) ;
#1627 = ORIENTED_EDGE ( 'NONE', *, *, #1777, .T. ) ;
#1628 = DIRECTION ( 'NONE',  ( -0.000000000000000000, -0.000000000000000000, 1.000000000000000000 ) ) ;
#1629 = CARTESIAN_POINT ( 'NONE',  ( -15.50000000000000000, -23.60000000000000853, -1.100000000000009415 ) ) ;
#1630 = VECTOR ( 'NONE', #456, 1000.000000000000000 ) ;
#1631 = CARTESIAN_POINT ( 'NONE',  ( -14.49999999999999467, -21.50000000000000000, -1.499999999999999112 ) ) ;
#1632 = DIRECTION ( 'NONE',  ( -0.000000000000000000, -0.000000000000000000, 1.000000000000000000 ) ) ;
#1633 = EDGE_CURVE ( 'NONE', #2524, #1722, #1830, .T. ) ;
#1634 = EDGE_LOOP ( 'NONE', ( #2358, #2495, #282, #1751, #2305, #1223, #1697, #1653, #1061, #1621, #1961, #135, #716, #1195, #1473, #2039 ) ) ;
#1635 = ORIENTED_EDGE ( 'NONE', *, *, #1161, .T. ) ;
#1636 = CARTESIAN_POINT ( 'NONE',  ( 10.49999999999999467, -18.99999999999999289, 1.500000000000000000 ) ) ;
#1637 = VERTEX_POINT ( 'NONE', #735 ) ;
#1638 = CARTESIAN_POINT ( 'NONE',  ( -14.25000000000000000, 21.50000000000000000, -1.249999999999999778 ) ) ;
#1639 = DIRECTION ( 'NONE',  ( 0.000000000000000000, -0.7071067811865463515, -0.7071067811865486830 ) ) ;
#1640 = ORIENTED_EDGE ( 'NONE', *, *, #350, .F. ) ;
#1641 = VECTOR ( 'NONE', #2115, 1000.000000000000000 ) ;
#1642 = DIRECTION ( 'NONE',  ( -0.7071067811865470176, 8.930887844882321132E-16, 0.7071067811865479058 ) ) ;
#1643 = VECTOR ( 'NONE', #2318, 1000.000000000000114 ) ;
#1644 = CARTESIAN_POINT ( 'NONE',  ( 13.00000000000000355, -21.50000000000000000, -1.499999999999999112 ) ) ;
#1645 = CONICAL_SURFACE ( 'NONE', #782, 1.499999999999999556, 0.7853981633974491672 ) ;
#1646 = CARTESIAN_POINT ( 'NONE',  ( 12.10000000000000853, 18.99999999999999289, 1.500000000000000000 ) ) ;
#1647 = DIRECTION ( 'NONE',  ( -0.000000000000000000, -0.000000000000000000, 1.000000000000000000 ) ) ;
#1648 = ORIENTED_EDGE ( 'NONE', *, *, #303, .F. ) ;
#1649 = VERTEX_POINT ( 'NONE', #296 ) ;
#1650 = DIRECTION ( 'NONE',  ( -1.000000000000000000, 0.000000000000000000, 0.000000000000000000 ) ) ;
#1651 = EDGE_CURVE ( 'NONE', #690, #1346, #1474, .T. ) ;
#1652 = ADVANCED_FACE ( 'NONE', ( #1907 ), #2262, .F. ) ;
#1653 = ORIENTED_EDGE ( 'NONE', *, *, #2521, .T. ) ;
#1654 = LINE ( 'NONE', #485, #230 ) ;
#1655 = LINE ( 'NONE', #1092, #2259 ) ;
#1656 = ORIENTED_EDGE ( 'NONE', *, *, #257, .F. ) ;
#1657 = CARTESIAN_POINT ( 'NONE',  ( 12.49999999999999822, 18.99999999999999289, 1.100000000000010747 ) ) ;
#1658 = LINE ( 'NONE', #1673, #1971 ) ;
#1659 = CYLINDRICAL_SURFACE ( 'NONE', #2267, 1.249999999999999334 ) ;
#1660 = CARTESIAN_POINT ( 'NONE',  ( 10.50000000000000533, 23.60000000000000497, 1.100000000000009415 ) ) ;
#1661 = VECTOR ( 'NONE', #1992, 1000.000000000000114 ) ;
#1662 = EDGE_LOOP ( 'NONE', ( #1592, #737, #2517, #971 ) ) ;
#1663 = LINE ( 'NONE', #2450, #2411 ) ;
#1664 = EDGE_CURVE ( 'NONE', #514, #2442, #2277, .T. ) ;
#1665 = ORIENTED_EDGE ( 'NONE', *, *, #1570, .T. ) ;
#1666 = CARTESIAN_POINT ( 'NONE',  ( -10.89999999999999858, 18.99999999999999289, -1.100000000000010747 ) ) ;
#1667 = DIRECTION ( 'NONE',  ( 1.000000000000000000, 0.000000000000000000, 0.000000000000000000 ) ) ;
#1668 = EDGE_CURVE ( 'NONE', #2158, #138, #2489, .T. ) ;
#1669 = ORIENTED_EDGE ( 'NONE', *, *, #473, .F. ) ;
#1670 = AXIS2_PLACEMENT_3D ( 'NONE', #912, #1128, #1077 ) ;
#1671 = DIRECTION ( 'NONE',  ( 1.000000000000000000, 6.938893903907244155E-16, 0.000000000000000000 ) ) ;
#1672 = AXIS2_PLACEMENT_3D ( 'NONE', #1191, #1566, #2379 ) ;
#1673 = CARTESIAN_POINT ( 'NONE',  ( 15.29999999999999716, 23.80000000000000782, -1.100000000000009415 ) ) ;
#1674 = CARTESIAN_POINT ( 'NONE',  ( -10.89999999999999858, 18.99999999999999289, -1.100000000000010747 ) ) ;
#1675 = DIRECTION ( 'NONE',  ( -1.000000000000000000, 0.000000000000000000, 0.000000000000000000 ) ) ;
#1676 = AXIS2_PLACEMENT_3D ( 'NONE', #1494, #2283, #517 ) ;
#1677 = VECTOR ( 'NONE', #1610, 1000.000000000000000 ) ;
#1678 = ORIENTED_EDGE ( 'NONE', *, *, #1863, .T. ) ;
#1679 = CARTESIAN_POINT ( 'NONE',  ( -15.10000000000001386, 24.00000000000000000, -1.100000000000009415 ) ) ;
#1680 = VERTEX_POINT ( 'NONE', #1080 ) ;
#1681 = AXIS2_PLACEMENT_3D ( 'NONE', #1603, #489, #259 ) ;
#1682 = DIRECTION ( 'NONE',  ( 1.084202172485504434E-16, -1.000000000000000000, 0.000000000000000000 ) ) ;
#1683 = CARTESIAN_POINT ( 'NONE',  ( 10.89999999999999680, 23.60000000000000853, -1.500000000000000222 ) ) ;
#1684 = VERTEX_POINT ( 'NONE', #917 ) ;
#1685 = DIRECTION ( 'NONE',  ( 1.000000000000000000, 0.000000000000000000, 0.000000000000000000 ) ) ;
#1686 = EDGE_CURVE ( 'NONE', #1975, #1242, #541, .T. ) ;
#1687 = EDGE_CURVE ( 'NONE', #2168, #856, #1108, .T. ) ;
#1688 = LINE ( 'NONE', #684, #540 ) ;
#1689 = PLANE ( 'NONE',  #1787 ) ;
#1690 = VERTEX_POINT ( 'NONE', #100 ) ;
#1691 = SURFACE_STYLE_USAGE ( .BOTH. , #277 ) ;
#1692 = CIRCLE ( 'NONE', #1363, 1.249999999999999334 ) ;
#1693 = VECTOR ( 'NONE', #551, 1000.000000000000000 ) ;
#1694 = ORIENTED_EDGE ( 'NONE', *, *, #2185, .T. ) ;
#1695 = CARTESIAN_POINT ( 'NONE',  ( 10.89999999999999503, 19.39999999999998437, -1.500000000000000000 ) ) ;
#1696 = CARTESIAN_POINT ( 'NONE',  ( -15.30000000000000959, 23.80000000000000426, 1.100000000000009415 ) ) ;
#1697 = ORIENTED_EDGE ( 'NONE', *, *, #1320, .T. ) ;
#1698 = CARTESIAN_POINT ( 'NONE',  ( 12.89999999999998970, -18.60000000000000142, 1.500000000000000000 ) ) ;
#1699 = AXIS2_PLACEMENT_3D ( 'NONE', #2433, #63, #467 ) ;
#1700 = CARTESIAN_POINT ( 'NONE',  ( 10.89999999999999680, 23.60000000000000853, -1.500000000000000000 ) ) ;
#1701 = ORIENTED_EDGE ( 'NONE', *, *, #271, .T. ) ;
#1702 = ADVANCED_FACE ( 'NONE', ( #888 ), #722, .F. ) ;
#1703 = ADVANCED_FACE ( 'NONE', ( #334 ), #1881, .F. ) ;
#1704 = CARTESIAN_POINT ( 'NONE',  ( 12.49999999999999822, -18.60000000000000142, 1.100000000000010747 ) ) ;
#1705 = ADVANCED_FACE ( 'NONE', ( #1487 ), #983, .T. ) ;
#1706 = CARTESIAN_POINT ( 'NONE',  ( -10.50000000000000533, 24.00000000000000000, -1.100000000000009415 ) ) ;
#1707 = DIRECTION ( 'NONE',  ( -1.000000000000000000, -1.119176436114069085E-16, 0.000000000000000000 ) ) ;
#1708 = AXIS2_PLACEMENT_3D ( 'NONE', #1528, #511, #1295 ) ;
#1709 = ORIENTED_EDGE ( 'NONE', *, *, #1615, .T. ) ;
#1710 = LINE ( 'NONE', #2496, #107 ) ;
#1711 = PLANE ( 'NONE',  #918 ) ;
#1712 = EDGE_LOOP ( 'NONE', ( #289, #1322, #1026 ) ) ;
#1713 = DIRECTION ( 'NONE',  ( -0.7071067811865474617, 0.7071067811865474617, 2.407380598172871899E-15 ) ) ;
#1714 = LINE ( 'NONE', #1296, #2427 ) ;
#1715 = ORIENTED_EDGE ( 'NONE', *, *, #2065, .F. ) ;
#1716 = CARTESIAN_POINT ( 'NONE',  ( 12.99999999999999645, 21.50000000000000000, 1.250000000000000222 ) ) ;
#1717 = FACE_OUTER_BOUND ( 'NONE', #1382, .T. ) ;
#1718 = DIRECTION ( 'NONE',  ( -1.000000000000000000, -1.119176436114069085E-16, 0.000000000000000000 ) ) ;
#1719 = AXIS2_PLACEMENT_3D ( 'NONE', #2527, #2310, #389 ) ;
#1720 = EDGE_CURVE ( 'NONE', #1264, #2452, #593, .T. ) ;
#1721 = EDGE_CURVE ( 'NONE', #920, #1782, #2160, .T. ) ;
#1722 = VERTEX_POINT ( 'NONE', #189 ) ;
#1723 = DIRECTION ( 'NONE',  ( 1.000000000000000000, 1.652117596168387756E-16, 0.000000000000000000 ) ) ;
#1724 = DIRECTION ( 'NONE',  ( 2.884444029575343506E-16, 0.7071067811865486830, -0.7071067811865464625 ) ) ;
#1725 = ORIENTED_EDGE ( 'NONE', *, *, #2520, .T. ) ;
#1726 = DIRECTION ( 'NONE',  ( -0.5773502691896251759, -0.5773502691896252870, -0.5773502691896270633 ) ) ;
#1727 = AXIS2_PLACEMENT_3D ( 'NONE', #1065, #509, #1293 ) ;
#1728 = DIRECTION ( 'NONE',  ( -0.7071067811865475727, -0.7071067811865475727, -0.000000000000000000 ) ) ;
#1729 = FACE_OUTER_BOUND ( 'NONE', #1499, .T. ) ;
#1730 = AXIS2_PLACEMENT_3D ( 'NONE', #1716, #545, #1327 ) ;
#1731 =( LENGTH_UNIT ( ) NAMED_UNIT ( * ) SI_UNIT ( .MILLI., .METRE. ) );
#1732 = ORIENTED_EDGE ( 'NONE', *, *, #2047, .T. ) ;
#1733 = EDGE_CURVE ( 'NONE', #880, #458, #1772, .T. ) ;
#1734 = DIRECTION ( 'NONE',  ( -0.000000000000000000, -0.000000000000000000, 1.000000000000000000 ) ) ;
#1735 = EDGE_CURVE ( 'NONE', #1722, #1049, #1932, .T. ) ;
#1736 = DIRECTION ( 'NONE',  ( -0.7071067811865474617, -0.7071067811865474617, -0.000000000000000000 ) ) ;
#1737 = EDGE_LOOP ( 'NONE', ( #956, #381, #1248, #609 ) ) ;
#1738 = LINE ( 'NONE', #1537, #2049 ) ;
#1739 = ORIENTED_EDGE ( 'NONE', *, *, #1781, .F. ) ;
#1740 = DIRECTION ( 'NONE',  ( 0.7071067811865482389, 0.000000000000000000, 0.7071067811865469066 ) ) ;
#1741 = PLANE ( 'NONE',  #1343 ) ;
#1742 = CARTESIAN_POINT ( 'NONE',  ( 14.25000000000000178, -21.50000000000000000, 1.500000000000000000 ) ) ;
#1743 = VERTEX_POINT ( 'NONE', #769 ) ;
#1744 = CARTESIAN_POINT ( 'NONE',  ( -13.00000000000000178, 21.50000000000000000, 1.500000000000000000 ) ) ;
#1745 = EDGE_CURVE ( 'NONE', #2301, #79, #1373, .T. ) ;
#1746 = ORIENTED_EDGE ( 'NONE', *, *, #2521, .F. ) ;
#1747 = DIRECTION ( 'NONE',  ( 1.000000000000000000, 0.000000000000000000, 0.000000000000000000 ) ) ;
#1748 = EDGE_CURVE ( 'NONE', #1264, #417, #780, .T. ) ;
#1749 = EDGE_CURVE ( 'NONE', #1154, #1958, #1589, .T. ) ;
#1750 = LINE ( 'NONE', #373, #1436 ) ;
#1751 = ORIENTED_EDGE ( 'NONE', *, *, #1781, .T. ) ;
#1752 = DIRECTION ( 'NONE',  ( -6.153480596427399479E-15, -0.7071067811865486830, 0.7071067811865464625 ) ) ;
#1753 = DIRECTION ( 'NONE',  ( -1.084202172485504434E-16, 1.000000000000000000, 0.000000000000000000 ) ) ;
#1754 = AXIS2_PLACEMENT_3D ( 'NONE', #1636, #1207, #1020 ) ;
#1755 = CYLINDRICAL_SURFACE ( 'NONE', #2249, 1.249999999999999334 ) ;
#1756 = ORIENTED_EDGE ( 'NONE', *, *, #394, .F. ) ;
#1757 = CARTESIAN_POINT ( 'NONE',  ( -15.10000000000001563, 24.00000000000000000, -1.500000000000000000 ) ) ;
#1758 = ORIENTED_EDGE ( 'NONE', *, *, #1106, .F. ) ;
#1759 = LINE ( 'NONE', #2328, #1349 ) ;
#1760 = ORIENTED_EDGE ( 'NONE', *, *, #1733, .F. ) ;
#1761 = CIRCLE ( 'NONE', #1220, 1.249999999999999334 ) ;
#1762 = EDGE_CURVE ( 'NONE', #210, #856, #1183, .T. ) ;
#1763 = EDGE_CURVE ( 'NONE', #2382, #577, #1173, .T. ) ;
#1764 = DIRECTION ( 'NONE',  ( 0.000000000000000000, 0.000000000000000000, -1.000000000000000000 ) ) ;
#1765 = CARTESIAN_POINT ( 'NONE',  ( 12.10000000000000853, 18.99999999999999289, -1.100000000000010747 ) ) ;
#1766 = DIRECTION ( 'NONE',  ( 1.000000000000000000, 0.000000000000000000, 0.000000000000000000 ) ) ;
#1767 = ORIENTED_EDGE ( 'NONE', *, *, #1205, .F. ) ;
#1768 = DIRECTION ( 'NONE',  ( 0.7071067811865470176, -1.711583348855858414E-16, -0.7071067811865480168 ) ) ;
#1769 = AXIS2_PLACEMENT_3D ( 'NONE', #2003, #59, #626 ) ;
#1770 = VECTOR ( 'NONE', #1110, 1000.000000000000000 ) ;
#1771 = EDGE_LOOP ( 'NONE', ( #1198, #588, #2133, #932 ) ) ;
#1772 = LINE ( 'NONE', #589, #512 ) ;
#1773 = AXIS2_PLACEMENT_3D ( 'NONE', #695, #2044, #1281 ) ;
#1774 = CARTESIAN_POINT ( 'NONE',  ( 12.49999999999999822, 18.60000000000000142, -1.500000000000000000 ) ) ;
#1775 = EDGE_LOOP ( 'NONE', ( #1709, #476, #28, #2273 ) ) ;
#1776 = CARTESIAN_POINT ( 'NONE',  ( 13.00000000000000355, -21.50000000000000000, 1.500000000000000000 ) ) ;
#1777 = EDGE_CURVE ( 'NONE', #417, #506, #1495, .T. ) ;
#1778 = CARTESIAN_POINT ( 'NONE',  ( -12.50000000000000178, -18.60000000000000497, 1.100000000000010747 ) ) ;
#1779 = VECTOR ( 'NONE', #832, 1000.000000000000000 ) ;
#1780 = CARTESIAN_POINT ( 'NONE',  ( 15.10000000000000142, 23.60000000000001208, -1.500000000000000000 ) ) ;
#1781 = EDGE_CURVE ( 'NONE', #1232, #170, #954, .T. ) ;
#1782 = VERTEX_POINT ( 'NONE', #578 ) ;
#1783 = CARTESIAN_POINT ( 'NONE',  ( -10.50000000000000533, 23.60000000000000853, 1.500000000000000000 ) ) ;
#1784 = ORIENTED_EDGE ( 'NONE', *, *, #493, .T. ) ;
#1785 = DIRECTION ( 'NONE',  ( 0.000000000000000000, 0.000000000000000000, 1.000000000000000000 ) ) ;
#1786 = CARTESIAN_POINT ( 'NONE',  ( 10.50000000000000355, 19.39999999999998437, 1.100000000000009415 ) ) ;
#1787 = AXIS2_PLACEMENT_3D ( 'NONE', #945, #1728, #1913 ) ;
#1788 = EDGE_LOOP ( 'NONE', ( #1365, #1514, #852, #1421 ) ) ;
#1789 = VECTOR ( 'NONE', #630, 1000.000000000000000 ) ;
#1790 = CARTESIAN_POINT ( 'NONE',  ( 10.49999999999999467, -18.99999999999999289, 1.100000000000009415 ) ) ;
#1791 = LINE ( 'NONE', #592, #799 ) ;
#1792 = DIRECTION ( 'NONE',  ( 1.000000000000000000, 0.000000000000000000, 0.000000000000000000 ) ) ;
#1793 = VECTOR ( 'NONE', #1497, 1000.000000000000114 ) ;
#1794 = EDGE_LOOP ( 'NONE', ( #181, #2232, #1402, #2456 ) ) ;
#1795 = FACE_OUTER_BOUND ( 'NONE', #471, .T. ) ;
#1796 = ADVANCED_FACE ( 'NONE', ( #2147 ), #899, .F. ) ;
#1797 = ORIENTED_EDGE ( 'NONE', *, *, #1273, .F. ) ;
#1798 = DIRECTION ( 'NONE',  ( 0.7071067811865486830, 0.000000000000000000, -0.7071067811865464625 ) ) ;
#1799 = CARTESIAN_POINT ( 'NONE',  ( 12.49999999999999822, 18.99999999999999289, 1.100000000000010747 ) ) ;
#1800 = VECTOR ( 'NONE', #1586, 1000.000000000000000 ) ;
#1801 = VERTEX_POINT ( 'NONE', #1575 ) ;
#1802 = DIRECTION ( 'NONE',  ( -0.000000000000000000, -0.000000000000000000, 1.000000000000000000 ) ) ;
#1803 = DIRECTION ( 'NONE',  ( 1.000000000000000000, 0.000000000000000000, 0.000000000000000000 ) ) ;
#1804 = DIRECTION ( 'NONE',  ( 0.000000000000000000, 0.7071067811865486830, -0.7071067811865464625 ) ) ;
#1805 = LINE ( 'NONE', #1620, #1536 ) ;
#1806 = ORIENTED_EDGE ( 'NONE', *, *, #383, .F. ) ;
#1807 = DIRECTION ( 'NONE',  ( -0.5773502691896291728, 0.5773502691896240657, -0.5773502691896241767 ) ) ;
#1808 = EDGE_CURVE ( 'NONE', #2400, #916, #600, .T. ) ;
#1809 = EDGE_CURVE ( 'NONE', #2125, #1389, #553, .T. ) ;
#1810 = ORIENTED_EDGE ( 'NONE', *, *, #2360, .F. ) ;
#1811 = DIRECTION ( 'NONE',  ( 1.000000000000000000, 0.000000000000000000, 0.000000000000000000 ) ) ;
#1812 = CARTESIAN_POINT ( 'NONE',  ( -12.10000000000001208, -18.99999999999999645, 1.500000000000000000 ) ) ;
#1813 = EDGE_CURVE ( 'NONE', #916, #1637, #1759, .T. ) ;
#1814 = ORIENTED_EDGE ( 'NONE', *, *, #460, .F. ) ;
#1815 = FACE_OUTER_BOUND ( 'NONE', #2255, .T. ) ;
#1816 = VECTOR ( 'NONE', #71, 1000.000000000000114 ) ;
#1817 = CYLINDRICAL_SURFACE ( 'NONE', #663, 1.249999999999999334 ) ;
#1818 = VECTOR ( 'NONE', #1820, 1000.000000000000000 ) ;
#1819 = CARTESIAN_POINT ( 'NONE',  ( -15.10000000000000853, -23.60000000000001208, 1.500000000000000444 ) ) ;
#1820 = DIRECTION ( 'NONE',  ( 1.210272192541958616E-16, -1.000000000000000000, 0.000000000000000000 ) ) ;
#1821 = ORIENTED_EDGE ( 'NONE', *, *, #816, .T. ) ;
#1822 = AXIS2_PLACEMENT_3D ( 'NONE', #432, #601, #1384 ) ;
#1823 = DIRECTION ( 'NONE',  ( -0.7071067811865444641, 0.000000000000000000, 0.7071067811865505703 ) ) ;
#1824 = ORIENTED_EDGE ( 'NONE', *, *, #990, .T. ) ;
#1825 = CARTESIAN_POINT ( 'NONE',  ( 15.10000000000000853, -23.60000000000000853, -1.499999999999999112 ) ) ;
#1826 = PLANE ( 'NONE',  #1568 ) ;
#1827 = EDGE_LOOP ( 'NONE', ( #1008, #768, #994, #2351 ) ) ;
#1828 = CARTESIAN_POINT ( 'NONE',  ( 12.10000000000000853, 18.99999999999999289, 1.100000000000010747 ) ) ;
#1829 = ADVANCED_FACE ( 'NONE', ( #2169 ), #2523, .F. ) ;
#1830 = CIRCLE ( 'NONE', #390, 1.249999999999999334 ) ;
#1831 = DIRECTION ( 'NONE',  ( 1.000000000000000000, 0.000000000000000000, 0.000000000000000000 ) ) ;
#1832 = CARTESIAN_POINT ( 'NONE',  ( 10.70000000000000107, 23.80000000000000071, -1.100000000000009415 ) ) ;
#1833 = CARTESIAN_POINT ( 'NONE',  ( -10.89999999999999503, 18.99999999999999289, -1.500000000000000000 ) ) ;
#1834 = ORIENTED_EDGE ( 'NONE', *, *, #519, .F. ) ;
#1835 = VERTEX_POINT ( 'NONE', #1143 ) ;
#1836 = CARTESIAN_POINT ( 'NONE',  ( 10.89999999999999680, 23.60000000000000853, -1.500000000000000000 ) ) ;
#1837 = ORIENTED_EDGE ( 'NONE', *, *, #1163, .T. ) ;
#1838 = LINE ( 'NONE', #651, #941 ) ;
#1839 = APPLICATION_CONTEXT ( 'automotive_design' ) ;
#1840 = CARTESIAN_POINT ( 'NONE',  ( 12.99999999999999645, 21.50000000000000000, 1.250000000000000222 ) ) ;
#1841 = ORIENTED_EDGE ( 'NONE', *, *, #773, .T. ) ;
#1842 = DIRECTION ( 'NONE',  ( -0.000000000000000000, -0.7071067811865474617, -0.7071067811865474617 ) ) ;
#1843 = VECTOR ( 'NONE', #869, 1000.000000000000000 ) ;
#1844 = DIRECTION ( 'NONE',  ( -0.000000000000000000, -0.000000000000000000, 1.000000000000000000 ) ) ;
#1845 = EDGE_CURVE ( 'NONE', #69, #1277, #1738, .T. ) ;
#1846 = FACE_OUTER_BOUND ( 'NONE', #2148, .T. ) ;
#1847 = LINE ( 'NONE', #878, #2478 ) ;
#1848 = EDGE_LOOP ( 'NONE', ( #454, #2173, #314, #590 ) ) ;
#1849 = VERTEX_POINT ( 'NONE', #1351 ) ;
#1850 = EDGE_LOOP ( 'NONE', ( #622, #1045, #1414, #2142 ) ) ;
#1851 = PLANE ( 'NONE',  #2243 ) ;
#1852 = CARTESIAN_POINT ( 'NONE',  ( -10.50000000000000533, 19.39999999999998437, 1.100000000000009415 ) ) ;
#1853 = EDGE_LOOP ( 'NONE', ( #2092, #2282, #32, #1972 ) ) ;
#1854 = CIRCLE ( 'NONE', #2178, 1.499999999999999556 ) ;
#1855 = DIRECTION ( 'NONE',  ( 1.000000000000000000, 0.000000000000000000, 0.000000000000000000 ) ) ;
#1856 = AXIS2_PLACEMENT_3D ( 'NONE', #724, #2461, #1857 ) ;
#1857 = DIRECTION ( 'NONE',  ( 1.000000000000000000, 0.000000000000000000, 0.000000000000000000 ) ) ;
#1858 = CARTESIAN_POINT ( 'NONE',  ( -12.89999999999999325, 0.000000000000000000, -1.500000000000000000 ) ) ;
#1859 = ADVANCED_FACE ( 'NONE', ( #1599 ), #1009, .T. ) ;
#1860 = DIRECTION ( 'NONE',  ( -2.884444029575347154E-15, -0.7071067811865486830, -0.7071067811865464625 ) ) ;
#1861 = ORIENTED_EDGE ( 'NONE', *, *, #2317, .F. ) ;
#1862 = DIRECTION ( 'NONE',  ( 0.000000000000000000, -1.000000000000000000, 0.000000000000000000 ) ) ;
#1863 = EDGE_CURVE ( 'NONE', #1559, #1375, #1050, .T. ) ;
#1864 = EDGE_LOOP ( 'NONE', ( #1107, #1379, #1549, #2088 ) ) ;
#1865 = DIRECTION ( 'NONE',  ( -0.000000000000000000, -0.000000000000000000, 1.000000000000000000 ) ) ;
#1866 = FACE_OUTER_BOUND ( 'NONE', #568, .T. ) ;
#1867 = ORIENTED_EDGE ( 'NONE', *, *, #975, .F. ) ;
#1868 = LINE ( 'NONE', #709, #2093 ) ;
#1869 = CARTESIAN_POINT ( 'NONE',  ( -13.00000000000000178, 21.50000000000000000, -1.249999999999999778 ) ) ;
#1870 = LINE ( 'NONE', #1832, #2144 ) ;
#1871 = CARTESIAN_POINT ( 'NONE',  ( 10.50000000000000355, 19.39999999999998437, 1.500000000000000000 ) ) ;
#1872 = AXIS2_PLACEMENT_3D ( 'NONE', #1031, #2022, #851 ) ;
#1873 = EDGE_LOOP ( 'NONE', ( #469, #156, #2109, #896 ) ) ;
#1874 = DIRECTION ( 'NONE',  ( 1.000000000000000000, -0.000000000000000000, 0.000000000000000000 ) ) ;
#1875 = ORIENTED_EDGE ( 'NONE', *, *, #408, .F. ) ;
#1876 = PLANE ( 'NONE',  #970 ) ;
#1877 = ADVANCED_FACE ( 'NONE', ( #830 ), #2043, .T. ) ;
#1878 = DIRECTION ( 'NONE',  ( 1.000000000000000000, 0.000000000000000000, 0.000000000000000000 ) ) ;
#1879 = ORIENTED_EDGE ( 'NONE', *, *, #176, .T. ) ;
#1880 = VECTOR ( 'NONE', #534, 1000.000000000000000 ) ;
#1881 = PLANE ( 'NONE',  #267 ) ;
#1882 = DIRECTION ( 'NONE',  ( -0.7071067811865474617, -0.7071067811865474617, -0.000000000000000000 ) ) ;
#1883 = DIRECTION ( 'NONE',  ( 0.7071067811865475727, 0.000000000000000000, -0.7071067811865475727 ) ) ;
#1884 = AXIS2_PLACEMENT_3D ( 'NONE', #995, #39, #2180 ) ;
#1885 = ORIENTED_EDGE ( 'NONE', *, *, #299, .T. ) ;
#1886 = DIRECTION ( 'NONE',  ( 3.076740298213698162E-15, 0.7071067811865474617, 0.7071067811865474617 ) ) ;
#1887 = VERTEX_POINT ( 'NONE', #225 ) ;
#1888 = CIRCLE ( 'NONE', #1109, 1.499999999999999556 ) ;
#1889 = DIRECTION ( 'NONE',  ( -0.000000000000000000, -0.000000000000000000, 1.000000000000000000 ) ) ;
#1890 = EDGE_CURVE ( 'NONE', #2488, #138, #1838, .T. ) ;
#1891 = DIRECTION ( 'NONE',  ( 1.000000000000000000, 0.000000000000000000, 0.000000000000000000 ) ) ;
#1892 = EDGE_CURVE ( 'NONE', #1142, #1902, #2028, .T. ) ;
#1893 = ORIENTED_EDGE ( 'NONE', *, *, #203, .F. ) ;
#1894 = DIRECTION ( 'NONE',  ( 6.938893903907244155E-16, -1.000000000000000000, 0.000000000000000000 ) ) ;
#1895 = EDGE_CURVE ( 'NONE', #880, #69, #2426, .T. ) ;
#1896 = CARTESIAN_POINT ( 'NONE',  ( -11.75000000000000178, 21.50000000000000000, -1.249999999999999778 ) ) ;
#1897 = EDGE_LOOP ( 'NONE', ( #2214, #1300, #1701, #1294 ) ) ;
#1898 = CARTESIAN_POINT ( 'NONE',  ( -15.50000000000000000, -23.60000000000000853, -1.100000000000009415 ) ) ;
#1899 = ORIENTED_EDGE ( 'NONE', *, *, #204, .T. ) ;
#1900 = DIRECTION ( 'NONE',  ( -0.000000000000000000, -0.000000000000000000, 1.000000000000000000 ) ) ;
#1901 = VECTOR ( 'NONE', #1905, 1000.000000000000000 ) ;
#1902 = VERTEX_POINT ( 'NONE', #2375 ) ;
#1903 = DIRECTION ( 'NONE',  ( 1.000000000000000000, 0.000000000000000000, 0.000000000000000000 ) ) ;
#1904 = PRODUCT_DEFINITION_CONTEXT ( 'detailed design', #1839, 'design' ) ;
#1905 = DIRECTION ( 'NONE',  ( -3.200644008148510665E-15, -0.7071067811865486830, -0.7071067811865464625 ) ) ;
#1906 = ORIENTED_EDGE ( 'NONE', *, *, #1951, .F. ) ;
#1907 = FACE_OUTER_BOUND ( 'NONE', #1308, .T. ) ;
#1908 = VECTOR ( 'NONE', #2239, 1000.000000000000000 ) ;
#1909 = CARTESIAN_POINT ( 'NONE',  ( -10.50000000000000533, 24.00000000000000000, 1.500000000000000000 ) ) ;
#1910 = ORIENTED_EDGE ( 'NONE', *, *, #1306, .T. ) ;
#1911 = EDGE_CURVE ( 'NONE', #1533, #1346, #420, .T. ) ;
#1912 = EDGE_CURVE ( 'NONE', #690, #668, #610, .T. ) ;
#1913 = DIRECTION ( 'NONE',  ( 0.000000000000000000, 0.000000000000000000, -1.000000000000000000 ) ) ;
#1914 = CARTESIAN_POINT ( 'NONE',  ( -15.50000000000000000, -24.00000000000000000, 1.500000000000000000 ) ) ;
#1915 = DIRECTION ( 'NONE',  ( -0.7071067811865467956, 7.719606321149852230E-15, 0.7071067811865483499 ) ) ;
#1916 = ORIENTED_EDGE ( 'NONE', *, *, #1475, .F. ) ;
#1917 = DIRECTION ( 'NONE',  ( 0.5773502691896265082, -0.5773502691896270633, -0.5773502691896239547 ) ) ;
#1918 = DIRECTION ( 'NONE',  ( -1.000000000000000000, 0.000000000000000000, 0.000000000000000000 ) ) ;
#1919 = ORIENTED_EDGE ( 'NONE', *, *, #1459, .F. ) ;
#1920 = PLANE ( 'NONE',  #2463 ) ;
#1921 = CIRCLE ( 'NONE', #1137, 1.249999999999999334 ) ;
#1922 = VECTOR ( 'NONE', #366, 1000.000000000000000 ) ;
#1923 = FACE_OUTER_BOUND ( 'NONE', #1850, .T. ) ;
#1924 = EDGE_CURVE ( 'NONE', #1232, #215, #1998, .T. ) ;
#1925 = LINE ( 'NONE', #159, #969 ) ;
#1926 = CARTESIAN_POINT ( 'NONE',  ( -11.50000000000000178, 21.50000000000000000, 1.500000000000000000 ) ) ;
#1927 = VECTOR ( 'NONE', #239, 1000.000000000000114 ) ;
#1928 = EDGE_LOOP ( 'NONE', ( #325, #93, #1066, #1578 ) ) ;
#1929 = DIRECTION ( 'NONE',  ( -0.000000000000000000, -0.000000000000000000, 1.000000000000000000 ) ) ;
#1930 = DIRECTION ( 'NONE',  ( 0.7071067811865483499, 1.442222014787675352E-15, 0.7071067811865467956 ) ) ;
#1931 = ORIENTED_EDGE ( 'NONE', *, *, #1425, .F. ) ;
#1932 = LINE ( 'NONE', #2363, #2280 ) ;
#1933 = ORIENTED_EDGE ( 'NONE', *, *, #2472, .F. ) ;
#1934 = DIRECTION ( 'NONE',  ( 0.7071067811865471286, 2.183651513725463879E-15, 0.7071067811865479058 ) ) ;
#1935 = PLANE ( 'NONE',  #190 ) ;
#1936 = DIRECTION ( 'NONE',  ( -0.7071067811865489050, -0.7071067811865460184, -2.195916358900426761E-15 ) ) ;
#1937 = EDGE_CURVE ( 'NONE', #1375, #916, #280, .T. ) ;
#1938 = EDGE_LOOP ( 'NONE', ( #1385, #2522, #369, #198 ) ) ;
#1939 = CARTESIAN_POINT ( 'NONE',  ( 12.49999999999999822, -18.99999999999999289, 1.100000000000010747 ) ) ;
#1940 = EDGE_CURVE ( 'NONE', #1334, #856, #636, .T. ) ;
#1941 = AXIS2_PLACEMENT_3D ( 'NONE', #468, #2448, #658 ) ;
#1942 = ORIENTED_EDGE ( 'NONE', *, *, #1991, .T. ) ;
#1943 = DIRECTION ( 'NONE',  ( -1.000000000000000000, 0.000000000000000000, 0.000000000000000000 ) ) ;
#1944 = EDGE_LOOP ( 'NONE', ( #496, #702, #1810, #1739 ) ) ;
#1945 = LINE ( 'NONE', #1342, #2512 ) ;
#1946 = LINE ( 'NONE', #377, #229 ) ;
#1947 = APPLICATION_PROTOCOL_DEFINITION ( 'draft international standard', 'automotive_design', 1998, #1839 ) ;
#1948 = ORIENTED_EDGE ( 'NONE', *, *, #2077, .T. ) ;
#1949 = DIRECTION ( 'NONE',  ( 0.7071067811865463515, 0.000000000000000000, -0.7071067811865486830 ) ) ;
#1950 = VECTOR ( 'NONE', #2544, 1000.000000000000114 ) ;
#1951 = EDGE_CURVE ( 'NONE', #1330, #804, #1393, .T. ) ;
#1952 = ORIENTED_EDGE ( 'NONE', *, *, #1892, .T. ) ;
#1953 = DIRECTION ( 'NONE',  ( 1.000000000000000000, 0.000000000000000000, 0.000000000000000000 ) ) ;
#1954 = EDGE_LOOP ( 'NONE', ( #120, #2409, #1527, #1454 ) ) ;
#1955 = LINE ( 'NONE', #783, #535 ) ;
#1956 = CARTESIAN_POINT ( 'NONE',  ( 15.49999999999999467, 23.60000000000001208, 1.100000000000009415 ) ) ;
#1957 = AXIS2_PLACEMENT_3D ( 'NONE', #1744, #1734, #199 ) ;
#1958 = VERTEX_POINT ( 'NONE', #843 ) ;
#1959 = CARTESIAN_POINT ( 'NONE',  ( 12.89999999999998970, 0.000000000000000000, -1.500000000000000000 ) ) ;
#1960 = STYLED_ITEM ( 'NONE', ( #2091 ), #2422 ) ;
#1961 = ORIENTED_EDGE ( 'NONE', *, *, #1272, .T. ) ;
#1962 = DIRECTION ( 'NONE',  ( 0.7071067811865460184, 0.000000000000000000, 0.7071067811865489050 ) ) ;
#1963 = EDGE_CURVE ( 'NONE', #859, #1237, #2219, .T. ) ;
#1964 = ORIENTED_EDGE ( 'NONE', *, *, #2251, .T. ) ;
#1965 = ADVANCED_FACE ( 'NONE', ( #30 ), #480, .F. ) ;
#1966 = CARTESIAN_POINT ( 'NONE',  ( -11.74999999999999645, -21.50000000000000000, -1.249999999999999778 ) ) ;
#1967 = CARTESIAN_POINT ( 'NONE',  ( 15.50000000000000000, -23.60000000000000497, 1.500000000000000000 ) ) ;
#1968 = LINE ( 'NONE', #2314, #583 ) ;
#1969 = ORIENTED_EDGE ( 'NONE', *, *, #1977, .F. ) ;
#1970 = DIRECTION ( 'NONE',  ( -0.7071067811865486830, 0.000000000000000000, -0.7071067811865463515 ) ) ;
#1971 = VECTOR ( 'NONE', #919, 1000.000000000000114 ) ;
#1972 = ORIENTED_EDGE ( 'NONE', *, *, #2270, .F. ) ;
#1973 = DIRECTION ( 'NONE',  ( 1.000000000000000000, 0.000000000000000000, 0.000000000000000000 ) ) ;
#1974 = DIRECTION ( 'NONE',  ( 0.000000000000000000, 0.000000000000000000, -1.000000000000000000 ) ) ;
#1975 = VERTEX_POINT ( 'NONE', #459 ) ;
#1976 = DIRECTION ( 'NONE',  ( 1.000000000000000000, 0.000000000000000000, 0.000000000000000000 ) ) ;
#1977 = EDGE_CURVE ( 'NONE', #54, #1142, #266, .T. ) ;
#1978 = CARTESIAN_POINT ( 'NONE',  ( -12.89999999999999325, 18.60000000000000142, 1.500000000000000000 ) ) ;
#1979 = CARTESIAN_POINT ( 'NONE',  ( -12.50000000000000178, -18.60000000000000497, -1.500000000000000000 ) ) ;
#1980 = ORIENTED_EDGE ( 'NONE', *, *, #1762, .F. ) ;
#1981 = DIRECTION ( 'NONE',  ( -0.7071067811865467956, -7.666467083416862062E-17, -0.7071067811865483499 ) ) ;
#1982 = ORIENTED_EDGE ( 'NONE', *, *, #1912, .T. ) ;
#1983 = CARTESIAN_POINT ( 'NONE',  ( 12.49999999999999822, -18.60000000000000142, -1.100000000000010747 ) ) ;
#1984 = FACE_OUTER_BOUND ( 'NONE', #2327, .T. ) ;
#1985 = CIRCLE ( 'NONE', #1872, 1.249999999999999334 ) ;
#1986 = ORIENTED_EDGE ( 'NONE', *, *, #303, .T. ) ;
#1987 = DIRECTION ( 'NONE',  ( 0.000000000000000000, 0.7071067811865463515, -0.7071067811865486830 ) ) ;
#1988 = DIRECTION ( 'NONE',  ( -0.000000000000000000, -0.000000000000000000, 1.000000000000000000 ) ) ;
#1989 = DIRECTION ( 'NONE',  ( 0.7071067811865474617, -0.7071067811865474617, 0.000000000000000000 ) ) ;
#1990 = EDGE_CURVE ( 'NONE', #668, #1533, #1224, .T. ) ;
#1991 = EDGE_CURVE ( 'NONE', #1264, #224, #818, .T. ) ;
#1992 = DIRECTION ( 'NONE',  ( 0.7071067811865474617, -0.7071067811865474617, -0.000000000000000000 ) ) ;
#1993 = AXIS2_PLACEMENT_3D ( 'NONE', #1573, #2166, #405 ) ;
#1994 = ORIENTED_EDGE ( 'NONE', *, *, #1808, .T. ) ;
#1995 = LINE ( 'NONE', #1596, #1583 ) ;
#1996 = ADVANCED_FACE ( 'NONE', ( #1064 ), #1851, .F. ) ;
#1997 = ORIENTED_EDGE ( 'NONE', *, *, #2547, .T. ) ;
#1998 = LINE ( 'NONE', #2233, #486 ) ;
#1999 = VECTOR ( 'NONE', #222, 1000.000000000000114 ) ;
#2000 = CARTESIAN_POINT ( 'NONE',  ( 10.50000000000000533, 24.00000000000000000, -1.100000000000009415 ) ) ;
#2001 = AXIS2_PLACEMENT_3D ( 'NONE', #857, #2206, #55 ) ;
#2002 = ORIENTED_EDGE ( 'NONE', *, *, #1086, .F. ) ;
#2003 = CARTESIAN_POINT ( 'NONE',  ( 10.89999999999999503, 18.99999999999999289, 1.100000000000010747 ) ) ;
#2004 = CARTESIAN_POINT ( 'NONE',  ( -12.89999999999999325, -18.60000000000000497, 1.500000000000000000 ) ) ;
#2005 = CIRCLE ( 'NONE', #1681, 1.249999999999999334 ) ;
#2006 = CARTESIAN_POINT ( 'NONE',  ( 15.50000000000000000, -23.60000000000000497, 1.500000000000000000 ) ) ;
#2007 = FACE_OUTER_BOUND ( 'NONE', #1634, .T. ) ;
#2008 = EDGE_LOOP ( 'NONE', ( #1076, #967, #2191, #507 ) ) ;
#2009 = EDGE_CURVE ( 'NONE', #2442, #1154, #705, .T. ) ;
#2010 = PLANE ( 'NONE',  #847 ) ;
#2011 = EDGE_LOOP ( 'NONE', ( #953, #734, #813, #1861 ) ) ;
#2012 = CARTESIAN_POINT ( 'NONE',  ( -15.10000000000001030, -23.80000000000000426, -1.300000000000006484 ) ) ;
#2013 = EDGE_CURVE ( 'NONE', #1483, #1849, #356, .T. ) ;
#2014 = FACE_OUTER_BOUND ( 'NONE', #1359, .T. ) ;
#2015 = ORIENTED_EDGE ( 'NONE', *, *, #922, .F. ) ;
#2016 = DIRECTION ( 'NONE',  ( 1.000000000000000000, 0.000000000000000000, 0.000000000000000000 ) ) ;
#2017 = VECTOR ( 'NONE', #2246, 1000.000000000000000 ) ;
#2018 = VECTOR ( 'NONE', #2253, 1000.000000000000000 ) ;
#2019 = FACE_OUTER_BOUND ( 'NONE', #1032, .T. ) ;
#2020 = VECTOR ( 'NONE', #1736, 1000.000000000000114 ) ;
#2021 = CARTESIAN_POINT ( 'NONE',  ( 11.74999999999999645, 21.50000000000000000, 1.500000000000000000 ) ) ;
#2022 = DIRECTION ( 'NONE',  ( -0.000000000000000000, -0.000000000000000000, 1.000000000000000000 ) ) ;
#2023 = ORIENTED_EDGE ( 'NONE', *, *, #2438, .F. ) ;
#2024 = ORIENTED_EDGE ( 'NONE', *, *, #2154, .F. ) ;
#2025 = AXIS2_PLACEMENT_3D ( 'NONE', #2171, #2183, #985 ) ;
#2026 = DIRECTION ( 'NONE',  ( -0.7071067811865483499, -7.666467083416879319E-17, -0.7071067811865467956 ) ) ;
#2027 = EDGE_LOOP ( 'NONE', ( #659, #2097, #2271, #2189 ) ) ;
#2028 = LINE ( 'NONE', #85, #571 ) ;
#2029 = EDGE_CURVE ( 'NONE', #506, #417, #1921, .T. ) ;
#2030 = FACE_OUTER_BOUND ( 'NONE', #67, .T. ) ;
#2031 = ADVANCED_FACE ( 'NONE', ( #123 ), #2258, .T. ) ;
#2032 = ORIENTED_EDGE ( 'NONE', *, *, #850, .F. ) ;
#2033 = DIRECTION ( 'NONE',  ( 0.7071067811865486830, 0.000000000000000000, 0.7071067811865463515 ) ) ;
#2034 = VECTOR ( 'NONE', #2486, 1000.000000000000000 ) ;
#2035 = CARTESIAN_POINT ( 'NONE',  ( -10.50000000000000533, 23.60000000000000853, -1.100000000000009415 ) ) ;
#2036 = CARTESIAN_POINT ( 'NONE',  ( -11.49999999999999645, -21.50000000000000000, -1.499999999999999112 ) ) ;
#2037 = FACE_BOUND ( 'NONE', #1266, .T. ) ;
#2038 = VERTEX_POINT ( 'NONE', #110 ) ;
#2039 = ORIENTED_EDGE ( 'NONE', *, *, #1174, .T. ) ;
#2040 = PLANE ( 'NONE',  #940 ) ;
#2041 = EDGE_LOOP ( 'NONE', ( #987, #1640, #937, #2023 ) ) ;
#2042 = AXIS2_PLACEMENT_3D ( 'NONE', #1313, #750, #935 ) ;
#2043 = PLANE ( 'NONE',  #1591 ) ;
#2044 = DIRECTION ( 'NONE',  ( -0.000000000000000000, -0.000000000000000000, 1.000000000000000000 ) ) ;
#2045 = VERTEX_POINT ( 'NONE', #898 ) ;
#2046 = FACE_OUTER_BOUND ( 'NONE', #1431, .T. ) ;
#2047 = EDGE_CURVE ( 'NONE', #2510, #577, #293, .T. ) ;
#2048 = CONICAL_SURFACE ( 'NONE', #570, 1.499999999999999556, 0.7853981633974491672 ) ;
#2049 = VECTOR ( 'NONE', #566, 1000.000000000000000 ) ;
#2050 = DIRECTION ( 'NONE',  ( 1.000000000000000000, 0.000000000000000000, 0.000000000000000000 ) ) ;
#2051 = ADVANCED_FACE ( 'NONE', ( #2056 ), #678, .T. ) ;
#2052 = CARTESIAN_POINT ( 'NONE',  ( 12.49999999999999822, 18.99999999999999289, 1.100000000000010747 ) ) ;
#2053 = VERTEX_POINT ( 'NONE', #2094 ) ;
#2054 = PLANE ( 'NONE',  #402 ) ;
#2055 = ORIENTED_EDGE ( 'NONE', *, *, #2111, .F. ) ;
#2056 = FACE_OUTER_BOUND ( 'NONE', #1166, .T. ) ;
#2057 = DIRECTION ( 'NONE',  ( 1.000000000000000000, 1.119176436114069085E-16, 0.000000000000000000 ) ) ;
#2058 = ORIENTED_EDGE ( 'NONE', *, *, #95, .F. ) ;
#2059 = VECTOR ( 'NONE', #2320, 1000.000000000000000 ) ;
#2060 = LINE ( 'NONE', #2471, #143 ) ;
#2061 = FACE_OUTER_BOUND ( 'NONE', #1457, .T. ) ;
#2062 = CARTESIAN_POINT ( 'NONE',  ( -12.50000000000000178, 18.60000000000000142, -1.100000000000010747 ) ) ;
#2063 = FACE_OUTER_BOUND ( 'NONE', #1938, .T. ) ;
#2064 = EDGE_CURVE ( 'NONE', #1849, #1483, #1345, .T. ) ;
#2065 = EDGE_CURVE ( 'NONE', #1684, #2400, #1511, .T. ) ;
#2066 = ORIENTED_EDGE ( 'NONE', *, *, #1304, .T. ) ;
#2067 = CARTESIAN_POINT ( 'NONE',  ( 15.49999999999999467, 23.60000000000001208, -1.100000000000009415 ) ) ;
#2068 = ORIENTED_EDGE ( 'NONE', *, *, #613, .F. ) ;
#2069 = CARTESIAN_POINT ( 'NONE',  ( -10.89999999999999680, 19.39999999999998437, 1.500000000000000000 ) ) ;
#2070 = CARTESIAN_POINT ( 'NONE',  ( 12.49999999999999822, 18.60000000000000142, 1.100000000000010747 ) ) ;
#2071 = ORIENTED_EDGE ( 'NONE', *, *, #25, .T. ) ;
#2072 = CARTESIAN_POINT ( 'NONE',  ( -12.50000000000000178, -18.99999999999999645, -1.100000000000009415 ) ) ;
#2073 = CARTESIAN_POINT ( 'NONE',  ( 14.50000000000000178, -21.50000000000000000, 1.500000000000000000 ) ) ;
#2074 = CARTESIAN_POINT ( 'NONE',  ( -10.89999999999999680, 23.60000000000000853, 1.500000000000000000 ) ) ;
#2075 = ORIENTED_EDGE ( 'NONE', *, *, #713, .T. ) ;
#2076 = CARTESIAN_POINT ( 'NONE',  ( 15.10000000000000320, 24.00000000000000355, 1.100000000000009415 ) ) ;
#2077 = EDGE_CURVE ( 'NONE', #1690, #1649, #719, .T. ) ;
#2078 = ADVANCED_FACE ( 'NONE', ( #2245 ), #150, .T. ) ;
#2079 = ORIENTED_EDGE ( 'NONE', *, *, #2313, .F. ) ;
#2080 = CARTESIAN_POINT ( 'NONE',  ( -13.00000000000000178, 21.50000000000000000, 1.250000000000000222 ) ) ;
#2081 = EDGE_CURVE ( 'NONE', #514, #668, #522, .T. ) ;
#2082 = CARTESIAN_POINT ( 'NONE',  ( 0.000000000000000000, 19.39999999999998437, -1.500000000000000000 ) ) ;
#2083 = VECTOR ( 'NONE', #1554, 1000.000000000000000 ) ;
#2084 = VERTEX_POINT ( 'NONE', #1118 ) ;
#2085 = VECTOR ( 'NONE', #1798, 1000.000000000000000 ) ;
#2086 = CARTESIAN_POINT ( 'NONE',  ( -10.89999999999999680, 19.39999999999998437, 1.500000000000000000 ) ) ;
#2087 = DIRECTION ( 'NONE',  ( 0.000000000000000000, -1.000000000000000000, 0.000000000000000000 ) ) ;
#2088 = ORIENTED_EDGE ( 'NONE', *, *, #2508, .F. ) ;
#2089 = PLANE ( 'NONE',  #1453 ) ;
#2090 = VERTEX_POINT ( 'NONE', #1280 ) ;
#2091 = PRESENTATION_STYLE_ASSIGNMENT (( #1691 ) ) ;
#2092 = ORIENTED_EDGE ( 'NONE', *, *, #1479, .T. ) ;
#2093 = VECTOR ( 'NONE', #1131, 1000.000000000000000 ) ;
#2094 = CARTESIAN_POINT ( 'NONE',  ( -12.10000000000001208, 18.99999999999999289, 1.100000000000010747 ) ) ;
#2095 = CARTESIAN_POINT ( 'NONE',  ( -15.10000000000000853, -23.60000000000001208, 1.500000000000000000 ) ) ;
#2096 = EDGE_CURVE ( 'NONE', #2090, #1330, #1710, .T. ) ;
#2097 = ORIENTED_EDGE ( 'NONE', *, *, #2159, .F. ) ;
#2098 = DIRECTION ( 'NONE',  ( -0.7071067811865486830, 0.000000000000000000, 0.7071067811865463515 ) ) ;
#2099 = LINE ( 'NONE', #322, #870 ) ;
#2100 = VECTOR ( 'NONE', #2341, 1000.000000000000000 ) ;
#2101 = VECTOR ( 'NONE', #711, 1000.000000000000000 ) ;
#2102 = VECTOR ( 'NONE', #491, 1000.000000000000114 ) ;
#2103 = DIRECTION ( 'NONE',  ( 0.7071067811865474617, 0.7071067811865474617, -0.000000000000000000 ) ) ;
#2104 = LINE ( 'NONE', #1706, #1417 ) ;
#2105 = CARTESIAN_POINT ( 'NONE',  ( -10.89999999999999858, 18.99999999999999289, -1.100000000000010747 ) ) ;
#2106 = VERTEX_POINT ( 'NONE', #731 ) ;
#2107 = CARTESIAN_POINT ( 'NONE',  ( -10.50000000000000000, -18.99999999999999645, -1.100000000000009415 ) ) ;
#2108 = DIRECTION ( 'NONE',  ( -0.7071067811865474617, -0.7071067811865474617, 0.000000000000000000 ) ) ;
#2109 = ORIENTED_EDGE ( 'NONE', *, *, #2270, .T. ) ;
#2110 = DIRECTION ( 'NONE',  ( -0.7071067811865463515, -0.000000000000000000, -0.7071067811865486830 ) ) ;
#2111 = EDGE_CURVE ( 'NONE', #1975, #2400, #2298, .T. ) ;
#2112 = EDGE_CURVE ( 'NONE', #114, #210, #1654, .T. ) ;
#2113 = DIRECTION ( 'NONE',  ( -2.420544385083917231E-16, -1.000000000000000000, 0.000000000000000000 ) ) ;
#2114 = VERTEX_POINT ( 'NONE', #2069 ) ;
#2115 = DIRECTION ( 'NONE',  ( -1.084202172485504434E-16, 1.000000000000000000, 0.000000000000000000 ) ) ;
#2116 = LINE ( 'NONE', #2139, #891 ) ;
#2117 = VECTOR ( 'NONE', #2103, 1000.000000000000114 ) ;
#2118 = ORIENTED_EDGE ( 'NONE', *, *, #493, .F. ) ;
#2119 = FACE_OUTER_BOUND ( 'NONE', #1169, .T. ) ;
#2120 = VECTOR ( 'NONE', #218, 1000.000000000000000 ) ;
#2121 = CARTESIAN_POINT ( 'NONE',  ( 11.74999999999999645, 21.50000000000000000, -1.249999999999999778 ) ) ;
#2122 = EDGE_LOOP ( 'NONE', ( #221, #374, #839 ) ) ;
#2123 = DIRECTION ( 'NONE',  ( -0.7071067811865461294, 0.7071067811865490160, 0.000000000000000000 ) ) ;
#2124 = VECTOR ( 'NONE', #136, 1000.000000000000000 ) ;
#2125 = VERTEX_POINT ( 'NONE', #1267 ) ;
#2126 = ADVANCED_FACE ( 'NONE', ( #1319 ), #2439, .T. ) ;
#2127 = AXIS2_PLACEMENT_3D ( 'NONE', #811, #35, #1605 ) ;
#2128 = CARTESIAN_POINT ( 'NONE',  ( -11.50000000000000178, 21.50000000000000000, 1.500000000000000000 ) ) ;
#2129 = ADVANCED_FACE ( 'NONE', ( #1089 ), #1876, .F. ) ;
#2130 = PLANE ( 'NONE',  #2042 ) ;
#2131 = CARTESIAN_POINT ( 'NONE',  ( -12.10000000000001030, -19.39999999999999147, 1.500000000000000000 ) ) ;
#2132 = VECTOR ( 'NONE', #2136, 1000.000000000000000 ) ;
#2133 = ORIENTED_EDGE ( 'NONE', *, *, #1686, .F. ) ;
#2134 = PLANE ( 'NONE',  #1993 ) ;
#2135 = ORIENTED_EDGE ( 'NONE', *, *, #1241, .T. ) ;
#2136 = DIRECTION ( 'NONE',  ( 0.000000000000000000, 1.000000000000000000, 0.000000000000000000 ) ) ;
#2137 = ORIENTED_EDGE ( 'NONE', *, *, #1553, .T. ) ;
#2138 = CARTESIAN_POINT ( 'NONE',  ( 10.89999999999999680, 23.60000000000000853, -1.499999999999999778 ) ) ;
#2139 = CARTESIAN_POINT ( 'NONE',  ( -10.50000000000000533, 24.00000000000000000, 1.100000000000009415 ) ) ;
#2140 = ADVANCED_FACE ( 'NONE', ( #1524 ), #981, .T. ) ;
#2141 = ADVANCED_FACE ( 'NONE', ( #175 ), #576, .F. ) ;
#2142 = ORIENTED_EDGE ( 'NONE', *, *, #2096, .F. ) ;
#2143 = CARTESIAN_POINT ( 'NONE',  ( -10.50000000000000533, 23.60000000000000853, -1.100000000000009415 ) ) ;
#2144 = VECTOR ( 'NONE', #2226, 1000.000000000000000 ) ;
#2145 = CONICAL_SURFACE ( 'NONE', #1033, 1.499999999999999556, 0.7853981633974491672 ) ;
#2146 = ORIENTED_EDGE ( 'NONE', *, *, #1221, .T. ) ;
#2147 = FACE_OUTER_BOUND ( 'NONE', #141, .T. ) ;
#2148 = EDGE_LOOP ( 'NONE', ( #673, #1120, #2068, #72 ) ) ;
#2149 = VECTOR ( 'NONE', #1025, 1000.000000000000114 ) ;
#2150 = LINE ( 'NONE', #2128, #291 ) ;
#2151 = DIRECTION ( 'NONE',  ( 1.000000000000000000, 1.084202172485504434E-16, -0.000000000000000000 ) ) ;
#2152 = CARTESIAN_POINT ( 'NONE',  ( 0.000000000000000000, 23.60000000000000853, 1.500000000000000000 ) ) ;
#2153 = ORIENTED_EDGE ( 'NONE', *, *, #2505, .T. ) ;
#2154 = EDGE_CURVE ( 'NONE', #449, #1297, #1331, .T. ) ;
#2155 = CARTESIAN_POINT ( 'NONE',  ( 14.50000000000000178, -21.50000000000000000, 1.500000000000000000 ) ) ;
#2156 = ADVANCED_FACE ( 'NONE', ( #2119 ), #2134, .F. ) ;
#2157 = VECTOR ( 'NONE', #2339, 1000.000000000000000 ) ;
#2158 = VERTEX_POINT ( 'NONE', #164 ) ;
#2159 = EDGE_CURVE ( 'NONE', #668, #2382, #753, .T. ) ;
#2160 = LINE ( 'NONE', #213, #1616 ) ;
#2161 = ORIENTED_EDGE ( 'NONE', *, *, #788, .T. ) ;
#2162 = DIRECTION ( 'NONE',  ( 0.7071067811865467956, 7.666467083416862062E-17, -0.7071067811865483499 ) ) ;
#2163 = DIRECTION ( 'NONE',  ( 0.7071067811865505703, -0.7071067811865444641, 0.000000000000000000 ) ) ;
#2164 = CARTESIAN_POINT ( 'NONE',  ( 10.89999999999999503, 18.99999999999999289, 1.100000000000010747 ) ) ;
#2165 = ORIENTED_EDGE ( 'NONE', *, *, #627, .T. ) ;
#2166 = DIRECTION ( 'NONE',  ( 0.7071067811865475727, -0.7071067811865475727, 0.000000000000000000 ) ) ;
#2167 = VECTOR ( 'NONE', #470, 1000.000000000000000 ) ;
#2168 = VERTEX_POINT ( 'NONE', #1151 ) ;
#2169 = FACE_OUTER_BOUND ( 'NONE', #2041, .T. ) ;
#2170 = EDGE_CURVE ( 'NONE', #1559, #1684, #1360, .T. ) ;
#2171 = CARTESIAN_POINT ( 'NONE',  ( -15.50000000000000533, 24.00000000000000000, 1.500000000000000000 ) ) ;
#2172 = ADVANCED_FACE ( 'NONE', ( #355 ), #1170, .F. ) ;
#2173 = ORIENTED_EDGE ( 'NONE', *, *, #411, .F. ) ;
#2174 = CARTESIAN_POINT ( 'NONE',  ( 15.49999999999999467, 24.00000000000000355, -1.100000000000009415 ) ) ;
#2175 = DIRECTION ( 'NONE',  ( -1.000000000000000000, 0.000000000000000000, 0.000000000000000000 ) ) ;
#2176 = CONICAL_SURFACE ( 'NONE', #1727, 1.249999999999999334, 0.7853981633974500554 ) ;
#2177 = LINE ( 'NONE', #1004, #1693 ) ;
#2178 = AXIS2_PLACEMENT_3D ( 'NONE', #1145, #796, #2546 ) ;
#2179 = EDGE_LOOP ( 'NONE', ( #1291, #1635 ) ) ;
#2180 = DIRECTION ( 'NONE',  ( -0.7071067811865475727, -0.7071067811865475727, 0.000000000000000000 ) ) ;
#2181 = ORIENTED_EDGE ( 'NONE', *, *, #922, .T. ) ;
#2182 = DIRECTION ( 'NONE',  ( -0.000000000000000000, -0.000000000000000000, 1.000000000000000000 ) ) ;
#2183 = DIRECTION ( 'NONE',  ( 0.000000000000000000, -1.000000000000000000, 0.000000000000000000 ) ) ;
#2184 = ORIENTED_EDGE ( 'NONE', *, *, #1105, .T. ) ;
#2185 = EDGE_CURVE ( 'NONE', #2168, #614, #2336, .T. ) ;
#2186 = DIRECTION ( 'NONE',  ( 0.000000000000000000, 0.7071067811865486830, 0.7071067811865464625 ) ) ;
#2187 = CARTESIAN_POINT ( 'NONE',  ( 15.49999999999999467, 23.60000000000001208, -1.500000000000000000 ) ) ;
#2188 = PLANE ( 'NONE',  #1482 ) ;
#2189 = ORIENTED_EDGE ( 'NONE', *, *, #2460, .F. ) ;
#2190 = PLANE ( 'NONE',  #641 ) ;
#2191 = ORIENTED_EDGE ( 'NONE', *, *, #743, .T. ) ;
#2192 = DIRECTION ( 'NONE',  ( 1.000000000000000000, 0.000000000000000000, 0.000000000000000000 ) ) ;
#2193 = LINE ( 'NONE', #2000, #1239 ) ;
#2194 = CONICAL_SURFACE ( 'NONE', #884, 1.249999999999999334, 0.7853981633974500554 ) ;
#2195 = EDGE_LOOP ( 'NONE', ( #875, #1252, #764, #2002 ) ) ;
#2196 = PLANE ( 'NONE',  #1769 ) ;
#2197 = DIRECTION ( 'NONE',  ( -0.000000000000000000, -0.000000000000000000, 1.000000000000000000 ) ) ;
#2198 = ADVANCED_FACE ( 'NONE', ( #778 ), #1139, .T. ) ;
#2199 = LINE ( 'NONE', #618, #1005 ) ;
#2200 = CARTESIAN_POINT ( 'NONE',  ( 15.10000000000000675, -23.60000000000000853, 1.500000000000000000 ) ) ;
#2201 = ADVANCED_FACE ( 'NONE', ( #392 ), #742, .T. ) ;
#2202 = AXIS2_PLACEMENT_3D ( 'NONE', #950, #187, #1970 ) ;
#2203 = ORIENTED_EDGE ( 'NONE', *, *, #1105, .F. ) ;
#2204 = DIRECTION ( 'NONE',  ( -3.749777238447936352E-15, 0.7071067811865472397, -0.7071067811865479058 ) ) ;
#2205 = ORIENTED_EDGE ( 'NONE', *, *, #25, .F. ) ;
#2206 = DIRECTION ( 'NONE',  ( -0.7071067811865475727, -0.7071067811865475727, -0.000000000000000000 ) ) ;
#2207 = PLANE ( 'NONE',  #791 ) ;
#2208 = ORIENTED_EDGE ( 'NONE', *, *, #2170, .T. ) ;
#2209 = CARTESIAN_POINT ( 'NONE',  ( 12.99999999999999645, 21.50000000000000000, -1.249999999999999778 ) ) ;
#2210 = CARTESIAN_POINT ( 'NONE',  ( -12.99999999999999645, -21.50000000000000000, 1.500000000000000000 ) ) ;
#2211 = CIRCLE ( 'NONE', #2542, 1.249999999999999334 ) ;
#2212 = LINE ( 'NONE', #9, #2120 ) ;
#2213 = DIRECTION ( 'NONE',  ( 0.000000000000000000, 0.000000000000000000, -1.000000000000000000 ) ) ;
#2214 = ORIENTED_EDGE ( 'NONE', *, *, #1890, .F. ) ;
#2215 = ORIENTED_EDGE ( 'NONE', *, *, #849, .T. ) ;
#2216 = CARTESIAN_POINT ( 'NONE',  ( -10.50000000000000000, 18.99999999999999289, -1.100000000000010747 ) ) ;
#2217 = EDGE_CURVE ( 'NONE', #2499, #1101, #1210, .T. ) ;
#2218 = ORIENTED_EDGE ( 'NONE', *, *, #1588, .F. ) ;
#2219 = LINE ( 'NONE', #1444, #810 ) ;
#2220 = VECTOR ( 'NONE', #2113, 1000.000000000000000 ) ;
#2221 = VECTOR ( 'NONE', #2186, 1000.000000000000000 ) ;
#2222 = FACE_OUTER_BOUND ( 'NONE', #1794, .T. ) ;
#2223 = ORIENTED_EDGE ( 'NONE', *, *, #850, .T. ) ;
#2224 = DIRECTION ( 'NONE',  ( -1.000000000000000000, -1.119176436114069085E-16, 0.000000000000000000 ) ) ;
#2225 = DIRECTION ( 'NONE',  ( 2.420544385083917231E-16, 1.000000000000000000, 0.000000000000000000 ) ) ;
#2226 = DIRECTION ( 'NONE',  ( 0.7071067811865444641, 0.7071067811865505703, -9.185433182841473151E-17 ) ) ;
#2227 = LINE ( 'NONE', #1246, #827 ) ;
#2228 = VERTEX_POINT ( 'NONE', #2 ) ;
#2229 = VECTOR ( 'NONE', #409, 1000.000000000000000 ) ;
#2230 = DIRECTION ( 'NONE',  ( -1.084202172485504434E-16, 1.000000000000000000, 0.000000000000000000 ) ) ;
#2231 = ADVANCED_FACE ( 'NONE', ( #2518 ), #1534, .F. ) ;
#2232 = ORIENTED_EDGE ( 'NONE', *, *, #1721, .F. ) ;
#2233 = CARTESIAN_POINT ( 'NONE',  ( -12.50000000000000178, -18.60000000000000497, 1.100000000000010747 ) ) ;
#2234 = DIRECTION ( 'NONE',  ( -1.210272192541958616E-16, 1.000000000000000000, 0.000000000000000000 ) ) ;
#2235 = ADVANCED_FACE ( 'NONE', ( #765 ), #2541, .T. ) ;
#2236 = VERTEX_POINT ( 'NONE', #1557 ) ;
#2237 = LINE ( 'NONE', #2390, #333 ) ;
#2238 = DIRECTION ( 'NONE',  ( 0.000000000000000000, -1.000000000000000000, 0.000000000000000000 ) ) ;
#2239 = DIRECTION ( 'NONE',  ( 0.000000000000000000, 0.000000000000000000, 1.000000000000000000 ) ) ;
#2240 = DIRECTION ( 'NONE',  ( -1.000000000000000000, 0.000000000000000000, 0.000000000000000000 ) ) ;
#2241 = EDGE_LOOP ( 'NONE', ( #2315, #2296 ) ) ;
#2242 = DIRECTION ( 'NONE',  ( 0.5773502691896249539, 0.5773502691896249539, 0.5773502691896273964 ) ) ;
#2243 = AXIS2_PLACEMENT_3D ( 'NONE', #1023, #42, #882 ) ;
#2244 = ORIENTED_EDGE ( 'NONE', *, *, #2472, .T. ) ;
#2245 = FACE_OUTER_BOUND ( 'NONE', #278, .T. ) ;
#2246 = DIRECTION ( 'NONE',  ( -0.7071067811865486830, 0.000000000000000000, -0.7071067811865464625 ) ) ;
#2247 = EDGE_LOOP ( 'NONE', ( #410, #1885, #1182, #549 ) ) ;
#2248 = DIRECTION ( 'NONE',  ( 0.000000000000000000, 1.000000000000000000, 0.000000000000000000 ) ) ;
#2249 = AXIS2_PLACEMENT_3D ( 'NONE', #560, #2550, #1766 ) ;
#2250 = VECTOR ( 'NONE', #1383, 1000.000000000000000 ) ;
#2251 = EDGE_CURVE ( 'NONE', #1509, #942, #2349, .T. ) ;
#2252 = LINE ( 'NONE', #90, #2549 ) ;
#2253 = DIRECTION ( 'NONE',  ( -0.000000000000000000, -0.000000000000000000, 1.000000000000000000 ) ) ;
#2254 = CARTESIAN_POINT ( 'NONE',  ( 10.50000000000000355, 19.39999999999998437, -1.100000000000009415 ) ) ;
#2255 = EDGE_LOOP ( 'NONE', ( #234, #602, #1767, #307 ) ) ;
#2256 = CARTESIAN_POINT ( 'NONE',  ( -10.50000000000000533, 19.39999999999998437, 1.500000000000000000 ) ) ;
#2257 = ORIENTED_EDGE ( 'NONE', *, *, #849, .F. ) ;
#2258 = PLANE ( 'NONE',  #1298 ) ;
#2259 = VECTOR ( 'NONE', #2057, 1000.000000000000000 ) ;
#2260 = FACE_OUTER_BOUND ( 'NONE', #872, .T. ) ;
#2261 = ORIENTED_EDGE ( 'NONE', *, *, #1748, .F. ) ;
#2262 = PLANE ( 'NONE',  #1374 ) ;
#2263 = CARTESIAN_POINT ( 'NONE',  ( -14.25000000000000000, 21.50000000000000000, -1.249999999999999778 ) ) ;
#2264 = EDGE_CURVE ( 'NONE', #1649, #327, #235, .T. ) ;
#2265 = EDGE_CURVE ( 'NONE', #1242, #1334, #1995, .T. ) ;
#2266 = PLANE ( 'NONE',  #1364 ) ;
#2267 = AXIS2_PLACEMENT_3D ( 'NONE', #1056, #260, #287 ) ;
#2268 = AXIS2_PLACEMENT_3D ( 'NONE', #619, #2519, #1792 ) ;
#2269 = LINE ( 'NONE', #158, #223 ) ;
#2270 = EDGE_CURVE ( 'NONE', #638, #902, #814, .T. ) ;
#2271 = ORIENTED_EDGE ( 'NONE', *, *, #2081, .F. ) ;
#2272 = CARTESIAN_POINT ( 'NONE',  ( -12.99999999999999645, -21.50000000000000000, -1.499999999999999112 ) ) ;
#2273 = ORIENTED_EDGE ( 'NONE', *, *, #393, .F. ) ;
#2274 = CARTESIAN_POINT ( 'NONE',  ( 12.49999999999999822, 18.60000000000000142, 1.100000000000010747 ) ) ;
#2275 = LINE ( 'NONE', #306, #1150 ) ;
#2276 = ORIENTED_EDGE ( 'NONE', *, *, #1019, .T. ) ;
#2277 = LINE ( 'NONE', #2072, #2034 ) ;
#2278 = CARTESIAN_POINT ( 'NONE',  ( 12.89999999999998970, 18.60000000000000142, -1.500000000000000000 ) ) ;
#2279 = ORIENTED_EDGE ( 'NONE', *, *, #1341, .T. ) ;
#2280 = VECTOR ( 'NONE', #2531, 1000.000000000000000 ) ;
#2281 = FACE_OUTER_BOUND ( 'NONE', #1052, .T. ) ;
#2282 = ORIENTED_EDGE ( 'NONE', *, *, #1276, .T. ) ;
#2283 = DIRECTION ( 'NONE',  ( -0.000000000000000000, -0.000000000000000000, 1.000000000000000000 ) ) ;
#2284 = ADVANCED_FACE ( 'NONE', ( #1034 ), #1219, .F. ) ;
#2285 = EDGE_LOOP ( 'NONE', ( #1326, #13, #999, #2384 ) ) ;
#2286 = DIRECTION ( 'NONE',  ( 0.7071067811865493491, 0.000000000000000000, -0.7071067811865455743 ) ) ;
#2287 = FACE_OUTER_BOUND ( 'NONE', #2470, .T. ) ;
#2288 = ORIENTED_EDGE ( 'NONE', *, *, #1990, .T. ) ;
#2289 = VECTOR ( 'NONE', #662, 1000.000000000000000 ) ;
#2290 = DIRECTION ( 'NONE',  ( 0.7071067811865486830, -0.000000000000000000, -0.7071067811865464625 ) ) ;
#2291 = CARTESIAN_POINT ( 'NONE',  ( 12.10000000000000853, 19.39999999999998437, 1.500000000000000000 ) ) ;
#2292 = EDGE_LOOP ( 'NONE', ( #1434, #1760, #2218, #2032 ) ) ;
#2293 = DIRECTION ( 'NONE',  ( 1.000000000000000000, 0.000000000000000000, 0.000000000000000000 ) ) ;
#2294 = FACE_OUTER_BOUND ( 'NONE', #2122, .T. ) ;
#2295 =( NAMED_UNIT ( * ) PLANE_ANGLE_UNIT ( ) SI_UNIT ( $, .RADIAN. ) );
#2296 = ORIENTED_EDGE ( 'NONE', *, *, #2423, .T. ) ;
#2297 = ADVANCED_FACE ( 'NONE', ( #1415 ), #2190, .F. ) ;
#2298 = LINE ( 'NONE', #497, #1880 ) ;
#2299 = ADVANCED_FACE ( 'NONE', ( #621 ), #2010, .T. ) ;
#2300 = DIRECTION ( 'NONE',  ( -0.7071067811865474617, 0.7071067811865474617, 0.000000000000000000 ) ) ;
#2301 = VERTEX_POINT ( 'NONE', #264 ) ;
#2302 = DIRECTION ( 'NONE',  ( 2.775557561562892584E-17, 0.7071067811865460184, 0.7071067811865490160 ) ) ;
#2303 = DIRECTION ( 'NONE',  ( 1.210272192541958616E-16, -1.000000000000000000, 0.000000000000000000 ) ) ;
#2304 = VECTOR ( 'NONE', #2366, 1000.000000000000000 ) ;
#2305 = ORIENTED_EDGE ( 'NONE', *, *, #757, .F. ) ;
#2306 = CONICAL_SURFACE ( 'NONE', #1186, 1.249999999999999334, 0.7853981633974500554 ) ;
#2307 = AXIS2_PLACEMENT_3D ( 'NONE', #465, #1844, #1244 ) ;
#2308 = LINE ( 'NONE', #701, #679 ) ;
#2309 = DIRECTION ( 'NONE',  ( 1.000000000000000000, 0.000000000000000000, 0.000000000000000000 ) ) ;
#2310 = DIRECTION ( 'NONE',  ( -0.000000000000000000, -0.000000000000000000, 1.000000000000000000 ) ) ;
#2311 = VERTEX_POINT ( 'NONE', #841 ) ;
#2312 = CARTESIAN_POINT ( 'NONE',  ( -10.50000000000000000, -18.99999999999999645, 1.500000000000000000 ) ) ;
#2313 = EDGE_CURVE ( 'NONE', #2236, #269, #608, .T. ) ;
#2314 = CARTESIAN_POINT ( 'NONE',  ( -12.50000000000000178, 18.99999999999999289, -1.100000000000010747 ) ) ;
#2315 = ORIENTED_EDGE ( 'NONE', *, *, #1236, .T. ) ;
#2316 = LINE ( 'NONE', #903, #1249 ) ;
#2317 = EDGE_CURVE ( 'NONE', #800, #38, #1007, .T. ) ;
#2318 = DIRECTION ( 'NONE',  ( -0.7071067811865474617, -0.7071067811865474617, 0.000000000000000000 ) ) ;
#2319 = EDGE_LOOP ( 'NONE', ( #2374, #2389, #620, #488 ) ) ;
#2320 = DIRECTION ( 'NONE',  ( 0.7071067811865487940, 8.659560562354948882E-17, -0.7071067811865463515 ) ) ;
#2321 = PLANE ( 'NONE',  #2534 ) ;
#2322 = LINE ( 'NONE', #2152, #771 ) ;
#2323 = AXIS2_PLACEMENT_3D ( 'NONE', #2419, #1017, #1452 ) ;
#2324 = ORIENTED_EDGE ( 'NONE', *, *, #1539, .F. ) ;
#2325 = DIRECTION ( 'NONE',  ( -4.906538933386811047E-16, 0.7071067811865479058, -0.7071067811865472397 ) ) ;
#2326 = VECTOR ( 'NONE', #1989, 1000.000000000000114 ) ;
#2327 = EDGE_LOOP ( 'NONE', ( #1919, #1208, #242, #1193, #1834, #833, #295, #202, #1369, #1997, #2208, #565, #962, #718, #96, #1910 ) ) ;
#2328 = CARTESIAN_POINT ( 'NONE',  ( -15.50000000000000000, -23.60000000000000853, 1.500000000000000000 ) ) ;
#2329 = VECTOR ( 'NONE', #550, 1000.000000000000000 ) ;
#2330 = EDGE_LOOP ( 'NONE', ( #484, #1416, #752, #1656 ) ) ;
#2331 = ADVANCED_FACE ( 'NONE', ( #1235 ), #1194, .T. ) ;
#2332 = CARTESIAN_POINT ( 'NONE',  ( -10.50000000000000000, -18.99999999999999645, 1.100000000000009415 ) ) ;
#2333 = DIRECTION ( 'NONE',  ( 2.420544385083917231E-16, 1.000000000000000000, 0.000000000000000000 ) ) ;
#2334 = CARTESIAN_POINT ( 'NONE',  ( -15.50000000000000000, -23.60000000000000853, -1.100000000000009415 ) ) ;
#2335 = EDGE_LOOP ( 'NONE', ( #575, #2146, #1407, #1609 ) ) ;
#2336 = LINE ( 'NONE', #1181, #1625 ) ;
#2337 = AXIS2_PLACEMENT_3D ( 'NONE', #1422, #683, #2224 ) ;
#2338 = ORIENTED_EDGE ( 'NONE', *, *, #1259, .T. ) ;
#2339 = DIRECTION ( 'NONE',  ( 1.000000000000000000, 1.652117596168387756E-16, 0.000000000000000000 ) ) ;
#2340 = ORIENTED_EDGE ( 'NONE', *, *, #145, .F. ) ;
#2341 = DIRECTION ( 'NONE',  ( -0.000000000000000000, 0.7071067811865505703, -0.7071067811865444641 ) ) ;
#2342 = EDGE_CURVE ( 'NONE', #1144, #2038, #801, .T. ) ;
#2343 = PLANE ( 'NONE',  #728 ) ;
#2344 = DIRECTION ( 'NONE',  ( 0.7071067811865474617, -0.7071067811865474617, 0.000000000000000000 ) ) ;
#2345 = AXIS2_PLACEMENT_3D ( 'NONE', #62, #617, #1214 ) ;
#2346 = ADVANCED_FACE ( 'NONE', ( #649 ), #2048, .F. ) ;
#2347 = ORIENTED_EDGE ( 'NONE', *, *, #1615, .F. ) ;
#2348 = AXIS2_PLACEMENT_3D ( 'NONE', #1582, #606, #798 ) ;
#2349 = LINE ( 'NONE', #790, #1096 ) ;
#2350 = AXIS2_PLACEMENT_3D ( 'NONE', #1780, #165, #927 ) ;
#2351 = ORIENTED_EDGE ( 'NONE', *, *, #425, .F. ) ;
#2352 = DIRECTION ( 'NONE',  ( -0.000000000000000000, -0.000000000000000000, 1.000000000000000000 ) ) ;
#2353 = VERTEX_POINT ( 'NONE', #1608 ) ;
#2354 = DIRECTION ( 'NONE',  ( 0.7071067811865479058, 7.211110073938385438E-15, -0.7071067811865470176 ) ) ;
#2355 = CARTESIAN_POINT ( 'NONE',  ( -12.50000000000000178, 19.39999999999998437, -1.500000000000000000 ) ) ;
#2356 = DIRECTION ( 'NONE',  ( -0.000000000000000000, -0.000000000000000000, 1.000000000000000000 ) ) ;
#2357 = CARTESIAN_POINT ( 'NONE',  ( 11.75000000000000355, -21.50000000000000000, -1.249999999999999778 ) ) ;
#2358 = ORIENTED_EDGE ( 'NONE', *, *, #1072, .F. ) ;
#2359 = DIRECTION ( 'NONE',  ( -0.7071067811865463515, -0.000000000000000000, -0.7071067811865486830 ) ) ;
#2360 = EDGE_CURVE ( 'NONE', #170, #661, #26, .T. ) ;
#2361 = VECTOR ( 'NONE', #2302, 1000.000000000000114 ) ;
#2362 = EDGE_LOOP ( 'NONE', ( #696, #1088, #1098, #525 ) ) ;
#2363 = CARTESIAN_POINT ( 'NONE',  ( 14.24999999999999467, 21.50000000000000000, 1.500000000000000000 ) ) ;
#2364 = CARTESIAN_POINT ( 'NONE',  ( 12.49999999999999822, -18.60000000000000142, 1.100000000000010747 ) ) ;
#2365 = ORIENTED_EDGE ( 'NONE', *, *, #1459, .T. ) ;
#2366 = DIRECTION ( 'NONE',  ( 1.000000000000000000, 1.652117596168387756E-16, 0.000000000000000000 ) ) ;
#2367 = CARTESIAN_POINT ( 'NONE',  ( -12.89999999999999325, -18.60000000000000497, -1.500000000000000000 ) ) ;
#2368 = CARTESIAN_POINT ( 'NONE',  ( -15.10000000000000853, -24.00000000000000000, 1.100000000000009415 ) ) ;
#2369 = VERTEX_POINT ( 'NONE', #443 ) ;
#2370 = CARTESIAN_POINT ( 'NONE',  ( -15.50000000000000000, -24.00000000000000000, -1.100000000000009415 ) ) ;
#2371 = VECTOR ( 'NONE', #2356, 1000.000000000000000 ) ;
#2372 = VECTOR ( 'NONE', #2398, 1000.000000000000114 ) ;
#2373 = EDGE_CURVE ( 'NONE', #942, #2407, #1048, .T. ) ;
#2374 = ORIENTED_EDGE ( 'NONE', *, *, #2013, .T. ) ;
#2375 = CARTESIAN_POINT ( 'NONE',  ( -10.89999999999999680, 24.00000000000000000, 1.100000000000009415 ) ) ;
#2376 = CARTESIAN_POINT ( 'NONE',  ( -15.10000000000000853, -24.00000000000000000, 1.500000000000000000 ) ) ;
#2377 = ORIENTED_EDGE ( 'NONE', *, *, #1895, .F. ) ;
#2378 = LINE ( 'NONE', #34, #2428 ) ;
#2379 = DIRECTION ( 'NONE',  ( -1.000000000000000000, 0.000000000000000000, 0.000000000000000000 ) ) ;
#2380 = AXIS2_PLACEMENT_3D ( 'NONE', #2469, #2454, #2234 ) ;
#2381 = DIRECTION ( 'NONE',  ( -0.7071067811865474617, 0.7071067811865474617, -0.000000000000000000 ) ) ;
#2382 = VERTEX_POINT ( 'NONE', #854 ) ;
#2383 = CARTESIAN_POINT ( 'NONE',  ( -11.49999999999999645, -21.50000000000000000, 1.500000000000000000 ) ) ;
#2384 = ORIENTED_EDGE ( 'NONE', *, *, #350, .T. ) ;
#2385 = CONICAL_SURFACE ( 'NONE', #1699, 1.499999999999999556, 0.7853981633974491672 ) ;
#2386 = CARTESIAN_POINT ( 'NONE',  ( 12.89999999999998970, 18.99999999999999289, -1.500000000000000000 ) ) ;
#2387 = ADVANCED_FACE ( 'NONE', ( #1250 ), #1390, .T. ) ;
#2388 = CARTESIAN_POINT ( 'NONE',  ( 10.50000000000000000, 19.39999999999998437, -1.500000000000000000 ) ) ;
#2389 = ORIENTED_EDGE ( 'NONE', *, *, #1100, .T. ) ;
#2390 = CARTESIAN_POINT ( 'NONE',  ( 12.10000000000000853, -19.39999999999998437, -1.500000000000000000 ) ) ;
#2391 = EDGE_CURVE ( 'NONE', #1533, #1958, #429, .T. ) ;
#2392 = DIRECTION ( 'NONE',  ( 1.000000000000000000, 0.000000000000000000, 0.000000000000000000 ) ) ;
#2393 = LINE ( 'NONE', #2006, #707 ) ;
#2394 = CARTESIAN_POINT ( 'NONE',  ( 10.89999999999999503, 18.99999999999999289, -46.98626166217662359 ) ) ;
#2395 = ORIENTED_EDGE ( 'NONE', *, *, #2264, .F. ) ;
#2396 = CARTESIAN_POINT ( 'NONE',  ( -15.50000000000000533, 23.60000000000000853, -1.100000000000009415 ) ) ;
#2397 = ORIENTED_EDGE ( 'NONE', *, *, #1720, .T. ) ;
#2398 = DIRECTION ( 'NONE',  ( 0.7071067811865479058, -9.892369188074125473E-16, -0.7071067811865470176 ) ) ;
#2399 = CARTESIAN_POINT ( 'NONE',  ( 0.000000000000000000, 0.000000000000000000, -1.500000000000000000 ) ) ;
#2400 = VERTEX_POINT ( 'NONE', #2396 ) ;
#2401 = CARTESIAN_POINT ( 'NONE',  ( -15.75000000000000000, -15.75000000000000000, -1.500000000000000000 ) ) ;
#2402 = LINE ( 'NONE', #1790, #1116 ) ;
#2403 = ADVANCED_FACE ( 'NONE', ( #1795 ), #2040, .T. ) ;
#2404 = ADVANCED_FACE ( 'NONE', ( #2481 ), #2054, .T. ) ;
#2405 = CARTESIAN_POINT ( 'NONE',  ( -1.637578961322109684E-14, 23.60000000000000142, 1.500000000000000000 ) ) ;
#2406 = FACE_OUTER_BOUND ( 'NONE', #1897, .T. ) ;
#2407 = VERTEX_POINT ( 'NONE', #1062 ) ;
#2408 = DIRECTION ( 'NONE',  ( -0.000000000000000000, -0.000000000000000000, 1.000000000000000000 ) ) ;
#2409 = ORIENTED_EDGE ( 'NONE', *, *, #145, .T. ) ;
#2410 = CARTESIAN_POINT ( 'NONE',  ( 12.49999999999999822, -18.99999999999999289, -1.100000000000010747 ) ) ;
#2411 = VECTOR ( 'NONE', #106, 1000.000000000000000 ) ;
#2412 = FACE_BOUND ( 'NONE', #1269, .T. ) ;
#2413 = ORIENTED_EDGE ( 'NONE', *, *, #758, .F. ) ;
#2414 = DIRECTION ( 'NONE',  ( -0.7071067811865474617, 0.7071067811865474617, 0.000000000000000000 ) ) ;
#2415 = DIRECTION ( 'NONE',  ( -0.5773502691896282846, -0.5773502691896282846, -0.5773502691896207351 ) ) ;
#2416 = AXIS2_PLACEMENT_3D ( 'NONE', #1828, #876, #2033 ) ;
#2417 = CARTESIAN_POINT ( 'NONE',  ( 13.00000000000000355, -21.50000000000000000, -1.249999999999999778 ) ) ;
#2418 = EDGE_CURVE ( 'NONE', #1690, #54, #312, .T. ) ;
#2419 = CARTESIAN_POINT ( 'NONE',  ( 12.49999999999999822, -18.60000000000000142, -46.98626166217662359 ) ) ;
#2420 = ORIENTED_EDGE ( 'NONE', *, *, #871, .F. ) ;
#2421 = CARTESIAN_POINT ( 'NONE',  ( 12.99999999999999645, 21.50000000000000000, 1.500000000000000000 ) ) ;
#2422 = MANIFOLD_SOLID_BREP ( 'Fase1', #686 ) ;
#2423 = EDGE_CURVE ( 'NONE', #301, #292, #604, .T. ) ;
#2424 = VECTOR ( 'NONE', #591, 1000.000000000000114 ) ;
#2425 = ORIENTED_EDGE ( 'NONE', *, *, #1977, .T. ) ;
#2426 = LINE ( 'NONE', #1253, #2372 ) ;
#2427 = VECTOR ( 'NONE', #140, 1000.000000000000000 ) ;
#2428 = VECTOR ( 'NONE', #1437, 1000.000000000000114 ) ;
#2429 = CARTESIAN_POINT ( 'NONE',  ( -12.10000000000001208, -18.99999999999999645, 1.500000000000000000 ) ) ;
#2430 = ORIENTED_EDGE ( 'NONE', *, *, #1538, .T. ) ;
#2431 = DIRECTION ( 'NONE',  ( 1.000000000000000000, 0.000000000000000000, 0.000000000000000000 ) ) ;
#2432 = DIRECTION ( 'NONE',  ( 0.000000000000000000, 0.000000000000000000, -1.000000000000000000 ) ) ;
#2433 = CARTESIAN_POINT ( 'NONE',  ( -12.99999999999999645, -21.50000000000000000, 1.500000000000000000 ) ) ;
#2434 = CARTESIAN_POINT ( 'NONE',  ( 15.10000000000000853, -23.99999999999999645, -1.100000000000009415 ) ) ;
#2435 = VERTEX_POINT ( 'NONE', #727 ) ;
#2436 = ORIENTED_EDGE ( 'NONE', *, *, #1221, .F. ) ;
#2437 = ORIENTED_EDGE ( 'NONE', *, *, #1763, .T. ) ;
#2438 = EDGE_CURVE ( 'NONE', #547, #894, #532, .T. ) ;
#2439 = PLANE ( 'NONE',  #1010 ) ;
#2440 = ADVANCED_FACE ( 'NONE', ( #675 ), #1456, .F. ) ;
#2441 = LINE ( 'NONE', #680, #2017 ) ;
#2442 = VERTEX_POINT ( 'NONE', #302 ) ;
#2443 = PLANE ( 'NONE',  #574 ) ;
#2444 = AXIS2_PLACEMENT_3D ( 'NONE', #1124, #2464, #2293 ) ;
#2445 = DIRECTION ( 'NONE',  ( -0.000000000000000000, -0.000000000000000000, 1.000000000000000000 ) ) ;
#2446 = CARTESIAN_POINT ( 'NONE',  ( -14.50000000000000000, 21.50000000000000000, 1.500000000000000000 ) ) ;
#2447 = VECTOR ( 'NONE', #414, 1000.000000000000000 ) ;
#2448 = DIRECTION ( 'NONE',  ( 0.5773502691896266192, -0.5773502691896266192, -0.5773502691896241767 ) ) ;
#2449 = EDGE_LOOP ( 'NONE', ( #1806, #1964, #826 ) ) ;
#2450 = CARTESIAN_POINT ( 'NONE',  ( 12.10000000000000853, -18.99999999999999289, -1.500000000000001332 ) ) ;
#2451 = VECTOR ( 'NONE', #926, 1000.000000000000114 ) ;
#2452 = VERTEX_POINT ( 'NONE', #1265 ) ;
#2453 = CARTESIAN_POINT ( 'NONE',  ( -12.99999999999999645, -21.50000000000000000, -1.249999999999999778 ) ) ;
#2454 = DIRECTION ( 'NONE',  ( -0.7071067811865480168, -8.557916744279304395E-17, -0.7071067811865471286 ) ) ;
#2455 = EDGE_CURVE ( 'NONE', #661, #215, #1506, .T. ) ;
#2456 = ORIENTED_EDGE ( 'NONE', *, *, #1809, .F. ) ;
#2457 = CARTESIAN_POINT ( 'NONE',  ( 15.49999999999999467, 24.00000000000000355, 1.500000000000000000 ) ) ;
#2458 = MECHANICAL_DESIGN_GEOMETRIC_PRESENTATION_REPRESENTATION (  '', ( #1960 ), #116 ) ;
#2459 = VECTOR ( 'NONE', #17, 1000.000000000000000 ) ;
#2460 = EDGE_CURVE ( 'NONE', #980, #514, #1663, .T. ) ;
#2461 = DIRECTION ( 'NONE',  ( -0.000000000000000000, -0.000000000000000000, 1.000000000000000000 ) ) ;
#2462 = PLANE ( 'NONE',  #2475 ) ;
#2463 = AXIS2_PLACEMENT_3D ( 'NONE', #943, #1726, #2098 ) ;
#2464 = DIRECTION ( 'NONE',  ( -0.000000000000000000, -0.000000000000000000, 1.000000000000000000 ) ) ;
#2465 = ORIENTED_EDGE ( 'NONE', *, *, #444, .T. ) ;
#2466 = FILL_AREA_STYLE ('',( #483 ) ) ;
#2467 = VERTEX_POINT ( 'NONE', #2067 ) ;
#2468 = DIRECTION ( 'NONE',  ( -1.168223555568282804E-16, 0.7071067811865461294, -0.7071067811865490160 ) ) ;
#2469 = CARTESIAN_POINT ( 'NONE',  ( -10.89999999999999325, -1.319196689870734119E-15, 1.500000000000000000 ) ) ;
#2470 = EDGE_LOOP ( 'NONE', ( #263, #1547, #1040, #445 ) ) ;
#2471 = CARTESIAN_POINT ( 'NONE',  ( 15.10000000000000320, 24.00000000000000355, 1.100000000000009415 ) ) ;
#2472 = EDGE_CURVE ( 'NONE', #1684, #54, #895, .T. ) ;
#2473 = CARTESIAN_POINT ( 'NONE',  ( -10.89999999999999325, -1.319196689870734119E-15, 1.500000000000000000 ) ) ;
#2474 = VECTOR ( 'NONE', #1268, 1000.000000000000000 ) ;
#2475 = AXIS2_PLACEMENT_3D ( 'NONE', #1858, #1439, #1478 ) ;
#2476 = ADVANCED_FACE ( 'NONE', ( #121 ), #909, .F. ) ;
#2477 = ADVANCED_FACE ( 'NONE', ( #1301 ), #326, .F. ) ;
#2478 = VECTOR ( 'NONE', #92, 1000.000000000000114 ) ;
#2479 = DIRECTION ( 'NONE',  ( -0.000000000000000000, -0.000000000000000000, 1.000000000000000000 ) ) ;
#2480 = EDGE_LOOP ( 'NONE', ( #332, #1540, #1899, #433 ) ) ;
#2481 = FACE_OUTER_BOUND ( 'NONE', #1175, .T. ) ;
#2482 = ORIENTED_EDGE ( 'NONE', *, *, #1892, .F. ) ;
#2483 = DIRECTION ( 'NONE',  ( 1.000000000000000000, 0.000000000000000000, 0.000000000000000000 ) ) ;
#2484 = DIRECTION ( 'NONE',  ( 0.000000000000000000, 0.000000000000000000, -1.000000000000000000 ) ) ;
#2485 = EDGE_LOOP ( 'NONE', ( #2261, #1916, #47, #1372 ) ) ;
#2486 = DIRECTION ( 'NONE',  ( -1.000000000000000000, -1.652117596168387756E-16, 0.000000000000000000 ) ) ;
#2487 = DIRECTION ( 'NONE',  ( 0.7071067811865487940, 8.659560562354948882E-17, -0.7071067811865463515 ) ) ;
#2488 = VERTEX_POINT ( 'NONE', #1368 ) ;
#2489 = CIRCLE ( 'NONE', #1708, 1.499999999999999556 ) ;
#2490 = PLANE ( 'NONE',  #1090 ) ;
#2491 = EDGE_CURVE ( 'NONE', #1559, #916, #341, .T. ) ;
#2492 = EDGE_CURVE ( 'NONE', #99, #177, #1315, .T. ) ;
#2493 = CARTESIAN_POINT ( 'NONE',  ( -15.50000000000000533, 24.00000000000000000, -1.100000000000009415 ) ) ;
#2494 = SURFACE_STYLE_FILL_AREA ( #2466 ) ;
#2495 = ORIENTED_EDGE ( 'NONE', *, *, #2342, .T. ) ;
#2496 = CARTESIAN_POINT ( 'NONE',  ( 15.10000000000000675, -23.99999999999999645, -1.500000000000000000 ) ) ;
#2497 = PLANE ( 'NONE',  #131 ) ;
#2498 = AXIS2_PLACEMENT_3D ( 'NONE', #2493, #774, #2309 ) ;
#2499 = VERTEX_POINT ( 'NONE', #1926 ) ;
#2500 = PLANE ( 'NONE',  #240 ) ;
#2501 = DIRECTION ( 'NONE',  ( -1.000000000000000000, 0.000000000000000000, 0.000000000000000000 ) ) ;
#2502 = ORIENTED_EDGE ( 'NONE', *, *, #1087, .T. ) ;
#2503 = DIRECTION ( 'NONE',  ( 0.7071067811865483499, 7.666467083416879319E-17, -0.7071067811865467956 ) ) ;
#2504 = LINE ( 'NONE', #1377, #2326 ) ;
#2505 = EDGE_CURVE ( 'NONE', #1232, #2038, #751, .T. ) ;
#2506 = EDGE_LOOP ( 'NONE', ( #1517, #1187, #708, #879 ) ) ;
#2507 = DIRECTION ( 'NONE',  ( -1.000000000000000000, -1.119176436114069085E-16, 0.000000000000000000 ) ) ;
#2508 = EDGE_CURVE ( 'NONE', #1801, #449, #148, .T. ) ;
#2509 = DIRECTION ( 'NONE',  ( 0.000000000000000000, 1.000000000000000000, 0.000000000000000000 ) ) ;
#2510 = VERTEX_POINT ( 'NONE', #1532 ) ;
#2511 = CARTESIAN_POINT ( 'NONE',  ( 12.99999999999999645, 21.50000000000000000, -1.249999999999999778 ) ) ;
#2512 = VECTOR ( 'NONE', #1934, 1000.000000000000000 ) ;
#2513 = ORIENTED_EDGE ( 'NONE', *, *, #2418, .F. ) ;
#2514 = LINE ( 'NONE', #1565, #2424 ) ;
#2515 = LINE ( 'NONE', #1531, #1922 ) ;
#2516 = CARTESIAN_POINT ( 'NONE',  ( 0.000000000000000000, 0.000000000000000000, 0.000000000000000000 ) ) ;
#2517 = ORIENTED_EDGE ( 'NONE', *, *, #1539, .T. ) ;
#2518 = FACE_OUTER_BOUND ( 'NONE', #16, .T. ) ;
#2519 = DIRECTION ( 'NONE',  ( -0.000000000000000000, -0.000000000000000000, 1.000000000000000000 ) ) ;
#2520 = EDGE_CURVE ( 'NONE', #894, #269, #582, .T. ) ;
#2521 = EDGE_CURVE ( 'NONE', #2045, #1242, #2322, .T. ) ;
#2522 = ORIENTED_EDGE ( 'NONE', *, *, #773, .F. ) ;
#2523 = PLANE ( 'NONE',  #1141 ) ;
#2524 = VERTEX_POINT ( 'NONE', #1126 ) ;
#2525 = PLANE ( 'NONE',  #984 ) ;
#2526 = ORIENTED_EDGE ( 'NONE', *, *, #44, .T. ) ;
#2527 = CARTESIAN_POINT ( 'NONE',  ( -13.00000000000000178, 21.50000000000000000, 1.500000000000000000 ) ) ;
#2528 = EDGE_LOOP ( 'NONE', ( #1093, #2161, #1931 ) ) ;
#2529 = DIRECTION ( 'NONE',  ( 0.000000000000000000, 1.000000000000000000, 0.000000000000000000 ) ) ;
#2530 = EDGE_LOOP ( 'NONE', ( #1678, #1255, #422 ) ) ;
#2531 = DIRECTION ( 'NONE',  ( -0.000000000000000000, -0.000000000000000000, 1.000000000000000000 ) ) ;
#2532 = ADVANCED_FACE ( 'NONE', ( #740 ), #279, .F. ) ;
#2533 = ADVANCED_FACE ( 'NONE', ( #1168 ), #763, .T. ) ;
#2534 = AXIS2_PLACEMENT_3D ( 'NONE', #1914, #2151, #1753 ) ;
#2535 = VECTOR ( 'NONE', #623, 1000.000000000000000 ) ;
#2536 = ORIENTED_EDGE ( 'NONE', *, *, #1395, .F. ) ;
#2537 = ADVANCED_FACE ( 'NONE', ( #978 ), #1755, .F. ) ;
#2538 = LINE ( 'NONE', #1552, #2100 ) ;
#2539 = CARTESIAN_POINT ( 'NONE',  ( -11.49999999999999645, -21.50000000000000000, 1.500000000000000000 ) ) ;
#2540 = ORIENTED_EDGE ( 'NONE', *, *, #1668, .F. ) ;
#2541 = PLANE ( 'NONE',  #1542 ) ;
#2542 = AXIS2_PLACEMENT_3D ( 'NONE', #2209, #1227, #1855 ) ;
#2543 = ORIENTED_EDGE ( 'NONE', *, *, #2373, .F. ) ;
#2544 = DIRECTION ( 'NONE',  ( 0.7071067811865474617, 0.7071067811865474617, 0.000000000000000000 ) ) ;
#2545 = EDGE_LOOP ( 'NONE', ( #792, #24, #1980, #1138 ) ) ;
#2546 = DIRECTION ( 'NONE',  ( 1.000000000000000000, 0.000000000000000000, 0.000000000000000000 ) ) ;
#2547 = EDGE_CURVE ( 'NONE', #1330, #1559, #367, .T. ) ;
#2548 = LINE ( 'NONE', #2187, #147 ) ;
#2549 = VECTOR ( 'NONE', #1123, 1000.000000000000000 ) ;
#2550 = DIRECTION ( 'NONE',  ( -0.000000000000000000, -0.000000000000000000, 1.000000000000000000 ) ) ;
#2551 = AXIS2_PLACEMENT_3D ( 'NONE', #1644, #809, #1831 ) ;
ENDSEC;
END-ISO-10303-21;
