ISO-10303-21;
HEADER;
FILE_DESCRIPTION (( 'STEP AP203' ),
    '1' );
FILE_NAME ('KPr-CAD-019-BP7-t.STEP',
    '2024-01-26T12:33:09',
    ( '' ),
    ( '' ),
    'SwSTEP 2.0',
    'SolidWorks 2018',
    '' );
FILE_SCHEMA (( 'CONFIG_CONTROL_DESIGN' ));
ENDSEC;

DATA;
#1 = ORIENTED_EDGE ( 'NONE', *, *, #8005, .F. ) ;
#2 = ADVANCED_FACE ( 'NONE', ( #7536 ), #2824, .F. ) ;
#3 = EDGE_CURVE ( 'NONE', #7960, #4908, #4878, .T. ) ;
#4 = CARTESIAN_POINT ( 'NONE',  ( 15.20003046560878168, 0.2000000000000000389, 0.8000000000000000444 ) ) ;
#5 = EDGE_LOOP ( 'NONE', ( #9965 ) ) ;
#6 = LINE ( 'NONE', #5719, #2429 ) ;
#7 = CARTESIAN_POINT ( 'NONE',  ( 3.125000001159363716, 1.705000000000055360, 21.50000000600094552 ) ) ;
#8 = CARTESIAN_POINT ( 'NONE',  ( 18.49960292296460551, 0.4647309022679296242, 0.5288153750043158574 ) ) ;
#9 = FACE_OUTER_BOUND ( 'NONE', #7420, .T. ) ;
#10 = EDGE_CURVE ( 'NONE', #10095, #5353, #8992, .T. ) ;
#11 = CARTESIAN_POINT ( 'NONE',  ( 10.00000000000000000, -0.8160471443862369334, -6.707698506541667882 ) ) ;
#12 = B_SPLINE_CURVE_WITH_KNOTS ( 'NONE', 3,
 ( #9730, #7910, #6305, #1094, #6203, #7119 ),
 .UNSPECIFIED., .F., .F.,
 ( 4, 2, 4 ),
 ( 0.000000000000000000, 0.0006685795647272085558, 0.001337159129454416895 ),
 .UNSPECIFIED. ) ;
#13 = CARTESIAN_POINT ( 'NONE',  ( 15.19572211674578277, 0.3974601128423650986, -0.8038646196689430701 ) ) ;
#14 = DIRECTION ( 'NONE',  ( 1.000000000000000000, 1.048381831895695582E-14, -3.491481338843121128E-15 ) ) ;
#15 = CARTESIAN_POINT ( 'NONE',  ( 4.792271032488154781, -0.8160471443862370444, 6.707698506541664329 ) ) ;
#16 = ORIENTED_EDGE ( 'NONE', *, *, #8277, .T. ) ;
#17 = CARTESIAN_POINT ( 'NONE',  ( -7.499978896770361558, 1.903999999999887338, 5.249999999326425026 ) ) ;
#18 = ORIENTED_EDGE ( 'NONE', *, *, #1741, .F. ) ;
#19 = EDGE_CURVE ( 'NONE', #10633, #6141, #10632, .T. ) ;
#20 = CYLINDRICAL_SURFACE ( 'NONE', #8120, 0.2000000000000000666 ) ;
#21 = EDGE_CURVE ( 'NONE', #2534, #3133, #10744, .T. ) ;
#22 = CARTESIAN_POINT ( 'NONE',  ( 18.45269894033862812, -0.3184047777727230244, -0.2014350940831746983 ) ) ;
#23 = FACE_OUTER_BOUND ( 'NONE', #1537, .T. ) ;
#24 = CARTESIAN_POINT ( 'NONE',  ( 1.363928754406378507, -0.8162354577462339611, 4.509441294712640769 ) ) ;
#25 = CARTESIAN_POINT ( 'NONE',  ( -15.00000000000000000, -0.1400000000000001243, -0.4500000000000000666 ) ) ;
#26 = CARTESIAN_POINT ( 'NONE',  ( -18.50000000000000000, -0.06427129807304572673, -0.5388831837233760691 ) ) ;
#27 = ORIENTED_EDGE ( 'NONE', *, *, #4349, .T. ) ;
#28 = CARTESIAN_POINT ( 'NONE',  ( -0.6524999988406544604, 1.858999999999995323, 15.78258659774595785 ) ) ;
#29 = ORIENTED_EDGE ( 'NONE', *, *, #9187, .F. ) ;
#30 = AXIS2_PLACEMENT_3D ( 'NONE', #9347, #820, #10076 ) ;
#31 = CIRCLE ( 'NONE', #6745, 0.5000000000000004441 ) ;
#32 = VECTOR ( 'NONE', #2593, 1000.000000000000000 ) ;
#33 = EDGE_CURVE ( 'NONE', #4532, #5944, #10492, .T. ) ;
#34 = DIRECTION ( 'NONE',  ( -5.754656010973727542E-15, 1.212737214708358586E-16, -1.000000000000000000 ) ) ;
#35 = CARTESIAN_POINT ( 'NONE',  ( 18.49999999999999645, 0.7860749301342982998, -0.1104311045347763642 ) ) ;
#36 = EDGE_LOOP ( 'NONE', ( #4176, #1629, #2454, #5827 ) ) ;
#37 = CARTESIAN_POINT ( 'NONE',  ( 4.532310631747493268, -0.8750000000000000000, 5.433504217327677743 ) ) ;
#38 = AXIS2_PLACEMENT_3D ( 'NONE', #1059, #977, #1898 ) ;
#39 = ORIENTED_EDGE ( 'NONE', *, *, #6698, .F. ) ;
#40 = CARTESIAN_POINT ( 'NONE',  ( 0.9919033010572743114, 0.5919197647081011482, 7.493159015060367523 ) ) ;
#41 = ORIENTED_EDGE ( 'NONE', *, *, #900, .F. ) ;
#42 = CARTESIAN_POINT ( 'NONE',  ( 12.30783666301304358, 1.925000000000001821, -5.465849364905381869 ) ) ;
#43 = VECTOR ( 'NONE', #2700, 1000.000000000000000 ) ;
#44 = VECTOR ( 'NONE', #11051, 1000.000000000000000 ) ;
#45 = ADVANCED_FACE ( 'NONE', ( #1562 ), #4528, .T. ) ;
#46 = AXIS2_PLACEMENT_3D ( 'NONE', #10044, #4928, #792 ) ;
#47 = CARTESIAN_POINT ( 'NONE',  ( -0.6249999988406347295, 1.824000000000013832, 21.00100000600095740 ) ) ;
#48 = CARTESIAN_POINT ( 'NONE',  ( -18.45084524250228952, -0.1387939518313415499, -0.4439406689280909757 ) ) ;
#49 = CARTESIAN_POINT ( 'NONE',  ( 9.999999999998543387, -0.3750000000000000000, 6.699999999999998401 ) ) ;
#50 = ORIENTED_EDGE ( 'NONE', *, *, #5013, .T. ) ;
#51 = EDGE_CURVE ( 'NONE', #10927, #3118, #8460, .T. ) ;
#52 = CARTESIAN_POINT ( 'NONE',  ( 14.98307127738564581, 1.169845869034119135, -0.2648863418039547057 ) ) ;
#53 = DIRECTION ( 'NONE',  ( 0.01234165475093181030, 0.7070529271412423489, -0.7070529271412501204 ) ) ;
#54 = CARTESIAN_POINT ( 'NONE',  ( 1.101388203507723818, 0.7795301256931723710, 7.380399361577286044 ) ) ;
#55 = LINE ( 'NONE', #3138, #1536 ) ;
#56 = AXIS2_PLACEMENT_3D ( 'NONE', #9088, #4854, #1487 ) ;
#57 = VERTEX_POINT ( 'NONE', #5907 ) ;
#58 = FACE_OUTER_BOUND ( 'NONE', #2597, .T. ) ;
#59 = ORIENTED_EDGE ( 'NONE', *, *, #7558, .T. ) ;
#60 = FACE_OUTER_BOUND ( 'NONE', #10059, .T. ) ;
#61 = CARTESIAN_POINT ( 'NONE',  ( 14.98466589161030704, -0.6784904812874567037, 0.000000000000000000 ) ) ;
#62 = CARTESIAN_POINT ( 'NONE',  ( -9.764586297939949588, 2.825000000000000178, 2.066987298107940241 ) ) ;
#63 = CARTESIAN_POINT ( 'NONE',  ( 1.100777476540722999, 0.7445416011868148942, 7.381620815511718448 ) ) ;
#64 = AXIS2_PLACEMENT_3D ( 'NONE', #762, #716, #835 ) ;
#65 = FACE_BOUND ( 'NONE', #1940, .T. ) ;
#66 = DIRECTION ( 'NONE',  ( -6.695867893146834844E-15, 1.212737214708358339E-16, -1.000000000000000000 ) ) ;
#67 = CYLINDRICAL_SURFACE ( 'NONE', #213, 0.4999999999999987232 ) ;
#68 = CARTESIAN_POINT ( 'NONE',  ( -18.50000000000000000, -0.1630346469846407076, 0.4876989497462551060 ) ) ;
#69 = ADVANCED_FACE ( 'NONE', ( #6216 ), #7582, .T. ) ;
#70 = FACE_OUTER_BOUND ( 'NONE', #1275, .T. ) ;
#71 = EDGE_LOOP ( 'NONE', ( #9920, #6649, #7013, #6051 ) ) ;
#72 = DIRECTION ( 'NONE',  ( 3.188185212176155557E-15, 3.491481338843203564E-15, 1.000000000000000000 ) ) ;
#73 = VECTOR ( 'NONE', #2305, 1000.000000000000000 ) ;
#74 = VERTEX_POINT ( 'NONE', #5809 ) ;
#75 = VECTOR ( 'NONE', #2016, 1000.000000000000114 ) ;
#76 = EDGE_CURVE ( 'NONE', #3369, #8599, #8080, .T. ) ;
#77 = CARTESIAN_POINT ( 'NONE',  ( 0.8028057427104441368, -0.5357408923105310139, 5.429608320600668669 ) ) ;
#78 = CARTESIAN_POINT ( 'NONE',  ( 0.9000000000159349423, 1.704999999999966542, 2.726800011804329849 ) ) ;
#79 = LINE ( 'NONE', #10731, #2650 ) ;
#80 = DIRECTION ( 'NONE',  ( 0.000000000000000000, 0.000000000000000000, -1.000000000000000000 ) ) ;
#81 = CARTESIAN_POINT ( 'NONE',  ( -14.99999999999999822, 0.1999999999999999833, 2.499999999999965805 ) ) ;
#82 = ORIENTED_EDGE ( 'NONE', *, *, #382, .T. ) ;
#83 = ORIENTED_EDGE ( 'NONE', *, *, #2937, .T. ) ;
#84 = ORIENTED_EDGE ( 'NONE', *, *, #4969, .T. ) ;
#85 = ORIENTED_EDGE ( 'NONE', *, *, #1381, .F. ) ;
#86 = VECTOR ( 'NONE', #668, 1000.000000000000000 ) ;
#87 = ORIENTED_EDGE ( 'NONE', *, *, #1672, .T. ) ;
#88 = CARTESIAN_POINT ( 'NONE',  ( -14.99999999999999822, 0.01099999999999902792, -0.4500000000000000666 ) ) ;
#89 = EDGE_CURVE ( 'NONE', #9831, #2503, #1297, .T. ) ;
#90 = EDGE_CURVE ( 'NONE', #9980, #6124, #3968, .T. ) ;
#91 = CARTESIAN_POINT ( 'NONE',  ( -1.110574558124499012, 1.305816029214822649, 5.706984659222886336 ) ) ;
#92 = FACE_OUTER_BOUND ( 'NONE', #7060, .T. ) ;
#93 = DIRECTION ( 'NONE',  ( 1.000000000000000000, -1.301042606982605321E-16, 0.000000000000000000 ) ) ;
#94 = EDGE_LOOP ( 'NONE', ( #209, #3940, #4867, #351 ) ) ;
#95 = EDGE_LOOP ( 'NONE', ( #2133, #1551, #2464, #5136, #4607, #2379, #5155, #9705, #1425, #7860, #843, #4625, #2255, #9193, #7372, #4577, #6629, #6770, #3917, #5658, #1563, #2225, #10299, #4894 ) ) ;
#96 = ORIENTED_EDGE ( 'NONE', *, *, #9824, .T. ) ;
#97 = CARTESIAN_POINT ( 'NONE',  ( -6.500000000000063061, 2.825000000000000622, 0.3000000000001334932 ) ) ;
#98 = B_SPLINE_CURVE_WITH_KNOTS ( 'NONE', 3,
 ( #720, #4964, #5841, #4069, #3291, #6646 ),
 .UNSPECIFIED., .F., .F.,
 ( 4, 2, 4 ),
 ( 0.000000000000000000, 0.0004758153568465559773, 0.0009516307136931119546 ),
 .UNSPECIFIED. ) ;
#99 = CARTESIAN_POINT ( 'NONE',  ( 14.99291105298954641, 0.6061255022400304782, 0.7214003937329623861 ) ) ;
#100 = VERTEX_POINT ( 'NONE', #2402 ) ;
#101 = DIRECTION ( 'NONE',  ( 0.000000000000000000, 0.000000000000000000, 1.000000000000000000 ) ) ;
#102 = CARTESIAN_POINT ( 'NONE',  ( -3.124999998840650495, 1.903999999999973047, 16.65000000600096897 ) ) ;
#103 = EDGE_CURVE ( 'NONE', #3984, #2810, #5100, .T. ) ;
#104 = LINE ( 'NONE', #8534, #4900 ) ;
#105 = DIRECTION ( 'NONE',  ( 0.000000000000000000, 0.000000000000000000, 1.000000000000000000 ) ) ;
#106 = CARTESIAN_POINT ( 'NONE',  ( 15.00000000000000000, 0.3129999999999997784, 0.07499999999999970579 ) ) ;
#107 = VERTEX_POINT ( 'NONE', #9299 ) ;
#108 = CARTESIAN_POINT ( 'NONE',  ( 1.166430245547564137, -0.8163386709082539605, 4.633588495770801785 ) ) ;
#109 = VERTEX_POINT ( 'NONE', #6686 ) ;
#110 = DIRECTION ( 'NONE',  ( 1.047444401652941269E-14, -1.000000000000000000, 3.491481338843170037E-15 ) ) ;
#111 = CARTESIAN_POINT ( 'NONE',  ( 0.7999999999985443200, -0.3750000000000000000, 6.500030460968719837 ) ) ;
#112 = ADVANCED_FACE ( 'NONE', ( #5554 ), #8480, .T. ) ;
#113 = EDGE_CURVE ( 'NONE', #6985, #3476, #3043, .T. ) ;
#114 = DIRECTION ( 'NONE',  ( 0.000000000000000000, 0.000000000000000000, -1.000000000000000000 ) ) ;
#115 = ORIENTED_EDGE ( 'NONE', *, *, #6647, .F. ) ;
#116 = DIRECTION ( 'NONE',  ( 0.9998476951563912696, -0.01745240643728354982, 0.000000000000000000 ) ) ;
#117 = CARTESIAN_POINT ( 'NONE',  ( 18.50000000000003908, 0.7614578414914686677, 0.2240558078723242363 ) ) ;
#118 = CARTESIAN_POINT ( 'NONE',  ( -12.77500000000011937, 1.925000000000001377, -5.224999999999814015 ) ) ;
#119 = DIRECTION ( 'NONE',  ( 1.703767317533126255E-17, -1.000000000000000000, -1.212737214708384717E-16 ) ) ;
#120 = ORIENTED_EDGE ( 'NONE', *, *, #10413, .F. ) ;
#121 = CARTESIAN_POINT ( 'NONE',  ( 10.62932159828107892, 2.925000000000001599, -2.008780953565530325 ) ) ;
#122 = ADVANCED_FACE ( 'NONE', ( #1696 ), #8193, .T. ) ;
#123 = ADVANCED_FACE ( 'NONE', ( #6887 ), #5017, .T. ) ;
#124 = AXIS2_PLACEMENT_3D ( 'NONE', #10773, #2277, #8224 ) ;
#125 = CARTESIAN_POINT ( 'NONE',  ( -0.9999999988406678142, 1.604999999999978222, 11.75000000600095973 ) ) ;
#126 = CARTESIAN_POINT ( 'NONE',  ( 0.9982849567958963499, 1.826745240643728341, 7.500000000000080824 ) ) ;
#127 = ORIENTED_EDGE ( 'NONE', *, *, #8101, .T. ) ;
#128 = CARTESIAN_POINT ( 'NONE',  ( 18.45268375041135656, -0.3168891845630532056, -0.2059698139550525664 ) ) ;
#129 = CARTESIAN_POINT ( 'NONE',  ( 15.00038992731653131, 0.1776610789971348747, 0.9998223523808090762 ) ) ;
#130 = ORIENTED_EDGE ( 'NONE', *, *, #9824, .F. ) ;
#131 = CARTESIAN_POINT ( 'NONE',  ( 1.467163336986694322, 1.925000000000001821, -7.040849364905310104 ) ) ;
#132 = VERTEX_POINT ( 'NONE', #3036 ) ;
#133 = EDGE_CURVE ( 'NONE', #9024, #9128, #2653, .T. ) ;
#134 = DIRECTION ( 'NONE',  ( -1.000000000000000000, -1.703767317532268061E-17, 6.911138328291599464E-15 ) ) ;
#135 = DIRECTION ( 'NONE',  ( 0.000000000000000000, 0.000000000000000000, 1.000000000000000000 ) ) ;
#136 = DIRECTION ( 'NONE',  ( -1.000000000000000000, 0.000000000000000000, 6.897922088238998483E-15 ) ) ;
#137 = DIRECTION ( 'NONE',  ( -1.000000000000000000, -1.703767317532268061E-17, 6.911138328291599464E-15 ) ) ;
#138 = AXIS2_PLACEMENT_3D ( 'NONE', #4297, #6022, #5117 ) ;
#139 = VERTEX_POINT ( 'NONE', #5186 ) ;
#140 = CARTESIAN_POINT ( 'NONE',  ( -3.241599998840693608, 1.704999999999928351, 4.226800002784057320 ) ) ;
#141 = DIRECTION ( 'NONE',  ( 0.01745198130024988234, -0.9998233390720429048, 0.006979899392304032488 ) ) ;
#142 = CYLINDRICAL_SURFACE ( 'NONE', #1807, 0.1000000000000000472 ) ;
#143 = CARTESIAN_POINT ( 'NONE',  ( 11.70720044927873360, 2.825000000000001510, -4.327032419940927355 ) ) ;
#144 = CC_DESIGN_DATE_AND_TIME_ASSIGNMENT ( #5601, #7498, ( #3241 ) ) ;
#145 = ORIENTED_EDGE ( 'NONE', *, *, #3899, .F. ) ;
#146 = CARTESIAN_POINT ( 'NONE',  ( -8.514586297939972681, 2.825000000000001066, -1.299999999999853273 ) ) ;
#147 = CARTESIAN_POINT ( 'NONE',  ( 18.45130719100655270, 0.4380798399798318532, 0.4944987375301043708 ) ) ;
#148 = CARTESIAN_POINT ( 'NONE',  ( 2.699999999998545785, -0.3750000000000000000, 9.324932431938870891 ) ) ;
#149 = VECTOR ( 'NONE', #10544, 1000.000000000000000 ) ;
#150 = LINE ( 'NONE', #2722, #9615 ) ;
#151 = VERTEX_POINT ( 'NONE', #9600 ) ;
#152 = CARTESIAN_POINT ( 'NONE',  ( -1.101886547524476567, 0.8080802352918988740, 5.696930015022698690 ) ) ;
#153 = ORIENTED_EDGE ( 'NONE', *, *, #9266, .F. ) ;
#154 = CARTESIAN_POINT ( 'NONE',  ( -0.9999999988406591545, 1.604999999999985549, 13.87500000600095795 ) ) ;
#155 = CARTESIAN_POINT ( 'NONE',  ( 7.500000001159293106, 1.859000000000025521, 0.001000006000929920535 ) ) ;
#156 = EDGE_CURVE ( 'NONE', #8185, #7216, #7821, .T. ) ;
#157 = CIRCLE ( 'NONE', #7058, 0.05999999999999937328 ) ;
#158 = B_SPLINE_CURVE_WITH_KNOTS ( 'NONE', 3,
 ( #5174, #6757, #10251, #2583, #9323, #4259 ),
 .UNSPECIFIED., .F., .F.,
 ( 4, 2, 4 ),
 ( 0.000000000000000000, 0.0002437358614892772642, 0.0004874717229785545283 ),
 .UNSPECIFIED. ) ;
#159 = CARTESIAN_POINT ( 'NONE',  ( 14.98603594805742567, 1.000000000000001554, -0.1064308286629104816 ) ) ;
#160 = CARTESIAN_POINT ( 'NONE',  ( 9.999999999999966249, 1.865000000000000435, -7.410928177211883572 ) ) ;
#161 = CARTESIAN_POINT ( 'NONE',  ( -12.30783666301316792, 1.925000000000000044, 6.034150635094783333 ) ) ;
#162 = CYLINDRICAL_SURFACE ( 'NONE', #2723, 0.1999999999999996503 ) ;
#163 = CARTESIAN_POINT ( 'NONE',  ( -18.50000000000000000, 0.09727005823203246915, -0.6188448943953097636 ) ) ;
#164 = ORIENTED_EDGE ( 'NONE', *, *, #230, .F. ) ;
#165 = ORIENTED_EDGE ( 'NONE', *, *, #8277, .F. ) ;
#166 = EDGE_CURVE ( 'NONE', #522, #7402, #8601, .T. ) ;
#167 = ORIENTED_EDGE ( 'NONE', *, *, #2843, .F. ) ;
#168 = EDGE_CURVE ( 'NONE', #9838, #3133, #6872, .T. ) ;
#169 = CARTESIAN_POINT ( 'NONE',  ( 12.30783666301307733, 1.925000000000000488, 5.465849364905391639 ) ) ;
#170 = DIRECTION ( 'NONE',  ( -0.01745240643728354635, 0.9998476951563911586, 0.000000000000000000 ) ) ;
#171 = CARTESIAN_POINT ( 'NONE',  ( 1.204892435452828092, -0.8749999999999998890, 4.681579641224002053 ) ) ;
#172 = LINE ( 'NONE', #3741, #1516 ) ;
#173 = FACE_OUTER_BOUND ( 'NONE', #1436, .T. ) ;
#174 = CARTESIAN_POINT ( 'NONE',  ( -12.28283666301328836, 1.925000000000001377, -5.509150635094426818 ) ) ;
#175 = CARTESIAN_POINT ( 'NONE',  ( 1.150000000015935164, 1.704999999999969207, 2.726800011804329849 ) ) ;
#176 = CARTESIAN_POINT ( 'NONE',  ( -1.230336675081827202, 1.865000000000000435, 7.410928177211881795 ) ) ;
#177 = ADVANCED_FACE ( 'NONE', ( #3839 ), #4626, .T. ) ;
#178 = CARTESIAN_POINT ( 'NONE',  ( 17.24999999999999645, 1.000000000000000222, 0.000000000000000000 ) ) ;
#179 = ORIENTED_EDGE ( 'NONE', *, *, #9524, .T. ) ;
#180 = CARTESIAN_POINT ( 'NONE',  ( -10.00000000000003020, 2.924999999999999822, 7.500000000000158096 ) ) ;
#181 = VERTEX_POINT ( 'NONE', #4005 ) ;
#182 = DIRECTION ( 'NONE',  ( 1.703767317533126255E-17, -1.000000000000000000, -1.212737214708384717E-16 ) ) ;
#183 = ORIENTED_EDGE ( 'NONE', *, *, #3321, .T. ) ;
#184 =( BOUNDED_CURVE ( )  B_SPLINE_CURVE ( 3, ( #9208, #2309, #9985, #10836 ),
 .UNSPECIFIED., .F., .F. ) 
 B_SPLINE_CURVE_WITH_KNOTS ( ( 4, 4 ),
 ( 2.356346783439925208, 3.926838523739660580 ),
 .UNSPECIFIED. ) 
 CURVE ( )  GEOMETRIC_REPRESENTATION_ITEM ( )  RATIONAL_B_SPLINE_CURVE ( ( 1.000000000000000000, 0.8048096403827855738, 0.8048096403827855738, 1.000000000000000000 ) ) 
 REPRESENTATION_ITEM ( '' )  );
#185 = CIRCLE ( 'NONE', #7847, 0.4249999999999998224 ) ;
#186 = EDGE_CURVE ( 'NONE', #3990, #2679, #7593, .T. ) ;
#187 = ORIENTED_EDGE ( 'NONE', *, *, #3870, .F. ) ;
#188 = DIRECTION ( 'NONE',  ( 0.000000000000000000, 0.000000000000000000, -1.000000000000000000 ) ) ;
#189 = DIRECTION ( 'NONE',  ( -6.737665980693918755E-15, 1.212737214708358339E-16, -1.000000000000000000 ) ) ;
#190 = VECTOR ( 'NONE', #10522, 1000.000000000000114 ) ;
#191 = VECTOR ( 'NONE', #9405, 1000.000000000000000 ) ;
#192 = DIRECTION ( 'NONE',  ( -0.000000000000000000, -1.000000000000000000, -0.000000000000000000 ) ) ;
#193 = CIRCLE ( 'NONE', #671, 0.2500000000000002220 ) ;
#194 = AXIS2_PLACEMENT_3D ( 'NONE', #2893, #141, #4457 ) ;
#195 = ORIENTED_EDGE ( 'NONE', *, *, #1245, .F. ) ;
#196 = CIRCLE ( 'NONE', #460, 2.101041666666647600 ) ;
#197 = ORIENTED_EDGE ( 'NONE', *, *, #8500, .F. ) ;
#198 = LINE ( 'NONE', #1953, #1685 ) ;
#199 = DIRECTION ( 'NONE',  ( 0.000000000000000000, 1.000000000000000000, -0.000000000000000000 ) ) ;
#200 = EDGE_CURVE ( 'NONE', #11062, #10197, #9597, .T. ) ;
#201 = CARTESIAN_POINT ( 'NONE',  ( 0.8676893682495946392, -0.8750000000000001110, 5.220753297701538287 ) ) ;
#202 = CARTESIAN_POINT ( 'NONE',  ( 4.056180705592799640, 0.6999999999999999556, 6.034673796026331694 ) ) ;
#203 = AXIS2_PLACEMENT_3D ( 'NONE', #8659, #8581, #3483 ) ;
#204 = FACE_OUTER_BOUND ( 'NONE', #1270, .T. ) ;
#205 = VECTOR ( 'NONE', #7567, 1000.000000000000114 ) ;
#206 = VERTEX_POINT ( 'NONE', #6466 ) ;
#207 = VERTEX_POINT ( 'NONE', #1376 ) ;
#208 = VECTOR ( 'NONE', #4993, 1000.000000000000000 ) ;
#209 = ORIENTED_EDGE ( 'NONE', *, *, #5661, .F. ) ;
#210 = CARTESIAN_POINT ( 'NONE',  ( -18.49763933512453917, -0.06387604196109981924, 0.5208092741617420529 ) ) ;
#211 = DIRECTION ( 'NONE',  ( -1.703767317533126255E-17, 1.000000000000000000, 1.212737214708384717E-16 ) ) ;
#212 = DIRECTION ( 'NONE',  ( 0.9848077530122063550, 3.783779336864370144E-17, -0.1736481776669395183 ) ) ;
#213 = AXIS2_PLACEMENT_3D ( 'NONE', #2648, #2520, #9270 ) ;
#214 = CARTESIAN_POINT ( 'NONE',  ( -14.97091903892126474, 1.866047144386236978, -2.499999999999964917 ) ) ;
#215 = DIRECTION ( 'NONE',  ( 0.01744974916068272111, -0.9996954598818874604, 0.01744974916068272111 ) ) ;
#216 = CARTESIAN_POINT ( 'NONE',  ( -0.3499999999840731069, 1.704999999999943006, -0.2499999881956684045 ) ) ;
#217 = DIRECTION ( 'NONE',  ( 1.703767317533126255E-17, -1.000000000000000000, -1.212737214708384717E-16 ) ) ;
#218 = EDGE_CURVE ( 'NONE', #235, #7262, #7137, .T. ) ;
#219 = CIRCLE ( 'NONE', #355, 0.06000000000000015737 ) ;
#220 = ORIENTED_EDGE ( 'NONE', *, *, #10405, .T. ) ;
#221 = EDGE_LOOP ( 'NONE', ( #10186, #9369, #8644, #8083 ) ) ;
#222 = ORIENTED_EDGE ( 'NONE', *, *, #9878, .T. ) ;
#223 = ORIENTED_EDGE ( 'NONE', *, *, #515, .T. ) ;
#224 = PLANE ( 'NONE',  #5575 ) ;
#225 = CARTESIAN_POINT ( 'NONE',  ( 14.74999999999989519, 2.925000000000001599, -2.500000000000011990 ) ) ;
#226 = EDGE_CURVE ( 'NONE', #5604, #6241, #10071, .T. ) ;
#227 = CARTESIAN_POINT ( 'NONE',  ( -18.50000000000000000, 0.2000000000000001499, 0.000000000000000000 ) ) ;
#228 = FACE_OUTER_BOUND ( 'NONE', #5680, .T. ) ;
#229 = DIRECTION ( 'NONE',  ( -1.000000000000000000, 0.000000000000000000, 6.938893903907222067E-15 ) ) ;
#230 = EDGE_CURVE ( 'NONE', #5634, #6717, #7391, .T. ) ;
#231 = ORIENTED_EDGE ( 'NONE', *, *, #9960, .F. ) ;
#232 = ORIENTED_EDGE ( 'NONE', *, *, #4039, .T. ) ;
#233 = VERTEX_POINT ( 'NONE', #7281 ) ;
#234 = ADVANCED_FACE ( 'NONE', ( #2354 ), #6595, .F. ) ;
#235 = VERTEX_POINT ( 'NONE', #4793 ) ;
#236 = DIRECTION ( 'NONE',  ( 0.000000000000000000, 0.000000000000000000, -1.000000000000000000 ) ) ;
#237 = CARTESIAN_POINT ( 'NONE',  ( -0.1000000000000080685, 1.903999999999945736, -0.2500000000000210387 ) ) ;
#238 = CIRCLE ( 'NONE', #2153, 0.2676893682510504968 ) ;
#239 = B_SPLINE_CURVE_WITH_KNOTS ( 'NONE', 3,
 ( #9327, #8430, #5084, #3367 ),
 .UNSPECIFIED., .F., .F.,
 ( 4, 4 ),
 ( 0.000000000000000000, 2.564895150621788656E-08 ),
 .UNSPECIFIED. ) ;
#240 = CARTESIAN_POINT ( 'NONE',  ( 2.300000001159365315, 1.824000000000044475, 21.00100000600095029 ) ) ;
#241 = EDGE_CURVE ( 'NONE', #5678, #207, #722, .T. ) ;
#242 = CARTESIAN_POINT ( 'NONE',  ( 1.450000001159305274, 1.704999999999976756, 3.976800006000948962 ) ) ;
#243 = CARTESIAN_POINT ( 'NONE',  ( 13.19216333698674681, 1.925000000000000488, 6.034150635094603032 ) ) ;
#244 = ORIENTED_EDGE ( 'NONE', *, *, #10023, .F. ) ;
#245 = VERTEX_POINT ( 'NONE', #3143 ) ;
#246 = EDGE_CURVE ( 'NONE', #8154, #10188, #9675, .T. ) ;
#247 = ORIENTED_EDGE ( 'NONE', *, *, #6971, .F. ) ;
#248 = DIRECTION ( 'NONE',  ( 0.000000000000000000, 0.9998476951563911586, 0.01745240643728354635 ) ) ;
#249 = DIRECTION ( 'NONE',  ( -1.047444401652941269E-14, 1.000000000000000000, -3.491481338843170037E-15 ) ) ;
#250 = CARTESIAN_POINT ( 'NONE',  ( 14.99999999999999822, 0.1999999999999999833, 0.9471569420779957227 ) ) ;
#251 = EDGE_CURVE ( 'NONE', #7078, #10417, #7671, .T. ) ;
#252 = DIRECTION ( 'NONE',  ( -1.000000000000000000, 0.000000000000000000, 1.349229370204181174E-14 ) ) ;
#253 = CARTESIAN_POINT ( 'NONE',  ( -18.48939245899730111, -0.05706122399137934786, -0.5073688155526123733 ) ) ;
#254 = AXIS2_PLACEMENT_3D ( 'NONE', #9900, #7346, #9060 ) ;
#255 = CARTESIAN_POINT ( 'NONE',  ( -0.9919033010572734232, 0.5919197647081011482, 7.493159015060367523 ) ) ;
#256 = ORIENTED_EDGE ( 'NONE', *, *, #3774, .T. ) ;
#257 = CARTESIAN_POINT ( 'NONE',  ( -0.8999999989240878850, 1.903999999999947512, 2.726800003647840587 ) ) ;
#258 = VECTOR ( 'NONE', #5296, 1000.000000000000000 ) ;
#259 = AXIS2_PLACEMENT_3D ( 'NONE', #9857, #2189, #8130 ) ;
#260 = CARTESIAN_POINT ( 'NONE',  ( 4.221972380749530629, -0.8163140637155479329, 4.648538868509292321 ) ) ;
#261 = DIRECTION ( 'NONE',  ( 0.000000000000000000, 0.000000000000000000, -1.000000000000000000 ) ) ;
#262 = CARTESIAN_POINT ( 'NONE',  ( -1.089315164839119277, 0.7515028447972701420, 7.381377797593310142 ) ) ;
#263 = ORIENTED_EDGE ( 'NONE', *, *, #5727, .T. ) ;
#264 = ORIENTED_EDGE ( 'NONE', *, *, #3478, .F. ) ;
#265 = EDGE_CURVE ( 'NONE', #2594, #6457, #6393, .T. ) ;
#266 = ORIENTED_EDGE ( 'NONE', *, *, #6181, .T. ) ;
#267 = FACE_OUTER_BOUND ( 'NONE', #3829, .T. ) ;
#268 = CARTESIAN_POINT ( 'NONE',  ( 1.150000000015928281, 1.704999999999962101, 0.7500000238062840552 ) ) ;
#269 = CARTESIAN_POINT ( 'NONE',  ( 8.488423705513273632, 2.825000000000001066, -1.788139881294551481 ) ) ;
#270 = COORDINATED_UNIVERSAL_TIME_OFFSET ( 1, 0, .AHEAD. ) ;
#271 = CARTESIAN_POINT ( 'NONE',  ( 0.8676893682495945281, -0.8750000000000000000, 5.434324049082415620 ) ) ;
#272 = CARTESIAN_POINT ( 'NONE',  ( 12.77499999999987601, 1.925000000000001821, -5.224999999999996980 ) ) ;
#273 = CARTESIAN_POINT ( 'NONE',  ( -18.50000000000000000, -0.07422351634998218539, -0.5337926129143795162 ) ) ;
#274 = ORIENTED_EDGE ( 'NONE', *, *, #349, .F. ) ;
#275 = ORIENTED_EDGE ( 'NONE', *, *, #10534, .F. ) ;
#276 = EDGE_CURVE ( 'NONE', #4829, #2107, #4986, .T. ) ;
#277 = LINE ( 'NONE', #9894, #8535 ) ;
#278 = CARTESIAN_POINT ( 'NONE',  ( 18.50000000000000000, 0.4385001624955229271, 0.4956956870771970780 ) ) ;
#279 = VECTOR ( 'NONE', #5148, 1000.000000000000000 ) ;
#280 = AXIS2_PLACEMENT_3D ( 'NONE', #5286, #1047, #7856 ) ;
#281 = CARTESIAN_POINT ( 'NONE',  ( 15.00000000000000000, -0.1400000000000001243, -0.3000000000000002109 ) ) ;
#282 = ADVANCED_FACE ( 'NONE', ( #4089, #5281 ), #4367, .T. ) ;
#283 = ORIENTED_EDGE ( 'NONE', *, *, #10121, .T. ) ;
#284 = EDGE_LOOP ( 'NONE', ( #1864 ) ) ;
#285 = CARTESIAN_POINT ( 'NONE',  ( -7.500022450716980593, 1.704999999999868843, 1.260725551732733152E-08 ) ) ;
#286 = CARTESIAN_POINT ( 'NONE',  ( -9.999999999999998224, -0.3750000000000000000, 2.499999999999999556 ) ) ;
#287 = CIRCLE ( 'NONE', #2873, 0.4499999999999990119 ) ;
#288 = AXIS2_PLACEMENT_3D ( 'NONE', #1340, #4792, #4858 ) ;
#289 = FACE_OUTER_BOUND ( 'NONE', #7091, .T. ) ;
#290 = EDGE_CURVE ( 'NONE', #6991, #7589, #7522, .T. ) ;
#291 = CARTESIAN_POINT ( 'NONE',  ( -15.00000000000009948, 2.675000000000001155, -2.499999999999806377 ) ) ;
#292 = EDGE_CURVE ( 'NONE', #628, #6481, #3167, .T. ) ;
#293 = VERTEX_POINT ( 'NONE', #933 ) ;
#294 = DIRECTION ( 'NONE',  ( 0.000000000000000000, -1.000000000000000000, 0.000000000000000000 ) ) ;
#295 = ORIENTED_EDGE ( 'NONE', *, *, #8485, .F. ) ;
#296 = CARTESIAN_POINT ( 'NONE',  ( -12.61068682838814148, -0.3750000000000000000, -5.330563360842446308 ) ) ;
#297 = CONICAL_SURFACE ( 'NONE', #7199, 0.1999999999999996503, 0.01745329251994333364 ) ;
#298 = LINE ( 'NONE', #2678, #2061 ) ;
#299 = ORIENTED_EDGE ( 'NONE', *, *, #452, .F. ) ;
#300 = DIRECTION ( 'NONE',  ( -1.703767317533126255E-17, 1.000000000000000000, 1.212737214708384717E-16 ) ) ;
#301 = ORIENTED_EDGE ( 'NONE', *, *, #8700, .F. ) ;
#302 = CARTESIAN_POINT ( 'NONE',  ( -12.75000000000000711, 1.925000000000000044, 5.750000000000174083 ) ) ;
#303 = EDGE_CURVE ( 'NONE', #3051, #9131, #10355, .T. ) ;
#304 = ORIENTED_EDGE ( 'NONE', *, *, #2720, .T. ) ;
#305 = B_SPLINE_CURVE_WITH_KNOTS ( 'NONE', 3,
 ( #9978, #5752, #6612, #8312 ),
 .UNSPECIFIED., .F., .F.,
 ( 4, 4 ),
 ( 0.000000000000000000, 2.564895150621788656E-08 ),
 .UNSPECIFIED. ) ;
#306 = CARTESIAN_POINT ( 'NONE',  ( -14.97468005157148241, -0.7374995529373242764, 0.08139809432590860983 ) ) ;
#307 = CIRCLE ( 'NONE', #4965, 5.097950801377555408 ) ;
#308 = CIRCLE ( 'NONE', #7526, 6.249999999999999112 ) ;
#309 = CARTESIAN_POINT ( 'NONE',  ( 18.49999999999999645, -0.3588651098633304781, 0.2167621993897375920 ) ) ;
#310 =( BOUNDED_SURFACE ( )  B_SPLINE_SURFACE ( 3, 2, ( 
 ( #5783, #9886, #9043 ),
 ( #5713, #9967, #4893 ),
 ( #10820, #6492, #1448 ),
 ( #3214, #4022, #598 ),
 ( #4787, #4921, #2262 ),
 ( #6558, #3991, #1482 ) ),
 .UNSPECIFIED., .F., .F., .F. ) 
 B_SPLINE_SURFACE_WITH_KNOTS ( ( 4, 2, 4 ),
 ( 3, 3 ),
 ( 1.564316032009907653, 2.107580744818137397, 2.650845457626366919 ),
 ( 0.000000000000000000, 1.000000000000000000 ),
 .UNSPECIFIED. ) 
 GEOMETRIC_REPRESENTATION_ITEM ( )  RATIONAL_B_SPLINE_SURFACE ( (
 ( 1.000000000000000000, 0.7070667946004626225, 1.000000000000000000),
 ( 1.000000000000000000, 0.7081850096717311471, 1.000000000000000000),
 ( 1.000000000000000000, 0.7092991690889622891, 1.000000000000000000),
 ( 1.000000000000000000, 0.7112111122381765682, 1.000000000000000000),
 ( 1.000000000000000000, 0.7120075608140987722, 1.000000000000000000),
 ( 1.000000000000000000, 0.7125281363668397594, 1.000000000000000000) ) ) 
 REPRESENTATION_ITEM ( '' )  SURFACE ( )  );
#311 = EDGE_CURVE ( 'NONE', #3092, #6207, #8318, .T. ) ;
#312 = AXIS2_PLACEMENT_3D ( 'NONE', #9367, #9097, #5080 ) ;
#313 = CARTESIAN_POINT ( 'NONE',  ( 15.00000000000000000, 0.3129999999999997784, 0.2999999999999997669 ) ) ;
#314 = VERTEX_POINT ( 'NONE', #8470 ) ;
#315 = CARTESIAN_POINT ( 'NONE',  ( 4.599999999998543032, -0.8149999999999999467, 6.767689368251048165 ) ) ;
#316 = CARTESIAN_POINT ( 'NONE',  ( 18.50000000000000000, -0.07121550018489558598, 0.5352844436880276335 ) ) ;
#317 = CYLINDRICAL_SURFACE ( 'NONE', #990, 0.2500000000000002220 ) ;
#318 = CARTESIAN_POINT ( 'NONE',  ( 15.00000000000000000, -0.1400000000000001243, -0.4500000000000000666 ) ) ;
#319 = ORIENTED_EDGE ( 'NONE', *, *, #1728, .F. ) ;
#320 = CARTESIAN_POINT ( 'NONE',  ( 3.817344417372303234, -0.7494018813600251683, 4.458081970579879538 ) ) ;
#321 = VECTOR ( 'NONE', #6778, 1000.000000000000114 ) ;
#322 = ORIENTED_EDGE ( 'NONE', *, *, #4797, .T. ) ;
#323 = DIRECTION ( 'NONE',  ( -1.000000000000000000, -1.703767317532268985E-17, 6.997874502090439819E-15 ) ) ;
#324 = CIRCLE ( 'NONE', #9890, 0.4499999999999990119 ) ;
#325 = CARTESIAN_POINT ( 'NONE',  ( 1.000021300494501109, 1.903999999999973491, 4.426778864538200686 ) ) ;
#326 = AXIS2_PLACEMENT_3D ( 'NONE', #2913, #5530, #9662 ) ;
#327 = DIRECTION ( 'NONE',  ( -1.000000000000000000, 0.000000000000000000, 6.938893903907229955E-15 ) ) ;
#328 = DIRECTION ( 'NONE',  ( 0.6427876096865320354, -8.194945521410786163E-17, 0.7660444431189842307 ) ) ;
#329 = VECTOR ( 'NONE', #845, 1000.000000000000000 ) ;
#330 = LINE ( 'NONE', #8561, #465 ) ;
#331 = LINE ( 'NONE', #1377, #7135 ) ;
#332 = AXIS2_PLACEMENT_3D ( 'NONE', #8880, #3775, #10541 ) ;
#333 = VERTEX_POINT ( 'NONE', #5124 ) ;
#334 = CARTESIAN_POINT ( 'NONE',  ( 18.50000000000000355, 0.3736514466153444958, -0.5283362074035539147 ) ) ;
#335 = CYLINDRICAL_SURFACE ( 'NONE', #3728, 0.4250000000000000444 ) ;
#336 = EDGE_LOOP ( 'NONE', ( #1449, #1349, #10781, #7413 ) ) ;
#337 = FACE_OUTER_BOUND ( 'NONE', #3928, .T. ) ;
#338 = DIRECTION ( 'NONE',  ( 0.000000000000000000, 0.000000000000000000, -1.000000000000000000 ) ) ;
#339 = CARTESIAN_POINT ( 'NONE',  ( -0.9860054847687094171, 1.123254759356271615, 7.400000000000094502 ) ) ;
#340 = ADVANCED_FACE ( 'NONE', ( #4868 ), #7949, .T. ) ;
#341 = AXIS2_PLACEMENT_3D ( 'NONE', #7046, #1957, #2826 ) ;
#342 = CIRCLE ( 'NONE', #6560, 0.06000000000000004635 ) ;
#343 = CARTESIAN_POINT ( 'NONE',  ( -12.30783666301328871, 1.925000000000001377, -6.034150635094428061 ) ) ;
#344 = ORIENTED_EDGE ( 'NONE', *, *, #8254, .F. ) ;
#345 = VECTOR ( 'NONE', #7044, 1000.000000000000000 ) ;
#346 = VERTEX_POINT ( 'NONE', #5724 ) ;
#347 = ORIENTED_EDGE ( 'NONE', *, *, #3963, .F. ) ;
#348 = VECTOR ( 'NONE', #5502, 1000.000000000000227 ) ;
#349 = EDGE_CURVE ( 'NONE', #1737, #7347, #2095, .T. ) ;
#350 = CARTESIAN_POINT ( 'NONE',  ( -0.7603458787334947955, 1.925000000000001599, -5.518769726311476553 ) ) ;
#351 = ORIENTED_EDGE ( 'NONE', *, *, #6711, .F. ) ;
#352 = CARTESIAN_POINT ( 'NONE',  ( 14.97654729660047401, -0.7324255059423614433, -0.1639075486877289156 ) ) ;
#353 = PLANE ( 'NONE',  #3944 ) ;
#354 = CARTESIAN_POINT ( 'NONE',  ( 1.703230273688390639, 1.925000000000000044, 6.665300187280368327 ) ) ;
#355 = AXIS2_PLACEMENT_3D ( 'NONE', #10045, #1569, #611 ) ;
#356 = CARTESIAN_POINT ( 'NONE',  ( 18.45104153790265400, -0.1327570557876305846, 0.4470698631171626247 ) ) ;
#357 = CARTESIAN_POINT ( 'NONE',  ( -10.00000000000013323, 2.925000000000001599, -7.499999999999840128 ) ) ;
#358 = ORIENTED_EDGE ( 'NONE', *, *, #3480, .F. ) ;
#359 = ORIENTED_EDGE ( 'NONE', *, *, #3, .T. ) ;
#360 = ORIENTED_EDGE ( 'NONE', *, *, #10013, .F. ) ;
#361 = ORIENTED_EDGE ( 'NONE', *, *, #5323, .F. ) ;
#362 = DIRECTION ( 'NONE',  ( 0.000000000000000000, 0.000000000000000000, 1.000000000000000000 ) ) ;
#363 =( GEOMETRIC_REPRESENTATION_CONTEXT ( 3 ) GLOBAL_UNCERTAINTY_ASSIGNED_CONTEXT ( ( #8720 ) ) GLOBAL_UNIT_ASSIGNED_CONTEXT ( ( #9054, #3926, #6533 ) ) REPRESENTATION_CONTEXT ( 'NONE', 'WORKASPACE' ) );
#364 = ORIENTED_EDGE ( 'NONE', *, *, #1055, .F. ) ;
#365 = DIRECTION ( 'NONE',  ( 1.000000000000000000, 0.000000000000000000, -0.000000000000000000 ) ) ;
#366 = DIRECTION ( 'NONE',  ( 4.307821798126287645E-15, 3.491481338843215397E-15, 1.000000000000000000 ) ) ;
#367 = EDGE_CURVE ( 'NONE', #4494, #6369, #1834, .T. ) ;
#368 = CIRCLE ( 'NONE', #9618, 0.4500000000000002887 ) ;
#369 = EDGE_LOOP ( 'NONE', ( #5399, #8814, #5759, #6000, #8627, #8836, #11031, #701, #9554, #4100, #4955, #9629, #8678, #4852, #5946, #4175, #5683, #5253, #2415, #2664, #9679 ) ) ;
#370 = ORIENTED_EDGE ( 'NONE', *, *, #2645, .F. ) ;
#371 = CARTESIAN_POINT ( 'NONE',  ( 3.125000001159363716, 1.705000000000055360, 21.50000000600094552 ) ) ;
#372 = CARTESIAN_POINT ( 'NONE',  ( 15.00000000000000000, -0.1400000000000001243, -0.4500000000000000666 ) ) ;
#373 = CARTESIAN_POINT ( 'NONE',  ( 6.505213034913050270E-16, 0.2000000000000000111, 7.499999999999999112 ) ) ;
#374 = ORIENTED_EDGE ( 'NONE', *, *, #421, .T. ) ;
#375 = DIRECTION ( 'NONE',  ( -1.047444401652941269E-14, 1.000000000000000000, -3.491481338843170037E-15 ) ) ;
#376 = CARTESIAN_POINT ( 'NONE',  ( 0.6882613534652040066, 1.925000000000000266, -7.410928177211882684 ) ) ;
#377 = EDGE_CURVE ( 'NONE', #3118, #333, #3715, .T. ) ;
#378 = CARTESIAN_POINT ( 'NONE',  ( 13.21716333698673829, 1.925000000000000488, 5.509150635094601789 ) ) ;
#379 = EDGE_CURVE ( 'NONE', #6345, #2253, #2906, .T. ) ;
#380 = ORIENTED_EDGE ( 'NONE', *, *, #2937, .F. ) ;
#381 = CARTESIAN_POINT ( 'NONE',  ( -3.124999998840631399, 1.604999999999989990, 21.50000000600097039 ) ) ;
#382 = EDGE_CURVE ( 'NONE', #8745, #9547, #874, .T. ) ;
#383 = CARTESIAN_POINT ( 'NONE',  ( -15.01917045769591752, -0.5903495444203521458, 0.1403217719940234032 ) ) ;
#384 = CARTESIAN_POINT ( 'NONE',  ( 18.50000000000000355, 0.09779206390677604166, 0.6191037825866374522 ) ) ;
#385 = CARTESIAN_POINT ( 'NONE',  ( -13.19216333698694932, 1.925000000000001377, -5.465849364905205121 ) ) ;
#386 = DIRECTION ( 'NONE',  ( -1.703767317533126255E-17, 1.000000000000000000, 1.212737214708384717E-16 ) ) ;
#387 = LINE ( 'NONE', #2677, #2696 ) ;
#388 = CALENDAR_DATE ( 2024, 26, 1 ) ;
#389 = DIRECTION ( 'NONE',  ( -0.000000000000000000, -0.000000000000000000, 1.000000000000000000 ) ) ;
#390 = ORIENTED_EDGE ( 'NONE', *, *, #9987, .F. ) ;
#391 = CARTESIAN_POINT ( 'NONE',  ( -18.50000000000003553, 0.7342951250167996102, -0.2668628668216093680 ) ) ;
#392 = CARTESIAN_POINT ( 'NONE',  ( -1.260269726311671334, 1.925000000000001377, -3.010698394592264293 ) ) ;
#393 = ORIENTED_EDGE ( 'NONE', *, *, #10264, .T. ) ;
#394 = DIRECTION ( 'NONE',  ( -1.047444401652941269E-14, 1.000000000000000000, -3.491481338843170037E-15 ) ) ;
#395 = ADVANCED_FACE ( 'NONE', ( #8865 ), #335, .T. ) ;
#396 = CARTESIAN_POINT ( 'NONE',  ( 10.36096059707612227, 2.925000000000001599, -1.622824883036056320 ) ) ;
#397 = EDGE_CURVE ( 'NONE', #4758, #4527, #7012, .T. ) ;
#398 = AXIS2_PLACEMENT_3D ( 'NONE', #2148, #7354, #8227 ) ;
#399 = CARTESIAN_POINT ( 'NONE',  ( -10.00000000000006395, 2.925000000000000711, 2.500000000000158540 ) ) ;
#400 = VERTEX_POINT ( 'NONE', #9863 ) ;
#401 = EDGE_LOOP ( 'NONE', ( #4837, #7040, #5709, #3046 ) ) ;
#402 = CARTESIAN_POINT ( 'NONE',  ( 12.61068682838814503, -0.8750000000000000000, -5.530563360842446485 ) ) ;
#403 = CARTESIAN_POINT ( 'NONE',  ( 0.9999999999998673283, 1.925000000000001821, -6.799999999999916334 ) ) ;
#404 = AXIS2_PLACEMENT_3D ( 'NONE', #9440, #4246, #4284 ) ;
#405 = CARTESIAN_POINT ( 'NONE',  ( -14.96551132255142669, 2.175855007724226908, -0.9862062943202943854 ) ) ;
#406 = CARTESIAN_POINT ( 'NONE',  ( -0.6830000000000000515, 0.2000000000000000944, -7.293252277351547797 ) ) ;
#407 = VECTOR ( 'NONE', #803, 1000.000000000000000 ) ;
#408 = CARTESIAN_POINT ( 'NONE',  ( -1.020457755562172775, 0.7000000000000000666, 7.383175768569808284 ) ) ;
#409 = EDGE_CURVE ( 'NONE', #5101, #8054, #3580, .T. ) ;
#410 = ORIENTED_EDGE ( 'NONE', *, *, #497, .F. ) ;
#411 = CARTESIAN_POINT ( 'NONE',  ( -12.77500000000012292, 1.925000000000001377, -6.274999999999813838 ) ) ;
#412 = CARTESIAN_POINT ( 'NONE',  ( -14.99996824868389922, 0.1992828659301199845, -2.513868528833924643 ) ) ;
#413 = FACE_OUTER_BOUND ( 'NONE', #8221, .T. ) ;
#414 = CARTESIAN_POINT ( 'NONE',  ( -13.11022304477730138, 1.925000000000000044, 5.480297649229243007 ) ) ;
#415 = CARTESIAN_POINT ( 'NONE',  ( -14.99996343366261442, 0.2020948840658763623, 0.8000048695842891799 ) ) ;
#416 = CIRCLE ( 'NONE', #1127, 3.598096698942725880 ) ;
#417 = AXIS2_PLACEMENT_3D ( 'NONE', #9803, #3972, #6475 ) ;
#418 = CARTESIAN_POINT ( 'NONE',  ( -10.00000000000000000, -0.8160471443862370444, 6.707698506541664329 ) ) ;
#419 = EDGE_LOOP ( 'NONE', ( #8210, #4782, #3380, #3359 ) ) ;
#420 = VERTEX_POINT ( 'NONE', #7003 ) ;
#421 = EDGE_CURVE ( 'NONE', #523, #7673, #10219, .T. ) ;
#422 = DIRECTION ( 'NONE',  ( -1.000000000000000000, -0.000000000000000000, -0.000000000000000000 ) ) ;
#423 = FACE_OUTER_BOUND ( 'NONE', #9027, .T. ) ;
#424 = CARTESIAN_POINT ( 'NONE',  ( 0.6077289675089327936, -0.8750000000000000000, 6.767689368251048165 ) ) ;
#425 = FACE_OUTER_BOUND ( 'NONE', #9827, .T. ) ;
#426 = DIRECTION ( 'NONE',  ( 1.000000000000000000, 1.060108790874715639E-14, -3.854941057726238689E-15 ) ) ;
#427 = CARTESIAN_POINT ( 'NONE',  ( -13.11022304477742217, 1.925000000000001377, -5.480297649228878853 ) ) ;
#428 = ORIENTED_EDGE ( 'NONE', *, *, #4813, .F. ) ;
#429 = DIRECTION ( 'NONE',  ( 1.000000000000000000, 0.000000000000000000, 0.000000000000000000 ) ) ;
#430 = CARTESIAN_POINT ( 'NONE',  ( 13.16368060961657882, 1.925000000000000488, 5.927111132420249895 ) ) ;
#431 = ORIENTED_EDGE ( 'NONE', *, *, #456, .T. ) ;
#432 = DIRECTION ( 'NONE',  ( -1.000000000000000000, -1.040834073094039684E-14, 3.491481340743848347E-15 ) ) ;
#433 = EDGE_CURVE ( 'NONE', #2838, #7323, #8065, .T. ) ;
#434 = VERTEX_POINT ( 'NONE', #5251 ) ;
#435 = EDGE_CURVE ( 'NONE', #10197, #4683, #6085, .T. ) ;
#436 = CIRCLE ( 'NONE', #6137, 0.2500000000000002220 ) ;
#437 = CARTESIAN_POINT ( 'NONE',  ( 15.18463543064158472, -0.5055847700599308547, -0.3770280258276223484 ) ) ;
#438 = CARTESIAN_POINT ( 'NONE',  ( -1.150000000000005240, 1.903999999999937298, 0.4999999999999831246 ) ) ;
#439 = LINE ( 'NONE', #6716, #6323 ) ;
#440 = CARTESIAN_POINT ( 'NONE',  ( 1.122400391383972407, 1.925000000000000044, 7.424129465467887101 ) ) ;
#441 = ORIENTED_EDGE ( 'NONE', *, *, #2971, .T. ) ;
#442 = ORIENTED_EDGE ( 'NONE', *, *, #4125, .F. ) ;
#443 = PLANE ( 'NONE',  #9905 ) ;
#444 = ORIENTED_EDGE ( 'NONE', *, *, #8013, .T. ) ;
#445 = EDGE_CURVE ( 'NONE', #10050, #987, #7114, .T. ) ;
#446 = CIRCLE ( 'NONE', #7312, 0.1999999999999996503 ) ;
#447 = ADVANCED_FACE ( 'NONE', ( #5669 ), #7806, .T. ) ;
#448 = VERTEX_POINT ( 'NONE', #1005 ) ;
#449 = CYLINDRICAL_SURFACE ( 'NONE', #6193, 5.000000000000000000 ) ;
#450 = LINE ( 'NONE', #11011, #191 ) ;
#451 = CARTESIAN_POINT ( 'NONE',  ( -1.149999999984061327, 1.704999999999945004, 2.726800013608019047 ) ) ;
#452 = EDGE_CURVE ( 'NONE', #7272, #3306, #5966, .T. ) ;
#453 = CARTESIAN_POINT ( 'NONE',  ( 12.28283666301303789, 1.925000000000001821, -5.990849364905383112 ) ) ;
#454 = LINE ( 'NONE', #6773, #9657 ) ;
#455 = VECTOR ( 'NONE', #5885, 1000.000000000000227 ) ;
#456 = EDGE_CURVE ( 'NONE', #3055, #1566, #5541, .T. ) ;
#457 = VERTEX_POINT ( 'NONE', #8341 ) ;
#458 = VECTOR ( 'NONE', #6929, 1000.000000000000000 ) ;
#459 = ORIENTED_EDGE ( 'NONE', *, *, #8933, .F. ) ;
#460 = AXIS2_PLACEMENT_3D ( 'NONE', #1902, #6202, #1092 ) ;
#461 = CARTESIAN_POINT ( 'NONE',  ( -15.16548086158270614, 1.783476391209347200, -0.7889650354562357526 ) ) ;
#462 = CARTESIAN_POINT ( 'NONE',  ( 4.162481670118183708, 2.825000000000001954, -10.10778373848834377 ) ) ;
#463 = DIRECTION ( 'NONE',  ( 1.000000000000000000, 1.703767317532268985E-17, -6.997874502090439819E-15 ) ) ;
#464 = CARTESIAN_POINT ( 'NONE',  ( 18.50000000000000000, -0.3889863028166842818, 0.1102934164876852169 ) ) ;
#465 = VECTOR ( 'NONE', #9342, 1000.000000000000000 ) ;
#466 = VECTOR ( 'NONE', #9686, 1000.000000000000000 ) ;
#467 = AXIS2_PLACEMENT_3D ( 'NONE', #10892, #6695, #5775 ) ;
#468 = ORIENTED_EDGE ( 'NONE', *, *, #3184, .T. ) ;
#469 = ORIENTED_EDGE ( 'NONE', *, *, #10325, .T. ) ;
#470 = ORIENTED_EDGE ( 'NONE', *, *, #6449, .T. ) ;
#471 = FACE_OUTER_BOUND ( 'NONE', #10525, .T. ) ;
#472 = VERTEX_POINT ( 'NONE', #10855 ) ;
#473 = CARTESIAN_POINT ( 'NONE',  ( 14.99508947679883875, -0.08132368578000273573, -0.7628942714952241522 ) ) ;
#474 = CARTESIAN_POINT ( 'NONE',  ( 12.74999999999991118, 1.925000000000000488, 5.750000000000000888 ) ) ;
#475 = AXIS2_PLACEMENT_3D ( 'NONE', #8097, #2224, #5498 ) ;
#476 = CARTESIAN_POINT ( 'NONE',  ( 9.502000075373645771, 2.825000000000001954, -5.402965055624975754 ) ) ;
#477 = CARTESIAN_POINT ( 'NONE',  ( 1.200889939151109864, 0.1771250080561634077, 7.390382528384781047 ) ) ;
#478 = FACE_OUTER_BOUND ( 'NONE', #4640, .T. ) ;
#479 = VERTEX_POINT ( 'NONE', #1445 ) ;
#480 = CARTESIAN_POINT ( 'NONE',  ( -14.99993907342249422, 0.1965095187125432963, -0.9999756327838832393 ) ) ;
#481 = ORIENTED_EDGE ( 'NONE', *, *, #8991, .T. ) ;
#482 = VERTEX_POINT ( 'NONE', #1597 ) ;
#483 = ORIENTED_EDGE ( 'NONE', *, *, #5590, .F. ) ;
#484 = CARTESIAN_POINT ( 'NONE',  ( 0.7861567998618018693, -0.8164806603153829112, 6.612123291767724176 ) ) ;
#485 = EDGE_CURVE ( 'NONE', #7887, #434, #1015, .T. ) ;
#486 = LINE ( 'NONE', #5843, #3059 ) ;
#487 = DIRECTION ( 'NONE',  ( -1.000000000000000000, -1.040834085342224474E-14, 3.469446951140748641E-15 ) ) ;
#488 = DIRECTION ( 'NONE',  ( -1.703767317533126255E-17, 1.000000000000000000, 1.212737214708384717E-16 ) ) ;
#489 = ORIENTED_EDGE ( 'NONE', *, *, #10521, .F. ) ;
#490 = EDGE_LOOP ( 'NONE', ( #7401, #748, #6758, #2339 ) ) ;
#491 = DIRECTION ( 'NONE',  ( 1.047444401652941269E-14, -1.000000000000000000, 3.491481338843170037E-15 ) ) ;
#492 = ORIENTED_EDGE ( 'NONE', *, *, #9771, .T. ) ;
#493 = CARTESIAN_POINT ( 'NONE',  ( 11.70720044927875669, 2.925000000000001599, -0.8495620197742398405 ) ) ;
#494 = CARTESIAN_POINT ( 'NONE',  ( -9.999999999999998224, 0.1999999999999999833, -2.499999999999999556 ) ) ;
#495 = AXIS2_PLACEMENT_3D ( 'NONE', #7005, #3825, #2998 ) ;
#496 = DIRECTION ( 'NONE',  ( 1.000000000000000000, 0.000000000000000000, -8.673617379884069985E-17 ) ) ;
#497 = EDGE_CURVE ( 'NONE', #6861, #6564, #8451, .T. ) ;
#498 = ORIENTED_EDGE ( 'NONE', *, *, #9058, .F. ) ;
#499 = DIRECTION ( 'NONE',  ( 0.000000000000000000, 1.000000000000000000, 0.000000000000000000 ) ) ;
#500 = CARTESIAN_POINT ( 'NONE',  ( 0.000000000000000000, 0.000000000000000000, 0.000000000000000000 ) ) ;
#501 = DIRECTION ( 'NONE',  ( 0.5000000000000149880, 1.135449601928823697E-16, -0.8660254037844299368 ) ) ;
#502 = DIRECTION ( 'NONE',  ( 0.000000000000000000, 0.000000000000000000, -1.000000000000000000 ) ) ;
#503 = PLANE ( 'NONE',  #254 ) ;
#504 = ORIENTED_EDGE ( 'NONE', *, *, #2753, .T. ) ;
#505 = CARTESIAN_POINT ( 'NONE',  ( 15.00017403975204289, 0.2099707307167205661, -0.9999790029632295019 ) ) ;
#506 = DIRECTION ( 'NONE',  ( -1.000000000000000000, 0.000000000000000000, 8.673617379884069985E-17 ) ) ;
#507 = DIRECTION ( 'NONE',  ( -1.000000000000000000, -0.000000000000000000, -0.000000000000000000 ) ) ;
#508 = CARTESIAN_POINT ( 'NONE',  ( 15.00000000000000000, -0.1400000000000001243, -0.07500000000000010825 ) ) ;
#509 = DIRECTION ( 'NONE',  ( -0.9998476951563912696, -0.01745240643728357063, 5.751663030712683281E-15 ) ) ;
#510 = EDGE_CURVE ( 'NONE', #10694, #3854, #9249, .T. ) ;
#511 = VERTEX_POINT ( 'NONE', #3240 ) ;
#512 =( BOUNDED_CURVE ( )  B_SPLINE_CURVE ( 3, ( #10169, #1581, #4971, #3297 ),
 .UNSPECIFIED., .F., .F. ) 
 B_SPLINE_CURVE_WITH_KNOTS ( ( 4, 4 ),
 ( 5.497939437029718768, 7.068431177329454584 ),
 .UNSPECIFIED. ) 
 CURVE ( )  GEOMETRIC_REPRESENTATION_ITEM ( )  RATIONAL_B_SPLINE_CURVE ( ( 1.000000000000000000, 0.8048096403827852408, 0.8048096403827852408, 1.000000000000000000 ) ) 
 REPRESENTATION_ITEM ( '' )  );
#513 = CARTESIAN_POINT ( 'NONE',  ( -15.00000000000000000, -0.1400000000000001243, 0.4499999999999999556 ) ) ;
#514 = LINE ( 'NONE', #6843, #7310 ) ;
#515 = EDGE_CURVE ( 'NONE', #3343, #10888, #590, .T. ) ;
#516 = CARTESIAN_POINT ( 'NONE',  ( 1.000000001159306207, 1.823999999999973420, 4.426800006000950916 ) ) ;
#517 = LOCAL_TIME ( 13, 33, 9.000000000000000000, #939 ) ;
#518 = AXIS2_PLACEMENT_3D ( 'NONE', #4224, #8392, #5767 ) ;
#519 = CARTESIAN_POINT ( 'NONE',  ( -1.222130453903429892, 0.6999999999999997335, 5.310414411729244222 ) ) ;
#520 = VERTEX_POINT ( 'NONE', #4056 ) ;
#521 = CARTESIAN_POINT ( 'NONE',  ( 18.50000000000000000, -0.07121550018489250511, -0.5352844436880290768 ) ) ;
#522 = VERTEX_POINT ( 'NONE', #1555 ) ;
#523 = VERTEX_POINT ( 'NONE', #10895 ) ;
#524 = CARTESIAN_POINT ( 'NONE',  ( 4.599999999998543920, -0.3750000000000000000, 5.427376237343289667 ) ) ;
#525 = LINE ( 'NONE', #7363, #2160 ) ;
#526 = DIRECTION ( 'NONE',  ( 3.491481338843084446E-15, 3.491481338843206719E-15, 1.000000000000000000 ) ) ;
#527 = EDGE_LOOP ( 'NONE', ( #4432, #50, #4127, #10947 ) ) ;
#528 = DIRECTION ( 'NONE',  ( -1.000000000000000000, -1.703767317532270218E-17, 7.084610675889280174E-15 ) ) ;
#529 = CARTESIAN_POINT ( 'NONE',  ( -9.014586297939954918, 2.925000000000000711, 1.300000000000150813 ) ) ;
#530 = AXIS2_PLACEMENT_3D ( 'NONE', #5461, #8044, #3768 ) ;
#531 = DIRECTION ( 'NONE',  ( -1.047444401652941269E-14, 1.000000000000000000, -3.491481338843170037E-15 ) ) ;
#532 = VERTEX_POINT ( 'NONE', #8374 ) ;
#533 = VECTOR ( 'NONE', #4855, 1000.000000000000000 ) ;
#534 = VECTOR ( 'NONE', #3653, 1000.000000000000000 ) ;
#535 = CARTESIAN_POINT ( 'NONE',  ( 1.050000001159350216, 1.824000000000016497, 16.75100000600095029 ) ) ;
#536 = CARTESIAN_POINT ( 'NONE',  ( -15.00000000000000000, -0.1400000000000001243, -0.4500000000000000666 ) ) ;
#537 = DIRECTION ( 'NONE',  ( -0.000000000000000000, -1.000000000000000000, 0.000000000000000000 ) ) ;
#538 = ORIENTED_EDGE ( 'NONE', *, *, #1017, .F. ) ;
#539 = AXIS2_PLACEMENT_3D ( 'NONE', #3579, #7626, #8520 ) ;
#540 = VERTEX_POINT ( 'NONE', #8240 ) ;
#541 = EDGE_CURVE ( 'NONE', #5747, #6422, #4851, .T. ) ;
#542 = FACE_OUTER_BOUND ( 'NONE', #1348, .T. ) ;
#543 = LINE ( 'NONE', #7447, #9349 ) ;
#544 = VERTEX_POINT ( 'NONE', #5712 ) ;
#545 = DIRECTION ( 'NONE',  ( -1.000000000000000000, -1.047444401652940007E-14, 3.491481338843121128E-15 ) ) ;
#546 = ORIENTED_EDGE ( 'NONE', *, *, #10848, .T. ) ;
#547 = DIRECTION ( 'NONE',  ( 6.911138328291599464E-15, -1.212737214708358339E-16, 1.000000000000000000 ) ) ;
#548 = CARTESIAN_POINT ( 'NONE',  ( 9.999999999999895195, 2.675000000000001155, -2.499999999999980460 ) ) ;
#549 = DIRECTION ( 'NONE',  ( 8.673617379884035472E-16, 1.721409468084434368E-33, -1.000000000000000000 ) ) ;
#550 = LINE ( 'NONE', #1217, #2187 ) ;
#551 = LINE ( 'NONE', #7746, #9363 ) ;
#552 = DIRECTION ( 'NONE',  ( 1.000000000000000000, 1.040834085586083310E-14, -3.491481338843127044E-15 ) ) ;
#553 = ORIENTED_EDGE ( 'NONE', *, *, #4676, .F. ) ;
#554 = EDGE_CURVE ( 'NONE', #8890, #4958, #9941, .T. ) ;
#555 = ORIENTED_EDGE ( 'NONE', *, *, #2385, .F. ) ;
#556 = ORIENTED_EDGE ( 'NONE', *, *, #2544, .T. ) ;
#557 = CARTESIAN_POINT ( 'NONE',  ( 13.11022304477716993, 1.925000000000001821, -6.019702350770939958 ) ) ;
#558 = DIRECTION ( 'NONE',  ( 0.000000000000000000, 0.000000000000000000, -1.000000000000000000 ) ) ;
#559 = CARTESIAN_POINT ( 'NONE',  ( 6.896801650421118701, 2.825000000000001954, -7.449999999999960210 ) ) ;
#560 = CIRCLE ( 'NONE', #10563, 4.984665891610305266 ) ;
#561 = CARTESIAN_POINT ( 'NONE',  ( 18.50000000000000000, 0.3001520635579998930, -0.6185723780449042808 ) ) ;
#562 = CARTESIAN_POINT ( 'NONE',  ( -0.9999999988406591545, 1.604999999999985549, 13.87500000600095795 ) ) ;
#563 = CARTESIAN_POINT ( 'NONE',  ( 1.875000001159365270, 1.824000000000040034, 21.00100000600095029 ) ) ;
#564 = FACE_OUTER_BOUND ( 'NONE', #2903, .T. ) ;
#565 = CARTESIAN_POINT ( 'NONE',  ( 8.488423705513273632, 2.925000000000001599, -1.788139881294551481 ) ) ;
#566 = DIRECTION ( 'NONE',  ( 1.000000000000000000, -4.302937013293123383E-34, -1.301042606982605567E-16 ) ) ;
#567 = FACE_OUTER_BOUND ( 'NONE', #6243, .T. ) ;
#568 = DIRECTION ( 'NONE',  ( -1.000000000000000000, 0.000000000000000000, 0.000000000000000000 ) ) ;
#569 = EDGE_CURVE ( 'NONE', #7612, #2877, #815, .T. ) ;
#570 = EDGE_CURVE ( 'NONE', #4790, #10453, #8980, .T. ) ;
#571 = ORIENTED_EDGE ( 'NONE', *, *, #5436, .F. ) ;
#572 = CARTESIAN_POINT ( 'NONE',  ( -10.00000000000003020, 1.125000000000000000, 7.500000000000158096 ) ) ;
#573 = DIRECTION ( 'NONE',  ( -6.911138328291599464E-15, 1.212737214708358339E-16, -1.000000000000000000 ) ) ;
#574 = DIRECTION ( 'NONE',  ( -1.000000000000000000, 0.000000000000000000, 6.923092871256213390E-15 ) ) ;
#575 = CONICAL_SURFACE ( 'NONE', #2417, 0.2000000000000000944, 0.01745329251994333364 ) ;
#576 = ORIENTED_EDGE ( 'NONE', *, *, #9512, .T. ) ;
#577 = LINE ( 'NONE', #476, #4611 ) ;
#578 = ORIENTED_EDGE ( 'NONE', *, *, #1792, .T. ) ;
#579 = VECTOR ( 'NONE', #4426, 1000.000000000000000 ) ;
#580 = EDGE_CURVE ( 'NONE', #2017, #1656, #2628, .T. ) ;
#581 = CARTESIAN_POINT ( 'NONE',  ( -3.241599998840697161, 1.903999999999927528, 3.976800006000966281 ) ) ;
#582 = CARTESIAN_POINT ( 'NONE',  ( -18.50000000000000000, 0.4472766804341936075, 0.4912781730480662579 ) ) ;
#583 = EDGE_CURVE ( 'NONE', #9817, #4539, #5788, .T. ) ;
#584 = CIRCLE ( 'NONE', #1497, 0.2500000000000002220 ) ;
#585 = CIRCLE ( 'NONE', #10146, 0.06000000000000015737 ) ;
#586 = CARTESIAN_POINT ( 'NONE',  ( 15.00000000000000178, 0.1999999999999999833, -2.499999999999967581 ) ) ;
#587 = VECTOR ( 'NONE', #5840, 1000.000000000000000 ) ;
#588 = ORIENTED_EDGE ( 'NONE', *, *, #11030, .F. ) ;
#589 = DIRECTION ( 'NONE',  ( 1.703767317533126255E-17, -1.000000000000000000, -1.212737214708384717E-16 ) ) ;
#590 = LINE ( 'NONE', #6635, #3030 ) ;
#591 = EDGE_LOOP ( 'NONE', ( #9319, #2259, #18, #2444 ) ) ;
#592 = LINE ( 'NONE', #8405, #5805 ) ;
#593 = DIRECTION ( 'NONE',  ( 0.9998476951563912696, 0.01745240643728357757, 0.000000000000000000 ) ) ;
#594 = EDGE_LOOP ( 'NONE', ( #4836, #9389, #4256, #7562 ) ) ;
#595 = AXIS2_PLACEMENT_3D ( 'NONE', #373, #1251, #2114 ) ;
#596 = CARTESIAN_POINT ( 'NONE',  ( -18.49999999999999645, 0.4385113985351355992, -0.4957070745592204730 ) ) ;
#597 = CARTESIAN_POINT ( 'NONE',  ( -18.47804884413901405, 0.4491252424021018319, -0.4980302418306535861 ) ) ;
#598 = CARTESIAN_POINT ( 'NONE',  ( 14.98841848880508287, -0.4635043319831215758, 0.7667534531645125995 ) ) ;
#599 = EDGE_CURVE ( 'NONE', #7273, #1209, #7936, .T. ) ;
#600 = FACE_OUTER_BOUND ( 'NONE', #7297, .T. ) ;
#601 = AXIS2_PLACEMENT_3D ( 'NONE', #8931, #3882, #4709 ) ;
#602 = CARTESIAN_POINT ( 'NONE',  ( -18.44993974253575786, -0.04860289564859441441, -0.4906877741993691533 ) ) ;
#603 = VERTEX_POINT ( 'NONE', #2290 ) ;
#604 = CIRCLE ( 'NONE', #124, 1.483785659951998959 ) ;
#605 = ORIENTED_EDGE ( 'NONE', *, *, #6161, .F. ) ;
#606 = ORIENTED_EDGE ( 'NONE', *, *, #3184, .F. ) ;
#607 = DIRECTION ( 'NONE',  ( 6.911138328291599464E-15, -1.212737214708358339E-16, 1.000000000000000000 ) ) ;
#608 = ORIENTED_EDGE ( 'NONE', *, *, #2439, .T. ) ;
#609 = CARTESIAN_POINT ( 'NONE',  ( 6.738712160158780051, 2.917047863985273271, -7.322984454441804125 ) ) ;
#610 = DIRECTION ( 'NONE',  ( 0.000000000000000000, 0.000000000000000000, -1.000000000000000000 ) ) ;
#611 = DIRECTION ( 'NONE',  ( 0.000000000000000000, 0.000000000000000000, -1.000000000000000000 ) ) ;
#612 = PLANE ( 'NONE',  #7324 ) ;
#613 = DIRECTION ( 'NONE',  ( 6.911138328291599464E-15, -1.212737214708358339E-16, 1.000000000000000000 ) ) ;
#614 = AXIS2_PLACEMENT_3D ( 'NONE', #5838, #10830, #2302 ) ;
#615 = VECTOR ( 'NONE', #7068, 1000.000000000000114 ) ;
#616 = ORIENTED_EDGE ( 'NONE', *, *, #725, .F. ) ;
#617 = VERTEX_POINT ( 'NONE', #9232 ) ;
#618 = ORIENTED_EDGE ( 'NONE', *, *, #5373, .F. ) ;
#619 = ORIENTED_EDGE ( 'NONE', *, *, #1928, .F. ) ;
#620 = EDGE_CURVE ( 'NONE', #1540, #9559, #6456, .T. ) ;
#621 = ORIENTED_EDGE ( 'NONE', *, *, #3691, .F. ) ;
#622 = CARTESIAN_POINT ( 'NONE',  ( -13.11022304477742217, 1.925000000000001377, -6.019702350770751664 ) ) ;
#623 = DIRECTION ( 'NONE',  ( -1.703767317533126255E-17, 1.000000000000000000, 1.212737214708384717E-16 ) ) ;
#624 = CARTESIAN_POINT ( 'NONE',  ( -15.18610757900624897, -0.4381133114342164458, -0.5032967123941711751 ) ) ;
#625 = DIRECTION ( 'NONE',  ( -1.047444401652941269E-14, 1.000000000000000000, -3.491481338843170037E-15 ) ) ;
#626 = CARTESIAN_POINT ( 'NONE',  ( 6.505213034913050270E-16, 0.2000000000000000111, 7.499999999999999112 ) ) ;
#627 = LINE ( 'NONE', #3958, #4534 ) ;
#628 = VERTEX_POINT ( 'NONE', #3385 ) ;
#629 = AXIS2_PLACEMENT_3D ( 'NONE', #691, #10172, #1585 ) ;
#630 = ORIENTED_EDGE ( 'NONE', *, *, #1619, .F. ) ;
#631 = DIRECTION ( 'NONE',  ( -1.000000000000000000, 0.000000000000000000, 5.782411586589347778E-15 ) ) ;
#632 = EDGE_LOOP ( 'NONE', ( #7274, #6191, #10758, #6905 ) ) ;
#633 = EDGE_CURVE ( 'NONE', #10643, #5678, #1407, .T. ) ;
#634 = CARTESIAN_POINT ( 'NONE',  ( -18.50000000000042988, 0.6096913255961052824, 0.3814657333769573833 ) ) ;
#635 = CARTESIAN_POINT ( 'NONE',  ( -0.9295718253722923263, 0.2000000000000000944, -7.464513153430217152 ) ) ;
#636 = CARTESIAN_POINT ( 'NONE',  ( 18.48118663857003341, -0.05354088237424897007, -0.5004258539217802948 ) ) ;
#637 = CARTESIAN_POINT ( 'NONE',  ( 18.49575548270277281, 0.4585973553750471443, -0.5167157897370973085 ) ) ;
#638 = PLANE ( 'NONE',  #56 ) ;
#639 = ORIENTED_EDGE ( 'NONE', *, *, #10312, .T. ) ;
#640 = CARTESIAN_POINT ( 'NONE',  ( -0.6249999988406350626, 1.859000000000013753, 21.00100000600095740 ) ) ;
#641 = CARTESIAN_POINT ( 'NONE',  ( 13.19216333698669708, 1.925000000000001821, -6.034150635094616355 ) ) ;
#642 = EDGE_CURVE ( 'NONE', #1815, #2130, #4493, .T. ) ;
#643 = CARTESIAN_POINT ( 'NONE',  ( -14.99088099942935415, 0.7224271928031555934, 0.8895738540294867436 ) ) ;
#644 = CARTESIAN_POINT ( 'NONE',  ( 3.815954912739250471, -0.8160471443862371554, 4.458956801675580728 ) ) ;
#645 = EDGE_CURVE ( 'NONE', #1711, #4071, #1820, .T. ) ;
#646 = DIRECTION ( 'NONE',  ( -1.000000000000000000, -1.703767317532256351E-17, 5.945794156907733849E-15 ) ) ;
#647 =( BOUNDED_CURVE ( )  B_SPLINE_CURVE ( 3, ( #8977, #2229, #9159, #2333 ),
 .UNSPECIFIED., .F., .F. ) 
 B_SPLINE_CURVE_WITH_KNOTS ( ( 4, 4 ),
 ( 0.9208831520854039443, 0.9997734523265802142 ),
 .UNSPECIFIED. ) 
 CURVE ( )  GEOMETRIC_REPRESENTATION_ITEM ( )  RATIONAL_B_SPLINE_CURVE ( ( 1.000000000000000000, 0.9994814272873515648, 0.9994814272873515648, 1.000000000000000000 ) ) 
 REPRESENTATION_ITEM ( '' )  );
#648 = FACE_BOUND ( 'NONE', #4469, .T. ) ;
#649 = DIRECTION ( 'NONE',  ( -1.000000000000000000, 0.000000000000000000, 5.782411586589347778E-15 ) ) ;
#650 = VERTEX_POINT ( 'NONE', #1666 ) ;
#651 = ORIENTED_EDGE ( 'NONE', *, *, #1543, .T. ) ;
#652 = DIRECTION ( 'NONE',  ( -3.491481338843084840E-15, -3.491481338843207114E-15, -1.000000000000000000 ) ) ;
#653 = CARTESIAN_POINT ( 'NONE',  ( -15.00000000000000178, -0.06450000000000004341, 0.4500000000000000111 ) ) ;
#654 = DIRECTION ( 'NONE',  ( -6.911138328291599464E-15, 1.212737214708358339E-16, -1.000000000000000000 ) ) ;
#655 = CARTESIAN_POINT ( 'NONE',  ( -14.98613804021823981, -0.5941511440240240249, -0.6291209165628527389 ) ) ;
#656 = CARTESIAN_POINT ( 'NONE',  ( 7.499999852825629532, 2.825000000000001510, -5.402964932569343404 ) ) ;
#657 = CIRCLE ( 'NONE', #6693, 0.2000000000000000666 ) ;
#658 = CARTESIAN_POINT ( 'NONE',  ( 1.450021300494499954, 1.903999999999978154, 4.426778864538197134 ) ) ;
#659 = EDGE_CURVE ( 'NONE', #10822, #8493, #8306, .T. ) ;
#660 = VERTEX_POINT ( 'NONE', #5644 ) ;
#661 = ADVANCED_FACE ( 'NONE', ( #8053 ), #7596, .T. ) ;
#662 = ORIENTED_EDGE ( 'NONE', *, *, #9724, .T. ) ;
#663 = CARTESIAN_POINT ( 'NONE',  ( 13.87794990882726154, -0.3750000000000000000, 3.480563360842449327 ) ) ;
#664 = EDGE_CURVE ( 'NONE', #2990, #5975, #3828, .T. ) ;
#665 = TOROIDAL_SURFACE ( 'NONE', #8840, 4.784696352579027590, 0.2000000000000000111 ) ;
#666 = CARTESIAN_POINT ( 'NONE',  ( 18.45288397381311540, 0.5356941041029430473, -0.4440001065227459076 ) ) ;
#667 = CARTESIAN_POINT ( 'NONE',  ( -18.49882266803230024, 0.4631340119379718789, -0.5256652059944191269 ) ) ;
#668 = DIRECTION ( 'NONE',  ( -1.000000000000000000, -1.047444401652940322E-14, 2.435643132655973677E-15 ) ) ;
#669 = CARTESIAN_POINT ( 'NONE',  ( 18.49960292299120468, 0.4647309023217831569, -0.5288153751131868807 ) ) ;
#670 = VERTEX_POINT ( 'NONE', #6818 ) ;
#671 = AXIS2_PLACEMENT_3D ( 'NONE', #8094, #6487, #6448 ) ;
#672 = PLANE ( 'NONE',  #1221 ) ;
#673 = LINE ( 'NONE', #6252, #149 ) ;
#674 = CARTESIAN_POINT ( 'NONE',  ( -18.45084524250228952, -0.1387939518313554832, 0.4439406689281187868 ) ) ;
#675 = LINE ( 'NONE', #8372, #10691 ) ;
#676 = DIRECTION ( 'NONE',  ( 0.01744974916068283907, -0.9996954598818874604, 0.01744974916068247825 ) ) ;
#677 = DIRECTION ( 'NONE',  ( 0.000000000000000000, 0.000000000000000000, 1.000000000000000000 ) ) ;
#678 = DIRECTION ( 'NONE',  ( 1.000000000000000000, 0.000000000000000000, 0.000000000000000000 ) ) ;
#679 = DIRECTION ( 'NONE',  ( -1.000000000000000000, 0.000000000000000000, 1.301042606982605814E-16 ) ) ;
#680 = AXIS2_PLACEMENT_3D ( 'NONE', #1467, #7437, #10878 ) ;
#681 = ORIENTED_EDGE ( 'NONE', *, *, #4807, .F. ) ;
#682 = ORIENTED_EDGE ( 'NONE', *, *, #10154, .F. ) ;
#683 = VECTOR ( 'NONE', #7148, 1000.000000000000000 ) ;
#684 = CARTESIAN_POINT ( 'NONE',  ( 10.95468318429283983, 2.925000000000001599, -2.001811090984638053 ) ) ;
#685 = FACE_OUTER_BOUND ( 'NONE', #3148, .T. ) ;
#686 = DIRECTION ( 'NONE',  ( -0.9848077530122064660, -3.783779336864367679E-17, 0.1736481776669392130 ) ) ;
#687 = DIRECTION ( 'NONE',  ( -1.703767317533126255E-17, 1.000000000000000000, 1.212737214708384717E-16 ) ) ;
#688 = AXIS2_PLACEMENT_3D ( 'NONE', #694, #9149, #10992 ) ;
#689 = VERTEX_POINT ( 'NONE', #5924 ) ;
#690 = CARTESIAN_POINT ( 'NONE',  ( -18.46264275098494778, 0.4459919049884548681, 0.4918491346511613682 ) ) ;
#691 = CARTESIAN_POINT ( 'NONE',  ( 0.6250000011593652705, 1.824000000000026933, 21.00100000600095385 ) ) ;
#692 = CARTESIAN_POINT ( 'NONE',  ( 4.597505857644034855, -0.5178893197914459234, 5.429359949229298543 ) ) ;
#693 = ORIENTED_EDGE ( 'NONE', *, *, #10505, .F. ) ;
#694 = CARTESIAN_POINT ( 'NONE',  ( 0.7999999999985443200, -0.3750000000000000000, 6.699999999999997513 ) ) ;
#695 = ORIENTED_EDGE ( 'NONE', *, *, #3725, .T. ) ;
#696 = EDGE_CURVE ( 'NONE', #9125, #10188, #2180, .T. ) ;
#697 = CIRCLE ( 'NONE', #1789, 0.1099999999999996397 ) ;
#698 = CONICAL_SURFACE ( 'NONE', #38, 4.999999999999999112, 0.01745329251994333364 ) ;
#699 = CARTESIAN_POINT ( 'NONE',  ( 1.230336675081829201, 1.925000000000000266, 7.410928177211881795 ) ) ;
#700 = CARTESIAN_POINT ( 'NONE',  ( 3.125000001159363716, 1.705000000000055360, 21.50000000600094552 ) ) ;
#701 = ORIENTED_EDGE ( 'NONE', *, *, #5373, .T. ) ;
#702 = DIRECTION ( 'NONE',  ( 0.000000000000000000, -1.000000000000000000, 0.000000000000000000 ) ) ;
#703 = VERTEX_POINT ( 'NONE', #4239 ) ;
#704 = DIRECTION ( 'NONE',  ( 0.000000000000000000, 1.000000000000000000, -0.000000000000000000 ) ) ;
#705 = CARTESIAN_POINT ( 'NONE',  ( -1.728543823278586800, 1.925000000000000044, 6.498937135999113934 ) ) ;
#706 = ORIENTED_EDGE ( 'NONE', *, *, #382, .F. ) ;
#707 = CARTESIAN_POINT ( 'NONE',  ( 15.18395443985294513, -0.5367959189816394749, -0.3186182795312069715 ) ) ;
#708 = LINE ( 'NONE', #1082, #4077 ) ;
#709 = ORIENTED_EDGE ( 'NONE', *, *, #8859, .T. ) ;
#710 = CIRCLE ( 'NONE', #6397, 0.4250000000000000444 ) ;
#711 = VECTOR ( 'NONE', #3436, 1000.000000000000227 ) ;
#712 = ADVANCED_FACE ( 'NONE', ( #9104 ), #914, .T. ) ;
#713 = CARTESIAN_POINT ( 'NONE',  ( 4.532310632717968524, -0.8749999999999998890, 6.575985059395157428 ) ) ;
#714 = DIRECTION ( 'NONE',  ( 0.9998476951563912696, 0.01745240643728296001, -8.673617379884032317E-15 ) ) ;
#715 = CARTESIAN_POINT ( 'NONE',  ( 18.45138030200387647, 0.4454113971054414756, -0.4907047638173724358 ) ) ;
#716 = DIRECTION ( 'NONE',  ( -0.000000000000000000, 1.000000000000000000, -0.000000000000000000 ) ) ;
#717 = DIRECTION ( 'NONE',  ( -1.000000000000000000, 0.000000000000000000, 6.923092871256209446E-15 ) ) ;
#718 = CIRCLE ( 'NONE', #1631, 0.4499999999999990119 ) ;
#719 = LINE ( 'NONE', #11071, #86 ) ;
#720 = CARTESIAN_POINT ( 'NONE',  ( -14.98466589161030349, -0.6784904812874567037, 0.4712850322845281159 ) ) ;
#721 = VERTEX_POINT ( 'NONE', #5104 ) ;
#722 = CIRCLE ( 'NONE', #9678, 0.05999999999999929001 ) ;
#723 = ORIENTED_EDGE ( 'NONE', *, *, #3918, .F. ) ;
#724 = LINE ( 'NONE', #8704, #3032 ) ;
#725 = EDGE_CURVE ( 'NONE', #1311, #1024, #6072, .T. ) ;
#726 = CARTESIAN_POINT ( 'NONE',  ( 12.33631939038320624, 1.925000000000001821, -5.927111132420250783 ) ) ;
#727 = CARTESIAN_POINT ( 'NONE',  ( -1.120353428614623947, 1.866047144386237422, 7.469890012998823714 ) ) ;
#728 = CARTESIAN_POINT ( 'NONE',  ( 14.99999999999992895, 2.675000000000001155, 2.499999999999982236 ) ) ;
#729 = DIRECTION ( 'NONE',  ( -1.047444401652941269E-14, 1.000000000000000000, -3.491481338843170037E-15 ) ) ;
#730 = LINE ( 'NONE', #7795, #1965 ) ;
#731 = DIRECTION ( 'NONE',  ( 3.491481338843084446E-15, 3.491481338843206719E-15, 1.000000000000000000 ) ) ;
#732 = ADVANCED_FACE ( 'NONE', ( #6582 ), #5884, .F. ) ;
#733 = VECTOR ( 'NONE', #1400, 1000.000000000000227 ) ;
#734 = EDGE_CURVE ( 'NONE', #7537, #1801, #6208, .T. ) ;
#735 = ORIENTED_EDGE ( 'NONE', *, *, #9928, .F. ) ;
#736 = CARTESIAN_POINT ( 'NONE',  ( 14.99999999999999822, 0.3129999999999997784, -0.1500000000000002442 ) ) ;
#737 = ORIENTED_EDGE ( 'NONE', *, *, #8543, .T. ) ;
#738 = ORIENTED_EDGE ( 'NONE', *, *, #9370, .T. ) ;
#739 = FACE_OUTER_BOUND ( 'NONE', #10246, .T. ) ;
#740 = AXIS2_PLACEMENT_3D ( 'NONE', #6537, #4036, #1494 ) ;
#741 = ORIENTED_EDGE ( 'NONE', *, *, #8911, .T. ) ;
#742 = CARTESIAN_POINT ( 'NONE',  ( 7.500000000233937314, 1.705000000000046256, 5.750000010944240181 ) ) ;
#743 = CYLINDRICAL_SURFACE ( 'NONE', #8336, 1.753994140719111750 ) ;
#744 = CARTESIAN_POINT ( 'NONE',  ( 7.499999999999908518, 2.825000000000001066, -0.7999999999999605205 ) ) ;
#745 = CARTESIAN_POINT ( 'NONE',  ( 0.5328366630130368931, 1.925000000000001821, -6.559150635094523452 ) ) ;
#746 = DIRECTION ( 'NONE',  ( 0.000000000000000000, 0.000000000000000000, 1.000000000000000000 ) ) ;
#747 = ORIENTED_EDGE ( 'NONE', *, *, #1325, .T. ) ;
#748 = ORIENTED_EDGE ( 'NONE', *, *, #2556, .T. ) ;
#749 = EDGE_LOOP ( 'NONE', ( #1800, #2390, #1310, #9829 ) ) ;
#750 = EDGE_LOOP ( 'NONE', ( #10657, #5637, #8153, #283 ) ) ;
#751 = CARTESIAN_POINT ( 'NONE',  ( 18.48658858353613255, 0.4523962849568768929, -0.5044829975940171574 ) ) ;
#752 = EDGE_CURVE ( 'NONE', #109, #8025, #3421, .T. ) ;
#753 = AXIS2_PLACEMENT_3D ( 'NONE', #764, #6024, #5942 ) ;
#754 = CARTESIAN_POINT ( 'NONE',  ( -12.61006929586268654, 0.6999999999999999556, 0.9999999999999991118 ) ) ;
#755 = DIRECTION ( 'NONE',  ( -0.9848077530122094636, 4.280128095951515652E-18, -0.1736481776669226429 ) ) ;
#756 = LINE ( 'NONE', #7892, #4249 ) ;
#757 = CARTESIAN_POINT ( 'NONE',  ( -15.00000000000000000, 0.3129999999999997784, -0.3750000000000001110 ) ) ;
#758 = ORIENTED_EDGE ( 'NONE', *, *, #1991, .T. ) ;
#759 = DIRECTION ( 'NONE',  ( 0.000000000000000000, 0.000000000000000000, -1.000000000000000000 ) ) ;
#760 = VERTEX_POINT ( 'NONE', #2486 ) ;
#761 = CARTESIAN_POINT ( 'NONE',  ( 18.45138856822342532, 0.4454117142370236371, -0.4907048613072101384 ) ) ;
#762 = CARTESIAN_POINT ( 'NONE',  ( 2.699999999998545785, -0.3750000000000000000, 9.324932431938870891 ) ) ;
#763 = CARTESIAN_POINT ( 'NONE',  ( 18.50000000000000000, 0.5665814585324204788, 0.4842494383794106461 ) ) ;
#764 = CARTESIAN_POINT ( 'NONE',  ( 10.00000000000000178, 1.865000000000000435, 2.499999999999999556 ) ) ;
#765 = AXIS2_PLACEMENT_3D ( 'NONE', #8762, #9474, #5234 ) ;
#766 = VERTEX_POINT ( 'NONE', #11070 ) ;
#767 = EDGE_CURVE ( 'NONE', #908, #2211, #196, .T. ) ;
#768 = CARTESIAN_POINT ( 'NONE',  ( 4.599999999998544808, -0.3750000000000000000, 4.699999999999997513 ) ) ;
#769 = DIRECTION ( 'NONE',  ( -1.703767317533126255E-17, 1.000000000000000000, 1.212737214708384717E-16 ) ) ;
#770 = VERTEX_POINT ( 'NONE', #7799 ) ;
#771 = AXIS2_PLACEMENT_3D ( 'NONE', #9320, #11050, #5940 ) ;
#772 = CARTESIAN_POINT ( 'NONE',  ( 7.499999999999909406, 2.825000000000001066, -0.8495620197742107527 ) ) ;
#773 = CARTESIAN_POINT ( 'NONE',  ( -18.49999999999999645, -0.3588651098633304781, 0.2167621993897375920 ) ) ;
#774 = ADVANCED_FACE ( 'NONE', ( #3700 ), #2692, .F. ) ;
#775 = CARTESIAN_POINT ( 'NONE',  ( -12.61068682838814148, -0.3750000000000000000, -5.530563360842446485 ) ) ;
#776 = EDGE_LOOP ( 'NONE', ( #8619, #4088, #3404, #4294, #3477 ) ) ;
#777 = CARTESIAN_POINT ( 'NONE',  ( -0.8933153914529453621, 0.2000000000000000944, -7.408095197929142728 ) ) ;
#778 = EDGE_CURVE ( 'NONE', #5919, #4850, #2894, .T. ) ;
#779 = CARTESIAN_POINT ( 'NONE',  ( 0.7021654167220963139, 0.7750553722595058259, -7.489962371139889719 ) ) ;
#780 = DIRECTION ( 'NONE',  ( 1.000000000000000000, 0.000000000000000000, 0.000000000000000000 ) ) ;
#781 = ORIENTED_EDGE ( 'NONE', *, *, #8983, .F. ) ;
#782 = CARTESIAN_POINT ( 'NONE',  ( -3.241599998840697161, 1.903999999999927528, 3.976800006000966281 ) ) ;
#783 = ADVANCED_FACE ( 'NONE', ( #8448 ), #3955, .T. ) ;
#784 = ADVANCED_FACE ( 'NONE', ( #10206 ), #2210, .F. ) ;
#785 =( BOUNDED_SURFACE ( )  B_SPLINE_SURFACE ( 3, 2, ( 
 ( #2625, #8539, #5210 ),
 ( #3561, #9483, #10363 ),
 ( #163, #2739, #5321 ),
 ( #273, #6997, #1145 ) ),
 .UNSPECIFIED., .F., .F., .F. ) 
 B_SPLINE_SURFACE_WITH_KNOTS ( ( 4, 4 ),
 ( 3, 3 ),
 ( 0.0009319372213417039495, 0.001498900774520785240 ),
 ( 0.000000000000000000, 1.000000000000000000 ),
 .UNSPECIFIED. ) 
 GEOMETRIC_REPRESENTATION_ITEM ( )  RATIONAL_B_SPLINE_SURFACE ( (
 ( 1.000000000000000000, 0.7166442719914970505, 1.000000000000000000),
 ( 1.000000000000000000, 0.7209566812589002227, 1.000000000000000000),
 ( 1.000000000000000000, 0.7169439420986155609, 1.000000000000000000),
 ( 1.000000000000000000, 0.7065215683772221311, 1.000000000000000000) ) ) 
 REPRESENTATION_ITEM ( '' )  SURFACE ( )  );
#786 = FACE_OUTER_BOUND ( 'NONE', #7418, .T. ) ;
#787 = EDGE_CURVE ( 'NONE', #10220, #5060, #10485, .T. ) ;
#788 = CARTESIAN_POINT ( 'NONE',  ( 15.00000000000000178, 0.1999999999999999833, -2.499999999999967581 ) ) ;
#789 = CARTESIAN_POINT ( 'NONE',  ( -15.00000000000000000, 0.3129999999999997784, -0.4530000000000001248 ) ) ;
#790 = ORIENTED_EDGE ( 'NONE', *, *, #9960, .T. ) ;
#791 = EDGE_CURVE ( 'NONE', #5916, #4737, #2338, .T. ) ;
#792 = DIRECTION ( 'NONE',  ( 0.000000000000000000, 0.9998476951563911586, -0.01745240643728354635 ) ) ;
#793 = EDGE_LOOP ( 'NONE', ( #7489, #10114, #7231, #9366, #1849 ) ) ;
#794 = CARTESIAN_POINT ( 'NONE',  ( -14.98446965083274840, 1.089733107904000020, -0.5196947771583837472 ) ) ;
#795 = CARTESIAN_POINT ( 'NONE',  ( -0.3474999988406969331, 1.858999999999955133, 3.323500006000960294 ) ) ;
#796 = CARTESIAN_POINT ( 'NONE',  ( -1.149999998924088107, 1.903999999999945958, 2.976800003647840587 ) ) ;
#797 = VECTOR ( 'NONE', #6390, 1000.000000000000000 ) ;
#798 = EDGE_CURVE ( 'NONE', #8569, #4465, #1705, .T. ) ;
#799 = DIRECTION ( 'NONE',  ( 1.703767317533126255E-17, -1.000000000000000000, -1.212737214708384717E-16 ) ) ;
#800 = CARTESIAN_POINT ( 'NONE',  ( -12.84471331686216544, 2.825000000000000622, 1.882174971434835697E-13 ) ) ;
#801 = DIRECTION ( 'NONE',  ( 0.000000000000000000, 0.000000000000000000, -1.000000000000000000 ) ) ;
#802 = ORIENTED_EDGE ( 'NONE', *, *, #6906, .F. ) ;
#803 = DIRECTION ( 'NONE',  ( 0.000000000000000000, 0.000000000000000000, -1.000000000000000000 ) ) ;
#804 = CARTESIAN_POINT ( 'NONE',  ( 18.49885795490868645, -0.06641018250295364911, 0.5258072066789185595 ) ) ;
#805 = ORIENTED_EDGE ( 'NONE', *, *, #6332, .T. ) ;
#806 = DIRECTION ( 'NONE',  ( 0.000000000000000000, 0.000000000000000000, -1.000000000000000000 ) ) ;
#807 = EDGE_CURVE ( 'NONE', #3903, #5717, #1683, .T. ) ;
#808 = VECTOR ( 'NONE', #3263, 1000.000000000000000 ) ;
#809 = FACE_OUTER_BOUND ( 'NONE', #4008, .T. ) ;
#810 = CARTESIAN_POINT ( 'NONE',  ( 0.9398844389377734032, -0.8750000000000003331, 5.014284433234619698 ) ) ;
#811 = VERTEX_POINT ( 'NONE', #8758 ) ;
#812 = EDGE_CURVE ( 'NONE', #7111, #3016, #10342, .T. ) ;
#813 = CARTESIAN_POINT ( 'NONE',  ( -15.00000000000000000, -0.1400000000000001243, -0.07500000000000010825 ) ) ;
#814 = ORIENTED_EDGE ( 'NONE', *, *, #433, .F. ) ;
#815 = B_SPLINE_CURVE_WITH_KNOTS ( 'NONE', 3,
 ( #3314, #3213, #4920, #667, #4992, #1515, #4135, #10075, #2331, #7450, #597, #10033, #4845, #2378, #9081, #6557 ),
 .UNSPECIFIED., .F., .F.,
 ( 4, 3, 3, 3, 3, 4 ),
 ( -1.085088934515290675E-05, 0.000000000000000000, 1.559546808834606069E-05, 3.241723243773976900E-05, 4.923870032122332685E-05, 6.606018702703777884E-05 ),
 .UNSPECIFIED. ) ;
#816 = DIRECTION ( 'NONE',  ( -0.8660254037844353769, -7.539191852662399200E-17, 0.5000000000000055511 ) ) ;
#817 = AXIS2_PLACEMENT_3D ( 'NONE', #1743, #9307, #3508 ) ;
#818 = CARTESIAN_POINT ( 'NONE',  ( -18.50000000000000000, -0.07121550018489558598, 0.5352844436880276335 ) ) ;
#819 = DIRECTION ( 'NONE',  ( 0.9998476951563912696, -0.01745240643728354982, 0.000000000000000000 ) ) ;
#820 = DIRECTION ( 'NONE',  ( 0.000000000000000000, 0.000000000000000000, -1.000000000000000000 ) ) ;
#821 = VECTOR ( 'NONE', #6225, 1000.000000000000000 ) ;
#822 = LINE ( 'NONE', #9711, #3924 ) ;
#823 = DIRECTION ( 'NONE',  ( -0.01745198130024988234, -0.9998233390720429048, 0.006979899392303761003 ) ) ;
#824 = B_SPLINE_CURVE_WITH_KNOTS ( 'NONE', 3,
 ( #7729, #7810, #2663, #2697, #6061, #955, #3516, #8575, #2618, #9511, #5162, #10311, #6140, #8, #5202, #6918 ),
 .UNSPECIFIED., .F., .F.,
 ( 4, 3, 3, 3, 3, 4 ),
 ( 4.537000091713659054E-12, 1.678813321373395101E-05, 3.357624764245605302E-05, 5.036465794925942732E-05, 6.592920348096014793E-05, 7.678009246267473065E-05 ),
 .UNSPECIFIED. ) ;
#825 = VERTEX_POINT ( 'NONE', #1824 ) ;
#826 = ADVANCED_FACE ( 'NONE', ( #5121 ), #5918, .T. ) ;
#827 = CARTESIAN_POINT ( 'NONE',  ( -1.049999998840649651, 1.823999999999994515, 16.75100000600095740 ) ) ;
#828 = ORIENTED_EDGE ( 'NONE', *, *, #734, .F. ) ;
#829 = CARTESIAN_POINT ( 'NONE',  ( -2.671456176721499265, 1.925000000000000044, 6.498937135999117487 ) ) ;
#830 = CARTESIAN_POINT ( 'NONE',  ( -12.74122116980754704, -0.3750000000000000000, -5.682091528884566145 ) ) ;
#831 = EDGE_CURVE ( 'NONE', #7153, #479, #9925, .T. ) ;
#832 = DIRECTION ( 'NONE',  ( -1.047444401652941269E-14, 1.000000000000000000, -3.491481338843170037E-15 ) ) ;
#833 = FACE_OUTER_BOUND ( 'NONE', #3969, .T. ) ;
#834 = DIRECTION ( 'NONE',  ( -0.9848077530122133494, 4.280128095948776980E-18, -0.1736481776669006605 ) ) ;
#835 = DIRECTION ( 'NONE',  ( 0.000000000000000000, 0.000000000000000000, 1.000000000000000000 ) ) ;
#836 = SPHERICAL_SURFACE ( 'NONE', #4954, 0.1000000000000000056 ) ;
#837 = CARTESIAN_POINT ( 'NONE',  ( 0.6525000011593495852, 1.859000000000009090, 15.78258659774595785 ) ) ;
#838 = AXIS2_PLACEMENT_3D ( 'NONE', #7206, #5636, #9790 ) ;
#839 = B_SPLINE_SURFACE_WITH_KNOTS ( 'NONE', 3, 1, ( 
 ( #2569, #10152 ),
 ( #10237, #6822 ),
 ( #5888, #5197 ),
 ( #3389, #5973 ),
 ( #6052, #5156 ),
 ( #88, #1746 ),
 ( #8499, #2488 ),
 ( #2610, #3352 ),
 ( #7688, #8408 ) ),
 .UNSPECIFIED., .F., .F., .F.,
 ( 4, 3, 2, 4 ),
 ( 2, 2 ),
 ( -0.01000000000000000021, 0.000000000000000000, 0.5000000000000000000, 1.000000000000000000 ),
 ( 0.000000000000000000, 1.000000000000000000 ),
 .UNSPECIFIED. ) ;
#840 = ORIENTED_EDGE ( 'NONE', *, *, #4615, .T. ) ;
#841 = EDGE_LOOP ( 'NONE', ( #3557, #7822, #1136, #5527, #5141, #1662, #8934, #5267, #2471, #905, #1168, #10455, #1821, #2519 ) ) ;
#842 = CARTESIAN_POINT ( 'NONE',  ( 7.271929870468180290, 2.825000000000001510, -5.402964901372191875 ) ) ;
#843 = ORIENTED_EDGE ( 'NONE', *, *, #4543, .F. ) ;
#844 = DIRECTION ( 'NONE',  ( 1.000000000000000000, 0.000000000000000000, 0.000000000000000000 ) ) ;
#845 = DIRECTION ( 'NONE',  ( -1.000000000000000000, -1.703767317532268985E-17, 6.997874502090439819E-15 ) ) ;
#846 = CARTESIAN_POINT ( 'NONE',  ( 0.5328366630130368931, 1.925000000000001821, -6.559150635094523452 ) ) ;
#847 = VECTOR ( 'NONE', #5605, 1000.000000000000000 ) ;
#848 = CARTESIAN_POINT ( 'NONE',  ( -7.500000000383929333, 1.704999999999868843, 1.227764764855088231E-08 ) ) ;
#849 = AXIS2_PLACEMENT_3D ( 'NONE', #9592, #5434, #2816 ) ;
#850 = CIRCLE ( 'NONE', #1559, 0.06000000000000015737 ) ;
#851 = LINE ( 'NONE', #5284, #8587 ) ;
#852 = CARTESIAN_POINT ( 'NONE',  ( -18.50000000000000000, -0.3971367803559319176, 0.05577505662739571518 ) ) ;
#853 = ADVANCED_FACE ( 'NONE', ( #10861 ), #3156, .F. ) ;
#854 = EDGE_CURVE ( 'NONE', #8144, #2017, #2563, .T. ) ;
#855 = EDGE_LOOP ( 'NONE', ( #2665, #8166, #2644, #1361 ) ) ;
#856 = VECTOR ( 'NONE', #7631, 1000.000000000000227 ) ;
#857 = CARTESIAN_POINT ( 'NONE',  ( 1.582655582624784341, -0.7494018813600249462, 4.458081970579881315 ) ) ;
#858 = ORIENTED_EDGE ( 'NONE', *, *, #3569, .T. ) ;
#859 = PLANE ( 'NONE',  #9785 ) ;
#860 = CARTESIAN_POINT ( 'NONE',  ( 18.50000000000000000, 0.5572433518841156674, 0.4890818667012705734 ) ) ;
#861 = FACE_OUTER_BOUND ( 'NONE', #8881, .T. ) ;
#862 = ORIENTED_EDGE ( 'NONE', *, *, #7723, .F. ) ;
#863 = LINE ( 'NONE', #3643, #579 ) ;
#864 = DIRECTION ( 'NONE',  ( -0.000000000000000000, 1.000000000000000000, -0.000000000000000000 ) ) ;
#865 = CARTESIAN_POINT ( 'NONE',  ( 14.97091903892126830, 1.866047144386237422, 2.499999999999963585 ) ) ;
#866 = DIRECTION ( 'NONE',  ( -0.008226032506114214216, -0.4712690866487046493, 0.8819511212978325965 ) ) ;
#867 = EDGE_CURVE ( 'NONE', #8273, #7589, #6816, .T. ) ;
#868 = EDGE_CURVE ( 'NONE', #10232, #10719, #1137, .T. ) ;
#869 = VECTOR ( 'NONE', #573, 1000.000000000000000 ) ;
#870 = LINE ( 'NONE', #10113, #10871 ) ;
#871 = VECTOR ( 'NONE', #566, 1000.000000000000000 ) ;
#872 = VERTEX_POINT ( 'NONE', #4568 ) ;
#873 = DIRECTION ( 'NONE',  ( -8.673617379884036458E-16, 0.000000000000000000, 1.000000000000000000 ) ) ;
#874 = LINE ( 'NONE', #7660, #10620 ) ;
#875 = VERTEX_POINT ( 'NONE', #3767 ) ;
#876 = FACE_OUTER_BOUND ( 'NONE', #9416, .T. ) ;
#877 = CARTESIAN_POINT ( 'NONE',  ( -0.8933153914529453621, 0.2000000000000000944, -7.408095197929142728 ) ) ;
#878 = ORIENTED_EDGE ( 'NONE', *, *, #5472, .F. ) ;
#879 = CARTESIAN_POINT ( 'NONE',  ( 0.7600198491912245613, -0.8750000000000001110, 6.767689368251047277 ) ) ;
#880 = B_SPLINE_CURVE_WITH_KNOTS ( 'NONE', 3,
 ( #10800, #8988, #4003, #7351 ),
 .UNSPECIFIED., .F., .F.,
 ( 4, 4 ),
 ( 0.000000000000000000, 0.0005592957566328121948 ),
 .UNSPECIFIED. ) ;
#881 = CARTESIAN_POINT ( 'NONE',  ( 15.18257540068056599, 1.000000000000000000, -0.1059763745183643219 ) ) ;
#882 = CARTESIAN_POINT ( 'NONE',  ( 9.999999999999861444, 2.675000000000002043, -7.249999999999981348 ) ) ;
#883 = CARTESIAN_POINT ( 'NONE',  ( 1.101920036735166031, 0.8099988308873059539, 7.489352430800724214 ) ) ;
#884 = CARTESIAN_POINT ( 'NONE',  ( 3.125021300494541077, 1.824000000000036037, 15.99997886453819618 ) ) ;
#885 = DIRECTION ( 'NONE',  ( 1.000000000000000000, -1.301042606982605321E-16, 0.000000000000000000 ) ) ;
#886 = FACE_OUTER_BOUND ( 'NONE', #1575, .T. ) ;
#887 = ORIENTED_EDGE ( 'NONE', *, *, #4997, .F. ) ;
#889 = EDGE_CURVE ( 'NONE', #4355, #6274, #2080, .T. ) ;
#888 = CIRCLE ( 'NONE', #3010, 0.3099999999999994982 ) ;
#890 = ORIENTED_EDGE ( 'NONE', *, *, #3517, .F. ) ;
#891 = ORIENTED_EDGE ( 'NONE', *, *, #2578, .T. ) ;
#892 = VERTEX_POINT ( 'NONE', #9767 ) ;
#893 = DIRECTION ( 'NONE',  ( 8.352648270359217149E-16, 0.000000000000000000, 1.000000000000000000 ) ) ;
#894 = DIRECTION ( 'NONE',  ( 0.000000000000000000, 1.000000000000000000, 0.000000000000000000 ) ) ;
#895 = CARTESIAN_POINT ( 'NONE',  ( 13.21716333698674717, 1.925000000000000488, 5.990849364905382224 ) ) ;
#896 = DIRECTION ( 'NONE',  ( 1.000000000000000000, 1.047444401652940007E-14, -3.491481338843121128E-15 ) ) ;
#897 = CARTESIAN_POINT ( 'NONE',  ( 3.125000001159346397, 1.705000000000036042, 16.00000000600094197 ) ) ;
#898 = DIRECTION ( 'NONE',  ( -1.703767317533126255E-17, 1.000000000000000000, 1.212737214708384717E-16 ) ) ;
#899 = ADVANCED_FACE ( 'NONE', ( #6860 ), #7125, .F. ) ;
#900 = EDGE_CURVE ( 'NONE', #8042, #8307, #3351, .T. ) ;
#901 = CARTESIAN_POINT ( 'NONE',  ( 7.499999852825629532, 2.825000000000001510, -5.402964932569343404 ) ) ;
#902 = LINE ( 'NONE', #10514, #5312 ) ;
#903 = EDGE_CURVE ( 'NONE', #3734, #1548, #4357, .T. ) ;
#904 = DIRECTION ( 'NONE',  ( 1.000000000000000000, -1.301042606982605321E-16, 0.000000000000000000 ) ) ;
#905 = ORIENTED_EDGE ( 'NONE', *, *, #3390, .T. ) ;
#906 = ORIENTED_EDGE ( 'NONE', *, *, #696, .F. ) ;
#907 = VERTEX_POINT ( 'NONE', #4680 ) ;
#908 = VERTEX_POINT ( 'NONE', #8864 ) ;
#909 = VERTEX_POINT ( 'NONE', #6237 ) ;
#910 = DIRECTION ( 'NONE',  ( -1.047444401652941269E-14, 1.000000000000000000, -3.491481338843170037E-15 ) ) ;
#911 = CARTESIAN_POINT ( 'NONE',  ( 18.49999999999999645, 0.7558798034171823055, -0.2167897254613111446 ) ) ;
#912 = ORIENTED_EDGE ( 'NONE', *, *, #4156, .T. ) ;
#913 = AXIS2_PLACEMENT_3D ( 'NONE', #1100, #199, #236 ) ;
#914 = PLANE ( 'NONE',  #8676 ) ;
#915 = DIRECTION ( 'NONE',  ( 0.01745240643728354982, 0.9998476951563911586, -1.211003966361781178E-16 ) ) ;
#916 = LINE ( 'NONE', #827, #7424 ) ;
#917 = CARTESIAN_POINT ( 'NONE',  ( -15.19990861245377189, 0.2069809625749134130, 0.9999756327838832393 ) ) ;
#918 = ORIENTED_EDGE ( 'NONE', *, *, #7645, .F. ) ;
#919 = ADVANCED_FACE ( 'NONE', ( #58 ), #7484, .F. ) ;
#920 = EDGE_LOOP ( 'NONE', ( #10571, #4536, #3168, #538 ) ) ;
#921 = ADVANCED_FACE ( 'NONE', ( #861 ), #10608, .T. ) ;
#922 = AXIS2_PLACEMENT_3D ( 'NONE', #6250, #6282, #10573 ) ;
#923 = DIRECTION ( 'NONE',  ( -6.911138328291599464E-15, 1.212737214708383484E-16, -1.000000000000000000 ) ) ;
#924 = ORIENTED_EDGE ( 'NONE', *, *, #2950, .F. ) ;
#925 = DIRECTION ( 'NONE',  ( 0.000000000000000000, 0.000000000000000000, -1.000000000000000000 ) ) ;
#926 = CARTESIAN_POINT ( 'NONE',  ( 9.999999999999861444, 2.925000000000002043, -7.249999999999981348 ) ) ;
#927 = CARTESIAN_POINT ( 'NONE',  ( 15.18483067352149085, 0.8966364043808443540, 0.4073434816559072802 ) ) ;
#928 = DIRECTION ( 'NONE',  ( -0.7071067811865451302, -4.937700262164479411E-15, 0.7071067811865500152 ) ) ;
#929 = DIRECTION ( 'NONE',  ( -1.000000000000000000, 0.000000000000000000, 7.014719940208544583E-15 ) ) ;
#930 = DIRECTION ( 'NONE',  ( 0.9999999943992672335, 1.702483783591024070E-17, 0.0001058369763249489547 ) ) ;
#931 = DIRECTION ( 'NONE',  ( 0.000000000000000000, 1.000000000000000000, 0.000000000000000000 ) ) ;
#932 = AXIS2_PLACEMENT_3D ( 'NONE', #6101, #10392, #1975 ) ;
#933 = CARTESIAN_POINT ( 'NONE',  ( -7.499999999984071408, 1.704999999999870619, 0.5000000118043566033 ) ) ;
#934 = VERTEX_POINT ( 'NONE', #10733 ) ;
#935 = EDGE_CURVE ( 'NONE', #4556, #3369, #6335, .T. ) ;
#936 = DIRECTION ( 'NONE',  ( 3.675084932752697443E-15, 3.491481338843208691E-15, 1.000000000000000000 ) ) ;
#937 = CIRCLE ( 'NONE', #7208, 0.4000000000000019096 ) ;
#938 = CARTESIAN_POINT ( 'NONE',  ( -17.24999999999999645, 1.000000000000000222, 0.000000000000000000 ) ) ;
#939 = COORDINATED_UNIVERSAL_TIME_OFFSET ( 1, 0, .AHEAD. ) ;
#940 = DIRECTION ( 'NONE',  ( 0.000000000000000000, -0.9998476951563911586, 0.01745240643728354635 ) ) ;
#941 = ORIENTED_EDGE ( 'NONE', *, *, #3849, .T. ) ;
#942 = VERTEX_POINT ( 'NONE', #9000 ) ;
#943 = CARTESIAN_POINT ( 'NONE',  ( -1.211869793991679822, 0.8080802352918987630, 7.489385920011413234 ) ) ;
#944 = CARTESIAN_POINT ( 'NONE',  ( 18.45403685859558252, 0.6089895401570086797, -0.3763744095386109545 ) ) ;
#945 = VECTOR ( 'NONE', #7349, 1000.000000000000227 ) ;
#946 = CARTESIAN_POINT ( 'NONE',  ( -15.19990861245377367, 0.1944152299400692951, -0.7999805062271065914 ) ) ;
#947 = CARTESIAN_POINT ( 'NONE',  ( 9.999999999999964473, 1.925000000000000266, 7.410928177211880907 ) ) ;
#948 = COORDINATED_UNIVERSAL_TIME_OFFSET ( 1, 0, .AHEAD. ) ;
#949 = CARTESIAN_POINT ( 'NONE',  ( -7.125277968315643307, 1.858999999999891406, 5.390940707153967892 ) ) ;
#950 = ORIENTED_EDGE ( 'NONE', *, *, #9368, .T. ) ;
#951 = ADVANCED_FACE ( 'NONE', ( #564 ), #5592, .F. ) ;
#952 = CARTESIAN_POINT ( 'NONE',  ( 4.599999999998544808, -0.3750000000000000000, 4.699999999999997513 ) ) ;
#953 = LINE ( 'NONE', #1691, #407 ) ;
#954 = CARTESIAN_POINT ( 'NONE',  ( -14.99681545804290650, 0.01755771346667974603, 0.9987263464424046555 ) ) ;
#955 = CARTESIAN_POINT ( 'NONE',  ( 18.47804884413901050, 0.4491252424018788991, 0.4980302418307692713 ) ) ;
#956 = EDGE_CURVE ( 'NONE', #670, #2369, #577, .T. ) ;
#957 = CARTESIAN_POINT ( 'NONE',  ( 18.50000000000000000, -0.1604172757557284223, -0.4890554655038422682 ) ) ;
#958 = B_SPLINE_CURVE_WITH_KNOTS ( 'NONE', 3,
 ( #10497, #1067, #6204, #1905 ),
 .UNSPECIFIED., .F., .F.,
 ( 4, 4 ),
 ( 0.000000000000000000, 1.116954011986148916E-05 ),
 .UNSPECIFIED. ) ;
#959 = CARTESIAN_POINT ( 'NONE',  ( 15.00032412556503481, 0.1814308588156444690, 0.7997920818210031424 ) ) ;
#960 = CARTESIAN_POINT ( 'NONE',  ( -10.00000000000006395, 2.675000000000000266, 2.500000000000158540 ) ) ;
#961 = CARTESIAN_POINT ( 'NONE',  ( 1.101919441108223818, 0.7815024086775897993, 7.489849837700591095 ) ) ;
#962 = CARTESIAN_POINT ( 'NONE',  ( -13.87794990882725621, -0.8149999999999999467, 3.480563360842449772 ) ) ;
#963 = ORIENTED_EDGE ( 'NONE', *, *, #1187, .F. ) ;
#964 = CARTESIAN_POINT ( 'NONE',  ( 0.6603611092176305819, 1.925000000000001377, -2.762230273688348170 ) ) ;
#965 = EDGE_CURVE ( 'NONE', #5387, #5604, #5271, .T. ) ;
#966 = FACE_OUTER_BOUND ( 'NONE', #5182, .T. ) ;
#967 = EDGE_CURVE ( 'NONE', #10372, #8817, #4840, .T. ) ;
#968 = DIRECTION ( 'NONE',  ( -8.673617379884035472E-16, 0.000000000000000000, 1.000000000000000000 ) ) ;
#969 = CARTESIAN_POINT ( 'NONE',  ( 15.00000000000000000, 0.3129999999999997784, -0.4500000000000001221 ) ) ;
#970 = VECTOR ( 'NONE', #6317, 1000.000000000000000 ) ;
#971 = ADVANCED_FACE ( 'NONE', ( #9797 ), #1674, .T. ) ;
#972 = ADVANCED_FACE ( 'NONE', ( #2472, #4481 ), #10774, .T. ) ;
#973 = VERTEX_POINT ( 'NONE', #1385 ) ;
#974 = DIRECTION ( 'NONE',  ( -0.9999999999999905631, -1.703768976406625878E-17, 1.367876270183164164E-07 ) ) ;
#975 = ORIENTED_EDGE ( 'NONE', *, *, #379, .T. ) ;
#976 = CARTESIAN_POINT ( 'NONE',  ( -9.014586297939976234, 2.825000000000001066, -1.633974596215415076 ) ) ;
#977 = DIRECTION ( 'NONE',  ( 0.000000000000000000, 1.000000000000000000, 0.000000000000000000 ) ) ;
#978 = VECTOR ( 'NONE', #1775, 1000.000000000000000 ) ;
#979 = LINE ( 'NONE', #9992, #7487 ) ;
#980 = EDGE_CURVE ( 'NONE', #5266, #982, #710, .T. ) ;
#981 = CARTESIAN_POINT ( 'NONE',  ( -15.00000000000000000, -0.1400000000000001243, -0.1500000000000001887 ) ) ;
#982 = VERTEX_POINT ( 'NONE', #7251 ) ;
#983 = AXIS2_PLACEMENT_3D ( 'NONE', #4866, #4145, #10093 ) ;
#984 = EDGE_LOOP ( 'NONE', ( #3018, #7470, #9317, #975 ) ) ;
#985 = DIRECTION ( 'NONE',  ( -7.084610675889280174E-15, 1.212737214708358339E-16, -1.000000000000000000 ) ) ;
#986 = DIRECTION ( 'NONE',  ( -1.047444401652941269E-14, 1.000000000000000000, -3.491481338843170037E-15 ) ) ;
#987 = VERTEX_POINT ( 'NONE', #2249 ) ;
#988 = CARTESIAN_POINT ( 'NONE',  ( -0.9919033010572734232, 0.6999999999999999556, 7.383175768593164712 ) ) ;
#989 = CIRCLE ( 'NONE', #9173, 0.8000000000000000444 ) ;
#990 = AXIS2_PLACEMENT_3D ( 'NONE', #8135, #9862, #10626 ) ;
#991 = PLANE ( 'NONE',  #10204 ) ;
#992 = ORIENTED_EDGE ( 'NONE', *, *, #9345, .T. ) ;
#993 = DIRECTION ( 'NONE',  ( -1.047444401652941269E-14, 1.000000000000000000, -3.491481338843170037E-15 ) ) ;
#994 = ORIENTED_EDGE ( 'NONE', *, *, #510, .T. ) ;
#995 = VERTEX_POINT ( 'NONE', #3905 ) ;
#996 = EDGE_CURVE ( 'NONE', #7794, #2047, #5646, .T. ) ;
#997 = CARTESIAN_POINT ( 'NONE',  ( 18.50000000000331823, -0.3499126690501330184, -0.1035675643408179164 ) ) ;
#998 = CARTESIAN_POINT ( 'NONE',  ( 1.703230273688386198, 1.925000000000000266, 6.271638890782345932 ) ) ;
#999 = CARTESIAN_POINT ( 'NONE',  ( 1.105479649785519936, 0.6150838774857211311, 7.492754683967828733 ) ) ;
#1000 = DIRECTION ( 'NONE',  ( 0.000000000000000000, 0.000000000000000000, -1.000000000000000000 ) ) ;
#1001 = VECTOR ( 'NONE', #3723, 1000.000000000000000 ) ;
#1002 = ORIENTED_EDGE ( 'NONE', *, *, #4433, .T. ) ;
#1003 = FACE_OUTER_BOUND ( 'NONE', #4827, .T. ) ;
#1004 = CIRCLE ( 'NONE', #1486, 0.4250000000000000444 ) ;
#1005 = CARTESIAN_POINT ( 'NONE',  ( -14.99996953439121761, 0.1999999999999999833, 2.517454373653922328 ) ) ;
#1006 = CARTESIAN_POINT ( 'NONE',  ( 3.490000000000000657, 0.6999999999999999556, 5.828049178245647610 ) ) ;
#1007 = CARTESIAN_POINT ( 'NONE',  ( -13.16368060961666409, 1.925000000000000044, 5.572888867579916194 ) ) ;
#1008 = AXIS2_PLACEMENT_3D ( 'NONE', #10386, #6044, #4463 ) ;
#1009 = CARTESIAN_POINT ( 'NONE',  ( -15.18463543064158117, -0.5055847700599308547, -0.3770280258276225704 ) ) ;
#1010 = CONICAL_SURFACE ( 'NONE', #7189, 4.999999999999999112, 0.01745329251994333364 ) ;
#1011 = CARTESIAN_POINT ( 'NONE',  ( -18.49999999999999645, -0.04102533133524698117, 0.4944045080895106969 ) ) ;
#1012 =( BOUNDED_CURVE ( )  B_SPLINE_CURVE ( 3, ( #6924, #6115, #8582, #4375 ),
 .UNSPECIFIED., .F., .F. ) 
 B_SPLINE_CURVE_WITH_KNOTS ( ( 4, 4 ),
 ( 1.570796326794896780, 2.650845457626366919 ),
 .UNSPECIFIED. ) 
 CURVE ( )  GEOMETRIC_REPRESENTATION_ITEM ( )  RATIONAL_B_SPLINE_CURVE ( ( 1.000000000000000000, 0.9051307007604331156, 0.9051307007604331156, 1.000000000000000000 ) ) 
 REPRESENTATION_ITEM ( '' )  );
#1013 = LINE ( 'NONE', #9308, #455 ) ;
#1014 = ORIENTED_EDGE ( 'NONE', *, *, #2389, .T. ) ;
#1015 = LINE ( 'NONE', #5825, #9808 ) ;
#1016 = ORIENTED_EDGE ( 'NONE', *, *, #3716, .F. ) ;
#1017 = EDGE_CURVE ( 'NONE', #6122, #8446, #3280, .T. ) ;
#1018 = CARTESIAN_POINT ( 'NONE',  ( -12.61068682838814148, -0.3750000000000000000, -5.330563360842446308 ) ) ;
#1019 = CARTESIAN_POINT ( 'NONE',  ( 12.61068682838814503, -0.8149999999999999467, -5.262873992591395655 ) ) ;
#1020 = DIRECTION ( 'NONE',  ( 0.3420201433256541690, -1.081327937400315308E-16, 0.9396926207859136460 ) ) ;
#1021 = LINE ( 'NONE', #5224, #4876 ) ;
#1022 = EDGE_CURVE ( 'NONE', #2870, #4527, #6173, .T. ) ;
#1023 = DIRECTION ( 'NONE',  ( 0.000000000000000000, -0.000000000000000000, 1.000000000000000000 ) ) ;
#1024 = VERTEX_POINT ( 'NONE', #10696 ) ;
#1025 = EDGE_LOOP ( 'NONE', ( #8100, #9456, #27, #3851 ) ) ;
#1026 = ORIENTED_EDGE ( 'NONE', *, *, #4189, .T. ) ;
#1027 = DIRECTION ( 'NONE',  ( 1.047444401652941269E-14, -1.000000000000000000, 3.491481338843170037E-15 ) ) ;
#1028 = CIRCLE ( 'NONE', #3378, 4.784696352579027590 ) ;
#1029 = VERTEX_POINT ( 'NONE', #7352 ) ;
#1030 = CARTESIAN_POINT ( 'NONE',  ( -14.99993907342249422, 0.1965095187125432963, -0.9999756327838832393 ) ) ;
#1031 = EDGE_CURVE ( 'NONE', #9704, #6675, #4602, .T. ) ;
#1032 = ADVANCED_FACE ( 'NONE', ( #9376 ), #9238, .T. ) ;
#1033 = ADVANCED_FACE ( 'NONE', ( #9649 ), #6798, .F. ) ;
#1034 = CARTESIAN_POINT ( 'NONE',  ( -1.107678555210637628, 1.139904133397130037, 5.703631354220022764 ) ) ;
#1035 = CARTESIAN_POINT ( 'NONE',  ( 0.6077289675089327936, -0.8160471443862370444, 6.707698506541664329 ) ) ;
#1036 = FACE_OUTER_BOUND ( 'NONE', #1700, .T. ) ;
#1037 = CARTESIAN_POINT ( 'NONE',  ( -8.514586297939958470, 2.825000000000000622, 0.8000000000001478151 ) ) ;
#1038 = ORIENTED_EDGE ( 'NONE', *, *, #3762, .F. ) ;
#1039 = VERTEX_POINT ( 'NONE', #10161 ) ;
#1040 = ORIENTED_EDGE ( 'NONE', *, *, #1557, .F. ) ;
#1041 = B_SPLINE_CURVE_WITH_KNOTS ( 'NONE', 3,
 ( #152, #6138, #1034, #91, #9446, #6915, #1833 ),
 .UNSPECIFIED., .F., .F.,
 ( 4, 3, 4 ),
 ( 0.0001081187174340345817, 0.0006060318604107536433, 0.001166462847639915127 ),
 .UNSPECIFIED. ) ;
#1042 = CARTESIAN_POINT ( 'NONE',  ( 6.499279426326258274E-16, 0.5919197647081011482, 7.493159015060367523 ) ) ;
#1043 = EDGE_CURVE ( 'NONE', #3820, #2208, #2613, .T. ) ;
#1044 = VERTEX_POINT ( 'NONE', #4597 ) ;
#1045 = DIRECTION ( 'NONE',  ( 8.673617379884013384E-15, 0.000000000000000000, 1.000000000000000000 ) ) ;
#1046 = DIRECTION ( 'NONE',  ( -1.703767317533126255E-17, 1.000000000000000000, 1.212737214708384717E-16 ) ) ;
#1047 = DIRECTION ( 'NONE',  ( -1.703767317533126255E-17, 1.000000000000000000, 1.212737214708384717E-16 ) ) ;
#1048 = CARTESIAN_POINT ( 'NONE',  ( 9.999999999999859668, 2.925000000000002043, -7.499999999999981348 ) ) ;
#1049 = EDGE_CURVE ( 'NONE', #9183, #9183, #308, .T. ) ;
#1050 = VECTOR ( 'NONE', #1952, 1000.000000000000000 ) ;
#1051 = CARTESIAN_POINT ( 'NONE',  ( 17.14999999999999858, 0.2000000000000000389, 0.000000000000000000 ) ) ;
#1052 = VERTEX_POINT ( 'NONE', #5484 ) ;
#1053 = ORIENTED_EDGE ( 'NONE', *, *, #645, .F. ) ;
#1054 = DIRECTION ( 'NONE',  ( 0.000000000000000000, -1.000000000000000000, 0.000000000000000000 ) ) ;
#1055 = EDGE_CURVE ( 'NONE', #11043, #6939, #8435, .T. ) ;
#1056 = EDGE_LOOP ( 'NONE', ( #8584, #8119, #10749, #890 ) ) ;
#1057 = CARTESIAN_POINT ( 'NONE',  ( -1.449999998840694637, 1.704999999999947891, 4.426800006000958021 ) ) ;
#1058 = AXIS2_PLACEMENT_3D ( 'NONE', #3832, #6195, #10559 ) ;
#1059 = CARTESIAN_POINT ( 'NONE',  ( -9.999999999999998224, 0.1999999999999999833, -2.499999999999999556 ) ) ;
#1060 = ORIENTED_EDGE ( 'NONE', *, *, #8769, .F. ) ;
#1061 = DIRECTION ( 'NONE',  ( -6.911138328291599464E-15, 1.212737214708358339E-16, -1.000000000000000000 ) ) ;
#1062 = DIRECTION ( 'NONE',  ( 0.000000000000000000, 1.000000000000000000, -0.000000000000000000 ) ) ;
#1063 = AXIS2_PLACEMENT_3D ( 'NONE', #6659, #1623, #7444 ) ;
#1064 = CARTESIAN_POINT ( 'NONE',  ( 9.736078125375573933, 2.825000000000001066, -1.042151062612552970 ) ) ;
#1065 = CARTESIAN_POINT ( 'NONE',  ( 13.87794990882726154, -0.3750000000000000000, 3.280563360842449150 ) ) ;
#1066 = EDGE_LOOP ( 'NONE', ( #7099 ) ) ;
#1067 = CARTESIAN_POINT ( 'NONE',  ( -15.19998982658274933, 0.1981374334063966680, -0.8000064914233880886 ) ) ;
#1068 = AXIS2_PLACEMENT_3D ( 'NONE', #6864, #4359, #80 ) ;
#1069 = CARTESIAN_POINT ( 'NONE',  ( -14.99497279017266216, -0.08800865812100246155, 0.7600533696173157328 ) ) ;
#1070 = DIRECTION ( 'NONE',  ( -0.3420201433256943035, 1.081327937400290780E-16, -0.9396926207858991020 ) ) ;
#1071 = VERTEX_POINT ( 'NONE', #325 ) ;
#1072 = CARTESIAN_POINT ( 'NONE',  ( 12.77499999999991509, 1.925000000000000266, 6.275000000000003908 ) ) ;
#1073 = CARTESIAN_POINT ( 'NONE',  ( 0.6397769552225641698, 1.925000000000001821, -6.530297649228977264 ) ) ;
#1074 = AXIS2_PLACEMENT_3D ( 'NONE', #155, #1878, #8654 ) ;
#1075 = LINE ( 'NONE', #2172, #4918 ) ;
#1076 = EDGE_CURVE ( 'NONE', #3532, #942, #7359, .T. ) ;
#1077 = VERTEX_POINT ( 'NONE', #1241 ) ;
#1078 = ADVANCED_FACE ( 'NONE', ( #3019 ), #7982, .F. ) ;
#1079 = CARTESIAN_POINT ( 'NONE',  ( -1.271474807068493584, 1.925000000000000044, 7.500000000000095923 ) ) ;
#1080 = AXIS2_PLACEMENT_3D ( 'NONE', #5008, #3288, #5866 ) ;
#1081 = ORIENTED_EDGE ( 'NONE', *, *, #580, .T. ) ;
#1082 = CARTESIAN_POINT ( 'NONE',  ( 0.8076985065402110253, -0.8160471443862370444, 6.508757993432828570 ) ) ;
#1083 = CARTESIAN_POINT ( 'NONE',  ( 13.19216333698670596, 1.925000000000001821, -5.465849364905394303 ) ) ;
#1084 = ADVANCED_FACE ( 'NONE', ( #8718 ), #2942, .F. ) ;
#1085 = CARTESIAN_POINT ( 'NONE',  ( 12.74999999999987210, 1.925000000000001821, -5.749999999999997335 ) ) ;
#1086 = DIRECTION ( 'NONE',  ( -1.000000000000000000, -1.060108790874715639E-14, 3.854941057726238689E-15 ) ) ;
#1087 = FACE_OUTER_BOUND ( 'NONE', #3541, .T. ) ;
#1088 = CARTESIAN_POINT ( 'NONE',  ( 14.99999999999993072, 1.925000000000000933, 2.499999999999982236 ) ) ;
#1089 = PRODUCT_DEFINITION ( 'UNKNOWN', '', #8498, #5959 ) ;
#1090 = EDGE_CURVE ( 'NONE', #2558, #6989, #10988, .T. ) ;
#1091 = ORIENTED_EDGE ( 'NONE', *, *, #6516, .F. ) ;
#1092 = DIRECTION ( 'NONE',  ( -1.000000000000000000, -1.042382177929553411E-14, 3.302596999380763330E-15 ) ) ;
#1093 = VERTEX_POINT ( 'NONE', #6264 ) ;
#1094 = CARTESIAN_POINT ( 'NONE',  ( 0.8767059641829811900, -0.3750000000000000555, 4.981747711591430594 ) ) ;
#1095 = LINE ( 'NONE', #4170, #7749 ) ;
#1096 = CARTESIAN_POINT ( 'NONE',  ( -0.9805633608424497716, 0.6999999999999999556, -3.849999999999996980 ) ) ;
#1097 = CIRCLE ( 'NONE', #3363, 4.267689368251048165 ) ;
#1098 = ORIENTED_EDGE ( 'NONE', *, *, #2720, .F. ) ;
#1099 = VERTEX_POINT ( 'NONE', #2105 ) ;
#1100 = CARTESIAN_POINT ( 'NONE',  ( -12.61068682838814148, -0.8750000000000000000, -5.530563360842446485 ) ) ;
#1101 = DIRECTION ( 'NONE',  ( 1.703767317533126255E-17, -1.000000000000000000, -1.212737214708384717E-16 ) ) ;
#1102 = EDGE_CURVE ( 'NONE', #10517, #934, #1277, .T. ) ;
#1103 = CIRCLE ( 'NONE', #1351, 0.4500000000000007327 ) ;
#1104 = B_SPLINE_CURVE_WITH_KNOTS ( 'NONE', 3,
 ( #6613, #5506, #1493, #9056, #4859, #5685, #8249, #6535, #391, #2393, #8214, #6569 ),
 .UNSPECIFIED., .F., .F.,
 ( 4, 2, 2, 2, 2, 4 ),
 ( 0.000000000000000000, 0.0003280424409210539144, 0.0006560848818421078288, 0.0008201061023026348130, 0.0009841273227631616889, 0.001312169763684215874 ),
 .UNSPECIFIED. ) ;
#1105 = CARTESIAN_POINT ( 'NONE',  ( 15.17810770585295188, -0.5601086019846179820, -0.2578840425965907568 ) ) ;
#1106 = FACE_BOUND ( 'NONE', #5, .T. ) ;
#1107 = ORIENTED_EDGE ( 'NONE', *, *, #113, .T. ) ;
#1108 = EDGE_CURVE ( 'NONE', #2679, #1866, #7277, .T. ) ;
#1109 = ORIENTED_EDGE ( 'NONE', *, *, #10405, .F. ) ;
#1110 = AXIS2_PLACEMENT_3D ( 'NONE', #4121, #4977, #3412 ) ;
#1111 = CARTESIAN_POINT ( 'NONE',  ( -0.9524242960450883810, 0.1883651535496046747, -7.500203087000221203 ) ) ;
#1112 = CARTESIAN_POINT ( 'NONE',  ( 1.053212958891504014, 1.925000000000001599, -5.518769726311488100 ) ) ;
#1113 = VECTOR ( 'NONE', #10142, 1000.000000000000000 ) ;
#1114 = CARTESIAN_POINT ( 'NONE',  ( -0.3499999999840748277, 1.704999999999942339, -0.4999999881956685988 ) ) ;
#1115 = LINE ( 'NONE', #2075, #4191 ) ;
#1116 = DIRECTION ( 'NONE',  ( 0.000000000000000000, 0.000000000000000000, -1.000000000000000000 ) ) ;
#1117 = ORIENTED_EDGE ( 'NONE', *, *, #5146, .T. ) ;
#1118 = DIRECTION ( 'NONE',  ( -0.000000000000000000, 1.000000000000000000, -0.000000000000000000 ) ) ;
#1119 = ORIENTED_EDGE ( 'NONE', *, *, #3651, .F. ) ;
#1120 = DIRECTION ( 'NONE',  ( -7.927577864996759871E-15, 1.212737214708358093E-16, -1.000000000000000000 ) ) ;
#1121 = AXIS2_PLACEMENT_3D ( 'NONE', #9214, #2591, #4150 ) ;
#1122 = ORIENTED_EDGE ( 'NONE', *, *, #2296, .T. ) ;
#1123 = LINE ( 'NONE', #6287, #8570 ) ;
#1124 = DIRECTION ( 'NONE',  ( 1.000000000000000000, -0.000000000000000000, 0.000000000000000000 ) ) ;
#1125 = VECTOR ( 'NONE', #10489, 1000.000000000000000 ) ;
#1126 = LINE ( 'NONE', #5979, #2203 ) ;
#1127 = AXIS2_PLACEMENT_3D ( 'NONE', #5922, #10115, #10228 ) ;
#1128 = CARTESIAN_POINT ( 'NONE',  ( 15.00000000000000000, -0.1445300000000000473, -0.4500000000000000666 ) ) ;
#1129 = CARTESIAN_POINT ( 'NONE',  ( 15.20003046560878168, 0.2000000000000000389, 0.8000000000000000444 ) ) ;
#1130 = CARTESIAN_POINT ( 'NONE',  ( -1.048691475421395403, 0.7115820563888103356, 7.382771437500631251 ) ) ;
#1131 = CARTESIAN_POINT ( 'NONE',  ( 18.45138856307196207, 0.4454117140393840657, 0.4907048612464575132 ) ) ;
#1132 = EDGE_LOOP ( 'NONE', ( #11021, #8875, #8774, #8613, #8424 ) ) ;
#1133 = VECTOR ( 'NONE', #10026, 1000.000000000000000 ) ;
#1134 = ADVANCED_FACE ( 'NONE', ( #1003 ), #7642, .F. ) ;
#1135 = AXIS2_PLACEMENT_3D ( 'NONE', #2165, #6373, #1316 ) ;
#1136 = ORIENTED_EDGE ( 'NONE', *, *, #6806, .T. ) ;
#1137 = LINE ( 'NONE', #1064, #9659 ) ;
#1138 = VERTEX_POINT ( 'NONE', #7901 ) ;
#1139 = LINE ( 'NONE', #4899, #5410 ) ;
#1140 = CARTESIAN_POINT ( 'NONE',  ( 11.70720044927875669, 2.825000000000001066, -0.8495620197742398405 ) ) ;
#1141 = DIRECTION ( 'NONE',  ( -0.9848077530122083534, 4.280128095952324543E-18, -0.1736481776669291932 ) ) ;
#1142 = EDGE_CURVE ( 'NONE', #5839, #4102, #9096, .T. ) ;
#1143 = CARTESIAN_POINT ( 'NONE',  ( -15.16839531414030517, -0.5918891220837834144, -0.1310845026284540582 ) ) ;
#1144 = DIRECTION ( 'NONE',  ( 0.000000000000000000, -0.01745240643728350471, -0.9998476951563912696 ) ) ;
#1145 = CARTESIAN_POINT ( 'NONE',  ( -18.44991727265821879, -0.05200810723546820530, -0.4889989888807997898 ) ) ;
#1146 = AXIS2_PLACEMENT_3D ( 'NONE', #8198, #2261, #10786 ) ;
#1147 = VECTOR ( 'NONE', #328, 999.9999999999998863 ) ;
#1148 = VECTOR ( 'NONE', #5487, 1000.000000000000000 ) ;
#1149 =( BOUNDED_SURFACE ( )  B_SPLINE_SURFACE ( 3, 2, ( 
 ( #8891, #5754, #4110 ),
 ( #1526, #9933, #3822 ),
 ( #4034, #9753, #643 ),
 ( #7463, #9981, #4670 ),
 ( #5722, #1415, #10625 ),
 ( #1679, #4257, #10938 ),
 ( #3330, #9244, #794 ),
 ( #2540, #1607, #2580 ),
 ( #7609, #1723, #8420 ),
 ( #8356, #3360, #4295 ) ),
 .UNSPECIFIED., .F., .F., .F. ) 
 B_SPLINE_SURFACE_WITH_KNOTS ( ( 4, 2, 2, 2, 4 ),
 ( 3, 3 ),
 ( 1.577777346072570586, 2.359684999831181962, 3.141592653589793116, 3.923500307348404270, 4.705407961107015424 ),
 ( 0.000000000000000000, 1.000000000000000000 ),
 .UNSPECIFIED. ) 
 GEOMETRIC_REPRESENTATION_ITEM ( )  RATIONAL_B_SPLINE_SURFACE ( (
 ( 1.000000000000000000, 0.7071498549091913555, 1.000000000000000000),
 ( 1.000000000000000000, 0.7087627287069304671, 1.000000000000000000),
 ( 1.000000000000000000, 0.7103453617358540528, 1.000000000000000000),
 ( 1.000000000000000000, 0.7125978662668434049, 1.000000000000000000),
 ( 1.000000000000000000, 0.7132504491541817870, 1.000000000000000000),
 ( 1.000000000000000000, 0.7132504491541817870, 1.000000000000000000),
 ( 1.000000000000000000, 0.7125978662668580599, 1.000000000000000000),
 ( 1.000000000000000000, 0.7103453617358396199, 1.000000000000000000),
 ( 1.000000000000000000, 0.7087627287069413473, 1.000000000000000000),
 ( 1.000000000000000000, 0.7071498549091913555, 1.000000000000000000) ) ) 
 REPRESENTATION_ITEM ( '' )  SURFACE ( )  );
#1150 = CIRCLE ( 'NONE', #9268, 1.100000000000000311 ) ;
#1151 = ORIENTED_EDGE ( 'NONE', *, *, #9280, .F. ) ;
#1152 = VECTOR ( 'NONE', #6759, 1000.000000000000000 ) ;
#1153 = VERTEX_POINT ( 'NONE', #3685 ) ;
#1154 = FACE_BOUND ( 'NONE', #95, .T. ) ;
#1155 = VERTEX_POINT ( 'NONE', #255 ) ;
#1156 = CARTESIAN_POINT ( 'NONE',  ( -1.118999926699133729, 0.5919197647081017033, 7.493159015060367523 ) ) ;
#1157 = CARTESIAN_POINT ( 'NONE',  ( -1.826342872381214510, 1.858999999999980890, 15.19950759955184871 ) ) ;
#1158 = CARTESIAN_POINT ( 'NONE',  ( 9.508122550353270697, 2.925000000000001599, -1.640920606999806131 ) ) ;
#1159 = AXIS2_PLACEMENT_3D ( 'NONE', #5229, #9470, #5337 ) ;
#1160 = CARTESIAN_POINT ( 'NONE',  ( 13.87794990882726154, -0.3750000000000000000, 3.480563360842449327 ) ) ;
#1161 = CARTESIAN_POINT ( 'NONE',  ( 18.50000000000000355, -0.1965713497370421836, 0.3948117398770399911 ) ) ;
#1162 = DIRECTION ( 'NONE',  ( -1.047444401652941269E-14, 1.000000000000000000, -3.491481338843170037E-15 ) ) ;
#1163 = CARTESIAN_POINT ( 'NONE',  ( -3.495862000206485742, 1.858999999999922936, 3.628500006000970224 ) ) ;
#1164 = EDGE_CURVE ( 'NONE', #9660, #4395, #3411, .T. ) ;
#1165 = FACE_OUTER_BOUND ( 'NONE', #9336, .T. ) ;
#1166 = ORIENTED_EDGE ( 'NONE', *, *, #7972, .F. ) ;
#1167 = LINE ( 'NONE', #2588, #1418 ) ;
#1168 = ORIENTED_EDGE ( 'NONE', *, *, #11030, .T. ) ;
#1169 = ORIENTED_EDGE ( 'NONE', *, *, #7061, .F. ) ;
#1170 = ORIENTED_EDGE ( 'NONE', *, *, #996, .F. ) ;
#1171 = CARTESIAN_POINT ( 'NONE',  ( -0.8999999999999711564, 0.6999999999999999556, -5.854811288084813548 ) ) ;
#1172 = CARTESIAN_POINT ( 'NONE',  ( 1.442163336986703071, 1.925000000000001821, -6.515849364905307972 ) ) ;
#1173 = EDGE_CURVE ( 'NONE', #1719, #2657, #5109, .T. ) ;
#1174 = CARTESIAN_POINT ( 'NONE',  ( 18.50000000000000000, -0.05169419446332433610, -0.4890546909867370395 ) ) ;
#1175 = CARTESIAN_POINT ( 'NONE',  ( 15.16512033575235030, 1.800000000000000488, 0.8000000000000002665 ) ) ;
#1176 = CARTESIAN_POINT ( 'NONE',  ( -1.186727028620968794, 0.6949254543026384123, 7.491361044060518282 ) ) ;
#1177 = VECTOR ( 'NONE', #5216, 1000.000000000000000 ) ;
#1178 = EDGE_LOOP ( 'NONE', ( #3619, #8425, #7223, #2108 ) ) ;
#1179 = CARTESIAN_POINT ( 'NONE',  ( -1.230336675081828091, 1.925000000000000266, 7.469890012998823714 ) ) ;
#1180 = EDGE_CURVE ( 'NONE', #4115, #9787, #10060, .T. ) ;
#1181 = ORIENTED_EDGE ( 'NONE', *, *, #6318, .F. ) ;
#1182 = ORIENTED_EDGE ( 'NONE', *, *, #8797, .T. ) ;
#1183 = VERTEX_POINT ( 'NONE', #8077 ) ;
#1184 = ORIENTED_EDGE ( 'NONE', *, *, #8149, .F. ) ;
#1185 = EDGE_LOOP ( 'NONE', ( #6217, #7166, #5237, #3336 ) ) ;
#1186 = CARTESIAN_POINT ( 'NONE',  ( 15.18463543064158472, -0.5055847700599308547, -0.3770280258276227370 ) ) ;
#1187 = EDGE_CURVE ( 'NONE', #4922, #2818, #7797, .T. ) ;
#1188 = CIRCLE ( 'NONE', #7258, 10.10809669894272567 ) ;
#1189 = CARTESIAN_POINT ( 'NONE',  ( -18.49885795526768462, -0.06641018325030137448, -0.5258072081508554652 ) ) ;
#1190 = EDGE_CURVE ( 'NONE', #8344, #4596, #7001, .T. ) ;
#1191 = CARTESIAN_POINT ( 'NONE',  ( -14.98140165815969205, -0.7125702875493084010, -0.3223463490270341847 ) ) ;
#1192 = CARTESIAN_POINT ( 'NONE',  ( 0.8051196744807896932, -0.6683059546498144599, 5.431449841387380850 ) ) ;
#1193 = CARTESIAN_POINT ( 'NONE',  ( -3.124999998840631399, 1.704999999999989857, 21.50000000600097039 ) ) ;
#1194 = EDGE_LOOP ( 'NONE', ( #6828, #2243, #10909, #1780 ) ) ;
#1195 = ORIENTED_EDGE ( 'NONE', *, *, #9222, .T. ) ;
#1196 = EDGE_CURVE ( 'NONE', #10900, #2534, #6704, .T. ) ;
#1197 = CARTESIAN_POINT ( 'NONE',  ( 18.45100884738645064, -0.1303171253921188155, -0.4483346080631193664 ) ) ;
#1198 = ORIENTED_EDGE ( 'NONE', *, *, #4423, .T. ) ;
#1199 = CARTESIAN_POINT ( 'NONE',  ( -18.48939245899730111, -0.05706122399117382477, 0.5073688155527190657 ) ) ;
#1200 = CARTESIAN_POINT ( 'NONE',  ( -18.45288397381311540, 0.5356941041029430473, -0.4440001065227459076 ) ) ;
#1201 = DIRECTION ( 'NONE',  ( 1.703767317533126255E-17, -1.000000000000000000, -1.212737214708384717E-16 ) ) ;
#1202 = CARTESIAN_POINT ( 'NONE',  ( 1.000021300494501109, 1.823999999999973420, 4.426778864538200686 ) ) ;
#1203 = ADVANCED_FACE ( 'NONE', ( #10724 ), #449, .T. ) ;
#1204 = EDGE_CURVE ( 'NONE', #1044, #5167, #6199, .T. ) ;
#1205 = DIRECTION ( 'NONE',  ( -0.9998476951563912696, 0.01745240643728354982, 0.000000000000000000 ) ) ;
#1206 = CARTESIAN_POINT ( 'NONE',  ( -14.99999999999999822, 0.3129999999999997784, -0.1500000000000002442 ) ) ;
#1207 = AXIS2_PLACEMENT_3D ( 'NONE', #2213, #3082, #5623 ) ;
#1208 = DIRECTION ( 'NONE',  ( -1.047444401652941269E-14, 1.000000000000000000, -3.491481338843170037E-15 ) ) ;
#1209 = VERTEX_POINT ( 'NONE', #3041 ) ;
#1210 = DIRECTION ( 'NONE',  ( 1.703767317533126255E-17, -1.000000000000000000, -1.212737214708384717E-16 ) ) ;
#1211 = CARTESIAN_POINT ( 'NONE',  ( -10.00000000000010303, 1.925000000000001155, -2.762230273688274007 ) ) ;
#1212 = VECTOR ( 'NONE', #4147, 1000.000000000000000 ) ;
#1213 = AXIS2_PLACEMENT_3D ( 'NONE', #2422, #3286, #9203 ) ;
#1214 = DIRECTION ( 'NONE',  ( 0.9848077530122015810, 3.783779336864690619E-17, -0.1736481776669665522 ) ) ;
#1215 = CARTESIAN_POINT ( 'NONE',  ( -12.77500000000011937, 1.925000000000001377, -5.224999999999814015 ) ) ;
#1216 = CARTESIAN_POINT ( 'NONE',  ( -0.9919033010572744224, 0.6999999999999998446, 7.491272467535888602 ) ) ;
#1217 = CARTESIAN_POINT ( 'NONE',  ( 3.125000001159363716, 1.824000000000055355, 21.50000000600094552 ) ) ;
#1218 = ORIENTED_EDGE ( 'NONE', *, *, #1858, .T. ) ;
#1219 = EDGE_CURVE ( 'NONE', #3798, #5239, #3559, .T. ) ;
#1220 = ORIENTED_EDGE ( 'NONE', *, *, #1823, .F. ) ;
#1221 = AXIS2_PLACEMENT_3D ( 'NONE', #5677, #1560, #8349 ) ;
#1222 = LINE ( 'NONE', #7959, #5607 ) ;
#1223 = DIRECTION ( 'NONE',  ( -1.703767317533126255E-17, 1.000000000000000000, 1.212737214708384717E-16 ) ) ;
#1224 = CARTESIAN_POINT ( 'NONE',  ( 1.360223044777167045, 1.925000000000001821, -7.069702350770855404 ) ) ;
#1225 = VERTEX_POINT ( 'NONE', #1414 ) ;
#1226 = CARTESIAN_POINT ( 'NONE',  ( -14.98140204082529436, -0.7125678807789022073, 0.3223550540981025003 ) ) ;
#1227 = DIRECTION ( 'NONE',  ( -1.047444401652941269E-14, 1.000000000000000000, -3.491481338843170037E-15 ) ) ;
#1228 = ORIENTED_EDGE ( 'NONE', *, *, #1976, .T. ) ;
#1229 = AXIS2_PLACEMENT_3D ( 'NONE', #3371, #9300, #4122 ) ;
#1230 = CARTESIAN_POINT ( 'NONE',  ( 18.44981577820597352, -0.04126496719491391102, -0.4944909005892937914 ) ) ;
#1231 = EDGE_CURVE ( 'NONE', #5870, #8745, #5395, .T. ) ;
#1232 = VECTOR ( 'NONE', #9407, 1000.000000000000000 ) ;
#1233 = CARTESIAN_POINT ( 'NONE',  ( -6.505213034913051256E-16, 0.2000000000000000111, -7.500000000000000000 ) ) ;
#1234 = CARTESIAN_POINT ( 'NONE',  ( -12.72500000000012577, 1.925000000000001599, -6.274999999999813838 ) ) ;
#1235 = CARTESIAN_POINT ( 'NONE',  ( -6.000000000000067502, 2.825000000000000622, -0.2999999999998707034 ) ) ;
#1236 = AXIS2_PLACEMENT_3D ( 'NONE', #6477, #654, #9101 ) ;
#1237 = CARTESIAN_POINT ( 'NONE',  ( -13.11022304477742217, 1.925000000000001377, -6.019702350770751664 ) ) ;
#1238 = ORIENTED_EDGE ( 'NONE', *, *, #569, .T. ) ;
#1239 = CARTESIAN_POINT ( 'NONE',  ( -14.99999999999999822, 0.2000000000000000111, 0.000000000000000000 ) ) ;
#1240 = CARTESIAN_POINT ( 'NONE',  ( 1.450000001159365226, 1.824000000000035593, 21.00100000600095029 ) ) ;
#1241 = CARTESIAN_POINT ( 'NONE',  ( -0.8820160742476854665, 1.865000000000001990, -7.391949262870541659 ) ) ;
#1242 = EDGE_CURVE ( 'NONE', #6266, #8979, #2761, .T. ) ;
#1243 = CIRCLE ( 'NONE', #849, 0.4250000000000000444 ) ;
#1244 = FACE_OUTER_BOUND ( 'NONE', #490, .T. ) ;
#1245 = EDGE_CURVE ( 'NONE', #1906, #10891, #1949, .T. ) ;
#1246 = DIRECTION ( 'NONE',  ( -1.000000000000000000, 0.000000000000000000, 6.938893903907245733E-15 ) ) ;
#1247 = PLANE ( 'NONE',  #5488 ) ;
#1248 = EDGE_CURVE ( 'NONE', #7762, #10706, #8173, .T. ) ;
#1249 = ORIENTED_EDGE ( 'NONE', *, *, #8576, .T. ) ;
#1250 = CARTESIAN_POINT ( 'NONE',  ( 18.49999999999999289, 0.2870738660484905558, -0.5500000000000001554 ) ) ;
#1251 = DIRECTION ( 'NONE',  ( 8.672296345945505012E-17, -0.01745240643728354982, 0.9998476951563912696 ) ) ;
#1252 = ORIENTED_EDGE ( 'NONE', *, *, #5081, .T. ) ;
#1253 = CARTESIAN_POINT ( 'NONE',  ( -1.049012210058071215, 0.5919197660489260437, 7.493159015036962245 ) ) ;
#1254 = CARTESIAN_POINT ( 'NONE',  ( -1.049999998840649651, 1.823999999999994515, 16.75100000600095740 ) ) ;
#1255 = VECTOR ( 'NONE', #2750, 1000.000000000000000 ) ;
#1256 = VECTOR ( 'NONE', #5702, 1000.000000000000114 ) ;
#1257 = ADVANCED_FACE ( 'NONE', ( #7510 ), #503, .T. ) ;
#1258 = ORIENTED_EDGE ( 'NONE', *, *, #10222, .T. ) ;
#1259 = ORIENTED_EDGE ( 'NONE', *, *, #10289, .T. ) ;
#1260 = EDGE_CURVE ( 'NONE', #10232, #6345, #3945, .T. ) ;
#1261 = ORIENTED_EDGE ( 'NONE', *, *, #6444, .F. ) ;
#1262 = CARTESIAN_POINT ( 'NONE',  ( 7.500000000233940867, 1.705000000000044480, 5.250000010827093888 ) ) ;
#1263 = CARTESIAN_POINT ( 'NONE',  ( -0.9919033010571262077, 0.6999999999999999556, 5.578527418097153578 ) ) ;
#1264 = CARTESIAN_POINT ( 'NONE',  ( 18.50000000000000000, 0.4493924277350870855, 0.4902040857056768619 ) ) ;
#1265 = LINE ( 'NONE', #8201, #4838 ) ;
#1266 = CONICAL_SURFACE ( 'NONE', #2341, 0.8000000000000001554, 0.1651486774146267711 ) ;
#1267 = CARTESIAN_POINT ( 'NONE',  ( 18.50000000000003908, -0.3363423149702274295, 0.2689656867793006056 ) ) ;
#1268 = EDGE_CURVE ( 'NONE', #1801, #1872, #5906, .T. ) ;
#1269 = ORIENTED_EDGE ( 'NONE', *, *, #7202, .F. ) ;
#1270 = EDGE_LOOP ( 'NONE', ( #275, #8898, #4914, #5460 ) ) ;
#1271 = CARTESIAN_POINT ( 'NONE',  ( -0.9419691020377369828, 1.876777760468490985, -7.470731735320830680 ) ) ;
#1272 = VERTEX_POINT ( 'NONE', #9172 ) ;
#1273 = CARTESIAN_POINT ( 'NONE',  ( -14.79996953439121654, 0.2000000000000000111, 0.000000000000000000 ) ) ;
#1274 = LINE ( 'NONE', #9166, #6197 ) ;
#1275 = EDGE_LOOP ( 'NONE', ( #5555, #7203, #9442, #4014 ) ) ;
#1276 = CARTESIAN_POINT ( 'NONE',  ( -12.78540010533627935, -0.8750000000000000000, -5.733375758719617465 ) ) ;
#1277 = CIRCLE ( 'NONE', #1058, 3.598096698942725880 ) ;
#1278 = ORIENTED_EDGE ( 'NONE', *, *, #7181, .T. ) ;
#1279 = CARTESIAN_POINT ( 'NONE',  ( 0.8860207152530004127, 1.125000000000000222, 7.400000000000081180 ) ) ;
#1280 = VECTOR ( 'NONE', #6917, 1000.000000000000000 ) ;
#1281 = CARTESIAN_POINT ( 'NONE',  ( 4.010110125591944907, 0.6999999999999999556, 6.014490257065769008 ) ) ;
#1282 = DIRECTION ( 'NONE',  ( -1.000000000000000000, -1.047444401652940007E-14, 3.593523896253521429E-15 ) ) ;
#1283 = CARTESIAN_POINT ( 'NONE',  ( -15.00000000000000178, 0.2374999999999999334, 0.4500000000000000111 ) ) ;
#1284 = VECTOR ( 'NONE', #4346, 1000.000000000000000 ) ;
#1285 = FACE_OUTER_BOUND ( 'NONE', #4513, .T. ) ;
#1286 = AXIS2_PLACEMENT_3D ( 'NONE', #6651, #10257, #1688 ) ;
#1287 = EDGE_LOOP ( 'NONE', ( #6913, #5342, #941, #3207 ) ) ;
#1288 = VECTOR ( 'NONE', #3568, 1000.000000000000000 ) ;
#1289 = EDGE_LOOP ( 'NONE', ( #3419, #1091, #1109, #9994 ) ) ;
#1290 = CARTESIAN_POINT ( 'NONE',  ( -13.87794990882725621, -0.8149999999999999467, 3.212873992591398942 ) ) ;
#1291 = CIRCLE ( 'NONE', #6663, 0.2500000000000002220 ) ;
#1292 = DIRECTION ( 'NONE',  ( 1.000000000000000000, 0.000000000000000000, -8.673617379884069985E-17 ) ) ;
#1293 = CARTESIAN_POINT ( 'NONE',  ( 4.460065880760166301, -0.8749999999999998890, 5.014181662697213326 ) ) ;
#1294 = CIRCLE ( 'NONE', #1894, 5.749999997850463451 ) ;
#1295 = CARTESIAN_POINT ( 'NONE',  ( -14.99996953439121761, 0.1999999999999999833, -2.517454373653922328 ) ) ;
#1296 = EDGE_LOOP ( 'NONE', ( #3930, #1, #3919, #735 ) ) ;
#1297 = LINE ( 'NONE', #1616, #5291 ) ;
#1298 = ORIENTED_EDGE ( 'NONE', *, *, #4842, .F. ) ;
#1299 = LINE ( 'NONE', #6636, #6732 ) ;
#1300 = EDGE_CURVE ( 'NONE', #7303, #6392, #3689, .T. ) ;
#1301 = CARTESIAN_POINT ( 'NONE',  ( 7.499999999999877431, 2.825000000000001510, -5.402965055624962432 ) ) ;
#1302 = ORIENTED_EDGE ( 'NONE', *, *, #2404, .F. ) ;
#1303 = CARTESIAN_POINT ( 'NONE',  ( -14.99993907342249599, 0.2034904812874570867, 0.9999756327838835723 ) ) ;
#1304 = CARTESIAN_POINT ( 'NONE',  ( 10.62956691995227665, 2.825000000000001510, -4.326701196039034691 ) ) ;
#1305 = AXIS2_PLACEMENT_3D ( 'NONE', #9713, #10576, #2988 ) ;
#1306 = CARTESIAN_POINT ( 'NONE',  ( -2.618646230599907643, 1.925000000000000044, 6.634968689018305277 ) ) ;
#1307 = FACE_OUTER_BOUND ( 'NONE', #7227, .T. ) ;
#1308 = DIRECTION ( 'NONE',  ( 0.000000000000000000, 0.000000000000000000, -1.000000000000000000 ) ) ;
#1309 = ORIENTED_EDGE ( 'NONE', *, *, #8427, .T. ) ;
#1310 = ORIENTED_EDGE ( 'NONE', *, *, #5568, .T. ) ;
#1311 = VERTEX_POINT ( 'NONE', #3003 ) ;
#1312 = VERTEX_POINT ( 'NONE', #9938 ) ;
#1313 = CARTESIAN_POINT ( 'NONE',  ( -0.9999999988406955698, 1.784999999999952625, 4.426800006000958021 ) ) ;
#1314 = ADVANCED_FACE ( 'NONE', ( #1394 ), #6571, .T. ) ;
#1315 = CARTESIAN_POINT ( 'NONE',  ( 18.45138030200387647, 0.4454113971054414756, 0.4907047638173723247 ) ) ;
#1316 = DIRECTION ( 'NONE',  ( -1.000000000000000000, 0.000000000000000000, 7.014719940208544583E-15 ) ) ;
#1317 = CARTESIAN_POINT ( 'NONE',  ( -1.098269726311608796, 1.925000000000000044, 6.501638890782360569 ) ) ;
#1318 = CIRCLE ( 'NONE', #3086, 0.4249999999999999334 ) ;
#1319 = ORIENTED_EDGE ( 'NONE', *, *, #7635, .F. ) ;
#1320 = EDGE_LOOP ( 'NONE', ( #7640, #906, #3826, #1151 ) ) ;
#1321 = CARTESIAN_POINT ( 'NONE',  ( 15.20014357878332056, 0.2051841995434111054, -0.7999832023705836237 ) ) ;
#1322 = VERTEX_POINT ( 'NONE', #5689 ) ;
#1323 = CARTESIAN_POINT ( 'NONE',  ( 3.819035219816872662, -0.6683059411059097954, 4.457017427990892067 ) ) ;
#1324 = CARTESIAN_POINT ( 'NONE',  ( -18.50000000000000000, -0.04874918511057003273, 0.4905370123609567590 ) ) ;
#1325 = EDGE_CURVE ( 'NONE', #9555, #2712, #98, .T. ) ;
#1326 = ORIENTED_EDGE ( 'NONE', *, *, #10935, .T. ) ;
#1327 = EDGE_CURVE ( 'NONE', #5175, #760, #10471, .T. ) ;
#1328 = CARTESIAN_POINT ( 'NONE',  ( -14.99996493366353256, 0.1983583528732201229, -2.509245689644195476 ) ) ;
#1329 = VERTEX_POINT ( 'NONE', #10015 ) ;
#1330 = DIRECTION ( 'NONE',  ( 0.9848077530122074652, 3.783779336864299886E-17, -0.1736481776669335508 ) ) ;
#1331 = EDGE_CURVE ( 'NONE', #8410, #3016, #850, .T. ) ;
#1332 = ORIENTED_EDGE ( 'NONE', *, *, #5252, .T. ) ;
#1333 = DIRECTION ( 'NONE',  ( 0.000000000000000000, 1.000000000000000000, 6.505213034913027393E-15 ) ) ;
#1334 = CARTESIAN_POINT ( 'NONE',  ( -3.241599998840695385, 1.704999999999927462, 3.976800006000966281 ) ) ;
#1335 = PLANE ( 'NONE',  #259 ) ;
#1336 = AXIS2_PLACEMENT_3D ( 'NONE', #1290, #2147, #5489 ) ;
#1337 = EDGE_LOOP ( 'NONE', ( #6739, #120, #2055, #681 ) ) ;
#1338 = CARTESIAN_POINT ( 'NONE',  ( 0.3475000011593046279, 1.858999999999962238, 3.323500006000956741 ) ) ;
#1339 = DIRECTION ( 'NONE',  ( 1.000000000000000000, 0.000000000000000000, -6.938893903907222067E-15 ) ) ;
#1340 = CARTESIAN_POINT ( 'NONE',  ( 10.00000000000000000, -0.3750000000000000000, -2.500000000000001332 ) ) ;
#1341 = EDGE_CURVE ( 'NONE', #6083, #6948, #4345, .T. ) ;
#1342 = CARTESIAN_POINT ( 'NONE',  ( 7.500000001159293106, 1.859000000000025521, 0.001000006000929920535 ) ) ;
#1343 = DIRECTION ( 'NONE',  ( 0.000000000000000000, 0.000000000000000000, 1.000000000000000000 ) ) ;
#1344 = CARTESIAN_POINT ( 'NONE',  ( 18.50000000000000355, -0.3969971444723988663, 0.05642067891741670005 ) ) ;
#1345 = VECTOR ( 'NONE', #3878, 1000.000000000000000 ) ;
#1346 = AXIS2_PLACEMENT_3D ( 'NONE', #143, #7868, #8677 ) ;
#1347 = CARTESIAN_POINT ( 'NONE',  ( 3.125000001159346397, 1.785000000000036113, 16.00000000600094197 ) ) ;
#1348 = EDGE_LOOP ( 'NONE', ( #9545 ) ) ;
#1349 = ORIENTED_EDGE ( 'NONE', *, *, #3908, .F. ) ;
#1350 = CARTESIAN_POINT ( 'NONE',  ( -7.499974749891338277, 1.903999999999889114, 5.749999998455511019 ) ) ;
#1351 = AXIS2_PLACEMENT_3D ( 'NONE', #1085, #2004, #252 ) ;
#1352 = CARTESIAN_POINT ( 'NONE',  ( -14.91092817721188091, 1.865000000000000435, 2.499999999999999556 ) ) ;
#1353 = LINE ( 'NONE', #6171, #6794 ) ;
#1354 = CARTESIAN_POINT ( 'NONE',  ( -14.99996493366353256, 0.2016416471267798438, 2.509245689644195476 ) ) ;
#1355 = CARTESIAN_POINT ( 'NONE',  ( -18.50000000000000000, -0.04727668043419304411, 0.4912781730480664799 ) ) ;
#1356 = EDGE_CURVE ( 'NONE', #3642, #4324, #10330, .T. ) ;
#1357 =( BOUNDED_SURFACE ( )  B_SPLINE_SURFACE ( 3, 2, ( 
 ( #9031, #2176, #6408 ),
 ( #1323, #9873, #8117 ),
 ( #4778, #1431, #692 ),
 ( #10105, #6688, #4083 ) ),
 .UNSPECIFIED., .F., .F., .F. ) 
 B_SPLINE_SURFACE_WITH_KNOTS ( ( 4, 4 ),
 ( 3, 3 ),
 ( 0.007652140699885931312, 0.008103502838795188096 ),
 ( 0.000000000000000000, 1.000000000000000000 ),
 .UNSPECIFIED. ) 
 GEOMETRIC_REPRESENTATION_ITEM ( )  RATIONAL_B_SPLINE_SURFACE ( (
 ( 1.000000000000000000, 0.7822284132802503898, 1.000000000000000000),
 ( 1.000000000000000000, 0.7823915619000767485, 1.000000000000000000),
 ( 1.000000000000000000, 0.7825543376319410438, 1.000000000000000000),
 ( 1.000000000000000000, 0.7827167430667600900, 1.000000000000000000) ) ) 
 REPRESENTATION_ITEM ( '' )  SURFACE ( )  );
#1358 = AXIS2_PLACEMENT_3D ( 'NONE', #8974, #9041, #9781 ) ;
#1359 = EDGE_LOOP ( 'NONE', ( #9304, #4923, #358, #8713 ) ) ;
#1360 = CARTESIAN_POINT ( 'NONE',  ( 7.499960716495054136, 1.904000000000044546, 5.249969996998598454 ) ) ;
#1361 = ORIENTED_EDGE ( 'NONE', *, *, #6190, .F. ) ;
#1362 = VECTOR ( 'NONE', #6066, 1000.000000000000000 ) ;
#1363 = CARTESIAN_POINT ( 'NONE',  ( 18.44991409307876751, -0.04860357516367896924, 0.4906874716957338456 ) ) ;
#1364 = CYLINDRICAL_SURFACE ( 'NONE', #1068, 0.8000000000000000444 ) ;
#1365 = DIRECTION ( 'NONE',  ( 0.000000000000000000, 0.000000000000000000, -1.000000000000000000 ) ) ;
#1366 = AXIS2_PLACEMENT_3D ( 'NONE', #3795, #1282, #9727 ) ;
#1367 = ORIENTED_EDGE ( 'NONE', *, *, #2058, .F. ) ;
#1368 = ORIENTED_EDGE ( 'NONE', *, *, #9426, .T. ) ;
#1369 = EDGE_CURVE ( 'NONE', #8493, #8079, #1660, .T. ) ;
#1370 = CARTESIAN_POINT ( 'NONE',  ( 13.87794990882726154, -0.8750000000000000000, 3.480563360842449327 ) ) ;
#1371 = CIRCLE ( 'NONE', #5626, 0.06000000000000015737 ) ;
#1372 = CARTESIAN_POINT ( 'NONE',  ( 8.018326937618004635, 2.825000000000001510, -2.920063727479454752 ) ) ;
#1373 = DIRECTION ( 'NONE',  ( -0.000000000000000000, -1.000000000000000000, 0.000000000000000000 ) ) ;
#1374 = CIRCLE ( 'NONE', #7761, 0.4999999999999987232 ) ;
#1375 = CARTESIAN_POINT ( 'NONE',  ( 1.650000001159348084, 1.859000000000017749, 15.32600000600095314 ) ) ;
#1376 = CARTESIAN_POINT ( 'NONE',  ( 14.91092817721188446, 1.925000000000000266, 2.499999999999963141 ) ) ;
#1377 = CARTESIAN_POINT ( 'NONE',  ( -2.696456176721496512, 1.925000000000000044, 7.057761593811346046 ) ) ;
#1378 = ORIENTED_EDGE ( 'NONE', *, *, #3326, .T. ) ;
#1379 = EDGE_CURVE ( 'NONE', #3564, #6253, #6110, .T. ) ;
#1380 = ORIENTED_EDGE ( 'NONE', *, *, #9385, .F. ) ;
#1381 = EDGE_CURVE ( 'NONE', #479, #6524, #2072, .T. ) ;
#1382 = LINE ( 'NONE', #3631, #10711 ) ;
#1383 = DIRECTION ( 'NONE',  ( -0.000000000000000000, -1.000000000000000000, -0.000000000000000000 ) ) ;
#1384 = CIRCLE ( 'NONE', #4062, 0.4305633608424497827 ) ;
#1385 = CARTESIAN_POINT ( 'NONE',  ( -6.000000000000067502, 2.825000000000000622, -0.2999999999998707034 ) ) ;
#1386 = VERTEX_POINT ( 'NONE', #4038 ) ;
#1387 = DIRECTION ( 'NONE',  ( 0.000000000000000000, 0.000000000000000000, -1.000000000000000000 ) ) ;
#1388 = ORIENTED_EDGE ( 'NONE', *, *, #3, .F. ) ;
#1389 = CARTESIAN_POINT ( 'NONE',  ( -12.80345756483948172, 1.925000000000001377, -5.303186516808621853 ) ) ;
#1390 = ORIENTED_EDGE ( 'NONE', *, *, #7140, .F. ) ;
#1391 = EDGE_CURVE ( 'NONE', #2130, #3511, #184, .T. ) ;
#1392 = TOROIDAL_SURFACE ( 'NONE', #8458, 4.267689368251048165, 0.05999999999999999778 ) ;
#1393 = EDGE_CURVE ( 'NONE', #5729, #10659, #2461, .T. ) ;
#1394 = FACE_OUTER_BOUND ( 'NONE', #5514, .T. ) ;
#1395 = LINE ( 'NONE', #9974, #3567 ) ;
#1396 = CARTESIAN_POINT ( 'NONE',  ( -3.124999998840652271, 1.704999999999970539, 16.00000000600096683 ) ) ;
#1397 = CARTESIAN_POINT ( 'NONE',  ( -15.18463543064158117, -0.5055847700599308547, 0.3770280258276227370 ) ) ;
#1398 = EDGE_CURVE ( 'NONE', #6311, #233, #158, .T. ) ;
#1399 = CARTESIAN_POINT ( 'NONE',  ( 12.61068682838814503, -0.3750000000000000000, -5.530563360842446485 ) ) ;
#1400 = DIRECTION ( 'NONE',  ( 0.01745240643728354982, 0.9998476951563911586, 0.000000000000000000 ) ) ;
#1401 = CARTESIAN_POINT ( 'NONE',  ( 18.49541036469773658, -0.06140287774525991782, -0.5159316005304709352 ) ) ;
#1402 = VERTEX_POINT ( 'NONE', #5758 ) ;
#1403 = CARTESIAN_POINT ( 'NONE',  ( 7.500000000233940867, 1.705000000000044480, 5.250000010827093888 ) ) ;
#1404 = VECTOR ( 'NONE', #3379, 1000.000000000000000 ) ;
#1405 = EDGE_CURVE ( 'NONE', #2419, #2419, #10850, .T. ) ;
#1406 = ORIENTED_EDGE ( 'NONE', *, *, #3640, .F. ) ;
#1407 = LINE ( 'NONE', #865, #4080 ) ;
#1408 = EDGE_LOOP ( 'NONE', ( #1899, #8531, #4781, #6100, #8052, #2392, #3135, #5603, #3029, #9534, #4072, #8794, #7429, #4165, #2096, #1522 ) ) ;
#1409 = VECTOR ( 'NONE', #3617, 1000.000000000000227 ) ;
#1410 = AXIS2_PLACEMENT_3D ( 'NONE', #148, #8612, #1023 ) ;
#1411 = CARTESIAN_POINT ( 'NONE',  ( 3.125000001159349505, 1.605000000000036176, 16.00000000600094197 ) ) ;
#1412 = DIRECTION ( 'NONE',  ( 1.047444401652941269E-14, -1.000000000000000000, 3.491481338843170037E-15 ) ) ;
#1413 = ADVANCED_FACE ( 'NONE', ( #173 ), #7500, .T. ) ;
#1414 = CARTESIAN_POINT ( 'NONE',  ( -7.749999999999999112, 0.6999999999999999556, -4.599999999999998757 ) ) ;
#1415 = CARTESIAN_POINT ( 'NONE',  ( -14.98603594805742389, 1.000000000000000222, 0.2094028121161015110 ) ) ;
#1416 = CARTESIAN_POINT ( 'NONE',  ( 1.050000001159349772, 1.859000000000016417, 16.75100000600095029 ) ) ;
#1417 = CARTESIAN_POINT ( 'NONE',  ( -1.098269726311611683, 1.925000000000000044, 6.150198394592456097 ) ) ;
#1418 = VECTOR ( 'NONE', #8516, 1000.000000000000000 ) ;
#1419 = VECTOR ( 'NONE', #1061, 1000.000000000000000 ) ;
#1420 = FACE_OUTER_BOUND ( 'NONE', #10697, .T. ) ;
#1421 = AXIS2_PLACEMENT_3D ( 'NONE', #4507, #9616, #8620 ) ;
#1422 = VECTOR ( 'NONE', #10165, 1000.000000000000000 ) ;
#1423 = ORIENTED_EDGE ( 'NONE', *, *, #2915, .T. ) ;
#1424 = CIRCLE ( 'NONE', #10681, 0.5000000000000004441 ) ;
#1425 = ORIENTED_EDGE ( 'NONE', *, *, #3845, .F. ) ;
#1426 = EDGE_CURVE ( 'NONE', #670, #3993, #8571, .T. ) ;
#1427 = CARTESIAN_POINT ( 'NONE',  ( 14.98615655493846788, -0.5930904364127970174, -0.6311059656421134090 ) ) ;
#1428 = CARTESIAN_POINT ( 'NONE',  ( -15.00000000000000000, -0.1400000000000001243, 0.4499999999999999556 ) ) ;
#1429 = CARTESIAN_POINT ( 'NONE',  ( -18.44991409307876751, -0.04860357516367896924, 0.4906874716957338456 ) ) ;
#1430 = AXIS2_PLACEMENT_3D ( 'NONE', #2510, #7620, #1614 ) ;
#1431 = CARTESIAN_POINT ( 'NONE',  ( 4.597312497564623790, -0.5289669113247098542, 4.633859953118279584 ) ) ;
#1432 = VECTOR ( 'NONE', #2704, 1000.000000000000227 ) ;
#1433 = VERTEX_POINT ( 'NONE', #1643 ) ;
#1434 = CARTESIAN_POINT ( 'NONE',  ( -14.99999999999999822, 0.2374999999999998224, 0.4499999999999999001 ) ) ;
#1435 = VECTOR ( 'NONE', #6405, 1000.000000000000000 ) ;
#1436 = EDGE_LOOP ( 'NONE', ( #7986, #4984, #4967, #3195 ) ) ;
#1437 = VERTEX_POINT ( 'NONE', #10980 ) ;
#1438 = VERTEX_POINT ( 'NONE', #8541 ) ;
#1439 = AXIS2_PLACEMENT_3D ( 'NONE', #8357, #4144, #10939 ) ;
#1440 = DIRECTION ( 'NONE',  ( -0.3420201433256779833, -1.197872485827493321E-16, 0.9396926207859049862 ) ) ;
#1441 = CARTESIAN_POINT ( 'NONE',  ( 1.200889939151109864, 0.1790447727642646147, 7.500365774851983858 ) ) ;
#1442 = EDGE_CURVE ( 'NONE', #3476, #2895, #10600, .T. ) ;
#1443 = FACE_BOUND ( 'NONE', #3271, .T. ) ;
#1444 = CARTESIAN_POINT ( 'NONE',  ( -18.49999999999965894, 0.7185296170969615037, 0.2087468216009418509 ) ) ;
#1445 = CARTESIAN_POINT ( 'NONE',  ( 0.1000000000159362995, 1.704999999999958771, 2.900000011804331645 ) ) ;
#1446 = EDGE_LOOP ( 'NONE', ( #11012, #3437, #1002, #8014 ) ) ;
#1447 = VERTEX_POINT ( 'NONE', #7578 ) ;
#1448 = CARTESIAN_POINT ( 'NONE',  ( 14.99385118602059030, -0.1522653169551299035, 0.9519615280494889697 ) ) ;
#1449 = ORIENTED_EDGE ( 'NONE', *, *, #9861, .T. ) ;
#1450 = AXIS2_PLACEMENT_3D ( 'NONE', #4447, #9562, #2024 ) ;
#1451 = ORIENTED_EDGE ( 'NONE', *, *, #186, .T. ) ;
#1452 = CARTESIAN_POINT ( 'NONE',  ( -14.99993907342249422, 0.2034904812874566982, -0.9999756327838832393 ) ) ;
#1453 = EDGE_LOOP ( 'NONE', ( #6286, #10837, #6356, #2037 ) ) ;
#1454 = CARTESIAN_POINT ( 'NONE',  ( -9.999999999999998224, 1.925000000000000266, 2.499999999999999556 ) ) ;
#1455 = CYLINDRICAL_SURFACE ( 'NONE', #838, 0.4999999999999987232 ) ;
#1456 = EDGE_CURVE ( 'NONE', #2046, #2250, #3678, .T. ) ;
#1457 = VERTEX_POINT ( 'NONE', #6883 ) ;
#1458 = DIRECTION ( 'NONE',  ( 0.01745240643728399044, -0.9998476951563912696, -2.418712459452923150E-16 ) ) ;
#1459 = CARTESIAN_POINT ( 'NONE',  ( -18.50000000000000000, 0.2000000000000001499, -0.7500000000000000000 ) ) ;
#1460 = ORIENTED_EDGE ( 'NONE', *, *, #3725, .F. ) ;
#1461 = DIRECTION ( 'NONE',  ( -0.7071067811865451302, -4.937700262164479411E-15, 0.7071067811865500152 ) ) ;
#1462 = CARTESIAN_POINT ( 'NONE',  ( 7.499999999999968914, 1.025000000000000355, 7.400000000000034106 ) ) ;
#1463 = EDGE_CURVE ( 'NONE', #3449, #5092, #4723, .T. ) ;
#1464 = CARTESIAN_POINT ( 'NONE',  ( 18.50000000000002132, -0.2524015220437250684, 0.4070249736084803338 ) ) ;
#1465 = EDGE_LOOP ( 'NONE', ( #4185, #7252, #3681, #639 ) ) ;
#1466 = DIRECTION ( 'NONE',  ( 0.000000000000000000, 0.000000000000000000, -1.000000000000000000 ) ) ;
#1467 = CARTESIAN_POINT ( 'NONE',  ( 10.00000000000000000, 0.1999999999999999833, -2.500000000000001332 ) ) ;
#1468 = DIRECTION ( 'NONE',  ( -1.000000000000000000, 0.000000000000000000, 8.673617379884030739E-15 ) ) ;
#1469 = CARTESIAN_POINT ( 'NONE',  ( -0.6249999988406503837, 1.858999999999998876, 16.75100000600095740 ) ) ;
#1470 = DIRECTION ( 'NONE',  ( 0.2235351599263408762, 0.000000000000000000, 0.9746958665536163968 ) ) ;
#1471 = CARTESIAN_POINT ( 'NONE',  ( 7.499999852825629532, 2.925000000000001599, -5.402964932569343404 ) ) ;
#1472 = EDGE_CURVE ( 'NONE', #8066, #7225, #439, .T. ) ;
#1473 = VERTEX_POINT ( 'NONE', #5078 ) ;
#1474 = DIRECTION ( 'NONE',  ( -1.000000000000000000, -1.040834085586083310E-14, 3.469446951953611033E-15 ) ) ;
#1475 = VECTOR ( 'NONE', #968, 1000.000000000000000 ) ;
#1476 = EDGE_CURVE ( 'NONE', #8446, #9177, #4068, .T. ) ;
#1477 = DIRECTION ( 'NONE',  ( 1.000000000000000000, 0.000000000000000000, 0.000000000000000000 ) ) ;
#1478 = DIRECTION ( 'NONE',  ( 0.01745198130024986499, -0.9998233390720429048, -0.006979899392304016008 ) ) ;
#1479 = EDGE_CURVE ( 'NONE', #4731, #1183, #1808, .T. ) ;
#1480 = CARTESIAN_POINT ( 'NONE',  ( -18.45564076965135669, 0.7092886520632007974, -0.1989895515740228438 ) ) ;
#1481 = CARTESIAN_POINT ( 'NONE',  ( 3.802544845872923851, -0.8149999999999921751, 4.517429646614708361 ) ) ;
#1482 = CARTESIAN_POINT ( 'NONE',  ( 14.98466589161030704, -0.6784904812874564817, 0.4712850322845285600 ) ) ;
#1483 = ORIENTED_EDGE ( 'NONE', *, *, #10890, .F. ) ;
#1484 = ORIENTED_EDGE ( 'NONE', *, *, #5204, .T. ) ;
#1485 = VECTOR ( 'NONE', #9849, 1000.000000000000000 ) ;
#1486 = AXIS2_PLACEMENT_3D ( 'NONE', #640, #2343, #10827 ) ;
#1487 = DIRECTION ( 'NONE',  ( 0.0001058369763232880519, 1.212755240074266746E-16, -0.9999999943992671225 ) ) ;
#1488 = PERSON_AND_ORGANIZATION ( #9160, #4030 ) ;
#1489 = DIRECTION ( 'NONE',  ( 0.01744974916068258580, 0.9996954598818874604, -0.01744974916068271764 ) ) ;
#1490 = CARTESIAN_POINT ( 'NONE',  ( 6.696068451748771189, 2.925000000000002043, -7.286916870020065495 ) ) ;
#1491 = DIRECTION ( 'NONE',  ( 0.000000000000000000, 1.000000000000000000, -0.000000000000000000 ) ) ;
#1492 = ORIENTED_EDGE ( 'NONE', *, *, #3375, .F. ) ;
#1493 = CARTESIAN_POINT ( 'NONE',  ( -18.50000000000002487, 0.6494656102277721610, 0.4069250360954314583 ) ) ;
#1494 = DIRECTION ( 'NONE',  ( 0.000000000000000000, 0.000000000000000000, 1.000000000000000000 ) ) ;
#1495 = DIRECTION ( 'NONE',  ( -1.000000000000000000, 0.000000000000000000, 0.000000000000000000 ) ) ;
#1496 =( BOUNDED_SURFACE ( )  B_SPLINE_SURFACE ( 3, 2, ( 
 ( #437, #9869, #7246 ),
 ( #5617, #3047, #1427 ),
 ( #4735, #2313, #6404 ),
 ( #5591, #473, #8178 ),
 ( #3150, #5651, #2276 ),
 ( #1321, #10772, #505 ) ),
 .UNSPECIFIED., .F., .F., .F. ) 
 B_SPLINE_SURFACE_WITH_KNOTS ( ( 4, 2, 4 ),
 ( 3, 3 ),
 ( 3.632339849553219313, 4.175604562361448835, 4.718869275169678801 ),
 ( 0.000000000000000000, 1.000000000000000000 ),
 .UNSPECIFIED. ) 
 GEOMETRIC_REPRESENTATION_ITEM ( )  RATIONAL_B_SPLINE_SURFACE ( (
 ( 1.000000000000000000, 0.7125281363668399814, 1.000000000000000000),
 ( 1.000000000000000000, 0.7120075608141057666, 1.000000000000000000),
 ( 1.000000000000000000, 0.7112111122381663542, 1.000000000000000000),
 ( 1.000000000000000000, 0.7092991690889729473, 1.000000000000000000),
 ( 1.000000000000000000, 0.7081850096717227094, 1.000000000000000000),
 ( 1.000000000000000000, 0.7070667946004626225, 1.000000000000000000) ) ) 
 REPRESENTATION_ITEM ( '' )  SURFACE ( )  );
#1497 = AXIS2_PLACEMENT_3D ( 'NONE', #1901, #1062, #9610 ) ;
#1498 = CARTESIAN_POINT ( 'NONE',  ( -1.204002179220978297, 1.924999999999999822, 7.486603485877131092 ) ) ;
#1499 = FACE_OUTER_BOUND ( 'NONE', #10027, .T. ) ;
#1500 = CARTESIAN_POINT ( 'NONE',  ( 14.99999999999999822, 0.1619999999999998386, 0.4499999999999999001 ) ) ;
#1501 = CARTESIAN_POINT ( 'NONE',  ( 0.9556922250465955671, -0.8163388161432726386, 4.897957340726629916 ) ) ;
#1502 = ORIENTED_EDGE ( 'NONE', *, *, #4490, .F. ) ;
#1503 = AXIS2_PLACEMENT_3D ( 'NONE', #3695, #6912, #4405 ) ;
#1504 = CARTESIAN_POINT ( 'NONE',  ( -14.99993907342249422, 0.1965095187125432408, -0.9999756327838832393 ) ) ;
#1505 = DIRECTION ( 'NONE',  ( -0.000000000000000000, -0.000000000000000000, 1.000000000000000000 ) ) ;
#1506 = EDGE_CURVE ( 'NONE', #4777, #5935, #8295, .T. ) ;
#1507 = LINE ( 'NONE', #6465, #6669 ) ;
#1508 = LINE ( 'NONE', #9637, #1787 ) ;
#1509 = AXIS2_PLACEMENT_3D ( 'NONE', #7411, #704, #6664 ) ;
#1510 = DIRECTION ( 'NONE',  ( -1.000000000000000000, 0.000000000000000000, 0.000000000000000000 ) ) ;
#1511 = ORIENTED_EDGE ( 'NONE', *, *, #7364, .T. ) ;
#1512 = ORIENTED_EDGE ( 'NONE', *, *, #6396, .T. ) ;
#1513 = DIRECTION ( 'NONE',  ( 0.000000000000000000, -1.000000000000000000, 0.000000000000000000 ) ) ;
#1514 = CARTESIAN_POINT ( 'NONE',  ( -18.45401008076914806, 0.6074175707333082652, 0.3780960860194983453 ) ) ;
#1515 = CARTESIAN_POINT ( 'NONE',  ( -18.49575548270277281, 0.4585973553750471443, -0.5167157897370973085 ) ) ;
#1516 = VECTOR ( 'NONE', #8828, 1000.000000000000000 ) ;
#1517 = AXIS2_PLACEMENT_3D ( 'NONE', #7378, #9897, #3071 ) ;
#1518 = LINE ( 'NONE', #3531, #2451 ) ;
#1519 = CARTESIAN_POINT ( 'NONE',  ( 18.48231867582071430, 0.4507607491175966707, -0.5012565909862226610 ) ) ;
#1520 = ORIENTED_EDGE ( 'NONE', *, *, #1578, .F. ) ;
#1521 = EDGE_LOOP ( 'NONE', ( #83 ) ) ;
#1522 = ORIENTED_EDGE ( 'NONE', *, *, #3577, .T. ) ;
#1523 = CARTESIAN_POINT ( 'NONE',  ( 14.96533230932091563, 2.186110668832012216, 0.9930613838960662410 ) ) ;
#1524 = PLANE ( 'NONE',  #46 ) ;
#1525 = VECTOR ( 'NONE', #9840, 1000.000000000000114 ) ;
#1526 = CARTESIAN_POINT ( 'NONE',  ( -15.19534675116857159, 0.4146638564647533998, 0.7985208973831131596 ) ) ;
#1527 = DIRECTION ( 'NONE',  ( 1.000000000000000000, 0.000000000000000000, 0.000000000000000000 ) ) ;
#1528 = LINE ( 'NONE', #3584, #4962 ) ;
#1529 = DIRECTION ( 'NONE',  ( -1.000000000000000000, 0.000000000000000000, 7.709882115452458445E-15 ) ) ;
#1530 = VERTEX_POINT ( 'NONE', #2674 ) ;
#1531 = EDGE_LOOP ( 'NONE', ( #8586, #9641, #8632, #179 ) ) ;
#1532 = EDGE_CURVE ( 'NONE', #3177, #3740, #1384, .T. ) ;
#1533 = ORIENTED_EDGE ( 'NONE', *, *, #51, .F. ) ;
#1534 = CARTESIAN_POINT ( 'NONE',  ( -1.703543823278584224, 1.925000000000000044, 7.057761593811342493 ) ) ;
#1535 = CARTESIAN_POINT ( 'NONE',  ( -18.50000000000000000, 0.4710199341782451699, 0.5337936438144110785 ) ) ;
#1536 = VECTOR ( 'NONE', #4857, 1000.000000000000114 ) ;
#1537 = EDGE_LOOP ( 'NONE', ( #578, #3461, #8710, #2109, #2245, #197 ) ) ;
#1538 = CARTESIAN_POINT ( 'NONE',  ( -0.8983001872803261234, 1.828490481287456726, 7.500000000000092371 ) ) ;
#1539 = VECTOR ( 'NONE', #1968, 1000.000000000000000 ) ;
#1540 = VERTEX_POINT ( 'NONE', #11015 ) ;
#1541 = DIRECTION ( 'NONE',  ( -7.084610675889280174E-15, 1.212737214708358339E-16, -1.000000000000000000 ) ) ;
#1542 = LINE ( 'NONE', #9930, #1822 ) ;
#1543 = EDGE_CURVE ( 'NONE', #1530, #8223, #7618, .T. ) ;
#1544 = CARTESIAN_POINT ( 'NONE',  ( 15.00000000000000000, 0.3129999999999997784, -0.3000000000000001554 ) ) ;
#1545 = EDGE_CURVE ( 'NONE', #1737, #5620, #9665, .T. ) ;
#1546 = VECTOR ( 'NONE', #6849, 1000.000000000000000 ) ;
#1547 = CYLINDRICAL_SURFACE ( 'NONE', #7145, 0.1000000000000000472 ) ;
#1548 = VERTEX_POINT ( 'NONE', #1760 ) ;
#1549 = CARTESIAN_POINT ( 'NONE',  ( 0.4983611092176897239, 1.925000000000000266, 5.901730273688515993 ) ) ;
#1550 = VECTOR ( 'NONE', #7615, 1000.000000000000000 ) ;
#1551 = ORIENTED_EDGE ( 'NONE', *, *, #9952, .F. ) ;
#1552 = CIRCLE ( 'NONE', #5192, 4.970919038921267408 ) ;
#1553 = AXIS2_PLACEMENT_3D ( 'NONE', #9277, #4198, #10151 ) ;
#1554 = CARTESIAN_POINT ( 'NONE',  ( -12.80345756483935737, 1.925000000000000044, 6.196813483191373706 ) ) ;
#1555 = CARTESIAN_POINT ( 'NONE',  ( -3.124999998840650495, 1.823999999999972976, 16.65000000600097252 ) ) ;
#1556 = CARTESIAN_POINT ( 'NONE',  ( 15.18395444927176108, -0.5367954872986351322, 0.3186190873994084738 ) ) ;
#1557 = EDGE_CURVE ( 'NONE', #10605, #7887, #9786, .T. ) ;
#1558 = VECTOR ( 'NONE', #10520, 1000.000000000000000 ) ;
#1559 = AXIS2_PLACEMENT_3D ( 'NONE', #3254, #568, #3192 ) ;
#1560 = DIRECTION ( 'NONE',  ( -8.672296345945505012E-17, 0.01745240643728354982, -0.9998476951563912696 ) ) ;
#1561 = ORIENTED_EDGE ( 'NONE', *, *, #583, .F. ) ;
#1562 = FACE_OUTER_BOUND ( 'NONE', #7733, .T. ) ;
#1563 = ORIENTED_EDGE ( 'NONE', *, *, #935, .F. ) ;
#1564 = FACE_OUTER_BOUND ( 'NONE', #94, .T. ) ;
#1565 = CARTESIAN_POINT ( 'NONE',  ( 3.696769726311526227, 1.925000000000000266, 6.271638890782331721 ) ) ;
#1566 = VERTEX_POINT ( 'NONE', #7701 ) ;
#1567 = CARTESIAN_POINT ( 'NONE',  ( -18.50000000000000355, 0.5204143299231164255, 0.4544655561386417020 ) ) ;
#1568 = DATE_TIME_ROLE ( 'creation_date' ) ;
#1569 = DIRECTION ( 'NONE',  ( -1.000000000000000000, -0.000000000000000000, 8.673617379884069985E-17 ) ) ;
#1570 = CARTESIAN_POINT ( 'NONE',  ( 0.6882613534652040066, 1.865000000000000435, -7.410928177211882684 ) ) ;
#1571 = CARTESIAN_POINT ( 'NONE',  ( 18.50000000000002487, 0.6494656102277721610, 0.4069250360954314583 ) ) ;
#1572 = CARTESIAN_POINT ( 'NONE',  ( 1.000000000000000000, 0.6999999999999999556, -3.849999999999996980 ) ) ;
#1573 = AXIS2_PLACEMENT_3D ( 'NONE', #97, #386, #8630 ) ;
#1574 = LINE ( 'NONE', #7341, #6227 ) ;
#1575 = EDGE_LOOP ( 'NONE', ( #7546, #8037, #5306, #9714, #8298 ) ) ;
#1576 = ORIENTED_EDGE ( 'NONE', *, *, #4483, .T. ) ;
#1577 = VERTEX_POINT ( 'NONE', #2706 ) ;
#1578 = EDGE_CURVE ( 'NONE', #7612, #5694, #6879, .T. ) ;
#1579 = ORIENTED_EDGE ( 'NONE', *, *, #7284, .F. ) ;
#1580 = CARTESIAN_POINT ( 'NONE',  ( -9.999999999999998224, -0.8160471443862369334, -6.707698506541665218 ) ) ;
#1581 = CARTESIAN_POINT ( 'NONE',  ( 3.696769726311528892, 1.925000000000000266, 6.782447019343655903 ) ) ;
#1582 = CARTESIAN_POINT ( 'NONE',  ( 0.8676893682495945281, -0.8749999999999998890, 5.433504217327677743 ) ) ;
#1583 = AXIS2_PLACEMENT_3D ( 'NONE', #4222, #7663, #2509 ) ;
#1584 = CARTESIAN_POINT ( 'NONE',  ( 3.125000001159366825, 1.605000000000055493, 21.50000000600094907 ) ) ;
#1585 = DIRECTION ( 'NONE',  ( 1.000000000000000000, 1.071446852809204308E-14, 0.000000000000000000 ) ) ;
#1586 = DIRECTION ( 'NONE',  ( -1.000000000000000000, -1.047444401652940007E-14, 3.491481338843121128E-15 ) ) ;
#1587 = ADVANCED_FACE ( 'NONE', ( #6438 ), #698, .T. ) ;
#1588 = VECTOR ( 'NONE', #9858, 1000.000000000000000 ) ;
#1589 = ORIENTED_EDGE ( 'NONE', *, *, #10673, .T. ) ;
#1590 = ORIENTED_EDGE ( 'NONE', *, *, #1751, .T. ) ;
#1591 = CARTESIAN_POINT ( 'NONE',  ( -18.45138856822342532, 0.4454117142370186966, -0.4907048613072127474 ) ) ;
#1592 = CARTESIAN_POINT ( 'NONE',  ( -9.999999999999964473, -0.6784904812874564817, -7.484665891610305266 ) ) ;
#1593 = ORIENTED_EDGE ( 'NONE', *, *, #10, .T. ) ;
#1594 = EDGE_CURVE ( 'NONE', #1272, #5620, #10180, .T. ) ;
#1595 = CARTESIAN_POINT ( 'NONE',  ( -15.19990861245377367, 0.1930190374250865815, 0.9999756327838832393 ) ) ;
#1596 = CARTESIAN_POINT ( 'NONE',  ( 3.680600000015937567, 1.704999999999996518, 2.976800011804319634 ) ) ;
#1597 = CARTESIAN_POINT ( 'NONE',  ( -0.6830000000000000515, 1.925000000000000266, -7.233252277351548187 ) ) ;
#1598 = DIRECTION ( 'NONE',  ( -0.01691988948807001195, 0.9998476951563911586, -0.004278297577732787307 ) ) ;
#1599 = DIRECTION ( 'NONE',  ( 5.754656010973727542E-15, -1.212737214708358586E-16, 1.000000000000000000 ) ) ;
#1600 = ADVANCED_FACE ( 'NONE', ( #9506 ), #2755, .T. ) ;
#1601 = EDGE_CURVE ( 'NONE', #8905, #7762, #3817, .T. ) ;
#1602 = CARTESIAN_POINT ( 'NONE',  ( 7.499999999999909406, 2.825000000000001066, -0.8495620197742107527 ) ) ;
#1603 = EDGE_LOOP ( 'NONE', ( #6752, #3865, #2463, #9708, #1974, #1999, #2758, #6023, #6455, #1184, #1298, #2191, #5465, #8473, #10539, #2875, #5525, #9220, #3000, #10244, #2081, #5516, #8156, #5695 ) ) ;
#1604 = DIRECTION ( 'NONE',  ( -1.703767317533126255E-17, 1.000000000000000000, 1.212737214708384717E-16 ) ) ;
#1605 = CARTESIAN_POINT ( 'NONE',  ( 0.9919033010572743114, 0.5919197647081011482, 7.493159015060367523 ) ) ;
#1606 = EDGE_CURVE ( 'NONE', #4358, #8391, #7914, .T. ) ;
#1607 = CARTESIAN_POINT ( 'NONE',  ( -14.99270580958667587, 0.6178838889037737703, -0.7136292603822238512 ) ) ;
#1608 = DIRECTION ( 'NONE',  ( 1.000000000000000000, 0.000000000000000000, -8.673617379884069985E-17 ) ) ;
#1609 = CARTESIAN_POINT ( 'NONE',  ( 4.594628088475604777, -0.6827566050330504677, 5.431651129983805504 ) ) ;
#1610 = DIRECTION ( 'NONE',  ( -1.703767317533126255E-17, 1.000000000000000000, 1.212737214708384717E-16 ) ) ;
#1611 = ORIENTED_EDGE ( 'NONE', *, *, #3891, .T. ) ;
#1612 = EDGE_CURVE ( 'NONE', #8410, #2594, #1528, .T. ) ;
#1613 = DIRECTION ( 'NONE',  ( 0.9848077530122041345, -4.280128095955285853E-18, 0.1736481776669530075 ) ) ;
#1614 = DIRECTION ( 'NONE',  ( 1.000000000000000000, 1.071446852809204781E-14, 0.000000000000000000 ) ) ;
#1615 = CARTESIAN_POINT ( 'NONE',  ( 3.696769726311523563, 1.925000000000000488, 5.920198394592428137 ) ) ;
#1616 = CARTESIAN_POINT ( 'NONE',  ( -0.8999999999840680998, 1.704999999999940785, 0.7500000136080181568 ) ) ;
#1617 = CARTESIAN_POINT ( 'NONE',  ( -15.16466370823845367, -0.5999993876263903791, 0.06511724732289839168 ) ) ;
#1618 = CARTESIAN_POINT ( 'NONE',  ( -9.999999999999964473, 1.925000000000000266, -7.410928177211881795 ) ) ;
#1619 = EDGE_CURVE ( 'NONE', #5717, #2874, #5258, .T. ) ;
#1620 = PERSON_AND_ORGANIZATION ( #9160, #4030 ) ;
#1621 = VERTEX_POINT ( 'NONE', #2689 ) ;
#1622 = VERTEX_POINT ( 'NONE', #8605 ) ;
#1623 = DIRECTION ( 'NONE',  ( 0.008226032506114967086, -0.4712690866487044827, 0.8819511212978325965 ) ) ;
#1624 = EDGE_CURVE ( 'NONE', #7792, #8111, #7029, .T. ) ;
#1625 = CARTESIAN_POINT ( 'NONE',  ( 3.125000001159363716, 1.785000000000055431, 21.50000000600094552 ) ) ;
#1626 = VECTOR ( 'NONE', #10538, 1000.000000000000227 ) ;
#1627 = AXIS2_PLACEMENT_3D ( 'NONE', #5744, #5782, #7485 ) ;
#1628 = CARTESIAN_POINT ( 'NONE',  ( 14.07184740426862568, -0.3750000000000000000, 3.529591528884572060 ) ) ;
#1629 = ORIENTED_EDGE ( 'NONE', *, *, #10569, .F. ) ;
#1630 = ADVANCED_FACE ( 'NONE', ( #3400 ), #7833, .F. ) ;
#1631 = AXIS2_PLACEMENT_3D ( 'NONE', #3208, #10067, #9113 ) ;
#1632 = DIRECTION ( 'NONE',  ( -1.000000000000000000, 0.000000000000000000, 6.911138328291559232E-15 ) ) ;
#1633 = VERTEX_POINT ( 'NONE', #6852 ) ;
#1634 = LINE ( 'NONE', #10129, #2298 ) ;
#1635 = CARTESIAN_POINT ( 'NONE',  ( -12.38977695522281586, 1.925000000000001377, -5.480297649228878853 ) ) ;
#1636 = CARTESIAN_POINT ( 'NONE',  ( -15.00000000000000000, 0.3129999999999997784, -0.3000000000000001554 ) ) ;
#1637 = LINE ( 'NONE', #6047, #7608 ) ;
#1638 = CARTESIAN_POINT ( 'NONE',  ( 7.499999999999922728, 2.825000000000001066, 0.8000000000000297984 ) ) ;
#1639 = APPROVAL_STATUS ( 'not_yet_approved' ) ;
#1640 = DIRECTION ( 'NONE',  ( -6.911138328291599464E-15, 1.212737214708358339E-16, -1.000000000000000000 ) ) ;
#1641 = AXIS2_PLACEMENT_3D ( 'NONE', #3383, #4278, #3507 ) ;
#1642 = ORIENTED_EDGE ( 'NONE', *, *, #4807, .T. ) ;
#1643 = CARTESIAN_POINT ( 'NONE',  ( -13.19216333698683030, 1.925000000000000044, 5.465849364905564833 ) ) ;
#1644 = VERTEX_POINT ( 'NONE', #6975 ) ;
#1645 = LINE ( 'NONE', #6614, #5886 ) ;
#1646 = CARTESIAN_POINT ( 'NONE',  ( 15.00000000000000000, -0.1430200000000001193, 0.4499999999999999556 ) ) ;
#1647 = CARTESIAN_POINT ( 'NONE',  ( -14.75000000000009948, 2.675000000000001155, -2.499999999999807265 ) ) ;
#1648 = FACE_OUTER_BOUND ( 'NONE', #1920, .T. ) ;
#1649 = ADVANCED_FACE ( 'NONE', ( #5774, #4472 ), #1266, .T. ) ;
#1650 = VERTEX_POINT ( 'NONE', #9537 ) ;
#1651 = CARTESIAN_POINT ( 'NONE',  ( -0.8860207152531375252, 1.025000000000001688, -4.327032419940850083 ) ) ;
#1652 = CARTESIAN_POINT ( 'NONE',  ( -18.50000000000004263, -0.2932448473283353341, 0.2481273811409327179 ) ) ;
#1653 = ADVANCED_FACE ( 'NONE', ( #6987 ), #7715, .F. ) ;
#1654 = ORIENTED_EDGE ( 'NONE', *, *, #2878, .T. ) ;
#1655 = PLANE ( 'NONE',  #4011 ) ;
#1656 = VERTEX_POINT ( 'NONE', #9467 ) ;
#1657 = EDGE_CURVE ( 'NONE', #5629, #314, #2188, .T. ) ;
#1658 = LINE ( 'NONE', #10951, #5895 ) ;
#1659 = AXIS2_PLACEMENT_3D ( 'NONE', #8661, #6144, #2779 ) ;
#1660 = LINE ( 'NONE', #10913, #10978 ) ;
#1661 = CARTESIAN_POINT ( 'NONE',  ( -16.24999999999999645, 1.000000000000000222, 0.000000000000000000 ) ) ;
#1662 = ORIENTED_EDGE ( 'NONE', *, *, #696, .T. ) ;
#1663 = CARTESIAN_POINT ( 'NONE',  ( 10.15026178333083706, 2.925000000000001599, -3.249999999999982236 ) ) ;
#1664 = VERTEX_POINT ( 'NONE', #8386 ) ;
#1665 = CARTESIAN_POINT ( 'NONE',  ( -0.6830000000000000515, 0.2000000000000000944, -7.543252277351548685 ) ) ;
#1666 = CARTESIAN_POINT ( 'NONE',  ( 1.000000001159307983, 1.704999999999973426, 4.426800006000950916 ) ) ;
#1667 = DIRECTION ( 'NONE',  ( 0.4999999999999968914, -9.650728701756158422E-17, 0.8660254037844404840 ) ) ;
#1668 = VERTEX_POINT ( 'NONE', #4352 ) ;
#1669 = AXIS2_PLACEMENT_3D ( 'NONE', #9795, #7780, #134 ) ;
#1670 = B_SPLINE_SURFACE_WITH_KNOTS ( 'NONE', 3, 1, ( 
 ( #5072, #8352 ),
 ( #7495, #5793 ),
 ( #789, #11048 ),
 ( #6748, #2537 ),
 ( #757, #8465 ),
 ( #1636, #2576 ),
 ( #3438, #10973 ),
 ( #6710, #6641 ),
 ( #3285, #9200 ),
 ( #4142, #9285 ),
 ( #3325, #7573 ),
 ( #6671, #1567 ),
 ( #4250, #10087 ),
 ( #9356, #4959 ),
 ( #10934, #4208 ),
 ( #5836, #10156 ) ),
 .UNSPECIFIED., .F., .F., .F.,
 ( 4, 3, 2, 2, 2, 3, 4 ),
 ( 2, 2 ),
 ( -0.01000000000000000021, 0.000000000000000000, 0.2500000000000000000, 0.5000000000000000000, 0.7500000000000000000, 1.000000000000000000, 1.010000000000000009 ),
 ( 0.000000000000000000, 1.000000000000000000 ),
 .UNSPECIFIED. ) ;
#1671 = CARTESIAN_POINT ( 'NONE',  ( -18.45138030200387647, 0.4454113971054414756, 0.4907047638173723247 ) ) ;
#1672 = EDGE_CURVE ( 'NONE', #8223, #151, #8958, .T. ) ;
#1673 = CIRCLE ( 'NONE', #4828, 0.1000000000000000333 ) ;
#1674 = CYLINDRICAL_SURFACE ( 'NONE', #6599, 0.1099999999999998479 ) ;
#1675 = LINE ( 'NONE', #788, #711 ) ;
#1676 = EDGE_LOOP ( 'NONE', ( #7313, #9926, #4046, #2559 ) ) ;
#1677 = DIRECTION ( 'NONE',  ( 0.000000000000000000, -0.000000000000000000, 1.000000000000000000 ) ) ;
#1678 = B_SPLINE_CURVE_WITH_KNOTS ( 'NONE', 3,
 ( #4192, #1591, #7517, #10955 ),
 .UNSPECIFIED., .F., .F.,
 ( 4, 4 ),
 ( 0.000000000000000000, 2.481862528225460360E-08 ),
 .UNSPECIFIED. ) ;
#1679 = CARTESIAN_POINT ( 'NONE',  ( -15.18257540068056244, 0.9999999999999997780, -0.2085086729175140430 ) ) ;
#1680 = CARTESIAN_POINT ( 'NONE',  ( 12.85975103337100833, 2.925000000000001599, -4.327032419940936236 ) ) ;
#1681 = CYLINDRICAL_SURFACE ( 'NONE', #1869, 0.1000000000000000472 ) ;
#1682 = ORIENTED_EDGE ( 'NONE', *, *, #1749, .T. ) ;
#1683 = CIRCLE ( 'NONE', #2798, 0.2000000000000005107 ) ;
#1684 = VERTEX_POINT ( 'NONE', #1538 ) ;
#1685 = VECTOR ( 'NONE', #212, 1000.000000000000227 ) ;
#1686 = EDGE_CURVE ( 'NONE', #9777, #8344, #5633, .T. ) ;
#1687 = CARTESIAN_POINT ( 'NONE',  ( 7.500000000015924151, 1.705000000000024496, -0.4999999881956963543 ) ) ;
#1688 = DIRECTION ( 'NONE',  ( 1.044035957693687084E-15, 0.000000000000000000, -1.000000000000000000 ) ) ;
#1689 = CARTESIAN_POINT ( 'NONE',  ( 12.61068682838814503, -0.3750000000000000000, -5.330563360842446308 ) ) ;
#1690 = CARTESIAN_POINT ( 'NONE',  ( -18.49575548270223990, 0.4585973553739152719, 0.5167157897366549957 ) ) ;
#1691 = CARTESIAN_POINT ( 'NONE',  ( -14.99993907342249422, 0.1965095187125432963, 0.000000000000000000 ) ) ;
#1692 = LINE ( 'NONE', #78, #9671 ) ;
#1693 = CIRCLE ( 'NONE', #1659, 0.3254362312903810728 ) ;
#1694 = ADVANCED_FACE ( 'NONE', ( #8041 ), #2748, .F. ) ;
#1695 = EDGE_CURVE ( 'NONE', #7225, #8993, #1115, .T. ) ;
#1696 = FACE_OUTER_BOUND ( 'NONE', #3279, .T. ) ;
#1697 = ORIENTED_EDGE ( 'NONE', *, *, #397, .T. ) ;
#1698 = VECTOR ( 'NONE', #7161, 1000.000000000000000 ) ;
#1699 = EDGE_CURVE ( 'NONE', #7121, #10334, #5519, .T. ) ;
#1700 = EDGE_LOOP ( 'NONE', ( #8899, #6733, #2480, #10553 ) ) ;
#1701 = CARTESIAN_POINT ( 'NONE',  ( -15.19990861245377367, 0.2055847700599307826, 0.7999805062271065914 ) ) ;
#1702 = DIRECTION ( 'NONE',  ( 0.000000000000000000, 1.000000000000000000, 0.000000000000000000 ) ) ;
#1703 = CARTESIAN_POINT ( 'NONE',  ( 18.45532196156685956, 0.6884384207383662524, -0.2471081852322811190 ) ) ;
#1704 = CYLINDRICAL_SURFACE ( 'NONE', #8914, 0.06000000000000015737 ) ;
#1705 = B_SPLINE_CURVE_WITH_KNOTS ( 'NONE', 3,
 ( #2724, #3692, #5374, #9580 ),
 .UNSPECIFIED., .F., .F.,
 ( 4, 4 ),
 ( 0.000000000000000000, 2.564895150632548952E-08 ),
 .UNSPECIFIED. ) ;
#1706 = CARTESIAN_POINT ( 'NONE',  ( 0.5963927287051633552, 0.7695137479826700266, -7.490059100550813476 ) ) ;
#1707 = ORIENTED_EDGE ( 'NONE', *, *, #8188, .F. ) ;
#1708 = LINE ( 'NONE', #3114, #869 ) ;
#1709 = ORIENTED_EDGE ( 'NONE', *, *, #7838, .F. ) ;
#1710 = ORIENTED_EDGE ( 'NONE', *, *, #4752, .T. ) ;
#1711 = VERTEX_POINT ( 'NONE', #5377 ) ;
#1712 =( BOUNDED_SURFACE ( )  B_SPLINE_SURFACE ( 3, 2, ( 
 ( #8565, #4194, #7718 ),
 ( #2564, #5882, #2651 ),
 ( #779, #1706, #8452 ),
 ( #8494, #11068, #5967 ) ),
 .UNSPECIFIED., .F., .F., .F. ) 
 B_SPLINE_SURFACE_WITH_KNOTS ( ( 4, 4 ),
 ( 3, 3 ),
 ( 0.3230352683237148192, 0.3461018034323430359 ),
 ( 0.000000000000000000, 1.000000000000000000 ),
 .UNSPECIFIED. ) 
 GEOMETRIC_REPRESENTATION_ITEM ( )  RATIONAL_B_SPLINE_SURFACE ( (
 ( 1.000000000000000000, 0.8959610319758244401, 1.000000000000000000),
 ( 1.000000000000000000, 0.8901195633698799625, 1.000000000000000000),
 ( 1.000000000000000000, 0.8839673596116135457, 1.000000000000000000),
 ( 1.000000000000000000, 0.8774983869815501381, 1.000000000000000000) ) ) 
 REPRESENTATION_ITEM ( '' )  SURFACE ( )  );
#1713 = ADVANCED_FACE ( 'NONE', ( #10046 ), #1938, .T. ) ;
#1714 = AXIS2_PLACEMENT_3D ( 'NONE', #10785, #5779, #9079 ) ;
#1715 = DIRECTION ( 'NONE',  ( -1.703767317533126255E-17, 1.000000000000000000, 1.212737214708384717E-16 ) ) ;
#1716 = CARTESIAN_POINT ( 'NONE',  ( -15.18463543064158117, -0.5055847700599308547, 0.3770280258276223484 ) ) ;
#1717 = LINE ( 'NONE', #5183, #1177 ) ;
#1718 = DIRECTION ( 'NONE',  ( -1.047444401652941269E-14, 1.000000000000000000, -3.491481338843170037E-15 ) ) ;
#1719 = VERTEX_POINT ( 'NONE', #1096 ) ;
#1720 = EDGE_LOOP ( 'NONE', ( #6873, #3196, #6109, #6097 ) ) ;
#1721 = CARTESIAN_POINT ( 'NONE',  ( -12.72500000000012577, 1.925000000000001599, -6.274999999999813838 ) ) ;
#1722 = ORIENTED_EDGE ( 'NONE', *, *, #6247, .F. ) ;
#1723 = CARTESIAN_POINT ( 'NONE',  ( -14.99632225634330140, 0.4106977929973795183, -0.7994585281503415741 ) ) ;
#1724 = CARTESIAN_POINT ( 'NONE',  ( 3.125000001159349505, 1.605000000000036176, 16.00000000600094197 ) ) ;
#1725 = DIRECTION ( 'NONE',  ( 6.911138328291599464E-15, -1.212737214708358339E-16, 1.000000000000000000 ) ) ;
#1726 = AXIS2_PLACEMENT_3D ( 'NONE', #178, #8782, #5406 ) ;
#1727 = VERTEX_POINT ( 'NONE', #4649 ) ;
#1728 = EDGE_CURVE ( 'NONE', #9209, #9018, #8422, .T. ) ;
#1729 = LINE ( 'NONE', #9891, #8497 ) ;
#1730 = DIRECTION ( 'NONE',  ( 1.000000000000000000, -0.000000000000000000, -4.393583373438934077E-16 ) ) ;
#1731 = ORIENTED_EDGE ( 'NONE', *, *, #3490, .T. ) ;
#1732 = CARTESIAN_POINT ( 'NONE',  ( -0.3500000000000083045, 1.903999999999943071, -0.2500000000000210387 ) ) ;
#1733 = EDGE_LOOP ( 'NONE', ( #10937, #244, #7314, #8917 ) ) ;
#1734 = CARTESIAN_POINT ( 'NONE',  ( -9.999999999999962697, 1.866047144386237422, 7.470919038921266520 ) ) ;
#1735 = CARTESIAN_POINT ( 'NONE',  ( 18.49236462410580017, -0.05920551013363047066, 0.5115978633327650238 ) ) ;
#1736 = CARTESIAN_POINT ( 'NONE',  ( 14.82267761783303683, 2.917071106026045246, -0.7204181349782221577 ) ) ;
#1737 = VERTEX_POINT ( 'NONE', #8827 ) ;
#1738 = AXIS2_PLACEMENT_3D ( 'NONE', #1360, #3058, #2219 ) ;
#1739 = CARTESIAN_POINT ( 'NONE',  ( -1.449999998840698190, 1.903999999999946402, 3.976800006000959176 ) ) ;
#1740 = CARTESIAN_POINT ( 'NONE',  ( 18.50000000000003908, 0.6447138943389463250, 0.4125452598944776006 ) ) ;
#1741 = EDGE_CURVE ( 'NONE', #532, #7590, #4462, .T. ) ;
#1742 = DIRECTION ( 'NONE',  ( 0.000000000000000000, 0.000000000000000000, -1.000000000000000000 ) ) ;
#1743 = CARTESIAN_POINT ( 'NONE',  ( 1.000000001159333962, 1.604999999999999094, 11.75000000600095262 ) ) ;
#1744 = CARTESIAN_POINT ( 'NONE',  ( -14.07931100995396179, -0.8160471443862369334, 3.531478747246563188 ) ) ;
#1745 = EDGE_LOOP ( 'NONE', ( #11046, #8488, #805, #8963, #1576 ) ) ;
#1746 = CARTESIAN_POINT ( 'NONE',  ( -18.50000000000000355, 0.1129261339515096468, -0.5499999999999999334 ) ) ;
#1747 = CYLINDRICAL_SURFACE ( 'NONE', #2157, 0.8000000000000000444 ) ;
#1748 = ADVANCED_FACE ( 'NONE', ( #7350 ), #5319, .T. ) ;
#1749 = EDGE_CURVE ( 'NONE', #7153, #8246, #10588, .T. ) ;
#1750 = CARTESIAN_POINT ( 'NONE',  ( 1.230336675081828535, 1.865000000000000435, 7.410928177211881795 ) ) ;
#1751 = EDGE_CURVE ( 'NONE', #1386, #1668, #2872, .T. ) ;
#1752 = ORIENTED_EDGE ( 'NONE', *, *, #5736, .F. ) ;
#1753 = CARTESIAN_POINT ( 'NONE',  ( 3.125000001159346397, 1.705000000000036042, 16.00000000600094197 ) ) ;
#1754 = B_SPLINE_CURVE_WITH_KNOTS ( 'NONE', 3,
 ( #715, #761, #9204, #6790 ),
 .UNSPECIFIED., .F., .F.,
 ( 4, 4 ),
 ( 0.000000000000000000, 2.481862528225460360E-08 ),
 .UNSPECIFIED. ) ;
#1755 = CARTESIAN_POINT ( 'NONE',  ( 14.98785514337613023, 0.8957783699963882684, -0.4089323973366404963 ) ) ;
#1756 = ORIENTED_EDGE ( 'NONE', *, *, #7992, .F. ) ;
#1757 = DIRECTION ( 'NONE',  ( 1.047444401652941269E-14, -1.000000000000000000, 3.491481338843170037E-15 ) ) ;
#1758 = CARTESIAN_POINT ( 'NONE',  ( 1.020457755562174107, 0.6999999999999997335, 7.383175768569808284 ) ) ;
#1759 = DIRECTION ( 'NONE',  ( -0.01744974916068273846, -0.9996954598818875715, 0.01744974916068272458 ) ) ;
#1760 = CARTESIAN_POINT ( 'NONE',  ( -2.175000000000036238, 1.925000000000000044, 7.358824457812072062 ) ) ;
#1761 = VECTOR ( 'NONE', #2982, 1000.000000000000000 ) ;
#1762 = DIRECTION ( 'NONE',  ( -1.000000000000000000, -1.703767317532270218E-17, 7.084610675889280174E-15 ) ) ;
#1763 = EDGE_CURVE ( 'NONE', #1872, #5958, #9634, .T. ) ;
#1764 = COORDINATED_UNIVERSAL_TIME_OFFSET ( 1, 0, .AHEAD. ) ;
#1765 = EDGE_CURVE ( 'NONE', #6457, #10801, #5095, .T. ) ;
#1766 = CARTESIAN_POINT ( 'NONE',  ( -7.500000000000000000, 0.6999999999999999556, 0.03709201297246063345 ) ) ;
#1767 = CARTESIAN_POINT ( 'NONE',  ( 9.999999999999964473, 2.675000000000000266, 7.500000000000015987 ) ) ;
#1768 = CARTESIAN_POINT ( 'NONE',  ( -14.99996910581597476, 0.2004780918596550665, -2.515063810706019698 ) ) ;
#1769 = ADVANCED_FACE ( 'NONE', ( #10841 ), #162, .T. ) ;
#1770 = DIRECTION ( 'NONE',  ( -1.000000000000000000, 0.000000000000000000, 5.782411586589369866E-15 ) ) ;
#1771 = ORIENTED_EDGE ( 'NONE', *, *, #7649, .T. ) ;
#1772 = CARTESIAN_POINT ( 'NONE',  ( 13.11022304477717881, 1.925000000000001821, -5.480297649229067147 ) ) ;
#1773 = CARTESIAN_POINT ( 'NONE',  ( -18.45100884738645064, -0.1303171253921188155, -0.4483346080631193664 ) ) ;
#1774 = ADVANCED_FACE ( 'NONE', ( #3538 ), #7218, .T. ) ;
#1775 = DIRECTION ( 'NONE',  ( -1.703767317533126255E-17, 1.000000000000000000, 1.212737214708384717E-16 ) ) ;
#1776 = CIRCLE ( 'NONE', #2372, 4.267689368251046389 ) ;
#1777 = AXIS2_PLACEMENT_3D ( 'NONE', #3427, #3275, #4948 ) ;
#1778 = VECTOR ( 'NONE', #9648, 1000.000000000000000 ) ;
#1779 = DIRECTION ( 'NONE',  ( -8.673617379884036458E-16, -0.000000000000000000, 1.000000000000000000 ) ) ;
#1780 = ORIENTED_EDGE ( 'NONE', *, *, #2477, .T. ) ;
#1781 = EDGE_CURVE ( 'NONE', #10083, #7272, #8510, .T. ) ;
#1782 = CARTESIAN_POINT ( 'NONE',  ( 18.50000000000004974, 0.7333296559571865769, -0.2690108185587696821 ) ) ;
#1783 = EDGE_LOOP ( 'NONE', ( #7263 ) ) ;
#1784 = CARTESIAN_POINT ( 'NONE',  ( 1.230336675081828535, 1.866047144386237644, 7.470919038921264743 ) ) ;
#1785 = CARTESIAN_POINT ( 'NONE',  ( -9.014586297939993997, 2.825000000000001066, -4.327032419940784358 ) ) ;
#1786 = CONICAL_SURFACE ( 'NONE', #64, 5.000000000000002665, 0.01745329251994333364 ) ;
#1787 = VECTOR ( 'NONE', #2825, 1000.000000000000000 ) ;
#1788 = ORIENTED_EDGE ( 'NONE', *, *, #10930, .F. ) ;
#1789 = AXIS2_PLACEMENT_3D ( 'NONE', #2263, #9046, #10658 ) ;
#1790 = ORIENTED_EDGE ( 'NONE', *, *, #5868, .T. ) ;
#1791 = CARTESIAN_POINT ( 'NONE',  ( 15.18463543064158472, -0.5055847700599308547, 0.3770280258276225704 ) ) ;
#1792 = EDGE_CURVE ( 'NONE', #3306, #6398, #9773, .T. ) ;
#1793 = CARTESIAN_POINT ( 'NONE',  ( 18.50000000000000000, -0.1630346469846407076, 0.4876989497462551060 ) ) ;
#1794 = CARTESIAN_POINT ( 'NONE',  ( 15.00032412556503481, 0.1814308588156448299, -0.7997920818210031424 ) ) ;
#1795 = CARTESIAN_POINT ( 'NONE',  ( 7.499999999999968914, 1.125000000000000222, 7.400000000000034106 ) ) ;
#1796 = CARTESIAN_POINT ( 'NONE',  ( 1.090306468344786506, 0.7529601495238901210, 7.490348044687357820 ) ) ;
#1797 = CIRCLE ( 'NONE', #1207, 4.970919038921267408 ) ;
#1798 = CARTESIAN_POINT ( 'NONE',  ( 0.9805633608424491054, 0.6999999999999999556, -3.849999999999996980 ) ) ;
#1799 = AXIS2_PLACEMENT_3D ( 'NONE', #6871, #9353, #4288 ) ;
#1800 = ORIENTED_EDGE ( 'NONE', *, *, #2549, .F. ) ;
#1801 = VERTEX_POINT ( 'NONE', #9844 ) ;
#1802 = EDGE_LOOP ( 'NONE', ( #1996, #3806, #4975, #7966, #444, #2652, #10245, #10968, #2021, #6741, #2783, #4627, #7547, #9140, #9769, #84, #2507, #9228, #2446, #1922, #8793, #4230, #3470, #2802, #10385, #9055, #2494, #9859, #7426, #1771, #950, #6135, #1107, #7820, #3761, #4953, #3078, #7694, #1731, #5000 ) ) ;
#1803 = CARTESIAN_POINT ( 'NONE',  ( 10.00000000000000000, -0.8149999999999999467, -6.767689368251051718 ) ) ;
#1804 = CARTESIAN_POINT ( 'NONE',  ( -13.19216333698683030, 1.925000000000000044, 5.465849364905564833 ) ) ;
#1805 = CARTESIAN_POINT ( 'NONE',  ( 9.999999999999966249, 0.1999999999999999833, 7.499999999999998224 ) ) ;
#1806 = CIRCLE ( 'NONE', #7249, 0.1999999999999992062 ) ;
#1807 = AXIS2_PLACEMENT_3D ( 'NONE', #3183, #5750, #3247 ) ;
#1808 = CIRCLE ( 'NONE', #6339, 0.5000000000000004441 ) ;
#1809 = CARTESIAN_POINT ( 'NONE',  ( 1.053457564839232585, 1.925000000000001821, -6.353186516808724704 ) ) ;
#1810 = CARTESIAN_POINT ( 'NONE',  ( 18.45553576107592875, -0.04860016109640342280, 0.4906816022955516332 ) ) ;
#1811 = ADVANCED_FACE ( 'NONE', ( #8949 ), #5764, .T. ) ;
#1812 = VERTEX_POINT ( 'NONE', #9069 ) ;
#1813 = EDGE_CURVE ( 'NONE', #909, #8905, #7630, .T. ) ;
#1814 = CARTESIAN_POINT ( 'NONE',  ( -18.50000000000000000, 0.09660540920026497447, -0.6185157568381938198 ) ) ;
#1815 = VERTEX_POINT ( 'NONE', #9950 ) ;
#1816 = AXIS2_PLACEMENT_3D ( 'NONE', #5687, #1495, #2166 ) ;
#1817 = VECTOR ( 'NONE', #5330, 1000.000000000000000 ) ;
#1818 = ORIENTED_EDGE ( 'NONE', *, *, #8732, .T. ) ;
#1819 = CARTESIAN_POINT ( 'NONE',  ( 18.45130514645865816, 0.4379267378903320407, -0.4945779538410318144 ) ) ;
#1820 = LINE ( 'NONE', #81, #3565 ) ;
#1821 = ORIENTED_EDGE ( 'NONE', *, *, #9928, .T. ) ;
#1822 = VECTOR ( 'NONE', #1489, 1000.000000000000114 ) ;
#1823 = EDGE_CURVE ( 'NONE', #5504, #448, #3398, .T. ) ;
#1824 = CARTESIAN_POINT ( 'NONE',  ( 4.599999999998543920, -0.3750000000000000000, 5.427376237343289667 ) ) ;
#1825 = CARTESIAN_POINT ( 'NONE',  ( 14.44745746608289494, 2.825000000000001510, -4.673159471226738582 ) ) ;
#1826 = CARTESIAN_POINT ( 'NONE',  ( 14.74999999999990763, 2.925000000000001599, -0.5915396985196733626 ) ) ;
#1827 = EDGE_CURVE ( 'NONE', #5629, #11043, #9083, .T. ) ;
#1828 = EDGE_CURVE ( 'NONE', #9128, #3382, #1797, .T. ) ;
#1829 = LINE ( 'NONE', #6002, #9541 ) ;
#1830 = ADVANCED_FACE ( 'NONE', ( #8286 ), #1357, .T. ) ;
#1831 = FACE_OUTER_BOUND ( 'NONE', #5728, .T. ) ;
#1832 = ORIENTED_EDGE ( 'NONE', *, *, #3755, .T. ) ;
#1833 = CARTESIAN_POINT ( 'NONE',  ( -1.120353428614623947, 1.866047144386237422, 5.718314386945658967 ) ) ;
#1834 = CIRCLE ( 'NONE', #7824, 0.2500999994441174823 ) ;
#1835 = VERTEX_POINT ( 'NONE', #6625 ) ;
#1836 = CARTESIAN_POINT ( 'NONE',  ( -1.449999998840635351, 1.859000000000005093, 21.00100000600096095 ) ) ;
#1837 = DIRECTION ( 'NONE',  ( 0.000000000000000000, -1.000000000000000000, 0.000000000000000000 ) ) ;
#1838 = B_SPLINE_CURVE_WITH_KNOTS ( 'NONE', 3,
 ( #3304, #5847, #1736, #8484, #5223, #9494 ),
 .UNSPECIFIED., .F., .F.,
 ( 4, 2, 4 ),
 ( 0.0003958898406006871110, 0.0006196551117392072854, 0.0008434203828777274599 ),
 .UNSPECIFIED. ) ;
#1839 = CARTESIAN_POINT ( 'NONE',  ( 14.99662370442570847, 0.3934278438802619182, -0.8047141199918041998 ) ) ;
#1840 = CARTESIAN_POINT ( 'NONE',  ( 10.13404525406332368, 2.825000000000001066, -2.429215482782403512 ) ) ;
#1841 = CARTESIAN_POINT ( 'NONE',  ( 8.399496755293627714, 2.825000000000001510, -4.326937219923570943 ) ) ;
#1842 = CARTESIAN_POINT ( 'NONE',  ( 14.97467983042102269, -0.7375002251765221395, 0.1585747380568732767 ) ) ;
#1843 = VECTOR ( 'NONE', #9231, 1000.000000000000000 ) ;
#1844 = DIRECTION ( 'NONE',  ( -7.084610675889280174E-15, 1.212737214708358339E-16, -1.000000000000000000 ) ) ;
#1845 = ORIENTED_EDGE ( 'NONE', *, *, #3266, .F. ) ;
#1847 = EDGE_CURVE ( 'NONE', #1071, #100, #6682, .T. ) ;
#1846 = ORIENTED_EDGE ( 'NONE', *, *, #1391, .T. ) ;
#1848 = VERTEX_POINT ( 'NONE', #2363 ) ;
#1849 = ORIENTED_EDGE ( 'NONE', *, *, #8859, .F. ) ;
#1850 = CIRCLE ( 'NONE', #8705, 0.4500000000000002887 ) ;
#1851 = EDGE_LOOP ( 'NONE', ( #8255, #8353, #7047, #6158 ) ) ;
#1852 = PLANE ( 'NONE',  #5424 ) ;
#1853 = CARTESIAN_POINT ( 'NONE',  ( -18.45140509807813345, 0.4454123484010240053, 0.4907050562564135299 ) ) ;
#1854 = CARTESIAN_POINT ( 'NONE',  ( -10.00000000000013323, 2.675000000000001599, -7.499999999999840128 ) ) ;
#1855 = DIRECTION ( 'NONE',  ( 1.703767317533126255E-17, -1.000000000000000000, -1.212737214708384717E-16 ) ) ;
#1856 = CARTESIAN_POINT ( 'NONE',  ( -18.50000000000000000, -0.06411771325255129217, 0.5389627792085447400 ) ) ;
#1857 = MANIFOLD_SURFACE_SHAPE_REPRESENTATION ( 'KPr-CAD-019-BP7-t', ( #1992, #8714 ), #363 ) ;
#1858 = EDGE_CURVE ( 'NONE', #10279, #8302, #10965, .T. ) ;
#1859 = DIRECTION ( 'NONE',  ( -0.7071067811865496822, -9.875400524329111862E-15, -0.7071067811865453523 ) ) ;
#1860 = FACE_OUTER_BOUND ( 'NONE', #4515, .T. ) ;
#1861 = AXIS2_PLACEMENT_3D ( 'NONE', #286, #7188, #4498 ) ;
#1862 = DIRECTION ( 'NONE',  ( -0.7576408402106085127, 0.000000000000000000, 0.6526717070970391443 ) ) ;
#1863 = ORIENTED_EDGE ( 'NONE', *, *, #2324, .T. ) ;
#1864 = ORIENTED_EDGE ( 'NONE', *, *, #10147, .T. ) ;
#1865 = ORIENTED_EDGE ( 'NONE', *, *, #8068, .F. ) ;
#1866 = VERTEX_POINT ( 'NONE', #7439 ) ;
#1867 = CARTESIAN_POINT ( 'NONE',  ( -14.99999999999999822, 0.2000000000000000111, 0.000000000000000000 ) ) ;
#1868 = CARTESIAN_POINT ( 'NONE',  ( -18.50000000000000355, -0.1965713497370421836, 0.3948117398770399911 ) ) ;
#1869 = AXIS2_PLACEMENT_3D ( 'NONE', #4783, #8190, #10672 ) ;
#1870 = CIRCLE ( 'NONE', #4657, 0.1099999999999998479 ) ;
#1871 = CARTESIAN_POINT ( 'NONE',  ( 1.597455154124163057, -0.8750000000000000000, 4.517429646614707472 ) ) ;
#1872 = VERTEX_POINT ( 'NONE', #2436 ) ;
#1873 = ORIENTED_EDGE ( 'NONE', *, *, #8789, .T. ) ;
#1874 = AXIS2_PLACEMENT_3D ( 'NONE', #8709, #9601, #10804 ) ;
#1875 = CARTESIAN_POINT ( 'NONE',  ( -2.200000000000040590, 1.925000000000000044, 6.800000000000107292 ) ) ;
#1876 = VERTEX_POINT ( 'NONE', #2319 ) ;
#1877 = DIRECTION ( 'NONE',  ( 1.000000000000000000, 0.000000000000000000, 0.000000000000000000 ) ) ;
#1878 = DIRECTION ( 'NONE',  ( 1.047444401652941269E-14, -1.000000000000000000, 3.491481338843170037E-15 ) ) ;
#1879 = CARTESIAN_POINT ( 'NONE',  ( 18.50000000000002487, -0.3644429154163604245, -0.2240099934797446790 ) ) ;
#1880 = DIRECTION ( 'NONE',  ( 1.703767317533126255E-17, -1.000000000000000000, -1.212737214708384717E-16 ) ) ;
#1881 = CARTESIAN_POINT ( 'NONE',  ( 14.98466589161030882, -0.6784904812874568147, -0.4712850322845282269 ) ) ;
#1882 = CARTESIAN_POINT ( 'NONE',  ( -16.75000000000000000, 0.3801383402170966930, -0.4706390865240332455 ) ) ;
#1883 = DIRECTION ( 'NONE',  ( -1.047444401652941269E-14, 1.000000000000000000, -3.491481338843170037E-15 ) ) ;
#1884 = AXIS2_PLACEMENT_3D ( 'NONE', #6674, #5116, #929 ) ;
#1885 = CARTESIAN_POINT ( 'NONE',  ( -15.18463543064158117, -0.5055847700599308547, 0.3770280258276227370 ) ) ;
#1886 = ORIENTED_EDGE ( 'NONE', *, *, #752, .T. ) ;
#1887 = EDGE_CURVE ( 'NONE', #7347, #7713, #10318, .T. ) ;
#1888 = DIRECTION ( 'NONE',  ( -1.000000000000000000, 0.000000000000000000, 9.637352644315579367E-15 ) ) ;
#1889 = EDGE_LOOP ( 'NONE', ( #5417, #7197, #6445, #5787 ) ) ;
#1890 = CARTESIAN_POINT ( 'NONE',  ( 15.00000000000000000, 0.3129999999999997784, -0.4500000000000001221 ) ) ;
#1891 = CARTESIAN_POINT ( 'NONE',  ( -14.99993907342249422, 0.2034904812874566982, -2.499999999999964917 ) ) ;
#1892 = ADVANCED_FACE ( 'NONE', ( #7105 ), #4832, .T. ) ;
#1893 = CARTESIAN_POINT ( 'NONE',  ( 12.72499999999986819, 1.925000000000001821, -6.274999999999997691 ) ) ;
#1894 = AXIS2_PLACEMENT_3D ( 'NONE', #285, #3791, #7242 ) ;
#1895 = CARTESIAN_POINT ( 'NONE',  ( 0.7999999999985440979, -0.3749999999999999445, 6.617177293032020735 ) ) ;
#1896 = ADVANCED_FACE ( 'NONE', ( #8831 ), #3259, .T. ) ;
#1897 = DIRECTION ( 'NONE',  ( 0.000000000000000000, 0.000000000000000000, -1.000000000000000000 ) ) ;
#1898 = DIRECTION ( 'NONE',  ( 0.000000000000000000, 0.000000000000000000, -1.000000000000000000 ) ) ;
#1899 = ORIENTED_EDGE ( 'NONE', *, *, #10817, .T. ) ;
#1900 = CC_DESIGN_APPROVAL ( #10792, ( #1089 ) ) ;
#1901 = CARTESIAN_POINT ( 'NONE',  ( -0.6830000000000000515, 0.2000000000000000944, -7.543252277351548685 ) ) ;
#1902 = CARTESIAN_POINT ( 'NONE',  ( 0.6510416678259960399, 1.859000000000011532, 16.50100000600095029 ) ) ;
#1903 = VERTEX_POINT ( 'NONE', #6505 ) ;
#1904 = EDGE_LOOP ( 'NONE', ( #7113, #5250, #470, #2275, #7920, #7505, #1642, #5120, #4242, #2964, #706, #8035, #2131, #10110, #10708, #5818 ) ) ;
#1905 = CARTESIAN_POINT ( 'NONE',  ( -15.19990861245377367, 0.2055847700599307826, -0.7999805062271065914 ) ) ;
#1906 = VERTEX_POINT ( 'NONE', #3232 ) ;
#1907 = FACE_OUTER_BOUND ( 'NONE', #3684, .T. ) ;
#1908 = DIRECTION ( 'NONE',  ( -1.047444401652941269E-14, 1.000000000000000000, -3.491481338843170037E-15 ) ) ;
#1909 = EDGE_CURVE ( 'NONE', #3886, #520, #4712, .T. ) ;
#1910 = B_SPLINE_CURVE_WITH_KNOTS ( 'NONE', 3,
 ( #9135, #763, #1571, #7501, #2426, #2462, #8358, #9206, #10091, #3332, #5045, #6067 ),
 .UNSPECIFIED., .F., .F.,
 ( 4, 2, 2, 2, 2, 4 ),
 ( 0.000000000000000000, 0.0003280424409210539144, 0.0006560848818421078288, 0.0008201061023026348130, 0.0009841273227631616889, 0.001312169763684215874 ),
 .UNSPECIFIED. ) ;
#1911 = CARTESIAN_POINT ( 'NONE',  ( 3.125000001159366825, 1.605000000000055493, 21.50000000600094907 ) ) ;
#1912 = VERTEX_POINT ( 'NONE', #4184 ) ;
#1913 = EDGE_CURVE ( 'NONE', #2895, #4141, #2997, .T. ) ;
#1914 = LINE ( 'NONE', #6177, #4049 ) ;
#1915 = EDGE_CURVE ( 'NONE', #2945, #2850, #7773, .T. ) ;
#1916 = CARTESIAN_POINT ( 'NONE',  ( 0.7999999999985443200, -0.3750000000000000000, 4.699999999999997513 ) ) ;
#1917 = FACE_OUTER_BOUND ( 'NONE', #3154, .T. ) ;
#1918 = DIRECTION ( 'NONE',  ( 1.047444401652941269E-14, -1.000000000000000000, 3.491481338843170037E-15 ) ) ;
#1919 = CARTESIAN_POINT ( 'NONE',  ( 3.125021300494541077, 1.904000000000038550, 16.65000000600094765 ) ) ;
#1920 = EDGE_LOOP ( 'NONE', ( #4895, #8207, #3064, #4394 ) ) ;
#1921 = CARTESIAN_POINT ( 'NONE',  ( -13.21716333698694967, 1.925000000000001377, -5.990849364905205476 ) ) ;
#1922 = ORIENTED_EDGE ( 'NONE', *, *, #8048, .T. ) ;
#1923 = CARTESIAN_POINT ( 'NONE',  ( 0.3299999999999982392, 0.2000000000000000944, -7.293252277351547797 ) ) ;
#1924 = CARTESIAN_POINT ( 'NONE',  ( -18.50000000000000000, -0.07121550018489250511, -0.5352844436880290768 ) ) ;
#1925 = AXIS2_PLACEMENT_3D ( 'NONE', #8568, #9438, #4361 ) ;
#1926 = LINE ( 'NONE', #5363, #821 ) ;
#1927 = CIRCLE ( 'NONE', #8684, 0.05999999999999929001 ) ;
#1928 = EDGE_CURVE ( 'NONE', #2320, #1727, #979, .T. ) ;
#1929 = ORIENTED_EDGE ( 'NONE', *, *, #226, .T. ) ;
#1930 = AXIS2_PLACEMENT_3D ( 'NONE', #3802, #7912, #338 ) ;
#1931 = ORIENTED_EDGE ( 'NONE', *, *, #4443, .F. ) ;
#1932 = CARTESIAN_POINT ( 'NONE',  ( -0.6510416655073437697, 1.858999999999997765, 16.50100000600095740 ) ) ;
#1933 = DIRECTION ( 'NONE',  ( -1.000000000000000000, -1.301042606982605321E-16, 0.000000000000000000 ) ) ;
#1934 = EDGE_LOOP ( 'NONE', ( #6371, #96, #3752, #1832 ) ) ;
#1935 = DIRECTION ( 'NONE',  ( 6.737665980693918755E-15, -1.212737214708358339E-16, 1.000000000000000000 ) ) ;
#1936 = FACE_OUTER_BOUND ( 'NONE', #9955, .T. ) ;
#1937 = ADVANCED_FACE ( 'NONE', ( #425 ), #836, .T. ) ;
#1938 = TOROIDAL_SURFACE ( 'NONE', #1930, 4.784696352579026701, 0.2000000000000000111 ) ;
#1939 = ADVANCED_FACE ( 'NONE', ( #685 ), #9498, .T. ) ;
#1940 = EDGE_LOOP ( 'NONE', ( #5830 ) ) ;
#1941 = CARTESIAN_POINT ( 'NONE',  ( -14.99370596917447607, -0.1605847844968996685, 0.9483852654011444283 ) ) ;
#1942 = ORIENTED_EDGE ( 'NONE', *, *, #1196, .T. ) ;
#1943 = DIRECTION ( 'NONE',  ( -1.047444401652941269E-14, 1.000000000000000000, -3.491481338843170037E-15 ) ) ;
#1944 = ORIENTED_EDGE ( 'NONE', *, *, #10096, .T. ) ;
#1945 = EDGE_CURVE ( 'NONE', #5362, #2786, #4058, .T. ) ;
#1946 = CARTESIAN_POINT ( 'NONE',  ( -18.44993974253575786, -0.04860289564859408135, 0.4906877741993693753 ) ) ;
#1947 = CARTESIAN_POINT ( 'NONE',  ( -15.18395522482909499, -0.5367556695535540268, -0.3186936038612699917 ) ) ;
#1948 = LINE ( 'NONE', #7237, #6998 ) ;
#1949 = CIRCLE ( 'NONE', #4133, 0.5000000060009779368 ) ;
#1950 = FACE_OUTER_BOUND ( 'NONE', #9966, .T. ) ;
#1951 = CARTESIAN_POINT ( 'NONE',  ( -18.49236462410580017, -0.05920551013363047066, 0.5115978633327650238 ) ) ;
#1952 = DIRECTION ( 'NONE',  ( -3.491481338843084446E-15, -3.491481338843206719E-15, -1.000000000000000000 ) ) ;
#1953 = CARTESIAN_POINT ( 'NONE',  ( 13.11022304477716993, 1.925000000000001821, -6.019702350770939958 ) ) ;
#1954 = VECTOR ( 'NONE', #10293, 1000.000000000000000 ) ;
#1955 = CARTESIAN_POINT ( 'NONE',  ( -13.19216333698694932, 1.925000000000001377, -5.465849364905205121 ) ) ;
#1956 = ORIENTED_EDGE ( 'NONE', *, *, #4520, .F. ) ;
#1957 = DIRECTION ( 'NONE',  ( -1.703767317533126255E-17, 1.000000000000000000, 1.212737214708384717E-16 ) ) ;
#1958 = EDGE_LOOP ( 'NONE', ( #8522 ) ) ;
#1959 = CARTESIAN_POINT ( 'NONE',  ( -1.120353428614623947, 1.866047144386237422, 5.718314386945658967 ) ) ;
#1960 = CIRCLE ( 'NONE', #3500, 1.753994140719112638 ) ;
#1961 = EDGE_CURVE ( 'NONE', #8599, #10081, #7222, .T. ) ;
#1962 = DIRECTION ( 'NONE',  ( 0.5000000000000064393, -9.650728701756077070E-17, 0.8660254037844349329 ) ) ;
#1963 = CARTESIAN_POINT ( 'NONE',  ( -6.000000000000063949, 2.925000000000000711, 0.3000000000001300515 ) ) ;
#1964 = CARTESIAN_POINT ( 'NONE',  ( 1.450021300494499954, 1.903999999999978154, 4.426778864538197134 ) ) ;
#1965 = VECTOR ( 'NONE', #3539, 1000.000000000000000 ) ;
#1966 = LINE ( 'NONE', #10911, #587 ) ;
#1967 = EDGE_CURVE ( 'NONE', #3594, #8288, #1518, .T. ) ;
#1968 = DIRECTION ( 'NONE',  ( 1.000000000000000000, -0.000000000000000000, -0.000000000000000000 ) ) ;
#1969 = ORIENTED_EDGE ( 'NONE', *, *, #3266, .T. ) ;
#1970 = ORIENTED_EDGE ( 'NONE', *, *, #5394, .F. ) ;
#1971 = CARTESIAN_POINT ( 'NONE',  ( 14.99999999999992895, 1.925000000000000933, 2.499999999999982236 ) ) ;
#1972 = CYLINDRICAL_SURFACE ( 'NONE', #6326, 0.06000000000000015737 ) ;
#1973 = CARTESIAN_POINT ( 'NONE',  ( 3.598499999999960064, 1.925000000000000044, 6.865269726311635345 ) ) ;
#1974 = ORIENTED_EDGE ( 'NONE', *, *, #7440, .F. ) ;
#1975 = DIRECTION ( 'NONE',  ( -1.000000000000000000, 0.000000000000000000, 6.663069862790423917E-15 ) ) ;
#1976 = EDGE_CURVE ( 'NONE', #3502, #7976, #9212, .T. ) ;
#1977 = CARTESIAN_POINT ( 'NONE',  ( 12.28283666301307697, 1.925000000000000488, 5.509150635094616000 ) ) ;
#1978 = FACE_OUTER_BOUND ( 'NONE', #3547, .T. ) ;
#1979 = CARTESIAN_POINT ( 'NONE',  ( -15.18463543064158117, -0.6819809625749134741, 0.4712850322845281159 ) ) ;
#1980 = ORIENTED_EDGE ( 'NONE', *, *, #9650, .F. ) ;
#1981 = CONICAL_SURFACE ( 'NONE', #680, 5.000000000000000000, 0.01745329251994333364 ) ;
#1982 = ORIENTED_EDGE ( 'NONE', *, *, #1887, .T. ) ;
#1983 = ORIENTED_EDGE ( 'NONE', *, *, #4338, .T. ) ;
#1984 = B_SPLINE_CURVE_WITH_KNOTS ( 'NONE', 3,
 ( #6337, #2940, #5409, #1206, #7938, #9760, #7981, #4560, #2861, #8075 ),
 .UNSPECIFIED., .F., .F.,
 ( 4, 2, 2, 2, 4 ),
 ( 0.000000000000000000, 0.2500000000000000000, 0.5000000000000000000, 0.7500000000000000000, 1.000000000000000000 ),
 .UNSPECIFIED. ) ;
#1985 = DIRECTION ( 'NONE',  ( -1.000000000000000000, -1.048376361538438029E-14, 3.491481338716447816E-15 ) ) ;
#1986 = EDGE_CURVE ( 'NONE', #8569, #3450, #5388, .T. ) ;
#1987 = ORIENTED_EDGE ( 'NONE', *, *, #7852, .T. ) ;
#1988 = CARTESIAN_POINT ( 'NONE',  ( -14.98432573729273010, -0.6979779090899534966, 0.3983459560423173729 ) ) ;
#1989 = CARTESIAN_POINT ( 'NONE',  ( 0.8053132441754659032, -0.6793955550454129355, 4.635523015328048224 ) ) ;
#1990 = CARTESIAN_POINT ( 'NONE',  ( -2.200000000000040590, 1.925000000000000044, 6.800000000000107292 ) ) ;
#1991 = EDGE_CURVE ( 'NONE', #5387, #10095, #3805, .T. ) ;
#1992 = SHELL_BASED_SURFACE_MODEL ( 'NONE', ( #9809, #7835, #7084, #3982, #2719, #2770, #3605, #4116 ) );
#1993 = EDGE_CURVE ( 'NONE', #4395, #10768, #551, .T. ) ;
#1994 = LINE ( 'NONE', #7782, #8219 ) ;
#1995 = CARTESIAN_POINT ( 'NONE',  ( -18.44993974253575786, -0.04860289564859408135, 0.4906877741993693753 ) ) ;
#1996 = ORIENTED_EDGE ( 'NONE', *, *, #9123, .T. ) ;
#1997 = ORIENTED_EDGE ( 'NONE', *, *, #903, .F. ) ;
#1998 = CARTESIAN_POINT ( 'NONE',  ( 18.50000000000000000, 0.4680112349276593364, 0.5352864521156801558 ) ) ;
#1999 = ORIENTED_EDGE ( 'NONE', *, *, #2675, .F. ) ;
#2000 = CARTESIAN_POINT ( 'NONE',  ( -12.77500000000012292, 1.925000000000001377, -6.274999999999813838 ) ) ;
#2001 = DIRECTION ( 'NONE',  ( 0.000000000000000000, 0.000000000000000000, 1.000000000000000000 ) ) ;
#2002 = ADVANCED_FACE ( 'NONE', ( #3130 ), #10448, .T. ) ;
#2003 = EDGE_CURVE ( 'NONE', #4731, #8399, #6836, .T. ) ;
#2004 = DIRECTION ( 'NONE',  ( 1.703767317533126255E-17, -1.000000000000000000, -1.212737214708384717E-16 ) ) ;
#2005 = VERTEX_POINT ( 'NONE', #1955 ) ;
#2006 = CARTESIAN_POINT ( 'NONE',  ( 0.8676893682495944171, -0.8149999999999999467, 6.507728967510386653 ) ) ;
#2007 = AXIS2_PLACEMENT_3D ( 'NONE', #10689, #531, #4796 ) ;
#2008 = DIRECTION ( 'NONE',  ( -1.000000000000000000, -1.703767317532268061E-17, 6.911138328291599464E-15 ) ) ;
#2009 = VECTOR ( 'NONE', #389, 1000.000000000000000 ) ;
#2010 = EDGE_LOOP ( 'NONE', ( #5826, #6750, #4576, #9089, #7899, #4820, #9789, #6618, #10464, #4642, #9582, #9819, #8641, #5077 ) ) ;
#2011 = VERTEX_POINT ( 'NONE', #10412 ) ;
#2012 = DIRECTION ( 'NONE',  ( -7.084610675889280174E-15, 1.212737214708358339E-16, -1.000000000000000000 ) ) ;
#2013 = CARTESIAN_POINT ( 'NONE',  ( 0.9999999999998673283, 1.925000000000001821, -6.799999999999916334 ) ) ;
#2014 = AXIS2_PLACEMENT_3D ( 'NONE', #9636, #9572, #8812 ) ;
#2015 = CARTESIAN_POINT ( 'NONE',  ( -12.30783666301316792, 1.925000000000000044, 5.465849364905563057 ) ) ;
#2016 = DIRECTION ( 'NONE',  ( -0.01744974916068272111, 0.9996954598818874604, -0.01744974916068272111 ) ) ;
#2017 = VERTEX_POINT ( 'NONE', #7864 ) ;
#2018 = CARTESIAN_POINT ( 'NONE',  ( -1.203102554956370973, 1.925000000000000266, 7.410928122779431249 ) ) ;
#2019 = EDGE_CURVE ( 'NONE', #6815, #8273, #10779, .T. ) ;
#2020 = AXIS2_PLACEMENT_3D ( 'NONE', #9213, #6800, #5904 ) ;
#2021 = ORIENTED_EDGE ( 'NONE', *, *, #4236, .T. ) ;
#2022 = DIRECTION ( 'NONE',  ( -0.000000000000000000, -0.000000000000000000, -1.000000000000000000 ) ) ;
#2023 = CARTESIAN_POINT ( 'NONE',  ( 1.577829700339155261, -0.5178893471247039137, 4.455044812713714997 ) ) ;
#2024 = DIRECTION ( 'NONE',  ( -0.7071067811865451302, -4.937700262164478622E-15, 0.7071067811865500152 ) ) ;
#2025 = LINE ( 'NONE', #5762, #5995 ) ;
#2026 = EDGE_CURVE ( 'NONE', #4411, #8995, #4590, .T. ) ;
#2027 = DIRECTION ( 'NONE',  ( 1.703767317533126255E-17, -1.000000000000000000, -1.212737214708384717E-16 ) ) ;
#2028 = ORIENTED_EDGE ( 'NONE', *, *, #9195, .F. ) ;
#2029 = AXIS2_PLACEMENT_3D ( 'NONE', #8217, #3964, #9059 ) ;
#2030 = EDGE_LOOP ( 'NONE', ( #4146, #2530, #4656, #9546, #3350 ) ) ;
#2031 = DIRECTION ( 'NONE',  ( 0.000000000000000000, 0.000000000000000000, -1.000000000000000000 ) ) ;
#2032 = CARTESIAN_POINT ( 'NONE',  ( 18.50000000000000355, -0.3127002083951693767, 0.2242401429016330494 ) ) ;
#2033 = CARTESIAN_POINT ( 'NONE',  ( -0.9999999988406678142, 1.704999999999978311, 11.75000000600095973 ) ) ;
#2034 = CYLINDRICAL_SURFACE ( 'NONE', #7476, 0.1000000000000000333 ) ;
#2035 = CARTESIAN_POINT ( 'NONE',  ( -3.124999998840666038, 1.604999999999955795, 11.75000000600096683 ) ) ;
#2036 = EDGE_CURVE ( 'NONE', #9024, #5376, #2738, .T. ) ;
#2037 = ORIENTED_EDGE ( 'NONE', *, *, #6573, .T. ) ;
#2038 = EDGE_CURVE ( 'NONE', #1812, #1473, #4333, .T. ) ;
#2039 = CARTESIAN_POINT ( 'NONE',  ( 18.50000000000000000, -0.05022168978694734748, -0.4897958516738468160 ) ) ;
#2040 = VERTEX_POINT ( 'NONE', #7009 ) ;
#2041 = FACE_OUTER_BOUND ( 'NONE', #8293, .T. ) ;
#2042 = CARTESIAN_POINT ( 'NONE',  ( -1.020964003881108084, 0.7000000007604668673, 7.491272467522606782 ) ) ;
#2043 = CIRCLE ( 'NONE', #8902, 4.267689368251049054 ) ;
#2044 = CARTESIAN_POINT ( 'NONE',  ( 4.592301493456877992, -0.8160471443862370444, 5.433504217327678631 ) ) ;
#2045 = ADVANCED_FACE ( 'NONE', ( #2315 ), #10829, .T. ) ;
#2046 = VERTEX_POINT ( 'NONE', #8748 ) ;
#2047 = VERTEX_POINT ( 'NONE', #10377 ) ;
#2048 = DIRECTION ( 'NONE',  ( 1.047444401652941269E-14, -1.000000000000000000, 3.491481338843170037E-15 ) ) ;
#2049 = EDGE_CURVE ( 'NONE', #5190, #6368, #1508, .T. ) ;
#2050 = VECTOR ( 'NONE', #5044, 1000.000000000000000 ) ;
#2051 = CARTESIAN_POINT ( 'NONE',  ( 0.8024941428301550772, -0.5178893471246163172, 5.429359949608967284 ) ) ;
#2052 = LINE ( 'NONE', #6125, #10305 ) ;
#2053 = DIRECTION ( 'NONE',  ( -0.000000000000000000, -1.000000000000000000, 0.000000000000000000 ) ) ;
#2054 = CARTESIAN_POINT ( 'NONE',  ( 18.50000000000002487, -0.2478181458070216336, -0.4124959475786065255 ) ) ;
#2055 = ORIENTED_EDGE ( 'NONE', *, *, #4633, .F. ) ;
#2056 = EDGE_CURVE ( 'NONE', #10900, #9838, #3122, .T. ) ;
#2057 = ORIENTED_EDGE ( 'NONE', *, *, #2296, .F. ) ;
#2058 = EDGE_CURVE ( 'NONE', #5717, #2712, #2052, .T. ) ;
#2059 = LINE ( 'NONE', #9770, #4831 ) ;
#2060 = CARTESIAN_POINT ( 'NONE',  ( -1.449999998840634907, 1.824000000000005173, 21.00100000600096095 ) ) ;
#2061 = VECTOR ( 'NONE', #6148, 1000.000000000000114 ) ;
#2062 = CARTESIAN_POINT ( 'NONE',  ( 15.00000000000000000, -0.1400000000000001243, -0.3750000000000001110 ) ) ;
#2063 = DIRECTION ( 'NONE',  ( -1.000000000000000000, -1.301042606982605321E-16, 0.000000000000000000 ) ) ;
#2064 = ORIENTED_EDGE ( 'NONE', *, *, #7421, .F. ) ;
#2065 = CARTESIAN_POINT ( 'NONE',  ( -3.124999998840650495, 1.823999999999972976, 16.65000000600096897 ) ) ;
#2066 = VERTEX_POINT ( 'NONE', #1083 ) ;
#2067 = DIRECTION ( 'NONE',  ( 1.000000000000000000, 1.047444401652940007E-14, -3.491481338843121128E-15 ) ) ;
#2068 = AXIS2_PLACEMENT_3D ( 'NONE', #6103, #7766, #6139 ) ;
#2069 = ORIENTED_EDGE ( 'NONE', *, *, #4915, .T. ) ;
#2070 = LINE ( 'NONE', #4951, #2612 ) ;
#2071 = PLANE ( 'NONE',  #9921 ) ;
#2072 = CIRCLE ( 'NONE', #983, 0.09999999999999939493 ) ;
#2073 = AXIS2_PLACEMENT_3D ( 'NONE', #4660, #8017, #1985 ) ;
#2074 = EDGE_LOOP ( 'NONE', ( #4749, #9431, #7217, #2234 ) ) ;
#2075 = CARTESIAN_POINT ( 'NONE',  ( 0.5578366630130324744, 1.925000000000001821, -7.084150635094526471 ) ) ;
#2076 = EDGE_LOOP ( 'NONE', ( #10368 ) ) ;
#2077 = CIRCLE ( 'NONE', #4070, 6.891903301057273445 ) ;
#2078 = AXIS2_PLACEMENT_3D ( 'NONE', #6136, #10423, #1935 ) ;
#2079 = ORIENTED_EDGE ( 'NONE', *, *, #11003, .F. ) ;
#2080 = CIRCLE ( 'NONE', #10623, 0.4500000000000010658 ) ;
#2081 = ORIENTED_EDGE ( 'NONE', *, *, #33, .F. ) ;
#2082 = CIRCLE ( 'NONE', #4196, 0.1999999999999999833 ) ;
#2083 = CARTESIAN_POINT ( 'NONE',  ( -0.8860207152530698016, 1.125000000000000222, 7.500000000000092371 ) ) ;
#2084 = EDGE_CURVE ( 'NONE', #3877, #10956, #8429, .T. ) ;
#2085 = DIRECTION ( 'NONE',  ( 1.703767317533126255E-17, -1.000000000000000000, -1.212737214708384717E-16 ) ) ;
#2086 = CARTESIAN_POINT ( 'NONE',  ( 14.98466589161030882, -0.6784904812874568147, 0.4712850322845280049 ) ) ;
#2087 = DIRECTION ( 'NONE',  ( 0.01744974916068272111, -0.9996954598818874604, 0.01744974916068272111 ) ) ;
#2088 = DIRECTION ( 'NONE',  ( -1.703767317533126255E-17, 1.000000000000000000, 1.212737214708384717E-16 ) ) ;
#2089 = AXIS2_PLACEMENT_3D ( 'NONE', #3200, #9029, #1468 ) ;
#2090 = CARTESIAN_POINT ( 'NONE',  ( -3.124999998840654047, 1.903999999999970827, 16.00000000600096683 ) ) ;
#2091 = LINE ( 'NONE', #1534, #2636 ) ;
#2092 = FACE_BOUND ( 'NONE', #5707, .T. ) ;
#2093 = VECTOR ( 'NONE', #7309, 1000.000000000000000 ) ;
#2094 = VERTEX_POINT ( 'NONE', #10481 ) ;
#2095 = LINE ( 'NONE', #61, #2769 ) ;
#2096 = ORIENTED_EDGE ( 'NONE', *, *, #2138, .T. ) ;
#2097 = FACE_BOUND ( 'NONE', #3435, .T. ) ;
#2098 = CARTESIAN_POINT ( 'NONE',  ( -18.46121011974900483, -0.04903401645897857708, 0.4915372272393366271 ) ) ;
#2099 = CARTESIAN_POINT ( 'NONE',  ( 14.98777005773783522, -0.5006529229460385810, -0.8040970889874923255 ) ) ;
#2100 = DIRECTION ( 'NONE',  ( -1.000000000000000000, -1.047444401652940007E-14, 3.491481338843121522E-15 ) ) ;
#2101 = ADVANCED_FACE ( 'NONE', ( #2589 ), #3941, .F. ) ;
#2102 = CARTESIAN_POINT ( 'NONE',  ( 0.6000304609672660883, -0.3750000000000000000, 6.699999999999997513 ) ) ;
#2103 = DIRECTION ( 'NONE',  ( -0.01745240643728410493, -0.9998476951563912696, 4.534872315396667706E-16 ) ) ;
#2104 = CIRCLE ( 'NONE', #9913, 4.910928177211881795 ) ;
#2105 = CARTESIAN_POINT ( 'NONE',  ( -0.3474999988406569651, 1.858999999999998431, 15.78258659774595785 ) ) ;
#2106 = ORIENTED_EDGE ( 'NONE', *, *, #7403, .F. ) ;
#2107 = VERTEX_POINT ( 'NONE', #1202 ) ;
#2108 = ORIENTED_EDGE ( 'NONE', *, *, #3683, .T. ) ;
#2109 = ORIENTED_EDGE ( 'NONE', *, *, #8361, .T. ) ;
#2110 = CIRCLE ( 'NONE', #3175, 0.1999999999999996503 ) ;
#2111 = VERTEX_POINT ( 'NONE', #6293 ) ;
#2112 = CARTESIAN_POINT ( 'NONE',  ( -10.00000000000003020, 1.924999999999999822, 7.500000000000158096 ) ) ;
#2113 = CARTESIAN_POINT ( 'NONE',  ( 14.99999999999999822, 0.2374999999999992395, -0.4500000000000000666 ) ) ;
#2114 = DIRECTION ( 'NONE',  ( 0.000000000000000000, -0.9998476951563911586, -0.01745240643728354635 ) ) ;
#2115 = VECTOR ( 'NONE', #53, 1000.000000000000114 ) ;
#2116 = ORIENTED_EDGE ( 'NONE', *, *, #5600, .T. ) ;
#2117 = EDGE_CURVE ( 'NONE', #8614, #7627, #9360, .T. ) ;
#2118 = ORIENTED_EDGE ( 'NONE', *, *, #10848, .F. ) ;
#2119 = VERTEX_POINT ( 'NONE', #7095 ) ;
#2120 = ORIENTED_EDGE ( 'NONE', *, *, #10613, .T. ) ;
#2121 = DIRECTION ( 'NONE',  ( 0.000000000000000000, 0.000000000000000000, -1.000000000000000000 ) ) ;
#2122 = EDGE_CURVE ( 'NONE', #1801, #7762, #7339, .T. ) ;
#2123 = CARTESIAN_POINT ( 'NONE',  ( 7.271929870468204271, 2.825000000000001066, -1.816953206948172639 ) ) ;
#2124 = LINE ( 'NONE', #1140, #9564 ) ;
#2125 = CARTESIAN_POINT ( 'NONE',  ( 3.125000001159363716, 1.705000000000055360, 21.50000000600094552 ) ) ;
#2126 = EDGE_CURVE ( 'NONE', #5574, #3819, #4321, .T. ) ;
#2127 = DIRECTION ( 'NONE',  ( -0.9995797955546449343, 0.02648124480421070251, 0.01178880793607303690 ) ) ;
#2128 = CARTESIAN_POINT ( 'NONE',  ( 18.45096235701306853, 0.1063698535660634603, 0.5675446470815593836 ) ) ;
#2129 = CARTESIAN_POINT ( 'NONE',  ( -9.999999999999998224, -0.3750000000000000000, -6.699999999999998401 ) ) ;
#2130 = VERTEX_POINT ( 'NONE', #350 ) ;
#2131 = ORIENTED_EDGE ( 'NONE', *, *, #9645, .F. ) ;
#2132 = CARTESIAN_POINT ( 'NONE',  ( 9.502000075373663535, 2.925000000000001599, -2.938336794585587164 ) ) ;
#2133 = ORIENTED_EDGE ( 'NONE', *, *, #7811, .F. ) ;
#2134 = AXIS2_PLACEMENT_3D ( 'NONE', #5273, #7720, #5311 ) ;
#2135 = CARTESIAN_POINT ( 'NONE',  ( 3.910000000000000142, 0.6999999999999999556, 6.269900211201118623 ) ) ;
#2136 = DIRECTION ( 'NONE',  ( -0.7071067811865496822, -9.875400524329111862E-15, -0.7071067811865453523 ) ) ;
#2137 = CARTESIAN_POINT ( 'NONE',  ( 12.74999999999987210, 1.925000000000001821, -5.749999999999997335 ) ) ;
#2138 = EDGE_CURVE ( 'NONE', #5315, #995, #5625, .T. ) ;
#2139 = CARTESIAN_POINT ( 'NONE',  ( 1.450000001159305274, 1.704999999999978311, 4.426800006000948251 ) ) ;
#2140 = CARTESIAN_POINT ( 'NONE',  ( -2.271273488139907482, 1.858999999999980224, 16.34740208388418026 ) ) ;
#2141 = AXIS2_PLACEMENT_3D ( 'NONE', #9247, #885, #9411 ) ;
#2142 = DIRECTION ( 'NONE',  ( 0.9647638212377321887, -0.000000000000000000, 0.2631174057921090714 ) ) ;
#2143 = ORIENTED_EDGE ( 'NONE', *, *, #8629, .T. ) ;
#2144 = CARTESIAN_POINT ( 'NONE',  ( -0.9999999988406591545, 1.704999999999985638, 13.87500000600095795 ) ) ;
#2145 = AXIS2_PLACEMENT_3D ( 'NONE', #8247, #3185, #6642 ) ;
#2146 = CARTESIAN_POINT ( 'NONE',  ( 15.14734526322895114, 0.2000000000000102529, -0.8000000000000001554 ) ) ;
#2147 = DIRECTION ( 'NONE',  ( -1.000000000000000000, 0.000000000000000000, 0.000000000000000000 ) ) ;
#2148 = CARTESIAN_POINT ( 'NONE',  ( 7.271929870468187396, 2.825000000000001510, -4.327032419940897157 ) ) ;
#2149 = CARTESIAN_POINT ( 'NONE',  ( 18.45140509807813345, 0.4454123484010240053, 0.4907050562564135299 ) ) ;
#2150 = ORIENTED_EDGE ( 'NONE', *, *, #9911, .F. ) ;
#2151 = EDGE_CURVE ( 'NONE', #10822, #2910, #8021, .T. ) ;
#2152 = ORIENTED_EDGE ( 'NONE', *, *, #10393, .T. ) ;
#2153 = AXIS2_PLACEMENT_3D ( 'NONE', #1370, #4693, #2231 ) ;
#2154 = CARTESIAN_POINT ( 'NONE',  ( -1.061606851543178687, 0.2000000000000000111, -7.500000000000000000 ) ) ;
#2155 = CARTESIAN_POINT ( 'NONE',  ( -14.99997160315318112, 0.1993066953486236637, 0.7999983623287596490 ) ) ;
#2156 = ORIENTED_EDGE ( 'NONE', *, *, #9195, .T. ) ;
#2157 = AXIS2_PLACEMENT_3D ( 'NONE', #6544, #4703, #1466 ) ;
#2158 = CARTESIAN_POINT ( 'NONE',  ( 4.599999999998547473, -0.3749999999999999445, 5.201308203526488150 ) ) ;
#2159 = EDGE_CURVE ( 'NONE', #5035, #8208, #8822, .T. ) ;
#2160 = VECTOR ( 'NONE', #5821, 1000.000000000000000 ) ;
#2161 = CARTESIAN_POINT ( 'NONE',  ( 0.6525000011593071747, 1.858999999999966679, 3.628500006000952904 ) ) ;
#2162 = CARTESIAN_POINT ( 'NONE',  ( -18.44993974253575786, -0.04860289564859408135, 0.4906877741993693753 ) ) ;
#2163 = CARTESIAN_POINT ( 'NONE',  ( 18.50000000000000000, 0.2000000000000001499, -0.7500000000000000000 ) ) ;
#2164 = VERTEX_POINT ( 'NONE', #7174 ) ;
#2165 = CARTESIAN_POINT ( 'NONE',  ( 10.24839714252345679, 2.925000000000001599, -2.920207975437159931 ) ) ;
#2166 = DIRECTION ( 'NONE',  ( 0.000000000000000000, 0.000000000000000000, 1.000000000000000000 ) ) ;
#2167 = DIRECTION ( 'NONE',  ( 0.000000000000000000, -1.000000000000000000, 0.000000000000000000 ) ) ;
#2168 = EDGE_CURVE ( 'NONE', #3305, #1644, #10025, .T. ) ;
#2169 = FACE_OUTER_BOUND ( 'NONE', #1185, .T. ) ;
#2170 = FACE_OUTER_BOUND ( 'NONE', #5028, .T. ) ;
#2171 = EDGE_CURVE ( 'NONE', #10320, #8126, #8151, .T. ) ;
#2172 = CARTESIAN_POINT ( 'NONE',  ( 10.62956691995227665, 2.925000000000001599, -4.326701196039034691 ) ) ;
#2173 = ORIENTED_EDGE ( 'NONE', *, *, #10065, .F. ) ;
#2174 = CARTESIAN_POINT ( 'NONE',  ( 1.098269726311534189, 1.925000000000000044, 7.400000000000081180 ) ) ;
#2175 = EDGE_LOOP ( 'NONE', ( #9611, #2768, #459, #1756 ) ) ;
#2176 = CARTESIAN_POINT ( 'NONE',  ( 4.592061564441600297, -0.8297926684655988483, 4.637186379945449133 ) ) ;
#2177 = DIRECTION ( 'NONE',  ( -3.491481338843084446E-15, -3.491481338843206719E-15, -1.000000000000000000 ) ) ;
#2178 = VECTOR ( 'NONE', #3533, 1000.000000000000000 ) ;
#2179 = EDGE_CURVE ( 'NONE', #10445, #9209, #10702, .T. ) ;
#2180 =( BOUNDED_CURVE ( )  B_SPLINE_CURVE ( 3, ( #4319, #9437, #6701, #2525 ),
 .UNSPECIFIED., .F., .F. ) 
 B_SPLINE_CURVE_WITH_KNOTS ( ( 4, 4 ),
 ( 5.497939437029717880, 7.068431177329451920 ),
 .UNSPECIFIED. ) 
 CURVE ( )  GEOMETRIC_REPRESENTATION_ITEM ( )  RATIONAL_B_SPLINE_CURVE ( ( 1.000000000000000000, 0.8048096403827857959, 0.8048096403827857959, 1.000000000000000000 ) ) 
 REPRESENTATION_ITEM ( '' )  );
#2181 = VERTEX_POINT ( 'NONE', #7882 ) ;
#2182 = ORIENTED_EDGE ( 'NONE', *, *, #2003, .F. ) ;
#2183 = CARTESIAN_POINT ( 'NONE',  ( 17.24999999999999645, 0.2000000000000001499, 0.000000000000000000 ) ) ;
#2184 = EDGE_CURVE ( 'NONE', #6697, #57, #5501, .T. ) ;
#2185 = ORIENTED_EDGE ( 'NONE', *, *, #4322, .F. ) ;
#2186 = CARTESIAN_POINT ( 'NONE',  ( -14.99997155666528847, 0.2007014471456855798, 0.7999983993609338651 ) ) ;
#2187 = VECTOR ( 'NONE', #2177, 1000.000000000000000 ) ;
#2188 = LINE ( 'NONE', #6900, #3937 ) ;
#2189 = DIRECTION ( 'NONE',  ( 1.000000000000000000, 1.047444401652940007E-14, -3.491481338843121128E-15 ) ) ;
#2190 = EDGE_CURVE ( 'NONE', #8764, #420, #8407, .T. ) ;
#2191 = ORIENTED_EDGE ( 'NONE', *, *, #8096, .F. ) ;
#2192 = ORIENTED_EDGE ( 'NONE', *, *, #166, .F. ) ;
#2193 = CARTESIAN_POINT ( 'NONE',  ( 2.300000001159365315, 1.824000000000044475, 21.00100000600095029 ) ) ;
#2194 = VERTEX_POINT ( 'NONE', #3706 ) ;
#2195 = CARTESIAN_POINT ( 'NONE',  ( -12.33631939038333947, 1.925000000000000044, 5.927111132420430195 ) ) ;
#2196 = DIRECTION ( 'NONE',  ( -3.587854865286240571E-15, -3.491481338843207903E-15, -1.000000000000000000 ) ) ;
#2197 = VECTOR ( 'NONE', #4557, 1000.000000000000000 ) ;
#2198 = DIRECTION ( 'NONE',  ( 0.000000000000000000, 0.000000000000000000, 1.000000000000000000 ) ) ;
#2199 = CARTESIAN_POINT ( 'NONE',  ( 7.499999999999908518, 2.925000000000001599, -0.7999999999999605205 ) ) ;
#2200 = VECTOR ( 'NONE', #9067, 1000.000000000000227 ) ;
#2201 = DIRECTION ( 'NONE',  ( 1.000000000000000000, 1.047444401652940007E-14, -3.491481338843121128E-15 ) ) ;
#2202 = DIRECTION ( 'NONE',  ( 0.6427876096865280386, 1.038526656440791331E-16, -0.7660444431189875614 ) ) ;
#2203 = VECTOR ( 'NONE', #6015, 1000.000000000000000 ) ;
#2204 = DIRECTION ( 'NONE',  ( 1.703767317533126255E-17, -1.000000000000000000, -1.212737214708384717E-16 ) ) ;
#2205 = CARTESIAN_POINT ( 'NONE',  ( 1.467163336986702094, 1.925000000000001821, -6.559150635094529669 ) ) ;
#2206 = VECTOR ( 'NONE', #5819, 1000.000000000000000 ) ;
#2207 = AXIS2_PLACEMENT_3D ( 'NONE', #4477, #7814, #6880 ) ;
#2208 = VERTEX_POINT ( 'NONE', #1072 ) ;
#2209 = DIRECTION ( 'NONE',  ( 1.000000000000000000, 1.071446852809204308E-14, 0.000000000000000000 ) ) ;
#2210 = CONICAL_SURFACE ( 'NONE', #6528, 0.1999999999999996503, 0.01745329251994333364 ) ;
#2211 = VERTEX_POINT ( 'NONE', #7921 ) ;
#2212 = LINE ( 'NONE', #6223, #10863 ) ;
#2213 = CARTESIAN_POINT ( 'NONE',  ( -9.999999999999998224, 1.866047144386237422, 2.499999999999999556 ) ) ;
#2214 = CARTESIAN_POINT ( 'NONE',  ( -14.99999999999999822, 0.1619999999999998386, 0.4499999999999999001 ) ) ;
#2215 = AXIS2_PLACEMENT_3D ( 'NONE', #9362, #5007, #9321 ) ;
#2216 = CIRCLE ( 'NONE', #3677, 0.5000000000000004441 ) ;
#2217 = CARTESIAN_POINT ( 'NONE',  ( 12.85975103337099945, 2.925000000000001599, -5.403109303582688483 ) ) ;
#2218 = CIRCLE ( 'NONE', #9856, 0.4499999999999990119 ) ;
#2219 = DIRECTION ( 'NONE',  ( 1.000000000000000000, 1.040834085427251847E-14, -3.469446951424172953E-15 ) ) ;
#2220 = VERTEX_POINT ( 'NONE', #9589 ) ;
#2221 = ORIENTED_EDGE ( 'NONE', *, *, #6391, .F. ) ;
#2222 = VECTOR ( 'NONE', #1667, 1000.000000000000114 ) ;
#2223 = EDGE_CURVE ( 'NONE', #9013, #7523, #822, .T. ) ;
#2224 = DIRECTION ( 'NONE',  ( 1.703767317533126255E-17, -1.000000000000000000, -1.212737214708384717E-16 ) ) ;
#2225 = ORIENTED_EDGE ( 'NONE', *, *, #7100, .F. ) ;
#2226 = DIRECTION ( 'NONE',  ( 1.135489158962947027E-16, 6.505213034913026604E-15, -1.000000000000000000 ) ) ;
#2227 = DIRECTION ( 'NONE',  ( -1.000000000000000000, 0.000000000000000000, 5.782411586589353300E-15 ) ) ;
#2228 = AXIS2_PLACEMENT_3D ( 'NONE', #4906, #679, #7432 ) ;
#2229 = CARTESIAN_POINT ( 'NONE',  ( -1.048423893622960845, 1.326171802036971714, -7.480342598075117699 ) ) ;
#2230 = VECTOR ( 'NONE', #6370, 1000.000000000000000 ) ;
#2231 = DIRECTION ( 'NONE',  ( 0.000000000000000000, 0.000000000000000000, -1.000000000000000000 ) ) ;
#2232 = ORIENTED_EDGE ( 'NONE', *, *, #965, .T. ) ;
#2233 = EDGE_LOOP ( 'NONE', ( #1483 ) ) ;
#2234 = ORIENTED_EDGE ( 'NONE', *, *, #5791, .F. ) ;
#2235 = ORIENTED_EDGE ( 'NONE', *, *, #6219, .T. ) ;
#2236 = EDGE_CURVE ( 'NONE', #7523, #6472, #4582, .T. ) ;
#2237 = CARTESIAN_POINT ( 'NONE',  ( -12.61068682838814148, -0.8750000000000000000, -5.262873992591397432 ) ) ;
#2238 = CARTESIAN_POINT ( 'NONE',  ( 16.24999999999999645, -0.5999999999999998668, 0.000000000000000000 ) ) ;
#2239 = CARTESIAN_POINT ( 'NONE',  ( 11.85785599921886835, 0.6999999999999999556, -3.830563360842451193 ) ) ;
#2240 = CARTESIAN_POINT ( 'NONE',  ( 0.8076985065402110253, -0.8160471443862370444, 6.507728967510386653 ) ) ;
#2241 = DIRECTION ( 'NONE',  ( 0.000000000000000000, -1.000000000000000000, 0.000000000000000000 ) ) ;
#2242 = VECTOR ( 'NONE', #1461, 1000.000000000000114 ) ;
#2243 = ORIENTED_EDGE ( 'NONE', *, *, #10957, .T. ) ;
#2244 = ORIENTED_EDGE ( 'NONE', *, *, #791, .T. ) ;
#2245 = ORIENTED_EDGE ( 'NONE', *, *, #8700, .T. ) ;
#2246 = CARTESIAN_POINT ( 'NONE',  ( 12.69654243516051473, 1.925000000000001821, -5.303186516808803930 ) ) ;
#2247 = CARTESIAN_POINT ( 'NONE',  ( 8.242257889483854072, 2.825000000000001066, -1.694113796408804440 ) ) ;
#2248 = CARTESIAN_POINT ( 'NONE',  ( -18.45239945272295046, 0.2909026095264368172, 0.5673971366525895066 ) ) ;
#2249 = CARTESIAN_POINT ( 'NONE',  ( -15.19990861245377367, 0.1944152299400692951, 0.7999805062271065914 ) ) ;
#2250 = VERTEX_POINT ( 'NONE', #2920 ) ;
#2251 = EDGE_CURVE ( 'NONE', #6096, #10780, #3388, .T. ) ;
#2252 = CIRCLE ( 'NONE', #6925, 0.2500000000000002220 ) ;
#2253 = VERTEX_POINT ( 'NONE', #5389 ) ;
#2254 = ADVANCED_FACE ( 'NONE', ( #1648 ), #9882, .F. ) ;
#2255 = ORIENTED_EDGE ( 'NONE', *, *, #6947, .F. ) ;
#2256 = CARTESIAN_POINT ( 'NONE',  ( -1.049999998840649651, 1.823999999999994515, 16.75100000600095740 ) ) ;
#2257 = EDGE_CURVE ( 'NONE', #9126, #9838, #10575, .T. ) ;
#2258 = CARTESIAN_POINT ( 'NONE',  ( 15.00000000000000000, -0.1400000000000001243, 0.4499999999999999556 ) ) ;
#2259 = ORIENTED_EDGE ( 'NONE', *, *, #10542, .F. ) ;
#2260 = EDGE_CURVE ( 'NONE', #1684, #9908, #10449, .T. ) ;
#2261 = DIRECTION ( 'NONE',  ( -0.000000000000000000, -1.000000000000000000, 0.000000000000000000 ) ) ;
#2262 = CARTESIAN_POINT ( 'NONE',  ( 14.98615655493846788, -0.5930904364127894679, 0.6311059656421103004 ) ) ;
#2263 = CARTESIAN_POINT ( 'NONE',  ( 1.211869793991681155, 0.8061604705837975837, 7.379402673544210423 ) ) ;
#2264 = CARTESIAN_POINT ( 'NONE',  ( 4.792271032488154781, -0.8749999999999998890, 6.767689368251047277 ) ) ;
#2265 = ORIENTED_EDGE ( 'NONE', *, *, #8412, .F. ) ;
#2266 = CARTESIAN_POINT ( 'NONE',  ( -1.011801605407739224, 1.925000000000001377, -2.762230273688335735 ) ) ;
#2267 = CARTESIAN_POINT ( 'NONE',  ( 0.5578366630130368042, 1.925000000000001821, -6.515849364905300867 ) ) ;
#2268 = CARTESIAN_POINT ( 'NONE',  ( -12.96971331686216899, 2.925000000000000711, 0.2165063509462858971 ) ) ;
#2269 = CARTESIAN_POINT ( 'NONE',  ( 7.749999999999999112, 0.6999999999999999556, -4.599999999999998757 ) ) ;
#2270 = DIRECTION ( 'NONE',  ( 0.000000000000000000, -0.000000000000000000, 1.000000000000000000 ) ) ;
#2271 = CARTESIAN_POINT ( 'NONE',  ( -8.514586297939969128, 2.825000000000001066, -0.7999999999998533839 ) ) ;
#2272 = CIRCLE ( 'NONE', #4981, 1.030563360842450926 ) ;
#2273 = AXIS2_PLACEMENT_3D ( 'NONE', #8858, #4704, #3048 ) ;
#2274 = ORIENTED_EDGE ( 'NONE', *, *, #9444, .F. ) ;
#2275 = ORIENTED_EDGE ( 'NONE', *, *, #10158, .T. ) ;
#2276 = CARTESIAN_POINT ( 'NONE',  ( 14.99701112904389966, 0.02876769760564647227, -1.001153268425922116 ) ) ;
#2277 = DIRECTION ( 'NONE',  ( -1.703767317533126255E-17, 1.000000000000000000, 1.212737214708384717E-16 ) ) ;
#2278 = AXIS2_PLACEMENT_3D ( 'NONE', #626, #8329, #9182 ) ;
#2279 = DIRECTION ( 'NONE',  ( 1.000000000000000000, 8.673617379884073337E-15, -8.523540060524721523E-15 ) ) ;
#2280 = LINE ( 'NONE', #10743, #797 ) ;
#2281 = DIRECTION ( 'NONE',  ( -8.673617379884105730E-17, 0.000000000000000000, -1.000000000000000000 ) ) ;
#2282 = CARTESIAN_POINT ( 'NONE',  ( -1.000000000000044187, 1.925000000000000266, 6.000000000000096811 ) ) ;
#2283 = CIRCLE ( 'NONE', #4728, 0.2676893682510496641 ) ;
#2284 = EDGE_CURVE ( 'NONE', #5747, #973, #1374, .T. ) ;
#2285 = ORIENTED_EDGE ( 'NONE', *, *, #6721, .F. ) ;
#2286 = ORIENTED_EDGE ( 'NONE', *, *, #570, .F. ) ;
#2287 = FACE_OUTER_BOUND ( 'NONE', #2571, .T. ) ;
#2288 = CARTESIAN_POINT ( 'NONE',  ( 6.896801650421118701, 2.825000000000001954, -7.449999999999960210 ) ) ;
#2289 = CARTESIAN_POINT ( 'NONE',  ( -18.45573908839326549, 0.7141447256635260477, 0.2061008172240574865 ) ) ;
#2290 = CARTESIAN_POINT ( 'NONE',  ( 14.74999999999992895, 2.925000000000001155, 2.499999999999984013 ) ) ;
#2291 = VECTOR ( 'NONE', #4318, 1000.000000000000114 ) ;
#2292 = CARTESIAN_POINT ( 'NONE',  ( -14.97091903892126474, 1.866047144386237422, -2.499999999999964917 ) ) ;
#2293 = AXIS2_PLACEMENT_3D ( 'NONE', #4811, #7408, #8371 ) ;
#2294 = EDGE_LOOP ( 'NONE', ( #4929 ) ) ;
#2295 = ORIENTED_EDGE ( 'NONE', *, *, #10254, .F. ) ;
#2296 = EDGE_CURVE ( 'NONE', #2119, #6493, #3528, .T. ) ;
#2297 = CARTESIAN_POINT ( 'NONE',  ( 4.792271032488154781, -0.8160471443862370444, 6.707698506541663441 ) ) ;
#2298 = VECTOR ( 'NONE', #6644, 1000.000000000000000 ) ;
#2299 = CARTESIAN_POINT ( 'NONE',  ( 0.8983001872802601762, 1.828490481287456504, 7.500000000000080824 ) ) ;
#2300 = CARTESIAN_POINT ( 'NONE',  ( 0.9749999999998700817, 1.925000000000001821, -6.274999999999915090 ) ) ;
#2301 = LINE ( 'NONE', #381, #9764 ) ;
#2302 = DIRECTION ( 'NONE',  ( 0.000000000000000000, 0.000000000000000000, -1.000000000000000000 ) ) ;
#2303 = ADVANCED_FACE ( 'NONE', ( #1244 ), #8547, .F. ) ;
#2304 = CARTESIAN_POINT ( 'NONE',  ( 18.50000000000000000, 0.4680112349276476236, -0.5352864521156859290 ) ) ;
#2305 = DIRECTION ( 'NONE',  ( 1.047444401652941269E-14, -1.000000000000000000, 3.491481338843170432E-15 ) ) ;
#2306 = CARTESIAN_POINT ( 'NONE',  ( 18.50000000000000000, -0.07121550018489558598, 0.5352844436880276335 ) ) ;
#2307 =( BOUNDED_CURVE ( )  B_SPLINE_CURVE ( 3, ( #6723, #1615, #2511, #10213 ),
 .UNSPECIFIED., .F., .F. ) 
 B_SPLINE_CURVE_WITH_KNOTS ( ( 4, 4 ),
 ( 5.497939437029719656, 7.068431177329451032 ),
 .UNSPECIFIED. ) 
 CURVE ( )  GEOMETRIC_REPRESENTATION_ITEM ( )  RATIONAL_B_SPLINE_CURVE ( ( 1.000000000000000000, 0.8048096403827864620, 0.8048096403827864620, 1.000000000000000000 ) ) 
 REPRESENTATION_ITEM ( '' )  );
#2308 = VERTEX_POINT ( 'NONE', #414 ) ;
#2309 = CARTESIAN_POINT ( 'NONE',  ( -1.053212958891748707, 1.925000000000001377, -5.518769726311473889 ) ) ;
#2310 = EDGE_CURVE ( 'NONE', #10099, #235, #10170, .T. ) ;
#2311 = ORIENTED_EDGE ( 'NONE', *, *, #1456, .F. ) ;
#2312 = EDGE_CURVE ( 'NONE', #3403, #7693, #5369, .T. ) ;
#2313 = CARTESIAN_POINT ( 'NONE',  ( 14.99072384844537886, -0.3314303666470423959, -0.6153170219450427858 ) ) ;
#2314 = CARTESIAN_POINT ( 'NONE',  ( 1.167121614118250328, -0.8163383300021221922, 4.633128807742438404 ) ) ;
#2315 = FACE_OUTER_BOUND ( 'NONE', #9692, .T. ) ;
#2316 = DIRECTION ( 'NONE',  ( -0.01139069190237314462, 0.9998476951563911586, 0.01322265587684059301 ) ) ;
#2317 = CARTESIAN_POINT ( 'NONE',  ( 1.203999390321678575, 1.925000000000000266, 7.486602342516563979 ) ) ;
#2318 = ORIENTED_EDGE ( 'NONE', *, *, #9302, .F. ) ;
#2319 = CARTESIAN_POINT ( 'NONE',  ( 9.999999999999964473, 2.925000000000000711, 7.250000000000015987 ) ) ;
#2320 = VERTEX_POINT ( 'NONE', #9040 ) ;
#2321 = EDGE_CURVE ( 'NONE', #6207, #3382, #1927, .T. ) ;
#2322 = CARTESIAN_POINT ( 'NONE',  ( -14.98466589161030349, -0.6784904812874567037, -0.4712850322845280604 ) ) ;
#2323 = VERTEX_POINT ( 'NONE', #9852 ) ;
#2324 = EDGE_CURVE ( 'NONE', #9939, #5432, #2301, .T. ) ;
#2325 = VECTOR ( 'NONE', #9310, 1000.000000000000000 ) ;
#2326 = VECTOR ( 'NONE', #8855, 1000.000000000000000 ) ;
#2327 = CARTESIAN_POINT ( 'NONE',  ( 1.098269726311525307, 1.925000000000000266, 6.150198394592444551 ) ) ;
#2328 = DIRECTION ( 'NONE',  ( -0.6427876096865666744, 8.194945521410374476E-17, -0.7660444431189550318 ) ) ;
#2329 = AXIS2_PLACEMENT_3D ( 'NONE', #10103, #6652, #687 ) ;
#2330 = CARTESIAN_POINT ( 'NONE',  ( -18.49999999999879563, 0.5272405526147405652, 0.4510562648512825290 ) ) ;
#2331 = CARTESIAN_POINT ( 'NONE',  ( -18.48658858353613255, 0.4523962849568768929, -0.5044829975940171574 ) ) ;
#2332 = ORIENTED_EDGE ( 'NONE', *, *, #4989, .F. ) ;
#2333 = CARTESIAN_POINT ( 'NONE',  ( -1.061606851543178687, 0.2000000000000000111, -7.500000000000000000 ) ) ;
#2334 = FACE_OUTER_BOUND ( 'NONE', #2835, .T. ) ;
#2335 = B_SPLINE_CURVE_WITH_KNOTS ( 'NONE', 3,
 ( #10651, #5532, #1328, #412, #8972, #8095, #1295 ),
 .UNSPECIFIED., .F., .F.,
 ( 4, 3, 4 ),
 ( -1.414313960910141966E-05, 0.000000000000000000, 3.656851924856638483E-06 ),
 .UNSPECIFIED. ) ;
#2336 = EDGE_CURVE ( 'NONE', #10320, #3534, #3248, .T. ) ;
#2337 = EDGE_LOOP ( 'NONE', ( #7963, #4665, #3197, #5784 ) ) ;
#2338 = LINE ( 'NONE', #3545, #1539 ) ;
#2339 = ORIENTED_EDGE ( 'NONE', *, *, #9109, .T. ) ;
#2340 = CYLINDRICAL_SURFACE ( 'NONE', #8164, 0.5000000000000004441 ) ;
#2341 = AXIS2_PLACEMENT_3D ( 'NONE', #3625, #904, #5140 ) ;
#2342 = CARTESIAN_POINT ( 'NONE',  ( 4.687876708230824363, -0.8164806603153832443, 6.686156799863262279 ) ) ;
#2343 = DIRECTION ( 'NONE',  ( -1.047444401652941269E-14, 1.000000000000000000, -3.491481338843170037E-15 ) ) ;
#2344 = DIRECTION ( 'NONE',  ( -1.000000000000000000, -1.703767317532268985E-17, 6.997874502090439819E-15 ) ) ;
#2345 = CARTESIAN_POINT ( 'NONE',  ( 8.724612979387371681, 2.825000000000001066, -2.001666843026920883 ) ) ;
#2346 = CARTESIAN_POINT ( 'NONE',  ( 18.44999999999999929, 0.2000000000000001499, 0.000000000000000000 ) ) ;
#2347 = CARTESIAN_POINT ( 'NONE',  ( 7.934967355137838574, 2.825000000000001066, -2.416599778722031466 ) ) ;
#2348 = VECTOR ( 'NONE', #135, 1000.000000000000000 ) ;
#2349 = LINE ( 'NONE', #8447, #9396 ) ;
#2350 = FACE_OUTER_BOUND ( 'NONE', #8804, .T. ) ;
#2351 = CARTESIAN_POINT ( 'NONE',  ( -1.122508290415985543, 1.925000000000000266, 7.424237359135871905 ) ) ;
#2352 = AXIS2_PLACEMENT_3D ( 'NONE', #5785, #10037, #9192 ) ;
#2353 = ORIENTED_EDGE ( 'NONE', *, *, #1763, .T. ) ;
#2354 = FACE_OUTER_BOUND ( 'NONE', #1465, .T. ) ;
#2355 = VERTEX_POINT ( 'NONE', #5602 ) ;
#2356 = FACE_BOUND ( 'NONE', #4812, .T. ) ;
#2357 = EDGE_CURVE ( 'NONE', #6124, #6457, #8276, .T. ) ;
#2358 = CARTESIAN_POINT ( 'NONE',  ( 18.50000000000000000, 0.3736514466153444958, 0.5283362074035536926 ) ) ;
#2359 = CARTESIAN_POINT ( 'NONE',  ( 0.8076985065402109143, -0.8160471443862362673, 5.433504217327677743 ) ) ;
#2360 = CARTESIAN_POINT ( 'NONE',  ( 3.600509310432686405, 0.6999999999999999556, 5.422848373325799720 ) ) ;
#2361 = AXIS2_PLACEMENT_3D ( 'NONE', #3513, #4410, #7805 ) ;
#2362 = CARTESIAN_POINT ( 'NONE',  ( -14.99681545804290650, 0.01755771346668028726, -0.9987263464424050996 ) ) ;
#2363 = CARTESIAN_POINT ( 'NONE',  ( 3.125000001159363716, 1.705000000000055360, 21.50000000600094552 ) ) ;
#2364 = LINE ( 'NONE', #7790, #6602 ) ;
#2365 = VERTEX_POINT ( 'NONE', #2125 ) ;
#2366 = CARTESIAN_POINT ( 'NONE',  ( 15.00000000000000000, 0.3129999999999997784, -0.3750000000000001110 ) ) ;
#2367 = EDGE_LOOP ( 'NONE', ( #8668 ) ) ;
#2368 = ORIENTED_EDGE ( 'NONE', *, *, #303, .T. ) ;
#2369 = VERTEX_POINT ( 'NONE', #5572 ) ;
#2370 = FACE_OUTER_BOUND ( 'NONE', #10631, .T. ) ;
#2371 = ORIENTED_EDGE ( 'NONE', *, *, #7867, .F. ) ;
#2372 = AXIS2_PLACEMENT_3D ( 'NONE', #9051, #5640, #558 ) ;
#2373 = CARTESIAN_POINT ( 'NONE',  ( 12.74999999999987210, 1.925000000000001821, -5.749999999999997335 ) ) ;
#2374 = EDGE_CURVE ( 'NONE', #8446, #2119, #9625, .T. ) ;
#2375 = FACE_OUTER_BOUND ( 'NONE', #10178, .T. ) ;
#2376 = DIRECTION ( 'NONE',  ( 3.542502617548284794E-15, 3.491481338843207114E-15, 1.000000000000000000 ) ) ;
#2377 = CARTESIAN_POINT ( 'NONE',  ( -18.49999999999999645, 0.7860749301342982998, -0.1104311045347763642 ) ) ;
#2378 = CARTESIAN_POINT ( 'NONE',  ( -18.46264275098494778, 0.4459919049884465969, -0.4918491346511654760 ) ) ;
#2379 = ORIENTED_EDGE ( 'NONE', *, *, #8885, .F. ) ;
#2380 = EDGE_LOOP ( 'NONE', ( #4353, #7415, #3956, #2756, #5304, #9906, #10111, #115, #6617, #862, #7634, #1845, #10656, #10273, #10970, #7291, #2185, #4379, #4871, #619, #802, #9406, #5566, #167, #7168, #1722, #1818, #1380, #85, #6960, #1682, #7930, #195, #6889, #5503, #9075, #3124, #6534, #2383, #347 ) ) ;
#2381 = EDGE_LOOP ( 'NONE', ( #9469, #6506, #6927, #2728 ) ) ;
#2382 = DIRECTION ( 'NONE',  ( 1.703767317533126255E-17, -1.000000000000000000, -1.212737214708384717E-16 ) ) ;
#2383 = ORIENTED_EDGE ( 'NONE', *, *, #367, .T. ) ;
#2384 = DIRECTION ( 'NONE',  ( 1.000000000000000000, 1.040834085586083310E-14, -3.469446951953611033E-15 ) ) ;
#2385 = EDGE_CURVE ( 'NONE', #987, #7791, #7903, .T. ) ;
#2386 = CARTESIAN_POINT ( 'NONE',  ( -18.45138030200387647, 0.4454113971054414756, -0.4907047638173724358 ) ) ;
#2387 = DIRECTION ( 'NONE',  ( -0.7071067811865451302, -4.937700262164480989E-15, 0.7071067811865500152 ) ) ;
#2388 = VECTOR ( 'NONE', #10277, 1000.000000000000000 ) ;
#2389 = EDGE_CURVE ( 'NONE', #5634, #3877, #6551, .T. ) ;
#2390 = ORIENTED_EDGE ( 'NONE', *, *, #3765, .T. ) ;
#2391 = CARTESIAN_POINT ( 'NONE',  ( 10.15026178333083706, 2.825000000000001510, -3.249999999999982236 ) ) ;
#2392 = ORIENTED_EDGE ( 'NONE', *, *, #4251, .T. ) ;
#2393 = CARTESIAN_POINT ( 'NONE',  ( -18.50000000000003553, 0.6493166812767382501, -0.4070596760460732377 ) ) ;
#2394 = DIRECTION ( 'NONE',  ( -0.9998476951563912696, -0.01745240643728354982, 0.000000000000000000 ) ) ;
#2395 = EDGE_CURVE ( 'NONE', #6122, #7686, #3794, .T. ) ;
#2396 = PLANE ( 'NONE',  #10224 ) ;
#2397 = DIRECTION ( 'NONE',  ( 0.000000000000000000, 1.000000000000000000, 0.000000000000000000 ) ) ;
#2398 = ORIENTED_EDGE ( 'NONE', *, *, #965, .F. ) ;
#2399 = DIRECTION ( 'NONE',  ( 1.000000000000000000, 0.000000000000000000, 0.000000000000000000 ) ) ;
#2400 = CARTESIAN_POINT ( 'NONE',  ( 7.271929870468180290, 2.825000000000001510, -5.402964901372191875 ) ) ;
#2401 = CARTESIAN_POINT ( 'NONE',  ( -15.18833172896662731, -0.3361761386832212706, -0.6107256431571875810 ) ) ;
#2402 = CARTESIAN_POINT ( 'NONE',  ( 1.450021300494499954, 1.903999999999976600, 3.976778864538198288 ) ) ;
#2403 = PLANE ( 'NONE',  #2278 ) ;
#2404 = EDGE_CURVE ( 'NONE', #2017, #10279, #5085, .T. ) ;
#2405 = ORIENTED_EDGE ( 'NONE', *, *, #9539, .T. ) ;
#2406 = CARTESIAN_POINT ( 'NONE',  ( 0.2000000011593500160, 1.824000000000007615, 16.75100000600095740 ) ) ;
#2407 = EDGE_CURVE ( 'NONE', #1650, #10236, #543, .T. ) ;
#2408 = CARTESIAN_POINT ( 'NONE',  ( 15.18463543064158472, -0.6819809625749134741, 0.4712850322845280604 ) ) ;
#2409 = PLANE ( 'NONE',  #9842 ) ;
#2410 = AXIS2_PLACEMENT_3D ( 'NONE', #6546, #7395, #5621 ) ;
#2411 = CARTESIAN_POINT ( 'NONE',  ( 18.45619708803532433, 0.7446717550061506818, 0.1010379688575616108 ) ) ;
#2412 = CARTESIAN_POINT ( 'NONE',  ( -1.061606851543178687, 0.2000000000000000111, -7.500000000000000000 ) ) ;
#2413 = DIRECTION ( 'NONE',  ( -1.000000000000000000, 0.000000000000000000, 1.927470528863123289E-15 ) ) ;
#2414 = ORIENTED_EDGE ( 'NONE', *, *, #9788, .F. ) ;
#2415 = ORIENTED_EDGE ( 'NONE', *, *, #6656, .F. ) ;
#2416 = CARTESIAN_POINT ( 'NONE',  ( 18.49770124462401810, 0.4608388772048507276, -0.5211376174805264494 ) ) ;
#2417 = AXIS2_PLACEMENT_3D ( 'NONE', #663, #8398, #3237 ) ;
#2418 = CARTESIAN_POINT ( 'NONE',  ( 4.591272467534435187, -0.8749999999999996669, 6.507728967510384877 ) ) ;
#2419 = VERTEX_POINT ( 'NONE', #5721 ) ;
#2420 = DIRECTION ( 'NONE',  ( 1.047444401652941269E-14, -1.000000000000000000, 3.491481338843170037E-15 ) ) ;
#2421 = CARTESIAN_POINT ( 'NONE',  ( 0.5578366630130368042, 1.925000000000001821, -6.515849364905300867 ) ) ;
#2422 = CARTESIAN_POINT ( 'NONE',  ( -1.149999998924088107, 1.903999999999945070, 2.726800003647840587 ) ) ;
#2423 = APPROVAL_ROLE ( '' ) ;
#2424 = VERTEX_POINT ( 'NONE', #2288 ) ;
#2425 = DIRECTION ( 'NONE',  ( 0.000000000000000000, 0.000000000000000000, -1.000000000000000000 ) ) ;
#2426 = CARTESIAN_POINT ( 'NONE',  ( 18.50000000000001066, 0.7943283903300306648, 0.1100642544508854681 ) ) ;
#2427 = AXIS2_PLACEMENT_3D ( 'NONE', #1964, #2899, #7905 ) ;
#2428 = CARTESIAN_POINT ( 'NONE',  ( -1.147094244904423688, 1.925000000000000266, 7.448749837368351834 ) ) ;
#2429 = VECTOR ( 'NONE', #7338, 1000.000000000000000 ) ;
#2430 = CARTESIAN_POINT ( 'NONE',  ( -14.99993907342249422, 0.1965095187125432963, 0.9999756327838832393 ) ) ;
#2431 = CARTESIAN_POINT ( 'NONE',  ( 1.110574558124500344, 1.305816029214821317, 5.706984659222885448 ) ) ;
#2432 = CARTESIAN_POINT ( 'NONE',  ( 7.499999999999877431, 2.925000000000001599, -5.402965055624962432 ) ) ;
#2433 = ORIENTED_EDGE ( 'NONE', *, *, #967, .T. ) ;
#2434 = CARTESIAN_POINT ( 'NONE',  ( -18.49029285481319107, 0.4543876911171189081, 0.5084114259335655861 ) ) ;
#2435 = CARTESIAN_POINT ( 'NONE',  ( 14.67198722608118899, 2.925000000000001599, -3.561598267492728898 ) ) ;
#2436 = CARTESIAN_POINT ( 'NONE',  ( -12.61068682838814148, -0.3750000000000000000, -5.330563360842447196 ) ) ;
#2437 = ADVANCED_FACE ( 'NONE', ( #289 ), #2409, .T. ) ;
#2438 = CARTESIAN_POINT ( 'NONE',  ( -0.6830000000000000515, 1.865000000000000435, -7.233252277351548187 ) ) ;
#2439 = EDGE_CURVE ( 'NONE', #3854, #603, #6821, .T. ) ;
#2440 = LINE ( 'NONE', #4418, #8682 ) ;
#2441 = FACE_OUTER_BOUND ( 'NONE', #419, .T. ) ;
#2442 = AXIS2_PLACEMENT_3D ( 'NONE', #2347, #4212, #717 ) ;
#2443 = CARTESIAN_POINT ( 'NONE',  ( -0.8859937724815322158, 1.325460253682169798, -7.397181319150170964 ) ) ;
#2444 = ORIENTED_EDGE ( 'NONE', *, *, #6498, .F. ) ;
#2445 = CARTESIAN_POINT ( 'NONE',  ( 1.053457564839232585, 1.925000000000001821, -6.353186516808724704 ) ) ;
#2446 = ORIENTED_EDGE ( 'NONE', *, *, #10883, .T. ) ;
#2447 = CARTESIAN_POINT ( 'NONE',  ( -18.14999999999999858, 0.2000000000000001499, 0.000000000000000000 ) ) ;
#2448 = CARTESIAN_POINT ( 'NONE',  ( -18.45532196156685956, 0.6884384207383662524, -0.2471081852322811190 ) ) ;
#2449 = CARTESIAN_POINT ( 'NONE',  ( 9.999999999999966249, 0.1999999999999999833, -7.500000000000001776 ) ) ;
#2450 = LINE ( 'NONE', #5755, #8690 ) ;
#2451 = VECTOR ( 'NONE', #898, 1000.000000000000000 ) ;
#2452 = CARTESIAN_POINT ( 'NONE',  ( -8.514586297939969128, 2.925000000000001155, -0.7999999999998533839 ) ) ;
#2453 = ORIENTED_EDGE ( 'NONE', *, *, #2975, .F. ) ;
#2454 = ORIENTED_EDGE ( 'NONE', *, *, #5091, .T. ) ;
#2455 = DIRECTION ( 'NONE',  ( 0.000000000000000000, 0.000000000000000000, 1.000000000000000000 ) ) ;
#2456 = EDGE_LOOP ( 'NONE', ( #1309, #8163, #630, #6576 ) ) ;
#2457 = PLANE ( 'NONE',  #7983 ) ;
#2458 = CARTESIAN_POINT ( 'NONE',  ( 18.50000000000000000, -0.07121550018489250511, -0.5352844436880290768 ) ) ;
#2459 = VECTOR ( 'NONE', #6273, 1000.000000000000000 ) ;
#2460 = CARTESIAN_POINT ( 'NONE',  ( 0.9860054847686391399, 1.123254759356271615, 7.400000000000081180 ) ) ;
#2461 = LINE ( 'NONE', #6575, #3551 ) ;
#2462 = CARTESIAN_POINT ( 'NONE',  ( 18.50000000000000711, 0.7940526949108490662, -0.05643595449545377868 ) ) ;
#2463 = ORIENTED_EDGE ( 'NONE', *, *, #4789, .F. ) ;
#2464 = ORIENTED_EDGE ( 'NONE', *, *, #9202, .F. ) ;
#2465 = EDGE_CURVE ( 'NONE', #1656, #2609, #6019, .T. ) ;
#2466 = ORIENTED_EDGE ( 'NONE', *, *, #6498, .T. ) ;
#2467 = CARTESIAN_POINT ( 'NONE',  ( 1.101886547524477900, 0.8080802352918988740, 5.696930015022700466 ) ) ;
#2468 = CARTESIAN_POINT ( 'NONE',  ( 9.502000075373654653, 2.925000000000001599, -4.327032419940912256 ) ) ;
#2469 = LINE ( 'NONE', #4591, #7238 ) ;
#2470 = PLANE ( 'NONE',  #1121 ) ;
#2471 = ORIENTED_EDGE ( 'NONE', *, *, #3406, .T. ) ;
#2472 = FACE_OUTER_BOUND ( 'NONE', #4690, .T. ) ;
#2473 = LINE ( 'NONE', #8507, #3946 ) ;
#2474 = ADVANCED_FACE ( 'NONE', ( #9073, #1106 ), #5356, .T. ) ;
#2475 = EDGE_CURVE ( 'NONE', #6640, #8232, #4051, .T. ) ;
#2476 = CARTESIAN_POINT ( 'NONE',  ( 15.00000000000000000, 0.3129999999999997784, 0.1499999999999997169 ) ) ;
#2477 = EDGE_CURVE ( 'NONE', #8283, #8745, #10954, .T. ) ;
#2478 = FACE_OUTER_BOUND ( 'NONE', #9475, .T. ) ;
#2479 = CARTESIAN_POINT ( 'NONE',  ( 1.150000000015926505, 1.704999999999961213, 0.5000000238062838331 ) ) ;
#2480 = ORIENTED_EDGE ( 'NONE', *, *, #8218, .F. ) ;
#2481 = VECTOR ( 'NONE', #6522, 1000.000000000000000 ) ;
#2482 = EDGE_LOOP ( 'NONE', ( #5813, #10862, #7988, #7978 ) ) ;
#2483 = VECTOR ( 'NONE', #4974, 1000.000000000000000 ) ;
#2484 = DIRECTION ( 'NONE',  ( -1.000000000000000000, 0.000000000000000000, 7.014719940208585604E-15 ) ) ;
#2485 = AXIS2_PLACEMENT_3D ( 'NONE', #10118, #9191, #7639 ) ;
#2486 = CARTESIAN_POINT ( 'NONE',  ( 1.000000000000000000, 0.6999999999999999556, -3.830563360842447196 ) ) ;
#2487 = CARTESIAN_POINT ( 'NONE',  ( 12.85975103337103320, 2.825000000000001066, -0.8495620197742476121 ) ) ;
#2488 = CARTESIAN_POINT ( 'NONE',  ( -18.49999999999999289, 0.2870738660484905558, -0.5500000000000001554 ) ) ;
#2489 = EDGE_CURVE ( 'NONE', #875, #982, #9489, .T. ) ;
#2490 = VECTOR ( 'NONE', #910, 1000.000000000000000 ) ;
#2491 = ADVANCED_FACE ( 'NONE', ( #1917 ), #8397, .T. ) ;
#2492 = LINE ( 'NONE', #6634, #5288 ) ;
#2493 = AXIS2_PLACEMENT_3D ( 'NONE', #176, #2749, #2001 ) ;
#2494 = ORIENTED_EDGE ( 'NONE', *, *, #10473, .T. ) ;
#2495 = ORIENTED_EDGE ( 'NONE', *, *, #3471, .T. ) ;
#2496 = LINE ( 'NONE', #705, #2222 ) ;
#2497 = CARTESIAN_POINT ( 'NONE',  ( 0.9919033010572749776, 0.6999999999999999556, 5.696930015022699578 ) ) ;
#2498 = ORIENTED_EDGE ( 'NONE', *, *, #8991, .F. ) ;
#2499 = CARTESIAN_POINT ( 'NONE',  ( -9.764586297939949588, 2.825000000000000178, 2.066987298107940241 ) ) ;
#2500 = CARTESIAN_POINT ( 'NONE',  ( -9.999999999999962697, 1.866047144386236978, 7.470919038921265631 ) ) ;
#2501 = AXIS2_PLACEMENT_3D ( 'NONE', #10484, #1897, #2796 ) ;
#2502 = TOROIDAL_SURFACE ( 'NONE', #1358, 4.910928177211881795, 0.05999999999999999778 ) ;
#2503 = VERTEX_POINT ( 'NONE', #5672 ) ;
#2504 = ORIENTED_EDGE ( 'NONE', *, *, #7696, .F. ) ;
#2505 = ORIENTED_EDGE ( 'NONE', *, *, #8629, .F. ) ;
#2506 = EDGE_CURVE ( 'NONE', #7240, #457, #675, .T. ) ;
#2507 = ORIENTED_EDGE ( 'NONE', *, *, #10359, .T. ) ;
#2508 = DIRECTION ( 'NONE',  ( -0.5000000000000119904, 9.650728701756030232E-17, -0.8660254037844318242 ) ) ;
#2509 = DIRECTION ( 'NONE',  ( 0.000000000000000000, 0.000000000000000000, 1.000000000000000000 ) ) ;
#2510 = CARTESIAN_POINT ( 'NONE',  ( 1.875000001159365270, 1.824000000000040034, 21.00100000600095029 ) ) ;
#2511 = CARTESIAN_POINT ( 'NONE',  ( 3.448301605407592785, 1.925000000000000488, 5.671730273688500468 ) ) ;
#2512 = CARTESIAN_POINT ( 'NONE',  ( -18.48658858353613255, 0.4523962849565179578, 0.5044829975941999001 ) ) ;
#2513 = CARTESIAN_POINT ( 'NONE',  ( -9.014586297939993997, 2.825000000000001066, -4.327032419940784358 ) ) ;
#2514 = CARTESIAN_POINT ( 'NONE',  ( 18.48118663857003696, -0.05354088237424538960, 0.5004258539217791846 ) ) ;
#2515 = LINE ( 'NONE', #7743, #9137 ) ;
#2516 = EDGE_LOOP ( 'NONE', ( #6826 ) ) ;
#2517 = ORIENTED_EDGE ( 'NONE', *, *, #265, .T. ) ;
#2518 = AXIS2_PLACEMENT_3D ( 'NONE', #7215, #10562, #1246 ) ;
#2519 = ORIENTED_EDGE ( 'NONE', *, *, #7819, .T. ) ;
#2520 = DIRECTION ( 'NONE',  ( -1.703767317533126255E-17, 1.000000000000000000, 1.212737214708384717E-16 ) ) ;
#2521 = ORIENTED_EDGE ( 'NONE', *, *, #10809, .F. ) ;
#2522 = EDGE_CURVE ( 'NONE', #10783, #6904, #416, .T. ) ;
#2523 = DIRECTION ( 'NONE',  ( -0.000000000000000000, -1.000000000000000000, 0.000000000000000000 ) ) ;
#2524 = CARTESIAN_POINT ( 'NONE',  ( 8.399610638826837672, 2.925000000000001599, -5.402965055624967761 ) ) ;
#2525 = CARTESIAN_POINT ( 'NONE',  ( 4.792271032488154781, -0.8750000000000000000, 6.767689368251047277 ) ) ;
#2526 = CARTESIAN_POINT ( 'NONE',  ( 17.24999999999999645, 0.2000000000000000389, 0.000000000000000000 ) ) ;
#2527 = VECTOR ( 'NONE', #10041, 1000.000000000000000 ) ;
#2528 =( BOUNDED_CURVE ( )  B_SPLINE_CURVE ( 3, ( #6988, #5201, #10354, #7764 ),
 .UNSPECIFIED., .F., .F. ) 
 B_SPLINE_CURVE_WITH_KNOTS ( ( 4, 4 ),
 ( 5.497939437029719656, 7.068431177329456361 ),
 .UNSPECIFIED. ) 
 CURVE ( )  GEOMETRIC_REPRESENTATION_ITEM ( )  RATIONAL_B_SPLINE_CURVE ( ( 1.000000000000000000, 0.8048096403827851297, 0.8048096403827851297, 1.000000000000000000 ) ) 
 REPRESENTATION_ITEM ( '' )  );
#2529 = CARTESIAN_POINT ( 'NONE',  ( -9.999999999999998224, -0.8149999999999999467, -2.499999999999999556 ) ) ;
#2530 = ORIENTED_EDGE ( 'NONE', *, *, #1341, .T. ) ;
#2531 = ORIENTED_EDGE ( 'NONE', *, *, #2849, .T. ) ;
#2532 = ADVANCED_FACE ( 'NONE', ( #809 ), #8683, .T. ) ;
#2533 = EDGE_CURVE ( 'NONE', #4717, #1052, #6165, .T. ) ;
#2534 = VERTEX_POINT ( 'NONE', #7566 ) ;
#2535 = CARTESIAN_POINT ( 'NONE',  ( -18.45163958475296440, -0.2147283620384537461, -0.3729677824830167632 ) ) ;
#2536 = ORIENTED_EDGE ( 'NONE', *, *, #580, .F. ) ;
#2537 = CARTESIAN_POINT ( 'NONE',  ( -18.50000000000000000, 0.4472766804341934410, -0.4912781730480663689 ) ) ;
#2538 = EDGE_CURVE ( 'NONE', #8817, #2181, #3916, .T. ) ;
#2539 = B_SPLINE_CURVE_WITH_KNOTS ( 'NONE', 3,
 ( #10078, #4896, #669, #8303, #2416, #637, #3319, #10119, #751, #1519, #9235, #7454, #7419, #8348, #9970, #10966 ),
 .UNSPECIFIED., .F., .F.,
 ( 4, 3, 3, 3, 3, 4 ),
 ( -1.085088934515290675E-05, 0.000000000000000000, 1.559546808834606069E-05, 3.241723243773976900E-05, 4.923870032122332685E-05, 6.606018702703777884E-05 ),
 .UNSPECIFIED. ) ;
#2540 = CARTESIAN_POINT ( 'NONE',  ( -15.19085053846065847, 0.6207341392724881057, -0.7116590832235997199 ) ) ;
#2541 = CARTESIAN_POINT ( 'NONE',  ( 18.50000000000000000, 0.2000000000000001499, 0.000000000000000000 ) ) ;
#2542 = CARTESIAN_POINT ( 'NONE',  ( -14.91092817721188091, 1.925000000000000266, 2.499999999999965805 ) ) ;
#2543 = VERTEX_POINT ( 'NONE', #6005 ) ;
#2544 = EDGE_CURVE ( 'NONE', #5747, #5024, #5233, .T. ) ;
#2545 = CARTESIAN_POINT ( 'NONE',  ( 18.45164043243567065, -0.2148111626285299225, 0.3728425124657622214 ) ) ;
#2546 = DIRECTION ( 'NONE',  ( -1.000000000000000000, 0.000000000000000000, 6.923092871256213390E-15 ) ) ;
#2547 = CARTESIAN_POINT ( 'NONE',  ( 1.360223044777173040, 1.925000000000001821, -6.530297649228980816 ) ) ;
#2548 = DIRECTION ( 'NONE',  ( 6.737665980693918755E-15, -1.212737214708358339E-16, 1.000000000000000000 ) ) ;
#2549 = EDGE_CURVE ( 'NONE', #5540, #5891, #7891, .T. ) ;
#2550 = CARTESIAN_POINT ( 'NONE',  ( -18.50000000000000000, 0.4680112349276593364, 0.5352864521156801558 ) ) ;
#2551 = CARTESIAN_POINT ( 'NONE',  ( -15.16839892026281333, -0.5918779754488128209, 0.1311335700833927698 ) ) ;
#2552 = CARTESIAN_POINT ( 'NONE',  ( -18.45268375041135656, -0.3168891845630532056, -0.2059698139550525664 ) ) ;
#2553 = ADVANCED_FACE ( 'NONE', ( #2170 ), #4573, .T. ) ;
#2554 = VECTOR ( 'NONE', #3296, 1000.000000000000114 ) ;
#2555 = DIRECTION ( 'NONE',  ( 1.000000000000000000, -1.301042606982605321E-16, 0.000000000000000000 ) ) ;
#2556 = EDGE_CURVE ( 'NONE', #3055, #10459, #6418, .T. ) ;
#2557 = ORIENTED_EDGE ( 'NONE', *, *, #3321, .F. ) ;
#2558 = VERTEX_POINT ( 'NONE', #6776 ) ;
#2559 = ORIENTED_EDGE ( 'NONE', *, *, #3108, .T. ) ;
#2560 = EDGE_CURVE ( 'NONE', #1473, #5863, #1097, .T. ) ;
#2561 = DIRECTION ( 'NONE',  ( 3.636041628507818633E-15, 3.491481338843208297E-15, 1.000000000000000000 ) ) ;
#2562 = CIRCLE ( 'NONE', #7417, 0.4250000000000000444 ) ;
#2563 = B_SPLINE_CURVE_WITH_KNOTS ( 'NONE', 3,
 ( #7873, #4502, #5339, #10564, #260, #7160, #3838, #6271 ),
 .UNSPECIFIED., .F., .F.,
 ( 4, 2, 2, 4 ),
 ( 0.000000000000000000, 0.0006684799777499284739, 0.001002719966624892982, 0.001336959955499857598 ),
 .UNSPECIFIED. ) ;
#2564 = CARTESIAN_POINT ( 'NONE',  ( 0.6952715712630936906, 1.338303831536773680, -7.480130832712486466 ) ) ;
#2565 = AXIS2_PLACEMENT_3D ( 'NONE', #5195, #8529, #746 ) ;
#2566 = DIRECTION ( 'NONE',  ( -1.703767317533126255E-17, 1.000000000000000000, 1.212737214708384717E-16 ) ) ;
#2567 = CARTESIAN_POINT ( 'NONE',  ( 0.5863193903832032428, 1.925000000000001821, -6.622888867579659333 ) ) ;
#2568 = CIRCLE ( 'NONE', #1517, 6.230563360842450216 ) ;
#2569 = CARTESIAN_POINT ( 'NONE',  ( -15.00000000000000000, -0.1445300000000000473, -0.4500000000000000666 ) ) ;
#2570 = B_SPLINE_CURVE_WITH_KNOTS ( 'NONE', 3,
 ( #1315, #4424, #5254, #6964 ),
 .UNSPECIFIED., .F., .F.,
 ( 4, 4 ),
 ( -5.999999970717636373E-08, 0.0005138372158008792890 ),
 .UNSPECIFIED. ) ;
#2571 = EDGE_LOOP ( 'NONE', ( #7670, #2057, #428, #2028 ) ) ;
#2572 = AXIS2_PLACEMENT_3D ( 'NONE', #2857, #9720, #3679 ) ;
#2573 = VERTEX_POINT ( 'NONE', #7636 ) ;
#2574 = FACE_OUTER_BOUND ( 'NONE', #1531, .T. ) ;
#2575 = CARTESIAN_POINT ( 'NONE',  ( 1.000000001159333962, 1.604999999999999094, 11.75000000600095262 ) ) ;
#2576 = CARTESIAN_POINT ( 'NONE',  ( -18.50000000000000355, 0.5965713497370427332, -0.3948117398770398245 ) ) ;
#2577 = VECTOR ( 'NONE', #8823, 1000.000000000000000 ) ;
#2578 = EDGE_CURVE ( 'NONE', #617, #8360, #4942, .T. ) ;
#2579 = CARTESIAN_POINT ( 'NONE',  ( -0.6524999988406544604, 1.858999999999995323, 15.78258659774595785 ) ) ;
#2580 = CARTESIAN_POINT ( 'NONE',  ( -14.99088099942935415, 0.7224271928031548162, -0.8895738540295016206 ) ) ;
#2581 = CARTESIAN_POINT ( 'NONE',  ( 0.3499999999999892086, 1.903999999999949511, -0.5000000000000247580 ) ) ;
#2582 = ORIENTED_EDGE ( 'NONE', *, *, #9441, .F. ) ;
#2583 = CARTESIAN_POINT ( 'NONE',  ( 8.176269436134575130, 2.916549665869407892, -7.324434984763675160 ) ) ;
#2584 = ORIENTED_EDGE ( 'NONE', *, *, #9602, .F. ) ;
#2585 = DIRECTION ( 'NONE',  ( -0.000000000000000000, 0.000000000000000000, 1.000000000000000000 ) ) ;
#2586 = VECTOR ( 'NONE', #6334, 1000.000000000000000 ) ;
#2587 = CARTESIAN_POINT ( 'NONE',  ( 15.00000000000000000, -0.1400000000000001243, 0.4499999999999999556 ) ) ;
#2588 = CARTESIAN_POINT ( 'NONE',  ( -7.500000000000000000, 0.6999999999999999556, -6.854811288084813548 ) ) ;
#2589 = FACE_OUTER_BOUND ( 'NONE', #7683, .T. ) ;
#2590 = CARTESIAN_POINT ( 'NONE',  ( 1.390542710303004803, -0.8749999999999998890, 4.564882650089768568 ) ) ;
#2591 = DIRECTION ( 'NONE',  ( -1.300844451891821068E-16, 0.01745240643728354982, -0.9998476951563912696 ) ) ;
#2592 = CARTESIAN_POINT ( 'NONE',  ( 0.2000000011593653093, 1.824000000000022492, 21.00100000600095385 ) ) ;
#2593 = DIRECTION ( 'NONE',  ( 1.000000000000000000, -2.151175178187580423E-34, -8.673617379884068752E-17 ) ) ;
#2594 = VERTEX_POINT ( 'NONE', #1784 ) ;
#2595 = ADVANCED_FACE ( 'NONE', ( #6542 ), #1712, .T. ) ;
#2596 = CARTESIAN_POINT ( 'NONE',  ( -0.1999999988406347684, 1.824000000000018273, 21.00100000600095740 ) ) ;
#2597 = EDGE_LOOP ( 'NONE', ( #3697, #8182, #3105, #10875, #299 ) ) ;
#2598 = EDGE_CURVE ( 'NONE', #3051, #6313, #9885, .T. ) ;
#2599 = PRODUCT_DEFINITION_SHAPE ( 'NONE', 'NONE',  #1089 ) ;
#2600 = AXIS2_PLACEMENT_3D ( 'NONE', #2541, #9364, #10250 ) ;
#2601 = VECTOR ( 'NONE', #6585, 1000.000000000000227 ) ;
#2602 = CARTESIAN_POINT ( 'NONE',  ( 4.532310631747492380, -0.8750000000000000000, 6.508757993432827682 ) ) ;
#2603 = DIRECTION ( 'NONE',  ( 0.000000000000000000, 0.000000000000000000, 1.000000000000000000 ) ) ;
#2604 = CARTESIAN_POINT ( 'NONE',  ( -14.99999999999999822, -0.1400000000000001243, 0.07499999999999995559 ) ) ;
#2605 = ORIENTED_EDGE ( 'NONE', *, *, #7672, .T. ) ;
#2606 = ORIENTED_EDGE ( 'NONE', *, *, #7992, .T. ) ;
#2607 = DIRECTION ( 'NONE',  ( -1.000000000000000000, -1.703767317532268061E-17, 6.911138328291599464E-15 ) ) ;
#2608 = DIRECTION ( 'NONE',  ( 0.000000000000000000, 1.000000000000000000, 0.000000000000000000 ) ) ;
#2609 = VERTEX_POINT ( 'NONE', #37 ) ;
#2610 = CARTESIAN_POINT ( 'NONE',  ( -14.99999999999999822, 0.2374999999999992395, -0.4500000000000000666 ) ) ;
#2611 = EDGE_CURVE ( 'NONE', #3327, #206, #7214, .T. ) ;
#2612 = VECTOR ( 'NONE', #10007, 1000.000000000000227 ) ;
#2613 = LINE ( 'NONE', #8896, #2326 ) ;
#2614 = EDGE_CURVE ( 'NONE', #9853, #10927, #4171, .T. ) ;
#2615 = ADVANCED_FACE ( 'NONE', ( #9, #4312 ), #1364, .T. ) ;
#2616 = CARTESIAN_POINT ( 'NONE',  ( -12.84471331686216544, 2.825000000000000622, 1.882174971434835697E-13 ) ) ;
#2617 = DIRECTION ( 'NONE',  ( -6.911138328291599464E-15, 1.212737214708358339E-16, -1.000000000000000000 ) ) ;
#2618 = CARTESIAN_POINT ( 'NONE',  ( 18.49029285481319107, 0.4543876911171189081, 0.5084114259335655861 ) ) ;
#2619 = EDGE_LOOP ( 'NONE', ( #1654 ) ) ;
#2620 = CARTESIAN_POINT ( 'NONE',  ( 7.500000000000000000, 0.6999999999999999556, 0.03709201297246063345 ) ) ;
#2621 = B_SPLINE_CURVE_WITH_KNOTS ( 'NONE', 3,
 ( #4873, #4076, #7317, #1429 ),
 .UNSPECIFIED., .F., .F.,
 ( 4, 4 ),
 ( 0.000000000000000000, 2.564895150632548952E-08 ),
 .UNSPECIFIED. ) ;
#2622 = CARTESIAN_POINT ( 'NONE',  ( 14.98307127738564581, 1.169845869034118468, 0.2648863418039564821 ) ) ;
#2623 = CARTESIAN_POINT ( 'NONE',  ( 14.98769729926089234, -0.5048212532983926693, -0.3784569005046292123 ) ) ;
#2624 = CARTESIAN_POINT ( 'NONE',  ( 4.592301493456876216, -0.8160471443862370444, 6.507728967510384877 ) ) ;
#2625 = CARTESIAN_POINT ( 'NONE',  ( -18.49999999999999645, 0.4710224130863648329, -0.5337924138730323342 ) ) ;
#2626 = VECTOR ( 'NONE', #9053, 1000.000000000000000 ) ;
#2627 = VERTEX_POINT ( 'NONE', #946 ) ;
#2628 = CIRCLE ( 'NONE', #5030, 0.05999999999999972716 ) ;
#2629 = VERTEX_POINT ( 'NONE', #6908 ) ;
#2630 = LINE ( 'NONE', #8105, #7939 ) ;
#2631 = DIRECTION ( 'NONE',  ( -1.047444401652941269E-14, 1.000000000000000000, -3.491481338843170037E-15 ) ) ;
#2632 = EDGE_CURVE ( 'NONE', #1052, #7673, #9201, .T. ) ;
#2633 = CARTESIAN_POINT ( 'NONE',  ( 18.45299606311285245, -0.3473164965880324306, -0.1009845837977867422 ) ) ;
#2634 = CARTESIAN_POINT ( 'NONE',  ( 1.584045087257837325, -0.8160471443862370444, 4.458956801675581616 ) ) ;
#2635 = CARTESIAN_POINT ( 'NONE',  ( 1.101886547524477900, 0.8080802352918987630, 7.379402673544210423 ) ) ;
#2636 = VECTOR ( 'NONE', #9145, 1000.000000000000227 ) ;
#2637 = CARTESIAN_POINT ( 'NONE',  ( 1.450000001159365226, 1.824000000000035593, 21.00100000600095029 ) ) ;
#2638 = CIRCLE ( 'NONE', #9570, 0.3499999999999987566 ) ;
#2639 = CIRCLE ( 'NONE', #7007, 0.4500000000000002887 ) ;
#2640 = EDGE_CURVE ( 'NONE', #650, #10029, #1637, .T. ) ;
#2641 = ORIENTED_EDGE ( 'NONE', *, *, #168, .T. ) ;
#2642 = DIRECTION ( 'NONE',  ( -1.000000000000000000, 0.000000000000000000, 8.673617379884032317E-15 ) ) ;
#2643 = VECTOR ( 'NONE', #2585, 1000.000000000000000 ) ;
#2644 = ORIENTED_EDGE ( 'NONE', *, *, #8652, .F. ) ;
#2645 = EDGE_CURVE ( 'NONE', #3995, #7713, #10819, .T. ) ;
#2646 = DIRECTION ( 'NONE',  ( -1.000000000000000000, 0.000000000000000000, 9.637352644315579367E-15 ) ) ;
#2647 = CARTESIAN_POINT ( 'NONE',  ( 2.699999999998545785, -0.8149999999999999467, 9.324932431938870891 ) ) ;
#2648 = CARTESIAN_POINT ( 'NONE',  ( -6.500000000000066613, 2.825000000000000622, -0.2999999999998672062 ) ) ;
#2649 = CARTESIAN_POINT ( 'NONE',  ( 18.45619544297609593, 0.7445721889914760361, -0.05091076159731582063 ) ) ;
#2650 = VECTOR ( 'NONE', #2316, 1000.000000000000227 ) ;
#2651 = CARTESIAN_POINT ( 'NONE',  ( 0.5329286506829818970, 1.334813352221621452, -7.397090619741004680 ) ) ;
#2652 = ORIENTED_EDGE ( 'NONE', *, *, #1847, .T. ) ;
#2653 = LINE ( 'NONE', #1734, #4380 ) ;
#2654 = ORIENTED_EDGE ( 'NONE', *, *, #7035, .F. ) ;
#2655 = VERTEX_POINT ( 'NONE', #118 ) ;
#2656 = LINE ( 'NONE', #10469, #5556 ) ;
#2657 = VERTEX_POINT ( 'NONE', #6833 ) ;
#2658 = CARTESIAN_POINT ( 'NONE',  ( 7.499999999999877431, 2.825000000000001510, -5.402965055624962432 ) ) ;
#2659 = AXIS2_PLACEMENT_3D ( 'NONE', #2974, #10693, #7158 ) ;
#2660 = ADVANCED_FACE ( 'NONE', ( #2441 ), #4417, .F. ) ;
#2661 = DIRECTION ( 'NONE',  ( 1.000000000000000000, 1.071446852809204308E-14, 0.000000000000000000 ) ) ;
#2662 = CARTESIAN_POINT ( 'NONE',  ( -2.299999998840651205, 1.858999999999980668, 16.50100000600096450 ) ) ;
#2663 = CARTESIAN_POINT ( 'NONE',  ( 18.46264275098494778, 0.4459919049884548681, 0.4918491346511613682 ) ) ;
#2664 = ORIENTED_EDGE ( 'NONE', *, *, #9851, .T. ) ;
#2665 = ORIENTED_EDGE ( 'NONE', *, *, #4678, .T. ) ;
#2666 = ORIENTED_EDGE ( 'NONE', *, *, #4247, .F. ) ;
#2667 = ORIENTED_EDGE ( 'NONE', *, *, #1813, .T. ) ;
#2668 = CARTESIAN_POINT ( 'NONE',  ( 18.49999999999980460, -0.3424984431954307129, 0.1016186706481421592 ) ) ;
#2669 = CARTESIAN_POINT ( 'NONE',  ( 14.98260586164928831, 1.196509518712543407, 0.1324704681479560719 ) ) ;
#2670 = ORIENTED_EDGE ( 'NONE', *, *, #6730, .T. ) ;
#2671 = DIRECTION ( 'NONE',  ( -1.000000000000000000, -1.703767317532270218E-17, 7.084610675889280174E-15 ) ) ;
#2672 = CARTESIAN_POINT ( 'NONE',  ( 0.9919033010572736453, 0.6999999999999998446, 7.491272467535888602 ) ) ;
#2673 = DIRECTION ( 'NONE',  ( 0.0001058369763249489412, 1.212755240074266992E-16, -0.9999999943992671225 ) ) ;
#2674 = CARTESIAN_POINT ( 'NONE',  ( 0.6603611092176305819, 1.925000000000001377, -2.762230273688348170 ) ) ;
#2675 = EDGE_CURVE ( 'NONE', #7452, #8556, #8142, .T. ) ;
#2676 = LINE ( 'NONE', #9401, #6911 ) ;
#2677 = CARTESIAN_POINT ( 'NONE',  ( 7.499999999999989342, 1.904000000000024340, -0.5000000000000490719 ) ) ;
#2678 = CARTESIAN_POINT ( 'NONE',  ( -16.75000000000000000, 0.3801383402170966930, 0.4706390865240330790 ) ) ;
#2679 = VERTEX_POINT ( 'NONE', #9558 ) ;
#2680 = DIRECTION ( 'NONE',  ( -7.084610675889280174E-15, 1.212737214708358339E-16, -1.000000000000000000 ) ) ;
#2681 = AXIS2_PLACEMENT_3D ( 'NONE', #4587, #211, #6328 ) ;
#2682 = VERTEX_POINT ( 'NONE', #10316 ) ;
#2683 = CARTESIAN_POINT ( 'NONE',  ( -18.49999999999834088, -0.3500433898616689965, 0.05113230411108229956 ) ) ;
#2684 = ADVANCED_FACE ( 'NONE', ( #10436 ), #6462, .F. ) ;
#2685 =( BOUNDED_CURVE ( )  B_SPLINE_CURVE ( 3, ( #8509, #879, #3481, #7542 ),
 .UNSPECIFIED., .F., .F. ) 
 B_SPLINE_CURVE_WITH_KNOTS ( ( 4, 4 ),
 ( 5.497939437029718768, 7.068431177329451920 ),
 .UNSPECIFIED. ) 
 CURVE ( )  GEOMETRIC_REPRESENTATION_ITEM ( )  RATIONAL_B_SPLINE_CURVE ( ( 1.000000000000000000, 0.8048096403827860179, 0.8048096403827860179, 1.000000000000000000 ) ) 
 REPRESENTATION_ITEM ( '' )  );
#2686 = CARTESIAN_POINT ( 'NONE',  ( 1.000000001159340846, 1.705000000000006510, 13.87500000600095085 ) ) ;
#2687 = ORIENTED_EDGE ( 'NONE', *, *, #1479, .T. ) ;
#2688 = DIRECTION ( 'NONE',  ( 0.000000000000000000, -0.000000000000000000, -1.000000000000000000 ) ) ;
#2689 = CARTESIAN_POINT ( 'NONE',  ( 12.69654243516055558, 1.925000000000000488, 6.196813483191195182 ) ) ;
#2690 = CARTESIAN_POINT ( 'NONE',  ( 18.49999999999999645, 0.4385113985351355992, -0.4957070745592204730 ) ) ;
#2691 = DIRECTION ( 'NONE',  ( -1.703767317533126255E-17, 1.000000000000000000, 1.212737214708384717E-16 ) ) ;
#2692 = PLANE ( 'NONE',  #1410 ) ;
#2693 = CARTESIAN_POINT ( 'NONE',  ( 0.5367621636606607627, 0.7701726022895617474, -7.402566086932890421 ) ) ;
#2694 = ORIENTED_EDGE ( 'NONE', *, *, #7662, .T. ) ;
#2695 = CARTESIAN_POINT ( 'NONE',  ( -2.552244423029837339, 1.925000000000000044, 6.519957384592526495 ) ) ;
#2696 = VECTOR ( 'NONE', #9457, 1000.000000000000000 ) ;
#2697 = CARTESIAN_POINT ( 'NONE',  ( 18.46786919440777908, 0.4468961968129427920, 0.4936330232189033995 ) ) ;
#2698 = EDGE_CURVE ( 'NONE', #6802, #8042, #8809, .T. ) ;
#2699 = ORIENTED_EDGE ( 'NONE', *, *, #5252, .F. ) ;
#2700 = DIRECTION ( 'NONE',  ( -3.587854865286240571E-15, -3.491481338843207903E-15, -1.000000000000000000 ) ) ;
#2701 = B_SPLINE_CURVE_WITH_KNOTS ( 'NONE', 3,
 ( #3128, #3915, #519, #3023, #1263, #4688 ),
 .UNSPECIFIED., .F., .F.,
 ( 4, 2, 4 ),
 ( 0.000000000000000000, 0.0003492667025779860098, 0.0006985334051559720196 ),
 .UNSPECIFIED. ) ;
#2702 = CARTESIAN_POINT ( 'NONE',  ( 14.99291105298954818, 0.6061255022401040859, -0.7214003937328886673 ) ) ;
#2703 = ORIENTED_EDGE ( 'NONE', *, *, #854, .F. ) ;
#2704 = DIRECTION ( 'NONE',  ( 0.000000000000000000, 0.9998476951563911586, -0.01745240643728354982 ) ) ;
#2705 = CARTESIAN_POINT ( 'NONE',  ( -12.38977695522281586, 1.925000000000001377, -6.019702350770754329 ) ) ;
#2706 = CARTESIAN_POINT ( 'NONE',  ( -0.09999999998407289870, 1.704999999999945670, -0.2499999881956684045 ) ) ;
#2707 = EDGE_CURVE ( 'NONE', #9748, #1155, #7475, .T. ) ;
#2708 = LOCAL_TIME ( 13, 33, 9.000000000000000000, #1764 ) ;
#2709 = AXIS2_PLACEMENT_3D ( 'NONE', #6653, #7554, #3300 ) ;
#2710 = CARTESIAN_POINT ( 'NONE',  ( -8.514586297939969128, 2.825000000000001066, -0.7999999999998533839 ) ) ;
#2711 = PLANE ( 'NONE',  #8026 ) ;
#2712 = VERTEX_POINT ( 'NONE', #6003 ) ;
#2713 = CARTESIAN_POINT ( 'NONE',  ( 11.14206531500060571, 2.825000000000001066, -1.735734640076431967 ) ) ;
#2714 = ADVANCED_FACE ( 'NONE', ( #3659 ), #8244, .T. ) ;
#2715 = CARTESIAN_POINT ( 'NONE',  ( -12.28283666301316757, 1.925000000000000044, 5.509150635094787418 ) ) ;
#2716 = CARTESIAN_POINT ( 'NONE',  ( -9.764586297939976234, 2.925000000000001155, -2.066987298107629378 ) ) ;
#2717 = LINE ( 'NONE', #2592, #808 ) ;
#2718 = DIRECTION ( 'NONE',  ( 0.6526717070970342593, 0.000000000000000000, 0.7576408402106126205 ) ) ;
#2719 = OPEN_SHELL ( 'NONE', ( #10535, #2437, #972, #395 ) ) ;
#2720 = EDGE_CURVE ( 'NONE', #2838, #522, #3377, .T. ) ;
#2721 = CARTESIAN_POINT ( 'NONE',  ( -3.124999998840652271, 1.704999999999970539, 16.00000000600096683 ) ) ;
#2722 = CARTESIAN_POINT ( 'NONE',  ( -12.69654243516064440, 1.925000000000000044, 5.303186516808985118 ) ) ;
#2723 = AXIS2_PLACEMENT_3D ( 'NONE', #6441, #1292, #2281 ) ;
#2724 = CARTESIAN_POINT ( 'NONE',  ( 18.44993974253575786, -0.04860289564859408135, 0.4906877741993693753 ) ) ;
#2725 = CARTESIAN_POINT ( 'NONE',  ( 17.14999999999999858, 0.2000000000000000389, 0.000000000000000000 ) ) ;
#2726 = LINE ( 'NONE', #7063, #6963 ) ;
#2727 = ADVANCED_FACE ( 'NONE', ( #3111 ), #5639, .T. ) ;
#2728 = ORIENTED_EDGE ( 'NONE', *, *, #10537, .T. ) ;
#2729 = AXIS2_PLACEMENT_3D ( 'NONE', #2391, #10936, #3219 ) ;
#2730 = DIRECTION ( 'NONE',  ( 0.000000000000000000, 1.000000000000000000, -0.000000000000000000 ) ) ;
#2731 = ORIENTED_EDGE ( 'NONE', *, *, #5179, .T. ) ;
#2732 = DIRECTION ( 'NONE',  ( 0.01744974916068272111, -0.9996954598818874604, 0.01744974916068271764 ) ) ;
#2733 = EDGE_CURVE ( 'NONE', #57, #7896, #150, .T. ) ;
#2734 = CARTESIAN_POINT ( 'NONE',  ( 18.45159516495838048, -0.2104117186739316581, -0.3779674820933173751 ) ) ;
#2735 = LINE ( 'NONE', #5481, #2995 ) ;
#2736 = CARTESIAN_POINT ( 'NONE',  ( 15.00351620469938396, -0.5309887479276510502, -0.3297594679427469089 ) ) ;
#2737 = DIRECTION ( 'NONE',  ( -1.000000000000000000, 0.000000000000000000, 7.709882115452471067E-15 ) ) ;
#2738 = CIRCLE ( 'NONE', #2493, 0.06000000000000015737 ) ;
#2739 = CARTESIAN_POINT ( 'NONE',  ( -18.49999999999608491, 0.1031025765160130808, -0.5669811623338457673 ) ) ;
#2740 = ORIENTED_EDGE ( 'NONE', *, *, #2820, .F. ) ;
#2741 = ORIENTED_EDGE ( 'NONE', *, *, #3639, .F. ) ;
#2742 = CARTESIAN_POINT ( 'NONE',  ( 15.00000000000000178, 0.1619999999999990892, -0.4500000000000001776 ) ) ;
#2743 = ORIENTED_EDGE ( 'NONE', *, *, #3811, .T. ) ;
#2744 = CARTESIAN_POINT ( 'NONE',  ( 0.8089123694387154728, -0.8750000000000344169, 5.208301650433036833 ) ) ;
#2745 = CIRCLE ( 'NONE', #7689, 4.207698506541663441 ) ;
#2746 = CARTESIAN_POINT ( 'NONE',  ( -12.72499999999999964, 1.924999999999999822, 6.275000000000182432 ) ) ;
#2747 = AXIS2_PLACEMENT_3D ( 'NONE', #3526, #799, #9326 ) ;
#2748 = CYLINDRICAL_SURFACE ( 'NONE', #10122, 0.2500000000000002220 ) ;
#2749 = DIRECTION ( 'NONE',  ( -1.000000000000000000, 0.000000000000000000, 0.000000000000000000 ) ) ;
#2750 = DIRECTION ( 'NONE',  ( 1.703767317533126255E-17, -1.000000000000000000, -1.212737214708384717E-16 ) ) ;
#2751 = EDGE_LOOP ( 'NONE', ( #10207, #8506, #9298, #8775 ) ) ;
#2752 = CARTESIAN_POINT ( 'NONE',  ( -3.124999998840631399, 1.704999999999989857, 21.50000000600097039 ) ) ;
#2753 = EDGE_CURVE ( 'NONE', #603, #8360, #6811, .T. ) ;
#2754 = VERTEX_POINT ( 'NONE', #3735 ) ;
#2755 = PLANE ( 'NONE',  #1346 ) ;
#2756 = ORIENTED_EDGE ( 'NONE', *, *, #2026, .F. ) ;
#2757 = LINE ( 'NONE', #10908, #4354 ) ;
#2758 = ORIENTED_EDGE ( 'NONE', *, *, #10739, .F. ) ;
#2759 = CARTESIAN_POINT ( 'NONE',  ( -0.9982849567959708459, 1.826745240643728563, 6.499923847578292779 ) ) ;
#2760 = CARTESIAN_POINT ( 'NONE',  ( 13.16368060961653796, 1.925000000000001821, -5.572888867579749217 ) ) ;
#2761 = CIRCLE ( 'NONE', #2007, 0.4249999999999998224 ) ;
#2762 = LINE ( 'NONE', #6829, #7928 ) ;
#2763 = EDGE_CURVE ( 'NONE', #1566, #10735, #2043, .T. ) ;
#2764 = CARTESIAN_POINT ( 'NONE',  ( 14.97091903892126830, 1.866047144386236978, 2.499999999999963141 ) ) ;
#2765 = EDGE_CURVE ( 'NONE', #1071, #2107, #5073, .T. ) ;
#2766 = CIRCLE ( 'NONE', #467, 0.4499999999999990119 ) ;
#2767 = FACE_OUTER_BOUND ( 'NONE', #7112, .T. ) ;
#2768 = ORIENTED_EDGE ( 'NONE', *, *, #854, .T. ) ;
#2769 = VECTOR ( 'NONE', #3446, 1000.000000000000000 ) ;
#2770 = OPEN_SHELL ( 'NONE', ( #10590, #7428, #9335, #9445 ) ) ;
#2771 = VECTOR ( 'NONE', #5050, 1000.000000000000000 ) ;
#2772 = DIRECTION ( 'NONE',  ( 6.506203961289808851E-15, 0.000000000000000000, -1.000000000000000000 ) ) ;
#2773 = CARTESIAN_POINT ( 'NONE',  ( -18.44999999999999929, 0.2000000000000001499, 0.000000000000000000 ) ) ;
#2774 = B_SPLINE_CURVE_WITH_KNOTS ( 'NONE', 3,
 ( #521, #8241, #8301, #5745, #3093, #1401, #10751, #7367, #3174, #636, #9082, #9158, #7332, #10034, #10899, #8199 ),
 .UNSPECIFIED., .F., .F.,
 ( 4, 3, 3, 3, 3, 4 ),
 ( -1.068706369586452062E-05, 0.000000000000000000, 1.720395723243585163E-05, 3.398012722506633465E-05, 5.075600446835695198E-05, 6.753190011515068311E-05 ),
 .UNSPECIFIED. ) ;
#2775 = CARTESIAN_POINT ( 'NONE',  ( 15.18615437724342954, 0.8359684560284231791, -0.4967646473869266610 ) ) ;
#2776 = EDGE_CURVE ( 'NONE', #9002, #2990, #9339, .T. ) ;
#2777 = DIRECTION ( 'NONE',  ( -1.000000000000000000, 0.000000000000000000, 6.938893903907226800E-15 ) ) ;
#2778 = CARTESIAN_POINT ( 'NONE',  ( -6.505213034913051256E-16, 0.2000000000000000111, -7.500000000000000000 ) ) ;
#2779 = DIRECTION ( 'NONE',  ( -1.000000000000000000, 0.000000000000000000, 6.663069862790352920E-15 ) ) ;
#2780 = CIRCLE ( 'NONE', #4589, 4.750000000000000888 ) ;
#2781 = CIRCLE ( 'NONE', #3455, 4.749969997069317884 ) ;
#2782 = CARTESIAN_POINT ( 'NONE',  ( -15.18772848475246917, -0.3638240089923085452, 0.6423245744909581445 ) ) ;
#2783 = ORIENTED_EDGE ( 'NONE', *, *, #4579, .T. ) ;
#2785 = EDGE_CURVE ( 'NONE', #4494, #9127, #8942, .T. ) ;
#2784 = ORIENTED_EDGE ( 'NONE', *, *, #9744, .F. ) ;
#2786 = VERTEX_POINT ( 'NONE', #257 ) ;
#2787 = VECTOR ( 'NONE', #4620, 1000.000000000000000 ) ;
#2788 = ORIENTED_EDGE ( 'NONE', *, *, #570, .T. ) ;
#2789 = CARTESIAN_POINT ( 'NONE',  ( -3.680607150881429757, 1.704999999999920357, 3.226800010766819771 ) ) ;
#2790 = CARTESIAN_POINT ( 'NONE',  ( 3.125000001159363716, 1.705000000000055360, 21.50000000600094552 ) ) ;
#2791 = CARTESIAN_POINT ( 'NONE',  ( -2.266401807570114446, 1.925000000000000044, 6.354926073610988269 ) ) ;
#2792 = CARTESIAN_POINT ( 'NONE',  ( -6.000000000000095923, 2.825000000000001066, -4.327032419940804786 ) ) ;
#2793 = CARTESIAN_POINT ( 'NONE',  ( -12.30783666301316792, 1.925000000000000044, 6.034150635094783333 ) ) ;
#2794 = ADVANCED_FACE ( 'NONE', ( #7087 ), #2866, .T. ) ;
#2795 = EDGE_CURVE ( 'NONE', #6989, #6011, #10568, .T. ) ;
#2796 = DIRECTION ( 'NONE',  ( -1.000000000000000000, 0.000000000000000000, 0.000000000000000000 ) ) ;
#2797 = LINE ( 'NONE', #4720, #4114 ) ;
#2798 = AXIS2_PLACEMENT_3D ( 'NONE', #7839, #6093, #3589 ) ;
#2799 = DIRECTION ( 'NONE',  ( -1.703767317533126255E-17, 1.000000000000000000, 1.212737214708384717E-16 ) ) ;
#2800 = VERTEX_POINT ( 'NONE', #1172 ) ;
#2801 = ORIENTED_EDGE ( 'NONE', *, *, #1967, .T. ) ;
#2802 = ORIENTED_EDGE ( 'NONE', *, *, #6012, .T. ) ;
#2803 = ORIENTED_EDGE ( 'NONE', *, *, #10729, .T. ) ;
#2804 = DIRECTION ( 'NONE',  ( -0.000000000000000000, -1.000000000000000000, 0.000000000000000000 ) ) ;
#2805 = CARTESIAN_POINT ( 'NONE',  ( 3.125000001159346397, 1.824000000000036037, 16.00000000600094197 ) ) ;
#2806 = CARTESIAN_POINT ( 'NONE',  ( -13.87794990882725621, -0.3750000000000000000, 3.480563360842449772 ) ) ;
#2807 = DIRECTION ( 'NONE',  ( 1.000000000000000000, 0.000000000000000000, 0.000000000000000000 ) ) ;
#2808 = LINE ( 'NONE', #8665, #5835 ) ;
#2809 = ORIENTED_EDGE ( 'NONE', *, *, #3884, .F. ) ;
#2810 = VERTEX_POINT ( 'NONE', #3764 ) ;
#2811 = AXIS2_PLACEMENT_3D ( 'NONE', #7410, #9229, #3272 ) ;
#2812 = ORIENTED_EDGE ( 'NONE', *, *, #2960, .F. ) ;
#2813 = CARTESIAN_POINT ( 'NONE',  ( -14.98836218993540648, -0.4667296920665679472, 0.7634070539464867799 ) ) ;
#2814 = CARTESIAN_POINT ( 'NONE',  ( -0.3499999999840748277, 1.704999999999942339, -0.4999999881956685988 ) ) ;
#2815 = CARTESIAN_POINT ( 'NONE',  ( 15.01991398827859037, -0.5999991995443917370, -0.06899462798090408300 ) ) ;
#2816 = DIRECTION ( 'NONE',  ( 1.000000000000000000, 1.071446852809204308E-14, 0.000000000000000000 ) ) ;
#2817 = CARTESIAN_POINT ( 'NONE',  ( -0.9999999988406678142, 1.604999999999978222, 11.75000000600095973 ) ) ;
#2818 = VERTEX_POINT ( 'NONE', #2805 ) ;
#2819 = ORIENTED_EDGE ( 'NONE', *, *, #778, .T. ) ;
#2820 = EDGE_CURVE ( 'NONE', #4725, #3447, #6289, .T. ) ;
#2821 = CARTESIAN_POINT ( 'NONE',  ( -18.50000000000000000, -0.07121550018489558598, 0.5352844436880276335 ) ) ;
#2822 = CARTESIAN_POINT ( 'NONE',  ( 10.00000000000000000, 0.1999999999999999833, -2.500000000000001332 ) ) ;
#2823 = AXIS2_PLACEMENT_3D ( 'NONE', #962, #3442, #1000 ) ;
#2824 = PLANE ( 'NONE',  #3783 ) ;
#2825 = DIRECTION ( 'NONE',  ( -3.491481338843084446E-15, -3.491481338843206719E-15, -1.000000000000000000 ) ) ;
#2826 = DIRECTION ( 'NONE',  ( -1.000000000000000000, 0.000000000000000000, 6.938893903907222067E-15 ) ) ;
#2827 = ORIENTED_EDGE ( 'NONE', *, *, #8388, .T. ) ;
#2828 = APPROVAL ( #4109, 'UNSPECIFIED' ) ;
#2829 = EDGE_CURVE ( 'NONE', #1903, #1903, #5926, .T. ) ;
#2830 = DIRECTION ( 'NONE',  ( -1.703767317533126255E-17, 1.000000000000000000, 1.212737214708384717E-16 ) ) ;
#2831 = CARTESIAN_POINT ( 'NONE',  ( -7.749999999999999112, 0.6999999999999999556, 4.750000000000000000 ) ) ;
#2832 = LINE ( 'NONE', #10407, #258 ) ;
#2833 = CALENDAR_DATE ( 2024, 26, 1 ) ;
#2834 = DIRECTION ( 'NONE',  ( -3.593523896253485142E-15, -3.491481338843207903E-15, -1.000000000000000000 ) ) ;
#2835 = EDGE_LOOP ( 'NONE', ( #5023, #9628, #4517, #9341 ) ) ;
#2836 = CARTESIAN_POINT ( 'NONE',  ( -2.696456176721496512, 1.925000000000000044, 7.057761593811346046 ) ) ;
#2837 = VERTEX_POINT ( 'NONE', #10527 ) ;
#2838 = VERTEX_POINT ( 'NONE', #3627 ) ;
#2839 = ADVANCED_FACE ( 'NONE', ( #3785 ), #3428, .T. ) ;
#2840 = LINE ( 'NONE', #7325, #1485 ) ;
#2841 = DIRECTION ( 'NONE',  ( -1.000000000000000000, 0.000000000000000000, 0.000000000000000000 ) ) ;
#2842 = CARTESIAN_POINT ( 'NONE',  ( 12.72499999999987885, 1.925000000000001821, -5.224999999999996092 ) ) ;
#2843 = EDGE_CURVE ( 'NONE', #293, #5042, #3178, .T. ) ;
#2844 = B_SPLINE_CURVE_WITH_KNOTS ( 'NONE', 3,
 ( #4174, #10940, #1609, #10130, #10869, #5898, #3252 ),
 .UNSPECIFIED., .F., .F.,
 ( 4, 3, 4 ),
 ( 5.896753516458599947E-05, 0.0002589531182199936621, 0.0005001244264378505375 ),
 .UNSPECIFIED. ) ;
#2845 = CARTESIAN_POINT ( 'NONE',  ( 15.01917204942392736, -0.5903585406905744737, 0.1402792923533758562 ) ) ;
#2846 = CARTESIAN_POINT ( 'NONE',  ( 0.8000612195931725568, -0.3785072682272900280, 4.632197200164131168 ) ) ;
#2847 = DIRECTION ( 'NONE',  ( -0.9848077530122057999, -3.783779336864408971E-17, 0.1736481776669427379 ) ) ;
#2848 = EDGE_LOOP ( 'NONE', ( #3157, #9292, #6442, #10144 ) ) ;
#2849 = EDGE_CURVE ( 'NONE', #6564, #5916, #584, .T. ) ;
#2850 = VERTEX_POINT ( 'NONE', #7080 ) ;
#2851 = CIRCLE ( 'NONE', #9847, 0.2499999967830899839 ) ;
#2852 = CARTESIAN_POINT ( 'NONE',  ( -0.8934019617075739106, 0.1860986173235148478, -7.408230003227592952 ) ) ;
#2853 = VECTOR ( 'NONE', #8339, 1000.000000000000000 ) ;
#2854 = CARTESIAN_POINT ( 'NONE',  ( 1.260269726311445959, 1.925000000000001599, -5.311712958891548375 ) ) ;
#2855 = DIRECTION ( 'NONE',  ( -1.000000000000000000, 0.000000000000000000, 6.938893903907226800E-15 ) ) ;
#2856 = DIRECTION ( 'NONE',  ( 0.6427876096865268174, -8.194945521410845327E-17, 0.7660444431189885606 ) ) ;
#2857 = CARTESIAN_POINT ( 'NONE',  ( 1.050000001159365315, 1.824000000000031374, 21.00100000600095385 ) ) ;
#2858 = CARTESIAN_POINT ( 'NONE',  ( -9.014586297939976234, 2.825000000000001066, -1.633974596215415076 ) ) ;
#2859 = ORIENTED_EDGE ( 'NONE', *, *, #4743, .F. ) ;
#2860 = VERTEX_POINT ( 'NONE', #6979 ) ;
#2861 = CARTESIAN_POINT ( 'NONE',  ( -15.00000000000000000, 0.3129999999999998339, 0.3749999999999997780 ) ) ;
#2862 = AXIS2_PLACEMENT_3D ( 'NONE', #175, #9378, #9461 ) ;
#2863 = LINE ( 'NONE', #5332, #3537 ) ;
#2864 = VECTOR ( 'NONE', #4815, 1000.000000000000114 ) ;
#2865 = DIRECTION ( 'NONE',  ( -1.703767317533126255E-17, 1.000000000000000000, 1.212737214708384717E-16 ) ) ;
#2866 = PLANE ( 'NONE',  #2427 ) ;
#2867 = AXIS2_PLACEMENT_3D ( 'NONE', #6555, #547, #1513 ) ;
#2868 = ORIENTED_EDGE ( 'NONE', *, *, #5177, .T. ) ;
#2869 = CARTESIAN_POINT ( 'NONE',  ( 15.00000000000000000, 0.3129999999999997784, -0.4500000000000001221 ) ) ;
#2870 = VERTEX_POINT ( 'NONE', #8680 ) ;
#2871 = VECTOR ( 'NONE', #3979, 1000.000000000000114 ) ;
#2872 = LINE ( 'NONE', #1973, #8560 ) ;
#2873 = AXIS2_PLACEMENT_3D ( 'NONE', #2139, #10592, #3037 ) ;
#2874 = VERTEX_POINT ( 'NONE', #10638 ) ;
#2875 = ORIENTED_EDGE ( 'NONE', *, *, #5797, .F. ) ;
#2876 = DIRECTION ( 'NONE',  ( 0.3420201433256503942, 1.197872485827500963E-16, -0.9396926207859149782 ) ) ;
#2877 = VERTEX_POINT ( 'NONE', #4500 ) ;
#2878 = EDGE_CURVE ( 'NONE', #1225, #1225, #7665, .T. ) ;
#2879 = CARTESIAN_POINT ( 'NONE',  ( 11.73207028027911392, 2.825000000000001954, -5.403109303582679601 ) ) ;
#2880 = CARTESIAN_POINT ( 'NONE',  ( -14.98466589161030527, -0.6784904812874568147, -0.4712850322845280049 ) ) ;
#2881 = VECTOR ( 'NONE', #1440, 1000.000000000000114 ) ;
#2882 = VECTOR ( 'NONE', #7260, 1000.000000000000000 ) ;
#2883 = CARTESIAN_POINT ( 'NONE',  ( -1.209651652024170465, 0.6810029670817313585, 7.491604061978921258 ) ) ;
#2884 = ORIENTED_EDGE ( 'NONE', *, *, #3985, .F. ) ;
#2885 = DIRECTION ( 'NONE',  ( -0.4130001665388969290, -1.146147008224612369E-15, 0.9107309495338583583 ) ) ;
#2886 = CARTESIAN_POINT ( 'NONE',  ( 1.211869793991681155, 0.8080802352918987630, 7.489385920011413234 ) ) ;
#2887 = AXIS2_PLACEMENT_3D ( 'NONE', #9609, #6267, #4643 ) ;
#2888 = CARTESIAN_POINT ( 'NONE',  ( -0.9919033010572734232, 0.6999999999999999556, 7.491272467535890378 ) ) ;
#2889 = VECTOR ( 'NONE', #6301, 1000.000000000000000 ) ;
#2890 = CARTESIAN_POINT ( 'NONE',  ( 15.00000000000000000, -0.1400000000000001243, -0.1500000000000001887 ) ) ;
#2891 = ADVANCED_FACE ( 'NONE', ( #8269 ), #5428, .T. ) ;
#2892 = ORIENTED_EDGE ( 'NONE', *, *, #9222, .F. ) ;
#2893 = CARTESIAN_POINT ( 'NONE',  ( -15.19990861245377189, 0.1930190374250866092, -0.9999756327838832393 ) ) ;
#2894 = LINE ( 'NONE', #7909, #7657 ) ;
#2895 = VERTEX_POINT ( 'NONE', #1350 ) ;
#2896 = LINE ( 'NONE', #1338, #3020 ) ;
#2897 = EDGE_CURVE ( 'NONE', #9086, #1093, #9954, .T. ) ;
#2898 = DIRECTION ( 'NONE',  ( 0.000000000000000000, 1.000000000000000000, -0.000000000000000000 ) ) ;
#2899 = DIRECTION ( 'NONE',  ( -1.047444401652941269E-14, 1.000000000000000000, -3.491481338843170037E-15 ) ) ;
#2900 = FACE_BOUND ( 'NONE', #10928, .T. ) ;
#2901 = LINE ( 'NONE', #291, #2889 ) ;
#2902 = LINE ( 'NONE', #7282, #871 ) ;
#2903 = EDGE_LOOP ( 'NONE', ( #5066, #9386, #9309, #3801 ) ) ;
#2904 = EDGE_CURVE ( 'NONE', #10095, #3983, #7400, .T. ) ;
#2905 = CARTESIAN_POINT ( 'NONE',  ( 18.50000000000000000, -0.04727668043419337718, -0.4912781730480662579 ) ) ;
#2906 = LINE ( 'NONE', #5176, #1550 ) ;
#2907 = ORIENTED_EDGE ( 'NONE', *, *, #6543, .T. ) ;
#2908 = CARTESIAN_POINT ( 'NONE',  ( 3.125000001159363716, 1.824000000000055355, 21.50000000600094552 ) ) ;
#2909 = LINE ( 'NONE', #2432, #3842 ) ;
#2910 = VERTEX_POINT ( 'NONE', #9765 ) ;
#2911 = CARTESIAN_POINT ( 'NONE',  ( 4.532310591625272167, -0.8749999999999998890, 5.221220098824306710 ) ) ;
#2912 = EDGE_CURVE ( 'NONE', #6357, #8965, #4863, .T. ) ;
#2913 = CARTESIAN_POINT ( 'NONE',  ( 14.78469635257902937, -0.6750000000000000444, 2.499999999999966249 ) ) ;
#2914 = CIRCLE ( 'NONE', #5999, 4.207698506541666106 ) ;
#2915 = EDGE_CURVE ( 'NONE', #3417, #1530, #9935, .T. ) ;
#2916 = VERTEX_POINT ( 'NONE', #2144 ) ;
#2917 = LINE ( 'NONE', #10944, #329 ) ;
#2918 = ORIENTED_EDGE ( 'NONE', *, *, #8607, .T. ) ;
#2919 = VERTEX_POINT ( 'NONE', #438 ) ;
#2920 = CARTESIAN_POINT ( 'NONE',  ( -13.87794990882725621, -0.3750000000000000000, 3.280563360842450038 ) ) ;
#2921 = EDGE_CURVE ( 'NONE', #6367, #6717, #8472, .T. ) ;
#2922 = VERTEX_POINT ( 'NONE', #8085 ) ;
#2923 = CARTESIAN_POINT ( 'NONE',  ( 14.98769729926089234, -0.5048212532983926693, 0.3784569005046290457 ) ) ;
#2924 = CARTESIAN_POINT ( 'NONE',  ( 1.045361089381742659, 0.6999999999999997335, 5.463237233218273481 ) ) ;
#2925 = CARTESIAN_POINT ( 'NONE',  ( 18.50000000000004263, -0.2128341194786848301, 0.3778438638544855954 ) ) ;
#2926 = CIRCLE ( 'NONE', #10919, 0.1000000000000000472 ) ;
#2927 = AXIS2_PLACEMENT_3D ( 'NONE', #4344, #896, #10260 ) ;
#2928 = CARTESIAN_POINT ( 'NONE',  ( -14.97091903892126474, 1.866047144386236978, 2.499999999999965805 ) ) ;
#2929 = VERTEX_POINT ( 'NONE', #8040 ) ;
#2930 = VERTEX_POINT ( 'NONE', #8010 ) ;
#2931 = VERTEX_POINT ( 'NONE', #3007 ) ;
#2932 = ORIENTED_EDGE ( 'NONE', *, *, #3112, .F. ) ;
#2933 = DIRECTION ( 'NONE',  ( 1.000000000000000000, 1.703767317532268061E-17, -6.911138328291599464E-15 ) ) ;
#2934 = DIRECTION ( 'NONE',  ( -0.000000000000000000, -1.000000000000000000, -0.000000000000000000 ) ) ;
#2935 = ORIENTED_EDGE ( 'NONE', *, *, #4535, .T. ) ;
#2936 = CARTESIAN_POINT ( 'NONE',  ( -12.38977695522269684, 1.925000000000000044, 6.019702350771107824 ) ) ;
#2937 = EDGE_CURVE ( 'NONE', #3900, #3900, #5130, .T. ) ;
#2938 = DIRECTION ( 'NONE',  ( 1.000000000000000000, 1.047489704872263896E-14, -3.491475577288402355E-15 ) ) ;
#2939 = ORIENTED_EDGE ( 'NONE', *, *, #6863, .F. ) ;
#2940 = CARTESIAN_POINT ( 'NONE',  ( -15.00000000000000000, 0.3129999999999997784, -0.3750000000000001110 ) ) ;
#2941 = AXIS2_PLACEMENT_3D ( 'NONE', #1572, #2397, #7502 ) ;
#2942 = PLANE ( 'NONE',  #3920 ) ;
#2943 = FACE_OUTER_BOUND ( 'NONE', #10097, .T. ) ;
#2944 = VERTEX_POINT ( 'NONE', #2947 ) ;
#2945 = VERTEX_POINT ( 'NONE', #3833 ) ;
#2946 = DIRECTION ( 'NONE',  ( -1.000000000000000000, 0.000000000000000000, 8.673617379884030739E-15 ) ) ;
#2947 = CARTESIAN_POINT ( 'NONE',  ( 18.45138030200387647, 0.4454113971054414756, 0.4907047638173723247 ) ) ;
#2948 = CARTESIAN_POINT ( 'NONE',  ( -14.96551132255142669, 2.175855007724226908, 0.9862062943202943854 ) ) ;
#2949 = ORIENTED_EDGE ( 'NONE', *, *, #7897, .F. ) ;
#2950 = EDGE_CURVE ( 'NONE', #5564, #6729, #5414, .T. ) ;
#2951 = ADVANCED_FACE ( 'NONE', ( #65, #5945, #3712, #2900, #3731, #7133 ), #1247, .T. ) ;
#2952 = AXIS2_PLACEMENT_3D ( 'NONE', #1647, #4265, #11023 ) ;
#2953 = PLANE ( 'NONE',  #6049 ) ;
#2954 = ORIENTED_EDGE ( 'NONE', *, *, #5464, .F. ) ;
#2955 = CARTESIAN_POINT ( 'NONE',  ( 14.98432573992628214, -0.6979777582140073156, 0.3983465209495650750 ) ) ;
#2956 = DIRECTION ( 'NONE',  ( -3.491481338843084446E-15, -3.491481338843206719E-15, -1.000000000000000000 ) ) ;
#2957 = CARTESIAN_POINT ( 'NONE',  ( 1.903199812719668760, 1.925000000000000044, 6.865269726311646004 ) ) ;
#2958 = AXIS2_PLACEMENT_3D ( 'NONE', #8416, #10196, #8508 ) ;
#2959 = VECTOR ( 'NONE', #10627, 1000.000000000000000 ) ;
#2960 = EDGE_CURVE ( 'NONE', #2194, #74, #5662, .T. ) ;
#2961 = DIRECTION ( 'NONE',  ( -1.000000000000000000, -0.000000000000000000, -0.000000000000000000 ) ) ;
#2962 = ORIENTED_EDGE ( 'NONE', *, *, #2560, .F. ) ;
#2963 = CARTESIAN_POINT ( 'NONE',  ( 12.74999999999991118, 1.925000000000000488, 5.750000000000000888 ) ) ;
#2964 = ORIENTED_EDGE ( 'NONE', *, *, #4073, .F. ) ;
#2965 = DIRECTION ( 'NONE',  ( -1.047444401652941269E-14, 1.000000000000000000, -3.491481338843170037E-15 ) ) ;
#2966 = DIRECTION ( 'NONE',  ( -1.000000000000000000, 0.000000000000000000, 6.938893903907222067E-15 ) ) ;
#2967 = DIRECTION ( 'NONE',  ( -1.000000000000000000, 0.000000000000000000, 0.000000000000000000 ) ) ;
#2968 = DIRECTION ( 'NONE',  ( 1.000000000000000000, 1.047444401652940007E-14, -3.491481338843121128E-15 ) ) ;
#2969 = EDGE_CURVE ( 'NONE', #1633, #6253, #9691, .T. ) ;
#2970 = LOCAL_TIME ( 13, 33, 9.000000000000000000, #948 ) ;
#2971 = EDGE_CURVE ( 'NONE', #8844, #6916, #10465, .T. ) ;
#2972 = ORIENTED_EDGE ( 'NONE', *, *, #9006, .T. ) ;
#2973 = CARTESIAN_POINT ( 'NONE',  ( -0.1999999988406500617, 1.824000000000003396, 16.75100000600095740 ) ) ;
#2974 = CARTESIAN_POINT ( 'NONE',  ( -7.749999999999999112, 0.6999999999999999556, -5.699999999999999289 ) ) ;
#2975 = EDGE_CURVE ( 'NONE', #5975, #2800, #8593, .T. ) ;
#2976 = CARTESIAN_POINT ( 'NONE',  ( -10.00000000000013323, 2.675000000000001599, -7.249999999999841904 ) ) ;
#2977 = CARTESIAN_POINT ( 'NONE',  ( -9.999999999999966249, 0.2000000000000000111, 7.499999999999999112 ) ) ;
#2978 = CYLINDRICAL_SURFACE ( 'NONE', #6999, 0.1000000000000000333 ) ;
#2979 = CARTESIAN_POINT ( 'NONE',  ( -1.210873104725003646, 0.7509800222383062884, 7.490382607937678294 ) ) ;
#2980 = EDGE_LOOP ( 'NONE', ( #7264, #8194, #2731, #5249 ) ) ;
#2981 = DIRECTION ( 'NONE',  ( -1.000000000000000000, -1.040834085586082363E-14, 3.469446951953607878E-15 ) ) ;
#2982 = DIRECTION ( 'NONE',  ( 1.047444401652941269E-14, -1.000000000000000000, 3.491481338843170432E-15 ) ) ;
#2983 = EDGE_CURVE ( 'NONE', #1322, #2194, #2091, .T. ) ;
#2984 = FACE_OUTER_BOUND ( 'NONE', #1934, .T. ) ;
#2985 = DIRECTION ( 'NONE',  ( 1.703767317533126255E-17, -1.000000000000000000, -1.212737214708384717E-16 ) ) ;
#2986 = CARTESIAN_POINT ( 'NONE',  ( -14.99997980988476698, 0.1988433090730541142, 1.000008215804218947 ) ) ;
#2987 = VECTOR ( 'NONE', #4238, 1000.000000000000227 ) ;
#2988 = DIRECTION ( 'NONE',  ( -1.000000000000000000, -1.703767317532268061E-17, 6.911138328291599464E-15 ) ) ;
#2989 = CARTESIAN_POINT ( 'NONE',  ( 7.135655683835943286, 1.859000000000039510, 5.085914517740552476 ) ) ;
#2990 = VERTEX_POINT ( 'NONE', #9947 ) ;
#2991 = EDGE_CURVE ( 'NONE', #9608, #3642, #10231, .T. ) ;
#2992 = ORIENTED_EDGE ( 'NONE', *, *, #5404, .T. ) ;
#2993 = AXIS2_PLACEMENT_3D ( 'NONE', #8924, #6434, #3931 ) ;
#2994 = DIRECTION ( 'NONE',  ( -3.587854865286240571E-15, -3.491481338843207903E-15, -1.000000000000000000 ) ) ;
#2995 = VECTOR ( 'NONE', #9095, 1000.000000000000000 ) ;
#2996 = CARTESIAN_POINT ( 'NONE',  ( -18.45140509807813345, 0.4454123484010240053, 0.4907050562564135299 ) ) ;
#2997 = CIRCLE ( 'NONE', #9162, 5.749999997850463451 ) ;
#2998 = DIRECTION ( 'NONE',  ( -1.000000000000000000, 0.000000000000000000, 6.938893903907226800E-15 ) ) ;
#2999 = DIRECTION ( 'NONE',  ( 0.9694874772068158286, 0.000000000000000000, 0.2451408402106098339 ) ) ;
#3000 = ORIENTED_EDGE ( 'NONE', *, *, #6593, .F. ) ;
#3001 = DIRECTION ( 'NONE',  ( -0.000000000000000000, -1.000000000000000000, 0.000000000000000000 ) ) ;
#3002 = ORIENTED_EDGE ( 'NONE', *, *, #10597, .F. ) ;
#3003 = CARTESIAN_POINT ( 'NONE',  ( -9.014586297939972681, 2.825000000000001066, -1.299999999999849942 ) ) ;
#3004 = EDGE_LOOP ( 'NONE', ( #9510, #223, #4891, #9400, #1326, #3771, #5185, #5324, #10898, #9806, #7572, #1511, #359, #5079, #7267, #7604, #4456, #6060, #9061, #2495, #6355, #3717 ) ) ;
#3005 = FACE_OUTER_BOUND ( 'NONE', #9956, .T. ) ;
#3006 = CARTESIAN_POINT ( 'NONE',  ( -12.80345756483948172, 1.925000000000001377, -5.303186516808621853 ) ) ;
#3007 = CARTESIAN_POINT ( 'NONE',  ( 12.80345756483926678, 1.925000000000000488, 5.303186516808808371 ) ) ;
#3008 = VECTOR ( 'NONE', #4429, 1000.000000000000227 ) ;
#3009 =( BOUNDED_SURFACE ( )  B_SPLINE_SURFACE ( 3, 2, ( 
 ( #8935, #4745, #5598 ),
 ( #4810, #6412, #3164 ),
 ( #4017, #10704, #9074 ),
 ( #9916, #5664, #10782 ) ),
 .UNSPECIFIED., .F., .F., .T. ) 
 B_SPLINE_SURFACE_WITH_KNOTS ( ( 4, 4 ),
 ( 3, 3 ),
 ( 0.0009319372213417039495, 0.001498900774520785240 ),
 ( 0.000000000000000000, 1.000000000000000000 ),
 .UNSPECIFIED. ) 
 GEOMETRIC_REPRESENTATION_ITEM ( )  RATIONAL_B_SPLINE_SURFACE ( (
 ( 1.000000000000000000, 0.7166442719914970505, 1.000000000000000000),
 ( 1.000000000000000000, 0.7209566812589002227, 1.000000000000000000),
 ( 1.000000000000000000, 0.7169439420986155609, 1.000000000000000000),
 ( 1.000000000000000000, 0.7065215683772221311, 1.000000000000000000) ) ) 
 REPRESENTATION_ITEM ( '' )  SURFACE ( )  );
#3010 = AXIS2_PLACEMENT_3D ( 'NONE', #9178, #4044, #10840 ) ;
#3011 = DIRECTION ( 'NONE',  ( -1.703767317533126255E-17, 1.000000000000000000, 1.212737214708384717E-16 ) ) ;
#3012 = VERTEX_POINT ( 'NONE', #8179 ) ;
#3013 = CARTESIAN_POINT ( 'NONE',  ( 15.00000000000000000, -0.1400000000000001243, -0.4500000000000000666 ) ) ;
#3014 = EDGE_LOOP ( 'NONE', ( #1492, #6667, #9969, #7980, #10759, #2935 ) ) ;
#3015 = CARTESIAN_POINT ( 'NONE',  ( -1.180344344756496300, 1.925000000000000266, 7.388169912579492404 ) ) ;
#3016 = VERTEX_POINT ( 'NONE', #9028 ) ;
#3017 = LINE ( 'NONE', #2000, #7123 ) ;
#3018 = ORIENTED_EDGE ( 'NONE', *, *, #3204, .T. ) ;
#3019 = FACE_OUTER_BOUND ( 'NONE', #8045, .T. ) ;
#3020 = VECTOR ( 'NONE', #3996, 1000.000000000000000 ) ;
#3021 = CARTESIAN_POINT ( 'NONE',  ( 0.6077289675089334597, -0.8749999999999996669, 6.708727532464105359 ) ) ;
#3022 = EDGE_CURVE ( 'NONE', #2910, #8079, #9395, .T. ) ;
#3023 = CARTESIAN_POINT ( 'NONE',  ( -1.045475989019341911, 0.6999999999999997335, 5.463062032069830209 ) ) ;
#3024 = CARTESIAN_POINT ( 'NONE',  ( 0.4983611092176897239, 1.925000000000000266, 5.901730273688515993 ) ) ;
#3025 = AXIS2_PLACEMENT_3D ( 'NONE', #10509, #2088, #6321 ) ;
#3026 = CARTESIAN_POINT ( 'NONE',  ( -14.99995520780321812, 0.1974338567651746645, 2.504622847218116455 ) ) ;
#3027 = CIRCLE ( 'NONE', #8528, 0.4499999999999990119 ) ;
#3028 = CIRCLE ( 'NONE', #1777, 0.1500000000000006051 ) ;
#3029 = ORIENTED_EDGE ( 'NONE', *, *, #9940, .T. ) ;
#3030 = VECTOR ( 'NONE', #9963, 1000.000000000000000 ) ;
#3031 = ORIENTED_EDGE ( 'NONE', *, *, #10799, .F. ) ;
#3032 = VECTOR ( 'NONE', #5129, 1000.000000000000000 ) ;
#3033 = CARTESIAN_POINT ( 'NONE',  ( -1.847755576970248947, 1.925000000000000044, 6.519957384592525607 ) ) ;
#3034 = DIRECTION ( 'NONE',  ( -1.271554164679870101E-16, 0.9998476951563911586, -0.01745240643728354982 ) ) ;
#3035 = CARTESIAN_POINT ( 'NONE',  ( -1.874999998840651383, 1.858999999999985109, 16.50100000600096450 ) ) ;
#3036 = CARTESIAN_POINT ( 'NONE',  ( -16.24999999999999645, -0.5999999999999998668, 0.000000000000000000 ) ) ;
#3037 = DIRECTION ( 'NONE',  ( -1.000000000000000000, -1.060108790874717848E-14, 3.854941057726246577E-15 ) ) ;
#3038 = DIRECTION ( 'NONE',  ( 0.000000000000000000, -1.000000000000000000, 0.000000000000000000 ) ) ;
#3039 = CARTESIAN_POINT ( 'NONE',  ( 18.50000000000001776, -0.2525660998664396861, -0.4068758892301444496 ) ) ;
#3040 = LINE ( 'NONE', #3425, #205 ) ;
#3041 = CARTESIAN_POINT ( 'NONE',  ( -13.16368060961666586, 1.925000000000000044, 5.927111132420431971 ) ) ;
#3042 = ORIENTED_EDGE ( 'NONE', *, *, #2969, .T. ) ;
#3043 = CIRCLE ( 'NONE', #518, 4.750000000222550867 ) ;
#3044 = ORIENTED_EDGE ( 'NONE', *, *, #980, .T. ) ;
#3045 = VECTOR ( 'NONE', #549, 1000.000000000000000 ) ;
#3046 = ORIENTED_EDGE ( 'NONE', *, *, #8243, .F. ) ;
#3047 = CARTESIAN_POINT ( 'NONE',  ( 14.98889984138257248, -0.4359276612900386816, -0.5067636169844649263 ) ) ;
#3048 = DIRECTION ( 'NONE',  ( 0.000000000000000000, 1.000000000000000000, 0.000000000000000000 ) ) ;
#3049 = CARTESIAN_POINT ( 'NONE',  ( -12.75000000000000711, 1.925000000000000044, 5.750000000000174083 ) ) ;
#3050 = CIRCLE ( 'NONE', #9330, 5.749969997209138484 ) ;
#3051 = VERTEX_POINT ( 'NONE', #6621 ) ;
#3052 = CARTESIAN_POINT ( 'NONE',  ( -14.98775894572119149, -0.5012895299529288584, -0.8029057181136974863 ) ) ;
#3053 = EDGE_CURVE ( 'NONE', #3983, #1138, #9111, .T. ) ;
#3054 = ORIENTED_EDGE ( 'NONE', *, *, #798, .F. ) ;
#3055 = VERTEX_POINT ( 'NONE', #3973 ) ;
#3056 = ORIENTED_EDGE ( 'NONE', *, *, #8228, .F. ) ;
#3057 = EDGE_CURVE ( 'NONE', #1311, #4731, #1708, .T. ) ;
#3058 = DIRECTION ( 'NONE',  ( 1.047444401652941269E-14, -1.000000000000000000, 3.491481338843170037E-15 ) ) ;
#3059 = VECTOR ( 'NONE', #686, 1000.000000000000000 ) ;
#3060 = EDGE_CURVE ( 'NONE', #6916, #7240, #10248, .T. ) ;
#3061 = CARTESIAN_POINT ( 'NONE',  ( -13.21716333698694967, 1.925000000000001377, -5.990849364905205476 ) ) ;
#3062 = DIRECTION ( 'NONE',  ( 7.588764686095039735E-15, -1.212737214708358339E-16, 1.000000000000000000 ) ) ;
#3063 = ORIENTED_EDGE ( 'NONE', *, *, #8417, .F. ) ;
#3064 = ORIENTED_EDGE ( 'NONE', *, *, #8202, .F. ) ;
#3065 = EDGE_LOOP ( 'NONE', ( #2405 ) ) ;
#3066 = AXIS2_PLACEMENT_3D ( 'NONE', #227, #5375, #261 ) ;
#3067 = CARTESIAN_POINT ( 'NONE',  ( 0.9919033010572743114, 0.5900000000000000799, 7.383175768593164712 ) ) ;
#3068 = CARTESIAN_POINT ( 'NONE',  ( -18.45408356835489982, 0.6117607483966800430, 0.3730786015410001988 ) ) ;
#3069 = ORIENTED_EDGE ( 'NONE', *, *, #7852, .F. ) ;
#3070 = CARTESIAN_POINT ( 'NONE',  ( -15.19990861245377367, 0.2055847700599307826, 0.7999805062271065914 ) ) ;
#3071 = DIRECTION ( 'NONE',  ( -1.809740458577830925E-15, 0.000000000000000000, 1.000000000000000000 ) ) ;
#3072 = EDGE_CURVE ( 'NONE', #628, #3954, #888, .T. ) ;
#3073 = CARTESIAN_POINT ( 'NONE',  ( -1.101886547524476567, 0.8080802352918987630, 7.379402673544210423 ) ) ;
#3074 = CARTESIAN_POINT ( 'NONE',  ( 0.5765718927996670295, 0.2000000000000000944, -7.464513258352146075 ) ) ;
#3075 = CARTESIAN_POINT ( 'NONE',  ( 18.50000000000000355, -0.1696722309670917750, 0.4842619386727566311 ) ) ;
#3076 = DIRECTION ( 'NONE',  ( -1.047444401652941269E-14, 1.000000000000000000, -3.491481338843170037E-15 ) ) ;
#3077 = ORIENTED_EDGE ( 'NONE', *, *, #10942, .F. ) ;
#3078 = ORIENTED_EDGE ( 'NONE', *, *, #156, .T. ) ;
#3079 = CARTESIAN_POINT ( 'NONE',  ( 1.000000001159339069, 1.824000000000006505, 13.87500000600095085 ) ) ;
#3080 = DIRECTION ( 'NONE',  ( 1.703767317533126255E-17, -1.000000000000000000, -1.212737214708384717E-16 ) ) ;
#3081 = AXIS2_PLACEMENT_3D ( 'NONE', #9303, #5056, #4124 ) ;
#3082 = DIRECTION ( 'NONE',  ( -0.000000000000000000, -1.000000000000000000, -0.000000000000000000 ) ) ;
#3083 = CARTESIAN_POINT ( 'NONE',  ( 9.999999999999966249, 1.866047144386236978, 7.470919038921264743 ) ) ;
#3084 = ORIENTED_EDGE ( 'NONE', *, *, #4221, .T. ) ;
#3085 = EDGE_CURVE ( 'NONE', #206, #7950, #604, .T. ) ;
#3086 = AXIS2_PLACEMENT_3D ( 'NONE', #6184, #249, #5476 ) ;
#3087 = CARTESIAN_POINT ( 'NONE',  ( -12.75000000000012257, 1.925000000000001377, -5.749999999999825029 ) ) ;
#3088 = LINE ( 'NONE', #4386, #5726 ) ;
#3089 = CARTESIAN_POINT ( 'NONE',  ( 0.8089970339715029102, -0.8750000000000108802, 6.560390572202204673 ) ) ;
#3090 = DIRECTION ( 'NONE',  ( 1.000000000000000000, 0.000000000000000000, 7.228014483236781950E-15 ) ) ;
#3091 = DIRECTION ( 'NONE',  ( -0.6427876096865242639, 8.194945521410877375E-17, -0.7660444431189906700 ) ) ;
#3092 = VERTEX_POINT ( 'NONE', #4009 ) ;
#3093 = CARTESIAN_POINT ( 'NONE',  ( 18.49763933555497530, -0.06387604244418397526, -0.5208092751137488596 ) ) ;
#3094 = ORIENTED_EDGE ( 'NONE', *, *, #8427, .F. ) ;
#3095 = AXIS2_PLACEMENT_3D ( 'NONE', #1766, #3366, #893 ) ;
#3096 = DIRECTION ( 'NONE',  ( -3.491481338843084446E-15, -3.491481338843206719E-15, -1.000000000000000000 ) ) ;
#3097 = EDGE_CURVE ( 'NONE', #10279, #8111, #7094, .T. ) ;
#3098 = LINE ( 'NONE', #8857, #945 ) ;
#3099 = CARTESIAN_POINT ( 'NONE',  ( -0.8897585648464680919, 0.7715648913874805226, -7.402552585543514141 ) ) ;
#3100 = CARTESIAN_POINT ( 'NONE',  ( -18.45575972726537017, 0.7156236255114175604, -0.2016150961765287852 ) ) ;
#3101 = CARTESIAN_POINT ( 'NONE',  ( 1.000000001159339069, 1.824000000000006505, 13.87500000600095085 ) ) ;
#3102 = CARTESIAN_POINT ( 'NONE',  ( 12.80345756483922948, 1.925000000000001821, -6.196813483191189853 ) ) ;
#3103 = ADVANCED_FACE ( 'NONE', ( #3448 ), #1981, .T. ) ;
#3104 = DIRECTION ( 'NONE',  ( -0.8660254037844353769, -7.539191852662399200E-17, 0.5000000000000055511 ) ) ;
#3105 = ORIENTED_EDGE ( 'NONE', *, *, #7587, .T. ) ;
#3106 = DIRECTION ( 'NONE',  ( 0.01745240643728354635, -0.9998476951563911586, 0.000000000000000000 ) ) ;
#3107 = CARTESIAN_POINT ( 'NONE',  ( 18.50000000000000000, -0.3593617653315736016, 0.2152732513713163098 ) ) ;
#3108 = EDGE_CURVE ( 'NONE', #10801, #9980, #5939, .T. ) ;
#3109 = ORIENTED_EDGE ( 'NONE', *, *, #1823, .T. ) ;
#3110 = CYLINDRICAL_SURFACE ( 'NONE', #629, 0.4250000000000000444 ) ;
#3111 = FACE_OUTER_BOUND ( 'NONE', #3255, .T. ) ;
#3112 = EDGE_CURVE ( 'NONE', #10095, #1272, #5151, .T. ) ;
#3113 = DIRECTION ( 'NONE',  ( 1.000000000000000000, 0.000000000000000000, 0.000000000000000000 ) ) ;
#3114 = CARTESIAN_POINT ( 'NONE',  ( -9.014586297939993997, 2.825000000000001066, -4.327032419940784358 ) ) ;
#3115 = DIRECTION ( 'NONE',  ( -1.703767317533126255E-17, 1.000000000000000000, 1.212737214708384717E-16 ) ) ;
#3116 = ORIENTED_EDGE ( 'NONE', *, *, #7082, .F. ) ;
#3117 = CARTESIAN_POINT ( 'NONE',  ( 1.271474807068422308, 1.925000000000000044, 7.500000000000079048 ) ) ;
#3118 = VERTEX_POINT ( 'NONE', #2400 ) ;
#3119 = CARTESIAN_POINT ( 'NONE',  ( 15.00000000000000000, -0.1400000000000001243, -0.3000000000000002109 ) ) ;
#3120 = CIRCLE ( 'NONE', #1135, 1.483785659952007618 ) ;
#3121 = EDGE_CURVE ( 'NONE', #10844, #1668, #512, .T. ) ;
#3122 = LINE ( 'NONE', #8780, #4822 ) ;
#3123 = CARTESIAN_POINT ( 'NONE',  ( 3.125000001159366825, 1.605000000000055493, 21.50000000600094907 ) ) ;
#3124 = ORIENTED_EDGE ( 'NONE', *, *, #7327, .F. ) ;
#3125 = EDGE_CURVE ( 'NONE', #10524, #5280, #5679, .T. ) ;
#3126 = ORIENTED_EDGE ( 'NONE', *, *, #2036, .T. ) ;
#3127 = CARTESIAN_POINT ( 'NONE',  ( 1.099918546799085739, 0.6953335492448714517, 7.381370674269602361 ) ) ;
#3128 = CARTESIAN_POINT ( 'NONE',  ( -1.461096144062473234, 0.6999999999999999556, 5.291297657023427803 ) ) ;
#3129 = CIRCLE ( 'NONE', #7394, 0.2076985065416663279 ) ;
#3130 = FACE_OUTER_BOUND ( 'NONE', #3014, .T. ) ;
#3131 = CARTESIAN_POINT ( 'NONE',  ( 12.28283666301304322, 1.925000000000001821, -5.509150635094602677 ) ) ;
#3132 = EDGE_CURVE ( 'NONE', #4260, #5870, #10870, .T. ) ;
#3133 = VERTEX_POINT ( 'NONE', #6799 ) ;
#3134 = AXIS2_PLACEMENT_3D ( 'NONE', #9273, #780, #10389 ) ;
#3135 = ORIENTED_EDGE ( 'NONE', *, *, #9576, .T. ) ;
#3136 = CARTESIAN_POINT ( 'NONE',  ( -0.8859286506829546770, 1.334813352221632332, -7.397090619740969153 ) ) ;
#3137 = ORIENTED_EDGE ( 'NONE', *, *, #10177, .F. ) ;
#3138 = CARTESIAN_POINT ( 'NONE',  ( 13.11022304477721079, 1.925000000000000488, 5.480297649229060930 ) ) ;
#3139 = VECTOR ( 'NONE', #3096, 1000.000000000000000 ) ;
#3140 = CARTESIAN_POINT ( 'NONE',  ( 13.74999999999991296, 1.925000000000001155, -7.632783294297954371E-15 ) ) ;
#3141 = CARTESIAN_POINT ( 'NONE',  ( -14.99997968099783385, 0.2011640748543263857, -1.000008114687864103 ) ) ;
#3142 = VECTOR ( 'NONE', #4675, 1000.000000000000227 ) ;
#3143 = CARTESIAN_POINT ( 'NONE',  ( 12.30783666301304002, 1.925000000000001821, -6.034150635094604809 ) ) ;
#3144 = FACE_OUTER_BOUND ( 'NONE', #855, .T. ) ;
#3145 =( BOUNDED_CURVE ( )  B_SPLINE_CURVE ( 3, ( #10009, #1523, #3218, #9132 ),
 .UNSPECIFIED., .F., .F. ) 
 B_SPLINE_CURVE_WITH_KNOTS ( ( 4, 4 ),
 ( 1.574286815170081733, 4.708898492009504722 ),
 .UNSPECIFIED. ) 
 CURVE ( )  GEOMETRIC_REPRESENTATION_ITEM ( )  RATIONAL_B_SPLINE_CURVE ( ( 1.000000000000000000, 0.3356603208583043285, 0.3356603208583043285, 1.000000000000000000 ) ) 
 REPRESENTATION_ITEM ( '' )  );
#3146 = DIRECTION ( 'NONE',  ( -0.000000000000000000, 0.000000000000000000, -1.000000000000000000 ) ) ;
#3147 = AXIS2_PLACEMENT_3D ( 'NONE', #4529, #1201, #8847 ) ;
#3148 = EDGE_LOOP ( 'NONE', ( #3672, #1368, #7775, #10678, #6973, #7985 ) ) ;
#3149 = EDGE_CURVE ( 'NONE', #617, #10633, #2917, .T. ) ;
#3150 = CARTESIAN_POINT ( 'NONE',  ( 15.19698066808355641, 0.06022177344187885223, -0.8009226147744695767 ) ) ;
#3151 = CARTESIAN_POINT ( 'NONE',  ( -15.00000000000000000, -0.1400000000000001243, -0.3000000000000002109 ) ) ;
#3152 = CARTESIAN_POINT ( 'NONE',  ( -1.041261353465204875, 1.866047144386237422, -7.470919038921266520 ) ) ;
#3153 = LINE ( 'NONE', #4234, #856 ) ;
#3154 = EDGE_LOOP ( 'NONE', ( #295, #1026, #10771, #5478 ) ) ;
#3155 = CARTESIAN_POINT ( 'NONE',  ( 1.236809062915439794, 1.924999999999999600, 7.500000000000080824 ) ) ;
#3156 = CYLINDRICAL_SURFACE ( 'NONE', #6737, 0.9690474040684478041 ) ;
#3157 = ORIENTED_EDGE ( 'NONE', *, *, #807, .T. ) ;
#3158 = FACE_OUTER_BOUND ( 'NONE', #10406, .T. ) ;
#3159 = DIRECTION ( 'NONE',  ( 0.000000000000000000, 0.01745240643728366431, 0.9998476951563911586 ) ) ;
#3160 = DIRECTION ( 'NONE',  ( 8.673617379884105730E-17, 0.000000000000000000, 1.000000000000000000 ) ) ;
#3161 = AXIS2_PLACEMENT_3D ( 'NONE', #9663, #7129, #7880 ) ;
#3162 = VECTOR ( 'NONE', #8322, 1000.000000000000114 ) ;
#3163 = FACE_OUTER_BOUND ( 'NONE', #1521, .T. ) ;
#3164 = CARTESIAN_POINT ( 'NONE',  ( 18.49999999999999645, 0.2989871029196281560, -0.6191498921882573336 ) ) ;
#3165 = VECTOR ( 'NONE', #646, 1000.000000000000000 ) ;
#3166 = EDGE_LOOP ( 'NONE', ( #1970, #1590, #9500, #3770, #10006, #5802, #5196, #6607 ) ) ;
#3167 = CIRCLE ( 'NONE', #312, 0.06000000000000008105 ) ;
#3168 = ORIENTED_EDGE ( 'NONE', *, *, #1476, .F. ) ;
#3169 = FACE_OUTER_BOUND ( 'NONE', #2076, .T. ) ;
#3170 = EDGE_CURVE ( 'NONE', #1329, #10802, #1167, .T. ) ;
#3171 = ORIENTED_EDGE ( 'NONE', *, *, #1108, .F. ) ;
#3172 = CARTESIAN_POINT ( 'NONE',  ( -18.50000000000009237, 0.7424013865273403345, -0.1022290785611772584 ) ) ;
#3173 = CARTESIAN_POINT ( 'NONE',  ( 14.99999999999993072, 2.675000000000001155, 2.499999999999982236 ) ) ;
#3174 = CARTESIAN_POINT ( 'NONE',  ( 18.48556071098100162, -0.05511941458673488836, -0.5035390998511196647 ) ) ;
#3175 = AXIS2_PLACEMENT_3D ( 'NONE', #8022, #9783, #8059 ) ;
#3176 = CIRCLE ( 'NONE', #1236, 0.1000000000000000472 ) ;
#3177 = VERTEX_POINT ( 'NONE', #10211 ) ;
#3178 = LINE ( 'NONE', #5371, #10502 ) ;
#3179 = ORIENTED_EDGE ( 'NONE', *, *, #3072, .F. ) ;
#3180 = ORIENTED_EDGE ( 'NONE', *, *, #7587, .F. ) ;
#3181 = CARTESIAN_POINT ( 'NONE',  ( -0.6830000000000000515, 0.2000000000000000944, -7.293252277351547797 ) ) ;
#3182 = ORIENTED_EDGE ( 'NONE', *, *, #4478, .F. ) ;
#3183 = CARTESIAN_POINT ( 'NONE',  ( 1.098269726311535077, 1.824999999999999956, 7.500000000000081712 ) ) ;
#3184 = EDGE_CURVE ( 'NONE', #8288, #8343, #9414, .T. ) ;
#3185 = DIRECTION ( 'NONE',  ( 1.000000000000000000, -1.301042606982605321E-16, -0.000000000000000000 ) ) ;
#3186 = CARTESIAN_POINT ( 'NONE',  ( -1.250000000000087041, 1.925000000000000711, 9.645062526431047445E-14 ) ) ;
#3187 = DIRECTION ( 'NONE',  ( -0.000000000000000000, -1.000000000000000000, -0.000000000000000000 ) ) ;
#3188 = DIRECTION ( 'NONE',  ( -1.000000000000000000, -0.000000000000000000, -0.000000000000000000 ) ) ;
#3189 = CARTESIAN_POINT ( 'NONE',  ( 1.230336675081828535, 1.866047144386237644, 7.470919038921264743 ) ) ;
#3190 = EDGE_CURVE ( 'NONE', #5290, #3983, #10214, .T. ) ;
#3191 = DIRECTION ( 'NONE',  ( 0.000000000000000000, 0.000000000000000000, -1.000000000000000000 ) ) ;
#3192 = DIRECTION ( 'NONE',  ( 0.000000000000000000, 0.000000000000000000, 1.000000000000000000 ) ) ;
#3193 = CIRCLE ( 'NONE', #3235, 4.749999999630237113 ) ;
#3194 = EDGE_LOOP ( 'NONE', ( #1589, #4724, #10845, #2801 ) ) ;
#3195 = ORIENTED_EDGE ( 'NONE', *, *, #4292, .F. ) ;
#3196 = ORIENTED_EDGE ( 'NONE', *, *, #6877, .F. ) ;
#3197 = ORIENTED_EDGE ( 'NONE', *, *, #9010, .F. ) ;
#3198 = VERTEX_POINT ( 'NONE', #5016 ) ;
#3199 = CARTESIAN_POINT ( 'NONE',  ( 0.8268092426737869705, -0.8162147447397091193, 5.208532723003721721 ) ) ;
#3200 = CARTESIAN_POINT ( 'NONE',  ( -1.098269726311605243, 1.824999999999999956, 7.400000000000094502 ) ) ;
#3201 = EDGE_LOOP ( 'NONE', ( #2232, #7101, #9757, #4079 ) ) ;
#3202 = DIRECTION ( 'NONE',  ( -0.9746958665536169519, 0.000000000000000000, 0.2235351599263393219 ) ) ;
#3203 = DIRECTION ( 'NONE',  ( 0.000000000000000000, 0.000000000000000000, -1.000000000000000000 ) ) ;
#3204 = EDGE_CURVE ( 'NONE', #2253, #8391, #7381, .T. ) ;
#3205 = LINE ( 'NONE', #9739, #4404 ) ;
#3206 = VERTEX_POINT ( 'NONE', #8476 ) ;
#3207 = ORIENTED_EDGE ( 'NONE', *, *, #10023, .T. ) ;
#3208 = CARTESIAN_POINT ( 'NONE',  ( -12.75000000000012257, 1.925000000000001377, -5.749999999999825029 ) ) ;
#3209 = EDGE_CURVE ( 'NONE', #457, #3554, #239, .T. ) ;
#3210 = CARTESIAN_POINT ( 'NONE',  ( -18.14999999999999858, 0.2000000000000001499, 0.000000000000000000 ) ) ;
#3211 = ORIENTED_EDGE ( 'NONE', *, *, #1781, .F. ) ;
#3212 = CARTESIAN_POINT ( 'NONE',  ( -18.45130514645865816, 0.4379267378903320407, -0.4945779538410318144 ) ) ;
#3213 = CARTESIAN_POINT ( 'NONE',  ( -18.50000000002687983, 0.4663758392294058974, -0.5320603243434446350 ) ) ;
#3214 = CARTESIAN_POINT ( 'NONE',  ( 15.18838802783634101, -0.3335958506164593551, 0.6134027625316074150 ) ) ;
#3215 = CARTESIAN_POINT ( 'NONE',  ( 7.500003740878748992, 1.705000000000042704, 4.750000010723939958 ) ) ;
#3216 = ORIENTED_EDGE ( 'NONE', *, *, #10542, .T. ) ;
#3217 = DIRECTION ( 'NONE',  ( -1.000000000000000000, 0.000000000000000000, 0.000000000000000000 ) ) ;
#3218 = CARTESIAN_POINT ( 'NONE',  ( 14.96533230932091563, 2.186110668832012216, -0.9930613838960661299 ) ) ;
#3219 = DIRECTION ( 'NONE',  ( -1.000000000000000000, 0.000000000000000000, 6.897922088238998483E-15 ) ) ;
#3220 = DIRECTION ( 'NONE',  ( 1.000000000000000000, 0.000000000000000000, 0.000000000000000000 ) ) ;
#3221 = DIRECTION ( 'NONE',  ( -1.000000000000000000, 0.000000000000000000, 6.663069862790352920E-15 ) ) ;
#3222 = DIRECTION ( 'NONE',  ( 1.703767317533126255E-17, -1.000000000000000000, -1.212737214708384717E-16 ) ) ;
#3223 = FACE_OUTER_BOUND ( 'NONE', #10884, .T. ) ;
#3224 = AXIS2_PLACEMENT_3D ( 'NONE', #2247, #623, #3258 ) ;
#3225 = CARTESIAN_POINT ( 'NONE',  ( -1.271474807068493584, 1.925000000000000044, 7.500000000000095923 ) ) ;
#3226 = APPROVAL_DATE_TIME ( #7874, #8134 ) ;
#3227 = ORIENTED_EDGE ( 'NONE', *, *, #9630, .T. ) ;
#3228 = ORIENTED_EDGE ( 'NONE', *, *, #10167, .F. ) ;
#3229 = CARTESIAN_POINT ( 'NONE',  ( 15.00000000000000000, -0.1400000000000001243, 0.4499999999999999556 ) ) ;
#3230 = CARTESIAN_POINT ( 'NONE',  ( -14.99497279017266393, -0.08800865812100332197, -0.7600533696173150666 ) ) ;
#3231 = CIRCLE ( 'NONE', #8200, 0.7999999999999999334 ) ;
#3232 = CARTESIAN_POINT ( 'NONE',  ( 7.500000000015927704, 1.705000000000027827, 0.5000000238062595193 ) ) ;
#3233 = DATE_AND_TIME ( #6402, #2708 ) ;
#3234 = EDGE_CURVE ( 'NONE', #4696, #3206, #10757, .T. ) ;
#3235 = AXIS2_PLACEMENT_3D ( 'NONE', #6031, #1918, #10409 ) ;
#3236 = ORIENTED_EDGE ( 'NONE', *, *, #3204, .F. ) ;
#3237 = DIRECTION ( 'NONE',  ( 0.000000000000000000, 0.000000000000000000, -1.000000000000000000 ) ) ;
#3238 = VECTOR ( 'NONE', #9931, 1000.000000000000000 ) ;
#3239 = DIRECTION ( 'NONE',  ( 0.9848077530122099077, -4.280128095951181311E-18, 0.1736481776669199784 ) ) ;
#3240 = CARTESIAN_POINT ( 'NONE',  ( 3.633464585148477255, 1.858999999999996655, 3.323500006000942975 ) ) ;
#3241 = SECURITY_CLASSIFICATION ( '', '', #9134 ) ;
#3242 = CARTESIAN_POINT ( 'NONE',  ( 15.16466370823845544, -0.5999993876263903791, -0.06511724732289839168 ) ) ;
#3243 = ORIENTED_EDGE ( 'NONE', *, *, #19, .T. ) ;
#3244 = CARTESIAN_POINT ( 'NONE',  ( 0.000000000000000000, 0.6999999999999999556, 15.29323831536481926 ) ) ;
#3245 = CIRCLE ( 'NONE', #3609, 0.4250000000000000444 ) ;
#3246 = CARTESIAN_POINT ( 'NONE',  ( -6.500000000000070166, 2.925000000000001155, -0.7999999999998668176 ) ) ;
#3247 = DIRECTION ( 'NONE',  ( 0.000000000000000000, 1.000000000000000000, 0.000000000000000000 ) ) ;
#3248 = CIRCLE ( 'NONE', #9246, 0.5000000001171462927 ) ;
#3249 = PERSON_AND_ORGANIZATION_ROLE ( 'classification_officer' ) ;
#3250 = CARTESIAN_POINT ( 'NONE',  ( 15.00000000000000178, 0.2000000000000000111, -0.9999939082516362543 ) ) ;
#3251 = CARTESIAN_POINT ( 'NONE',  ( 1.050000001159365315, 1.824000000000031374, 21.00100000600095385 ) ) ;
#3252 = CARTESIAN_POINT ( 'NONE',  ( 4.599999999998543920, -0.3750000000000000000, 5.427376237343289667 ) ) ;
#3253 = ORIENTED_EDGE ( 'NONE', *, *, #7944, .F. ) ;
#3254 = CARTESIAN_POINT ( 'NONE',  ( 9.999999999999966249, 1.865000000000000435, 7.410928177211881795 ) ) ;
#3255 = EDGE_LOOP ( 'NONE', ( #3466, #7027, #8205, #1956 ) ) ;
#3256 = EDGE_CURVE ( 'NONE', #9354, #1727, #6342, .T. ) ;
#3257 = LINE ( 'NONE', #9532, #5368 ) ;
#3258 = DIRECTION ( 'NONE',  ( -1.000000000000000000, 0.000000000000000000, 6.936764332878106497E-15 ) ) ;
#3259 = CONICAL_SURFACE ( 'NONE', #9543, 4.999999999999999112, 0.01745329251994333364 ) ;
#3260 = DIRECTION ( 'NONE',  ( 0.6427876096865129396, 1.038526656440804027E-16, -0.7660444431190001069 ) ) ;
#3261 = EDGE_LOOP ( 'NONE', ( #5557, #10596, #2819, #6180 ) ) ;
#3262 = CARTESIAN_POINT ( 'NONE',  ( -12.28283666301316757, 1.925000000000000044, 5.509150635094787418 ) ) ;
#3263 = DIRECTION ( 'NONE',  ( -1.047444401652941269E-14, 1.000000000000000000, -3.491481338843170037E-15 ) ) ;
#3264 = CARTESIAN_POINT ( 'NONE',  ( 14.91092817721188091, 1.865000000000000435, 2.499999999999999556 ) ) ;
#3265 = VERTEX_POINT ( 'NONE', #10985 ) ;
#3266 = EDGE_CURVE ( 'NONE', #7675, #3374, #4241, .T. ) ;
#3267 = VERTEX_POINT ( 'NONE', #6029 ) ;
#3268 = AXIS2_PLACEMENT_3D ( 'NONE', #8139, #7308, #9798 ) ;
#3269 = FACE_OUTER_BOUND ( 'NONE', #2380, .T. ) ;
#3270 = DIRECTION ( 'NONE',  ( -1.000000000000000000, 0.000000000000000000, 1.042586331521414296E-14 ) ) ;
#3271 = EDGE_LOOP ( 'NONE', ( #1258, #9693, #7886, #8092, #2667, #2670 ) ) ;
#3272 = DIRECTION ( 'NONE',  ( 0.000000000000000000, 0.000000000000000000, 1.000000000000000000 ) ) ;
#3273 = VERTEX_POINT ( 'NONE', #6893 ) ;
#3274 = CARTESIAN_POINT ( 'NONE',  ( 18.45408473299807994, 0.6118321436194482654, -0.3729689755132251094 ) ) ;
#3275 = DIRECTION ( 'NONE',  ( -1.047444401652941269E-14, 1.000000000000000000, -3.491481338843170037E-15 ) ) ;
#3276 = ORIENTED_EDGE ( 'NONE', *, *, #5022, .F. ) ;
#3277 = LINE ( 'NONE', #2936, #1817 ) ;
#3278 = EDGE_CURVE ( 'NONE', #7353, #1433, #9670, .T. ) ;
#3279 = EDGE_LOOP ( 'NONE', ( #7414, #5875, #7067, #1697 ) ) ;
#3280 = LINE ( 'NONE', #5700, #10190 ) ;
#3281 = LINE ( 'NONE', #7, #7243 ) ;
#3282 = AXIS2_PLACEMENT_3D ( 'NONE', #477, #8962, #3159 ) ;
#3283 = DIRECTION ( 'NONE',  ( 3.636041628507818633E-15, 3.491481338843208297E-15, 1.000000000000000000 ) ) ;
#3284 = CARTESIAN_POINT ( 'NONE',  ( -14.75000000000006573, 2.925000000000000711, 2.500000000000191402 ) ) ;
#3285 = CARTESIAN_POINT ( 'NONE',  ( -15.00000000000000000, 0.3129999999999997784, 0.07499999999999970579 ) ) ;
#3286 = DIRECTION ( 'NONE',  ( 1.047444401652941269E-14, -1.000000000000000000, 3.491481338843170037E-15 ) ) ;
#3287 = DIRECTION ( 'NONE',  ( 0.000000000000000000, 0.000000000000000000, -1.000000000000000000 ) ) ;
#3288 = DIRECTION ( 'NONE',  ( -1.047444401652941269E-14, 1.000000000000000000, -3.491481338843170037E-15 ) ) ;
#3289 = LINE ( 'NONE', #4052, #5799 ) ;
#3290 = VECTOR ( 'NONE', #1223, 1000.000000000000000 ) ;
#3291 = CARTESIAN_POINT ( 'NONE',  ( -14.98394808704590986, -0.7196134772402899005, -0.3173667150461107478 ) ) ;
#3292 = ORIENTED_EDGE ( 'NONE', *, *, #620, .F. ) ;
#3293 = EDGE_LOOP ( 'NONE', ( #9115, #7535, #10907, #5012 ) ) ;
#3294 = VECTOR ( 'NONE', #4267, 1000.000000000000000 ) ;
#3295 = EDGE_CURVE ( 'NONE', #4596, #10503, #7151, .T. ) ;
#3296 = DIRECTION ( 'NONE',  ( -0.6427876096865441369, 8.194945521410640717E-17, -0.7660444431189740166 ) ) ;
#3297 = CARTESIAN_POINT ( 'NONE',  ( 3.496800187280251659, 1.925000000000000044, 6.865269726311635345 ) ) ;
#3298 = CARTESIAN_POINT ( 'NONE',  ( 3.910000000000000142, 0.6999999999999999556, 6.016200429382791093 ) ) ;
#3299 = AXIS2_PLACEMENT_3D ( 'NONE', #1006, #7781, #7006 ) ;
#3300 = DIRECTION ( 'NONE',  ( 0.01745240643728354635, 0.9998476951563911586, 0.000000000000000000 ) ) ;
#3301 = DIRECTION ( 'NONE',  ( -5.754656010973727542E-15, 1.212737214708358586E-16, -1.000000000000000000 ) ) ;
#3302 = LINE ( 'NONE', #7048, #9951 ) ;
#3303 = EDGE_LOOP ( 'NONE', ( #608, #8805, #498, #4422 ) ) ;
#3304 = CARTESIAN_POINT ( 'NONE',  ( 14.74999999999990763, 2.925000000000001599, -0.5915396985196733626 ) ) ;
#3305 = VERTEX_POINT ( 'NONE', #1767 ) ;
#3306 = VERTEX_POINT ( 'NONE', #969 ) ;
#3307 = VECTOR ( 'NONE', #8803, 1000.000000000000000 ) ;
#3308 = ORIENTED_EDGE ( 'NONE', *, *, #3132, .F. ) ;
#3309 = CARTESIAN_POINT ( 'NONE',  ( -1.703543823278586000, 1.925000000000000044, 6.542238406188338296 ) ) ;
#3310 = CARTESIAN_POINT ( 'NONE',  ( 9.999999999999895195, 2.825000000000001066, -2.499999999999980460 ) ) ;
#3311 = EDGE_CURVE ( 'NONE', #9495, #1876, #5931, .T. ) ;
#3312 = CIRCLE ( 'NONE', #9563, 1.483785659952007618 ) ;
#3313 = CARTESIAN_POINT ( 'NONE',  ( -18.49999999999999645, 0.7558798034171823055, -0.2167897254613111446 ) ) ;
#3314 = CARTESIAN_POINT ( 'NONE',  ( -18.50000000000000000, 0.4680112349276476236, -0.5352864521156859290 ) ) ;
#3315 = ORIENTED_EDGE ( 'NONE', *, *, #8123, .T. ) ;
#3316 = ORIENTED_EDGE ( 'NONE', *, *, #3149, .F. ) ;
#3317 = ORIENTED_EDGE ( 'NONE', *, *, #9602, .T. ) ;
#3318 = ORIENTED_EDGE ( 'NONE', *, *, #3390, .F. ) ;
#3319 = CARTESIAN_POINT ( 'NONE',  ( 18.49312478454782749, 0.4565700607800623478, -0.5127165653750884733 ) ) ;
#3320 = ADVANCED_FACE ( 'NONE', ( #5137 ), #1852, .F. ) ;
#3321 = EDGE_CURVE ( 'NONE', #5024, #8081, #9225, .T. ) ;
#3322 = CARTESIAN_POINT ( 'NONE',  ( -18.44993974253575786, -0.04860289564859441441, -0.4906877741993691533 ) ) ;
#3323 = CARTESIAN_POINT ( 'NONE',  ( -18.45164043243567065, -0.2148111626285299225, 0.3728425124657622214 ) ) ;
#3324 = LINE ( 'NONE', #562, #2242 ) ;
#3325 = CARTESIAN_POINT ( 'NONE',  ( -15.00000000000000000, 0.3129999999999997784, 0.2999999999999997669 ) ) ;
#3326 = EDGE_CURVE ( 'NONE', #8614, #8844, #298, .T. ) ;
#3327 = VERTEX_POINT ( 'NONE', #8591 ) ;
#3328 = CARTESIAN_POINT ( 'NONE',  ( -12.77500000000000568, 1.925000000000000044, 5.225000000000178169 ) ) ;
#3329 = ORIENTED_EDGE ( 'NONE', *, *, #4108, .T. ) ;
#3330 = CARTESIAN_POINT ( 'NONE',  ( -15.18443918986399943, 0.9145788713531665115, -0.4157558217267085521 ) ) ;
#3331 = CARTESIAN_POINT ( 'NONE',  ( -9.999999999999998224, -0.8149999999999999467, -6.767689368251049054 ) ) ;
#3332 = CARTESIAN_POINT ( 'NONE',  ( 18.50000000000003553, 0.6493166812767382501, -0.4070596760460732377 ) ) ;
#3333 = VERTEX_POINT ( 'NONE', #8701 ) ;
#3334 = EDGE_CURVE ( 'NONE', #934, #1329, #4732, .T. ) ;
#3335 = CARTESIAN_POINT ( 'NONE',  ( 15.00000000000000000, 0.3129999999999997784, 0.4499999999999999001 ) ) ;
#3336 = ORIENTED_EDGE ( 'NONE', *, *, #3406, .F. ) ;
#3337 = CARTESIAN_POINT ( 'NONE',  ( -0.3500000000000100253, 1.903999999999942183, -0.5000000000000213163 ) ) ;
#3338 = DIRECTION ( 'NONE',  ( -1.703767317533126255E-17, 1.000000000000000000, 1.212737214708384717E-16 ) ) ;
#3339 = CARTESIAN_POINT ( 'NONE',  ( -15.18463543064158117, -0.5055847700599308547, 0.3770280258276227370 ) ) ;
#3340 = ADVANCED_FACE ( 'NONE', ( #23 ), #4350, .F. ) ;
#3341 = EDGE_CURVE ( 'NONE', #6141, #8283, #6017, .T. ) ;
#3342 = VERTEX_POINT ( 'NONE', #3641 ) ;
#3343 = VERTEX_POINT ( 'NONE', #6258 ) ;
#3344 = CARTESIAN_POINT ( 'NONE',  ( 1.000000001159333962, 1.704999999999998961, 11.75000000600095262 ) ) ;
#3345 = EDGE_CURVE ( 'NONE', #10372, #1155, #4518, .T. ) ;
#3346 = CARTESIAN_POINT ( 'NONE',  ( 1.584045087257837325, -0.8160471443862370444, 4.458956801675582504 ) ) ;
#3347 = DIRECTION ( 'NONE',  ( 0.000000000000000000, 1.000000000000000000, -0.000000000000000000 ) ) ;
#3348 = CARTESIAN_POINT ( 'NONE',  ( -14.98466589161030349, -0.6784904812874564817, -0.4712850322845285600 ) ) ;
#3349 = CARTESIAN_POINT ( 'NONE',  ( 18.45140509807814055, 0.4454123484010242273, -0.4907050562564136964 ) ) ;
#3350 = ORIENTED_EDGE ( 'NONE', *, *, #10413, .T. ) ;
#3351 =( BOUNDED_CURVE ( )  B_SPLINE_CURVE ( 3, ( #5418, #405, #2948, #4603 ),
 .UNSPECIFIED., .F., .F. ) 
 B_SPLINE_CURVE_WITH_KNOTS ( ( 4, 4 ),
 ( 1.577777346072571030, 4.705407961107015424 ),
 .UNSPECIFIED. ) 
 CURVE ( )  GEOMETRIC_REPRESENTATION_ITEM ( )  RATIONAL_B_SPLINE_CURVE ( ( 1.000000000000000000, 0.3379873083832758418, 0.3379873083832758418, 1.000000000000000000 ) ) 
 REPRESENTATION_ITEM ( '' )  );
#3352 = CARTESIAN_POINT ( 'NONE',  ( -18.50000000000000355, 0.3736514466153444958, -0.5283362074035539147 ) ) ;
#3353 = CIRCLE ( 'NONE', #3095, 6.230563360842451104 ) ;
#3354 = AXIS2_PLACEMENT_3D ( 'NONE', #9340, #8490, #5143 ) ;
#3355 = PERSON_AND_ORGANIZATION ( #9160, #4030 ) ;
#3356 = CARTESIAN_POINT ( 'NONE',  ( -0.9999999988406591545, 1.604999999999985549, 13.87500000600095795 ) ) ;
#3357 = ORIENTED_EDGE ( 'NONE', *, *, #5404, .F. ) ;
#3358 = PERSON_AND_ORGANIZATION_ROLE ( 'creator' ) ;
#3359 = ORIENTED_EDGE ( 'NONE', *, *, #9590, .T. ) ;
#3360 = CARTESIAN_POINT ( 'NONE',  ( -14.99996343366260909, 0.2020948840658765566, -0.8000048695842888469 ) ) ;
#3361 = CARTESIAN_POINT ( 'NONE',  ( 1.150000000015935164, 1.704999999999970095, 2.976800011804329849 ) ) ;
#3362 = CARTESIAN_POINT ( 'NONE',  ( 0.9999999999998673283, 1.925000000000001821, -6.799999999999916334 ) ) ;
#3363 = AXIS2_PLACEMENT_3D ( 'NONE', #6736, #3347, #9306 ) ;
#3364 = LINE ( 'NONE', #7990, #7320 ) ;
#3365 = CARTESIAN_POINT ( 'NONE',  ( 15.00000000000000178, 0.2000000000000000111, 0.000000000000000000 ) ) ;
#3366 = DIRECTION ( 'NONE',  ( -0.000000000000000000, -1.000000000000000000, -0.000000000000000000 ) ) ;
#3367 = CARTESIAN_POINT ( 'NONE',  ( -18.44993974253575786, -0.04860289564859441441, -0.4906877741993691533 ) ) ;
#3368 = CARTESIAN_POINT ( 'NONE',  ( -12.61068682838814148, -0.8149999999999999467, -5.262873992591395655 ) ) ;
#3369 = VERTEX_POINT ( 'NONE', #9565 ) ;
#3370 = AXIS2_PLACEMENT_3D ( 'NONE', #9982, #4004, #9057 ) ;
#3371 = CARTESIAN_POINT ( 'NONE',  ( 4.162481670118183708, 2.825000000000001954, -10.10778373848834377 ) ) ;
#3372 = CARTESIAN_POINT ( 'NONE',  ( -18.50000000000004263, -0.2128341194786848301, 0.3778438638544855954 ) ) ;
#3373 = ADVANCED_FACE ( 'NONE', ( #4362 ), #7102, .T. ) ;
#3374 = VERTEX_POINT ( 'NONE', #5438 ) ;
#3375 = EDGE_CURVE ( 'NONE', #7627, #9703, #6249, .T. ) ;
#3376 = CIRCLE ( 'NONE', #8696, 0.5000000000000004441 ) ;
#3377 = LINE ( 'NONE', #11065, #5616 ) ;
#3378 = AXIS2_PLACEMENT_3D ( 'NONE', #8943, #2053, #1365 ) ;
#3379 = DIRECTION ( 'NONE',  ( -0.6427876096865339228, 8.194945521410762744E-17, -0.7660444431189825654 ) ) ;
#3380 = ORIENTED_EDGE ( 'NONE', *, *, #7888, .F. ) ;
#3381 = CARTESIAN_POINT ( 'NONE',  ( 4.532310631747492380, -0.8150000000000000577, 6.507728967510384877 ) ) ;
#3382 = VERTEX_POINT ( 'NONE', #2928 ) ;
#3383 = CARTESIAN_POINT ( 'NONE',  ( 12.61068682838814503, -0.8160471443862369334, -5.530563360842446485 ) ) ;
#3384 = CARTESIAN_POINT ( 'NONE',  ( -18.50000000000002132, -0.2524015220437250684, 0.4070249736084803338 ) ) ;
#3385 = CARTESIAN_POINT ( 'NONE',  ( 0.5767799320671304075, 1.925000000000000266, -7.355636539395100648 ) ) ;
#3386 = CARTESIAN_POINT ( 'NONE',  ( 14.98466589161030704, -0.6784904812874567037, 0.4712850322845280604 ) ) ;
#3387 = FACE_OUTER_BOUND ( 'NONE', #7141, .T. ) ;
#3388 = LINE ( 'NONE', #240, #6300 ) ;
#3389 = CARTESIAN_POINT ( 'NONE',  ( -15.00000000000000000, -0.1400000000000001243, -0.4500000000000000666 ) ) ;
#3390 = EDGE_CURVE ( 'NONE', #10258, #1437, #4622, .T. ) ;
#3391 = ADVANCED_FACE ( 'NONE', ( #4262 ), #10475, .T. ) ;
#3392 = ADVANCED_FACE ( 'NONE', ( #2943 ), #8786, .T. ) ;
#3393 = ORIENTED_EDGE ( 'NONE', *, *, #1476, .T. ) ;
#3394 = DIRECTION ( 'NONE',  ( 1.000000000000000000, 1.703767317532268061E-17, -6.911138328291599464E-15 ) ) ;
#3395 = ORIENTED_EDGE ( 'NONE', *, *, #5921, .T. ) ;
#3396 = DIRECTION ( 'NONE',  ( 1.000000000000000000, 0.000000000000000000, 0.000000000000000000 ) ) ;
#3397 = LINE ( 'NONE', #10644, #4329 ) ;
#3398 = B_SPLINE_CURVE_WITH_KNOTS ( 'NONE', 3,
 ( #3976, #10737, #1354, #8147, #4741, #10776, #10698 ),
 .UNSPECIFIED., .F., .F.,
 ( 4, 3, 4 ),
 ( -1.414313960910142982E-05, 0.000000000000000000, 3.656851924856638483E-06 ),
 .UNSPECIFIED. ) ;
#3399 = CARTESIAN_POINT ( 'NONE',  ( 1.024999999999862910, 1.925000000000001821, -7.324999999999918465 ) ) ;
#3400 = FACE_OUTER_BOUND ( 'NONE', #9508, .T. ) ;
#3401 = DIRECTION ( 'NONE',  ( -0.7071067811865500152, -9.875400524329113439E-15, -0.7071067811865451302 ) ) ;
#3402 = DIRECTION ( 'NONE',  ( 0.4999999999999739098, 1.135449601928845637E-16, -0.8660254037844536956 ) ) ;
#3403 = VERTEX_POINT ( 'NONE', #3033 ) ;
#3404 = ORIENTED_EDGE ( 'NONE', *, *, #6647, .T. ) ;
#3405 = DIRECTION ( 'NONE',  ( 1.047444401652941269E-14, -1.000000000000000000, 3.491481338843170037E-15 ) ) ;
#3406 = EDGE_CURVE ( 'NONE', #5863, #10258, #238, .T. ) ;
#3407 = EDGE_LOOP ( 'NONE', ( #319, #781, #5203, #1259 ) ) ;
#3408 = PLANE ( 'NONE',  #8258 ) ;
#3409 = LINE ( 'NONE', #6420, #3139 ) ;
#3410 = CARTESIAN_POINT ( 'NONE',  ( -12.28283666301328836, 1.925000000000001377, -5.509150635094426818 ) ) ;
#3411 = LINE ( 'NONE', #7077, #4203 ) ;
#3412 = DIRECTION ( 'NONE',  ( -1.000000000000000000, -1.703767317532268061E-17, 6.911138328291599464E-15 ) ) ;
#3413 = VECTOR ( 'NONE', #1908, 1000.000000000000000 ) ;
#3414 = EDGE_CURVE ( 'NONE', #7050, #4188, #10255, .T. ) ;
#3415 = DIRECTION ( 'NONE',  ( -0.4999999999999932832, -1.135449601928835037E-16, 0.8660254037844425934 ) ) ;
#3416 = EDGE_CURVE ( 'NONE', #3479, #8391, #8230, .T. ) ;
#3417 = VERTEX_POINT ( 'NONE', #7302 ) ;
#3418 = CARTESIAN_POINT ( 'NONE',  ( 1.581266275537591692, -0.6827566093770691680, 4.457207507951500780 ) ) ;
#3419 = ORIENTED_EDGE ( 'NONE', *, *, #734, .T. ) ;
#3420 = CARTESIAN_POINT ( 'NONE',  ( 18.50000000000000000, 0.7940538463386771495, 0.1129946195418487787 ) ) ;
#3421 = CIRCLE ( 'NONE', #7750, 2.101041666666692009 ) ;
#3422 = ORIENTED_EDGE ( 'NONE', *, *, #6308, .T. ) ;
#3423 = CIRCLE ( 'NONE', #7375, 0.1999999999999996503 ) ;
#3424 = AXIS2_PLACEMENT_3D ( 'NONE', #6081, #7106, #5360 ) ;
#3425 = CARTESIAN_POINT ( 'NONE',  ( -1.000000000000035527, 1.925000000000000044, 7.400000000000094502 ) ) ;
#3426 = CARTESIAN_POINT ( 'NONE',  ( 1.024999999999871569, 1.925000000000001821, -6.274999999999915978 ) ) ;
#3427 = CARTESIAN_POINT ( 'NONE',  ( 1.500000001159347285, 1.859000000000016195, 15.32600000600095314 ) ) ;
#3428 = TOROIDAL_SURFACE ( 'NONE', #7544, 4.750000000000000888, 0.2500000000000000000 ) ;
#3429 = CIRCLE ( 'NONE', #6930, 4.999999999999999112 ) ;
#3430 = CIRCLE ( 'NONE', #7716, 0.2500000000000002220 ) ;
#3431 = AXIS2_PLACEMENT_3D ( 'NONE', #9962, #9189, #8238 ) ;
#3432 = ADVANCED_FACE ( 'NONE', ( #3997 ), #6499, .T. ) ;
#3433 = EDGE_LOOP ( 'NONE', ( #1238, #4233, #10384, #7374 ) ) ;
#3434 = VECTOR ( 'NONE', #7366, 1000.000000000000000 ) ;
#3435 = EDGE_LOOP ( 'NONE', ( #9513, #3031, #10896, #5010, #8711, #4522, #9443, #4966, #5058, #1016, #9138, #9042, #4943, #5456, #8699, #10703, #1997, #3116, #2812, #5295, #5326, #7845, #10396, #5655 ) ) ;
#3436 = DIRECTION ( 'NONE',  ( 0.01745240643728354982, 0.9998476951563911586, 0.000000000000000000 ) ) ;
#3437 = ORIENTED_EDGE ( 'NONE', *, *, #2122, .T. ) ;
#3438 = CARTESIAN_POINT ( 'NONE',  ( -14.99999999999999822, 0.3129999999999997784, -0.1500000000000002442 ) ) ;
#3439 = CARTESIAN_POINT ( 'NONE',  ( 7.499964457802620110, 1.904000000000042769, 4.749969996936293626 ) ) ;
#3440 = CARTESIAN_POINT ( 'NONE',  ( -11.85785599921887012, 0.6999999999999999556, -2.800000000000000266 ) ) ;
#3441 = DIRECTION ( 'NONE',  ( 0.000000000000000000, 0.000000000000000000, -1.000000000000000000 ) ) ;
#3442 = DIRECTION ( 'NONE',  ( -0.000000000000000000, -1.000000000000000000, 0.000000000000000000 ) ) ;
#3443 = DIRECTION ( 'NONE',  ( -0.000000000000000000, 0.9998476951563911586, 0.01745240643728354982 ) ) ;
#3444 = AXIS2_PLACEMENT_3D ( 'NONE', #3927, #7186, #2967 ) ;
#3445 = VECTOR ( 'NONE', #3646, 1000.000000000000114 ) ;
#3446 = DIRECTION ( 'NONE',  ( 0.000000000000000000, 0.000000000000000000, -1.000000000000000000 ) ) ;
#3447 = VERTEX_POINT ( 'NONE', #10718 ) ;
#3448 = FACE_OUTER_BOUND ( 'NONE', #221, .T. ) ;
#3449 = VERTEX_POINT ( 'NONE', #8165 ) ;
#3450 = VERTEX_POINT ( 'NONE', #9048 ) ;
#3451 = EDGE_CURVE ( 'NONE', #11033, #9286, #6377, .T. ) ;
#3452 = EDGE_LOOP ( 'NONE', ( #4753, #7685, #4131, #5542, #6194 ) ) ;
#3453 = CARTESIAN_POINT ( 'NONE',  ( -12.72151883087702728, 0.6999999999999999556, -3.362269823059264251 ) ) ;
#3454 = CARTESIAN_POINT ( 'NONE',  ( 1.467163336986702094, 1.925000000000001821, -6.559150635094529669 ) ) ;
#3455 = AXIS2_PLACEMENT_3D ( 'NONE', #4910, #9948, #7469 ) ;
#3456 = DIRECTION ( 'NONE',  ( -0.000000000000000000, -1.000000000000000000, -0.000000000000000000 ) ) ;
#3457 = CARTESIAN_POINT ( 'NONE',  ( -18.50000000000000000, -0.1604172757557284223, -0.4890554655038422682 ) ) ;
#3458 = ADVANCED_FACE ( 'NONE', ( #10778 ), #1455, .F. ) ;
#3459 = PLANE ( 'NONE',  #9102 ) ;
#3460 = FACE_BOUND ( 'NONE', #841, .T. ) ;
#3461 = ORIENTED_EDGE ( 'NONE', *, *, #4263, .T. ) ;
#3462 = ORIENTED_EDGE ( 'NONE', *, *, #9971, .F. ) ;
#3463 = ORIENTED_EDGE ( 'NONE', *, *, #4655, .T. ) ;
#3464 = ORIENTED_EDGE ( 'NONE', *, *, #4989, .T. ) ;
#3465 = AXIS2_PLACEMENT_3D ( 'NONE', #6858, #8491, #2561 ) ;
#3466 = ORIENTED_EDGE ( 'NONE', *, *, #8084, .F. ) ;
#3467 = DIRECTION ( 'NONE',  ( 0.000000000000000000, 0.000000000000000000, -1.000000000000000000 ) ) ;
#3468 = DIRECTION ( 'NONE',  ( 1.000000000000000000, -0.000000000000000000, -0.000000000000000000 ) ) ;
#3469 = CARTESIAN_POINT ( 'NONE',  ( -15.00000000000000000, -0.1400000000000001243, 0.4499999999999999556 ) ) ;
#3470 = ORIENTED_EDGE ( 'NONE', *, *, #6885, .T. ) ;
#3471 = EDGE_CURVE ( 'NONE', #10503, #3798, #4780, .T. ) ;
#3472 = CARTESIAN_POINT ( 'NONE',  ( 8.399496755293627714, 2.825000000000001510, -4.326937219923570943 ) ) ;
#3473 = DIRECTION ( 'NONE',  ( 1.000000000000000000, 1.703767317533210072E-17, -6.911138328291599464E-15 ) ) ;
#3474 = CARTESIAN_POINT ( 'NONE',  ( 0.9919033010572743114, 0.6999999999999999556, 5.694748103344051238 ) ) ;
#3475 = LINE ( 'NONE', #4206, #2388 ) ;
#3476 = VERTEX_POINT ( 'NONE', #4669 ) ;
#3477 = ORIENTED_EDGE ( 'NONE', *, *, #8402, .F. ) ;
#3478 = EDGE_CURVE ( 'NONE', #7675, #1438, #627, .T. ) ;
#3479 = VERTEX_POINT ( 'NONE', #493 ) ;
#3480 = EDGE_CURVE ( 'NONE', #9748, #4908, #1870, .T. ) ;
#3481 = CARTESIAN_POINT ( 'NONE',  ( 0.8676893682495940840, -0.8750000000000001110, 6.660019849192676311 ) ) ;
#3482 = B_SPLINE_CURVE_WITH_KNOTS ( 'NONE', 3,
 ( #10032, #666, #3274, #7483, #6521, #2411, #11000, #5064, #5883, #5923 ),
 .UNSPECIFIED., .F., .F.,
 ( 4, 2, 2, 2, 4 ),
 ( -5.999999971510772878E-08, 0.0003049137912367285070, 0.0006098875824731720546, 0.0009148613737096156565, 0.001219835164946059258 ),
 .UNSPECIFIED. ) ;
#3483 = DIRECTION ( 'NONE',  ( 1.000000000000000000, 0.000000000000000000, 0.000000000000000000 ) ) ;
#3484 = CARTESIAN_POINT ( 'NONE',  ( 1.050000001159364871, 1.859000000000031516, 21.00100000600095385 ) ) ;
#3485 = CARTESIAN_POINT ( 'NONE',  ( 7.749999999999999112, 0.6999999999999999556, -5.699999999999999289 ) ) ;
#3486 = CARTESIAN_POINT ( 'NONE',  ( 0.5499999999999999334, 0.6999999999999999556, -3.899999999999996358 ) ) ;
#3487 = DIRECTION ( 'NONE',  ( 0.000000000000000000, 0.000000000000000000, -1.000000000000000000 ) ) ;
#3488 = EDGE_CURVE ( 'NONE', #10580, #7078, #9020, .T. ) ;
#3489 = VERTEX_POINT ( 'NONE', #7234 ) ;
#3490 = EDGE_CURVE ( 'NONE', #1438, #9415, #1729, .T. ) ;
#3491 = CARTESIAN_POINT ( 'NONE',  ( 18.45163958475296440, -0.2147283620384537461, -0.3729677824830167632 ) ) ;
#3492 = CARTESIAN_POINT ( 'NONE',  ( 18.50000000000000000, 0.4472766804341934410, -0.4912781730480663689 ) ) ;
#3493 = CARTESIAN_POINT ( 'NONE',  ( -9.764586297939976234, 2.825000000000001066, -2.066987298107629378 ) ) ;
#3494 = CARTESIAN_POINT ( 'NONE',  ( -1.149999998924093214, 1.903999999999938186, 0.7499999999999797939 ) ) ;
#3495 = CARTESIAN_POINT ( 'NONE',  ( -18.49999999999980460, -0.3424984431954307129, 0.1016186706481421592 ) ) ;
#3496 =( BOUNDED_SURFACE ( )  B_SPLINE_SURFACE ( 3, 2, ( 
 ( #6251, #8771, #5433 ),
 ( #1988, #7922, #3709 ),
 ( #1226, #8837, #9623 ),
 ( #4547, #383, #3813 ),
 ( #306, #7175, #10507 ),
 ( #9745, #10614, #6283 ),
 ( #3776, #5391, #1143 ),
 ( #1191, #7967, #6360 ),
 ( #7097, #7032, #1947 ),
 ( #2880, #3750, #9712 ) ),
 .UNSPECIFIED., .F., .F., .F. ) 
 B_SPLINE_SURFACE_WITH_KNOTS ( ( 4, 2, 2, 2, 4 ),
 ( 3, 3 ),
 ( 6.776263578034402713E-21, 0.0002446092121558001049, 0.0004892184243116002099, 0.0007338276364674003148, 0.0009784368486232004197 ),
 ( 0.000000000000000000, 1.000000000000000000 ),
 .UNSPECIFIED. ) 
 GEOMETRIC_REPRESENTATION_ITEM ( )  RATIONAL_B_SPLINE_SURFACE ( (
 ( 1.000000000000000000, 0.7125281363668432011, 1.000000000000000000),
 ( 1.000000000000000000, 0.7429457895141287072, 1.000000000000000000),
 ( 1.000000000000000000, 0.7674813047336288552, 1.000000000000000000),
 ( 1.000000000000000000, 0.8011852578313434226, 1.000000000000000000),
 ( 1.000000000000000000, 0.8100918112393369341, 1.000000000000000000),
 ( 1.000000000000000000, 0.8100933632578966037, 1.000000000000000000),
 ( 1.000000000000000000, 0.8011941700165254865, 1.000000000000000000),
 ( 1.000000000000000000, 0.7674852877922144767, 1.000000000000000000),
 ( 1.000000000000000000, 0.7429454652718043839, 1.000000000000000000),
 ( 1.000000000000000000, 0.7125281363668428680, 1.000000000000000000) ) ) 
 REPRESENTATION_ITEM ( '' )  SURFACE ( )  );
#3497 = VECTOR ( 'NONE', #1730, 1000.000000000000000 ) ;
#3498 = ADVANCED_FACE ( 'NONE', ( #8897 ), #4164, .T. ) ;
#3499 = CARTESIAN_POINT ( 'NONE',  ( 9.502000075373654653, 2.825000000000001510, -4.327032419940912256 ) ) ;
#3500 = AXIS2_PLACEMENT_3D ( 'NONE', #7862, #7784, #9491 ) ;
#3501 = ORIENTED_EDGE ( 'NONE', *, *, #3416, .T. ) ;
#3502 = VERTEX_POINT ( 'NONE', #9196 ) ;
#3503 = EDGE_CURVE ( 'NONE', #5629, #8146, #9439, .T. ) ;
#3504 = DIRECTION ( 'NONE',  ( 0.000000000000000000, 0.000000000000000000, -1.000000000000000000 ) ) ;
#3505 = DIRECTION ( 'NONE',  ( 1.047444401652941269E-14, -1.000000000000000000, 3.491481338843170432E-15 ) ) ;
#3506 = VECTOR ( 'NONE', #2732, 1000.000000000000114 ) ;
#3507 = DIRECTION ( 'NONE',  ( 0.000000000000000000, 0.000000000000000000, -1.000000000000000000 ) ) ;
#3508 = DIRECTION ( 'NONE',  ( -1.047444401652941269E-14, 1.000000000000000000, -3.491481338843170037E-15 ) ) ;
#3509 = DIRECTION ( 'NONE',  ( 0.9998476951563912696, -0.01745240643728296001, -8.673617379884032317E-15 ) ) ;
#3510 = CARTESIAN_POINT ( 'NONE',  ( 12.72499999999990727, 1.925000000000000488, 5.224999999999999645 ) ) ;
#3511 = VERTEX_POINT ( 'NONE', #5716 ) ;
#3512 = ADVANCED_FACE ( 'NONE', ( #10523 ), #638, .F. ) ;
#3513 = CARTESIAN_POINT ( 'NONE',  ( 2.699999999998545785, -0.3750000000000000000, 9.324932431938870891 ) ) ;
#3514 = LINE ( 'NONE', #5112, #1232 ) ;
#3515 = CARTESIAN_POINT ( 'NONE',  ( -14.98466589161030349, -0.6784904812874569258, 0.4712850322845279494 ) ) ;
#3516 = CARTESIAN_POINT ( 'NONE',  ( 18.48231867582071075, 0.4507607491173056813, 0.5012565909863718749 ) ) ;
#3517 = EDGE_CURVE ( 'NONE', #4737, #3990, #2252, .T. ) ;
#3518 = CARTESIAN_POINT ( 'NONE',  ( 18.50000000000000000, -0.1299007302175829159, -0.4496825360235940372 ) ) ;
#3519 = CARTESIAN_POINT ( 'NONE',  ( 15.18304081641693060, 0.9786690802572599601, 0.2119090734431648415 ) ) ;
#3520 = CARTESIAN_POINT ( 'NONE',  ( -0.9999999988406591545, 1.704999999999985638, 13.87500000600095795 ) ) ;
#3521 = CARTESIAN_POINT ( 'NONE',  ( -7.135655681517317106, 1.858999999999890074, 5.085914517740603991 ) ) ;
#3522 = DIRECTION ( 'NONE',  ( 0.000000000000000000, 0.9998476951563911586, -0.01745240643728354982 ) ) ;
#3523 = AXIS2_PLACEMENT_3D ( 'NONE', #1233, #5355, #248 ) ;
#3524 = EDGE_LOOP ( 'NONE', ( #723, #747, #1367, #9045, #6295, #6632 ) ) ;
#3525 = CARTESIAN_POINT ( 'NONE',  ( -12.96971331686216899, 2.825000000000000622, 0.2165063509462858971 ) ) ;
#3526 = CARTESIAN_POINT ( 'NONE',  ( -2.200000000000040590, 1.925000000000000044, 6.800000000000107292 ) ) ;
#3527 = CARTESIAN_POINT ( 'NONE',  ( 14.99999999999999822, 0.3129999999999997784, -0.07500000000000024702 ) ) ;
#3528 = LINE ( 'NONE', #8124, #5887 ) ;
#3529 = CARTESIAN_POINT ( 'NONE',  ( -14.99996824868389922, 0.2007171340698799822, -2.513868528833924643 ) ) ;
#3530 = CARTESIAN_POINT ( 'NONE',  ( -12.75000000000012257, 1.925000000000001377, -5.749999999999825029 ) ) ;
#3531 = CARTESIAN_POINT ( 'NONE',  ( 10.62932159828107892, 2.825000000000001066, -2.008780953565530325 ) ) ;
#3532 = VERTEX_POINT ( 'NONE', #8379 ) ;
#3533 = DIRECTION ( 'NONE',  ( -3.593523896253485142E-15, -3.491481338843207903E-15, -1.000000000000000000 ) ) ;
#3534 = VERTEX_POINT ( 'NONE', #3215 ) ;
#3535 = DIRECTION ( 'NONE',  ( 0.000000000000000000, -1.000000000000000000, 0.000000000000000000 ) ) ;
#3536 = EDGE_CURVE ( 'NONE', #3554, #7545, #5317, .T. ) ;
#3537 = VECTOR ( 'NONE', #6972, 1000.000000000000114 ) ;
#3538 = FACE_OUTER_BOUND ( 'NONE', #9942, .T. ) ;
#3539 = DIRECTION ( 'NONE',  ( 1.000000000000000000, 0.000000000000000000, -8.673617379884069985E-17 ) ) ;
#3540 = CARTESIAN_POINT ( 'NONE',  ( -15.00000000000000000, -0.1400000000000001243, 0.3749999999999998890 ) ) ;
#3541 = EDGE_LOOP ( 'NONE', ( #10811, #164, #4252, #10098 ) ) ;
#3542 = DIRECTION ( 'NONE',  ( -1.047444401652941269E-14, 1.000000000000000000, -3.491481338843170037E-15 ) ) ;
#3543 = EDGE_LOOP ( 'NONE', ( #4139 ) ) ;
#3544 = EDGE_CURVE ( 'NONE', #8025, #6266, #11040, .T. ) ;
#3545 = CARTESIAN_POINT ( 'NONE',  ( 0.3299999999999982392, 0.2000000000000000944, -7.293252277351547797 ) ) ;
#3546 = DIRECTION ( 'NONE',  ( -1.000000000000000000, -1.301042606982605321E-16, 0.000000000000000000 ) ) ;
#3547 = EDGE_LOOP ( 'NONE', ( #6232, #8253, #1332, #4327 ) ) ;
#3548 = CARTESIAN_POINT ( 'NONE',  ( 15.20003046560878168, 0.2000000000000000389, -0.8000000000000000444 ) ) ;
#3549 = EDGE_CURVE ( 'NONE', #6515, #9777, #1188, .T. ) ;
#3550 = LINE ( 'NONE', #453, #7925 ) ;
#3551 = VECTOR ( 'NONE', #6837, 1000.000000000000000 ) ;
#3552 = EDGE_CURVE ( 'NONE', #5239, #4053, #6760, .T. ) ;
#3553 = ADVANCED_FACE ( 'NONE', ( #7049 ), #672, .T. ) ;
#3554 = VERTEX_POINT ( 'NONE', #3322 ) ;
#3555 = DIRECTION ( 'NONE',  ( -0.000000000000000000, 0.000000000000000000, 1.000000000000000000 ) ) ;
#3556 = ORIENTED_EDGE ( 'NONE', *, *, #4915, .F. ) ;
#3557 = ORIENTED_EDGE ( 'NONE', *, *, #2159, .T. ) ;
#3558 = CARTESIAN_POINT ( 'NONE',  ( 12.38977695522257072, 1.925000000000001821, -5.480297649229058266 ) ) ;
#3559 = B_SPLINE_CURVE_WITH_KNOTS ( 'NONE', 3,
 ( #4769, #3898, #1281, #6470 ),
 .UNSPECIFIED., .F., .F.,
 ( 4, 4 ),
 ( 0.0001211414832468116101, 0.0002720253196268204656 ),
 .UNSPECIFIED. ) ;
#3560 = CARTESIAN_POINT ( 'NONE',  ( 1.951698394592312980, 1.925000000000000266, 5.671730273688508461 ) ) ;
#3561 = CARTESIAN_POINT ( 'NONE',  ( -18.49999999999999645, 0.2989871029196281560, -0.6191498921882573336 ) ) ;
#3562 = LINE ( 'NONE', #3006, #1525 ) ;
#3563 = CARTESIAN_POINT ( 'NONE',  ( 1.011801605407536053, 1.925000000000001377, -2.762230273688350390 ) ) ;
#3564 = VERTEX_POINT ( 'NONE', #4898 ) ;
#3565 = VECTOR ( 'NONE', #6006, 1000.000000000000227 ) ;
#3566 = ORIENTED_EDGE ( 'NONE', *, *, #6166, .F. ) ;
#3567 = VECTOR ( 'NONE', #10043, 1000.000000000000000 ) ;
#3568 = DIRECTION ( 'NONE',  ( -1.703767317533126255E-17, 1.000000000000000000, 1.212737214708384717E-16 ) ) ;
#3569 = EDGE_CURVE ( 'NONE', #6220, #8375, #7984, .T. ) ;
#3570 = CARTESIAN_POINT ( 'NONE',  ( -0.8999999999999702682, 0.6999999999999999556, -5.854811288084814436 ) ) ;
#3571 = CARTESIAN_POINT ( 'NONE',  ( 15.00000000000000000, 0.3129999999999997784, -0.4560000000000001275 ) ) ;
#3572 = DIRECTION ( 'NONE',  ( 1.000000000000000000, 0.000000000000000000, -8.673617379884069985E-17 ) ) ;
#3573 = DIRECTION ( 'NONE',  ( -1.000000000000000000, 0.000000000000000000, 7.709882115452463178E-15 ) ) ;
#3574 = LINE ( 'NONE', #11034, #10066 ) ;
#3575 = ADVANCED_FACE ( 'NONE', ( #5972 ), #8413, .F. ) ;
#3576 = CYLINDRICAL_SURFACE ( 'NONE', #10788, 0.2000000000000000666 ) ;
#3577 = EDGE_CURVE ( 'NONE', #995, #7232, #6248, .T. ) ;
#3578 = EDGE_LOOP ( 'NONE', ( #1931, #6484, #8009, #7124 ) ) ;
#3579 = CARTESIAN_POINT ( 'NONE',  ( 14.91092817721188268, 1.865000000000000435, -2.499999999999968026 ) ) ;
#3580 = LINE ( 'NONE', #1048, #4738 ) ;
#3581 = ORIENTED_EDGE ( 'NONE', *, *, #4809, .T. ) ;
#3582 = CARTESIAN_POINT ( 'NONE',  ( 3.125000001159346397, 1.785000000000036113, 16.00000000600094197 ) ) ;
#3583 = VECTOR ( 'NONE', #2548, 1000.000000000000000 ) ;
#3584 = CARTESIAN_POINT ( 'NONE',  ( 1.121382454537066531, 1.866047144386237422, 7.470919038921264743 ) ) ;
#3585 = DIRECTION ( 'NONE',  ( 0.01745240643728354635, -0.9998476951563911586, 0.000000000000000000 ) ) ;
#3586 = CARTESIAN_POINT ( 'NONE',  ( 18.49999999999965894, 0.7185296170969615037, 0.2087468216009418509 ) ) ;
#3587 = LINE ( 'NONE', #2065, #10629 ) ;
#3588 = AXIS2_PLACEMENT_3D ( 'NONE', #5160, #9315, #925 ) ;
#3589 = DIRECTION ( 'NONE',  ( -1.000000000000000000, 0.000000000000000000, 0.000000000000000000 ) ) ;
#3590 = ORIENTED_EDGE ( 'NONE', *, *, #6573, .F. ) ;
#3591 = VECTOR ( 'NONE', #10920, 1000.000000000000227 ) ;
#3592 = ORIENTED_EDGE ( 'NONE', *, *, #5464, .T. ) ;
#3593 = FACE_OUTER_BOUND ( 'NONE', #7357, .T. ) ;
#3594 = VERTEX_POINT ( 'NONE', #10242 ) ;
#3595 = CARTESIAN_POINT ( 'NONE',  ( -1.101886547524476567, 0.8080802352918987630, 7.379402673544210423 ) ) ;
#3596 = AXIS2_PLACEMENT_3D ( 'NONE', #1399, #8196, #8973 ) ;
#3597 = CARTESIAN_POINT ( 'NONE',  ( -2.133598192429966289, 1.925000000000000044, 7.245073926388689856 ) ) ;
#3598 = CARTESIAN_POINT ( 'NONE',  ( -14.78469635257902581, -0.6750000000000000444, 2.499999999999967137 ) ) ;
#3599 = CIRCLE ( 'NONE', #7405, 5.000000000000000888 ) ;
#3600 = DIRECTION ( 'NONE',  ( 0.000000000000000000, -1.000000000000000000, 0.000000000000000000 ) ) ;
#3601 = ORIENTED_EDGE ( 'NONE', *, *, #3517, .T. ) ;
#3602 = EDGE_LOOP ( 'NONE', ( #8776, #3357, #6789, #7276 ) ) ;
#3603 = VERTEX_POINT ( 'NONE', #4 ) ;
#3604 = CARTESIAN_POINT ( 'NONE',  ( 14.98486113449022028, 1.067305024188598184, 0.5091793520698836284 ) ) ;
#3605 = OPEN_SHELL ( 'NONE', ( #6224, #8724, #7668, #7532 ) ) ;
#3606 = DIRECTION ( 'NONE',  ( -1.000000000000000000, -1.040417936528147296E-14, 3.468059788427157917E-15 ) ) ;
#3607 = CARTESIAN_POINT ( 'NONE',  ( 0.9919033010572736453, 0.6999999999999998446, 7.383175768593163824 ) ) ;
#3608 = CARTESIAN_POINT ( 'NONE',  ( 12.77499999999990798, 1.925000000000000488, 5.224999999999999645 ) ) ;
#3609 = AXIS2_PLACEMENT_3D ( 'NONE', #5320, #3777, #7968 ) ;
#3610 = CARTESIAN_POINT ( 'NONE',  ( -9.999999999999998224, 1.865000000000000435, 7.410928177211882684 ) ) ;
#3611 = EDGE_CURVE ( 'NONE', #7240, #3661, #10315, .T. ) ;
#3612 = VECTOR ( 'NONE', #3260, 1000.000000000000114 ) ;
#3613 = CARTESIAN_POINT ( 'NONE',  ( -9.514586297939953141, 2.825000000000000622, 1.633974596215716391 ) ) ;
#3614 = CARTESIAN_POINT ( 'NONE',  ( 18.49999999999999289, 0.7127002083951696765, -0.2242401429016327719 ) ) ;
#3615 = ORIENTED_EDGE ( 'NONE', *, *, #3480, .T. ) ;
#3616 = DIRECTION ( 'NONE',  ( 0.000000000000000000, 0.000000000000000000, 1.000000000000000000 ) ) ;
#3617 = DIRECTION ( 'NONE',  ( -0.4999999999999944489, -1.135449601928834544E-16, 0.8660254037844418162 ) ) ;
#3618 = AXIS2_PLACEMENT_3D ( 'NONE', #4495, #217, #5333 ) ;
#3619 = ORIENTED_EDGE ( 'NONE', *, *, #1017, .T. ) ;
#3620 = CARTESIAN_POINT ( 'NONE',  ( -0.1999999988406347684, 1.824000000000018273, 21.00100000600095740 ) ) ;
#3621 = CARTESIAN_POINT ( 'NONE',  ( 15.20003046560878168, 0.2000000000000000389, -0.8000000000000000444 ) ) ;
#3622 = CARTESIAN_POINT ( 'NONE',  ( -15.00000000000009948, 1.925000000000000933, -2.499999999999805489 ) ) ;
#3623 = EDGE_LOOP ( 'NONE', ( #4667, #165, #7167, #9964, #8112 ) ) ;
#3624 = DIRECTION ( 'NONE',  ( 1.703767317533126255E-17, -1.000000000000000000, -1.212737214708384717E-16 ) ) ;
#3625 = CARTESIAN_POINT ( 'NONE',  ( -17.14999999999999858, 0.2000000000000000389, 0.000000000000000000 ) ) ;
#3626 = CARTESIAN_POINT ( 'NONE',  ( -0.9999999988406678142, 1.604999999999978222, 11.75000000600095973 ) ) ;
#3627 = CARTESIAN_POINT ( 'NONE',  ( -3.124999998840650495, 1.903999999999973047, 16.65000000600096897 ) ) ;
#3628 = CARTESIAN_POINT ( 'NONE',  ( 9.999999999999895195, 2.925000000000001599, -2.499999999999980460 ) ) ;
#3629 = ORIENTED_EDGE ( 'NONE', *, *, #241, .F. ) ;
#3630 = ORIENTED_EDGE ( 'NONE', *, *, #5630, .F. ) ;
#3631 = CARTESIAN_POINT ( 'NONE',  ( -14.99993907342249422, 0.2034904812874566982, 0.000000000000000000 ) ) ;
#3632 = ADVANCED_FACE ( 'NONE', ( #5704 ), #9975, .F. ) ;
#3633 = CARTESIAN_POINT ( 'NONE',  ( -0.6830000000000000515, 1.865000000000000435, -7.543252277351548685 ) ) ;
#3634 = EDGE_CURVE ( 'NONE', #10891, #8246, #3475, .T. ) ;
#3635 = ORIENTED_EDGE ( 'NONE', *, *, #3870, .T. ) ;
#3636 = B_SPLINE_CURVE_WITH_KNOTS ( 'NONE', 3,
 ( #4938, #2435, #6654, #4183, #9257, #8438 ),
 .UNSPECIFIED., .F., .F.,
 ( 4, 2, 4 ),
 ( 0.0008399598631685080636, 0.001528762301104421694, 0.002217564739040335433 ),
 .UNSPECIFIED. ) ;
#3637 = CARTESIAN_POINT ( 'NONE',  ( 15.19110547599935046, 0.6090498498242462588, 0.7194457506896007049 ) ) ;
#3638 = DIRECTION ( 'NONE',  ( 0.000000000000000000, 0.000000000000000000, -1.000000000000000000 ) ) ;
#3639 = EDGE_CURVE ( 'NONE', #5060, #6861, #7704, .T. ) ;
#3640 = EDGE_CURVE ( 'NONE', #1024, #8081, #5453, .T. ) ;
#3641 = CARTESIAN_POINT ( 'NONE',  ( -7.500000000000009770, 1.903999999999867354, -0.4999999999999970024 ) ) ;
#3642 = VERTEX_POINT ( 'NONE', #5890 ) ;
#3643 = CARTESIAN_POINT ( 'NONE',  ( 12.72499999999986819, 1.925000000000001821, -6.274999999999997691 ) ) ;
#3644 = ORIENTED_EDGE ( 'NONE', *, *, #2544, .F. ) ;
#3645 = CARTESIAN_POINT ( 'NONE',  ( -2.133598192429969842, 1.925000000000000044, 6.354926073610986492 ) ) ;
#3646 = DIRECTION ( 'NONE',  ( 0.3420201433256935264, -1.081327937400291149E-16, 0.9396926207858993241 ) ) ;
#3647 = VECTOR ( 'NONE', #3748, 1000.000000000000000 ) ;
#3648 = CARTESIAN_POINT ( 'NONE',  ( -14.99999999999999822, 0.1999999999999999833, -2.499999999999964473 ) ) ;
#3649 = AXIS2_PLACEMENT_3D ( 'NONE', #848, #7664, #8434 ) ;
#3650 = ORIENTED_EDGE ( 'NONE', *, *, #6444, .T. ) ;
#3651 = EDGE_CURVE ( 'NONE', #8335, #9619, #8637, .T. ) ;
#3652 = CARTESIAN_POINT ( 'NONE',  ( 0.2000000011593649207, 1.859000000000022634, 21.00100000600095385 ) ) ;
#3653 = DIRECTION ( 'NONE',  ( 1.047444401652941269E-14, -1.000000000000000000, 3.491481338843170432E-15 ) ) ;
#3654 = AXIS2_PLACEMENT_3D ( 'NONE', #7894, #8643, #6189 ) ;
#3655 = DIRECTION ( 'NONE',  ( -1.513754957952231942E-18, 0.9998476951563911586, -0.01745240643728354982 ) ) ;
#3656 = VERTEX_POINT ( 'NONE', #6746 ) ;
#3657 = CARTESIAN_POINT ( 'NONE',  ( 11.85785599921886835, 0.6999999999999999556, -2.800000000000001599 ) ) ;
#3658 = CIRCLE ( 'NONE', #2215, 0.4500000000000007327 ) ;
#3659 = FACE_OUTER_BOUND ( 'NONE', #3578, .T. ) ;
#3660 = CARTESIAN_POINT ( 'NONE',  ( -9.014586297939951365, 2.825000000000000622, 1.633974596215712838 ) ) ;
#3661 = VERTEX_POINT ( 'NONE', #8459 ) ;
#3662 = AXIS2_PLACEMENT_3D ( 'NONE', #4271, #6769, #9380 ) ;
#3663 = ORIENTED_EDGE ( 'NONE', *, *, #5179, .F. ) ;
#3664 = EDGE_CURVE ( 'NONE', #7765, #5190, #104, .T. ) ;
#3665 = CYLINDRICAL_SURFACE ( 'NONE', #9422, 0.4249999999999998224 ) ;
#3666 = CARTESIAN_POINT ( 'NONE',  ( -12.72500000000000320, 1.925000000000000044, 5.225000000000178169 ) ) ;
#3667 = CARTESIAN_POINT ( 'NONE',  ( 15.16839531414030873, -0.5918891220837827483, 0.1310845026284567227 ) ) ;
#3668 = CARTESIAN_POINT ( 'NONE',  ( 0.9919033010572749776, 0.6999999999999999556, 5.696930015022699578 ) ) ;
#3669 = VECTOR ( 'NONE', #4719, 1000.000000000000114 ) ;
#3670 = DIRECTION ( 'NONE',  ( 1.000000000000000000, 1.703767317532268985E-17, -6.997874502090439819E-15 ) ) ;
#3671 = AXIS2_PLACEMENT_3D ( 'NONE', #6417, #2226, #1333 ) ;
#3672 = ORIENTED_EDGE ( 'NONE', *, *, #1180, .F. ) ;
#3673 = ORIENTED_EDGE ( 'NONE', *, *, #996, .T. ) ;
#3674 = CARTESIAN_POINT ( 'NONE',  ( -13.87794990882725621, -0.8750000000000000000, 3.212873992591398942 ) ) ;
#3675 = CARTESIAN_POINT ( 'NONE',  ( -9.999999999999998224, -0.3750000000000000000, -6.699999999999998401 ) ) ;
#3676 = CIRCLE ( 'NONE', #10695, 0.06000000000000015737 ) ;
#3677 = AXIS2_PLACEMENT_3D ( 'NONE', #146, #2830, #6978 ) ;
#3678 = LINE ( 'NONE', #5119, #5897 ) ;
#3679 = DIRECTION ( 'NONE',  ( -3.593523896253485142E-15, -3.491481338843207903E-15, -1.000000000000000000 ) ) ;
#3680 = ADVANCED_FACE ( 'NONE', ( #3875 ), #6501, .T. ) ;
#3681 = ORIENTED_EDGE ( 'NONE', *, *, #5323, .T. ) ;
#3682 = CARTESIAN_POINT ( 'NONE',  ( -18.47177570897916610, -0.05070360512847962159, -0.4948300590697858881 ) ) ;
#3683 = EDGE_CURVE ( 'NONE', #7509, #6122, #10653, .T. ) ;
#3684 = EDGE_LOOP ( 'NONE', ( #1790 ) ) ;
#3685 = CARTESIAN_POINT ( 'NONE',  ( -0.9982849567959657389, 1.826745240643728341, 7.400000000000094502 ) ) ;
#3686 = ORIENTED_EDGE ( 'NONE', *, *, #3097, .F. ) ;
#3687 = VECTOR ( 'NONE', #11049, 1000.000000000000000 ) ;
#3688 = DIRECTION ( 'NONE',  ( -1.000000000000000000, -1.703767317533210688E-17, 6.938893903907226800E-15 ) ) ;
#3689 = CIRCLE ( 'NONE', #9312, 0.4500000000000007327 ) ;
#3690 = LINE ( 'NONE', #2575, #10726 ) ;
#3691 = EDGE_CURVE ( 'NONE', #7025, #2945, #916, .T. ) ;
#3692 = CARTESIAN_POINT ( 'NONE',  ( 18.44993118967363799, -0.04860323311457860618, 0.4906876183374364597 ) ) ;
#3693 = CARTESIAN_POINT ( 'NONE',  ( 18.50000000000000000, 0.2000000000000001499, 0.000000000000000000 ) ) ;
#3694 = DIRECTION ( 'NONE',  ( 6.911138328291599464E-15, -1.212737214708358339E-16, 1.000000000000000000 ) ) ;
#3695 = CARTESIAN_POINT ( 'NONE',  ( 10.15026178333083706, 2.825000000000001510, -3.249999999999982236 ) ) ;
#3696 = EDGE_CURVE ( 'NONE', #9007, #2837, #5178, .T. ) ;
#3697 = ORIENTED_EDGE ( 'NONE', *, *, #6166, .T. ) ;
#3698 = LINE ( 'NONE', #3910, #3953 ) ;
#3699 = ORIENTED_EDGE ( 'NONE', *, *, #7962, .F. ) ;
#3700 = FACE_OUTER_BOUND ( 'NONE', #11032, .T. ) ;
#3701 = ORIENTED_EDGE ( 'NONE', *, *, #10401, .F. ) ;
#3702 = VECTOR ( 'NONE', #8811, 1000.000000000000000 ) ;
#3703 = DIRECTION ( 'NONE',  ( 1.000000000000000000, 0.000000000000000000, 0.000000000000000000 ) ) ;
#3704 = CARTESIAN_POINT ( 'NONE',  ( -3.124999998840631399, 1.604999999999989990, 21.50000000600097039 ) ) ;
#3705 = B_SPLINE_CURVE_WITH_KNOTS ( 'NONE', 3,
 ( #6738, #9346, #7638, #5103, #5969, #10187, #11038, #4280, #10149, #3384, #11069, #818 ),
 .UNSPECIFIED., .F., .F.,
 ( 4, 2, 2, 2, 2, 4 ),
 ( 0.000000000000000000, 0.0003280021029183831610, 0.0006560042058367663220, 0.0008200052572959579296, 0.0009840063087551494288, 0.001312008411673532644 ),
 .UNSPECIFIED. ) ;
#3706 = CARTESIAN_POINT ( 'NONE',  ( -1.728543823278581471, 1.925000000000000044, 7.101062864000563302 ) ) ;
#3707 = EDGE_CURVE ( 'NONE', #2860, #1322, #2676, .T. ) ;
#3708 =( BOUNDED_CURVE ( )  B_SPLINE_CURVE ( 3, ( #6222, #2854, #1112, #7041 ),
 .UNSPECIFIED., .F., .F. ) 
 B_SPLINE_CURVE_WITH_KNOTS ( ( 4, 4 ),
 ( 2.356346783439926984, 3.926838523739656583 ),
 .UNSPECIFIED. ) 
 CURVE ( )  GEOMETRIC_REPRESENTATION_ITEM ( )  RATIONAL_B_SPLINE_CURVE ( ( 1.000000000000000000, 0.8048096403827866840, 0.8048096403827866840, 1.000000000000000000 ) ) 
 REPRESENTATION_ITEM ( '' )  );
#3709 = CARTESIAN_POINT ( 'NONE',  ( -15.18395521945835291, -0.5367559133738687427, 0.3186931475665417679 ) ) ;
#3710 = CARTESIAN_POINT ( 'NONE',  ( 15.00000000000000178, 0.1999999999999999833, 2.499999999999962697 ) ) ;
#3711 = EDGE_CURVE ( 'NONE', #1077, #3265, #6118, .T. ) ;
#3712 = FACE_BOUND ( 'NONE', #2233, .T. ) ;
#3713 = CIRCLE ( 'NONE', #2518, 0.4999999999999987232 ) ;
#3714 = TOROIDAL_SURFACE ( 'NONE', #9433, 0.3100000000000001088, 0.05999999999999999778 ) ;
#3716 = EDGE_CURVE ( 'NONE', #2220, #7937, #368, .T. ) ;
#3715 = LINE ( 'NONE', #842, #10874 ) ;
#3717 = ORIENTED_EDGE ( 'NONE', *, *, #3552, .T. ) ;
#3718 = VECTOR ( 'NONE', #5154, 1000.000000000000000 ) ;
#3719 = EDGE_LOOP ( 'NONE', ( #274, #4639, #10309, #9850, #9556, #5014 ) ) ;
#3720 = CARTESIAN_POINT ( 'NONE',  ( -0.9493927287051185937, 0.7695137479826743565, -7.490059100550769955 ) ) ;
#3721 = CARTESIAN_POINT ( 'NONE',  ( -14.99993907342249422, 0.1965095187125432963, 2.499999999999965805 ) ) ;
#3722 = CARTESIAN_POINT ( 'NONE',  ( -9.014586297939993997, 2.925000000000001599, -4.327032419940784358 ) ) ;
#3723 = DIRECTION ( 'NONE',  ( -3.491481338843084446E-15, -3.491481338843206719E-15, -1.000000000000000000 ) ) ;
#3724 = CARTESIAN_POINT ( 'NONE',  ( 0.6000304609672660883, -0.3750000000000000000, 6.699999999999997513 ) ) ;
#3725 = EDGE_CURVE ( 'NONE', #6547, #9735, #2528, .T. ) ;
#3726 = CARTESIAN_POINT ( 'NONE',  ( 0.9860054847686400281, 1.123254759356271615, 7.500000000000081712 ) ) ;
#3727 = LINE ( 'NONE', #6922, #1432 ) ;
#3728 = AXIS2_PLACEMENT_3D ( 'NONE', #7703, #2631, #4261 ) ;
#3729 = DIRECTION ( 'NONE',  ( 1.000000000000000000, 0.000000000000000000, -6.911138328291600253E-15 ) ) ;
#3730 = ORIENTED_EDGE ( 'NONE', *, *, #3696, .F. ) ;
#3731 = FACE_OUTER_BOUND ( 'NONE', #3004, .T. ) ;
#3732 = EDGE_LOOP ( 'NONE', ( #2605, #1611, #2699 ) ) ;
#3733 = VERTEX_POINT ( 'NONE', #8686 ) ;
#3734 = VERTEX_POINT ( 'NONE', #3597 ) ;
#3735 = CARTESIAN_POINT ( 'NONE',  ( 3.125021300494541077, 1.824000000000038479, 16.65000000600094765 ) ) ;
#3736 = AXIS2_PLACEMENT_3D ( 'NONE', #1638, #9318, #10280 ) ;
#3737 = DIRECTION ( 'NONE',  ( -1.703767317533126255E-17, 1.000000000000000000, 1.212737214708384717E-16 ) ) ;
#3738 = CARTESIAN_POINT ( 'NONE',  ( 18.14999999999999858, 0.2000000000000001499, 0.000000000000000000 ) ) ;
#3739 = CYLINDRICAL_SURFACE ( 'NONE', #2681, 0.8530300048438035354 ) ;
#3740 = VERTEX_POINT ( 'NONE', #5238 ) ;
#3741 = CARTESIAN_POINT ( 'NONE',  ( -6.491912816009663565E-16, -0.6784904812874567037, -7.484665891610306154 ) ) ;
#3742 = ORIENTED_EDGE ( 'NONE', *, *, #7672, .F. ) ;
#3743 = ORIENTED_EDGE ( 'NONE', *, *, #6942, .F. ) ;
#3744 = EDGE_CURVE ( 'NONE', #6241, #3903, #7173, .T. ) ;
#3745 = ORIENTED_EDGE ( 'NONE', *, *, #7867, .T. ) ;
#3746 = ADVANCED_FACE ( 'NONE', ( #6628 ), #991, .F. ) ;
#3747 = ORIENTED_EDGE ( 'NONE', *, *, #8018, .F. ) ;
#3748 = DIRECTION ( 'NONE',  ( -3.491481338843084446E-15, -3.491481338843206719E-15, -1.000000000000000000 ) ) ;
#3749 = DIRECTION ( 'NONE',  ( 0.5000000000000074385, 1.135449601928827641E-16, -0.8660254037844342667 ) ) ;
#3750 = CARTESIAN_POINT ( 'NONE',  ( -14.98769729926088701, -0.5048212532983940015, -0.3784569005046298784 ) ) ;
#3751 = DIRECTION ( 'NONE',  ( -0.3420201433256818691, 1.081327937400298545E-16, -0.9396926207859036539 ) ) ;
#3752 = ORIENTED_EDGE ( 'NONE', *, *, #2538, .T. ) ;
#3753 = ORIENTED_EDGE ( 'NONE', *, *, #2159, .F. ) ;
#3754 = ORIENTED_EDGE ( 'NONE', *, *, #2284, .F. ) ;
#3755 = EDGE_CURVE ( 'NONE', #2181, #4696, #1041, .T. ) ;
#3756 = CARTESIAN_POINT ( 'NONE',  ( 15.00000000000000000, 0.3129999999999998339, 0.3749999999999997780 ) ) ;
#3757 = DIRECTION ( 'NONE',  ( 1.000000000000000000, 0.000000000000000000, -0.000000000000000000 ) ) ;
#3758 = AXIS2_PLACEMENT_3D ( 'NONE', #1279, #2103, #6374 ) ;
#3759 = CARTESIAN_POINT ( 'NONE',  ( 18.50000000000001066, -0.3127002083951696543, -0.2242401429016325498 ) ) ;
#3760 = CARTESIAN_POINT ( 'NONE',  ( 12.80345756483923658, 1.925000000000001821, -5.303186516808805706 ) ) ;
#3761 = ORIENTED_EDGE ( 'NONE', *, *, #1913, .T. ) ;
#3762 = EDGE_CURVE ( 'NONE', #10424, #2355, #7036, .T. ) ;
#3763 = DIRECTION ( 'NONE',  ( 0.000000000000000000, 0.000000000000000000, -1.000000000000000000 ) ) ;
#3764 = CARTESIAN_POINT ( 'NONE',  ( -18.50000000000000000, 0.4680112349276593364, 0.5352864521156801558 ) ) ;
#3765 = EDGE_CURVE ( 'NONE', #5540, #4537, #7162, .T. ) ;
#3766 = CIRCLE ( 'NONE', #2747, 0.4500000000000002887 ) ;
#3767 = CARTESIAN_POINT ( 'NONE',  ( -1.449999998840634907, 1.824000000000005173, 21.00100000600096095 ) ) ;
#3768 = DIRECTION ( 'NONE',  ( 0.000000000000000000, 0.000000000000000000, 1.000000000000000000 ) ) ;
#3769 = CARTESIAN_POINT ( 'NONE',  ( -1.120353428614623947, 1.866047144386237422, 7.360935792454061932 ) ) ;
#3770 = ORIENTED_EDGE ( 'NONE', *, *, #9594, .T. ) ;
#3771 = ORIENTED_EDGE ( 'NONE', *, *, #1102, .T. ) ;
#3772 = CARTESIAN_POINT ( 'NONE',  ( -18.50000000000000000, 0.2000000000000001499, 0.000000000000000000 ) ) ;
#3773 = CARTESIAN_POINT ( 'NONE',  ( 0.8087275324626530537, -0.8749999999999996669, 6.507728967510387541 ) ) ;
#3774 = EDGE_CURVE ( 'NONE', #8530, #8530, #6489, .T. ) ;
#3775 = DIRECTION ( 'NONE',  ( 1.047444401652941269E-14, -1.000000000000000000, 3.491481338843170037E-15 ) ) ;
#3776 = CARTESIAN_POINT ( 'NONE',  ( -14.97654582175201021, -0.7324306967410728619, -0.1638556274218157249 ) ) ;
#3777 = DIRECTION ( 'NONE',  ( -1.047444401652941269E-14, 1.000000000000000000, -3.491481338843170037E-15 ) ) ;
#3778 = CARTESIAN_POINT ( 'NONE',  ( 4.592301493456877104, -0.8160471443862370444, 5.434324049082415620 ) ) ;
#3779 = ORIENTED_EDGE ( 'NONE', *, *, #7942, .F. ) ;
#3780 = CARTESIAN_POINT ( 'NONE',  ( 18.44981372032030009, -0.04111136416538772875, 0.4945705140989504200 ) ) ;
#3781 = EDGE_CURVE ( 'NONE', #6440, #523, #4887, .T. ) ;
#3782 = VECTOR ( 'NONE', #10127, 1000.000000000000000 ) ;
#3783 = AXIS2_PLACEMENT_3D ( 'NONE', #2792, #5298, #6188 ) ;
#3784 = CARTESIAN_POINT ( 'NONE',  ( 15.00000000000000000, 0.3129999999999998339, 0.4499999999999999001 ) ) ;
#3785 = FACE_OUTER_BOUND ( 'NONE', #8889, .T. ) ;
#3786 = DIRECTION ( 'NONE',  ( 1.000000000000000000, 1.047444401652940007E-14, -3.587854865286276858E-15 ) ) ;
#3787 = CARTESIAN_POINT ( 'NONE',  ( 3.125000001159346397, 1.824000000000038479, 16.65000000600094765 ) ) ;
#3788 = ADVANCED_FACE ( 'NONE', ( #9700 ), #5690, .T. ) ;
#3789 = DIRECTION ( 'NONE',  ( 0.000000000000000000, -1.000000000000000000, 0.000000000000000000 ) ) ;
#3790 = EDGE_LOOP ( 'NONE', ( #6689, #9103, #2741, #2116 ) ) ;
#3791 = DIRECTION ( 'NONE',  ( 1.047444401652941269E-14, -1.000000000000000000, 3.491481338843170037E-15 ) ) ;
#3792 = AXIS2_PLACEMENT_3D ( 'NONE', #6670, #1604, #7539 ) ;
#3793 = CYLINDRICAL_SURFACE ( 'NONE', #1884, 1.483785659952007618 ) ;
#3794 = CIRCLE ( 'NONE', #2867, 0.1000000000000000472 ) ;
#3795 = CARTESIAN_POINT ( 'NONE',  ( 0.2000000011593500160, 1.824000000000007615, 16.75100000600095740 ) ) ;
#3796 = DIRECTION ( 'NONE',  ( 0.000000000000000000, -0.000000000000000000, 1.000000000000000000 ) ) ;
#3797 = AXIS2_PLACEMENT_3D ( 'NONE', #10303, #2691, #8610 ) ;
#3798 = VERTEX_POINT ( 'NONE', #3298 ) ;
#3799 = CARTESIAN_POINT ( 'NONE',  ( 14.99999999999999822, 0.1619999999999989782, -0.4500000000000000666 ) ) ;
#3800 = DIRECTION ( 'NONE',  ( 0.000000000000000000, 0.000000000000000000, -1.000000000000000000 ) ) ;
#3801 = ORIENTED_EDGE ( 'NONE', *, *, #2151, .T. ) ;
#3802 = CARTESIAN_POINT ( 'NONE',  ( 10.00000000000000178, -0.6750000000000000444, 2.499999999999999556 ) ) ;
#3803 = CARTESIAN_POINT ( 'NONE',  ( 3.815954912739250027, -0.8160471443862370444, 4.458956801675579840 ) ) ;
#3804 = CONICAL_SURFACE ( 'NONE', #6478, 4.999999999999999112, 0.01745329251994333364 ) ;
#3805 = LINE ( 'NONE', #11058, #32 ) ;
#3806 = ORIENTED_EDGE ( 'NONE', *, *, #433, .T. ) ;
#3807 = DIRECTION ( 'NONE',  ( 0.000000000000000000, 0.000000000000000000, -1.000000000000000000 ) ) ;
#3808 = ORIENTED_EDGE ( 'NONE', *, *, #791, .F. ) ;
#3809 = CARTESIAN_POINT ( 'NONE',  ( 0.8676893682495945281, -0.8749999999999998890, 6.507728967510386653 ) ) ;
#3810 = VERTEX_POINT ( 'NONE', #8363 ) ;
#3811 = EDGE_CURVE ( 'NONE', #6220, #2850, #5571, .T. ) ;
#3812 = CARTESIAN_POINT ( 'NONE',  ( 9.999999999999964473, 2.925000000000000711, 7.500000000000015987 ) ) ;
#3813 = CARTESIAN_POINT ( 'NONE',  ( -15.16839826384052614, -0.5918808167694032951, 0.1311260396320763910 ) ) ;
#3814 = CARTESIAN_POINT ( 'NONE',  ( 18.45239945272295046, 0.2909026095264368172, 0.5673971366525895066 ) ) ;
#3815 = FACE_OUTER_BOUND ( 'NONE', #9796, .T. ) ;
#3816 = AXIS2_PLACEMENT_3D ( 'NONE', #1795, #2671, #1045 ) ;
#3817 = CIRCLE ( 'NONE', #10345, 0.06000000000000010186 ) ;
#3818 = CARTESIAN_POINT ( 'NONE',  ( 18.45291688572918787, -0.3398066086850315970, 0.1010252802714868836 ) ) ;
#3819 = VERTEX_POINT ( 'NONE', #11055 ) ;
#3820 = VERTEX_POINT ( 'NONE', #10055 ) ;
#3821 = ORIENTED_EDGE ( 'NONE', *, *, #3057, .F. ) ;
#3822 = CARTESIAN_POINT ( 'NONE',  ( -14.99537721217443931, 0.4648393371532952845, 0.9981511216785294849 ) ) ;
#3823 = DIRECTION ( 'NONE',  ( 0.7071067811865453523, 4.937700262164482567E-15, -0.7071067811865496822 ) ) ;
#3824 = VECTOR ( 'NONE', #8708, 1000.000000000000114 ) ;
#3825 = DIRECTION ( 'NONE',  ( 1.703767317533126255E-17, -1.000000000000000000, -1.212737214708384717E-16 ) ) ;
#3826 = ORIENTED_EDGE ( 'NONE', *, *, #10267, .F. ) ;
#3827 = CARTESIAN_POINT ( 'NONE',  ( 3.821798022482487234, -0.5357408986117138117, 4.455279303626886289 ) ) ;
#3828 = LINE ( 'NONE', #5970, #8728 ) ;
#3829 = EDGE_LOOP ( 'NONE', ( #6244, #3227, #9899, #6035, #10922, #7386 ) ) ;
#3830 = CARTESIAN_POINT ( 'NONE',  ( 1.000021300494533971, 1.824000000000006505, 13.87497886453820328 ) ) ;
#3831 = LINE ( 'NONE', #9090, #8970 ) ;
#3832 = CARTESIAN_POINT ( 'NONE',  ( -0.8999999999999711564, 0.6999999999999999556, -9.452907987027540315 ) ) ;
#3833 = CARTESIAN_POINT ( 'NONE',  ( -1.049999998840650095, 1.858999999999994657, 16.75100000600095740 ) ) ;
#3834 = CIRCLE ( 'NONE', #9087, 0.2499999999999997780 ) ;
#3835 =( BOUNDED_CURVE ( )  B_SPLINE_CURVE ( 3, ( #9419, #10168, #5083, #8545 ),
 .UNSPECIFIED., .F., .F. ) 
 B_SPLINE_CURVE_WITH_KNOTS ( ( 4, 4 ),
 ( 5.497939437029728538, 7.068431177329451920 ),
 .UNSPECIFIED. ) 
 CURVE ( )  GEOMETRIC_REPRESENTATION_ITEM ( )  RATIONAL_B_SPLINE_CURVE ( ( 1.000000000000000000, 0.8048096403827882384, 0.8048096403827882384, 1.000000000000000000 ) ) 
 REPRESENTATION_ITEM ( '' )  );
#3836 = VECTOR ( 'NONE', #366, 1000.000000000000000 ) ;
#3837 = VERTEX_POINT ( 'NONE', #6683 ) ;
#3838 = CARTESIAN_POINT ( 'NONE',  ( 3.926073538166989785, -0.8161413523325166119, 4.484212914681088513 ) ) ;
#3839 = FACE_OUTER_BOUND ( 'NONE', #2381, .T. ) ;
#3840 = ORIENTED_EDGE ( 'NONE', *, *, #2404, .T. ) ;
#3841 = CARTESIAN_POINT ( 'NONE',  ( 0.9999999999998673283, 1.925000000000001821, -6.799999999999916334 ) ) ;
#3842 = VECTOR ( 'NONE', #5952, 1000.000000000000000 ) ;
#3843 = DIRECTION ( 'NONE',  ( 1.000000000000000000, 0.000000000000000000, 0.000000000000000000 ) ) ;
#3844 = CARTESIAN_POINT ( 'NONE',  ( 4.591087590782294114, -0.8749999999999998890, 5.208252517577309781 ) ) ;
#3845 = EDGE_CURVE ( 'NONE', #6675, #10732, #486, .T. ) ;
#3846 = ADVANCED_FACE ( 'NONE', ( #1443, #3460, #11029 ), #3408, .T. ) ;
#3847 = DIRECTION ( 'NONE',  ( -0.000000000000000000, -1.000000000000000000, 0.000000000000000000 ) ) ;
#3848 = LINE ( 'NONE', #3726, #1558 ) ;
#3849 = EDGE_CURVE ( 'NONE', #7288, #6096, #5437, .T. ) ;
#3850 = CARTESIAN_POINT ( 'NONE',  ( 0.6602385262329637516, -0.8163219191445456602, 6.707703302752911156 ) ) ;
#3851 = ORIENTED_EDGE ( 'NONE', *, *, #583, .T. ) ;
#3852 = VECTOR ( 'NONE', #2856, 1000.000000000000000 ) ;
#3853 = VERTEX_POINT ( 'NONE', #4149 ) ;
#3854 = VERTEX_POINT ( 'NONE', #728 ) ;
#3855 = VECTOR ( 'NONE', #3062, 1000.000000000000000 ) ;
#3856 = AXIS2_PLACEMENT_3D ( 'NONE', #4300, #9293, #10253 ) ;
#3857 = ORIENTED_EDGE ( 'NONE', *, *, #2465, .F. ) ;
#3858 = CARTESIAN_POINT ( 'NONE',  ( -6.000000000000067502, 2.925000000000001155, -0.2999999999998707034 ) ) ;
#3859 = CARTESIAN_POINT ( 'NONE',  ( 7.499999999999877431, 2.825000000000001510, -5.403109303582651179 ) ) ;
#3860 = CARTESIAN_POINT ( 'NONE',  ( -9.999999999999998224, -0.6784904812874859026, 2.499999999999999556 ) ) ;
#3861 = LINE ( 'NONE', #3520, #5675 ) ;
#3862 = DIRECTION ( 'NONE',  ( 1.000000000000000000, 1.047444401652940007E-14, -3.587854865286276858E-15 ) ) ;
#3863 = ORIENTED_EDGE ( 'NONE', *, *, #3902, .T. ) ;
#3864 = ORIENTED_EDGE ( 'NONE', *, *, #3053, .F. ) ;
#3865 = ORIENTED_EDGE ( 'NONE', *, *, #6962, .F. ) ;
#3866 = CARTESIAN_POINT ( 'NONE',  ( 14.98466589161030704, -0.6784904812874567037, 0.4712850322845280604 ) ) ;
#3867 = ORIENTED_EDGE ( 'NONE', *, *, #4311, .T. ) ;
#3868 = DIRECTION ( 'NONE',  ( -3.491481338843084446E-15, -3.491481338843206719E-15, -1.000000000000000000 ) ) ;
#3869 = PLANE ( 'NONE',  #1669 ) ;
#3870 = EDGE_CURVE ( 'NONE', #2369, #7950, #10767, .T. ) ;
#3871 = CARTESIAN_POINT ( 'NONE',  ( 14.13747139912806006, -0.8149999999999999467, 3.546184957490958745 ) ) ;
#3872 = CARTESIAN_POINT ( 'NONE',  ( 0.8077092076835206136, -0.8166602124758743919, 6.624886500716998583 ) ) ;
#3873 = CARTESIAN_POINT ( 'NONE',  ( -10.00000000000013323, 2.925000000000001599, -7.249999999999841904 ) ) ;
#3874 = AXIS2_PLACEMENT_3D ( 'NONE', #658, #6548, #8394 ) ;
#3875 = FACE_OUTER_BOUND ( 'NONE', #6691, .T. ) ;
#3876 = ORIENTED_EDGE ( 'NONE', *, *, #7286, .F. ) ;
#3877 = VERTEX_POINT ( 'NONE', #10917 ) ;
#3878 = DIRECTION ( 'NONE',  ( 1.000000000000000000, 1.703767317532270218E-17, -7.084610675889280174E-15 ) ) ;
#3879 = AXIS2_PLACEMENT_3D ( 'NONE', #10199, #9358, #1677 ) ;
#3880 = CARTESIAN_POINT ( 'NONE',  ( 15.09537370924530997, 0.2000000000000000389, -0.8217575675826050974 ) ) ;
#3881 = VERTEX_POINT ( 'NONE', #3337 ) ;
#3882 = DIRECTION ( 'NONE',  ( 0.000000000000000000, 1.000000000000000000, -0.000000000000000000 ) ) ;
#3883 = DIRECTION ( 'NONE',  ( -1.211003966361780931E-16, 0.9998476951563911586, -0.01745240643728354982 ) ) ;
#3884 = EDGE_CURVE ( 'NONE', #2627, #7287, #9607, .T. ) ;
#3885 = CARTESIAN_POINT ( 'NONE',  ( -0.9000152304843960227, 1.926745240643728430, 7.400000000000092726 ) ) ;
#3886 = VERTEX_POINT ( 'NONE', #4934 ) ;
#3887 = ORIENTED_EDGE ( 'NONE', *, *, #3341, .F. ) ;
#3888 = DIRECTION ( 'NONE',  ( -1.000000000000000000, 0.000000000000000000, 7.014719940208544583E-15 ) ) ;
#3889 = CARTESIAN_POINT ( 'NONE',  ( -15.19990861245377367, 0.1944152299400692951, 0.7999805062271065914 ) ) ;
#3890 = CARTESIAN_POINT ( 'NONE',  ( -14.99996824868389922, 0.1992828659301199845, 2.513868528833924643 ) ) ;
#3891 = EDGE_CURVE ( 'NONE', #8383, #9215, #2926, .T. ) ;
#3892 = VERTEX_POINT ( 'NONE', #2547 ) ;
#3893 = CARTESIAN_POINT ( 'NONE',  ( -1.874999998840635174, 1.859000000000000652, 21.00100000600096450 ) ) ;
#3894 = ADVANCED_FACE ( 'NONE', ( #8486 ), #9253, .T. ) ;
#3895 = DIRECTION ( 'NONE',  ( 1.000000000000000000, 0.000000000000000000, 0.000000000000000000 ) ) ;
#3896 = CARTESIAN_POINT ( 'NONE',  ( 0.6415430021743456779, 0.2000000000000000944, -7.500000000000294875 ) ) ;
#3897 = CARTESIAN_POINT ( 'NONE',  ( 18.50000000000000000, -0.3972731353633155438, -0.1100275515358832695 ) ) ;
#3898 = CARTESIAN_POINT ( 'NONE',  ( 3.959052732365030636, 0.6999999999999999556, 6.008204754359224964 ) ) ;
#3899 = EDGE_CURVE ( 'NONE', #6410, #5269, #10108, .T. ) ;
#3900 = VERTEX_POINT ( 'NONE', #3961 ) ;
#3901 = ORIENTED_EDGE ( 'NONE', *, *, #7616, .F. ) ;
#3902 = EDGE_CURVE ( 'NONE', #523, #3978, #2515, .T. ) ;
#3903 = VERTEX_POINT ( 'NONE', #4425 ) ;
#3904 = CARTESIAN_POINT ( 'NONE',  ( -12.28283666301317112, 1.925000000000000044, 5.990849364905562524 ) ) ;
#3905 = CARTESIAN_POINT ( 'NONE',  ( -12.61006929586268654, 0.6999999999999999556, 2.030563360842449150 ) ) ;
#3906 = LINE ( 'NONE', #343, #1626 ) ;
#3907 = CARTESIAN_POINT ( 'NONE',  ( -15.00000000000000000, -0.1445300000000001306, 0.4499999999999999556 ) ) ;
#3908 = EDGE_CURVE ( 'NONE', #1183, #4717, #7841, .T. ) ;
#3909 = ORIENTED_EDGE ( 'NONE', *, *, #5013, .F. ) ;
#3910 = CARTESIAN_POINT ( 'NONE',  ( -0.5000761524218479970, 1.925000000000000266, 5.901730273688523098 ) ) ;
#3911 = DIRECTION ( 'NONE',  ( 0.9998476951563912696, 0.01745240643728296001, -8.673617379884032317E-15 ) ) ;
#3912 = EDGE_CURVE ( 'NONE', #233, #4115, #6899, .T. ) ;
#3913 = CIRCLE ( 'NONE', #5435, 0.4500000000000002887 ) ;
#3914 = DIRECTION ( 'NONE',  ( -3.587854865286240571E-15, -3.491481338843207903E-15, -1.000000000000000000 ) ) ;
#3915 = CARTESIAN_POINT ( 'NONE',  ( -1.343937097963461058, 0.6999999999999998446, 5.274182915360314361 ) ) ;
#3916 = LINE ( 'NONE', #4843, #2853 ) ;
#3917 = ORIENTED_EDGE ( 'NONE', *, *, #1961, .F. ) ;
#3918 = EDGE_CURVE ( 'NONE', #9555, #1711, #2808, .T. ) ;
#3919 = ORIENTED_EDGE ( 'NONE', *, *, #2921, .F. ) ;
#3920 = AXIS2_PLACEMENT_3D ( 'NONE', #8820, #5367, #2008 ) ;
#3921 = CARTESIAN_POINT ( 'NONE',  ( -0.8819452378165408835, 1.874603672684369116, -7.391856133575955390 ) ) ;
#3922 = VECTOR ( 'NONE', #8314, 1000.000000000000000 ) ;
#3923 = CARTESIAN_POINT ( 'NONE',  ( 10.79525750901549941, 2.825000000000001066, -0.8046251345474897398 ) ) ;
#3924 = VECTOR ( 'NONE', #9666, 1000.000000000000227 ) ;
#3925 = CARTESIAN_POINT ( 'NONE',  ( 14.74999999999992895, 2.675000000000001155, 2.499999999999992006 ) ) ;
#3926 =( NAMED_UNIT ( * ) PLANE_ANGLE_UNIT ( ) SI_UNIT ( $, .RADIAN. ) );
#3927 = CARTESIAN_POINT ( 'NONE',  ( -12.75000000000000711, 1.925000000000000044, 5.750000000000174083 ) ) ;
#3928 = EDGE_LOOP ( 'NONE', ( #7165, #364, #8877, #8754 ) ) ;
#3929 = PLANE ( 'NONE',  #2029 ) ;
#3930 = ORIENTED_EDGE ( 'NONE', *, *, #9673, .T. ) ;
#3931 = DIRECTION ( 'NONE',  ( -1.000000000000000000, 0.000000000000000000, 6.938893903907226800E-15 ) ) ;
#3932 = AXIS2_PLACEMENT_3D ( 'NONE', #8296, #1510, #4917 ) ;
#3933 = ORIENTED_EDGE ( 'NONE', *, *, #9957, .F. ) ;
#3934 = VECTOR ( 'NONE', #1505, 1000.000000000000000 ) ;
#3935 = CARTESIAN_POINT ( 'NONE',  ( 12.61006929586268654, 0.6999999999999999556, 0.9999999999999991118 ) ) ;
#3936 = DIRECTION ( 'NONE',  ( -1.703767317533126255E-17, 1.000000000000000000, 1.212737214708384717E-16 ) ) ;
#3937 = VECTOR ( 'NONE', #10416, 1000.000000000000000 ) ;
#3938 = AXIS2_PLACEMENT_3D ( 'NONE', #10466, #6174, #5431 ) ;
#3939 = ORIENTED_EDGE ( 'NONE', *, *, #456, .F. ) ;
#3940 = ORIENTED_EDGE ( 'NONE', *, *, #5820, .F. ) ;
#3941 = B_SPLINE_SURFACE_WITH_KNOTS ( 'NONE', 3, 1, ( 
 ( #4530, #5361 ),
 ( #8813, #6262 ),
 ( #9683, #1161 ),
 ( #7147, #2032 ),
 ( #7979, #4592 ),
 ( #10555, #7107 ),
 ( #2890, #3759 ),
 ( #281, #5448 ),
 ( #2062, #8000 ),
 ( #318, #5403 ) ),
 .UNSPECIFIED., .F., .F., .F.,
 ( 4, 2, 2, 2, 4 ),
 ( 2, 2 ),
 ( 0.000000000000000000, 0.2500000000000000555, 0.5000000000000000000, 0.7500000000000002220, 1.000000000000000000 ),
 ( 0.000000000000000000, 1.000000000000000000 ),
 .UNSPECIFIED. ) ;
#3942 = ORIENTED_EDGE ( 'NONE', *, *, #1612, .T. ) ;
#3943 = FACE_OUTER_BOUND ( 'NONE', #591, .T. ) ;
#3944 = AXIS2_PLACEMENT_3D ( 'NONE', #6320, #1227, #7884 ) ;
#3945 = CIRCLE ( 'NONE', #10755, 0.9690474040684478041 ) ;
#3946 = VECTOR ( 'NONE', #2617, 1000.000000000000000 ) ;
#3947 = DIRECTION ( 'NONE',  ( 1.047444401652941269E-14, -1.000000000000000000, 3.491481338843170037E-15 ) ) ;
#3948 = CARTESIAN_POINT ( 'NONE',  ( 0.6759850593936932439, -0.8749999999999998890, 6.767689367280602220 ) ) ;
#3949 = EDGE_CURVE ( 'NONE', #3854, #5839, #1717, .T. ) ;
#3950 = DIRECTION ( 'NONE',  ( -1.703767317533126255E-17, 1.000000000000000000, 1.212737214708384717E-16 ) ) ;
#3951 = CARTESIAN_POINT ( 'NONE',  ( -10.00000000000003020, 2.924999999999999822, 7.500000000000158096 ) ) ;
#3952 = AXIS2_PLACEMENT_3D ( 'NONE', #7098, #8737, #3670 ) ;
#3953 = VECTOR ( 'NONE', #9876, 1000.000000000000000 ) ;
#3954 = VERTEX_POINT ( 'NONE', #6150 ) ;
#3955 = CYLINDRICAL_SURFACE ( 'NONE', #10031, 5.000000000000000888 ) ;
#3956 = ORIENTED_EDGE ( 'NONE', *, *, #4275, .F. ) ;
#3957 = VECTOR ( 'NONE', #10552, 1000.000000000000000 ) ;
#3958 = CARTESIAN_POINT ( 'NONE',  ( -0.9999999988406955698, 1.784999999999952625, 4.426800006000958021 ) ) ;
#3959 = CARTESIAN_POINT ( 'NONE',  ( -9.014586297939951365, 2.925000000000000711, 1.633974596215712838 ) ) ;
#3960 = EDGE_CURVE ( 'NONE', #4564, #5564, #9961, .T. ) ;
#3961 = CARTESIAN_POINT ( 'NONE',  ( -16.24999999999999645, 1.150000000000000133, 0.000000000000000000 ) ) ;
#3962 = CARTESIAN_POINT ( 'NONE',  ( -17.14999999999999858, 0.2000000000000000389, 0.000000000000000000 ) ) ;
#3963 = EDGE_CURVE ( 'NONE', #3534, #6369, #3193, .T. ) ;
#3964 = DIRECTION ( 'NONE',  ( -1.047444401652941269E-14, 1.000000000000000000, -3.491481338843170037E-15 ) ) ;
#3965 = LINE ( 'NONE', #1441, #5415 ) ;
#3966 =( BOUNDED_CURVE ( )  B_SPLINE_CURVE ( 3, ( #15, #7855, #9517, #2624 ),
 .UNSPECIFIED., .F., .F. ) 
 B_SPLINE_CURVE_WITH_KNOTS ( ( 4, 4 ),
 ( 5.497939437029718768, 7.068431177329451920 ),
 .UNSPECIFIED. ) 
 CURVE ( )  GEOMETRIC_REPRESENTATION_ITEM ( )  RATIONAL_B_SPLINE_CURVE ( ( 1.000000000000000000, 0.8048096403827860179, 0.8048096403827860179, 1.000000000000000000 ) ) 
 REPRESENTATION_ITEM ( '' )  );
#3967 = TOROIDAL_SURFACE ( 'NONE', #280, 4.750000000000000000, 0.2500000000000000000 ) ;
#3968 = LINE ( 'NONE', #5052, #6606 ) ;
#3969 = EDGE_LOOP ( 'NONE', ( #6765, #7198, #9250, #374 ) ) ;
#3970 = CIRCLE ( 'NONE', #8947, 0.8000000000000001554 ) ;
#3971 = ORIENTED_EDGE ( 'NONE', *, *, #9161, .T. ) ;
#3972 = DIRECTION ( 'NONE',  ( -1.703767317533126255E-17, 1.000000000000000000, 1.212737214708384717E-16 ) ) ;
#3973 = CARTESIAN_POINT ( 'NONE',  ( 12.74624576721419977, -0.8160471443862369334, -5.687924231849163625 ) ) ;
#3974 = CARTESIAN_POINT ( 'NONE',  ( -18.44991724684545886, -0.05201201904629255968, 0.4889970488649242886 ) ) ;
#3975 = DIRECTION ( 'NONE',  ( -1.000000000000000000, 0.000000000000000000, 8.673617379884069985E-17 ) ) ;
#3976 = CARTESIAN_POINT ( 'NONE',  ( -14.99993907342249422, 0.2034904812874566982, 2.499999999999965805 ) ) ;
#3977 = LINE ( 'NONE', #6643, #2230 ) ;
#3978 = VERTEX_POINT ( 'NONE', #62 ) ;
#3979 = DIRECTION ( 'NONE',  ( -0.3420201433256725987, 1.081327937400303845E-16, -0.9396926207859068736 ) ) ;
#3981 = EDGE_CURVE ( 'NONE', #8742, #10125, #4255, .T. ) ;
#3980 = VECTOR ( 'NONE', #2027, 1000.000000000000000 ) ;
#3982 = OPEN_SHELL ( 'NONE', ( #4508, #8050, #661, #1078, #1257, #2660, #45, #6330 ) ) ;
#3983 = VERTEX_POINT ( 'NONE', #1805 ) ;
#3984 = VERTEX_POINT ( 'NONE', #1853 ) ;
#3985 = EDGE_CURVE ( 'NONE', #1138, #448, #10510, .T. ) ;
#3986 = DIRECTION ( 'NONE',  ( 1.703767317533126255E-17, -1.000000000000000000, -1.212737214708384717E-16 ) ) ;
#3987 = LINE ( 'NONE', #3675, #6747 ) ;
#3988 = DIRECTION ( 'NONE',  ( 2.602085213965209379E-14, 1.000000000000000000, 0.000000000000000000 ) ) ;
#3989 = EDGE_CURVE ( 'NONE', #4195, #10956, #1994, .T. ) ;
#3990 = VERTEX_POINT ( 'NONE', #10584 ) ;
#3991 = CARTESIAN_POINT ( 'NONE',  ( 14.98769729926088878, -0.5048212532983922252, 0.3784569005046293788 ) ) ;
#3992 = ORIENTED_EDGE ( 'NONE', *, *, #8513, .T. ) ;
#3993 = VERTEX_POINT ( 'NONE', #7103 ) ;
#3994 = PLANE ( 'NONE',  #5560 ) ;
#3995 = VERTEX_POINT ( 'NONE', #7184 ) ;
#3996 = DIRECTION ( 'NONE',  ( -1.000000000000000000, -1.047444401652940007E-14, 3.491481338843121522E-15 ) ) ;
#3997 = FACE_OUTER_BOUND ( 'NONE', #1733, .T. ) ;
#3998 = ORIENTED_EDGE ( 'NONE', *, *, #6771, .T. ) ;
#3999 = DIRECTION ( 'NONE',  ( 1.000000000000000000, 1.071446852809204308E-14, 0.000000000000000000 ) ) ;
#4000 = ADVANCED_FACE ( 'NONE', ( #228 ), #3739, .F. ) ;
#4001 = CARTESIAN_POINT ( 'NONE',  ( 7.700000001159311935, 1.859000000000046171, 5.251000006000929865 ) ) ;
#4002 = ORIENTED_EDGE ( 'NONE', *, *, #7159, .F. ) ;
#4003 = CARTESIAN_POINT ( 'NONE',  ( -18.50000000000000000, 0.3001928563916361203, 0.6185521380491205701 ) ) ;
#4004 = DIRECTION ( 'NONE',  ( 0.000000000000000000, 1.000000000000000000, -0.000000000000000000 ) ) ;
#4005 = CARTESIAN_POINT ( 'NONE',  ( 1.098269726311528194, 1.925000000000000044, 6.501638890782349023 ) ) ;
#4006 = AXIS2_PLACEMENT_3D ( 'NONE', #4785, #10748, #3988 ) ;
#4007 = CARTESIAN_POINT ( 'NONE',  ( -9.999999999999998224, 1.865000000000000435, 7.410928177211882684 ) ) ;
#4008 = EDGE_LOOP ( 'NONE', ( #5670, #3069, #10004, #1980 ) ) ;
#4009 = CARTESIAN_POINT ( 'NONE',  ( -14.91092817721188091, 1.925000000000000266, -2.499999999999964917 ) ) ;
#4010 = CARTESIAN_POINT ( 'NONE',  ( -18.45096235701306853, 0.1063698535660634603, 0.5675446470815593836 ) ) ;
#4011 = AXIS2_PLACEMENT_3D ( 'NONE', #4229, #10176, #5737 ) ;
#4012 = CARTESIAN_POINT ( 'NONE',  ( 14.99999999999999822, -0.1400000000000001243, 0.1499999999999999389 ) ) ;
#4013 = CARTESIAN_POINT ( 'NONE',  ( -18.50000000000000000, 0.3736514466153444958, 0.5283362074035536926 ) ) ;
#4014 = ORIENTED_EDGE ( 'NONE', *, *, #8856, .T. ) ;
#4015 = EDGE_CURVE ( 'NONE', #3837, #2945, #1318, .T. ) ;
#4016 = AXIS2_PLACEMENT_3D ( 'NONE', #2822, #4630, #362 ) ;
#4017 = CARTESIAN_POINT ( 'NONE',  ( 18.45095919821060804, 0.1058911515094951017, -0.5673072417146630686 ) ) ;
#4018 = CIRCLE ( 'NONE', #417, 4.526728798636533213 ) ;
#4019 = CARTESIAN_POINT ( 'NONE',  ( 1.098269726311528194, 1.925000000000000044, 6.501638890782349023 ) ) ;
#4020 = LOCAL_TIME ( 13, 33, 9.000000000000000000, #9731 ) ;
#4021 = CARTESIAN_POINT ( 'NONE',  ( -18.49999999999966604, 0.6926368657736631240, -0.2494138704172199905 ) ) ;
#4022 = CARTESIAN_POINT ( 'NONE',  ( 14.99072384844537709, -0.3314303666470473364, 0.6153170219450504463 ) ) ;
#4023 = ORIENTED_EDGE ( 'NONE', *, *, #3544, .T. ) ;
#4024 = EDGE_LOOP ( 'NONE', ( #10886, #344, #8281, #8563, #8555, #2118, #8024, #8953, #187, #4544, #10038, #468, #1182, #10506, #9953, #29, #737, #3501, #3236, #6762, #3077 ) ) ;
#4025 = AXIS2_PLACEMENT_3D ( 'NONE', #5027, #1702, #5917 ) ;
#4026 = CARTESIAN_POINT ( 'NONE',  ( 15.18463543064158472, -0.5055847700599308547, 0.3770280258276225704 ) ) ;
#4027 = EDGE_CURVE ( 'NONE', #2040, #5266, #9284, .T. ) ;
#4028 = LINE ( 'NONE', #6315, #8526 ) ;
#4029 = CARTESIAN_POINT ( 'NONE',  ( 4.592301493456877104, -0.8160471443862370444, 6.507728967510383988 ) ) ;
#4030 = ORGANIZATION ( 'UNSPECIFIED', 'UNSPECIFIED', '' ) ;
#4031 = DIRECTION ( 'NONE',  ( 0.000000000000000000, 0.000000000000000000, -1.000000000000000000 ) ) ;
#4032 = CARTESIAN_POINT ( 'NONE',  ( -0.9999999988406939044, 1.704999999999952554, 4.426800006000958021 ) ) ;
#4033 = ORIENTED_EDGE ( 'NONE', *, *, #8078, .F. ) ;
#4034 = CARTESIAN_POINT ( 'NONE',  ( -15.19085053846065847, 0.6207341392724960993, 0.7116590832235921704 ) ) ;
#4035 = DIRECTION ( 'NONE',  ( -1.703767317533126255E-17, 1.000000000000000000, 1.212737214708384717E-16 ) ) ;
#4036 = DIRECTION ( 'NONE',  ( -1.000000000000000000, -0.000000000000000000, 0.000000000000000000 ) ) ;
#4037 = DIRECTION ( 'NONE',  ( -6.911138328291599464E-15, 1.212737214708358339E-16, -1.000000000000000000 ) ) ;
#4038 = CARTESIAN_POINT ( 'NONE',  ( 1.903199812719668760, 1.925000000000000044, 6.865269726311646004 ) ) ;
#4039 = EDGE_CURVE ( 'NONE', #151, #1815, #3708, .T. ) ;
#4040 = LINE ( 'NONE', #6531, #9338 ) ;
#4041 = VECTOR ( 'NONE', #6131, 1000.000000000000227 ) ;
#4042 = EDGE_CURVE ( 'NONE', #4892, #4877, #7409, .T. ) ;
#4043 = CARTESIAN_POINT ( 'NONE',  ( 18.50000000000000000, 0.4472766804341936075, 0.4912781730480662579 ) ) ;
#4044 = DIRECTION ( 'NONE',  ( -0.000000000000000000, -1.000000000000000000, 0.000000000000000000 ) ) ;
#4045 = CARTESIAN_POINT ( 'NONE',  ( -18.50000000000030553, 0.2922160972168991178, 0.5693193917492312961 ) ) ;
#4046 = ORIENTED_EDGE ( 'NONE', *, *, #1765, .T. ) ;
#4047 = ORIENTED_EDGE ( 'NONE', *, *, #311, .F. ) ;
#4048 = EDGE_CURVE ( 'NONE', #1848, #7752, #5955, .T. ) ;
#4049 = VECTOR ( 'NONE', #5535, 1000.000000000000227 ) ;
#4050 = EDGE_CURVE ( 'NONE', #5693, #1835, #7285, .T. ) ;
#4051 = LINE ( 'NONE', #5823, #6030 ) ;
#4052 = CARTESIAN_POINT ( 'NONE',  ( 4.599999999998543032, -0.3750000000000000000, 6.699999999999997513 ) ) ;
#4053 = VERTEX_POINT ( 'NONE', #9567 ) ;
#4054 = VERTEX_POINT ( 'NONE', #7931 ) ;
#4055 = AXIS2_PLACEMENT_3D ( 'NONE', #9503, #10347, #3509 ) ;
#4056 = CARTESIAN_POINT ( 'NONE',  ( -12.33631939038345671, 1.925000000000001377, -5.927111132420074036 ) ) ;
#4057 = VECTOR ( 'NONE', #9584, 1000.000000000000000 ) ;
#4058 = LINE ( 'NONE', #7396, #6043 ) ;
#4059 = CARTESIAN_POINT ( 'NONE',  ( 9.999999999999859668, 1.925000000000002043, -7.499999999999981348 ) ) ;
#4060 = EDGE_CURVE ( 'NONE', #5512, #5814, #756, .T. ) ;
#4061 = VERTEX_POINT ( 'NONE', #7143 ) ;
#4062 = AXIS2_PLACEMENT_3D ( 'NONE', #3486, #10285, #10365 ) ;
#4063 = EDGE_LOOP ( 'NONE', ( #431, #693, #220, #5691 ) ) ;
#4064 = ORIENTED_EDGE ( 'NONE', *, *, #7286, .T. ) ;
#4065 = CARTESIAN_POINT ( 'NONE',  ( 13.21716333698674717, 1.925000000000000488, 5.990849364905382224 ) ) ;
#4066 = LINE ( 'NONE', #3510, #8294 ) ;
#4067 = CARTESIAN_POINT ( 'NONE',  ( -2.696456176721500064, 1.925000000000000044, 6.542238406188338296 ) ) ;
#4068 = CIRCLE ( 'NONE', #4636, 0.1000000000000000472 ) ;
#4069 = CARTESIAN_POINT ( 'NONE',  ( -14.97467983042102091, -0.7375002251765221395, -0.1585747380568732767 ) ) ;
#4070 = AXIS2_PLACEMENT_3D ( 'NONE', #2620, #5168, #6878 ) ;
#4071 = VERTEX_POINT ( 'NONE', #3721 ) ;
#4072 = ORIENTED_EDGE ( 'NONE', *, *, #10915, .T. ) ;
#4073 = EDGE_CURVE ( 'NONE', #9547, #1633, #6239, .T. ) ;
#4074 = CARTESIAN_POINT ( 'NONE',  ( -13.19216333698683385, 1.925000000000000044, 6.034150635094785109 ) ) ;
#4075 = CARTESIAN_POINT ( 'NONE',  ( 6.505213034913050270E-16, 0.2000000000000000111, 7.499999999999999112 ) ) ;
#4076 = CARTESIAN_POINT ( 'NONE',  ( -18.44993118967363799, -0.04860323312332828077, 0.4906876183330969310 ) ) ;
#4077 = VECTOR ( 'NONE', #10518, 1000.000000000000000 ) ;
#4078 = AXIS2_PLACEMENT_3D ( 'NONE', #2193, #3862, #2994 ) ;
#4079 = ORIENTED_EDGE ( 'NONE', *, *, #1991, .F. ) ;
#4080 = VECTOR ( 'NONE', #5149, 1000.000000000000000 ) ;
#4081 = ORIENTED_EDGE ( 'NONE', *, *, #5579, .F. ) ;
#4082 = CYLINDRICAL_SURFACE ( 'NONE', #10271, 0.06000000000000015737 ) ;
#4083 = CARTESIAN_POINT ( 'NONE',  ( 4.600131389930430359, -0.3674726758435270524, 5.427271735109527206 ) ) ;
#4084 = CARTESIAN_POINT ( 'NONE',  ( -1.000000000000000000, 0.6999999999999999556, -3.849999999999996980 ) ) ;
#4085 = AXIS2_PLACEMENT_3D ( 'NONE', #1750, #9553, #9449 ) ;
#4086 = FACE_OUTER_BOUND ( 'NONE', #9968, .T. ) ;
#4087 = LINE ( 'NONE', #9865, #5800 ) ;
#4088 = ORIENTED_EDGE ( 'NONE', *, *, #10264, .F. ) ;
#4089 = FACE_OUTER_BOUND ( 'NONE', #5769, .T. ) ;
#4090 = ORIENTED_EDGE ( 'NONE', *, *, #1164, .F. ) ;
#4091 = LINE ( 'NONE', #10136, #9119 ) ;
#4092 = EDGE_CURVE ( 'NONE', #6853, #7849, #9837, .T. ) ;
#4093 = DIRECTION ( 'NONE',  ( 0.000000000000000000, 1.000000000000000000, 0.000000000000000000 ) ) ;
#4094 = CARTESIAN_POINT ( 'NONE',  ( -18.50000000000000000, 0.7941908499664257493, -0.05580917254784953374 ) ) ;
#4095 = PLANE ( 'NONE',  #4756 ) ;
#4096 = CARTESIAN_POINT ( 'NONE',  ( 12.74999999999991118, 1.925000000000000488, 5.750000000000000888 ) ) ;
#4097 = LINE ( 'NONE', #7330, #1843 ) ;
#4098 = EDGE_CURVE ( 'NONE', #5512, #6991, #7691, .T. ) ;
#4099 = DIRECTION ( 'NONE',  ( -0.000000000000000000, -1.000000000000000000, -0.000000000000000000 ) ) ;
#4100 = ORIENTED_EDGE ( 'NONE', *, *, #4423, .F. ) ;
#4101 = ORIENTED_EDGE ( 'NONE', *, *, #5366, .T. ) ;
#4102 = VERTEX_POINT ( 'NONE', #7977 ) ;
#4103 = ORIENTED_EDGE ( 'NONE', *, *, #2122, .F. ) ;
#4104 = LINE ( 'NONE', #385, #348 ) ;
#4105 = CARTESIAN_POINT ( 'NONE',  ( 1.149999999999999911, 1.903999999999969051, 2.726800000555862358 ) ) ;
#4106 = ORIENTED_EDGE ( 'NONE', *, *, #9851, .F. ) ;
#4107 = CARTESIAN_POINT ( 'NONE',  ( 10.00000000000000178, 0.1999999999999999833, 2.499999999999999556 ) ) ;
#4108 = EDGE_CURVE ( 'NONE', #7745, #3837, #902, .T. ) ;
#4109 = APPROVAL_STATUS ( 'not_yet_approved' ) ;
#4110 = CARTESIAN_POINT ( 'NONE',  ( -14.99993907342249422, 0.2034904812874568092, 0.9999756327838832393 ) ) ;
#4111 = CARTESIAN_POINT ( 'NONE',  ( -1.230336675081828313, 1.866047144386237644, 7.470919038921264743 ) ) ;
#4112 = EDGE_CURVE ( 'NONE', #2047, #3267, #3987, .T. ) ;
#4113 = CARTESIAN_POINT ( 'NONE',  ( -18.44999999999999929, 0.2000000000000001499, 0.000000000000000000 ) ) ;
#4114 = VECTOR ( 'NONE', #2127, 1000.000000000000000 ) ;
#4115 = VERTEX_POINT ( 'NONE', #6290 ) ;
#4116 = OPEN_SHELL ( 'NONE', ( #3432, #8985, #10482, #10307 ) ) ;
#4117 = ORIENTED_EDGE ( 'NONE', *, *, #6117, .F. ) ;
#4118 = ORIENTED_EDGE ( 'NONE', *, *, #9139, .T. ) ;
#4119 = CARTESIAN_POINT ( 'NONE',  ( -15.00000000000000000, -0.1400000000000001243, -0.1500000000000001887 ) ) ;
#4120 = CARTESIAN_POINT ( 'NONE',  ( 0.8087275324626530537, -0.8749999999999998890, 5.433504217327678631 ) ) ;
#4121 = CARTESIAN_POINT ( 'NONE',  ( 7.499999999999885425, 2.825000000000001510, -4.327032419940898933 ) ) ;
#4122 = DIRECTION ( 'NONE',  ( -0.8660254037844353769, -7.539191852662399200E-17, 0.5000000000000055511 ) ) ;
#4123 = DIRECTION ( 'NONE',  ( 0.000000000000000000, 1.000000000000000000, -0.000000000000000000 ) ) ;
#4124 = DIRECTION ( 'NONE',  ( -1.000000000000000000, 0.000000000000000000, 0.000000000000000000 ) ) ;
#4125 = EDGE_CURVE ( 'NONE', #6605, #11033, #3324, .T. ) ;
#4126 = VECTOR ( 'NONE', #6460, 1000.000000000000000 ) ;
#4127 = ORIENTED_EDGE ( 'NONE', *, *, #6281, .T. ) ;
#4128 = ORIENTED_EDGE ( 'NONE', *, *, #6512, .T. ) ;
#4129 = EDGE_CURVE ( 'NONE', #2810, #7612, #1104, .T. ) ;
#4130 = CARTESIAN_POINT ( 'NONE',  ( 0.8498016054075939740, 1.925000000000000266, 5.901730273688515993 ) ) ;
#4131 = ORIENTED_EDGE ( 'NONE', *, *, #5600, .F. ) ;
#4132 = CARTESIAN_POINT ( 'NONE',  ( -1.449999998840634907, 1.824000000000005173, 21.00100000600096095 ) ) ;
#4133 = AXIS2_PLACEMENT_3D ( 'NONE', #7311, #8176, #432 ) ;
#4134 = CARTESIAN_POINT ( 'NONE',  ( -18.50000000000082778, 0.6113013683446097968, -0.3797388621300291645 ) ) ;
#4135 = CARTESIAN_POINT ( 'NONE',  ( -18.49312478454782749, 0.4565700607800623478, -0.5127165653750884733 ) ) ;
#4136 = CARTESIAN_POINT ( 'NONE',  ( 3.241557207089539094, 1.903999999999995474, 3.976778864538191183 ) ) ;
#4137 = CARTESIAN_POINT ( 'NONE',  ( 15.16466320462723338, -0.6000006123028504001, 0.06510219978292221266 ) ) ;
#4138 = AXIS2_PLACEMENT_3D ( 'NONE', #5220, #1855, #3573 ) ;
#4139 = ORIENTED_EDGE ( 'NONE', *, *, #9788, .T. ) ;
#4140 = DIRECTION ( 'NONE',  ( 0.000000000000000000, 1.000000000000000000, -0.000000000000000000 ) ) ;
#4141 = VERTEX_POINT ( 'NONE', #5796 ) ;
#4142 = CARTESIAN_POINT ( 'NONE',  ( -15.00000000000000000, 0.3129999999999997784, 0.1499999999999997169 ) ) ;
#4143 = DIRECTION ( 'NONE',  ( -1.047444401652941269E-14, 1.000000000000000000, -3.491481338843170037E-15 ) ) ;
#4144 = DIRECTION ( 'NONE',  ( -1.047444401652941269E-14, 1.000000000000000000, -3.491481338843170037E-15 ) ) ;
#4145 = DIRECTION ( 'NONE',  ( 1.047444401652941269E-14, -1.000000000000000000, 3.491481338843170037E-15 ) ) ;
#4146 = ORIENTED_EDGE ( 'NONE', *, *, #7661, .T. ) ;
#4147 = DIRECTION ( 'NONE',  ( -0.3420201433256755963, 1.081327937400302243E-16, -0.9396926207859058744 ) ) ;
#4148 = CARTESIAN_POINT ( 'NONE',  ( 10.00000000000000000, 1.925000000000000266, -2.500000000000001332 ) ) ;
#4149 = CARTESIAN_POINT ( 'NONE',  ( 0.8999999999999928058, 1.903999999999959503, 0.7500000005558615790 ) ) ;
#4150 = DIRECTION ( 'NONE',  ( 0.000000000000000000, 0.9998476951563911586, 0.01745240643728354635 ) ) ;
#4151 = CARTESIAN_POINT ( 'NONE',  ( -18.50000000000015632, 0.4663758391161606509, 0.5320603241232183533 ) ) ;
#4152 = CARTESIAN_POINT ( 'NONE',  ( -10.00000000000003375, 2.924999999999999822, 7.250000000000158096 ) ) ;
#4153 = CARTESIAN_POINT ( 'NONE',  ( 0.8860207152530004127, 1.125000000000000222, 7.400000000000081180 ) ) ;
#4154 = ADVANCED_FACE ( 'NONE', ( #4511 ), #1704, .T. ) ;
#4155 = PERSON_AND_ORGANIZATION ( #9160, #4030 ) ;
#4156 = EDGE_CURVE ( 'NONE', #6939, #2910, #1574, .T. ) ;
#4157 = ORIENTED_EDGE ( 'NONE', *, *, #645, .T. ) ;
#4158 = ORIENTED_EDGE ( 'NONE', *, *, #5004, .T. ) ;
#4159 = CARTESIAN_POINT ( 'NONE',  ( -0.1999999988406504225, 1.859000000000003539, 16.75100000600095740 ) ) ;
#4160 = DIRECTION ( 'NONE',  ( 0.5000000000000194289, -9.650728701755963672E-17, 0.8660254037844273833 ) ) ;
#4161 = CIRCLE ( 'NONE', #1738, 0.5000000000763005215 ) ;
#4162 = CARTESIAN_POINT ( 'NONE',  ( -18.49999999999999645, 0.4386653920016325148, 0.4956295810576832328 ) ) ;
#4163 = CARTESIAN_POINT ( 'NONE',  ( -6.500000000000070166, 2.825000000000001066, -0.7999999999998668176 ) ) ;
#4164 =( BOUNDED_SURFACE ( )  B_SPLINE_SURFACE ( 3, 2, ( 
 ( #2264, #10660, #2297 ),
 ( #7422, #10825, #6529 ),
 ( #10790, #6563, #2342 ),
 ( #6639, #9973, #7492 ),
 ( #713, #6604, #7376 ),
 ( #8245, #2418, #4029 ) ),
 .UNSPECIFIED., .F., .F., .F. ) 
 B_SPLINE_SURFACE_WITH_KNOTS ( ( 4, 2, 4 ),
 ( 3, 3 ),
 ( 5.497939437029720544, 6.283185307179588008, 7.068431177329454584 ),
 ( 0.000000000000000000, 1.000000000000000000 ),
 .UNSPECIFIED. ) 
 GEOMETRIC_REPRESENTATION_ITEM ( )  RATIONAL_B_SPLINE_SURFACE ( (
 ( 1.000000000000000000, 0.7132504491541810099, 1.000000000000000000),
 ( 1.000000000000000000, 0.7148663289597214643, 1.000000000000000000),
 ( 1.000000000000000000, 0.7157784824661378442, 1.000000000000000000),
 ( 1.000000000000000000, 0.7157784824661378442, 1.000000000000000000),
 ( 1.000000000000000000, 0.7148663289597245729, 1.000000000000000000),
 ( 1.000000000000000000, 0.7132504491541810099, 1.000000000000000000) ) ) 
 REPRESENTATION_ITEM ( '' )  SURFACE ( )  );
#4165 = ORIENTED_EDGE ( 'NONE', *, *, #10687, .T. ) ;
#4166 = ADVANCED_FACE ( 'NONE', ( #478 ), #9825, .T. ) ;
#4167 = CARTESIAN_POINT ( 'NONE',  ( 4.532310631747494156, -0.8149999999999999467, 4.699999999999997513 ) ) ;
#4168 = LINE ( 'NONE', #4067, #8544 ) ;
#4169 = CARTESIAN_POINT ( 'NONE',  ( -18.45299315601055312, -0.3470419174723491373, 0.1023763272343758413 ) ) ;
#4170 = CARTESIAN_POINT ( 'NONE',  ( -2.299999998840650761, 1.823999999999980526, 16.50100000600096450 ) ) ;
#4171 = LINE ( 'NONE', #3472, #7331 ) ;
#4172 = DIRECTION ( 'NONE',  ( -0.000000000000000000, -1.000000000000000000, -0.000000000000000000 ) ) ;
#4173 = DIRECTION ( 'NONE',  ( 0.000000000000000000, 0.000000000000000000, 1.000000000000000000 ) ) ;
#4174 = CARTESIAN_POINT ( 'NONE',  ( 4.592301493456877104, -0.8160471443862370444, 5.433504217327677743 ) ) ;
#4175 = ORIENTED_EDGE ( 'NONE', *, *, #8940, .F. ) ;
#4176 = ORIENTED_EDGE ( 'NONE', *, *, #9585, .F. ) ;
#4177 = EDGE_CURVE ( 'NONE', #4408, #7020, #3977, .T. ) ;
#4178 = FACE_BOUND ( 'NONE', #7355, .T. ) ;
#4179 = CARTESIAN_POINT ( 'NONE',  ( 18.50000000000000355, 0.2870738660484907778, 0.5499999999999999334 ) ) ;
#4180 = VECTOR ( 'NONE', #5533, 1000.000000000000114 ) ;
#4181 = CARTESIAN_POINT ( 'NONE',  ( 0.8076985065402110253, -0.8160471443862370444, 5.433504217327677743 ) ) ;
#4182 = ORIENTED_EDGE ( 'NONE', *, *, #6877, .T. ) ;
#4183 = CARTESIAN_POINT ( 'NONE',  ( 14.57440801895845617, 2.887224902146142025, -4.234742228591966473 ) ) ;
#4184 = CARTESIAN_POINT ( 'NONE',  ( 15.00000000000000178, 0.2000000000000000111, 0.9999939082516362543 ) ) ;
#4185 = ORIENTED_EDGE ( 'NONE', *, *, #4433, .F. ) ;
#4186 = EDGE_CURVE ( 'NONE', #10083, #4465, #8624, .T. ) ;
#4187 = CARTESIAN_POINT ( 'NONE',  ( 15.00000000000000000, 0.3129999999999998339, 0.3749999999999997780 ) ) ;
#4188 = VERTEX_POINT ( 'NONE', #8278 ) ;
#4189 = EDGE_CURVE ( 'NONE', #5998, #2164, #219, .T. ) ;
#4190 = CIRCLE ( 'NONE', #4377, 0.01943663915755008270 ) ;
#4191 = VECTOR ( 'NONE', #10567, 1000.000000000000000 ) ;
#4192 = CARTESIAN_POINT ( 'NONE',  ( -18.45138030200387647, 0.4454113971054414756, -0.4907047638173724358 ) ) ;
#4193 = ORIENTED_EDGE ( 'NONE', *, *, #10864, .T. ) ;
#4194 = CARTESIAN_POINT ( 'NONE',  ( 0.5889691020377371133, 1.876777760468469891, -7.470731735320830680 ) ) ;
#4195 = VERTEX_POINT ( 'NONE', #4824 ) ;
#4196 = AXIS2_PLACEMENT_3D ( 'NONE', #7744, #2680, #8550 ) ;
#4197 = CARTESIAN_POINT ( 'NONE',  ( 1.098269726311534189, 1.925000000000000044, 7.400000000000081180 ) ) ;
#4198 = DIRECTION ( 'NONE',  ( -1.000000000000000000, 0.000000000000000000, 0.000000000000000000 ) ) ;
#4199 = ORIENTED_EDGE ( 'NONE', *, *, #9444, .T. ) ;
#4200 = CARTESIAN_POINT ( 'NONE',  ( 3.419039924643138662, 1.704999999999997629, 4.050711659777831208 ) ) ;
#4201 = VECTOR ( 'NONE', #8106, 1000.000000000000000 ) ;
#4202 = EDGE_CURVE ( 'NONE', #7589, #1737, #5911, .T. ) ;
#4203 = VECTOR ( 'NONE', #1962, 1000.000000000000000 ) ;
#4204 = AXIS2_PLACEMENT_3D ( 'NONE', #4581, #7030, #4516 ) ;
#4205 = ADVANCED_FACE ( 'NONE', ( #1307 ), #1149, .F. ) ;
#4206 = CARTESIAN_POINT ( 'NONE',  ( 7.500000000015924151, 1.705000000000024496, -0.4999999881956963543 ) ) ;
#4207 = DIRECTION ( 'NONE',  ( -1.047444401652941269E-14, 1.000000000000000000, -3.491481338843170037E-15 ) ) ;
#4208 = CARTESIAN_POINT ( 'NONE',  ( -18.50000000000000000, 0.4414256684750798021, 0.4942231824008201380 ) ) ;
#4209 = DIRECTION ( 'NONE',  ( 1.301042606982605321E-16, -1.000000000000000000, 0.000000000000000000 ) ) ;
#4210 = CARTESIAN_POINT ( 'NONE',  ( 13.19216333698670596, 1.925000000000001821, -5.465849364905394303 ) ) ;
#4211 = DIRECTION ( 'NONE',  ( 0.000000000000000000, 1.000000000000000000, 0.000000000000000000 ) ) ;
#4212 = DIRECTION ( 'NONE',  ( -1.703767317533126255E-17, 1.000000000000000000, 1.212737214708384717E-16 ) ) ;
#4213 = LINE ( 'NONE', #1809, #8315 ) ;
#4214 = DIRECTION ( 'NONE',  ( -0.3420201433257181178, -1.197872485827482474E-16, 0.9396926207858903313 ) ) ;
#4215 = AXIS2_PLACEMENT_3D ( 'NONE', #1342, #5450, #2938 ) ;
#4216 = ORIENTED_EDGE ( 'NONE', *, *, #6707, .T. ) ;
#4217 = VECTOR ( 'NONE', #2607, 1000.000000000000000 ) ;
#4218 = ORIENTED_EDGE ( 'NONE', *, *, #3781, .T. ) ;
#4219 = FACE_OUTER_BOUND ( 'NONE', #1851, .T. ) ;
#4220 = CARTESIAN_POINT ( 'NONE',  ( 1.165916618590322917, 1.866660212475874436, 7.470908337777955488 ) ) ;
#4221 = EDGE_CURVE ( 'NONE', #9787, #5101, #7958, .T. ) ;
#4222 = CARTESIAN_POINT ( 'NONE',  ( 10.00000000000000178, 0.1999999999999999833, 2.499999999999999556 ) ) ;
#4223 = ADVANCED_FACE ( 'NONE', ( #5302 ), #6735, .T. ) ;
#4224 = CARTESIAN_POINT ( 'NONE',  ( -7.500000000000007994, 1.903999999999869130, 3.469446951953614189E-15 ) ) ;
#4225 = FACE_OUTER_BOUND ( 'NONE', #9880, .T. ) ;
#4226 = CARTESIAN_POINT ( 'NONE',  ( 18.46649291597636378, -0.04986881104843356866, 0.4931836436570736226 ) ) ;
#4227 = ADVANCED_FACE ( 'NONE', ( #5822 ), #5563, .T. ) ;
#4228 = CIRCLE ( 'NONE', #1816, 0.1099999999999998479 ) ;
#4229 = CARTESIAN_POINT ( 'NONE',  ( -9.014586297939993997, 2.825000000000001066, -4.327032419940784358 ) ) ;
#4230 = ORIENTED_EDGE ( 'NONE', *, *, #8231, .T. ) ;
#4231 = ORIENTED_EDGE ( 'NONE', *, *, #5397, .F. ) ;
#4232 = LINE ( 'NONE', #6384, #9677 ) ;
#4233 = ORIENTED_EDGE ( 'NONE', *, *, #6297, .T. ) ;
#4234 = CARTESIAN_POINT ( 'NONE',  ( -0.3474999988406569651, 1.858999999999998431, 15.78258659774595785 ) ) ;
#4235 = DIRECTION ( 'NONE',  ( -1.000000000000000000, 0.000000000000000000, 8.673617379884030739E-15 ) ) ;
#4236 = EDGE_CURVE ( 'NONE', #3819, #6108, #3050, .T. ) ;
#4237 = VECTOR ( 'NONE', #834, 999.9999999999998863 ) ;
#4238 = DIRECTION ( 'NONE',  ( -0.000000000000000000, 0.9998476951563911586, 0.01745240643728354982 ) ) ;
#4239 = CARTESIAN_POINT ( 'NONE',  ( 1.150000000015926505, 1.704999999999961213, 0.5000000238062838331 ) ) ;
#4240 = ORIENTED_EDGE ( 'NONE', *, *, #9818, .T. ) ;
#4241 = LINE ( 'NONE', #10408, #8860 ) ;
#4242 = ORIENTED_EDGE ( 'NONE', *, *, #2969, .F. ) ;
#4243 = ORIENTED_EDGE ( 'NONE', *, *, #1728, .T. ) ;
#4244 = CARTESIAN_POINT ( 'NONE',  ( 0.2000000011593496552, 1.859000000000007535, 16.75100000600095740 ) ) ;
#4245 = ORIENTED_EDGE ( 'NONE', *, *, #1472, .F. ) ;
#4246 = DIRECTION ( 'NONE',  ( 1.703767317533126255E-17, -1.000000000000000000, -1.212737214708384717E-16 ) ) ;
#4247 = EDGE_CURVE ( 'NONE', #2066, #7303, #7271, .T. ) ;
#4248 = CARTESIAN_POINT ( 'NONE',  ( -9.014586297939951365, 2.825000000000000622, 1.633974596215712838 ) ) ;
#4249 = VECTOR ( 'NONE', #9632, 1000.000000000000227 ) ;
#4250 = CARTESIAN_POINT ( 'NONE',  ( -15.00000000000000000, 0.3129999999999998339, 0.4499999999999999001 ) ) ;
#4251 = EDGE_CURVE ( 'NONE', #2657, #892, #8203, .T. ) ;
#4252 = ORIENTED_EDGE ( 'NONE', *, *, #4747, .F. ) ;
#4253 = EDGE_LOOP ( 'NONE', ( #5881, #2992, #4381, #3592, #8475, #1929, #8129, #10550 ) ) ;
#4254 = DIRECTION ( 'NONE',  ( -1.000000000000000000, -1.301042606982605321E-16, 0.000000000000000000 ) ) ;
#4255 = B_SPLINE_CURVE_WITH_KNOTS ( 'NONE', 3,
 ( #8592, #7828, #1768, #3529, #4388, #10328, #1891 ),
 .UNSPECIFIED., .F., .F.,
 ( 4, 3, 4 ),
 ( 0.000000000000000000, 3.656851924856637636E-06, 1.779999153395806831E-05 ),
 .UNSPECIFIED. ) ;
#4256 = ORIENTED_EDGE ( 'NONE', *, *, #10877, .F. ) ;
#4257 = CARTESIAN_POINT ( 'NONE',  ( -14.98603594805742389, 1.000000000000000222, -0.2094028121161027878 ) ) ;
#4258 = CARTESIAN_POINT ( 'NONE',  ( 0.9999999999999653610, 1.925000000000000044, 7.400000000000081180 ) ) ;
#4259 = CARTESIAN_POINT ( 'NONE',  ( 8.030999266226013233, 2.925000000000002043, -7.249999999999967137 ) ) ;
#4260 = VERTEX_POINT ( 'NONE', #4961 ) ;
#4261 = DIRECTION ( 'NONE',  ( 1.000000000000000000, 1.071446852809204308E-14, 0.000000000000000000 ) ) ;
#4262 = FACE_OUTER_BOUND ( 'NONE', #3790, .T. ) ;
#4263 = EDGE_CURVE ( 'NONE', #6398, #5588, #1754, .T. ) ;
#4264 = CARTESIAN_POINT ( 'NONE',  ( 0.9000000000159349423, 1.704999999999966542, 2.726800011804329849 ) ) ;
#4265 = DIRECTION ( 'NONE',  ( 6.911138328291599464E-15, -1.212737214708358339E-16, 1.000000000000000000 ) ) ;
#4266 = ORIENTED_EDGE ( 'NONE', *, *, #5026, .F. ) ;
#4267 = DIRECTION ( 'NONE',  ( 1.000000000000000000, 1.047444401652940007E-14, -3.491481338843121128E-15 ) ) ;
#4268 = ORIENTED_EDGE ( 'NONE', *, *, #8388, .F. ) ;
#4269 = CARTESIAN_POINT ( 'NONE',  ( -18.50000000000021316, -0.3189860246809965161, -0.2074201420694803399 ) ) ;
#4270 = ADVANCED_FACE ( 'NONE', ( #10500 ), #9361, .F. ) ;
#4271 = CARTESIAN_POINT ( 'NONE',  ( -0.8983001872803261234, 1.828490481287456726, 7.400000000000092726 ) ) ;
#4272 = EDGE_CURVE ( 'NONE', #10887, #9643, #9271, .T. ) ;
#4273 = VERTEX_POINT ( 'NONE', #5006 ) ;
#4274 = DIRECTION ( 'NONE',  ( -6.911138328291599464E-15, 1.212737214708358339E-16, -1.000000000000000000 ) ) ;
#4275 = EDGE_CURVE ( 'NONE', #8995, #8126, #4650, .T. ) ;
#4276 = CARTESIAN_POINT ( 'NONE',  ( 0.2000000011593496552, 1.859000000000007535, 16.75100000600095740 ) ) ;
#4277 = CARTESIAN_POINT ( 'NONE',  ( -18.50000000000000355, -0.3127002083951693767, 0.2242401429016330494 ) ) ;
#4278 = DIRECTION ( 'NONE',  ( 0.000000000000000000, -1.000000000000000000, 0.000000000000000000 ) ) ;
#4279 = AXIS2_PLACEMENT_3D ( 'NONE', #8086, #3011, #9807 ) ;
#4280 = CARTESIAN_POINT ( 'NONE',  ( -18.50000000000000000, -0.3593617653315736016, 0.2152732513713163098 ) ) ;
#4281 = CARTESIAN_POINT ( 'NONE',  ( -13.16368060961666586, 1.925000000000000044, 5.927111132420431971 ) ) ;
#4282 = DIRECTION ( 'NONE',  ( 1.000000000000000000, 1.301042606982605321E-16, -0.000000000000000000 ) ) ;
#4283 = ORIENTED_EDGE ( 'NONE', *, *, #1242, .T. ) ;
#4284 = DIRECTION ( 'NONE',  ( -1.000000000000000000, 0.000000000000000000, 0.000000000000000000 ) ) ;
#4285 = ADVANCED_FACE ( 'NONE', ( #92 ), #6673, .T. ) ;
#4286 = VECTOR ( 'NONE', #5806, 1000.000000000000114 ) ;
#4287 = AXIS2_PLACEMENT_3D ( 'NONE', #1313, #9896, #6504 ) ;
#4288 = DIRECTION ( 'NONE',  ( -1.000000000000000000, 0.000000000000000000, 6.938893903907222067E-15 ) ) ;
#4289 = APPROVAL_DATE_TIME ( #7446, #2828 ) ;
#4290 = CARTESIAN_POINT ( 'NONE',  ( -10.00000000000000000, -0.8149999999999999467, 6.767689368251046389 ) ) ;
#4291 = ORIENTED_EDGE ( 'NONE', *, *, #409, .F. ) ;
#4292 = EDGE_CURVE ( 'NONE', #5678, #8410, #10894, .T. ) ;
#4293 = PLANE ( 'NONE',  #8252 ) ;
#4294 = ORIENTED_EDGE ( 'NONE', *, *, #1187, .T. ) ;
#4295 = CARTESIAN_POINT ( 'NONE',  ( -14.99993907342249422, 0.2034904812874572810, -0.9999756327838832393 ) ) ;
#4296 = CARTESIAN_POINT ( 'NONE',  ( 0.9919033010572732012, 0.5919197647081010372, 7.493159015060366634 ) ) ;
#4297 = CARTESIAN_POINT ( 'NONE',  ( 8.724612979387371681, 2.825000000000001066, -2.001666843026920883 ) ) ;
#4298 = AXIS2_PLACEMENT_3D ( 'NONE', #754, #10124, #4326 ) ;
#4299 = TOROIDAL_SURFACE ( 'NONE', #9035, 0.7500000000000000000, 0.05000000000000000278 ) ;
#4300 = CARTESIAN_POINT ( 'NONE',  ( -0.6249999988406503837, 1.858999999999998876, 16.75100000600095740 ) ) ;
#4301 = VERTEX_POINT ( 'NONE', #2163 ) ;
#4302 = DIRECTION ( 'NONE',  ( 0.000000000000000000, 1.000000000000000000, 0.000000000000000000 ) ) ;
#4303 = CARTESIAN_POINT ( 'NONE',  ( 10.15026178333083706, 2.925000000000001599, -3.249999999999982236 ) ) ;
#4304 = DIRECTION ( 'NONE',  ( 0.3420201433256706003, 1.197872485827495539E-16, -0.9396926207859076507 ) ) ;
#4305 = VERTEX_POINT ( 'NONE', #5172 ) ;
#4306 = AXIS2_PLACEMENT_3D ( 'NONE', #8633, #6882, #3638 ) ;
#4307 = CARTESIAN_POINT ( 'NONE',  ( -18.50000000000000000, -0.3969956025764533325, -0.1129699651504533914 ) ) ;
#4308 =( BOUNDED_SURFACE ( )  B_SPLINE_SURFACE ( 3, 2, ( 
 ( #4296, #2672, #3607 ),
 ( #9409, #6114, #1758 ),
 ( #999, #8693, #7772 ),
 ( #5984, #1796, #4332 ),
 ( #8660, #961, #54 ),
 ( #5246, #883, #7735 ) ),
 .UNSPECIFIED., .F., .F., .F. ) 
 B_SPLINE_SURFACE_WITH_KNOTS ( ( 4, 2, 4 ),
 ( 3, 3 ),
 ( 3.141592653589793116, 3.918264170727272067, 4.694935687864751017 ),
 ( 0.000000000000000000, 1.000000000000000000 ),
 .UNSPECIFIED. ) 
 GEOMETRIC_REPRESENTATION_ITEM ( )  RATIONAL_B_SPLINE_SURFACE ( (
 ( 1.000000000000000000, 0.7132504491541815650, 1.000000000000000000),
 ( 1.000000000000000000, 0.7132609333993135126, 1.000000000000000000),
 ( 1.000000000000000000, 0.7126069373823042952, 1.000000000000000000),
 ( 1.000000000000000000, 0.7103814228864744340, 1.000000000000000000),
 ( 1.000000000000000000, 0.7088161666072557709, 1.000000000000000000),
 ( 1.000000000000000000, 0.7072144605741783607, 1.000000000000000000) ) ) 
 REPRESENTATION_ITEM ( '' )  SURFACE ( )  );
#4309 = ORIENTED_EDGE ( 'NONE', *, *, #4042, .T. ) ;
#4310 = DIRECTION ( 'NONE',  ( -1.367876270183164429E-07, 1.212737191402919575E-16, -0.9999999999999906741 ) ) ;
#4311 = EDGE_CURVE ( 'NONE', #7686, #4273, #8338, .T. ) ;
#4312 = FACE_OUTER_BOUND ( 'NONE', #3543, .T. ) ;
#4313 = CARTESIAN_POINT ( 'NONE',  ( 1.578201977514599674, -0.5357408986117139227, 4.455279303626888066 ) ) ;
#4314 = ORIENTED_EDGE ( 'NONE', *, *, #2321, .F. ) ;
#4315 = DIRECTION ( 'NONE',  ( -1.047444401652941269E-14, 1.000000000000000000, -3.491481338843170037E-15 ) ) ;
#4316 = CARTESIAN_POINT ( 'NONE',  ( -18.50000000000000355, -0.1204143299231163755, -0.4544655561386416465 ) ) ;
#4317 = ORIENTED_EDGE ( 'NONE', *, *, #7888, .T. ) ;
#4318 = DIRECTION ( 'NONE',  ( -0.7071067811865500152, -9.875400524329113439E-15, -0.7071067811865451302 ) ) ;
#4319 = CARTESIAN_POINT ( 'NONE',  ( 4.532310631747492380, -0.8750000000000000000, 6.507728967510384877 ) ) ;
#4320 = LINE ( 'NONE', #5941, #2050 ) ;
#4321 = CIRCLE ( 'NONE', #332, 0.2500999956467795937 ) ;
#4322 = EDGE_CURVE ( 'NONE', #4846, #721, #5943, .T. ) ;
#4323 = EDGE_CURVE ( 'NONE', #3374, #10493, #3861, .T. ) ;
#4324 = VERTEX_POINT ( 'NONE', #7771 ) ;
#4325 = ADVANCED_FACE ( 'NONE', ( #1978 ), #6365, .T. ) ;
#4326 = DIRECTION ( 'NONE',  ( 0.000000000000000000, 0.000000000000000000, 1.000000000000000000 ) ) ;
#4327 = ORIENTED_EDGE ( 'NONE', *, *, #9039, .F. ) ;
#4328 = CARTESIAN_POINT ( 'NONE',  ( 1.502024092162151048, 0.6999999999999999556, 5.297362040533217353 ) ) ;
#4329 = VECTOR ( 'NONE', #7120, 1000.000000000000000 ) ;
#4330 = B_SPLINE_CURVE_WITH_KNOTS ( 'NONE', 3,
 ( #6514, #7690, #9929, #1189, #6192, #8645, #10487, #253, #6935, #9466, #5365, #3682, #4533, #9535, #7074, #8749 ),
 .UNSPECIFIED., .F., .F.,
 ( 4, 3, 3, 3, 3, 4 ),
 ( -1.068706369586452062E-05, 0.000000000000000000, 1.720395723243585163E-05, 3.398012722506633465E-05, 5.075600446835695198E-05, 6.753190011515068311E-05 ),
 .UNSPECIFIED. ) ;
#4331 = CARTESIAN_POINT ( 'NONE',  ( 14.99575257760719182, 0.4433346659136335743, -1.004830774635641522 ) ) ;
#4332 = CARTESIAN_POINT ( 'NONE',  ( 1.089315164839121719, 0.7515028447972712522, 7.381377797593310142 ) ) ;
#4333 = CIRCLE ( 'NONE', #3654, 0.06000000000000015737 ) ;
#4334 = DIRECTION ( 'NONE',  ( -1.047444401652941269E-14, 1.000000000000000000, -3.491481338843170037E-15 ) ) ;
#4335 = CARTESIAN_POINT ( 'NONE',  ( -9.514586297939976234, 2.825000000000001066, -1.633974596215412411 ) ) ;
#4336 = VERTEX_POINT ( 'NONE', #6113 ) ;
#4337 = ORIENTED_EDGE ( 'NONE', *, *, #251, .T. ) ;
#4338 = EDGE_CURVE ( 'NONE', #1312, #7590, #8750, .T. ) ;
#4339 = EDGE_LOOP ( 'NONE', ( #6914, #10504, #5335, #10677 ) ) ;
#4340 = CARTESIAN_POINT ( 'NONE',  ( 4.500000000000001776, 0.6999999999999999556, -6.854811288084813548 ) ) ;
#4341 = CARTESIAN_POINT ( 'NONE',  ( 18.50000000000000355, 0.5965713497370427332, -0.3948117398770398245 ) ) ;
#4342 = VECTOR ( 'NONE', #6743, 1000.000000000000000 ) ;
#4343 = ADVANCED_FACE ( 'NONE', ( #6480 ), #743, .F. ) ;
#4344 = CARTESIAN_POINT ( 'NONE',  ( 3.125000001159363716, 1.785000000000055431, 21.50000000600094552 ) ) ;
#4345 = LINE ( 'NONE', #7433, #8841 ) ;
#4346 = DIRECTION ( 'NONE',  ( -1.000000000000000000, -1.703767317532268061E-17, 6.911138328291599464E-15 ) ) ;
#4347 = CARTESIAN_POINT ( 'NONE',  ( -18.45161137282711650, -0.2119852378960843386, 0.3762376954841906151 ) ) ;
#4348 = ADVANCED_FACE ( 'NONE', ( #8469 ), #10754, .T. ) ;
#4349 = EDGE_CURVE ( 'NONE', #1812, #9817, #3727, .T. ) ;
#4350 = B_SPLINE_SURFACE_WITH_KNOTS ( 'NONE', 3, 1, ( 
 ( #6121, #5988 ),
 ( #3571, #10373 ),
 ( #9458, #4387 ),
 ( #1890, #3492 ),
 ( #9420, #8638 ),
 ( #7827, #4341 ),
 ( #5181, #3614 ),
 ( #3527, #10327 ),
 ( #106, #6077 ),
 ( #9526, #4451 ),
 ( #313, #9631 ),
 ( #3756, #4552 ),
 ( #3784, #9718 ),
 ( #6183, #10435 ),
 ( #10511, #5398 ),
 ( #7973, #278 ) ),
 .UNSPECIFIED., .F., .F., .F.,
 ( 4, 3, 2, 2, 2, 3, 4 ),
 ( 2, 2 ),
 ( -0.01000000000000000021, 0.000000000000000000, 0.2500000000000000000, 0.5000000000000000000, 0.7500000000000000000, 1.000000000000000000, 1.010000000000000009 ),
 ( 0.000000000000000000, 1.000000000000000000 ),
 .UNSPECIFIED. ) ;
#4351 = DIRECTION ( 'NONE',  ( 0.000000000000000000, 0.000000000000000000, 1.000000000000000000 ) ) ;
#4352 = CARTESIAN_POINT ( 'NONE',  ( 3.496800187280251659, 1.925000000000000044, 6.865269726311635345 ) ) ;
#4353 = ORIENTED_EDGE ( 'NONE', *, *, #2336, .F. ) ;
#4354 = VECTOR ( 'NONE', #676, 1000.000000000000114 ) ;
#4355 = VERTEX_POINT ( 'NONE', #7734 ) ;
#4356 = CARTESIAN_POINT ( 'NONE',  ( 18.50000000000004974, 0.6464512659816227247, -0.4106293066402257330 ) ) ;
#4357 = LINE ( 'NONE', #10668, #6718 ) ;
#4358 = VERTEX_POINT ( 'NONE', #10429 ) ;
#4359 = DIRECTION ( 'NONE',  ( -1.000000000000000000, 0.000000000000000000, 0.000000000000000000 ) ) ;
#4360 = AXIS2_PLACEMENT_3D ( 'NONE', #10112, #5025, #9153 ) ;
#4361 = DIRECTION ( 'NONE',  ( -1.000000000000000000, 0.000000000000000000, 6.938893903907245733E-15 ) ) ;
#4362 = FACE_OUTER_BOUND ( 'NONE', #369, .T. ) ;
#4363 = VECTOR ( 'NONE', #3468, 1000.000000000000000 ) ;
#4364 = VECTOR ( 'NONE', #3522, 1000.000000000000227 ) ;
#4365 = ORIENTED_EDGE ( 'NONE', *, *, #2533, .T. ) ;
#4366 = DIRECTION ( 'NONE',  ( -1.000000000000000000, 0.000000000000000000, 7.709882115452471067E-15 ) ) ;
#4367 = TOROIDAL_SURFACE ( 'NONE', #10474, 0.7500000000000000000, 0.05000000000000000278 ) ;
#4368 = ORIENTED_EDGE ( 'NONE', *, *, #5666, .F. ) ;
#4369 = CIRCLE ( 'NONE', #3066, 0.7500000000000000000 ) ;
#4370 = DIRECTION ( 'NONE',  ( 0.000000000000000000, 0.000000000000000000, -1.000000000000000000 ) ) ;
#4371 = CARTESIAN_POINT ( 'NONE',  ( -16.24999999999999645, 0.2000000000000001499, 0.000000000000000000 ) ) ;
#4372 = CARTESIAN_POINT ( 'NONE',  ( 15.19572211674578277, 0.3974601128423952967, 0.8038646196689438472 ) ) ;
#4373 = DIRECTION ( 'NONE',  ( 1.047444401652941269E-14, -1.000000000000000000, 3.491481338843170037E-15 ) ) ;
#4374 = CARTESIAN_POINT ( 'NONE',  ( -3.124999998840652271, 1.704999999999970539, 16.00000000600096683 ) ) ;
#4375 = CARTESIAN_POINT ( 'NONE',  ( 15.18463543064158472, -0.5055847700599308547, 0.3770280258276225704 ) ) ;
#4376 = CARTESIAN_POINT ( 'NONE',  ( -18.50000000000000000, 0.4680112349276476236, -0.5352864521156859290 ) ) ;
#4377 = AXIS2_PLACEMENT_3D ( 'NONE', #4084, #8441, #10022 ) ;
#4378 = VECTOR ( 'NONE', #3091, 1000.000000000000114 ) ;
#4379 = ORIENTED_EDGE ( 'NONE', *, *, #5996, .F. ) ;
#4380 = VECTOR ( 'NONE', #6895, 1000.000000000000000 ) ;
#4381 = ORIENTED_EDGE ( 'NONE', *, *, #8504, .T. ) ;
#4382 = ORIENTED_EDGE ( 'NONE', *, *, #7403, .T. ) ;
#4383 = FACE_OUTER_BOUND ( 'NONE', #632, .T. ) ;
#4384 = EDGE_CURVE ( 'NONE', #5207, #8890, #6727, .T. ) ;
#4385 = ORIENTED_EDGE ( 'NONE', *, *, #10323, .T. ) ;
#4386 = CARTESIAN_POINT ( 'NONE',  ( 8.399496755293627714, 2.925000000000001599, -4.326937219923570943 ) ) ;
#4387 = CARTESIAN_POINT ( 'NONE',  ( 18.50000000000000000, 0.4443511744546365660, -0.4927506777244433089 ) ) ;
#4388 = CARTESIAN_POINT ( 'NONE',  ( -14.99996493366353256, 0.2016416471267798438, -2.509245689644195476 ) ) ;
#4389 = DIRECTION ( 'NONE',  ( -1.047444401652941269E-14, 1.000000000000000000, -3.491481338843170037E-15 ) ) ;
#4390 = CARTESIAN_POINT ( 'NONE',  ( 18.49999999996972733, -0.06960450263691253525, 0.5321071708067226513 ) ) ;
#4391 = ADVANCED_FACE ( 'NONE', ( #2375 ), #7081, .F. ) ;
#4392 = CARTESIAN_POINT ( 'NONE',  ( -0.9982849567959726222, 1.826745240643728563, 6.501638890782360569 ) ) ;
#4393 = VECTOR ( 'NONE', #10676, 1000.000000000000000 ) ;
#4394 = ORIENTED_EDGE ( 'NONE', *, *, #6236, .T. ) ;
#4395 = VERTEX_POINT ( 'NONE', #10543 ) ;
#4396 = EDGE_LOOP ( 'NONE', ( #4503, #2265, #4682, #588 ) ) ;
#4397 = CC_DESIGN_SECURITY_CLASSIFICATION ( #3241, ( #8498 ) ) ;
#4398 = EDGE_LOOP ( 'NONE', ( #10873, #7163, #6699, #2466, #4385, #8449, #4128, #504 ) ) ;
#4399 = CARTESIAN_POINT ( 'NONE',  ( 12.61068682838814503, -0.8160471443862369334, -5.322864854300779491 ) ) ;
#4400 = CARTESIAN_POINT ( 'NONE',  ( 18.49999999999929301, 0.5296371807383662977, -0.4498502212168017933 ) ) ;
#4401 = DIRECTION ( 'NONE',  ( 0.0001058369763249489412, 1.212755240074266992E-16, -0.9999999943992671225 ) ) ;
#4402 = DIRECTION ( 'NONE',  ( 1.000000000000000000, 0.000000000000000000, -8.673617379884069985E-17 ) ) ;
#4403 = CARTESIAN_POINT ( 'NONE',  ( -9.999999999999964473, 1.865000000000000435, -7.410928177211881795 ) ) ;
#4404 = VECTOR ( 'NONE', #7361, 1000.000000000000114 ) ;
#4405 = DIRECTION ( 'NONE',  ( -1.000000000000000000, 0.000000000000000000, 6.938605453046267820E-15 ) ) ;
#4406 = EDGE_LOOP ( 'NONE', ( #7614, #2809, #1060, #3094 ) ) ;
#4407 = ADVANCED_FACE ( 'NONE', ( #1860 ), #3496, .F. ) ;
#4408 = VERTEX_POINT ( 'NONE', #272 ) ;
#4409 = ADVANCED_FACE ( 'NONE', ( #8088 ), #10094, .T. ) ;
#4410 = DIRECTION ( 'NONE',  ( -0.000000000000000000, -1.000000000000000000, -0.000000000000000000 ) ) ;
#4411 = VERTEX_POINT ( 'NONE', #242 ) ;
#4412 = CARTESIAN_POINT ( 'NONE',  ( 10.00000000000000000, 1.865000000000000435, -2.500000000000001332 ) ) ;
#4413 = CARTESIAN_POINT ( 'NONE',  ( -0.8999999999840680998, 1.704999999999940785, 0.7500000136080181568 ) ) ;
#4414 = EDGE_CURVE ( 'NONE', #5101, #10694, #3599, .T. ) ;
#4415 = CARTESIAN_POINT ( 'NONE',  ( 18.50000000000021316, -0.3189860246809965161, -0.2074201420694803399 ) ) ;
#4416 = B_SPLINE_CURVE_WITH_KNOTS ( 'NONE', 3,
 ( #8381, #674, #3323, #10126, #4169, #5111, #8463, #2535, #48, #5002 ),
 .UNSPECIFIED., .F., .F.,
 ( 4, 2, 2, 2, 4 ),
 ( -5.999999971387001512E-08, 0.0003047086202112596256, 0.0006094772404222330991, 0.0009142458606332065727, 0.001219014480844180046 ),
 .UNSPECIFIED. ) ;
#4417 = PLANE ( 'NONE',  #7384 ) ;
#4418 = CARTESIAN_POINT ( 'NONE',  ( -12.96971331686217255, 2.825000000000000622, -0.2165063509459302926 ) ) ;
#4419 = CARTESIAN_POINT ( 'NONE',  ( -14.99993907342249422, 0.2034904812874566982, 0.9999756327838832393 ) ) ;
#4420 = CARTESIAN_POINT ( 'NONE',  ( 14.98466589161030704, -0.6784904812874567037, -0.4712850322845281159 ) ) ;
#4421 = EDGE_CURVE ( 'NONE', #2094, #6841, #2701, .T. ) ;
#4422 = ORIENTED_EDGE ( 'NONE', *, *, #10433, .F. ) ;
#4423 = EDGE_CURVE ( 'NONE', #346, #8493, #3312, .T. ) ;
#4424 = CARTESIAN_POINT ( 'NONE',  ( 18.45191847171424016, 0.2919652545281203881, 0.5668451850586816443 ) ) ;
#4425 = CARTESIAN_POINT ( 'NONE',  ( -14.78469635257902581, -0.8750000000000000000, -2.499999999999964473 ) ) ;
#4426 = DIRECTION ( 'NONE',  ( 1.000000000000000000, 1.703767317532268061E-17, -6.911138328291599464E-15 ) ) ;
#4427 = DIRECTION ( 'NONE',  ( 0.8660254037844425934, -4.588180294421170018E-17, 0.4999999999999932832 ) ) ;
#4428 = DIRECTION ( 'NONE',  ( 1.000000000000000000, -0.000000000000000000, -8.673617379884069985E-17 ) ) ;
#4429 = DIRECTION ( 'NONE',  ( -0.01745240643728354982, 0.9998476951563911586, 1.226141515941303409E-16 ) ) ;
#4430 = AXIS2_PLACEMENT_3D ( 'NONE', #10478, #2934, #5444 ) ;
#4431 = ORIENTED_EDGE ( 'NONE', *, *, #2084, .F. ) ;
#4432 = ORIENTED_EDGE ( 'NONE', *, *, #11053, .T. ) ;
#4433 = EDGE_CURVE ( 'NONE', #7762, #9726, #9552, .T. ) ;
#4434 = CARTESIAN_POINT ( 'NONE',  ( 0.8999999999999998002, 1.903999999999966386, 2.726800000555862358 ) ) ;
#4435 = CARTESIAN_POINT ( 'NONE',  ( 18.50000000000009237, 0.7424013865273403345, -0.1022290785611772584 ) ) ;
#4436 = DIRECTION ( 'NONE',  ( -1.000000000000000000, -1.579225296553347385E-31, 7.084610675889280174E-15 ) ) ;
#4437 = CARTESIAN_POINT ( 'NONE',  ( -6.500000000000070166, 2.825000000000001066, -0.7999999999998668176 ) ) ;
#4438 = ORIENTED_EDGE ( 'NONE', *, *, #5125, .F. ) ;
#4439 = AXIS2_PLACEMENT_3D ( 'NONE', #10247, #6787, #5938 ) ;
#4440 = DIRECTION ( 'NONE',  ( -1.047444401652941269E-14, 1.000000000000000000, -3.491481338843170037E-15 ) ) ;
#4441 = VECTOR ( 'NONE', #10991, 1000.000000000000000 ) ;
#4442 = CARTESIAN_POINT ( 'NONE',  ( -14.98769729926088701, -0.5048212532983926693, 0.3784569005046289902 ) ) ;
#4443 = EDGE_CURVE ( 'NONE', #6916, #9599, #2797, .T. ) ;
#4444 = CARTESIAN_POINT ( 'NONE',  ( -9.999999999999998224, -0.8160471443862370444, 2.499999999999999556 ) ) ;
#4445 = DIRECTION ( 'NONE',  ( 0.000000000000000000, 0.000000000000000000, -1.000000000000000000 ) ) ;
#4446 = CARTESIAN_POINT ( 'NONE',  ( -0.8860207152530698016, 1.025000000000000133, 7.400000000000092726 ) ) ;
#4447 = CARTESIAN_POINT ( 'NONE',  ( -0.9999999988406609308, 1.784999999999985709, 13.87500000600095795 ) ) ;
#4448 = VERTEX_POINT ( 'NONE', #3858 ) ;
#4449 = CARTESIAN_POINT ( 'NONE',  ( 1.098269726311534189, 1.824999999999999956, 7.400000000000081180 ) ) ;
#4450 = CIRCLE ( 'NONE', #5051, 0.1999999999999996503 ) ;
#4451 = CARTESIAN_POINT ( 'NONE',  ( 18.50000000000000355, 0.7127002083951697875, 0.2242401429016326331 ) ) ;
#4452 = ADVANCED_FACE ( 'NONE', ( #10642 ), #2502, .T. ) ;
#4453 = CARTESIAN_POINT ( 'NONE',  ( 1.055451613878204187, 0.6999999999999997335, 7.383175768593163824 ) ) ;
#4454 = CARTESIAN_POINT ( 'NONE',  ( 7.499999999999908518, 2.825000000000001066, -0.7999999999999605205 ) ) ;
#4455 = ADVANCED_FACE ( 'NONE', ( #1036 ), #6951, .F. ) ;
#4456 = ORIENTED_EDGE ( 'NONE', *, *, #1686, .T. ) ;
#4457 = DIRECTION ( 'NONE',  ( 0.9998476951563912696, 0.01745240643728371288, 0.000000000000000000 ) ) ;
#4458 = VERTEX_POINT ( 'NONE', #8125 ) ;
#4459 = CARTESIAN_POINT ( 'NONE',  ( -12.69654243516075631, 1.925000000000001377, -5.303186516808621853 ) ) ;
#4460 = EDGE_CURVE ( 'NONE', #7347, #8091, #7024, .T. ) ;
#4461 = CIRCLE ( 'NONE', #6838, 0.2500000000000002220 ) ;
#4462 = CIRCLE ( 'NONE', #7457, 0.2500000000000002220 ) ;
#4463 = DIRECTION ( 'NONE',  ( 1.000000000000000000, 1.084202172485506327E-14, -4.336808689942025625E-15 ) ) ;
#4464 = EDGE_LOOP ( 'NONE', ( #4610, #10324, #4506, #6483 ) ) ;
#4465 = VERTEX_POINT ( 'NONE', #1363 ) ;
#4466 = EDGE_CURVE ( 'NONE', #10780, #2558, #10227, .T. ) ;
#4467 = DIRECTION ( 'NONE',  ( 0.000000000000000000, -1.000000000000000000, 0.000000000000000000 ) ) ;
#4468 = CARTESIAN_POINT ( 'NONE',  ( -10.00000000000003020, 1.924999999999999822, 7.500000000000158096 ) ) ;
#4469 = EDGE_LOOP ( 'NONE', ( #5059 ) ) ;
#4470 = EDGE_CURVE ( 'NONE', #544, #8764, #10366, .T. ) ;
#4471 = LINE ( 'NONE', #1618, #6436 ) ;
#4472 = FACE_BOUND ( 'NONE', #7152, .T. ) ;
#4473 = ORIENTED_EDGE ( 'NONE', *, *, #10813, .F. ) ;
#4474 = ORIENTED_EDGE ( 'NONE', *, *, #3490, .F. ) ;
#4475 = ORIENTED_EDGE ( 'NONE', *, *, #10267, .T. ) ;
#4476 = B_SPLINE_CURVE_WITH_KNOTS ( 'NONE', 3,
 ( #559, #6532, #9133, #609, #1490, #7427 ),
 .UNSPECIFIED., .F., .F.,
 ( 4, 2, 4 ),
 ( 4.336808689942017736E-19, 0.0001677922792070422474, 0.0003355845584140840611 ),
 .UNSPECIFIED. ) ;
#4477 = CARTESIAN_POINT ( 'NONE',  ( 9.999999999999968026, -0.6750000000000000444, -7.284696352579028478 ) ) ;
#4478 = EDGE_CURVE ( 'NONE', #5504, #3382, #5812, .T. ) ;
#4479 = CARTESIAN_POINT ( 'NONE',  ( 15.18395521945835647, -0.5367559133738690758, -0.3186931475665412128 ) ) ;
#4480 = LINE ( 'NONE', #2888, #2197 ) ;
#4481 = FACE_BOUND ( 'NONE', #10923, .T. ) ;
#4482 = FACE_OUTER_BOUND ( 'NONE', #10230, .T. ) ;
#4483 = EDGE_CURVE ( 'NONE', #10220, #5717, #9260, .T. ) ;
#4484 = DIRECTION ( 'NONE',  ( 0.000000000000000000, 0.000000000000000000, 1.000000000000000000 ) ) ;
#4485 = CARTESIAN_POINT ( 'NONE',  ( -10.00000000000006395, 1.925000000000000488, 2.500000000000158540 ) ) ;
#4486 = DIRECTION ( 'NONE',  ( -1.000000000000000000, 0.000000000000000000, 7.709882115452463178E-15 ) ) ;
#4487 = DIRECTION ( 'NONE',  ( 0.000000000000000000, 0.000000000000000000, 1.000000000000000000 ) ) ;
#4488 = CIRCLE ( 'NONE', #5038, 0.05999999999999994227 ) ;
#4489 = CARTESIAN_POINT ( 'NONE',  ( -18.45104153790265400, -0.1327570557876305846, 0.4470698631171626247 ) ) ;
#4490 = EDGE_CURVE ( 'NONE', #9608, #7262, #4097, .T. ) ;
#4491 = ORIENTED_EDGE ( 'NONE', *, *, #3053, .T. ) ;
#4492 = CARTESIAN_POINT ( 'NONE',  ( -2.299999998840650761, 1.823999999999980526, 16.50100000600096450 ) ) ;
#4493 = LINE ( 'NONE', #7719, #10734 ) ;
#4494 = VERTEX_POINT ( 'NONE', #1596 ) ;
#4495 = CARTESIAN_POINT ( 'NONE',  ( 0.9999999999998673283, 1.925000000000001821, -6.799999999999916334 ) ) ;
#4496 = FACE_OUTER_BOUND ( 'NONE', #7462, .T. ) ;
#4497 = AXIS2_PLACEMENT_3D ( 'NONE', #5412, #8784, #9725 ) ;
#4498 = DIRECTION ( 'NONE',  ( 0.000000000000000000, 0.000000000000000000, -1.000000000000000000 ) ) ;
#4499 = CARTESIAN_POINT ( 'NONE',  ( 1.100000000000000755, 0.6999999999999999556, 7.648792912183658643 ) ) ;
#4500 = CARTESIAN_POINT ( 'NONE',  ( -18.45140509807814055, 0.4454123484010242273, -0.4907050562564136964 ) ) ;
#4501 = CIRCLE ( 'NONE', #1159, 4.999999999999999112 ) ;
#4502 = CARTESIAN_POINT ( 'NONE',  ( 4.592298204499472014, -0.8162355686297260160, 5.207548885705771013 ) ) ;
#4503 = ORIENTED_EDGE ( 'NONE', *, *, #5606, .T. ) ;
#4504 = ORIENTED_EDGE ( 'NONE', *, *, #11018, .F. ) ;
#4505 = VECTOR ( 'NONE', #9122, 1000.000000000000000 ) ;
#4506 = ORIENTED_EDGE ( 'NONE', *, *, #2991, .F. ) ;
#4507 = CARTESIAN_POINT ( 'NONE',  ( 8.242257889483854072, 2.925000000000001599, -1.694113796408804440 ) ) ;
#4508 = ADVANCED_FACE ( 'NONE', ( #600 ), #5824, .T. ) ;
#4509 = ADVANCED_FACE ( 'NONE', ( #6352 ), #10240, .T. ) ;
#4510 = DIRECTION ( 'NONE',  ( 0.000000000000000000, 0.000000000000000000, -1.000000000000000000 ) ) ;
#4511 = FACE_OUTER_BOUND ( 'NONE', #8752, .T. ) ;
#4512 = DIRECTION ( 'NONE',  ( 0.9848077530122057999, 3.783779336864408971E-17, -0.1736481776669427379 ) ) ;
#4513 = EDGE_LOOP ( 'NONE', ( #8426, #9656, #10051, #7039 ) ) ;
#4514 = VERTEX_POINT ( 'NONE', #8300 ) ;
#4515 = EDGE_LOOP ( 'NONE', ( #790, #2274, #7658, #7999 ) ) ;
#4516 = DIRECTION ( 'NONE',  ( 0.000000000000000000, 0.000000000000000000, -1.000000000000000000 ) ) ;
#4517 = ORIENTED_EDGE ( 'NONE', *, *, #8280, .T. ) ;
#4518 =( BOUNDED_CURVE ( )  B_SPLINE_CURVE ( 3, ( #9595, #2883, #1156, #8887 ),
 .UNSPECIFIED., .F., .F. ) 
 B_SPLINE_CURVE_WITH_KNOTS ( ( 4, 4 ),
 ( 4.729842272904637213, 6.283185307179586232 ),
 .UNSPECIFIED. ) 
 CURVE ( )  GEOMETRIC_REPRESENTATION_ITEM ( )  RATIONAL_B_SPLINE_CURVE ( ( 1.000000000000000000, 0.8088336327694554129, 0.8088336327694554129, 1.000000000000000000 ) ) 
 REPRESENTATION_ITEM ( '' )  );
#4519 = CARTESIAN_POINT ( 'NONE',  ( 15.01136112141708701, -0.5563490820881116239, 0.2696701574389488987 ) ) ;
#4520 = EDGE_CURVE ( 'NONE', #5588, #5986, #3482, .T. ) ;
#4521 = VECTOR ( 'NONE', #10477, 1000.000000000000000 ) ;
#4522 = ORIENTED_EDGE ( 'NONE', *, *, #9227, .F. ) ;
#4523 = ORIENTED_EDGE ( 'NONE', *, *, #5261, .F. ) ;
#4524 = DIRECTION ( 'NONE',  ( -0.000000000000000000, -1.000000000000000000, -0.000000000000000000 ) ) ;
#4525 = CARTESIAN_POINT ( 'NONE',  ( 14.94999999999989448, 2.825000000000001510, -2.500000000000014211 ) ) ;
#4526 = AXIS2_PLACEMENT_3D ( 'NONE', #9014, #5631, #7451 ) ;
#4527 = VERTEX_POINT ( 'NONE', #4197 ) ;
#4528 = PLANE ( 'NONE',  #8158 ) ;
#4529 = CARTESIAN_POINT ( 'NONE',  ( 12.74999999999991118, 1.925000000000000488, 5.750000000000000888 ) ) ;
#4530 = CARTESIAN_POINT ( 'NONE',  ( 15.00000000000000000, -0.1400000000000001243, 0.4499999999999999556 ) ) ;
#4531 = CARTESIAN_POINT ( 'NONE',  ( 4.592301493456876216, -0.8160471443862370444, 6.507728967510384877 ) ) ;
#4532 = VERTEX_POINT ( 'NONE', #10229 ) ;
#4533 = CARTESIAN_POINT ( 'NONE',  ( -18.46649291597636378, -0.04986881104855010738, -0.4931836436570143922 ) ) ;
#4534 = VECTOR ( 'NONE', #10682, 1000.000000000000000 ) ;
#4535 = EDGE_CURVE ( 'NONE', #5694, #9703, #3705, .T. ) ;
#4536 = ORIENTED_EDGE ( 'NONE', *, *, #4819, .F. ) ;
#4537 = VERTEX_POINT ( 'NONE', #5031 ) ;
#4538 = EDGE_CURVE ( 'NONE', #3374, #9415, #2492, .T. ) ;
#4539 = VERTEX_POINT ( 'NONE', #1628 ) ;
#4540 = CARTESIAN_POINT ( 'NONE',  ( 0.3300000000000000711, 0.2000000000000000944, -7.543252277351548685 ) ) ;
#4541 = CARTESIAN_POINT ( 'NONE',  ( -1.100777476540722111, 0.7445416011868145612, 7.381620815511718448 ) ) ;
#4542 = DIRECTION ( 'NONE',  ( 1.000000000000000000, 1.703767317533210072E-17, -6.911138328291599464E-15 ) ) ;
#4543 = EDGE_CURVE ( 'NONE', #6486, #9704, #4996, .T. ) ;
#4544 = ORIENTED_EDGE ( 'NONE', *, *, #5937, .F. ) ;
#4545 = B_SPLINE_CURVE_WITH_KNOTS ( 'NONE', 3,
 ( #9996, #4884, #10851, #6590 ),
 .UNSPECIFIED., .F., .F.,
 ( 4, 4 ),
 ( 1.084202172485504434E-19, 0.0001831007287060465189 ),
 .UNSPECIFIED. ) ;
#4546 = CARTESIAN_POINT ( 'NONE',  ( -13.19216333698694932, 1.925000000000001377, -6.034150635094427173 ) ) ;
#4547 = CARTESIAN_POINT ( 'NONE',  ( -14.97654729660047224, -0.7324255059423614433, 0.1639075486877299148 ) ) ;
#4548 = DIRECTION ( 'NONE',  ( 1.000000000000000000, 1.053224967557348291E-14, -4.956352788505168198E-15 ) ) ;
#4549 = LINE ( 'NONE', #6650, #8251 ) ;
#4550 = EDGE_CURVE ( 'NONE', #8383, #1153, #3040, .T. ) ;
#4551 = AXIS2_PLACEMENT_3D ( 'NONE', #9332, #1541, #5871 ) ;
#4552 = CARTESIAN_POINT ( 'NONE',  ( 18.50000000000000355, 0.5204143299231164255, 0.4544655561386417020 ) ) ;
#4553 = ORIENTED_EDGE ( 'NONE', *, *, #7061, .T. ) ;
#4554 = VERTEX_POINT ( 'NONE', #2524 ) ;
#4555 = CARTESIAN_POINT ( 'NONE',  ( -18.45140509807814055, 0.4454123484010242273, -0.4907050562564136964 ) ) ;
#4556 = VERTEX_POINT ( 'NONE', #8453 ) ;
#4557 = DIRECTION ( 'NONE',  ( -0.000000000000000000, -0.000000000000000000, 1.000000000000000000 ) ) ;
#4558 = ADVANCED_FACE ( 'NONE', ( #7680 ), #9412, .F. ) ;
#4559 = PLANE ( 'NONE',  #10286 ) ;
#4560 = CARTESIAN_POINT ( 'NONE',  ( -15.00000000000000000, 0.3129999999999997784, 0.2999999999999997669 ) ) ;
#4561 = LINE ( 'NONE', #1224, #8131 ) ;
#4562 = AXIS2_PLACEMENT_3D ( 'NONE', #3598, #2772, #7809 ) ;
#4563 = PERSON_AND_ORGANIZATION ( #9160, #4030 ) ;
#4564 = VERTEX_POINT ( 'NONE', #745 ) ;
#4565 = CARTESIAN_POINT ( 'NONE',  ( -6.000000000000095923, 2.825000000000001066, -4.327032419940804786 ) ) ;
#4566 = CARTESIAN_POINT ( 'NONE',  ( 1.826342874699909968, 1.859000000000019304, 15.19950759955183628 ) ) ;
#4567 = AXIS2_PLACEMENT_3D ( 'NONE', #7482, #2523, #1742 ) ;
#4568 = CARTESIAN_POINT ( 'NONE',  ( -9.764586297939949588, 2.925000000000000711, 2.066987298107940241 ) ) ;
#4569 = ORIENTED_EDGE ( 'NONE', *, *, #8031, .F. ) ;
#4570 = CARTESIAN_POINT ( 'NONE',  ( -10.00000000000006395, 1.925000000000000488, 2.500000000000158540 ) ) ;
#4571 = LINE ( 'NONE', #2421, #3782 ) ;
#4572 = CARTESIAN_POINT ( 'NONE',  ( -1.090306468344785618, 0.7529601495238872344, 7.490348044687332951 ) ) ;
#4573 = CYLINDRICAL_SURFACE ( 'NONE', #5688, 1.483785659951998959 ) ;
#4574 = CARTESIAN_POINT ( 'NONE',  ( 18.45138030200387647, 0.4454113971054414756, 0.4907047638173723247 ) ) ;
#4575 = DIRECTION ( 'NONE',  ( 1.000000000000000000, 1.047444401652940007E-14, -3.491481338843121128E-15 ) ) ;
#4576 = ORIENTED_EDGE ( 'NONE', *, *, #10393, .F. ) ;
#4577 = ORIENTED_EDGE ( 'NONE', *, *, #7466, .F. ) ;
#4578 = DIRECTION ( 'NONE',  ( 1.047444401652941269E-14, -1.000000000000000000, 3.491481338843170037E-15 ) ) ;
#4579 = EDGE_CURVE ( 'NONE', #7836, #540, #2781, .T. ) ;
#4580 = FACE_OUTER_BOUND ( 'NONE', #4784, .T. ) ;
#4581 = CARTESIAN_POINT ( 'NONE',  ( -12.61068682838814148, -0.8160471443862369334, -5.530563360842446485 ) ) ;
#4582 = CIRCLE ( 'NONE', #922, 0.4500000000000007327 ) ;
#4583 = CARTESIAN_POINT ( 'NONE',  ( -3.124999998840654047, 1.784999999999970610, 16.00000000600096683 ) ) ;
#4584 = VERTEX_POINT ( 'NONE', #8403 ) ;
#4585 = EDGE_LOOP ( 'NONE', ( #8542, #994, #10982, #7825 ) ) ;
#4586 = DIRECTION ( 'NONE',  ( -1.703767317532184244E-17, 1.000000000000000000, 1.212737214708384470E-16 ) ) ;
#4587 = CARTESIAN_POINT ( 'NONE',  ( 10.36096059707612227, 2.825000000000001066, -1.622824883036056320 ) ) ;
#4588 = LINE ( 'NONE', #10456, #4057 ) ;
#4589 = AXIS2_PLACEMENT_3D ( 'NONE', #6696, #5097, #7564 ) ;
#4590 = LINE ( 'NONE', #10332, #6977 ) ;
#4591 = CARTESIAN_POINT ( 'NONE',  ( 0.3299999999999982392, 1.865000000000000435, -7.293252277351547797 ) ) ;
#4592 = CARTESIAN_POINT ( 'NONE',  ( 18.50000000000000000, -0.3499999999999998668, 0.1129691451777591615 ) ) ;
#4593 = ORIENTED_EDGE ( 'NONE', *, *, #4129, .F. ) ;
#4594 = CARTESIAN_POINT ( 'NONE',  ( 0.3475000011593481486, 1.859000000000005759, 15.78258659774595785 ) ) ;
#4595 = EDGE_CURVE ( 'NONE', #5891, #2250, #7017, .T. ) ;
#4596 = VERTEX_POINT ( 'NONE', #2360 ) ;
#4597 = CARTESIAN_POINT ( 'NONE',  ( 1.442163336986695299, 1.925000000000001821, -7.084150635094531800 ) ) ;
#4598 = VERTEX_POINT ( 'NONE', #6700 ) ;
#4599 = FACE_OUTER_BOUND ( 'NONE', #1132, .T. ) ;
#4600 = CARTESIAN_POINT ( 'NONE',  ( 12.74122116980755237, -0.3750000000000000000, -5.682091528884567921 ) ) ;
#4601 = CARTESIAN_POINT ( 'NONE',  ( -10.00000000000009948, 2.675000000000001155, -2.499999999999840128 ) ) ;
#4602 = CIRCLE ( 'NONE', #8103, 0.4499999999999990119 ) ;
#4603 = CARTESIAN_POINT ( 'NONE',  ( -14.99993907342249422, 0.2034904812874566982, 0.9999756327838832393 ) ) ;
#4604 = DIRECTION ( 'NONE',  ( 1.000000000000000000, 1.703767317532268061E-17, -6.911138328291599464E-15 ) ) ;
#4605 = CARTESIAN_POINT ( 'NONE',  ( -1.171441352311449080, 1.925000000000000266, 7.469333526956595470 ) ) ;
#4606 = EDGE_CURVE ( 'NONE', #3016, #207, #2104, .T. ) ;
#4607 = ORIENTED_EDGE ( 'NONE', *, *, #8936, .F. ) ;
#4608 = FACE_OUTER_BOUND ( 'NONE', #7326, .T. ) ;
#4609 = ADVANCED_FACE ( 'NONE', ( #886 ), #4767, .T. ) ;
#4610 = ORIENTED_EDGE ( 'NONE', *, *, #8254, .T. ) ;
#4611 = VECTOR ( 'NONE', #8960, 1000.000000000000000 ) ;
#4612 = ORIENTED_EDGE ( 'NONE', *, *, #798, .T. ) ;
#4613 = LINE ( 'NONE', #1235, #3702 ) ;
#4614 = DIRECTION ( 'NONE',  ( -3.491481338843084446E-15, -3.491481338843206719E-15, -1.000000000000000000 ) ) ;
#4615 = EDGE_CURVE ( 'NONE', #2164, #1077, #10399, .T. ) ;
#4616 = DIRECTION ( 'NONE',  ( -0.008226032506114960147, 0.4712690866487040386, 0.8819511212978328185 ) ) ;
#4617 = EDGE_CURVE ( 'NONE', #6345, #4358, #9687, .T. ) ;
#4618 = CARTESIAN_POINT ( 'NONE',  ( 15.17810694052505127, -0.5601124527808264419, 0.2578770785306243596 ) ) ;
#4619 = CARTESIAN_POINT ( 'NONE',  ( 1.584100867353287923, -0.8187225381672539326, 4.458991920913795148 ) ) ;
#4620 = DIRECTION ( 'NONE',  ( 3.491481338843084446E-15, 3.491481338843206719E-15, 1.000000000000000000 ) ) ;
#4621 = DIRECTION ( 'NONE',  ( 1.047444401652941269E-14, -1.000000000000000000, 3.491481338843170037E-15 ) ) ;
#4622 = LINE ( 'NONE', #3674, #8585 ) ;
#4623 = CYLINDRICAL_SURFACE ( 'NONE', #6362, 0.1000000000000000472 ) ;
#4624 = CIRCLE ( 'NONE', #2600, 0.7500000000000000000 ) ;
#4625 = ORIENTED_EDGE ( 'NONE', *, *, #7296, .F. ) ;
#4626 = CYLINDRICAL_SURFACE ( 'NONE', #3268, 4.999999999999999112 ) ;
#4627 = ORIENTED_EDGE ( 'NONE', *, *, #9150, .T. ) ;
#4628 = CIRCLE ( 'NONE', #1925, 0.4999999999999987232 ) ;
#4629 = CARTESIAN_POINT ( 'NONE',  ( 7.499999999999885425, 2.825000000000001510, -4.327032419940898933 ) ) ;
#4630 = DIRECTION ( 'NONE',  ( -0.000000000000000000, -1.000000000000000000, -0.000000000000000000 ) ) ;
#4631 = CARTESIAN_POINT ( 'NONE',  ( 1.450000001159364782, 1.859000000000035513, 21.00100000600095029 ) ) ;
#4632 = CARTESIAN_POINT ( 'NONE',  ( 12.30783666301308443, 1.925000000000000488, 6.034150635094613691 ) ) ;
#4633 = EDGE_CURVE ( 'NONE', #3564, #1153, #7397, .T. ) ;
#4634 = CARTESIAN_POINT ( 'NONE',  ( 3.818733724459495438, -0.6827566093770692790, 4.457207507951499004 ) ) ;
#4635 = LINE ( 'NONE', #180, #9124 ) ;
#4636 = AXIS2_PLACEMENT_3D ( 'NONE', #5985, #1725, #931 ) ;
#4637 = EDGE_LOOP ( 'NONE', ( #1593, #2954, #2939, #2932 ) ) ;
#4638 = VERTEX_POINT ( 'NONE', #8180 ) ;
#4639 = ORIENTED_EDGE ( 'NONE', *, *, #1545, .T. ) ;
#4640 = EDGE_LOOP ( 'NONE', ( #9429, #4869, #5901, #7090 ) ) ;
#4641 = CIRCLE ( 'NONE', #4526, 4.784696352579026701 ) ;
#4642 = ORIENTED_EDGE ( 'NONE', *, *, #9487, .F. ) ;
#4643 = DIRECTION ( 'NONE',  ( -1.000000000000000000, -1.040834085586083310E-14, 3.469446951953611033E-15 ) ) ;
#4644 = DIRECTION ( 'NONE',  ( 1.000000000000000000, 0.000000000000000000, 0.000000000000000000 ) ) ;
#4645 =( BOUNDED_CURVE ( )  B_SPLINE_CURVE ( 3, ( #7337, #392, #2266, #8209 ),
 .UNSPECIFIED., .F., .F. ) 
 B_SPLINE_CURVE_WITH_KNOTS ( ( 4, 4 ),
 ( 2.356346783439925652, 3.926838523739660580 ),
 .UNSPECIFIED. ) 
 CURVE ( )  GEOMETRIC_REPRESENTATION_ITEM ( )  RATIONAL_B_SPLINE_CURVE ( ( 1.000000000000000000, 0.8048096403827855738, 0.8048096403827855738, 1.000000000000000000 ) ) 
 REPRESENTATION_ITEM ( '' )  );
#4646 = AXIS2_PLACEMENT_3D ( 'NONE', #1273, #9792, #6426 ) ;
#4647 = CARTESIAN_POINT ( 'NONE',  ( 15.00000000000000355, 0.2000000000000000111, -0.9471827605453335686 ) ) ;
#4648 = DIRECTION ( 'NONE',  ( -0.000000000000000000, -1.000000000000000000, -0.000000000000000000 ) ) ;
#4649 = CARTESIAN_POINT ( 'NONE',  ( -3.680607152895797540, 1.704999999999919469, 2.976800013608026152 ) ) ;
#4650 = CIRCLE ( 'NONE', #9492, 0.2500999956467795937 ) ;
#4651 = ORIENTED_EDGE ( 'NONE', *, *, #8646, .T. ) ;
#4652 = CARTESIAN_POINT ( 'NONE',  ( 4.009412057937959517, -0.8749999999999998890, 4.564872277225747510 ) ) ;
#4653 = EDGE_LOOP ( 'NONE', ( #10422, #2286, #2371, #1942 ) ) ;
#4654 = ORIENTED_EDGE ( 'NONE', *, *, #8370, .F. ) ;
#4655 = EDGE_CURVE ( 'NONE', #4458, #181, #3176, .T. ) ;
#4656 = ORIENTED_EDGE ( 'NONE', *, *, #8068, .T. ) ;
#4657 = AXIS2_PLACEMENT_3D ( 'NONE', #3067, #422, #1308 ) ;
#4658 = CARTESIAN_POINT ( 'NONE',  ( 0.7121232917662708717, -0.8164806603153824671, 6.686156799863256062 ) ) ;
#4659 = VECTOR ( 'NONE', #6102, 1000.000000000000000 ) ;
#4660 = CARTESIAN_POINT ( 'NONE',  ( 7.500000000233923991, 1.705000000000026050, 1.077885697364777684E-08 ) ) ;
#4661 = CARTESIAN_POINT ( 'NONE',  ( 18.50000000000030553, 0.2922160972168992288, 0.5693193917492312961 ) ) ;
#4662 = CARTESIAN_POINT ( 'NONE',  ( 12.72151883087702551, 0.6999999999999999556, -3.362269823059265583 ) ) ;
#4663 = ORIENTED_EDGE ( 'NONE', *, *, #8013, .F. ) ;
#4664 = AXIS2_PLACEMENT_3D ( 'NONE', #4371, #93, #3600 ) ;
#4665 = ORIENTED_EDGE ( 'NONE', *, *, #1828, .F. ) ;
#4666 = CARTESIAN_POINT ( 'NONE',  ( -12.69654243516064440, 1.925000000000000044, 5.303186516808985118 ) ) ;
#4667 = ORIENTED_EDGE ( 'NONE', *, *, #8966, .T. ) ;
#4668 = EDGE_CURVE ( 'NONE', #3055, #10496, #79, .T. ) ;
#4669 = CARTESIAN_POINT ( 'NONE',  ( -7.499980906601754427, 1.903999999999885562, 4.750000000184179783 ) ) ;
#4670 = CARTESIAN_POINT ( 'NONE',  ( -14.98446965083274840, 1.089733107904000908, 0.5196947771583970699 ) ) ;
#4671 = DIRECTION ( 'NONE',  ( -0.9848077530122015810, -3.783779336864690619E-17, 0.1736481776669665522 ) ) ;
#4672 = ADVANCED_FACE ( 'NONE', ( #6728 ), #5147, .T. ) ;
#4673 = DIRECTION ( 'NONE',  ( -1.000000000000000000, 0.000000000000000000, 6.863406560351606214E-15 ) ) ;
#4674 = CARTESIAN_POINT ( 'NONE',  ( -10.00000000000013323, 2.825000000000001510, -7.449999999999841194 ) ) ;
#4675 = DIRECTION ( 'NONE',  ( -0.000000000000000000, 0.9998476951563911586, -0.01745240643728354982 ) ) ;
#4676 = EDGE_CURVE ( 'NONE', #7627, #9599, #2621, .T. ) ;
#4677 = ORIENTED_EDGE ( 'NONE', *, *, #812, .F. ) ;
#4678 = EDGE_CURVE ( 'NONE', #5814, #5280, #8990, .T. ) ;
#4679 = EDGE_CURVE ( 'NONE', #5694, #3554, #4330, .T. ) ;
#4680 = CARTESIAN_POINT ( 'NONE',  ( 10.62968082846553841, 2.825000000000001954, -5.402965055624983748 ) ) ;
#4681 = PLANE ( 'NONE',  #595 ) ;
#4682 = ORIENTED_EDGE ( 'NONE', *, *, #7443, .F. ) ;
#4683 = VERTEX_POINT ( 'NONE', #4392 ) ;
#4684 = DIRECTION ( 'NONE',  ( -1.047444401652941269E-14, 1.000000000000000000, -3.491481338843170037E-15 ) ) ;
#4685 = CARTESIAN_POINT ( 'NONE',  ( 1.450000001159349017, 1.824000000000019828, 16.50100000600095029 ) ) ;
#4686 = EDGE_CURVE ( 'NONE', #8993, #7804, #10882, .T. ) ;
#4687 = DIRECTION ( 'NONE',  ( -1.047444401652941269E-14, 1.000000000000000000, -3.491481338843170037E-15 ) ) ;
#4688 = CARTESIAN_POINT ( 'NONE',  ( -0.9919033010572734232, 0.6999999999999999556, 5.696930015023211169 ) ) ;
#4689 = CARTESIAN_POINT ( 'NONE',  ( 18.50000000000000355, -0.05197519018879483144, 0.4889227896874097645 ) ) ;
#4690 = EDGE_LOOP ( 'NONE', ( #4337, #1278, #3971, #8698, #7416, #5429, #9413, #1944, #8102, #3329, #6128, #8626, #3650, #7601 ) ) ;
#4691 = EDGE_CURVE ( 'NONE', #6403, #7675, #8873, .T. ) ;
#4692 = LINE ( 'NONE', #9165, #8930 ) ;
#4693 = DIRECTION ( 'NONE',  ( 0.000000000000000000, 1.000000000000000000, -0.000000000000000000 ) ) ;
#4694 = CARTESIAN_POINT ( 'NONE',  ( 14.98777005773783522, -0.5006529229460382480, 0.8040970889874923255 ) ) ;
#4695 = DIRECTION ( 'NONE',  ( -1.000000000000000000, -1.047444401652940007E-14, 3.491481338843121128E-15 ) ) ;
#4696 = VERTEX_POINT ( 'NONE', #1959 ) ;
#4697 = DIRECTION ( 'NONE',  ( -1.000000000000000000, -1.703767317532265596E-17, 6.695867893146834844E-15 ) ) ;
#4698 = CARTESIAN_POINT ( 'NONE',  ( -0.4983611092177781532, 1.925000000000000266, 5.901730273688523098 ) ) ;
#4699 = DIRECTION ( 'NONE',  ( -1.000000000000000000, 0.000000000000000000, 6.936764332878106497E-15 ) ) ;
#4700 = AXIS2_PLACEMENT_3D ( 'NONE', #6517, #8121, #7295 ) ;
#4701 = FACE_OUTER_BOUND ( 'NONE', #9365, .T. ) ;
#4702 = VECTOR ( 'NONE', #5853, 1000.000000000000000 ) ;
#4703 = DIRECTION ( 'NONE',  ( 1.000000000000000000, 0.000000000000000000, 0.000000000000000000 ) ) ;
#4704 = DIRECTION ( 'NONE',  ( 1.000000000000000000, -1.301042606982605321E-16, -0.000000000000000000 ) ) ;
#4705 = AXIS2_PLACEMENT_3D ( 'NONE', #8580, #1880, #6921 ) ;
#4706 = ORIENTED_EDGE ( 'NONE', *, *, #5164, .F. ) ;
#4707 = CARTESIAN_POINT ( 'NONE',  ( 0.9999999999998673283, 1.925000000000001821, -6.799999999999916334 ) ) ;
#4708 = VERTEX_POINT ( 'NONE', #2752 ) ;
#4709 = DIRECTION ( 'NONE',  ( 0.000000000000000000, 0.000000000000000000, -1.000000000000000000 ) ) ;
#4710 = CARTESIAN_POINT ( 'NONE',  ( -1.170431810413882001, 1.866617243578028384, 7.470909087802858117 ) ) ;
#4711 = LINE ( 'NONE', #10526, #7889 ) ;
#4712 = LINE ( 'NONE', #4979, #5510 ) ;
#4713 = ADVANCED_FACE ( 'NONE', ( #1165 ), #7832, .T. ) ;
#4714 = ORIENTED_EDGE ( 'NONE', *, *, #6554, .T. ) ;
#4715 = EDGE_LOOP ( 'NONE', ( #5974, #10847, #4998, #5165 ) ) ;
#4716 = CARTESIAN_POINT ( 'NONE',  ( 0.8676893672791777812, -0.8749999999999998890, 6.575985059395137888 ) ) ;
#4717 = VERTEX_POINT ( 'NONE', #2716 ) ;
#4718 = EDGE_CURVE ( 'NONE', #4737, #6553, #3302, .T. ) ;
#4719 = DIRECTION ( 'NONE',  ( 0.01745240643728356716, -0.9998476951563911586, -2.448987558611938029E-16 ) ) ;
#4720 = CARTESIAN_POINT ( 'NONE',  ( -16.75000000000000000, -0.09363834021709659117, 0.4706390865240331900 ) ) ;
#4721 = CARTESIAN_POINT ( 'NONE',  ( 9.999999999999968026, -0.8750000000000000000, 7.284696352579025813 ) ) ;
#4722 = CIRCLE ( 'NONE', #765, 0.4250000000000000444 ) ;
#4723 = LINE ( 'NONE', #10131, #8161 ) ;
#4724 = ORIENTED_EDGE ( 'NONE', *, *, #6236, .F. ) ;
#4725 = VERTEX_POINT ( 'NONE', #10414 ) ;
#4726 = ORIENTED_EDGE ( 'NONE', *, *, #5921, .F. ) ;
#4727 = CARTESIAN_POINT ( 'NONE',  ( 3.125021300494541077, 1.824000000000038479, 16.65000000600094765 ) ) ;
#4728 = AXIS2_PLACEMENT_3D ( 'NONE', #9094, #1491, #610 ) ;
#4729 = CARTESIAN_POINT ( 'NONE',  ( 18.45138030200387647, 0.4454113971054414756, -0.4907047638173724358 ) ) ;
#4730 = LINE ( 'NONE', #4632, #9383 ) ;
#4731 = VERTEX_POINT ( 'NONE', #976 ) ;
#4732 = CIRCLE ( 'NONE', #6756, 3.381903301057274103 ) ;
#4733 = DIRECTION ( 'NONE',  ( -1.000000000000000000, 0.000000000000000000, 0.000000000000000000 ) ) ;
#4734 = CIRCLE ( 'NONE', #4562, 0.2000000000000005107 ) ;
#4735 = CARTESIAN_POINT ( 'NONE',  ( 15.18838802783634279, -0.3335958506164591331, -0.6134027625316075261 ) ) ;
#4736 = CIRCLE ( 'NONE', #4138, 0.4500000000000007327 ) ;
#4737 = VERTEX_POINT ( 'NONE', #1923 ) ;
#4738 = VECTOR ( 'NONE', #5213, 1000.000000000000000 ) ;
#4739 = ORIENTED_EDGE ( 'NONE', *, *, #6175, .F. ) ;
#4740 = CIRCLE ( 'NONE', #4430, 4.970919038921268296 ) ;
#4741 = CARTESIAN_POINT ( 'NONE',  ( -14.99996910581597476, 0.2004780918596550665, 2.515063810706019698 ) ) ;
#4742 = DIRECTION ( 'NONE',  ( 0.000000000000000000, -1.000000000000000000, 0.000000000000000000 ) ) ;
#4743 = EDGE_CURVE ( 'NONE', #5070, #3995, #1021, .T. ) ;
#4744 = FACE_OUTER_BOUND ( 'NONE', #1025, .T. ) ;
#4745 = CARTESIAN_POINT ( 'NONE',  ( 18.49999999999999289, 0.4493948996499362303, -0.4902028414578989413 ) ) ;
#4746 = VECTOR ( 'NONE', #507, 1000.000000000000000 ) ;
#4747 = EDGE_CURVE ( 'NONE', #5035, #5634, #342, .T. ) ;
#4748 = CARTESIAN_POINT ( 'NONE',  ( -14.99993907342249422, 0.2034904812874566982, -2.499999999999964917 ) ) ;
#4749 = ORIENTED_EDGE ( 'NONE', *, *, #867, .T. ) ;
#4750 = ORIENTED_EDGE ( 'NONE', *, *, #10239, .T. ) ;
#4751 = VECTOR ( 'NONE', #2847, 1000.000000000000227 ) ;
#4752 = EDGE_CURVE ( 'NONE', #10956, #6717, #2364, .T. ) ;
#4753 = ORIENTED_EDGE ( 'NONE', *, *, #8031, .T. ) ;
#4754 = CARTESIAN_POINT ( 'NONE',  ( -14.99999999999999822, 0.1999999999999999833, 2.499999999999965805 ) ) ;
#4755 = CARTESIAN_POINT ( 'NONE',  ( -15.19998982658274933, 0.1981374334063966680, 0.8000064914233880886 ) ) ;
#4756 = AXIS2_PLACEMENT_3D ( 'NONE', #3951, #10787, #10003 ) ;
#4757 = DIRECTION ( 'NONE',  ( 1.703767317533126255E-17, -1.000000000000000000, -1.212737214708384717E-16 ) ) ;
#4758 = VERTEX_POINT ( 'NONE', #6974 ) ;
#4759 = ORIENTED_EDGE ( 'NONE', *, *, #6949, .F. ) ;
#4760 = VERTEX_POINT ( 'NONE', #8674 ) ;
#4761 = CARTESIAN_POINT ( 'NONE',  ( 15.00000000000000178, 0.2000000000000000111, 0.9999939082516362543 ) ) ;
#4762 = ORIENTED_EDGE ( 'NONE', *, *, #6721, .T. ) ;
#4763 = DIRECTION ( 'NONE',  ( 1.000000000000000000, 1.071446852809204781E-14, 0.000000000000000000 ) ) ;
#4764 = EDGE_CURVE ( 'NONE', #1312, #1633, #4635, .T. ) ;
#4765 = DIRECTION ( 'NONE',  ( -1.703767317533126255E-17, 1.000000000000000000, 1.212737214708384717E-16 ) ) ;
#4766 = CARTESIAN_POINT ( 'NONE',  ( 4.532310631747493268, -0.8149999999999999467, 5.433504217327677743 ) ) ;
#4767 =( BOUNDED_SURFACE ( )  B_SPLINE_SURFACE ( 3, 2, ( 
 ( #5732, #9990, #3974 ),
 ( #9065, #5698, #4010 ),
 ( #9146, #4045, #2248 ),
 ( #1535, #10805, #10879 ) ),
 .UNSPECIFIED., .F., .F., .F. ) 
 B_SPLINE_SURFACE_WITH_KNOTS ( ( 4, 4 ),
 ( 3, 3 ),
 ( 0.0009289125988662441918, 0.001495969423915519646 ),
 ( 0.000000000000000000, 1.000000000000000000 ),
 .UNSPECIFIED. ) 
 GEOMETRIC_REPRESENTATION_ITEM ( )  RATIONAL_B_SPLINE_SURFACE ( (
 ( 1.000000000000000000, 0.7065213857022257793, 1.000000000000000000),
 ( 1.000000000000000000, 0.7169564541299441318, 1.000000000000000000),
 ( 1.000000000000000000, 0.7209645082331527233, 1.000000000000000000),
 ( 1.000000000000000000, 0.7166443860670070887, 1.000000000000000000) ) ) 
 REPRESENTATION_ITEM ( '' )  SURFACE ( )  );
#4768 = AXIS2_PLACEMENT_3D ( 'NONE', #9573, #215, #6969 ) ;
#4769 = CARTESIAN_POINT ( 'NONE',  ( 3.910000000000000142, 0.6999999999999999556, 6.016200429382791093 ) ) ;
#4770 = ORIENTED_EDGE ( 'NONE', *, *, #497, .T. ) ;
#4771 = ORIENTED_EDGE ( 'NONE', *, *, #3960, .F. ) ;
#4772 = VERTEX_POINT ( 'NONE', #6154 ) ;
#4773 = DIRECTION ( 'NONE',  ( 1.703767317533126255E-17, -1.000000000000000000, -1.212737214708384717E-16 ) ) ;
#4774 = CARTESIAN_POINT ( 'NONE',  ( -0.8820160742476854665, 1.865000000000001990, -7.391949262870541659 ) ) ;
#4775 = AXIS2_PLACEMENT_3D ( 'NONE', #1239, #1205, #6429 ) ;
#4776 = DIRECTION ( 'NONE',  ( -8.673617379884035472E-15, 1.000000000000000000, 0.000000000000000000 ) ) ;
#4777 = VERTEX_POINT ( 'NONE', #4459 ) ;
#4778 = CARTESIAN_POINT ( 'NONE',  ( 3.822170300227606621, -0.5178893197915352964, 4.455044812355250627 ) ) ;
#4779 = EDGE_CURVE ( 'NONE', #4537, #1812, #2914, .T. ) ;
#4780 = LINE ( 'NONE', #2135, #2009 ) ;
#4781 = ORIENTED_EDGE ( 'NONE', *, *, #6010, .T. ) ;
#4782 = ORIENTED_EDGE ( 'NONE', *, *, #2324, .F. ) ;
#4783 = CARTESIAN_POINT ( 'NONE',  ( -0.8860207152531375252, 1.125000000000001332, -4.327032419940850083 ) ) ;
#4784 = EDGE_LOOP ( 'NONE', ( #6095, #9022, #10746, #4431 ) ) ;
#4785 = CARTESIAN_POINT ( 'NONE',  ( 0.8860207152530030772, 1.125000000000000222, 7.400000000000081180 ) ) ;
#4786 = CARTESIAN_POINT ( 'NONE',  ( -12.74122116980754704, -0.3750000000000000000, -5.682091528884566145 ) ) ;
#4787 = CARTESIAN_POINT ( 'NONE',  ( 15.18612609371429478, -0.4372647459039900597, 0.5048847506128452123 ) ) ;
#4788 = AXIS2_PLACEMENT_3D ( 'NONE', #7870, #2804, #3504 ) ;
#4789 = EDGE_CURVE ( 'NONE', #7849, #3012, #9815, .T. ) ;
#4790 = VERTEX_POINT ( 'NONE', #7900 ) ;
#4791 = CARTESIAN_POINT ( 'NONE',  ( -15.16548086158270614, 1.783476391209347200, 0.7889650354562359746 ) ) ;
#4792 = DIRECTION ( 'NONE',  ( 0.000000000000000000, -1.000000000000000000, 0.000000000000000000 ) ) ;
#4793 = CARTESIAN_POINT ( 'NONE',  ( 7.271929870468204271, 2.925000000000001599, -1.816953206948172639 ) ) ;
#4794 = CARTESIAN_POINT ( 'NONE',  ( 9.999999999999964473, 1.866047144386237422, -7.470919038921267408 ) ) ;
#4795 = LINE ( 'NONE', #768, #1475 ) ;
#4796 = DIRECTION ( 'NONE',  ( 1.000000000000000000, 1.071446852809204781E-14, 0.000000000000000000 ) ) ;
#4797 = EDGE_CURVE ( 'NONE', #3661, #8844, #1984, .T. ) ;
#4798 = ORIENTED_EDGE ( 'NONE', *, *, #5057, .T. ) ;
#4799 = EDGE_CURVE ( 'NONE', #6392, #4408, #9542, .T. ) ;
#4800 = VERTEX_POINT ( 'NONE', #6263 ) ;
#4801 = ORIENTED_EDGE ( 'NONE', *, *, #11028, .F. ) ;
#4802 = DIRECTION ( 'NONE',  ( 0.000000000000000000, 0.000000000000000000, -1.000000000000000000 ) ) ;
#4803 = CARTESIAN_POINT ( 'NONE',  ( -9.999999999999968026, -0.6750000000000000444, 7.284696352579026701 ) ) ;
#4804 = CIRCLE ( 'NONE', #3161, 0.5000000000000004441 ) ;
#4805 = CARTESIAN_POINT ( 'NONE',  ( 14.99999999999999822, -0.1400000000000001243, 0.07499999999999995559 ) ) ;
#4806 = CARTESIAN_POINT ( 'NONE',  ( -6.318466889090753859E-16, -0.6750000000000000444, -7.284696352579027590 ) ) ;
#4807 = EDGE_CURVE ( 'NONE', #10197, #3564, #8327, .T. ) ;
#4808 = ORIENTED_EDGE ( 'NONE', *, *, #9709, .F. ) ;
#4809 = EDGE_CURVE ( 'NONE', #7402, #2754, #3587, .T. ) ;
#4810 = CARTESIAN_POINT ( 'NONE',  ( 18.45240263273812786, 0.2904205061806411359, -0.5676364339617541166 ) ) ;
#4811 = CARTESIAN_POINT ( 'NONE',  ( 14.75000000000000000, 0.2000000000000001499, 0.000000000000000000 ) ) ;
#4812 = EDGE_LOOP ( 'NONE', ( #10561, #4266, #3063, #3228, #5385, #8945, #9351, #4245, #10174, #924, #4771, #2784, #10646, #9118, #8918, #3292, #1579, #9163, #390, #2453, #5307, #5850, #4504, #5322 ) ) ;
#4813 = EDGE_CURVE ( 'NONE', #9177, #2119, #6092, .T. ) ;
#4814 = CIRCLE ( 'NONE', #7553, 0.1500000000000006051 ) ;
#4815 = DIRECTION ( 'NONE',  ( -0.01744974916068272111, 0.9996954598818874604, -0.01744974916068271764 ) ) ;
#4816 = VECTOR ( 'NONE', #7406, 1000.000000000000000 ) ;
#4817 = CARTESIAN_POINT ( 'NONE',  ( 9.999999999999964473, 1.866047144386237422, -7.470919038921267408 ) ) ;
#4818 = VERTEX_POINT ( 'NONE', #4594 ) ;
#4819 = EDGE_CURVE ( 'NONE', #9177, #7686, #3848, .T. ) ;
#4820 = ORIENTED_EDGE ( 'NONE', *, *, #10534, .T. ) ;
#4821 = CIRCLE ( 'NONE', #194, 0.1999999999999992062 ) ;
#4822 = VECTOR ( 'NONE', #5260, 1000.000000000000000 ) ;
#4823 = CARTESIAN_POINT ( 'NONE',  ( 4.791242006565712863, -0.8160471443862370444, 6.707698506541664329 ) ) ;
#4824 = CARTESIAN_POINT ( 'NONE',  ( -10.00000000000000000, -0.3750000000000000000, 6.699999999999997513 ) ) ;
#4825 = DIRECTION ( 'NONE',  ( 0.000000000000000000, 0.000000000000000000, -1.000000000000000000 ) ) ;
#4826 = CARTESIAN_POINT ( 'NONE',  ( -9.999999999999998224, -0.8750000000000000000, 2.499999999999999556 ) ) ;
#4827 = EDGE_LOOP ( 'NONE', ( #8833, #1987, #8487, #2143 ) ) ;
#4828 = AXIS2_PLACEMENT_3D ( 'NONE', #5720, #1458, #714 ) ;
#4829 = VERTEX_POINT ( 'NONE', #3830 ) ;
#4830 = EDGE_CURVE ( 'NONE', #8226, #721, #1294, .T. ) ;
#4831 = VECTOR ( 'NONE', #3883, 1000.000000000000227 ) ;
#4832 = CYLINDRICAL_SURFACE ( 'NONE', #8611, 0.05999999999999929001 ) ;
#4833 = AXIS2_PLACEMENT_3D ( 'NONE', #4303, #6845, #136 ) ;
#4834 = DIRECTION ( 'NONE',  ( 1.000000000000000000, 1.047444401652940007E-14, -3.491481338843121128E-15 ) ) ;
#4835 = VERTEX_POINT ( 'NONE', #1163 ) ;
#4836 = ORIENTED_EDGE ( 'NONE', *, *, #9071, .T. ) ;
#4837 = ORIENTED_EDGE ( 'NONE', *, *, #9058, .T. ) ;
#4838 = VECTOR ( 'NONE', #8944, 1000.000000000000227 ) ;
#4839 = AXIS2_PLACEMENT_3D ( 'NONE', #3331, #678, #3287 ) ;
#4840 = CIRCLE ( 'NONE', #2410, 0.1099999999999996397 ) ;
#4841 = VECTOR ( 'NONE', #7957, 1000.000000000000000 ) ;
#4842 = EDGE_CURVE ( 'NONE', #139, #770, #7818, .T. ) ;
#4843 = CARTESIAN_POINT ( 'NONE',  ( -1.101886547524476567, 0.8080802352918987630, 5.694748103344051238 ) ) ;
#4844 = CARTESIAN_POINT ( 'NONE',  ( -18.50000000000004974, 0.6464512659816227247, -0.4106293066402257330 ) ) ;
#4845 = CARTESIAN_POINT ( 'NONE',  ( -18.46786919440777908, 0.4468961968129340767, -0.4936330232189078404 ) ) ;
#4846 = VERTEX_POINT ( 'NONE', #6296 ) ;
#4847 = AXIS2_PLACEMENT_3D ( 'NONE', #4113, #6755, #10047 ) ;
#4848 = CARTESIAN_POINT ( 'NONE',  ( -13.21716333698694967, 1.925000000000001377, -5.509150635094426818 ) ) ;
#4849 = LINE ( 'NONE', #5401, #8716 ) ;
#4850 = VERTEX_POINT ( 'NONE', #8853 ) ;
#4851 = LINE ( 'NONE', #4163, #9388 ) ;
#4852 = ORIENTED_EDGE ( 'NONE', *, *, #1426, .T. ) ;
#4853 = TOROIDAL_SURFACE ( 'NONE', #9689, 4.784696352579026701, 0.2000000000000000111 ) ;
#4854 = DIRECTION ( 'NONE',  ( 0.9999999943992672335, 1.702483783591044716E-17, 0.0001058369763232880654 ) ) ;
#4855 = DIRECTION ( 'NONE',  ( -6.911138328291599464E-15, 1.212737214708358339E-16, -1.000000000000000000 ) ) ;
#4856 = EDGE_CURVE ( 'NONE', #9787, #233, #8609, .T. ) ;
#4857 = DIRECTION ( 'NONE',  ( 0.9848077530122022472, 3.783779336864648710E-17, -0.1736481776669629995 ) ) ;
#4858 = DIRECTION ( 'NONE',  ( 0.000000000000000000, -0.000000000000000000, -1.000000000000000000 ) ) ;
#4859 = CARTESIAN_POINT ( 'NONE',  ( -18.50000000000001066, 0.7943283903300306648, 0.1100642544508854681 ) ) ;
#4860 = CARTESIAN_POINT ( 'NONE',  ( -10.00000000000003375, 2.674999999999999822, 7.250000000000158096 ) ) ;
#4861 = EDGE_CURVE ( 'NONE', #5353, #5604, #10068, .T. ) ;
#4862 = DIRECTION ( 'NONE',  ( -0.000000000000000000, -1.000000000000000000, 0.000000000000000000 ) ) ;
#4863 = LINE ( 'NONE', #3904, #1147 ) ;
#4864 = CIRCLE ( 'NONE', #4025, 4.199999999999999289 ) ;
#4865 = VECTOR ( 'NONE', #4334, 1000.000000000000000 ) ;
#4866 = CARTESIAN_POINT ( 'NONE',  ( 1.593690457379892678E-11, 1.704999999999957661, 2.900000011804331645 ) ) ;
#4867 = ORIENTED_EDGE ( 'NONE', *, *, #10618, .F. ) ;
#4868 = FACE_OUTER_BOUND ( 'NONE', #401, .T. ) ;
#4869 = ORIENTED_EDGE ( 'NONE', *, *, #4292, .T. ) ;
#4870 = FACE_BOUND ( 'NONE', #527, .T. ) ;
#4871 = ORIENTED_EDGE ( 'NONE', *, *, #3256, .T. ) ;
#4872 = CARTESIAN_POINT ( 'NONE',  ( 14.99999999999999822, -0.06450000000000011280, 0.4499999999999999001 ) ) ;
#4873 = CARTESIAN_POINT ( 'NONE',  ( -18.44993974253575786, -0.04860289564859408135, 0.4906877741993693753 ) ) ;
#4874 = CARTESIAN_POINT ( 'NONE',  ( -1.874999998840635174, 1.859000000000000652, 21.00100000600096450 ) ) ;
#4875 = CARTESIAN_POINT ( 'NONE',  ( 18.44993974253575786, -0.04860289564859408135, 0.4906877741993693753 ) ) ;
#4876 = VECTOR ( 'NONE', #4428, 1000.000000000000000 ) ;
#4877 = VERTEX_POINT ( 'NONE', #2140 ) ;
#4879 = EDGE_CURVE ( 'NONE', #4800, #6410, #6868, .T. ) ;
#4878 = LINE ( 'NONE', #7893, #7019 ) ;
#4880 = ORIENTED_EDGE ( 'NONE', *, *, #2611, .F. ) ;
#4881 = EDGE_LOOP ( 'NONE', ( #231, #6316, #555, #10069 ) ) ;
#4882 = LINE ( 'NONE', #3608, #7823 ) ;
#4883 = ORIENTED_EDGE ( 'NONE', *, *, #8513, .F. ) ;
#4884 = CARTESIAN_POINT ( 'NONE',  ( 0.5664854445447222719, 1.865407176032884973, -7.441234513442895881 ) ) ;
#4885 = EDGE_CURVE ( 'NONE', #2355, #2916, #10217, .T. ) ;
#4886 = DIRECTION ( 'NONE',  ( -0.01744974916068271764, -0.9996954598818874604, 0.01744974916068272111 ) ) ;
#4887 = CIRCLE ( 'NONE', #7700, 0.2500000000000002220 ) ;
#4888 = AXIS2_PLACEMENT_3D ( 'NONE', #772, #6724, #8436 ) ;
#4889 = CARTESIAN_POINT ( 'NONE',  ( 1.703230273688390639, 1.925000000000000044, 6.767000000000077620 ) ) ;
#4890 = VERTEX_POINT ( 'NONE', #5482 ) ;
#4891 = ORIENTED_EDGE ( 'NONE', *, *, #8589, .T. ) ;
#4892 = VERTEX_POINT ( 'NONE', #7187 ) ;
#4893 = CARTESIAN_POINT ( 'NONE',  ( 14.99701112904389966, 0.02876769760564609063, 1.001153268425922560 ) ) ;
#4894 = ORIENTED_EDGE ( 'NONE', *, *, #2184, .F. ) ;
#4895 = ORIENTED_EDGE ( 'NONE', *, *, #5937, .T. ) ;
#4896 = CARTESIAN_POINT ( 'NONE',  ( 18.50000000002687983, 0.4663758392294058974, -0.5320603243434446350 ) ) ;
#4897 = AXIS2_PLACEMENT_3D ( 'NONE', #1454, #4140, #7459 ) ;
#4898 = CARTESIAN_POINT ( 'NONE',  ( -1.098269726311605243, 1.925000000000000044, 7.400000000000094502 ) ) ;
#4899 = CARTESIAN_POINT ( 'NONE',  ( -0.9999999988406609308, 1.903999999999985482, 13.87500000600095795 ) ) ;
#4900 = VECTOR ( 'NONE', #7646, 1000.000000000000227 ) ;
#4901 = DIRECTION ( 'NONE',  ( -0.6427876096865504651, -1.038526656440772226E-16, 0.7660444431189686876 ) ) ;
#4902 = ORIENTED_EDGE ( 'NONE', *, *, #5531, .T. ) ;
#4903 = APPROVAL_ROLE ( '' ) ;
#4904 = VERTEX_POINT ( 'NONE', #8004 ) ;
#4905 = CARTESIAN_POINT ( 'NONE',  ( 3.241535907754343970, 1.704999999999995408, 3.976800006000941856 ) ) ;
#4906 = CARTESIAN_POINT ( 'NONE',  ( -9.999999999999998224, -0.8149999999999999467, -6.767689368251049054 ) ) ;
#4907 = DIRECTION ( 'NONE',  ( -1.000000000000000000, 0.000000000000000000, 6.923092871256209446E-15 ) ) ;
#4908 = VERTEX_POINT ( 'NONE', #5513 ) ;
#4909 = CARTESIAN_POINT ( 'NONE',  ( -15.00000000000000000, -0.1400000000000001243, 0.2999999999999999334 ) ) ;
#4910 = CARTESIAN_POINT ( 'NONE',  ( 7.499999999999992895, 1.904000000000026116, -4.857225732735059864E-14 ) ) ;
#4911 = CARTESIAN_POINT ( 'NONE',  ( -14.98888489164168192, -0.4367841313723623831, -0.5051685359220272620 ) ) ;
#4912 = DIRECTION ( 'NONE',  ( -0.6427876096865456912, -1.038526656440776170E-16, 0.7660444431189725734 ) ) ;
#4913 = CARTESIAN_POINT ( 'NONE',  ( 7.499999999999909406, 2.925000000000001599, -0.8495620197742107527 ) ) ;
#4914 = ORIENTED_EDGE ( 'NONE', *, *, #2284, .T. ) ;
#4915 = EDGE_CURVE ( 'NONE', #8144, #2609, #10491, .T. ) ;
#4916 = AXIS2_PLACEMENT_3D ( 'NONE', #882, #10200, #10128 ) ;
#4917 = DIRECTION ( 'NONE',  ( 0.000000000000000000, 0.000000000000000000, -1.000000000000000000 ) ) ;
#4918 = VECTOR ( 'NONE', #8113, 1000.000000000000114 ) ;
#4919 = DIRECTION ( 'NONE',  ( -1.000000000000000000, -1.047444401652939691E-14, 4.307821798126323933E-15 ) ) ;
#4920 = CARTESIAN_POINT ( 'NONE',  ( -18.49960292299120468, 0.4647309023217831569, -0.5288153751131868807 ) ) ;
#4921 = CARTESIAN_POINT ( 'NONE',  ( 14.98889984138257070, -0.4359276612900729320, 0.5067636169844819127 ) ) ;
#4922 = VERTEX_POINT ( 'NONE', #10628 ) ;
#4923 = ORIENTED_EDGE ( 'NONE', *, *, #6130, .T. ) ;
#4924 = CARTESIAN_POINT ( 'NONE',  ( 11.73207028027912990, 2.925000000000001599, -2.938481042543291899 ) ) ;
#4925 = DIRECTION ( 'NONE',  ( -0.000000000000000000, -1.000000000000000000, -0.000000000000000000 ) ) ;
#4926 = VERTEX_POINT ( 'NONE', #6428 ) ;
#4927 = CARTESIAN_POINT ( 'NONE',  ( 8.399251393375605446, 2.925000000000001599, -2.008636705607823369 ) ) ;
#4928 = DIRECTION ( 'NONE',  ( -8.672296345945505012E-17, -0.01745240643728354982, -0.9998476951563912696 ) ) ;
#4929 = ORIENTED_EDGE ( 'NONE', *, *, #1405, .F. ) ;
#4930 = DIRECTION ( 'NONE',  ( -1.000000000000000000, 0.000000000000000000, 8.673617379884069985E-17 ) ) ;
#4931 = CYLINDRICAL_SURFACE ( 'NONE', #10577, 0.8000000000000000444 ) ;
#4932 = EDGE_CURVE ( 'NONE', #8290, #2220, #331, .T. ) ;
#4933 = CARTESIAN_POINT ( 'NONE',  ( 18.50000000000000000, -0.05022168978694701441, 0.4897958516738470380 ) ) ;
#4934 = CARTESIAN_POINT ( 'NONE',  ( -12.28283666301328836, 1.925000000000001377, -5.990849364905206365 ) ) ;
#4935 = CARTESIAN_POINT ( 'NONE',  ( 7.500000000000000888, 0.6999999999999999556, -3.830563360842444531 ) ) ;
#4936 = ORIENTED_EDGE ( 'NONE', *, *, #8607, .F. ) ;
#4937 = CARTESIAN_POINT ( 'NONE',  ( -18.45140509807813345, 0.4454123484010240053, 0.4907050562564135299 ) ) ;
#4938 = CARTESIAN_POINT ( 'NONE',  ( 14.67621122688194824, 2.925000000000001599, -3.333995540504976152 ) ) ;
#4939 = EDGE_CURVE ( 'NONE', #7288, #6266, #8862, .T. ) ;
#4940 = CARTESIAN_POINT ( 'NONE',  ( 18.44993974253575786, -0.04860289564859408135, 0.4906877741993693753 ) ) ;
#4941 = CIRCLE ( 'NONE', #6411, 0.06000000000000015737 ) ;
#4942 = CIRCLE ( 'NONE', #8532, 5.312720850603081857 ) ;
#4943 = ORIENTED_EDGE ( 'NONE', *, *, #1076, .F. ) ;
#4944 = ORIENTED_EDGE ( 'NONE', *, *, #8876, .T. ) ;
#4945 = AXIS2_PLACEMENT_3D ( 'NONE', #494, #8070, #9893 ) ;
#4946 = CARTESIAN_POINT ( 'NONE',  ( -18.49999999999989697, 0.7139808804765990224, -0.2009050607982960091 ) ) ;
#4947 = CARTESIAN_POINT ( 'NONE',  ( -0.8933153914529453621, 0.2000000000000000944, -7.408095197929142728 ) ) ;
#4948 = DIRECTION ( 'NONE',  ( 1.000000000000000000, 1.011922027653133317E-14, 0.000000000000000000 ) ) ;
#4949 = VECTOR ( 'NONE', #4697, 1000.000000000000000 ) ;
#4950 = VECTOR ( 'NONE', #7072, 1000.000000000000000 ) ;
#4951 = CARTESIAN_POINT ( 'NONE',  ( -14.99999999999999822, 0.1999999999999999833, -2.499999999999964917 ) ) ;
#4952 = EDGE_CURVE ( 'NONE', #10706, #7794, #2902, .T. ) ;
#4953 = ORIENTED_EDGE ( 'NONE', *, *, #9740, .T. ) ;
#4954 = AXIS2_PLACEMENT_3D ( 'NONE', #4153, #10021, #9259 ) ;
#4955 = ORIENTED_EDGE ( 'NONE', *, *, #8265, .F. ) ;
#4956 = ADVANCED_FACE ( 'NONE', ( #10350 ), #1547, .T. ) ;
#4957 = CARTESIAN_POINT ( 'NONE',  ( 1.450000001159348795, 1.859000000000019970, 16.50100000600095029 ) ) ;
#4958 = VERTEX_POINT ( 'NONE', #5586 ) ;
#4959 = CARTESIAN_POINT ( 'NONE',  ( -18.50000000000000000, 0.4443511744546367326, 0.4927506777244431979 ) ) ;
#4960 = VECTOR ( 'NONE', #6496, 1000.000000000000000 ) ;
#4961 = CARTESIAN_POINT ( 'NONE',  ( -14.75000000000009948, 2.925000000000001155, -2.499999999999807265 ) ) ;
#4962 = VECTOR ( 'NONE', #5997, 1000.000000000000000 ) ;
#4963 = CARTESIAN_POINT ( 'NONE',  ( -3.124999998840650495, 1.903999999999973047, 16.65000000600096897 ) ) ;
#4964 = CARTESIAN_POINT ( 'NONE',  ( -14.98394807992826827, -0.7196138850094354611, 0.3173651888163394608 ) ) ;
#4965 = AXIS2_PLACEMENT_3D ( 'NONE', #9480, #4621, #5242 ) ;
#4966 = ORIENTED_EDGE ( 'NONE', *, *, #8996, .F. ) ;
#4967 = ORIENTED_EDGE ( 'NONE', *, *, #1331, .F. ) ;
#4968 = ORIENTED_EDGE ( 'NONE', *, *, #7872, .T. ) ;
#4969 = EDGE_CURVE ( 'NONE', #3853, #2629, #3430, .T. ) ;
#4970 = DIRECTION ( 'NONE',  ( -0.01745240643728354982, 0.9998476951563911586, 1.271554164679870101E-16 ) ) ;
#4971 = CARTESIAN_POINT ( 'NONE',  ( 3.613947019343553890, 1.925000000000000266, 6.865269726311633569 ) ) ;
#4972 = CARTESIAN_POINT ( 'NONE',  ( -9.999999999999998224, -0.8750000000000000000, 2.499999999999999556 ) ) ;
#4973 = CIRCLE ( 'NONE', #10924, 6.250000000000000000 ) ;
#4974 = DIRECTION ( 'NONE',  ( -1.000000000000000000, -1.047444401652940007E-14, 3.491481338843121522E-15 ) ) ;
#4975 = ORIENTED_EDGE ( 'NONE', *, *, #10745, .T. ) ;
#4976 = VECTOR ( 'NONE', #10765, 1000.000000000000000 ) ;
#4977 = DIRECTION ( 'NONE',  ( -1.703767317532184244E-17, 1.000000000000000000, 1.212737214708384470E-16 ) ) ;
#4978 = LINE ( 'NONE', #3284, #5908 ) ;
#4979 = CARTESIAN_POINT ( 'NONE',  ( -12.33631939038345671, 1.925000000000001377, -5.927111132420074036 ) ) ;
#4980 = ADVANCED_FACE ( 'NONE', ( #8457 ), #3714, .T. ) ;
#4981 = AXIS2_PLACEMENT_3D ( 'NONE', #3935, #1383, #9903 ) ;
#4982 = FACE_OUTER_BOUND ( 'NONE', #1958, .T. ) ;
#4983 = LINE ( 'NONE', #3859, #10635 ) ;
#4984 = ORIENTED_EDGE ( 'NONE', *, *, #4606, .F. ) ;
#4985 = PLANE ( 'NONE',  #6854 ) ;
#4986 = LINE ( 'NONE', #9983, #1422 ) ;
#4987 = VERTEX_POINT ( 'NONE', #529 ) ;
#4988 = VECTOR ( 'NONE', #2100, 1000.000000000000000 ) ;
#4989 = EDGE_CURVE ( 'NONE', #8208, #8111, #8063, .T. ) ;
#4990 = CARTESIAN_POINT ( 'NONE',  ( 4.162481670118183708, 2.925000000000002043, -10.10778373848834377 ) ) ;
#4991 = CARTESIAN_POINT ( 'NONE',  ( -18.50000000000000000, 0.4610627317501907463, 0.5388842975417157399 ) ) ;
#4992 = CARTESIAN_POINT ( 'NONE',  ( -18.49770124462401810, 0.4608388772048507276, -0.5211376174805264494 ) ) ;
#4993 = DIRECTION ( 'NONE',  ( 3.593523896253485142E-15, 3.491481338843207903E-15, 1.000000000000000000 ) ) ;
#4994 = DIRECTION ( 'NONE',  ( -1.000000000000000000, 0.000000000000000000, 1.927470528863115795E-15 ) ) ;
#4995 = LINE ( 'NONE', #1625, #2490 ) ;
#4996 = LINE ( 'NONE', #1554, #5425 ) ;
#4997 = EDGE_CURVE ( 'NONE', #6903, #9583, #4087, .T. ) ;
#4998 = ORIENTED_EDGE ( 'NONE', *, *, #8590, .F. ) ;
#4999 = ORIENTED_EDGE ( 'NONE', *, *, #1594, .T. ) ;
#5000 = ORIENTED_EDGE ( 'NONE', *, *, #6391, .T. ) ;
#5001 = LINE ( 'NONE', #2817, #3307 ) ;
#5002 = CARTESIAN_POINT ( 'NONE',  ( -18.44991409307876751, -0.04860357516367928843, -0.4906874716957337346 ) ) ;
#5003 = ORIENTED_EDGE ( 'NONE', *, *, #6155, .T. ) ;
#5004 = EDGE_CURVE ( 'NONE', #1866, #5814, #5929, .T. ) ;
#5005 = PLANE ( 'NONE',  #10193 ) ;
#5006 = CARTESIAN_POINT ( 'NONE',  ( 0.9873823376067317747, 1.202134605622157792, 6.512541509971505604 ) ) ;
#5007 = DIRECTION ( 'NONE',  ( 1.703767317533126255E-17, -1.000000000000000000, -1.212737214708384717E-16 ) ) ;
#5008 = CARTESIAN_POINT ( 'NONE',  ( -7.499999998840687354, 1.858999999999886743, 5.251000006000986708 ) ) ;
#5009 = DIRECTION ( 'NONE',  ( 1.047444401652941269E-14, -1.000000000000000000, 3.491481338843170037E-15 ) ) ;
#5010 = ORIENTED_EDGE ( 'NONE', *, *, #6565, .F. ) ;
#5011 = ORIENTED_EDGE ( 'NONE', *, *, #1398, .T. ) ;
#5012 = ORIENTED_EDGE ( 'NONE', *, *, #4939, .T. ) ;
#5013 = EDGE_CURVE ( 'NONE', #9715, #3450, #6956, .T. ) ;
#5014 = ORIENTED_EDGE ( 'NONE', *, *, #4460, .F. ) ;
#5015 = CARTESIAN_POINT ( 'NONE',  ( 18.49999999999999289, 0.1129261339515098272, 0.5500000000000000444 ) ) ;
#5016 = CARTESIAN_POINT ( 'NONE',  ( 3.096861109217687869, 1.925000000000000266, 5.671730273688499580 ) ) ;
#5017 = PLANE ( 'NONE',  #4888 ) ;
#5018 = CARTESIAN_POINT ( 'NONE',  ( -15.18395444927175753, -0.5367954872986351322, -0.3186190873994084738 ) ) ;
#5019 = DIRECTION ( 'NONE',  ( -1.703767317533126255E-17, 1.000000000000000000, 1.212737214708384717E-16 ) ) ;
#5020 = ADVANCED_FACE ( 'NONE', ( #1420 ), #3929, .T. ) ;
#5021 = PLANE ( 'NONE',  #688 ) ;
#5022 = EDGE_CURVE ( 'NONE', #1155, #7960, #4228, .T. ) ;
#5023 = ORIENTED_EDGE ( 'NONE', *, *, #980, .F. ) ;
#5024 = VERTEX_POINT ( 'NONE', #2271 ) ;
#5025 = DIRECTION ( 'NONE',  ( 1.703767317533126255E-17, -1.000000000000000000, -1.212737214708384717E-16 ) ) ;
#5026 = EDGE_CURVE ( 'NONE', #11042, #5842, #11005, .T. ) ;
#5027 = CARTESIAN_POINT ( 'NONE',  ( -9.999999999999998224, -0.3750000000000000000, -2.499999999999999556 ) ) ;
#5028 = EDGE_LOOP ( 'NONE', ( #8961, #4880, #7565, #9033 ) ) ;
#5029 = DIRECTION ( 'NONE',  ( -1.000000000000000000, 0.000000000000000000, 6.938605453046267820E-15 ) ) ;
#5030 = AXIS2_PLACEMENT_3D ( 'NONE', #1481, #7412, #8268 ) ;
#5031 = CARTESIAN_POINT ( 'NONE',  ( 14.07931100995396534, -0.8160471443862369334, 3.531478747246561856 ) ) ;
#5032 = DIRECTION ( 'NONE',  ( 0.6427876096865400291, -8.194945521410688788E-17, 0.7660444431189773473 ) ) ;
#5033 = CARTESIAN_POINT ( 'NONE',  ( 0.8076985065402110253, -0.8160471443862370444, 6.507728967510386653 ) ) ;
#5034 = CARTESIAN_POINT ( 'NONE',  ( 0.8076985065402109143, -0.8160471443862362673, 5.433504217327677743 ) ) ;
#5035 = VERTEX_POINT ( 'NONE', #9984 ) ;
#5036 = ADVANCED_FACE ( 'NONE', ( #6592 ), #7383, .T. ) ;
#5037 = ADVANCED_FACE ( 'NONE', ( #1831 ), #2396, .F. ) ;
#5038 = AXIS2_PLACEMENT_3D ( 'NONE', #9384, #6856, #8444 ) ;
#5039 = CARTESIAN_POINT ( 'NONE',  ( -15.00000000000000000, -0.1400000000000001243, -0.4500000000000000666 ) ) ;
#5040 = VERTEX_POINT ( 'NONE', #796 ) ;
#5041 = DIRECTION ( 'NONE',  ( -0.000000000000000000, 1.000000000000000000, -0.000000000000000000 ) ) ;
#5042 = VERTEX_POINT ( 'NONE', #9170 ) ;
#5043 = CARTESIAN_POINT ( 'NONE',  ( -3.241599998840695385, 1.903999999999928416, 4.226800002784057320 ) ) ;
#5044 = DIRECTION ( 'NONE',  ( 3.491481338843084446E-15, 3.491481338843206719E-15, 1.000000000000000000 ) ) ;
#5045 = CARTESIAN_POINT ( 'NONE',  ( 18.49999999999999645, 0.5665120452946782459, -0.4842853786891532786 ) ) ;
#5046 = AXIS2_PLACEMENT_3D ( 'NONE', #4167, #873, #11007 ) ;
#5047 = DIRECTION ( 'NONE',  ( 0.000000000000000000, -1.000000000000000000, 0.000000000000000000 ) ) ;
#5048 = DIRECTION ( 'NONE',  ( 1.000000000000000000, 0.000000000000000000, 0.000000000000000000 ) ) ;
#5049 = EDGE_LOOP ( 'NONE', ( #1846, #4101, #5978, #1423, #651, #87, #232, #10145 ) ) ;
#5050 = DIRECTION ( 'NONE',  ( 1.000000000000000000, -0.000000000000000000, 3.195333362501042069E-16 ) ) ;
#5051 = AXIS2_PLACEMENT_3D ( 'NONE', #7576, #4211, #6754 ) ;
#5052 = CARTESIAN_POINT ( 'NONE',  ( 1.101886547524477900, 0.8080802352918987630, 7.491272467535890378 ) ) ;
#5053 = CARTESIAN_POINT ( 'NONE',  ( -0.1999999988406351292, 1.859000000000018193, 21.00100000600095740 ) ) ;
#5054 = CARTESIAN_POINT ( 'NONE',  ( 18.50000000000000000, -0.07121550018489558598, 0.5352844436880276335 ) ) ;
#5055 = FACE_OUTER_BOUND ( 'NONE', #2456, .T. ) ;
#5056 = DIRECTION ( 'NONE',  ( 0.000000000000000000, 0.000000000000000000, -1.000000000000000000 ) ) ;
#5057 = EDGE_CURVE ( 'NONE', #8144, #825, #2844, .T. ) ;
#5058 = ORIENTED_EDGE ( 'NONE', *, *, #8334, .F. ) ;
#5059 = ORIENTED_EDGE ( 'NONE', *, *, #5666, .T. ) ;
#5060 = VERTEX_POINT ( 'NONE', #7577 ) ;
#5061 = CARTESIAN_POINT ( 'NONE',  ( 0.5863193903832006892, 1.925000000000001821, -6.977111132420169781 ) ) ;
#5062 = DIRECTION ( 'NONE',  ( 0.000000000000000000, -1.000000000000000000, 0.000000000000000000 ) ) ;
#5063 = VECTOR ( 'NONE', #7200, 1000.000000000000000 ) ;
#5064 = CARTESIAN_POINT ( 'NONE',  ( 18.45408356835489982, 0.6117607483966800430, 0.3730786015410001988 ) ) ;
#5065 = EDGE_CURVE ( 'NONE', #3198, #5207, #9114, .T. ) ;
#5066 = ORIENTED_EDGE ( 'NONE', *, *, #3022, .T. ) ;
#5067 = EDGE_CURVE ( 'NONE', #8799, #8799, #8597, .T. ) ;
#5068 = ADVANCED_FACE ( 'NONE', ( #7803 ), #10617, .T. ) ;
#5069 = CARTESIAN_POINT ( 'NONE',  ( -15.00000000000000178, 0.2374999999999993783, -0.4500000000000001776 ) ) ;
#5070 = VERTEX_POINT ( 'NONE', #10162 ) ;
#5071 = LINE ( 'NONE', #3101, #3238 ) ;
#5072 = CARTESIAN_POINT ( 'NONE',  ( -15.00000000000000000, 0.3129999999999997784, -0.4590000000000001301 ) ) ;
#5073 = LINE ( 'NONE', #6160, #534 ) ;
#5074 = B_SPLINE_CURVE_WITH_KNOTS ( 'NONE', 3,
 ( #5076, #10202, #7774, #4419 ),
 .UNSPECIFIED., .F., .F.,
 ( 4, 4 ),
 ( 0.000000000000000000, 6.980962574913403620E-06 ),
 .UNSPECIFIED. ) ;
#5075 = CARTESIAN_POINT ( 'NONE',  ( 3.125021300494541077, 1.824000000000036037, 15.99997886453819618 ) ) ;
#5076 = CARTESIAN_POINT ( 'NONE',  ( -14.99993907342249422, 0.1965095187125432963, 0.9999756327838832393 ) ) ;
#5077 = ORIENTED_EDGE ( 'NONE', *, *, #2632, .F. ) ;
#5078 = CARTESIAN_POINT ( 'NONE',  ( 9.999999999998522071, -0.8750000000000000000, 6.767689368251048165 ) ) ;
#5079 = ORIENTED_EDGE ( 'NONE', *, *, #5715, .T. ) ;
#5080 = DIRECTION ( 'NONE',  ( 0.7960642969907483213, 0.000000000000000000, 0.6052120579240185538 ) ) ;
#5081 = EDGE_CURVE ( 'NONE', #10932, #10932, #10872, .T. ) ;
#5082 = LINE ( 'NONE', #8032, #683 ) ;
#5083 = CARTESIAN_POINT ( 'NONE',  ( -1.201049967066001978, 1.925000000000000266, 7.410928177211882684 ) ) ;
#5084 = CARTESIAN_POINT ( 'NONE',  ( -18.44993118967363799, -0.04860323308701237216, -0.4906876183515270773 ) ) ;
#5085 = CIRCLE ( 'NONE', #2811, 4.992301493458337625 ) ;
#5086 = DIRECTION ( 'NONE',  ( 6.911138328291599464E-15, -1.212737214708358339E-16, 1.000000000000000000 ) ) ;
#5087 = CARTESIAN_POINT ( 'NONE',  ( 18.48556071098100517, -0.05511941458677081795, 0.5035390998510991256 ) ) ;
#5088 = ADVANCED_FACE ( 'NONE', ( #70 ), #5665, .F. ) ;
#5089 =( BOUNDED_CURVE ( )  B_SPLINE_CURVE ( 3, ( #6050, #7840, #2693, #7800 ),
 .UNSPECIFIED., .F., .F. ) 
 B_SPLINE_CURVE_WITH_KNOTS ( ( 4, 4 ),
 ( 0.9207641034256540680, 0.9996125209353281527 ),
 .UNSPECIFIED. ) 
 CURVE ( )  GEOMETRIC_REPRESENTATION_ITEM ( )  RATIONAL_B_SPLINE_CURVE ( ( 1.000000000000000000, 0.9994819776887015061, 0.9994819776887015061, 1.000000000000000000 ) ) 
 REPRESENTATION_ITEM ( '' )  );
#5090 = EDGE_LOOP ( 'NONE', ( #10581, #4474, #264, #1969 ) ) ;
#5091 = EDGE_CURVE ( 'NONE', #2011, #650, #1966, .T. ) ;
#5092 = VERTEX_POINT ( 'NONE', #5798 ) ;
#5093 = EDGE_CURVE ( 'NONE', #7625, #5957, #1910, .T. ) ;
#5094 = CIRCLE ( 'NONE', #10498, 3.381903301057274103 ) ;
#5095 = LINE ( 'NONE', #8087, #6310 ) ;
#5096 = CARTESIAN_POINT ( 'NONE',  ( 1.579877165479452117, -0.6161113284688908287, 4.456333412807565786 ) ) ;
#5097 = DIRECTION ( 'NONE',  ( -1.703767317533126255E-17, 1.000000000000000000, 1.212737214708384717E-16 ) ) ;
#5098 = CARTESIAN_POINT ( 'NONE',  ( 18.50000000000082778, 0.6113013683446097968, -0.3797388621300291645 ) ) ;
#5099 = VERTEX_POINT ( 'NONE', #6645 ) ;
#5100 = B_SPLINE_CURVE_WITH_KNOTS ( 'NONE', 3,
 ( #4937, #9256, #690, #6624, #9216, #10881, #5844, #2512, #2434, #10171, #1690, #10138, #8364, #10989, #4151, #2550 ),
 .UNSPECIFIED., .F., .F.,
 ( 4, 3, 3, 3, 3, 4 ),
 ( 4.537000091713659054E-12, 1.678813321373395101E-05, 3.357624764245605302E-05, 5.036465794925942732E-05, 6.592920348096014793E-05, 7.678009246267473065E-05 ),
 .UNSPECIFIED. ) ;
#5101 = VERTEX_POINT ( 'NONE', #5247 ) ;
#5102 = AXIS2_PLACEMENT_3D ( 'NONE', #4412, #7879, #4510 ) ;
#5103 = CARTESIAN_POINT ( 'NONE',  ( -18.50000000000001421, -0.3657753314498422004, -0.2196905979776928031 ) ) ;
#5104 = CARTESIAN_POINT ( 'NONE',  ( -7.499974749875399027, 1.704999999999889049, 5.750000010259860517 ) ) ;
#5105 = CARTESIAN_POINT ( 'NONE',  ( -14.99993907342249422, 0.2034904812874566982, 2.499999999999965805 ) ) ;
#5106 = ORIENTED_EDGE ( 'NONE', *, *, #3696, .T. ) ;
#5107 = DIRECTION ( 'NONE',  ( 1.000000000000000000, 1.703767317532268061E-17, -6.911138328291599464E-15 ) ) ;
#5108 = VECTOR ( 'NONE', #6712, 1000.000000000000227 ) ;
#5109 = LINE ( 'NONE', #5552, #6848 ) ;
#5110 = CYLINDRICAL_SURFACE ( 'NONE', #9836, 0.06000000000000015737 ) ;
#5111 = CARTESIAN_POINT ( 'NONE',  ( -18.45299606311285245, -0.3473164965880324306, -0.1009845837977867422 ) ) ;
#5112 = CARTESIAN_POINT ( 'NONE',  ( 1.000000001159333962, 1.604999999999999094, 11.75000000600095262 ) ) ;
#5113 = EDGE_LOOP ( 'NONE', ( #3635, #8489, #7235, #8954 ) ) ;
#5114 = CARTESIAN_POINT ( 'NONE',  ( 1.012060654711238294, 1.859000000000015529, 16.57547493522191928 ) ) ;
#5115 = CARTESIAN_POINT ( 'NONE',  ( 1.000021300494533971, 1.904000000000006576, 13.87497886453820328 ) ) ;
#5116 = DIRECTION ( 'NONE',  ( -1.703767317533126255E-17, 1.000000000000000000, 1.212737214708384717E-16 ) ) ;
#5117 = DIRECTION ( 'NONE',  ( -1.000000000000000000, 0.000000000000000000, 6.663069862790352920E-15 ) ) ;
#5118 = LINE ( 'NONE', #3620, #1954 ) ;
#5119 = CARTESIAN_POINT ( 'NONE',  ( -13.87794990882725621, -0.3750000000000000000, 3.280563360842449150 ) ) ;
#5120 = ORIENTED_EDGE ( 'NONE', *, *, #1379, .T. ) ;
#5121 = FACE_OUTER_BOUND ( 'NONE', #4715, .T. ) ;
#5122 = EDGE_LOOP ( 'NONE', ( #9901, #4382, #7789, #3808 ) ) ;
#5123 = CIRCLE ( 'NONE', #4897, 4.910928177211881795 ) ;
#5124 = CARTESIAN_POINT ( 'NONE',  ( 7.271929870468180290, 2.925000000000001599, -5.402964901372191875 ) ) ;
#5125 = EDGE_CURVE ( 'NONE', #6530, #6530, #1150, .T. ) ;
#5126 = CARTESIAN_POINT ( 'NONE',  ( 18.45299315601055312, -0.3470419174723491373, 0.1023763272343758413 ) ) ;
#5127 = DIRECTION ( 'NONE',  ( 0.5000000000000149880, 1.135449601928823697E-16, -0.8660254037844299368 ) ) ;
#5128 = CARTESIAN_POINT ( 'NONE',  ( 1.167269654773074761, -0.8749999999999997780, 4.634635899265501457 ) ) ;
#5129 = DIRECTION ( 'NONE',  ( 0.9995797955546449343, 0.02648124480421060883, -0.01178880793607294322 ) ) ;
#5130 = CIRCLE ( 'NONE', #2273, 0.9500000000000002887 ) ;
#5131 = CARTESIAN_POINT ( 'NONE',  ( -9.999999999999998224, 0.1999999999999999833, 2.499999999999999556 ) ) ;
#5132 = VECTOR ( 'NONE', #10300, 1000.000000000000000 ) ;
#5133 = CARTESIAN_POINT ( 'NONE',  ( 18.47177570897916610, -0.05070360512833971961, 0.4948300590698573309 ) ) ;
#5134 = FACE_OUTER_BOUND ( 'NONE', #4396, .T. ) ;
#5135 = ADVANCED_FACE ( 'NONE', ( #9672 ), #7611, .F. ) ;
#5136 = ORIENTED_EDGE ( 'NONE', *, *, #3278, .F. ) ;
#5137 = FACE_OUTER_BOUND ( 'NONE', #7580, .T. ) ;
#5138 = ORIENTED_EDGE ( 'NONE', *, *, #3762, .T. ) ;
#5139 = LINE ( 'NONE', #2977, #6088 ) ;
#5140 = DIRECTION ( 'NONE',  ( 0.000000000000000000, -1.000000000000000000, 0.000000000000000000 ) ) ;
#5141 = ORIENTED_EDGE ( 'NONE', *, *, #7156, .T. ) ;
#5142 = AXIS2_PLACEMENT_3D ( 'NONE', #7157, #2012, #2946 ) ;
#5143 = DIRECTION ( 'NONE',  ( 0.000000000000000000, -1.000000000000000000, 0.000000000000000000 ) ) ;
#5144 = CARTESIAN_POINT ( 'NONE',  ( -1.098269726311613903, 1.825000000000000178, 6.000000000000096811 ) ) ;
#5145 = CARTESIAN_POINT ( 'NONE',  ( 18.50000000000449063, 0.7499143832658140552, 0.1041715257475855499 ) ) ;
#5146 = EDGE_CURVE ( 'NONE', #4301, #4301, #4624, .T. ) ;
#5147 = TOROIDAL_SURFACE ( 'NONE', #10005, 4.267689368251048165, 0.05999999999999999778 ) ;
#5148 = DIRECTION ( 'NONE',  ( -1.703767317533126255E-17, 1.000000000000000000, 1.212737214708384717E-16 ) ) ;
#5149 = DIRECTION ( 'NONE',  ( -0.000000000000000000, -0.000000000000000000, 1.000000000000000000 ) ) ;
#5150 = ORIENTED_EDGE ( 'NONE', *, *, #787, .T. ) ;
#5151 = CIRCLE ( 'NONE', #1286, 4.984665891610305266 ) ;
#5152 = ORIENTED_EDGE ( 'NONE', *, *, #7293, .T. ) ;
#5153 = VERTEX_POINT ( 'NONE', #7654 ) ;
#5154 = DIRECTION ( 'NONE',  ( 0.000000000000000000, -0.000000000000000000, -1.000000000000000000 ) ) ;
#5155 = ORIENTED_EDGE ( 'NONE', *, *, #599, .F. ) ;
#5156 = CARTESIAN_POINT ( 'NONE',  ( -18.50000000000000000, 0.02634855338465574848, -0.5283362074035536926 ) ) ;
#5157 = ADVANCED_FACE ( 'NONE', ( #5134 ), #10742, .T. ) ;
#5158 = ADVANCED_FACE ( 'NONE', ( #8316 ), #7947, .T. ) ;
#5159 = DIRECTION ( 'NONE',  ( -1.047444401652941269E-14, 1.000000000000000000, -3.491481338843170037E-15 ) ) ;
#5160 = CARTESIAN_POINT ( 'NONE',  ( -9.999999999999998224, -0.8750000000000000000, -2.499999999999999556 ) ) ;
#5161 = VECTOR ( 'NONE', #5443, 1000.000000000000227 ) ;
#5162 = CARTESIAN_POINT ( 'NONE',  ( 18.49575548270223990, 0.4585973553739152719, 0.5167157897366549957 ) ) ;
#5163 = ORIENTED_EDGE ( 'NONE', *, *, #21, .F. ) ;
#5164 = EDGE_CURVE ( 'NONE', #7791, #8307, #5074, .T. ) ;
#5165 = ORIENTED_EDGE ( 'NONE', *, *, #10556, .F. ) ;
#5166 = ORIENTED_EDGE ( 'NONE', *, *, #4050, .F. ) ;
#5167 = VERTEX_POINT ( 'NONE', #131 ) ;
#5168 = DIRECTION ( 'NONE',  ( 0.000000000000000000, 1.000000000000000000, 0.000000000000000000 ) ) ;
#5169 = B_SPLINE_CURVE_WITH_KNOTS ( 'NONE', 3,
 ( #316, #7042, #6291, #1998 ),
 .UNSPECIFIED., .F., .F.,
 ( 4, 4 ),
 ( 0.000000000000000000, 0.0005592957566328121948 ),
 .UNSPECIFIED. ) ;
#5170 = CARTESIAN_POINT ( 'NONE',  ( 14.98603594805742567, 1.000000000000001554, 0.1064308286629110090 ) ) ;
#5171 = ORIENTED_EDGE ( 'NONE', *, *, #2439, .F. ) ;
#5172 = CARTESIAN_POINT ( 'NONE',  ( 13.11022304477721789, 1.925000000000000488, 6.019702350770927524 ) ) ;
#5173 = CARTESIAN_POINT ( 'NONE',  ( -1.781353769400174869, 1.925000000000000044, 6.634968689018301724 ) ) ;
#5174 = CARTESIAN_POINT ( 'NONE',  ( 8.461690311226250927, 2.825000000000001954, -7.449999999999970868 ) ) ;
#5175 = VERTEX_POINT ( 'NONE', #1798 ) ;
#5176 = CARTESIAN_POINT ( 'NONE',  ( 10.79525750901549941, 2.825000000000001066, -0.8046251345474897398 ) ) ;
#5177 = EDGE_CURVE ( 'NONE', #9131, #4829, #5416, .T. ) ;
#5178 = CIRCLE ( 'NONE', #2361, 5.000000000000002665 ) ;
#5179 = EDGE_CURVE ( 'NONE', #3603, #6630, #1012, .T. ) ;
#5180 = CARTESIAN_POINT ( 'NONE',  ( 18.44991409307876751, -0.04860357516367928843, -0.4906874716957337346 ) ) ;
#5181 = CARTESIAN_POINT ( 'NONE',  ( 14.99999999999999822, 0.3129999999999997784, -0.1500000000000002442 ) ) ;
#5182 = EDGE_LOOP ( 'NONE', ( #4002, #6106, #9403, #9015 ) ) ;
#5183 = CARTESIAN_POINT ( 'NONE',  ( 14.99999999999992895, 2.925000000000001155, 2.499999999999982236 ) ) ;
#5184 = CARTESIAN_POINT ( 'NONE',  ( 13.21716333698670631, 1.925000000000001821, -5.509150635094616888 ) ) ;
#5185 = ORIENTED_EDGE ( 'NONE', *, *, #3334, .T. ) ;
#5186 = CARTESIAN_POINT ( 'NONE',  ( -13.21716333698694967, 1.925000000000001377, -5.509150635094426818 ) ) ;
#5187 = CARTESIAN_POINT ( 'NONE',  ( 12.28283666301308408, 1.925000000000000488, 5.990849364905392882 ) ) ;
#5188 = CARTESIAN_POINT ( 'NONE',  ( 18.46121011974900483, -0.04903401645897857708, 0.4915372272393366271 ) ) ;
#5189 = PLANE ( 'NONE',  #5494 ) ;
#5190 = VERTEX_POINT ( 'NONE', #837 ) ;
#5191 = CARTESIAN_POINT ( 'NONE',  ( 11.70720044927875314, 2.825000000000001066, -1.653536311060172181 ) ) ;
#5192 = AXIS2_PLACEMENT_3D ( 'NONE', #8867, #192, #9612 ) ;
#5193 = EDGE_CURVE ( 'NONE', #10459, #5958, #7669, .T. ) ;
#5194 = CARTESIAN_POINT ( 'NONE',  ( 1.875000001159348839, 1.859000000000024189, 16.50100000600095029 ) ) ;
#5195 = CARTESIAN_POINT ( 'NONE',  ( 10.00000000000000178, -0.3750000000000000000, 2.499999999999999556 ) ) ;
#5196 = ORIENTED_EDGE ( 'NONE', *, *, #4384, .T. ) ;
#5197 = CARTESIAN_POINT ( 'NONE',  ( -18.50000000000000000, -0.04874918511057036580, -0.4905370123609565369 ) ) ;
#5198 = LINE ( 'NONE', #726, #2554 ) ;
#5199 = ADVANCED_FACE ( 'NONE', ( #2350 ), #3576, .F. ) ;
#5200 = AXIS2_PLACEMENT_3D ( 'NONE', #8212, #4143, #3999 ) ;
#5201 = CARTESIAN_POINT ( 'NONE',  ( 4.682822706966518922, -0.3749999999999999445, 6.699999999999996625 ) ) ;
#5202 = CARTESIAN_POINT ( 'NONE',  ( 18.50000000000015632, 0.4663758391161606509, 0.5320603241232183533 ) ) ;
#5203 = ORIENTED_EDGE ( 'NONE', *, *, #1393, .T. ) ;
#5204 = EDGE_CURVE ( 'NONE', #5919, #7752, #9937, .T. ) ;
#5205 = CARTESIAN_POINT ( 'NONE',  ( 18.45263231450161356, -0.3120350481955336819, 0.1988855049236010197 ) ) ;
#5206 = CARTESIAN_POINT ( 'NONE',  ( 14.98641190291875347, 0.9784615604160342706, 0.2128583303102120905 ) ) ;
#5207 = VERTEX_POINT ( 'NONE', #8511 ) ;
#5208 = DIRECTION ( 'NONE',  ( -0.000000000000000000, -1.000000000000000000, -0.000000000000000000 ) ) ;
#5209 = CARTESIAN_POINT ( 'NONE',  ( -1.120364129757934535, 1.866660212475874658, 7.425355848945568660 ) ) ;
#5210 = CARTESIAN_POINT ( 'NONE',  ( -18.45135790125781483, 0.4488075390959583300, -0.4890190347536899629 ) ) ;
#5211 = CARTESIAN_POINT ( 'NONE',  ( 1.260269726311465277, 1.925000000000001377, -3.010698394592281613 ) ) ;
#5212 = FACE_OUTER_BOUND ( 'NONE', #8474, .T. ) ;
#5213 = DIRECTION ( 'NONE',  ( 1.703767317533126255E-17, -1.000000000000000000, -1.212737214708384717E-16 ) ) ;
#5214 = APPROVAL_DATE_TIME ( #3233, #10792 ) ;
#5215 = CARTESIAN_POINT ( 'NONE',  ( 7.749999999999999112, 0.6999999999999999556, 4.750000000000000000 ) ) ;
#5216 = DIRECTION ( 'NONE',  ( 1.703767317533126255E-17, -1.000000000000000000, -1.212737214708384717E-16 ) ) ;
#5217 = ADVANCED_FACE ( 'NONE', ( #5539 ), #785, .T. ) ;
#5218 = ORIENTED_EDGE ( 'NONE', *, *, #1300, .F. ) ;
#5219 = AXIS2_PLACEMENT_3D ( 'NONE', #2183, #5570, #10674 ) ;
#5220 = CARTESIAN_POINT ( 'NONE',  ( 12.74999999999991118, 1.925000000000000488, 5.750000000000000888 ) ) ;
#5221 = CARTESIAN_POINT ( 'NONE',  ( -18.50000000000331823, -0.3499126690501330184, -0.1035675643408179164 ) ) ;
#5222 = ADVANCED_FACE ( 'NONE', ( #1285 ), #3967, .T. ) ;
#5223 = CARTESIAN_POINT ( 'NONE',  ( 14.92201022934677823, 2.862319694204174869, -0.9134037166934195762 ) ) ;
#5224 = CARTESIAN_POINT ( 'NONE',  ( -9.999999999999998224, -0.8750000000000000000, -7.284696352579025813 ) ) ;
#5225 = EDGE_CURVE ( 'NONE', #10081, #6357, #2218, .T. ) ;
#5226 = CONICAL_SURFACE ( 'NONE', #8263, 4.200000000000000178, 0.01745329251994333364 ) ;
#5227 = CARTESIAN_POINT ( 'NONE',  ( 0.8065352090710076194, -0.7494018770104167171, 5.432577508172157899 ) ) ;
#5228 = VERTEX_POINT ( 'NONE', #7817 ) ;
#5229 = CARTESIAN_POINT ( 'NONE',  ( 9.999999999999928946, 2.675000000000000711, 2.500000000000018652 ) ) ;
#5230 = CARTESIAN_POINT ( 'NONE',  ( -14.99999999999999822, -0.1400000000000001243, 0.1499999999999999389 ) ) ;
#5231 = EDGE_CURVE ( 'NONE', #9694, #206, #1693, .T. ) ;
#5232 = LINE ( 'NONE', #10160, #10024 ) ;
#5233 = LINE ( 'NONE', #744, #4702 ) ;
#5234 = DIRECTION ( 'NONE',  ( 1.000000000000000000, 1.071446852809204308E-14, 0.000000000000000000 ) ) ;
#5235 = EDGE_CURVE ( 'NONE', #3656, #3532, #2639, .T. ) ;
#5236 = EDGE_CURVE ( 'NONE', #1029, #2931, #4882, .T. ) ;
#5237 = ORIENTED_EDGE ( 'NONE', *, *, #9139, .F. ) ;
#5238 = CARTESIAN_POINT ( 'NONE',  ( 0.9805633608424499936, 0.6999999999999999556, -3.899999999999996358 ) ) ;
#5239 = VERTEX_POINT ( 'NONE', #202 ) ;
#5240 = CARTESIAN_POINT ( 'NONE',  ( -14.99993907342249422, 0.1965095187125421028, 0.9999756327838832393 ) ) ;
#5241 = DIRECTION ( 'NONE',  ( 0.000000000000000000, 0.9998476951563911586, 0.01745240643728354635 ) ) ;
#5242 = DIRECTION ( 'NONE',  ( 1.000000000000000000, 1.046356643376642152E-14, -3.491469276352247659E-15 ) ) ;
#5243 = CIRCLE ( 'NONE', #5699, 0.3254362312903810728 ) ;
#5244 = B_SPLINE_CURVE_WITH_KNOTS ( 'NONE', 3,
 ( #5511, #8138, #3827, #8109, #4634, #320, #644 ),
 .UNSPECIFIED., .F., .F.,
 ( 4, 3, 4 ),
 ( 0.000000000000000000, 0.0002411843912171514207, 0.0004411808517554843411 ),
 .UNSPECIFIED. ) ;
#5245 = CARTESIAN_POINT ( 'NONE',  ( 14.98892285171478278, 0.8346094002341006846, 0.4985547535802334895 ) ) ;
#5246 = CARTESIAN_POINT ( 'NONE',  ( 1.211869793991680266, 0.8080802352918989850, 7.489385920011412345 ) ) ;
#5247 = CARTESIAN_POINT ( 'NONE',  ( 9.999999999999859668, 2.675000000000002043, -7.499999999999981348 ) ) ;
#5248 = CARTESIAN_POINT ( 'NONE',  ( 14.98466589161030704, -0.6784904812874567037, 0.4712850322845280604 ) ) ;
#5249 = ORIENTED_EDGE ( 'NONE', *, *, #8078, .T. ) ;
#5250 = ORIENTED_EDGE ( 'NONE', *, *, #1022, .T. ) ;
#5251 = CARTESIAN_POINT ( 'NONE',  ( 12.30783666301304358, 1.925000000000001821, -5.465849364905381869 ) ) ;
#5252 = EDGE_CURVE ( 'NONE', #9908, #9215, #7248, .T. ) ;
#5253 = ORIENTED_EDGE ( 'NONE', *, *, #51, .T. ) ;
#5254 = CARTESIAN_POINT ( 'NONE',  ( 18.45095237858399173, 0.1048622616168191080, 0.5667864871706621566 ) ) ;
#5255 = DIRECTION ( 'NONE',  ( -1.000000000000000000, -1.040834097414985057E-14, 3.469446991383283524E-15 ) ) ;
#5256 = LINE ( 'NONE', #7697, #5108 ) ;
#5257 = CARTESIAN_POINT ( 'NONE',  ( 0.9919033010572743114, 0.6999999999999999556, 7.383175768593164712 ) ) ;
#5258 = LINE ( 'NONE', #3648, #3008 ) ;
#5259 = CARTESIAN_POINT ( 'NONE',  ( 14.98466589161030704, -0.6784904812874564817, -2.499999999999967581 ) ) ;
#5260 = DIRECTION ( 'NONE',  ( -1.000000000000000000, -1.703767317532273299E-17, 7.341679198581128704E-15 ) ) ;
#5261 = EDGE_CURVE ( 'NONE', #10424, #6605, #5001, .T. ) ;
#5262 = DIRECTION ( 'NONE',  ( -1.000000000000000000, -1.047444401652940007E-14, 3.491481338843121128E-15 ) ) ;
#5263 = EDGE_LOOP ( 'NONE', ( #4654, #2827, #5150, #6503, #3317, #8330 ) ) ;
#5264 = DIRECTION ( 'NONE',  ( 0.7071067811865453523, 4.937700262164482567E-15, -0.7071067811865496822 ) ) ;
#5265 = AXIS2_PLACEMENT_3D ( 'NONE', #1469, #8183, #4834 ) ;
#5266 = VERTEX_POINT ( 'NONE', #10403 ) ;
#5267 = ORIENTED_EDGE ( 'NONE', *, *, #2560, .T. ) ;
#5268 = LINE ( 'NONE', #10554, #1001 ) ;
#5269 = VERTEX_POINT ( 'NONE', #243 ) ;
#5270 = CARTESIAN_POINT ( 'NONE',  ( -18.50000000000001066, -0.1965713497370425444, -0.3948117398770397690 ) ) ;
#5271 = CIRCLE ( 'NONE', #6040, 0.1999999999999999833 ) ;
#5272 = CIRCLE ( 'NONE', #3588, 4.784696352579026701 ) ;
#5273 = CARTESIAN_POINT ( 'NONE',  ( -10.00000000000009948, 2.925000000000001599, -2.499999999999840128 ) ) ;
#5274 = CARTESIAN_POINT ( 'NONE',  ( -1.055451613878203299, 0.6999999999999998446, 7.383175768593164712 ) ) ;
#5275 = ADVANCED_FACE ( 'NONE', ( #739 ), #9669, .T. ) ;
#5276 = CIRCLE ( 'NONE', #7533, 0.2000000000000000944 ) ;
#5277 = ADVANCED_FACE ( 'NONE', ( #6358 ), #7969, .F. ) ;
#5278 = VECTOR ( 'NONE', #5573, 1000.000000000000227 ) ;
#5279 = AXIS2_PLACEMENT_3D ( 'NONE', #1595, #1478, #593 ) ;
#5280 = VERTEX_POINT ( 'NONE', #7885 ) ;
#5281 = FACE_OUTER_BOUND ( 'NONE', #10343, .T. ) ;
#5282 = ORIENTED_EDGE ( 'NONE', *, *, #10463, .F. ) ;
#5283 = FACE_OUTER_BOUND ( 'NONE', #336, .T. ) ;
#5284 = CARTESIAN_POINT ( 'NONE',  ( 15.00000000000000178, 0.2000000000000000111, 0.000000000000000000 ) ) ;
#5285 = DIRECTION ( 'NONE',  ( -3.587854865286240571E-15, -3.491481338843207903E-15, -1.000000000000000000 ) ) ;
#5286 = CARTESIAN_POINT ( 'NONE',  ( -10.00000000000006395, 2.675000000000000266, 2.500000000000158540 ) ) ;
#5287 = AXIS2_PLACEMENT_3D ( 'NONE', #3962, #10284, #8020 ) ;
#5288 = VECTOR ( 'NONE', #7595, 1000.000000000000000 ) ;
#5289 = CARTESIAN_POINT ( 'NONE',  ( 15.00000000000000178, 0.2374999999999993783, -0.4500000000000001776 ) ) ;
#5290 = VERTEX_POINT ( 'NONE', #3710 ) ;
#5291 = VECTOR ( 'NONE', #8325, 1000.000000000000000 ) ;
#5292 = ORIENTED_EDGE ( 'NONE', *, *, #10065, .T. ) ;
#5293 = LINE ( 'NONE', #8838, #2787 ) ;
#5294 = EDGE_CURVE ( 'NONE', #10493, #7907, #8333, .T. ) ;
#5295 = ORIENTED_EDGE ( 'NONE', *, *, #2983, .F. ) ;
#5296 = DIRECTION ( 'NONE',  ( -0.6427876096865110522, -1.038526656440805629E-16, 0.7660444431190017722 ) ) ;
#5297 = CARTESIAN_POINT ( 'NONE',  ( 0.8857153729160095468, -0.8749999999999998890, 4.988113673195912590 ) ) ;
#5298 = DIRECTION ( 'NONE',  ( 1.000000000000000000, 1.703767317533210072E-17, -6.911138328291599464E-15 ) ) ;
#5299 = DIRECTION ( 'NONE',  ( 3.593523896253485142E-15, 3.491481338843207903E-15, 1.000000000000000000 ) ) ;
#5300 = CARTESIAN_POINT ( 'NONE',  ( 15.18775071981382041, -0.3628049323430355688, -0.6442317137856360398 ) ) ;
#5301 = DIRECTION ( 'NONE',  ( -1.043873890181425297E-14, -1.212737214708361298E-16, 1.000000000000000000 ) ) ;
#5302 = FACE_OUTER_BOUND ( 'NONE', #8753, .T. ) ;
#5303 = DIRECTION ( 'NONE',  ( -1.000000000000000000, -1.703767317533210072E-17, 6.911138328291599464E-15 ) ) ;
#5304 = ORIENTED_EDGE ( 'NONE', *, *, #8801, .F. ) ;
#5305 = ORIENTED_EDGE ( 'NONE', *, *, #8084, .T. ) ;
#5306 = ORIENTED_EDGE ( 'NONE', *, *, #2117, .T. ) ;
#5307 = ORIENTED_EDGE ( 'NONE', *, *, #664, .F. ) ;
#5308 = DIRECTION ( 'NONE',  ( -3.491481338843084446E-15, -3.491481338843206719E-15, -1.000000000000000000 ) ) ;
#5309 = DIRECTION ( 'NONE',  ( -1.703767317533126255E-17, 1.000000000000000000, 1.212737214708384717E-16 ) ) ;
#5310 = DIRECTION ( 'NONE',  ( 0.000000000000000000, 0.000000000000000000, 1.000000000000000000 ) ) ;
#5311 = DIRECTION ( 'NONE',  ( -1.000000000000000000, 0.000000000000000000, 6.938893903907226800E-15 ) ) ;
#5312 = VECTOR ( 'NONE', #2885, 1000.000000000000000 ) ;
#5313 = EDGE_LOOP ( 'NONE', ( #6583, #3876, #1198, #9986 ) ) ;
#5314 = EDGE_LOOP ( 'NONE', ( #2584, #4770, #2531, #2244, #3601, #1451 ) ) ;
#5315 = VERTEX_POINT ( 'NONE', #6284 ) ;
#5316 = EDGE_CURVE ( 'NONE', #9559, #4355, #2656, .T. ) ;
#5317 = B_SPLINE_CURVE_WITH_KNOTS ( 'NONE', 3,
 ( #602, #9241, #7458, #2386 ),
 .UNSPECIFIED., .F., .F.,
 ( 4, 4 ),
 ( -5.999999970854118527E-08, 0.0005137169247602197883 ),
 .UNSPECIFIED. ) ;
#5318 = CARTESIAN_POINT ( 'NONE',  ( -18.45138030200387647, 0.4454113971054414756, 0.4907047638173723247 ) ) ;
#5319 =( BOUNDED_SURFACE ( )  B_SPLINE_SURFACE ( 3, 2, ( 
 ( #10603, #10495, #8906 ),
 ( #2979, #6272, #6347 ),
 ( #1176, #4572, #262 ),
 ( #9654, #6238, #1130 ),
 ( #1253, #2042, #408 ),
 ( #7086, #1216, #7953 ) ),
 .UNSPECIFIED., .F., .F., .F. ) 
 B_SPLINE_SURFACE_WITH_KNOTS ( ( 4, 2, 4 ),
 ( 3, 3 ),
 ( 4.729842272904637213, 5.506513790042111722, 6.283185307179586232 ),
 ( 0.000000000000000000, 1.000000000000000000 ),
 .UNSPECIFIED. ) 
 GEOMETRIC_REPRESENTATION_ITEM ( )  RATIONAL_B_SPLINE_SURFACE ( (
 ( 1.000000000000000000, 0.7072144605741783607, 1.000000000000000000),
 ( 1.000000000000000000, 0.7088161666072583245, 1.000000000000000000),
 ( 1.000000000000000000, 0.7103814228864712144, 1.000000000000000000),
 ( 1.000000000000000000, 0.7126069373823075148, 1.000000000000000000),
 ( 1.000000000000000000, 0.7132609333993109590, 1.000000000000000000),
 ( 1.000000000000000000, 0.7132504491541815650, 1.000000000000000000) ) ) 
 REPRESENTATION_ITEM ( '' )  SURFACE ( )  );
#5320 = CARTESIAN_POINT ( 'NONE',  ( 0.6250000011593652705, 1.824000000000026933, 21.00100000600095385 ) ) ;
#5321 = CARTESIAN_POINT ( 'NONE',  ( -18.45095919821060804, 0.1058911515094951017, -0.5673072417146630686 ) ) ;
#5322 = ORIENTED_EDGE ( 'NONE', *, *, #1204, .F. ) ;
#5323 = EDGE_CURVE ( 'NONE', #10706, #3267, #7154, .T. ) ;
#5324 = ORIENTED_EDGE ( 'NONE', *, *, #3170, .T. ) ;
#5325 = EDGE_CURVE ( 'NONE', #6274, #9620, #9820, .T. ) ;
#5326 = ORIENTED_EDGE ( 'NONE', *, *, #3707, .F. ) ;
#5327 = CARTESIAN_POINT ( 'NONE',  ( -18.47177570897916610, -0.05070360512833971961, 0.4948300590698573309 ) ) ;
#5328 = ADVANCED_FACE ( 'NONE', ( #4383 ), #6609, .F. ) ;
#5329 = CARTESIAN_POINT ( 'NONE',  ( -0.1999999988406351292, 1.859000000000018193, 21.00100000600095740 ) ) ;
#5330 = DIRECTION ( 'NONE',  ( -0.9848077530122089085, 4.280128095951883120E-18, -0.1736481776669256127 ) ) ;
#5331 = ADVANCED_FACE ( 'NONE', ( #1564 ), #7518, .T. ) ;
#5332 = CARTESIAN_POINT ( 'NONE',  ( 16.75000000000000000, 0.3801383402170966930, 0.4706390865240330790 ) ) ;
#5333 = DIRECTION ( 'NONE',  ( -1.000000000000000000, 0.000000000000000000, 5.782411586589343045E-15 ) ) ;
#5334 = AXIS2_PLACEMENT_3D ( 'NONE', #3657, #4648, #8759 ) ;
#5335 = ORIENTED_EDGE ( 'NONE', *, *, #9352, .T. ) ;
#5336 = EDGE_CURVE ( 'NONE', #11033, #9939, #5293, .T. ) ;
#5337 = DIRECTION ( 'NONE',  ( -1.000000000000000000, 0.000000000000000000, 8.673617379884037050E-15 ) ) ;
#5338 = CIRCLE ( 'NONE', #495, 5.000000000000000888 ) ;
#5339 = CARTESIAN_POINT ( 'NONE',  ( 4.515733814363687593, -0.8163383348339605661, 4.988197064091928645 ) ) ;
#5340 = DIRECTION ( 'NONE',  ( -1.000000000000000000, -1.703767317532268061E-17, 6.911138328291599464E-15 ) ) ;
#5341 = VERTEX_POINT ( 'NONE', #1334 ) ;
#5342 = ORIENTED_EDGE ( 'NONE', *, *, #4939, .F. ) ;
#5343 = VECTOR ( 'NONE', #6450, 1000.000000000000000 ) ;
#5344 = DIRECTION ( 'NONE',  ( 6.911138328291599464E-15, -1.212737214708358339E-16, 1.000000000000000000 ) ) ;
#5345 = CARTESIAN_POINT ( 'NONE',  ( 13.19216333698674681, 1.925000000000000488, 6.034150635094603032 ) ) ;
#5346 = EDGE_CURVE ( 'NONE', #10997, #2005, #4104, .T. ) ;
#5347 = CARTESIAN_POINT ( 'NONE',  ( -18.45095237858399173, 0.1048622616168191080, 0.5667864871706621566 ) ) ;
#5348 = CARTESIAN_POINT ( 'NONE',  ( 15.01135975431038538, -0.5563452867787462841, -0.2696759783083124140 ) ) ;
#5349 = CARTESIAN_POINT ( 'NONE',  ( 0.8026875029094688863, -0.5289669386543263130, 4.633859953420380151 ) ) ;
#5350 = DIRECTION ( 'NONE',  ( 1.703767317533126255E-17, -1.000000000000000000, -1.212737214708384717E-16 ) ) ;
#5351 = AXIS2_PLACEMENT_3D ( 'NONE', #4485, #10437, #6259 ) ;
#5352 = VERTEX_POINT ( 'NONE', #4662 ) ;
#5353 = VERTEX_POINT ( 'NONE', #4721 ) ;
#5354 = VECTOR ( 'NONE', #11057, 1000.000000000000000 ) ;
#5355 = DIRECTION ( 'NONE',  ( -8.672296345945505012E-17, 0.01745240643728354982, -0.9998476951563912696 ) ) ;
#5356 = CONICAL_SURFACE ( 'NONE', #6615, 0.8000000000000001554, 0.1651486774146265768 ) ;
#5357 = DIRECTION ( 'NONE',  ( 0.000000000000000000, 0.000000000000000000, 1.000000000000000000 ) ) ;
#5358 = CARTESIAN_POINT ( 'NONE',  ( 0.3299999999999982392, 0.2000000000000000944, -7.293252277351547797 ) ) ;
#5359 = CARTESIAN_POINT ( 'NONE',  ( 9.999999999999966249, -0.6750000000000000444, 7.284696352579025813 ) ) ;
#5360 = DIRECTION ( 'NONE',  ( 0.000000000000000000, 0.000000000000000000, 1.000000000000000000 ) ) ;
#5361 = CARTESIAN_POINT ( 'NONE',  ( 18.50000000000000000, -0.04727668043419299554, 0.4912781730480664799 ) ) ;
#5362 = VERTEX_POINT ( 'NONE', #9823 ) ;
#5363 = CARTESIAN_POINT ( 'NONE',  ( 9.999999999999857891, 2.675000000000002043, -7.499999999999980460 ) ) ;
#5364 = ORIENTED_EDGE ( 'NONE', *, *, #2632, .T. ) ;
#5365 = CARTESIAN_POINT ( 'NONE',  ( -18.47681264345752083, -0.05196237805753005368, -0.4973126630096159073 ) ) ;
#5366 = EDGE_CURVE ( 'NONE', #3511, #7398, #9129, .T. ) ;
#5367 = DIRECTION ( 'NONE',  ( -1.703767317532184244E-17, 1.000000000000000000, 1.212737214708384470E-16 ) ) ;
#5368 = VECTOR ( 'NONE', #1116, 1000.000000000000000 ) ;
#5369 = LINE ( 'NONE', #9821, #6425 ) ;
#5370 = DIRECTION ( 'NONE',  ( 1.000000000000000000, 0.000000000000000000, -6.911138328291600253E-15 ) ) ;
#5371 = CARTESIAN_POINT ( 'NONE',  ( -7.499999999984071408, 1.704999999999870619, 0.5000000118043566033 ) ) ;
#5372 = ORIENTED_EDGE ( 'NONE', *, *, #5436, .T. ) ;
#5373 = EDGE_CURVE ( 'NONE', #11043, #10822, #4983, .T. ) ;
#5374 = CARTESIAN_POINT ( 'NONE',  ( 18.44992263913666619, -0.04860334875829092072, 0.4906875724859217081 ) ) ;
#5375 = DIRECTION ( 'NONE',  ( 1.000000000000000000, -0.000000000000000000, -0.000000000000000000 ) ) ;
#5376 = VERTEX_POINT ( 'NONE', #6394 ) ;
#5377 = CARTESIAN_POINT ( 'NONE',  ( -14.98466589161030349, -0.6784904812874564817, 2.499999999999965805 ) ) ;
#5378 = DIRECTION ( 'NONE',  ( 1.047444401652941269E-14, -1.000000000000000000, 3.491481338843170037E-15 ) ) ;
#5379 = EDGE_CURVE ( 'NONE', #5070, #10220, #2110, .T. ) ;
#5380 = LINE ( 'NONE', #1471, #6309 ) ;
#5381 = VECTOR ( 'NONE', #7514, 1000.000000000000000 ) ;
#5382 = ADVANCED_FACE ( 'NONE', ( #471 ), #8975, .T. ) ;
#5383 = ORIENTED_EDGE ( 'NONE', *, *, #8155, .F. ) ;
#5384 = DIRECTION ( 'NONE',  ( 1.000000000000000000, 1.047489704872263265E-14, -3.491475577288399989E-15 ) ) ;
#5385 = ORIENTED_EDGE ( 'NONE', *, *, #9999, .F. ) ;
#5386 = CARTESIAN_POINT ( 'NONE',  ( 3.125000001159366825, 1.605000000000055493, 21.50000000600094907 ) ) ;
#5387 = VERTEX_POINT ( 'NONE', #8913 ) ;
#5388 = B_SPLINE_CURVE_WITH_KNOTS ( 'NONE', 3,
 ( #4875, #1810, #5188, #4226, #5133, #7624, #2514, #5087, #5872, #1735, #10173, #6034, #804, #7667, #4390, #5054 ),
 .UNSPECIFIED., .F., .F.,
 ( 4, 3, 3, 3, 3, 4 ),
 ( 2.623781743926616744E-12, 1.678807746774057185E-05, 3.357613651861517036E-05, 5.036448853140983216E-05, 6.758093670562837310E-05, 7.826800165874954365E-05 ),
 .UNSPECIFIED. ) ;
#5389 = CARTESIAN_POINT ( 'NONE',  ( 10.79525750901549941, 2.925000000000001599, -0.8046251345474897398 ) ) ;
#5390 = EDGE_CURVE ( 'NONE', #3594, #907, #10889, .T. ) ;
#5391 = CARTESIAN_POINT ( 'NONE',  ( -15.01917204942392381, -0.5903585406905703659, -0.1402792923533724423 ) ) ;
#5392 = CARTESIAN_POINT ( 'NONE',  ( 0.5994823629497041395, -0.3470899668914452785, 6.499482362951157555 ) ) ;
#5393 = FACE_OUTER_BOUND ( 'NONE', #36, .T. ) ;
#5394 = EDGE_CURVE ( 'NONE', #1386, #4958, #9877, .T. ) ;
#5395 = LINE ( 'NONE', #10727, #7241 ) ;
#5396 = FACE_OUTER_BOUND ( 'NONE', #5442, .T. ) ;
#5397 = EDGE_CURVE ( 'NONE', #7155, #987, #9451, .T. ) ;
#5398 = CARTESIAN_POINT ( 'NONE',  ( 18.50000000000000000, 0.4414256684750798021, 0.4942231824008201380 ) ) ;
#5399 = ORIENTED_EDGE ( 'NONE', *, *, #1356, .T. ) ;
#5400 = PLANE ( 'NONE',  #10548 ) ;
#5401 = CARTESIAN_POINT ( 'NONE',  ( 2.300000001159364871, 1.859000000000044395, 21.00100000600095029 ) ) ;
#5402 = TOROIDAL_SURFACE ( 'NONE', #6603, 4.932310631748952012, 0.05999999999999999778 ) ;
#5403 = CARTESIAN_POINT ( 'NONE',  ( 18.50000000000000000, -0.04727668043419337718, -0.4912781730480662579 ) ) ;
#5404 = EDGE_CURVE ( 'NONE', #3995, #8091, #1028, .T. ) ;
#5405 = ORIENTED_EDGE ( 'NONE', *, *, #10957, .F. ) ;
#5406 = DIRECTION ( 'NONE',  ( 1.301042606982605321E-16, -1.000000000000000000, 0.000000000000000000 ) ) ;
#5407 = VECTOR ( 'NONE', #6162, 1000.000000000000000 ) ;
#5408 = ORIENTED_EDGE ( 'NONE', *, *, #10177, .T. ) ;
#5409 = CARTESIAN_POINT ( 'NONE',  ( -15.00000000000000000, 0.3129999999999997784, -0.3000000000000001554 ) ) ;
#5410 = VECTOR ( 'NONE', #10904, 1000.000000000000114 ) ;
#5411 = AXIS2_PLACEMENT_3D ( 'NONE', #9486, #6961, #8588 ) ;
#5412 = CARTESIAN_POINT ( 'NONE',  ( 1.875000001159348839, 1.859000000000024189, 16.50100000600095029 ) ) ;
#5413 = DIRECTION ( 'NONE',  ( -1.047444401652941269E-14, 1.000000000000000000, -3.491481338843170037E-15 ) ) ;
#5414 = CIRCLE ( 'NONE', #10048, 0.4500000000000010658 ) ;
#5415 = VECTOR ( 'NONE', #4886, 1000.000000000000114 ) ;
#5416 = LINE ( 'NONE', #884, #9399 ) ;
#5417 = ORIENTED_EDGE ( 'NONE', *, *, #3912, .F. ) ;
#5418 = CARTESIAN_POINT ( 'NONE',  ( -14.99993907342249422, 0.2034904812874566982, -0.9999756327838832393 ) ) ;
#5419 = ORIENTED_EDGE ( 'NONE', *, *, #5641, .F. ) ;
#5420 = CIRCLE ( 'NONE', #10116, 0.06000000000000015737 ) ;
#5421 = ORIENTED_EDGE ( 'NONE', *, *, #5067, .F. ) ;
#5422 = CARTESIAN_POINT ( 'NONE',  ( -1.120363379733031683, 1.866617243578028829, 7.420840657122007578 ) ) ;
#5423 = EDGE_CURVE ( 'NONE', #9234, #2860, #1850, .T. ) ;
#5424 = AXIS2_PLACEMENT_3D ( 'NONE', #1916, #7742, #170 ) ;
#5425 = VECTOR ( 'NONE', #6777, 1000.000000000000114 ) ;
#5426 = DIRECTION ( 'NONE',  ( 1.000000000000000000, -0.000000000000000000, -0.000000000000000000 ) ) ;
#5427 = ORIENTED_EDGE ( 'NONE', *, *, #5902, .F. ) ;
#5428 = TOROIDAL_SURFACE ( 'NONE', #6056, 4.749999999999999112, 0.2500000000000000000 ) ;
#5429 = ORIENTED_EDGE ( 'NONE', *, *, #10952, .T. ) ;
#5430 = VERTEX_POINT ( 'NONE', #3024 ) ;
#5431 = DIRECTION ( 'NONE',  ( 1.000000000000000000, 1.071446852809204623E-14, 0.000000000000000000 ) ) ;
#5432 = VERTEX_POINT ( 'NONE', #1193 ) ;
#5433 = CARTESIAN_POINT ( 'NONE',  ( -15.18463543064158294, -0.5055847700599308547, 0.3770280258276226260 ) ) ;
#5434 = DIRECTION ( 'NONE',  ( -1.047444401652941269E-14, 1.000000000000000000, -3.491481338843170037E-15 ) ) ;
#5435 = AXIS2_PLACEMENT_3D ( 'NONE', #6835, #10362, #2737 ) ;
#5436 = EDGE_CURVE ( 'NONE', #8755, #8144, #7538, .T. ) ;
#5437 = CIRCLE ( 'NONE', #1430, 0.4249999999999998224 ) ;
#5438 = CARTESIAN_POINT ( 'NONE',  ( -0.9999999988406591545, 1.704999999999985638, 13.87500000600095795 ) ) ;
#5439 = EDGE_LOOP ( 'NONE', ( #9175 ) ) ;
#5440 = ORIENTED_EDGE ( 'NONE', *, *, #7616, .T. ) ;
#5441 = EDGE_LOOP ( 'NONE', ( #9639, #6786, #4663, #7571 ) ) ;
#5442 = EDGE_LOOP ( 'NONE', ( #6182, #2106, #5611, #10370 ) ) ;
#5443 = DIRECTION ( 'NONE',  ( 0.01691988948807001542, 0.9998476951563911586, -0.004278297577732768225 ) ) ;
#5444 = DIRECTION ( 'NONE',  ( 0.000000000000000000, 0.000000000000000000, -1.000000000000000000 ) ) ;
#5445 = AXIS2_PLACEMENT_3D ( 'NONE', #3582, #5264, #1859 ) ;
#5446 = EDGE_LOOP ( 'NONE', ( #10052, #4759, #4081, #3179 ) ) ;
#5447 = DIRECTION ( 'NONE',  ( 0.000000000000000000, 1.000000000000000000, -0.000000000000000000 ) ) ;
#5448 = CARTESIAN_POINT ( 'NONE',  ( 18.50000000000001066, -0.1965713497370425444, -0.3948117398770397690 ) ) ;
#5449 = ADVANCED_FACE ( 'NONE', ( #2370 ), #310, .F. ) ;
#5450 = DIRECTION ( 'NONE',  ( -1.047444401652941269E-14, 1.000000000000000000, -3.491481338843170037E-15 ) ) ;
#5451 = ORIENTED_EDGE ( 'NONE', *, *, #7897, .T. ) ;
#5452 = DIRECTION ( 'NONE',  ( -1.000000000000000000, -0.000000000000000000, 8.673617379884069985E-17 ) ) ;
#5453 = CIRCLE ( 'NONE', #1799, 0.5000000000000004441 ) ;
#5454 = EDGE_CURVE ( 'NONE', #3382, #7453, #8082, .T. ) ;
#5455 = ORIENTED_EDGE ( 'NONE', *, *, #1049, .F. ) ;
#5456 = ORIENTED_EDGE ( 'NONE', *, *, #5235, .F. ) ;
#5457 = EDGE_CURVE ( 'NONE', #5099, #2164, #6099, .T. ) ;
#5458 =( BOUNDED_CURVE ( )  B_SPLINE_CURVE ( 3, ( #2322, #3052, #5594, #480 ),
 .UNSPECIFIED., .F., .F. ) 
 B_SPLINE_CURVE_WITH_KNOTS ( ( 4, 4 ),
 ( 3.632339849553219313, 4.705407961107015424 ),
 .UNSPECIFIED. ) 
 CURVE ( )  GEOMETRIC_REPRESENTATION_ITEM ( )  RATIONAL_B_SPLINE_CURVE ( ( 1.000000000000000000, 0.9063236618287560109, 0.9063236618287560109, 1.000000000000000000 ) ) 
 REPRESENTATION_ITEM ( '' )  );
#5459 = CARTESIAN_POINT ( 'NONE',  ( 14.99999999999999822, -0.06450000000000066791, -0.4500000000000000666 ) ) ;
#5460 = ORIENTED_EDGE ( 'NONE', *, *, #6233, .T. ) ;
#5461 = CARTESIAN_POINT ( 'NONE',  ( 1.910000000000000142, 0.6999999999999999556, 5.397140087336556036 ) ) ;
#5462 = DIRECTION ( 'NONE',  ( -1.703767317533126255E-17, 1.000000000000000000, 1.212737214708384717E-16 ) ) ;
#5463 = CARTESIAN_POINT ( 'NONE',  ( 0.8076985065402110253, -0.8160471443862370444, 6.507728967510386653 ) ) ;
#5464 = EDGE_CURVE ( 'NONE', #107, #5353, #4641, .T. ) ;
#5465 = ORIENTED_EDGE ( 'NONE', *, *, #5346, .F. ) ;
#5466 = CARTESIAN_POINT ( 'NONE',  ( 7.500000000000000000, 0.6999999999999999556, 2.030563360842449150 ) ) ;
#5467 = CARTESIAN_POINT ( 'NONE',  ( 14.97654582175201377, -0.7324306967410727509, 0.1638556274218208597 ) ) ;
#5468 = CARTESIAN_POINT ( 'NONE',  ( 1.461096144062474567, 0.6999999999999999556, 5.291297657023427803 ) ) ;
#5469 = CARTESIAN_POINT ( 'NONE',  ( 1.786052980656368305, 1.925000000000000044, 6.865269726311645115 ) ) ;
#5470 = DIRECTION ( 'NONE',  ( 0.000000000000000000, 0.000000000000000000, -1.000000000000000000 ) ) ;
#5471 = LINE ( 'NONE', #5730, #6518 ) ;
#5472 = EDGE_CURVE ( 'NONE', #9715, #9839, #2774, .T. ) ;
#5473 = PERSON_AND_ORGANIZATION ( #9160, #4030 ) ;
#5474 = AXIS2_PLACEMENT_3D ( 'NONE', #6479, #6406, #9871 ) ;
#5475 = ORIENTED_EDGE ( 'NONE', *, *, #2117, .F. ) ;
#5476 = DIRECTION ( 'NONE',  ( 1.000000000000000000, 1.071446852809204623E-14, 0.000000000000000000 ) ) ;
#5477 = CARTESIAN_POINT ( 'NONE',  ( -14.91092817721188091, 1.925000000000000266, 2.499999999999966249 ) ) ;
#5478 = ORIENTED_EDGE ( 'NONE', *, *, #5661, .T. ) ;
#5479 = CARTESIAN_POINT ( 'NONE',  ( 15.02167569329021823, 0.2000000000000000389, 0.8954901766853271550 ) ) ;
#5480 = CARTESIAN_POINT ( 'NONE',  ( 12.85975103337099945, 2.825000000000001954, -5.403109303582688483 ) ) ;
#5481 = CARTESIAN_POINT ( 'NONE',  ( -13.21716333698683066, 1.925000000000000044, 5.509150635094787418 ) ) ;
#5482 = CARTESIAN_POINT ( 'NONE',  ( 12.33631939038325065, 1.925000000000000488, 5.927111132420260553 ) ) ;
#5483 = CIRCLE ( 'NONE', #7629, 0.4500000000000007327 ) ;
#5484 = CARTESIAN_POINT ( 'NONE',  ( -12.96971331686216899, 2.925000000000000711, -0.2165063509459207447 ) ) ;
#5485 = AXIS2_PLACEMENT_3D ( 'NONE', #8909, #4684, #5384 ) ;
#5486 = ORIENTED_EDGE ( 'NONE', *, *, #4073, .T. ) ;
#5487 = DIRECTION ( 'NONE',  ( -1.703767317533126255E-17, 1.000000000000000000, 1.212737214708384717E-16 ) ) ;
#5488 = AXIS2_PLACEMENT_3D ( 'NONE', #5518, #7289, #3796 ) ;
#5489 = DIRECTION ( 'NONE',  ( 0.000000000000000000, 0.000000000000000000, 1.000000000000000000 ) ) ;
#5490 = CIRCLE ( 'NONE', #4664, 0.7999999999999999334 ) ;
#5491 = CARTESIAN_POINT ( 'NONE',  ( 4.035187601915911415, -0.8749999999999882316, 4.510480636408335187 ) ) ;
#5492 = ADVANCED_FACE ( 'NONE', ( #3593 ), #4095, .F. ) ;
#5493 = ORIENTED_EDGE ( 'NONE', *, *, #7714, .F. ) ;
#5494 = AXIS2_PLACEMENT_3D ( 'NONE', #7748, #3415, #4427 ) ;
#5495 = CARTESIAN_POINT ( 'NONE',  ( 0.8396753124043722094, -0.8749999999999998890, 6.643431751881630376 ) ) ;
#5496 = EDGE_CURVE ( 'NONE', #8615, #8785, #10371, .T. ) ;
#5497 = LINE ( 'NONE', #9624, #9763 ) ;
#5498 = DIRECTION ( 'NONE',  ( -1.000000000000000000, 0.000000000000000000, 6.938893903907222067E-15 ) ) ;
#5499 = CARTESIAN_POINT ( 'NONE',  ( 15.18395522482909854, -0.5367556695535536937, 0.3186936038612707689 ) ) ;
#5500 = CARTESIAN_POINT ( 'NONE',  ( 18.50000000000000355, -0.07422742800507529937, 0.5337906729280591511 ) ) ;
#5501 = LINE ( 'NONE', #3666, #5751 ) ;
#5502 = DIRECTION ( 'NONE',  ( -0.9848077530122105738, -3.783779336864092810E-17, 0.1736481776669160093 ) ) ;
#5503 = ORIENTED_EDGE ( 'NONE', *, *, #6781, .F. ) ;
#5504 = VERTEX_POINT ( 'NONE', #5105 ) ;
#5505 = DIRECTION ( 'NONE',  ( 3.675084932752697443E-15, 3.491481338843208691E-15, 1.000000000000000000 ) ) ;
#5506 = CARTESIAN_POINT ( 'NONE',  ( -18.50000000000000000, 0.5665814585324204788, 0.4842494383794106461 ) ) ;
#5507 = CYLINDRICAL_SURFACE ( 'NONE', #2501, 0.2000000000000005107 ) ;
#5508 = CARTESIAN_POINT ( 'NONE',  ( -18.45261046620153067, 0.5356976353876780061, 0.4439982725379590378 ) ) ;
#5509 = CC_DESIGN_PERSON_AND_ORGANIZATION_ASSIGNMENT ( #8791, #3249, ( #3241 ) ) ;
#5510 = VECTOR ( 'NONE', #4912, 1000.000000000000114 ) ;
#5511 = CARTESIAN_POINT ( 'NONE',  ( 3.825147539698036336, -0.3750000000000000000, 4.453172686845912942 ) ) ;
#5512 = VERTEX_POINT ( 'NONE', #2449 ) ;
#5513 = CARTESIAN_POINT ( 'NONE',  ( 0.9919033010572743114, 0.6999999999999999556, 7.383175768593164712 ) ) ;
#5514 = EDGE_LOOP ( 'NONE', ( #4677, #9344, #7918, #10432 ) ) ;
#5515 = CARTESIAN_POINT ( 'NONE',  ( 10.44133578840934007, 2.825000000000001066, -1.706729500469176708 ) ) ;
#5516 = ORIENTED_EDGE ( 'NONE', *, *, #6119, .F. ) ;
#5517 = FACE_OUTER_BOUND ( 'NONE', #10609, .T. ) ;
#5518 = CARTESIAN_POINT ( 'NONE',  ( 7.500000000000000000, 0.6999999999999999556, 0.03709201297246063345 ) ) ;
#5519 = LINE ( 'NONE', #8869, #6694 ) ;
#5520 = ORIENTED_EDGE ( 'NONE', *, *, #9455, .F. ) ;
#5521 = DIRECTION ( 'NONE',  ( -1.000000000000000000, -1.040834085586083310E-14, 3.469446951953611033E-15 ) ) ;
#5522 = ORIENTED_EDGE ( 'NONE', *, *, #166, .T. ) ;
#5523 = CARTESIAN_POINT ( 'NONE',  ( 3.815724889265108555, -0.8749999999999998890, 4.459959788988760998 ) ) ;
#5524 = EDGE_CURVE ( 'NONE', #7693, #7051, #2496, .T. ) ;
#5525 = ORIENTED_EDGE ( 'NONE', *, *, #1506, .F. ) ;
#5526 = FACE_OUTER_BOUND ( 'NONE', #3407, .T. ) ;
#5527 = ORIENTED_EDGE ( 'NONE', *, *, #2465, .T. ) ;
#5528 = VECTOR ( 'NONE', #3076, 1000.000000000000000 ) ;
#5529 = CIRCLE ( 'NONE', #10824, 0.9690474040684478041 ) ;
#5530 = DIRECTION ( 'NONE',  ( -6.392655045393567569E-15, 6.505213034913082613E-15, -1.000000000000000000 ) ) ;
#5531 = EDGE_CURVE ( 'NONE', #10334, #10445, #8994, .T. ) ;
#5532 = CARTESIAN_POINT ( 'NONE',  ( -14.99995520780321812, 0.1974338567651746645, -2.504622847218116455 ) ) ;
#5533 = DIRECTION ( 'NONE',  ( 0.01744974916068272111, 0.9996954598818874604, -0.01744974916068271764 ) ) ;
#5534 = CARTESIAN_POINT ( 'NONE',  ( -15.19990861245377367, 0.2055847700599313377, 0.7999805062271069245 ) ) ;
#5535 = DIRECTION ( 'NONE',  ( -0.01745240643728354982, 0.9998476951563911586, 0.000000000000000000 ) ) ;
#5536 = CARTESIAN_POINT ( 'NONE',  ( -15.19990861245377367, 0.2055847700599307826, 0.7999805062271065914 ) ) ;
#5537 = CARTESIAN_POINT ( 'NONE',  ( 7.499999999999992895, 1.904000000000026116, -4.857225732735059864E-14 ) ) ;
#5538 = FACE_OUTER_BOUND ( 'NONE', #749, .T. ) ;
#5539 = FACE_OUTER_BOUND ( 'NONE', #7179, .T. ) ;
#5540 = VERTEX_POINT ( 'NONE', #8454 ) ;
#5541 = CIRCLE ( 'NONE', #1627, 0.06000000000000010186 ) ;
#5542 = ORIENTED_EDGE ( 'NONE', *, *, #6332, .F. ) ;
#5543 = LINE ( 'NONE', #1215, #1698 ) ;
#5544 = CARTESIAN_POINT ( 'NONE',  ( -1.041101428069773460, 1.878094153971826774, -7.470708757586759674 ) ) ;
#5545 = PLANE ( 'NONE',  #8959 ) ;
#5546 = DIRECTION ( 'NONE',  ( -1.047444401652941269E-14, 1.000000000000000000, -3.491481338843170037E-15 ) ) ;
#5547 = EDGE_CURVE ( 'NONE', #8461, #10997, #10084, .T. ) ;
#5548 = DIRECTION ( 'NONE',  ( 0.000000000000000000, -0.9998476951563911586, 0.01745240643728354982 ) ) ;
#5549 = CARTESIAN_POINT ( 'NONE',  ( 14.91092817721188446, 1.865000000000000435, 2.499999999999963141 ) ) ;
#5550 = LINE ( 'NONE', #6312, #3290 ) ;
#5551 = AXIS2_PLACEMENT_3D ( 'NONE', #5846, #5019, #5735 ) ;
#5552 = CARTESIAN_POINT ( 'NONE',  ( -0.9805633608424482173, 0.6999999999999999556, 0.03709201297246063345 ) ) ;
#5553 = VERTEX_POINT ( 'NONE', #8345 ) ;
#5554 = FACE_OUTER_BOUND ( 'NONE', #793, .T. ) ;
#5555 = ORIENTED_EDGE ( 'NONE', *, *, #6142, .T. ) ;
#5556 = VECTOR ( 'NONE', #3751, 1000.000000000000114 ) ;
#5557 = ORIENTED_EDGE ( 'NONE', *, *, #7256, .F. ) ;
#5558 = DIRECTION ( 'NONE',  ( 0.000000000000000000, -0.000000000000000000, 1.000000000000000000 ) ) ;
#5559 = DIRECTION ( 'NONE',  ( -1.000000000000000000, 0.000000000000000000, 1.349229370204180070E-14 ) ) ;
#5560 = AXIS2_PLACEMENT_3D ( 'NONE', #1403, #491, #7333 ) ;
#5561 = CARTESIAN_POINT ( 'NONE',  ( 1.147089537091676492, 1.925000000000000266, 7.448745994021202854 ) ) ;
#5562 = DIRECTION ( 'NONE',  ( -6.911138328291599464E-15, 1.212737214708358339E-16, -1.000000000000000000 ) ) ;
#5563 = CYLINDRICAL_SURFACE ( 'NONE', #771, 0.3254362312903775756 ) ;
#5564 = VERTEX_POINT ( 'NONE', #2567 ) ;
#5565 = CARTESIAN_POINT ( 'NONE',  ( -2.618646230599907643, 1.925000000000000044, 6.634968689018305277 ) ) ;
#5566 = ORIENTED_EDGE ( 'NONE', *, *, #10582, .F. ) ;
#5567 = VERTEX_POINT ( 'NONE', #6665 ) ;
#5568 = EDGE_CURVE ( 'NONE', #4537, #4539, #1299, .T. ) ;
#5569 = ORIENTED_EDGE ( 'NONE', *, *, #1763, .F. ) ;
#5570 = DIRECTION ( 'NONE',  ( 1.000000000000000000, 1.301042606982605321E-16, -0.000000000000000000 ) ) ;
#5571 = LINE ( 'NONE', #8323, #7971 ) ;
#5572 = CARTESIAN_POINT ( 'NONE',  ( 9.502000075373645771, 2.925000000000001599, -5.402965055624975754 ) ) ;
#5573 = DIRECTION ( 'NONE',  ( 2.270632436928339631E-18, 0.9998476951563911586, 0.01745240643728354982 ) ) ;
#5574 = VERTEX_POINT ( 'NONE', #4136 ) ;
#5575 = AXIS2_PLACEMENT_3D ( 'NONE', #5194, #7904, #6234 ) ;
#5576 = ORIENTED_EDGE ( 'NONE', *, *, #967, .F. ) ;
#5577 = CARTESIAN_POINT ( 'NONE',  ( 4.523365746515050745, -0.3750000000000000555, 4.981896303237302703 ) ) ;
#5578 = ORIENTED_EDGE ( 'NONE', *, *, #9071, .F. ) ;
#5579 = EDGE_CURVE ( 'NONE', #3954, #6553, #9265, .T. ) ;
#5580 = CARTESIAN_POINT ( 'NONE',  ( -3.124999998840652271, 1.604999999999970672, 16.00000000600096683 ) ) ;
#5581 = CARTESIAN_POINT ( 'NONE',  ( -18.45619708803532433, 0.7446717550061506818, 0.1010379688575616108 ) ) ;
#5582 = ORIENTED_EDGE ( 'NONE', *, *, #2236, .F. ) ;
#5583 = CARTESIAN_POINT ( 'NONE',  ( -1.449999998840696414, 1.903999999999947734, 4.426800006000958021 ) ) ;
#5584 = CARTESIAN_POINT ( 'NONE',  ( 4.599999999998543032, -0.3750000000000000000, 6.699999999999997513 ) ) ;
#5585 = DIRECTION ( 'NONE',  ( -1.703767317533126255E-17, 1.000000000000000000, 1.212737214708384717E-16 ) ) ;
#5586 = CARTESIAN_POINT ( 'NONE',  ( 1.703230273688390639, 1.925000000000000044, 6.665300187280368327 ) ) ;
#5587 = EDGE_CURVE ( 'NONE', #6008, #6008, #3028, .T. ) ;
#5588 = VERTEX_POINT ( 'NONE', #3349 ) ;
#5589 = ORIENTED_EDGE ( 'NONE', *, *, #10716, .F. ) ;
#5590 = EDGE_CURVE ( 'NONE', #4926, #4926, #8879, .T. ) ;
#5591 = CARTESIAN_POINT ( 'NONE',  ( 15.19382072505188574, -0.08460463859407219012, -0.7615692224395940180 ) ) ;
#5592 = PLANE ( 'NONE',  #5474 ) ;
#5593 = CARTESIAN_POINT ( 'NONE',  ( 15.00000000000000000, -0.1400000000000001243, -0.1500000000000001887 ) ) ;
#5594 = CARTESIAN_POINT ( 'NONE',  ( -14.99337621118437980, -0.1794766070969269489, -0.9973508237516315322 ) ) ;
#5595 = ORIENTED_EDGE ( 'NONE', *, *, #8005, .T. ) ;
#5596 = EDGE_CURVE ( 'NONE', #3489, #8464, #719, .T. ) ;
#5597 = ADVANCED_FACE ( 'NONE', ( #2767 ), #9417, .T. ) ;
#5598 = CARTESIAN_POINT ( 'NONE',  ( 18.49999999999999645, 0.4710224130863648329, -0.5337924138730323342 ) ) ;
#5599 = FACE_OUTER_BOUND ( 'NONE', #5899, .T. ) ;
#5600 = EDGE_CURVE ( 'NONE', #5060, #5099, #1013, .T. ) ;
#5601 = DATE_AND_TIME ( #388, #517 ) ;
#5602 = CARTESIAN_POINT ( 'NONE',  ( -0.9999999988406678142, 1.704999999999978311, 11.75000000600095973 ) ) ;
#5603 = ORIENTED_EDGE ( 'NONE', *, *, #1532, .T. ) ;
#5604 = VERTEX_POINT ( 'NONE', #9233 ) ;
#5605 = DIRECTION ( 'NONE',  ( -1.000000000000000000, 0.000000000000000000, 0.000000000000000000 ) ) ;
#5606 = EDGE_CURVE ( 'NONE', #1437, #2046, #9530, .T. ) ;
#5607 = VECTOR ( 'NONE', #2876, 1000.000000000000227 ) ;
#5608 = AXIS2_PLACEMENT_3D ( 'NONE', #3610, #7777, #8636 ) ;
#5609 = DIRECTION ( 'NONE',  ( 0.9998476951563912696, -0.01745240643728512842, -8.673617379884032317E-15 ) ) ;
#5610 = CARTESIAN_POINT ( 'NONE',  ( -18.14999999999999858, -0.5999999999999998668, 0.000000000000000000 ) ) ;
#5611 = ORIENTED_EDGE ( 'NONE', *, *, #8564, .F. ) ;
#5612 = CARTESIAN_POINT ( 'NONE',  ( 0.3300000000000000711, 1.865000000000000435, -7.543252277351548685 ) ) ;
#5613 = AXIS2_PLACEMENT_3D ( 'NONE', #140, #7786, #6931 ) ;
#5614 = ORIENTED_EDGE ( 'NONE', *, *, #7159, .T. ) ;
#5615 = LINE ( 'NONE', #4258, #9488 ) ;
#5616 = VECTOR ( 'NONE', #3505, 1000.000000000000000 ) ;
#5617 = CARTESIAN_POINT ( 'NONE',  ( 15.18612609371429478, -0.4372647459039898932, -0.5048847506128461005 ) ) ;
#5618 = CARTESIAN_POINT ( 'NONE',  ( 11.73207028027912102, 2.925000000000001599, -4.327032419940928243 ) ) ;
#5619 = CARTESIAN_POINT ( 'NONE',  ( 10.00000000000000178, -0.8149999999999999467, 2.499999999999999556 ) ) ;
#5620 = VERTEX_POINT ( 'NONE', #3386 ) ;
#5621 = DIRECTION ( 'NONE',  ( 0.000000000000000000, -0.01745240643728341798, -0.9998476951563911586 ) ) ;
#5622 = EDGE_LOOP ( 'NONE', ( #8305, #891, #1249, #6228 ) ) ;
#5623 = DIRECTION ( 'NONE',  ( 0.000000000000000000, 0.000000000000000000, -1.000000000000000000 ) ) ;
#5624 = LINE ( 'NONE', #28, #10964 ) ;
#5625 = LINE ( 'NONE', #5466, #970 ) ;
#5626 = AXIS2_PLACEMENT_3D ( 'NONE', #10868, #1527, #4825 ) ;
#5627 = CARTESIAN_POINT ( 'NONE',  ( -0.9860054847687163004, 1.123254759356271615, 6.591421356237405327 ) ) ;
#5628 = ORIENTED_EDGE ( 'NONE', *, *, #8412, .T. ) ;
#5629 = VERTEX_POINT ( 'NONE', #2487 ) ;
#5630 = EDGE_CURVE ( 'NONE', #6945, #6945, #9805, .T. ) ;
#5631 = DIRECTION ( 'NONE',  ( -0.000000000000000000, -1.000000000000000000, 0.000000000000000000 ) ) ;
#5632 = LINE ( 'NONE', #4913, #1113 ) ;
#5633 = CIRCLE ( 'NONE', #530, 0.4200000000000002620 ) ;
#5634 = VERTEX_POINT ( 'NONE', #5033 ) ;
#5635 = VERTEX_POINT ( 'NONE', #7597 ) ;
#5636 = DIRECTION ( 'NONE',  ( -1.703767317533126255E-17, 1.000000000000000000, 1.212737214708384717E-16 ) ) ;
#5637 = ORIENTED_EDGE ( 'NONE', *, *, #303, .F. ) ;
#5638 = CARTESIAN_POINT ( 'NONE',  ( -18.45576051730581923, 0.7156718085466543533, 0.2015437903191092672 ) ) ;
#5639 =( BOUNDED_SURFACE ( )  B_SPLINE_SURFACE ( 3, 2, ( 
 ( #147, #10226, #7796 ),
 ( #7633, #10270, #860 ),
 ( #9471, #9435, #1740 ),
 ( #8648, #3586, #117 ),
 ( #6045, #5145, #3420 ),
 ( #2649, #7753, #9343 ),
 ( #9499, #4435, #35 ),
 ( #10341, #6775, #911 ),
 ( #1703, #6859, #1782 ),
 ( #944, #5098, #4356 ),
 ( #10301, #4400, #6907 ),
 ( #1819, #2690, #6091 ) ),
 .UNSPECIFIED., .F., .F., .F. ) 
 B_SPLINE_SURFACE_WITH_KNOTS ( ( 4, 2, 2, 2, 2, 4 ),
 ( 3, 3 ),
 ( 0.001986725537922357648, 0.002316655075012418515, 0.002646584612102479382, 0.002811549380647509599, 0.002976514149192539815, 0.003306443686282600682 ),
 ( 0.000000000000000000, 1.000000000000000000 ),
 .UNSPECIFIED. ) 
 GEOMETRIC_REPRESENTATION_ITEM ( )  RATIONAL_B_SPLINE_SURFACE ( (
 ( 1.000000000000000000, 0.7162903811063870974, 1.000000000000000000),
 ( 1.000000000000000000, 0.7262505473245886023, 1.000000000000000000),
 ( 1.000000000000000000, 0.7349386926638529216, 1.000000000000000000),
 ( 1.000000000000000000, 0.7466089384458142186, 1.000000000000000000),
 ( 1.000000000000000000, 0.7496224179033919022, 1.000000000000000000),
 ( 1.000000000000000000, 0.7496362061077495031, 1.000000000000000000),
 ( 1.000000000000000000, 0.7488311008975513383, 1.000000000000000000),
 ( 1.000000000000000000, 0.7459288205926667414, 1.000000000000000000),
 ( 1.000000000000000000, 0.7437929549693258480, 1.000000000000000000),
 ( 1.000000000000000000, 0.7351204251120898592, 1.000000000000000000),
 ( 1.000000000000000000, 0.7265019218157837688, 1.000000000000000000),
 ( 1.000000000000000000, 0.7162761091832164917, 1.000000000000000000) ) ) 
 REPRESENTATION_ITEM ( '' )  SURFACE ( )  );
#5640 = DIRECTION ( 'NONE',  ( 0.000000000000000000, 1.000000000000000000, -0.000000000000000000 ) ) ;
#5641 = EDGE_CURVE ( 'NONE', #4708, #3333, #592, .T. ) ;
#5642 = CARTESIAN_POINT ( 'NONE',  ( -18.45138030200387647, 0.4454113971054414756, -0.4907047638173724358 ) ) ;
#5643 = LINE ( 'NONE', #2499, #3687 ) ;
#5644 = CARTESIAN_POINT ( 'NONE',  ( 18.44999999999999929, 0.2000000000000001499, -0.8000000000000000444 ) ) ;
#5645 = CARTESIAN_POINT ( 'NONE',  ( 2.300000001159364871, 1.859000000000044395, 21.00100000600095029 ) ) ;
#5646 = LINE ( 'NONE', #8145, #2200 ) ;
#5647 = EDGE_CURVE ( 'NONE', #10633, #4260, #8462, .T. ) ;
#5648 = CARTESIAN_POINT ( 'NONE',  ( 1.149999999999993028, 1.903999999999962389, 0.7499999999999763522 ) ) ;
#5649 = VECTOR ( 'NONE', #5041, 1000.000000000000000 ) ;
#5650 = VERTEX_POINT ( 'NONE', #9393 ) ;
#5651 = CARTESIAN_POINT ( 'NONE',  ( 14.99762519248711357, 0.06394736869711588334, -0.8015300054296403687 ) ) ;
#5652 = CARTESIAN_POINT ( 'NONE',  ( -15.00000000000000000, -0.1400000000000001243, -0.07500000000000010825 ) ) ;
#5653 = DIRECTION ( 'NONE',  ( 0.000000000000000000, 1.000000000000000000, -0.000000000000000000 ) ) ;
#5654 = FACE_OUTER_BOUND ( 'NONE', #10483, .T. ) ;
#5655 = ORIENTED_EDGE ( 'NONE', *, *, #5524, .F. ) ;
#5656 = CARTESIAN_POINT ( 'NONE',  ( 6.403884166520857837E-16, 0.5900000000000000799, 7.383175768593164712 ) ) ;
#5657 = VECTOR ( 'NONE', #4402, 1000.000000000000000 ) ;
#5658 = ORIENTED_EDGE ( 'NONE', *, *, #76, .F. ) ;
#5659 = LINE ( 'NONE', #9848, #2882 ) ;
#5660 = CARTESIAN_POINT ( 'NONE',  ( -9.999999999999998224, 0.1999999999999999833, 2.499999999999999556 ) ) ;
#5661 = EDGE_CURVE ( 'NONE', #5099, #1402, #5420, .T. ) ;
#5662 = LINE ( 'NONE', #7192, #7945 ) ;
#5663 = FACE_OUTER_BOUND ( 'NONE', #1337, .T. ) ;
#5664 = CARTESIAN_POINT ( 'NONE',  ( 18.49999999999999645, -0.05197128988458526999, -0.4889247529050019248 ) ) ;
#5665 = CYLINDRICAL_SURFACE ( 'NONE', #2442, 1.753994140719112638 ) ;
#5666 = EDGE_CURVE ( 'NONE', #8380, #8380, #3970, .T. ) ;
#5667 = ORIENTED_EDGE ( 'NONE', *, *, #7455, .T. ) ;
#5668 = CARTESIAN_POINT ( 'NONE',  ( -3.124999998840654047, 1.823999999999970756, 16.00000000600096683 ) ) ;
#5669 = FACE_OUTER_BOUND ( 'NONE', #9154, .T. ) ;
#5670 = ORIENTED_EDGE ( 'NONE', *, *, #7443, .T. ) ;
#5671 = FACE_BOUND ( 'NONE', #5816, .T. ) ;
#5672 = CARTESIAN_POINT ( 'NONE',  ( -0.8999999999840611054, 1.704999999999947669, 2.726800013608019047 ) ) ;
#5673 = AXIS2_PLACEMENT_3D ( 'NONE', #4826, #3001, #10688 ) ;
#5674 = ORIENTED_EDGE ( 'NONE', *, *, #133, .F. ) ;
#5675 = VECTOR ( 'NONE', #928, 1000.000000000000114 ) ;
#5676 = AXIS2_PLACEMENT_3D ( 'NONE', #9776, #4542, #7092 ) ;
#5677 = CARTESIAN_POINT ( 'NONE',  ( -6.505213034913051256E-16, 0.2000000000000000111, -7.500000000000000000 ) ) ;
#5678 = VERTEX_POINT ( 'NONE', #2764 ) ;
#5679 = CIRCLE ( 'NONE', #10364, 4.910928177211882684 ) ;
#5680 = EDGE_LOOP ( 'NONE', ( #8655, #5949, #4808, #11009 ) ) ;
#5681 = ORIENTED_EDGE ( 'NONE', *, *, #2310, .T. ) ;
#5682 = CARTESIAN_POINT ( 'NONE',  ( -12.96971331686217255, 2.825000000000000622, -0.2165063509459302926 ) ) ;
#5683 = ORIENTED_EDGE ( 'NONE', *, *, #2614, .T. ) ;
#5684 = CARTESIAN_POINT ( 'NONE',  ( -0.4983611092177781532, 1.925000000000000266, 5.901730273688523098 ) ) ;
#5685 = CARTESIAN_POINT ( 'NONE',  ( -18.50000000000000711, 0.7940526949108490662, -0.05643595449545377868 ) ) ;
#5686 = CARTESIAN_POINT ( 'NONE',  ( 0.7086068515431787063, 0.2000000000000000111, -7.500000000000000000 ) ) ;
#5687 = CARTESIAN_POINT ( 'NONE',  ( -0.9919033010572734232, 0.5900000000000000799, 7.383175768593164712 ) ) ;
#5688 = AXIS2_PLACEMENT_3D ( 'NONE', #9436, #10999, #2484 ) ;
#5689 = CARTESIAN_POINT ( 'NONE',  ( -1.703543823278584224, 1.925000000000000044, 7.057761593811342493 ) ) ;
#5690 = CYLINDRICAL_SURFACE ( 'NONE', #2020, 0.5000000000000004441 ) ;
#5691 = ORIENTED_EDGE ( 'NONE', *, *, #2556, .F. ) ;
#5692 = ORIENTED_EDGE ( 'NONE', *, *, #5336, .F. ) ;
#5693 = VERTEX_POINT ( 'NONE', #1744 ) ;
#5694 = VERTEX_POINT ( 'NONE', #6944 ) ;
#5695 = ORIENTED_EDGE ( 'NONE', *, *, #10302, .F. ) ;
#5696 = CARTESIAN_POINT ( 'NONE',  ( 14.99999999999989519, 2.675000000000001599, -2.500000000000014211 ) ) ;
#5697 = CARTESIAN_POINT ( 'NONE',  ( 1.584045087257837325, -0.8160471443862370444, 4.458956801675582504 ) ) ;
#5698 = CARTESIAN_POINT ( 'NONE',  ( -18.50000000000121148, 0.1035737757541403958, 0.5672183404108622762 ) ) ;
#5699 = AXIS2_PLACEMENT_3D ( 'NONE', #2345, #4035, #3221 ) ;
#5700 = CARTESIAN_POINT ( 'NONE',  ( 0.8860207152529198105, 1.025000000000001688, -4.327032419940852748 ) ) ;
#5701 = ORIENTED_EDGE ( 'NONE', *, *, #4856, .F. ) ;
#5702 = DIRECTION ( 'NONE',  ( 0.9991954978177245428, 0.03833390130050166184, -0.01178427561936250603 ) ) ;
#5703 = EDGE_CURVE ( 'NONE', #3342, #4760, #1424, .T. ) ;
#5704 = FACE_OUTER_BOUND ( 'NONE', #8064, .T. ) ;
#5705 = ORIENTED_EDGE ( 'NONE', *, *, #4323, .T. ) ;
#5706 = AXIS2_PLACEMENT_3D ( 'NONE', #5864, #6065, #6958 ) ;
#5707 = EDGE_LOOP ( 'NONE', ( #2414 ) ) ;
#5708 = CARTESIAN_POINT ( 'NONE',  ( -3.871576792173712089, 1.903999999999917758, 3.065460002515413951 ) ) ;
#5709 = ORIENTED_EDGE ( 'NONE', *, *, #7220, .F. ) ;
#5710 = CARTESIAN_POINT ( 'NONE',  ( 4.009912287855099677, -0.8750000000000000000, 4.564986957461733219 ) ) ;
#5711 = CARTESIAN_POINT ( 'NONE',  ( -18.49999999999999645, 0.4609096757906119279, -0.5389635501329970158 ) ) ;
#5712 = CARTESIAN_POINT ( 'NONE',  ( -13.16368060961678488, 1.925000000000001377, -5.927111132420072259 ) ) ;
#5713 = CARTESIAN_POINT ( 'NONE',  ( 15.19698066808355641, 0.06022177344187899101, 0.8009226147744694657 ) ) ;
#5714 = DIRECTION ( 'NONE',  ( -0.5000000000000194289, 9.650728701755963672E-17, -0.8660254037844273833 ) ) ;
#5715 = EDGE_CURVE ( 'NONE', #4908, #6619, #5933, .T. ) ;
#5716 = CARTESIAN_POINT ( 'NONE',  ( -1.260269726311687544, 1.925000000000001599, -5.018845878733277033 ) ) ;
#5717 = VERTEX_POINT ( 'NONE', #6910 ) ;
#5718 = CARTESIAN_POINT ( 'NONE',  ( 0.5290160742476855971, 1.864999999999998659, -7.391949262870541659 ) ) ;
#5719 = CARTESIAN_POINT ( 'NONE',  ( 7.500000000000000000, 0.6999999999999999556, -4.330563360842446308 ) ) ;
#5720 = CARTESIAN_POINT ( 'NONE',  ( -0.8860207152530698016, 1.125000000000000222, 7.400000000000092726 ) ) ;
#5721 = CARTESIAN_POINT ( 'NONE',  ( -17.24999999999999645, -0.5999999999999998668, 0.000000000000000000 ) ) ;
#5722 = CARTESIAN_POINT ( 'NONE',  ( -15.18257540068056244, 1.000000000000000222, 0.2085086729175127940 ) ) ;
#5723 = DIRECTION ( 'NONE',  ( -1.000000000000000000, 0.000000000000000000, 8.673617379884069985E-17 ) ) ;
#5724 = CARTESIAN_POINT ( 'NONE',  ( 11.14206531500060571, 2.825000000000001066, -1.735734640076431967 ) ) ;
#5725 = DIRECTION ( 'NONE',  ( 1.000000000000000000, 1.040834085586083310E-14, -3.469446951953611033E-15 ) ) ;
#5726 = VECTOR ( 'NONE', #8428, 1000.000000000000114 ) ;
#5727 = EDGE_CURVE ( 'NONE', #2870, #1644, #9404, .T. ) ;
#5728 = EDGE_LOOP ( 'NONE', ( #5522, #3581, #10261, #814, #304 ) ) ;
#5729 = VERTEX_POINT ( 'NONE', #6984 ) ;
#5730 = CARTESIAN_POINT ( 'NONE',  ( 13.87794990882726331, -0.8160471443862370444, 3.272864854300782333 ) ) ;
#5731 = CARTESIAN_POINT ( 'NONE',  ( 0.8077001510208413615, -0.8161413566184557711, 5.320526419038043464 ) ) ;
#5732 = CARTESIAN_POINT ( 'NONE',  ( -18.50000000000000355, -0.07422742800507529937, 0.5337906729280591511 ) ) ;
#5733 = CARTESIAN_POINT ( 'NONE',  ( -15.18463543064158117, -0.5055847700599305217, -0.3770280258276227925 ) ) ;
#5734 = CYLINDRICAL_SURFACE ( 'NONE', #10712, 0.8000000000000000444 ) ;
#5735 = DIRECTION ( 'NONE',  ( -1.000000000000000000, -1.703767317533210688E-17, 6.938893903907226800E-15 ) ) ;
#5736 = EDGE_CURVE ( 'NONE', #9748, #6168, #11044, .T. ) ;
#5737 = DIRECTION ( 'NONE',  ( -1.703767317533126255E-17, 1.000000000000000000, 1.212737214708384717E-16 ) ) ;
#5738 = CYLINDRICAL_SURFACE ( 'NONE', #8346, 0.5000000000000004441 ) ;
#5739 = EDGE_CURVE ( 'NONE', #4758, #6493, #6597, .T. ) ;
#5740 = ORIENTED_EDGE ( 'NONE', *, *, #9802, .T. ) ;
#5741 = CIRCLE ( 'NONE', #7926, 0.2499999999999997780 ) ;
#5742 = AXIS2_PLACEMENT_3D ( 'NONE', #3841, #6346, #8043 ) ;
#5743 = CARTESIAN_POINT ( 'NONE',  ( -18.45619337927898940, 0.7444469192079962161, 0.1030769611596188962 ) ) ;
#5744 = CARTESIAN_POINT ( 'NONE',  ( 12.78540010533628468, -0.8149999999999999467, -5.733375758719619242 ) ) ;
#5745 = CARTESIAN_POINT ( 'NONE',  ( 18.49885795526768462, -0.06641018325030137448, -0.5258072081508554652 ) ) ;
#5746 = CARTESIAN_POINT ( 'NONE',  ( 1.450000001159348795, 1.859000000000019970, 16.50100000600095029 ) ) ;
#5747 = VERTEX_POINT ( 'NONE', #4437 ) ;
#5748 = EDGE_CURVE ( 'NONE', #2534, #10453, #4628, .T. ) ;
#5749 = CARTESIAN_POINT ( 'NONE',  ( -0.09999999998406249035, 1.704999999999956772, 2.900000011804331645 ) ) ;
#5750 = DIRECTION ( 'NONE',  ( 6.911138328291599464E-15, -1.212737214708358339E-16, 1.000000000000000000 ) ) ;
#5751 = VECTOR ( 'NONE', #9743, 1000.000000000000000 ) ;
#5752 = CARTESIAN_POINT ( 'NONE',  ( 18.44992263913666619, -0.04860334875829133705, -0.4906875724859214860 ) ) ;
#5753 = APPROVAL_ROLE ( '' ) ;
#5754 = CARTESIAN_POINT ( 'NONE',  ( -14.99996343366260909, 0.2020948840658761403, 0.8000048695842888469 ) ) ;
#5755 = CARTESIAN_POINT ( 'NONE',  ( -13.21716333698683066, 1.925000000000000044, 5.990849364905566077 ) ) ;
#5756 = CARTESIAN_POINT ( 'NONE',  ( 2.301423847578147885, 1.925000000000000266, 5.671730273688504909 ) ) ;
#5757 = ORIENTED_EDGE ( 'NONE', *, *, #4202, .F. ) ;
#5758 = CARTESIAN_POINT ( 'NONE',  ( -9.999999999999964473, 1.925000000000000266, -7.410928177211881795 ) ) ;
#5759 = ORIENTED_EDGE ( 'NONE', *, *, #1260, .T. ) ;
#5760 = EDGE_CURVE ( 'NONE', #1272, #5290, #7139, .T. ) ;
#5761 = CIRCLE ( 'NONE', #9707, 0.1000000000000000472 ) ;
#5762 = CARTESIAN_POINT ( 'NONE',  ( 3.125021300494541077, 1.904000000000038550, 16.65000000600094765 ) ) ;
#5763 = CARTESIAN_POINT ( 'NONE',  ( -15.00000000000000178, 0.01099999999999993865, 0.4500000000000000111 ) ) ;
#5764 = CYLINDRICAL_SURFACE ( 'NONE', #3282, 0.1099999999999996397 ) ;
#5765 = CARTESIAN_POINT ( 'NONE',  ( -14.99370596917447607, -0.1605847844968986415, -0.9483852654011546424 ) ) ;
#5766 = ORIENTED_EDGE ( 'NONE', *, *, #4550, .F. ) ;
#5767 = DIRECTION ( 'NONE',  ( 1.000000000000000000, 1.045399147315990683E-14, -3.491481338843121128E-15 ) ) ;
#5768 = DIRECTION ( 'NONE',  ( 0.000000000000000000, 0.000000000000000000, 1.000000000000000000 ) ) ;
#5769 = EDGE_LOOP ( 'NONE', ( #6433 ) ) ;
#5770 = DIRECTION ( 'NONE',  ( -0.01744974916068273499, -0.9996954598818874604, 0.01744974916068272458 ) ) ;
#5771 = ORIENTED_EDGE ( 'NONE', *, *, #4186, .F. ) ;
#5772 = CIRCLE ( 'NONE', #1573, 0.4999999999999987232 ) ;
#5773 = AXIS2_PLACEMENT_3D ( 'NONE', #6660, #9186, #8235 ) ;
#5774 = FACE_OUTER_BOUND ( 'NONE', #7695, .T. ) ;
#5775 = DIRECTION ( 'NONE',  ( -1.000000000000000000, 0.000000000000000000, 5.782411586589369866E-15 ) ) ;
#5776 =( BOUNDED_CURVE ( )  B_SPLINE_CURVE ( 3, ( #4019, #2327, #4130, #1549 ),
 .UNSPECIFIED., .F., .F. ) 
 B_SPLINE_CURVE_WITH_KNOTS ( ( 4, 4 ),
 ( 5.497939437029719656, 7.068431177329452808 ),
 .UNSPECIFIED. ) 
 CURVE ( )  GEOMETRIC_REPRESENTATION_ITEM ( )  RATIONAL_B_SPLINE_CURVE ( ( 1.000000000000000000, 0.8048096403827860179, 0.8048096403827860179, 1.000000000000000000 ) ) 
 REPRESENTATION_ITEM ( '' )  );
#5777 = ORIENTED_EDGE ( 'NONE', *, *, #7075, .F. ) ;
#5778 = EDGE_CURVE ( 'NONE', #6481, #3990, #5089, .T. ) ;
#5779 = DIRECTION ( 'NONE',  ( 1.000000000000000000, 0.000000000000000000, -8.673617379884069985E-17 ) ) ;
#5780 = VERTEX_POINT ( 'NONE', #1825 ) ;
#5781 = CARTESIAN_POINT ( 'NONE',  ( -18.50000000000003908, 0.6447138943389463250, 0.4125452598944776006 ) ) ;
#5782 = DIRECTION ( 'NONE',  ( 0.7576408402106147300, -3.034873657751101606E-15, 0.6526717070970320389 ) ) ;
#5783 = CARTESIAN_POINT ( 'NONE',  ( 15.20014357878332056, 0.2051841995434104116, 0.7999832023705836237 ) ) ;
#5784 = ORIENTED_EDGE ( 'NONE', *, *, #6414, .F. ) ;
#5785 = CARTESIAN_POINT ( 'NONE',  ( 1.000000001159340846, 1.605000000000006644, 13.87500000600095085 ) ) ;
#5786 = CYLINDRICAL_SURFACE ( 'NONE', #5200, 0.4250000000000000444 ) ;
#5787 = ORIENTED_EDGE ( 'NONE', *, *, #9426, .F. ) ;
#5788 = CIRCLE ( 'NONE', #2565, 4.199999999999999289 ) ;
#5789 = ORIENTED_EDGE ( 'NONE', *, *, #7491, .F. ) ;
#5790 = LINE ( 'NONE', #1977, #1280 ) ;
#5791 = EDGE_CURVE ( 'NONE', #8273, #3603, #8572, .T. ) ;
#5792 = DIRECTION ( 'NONE',  ( -3.491481338843084840E-15, -3.491481338843207114E-15, -1.000000000000000000 ) ) ;
#5793 = CARTESIAN_POINT ( 'NONE',  ( -18.50000000000000000, 0.4414256684750796356, -0.4942231824008202490 ) ) ;
#5794 = EDGE_CURVE ( 'NONE', #9007, #7792, #12, .T. ) ;
#5795 = CARTESIAN_POINT ( 'NONE',  ( 9.999999999999966249, -0.6784904812874564817, -7.484665891610307931 ) ) ;
#5796 = CARTESIAN_POINT ( 'NONE',  ( -3.419034265056214217, 1.903999999999925974, 4.050683338143526768 ) ) ;
#5797 = EDGE_CURVE ( 'NONE', #5935, #2655, #5543, .T. ) ;
#5798 = CARTESIAN_POINT ( 'NONE',  ( -2.299999998840651205, 1.858999999999980668, 16.50100000600096450 ) ) ;
#5799 = VECTOR ( 'NONE', #5851, 1000.000000000000000 ) ;
#5800 = VECTOR ( 'NONE', #6508, 1000.000000000000227 ) ;
#5801 = CARTESIAN_POINT ( 'NONE',  ( 12.74999999999987210, 1.925000000000001821, -5.749999999999997335 ) ) ;
#5802 = ORIENTED_EDGE ( 'NONE', *, *, #5065, .T. ) ;
#5803 = VECTOR ( 'NONE', #2201, 1000.000000000000000 ) ;
#5804 = EDGE_LOOP ( 'NONE', ( #3044, #5740, #6677, #469, #4309, #8347, #2907 ) ) ;
#5805 = VECTOR ( 'NONE', #986, 1000.000000000000000 ) ;
#5806 = DIRECTION ( 'NONE',  ( 0.9848077530122085754, -4.280128095952141964E-18, 0.1736481776669276944 ) ) ;
#5807 = CARTESIAN_POINT ( 'NONE',  ( 1.120353428614625280, 1.866047144386237422, 5.718314386945658967 ) ) ;
#5808 = CARTESIAN_POINT ( 'NONE',  ( -15.19334575021565925, -0.1063736707075069177, -0.7978806590013056699 ) ) ;
#5809 = CARTESIAN_POINT ( 'NONE',  ( -1.847755576970247171, 1.925000000000000044, 7.080042615407153406 ) ) ;
#5810 = DIRECTION ( 'NONE',  ( 0.000000000000000000, 0.000000000000000000, -1.000000000000000000 ) ) ;
#5811 = CARTESIAN_POINT ( 'NONE',  ( -7.500022439000193941, 1.903999999999869130, 8.028092080003546016E-10 ) ) ;
#5812 = LINE ( 'NONE', #4754, #733 ) ;
#5813 = ORIENTED_EDGE ( 'NONE', *, *, #7075, .T. ) ;
#5815 = EDGE_CURVE ( 'NONE', #10372, #9024, #6218, .T. ) ;
#5814 = VERTEX_POINT ( 'NONE', #7053 ) ;
#5816 = EDGE_LOOP ( 'NONE', ( #10671 ) ) ;
#5817 = VECTOR ( 'NONE', #1883, 1000.000000000000000 ) ;
#5818 = ORIENTED_EDGE ( 'NONE', *, *, #10537, .F. ) ;
#5819 = DIRECTION ( 'NONE',  ( -1.047444401652941269E-14, 1.000000000000000000, -3.491481338843170037E-15 ) ) ;
#5820 = EDGE_CURVE ( 'NONE', #7453, #5099, #1552, .T. ) ;
#5821 = DIRECTION ( 'NONE',  ( 1.000000000000000000, 1.703767317532268061E-17, -6.911138328291599464E-15 ) ) ;
#5822 = FACE_OUTER_BOUND ( 'NONE', #9779, .T. ) ;
#5823 = CARTESIAN_POINT ( 'NONE',  ( -2.671456176721499265, 1.925000000000000044, 6.498937135999117487 ) ) ;
#5824 = PLANE ( 'NONE',  #7064 ) ;
#5825 = CARTESIAN_POINT ( 'NONE',  ( 12.38977695522257072, 1.925000000000001821, -5.480297649229058266 ) ) ;
#5826 = ORIENTED_EDGE ( 'NONE', *, *, #2533, .F. ) ;
#5827 = ORIENTED_EDGE ( 'NONE', *, *, #2640, .T. ) ;
#5828 = ORIENTED_EDGE ( 'NONE', *, *, #10793, .F. ) ;
#5829 = CARTESIAN_POINT ( 'NONE',  ( 16.24999999999999645, 0.1999999999999999001, 0.000000000000000000 ) ) ;
#5830 = ORIENTED_EDGE ( 'NONE', *, *, #2829, .T. ) ;
#5831 = CARTESIAN_POINT ( 'NONE',  ( 15.16839892026281511, -0.5918779754488128209, -0.1311335700833927698 ) ) ;
#5832 = ADVANCED_FACE ( 'NONE', ( #8868, #10494, #8195, #10747, #2097, #1154, #8743, #10876, #10221, #2356, #7674 ), #9653, .F. ) ;
#5833 = AXIS2_PLACEMENT_3D ( 'NONE', #4454, #66, #6033 ) ;
#5834 = CARTESIAN_POINT ( 'NONE',  ( -9.999999999999998224, -0.6750000000000000444, 2.499999999999999556 ) ) ;
#5835 = VECTOR ( 'NONE', #3616, 1000.000000000000000 ) ;
#5836 = CARTESIAN_POINT ( 'NONE',  ( -15.00000000000000000, 0.3129999999999998339, 0.4589999999999999081 ) ) ;
#5837 = ORIENTED_EDGE ( 'NONE', *, *, #8792, .F. ) ;
#5838 = CARTESIAN_POINT ( 'NONE',  ( -12.61068682838814148, -0.8149999999999999467, -5.530563360842446485 ) ) ;
#5839 = VERTEX_POINT ( 'NONE', #1971 ) ;
#5840 = DIRECTION ( 'NONE',  ( -3.491481338843084446E-15, -3.491481338843206719E-15, -1.000000000000000000 ) ) ;
#5841 = CARTESIAN_POINT ( 'NONE',  ( -14.97467997857762612, -0.7374997748194446201, 0.1585804180159609000 ) ) ;
#5842 = VERTEX_POINT ( 'NONE', #6163 ) ;
#5843 = CARTESIAN_POINT ( 'NONE',  ( -13.19216333698683385, 1.925000000000000044, 6.034150635094785109 ) ) ;
#5844 = CARTESIAN_POINT ( 'NONE',  ( -18.48231867582071075, 0.4507607491173056813, 0.5012565909863718749 ) ) ;
#5845 = CARTESIAN_POINT ( 'NONE',  ( -15.18463543064158117, -0.5055847700599308547, -0.3770280258276225704 ) ) ;
#5846 = CARTESIAN_POINT ( 'NONE',  ( 9.999999999999895195, 2.675000000000001155, -2.499999999999980460 ) ) ;
#5847 = CARTESIAN_POINT ( 'NONE',  ( 14.78728066472044844, 2.925000000000149925, -0.6560436891048718744 ) ) ;
#5848 = ORIENTED_EDGE ( 'NONE', *, *, #5193, .F. ) ;
#5849 = EDGE_CURVE ( 'NONE', #9066, #5352, #8604, .T. ) ;
#5850 = ORIENTED_EDGE ( 'NONE', *, *, #2776, .F. ) ;
#5851 = DIRECTION ( 'NONE',  ( 1.000000000000000000, 0.000000000000000000, 0.000000000000000000 ) ) ;
#5852 = DIRECTION ( 'NONE',  ( 1.000000000000000000, 1.053224967557350974E-14, -4.956352788505180820E-15 ) ) ;
#5853 = DIRECTION ( 'NONE',  ( -1.000000000000000000, -1.703767317532265596E-17, 6.695867893146834844E-15 ) ) ;
#5854 = CARTESIAN_POINT ( 'NONE',  ( -6.000000000000063949, 2.825000000000000622, 0.3000000000001300515 ) ) ;
#5855 = ORIENTED_EDGE ( 'NONE', *, *, #1248, .F. ) ;
#5856 = VECTOR ( 'NONE', #4970, 1000.000000000000227 ) ;
#5857 = ADVANCED_FACE ( 'NONE', ( #10622, #4870 ), #9699, .T. ) ;
#5858 = DIRECTION ( 'NONE',  ( 0.6427876096865315914, -8.194945521410789861E-17, 0.7660444431189844527 ) ) ;
#5859 = DIRECTION ( 'NONE',  ( 3.491481338843084446E-15, 3.491481338843206719E-15, 1.000000000000000000 ) ) ;
#5860 = CARTESIAN_POINT ( 'NONE',  ( -18.50000000000000000, -0.07121550018489558598, 0.5352844436880276335 ) ) ;
#5861 = VERTEX_POINT ( 'NONE', #8722 ) ;
#5862 = PERSON_AND_ORGANIZATION_ROLE ( 'design_supplier' ) ;
#5863 = VERTEX_POINT ( 'NONE', #9581 ) ;
#5864 = CARTESIAN_POINT ( 'NONE',  ( 0.9999999999999662492, 1.925000000000000044, 7.500000000000081712 ) ) ;
#5865 = CARTESIAN_POINT ( 'NONE',  ( 13.87794990882726154, -0.8149999999999999467, 3.212873992591398498 ) ) ;
#5866 = DIRECTION ( 'NONE',  ( 1.000000000000000000, 1.084202172485506327E-14, -4.336808689942025625E-15 ) ) ;
#5867 = VECTOR ( 'NONE', #1070, 1000.000000000000114 ) ;
#5868 = EDGE_CURVE ( 'NONE', #7741, #7741, #4369, .T. ) ;
#5869 = CARTESIAN_POINT ( 'NONE',  ( 1.826342874699909968, 1.859000000000019304, 15.19950759955183628 ) ) ;
#5870 = VERTEX_POINT ( 'NONE', #7951 ) ;
#5871 = DIRECTION ( 'NONE',  ( -1.000000000000000000, -1.579225296553350012E-31, 7.084610675889280174E-15 ) ) ;
#5872 = CARTESIAN_POINT ( 'NONE',  ( 18.48939245899730111, -0.05706122399117382477, 0.5073688155527190657 ) ) ;
#5873 = ADVANCED_FACE ( 'NONE', ( #3169, #5671 ), #7952, .T. ) ;
#5874 = EDGE_CURVE ( 'NONE', #3892, #10249, #11010, .T. ) ;
#5875 = ORIENTED_EDGE ( 'NONE', *, *, #6155, .F. ) ;
#5876 = LINE ( 'NONE', #795, #8821 ) ;
#5877 = AXIS2_PLACEMENT_3D ( 'NONE', #5359, #8779, #9635 ) ;
#5878 = VECTOR ( 'NONE', #816, 1000.000000000000227 ) ;
#5879 = ORIENTED_EDGE ( 'NONE', *, *, #7723, .T. ) ;
#5880 = DIRECTION ( 'NONE',  ( -1.301042606982605321E-16, -1.000000000000000000, 0.000000000000000000 ) ) ;
#5881 = ORIENTED_EDGE ( 'NONE', *, *, #4743, .T. ) ;
#5882 = CARTESIAN_POINT ( 'NONE',  ( 0.5928872657397462609, 1.333473567315015762, -7.480215145288943823 ) ) ;
#5883 = CARTESIAN_POINT ( 'NONE',  ( 18.45261046620153067, 0.5356976353876780061, 0.4439982725379590378 ) ) ;
#5884 = PLANE ( 'NONE',  #5968 ) ;
#5885 = DIRECTION ( 'NONE',  ( 1.513754957952231942E-18, 0.9998476951563911586, 0.01745240643728354982 ) ) ;
#5886 = VECTOR ( 'NONE', #6536, 1000.000000000000227 ) ;
#5887 = VECTOR ( 'NONE', #9780, 1000.000000000000114 ) ;
#5888 = CARTESIAN_POINT ( 'NONE',  ( -15.00000000000000000, -0.1415100000000001079, -0.4500000000000000666 ) ) ;
#5889 = VERTEX_POINT ( 'NONE', #2908 ) ;
#5890 = CARTESIAN_POINT ( 'NONE',  ( 8.596179610090016965, 2.825000000000001066, -0.7920094304871192481 ) ) ;
#5891 = VERTEX_POINT ( 'NONE', #1065 ) ;
#5892 = DIRECTION ( 'NONE',  ( -3.491481338843084446E-15, -3.491481338843206719E-15, -1.000000000000000000 ) ) ;
#5893 = DIRECTION ( 'NONE',  ( 1.047444401652941269E-14, -1.000000000000000000, 3.491481338843170037E-15 ) ) ;
#5894 = CARTESIAN_POINT ( 'NONE',  ( 0.7999999999985443200, -0.3750000000000000000, 5.427376237343289667 ) ) ;
#5895 = VECTOR ( 'NONE', #5770, 1000.000000000000000 ) ;
#5896 = DIRECTION ( 'NONE',  ( -1.000000000000000000, -1.047444401652940007E-14, 3.491481338843121128E-15 ) ) ;
#5897 = VECTOR ( 'NONE', #3443, 1000.000000000000227 ) ;
#5898 = CARTESIAN_POINT ( 'NONE',  ( 4.598597128584578364, -0.4553704494789817536, 5.428492039442377681 ) ) ;
#5899 = EDGE_LOOP ( 'NONE', ( #301, #8162, #4612, #5771, #4473 ) ) ;
#5900 = ORIENTED_EDGE ( 'NONE', *, *, #2257, .T. ) ;
#5901 = ORIENTED_EDGE ( 'NONE', *, *, #10613, .F. ) ;
#5902 = EDGE_CURVE ( 'NONE', #6313, #4829, #4232, .T. ) ;
#5903 = CARTESIAN_POINT ( 'NONE',  ( 15.00000000000000178, -0.06450000000000004341, 0.4500000000000000111 ) ) ;
#5904 = DIRECTION ( 'NONE',  ( -1.000000000000000000, 0.000000000000000000, 6.938893903907222067E-15 ) ) ;
#5905 = CIRCLE ( 'NONE', #6201, 0.09999999999999939493 ) ;
#5906 = LINE ( 'NONE', #9762, #3142 ) ;
#5907 = CARTESIAN_POINT ( 'NONE',  ( -12.72500000000000320, 1.925000000000000044, 5.225000000000178169 ) ) ;
#5908 = VECTOR ( 'NONE', #607, 1000.000000000000000 ) ;
#5909 = CARTESIAN_POINT ( 'NONE',  ( -15.16466320462723161, -0.6000006123028504001, -0.06510219978292221266 ) ) ;
#5910 = CARTESIAN_POINT ( 'NONE',  ( -18.44981577820597352, -0.04126496719491391102, -0.4944909005892937914 ) ) ;
#5911 =( BOUNDED_CURVE ( )  B_SPLINE_CURVE ( 3, ( #3250, #9168, #2099, #8028 ),
 .UNSPECIFIED., .F., .F. ) 
 B_SPLINE_CURVE_WITH_KNOTS ( ( 4, 4 ),
 ( 1.574286815170081733, 2.650845457626367363 ),
 .UNSPECIFIED. ) 
 CURVE ( )  GEOMETRIC_REPRESENTATION_ITEM ( )  RATIONAL_B_SPLINE_CURVE ( ( 1.000000000000000000, 0.9057280493933582699, 0.9057280493933582699, 1.000000000000000000 ) ) 
 REPRESENTATION_ITEM ( '' )  );
#5912 = ADVANCED_FACE ( 'NONE', ( #8320 ), #4681, .T. ) ;
#5913 = ORIENTED_EDGE ( 'NONE', *, *, #3488, .T. ) ;
#5914 = AXIS2_PLACEMENT_3D ( 'NONE', #4499, #116, #10451 ) ;
#5915 = LINE ( 'NONE', #2602, #8443 ) ;
#5916 = VERTEX_POINT ( 'NONE', #406 ) ;
#5917 = DIRECTION ( 'NONE',  ( 0.000000000000000000, 0.000000000000000000, 1.000000000000000000 ) ) ;
#5918 = TOROIDAL_SURFACE ( 'NONE', #7301, 0.2000000000000000111, 0.1000000000000000056 ) ;
#5919 = VERTEX_POINT ( 'NONE', #9768 ) ;
#5920 = LINE ( 'NONE', #7236, #8450 ) ;
#5921 = EDGE_CURVE ( 'NONE', #5387, #1138, #5139, .T. ) ;
#5922 = CARTESIAN_POINT ( 'NONE',  ( 0.8999999999999711564, 0.6999999999999999556, -9.452907987027540315 ) ) ;
#5923 = CARTESIAN_POINT ( 'NONE',  ( 18.45140509807813345, 0.4454123484010240053, 0.4907050562564135299 ) ) ;
#5924 = CARTESIAN_POINT ( 'NONE',  ( -14.13747139912805473, -0.8750000000000000000, 3.546184957490959189 ) ) ;
#5925 = DIRECTION ( 'NONE',  ( 0.000000000000000000, -0.8819809625749136517, -0.4712850322845280604 ) ) ;
#5926 = CIRCLE ( 'NONE', #9476, 1.100000000000000311 ) ;
#5927 = TOROIDAL_SURFACE ( 'NONE', #4788, 4.267689368251049054, 0.05999999999999999778 ) ;
#5928 = ADVANCED_FACE ( 'NONE', ( #876 ), #6473, .T. ) ;
#5929 = LINE ( 'NONE', #4794, #6469 ) ;
#5930 = EDGE_CURVE ( 'NONE', #9703, #2810, #880, .T. ) ;
#5931 = LINE ( 'NONE', #8546, #458 ) ;
#5932 = ORIENTED_EDGE ( 'NONE', *, *, #6510, .T. ) ;
#5933 = LINE ( 'NONE', #3474, #3718 ) ;
#5934 = DIRECTION ( 'NONE',  ( -1.703767317532184244E-17, 1.000000000000000000, 1.212737214708384470E-16 ) ) ;
#5935 = VERTEX_POINT ( 'NONE', #10640 ) ;
#5936 = DIRECTION ( 'NONE',  ( 3.491481338843084446E-15, 3.491481338843206719E-15, 1.000000000000000000 ) ) ;
#5937 = EDGE_CURVE ( 'NONE', #4054, #2369, #2909, .T. ) ;
#5938 = DIRECTION ( 'NONE',  ( 0.000000000000000000, 0.000000000000000000, 1.000000000000000000 ) ) ;
#5939 = B_SPLINE_CURVE_WITH_KNOTS ( 'NONE', 3,
 ( #5807, #11054, #9254, #2431, #5950, #10101, #2467 ),
 .UNSPECIFIED., .F., .F.,
 ( 4, 3, 4 ),
 ( 5.897390381886120350E-05, 0.0006194048910456971275, 0.001117318034020347260 ),
 .UNSPECIFIED. ) ;
#5940 = DIRECTION ( 'NONE',  ( -1.000000000000000000, 0.000000000000000000, 6.663069862790423917E-15 ) ) ;
#5941 = CARTESIAN_POINT ( 'NONE',  ( -3.124999998840654047, 1.903999999999970827, 16.00000000600096683 ) ) ;
#5942 = DIRECTION ( 'NONE',  ( 0.000000000000000000, 0.000000000000000000, -1.000000000000000000 ) ) ;
#5943 = CIRCLE ( 'NONE', #6285, 0.4999999991462831805 ) ;
#5944 = VERTEX_POINT ( 'NONE', #3410 ) ;
#5945 = FACE_BOUND ( 'NONE', #2619, .T. ) ;
#5946 = ORIENTED_EDGE ( 'NONE', *, *, #6314, .F. ) ;
#5947 = ORIENTED_EDGE ( 'NONE', *, *, #4186, .T. ) ;
#5948 = EDGE_CURVE ( 'NONE', #5341, #6403, #7389, .T. ) ;
#5949 = ORIENTED_EDGE ( 'NONE', *, *, #868, .F. ) ;
#5950 = CARTESIAN_POINT ( 'NONE',  ( 1.107678555210638960, 1.139904133397129149, 5.703631354220021876 ) ) ;
#5951 = DIRECTION ( 'NONE',  ( 0.000000000000000000, 1.000000000000000000, 0.000000000000000000 ) ) ;
#5952 = DIRECTION ( 'NONE',  ( -1.000000000000000000, -1.703767317532268061E-17, 6.911138328291599464E-15 ) ) ;
#5953 = CARTESIAN_POINT ( 'NONE',  ( -9.999999999999998224, -0.3750000000000000000, 2.499999999999999556 ) ) ;
#5954 = EDGE_CURVE ( 'NONE', #6474, #3198, #2307, .T. ) ;
#5955 = LINE ( 'NONE', #2790, #1050 ) ;
#5956 = ORIENTED_EDGE ( 'NONE', *, *, #4952, .T. ) ;
#5957 = VERTEX_POINT ( 'NONE', #7552 ) ;
#5958 = VERTEX_POINT ( 'NONE', #1689 ) ;
#5959 = DESIGN_CONTEXT ( 'detailed design', #9288, 'design' ) ;
#5960 = ORIENTED_EDGE ( 'NONE', *, *, #19, .F. ) ;
#5961 = CARTESIAN_POINT ( 'NONE',  ( 0.1000000000159258912, 1.704999999999947891, -0.2499999881956684045 ) ) ;
#5962 = EDGE_CURVE ( 'NONE', #10735, #909, #4091, .T. ) ;
#5963 = CARTESIAN_POINT ( 'NONE',  ( 9.999999999998543387, -0.8750000000000000000, 6.767689368251048165 ) ) ;
#5964 = CARTESIAN_POINT ( 'NONE',  ( -18.50000000000000000, -0.04727668043419299554, 0.4912781730480664799 ) ) ;
#5965 = ORIENTED_EDGE ( 'NONE', *, *, #1601, .F. ) ;
#5966 = B_SPLINE_CURVE_WITH_KNOTS ( 'NONE', 3,
 ( #10367, #10404, #6116, #2742, #5289, #9523 ),
 .UNSPECIFIED., .F., .F.,
 ( 4, 2, 4 ),
 ( -1.000000000000000000, -0.5000000000000000000, -0.000000000000000000 ),
 .UNSPECIFIED. ) ;
#5967 = CARTESIAN_POINT ( 'NONE',  ( 0.5404019617075739301, 0.1860986173235246732, -7.408230003227592952 ) ) ;
#5968 = AXIS2_PLACEMENT_3D ( 'NONE', #1785, #3473, #2566 ) ;
#5969 = CARTESIAN_POINT ( 'NONE',  ( -18.50000000000000000, -0.3972731353633155438, -0.1100275515358832695 ) ) ;
#5970 = CARTESIAN_POINT ( 'NONE',  ( 1.413680609616534856, 1.925000000000001821, -6.622888867579662886 ) ) ;
#5971 = CARTESIAN_POINT ( 'NONE',  ( 15.20003046560878168, 0.2000000000000000389, -0.8000000000000000444 ) ) ;
#5972 = FACE_OUTER_BOUND ( 'NONE', #8177, .T. ) ;
#5973 = CARTESIAN_POINT ( 'NONE',  ( -18.50000000000000000, -0.04727668043419337718, -0.4912781730480662579 ) ) ;
#5974 = ORIENTED_EDGE ( 'NONE', *, *, #1379, .F. ) ;
#5975 = VERTEX_POINT ( 'NONE', #3454 ) ;
#5976 = ADVANCED_FACE ( 'NONE', ( #10357 ), #1972, .T. ) ;
#5977 = AXIS2_PLACEMENT_3D ( 'NONE', #3925, #9023, #1339 ) ;
#5978 = ORIENTED_EDGE ( 'NONE', *, *, #6349, .T. ) ;
#5979 = CARTESIAN_POINT ( 'NONE',  ( 0.3475000011593046279, 1.858999999999962238, 3.323500006000956741 ) ) ;
#5980 = EDGE_CURVE ( 'NONE', #6254, #10607, #8067, .T. ) ;
#5981 = DIRECTION ( 'NONE',  ( 0.3420201433256412349, 1.197872485827503675E-16, -0.9396926207859184199 ) ) ;
#5982 = CARTESIAN_POINT ( 'NONE',  ( 15.18304081641693060, 0.9786690802572588499, -0.2119090734431663958 ) ) ;
#5983 = CARTESIAN_POINT ( 'NONE',  ( 0.9850753663880607025, 1.069968313021150141, 6.644707802572516364 ) ) ;
#5984 = CARTESIAN_POINT ( 'NONE',  ( 1.186727028620962576, 0.6949254543026406328, 7.491361044060518282 ) ) ;
#5985 = CARTESIAN_POINT ( 'NONE',  ( 0.8860207152530004127, 1.125000000000000222, 7.400000000000081180 ) ) ;
#5986 = VERTEX_POINT ( 'NONE', #6801 ) ;
#5987 = DIRECTION ( 'NONE',  ( 0.000000000000000000, 0.000000000000000000, -1.000000000000000000 ) ) ;
#5988 = CARTESIAN_POINT ( 'NONE',  ( 18.50000000000000000, 0.4385001624955227606, -0.4956956870771971890 ) ) ;
#5989 = CARTESIAN_POINT ( 'NONE',  ( 0.8077017929937346796, -0.8162354251825889584, 5.207722025398092036 ) ) ;
#5990 = CARTESIAN_POINT ( 'NONE',  ( -9.514586297939976234, 2.825000000000001066, -1.633974596215412411 ) ) ;
#5991 = AXIS2_PLACEMENT_3D ( 'NONE', #8385, #10201, #7610 ) ;
#5992 = DIRECTION ( 'NONE',  ( -0.3420201433256688239, -1.197872485827496032E-16, 0.9396926207859083169 ) ) ;
#5993 = CARTESIAN_POINT ( 'NONE',  ( -18.45291688572918787, -0.3398066086850315970, 0.1010252802714868836 ) ) ;
#5994 = ADVANCED_FACE ( 'NONE', ( #337 ), #6763, .F. ) ;
#5995 = VECTOR ( 'NONE', #652, 1000.000000000000000 ) ;
#5996 = EDGE_CURVE ( 'NONE', #9354, #4846, #10073, .T. ) ;
#5997 = DIRECTION ( 'NONE',  ( -1.000000000000000000, -2.151175178187580423E-34, 8.673617379884068752E-17 ) ) ;
#5998 = VERTEX_POINT ( 'NONE', #10987 ) ;
#5999 = AXIS2_PLACEMENT_3D ( 'NONE', #6226, #3535, #8818 ) ;
#6000 = ORIENTED_EDGE ( 'NONE', *, *, #4617, .T. ) ;
#6001 = CARTESIAN_POINT ( 'NONE',  ( 0.5578366630130324744, 1.925000000000001821, -7.084150635094526471 ) ) ;
#6002 = CARTESIAN_POINT ( 'NONE',  ( -12.28283666301328836, 1.925000000000001377, -5.990849364905206365 ) ) ;
#6003 = CARTESIAN_POINT ( 'NONE',  ( -14.98466589161030349, -0.6784904812874567037, -0.4712850322845280604 ) ) ;
#6004 = FACE_OUTER_BOUND ( 'NONE', #8471, .T. ) ;
#6005 = CARTESIAN_POINT ( 'NONE',  ( 12.72499999999990727, 1.925000000000000488, 5.224999999999999645 ) ) ;
#6006 = DIRECTION ( 'NONE',  ( -0.01745240643728354982, 0.9998476951563911586, 0.000000000000000000 ) ) ;
#6007 = DIRECTION ( 'NONE',  ( 0.000000000000000000, 0.000000000000000000, -1.000000000000000000 ) ) ;
#6008 = VERTEX_POINT ( 'NONE', #1375 ) ;
#6009 = CARTESIAN_POINT ( 'NONE',  ( 1.260269726311462835, 1.925000000000001377, -3.362138890782187861 ) ) ;
#6010 = EDGE_CURVE ( 'NONE', #9643, #2573, #10998, .T. ) ;
#6011 = VERTEX_POINT ( 'NONE', #5869 ) ;
#6012 = EDGE_CURVE ( 'NONE', #10012, #3881, #1291, .T. ) ;
#6013 = DIRECTION ( 'NONE',  ( 1.703767317533126255E-17, -1.000000000000000000, -1.212737214708384717E-16 ) ) ;
#6014 = FACE_OUTER_BOUND ( 'NONE', #9717, .T. ) ;
#6015 = DIRECTION ( 'NONE',  ( 3.495832388835801652E-15, 3.491481338843206719E-15, 1.000000000000000000 ) ) ;
#6016 = DIRECTION ( 'NONE',  ( 0.000000000000000000, 0.01745240643728354982, -0.9998476951563912696 ) ) ;
#6017 = LINE ( 'NONE', #357, #3980 ) ;
#6018 = CARTESIAN_POINT ( 'NONE',  ( -12.74624576721419444, -0.8160471443862369334, -5.687924231849161849 ) ) ;
#6019 = B_SPLINE_CURVE_WITH_KNOTS ( 'NONE', 3,
 ( #6633, #5710, #6520, #10854, #8299, #6598 ),
 .UNSPECIFIED., .F., .F.,
 ( 4, 2, 4 ),
 ( 4.336808689942017736E-19, 0.0006291951837990518610, 0.001258390367598103288 ),
 .UNSPECIFIED. ) ;
#6020 = CARTESIAN_POINT ( 'NONE',  ( 15.19110547599935046, 0.6090498498242878922, -0.7194457506895590715 ) ) ;
#6021 = DIRECTION ( 'NONE',  ( -1.703767317533126255E-17, 1.000000000000000000, 1.212737214708384717E-16 ) ) ;
#6022 = DIRECTION ( 'NONE',  ( -1.703767317533126255E-17, 1.000000000000000000, 1.212737214708384717E-16 ) ) ;
#6023 = ORIENTED_EDGE ( 'NONE', *, *, #2190, .F. ) ;
#6024 = DIRECTION ( 'NONE',  ( -0.000000000000000000, -1.000000000000000000, 0.000000000000000000 ) ) ;
#6025 = CARTESIAN_POINT ( 'NONE',  ( 1.120364129757935867, 1.866660212475874436, 7.425355848945568660 ) ) ;
#6026 = EDGE_CURVE ( 'NONE', #5944, #6039, #7808, .T. ) ;
#6027 = LINE ( 'NONE', #1882, #10953 ) ;
#6028 = CARTESIAN_POINT ( 'NONE',  ( 11.73207028027911392, 2.825000000000001954, -5.403109303582679601 ) ) ;
#6029 = CARTESIAN_POINT ( 'NONE',  ( -9.999999999999998224, -0.3750000000000000000, -6.699999999999998401 ) ) ;
#6030 = VECTOR ( 'NONE', #3239, 1000.000000000000114 ) ;
#6031 = CARTESIAN_POINT ( 'NONE',  ( 7.500039277004464822, 1.705000000000026050, 1.122663073616081419E-08 ) ) ;
#6032 = CARTESIAN_POINT ( 'NONE',  ( -0.9873823376068159297, 1.202134605622159347, 6.512541509971517151 ) ) ;
#6033 = DIRECTION ( 'NONE',  ( -1.000000000000000000, -1.703767317532265596E-17, 6.695867893146834844E-15 ) ) ;
#6034 = CARTESIAN_POINT ( 'NONE',  ( 18.49763933512453917, -0.06387604196109981924, 0.5208092741617420529 ) ) ;
#6035 = ORIENTED_EDGE ( 'NONE', *, *, #9381, .T. ) ;
#6036 = ADVANCED_FACE ( 'NONE', ( #60 ), #2470, .F. ) ;
#6037 = EDGE_CURVE ( 'NONE', #3993, #7950, #9106, .T. ) ;
#6038 = DIRECTION ( 'NONE',  ( 0.000000000000000000, -1.000000000000000000, 0.000000000000000000 ) ) ;
#6039 = VERTEX_POINT ( 'NONE', #10946 ) ;
#6040 = AXIS2_PLACEMENT_3D ( 'NONE', #4803, #2279, #4776 ) ;
#6041 = CARTESIAN_POINT ( 'NONE',  ( 0.8076985065402109143, -0.8160471443862362673, 5.433504217327677743 ) ) ;
#6042 = FACE_OUTER_BOUND ( 'NONE', #10252, .T. ) ;
#6043 = VECTOR ( 'NONE', #731, 1000.000000000000000 ) ;
#6044 = DIRECTION ( 'NONE',  ( -1.047444401652941269E-14, 1.000000000000000000, -3.491481338843170037E-15 ) ) ;
#6045 = CARTESIAN_POINT ( 'NONE',  ( 18.45619337927898940, 0.7444469192079962161, 0.1030769611596188962 ) ) ;
#6046 = VERTEX_POINT ( 'NONE', #1893 ) ;
#6047 = CARTESIAN_POINT ( 'NONE',  ( 1.000000001159306207, 1.784999999999973497, 4.426800006000950916 ) ) ;
#6048 = VERTEX_POINT ( 'NONE', #1007 ) ;
#6049 = AXIS2_PLACEMENT_3D ( 'NONE', #3772, #2841, #2121 ) ;
#6050 = CARTESIAN_POINT ( 'NONE',  ( 0.5290160742476855971, 1.864999999999998659, -7.391949262870541659 ) ) ;
#6051 = ORIENTED_EDGE ( 'NONE', *, *, #9813, .T. ) ;
#6052 = CARTESIAN_POINT ( 'NONE',  ( -14.99999999999999822, -0.06450000000000066791, -0.4500000000000000666 ) ) ;
#6053 = CIRCLE ( 'NONE', #6676, 0.4500000000000007327 ) ;
#6054 = VECTOR ( 'NONE', #4214, 1000.000000000000227 ) ;
#6055 = ADVANCED_FACE ( 'NONE', ( #10208 ), #8478, .T. ) ;
#6056 = AXIS2_PLACEMENT_3D ( 'NONE', #9870, #3936, #6437 ) ;
#6057 = CARTESIAN_POINT ( 'NONE',  ( -14.78469635257902581, -0.8750000000000000000, 2.499999999999999556 ) ) ;
#6058 = ORIENTED_EDGE ( 'NONE', *, *, #10338, .F. ) ;
#6059 = CARTESIAN_POINT ( 'NONE',  ( -14.99067840555371411, -0.3340337881618016258, 0.6126379414622953323 ) ) ;
#6060 = ORIENTED_EDGE ( 'NONE', *, *, #1190, .T. ) ;
#6061 = CARTESIAN_POINT ( 'NONE',  ( 18.47309563455129222, 0.4478004880700353074, 0.4954169106673494971 ) ) ;
#6062 = VERTEX_POINT ( 'NONE', #7829 ) ;
#6063 = CARTESIAN_POINT ( 'NONE',  ( 18.50000000000004263, -0.2932448473283353341, 0.2481273811409327179 ) ) ;
#6064 = CARTESIAN_POINT ( 'NONE',  ( 14.99662370442570669, 0.3934278438803094913, 0.8047141199918049770 ) ) ;
#6065 = DIRECTION ( 'NONE',  ( 0.9998476951563912696, -0.01745240643728353247, -6.912202246726622634E-15 ) ) ;
#6066 = DIRECTION ( 'NONE',  ( 1.000000000000000000, 0.000000000000000000, -8.673617379884069985E-17 ) ) ;
#6067 = CARTESIAN_POINT ( 'NONE',  ( 18.50000000000000000, 0.4680112349276476236, -0.5352864521156859290 ) ) ;
#6068 = FACE_BOUND ( 'NONE', #5439, .T. ) ;
#6069 = CARTESIAN_POINT ( 'NONE',  ( 14.98394808704590986, -0.7196134772402899005, 0.3173667150461107478 ) ) ;
#6070 = AXIS2_PLACEMENT_3D ( 'NONE', #4806, #6443, #3160 ) ;
#6071 = VERTEX_POINT ( 'NONE', #6967 ) ;
#6072 = LINE ( 'NONE', #10272, #7373 ) ;
#6073 = EDGE_LOOP ( 'NONE', ( #1170, #2918, #10981, #481 ) ) ;
#6074 = CIRCLE ( 'NONE', #3792, 4.749999999999999112 ) ;
#6075 = EDGE_CURVE ( 'NONE', #1457, #5635, #6584, .T. ) ;
#6076 = CARTESIAN_POINT ( 'NONE',  ( 8.399610638826837672, 2.825000000000001510, -5.402965055624967761 ) ) ;
#6077 = CARTESIAN_POINT ( 'NONE',  ( 18.50000000000000711, 0.7500000000000001110, 0.1129691451777588007 ) ) ;
#6078 = CARTESIAN_POINT ( 'NONE',  ( 0.9398844209836154651, -0.8749999999999998890, 5.014284423284582459 ) ) ;
#6079 = CARTESIAN_POINT ( 'NONE',  ( -3.124999998840654047, 1.784999999999970610, 16.00000000600096683 ) ) ;
#6080 = AXIS2_PLACEMENT_3D ( 'NONE', #10832, #3187, #677 ) ;
#6081 = CARTESIAN_POINT ( 'NONE',  ( -7.500000000000000000, 0.6999999999999999556, 0.03709201297246063345 ) ) ;
#6082 = LINE ( 'NONE', #2713, #1546 ) ;
#6083 = VERTEX_POINT ( 'NONE', #6032 ) ;
#6084 = DIRECTION ( 'NONE',  ( 0.000000000000000000, 1.000000000000000000, 0.000000000000000000 ) ) ;
#6085 = CIRCLE ( 'NONE', #5411, 0.1000000000000000472 ) ;
#6086 = EDGE_LOOP ( 'NONE', ( #6256, #9701, #10769, #4157 ) ) ;
#6087 = DIRECTION ( 'NONE',  ( 1.047444401652941269E-14, -1.000000000000000000, 3.491481338843170037E-15 ) ) ;
#6088 = VECTOR ( 'NONE', #8904, 1000.000000000000227 ) ;
#6089 = DIRECTION ( 'NONE',  ( 1.703767317533126255E-17, -1.000000000000000000, -1.212737214708384717E-16 ) ) ;
#6090 = DIRECTION ( 'NONE',  ( -0.9998476951563912696, -0.01745240643728354982, 0.000000000000000000 ) ) ;
#6091 = CARTESIAN_POINT ( 'NONE',  ( 18.49999999999999645, 0.4609096757906119279, -0.5389635501329970158 ) ) ;
#6092 = CIRCLE ( 'NONE', #3758, 0.1000000000000000333 ) ;
#6093 = DIRECTION ( 'NONE',  ( 0.000000000000000000, -0.000000000000000000, -1.000000000000000000 ) ) ;
#6094 = ORIENTED_EDGE ( 'NONE', *, *, #7929, .F. ) ;
#6095 = ORIENTED_EDGE ( 'NONE', *, *, #2389, .F. ) ;
#6096 = VERTEX_POINT ( 'NONE', #10410 ) ;
#6097 = ORIENTED_EDGE ( 'NONE', *, *, #1606, .T. ) ;
#6098 = DIRECTION ( 'NONE',  ( 0.000000000000000000, -1.000000000000000000, 0.000000000000000000 ) ) ;
#6099 = LINE ( 'NONE', #4817, #7265 ) ;
#6100 = ORIENTED_EDGE ( 'NONE', *, *, #8519, .T. ) ;
#6101 = CARTESIAN_POINT ( 'NONE',  ( 10.95468318429283983, 2.825000000000001066, -2.001811090984638053 ) ) ;
#6102 = DIRECTION ( 'NONE',  ( -0.000000000000000000, -0.000000000000000000, -1.000000000000000000 ) ) ;
#6103 = CARTESIAN_POINT ( 'NONE',  ( -9.999999999999998224, 1.925000000000000266, -2.499999999999999556 ) ) ;
#6104 = VECTOR ( 'NONE', #6452, 1000.000000000000227 ) ;
#6105 = PLANE ( 'NONE',  #10431 ) ;
#6106 = ORIENTED_EDGE ( 'NONE', *, *, #3097, .T. ) ;
#6107 = EDGE_CURVE ( 'NONE', #10636, #7974, #9810, .T. ) ;
#6108 = VERTEX_POINT ( 'NONE', #8667 ) ;
#6109 = ORIENTED_EDGE ( 'NONE', *, *, #10133, .T. ) ;
#6110 = B_SPLINE_CURVE_WITH_KNOTS ( 'NONE', 3,
 ( #8282, #2351, #2428, #1498, #8359, #3225 ),
 .UNSPECIFIED., .F., .F.,
 ( 4, 2, 4 ),
 ( -2.000000039383703964E-06, 0.0001008329621345654725, 0.0002036659243085146647 ),
 .UNSPECIFIED. ) ;
#6111 = CARTESIAN_POINT ( 'NONE',  ( 15.20035946634780899, 0.1849212482276732794, 0.7998578819046472388 ) ) ;
#6112 = VERTEX_POINT ( 'NONE', #2746 ) ;
#6113 = CARTESIAN_POINT ( 'NONE',  ( 0.2000000011593653093, 1.824000000000022492, 21.00100000600095385 ) ) ;
#6114 = CARTESIAN_POINT ( 'NONE',  ( 1.020964003881107418, 0.7000000007604790797, 7.491272467522605893 ) ) ;
#6115 = CARTESIAN_POINT ( 'NONE',  ( 15.19342026380132182, -0.1029585663367620779, 0.8000000000000003775 ) ) ;
#6116 = CARTESIAN_POINT ( 'NONE',  ( 15.00000000000000178, 0.01099999999999910251, -0.4500000000000001776 ) ) ;
#6117 = EDGE_CURVE ( 'NONE', #3447, #2066, #9390, .T. ) ;
#6118 = CIRCLE ( 'NONE', #8051, 0.2500000000000002220 ) ;
#6119 = EDGE_CURVE ( 'NONE', #520, #4532, #324, .T. ) ;
#6120 = DIRECTION ( 'NONE',  ( 1.703767317533126255E-17, -1.000000000000000000, -1.212737214708384717E-16 ) ) ;
#6121 = CARTESIAN_POINT ( 'NONE',  ( 15.00000000000000000, 0.3129999999999997784, -0.4590000000000001301 ) ) ;
#6122 = VERTEX_POINT ( 'NONE', #9421 ) ;
#6123 = ADVANCED_FACE ( 'NONE', ( #3158 ), #2711, .T. ) ;
#6124 = VERTEX_POINT ( 'NONE', #2635 ) ;
#6125 = CARTESIAN_POINT ( 'NONE',  ( -14.98466589161030349, -0.6784904812874567037, 0.000000000000000000 ) ) ;
#6126 = ADVANCED_FACE ( 'NONE', ( #6862 ), #8854, .T. ) ;
#6127 = CARTESIAN_POINT ( 'NONE',  ( -7.500000001143369843, 1.704999999999868843, 1.180435610370622612E-08 ) ) ;
#6128 = ORIENTED_EDGE ( 'NONE', *, *, #4015, .T. ) ;
#6129 = AXIS2_PLACEMENT_3D ( 'NONE', #8640, #3572, #9528 ) ;
#6130 = EDGE_CURVE ( 'NONE', #6124, #4908, #8234, .T. ) ;
#6131 = DIRECTION ( 'NONE',  ( 0.6427876096865451361, -8.194945521410628391E-17, 0.7660444431189732395 ) ) ;
#6132 = AXIS2_PLACEMENT_3D ( 'NONE', #17, #5009, #6793 ) ;
#6133 = CARTESIAN_POINT ( 'NONE',  ( -9.999999999999964473, 0.1999999999999999833, -7.499999999999999112 ) ) ;
#6134 = DIRECTION ( 'NONE',  ( 1.000000000000000000, 1.703767317532270218E-17, -7.084610675889280174E-15 ) ) ;
#6135 = ORIENTED_EDGE ( 'NONE', *, *, #6734, .T. ) ;
#6136 = CARTESIAN_POINT ( 'NONE',  ( 14.99999999999993072, 2.925000000000001155, 2.499999999999982236 ) ) ;
#6137 = AXIS2_PLACEMENT_3D ( 'NONE', #6638, #6666, #2384 ) ;
#6138 = CARTESIAN_POINT ( 'NONE',  ( -1.104782551676323887, 0.9739922020337486996, 5.700279807993018366 ) ) ;
#6139 = DIRECTION ( 'NONE',  ( 0.000000000000000000, 0.000000000000000000, -1.000000000000000000 ) ) ;
#6140 = CARTESIAN_POINT ( 'NONE',  ( 18.49882266803161102, 0.4631340119373872355, 0.5256652059912254593 ) ) ;
#6141 = VERTEX_POINT ( 'NONE', #1854 ) ;
#6142 = EDGE_CURVE ( 'NONE', #6511, #6179, #1960, .T. ) ;
#6143 = CARTESIAN_POINT ( 'NONE',  ( 15.18257540068056599, 1.000000000000000000, 0.1059763745183648354 ) ) ;
#6144 = DIRECTION ( 'NONE',  ( -1.703767317533126255E-17, 1.000000000000000000, 1.212737214708384717E-16 ) ) ;
#6145 = AXIS2_PLACEMENT_3D ( 'NONE', #9826, #4757, #6366 ) ;
#6146 = DIRECTION ( 'NONE',  ( -1.000000000000000000, 0.000000000000000000, 8.673617379884030739E-15 ) ) ;
#6147 = VERTEX_POINT ( 'NONE', #3140 ) ;
#6148 = DIRECTION ( 'NONE',  ( 0.9991954978177245428, -0.03833390130050166184, -0.01178427561936253726 ) ) ;
#6149 = ORIENTED_EDGE ( 'NONE', *, *, #11028, .T. ) ;
#6150 = CARTESIAN_POINT ( 'NONE',  ( 0.3299999999999982392, 1.925000000000000266, -7.233252277351548187 ) ) ;
#6151 = ORIENTED_EDGE ( 'NONE', *, *, #4819, .T. ) ;
#6152 = CARTESIAN_POINT ( 'NONE',  ( -10.00000000000013323, 2.675000000000001599, -7.249999999999841904 ) ) ;
#6153 = CARTESIAN_POINT ( 'NONE',  ( 15.19342026380132182, -0.1029585663367621612, -0.8000000000000002665 ) ) ;
#6154 = CARTESIAN_POINT ( 'NONE',  ( 12.38977695522261158, 1.925000000000000488, 6.019702350770935517 ) ) ;
#6155 = EDGE_CURVE ( 'NONE', #6493, #2870, #2082, .T. ) ;
#6156 = CIRCLE ( 'NONE', #8479, 1.216835016934456837 ) ;
#6157 = CARTESIAN_POINT ( 'NONE',  ( 0.7999999999985443200, -0.3750000000000000000, 5.427376237343289667 ) ) ;
#6158 = ORIENTED_EDGE ( 'NONE', *, *, #8829, .T. ) ;
#6159 = CARTESIAN_POINT ( 'NONE',  ( -9.014586297939993997, 2.925000000000001599, -4.327032419940784358 ) ) ;
#6160 = CARTESIAN_POINT ( 'NONE',  ( 1.000021300494501109, 1.903999999999973491, 4.426778864538200686 ) ) ;
#6161 = EDGE_CURVE ( 'NONE', #6046, #9013, #863, .T. ) ;
#6162 = DIRECTION ( 'NONE',  ( 3.491481338843084446E-15, 3.491481338843206719E-15, 1.000000000000000000 ) ) ;
#6163 = CARTESIAN_POINT ( 'NONE',  ( 1.360223044777167045, 1.925000000000001821, -7.069702350770855404 ) ) ;
#6164 = FACE_OUTER_BOUND ( 'NONE', #10395, .T. ) ;
#6165 = LINE ( 'NONE', #4990, #5878 ) ;
#6166 = EDGE_CURVE ( 'NONE', #7272, #8920, #724, .T. ) ;
#6167 = ADVANCED_FACE ( 'NONE', ( #5283 ), #2340, .F. ) ;
#6168 = VERTEX_POINT ( 'NONE', #2886 ) ;
#6169 = ORIENTED_EDGE ( 'NONE', *, *, #7340, .F. ) ;
#6170 = CARTESIAN_POINT ( 'NONE',  ( -14.98613804021823981, -0.5941511440240342390, 0.6291209165628509625 ) ) ;
#6171 = CARTESIAN_POINT ( 'NONE',  ( 0.9805633608424491054, 0.6999999999999999556, 0.03709201297246063345 ) ) ;
#6172 = LINE ( 'NONE', #3251, #3922 ) ;
#6173 = B_SPLINE_CURVE_WITH_KNOTS ( 'NONE', 3,
 ( #3117, #3155, #2317, #5561, #440, #2174 ),
 .UNSPECIFIED., .F., .F.,
 ( 4, 2, 4 ),
 ( 8.673617379884035472E-19, 0.0001023751967294912534, 0.0002047503934589816395 ),
 .UNSPECIFIED. ) ;
#6174 = DIRECTION ( 'NONE',  ( -1.047444401652941269E-14, 1.000000000000000000, -3.491481338843170037E-15 ) ) ;
#6175 = EDGE_CURVE ( 'NONE', #9501, #7078, #7014, .T. ) ;
#6176 = CARTESIAN_POINT ( 'NONE',  ( 2.303138890782218340, 1.925000000000000266, 5.671730273688504909 ) ) ;
#6177 = CARTESIAN_POINT ( 'NONE',  ( 15.00000000000000178, 0.1999999999999999833, -2.499999999999967581 ) ) ;
#6178 = VECTOR ( 'NONE', #8734, 1000.000000000000000 ) ;
#6179 = VERTEX_POINT ( 'NONE', #1158 ) ;
#6180 = ORIENTED_EDGE ( 'NONE', *, *, #7109, .T. ) ;
#6181 = EDGE_CURVE ( 'NONE', #10453, #4448, #8982, .T. ) ;
#6182 = ORIENTED_EDGE ( 'NONE', *, *, #5579, .T. ) ;
#6183 = CARTESIAN_POINT ( 'NONE',  ( 15.00000000000000000, 0.3129999999999998339, 0.4529999999999999027 ) ) ;
#6184 = CARTESIAN_POINT ( 'NONE',  ( -0.6249999988406503837, 1.858999999999998876, 16.75100000600095740 ) ) ;
#6185 = LINE ( 'NONE', #8148, #8029 ) ;
#6186 = DIRECTION ( 'NONE',  ( -1.703767317533126255E-17, 1.000000000000000000, 1.212737214708384717E-16 ) ) ;
#6187 = VECTOR ( 'NONE', #2834, 1000.000000000000000 ) ;
#6188 = DIRECTION ( 'NONE',  ( -1.703767317533126255E-17, 1.000000000000000000, 1.212737214708384717E-16 ) ) ;
#6189 = DIRECTION ( 'NONE',  ( -3.469446951953605101E-13, 0.000000000000000000, 1.000000000000000000 ) ) ;
#6190 = EDGE_CURVE ( 'NONE', #5814, #10643, #4740, .T. ) ;
#6191 = ORIENTED_EDGE ( 'NONE', *, *, #379, .F. ) ;
#6192 = CARTESIAN_POINT ( 'NONE',  ( -18.49763933555497530, -0.06387604244418397526, -0.5208092751137488596 ) ) ;
#6193 = AXIS2_PLACEMENT_3D ( 'NONE', #399, #2204, #6375 ) ;
#6194 = ORIENTED_EDGE ( 'NONE', *, *, #3981, .T. ) ;
#6195 = DIRECTION ( 'NONE',  ( -0.000000000000000000, -1.000000000000000000, -0.000000000000000000 ) ) ;
#6196 = ORIENTED_EDGE ( 'NONE', *, *, #569, .F. ) ;
#6197 = VECTOR ( 'NONE', #9092, 1000.000000000000000 ) ;
#6198 = DIRECTION ( 'NONE',  ( -1.000000000000000000, 0.000000000000000000, 9.637352644315571478E-15 ) ) ;
#6199 = LINE ( 'NONE', #7283, #9914 ) ;
#6200 = CIRCLE ( 'NONE', #10630, 0.2500000000000004441 ) ;
#6201 = AXIS2_PLACEMENT_3D ( 'NONE', #10348, #5378, #7801 ) ;
#6202 = DIRECTION ( 'NONE',  ( 1.047444401652941269E-14, -1.000000000000000000, 3.491481338843170037E-15 ) ) ;
#6203 = CARTESIAN_POINT ( 'NONE',  ( 0.7999999999985445420, -0.3750000000000000555, 5.201308188236825281 ) ) ;
#6204 = CARTESIAN_POINT ( 'NONE',  ( -15.19998982658274933, 0.2018625665936034097, -0.8000064914233880886 ) ) ;
#6205 = TOROIDAL_SURFACE ( 'NONE', #4700, 4.784696352579026701, 0.2000000000000000111 ) ;
#6206 = AXIS2_PLACEMENT_3D ( 'NONE', #10931, #4925, #10903 ) ;
#6207 = VERTEX_POINT ( 'NONE', #5477 ) ;
#6208 = CIRCLE ( 'NONE', #3134, 0.06000000000000015737 ) ;
#6209 = ORIENTED_EDGE ( 'NONE', *, *, #5261, .T. ) ;
#6210 = FACE_OUTER_BOUND ( 'NONE', #5122, .T. ) ;
#6211 = DIRECTION ( 'NONE',  ( 1.000000000000000000, 1.071446852809204308E-14, 0.000000000000000000 ) ) ;
#6212 = CARTESIAN_POINT ( 'NONE',  ( 15.18463543064158650, -0.5055847700599308547, 0.3770280258276224594 ) ) ;
#6213 = CARTESIAN_POINT ( 'NONE',  ( 0.8079384355512074789, -0.8297926682203176085, 4.637186379942736636 ) ) ;
#6214 = LINE ( 'NONE', #6159, #1419 ) ;
#6215 = FACE_OUTER_BOUND ( 'NONE', #8766, .T. ) ;
#6216 = FACE_OUTER_BOUND ( 'NONE', #1453, .T. ) ;
#6217 = ORIENTED_EDGE ( 'NONE', *, *, #8876, .F. ) ;
#6218 = LINE ( 'NONE', #7021, #75 ) ;
#6219 = EDGE_CURVE ( 'NONE', #4102, #8054, #9536, .T. ) ;
#6220 = VERTEX_POINT ( 'NONE', #8892 ) ;
#6221 = CARTESIAN_POINT ( 'NONE',  ( -1.061723531073633042, 0.1895890986109715348, -7.500181722959706754 ) ) ;
#6222 = CARTESIAN_POINT ( 'NONE',  ( 1.260269726311448180, 1.925000000000001599, -5.018845878733295685 ) ) ;
#6223 = CARTESIAN_POINT ( 'NONE',  ( 10.62968082846553841, 2.825000000000001954, -5.402965055624983748 ) ) ;
#6224 = ADVANCED_FACE ( 'NONE', ( #4219 ), #5400, .T. ) ;
#6225 = DIRECTION ( 'NONE',  ( 1.000000000000000000, 1.703767317532268985E-17, -6.997874502090439819E-15 ) ) ;
#6226 = CARTESIAN_POINT ( 'NONE',  ( 10.00000000000000178, -0.8160471443862370444, 2.499999999999999556 ) ) ;
#6227 = VECTOR ( 'NONE', #7379, 1000.000000000000000 ) ;
#6228 = ORIENTED_EDGE ( 'NONE', *, *, #8292, .F. ) ;
#6229 = VECTOR ( 'NONE', #506, 1000.000000000000000 ) ;
#6230 = VERTEX_POINT ( 'NONE', #6260 ) ;
#6231 = ORIENTED_EDGE ( 'NONE', *, *, #6449, .F. ) ;
#6232 = ORIENTED_EDGE ( 'NONE', *, *, #2374, .T. ) ;
#6233 = EDGE_CURVE ( 'NONE', #973, #4448, #4613, .T. ) ;
#6234 = DIRECTION ( 'NONE',  ( 1.000000000000000000, 1.047444401652940007E-14, -3.491481338843121128E-15 ) ) ;
#6235 = DIRECTION ( 'NONE',  ( 1.000000000000000000, 1.047444401652940007E-14, -3.491481338843121522E-15 ) ) ;
#6236 = EDGE_CURVE ( 'NONE', #907, #4054, #2212, .T. ) ;
#6237 = CARTESIAN_POINT ( 'NONE',  ( -9.999999999999998224, -0.8750000000000000000, -6.767689368251049054 ) ) ;
#6238 = CARTESIAN_POINT ( 'NONE',  ( -1.049659615087913389, 0.7120518000222364474, 7.491062102584008286 ) ) ;
#6239 = CIRCLE ( 'NONE', #5351, 5.000000000000000888 ) ;
#6240 = CARTESIAN_POINT ( 'NONE',  ( 2.020509310432685890, 0.6999999999999999556, 4.991939282416709034 ) ) ;
#6241 = VERTEX_POINT ( 'NONE', #7185 ) ;
#6242 = ORIENTED_EDGE ( 'NONE', *, *, #5454, .T. ) ;
#6243 = EDGE_LOOP ( 'NONE', ( #10972, #3180, #878, #9828, #5305 ) ) ;
#6244 = ORIENTED_EDGE ( 'NONE', *, *, #6771, .F. ) ;
#6245 = CARTESIAN_POINT ( 'NONE',  ( -0.9919033010572734232, 0.6999999999999999556, 5.696930015023211169 ) ) ;
#6246 = DIRECTION ( 'NONE',  ( -0.9848077530122156809, 4.280128095947078309E-18, -0.1736481776668869492 ) ) ;
#6247 = EDGE_CURVE ( 'NONE', #9910, #9888, #7127, .T. ) ;
#6248 = CIRCLE ( 'NONE', #4298, 1.030563360842450926 ) ;
#6249 = B_SPLINE_CURVE_WITH_KNOTS ( 'NONE', 3,
 ( #1995, #7183, #2098, #8808, #5327, #8027, #7038, #9752, #1199, #1951, #6288, #210, #10549, #7890, #7142, #2821 ),
 .UNSPECIFIED., .F., .F.,
 ( 4, 3, 3, 3, 3, 4 ),
 ( 2.623781743926616744E-12, 1.678807746774057185E-05, 3.357613651861517036E-05, 5.036448853140983216E-05, 6.758093670562837310E-05, 7.826800165874954365E-05 ),
 .UNSPECIFIED. ) ;
#6250 = CARTESIAN_POINT ( 'NONE',  ( 12.74999999999987210, 1.925000000000001821, -5.749999999999997335 ) ) ;
#6251 = CARTESIAN_POINT ( 'NONE',  ( -14.98466589161030527, -0.6784904812874568147, 0.4712850322845282269 ) ) ;
#6252 = CARTESIAN_POINT ( 'NONE',  ( -0.09999999998406249035, 1.704999999999956772, 2.900000011804331645 ) ) ;
#6253 = VERTEX_POINT ( 'NONE', #1079 ) ;
#6254 = VERTEX_POINT ( 'NONE', #4525 ) ;
#6255 = EDGE_CURVE ( 'NONE', #1621, #4772, #6458, .T. ) ;
#6256 = ORIENTED_EDGE ( 'NONE', *, *, #8792, .T. ) ;
#6257 = EDGE_CURVE ( 'NONE', #6472, #9660, #198, .T. ) ;
#6258 = CARTESIAN_POINT ( 'NONE',  ( 7.500000000000000000, 0.6999999999999999556, -6.854811288084812659 ) ) ;
#6259 = DIRECTION ( 'NONE',  ( -1.000000000000000000, 0.000000000000000000, 6.938893903907226800E-15 ) ) ;
#6260 = CARTESIAN_POINT ( 'NONE',  ( -12.30783666301328871, 1.925000000000001377, -6.034150635094428061 ) ) ;
#6261 = DIRECTION ( 'NONE',  ( -0.5000000000000269784, 9.650728701755898344E-17, -0.8660254037844230535 ) ) ;
#6262 = CARTESIAN_POINT ( 'NONE',  ( 18.50000000000000355, -0.1204143299231160008, 0.4544655561386420350 ) ) ;
#6263 = CARTESIAN_POINT ( 'NONE',  ( 13.16368060961657882, 1.925000000000000488, 5.927111132420249895 ) ) ;
#6264 = CARTESIAN_POINT ( 'NONE',  ( 12.69654243516054848, 1.925000000000000488, 5.303186516808808371 ) ) ;
#6265 = AXIS2_PLACEMENT_3D ( 'NONE', #7224, #3847, #7170 ) ;
#6266 = VERTEX_POINT ( 'NONE', #4631 ) ;
#6267 = DIRECTION ( 'NONE',  ( 1.047444401652941269E-14, -1.000000000000000000, 3.491481338843170037E-15 ) ) ;
#6268 = DIRECTION ( 'NONE',  ( 8.129567671358975917E-16, 0.000000000000000000, -1.000000000000000000 ) ) ;
#6269 =( BOUNDED_CURVE ( )  B_SPLINE_CURVE ( 3, ( #3866, #4694, #9019, #4761 ),
 .UNSPECIFIED., .F., .F. ) 
 B_SPLINE_CURVE_WITH_KNOTS ( ( 4, 4 ),
 ( 3.632339849553219313, 4.708898492009504722 ),
 .UNSPECIFIED. ) 
 CURVE ( )  GEOMETRIC_REPRESENTATION_ITEM ( )  RATIONAL_B_SPLINE_CURVE ( ( 1.000000000000000000, 0.9057280493933582699, 0.9057280493933582699, 1.000000000000000000 ) ) 
 REPRESENTATION_ITEM ( '' )  );
#6270 = FACE_BOUND ( 'NONE', #4024, .T. ) ;
#6271 = CARTESIAN_POINT ( 'NONE',  ( 3.815954912739250471, -0.8160471443862371554, 4.458956801675580728 ) ) ;
#6272 = CARTESIAN_POINT ( 'NONE',  ( -1.101919441108222930, 0.7815024086775929080, 7.489849837700590207 ) ) ;
#6273 = DIRECTION ( 'NONE',  ( 3.542502617548284794E-15, 3.491481338843207114E-15, 1.000000000000000000 ) ) ;
#6274 = VERTEX_POINT ( 'NONE', #8746 ) ;
#6275 = ORIENTED_EDGE ( 'NONE', *, *, #5454, .F. ) ;
#6276 = ADVANCED_FACE ( 'NONE', ( #6210 ), #10438, .F. ) ;
#6277 = AXIS2_PLACEMENT_3D ( 'NONE', #10379, #9425, #2642 ) ;
#6278 = LINE ( 'NONE', #2842, #5867 ) ;
#6279 = CARTESIAN_POINT ( 'NONE',  ( 0.6250000011593496163, 1.859000000000012198, 16.75100000600095385 ) ) ;
#6280 = VERTEX_POINT ( 'NONE', #8171 ) ;
#6281 = EDGE_CURVE ( 'NONE', #3450, #7625, #5169, .T. ) ;
#6282 = DIRECTION ( 'NONE',  ( 1.703767317533126255E-17, -1.000000000000000000, -1.212737214708384717E-16 ) ) ;
#6283 = CARTESIAN_POINT ( 'NONE',  ( -15.16466316231347911, -0.6000007151644728420, -0.06510089988291602181 ) ) ;
#6284 = CARTESIAN_POINT ( 'NONE',  ( 12.61006929586268654, 0.6999999999999999556, 2.030563360842450038 ) ) ;
#6285 = AXIS2_PLACEMENT_3D ( 'NONE', #10283, #4373, #9560 ) ;
#6286 = ORIENTED_EDGE ( 'NONE', *, *, #290, .T. ) ;
#6287 = CARTESIAN_POINT ( 'NONE',  ( 3.125000001159366825, 1.605000000000055493, 21.50000000600094907 ) ) ;
#6288 = CARTESIAN_POINT ( 'NONE',  ( -18.49541036440311359, -0.06140287753236054608, 0.5159316001114293559 ) ) ;
#6289 = LINE ( 'NONE', #2760, #4041 ) ;
#6290 = CARTESIAN_POINT ( 'NONE',  ( 14.67621122688194824, 2.925000000000001599, -3.333995540504976152 ) ) ;
#6291 = CARTESIAN_POINT ( 'NONE',  ( 18.50000000000000000, 0.3001928563916361203, 0.6185521380491205701 ) ) ;
#6292 = CARTESIAN_POINT ( 'NONE',  ( 15.14791356334722217, 0.2000000000000101696, 0.8000000000000000444 ) ) ;
#6293 = CARTESIAN_POINT ( 'NONE',  ( -12.38977695522281586, 1.925000000000001377, -5.480297649228878853 ) ) ;
#6294 = ORIENTED_EDGE ( 'NONE', *, *, #2357, .F. ) ;
#6295 = ORIENTED_EDGE ( 'NONE', *, *, #3744, .F. ) ;
#6296 = CARTESIAN_POINT ( 'NONE',  ( -7.499980906585787643, 1.704999999999885718, 4.750000011988535498 ) ) ;
#6297 = EDGE_CURVE ( 'NONE', #2877, #3984, #7881, .T. ) ;
#6298 = CARTESIAN_POINT ( 'NONE',  ( -2.552244423029835563, 1.925000000000000044, 7.080042615407155182 ) ) ;
#6299 = LINE ( 'NONE', #1462, #7474 ) ;
#6300 = VECTOR ( 'NONE', #3914, 1000.000000000000000 ) ;
#6301 = DIRECTION ( 'NONE',  ( -6.911138328291599464E-15, 1.212737214708358339E-16, -1.000000000000000000 ) ) ;
#6302 = DIRECTION ( 'NONE',  ( 0.000000000000000000, 0.000000000000000000, -1.000000000000000000 ) ) ;
#6303 = ORIENTED_EDGE ( 'NONE', *, *, #8370, .T. ) ;
#6304 = DIRECTION ( 'NONE',  ( -6.938893903907222067E-15, 0.000000000000000000, -1.000000000000000000 ) ) ;
#6305 = CARTESIAN_POINT ( 'NONE',  ( 1.158043186703331173, -0.3750000000000000555, 4.628087551644707531 ) ) ;
#6306 = ORIENTED_EDGE ( 'NONE', *, *, #9465, .F. ) ;
#6307 = DIRECTION ( 'NONE',  ( -0.000000000000000000, 1.000000000000000000, -0.000000000000000000 ) ) ;
#6308 = EDGE_CURVE ( 'NONE', #9619, #4987, #10488, .T. ) ;
#6309 = VECTOR ( 'NONE', #6482, 1000.000000000000227 ) ;
#6310 = VECTOR ( 'NONE', #1387, 1000.000000000000000 ) ;
#6311 = VERTEX_POINT ( 'NONE', #9754 ) ;
#6312 = CARTESIAN_POINT ( 'NONE',  ( 8.399251393375605446, 2.825000000000001066, -2.008636705607823369 ) ) ;
#6313 = VERTEX_POINT ( 'NONE', #7207 ) ;
#6314 = EDGE_CURVE ( 'NONE', #3327, #3993, #9661, .T. ) ;
#6315 = CARTESIAN_POINT ( 'NONE',  ( 1.442163336986703071, 1.925000000000001821, -6.515849364905307972 ) ) ;
#6316 = ORIENTED_EDGE ( 'NONE', *, *, #10784, .F. ) ;
#6317 = DIRECTION ( 'NONE',  ( -1.000000000000000000, -0.000000000000000000, 0.000000000000000000 ) ) ;
#6318 = EDGE_CURVE ( 'NONE', #5620, #1912, #6269, .T. ) ;
#6319 = CARTESIAN_POINT ( 'NONE',  ( 15.16466316231348266, -0.6000007151644728420, 0.06510089988291595242 ) ) ;
#6320 = CARTESIAN_POINT ( 'NONE',  ( 0.6250000011593649374, 1.859000000000026853, 21.00100000600095385 ) ) ;
#6321 = DIRECTION ( 'NONE',  ( -1.000000000000000000, 0.000000000000000000, 6.936764332878106497E-15 ) ) ;
#6322 = LINE ( 'NONE', #3131, #4960 ) ;
#6323 = VECTOR ( 'NONE', #3402, 1000.000000000000000 ) ;
#6324 = CARTESIAN_POINT ( 'NONE',  ( 18.49999999999999645, -0.04102533133524698117, 0.4944045080895106969 ) ) ;
#6325 = ORIENTED_EDGE ( 'NONE', *, *, #8783, .F. ) ;
#6326 = AXIS2_PLACEMENT_3D ( 'NONE', #3368, #7581, #801 ) ;
#6327 = ORIENTED_EDGE ( 'NONE', *, *, #5022, .T. ) ;
#6328 = DIRECTION ( 'NONE',  ( -1.000000000000000000, 0.000000000000000000, 6.863406560351606214E-15 ) ) ;
#6329 = VECTOR ( 'NONE', #526, 1000.000000000000000 ) ;
#6330 = ADVANCED_FACE ( 'NONE', ( #8186 ), #6500, .T. ) ;
#6331 = DIRECTION ( 'NONE',  ( 1.000000000000000000, 1.029992063861224321E-14, -4.336808689941997226E-15 ) ) ;
#6332 = EDGE_CURVE ( 'NONE', #8742, #5060, #7253, .T. ) ;
#6333 = ORIENTED_EDGE ( 'NONE', *, *, #8843, .T. ) ;
#6334 = DIRECTION ( 'NONE',  ( 1.000000000000000000, 1.047444401652940007E-14, -3.491481338843121128E-15 ) ) ;
#6335 = LINE ( 'NONE', #2015, #7927 ) ;
#6336 = ORIENTED_EDGE ( 'NONE', *, *, #7096, .T. ) ;
#6337 = CARTESIAN_POINT ( 'NONE',  ( -15.00000000000000000, 0.3129999999999997784, -0.4500000000000001221 ) ) ;
#6338 = FACE_BOUND ( 'NONE', #2010, .T. ) ;
#6339 = AXIS2_PLACEMENT_3D ( 'NONE', #4335, #7613, #7737 ) ;
#6340 = DIRECTION ( 'NONE',  ( -1.703767317533126255E-17, 1.000000000000000000, 1.212737214708384717E-16 ) ) ;
#6341 = DIRECTION ( 'NONE',  ( 1.000000000000000000, 1.047444401652940007E-14, -3.593523896253521429E-15 ) ) ;
#6342 = CIRCLE ( 'NONE', #9774, 0.2499999971587929248 ) ;
#6343 = FACE_OUTER_BOUND ( 'NONE', #6086, .T. ) ;
#6344 = ORIENTED_EDGE ( 'NONE', *, *, #9771, .F. ) ;
#6345 = VERTEX_POINT ( 'NONE', #3923 ) ;
#6346 = DIRECTION ( 'NONE',  ( 1.703767317533126255E-17, -1.000000000000000000, -1.212737214708384717E-16 ) ) ;
#6347 = CARTESIAN_POINT ( 'NONE',  ( -1.101388203507722929, 0.7795301256931738143, 7.380399361577286044 ) ) ;
#6348 = CARTESIAN_POINT ( 'NONE',  ( 4.591272467534436075, -0.8749999999999998890, 5.433504217327678631 ) ) ;
#6349 = EDGE_CURVE ( 'NONE', #7398, #3417, #4645, .T. ) ;
#6350 = AXIS2_PLACEMENT_3D ( 'NONE', #6761, #769, #2546 ) ;
#6351 = CARTESIAN_POINT ( 'NONE',  ( 0.8999999999999716005, 0.6999999999999999556, -5.854811288084814436 ) ) ;
#6352 = FACE_OUTER_BOUND ( 'NONE', #3433, .T. ) ;
#6353 = CARTESIAN_POINT ( 'NONE',  ( -3.495862000206481746, 1.858999999999922936, 3.628500006000970224 ) ) ;
#6354 = ORIENTED_EDGE ( 'NONE', *, *, #7481, .F. ) ;
#6355 = ORIENTED_EDGE ( 'NONE', *, *, #1219, .T. ) ;
#6356 = ORIENTED_EDGE ( 'NONE', *, *, #349, .T. ) ;
#6357 = VERTEX_POINT ( 'NONE', #2195 ) ;
#6358 = FACE_OUTER_BOUND ( 'NONE', #9484, .T. ) ;
#6359 = ORIENTED_EDGE ( 'NONE', *, *, #1915, .F. ) ;
#6360 = CARTESIAN_POINT ( 'NONE',  ( -15.17810694052504772, -0.5601124527808262199, -0.2578770785306258584 ) ) ;
#6361 = CARTESIAN_POINT ( 'NONE',  ( 18.45135791760813504, 0.4488050602987024296, 0.4890202651359426556 ) ) ;
#6362 = AXIS2_PLACEMENT_3D ( 'NONE', #5144, #34, #4235 ) ;
#6363 = DIRECTION ( 'NONE',  ( -1.000000000000000000, -1.047444401652940007E-14, 3.491481338843121128E-15 ) ) ;
#6364 = EDGE_CURVE ( 'NONE', #4772, #2930, #2630, .T. ) ;
#6365 = CYLINDRICAL_SURFACE ( 'NONE', #3816, 0.1000000000000002554 ) ;
#6366 = DIRECTION ( 'NONE',  ( -1.000000000000000000, 0.000000000000000000, 5.782411586589369866E-15 ) ) ;
#6367 = VERTEX_POINT ( 'NONE', #424 ) ;
#6368 = VERTEX_POINT ( 'NONE', #2161 ) ;
#6369 = VERTEX_POINT ( 'NONE', #9860 ) ;
#6370 = DIRECTION ( 'NONE',  ( -1.000000000000000000, -1.703767317532373140E-17, 1.558475570817568542E-14 ) ) ;
#6371 = ORIENTED_EDGE ( 'NONE', *, *, #3234, .T. ) ;
#6372 = CARTESIAN_POINT ( 'NONE',  ( -15.00000000000006573, 2.675000000000000266, 2.500000000000193179 ) ) ;
#6373 = DIRECTION ( 'NONE',  ( -1.703767317533126255E-17, 1.000000000000000000, 1.212737214708384717E-16 ) ) ;
#6374 = DIRECTION ( 'NONE',  ( 0.9998476951563912696, -0.01745240643728512842, -8.673617379884032317E-15 ) ) ;
#6375 = DIRECTION ( 'NONE',  ( 1.000000000000000000, 0.000000000000000000, -6.938893903907228378E-15 ) ) ;
#6376 = EDGE_CURVE ( 'NONE', #1138, #9128, #5920, .T. ) ;
#6377 = LINE ( 'NONE', #5580, #10391 ) ;
#6378 = EDGE_CURVE ( 'NONE', #9726, #1872, #3423, .T. ) ;
#6379 = ORIENTED_EDGE ( 'NONE', *, *, #7109, .F. ) ;
#6380 = VERTEX_POINT ( 'NONE', #9830 ) ;
#6381 = DIRECTION ( 'NONE',  ( -0.9848077530122127943, 4.280128095949149840E-18, -0.1736481776669036303 ) ) ;
#6382 = EDGE_CURVE ( 'NONE', #2754, #9131, #9927, .T. ) ;
#6383 = CARTESIAN_POINT ( 'NONE',  ( 15.00000000000000000, -0.1415100000000001079, -0.4500000000000000666 ) ) ;
#6384 = CARTESIAN_POINT ( 'NONE',  ( 1.000021300494533971, 1.904000000000006576, 13.87497886453820328 ) ) ;
#6385 = ORIENTED_EDGE ( 'NONE', *, *, #1601, .T. ) ;
#6386 = CARTESIAN_POINT ( 'NONE',  ( 12.85975103337100833, 2.825000000000001510, -4.327032419940936236 ) ) ;
#6387 = CARTESIAN_POINT ( 'NONE',  ( 4.514231757069800288, -0.8749999999999998890, 4.988004466699687001 ) ) ;
#6388 = ADVANCED_FACE ( 'NONE', ( #4496 ), #2457, .F. ) ;
#6389 = CARTESIAN_POINT ( 'NONE',  ( 3.125000001159363716, 1.785000000000055431, 21.50000000600094552 ) ) ;
#6390 = DIRECTION ( 'NONE',  ( 0.01744974916068273846, 0.9996954598818874604, -0.01744974916068272111 ) ) ;
#6391 = EDGE_CURVE ( 'NONE', #9415, #7907, #1139, .T. ) ;
#6392 = VERTEX_POINT ( 'NONE', #9049 ) ;
#6393 =( BOUNDED_CURVE ( )  B_SPLINE_CURVE ( 3, ( #3189, #4220, #6025, #11016 ),
 .UNSPECIFIED., .F., .F. ) 
 B_SPLINE_CURVE_WITH_KNOTS ( ( 4, 4 ),
 ( 2.356346783439929204, 3.926838523739659692 ),
 .UNSPECIFIED. ) 
 CURVE ( )  GEOMETRIC_REPRESENTATION_ITEM ( )  RATIONAL_B_SPLINE_CURVE ( ( 1.000000000000000000, 0.8048096403827865730, 0.8048096403827865730, 1.000000000000000000 ) ) 
 REPRESENTATION_ITEM ( '' )  );
#6394 = CARTESIAN_POINT ( 'NONE',  ( -1.230336675081826980, 1.925000000000000266, 7.410928177211881795 ) ) ;
#6395 = CARTESIAN_POINT ( 'NONE',  ( 4.045417383973622272, -0.3750000000000000555, 4.504044668701401299 ) ) ;
#6396 = EDGE_CURVE ( 'NONE', #511, #5567, #2896, .T. ) ;
#6397 = AXIS2_PLACEMENT_3D ( 'NONE', #4874, #8259, #2209 ) ;
#6398 = VERTEX_POINT ( 'NONE', #10865 ) ;
#6399 = PLANE ( 'NONE',  #10661 ) ;
#6400 = CARTESIAN_POINT ( 'NONE',  ( -15.00000000000000000, 0.3129999999999998339, 0.4499999999999999001 ) ) ;
#6401 = CARTESIAN_POINT ( 'NONE',  ( -6.500000000000059508, 2.825000000000000622, 0.8000000000001330491 ) ) ;
#6402 = CALENDAR_DATE ( 2024, 26, 1 ) ;
#6403 = VERTEX_POINT ( 'NONE', #7423 ) ;
#6404 = CARTESIAN_POINT ( 'NONE',  ( 14.98841848880508287, -0.4635043319831209097, -0.7667534531645145979 ) ) ;
#6405 = DIRECTION ( 'NONE',  ( 1.000000000000000000, 1.703767317532270218E-17, -7.084610675889280174E-15 ) ) ;
#6406 = DIRECTION ( 'NONE',  ( -1.000000000000000000, -1.703767317533210072E-17, 6.911138328291599464E-15 ) ) ;
#6407 = VECTOR ( 'NONE', #5285, 1000.000000000000000 ) ;
#6408 = CARTESIAN_POINT ( 'NONE',  ( 4.592254794280439256, -0.8187225384125158545, 5.433541419128903094 ) ) ;
#6409 = CARTESIAN_POINT ( 'NONE',  ( -15.00000000000000000, 0.3129999999999997784, 0.4499999999999999001 ) ) ;
#6410 = VERTEX_POINT ( 'NONE', #4065 ) ;
#6411 = AXIS2_PLACEMENT_3D ( 'NONE', #5865, #10977, #4173 ) ;
#6412 = CARTESIAN_POINT ( 'NONE',  ( 18.49999999999969091, 0.2917359935229381085, -0.5695610537810535945 ) ) ;
#6413 = CARTESIAN_POINT ( 'NONE',  ( -12.33631939038333591, 1.925000000000000044, 5.572888867579917971 ) ) ;
#6414 = EDGE_CURVE ( 'NONE', #6207, #10621, #5123, .T. ) ;
#6415 = FACE_OUTER_BOUND ( 'NONE', #5313, .T. ) ;
#6416 = DIRECTION ( 'NONE',  ( 1.047444401652941269E-14, -1.000000000000000000, 3.491481338843170037E-15 ) ) ;
#6417 = CARTESIAN_POINT ( 'NONE',  ( 14.78469635257902937, -0.6750000000000000444, -2.499999999999967581 ) ) ;
#6418 = CIRCLE ( 'NONE', #1641, 0.2076985065416663279 ) ;
#6419 = AXIS2_PLACEMENT_3D ( 'NONE', #9835, #6432, #4733 ) ;
#6420 = CARTESIAN_POINT ( 'NONE',  ( 1.000021300494533971, 1.904000000000006576, 13.87497886453820328 ) ) ;
#6421 = ORIENTED_EDGE ( 'NONE', *, *, #9664, .F. ) ;
#6422 = VERTEX_POINT ( 'NONE', #3246 ) ;
#6423 = CARTESIAN_POINT ( 'NONE',  ( 11.70720044927873360, 2.925000000000001599, -4.327032419940927355 ) ) ;
#6424 = SPHERICAL_SURFACE ( 'NONE', #6277, 0.1000000000000000056 ) ;
#6425 = VECTOR ( 'NONE', #1330, 1000.000000000000114 ) ;
#6426 = DIRECTION ( 'NONE',  ( -1.000000000000000000, 0.000000000000000000, 0.000000000000000000 ) ) ;
#6427 = ADVANCED_FACE ( 'NONE', ( #4482 ), #4853, .T. ) ;
#6428 = CARTESIAN_POINT ( 'NONE',  ( 16.24999999999999645, 1.150000000000000133, 0.000000000000000000 ) ) ;
#6429 = DIRECTION ( 'NONE',  ( -0.01745240643728354635, -0.9998476951563911586, 0.000000000000000000 ) ) ;
#6430 = EDGE_LOOP ( 'NONE', ( #3463, #6231, #9141, #2285 ) ) ;
#6431 = CARTESIAN_POINT ( 'NONE',  ( -9.999999999999998224, -0.3750000000000000000, -2.499999999999999556 ) ) ;
#6432 = DIRECTION ( 'NONE',  ( 0.000000000000000000, -0.000000000000000000, -1.000000000000000000 ) ) ;
#6433 = ORIENTED_EDGE ( 'NONE', *, *, #7779, .F. ) ;
#6434 = DIRECTION ( 'NONE',  ( -1.703767317533126255E-17, 1.000000000000000000, 1.212737214708384717E-16 ) ) ;
#6435 = ORIENTED_EDGE ( 'NONE', *, *, #5146, .F. ) ;
#6436 = VECTOR ( 'NONE', #6626, 1000.000000000000000 ) ;
#6437 = DIRECTION ( 'NONE',  ( -1.000000000000000000, -1.703767317533210380E-17, 6.938893903907229167E-15 ) ) ;
#6438 = FACE_OUTER_BOUND ( 'NONE', #1745, .T. ) ;
#6439 = DIRECTION ( 'NONE',  ( 1.703767317533126255E-17, -1.000000000000000000, -1.212737214708384717E-16 ) ) ;
#6440 = VERTEX_POINT ( 'NONE', #5682 ) ;
#6441 = CARTESIAN_POINT ( 'NONE',  ( 6.318466889090752873E-16, -0.6750000000000000444, 7.284696352579026701 ) ) ;
#6442 = ORIENTED_EDGE ( 'NONE', *, *, #5379, .F. ) ;
#6443 = DIRECTION ( 'NONE',  ( -1.000000000000000000, 0.000000000000000000, 8.673617379884069985E-17 ) ) ;
#6444 = EDGE_CURVE ( 'NONE', #2850, #9501, #1004, .T. ) ;
#6445 = ORIENTED_EDGE ( 'NONE', *, *, #10670, .T. ) ;
#6446 = FACE_OUTER_BOUND ( 'NONE', #5804, .T. ) ;
#6447 = CIRCLE ( 'NONE', #6817, 0.2500000000000002220 ) ;
#6448 = DIRECTION ( 'NONE',  ( 3.469446951953611033E-15, 0.000000000000000000, -1.000000000000000000 ) ) ;
#6449 = EDGE_CURVE ( 'NONE', #4527, #181, #1395, .T. ) ;
#6450 = DIRECTION ( 'NONE',  ( -1.047444401652941269E-14, 1.000000000000000000, -3.491481338843170037E-15 ) ) ;
#6451 = AXIS2_PLACEMENT_3D ( 'NONE', #6152, #8707, #1054 ) ;
#6452 = DIRECTION ( 'NONE',  ( 0.01139069190237314462, 0.9998476951563911586, 0.01322265587684059128 ) ) ;
#6453 = DIRECTION ( 'NONE',  ( 0.000000000000000000, 1.000000000000000000, -0.000000000000000000 ) ) ;
#6454 = CIRCLE ( 'NONE', #5613, 0.2499999967830899839 ) ;
#6455 = ORIENTED_EDGE ( 'NONE', *, *, #4470, .F. ) ;
#6456 = LINE ( 'NONE', #3426, #4217 ) ;
#6457 = VERTEX_POINT ( 'NONE', #9164 ) ;
#6458 = CIRCLE ( 'NONE', #11037, 0.4500000000000007327 ) ;
#6459 = AXIS2_PLACEMENT_3D ( 'NONE', #3693, #2807, #3800 ) ;
#6460 = DIRECTION ( 'NONE',  ( -1.047444401652941269E-14, 1.000000000000000000, -3.491481338843170037E-15 ) ) ;
#6461 = DIRECTION ( 'NONE',  ( -1.703767317533126255E-17, 1.000000000000000000, 1.212737214708384717E-16 ) ) ;
#6462 =( BOUNDED_SURFACE ( )  B_SPLINE_SURFACE ( 3, 2, ( 
 ( #10361, #1794, #7698 ),
 ( #13, #1839, #4331 ),
 ( #6020, #2702, #10428 ),
 ( #2775, #9516, #8631 ),
 ( #8691, #1755, #10281 ),
 ( #5982, #8658, #52 ),
 ( #881, #159, #9452 ),
 ( #6143, #5170, #2669 ),
 ( #3519, #5206, #2622 ),
 ( #927, #6994, #3604 ),
 ( #9481, #5245, #6957 ),
 ( #3637, #99, #7732 ),
 ( #4372, #6064, #10400 ),
 ( #6111, #959, #129 ) ),
 .UNSPECIFIED., .F., .F., .F. ) 
 B_SPLINE_SURFACE_WITH_KNOTS ( ( 4, 2, 2, 2, 2, 2, 4 ),
 ( 3, 3 ),
 ( 1.551946770873357861, 2.346769712231575600, 2.744181182910684136, 3.141592653589793116, 3.539004124268902096, 3.936415594948010632, 4.731238536306228148 ),
 ( 0.000000000000000000, 1.000000000000000000 ),
 .UNSPECIFIED. ) 
 GEOMETRIC_REPRESENTATION_ITEM ( )  RATIONAL_B_SPLINE_SURFACE ( (
 ( 1.000000000000000000, 0.7069904700098078587, 1.000000000000000000),
 ( 1.000000000000000000, 0.7086301274187171151, 1.000000000000000000),
 ( 1.000000000000000000, 0.7102557005327209128, 1.000000000000000000),
 ( 1.000000000000000000, 0.7119953115974755331, 1.000000000000000000),
 ( 1.000000000000000000, 0.7124597090625610640, 1.000000000000000000),
 ( 1.000000000000000000, 0.7130873924641967232, 1.000000000000000000),
 ( 1.000000000000000000, 0.7132504491541847846, 1.000000000000000000),
 ( 1.000000000000000000, 0.7132504491541847846, 1.000000000000000000),
 ( 1.000000000000000000, 0.7130873924641967232, 1.000000000000000000),
 ( 1.000000000000000000, 0.7124597090625610640, 1.000000000000000000),
 ( 1.000000000000000000, 0.7119953115974828606, 1.000000000000000000),
 ( 1.000000000000000000, 0.7102557005327061468, 1.000000000000000000),
 ( 1.000000000000000000, 0.7086301274187281063, 1.000000000000000000),
 ( 1.000000000000000000, 0.7069904700098078587, 1.000000000000000000) ) ) 
 REPRESENTATION_ITEM ( '' )  SURFACE ( )  );
#6463 = DIRECTION ( 'NONE',  ( -0.01745240643728353247, -0.9998476951563912696, 2.388254069881834121E-18 ) ) ;
#6464 = MECHANICAL_CONTEXT ( 'NONE', #7279, 'mechanical' ) ;
#6465 = CARTESIAN_POINT ( 'NONE',  ( -9.999999999999964473, 1.925000000000000266, -7.410928177211881795 ) ) ;
#6466 = CARTESIAN_POINT ( 'NONE',  ( 8.911995110095148220, 2.925000000000001599, -1.735590392118734115 ) ) ;
#6467 = CARTESIAN_POINT ( 'NONE',  ( 0.8860207152529198105, 1.125000000000001332, -4.327032419940852748 ) ) ;
#6468 = LINE ( 'NONE', #5963, #4363 ) ;
#6469 = VECTOR ( 'NONE', #6538, 1000.000000000000000 ) ;
#6470 = CARTESIAN_POINT ( 'NONE',  ( 4.056180705592799640, 0.6999999999999999556, 6.034673796026331694 ) ) ;
#6471 = ORIENTED_EDGE ( 'NONE', *, *, #4764, .F. ) ;
#6472 = VERTEX_POINT ( 'NONE', #557 ) ;
#6473 = CYLINDRICAL_SURFACE ( 'NONE', #1336, 0.06000000000000015737 ) ;
#6474 = VERTEX_POINT ( 'NONE', #1565 ) ;
#6475 = DIRECTION ( 'NONE',  ( -1.000000000000000000, 0.000000000000000000, 6.897922088238998483E-15 ) ) ;
#6476 = CARTESIAN_POINT ( 'NONE',  ( -15.00000000000000000, -0.1400000000000001243, 0.3749999999999998890 ) ) ;
#6477 = CARTESIAN_POINT ( 'NONE',  ( 1.098269726311528194, 1.825000000000000178, 6.501638890782349023 ) ) ;
#6478 = AXIS2_PLACEMENT_3D ( 'NONE', #5660, #10808, #7292 ) ;
#6479 = CARTESIAN_POINT ( 'NONE',  ( 11.73207028027912102, 2.825000000000001510, -4.327032419940928243 ) ) ;
#6480 = FACE_OUTER_BOUND ( 'NONE', #984, .T. ) ;
#6481 = VERTEX_POINT ( 'NONE', #5718 ) ;
#6482 = DIRECTION ( 'NONE',  ( -0.9999999999999905631, -1.703768976406626187E-17, 1.367876270183164164E-07 ) ) ;
#6483 = ORIENTED_EDGE ( 'NONE', *, *, #4490, .T. ) ;
#6484 = ORIENTED_EDGE ( 'NONE', *, *, #3060, .T. ) ;
#6485 = EDGE_CURVE ( 'NONE', #5635, #1622, #10191, .T. ) ;
#6486 = VERTEX_POINT ( 'NONE', #9130 ) ;
#6487 = DIRECTION ( 'NONE',  ( 0.000000000000000000, 1.000000000000000000, -0.000000000000000000 ) ) ;
#6488 = CARTESIAN_POINT ( 'NONE',  ( 0.7128773063275514188, -0.8749999999999993339, 6.687445703049441192 ) ) ;
#6489 = CIRCLE ( 'NONE', #8467, 0.7999999999999999334 ) ;
#6490 = CARTESIAN_POINT ( 'NONE',  ( -15.19990861245377367, 0.1944152299400692396, 0.7999805062271064804 ) ) ;
#6491 = ORIENTED_EDGE ( 'NONE', *, *, #2374, .F. ) ;
#6492 = CARTESIAN_POINT ( 'NONE',  ( 14.99508947679883519, -0.08132368577999470050, 0.7628942714952187121 ) ) ;
#6493 = VERTEX_POINT ( 'NONE', #2299 ) ;
#6494 = AXIS2_PLACEMENT_3D ( 'NONE', #1803, #844, #5987 ) ;
#6495 = EDGE_LOOP ( 'NONE', ( #3464, #3686, #1218, #6719 ) ) ;
#6496 = DIRECTION ( 'NONE',  ( 0.6427876096865222655, 1.038526656440796138E-16, -0.7660444431189923353 ) ) ;
#6497 = ORIENTED_EDGE ( 'NONE', *, *, #1043, .F. ) ;
#6498 = EDGE_CURVE ( 'NONE', #4260, #532, #4978, .T. ) ;
#6499 = PLANE ( 'NONE',  #4078 ) ;
#6500 = PLANE ( 'NONE',  #6982 ) ;
#6501 = CYLINDRICAL_SURFACE ( 'NONE', #5046, 0.06000000000000015737 ) ;
#6502 = CARTESIAN_POINT ( 'NONE',  ( 10.00000000000000000, -0.6750000000000000444, -2.500000000000001332 ) ) ;
#6503 = ORIENTED_EDGE ( 'NONE', *, *, #3639, .T. ) ;
#6504 = DIRECTION ( 'NONE',  ( 3.675084932752697443E-15, 3.491481338843208691E-15, 1.000000000000000000 ) ) ;
#6505 = CARTESIAN_POINT ( 'NONE',  ( -7.749999999999999112, 0.6999999999999999556, 5.850000000000000533 ) ) ;
#6506 = ORIENTED_EDGE ( 'NONE', *, *, #10433, .T. ) ;
#6507 = CARTESIAN_POINT ( 'NONE',  ( -14.99993907342249422, 0.1965095187125432963, -0.9999756327838832393 ) ) ;
#6508 = DIRECTION ( 'NONE',  ( -0.6427876096865395850, -1.038526656440781347E-16, 0.7660444431189777914 ) ) ;
#6509 = DIRECTION ( 'NONE',  ( 0.000000000000000000, 0.000000000000000000, -1.000000000000000000 ) ) ;
#6510 = EDGE_CURVE ( 'NONE', #4273, #4458, #1542, .T. ) ;
#6511 = VERTEX_POINT ( 'NONE', #9198 ) ;
#6512 = EDGE_CURVE ( 'NONE', #1876, #603, #6074, .T. ) ;
#6513 = CARTESIAN_POINT ( 'NONE',  ( -15.00000000000000000, -0.1400000000000001243, -0.3750000000000001110 ) ) ;
#6514 = CARTESIAN_POINT ( 'NONE',  ( -18.50000000000000000, -0.07121550018489250511, -0.5352844436880290768 ) ) ;
#6515 = VERTEX_POINT ( 'NONE', #10933 ) ;
#6516 = EDGE_CURVE ( 'NONE', #10459, #1801, #3831, .T. ) ;
#6517 = CARTESIAN_POINT ( 'NONE',  ( -9.999999999999998224, -0.6750000000000000444, -2.499999999999999556 ) ) ;
#6518 = VECTOR ( 'NONE', #2399, 1000.000000000000000 ) ;
#6519 = EDGE_CURVE ( 'NONE', #9599, #457, #4416, .T. ) ;
#6520 = CARTESIAN_POINT ( 'NONE',  ( 4.195018499847803284, -0.8750000000000000000, 4.681508245248345190 ) ) ;
#6521 = CARTESIAN_POINT ( 'NONE',  ( 18.45619241127713295, 0.7443884530818888345, -0.1024704094249957315 ) ) ;
#6522 = DIRECTION ( 'NONE',  ( -1.703767317533126255E-17, 1.000000000000000000, 1.212737214708384717E-16 ) ) ;
#6523 = ORIENTED_EDGE ( 'NONE', *, *, #7035, .T. ) ;
#6524 = VERTEX_POINT ( 'NONE', #5749 ) ;
#6525 = DIRECTION ( 'NONE',  ( 0.4999999999999944489, 1.135449601928834544E-16, -0.8660254037844418162 ) ) ;
#6526 = EDGE_CURVE ( 'NONE', #5916, #3265, #10472, .T. ) ;
#6527 = VECTOR ( 'NONE', #1141, 999.9999999999998863 ) ;
#6528 = AXIS2_PLACEMENT_3D ( 'NONE', #2806, #4467, #5310 ) ;
#6529 = CARTESIAN_POINT ( 'NONE',  ( 4.739761473764115607, -0.8163219191445452161, 6.707703302752910268 ) ) ;
#6530 = VERTEX_POINT ( 'NONE', #2269 ) ;
#6531 = CARTESIAN_POINT ( 'NONE',  ( 14.91092817721188091, 1.925000000000000266, -2.499999999999967581 ) ) ;
#6532 = CARTESIAN_POINT ( 'NONE',  ( 6.862058459762304885, 2.860884312920169759, -7.423086765309834689 ) ) ;
#6533 =( NAMED_UNIT ( * ) SI_UNIT ( $, .STERADIAN. ) SOLID_ANGLE_UNIT ( ) );
#6534 = ORIENTED_EDGE ( 'NONE', *, *, #2785, .F. ) ;
#6535 = CARTESIAN_POINT ( 'NONE',  ( -18.50000000000000711, 0.7563853344678433954, -0.2152781605150549393 ) ) ;
#6536 = DIRECTION ( 'NONE',  ( 7.208356942629653389E-18, 0.9998476951563911586, -0.01745240643728354982 ) ) ;
#6537 = CARTESIAN_POINT ( 'NONE',  ( 4.792271032488154781, -0.8149999999999999467, 6.767689368251048165 ) ) ;
#6538 = DIRECTION ( 'NONE',  ( 1.000000000000000000, -2.151175178187580423E-34, -8.673617379884068752E-17 ) ) ;
#6539 = DIRECTION ( 'NONE',  ( -1.703767317533126255E-17, 1.000000000000000000, 1.212737214708384717E-16 ) ) ;
#6540 = ORIENTED_EDGE ( 'NONE', *, *, #6516, .T. ) ;
#6541 = FACE_OUTER_BOUND ( 'NONE', #6430, .T. ) ;
#6542 = FACE_OUTER_BOUND ( 'NONE', #6901, .T. ) ;
#6543 = EDGE_CURVE ( 'NONE', #5092, #5266, #9522, .T. ) ;
#6544 = CARTESIAN_POINT ( 'NONE',  ( 14.75000000000000000, 0.2000000000000001499, 0.000000000000000000 ) ) ;
#6545 = ORIENTED_EDGE ( 'NONE', *, *, #246, .F. ) ;
#6546 = CARTESIAN_POINT ( 'NONE',  ( -1.211869793991679600, 0.8061604705837975837, 7.379402673544210423 ) ) ;
#6547 = VERTEX_POINT ( 'NONE', #6709 ) ;
#6548 = DIRECTION ( 'NONE',  ( 1.047444401652941269E-14, -1.000000000000000000, 3.491481338843170037E-15 ) ) ;
#6549 = CARTESIAN_POINT ( 'NONE',  ( -18.50000000000000000, -0.05169419446332400303, 0.4890546909867372616 ) ) ;
#6550 = FACE_BOUND ( 'NONE', #1783, .T. ) ;
#6551 = LINE ( 'NONE', #7525, #2864 ) ;
#6552 = ORIENTED_EDGE ( 'NONE', *, *, #4856, .T. ) ;
#6553 = VERTEX_POINT ( 'NONE', #7647 ) ;
#6554 = EDGE_CURVE ( 'NONE', #5567, #4818, #1126, .T. ) ;
#6555 = CARTESIAN_POINT ( 'NONE',  ( 0.8860207152529951946, 1.125000000000000222, 6.591421356237392892 ) ) ;
#6556 = CARTESIAN_POINT ( 'NONE',  ( -18.45249717869414852, 0.5271900311387628379, 0.4483924286922028601 ) ) ;
#6557 = CARTESIAN_POINT ( 'NONE',  ( -18.45140509807814055, 0.4454123484010242273, -0.4907050562564136964 ) ) ;
#6558 = CARTESIAN_POINT ( 'NONE',  ( 15.18463543064158472, -0.5055847700599305217, 0.3770280258276227925 ) ) ;
#6559 = CIRCLE ( 'NONE', #1503, 5.312720850603081857 ) ;
#6560 = AXIS2_PLACEMENT_3D ( 'NONE', #2006, #2688, #8603 ) ;
#6561 = ORIENTED_EDGE ( 'NONE', *, *, #4764, .T. ) ;
#6562 = ORIENTED_EDGE ( 'NONE', *, *, #1986, .F. ) ;
#6563 = CARTESIAN_POINT ( 'NONE',  ( 4.687122693669500073, -0.8749999999999994449, 6.687445703049469614 ) ) ;
#6564 = VERTEX_POINT ( 'NONE', #877 ) ;
#6565 = EDGE_CURVE ( 'NONE', #7974, #8615, #450, .T. ) ;
#6566 = CARTESIAN_POINT ( 'NONE',  ( -15.00000000000006573, 2.925000000000000711, 2.500000000000193179 ) ) ;
#6567 = CIRCLE ( 'NONE', #7908, 0.2000000000000000666 ) ;
#6568 = CARTESIAN_POINT ( 'NONE',  ( -18.44999999999999929, 0.2000000000000001499, -0.8000000000000000444 ) ) ;
#6569 = CARTESIAN_POINT ( 'NONE',  ( -18.50000000000000000, 0.4680112349276476236, -0.5352864521156859290 ) ) ;
#6570 = DIRECTION ( 'NONE',  ( -1.047444401652941269E-14, 1.000000000000000000, -3.491481338843170037E-15 ) ) ;
#6571 = CYLINDRICAL_SURFACE ( 'NONE', #7244, 0.06000000000000015737 ) ;
#6572 = CARTESIAN_POINT ( 'NONE',  ( 3.680600000015937567, 1.704999999999997407, 3.226900011248437394 ) ) ;
#6573 = EDGE_CURVE ( 'NONE', #7347, #6991, #1675, .T. ) ;
#6574 = CARTESIAN_POINT ( 'NONE',  ( 18.50000000000001421, -0.3657753314498422004, -0.2196905979776928031 ) ) ;
#6575 = CARTESIAN_POINT ( 'NONE',  ( 1.050000001159365315, 1.824000000000031374, 21.00100000600095385 ) ) ;
#6576 = ORIENTED_EDGE ( 'NONE', *, *, #2058, .T. ) ;
#6577 = CARTESIAN_POINT ( 'NONE',  ( -14.98466589161030349, -0.6784904812874567037, 0.4712850322845281159 ) ) ;
#6578 = CARTESIAN_POINT ( 'NONE',  ( 1.204892417498669932, -0.8749999999999995559, 4.681579631273964814 ) ) ;
#6579 = CIRCLE ( 'NONE', #10766, 0.4499999999999999001 ) ;
#6580 = ORIENTED_EDGE ( 'NONE', *, *, #6919, .F. ) ;
#6581 = CARTESIAN_POINT ( 'NONE',  ( 1.260269726311507021, 1.925000000000000711, 2.500000000000069722 ) ) ;
#6582 = FACE_OUTER_BOUND ( 'NONE', #10835, .T. ) ;
#6583 = ORIENTED_EDGE ( 'NONE', *, *, #8797, .F. ) ;
#6584 = LINE ( 'NONE', #9329, #2483 ) ;
#6585 = DIRECTION ( 'NONE',  ( -0.6427876096865560163, -1.038526656440767419E-16, 0.7660444431189640246 ) ) ;
#6586 = CARTESIAN_POINT ( 'NONE',  ( 14.99999999999999822, 0.3129999999999997784, -0.07500000000000024702 ) ) ;
#6587 = EDGE_CURVE ( 'NONE', #4598, #10424, #3690, .T. ) ;
#6588 = VECTOR ( 'NONE', #5127, 1000.000000000000114 ) ;
#6589 = CYLINDRICAL_SURFACE ( 'NONE', #2293, 0.8000000000000000444 ) ;
#6590 = CARTESIAN_POINT ( 'NONE',  ( 0.6882613534652040066, 1.866047144386237422, -7.470919038921266520 ) ) ;
#6591 =( BOUNDED_SURFACE ( )  B_SPLINE_SURFACE ( 3, 2, ( 
 ( #3803, #5523, #9812 ),
 ( #8907, #5491, #4652 ),
 ( #10604, #9733, #8046 ),
 ( #7989, #6387, #1293 ),
 ( #9702, #3844, #2911 ),
 ( #2044, #6348, #8012 ) ),
 .UNSPECIFIED., .F., .F., .F. ) 
 B_SPLINE_SURFACE_WITH_KNOTS ( ( 4, 2, 4 ),
 ( 3, 3 ),
 ( -5.421010862427522170E-20, 0.0006291951837990528368, 0.001258390367598105674 ),
 ( 0.000000000000000000, 1.000000000000000000 ),
 .UNSPECIFIED. ) 
 GEOMETRIC_REPRESENTATION_ITEM ( )  RATIONAL_B_SPLINE_SURFACE ( (
 ( 1.000000000000000000, 0.7132504491541810099, 1.000000000000000000),
 ( 1.000000000000000000, 0.7143502367290026633, 1.000000000000000000),
 ( 1.000000000000000000, 0.7149512482264765989, 1.000000000000000000),
 ( 1.000000000000000000, 0.7149514857838417115, 1.000000000000000000),
 ( 1.000000000000000000, 0.7143505874135460676, 1.000000000000000000),
 ( 1.000000000000000000, 0.7132504491541810099, 1.000000000000000000) ) ) 
 REPRESENTATION_ITEM ( '' )  SURFACE ( )  );
#6592 = FACE_OUTER_BOUND ( 'NONE', #594, .T. ) ;
#6593 = EDGE_CURVE ( 'NONE', #6039, #2111, #8308, .T. ) ;
#6594 = ORIENTED_EDGE ( 'NONE', *, *, #4048, .F. ) ;
#6595 = CONICAL_SURFACE ( 'NONE', #8744, 4.199999999999999289, 0.01745329251994333364 ) ;
#6596 = ORIENTED_EDGE ( 'NONE', *, *, #3536, .T. ) ;
#6597 = CIRCLE ( 'NONE', #4055, 0.1000000000000000333 ) ;
#6598 = CARTESIAN_POINT ( 'NONE',  ( 4.532310631747493268, -0.8750000000000000000, 5.433504217327677743 ) ) ;
#6599 = AXIS2_PLACEMENT_3D ( 'NONE', #5656, #3975, #7319 ) ;
#6600 = CARTESIAN_POINT ( 'NONE',  ( -18.50000000000449063, 0.7499143832658140552, 0.1041715257475855499 ) ) ;
#6601 = DIRECTION ( 'NONE',  ( 1.000000000000000000, -2.151175178187580423E-34, -8.673617379884068752E-17 ) ) ;
#6602 = VECTOR ( 'NONE', #10380, 1000.000000000000114 ) ;
#6603 = AXIS2_PLACEMENT_3D ( 'NONE', #2647, #8523, #3467 ) ;
#6604 = CARTESIAN_POINT ( 'NONE',  ( 4.591002966025569343, -0.8750000000000109912, 6.560390572202224213 ) ) ;
#6605 = VERTEX_POINT ( 'NONE', #3356 ) ;
#6606 = VECTOR ( 'NONE', #7511, 1000.000000000000000 ) ;
#6607 = ORIENTED_EDGE ( 'NONE', *, *, #554, .T. ) ;
#6608 = EDGE_LOOP ( 'NONE', ( #1081, #6993, #10461, #1302 ) ) ;
#6609 = CYLINDRICAL_SURFACE ( 'NONE', #3025, 0.9690474040684478041 ) ;
#6610 = ORIENTED_EDGE ( 'NONE', *, *, #8236, .F. ) ;
#6611 = DIRECTION ( 'NONE',  ( 0.000000000000000000, 0.000000000000000000, -1.000000000000000000 ) ) ;
#6612 = CARTESIAN_POINT ( 'NONE',  ( 18.44993118967363799, -0.04860323308701237216, -0.4906876183515270773 ) ) ;
#6613 = CARTESIAN_POINT ( 'NONE',  ( -18.50000000000000000, 0.4680112349276593364, 0.5352864521156801558 ) ) ;
#6614 = CARTESIAN_POINT ( 'NONE',  ( -10.00000000000000000, -0.3750000000000000000, 6.699999999999996625 ) ) ;
#6615 = AXIS2_PLACEMENT_3D ( 'NONE', #2447, #10030, #702 ) ;
#6616 = VECTOR ( 'NONE', #4614, 1000.000000000000000 ) ;
#6617 = ORIENTED_EDGE ( 'NONE', *, *, #10528, .T. ) ;
#6618 = ORIENTED_EDGE ( 'NONE', *, *, #5748, .F. ) ;
#6619 = VERTEX_POINT ( 'NONE', #2497 ) ;
#6620 = EDGE_LOOP ( 'NONE', ( #10233, #5582, #6857, #605, #3253, #1788, #2150, #1166, #8946, #6325, #3779, #1707, #10959, #1040, #3462, #8093, #10369, #5218, #2666, #4117, #2740, #682, #7054, #4090 ) ) ;
#6621 = CARTESIAN_POINT ( 'NONE',  ( 3.125021300494541077, 1.904000000000036330, 15.99997886453819618 ) ) ;
#6622 = CARTESIAN_POINT ( 'NONE',  ( 10.00000000000000178, 1.925000000000000266, 2.499999999999999556 ) ) ;
#6623 = CARTESIAN_POINT ( 'NONE',  ( -14.98769729926088701, -0.5048212532983922252, -0.3784569005046293788 ) ) ;
#6624 = CARTESIAN_POINT ( 'NONE',  ( -18.46786919440777908, 0.4468961968129427920, 0.4936330232189033995 ) ) ;
#6625 = CARTESIAN_POINT ( 'NONE',  ( -14.07184740426862035, -0.3750000000000000000, 3.529591528884572060 ) ) ;
#6626 = DIRECTION ( 'NONE',  ( -1.000000000000000000, 0.000000000000000000, 8.673617379884069985E-17 ) ) ;
#6627 = EDGE_CURVE ( 'NONE', #10072, #8025, #2762, .T. ) ;
#6628 = FACE_OUTER_BOUND ( 'NONE', #6742, .T. ) ;
#6629 = ORIENTED_EDGE ( 'NONE', *, *, #2912, .F. ) ;
#6630 = VERTEX_POINT ( 'NONE', #1791 ) ;
#6631 = DIRECTION ( 'NONE',  ( 1.000000000000000000, -0.000000000000000000, -0.000000000000000000 ) ) ;
#6632 = ORIENTED_EDGE ( 'NONE', *, *, #6698, .T. ) ;
#6633 = CARTESIAN_POINT ( 'NONE',  ( 3.802544845872923407, -0.8750000000000000000, 4.517429646614706584 ) ) ;
#6634 = CARTESIAN_POINT ( 'NONE',  ( -0.9999999988406609308, 1.784999999999985709, 13.87500000600095795 ) ) ;
#6635 = CARTESIAN_POINT ( 'NONE',  ( 4.500000000000001776, 0.6999999999999999556, -6.854811288084814436 ) ) ;
#6636 = CARTESIAN_POINT ( 'NONE',  ( 14.07184740426862390, -0.3750000000000000000, 3.529591528884570728 ) ) ;
#6637 = CC_DESIGN_PERSON_AND_ORGANIZATION_ASSIGNMENT ( #3355, #3358, ( #8498 ) ) ;
#6638 = CARTESIAN_POINT ( 'NONE',  ( 0.3499999999999909295, 1.903999999999950399, -0.2500000000000245359 ) ) ;
#6639 = CARTESIAN_POINT ( 'NONE',  ( 4.560324687592727244, -0.8749999999999998890, 6.643431751881601066 ) ) ;
#6640 = VERTEX_POINT ( 'NONE', #829 ) ;
#6641 = CARTESIAN_POINT ( 'NONE',  ( -18.50000000000000355, 0.7500000000000000000, -0.1129691451777591060 ) ) ;
#6642 = DIRECTION ( 'NONE',  ( 0.000000000000000000, 1.000000000000000000, 0.000000000000000000 ) ) ;
#6643 = CARTESIAN_POINT ( 'NONE',  ( 12.77499999999987601, 1.925000000000001821, -5.224999999999996980 ) ) ;
#6644 = DIRECTION ( 'NONE',  ( -1.000000000000000000, -1.047444401652940007E-14, 3.491481338843121522E-15 ) ) ;
#6645 = CARTESIAN_POINT ( 'NONE',  ( -9.999999999999964473, 1.866047144386236978, -7.470919038921265631 ) ) ;
#6646 = CARTESIAN_POINT ( 'NONE',  ( -14.98466589161030349, -0.6784904812874567037, -0.4712850322845280604 ) ) ;
#6647 = EDGE_CURVE ( 'NONE', #2365, #4922, #3281, .T. ) ;
#6648 = ORIENTED_EDGE ( 'NONE', *, *, #3503, .T. ) ;
#6649 = ORIENTED_EDGE ( 'NONE', *, *, #168, .F. ) ;
#6650 = CARTESIAN_POINT ( 'NONE',  ( 12.30783666301307733, 1.925000000000000488, 5.465849364905391639 ) ) ;
#6651 = CARTESIAN_POINT ( 'NONE',  ( 10.00000000000000178, -0.6784904812874859026, 2.499999999999999556 ) ) ;
#6652 = DIRECTION ( 'NONE',  ( 1.000000000000000000, 1.703767317533210072E-17, -6.911138328291599464E-15 ) ) ;
#6653 = CARTESIAN_POINT ( 'NONE',  ( 15.00000000000000178, 0.2000000000000000111, 0.000000000000000000 ) ) ;
#6654 = CARTESIAN_POINT ( 'NONE',  ( 14.65072034004889545, 2.917685804615229639, -3.787270835104223909 ) ) ;
#6655 = CARTESIAN_POINT ( 'NONE',  ( 10.00000000000000000, -0.6784904812874303914, -2.500000000000001332 ) ) ;
#6656 = EDGE_CURVE ( 'NONE', #10099, #3118, #2473, .T. ) ;
#6657 = VERTEX_POINT ( 'NONE', #4001 ) ;
#6658 = ORIENTED_EDGE ( 'NONE', *, *, #10716, .T. ) ;
#6659 = CARTESIAN_POINT ( 'NONE',  ( -15.18463543064158117, -0.6819809625749134741, -0.4712850322845280604 ) ) ;
#6660 = CARTESIAN_POINT ( 'NONE',  ( 15.00000000000000178, 0.2000000000000000111, 0.000000000000000000 ) ) ;
#6661 = FACE_OUTER_BOUND ( 'NONE', #2751, .T. ) ;
#6662 = DIRECTION ( 'NONE',  ( -1.000000000000000000, -1.047444401652940007E-14, 3.542502617548321476E-15 ) ) ;
#6663 = AXIS2_PLACEMENT_3D ( 'NONE', #1732, #729, #6684 ) ;
#6664 = DIRECTION ( 'NONE',  ( 0.000000000000000000, 0.000000000000000000, -1.000000000000000000 ) ) ;
#6665 = CARTESIAN_POINT ( 'NONE',  ( 0.3475000011593046279, 1.858999999999962238, 3.323500006000956741 ) ) ;
#6666 = DIRECTION ( 'NONE',  ( -1.047444401652941269E-14, 1.000000000000000000, -3.491481338843170037E-15 ) ) ;
#6667 = ORIENTED_EDGE ( 'NONE', *, *, #4676, .T. ) ;
#6668 = EDGE_CURVE ( 'NONE', #3903, #5070, #5272, .T. ) ;
#6669 = VECTOR ( 'NONE', #5723, 1000.000000000000000 ) ;
#6670 = CARTESIAN_POINT ( 'NONE',  ( 9.999999999999928946, 2.925000000000000711, 2.500000000000018652 ) ) ;
#6671 = CARTESIAN_POINT ( 'NONE',  ( -15.00000000000000000, 0.3129999999999998339, 0.3749999999999997780 ) ) ;
#6672 = VECTOR ( 'NONE', #10074, 1000.000000000000000 ) ;
#6673 = PLANE ( 'NONE',  #5706 ) ;
#6674 = CARTESIAN_POINT ( 'NONE',  ( 10.24839714252345679, 2.825000000000001510, -2.920207975437159931 ) ) ;
#6675 = VERTEX_POINT ( 'NONE', #7606 ) ;
#6676 = AXIS2_PLACEMENT_3D ( 'NONE', #4096, #8376, #4994 ) ;
#6677 = ORIENTED_EDGE ( 'NONE', *, *, #767, .T. ) ;
#6678 = EDGE_CURVE ( 'NONE', #10072, #7288, #6705, .T. ) ;
#6679 = FACE_OUTER_BOUND ( 'NONE', #10645, .T. ) ;
#6680 = CARTESIAN_POINT ( 'NONE',  ( 2.300000001159348884, 1.824000000000028709, 16.50100000600095029 ) ) ;
#6681 = DIRECTION ( 'NONE',  ( 2.048776890558743929E-14, 0.000000000000000000, -1.000000000000000000 ) ) ;
#6682 = CIRCLE ( 'NONE', #3874, 0.4499999999999990119 ) ;
#6683 = CARTESIAN_POINT ( 'NONE',  ( -1.012060652392540616, 1.858999999999994435, 16.57547493522192639 ) ) ;
#6684 = DIRECTION ( 'NONE',  ( 1.000000000000000000, 1.040834085586083310E-14, -3.469446951953611033E-15 ) ) ;
#6685 = ORIENTED_EDGE ( 'NONE', *, *, #1545, .F. ) ;
#6686 = CARTESIAN_POINT ( 'NONE',  ( 1.192838930186122193, 1.859000000000013531, 15.49378581135581889 ) ) ;
#6687 = CARTESIAN_POINT ( 'NONE',  ( -15.16839606200238855, -0.5918860348399274107, -0.1310933455578249807 ) ) ;
#6688 = CARTESIAN_POINT ( 'NONE',  ( 4.599938781121766240, -0.3785072271016585166, 4.632197199709644941 ) ) ;
#6689 = ORIENTED_EDGE ( 'NONE', *, *, #5457, .T. ) ;
#6690 = ADVANCED_FACE ( 'NONE', ( #6338, #8437 ), #10195, .T. ) ;
#6691 = EDGE_LOOP ( 'NONE', ( #4475, #10282, #3556, #571 ) ) ;
#6692 = LINE ( 'NONE', #7441, #3934 ) ;
#6693 = AXIS2_PLACEMENT_3D ( 'NONE', #2408, #10852, #8337 ) ;
#6694 = VECTOR ( 'NONE', #375, 1000.000000000000000 ) ;
#6695 = DIRECTION ( 'NONE',  ( 1.703767317533126255E-17, -1.000000000000000000, -1.212737214708384717E-16 ) ) ;
#6696 = CARTESIAN_POINT ( 'NONE',  ( -10.00000000000006395, 2.925000000000000711, 2.500000000000158540 ) ) ;
#6697 = VERTEX_POINT ( 'NONE', #9242 ) ;
#6698 = EDGE_CURVE ( 'NONE', #6241, #1711, #4734, .T. ) ;
#6699 = ORIENTED_EDGE ( 'NONE', *, *, #5647, .T. ) ;
#6700 = CARTESIAN_POINT ( 'NONE',  ( 1.000000001159333962, 1.604999999999999094, 11.75000000600095262 ) ) ;
#6701 = CARTESIAN_POINT ( 'NONE',  ( 4.639980150805862458, -0.8749999999999997780, 6.767689368251047277 ) ) ;
#6702 = ORIENTED_EDGE ( 'NONE', *, *, #3345, .F. ) ;
#6703 = LINE ( 'NONE', #6566, #6855 ) ;
#6704 = LINE ( 'NONE', #6401, #4976 ) ;
#6705 = LINE ( 'NONE', #7728, #7002 ) ;
#6706 = ADVANCED_FACE ( 'NONE', ( #8719 ), #10579, .F. ) ;
#6707 = EDGE_CURVE ( 'NONE', #6605, #2916, #7643, .T. ) ;
#6708 = CARTESIAN_POINT ( 'NONE',  ( -15.00000000000000355, -0.06450000000000061240, -0.4500000000000001776 ) ) ;
#6709 = CARTESIAN_POINT ( 'NONE',  ( 4.799969539029820709, -0.3750000000000000000, 6.699999999999997513 ) ) ;
#6710 = CARTESIAN_POINT ( 'NONE',  ( -14.99999999999999822, 0.3129999999999997784, -0.07500000000000024702 ) ) ;
#6711 = EDGE_CURVE ( 'NONE', #1402, #3092, #7798, .T. ) ;
#6712 = DIRECTION ( 'NONE',  ( 0.5000000000000138778, -9.650728701756010510E-17, 0.8660254037844306030 ) ) ;
#6713 = DIRECTION ( 'NONE',  ( -1.047444401652941269E-14, 1.000000000000000000, -3.491481338843170037E-15 ) ) ;
#6714 = DIRECTION ( 'NONE',  ( -3.491481338843084446E-15, -3.491481338843206719E-15, -1.000000000000000000 ) ) ;
#6715 = CIRCLE ( 'NONE', #3354, 0.7999999999999999334 ) ;
#6716 = CARTESIAN_POINT ( 'NONE',  ( 0.5328366630130334514, 1.925000000000001821, -7.040849364905303887 ) ) ;
#6717 = VERTEX_POINT ( 'NONE', #1035 ) ;
#6718 = VECTOR ( 'NONE', #10529, 1000.000000000000000 ) ;
#6719 = ORIENTED_EDGE ( 'NONE', *, *, #9557, .F. ) ;
#6720 = VECTOR ( 'NONE', #4304, 1000.000000000000227 ) ;
#6721 = EDGE_CURVE ( 'NONE', #4458, #4758, #10990, .T. ) ;
#6722 = CARTESIAN_POINT ( 'NONE',  ( -15.18463543064158117, -0.5055847700599308547, -0.3770280258276225704 ) ) ;
#6723 = CARTESIAN_POINT ( 'NONE',  ( 3.696769726311526227, 1.925000000000000266, 6.271638890782331721 ) ) ;
#6724 = DIRECTION ( 'NONE',  ( -6.911138328291599464E-15, 1.212737214708383484E-16, -1.000000000000000000 ) ) ;
#6725 = LINE ( 'NONE', #4434, #8989 ) ;
#6726 = CARTESIAN_POINT ( 'NONE',  ( -18.50000000000018829, -0.3143554380026935546, 0.1998568717047491949 ) ) ;
#6727 =( BOUNDED_CURVE ( )  B_SPLINE_CURVE ( 3, ( #6176, #3560, #10402, #998 ),
 .UNSPECIFIED., .F., .F. ) 
 B_SPLINE_CURVE_WITH_KNOTS ( ( 4, 4 ),
 ( 5.497939437029716991, 7.068431177329454584 ),
 .UNSPECIFIED. ) 
 CURVE ( )  GEOMETRIC_REPRESENTATION_ITEM ( )  RATIONAL_B_SPLINE_CURVE ( ( 1.000000000000000000, 0.8048096403827849077, 0.8048096403827849077, 1.000000000000000000 ) ) 
 REPRESENTATION_ITEM ( '' )  );
#6728 = FACE_OUTER_BOUND ( 'NONE', #10039, .T. ) ;
#6730 = EDGE_CURVE ( 'NONE', #8905, #7537, #9915, .T. ) ;
#6729 = VERTEX_POINT ( 'NONE', #10460 ) ;
#6731 = ORIENTED_EDGE ( 'NONE', *, *, #8806, .T. ) ;
#6732 = VECTOR ( 'NONE', #1598, 1000.000000000000227 ) ;
#6733 = ORIENTED_EDGE ( 'NONE', *, *, #5164, .T. ) ;
#6734 = EDGE_CURVE ( 'NONE', #5553, #6985, #10344, .T. ) ;
#6735 = CONICAL_SURFACE ( 'NONE', #8968, 5.000000000000000000, 0.01745329251994333364 ) ;
#6736 = CARTESIAN_POINT ( 'NONE',  ( 10.00000000000000178, -0.8750000000000000000, 2.499999999999999556 ) ) ;
#6737 = AXIS2_PLACEMENT_3D ( 'NONE', #6983, #8721, #7018 ) ;
#6738 = CARTESIAN_POINT ( 'NONE',  ( -18.50000000000000000, -0.07121550018489250511, -0.5352844436880290768 ) ) ;
#6739 = ORIENTED_EDGE ( 'NONE', *, *, #435, .T. ) ;
#6740 = EDGE_LOOP ( 'NONE', ( #4726, #758, #9447, #4491 ) ) ;
#6741 = ORIENTED_EDGE ( 'NONE', *, *, #10028, .T. ) ;
#6742 = EDGE_LOOP ( 'NONE', ( #3992, #5372, #4798, #8355 ) ) ;
#6743 = DIRECTION ( 'NONE',  ( -0.5000000000000064393, 9.650728701756077070E-17, -0.8660254037844349329 ) ) ;
#6744 = ADVANCED_FACE ( 'NONE', ( #5396 ), #4082, .T. ) ;
#6745 = AXIS2_PLACEMENT_3D ( 'NONE', #6946, #9550, #229 ) ;
#6746 = CARTESIAN_POINT ( 'NONE',  ( -2.266401807570110893, 1.925000000000000044, 7.245073926388695185 ) ) ;
#6747 = VECTOR ( 'NONE', #8810, 1000.000000000000000 ) ;
#6748 = CARTESIAN_POINT ( 'NONE',  ( -15.00000000000000000, 0.3129999999999997784, -0.4500000000000001221 ) ) ;
#6749 = VERTEX_POINT ( 'NONE', #10310 ) ;
#6750 = ORIENTED_EDGE ( 'NONE', *, *, #9861, .F. ) ;
#6751 = CARTESIAN_POINT ( 'NONE',  ( 18.44999999999999929, 0.2000000000000001499, 0.000000000000000000 ) ) ;
#6752 = ORIENTED_EDGE ( 'NONE', *, *, #9874, .F. ) ;
#6753 = DIRECTION ( 'NONE',  ( -1.047444401652941269E-14, 1.000000000000000000, -3.491481338843170037E-15 ) ) ;
#6754 = DIRECTION ( 'NONE',  ( 0.000000000000000000, 0.000000000000000000, 1.000000000000000000 ) ) ;
#6755 = DIRECTION ( 'NONE',  ( -1.000000000000000000, 0.000000000000000000, 0.000000000000000000 ) ) ;
#6756 = AXIS2_PLACEMENT_3D ( 'NONE', #7861, #894, #4484 ) ;
#6757 = CARTESIAN_POINT ( 'NONE',  ( 8.393088496232227413, 2.861774307216987889, -7.422419269587229529 ) ) ;
#6758 = ORIENTED_EDGE ( 'NONE', *, *, #5193, .T. ) ;
#6759 = DIRECTION ( 'NONE',  ( 0.000000000000000000, 0.000000000000000000, 1.000000000000000000 ) ) ;
#6760 = CIRCLE ( 'NONE', #6206, 10.10809669894272567 ) ;
#6761 = CARTESIAN_POINT ( 'NONE',  ( 10.13404525406332368, 2.925000000000001599, -2.429215482782403512 ) ) ;
#6762 = ORIENTED_EDGE ( 'NONE', *, *, #6795, .F. ) ;
#6763 = PLANE ( 'NONE',  #2329 ) ;
#6764 = AXIS2_PLACEMENT_3D ( 'NONE', #4290, #3396, #10906 ) ;
#6765 = ORIENTED_EDGE ( 'NONE', *, *, #6936, .T. ) ;
#6766 = DIRECTION ( 'NONE',  ( 0.4999999999999968914, -9.650728701756158422E-17, 0.8660254037844404840 ) ) ;
#6767 = CARTESIAN_POINT ( 'NONE',  ( -18.50000000000002487, -0.3644429154163604245, -0.2240099934797446790 ) ) ;
#6768 = ADVANCED_FACE ( 'NONE', ( #3144 ), #10610, .T. ) ;
#6769 = DIRECTION ( 'NONE',  ( 0.01745240643728344573, -0.9998476951563912696, 6.087974564515641837E-17 ) ) ;
#6770 = ORIENTED_EDGE ( 'NONE', *, *, #5225, .F. ) ;
#6771 = EDGE_CURVE ( 'NONE', #1912, #5290, #851, .T. ) ;
#6772 = AXIS2_PLACEMENT_3D ( 'NONE', #7464, #9290, #10014 ) ;
#6773 = CARTESIAN_POINT ( 'NONE',  ( 7.271929870468187396, 2.925000000000001599, -4.327032419940897157 ) ) ;
#6774 = DIRECTION ( 'NONE',  ( -1.047444401652941269E-14, 1.000000000000000000, -3.491481338843170037E-15 ) ) ;
#6775 = CARTESIAN_POINT ( 'NONE',  ( 18.49999999999989697, 0.7139808804765990224, -0.2009050607982960091 ) ) ;
#6776 = CARTESIAN_POINT ( 'NONE',  ( 2.300000001159348439, 1.859000000000028852, 16.50100000600095029 ) ) ;
#6777 = DIRECTION ( 'NONE',  ( -0.3420201433256541690, 1.081327937400315308E-16, -0.9396926207859136460 ) ) ;
#6778 = DIRECTION ( 'NONE',  ( 0.6427876096865456912, 1.038526656440776170E-16, -0.7660444431189725734 ) ) ;
#6779 = ORIENTED_EDGE ( 'NONE', *, *, #4879, .F. ) ;
#6780 = DIRECTION ( 'NONE',  ( -0.9998476951563912696, 0.01745240643728371288, 0.000000000000000000 ) ) ;
#6781 = EDGE_CURVE ( 'NONE', #6839, #703, #6200, .T. ) ;
#6782 = EDGE_CURVE ( 'NONE', #10236, #11019, #5790, .T. ) ;
#6783 = FACE_OUTER_BOUND ( 'NONE', #8650, .T. ) ;
#6784 = CARTESIAN_POINT ( 'NONE',  ( -15.00000000000000178, 0.1619999999999990892, -0.4500000000000001776 ) ) ;
#6785 = ORIENTED_EDGE ( 'NONE', *, *, #2056, .T. ) ;
#6786 = ORIENTED_EDGE ( 'NONE', *, *, #2765, .F. ) ;
#6787 = DIRECTION ( 'NONE',  ( -0.000000000000000000, -1.000000000000000000, -0.000000000000000000 ) ) ;
#6788 = B_SPLINE_CURVE_WITH_KNOTS ( 'NONE', 3,
 ( #4026, #1556, #10929, #7530, #4137, #3242, #5831, #7488, #707, #8271 ),
 .UNSPECIFIED., .F., .F.,
 ( 4, 2, 2, 2, 4 ),
 ( 0.000000000000000000, 0.0001958500773714245784, 0.0003917001547428491568, 0.0005875502321142737081, 0.0007834003094856983136 ),
 .UNSPECIFIED. ) ;
#6789 = ORIENTED_EDGE ( 'NONE', *, *, #2645, .T. ) ;
#6790 = CARTESIAN_POINT ( 'NONE',  ( 18.45140509807814055, 0.4454123484010242273, -0.4907050562564136964 ) ) ;
#6791 = CARTESIAN_POINT ( 'NONE',  ( -9.014586297939954918, 2.825000000000000622, 1.300000000000150813 ) ) ;
#6792 = CARTESIAN_POINT ( 'NONE',  ( 4.799908649555841400, -0.3819788369154699104, 6.500091350442698257 ) ) ;
#6793 = DIRECTION ( 'NONE',  ( 1.000000000000000000, 1.040834087363237677E-14, -3.469446957877458660E-15 ) ) ;
#6794 = VECTOR ( 'NONE', #8768, 1000.000000000000000 ) ;
#6795 = EDGE_CURVE ( 'NONE', #10719, #2253, #5529, .T. ) ;
#6796 = DATE_AND_TIME ( #8122, #8261 ) ;
#6797 = CARTESIAN_POINT ( 'NONE',  ( 15.00000000000000000, 0.3129999999999998339, 0.4499999999999999001 ) ) ;
#6798 =( BOUNDED_SURFACE ( )  B_SPLINE_SURFACE ( 3, 2, ( 
 ( #10880, #10020, #1504 ),
 ( #7471, #7438, #2362 ),
 ( #10843, #3230, #5765 ),
 ( #2401, #8287, #9147 ),
 ( #624, #4911, #655 ),
 ( #5733, #6623, #3348 ) ),
 .UNSPECIFIED., .F., .F., .F. ) 
 B_SPLINE_SURFACE_WITH_KNOTS ( ( 4, 2, 4 ),
 ( 3, 3 ),
 ( 1.577777346072570808, 2.114311401849469085, 2.650845457626366919 ),
 ( 0.000000000000000000, 1.000000000000000000 ),
 .UNSPECIFIED. ) 
 GEOMETRIC_REPRESENTATION_ITEM ( )  RATIONAL_B_SPLINE_SURFACE ( (
 ( 1.000000000000000000, 0.7071498549091913555, 1.000000000000000000),
 ( 1.000000000000000000, 0.7082540790953478771, 1.000000000000000000),
 ( 1.000000000000000000, 0.7093503216862002692, 1.000000000000000000),
 ( 1.000000000000000000, 0.7112308778163387579, 1.000000000000000000),
 ( 1.000000000000000000, 0.7120139427123961529, 1.000000000000000000),
 ( 1.000000000000000000, 0.7125281363668397594, 1.000000000000000000) ) ) 
 REPRESENTATION_ITEM ( '' )  SURFACE ( )  );
#6799 = CARTESIAN_POINT ( 'NONE',  ( -8.514586297939958470, 2.925000000000000711, 0.8000000000001478151 ) ) ;
#6800 = DIRECTION ( 'NONE',  ( -1.703767317533126255E-17, 1.000000000000000000, 1.212737214708384717E-16 ) ) ;
#6801 = CARTESIAN_POINT ( 'NONE',  ( 18.45140509807813345, 0.4454123484010240053, 0.4907050562564135299 ) ) ;
#6802 = VERTEX_POINT ( 'NONE', #9478 ) ;
#6803 = CARTESIAN_POINT ( 'NONE',  ( 3.125000001159346397, 1.824000000000036037, 16.00000000600094197 ) ) ;
#6804 = CARTESIAN_POINT ( 'NONE',  ( -18.49999999999999645, -0.3890337419912883177, 0.1103923313355635871 ) ) ;
#6805 = ADVANCED_FACE ( 'NONE', ( #7512 ), #8767, .F. ) ;
#6806 = EDGE_CURVE ( 'NONE', #8302, #1656, #10062, .T. ) ;
#6807 = ORIENTED_EDGE ( 'NONE', *, *, #6587, .F. ) ;
#6808 = CARTESIAN_POINT ( 'NONE',  ( 10.00000000000000000, -0.8160471443862370444, -2.500000000000001332 ) ) ;
#6809 = LINE ( 'NONE', #8211, #533 ) ;
#6810 = EDGE_CURVE ( 'NONE', #8233, #4835, #9800, .T. ) ;
#6811 = LINE ( 'NONE', #225, #6965 ) ;
#6812 = ORIENTED_EDGE ( 'NONE', *, *, #10993, .F. ) ;
#6813 = DIRECTION ( 'NONE',  ( 1.000000000000000000, -1.301042606982605321E-16, 0.000000000000000000 ) ) ;
#6814 = CARTESIAN_POINT ( 'NONE',  ( -18.50000000000001066, -0.3127002083951696543, -0.2242401429016325498 ) ) ;
#6815 = VERTEX_POINT ( 'NONE', #1186 ) ;
#6816 = B_SPLINE_CURVE_WITH_KNOTS ( 'NONE', 3,
 ( #8929, #2146, #3880, #9729, #4647, #7194 ),
 .UNSPECIFIED., .F., .F.,
 ( 4, 2, 4 ),
 ( -1.355021170538425553E-05, 0.0001444147498872850157, 0.0003023797114799542970 ),
 .UNSPECIFIED. ) ;
#6817 = AXIS2_PLACEMENT_3D ( 'NONE', #451, #3947, #1474 ) ;
#6818 = CARTESIAN_POINT ( 'NONE',  ( 9.502000075373645771, 2.825000000000001954, -5.402965055624975754 ) ) ;
#6819 = CARTESIAN_POINT ( 'NONE',  ( 15.00000000000000178, 0.1999999999999999833, 2.499999999999964917 ) ) ;
#6820 = CIRCLE ( 'NONE', #4215, 5.402950801377551571 ) ;
#6821 = CIRCLE ( 'NONE', #10979, 0.2500000000000002220 ) ;
#6822 = CARTESIAN_POINT ( 'NONE',  ( -18.50000000000000000, -0.05022168978694734748, -0.4897958516738468160 ) ) ;
#6823 = B_SPLINE_CURVE_WITH_KNOTS ( 'NONE', 3,
 ( #6797, #10210, #11022, #6892, #5903, #2587 ),
 .UNSPECIFIED., .F., .F.,
 ( 4, 2, 4 ),
 ( -1.000000000000000000, -0.5000000000000000000, -0.000000000000000000 ),
 .UNSPECIFIED. ) ;
#6824 = ADVANCED_FACE ( 'NONE', ( #1950 ), #10650, .T. ) ;
#6825 = AXIS2_PLACEMENT_3D ( 'NONE', #2013, #10452, #6198 ) ;
#6826 = ORIENTED_EDGE ( 'NONE', *, *, #5587, .F. ) ;
#6827 = CARTESIAN_POINT ( 'NONE',  ( 7.499999999999960920, 1.025000000000000355, 6.591421356237347595 ) ) ;
#6828 = ORIENTED_EDGE ( 'NONE', *, *, #1231, .F. ) ;
#6829 = CARTESIAN_POINT ( 'NONE',  ( 1.450000001159349239, 1.824000000000019828, 16.50100000600095029 ) ) ;
#6830 = CARTESIAN_POINT ( 'NONE',  ( -13.87794990882725621, -0.3750000000000000000, 3.280563360842449150 ) ) ;
#6831 = PLANE ( 'NONE',  #3736 ) ;
#6832 = FACE_OUTER_BOUND ( 'NONE', #9276, .T. ) ;
#6833 = CARTESIAN_POINT ( 'NONE',  ( -0.9805633608424482173, 0.6999999999999999556, -3.899999999999996358 ) ) ;
#6834 = DIRECTION ( 'NONE',  ( 0.000000000000000000, 0.000000000000000000, 1.000000000000000000 ) ) ;
#6835 = CARTESIAN_POINT ( 'NONE',  ( -2.200000000000040590, 1.925000000000000044, 6.800000000000107292 ) ) ;
#6836 = LINE ( 'NONE', #2858, #4950 ) ;
#6837 = DIRECTION ( 'NONE',  ( -3.593523896253485142E-15, -3.491481338843207903E-15, -1.000000000000000000 ) ) ;
#6838 = AXIS2_PLACEMENT_3D ( 'NONE', #216, #9638, #7110 ) ;
#6839 = VERTEX_POINT ( 'NONE', #10499 ) ;
#6840 = ORIENTED_EDGE ( 'NONE', *, *, #9109, .F. ) ;
#6841 = VERTEX_POINT ( 'NONE', #6245 ) ;
#6842 = EDGE_CURVE ( 'NONE', #1548, #10266, #7117, .T. ) ;
#6843 = CARTESIAN_POINT ( 'NONE',  ( -2.671456176721494380, 1.925000000000000044, 7.101062864000567743 ) ) ;
#6844 = DIRECTION ( 'NONE',  ( -1.703767317533126255E-17, 1.000000000000000000, 1.212737214708384717E-16 ) ) ;
#6845 = DIRECTION ( 'NONE',  ( -1.703767317533126255E-17, 1.000000000000000000, 1.212737214708384717E-16 ) ) ;
#6846 = LINE ( 'NONE', #2658, #2325 ) ;
#6847 = DIRECTION ( 'NONE',  ( -1.703767317533126255E-17, 1.000000000000000000, 1.212737214708384717E-16 ) ) ;
#6848 = VECTOR ( 'NONE', #3146, 1000.000000000000000 ) ;
#6849 = DIRECTION ( 'NONE',  ( -1.703767317533126255E-17, 1.000000000000000000, 1.212737214708384717E-16 ) ) ;
#6850 = CARTESIAN_POINT ( 'NONE',  ( -18.45263231450161356, -0.3120350481955336819, 0.1988855049236010197 ) ) ;
#6851 = PLANE ( 'NONE',  #9485 ) ;
#6852 = CARTESIAN_POINT ( 'NONE',  ( -10.00000000000003020, 1.924999999999999822, 7.500000000000158096 ) ) ;
#6853 = VERTEX_POINT ( 'NONE', #411 ) ;
#6854 = AXIS2_PLACEMENT_3D ( 'NONE', #1867, #6090, #3585 ) ;
#6855 = VECTOR ( 'NONE', #8354, 1000.000000000000000 ) ;
#6856 = DIRECTION ( 'NONE',  ( 0.000000000000000000, 0.000000000000000000, -1.000000000000000000 ) ) ;
#6857 = ORIENTED_EDGE ( 'NONE', *, *, #2223, .F. ) ;
#6858 = CARTESIAN_POINT ( 'NONE',  ( 1.450000001159349239, 1.824000000000019828, 16.50100000600095029 ) ) ;
#6859 = CARTESIAN_POINT ( 'NONE',  ( 18.49999999999966604, 0.6926368657736631240, -0.2494138704172199905 ) ) ;
#6860 = FACE_OUTER_BOUND ( 'NONE', #5622, .T. ) ;
#6861 = VERTEX_POINT ( 'NONE', #2154 ) ;
#6862 = FACE_OUTER_BOUND ( 'NONE', #10042, .T. ) ;
#6863 = EDGE_CURVE ( 'NONE', #1272, #107, #8055, .T. ) ;
#6864 = CARTESIAN_POINT ( 'NONE',  ( -14.75000000000000000, 0.2000000000000001499, 0.000000000000000000 ) ) ;
#6865 = DIRECTION ( 'NONE',  ( -1.703767317533126255E-17, 1.000000000000000000, 1.212737214708384717E-16 ) ) ;
#6866 = DIRECTION ( 'NONE',  ( -0.000000000000000000, -0.000000000000000000, -1.000000000000000000 ) ) ;
#6867 = CIRCLE ( 'NONE', #1008, 0.1999999999999996503 ) ;
#6868 = LINE ( 'NONE', #430, #8739 ) ;
#6869 = ADVANCED_FACE ( 'NONE', ( #9377, #7360 ), #2953, .T. ) ;
#6870 = ORIENTED_EDGE ( 'NONE', *, *, #5379, .T. ) ;
#6871 = CARTESIAN_POINT ( 'NONE',  ( -8.514586297939972681, 2.925000000000001155, -1.299999999999853273 ) ) ;
#6872 = LINE ( 'NONE', #8074, #9402 ) ;
#6873 = ORIENTED_EDGE ( 'NONE', *, *, #3416, .F. ) ;
#6874 = VECTOR ( 'NONE', #915, 1000.000000000000227 ) ;
#6875 = DIRECTION ( 'NONE',  ( 3.636041628507818633E-15, 3.491481338843208297E-15, 1.000000000000000000 ) ) ;
#6876 = DIRECTION ( 'NONE',  ( 1.000000000000000000, 1.040834098979162757E-14, -3.469446996597209190E-15 ) ) ;
#6877 = EDGE_CURVE ( 'NONE', #8146, #3479, #2124, .T. ) ;
#6878 = DIRECTION ( 'NONE',  ( 0.000000000000000000, 0.000000000000000000, 1.000000000000000000 ) ) ;
#6879 = B_SPLINE_CURVE_WITH_KNOTS ( 'NONE', 3,
 ( #4376, #8557, #1814, #1924 ),
 .UNSPECIFIED., .F., .F.,
 ( 4, 4 ),
 ( 0.000000000000000000, 0.0005594196665432394581 ),
 .UNSPECIFIED. ) ;
#6880 = DIRECTION ( 'NONE',  ( -8.673617379884051249E-15, 0.000000000000000000, -1.000000000000000000 ) ) ;
#6881 = CARTESIAN_POINT ( 'NONE',  ( 10.00000000000000178, 1.866047144386237422, 2.499999999999999556 ) ) ;
#6882 = DIRECTION ( 'NONE',  ( -0.000000000000000000, -1.000000000000000000, 0.000000000000000000 ) ) ;
#6883 = CARTESIAN_POINT ( 'NONE',  ( 3.680600000000002758, 1.903999999999996584, 2.976800000555852144 ) ) ;
#6884 = VECTOR ( 'NONE', #9723, 1000.000000000000000 ) ;
#6885 = EDGE_CURVE ( 'NONE', #1447, #10012, #9001, .T. ) ;
#6886 = ORIENTED_EDGE ( 'NONE', *, *, #2897, .F. ) ;
#6887 = FACE_OUTER_BOUND ( 'NONE', #9549, .T. ) ;
#6888 = ORIENTED_EDGE ( 'NONE', *, *, #10728, .T. ) ;
#6889 = ORIENTED_EDGE ( 'NONE', *, *, #7037, .F. ) ;
#6890 = EDGE_CURVE ( 'NONE', #9853, #9694, #5550, .T. ) ;
#6891 = ORIENTED_EDGE ( 'NONE', *, *, #1828, .T. ) ;
#6892 = CARTESIAN_POINT ( 'NONE',  ( 15.00000000000000178, 0.01099999999999993865, 0.4500000000000000111 ) ) ;
#6893 = CARTESIAN_POINT ( 'NONE',  ( 12.28283666301304322, 1.925000000000001821, -5.509150635094602677 ) ) ;
#6894 = CARTESIAN_POINT ( 'NONE',  ( 1.364764517393654675, -0.8749999999999998890, 4.510491658093826572 ) ) ;
#6895 = DIRECTION ( 'NONE',  ( -1.000000000000000000, -2.151175178187580423E-34, 8.673617379884068752E-17 ) ) ;
#6896 = CARTESIAN_POINT ( 'NONE',  ( 7.500000001159311758, 1.859000000000043951, 5.251000006000930753 ) ) ;
#6897 = ADVANCED_FACE ( 'NONE', ( #10079 ), #5110, .T. ) ;
#6898 = CARTESIAN_POINT ( 'NONE',  ( 4.499999999999969802, 0.6999999999999999556, -3.472907987027539445 ) ) ;
#6899 = CIRCLE ( 'NONE', #4833, 4.526728798636533213 ) ;
#6900 = CARTESIAN_POINT ( 'NONE',  ( 12.85975103337103320, 2.825000000000001066, -0.8495620197742476121 ) ) ;
#6901 = EDGE_LOOP ( 'NONE', ( #8727, #6336, #3171, #10519 ) ) ;
#6902 = ORIENTED_EDGE ( 'NONE', *, *, #2151, .F. ) ;
#6903 = VERTEX_POINT ( 'NONE', #378 ) ;
#6904 = VERTEX_POINT ( 'NONE', #6351 ) ;
#6905 = ORIENTED_EDGE ( 'NONE', *, *, #868, .T. ) ;
#6906 = EDGE_CURVE ( 'NONE', #2503, #2320, #6447, .T. ) ;
#6907 = CARTESIAN_POINT ( 'NONE',  ( 18.49999999999999645, 0.5598660127472180337, -0.4877237891079490573 ) ) ;
#6908 = CARTESIAN_POINT ( 'NONE',  ( 1.149999999999991251, 1.903999999999961279, 0.4999999999999761302 ) ) ;
#6909 = AXIS2_PLACEMENT_3D ( 'NONE', #1018, #10298, #940 ) ;
#6910 = CARTESIAN_POINT ( 'NONE',  ( -14.98466589161030349, -0.6784904812874564817, -2.499999999999964473 ) ) ;
#6911 = VECTOR ( 'NONE', #5858, 1000.000000000000114 ) ;
#6912 = DIRECTION ( 'NONE',  ( -1.703767317533126255E-17, 1.000000000000000000, 1.212737214708384717E-16 ) ) ;
#6913 = ORIENTED_EDGE ( 'NONE', *, *, #1242, .F. ) ;
#6914 = ORIENTED_EDGE ( 'NONE', *, *, #2179, .F. ) ;
#6915 = CARTESIAN_POINT ( 'NONE',  ( -1.117093805906312021, 1.679303484496289744, 5.714535577596074667 ) ) ;
#6916 = VERTEX_POINT ( 'NONE', #513 ) ;
#6917 = DIRECTION ( 'NONE',  ( 0.4999999999999849565, 1.135449601928839721E-16, -0.8660254037844473674 ) ) ;
#6918 = CARTESIAN_POINT ( 'NONE',  ( 18.50000000000000000, 0.4680112349276593364, 0.5352864521156801558 ) ) ;
#6919 = EDGE_CURVE ( 'NONE', #7250, #4890, #3205, .T. ) ;
#6920 = CARTESIAN_POINT ( 'NONE',  ( 18.50000000000000000, -0.04117988837649688705, -0.4943267352116901825 ) ) ;
#6921 = DIRECTION ( 'NONE',  ( -1.000000000000000000, 0.000000000000000000, 7.709882115452493155E-15 ) ) ;
#6922 = CARTESIAN_POINT ( 'NONE',  ( 9.999999999998543387, -0.3750000000000000000, 6.699999999999997513 ) ) ;
#6923 = CARTESIAN_POINT ( 'NONE',  ( -1.120353428614623947, 1.866047144386237422, 7.360935792454062820 ) ) ;
#6924 = CARTESIAN_POINT ( 'NONE',  ( 15.20003046560878168, 0.2000000000000000389, 0.8000000000000000444 ) ) ;
#6925 = AXIS2_PLACEMENT_3D ( 'NONE', #8274, #7534, #2455 ) ;
#6926 = CARTESIAN_POINT ( 'NONE',  ( 14.97467997857763145, -0.7374997748194446201, -0.1585804180159609000 ) ) ;
#6927 = ORIENTED_EDGE ( 'NONE', *, *, #2168, .T. ) ;
#6928 = CARTESIAN_POINT ( 'NONE',  ( 7.499999999999998224, 0.6999999999999999556, -3.830563360842449416 ) ) ;
#6929 = DIRECTION ( 'NONE',  ( 1.000000000000000000, 1.703767317532270218E-17, -7.084610675889280174E-15 ) ) ;
#6930 = AXIS2_PLACEMENT_3D ( 'NONE', #7943, #2865, #327 ) ;
#6931 = DIRECTION ( 'NONE',  ( -1.000000000000000000, -1.040834098979162757E-14, 3.469446996597209190E-15 ) ) ;
#6932 = CARTESIAN_POINT ( 'NONE',  ( -18.49999999999787192, -0.1323064674617122627, 0.4484719744224628379 ) ) ;
#6933 = LINE ( 'NONE', #572, #1345 ) ;
#6934 = ADVANCED_FACE ( 'NONE', ( #567 ), #3009, .T. ) ;
#6935 = CARTESIAN_POINT ( 'NONE',  ( -18.48556071098100162, -0.05511941458673488836, -0.5035390998511196647 ) ) ;
#6936 = EDGE_CURVE ( 'NONE', #7673, #872, #5659, .T. ) ;
#6937 = DIRECTION ( 'NONE',  ( 0.000000000000000000, 0.000000000000000000, -1.000000000000000000 ) ) ;
#6938 = ORIENTED_EDGE ( 'NONE', *, *, #5294, .T. ) ;
#6939 = VERTEX_POINT ( 'NONE', #2217 ) ;
#6940 = PLANE ( 'NONE',  #5914 ) ;
#6941 = CARTESIAN_POINT ( 'NONE',  ( -15.00000000000000000, -0.1400000000000001243, -0.3750000000000001110 ) ) ;
#6942 = EDGE_CURVE ( 'NONE', #8307, #5504, #10458, .T. ) ;
#6943 = DIRECTION ( 'NONE',  ( 1.047444401652941269E-14, -1.000000000000000000, 3.491481338843170037E-15 ) ) ;
#6944 = CARTESIAN_POINT ( 'NONE',  ( -18.50000000000000000, -0.07121550018489250511, -0.5352844436880290768 ) ) ;
#6945 = VERTEX_POINT ( 'NONE', #8108 ) ;
#6946 = CARTESIAN_POINT ( 'NONE',  ( -9.514586297939953141, 2.825000000000000622, 1.633974596215716391 ) ) ;
#6947 = EDGE_CURVE ( 'NONE', #4188, #6112, #7149, .T. ) ;
#6948 = VERTEX_POINT ( 'NONE', #5627 ) ;
#6949 = EDGE_CURVE ( 'NONE', #6553, #6481, #193, .T. ) ;
#6950 = ADVANCED_FACE ( 'NONE', ( #10616 ), #6205, .T. ) ;
#6951 =( BOUNDED_SURFACE ( )  B_SPLINE_SURFACE ( 3, 2, ( 
 ( #6490, #8057, #10710 ),
 ( #8159, #2155, #2986 ),
 ( #9854, #2186, #8912 ),
 ( #5534, #415, #1303 ) ),
 .UNSPECIFIED., .F., .F., .F. ) 
 B_SPLINE_SURFACE_WITH_KNOTS ( ( 4, 4 ),
 ( 3, 3 ),
 ( 0.0009162397369929901891, 0.0009300394253340860031 ),
 ( 0.000000000000000000, 1.000000000000000000 ),
 .UNSPECIFIED. ) 
 GEOMETRIC_REPRESENTATION_ITEM ( )  RATIONAL_B_SPLINE_SURFACE ( (
 ( 1.000000000000000000, 0.7071498549091913555, 1.000000000000000000),
 ( 1.000000000000000000, 0.7070922561382307903, 1.000000000000000000),
 ( 1.000000000000000000, 0.7070925909876982773, 1.000000000000000000),
 ( 1.000000000000000000, 0.7071498549091913555, 1.000000000000000000) ) ) 
 REPRESENTATION_ITEM ( '' )  SURFACE ( )  );
#6952 = DIRECTION ( 'NONE',  ( 1.703767317533126255E-17, -1.000000000000000000, -1.212737214708384717E-16 ) ) ;
#6953 = VECTOR ( 'NONE', #4901, 1000.000000000000114 ) ;
#6954 = CARTESIAN_POINT ( 'NONE',  ( 0.3299999999999982392, 1.865000000000000435, -7.233252277351548187 ) ) ;
#6955 = CARTESIAN_POINT ( 'NONE',  ( 18.49999999999834088, -0.3500433898616689965, 0.05113230411108229956 ) ) ;
#6956 = B_SPLINE_CURVE_WITH_KNOTS ( 'NONE', 3,
 ( #10764, #8174, #3039, #6574, #3897, #1344, #464, #3107, #7344, #1464, #3075, #2306 ),
 .UNSPECIFIED., .F., .F.,
 ( 4, 2, 2, 2, 2, 4 ),
 ( 0.000000000000000000, 0.0003280021029183831610, 0.0006560042058367663220, 0.0008200052572959579296, 0.0009840063087551494288, 0.001312008411673532644 ),
 .UNSPECIFIED. ) ;
#6957 = CARTESIAN_POINT ( 'NONE',  ( 14.98618483821216074, 0.9914700887480942804, 0.6209558092336354695 ) ) ;
#6958 = DIRECTION ( 'NONE',  ( 0.01745240643728352900, 0.9998476951563911586, 6.392558460226119475E-19 ) ) ;
#6959 = DIRECTION ( 'NONE',  ( 1.000000000000000000, 1.703767317532268061E-17, -6.911138328291599464E-15 ) ) ;
#6960 = ORIENTED_EDGE ( 'NONE', *, *, #831, .F. ) ;
#6961 = DIRECTION ( 'NONE',  ( -6.911138328291599464E-15, 1.212737214708358339E-16, -1.000000000000000000 ) ) ;
#6962 = EDGE_CURVE ( 'NONE', #3012, #9223, #3027, .T. ) ;
#6963 = VECTOR ( 'NONE', #9668, 1000.000000000000000 ) ;
#6964 = CARTESIAN_POINT ( 'NONE',  ( 18.44993974253575786, -0.04860289564859408135, 0.4906877741993693753 ) ) ;
#6965 = VECTOR ( 'NONE', #189, 1000.000000000000000 ) ;
#6966 = CARTESIAN_POINT ( 'NONE',  ( 0.8845068590283287069, -0.8163386388180788877, 4.987529779669905849 ) ) ;
#6967 = CARTESIAN_POINT ( 'NONE',  ( 0.1000000000000011297, 1.903999999999958614, 2.899999999999979039 ) ) ;
#6968 = CARTESIAN_POINT ( 'NONE',  ( 7.537000226450087936, 2.925000000000001599, -1.029535358552181368 ) ) ;
#6969 = DIRECTION ( 'NONE',  ( 0.000000000000000000, -0.01745240643728366431, -0.9998476951563911586 ) ) ;
#6970 = ORIENTED_EDGE ( 'NONE', *, *, #8297, .T. ) ;
#6971 = EDGE_CURVE ( 'NONE', #9286, #5432, #7655, .T. ) ;
#6972 = DIRECTION ( 'NONE',  ( -0.9991954978177245428, -0.03833390130050166184, -0.01178427561936253726 ) ) ;
#6973 = ORIENTED_EDGE ( 'NONE', *, *, #4414, .F. ) ;
#6974 = CARTESIAN_POINT ( 'NONE',  ( 0.9982849567958954617, 1.826745240643728341, 7.400000000000081180 ) ) ;
#6975 = CARTESIAN_POINT ( 'NONE',  ( 9.999999999999964473, 1.925000000000000266, 7.500000000000015987 ) ) ;
#6976 = VECTOR ( 'NONE', #9759, 1000.000000000000000 ) ;
#6977 = VECTOR ( 'NONE', #7830, 1000.000000000000000 ) ;
#6978 = DIRECTION ( 'NONE',  ( -1.000000000000000000, 0.000000000000000000, 6.938893903907222067E-15 ) ) ;
#6979 = CARTESIAN_POINT ( 'NONE',  ( -1.781353769400173093, 1.925000000000000044, 6.965031310981373736 ) ) ;
#6980 = ORIENTED_EDGE ( 'NONE', *, *, #9017, .F. ) ;
#6981 = ORIENTED_EDGE ( 'NONE', *, *, #5472, .T. ) ;
#6982 = AXIS2_PLACEMENT_3D ( 'NONE', #1411, #3823, #2136 ) ;
#6983 = CARTESIAN_POINT ( 'NONE',  ( 8.242257889483854072, 2.825000000000001066, -1.694113796408804440 ) ) ;
#6984 = CARTESIAN_POINT ( 'NONE',  ( 1.050000001159365315, 1.824000000000031374, 21.00100000600095385 ) ) ;
#6985 = VERTEX_POINT ( 'NONE', #5708 ) ;
#6986 = LINE ( 'NONE', #1254, #2459 ) ;
#6987 = FACE_OUTER_BOUND ( 'NONE', #5113, .T. ) ;
#6988 = CARTESIAN_POINT ( 'NONE',  ( 4.799969539029820709, -0.3750000000000000000, 6.699999999999997513 ) ) ;
#6989 = VERTEX_POINT ( 'NONE', #10741 ) ;
#6990 = CARTESIAN_POINT ( 'NONE',  ( -15.19678499706565411, 0.05125378534583591161, 0.7989810771869200190 ) ) ;
#6991 = VERTEX_POINT ( 'NONE', #586 ) ;
#6992 = CARTESIAN_POINT ( 'NONE',  ( 18.44993974253575786, -0.04860289564859441441, -0.4906877741993691533 ) ) ;
#6993 = ORIENTED_EDGE ( 'NONE', *, *, #6806, .F. ) ;
#6994 = CARTESIAN_POINT ( 'NONE',  ( 14.98785514337613023, 0.8957783699963878243, 0.4089323973366454923 ) ) ;
#6995 = CARTESIAN_POINT ( 'NONE',  ( 15.18463543064158650, -0.5055847700599308547, -0.3770280258276226260 ) ) ;
#6996 = DIRECTION ( 'NONE',  ( -0.9991954978177245428, 0.03833390130050166184, -0.01178427561936250603 ) ) ;
#6997 = CARTESIAN_POINT ( 'NONE',  ( -18.49999999999999645, -0.05197128988458526999, -0.4889247529050019248 ) ) ;
#6998 = VECTOR ( 'NONE', #3868, 1000.000000000000000 ) ;
#6999 = AXIS2_PLACEMENT_3D ( 'NONE', #10721, #6463, #5609 ) ;
#7000 = EDGE_LOOP ( 'NONE', ( #7368, #5451, #1053, #10019, #3395 ) ) ;
#7001 = LINE ( 'NONE', #7245, #9521 ) ;
#7002 = VECTOR ( 'NONE', #6875, 1000.000000000000000 ) ;
#7003 = CARTESIAN_POINT ( 'NONE',  ( -13.19216333698694932, 1.925000000000001377, -6.034150635094427173 ) ) ;
#7004 = EDGE_CURVE ( 'NONE', #5430, #11062, #3698, .T. ) ;
#7005 = CARTESIAN_POINT ( 'NONE',  ( -10.00000000000009948, 2.675000000000001155, -2.499999999999840128 ) ) ;
#7006 = DIRECTION ( 'NONE',  ( 0.000000000000000000, 0.000000000000000000, 1.000000000000000000 ) ) ;
#7007 = AXIS2_PLACEMENT_3D ( 'NONE', #1990, #7924, #9518 ) ;
#7008 = VECTOR ( 'NONE', #7863, 1000.000000000000000 ) ;
#7009 = CARTESIAN_POINT ( 'NONE',  ( -2.299999998840635218, 1.823999999999996291, 21.00100000600096450 ) ) ;
#7010 = ADVANCED_FACE ( 'NONE', ( #9245 ), #1681, .T. ) ;
#7011 = ORIENTED_EDGE ( 'NONE', *, *, #10729, .F. ) ;
#7012 = CIRCLE ( 'NONE', #10185, 0.1000000000000000472 ) ;
#7013 = ORIENTED_EDGE ( 'NONE', *, *, #2257, .F. ) ;
#7014 = LINE ( 'NONE', #5329, #9251 ) ;
#7015 = CARTESIAN_POINT ( 'NONE',  ( -12.78540010533627935, -0.8149999999999999467, -5.733375758719617465 ) ) ;
#7016 = CIRCLE ( 'NONE', #11064, 4.950000000000000178 ) ;
#7017 = LINE ( 'NONE', #9272, #4746 ) ;
#7018 = DIRECTION ( 'NONE',  ( -1.000000000000000000, 0.000000000000000000, 6.936764332878106497E-15 ) ) ;
#7019 = VECTOR ( 'NONE', #10411, 1000.000000000000000 ) ;
#7020 = VERTEX_POINT ( 'NONE', #9269 ) ;
#7021 = CARTESIAN_POINT ( 'NONE',  ( -1.200889939151108532, 0.1790447727642646147, 7.500365774851983858 ) ) ;
#7022 = VECTOR ( 'NONE', #9919, 1000.000000000000227 ) ;
#7023 = ORIENTED_EDGE ( 'NONE', *, *, #2049, .T. ) ;
#7024 = CIRCLE ( 'NONE', #3671, 0.1999999999999999833 ) ;
#7025 = VERTEX_POINT ( 'NONE', #2256 ) ;
#7026 = EDGE_CURVE ( 'NONE', #2712, #7287, #8725, .T. ) ;
#7027 = ORIENTED_EDGE ( 'NONE', *, *, #5093, .F. ) ;
#7028 = VERTEX_POINT ( 'NONE', #3344 ) ;
#7029 = B_SPLINE_CURVE_WITH_KNOTS ( 'NONE', 3,
 ( #6157, #9577, #77, #9428, #8712, #5227, #6041 ),
 .UNSPECIFIED., .F., .F.,
 ( 4, 3, 4 ),
 ( 0.000000000000000000, 0.0002411713082185316828, 0.0004411568912744982720 ),
 .UNSPECIFIED. ) ;
#7030 = DIRECTION ( 'NONE',  ( 0.000000000000000000, -1.000000000000000000, 0.000000000000000000 ) ) ;
#7031 = VERTEX_POINT ( 'NONE', #3123 ) ;
#7032 = CARTESIAN_POINT ( 'NONE',  ( -15.00351604875413258, -0.5309884898476228132, -0.3297599483394159092 ) ) ;
#7033 = CARTESIAN_POINT ( 'NONE',  ( 0.8077452057123671869, -0.8187225381672539326, 5.433541419125491601 ) ) ;
#7034 = CARTESIAN_POINT ( 'NONE',  ( -0.8860207152530698016, 1.125000000000000222, 7.400000000000092726 ) ) ;
#7035 = EDGE_CURVE ( 'NONE', #7545, #2877, #1678, .T. ) ;
#7036 = LINE ( 'NONE', #125, #9011 ) ;
#7037 = EDGE_CURVE ( 'NONE', #703, #1906, #8978, .T. ) ;
#7038 = CARTESIAN_POINT ( 'NONE',  ( -18.48118663857003696, -0.05354088237424538960, 0.5004258539217791846 ) ) ;
#7039 = ORIENTED_EDGE ( 'NONE', *, *, #10323, .F. ) ;
#7040 = ORIENTED_EDGE ( 'NONE', *, *, #3311, .F. ) ;
#7041 = CARTESIAN_POINT ( 'NONE',  ( 0.7603458787332509905, 1.925000000000001599, -5.518769726311486323 ) ) ;
#7042 = CARTESIAN_POINT ( 'NONE',  ( 18.50000000000000000, 0.09665988019416620058, 0.6185427719006693081 ) ) ;
#7043 = ORIENTED_EDGE ( 'NONE', *, *, #3326, .F. ) ;
#7044 = DIRECTION ( 'NONE',  ( -1.000000000000000000, -1.703767317532273299E-17, 7.341679198581128704E-15 ) ) ;
#7045 = CARTESIAN_POINT ( 'NONE',  ( -1.260269726311673555, 1.925000000000001377, -3.362138890782169209 ) ) ;
#7046 = CARTESIAN_POINT ( 'NONE',  ( -9.514586297939953141, 2.925000000000000711, 1.633974596215716391 ) ) ;
#7047 = ORIENTED_EDGE ( 'NONE', *, *, #7883, .T. ) ;
#7048 = CARTESIAN_POINT ( 'NONE',  ( 0.3299999999999982392, 0.2000000000000000944, -7.293252277351547797 ) ) ;
#7049 = FACE_OUTER_BOUND ( 'NONE', #7778, .T. ) ;
#7050 = VERTEX_POINT ( 'NONE', #7563 ) ;
#7051 = VERTEX_POINT ( 'NONE', #3309 ) ;
#7052 = DIRECTION ( 'NONE',  ( 1.000000000000000000, 0.000000000000000000, -6.938893903907226800E-15 ) ) ;
#7053 = CARTESIAN_POINT ( 'NONE',  ( 9.999999999999966249, 1.866047144386236978, -7.470919038921268296 ) ) ;
#7054 = ORIENTED_EDGE ( 'NONE', *, *, #1993, .F. ) ;
#7055 = DIRECTION ( 'NONE',  ( 0.000000000000000000, 1.000000000000000000, 0.000000000000000000 ) ) ;
#7056 = CARTESIAN_POINT ( 'NONE',  ( -10.00000000000013323, 1.925000000000001599, -7.499999999999840128 ) ) ;
#7057 = ADVANCED_FACE ( 'NONE', ( #5538 ), #575, .F. ) ;
#7058 = AXIS2_PLACEMENT_3D ( 'NONE', #3871, #8987, #2999 ) ;
#7059 = CARTESIAN_POINT ( 'NONE',  ( 1.101886547524477900, 0.8080802352918988740, 5.696930015022700466 ) ) ;
#7060 = EDGE_LOOP ( 'NONE', ( #5932, #4762, #2156, #6151, #3867 ) ) ;
#7061 = EDGE_CURVE ( 'NONE', #6547, #9817, #3289, .T. ) ;
#7062 = CARTESIAN_POINT ( 'NONE',  ( 15.16839826384052969, -0.5918808167694036282, -0.1311260396320754473 ) ) ;
#7063 = CARTESIAN_POINT ( 'NONE',  ( -1.149999998924088107, 1.903999999999945958, 2.976800003647840587 ) ) ;
#7064 = AXIS2_PLACEMENT_3D ( 'NONE', #10117, #4919, #9190 ) ;
#7065 = FACE_OUTER_BOUND ( 'NONE', #8602, .T. ) ;
#7066 = ORIENTED_EDGE ( 'NONE', *, *, #9123, .F. ) ;
#7067 = ORIENTED_EDGE ( 'NONE', *, *, #5739, .F. ) ;
#7068 = DIRECTION ( 'NONE',  ( -0.3614068755689017753, -5.300502195314691451E-16, 0.9324082101158935876 ) ) ;
#7069 = DIRECTION ( 'NONE',  ( 0.000000000000000000, 0.000000000000000000, 1.000000000000000000 ) ) ;
#7070 = EDGE_LOOP ( 'NONE', ( #546, #3002, #8852, #9571 ) ) ;
#7071 = PLANE ( 'NONE',  #2572 ) ;
#7072 = DIRECTION ( 'NONE',  ( -1.703767317533126255E-17, 1.000000000000000000, 1.212737214708384717E-16 ) ) ;
#7073 = CARTESIAN_POINT ( 'NONE',  ( -0.8860207152530750196, 1.125000000000000222, 6.591421356237405327 ) ) ;
#7074 = CARTESIAN_POINT ( 'NONE',  ( -18.45553576107596072, -0.04860017829034222331, -0.4906815935765782566 ) ) ;
#7075 = EDGE_CURVE ( 'NONE', #6564, #1077, #10912, .T. ) ;
#7076 = LINE ( 'NONE', #5668, #9047 ) ;
#7077 = CARTESIAN_POINT ( 'NONE',  ( 13.19216333698669708, 1.925000000000001821, -6.034150635094616355 ) ) ;
#7078 = VERTEX_POINT ( 'NONE', #4159 ) ;
#7079 = CARTESIAN_POINT ( 'NONE',  ( 14.91092817721188091, 1.925000000000000266, -2.499999999999968026 ) ) ;
#7080 = CARTESIAN_POINT ( 'NONE',  ( -1.049999998840635218, 1.859000000000009312, 21.00100000600096095 ) ) ;
#7081 =( BOUNDED_SURFACE ( )  B_SPLINE_SURFACE ( 3, 2, ( 
 ( #1881, #2623, #6995 ),
 ( #7815, #2736, #4479 ),
 ( #8735, #5348, #1105 ),
 ( #352, #7993, #7062 ),
 ( #8882, #2815, #10467 ),
 ( #9667, #8802, #6319 ),
 ( #5467, #2845, #3667 ),
 ( #9591, #4519, #4618 ),
 ( #2955, #8019, #5499 ),
 ( #2086, #2923, #6212 ) ),
 .UNSPECIFIED., .F., .F., .F. ) 
 B_SPLINE_SURFACE_WITH_KNOTS ( ( 4, 2, 2, 2, 4 ),
 ( 3, 3 ),
 ( -1.355252715606880543E-19, 0.0002446092121557999965, 0.0004892184243116001014, 0.0007338276364674003148, 0.0009784368486232004197 ),
 ( 0.000000000000000000, 1.000000000000000000 ),
 .UNSPECIFIED. ) 
 GEOMETRIC_REPRESENTATION_ITEM ( )  RATIONAL_B_SPLINE_SURFACE ( (
 ( 1.000000000000000000, 0.7125281363668402035, 1.000000000000000000),
 ( 1.000000000000000000, 0.7429457895141922119, 1.000000000000000000),
 ( 1.000000000000000000, 0.7674813047335542482, 1.000000000000000000),
 ( 1.000000000000000000, 0.8011852578314142548, 1.000000000000000000),
 ( 1.000000000000000000, 0.8100918112391968240, 1.000000000000000000),
 ( 1.000000000000000000, 0.8100933632580367139, 1.000000000000000000),
 ( 1.000000000000000000, 0.8011941700165207125, 1.000000000000000000),
 ( 1.000000000000000000, 0.7674852877922186956, 1.000000000000000000),
 ( 1.000000000000000000, 0.7429454652718033847, 1.000000000000000000),
 ( 1.000000000000000000, 0.7125281363668398704, 1.000000000000000000) ) ) 
 REPRESENTATION_ITEM ( '' )  SURFACE ( )  );
#7082 = EDGE_CURVE ( 'NONE', #74, #3734, #10203, .T. ) ;
#7083 = CARTESIAN_POINT ( 'NONE',  ( 18.50000000000000000, 0.02634855338465574848, -0.5283362074035536926 ) ) ;
#7084 = OPEN_SHELL ( 'NONE', ( #4713, #8001, #7956, #5275, #7586, #2794, #4270, #6388, #7763, #5037, #6123, #6824, #6055, #5020 ) ) ;
#7085 = CIRCLE ( 'NONE', #2958, 0.8530300048438035354 ) ;
#7086 = CARTESIAN_POINT ( 'NONE',  ( -0.9919033010572754216, 0.5919197647081010372, 7.493159015060366634 ) ) ;
#7087 = FACE_OUTER_BOUND ( 'NONE', #1802, .T. ) ;
#7088 = CARTESIAN_POINT ( 'NONE',  ( -1.230336675081827869, 1.866047144386237422, 7.470919038921265631 ) ) ;
#7089 = EDGE_CURVE ( 'NONE', #2111, #4777, #718, .T. ) ;
#7090 = ORIENTED_EDGE ( 'NONE', *, *, #3190, .F. ) ;
#7091 = EDGE_LOOP ( 'NONE', ( #6359, #621, #7503, #2743 ) ) ;
#7092 = DIRECTION ( 'NONE',  ( -1.703767317533126255E-17, 1.000000000000000000, 1.212737214708384717E-16 ) ) ;
#7093 = FACE_OUTER_BOUND ( 'NONE', #3732, .T. ) ;
#7094 = B_SPLINE_CURVE_WITH_KNOTS ( 'NONE', 3,
 ( #5697, #7392, #2314, #1501, #8257, #3199, #5731, #2359 ),
 .UNSPECIFIED., .F., .F.,
 ( 4, 2, 2, 4 ),
 ( 0.000000000000000000, 0.0006684799776272914388, 0.001002719966440937267, 0.001336959955254582878 ),
 .UNSPECIFIED. ) ;
#7095 = CARTESIAN_POINT ( 'NONE',  ( 0.8860207152530039654, 1.125000000000000222, 7.500000000000080824 ) ) ;
#7096 = EDGE_CURVE ( 'NONE', #6481, #1866, #4545, .T. ) ;
#7097 = CARTESIAN_POINT ( 'NONE',  ( -14.98432573992627859, -0.6979777582140079817, -0.3983465209495626325 ) ) ;
#7098 = CARTESIAN_POINT ( 'NONE',  ( 9.999999999999857891, 2.925000000000002043, -7.499999999999980460 ) ) ;
#7099 = ORIENTED_EDGE ( 'NONE', *, *, #7122, .F. ) ;
#7100 = EDGE_CURVE ( 'NONE', #7896, #4556, #2766, .T. ) ;
#7101 = ORIENTED_EDGE ( 'NONE', *, *, #4861, .F. ) ;
#7102 = PLANE ( 'NONE',  #8635 ) ;
#7103 = CARTESIAN_POINT ( 'NONE',  ( 9.502000075373663535, 2.825000000000001510, -2.938336794585587164 ) ) ;
#7104 = CIRCLE ( 'NONE', #3662, 0.1000000000000000333 ) ;
#7105 = FACE_OUTER_BOUND ( 'NONE', #9434, .T. ) ;
#7106 = DIRECTION ( 'NONE',  ( 0.000000000000000000, 1.000000000000000000, 0.000000000000000000 ) ) ;
#7107 = CARTESIAN_POINT ( 'NONE',  ( 18.49999999999999645, -0.3499999999999999223, -0.1129691451777588840 ) ) ;
#7108 = ADVANCED_FACE ( 'NONE', ( #7247, #4982 ), #9529, .T. ) ;
#7109 = EDGE_CURVE ( 'NONE', #4850, #8616, #9923, .T. ) ;
#7110 = DIRECTION ( 'NONE',  ( -1.000000000000000000, -1.040834085586083310E-14, 3.469446951953611033E-15 ) ) ;
#7111 = VERTEX_POINT ( 'NONE', #699 ) ;
#7112 = EDGE_LOOP ( 'NONE', ( #10686, #10339, #2332, #3753 ) ) ;
#7113 = ORIENTED_EDGE ( 'NONE', *, *, #5727, .F. ) ;
#7114 =( BOUNDED_CURVE ( )  B_SPLINE_CURVE ( 3, ( #1885, #2782, #10322, #7739 ),
 .UNSPECIFIED., .F., .F. ) 
 B_SPLINE_CURVE_WITH_KNOTS ( ( 4, 4 ),
 ( 3.632339849553219313, 4.705407961107015424 ),
 .UNSPECIFIED. ) 
 CURVE ( )  GEOMETRIC_REPRESENTATION_ITEM ( )  RATIONAL_B_SPLINE_CURVE ( ( 1.000000000000000000, 0.9063236618287560109, 0.9063236618287560109, 1.000000000000000000 ) ) 
 REPRESENTATION_ITEM ( '' )  );
#7115 = CIRCLE ( 'NONE', #10352, 0.5000000000000004441 ) ;
#7116 = CARTESIAN_POINT ( 'NONE',  ( 10.00000000000000000, -0.8750000000000000000, -2.500000000000001332 ) ) ;
#7117 = LINE ( 'NONE', #8015, #4841 ) ;
#7118 = CARTESIAN_POINT ( 'NONE',  ( 15.00000000000000000, -0.1430200000000000637, -0.4500000000000000666 ) ) ;
#7119 = CARTESIAN_POINT ( 'NONE',  ( 0.7999999999985443200, -0.3750000000000000000, 5.427376237343289667 ) ) ;
#7120 = DIRECTION ( 'NONE',  ( 1.000000000000000000, 1.047444401652940007E-14, -3.491481338843121128E-15 ) ) ;
#7121 = VERTEX_POINT ( 'NONE', #2406 ) ;
#7122 = EDGE_CURVE ( 'NONE', #9742, #9742, #6715, .T. ) ;
#7123 = VECTOR ( 'NONE', #10441, 999.9999999999998863 ) ;
#7124 = ORIENTED_EDGE ( 'NONE', *, *, #6519, .F. ) ;
#7125 = CYLINDRICAL_SURFACE ( 'NONE', #4279, 5.312720850603081857 ) ;
#7126 = ORIENTED_EDGE ( 'NONE', *, *, #8806, .F. ) ;
#7127 = LINE ( 'NONE', #1114, #4988 ) ;
#7128 = DIRECTION ( 'NONE',  ( 3.491481338843084446E-15, 3.491481338843206719E-15, 1.000000000000000000 ) ) ;
#7129 = DIRECTION ( 'NONE',  ( -1.703767317533126255E-17, 1.000000000000000000, 1.212737214708384717E-16 ) ) ;
#7130 = CARTESIAN_POINT ( 'NONE',  ( -18.45191847171424016, 0.2919652545281203881, 0.5668451850586816443 ) ) ;
#7131 = CARTESIAN_POINT ( 'NONE',  ( 1.580964780462630337, -0.6683059546498669734, 4.457017428168676076 ) ) ;
#7132 = AXIS2_PLACEMENT_3D ( 'NONE', #5584, #9864, #5548 ) ;
#7133 = FACE_BOUND ( 'NONE', #1408, .T. ) ;
#7134 = CONICAL_SURFACE ( 'NONE', #8976, 4.199999999999999289, 0.01745329251994333364 ) ;
#7135 = VECTOR ( 'NONE', #2202, 1000.000000000000114 ) ;
#7136 = ORIENTED_EDGE ( 'NONE', *, *, #8243, .T. ) ;
#7137 = CIRCLE ( 'NONE', #9883, 1.216835016934456837 ) ;
#7138 = EDGE_LOOP ( 'NONE', ( #247, #7650, #8342, #1863 ) ) ;
#7139 = LINE ( 'NONE', #6819, #6874 ) ;
#7140 = EDGE_CURVE ( 'NONE', #472, #3206, #4488, .T. ) ;
#7141 = EDGE_LOOP ( 'NONE', ( #9068, #6242, #4569, #16, #8685, #10570 ) ) ;
#7142 = CARTESIAN_POINT ( 'NONE',  ( -18.49999999996972733, -0.06960450263691253525, 0.5321071708067226513 ) ) ;
#7143 = CARTESIAN_POINT ( 'NONE',  ( 12.69654243516050762, 1.925000000000001821, -6.196813483191188965 ) ) ;
#7144 = DIRECTION ( 'NONE',  ( -1.000000000000000000, 0.000000000000000000, 6.938893903907222067E-15 ) ) ;
#7145 = AXIS2_PLACEMENT_3D ( 'NONE', #6467, #4037, #2241 ) ;
#7146 = CARTESIAN_POINT ( 'NONE',  ( 15.09545909067175806, 0.2000000000000000111, 0.8217003637044393294 ) ) ;
#7147 = CARTESIAN_POINT ( 'NONE',  ( 14.99999999999999822, -0.1400000000000001243, 0.1499999999999999389 ) ) ;
#7148 = DIRECTION ( 'NONE',  ( -1.703767317533126255E-17, 1.000000000000000000, 1.212737214708384717E-16 ) ) ;
#7149 = LINE ( 'NONE', #10611, #2881 ) ;
#7150 = ORIENTED_EDGE ( 'NONE', *, *, #4595, .F. ) ;
#7151 = CIRCLE ( 'NONE', #3299, 0.4200000000000002620 ) ;
#7152 = EDGE_LOOP ( 'NONE', ( #8540 ) ) ;
#7153 = VERTEX_POINT ( 'NONE', #5961 ) ;
#7154 = LINE ( 'NONE', #2129, #5278 ) ;
#7155 = VERTEX_POINT ( 'NONE', #1701 ) ;
#7156 = EDGE_CURVE ( 'NONE', #2609, #9125, #5915, .T. ) ;
#7157 = CARTESIAN_POINT ( 'NONE',  ( -1.098269726311605243, 1.824999999999999956, 7.500000000000094147 ) ) ;
#7158 = DIRECTION ( 'NONE',  ( 0.000000000000000000, 0.000000000000000000, 1.000000000000000000 ) ) ;
#7159 = EDGE_CURVE ( 'NONE', #10279, #9007, #7965, .T. ) ;
#7160 = CARTESIAN_POINT ( 'NONE',  ( 4.030961776872149294, -0.8162147390274470116, 4.527872996158023078 ) ) ;
#7161 = DIRECTION ( 'NONE',  ( -1.000000000000000000, -1.703767317532162982E-17, -1.762479051592789418E-15 ) ) ;
#7162 = CIRCLE ( 'NONE', #7915, 0.2076985065416667720 ) ;
#7163 = ORIENTED_EDGE ( 'NONE', *, *, #3149, .T. ) ;
#7164 = CARTESIAN_POINT ( 'NONE',  ( -0.1999999988406347684, 1.824000000000018273, 21.00100000600095740 ) ) ;
#7165 = ORIENTED_EDGE ( 'NONE', *, *, #9187, .T. ) ;
#7166 = ORIENTED_EDGE ( 'NONE', *, *, #3765, .F. ) ;
#7167 = ORIENTED_EDGE ( 'NONE', *, *, #3981, .F. ) ;
#7168 = ORIENTED_EDGE ( 'NONE', *, *, #8715, .F. ) ;
#7169 = ADVANCED_FACE ( 'NONE', ( #10480 ), #5402, .T. ) ;
#7170 = DIRECTION ( 'NONE',  ( 0.000000000000000000, 0.000000000000000000, -1.000000000000000000 ) ) ;
#7171 = CARTESIAN_POINT ( 'NONE',  ( -7.499999999984074961, 1.704999999999867288, -0.4999999881956443404 ) ) ;
#7172 = EDGE_CURVE ( 'NONE', #6729, #8066, #8181, .T. ) ;
#7173 = LINE ( 'NONE', #6057, #4659 ) ;
#7174 = CARTESIAN_POINT ( 'NONE',  ( -1.041261353465204875, 1.866047144386237422, -7.470919038921266520 ) ) ;
#7175 = CARTESIAN_POINT ( 'NONE',  ( -15.01991398827844826, -0.5999991995444932114, 0.06899462798089206483 ) ) ;
#7176 = CARTESIAN_POINT ( 'NONE',  ( -3.871576792519305421, 1.704999999999917693, 3.065460014014323331 ) ) ;
#7177 = CARTESIAN_POINT ( 'NONE',  ( -1.260269726311632033, 1.925000000000000488, 2.500000000000092371 ) ) ;
#7178 = ORIENTED_EDGE ( 'NONE', *, *, #2260, .F. ) ;
#7179 = EDGE_LOOP ( 'NONE', ( #6523, #6196, #10619, #8222, #6596 ) ) ;
#7180 = CARTESIAN_POINT ( 'NONE',  ( -1.449999998840634907, 1.824000000000005173, 21.00100000600096095 ) ) ;
#7181 = EDGE_CURVE ( 'NONE', #10417, #1099, #3153, .T. ) ;
#7182 = ORIENTED_EDGE ( 'NONE', *, *, #2707, .F. ) ;
#7183 = CARTESIAN_POINT ( 'NONE',  ( -18.45553576107592875, -0.04860016109640342280, 0.4906816022955516332 ) ) ;
#7184 = CARTESIAN_POINT ( 'NONE',  ( 9.999999999999968026, -0.8750000000000000000, -7.284696352579028478 ) ) ;
#7185 = CARTESIAN_POINT ( 'NONE',  ( -14.78469635257902581, -0.8750000000000000000, 2.499999999999967137 ) ) ;
#7186 = DIRECTION ( 'NONE',  ( 1.703767317533126255E-17, -1.000000000000000000, -1.212737214708384717E-16 ) ) ;
#7187 = CARTESIAN_POINT ( 'NONE',  ( -1.826342872381214066, 1.858999999999980890, 15.19950759955184871 ) ) ;
#7188 = DIRECTION ( 'NONE',  ( 0.000000000000000000, -1.000000000000000000, 0.000000000000000000 ) ) ;
#7189 = AXIS2_PLACEMENT_3D ( 'NONE', #5131, #3456, #8669 ) ;
#7190 = ORIENTED_EDGE ( 'NONE', *, *, #8123, .F. ) ;
#7191 = DIRECTION ( 'NONE',  ( -3.593523896253485142E-15, -3.491481338843207903E-15, -1.000000000000000000 ) ) ;
#7192 = CARTESIAN_POINT ( 'NONE',  ( -1.728543823278581471, 1.925000000000000044, 7.101062864000563302 ) ) ;
#7193 = CIRCLE ( 'NONE', #10235, 0.4500000000000007327 ) ;
#7194 = CARTESIAN_POINT ( 'NONE',  ( 15.00000000000000178, 0.2000000000000000111, -0.9999939082516362543 ) ) ;
#7195 = DIRECTION ( 'NONE',  ( 1.047444401652941269E-14, -1.000000000000000000, 3.491481338843170432E-15 ) ) ;
#7196 = APPROVAL_PERSON_ORGANIZATION ( #5473, #2828, #4903 ) ;
#7197 = ORIENTED_EDGE ( 'NONE', *, *, #1398, .F. ) ;
#7198 = ORIENTED_EDGE ( 'NONE', *, *, #7872, .F. ) ;
#7199 = AXIS2_PLACEMENT_3D ( 'NONE', #775, #10107, #9262 ) ;
#7200 = DIRECTION ( 'NONE',  ( 1.000000000000000000, 1.047444401652940007E-14, -3.491481338843121522E-15 ) ) ;
#7201 = LINE ( 'NONE', #462, #10810 ) ;
#7202 = EDGE_CURVE ( 'NONE', #1093, #2543, #3574, .T. ) ;
#7203 = ORIENTED_EDGE ( 'NONE', *, *, #8662, .F. ) ;
#7204 = CARTESIAN_POINT ( 'NONE',  ( -2.225000000000042721, 1.925000000000000044, 6.241175542187609615 ) ) ;
#7205 = FACE_OUTER_BOUND ( 'NONE', #4339, .T. ) ;
#7206 = CARTESIAN_POINT ( 'NONE',  ( -6.500000000000063061, 2.825000000000000622, 0.3000000000001334932 ) ) ;
#7207 = CARTESIAN_POINT ( 'NONE',  ( 1.000021300494533971, 1.904000000000006576, 13.87497886453820328 ) ) ;
#7208 = AXIS2_PLACEMENT_3D ( 'NONE', #7209, #5546, #6331 ) ;
#7209 = CARTESIAN_POINT ( 'NONE',  ( -7.499999998840687354, 1.858999999999886743, 5.251000006000986708 ) ) ;
#7210 = EDGE_LOOP ( 'NONE', ( #6327, #6970, #5576, #7776 ) ) ;
#7211 = CARTESIAN_POINT ( 'NONE',  ( -9.999999999999998224, -0.8750000000000000000, 7.284696352579027590 ) ) ;
#7212 = DIRECTION ( 'NONE',  ( -1.703767317533126255E-17, 1.000000000000000000, 1.212737214708384717E-16 ) ) ;
#7213 = CIRCLE ( 'NONE', #7708, 0.3499999999999996447 ) ;
#7214 = LINE ( 'NONE', #8527, #279 ) ;
#7215 = CARTESIAN_POINT ( 'NONE',  ( -6.500000000000066613, 2.925000000000001155, -0.2999999999998672062 ) ) ;
#7216 = VERTEX_POINT ( 'NONE', #1739 ) ;
#7217 = ORIENTED_EDGE ( 'NONE', *, *, #7421, .T. ) ;
#7218 = PLANE ( 'NONE',  #398 ) ;
#7219 = CARTESIAN_POINT ( 'NONE',  ( -1.180344290324007561, 1.925000000000000266, 7.360935792454061932 ) ) ;
#7220 = EDGE_CURVE ( 'NONE', #1312, #9495, #3834, .T. ) ;
#7221 = FACE_OUTER_BOUND ( 'NONE', #9875, .T. ) ;
#7222 = LINE ( 'NONE', #9107, #2601 ) ;
#7223 = ORIENTED_EDGE ( 'NONE', *, *, #9465, .T. ) ;
#7224 = CARTESIAN_POINT ( 'NONE',  ( 2.699999999998545785, -0.8750000000000000000, 9.324932431938870891 ) ) ;
#7225 = VERTEX_POINT ( 'NONE', #6001 ) ;
#7226 = EDGE_CURVE ( 'NONE', #235, #333, #454, .T. ) ;
#7227 = EDGE_LOOP ( 'NONE', ( #10486, #41, #7692, #3901 ) ) ;
#7228 = DIRECTION ( 'NONE',  ( -1.000000000000000000, 0.000000000000000000, 7.806255641895630347E-15 ) ) ;
#7229 = VECTOR ( 'NONE', #5714, 1000.000000000000227 ) ;
#7230 = VECTOR ( 'NONE', #2799, 1000.000000000000000 ) ;
#7231 = ORIENTED_EDGE ( 'NONE', *, *, #10238, .F. ) ;
#7232 = VERTEX_POINT ( 'NONE', #10181 ) ;
#7233 = AXIS2_PLACEMENT_3D ( 'NONE', #11039, #7529, #2413 ) ;
#7234 = CARTESIAN_POINT ( 'NONE',  ( -0.3474999988406969331, 1.858999999999955133, 3.323500006000960294 ) ) ;
#7235 = ORIENTED_EDGE ( 'NONE', *, *, #1426, .F. ) ;
#7236 = CARTESIAN_POINT ( 'NONE',  ( -9.999999999999962697, 0.1999999999999999556, 7.499999999999999112 ) ) ;
#7237 = CARTESIAN_POINT ( 'NONE',  ( 1.000000001159340846, 1.705000000000006510, 13.87500000600095085 ) ) ;
#7238 = VECTOR ( 'NONE', #365, 1000.000000000000000 ) ;
#7239 = EDGE_CURVE ( 'NONE', #8226, #5341, #6454, .T. ) ;
#7240 = VERTEX_POINT ( 'NONE', #25 ) ;
#7241 = VECTOR ( 'NONE', #8955, 1000.000000000000000 ) ;
#7242 = DIRECTION ( 'NONE',  ( -1.000000000000000000, -1.048376361960509221E-14, 3.491481338717242593E-15 ) ) ;
#7243 = VECTOR ( 'NONE', #5892, 1000.000000000000000 ) ;
#7244 = AXIS2_PLACEMENT_3D ( 'NONE', #4007, #4930, #9098 ) ;
#7245 = CARTESIAN_POINT ( 'NONE',  ( 3.600509310432685517, 0.6999999999999999556, 5.422848373325799720 ) ) ;
#7246 = CARTESIAN_POINT ( 'NONE',  ( 14.98466589161030704, -0.6784904812874569258, -0.4712850322845279494 ) ) ;
#7247 = FACE_OUTER_BOUND ( 'NONE', #3065, .T. ) ;
#7248 = CIRCLE ( 'NONE', #10439, 0.1000000000000000472 ) ;
#7249 = AXIS2_PLACEMENT_3D ( 'NONE', #917, #823, #6780 ) ;
#7250 = VERTEX_POINT ( 'NONE', #5187 ) ;
#7251 = CARTESIAN_POINT ( 'NONE',  ( -1.449999998840635351, 1.859000000000005093, 21.00100000600096095 ) ) ;
#7252 = ORIENTED_EDGE ( 'NONE', *, *, #1248, .T. ) ;
#7253 = CIRCLE ( 'NONE', #4945, 4.999999999999999112 ) ;
#7254 = CARTESIAN_POINT ( 'NONE',  ( 15.00000000000000000, -0.1400000000000001243, -0.3750000000000001110 ) ) ;
#7255 = CARTESIAN_POINT ( 'NONE',  ( -18.50000000000000000, -0.05022168978694701441, 0.4897958516738470380 ) ) ;
#7256 = EDGE_CURVE ( 'NONE', #7752, #8616, #7370, .T. ) ;
#7257 = ADVANCED_FACE ( 'NONE', ( #5654 ), #1010, .T. ) ;
#7258 = AXIS2_PLACEMENT_3D ( 'NONE', #3244, #4099, #10080 ) ;
#7259 = FACE_BOUND ( 'NONE', #2516, .T. ) ;
#7260 = DIRECTION ( 'NONE',  ( 0.8660254037844425934, -4.588180294421168786E-17, 0.4999999999999932276 ) ) ;
#7261 = DIRECTION ( 'NONE',  ( 0.01745240643728356716, -0.9998476951563912696, -2.448987558611938523E-16 ) ) ;
#7262 = VERTEX_POINT ( 'NONE', #6968 ) ;
#7263 = ORIENTED_EDGE ( 'NONE', *, *, #10450, .F. ) ;
#7264 = ORIENTED_EDGE ( 'NONE', *, *, #2019, .T. ) ;
#7265 = VECTOR ( 'NONE', #6601, 1000.000000000000000 ) ;
#7266 = DIRECTION ( 'NONE',  ( -1.000000000000000000, 0.000000000000000000, 6.938893903907245733E-15 ) ) ;
#7267 = ORIENTED_EDGE ( 'NONE', *, *, #9325, .T. ) ;
#7268 = DIRECTION ( 'NONE',  ( 0.0001058369763232880519, 1.212755240074266746E-16, -0.9999999943992671225 ) ) ;
#7269 = AXIS2_PLACEMENT_3D ( 'NONE', #302, #1101, #10462 ) ;
#7270 = EDGE_CURVE ( 'NONE', #2919, #5362, #9804, .T. ) ;
#7271 = LINE ( 'NONE', #4210, #4237 ) ;
#7272 = VERTEX_POINT ( 'NONE', #8552 ) ;
#7273 = VERTEX_POINT ( 'NONE', #9423 ) ;
#7274 = ORIENTED_EDGE ( 'NONE', *, *, #6795, .T. ) ;
#7275 = CARTESIAN_POINT ( 'NONE',  ( -12.61068682838814148, -0.3750000000000000000, -5.530563360842446485 ) ) ;
#7276 = ORIENTED_EDGE ( 'NONE', *, *, #1887, .F. ) ;
#7277 =( BOUNDED_CURVE ( )  B_SPLINE_CURVE ( 3, ( #7940, #10595, #8036, #9642 ),
 .UNSPECIFIED., .F., .F. ) 
 B_SPLINE_CURVE_WITH_KNOTS ( ( 4, 4 ),
 ( 5.283411854853005352, 5.362302155094183398 ),
 .UNSPECIFIED. ) 
 CURVE ( )  GEOMETRIC_REPRESENTATION_ITEM ( )  RATIONAL_B_SPLINE_CURVE ( ( 1.000000000000000000, 0.9994814272873515648, 0.9994814272873515648, 1.000000000000000000 ) ) 
 REPRESENTATION_ITEM ( '' )  );
#7278 = CARTESIAN_POINT ( 'NONE',  ( 18.44993974253575786, -0.04860289564859441441, -0.4906877741993691533 ) ) ;
#7279 = APPLICATION_CONTEXT ( 'configuration controlled 3d designs of mechanical parts and assemblies' ) ;
#7280 = CARTESIAN_POINT ( 'NONE',  ( 1.703230273688386198, 1.925000000000000266, 6.271638890782345932 ) ) ;
#7281 = CARTESIAN_POINT ( 'NONE',  ( 8.030999266226013233, 2.925000000000002043, -7.249999999999967137 ) ) ;
#7282 = CARTESIAN_POINT ( 'NONE',  ( 9.999999999999998224, -0.8160471443862370444, -6.707698506541667882 ) ) ;
#7283 = CARTESIAN_POINT ( 'NONE',  ( 1.442163336986695299, 1.925000000000001821, -7.084150635094531800 ) ) ;
#7284 = EDGE_CURVE ( 'NONE', #10249, #1540, #4213, .T. ) ;
#7285 = LINE ( 'NONE', #10551, #5161 ) ;
#7286 = EDGE_CURVE ( 'NONE', #346, #8343, #6082, .T. ) ;
#7287 = VERTEX_POINT ( 'NONE', #1009 ) ;
#7288 = VERTEX_POINT ( 'NONE', #2637 ) ;
#7289 = DIRECTION ( 'NONE',  ( 0.000000000000000000, 1.000000000000000000, 0.000000000000000000 ) ) ;
#7290 = DIRECTION ( 'NONE',  ( -1.000000000000000000, 0.000000000000000000, -7.709882115452493155E-15 ) ) ;
#7291 = ORIENTED_EDGE ( 'NONE', *, *, #4830, .T. ) ;
#7292 = DIRECTION ( 'NONE',  ( 0.000000000000000000, 0.000000000000000000, -1.000000000000000000 ) ) ;
#7293 = EDGE_CURVE ( 'NONE', #8375, #9501, #5118, .T. ) ;
#7294 = ORIENTED_EDGE ( 'NONE', *, *, #2795, .T. ) ;
#7295 = DIRECTION ( 'NONE',  ( 0.000000000000000000, 0.000000000000000000, -1.000000000000000000 ) ) ;
#7296 = EDGE_CURVE ( 'NONE', #6112, #6486, #8062, .T. ) ;
#7297 = EDGE_LOOP ( 'NONE', ( #7560, #1038, #6209, #4216 ) ) ;
#7298 = CARTESIAN_POINT ( 'NONE',  ( -14.91092817721188091, 1.865000000000000435, 2.499999999999966249 ) ) ;
#7299 = CARTESIAN_POINT ( 'NONE',  ( -2.200000000000040590, 1.925000000000000044, 6.800000000000107292 ) ) ;
#7300 = EDGE_CURVE ( 'NONE', #7121, #4336, #10349, .T. ) ;
#7301 = AXIS2_PLACEMENT_3D ( 'NONE', #9502, #985, #4436 ) ;
#7302 = CARTESIAN_POINT ( 'NONE',  ( -0.6603611092178343078, 1.925000000000001155, -2.762230273688338844 ) ) ;
#7303 = VERTEX_POINT ( 'NONE', #1772 ) ;
#7304 = DIRECTION ( 'NONE',  ( 0.000000000000000000, 0.000000000000000000, -1.000000000000000000 ) ) ;
#7305 = CARTESIAN_POINT ( 'NONE',  ( 7.537000226450088824, 2.825000000000001066, -1.029535358552181368 ) ) ;
#7306 = CARTESIAN_POINT ( 'NONE',  ( 18.45142330232434347, 0.1048226827975188846, -0.5667668608098530569 ) ) ;
#7307 = ADVANCED_FACE ( 'NONE', ( #2478 ), #7710, .F. ) ;
#7308 = DIRECTION ( 'NONE',  ( 1.703767317533126255E-17, -1.000000000000000000, -1.212737214708384717E-16 ) ) ;
#7309 = DIRECTION ( 'NONE',  ( -1.047444401652941269E-14, 1.000000000000000000, -3.491481338843170037E-15 ) ) ;
#7310 = VECTOR ( 'NONE', #2508, 1000.000000000000114 ) ;
#7311 = CARTESIAN_POINT ( 'NONE',  ( 7.500000000015927704, 1.705000000000026050, 1.780528155470584295E-08 ) ) ;
#7312 = AXIS2_PLACEMENT_3D ( 'NONE', #10479, #7932, #4487 ) ;
#7313 = ORIENTED_EDGE ( 'NONE', *, *, #90, .T. ) ;
#7314 = ORIENTED_EDGE ( 'NONE', *, *, #2251, .T. ) ;
#7315 = ORIENTED_EDGE ( 'NONE', *, *, #8933, .T. ) ;
#7316 = CARTESIAN_POINT ( 'NONE',  ( -10.00000000000013323, 2.925000000000001599, -7.249999999999841904 ) ) ;
#7317 = CARTESIAN_POINT ( 'NONE',  ( -18.44992263913666619, -0.04860334875829092072, 0.4906875724859217081 ) ) ;
#7318 = AXIS2_PLACEMENT_3D ( 'NONE', #2616, #1715, #1632 ) ;
#7319 = DIRECTION ( 'NONE',  ( 8.673617379884056426E-17, 0.000000000000000000, 1.000000000000000000 ) ) ;
#7320 = VECTOR ( 'NONE', #5426, 1000.000000000000000 ) ;
#7321 = CARTESIAN_POINT ( 'NONE',  ( 15.00000000000000000, -0.1400000000000001243, 0.2999999999999999334 ) ) ;
#7322 = CARTESIAN_POINT ( 'NONE',  ( -18.49999999999999289, 0.1129261339515098272, 0.5500000000000000444 ) ) ;
#7323 = VERTEX_POINT ( 'NONE', #1919 ) ;
#7324 = AXIS2_PLACEMENT_3D ( 'NONE', #8250, #2394, #3106 ) ;
#7325 = CARTESIAN_POINT ( 'NONE',  ( 11.70720044927873360, 2.825000000000001510, -4.327032419940927355 ) ) ;
#7326 = EDGE_LOOP ( 'NONE', ( #10594, #9418, #5171, #7954, #576, #11036 ) ) ;
#7327 = EDGE_CURVE ( 'NONE', #9127, #10860, #7516, .T. ) ;
#7328 = LINE ( 'NONE', #6803, #4441 ) ;
#7329 = CARTESIAN_POINT ( 'NONE',  ( 7.271929870468204271, 2.825000000000001066, -1.816953206948172639 ) ) ;
#7330 = CARTESIAN_POINT ( 'NONE',  ( 7.537000226450088824, 2.825000000000001066, -1.029535358552181368 ) ) ;
#7331 = VECTOR ( 'NONE', #4401, 1000.000000000000114 ) ;
#7332 = CARTESIAN_POINT ( 'NONE',  ( 18.46649291597636378, -0.04986881104855010738, -0.4931836436570143922 ) ) ;
#7333 = DIRECTION ( 'NONE',  ( -1.000000000000000000, -1.047444401652940007E-14, 3.491481338843121128E-15 ) ) ;
#7334 = ORIENTED_EDGE ( 'NONE', *, *, #2707, .T. ) ;
#7335 = ORIENTED_EDGE ( 'NONE', *, *, #133, .T. ) ;
#7336 = VECTOR ( 'NONE', #463, 1000.000000000000000 ) ;
#7337 = CARTESIAN_POINT ( 'NONE',  ( -1.260269726311673555, 1.925000000000001377, -3.362138890782169209 ) ) ;
#7338 = DIRECTION ( 'NONE',  ( 1.000000000000000000, -0.000000000000000000, -0.000000000000000000 ) ) ;
#7339 = CIRCLE ( 'NONE', #4204, 0.2076985065416663279 ) ;
#7340 = EDGE_CURVE ( 'NONE', #4890, #1650, #4736, .T. ) ;
#7341 = CARTESIAN_POINT ( 'NONE',  ( 7.499999999999877431, 2.925000000000001599, -5.403109303582651179 ) ) ;
#7342 = CARTESIAN_POINT ( 'NONE',  ( 0.6077289675089327936, -0.8160471443862370444, 6.707698506541664329 ) ) ;
#7343 = EDGE_CURVE ( 'NONE', #10802, #4584, #10994, .T. ) ;
#7344 = CARTESIAN_POINT ( 'NONE',  ( 18.50000000000001421, -0.3372949786518549264, 0.2668425437075535034 ) ) ;
#7345 = ORIENTED_EDGE ( 'NONE', *, *, #7677, .F. ) ;
#7346 = DIRECTION ( 'NONE',  ( -1.000000000000000000, -1.047444401652940007E-14, 3.491481338843121128E-15 ) ) ;
#7347 = VERTEX_POINT ( 'NONE', #5259 ) ;
#7348 = CIRCLE ( 'NONE', #8324, 4.207698506541666994 ) ;
#7349 = DIRECTION ( 'NONE',  ( -1.513754957952231942E-18, 0.9998476951563911586, -0.01745240643728354982 ) ) ;
#7350 = FACE_OUTER_BOUND ( 'NONE', #7210, .T. ) ;
#7351 = CARTESIAN_POINT ( 'NONE',  ( -18.50000000000000000, 0.4680112349276593364, 0.5352864521156801558 ) ) ;
#7352 = CARTESIAN_POINT ( 'NONE',  ( 12.77499999999990798, 1.925000000000000488, 5.224999999999999645 ) ) ;
#7353 = VERTEX_POINT ( 'NONE', #8518 ) ;
#7354 = DIRECTION ( 'NONE',  ( 1.000000000000000000, 1.703767317533210072E-17, -6.911138328291599464E-15 ) ) ;
#7355 = EDGE_LOOP ( 'NONE', ( #7964 ) ) ;
#7356 = EDGE_CURVE ( 'NONE', #4539, #5891, #5276, .T. ) ;
#7357 = EDGE_LOOP ( 'NONE', ( #3042, #9889, #10382, #9430, #1122, #5003, #263, #10163, #7136, #6561 ) ) ;
#7358 = FACE_BOUND ( 'NONE', #11020, .T. ) ;
#7359 = LINE ( 'NONE', #6298, #190 ) ;
#7360 = FACE_BOUND ( 'NONE', #10443, .T. ) ;
#7361 = DIRECTION ( 'NONE',  ( 0.6427876096865354771, 1.038526656440784922E-16, -0.7660444431189812331 ) ) ;
#7362 = EDGE_CURVE ( 'NONE', #2930, #7250, #4730, .T. ) ;
#7363 = CARTESIAN_POINT ( 'NONE',  ( 0.9749999999998630873, 1.925000000000001821, -7.324999999999917577 ) ) ;
#7364 = EDGE_CURVE ( 'NONE', #6841, #7960, #4480, .T. ) ;
#7365 = CARTESIAN_POINT ( 'NONE',  ( -18.45130719100655270, 0.4380798399798318532, 0.4944987375301043708 ) ) ;
#7366 = DIRECTION ( 'NONE',  ( 6.737665980693918755E-15, -1.212737214708358339E-16, 1.000000000000000000 ) ) ;
#7367 = CARTESIAN_POINT ( 'NONE',  ( 18.48939245899730111, -0.05706122399137934786, -0.5073688155526123733 ) ) ;
#7368 = ORIENTED_EDGE ( 'NONE', *, *, #3985, .T. ) ;
#7369 = CARTESIAN_POINT ( 'NONE',  ( 0.5328366630130334514, 1.925000000000001821, -7.040849364905303887 ) ) ;
#7370 = LINE ( 'NONE', #897, #7008 ) ;
#7371 = B_SPLINE_CURVE_WITH_KNOTS ( 'NONE', 3,
 ( #2304, #561, #9979, #10831 ),
 .UNSPECIFIED., .F., .F.,
 ( 4, 4 ),
 ( 0.000000000000000000, 0.0005594196665432394581 ),
 .UNSPECIFIED. ) ;
#7372 = ORIENTED_EDGE ( 'NONE', *, *, #7496, .F. ) ;
#7373 = VECTOR ( 'NONE', #6865, 1000.000000000000000 ) ;
#7374 = ORIENTED_EDGE ( 'NONE', *, *, #4129, .T. ) ;
#7375 = AXIS2_PLACEMENT_3D ( 'NONE', #7275, #10720, #7304 ) ;
#7376 = CARTESIAN_POINT ( 'NONE',  ( 4.592296697245629389, -0.8163219191445446610, 6.560238526234422274 ) ) ;
#7377 = DIRECTION ( 'NONE',  ( 0.000000000000000000, 0.000000000000000000, -1.000000000000000000 ) ) ;
#7378 = CARTESIAN_POINT ( 'NONE',  ( 7.500000000000000000, 0.6999999999999999556, 0.03709201297246063345 ) ) ;
#7379 = DIRECTION ( 'NONE',  ( -1.000000000000000000, -1.703767317532268061E-17, 6.911138328291599464E-15 ) ) ;
#7380 = DIRECTION ( 'NONE',  ( 1.047444401652941269E-14, -1.000000000000000000, 3.491481338843170037E-15 ) ) ;
#7381 = CIRCLE ( 'NONE', #6350, 1.753994140719111750 ) ;
#7382 = LINE ( 'NONE', #371, #7946 ) ;
#7383 = CYLINDRICAL_SURFACE ( 'NONE', #2228, 0.06000000000000015737 ) ;
#7384 = AXIS2_PLACEMENT_3D ( 'NONE', #1911, #7770, #8537 ) ;
#7385 = CARTESIAN_POINT ( 'NONE',  ( 7.934967355137838574, 2.825000000000001066, -2.416599778722031466 ) ) ;
#7386 = ORIENTED_EDGE ( 'NONE', *, *, #10700, .F. ) ;
#7387 = VECTOR ( 'NONE', #9157, 1000.000000000000000 ) ;
#7388 = ORIENTED_EDGE ( 'NONE', *, *, #2038, .T. ) ;
#7389 = LINE ( 'NONE', #10918, #3294 ) ;
#7390 = ORIENTED_EDGE ( 'NONE', *, *, #7724, .F. ) ;
#7391 =( BOUNDED_CURVE ( )  B_SPLINE_CURVE ( 3, ( #2240, #3872, #10664, #7342 ),
 .UNSPECIFIED., .F., .F. ) 
 B_SPLINE_CURVE_WITH_KNOTS ( ( 4, 4 ),
 ( 5.497939437029721432, 7.068431177329452808 ),
 .UNSPECIFIED. ) 
 CURVE ( )  GEOMETRIC_REPRESENTATION_ITEM ( )  RATIONAL_B_SPLINE_CURVE ( ( 1.000000000000000000, 0.8048096403827864620, 0.8048096403827864620, 1.000000000000000000 ) ) 
 REPRESENTATION_ITEM ( '' )  );
#7392 = CARTESIAN_POINT ( 'NONE',  ( 1.363808094637336099, -0.8162355600578721226, 4.509468968459448668 ) ) ;
#7393 = CARTESIAN_POINT ( 'NONE',  ( 10.13404525406332368, 2.825000000000001066, -2.429215482782403512 ) ) ;
#7394 = AXIS2_PLACEMENT_3D ( 'NONE', #7399, #4742, #3203 ) ;
#7395 = DIRECTION ( 'NONE',  ( -0.01744974916068251988, 0.9996954598818874604, -0.01744974916068262397 ) ) ;
#7396 = CARTESIAN_POINT ( 'NONE',  ( -0.8999999989240947684, 1.903999999999940851, 0.7500000036478395860 ) ) ;
#7397 = CIRCLE ( 'NONE', #2089, 0.1000000000000000472 ) ;
#7398 = VERTEX_POINT ( 'NONE', #7045 ) ;
#7399 = CARTESIAN_POINT ( 'NONE',  ( -13.87794990882725621, -0.8160471443862369334, 3.480563360842449772 ) ) ;
#7400 = LINE ( 'NONE', #9841, #7684 ) ;
#7401 = ORIENTED_EDGE ( 'NONE', *, *, #4668, .F. ) ;
#7402 = VERTEX_POINT ( 'NONE', #3787 ) ;
#7403 = EDGE_CURVE ( 'NONE', #3265, #6553, #2469, .T. ) ;
#7404 = ORIENTED_EDGE ( 'NONE', *, *, #9010, .T. ) ;
#7405 = AXIS2_PLACEMENT_3D ( 'NONE', #548, #9884, #7228 ) ;
#7406 = DIRECTION ( 'NONE',  ( -0.000000000000000000, -0.000000000000000000, 1.000000000000000000 ) ) ;
#7407 =( BOUNDED_SURFACE ( )  B_SPLINE_SURFACE ( 3, 2, ( 
 ( #3809, #3773, #5463 ),
 ( #4716, #3089, #9009 ),
 ( #5495, #9741, #484 ),
 ( #8937, #6488, #4658 ),
 ( #3948, #8056, #3850 ),
 ( #9879, #3021, #10612 ) ),
 .UNSPECIFIED., .F., .F., .F. ) 
 B_SPLINE_SURFACE_WITH_KNOTS ( ( 4, 2, 4 ),
 ( 3, 3 ),
 ( 5.497939437029720544, 6.283185307179586232, 7.068431177329452808 ),
 ( 0.000000000000000000, 1.000000000000000000 ),
 .UNSPECIFIED. ) 
 GEOMETRIC_REPRESENTATION_ITEM ( )  RATIONAL_B_SPLINE_SURFACE ( (
 ( 1.000000000000000000, 0.7132504491541810099, 1.000000000000000000),
 ( 1.000000000000000000, 0.7148663289597231296, 1.000000000000000000),
 ( 1.000000000000000000, 0.7157784824661374001, 1.000000000000000000),
 ( 1.000000000000000000, 0.7157784824661374001, 1.000000000000000000),
 ( 1.000000000000000000, 0.7148663289597301240, 1.000000000000000000),
 ( 1.000000000000000000, 0.7132504491541810099, 1.000000000000000000) ) ) 
 REPRESENTATION_ITEM ( '' )  SURFACE ( )  );
#7408 = DIRECTION ( 'NONE',  ( 1.000000000000000000, 0.000000000000000000, 0.000000000000000000 ) ) ;
#7409 = LINE ( 'NONE', #1157, #615 ) ;
#7410 = CARTESIAN_POINT ( 'NONE',  ( 2.699999999998545785, -0.8160471443862370444, 9.324932431938870891 ) ) ;
#7411 = CARTESIAN_POINT ( 'NONE',  ( -9.999999999999998224, -0.6784904812874859026, -2.499999999999999556 ) ) ;
#7412 = DIRECTION ( 'NONE',  ( -0.9746958665536183952, 1.027654658711947750E-14, -0.2235351599263325773 ) ) ;
#7413 = ORIENTED_EDGE ( 'NONE', *, *, #2003, .T. ) ;
#7414 = ORIENTED_EDGE ( 'NONE', *, *, #1022, .F. ) ;
#7415 = ORIENTED_EDGE ( 'NONE', *, *, #2171, .T. ) ;
#7416 = ORIENTED_EDGE ( 'NONE', *, *, #7876, .T. ) ;
#7417 = AXIS2_PLACEMENT_3D ( 'NONE', #6279, #1943, #6211 ) ;
#7418 = EDGE_LOOP ( 'NONE', ( #360 ) ) ;
#7419 = CARTESIAN_POINT ( 'NONE',  ( 18.46786919440777908, 0.4468961968129340767, -0.4936330232189078404 ) ) ;
#7420 = EDGE_LOOP ( 'NONE', ( #3056, #9085, #4199, #9005, #4231, #5440 ) ) ;
#7421 = EDGE_CURVE ( 'NONE', #1912, #3603, #8800, .T. ) ;
#7422 = CARTESIAN_POINT ( 'NONE',  ( 4.724014940603399992, -0.8749999999999998890, 6.767689367280572021 ) ) ;
#7423 = CARTESIAN_POINT ( 'NONE',  ( -1.449999998840696414, 1.704999999999946336, 3.976800006000959176 ) ) ;
#7424 = VECTOR ( 'NONE', #11045, 1000.000000000000000 ) ;
#7425 = CARTESIAN_POINT ( 'NONE',  ( -1.703543823278586000, 1.925000000000000044, 6.542238406188338296 ) ) ;
#7426 = ORIENTED_EDGE ( 'NONE', *, *, #1945, .T. ) ;
#7427 = CARTESIAN_POINT ( 'NONE',  ( 6.653834630302630337, 2.925000000000002043, -7.249999999999958256 ) ) ;
#7428 = ADVANCED_FACE ( 'NONE', ( #5526 ), #7071, .T. ) ;
#7429 = ORIENTED_EDGE ( 'NONE', *, *, #11066, .T. ) ;
#7430 = DIRECTION ( 'NONE',  ( 0.000000000000000000, 0.000000000000000000, -1.000000000000000000 ) ) ;
#7431 = CARTESIAN_POINT ( 'NONE',  ( -14.99997968099783385, 0.1988359251456736365, -1.000008114687864103 ) ) ;
#7432 = DIRECTION ( 'NONE',  ( 0.000000000000000000, 0.000000000000000000, 1.000000000000000000 ) ) ;
#7433 = CARTESIAN_POINT ( 'NONE',  ( -0.9981646710642694265, 1.819854075689655515, 5.894822039904013877 ) ) ;
#7434 = ORIENTED_EDGE ( 'NONE', *, *, #10239, .F. ) ;
#7435 = EDGE_CURVE ( 'NONE', #4850, #4598, #5268, .T. ) ;
#7436 = CARTESIAN_POINT ( 'NONE',  ( -14.98775894572119149, -0.5012895299529293025, 0.8029057181136973753 ) ) ;
#7437 = DIRECTION ( 'NONE',  ( -0.000000000000000000, -1.000000000000000000, -0.000000000000000000 ) ) ;
#7438 = CARTESIAN_POINT ( 'NONE',  ( -14.99746824107247889, 0.05495562817217980456, -0.7996304777384326545 ) ) ;
#7439 = CARTESIAN_POINT ( 'NONE',  ( 0.6882613534652040066, 1.866047144386237422, -7.470919038921266520 ) ) ;
#7440 = EDGE_CURVE ( 'NONE', #8556, #6853, #3017, .T. ) ;
#7441 = CARTESIAN_POINT ( 'NONE',  ( 14.78469635257903114, -0.8750000000000000000, 2.499999999999999556 ) ) ;
#7442 = ORIENTED_EDGE ( 'NONE', *, *, #5236, .F. ) ;
#7443 = EDGE_CURVE ( 'NONE', #689, #5693, #10986, .T. ) ;
#7444 = DIRECTION ( 'NONE',  ( 0.000000000000000000, -0.8819809625749136517, -0.4712850322845280604 ) ) ;
#7445 = VECTOR ( 'NONE', #4695, 1000.000000000000000 ) ;
#7446 = DATE_AND_TIME ( #9174, #4020 ) ;
#7447 = CARTESIAN_POINT ( 'NONE',  ( 12.33631939038324532, 1.925000000000000488, 5.572888867579746552 ) ) ;
#7448 = AXIS2_PLACEMENT_3D ( 'NONE', #3738, #1933, #294 ) ;
#7449 = CARTESIAN_POINT ( 'NONE',  ( -18.49999999999775113, 0.7500425462775341945, -0.05145042941667515163 ) ) ;
#7450 = CARTESIAN_POINT ( 'NONE',  ( -18.48231867582071430, 0.4507607491175966707, -0.5012565909862226610 ) ) ;
#7451 = DIRECTION ( 'NONE',  ( 0.000000000000000000, 0.000000000000000000, -1.000000000000000000 ) ) ;
#7452 = VERTEX_POINT ( 'NONE', #1237 ) ;
#7453 = VERTEX_POINT ( 'NONE', #214 ) ;
#7454 = CARTESIAN_POINT ( 'NONE',  ( 18.47309563455129222, 0.4478004880700262036, -0.4954169106673544931 ) ) ;
#7455 = EDGE_CURVE ( 'NONE', #8111, #5634, #708, .T. ) ;
#7456 = FACE_OUTER_BOUND ( 'NONE', #2980, .T. ) ;
#7457 = AXIS2_PLACEMENT_3D ( 'NONE', #9732, #3694, #7055 ) ;
#7458 = CARTESIAN_POINT ( 'NONE',  ( -18.45191834574159628, 0.2920011725990765972, -0.5668273624100138575 ) ) ;
#7459 = DIRECTION ( 'NONE',  ( 0.000000000000000000, 0.000000000000000000, -1.000000000000000000 ) ) ;
#7460 = CARTESIAN_POINT ( 'NONE',  ( -6.505213034913051256E-16, 0.2000000000000000111, -7.500000000000000000 ) ) ;
#7461 = CARTESIAN_POINT ( 'NONE',  ( -1.728543823278586800, 1.925000000000000044, 6.498937135999113934 ) ) ;
#7462 = EDGE_LOOP ( 'NONE', ( #2868, #5427, #7480, #2368 ) ) ;
#7463 = CARTESIAN_POINT ( 'NONE',  ( -15.18443918986399943, 0.9145788713531599612, 0.4157558217267149359 ) ) ;
#7464 = CARTESIAN_POINT ( 'NONE',  ( -10.00000000000009948, 2.925000000000001599, -2.499999999999840128 ) ) ;
#7465 = FACE_OUTER_BOUND ( 'NONE', #284, .T. ) ;
#7466 = EDGE_CURVE ( 'NONE', #8965, #9274, #8304, .T. ) ;
#7467 = CARTESIAN_POINT ( 'NONE',  ( 18.50000000000000000, -0.04727668043419304411, 0.4912781730480664799 ) ) ;
#7468 = CARTESIAN_POINT ( 'NONE',  ( -14.99999999999999822, -0.1400000000000001243, 0.1499999999999999389 ) ) ;
#7469 = DIRECTION ( 'NONE',  ( 1.000000000000000000, 1.045405750572606262E-14, -3.491481338843119156E-15 ) ) ;
#7470 = ORIENTED_EDGE ( 'NONE', *, *, #1606, .F. ) ;
#7471 = CARTESIAN_POINT ( 'NONE',  ( -15.19678499706565411, 0.05125378534583550222, -0.7989810771869202410 ) ) ;
#7472 = DIRECTION ( 'NONE',  ( 1.000000000000000000, 1.048376361960509221E-14, -3.491481338840167633E-15 ) ) ;
#7473 = CARTESIAN_POINT ( 'NONE',  ( -12.80345756483948527, 1.925000000000001377, -6.196813483191006000 ) ) ;
#7474 = VECTOR ( 'NONE', #528, 1000.000000000000000 ) ;
#7475 = LINE ( 'NONE', #1042, #10157 ) ;
#7476 = AXIS2_PLACEMENT_3D ( 'NONE', #3885, #7261, #3911 ) ;
#7477 = CARTESIAN_POINT ( 'NONE',  ( -0.8820160742476854665, 1.865000000000001990, -7.391949262870541659 ) ) ;
#7478 = ORIENTED_EDGE ( 'NONE', *, *, #3989, .T. ) ;
#7479 = CARTESIAN_POINT ( 'NONE',  ( 13.87794990882726154, -0.8750000000000000000, 3.212873992591398498 ) ) ;
#7480 = ORIENTED_EDGE ( 'NONE', *, *, #2598, .F. ) ;
#7481 = EDGE_CURVE ( 'NONE', #2250, #1835, #446, .T. ) ;
#7482 = CARTESIAN_POINT ( 'NONE',  ( -9.999999999999998224, -0.8149999999999999467, 2.499999999999999556 ) ) ;
#7483 = CARTESIAN_POINT ( 'NONE',  ( 18.45575972726537017, 0.7156236255114175604, -0.2016150961765287852 ) ) ;
#7484 = B_SPLINE_SURFACE_WITH_KNOTS ( 'NONE', 3, 1, ( 
 ( #1128, #1174 ),
 ( #7118, #2039 ),
 ( #6383, #10639 ),
 ( #372, #2905 ),
 ( #5459, #7083 ),
 ( #9652, #7948 ),
 ( #3799, #1250 ),
 ( #2113, #334 ),
 ( #2869, #8790 ) ),
 .UNSPECIFIED., .F., .F., .F.,
 ( 4, 3, 2, 4 ),
 ( 2, 2 ),
 ( -0.01000000000000000021, 0.000000000000000000, 0.5000000000000000000, 1.000000000000000000 ),
 ( 0.000000000000000000, 1.000000000000000000 ),
 .UNSPECIFIED. ) ;
#7485 = DIRECTION ( 'NONE',  ( 0.6526717070970342593, 0.000000000000000000, -0.7576408402106126205 ) ) ;
#7486 = CIRCLE ( 'NONE', #3444, 0.4499999999999990119 ) ;
#7487 = VECTOR ( 'NONE', #1586, 1000.000000000000000 ) ;
#7488 = CARTESIAN_POINT ( 'NONE',  ( 15.17810536581298919, -0.5601169524739896266, -0.2578545321792529710 ) ) ;
#7489 = ORIENTED_EDGE ( 'NONE', *, *, #8292, .T. ) ;
#7490 = ORIENTED_EDGE ( 'NONE', *, *, #3908, .T. ) ;
#7491 = EDGE_CURVE ( 'NONE', #2931, #2682, #8583, .T. ) ;
#7492 = CARTESIAN_POINT ( 'NONE',  ( 4.613843200135278266, -0.8164806603153822451, 6.612123291767716182 ) ) ;
#7493 = ORIENTED_EDGE ( 'NONE', *, *, #725, .T. ) ;
#7494 = DIRECTION ( 'NONE',  ( -0.000000000000000000, -1.000000000000000000, 0.000000000000000000 ) ) ;
#7495 = CARTESIAN_POINT ( 'NONE',  ( -15.00000000000000000, 0.3129999999999997784, -0.4560000000000001275 ) ) ;
#7496 = EDGE_CURVE ( 'NONE', #9274, #7050, #3277, .T. ) ;
#7497 = LINE ( 'NONE', #3328, #9374 ) ;
#7498 = DATE_TIME_ROLE ( 'classification_date' ) ;
#7499 = DIRECTION ( 'NONE',  ( -0.000000000000000000, -1.000000000000000000, -0.000000000000000000 ) ) ;
#7500 = TOROIDAL_SURFACE ( 'NONE', #753, 4.910928177211881795, 0.05999999999999999778 ) ;
#7501 = CARTESIAN_POINT ( 'NONE',  ( 18.50000000000002132, 0.7627868090055754946, 0.2197461264423737071 ) ) ;
#7502 = DIRECTION ( 'NONE',  ( 0.000000000000000000, 0.000000000000000000, 1.000000000000000000 ) ) ;
#7503 = ORIENTED_EDGE ( 'NONE', *, *, #8367, .T. ) ;
#7504 = EDGE_LOOP ( 'NONE', ( #7345 ) ) ;
#7505 = ORIENTED_EDGE ( 'NONE', *, *, #200, .T. ) ;
#7506 = CARTESIAN_POINT ( 'NONE',  ( 13.16368060961653086, 1.925000000000001821, -5.927111132420261441 ) ) ;
#7507 = DIRECTION ( 'NONE',  ( 0.000000000000000000, -1.000000000000000000, 0.000000000000000000 ) ) ;
#7508 = FACE_OUTER_BOUND ( 'NONE', #1889, .T. ) ;
#7509 = VERTEX_POINT ( 'NONE', #8030 ) ;
#7510 = FACE_OUTER_BOUND ( 'NONE', #7138, .T. ) ;
#7511 = DIRECTION ( 'NONE',  ( -0.000000000000000000, -0.000000000000000000, 1.000000000000000000 ) ) ;
#7512 = FACE_OUTER_BOUND ( 'NONE', #9977, .T. ) ;
#7513 = CARTESIAN_POINT ( 'NONE',  ( -14.75000000000000000, 0.2000000000000001499, 0.000000000000000000 ) ) ;
#7514 = DIRECTION ( 'NONE',  ( 3.542502617548284794E-15, 3.491481338843207114E-15, 1.000000000000000000 ) ) ;
#7515 = EDGE_CURVE ( 'NONE', #8979, #2558, #4849, .T. ) ;
#7516 = CIRCLE ( 'NONE', #2862, 0.2500000000000002220 ) ;
#7517 = CARTESIAN_POINT ( 'NONE',  ( -18.45139683872216452, 0.4454119254893345037, -0.4907050137545908020 ) ) ;
#7518 = TOROIDAL_SURFACE ( 'NONE', #8128, 4.910928177211881795, 0.05999999999999999778 ) ;
#7519 = EDGE_CURVE ( 'NONE', #6062, #6071, #9793, .T. ) ;
#7520 = ORIENTED_EDGE ( 'NONE', *, *, #421, .F. ) ;
#7521 = CARTESIAN_POINT ( 'NONE',  ( 9.736078125375573933, 2.825000000000001066, -1.042151062612552970 ) ) ;
#7522 = LINE ( 'NONE', #3365, #2643 ) ;
#7523 = VERTEX_POINT ( 'NONE', #3102 ) ;
#7524 = VECTOR ( 'NONE', #3338, 1000.000000000000000 ) ;
#7525 = CARTESIAN_POINT ( 'NONE',  ( 0.8000608894725239617, -0.3784883556280131955, 6.500091350442699145 ) ) ;
#7526 = AXIS2_PLACEMENT_3D ( 'NONE', #8007, #9688, #3729 ) ;
#7527 = CARTESIAN_POINT ( 'NONE',  ( -18.50000000000000000, 0.5572433518841156674, 0.4890818667012705734 ) ) ;
#7528 = CARTESIAN_POINT ( 'NONE',  ( -0.9945431488681615306, 0.2000000000000000111, -7.500000000000000000 ) ) ;
#7529 = DIRECTION ( 'NONE',  ( 1.703767317533126255E-17, -1.000000000000000000, -1.212737214708384717E-16 ) ) ;
#7530 = CARTESIAN_POINT ( 'NONE',  ( 15.16839606200239032, -0.5918860348399274107, 0.1310933455578249807 ) ) ;
#7531 = VECTOR ( 'NONE', #323, 1000.000000000000000 ) ;
#7532 = ADVANCED_FACE ( 'NONE', ( #6446, #6068 ), #5545, .T. ) ;
#7533 = AXIS2_PLACEMENT_3D ( 'NONE', #1160, #5447, #2031 ) ;
#7534 = DIRECTION ( 'NONE',  ( 0.000000000000000000, 1.000000000000000000, 0.000000000000000000 ) ) ;
#7535 = ORIENTED_EDGE ( 'NONE', *, *, #6627, .F. ) ;
#7536 = FACE_OUTER_BOUND ( 'NONE', #10353, .T. ) ;
#7537 = VERTEX_POINT ( 'NONE', #2237 ) ;
#7538 = LINE ( 'NONE', #3778, #3045 ) ;
#7539 = DIRECTION ( 'NONE',  ( -1.000000000000000000, 0.000000000000000000, 6.938893903907229955E-15 ) ) ;
#7540 = ORIENTED_EDGE ( 'NONE', *, *, #778, .F. ) ;
#7541 = CARTESIAN_POINT ( 'NONE',  ( -12.80345756483935737, 1.925000000000000044, 6.196813483191373706 ) ) ;
#7542 = CARTESIAN_POINT ( 'NONE',  ( 0.8676893682495944171, -0.8750000000000000000, 6.507728967510386653 ) ) ;
#7543 = CARTESIAN_POINT ( 'NONE',  ( 10.00000000000000000, 0.1999999999999999833, -2.500000000000001332 ) ) ;
#7544 = AXIS2_PLACEMENT_3D ( 'NONE', #4601, #5309, #3688 ) ;
#7545 = VERTEX_POINT ( 'NONE', #5642 ) ;
#7546 = ORIENTED_EDGE ( 'NONE', *, *, #103, .F. ) ;
#7547 = ORIENTED_EDGE ( 'NONE', *, *, #6075, .T. ) ;
#7548 = ORIENTED_EDGE ( 'NONE', *, *, #9148, .T. ) ;
#7549 = CARTESIAN_POINT ( 'NONE',  ( 10.00000000000000000, -0.8750000000000000000, -6.767689368251050830 ) ) ;
#7550 = DIRECTION ( 'NONE',  ( -1.703767317533126255E-17, 1.000000000000000000, 1.212737214708384717E-16 ) ) ;
#7551 = DIRECTION ( 'NONE',  ( -1.000000000000000000, 0.000000000000000000, 6.911138328291559232E-15 ) ) ;
#7552 = CARTESIAN_POINT ( 'NONE',  ( 18.50000000000000000, 0.4680112349276476236, -0.5352864521156859290 ) ) ;
#7553 = AXIS2_PLACEMENT_3D ( 'NONE', #7648, #1718, #8382 ) ;
#7554 = DIRECTION ( 'NONE',  ( 0.9998476951563912696, -0.01745240643728354982, 0.000000000000000000 ) ) ;
#7555 = CARTESIAN_POINT ( 'NONE',  ( -15.17810465556542532, -0.5601205693293445087, -0.2578481675453193067 ) ) ;
#7556 = ADVANCED_FACE ( 'NONE', ( #4608 ), #10337, .T. ) ;
#7557 = CARTESIAN_POINT ( 'NONE',  ( 15.00000000000000000, 0.3129999999999997784, -0.4500000000000001221 ) ) ;
#7558 = EDGE_CURVE ( 'NONE', #4922, #2011, #10859, .T. ) ;
#7559 = VECTOR ( 'NONE', #2933, 1000.000000000000000 ) ;
#7560 = ORIENTED_EDGE ( 'NONE', *, *, #4885, .F. ) ;
#7561 = AXIS2_PLACEMENT_3D ( 'NONE', #160, #1124, #10624 ) ;
#7562 = ORIENTED_EDGE ( 'NONE', *, *, #4952, .F. ) ;
#7563 = CARTESIAN_POINT ( 'NONE',  ( -12.38977695522269684, 1.925000000000000044, 6.019702350771107824 ) ) ;
#7564 = DIRECTION ( 'NONE',  ( -1.000000000000000000, 0.000000000000000000, 6.938893903907226800E-15 ) ) ;
#7565 = ORIENTED_EDGE ( 'NONE', *, *, #6314, .T. ) ;
#7566 = CARTESIAN_POINT ( 'NONE',  ( -6.500000000000059508, 2.925000000000000711, 0.8000000000001330491 ) ) ;
#7567 = DIRECTION ( 'NONE',  ( -0.01745240643728356716, 0.9998476951563911586, 2.448987558611938029E-16 ) ) ;
#7568 = CC_DESIGN_APPROVAL ( #8134, ( #8498 ) ) ;
#7569 = CARTESIAN_POINT ( 'NONE',  ( 0.7999999999985443200, -0.3750000000000000000, 4.699999999999997513 ) ) ;
#7570 = EDGE_LOOP ( 'NONE', ( #6812, #6344, #9575, #5138 ) ) ;
#7571 = ORIENTED_EDGE ( 'NONE', *, *, #5902, .T. ) ;
#7572 = ORIENTED_EDGE ( 'NONE', *, *, #4421, .T. ) ;
#7573 = CARTESIAN_POINT ( 'NONE',  ( -18.50000000000000711, 0.5965713497370425111, 0.3948117398770394915 ) ) ;
#7574 = APPLICATION_PROTOCOL_DEFINITION ( 'international standard', 'config_control_design', 1994, #9288 ) ;
#7575 = DIRECTION ( 'NONE',  ( 0.000000000000000000, 0.000000000000000000, 1.000000000000000000 ) ) ;
#7576 = CARTESIAN_POINT ( 'NONE',  ( 12.61068682838814503, -0.3750000000000000000, -5.530563360842446485 ) ) ;
#7577 = CARTESIAN_POINT ( 'NONE',  ( -9.999999999999964473, 0.1999999999999999833, -7.499999999999999112 ) ) ;
#7578 = CARTESIAN_POINT ( 'NONE',  ( -0.09999999999999766020, 1.903999999999956616, 2.899999999999979039 ) ) ;
#7579 = EDGE_CURVE ( 'NONE', #4877, #5092, #185, .T. ) ;
#7580 = EDGE_LOOP ( 'NONE', ( #7637, #5667, #1014, #3315 ) ) ;
#7581 = DIRECTION ( 'NONE',  ( 1.000000000000000000, 0.000000000000000000, 0.000000000000000000 ) ) ;
#7582 = PLANE ( 'NONE',  #2709 ) ;
#7583 = DIRECTION ( 'NONE',  ( -1.000000000000000000, 0.000000000000000000, 6.938893903907222067E-15 ) ) ;
#7584 = CARTESIAN_POINT ( 'NONE',  ( -18.50000000000000000, -0.04117988837649688705, -0.4943267352116901825 ) ) ;
#7585 = LINE ( 'NONE', #10667, #8788 ) ;
#7586 = ADVANCED_FACE ( 'NONE', ( #10722 ), #8950, .T. ) ;
#7587 = EDGE_CURVE ( 'NONE', #9839, #6398, #10540, .T. ) ;
#7588 = EDGE_CURVE ( 'NONE', #7216, #1438, #6579, .T. ) ;
#7589 = VERTEX_POINT ( 'NONE', #10684 ) ;
#7590 = VERTEX_POINT ( 'NONE', #6372 ) ;
#7591 = CARTESIAN_POINT ( 'NONE',  ( 1.574852460299050794, -0.3750000000000000000, 4.453172686845913830 ) ) ;
#7592 = CIRCLE ( 'NONE', #5219, 0.7999999999999999334 ) ;
#7593 = B_SPLINE_CURVE_WITH_KNOTS ( 'NONE', 3,
 ( #10798, #3074, #3896, #5686 ),
 .UNSPECIFIED., .F., .F.,
 ( 4, 4 ),
 ( 0.000000000000000000, 0.0002011602820608241111 ),
 .UNSPECIFIED. ) ;
#7594 = AXIS2_PLACEMENT_3D ( 'NONE', #8845, #10586, #2855 ) ;
#7595 = DIRECTION ( 'NONE',  ( -1.047444401652941269E-14, 1.000000000000000000, -3.491481338843170037E-15 ) ) ;
#7596 = PLANE ( 'NONE',  #817 ) ;
#7597 = CARTESIAN_POINT ( 'NONE',  ( 1.149999999999999911, 1.903999999999969939, 2.976800000555862802 ) ) ;
#7598 = CARTESIAN_POINT ( 'NONE',  ( 0.8676893682495945281, -0.8750000000000000000, 5.433504217327677743 ) ) ;
#7599 = ADVANCED_FACE ( 'NONE', ( #3943 ), #317, .T. ) ;
#7600 = B_SPLINE_CURVE_WITH_KNOTS ( 'NONE', 3,
 ( #10256, #8515, #2545, #7705, #5126, #2633, #22, #3491, #10326, #5180 ),
 .UNSPECIFIED., .F., .F.,
 ( 4, 2, 2, 2, 4 ),
 ( -5.999999971387001512E-08, 0.0003047086202112596256, 0.0006094772404222330991, 0.0009142458606332065727, 0.001219014480844180046 ),
 .UNSPECIFIED. ) ;
#7601 = ORIENTED_EDGE ( 'NONE', *, *, #6175, .T. ) ;
#7602 = ADVANCED_FACE ( 'NONE', ( #8967 ), #9236, .T. ) ;
#7603 = AXIS2_PLACEMENT_3D ( 'NONE', #6655, #4123, #8326 ) ;
#7604 = ORIENTED_EDGE ( 'NONE', *, *, #3549, .T. ) ;
#7605 = FACE_OUTER_BOUND ( 'NONE', #6073, .T. ) ;
#7606 = CARTESIAN_POINT ( 'NONE',  ( -13.11022304477730493, 1.925000000000000044, 6.019702350771109600 ) ) ;
#7607 = CARTESIAN_POINT ( 'NONE',  ( 4.599999999998543032, -0.3750000000000000000, 6.500030460968718060 ) ) ;
#7608 = VECTOR ( 'NONE', #3542, 1000.000000000000000 ) ;
#7609 = CARTESIAN_POINT ( 'NONE',  ( -15.19534675116856981, 0.4146638564647612268, -0.7985208973831130486 ) ) ;
#7610 = DIRECTION ( 'NONE',  ( 0.000000000000000000, -1.000000000000000000, 0.000000000000000000 ) ) ;
#7611 = PLANE ( 'NONE',  #10587 ) ;
#7612 = VERTEX_POINT ( 'NONE', #8984 ) ;
#7613 = DIRECTION ( 'NONE',  ( -1.703767317533126255E-17, 1.000000000000000000, 1.212737214708384717E-16 ) ) ;
#7614 = ORIENTED_EDGE ( 'NONE', *, *, #7026, .T. ) ;
#7615 = DIRECTION ( 'NONE',  ( -1.703767317533126255E-17, 1.000000000000000000, 1.212737214708384717E-16 ) ) ;
#7616 = EDGE_CURVE ( 'NONE', #7155, #6802, #9036, .T. ) ;
#7617 = FACE_OUTER_BOUND ( 'NONE', #10430, .T. ) ;
#7618 =( BOUNDED_CURVE ( )  B_SPLINE_CURVE ( 3, ( #964, #3563, #5211, #9454 ),
 .UNSPECIFIED., .F., .F. ) 
 B_SPLINE_CURVE_WITH_KNOTS ( ( 4, 4 ),
 ( 2.356346783439922987, 3.926838523739660580 ),
 .UNSPECIFIED. ) 
 CURVE ( )  GEOMETRIC_REPRESENTATION_ITEM ( )  RATIONAL_B_SPLINE_CURVE ( ( 1.000000000000000000, 0.8048096403827849077, 0.8048096403827849077, 1.000000000000000000 ) ) 
 REPRESENTATION_ITEM ( '' )  );
#7619 = VECTOR ( 'NONE', #2085, 1000.000000000000000 ) ;
#7620 = DIRECTION ( 'NONE',  ( -1.047444401652941269E-14, 1.000000000000000000, -3.491481338843170037E-15 ) ) ;
#7621 = DIRECTION ( 'NONE',  ( -0.5000000000000074385, -1.135449601928827641E-16, 0.8660254037844342667 ) ) ;
#7622 = AXIS2_PLACEMENT_3D ( 'NONE', #3440, #7499, #7575 ) ;
#7623 = DIRECTION ( 'NONE',  ( -1.000000000000000000, 0.000000000000000000, 0.000000000000000000 ) ) ;
#7624 = CARTESIAN_POINT ( 'NONE',  ( 18.47681264345752439, -0.05196237805748697008, 0.4973126630096343370 ) ) ;
#7625 = VERTEX_POINT ( 'NONE', #9755 ) ;
#7626 = DIRECTION ( 'NONE',  ( -7.229115512544230479E-15, 0.000000000000000000, 1.000000000000000000 ) ) ;
#7627 = VERTEX_POINT ( 'NONE', #2162 ) ;
#7628 = CIRCLE ( 'NONE', #1421, 0.9690474040684478041 ) ;
#7629 = AXIS2_PLACEMENT_3D ( 'NONE', #2373, #589, #631 ) ;
#7630 = CIRCLE ( 'NONE', #601, 4.267689368251048165 ) ;
#7631 = DIRECTION ( 'NONE',  ( -0.1558106512850692682, -5.080869615559252817E-15, -0.9877869410688331353 ) ) ;
#7632 = PLANE ( 'NONE',  #3465 ) ;
#7633 = CARTESIAN_POINT ( 'NONE',  ( 18.45249717869414852, 0.5271900311387628379, 0.4483924286922028601 ) ) ;
#7634 = ORIENTED_EDGE ( 'NONE', *, *, #4323, .F. ) ;
#7635 = EDGE_CURVE ( 'NONE', #8616, #7028, #1948, .T. ) ;
#7636 = CARTESIAN_POINT ( 'NONE',  ( -0.9999999999999995559, 0.6999999999999999556, -3.830563360842447196 ) ) ;
#7637 = ORIENTED_EDGE ( 'NONE', *, *, #1624, .T. ) ;
#7638 = CARTESIAN_POINT ( 'NONE',  ( -18.50000000000001776, -0.2525660998664396861, -0.4068758892301444496 ) ) ;
#7639 = DIRECTION ( 'NONE',  ( 0.000000000000000000, 0.000000000000000000, 1.000000000000000000 ) ) ;
#7640 = ORIENTED_EDGE ( 'NONE', *, *, #246, .T. ) ;
#7641 = CARTESIAN_POINT ( 'NONE',  ( 15.18463543064158650, -0.6819809625749136961, -0.4712850322845283935 ) ) ;
#7642 = CONICAL_SURFACE ( 'NONE', #1861, 4.199999999999997513, 0.01745329251994333364 ) ;
#7643 = LINE ( 'NONE', #154, #3413 ) ;
#7644 = ADVANCED_FACE ( 'NONE', ( #10470 ), #8432, .T. ) ;
#7645 = EDGE_CURVE ( 'NONE', #7590, #9547, #6703, .T. ) ;
#7646 = DIRECTION ( 'NONE',  ( -0.4130001665389007037, -7.505747238233421575E-15, -0.9107309495338566929 ) ) ;
#7647 = CARTESIAN_POINT ( 'NONE',  ( 0.3299999999999982392, 1.864999999999999991, -7.293252277351547797 ) ) ;
#7648 = CARTESIAN_POINT ( 'NONE',  ( -1.499999998840652715, 1.858999999999984887, 15.32600000600096379 ) ) ;
#7649 = EDGE_CURVE ( 'NONE', #2786, #5040, #10606, .T. ) ;
#7650 = ORIENTED_EDGE ( 'NONE', *, *, #3451, .F. ) ;
#7651 = CARTESIAN_POINT ( 'NONE',  ( -14.99993907342249422, 0.1965095187125432963, 0.9999756327838832393 ) ) ;
#7652 = B_SPLINE_CURVE_WITH_KNOTS ( 'NONE', 3,
 ( #9450, #10313, #9887, #3890, #10752, #3026, #10714 ),
 .UNSPECIFIED., .F., .F.,
 ( 4, 3, 4 ),
 ( 0.000000000000000000, 3.656851924856637636E-06, 1.779999153395805814E-05 ),
 .UNSPECIFIED. ) ;
#7653 = CARTESIAN_POINT ( 'NONE',  ( -0.5499999999999999334, 0.6999999999999999556, -3.899999999999996358 ) ) ;
#7654 = CARTESIAN_POINT ( 'NONE',  ( 0.2051905512050951619, 1.859000000000007313, 16.68478047920480378 ) ) ;
#7655 = LINE ( 'NONE', #1396, #7933 ) ;
#7656 = ORIENTED_EDGE ( 'NONE', *, *, #2036, .F. ) ;
#7657 = VECTOR ( 'NONE', #9544, 1000.000000000000000 ) ;
#7658 = ORIENTED_EDGE ( 'NONE', *, *, #7026, .F. ) ;
#7659 = VECTOR ( 'NONE', #5792, 1000.000000000000000 ) ;
#7660 = CARTESIAN_POINT ( 'NONE',  ( -15.00000000000009948, 1.925000000000000933, -2.499999999999806377 ) ) ;
#7661 = EDGE_CURVE ( 'NONE', #4683, #6083, #2757, .T. ) ;
#7662 = EDGE_CURVE ( 'NONE', #1812, #8154, #8049, .T. ) ;
#7663 = DIRECTION ( 'NONE',  ( -0.000000000000000000, -1.000000000000000000, -0.000000000000000000 ) ) ;
#7664 = DIRECTION ( 'NONE',  ( 1.047444401652941269E-14, -1.000000000000000000, 3.491481338843170037E-15 ) ) ;
#7665 = CIRCLE ( 'NONE', #2659, 1.100000000000000311 ) ;
#7666 = CIRCLE ( 'NONE', #8778, 0.06000000000000015737 ) ;
#7667 = CARTESIAN_POINT ( 'NONE',  ( 18.49961495923450627, -0.06798438585774083109, 0.5289119129908200767 ) ) ;
#7668 = ADVANCED_FACE ( 'NONE', ( #2334 ), #5786, .T. ) ;
#7669 = LINE ( 'NONE', #7736, #4364 ) ;
#7670 = ORIENTED_EDGE ( 'NONE', *, *, #5739, .T. ) ;
#7672 = EDGE_CURVE ( 'NONE', #9908, #8383, #1673, .T. ) ;
#7671 = CIRCLE ( 'NONE', #3856, 0.4249999999999999334 ) ;
#7673 = VERTEX_POINT ( 'NONE', #2268 ) ;
#7674 = FACE_BOUND ( 'NONE', #3166, .T. ) ;
#7675 = VERTEX_POINT ( 'NONE', #4032 ) ;
#7676 = CARTESIAN_POINT ( 'NONE',  ( 1.584045087257837325, -0.8160471443862370444, 4.458956801675582504 ) ) ;
#7677 = EDGE_CURVE ( 'NONE', #10421, #10421, #8848, .T. ) ;
#7678 = CARTESIAN_POINT ( 'NONE',  ( 10.00000000000000178, -0.3750000000000000000, 2.499999999999999556 ) ) ;
#7679 = CARTESIAN_POINT ( 'NONE',  ( -15.00000000000000000, -0.1400000000000001243, 0.2999999999999999334 ) ) ;
#7680 = FACE_OUTER_BOUND ( 'NONE', #2482, .T. ) ;
#7681 = AXIS2_PLACEMENT_3D ( 'NONE', #2976, #7987, #6304 ) ;
#7682 = CARTESIAN_POINT ( 'NONE',  ( 15.00000000000000178, 0.2000000000000000111, 0.000000000000000000 ) ) ;
#7683 = EDGE_LOOP ( 'NONE', ( #5947, #8197, #3566, #3211 ) ) ;
#7684 = VECTOR ( 'NONE', #8928, 1000.000000000000227 ) ;
#7685 = ORIENTED_EDGE ( 'NONE', *, *, #5820, .T. ) ;
#7686 = VERTEX_POINT ( 'NONE', #10088 ) ;
#7687 = ORIENTED_EDGE ( 'NONE', *, *, #7779, .T. ) ;
#7688 = CARTESIAN_POINT ( 'NONE',  ( -15.00000000000000000, 0.3129999999999997784, -0.4500000000000001221 ) ) ;
#7689 = AXIS2_PLACEMENT_3D ( 'NONE', #4444, #1837, #5470 ) ;
#7690 = CARTESIAN_POINT ( 'NONE',  ( -18.50000000000000000, -0.06960450302106697962, -0.5321071715581980888 ) ) ;
#7691 = CIRCLE ( 'NONE', #4016, 5.000000000000000000 ) ;
#7692 = ORIENTED_EDGE ( 'NONE', *, *, #2698, .F. ) ;
#7693 = VERTEX_POINT ( 'NONE', #7461 ) ;
#7694 = ORIENTED_EDGE ( 'NONE', *, *, #7588, .T. ) ;
#7695 = EDGE_LOOP ( 'NONE', ( #380 ) ) ;
#7696 = EDGE_CURVE ( 'NONE', #2682, #8926, #55, .T. ) ;
#7697 = CARTESIAN_POINT ( 'NONE',  ( 13.19216333698673793, 1.925000000000000488, 5.465849364905380980 ) ) ;
#7698 = CARTESIAN_POINT ( 'NONE',  ( 15.00038992731653131, 0.1776610789971352633, -0.9998223523808090762 ) ) ;
#7699 = ORIENTED_EDGE ( 'NONE', *, *, #5590, .T. ) ;
#7700 = AXIS2_PLACEMENT_3D ( 'NONE', #800, #8431, #7551 ) ;
#7701 = CARTESIAN_POINT ( 'NONE',  ( 12.78540010533628291, -0.8750000000000000000, -5.733375758719617465 ) ) ;
#7702 = ORIENTED_EDGE ( 'NONE', *, *, #10877, .T. ) ;
#7703 = CARTESIAN_POINT ( 'NONE',  ( -0.6249999988406347295, 1.824000000000013832, 21.00100000600095740 ) ) ;
#7704 = LINE ( 'NONE', #7727, #8351 ) ;
#7705 = CARTESIAN_POINT ( 'NONE',  ( 18.45269842981319997, -0.3183549739483271246, 0.2015057671965232444 ) ) ;
#7706 = ORIENTED_EDGE ( 'NONE', *, *, #3774, .F. ) ;
#7707 = DIRECTION ( 'NONE',  ( -1.000000000000000000, -1.047444401652940007E-14, 3.491481338843121128E-15 ) ) ;
#7708 = AXIS2_PLACEMENT_3D ( 'NONE', #8736, #7923, #4548 ) ;
#7709 = ORIENTED_EDGE ( 'NONE', *, *, #1967, .F. ) ;
#7710 = PLANE ( 'NONE',  #5833 ) ;
#7711 = CARTESIAN_POINT ( 'NONE',  ( -18.50000000000003908, -0.3363423149702274295, 0.2689656867793006056 ) ) ;
#7712 = ADVANCED_FACE ( 'NONE', ( #7508 ), #10056, .T. ) ;
#7713 = VERTEX_POINT ( 'NONE', #5795 ) ;
#7714 = EDGE_CURVE ( 'NONE', #2424, #617, #4476, .T. ) ;
#7715 = PLANE ( 'NONE',  #10902 ) ;
#7716 = AXIS2_PLACEMENT_3D ( 'NONE', #5648, #7380, #5725 ) ;
#7717 = CARTESIAN_POINT ( 'NONE',  ( -18.49999999999999645, -0.3499999999999999223, -0.1129691451777588840 ) ) ;
#7718 = CARTESIAN_POINT ( 'NONE',  ( 0.5289452378165411250, 1.874603672684348021, -7.391856133575955390 ) ) ;
#7719 = CARTESIAN_POINT ( 'NONE',  ( -10.00000000000012079, 1.925000000000001377, -5.518769726311413493 ) ) ;
#7720 = DIRECTION ( 'NONE',  ( -1.703767317533126255E-17, 1.000000000000000000, 1.212737214708384717E-16 ) ) ;
#7721 = ORIENTED_EDGE ( 'NONE', *, *, #9801, .T. ) ;
#7722 = CARTESIAN_POINT ( 'NONE',  ( 0.3500000000159243507, 1.704999999999949667, -0.4999999881956720960 ) ) ;
#7723 = EDGE_CURVE ( 'NONE', #10493, #4708, #1274, .T. ) ;
#7724 = EDGE_CURVE ( 'NONE', #8920, #9839, #305, .T. ) ;
#7725 = ADVANCED_FACE ( 'NONE', ( #7793 ), #1524, .T. ) ;
#7726 = CIRCLE ( 'NONE', #10077, 1.100000000000000311 ) ;
#7727 = CARTESIAN_POINT ( 'NONE',  ( -6.505213034913051256E-16, 0.2000000000000000111, -7.500000000000000000 ) ) ;
#7728 = CARTESIAN_POINT ( 'NONE',  ( 1.450000001159349239, 1.824000000000019828, 16.50100000600095029 ) ) ;
#7729 = CARTESIAN_POINT ( 'NONE',  ( 18.45140509807813345, 0.4454123484010240053, 0.4907050562564135299 ) ) ;
#7730 = EDGE_LOOP ( 'NONE', ( #1261, #9706, #858, #5152 ) ) ;
#7731 = B_SPLINE_CURVE_WITH_KNOTS ( 'NONE', 3,
 ( #2149, #8090, #1131, #4574 ),
 .UNSPECIFIED., .F., .F.,
 ( 4, 4 ),
 ( 0.000000000000000000, 2.480315845674925997E-08 ),
 .UNSPECIFIED. ) ;
#7732 = CARTESIAN_POINT ( 'NONE',  ( 14.99113593696805502, 0.7078218309928646645, 0.8993071883619897511 ) ) ;
#7733 = EDGE_LOOP ( 'NONE', ( #6594, #8763, #7857, #1484 ) ) ;
#7734 = CARTESIAN_POINT ( 'NONE',  ( 0.9465424351605090658, 1.925000000000001821, -6.353186516808723816 ) ) ;
#7735 = CARTESIAN_POINT ( 'NONE',  ( 1.101886547524477233, 0.8080802352918988740, 7.379402673544209534 ) ) ;
#7736 = CARTESIAN_POINT ( 'NONE',  ( 12.61068682838814503, -0.3750000000000000000, -5.330563360842446308 ) ) ;
#7737 = DIRECTION ( 'NONE',  ( -1.000000000000000000, 0.000000000000000000, 6.938893903907222067E-15 ) ) ;
#7738 = LINE ( 'NONE', #5386, #3647 ) ;
#7739 = CARTESIAN_POINT ( 'NONE',  ( -15.19990861245377367, 0.1944152299400692951, 0.7999805062271065914 ) ) ;
#7740 = EDGE_CURVE ( 'NONE', #4584, #2094, #9519, .T. ) ;
#7741 = VERTEX_POINT ( 'NONE', #1459 ) ;
#7742 = DIRECTION ( 'NONE',  ( 0.9998476951563912696, 0.01745240643728354982, 0.000000000000000000 ) ) ;
#7743 = CARTESIAN_POINT ( 'NONE',  ( 0.4151616714506154437, 2.824999999999999734, 7.944267528518022203 ) ) ;
#7744 = CARTESIAN_POINT ( 'NONE',  ( 1.098269726311535077, 1.824999999999999956, 7.500000000000080824 ) ) ;
#7745 = VERTEX_POINT ( 'NONE', #2579 ) ;
#7746 = CARTESIAN_POINT ( 'NONE',  ( 13.21716333698669743, 1.925000000000001821, -5.990849364905395547 ) ) ;
#7747 = EDGE_CURVE ( 'NONE', #4053, #3343, #2077, .T. ) ;
#7748 = CARTESIAN_POINT ( 'NONE',  ( 0.4151616714506154437, 2.824999999999999734, 7.944267528518022203 ) ) ;
#7749 = VECTOR ( 'NONE', #5936, 1000.000000000000000 ) ;
#7750 = AXIS2_PLACEMENT_3D ( 'NONE', #1932, #6943, #7755 ) ;
#7751 = CARTESIAN_POINT ( 'NONE',  ( 14.98466589161030704, -0.6784904812874567037, 0.000000000000000000 ) ) ;
#7752 = VERTEX_POINT ( 'NONE', #1753 ) ;
#7753 = CARTESIAN_POINT ( 'NONE',  ( 18.49999999999775113, 0.7500425462775341945, -0.05145042941667515163 ) ) ;
#7754 = AXIS2_PLACEMENT_3D ( 'NONE', #3494, #110, #8594 ) ;
#7755 = DIRECTION ( 'NONE',  ( 1.000000000000000000, 1.042382177929531481E-14, -3.302596999380693516E-15 ) ) ;
#7756 = CARTESIAN_POINT ( 'NONE',  ( 1.211869793991681155, 0.8080802352918987630, 7.489385920011413234 ) ) ;
#7757 = LINE ( 'NONE', #2778, #1362 ) ;
#7758 = VECTOR ( 'NONE', #3950, 1000.000000000000000 ) ;
#7759 = CARTESIAN_POINT ( 'NONE',  ( -3.419034265056211108, 1.704999999999925908, 4.050683338143523216 ) ) ;
#7760 =( BOUNDED_SURFACE ( )  B_SPLINE_SURFACE ( 3, 2, ( 
 ( #7033, #6213, #4619 ),
 ( #1192, #1989, #7131 ),
 ( #2051, #5349, #2023 ),
 ( #10508, #2846, #10574 ) ),
 .UNSPECIFIED., .F., .F., .F. ) 
 B_SPLINE_SURFACE_WITH_KNOTS ( ( 4, 4 ),
 ( 3, 3 ),
 ( 0.007652140700131255038, 0.008103502797662563012 ),
 ( 0.000000000000000000, 1.000000000000000000 ),
 .UNSPECIFIED. ) 
 GEOMETRIC_REPRESENTATION_ITEM ( )  RATIONAL_B_SPLINE_SURFACE ( (
 ( 1.000000000000000000, 0.7822284132805168433, 1.000000000000000000),
 ( 1.000000000000000000, 0.7823915618853880538, 1.000000000000000000),
 ( 1.000000000000000000, 0.7825543376023611497, 1.000000000000000000),
 ( 1.000000000000000000, 0.7827167430223606059, 1.000000000000000000) ) ) 
 REPRESENTATION_ITEM ( '' )  SURFACE ( )  );
#7761 = AXIS2_PLACEMENT_3D ( 'NONE', #8939, #8157, #7266 ) ;
#7762 = VERTEX_POINT ( 'NONE', #6018 ) ;
#7763 = ADVANCED_FACE ( 'NONE', ( #10189 ), #4293, .F. ) ;
#7764 = CARTESIAN_POINT ( 'NONE',  ( 4.599999999998543032, -0.3750000000000000000, 6.500030460968718060 ) ) ;
#7765 = VERTEX_POINT ( 'NONE', #5114 ) ;
#7766 = DIRECTION ( 'NONE',  ( 0.000000000000000000, 1.000000000000000000, -0.000000000000000000 ) ) ;
#7767 = CARTESIAN_POINT ( 'NONE',  ( -9.014586297939954918, 2.825000000000000622, 1.300000000000150813 ) ) ;
#7768 = CARTESIAN_POINT ( 'NONE',  ( 18.50000000000000000, -0.3969956025764533325, -0.1129699651504533914 ) ) ;
#7769 = CYLINDRICAL_SURFACE ( 'NONE', #8908, 1.216835016934456837 ) ;
#7770 = DIRECTION ( 'NONE',  ( -3.491481338843084446E-15, -3.491481338843206719E-15, -1.000000000000000000 ) ) ;
#7771 = CARTESIAN_POINT ( 'NONE',  ( 9.508122550353268920, 2.825000000000001066, -1.640920606999806131 ) ) ;
#7772 = CARTESIAN_POINT ( 'NONE',  ( 1.048691475421393848, 0.7115820563888084482, 7.382771437500632139 ) ) ;
#7773 = LINE ( 'NONE', #10921, #5381 ) ;
#7774 = CARTESIAN_POINT ( 'NONE',  ( -14.99997968099783385, 0.2011640748543263857, 1.000008114687864103 ) ) ;
#7775 = ORIENTED_EDGE ( 'NONE', *, *, #10238, .T. ) ;
#7776 = ORIENTED_EDGE ( 'NONE', *, *, #3345, .T. ) ;
#7777 = DIRECTION ( 'NONE',  ( -1.000000000000000000, 0.000000000000000000, 8.673617379884069985E-17 ) ) ;
#7778 = EDGE_LOOP ( 'NONE', ( #2318, #10897, #4158, #11063 ) ) ;
#7779 = EDGE_CURVE ( 'NONE', #660, #660, #989, .T. ) ;
#7780 = DIRECTION ( 'NONE',  ( -1.703767317532184244E-17, 1.000000000000000000, 1.212737214708384470E-16 ) ) ;
#7781 = DIRECTION ( 'NONE',  ( -0.000000000000000000, -1.000000000000000000, -0.000000000000000000 ) ) ;
#7782 = CARTESIAN_POINT ( 'NONE',  ( 0.7999999999985443200, -0.3750000000000000000, 6.699999999999997513 ) ) ;
#7783 = LINE ( 'NONE', #418, #847 ) ;
#7784 = DIRECTION ( 'NONE',  ( -1.703767317533126255E-17, 1.000000000000000000, 1.212737214708384717E-16 ) ) ;
#7785 = VECTOR ( 'NONE', #1120, 1000.000000000000000 ) ;
#7786 = DIRECTION ( 'NONE',  ( 1.047444401652941269E-14, -1.000000000000000000, 3.491481338843170037E-15 ) ) ;
#7787 = CARTESIAN_POINT ( 'NONE',  ( -18.44981372032030009, -0.04111136416538772875, 0.4945705140989504200 ) ) ;
#7788 = ADVANCED_FACE ( 'NONE', ( #9784 ), #6831, .T. ) ;
#7789 = ORIENTED_EDGE ( 'NONE', *, *, #4718, .F. ) ;
#7790 = CARTESIAN_POINT ( 'NONE',  ( 0.6088188829053545748, -0.8784883556280131955, 6.708788421938086444 ) ) ;
#7791 = VERTEX_POINT ( 'NONE', #7651 ) ;
#7792 = VERTEX_POINT ( 'NONE', #5894 ) ;
#7793 = FACE_OUTER_BOUND ( 'NONE', #5263, .T. ) ;
#7794 = VERTEX_POINT ( 'NONE', #11 ) ;
#7795 = CARTESIAN_POINT ( 'NONE',  ( -1.121382454537066531, 1.925000000000000266, 7.410928177211881795 ) ) ;
#7796 = CARTESIAN_POINT ( 'NONE',  ( 18.50000000000000000, 0.4610627317501907463, 0.5388842975417157399 ) ) ;
#7797 = LINE ( 'NONE', #1347, #5528 ) ;
#7798 = CIRCLE ( 'NONE', #2068, 4.910928177211881795 ) ;
#7799 = CARTESIAN_POINT ( 'NONE',  ( -13.16368060961678133, 1.925000000000001377, -5.572888867579560035 ) ) ;
#7800 = CARTESIAN_POINT ( 'NONE',  ( 0.5403153914529453816, 0.2000000000000000944, -7.408095197929142728 ) ) ;
#7801 = DIRECTION ( 'NONE',  ( 1.000000000000000000, 1.084202172485511060E-14, -4.336808689942043768E-15 ) ) ;
#7802 = VECTOR ( 'NONE', #5299, 1000.000000000000000 ) ;
#7803 = FACE_OUTER_BOUND ( 'NONE', #1194, .T. ) ;
#7804 = VERTEX_POINT ( 'NONE', #10159 ) ;
#7805 = DIRECTION ( 'NONE',  ( 0.000000000000000000, 0.000000000000000000, 1.000000000000000000 ) ) ;
#7806 = CYLINDRICAL_SURFACE ( 'NONE', #5608, 0.06000000000000015737 ) ;
#7807 = ORIENTED_EDGE ( 'NONE', *, *, #6376, .F. ) ;
#7808 = LINE ( 'NONE', #11025, #8730 ) ;
#7809 = DIRECTION ( 'NONE',  ( -1.000000000000000000, 0.000000000000000000, -6.505213034913010038E-15 ) ) ;
#7810 = CARTESIAN_POINT ( 'NONE',  ( 18.45699892703403222, 0.4454831370129665458, 0.4908454924231510086 ) ) ;
#7811 = EDGE_CURVE ( 'NONE', #5228, #6697, #7497, .T. ) ;
#7812 = CARTESIAN_POINT ( 'NONE',  ( 18.49999999999983302, -0.2112386849051555715, -0.3795727862564461375 ) ) ;
#7813 = B_SPLINE_CURVE_WITH_KNOTS ( 'NONE', 3,
 ( #524, #2158, #5577, #8915, #6395, #10679 ),
 .UNSPECIFIED., .F., .F.,
 ( 4, 2, 4 ),
 ( 0.000000000000000000, 0.0006685795647471788009, 0.001337159129494357602 ),
 .UNSPECIFIED. ) ;
#7814 = DIRECTION ( 'NONE',  ( 1.000000000000000000, 0.000000000000000000, -8.674938615053114756E-15 ) ) ;
#7815 = CARTESIAN_POINT ( 'NONE',  ( 14.98432573729273187, -0.6979779090899653760, -0.3983459560423198154 ) ) ;
#7816 = DIRECTION ( 'NONE',  ( -0.01745240643728352900, -0.9998476951563911586, 2.388254069881834121E-18 ) ) ;
#7817 = CARTESIAN_POINT ( 'NONE',  ( -12.80345756483936270, 1.925000000000000044, 5.303186516808986894 ) ) ;
#7818 = LINE ( 'NONE', #9640, #466 ) ;
#7819 = EDGE_CURVE ( 'NONE', #6367, #5035, #2685, .T. ) ;
#7820 = ORIENTED_EDGE ( 'NONE', *, *, #1442, .T. ) ;
#7821 = LINE ( 'NONE', #581, #9533 ) ;
#7822 = ORIENTED_EDGE ( 'NONE', *, *, #9557, .T. ) ;
#7823 = VECTOR ( 'NONE', #8695, 1000.000000000000000 ) ;
#7824 = AXIS2_PLACEMENT_3D ( 'NONE', #6572, #3405, #10834 ) ;
#7825 = ORIENTED_EDGE ( 'NONE', *, *, #1142, .T. ) ;
#7826 = DIRECTION ( 'NONE',  ( -0.9998476951563912696, -0.01745240643728354982, 0.000000000000000000 ) ) ;
#7827 = CARTESIAN_POINT ( 'NONE',  ( 15.00000000000000000, 0.3129999999999997784, -0.3000000000000001554 ) ) ;
#7828 = CARTESIAN_POINT ( 'NONE',  ( -14.99996953439121761, 0.2002390467855175160, -2.516259092389517171 ) ) ;
#7829 = CARTESIAN_POINT ( 'NONE',  ( 0.09999999999999072131, 1.903999999999947734, -0.2500000000000210387 ) ) ;
#7830 = DIRECTION ( 'NONE',  ( 1.000000000000000000, 1.047444401652940007E-14, -3.491481338843121128E-15 ) ) ;
#7831 = DIRECTION ( 'NONE',  ( -1.301042606982605321E-16, -1.000000000000000000, 0.000000000000000000 ) ) ;
#7832 = PLANE ( 'NONE',  #5445 ) ;
#7833 = PLANE ( 'NONE',  #6909 ) ;
#7834 = ORIENTED_EDGE ( 'NONE', *, *, #1986, .T. ) ;
#7835 = OPEN_SHELL ( 'NONE', ( #7599, #5222, #340, #2891, #177, #8313, #7712, #3373, #853, #8622, #1774, #8621, #5135, #5158, #2553, #1653, #2254, #3512, #4227, #9261, #951, #3575, #5994, #123, #1600, #4343, #5328, #4000, #5088, #10950, #1939, #783, #5277, #7010, #8433, #10295, #826, #10123, #8666, #4325, #1084, #9617, #4285, #4956, #1937, #9568, #122, #5832, #5492, #1203, #6805, #5068, #2839, #5382, #6167, #732, #11027, #7307, #10351, #2, #3458, #7788, #3788, #8549, #11006, #8598, #3632, #9507, #6690, #7556, #112, #921, #899 ) ) ;
#7836 = VERTEX_POINT ( 'NONE', #3439 ) ;
#7837 = EDGE_LOOP ( 'NONE', ( #10501, #1502, #4106, #5681 ) ) ;
#7838 = EDGE_CURVE ( 'NONE', #8926, #6903, #5256, .T. ) ;
#7839 = CARTESIAN_POINT ( 'NONE',  ( -14.78469635257902581, -0.6750000000000000444, -2.499999999999964473 ) ) ;
#7840 = CARTESIAN_POINT ( 'NONE',  ( 0.5329937724815322353, 1.325460253682172906, -7.397181319150170964 ) ) ;
#7841 = LINE ( 'NONE', #3493, #10243 ) ;
#7842 = DIRECTION ( 'NONE',  ( -0.000000000000000000, -0.000000000000000000, 1.000000000000000000 ) ) ;
#7843 = EDGE_LOOP ( 'NONE', ( #11052 ) ) ;
#7844 = ADVANCED_FACE ( 'NONE', ( #7358, #3815 ), #5005, .T. ) ;
#7845 = ORIENTED_EDGE ( 'NONE', *, *, #5423, .F. ) ;
#7846 = ADVANCED_FACE ( 'NONE', ( #8038 ), #11013, .T. ) ;
#7847 = AXIS2_PLACEMENT_3D ( 'NONE', #3035, #394, #4763 ) ;
#7848 = DIRECTION ( 'NONE',  ( -0.9998476951563912696, 0.01745240643728354982, -8.672296345945471485E-16 ) ) ;
#7849 = VERTEX_POINT ( 'NONE', #1721 ) ;
#7850 = CARTESIAN_POINT ( 'NONE',  ( -15.18610757900624897, -0.4381133114342168344, 0.5032967123941707310 ) ) ;
#7851 = CARTESIAN_POINT ( 'NONE',  ( 8.399251393375605446, 2.825000000000001066, -2.008636705607823369 ) ) ;
#7852 = EDGE_CURVE ( 'NONE', #2929, #5693, #2745, .T. ) ;
#7853 = CARTESIAN_POINT ( 'NONE',  ( 13.87794990882726154, -0.8160471443862370444, 3.480563360842449327 ) ) ;
#7854 = DIRECTION ( 'NONE',  ( -1.000000000000000000, 0.000000000000000000, 6.923092871256213390E-15 ) ) ;
#7855 = CARTESIAN_POINT ( 'NONE',  ( 4.675113499281542850, -0.8166602124758746140, 6.707709207684973585 ) ) ;
#7856 = DIRECTION ( 'NONE',  ( -1.000000000000000000, -1.703767317533210688E-17, 6.938893903907226800E-15 ) ) ;
#7857 = ORIENTED_EDGE ( 'NONE', *, *, #10010, .T. ) ;
#7858 = AXIS2_PLACEMENT_3D ( 'NONE', #6881, #5208, #4445 ) ;
#7859 = DIRECTION ( 'NONE',  ( 1.000000000000000000, 1.047444401652940007E-14, -3.491481338843121128E-15 ) ) ;
#7860 = ORIENTED_EDGE ( 'NONE', *, *, #1031, .F. ) ;
#7861 = CARTESIAN_POINT ( 'NONE',  ( -4.499999999999969802, 0.6999999999999999556, -3.472907987027539445 ) ) ;
#7862 = CARTESIAN_POINT ( 'NONE',  ( 7.934967355137838574, 2.925000000000001599, -2.416599778722031466 ) ) ;
#7863 = DIRECTION ( 'NONE',  ( -0.7071067811865496822, -9.875400524329111862E-15, -0.7071067811865453523 ) ) ;
#7864 = CARTESIAN_POINT ( 'NONE',  ( 3.815954912739250471, -0.8160471443862371554, 4.458956801675580728 ) ) ;
#7865 = DIRECTION ( 'NONE',  ( 1.047444401652941269E-14, -1.000000000000000000, 3.491481338843170037E-15 ) ) ;
#7866 = CARTESIAN_POINT ( 'NONE',  ( -1.098269726311605243, 1.925000000000000044, 7.500000000000095923 ) ) ;
#7867 = EDGE_CURVE ( 'NONE', #10900, #4790, #5772, .T. ) ;
#7868 = DIRECTION ( 'NONE',  ( 1.000000000000000000, 1.703767317533210072E-17, -6.911138328291599464E-15 ) ) ;
#7869 = ORIENTED_EDGE ( 'NONE', *, *, #6318, .T. ) ;
#7870 = CARTESIAN_POINT ( 'NONE',  ( 10.00000000000000000, -0.8149999999999999467, -2.500000000000001332 ) ) ;
#7871 = LINE ( 'NONE', #10134, #1212 ) ;
#7872 = EDGE_CURVE ( 'NONE', #3978, #872, #5643, .T. ) ;
#7873 = CARTESIAN_POINT ( 'NONE',  ( 4.592301493456877104, -0.8160471443862370444, 5.433504217327677743 ) ) ;
#7874 = DATE_AND_TIME ( #2833, #2970 ) ;
#7875 = ORIENTED_EDGE ( 'NONE', *, *, #6378, .F. ) ;
#7876 = EDGE_CURVE ( 'NONE', #8464, #9287, #307, .T. ) ;
#7877 = ORIENTED_EDGE ( 'NONE', *, *, #8652, .T. ) ;
#7878 = CIRCLE ( 'NONE', #7269, 0.4499999999999990119 ) ;
#7879 = DIRECTION ( 'NONE',  ( -0.000000000000000000, -1.000000000000000000, 0.000000000000000000 ) ) ;
#7880 = DIRECTION ( 'NONE',  ( -1.000000000000000000, 0.000000000000000000, 6.938893903907222067E-15 ) ) ;
#7881 = B_SPLINE_CURVE_WITH_KNOTS ( 'NONE', 3,
 ( #4555, #1200, #8133, #3100, #8919, #5581, #5638, #3068, #5508, #2996 ),
 .UNSPECIFIED., .F., .F.,
 ( 4, 2, 2, 2, 4 ),
 ( -5.999999971510772878E-08, 0.0003049137912367285070, 0.0006098875824731720546, 0.0009148613737096156565, 0.001219835164946059258 ),
 .UNSPECIFIED. ) ;
#7882 = CARTESIAN_POINT ( 'NONE',  ( -1.101886547524476567, 0.8080802352918988740, 5.696930015022698690 ) ) ;
#7883 = EDGE_CURVE ( 'NONE', #875, #4904, #9912, .T. ) ;
#7884 = DIRECTION ( 'NONE',  ( 1.000000000000000000, 1.047444401652940007E-14, -3.491481338843121128E-15 ) ) ;
#7885 = CARTESIAN_POINT ( 'NONE',  ( 9.999999999999966249, 1.925000000000000266, -7.410928177211883572 ) ) ;
#7886 = ORIENTED_EDGE ( 'NONE', *, *, #2763, .T. ) ;
#7887 = VERTEX_POINT ( 'NONE', #3558 ) ;
#7888 = EDGE_CURVE ( 'NONE', #7031, #9939, #1123, .T. ) ;
#7889 = VECTOR ( 'NONE', #5413, 1000.000000000000000 ) ;
#7890 = CARTESIAN_POINT ( 'NONE',  ( -18.49961495923450627, -0.06798438585774083109, 0.5289119129908200767 ) ) ;
#7891 = LINE ( 'NONE', #10960, #2987 ) ;
#7892 = CARTESIAN_POINT ( 'NONE',  ( 9.999999999999966249, 0.1999999999999999833, -7.500000000000001776 ) ) ;
#7893 = CARTESIAN_POINT ( 'NONE',  ( 7.500000000000000888, 0.6999999999999999556, 7.383175768593163824 ) ) ;
#7894 = CARTESIAN_POINT ( 'NONE',  ( 9.999999999998522071, -0.8149999999999999467, 6.767689368251049054 ) ) ;
#7895 = ADVANCED_FACE ( 'NONE', ( #3005 ), #7906, .T. ) ;
#7896 = VERTEX_POINT ( 'NONE', #4666 ) ;
#7897 = EDGE_CURVE ( 'NONE', #448, #4071, #7652, .T. ) ;
#7898 = PLANE ( 'NONE',  #1726 ) ;
#7899 = ORIENTED_EDGE ( 'NONE', *, *, #8911, .F. ) ;
#7900 = CARTESIAN_POINT ( 'NONE',  ( -6.000000000000063949, 2.825000000000000622, 0.3000000000001300515 ) ) ;
#7901 = CARTESIAN_POINT ( 'NONE',  ( -9.999999999999964473, 0.1999999999999999833, 7.500000000000000000 ) ) ;
#7902 = LINE ( 'NONE', #8073, #6976 ) ;
#7903 = CIRCLE ( 'NONE', #5279, 0.1999999999999992062 ) ;
#7904 = DIRECTION ( 'NONE',  ( -1.047444401652941269E-14, 1.000000000000000000, -3.491481338843170037E-15 ) ) ;
#7905 = DIRECTION ( 'NONE',  ( 1.000000000000000000, 1.047444401652940007E-14, -3.491481338843121128E-15 ) ) ;
#7906 =( BOUNDED_SURFACE ( )  B_SPLINE_SURFACE ( 3, 2, ( 
 ( #1230, #6920, #9514 ),
 ( #1197, #3518, #957 ),
 ( #2734, #7812, #2054 ),
 ( #128, #4415, #1879 ),
 ( #10360, #997, #7768 ),
 ( #8884, #6955, #8656 ),
 ( #3818, #2668, #10398 ),
 ( #5205, #9716, #309 ),
 ( #10578, #6063, #1267 ),
 ( #7996, #2925, #8842 ),
 ( #356, #8578, #1793 ),
 ( #3780, #6324, #8023 ) ),
 .UNSPECIFIED., .F., .F., .F. ) 
 B_SPLINE_SURFACE_WITH_KNOTS ( ( 4, 2, 2, 2, 2, 4 ),
 ( 3, 3 ),
 ( 0.001984446275195210323, 0.002314232071845258743, 0.002644017868495307164, 0.002808910766820331591, 0.002973803665145356018, 0.003303589461795404438 ),
 ( 0.000000000000000000, 1.000000000000000000 ),
 .UNSPECIFIED. ) 
 GEOMETRIC_REPRESENTATION_ITEM ( )  RATIONAL_B_SPLINE_SURFACE ( (
 ( 1.000000000000000000, 0.7058029342952293339, 1.000000000000000000),
 ( 1.000000000000000000, 0.7126557705458439473, 1.000000000000000000),
 ( 1.000000000000000000, 0.7183076400770268544, 1.000000000000000000),
 ( 1.000000000000000000, 0.7258455053316806849, 1.000000000000000000),
 ( 1.000000000000000000, 0.7279677431173952051, 1.000000000000000000),
 ( 1.000000000000000000, 0.7279771094393001629, 1.000000000000000000),
 ( 1.000000000000000000, 0.7274405919301029089, 1.000000000000000000),
 ( 1.000000000000000000, 0.7254819815803482674, 1.000000000000000000),
 ( 1.000000000000000000, 0.7240292011884894574, 1.000000000000000000),
 ( 1.000000000000000000, 0.7184202962454536712, 1.000000000000000000),
 ( 1.000000000000000000, 0.7128307805429171529, 1.000000000000000000),
 ( 1.000000000000000000, 0.7057883558142711289, 1.000000000000000000) ) ) 
 REPRESENTATION_ITEM ( '' )  SURFACE ( )  );
#7907 = VERTEX_POINT ( 'NONE', #2090 ) ;
#7908 = AXIS2_PLACEMENT_3D ( 'NONE', #7641, #866, #5925 ) ;
#7909 = CARTESIAN_POINT ( 'NONE',  ( 3.125000001159349505, 1.605000000000036176, 16.00000000600094197 ) ) ;
#7910 = CARTESIAN_POINT ( 'NONE',  ( 1.354582630919646702, -0.3750000000000000000, 4.504044665261083935 ) ) ;
#7911 = ORIENTED_EDGE ( 'NONE', *, *, #10569, .T. ) ;
#7912 = DIRECTION ( 'NONE',  ( -0.000000000000000000, -1.000000000000000000, 0.000000000000000000 ) ) ;
#7913 = FACE_OUTER_BOUND ( 'NONE', #10223, .T. ) ;
#7914 = LINE ( 'NONE', #5191, #7230 ) ;
#7915 = AXIS2_PLACEMENT_3D ( 'NONE', #7853, #5047, #10945 ) ;
#7916 = EDGE_LOOP ( 'NONE', ( #2517, #6294, #3699, #7434 ) ) ;
#7917 = CARTESIAN_POINT ( 'NONE',  ( -3.680607151835822322, 1.903999999999920201, 3.226800000806637758 ) ) ;
#7918 = ORIENTED_EDGE ( 'NONE', *, *, #1612, .F. ) ;
#7919 = DIRECTION ( 'NONE',  ( 0.000000000000000000, -0.8819809625749138737, 0.4712850322845278939 ) ) ;
#7920 = ORIENTED_EDGE ( 'NONE', *, *, #7004, .T. ) ;
#7921 = CARTESIAN_POINT ( 'NONE',  ( -1.192838927867428511, 1.858999999999988662, 15.49378581135582778 ) ) ;
#7922 = CARTESIAN_POINT ( 'NONE',  ( -15.00351620469937863, -0.5309887479272084043, 0.3297594679425106534 ) ) ;
#7923 = DIRECTION ( 'NONE',  ( -1.047444401652941269E-14, 1.000000000000000000, -3.491481338843170037E-15 ) ) ;
#7924 = DIRECTION ( 'NONE',  ( 1.703767317533126255E-17, -1.000000000000000000, -1.212737214708384717E-16 ) ) ;
#7925 = VECTOR ( 'NONE', #6525, 1000.000000000000227 ) ;
#7926 = AXIS2_PLACEMENT_3D ( 'NONE', #9180, #10376, #499 ) ;
#7927 = VECTOR ( 'NONE', #1214, 1000.000000000000227 ) ;
#7928 = VECTOR ( 'NONE', #4207, 1000.000000000000000 ) ;
#7929 = EDGE_CURVE ( 'NONE', #1711, #5387, #560, .T. ) ;
#7930 = ORIENTED_EDGE ( 'NONE', *, *, #3634, .F. ) ;
#7931 = CARTESIAN_POINT ( 'NONE',  ( 10.62968082846553841, 2.925000000000001599, -5.402965055624983748 ) ) ;
#7932 = DIRECTION ( 'NONE',  ( 0.000000000000000000, 1.000000000000000000, 0.000000000000000000 ) ) ;
#7933 = VECTOR ( 'NONE', #8971, 1000.000000000000000 ) ;
#7934 = DIRECTION ( 'NONE',  ( 0.000000000000000000, 0.000000000000000000, 1.000000000000000000 ) ) ;
#7935 = ORIENTED_EDGE ( 'NONE', *, *, #8442, .T. ) ;
#7936 = LINE ( 'NONE', #4281, #321 ) ;
#7937 = VERTEX_POINT ( 'NONE', #1306 ) ;
#7938 = CARTESIAN_POINT ( 'NONE',  ( -14.99999999999999822, 0.3129999999999997784, -0.07500000000000024702 ) ) ;
#7939 = VECTOR ( 'NONE', #4671, 1000.000000000000227 ) ;
#7940 = CARTESIAN_POINT ( 'NONE',  ( 0.7086068515431787063, 0.2000000000000000111, -7.500000000000000000 ) ) ;
#7941 = AXIS2_PLACEMENT_3D ( 'NONE', #1051, #2063, #3789 ) ;
#7942 = EDGE_CURVE ( 'NONE', #3273, #3733, #6322, .T. ) ;
#7943 = CARTESIAN_POINT ( 'NONE',  ( 9.999999999999928946, 1.925000000000000711, 2.500000000000018652 ) ) ;
#7944 = EDGE_CURVE ( 'NONE', #4061, #6046, #1265, .T. ) ;
#7945 = VECTOR ( 'NONE', #6381, 1000.000000000000000 ) ;
#7946 = VECTOR ( 'NONE', #10637, 1000.000000000000000 ) ;
#7947 = CYLINDRICAL_SURFACE ( 'NONE', #138, 0.3254362312903810728 ) ;
#7948 = CARTESIAN_POINT ( 'NONE',  ( 18.50000000000000355, 0.1129261339515096468, -0.5499999999999999334 ) ) ;
#7949 = CYLINDRICAL_SURFACE ( 'NONE', #10109, 0.2500000000000002220 ) ;
#7950 = VERTEX_POINT ( 'NONE', #2132 ) ;
#7951 = CARTESIAN_POINT ( 'NONE',  ( -15.00000000000009948, 2.675000000000001155, -2.499999999999805489 ) ) ;
#7952 = CONICAL_SURFACE ( 'NONE', #7448, 0.8000000000000001554, 0.1651486774146265768 ) ;
#7953 = CARTESIAN_POINT ( 'NONE',  ( -0.9919033010572743114, 0.6999999999999998446, 7.383175768593163824 ) ) ;
#7954 = ORIENTED_EDGE ( 'NONE', *, *, #510, .F. ) ;
#7955 = CARTESIAN_POINT ( 'NONE',  ( -1.121938940579331634, 1.925000000000000266, 7.419831115224408968 ) ) ;
#7956 = ADVANCED_FACE ( 'NONE', ( #3269 ), #3994, .T. ) ;
#7957 = DIRECTION ( 'NONE',  ( -1.000000000000000000, -1.703767317532268061E-17, 6.911138328291599464E-15 ) ) ;
#7958 = CIRCLE ( 'NONE', #4916, 0.2500000000000002220 ) ;
#7959 = CARTESIAN_POINT ( 'NONE',  ( 0.9465424351605047359, 1.925000000000001821, -7.246813483191108851 ) ) ;
#7960 = VERTEX_POINT ( 'NONE', #9922 ) ;
#7962 = EDGE_CURVE ( 'NONE', #6168, #6124, #697, .T. ) ;
#7961 = VECTOR ( 'NONE', #9989, 1000.000000000000000 ) ;
#7963 = ORIENTED_EDGE ( 'NONE', *, *, #2321, .T. ) ;
#7964 = ORIENTED_EDGE ( 'NONE', *, *, #10013, .T. ) ;
#7965 = B_SPLINE_CURVE_WITH_KNOTS ( 'NONE', 3,
 ( #7676, #857, #3418, #5096, #4313, #10269, #7591 ),
 .UNSPECIFIED., .F., .F.,
 ( 4, 3, 4 ),
 ( 5.897074747219731679E-05, 0.0002589672080096324974, 0.0005001515992257016133 ),
 .UNSPECIFIED. ) ;
#7966 = ORIENTED_EDGE ( 'NONE', *, *, #2598, .T. ) ;
#7967 = CARTESIAN_POINT ( 'NONE',  ( -15.01136112141708523, -0.5563490820881163978, -0.2696701574389520628 ) ) ;
#7968 = DIRECTION ( 'NONE',  ( 1.000000000000000000, 1.071446852809204308E-14, 0.000000000000000000 ) ) ;
#7969 = PLANE ( 'NONE',  #3952 ) ;
#7970 = EDGE_CURVE ( 'NONE', #6380, #4638, #7115, .T. ) ;
#7971 = VECTOR ( 'NONE', #9179, 1000.000000000000000 ) ;
#7972 = EDGE_CURVE ( 'NONE', #4514, #245, #3550, .T. ) ;
#7973 = CARTESIAN_POINT ( 'NONE',  ( 15.00000000000000000, 0.3129999999999998339, 0.4589999999999999081 ) ) ;
#7974 = VERTEX_POINT ( 'NONE', #7204 ) ;
#7975 = EDGE_LOOP ( 'NONE', ( #1873, #1119, #6610, #4968 ) ) ;
#7976 = VERTEX_POINT ( 'NONE', #2989 ) ;
#7977 = CARTESIAN_POINT ( 'NONE',  ( 14.99999999999989519, 1.925000000000001599, -2.500000000000014211 ) ) ;
#7978 = ORIENTED_EDGE ( 'NONE', *, *, #2849, .F. ) ;
#7979 = CARTESIAN_POINT ( 'NONE',  ( 14.99999999999999822, -0.1400000000000001243, 0.07499999999999995559 ) ) ;
#7980 = ORIENTED_EDGE ( 'NONE', *, *, #3209, .T. ) ;
#7981 = CARTESIAN_POINT ( 'NONE',  ( -15.00000000000000000, 0.3129999999999997784, 0.1499999999999997169 ) ) ;
#7982 = PLANE ( 'NONE',  #10961 ) ;
#7983 = AXIS2_PLACEMENT_3D ( 'NONE', #10085, #2387, #8310 ) ;
#7984 = CIRCLE ( 'NONE', #9410, 0.4250000000000000444 ) ;
#7985 = ORIENTED_EDGE ( 'NONE', *, *, #4221, .F. ) ;
#7986 = ORIENTED_EDGE ( 'NONE', *, *, #241, .T. ) ;
#7987 = DIRECTION ( 'NONE',  ( 1.000000000000000000, 1.703767317532268985E-17, -6.997874502090439819E-15 ) ) ;
#7988 = ORIENTED_EDGE ( 'NONE', *, *, #6526, .F. ) ;
#7989 = CARTESIAN_POINT ( 'NONE',  ( 4.515440303529665300, -0.8163386757232861113, 4.987420433573253931 ) ) ;
#7990 = CARTESIAN_POINT ( 'NONE',  ( 0.6087579934313750440, -0.8750000000000000000, 6.767689368251048165 ) ) ;
#7991 = EDGE_LOOP ( 'NONE', ( #5166, #5628, #9578, #10512 ) ) ;
#7992 = EDGE_CURVE ( 'NONE', #825, #2837, #7813, .T. ) ;
#7993 = CARTESIAN_POINT ( 'NONE',  ( 15.01917045769592107, -0.5903495444203973319, -0.1403217719940365593 ) ) ;
#7994 = DIRECTION ( 'NONE',  ( 0.000000000000000000, 0.000000000000000000, -1.000000000000000000 ) ) ;
#7995 = AXIS2_PLACEMENT_3D ( 'NONE', #1665, #864, #8495 ) ;
#7996 = CARTESIAN_POINT ( 'NONE',  ( 18.45161137282711650, -0.2119852378960843386, 0.3762376954841906151 ) ) ;
#7997 = LINE ( 'NONE', #8997, #5856 ) ;
#7998 = ORIENTED_EDGE ( 'NONE', *, *, #7645, .T. ) ;
#7999 = ORIENTED_EDGE ( 'NONE', *, *, #1325, .F. ) ;
#8000 = CARTESIAN_POINT ( 'NONE',  ( 18.50000000000000355, -0.1204143299231163755, -0.4544655561386416465 ) ) ;
#8001 = ADVANCED_FACE ( 'NONE', ( #5393 ), #1335, .T. ) ;
#8002 = CARTESIAN_POINT ( 'NONE',  ( 1.053457564839227256, 1.925000000000001821, -7.246813483191109739 ) ) ;
#8003 = CARTESIAN_POINT ( 'NONE',  ( 18.44991409307876751, -0.04860357516367928843, -0.4906874716957337346 ) ) ;
#8004 = CARTESIAN_POINT ( 'NONE',  ( -1.449999998840651338, 1.823999999999989408, 16.50100000600096450 ) ) ;
#8005 = EDGE_CURVE ( 'NONE', #6717, #2929, #7783, .T. ) ;
#8006 = LINE ( 'NONE', #5345, #6527 ) ;
#8007 = CARTESIAN_POINT ( 'NONE',  ( -7.500000000000086153, 1.925000000000000711, 1.396452398161329711E-13 ) ) ;
#8008 = APPROVAL_PERSON_ORGANIZATION ( #4563, #8134, #5753 ) ;
#8009 = ORIENTED_EDGE ( 'NONE', *, *, #2506, .T. ) ;
#8010 = CARTESIAN_POINT ( 'NONE',  ( 12.30783666301308443, 1.925000000000000488, 6.034150635094613691 ) ) ;
#8011 = CIRCLE ( 'NONE', #4085, 0.06000000000000015737 ) ;
#8012 = CARTESIAN_POINT ( 'NONE',  ( 4.532310631747494156, -0.8749999999999998890, 5.433504217327678631 ) ) ;
#8013 = EDGE_CURVE ( 'NONE', #6313, #1071, #3409, .T. ) ;
#8014 = ORIENTED_EDGE ( 'NONE', *, *, #6378, .T. ) ;
#8015 = CARTESIAN_POINT ( 'NONE',  ( -2.175000000000036238, 1.925000000000000044, 7.358824457812072062 ) ) ;
#8016 = EDGE_CURVE ( 'NONE', #2164, #6861, #647, .T. ) ;
#8017 = DIRECTION ( 'NONE',  ( 1.047444401652941269E-14, -1.000000000000000000, 3.491481338843170037E-15 ) ) ;
#8018 = EDGE_CURVE ( 'NONE', #4305, #3820, #6053, .T. ) ;
#8019 = CARTESIAN_POINT ( 'NONE',  ( 15.00351604875413791, -0.5309884898477469362, 0.3297599483394808573 ) ) ;
#8020 = DIRECTION ( 'NONE',  ( 0.000000000000000000, -1.000000000000000000, 0.000000000000000000 ) ) ;
#8021 = LINE ( 'NONE', #2879, #6178 ) ;
#8022 = CARTESIAN_POINT ( 'NONE',  ( -9.999999999999966249, -0.6750000000000000444, -7.284696352579025813 ) ) ;
#8023 = CARTESIAN_POINT ( 'NONE',  ( 18.50000000000000000, -0.06411771325255129217, 0.5389627792085447400 ) ) ;
#8024 = ORIENTED_EDGE ( 'NONE', *, *, #5231, .T. ) ;
#8025 = VERTEX_POINT ( 'NONE', #5746 ) ;
#8026 = AXIS2_PLACEMENT_3D ( 'NONE', #6079, #7707, #4389 ) ;
#8027 = CARTESIAN_POINT ( 'NONE',  ( -18.47681264345752439, -0.05196237805748697008, 0.4973126630096343370 ) ) ;
#8028 = CARTESIAN_POINT ( 'NONE',  ( 14.98466589161030704, -0.6784904812874567037, -0.4712850322845281159 ) ) ;
#8029 = VECTOR ( 'NONE', #10699, 999.9999999999998863 ) ;
#8030 = CARTESIAN_POINT ( 'NONE',  ( -0.8860207152530750196, 1.025000000000000133, 6.591421356237405327 ) ) ;
#8031 = EDGE_CURVE ( 'NONE', #10125, #7453, #2070, .T. ) ;
#8032 = CARTESIAN_POINT ( 'NONE',  ( 8.596179610090016965, 2.825000000000001066, -0.7920094304871192481 ) ) ;
#8033 = ORIENTED_EDGE ( 'NONE', *, *, #5794, .T. ) ;
#8034 = AXIS2_PLACEMENT_3D ( 'NONE', #9218, #3202, #1470 ) ;
#8035 = ORIENTED_EDGE ( 'NONE', *, *, #2477, .F. ) ;
#8036 = CARTESIAN_POINT ( 'NONE',  ( 0.6954238936229608647, 1.326171802036982372, -7.480342598075117699 ) ) ;
#8037 = ORIENTED_EDGE ( 'NONE', *, *, #8155, .T. ) ;
#8038 = FACE_OUTER_BOUND ( 'NONE', #5314, .T. ) ;
#8039 = CARTESIAN_POINT ( 'NONE',  ( 13.62280971657077622, 0.6999999999999999556, 1.190834171402526120 ) ) ;
#8040 = CARTESIAN_POINT ( 'NONE',  ( -10.00000000000000000, -0.8160471443862369334, 6.707698506541663441 ) ) ;
#8041 = FACE_OUTER_BOUND ( 'NONE', #1056, .T. ) ;
#8042 = VERTEX_POINT ( 'NONE', #1452 ) ;
#8043 = DIRECTION ( 'NONE',  ( -1.000000000000000000, 0.000000000000000000, 5.782411586589343045E-15 ) ) ;
#8044 = DIRECTION ( 'NONE',  ( -0.000000000000000000, -1.000000000000000000, -0.000000000000000000 ) ) ;
#8045 = EDGE_LOOP ( 'NONE', ( #6807, #8577, #7540, #9316, #4317, #5692, #442, #4523 ) ) ;
#8046 = CARTESIAN_POINT ( 'NONE',  ( 4.195018513559358730, -0.8749999999999998890, 4.681508229972698665 ) ) ;
#8047 = ORIENTED_EDGE ( 'NONE', *, *, #6890, .F. ) ;
#8048 = EDGE_CURVE ( 'NONE', #9142, #6062, #436, .T. ) ;
#8049 = LINE ( 'NONE', #4823, #2626 ) ;
#8050 = ADVANCED_FACE ( 'NONE', ( #9505 ), #9084, .T. ) ;
#8051 = AXIS2_PLACEMENT_3D ( 'NONE', #3633, #2730, #8653 ) ;
#8052 = ORIENTED_EDGE ( 'NONE', *, *, #1173, .T. ) ;
#8053 = FACE_OUTER_BOUND ( 'NONE', #7570, .T. ) ;
#8054 = VERTEX_POINT ( 'NONE', #4059 ) ;
#8055 = CIRCLE ( 'NONE', #326, 0.1999999999999999833 ) ;
#8056 = CARTESIAN_POINT ( 'NONE',  ( 0.6603905722007795687, -0.8750000000001290079, 6.708997033973003177 ) ) ;
#8057 = CARTESIAN_POINT ( 'NONE',  ( -14.99996343366261442, 0.1979051159341239097, 0.8000048695842888469 ) ) ;
#8058 = CARTESIAN_POINT ( 'NONE',  ( 18.50000000000000000, 0.4710199341782451699, 0.5337936438144110785 ) ) ;
#8059 = DIRECTION ( 'NONE',  ( 8.673617379884051249E-15, 0.000000000000000000, -1.000000000000000000 ) ) ;
#8060 = AXIS2_PLACEMENT_3D ( 'NONE', #9946, #5558, #3113 ) ;
#8061 = DIRECTION ( 'NONE',  ( 0.000000000000000000, 0.000000000000000000, -1.000000000000000000 ) ) ;
#8062 = LINE ( 'NONE', #8642, #1284 ) ;
#8063 = CIRCLE ( 'NONE', #6419, 0.05999999999999994227 ) ;
#8064 = EDGE_LOOP ( 'NONE', ( #5364, #7520, #8272, #1195 ) ) ;
#8065 = LINE ( 'NONE', #102, #9117 ) ;
#8066 = VERTEX_POINT ( 'NONE', #7369 ) ;
#8067 = LINE ( 'NONE', #10057, #3583 ) ;
#8068 = EDGE_CURVE ( 'NONE', #6948, #8383, #8839, .T. ) ;
#8069 = CARTESIAN_POINT ( 'NONE',  ( -0.9458872657395743788, 1.333473567315028196, -7.480215145288957146 ) ) ;
#8070 = DIRECTION ( 'NONE',  ( -0.000000000000000000, -1.000000000000000000, -0.000000000000000000 ) ) ;
#8071 = CARTESIAN_POINT ( 'NONE',  ( 18.45191834574159628, 0.2920011725990765972, -0.5668273624100138575 ) ) ;
#8072 = DIRECTION ( 'NONE',  ( -1.703767317533126255E-17, 1.000000000000000000, 1.212737214708384717E-16 ) ) ;
#8073 = CARTESIAN_POINT ( 'NONE',  ( -1.449999998840651116, 1.823999999999989408, 16.50100000600096450 ) ) ;
#8074 = CARTESIAN_POINT ( 'NONE',  ( -8.514586297939958470, 2.825000000000000622, 0.8000000000001478151 ) ) ;
#8075 = CARTESIAN_POINT ( 'NONE',  ( -15.00000000000000000, 0.3129999999999998339, 0.4499999999999999001 ) ) ;
#8076 = VECTOR ( 'NONE', #10665, 1000.000000000000000 ) ;
#8077 = CARTESIAN_POINT ( 'NONE',  ( -9.764586297939976234, 2.825000000000001066, -2.066987298107629378 ) ) ;
#8078 = EDGE_CURVE ( 'NONE', #6630, #6815, #6788, .T. ) ;
#8079 = VERTEX_POINT ( 'NONE', #4924 ) ;
#8080 = LINE ( 'NONE', #3262, #10082 ) ;
#8081 = VERTEX_POINT ( 'NONE', #2452 ) ;
#8082 = LINE ( 'NONE', #2292, #4505 ) ;
#8083 = ORIENTED_EDGE ( 'NONE', *, *, #4098, .F. ) ;
#8084 = EDGE_CURVE ( 'NONE', #5957, #5588, #2539, .T. ) ;
#8085 = CARTESIAN_POINT ( 'NONE',  ( -2.696456176721500064, 1.925000000000000044, 6.542238406188338296 ) ) ;
#8086 = CARTESIAN_POINT ( 'NONE',  ( 10.15026178333083706, 2.825000000000001510, -3.249999999999982236 ) ) ;
#8087 = CARTESIAN_POINT ( 'NONE',  ( 1.120353428614625280, 1.866047144386237422, 5.719507388524668556 ) ) ;
#8088 = FACE_OUTER_BOUND ( 'NONE', #4063, .T. ) ;
#8089 = ORIENTED_EDGE ( 'NONE', *, *, #9294, .F. ) ;
#8090 = CARTESIAN_POINT ( 'NONE',  ( 18.45139682841337958, 0.4454119251893762232, 0.4907050135827530912 ) ) ;
#8091 = VERTEX_POINT ( 'NONE', #10821 ) ;
#8092 = ORIENTED_EDGE ( 'NONE', *, *, #5962, .T. ) ;
#8093 = ORIENTED_EDGE ( 'NONE', *, *, #4177, .F. ) ;
#8094 = CARTESIAN_POINT ( 'NONE',  ( 0.3300000000000000711, 1.865000000000000435, -7.543252277351548685 ) ) ;
#8095 = CARTESIAN_POINT ( 'NONE',  ( -14.99996953439121761, 0.1997609532144824507, -2.516259092389517171 ) ) ;
#8096 = EDGE_CURVE ( 'NONE', #2005, #139, #9093, .T. ) ;
#8097 = CARTESIAN_POINT ( 'NONE',  ( -8.514586297939954918, 2.825000000000000622, 1.300000000000147482 ) ) ;
#8098 = CARTESIAN_POINT ( 'NONE',  ( -15.19998982658274933, 0.2018625665936034097, 0.8000064914233880886 ) ) ;
#8099 = ORIENTED_EDGE ( 'NONE', *, *, #3651, .T. ) ;
#8100 = ORIENTED_EDGE ( 'NONE', *, *, #5568, .F. ) ;
#8101 = EDGE_CURVE ( 'NONE', #6815, #1737, #6567, .T. ) ;
#8102 = ORIENTED_EDGE ( 'NONE', *, *, #8649, .T. ) ;
#8103 = AXIS2_PLACEMENT_3D ( 'NONE', #3049, #6439, #7290 ) ;
#8104 = CARTESIAN_POINT ( 'NONE',  ( -1.048271571263014845, 1.338303831536785893, -7.480130832712486466 ) ) ;
#8105 = CARTESIAN_POINT ( 'NONE',  ( 12.38977695522261158, 1.925000000000000488, 6.019702350770935517 ) ) ;
#8106 = DIRECTION ( 'NONE',  ( -0.7071067811865496822, -9.875400524329111862E-15, -0.7071067811865453523 ) ) ;
#8107 = ADVANCED_FACE ( 'NONE', ( #5517 ), #1392, .T. ) ;
#8108 = CARTESIAN_POINT ( 'NONE',  ( 17.24999999999999645, 1.150000000000000133, 0.000000000000000000 ) ) ;
#8109 = CARTESIAN_POINT ( 'NONE',  ( 3.820122834517634569, -0.6161113284688908287, 4.456333412807564009 ) ) ;
#8110 = DIRECTION ( 'NONE',  ( 0.4999999999999859002, -9.650728701756255797E-17, 0.8660254037844468122 ) ) ;
#8111 = VERTEX_POINT ( 'NONE', #5034 ) ;
#8112 = ORIENTED_EDGE ( 'NONE', *, *, #9408, .F. ) ;
#8113 = DIRECTION ( 'NONE',  ( 0.0001058369763232880519, 1.212755240074266746E-16, -0.9999999943992671225 ) ) ;
#8114 = CARTESIAN_POINT ( 'NONE',  ( 0.6077289675089327936, -0.8149999999999999467, 6.767689368251048165 ) ) ;
#8115 = AXIS2_PLACEMENT_3D ( 'NONE', #8114, #4644, #6302 ) ;
#8116 = DIRECTION ( 'NONE',  ( 6.911138328291599464E-15, -1.212737214708358339E-16, 1.000000000000000000 ) ) ;
#8117 = CARTESIAN_POINT ( 'NONE',  ( 4.594880325752708217, -0.6683059411058565047, 5.431449841199111894 ) ) ;
#8118 = CARTESIAN_POINT ( 'NONE',  ( -18.50000000000000355, 0.02634855338465612318, 0.5283362074035540257 ) ) ;
#8119 = ORIENTED_EDGE ( 'NONE', *, *, #6949, .T. ) ;
#8120 = AXIS2_PLACEMENT_3D ( 'NONE', #5392, #2087, #1144 ) ;
#8121 = DIRECTION ( 'NONE',  ( -0.000000000000000000, -1.000000000000000000, 0.000000000000000000 ) ) ;
#8122 = CALENDAR_DATE ( 2024, 26, 1 ) ;
#8123 = EDGE_CURVE ( 'NONE', #3877, #7792, #10598, .T. ) ;
#8124 = CARTESIAN_POINT ( 'NONE',  ( 0.9141145274406091703, 2.734493422289520304, 7.500000000000080824 ) ) ;
#8125 = CARTESIAN_POINT ( 'NONE',  ( 0.9982849567958884673, 1.826745240643728563, 6.501638890782349023 ) ) ;
#8126 = VERTEX_POINT ( 'NONE', #4200 ) ;
#8127 = CARTESIAN_POINT ( 'NONE',  ( 1.703230273688391749, 1.925000000000000044, 6.782447019343670114 ) ) ;
#8128 = AXIS2_PLACEMENT_3D ( 'NONE', #8883, #9747, #7994 ) ;
#8129 = ORIENTED_EDGE ( 'NONE', *, *, #3744, .T. ) ;
#8130 = DIRECTION ( 'NONE',  ( 1.047444401652941269E-14, -1.000000000000000000, 3.491481338843170037E-15 ) ) ;
#8131 = VECTOR ( 'NONE', #4512, 1000.000000000000227 ) ;
#8132 = CARTESIAN_POINT ( 'NONE',  ( -0.1999999988406500617, 1.824000000000003396, 16.75100000600095740 ) ) ;
#8133 = CARTESIAN_POINT ( 'NONE',  ( -18.45408473299807994, 0.6118321436194482654, -0.3729689755132251094 ) ) ;
#8134 = APPROVAL ( #1639, 'UNSPECIFIED' ) ;
#8135 = CARTESIAN_POINT ( 'NONE',  ( -14.75000000000006573, 2.675000000000000266, 2.500000000000191402 ) ) ;
#8136 = APPLICATION_PROTOCOL_DEFINITION ( 'international standard', 'config_control_design', 1994, #7279 ) ;
#8137 = ORIENTED_EDGE ( 'NONE', *, *, #9176, .F. ) ;
#8138 = CARTESIAN_POINT ( 'NONE',  ( 3.823472923908323384, -0.4553704557704177924, 4.454225728878279611 ) ) ;
#8139 = CARTESIAN_POINT ( 'NONE',  ( 9.999999999999928946, 2.925000000000000711, 2.500000000000018652 ) ) ;
#8140 = ORIENTED_EDGE ( 'NONE', *, *, #6376, .T. ) ;
#8141 = CIRCLE ( 'NONE', #9995, 0.06000000000000015737 ) ;
#8142 = CIRCLE ( 'NONE', #4705, 0.4499999999999990119 ) ;
#8143 = CARTESIAN_POINT ( 'NONE',  ( -15.00000000000000000, 0.3129999999999998339, 0.4499999999999999001 ) ) ;
#8144 = VERTEX_POINT ( 'NONE', #11002 ) ;
#8145 = CARTESIAN_POINT ( 'NONE',  ( 10.00000000000000000, -0.3750000000000000000, -6.700000000000001066 ) ) ;
#8146 = VERTEX_POINT ( 'NONE', #11041 ) ;
#8147 = CARTESIAN_POINT ( 'NONE',  ( -14.99996824868389922, 0.2007171340698799822, 2.513868528833924643 ) ) ;
#8148 = CARTESIAN_POINT ( 'NONE',  ( 1.024999999999862910, 1.925000000000001821, -7.324999999999918465 ) ) ;
#8149 = EDGE_CURVE ( 'NONE', #770, #544, #9646, .T. ) ;
#8150 = LINE ( 'NONE', #10444, #1255 ) ;
#8151 = CIRCLE ( 'NONE', #2073, 5.750000000165385039 ) ;
#8152 = ADVANCED_FACE ( 'NONE', ( #4599 ), #839, .T. ) ;
#8153 = ORIENTED_EDGE ( 'NONE', *, *, #10745, .F. ) ;
#8154 = VERTEX_POINT ( 'NONE', #9279 ) ;
#8155 = EDGE_CURVE ( 'NONE', #3984, #8614, #9588, .T. ) ;
#8156 = ORIENTED_EDGE ( 'NONE', *, *, #1909, .F. ) ;
#8157 = DIRECTION ( 'NONE',  ( 1.703767317533126255E-17, -1.000000000000000000, -1.212737214708384717E-16 ) ) ;
#8158 = AXIS2_PLACEMENT_3D ( 'NONE', #1584, #10061, #10948 ) ;
#8159 = CARTESIAN_POINT ( 'NONE',  ( -15.19999008003992458, 0.1981492943342855195, 0.8000065742260994428 ) ) ;
#8160 = LINE ( 'NONE', #5565, #8703 ) ;
#8161 = VECTOR ( 'NONE', #8423, 1000.000000000000000 ) ;
#8162 = ORIENTED_EDGE ( 'NONE', *, *, #11003, .T. ) ;
#8163 = ORIENTED_EDGE ( 'NONE', *, *, #9408, .T. ) ;
#8164 = AXIS2_PLACEMENT_3D ( 'NONE', #5990, #6847, #7144 ) ;
#8165 = CARTESIAN_POINT ( 'NONE',  ( -2.299999998840650761, 1.823999999999980526, 16.50100000600096450 ) ) ;
#8166 = ORIENTED_EDGE ( 'NONE', *, *, #3125, .F. ) ;
#8167 = DIRECTION ( 'NONE',  ( -6.911138328291599464E-15, 1.212737214708358339E-16, -1.000000000000000000 ) ) ;
#8168 = CARTESIAN_POINT ( 'NONE',  ( 1.597455154124163057, -0.8750000000000000000, 4.517429646614707472 ) ) ;
#8169 = DIRECTION ( 'NONE',  ( 1.000000000000000000, 1.047444401652940007E-14, -3.491481338843121128E-15 ) ) ;
#8170 = VECTOR ( 'NONE', #6866, 1000.000000000000000 ) ;
#8171 = CARTESIAN_POINT ( 'NONE',  ( 7.749999999999999112, 0.6999999999999999556, 5.850000000000000533 ) ) ;
#8172 = CARTESIAN_POINT ( 'NONE',  ( 1.574852460299050794, -0.3750000000000000000, 4.453172686845913830 ) ) ;
#8173 = CIRCLE ( 'NONE', #10415, 4.207698506541666106 ) ;
#8174 = CARTESIAN_POINT ( 'NONE',  ( 18.50000000000000000, -0.1697376748844366678, -0.4842280241544251740 ) ) ;
#8175 = VECTOR ( 'NONE', #5859, 1000.000000000000000 ) ;
#8176 = DIRECTION ( 'NONE',  ( 1.047444401652941269E-14, -1.000000000000000000, 3.491481338843170037E-15 ) ) ;
#8177 = EDGE_LOOP ( 'NONE', ( #912, #6902, #618, #10756 ) ) ;
#8178 = CARTESIAN_POINT ( 'NONE',  ( 14.99385118602059030, -0.1522653169551299868, -0.9519615280494873044 ) ) ;
#8179 = CARTESIAN_POINT ( 'NONE',  ( -12.69654243516076342, 1.925000000000001377, -6.196813483191006888 ) ) ;
#8180 = CARTESIAN_POINT ( 'NONE',  ( 7.499999999999989342, 1.904000000000024340, -0.5000000000000490719 ) ) ;
#8181 = LINE ( 'NONE', #5061, #1404 ) ;
#8182 = ORIENTED_EDGE ( 'NONE', *, *, #7724, .T. ) ;
#8183 = DIRECTION ( 'NONE',  ( -1.047444401652941269E-14, 1.000000000000000000, -3.491481338843170037E-15 ) ) ;
#8184 = VECTOR ( 'NONE', #3655, 1000.000000000000227 ) ;
#8185 = VERTEX_POINT ( 'NONE', #782 ) ;
#8186 = FACE_OUTER_BOUND ( 'NONE', #3261, .T. ) ;
#8187 = CARTESIAN_POINT ( 'NONE',  ( -15.00000000000000000, -0.1400000000000001243, 0.4499999999999999556 ) ) ;
#8188 = EDGE_CURVE ( 'NONE', #434, #3273, #10849, .T. ) ;
#8189 = FACE_OUTER_BOUND ( 'NONE', #10164, .T. ) ;
#8190 = DIRECTION ( 'NONE',  ( 5.754656010973727542E-15, -1.212737214708358586E-16, 1.000000000000000000 ) ) ;
#8191 = VECTOR ( 'NONE', #5452, 1000.000000000000000 ) ;
#8192 = CARTESIAN_POINT ( 'NONE',  ( 9.999999999999966249, -0.6784904812874564817, 7.484665891610304378 ) ) ;
#8193 = TOROIDAL_SURFACE ( 'NONE', #4551, 0.2000000000000000111, 0.1000000000000000056 ) ;
#8194 = ORIENTED_EDGE ( 'NONE', *, *, #5791, .T. ) ;
#8195 = FACE_BOUND ( 'NONE', #5049, .T. ) ;
#8196 = DIRECTION ( 'NONE',  ( 0.000000000000000000, -1.000000000000000000, 0.000000000000000000 ) ) ;
#8197 = ORIENTED_EDGE ( 'NONE', *, *, #10901, .T. ) ;
#8198 = CARTESIAN_POINT ( 'NONE',  ( 12.61068682838814503, -0.8149999999999999467, -5.530563360842446485 ) ) ;
#8199 = CARTESIAN_POINT ( 'NONE',  ( 18.44993974253575786, -0.04860289564859441441, -0.4906877741993691533 ) ) ;
#8200 = AXIS2_PLACEMENT_3D ( 'NONE', #3210, #10893, #10070 ) ;
#8201 = CARTESIAN_POINT ( 'NONE',  ( 12.69654243516050762, 1.925000000000001821, -6.196813483191188965 ) ) ;
#8202 = EDGE_CURVE ( 'NONE', #907, #670, #6846, .T. ) ;
#8203 = CIRCLE ( 'NONE', #11056, 0.4305633608424497827 ) ;
#8204 = DIRECTION ( 'NONE',  ( -1.047444401652941269E-14, 1.000000000000000000, -3.491481338843170037E-15 ) ) ;
#8205 = ORIENTED_EDGE ( 'NONE', *, *, #9801, .F. ) ;
#8206 = VECTOR ( 'NONE', #8901, 1000.000000000000000 ) ;
#8207 = ORIENTED_EDGE ( 'NONE', *, *, #956, .F. ) ;
#8208 = VERTEX_POINT ( 'NONE', #7598 ) ;
#8209 = CARTESIAN_POINT ( 'NONE',  ( -0.6603611092178343078, 1.925000000000001155, -2.762230273688338844 ) ) ;
#8210 = ORIENTED_EDGE ( 'NONE', *, *, #10198, .T. ) ;
#8211 = CARTESIAN_POINT ( 'NONE',  ( 3.696769726311525339, 1.925000000000000266, 6.269923847578262155 ) ) ;
#8212 = CARTESIAN_POINT ( 'NONE',  ( -1.874999998840634730, 1.824000000000000732, 21.00100000600096450 ) ) ;
#8213 = CARTESIAN_POINT ( 'NONE',  ( -17.24999999999999645, 1.150000000000000133, 0.000000000000000000 ) ) ;
#8214 = CARTESIAN_POINT ( 'NONE',  ( -18.49999999999999645, 0.5665120452946782459, -0.4842853786891532786 ) ) ;
#8215 = DIRECTION ( 'NONE',  ( -0.4999999999999749090, 9.650728701756351939E-17, -0.8660254037844531405 ) ) ;
#8216 = CARTESIAN_POINT ( 'NONE',  ( -3.124999998840650495, 1.823999999999972976, 16.65000000600096897 ) ) ;
#8217 = CARTESIAN_POINT ( 'NONE',  ( -7.500000000000007105, 1.823999999999869059, 3.469446951953614189E-15 ) ) ;
#8218 = EDGE_CURVE ( 'NONE', #7155, #8307, #1806, .T. ) ;
#8219 = VECTOR ( 'NONE', #9490, 1000.000000000000000 ) ;
#8220 = EDGE_CURVE ( 'NONE', #2543, #1029, #4066, .T. ) ;
#8221 = EDGE_LOOP ( 'NONE', ( #7315, #3840, #5614, #5106 ) ) ;
#8222 = ORIENTED_EDGE ( 'NONE', *, *, #4679, .T. ) ;
#8223 = VERTEX_POINT ( 'NONE', #6009 ) ;
#8224 = DIRECTION ( 'NONE',  ( -1.000000000000000000, 0.000000000000000000, 7.014719940208585604E-15 ) ) ;
#8225 = DIRECTION ( 'NONE',  ( 0.000000000000000000, 0.000000000000000000, -1.000000000000000000 ) ) ;
#8226 = VERTEX_POINT ( 'NONE', #7759 ) ;
#8227 = DIRECTION ( 'NONE',  ( -1.703767317533126255E-17, 1.000000000000000000, 1.212737214708384717E-16 ) ) ;
#8228 = EDGE_CURVE ( 'NONE', #2627, #6802, #958, .T. ) ;
#8229 = CARTESIAN_POINT ( 'NONE',  ( 11.73207028027912990, 2.825000000000001510, -2.938481042543291899 ) ) ;
#8230 = LINE ( 'NONE', #6423, #1588 ) ;
#8231 = EDGE_CURVE ( 'NONE', #6071, #1447, #5905, .T. ) ;
#8232 = VERTEX_POINT ( 'NONE', #2695 ) ;
#8233 = VERTEX_POINT ( 'NONE', #949 ) ;
#8234 =( BOUNDED_CURVE ( )  B_SPLINE_CURVE ( 3, ( #10290, #63, #4453, #5257 ),
 .UNSPECIFIED., .F., .F. ) 
 B_SPLINE_CURVE_WITH_KNOTS ( ( 4, 4 ),
 ( 1.588249619314834993, 3.141592653589788231 ),
 .UNSPECIFIED. ) 
 CURVE ( )  GEOMETRIC_REPRESENTATION_ITEM ( )  RATIONAL_B_SPLINE_CURVE ( ( 1.000000000000000000, 0.8088336327694545247, 0.8088336327694545247, 1.000000000000000000 ) ) 
 REPRESENTATION_ITEM ( '' )  );
#8235 = DIRECTION ( 'NONE',  ( -0.01745240643728354635, 0.9998476951563911586, 0.000000000000000000 ) ) ;
#8236 = EDGE_CURVE ( 'NONE', #3978, #8335, #31, .T. ) ;
#8237 = ORIENTED_EDGE ( 'NONE', *, *, #7515, .T. ) ;
#8238 = DIRECTION ( 'NONE',  ( -1.000000000000000000, 0.000000000000000000, 6.938893903907226800E-15 ) ) ;
#8239 = CARTESIAN_POINT ( 'NONE',  ( -18.45619544297609593, 0.7445721889914760361, -0.05091076159731582063 ) ) ;
#8240 = CARTESIAN_POINT ( 'NONE',  ( 3.871644531355078467, 1.903999999999998805, 3.065493690453942932 ) ) ;
#8241 = CARTESIAN_POINT ( 'NONE',  ( 18.50000000000000000, -0.06960450302106697962, -0.5321071715581980888 ) ) ;
#8242 = PRODUCT ( 'KPr-CAD-019-BP7-t', 'KPr-CAD-019-BP7-t', '', ( #6464 ) ) ;
#8243 = EDGE_CURVE ( 'NONE', #3305, #1312, #4588, .T. ) ;
#8244 = B_SPLINE_SURFACE_WITH_KNOTS ( 'NONE', 3, 1, ( 
 ( #3469, #5964 ),
 ( #3540, #8562 ),
 ( #7679, #1868 ),
 ( #5230, #4277 ),
 ( #2604, #8492 ),
 ( #813, #7717 ),
 ( #981, #6814 ),
 ( #8525, #5270 ),
 ( #6941, #4316 ),
 ( #10387, #9387 ) ),
 .UNSPECIFIED., .F., .F., .F.,
 ( 4, 2, 2, 2, 4 ),
 ( 2, 2 ),
 ( 0.000000000000000000, 0.2500000000000000555, 0.5000000000000000000, 0.7500000000000002220, 1.000000000000000000 ),
 ( 0.000000000000000000, 1.000000000000000000 ),
 .UNSPECIFIED. ) ;
#8245 = CARTESIAN_POINT ( 'NONE',  ( 4.532310631747493268, -0.8749999999999998890, 6.507728967510383988 ) ) ;
#8246 = VERTEX_POINT ( 'NONE', #7722 ) ;
#8247 = CARTESIAN_POINT ( 'NONE',  ( -17.24999999999999645, 0.2000000000000000389, 0.000000000000000000 ) ) ;
#8248 = CARTESIAN_POINT ( 'NONE',  ( 17.14999999999999858, -0.6000000000000000888, 0.000000000000000000 ) ) ;
#8249 = CARTESIAN_POINT ( 'NONE',  ( -18.50000000000000355, 0.7860311505791948150, -0.1103119923939750446 ) ) ;
#8250 = CARTESIAN_POINT ( 'NONE',  ( -1.099999999999999423, 0.6999999999999999556, 7.648792912183658643 ) ) ;
#8251 = VECTOR ( 'NONE', #1613, 1000.000000000000114 ) ;
#8252 = AXIS2_PLACEMENT_3D ( 'NONE', #10974, #8536, #832 ) ;
#8253 = ORIENTED_EDGE ( 'NONE', *, *, #10652, .F. ) ;
#8254 = EDGE_CURVE ( 'NONE', #7262, #6511, #7628, .T. ) ;
#8255 = ORIENTED_EDGE ( 'NONE', *, *, #9802, .F. ) ;
#8256 = CARTESIAN_POINT ( 'NONE',  ( 1.120353428614625280, 1.866047144386237422, 5.718314386945658967 ) ) ;
#8257 = CARTESIAN_POINT ( 'NONE',  ( 0.9017241837534888393, -0.8163140684243128664, 4.995382411855264770 ) ) ;
#8258 = AXIS2_PLACEMENT_3D ( 'NONE', #4972, #10102, #9297 ) ;
#8259 = DIRECTION ( 'NONE',  ( -1.047444401652941269E-14, 1.000000000000000000, -3.491481338843170037E-15 ) ) ;
#8260 = CARTESIAN_POINT ( 'NONE',  ( 12.72499999999991438, 1.925000000000000266, 6.275000000000003908 ) ) ;
#8261 = LOCAL_TIME ( 13, 33, 9.000000000000000000, #270 ) ;
#8262 = ORIENTED_EDGE ( 'NONE', *, *, #4538, .F. ) ;
#8263 = AXIS2_PLACEMENT_3D ( 'NONE', #10104, #10063, #10215 ) ;
#8264 = CARTESIAN_POINT ( 'NONE',  ( 12.61068682838814503, -0.8750000000000000000, -5.262873992591395655 ) ) ;
#8265 = EDGE_CURVE ( 'NONE', #3594, #346, #8830, .T. ) ;
#8266 = CONICAL_SURFACE ( 'NONE', #9627, 4.999999999999999112, 0.01745329251994333364 ) ;
#8267 = CARTESIAN_POINT ( 'NONE',  ( -18.50000000000004974, 0.7333296559571865769, -0.2690108185587696821 ) ) ;
#8268 = DIRECTION ( 'NONE',  ( -0.2235351599263340205, 0.000000000000000000, 0.9746958665536179511 ) ) ;
#8269 = FACE_OUTER_BOUND ( 'NONE', #3303, .T. ) ;
#8270 = AXIS2_PLACEMENT_3D ( 'NONE', #3362, #3222, #1529 ) ;
#8271 = CARTESIAN_POINT ( 'NONE',  ( 15.18463543064158472, -0.5055847700599308547, -0.3770280258276227370 ) ) ;
#8272 = ORIENTED_EDGE ( 'NONE', *, *, #3781, .F. ) ;
#8273 = VERTEX_POINT ( 'NONE', #3548 ) ;
#8274 = CARTESIAN_POINT ( 'NONE',  ( 0.3300000000000000711, 0.2000000000000000944, -7.543252277351548685 ) ) ;
#8275 = VECTOR ( 'NONE', #1640, 1000.000000000000000 ) ;
#8276 = LINE ( 'NONE', #3127, #4180 ) ;
#8277 = EDGE_CURVE ( 'NONE', #10125, #8042, #1382, .T. ) ;
#8278 = CARTESIAN_POINT ( 'NONE',  ( -12.69654243516063907, 1.925000000000000044, 6.196813483191371930 ) ) ;
#8279 = CARTESIAN_POINT ( 'NONE',  ( -14.99993907342249422, 0.2034904812874566982, -0.9999756327838832393 ) ) ;
#8280 = EDGE_CURVE ( 'NONE', #2040, #875, #4722, .T. ) ;
#8281 = ORIENTED_EDGE ( 'NONE', *, *, #218, .F. ) ;
#8282 = CARTESIAN_POINT ( 'NONE',  ( -1.098269726311605243, 1.925000000000000044, 7.400000000000094502 ) ) ;
#8283 = VERTEX_POINT ( 'NONE', #7056 ) ;
#8284 = LINE ( 'NONE', #8260, #2871 ) ;
#8285 = CARTESIAN_POINT ( 'NONE',  ( 18.50000000000000355, 0.02634855338465612318, 0.5283362074035540257 ) ) ;
#8286 = FACE_OUTER_BOUND ( 'NONE', #2175, .T. ) ;
#8287 = CARTESIAN_POINT ( 'NONE',  ( -14.99067840555371589, -0.3340337881618025140, -0.6126379414622946662 ) ) ;
#8288 = VERTEX_POINT ( 'NONE', #121 ) ;
#8289 = CARTESIAN_POINT ( 'NONE',  ( -9.999999999999998224, 0.1999999999999999833, -2.499999999999999556 ) ) ;
#8290 = VERTEX_POINT ( 'NONE', #2836 ) ;
#8291 = CARTESIAN_POINT ( 'NONE',  ( 15.00000000000000000, 0.3129999999999997784, 0.2999999999999997669 ) ) ;
#8292 = EDGE_CURVE ( 'NONE', #2424, #10607, #6559, .T. ) ;
#8293 = EDGE_LOOP ( 'NONE', ( #4365, #2892, #4801, #7490 ) ) ;
#8294 = VECTOR ( 'NONE', #5107, 1000.000000000000000 ) ;
#8295 = LINE ( 'NONE', #9291, #6054 ) ;
#8296 = CARTESIAN_POINT ( 'NONE',  ( -14.75000000000000000, 0.2000000000000001499, 0.000000000000000000 ) ) ;
#8297 = EDGE_CURVE ( 'NONE', #7960, #8817, #8916, .T. ) ;
#8298 = ORIENTED_EDGE ( 'NONE', *, *, #5930, .T. ) ;
#8299 = CARTESIAN_POINT ( 'NONE',  ( 4.532310631747495044, -0.8750000000000000000, 5.220753287115847741 ) ) ;
#8300 = CARTESIAN_POINT ( 'NONE',  ( 12.28283666301303789, 1.925000000000001821, -5.990849364905383112 ) ) ;
#8301 = CARTESIAN_POINT ( 'NONE',  ( 18.49961495938684308, -0.06798438643177671936, -0.5289119141201611418 ) ) ;
#8302 = VERTEX_POINT ( 'NONE', #1871 ) ;
#8303 = CARTESIAN_POINT ( 'NONE',  ( 18.49882266803230024, 0.4631340119379718789, -0.5256652059944191269 ) ) ;
#8304 = LINE ( 'NONE', #2793, #3824 ) ;
#8305 = ORIENTED_EDGE ( 'NONE', *, *, #7714, .T. ) ;
#8306 = LINE ( 'NONE', #8496, #8851 ) ;
#8307 = VERTEX_POINT ( 'NONE', #8723 ) ;
#8308 = LINE ( 'NONE', #1635, #9239 ) ;
#8309 = AXIS2_PLACEMENT_3D ( 'NONE', #7917, #993, #10427 ) ;
#8310 = DIRECTION ( 'NONE',  ( 0.7071067811865500152, 9.875400524329111862E-15, 0.7071067811865451302 ) ) ;
#8311 = CARTESIAN_POINT ( 'NONE',  ( -11.85785599921887012, 0.6999999999999999556, -3.830563360842450304 ) ) ;
#8312 = CARTESIAN_POINT ( 'NONE',  ( 18.44993974253575786, -0.04860289564859441441, -0.4906877741993691533 ) ) ;
#8313 = ADVANCED_FACE ( 'NONE', ( #10975 ), #8651, .F. ) ;
#8314 = DIRECTION ( 'NONE',  ( -1.047444401652941269E-14, 1.000000000000000000, -3.491481338843170037E-15 ) ) ;
#8315 = VECTOR ( 'NONE', #5992, 1000.000000000000114 ) ;
#8316 = FACE_OUTER_BOUND ( 'NONE', #9674, .T. ) ;
#8317 = VERTEX_POINT ( 'NONE', #1030 ) ;
#8318 = LINE ( 'NONE', #2542, #1152 ) ;
#8319 = EDGE_LOOP ( 'NONE', ( #1378, #441, #8401, #553, #5475 ) ) ;
#8320 = FACE_OUTER_BOUND ( 'NONE', #6740, .T. ) ;
#8321 = CARTESIAN_POINT ( 'NONE',  ( 18.50000000000000000, -0.04874918511057003273, 0.4905370123609567590 ) ) ;
#8322 = DIRECTION ( 'NONE',  ( -0.5000000000000018874, -1.135449601928830600E-16, 0.8660254037844374864 ) ) ;
#8323 = CARTESIAN_POINT ( 'NONE',  ( -1.049999998840634774, 1.824000000000009392, 21.00100000600096095 ) ) ;
#8324 = AXIS2_PLACEMENT_3D ( 'NONE', #6808, #6038, #806 ) ;
#8325 = DIRECTION ( 'NONE',  ( 3.491481338843084446E-15, 3.491481338843206719E-15, 1.000000000000000000 ) ) ;
#8326 = DIRECTION ( 'NONE',  ( 2.053270716797583856E-14, 0.000000000000000000, -1.000000000000000000 ) ) ;
#8327 = LINE ( 'NONE', #7866, #8076 ) ;
#8328 = ORIENTED_EDGE ( 'NONE', *, *, #6730, .F. ) ;
#8329 = DIRECTION ( 'NONE',  ( 8.672296345945505012E-17, 0.01745240643728354982, 0.9998476951563912696 ) ) ;
#8330 = ORIENTED_EDGE ( 'NONE', *, *, #9302, .T. ) ;
#8331 = VERTEX_POINT ( 'NONE', #376 ) ;
#8332 = ORIENTED_EDGE ( 'NONE', *, *, #2084, .T. ) ;
#8333 = LINE ( 'NONE', #4583, #5817 ) ;
#8334 = EDGE_CURVE ( 'NONE', #7937, #2922, #8160, .T. ) ;
#8335 = VERTEX_POINT ( 'NONE', #3660 ) ;
#8336 = AXIS2_PLACEMENT_3D ( 'NONE', #1840, #6021, #7854 ) ;
#8337 = DIRECTION ( 'NONE',  ( 0.000000000000000000, 0.8819809625749136517, -0.4712850322845280604 ) ) ;
#8338 = LINE ( 'NONE', #5983, #2115 ) ;
#8339 = DIRECTION ( 'NONE',  ( -0.000000000000000000, -0.000000000000000000, -1.000000000000000000 ) ) ;
#8340 = CARTESIAN_POINT ( 'NONE',  ( -18.50000000000000000, 0.7940538463386771495, 0.1129946195418487787 ) ) ;
#8341 = CARTESIAN_POINT ( 'NONE',  ( -18.44991409307876751, -0.04860357516367928843, -0.4906874716957337346 ) ) ;
#8342 = ORIENTED_EDGE ( 'NONE', *, *, #5336, .T. ) ;
#8343 = VERTEX_POINT ( 'NONE', #9655 ) ;
#8344 = VERTEX_POINT ( 'NONE', #6240 ) ;
#8345 = CARTESIAN_POINT ( 'NONE',  ( -3.680607151835824098, 1.903999999999919535, 2.976800003647847692 ) ) ;
#8346 = AXIS2_PLACEMENT_3D ( 'NONE', #9756, #9721, #2966 ) ;
#8347 = ORIENTED_EDGE ( 'NONE', *, *, #7579, .T. ) ;
#8348 = CARTESIAN_POINT ( 'NONE',  ( 18.46264275098494778, 0.4459919049884465969, -0.4918491346511654760 ) ) ;
#8349 = DIRECTION ( 'NONE',  ( 0.000000000000000000, 0.9998476951563911586, 0.01745240643728354635 ) ) ;
#8350 = DIRECTION ( 'NONE',  ( 1.000000000000000000, 1.040834085586083310E-14, -3.469446951953611033E-15 ) ) ;
#8351 = VECTOR ( 'NONE', #9314, 1000.000000000000000 ) ;
#8352 = CARTESIAN_POINT ( 'NONE',  ( -18.50000000000000000, 0.4385001624955227606, -0.4956956870771971890 ) ) ;
#8353 = ORIENTED_EDGE ( 'NONE', *, *, #2489, .F. ) ;
#8354 = DIRECTION ( 'NONE',  ( 1.703767317533126255E-17, -1.000000000000000000, -1.212737214708384717E-16 ) ) ;
#8355 = ORIENTED_EDGE ( 'NONE', *, *, #10809, .T. ) ;
#8356 = CARTESIAN_POINT ( 'NONE',  ( -15.19990861245377189, 0.2055847700599312267, -0.7999805062271064804 ) ) ;
#8357 = CARTESIAN_POINT ( 'NONE',  ( 3.680600000000002758, 1.903999999999997472, 3.226899999999966795 ) ) ;
#8358 = CARTESIAN_POINT ( 'NONE',  ( 18.50000000000000355, 0.7860311505791948150, -0.1103119923939750446 ) ) ;
#8359 = CARTESIAN_POINT ( 'NONE',  ( -1.236810585075896585, 1.925000000000000044, 7.500000000000095923 ) ) ;
#8360 = VERTEX_POINT ( 'NONE', #1826 ) ;
#8361 = EDGE_CURVE ( 'NONE', #5986, #2944, #7731, .T. ) ;
#8362 = DIRECTION ( 'NONE',  ( -1.000000000000000000, 0.000000000000000000, 6.663069862790423917E-15 ) ) ;
#8363 = CARTESIAN_POINT ( 'NONE',  ( 3.495862002525100376, 1.858999999999996211, 3.628500006000942690 ) ) ;
#8364 = CARTESIAN_POINT ( 'NONE',  ( -18.49882266803161102, 0.4631340119373872355, 0.5256652059912254593 ) ) ;
#8365 = CARTESIAN_POINT ( 'NONE',  ( -0.9999999988406609308, 1.903999999999985482, 13.87500000600095795 ) ) ;
#8366 = ADVANCED_FACE ( 'NONE', ( #1936 ), #6591, .T. ) ;
#8367 = EDGE_CURVE ( 'NONE', #7025, #6220, #6986, .T. ) ;
#8368 = DIRECTION ( 'NONE',  ( -1.000000000000000000, 0.000000000000000000, 0.000000000000000000 ) ) ;
#8369 = ORIENTED_EDGE ( 'NONE', *, *, #5294, .F. ) ;
#8370 = EDGE_CURVE ( 'NONE', #7713, #5512, #2059, .T. ) ;
#8371 = DIRECTION ( 'NONE',  ( 0.000000000000000000, 0.000000000000000000, -1.000000000000000000 ) ) ;
#8372 = CARTESIAN_POINT ( 'NONE',  ( -16.75000000000000000, -0.09363834021709674382, -0.4706390865240331900 ) ) ;
#8373 = CARTESIAN_POINT ( 'NONE',  ( -18.49999999999999645, 0.5598660127472180337, -0.4877237891079490573 ) ) ;
#8374 = CARTESIAN_POINT ( 'NONE',  ( -14.75000000000006573, 2.925000000000000711, 2.500000000000191402 ) ) ;
#8375 = VERTEX_POINT ( 'NONE', #7164 ) ;
#8376 = DIRECTION ( 'NONE',  ( 1.703767317533126255E-17, -1.000000000000000000, -1.212737214708384717E-16 ) ) ;
#8377 = EDGE_CURVE ( 'NONE', #100, #5574, #3397, .T. ) ;
#8378 = ADVANCED_FACE ( 'NONE', ( #10838 ), #9749, .T. ) ;
#8379 = CARTESIAN_POINT ( 'NONE',  ( -2.552244423029835563, 1.925000000000000044, 7.080042615407155182 ) ) ;
#8380 = VERTEX_POINT ( 'NONE', #8248 ) ;
#8381 = CARTESIAN_POINT ( 'NONE',  ( -18.44991409307876751, -0.04860357516367896924, 0.4906874716957338456 ) ) ;
#8382 = DIRECTION ( 'NONE',  ( 1.000000000000000000, 1.011922027653133317E-14, 0.000000000000000000 ) ) ;
#8383 = VERTEX_POINT ( 'NONE', #339 ) ;
#8384 = ORIENTED_EDGE ( 'NONE', *, *, #867, .F. ) ;
#8385 = CARTESIAN_POINT ( 'NONE',  ( 9.999999999999964473, 2.675000000000000266, 7.250000000000017764 ) ) ;
#8386 = CARTESIAN_POINT ( 'NONE',  ( 12.72499999999991438, 1.925000000000000266, 6.275000000000003908 ) ) ;
#8387 = LINE ( 'NONE', #10278, #3506 ) ;
#8388 = EDGE_CURVE ( 'NONE', #7713, #10220, #172, .T. ) ;
#8389 = CARTESIAN_POINT ( 'NONE',  ( -15.19990861245377367, 0.1944152299400692951, -0.7999805062271065914 ) ) ;
#8390 = CARTESIAN_POINT ( 'NONE',  ( 9.502000075373663535, 2.825000000000001510, -2.938336794585587164 ) ) ;
#8391 = VERTEX_POINT ( 'NONE', #8932 ) ;
#8392 = DIRECTION ( 'NONE',  ( 1.047444401652941269E-14, -1.000000000000000000, 3.491481338843170037E-15 ) ) ;
#8393 = CARTESIAN_POINT ( 'NONE',  ( -15.17810536581298386, -0.5601169524739896266, 0.2578545321792529710 ) ) ;
#8394 = DIRECTION ( 'NONE',  ( 1.000000000000000000, 1.060108790874717848E-14, -3.854941057726246577E-15 ) ) ;
#8395 = CARTESIAN_POINT ( 'NONE',  ( 15.00000000000000000, 0.3129999999999998339, 0.4499999999999999001 ) ) ;
#8396 = CIRCLE ( 'NONE', #4839, 0.06000000000000015737 ) ;
#8397 = CYLINDRICAL_SURFACE ( 'NONE', #1714, 0.06000000000000015737 ) ;
#8398 = DIRECTION ( 'NONE',  ( 0.000000000000000000, -1.000000000000000000, 0.000000000000000000 ) ) ;
#8399 = VERTEX_POINT ( 'NONE', #9070 ) ;
#8400 = DIRECTION ( 'NONE',  ( -1.000000000000000000, -1.703767317532268061E-17, 6.911138328291599464E-15 ) ) ;
#8401 = ORIENTED_EDGE ( 'NONE', *, *, #4443, .T. ) ;
#8402 = EDGE_CURVE ( 'NONE', #7402, #2818, #550, .T. ) ;
#8403 = CARTESIAN_POINT ( 'NONE',  ( -4.459454426004141325, 0.6999999999999999556, 6.222026428435437850 ) ) ;
#8404 = DIRECTION ( 'NONE',  ( 0.01745240643728354635, 0.9998476951563911586, 0.000000000000000000 ) ) ;
#8405 = CARTESIAN_POINT ( 'NONE',  ( -3.124999998840633175, 1.784999999999989928, 21.50000000600097039 ) ) ;
#8406 = CIRCLE ( 'NONE', #3370, 4.200000000000000178 ) ;
#8407 = LINE ( 'NONE', #4546, #8694 ) ;
#8408 = CARTESIAN_POINT ( 'NONE',  ( -18.50000000000000000, 0.4472766804341936075, -0.4912781730480663689 ) ) ;
#8409 = ORIENTED_EDGE ( 'NONE', *, *, #7662, .F. ) ;
#8410 = VERTEX_POINT ( 'NONE', #3083 ) ;
#8411 = ADVANCED_FACE ( 'NONE', ( #10314 ), #8871, .T. ) ;
#8412 = EDGE_CURVE ( 'NONE', #5693, #2046, #3129, .T. ) ;
#8413 = PLANE ( 'NONE',  #9030 ) ;
#8414 = ORIENTED_EDGE ( 'NONE', *, *, #2179, .T. ) ;
#8415 = DIRECTION ( 'NONE',  ( -1.000000000000000000, -1.047444401652940007E-14, 3.491481338843121128E-15 ) ) ;
#8416 = CARTESIAN_POINT ( 'NONE',  ( 10.36096059707612227, 2.825000000000001066, -1.622824883036056320 ) ) ;
#8417 = EDGE_CURVE ( 'NONE', #9151, #11042, #6185, .T. ) ;
#8418 = CARTESIAN_POINT ( 'NONE',  ( 16.24999999999999645, 1.000000000000000222, 0.000000000000000000 ) ) ;
#8419 = FACE_OUTER_BOUND ( 'NONE', #7000, .T. ) ;
#8420 = CARTESIAN_POINT ( 'NONE',  ( -14.99537721217443931, 0.4648393371532982821, -0.9981511216785290408 ) ) ;
#8421 = CARTESIAN_POINT ( 'NONE',  ( 4.532310631747492380, -0.8750000000000000000, 6.507728967510384877 ) ) ;
#8422 = LINE ( 'NONE', #8760, #6187 ) ;
#8423 = DIRECTION ( 'NONE',  ( -1.047444401652941269E-14, 1.000000000000000000, -3.491481338843170037E-15 ) ) ;
#8424 = ORIENTED_EDGE ( 'NONE', *, *, #3209, .F. ) ;
#8425 = ORIENTED_EDGE ( 'NONE', *, *, #9039, .T. ) ;
#8426 = ORIENTED_EDGE ( 'NONE', *, *, #1741, .T. ) ;
#8427 = EDGE_CURVE ( 'NONE', #2712, #8317, #5458, .T. ) ;
#8428 = DIRECTION ( 'NONE',  ( 0.0001058369763249489412, 1.212755240074266992E-16, -0.9999999943992671225 ) ) ;
#8429 =( BOUNDED_CURVE ( )  B_SPLINE_CURVE ( 3, ( #111, #1895, #8670, #3724 ),
 .UNSPECIFIED., .F., .F. ) 
 B_SPLINE_CURVE_WITH_KNOTS ( ( 4, 4 ),
 ( 5.497939437029720544, 7.068431177329452808 ),
 .UNSPECIFIED. ) 
 CURVE ( )  GEOMETRIC_REPRESENTATION_ITEM ( )  RATIONAL_B_SPLINE_CURVE ( ( 1.000000000000000000, 0.8048096403827861289, 0.8048096403827861289, 1.000000000000000000 ) ) 
 REPRESENTATION_ITEM ( '' )  );
#8430 = CARTESIAN_POINT ( 'NONE',  ( -18.44992263913666619, -0.04860334875829133705, -0.4906875724859214860 ) ) ;
#8431 = DIRECTION ( 'NONE',  ( -1.703767317533126255E-17, 1.000000000000000000, 1.212737214708384717E-16 ) ) ;
#8432 = TOROIDAL_SURFACE ( 'NONE', #614, 0.2676893682510496086, 0.05999999999999999778 ) ;
#8433 = ADVANCED_FACE ( 'NONE', ( #8558 ), #443, .T. ) ;
#8434 = DIRECTION ( 'NONE',  ( -1.000000000000000000, -1.045399147420153770E-14, 3.491481338956811762E-15 ) ) ;
#8435 = LINE ( 'NONE', #9606, #8969 ) ;
#8436 = DIRECTION ( 'NONE',  ( 1.703767317533126255E-17, -1.000000000000000000, -1.212737214708384717E-16 ) ) ;
#8437 = FACE_OUTER_BOUND ( 'NONE', #4398, .T. ) ;
#8438 = CARTESIAN_POINT ( 'NONE',  ( 14.44745746608289494, 2.825000000000001510, -4.673159471226738582 ) ) ;
#8439 = CARTESIAN_POINT ( 'NONE',  ( -18.45242147944624733, -0.2912418696418146435, 0.2469794143428905020 ) ) ;
#8440 = ADVANCED_FACE ( 'NONE', ( #8419 ), #3804, .T. ) ;
#8441 = DIRECTION ( 'NONE',  ( 0.000000000000000000, 1.000000000000000000, 0.000000000000000000 ) ) ;
#8442 = EDGE_CURVE ( 'NONE', #4554, #333, #5380, .T. ) ;
#8443 = VECTOR ( 'NONE', #1779, 1000.000000000000000 ) ;
#8444 = DIRECTION ( 'NONE',  ( -1.000000000000000000, 0.000000000000000000, 0.000000000000000000 ) ) ;
#8445 = EDGE_CURVE ( 'NONE', #1664, #1621, #8284, .T. ) ;
#8446 = VERTEX_POINT ( 'NONE', #9909 ) ;
#8447 = CARTESIAN_POINT ( 'NONE',  ( 12.77499999999991509, 1.925000000000000266, 6.275000000000003908 ) ) ;
#8448 = FACE_OUTER_BOUND ( 'NONE', #9867, .T. ) ;
#8449 = ORIENTED_EDGE ( 'NONE', *, *, #3311, .T. ) ;
#8450 = VECTOR ( 'NONE', #3034, 1000.000000000000227 ) ;
#8451 = B_SPLINE_CURVE_WITH_KNOTS ( 'NONE', 3,
 ( #2412, #7528, #635, #4947 ),
 .UNSPECIFIED., .F., .F.,
 ( 4, 4 ),
 ( 0.000000000000000000, 0.0002011604525710150929 ),
 .UNSPECIFIED. ) ;
#8452 = CARTESIAN_POINT ( 'NONE',  ( 0.5367585648464934245, 0.7715648913874786352, -7.402552585543553221 ) ) ;
#8453 = CARTESIAN_POINT ( 'NONE',  ( -12.38977695522269507, 1.925000000000000044, 5.480297649229241230 ) ) ;
#8454 = CARTESIAN_POINT ( 'NONE',  ( 13.87794990882726154, -0.8160471443862369334, 3.272864854300782333 ) ) ;
#8455 = DIRECTION ( 'NONE',  ( -0.000000000000000000, -1.000000000000000000, 0.000000000000000000 ) ) ;
#8456 = LINE ( 'NONE', #9647, #1148 ) ;
#8457 = FACE_OUTER_BOUND ( 'NONE', #5446, .T. ) ;
#8458 = AXIS2_PLACEMENT_3D ( 'NONE', #2529, #8455, #11073 ) ;
#8459 = CARTESIAN_POINT ( 'NONE',  ( -15.00000000000000000, 0.3129999999999997784, -0.4500000000000001221 ) ) ;
#8460 = LINE ( 'NONE', #656, #3591 ) ;
#8461 = VERTEX_POINT ( 'NONE', #1389 ) ;
#8462 = CIRCLE ( 'NONE', #2134, 4.750000000000000888 ) ;
#8463 = CARTESIAN_POINT ( 'NONE',  ( -18.45269894033862812, -0.3184047777727230244, -0.2014350940831746983 ) ) ;
#8464 = VERTEX_POINT ( 'NONE', #9032 ) ;
#8465 = CARTESIAN_POINT ( 'NONE',  ( -18.50000000000000000, 0.5204143299231164255, -0.4544655561386418130 ) ) ;
#8466 = CARTESIAN_POINT ( 'NONE',  ( 7.499999999999992895, 1.904000000000026116, -4.857225732735059864E-14 ) ) ;
#8467 = AXIS2_PLACEMENT_3D ( 'NONE', #10212, #10135, #7507 ) ;
#8468 = CARTESIAN_POINT ( 'NONE',  ( 9.502000075373654653, 2.825000000000001510, -4.327032419940912256 ) ) ;
#8469 = FACE_OUTER_BOUND ( 'NONE', #3524, .T. ) ;
#8470 = CARTESIAN_POINT ( 'NONE',  ( 12.85975103337103320, 2.925000000000001599, -0.8495620197742476121 ) ) ;
#8471 = EDGE_LOOP ( 'NONE', ( #9078, #5766, #3742, #7178 ) ) ;
#8472 = CIRCLE ( 'NONE', #8115, 0.06000000000000015737 ) ;
#8473 = ORIENTED_EDGE ( 'NONE', *, *, #5547, .F. ) ;
#8474 = EDGE_LOOP ( 'NONE', ( #7706 ) ) ;
#8475 = ORIENTED_EDGE ( 'NONE', *, *, #4861, .T. ) ;
#8476 = CARTESIAN_POINT ( 'NONE',  ( -1.120353428614623947, 1.866047144386237422, 7.360935792454062820 ) ) ;
#8477 = CARTESIAN_POINT ( 'NONE',  ( -0.8860207152530698016, 1.125000000000000222, 7.400000000000092726 ) ) ;
#8478 = PLANE ( 'NONE',  #2927 ) ;
#8479 = AXIS2_PLACEMENT_3D ( 'NONE', #269, #8731, #8798 ) ;
#8480 = PLANE ( 'NONE',  #1110 ) ;
#8481 = CARTESIAN_POINT ( 'NONE',  ( -15.18395443985294158, -0.5367959189816394749, 0.3186182795312069715 ) ) ;
#8482 = CARTESIAN_POINT ( 'NONE',  ( -18.49999999999983302, -0.2112386849051555715, -0.3795727862564461375 ) ) ;
#8483 = ADVANCED_FACE ( 'NONE', ( #6042 ), #10585, .T. ) ;
#8484 = CARTESIAN_POINT ( 'NONE',  ( 14.88993384166377254, 2.885473220300735164, -0.8487996914434807749 ) ) ;
#8485 = EDGE_CURVE ( 'NONE', #5998, #1402, #4471, .T. ) ;
#8486 = FACE_OUTER_BOUND ( 'NONE', #6495, .T. ) ;
#8487 = ORIENTED_EDGE ( 'NONE', *, *, #4050, .T. ) ;
#8488 = ORIENTED_EDGE ( 'NONE', *, *, #10106, .T. ) ;
#8489 = ORIENTED_EDGE ( 'NONE', *, *, #6037, .F. ) ;
#8490 = DIRECTION ( 'NONE',  ( -1.000000000000000000, -1.301042606982605321E-16, 0.000000000000000000 ) ) ;
#8491 = DIRECTION ( 'NONE',  ( -1.000000000000000000, -1.047444401652940007E-14, 3.636041628507854921E-15 ) ) ;
#8492 = CARTESIAN_POINT ( 'NONE',  ( -18.50000000000000000, -0.3499999999999998668, 0.1129691451777591615 ) ) ;
#8493 = VERTEX_POINT ( 'NONE', #8229 ) ;
#8494 = CARTESIAN_POINT ( 'NONE',  ( 0.7087235310736331728, 0.1895890986109813880, -7.500181722959706754 ) ) ;
#8495 = DIRECTION ( 'NONE',  ( 0.000000000000000000, 0.000000000000000000, 1.000000000000000000 ) ) ;
#8496 = CARTESIAN_POINT ( 'NONE',  ( 11.73207028027912102, 2.825000000000001510, -4.327032419940928243 ) ) ;
#8497 = VECTOR ( 'NONE', #5505, 1000.000000000000000 ) ;
#8498 = PRODUCT_DEFINITION_FORMATION_WITH_SPECIFIED_SOURCE ( 'ANY', '', #8242, .NOT_KNOWN. ) ;
#8499 = CARTESIAN_POINT ( 'NONE',  ( -14.99999999999999822, 0.1619999999999989782, -0.4500000000000000666 ) ) ;
#8500 = EDGE_CURVE ( 'NONE', #3306, #766, #8579, .T. ) ;
#8501 = ORIENTED_EDGE ( 'NONE', *, *, #4414, .T. ) ;
#8502 = ADVANCED_FACE ( 'NONE', ( #10179 ), #297, .F. ) ;
#8503 = ORIENTED_EDGE ( 'NONE', *, *, #226, .F. ) ;
#8504 = EDGE_CURVE ( 'NONE', #8091, #107, #6692, .T. ) ;
#8505 = ADVANCED_FACE ( 'NONE', ( #10457 ), #5021, .F. ) ;
#8506 = ORIENTED_EDGE ( 'NONE', *, *, #3112, .T. ) ;
#8507 = CARTESIAN_POINT ( 'NONE',  ( 7.271929870468187396, 2.825000000000001510, -4.327032419940897157 ) ) ;
#8508 = DIRECTION ( 'NONE',  ( -1.000000000000000000, 0.000000000000000000, 6.863406560351606214E-15 ) ) ;
#8509 = CARTESIAN_POINT ( 'NONE',  ( 0.6077289675089327936, -0.8750000000000000000, 6.767689368251048165 ) ) ;
#8510 = B_SPLINE_CURVE_WITH_KNOTS ( 'NONE', 3,
 ( #10807, #9907, #7321, #4012, #4805, #508, #5593, #3119, #7254, #3013 ),
 .UNSPECIFIED., .F., .F.,
 ( 4, 2, 2, 2, 4 ),
 ( -1.000000000000000000, -0.7500000000000000000, -0.5000000000000000000, -0.2499999999999997780, -0.000000000000000000 ),
 .UNSPECIFIED. ) ;
#8511 = CARTESIAN_POINT ( 'NONE',  ( 2.303138890782218340, 1.925000000000000266, 5.671730273688504909 ) ) ;
#8512 = DIRECTION ( 'NONE',  ( 6.938893903907222067E-15, 0.000000000000000000, 1.000000000000000000 ) ) ;
#8513 = EDGE_CURVE ( 'NONE', #9735, #8755, #1658, .T. ) ;
#8514 = ORIENTED_EDGE ( 'NONE', *, *, #6297, .F. ) ;
#8515 = CARTESIAN_POINT ( 'NONE',  ( 18.45084524250228952, -0.1387939518313554832, 0.4439406689281187868 ) ) ;
#8516 = DIRECTION ( 'NONE',  ( -1.000000000000000000, -0.000000000000000000, 2.891205793294680298E-16 ) ) ;
#8517 = CARTESIAN_POINT ( 'NONE',  ( 1.597455154124163279, -0.8749999999999998890, 4.517429646614707472 ) ) ;
#8518 = CARTESIAN_POINT ( 'NONE',  ( -13.21716333698683066, 1.925000000000000044, 5.509150635094787418 ) ) ;
#8519 = EDGE_CURVE ( 'NONE', #2573, #1719, #4190, .T. ) ;
#8520 = DIRECTION ( 'NONE',  ( 1.000000000000000000, 0.000000000000000000, 7.228014483236781950E-15 ) ) ;
#8521 = ORIENTED_EDGE ( 'NONE', *, *, #633, .F. ) ;
#8522 = ORIENTED_EDGE ( 'NONE', *, *, #1405, .T. ) ;
#8523 = DIRECTION ( 'NONE',  ( -0.000000000000000000, -1.000000000000000000, 0.000000000000000000 ) ) ;
#8524 = DIRECTION ( 'NONE',  ( -1.000000000000000000, 0.000000000000000000, 0.000000000000000000 ) ) ;
#8525 = CARTESIAN_POINT ( 'NONE',  ( -15.00000000000000000, -0.1400000000000001243, -0.3000000000000002109 ) ) ;
#8526 = VECTOR ( 'NONE', #6246, 1000.000000000000114 ) ;
#8527 = CARTESIAN_POINT ( 'NONE',  ( 8.911995110095148220, 2.825000000000001066, -1.735590392118734115 ) ) ;
#8528 = AXIS2_PLACEMENT_3D ( 'NONE', #3087, #9814, #10812 ) ;
#8529 = DIRECTION ( 'NONE',  ( 0.000000000000000000, 1.000000000000000000, 0.000000000000000000 ) ) ;
#8530 = VERTEX_POINT ( 'NONE', #2238 ) ;
#8531 = ORIENTED_EDGE ( 'NONE', *, *, #4272, .T. ) ;
#8532 = AXIS2_PLACEMENT_3D ( 'NONE', #1663, #10184, #5029 ) ;
#8533 = ADVANCED_FACE ( 'NONE', ( #8957 ), #9359, .T. ) ;
#8534 = CARTESIAN_POINT ( 'NONE',  ( 0.6525000011593495852, 1.859000000000009090, 15.78258659774595785 ) ) ;
#8535 = VECTOR ( 'NONE', #9976, 1000.000000000000000 ) ;
#8536 = DIRECTION ( 'NONE',  ( -1.000000000000000000, -1.047444401652940007E-14, 3.491481338843121128E-15 ) ) ;
#8537 = DIRECTION ( 'NONE',  ( -1.047444401652941269E-14, 1.000000000000000000, -3.491481338843170037E-15 ) ) ;
#8538 = CARTESIAN_POINT ( 'NONE',  ( 3.241535907754343970, 1.704999999999996296, 4.226900001647722505 ) ) ;
#8539 = CARTESIAN_POINT ( 'NONE',  ( -18.49999999999999289, 0.4493948996499362303, -0.4902028414578989413 ) ) ;
#8540 = ORIENTED_EDGE ( 'NONE', *, *, #9539, .F. ) ;
#8541 = CARTESIAN_POINT ( 'NONE',  ( -0.9999999988406955698, 1.903999999999952619, 4.426800006000958021 ) ) ;
#8542 = ORIENTED_EDGE ( 'NONE', *, *, #8740, .F. ) ;
#8543 = EDGE_CURVE ( 'NONE', #314, #3479, #5632, .T. ) ;
#8544 = VECTOR ( 'NONE', #501, 1000.000000000000114 ) ;
#8545 = CARTESIAN_POINT ( 'NONE',  ( -1.230336675081826980, 1.925000000000000266, 7.410928177211881795 ) ) ;
#8546 = CARTESIAN_POINT ( 'NONE',  ( 9.999999999999964473, 2.925000000000000711, 7.250000000000015987 ) ) ;
#8547 = CONICAL_SURFACE ( 'NONE', #3596, 0.1999999999999996503, 0.01745329251994333364 ) ;
#8548 = CARTESIAN_POINT ( 'NONE',  ( 0.8676894088716085029, -0.8749999999999998890, 5.221266504751636894 ) ) ;
#8549 = ADVANCED_FACE ( 'NONE', ( #9902 ), #1655, .F. ) ;
#8550 = DIRECTION ( 'NONE',  ( -1.000000000000000000, 0.000000000000000000, 8.673617379884035472E-15 ) ) ;
#8551 = AXIS2_PLACEMENT_3D ( 'NONE', #5115, #5896, #6753 ) ;
#8552 = CARTESIAN_POINT ( 'NONE',  ( 15.00000000000000000, -0.1400000000000001243, -0.4500000000000000666 ) ) ;
#8553 = CARTESIAN_POINT ( 'NONE',  ( -18.45159516495838048, -0.2104117186739316581, -0.3779674820933173751 ) ) ;
#8554 = ADVANCED_FACE ( 'NONE', ( #7913 ), #2403, .T. ) ;
#8555 = ORIENTED_EDGE ( 'NONE', *, *, #8442, .F. ) ;
#8556 = VERTEX_POINT ( 'NONE', #7473 ) ;
#8557 = CARTESIAN_POINT ( 'NONE',  ( -18.50000000000000000, 0.3001520635579998930, -0.6185723780449042808 ) ) ;
#8558 = FACE_OUTER_BOUND ( 'NONE', #2030, .T. ) ;
#8559 = CC_DESIGN_PERSON_AND_ORGANIZATION_ASSIGNMENT ( #4155, #10867, ( #1089 ) ) ;
#8560 = VECTOR ( 'NONE', #4604, 1000.000000000000000 ) ;
#8561 = CARTESIAN_POINT ( 'NONE',  ( 1.149999999999991251, 1.903999999999961279, 0.4999999999999761302 ) ) ;
#8562 = CARTESIAN_POINT ( 'NONE',  ( -18.50000000000000355, -0.1204143299231160008, 0.4544655561386420350 ) ) ;
#8563 = ORIENTED_EDGE ( 'NONE', *, *, #7226, .T. ) ;
#8564 = EDGE_CURVE ( 'NONE', #482, #3265, #3676, .T. ) ;
#8565 = CARTESIAN_POINT ( 'NONE',  ( 0.6881014280697739238, 1.878094153971805458, -7.470708757586759674 ) ) ;
#8566 = EDGE_LOOP ( 'NONE', ( #7656, #9504, #1390, #4193 ) ) ;
#8567 = DIRECTION ( 'NONE',  ( 6.911138328291599464E-15, -1.212737214708358339E-16, 1.000000000000000000 ) ) ;
#8568 = CARTESIAN_POINT ( 'NONE',  ( -6.500000000000063061, 2.925000000000000711, 0.3000000000001334932 ) ) ;
#8569 = VERTEX_POINT ( 'NONE', #4940 ) ;
#8570 = VECTOR ( 'NONE', #6363, 1000.000000000000000 ) ;
#8571 = LINE ( 'NONE', #8468, #44 ) ;
#8572 =( BOUNDED_CURVE ( )  B_SPLINE_CURVE ( 3, ( #5971, #10530, #1175, #1129 ),
 .UNSPECIFIED., .F., .F. ) 
 B_SPLINE_CURVE_WITH_KNOTS ( ( 4, 4 ),
 ( 1.570796326794896780, 4.712388980384689674 ),
 .UNSPECIFIED. ) 
 CURVE ( )  GEOMETRIC_REPRESENTATION_ITEM ( )  RATIONAL_B_SPLINE_CURVE ( ( 1.000000000000000000, 0.3333333333333333703, 0.3333333333333333703, 1.000000000000000000 ) ) 
 REPRESENTATION_ITEM ( '' )  );
#8573 = CARTESIAN_POINT ( 'NONE',  ( -15.00000000000000000, 0.3129999999999997784, -0.4500000000000001221 ) ) ;
#8574 = ORIENTED_EDGE ( 'NONE', *, *, #8543, .F. ) ;
#8575 = CARTESIAN_POINT ( 'NONE',  ( 18.48658858353613255, 0.4523962849565179578, 0.5044829975941999001 ) ) ;
#8576 = EDGE_CURVE ( 'NONE', #8360, #10607, #1838, .T. ) ;
#8577 = ORIENTED_EDGE ( 'NONE', *, *, #7435, .F. ) ;
#8578 = CARTESIAN_POINT ( 'NONE',  ( 18.49999999999787192, -0.1323064674617122627, 0.4484719744224628379 ) ) ;
#8579 = B_SPLINE_CURVE_WITH_KNOTS ( 'NONE', 3,
 ( #7557, #2366, #1544, #736, #6586, #10885, #2476, #8291, #4187, #8395 ),
 .UNSPECIFIED., .F., .F.,
 ( 4, 2, 2, 2, 4 ),
 ( -1.000000000000000000, -0.7500000000000000000, -0.5000000000000000000, -0.2500000000000000000, -0.000000000000000000 ),
 .UNSPECIFIED. ) ;
#8580 = CARTESIAN_POINT ( 'NONE',  ( -12.75000000000012257, 1.925000000000001377, -5.749999999999825029 ) ) ;
#8581 = DIRECTION ( 'NONE',  ( 0.000000000000000000, 0.000000000000000000, 1.000000000000000000 ) ) ;
#8582 = CARTESIAN_POINT ( 'NONE',  ( 15.18775071981382041, -0.3628049323430355688, 0.6442317137856362619 ) ) ;
#8583 = CIRCLE ( 'NONE', #3147, 0.4500000000000007327 ) ;
#8584 = ORIENTED_EDGE ( 'NONE', *, *, #4718, .T. ) ;
#8585 = VECTOR ( 'NONE', #2961, 1000.000000000000000 ) ;
#8586 = ORIENTED_EDGE ( 'NONE', *, *, #5531, .F. ) ;
#8587 = VECTOR ( 'NONE', #3555, 1000.000000000000000 ) ;
#8588 = DIRECTION ( 'NONE',  ( 0.000000000000000000, -1.000000000000000000, 0.000000000000000000 ) ) ;
#8589 = EDGE_CURVE ( 'NONE', #10888, #10783, #5094, .T. ) ;
#8590 = EDGE_CURVE ( 'NONE', #1684, #1153, #7104, .T. ) ;
#8591 = CARTESIAN_POINT ( 'NONE',  ( 8.911995110095148220, 2.825000000000001066, -1.735590392118734115 ) ) ;
#8592 = CARTESIAN_POINT ( 'NONE',  ( -14.99996953439121761, 0.1999999999999999833, -2.517454373653922328 ) ) ;
#8593 = LINE ( 'NONE', #2205, #3162 ) ;
#8594 = DIRECTION ( 'NONE',  ( 1.000000000000000000, 1.040834085586094196E-14, -3.469446951953647321E-15 ) ) ;
#8595 = LINE ( 'NONE', #8264, #8861 ) ;
#8596 = CARTESIAN_POINT ( 'NONE',  ( -18.45299370467787625, -0.3470936035034445921, -0.1030034980619163598 ) ) ;
#8597 = CIRCLE ( 'NONE', #1080, 0.1999999999999996503 ) ;
#8598 = ADVANCED_FACE ( 'NONE', ( #833 ), #5189, .F. ) ;
#8599 = VERTEX_POINT ( 'NONE', #2715 ) ;
#8600 = DIRECTION ( 'NONE',  ( -1.703767317533126255E-17, 1.000000000000000000, 1.212737214708384717E-16 ) ) ;
#8601 = LINE ( 'NONE', #8216, #5803 ) ;
#8602 = EDGE_LOOP ( 'NONE', ( #6552, #10132, #9816 ) ) ;
#8603 = DIRECTION ( 'NONE',  ( -1.000000000000000000, 0.000000000000000000, 0.000000000000000000 ) ) ;
#8604 = CIRCLE ( 'NONE', #5334, 1.030563360842449594 ) ;
#8605 = CARTESIAN_POINT ( 'NONE',  ( 0.8999999999999998002, 1.903999999999966386, 2.726800000555862358 ) ) ;
#8606 = AXIS2_PLACEMENT_3D ( 'NONE', #1372, #6461, #10683 ) ;
#8607 = EDGE_CURVE ( 'NONE', #7794, #3055, #7348, .T. ) ;
#8608 = CARTESIAN_POINT ( 'NONE',  ( -7.500000000000007105, 1.903999999999870907, 0.5000000000000038858 ) ) ;
#8609 = LINE ( 'NONE', #3873, #7531 ) ;
#8610 = DIRECTION ( 'NONE',  ( -1.000000000000000000, 0.000000000000000000, 6.911138328291559232E-15 ) ) ;
#8611 = AXIS2_PLACEMENT_3D ( 'NONE', #3264, #9181, #10139 ) ;
#8612 = DIRECTION ( 'NONE',  ( 0.000000000000000000, 1.000000000000000000, 0.000000000000000000 ) ) ;
#8613 = ORIENTED_EDGE ( 'NONE', *, *, #3536, .F. ) ;
#8614 = VERTEX_POINT ( 'NONE', #10296 ) ;
#8615 = VERTEX_POINT ( 'NONE', #9337 ) ;
#8616 = VERTEX_POINT ( 'NONE', #2686 ) ;
#8617 = CARTESIAN_POINT ( 'NONE',  ( 1.209651652024171131, 0.6810029670817305814, 7.491604061978920370 ) ) ;
#8618 = VECTOR ( 'NONE', #7268, 1000.000000000000114 ) ;
#8619 = ORIENTED_EDGE ( 'NONE', *, *, #9357, .F. ) ;
#8620 = DIRECTION ( 'NONE',  ( -1.000000000000000000, 0.000000000000000000, 6.936764332878106497E-15 ) ) ;
#8621 = ADVANCED_FACE ( 'NONE', ( #6832 ), #6851, .F. ) ;
#8622 = ADVANCED_FACE ( 'NONE', ( #9622 ), #7769, .F. ) ;
#8623 = DIRECTION ( 'NONE',  ( -0.01745240643728354635, -0.9998476951563911586, 0.000000000000000000 ) ) ;
#8624 = LINE ( 'NONE', #10910, #8886 ) ;
#8625 = DIRECTION ( 'NONE',  ( 0.000000000000000000, 0.000000000000000000, -1.000000000000000000 ) ) ;
#8626 = ORIENTED_EDGE ( 'NONE', *, *, #1915, .T. ) ;
#8627 = ORIENTED_EDGE ( 'NONE', *, *, #10133, .F. ) ;
#8628 = ORIENTED_EDGE ( 'NONE', *, *, #2038, .F. ) ;
#8629 = EDGE_CURVE ( 'NONE', #1835, #4195, #9892, .T. ) ;
#8630 = DIRECTION ( 'NONE',  ( -1.000000000000000000, 0.000000000000000000, 6.938893903907245733E-15 ) ) ;
#8631 = CARTESIAN_POINT ( 'NONE',  ( 14.98618483821216252, 0.9914700887480782932, -0.6209558092336513457 ) ) ;
#8632 = ORIENTED_EDGE ( 'NONE', *, *, #7300, .T. ) ;
#8633 = CARTESIAN_POINT ( 'NONE',  ( 13.87794990882726154, -0.8149999999999999467, 3.480563360842449327 ) ) ;
#8634 = DIRECTION ( 'NONE',  ( 0.9998476951563912696, -0.01745240643728350471, 0.000000000000000000 ) ) ;
#8635 = AXIS2_PLACEMENT_3D ( 'NONE', #4629, #4586, #10583 ) ;
#8636 = DIRECTION ( 'NONE',  ( 0.000000000000000000, 0.000000000000000000, 1.000000000000000000 ) ) ;
#8637 = LINE ( 'NONE', #4248, #8770 ) ;
#8638 = CARTESIAN_POINT ( 'NONE',  ( 18.50000000000000000, 0.5204143299231164255, -0.4544655561386418130 ) ) ;
#8639 = ORIENTED_EDGE ( 'NONE', *, *, #10312, .F. ) ;
#8640 = CARTESIAN_POINT ( 'NONE',  ( -9.999999999999998224, 1.865000000000000435, -7.410928177211881795 ) ) ;
#8641 = ORIENTED_EDGE ( 'NONE', *, *, #6936, .F. ) ;
#8642 = CARTESIAN_POINT ( 'NONE',  ( -12.77499999999999858, 1.924999999999999822, 6.275000000000182432 ) ) ;
#8643 = DIRECTION ( 'NONE',  ( -1.000000000000000000, 5.016206556063431720E-27, -3.469975446021232397E-13 ) ) ;
#8644 = ORIENTED_EDGE ( 'NONE', *, *, #9381, .F. ) ;
#8645 = CARTESIAN_POINT ( 'NONE',  ( -18.49541036469773658, -0.06140287774525991782, -0.5159316005304709352 ) ) ;
#8646 = EDGE_CURVE ( 'NONE', #8375, #10580, #10701, .T. ) ;
#8647 = DIRECTION ( 'NONE',  ( 1.000000000000000000, 1.047444401652940007E-14, -3.491481338843121522E-15 ) ) ;
#8648 = CARTESIAN_POINT ( 'NONE',  ( 18.45573908839326549, 0.7141447256635260477, 0.2061008172240574865 ) ) ;
#8649 = EDGE_CURVE ( 'NONE', #5861, #7745, #5624, .T. ) ;
#8650 = EDGE_LOOP ( 'NONE', ( #1406, #616, #9958, #183 ) ) ;
#8651 = PLANE ( 'NONE',  #2078 ) ;
#8652 = EDGE_CURVE ( 'NONE', #10643, #10524, #10446, .T. ) ;
#8653 = DIRECTION ( 'NONE',  ( 0.000000000000000000, 0.000000000000000000, -1.000000000000000000 ) ) ;
#8654 = DIRECTION ( 'NONE',  ( 1.000000000000000000, 1.046356643376643256E-14, -3.491469276352251209E-15 ) ) ;
#8655 = ORIENTED_EDGE ( 'NONE', *, *, #10942, .T. ) ;
#8656 = CARTESIAN_POINT ( 'NONE',  ( 18.50000000000000000, -0.3971367803559319176, 0.05577505662739571518 ) ) ;
#8657 = B_SPLINE_CURVE_WITH_KNOTS ( 'NONE', 3,
 ( #6507, #7431, #3141, #8279 ),
 .UNSPECIFIED., .F., .F.,
 ( 4, 4 ),
 ( 0.000000000000000000, 6.980962574913403620E-06 ),
 .UNSPECIFIED. ) ;
#8658 = CARTESIAN_POINT ( 'NONE',  ( 14.98641190291875347, 0.9784615604160348257, -0.2128583303102143109 ) ) ;
#8659 = CARTESIAN_POINT ( 'NONE',  ( -14.78469635257902581, -0.6750000000000000444, 0.000000000000000000 ) ) ;
#8660 = CARTESIAN_POINT ( 'NONE',  ( 1.210873104725004312, 0.7509800222383037349, 7.490382607937678294 ) ) ;
#8661 = CARTESIAN_POINT ( 'NONE',  ( 8.724612979387371681, 2.925000000000001599, -2.001666843026920883 ) ) ;
#8662 = EDGE_CURVE ( 'NONE', #4324, #6179, #9072, .T. ) ;
#8663 = APPROVAL_PERSON_ORGANIZATION ( #1488, #10792, #2423 ) ;
#8664 = DIRECTION ( 'NONE',  ( 1.047444401652941269E-14, -1.000000000000000000, 3.491481338843170037E-15 ) ) ;
#8665 = CARTESIAN_POINT ( 'NONE',  ( -14.98466589161030349, -0.6784904812874567037, 0.000000000000000000 ) ) ;
#8666 = ADVANCED_FACE ( 'NONE', ( #7093 ), #6424, .T. ) ;
#8667 = CARTESIAN_POINT ( 'NONE',  ( 7.499960716495047031, 1.904000000000046322, 5.749969997074899197 ) ) ;
#8668 = ORIENTED_EDGE ( 'NONE', *, *, #10546, .F. ) ;
#8669 = DIRECTION ( 'NONE',  ( 0.000000000000000000, 0.000000000000000000, 1.000000000000000000 ) ) ;
#8670 = CARTESIAN_POINT ( 'NONE',  ( 0.7171772930305676530, -0.3749999999999999445, 6.699999999999999289 ) ) ;
#8671 = ADVANCED_FACE ( 'NONE', ( #9210, #542 ), #3459, .T. ) ;
#8672 = EDGE_CURVE ( 'NONE', #6948, #7509, #5761, .T. ) ;
#8673 = DIRECTION ( 'NONE',  ( -1.000000000000000000, 0.000000000000000000, -8.673617379884030739E-15 ) ) ;
#8674 = CARTESIAN_POINT ( 'NONE',  ( -7.500000000000007105, 1.903999999999870907, 0.5000000000000038858 ) ) ;
#8675 = FACE_OUTER_BOUND ( 'NONE', #9736, .T. ) ;
#8676 = AXIS2_PLACEMENT_3D ( 'NONE', #7682, #819, #8404 ) ;
#8677 = DIRECTION ( 'NONE',  ( -1.703767317533126255E-17, 1.000000000000000000, 1.212737214708384717E-16 ) ) ;
#8678 = ORIENTED_EDGE ( 'NONE', *, *, #8202, .T. ) ;
#8679 = DIRECTION ( 'NONE',  ( 1.000000000000000000, 0.000000000000000000, 0.000000000000000000 ) ) ;
#8680 = CARTESIAN_POINT ( 'NONE',  ( 1.271474807068422308, 1.925000000000000044, 7.500000000000079048 ) ) ;
#8681 = CARTESIAN_POINT ( 'NONE',  ( 1.118999926699133951, 0.5919197647081010372, 7.493159015060366634 ) ) ;
#8682 = VECTOR ( 'NONE', #1046, 1000.000000000000000 ) ;
#8683 = TOROIDAL_SURFACE ( 'NONE', #4567, 4.267689368251046389, 0.05999999999999999778 ) ;
#8684 = AXIS2_PLACEMENT_3D ( 'NONE', #7298, #10654, #3090 ) ;
#8685 = ORIENTED_EDGE ( 'NONE', *, *, #900, .T. ) ;
#8686 = CARTESIAN_POINT ( 'NONE',  ( 12.33631939038320802, 1.925000000000001821, -5.572888867579736782 ) ) ;
#8687 = ORIENTED_EDGE ( 'NONE', *, *, #7356, .F. ) ;
#8688 = CARTESIAN_POINT ( 'NONE',  ( -15.19990861245377189, 0.1944152299400683792, 0.7999805062271064804 ) ) ;
#8689 = DIRECTION ( 'NONE',  ( -1.000000000000000000, 0.000000000000000000, 0.000000000000000000 ) ) ;
#8690 = VECTOR ( 'NONE', #8215, 1000.000000000000114 ) ;
#8691 = CARTESIAN_POINT ( 'NONE',  ( 15.18483067352149085, 0.8966364043808462414, -0.4073434816559028948 ) ) ;
#8692 = DIRECTION ( 'NONE',  ( 1.703767317533126255E-17, -1.000000000000000000, -1.212737214708384717E-16 ) ) ;
#8693 = CARTESIAN_POINT ( 'NONE',  ( 1.049659615087913389, 0.7120518000222330057, 7.491062102583984306 ) ) ;
#8694 = VECTOR ( 'NONE', #3749, 1000.000000000000227 ) ;
#8695 = DIRECTION ( 'NONE',  ( 0.3420201433256634393, -1.081327937400309762E-16, 0.9396926207859103153 ) ) ;
#8696 = AXIS2_PLACEMENT_3D ( 'NONE', #9217, #9333, #7583 ) ;
#8697 = ORIENTED_EDGE ( 'NONE', *, *, #6255, .F. ) ;
#8698 = ORIENTED_EDGE ( 'NONE', *, *, #5596, .T. ) ;
#8699 = ORIENTED_EDGE ( 'NONE', *, *, #10753, .F. ) ;
#8700 = EDGE_CURVE ( 'NONE', #2944, #766, #2863, .T. ) ;
#8701 = CARTESIAN_POINT ( 'NONE',  ( -3.124999998840633175, 1.823999999999989852, 21.50000000600097039 ) ) ;
#8702 = CARTESIAN_POINT ( 'NONE',  ( -9.999999999999998224, 0.1999999999999999833, 2.499999999999999556 ) ) ;
#8703 = VECTOR ( 'NONE', #8870, 1000.000000000000000 ) ;
#8704 = CARTESIAN_POINT ( 'NONE',  ( 16.75000000000000000, -0.09363834021709674382, -0.4706390865240331900 ) ) ;
#8705 = AXIS2_PLACEMENT_3D ( 'NONE', #7299, #2382, #2227 ) ;
#8706 = VECTOR ( 'NONE', #6937, 1000.000000000000000 ) ;
#8707 = DIRECTION ( 'NONE',  ( -1.000000000000000000, -1.703767317532268061E-17, 6.911138328291599464E-15 ) ) ;
#8708 = DIRECTION ( 'NONE',  ( -0.4999999999999629186, -1.135449601928851307E-16, 0.8660254037844600239 ) ) ;
#8709 = CARTESIAN_POINT ( 'NONE',  ( -15.19990861245377367, 0.2069809625749134407, -0.9999756327838832393 ) ) ;
#8710 = ORIENTED_EDGE ( 'NONE', *, *, #4520, .T. ) ;
#8711 = ORIENTED_EDGE ( 'NONE', *, *, #6107, .F. ) ;
#8712 = CARTESIAN_POINT ( 'NONE',  ( 0.8053719115214839075, -0.6827566050330495795, 5.431651129983805504 ) ) ;
#8713 = ORIENTED_EDGE ( 'NONE', *, *, #5736, .T. ) ;
#8714 = AXIS2_PLACEMENT_3D ( 'NONE', #500, #2198, #3895 ) ;
#8715 = EDGE_CURVE ( 'NONE', #9888, #293, #9348, .T. ) ;
#8716 = VECTOR ( 'NONE', #2196, 1000.000000000000000 ) ;
#8717 = DIRECTION ( 'NONE',  ( -3.491481338843084446E-15, -3.491481338843206719E-15, -1.000000000000000000 ) ) ;
#8718 = FACE_OUTER_BOUND ( 'NONE', #1178, .T. ) ;
#8719 = FACE_OUTER_BOUND ( 'NONE', #4881, .T. ) ;
#8720 = UNCERTAINTY_MEASURE_WITH_UNIT (LENGTH_MEASURE( 1.000000000000000082E-05 ), #9054, 'distance_accuracy_value', 'NONE');
#8721 = DIRECTION ( 'NONE',  ( -1.703767317533126255E-17, 1.000000000000000000, 1.212737214708384717E-16 ) ) ;
#8722 = CARTESIAN_POINT ( 'NONE',  ( -0.6524999988406932072, 1.858999999999952912, 3.628500006000960010 ) ) ;
#8723 = CARTESIAN_POINT ( 'NONE',  ( -14.99993907342249422, 0.2034904812874566982, 0.9999756327838832393 ) ) ;
#8724 = ADVANCED_FACE ( 'NONE', ( #423 ), #4559, .T. ) ;
#8725 = CIRCLE ( 'NONE', #1063, 0.2000000000000000666 ) ;
#8726 = ADVANCED_FACE ( 'NONE', ( #4178, #7221 ), #7898, .T. ) ;
#8727 = ORIENTED_EDGE ( 'NONE', *, *, #5778, .F. ) ;
#8728 = VECTOR ( 'NONE', #5032, 1000.000000000000114 ) ;
#8729 = ORIENTED_EDGE ( 'NONE', *, *, #2611, .T. ) ;
#8730 = VECTOR ( 'NONE', #7621, 1000.000000000000227 ) ;
#8731 = DIRECTION ( 'NONE',  ( -1.703767317533126255E-17, 1.000000000000000000, 1.212737214708384717E-16 ) ) ;
#8732 = EDGE_CURVE ( 'NONE', #9910, #1577, #4461, .T. ) ;
#8733 = B_SPLINE_CURVE_WITH_KNOTS ( 'NONE', 3,
 ( #5845, #5018, #7555, #6687, #5909, #1617, #2551, #8393, #8481, #3339 ),
 .UNSPECIFIED., .F., .F.,
 ( 4, 2, 2, 2, 4 ),
 ( 0.000000000000000000, 0.0001958500773714245784, 0.0003917001547428491568, 0.0005875502321142737081, 0.0007834003094856983136 ),
 .UNSPECIFIED. ) ;
#8734 = DIRECTION ( 'NONE',  ( -1.703767317533126255E-17, 1.000000000000000000, 1.212737214708384717E-16 ) ) ;
#8735 = CARTESIAN_POINT ( 'NONE',  ( 14.98140204082529792, -0.7125678807789022073, -0.3223550540981037771 ) ) ;
#8736 = CARTESIAN_POINT ( 'NONE',  ( 1.500000001159347285, 1.859000000000016195, 15.32600000600095314 ) ) ;
#8737 = DIRECTION ( 'NONE',  ( 6.997874502090439819E-15, -1.212737214708358339E-16, 1.000000000000000000 ) ) ;
#8738 = VECTOR ( 'NONE', #8647, 1000.000000000000000 ) ;
#8739 = VECTOR ( 'NONE', #9799, 1000.000000000000227 ) ;
#8740 = EDGE_CURVE ( 'NONE', #10694, #4102, #8150, .T. ) ;
#8741 = ORIENTED_EDGE ( 'NONE', *, *, #4595, .T. ) ;
#8742 = VERTEX_POINT ( 'NONE', #8816 ) ;
#8743 = FACE_BOUND ( 'NONE', #1603, .T. ) ;
#8744 = AXIS2_PLACEMENT_3D ( 'NONE', #6431, #3038, #1343 ) ;
#8745 = VERTEX_POINT ( 'NONE', #3622 ) ;
#8746 = CARTESIAN_POINT ( 'NONE',  ( 0.6397769552225641698, 1.925000000000001821, -6.530297649228977264 ) ) ;
#8747 = CARTESIAN_POINT ( 'NONE',  ( 15.20003046560878168, 0.2000000000000000389, 0.8000000000000000444 ) ) ;
#8748 = CARTESIAN_POINT ( 'NONE',  ( -13.87794990882725621, -0.8160471443862369334, 3.272864854300782333 ) ) ;
#8749 = CARTESIAN_POINT ( 'NONE',  ( -18.44993974253575786, -0.04860289564859441441, -0.4906877741993691533 ) ) ;
#8750 = CIRCLE ( 'NONE', #10137, 5.000000000000000888 ) ;
#8751 = AXIS2_PLACEMENT_3D ( 'NONE', #4570, #10565, #5340 ) ;
#8752 = EDGE_LOOP ( 'NONE', ( #7388, #2295, #6545, #8409 ) ) ;
#8753 = EDGE_LOOP ( 'NONE', ( #3590, #1982, #6303, #9520 ) ) ;
#8754 = ORIENTED_EDGE ( 'NONE', *, *, #1657, .T. ) ;
#8755 = VERTEX_POINT ( 'NONE', #4531 ) ;
#8756 = CARTESIAN_POINT ( 'NONE',  ( 3.680600000015937567, 1.704999999999996518, 2.976800011804319634 ) ) ;
#8757 = AXIS2_PLACEMENT_3D ( 'NONE', #10641, #10532, #5521 ) ;
#8758 = CARTESIAN_POINT ( 'NONE',  ( 12.33631939038320624, 1.925000000000001821, -5.927111132420250783 ) ) ;
#8759 = DIRECTION ( 'NONE',  ( 0.000000000000000000, 0.000000000000000000, 1.000000000000000000 ) ) ;
#8760 = CARTESIAN_POINT ( 'NONE',  ( 1.050000001159364871, 1.859000000000031516, 21.00100000600095385 ) ) ;
#8761 = VECTOR ( 'NONE', #9373, 1000.000000000000227 ) ;
#8762 = CARTESIAN_POINT ( 'NONE',  ( -1.874999998840634730, 1.824000000000000732, 21.00100000600096450 ) ) ;
#8763 = ORIENTED_EDGE ( 'NONE', *, *, #9590, .F. ) ;
#8764 = VERTEX_POINT ( 'NONE', #1921 ) ;
#8765 = EDGE_LOOP ( 'NONE', ( #1117 ) ) ;
#8766 = EDGE_LOOP ( 'NONE', ( #127, #5757, #8384, #11017 ) ) ;
#8767 = PLANE ( 'NONE',  #5676 ) ;
#8768 = DIRECTION ( 'NONE',  ( -0.000000000000000000, -0.000000000000000000, 1.000000000000000000 ) ) ;
#8769 = EDGE_CURVE ( 'NONE', #8317, #2627, #4821, .T. ) ;
#8770 = VECTOR ( 'NONE', #9282, 1000.000000000000000 ) ;
#8771 = CARTESIAN_POINT ( 'NONE',  ( -14.98769729926088701, -0.5048212532983940015, 0.3784569005046301005 ) ) ;
#8772 = CARTESIAN_POINT ( 'NONE',  ( 1.221940484301574203, 0.6999999999999997335, 5.310502779879048951 ) ) ;
#8773 = DIRECTION ( 'NONE',  ( 0.000000000000000000, -1.000000000000000000, 0.000000000000000000 ) ) ;
#8774 = ORIENTED_EDGE ( 'NONE', *, *, #9266, .T. ) ;
#8775 = ORIENTED_EDGE ( 'NONE', *, *, #3190, .T. ) ;
#8776 = ORIENTED_EDGE ( 'NONE', *, *, #4460, .T. ) ;
#8777 = CARTESIAN_POINT ( 'NONE',  ( -1.055165416722035898, 0.7750553722595059369, -7.489962371139889719 ) ) ;
#8778 = AXIS2_PLACEMENT_3D ( 'NONE', #3381, #11035, #8524 ) ;
#8779 = DIRECTION ( 'NONE',  ( 1.000000000000000000, 8.673617379884035472E-15, 1.513985545283922713E-16 ) ) ;
#8780 = CARTESIAN_POINT ( 'NONE',  ( 7.499999999999922728, 2.825000000000001066, 0.8000000000000297984 ) ) ;
#8781 = ADVANCED_FACE ( 'NONE', ( #7617 ), #5507, .T. ) ;
#8782 = DIRECTION ( 'NONE',  ( -1.000000000000000000, -1.301042606982605321E-16, 0.000000000000000000 ) ) ;
#8783 = EDGE_CURVE ( 'NONE', #3733, #811, #1103, .T. ) ;
#8784 = DIRECTION ( 'NONE',  ( -1.047444401652941269E-14, 1.000000000000000000, -3.491481338843170037E-15 ) ) ;
#8785 = VERTEX_POINT ( 'NONE', #3645 ) ;
#8786 =( BOUNDED_SURFACE ( )  B_SPLINE_SURFACE ( 3, 2, ( 
 ( #6221, #1111, #2852 ),
 ( #8777, #3720, #3099 ),
 ( #8104, #8069, #3136 ),
 ( #5544, #1271, #3921 ) ),
 .UNSPECIFIED., .F., .F., .F. ) 
 B_SPLINE_SURFACE_WITH_KNOTS ( ( 4, 4 ),
 ( 3, 3 ),
 ( 0.6538981965676570196, 0.6769647316762852363 ),
 ( 0.000000000000000000, 1.000000000000000000 ),
 .UNSPECIFIED. ) 
 GEOMETRIC_REPRESENTATION_ITEM ( )  RATIONAL_B_SPLINE_SURFACE ( (
 ( 1.000000000000000000, 0.8774983869815501381, 1.000000000000000000),
 ( 1.000000000000000000, 0.8839673596116098819, 1.000000000000000000),
 ( 1.000000000000000000, 0.8901195633698838483, 1.000000000000000000),
 ( 1.000000000000000000, 0.8959610319758246622, 1.000000000000000000) ) ) 
 REPRESENTATION_ITEM ( '' )  SURFACE ( )  );
#8787 = PLANE ( 'NONE',  #1366 ) ;
#8788 = VECTOR ( 'NONE', #9144, 1000.000000000000000 ) ;
#8789 = EDGE_CURVE ( 'NONE', #872, #9619, #8948, .T. ) ;
#8790 = CARTESIAN_POINT ( 'NONE',  ( 18.50000000000000000, 0.4472766804341936075, -0.4912781730480663689 ) ) ;
#8791 = PERSON_AND_ORGANIZATION ( #9160, #4030 ) ;
#8792 = EDGE_CURVE ( 'NONE', #4071, #7791, #3257, .T. ) ;
#8793 = ORIENTED_EDGE ( 'NONE', *, *, #7519, .T. ) ;
#8794 = ORIENTED_EDGE ( 'NONE', *, *, #5849, .T. ) ;
#8795 = FACE_OUTER_BOUND ( 'NONE', #10086, .T. ) ;
#8796 = CARTESIAN_POINT ( 'NONE',  ( -0.09999999999999766020, 1.903999999999956616, 2.899999999999979039 ) ) ;
#8797 = EDGE_CURVE ( 'NONE', #8343, #8079, #3120, .T. ) ;
#8798 = DIRECTION ( 'NONE',  ( -1.000000000000000000, 0.000000000000000000, 6.949813925220437025E-15 ) ) ;
#8799 = VERTEX_POINT ( 'NONE', #10762 ) ;
#8800 = B_SPLINE_CURVE_WITH_KNOTS ( 'NONE', 3,
 ( #10589, #250, #5479, #7146, #6292, #8747 ),
 .UNSPECIFIED., .F., .F.,
 ( 4, 2, 4 ),
 ( 0.000000000000000000, 0.0001562610390052955622, 0.0003125220780105911244 ),
 .UNSPECIFIED. ) ;
#8801 = EDGE_CURVE ( 'NONE', #650, #4411, #287, .T. ) ;
#8802 = CARTESIAN_POINT ( 'NONE',  ( 15.01991417876266688, -0.6000008003460509665, 0.06897587407210223343 ) ) ;
#8803 = DIRECTION ( 'NONE',  ( 4.307821798126287645E-15, 3.491481338843215397E-15, 1.000000000000000000 ) ) ;
#8804 = EDGE_LOOP ( 'NONE', ( #2173, #10717, #4883, #1460 ) ) ;
#8805 = ORIENTED_EDGE ( 'NONE', *, *, #6512, .F. ) ;
#8806 = EDGE_CURVE ( 'NONE', #6141, #5101, #1926, .T. ) ;
#8807 = CIRCLE ( 'NONE', #6764, 0.06000000000000015737 ) ;
#8808 = CARTESIAN_POINT ( 'NONE',  ( -18.46649291597636378, -0.04986881104843356866, 0.4931836436570736226 ) ) ;
#8809 = CIRCLE ( 'NONE', #1874, 0.1999999999999992062 ) ;
#8810 = DIRECTION ( 'NONE',  ( -1.000000000000000000, -0.000000000000000000, 1.301042606982605567E-16 ) ) ;
#8811 = DIRECTION ( 'NONE',  ( -1.703767317533126255E-17, 1.000000000000000000, 1.212737214708384717E-16 ) ) ;
#8812 = DIRECTION ( 'NONE',  ( 0.9694874772068158286, 0.000000000000000000, -0.2451408402106098339 ) ) ;
#8813 = CARTESIAN_POINT ( 'NONE',  ( 15.00000000000000000, -0.1400000000000001243, 0.3749999999999998890 ) ) ;
#8814 = ORIENTED_EDGE ( 'NONE', *, *, #9709, .T. ) ;
#8815 = EDGE_CURVE ( 'NONE', #6368, #3810, #10166, .T. ) ;
#8816 = CARTESIAN_POINT ( 'NONE',  ( -14.99996953439121761, 0.1999999999999999833, -2.517454373653922328 ) ) ;
#8817 = VERTEX_POINT ( 'NONE', #3073 ) ;
#8818 = DIRECTION ( 'NONE',  ( 0.000000000000000000, 0.000000000000000000, -1.000000000000000000 ) ) ;
#8819 = AXIS2_PLACEMENT_3D ( 'NONE', #7385, #1610, #4907 ) ;
#8820 = CARTESIAN_POINT ( 'NONE',  ( 7.499999999999885425, 1.025000000000001688, -4.327032419940898933 ) ) ;
#8821 = VECTOR ( 'NONE', #10090, 1000.000000000000000 ) ;
#8822 = LINE ( 'NONE', #271, #9895 ) ;
#8823 = DIRECTION ( 'NONE',  ( -1.000000000000000000, -1.047444401652940007E-14, 3.491481338843121128E-15 ) ) ;
#8824 = ORIENTED_EDGE ( 'NONE', *, *, #9645, .T. ) ;
#8825 = CARTESIAN_POINT ( 'NONE',  ( 1.390087701825027278, -0.8749999999999998890, 4.564986959827807667 ) ) ;
#8826 = ORIENTED_EDGE ( 'NONE', *, *, #5868, .F. ) ;
#8827 = CARTESIAN_POINT ( 'NONE',  ( 14.98466589161030704, -0.6784904812874567037, -0.4712850322845281159 ) ) ;
#8828 = DIRECTION ( 'NONE',  ( -1.000000000000000000, -2.151175178187580423E-34, 8.673617379884068752E-17 ) ) ;
#8829 = EDGE_CURVE ( 'NONE', #4904, #908, #7902, .T. ) ;
#8830 = CIRCLE ( 'NONE', #932, 0.3254362312903775756 ) ;
#8831 = FACE_OUTER_BOUND ( 'NONE', #3452, .T. ) ;
#8832 = ADVANCED_FACE ( 'NONE', ( #3387 ), #8952, .T. ) ;
#8833 = ORIENTED_EDGE ( 'NONE', *, *, #9006, .F. ) ;
#8834 = ORIENTED_EDGE ( 'NONE', *, *, #8265, .T. ) ;
#8835 = DIRECTION ( 'NONE',  ( 0.9848077530122133494, -4.280128095948776980E-18, 0.1736481776669006605 ) ) ;
#8836 = ORIENTED_EDGE ( 'NONE', *, *, #3503, .F. ) ;
#8837 = CARTESIAN_POINT ( 'NONE',  ( -15.01135975431038183, -0.5563452867787989087, 0.2696759783083143569 ) ) ;
#8838 = CARTESIAN_POINT ( 'NONE',  ( -3.124999998840652271, 1.604999999999970672, 16.00000000600096683 ) ) ;
#8839 = LINE ( 'NONE', #10858, #9224 ) ;
#8840 = AXIS2_PLACEMENT_3D ( 'NONE', #6502, #1373, #6611 ) ;
#8841 = VECTOR ( 'NONE', #9136, 1000.000000000000114 ) ;
#8842 = CARTESIAN_POINT ( 'NONE',  ( 18.50000000000003908, -0.2495592168531914345, 0.4105717550403538141 ) ) ;
#8843 = EDGE_CURVE ( 'NONE', #3810, #3502, #6820, .T. ) ;
#8844 = VERTEX_POINT ( 'NONE', #6400 ) ;
#8845 = CARTESIAN_POINT ( 'NONE',  ( 9.999999999999895195, 1.925000000000001377, -2.499999999999980460 ) ) ;
#8846 = AXIS2_PLACEMENT_3D ( 'NONE', #4766, #3191, #10725 ) ;
#8847 = DIRECTION ( 'NONE',  ( -1.000000000000000000, 0.000000000000000000, 9.637352644315579367E-15 ) ) ;
#8848 = CIRCLE ( 'NONE', #2145, 0.9500000000000000666 ) ;
#8849 = CARTESIAN_POINT ( 'NONE',  ( 1.000000001159333962, 1.704999999999998961, 11.75000000600095262 ) ) ;
#8850 = ORIENTED_EDGE ( 'NONE', *, *, #8940, .T. ) ;
#8851 = VECTOR ( 'NONE', #8567, 1000.000000000000000 ) ;
#8852 = ORIENTED_EDGE ( 'NONE', *, *, #2614, .F. ) ;
#8853 = CARTESIAN_POINT ( 'NONE',  ( 1.000000001159340846, 1.605000000000006644, 13.87500000600095085 ) ) ;
#8854 = CYLINDRICAL_SURFACE ( 'NONE', #6129, 0.06000000000000015737 ) ;
#8855 = DIRECTION ( 'NONE',  ( -0.3420201433256412349, -1.197872485827503675E-16, 0.9396926207859184199 ) ) ;
#8856 = EDGE_CURVE ( 'NONE', #3642, #6511, #5082, .T. ) ;
#8857 = CARTESIAN_POINT ( 'NONE',  ( 9.999999999999966249, 0.1999999999999999833, 7.499999999999998224 ) ) ;
#8858 = CARTESIAN_POINT ( 'NONE',  ( -16.24999999999999645, 0.1999999999999999001, 0.000000000000000000 ) ) ;
#8859 = EDGE_CURVE ( 'NONE', #2424, #6311, #10035, .T. ) ;
#8860 = VECTOR ( 'NONE', #936, 1000.000000000000000 ) ;
#8861 = VECTOR ( 'NONE', #6631, 1000.000000000000000 ) ;
#8862 = LINE ( 'NONE', #1240, #2093 ) ;
#8863 = ORIENTED_EDGE ( 'NONE', *, *, #5815, .T. ) ;
#8864 = CARTESIAN_POINT ( 'NONE',  ( -1.449999998840651783, 1.858999999999989550, 16.50100000600096450 ) ) ;
#8865 = FACE_OUTER_BOUND ( 'NONE', #7730, .T. ) ;
#8866 = ORIENTED_EDGE ( 'NONE', *, *, #4027, .T. ) ;
#8867 = CARTESIAN_POINT ( 'NONE',  ( -9.999999999999998224, 1.866047144386237422, -2.499999999999999556 ) ) ;
#8868 = FACE_BOUND ( 'NONE', #2367, .T. ) ;
#8869 = CARTESIAN_POINT ( 'NONE',  ( 0.2000000011593500160, 1.824000000000007615, 16.75100000600095740 ) ) ;
#8870 = DIRECTION ( 'NONE',  ( -0.6427876096865400291, 8.194945521410690020E-17, -0.7660444431189774583 ) ) ;
#8871 = B_SPLINE_SURFACE_WITH_KNOTS ( 'NONE', 3, 1, ( 
 ( #6409, #582 ),
 ( #1434, #4013 ),
 ( #2214, #8964 ),
 ( #9993, #7322 ),
 ( #9108, #8118 ),
 ( #8187, #1355 ),
 ( #10777, #1324 ),
 ( #9003, #7255 ),
 ( #3907, #6549 ) ),
 .UNSPECIFIED., .F., .F., .F.,
 ( 4, 2, 3, 4 ),
 ( 2, 2 ),
 ( 0.000000000000000000, 0.5000000000000000000, 1.000000000000000000, 1.010000000000000009 ),
 ( 0.000000000000000000, 1.000000000000000000 ),
 .UNSPECIFIED. ) ;
#8872 = CARTESIAN_POINT ( 'NONE',  ( 0.7999999999985443200, -0.8149999999999999467, 6.767689368251048165 ) ) ;
#8873 = CIRCLE ( 'NONE', #9633, 0.4499999999999999001 ) ;
#8874 = ORIENTED_EDGE ( 'NONE', *, *, #5606, .F. ) ;
#8876 = EDGE_CURVE ( 'NONE', #4537, #5863, #157, .T. ) ;
#8875 = ORIENTED_EDGE ( 'NONE', *, *, #3611, .T. ) ;
#8877 = ORIENTED_EDGE ( 'NONE', *, *, #1827, .F. ) ;
#8878 = ORIENTED_EDGE ( 'NONE', *, *, #3664, .T. ) ;
#8879 = CIRCLE ( 'NONE', #9156, 0.9500000000000002887 ) ;
#8880 = CARTESIAN_POINT ( 'NONE',  ( 3.241557207089539094, 1.903999999999996362, 4.226878860184971387 ) ) ;
#8881 = EDGE_LOOP ( 'NONE', ( #5493, #709, #5011, #5701, #3084, #7126, #5960, #3316 ) ) ;
#8882 = CARTESIAN_POINT ( 'NONE',  ( 14.97468005157148596, -0.7374995529373242764, -0.08139809432590872085 ) ) ;
#8883 = CARTESIAN_POINT ( 'NONE',  ( -9.999999999999998224, 1.865000000000000435, -2.499999999999999556 ) ) ;
#8884 = CARTESIAN_POINT ( 'NONE',  ( 18.45299506659586442, -0.3472224425255939217, 0.05085447475503949988 ) ) ;
#8885 = EDGE_CURVE ( 'NONE', #1209, #6048, #7486, .T. ) ;
#8886 = VECTOR ( 'NONE', #10796, 1000.000000000000000 ) ;
#8887 = CARTESIAN_POINT ( 'NONE',  ( -0.9919033010572734232, 0.5919197647081011482, 7.493159015060367523 ) ) ;
#8888 = EDGE_LOOP ( 'NONE', ( #2498, #6840, #5569, #7875, #8639, #9152 ) ) ;
#8889 = EDGE_LOOP ( 'NONE', ( #3243, #5405, #3308, #9275 ) ) ;
#8890 = VERTEX_POINT ( 'NONE', #7280 ) ;
#8891 = CARTESIAN_POINT ( 'NONE',  ( -15.19990861245377189, 0.2055847700599308381, 0.7999805062271064804 ) ) ;
#8892 = CARTESIAN_POINT ( 'NONE',  ( -1.049999998840634774, 1.824000000000009392, 21.00100000600096095 ) ) ;
#8893 = EDGE_LOOP ( 'NONE', ( #3422, #10383, #2582, #8099 ) ) ;
#8894 = ADVANCED_FACE ( 'NONE', ( #6679 ), #10663, .F. ) ;
#8895 = CARTESIAN_POINT ( 'NONE',  ( -12.28283666301317112, 1.925000000000000044, 5.990849364905562524 ) ) ;
#8896 = CARTESIAN_POINT ( 'NONE',  ( 12.80345756483927389, 1.925000000000000488, 6.196813483191195182 ) ) ;
#8897 = FACE_OUTER_BOUND ( 'NONE', #1320, .T. ) ;
#8898 = ORIENTED_EDGE ( 'NONE', *, *, #541, .F. ) ;
#8899 = ORIENTED_EDGE ( 'NONE', *, *, #2385, .T. ) ;
#8900 = CARTESIAN_POINT ( 'NONE',  ( 7.499999999999912959, 1.925000000000001155, 3.556183125752454544E-14 ) ) ;
#8901 = DIRECTION ( 'NONE',  ( 1.000000000000000000, 1.703767317532268061E-17, -6.911138328291599464E-15 ) ) ;
#8902 = AXIS2_PLACEMENT_3D ( 'NONE', #7116, #9540, #6268 ) ;
#8903 = DIRECTION ( 'NONE',  ( -1.000000000000000000, 0.000000000000000000, 1.541976423090491689E-14 ) ) ;
#8904 = DIRECTION ( 'NONE',  ( 1.150453768043692008E-16, 0.9998476951563911586, 0.01745240643728354982 ) ) ;
#8905 = VERTEX_POINT ( 'NONE', #1276 ) ;
#8906 = CARTESIAN_POINT ( 'NONE',  ( -1.101886547524476345, 0.8080802352918988740, 7.379402673544209534 ) ) ;
#8907 = CARTESIAN_POINT ( 'NONE',  ( 4.036023147436115011, -0.8162354166173545478, 4.509430263223785929 ) ) ;
#8908 = AXIS2_PLACEMENT_3D ( 'NONE', #10218, #8600, #11061 ) ;
#8909 = CARTESIAN_POINT ( 'NONE',  ( -7.499999998840706894, 1.858999999999868535, 0.001000006000985431687 ) ) ;
#8910 = ORIENTED_EDGE ( 'NONE', *, *, #1090, .T. ) ;
#8911 = EDGE_CURVE ( 'NONE', #6422, #8081, #9496, .T. ) ;
#8912 = CARTESIAN_POINT ( 'NONE',  ( -14.99997957307226137, 0.2011702579062873142, 1.000008030264005754 ) ) ;
#8913 = CARTESIAN_POINT ( 'NONE',  ( -9.999999999999966249, -0.6784904812874564817, 7.484665891610305266 ) ) ;
#8914 = AXIS2_PLACEMENT_3D ( 'NONE', #315, #3220, #7430 ) ;
#8915 = CARTESIAN_POINT ( 'NONE',  ( 4.242085456798783127, -0.3750000000000000555, 4.628190860571708143 ) ) ;
#8916 =( BOUNDED_CURVE ( )  B_SPLINE_CURVE ( 3, ( #988, #5274, #4541, #3595 ),
 .UNSPECIFIED., .F., .F. ) 
 B_SPLINE_CURVE_WITH_KNOTS ( ( 4, 4 ),
 ( -5.329070518200751394E-15, 1.553343034274948353 ),
 .UNSPECIFIED. ) 
 CURVE ( )  GEOMETRIC_REPRESENTATION_ITEM ( )  RATIONAL_B_SPLINE_CURVE ( ( 1.000000000000000000, 0.8088336327694541916, 0.8088336327694541916, 1.000000000000000000 ) ) 
 REPRESENTATION_ITEM ( '' )  );
#8917 = ORIENTED_EDGE ( 'NONE', *, *, #4466, .T. ) ;
#8918 = ORIENTED_EDGE ( 'NONE', *, *, #5316, .F. ) ;
#8919 = CARTESIAN_POINT ( 'NONE',  ( -18.45619241127713295, 0.7443884530818888345, -0.1024704094249957315 ) ) ;
#8920 = VERTEX_POINT ( 'NONE', #8003 ) ;
#8921 = CC_DESIGN_PERSON_AND_ORGANIZATION_ASSIGNMENT ( #1620, #9167, ( #8242 ) ) ;
#8922 = CARTESIAN_POINT ( 'NONE',  ( -15.19990861245377367, 0.2055847700599307826, -0.7999805062271065914 ) ) ;
#8923 = DIRECTION ( 'NONE',  ( 0.01745240643728354635, -0.9998476951563911586, 0.000000000000000000 ) ) ;
#8924 = CARTESIAN_POINT ( 'NONE',  ( 9.999999999999895195, 2.925000000000001599, -2.499999999999980460 ) ) ;
#8925 = VERTEX_POINT ( 'NONE', #5610 ) ;
#8926 = VERTEX_POINT ( 'NONE', #9722 ) ;
#8927 = CARTESIAN_POINT ( 'NONE',  ( 14.94999999999990514, 2.825000000000001066, -0.9723881173739775674 ) ) ;
#8928 = DIRECTION ( 'NONE',  ( 1.513754957952231942E-18, 0.9998476951563911586, 0.01745240643728354982 ) ) ;
#8929 = CARTESIAN_POINT ( 'NONE',  ( 15.20003046560878168, 0.2000000000000000389, -0.8000000000000000444 ) ) ;
#8930 = VECTOR ( 'NONE', #2344, 1000.000000000000000 ) ;
#8931 = CARTESIAN_POINT ( 'NONE',  ( -9.999999999999998224, -0.8750000000000000000, -2.499999999999999556 ) ) ;
#8932 = CARTESIAN_POINT ( 'NONE',  ( 11.70720044927875314, 2.925000000000001599, -1.653536311060172181 ) ) ;
#8933 = EDGE_CURVE ( 'NONE', #2837, #2017, #5244, .T. ) ;
#8934 = ORIENTED_EDGE ( 'NONE', *, *, #10254, .T. ) ;
#8935 = CARTESIAN_POINT ( 'NONE',  ( 18.45135790125781483, 0.4488075390959583300, -0.4890190347536899629 ) ) ;
#8936 = EDGE_CURVE ( 'NONE', #6048, #7353, #2735, .T. ) ;
#8937 = CARTESIAN_POINT ( 'NONE',  ( 0.7434317518801669689, -0.8749999999999998890, 6.739675312405814189 ) ) ;
#8938 = VECTOR ( 'NONE', #3188, 1000.000000000000000 ) ;
#8939 = CARTESIAN_POINT ( 'NONE',  ( -6.500000000000066613, 2.825000000000000622, -0.2999999999998672062 ) ) ;
#8940 = EDGE_CURVE ( 'NONE', #9853, #3327, #5243, .T. ) ;
#8941 = CARTESIAN_POINT ( 'NONE',  ( 10.24839714252345679, 2.825000000000001510, -2.920207975437159931 ) ) ;
#8942 = LINE ( 'NONE', #8756, #2577 ) ;
#8943 = CARTESIAN_POINT ( 'NONE',  ( 10.00000000000000000, -0.8750000000000000000, -2.500000000000001332 ) ) ;
#8944 = DIRECTION ( 'NONE',  ( 0.3420201433256712664, 1.197872485827495293E-16, -0.9396926207859074287 ) ) ;
#8945 = ORIENTED_EDGE ( 'NONE', *, *, #4686, .F. ) ;
#8946 = ORIENTED_EDGE ( 'NONE', *, *, #10770, .F. ) ;
#8947 = AXIS2_PLACEMENT_3D ( 'NONE', #2725, #3546, #6098 ) ;
#8948 = CIRCLE ( 'NONE', #341, 0.5000000000000004441 ) ;
#8949 = FACE_OUTER_BOUND ( 'NONE', #7916, .T. ) ;
#8950 = PLANE ( 'NONE',  #4287 ) ;
#8951 = EDGE_CURVE ( 'NONE', #10732, #7273, #2450, .T. ) ;
#8952 = PLANE ( 'NONE',  #4775 ) ;
#8953 = ORIENTED_EDGE ( 'NONE', *, *, #3085, .T. ) ;
#8954 = ORIENTED_EDGE ( 'NONE', *, *, #956, .T. ) ;
#8955 = DIRECTION ( 'NONE',  ( 1.703767317533126255E-17, -1.000000000000000000, -1.212737214708384717E-16 ) ) ;
#8956 = ORIENTED_EDGE ( 'NONE', *, *, #2763, .F. ) ;
#8957 = FACE_OUTER_BOUND ( 'NONE', #3719, .T. ) ;
#8958 = LINE ( 'NONE', #6581, #7785 ) ;
#8959 = AXIS2_PLACEMENT_3D ( 'NONE', #3893, #2965, #8169 ) ;
#8960 = DIRECTION ( 'NONE',  ( -1.703767317533126255E-17, 1.000000000000000000, 1.212737214708384717E-16 ) ) ;
#8961 = ORIENTED_EDGE ( 'NONE', *, *, #3085, .F. ) ;
#8962 = DIRECTION ( 'NONE',  ( 0.01744974916068272111, 0.9996954598818874604, -0.01744974916068272111 ) ) ;
#8963 = ORIENTED_EDGE ( 'NONE', *, *, #787, .F. ) ;
#8964 = CARTESIAN_POINT ( 'NONE',  ( -18.50000000000000355, 0.2870738660484907778, 0.5499999999999999334 ) ) ;
#8965 = VERTEX_POINT ( 'NONE', #8895 ) ;
#8966 = EDGE_CURVE ( 'NONE', #8317, #8042, #8657, .T. ) ;
#8967 = FACE_OUTER_BOUND ( 'NONE', #3623, .T. ) ;
#8968 = AXIS2_PLACEMENT_3D ( 'NONE', #7543, #10089, #2425 ) ;
#8969 = VECTOR ( 'NONE', #6340, 1000.000000000000000 ) ;
#8970 = VECTOR ( 'NONE', #3217, 1000.000000000000000 ) ;
#8971 = DIRECTION ( 'NONE',  ( 3.491481338843084446E-15, 3.491481338843206719E-15, 1.000000000000000000 ) ) ;
#8972 = CARTESIAN_POINT ( 'NONE',  ( -14.99996910581597476, 0.1995219081403449002, -2.515063810706019698 ) ) ;
#8973 = DIRECTION ( 'NONE',  ( 0.000000000000000000, 0.000000000000000000, 1.000000000000000000 ) ) ;
#8974 = CARTESIAN_POINT ( 'NONE',  ( -9.999999999999998224, 1.865000000000000435, 2.499999999999999556 ) ) ;
#8975 = PLANE ( 'NONE',  #1305 ) ;
#8976 = AXIS2_PLACEMENT_3D ( 'NONE', #7678, #5062, #2603 ) ;
#8977 = CARTESIAN_POINT ( 'NONE',  ( -1.041261353465204875, 1.866047144386237422, -7.470919038921266520 ) ) ;
#8978 = LINE ( 'NONE', #2479, #1133 ) ;
#8979 = VERTEX_POINT ( 'NONE', #5645 ) ;
#8980 = LINE ( 'NONE', #5854, #2481 ) ;
#8981 = ORIENTED_EDGE ( 'NONE', *, *, #2056, .F. ) ;
#8982 = LINE ( 'NONE', #9598, #3957 ) ;
#8983 = EDGE_CURVE ( 'NONE', #5729, #9209, #6172, .T. ) ;
#8984 = CARTESIAN_POINT ( 'NONE',  ( -18.50000000000000000, 0.4680112349276476236, -0.5352864521156859290 ) ) ;
#8985 = ADVANCED_FACE ( 'NONE', ( #9772 ), #3665, .T. ) ;
#8986 = CARTESIAN_POINT ( 'NONE',  ( -17.14999999999999858, -0.6000000000000000888, 0.000000000000000000 ) ) ;
#8987 = DIRECTION ( 'NONE',  ( -0.2451408402106066975, 8.005664733283241202E-17, 0.9694874772068168278 ) ) ;
#8988 = CARTESIAN_POINT ( 'NONE',  ( -18.50000000000000000, 0.09665988019416620058, 0.6185427719006693081 ) ) ;
#8989 = VECTOR ( 'NONE', #8717, 1000.000000000000000 ) ;
#8990 = CIRCLE ( 'NONE', #7561, 0.06000000000000015737 ) ;
#8991 = EDGE_CURVE ( 'NONE', #10496, #2047, #8406, .T. ) ;
#8992 = CIRCLE ( 'NONE', #5877, 0.1999999999999999833 ) ;
#8993 = VERTEX_POINT ( 'NONE', #9169 ) ;
#8994 = LINE ( 'NONE', #4244, #208 ) ;
#8995 = VERTEX_POINT ( 'NONE', #4905 ) ;
#8996 = EDGE_CURVE ( 'NONE', #2922, #6640, #4168, .T. ) ;
#8997 = CARTESIAN_POINT ( 'NONE',  ( 15.00000000000000178, 0.1999999999999999833, 2.499999999999963141 ) ) ;
#8998 = CARTESIAN_POINT ( 'NONE',  ( -15.00000000000000178, 0.1619999999999999496, 0.4500000000000000111 ) ) ;
#8999 = CARTESIAN_POINT ( 'NONE',  ( -0.9793493479383875711, 1.865800833325519603, -7.470923338296824312 ) ) ;
#9000 = CARTESIAN_POINT ( 'NONE',  ( -2.671456176721494380, 1.925000000000000044, 7.101062864000567743 ) ) ;
#9001 = LINE ( 'NONE', #8796, #6616 ) ;
#9002 = VERTEX_POINT ( 'NONE', #9898 ) ;
#9003 = CARTESIAN_POINT ( 'NONE',  ( -15.00000000000000000, -0.1430200000000001193, 0.4499999999999999556 ) ) ;
#9004 = ORIENTED_EDGE ( 'NONE', *, *, #8445, .F. ) ;
#9005 = ORIENTED_EDGE ( 'NONE', *, *, #445, .T. ) ;
#9006 = EDGE_CURVE ( 'NONE', #2929, #4195, #1645, .T. ) ;
#9007 = VERTEX_POINT ( 'NONE', #8172 ) ;
#9008 = CARTESIAN_POINT ( 'NONE',  ( -14.99993907342249422, 0.2034904812874566982, 0.000000000000000000 ) ) ;
#9009 = CARTESIAN_POINT ( 'NONE',  ( 0.8077033027514579633, -0.8163219191445464373, 6.560238526234422274 ) ) ;
#9010 = EDGE_CURVE ( 'NONE', #10621, #9128, #1371, .T. ) ;
#9011 = VECTOR ( 'NONE', #4440, 1000.000000000000000 ) ;
#9012 = DIRECTION ( 'NONE',  ( -1.000000000000000000, -2.151175178187580423E-34, 8.673617379884068752E-17 ) ) ;
#9013 = VERTEX_POINT ( 'NONE', #10797 ) ;
#9014 = CARTESIAN_POINT ( 'NONE',  ( 10.00000000000000178, -0.8750000000000000000, 2.499999999999999556 ) ) ;
#9015 = ORIENTED_EDGE ( 'NONE', *, *, #5794, .F. ) ;
#9016 = ORIENTED_EDGE ( 'NONE', *, *, #1813, .F. ) ;
#9017 = EDGE_CURVE ( 'NONE', #5280, #8331, #1507, .T. ) ;
#9018 = VERTEX_POINT ( 'NONE', #1416 ) ;
#9019 = CARTESIAN_POINT ( 'NONE',  ( 14.99341343983984132, -0.1773437788544038052, 0.9986767888290467576 ) ) ;
#9020 = LINE ( 'NONE', #8132, #4126 ) ;
#9021 = CARTESIAN_POINT ( 'NONE',  ( -18.44991409307876751, -0.04860357516367896924, 0.4906874716957338456 ) ) ;
#9022 = ORIENTED_EDGE ( 'NONE', *, *, #230, .T. ) ;
#9023 = DIRECTION ( 'NONE',  ( 6.737665980693918755E-15, -1.212737214708358339E-16, 1.000000000000000000 ) ) ;
#9024 = VERTEX_POINT ( 'NONE', #4111 ) ;
#9025 = CARTESIAN_POINT ( 'NONE',  ( -9.999999999999998224, 1.925000000000000266, -7.233252277351548187 ) ) ;
#9026 = CARTESIAN_POINT ( 'NONE',  ( -9.999999999999998224, -0.8160471443862370444, -2.499999999999999556 ) ) ;
#9027 = EDGE_LOOP ( 'NONE', ( #9924, #9791, #662, #8866 ) ) ;
#9028 = CARTESIAN_POINT ( 'NONE',  ( 9.999999999999966249, 1.925000000000000266, 7.410928177211880907 ) ) ;
#9029 = DIRECTION ( 'NONE',  ( -7.084610675889280174E-15, 1.212737214708358339E-16, -1.000000000000000000 ) ) ;
#9030 = AXIS2_PLACEMENT_3D ( 'NONE', #10971, #923, #6013 ) ;
#9031 = CARTESIAN_POINT ( 'NONE',  ( 3.815899132638685298, -0.8187225384125158545, 4.458991920917014795 ) ) ;
#9032 = CARTESIAN_POINT ( 'NONE',  ( -3.633464582829859957, 1.858999999999920716, 3.323500006000970508 ) ) ;
#9033 = ORIENTED_EDGE ( 'NONE', *, *, #6037, .T. ) ;
#9034 = ADVANCED_FACE ( 'NONE', ( #2984 ), #612, .F. ) ;
#9035 = AXIS2_PLACEMENT_3D ( 'NONE', #2773, #8689, #8625 ) ;
#9036 =( BOUNDED_CURVE ( )  B_SPLINE_CURVE ( 3, ( #3070, #4791, #461, #8922 ),
 .UNSPECIFIED., .F., .F. ) 
 B_SPLINE_CURVE_WITH_KNOTS ( ( 4, 4 ),
 ( 1.577777346072571030, 4.705407961107015424 ),
 .UNSPECIFIED. ) 
 CURVE ( )  GEOMETRIC_REPRESENTATION_ITEM ( )  RATIONAL_B_SPLINE_CURVE ( ( 1.000000000000000000, 0.3379873083832758418, 0.3379873083832758418, 1.000000000000000000 ) ) 
 REPRESENTATION_ITEM ( '' )  );
#9037 = CYLINDRICAL_SURFACE ( 'NONE', #10447, 0.5000000000000004441 ) ;
#9038 = CARTESIAN_POINT ( 'NONE',  ( 3.125021300494541077, 1.904000000000038550, 16.65000000600094765 ) ) ;
#9039 = EDGE_CURVE ( 'NONE', #8446, #9215, #6299, .T. ) ;
#9040 = CARTESIAN_POINT ( 'NONE',  ( -1.149999999984061327, 1.704999999999945892, 2.976800013608019047 ) ) ;
#9041 = DIRECTION ( 'NONE',  ( -0.000000000000000000, -1.000000000000000000, 0.000000000000000000 ) ) ;
#9042 = ORIENTED_EDGE ( 'NONE', *, *, #10925, .F. ) ;
#9043 = CARTESIAN_POINT ( 'NONE',  ( 15.00017403975204289, 0.2099707307167196779, 0.9999790029632295019 ) ) ;
#9044 = ORIENTED_EDGE ( 'NONE', *, *, #9357, .T. ) ;
#9045 = ORIENTED_EDGE ( 'NONE', *, *, #807, .F. ) ;
#9046 = DIRECTION ( 'NONE',  ( -0.01744974916068248866, -0.9996954598818875715, 0.01744974916068259274 ) ) ;
#9047 = VECTOR ( 'NONE', #10814, 1000.000000000000000 ) ;
#9048 = CARTESIAN_POINT ( 'NONE',  ( 18.50000000000000000, -0.07121550018489558598, 0.5352844436880276335 ) ) ;
#9049 = CARTESIAN_POINT ( 'NONE',  ( 12.80345756483923658, 1.925000000000001821, -5.303186516808805706 ) ) ;
#9050 = CC_DESIGN_PERSON_AND_ORGANIZATION_ASSIGNMENT ( #10143, #5862, ( #8498 ) ) ;
#9051 = CARTESIAN_POINT ( 'NONE',  ( -9.999999999999998224, -0.8750000000000000000, 2.499999999999999556 ) ) ;
#9052 = EDGE_CURVE ( 'NONE', #3954, #482, #10434, .T. ) ;
#9053 = DIRECTION ( 'NONE',  ( -1.000000000000000000, 0.000000000000000000, 0.000000000000000000 ) ) ;
#9054 =( LENGTH_UNIT ( ) NAMED_UNIT ( * ) SI_UNIT ( .MILLI., .METRE. ) );
#9055 = ORIENTED_EDGE ( 'NONE', *, *, #5703, .T. ) ;
#9056 = CARTESIAN_POINT ( 'NONE',  ( -18.50000000000002132, 0.7627868090055754946, 0.2197461264423737071 ) ) ;
#9057 = DIRECTION ( 'NONE',  ( 0.000000000000000000, 0.000000000000000000, -1.000000000000000000 ) ) ;
#9058 = EDGE_CURVE ( 'NONE', #3305, #1876, #10572, .T. ) ;
#9059 = DIRECTION ( 'NONE',  ( 1.000000000000000000, 1.047444401652940007E-14, -3.491481338843121128E-15 ) ) ;
#9060 = DIRECTION ( 'NONE',  ( -1.047444401652941269E-14, 1.000000000000000000, -3.491481338843170037E-15 ) ) ;
#9061 = ORIENTED_EDGE ( 'NONE', *, *, #3295, .T. ) ;
#9062 = LINE ( 'NONE', #7425, #6953 ) ;
#9063 = CARTESIAN_POINT ( 'NONE',  ( 14.97091903892126830, 1.866047144386236978, -2.499999999999967581 ) ) ;
#9064 = CARTESIAN_POINT ( 'NONE',  ( -14.99999999999999822, -0.1400000000000001243, 0.07499999999999995559 ) ) ;
#9065 = CARTESIAN_POINT ( 'NONE',  ( -18.50000000000000355, 0.09779206390677604166, 0.6191037825866374522 ) ) ;
#9066 = VERTEX_POINT ( 'NONE', #2239 ) ;
#9067 = DIRECTION ( 'NONE',  ( -0.000000000000000000, 0.9998476951563911586, 0.01745240643728354982 ) ) ;
#9068 = ORIENTED_EDGE ( 'NONE', *, *, #4478, .T. ) ;
#9069 = CARTESIAN_POINT ( 'NONE',  ( 9.999999999998543387, -0.8160471443862369334, 6.707698506541664329 ) ) ;
#9070 = CARTESIAN_POINT ( 'NONE',  ( -9.014586297939976234, 2.925000000000001155, -1.633974596215415076 ) ) ;
#9071 = EDGE_CURVE ( 'NONE', #10706, #909, #8396, .T. ) ;
#9072 = LINE ( 'NONE', #10333, #978 ) ;
#9073 = FACE_OUTER_BOUND ( 'NONE', #7504, .T. ) ;
#9074 = CARTESIAN_POINT ( 'NONE',  ( 18.50000000000000000, 0.09727005823203246915, -0.6188448943953097636 ) ) ;
#9075 = ORIENTED_EDGE ( 'NONE', *, *, #10388, .F. ) ;
#9076 = EDGE_CURVE ( 'NONE', #3881, #3342, #1634, .T. ) ;
#9077 = DIRECTION ( 'NONE',  ( 0.000000000000000000, 0.000000000000000000, -1.000000000000000000 ) ) ;
#9078 = ORIENTED_EDGE ( 'NONE', *, *, #8590, .T. ) ;
#9079 = DIRECTION ( 'NONE',  ( 0.000000000000000000, 0.000000000000000000, -1.000000000000000000 ) ) ;
#9080 = CARTESIAN_POINT ( 'NONE',  ( -18.45607459149330509, 0.7371301385384760874, -0.1011087063105968464 ) ) ;
#9081 = CARTESIAN_POINT ( 'NONE',  ( -18.45699892703409617, 0.4454831541948547358, -0.4908454837092932621 ) ) ;
#9082 = CARTESIAN_POINT ( 'NONE',  ( 18.47681264345752083, -0.05196237805753005368, -0.4973126630096159073 ) ) ;
#9083 = LINE ( 'NONE', #6386, #10036 ) ;
#9084 = PLANE ( 'NONE',  #2352 ) ;
#9085 = ORIENTED_EDGE ( 'NONE', *, *, #3884, .T. ) ;
#9086 = VERTEX_POINT ( 'NONE', #9205 ) ;
#9087 = AXIS2_PLACEMENT_3D ( 'NONE', #10225, #137, #9283 ) ;
#9088 = CARTESIAN_POINT ( 'NONE',  ( 10.62956691995227665, 2.825000000000001510, -4.326701196039034691 ) ) ;
#9089 = ORIENTED_EDGE ( 'NONE', *, *, #3640, .T. ) ;
#9090 = CARTESIAN_POINT ( 'NONE',  ( -12.61068682838814148, -0.8160471443862370444, -5.322864854300779491 ) ) ;
#9091 = DIRECTION ( 'NONE',  ( 0.000000000000000000, 1.000000000000000000, 0.000000000000000000 ) ) ;
#9092 = DIRECTION ( 'NONE',  ( 3.491481338843084446E-15, 3.491481338843206719E-15, 1.000000000000000000 ) ) ;
#9093 = LINE ( 'NONE', #4848, #7229 ) ;
#9094 = CARTESIAN_POINT ( 'NONE',  ( -13.87794990882725621, -0.8750000000000000000, 3.480563360842449772 ) ) ;
#9095 = DIRECTION ( 'NONE',  ( -0.6427876096865666744, 8.194945521410374476E-17, -0.7660444431189550318 ) ) ;
#9096 = LINE ( 'NONE', #1088, #1125 ) ;
#9097 = DIRECTION ( 'NONE',  ( -0.6052120579240172216, 0.000000000000000000, 0.7960642969907493205 ) ) ;
#9098 = DIRECTION ( 'NONE',  ( 0.000000000000000000, 0.000000000000000000, 1.000000000000000000 ) ) ;
#9099 = ORIENTED_EDGE ( 'NONE', *, *, #8236, .T. ) ;
#9100 = CARTESIAN_POINT ( 'NONE',  ( -7.499999999999999112, 0.6999999999999999556, -6.854811288084812659 ) ) ;
#9101 = DIRECTION ( 'NONE',  ( 0.000000000000000000, -1.000000000000000000, 0.000000000000000000 ) ) ;
#9102 = AXIS2_PLACEMENT_3D ( 'NONE', #938, #2555, #7831 ) ;
#9103 = ORIENTED_EDGE ( 'NONE', *, *, #8016, .T. ) ;
#9104 = FACE_OUTER_BOUND ( 'NONE', #9587, .T. ) ;
#9105 = ORIENTED_EDGE ( 'NONE', *, *, #2407, .F. ) ;
#9106 = LINE ( 'NONE', #8390, #7524 ) ;
#9107 = CARTESIAN_POINT ( 'NONE',  ( -12.33631939038333591, 1.925000000000000044, 5.572888867579917971 ) ) ;
#9108 = CARTESIAN_POINT ( 'NONE',  ( -14.99999999999999822, -0.06450000000000011280, 0.4499999999999999001 ) ) ;
#9109 = EDGE_CURVE ( 'NONE', #5958, #10496, #4450, .T. ) ;
#9110 = AXIS2_PLACEMENT_3D ( 'NONE', #7393, #3115, #574 ) ;
#9111 = LINE ( 'NONE', #4075, #6229 ) ;
#9112 = LINE ( 'NONE', #2759, #5132 ) ;
#9113 = DIRECTION ( 'NONE',  ( -1.000000000000000000, 0.000000000000000000, 9.637352644315615655E-15 ) ) ;
#9114 = LINE ( 'NONE', #5756, #3165 ) ;
#9115 = ORIENTED_EDGE ( 'NONE', *, *, #3544, .F. ) ;
#9116 = CARTESIAN_POINT ( 'NONE',  ( 4.792271032488154781, -0.8750000000000000000, 6.767689368251047277 ) ) ;
#9117 = VECTOR ( 'NONE', #7859, 1000.000000000000000 ) ;
#9118 = ORIENTED_EDGE ( 'NONE', *, *, #889, .F. ) ;
#9119 = VECTOR ( 'NONE', #9375, 1000.000000000000000 ) ;
#9120 = CARTESIAN_POINT ( 'NONE',  ( 14.74999999999992895, 2.675000000000001155, 2.499999999999984013 ) ) ;
#9121 = DIRECTION ( 'NONE',  ( -0.9848077530122072432, -3.783779336864310979E-17, 0.1736481776669344113 ) ) ;
#9122 = DIRECTION ( 'NONE',  ( -0.000000000000000000, 0.000000000000000000, -1.000000000000000000 ) ) ;
#9123 = EDGE_CURVE ( 'NONE', #7907, #2838, #4320, .T. ) ;
#9124 = VECTOR ( 'NONE', #3624, 1000.000000000000000 ) ;
#9125 = VERTEX_POINT ( 'NONE', #8421 ) ;
#9126 = VERTEX_POINT ( 'NONE', #6791 ) ;
#9127 = VERTEX_POINT ( 'NONE', #3361 ) ;
#9128 = VERTEX_POINT ( 'NONE', #2500 ) ;
#9129 = LINE ( 'NONE', #7177, #3855 ) ;
#9130 = CARTESIAN_POINT ( 'NONE',  ( -12.77499999999999858, 1.924999999999999822, 6.275000000000182432 ) ) ;
#9131 = VERTEX_POINT ( 'NONE', #5075 ) ;
#9132 = CARTESIAN_POINT ( 'NONE',  ( 15.00000000000000178, 0.2000000000000000111, -0.9999939082516362543 ) ) ;
#9133 = CARTESIAN_POINT ( 'NONE',  ( 6.821545052731328163, 2.884869609520207323, -7.390956184858385569 ) ) ;
#9134 = SECURITY_CLASSIFICATION_LEVEL ( 'unclassified' ) ;
#9135 = CARTESIAN_POINT ( 'NONE',  ( 18.50000000000000000, 0.4680112349276593364, 0.5352864521156801558 ) ) ;
#9136 = DIRECTION ( 'NONE',  ( 0.01234165475094078923, -0.7070529271412423489, 0.7070529271412498984 ) ) ;
#9137 = VECTOR ( 'NONE', #9527, 1000.000000000000000 ) ;
#9138 = ORIENTED_EDGE ( 'NONE', *, *, #4932, .F. ) ;
#9139 = EDGE_CURVE ( 'NONE', #10258, #5540, #4941, .T. ) ;
#9140 = ORIENTED_EDGE ( 'NONE', *, *, #6485, .T. ) ;
#9141 = ORIENTED_EDGE ( 'NONE', *, *, #397, .F. ) ;
#9142 = VERTEX_POINT ( 'NONE', #2581 ) ;
#9143 = ORIENTED_EDGE ( 'NONE', *, *, #7362, .F. ) ;
#9144 = DIRECTION ( 'NONE',  ( 1.000000000000000000, 1.047444401652940007E-14, -3.491481338843121128E-15 ) ) ;
#9145 = DIRECTION ( 'NONE',  ( -0.4999999999999888978, -1.135449601928837502E-16, 0.8660254037844450359 ) ) ;
#9146 = CARTESIAN_POINT ( 'NONE',  ( -18.50000000000000000, 0.2995132503786410716, 0.6188888379362021963 ) ) ;
#9147 = CARTESIAN_POINT ( 'NONE',  ( -14.98836218993540648, -0.4667296920665668369, -0.7634070539464776761 ) ) ;
#9148 = EDGE_CURVE ( 'NONE', #1866, #8331, #8141, .T. ) ;
#9149 = DIRECTION ( 'NONE',  ( 0.000000000000000000, 0.01745240643728354982, 0.9998476951563912696 ) ) ;
#9150 = EDGE_CURVE ( 'NONE', #540, #1457, #10690, .T. ) ;
#9151 = VERTEX_POINT ( 'NONE', #3399 ) ;
#9152 = ORIENTED_EDGE ( 'NONE', *, *, #4112, .F. ) ;
#9153 = DIRECTION ( 'NONE',  ( -1.000000000000000000, 0.000000000000000000, 1.156482317317870660E-14 ) ) ;
#9154 = EDGE_LOOP ( 'NONE', ( #5674, #3126, #3701, #7404 ) ) ;
#9155 = CARTESIAN_POINT ( 'NONE',  ( -1.049999998840649651, 1.823999999999994515, 16.75100000600095740 ) ) ;
#9156 = AXIS2_PLACEMENT_3D ( 'NONE', #5829, #10234, #10963 ) ;
#9157 = DIRECTION ( 'NONE',  ( 6.911138328291599464E-15, -1.212737214708358339E-16, 1.000000000000000000 ) ) ;
#9158 = CARTESIAN_POINT ( 'NONE',  ( 18.47177570897916610, -0.05070360512847962159, -0.4948300590697858881 ) ) ;
#9159 = CARTESIAN_POINT ( 'NONE',  ( -1.055209245013696062, 0.7705346156252279588, -7.490041281240467086 ) ) ;
#9160 = PERSON ( 'UNSPECIFIED', 'UNSPECIFIED', 'UNSPECIFIED', ('UNSPECIFIED'), ('UNSPECIFIED'), ('UNSPECIFIED') ) ;
#9161 = EDGE_CURVE ( 'NONE', #1099, #3489, #5876, .T. ) ;
#9162 = AXIS2_PLACEMENT_3D ( 'NONE', #5811, #625, #7472 ) ;
#9163 = ORIENTED_EDGE ( 'NONE', *, *, #5874, .F. ) ;
#9164 = CARTESIAN_POINT ( 'NONE',  ( 1.120353428614625280, 1.866047144386237422, 7.360935792454062820 ) ) ;
#9165 = CARTESIAN_POINT ( 'NONE',  ( 9.999999999999857891, 1.925000000000002043, -7.499999999999980460 ) ) ;
#9166 = CARTESIAN_POINT ( 'NONE',  ( -3.124999998840652271, 1.704999999999970539, 16.00000000600096683 ) ) ;
#9167 = PERSON_AND_ORGANIZATION_ROLE ( 'design_owner' ) ;
#9168 = CARTESIAN_POINT ( 'NONE',  ( 14.99341343983984132, -0.1773437788544037774, -0.9986767888290467576 ) ) ;
#9169 = CARTESIAN_POINT ( 'NONE',  ( 0.6397769552225623935, 1.925000000000001821, -7.069702350770853627 ) ) ;
#9170 = CARTESIAN_POINT ( 'NONE',  ( -1.149999999984069987, 1.704999999999937232, 0.5000000118043357311 ) ) ;
#9171 = LINE ( 'NONE', #3570, #2959 ) ;
#9172 = CARTESIAN_POINT ( 'NONE',  ( 14.98466589161030704, -0.6784904812874564817, 2.499999999999964917 ) ) ;
#9173 = AXIS2_PLACEMENT_3D ( 'NONE', #6751, #9243, #759 ) ;
#9174 = CALENDAR_DATE ( 2024, 26, 1 ) ;
#9175 = ORIENTED_EDGE ( 'NONE', *, *, #9734, .F. ) ;
#9176 = EDGE_CURVE ( 'NONE', #9583, #4800, #3658, .T. ) ;
#9177 = VERTEX_POINT ( 'NONE', #2460 ) ;
#9178 = CARTESIAN_POINT ( 'NONE',  ( 0.3300000000000000711, 1.925000000000000266, -7.543252277351548685 ) ) ;
#9179 = DIRECTION ( 'NONE',  ( -1.047444401652941269E-14, 1.000000000000000000, -3.491481338843170037E-15 ) ) ;
#9180 = CARTESIAN_POINT ( 'NONE',  ( 14.74999999999989519, 2.675000000000001599, -2.500000000000012434 ) ) ;
#9181 = DIRECTION ( 'NONE',  ( 0.000000000000000000, 0.000000000000000000, 1.000000000000000000 ) ) ;
#9182 = DIRECTION ( 'NONE',  ( 0.000000000000000000, -0.9998476951563911586, 0.01745240643728354635 ) ) ;
#9183 = VERTEX_POINT ( 'NONE', #3186 ) ;
#9184 = ORIENTED_EDGE ( 'NONE', *, *, #8740, .T. ) ;
#9185 = CARTESIAN_POINT ( 'NONE',  ( 1.000000001159340846, 1.605000000000006644, 13.87500000600095085 ) ) ;
#9186 = DIRECTION ( 'NONE',  ( 0.9998476951563912696, 0.01745240643728354982, 0.000000000000000000 ) ) ;
#9187 = EDGE_CURVE ( 'NONE', #314, #6939, #9197, .T. ) ;
#9188 = FACE_OUTER_BOUND ( 'NONE', #3602, .T. ) ;
#9189 = DIRECTION ( 'NONE',  ( -1.703767317533126255E-17, 1.000000000000000000, 1.212737214708384717E-16 ) ) ;
#9190 = DIRECTION ( 'NONE',  ( 4.307821798126287645E-15, 3.491481338843215397E-15, 1.000000000000000000 ) ) ;
#9191 = DIRECTION ( 'NONE',  ( -1.000000000000000000, 0.000000000000000000, 0.000000000000000000 ) ) ;
#9192 = DIRECTION ( 'NONE',  ( 1.047444401652941269E-14, -1.000000000000000000, 3.491481338843170037E-15 ) ) ;
#9193 = ORIENTED_EDGE ( 'NONE', *, *, #3414, .F. ) ;
#9194 = ADVANCED_FACE ( 'NONE', ( #413 ), #1786, .T. ) ;
#9195 = EDGE_CURVE ( 'NONE', #4758, #9177, #5615, .T. ) ;
#9196 = CARTESIAN_POINT ( 'NONE',  ( 7.125277970634268598, 1.859000000000040620, 5.390940707153915490 ) ) ;
#9197 = LINE ( 'NONE', #1680, #8275 ) ;
#9198 = CARTESIAN_POINT ( 'NONE',  ( 8.596179610090016965, 2.925000000000001599, -0.7920094304871192481 ) ) ;
#9199 = B_SPLINE_SURFACE_WITH_KNOTS ( 'NONE', 3, 1, ( 
 ( #3335, #4043 ),
 ( #9252, #2358 ),
 ( #1500, #4179 ),
 ( #10053, #5015 ),
 ( #4872, #8285 ),
 ( #3229, #7467 ),
 ( #10100, #8321 ),
 ( #1646, #4933 ),
 ( #10984, #10916 ) ),
 .UNSPECIFIED., .F., .F., .F.,
 ( 4, 2, 3, 4 ),
 ( 2, 2 ),
 ( 0.000000000000000000, 0.5000000000000000000, 1.000000000000000000, 1.010000000000000009 ),
 ( 0.000000000000000000, 1.000000000000000000 ),
 .UNSPECIFIED. ) ;
#9200 = CARTESIAN_POINT ( 'NONE',  ( -18.50000000000000711, 0.7500000000000001110, 0.1129691451777588007 ) ) ;
#9201 = CIRCLE ( 'NONE', #3797, 0.2500000000000002220 ) ;
#9202 = EDGE_CURVE ( 'NONE', #1433, #2308, #5232, .T. ) ;
#9203 = DIRECTION ( 'NONE',  ( 1.000000000000000000, 1.040834085586083310E-14, -3.469446951953611033E-15 ) ) ;
#9204 = CARTESIAN_POINT ( 'NONE',  ( 18.45139683872216452, 0.4454119254893345037, -0.4907050137545908020 ) ) ;
#9205 = CARTESIAN_POINT ( 'NONE',  ( 12.38977695522260092, 1.925000000000000488, 5.480297649229067147 ) ) ;
#9206 = CARTESIAN_POINT ( 'NONE',  ( 18.50000000000000711, 0.7563853344678433954, -0.2152781605150549393 ) ) ;
#9207 = ORIENTED_EDGE ( 'NONE', *, *, #541, .T. ) ;
#9208 = CARTESIAN_POINT ( 'NONE',  ( -0.7603458787334947955, 1.925000000000001599, -5.518769726311476553 ) ) ;
#9209 = VERTEX_POINT ( 'NONE', #3484 ) ;
#9210 = FACE_BOUND ( 'NONE', #2294, .T. ) ;
#9211 = CARTESIAN_POINT ( 'NONE',  ( 0.2051905512050949398, 1.859000000000007313, 16.68478047920480378 ) ) ;
#9212 = CIRCLE ( 'NONE', #9761, 0.3999999999999993006 ) ;
#9213 = CARTESIAN_POINT ( 'NONE',  ( -8.514586297939954918, 2.825000000000000622, 1.300000000000147482 ) ) ;
#9214 = CARTESIAN_POINT ( 'NONE',  ( -9.999999999999998224, -0.3750000000000000000, -6.699999999999998401 ) ) ;
#9215 = VERTEX_POINT ( 'NONE', #4446 ) ;
#9216 = CARTESIAN_POINT ( 'NONE',  ( -18.47309563455129222, 0.4478004880700353074, 0.4954169106673494971 ) ) ;
#9217 = CARTESIAN_POINT ( 'NONE',  ( -8.514586297939954918, 2.925000000000000711, 1.300000000000147482 ) ) ;
#9218 = CARTESIAN_POINT ( 'NONE',  ( 1.597455154124163057, -0.8149999999999999467, 4.517429646614707472 ) ) ;
#9219 = ADVANCED_FACE ( 'NONE', ( #2169 ), #10304, .T. ) ;
#9220 = ORIENTED_EDGE ( 'NONE', *, *, #7089, .F. ) ;
#9221 = DIRECTION ( 'NONE',  ( 0.000000000000000000, 0.000000000000000000, 1.000000000000000000 ) ) ;
#9222 = EDGE_CURVE ( 'NONE', #6440, #1052, #2440, .T. ) ;
#9223 = VERTEX_POINT ( 'NONE', #2705 ) ;
#9224 = VECTOR ( 'NONE', #1599, 1000.000000000000000 ) ;
#9225 = LINE ( 'NONE', #2710, #10713 ) ;
#9226 = CARTESIAN_POINT ( 'NONE',  ( -0.8897621636606606321, 0.7701726022895576396, -7.402566086932890421 ) ) ;
#9227 = EDGE_CURVE ( 'NONE', #8232, #10636, #3913, .T. ) ;
#9228 = ORIENTED_EDGE ( 'NONE', *, *, #7970, .T. ) ;
#9229 = DIRECTION ( 'NONE',  ( -0.000000000000000000, 1.000000000000000000, -0.000000000000000000 ) ) ;
#9230 = EDGE_LOOP ( 'NONE', ( #887, #1709, #2504, #5789, #7442, #10914, #1269, #6886, #5828, #10321, #9105, #6169, #6580, #9143, #10634, #8697, #9004, #6058, #6497, #3747, #3933, #145, #6779, #8137 ) ) ;
#9231 = DIRECTION ( 'NONE',  ( -1.703767317533126255E-17, 1.000000000000000000, 1.212737214708384717E-16 ) ) ;
#9232 = CARTESIAN_POINT ( 'NONE',  ( 6.653834630302630337, 2.925000000000002043, -7.249999999999958256 ) ) ;
#9233 = CARTESIAN_POINT ( 'NONE',  ( -9.999999999999966249, -0.8750000000000000000, 7.284696352579025813 ) ) ;
#9234 = VERTEX_POINT ( 'NONE', #5173 ) ;
#9235 = CARTESIAN_POINT ( 'NONE',  ( 18.47804884413901405, 0.4491252424021018319, -0.4980302418306535861 ) ) ;
#9236 = CYLINDRICAL_SURFACE ( 'NONE', #4646, 0.2000000000000005107 ) ;
#9237 = ORIENTED_EDGE ( 'NONE', *, *, #8361, .F. ) ;
#9238 = CYLINDRICAL_SURFACE ( 'NONE', #9605, 0.05999999999999929001 ) ;
#9239 = VECTOR ( 'NONE', #755, 999.9999999999998863 ) ;
#9240 = AXIS2_PLACEMENT_3D ( 'NONE', #4105, #2420, #8350 ) ;
#9241 = CARTESIAN_POINT ( 'NONE',  ( -18.45142330232434347, 0.1048226827975188846, -0.5667668608098530569 ) ) ;
#9242 = CARTESIAN_POINT ( 'NONE',  ( -12.77500000000000568, 1.925000000000000044, 5.225000000000178169 ) ) ;
#9243 = DIRECTION ( 'NONE',  ( -1.000000000000000000, -0.000000000000000000, -0.000000000000000000 ) ) ;
#9244 = CARTESIAN_POINT ( 'NONE',  ( -14.98754515854250613, 0.9135373892199024626, -0.4177017955974555719 ) ) ;
#9245 = FACE_OUTER_BOUND ( 'NONE', #9331, .T. ) ;
#9246 = AXIS2_PLACEMENT_3D ( 'NONE', #1262, #6416, #487 ) ;
#9247 = CARTESIAN_POINT ( 'NONE',  ( -17.24999999999999645, 0.2000000000000001499, 0.000000000000000000 ) ) ;
#9248 = ORIENTED_EDGE ( 'NONE', *, *, #10618, .T. ) ;
#9249 = LINE ( 'NONE', #3173, #3434 ) ;
#9250 = ORIENTED_EDGE ( 'NONE', *, *, #3902, .F. ) ;
#9251 = VECTOR ( 'NONE', #10515, 1000.000000000000000 ) ;
#9252 = CARTESIAN_POINT ( 'NONE',  ( 14.99999999999999822, 0.2374999999999998224, 0.4499999999999999001 ) ) ;
#9253 =( BOUNDED_SURFACE ( )  B_SPLINE_SURFACE ( 3, 2, ( 
 ( #4181, #4120, #1582 ),
 ( #5989, #2744, #8548 ),
 ( #6966, #5297, #6078 ),
 ( #108, #5128, #171 ),
 ( #24, #6894, #2590 ),
 ( #2634, #10259, #8517 ) ),
 .UNSPECIFIED., .F., .F., .F. ) 
 B_SPLINE_SURFACE_WITH_KNOTS ( ( 4, 2, 4 ),
 ( 3, 3 ),
 ( 0.000000000000000000, 0.0006291951838170465813, 0.001258390367634093163 ),
 ( 0.000000000000000000, 1.000000000000000000 ),
 .UNSPECIFIED. ) 
 GEOMETRIC_REPRESENTATION_ITEM ( )  RATIONAL_B_SPLINE_SURFACE ( (
 ( 1.000000000000000000, 0.7132504491541810099, 1.000000000000000000),
 ( 1.000000000000000000, 0.7143502890039601372, 1.000000000000000000),
 ( 1.000000000000000000, 0.7149512763027031648, 1.000000000000000000),
 ( 1.000000000000000000, 0.7149514577223111678, 1.000000000000000000),
 ( 1.000000000000000000, 0.7143505351244914259, 1.000000000000000000),
 ( 1.000000000000000000, 0.7132504491541810099, 1.000000000000000000) ) ) 
 REPRESENTATION_ITEM ( '' )  SURFACE ( )  );
#9254 = CARTESIAN_POINT ( 'NONE',  ( 1.113834182408208306, 1.492559779359134087, 5.710759004326510180 ) ) ;
#9255 = DIRECTION ( 'NONE',  ( 6.911138328291599464E-15, -1.212737214708358339E-16, 1.000000000000000000 ) ) ;
#9256 = CARTESIAN_POINT ( 'NONE',  ( -18.45699892703403222, 0.4454831370129665458, 0.4908454924231510086 ) ) ;
#9257 = CARTESIAN_POINT ( 'NONE',  ( 14.51869843047398767, 2.865573194708364468, -4.458049098283927592 ) ) ;
#9258 = FACE_OUTER_BOUND ( 'NONE', #3293, .T. ) ;
#9259 = DIRECTION ( 'NONE',  ( -1.000000000000000000, 0.000000000000000000, 8.673617379884032317E-15 ) ) ;
#9260 = CIRCLE ( 'NONE', #1509, 4.984665891610305266 ) ;
#9261 = ADVANCED_FACE ( 'NONE', ( #6415 ), #3793, .T. ) ;
#9262 = DIRECTION ( 'NONE',  ( 0.000000000000000000, 0.000000000000000000, -1.000000000000000000 ) ) ;
#9263 = EDGE_LOOP ( 'NONE', ( #1319, #6379, #9868, #492 ) ) ;
#9264 = ORIENTED_EDGE ( 'NONE', *, *, #1268, .T. ) ;
#9265 = CIRCLE ( 'NONE', #2485, 0.06000000000000015737 ) ;
#9266 = EDGE_CURVE ( 'NONE', #3661, #7545, #6027, .T. ) ;
#9267 = EDGE_LOOP ( 'NONE', ( #9248, #6275, #4314, #4047 ) ) ;
#9268 = AXIS2_PLACEMENT_3D ( 'NONE', #3485, #9322, #101 ) ;
#9269 = CARTESIAN_POINT ( 'NONE',  ( 12.72499999999987885, 1.925000000000001821, -5.224999999999996092 ) ) ;
#9270 = DIRECTION ( 'NONE',  ( -1.000000000000000000, 0.000000000000000000, 6.938893903907245733E-15 ) ) ;
#9271 = CIRCLE ( 'NONE', #7622, 1.030563360842449372 ) ;
#9272 = CARTESIAN_POINT ( 'NONE',  ( -13.87794990882725621, -0.3750000000000000000, 3.280563360842449150 ) ) ;
#9273 = CARTESIAN_POINT ( 'NONE',  ( -12.61068682838814148, -0.8149999999999999467, -5.262873992591397432 ) ) ;
#9274 = VERTEX_POINT ( 'NONE', #161 ) ;
#9275 = ORIENTED_EDGE ( 'NONE', *, *, #5647, .F. ) ;
#9276 = EDGE_LOOP ( 'NONE', ( #7935, #9843, #1533, #9432 ) ) ;
#9277 = CARTESIAN_POINT ( 'NONE',  ( -13.87794990882725621, -0.8149999999999999467, 3.212873992591398942 ) ) ;
#9278 = ORIENTED_EDGE ( 'NONE', *, *, #8101, .F. ) ;
#9279 = CARTESIAN_POINT ( 'NONE',  ( 4.792271032488154781, -0.8160471443862370444, 6.707698506541664329 ) ) ;
#9280 = EDGE_CURVE ( 'NONE', #8154, #8755, #3966, .T. ) ;
#9281 = ADVANCED_FACE ( 'NONE', ( #10826 ), #4308, .T. ) ;
#9282 = DIRECTION ( 'NONE',  ( -1.703767317533126255E-17, 1.000000000000000000, 1.212737214708384717E-16 ) ) ;
#9283 = DIRECTION ( 'NONE',  ( 0.000000000000000000, -1.000000000000000000, 0.000000000000000000 ) ) ;
#9284 = LINE ( 'NONE', #9680, #4521 ) ;
#9285 = CARTESIAN_POINT ( 'NONE',  ( -18.50000000000000355, 0.7127002083951697875, 0.2242401429016326331 ) ) ;
#9286 = VERTEX_POINT ( 'NONE', #4374 ) ;
#9287 = VERTEX_POINT ( 'NONE', #3521 ) ;
#9288 = APPLICATION_CONTEXT ( 'configuration controlled 3d designs of mechanical parts and assemblies' ) ;
#9289 = ORIENTED_EDGE ( 'NONE', *, *, #10901, .F. ) ;
#9290 = DIRECTION ( 'NONE',  ( 1.703767317533126255E-17, -1.000000000000000000, -1.212737214708384717E-16 ) ) ;
#9291 = CARTESIAN_POINT ( 'NONE',  ( -12.72500000000012221, 1.925000000000001377, -5.224999999999814015 ) ) ;
#9292 = ORIENTED_EDGE ( 'NONE', *, *, #4483, .F. ) ;
#9293 = DIRECTION ( 'NONE',  ( -1.047444401652941269E-14, 1.000000000000000000, -3.491481338843170037E-15 ) ) ;
#9294 = EDGE_CURVE ( 'NONE', #9024, #3206, #9398, .T. ) ;
#9295 = CARTESIAN_POINT ( 'NONE',  ( -6.500000000000059508, 2.825000000000000622, 0.8000000000001330491 ) ) ;
#9296 = ORIENTED_EDGE ( 'NONE', *, *, #5930, .F. ) ;
#9297 = DIRECTION ( 'NONE',  ( 0.000000000000000000, -0.000000000000000000, -1.000000000000000000 ) ) ;
#9298 = ORIENTED_EDGE ( 'NONE', *, *, #5760, .T. ) ;
#9299 = CARTESIAN_POINT ( 'NONE',  ( 14.78469635257902759, -0.8750000000000000000, 2.499999999999964917 ) ) ;
#9300 = DIRECTION ( 'NONE',  ( -0.5000000000000056621, 9.650728701756083233E-17, -0.8660254037844354880 ) ) ;
#9301 = DIRECTION ( 'NONE',  ( 1.000000000000000000, 1.029992063861230948E-14, -4.336808689942025625E-15 ) ) ;
#9302 = EDGE_CURVE ( 'NONE', #2679, #5512, #7757, .T. ) ;
#9303 = CARTESIAN_POINT ( 'NONE',  ( 14.78469635257902937, -0.6750000000000000444, 0.000000000000000000 ) ) ;
#9304 = ORIENTED_EDGE ( 'NONE', *, *, #7962, .T. ) ;
#9305 = DIRECTION ( 'NONE',  ( 0.3420201433256596091, 1.197872485827498251E-16, -0.9396926207859116476 ) ) ;
#9306 = DIRECTION ( 'NONE',  ( 0.000000000000000000, 0.000000000000000000, -1.000000000000000000 ) ) ;
#9307 = DIRECTION ( 'NONE',  ( -3.491481338843084446E-15, -3.491481338843206719E-15, -1.000000000000000000 ) ) ;
#9308 = CARTESIAN_POINT ( 'NONE',  ( -9.999999999999964473, 0.1999999999999999833, -7.499999999999999112 ) ) ;
#9309 = ORIENTED_EDGE ( 'NONE', *, *, #659, .F. ) ;
#9310 = DIRECTION ( 'NONE',  ( -1.000000000000000000, -1.703767317532268061E-17, 6.911138328291599464E-15 ) ) ;
#9311 = CIRCLE ( 'NONE', #6494, 0.06000000000000015737 ) ;
#9312 = AXIS2_PLACEMENT_3D ( 'NONE', #5801, #10049, #649 ) ;
#9313 = ADVANCED_FACE ( 'NONE', ( #966 ), #7760, .T. ) ;
#9314 = DIRECTION ( 'NONE',  ( 1.000000000000000000, 0.000000000000000000, -8.673617379884069985E-17 ) ) ;
#9315 = DIRECTION ( 'NONE',  ( -0.000000000000000000, -1.000000000000000000, 0.000000000000000000 ) ) ;
#9316 = ORIENTED_EDGE ( 'NONE', *, *, #10010, .F. ) ;
#9317 = ORIENTED_EDGE ( 'NONE', *, *, #4617, .F. ) ;
#9318 = DIRECTION ( 'NONE',  ( -7.341679198581128704E-15, 1.212737214708358339E-16, -1.000000000000000000 ) ) ;
#9319 = ORIENTED_EDGE ( 'NONE', *, *, #3132, .T. ) ;
#9320 = CARTESIAN_POINT ( 'NONE',  ( 10.95468318429283983, 2.825000000000001066, -2.001811090984638053 ) ) ;
#9321 = DIRECTION ( 'NONE',  ( -1.000000000000000000, 0.000000000000000000, 5.782411586589347778E-15 ) ) ;
#9322 = DIRECTION ( 'NONE',  ( 0.000000000000000000, 1.000000000000000000, 0.000000000000000000 ) ) ;
#9323 = CARTESIAN_POINT ( 'NONE',  ( 8.102823483831656404, 2.925000000000002043, -7.288053593047970402 ) ) ;
#9324 = FACE_OUTER_BOUND ( 'NONE', #1066, .T. ) ;
#9325 = EDGE_CURVE ( 'NONE', #6619, #6515, #9515, .T. ) ;
#9326 = DIRECTION ( 'NONE',  ( -1.000000000000000000, 0.000000000000000000, 5.782411586589353300E-15 ) ) ;
#9327 = CARTESIAN_POINT ( 'NONE',  ( -18.44991409307876751, -0.04860357516367928843, -0.4906874716957337346 ) ) ;
#9328 = CARTESIAN_POINT ( 'NONE',  ( -15.18772848475246917, -0.3638240089923084342, -0.6423245744909582555 ) ) ;
#9329 = CARTESIAN_POINT ( 'NONE',  ( 3.680600000000002758, 1.903999999999996584, 2.976800000555852144 ) ) ;
#9330 = AXIS2_PLACEMENT_3D ( 'NONE', #8466, #6713, #14 ) ;
#9331 = EDGE_LOOP ( 'NONE', ( #9690, #6306, #9531, #1865 ) ) ;
#9332 = CARTESIAN_POINT ( 'NONE',  ( 1.098269726311534189, 1.824999999999999956, 7.400000000000081180 ) ) ;
#9333 = DIRECTION ( 'NONE',  ( 1.703767317533126255E-17, -1.000000000000000000, -1.212737214708384717E-16 ) ) ;
#9334 = CARTESIAN_POINT ( 'NONE',  ( -18.50000000000000000, -0.1299007302175829159, -0.4496825360235940372 ) ) ;
#9335 = ADVANCED_FACE ( 'NONE', ( #6164, #6550 ), #353, .T. ) ;
#9336 = EDGE_LOOP ( 'NONE', ( #5520, #963, #59, #7911 ) ) ;
#9337 = CARTESIAN_POINT ( 'NONE',  ( -2.175000000000043343, 1.925000000000000044, 6.241175542187609615 ) ) ;
#9338 = VECTOR ( 'NONE', #10828, 1000.000000000000000 ) ;
#9339 = CIRCLE ( 'NONE', #6825, 0.4500000000000010658 ) ;
#9340 = CARTESIAN_POINT ( 'NONE',  ( 18.14999999999999858, 0.2000000000000001499, 0.000000000000000000 ) ) ;
#9341 = ORIENTED_EDGE ( 'NONE', *, *, #2489, .T. ) ;
#9342 = DIRECTION ( 'NONE',  ( 1.000000000000000000, 1.047444401652940007E-14, -3.491481338843121128E-15 ) ) ;
#9343 = CARTESIAN_POINT ( 'NONE',  ( 18.50000000000000000, 0.7941908499664257493, -0.05580917254784953374 ) ) ;
#9344 = ORIENTED_EDGE ( 'NONE', *, *, #9758, .T. ) ;
#9345 = EDGE_CURVE ( 'NONE', #9018, #7765, #1243, .T. ) ;
#9346 = CARTESIAN_POINT ( 'NONE',  ( -18.50000000000000000, -0.1697376748844366678, -0.4842280241544251740 ) ) ;
#9347 = CARTESIAN_POINT ( 'NONE',  ( 0.8676893682495945281, -0.8149999999999999467, 4.699999999999997513 ) ) ;
#9348 = CIRCLE ( 'NONE', #10649, 0.5000000000000004441 ) ;
#9349 = VECTOR ( 'NONE', #2328, 1000.000000000000000 ) ;
#9350 = CARTESIAN_POINT ( 'NONE',  ( -18.45140509807813345, 0.4454123484010240053, 0.4907050562564135299 ) ) ;
#9351 = ORIENTED_EDGE ( 'NONE', *, *, #1695, .F. ) ;
#9352 = EDGE_CURVE ( 'NONE', #4336, #5729, #3245, .T. ) ;
#9353 = DIRECTION ( 'NONE',  ( -1.703767317533126255E-17, 1.000000000000000000, 1.212737214708384717E-16 ) ) ;
#9354 = VERTEX_POINT ( 'NONE', #7176 ) ;
#9355 = DIRECTION ( 'NONE',  ( -1.000000000000000000, -1.703767317532268061E-17, 6.911138328291599464E-15 ) ) ;
#9356 = CARTESIAN_POINT ( 'NONE',  ( -15.00000000000000000, 0.3129999999999998339, 0.4529999999999999027 ) ) ;
#9357 = EDGE_CURVE ( 'NONE', #5889, #7402, #5497, .T. ) ;
#9358 = DIRECTION ( 'NONE',  ( 0.000000000000000000, 1.000000000000000000, 0.000000000000000000 ) ) ;
#9359 = CYLINDRICAL_SURFACE ( 'NONE', #3081, 0.2000000000000005107 ) ;
#9360 = B_SPLINE_CURVE_WITH_KNOTS ( 'NONE', 3,
 ( #5318, #7130, #5347, #1946 ),
 .UNSPECIFIED., .F., .F.,
 ( 4, 4 ),
 ( -5.999999970717636373E-08, 0.0005138372158008792890 ),
 .UNSPECIFIED. ) ;
#9361 = PLANE ( 'NONE',  #8551 ) ;
#9362 = CARTESIAN_POINT ( 'NONE',  ( 12.74999999999991118, 1.925000000000000488, 5.750000000000000888 ) ) ;
#9363 = VECTOR ( 'NONE', #11026, 1000.000000000000114 ) ;
#9364 = DIRECTION ( 'NONE',  ( 1.000000000000000000, 0.000000000000000000, 0.000000000000000000 ) ) ;
#9365 = EDGE_LOOP ( 'NONE', ( #7721, #10336, #6562, #2079, #9237 ) ) ;
#9366 = ORIENTED_EDGE ( 'NONE', *, *, #10670, .F. ) ;
#9367 = CARTESIAN_POINT ( 'NONE',  ( 0.5767799320671301855, 1.865000000000000435, -7.355636539395100648 ) ) ;
#9368 = EDGE_CURVE ( 'NONE', #5040, #5553, #2726, .T. ) ;
#9369 = ORIENTED_EDGE ( 'NONE', *, *, #6190, .T. ) ;
#9370 = EDGE_CURVE ( 'NONE', #6011, #109, #7213, .T. ) ;
#9371 = CARTESIAN_POINT ( 'NONE',  ( 3.696769726311527560, 1.925000000000000266, 6.665300187280354116 ) ) ;
#9372 = DIRECTION ( 'NONE',  ( 0.000000000000000000, 1.000000000000000000, -0.000000000000000000 ) ) ;
#9373 = DIRECTION ( 'NONE',  ( -0.4999999999999888978, -1.135449601928837502E-16, 0.8660254037844450359 ) ) ;
#9374 = VECTOR ( 'NONE', #5981, 1000.000000000000000 ) ;
#9375 = DIRECTION ( 'NONE',  ( -1.000000000000000000, -0.000000000000000000, 1.301042606982605814E-16 ) ) ;
#9376 = FACE_OUTER_BOUND ( 'NONE', #9267, .T. ) ;
#9377 = FACE_OUTER_BOUND ( 'NONE', #10205, .T. ) ;
#9378 = DIRECTION ( 'NONE',  ( 1.047444401652941269E-14, -1.000000000000000000, 3.491481338843170037E-15 ) ) ;
#9379 = ADVANCED_FACE ( 'NONE', ( #4580 ), #20, .F. ) ;
#9380 = DIRECTION ( 'NONE',  ( 0.9998476951563912696, 0.01745240643728296001, -8.673617379884032317E-15 ) ) ;
#9381 = EDGE_CURVE ( 'NONE', #6991, #10643, #1914, .T. ) ;
#9382 = ORIENTED_EDGE ( 'NONE', *, *, #9441, .T. ) ;
#9383 = VECTOR ( 'NONE', #6261, 1000.000000000000114 ) ;
#9384 = CARTESIAN_POINT ( 'NONE',  ( -1.180344290324007561, 1.865000000000000435, 7.360935792454062820 ) ) ;
#9385 = EDGE_CURVE ( 'NONE', #6524, #1577, #673, .T. ) ;
#9386 = ORIENTED_EDGE ( 'NONE', *, *, #1369, .F. ) ;
#9387 = CARTESIAN_POINT ( 'NONE',  ( -18.50000000000000000, -0.04727668043419337718, -0.4912781730480662579 ) ) ;
#9388 = VECTOR ( 'NONE', #10002, 1000.000000000000000 ) ;
#9389 = ORIENTED_EDGE ( 'NONE', *, *, #5962, .F. ) ;
#9390 = LINE ( 'NONE', #5184, #1409 ) ;
#9391 = CARTESIAN_POINT ( 'NONE',  ( 3.125021300494541077, 1.904000000000036330, 15.99997886453819618 ) ) ;
#9392 = AXIS2_PLACEMENT_3D ( 'NONE', #10268, #6089, #2646 ) ;
#9393 = CARTESIAN_POINT ( 'NONE',  ( 12.38977695522256539, 1.925000000000001821, -6.019702350770931965 ) ) ;
#9394 = ADVANCED_FACE ( 'NONE', ( #4701 ), #10705, .T. ) ;
#9395 = LINE ( 'NONE', #5618, #7961 ) ;
#9396 = VECTOR ( 'NONE', #8400, 1000.000000000000000 ) ;
#9397 = ADVANCED_FACE ( 'NONE', ( #7605 ), #5226, .F. ) ;
#9398 =( BOUNDED_CURVE ( )  B_SPLINE_CURVE ( 3, ( #9453, #10317, #5209, #6923 ),
 .UNSPECIFIED., .F., .F. ) 
 B_SPLINE_CURVE_WITH_KNOTS ( ( 4, 4 ),
 ( 5.497939437029712550, 7.068431177329452808 ),
 .UNSPECIFIED. ) 
 CURVE ( )  GEOMETRIC_REPRESENTATION_ITEM ( )  RATIONAL_B_SPLINE_CURVE ( ( 1.000000000000000000, 0.8048096403827843526, 0.8048096403827843526, 1.000000000000000000 ) ) 
 REPRESENTATION_ITEM ( '' )  );
#9399 = VECTOR ( 'NONE', #3401, 1000.000000000000114 ) ;
#9400 = ORIENTED_EDGE ( 'NONE', *, *, #2522, .T. ) ;
#9401 = CARTESIAN_POINT ( 'NONE',  ( -1.781353769400173093, 1.925000000000000044, 6.965031310981373736 ) ) ;
#9402 = VECTOR ( 'NONE', #4765, 1000.000000000000000 ) ;
#9403 = ORIENTED_EDGE ( 'NONE', *, *, #1624, .F. ) ;
#9404 = LINE ( 'NONE', #4468, #9943 ) ;
#9405 = DIRECTION ( 'NONE',  ( 1.000000000000000000, 1.703767317532268061E-17, -6.911138328291599464E-15 ) ) ;
#9406 = ORIENTED_EDGE ( 'NONE', *, *, #89, .F. ) ;
#9407 = DIRECTION ( 'NONE',  ( -1.047444401652941269E-14, 1.000000000000000000, -3.491481338843170037E-15 ) ) ;
#9408 = EDGE_CURVE ( 'NONE', #8317, #2874, #953, .T. ) ;
#9409 = CARTESIAN_POINT ( 'NONE',  ( 1.049012210058064554, 0.5919197660489260437, 7.493159015036962245 ) ) ;
#9410 = AXIS2_PLACEMENT_3D ( 'NONE', #47, #5159, #2661 ) ;
#9411 = DIRECTION ( 'NONE',  ( 0.000000000000000000, -1.000000000000000000, 0.000000000000000000 ) ) ;
#9412 = CYLINDRICAL_SURFACE ( 'NONE', #7995, 0.2500000000000002220 ) ;
#9413 = ORIENTED_EDGE ( 'NONE', *, *, #6810, .T. ) ;
#9414 = CIRCLE ( 'NONE', #9991, 0.3254362312903775756 ) ;
#9415 = VERTEX_POINT ( 'NONE', #8365 ) ;
#9416 = EDGE_LOOP ( 'NONE', ( #4118, #5589, #8874, #3318 ) ) ;
#9417 = CYLINDRICAL_SURFACE ( 'NONE', #30, 0.05999999999999994227 ) ;
#9418 = ORIENTED_EDGE ( 'NONE', *, *, #2753, .F. ) ;
#9419 = CARTESIAN_POINT ( 'NONE',  ( -1.180344290324007561, 1.925000000000000266, 7.360935792454062820 ) ) ;
#9420 = CARTESIAN_POINT ( 'NONE',  ( 15.00000000000000000, 0.3129999999999997784, -0.3750000000000001110 ) ) ;
#9421 = CARTESIAN_POINT ( 'NONE',  ( 0.8860207152529951946, 1.025000000000000355, 6.591421356237392892 ) ) ;
#9422 = AXIS2_PLACEMENT_3D ( 'NONE', #563, #6570, #10833 ) ;
#9423 = CARTESIAN_POINT ( 'NONE',  ( -13.21716333698683066, 1.925000000000000044, 5.990849364905566077 ) ) ;
#9424 = CARTESIAN_POINT ( 'NONE',  ( -18.50000000000003908, -0.2495592168531914345, 0.4105717550403538141 ) ) ;
#9425 = DIRECTION ( 'NONE',  ( 8.673617379884032317E-15, -1.212737214708383238E-16, 1.000000000000000000 ) ) ;
#9426 = EDGE_CURVE ( 'NONE', #4115, #5780, #3636, .T. ) ;
#9427 = VECTOR ( 'NONE', #9255, 1000.000000000000000 ) ;
#9428 = CARTESIAN_POINT ( 'NONE',  ( 0.8042086138918974614, -0.6161113284688907177, 5.430725082054738806 ) ) ;
#9429 = ORIENTED_EDGE ( 'NONE', *, *, #10700, .T. ) ;
#9430 = ORIENTED_EDGE ( 'NONE', *, *, #10652, .T. ) ;
#9431 = ORIENTED_EDGE ( 'NONE', *, *, #9630, .F. ) ;
#9432 = ORIENTED_EDGE ( 'NONE', *, *, #10597, .T. ) ;
#9433 = AXIS2_PLACEMENT_3D ( 'NONE', #5612, #4862, #502 ) ;
#9434 = EDGE_LOOP ( 'NONE', ( #7877, #6421, #3629, #8521 ) ) ;
#9435 = CARTESIAN_POINT ( 'NONE',  ( 18.50000000000042988, 0.6096913255961052824, 0.3814657333769573833 ) ) ;
#9436 = CARTESIAN_POINT ( 'NONE',  ( 8.018326937618004635, 2.825000000000001510, -2.920063727479454752 ) ) ;
#9437 = CARTESIAN_POINT ( 'NONE',  ( 4.532310631747493268, -0.8749999999999997780, 6.660019849192677199 ) ) ;
#9438 = DIRECTION ( 'NONE',  ( -1.703767317533126255E-17, 1.000000000000000000, 1.212737214708384717E-16 ) ) ;
#9439 = LINE ( 'NONE', #1602, #2527 ) ;
#9440 = CARTESIAN_POINT ( 'NONE',  ( -12.75000000000012257, 1.925000000000001377, -5.749999999999825029 ) ) ;
#9441 = EDGE_CURVE ( 'NONE', #8335, #9126, #10815, .T. ) ;
#9442 = ORIENTED_EDGE ( 'NONE', *, *, #1356, .F. ) ;
#9443 = ORIENTED_EDGE ( 'NONE', *, *, #2475, .F. ) ;
#9444 = EDGE_CURVE ( 'NONE', #7287, #10050, #8733, .T. ) ;
#9445 = ADVANCED_FACE ( 'NONE', ( #7205 ), #3110, .T. ) ;
#9446 = CARTESIAN_POINT ( 'NONE',  ( -1.113834182408206974, 1.492559779359134975, 5.710759004326511068 ) ) ;
#9447 = ORIENTED_EDGE ( 'NONE', *, *, #2904, .T. ) ;
#9448 = CARTESIAN_POINT ( 'NONE',  ( -14.99996343366260909, 0.1979051159341229937, 0.8000048695842888469 ) ) ;
#9449 = DIRECTION ( 'NONE',  ( 0.000000000000000000, 0.000000000000000000, -1.000000000000000000 ) ) ;
#9450 = CARTESIAN_POINT ( 'NONE',  ( -14.99996953439121761, 0.1999999999999999833, 2.517454373653922328 ) ) ;
#9451 = B_SPLINE_CURVE_WITH_KNOTS ( 'NONE', 3,
 ( #5536, #8098, #4755, #3889 ),
 .UNSPECIFIED., .F., .F.,
 ( 4, 4 ),
 ( 0.000000000000000000, 1.116954011986148916E-05 ),
 .UNSPECIFIED. ) ;
#9452 = CARTESIAN_POINT ( 'NONE',  ( 14.98260586164928831, 1.196509518712543407, -0.1324704681479554058 ) ) ;
#9453 = CARTESIAN_POINT ( 'NONE',  ( -1.230336675081828313, 1.866047144386237644, 7.470919038921264743 ) ) ;
#9454 = CARTESIAN_POINT ( 'NONE',  ( 1.260269726311462835, 1.925000000000001377, -3.362138890782187861 ) ) ;
#9455 = EDGE_CURVE ( 'NONE', #2818, #10666, #7328, .T. ) ;
#9456 = ORIENTED_EDGE ( 'NONE', *, *, #4779, .T. ) ;
#9457 = DIRECTION ( 'NONE',  ( -1.000000000000000000, -1.047444401652940007E-14, 3.491481338843121128E-15 ) ) ;
#9458 = CARTESIAN_POINT ( 'NONE',  ( 15.00000000000000000, 0.3129999999999997784, -0.4530000000000001248 ) ) ;
#9459 = DIRECTION ( 'NONE',  ( -1.703767317533126255E-17, 1.000000000000000000, 1.212737214708384717E-16 ) ) ;
#9460 = DIRECTION ( 'NONE',  ( 1.703767317533126255E-17, -1.000000000000000000, -1.212737214708384717E-16 ) ) ;
#9461 = DIRECTION ( 'NONE',  ( -1.000000000000000000, -1.040834085586083310E-14, 3.469446951953611033E-15 ) ) ;
#9462 = CARTESIAN_POINT ( 'NONE',  ( -18.50000000000002487, -0.2478181458070216336, -0.4124959475786065255 ) ) ;
#9463 = ADVANCED_FACE ( 'NONE', ( #9477, #7465 ), #4931, .T. ) ;
#9464 = FACE_OUTER_BOUND ( 'NONE', #8888, .T. ) ;
#9465 = EDGE_CURVE ( 'NONE', #9215, #7509, #10566, .T. ) ;
#9466 = CARTESIAN_POINT ( 'NONE',  ( -18.48118663857003341, -0.05354088237424897007, -0.5004258539217802948 ) ) ;
#9467 = CARTESIAN_POINT ( 'NONE',  ( 3.802544845872923407, -0.8750000000000000000, 4.517429646614706584 ) ) ;
#9468 = EDGE_LOOP ( 'NONE', ( #6471, #1983, #7998, #5486 ) ) ;
#9469 = ORIENTED_EDGE ( 'NONE', *, *, #3949, .F. ) ;
#9470 = DIRECTION ( 'NONE',  ( 1.703767317533126255E-17, -1.000000000000000000, -1.212737214708384717E-16 ) ) ;
#9471 = CARTESIAN_POINT ( 'NONE',  ( 18.45401008076914806, 0.6074175707333082652, 0.3780960860194983453 ) ) ;
#9472 = VECTOR ( 'NONE', #545, 1000.000000000000000 ) ;
#9473 = CARTESIAN_POINT ( 'NONE',  ( -7.500000000000007994, 1.903999999999869130, 3.469446951953614189E-15 ) ) ;
#9474 = DIRECTION ( 'NONE',  ( -1.047444401652941269E-14, 1.000000000000000000, -3.491481338843170037E-15 ) ) ;
#9475 = EDGE_LOOP ( 'NONE', ( #741, #2557, #3644, #9207 ) ) ;
#9476 = AXIS2_PLACEMENT_3D ( 'NONE', #2831, #10419, #9696 ) ;
#9477 = FACE_OUTER_BOUND ( 'NONE', #7843, .T. ) ;
#9478 = CARTESIAN_POINT ( 'NONE',  ( -15.19990861245377367, 0.2055847700599307826, -0.7999805062271065914 ) ) ;
#9479 = DIRECTION ( 'NONE',  ( -1.703767317533126255E-17, 1.000000000000000000, 1.212737214708384717E-16 ) ) ;
#9480 = CARTESIAN_POINT ( 'NONE',  ( -7.499999998840706894, 1.858999999999868535, 0.001000006000985431687 ) ) ;
#9481 = CARTESIAN_POINT ( 'NONE',  ( 15.18615437724342954, 0.8359684560284461607, 0.4967646473869037349 ) ) ;
#9482 = DIRECTION ( 'NONE',  ( 0.9848077530122052448, -4.280128095954397614E-18, 0.1736481776669458466 ) ) ;
#9483 = CARTESIAN_POINT ( 'NONE',  ( -18.49999999999969091, 0.2917359935229381085, -0.5695610537810535945 ) ) ;
#9484 = EDGE_LOOP ( 'NONE', ( #3887, #6731, #10292, #8824 ) ) ;
#9485 = AXIS2_PLACEMENT_3D ( 'NONE', #901, #4310, #974 ) ;
#9486 = CARTESIAN_POINT ( 'NONE',  ( -1.098269726311608796, 1.824999999999999956, 6.501638890782360569 ) ) ;
#9487 = EDGE_CURVE ( 'NONE', #4987, #3133, #3376, .T. ) ;
#9488 = VECTOR ( 'NONE', #7816, 1000.000000000000114 ) ;
#9489 = LINE ( 'NONE', #4132, #6672 ) ;
#9490 = DIRECTION ( 'NONE',  ( 1.000000000000000000, -0.000000000000000000, -0.000000000000000000 ) ) ;
#9491 = DIRECTION ( 'NONE',  ( -1.000000000000000000, 0.000000000000000000, 6.923092871256209446E-15 ) ) ;
#9492 = AXIS2_PLACEMENT_3D ( 'NONE', #8538, #1757, #3606 ) ;
#9493 = EDGE_LOOP ( 'NONE', ( #1710, #5595, #2972, #7478 ) ) ;
#9494 = CARTESIAN_POINT ( 'NONE',  ( 14.94999999999990514, 2.825000000000001066, -0.9723881173739775674 ) ) ;
#9495 = VERTEX_POINT ( 'NONE', #4152 ) ;
#9496 = LINE ( 'NONE', #2199, #4949 ) ;
#9497 = CC_DESIGN_DATE_AND_TIME_ASSIGNMENT ( #6796, #1568, ( #1089 ) ) ;
#9498 = TOROIDAL_SURFACE ( 'NONE', #5551, 4.750000000000000888, 0.2500000000000000000 ) ;
#9499 = CARTESIAN_POINT ( 'NONE',  ( 18.45607459149330509, 0.7371301385384760874, -0.1011087063105968464 ) ) ;
#9500 = ORIENTED_EDGE ( 'NONE', *, *, #3121, .F. ) ;
#9501 = VERTEX_POINT ( 'NONE', #5053 ) ;
#9502 = CARTESIAN_POINT ( 'NONE',  ( -1.098269726311605243, 1.824999999999999956, 7.400000000000094502 ) ) ;
#9503 = CARTESIAN_POINT ( 'NONE',  ( 0.8983001872802567345, 1.828490481287456726, 7.400000000000081180 ) ) ;
#9504 = ORIENTED_EDGE ( 'NONE', *, *, #9294, .T. ) ;
#9505 = FACE_OUTER_BOUND ( 'NONE', #9263, .T. ) ;
#9506 = FACE_OUTER_BOUND ( 'NONE', #1720, .T. ) ;
#9507 = ADVANCED_FACE ( 'NONE', ( #2041 ), #10949, .F. ) ;
#9508 = EDGE_LOOP ( 'NONE', ( #5848, #6540, #9264, #2353 ) ) ;
#9509 = CARTESIAN_POINT ( 'NONE',  ( -14.99746824107247711, 0.05495562817218056090, 0.7996304777384324325 ) ) ;
#9510 = ORIENTED_EDGE ( 'NONE', *, *, #7747, .T. ) ;
#9511 = CARTESIAN_POINT ( 'NONE',  ( 18.49312478454782394, 0.4565700607794483390, 0.5127165653753986696 ) ) ;
#9512 = EDGE_CURVE ( 'NONE', #10694, #6254, #5741, .T. ) ;
#9513 = ORIENTED_EDGE ( 'NONE', *, *, #2312, .F. ) ;
#9514 = CARTESIAN_POINT ( 'NONE',  ( 18.50000000000000000, -0.06427129807304572673, -0.5388831837233760691 ) ) ;
#9515 = B_SPLINE_CURVE_WITH_KNOTS ( 'NONE', 3,
 ( #3668, #10468, #2924, #8772, #9561, #5468 ),
 .UNSPECIFIED., .F., .F.,
 ( 4, 2, 4 ),
 ( 0.000000000000000000, 0.0003492667026253557243, 0.0006985334052507114486 ),
 .UNSPECIFIED. ) ;
#9516 = CARTESIAN_POINT ( 'NONE',  ( 14.98892285171478456, 0.8346094002340640472, -0.4985547535802699048 ) ) ;
#9517 = CARTESIAN_POINT ( 'NONE',  ( 4.592290792313566961, -0.8166602124758746140, 6.624886500716996807 ) ) ;
#9518 = DIRECTION ( 'NONE',  ( -1.000000000000000000, 0.000000000000000000, 7.709882115452471067E-15 ) ) ;
#9519 = CIRCLE ( 'NONE', #4439, 10.10809669894272567 ) ;
#9520 = ORIENTED_EDGE ( 'NONE', *, *, #4098, .T. ) ;
#9521 = VECTOR ( 'NONE', #2142, 999.9999999999998863 ) ;
#9522 = LINE ( 'NONE', #2662, #8175 ) ;
#9523 = CARTESIAN_POINT ( 'NONE',  ( 15.00000000000000000, 0.3129999999999997784, -0.4500000000000001221 ) ) ;
#9524 = EDGE_CURVE ( 'NONE', #4336, #10445, #2717, .T. ) ;
#9525 = DIRECTION ( 'NONE',  ( -1.000000000000000000, 0.000000000000000000, 6.938893903907222067E-15 ) ) ;
#9526 = CARTESIAN_POINT ( 'NONE',  ( 15.00000000000000000, 0.3129999999999997784, 0.1499999999999997169 ) ) ;
#9527 = DIRECTION ( 'NONE',  ( 0.8660254037844425934, -4.588180294421168786E-17, 0.4999999999999932276 ) ) ;
#9528 = DIRECTION ( 'NONE',  ( 0.000000000000000000, 0.000000000000000000, -1.000000000000000000 ) ) ;
#9529 = CYLINDRICAL_SURFACE ( 'NONE', #3932, 0.8000000000000000444 ) ;
#9530 = CIRCLE ( 'NONE', #1553, 0.06000000000000015737 ) ;
#9531 = ORIENTED_EDGE ( 'NONE', *, *, #3891, .F. ) ;
#9532 = CARTESIAN_POINT ( 'NONE',  ( -14.99993907342249422, 0.1965095187125432963, 0.000000000000000000 ) ) ;
#9533 = VECTOR ( 'NONE', #4575, 1000.000000000000000 ) ;
#9534 = ORIENTED_EDGE ( 'NONE', *, *, #1327, .T. ) ;
#9535 = CARTESIAN_POINT ( 'NONE',  ( -18.46121011974900483, -0.04903401645907166234, -0.4915372272392894426 ) ) ;
#9536 = CIRCLE ( 'NONE', #7594, 5.000000000000000888 ) ;
#9537 = CARTESIAN_POINT ( 'NONE',  ( 12.33631939038324532, 1.925000000000000488, 5.572888867579746552 ) ) ;
#9538 = AXIS2_PLACEMENT_3D ( 'NONE', #2526, #4282, #2608 ) ;
#9539 = EDGE_CURVE ( 'NONE', #10675, #10675, #9750, .T. ) ;
#9540 = DIRECTION ( 'NONE',  ( 0.000000000000000000, 1.000000000000000000, -0.000000000000000000 ) ) ;
#9541 = VECTOR ( 'NONE', #4160, 1000.000000000000227 ) ;
#9542 = LINE ( 'NONE', #3760, #6884 ) ;
#9543 = AXIS2_PLACEMENT_3D ( 'NONE', #8289, #10064, #5768 ) ;
#9544 = DIRECTION ( 'NONE',  ( -0.7071067811865496822, -9.875400524329111862E-15, -0.7071067811865453523 ) ) ;
#9545 = ORIENTED_EDGE ( 'NONE', *, *, #7677, .T. ) ;
#9546 = ORIENTED_EDGE ( 'NONE', *, *, #4550, .T. ) ;
#9547 = VERTEX_POINT ( 'NONE', #10866 ) ;
#9548 = DIRECTION ( 'NONE',  ( 1.000000000000000000, 1.040834085586083310E-14, -3.491481338843121128E-15 ) ) ;
#9549 = EDGE_LOOP ( 'NONE', ( #8574, #11008, #6648, #4182 ) ) ;
#9550 = DIRECTION ( 'NONE',  ( -1.703767317533126255E-17, 1.000000000000000000, 1.212737214708384717E-16 ) ) ;
#9551 = CARTESIAN_POINT ( 'NONE',  ( -14.98888489164168192, -0.4367841313723206387, 0.5051685359220060567 ) ) ;
#9552 = LINE ( 'NONE', #4786, #6104 ) ;
#9553 = DIRECTION ( 'NONE',  ( 1.000000000000000000, 0.000000000000000000, 0.000000000000000000 ) ) ;
#9554 = ORIENTED_EDGE ( 'NONE', *, *, #659, .T. ) ;
#9555 = VERTEX_POINT ( 'NONE', #10846 ) ;
#9556 = ORIENTED_EDGE ( 'NONE', *, *, #8504, .F. ) ;
#9557 = EDGE_CURVE ( 'NONE', #8208, #8302, #10967, .T. ) ;
#9558 = CARTESIAN_POINT ( 'NONE',  ( 0.7086068515431787063, 0.2000000000000000111, -7.500000000000000000 ) ) ;
#9559 = VERTEX_POINT ( 'NONE', #2300 ) ;
#9560 = DIRECTION ( 'NONE',  ( -1.000000000000000000, -1.040834087363239412E-14, 3.469446957877464577E-15 ) ) ;
#9561 = CARTESIAN_POINT ( 'NONE',  ( 1.343937020678948491, 0.6999999999999999556, 5.274182904069406597 ) ) ;
#9562 = DIRECTION ( 'NONE',  ( -0.7071067811865500152, -9.875400524329113439E-15, -0.7071067811865451302 ) ) ;
#9563 = AXIS2_PLACEMENT_3D ( 'NONE', #8941, #488, #3888 ) ;
#9564 = VECTOR ( 'NONE', #5462, 1000.000000000000000 ) ;
#9565 = CARTESIAN_POINT ( 'NONE',  ( -12.30783666301316792, 1.925000000000000044, 5.465849364905563057 ) ) ;
#9566 = ORIENTED_EDGE ( 'NONE', *, *, #4678, .F. ) ;
#9567 = CARTESIAN_POINT ( 'NONE',  ( 4.459454426004141325, 0.6999999999999999556, 6.222026428435436962 ) ) ;
#9568 = ADVANCED_FACE ( 'NONE', ( #2287 ), #2978, .T. ) ;
#9569 = DIRECTION ( 'NONE',  ( 1.703767317533126255E-17, -1.000000000000000000, -1.212737214708384717E-16 ) ) ;
#9570 = AXIS2_PLACEMENT_3D ( 'NONE', #10958, #6774, #5852 ) ;
#9571 = ORIENTED_EDGE ( 'NONE', *, *, #6890, .T. ) ;
#9572 = DIRECTION ( 'NONE',  ( 0.2451408402106067252, 0.000000000000000000, 0.9694874772068168278 ) ) ;
#9573 = CARTESIAN_POINT ( 'NONE',  ( -1.200889939151108532, 0.1771250080561634077, 7.390382528384781047 ) ) ;
#9574 = ADVANCED_FACE ( 'NONE', ( #9188 ), #665, .T. ) ;
#9575 = ORIENTED_EDGE ( 'NONE', *, *, #6587, .T. ) ;
#9576 = EDGE_CURVE ( 'NONE', #892, #3177, #6, .T. ) ;
#9577 = CARTESIAN_POINT ( 'NONE',  ( 0.8014028714125099873, -0.4553704494789815316, 5.428492039442390116 ) ) ;
#9578 = ORIENTED_EDGE ( 'NONE', *, *, #1456, .T. ) ;
#9579 = EDGE_CURVE ( 'NONE', #7051, #9234, #9062, .T. ) ;
#9580 = CARTESIAN_POINT ( 'NONE',  ( 18.44991409307876751, -0.04860357516367896924, 0.4906874716957338456 ) ) ;
#9581 = CARTESIAN_POINT ( 'NONE',  ( 14.13747139912805828, -0.8750000000000000000, 3.546184957490957856 ) ) ;
#9582 = ORIENTED_EDGE ( 'NONE', *, *, #6308, .F. ) ;
#9583 = VERTEX_POINT ( 'NONE', #10761 ) ;
#9584 = DIRECTION ( 'NONE',  ( -1.000000000000000000, -1.703767317532270218E-17, 7.084610675889280174E-15 ) ) ;
#9585 = EDGE_CURVE ( 'NONE', #10666, #10029, #5071, .T. ) ;
#9586 = CARTESIAN_POINT ( 'NONE',  ( 12.30783666301304002, 1.925000000000001821, -6.034150635094604809 ) ) ;
#9587 = EDGE_LOOP ( 'NONE', ( #4999, #7869, #3998, #9845 ) ) ;
#9588 = B_SPLINE_CURVE_WITH_KNOTS ( 'NONE', 3,
 ( #9350, #10274, #10306, #1671 ),
 .UNSPECIFIED., .F., .F.,
 ( 4, 4 ),
 ( 0.000000000000000000, 2.480315845674925997E-08 ),
 .UNSPECIFIED. ) ;
#9589 = CARTESIAN_POINT ( 'NONE',  ( -2.618646230599907643, 1.925000000000000044, 6.965031310981377288 ) ) ;
#9590 = EDGE_CURVE ( 'NONE', #7031, #1848, #277, .T. ) ;
#9591 = CARTESIAN_POINT ( 'NONE',  ( 14.98140165815969560, -0.7125702875493082900, 0.3223463490270305210 ) ) ;
#9592 = CARTESIAN_POINT ( 'NONE',  ( 0.6250000011593496163, 1.859000000000012198, 16.75100000600095385 ) ) ;
#9593 = LINE ( 'NONE', #6928, #3497 ) ;
#9594 = EDGE_CURVE ( 'NONE', #10844, #6474, #6809, .T. ) ;
#9595 = CARTESIAN_POINT ( 'NONE',  ( -1.211869793991679822, 0.8080802352918987630, 7.489385920011413234 ) ) ;
#9596 = ORIENTED_EDGE ( 'NONE', *, *, #1196, .F. ) ;
#9597 =( BOUNDED_CURVE ( )  B_SPLINE_CURVE ( 3, ( #4698, #9934, #1417, #1317 ),
 .UNSPECIFIED., .F., .F. ) 
 B_SPLINE_CURVE_WITH_KNOTS ( ( 4, 4 ),
 ( 5.497939437029716991, 7.068431177329451032 ),
 .UNSPECIFIED. ) 
 CURVE ( )  GEOMETRIC_REPRESENTATION_ITEM ( )  RATIONAL_B_SPLINE_CURVE ( ( 1.000000000000000000, 0.8048096403827857959, 0.8048096403827857959, 1.000000000000000000 ) ) 
 REPRESENTATION_ITEM ( '' )  );
#9598 = CARTESIAN_POINT ( 'NONE',  ( -6.000000000000095923, 2.925000000000001599, -4.327032419940804786 ) ) ;
#9599 = VERTEX_POINT ( 'NONE', #9021 ) ;
#9600 = CARTESIAN_POINT ( 'NONE',  ( 1.260269726311448180, 1.925000000000001599, -5.018845878733295685 ) ) ;
#9601 = DIRECTION ( 'NONE',  ( 0.01745198130024986499, 0.9998233390720429048, 0.006979899392303745391 ) ) ;
#9602 = EDGE_CURVE ( 'NONE', #6861, #2679, #9881, .T. ) ;
#9603 = CARTESIAN_POINT ( 'NONE',  ( -12.69654243516076342, 1.925000000000001377, -6.196813483191006888 ) ) ;
#9604 = VECTOR ( 'NONE', #9479, 1000.000000000000000 ) ;
#9605 = AXIS2_PLACEMENT_3D ( 'NONE', #1352, #8225, #9949 ) ;
#9606 = CARTESIAN_POINT ( 'NONE',  ( 12.85975103337099945, 2.825000000000001954, -5.403109303582688483 ) ) ;
#9607 =( BOUNDED_CURVE ( )  B_SPLINE_CURVE ( 3, ( #8389, #5808, #9328, #6722 ),
 .UNSPECIFIED., .F., .F. ) 
 B_SPLINE_CURVE_WITH_KNOTS ( ( 4, 4 ),
 ( 1.577777346072571030, 2.650845457626366919 ),
 .UNSPECIFIED. ) 
 CURVE ( )  GEOMETRIC_REPRESENTATION_ITEM ( )  RATIONAL_B_SPLINE_CURVE ( ( 1.000000000000000000, 0.9063236618287560109, 0.9063236618287560109, 1.000000000000000000 ) ) 
 REPRESENTATION_ITEM ( '' )  );
#9608 = VERTEX_POINT ( 'NONE', #7305 ) ;
#9609 = CARTESIAN_POINT ( 'NONE',  ( -1.149999999984068211, 1.704999999999938121, 0.7500000118043359532 ) ) ;
#9610 = DIRECTION ( 'NONE',  ( 0.000000000000000000, 0.000000000000000000, -1.000000000000000000 ) ) ;
#9611 = ORIENTED_EDGE ( 'NONE', *, *, #5057, .F. ) ;
#9612 = DIRECTION ( 'NONE',  ( 0.000000000000000000, 0.000000000000000000, -1.000000000000000000 ) ) ;
#9613 = VECTOR ( 'NONE', #496, 1000.000000000000000 ) ;
#9614 = DIRECTION ( 'NONE',  ( 0.000000000000000000, 0.000000000000000000, 1.000000000000000000 ) ) ;
#9615 = VECTOR ( 'NONE', #1020, 1000.000000000000114 ) ;
#9616 = DIRECTION ( 'NONE',  ( -1.703767317533126255E-17, 1.000000000000000000, 1.212737214708384717E-16 ) ) ;
#9617 = ADVANCED_FACE ( 'NONE', ( #6541 ), #142, .F. ) ;
#9618 = AXIS2_PLACEMENT_3D ( 'NONE', #1875, #6952, #4366 ) ;
#9619 = VERTEX_POINT ( 'NONE', #3959 ) ;
#9620 = VERTEX_POINT ( 'NONE', #2267 ) ;
#9621 = DIRECTION ( 'NONE',  ( -1.000000000000000000, 0.000000000000000000, 6.936764332878106497E-15 ) ) ;
#9622 = FACE_OUTER_BOUND ( 'NONE', #7837, .T. ) ;
#9623 = CARTESIAN_POINT ( 'NONE',  ( -15.17810770585294833, -0.5601086019846180930, 0.2578840425965895355 ) ) ;
#9624 = CARTESIAN_POINT ( 'NONE',  ( 3.125000001159363716, 1.824000000000055355, 21.50000000600094552 ) ) ;
#9625 = CIRCLE ( 'NONE', #4006, 0.1000000000000000472 ) ;
#9626 = DIRECTION ( 'NONE',  ( -1.000000000000000000, 0.000000000000000000, 9.637352644315615655E-15 ) ) ;
#9627 = AXIS2_PLACEMENT_3D ( 'NONE', #4107, #9091, #7377 ) ;
#9628 = ORIENTED_EDGE ( 'NONE', *, *, #4027, .F. ) ;
#9629 = ORIENTED_EDGE ( 'NONE', *, *, #5390, .T. ) ;
#9630 = EDGE_CURVE ( 'NONE', #1912, #7589, #3145, .T. ) ;
#9631 = CARTESIAN_POINT ( 'NONE',  ( 18.50000000000000711, 0.5965713497370425111, 0.3948117398770394915 ) ) ;
#9632 = DIRECTION ( 'NONE',  ( 1.211003966361780931E-16, 0.9998476951563911586, 0.01745240643728354982 ) ) ;
#9633 = AXIS2_PLACEMENT_3D ( 'NONE', #1057, #6087, #1086 ) ;
#9634 = LINE ( 'NONE', #296, #9904 ) ;
#9635 = DIRECTION ( 'NONE',  ( -8.673617379884035472E-15, 1.000000000000000000, 0.000000000000000000 ) ) ;
#9636 = CARTESIAN_POINT ( 'NONE',  ( -14.13747139912805473, -0.8149999999999999467, 3.546184957490959189 ) ) ;
#9637 = CARTESIAN_POINT ( 'NONE',  ( 0.6525000011593495852, 1.859000000000009090, 15.78258659774595785 ) ) ;
#9638 = DIRECTION ( 'NONE',  ( 1.047444401652941269E-14, -1.000000000000000000, 3.491481338843170037E-15 ) ) ;
#9639 = ORIENTED_EDGE ( 'NONE', *, *, #276, .T. ) ;
#9640 = CARTESIAN_POINT ( 'NONE',  ( -13.16368060961678133, 1.925000000000001377, -5.572888867579560035 ) ) ;
#9641 = ORIENTED_EDGE ( 'NONE', *, *, #1699, .F. ) ;
#9642 = CARTESIAN_POINT ( 'NONE',  ( 0.6882613534652040066, 1.866047144386237422, -7.470919038921266520 ) ) ;
#9643 = VERTEX_POINT ( 'NONE', #8311 ) ;
#9644 = CC_DESIGN_APPROVAL ( #2828, ( #3241 ) ) ;
#9645 = EDGE_CURVE ( 'NONE', #8054, #8283, #4692, .T. ) ;
#9646 = CIRCLE ( 'NONE', #404, 0.4499999999999990119 ) ;
#9647 = CARTESIAN_POINT ( 'NONE',  ( 8.399610638826837672, 2.825000000000001510, -5.402965055624967761 ) ) ;
#9648 = DIRECTION ( 'NONE',  ( -0.3614068755689036627, -7.041021951139094459E-15, -0.9324082101158929214 ) ) ;
#9649 = FACE_OUTER_BOUND ( 'NONE', #4406, .T. ) ;
#9650 = EDGE_CURVE ( 'NONE', #689, #1039, #1776, .T. ) ;
#9651 = VECTOR ( 'NONE', #5344, 1000.000000000000000 ) ;
#9652 = CARTESIAN_POINT ( 'NONE',  ( 14.99999999999999822, 0.01099999999999902792, -0.4500000000000000666 ) ) ;
#9653 = PLANE ( 'NONE',  #8751 ) ;
#9654 = CARTESIAN_POINT ( 'NONE',  ( -1.105479649785513940, 0.6150838774857253499, 7.492754683967828733 ) ) ;
#9655 = CARTESIAN_POINT ( 'NONE',  ( 11.14206531500060571, 2.925000000000001599, -1.735734640076431967 ) ) ;
#9656 = ORIENTED_EDGE ( 'NONE', *, *, #4338, .F. ) ;
#9657 = VECTOR ( 'NONE', #4274, 1000.000000000000000 ) ;
#9658 = EDGE_LOOP ( 'NONE', ( #3615, #1388, #3276, #7182 ) ) ;
#9659 = VECTOR ( 'NONE', #3737, 1000.000000000000000 ) ;
#9660 = VERTEX_POINT ( 'NONE', #641 ) ;
#9661 = CIRCLE ( 'NONE', #8606, 1.483785659951998959 ) ;
#9662 = DIRECTION ( 'NONE',  ( 0.000000000000000000, 1.000000000000000000, 6.505213034913027393E-15 ) ) ;
#9663 = CARTESIAN_POINT ( 'NONE',  ( -9.514586297939976234, 2.925000000000001155, -1.633974596215412411 ) ) ;
#9664 = EDGE_CURVE ( 'NONE', #207, #10524, #4040, .T. ) ;
#9665 = B_SPLINE_CURVE_WITH_KNOTS ( 'NONE', 3,
 ( #4420, #10319, #6926, #1842, #6069, #5248 ),
 .UNSPECIFIED., .F., .F.,
 ( 4, 2, 4 ),
 ( 0.000000000000000000, 0.0004758153568465559773, 0.0009516307136931119546 ),
 .UNSPECIFIED. ) ;
#9666 = DIRECTION ( 'NONE',  ( 0.3420201433256843115, -1.081327937400296819E-16, 0.9396926207859027658 ) ) ;
#9667 = CARTESIAN_POINT ( 'NONE',  ( 14.97467975744568847, -0.7375004470023432956, 0.08137612485364441317 ) ) ;
#9668 = DIRECTION ( 'NONE',  ( -1.000000000000000000, -1.047444401652940007E-14, 3.491481338843121128E-15 ) ) ;
#9669 = PLANE ( 'NONE',  #1450 ) ;
#9670 = LINE ( 'NONE', #1804, #6588 ) ;
#9671 = VECTOR ( 'NONE', #5308, 1000.000000000000000 ) ;
#9672 = FACE_OUTER_BOUND ( 'NONE', #7070, .T. ) ;
#9673 = EDGE_CURVE ( 'NONE', #1039, #2929, #8807, .T. ) ;
#9674 = EDGE_LOOP ( 'NONE', ( #10153, #8047, #8850, #8729 ) ) ;
#9675 = CIRCLE ( 'NONE', #740, 0.06000000000000015737 ) ;
#9676 = ORIENTED_EDGE ( 'NONE', *, *, #4535, .F. ) ;
#9677 = VECTOR ( 'NONE', #7195, 1000.000000000000000 ) ;
#9678 = AXIS2_PLACEMENT_3D ( 'NONE', #5549, #2270, #429 ) ;
#9679 = ORIENTED_EDGE ( 'NONE', *, *, #2991, .T. ) ;
#9680 = CARTESIAN_POINT ( 'NONE',  ( -2.299999998840635218, 1.823999999999996291, 21.00100000600096450 ) ) ;
#9681 = DIRECTION ( 'NONE',  ( -3.587854865286240571E-15, -3.491481338843207903E-15, -1.000000000000000000 ) ) ;
#9682 = CARTESIAN_POINT ( 'NONE',  ( 0.09999999999999072131, 1.903999999999947734, -0.2500000000000210387 ) ) ;
#9683 = CARTESIAN_POINT ( 'NONE',  ( 15.00000000000000000, -0.1400000000000001243, 0.2999999999999999334 ) ) ;
#9684 = ADVANCED_FACE ( 'NONE', ( #6661 ), #8266, .T. ) ;
#9685 = DIRECTION ( 'NONE',  ( -1.000000000000000000, -1.040834085586083310E-14, 3.491481337412010300E-15 ) ) ;
#9686 = DIRECTION ( 'NONE',  ( 0.6427876096865406952, 1.038526656440780607E-16, -0.7660444431189769032 ) ) ;
#9687 = CIRCLE ( 'NONE', #9110, 1.753994140719111750 ) ;
#9688 = DIRECTION ( 'NONE',  ( 1.703767317533126255E-17, -1.000000000000000000, -1.212737214708384717E-16 ) ) ;
#9689 = AXIS2_PLACEMENT_3D ( 'NONE', #5834, #7494, #4031 ) ;
#9690 = ORIENTED_EDGE ( 'NONE', *, *, #8672, .T. ) ;
#9691 = LINE ( 'NONE', #2112, #1435 ) ;
#9692 = EDGE_LOOP ( 'NONE', ( #2433, #130, #8089, #9822 ) ) ;
#9693 = ORIENTED_EDGE ( 'NONE', *, *, #10505, .T. ) ;
#9694 = VERTEX_POINT ( 'NONE', #4927 ) ;
#9695 = DIRECTION ( 'NONE',  ( -6.911138328291599464E-15, 1.212737214708358339E-16, -1.000000000000000000 ) ) ;
#9696 = DIRECTION ( 'NONE',  ( 0.000000000000000000, 0.000000000000000000, 1.000000000000000000 ) ) ;
#9697 = AXIS2_PLACEMENT_3D ( 'NONE', #1301, #9918, #2985 ) ;
#9698 = DIRECTION ( 'NONE',  ( 1.703767317533126255E-17, -1.000000000000000000, -1.212737214708384717E-16 ) ) ;
#9699 = PLANE ( 'NONE',  #6459 ) ;
#9700 = FACE_OUTER_BOUND ( 'NONE', #71, .T. ) ;
#9701 = ORIENTED_EDGE ( 'NONE', *, *, #10784, .T. ) ;
#9702 = CARTESIAN_POINT ( 'NONE',  ( 4.592298206285413187, -0.8162354663133531973, 5.207672678376789932 ) ) ;
#9703 = VERTEX_POINT ( 'NONE', #5860 ) ;
#9704 = VERTEX_POINT ( 'NONE', #7541 ) ;
#9705 = ORIENTED_EDGE ( 'NONE', *, *, #8951, .F. ) ;
#9706 = ORIENTED_EDGE ( 'NONE', *, *, #3811, .F. ) ;
#9707 = AXIS2_PLACEMENT_3D ( 'NONE', #7073, #5301, #8673 ) ;
#9708 = ORIENTED_EDGE ( 'NONE', *, *, #4092, .F. ) ;
#9709 = EDGE_CURVE ( 'NONE', #4324, #10232, #7085, .T. ) ;
#9710 = VECTOR ( 'NONE', #3394, 1000.000000000000000 ) ;
#9711 = CARTESIAN_POINT ( 'NONE',  ( 12.77499999999986890, 1.925000000000002043, -6.274999999999997691 ) ) ;
#9712 = CARTESIAN_POINT ( 'NONE',  ( -15.18463543064158294, -0.5055847700599308547, -0.3770280258276224594 ) ) ;
#9713 = CARTESIAN_POINT ( 'NONE',  ( 7.499999999999885425, 2.825000000000001510, -4.327032419940898933 ) ) ;
#9714 = ORIENTED_EDGE ( 'NONE', *, *, #3375, .T. ) ;
#9715 = VERTEX_POINT ( 'NONE', #2458 ) ;
#9716 = CARTESIAN_POINT ( 'NONE',  ( 18.50000000000018829, -0.3143554380026935546, 0.1998568717047491949 ) ) ;
#9717 = EDGE_LOOP ( 'NONE', ( #153, #322, #7043, #5383, #8514, #2654 ) ) ;
#9718 = CARTESIAN_POINT ( 'NONE',  ( 18.50000000000000000, 0.4472766804341936075, 0.4912781730480662579 ) ) ;
#9719 = AXIS2_PLACEMENT_3D ( 'NONE', #396, #8072, #4673 ) ;
#9720 = DIRECTION ( 'NONE',  ( 1.000000000000000000, 1.047444401652940007E-14, -3.593523896253521429E-15 ) ) ;
#9721 = DIRECTION ( 'NONE',  ( -1.703767317533126255E-17, 1.000000000000000000, 1.212737214708384717E-16 ) ) ;
#9722 = CARTESIAN_POINT ( 'NONE',  ( 13.19216333698673793, 1.925000000000000488, 5.465849364905380980 ) ) ;
#9723 = DIRECTION ( 'NONE',  ( -0.3420201433256612744, -1.197872485827498251E-16, 0.9396926207859110924 ) ) ;
#9724 = EDGE_CURVE ( 'NONE', #3449, #2040, #1095, .T. ) ;
#9725 = DIRECTION ( 'NONE',  ( 1.000000000000000000, 1.071446852809204781E-14, 0.000000000000000000 ) ) ;
#9726 = VERTEX_POINT ( 'NONE', #830 ) ;
#9727 = DIRECTION ( 'NONE',  ( 3.593523896253485142E-15, 3.491481338843207903E-15, 1.000000000000000000 ) ) ;
#9728 = LINE ( 'NONE', #8849, #7445 ) ;
#9729 = CARTESIAN_POINT ( 'NONE',  ( 15.02165293275192326, 0.2000000000000000111, -0.8955411655423680672 ) ) ;
#9730 = CARTESIAN_POINT ( 'NONE',  ( 1.574852460299050794, -0.3750000000000000000, 4.453172686845913830 ) ) ;
#9731 = COORDINATED_UNIVERSAL_TIME_OFFSET ( 1, 0, .AHEAD. ) ;
#9732 = CARTESIAN_POINT ( 'NONE',  ( -14.75000000000006573, 2.675000000000000266, 2.500000000000191402 ) ) ;
#9733 = CARTESIAN_POINT ( 'NONE',  ( 4.232635720439922089, -0.8750000000000000000, 4.634559955627914007 ) ) ;
#9734 = EDGE_CURVE ( 'NONE', #400, #400, #4814, .T. ) ;
#9735 = VERTEX_POINT ( 'NONE', #7607 ) ;
#9736 = EDGE_LOOP ( 'NONE', ( #1252 ) ) ;
#9737 = ADVANCED_FACE ( 'NONE', ( #6014 ), #1670, .T. ) ;
#9738 = LINE ( 'NONE', #700, #9472 ) ;
#9739 = CARTESIAN_POINT ( 'NONE',  ( 12.28283666301308408, 1.925000000000000488, 5.990849364905392882 ) ) ;
#9740 = EDGE_CURVE ( 'NONE', #4141, #8185, #2851, .T. ) ;
#9741 = CARTESIAN_POINT ( 'NONE',  ( 0.7874457030480249697, -0.8749999999999993339, 6.612877306329040472 ) ) ;
#9742 = VERTEX_POINT ( 'NONE', #9833 ) ;
#9743 = DIRECTION ( 'NONE',  ( 1.000000000000000000, 1.703767317532268061E-17, -6.911138328291599464E-15 ) ) ;
#9744 = EDGE_CURVE ( 'NONE', #9620, #4564, #4571, .T. ) ;
#9745 = CARTESIAN_POINT ( 'NONE',  ( -14.97467975744568491, -0.7375004470023432956, -0.08137612485364449644 ) ) ;
#9746 = CARTESIAN_POINT ( 'NONE',  ( 0.8676893682495945281, -0.8750000000000000000, 5.433504217327677743 ) ) ;
#9747 = DIRECTION ( 'NONE',  ( -0.000000000000000000, -1.000000000000000000, 0.000000000000000000 ) ) ;
#9748 = VERTEX_POINT ( 'NONE', #1605 ) ;
#9749 =( BOUNDED_SURFACE ( )  B_SPLINE_SURFACE ( 3, 2, ( 
 ( #7219, #10533, #3769 ),
 ( #3015, #7955, #5422 ),
 ( #2018, #4605, #4710 ),
 ( #10669, #1179, #7088 ) ),
 .UNSPECIFIED., .F., .F., .F. ) 
 B_SPLINE_SURFACE_WITH_KNOTS ( ( 4, 4 ),
 ( 3, 3 ),
 ( 5.497939437029711662, 7.068431177329465243 ),
 ( 0.000000000000000000, 1.000000000000000000 ),
 .UNSPECIFIED. ) 
 GEOMETRIC_REPRESENTATION_ITEM ( )  RATIONAL_B_SPLINE_SURFACE ( (
 ( 1.000000000000000000, 0.7132504491541816760, 1.000000000000000000),
 ( 1.000000000000000000, 0.7165967918278620674, 1.000000000000000000),
 ( 1.000000000000000000, 0.7165967918278479676, 1.000000000000000000),
 ( 1.000000000000000000, 0.7132504491541816760, 1.000000000000000000) ) ) 
 REPRESENTATION_ITEM ( '' )  SURFACE ( )  );
#9750 = CIRCLE ( 'NONE', #5287, 0.8000000000000001554 ) ;
#9751 = AXIS2_PLACEMENT_3D ( 'NONE', #5358, #7069, #3757 ) ;
#9752 = CARTESIAN_POINT ( 'NONE',  ( -18.48556071098100517, -0.05511941458677081795, 0.5035390998510991256 ) ) ;
#9753 = CARTESIAN_POINT ( 'NONE',  ( -14.99270580958667587, 0.6178838889037916449, 0.7136292603822063096 ) ) ;
#9754 = CARTESIAN_POINT ( 'NONE',  ( 8.461690311226250927, 2.825000000000001954, -7.449999999999970868 ) ) ;
#9755 = CARTESIAN_POINT ( 'NONE',  ( 18.50000000000000000, 0.4680112349276593364, 0.5352864521156801558 ) ) ;
#9756 = CARTESIAN_POINT ( 'NONE',  ( -8.514586297939972681, 2.825000000000001066, -1.299999999999853273 ) ) ;
#9757 = ORIENTED_EDGE ( 'NONE', *, *, #10, .F. ) ;
#9758 = EDGE_CURVE ( 'NONE', #7111, #2594, #8011, .T. ) ;
#9759 = DIRECTION ( 'NONE',  ( -1.047444401652941269E-14, 1.000000000000000000, -3.491481338843170037E-15 ) ) ;
#9760 = CARTESIAN_POINT ( 'NONE',  ( -15.00000000000000000, 0.3129999999999997784, 0.07499999999999970579 ) ) ;
#9761 = AXIS2_PLACEMENT_3D ( 'NONE', #6896, #10294, #9301 ) ;
#9762 = CARTESIAN_POINT ( 'NONE',  ( -12.61068682838814148, -0.3750000000000000000, -5.330563360842447196 ) ) ;
#9763 = VECTOR ( 'NONE', #2956, 1000.000000000000000 ) ;
#9764 = VECTOR ( 'NONE', #4687, 1000.000000000000000 ) ;
#9765 = CARTESIAN_POINT ( 'NONE',  ( 11.73207028027911392, 2.925000000000001599, -5.403109303582679601 ) ) ;
#9766 = ORIENTED_EDGE ( 'NONE', *, *, #1231, .T. ) ;
#9767 = CARTESIAN_POINT ( 'NONE',  ( -0.5499999999999999334, 0.6999999999999999556, -4.330563360842446308 ) ) ;
#9768 = CARTESIAN_POINT ( 'NONE',  ( 3.125000001159349505, 1.605000000000036176, 16.00000000600094197 ) ) ;
#9769 = ORIENTED_EDGE ( 'NONE', *, *, #10381, .T. ) ;
#9770 = CARTESIAN_POINT ( 'NONE',  ( 9.999999999999966249, 0.1999999999999999833, -7.500000000000001776 ) ) ;
#9771 = EDGE_CURVE ( 'NONE', #4598, #7028, #3514, .T. ) ;
#9772 = FACE_OUTER_BOUND ( 'NONE', #1287, .T. ) ;
#9773 = LINE ( 'NONE', #9811, #1256 ) ;
#9774 = AXIS2_PLACEMENT_3D ( 'NONE', #2789, #8664, #5255 ) ;
#9775 = ORIENTED_EDGE ( 'NONE', *, *, #2549, .T. ) ;
#9776 = CARTESIAN_POINT ( 'NONE',  ( -15.00000000000009948, 2.925000000000001155, -2.499999999999805933 ) ) ;
#9777 = VERTEX_POINT ( 'NONE', #4328 ) ;
#9778 = CARTESIAN_POINT ( 'NONE',  ( 2.300000001159365315, 1.824000000000044475, 21.00100000600095029 ) ) ;
#9779 = EDGE_LOOP ( 'NONE', ( #606, #7709, #8834, #4064 ) ) ;
#9780 = DIRECTION ( 'NONE',  ( 0.01745240643728352900, 0.9998476951563911586, -2.388254069881834121E-18 ) ) ;
#9781 = DIRECTION ( 'NONE',  ( 0.000000000000000000, 0.000000000000000000, -1.000000000000000000 ) ) ;
#9782 = CARTESIAN_POINT ( 'NONE',  ( 18.44991724684545886, -0.05201201904629255968, 0.4889970488649242886 ) ) ;
#9783 = DIRECTION ( 'NONE',  ( 1.000000000000000000, 0.000000000000000000, 8.674938615053078468E-15 ) ) ;
#9784 = FACE_OUTER_BOUND ( 'NONE', #10308, .T. ) ;
#9785 = AXIS2_PLACEMENT_3D ( 'NONE', #1661, #6813, #5880 ) ;
#9786 = CIRCLE ( 'NONE', #9392, 0.4500000000000007327 ) ;
#9787 = VERTEX_POINT ( 'NONE', #926 ) ;
#9788 = EDGE_CURVE ( 'NONE', #132, #132, #5490, .T. ) ;
#9789 = ORIENTED_EDGE ( 'NONE', *, *, #6181, .F. ) ;
#9790 = DIRECTION ( 'NONE',  ( -1.000000000000000000, 0.000000000000000000, 6.938893903907245733E-15 ) ) ;
#9791 = ORIENTED_EDGE ( 'NONE', *, *, #1463, .F. ) ;
#9792 = DIRECTION ( 'NONE',  ( 0.000000000000000000, 0.000000000000000000, -1.000000000000000000 ) ) ;
#9793 = LINE ( 'NONE', #9682, #6329 ) ;
#9794 = ADVANCED_FACE ( 'NONE', ( #1499 ), #6105, .F. ) ;
#9795 = CARTESIAN_POINT ( 'NONE',  ( -10.00000000000006395, 2.925000000000000711, 2.500000000000158540 ) ) ;
#9796 = EDGE_LOOP ( 'NONE', ( #483 ) ) ;
#9797 = FACE_OUTER_BOUND ( 'NONE', #9658, .T. ) ;
#9798 = DIRECTION ( 'NONE',  ( 1.000000000000000000, 0.000000000000000000, -6.938893903907229955E-15 ) ) ;
#9799 = DIRECTION ( 'NONE',  ( 0.6427876096865563493, -8.194945521410492805E-17, 0.7660444431189636916 ) ) ;
#9800 = CIRCLE ( 'NONE', #5485, 5.402950801377555123 ) ;
#9801 = EDGE_CURVE ( 'NONE', #5986, #7625, #824, .T. ) ;
#9802 = EDGE_CURVE ( 'NONE', #982, #908, #10680, .T. ) ;
#9803 = CARTESIAN_POINT ( 'NONE',  ( 10.15026178333083706, 2.825000000000001510, -3.249999999999982236 ) ) ;
#9804 = CIRCLE ( 'NONE', #7754, 0.2499999999999976130 ) ;
#9805 = CIRCLE ( 'NONE', #9538, 0.9500000000000000666 ) ;
#9806 = ORIENTED_EDGE ( 'NONE', *, *, #7740, .T. ) ;
#9807 = DIRECTION ( 'NONE',  ( -1.000000000000000000, 0.000000000000000000, 6.938605453046267820E-15 ) ) ;
#9808 = VECTOR ( 'NONE', #9121, 1000.000000000000227 ) ;
#9809 = OPEN_SHELL ( 'NONE', ( #774, #4509, #4609, #2002, #8411, #2714, #8152, #9737, #5217, #6869, #9846, #9463, #2474, #8671, #7108, #1649, #10241, #2615, #9034, #2951, #10425, #1811, #9281, #971, #1748, #2045, #8378, #447, #4452, #7602, #1896, #7846, #2595, #1694, #4980, #6744, #6276, #4558, #3392, #3391, #2491, #5331, #1032, #8832, #4205, #4455, #6706, #4407, #1033, #10969, #1587, #3103, #9574, #4166, #9684, #5912, #8440, #6427, #1769, #1713, #7895, #2727, #9394, #10794, #2101, #919, #3340, #6934, #5857, #282, #10140, #5873, #8726, #10685, #11024, #7844, #2684, #10648, #10192, #5449, #4391, #8533, #712, #10175, #69, #4223, #7725, #3553, #6126, #6768, #1892, #1413, #1314, #8554, #7257, #8781, #10374, #4348, #6950, #8483, #4154, #3498, #3680, #8366, #7169, #3894, #5597, #11060, #1630, #8502, #234, #6036, #9397, #2303, #4409, #10378, #5036, #8107, #7644, #5976, #3846, #4672, #9219, #5928, #5157, #2532, #6897, #10011, #9379, #8505, #1134, #784, #9794, #7057, #10263, #8894, #5199, #3746, #1830, #9194, #9313, #3320 ) ) ;
#9810 = LINE ( 'NONE', #2791, #6720 ) ;
#9811 = CARTESIAN_POINT ( 'NONE',  ( 16.75000000000000000, 0.3801383402170966930, -0.4706390865240332455 ) ) ;
#9812 = CARTESIAN_POINT ( 'NONE',  ( 3.802544845872923851, -0.8749999999999998890, 4.517429646614705696 ) ) ;
#9813 = EDGE_CURVE ( 'NONE', #9126, #4987, #10148, .T. ) ;
#9814 = DIRECTION ( 'NONE',  ( 1.703767317533126255E-17, -1.000000000000000000, -1.212737214708384717E-16 ) ) ;
#9815 = LINE ( 'NONE', #9603, #3445 ) ;
#9816 = ORIENTED_EDGE ( 'NONE', *, *, #1180, .T. ) ;
#9818 = EDGE_CURVE ( 'NONE', #7976, #511, #10558, .T. ) ;
#9817 = VERTEX_POINT ( 'NONE', #49 ) ;
#9819 = ORIENTED_EDGE ( 'NONE', *, *, #8789, .F. ) ;
#9820 = LINE ( 'NONE', #1073, #4751 ) ;
#9821 = CARTESIAN_POINT ( 'NONE',  ( -1.847755576970248947, 1.925000000000000044, 6.519957384592525607 ) ) ;
#9822 = ORIENTED_EDGE ( 'NONE', *, *, #5815, .F. ) ;
#9823 = CARTESIAN_POINT ( 'NONE',  ( -0.8999999989240965448, 1.903999999999940851, 0.7500000036478395860 ) ) ;
#9824 = EDGE_CURVE ( 'NONE', #3206, #8817, #8387, .T. ) ;
#9825 = CONICAL_SURFACE ( 'NONE', #6080, 4.999999999999999112, 0.01745329251994333364 ) ;
#9826 = CARTESIAN_POINT ( 'NONE',  ( -12.75000000000000711, 1.925000000000000044, 5.750000000000174083 ) ) ;
#9827 = EDGE_LOOP ( 'NONE', ( #3393, #10531, #6491 ) ) ;
#9828 = ORIENTED_EDGE ( 'NONE', *, *, #11053, .F. ) ;
#9829 = ORIENTED_EDGE ( 'NONE', *, *, #7356, .T. ) ;
#9830 = CARTESIAN_POINT ( 'NONE',  ( 7.499999999999992895, 1.904000000000027892, 0.4999999999999518718 ) ) ;
#9831 = VERTEX_POINT ( 'NONE', #4413 ) ;
#9832 = CARTESIAN_POINT ( 'NONE',  ( 3.125000001159346397, 1.705000000000036042, 16.00000000600094197 ) ) ;
#9833 = CARTESIAN_POINT ( 'NONE',  ( 18.14999999999999858, -0.5999999999999998668, 0.000000000000000000 ) ) ;
#9834 = DIRECTION ( 'NONE',  ( -1.000000000000000000, 0.000000000000000000, 6.949813925220437025E-15 ) ) ;
#9835 = CARTESIAN_POINT ( 'NONE',  ( 0.8676893682495945281, -0.8149999999999999467, 5.433504217327677743 ) ) ;
#9836 = AXIS2_PLACEMENT_3D ( 'NONE', #8872, #3703, #3807 ) ;
#9837 = LINE ( 'NONE', #1234, #7559 ) ;
#9838 = VERTEX_POINT ( 'NONE', #1037 ) ;
#9839 = VERTEX_POINT ( 'NONE', #6992 ) ;
#9840 = DIRECTION ( 'NONE',  ( -0.3420201433256926382, 1.081327937400291766E-16, -0.9396926207858996571 ) ) ;
#9841 = CARTESIAN_POINT ( 'NONE',  ( 9.999999999999966249, 0.1999999999999999833, 7.499999999999998224 ) ) ;
#9842 = AXIS2_PLACEMENT_3D ( 'NONE', #9155, #6662, #2376 ) ;
#9843 = ORIENTED_EDGE ( 'NONE', *, *, #377, .F. ) ;
#9844 = CARTESIAN_POINT ( 'NONE',  ( -12.61068682838814148, -0.8160471443862369334, -5.322864854300780380 ) ) ;
#9845 = ORIENTED_EDGE ( 'NONE', *, *, #5760, .F. ) ;
#9846 = ADVANCED_FACE ( 'NONE', ( #8675, #1907 ), #4299, .T. ) ;
#9847 = AXIS2_PLACEMENT_3D ( 'NONE', #5043, #5893, #6876 ) ;
#9848 = CARTESIAN_POINT ( 'NONE',  ( 0.4151616714506154437, 2.925000000000000266, 7.944267528518022203 ) ) ;
#9849 = DIRECTION ( 'NONE',  ( -6.911138328291599464E-15, 1.212737214708358339E-16, -1.000000000000000000 ) ) ;
#9850 = ORIENTED_EDGE ( 'NONE', *, *, #6863, .T. ) ;
#9851 = EDGE_CURVE ( 'NONE', #10099, #9608, #6156, .T. ) ;
#9852 = CARTESIAN_POINT ( 'NONE',  ( 0.9749999999998630873, 1.925000000000001821, -7.324999999999917577 ) ) ;
#9853 = VERTEX_POINT ( 'NONE', #7851 ) ;
#9854 = CARTESIAN_POINT ( 'NONE',  ( -15.19998961613542576, 0.2018724128504398863, 0.8000064226853630389 ) ) ;
#9855 = DIRECTION ( 'NONE',  ( -1.000000000000000000, -1.703767317532268061E-17, 6.911138328291599464E-15 ) ) ;
#9856 = AXIS2_PLACEMENT_3D ( 'NONE', #10545, #5350, #9626 ) ;
#9857 = CARTESIAN_POINT ( 'NONE',  ( 1.000000001159339069, 1.785000000000006359, 13.87500000600095085 ) ) ;
#9858 = DIRECTION ( 'NONE',  ( -6.911138328291599464E-15, 1.212737214708358339E-16, -1.000000000000000000 ) ) ;
#9859 = ORIENTED_EDGE ( 'NONE', *, *, #7270, .T. ) ;
#9860 = CARTESIAN_POINT ( 'NONE',  ( 3.871644531371013720, 1.704999999999998739, 3.065493701702413976 ) ) ;
#9861 = EDGE_CURVE ( 'NONE', #8399, #4717, #4804, .T. ) ;
#9862 = DIRECTION ( 'NONE',  ( -6.911138328291599464E-15, 1.212737214708358339E-16, -1.000000000000000000 ) ) ;
#9863 = CARTESIAN_POINT ( 'NONE',  ( -1.349999998840652138, 1.858999999999986219, 15.32600000600096379 ) ) ;
#9864 = DIRECTION ( 'NONE',  ( -0.000000000000000000, 0.01745240643728355329, 0.9998476951563912696 ) ) ;
#9865 = CARTESIAN_POINT ( 'NONE',  ( 13.21716333698673829, 1.925000000000000488, 5.509150635094601789 ) ) ;
#9866 = FACE_OUTER_BOUND ( 'NONE', #7975, .T. ) ;
#9867 = EDGE_LOOP ( 'NONE', ( #4291, #8501, #9184, #2235 ) ) ;
#9868 = ORIENTED_EDGE ( 'NONE', *, *, #7435, .T. ) ;
#9869 = CARTESIAN_POINT ( 'NONE',  ( 14.98769729926088878, -0.5048212532983926693, -0.3784569005046289902 ) ) ;
#9870 = CARTESIAN_POINT ( 'NONE',  ( 9.999999999999928946, 2.675000000000000711, 2.500000000000018652 ) ) ;
#9871 = DIRECTION ( 'NONE',  ( 1.703767317533126255E-17, -1.000000000000000000, -1.212737214708384717E-16 ) ) ;
#9872 = LINE ( 'NONE', #9778, #5343 ) ;
#9873 = CARTESIAN_POINT ( 'NONE',  ( 4.594686756057244637, -0.6793955415061295744, 4.635523015177783535 ) ) ;
#9874 = EDGE_CURVE ( 'NONE', #9223, #6230, #3906, .T. ) ;
#9875 = EDGE_LOOP ( 'NONE', ( #3630 ) ) ;
#9876 = DIRECTION ( 'NONE',  ( -1.000000000000000000, -1.703767317532268061E-17, 6.911138328291599464E-15 ) ) ;
#9877 =( BOUNDED_CURVE ( )  B_SPLINE_CURVE ( 3, ( #2957, #5469, #8127, #354 ),
 .UNSPECIFIED., .F., .F. ) 
 B_SPLINE_CURVE_WITH_KNOTS ( ( 4, 4 ),
 ( 5.497939437029723209, 7.068431177329450144 ),
 .UNSPECIFIED. ) 
 CURVE ( )  GEOMETRIC_REPRESENTATION_ITEM ( )  RATIONAL_B_SPLINE_CURVE ( ( 1.000000000000000000, 0.8048096403827874612, 0.8048096403827874612, 1.000000000000000000 ) ) 
 REPRESENTATION_ITEM ( '' )  );
#9878 = EDGE_CURVE ( 'NONE', #5153, #10334, #2562, .T. ) ;
#9879 = CARTESIAN_POINT ( 'NONE',  ( 0.6077289675089335708, -0.8749999999999998890, 6.767689368251048165 ) ) ;
#9880 = EDGE_LOOP ( 'NONE', ( #8910, #7294, #738, #1886, #4023, #4283, #8237 ) ) ;
#9881 = LINE ( 'NONE', #7460, #9613 ) ;
#9882 = PLANE ( 'NONE',  #9697 ) ;
#9883 = AXIS2_PLACEMENT_3D ( 'NONE', #565, #5585, #9834 ) ;
#9884 = DIRECTION ( 'NONE',  ( 1.703767317533126255E-17, -1.000000000000000000, -1.212737214708384717E-16 ) ) ;
#9885 = LINE ( 'NONE', #9391, #2291 ) ;
#9886 = CARTESIAN_POINT ( 'NONE',  ( 15.00015142144964564, 0.2086749290402357682, 0.7999605810977744591 ) ) ;
#9887 = CARTESIAN_POINT ( 'NONE',  ( -14.99996910581597476, 0.1995219081403449002, 2.515063810706019698 ) ) ;
#9888 = VERTEX_POINT ( 'NONE', #7171 ) ;
#9889 = ORIENTED_EDGE ( 'NONE', *, *, #10556, .T. ) ;
#9890 = AXIS2_PLACEMENT_3D ( 'NONE', #3530, #9460, #1770 ) ;
#9891 = CARTESIAN_POINT ( 'NONE',  ( -0.9999999988406955698, 1.903999999999952619, 4.426800006000958021 ) ) ;
#9892 = CIRCLE ( 'NONE', #10058, 4.199999999999997513 ) ;
#9893 = DIRECTION ( 'NONE',  ( 0.000000000000000000, 0.000000000000000000, 1.000000000000000000 ) ) ;
#9894 = CARTESIAN_POINT ( 'NONE',  ( 3.125000001159366825, 1.605000000000055493, 21.50000000600094907 ) ) ;
#9895 = VECTOR ( 'NONE', #2022, 1000.000000000000000 ) ;
#9896 = DIRECTION ( 'NONE',  ( -1.000000000000000000, -1.047444401652940007E-14, 3.675084932752733731E-15 ) ) ;
#9897 = DIRECTION ( 'NONE',  ( -0.000000000000000000, -1.000000000000000000, -0.000000000000000000 ) ) ;
#9898 = CARTESIAN_POINT ( 'NONE',  ( 1.413680609616530415, 1.925000000000001821, -6.977111132420175110 ) ) ;
#9899 = ORIENTED_EDGE ( 'NONE', *, *, #290, .F. ) ;
#9900 = CARTESIAN_POINT ( 'NONE',  ( -3.124999998840652271, 1.604999999999970672, 16.00000000600096683 ) ) ;
#9901 = ORIENTED_EDGE ( 'NONE', *, *, #6526, .T. ) ;
#9902 = FACE_OUTER_BOUND ( 'NONE', #8893, .T. ) ;
#9903 = DIRECTION ( 'NONE',  ( -1.683276877375815919E-15, 0.000000000000000000, 1.000000000000000000 ) ) ;
#9904 = VECTOR ( 'NONE', #3843, 1000.000000000000000 ) ;
#9905 = AXIS2_PLACEMENT_3D ( 'NONE', #2282, #509, #10738 ) ;
#9906 = ORIENTED_EDGE ( 'NONE', *, *, #5091, .F. ) ;
#9907 = CARTESIAN_POINT ( 'NONE',  ( 15.00000000000000000, -0.1400000000000001243, 0.3749999999999998890 ) ) ;
#9908 = VERTEX_POINT ( 'NONE', #2083 ) ;
#9909 = CARTESIAN_POINT ( 'NONE',  ( 0.8860207152530004127, 1.025000000000000133, 7.400000000000081180 ) ) ;
#9910 = VERTEX_POINT ( 'NONE', #2814 ) ;
#9911 = EDGE_CURVE ( 'NONE', #245, #5650, #10287, .T. ) ;
#9912 = LINE ( 'NONE', #7180, #43 ) ;
#9913 = AXIS2_PLACEMENT_3D ( 'NONE', #6622, #5653, #10842 ) ;
#9914 = VECTOR ( 'NONE', #8110, 1000.000000000000000 ) ;
#9915 = CIRCLE ( 'NONE', #913, 0.2676893682510492201 ) ;
#9916 = CARTESIAN_POINT ( 'NONE',  ( 18.44991727265821879, -0.05200810723546820530, -0.4889989888807997898 ) ) ;
#9917 = PLANE ( 'NONE',  #5773 ) ;
#9918 = DIRECTION ( 'NONE',  ( -6.911138328291599464E-15, 1.212737214708383484E-16, -1.000000000000000000 ) ) ;
#9919 = DIRECTION ( 'NONE',  ( 0.3420201433256709334, -1.081327937400304955E-16, 0.9396926207859075397 ) ) ;
#9920 = ORIENTED_EDGE ( 'NONE', *, *, #9487, .T. ) ;
#9921 = AXIS2_PLACEMENT_3D ( 'NONE', #10599, #6341, #7191 ) ;
#9922 = CARTESIAN_POINT ( 'NONE',  ( -0.9919033010572734232, 0.6999999999999999556, 7.383175768593164712 ) ) ;
#9923 = LINE ( 'NONE', #9185, #2206 ) ;
#9924 = ORIENTED_EDGE ( 'NONE', *, *, #6543, .F. ) ;
#9925 = LINE ( 'NONE', #10346, #5407 ) ;
#9926 = ORIENTED_EDGE ( 'NONE', *, *, #2357, .T. ) ;
#9927 = LINE ( 'NONE', #4727, #7659 ) ;
#9928 = EDGE_CURVE ( 'NONE', #1039, #6367, #3364, .T. ) ;
#9929 = CARTESIAN_POINT ( 'NONE',  ( -18.49961495938684308, -0.06798438643177671936, -0.5289119141201611418 ) ) ;
#9930 = CARTESIAN_POINT ( 'NONE',  ( 0.9996954830662519997, 1.907554236552014615, 6.500228364511985824 ) ) ;
#9931 = DIRECTION ( 'NONE',  ( -3.491481338843084446E-15, -3.491481338843206719E-15, -1.000000000000000000 ) ) ;
#9932 = CARTESIAN_POINT ( 'NONE',  ( 17.24999999999999645, -0.5999999999999998668, 0.000000000000000000 ) ) ;
#9933 = CARTESIAN_POINT ( 'NONE',  ( -14.99632225634329963, 0.4106977929973698038, 0.7994585281503417962 ) ) ;
#9934 = CARTESIAN_POINT ( 'NONE',  ( -0.8498016054076826808, 1.925000000000000044, 5.901730273688524875 ) ) ;
#9935 = LINE ( 'NONE', #1211, #8206 ) ;
#9936 = FACE_OUTER_BOUND ( 'NONE', #1676, .T. ) ;
#9937 = LINE ( 'NONE', #1724, #4865 ) ;
#9938 = CARTESIAN_POINT ( 'NONE',  ( -10.00000000000003020, 2.674999999999999822, 7.500000000000158096 ) ) ;
#9939 = VERTEX_POINT ( 'NONE', #3704 ) ;
#9940 = EDGE_CURVE ( 'NONE', #3740, #5175, #1353, .T. ) ;
#9941 = LINE ( 'NONE', #4889, #7387 ) ;
#9942 = EDGE_LOOP ( 'NONE', ( #10356, #9944, #10775, #10995 ) ) ;
#9943 = VECTOR ( 'NONE', #6134, 1000.000000000000000 ) ;
#9944 = ORIENTED_EDGE ( 'NONE', *, *, #2310, .F. ) ;
#9945 = EDGE_CURVE ( 'NONE', #5842, #1044, #4561, .T. ) ;
#9946 = CARTESIAN_POINT ( 'NONE',  ( -14.91092817721188091, 1.865000000000000435, -2.499999999999964917 ) ) ;
#9947 = CARTESIAN_POINT ( 'NONE',  ( 1.413680609616534856, 1.925000000000001821, -6.622888867579662886 ) ) ;
#9948 = DIRECTION ( 'NONE',  ( 1.047444401652941269E-14, -1.000000000000000000, 3.491481338843170037E-15 ) ) ;
#9949 = DIRECTION ( 'NONE',  ( -1.000000000000000000, 0.000000000000000000, 0.000000000000000000 ) ) ;
#9950 = CARTESIAN_POINT ( 'NONE',  ( 0.7603458787332509905, 1.925000000000001599, -5.518769726311486323 ) ) ;
#9951 = VECTOR ( 'NONE', #1118, 1000.000000000000000 ) ;
#9952 = EDGE_CURVE ( 'NONE', #2308, #5228, #7878, .T. ) ;
#9953 = ORIENTED_EDGE ( 'NONE', *, *, #4156, .F. ) ;
#9954 = CIRCLE ( 'NONE', #10276, 0.4500000000000007327 ) ;
#9955 = EDGE_LOOP ( 'NONE', ( #2069, #3857, #2536, #2703 ) ) ;
#9956 = EDGE_LOOP ( 'NONE', ( #7834, #3909, #6981, #7390, #9289, #3054 ) ) ;
#9957 = EDGE_CURVE ( 'NONE', #5269, #4305, #8006, .T. ) ;
#9958 = ORIENTED_EDGE ( 'NONE', *, *, #10463, .T. ) ;
#9959 = CARTESIAN_POINT ( 'NONE',  ( -1.098269726311608796, 1.925000000000000044, 6.501638890782360569 ) ) ;
#9960 = EDGE_CURVE ( 'NONE', #9555, #10050, #10806, .T. ) ;
#9961 = LINE ( 'NONE', #846, #3612 ) ;
#9962 = CARTESIAN_POINT ( 'NONE',  ( -10.00000000000009948, 1.925000000000001155, -2.499999999999840128 ) ) ;
#9963 = DIRECTION ( 'NONE',  ( -1.000000000000000000, 0.000000000000000000, -5.782411586589360597E-16 ) ) ;
#9964 = ORIENTED_EDGE ( 'NONE', *, *, #10106, .F. ) ;
#9965 = ORIENTED_EDGE ( 'NONE', *, *, #10147, .F. ) ;
#9966 = EDGE_LOOP ( 'NONE', ( #7011, #5419, #10155, #393 ) ) ;
#9967 = CARTESIAN_POINT ( 'NONE',  ( 14.99762519248711179, 0.06394736869711274696, 0.8015300054296113919 ) ) ;
#9968 = EDGE_LOOP ( 'NONE', ( #7702, #8956, #3939, #4936 ) ) ;
#9969 = ORIENTED_EDGE ( 'NONE', *, *, #6519, .T. ) ;
#9970 = CARTESIAN_POINT ( 'NONE',  ( 18.45699892703409617, 0.4454831541948547358, -0.4908454837092932621 ) ) ;
#9971 = EDGE_CURVE ( 'NONE', #7020, #10605, #6278, .T. ) ;
#9972 = ORIENTED_EDGE ( 'NONE', *, *, #8815, .T. ) ;
#9973 = CARTESIAN_POINT ( 'NONE',  ( 4.612554296949099353, -0.8749999999999994449, 6.612877306329011162 ) ) ;
#9974 = CARTESIAN_POINT ( 'NONE',  ( 1.098269726311528194, 1.925000000000000044, 6.499923847578278568 ) ) ;
#9975 = CYLINDRICAL_SURFACE ( 'NONE', #7318, 0.2500000000000002220 ) ;
#9976 = DIRECTION ( 'NONE',  ( -1.047444401652941269E-14, 1.000000000000000000, -3.491481338843170037E-15 ) ) ;
#9977 = EDGE_LOOP ( 'NONE', ( #918, #3216, #9766, #82 ) ) ;
#9978 = CARTESIAN_POINT ( 'NONE',  ( 18.44991409307876751, -0.04860357516367928843, -0.4906874716957337346 ) ) ;
#9979 = CARTESIAN_POINT ( 'NONE',  ( 18.50000000000000000, 0.09660540920026497447, -0.6185157568381938198 ) ) ;
#9980 = VERTEX_POINT ( 'NONE', #7059 ) ;
#9981 = CARTESIAN_POINT ( 'NONE',  ( -14.98754515854250791, 0.9135373892198921375, 0.4177017955974661745 ) ) ;
#9982 = CARTESIAN_POINT ( 'NONE',  ( 10.00000000000000000, -0.3750000000000000000, -2.500000000000001332 ) ) ;
#9983 = CARTESIAN_POINT ( 'NONE',  ( 1.000021300494533971, 1.824000000000006505, 13.87497886453820328 ) ) ;
#9984 = CARTESIAN_POINT ( 'NONE',  ( 0.8676893682495944171, -0.8750000000000000000, 6.507728967510386653 ) ) ;
#9985 = CARTESIAN_POINT ( 'NONE',  ( -1.260269726311689542, 1.925000000000001377, -5.311712958891530612 ) ) ;
#9986 = ORIENTED_EDGE ( 'NONE', *, *, #1369, .T. ) ;
#9987 = EDGE_CURVE ( 'NONE', #2800, #3892, #4028, .T. ) ;
#9988 = CARTESIAN_POINT ( 'NONE',  ( -14.99337621118438157, -0.1794766070969270877, 0.9973508237516317543 ) ) ;
#9989 = DIRECTION ( 'NONE',  ( 6.911138328291599464E-15, -1.212737214708358339E-16, 1.000000000000000000 ) ) ;
#9990 = CARTESIAN_POINT ( 'NONE',  ( -18.50000000000000355, -0.05197519018879483144, 0.4889227896874097645 ) ) ;
#9991 = AXIS2_PLACEMENT_3D ( 'NONE', #684, #7550, #8362 ) ;
#9992 = CARTESIAN_POINT ( 'NONE',  ( -1.149999999984061327, 1.704999999999945892, 2.976800013608019047 ) ) ;
#9993 = CARTESIAN_POINT ( 'NONE',  ( -14.99999999999999822, 0.01099999999999987099, 0.4499999999999999001 ) ) ;
#9994 = ORIENTED_EDGE ( 'NONE', *, *, #10222, .F. ) ;
#9995 = AXIS2_PLACEMENT_3D ( 'NONE', #1570, #1608, #3441 ) ;
#9996 = CARTESIAN_POINT ( 'NONE',  ( 0.5290160742476855971, 1.864999999999998659, -7.391949262870541659 ) ) ;
#9997 = FACE_OUTER_BOUND ( 'NONE', #10593, .T. ) ;
#9998 = CARTESIAN_POINT ( 'NONE',  ( 12.28283666301307697, 1.925000000000000488, 5.509150635094616000 ) ) ;
#9999 = EDGE_CURVE ( 'NONE', #7804, #2323, #1222, .T. ) ;
#10000 = DIRECTION ( 'NONE',  ( 6.911138328291599464E-15, -1.212737214708358339E-16, 1.000000000000000000 ) ) ;
#10001 = CARTESIAN_POINT ( 'NONE',  ( -18.45403685859558252, 0.6089895401570086797, -0.3763744095386109545 ) ) ;
#10002 = DIRECTION ( 'NONE',  ( -1.703767317533126255E-17, 1.000000000000000000, 1.212737214708384717E-16 ) ) ;
#10003 = DIRECTION ( 'NONE',  ( -1.000000000000000000, -1.703767317532270218E-17, 7.084610675889280174E-15 ) ) ;
#10004 = ORIENTED_EDGE ( 'NONE', *, *, #9673, .F. ) ;
#10005 = AXIS2_PLACEMENT_3D ( 'NONE', #5619, #537, #4802 ) ;
#10006 = ORIENTED_EDGE ( 'NONE', *, *, #5954, .T. ) ;
#10007 = DIRECTION ( 'NONE',  ( 0.01745240643728354982, 0.9998476951563911586, -1.211003966361781178E-16 ) ) ;
#10008 = CIRCLE ( 'NONE', #8060, 0.05999999999999929001 ) ;
#10009 = CARTESIAN_POINT ( 'NONE',  ( 15.00000000000000178, 0.2000000000000000111, 0.9999939082516362543 ) ) ;
#10010 = EDGE_CURVE ( 'NONE', #7031, #5919, #7738, .T. ) ;
#10011 = ADVANCED_FACE ( 'NONE', ( #1087 ), #7407, .T. ) ;
#10012 = VERTEX_POINT ( 'NONE', #237 ) ;
#10013 = EDGE_CURVE ( 'NONE', #10560, #10560, #7592, .T. ) ;
#10014 = DIRECTION ( 'NONE',  ( 1.000000000000000000, 0.000000000000000000, -6.938893903907226800E-15 ) ) ;
#10015 = CARTESIAN_POINT ( 'NONE',  ( -4.500000000000000888, 0.6999999999999999556, -6.854811288084814436 ) ) ;
#10016 = CIRCLE ( 'NONE', #2887, 0.2500000000000002220 ) ;
#10017 = CARTESIAN_POINT ( 'NONE',  ( 9.736078125375573933, 2.925000000000001599, -1.042151062612552970 ) ) ;
#10018 = CARTESIAN_POINT ( 'NONE',  ( -0.9194853752586926721, 1.865407175279962360, -7.441234422307684504 ) ) ;
#10019 = ORIENTED_EDGE ( 'NONE', *, *, #7929, .T. ) ;
#10020 = CARTESIAN_POINT ( 'NONE',  ( -14.99996343366260909, 0.1979051159341239097, -0.8000048695842888469 ) ) ;
#10021 = DIRECTION ( 'NONE',  ( 8.673617379884032317E-15, -1.212737214708383238E-16, 1.000000000000000000 ) ) ;
#10022 = DIRECTION ( 'NONE',  ( 0.000000000000000000, 0.000000000000000000, 1.000000000000000000 ) ) ;
#10023 = EDGE_CURVE ( 'NONE', #6096, #8979, #9872, .T. ) ;
#10024 = VECTOR ( 'NONE', #9482, 1000.000000000000114 ) ;
#10025 = LINE ( 'NONE', #3812, #7619 ) ;
#10026 = DIRECTION ( 'NONE',  ( 1.000000000000000000, 1.047444401652940007E-14, -3.491481338843121128E-15 ) ) ;
#10027 = EDGE_LOOP ( 'NONE', ( #2311, #6658, #9775, #8741 ) ) ;
#10028 = EDGE_CURVE ( 'NONE', #6108, #7836, #4161, .T. ) ;
#10029 = VERTEX_POINT ( 'NONE', #516 ) ;
#10030 = DIRECTION ( 'NONE',  ( 1.000000000000000000, -1.301042606982605321E-16, 0.000000000000000000 ) ) ;
#10031 = AXIS2_PLACEMENT_3D ( 'NONE', #3628, #119, #7052 ) ;
#10032 = CARTESIAN_POINT ( 'NONE',  ( 18.45140509807814055, 0.4454123484010242273, -0.4907050562564136964 ) ) ;
#10033 = CARTESIAN_POINT ( 'NONE',  ( -18.47309563455129222, 0.4478004880700262036, -0.4954169106673544931 ) ) ;
#10034 = CARTESIAN_POINT ( 'NONE',  ( 18.46121011974900483, -0.04903401645907166234, -0.4915372272392894426 ) ) ;
#10035 = LINE ( 'NONE', #4674, #7336 ) ;
#10036 = VECTOR ( 'NONE', #5562, 1000.000000000000000 ) ;
#10037 = DIRECTION ( 'NONE',  ( 1.000000000000000000, 1.047444401652940007E-14, -3.491481338843121128E-15 ) ) ;
#10038 = ORIENTED_EDGE ( 'NONE', *, *, #10673, .F. ) ;
#10039 = EDGE_LOOP ( 'NONE', ( #4944, #2962, #8628, #10602 ) ) ;
#10040 = AXIS2_PLACEMENT_3D ( 'NONE', #6389, #7128, #2048 ) ;
#10041 = DIRECTION ( 'NONE',  ( -1.000000000000000000, -1.703767317532268061E-17, 6.911138328291599464E-15 ) ) ;
#10042 = EDGE_LOOP ( 'NONE', ( #10120, #7548, #6980, #9566 ) ) ;
#10043 = DIRECTION ( 'NONE',  ( -6.911138328291599464E-15, 1.212737214708358339E-16, -1.000000000000000000 ) ) ;
#10044 = CARTESIAN_POINT ( 'NONE',  ( -6.505213034913051256E-16, 0.2000000000000000111, -7.500000000000000000 ) ) ;
#10045 = CARTESIAN_POINT ( 'NONE',  ( -1.041261353465204875, 1.865000000000000435, -7.410928177211882684 ) ) ;
#10046 = FACE_OUTER_BOUND ( 'NONE', #4637, .T. ) ;
#10047 = DIRECTION ( 'NONE',  ( 0.000000000000000000, 0.000000000000000000, -1.000000000000000000 ) ) ;
#10048 = AXIS2_PLACEMENT_3D ( 'NONE', #403, #3080, #5559 ) ;
#10049 = DIRECTION ( 'NONE',  ( 1.703767317533126255E-17, -1.000000000000000000, -1.212737214708384717E-16 ) ) ;
#10050 = VERTEX_POINT ( 'NONE', #1397 ) ;
#10051 = ORIENTED_EDGE ( 'NONE', *, *, #7220, .T. ) ;
#10052 = ORIENTED_EDGE ( 'NONE', *, *, #292, .T. ) ;
#10053 = CARTESIAN_POINT ( 'NONE',  ( 14.99999999999999822, 0.01099999999999987099, 0.4499999999999999001 ) ) ;
#10054 = CARTESIAN_POINT ( 'NONE',  ( -15.00000000000000000, -0.1400000000000001243, 0.4499999999999999556 ) ) ;
#10055 = CARTESIAN_POINT ( 'NONE',  ( 12.80345756483927389, 1.925000000000000488, 6.196813483191195182 ) ) ;
#10056 = CYLINDRICAL_SURFACE ( 'NONE', #2729, 4.526728798636533213 ) ;
#10057 = CARTESIAN_POINT ( 'NONE',  ( 14.94999999999992824, 2.825000000000001066, 2.499999999999991118 ) ) ;
#10058 = AXIS2_PLACEMENT_3D ( 'NONE', #5953, #10265, #114 ) ;
#10059 = EDGE_LOOP ( 'NONE', ( #361, #5956, #3673, #10715 ) ) ;
#10060 = CIRCLE ( 'NONE', #2993, 4.750000000000000888 ) ;
#10061 = DIRECTION ( 'NONE',  ( 1.000000000000000000, 1.047444401652940007E-14, -3.491481338843121128E-15 ) ) ;
#10062 = CIRCLE ( 'NONE', #6265, 4.932310631748952012 ) ;
#10063 = DIRECTION ( 'NONE',  ( 0.000000000000000000, -1.000000000000000000, 0.000000000000000000 ) ) ;
#10064 = DIRECTION ( 'NONE',  ( -0.000000000000000000, -1.000000000000000000, -0.000000000000000000 ) ) ;
#10065 = EDGE_CURVE ( 'NONE', #8154, #6547, #2280, .T. ) ;
#10066 = VECTOR ( 'NONE', #9305, 1000.000000000000227 ) ;
#10067 = DIRECTION ( 'NONE',  ( 1.703767317533126255E-17, -1.000000000000000000, -1.212737214708384717E-16 ) ) ;
#10068 = LINE ( 'NONE', #7211, #8191 ) ;
#10069 = ORIENTED_EDGE ( 'NONE', *, *, #445, .F. ) ;
#10070 = DIRECTION ( 'NONE',  ( 0.000000000000000000, -1.000000000000000000, 0.000000000000000000 ) ) ;
#10071 = CIRCLE ( 'NONE', #5673, 4.784696352579026701 ) ;
#10072 = VERTEX_POINT ( 'NONE', #4685 ) ;
#10073 = CIRCLE ( 'NONE', #3649, 4.749999999749262791 ) ;
#10074 = DIRECTION ( 'NONE',  ( -1.047444401652941269E-14, 1.000000000000000000, -3.491481338843170037E-15 ) ) ;
#10075 = CARTESIAN_POINT ( 'NONE',  ( -18.49029285481319462, 0.4543876911176157329, -0.5084114259333140096 ) ) ;
#10076 = DIRECTION ( 'NONE',  ( -1.000000000000000000, 0.000000000000000000, 0.000000000000000000 ) ) ;
#10077 = AXIS2_PLACEMENT_3D ( 'NONE', #5215, #4302, #105 ) ;
#10078 = CARTESIAN_POINT ( 'NONE',  ( 18.50000000000000000, 0.4680112349276476236, -0.5352864521156859290 ) ) ;
#10079 = FACE_OUTER_BOUND ( 'NONE', #1296, .T. ) ;
#10080 = DIRECTION ( 'NONE',  ( 0.000000000000000000, 0.000000000000000000, 1.000000000000000000 ) ) ;
#10081 = VERTEX_POINT ( 'NONE', #6413 ) ;
#10082 = VECTOR ( 'NONE', #6766, 1000.000000000000114 ) ;
#10083 = VERTEX_POINT ( 'NONE', #2258 ) ;
#10084 = CIRCLE ( 'NONE', #7233, 0.4499999999999990119 ) ;
#10085 = CARTESIAN_POINT ( 'NONE',  ( 3.125021300494541077, 1.904000000000036330, 15.99997886453819618 ) ) ;
#10086 = EDGE_LOOP ( 'NONE', ( #7687 ) ) ;
#10087 = CARTESIAN_POINT ( 'NONE',  ( -18.50000000000000000, 0.4472766804341936075, 0.4912781730480662579 ) ) ;
#10088 = CARTESIAN_POINT ( 'NONE',  ( 0.9860054847686339219, 1.123254759356272059, 6.591421356237392892 ) ) ;
#10089 = DIRECTION ( 'NONE',  ( 0.000000000000000000, 1.000000000000000000, 0.000000000000000000 ) ) ;
#10090 = DIRECTION ( 'NONE',  ( -3.208663089316465628E-15, -3.491481338843203564E-15, -1.000000000000000000 ) ) ;
#10091 = CARTESIAN_POINT ( 'NONE',  ( 18.50000000000003553, 0.7342951250167996102, -0.2668628668216093680 ) ) ;
#10092 =( BOUNDED_CURVE ( )  B_SPLINE_CURVE ( 3, ( #2430, #9988, #7436, #6577 ),
 .UNSPECIFIED., .F., .F. ) 
 B_SPLINE_CURVE_WITH_KNOTS ( ( 4, 4 ),
 ( 1.577777346072571030, 2.650845457626367363 ),
 .UNSPECIFIED. ) 
 CURVE ( )  GEOMETRIC_REPRESENTATION_ITEM ( )  RATIONAL_B_SPLINE_CURVE ( ( 1.000000000000000000, 0.9063236618287558999, 0.9063236618287558999, 1.000000000000000000 ) ) 
 REPRESENTATION_ITEM ( '' )  );
#10093 = DIRECTION ( 'NONE',  ( -1.000000000000000000, -1.084202172485511060E-14, 4.336808689942043768E-15 ) ) ;
#10094 = TOROIDAL_SURFACE ( 'NONE', #1146, 0.2676893682510496086, 0.05999999999999999778 ) ;
#10095 = VERTEX_POINT ( 'NONE', #8192 ) ;
#10096 = EDGE_CURVE ( 'NONE', #4835, #5861, #10941, .T. ) ;
#10097 = EDGE_LOOP ( 'NONE', ( #10791, #840, #5777, #410 ) ) ;
#10098 = ORIENTED_EDGE ( 'NONE', *, *, #7819, .F. ) ;
#10099 = VERTEX_POINT ( 'NONE', #2123 ) ;
#10100 = CARTESIAN_POINT ( 'NONE',  ( 15.00000000000000000, -0.1415100000000001357, 0.4499999999999999556 ) ) ;
#10101 = CARTESIAN_POINT ( 'NONE',  ( 1.104782551676325220, 0.9739922020337481445, 5.700279807993019254 ) ) ;
#10102 = DIRECTION ( 'NONE',  ( 0.000000000000000000, -1.000000000000000000, 0.000000000000000000 ) ) ;
#10103 = CARTESIAN_POINT ( 'NONE',  ( 12.85975103337100833, 2.825000000000001510, -4.327032419940936236 ) ) ;
#10104 = CARTESIAN_POINT ( 'NONE',  ( 10.00000000000000000, -0.3750000000000000000, -2.500000000000001332 ) ) ;
#10105 = CARTESIAN_POINT ( 'NONE',  ( 3.825304379777898944, -0.3674726758435270524, 4.453074062750398632 ) ) ;
#10106 = EDGE_CURVE ( 'NONE', #2874, #8742, #2335, .T. ) ;
#10107 = DIRECTION ( 'NONE',  ( 0.000000000000000000, -1.000000000000000000, 0.000000000000000000 ) ) ;
#10108 = LINE ( 'NONE', #895, #8761 ) ;
#10109 = AXIS2_PLACEMENT_3D ( 'NONE', #4860, #1762, #8512 ) ;
#10110 = ORIENTED_EDGE ( 'NONE', *, *, #6219, .F. ) ;
#10111 = ORIENTED_EDGE ( 'NONE', *, *, #7558, .F. ) ;
#10112 = CARTESIAN_POINT ( 'NONE',  ( -2.200000000000040590, 1.925000000000000044, 6.800000000000107292 ) ) ;
#10113 = CARTESIAN_POINT ( 'NONE',  ( 1.050000001159350216, 1.824000000000016497, 16.75100000600095029 ) ) ;
#10114 = ORIENTED_EDGE ( 'NONE', *, *, #5980, .F. ) ;
#10115 = DIRECTION ( 'NONE',  ( -0.000000000000000000, -1.000000000000000000, -0.000000000000000000 ) ) ;
#10116 = AXIS2_PLACEMENT_3D ( 'NONE', #4403, #10390, #6007 ) ;
#10117 = CARTESIAN_POINT ( 'NONE',  ( -0.9999999988406678142, 1.604999999999978222, 11.75000000600095973 ) ) ;
#10118 = CARTESIAN_POINT ( 'NONE',  ( 0.3299999999999982392, 1.865000000000000435, -7.233252277351548187 ) ) ;
#10119 = CARTESIAN_POINT ( 'NONE',  ( 18.49029285481319462, 0.4543876911176157329, -0.5084114259333140096 ) ) ;
#10120 = ORIENTED_EDGE ( 'NONE', *, *, #5004, .F. ) ;
#10121 = EDGE_CURVE ( 'NONE', #7323, #2754, #11067, .T. ) ;
#10122 = AXIS2_PLACEMENT_3D ( 'NONE', #4540, #6307, #9614 ) ;
#10123 = ADVANCED_FACE ( 'NONE', ( #6004 ), #2034, .T. ) ;
#10124 = DIRECTION ( 'NONE',  ( -0.000000000000000000, -1.000000000000000000, -0.000000000000000000 ) ) ;
#10125 = VERTEX_POINT ( 'NONE', #4748 ) ;
#10126 = CARTESIAN_POINT ( 'NONE',  ( -18.45269842981319997, -0.3183549739483271246, 0.2015057671965232444 ) ) ;
#10127 = DIRECTION ( 'NONE',  ( -0.4999999999999859002, 9.650728701756255797E-17, -0.8660254037844468122 ) ) ;
#10128 = DIRECTION ( 'NONE',  ( 0.000000000000000000, -1.000000000000000000, 0.000000000000000000 ) ) ;
#10129 = CARTESIAN_POINT ( 'NONE',  ( -0.3500000000000100253, 1.903999999999942183, -0.5000000000000213163 ) ) ;
#10130 = CARTESIAN_POINT ( 'NONE',  ( 4.595791386105190668, -0.6161113284688907177, 5.430725082054738806 ) ) ;
#10131 = CARTESIAN_POINT ( 'NONE',  ( -2.299999998840650761, 1.823999999999980526, 16.50100000600096450 ) ) ;
#10132 = ORIENTED_EDGE ( 'NONE', *, *, #3912, .T. ) ;
#10133 = EDGE_CURVE ( 'NONE', #8146, #4358, #2840, .T. ) ;
#10134 = CARTESIAN_POINT ( 'NONE',  ( -2.225000000000037836, 1.925000000000000044, 7.358824457812072062 ) ) ;
#10135 = DIRECTION ( 'NONE',  ( 1.000000000000000000, 1.301042606982605321E-16, -0.000000000000000000 ) ) ;
#10136 = CARTESIAN_POINT ( 'NONE',  ( -9.999999999999998224, -0.8750000000000000000, -6.767689368251049054 ) ) ;
#10137 = AXIS2_PLACEMENT_3D ( 'NONE', #960, #8692, #2777 ) ;
#10138 = CARTESIAN_POINT ( 'NONE',  ( -18.49770124462322940, 0.4608388772044171855, 0.5211376174784849713 ) ) ;
#10139 = DIRECTION ( 'NONE',  ( 1.000000000000000000, 0.000000000000000000, 0.000000000000000000 ) ) ;
#10140 = ADVANCED_FACE ( 'NONE', ( #8795, #9324 ), #5734, .T. ) ;
#10141 = LINE ( 'NONE', #622, #4286 ) ;
#10142 = DIRECTION ( 'NONE',  ( -1.000000000000000000, -1.703767317532268061E-17, 6.911138328291599464E-15 ) ) ;
#10143 = PERSON_AND_ORGANIZATION ( #9160, #4030 ) ;
#10144 = ORIENTED_EDGE ( 'NONE', *, *, #6668, .F. ) ;
#10145 = ORIENTED_EDGE ( 'NONE', *, *, #642, .T. ) ;
#10146 = AXIS2_PLACEMENT_3D ( 'NONE', #1019, #8679, #188 ) ;
#10147 = EDGE_CURVE ( 'NONE', #8925, #8925, #3231, .T. ) ;
#10148 = LINE ( 'NONE', #7767, #9604 ) ;
#10149 = CARTESIAN_POINT ( 'NONE',  ( -18.50000000000001421, -0.3372949786518549264, 0.2668425437075535034 ) ) ;
#10150 = DIRECTION ( 'NONE',  ( -1.000000000000000000, -1.703767317532268061E-17, 6.911138328291599464E-15 ) ) ;
#10151 = DIRECTION ( 'NONE',  ( 0.000000000000000000, 0.000000000000000000, 1.000000000000000000 ) ) ;
#10152 = CARTESIAN_POINT ( 'NONE',  ( -18.50000000000000000, -0.05169419446332433610, -0.4890546909867370395 ) ) ;
#10153 = ORIENTED_EDGE ( 'NONE', *, *, #5231, .F. ) ;
#10154 = EDGE_CURVE ( 'NONE', #10768, #4725, #5483, .T. ) ;
#10155 = ORIENTED_EDGE ( 'NONE', *, *, #10528, .F. ) ;
#10156 = CARTESIAN_POINT ( 'NONE',  ( -18.50000000000000000, 0.4385001624955229271, 0.4956956870771970780 ) ) ;
#10157 = VECTOR ( 'NONE', #9012, 1000.000000000000000 ) ;
#10158 = EDGE_CURVE ( 'NONE', #181, #5430, #5776, .T. ) ;
#10159 = CARTESIAN_POINT ( 'NONE',  ( 0.9465424351605047359, 1.925000000000001821, -7.246813483191108851 ) ) ;
#10160 = CARTESIAN_POINT ( 'NONE',  ( -13.11022304477730138, 1.925000000000000044, 5.480297649229243007 ) ) ;
#10161 = CARTESIAN_POINT ( 'NONE',  ( -10.00000000000000000, -0.8750000000000000000, 6.767689368251046389 ) ) ;
#10162 = CARTESIAN_POINT ( 'NONE',  ( -9.999999999999966249, -0.8750000000000000000, -7.284696352579026701 ) ) ;
#10163 = ORIENTED_EDGE ( 'NONE', *, *, #2168, .F. ) ;
#10164 = EDGE_LOOP ( 'NONE', ( #4739, #10857, #4651, #5913 ) ) ;
#10165 = DIRECTION ( 'NONE',  ( -3.491481338843084446E-15, -3.491481338843206719E-15, -1.000000000000000000 ) ) ;
#10166 = LINE ( 'NONE', #10557, #2586 ) ;
#10167 = EDGE_CURVE ( 'NONE', #2323, #9151, #525, .T. ) ;
#10168 = CARTESIAN_POINT ( 'NONE',  ( -1.180344290324007783, 1.925000000000000266, 7.390222500469888267 ) ) ;
#10169 = CARTESIAN_POINT ( 'NONE',  ( 3.696769726311527560, 1.925000000000000266, 6.665300187280354116 ) ) ;
#10170 = LINE ( 'NONE', #7329, #7758 ) ;
#10171 = CARTESIAN_POINT ( 'NONE',  ( -18.49312478454782394, 0.4565700607794483390, 0.5127165653753986696 ) ) ;
#10172 = DIRECTION ( 'NONE',  ( -1.047444401652941269E-14, 1.000000000000000000, -3.491481338843170037E-15 ) ) ;
#10173 = CARTESIAN_POINT ( 'NONE',  ( 18.49541036440311359, -0.06140287753236054608, 0.5159316001114293559 ) ) ;
#10174 = ORIENTED_EDGE ( 'NONE', *, *, #7172, .F. ) ;
#10175 = ADVANCED_FACE ( 'NONE', ( #267 ), #9917, .T. ) ;
#10176 = DIRECTION ( 'NONE',  ( 1.000000000000000000, 1.703767317533210072E-17, -6.911138328291599464E-15 ) ) ;
#10177 = EDGE_CURVE ( 'NONE', #522, #3333, #7076, .T. ) ;
#10178 = EDGE_LOOP ( 'NONE', ( #10183, #6685, #9278, #4033 ) ) ;
#10179 = FACE_OUTER_BOUND ( 'NONE', #1446, .T. ) ;
#10180 = LINE ( 'NONE', #7751, #8706 ) ;
#10181 = CARTESIAN_POINT ( 'NONE',  ( -13.62280971657077622, 0.6999999999999999556, 1.190834171402525898 ) ) ;
#10182 = EDGE_CURVE ( 'NONE', #5620, #6630, #657, .T. ) ;
#10183 = ORIENTED_EDGE ( 'NONE', *, *, #10182, .F. ) ;
#10184 = DIRECTION ( 'NONE',  ( -1.703767317533126255E-17, 1.000000000000000000, 1.212737214708384717E-16 ) ) ;
#10185 = AXIS2_PLACEMENT_3D ( 'NONE', #4449, #1844, #6146 ) ;
#10186 = ORIENTED_EDGE ( 'NONE', *, *, #4060, .T. ) ;
#10187 = CARTESIAN_POINT ( 'NONE',  ( -18.50000000000000355, -0.3969971444723988663, 0.05642067891741670005 ) ) ;
#10188 = VERTEX_POINT ( 'NONE', #9116 ) ;
#10189 = FACE_OUTER_BOUND ( 'NONE', #750, .T. ) ;
#10190 = VECTOR ( 'NONE', #8116, 1000.000000000000000 ) ;
#10191 = CIRCLE ( 'NONE', #9240, 0.2500000000000002220 ) ;
#10192 = ADVANCED_FACE ( 'NONE', ( #7456, #5212 ), #6589, .T. ) ;
#10193 = AXIS2_PLACEMENT_3D ( 'NONE', #8418, #4254, #4209 ) ;
#10194 = CARTESIAN_POINT ( 'NONE',  ( -15.00000000000000178, 0.01099999999999910251, -0.4500000000000001776 ) ) ;
#10195 = PLANE ( 'NONE',  #10420 ) ;
#10196 = DIRECTION ( 'NONE',  ( -1.703767317533126255E-17, 1.000000000000000000, 1.212737214708384717E-16 ) ) ;
#10197 = VERTEX_POINT ( 'NONE', #9959 ) ;
#10198 = EDGE_CURVE ( 'NONE', #1848, #5432, #9738, .T. ) ;
#10199 = CARTESIAN_POINT ( 'NONE',  ( 0.3300000000000000711, 0.2000000000000000944, -7.543252277351548685 ) ) ;
#10200 = DIRECTION ( 'NONE',  ( -1.000000000000000000, -1.703767317532268061E-17, 6.911138328291599464E-15 ) ) ;
#10201 = DIRECTION ( 'NONE',  ( -1.000000000000000000, -1.703767317532268061E-17, 6.911138328291599464E-15 ) ) ;
#10202 = CARTESIAN_POINT ( 'NONE',  ( -14.99997968099783385, 0.1988359251456736365, 1.000008114687864103 ) ) ;
#10203 = CIRCLE ( 'NONE', #4360, 0.4500000000000002887 ) ;
#10204 = AXIS2_PLACEMENT_3D ( 'NONE', #952, #7848, #8623 ) ;
#10205 = EDGE_LOOP ( 'NONE', ( #8826 ) ) ;
#10206 = FACE_OUTER_BOUND ( 'NONE', #7991, .T. ) ;
#10207 = ORIENTED_EDGE ( 'NONE', *, *, #2904, .F. ) ;
#10208 = FACE_OUTER_BOUND ( 'NONE', #776, .T. ) ;
#10209 = DIRECTION ( 'NONE',  ( -1.703767317533126255E-17, 1.000000000000000000, 1.212737214708384717E-16 ) ) ;
#10210 = CARTESIAN_POINT ( 'NONE',  ( 15.00000000000000178, 0.2374999999999999334, 0.4500000000000000111 ) ) ;
#10211 = CARTESIAN_POINT ( 'NONE',  ( 0.5499999999999998224, 0.6999999999999999556, -4.330563360842446308 ) ) ;
#10212 = CARTESIAN_POINT ( 'NONE',  ( 16.24999999999999645, 0.2000000000000001499, 0.000000000000000000 ) ) ;
#10213 = CARTESIAN_POINT ( 'NONE',  ( 3.096861109217687869, 1.925000000000000266, 5.671730273688499580 ) ) ;
#10214 = CIRCLE ( 'NONE', #1583, 4.999999999999999112 ) ;
#10215 = DIRECTION ( 'NONE',  ( 0.000000000000000000, 0.000000000000000000, -1.000000000000000000 ) ) ;
#10216 = LINE ( 'NONE', #4565, #10740 ) ;
#10217 = LINE ( 'NONE', #2033, #3836 ) ;
#10218 = CARTESIAN_POINT ( 'NONE',  ( 8.488423705513273632, 2.825000000000001066, -1.788139881294551481 ) ) ;
#10219 = LINE ( 'NONE', #3525, #1288 ) ;
#10220 = VERTEX_POINT ( 'NONE', #1592 ) ;
#10221 = FACE_BOUND ( 'NONE', #6620, .T. ) ;
#10222 = EDGE_CURVE ( 'NONE', #7537, #6749, #8595, .T. ) ;
#10223 = EDGE_LOOP ( 'NONE', ( #3942, #4750, #1752, #7334, #6702, #8863, #7335, #7807, #3864, #2120 ) ) ;
#10224 = AXIS2_PLACEMENT_3D ( 'NONE', #4963, #6714, #11014 ) ;
#10225 = CARTESIAN_POINT ( 'NONE',  ( -10.00000000000003375, 2.674999999999999822, 7.250000000000158096 ) ) ;
#10226 = CARTESIAN_POINT ( 'NONE',  ( 18.49999999999999645, 0.4386653920016325148, 0.4956295810576832328 ) ) ;
#10227 = LINE ( 'NONE', #10750, #4393 ) ;
#10228 = DIRECTION ( 'NONE',  ( 1.777826821481514424E-15, 0.000000000000000000, 1.000000000000000000 ) ) ;
#10229 = CARTESIAN_POINT ( 'NONE',  ( -12.33631939038345315, 1.925000000000001377, -5.572888867579560035 ) ) ;
#10230 = EDGE_LOOP ( 'NONE', ( #39, #8503, #2398, #6094 ) ) ;
#10231 = CIRCLE ( 'NONE', #3224, 0.9690474040684478041 ) ;
#10232 = VERTEX_POINT ( 'NONE', #7521 ) ;
#10233 = ORIENTED_EDGE ( 'NONE', *, *, #6257, .F. ) ;
#10234 = DIRECTION ( 'NONE',  ( 1.000000000000000000, 1.301042606982605321E-16, -0.000000000000000000 ) ) ;
#10235 = AXIS2_PLACEMENT_3D ( 'NONE', #2137, #6120, #1888 ) ;
#10236 = VERTEX_POINT ( 'NONE', #9998 ) ;
#10237 = CARTESIAN_POINT ( 'NONE',  ( -15.00000000000000000, -0.1430200000000000637, -0.4500000000000000666 ) ) ;
#10238 = EDGE_CURVE ( 'NONE', #5780, #6254, #7016, .T. ) ;
#10239 = EDGE_CURVE ( 'NONE', #2594, #6168, #3965, .T. ) ;
#10240 =( BOUNDED_SURFACE ( )  B_SPLINE_SURFACE ( 3, 2, ( 
 ( #4991, #4162, #7365 ),
 ( #7527, #2330, #6556 ),
 ( #5781, #634, #1514 ),
 ( #10926, #1444, #2289 ),
 ( #8340, #6600, #5743 ),
 ( #4094, #7449, #8239 ),
 ( #2377, #3172, #9080 ),
 ( #3313, #4946, #1480 ),
 ( #8267, #4021, #2448 ),
 ( #4844, #4134, #10001 ),
 ( #8373, #10962, #10818 ),
 ( #5711, #596, #3212 ) ),
 .UNSPECIFIED., .F., .F., .F. ) 
 B_SPLINE_SURFACE_WITH_KNOTS ( ( 4, 2, 2, 2, 2, 4 ),
 ( 3, 3 ),
 ( 0.001986725537922357648, 0.002316655075012418515, 0.002646584612102479382, 0.002811549380647509599, 0.002976514149192539815, 0.003306443686282600682 ),
 ( 0.000000000000000000, 1.000000000000000000 ),
 .UNSPECIFIED. ) 
 GEOMETRIC_REPRESENTATION_ITEM ( )  RATIONAL_B_SPLINE_SURFACE ( (
 ( 1.000000000000000000, 0.7162903811063870974, 1.000000000000000000),
 ( 1.000000000000000000, 0.7262505473245886023, 1.000000000000000000),
 ( 1.000000000000000000, 0.7349386926638529216, 1.000000000000000000),
 ( 1.000000000000000000, 0.7466089384458142186, 1.000000000000000000),
 ( 1.000000000000000000, 0.7496224179033919022, 1.000000000000000000),
 ( 1.000000000000000000, 0.7496362061077495031, 1.000000000000000000),
 ( 1.000000000000000000, 0.7488311008975513383, 1.000000000000000000),
 ( 1.000000000000000000, 0.7459288205926667414, 1.000000000000000000),
 ( 1.000000000000000000, 0.7437929549693258480, 1.000000000000000000),
 ( 1.000000000000000000, 0.7351204251120898592, 1.000000000000000000),
 ( 1.000000000000000000, 0.7265019218157837688, 1.000000000000000000),
 ( 1.000000000000000000, 0.7162761091832164917, 1.000000000000000000) ) ) 
 REPRESENTATION_ITEM ( '' )  SURFACE ( )  );
#10241 = ADVANCED_FACE ( 'NONE', ( #2092, #3163 ), #859, .T. ) ;
#10242 = CARTESIAN_POINT ( 'NONE',  ( 10.62932159828107892, 2.825000000000001066, -2.008780953565530325 ) ) ;
#10243 = VECTOR ( 'NONE', #9459, 1000.000000000000000 ) ;
#10244 = ORIENTED_EDGE ( 'NONE', *, *, #6026, .F. ) ;
#10245 = ORIENTED_EDGE ( 'NONE', *, *, #8377, .T. ) ;
#10246 = EDGE_LOOP ( 'NONE', ( #6938, #2221, #8262, #5705 ) ) ;
#10247 = CARTESIAN_POINT ( 'NONE',  ( 0.000000000000000000, 0.6999999999999999556, 15.29323831536481926 ) ) ;
#10248 = B_SPLINE_CURVE_WITH_KNOTS ( 'NONE', 3,
 ( #1428, #6476, #4909, #7468, #9064, #5652, #4119, #3151, #6513, #536 ),
 .UNSPECIFIED., .F., .F.,
 ( 4, 2, 2, 2, 4 ),
 ( 0.000000000000000000, 0.2500000000000000555, 0.5000000000000000000, 0.7500000000000002220, 1.000000000000000000 ),
 .UNSPECIFIED. ) ;
#10249 = VERTEX_POINT ( 'NONE', #2445 ) ;
#10250 = DIRECTION ( 'NONE',  ( 0.000000000000000000, 0.000000000000000000, -1.000000000000000000 ) ) ;
#10251 = CARTESIAN_POINT ( 'NONE',  ( 8.321386098541790233, 2.884368676740674875, -7.391603549525590289 ) ) ;
#10252 = EDGE_LOOP ( 'NONE', ( #6870, #4268, #370, #2859 ) ) ;
#10253 = DIRECTION ( 'NONE',  ( 1.000000000000000000, 1.071446852809204623E-14, 0.000000000000000000 ) ) ;
#10254 = EDGE_CURVE ( 'NONE', #10188, #1473, #6468, .T. ) ;
#10255 = CIRCLE ( 'NONE', #6145, 0.4499999999999990119 ) ;
#10256 = CARTESIAN_POINT ( 'NONE',  ( 18.44991409307876751, -0.04860357516367896924, 0.4906874716957338456 ) ) ;
#10257 = DIRECTION ( 'NONE',  ( 0.000000000000000000, 1.000000000000000000, -0.000000000000000000 ) ) ;
#10258 = VERTEX_POINT ( 'NONE', #7479 ) ;
#10259 = CARTESIAN_POINT ( 'NONE',  ( 1.584275110731978797, -0.8749999999999998890, 4.459959788988762774 ) ) ;
#10260 = DIRECTION ( 'NONE',  ( 1.047444401652941269E-14, -1.000000000000000000, 3.491481338843170037E-15 ) ) ;
#10261 = ORIENTED_EDGE ( 'NONE', *, *, #10121, .F. ) ;
#10262 = CARTESIAN_POINT ( 'NONE',  ( -18.45299506659586442, -0.3472224425255939217, 0.05085447475503949988 ) ) ;
#10263 = ADVANCED_FACE ( 'NONE', ( #4744 ), #7134, .F. ) ;
#10264 = EDGE_CURVE ( 'NONE', #2365, #5889, #4995, .T. ) ;
#10265 = DIRECTION ( 'NONE',  ( 0.000000000000000000, 1.000000000000000000, -0.000000000000000000 ) ) ;
#10266 = VERTEX_POINT ( 'NONE', #10996 ) ;
#10267 = EDGE_CURVE ( 'NONE', #8755, #9125, #7666, .T. ) ;
#10268 = CARTESIAN_POINT ( 'NONE',  ( 12.74999999999987210, 1.925000000000001821, -5.749999999999997335 ) ) ;
#10269 = CARTESIAN_POINT ( 'NONE',  ( 1.576527076088723556, -0.4553704557704189582, 4.454225728878267176 ) ) ;
#10270 = CARTESIAN_POINT ( 'NONE',  ( 18.49999999999879563, 0.5272405526147405652, 0.4510562648512825290 ) ) ;
#10271 = AXIS2_PLACEMENT_3D ( 'NONE', #6954, #1877, #4370 ) ;
#10272 = CARTESIAN_POINT ( 'NONE',  ( -9.014586297939972681, 2.825000000000001066, -1.299999999999849942 ) ) ;
#10273 = ORIENTED_EDGE ( 'NONE', *, *, #5948, .F. ) ;
#10274 = CARTESIAN_POINT ( 'NONE',  ( -18.45139682841337958, 0.4454119251893735032, 0.4907050135827545345 ) ) ;
#10275 = CIRCLE ( 'NONE', #9719, 0.8530300048438035354 ) ;
#10276 = AXIS2_PLACEMENT_3D ( 'NONE', #474, #4773, #10730 ) ;
#10277 = DIRECTION ( 'NONE',  ( -1.000000000000000000, -1.047444401652940007E-14, 3.491481338843121522E-15 ) ) ;
#10278 = CARTESIAN_POINT ( 'NONE',  ( -1.099918546799084407, 0.6953335492448714517, 7.381370674269602361 ) ) ;
#10279 = VERTEX_POINT ( 'NONE', #3346 ) ;
#10280 = DIRECTION ( 'NONE',  ( -1.000000000000000000, -1.703767317532273299E-17, 7.341679198581128704E-15 ) ) ;
#10281 = CARTESIAN_POINT ( 'NONE',  ( 14.98486113449022028, 1.067305024188598850, -0.5091793520698819631 ) ) ;
#10282 = ORIENTED_EDGE ( 'NONE', *, *, #7156, .F. ) ;
#10283 = CARTESIAN_POINT ( 'NONE',  ( -7.499978897913669229, 1.704999999999887272, 5.250000011130785182 ) ) ;
#10284 = DIRECTION ( 'NONE',  ( -1.000000000000000000, 1.301042606982605321E-16, -0.000000000000000000 ) ) ;
#10285 = DIRECTION ( 'NONE',  ( -0.000000000000000000, -1.000000000000000000, -0.000000000000000000 ) ) ;
#10286 = AXIS2_PLACEMENT_3D ( 'NONE', #4492, #5262, #1162 ) ;
#10287 = LINE ( 'NONE', #9586, #10426 ) ;
#10288 = SHAPE_DEFINITION_REPRESENTATION ( #2599, #1857 ) ;
#10289 = EDGE_CURVE ( 'NONE', #10659, #9018, #870, .T. ) ;
#10290 = CARTESIAN_POINT ( 'NONE',  ( 1.101886547524477900, 0.8080802352918987630, 7.379402673544210423 ) ) ;
#10291 = AXIS2_PLACEMENT_3D ( 'NONE', #8702, #4524, #5357 ) ;
#10292 = ORIENTED_EDGE ( 'NONE', *, *, #409, .T. ) ;
#10293 = DIRECTION ( 'NONE',  ( -1.047444401652941269E-14, 1.000000000000000000, -3.491481338843170037E-15 ) ) ;
#10294 = DIRECTION ( 'NONE',  ( -1.047444401652941269E-14, 1.000000000000000000, -3.491481338843170037E-15 ) ) ;
#10295 = ADVANCED_FACE ( 'NONE', ( #5663 ), #4623, .F. ) ;
#10296 = CARTESIAN_POINT ( 'NONE',  ( -18.45138030200387647, 0.4454113971054414756, 0.4907047638173723247 ) ) ;
#10297 = VECTOR ( 'NONE', #3301, 1000.000000000000000 ) ;
#10298 = DIRECTION ( 'NONE',  ( -0.000000000000000000, 0.01745240643728354982, 0.9998476951563912696 ) ) ;
#10299 = ORIENTED_EDGE ( 'NONE', *, *, #2733, .F. ) ;
#10300 = DIRECTION ( 'NONE',  ( -5.754656010973727542E-15, 1.212737214708358586E-16, -1.000000000000000000 ) ) ;
#10301 = CARTESIAN_POINT ( 'NONE',  ( 18.45252984224174853, 0.5296355204048898146, -0.4471270007835559945 ) ) ;
#10302 = EDGE_CURVE ( 'NONE', #6230, #3886, #1829, .T. ) ;
#10303 = CARTESIAN_POINT ( 'NONE',  ( -12.84471331686216544, 2.925000000000000711, 1.882174971434835697E-13 ) ) ;
#10304 = TOROIDAL_SURFACE ( 'NONE', #4306, 0.2676893682510503858, 0.05999999999999999778 ) ;
#10305 = VECTOR ( 'NONE', #7934, 1000.000000000000000 ) ;
#10306 = CARTESIAN_POINT ( 'NONE',  ( -18.45138856307196207, 0.4454117140393840657, 0.4907048612464575132 ) ) ;
#10307 = ADVANCED_FACE ( 'NONE', ( #9258 ), #7632, .T. ) ;
#10308 = EDGE_LOOP ( 'NONE', ( #5163, #9596, #6785, #2641 ) ) ;
#10309 = ORIENTED_EDGE ( 'NONE', *, *, #1594, .F. ) ;
#10310 = CARTESIAN_POINT ( 'NONE',  ( 12.61068682838814503, -0.8750000000000000000, -5.262873992591395655 ) ) ;
#10311 = CARTESIAN_POINT ( 'NONE',  ( 18.49770124462322940, 0.4608388772044171855, 0.5211376174784849713 ) ) ;
#10312 = EDGE_CURVE ( 'NONE', #3267, #9726, #4864, .T. ) ;
#10313 = CARTESIAN_POINT ( 'NONE',  ( -14.99996953439121761, 0.1997609532144824507, 2.516259092389517171 ) ) ;
#10314 = FACE_OUTER_BOUND ( 'NONE', #8319, .T. ) ;
#10315 = B_SPLINE_CURVE_WITH_KNOTS ( 'NONE', 3,
 ( #5039, #6708, #10194, #6784, #5069, #8573 ),
 .UNSPECIFIED., .F., .F.,
 ( 4, 2, 4 ),
 ( 0.000000000000000000, 0.5000000000000000000, 1.000000000000000000 ),
 .UNSPECIFIED. ) ;
#10316 = CARTESIAN_POINT ( 'NONE',  ( 13.11022304477721079, 1.925000000000000488, 5.480297649229060930 ) ) ;
#10317 = CARTESIAN_POINT ( 'NONE',  ( -1.165916618590322251, 1.866660212475874658, 7.470908337777956376 ) ) ;
#10318 = CIRCLE ( 'NONE', #7603, 4.984665891610307042 ) ;
#10319 = CARTESIAN_POINT ( 'NONE',  ( 14.98394807992827005, -0.7196138850094354611, -0.3173651888163394608 ) ) ;
#10320 = VERTEX_POINT ( 'NONE', #742 ) ;
#10321 = ORIENTED_EDGE ( 'NONE', *, *, #6782, .F. ) ;
#10322 = CARTESIAN_POINT ( 'NONE',  ( -15.19334575021565925, -0.1063736707075070009, 0.7978806590013056699 ) ) ;
#10323 = EDGE_CURVE ( 'NONE', #532, #9495, #2780, .T. ) ;
#10324 = ORIENTED_EDGE ( 'NONE', *, *, #8856, .F. ) ;
#10325 = EDGE_CURVE ( 'NONE', #2211, #4892, #2638, .T. ) ;
#10326 = CARTESIAN_POINT ( 'NONE',  ( 18.45084524250228952, -0.1387939518313415499, -0.4439406689280909757 ) ) ;
#10327 = CARTESIAN_POINT ( 'NONE',  ( 18.50000000000000355, 0.7500000000000000000, -0.1129691451777591060 ) ) ;
#10328 = CARTESIAN_POINT ( 'NONE',  ( -14.99995520780321812, 0.2025661432348253577, -2.504622847218116455 ) ) ;
#10329 = CIRCLE ( 'NONE', #5142, 0.2000000000000000944 ) ;
#10330 = CIRCLE ( 'NONE', #8819, 1.753994140719112638 ) ;
#10331 = CARTESIAN_POINT ( 'NONE',  ( 0.2000000011593500160, 1.824000000000007615, 16.75100000600095740 ) ) ;
#10332 = CARTESIAN_POINT ( 'NONE',  ( 1.450000001159305274, 1.704999999999976756, 3.976800006000948962 ) ) ;
#10333 = CARTESIAN_POINT ( 'NONE',  ( 9.508122550353268920, 2.825000000000001066, -1.640920606999806131 ) ) ;
#10334 = VERTEX_POINT ( 'NONE', #4276 ) ;
#10335 = ORIENTED_EDGE ( 'NONE', *, *, #10521, .T. ) ;
#10336 = ORIENTED_EDGE ( 'NONE', *, *, #6281, .F. ) ;
#10337 = CYLINDRICAL_SURFACE ( 'NONE', #5977, 0.2500000000000002220 ) ;
#10338 = EDGE_CURVE ( 'NONE', #2208, #1664, #2349, .T. ) ;
#10339 = ORIENTED_EDGE ( 'NONE', *, *, #7455, .F. ) ;
#10340 = CARTESIAN_POINT ( 'NONE',  ( -0.2051905488863962068, 1.859000000000003316, 16.68478047920480378 ) ) ;
#10341 = CARTESIAN_POINT ( 'NONE',  ( 18.45564076965135669, 0.7092886520632007974, -0.1989895515740228438 ) ) ;
#10342 = LINE ( 'NONE', #947, #5657 ) ;
#10343 = EDGE_LOOP ( 'NONE', ( #6435 ) ) ;
#10344 = CIRCLE ( 'NONE', #8309, 0.2499999971587907599 ) ;
#10345 = AXIS2_PLACEMENT_3D ( 'NONE', #7015, #1862, #2718 ) ;
#10346 = CARTESIAN_POINT ( 'NONE',  ( 0.1000000000159258912, 1.704999999999947891, -0.2499999881956684045 ) ) ;
#10347 = DIRECTION ( 'NONE',  ( -0.01745240643728356369, -0.9998476951563912696, -1.651012123584739057E-17 ) ) ;
#10348 = CARTESIAN_POINT ( 'NONE',  ( 1.734723475976807094E-15, 1.903999999999957726, 2.899999999999979039 ) ) ;
#10349 = LINE ( 'NONE', #10331, #7802 ) ;
#10350 = FACE_OUTER_BOUND ( 'NONE', #920, .T. ) ;
#10351 = ADVANCED_FACE ( 'NONE', ( #204 ), #67, .F. ) ;
#10352 = AXIS2_PLACEMENT_3D ( 'NONE', #5537, #10789, #552 ) ;
#10353 = EDGE_LOOP ( 'NONE', ( #266, #10983, #489, #2788 ) ) ;
#10354 = CARTESIAN_POINT ( 'NONE',  ( 4.599999999998543032, -0.3749999999999999445, 6.617177293032020735 ) ) ;
#10355 = LINE ( 'NONE', #10763, #73 ) ;
#10356 = ORIENTED_EDGE ( 'NONE', *, *, #7226, .F. ) ;
#10357 = FACE_OUTER_BOUND ( 'NONE', #1289, .T. ) ;
#10358 = CARTESIAN_POINT ( 'NONE',  ( -15.18833172896662731, -0.3361761386832213816, 0.6107256431571874700 ) ) ;
#10359 = EDGE_CURVE ( 'NONE', #2629, #6380, #330, .T. ) ;
#10360 = CARTESIAN_POINT ( 'NONE',  ( 18.45299370467787625, -0.3470936035034445921, -0.1030034980619163598 ) ) ;
#10361 = CARTESIAN_POINT ( 'NONE',  ( 15.20035946634780899, 0.1849212482276736125, -0.7998578819046472388 ) ) ;
#10362 = DIRECTION ( 'NONE',  ( 1.703767317533126255E-17, -1.000000000000000000, -1.212737214708384717E-16 ) ) ;
#10363 = CARTESIAN_POINT ( 'NONE',  ( -18.45240263273812786, 0.2904205061806411359, -0.5676364339617541166 ) ) ;
#10364 = AXIS2_PLACEMENT_3D ( 'NONE', #4148, #9372, #6681 ) ;
#10365 = DIRECTION ( 'NONE',  ( 0.000000000000000000, 0.000000000000000000, 1.000000000000000000 ) ) ;
#10366 = LINE ( 'NONE', #3061, #4378 ) ;
#10367 = CARTESIAN_POINT ( 'NONE',  ( 15.00000000000000000, -0.1400000000000001243, -0.4500000000000000666 ) ) ;
#10368 = ORIENTED_EDGE ( 'NONE', *, *, #5630, .T. ) ;
#10369 = ORIENTED_EDGE ( 'NONE', *, *, #4799, .F. ) ;
#10370 = ORIENTED_EDGE ( 'NONE', *, *, #9052, .F. ) ;
#10371 = LINE ( 'NONE', #10856, #7022 ) ;
#10372 = VERTEX_POINT ( 'NONE', #943 ) ;
#10373 = CARTESIAN_POINT ( 'NONE',  ( 18.50000000000000000, 0.4414256684750796356, -0.4942231824008202490 ) ) ;
#10374 = ADVANCED_FACE ( 'NONE', ( #6343 ), #4985, .T. ) ;
#10375 = AXIS2_PLACEMENT_3D ( 'NONE', #402, #2898, #3763 ) ;
#10376 = DIRECTION ( 'NONE',  ( 6.911138328291599464E-15, -1.212737214708358339E-16, 1.000000000000000000 ) ) ;
#10377 = CARTESIAN_POINT ( 'NONE',  ( 9.999999999999998224, -0.3750000000000000000, -6.700000000000001066 ) ) ;
#10378 = ADVANCED_FACE ( 'NONE', ( #4086 ), #5927, .T. ) ;
#10379 = CARTESIAN_POINT ( 'NONE',  ( -0.8860207152530698016, 1.125000000000000222, 7.400000000000092726 ) ) ;
#10380 = DIRECTION ( 'NONE',  ( 0.01744974916068271764, -0.9996954598818874604, 0.01744974916068272111 ) ) ;
#10381 = EDGE_CURVE ( 'NONE', #1622, #3853, #6725, .T. ) ;
#10382 = ORIENTED_EDGE ( 'NONE', *, *, #2260, .T. ) ;
#10383 = ORIENTED_EDGE ( 'NONE', *, *, #9813, .F. ) ;
#10384 = ORIENTED_EDGE ( 'NONE', *, *, #103, .T. ) ;
#10385 = ORIENTED_EDGE ( 'NONE', *, *, #9076, .T. ) ;
#10386 = CARTESIAN_POINT ( 'NONE',  ( 7.500000001159311758, 1.859000000000043951, 5.251000006000930753 ) ) ;
#10387 = CARTESIAN_POINT ( 'NONE',  ( -15.00000000000000000, -0.1400000000000001243, -0.4500000000000000666 ) ) ;
#10388 = EDGE_CURVE ( 'NONE', #10860, #6839, #1692, .T. ) ;
#10389 = DIRECTION ( 'NONE',  ( 0.000000000000000000, 0.000000000000000000, -1.000000000000000000 ) ) ;
#10390 = DIRECTION ( 'NONE',  ( 1.000000000000000000, -0.000000000000000000, 0.000000000000000000 ) ) ;
#10391 = VECTOR ( 'NONE', #8204, 1000.000000000000000 ) ;
#10392 = DIRECTION ( 'NONE',  ( -1.703767317533126255E-17, 1.000000000000000000, 1.212737214708384717E-16 ) ) ;
#10393 = EDGE_CURVE ( 'NONE', #1024, #8399, #6214, .T. ) ;
#10394 = ORIENTED_EDGE ( 'NONE', *, *, #3057, .T. ) ;
#10395 = EDGE_LOOP ( 'NONE', ( #8414, #4243, #992, #8878, #7023, #9972, #6333, #1228, #4240, #1512, #4714, #6888, #222, #4902 ) ) ;
#10396 = ORIENTED_EDGE ( 'NONE', *, *, #9579, .F. ) ;
#10397 = CARTESIAN_POINT ( 'NONE',  ( -15.19367550820580881, -0.09126021262748347518, 0.7587082123209175633 ) ) ;
#10398 = CARTESIAN_POINT ( 'NONE',  ( 18.49999999999999645, -0.3890337419912883177, 0.1103923313355635871 ) ) ;
#10399 = B_SPLINE_CURVE_WITH_KNOTS ( 'NONE', 3,
 ( #3152, #8999, #10018, #4774 ),
 .UNSPECIFIED., .F., .F.,
 ( 4, 4 ),
 ( 4.336808689942017255E-19, 0.0001831008505420914068 ),
 .UNSPECIFIED. ) ;
#10400 = CARTESIAN_POINT ( 'NONE',  ( 14.99575257760719182, 0.4433346659136528367, 1.004830774635641744 ) ) ;
#10401 = EDGE_CURVE ( 'NONE', #10621, #5376, #730, .T. ) ;
#10402 = CARTESIAN_POINT ( 'NONE',  ( 1.703230273688383534, 1.925000000000000266, 5.920198394592438795 ) ) ;
#10403 = CARTESIAN_POINT ( 'NONE',  ( -2.299999998840635662, 1.858999999999996211, 21.00100000600096450 ) ) ;
#10404 = CARTESIAN_POINT ( 'NONE',  ( 15.00000000000000355, -0.06450000000000061240, -0.4500000000000001776 ) ) ;
#10405 = EDGE_CURVE ( 'NONE', #6749, #10459, #585, .T. ) ;
#10406 = EDGE_LOOP ( 'NONE', ( #3137, #1098, #7066, #8369, #5879, #10823 ) ) ;
#10407 = CARTESIAN_POINT ( 'NONE',  ( 1.467163336986694322, 1.925000000000001821, -7.040849364905310104 ) ) ;
#10408 = CARTESIAN_POINT ( 'NONE',  ( -0.9999999988406939044, 1.704999999999952554, 4.426800006000958021 ) ) ;
#10409 = DIRECTION ( 'NONE',  ( -1.000000000000000000, -1.045399147446349474E-14, 3.491481338704177873E-15 ) ) ;
#10410 = CARTESIAN_POINT ( 'NONE',  ( 2.300000001159365315, 1.824000000000044475, 21.00100000600095029 ) ) ;
#10411 = DIRECTION ( 'NONE',  ( 1.000000000000000000, -0.000000000000000000, -8.673617379884069985E-17 ) ) ;
#10412 = CARTESIAN_POINT ( 'NONE',  ( 1.000000001159340846, 1.705000000000006510, 13.87500000600095085 ) ) ;
#10413 = EDGE_CURVE ( 'NONE', #1153, #4683, #9112, .T. ) ;
#10414 = CARTESIAN_POINT ( 'NONE',  ( 13.16368060961653796, 1.925000000000001821, -5.572888867579749217 ) ) ;
#10415 = AXIS2_PLACEMENT_3D ( 'NONE', #9026, #2167, #6509 ) ;
#10416 = DIRECTION ( 'NONE',  ( -1.703767317533126255E-17, 1.000000000000000000, 1.212737214708384717E-16 ) ) ;
#10417 = VERTEX_POINT ( 'NONE', #10340 ) ;
#10418 = CARTESIAN_POINT ( 'NONE',  ( 3.910000000000000142, 0.6999999999999999556, 5.828049178245647610 ) ) ;
#10419 = DIRECTION ( 'NONE',  ( -0.000000000000000000, -1.000000000000000000, -0.000000000000000000 ) ) ;
#10420 = AXIS2_PLACEMENT_3D ( 'NONE', #11047, #5934, #9355 ) ;
#10421 = VERTEX_POINT ( 'NONE', #8213 ) ;
#10422 = ORIENTED_EDGE ( 'NONE', *, *, #5748, .T. ) ;
#10423 = DIRECTION ( 'NONE',  ( -1.000000000000000000, -1.703767317532265904E-17, 6.737665980693918755E-15 ) ) ;
#10424 = VERTEX_POINT ( 'NONE', #3626 ) ;
#10425 = ADVANCED_FACE ( 'NONE', ( #9936 ), #6940, .F. ) ;
#10426 = VECTOR ( 'NONE', #8835, 999.9999999999998863 ) ;
#10427 = DIRECTION ( 'NONE',  ( 1.000000000000000000, 1.040834097414994050E-14, -3.469446991383313501E-15 ) ) ;
#10428 = CARTESIAN_POINT ( 'NONE',  ( 14.99113593696805502, 0.7078218309928915319, -0.8993071883619626616 ) ) ;
#10429 = CARTESIAN_POINT ( 'NONE',  ( 11.70720044927875314, 2.825000000000001066, -1.653536311060172181 ) ) ;
#10430 = EDGE_LOOP ( 'NONE', ( #1220, #3743, #4706, #5837, #2949 ) ) ;
#10431 = AXIS2_PLACEMENT_3D ( 'NONE', #6830, #6016, #5241 ) ;
#10432 = ORIENTED_EDGE ( 'NONE', *, *, #1331, .T. ) ;
#10433 = EDGE_CURVE ( 'NONE', #3854, #3305, #4501, .T. ) ;
#10434 = LINE ( 'NONE', #9025, #8938 ) ;
#10435 = CARTESIAN_POINT ( 'NONE',  ( 18.50000000000000000, 0.4443511744546367326, 0.4927506777244431979 ) ) ;
#10436 = FACE_OUTER_BOUND ( 'NONE', #2074, .T. ) ;
#10437 = DIRECTION ( 'NONE',  ( -1.703767317533126255E-17, 1.000000000000000000, 1.212737214708384717E-16 ) ) ;
#10438 = PLANE ( 'NONE',  #9751 ) ;
#10439 = AXIS2_PLACEMENT_3D ( 'NONE', #7034, #6959, #8773 ) ;
#10440 = CARTESIAN_POINT ( 'NONE',  ( 7.499999999999922728, 2.925000000000001155, 0.8000000000000297984 ) ) ;
#10441 = DIRECTION ( 'NONE',  ( 0.3420201433256805368, 1.197872485827492828E-16, -0.9396926207859042091 ) ) ;
#10442 = CARTESIAN_POINT ( 'NONE',  ( 15.18463543064158472, -0.5055847700599308547, -0.3770280258276227370 ) ) ;
#10443 = EDGE_LOOP ( 'NONE', ( #1520, #4593, #9296, #9676 ) ) ;
#10444 = CARTESIAN_POINT ( 'NONE',  ( 14.99999999999989519, 2.925000000000001599, -2.500000000000014211 ) ) ;
#10445 = VERTEX_POINT ( 'NONE', #3652 ) ;
#10446 = CIRCLE ( 'NONE', #539, 0.05999999999999929001 ) ;
#10447 = AXIS2_PLACEMENT_3D ( 'NONE', #3613, #10662, #9525 ) ;
#10448 =( BOUNDED_SURFACE ( )  B_SPLINE_SURFACE ( 3, 2, ( 
 ( #26, #7584, #5910 ),
 ( #3457, #9334, #1773 ),
 ( #9462, #8482, #8553 ),
 ( #6767, #4269, #2552 ),
 ( #4307, #5221, #8596 ),
 ( #852, #2683, #10262 ),
 ( #6804, #3495, #5993 ),
 ( #773, #6726, #6850 ),
 ( #7711, #1652, #8439 ),
 ( #9424, #3372, #4347 ),
 ( #68, #6932, #4489 ),
 ( #1856, #1011, #7787 ) ),
 .UNSPECIFIED., .F., .F., .F. ) 
 B_SPLINE_SURFACE_WITH_KNOTS ( ( 4, 2, 2, 2, 2, 4 ),
 ( 3, 3 ),
 ( 0.001984446275195210323, 0.002314232071845258743, 0.002644017868495307164, 0.002808910766820331591, 0.002973803665145356018, 0.003303589461795404438 ),
 ( 0.000000000000000000, 1.000000000000000000 ),
 .UNSPECIFIED. ) 
 GEOMETRIC_REPRESENTATION_ITEM ( )  RATIONAL_B_SPLINE_SURFACE ( (
 ( 1.000000000000000000, 0.7058029342952293339, 1.000000000000000000),
 ( 1.000000000000000000, 0.7126557705458439473, 1.000000000000000000),
 ( 1.000000000000000000, 0.7183076400770268544, 1.000000000000000000),
 ( 1.000000000000000000, 0.7258455053316806849, 1.000000000000000000),
 ( 1.000000000000000000, 0.7279677431173952051, 1.000000000000000000),
 ( 1.000000000000000000, 0.7279771094393001629, 1.000000000000000000),
 ( 1.000000000000000000, 0.7274405919301029089, 1.000000000000000000),
 ( 1.000000000000000000, 0.7254819815803482674, 1.000000000000000000),
 ( 1.000000000000000000, 0.7240292011884894574, 1.000000000000000000),
 ( 1.000000000000000000, 0.7184202962454536712, 1.000000000000000000),
 ( 1.000000000000000000, 0.7128307805429171529, 1.000000000000000000),
 ( 1.000000000000000000, 0.7057883558142711289, 1.000000000000000000) ) ) 
 REPRESENTATION_ITEM ( '' )  SURFACE ( )  );
#10449 = LINE ( 'NONE', #10709, #3669 ) ;
#10450 = EDGE_CURVE ( 'NONE', #6657, #6657, #6867, .T. ) ;
#10451 = DIRECTION ( 'NONE',  ( 0.01745240643728354635, 0.9998476951563911586, 0.000000000000000000 ) ) ;
#10452 = DIRECTION ( 'NONE',  ( 1.703767317533126255E-17, -1.000000000000000000, -1.212737214708384717E-16 ) ) ;
#10453 = VERTEX_POINT ( 'NONE', #1963 ) ;
#10454 = ORIENTED_EDGE ( 'NONE', *, *, #3989, .F. ) ;
#10455 = ORIENTED_EDGE ( 'NONE', *, *, #9650, .T. ) ;
#10456 = CARTESIAN_POINT ( 'NONE',  ( -10.00000000000003020, 2.674999999999999822, 7.500000000000158096 ) ) ;
#10457 = FACE_OUTER_BOUND ( 'NONE', #9493, .T. ) ;
#10458 = LINE ( 'NONE', #9008, #4816 ) ;
#10459 = VERTEX_POINT ( 'NONE', #4399 ) ;
#10460 = CARTESIAN_POINT ( 'NONE',  ( 0.5863193903832006892, 1.925000000000001821, -6.977111132420169781 ) ) ;
#10461 = ORIENTED_EDGE ( 'NONE', *, *, #1858, .F. ) ;
#10462 = DIRECTION ( 'NONE',  ( -1.000000000000000000, 0.000000000000000000, 7.709882115452493155E-15 ) ) ;
#10463 = EDGE_CURVE ( 'NONE', #1311, #5024, #2216, .T. ) ;
#10464 = ORIENTED_EDGE ( 'NONE', *, *, #21, .T. ) ;
#10465 = B_SPLINE_CURVE_WITH_KNOTS ( 'NONE', 3,
 ( #8143, #1283, #8998, #5763, #653, #10054 ),
 .UNSPECIFIED., .F., .F.,
 ( 4, 2, 4 ),
 ( 0.000000000000000000, 0.5000000000000000000, 1.000000000000000000 ),
 .UNSPECIFIED. ) ;
#10466 = CARTESIAN_POINT ( 'NONE',  ( 0.6250000011593649374, 1.859000000000026853, 21.00100000600095385 ) ) ;
#10467 = CARTESIAN_POINT ( 'NONE',  ( 15.16466375056280569, -0.5999992847389953310, -0.06511847546072738191 ) ) ;
#10468 = CARTESIAN_POINT ( 'NONE',  ( 0.9919033010572751996, 0.6999999999999998446, 5.578527496204321423 ) ) ;
#10469 = CARTESIAN_POINT ( 'NONE',  ( 0.9749999999998700817, 1.925000000000001821, -6.274999999999915090 ) ) ;
#10470 = FACE_OUTER_BOUND ( 'NONE', #10476, .T. ) ;
#10471 = CIRCLE ( 'NONE', #2941, 0.01943663915755008270 ) ;
#10472 = LINE ( 'NONE', #3181, #5649 ) ;
#10473 = EDGE_CURVE ( 'NONE', #4760, #2919, #11004, .T. ) ;
#10474 = AXIS2_PLACEMENT_3D ( 'NONE', #2346, #5048, #3487 ) ;
#10475 = PLANE ( 'NONE',  #3523 ) ;
#10476 = EDGE_LOOP ( 'NONE', ( #6385, #4103, #828, #8328 ) ) ;
#10477 = DIRECTION ( 'NONE',  ( -1.047444401652941269E-14, 1.000000000000000000, -3.491481338843170037E-15 ) ) ;
#10478 = CARTESIAN_POINT ( 'NONE',  ( 10.00000000000000000, 1.866047144386237422, -2.500000000000001332 ) ) ;
#10479 = CARTESIAN_POINT ( 'NONE',  ( -13.87794990882725621, -0.3750000000000000000, 3.480563360842449772 ) ) ;
#10480 = FACE_OUTER_BOUND ( 'NONE', #6608, .T. ) ;
#10481 = CARTESIAN_POINT ( 'NONE',  ( -1.461096144062473234, 0.6999999999999999556, 5.291297657023427803 ) ) ;
#10482 = ADVANCED_FACE ( 'NONE', ( #4225, #7259 ), #224, .T. ) ;
#10483 = EDGE_LOOP ( 'NONE', ( #8140, #6891, #3182, #3109, #2884 ) ) ;
#10484 = CARTESIAN_POINT ( 'NONE',  ( -14.79996953439121654, 0.2000000000000000111, 0.000000000000000000 ) ) ;
#10485 = LINE ( 'NONE', #6133, #8184 ) ;
#10486 = ORIENTED_EDGE ( 'NONE', *, *, #8218, .T. ) ;
#10487 = CARTESIAN_POINT ( 'NONE',  ( -18.49236462410580017, -0.05920551013390252387, -0.5115978633326239144 ) ) ;
#10488 = LINE ( 'NONE', #3722, #10736 ) ;
#10489 = DIRECTION ( 'NONE',  ( -6.737665980693918755E-15, 1.212737214708358339E-16, -1.000000000000000000 ) ) ;
#10490 = CIRCLE ( 'NONE', #10375, 0.2676893682510492201 ) ;
#10491 = CIRCLE ( 'NONE', #8846, 0.06000000000000015737 ) ;
#10492 = LINE ( 'NONE', #174, #3852 ) ;
#10493 = VERTEX_POINT ( 'NONE', #2721 ) ;
#10494 = FACE_BOUND ( 'NONE', #10853, .T. ) ;
#10495 = CARTESIAN_POINT ( 'NONE',  ( -1.101920036735164921, 0.8099988308873059539, 7.489352430800724214 ) ) ;
#10496 = VERTEX_POINT ( 'NONE', #4600 ) ;
#10497 = CARTESIAN_POINT ( 'NONE',  ( -15.19990861245377367, 0.1944152299400692951, -0.7999805062271065914 ) ) ;
#10498 = AXIS2_PLACEMENT_3D ( 'NONE', #6898, #6084, #4351 ) ;
#10499 = CARTESIAN_POINT ( 'NONE',  ( 0.9000000000159279478, 1.704999999999959659, 0.7500000118043290698 ) ) ;
#10500 = FACE_OUTER_BOUND ( 'NONE', #5441, .T. ) ;
#10501 = ORIENTED_EDGE ( 'NONE', *, *, #218, .T. ) ;
#10502 = VECTOR ( 'NONE', #6235, 1000.000000000000000 ) ;
#10503 = VERTEX_POINT ( 'NONE', #10418 ) ;
#10504 = ORIENTED_EDGE ( 'NONE', *, *, #9524, .F. ) ;
#10505 = EDGE_CURVE ( 'NONE', #6749, #1566, #10490, .T. ) ;
#10506 = ORIENTED_EDGE ( 'NONE', *, *, #3022, .F. ) ;
#10507 = CARTESIAN_POINT ( 'NONE',  ( -15.16466375056280214, -0.5999992847389953310, 0.06511847546072731252 ) ) ;
#10508 = CARTESIAN_POINT ( 'NONE',  ( 0.7998686107844514837, -0.3674727169659266490, 5.427271735680423426 ) ) ;
#10509 = CARTESIAN_POINT ( 'NONE',  ( 10.44133578840934007, 2.825000000000001066, -1.706729500469176708 ) ) ;
#10510 = CIRCLE ( 'NONE', #10291, 4.999999999999999112 ) ;
#10511 = CARTESIAN_POINT ( 'NONE',  ( 15.00000000000000000, 0.3129999999999998339, 0.4559999999999999054 ) ) ;
#10512 = ORIENTED_EDGE ( 'NONE', *, *, #7481, .T. ) ;
#10513 = VERTEX_POINT ( 'NONE', #8039 ) ;
#10514 = CARTESIAN_POINT ( 'NONE',  ( -1.012060652392540172, 1.858999999999994435, 16.57547493522192639 ) ) ;
#10515 = DIRECTION ( 'NONE',  ( -3.593523896253485142E-15, -3.491481338843207903E-15, -1.000000000000000000 ) ) ;
#10516 = AXIS2_PLACEMENT_3D ( 'NONE', #1979, #4616, #7919 ) ;
#10517 = VERTEX_POINT ( 'NONE', #1171 ) ;
#10518 = DIRECTION ( 'NONE',  ( -0.000000000000000000, 0.000000000000000000, 1.000000000000000000 ) ) ;
#10519 = ORIENTED_EDGE ( 'NONE', *, *, #186, .F. ) ;
#10520 = DIRECTION ( 'NONE',  ( -6.911138328291599464E-15, 1.212737214708358339E-16, -1.000000000000000000 ) ) ;
#10521 = EDGE_CURVE ( 'NONE', #4790, #973, #10216, .T. ) ;
#10522 = DIRECTION ( 'NONE',  ( -0.9848077530122070211, -3.783779336864328852E-17, 0.1736481776669359933 ) ) ;
#10523 = FACE_OUTER_BOUND ( 'NONE', #3194, .T. ) ;
#10524 = VERTEX_POINT ( 'NONE', #7079 ) ;
#10525 = EDGE_LOOP ( 'NONE', ( #6149, #4218, #3863, #9099, #9382, #5900, #8981, #3745, #10335, #3754, #556, #5282, #10394, #2687 ) ) ;
#10526 = CARTESIAN_POINT ( 'NONE',  ( 1.000000001159339069, 1.785000000000006359, 13.87500000600095085 ) ) ;
#10527 = CARTESIAN_POINT ( 'NONE',  ( 3.825147539698036336, -0.3750000000000000000, 4.453172686845912942 ) ) ;
#10528 = EDGE_CURVE ( 'NONE', #2365, #4708, #7382, .T. ) ;
#10529 = DIRECTION ( 'NONE',  ( -0.3420201433256533918, -1.197872485827500223E-16, 0.9396926207859139790 ) ) ;
#10530 = CARTESIAN_POINT ( 'NONE',  ( 15.16512033575235030, 1.800000000000000488, -0.8000000000000002665 ) ) ;
#10531 = ORIENTED_EDGE ( 'NONE', *, *, #4813, .T. ) ;
#10532 = DIRECTION ( 'NONE',  ( 1.047444401652941269E-14, -1.000000000000000000, 3.491481338843170037E-15 ) ) ;
#10533 = CARTESIAN_POINT ( 'NONE',  ( -1.121382454537066087, 1.925000000000000266, 7.360935792454061932 ) ) ;
#10534 = EDGE_CURVE ( 'NONE', #6422, #4448, #3713, .T. ) ;
#10535 = ADVANCED_FACE ( 'NONE', ( #8189 ), #2071, .T. ) ;
#10536 = CARTESIAN_POINT ( 'NONE',  ( 10.44133578840934007, 2.925000000000001599, -1.706729500469176708 ) ) ;
#10537 = EDGE_CURVE ( 'NONE', #1644, #5839, #3429, .T. ) ;
#10538 = DIRECTION ( 'NONE',  ( 0.9848077530122105738, 3.783779336864092810E-17, -0.1736481776669160093 ) ) ;
#10539 = ORIENTED_EDGE ( 'NONE', *, *, #10601, .F. ) ;
#10540 = B_SPLINE_CURVE_WITH_KNOTS ( 'NONE', 3,
 ( #7278, #7306, #8071, #4729 ),
 .UNSPECIFIED., .F., .F.,
 ( 4, 4 ),
 ( -5.999999970854118527E-08, 0.0005137169247602197883 ),
 .UNSPECIFIED. ) ;
#10541 = DIRECTION ( 'NONE',  ( 1.000000000000000000, 1.040417936528147296E-14, -3.468059788427157917E-15 ) ) ;
#10542 = EDGE_CURVE ( 'NONE', #7590, #5870, #2901, .T. ) ;
#10543 = CARTESIAN_POINT ( 'NONE',  ( 13.21716333698669743, 1.925000000000001821, -5.990849364905395547 ) ) ;
#10544 = DIRECTION ( 'NONE',  ( -3.491481338843084446E-15, -3.491481338843206719E-15, -1.000000000000000000 ) ) ;
#10545 = CARTESIAN_POINT ( 'NONE',  ( -12.75000000000000711, 1.925000000000000044, 5.750000000000174083 ) ) ;
#10546 = EDGE_CURVE ( 'NONE', #6147, #6147, #4973, .T. ) ;
#10547 = VECTOR ( 'NONE', #10943, 1000.000000000000000 ) ;
#10548 = AXIS2_PLACEMENT_3D ( 'NONE', #2060, #3786, #9681 ) ;
#10549 = CARTESIAN_POINT ( 'NONE',  ( -18.49885795490868645, -0.06641018250295364911, 0.5258072066789185595 ) ) ;
#10550 = ORIENTED_EDGE ( 'NONE', *, *, #6668, .T. ) ;
#10551 = CARTESIAN_POINT ( 'NONE',  ( -14.07184740426862035, -0.3750000000000000000, 3.529591528884572060 ) ) ;
#10552 = DIRECTION ( 'NONE',  ( -6.911138328291599464E-15, 1.212737214708358339E-16, -1.000000000000000000 ) ) ;
#10553 = ORIENTED_EDGE ( 'NONE', *, *, #5397, .T. ) ;
#10554 = CARTESIAN_POINT ( 'NONE',  ( 1.000000001159340846, 1.605000000000006644, 13.87500000600095085 ) ) ;
#10555 = CARTESIAN_POINT ( 'NONE',  ( 15.00000000000000000, -0.1400000000000001243, -0.07500000000000010825 ) ) ;
#10556 = EDGE_CURVE ( 'NONE', #6253, #1684, #10329, .T. ) ;
#10557 = CARTESIAN_POINT ( 'NONE',  ( 3.495862002525100376, 1.858999999999996211, 3.628500006000942690 ) ) ;
#10558 = CIRCLE ( 'NONE', #1074, 5.097950801377550079 ) ;
#10559 = DIRECTION ( 'NONE',  ( 0.000000000000000000, 0.000000000000000000, 1.000000000000000000 ) ) ;
#10560 = VERTEX_POINT ( 'NONE', #9932 ) ;
#10561 = ORIENTED_EDGE ( 'NONE', *, *, #9945, .F. ) ;
#10562 = DIRECTION ( 'NONE',  ( 1.703767317533126255E-17, -1.000000000000000000, -1.212737214708384717E-16 ) ) ;
#10563 = AXIS2_PLACEMENT_3D ( 'NONE', #3860, #6453, #8061 ) ;
#10564 = CARTESIAN_POINT ( 'NONE',  ( 4.304868440152506359, -0.8163388137613196704, 4.722919224122459347 ) ) ;
#10565 = DIRECTION ( 'NONE',  ( -1.703767317532184244E-17, 1.000000000000000000, 1.212737214708384470E-16 ) ) ;
#10566 = LINE ( 'NONE', #1651, #10297 ) ;
#10567 = DIRECTION ( 'NONE',  ( 0.9848077530122160139, -4.280128095946860294E-18, 0.1736481776668852006 ) ) ;
#10568 = LINE ( 'NONE', #4566, #1778 ) ;
#10569 = EDGE_CURVE ( 'NONE', #2011, #10666, #4711, .T. ) ;
#10570 = ORIENTED_EDGE ( 'NONE', *, *, #6942, .T. ) ;
#10571 = ORIENTED_EDGE ( 'NONE', *, *, #2395, .T. ) ;
#10572 = CIRCLE ( 'NONE', #5991, 0.2500000000000002220 ) ;
#10573 = DIRECTION ( 'NONE',  ( -1.000000000000000000, 0.000000000000000000, 5.782411586589347778E-15 ) ) ;
#10574 = CARTESIAN_POINT ( 'NONE',  ( 1.574695621076013907, -0.3674727169659266490, 4.453074063289183648 ) ) ;
#10575 = CIRCLE ( 'NONE', #475, 0.5000000000000004441 ) ;
#10576 = DIRECTION ( 'NONE',  ( -1.703767317532184244E-17, 1.000000000000000000, 1.212737214708384470E-16 ) ) ;
#10577 = AXIS2_PLACEMENT_3D ( 'NONE', #7513, #7623, #5810 ) ;
#10578 = CARTESIAN_POINT ( 'NONE',  ( 18.45242147944624733, -0.2912418696418146435, 0.2469794143428905020 ) ) ;
#10579 =( BOUNDED_SURFACE ( )  B_SPLINE_SURFACE ( 3, 2, ( 
 ( #1716, #4442, #3515 ),
 ( #7850, #9551, #6170 ),
 ( #10358, #6059, #2813 ),
 ( #10397, #1069, #1941 ),
 ( #6990, #9509, #954 ),
 ( #8688, #9448, #5240 ) ),
 .UNSPECIFIED., .F., .F., .F. ) 
 B_SPLINE_SURFACE_WITH_KNOTS ( ( 4, 2, 4 ),
 ( 3, 3 ),
 ( 3.632339849553219313, 4.168873905330117147, 4.705407961107015424 ),
 ( 0.000000000000000000, 1.000000000000000000 ),
 .UNSPECIFIED. ) 
 GEOMETRIC_REPRESENTATION_ITEM ( )  RATIONAL_B_SPLINE_SURFACE ( (
 ( 1.000000000000000000, 0.7125281363668399814, 1.000000000000000000),
 ( 1.000000000000000000, 0.7120139427123884923, 1.000000000000000000),
 ( 1.000000000000000000, 0.7112308778163484169, 1.000000000000000000),
 ( 1.000000000000000000, 0.7093503216861901661, 1.000000000000000000),
 ( 1.000000000000000000, 0.7082540790953554266, 1.000000000000000000),
 ( 1.000000000000000000, 0.7071498549091913555, 1.000000000000000000) ) ) 
 REPRESENTATION_ITEM ( '' )  SURFACE ( )  );
#10580 = VERTEX_POINT ( 'NONE', #2973 ) ;
#10581 = ORIENTED_EDGE ( 'NONE', *, *, #4538, .T. ) ;
#10582 = EDGE_CURVE ( 'NONE', #5042, #9831, #10016, .T. ) ;
#10583 = DIRECTION ( 'NONE',  ( -1.000000000000000000, -1.703767317532268061E-17, 6.911138328291599464E-15 ) ) ;
#10584 = CARTESIAN_POINT ( 'NONE',  ( 0.5403153914529453816, 0.2000000000000000944, -7.408095197929142728 ) ) ;
#10585 = CYLINDRICAL_SURFACE ( 'NONE', #6070, 0.1999999999999996503 ) ;
#10586 = DIRECTION ( 'NONE',  ( -1.703767317533126255E-17, 1.000000000000000000, 1.212737214708384717E-16 ) ) ;
#10587 = AXIS2_PLACEMENT_3D ( 'NONE', #1841, #930, #2673 ) ;
#10588 = CIRCLE ( 'NONE', #8757, 0.2500000000000002220 ) ;
#10589 = CARTESIAN_POINT ( 'NONE',  ( 15.00000000000000178, 0.2000000000000000111, 0.9999939082516362543 ) ) ;
#10590 = ADVANCED_FACE ( 'NONE', ( #2574 ), #8787, .T. ) ;
#10591 = CARTESIAN_POINT ( 'NONE',  ( -14.99999999999999822, 0.2000000000000000111, 0.000000000000000000 ) ) ;
#10592 = DIRECTION ( 'NONE',  ( 1.047444401652941269E-14, -1.000000000000000000, 3.491481338843170037E-15 ) ) ;
#10593 = EDGE_LOOP ( 'NONE', ( #4368 ) ) ;
#10594 = ORIENTED_EDGE ( 'NONE', *, *, #8576, .F. ) ;
#10595 = CARTESIAN_POINT ( 'NONE',  ( 0.7022092450136959707, 0.7705346156252256273, -7.490041281240466198 ) ) ;
#10596 = ORIENTED_EDGE ( 'NONE', *, *, #5204, .F. ) ;
#10597 = EDGE_CURVE ( 'NONE', #10927, #4554, #8456, .T. ) ;
#10598 = LINE ( 'NONE', #7569, #8170 ) ;
#10599 = CARTESIAN_POINT ( 'NONE',  ( -0.1999999988406347684, 1.824000000000018273, 21.00100000600095740 ) ) ;
#10600 = CIRCLE ( 'NONE', #6132, 0.4999999991462840132 ) ;
#10601 = EDGE_CURVE ( 'NONE', #2655, #8461, #3562, .T. ) ;
#10602 = ORIENTED_EDGE ( 'NONE', *, *, #4779, .F. ) ;
#10603 = CARTESIAN_POINT ( 'NONE',  ( -1.211869793991679378, 0.8080802352918989850, 7.489385920011412345 ) ) ;
#10604 = CARTESIAN_POINT ( 'NONE',  ( 4.233474986316100974, -0.8163386340005250874, 4.633512552677341745 ) ) ;
#10605 = VERTEX_POINT ( 'NONE', #2246 ) ;
#10606 = CIRCLE ( 'NONE', #1213, 0.2500000000000002220 ) ;
#10607 = VERTEX_POINT ( 'NONE', #8927 ) ;
#10608 = CYLINDRICAL_SURFACE ( 'NONE', #7681, 0.2500000000000002220 ) ;
#10609 = EDGE_LOOP ( 'NONE', ( #5965, #9016, #5578, #5855 ) ) ;
#10610 = TOROIDAL_SURFACE ( 'NONE', #5102, 4.910928177211882684, 0.05999999999999999778 ) ;
#10611 = CARTESIAN_POINT ( 'NONE',  ( -12.72499999999999964, 1.924999999999999822, 6.275000000000182432 ) ) ;
#10612 = CARTESIAN_POINT ( 'NONE',  ( 0.6077289675089334597, -0.8160471443862370444, 6.707698506541664329 ) ) ;
#10613 = EDGE_CURVE ( 'NONE', #3983, #8410, #3098, .T. ) ;
#10614 = CARTESIAN_POINT ( 'NONE',  ( -15.01991417876280366, -0.6000008003459494921, -0.06897587407211422383 ) ) ;
#10615 = CARTESIAN_POINT ( 'NONE',  ( 18.50000000000000000, 0.2995132503786410716, 0.6188888379362021963 ) ) ;
#10616 = FACE_OUTER_BOUND ( 'NONE', #2848, .T. ) ;
#10617 = CYLINDRICAL_SURFACE ( 'NONE', #6772, 5.000000000000000888 ) ;
#10618 = EDGE_CURVE ( 'NONE', #3092, #7453, #10008, .T. ) ;
#10619 = ORIENTED_EDGE ( 'NONE', *, *, #1578, .T. ) ;
#10620 = VECTOR ( 'NONE', #613, 1000.000000000000000 ) ;
#10621 = VERTEX_POINT ( 'NONE', #10803 ) ;
#10622 = FACE_OUTER_BOUND ( 'NONE', #8765, .T. ) ;
#10623 = AXIS2_PLACEMENT_3D ( 'NONE', #4707, #9698, #8903 ) ;
#10624 = DIRECTION ( 'NONE',  ( 0.000000000000000000, 0.000000000000000000, -1.000000000000000000 ) ) ;
#10625 = CARTESIAN_POINT ( 'NONE',  ( -14.98260586164928476, 1.196509518712543407, 0.2606358411468910896 ) ) ;
#10626 = DIRECTION ( 'NONE',  ( 0.000000000000000000, -1.000000000000000000, 0.000000000000000000 ) ) ;
#10627 = DIRECTION ( 'NONE',  ( -1.000000000000000000, 0.000000000000000000, -0.000000000000000000 ) ) ;
#10628 = CARTESIAN_POINT ( 'NONE',  ( 3.125000001159346397, 1.705000000000036042, 16.00000000600094197 ) ) ;
#10629 = VECTOR ( 'NONE', #2968, 1000.000000000000000 ) ;
#10630 = AXIS2_PLACEMENT_3D ( 'NONE', #268, #4578, #2981 ) ;
#10631 = EDGE_LOOP ( 'NONE', ( #10760, #3663, #2064, #1181 ) ) ;
#10632 = CIRCLE ( 'NONE', #6451, 0.2499999999999997780 ) ;
#10633 = VERTEX_POINT ( 'NONE', #7316 ) ;
#10634 = ORIENTED_EDGE ( 'NONE', *, *, #6364, .F. ) ;
#10635 = VECTOR ( 'NONE', #9855, 1000.000000000000000 ) ;
#10636 = VERTEX_POINT ( 'NONE', #10692 ) ;
#10637 = DIRECTION ( 'NONE',  ( -1.000000000000000000, -1.047444401652940007E-14, 3.491481338843121128E-15 ) ) ;
#10638 = CARTESIAN_POINT ( 'NONE',  ( -14.99993907342249422, 0.1965095187125432963, -2.499999999999964473 ) ) ;
#10639 = CARTESIAN_POINT ( 'NONE',  ( 18.50000000000000000, -0.04874918511057036580, -0.4905370123609565369 ) ) ;
#10640 = CARTESIAN_POINT ( 'NONE',  ( -12.72500000000012221, 1.925000000000001377, -5.224999999999814015 ) ) ;
#10641 = CARTESIAN_POINT ( 'NONE',  ( 0.3500000000159261271, 1.704999999999950555, -0.2499999881956718739 ) ) ;
#10642 = FACE_OUTER_BOUND ( 'NONE', #2337, .T. ) ;
#10643 = VERTEX_POINT ( 'NONE', #9063 ) ;
#10644 = CARTESIAN_POINT ( 'NONE',  ( 1.450021300494499954, 1.903999999999976600, 3.976778864538198288 ) ) ;
#10645 = EDGE_LOOP ( 'NONE', ( #10647, #2694, #5292, #4553 ) ) ;
#10646 = ORIENTED_EDGE ( 'NONE', *, *, #5325, .F. ) ;
#10647 = ORIENTED_EDGE ( 'NONE', *, *, #4349, .F. ) ;
#10648 = ADVANCED_FACE ( 'NONE', ( #6215 ), #1496, .F. ) ;
#10649 = AXIS2_PLACEMENT_3D ( 'NONE', #6127, #7865, #9685 ) ;
#10650 = PLANE ( 'NONE',  #10040 ) ;
#10651 = CARTESIAN_POINT ( 'NONE',  ( -14.99993907342249422, 0.1965095187125432963, -2.499999999999964473 ) ) ;
#10652 = EDGE_CURVE ( 'NONE', #9908, #2119, #6933, .T. ) ;
#10653 = LINE ( 'NONE', #6827, #9710 ) ;
#10654 = DIRECTION ( 'NONE',  ( -7.229115512544230479E-15, 0.000000000000000000, 1.000000000000000000 ) ) ;
#10655 = CARTESIAN_POINT ( 'NONE',  ( 18.50000000000121148, 0.1035737757541400905, 0.5672183404108620541 ) ) ;
#10656 = ORIENTED_EDGE ( 'NONE', *, *, #4691, .F. ) ;
#10657 = ORIENTED_EDGE ( 'NONE', *, *, #6382, .T. ) ;
#10658 = DIRECTION ( 'NONE',  ( 0.000000000000000000, -0.01745240643728341798, -0.9998476951563911586 ) ) ;
#10659 = VERTEX_POINT ( 'NONE', #535 ) ;
#10660 = CARTESIAN_POINT ( 'NONE',  ( 4.792271032488153892, -0.8749999999999996669, 6.708727532464105359 ) ) ;
#10661 = AXIS2_PLACEMENT_3D ( 'NONE', #10591, #7826, #8923 ) ;
#10662 = DIRECTION ( 'NONE',  ( -1.703767317533126255E-17, 1.000000000000000000, 1.212737214708384717E-16 ) ) ;
#10663 = PLANE ( 'NONE',  #7132 ) ;
#10664 = CARTESIAN_POINT ( 'NONE',  ( 0.7248865007155441686, -0.8166602124758743919, 6.707709207684975361 ) ) ;
#10665 = DIRECTION ( 'NONE',  ( 5.754656010973727542E-15, -1.212737214708358586E-16, 1.000000000000000000 ) ) ;
#10666 = VERTEX_POINT ( 'NONE', #3079 ) ;
#10667 = CARTESIAN_POINT ( 'NONE',  ( 3.125000001159363716, 1.824000000000055355, 21.50000000600094552 ) ) ;
#10668 = CARTESIAN_POINT ( 'NONE',  ( -2.133598192429966289, 1.925000000000000044, 7.245073926388689856 ) ) ;
#10669 = CARTESIAN_POINT ( 'NONE',  ( -1.230336675081827424, 1.925000000000000266, 7.410928177211881795 ) ) ;
#10670 = EDGE_CURVE ( 'NONE', #6311, #5780, #4018, .T. ) ;
#10671 = ORIENTED_EDGE ( 'NONE', *, *, #7122, .T. ) ;
#10672 = DIRECTION ( 'NONE',  ( 1.000000000000000000, 0.000000000000000000, -8.673617379884030739E-15 ) ) ;
#10673 = EDGE_CURVE ( 'NONE', #8288, #4054, #1075, .T. ) ;
#10674 = DIRECTION ( 'NONE',  ( 0.000000000000000000, -1.000000000000000000, 0.000000000000000000 ) ) ;
#10675 = VERTEX_POINT ( 'NONE', #8986 ) ;
#10676 = DIRECTION ( 'NONE',  ( -1.047444401652941269E-14, 1.000000000000000000, -3.491481338843170037E-15 ) ) ;
#10677 = ORIENTED_EDGE ( 'NONE', *, *, #8983, .T. ) ;
#10678 = ORIENTED_EDGE ( 'NONE', *, *, #9512, .F. ) ;
#10679 = CARTESIAN_POINT ( 'NONE',  ( 3.825147539698036336, -0.3750000000000000000, 4.453172686845912942 ) ) ;
#10680 = LINE ( 'NONE', #1836, #6407 ) ;
#10681 = AXIS2_PLACEMENT_3D ( 'NONE', #9473, #1027, #9548 ) ;
#10682 = DIRECTION ( 'NONE',  ( -1.047444401652941269E-14, 1.000000000000000000, -3.491481338843170037E-15 ) ) ;
#10683 = DIRECTION ( 'NONE',  ( -1.000000000000000000, 0.000000000000000000, 7.014719940208585604E-15 ) ) ;
#10684 = CARTESIAN_POINT ( 'NONE',  ( 15.00000000000000178, 0.2000000000000000111, -0.9999939082516362543 ) ) ;
#10685 = ADVANCED_FACE ( 'NONE', ( #9997, #786 ), #1747, .T. ) ;
#10686 = ORIENTED_EDGE ( 'NONE', *, *, #4747, .T. ) ;
#10687 = EDGE_CURVE ( 'NONE', #10513, #5315, #2272, .T. ) ;
#10688 = DIRECTION ( 'NONE',  ( 0.000000000000000000, 0.000000000000000000, -1.000000000000000000 ) ) ;
#10689 = CARTESIAN_POINT ( 'NONE',  ( 1.875000001159364826, 1.859000000000040176, 21.00100000600095029 ) ) ;
#10690 = CIRCLE ( 'NONE', #1439, 0.2500999994441144292 ) ;
#10691 = VECTOR ( 'NONE', #10816, 1000.000000000000000 ) ;
#10692 = CARTESIAN_POINT ( 'NONE',  ( -2.266401807570114446, 1.925000000000000044, 6.354926073610988269 ) ) ;
#10693 = DIRECTION ( 'NONE',  ( -0.000000000000000000, -1.000000000000000000, -0.000000000000000000 ) ) ;
#10694 = VERTEX_POINT ( 'NONE', #5696 ) ;
#10695 = AXIS2_PLACEMENT_3D ( 'NONE', #2438, #8368, #9221 ) ;
#10696 = CARTESIAN_POINT ( 'NONE',  ( -9.014586297939972681, 2.925000000000001155, -1.299999999999849942 ) ) ;
#10697 = EDGE_LOOP ( 'NONE', ( #9044, #2192, #5408, #2803 ) ) ;
#10698 = CARTESIAN_POINT ( 'NONE',  ( -14.99996953439121761, 0.1999999999999999833, 2.517454373653922328 ) ) ;
#10699 = DIRECTION ( 'NONE',  ( 0.3420201433257094581, -1.081327937400281535E-16, 0.9396926207858935509 ) ) ;
#10700 = EDGE_CURVE ( 'NONE', #5290, #5678, #7997, .T. ) ;
#10701 = LINE ( 'NONE', #2596, #2178 ) ;
#10702 = CIRCLE ( 'NONE', #3938, 0.4249999999999999334 ) ;
#10703 = ORIENTED_EDGE ( 'NONE', *, *, #6842, .F. ) ;
#10704 = CARTESIAN_POINT ( 'NONE',  ( 18.49999999999608491, 0.1031025765160130808, -0.5669811623338457673 ) ) ;
#10705 =( BOUNDED_SURFACE ( )  B_SPLINE_SURFACE ( 3, 2, ( 
 ( #9782, #4689, #5500 ),
 ( #2128, #10655, #384 ),
 ( #3814, #4661, #10615 ),
 ( #6361, #1264, #8058 ) ),
 .UNSPECIFIED., .F., .F., .F. ) 
 B_SPLINE_SURFACE_WITH_KNOTS ( ( 4, 4 ),
 ( 3, 3 ),
 ( 0.0009289125988662441918, 0.001495969423915519646 ),
 ( 0.000000000000000000, 1.000000000000000000 ),
 .UNSPECIFIED. ) 
 GEOMETRIC_REPRESENTATION_ITEM ( )  RATIONAL_B_SPLINE_SURFACE ( (
 ( 1.000000000000000000, 0.7065213857022257793, 1.000000000000000000),
 ( 1.000000000000000000, 0.7169564541299441318, 1.000000000000000000),
 ( 1.000000000000000000, 0.7209645082331527233, 1.000000000000000000),
 ( 1.000000000000000000, 0.7166443860670070887, 1.000000000000000000) ) ) 
 REPRESENTATION_ITEM ( '' )  SURFACE ( )  );
#10706 = VERTEX_POINT ( 'NONE', #1580 ) ;
#10707 = CARTESIAN_POINT ( 'NONE',  ( 14.75000000000000000, 0.2000000000000001499, 0.000000000000000000 ) ) ;
#10708 = ORIENTED_EDGE ( 'NONE', *, *, #1142, .F. ) ;
#10709 = CARTESIAN_POINT ( 'NONE',  ( -0.9202062572497143877, 3.083488389314530842, 7.500000000000094147 ) ) ;
#10710 = CARTESIAN_POINT ( 'NONE',  ( -14.99993907342249599, 0.1965095187125432408, 0.9999756327838832393 ) ) ;
#10711 = VECTOR ( 'NONE', #7842, 1000.000000000000000 ) ;
#10712 = AXIS2_PLACEMENT_3D ( 'NONE', #10707, #1477, #9077 ) ;
#10713 = VECTOR ( 'NONE', #6844, 1000.000000000000000 ) ;
#10714 = CARTESIAN_POINT ( 'NONE',  ( -14.99993907342249422, 0.1965095187125432963, 2.499999999999965805 ) ) ;
#10715 = ORIENTED_EDGE ( 'NONE', *, *, #4112, .T. ) ;
#10716 = EDGE_CURVE ( 'NONE', #2046, #5540, #5471, .T. ) ;
#10717 = ORIENTED_EDGE ( 'NONE', *, *, #9280, .T. ) ;
#10718 = CARTESIAN_POINT ( 'NONE',  ( 13.21716333698670631, 1.925000000000001821, -5.509150635094616888 ) ) ;
#10719 = VERTEX_POINT ( 'NONE', #10017 ) ;
#10720 = DIRECTION ( 'NONE',  ( 0.000000000000000000, 1.000000000000000000, -0.000000000000000000 ) ) ;
#10721 = CARTESIAN_POINT ( 'NONE',  ( 0.9141145274406065058, 2.734493422289520304, 7.400000000000081180 ) ) ;
#10722 = FACE_OUTER_BOUND ( 'NONE', #5090, .T. ) ;
#10723 = PLANE ( 'NONE',  #288 ) ;
#10724 = FACE_OUTER_BOUND ( 'NONE', #9468, .T. ) ;
#10725 = DIRECTION ( 'NONE',  ( -1.000000000000000000, 0.000000000000000000, 0.000000000000000000 ) ) ;
#10726 = VECTOR ( 'NONE', #8415, 1000.000000000000000 ) ;
#10727 = CARTESIAN_POINT ( 'NONE',  ( -15.00000000000009948, 2.925000000000001155, -2.499999999999805489 ) ) ;
#10728 = EDGE_CURVE ( 'NONE', #4818, #5153, #11059, .T. ) ;
#10729 = EDGE_CURVE ( 'NONE', #3333, #5889, #7585, .T. ) ;
#10730 = DIRECTION ( 'NONE',  ( -1.000000000000000000, 0.000000000000000000, 9.637352644315579367E-15 ) ) ;
#10731 = CARTESIAN_POINT ( 'NONE',  ( 12.74122116980755237, -0.3750000000000000000, -5.682091528884567921 ) ) ;
#10732 = VERTEX_POINT ( 'NONE', #4074 ) ;
#10733 = CARTESIAN_POINT ( 'NONE',  ( -2.755751879110832192, 0.6999999999999999556, -6.370297921171164113 ) ) ;
#10734 = VECTOR ( 'NONE', #10150, 1000.000000000000000 ) ;
#10735 = VERTEX_POINT ( 'NONE', #7549 ) ;
#10736 = VECTOR ( 'NONE', #8167, 1000.000000000000000 ) ;
#10737 = CARTESIAN_POINT ( 'NONE',  ( -14.99995520780321812, 0.2025661432348253577, 2.504622847218116455 ) ) ;
#10738 = DIRECTION ( 'NONE',  ( 0.01745240643728356716, -0.9998476951563911586, -2.418712459452893075E-16 ) ) ;
#10739 = EDGE_CURVE ( 'NONE', #420, #7452, #10141, .T. ) ;
#10740 = VECTOR ( 'NONE', #9695, 1000.000000000000000 ) ;
#10741 = CARTESIAN_POINT ( 'NONE',  ( 2.271273490458603828, 1.859000000000027963, 16.34740208388416605 ) ) ;
#10742 = TOROIDAL_SURFACE ( 'NONE', #2823, 0.2676893682510497752, 0.05999999999999999778 ) ;
#10743 = CARTESIAN_POINT ( 'NONE',  ( 4.799908649555841400, -0.3784883556280131955, 6.700060889473976822 ) ) ;
#10745 = EDGE_CURVE ( 'NONE', #7323, #3051, #2025, .T. ) ;
#10744 = LINE ( 'NONE', #10440, #345 ) ;
#10746 = ORIENTED_EDGE ( 'NONE', *, *, #4752, .F. ) ;
#10747 = FACE_OUTER_BOUND ( 'NONE', #1904, .T. ) ;
#10748 = DIRECTION ( 'NONE',  ( -1.000000000000000000, 2.600381446647677285E-14, 6.911138328291602620E-15 ) ) ;
#10749 = ORIENTED_EDGE ( 'NONE', *, *, #5778, .T. ) ;
#10750 = CARTESIAN_POINT ( 'NONE',  ( 2.300000001159348884, 1.824000000000028709, 16.50100000600095029 ) ) ;
#10751 = CARTESIAN_POINT ( 'NONE',  ( 18.49236462410580017, -0.05920551013390252387, -0.5115978633326239144 ) ) ;
#10752 = CARTESIAN_POINT ( 'NONE',  ( -14.99996493366353256, 0.1983583528732201229, 2.509245689644195476 ) ) ;
#10753 = EDGE_CURVE ( 'NONE', #10266, #3656, #7871, .T. ) ;
#10754 = CYLINDRICAL_SURFACE ( 'NONE', #203, 0.2000000000000005107 ) ;
#10755 = AXIS2_PLACEMENT_3D ( 'NONE', #5515, #7212, #4699 ) ;
#10756 = ORIENTED_EDGE ( 'NONE', *, *, #1055, .T. ) ;
#10757 = LINE ( 'NONE', #727, #2348 ) ;
#10758 = ORIENTED_EDGE ( 'NONE', *, *, #1260, .F. ) ;
#10759 = ORIENTED_EDGE ( 'NONE', *, *, #4679, .F. ) ;
#10760 = ORIENTED_EDGE ( 'NONE', *, *, #10182, .T. ) ;
#10761 = CARTESIAN_POINT ( 'NONE',  ( 13.16368060961656994, 1.925000000000000488, 5.572888867579735894 ) ) ;
#10762 = CARTESIAN_POINT ( 'NONE',  ( -7.299999998840688065, 1.858999999999888963, 5.251000006000985820 ) ) ;
#10763 = CARTESIAN_POINT ( 'NONE',  ( 3.125021300494541077, 1.904000000000036330, 15.99997886453819618 ) ) ;
#10764 = CARTESIAN_POINT ( 'NONE',  ( 18.50000000000000000, -0.07121550018489250511, -0.5352844436880290768 ) ) ;
#10765 = DIRECTION ( 'NONE',  ( -1.703767317533126255E-17, 1.000000000000000000, 1.212737214708384717E-16 ) ) ;
#10766 = AXIS2_PLACEMENT_3D ( 'NONE', #5583, #1412, #426 ) ;
#10767 = LINE ( 'NONE', #2468, #9427 ) ;
#10768 = VERTEX_POINT ( 'NONE', #7506 ) ;
#10769 = ORIENTED_EDGE ( 'NONE', *, *, #3918, .T. ) ;
#10770 = EDGE_CURVE ( 'NONE', #811, #4514, #5198, .T. ) ;
#10771 = ORIENTED_EDGE ( 'NONE', *, *, #5457, .F. ) ;
#10772 = CARTESIAN_POINT ( 'NONE',  ( 15.00015142144964564, 0.2086749290402364898, -0.7999605810977744591 ) ) ;
#10773 = CARTESIAN_POINT ( 'NONE',  ( 8.018326937618004635, 2.925000000000001599, -2.920063727479454752 ) ) ;
#10774 = PLANE ( 'NONE',  #5265 ) ;
#10775 = ORIENTED_EDGE ( 'NONE', *, *, #6656, .T. ) ;
#10776 = CARTESIAN_POINT ( 'NONE',  ( -14.99996953439121761, 0.2002390467855175160, 2.516259092389517171 ) ) ;
#10777 = CARTESIAN_POINT ( 'NONE',  ( -15.00000000000000000, -0.1415100000000001357, 0.4499999999999999556 ) ) ;
#10778 = FACE_OUTER_BOUND ( 'NONE', #4653, .T. ) ;
#10779 =( BOUNDED_CURVE ( )  B_SPLINE_CURVE ( 3, ( #10442, #5300, #6153, #3621 ),
 .UNSPECIFIED., .F., .F. ) 
 B_SPLINE_CURVE_WITH_KNOTS ( ( 4, 4 ),
 ( 3.632339849553219313, 4.712388980384689674 ),
 .UNSPECIFIED. ) 
 CURVE ( )  GEOMETRIC_REPRESENTATION_ITEM ( )  RATIONAL_B_SPLINE_CURVE ( ( 1.000000000000000000, 0.9051307007604331156, 0.9051307007604331156, 1.000000000000000000 ) ) 
 REPRESENTATION_ITEM ( '' )  );
#10780 = VERTEX_POINT ( 'NONE', #6680 ) ;
#10781 = ORIENTED_EDGE ( 'NONE', *, *, #1479, .F. ) ;
#10782 = CARTESIAN_POINT ( 'NONE',  ( 18.50000000000000000, -0.07422351634998218539, -0.5337926129143795162 ) ) ;
#10783 = VERTEX_POINT ( 'NONE', #10839 ) ;
#10784 = EDGE_CURVE ( 'NONE', #7791, #9555, #10092, .T. ) ;
#10785 = CARTESIAN_POINT ( 'NONE',  ( -9.999999999999998224, 1.865000000000000435, -7.410928177211881795 ) ) ;
#10786 = DIRECTION ( 'NONE',  ( 0.000000000000000000, 0.000000000000000000, -1.000000000000000000 ) ) ;
#10787 = DIRECTION ( 'NONE',  ( -7.084610675889280174E-15, 1.212737214708358339E-16, -1.000000000000000000 ) ) ;
#10788 = AXIS2_PLACEMENT_3D ( 'NONE', #6792, #1759, #8634 ) ;
#10789 = DIRECTION ( 'NONE',  ( 1.047444401652941269E-14, -1.000000000000000000, 3.491481338843170037E-15 ) ) ;
#10790 = CARTESIAN_POINT ( 'NONE',  ( 4.656568248116910169, -0.8749999999999998890, 6.739675312405843499 ) ) ;
#10791 = ORIENTED_EDGE ( 'NONE', *, *, #8016, .F. ) ;
#10792 = APPROVAL ( #10976, 'UNSPECIFIED' ) ;
#10793 = EDGE_CURVE ( 'NONE', #11019, #9086, #4549, .T. ) ;
#10794 = ADVANCED_FACE ( 'NONE', ( #5599 ), #9199, .F. ) ;
#10795 = CARTESIAN_POINT ( 'NONE',  ( -3.124999998840652271, 1.604999999999970672, 16.00000000600096683 ) ) ;
#10796 = DIRECTION ( 'NONE',  ( 0.9995797955546449343, 0.02648124480421070251, 0.01178880793607303690 ) ) ;
#10797 = CARTESIAN_POINT ( 'NONE',  ( 12.77499999999986890, 1.925000000000002043, -6.274999999999997691 ) ) ;
#10798 = CARTESIAN_POINT ( 'NONE',  ( 0.5403153914529453816, 0.2000000000000000944, -7.408095197929142728 ) ) ;
#10799 = EDGE_CURVE ( 'NONE', #8785, #3403, #3766, .T. ) ;
#10800 = CARTESIAN_POINT ( 'NONE',  ( -18.50000000000000000, -0.07121550018489558598, 0.5352844436880276335 ) ) ;
#10801 = VERTEX_POINT ( 'NONE', #8256 ) ;
#10802 = VERTEX_POINT ( 'NONE', #9100 ) ;
#10803 = CARTESIAN_POINT ( 'NONE',  ( -9.999999999999962697, 1.925000000000000266, 7.410928177211880907 ) ) ;
#10804 = DIRECTION ( 'NONE',  ( -0.9998476951563912696, 0.01745240643728357757, 0.000000000000000000 ) ) ;
#10805 = CARTESIAN_POINT ( 'NONE',  ( -18.50000000000000000, 0.4493924277350870855, 0.4902040857056768619 ) ) ;
#10806 = CIRCLE ( 'NONE', #10516, 0.2000000000000000111 ) ;
#10807 = CARTESIAN_POINT ( 'NONE',  ( 15.00000000000000000, -0.1400000000000001243, 0.4499999999999999556 ) ) ;
#10808 = DIRECTION ( 'NONE',  ( 0.000000000000000000, 1.000000000000000000, 0.000000000000000000 ) ) ;
#10809 = EDGE_CURVE ( 'NONE', #825, #9735, #4795, .T. ) ;
#10810 = VECTOR ( 'NONE', #3104, 1000.000000000000227 ) ;
#10811 = ORIENTED_EDGE ( 'NONE', *, *, #2921, .T. ) ;
#10812 = DIRECTION ( 'NONE',  ( -1.000000000000000000, 0.000000000000000000, 9.637352644315615655E-15 ) ) ;
#10813 = EDGE_CURVE ( 'NONE', #766, #10083, #6823, .T. ) ;
#10814 = DIRECTION ( 'NONE',  ( 3.491481338843084446E-15, 3.491481338843206719E-15, 1.000000000000000000 ) ) ;
#10815 = LINE ( 'NONE', #2513, #5354 ) ;
#10816 = DIRECTION ( 'NONE',  ( -0.9995797955546449343, 0.02648124480421060883, -0.01178880793607294322 ) ) ;
#10817 = EDGE_CURVE ( 'NONE', #7232, #10887, #3353, .T. ) ;
#10818 = CARTESIAN_POINT ( 'NONE',  ( -18.45252984224174853, 0.5296355204048898146, -0.4471270007835559945 ) ) ;
#10819 = CIRCLE ( 'NONE', #2207, 0.1999999999999996503 ) ;
#10820 = CARTESIAN_POINT ( 'NONE',  ( 15.19382072505188752, -0.08460463859407250931, 0.7615692224395940180 ) ) ;
#10821 = CARTESIAN_POINT ( 'NONE',  ( 14.78469635257902937, -0.8750000000000000000, -2.499999999999968914 ) ) ;
#10822 = VERTEX_POINT ( 'NONE', #6028 ) ;
#10823 = ORIENTED_EDGE ( 'NONE', *, *, #5641, .T. ) ;
#10824 = AXIS2_PLACEMENT_3D ( 'NONE', #10536, #300, #9621 ) ;
#10825 = CARTESIAN_POINT ( 'NONE',  ( 4.739609427796336760, -0.8750000000000108802, 6.708997033972971202 ) ) ;
#10826 = FACE_OUTER_BOUND ( 'NONE', #1359, .T. ) ;
#10827 = DIRECTION ( 'NONE',  ( 1.000000000000000000, 1.071446852809204308E-14, 0.000000000000000000 ) ) ;
#10828 = DIRECTION ( 'NONE',  ( 0.000000000000000000, 0.000000000000000000, -1.000000000000000000 ) ) ;
#10829 = CYLINDRICAL_SURFACE ( 'NONE', #4768, 0.1099999999999996397 ) ;
#10830 = DIRECTION ( 'NONE',  ( -0.000000000000000000, -1.000000000000000000, 0.000000000000000000 ) ) ;
#10831 = CARTESIAN_POINT ( 'NONE',  ( 18.50000000000000000, -0.07121550018489250511, -0.5352844436880290768 ) ) ;
#10832 = CARTESIAN_POINT ( 'NONE',  ( 10.00000000000000178, 0.1999999999999999833, 2.499999999999999556 ) ) ;
#10833 = DIRECTION ( 'NONE',  ( 1.000000000000000000, 1.071446852809204781E-14, 0.000000000000000000 ) ) ;
#10834 = DIRECTION ( 'NONE',  ( -1.000000000000000000, -1.040417920731192365E-14, 3.468059735770641218E-15 ) ) ;
#10835 = EDGE_LOOP ( 'NONE', ( #2152, #2182, #3821, #7493 ) ) ;
#10836 = CARTESIAN_POINT ( 'NONE',  ( -1.260269726311687544, 1.925000000000001599, -5.018845878733277033 ) ) ;
#10837 = ORIENTED_EDGE ( 'NONE', *, *, #4202, .T. ) ;
#10838 = FACE_OUTER_BOUND ( 'NONE', #8566, .T. ) ;
#10839 = CARTESIAN_POINT ( 'NONE',  ( 2.755751879110833080, 0.6999999999999999556, -6.370297921171164113 ) ) ;
#10840 = DIRECTION ( 'NONE',  ( 0.000000000000000000, 0.000000000000000000, -1.000000000000000000 ) ) ;
#10841 = FACE_OUTER_BOUND ( 'NONE', #3201, .T. ) ;
#10842 = DIRECTION ( 'NONE',  ( 0.000000000000000000, 0.000000000000000000, -1.000000000000000000 ) ) ;
#10843 = CARTESIAN_POINT ( 'NONE',  ( -15.19367550820580881, -0.09126021262748171270, -0.7587082123209182294 ) ) ;
#10844 = VERTEX_POINT ( 'NONE', #9371 ) ;
#10845 = ORIENTED_EDGE ( 'NONE', *, *, #5390, .F. ) ;
#10846 = CARTESIAN_POINT ( 'NONE',  ( -14.98466589161030349, -0.6784904812874567037, 0.4712850322845281159 ) ) ;
#10847 = ORIENTED_EDGE ( 'NONE', *, *, #4633, .T. ) ;
#10848 = EDGE_CURVE ( 'NONE', #9694, #4554, #3088, .T. ) ;
#10849 = LINE ( 'NONE', #42, #4342 ) ;
#10850 = CIRCLE ( 'NONE', #2141, 0.7999999999999999334 ) ;
#10851 = CARTESIAN_POINT ( 'NONE',  ( 0.6263492518434508050, 1.865800832943215637, -7.470923338303498085 ) ) ;
#10852 = DIRECTION ( 'NONE',  ( -0.008226032506114967086, -0.4712690866487044827, -0.8819511212978325965 ) ) ;
#10853 = EDGE_LOOP ( 'NONE', ( #5455 ) ) ;
#10854 = CARTESIAN_POINT ( 'NONE',  ( 4.460065894471719972, -0.8749999999999998890, 5.014181647421567689 ) ) ;
#10855 = CARTESIAN_POINT ( 'NONE',  ( -1.180344290324007561, 1.925000000000000266, 7.360935792454062820 ) ) ;
#10856 = CARTESIAN_POINT ( 'NONE',  ( -2.175000000000043343, 1.925000000000000044, 6.241175542187609615 ) ) ;
#10857 = ORIENTED_EDGE ( 'NONE', *, *, #7293, .F. ) ;
#10858 = CARTESIAN_POINT ( 'NONE',  ( -0.9860054847687180768, 1.123254759356271837, 6.000000000000096811 ) ) ;
#10859 = LINE ( 'NONE', #9832, #4201 ) ;
#10860 = VERTEX_POINT ( 'NONE', #4264 ) ;
#10861 = FACE_OUTER_BOUND ( 'NONE', #4464, .T. ) ;
#10862 = ORIENTED_EDGE ( 'NONE', *, *, #3711, .T. ) ;
#10863 = VECTOR ( 'NONE', #6186, 1000.000000000000000 ) ;
#10864 = EDGE_CURVE ( 'NONE', #472, #5376, #3835, .T. ) ;
#10865 = CARTESIAN_POINT ( 'NONE',  ( 18.45138030200387647, 0.4454113971054414756, -0.4907047638173724358 ) ) ;
#10866 = CARTESIAN_POINT ( 'NONE',  ( -15.00000000000006573, 1.925000000000000266, 2.500000000000193179 ) ) ;
#10867 = PERSON_AND_ORGANIZATION_ROLE ( 'creator' ) ;
#10868 = CARTESIAN_POINT ( 'NONE',  ( -9.999999999999962697, 1.865000000000000435, 7.410928177211880907 ) ) ;
#10869 = CARTESIAN_POINT ( 'NONE',  ( 4.597194257286644437, -0.5357408923105310139, 5.429608320600668669 ) ) ;
#10870 = CIRCLE ( 'NONE', #2952, 0.2500000000000002220 ) ;
#10871 = VECTOR ( 'NONE', #4315, 1000.000000000000000 ) ;
#10872 = CIRCLE ( 'NONE', #4847, 0.8000000000000000444 ) ;
#10873 = ORIENTED_EDGE ( 'NONE', *, *, #2578, .F. ) ;
#10874 = VECTOR ( 'NONE', #10209, 1000.000000000000000 ) ;
#10875 = ORIENTED_EDGE ( 'NONE', *, *, #1792, .F. ) ;
#10876 = FACE_BOUND ( 'NONE', #9230, .T. ) ;
#10877 = EDGE_CURVE ( 'NONE', #7794, #10735, #9311, .T. ) ;
#10878 = DIRECTION ( 'NONE',  ( 0.000000000000000000, 0.000000000000000000, 1.000000000000000000 ) ) ;
#10879 = CARTESIAN_POINT ( 'NONE',  ( -18.45135791760813504, 0.4488050602987024296, 0.4890202651359426556 ) ) ;
#10880 = CARTESIAN_POINT ( 'NONE',  ( -15.19990861245377189, 0.1944152299400692674, -0.7999805062271064804 ) ) ;
#10881 = CARTESIAN_POINT ( 'NONE',  ( -18.47804884413901050, 0.4491252424018788991, 0.4980302418307692713 ) ) ;
#10882 = CIRCLE ( 'NONE', #3618, 0.4500000000000010658 ) ;
#10883 = EDGE_CURVE ( 'NONE', #4638, #9142, #387, .T. ) ;
#10884 = EDGE_LOOP ( 'NONE', ( #7699 ) ) ;
#10885 = CARTESIAN_POINT ( 'NONE',  ( 15.00000000000000000, 0.3129999999999997784, 0.07499999999999970579 ) ) ;
#10886 = ORIENTED_EDGE ( 'NONE', *, *, #6142, .F. ) ;
#10887 = VERTEX_POINT ( 'NONE', #3453 ) ;
#10888 = VERTEX_POINT ( 'NONE', #4340 ) ;
#10889 = LINE ( 'NONE', #1304, #8618 ) ;
#10890 = EDGE_CURVE ( 'NONE', #6280, #6280, #7726, .T. ) ;
#10891 = VERTEX_POINT ( 'NONE', #1687 ) ;
#10892 = CARTESIAN_POINT ( 'NONE',  ( -12.75000000000000711, 1.925000000000000044, 5.750000000000174083 ) ) ;
#10893 = DIRECTION ( 'NONE',  ( -1.000000000000000000, 1.301042606982605321E-16, -0.000000000000000000 ) ) ;
#10894 = CIRCLE ( 'NONE', #7858, 4.970919038921267408 ) ;
#10895 = CARTESIAN_POINT ( 'NONE',  ( -12.96971331686216899, 2.825000000000000622, 0.2165063509462858971 ) ) ;
#10896 = ORIENTED_EDGE ( 'NONE', *, *, #5496, .F. ) ;
#10897 = ORIENTED_EDGE ( 'NONE', *, *, #1108, .T. ) ;
#10898 = ORIENTED_EDGE ( 'NONE', *, *, #7343, .T. ) ;
#10899 = CARTESIAN_POINT ( 'NONE',  ( 18.45553576107596072, -0.04860017829034222331, -0.4906815935765782566 ) ) ;
#10900 = VERTEX_POINT ( 'NONE', #9295 ) ;
#10901 = EDGE_CURVE ( 'NONE', #4465, #8920, #7600, .T. ) ;
#10902 = AXIS2_PLACEMENT_3D ( 'NONE', #3499, #5303, #182 ) ;
#10903 = DIRECTION ( 'NONE',  ( 0.000000000000000000, 0.000000000000000000, 1.000000000000000000 ) ) ;
#10904 = DIRECTION ( 'NONE',  ( -0.7071067811865451302, -4.937700262164479411E-15, 0.7071067811865500152 ) ) ;
#10905 = VECTOR ( 'NONE', #3283, 1000.000000000000000 ) ;
#10906 = DIRECTION ( 'NONE',  ( 0.000000000000000000, 0.000000000000000000, -1.000000000000000000 ) ) ;
#10907 = ORIENTED_EDGE ( 'NONE', *, *, #6678, .T. ) ;
#10908 = CARTESIAN_POINT ( 'NONE',  ( -1.000152223684991348, 1.933720889070033255, 6.499771623893342287 ) ) ;
#10909 = ORIENTED_EDGE ( 'NONE', *, *, #3341, .T. ) ;
#10910 = CARTESIAN_POINT ( 'NONE',  ( 16.75000000000000000, -0.09363834021709659117, 0.4706390865240331900 ) ) ;
#10911 = CARTESIAN_POINT ( 'NONE',  ( 1.000000001159340846, 1.705000000000006510, 13.87500000600095085 ) ) ;
#10912 =( BOUNDED_CURVE ( )  B_SPLINE_CURVE ( 3, ( #777, #9226, #2443, #7477 ),
 .UNSPECIFIED., .F., .F. ) 
 B_SPLINE_CURVE_WITH_KNOTS ( ( 4, 4 ),
 ( 5.283572786244258523, 5.362421203753932275 ),
 .UNSPECIFIED. ) 
 CURVE ( )  GEOMETRIC_REPRESENTATION_ITEM ( )  RATIONAL_B_SPLINE_CURVE ( ( 1.000000000000000000, 0.9994819776887015061, 0.9994819776887015061, 1.000000000000000000 ) ) 
 REPRESENTATION_ITEM ( '' )  );
#10913 = CARTESIAN_POINT ( 'NONE',  ( 11.73207028027912990, 2.825000000000001510, -2.938481042543291899 ) ) ;
#10914 = ORIENTED_EDGE ( 'NONE', *, *, #8220, .F. ) ;
#10915 = EDGE_CURVE ( 'NONE', #760, #9066, #9593, .T. ) ;
#10916 = CARTESIAN_POINT ( 'NONE',  ( 18.50000000000000000, -0.05169419446332400303, 0.4890546909867372616 ) ) ;
#10917 = CARTESIAN_POINT ( 'NONE',  ( 0.7999999999985443200, -0.3750000000000000000, 6.500030460968719837 ) ) ;
#10918 = CARTESIAN_POINT ( 'NONE',  ( -3.241599998840695385, 1.704999999999927462, 3.976800006000966281 ) ) ;
#10919 = AXIS2_PLACEMENT_3D ( 'NONE', #8477, #5086, #5951 ) ;
#10920 = DIRECTION ( 'NONE',  ( -0.9999999999999905631, -1.703768976406626187E-17, 1.367876270183164164E-07 ) ) ;
#10921 = CARTESIAN_POINT ( 'NONE',  ( -1.049999998840650095, 1.858999999999994657, 16.75100000600095740 ) ) ;
#10922 = ORIENTED_EDGE ( 'NONE', *, *, #633, .T. ) ;
#10923 = EDGE_LOOP ( 'NONE', ( #5421 ) ) ;
#10924 = AXIS2_PLACEMENT_3D ( 'NONE', #8900, #1210, #5370 ) ;
#10925 = EDGE_CURVE ( 'NONE', #942, #8290, #514, .T. ) ;
#10926 = CARTESIAN_POINT ( 'NONE',  ( -18.50000000000003908, 0.7614578414914686677, 0.2240558078723242363 ) ) ;
#10927 = VERTEX_POINT ( 'NONE', #6076 ) ;
#10928 = EDGE_LOOP ( 'NONE', ( #4438 ) ) ;
#10929 = CARTESIAN_POINT ( 'NONE',  ( 15.17810465556542532, -0.5601205693293445087, 0.2578481675453193067 ) ) ;
#10930 = EDGE_CURVE ( 'NONE', #5650, #4061, #7193, .T. ) ;
#10931 = CARTESIAN_POINT ( 'NONE',  ( 0.000000000000000000, 0.6999999999999999556, 15.29323831536481926 ) ) ;
#10932 = VERTEX_POINT ( 'NONE', #6568 ) ;
#10933 = CARTESIAN_POINT ( 'NONE',  ( 1.461096144062474567, 0.6999999999999999556, 5.291297657023427803 ) ) ;
#10934 = CARTESIAN_POINT ( 'NONE',  ( -15.00000000000000000, 0.3129999999999998339, 0.4559999999999999054 ) ) ;
#10935 = EDGE_CURVE ( 'NONE', #6904, #10517, #9171, .T. ) ;
#10936 = DIRECTION ( 'NONE',  ( -1.703767317533126255E-17, 1.000000000000000000, 1.212737214708384717E-16 ) ) ;
#10937 = ORIENTED_EDGE ( 'NONE', *, *, #7515, .F. ) ;
#10938 = CARTESIAN_POINT ( 'NONE',  ( -14.98260586164928476, 1.196509518712543407, -0.2606358411468925884 ) ) ;
#10939 = DIRECTION ( 'NONE',  ( 1.000000000000000000, 1.040417920731204987E-14, -3.468059735770683422E-15 ) ) ;
#10940 = CARTESIAN_POINT ( 'NONE',  ( 4.593464790926080177, -0.7494018770104182714, 5.432577508172157899 ) ) ;
#10941 = LINE ( 'NONE', #6353, #5063 ) ;
#10942 = EDGE_CURVE ( 'NONE', #6179, #10719, #10275, .T. ) ;
#10943 = DIRECTION ( 'NONE',  ( -0.1558106512850612468, 1.816809727430453315E-15, 0.9877869410688344676 ) ) ;
#10944 = CARTESIAN_POINT ( 'NONE',  ( -10.00000000000013323, 2.925000000000001599, -7.249999999999841904 ) ) ;
#10945 = DIRECTION ( 'NONE',  ( 0.000000000000000000, 0.000000000000000000, -1.000000000000000000 ) ) ;
#10946 = CARTESIAN_POINT ( 'NONE',  ( -12.30783666301328871, 1.925000000000001377, -5.465849364905205121 ) ) ;
#10947 = ORIENTED_EDGE ( 'NONE', *, *, #5093, .T. ) ;
#10948 = DIRECTION ( 'NONE',  ( 1.047444401652941269E-14, -1.000000000000000000, 3.491481338843170037E-15 ) ) ;
#10949 = PLANE ( 'NONE',  #1229 ) ;
#10950 = ADVANCED_FACE ( 'NONE', ( #6270, #7065 ), #3869, .T. ) ;
#10951 = CARTESIAN_POINT ( 'NONE',  ( 4.591211578060454102, -0.8784883556280134176, 6.508818882906806991 ) ) ;
#10952 = EDGE_CURVE ( 'NONE', #9287, #8233, #937, .T. ) ;
#10953 = VECTOR ( 'NONE', #6996, 1000.000000000000114 ) ;
#10954 = CIRCLE ( 'NONE', #3431, 5.000000000000000888 ) ;
#10955 = CARTESIAN_POINT ( 'NONE',  ( -18.45140509807814055, 0.4454123484010242273, -0.4907050562564136964 ) ) ;
#10956 = VERTEX_POINT ( 'NONE', #2102 ) ;
#10957 = EDGE_CURVE ( 'NONE', #5870, #6141, #5338, .T. ) ;
#10958 = CARTESIAN_POINT ( 'NONE',  ( -1.499999998840652715, 1.858999999999984887, 15.32600000600096379 ) ) ;
#10959 = ORIENTED_EDGE ( 'NONE', *, *, #485, .F. ) ;
#10960 = CARTESIAN_POINT ( 'NONE',  ( 13.87794990882726154, -0.3750000000000000000, 3.280563360842449150 ) ) ;
#10961 = AXIS2_PLACEMENT_3D ( 'NONE', #2035, #1208, #2067 ) ;
#10962 = CARTESIAN_POINT ( 'NONE',  ( -18.49999999999929301, 0.5296371807383662977, -0.4498502212168017933 ) ) ;
#10963 = DIRECTION ( 'NONE',  ( 0.000000000000000000, 1.000000000000000000, 0.000000000000000000 ) ) ;
#10964 = VECTOR ( 'NONE', #72, 1000.000000000000000 ) ;
#10965 = CIRCLE ( 'NONE', #8034, 0.05999999999999982431 ) ;
#10966 = CARTESIAN_POINT ( 'NONE',  ( 18.45140509807814055, 0.4454123484010242273, -0.4907050562564136964 ) ) ;
#10967 = B_SPLINE_CURVE_WITH_KNOTS ( 'NONE', 3,
 ( #9746, #201, #810, #6578, #8825, #8168 ),
 .UNSPECIFIED., .F., .F.,
 ( 4, 2, 4 ),
 ( 0.000000000000000000, 0.0006291951838170463645, 0.001258390367634092946 ),
 .UNSPECIFIED. ) ;
#10968 = ORIENTED_EDGE ( 'NONE', *, *, #2126, .T. ) ;
#10969 = ADVANCED_FACE ( 'NONE', ( #5055 ), #6399, .T. ) ;
#10970 = ORIENTED_EDGE ( 'NONE', *, *, #7239, .F. ) ;
#10971 = CARTESIAN_POINT ( 'NONE',  ( 7.499999999999877431, 2.825000000000001510, -5.403109303582651179 ) ) ;
#10972 = ORIENTED_EDGE ( 'NONE', *, *, #4263, .F. ) ;
#10973 = CARTESIAN_POINT ( 'NONE',  ( -18.49999999999999289, 0.7127002083951696765, -0.2242401429016327719 ) ) ;
#10974 = CARTESIAN_POINT ( 'NONE',  ( 3.125021300494541077, 1.904000000000038550, 16.65000000600094765 ) ) ;
#10975 = FACE_OUTER_BOUND ( 'NONE', #4585, .T. ) ;
#10976 = APPROVAL_STATUS ( 'not_yet_approved' ) ;
#10977 = DIRECTION ( 'NONE',  ( -1.000000000000000000, 0.000000000000000000, 0.000000000000000000 ) ) ;
#10978 = VECTOR ( 'NONE', #6539, 1000.000000000000000 ) ;
#10979 = AXIS2_PLACEMENT_3D ( 'NONE', #9120, #10000, #4093 ) ;
#10980 = CARTESIAN_POINT ( 'NONE',  ( -13.87794990882725621, -0.8750000000000000000, 3.212873992591398942 ) ) ;
#10981 = ORIENTED_EDGE ( 'NONE', *, *, #4668, .T. ) ;
#10982 = ORIENTED_EDGE ( 'NONE', *, *, #3949, .T. ) ;
#10983 = ORIENTED_EDGE ( 'NONE', *, *, #6233, .F. ) ;
#10984 = CARTESIAN_POINT ( 'NONE',  ( 15.00000000000000000, -0.1445300000000001306, 0.4499999999999999556 ) ) ;
#10985 = CARTESIAN_POINT ( 'NONE',  ( -0.6830000000000000515, 1.864999999999999991, -7.293252277351547797 ) ) ;
#10986 = CIRCLE ( 'NONE', #2014, 0.05999999999999937328 ) ;
#10987 = CARTESIAN_POINT ( 'NONE',  ( -1.041261353465204875, 1.925000000000000266, -7.410928177211882684 ) ) ;
#10988 = CIRCLE ( 'NONE', #4497, 0.4249999999999998224 ) ;
#10989 = CARTESIAN_POINT ( 'NONE',  ( -18.49960292296460551, 0.4647309022679296242, 0.5288153750043158574 ) ) ;
#10990 = LINE ( 'NONE', #126, #9651 ) ;
#10991 = DIRECTION ( 'NONE',  ( -0.7071067811865496822, -9.875400524329111862E-15, -0.7071067811865453523 ) ) ;
#10992 = DIRECTION ( 'NONE',  ( 0.000000000000000000, -0.9998476951563911586, 0.01745240643728354635 ) ) ;
#10993 = EDGE_CURVE ( 'NONE', #7028, #2355, #9728, .T. ) ;
#10994 = CIRCLE ( 'NONE', #3424, 6.891903301057273445 ) ;
#10995 = ORIENTED_EDGE ( 'NONE', *, *, #377, .T. ) ;
#10996 = CARTESIAN_POINT ( 'NONE',  ( -2.225000000000037836, 1.925000000000000044, 7.358824457812072062 ) ) ;
#10997 = VERTEX_POINT ( 'NONE', #427 ) ;
#10998 = LINE ( 'NONE', #4935, #2771 ) ;
#10999 = DIRECTION ( 'NONE',  ( -1.703767317533126255E-17, 1.000000000000000000, 1.212737214708384717E-16 ) ) ;
#11000 = CARTESIAN_POINT ( 'NONE',  ( 18.45576051730581923, 0.7156718085466543533, 0.2015437903191092672 ) ) ;
#11001 = PRODUCT_RELATED_PRODUCT_CATEGORY ( 'detail', '', ( #8242 ) ) ;
#11002 = CARTESIAN_POINT ( 'NONE',  ( 4.592301493456877104, -0.8160471443862370444, 5.433504217327677743 ) ) ;
#11003 = EDGE_CURVE ( 'NONE', #2944, #8569, #2570, .T. ) ;
#11004 = LINE ( 'NONE', #8608, #8738 ) ;
#11005 = CIRCLE ( 'NONE', #8270, 0.4500000000000010658 ) ;
#11006 = ADVANCED_FACE ( 'NONE', ( #9866 ), #9037, .F. ) ;
#11007 = DIRECTION ( 'NONE',  ( 1.000000000000000000, 0.000000000000000000, 0.000000000000000000 ) ) ;
#11008 = ORIENTED_EDGE ( 'NONE', *, *, #1657, .F. ) ;
#11009 = ORIENTED_EDGE ( 'NONE', *, *, #8662, .T. ) ;
#11010 = CIRCLE ( 'NONE', #5742, 0.4500000000000010658 ) ;
#11011 = CARTESIAN_POINT ( 'NONE',  ( -2.225000000000042721, 1.925000000000000044, 6.241175542187609615 ) ) ;
#11012 = ORIENTED_EDGE ( 'NONE', *, *, #1268, .F. ) ;
#11013 = PLANE ( 'NONE',  #3879 ) ;
#11014 = DIRECTION ( 'NONE',  ( -1.047444401652941269E-14, 1.000000000000000000, -3.491481338843170037E-15 ) ) ;
#11015 = CARTESIAN_POINT ( 'NONE',  ( 1.024999999999871569, 1.925000000000001821, -6.274999999999915978 ) ) ;
#11016 = CARTESIAN_POINT ( 'NONE',  ( 1.120353428614625280, 1.866047144386237422, 7.360935792454062820 ) ) ;
#11017 = ORIENTED_EDGE ( 'NONE', *, *, #2019, .F. ) ;
#11018 = EDGE_CURVE ( 'NONE', #5167, #9002, #2832, .T. ) ;
#11019 = VERTEX_POINT ( 'NONE', #169 ) ;
#11020 = EDGE_LOOP ( 'NONE', ( #256 ) ) ;
#11021 = ORIENTED_EDGE ( 'NONE', *, *, #2506, .F. ) ;
#11022 = CARTESIAN_POINT ( 'NONE',  ( 15.00000000000000178, 0.1619999999999999496, 0.4500000000000000111 ) ) ;
#11023 = DIRECTION ( 'NONE',  ( 0.000000000000000000, 1.000000000000000000, 0.000000000000000000 ) ) ;
#11024 = ADVANCED_FACE ( 'NONE', ( #3223, #648 ), #11072, .T. ) ;
#11025 = CARTESIAN_POINT ( 'NONE',  ( -12.30783666301328871, 1.925000000000001377, -5.465849364905205121 ) ) ;
#11026 = DIRECTION ( 'NONE',  ( -0.6427876096865197120, -1.038526656440798357E-16, 0.7660444431189944448 ) ) ;
#11027 = ADVANCED_FACE ( 'NONE', ( #6783 ), #5738, .T. ) ;
#11028 = EDGE_CURVE ( 'NONE', #1183, #6440, #7201, .T. ) ;
#11029 = FACE_OUTER_BOUND ( 'NONE', #4253, .T. ) ;
#11030 = EDGE_CURVE ( 'NONE', #1437, #689, #2283, .T. ) ;
#11031 = ORIENTED_EDGE ( 'NONE', *, *, #1827, .T. ) ;
#11032 = EDGE_LOOP ( 'NONE', ( #7190, #8332, #10454, #2505, #6354, #7150, #8687, #1561, #1169, #695, #2521, #2606, #3730, #8033 ) ) ;
#11033 = VERTEX_POINT ( 'NONE', #10795 ) ;
#11034 = CARTESIAN_POINT ( 'NONE',  ( 12.69654243516054848, 1.925000000000000488, 5.303186516808808371 ) ) ;
#11035 = DIRECTION ( 'NONE',  ( 0.000000000000000000, 0.000000000000000000, -1.000000000000000000 ) ) ;
#11036 = ORIENTED_EDGE ( 'NONE', *, *, #5980, .T. ) ;
#11037 = AXIS2_PLACEMENT_3D ( 'NONE', #2963, #9569, #4486 ) ;
#11038 = CARTESIAN_POINT ( 'NONE',  ( -18.50000000000000000, -0.3889863028166842818, 0.1102934164876852169 ) ) ;
#11039 = CARTESIAN_POINT ( 'NONE',  ( -12.75000000000012257, 1.925000000000001377, -5.749999999999825029 ) ) ;
#11040 = LINE ( 'NONE', #4957, #10905 ) ;
#11041 = CARTESIAN_POINT ( 'NONE',  ( 11.70720044927875669, 2.825000000000001066, -0.8495620197742398405 ) ) ;
#11042 = VERTEX_POINT ( 'NONE', #8002 ) ;
#11043 = VERTEX_POINT ( 'NONE', #5480 ) ;
#11044 =( BOUNDED_CURVE ( )  B_SPLINE_CURVE ( 3, ( #40, #8681, #8617, #7756 ),
 .UNSPECIFIED., .F., .F. ) 
 B_SPLINE_CURVE_WITH_KNOTS ( ( 4, 4 ),
 ( 3.141592653589798001, 4.694935687864751017 ),
 .UNSPECIFIED. ) 
 CURVE ( )  GEOMETRIC_REPRESENTATION_ITEM ( )  RATIONAL_B_SPLINE_CURVE ( ( 1.000000000000000000, 0.8088336327694545247, 0.8088336327694545247, 1.000000000000000000 ) ) 
 REPRESENTATION_ITEM ( '' )  );
#11045 = DIRECTION ( 'NONE',  ( -1.047444401652941269E-14, 1.000000000000000000, -3.491481338843170037E-15 ) ) ;
#11046 = ORIENTED_EDGE ( 'NONE', *, *, #1619, .T. ) ;
#11047 = CARTESIAN_POINT ( 'NONE',  ( -10.00000000000006395, 2.925000000000000711, 2.500000000000158540 ) ) ;
#11048 = CARTESIAN_POINT ( 'NONE',  ( -18.50000000000000000, 0.4443511744546365660, -0.4927506777244433089 ) ) ;
#11049 = DIRECTION ( 'NONE',  ( -1.703767317533126255E-17, 1.000000000000000000, 1.212737214708384717E-16 ) ) ;
#11050 = DIRECTION ( 'NONE',  ( -1.703767317533126255E-17, 1.000000000000000000, 1.212737214708384717E-16 ) ) ;
#11051 = DIRECTION ( 'NONE',  ( 6.911138328291599464E-15, -1.212737214708358339E-16, 1.000000000000000000 ) ) ;
#11052 = ORIENTED_EDGE ( 'NONE', *, *, #5081, .F. ) ;
#11053 = EDGE_CURVE ( 'NONE', #5957, #9715, #7371, .T. ) ;
#11054 = CARTESIAN_POINT ( 'NONE',  ( 1.117093805906313353, 1.679303484496289522, 5.714535577596075555 ) ) ;
#11055 = CARTESIAN_POINT ( 'NONE',  ( 3.419061223978333341, 1.903999999999997472, 4.050690518315080979 ) ) ;
#11056 = AXIS2_PLACEMENT_3D ( 'NONE', #7653, #4172, #6834 ) ;
#11057 = DIRECTION ( 'NONE',  ( -6.911138328291599464E-15, 1.212737214708358339E-16, -1.000000000000000000 ) ) ;
#11058 = CARTESIAN_POINT ( 'NONE',  ( 6.491912816009663565E-16, -0.6784904812874567037, 7.484665891610305266 ) ) ;
#11059 = LINE ( 'NONE', #9211, #10547 ) ;
#11060 = ADVANCED_FACE ( 'NONE', ( #9464 ), #10723, .T. ) ;
#11061 = DIRECTION ( 'NONE',  ( -1.000000000000000000, 0.000000000000000000, 6.949813925220437025E-15 ) ) ;
#11062 = VERTEX_POINT ( 'NONE', #5684 ) ;
#11063 = ORIENTED_EDGE ( 'NONE', *, *, #4060, .F. ) ;
#11064 = AXIS2_PLACEMENT_3D ( 'NONE', #3310, #3986, #3270 ) ;
#11065 = CARTESIAN_POINT ( 'NONE',  ( -3.124999998840650495, 1.903999999999973047, 16.65000000600096897 ) ) ;
#11066 = EDGE_CURVE ( 'NONE', #5352, #10513, #2568, .T. ) ;
#11067 = LINE ( 'NONE', #9038, #1761 ) ;
#11068 = CARTESIAN_POINT ( 'NONE',  ( 0.5994242960450885116, 0.1883651535496145002, -7.500203087000221203 ) ) ;
#11069 = CARTESIAN_POINT ( 'NONE',  ( -18.50000000000000355, -0.1696722309670917750, 0.4842619386727566311 ) ) ;
#11070 = CARTESIAN_POINT ( 'NONE',  ( 15.00000000000000000, 0.3129999999999998339, 0.4499999999999999001 ) ) ;
#11071 = CARTESIAN_POINT ( 'NONE',  ( -3.633464582829859957, 1.858999999999920716, 3.323500006000970508 ) ) ;
#11072 = CONICAL_SURFACE ( 'NONE', #7941, 0.8000000000000001554, 0.1651486774146267711 ) ;
#11073 = DIRECTION ( 'NONE',  ( 0.000000000000000000, 0.000000000000000000, -1.000000000000000000 ) ) ;
ENDSEC;
END-ISO-10303-21;
