millis_ms,ch1_flow_mean_ulmin,ch1_flow_min_ulmin,ch1_flow_max_ulmin,ch1_temp_C,ch1_n,ch1_air,ch1_hiflow,ch2_flow_mean_ulmin,ch2_flow_min_ulmin,ch2_flow_max_ulmin,ch2_temp_C,ch2_n,ch2_air,ch2_hiflow,ch3_flow_mean_ulmin,ch3_flow_min_ulmin,ch3_flow_max_ulmin,ch3_temp_C,ch3_n,ch3_air,ch3_hiflow,ch4_flow_mean_ulmin,ch4_flow_min_ulmin,ch4_flow_max_ulmin,ch4_temp_C,ch4_n,ch4_air,ch4_hiflow,ch5_flow_mean_ulmin,ch5_flow_min_ulmin,ch5_flow_max_ulmin,ch5_temp_C,ch5_n,ch5_air,ch5_hiflow,ch6_flow_mean_ulmin,ch6_flow_min_ulmin,ch6_flow_max_ulmin,ch6_temp_C,ch6_n,ch6_air,ch6_hiflow,ch7_flow_mean_ulmin,ch7_flow_min_ulmin,ch7_flow_max_ulmin,ch7_temp_C,ch7_n,ch7_air,ch7_hiflow
6555,0.10,-0.70,0.40,24.91,20,20,0,0.02,-0.10,0.10,24.62,20,20,0,-10.08,-11.20,-7.30,24.79,20,20,0,4.30,3.10,5.40,24.08,20,0,0,0.13,0.10,0.20,24.67,20,20,0,1.39,1.10,1.70,24.60,20,20,0,0.22,0.20,0.30,23.93,20,20,0
7056,0.36,0.30,0.40,25.54,14,14,0,0.00,-0.10,0.10,25.18,14,14,0,-11.78,-12.00,-11.50,25.42,14,14,0,4.91,4.70,5.30,24.56,14,0,0,0.10,0.10,0.10,25.46,14,14,0,1.01,1.00,1.10,25.18,14,14,0,0.19,0.10,0.20,24.68,14,14,0
7566,0.35,0.30,0.40,25.83,17,17,0,-0.05,-0.10,0.00,25.46,17,17,0,-12.37,-12.50,-12.20,25.75,17,17,0,4.84,4.60,5.20,24.78,17,0,0,0.11,0.10,0.20,25.81,17,17,0,1.02,1.00,1.10,25.46,17,17,0,0.20,0.20,0.20,25.00,17,17,0
8068,0.35,0.30,0.40,26.07,17,17,0,-0.07,-0.10,0.00,25.65,17,17,0,-12.62,-12.70,-12.60,25.97,17,17,0,4.95,4.80,5.30,24.97,17,0,0,0.10,0.10,0.10,26.06,17,17,0,1.01,1.00,1.10,25.66,17,17,0,0.20,0.20,0.20,25.24,17,17,0
8570,0.36,0.30,0.40,26.23,17,17,0,-0.02,-0.10,0.00,25.81,17,17,0,-12.69,-12.70,-12.60,26.15,17,17,0,4.81,4.60,5.10,25.13,17,0,0,0.11,0.10,0.20,26.24,17,17,0,1.04,1.00,1.10,25.82,17,17,0,0.22,0.20,0.30,25.41,17,17,0
9080,0.34,0.30,0.40,26.37,17,17,0,-0.05,-0.10,0.00,25.95,17,17,0,-12.65,-12.70,-12.50,26.25,17,17,0,4.49,4.20,4.80,25.25,17,0,0,0.11,0.10,0.20,26.38,17,17,0,1.05,1.00,1.10,25.94,17,17,0,0.24,0.20,0.30,25.54,17,17,0
9587,0.37,0.30,0.40,26.46,17,17,0,-0.02,-0.10,0.10,26.04,17,17,0,-12.36,-12.50,-12.30,26.35,17,17,0,4.08,3.80,4.80,25.37,17,0,0,0.10,0.10,0.10,26.47,17,17,0,1.05,1.00,1.10,26.06,17,17,0,0.21,0.20,0.30,25.65,17,17,0
10094,0.39,0.30,0.40,26.54,17,17,0,-0.02,-0.10,0.10,26.13,17,17,0,-12.20,-12.30,-12.10,26.42,17,17,0,3.84,3.50,4.30,25.44,17,0,0,0.11,0.10,0.20,26.59,17,17,0,1.04,1.00,1.10,26.15,17,17,0,0.22,0.20,0.30,25.75,17,17,0
10594,0.38,0.30,0.40,26.61,17,17,0,-0.02,-0.10,0.00,26.20,17,17,0,-12.01,-12.10,-11.90,26.51,17,17,0,3.48,3.20,4.00,25.53,17,0,0,0.10,0.10,0.10,26.65,17,17,0,1.04,1.00,1.10,26.20,17,17,0,0.21,0.20,0.30,25.81,17,17,0
11094,0.36,0.30,0.40,26.69,17,17,0,-0.01,-0.10,0.10,26.27,17,17,0,-11.77,-11.90,-11.70,26.56,17,17,0,3.11,2.60,3.50,25.62,17,0,0,0.12,0.10,0.20,26.72,17,17,0,1.06,1.00,1.10,26.26,17,17,0,0.22,0.20,0.30,25.88,17,17,0
11594,0.36,0.30,0.40,26.74,17,17,0,-0.03,-0.10,0.00,26.32,17,17,0,-11.58,-11.70,-11.50,26.62,17,17,0,2.94,1.60,3.70,25.66,17,0,0,0.13,0.10,0.20,26.76,17,17,0,1.07,1.00,1.10,26.34,17,17,0,0.22,0.20,0.30,25.95,17,17,0
12094,0.39,0.30,0.40,26.78,17,17,0,-0.04,-0.10,0.00,26.38,17,17,0,-11.33,-11.50,-11.20,26.67,17,17,0,3.08,2.60,3.70,25.73,17,0,0,0.12,0.10,0.20,26.81,17,17,0,1.08,1.00,1.10,26.40,17,17,0,0.21,0.20,0.30,25.99,17,17,0
12594,0.37,0.30,0.40,26.82,17,17,0,-0.01,-0.10,0.10,26.40,17,17,0,-11.03,-11.20,-10.90,26.70,17,17,0,3.44,2.60,4.20,25.77,17,0,0,0.10,0.10,0.10,26.86,17,17,0,1.05,1.00,1.10,26.43,17,17,0,0.23,0.20,0.30,26.01,17,17,0
13094,0.38,0.30,0.40,26.85,17,17,0,-0.01,-0.10,0.10,26.45,17,17,0,-10.68,-10.90,-10.50,26.75,17,17,0,3.35,3.00,3.60,25.82,17,0,0,0.11,0.10,0.20,26.88,17,17,0,1.06,1.00,1.10,26.47,17,17,0,0.24,0.20,0.30,26.08,17,17,0
13594,0.38,0.30,0.40,26.91,17,17,0,-0.01,-0.10,0.10,26.49,17,17,0,-9.15,-10.50,-8.30,26.78,17,17,0,3.02,2.60,3.50,25.85,17,0,0,0.13,0.10,0.20,26.95,17,17,0,1.06,1.00,1.10,26.52,17,17,0,0.23,0.20,0.30,26.13,17,17,0
14094,0.38,0.30,0.40,26.93,17,17,0,-0.02,-0.10,0.10,26.52,17,17,0,-7.90,-8.20,-7.80,26.80,17,17,0,3.06,2.60,3.70,25.91,17,0,0,0.12,0.10,0.20,26.98,17,17,0,1.08,1.00,1.10,26.57,17,17,0,0.25,0.20,0.30,26.15,17,17,0
14594,0.39,0.30,0.40,26.97,17,17,0,-0.01,-0.10,0.10,26.55,17,17,0,-7.42,-7.70,-7.00,26.83,17,17,0,2.75,2.60,3.00,25.94,17,0,0,0.12,0.10,0.20,27.00,17,17,0,1.06,1.00,1.10,26.58,17,17,0,0.24,0.20,0.30,26.18,17,17,0
15094,0.38,0.30,0.40,27.00,17,17,0,-0.02,-0.10,0.10,26.59,17,17,0,-6.69,-7.00,-6.50,26.87,17,17,0,2.46,2.20,2.80,25.99,17,0,0,0.13,0.10,0.20,27.03,17,17,0,1.07,1.00,1.10,26.62,17,17,0,0.21,0.20,0.30,26.21,17,17,0
15594,0.39,0.30,0.40,27.03,17,17,0,-0.02,-0.10,0.00,26.60,17,17,0,-6.31,-6.50,-6.10,26.90,17,17,0,2.79,2.50,3.30,26.01,17,0,0,0.14,0.10,0.20,27.06,17,17,0,1.08,1.00,1.10,26.67,17,17,0,0.22,0.20,0.30,26.24,17,17,0
16095,0.40,0.40,0.40,27.04,17,17,0,-0.01,-0.10,0.10,26.64,17,17,0,-5.48,-6.00,-5.10,26.93,17,17,0,2.71,-1.00,6.50,26.04,17,0,0,0.12,0.10,0.20,27.08,17,17,0,1.08,1.00,1.10,26.69,17,17,0,0.24,0.20,0.30,26.28,17,17,0
16595,0.38,0.30,0.40,27.08,17,17,0,-0.02,-0.10,0.10,26.66,17,17,0,-4.88,-5.10,-4.70,26.96,17,17,0,4.41,2.10,7.50,26.07,17,0,0,0.13,0.10,0.20,27.12,17,17,0,1.09,1.00,1.10,26.71,17,17,0,0.25,0.20,0.30,26.28,17,17,0
17099,0.39,0.30,0.40,27.10,17,17,0,0.02,-0.10,0.10,26.68,17,17,0,-4.36,-4.70,-4.10,26.98,17,17,0,4.12,3.70,4.80,26.09,17,0,0,0.12,0.10,0.20,27.14,17,17,0,1.08,1.00,1.10,26.74,17,17,0,0.22,0.20,0.30,26.32,17,17,0
17605,0.36,0.30,0.40,27.12,17,17,0,0.02,-0.10,0.10,26.71,17,17,0,-3.57,-4.10,-3.30,27.01,17,17,0,4.25,3.90,4.60,26.13,17,0,0,0.11,0.10,0.20,27.15,17,17,0,1.08,1.00,1.10,26.76,17,17,0,0.22,0.20,0.30,26.34,17,17,0
18105,0.40,0.40,0.40,27.14,17,17,0,0.01,-0.10,0.10,26.72,17,17,0,-2.82,-3.20,-2.40,27.02,17,17,0,4.34,4.10,4.60,26.15,17,0,0,0.14,0.10,0.20,27.20,17,17,0,1.09,1.00,1.10,26.78,17,17,0,0.23,0.20,0.30,26.37,17,17,0
18605,0.38,0.30,0.40,27.16,17,17,0,0.01,-0.10,0.10,26.74,17,17,0,-2.17,-2.40,-2.00,27.05,17,17,0,4.51,4.30,4.70,26.18,17,0,0,0.13,0.10,0.20,27.21,17,17,0,1.09,1.00,1.10,26.81,17,17,0,0.26,0.20,0.30,26.38,17,17,0
19105,0.38,0.30,0.40,27.19,17,17,0,0.02,-0.10,0.10,26.77,17,17,0,-1.91,-2.00,-1.80,27.07,17,17,0,4.48,1.00,6.10,26.20,17,0,0,0.12,0.00,0.20,27.22,17,17,0,1.07,1.00,1.10,26.82,17,17,0,0.26,0.20,0.30,26.41,17,17,0
19605,0.38,0.30,0.40,27.19,17,17,0,0.00,-0.10,0.10,26.78,17,17,0,-1.79,-1.90,-1.70,27.11,17,17,0,4.34,2.50,6.10,26.23,17,0,0,0.12,0.10,0.20,27.25,17,17,0,1.09,1.00,1.10,26.85,17,17,0,0.25,0.20,0.30,26.41,17,17,0
20105,0.39,0.30,0.40,27.22,17,17,0,0.00,-0.10,0.10,26.80,17,17,0,-1.61,-1.70,-1.50,27.12,17,17,0,3.82,1.50,5.20,26.23,17,0,0,0.11,0.10,0.20,27.26,17,17,0,1.09,1.00,1.10,26.88,17,17,0,0.25,0.20,0.30,26.44,17,17,0
20605,0.40,0.40,0.40,27.24,17,17,0,0.02,-0.10,0.10,26.82,17,17,0,-1.33,-1.50,-1.20,27.14,17,17,0,3.81,2.50,5.60,26.27,17,0,0,0.11,0.10,0.20,27.30,17,17,0,1.08,1.00,1.10,26.88,17,17,0,0.25,0.20,0.30,26.45,17,17,0
21105,0.38,0.30,0.40,27.26,17,17,0,0.01,-0.10,0.10,26.84,17,17,0,-1.12,-1.20,-1.00,27.16,17,17,0,2.19,-3.40,5.00,26.29,17,0,0,0.14,0.10,0.20,27.30,17,17,0,1.08,1.00,1.10,26.89,17,17,0,0.24,0.20,0.30,26.47,17,17,0
21606,0.40,0.40,0.40,27.28,17,17,0,0.01,-0.10,0.10,26.87,17,17,0,-0.94,-1.00,-0.80,27.15,17,17,0,3.09,1.20,4.40,26.29,17,0,0,0.13,0.10,0.20,27.31,17,17,0,1.08,1.00,1.10,26.93,17,17,0,0.28,0.20,0.30,26.49,17,17,0
22114,0.38,0.30,0.40,27.29,17,17,0,0.01,-0.10,0.10,26.87,17,17,0,-0.50,-0.80,-0.30,27.18,17,17,0,2.35,-13.50,13.40,26.31,17,0,0,0.13,0.10,0.20,27.33,17,17,0,1.09,1.00,1.10,26.95,17,17,0,0.24,0.20,0.30,26.49,17,17,0
22616,0.39,0.30,0.40,27.30,17,17,0,-0.01,-0.10,0.10,26.89,17,17,0,-0.18,-0.30,-0.10,27.18,17,17,0,4.98,1.20,8.00,26.35,17,0,0,0.13,0.10,0.20,27.34,17,17,0,1.09,1.00,1.10,26.97,17,17,0,0.25,0.20,0.30,26.51,17,17,0
23116,0.39,0.30,0.40,27.32,17,17,0,0.01,-0.10,0.10,26.89,17,17,0,0.08,-0.10,0.20,27.22,17,17,0,4.02,1.90,6.50,26.36,17,0,0,0.15,0.10,0.20,27.35,17,17,0,1.08,1.00,1.10,26.97,17,17,0,0.28,0.20,0.30,26.53,17,17,0
23616,0.38,0.30,0.40,27.34,16,16,0,0.03,0.00,0.10,26.92,16,16,0,0.27,0.20,0.30,27.23,16,16,0,4.89,1.40,10.00,26.37,16,0,0,0.13,0.10,0.20,27.39,16,16,0,1.08,1.00,1.10,26.99,16,16,0,0.23,0.20,0.30,26.55,16,16,0
24121,0.39,0.30,0.40,27.34,17,17,0,0.01,-0.10,0.10,26.93,17,17,0,0.34,0.30,0.40,27.26,17,17,0,3.58,1.10,4.90,26.39,17,0,0,0.15,0.10,0.20,27.39,17,17,0,1.06,1.00,1.10,27.01,17,17,0,0.23,0.20,0.30,26.54,17,17,0
24629,0.39,0.30,0.40,27.35,17,17,0,0.01,-0.10,0.10,26.94,17,17,0,0.42,0.40,0.50,27.25,17,17,0,3.03,0.40,6.60,26.40,17,0,0,0.12,0.10,0.20,27.39,17,17,0,1.08,1.00,1.10,27.02,17,17,0,0.24,0.20,0.30,26.58,17,17,0
25129,0.40,0.40,0.40,27.39,17,17,0,0.02,0.00,0.10,26.94,17,17,0,0.49,0.40,0.50,27.27,17,17,0,3.22,1.20,4.90,26.43,17,0,0,0.13,0.10,0.20,27.41,17,17,0,1.08,1.00,1.10,27.04,17,17,0,0.26,0.20,0.30,26.59,17,17,0
25636,0.39,0.30,0.40,27.40,17,17,0,0.01,-0.10,0.10,26.97,17,17,0,0.51,0.50,0.60,27.27,17,17,0,3.24,0.80,5.40,26.43,17,0,0,0.13,0.10,0.20,27.42,17,17,0,1.09,1.00,1.10,27.04,17,17,0,0.28,0.20,0.30,26.61,17,17,0
26147,0.39,0.30,0.40,27.39,18,18,0,0.00,-0.10,0.10,26.98,18,18,0,0.49,0.40,0.50,27.31,18,18,0,3.07,1.40,4.50,26.45,18,0,0,0.13,0.10,0.20,27.43,18,18,0,1.08,1.00,1.10,27.05,18,18,0,0.23,0.20,0.30,26.61,18,18,0
26648,0.40,0.40,0.40,27.39,17,17,0,0.01,0.00,0.10,26.99,17,17,0,0.50,0.50,0.50,27.31,17,17,0,3.18,1.70,4.50,26.46,17,0,0,0.11,0.10,0.20,27.45,17,17,0,1.08,1.00,1.10,27.08,17,17,0,0.24,0.20,0.30,26.63,17,17,0
27161,0.38,0.30,0.40,27.41,18,18,0,0.00,-0.10,0.10,27.00,18,18,0,0.49,0.40,0.50,27.33,18,18,0,2.96,2.00,4.30,26.47,18,0,0,0.13,0.10,0.20,27.47,18,18,0,1.09,1.00,1.10,27.08,18,18,0,0.24,0.20,0.30,26.64,18,18,0
27661,0.40,0.40,0.40,27.43,17,17,0,0.01,-0.10,0.10,27.01,17,17,0,0.45,0.40,0.50,27.34,17,17,0,2.79,1.60,3.60,26.49,17,0,0,0.12,0.10,0.20,27.48,17,17,0,1.06,1.00,1.10,27.09,17,17,0,0.25,0.20,0.30,26.65,17,17,0
28161,0.39,0.30,0.40,27.45,17,17,0,0.02,-0.10,0.10,27.04,17,17,0,0.41,0.40,0.50,27.34,17,17,0,2.95,0.80,8.20,26.50,17,0,0,0.12,0.10,0.20,27.49,17,17,0,1.08,1.00,1.10,27.12,17,17,0,0.24,0.20,0.30,26.66,17,17,0
28665,0.39,0.30,0.40,27.47,17,17,0,0.01,-0.10,0.10,27.02,17,17,0,0.40,0.40,0.40,27.35,17,17,0,2.69,2.00,3.80,26.52,17,0,0,0.13,0.10,0.20,27.51,17,17,0,1.09,1.00,1.10,27.12,17,17,0,0.25,0.20,0.30,26.68,17,17,0
29168,0.38,0.30,0.40,27.47,17,17,0,0.00,-0.10,0.10,27.04,17,17,0,0.40,0.40,0.40,27.36,17,17,0,2.76,1.70,3.60,26.52,17,0,0,0.14,0.10,0.20,27.52,17,17,0,1.09,1.00,1.10,27.14,17,17,0,0.25,0.20,0.30,26.69,17,17,0
29668,0.39,0.30,0.40,27.48,17,17,0,0.01,0.00,0.10,27.05,17,17,0,0.40,0.40,0.40,27.40,17,17,0,2.76,2.20,3.50,26.55,17,0,0,0.14,0.10,0.20,27.52,17,17,0,1.09,1.00,1.10,27.15,17,17,0,0.25,0.20,0.30,26.71,17,17,0
30178,0.39,0.30,0.40,27.49,18,18,0,0.02,-0.10,0.10,27.08,18,18,0,0.38,0.30,0.40,27.40,18,18,0,2.72,2.10,3.40,26.55,18,0,0,0.12,0.10,0.20,27.54,18,18,0,1.08,1.00,1.10,27.16,18,18,0,0.24,0.20,0.30,26.72,18,18,0
30678,0.39,0.30,0.40,27.50,17,17,0,0.01,-0.10,0.10,27.06,17,17,0,0.37,0.30,0.40,27.40,17,17,0,2.68,2.30,3.00,26.57,17,0,0,0.15,0.10,0.20,27.53,17,17,0,1.08,1.00,1.10,27.16,17,17,0,0.24,0.20,0.30,26.73,17,17,0
31191,0.39,0.30,0.40,27.52,18,18,0,0.02,0.00,0.10,27.09,18,18,0,0.36,0.30,0.40,27.42,18,18,0,2.61,2.10,3.20,26.57,18,0,0,0.13,0.10,0.20,27.55,18,18,0,1.09,1.00,1.10,27.17,18,18,0,0.24,0.20,0.30,26.71,18,18,0
31691,0.39,0.30,0.40,27.53,17,17,0,0.00,-0.10,0.10,27.10,17,17,0,0.34,0.30,0.40,27.42,17,17,0,2.97,2.40,3.40,26.61,17,0,0,0.12,0.10,0.20,27.56,17,17,0,1.08,1.00,1.10,27.18,17,17,0,0.26,0.20,0.30,26.74,17,17,0
32191,0.39,0.30,0.40,27.53,17,17,0,0.01,0.00,0.10,27.10,17,17,0,0.37,0.30,0.40,27.46,17,17,0,2.74,2.20,3.10,26.59,17,0,0,0.12,0.10,0.20,27.59,17,17,0,1.10,1.10,1.10,27.17,17,17,0,0.24,0.20,0.30,26.76,17,17,0
32691,0.39,0.30,0.40,27.54,17,17,0,0.00,-0.10,0.10,27.12,17,17,0,0.36,0.30,0.40,27.44,17,17,0,2.34,1.80,2.70,26.62,17,0,0,0.12,0.10,0.20,27.59,17,17,0,1.09,1.00,1.10,27.22,17,17,0,0.25,0.20,0.30,26.76,17,17,0
33191,0.39,0.30,0.40,27.55,17,17,0,0.01,0.00,0.10,27.13,17,17,0,0.36,0.30,0.40,27.46,17,17,0,2.08,1.60,2.40,26.62,17,0,0,0.11,0.10,0.20,27.59,17,17,0,1.08,1.00,1.10,27.23,17,17,0,0.24,0.20,0.30,26.76,17,17,0
33703,0.40,0.40,0.40,27.57,18,18,0,0.01,-0.10,0.10,27.14,18,18,0,0.34,0.30,0.40,27.47,18,18,0,2.48,2.10,2.90,26.64,18,0,0,0.12,0.10,0.20,27.60,18,18,0,1.08,1.00,1.10,27.23,18,18,0,0.23,0.20,0.30,26.80,18,18,0
34203,0.40,0.40,0.40,27.57,17,17,0,0.02,0.00,0.10,27.16,17,17,0,0.36,0.30,0.40,27.49,17,17,0,2.31,1.90,2.60,26.65,17,0,0,0.14,0.10,0.20,27.61,17,17,0,1.09,1.00,1.10,27.26,17,17,0,0.23,0.20,0.30,26.78,17,17,0
34703,0.39,0.30,0.40,27.60,17,17,0,-0.01,-0.10,0.10,27.17,17,17,0,0.38,0.30,0.40,27.48,17,17,0,2.46,2.10,2.70,26.65,17,0,0,0.14,0.10,0.20,27.64,17,17,0,1.08,1.00,1.10,27.25,17,17,0,0.25,0.20,0.30,26.80,17,17,0
35203,0.39,0.30,0.40,27.61,17,17,0,0.01,-0.10,0.10,27.17,17,17,0,0.34,0.30,0.40,27.49,17,17,0,2.21,1.80,2.70,26.68,17,0,0,0.14,0.10,0.20,27.64,17,17,0,1.08,1.00,1.10,27.27,17,17,0,0.24,0.20,0.30,26.81,17,17,0
35713,0.40,0.40,0.40,27.62,17,17,0,-0.01,-0.10,0.10,27.17,17,17,0,0.34,0.30,0.40,27.50,17,17,0,2.02,1.80,2.70,26.68,17,0,0,0.13,0.10,0.20,27.66,17,17,0,1.10,1.10,1.10,27.26,17,17,0,0.25,0.20,0.30,26.82,17,17,0
36219,0.39,0.30,0.40,27.61,17,17,0,0.01,-0.10,0.10,27.19,17,17,0,0.35,0.30,0.40,27.52,17,17,0,1.95,1.40,2.30,26.70,17,0,0,0.15,0.10,0.20,27.66,17,17,0,1.10,1.10,1.10,27.27,17,17,0,0.26,0.20,0.30,26.83,17,17,0
36719,0.39,0.30,0.40,27.61,17,17,0,0.01,0.00,0.10,27.19,17,17,0,0.36,0.30,0.40,27.51,17,17,0,1.85,1.20,2.20,26.71,17,0,0,0.14,0.10,0.20,27.67,17,17,0,1.09,1.00,1.10,27.29,17,17,0,0.24,0.20,0.30,26.83,17,17,0
37219,0.39,0.30,0.40,27.64,17,17,0,0.00,-0.10,0.10,27.21,17,17,0,0.36,0.30,0.40,27.53,17,17,0,1.95,1.60,2.20,26.71,17,0,0,0.12,0.10,0.20,27.68,17,17,0,1.10,1.00,1.20,27.29,17,17,0,0.23,0.20,0.30,26.86,17,17,0
37728,0.39,0.30,0.40,27.64,18,18,0,0.03,-0.10,0.10,27.22,18,18,0,0.36,0.30,0.40,27.53,18,18,0,1.99,1.50,2.20,26.72,18,0,0,0.12,0.10,0.20,27.69,18,18,0,1.09,1.00,1.10,27.30,18,18,0,0.26,0.20,0.30,26.85,18,18,0
38228,0.39,0.30,0.40,27.65,17,17,0,-0.01,-0.10,0.10,27.22,17,17,0,0.37,0.30,0.40,27.55,17,17,0,1.92,1.50,2.30,26.73,17,0,0,0.14,0.10,0.20,27.68,17,17,0,1.09,1.00,1.10,27.31,17,17,0,0.24,0.20,0.30,26.89,17,17,0
38728,0.39,0.30,0.40,27.68,17,17,0,0.00,-0.10,0.10,27.22,17,17,0,0.39,0.30,0.40,27.55,17,17,0,1.56,1.20,1.90,26.72,17,0,0,0.15,0.10,0.20,27.69,17,17,0,1.10,1.10,1.10,27.33,17,17,0,0.25,0.20,0.30,26.88,17,17,0
39237,0.38,0.30,0.40,27.67,17,17,0,0.03,0.00,0.10,27.23,17,17,0,0.34,0.30,0.40,27.56,17,17,0,2.11,1.60,2.60,26.76,17,0,0,0.14,0.10,0.20,27.71,17,17,0,1.10,1.10,1.10,27.33,17,17,0,0.27,0.20,0.30,26.89,17,17,0
39737,0.39,0.30,0.40,27.68,17,17,0,0.02,-0.10,0.10,27.24,17,17,0,0.36,0.30,0.40,27.57,17,17,0,2.65,2.40,3.00,26.75,17,0,0,0.15,0.10,0.20,27.73,17,17,0,1.10,1.10,1.10,27.34,17,17,0,0.25,0.20,0.30,26.90,17,17,0
40237,0.38,0.30,0.40,27.70,17,17,0,0.02,0.00,0.10,27.24,17,17,0,0.36,0.30,0.40,27.57,17,17,0,2.36,2.20,2.50,26.76,17,0,0,0.12,0.10,0.20,27.72,17,17,0,1.08,1.00,1.10,27.35,17,17,0,0.25,0.20,0.30,26.90,17,17,0
40737,0.39,0.30,0.40,27.70,17,17,0,0.02,-0.10,0.10,27.26,17,17,0,0.37,0.30,0.40,27.58,17,17,0,2.62,2.40,2.90,26.77,17,0,0,0.12,0.10,0.20,27.73,17,17,0,1.09,1.00,1.10,27.35,17,17,0,0.27,0.20,0.30,26.92,17,17,0
41250,0.40,0.40,0.40,27.70,18,18,0,0.02,-0.10,0.10,27.25,18,18,0,0.36,0.30,0.40,27.59,18,18,0,2.54,2.30,2.90,26.78,18,0,0,0.13,0.10,0.20,27.74,18,18,0,1.07,1.00,1.10,27.37,18,18,0,0.26,0.20,0.30,26.92,18,18,0
41750,0.40,0.40,0.40,27.72,17,17,0,0.03,0.00,0.10,27.25,17,17,0,0.34,0.30,0.40,27.60,17,17,0,2.29,2.00,2.60,26.78,17,0,0,0.15,0.10,0.20,27.75,17,17,0,1.09,1.00,1.10,27.37,17,17,0,0.24,0.20,0.30,26.91,17,17,0
42253,0.40,0.40,0.40,27.73,17,17,0,0.03,0.00,0.10,27.28,17,17,0,0.35,0.30,0.40,27.60,17,17,0,2.22,2.00,2.60,26.80,17,0,0,0.13,0.10,0.20,27.75,17,17,0,1.09,1.00,1.10,27.38,17,17,0,0.26,0.20,0.30,26.93,17,17,0
42758,0.38,0.30,0.40,27.72,17,17,0,0.02,-0.10,0.10,27.29,17,17,0,0.36,0.30,0.40,27.61,17,17,0,2.00,1.40,2.60,26.80,17,0,0,0.12,0.10,0.20,27.77,17,17,0,1.09,1.00,1.10,27.38,17,17,0,0.25,0.20,0.30,26.94,17,17,0
43271,0.39,0.30,0.40,27.73,18,18,0,0.01,-0.10,0.10,27.29,18,18,0,0.36,0.30,0.40,27.64,18,18,0,1.96,1.60,2.40,26.82,18,0,0,0.13,0.10,0.20,27.78,18,18,0,1.08,1.00,1.10,27.41,18,18,0,0.24,0.20,0.30,26.95,18,18,0
43784,0.39,0.30,0.40,27.75,18,18,0,0.01,-0.10,0.10,27.30,18,18,0,0.37,0.30,0.40,27.62,18,18,0,1.79,1.30,2.20,26.83,18,0,0,0.13,0.10,0.20,27.77,18,18,0,1.08,1.00,1.10,27.41,18,18,0,0.25,0.20,0.30,26.96,18,18,0
44290,0.39,0.30,0.40,27.75,17,17,0,0.01,-0.10,0.10,27.31,17,17,0,0.34,0.30,0.40,27.64,17,17,0,1.67,1.30,2.20,26.83,17,0,0,0.12,0.10,0.20,27.79,17,17,0,1.09,1.00,1.10,27.40,17,17,0,0.26,0.20,0.30,26.96,17,17,0
44790,0.38,0.30,0.40,27.76,17,17,0,0.01,-0.10,0.10,27.30,17,17,0,0.35,0.30,0.40,27.64,17,17,0,1.51,0.90,1.80,26.84,17,0,0,0.14,0.10,0.20,27.79,17,17,0,1.10,1.10,1.10,27.42,17,17,0,0.28,0.20,0.30,26.97,17,17,0
45290,0.40,0.40,0.40,27.76,17,17,0,0.01,-0.10,0.10,27.31,17,17,0,0.37,0.30,0.40,27.64,17,17,0,1.72,1.20,2.30,26.86,17,0,0,0.14,0.10,0.20,27.79,17,17,0,1.10,1.10,1.10,27.41,17,17,0,0.25,0.20,0.30,26.99,17,17,0
45802,0.39,0.30,0.40,27.77,18,18,0,0.01,-0.10,0.10,27.34,18,18,0,0.36,0.30,0.40,27.64,18,18,0,1.97,1.50,2.20,26.85,18,0,0,0.13,0.10,0.20,27.83,18,18,0,1.08,1.00,1.10,27.43,18,18,0,0.23,0.20,0.30,26.98,18,18,0
46302,0.39,0.30,0.40,27.78,17,17,0,0.00,-0.10,0.10,27.33,17,17,0,0.36,0.30,0.40,27.66,17,17,0,2.05,1.80,2.30,26.86,17,0,0,0.12,0.10,0.20,27.83,17,17,0,1.09,1.00,1.10,27.44,17,17,0,0.25,0.20,0.30,27.00,17,17,0
46802,0.40,0.40,0.40,27.79,17,17,0,-0.01,-0.10,0.10,27.34,17,17,0,0.36,0.30,0.40,27.68,17,17,0,1.79,1.40,2.20,26.88,17,0,0,0.14,0.10,0.20,27.82,17,17,0,1.09,1.00,1.10,27.45,17,17,0,0.26,0.20,0.30,27.01,17,17,0
47302,0.39,0.30,0.40,27.79,17,17,0,-0.01,-0.10,0.10,27.36,17,17,0,0.34,0.30,0.40,27.66,17,17,0,1.38,1.00,1.70,26.88,17,0,0,0.11,0.10,0.20,27.85,17,17,0,1.09,1.00,1.10,27.46,17,17,0,0.25,0.20,0.30,27.00,17,17,0
47802,0.38,0.30,0.40,27.82,17,17,0,0.01,-0.10,0.10,27.38,17,17,0,0.39,0.30,0.40,27.68,17,17,0,1.40,1.00,1.70,26.88,17,0,0,0.11,0.10,0.20,27.85,17,17,0,1.09,1.00,1.20,27.47,17,17,0,0.26,0.20,0.30,27.00,17,17,0
48302,0.40,0.40,0.40,27.80,17,17,0,0.02,-0.10,0.10,27.35,17,17,0,0.39,0.30,0.40,27.68,17,17,0,2.30,1.60,2.80,26.89,17,0,0,0.11,0.10,0.20,27.84,17,17,0,1.08,1.00,1.10,27.46,17,17,0,0.25,0.20,0.30,27.03,17,17,0
48802,0.39,0.30,0.40,27.83,17,17,0,0.02,-0.10,0.10,27.37,17,17,0,0.36,0.30,0.40,27.70,17,17,0,2.10,1.40,3.30,26.90,17,0,0,0.12,0.10,0.20,27.84,17,17,0,1.09,1.00,1.10,27.46,17,17,0,0.24,0.20,0.30,27.03,17,17,0
49302,0.39,0.30,0.40,27.82,17,17,0,0.03,-0.10,0.10,27.36,17,17,0,0.38,0.30,0.40,27.70,17,17,0,1.52,1.20,1.90,26.91,17,0,0,0.12,0.10,0.20,27.87,17,17,0,1.09,1.00,1.10,27.47,17,17,0,0.24,0.20,0.30,27.04,17,17,0
49802,0.37,0.30,0.40,27.82,17,17,0,0.00,-0.10,0.10,27.39,17,17,0,0.39,0.30,0.40,27.72,17,17,0,0.92,0.60,1.20,26.92,17,0,0,0.14,0.10,0.20,27.87,17,17,0,1.09,1.00,1.10,27.49,17,17,0,0.26,0.20,0.30,27.04,17,17,0
50302,0.39,0.30,0.40,27.82,17,17,0,0.02,-0.10,0.10,27.40,17,17,0,0.37,0.30,0.40,27.70,17,17,0,1.04,0.90,1.30,26.92,17,0,0,0.13,0.10,0.20,27.87,17,17,0,1.09,1.00,1.10,27.50,17,17,0,0.25,0.20,0.30,27.05,17,17,0
50802,0.40,0.40,0.40,27.84,17,17,0,0.01,-0.10,0.10,27.39,17,17,0,0.39,0.30,0.40,27.72,17,17,0,1.11,0.90,1.40,26.93,17,0,0,0.12,0.10,0.20,27.87,17,17,0,1.08,1.00,1.10,27.51,17,17,0,0.25,0.20,0.30,27.06,17,17,0
51302,0.38,0.30,0.40,27.83,17,17,0,0.04,0.00,0.10,27.38,17,17,0,0.38,0.30,0.40,27.73,17,17,0,1.12,0.90,1.40,26.92,17,0,0,0.13,0.10,0.20,27.89,17,17,0,1.08,1.00,1.10,27.50,17,17,0,0.25,0.20,0.30,27.05,17,17,0
51815,0.38,0.30,0.40,27.86,18,18,0,0.03,-0.10,0.10,27.40,18,18,0,0.37,0.30,0.40,27.74,18,18,0,1.07,-0.10,3.80,26.95,18,0,0,0.14,0.10,0.20,27.89,18,18,0,1.09,1.00,1.10,27.50,18,18,0,0.27,0.20,0.30,27.08,18,18,0
52326,0.39,0.30,0.40,27.85,18,18,0,-0.01,-0.10,0.10,27.41,18,18,0,0.37,0.30,0.40,27.73,18,18,0,1.04,-2.30,3.20,26.95,18,0,0,0.13,0.10,0.20,27.91,18,18,0,1.09,1.00,1.10,27.52,18,18,0,0.26,0.20,0.30,27.08,18,18,0
52828,0.40,0.40,0.40,27.87,17,17,0,0.03,-0.10,0.10,27.41,17,17,0,0.38,0.30,0.40,27.74,17,17,0,1.25,-0.30,3.40,26.98,17,0,0,0.15,0.10,0.20,27.91,17,17,0,1.09,1.00,1.10,27.51,17,17,0,0.27,0.20,0.30,27.08,17,17,0
53332,0.38,0.30,0.40,27.87,17,17,0,0.02,0.00,0.10,27.41,17,17,0,0.39,0.30,0.40,27.74,17,17,0,1.14,-0.50,2.90,26.97,17,0,0,0.13,0.10,0.20,27.91,17,17,0,1.09,1.00,1.10,27.52,17,17,0,0.26,0.20,0.30,27.10,17,17,0
53832,0.39,0.30,0.40,27.86,17,17,0,0.01,-0.10,0.10,27.42,17,17,0,0.36,0.30,0.40,27.75,17,17,0,38.40,-2.00,255.10,27.00,17,0,0,0.14,0.10,0.20,27.91,17,17,0,1.09,1.00,1.10,27.54,17,17,0,0.27,0.20,0.30,27.11,17,17,0
54332,0.37,0.30,0.40,27.88,17,17,0,0.02,0.00,0.10,27.43,17,17,0,0.37,0.30,0.40,27.76,17,17,0,1.26,-21.80,21.90,26.96,17,0,0,0.14,0.10,0.20,27.92,17,17,0,1.08,1.00,1.10,27.54,17,17,0,0.25,0.20,0.30,27.09,17,17,0
54832,0.38,0.30,0.40,27.91,17,17,0,-0.01,-0.10,0.10,27.44,17,17,0,0.37,0.30,0.40,27.78,17,17,0,1.46,0.50,2.20,26.97,17,0,0,0.14,0.10,0.20,27.94,17,17,0,1.07,1.00,1.10,27.55,17,17,0,0.28,0.20,0.30,27.11,17,17,0
55333,0.39,0.30,0.40,27.88,17,17,0,0.02,0.00,0.10,27.45,17,17,0,0.36,0.30,0.40,27.77,17,17,0,1.10,0.60,1.60,26.97,17,0,0,0.13,0.10,0.20,27.95,17,17,0,1.09,1.00,1.10,27.58,17,17,0,0.27,0.20,0.30,27.11,17,17,0
55833,0.39,0.30,0.40,27.90,17,17,0,0.02,-0.10,0.10,27.44,17,17,0,0.35,0.30,0.40,27.77,17,17,0,0.96,0.60,1.60,26.98,17,0,0,0.13,0.10,0.20,27.94,17,17,0,1.09,1.00,1.10,27.57,17,17,0,0.25,0.20,0.30,27.11,17,17,0
56333,0.38,0.30,0.40,27.90,17,17,0,0.03,-0.10,0.10,27.45,17,17,0,0.38,0.30,0.40,27.77,17,17,0,0.91,0.60,1.50,26.99,17,0,0,0.15,0.10,0.20,27.95,17,17,0,1.10,1.10,1.10,27.56,17,17,0,0.26,0.20,0.30,27.13,17,17,0
56833,0.36,0.30,0.40,27.93,17,17,0,0.02,-0.10,0.10,27.46,17,17,0,0.38,0.30,0.40,27.79,17,17,0,0.79,0.50,1.10,27.01,17,0,0,0.14,0.10,0.20,27.95,17,17,0,1.08,1.00,1.10,27.56,17,17,0,0.27,0.20,0.30,27.11,17,17,0
57333,0.39,0.30,0.40,27.92,17,17,0,0.04,-0.10,0.10,27.47,17,17,0,0.36,0.30,0.40,27.79,17,17,0,0.71,-0.10,1.30,27.03,17,0,0,0.11,0.10,0.20,27.96,17,17,0,1.09,1.00,1.10,27.58,17,17,0,0.26,0.20,0.30,27.14,17,17,0
57845,0.38,0.30,0.40,27.92,18,18,0,0.04,0.00,0.10,27.48,18,18,0,0.37,0.30,0.40,27.81,18,18,0,1.01,0.50,1.60,27.02,18,0,0,0.13,0.10,0.20,27.96,18,18,0,1.08,1.00,1.10,27.57,18,18,0,0.26,0.20,0.30,27.14,18,18,0
58357,0.40,0.40,0.40,27.93,18,18,0,0.02,-0.10,0.10,27.47,18,18,0,0.38,0.30,0.40,27.80,18,18,0,1.07,0.40,1.70,27.02,18,0,0,0.14,0.10,0.20,27.96,18,18,0,1.08,1.00,1.10,27.60,18,18,0,0.27,0.20,0.30,27.15,18,18,0
58857,0.39,0.30,0.40,27.94,17,17,0,0.01,0.00,0.10,27.49,17,17,0,0.38,0.30,0.40,27.80,17,17,0,1.04,0.80,1.20,27.03,17,0,0,0.12,0.10,0.20,27.97,17,17,0,1.09,1.00,1.10,27.59,17,17,0,0.23,0.20,0.30,27.14,17,17,0
59357,0.39,0.30,0.40,27.94,17,17,0,0.01,-0.10,0.10,27.49,17,17,0,0.36,0.30,0.40,27.81,17,17,0,1.04,0.60,1.40,27.05,17,0,0,0.11,0.10,0.20,27.98,17,17,0,1.07,1.00,1.20,27.60,17,17,0,0.24,0.20,0.30,27.16,17,17,0
59857,0.39,0.30,0.40,27.94,18,18,0,0.01,-0.10,0.10,27.49,18,18,0,0.37,0.30,0.40,27.82,18,18,0,0.97,0.60,1.20,27.05,18,0,0,0.11,0.10,0.20,27.98,18,18,0,1.09,1.00,1.10,27.61,18,18,0,0.24,0.20,0.30,27.17,18,18,0
60357,0.39,0.30,0.40,27.96,17,17,0,-0.01,-0.10,0.10,27.50,17,17,0,0.35,0.30,0.40,27.83,17,17,0,0.91,-0.50,2.30,27.06,17,0,0,0.13,0.10,0.20,28.00,17,17,0,1.09,1.00,1.10,27.61,17,17,0,0.24,0.20,0.30,27.17,17,17,0
60857,0.39,0.30,0.40,27.95,17,17,0,0.02,-0.10,0.10,27.51,17,17,0,0.38,0.30,0.40,27.82,17,17,0,0.98,0.00,1.60,27.06,17,0,0,0.14,0.10,0.20,28.00,17,17,0,1.09,1.00,1.10,27.62,17,17,0,0.25,0.20,0.30,27.17,17,17,0
61364,0.38,0.30,0.40,27.97,17,17,0,0.01,0.00,0.10,27.51,17,17,0,0.37,0.30,0.40,27.83,17,17,0,0.96,0.30,1.40,27.07,17,0,0,0.12,0.10,0.20,28.00,17,17,0,1.09,1.00,1.10,27.62,17,17,0,0.25,0.20,0.30,27.18,17,17,0
61864,0.39,0.30,0.40,27.97,17,17,0,0.01,-0.10,0.10,27.52,17,17,0,0.36,0.30,0.40,27.84,17,17,0,0.97,0.70,1.30,27.07,17,0,0,0.12,0.10,0.20,28.00,17,17,0,1.09,1.00,1.10,27.62,17,17,0,0.26,0.20,0.30,27.19,17,17,0
62364,0.39,0.30,0.40,27.97,17,17,0,0.04,0.00,0.10,27.50,17,17,0,0.36,0.30,0.40,27.85,17,17,0,1.05,0.80,1.30,27.08,17,0,0,0.12,0.10,0.20,28.03,17,17,0,1.09,1.00,1.10,27.64,17,17,0,0.23,0.20,0.30,27.18,17,17,0
62864,0.39,0.30,0.40,27.97,17,17,0,0.02,-0.10,0.10,27.53,17,17,0,0.40,0.40,0.40,27.83,17,17,0,0.81,0.50,1.10,27.10,17,0,0,0.12,0.10,0.20,28.02,17,17,0,1.09,1.00,1.10,27.63,17,17,0,0.25,0.20,0.30,27.20,17,17,0
63364,0.40,0.40,0.40,27.98,17,17,0,0.01,0.00,0.10,27.52,17,17,0,0.38,0.30,0.40,27.83,17,17,0,1.02,0.70,1.30,27.11,17,0,0,0.13,0.10,0.20,28.02,17,17,0,1.08,1.00,1.10,27.64,17,17,0,0.24,0.20,0.30,27.18,17,17,0
63864,0.39,0.30,0.40,27.98,16,16,0,0.01,-0.10,0.10,27.55,16,16,0,0.36,0.30,0.40,27.85,16,16,0,1.16,0.90,1.40,27.10,16,0,0,0.14,0.10,0.20,28.05,16,16,0,1.09,1.00,1.10,27.66,16,16,0,0.26,0.20,0.30,27.21,16,16,0
64364,0.39,0.30,0.40,28.00,17,17,0,0.00,-0.10,0.10,27.55,17,17,0,0.36,0.30,0.40,27.85,17,17,0,1.05,0.30,1.50,27.12,17,0,0,0.11,0.10,0.20,28.04,17,17,0,1.10,1.10,1.10,27.66,17,17,0,0.25,0.20,0.30,27.22,17,17,0
64864,0.39,0.30,0.40,28.00,17,17,0,0.01,-0.10,0.10,27.55,17,17,0,0.37,0.30,0.40,27.87,17,17,0,1.07,-1.20,2.50,27.11,17,0,0,0.13,0.10,0.20,28.04,17,17,0,1.09,1.00,1.10,27.66,17,17,0,0.25,0.20,0.30,27.23,17,17,0
65364,0.39,0.30,0.40,28.00,17,17,0,0.00,-0.10,0.10,27.53,17,17,0,0.37,0.30,0.40,27.86,17,17,0,0.99,-3.10,3.80,27.10,17,0,0,0.12,0.10,0.20,28.05,17,17,0,1.08,1.00,1.10,27.67,17,17,0,0.23,0.20,0.30,27.24,17,17,0
65865,0.39,0.30,0.40,28.02,17,17,0,0.01,-0.10,0.10,27.55,17,17,0,0.36,0.30,0.40,27.87,17,17,0,1.06,-0.80,2.20,27.12,17,0,0,0.12,0.10,0.20,28.05,17,17,0,1.09,1.00,1.10,27.67,17,17,0,0.27,0.20,0.30,27.21,17,17,0
66365,0.39,0.30,0.40,28.02,17,17,0,0.02,-0.10,0.10,27.55,17,17,0,0.35,0.30,0.40,27.87,17,17,0,1.03,-0.60,2.10,27.12,17,0,0,0.13,0.10,0.20,28.05,17,17,0,1.09,1.00,1.10,27.67,17,17,0,0.25,0.20,0.30,27.23,17,17,0
66865,0.40,0.40,0.40,28.04,17,17,0,0.02,-0.10,0.10,27.55,17,17,0,0.34,0.30,0.40,27.87,17,17,0,0.98,0.40,1.90,27.12,17,0,0,0.11,0.10,0.20,28.05,17,17,0,1.09,1.00,1.20,27.68,17,17,0,0.23,0.20,0.30,27.24,17,17,0
67365,0.40,0.40,0.40,28.01,17,17,0,0.02,-0.10,0.10,27.59,17,17,0,0.36,0.30,0.40,27.87,17,17,0,0.99,0.30,1.80,27.12,17,0,0,0.12,0.10,0.20,28.07,17,17,0,1.09,1.00,1.10,27.68,17,17,0,0.25,0.20,0.30,27.25,17,17,0
67878,0.40,0.40,0.40,28.03,18,18,0,0.02,0.00,0.10,27.57,18,18,0,0.36,0.30,0.40,27.89,18,18,0,1.02,0.50,1.40,27.14,18,0,0,0.13,0.10,0.20,28.06,18,18,0,1.09,1.00,1.10,27.68,18,18,0,0.24,0.20,0.30,27.25,18,18,0
68378,0.40,0.40,0.40,28.04,18,18,0,0.02,-0.10,0.10,27.58,18,18,0,0.36,0.30,0.40,27.90,18,18,0,1.10,0.70,1.50,27.16,18,0,0,0.14,0.10,0.20,28.08,18,18,0,1.09,1.00,1.10,27.70,18,18,0,0.25,0.20,0.30,27.26,18,18,0
68879,0.39,0.30,0.40,28.05,17,17,0,0.02,-0.10,0.10,27.57,17,17,0,0.36,0.30,0.40,27.87,17,17,0,1.12,0.90,1.30,27.15,17,0,0,0.14,0.10,0.20,28.06,17,17,0,1.09,1.00,1.10,27.69,17,17,0,0.22,0.20,0.30,27.26,17,17,0
69390,0.37,0.30,0.40,28.06,18,18,0,0.01,-0.10,0.10,27.58,18,18,0,0.38,0.30,0.40,27.89,18,18,0,1.06,0.80,1.20,27.16,18,0,0,0.11,0.10,0.20,28.09,18,18,0,1.08,1.00,1.10,27.70,18,18,0,0.24,0.20,0.30,27.26,18,18,0
69902,0.38,0.30,0.40,28.05,18,18,0,0.01,-0.10,0.10,27.58,18,18,0,0.36,0.30,0.40,27.90,18,18,0,0.98,0.60,1.40,27.15,18,0,0,0.13,0.10,0.20,28.08,18,18,0,1.09,1.00,1.10,27.70,18,18,0,0.25,0.20,0.30,27.27,18,18,0
70402,0.39,0.30,0.40,28.05,17,17,0,0.01,-0.10,0.10,27.58,17,17,0,0.36,0.30,0.40,27.89,17,17,0,0.93,0.80,1.20,27.17,17,0,0,0.12,0.10,0.20,28.09,17,17,0,1.09,1.00,1.10,27.70,17,17,0,0.24,0.20,0.30,27.28,17,17,0
70903,0.38,0.30,0.40,28.06,17,17,0,0.01,0.00,0.10,27.60,17,17,0,0.35,0.30,0.40,27.91,17,17,0,0.82,0.40,1.10,27.16,17,0,0,0.11,0.10,0.20,28.09,17,17,0,1.10,1.10,1.10,27.71,17,17,0,0.26,0.20,0.30,27.28,17,17,0
71403,0.39,0.30,0.40,28.06,17,17,0,0.02,-0.10,0.10,27.60,17,17,0,0.37,0.30,0.40,27.91,17,17,0,0.81,0.20,1.30,27.17,17,0,0,0.13,0.10,0.20,28.08,17,17,0,1.09,1.00,1.10,27.72,17,17,0,0.23,0.20,0.30,27.29,17,17,0
71916,0.38,0.30,0.40,28.07,18,18,0,0.02,0.00,0.10,27.61,18,18,0,0.36,0.30,0.40,27.91,18,18,0,0.82,0.50,1.40,27.18,18,0,0,0.13,0.10,0.20,28.11,18,18,0,1.09,1.00,1.10,27.73,18,18,0,0.27,0.20,0.30,27.29,18,18,0
72416,0.39,0.30,0.40,28.07,17,17,0,0.01,0.00,0.10,27.62,17,17,0,0.38,0.30,0.40,27.91,17,17,0,0.89,0.20,1.50,27.19,17,0,0,0.14,0.10,0.20,28.10,17,17,0,1.08,1.00,1.10,27.74,17,17,0,0.25,0.20,0.30,27.30,17,17,0
72916,0.40,0.40,0.40,28.07,17,17,0,0.02,0.00,0.10,27.61,17,17,0,0.38,0.30,0.40,27.91,17,17,0,0.96,0.70,1.40,27.19,17,0,0,0.14,0.10,0.20,28.13,17,17,0,1.09,1.00,1.10,27.73,17,17,0,0.24,0.20,0.30,27.31,17,17,0
73416,0.40,0.40,0.40,28.09,17,17,0,0.01,0.00,0.10,27.62,17,17,0,0.38,0.30,0.40,27.93,17,17,0,0.85,0.60,1.10,27.20,17,0,0,0.11,0.10,0.20,28.13,17,17,0,1.09,1.00,1.10,27.73,17,17,0,0.24,0.20,0.30,27.32,17,17,0
73916,0.39,0.30,0.40,28.09,17,17,0,0.03,0.00,0.10,27.63,17,17,0,0.35,0.30,0.40,27.94,17,17,0,0.84,0.40,1.40,27.19,17,0,0,0.12,0.10,0.20,28.11,17,17,0,1.09,1.00,1.10,27.74,17,17,0,0.24,0.20,0.30,27.31,17,17,0
74426,0.38,0.30,0.40,28.09,18,18,0,0.04,-0.10,0.10,27.63,18,18,0,0.35,0.30,0.40,27.94,18,18,0,0.83,0.40,1.10,27.21,18,0,0,0.13,0.10,0.20,28.14,18,18,0,1.09,1.00,1.10,27.74,18,18,0,0.24,0.20,0.30,27.31,18,18,0
74935,0.39,0.30,0.40,28.09,18,18,0,0.01,-0.10,0.10,27.62,18,18,0,0.37,0.30,0.40,27.94,18,18,0,0.87,0.60,1.20,27.20,18,0,0,0.11,0.10,0.20,28.13,18,18,0,1.08,1.00,1.10,27.76,18,18,0,0.24,0.20,0.30,27.32,18,18,0
75448,0.39,0.30,0.40,28.11,18,18,0,0.03,-0.10,0.10,27.63,18,18,0,0.34,0.30,0.40,27.95,18,18,0,0.88,0.50,1.10,27.22,18,0,0,0.11,0.10,0.20,28.15,18,18,0,1.08,1.00,1.10,27.76,18,18,0,0.28,0.20,0.30,27.32,18,18,0
75948,0.39,0.30,0.40,28.12,17,17,0,0.02,-0.10,0.10,27.64,17,17,0,0.33,0.30,0.40,27.96,17,17,0,0.86,0.60,1.20,27.22,17,0,0,0.14,0.10,0.20,28.15,17,17,0,1.09,1.00,1.10,27.75,17,17,0,0.25,0.20,0.30,27.33,17,17,0
76454,0.38,0.30,0.40,28.11,18,18,0,-0.02,-0.10,0.10,27.64,18,18,0,0.34,0.30,0.40,27.94,18,18,0,0.84,-1.20,3.20,27.23,18,0,0,0.14,0.10,0.20,28.15,18,18,0,1.10,1.10,1.10,27.76,18,18,0,0.28,0.20,0.30,27.35,18,18,0
76958,0.39,0.30,0.40,28.12,17,17,0,0.01,-0.10,0.10,27.66,17,17,0,0.32,0.30,0.40,27.95,17,17,0,0.47,-1.40,2.10,27.22,17,0,0,0.14,0.10,0.20,28.16,17,17,0,1.09,1.00,1.10,27.77,17,17,0,0.23,0.20,0.30,27.34,17,17,0
77458,0.38,0.30,0.40,28.11,17,17,0,0.02,-0.10,0.10,27.64,17,17,0,0.34,0.30,0.40,27.97,17,17,0,0.92,-0.30,2.40,27.24,17,0,0,0.14,0.10,0.20,28.13,17,17,0,1.09,1.00,1.10,27.77,17,17,0,0.25,0.20,0.30,27.35,17,17,0
77958,0.38,0.30,0.40,28.12,17,17,0,0.02,-0.10,0.10,27.67,17,17,0,0.34,0.30,0.40,27.97,17,17,0,0.78,0.30,1.30,27.24,17,0,0,0.14,0.10,0.20,28.16,17,17,0,1.08,1.00,1.10,27.77,17,17,0,0.25,0.20,0.30,27.35,17,17,0
78458,0.37,0.30,0.40,28.12,17,17,0,0.02,-0.10,0.10,27.64,17,17,0,0.34,0.30,0.40,27.96,17,17,0,0.75,0.50,1.10,27.24,17,0,0,0.14,0.10,0.20,28.17,17,17,0,1.08,1.00,1.10,27.79,17,17,0,0.25,0.20,0.30,27.36,17,17,0
78971,0.38,0.30,0.40,28.13,18,18,0,0.02,-0.10,0.10,27.65,18,18,0,0.34,0.30,0.40,27.97,18,18,0,0.75,0.50,1.00,27.24,18,0,0,0.12,0.10,0.20,28.18,18,18,0,1.09,1.00,1.10,27.77,18,18,0,0.25,0.20,0.30,27.34,18,18,0
79471,0.36,0.30,0.40,28.14,17,17,0,0.01,-0.10,0.10,27.67,17,17,0,0.35,0.30,0.40,27.97,17,17,0,0.71,0.50,1.00,27.24,17,0,0,0.15,0.10,0.20,28.16,17,17,0,1.08,1.00,1.10,27.79,17,17,0,0.26,0.20,0.30,27.36,17,17,0
79971,0.38,0.30,0.40,28.14,17,17,0,0.01,-0.10,0.10,27.69,17,17,0,0.34,0.30,0.40,27.97,17,17,0,0.75,0.60,1.00,27.25,17,0,0,0.12,0.10,0.20,28.17,17,17,0,1.09,1.00,1.10,27.80,17,17,0,0.25,0.20,0.30,27.36,17,17,0
80471,0.39,0.30,0.40,28.15,17,17,0,-0.01,-0.10,0.00,27.68,17,17,0,0.36,0.30,0.40,27.99,17,17,0,0.91,0.70,1.20,27.26,17,0,0,0.12,0.10,0.20,28.18,17,17,0,1.09,1.00,1.10,27.80,17,17,0,0.26,0.20,0.30,27.37,17,17,0
80978,0.39,0.30,0.40,28.17,17,17,0,0.02,-0.10,0.10,27.69,17,17,0,0.33,0.30,0.40,27.98,17,17,0,0.95,0.40,1.60,27.26,17,0,0,0.12,0.10,0.20,28.19,17,17,0,1.09,1.00,1.10,27.80,17,17,0,0.26,0.20,0.30,27.38,17,17,0
81478,0.38,0.30,0.40,28.17,17,17,0,0.01,-0.10,0.10,27.68,17,17,0,0.34,0.30,0.40,27.98,17,17,0,0.94,0.70,1.20,27.28,17,0,0,0.13,0.10,0.20,28.19,17,17,0,1.07,1.00,1.10,27.80,17,17,0,0.24,0.20,0.30,27.38,17,17,0
81978,0.38,0.30,0.40,28.18,17,17,0,0.02,-0.10,0.10,27.69,17,17,0,0.36,0.30,0.40,27.99,17,17,0,0.88,0.50,1.20,27.27,17,0,0,0.11,0.10,0.20,28.20,17,17,0,1.10,1.10,1.10,27.83,17,17,0,0.25,0.20,0.30,27.39,17,17,0
82478,0.39,0.30,0.40,28.18,17,17,0,0.02,-0.10,0.10,27.69,17,17,0,0.38,0.30,0.40,27.99,17,17,0,0.91,0.40,1.30,27.29,17,0,0,0.12,0.10,0.20,28.20,17,17,0,1.06,1.00,1.10,27.82,17,17,0,0.25,0.20,0.30,27.39,17,17,0
82991,0.39,0.30,0.40,28.18,18,18,0,0.03,0.00,0.10,27.69,18,18,0,0.36,0.30,0.40,28.00,18,18,0,0.99,0.60,1.30,27.28,18,0,0,0.12,0.00,0.20,28.21,18,18,0,1.09,1.00,1.10,27.83,18,18,0,0.23,0.20,0.30,27.40,18,18,0
83500,0.39,0.30,0.40,28.18,17,17,0,0.00,-0.10,0.10,27.69,17,17,0,0.36,0.30,0.40,28.01,17,17,0,1.02,0.40,1.50,27.27,17,0,0,0.13,0.10,0.20,28.23,17,17,0,1.08,1.00,1.10,27.83,17,17,0,0.26,0.20,0.30,27.40,17,17,0
84012,0.37,0.30,0.40,28.17,18,18,0,-0.01,-0.10,0.10,27.71,18,18,0,0.34,0.30,0.40,28.00,18,18,0,0.77,0.60,1.10,27.28,18,0,0,0.11,0.10,0.20,28.20,18,18,0,1.07,1.00,1.10,27.82,18,18,0,0.22,0.20,0.30,27.39,18,18,0
84512,0.40,0.40,0.40,28.19,17,17,0,-0.01,-0.10,0.10,27.73,17,17,0,0.36,0.30,0.40,28.00,17,17,0,0.87,0.70,1.20,27.29,17,0,0,0.13,0.10,0.20,28.21,17,17,0,1.09,1.00,1.10,27.85,17,17,0,0.23,0.20,0.30,27.40,17,17,0
85024,0.39,0.30,0.40,28.20,17,17,0,0.02,-0.10,0.10,27.71,17,17,0,0.36,0.30,0.40,28.01,17,17,0,0.93,0.70,1.30,27.29,17,0,0,0.14,0.10,0.20,28.24,17,17,0,1.08,1.00,1.10,27.83,17,17,0,0.24,0.20,0.30,27.40,17,17,0
85524,0.38,0.30,0.40,28.19,17,17,0,0.02,-0.10,0.10,27.71,17,17,0,0.35,0.30,0.40,28.01,17,17,0,0.83,0.60,1.00,27.29,17,0,0,0.14,0.10,0.20,28.22,17,17,0,1.08,1.00,1.10,27.82,17,17,0,0.25,0.20,0.30,27.41,17,17,0
86024,0.39,0.30,0.40,28.19,17,17,0,0.01,-0.10,0.10,27.71,17,17,0,0.35,0.30,0.40,28.02,17,17,0,0.78,-1.20,1.70,27.31,17,0,0,0.12,0.10,0.20,28.22,17,17,0,1.09,1.00,1.10,27.84,17,17,0,0.25,0.20,0.30,27.42,17,17,0
86524,0.40,0.40,0.40,28.19,17,17,0,0.02,0.00,0.10,27.72,17,17,0,0.35,0.30,0.40,28.01,17,17,0,0.84,0.20,1.70,27.29,17,0,0,0.12,0.10,0.20,28.22,17,17,0,1.09,1.00,1.10,27.86,17,17,0,0.22,0.20,0.30,27.43,17,17,0
87024,0.39,0.30,0.40,28.19,17,17,0,0.01,-0.10,0.10,27.72,17,17,0,0.37,0.30,0.40,28.03,17,17,0,0.75,0.20,1.20,27.32,17,0,0,0.13,0.10,0.20,28.23,17,17,0,1.09,1.00,1.10,27.85,17,17,0,0.23,0.20,0.30,27.42,17,17,0
87524,0.40,0.40,0.40,28.18,17,17,0,-0.01,-0.10,0.10,27.73,17,17,0,0.36,0.30,0.40,28.03,17,17,0,0.71,0.30,1.00,27.32,17,0,0,0.11,0.10,0.20,28.22,17,17,0,1.08,1.00,1.10,27.86,17,17,0,0.24,0.20,0.30,27.44,17,17,0
88024,0.39,0.30,0.40,28.20,17,17,0,0.03,-0.10,0.10,27.73,17,17,0,0.34,0.30,0.40,28.04,17,17,0,0.86,0.50,1.30,27.30,17,0,0,0.13,0.10,0.20,28.26,17,17,0,1.08,1.00,1.10,27.85,17,17,0,0.24,0.20,0.30,27.43,17,17,0
88524,0.38,0.30,0.40,28.22,17,17,0,0.01,-0.10,0.10,27.73,17,17,0,0.36,0.30,0.40,28.02,17,17,0,0.86,0.60,1.10,27.31,17,0,0,0.11,0.10,0.20,28.25,17,17,0,1.10,1.10,1.10,27.87,17,17,0,0.26,0.20,0.30,27.44,17,17,0
89024,0.39,0.30,0.40,28.20,17,17,0,0.01,-0.10,0.10,27.73,17,17,0,0.34,0.30,0.40,28.04,17,17,0,0.96,0.10,2.30,27.34,17,0,0,0.13,0.10,0.20,28.24,17,17,0,1.08,1.00,1.10,27.88,17,17,0,0.24,0.20,0.30,27.46,17,17,0
89531,0.39,0.30,0.40,28.21,17,17,0,0.02,0.00,0.10,27.72,17,17,0,0.38,0.30,0.40,28.04,17,17,0,0.78,-0.60,1.80,27.34,17,0,0,0.14,0.10,0.20,28.25,17,17,0,1.09,1.00,1.10,27.86,17,17,0,0.24,0.20,0.30,27.44,17,17,0
90031,0.38,0.30,0.40,28.22,17,17,0,0.01,-0.10,0.10,27.73,17,17,0,0.36,0.30,0.40,28.04,17,17,0,0.78,-0.10,1.70,27.33,17,0,0,0.10,0.00,0.20,28.25,17,17,0,1.09,1.00,1.10,27.87,17,17,0,0.25,0.20,0.30,27.44,17,17,0
90543,0.39,0.30,0.40,28.23,18,18,0,0.02,-0.10,0.10,27.75,18,18,0,0.36,0.30,0.40,28.04,18,18,0,0.75,0.10,1.30,27.34,18,0,0,0.12,0.10,0.20,28.25,18,18,0,1.08,1.00,1.10,27.89,18,18,0,0.24,0.20,0.30,27.45,18,18,0
91053,0.37,0.30,0.40,28.23,18,18,0,0.00,-0.10,0.10,27.75,18,18,0,0.37,0.30,0.40,28.04,18,18,0,0.79,0.30,1.10,27.32,18,0,0,0.11,0.10,0.20,28.27,18,18,0,1.09,1.00,1.10,27.89,18,18,0,0.25,0.20,0.30,27.45,18,18,0
91559,0.40,0.40,0.40,28.23,18,18,0,0.02,-0.10,0.10,27.75,18,18,0,0.36,0.30,0.40,28.05,18,18,0,0.73,0.50,0.90,27.35,18,0,0,0.13,0.10,0.20,28.25,18,18,0,1.10,1.10,1.10,27.89,18,18,0,0.24,0.20,0.30,27.46,18,18,0
92059,0.39,0.30,0.40,28.23,17,17,0,0.02,-0.10,0.10,27.77,17,17,0,0.35,0.30,0.40,28.06,17,17,0,0.56,0.40,0.70,27.34,17,0,0,0.11,0.10,0.20,28.28,17,17,0,1.07,1.00,1.10,27.90,17,17,0,0.23,0.20,0.30,27.46,17,17,0
92572,0.39,0.30,0.40,28.24,18,18,0,0.02,0.00,0.10,27.76,18,18,0,0.37,0.30,0.40,28.04,18,18,0,0.59,0.30,0.90,27.34,18,0,0,0.12,0.10,0.20,28.27,18,18,0,1.08,1.00,1.10,27.89,18,18,0,0.23,0.20,0.30,27.46,18,18,0
93072,0.39,0.30,0.40,28.24,18,18,0,0.01,-0.10,0.10,27.76,18,18,0,0.36,0.30,0.40,28.06,18,18,0,0.52,0.20,0.80,27.36,18,0,0,0.12,0.10,0.20,28.27,18,18,0,1.09,1.00,1.10,27.91,18,18,0,0.27,0.20,0.30,27.48,18,18,0
93580,0.39,0.30,0.40,28.26,17,17,0,0.00,-0.10,0.10,27.77,17,17,0,0.35,0.30,0.40,28.05,17,17,0,0.54,0.30,0.70,27.37,17,0,0,0.13,0.10,0.20,28.28,17,17,0,1.09,1.00,1.10,27.91,17,17,0,0.23,0.20,0.30,27.49,17,17,0
94080,0.39,0.30,0.40,28.28,17,17,0,0.01,-0.10,0.10,27.78,17,17,0,0.37,0.30,0.40,28.08,17,17,0,0.60,0.20,0.90,27.35,17,0,0,0.14,0.10,0.20,28.29,17,17,0,1.07,1.00,1.10,27.89,17,17,0,0.23,0.20,0.30,27.49,17,17,0
94581,0.39,0.30,0.40,28.26,17,17,0,-0.01,-0.10,0.10,27.77,17,17,0,0.36,0.30,0.40,28.08,17,17,0,0.67,0.50,0.90,27.37,17,0,0,0.11,0.10,0.20,28.28,17,17,0,1.08,1.00,1.10,27.90,17,17,0,0.25,0.20,0.30,27.49,17,17,0
95081,0.39,0.30,0.40,28.26,17,17,0,0.01,-0.10,0.10,27.78,17,17,0,0.35,0.30,0.40,28.08,17,17,0,0.71,0.50,1.00,27.37,17,0,0,0.12,0.10,0.20,28.30,17,17,0,1.09,1.00,1.10,27.91,17,17,0,0.22,0.20,0.30,27.49,17,17,0
95581,0.39,0.30,0.40,28.27,17,17,0,0.01,-0.10,0.10,27.78,17,17,0,0.36,0.30,0.40,28.07,17,17,0,0.79,0.50,1.20,27.37,17,0,0,0.12,0.10,0.20,28.27,17,17,0,1.09,1.00,1.10,27.91,17,17,0,0.23,0.20,0.30,27.49,17,17,0
96081,0.39,0.30,0.40,28.27,17,17,0,0.01,0.00,0.10,27.79,17,17,0,0.35,0.30,0.40,28.07,17,17,0,0.91,0.60,1.20,27.38,17,0,0,0.12,0.10,0.20,28.29,17,17,0,1.09,1.00,1.10,27.92,17,17,0,0.23,0.20,0.30,27.48,17,17,0
96581,0.38,0.30,0.40,28.28,17,17,0,0.02,-0.10,0.10,27.79,17,17,0,0.34,0.30,0.40,28.09,17,17,0,0.91,0.70,1.10,27.38,17,0,0,0.12,0.10,0.20,28.29,17,17,0,1.08,1.00,1.10,27.92,17,17,0,0.25,0.20,0.30,27.51,17,17,0
97081,0.39,0.30,0.40,28.26,17,17,0,-0.01,-0.10,0.10,27.80,17,17,0,0.37,0.30,0.40,28.08,17,17,0,0.88,0.50,1.20,27.37,17,0,0,0.12,0.10,0.20,28.29,17,17,0,1.09,1.00,1.10,27.93,17,17,0,0.22,0.20,0.30,27.50,17,17,0
97581,0.38,0.30,0.40,28.28,17,17,0,0.01,-0.10,0.10,27.81,17,17,0,0.36,0.30,0.40,28.07,17,17,0,0.78,0.40,1.10,27.39,17,0,0,0.14,0.10,0.20,28.30,17,17,0,1.08,1.00,1.10,27.93,17,17,0,0.24,0.20,0.30,27.50,17,17,0
98081,0.39,0.30,0.40,28.28,17,17,0,0.01,-0.10,0.10,27.80,17,17,0,0.39,0.30,0.40,28.08,17,17,0,0.78,-1.90,3.70,27.39,17,0,0,0.11,0.10,0.20,28.30,17,17,0,1.10,1.10,1.10,27.93,17,17,0,0.23,0.20,0.30,27.51,17,17,0
98592,0.39,0.30,0.40,28.28,18,18,0,-0.01,-0.10,0.10,27.80,18,18,0,0.33,0.30,0.40,28.09,18,18,0,0.81,-1.70,6.40,27.40,18,0,0,0.12,0.10,0.20,28.30,18,18,0,1.08,1.00,1.10,27.94,18,18,0,0.24,0.20,0.30,27.50,18,18,0
99094,0.40,0.40,0.40,28.29,17,17,0,0.02,-0.10,0.10,27.82,17,17,0,0.38,0.30,0.40,28.10,17,17,0,0.91,-1.30,2.80,27.40,17,0,0,0.13,0.10,0.20,28.32,17,17,0,1.07,1.00,1.10,27.93,17,17,0,0.25,0.20,0.30,27.50,17,17,0
99604,0.40,0.40,0.40,28.30,17,17,0,-0.01,-0.10,0.00,27.81,17,17,0,0.36,0.30,0.40,28.10,17,17,0,0.84,-0.80,2.50,27.40,17,0,0,0.11,0.10,0.20,28.31,17,17,0,1.08,1.00,1.10,27.94,17,17,0,0.24,0.20,0.30,27.51,17,17,0
100109,0.40,0.40,0.40,28.30,17,17,0,0.00,-0.10,0.10,27.80,17,17,0,0.36,0.30,0.40,28.11,17,17,0,0.76,-0.30,1.80,27.42,17,0,0,0.11,0.10,0.20,28.32,17,17,0,1.08,1.00,1.10,27.95,17,17,0,0.24,0.20,0.30,27.51,17,17,0
100609,0.38,0.30,0.40,28.31,17,17,0,0.01,-0.10,0.10,27.82,17,17,0,0.36,0.30,0.40,28.12,17,17,0,0.74,0.00,1.10,27.40,17,0,0,0.13,0.10,0.20,28.32,17,17,0,1.09,1.00,1.10,27.95,17,17,0,0.25,0.20,0.30,27.52,17,17,0
101109,0.39,0.30,0.40,28.30,17,17,0,0.00,-0.10,0.10,27.81,17,17,0,0.36,0.30,0.40,28.10,17,17,0,0.70,0.20,1.30,27.41,17,0,0,0.11,0.10,0.20,28.33,17,17,0,1.09,1.00,1.10,27.94,17,17,0,0.25,0.20,0.30,27.53,17,17,0
101618,0.38,0.30,0.40,28.30,18,18,0,0.01,-0.10,0.10,27.83,18,18,0,0.36,0.30,0.40,28.11,18,18,0,0.67,0.20,1.10,27.43,18,0,0,0.12,0.10,0.20,28.34,18,18,0,1.09,1.00,1.10,27.97,18,18,0,0.26,0.20,0.30,27.53,18,18,0
102124,0.38,0.30,0.40,28.31,18,18,0,-0.02,-0.10,0.00,27.82,18,18,0,0.36,0.30,0.40,28.11,18,18,0,0.67,0.50,0.90,27.41,18,0,0,0.12,0.10,0.20,28.34,18,18,0,1.09,1.00,1.10,27.94,18,18,0,0.24,0.20,0.30,27.55,18,18,0
102624,0.38,0.30,0.40,28.31,17,17,0,-0.01,-0.10,0.10,27.83,17,17,0,0.36,0.30,0.40,28.13,17,17,0,0.55,0.40,0.70,27.43,17,0,0,0.12,0.10,0.20,28.34,17,17,0,1.08,1.00,1.10,27.96,17,17,0,0.24,0.20,0.30,27.54,17,17,0
103131,0.39,0.30,0.40,28.32,17,17,0,0.01,-0.10,0.10,27.83,17,17,0,0.36,0.30,0.40,28.10,17,17,0,0.58,0.30,0.80,27.42,17,0,0,0.13,0.10,0.20,28.33,17,17,0,1.08,1.00,1.10,27.97,17,17,0,0.24,0.20,0.30,27.54,17,17,0
103631,0.39,0.30,0.40,28.32,17,17,0,-0.01,-0.10,0.10,27.84,17,17,0,0.36,0.30,0.40,28.12,17,17,0,0.78,0.40,1.10,27.44,17,0,0,0.11,0.10,0.20,28.34,17,17,0,1.09,1.00,1.10,27.97,17,17,0,0.27,0.20,0.30,27.56,17,17,0
104139,0.39,0.30,0.40,28.33,17,17,0,-0.01,-0.10,0.10,27.84,17,17,0,0.33,0.30,0.40,28.13,17,17,0,0.81,0.50,1.10,27.43,17,0,0,0.11,0.10,0.20,28.35,17,17,0,1.08,1.00,1.10,27.95,17,17,0,0.24,0.20,0.30,27.54,17,17,0
104639,0.36,0.30,0.40,28.33,17,17,0,-0.01,-0.10,0.00,27.84,17,17,0,0.35,0.30,0.40,28.14,17,17,0,0.64,0.50,0.80,27.44,17,0,0,0.12,0.10,0.20,28.36,17,17,0,1.08,1.00,1.10,27.97,17,17,0,0.24,0.20,0.30,27.55,17,17,0
105139,0.40,0.40,0.40,28.33,17,17,0,0.00,-0.10,0.10,27.84,17,17,0,0.36,0.30,0.40,28.12,17,17,0,0.66,0.40,0.90,27.44,17,0,0,0.12,0.10,0.20,28.36,17,17,0,1.08,1.00,1.10,27.98,17,17,0,0.26,0.20,0.30,27.55,17,17,0
105645,0.39,0.30,0.40,28.32,17,17,0,-0.01,-0.10,0.10,27.84,17,17,0,0.38,0.30,0.40,28.14,17,17,0,0.69,0.50,0.90,27.44,17,0,0,0.11,0.10,0.20,28.34,17,17,0,1.08,1.00,1.10,27.97,17,17,0,0.24,0.20,0.30,27.57,17,17,0
106145,0.39,0.30,0.40,28.33,17,17,0,0.01,-0.10,0.10,27.85,17,17,0,0.35,0.30,0.40,28.13,17,17,0,0.78,0.60,1.00,27.44,17,0,0,0.15,0.10,0.20,28.35,17,17,0,1.08,1.00,1.10,27.97,17,17,0,0.24,0.20,0.30,27.56,17,17,0
106652,0.39,0.30,0.40,28.34,17,17,0,-0.01,-0.10,0.10,27.86,17,17,0,0.33,0.30,0.40,28.13,17,17,0,0.79,0.60,1.00,27.45,17,0,0,0.10,0.10,0.10,28.35,17,17,0,1.09,1.00,1.10,27.97,17,17,0,0.25,0.20,0.30,27.57,17,17,0
107158,0.39,0.30,0.40,28.34,17,17,0,0.01,-0.10,0.10,27.85,17,17,0,0.34,0.30,0.40,28.14,17,17,0,0.78,0.60,1.00,27.45,17,0,0,0.11,0.10,0.20,28.36,17,17,0,1.08,1.00,1.10,27.98,17,17,0,0.26,0.20,0.30,27.56,17,17,0
107658,0.39,0.30,0.40,28.35,17,17,0,-0.02,-0.10,0.00,27.87,17,17,0,0.34,0.30,0.40,28.14,17,17,0,0.78,0.60,1.10,27.46,17,0,0,0.13,0.10,0.20,28.37,17,17,0,1.08,1.00,1.10,27.99,17,17,0,0.25,0.20,0.30,27.57,17,17,0
108158,0.38,0.30,0.40,28.34,18,18,0,0.01,-0.10,0.10,27.86,18,18,0,0.34,0.30,0.40,28.14,18,18,0,0.70,0.50,0.90,27.46,18,0,0,0.14,0.10,0.20,28.37,18,18,0,1.08,1.00,1.10,27.98,18,18,0,0.22,0.20,0.30,27.57,18,18,0
108658,0.39,0.30,0.40,28.36,17,17,0,0.01,-0.10,0.10,27.86,17,17,0,0.33,0.30,0.40,28.15,17,17,0,0.66,0.30,0.90,27.46,17,0,0,0.11,0.10,0.20,28.37,17,17,0,1.09,1.00,1.10,28.00,17,17,0,0.24,0.20,0.30,27.58,17,17,0
109161,0.40,0.40,0.40,28.35,17,17,0,0.01,-0.10,0.10,27.87,17,17,0,0.35,0.30,0.40,28.15,17,17,0,0.68,0.50,0.90,27.46,17,0,0,0.11,0.10,0.20,28.36,17,17,0,1.09,1.00,1.10,27.99,17,17,0,0.25,0.20,0.30,27.58,17,17,0
109672,0.37,0.30,0.40,28.35,18,18,0,-0.02,-0.10,0.00,27.87,18,18,0,0.35,0.30,0.40,28.14,18,18,0,0.58,0.20,0.80,27.45,18,0,0,0.13,0.10,0.20,28.39,18,18,0,1.08,1.00,1.10,28.00,18,18,0,0.26,0.20,0.30,27.59,18,18,0
110172,0.38,0.30,0.40,28.36,17,17,0,-0.01,-0.10,0.10,27.89,17,17,0,0.34,0.30,0.40,28.16,17,17,0,0.76,0.50,1.00,27.49,17,0,0,0.13,0.10,0.20,28.39,17,17,0,1.09,1.00,1.10,28.00,17,17,0,0.24,0.20,0.30,27.58,17,17,0
110672,0.39,0.30,0.40,28.37,16,16,0,-0.01,-0.10,0.10,27.88,16,16,0,0.34,0.30,0.40,28.16,16,16,0,0.84,0.70,1.00,27.47,16,0,0,0.13,0.10,0.20,28.39,16,16,0,1.08,1.00,1.10,27.99,16,16,0,0.24,0.20,0.30,27.60,16,16,0
111181,0.39,0.30,0.40,28.38,18,18,0,-0.01,-0.10,0.10,27.88,18,18,0,0.36,0.30,0.40,28.17,18,18,0,0.84,0.70,1.00,27.49,18,0,0,0.12,0.10,0.20,28.38,18,18,0,1.09,1.00,1.10,28.00,18,18,0,0.25,0.20,0.30,27.59,18,18,0
111681,0.38,0.30,0.40,28.36,17,17,0,0.01,0.00,0.10,27.87,17,17,0,0.32,0.30,0.40,28.16,17,17,0,0.93,0.60,1.10,27.48,17,0,0,0.12,0.10,0.20,28.39,17,17,0,1.07,1.00,1.10,28.02,17,17,0,0.24,0.20,0.30,27.60,17,17,0
112187,0.38,0.30,0.40,28.37,17,17,0,0.01,0.00,0.10,27.88,17,17,0,0.35,0.30,0.40,28.17,17,17,0,0.98,0.70,1.20,27.48,17,0,0,0.12,0.10,0.20,28.40,17,17,0,1.08,1.00,1.10,28.00,17,17,0,0.22,0.20,0.30,27.59,17,17,0
112687,0.38,0.30,0.40,28.38,17,17,0,0.00,-0.10,0.10,27.88,17,17,0,0.38,0.30,0.40,28.17,17,17,0,0.98,0.60,1.30,27.49,17,0,0,0.10,0.10,0.10,28.40,17,17,0,1.08,1.00,1.10,28.01,17,17,0,0.24,0.20,0.30,27.60,17,17,0
113193,0.38,0.30,0.40,28.36,18,18,0,0.01,-0.10,0.10,27.90,18,18,0,0.37,0.30,0.40,28.16,18,18,0,0.94,-0.10,2.60,27.47,18,0,0,0.11,0.00,0.20,28.41,18,18,0,1.09,1.00,1.10,28.02,18,18,0,0.25,0.20,0.30,27.61,18,18,0
113693,0.40,0.40,0.40,28.39,17,17,0,0.02,0.00,0.10,27.88,17,17,0,0.37,0.30,0.40,28.19,17,17,0,0.83,-0.30,2.00,27.49,17,0,0,0.13,0.10,0.20,28.40,17,17,0,1.09,1.00,1.10,28.01,17,17,0,0.24,0.20,0.30,27.59,17,17,0
114193,0.39,0.30,0.40,28.38,17,17,0,0.02,-0.10,0.10,27.89,17,17,0,0.34,0.30,0.40,28.18,17,17,0,0.95,0.10,1.80,27.50,17,0,0,0.12,0.10,0.20,28.41,17,17,0,1.08,1.00,1.10,28.02,17,17,0,0.24,0.20,0.30,27.61,17,17,0
114693,0.39,0.30,0.40,28.39,17,17,0,-0.01,-0.10,0.10,27.89,17,17,0,0.36,0.30,0.40,28.17,17,17,0,1.02,0.40,1.70,27.50,17,0,0,0.13,0.10,0.20,28.42,17,17,0,1.09,1.00,1.10,28.04,17,17,0,0.26,0.20,0.30,27.63,17,17,0
115201,0.37,0.30,0.40,28.38,17,17,0,0.01,-0.10,0.10,27.89,17,17,0,0.37,0.30,0.40,28.20,17,17,0,1.00,0.20,1.80,27.52,17,0,0,0.11,0.10,0.20,28.43,17,17,0,1.09,1.00,1.10,28.03,17,17,0,0.26,0.20,0.30,27.61,17,17,0
115701,0.38,0.30,0.40,28.40,17,17,0,0.02,-0.10,0.10,27.89,17,17,0,0.35,0.30,0.40,28.19,17,17,0,0.99,0.60,1.50,27.51,17,0,0,0.11,0.10,0.20,28.41,17,17,0,1.08,1.00,1.10,28.03,17,17,0,0.24,0.20,0.30,27.63,17,17,0
116201,0.37,0.30,0.40,28.39,17,17,0,-0.02,-0.10,0.10,27.92,17,17,0,0.35,0.30,0.40,28.19,17,17,0,1.04,-0.10,1.80,27.48,17,0,0,0.12,0.10,0.20,28.42,17,17,0,1.07,1.00,1.10,28.03,17,17,0,0.25,0.20,0.30,27.62,17,17,0
116701,0.40,0.40,0.40,28.40,17,17,0,0.01,-0.10,0.10,27.91,17,17,0,0.35,0.30,0.40,28.19,17,17,0,1.01,0.70,1.40,27.51,17,0,0,0.12,0.10,0.20,28.40,17,17,0,1.09,1.00,1.10,28.02,17,17,0,0.26,0.20,0.30,27.63,17,17,0
117205,0.39,0.30,0.40,28.39,17,17,0,0.02,-0.10,0.10,27.90,17,17,0,0.35,0.30,0.40,28.20,17,17,0,0.82,0.40,1.10,27.51,17,0,0,0.13,0.10,0.20,28.43,17,17,0,1.06,1.00,1.10,28.04,17,17,0,0.24,0.20,0.30,27.64,17,17,0
117711,0.38,0.30,0.40,28.40,17,17,0,-0.01,-0.10,0.10,27.91,17,17,0,0.35,0.30,0.40,28.20,17,17,0,0.80,0.50,1.10,27.53,17,0,0,0.11,0.10,0.20,28.44,17,17,0,1.08,1.00,1.10,28.04,17,17,0,0.26,0.20,0.30,27.64,17,17,0
118211,0.39,0.30,0.40,28.41,17,17,0,0.01,-0.10,0.10,27.92,17,17,0,0.36,0.30,0.40,28.20,17,17,0,0.87,0.70,1.10,27.53,17,0,0,0.11,0.10,0.20,28.42,17,17,0,1.08,1.00,1.10,28.04,17,17,0,0.25,0.20,0.30,27.63,17,17,0
118713,0.38,0.30,0.40,28.40,17,17,0,-0.01,-0.10,0.10,27.92,17,17,0,0.34,0.30,0.40,28.19,17,17,0,0.96,0.80,1.10,27.53,17,0,0,0.13,0.10,0.20,28.44,17,17,0,1.10,1.10,1.10,28.04,17,17,0,0.25,0.20,0.30,27.63,17,17,0
119219,0.38,0.30,0.40,28.41,17,17,0,-0.01,-0.10,0.10,27.92,17,17,0,0.34,0.30,0.40,28.20,17,17,0,1.00,0.60,1.20,27.52,17,0,0,0.11,0.10,0.20,28.44,17,17,0,1.08,1.00,1.10,28.05,17,17,0,0.26,0.20,0.30,27.62,17,17,0
119719,0.38,0.30,0.40,28.42,17,17,0,-0.01,-0.10,0.10,27.92,17,17,0,0.35,0.30,0.40,28.20,17,17,0,1.01,0.70,1.30,27.53,17,0,0,0.13,0.10,0.20,28.45,17,17,0,1.08,1.00,1.10,28.04,17,17,0,0.24,0.20,0.30,27.65,17,17,0
120219,0.38,0.30,0.40,28.42,17,17,0,-0.02,-0.10,0.10,27.93,17,17,0,0.36,0.30,0.40,28.20,17,17,0,0.92,0.60,1.10,27.52,17,0,0,0.12,0.10,0.20,28.46,17,17,0,1.09,1.00,1.10,28.06,17,17,0,0.24,0.20,0.30,27.64,17,17,0
120719,0.39,0.30,0.40,28.42,17,17,0,0.02,-0.10,0.10,27.92,17,17,0,0.36,0.30,0.40,28.20,17,17,0,0.92,0.60,1.20,27.53,17,0,0,0.11,0.10,0.20,28.45,17,17,0,1.08,1.00,1.10,28.04,17,17,0,0.24,0.20,0.30,27.63,17,17,0
121219,0.36,0.30,0.40,28.42,17,17,0,0.01,-0.10,0.10,27.93,17,17,0,0.34,0.30,0.40,28.19,17,17,0,0.78,0.60,1.10,27.52,17,0,0,0.11,0.10,0.20,28.45,17,17,0,1.08,1.00,1.10,28.06,17,17,0,0.24,0.20,0.30,27.65,17,17,0
121719,0.39,0.30,0.40,28.42,17,17,0,-0.01,-0.10,0.10,27.93,17,17,0,0.34,0.30,0.40,28.21,17,17,0,0.84,0.30,1.60,27.52,17,0,0,0.14,0.10,0.20,28.44,17,17,0,1.09,1.00,1.10,28.06,17,17,0,0.25,0.20,0.30,27.65,17,17,0
122231,0.38,0.30,0.40,28.43,17,17,0,-0.01,-0.10,0.10,27.94,17,17,0,0.35,0.30,0.40,28.22,17,17,0,0.82,-0.20,1.60,27.53,17,0,0,0.14,0.10,0.20,28.46,17,17,0,1.09,1.00,1.10,28.06,17,17,0,0.25,0.20,0.30,27.66,17,17,0
122731,0.39,0.30,0.40,28.45,17,17,0,-0.01,-0.10,0.10,27.93,17,17,0,0.36,0.30,0.40,28.22,17,17,0,0.78,0.30,1.50,27.55,17,0,0,0.13,0.10,0.20,28.47,17,17,0,1.08,1.00,1.10,28.07,17,17,0,0.26,0.20,0.30,27.67,17,17,0
123231,0.38,0.30,0.40,28.43,17,17,0,-0.02,-0.10,0.10,27.95,17,17,0,0.36,0.30,0.40,28.22,17,17,0,0.82,0.40,1.30,27.54,17,0,0,0.11,0.10,0.20,28.45,17,17,0,1.08,1.00,1.10,28.08,17,17,0,0.26,0.20,0.30,27.66,17,17,0
123743,0.39,0.30,0.40,28.42,18,18,0,-0.01,-0.10,0.10,27.93,18,18,0,0.34,0.30,0.40,28.21,18,18,0,0.68,0.20,1.20,27.54,18,0,0,0.12,0.10,0.20,28.46,18,18,0,1.07,1.00,1.10,28.08,18,18,0,0.26,0.20,0.30,27.67,18,18,0
124243,0.38,0.30,0.40,28.44,17,17,0,0.00,-0.10,0.10,27.95,17,17,0,0.35,0.30,0.40,28.23,17,17,0,0.72,0.40,1.30,27.56,17,0,0,0.12,0.10,0.20,28.45,17,17,0,1.08,1.00,1.10,28.06,17,17,0,0.24,0.20,0.30,27.67,17,17,0
124743,0.38,0.30,0.40,28.44,17,17,0,0.00,-0.10,0.10,27.95,17,17,0,0.37,0.30,0.40,28.23,17,17,0,0.71,0.10,1.30,27.57,17,0,0,0.11,0.10,0.20,28.47,17,17,0,1.09,1.00,1.10,28.08,17,17,0,0.24,0.20,0.30,27.65,17,17,0
125256,0.38,0.30,0.40,28.45,18,18,0,0.00,-0.10,0.10,27.95,18,18,0,0.34,0.30,0.40,28.22,18,18,0,0.64,0.30,1.00,27.55,18,0,0,0.13,0.10,0.20,28.47,18,18,0,1.06,1.00,1.10,28.08,18,18,0,0.24,0.20,0.30,27.68,18,18,0
125756,0.36,0.30,0.40,28.46,17,17,0,0.00,-0.10,0.10,27.94,17,17,0,0.35,0.30,0.40,28.23,17,17,0,0.74,0.20,1.40,27.55,17,0,0,0.11,0.10,0.20,28.46,17,17,0,1.07,1.00,1.10,28.08,17,17,0,0.23,0.20,0.30,27.67,17,17,0
126266,0.39,0.30,0.40,28.44,18,18,0,0.02,-0.10,0.10,27.96,18,18,0,0.32,0.30,0.40,28.22,18,18,0,0.87,-0.10,1.80,27.55,18,0,0,0.12,0.10,0.20,28.49,18,18,0,1.08,1.00,1.10,28.10,18,18,0,0.26,0.20,0.30,27.68,18,18,0
126769,0.39,0.30,0.40,28.47,17,17,0,0.00,-0.10,0.10,27.96,17,17,0,0.36,0.30,0.40,28.23,17,17,0,0.95,0.40,1.50,27.55,17,0,0,0.14,0.10,0.20,28.47,17,17,0,1.09,1.00,1.10,28.08,17,17,0,0.23,0.20,0.30,27.68,17,17,0
127270,0.39,0.30,0.40,28.45,17,17,0,-0.02,-0.10,0.10,27.95,17,17,0,0.34,0.30,0.40,28.23,17,17,0,1.05,-2.40,4.80,27.56,17,0,0,0.11,0.10,0.20,28.47,17,17,0,1.08,1.00,1.10,28.09,17,17,0,0.22,0.20,0.30,27.68,17,17,0
127774,0.39,0.30,0.40,28.45,17,17,0,0.01,-0.10,0.10,27.97,17,17,0,0.35,0.30,0.40,28.24,17,17,0,0.93,-0.70,2.50,27.56,17,0,0,0.11,0.10,0.20,28.47,17,17,0,1.09,1.00,1.10,28.09,17,17,0,0.23,0.20,0.30,27.68,17,17,0
128282,0.39,0.30,0.40,28.45,17,17,0,0.01,-0.10,0.10,27.95,17,17,0,0.35,0.30,0.40,28.24,17,17,0,0.92,-1.30,2.30,27.57,17,0,0,0.12,0.10,0.20,28.48,17,17,0,1.06,1.00,1.10,28.09,17,17,0,0.24,0.20,0.30,27.70,17,17,0
128782,0.38,0.30,0.40,28.45,17,17,0,-0.01,-0.10,0.10,27.94,17,17,0,0.34,0.30,0.40,28.24,17,17,0,0.91,-0.80,3.40,27.57,17,0,0,0.12,0.00,0.20,28.49,17,17,0,1.07,1.00,1.10,28.10,17,17,0,0.25,0.20,0.30,27.69,17,17,0
129282,0.38,0.30,0.40,28.47,17,17,0,-0.01,-0.10,0.10,27.96,17,17,0,0.34,0.30,0.40,28.26,17,17,0,0.72,0.20,1.50,27.56,17,0,0,0.12,0.10,0.20,28.48,17,17,0,1.09,1.00,1.10,28.11,17,17,0,0.24,0.20,0.30,27.68,17,17,0
129783,0.38,0.30,0.40,28.47,17,17,0,-0.03,-0.10,0.00,27.96,17,17,0,0.35,0.30,0.40,28.24,17,17,0,0.59,0.30,0.90,27.57,17,0,0,0.11,0.10,0.20,28.49,17,17,0,1.08,1.00,1.10,28.10,17,17,0,0.24,0.20,0.30,27.70,17,17,0
130296,0.40,0.40,0.40,28.45,18,18,0,0.02,-0.10,0.10,27.95,18,18,0,0.34,0.30,0.40,28.25,18,18,0,0.72,0.30,1.00,27.57,18,0,0,0.11,0.10,0.20,28.49,18,18,0,1.09,1.00,1.10,28.11,18,18,0,0.23,0.20,0.30,27.71,18,18,0
130798,0.38,0.30,0.40,28.47,17,17,0,-0.03,-0.10,0.10,27.99,17,17,0,0.32,0.30,0.40,28.24,17,17,0,0.71,0.50,0.90,27.58,17,0,0,0.13,0.10,0.20,28.49,17,17,0,1.10,1.10,1.10,28.11,17,17,0,0.24,0.20,0.30,27.70,17,17,0
131298,0.37,0.30,0.40,28.48,17,17,0,0.00,-0.10,0.10,27.98,17,17,0,0.35,0.30,0.40,28.25,17,17,0,0.86,0.60,1.20,27.58,17,0,0,0.12,0.10,0.20,28.50,17,17,0,1.09,1.00,1.10,28.12,17,17,0,0.23,0.20,0.30,27.71,17,17,0
131802,0.38,0.30,0.40,28.49,17,17,0,0.00,-0.10,0.10,27.98,17,17,0,0.32,0.30,0.40,28.23,17,17,0,0.85,0.50,1.20,27.59,17,0,0,0.11,0.10,0.20,28.50,17,17,0,1.09,1.00,1.10,28.09,17,17,0,0.22,0.20,0.30,27.71,17,17,0
132302,0.39,0.30,0.40,28.46,17,17,0,-0.01,-0.10,0.10,27.97,17,17,0,0.32,0.30,0.40,28.25,17,17,0,0.82,0.20,1.00,27.60,17,0,0,0.12,0.10,0.20,28.50,17,17,0,1.07,1.00,1.10,28.12,17,17,0,0.21,0.20,0.30,27.71,17,17,0
132802,0.39,0.30,0.40,28.48,17,17,0,0.01,-0.10,0.10,27.99,17,17,0,0.33,0.30,0.40,28.25,17,17,0,0.83,0.30,1.50,27.60,17,0,0,0.11,0.00,0.20,28.51,17,17,0,1.07,1.00,1.10,28.11,17,17,0,0.25,0.20,0.30,27.70,17,17,0
133302,0.38,0.30,0.40,28.49,17,17,0,-0.01,-0.10,0.10,27.99,17,17,0,0.35,0.30,0.40,28.26,17,17,0,0.87,0.40,1.40,27.59,17,0,0,0.12,0.10,0.20,28.48,17,17,0,1.09,1.00,1.10,28.12,17,17,0,0.24,0.20,0.30,27.70,17,17,0
133802,0.39,0.30,0.40,28.50,17,17,0,-0.01,-0.10,0.10,27.97,17,17,0,0.34,0.30,0.40,28.26,17,17,0,0.79,0.20,1.50,27.58,17,0,0,0.11,0.10,0.20,28.51,17,17,0,1.08,1.00,1.10,28.12,17,17,0,0.25,0.20,0.30,27.72,17,17,0
134302,0.40,0.40,0.40,28.48,17,17,0,-0.02,-0.10,0.00,27.97,17,17,0,0.35,0.30,0.40,28.26,17,17,0,0.67,0.40,1.10,27.58,17,0,0,0.12,0.00,0.20,28.51,17,17,0,1.09,1.00,1.10,28.11,17,17,0,0.24,0.20,0.30,27.73,17,17,0
134802,0.38,0.30,0.40,28.50,17,17,0,0.01,0.00,0.10,27.99,17,17,0,0.35,0.30,0.40,28.26,17,17,0,0.82,0.00,1.60,27.61,17,0,0,0.12,0.10,0.20,28.51,17,17,0,1.09,1.00,1.10,28.11,17,17,0,0.24,0.20,0.30,27.72,17,17,0
135302,0.38,0.30,0.40,28.50,17,17,0,0.00,-0.10,0.10,28.00,17,17,0,0.35,0.30,0.40,28.26,17,17,0,0.75,-0.10,1.50,27.59,17,0,0,0.12,0.10,0.20,28.50,17,17,0,1.08,1.00,1.10,28.11,17,17,0,0.22,0.20,0.30,27.73,17,17,0
135802,0.40,0.40,0.40,28.49,17,17,0,0.00,-0.10,0.10,28.00,17,17,0,0.34,0.30,0.40,28.28,17,17,0,0.66,0.30,1.10,27.60,17,0,0,0.11,0.10,0.20,28.53,17,17,0,1.08,1.00,1.10,28.14,17,17,0,0.24,0.20,0.30,27.73,17,17,0
136302,0.39,0.30,0.40,28.51,17,17,0,0.00,-0.10,0.10,28.00,17,17,0,0.34,0.30,0.40,28.26,17,17,0,0.54,0.20,0.70,27.63,17,0,0,0.12,0.10,0.20,28.52,17,17,0,1.09,1.00,1.10,28.15,17,17,0,0.24,0.20,0.30,27.74,17,17,0
136802,0.39,0.30,0.40,28.51,17,17,0,0.00,-0.10,0.10,27.99,17,17,0,0.35,0.30,0.40,28.26,17,17,0,0.47,0.20,1.00,27.60,17,0,0,0.12,0.10,0.20,28.52,17,17,0,1.08,1.00,1.10,28.12,17,17,0,0.22,0.20,0.30,27.73,17,17,0
137313,0.39,0.30,0.40,28.50,18,18,0,0.02,0.00,0.10,28.01,18,18,0,0.34,0.30,0.40,28.27,18,18,0,0.59,0.20,1.00,27.61,18,0,0,0.11,0.10,0.20,28.53,18,18,0,1.07,1.00,1.10,28.13,18,18,0,0.22,0.20,0.30,27.75,18,18,0
137826,0.38,0.30,0.40,28.52,18,18,0,0.01,-0.10,0.10,28.01,18,18,0,0.34,0.30,0.40,28.27,18,18,0,0.51,0.10,0.80,27.62,18,0,0,0.11,0.10,0.20,28.52,18,18,0,1.08,1.00,1.10,28.14,18,18,0,0.22,0.20,0.30,27.73,18,18,0
138326,0.38,0.30,0.40,28.50,17,17,0,0.00,-0.10,0.10,28.00,17,17,0,0.34,0.30,0.40,28.27,17,17,0,0.46,0.20,0.80,27.62,17,0,0,0.12,0.10,0.20,28.53,17,17,0,1.09,1.00,1.10,28.13,17,17,0,0.25,0.20,0.30,27.75,17,17,0
138832,0.39,0.30,0.40,28.50,18,18,0,0.02,-0.10,0.10,28.00,18,18,0,0.33,0.30,0.40,28.27,18,18,0,0.42,-0.20,0.90,27.61,18,0,0,0.13,0.10,0.20,28.53,18,18,0,1.08,1.00,1.10,28.14,18,18,0,0.22,0.20,0.30,27.74,18,18,0
139332,0.38,0.30,0.40,28.50,17,17,0,-0.02,-0.10,0.10,28.02,17,17,0,0.32,0.30,0.40,28.28,17,17,0,0.42,-0.20,0.90,27.62,17,0,0,0.12,0.10,0.20,28.55,17,17,0,1.07,1.00,1.10,28.13,17,17,0,0.24,0.20,0.30,27.74,17,17,0
139845,0.38,0.30,0.40,28.52,18,18,0,0.02,-0.10,0.10,28.01,18,18,0,0.32,0.30,0.40,28.28,18,18,0,0.57,0.20,0.90,27.62,18,0,0,0.12,0.10,0.20,28.53,18,18,0,1.08,1.00,1.10,28.15,18,18,0,0.22,0.20,0.30,27.75,18,18,0
140345,0.38,0.30,0.40,28.50,17,17,0,-0.01,-0.10,0.10,28.03,17,17,0,0.34,0.30,0.40,28.28,17,17,0,0.66,0.30,1.10,27.62,17,0,0,0.14,0.10,0.20,28.55,17,17,0,1.09,1.00,1.10,28.15,17,17,0,0.25,0.20,0.30,27.74,17,17,0
140847,0.39,0.30,0.40,28.52,17,17,0,0.00,-0.10,0.10,28.03,17,17,0,0.32,0.30,0.40,28.29,17,17,0,0.60,0.10,1.00,27.63,17,0,0,0.12,0.10,0.20,28.53,17,17,0,1.09,1.00,1.10,28.16,17,17,0,0.24,0.20,0.30,27.76,17,17,0
141347,0.39,0.30,0.40,28.53,17,17,0,0.00,-0.10,0.10,28.00,17,17,0,0.32,0.30,0.40,28.28,17,17,0,0.66,0.50,0.80,27.62,17,0,0,0.13,0.10,0.20,28.54,17,17,0,1.09,1.00,1.10,28.15,17,17,0,0.22,0.20,0.30,27.74,17,17,0
141858,0.37,0.30,0.40,28.52,17,17,0,-0.01,-0.10,0.10,28.02,17,17,0,0.33,0.30,0.40,28.29,17,17,0,0.78,0.50,1.10,27.64,17,0,0,0.11,0.10,0.20,28.55,17,17,0,1.09,1.00,1.10,28.15,17,17,0,0.23,0.20,0.30,27.75,17,17,0
142358,0.37,0.30,0.40,28.54,17,17,0,0.02,0.00,0.10,28.02,17,17,0,0.32,0.30,0.40,28.30,17,17,0,0.76,0.30,1.30,27.63,17,0,0,0.12,0.10,0.20,28.55,17,17,0,1.07,1.00,1.10,28.15,17,17,0,0.23,0.20,0.30,27.76,17,17,0
142858,0.39,0.30,0.40,28.52,17,17,0,-0.01,-0.10,0.10,28.02,17,17,0,0.34,0.30,0.40,28.28,17,17,0,0.69,0.30,1.00,27.62,17,0,0,0.12,0.10,0.20,28.55,17,17,0,1.08,1.00,1.10,28.17,17,17,0,0.23,0.20,0.30,27.77,17,17,0
143358,0.38,0.30,0.40,28.53,17,17,0,0.00,-0.10,0.10,28.03,17,17,0,0.34,0.30,0.40,28.29,17,17,0,0.64,0.20,0.90,27.65,17,0,0,0.13,0.10,0.20,28.57,17,17,0,1.09,1.00,1.10,28.17,17,17,0,0.24,0.20,0.30,27.78,17,17,0
143858,0.37,0.30,0.40,28.53,17,17,0,-0.02,-0.10,0.00,28.02,17,17,0,0.35,0.30,0.40,28.30,17,17,0,0.79,0.60,1.10,27.63,17,0,0,0.11,0.10,0.20,28.55,17,17,0,1.08,1.00,1.10,28.16,17,17,0,0.22,0.20,0.30,27.76,17,17,0
144363,0.39,0.30,0.40,28.52,17,17,0,0.01,-0.10,0.10,28.05,17,17,0,0.34,0.30,0.40,28.31,17,17,0,0.83,0.50,1.20,27.64,17,0,0,0.11,0.10,0.20,28.56,17,17,0,1.07,1.00,1.10,28.17,17,17,0,0.22,0.20,0.30,27.76,17,17,0
144863,0.39,0.30,0.40,28.55,17,17,0,-0.02,-0.10,0.10,28.04,17,17,0,0.32,0.30,0.40,28.31,17,17,0,0.85,0.40,1.20,27.65,17,0,0,0.11,0.10,0.20,28.57,17,17,0,1.07,1.00,1.10,28.16,17,17,0,0.24,0.20,0.30,27.76,17,17,0
145363,0.36,0.30,0.40,28.54,17,17,0,0.04,0.00,0.10,28.04,17,17,0,0.34,0.30,0.40,28.30,17,17,0,0.85,0.60,1.10,27.64,17,0,0,0.12,0.10,0.20,28.57,17,17,0,1.09,1.00,1.10,28.18,17,17,0,0.24,0.20,0.30,27.77,17,17,0
145863,0.39,0.30,0.40,28.54,17,17,0,-0.02,-0.10,0.10,28.04,17,17,0,0.33,0.30,0.40,28.30,17,17,0,0.81,0.50,1.20,27.65,17,0,0,0.10,0.10,0.10,28.56,17,17,0,1.06,1.00,1.10,28.17,17,17,0,0.23,0.20,0.30,27.76,17,17,0
146363,0.38,0.30,0.40,28.53,17,17,0,-0.01,-0.10,0.10,28.03,17,17,0,0.34,0.30,0.40,28.31,17,17,0,0.82,0.40,1.20,27.64,17,0,0,0.11,0.10,0.20,28.56,17,17,0,1.08,1.00,1.10,28.14,17,17,0,0.22,0.20,0.30,27.76,17,17,0
146873,0.38,0.30,0.40,28.54,18,18,0,-0.01,-0.10,0.10,28.06,18,18,0,0.35,0.30,0.40,28.32,18,18,0,0.79,0.50,1.10,27.65,18,0,0,0.11,0.10,0.20,28.58,18,18,0,1.07,1.00,1.10,28.16,18,18,0,0.23,0.20,0.30,27.78,18,18,0
147386,0.39,0.30,0.40,28.55,18,18,0,-0.02,-0.10,0.10,28.04,18,18,0,0.34,0.30,0.40,28.31,18,18,0,0.77,0.30,1.20,27.65,18,0,0,0.11,0.10,0.20,28.56,18,18,0,1.08,1.00,1.10,28.17,18,18,0,0.21,0.20,0.30,27.77,18,18,0
147886,0.39,0.30,0.40,28.55,17,17,0,0.01,-0.10,0.10,28.04,17,17,0,0.34,0.30,0.40,28.29,17,17,0,0.69,0.50,0.90,27.65,17,0,0,0.12,0.10,0.20,28.57,17,17,0,1.06,1.00,1.10,28.18,17,17,0,0.22,0.20,0.30,27.77,17,17,0
148386,0.36,0.30,0.40,28.55,17,17,0,0.00,-0.10,0.10,28.03,17,17,0,0.32,0.30,0.40,28.31,17,17,0,0.78,0.60,1.10,27.65,17,0,0,0.12,0.10,0.20,28.57,17,17,0,1.08,1.00,1.10,28.18,17,17,0,0.22,0.20,0.30,27.77,17,17,0
148886,0.40,0.40,0.40,28.58,17,17,0,-0.01,-0.10,0.10,28.03,17,17,0,0.34,0.30,0.40,28.32,17,17,0,0.81,0.60,1.00,27.68,17,0,0,0.11,0.10,0.20,28.59,17,17,0,1.07,1.00,1.10,28.18,17,17,0,0.24,0.20,0.30,27.79,17,17,0
149386,0.39,0.30,0.40,28.57,18,18,0,-0.02,-0.10,0.10,28.05,18,18,0,0.33,0.30,0.40,28.32,18,18,0,0.79,0.40,1.20,27.68,18,0,0,0.13,0.10,0.20,28.57,18,18,0,1.08,1.00,1.10,28.19,18,18,0,0.23,0.20,0.30,27.78,18,18,0
149886,0.36,0.30,0.40,28.56,17,17,0,-0.01,-0.10,0.10,28.04,17,17,0,0.34,0.30,0.40,28.31,17,17,0,0.84,0.40,1.40,27.66,17,0,0,0.11,0.10,0.20,28.58,17,17,0,1.06,1.00,1.10,28.19,17,17,0,0.24,0.20,0.30,27.80,17,17,0
150396,0.39,0.30,0.40,28.55,18,18,0,0.01,-0.10,0.10,28.04,18,18,0,0.35,0.30,0.40,28.31,18,18,0,0.73,0.40,1.00,27.66,18,0,0,0.12,0.10,0.20,28.58,18,18,0,1.07,1.00,1.10,28.19,18,18,0,0.23,0.20,0.30,27.79,18,18,0
150901,0.40,0.40,0.40,28.57,17,17,0,-0.01,-0.10,0.10,28.06,17,17,0,0.34,0.30,0.40,28.33,17,17,0,0.78,0.50,1.20,27.67,17,0,0,0.11,0.10,0.20,28.58,17,17,0,1.08,1.00,1.10,28.19,17,17,0,0.24,0.20,0.30,27.81,17,17,0
151408,0.37,0.30,0.40,28.57,17,17,0,0.01,-0.10,0.10,28.06,17,17,0,0.32,0.30,0.40,28.32,17,17,0,0.94,0.60,1.30,27.68,17,0,0,0.11,0.10,0.20,28.60,17,17,0,1.07,1.00,1.10,28.19,17,17,0,0.24,0.20,0.30,27.80,17,17,0
151908,0.36,0.30,0.40,28.57,17,17,0,-0.01,-0.10,0.10,28.08,17,17,0,0.34,0.30,0.40,28.32,17,17,0,0.84,0.70,1.10,27.66,17,0,0,0.11,0.10,0.20,28.57,17,17,0,1.07,1.00,1.10,28.20,17,17,0,0.24,0.20,0.30,27.79,17,17,0
152408,0.38,0.30,0.40,28.56,17,17,0,-0.01,-0.10,0.10,28.06,17,17,0,0.32,0.30,0.40,28.32,17,17,0,0.87,0.50,1.10,27.67,17,0,0,0.10,0.10,0.10,28.59,17,17,0,1.06,1.00,1.10,28.20,17,17,0,0.23,0.20,0.30,27.81,17,17,0
152908,0.38,0.30,0.40,28.56,17,17,0,-0.02,-0.10,0.10,28.07,17,17,0,0.32,0.30,0.40,28.34,17,17,0,0.86,0.60,1.10,27.69,17,0,0,0.12,0.10,0.20,28.58,17,17,0,1.07,1.00,1.10,28.20,17,17,0,0.26,0.20,0.30,27.81,17,17,0
153408,0.38,0.30,0.40,28.56,17,17,0,-0.01,-0.10,0.10,28.05,17,17,0,0.34,0.30,0.40,28.33,17,17,0,0.82,0.60,1.10,27.69,17,0,0,0.12,0.10,0.20,28.61,17,17,0,1.07,1.00,1.10,28.21,17,17,0,0.24,0.20,0.30,27.80,17,17,0
153908,0.35,0.30,0.40,28.58,17,17,0,0.00,-0.10,0.10,28.07,17,17,0,0.34,0.30,0.40,28.32,17,17,0,0.78,0.60,1.00,27.68,17,0,0,0.12,0.10,0.20,28.61,17,17,0,1.08,1.00,1.10,28.22,17,17,0,0.24,0.20,0.30,27.82,17,17,0
154421,0.39,0.30,0.40,28.56,18,18,0,-0.01,-0.10,0.10,28.06,18,18,0,0.33,0.30,0.40,28.33,18,18,0,0.76,0.60,0.90,27.67,18,0,0,0.11,0.10,0.20,28.61,18,18,0,1.08,1.00,1.10,28.21,18,18,0,0.23,0.20,0.30,27.82,18,18,0
154921,0.38,0.30,0.40,28.57,17,17,0,0.00,-0.10,0.10,28.05,17,17,0,0.34,0.30,0.40,28.32,17,17,0,0.75,0.60,1.00,27.68,17,0,0,0.11,0.10,0.20,28.60,17,17,0,1.09,1.00,1.10,28.20,17,17,0,0.23,0.20,0.30,27.82,17,17,0
155421,0.39,0.30,0.40,28.58,17,17,0,-0.01,-0.10,0.10,28.06,17,17,0,0.35,0.30,0.40,28.34,17,17,0,0.75,0.50,1.00,27.68,17,0,0,0.12,0.10,0.20,28.60,17,17,0,1.08,1.00,1.10,28.18,17,17,0,0.24,0.20,0.30,27.82,17,17,0
155921,0.38,0.30,0.40,28.59,18,18,0,-0.00,-0.10,0.10,28.07,18,18,0,0.34,0.30,0.40,28.33,18,18,0,0.76,0.60,1.00,27.70,18,0,0,0.11,0.10,0.20,28.61,18,18,0,1.08,1.00,1.10,28.20,18,18,0,0.25,0.20,0.30,27.83,18,18,0
156421,0.38,0.30,0.40,28.57,17,17,0,-0.03,-0.10,0.10,28.08,17,17,0,0.31,0.30,0.40,28.32,17,17,0,0.73,0.50,1.00,27.68,17,0,0,0.12,0.10,0.20,28.62,17,17,0,1.06,1.00,1.10,28.20,17,17,0,0.25,0.20,0.30,27.82,17,17,0
156934,0.39,0.30,0.40,28.58,18,18,0,-0.01,-0.10,0.10,28.08,18,18,0,0.33,0.30,0.40,28.34,18,18,0,0.69,0.40,1.10,27.70,18,0,0,0.11,0.10,0.20,28.61,18,18,0,1.08,1.00,1.10,28.22,18,18,0,0.22,0.20,0.30,27.80,18,18,0
157434,0.39,0.30,0.40,28.59,18,18,0,-0.01,-0.10,0.10,28.09,18,18,0,0.33,0.30,0.40,28.34,18,18,0,0.67,0.40,0.90,27.70,18,0,0,0.11,0.10,0.20,28.60,18,18,0,1.08,1.00,1.10,28.21,18,18,0,0.24,0.20,0.30,27.81,18,18,0
157934,0.38,0.30,0.40,28.59,17,17,0,-0.02,-0.10,0.10,28.08,17,17,0,0.34,0.30,0.40,28.36,17,17,0,0.74,0.20,1.20,27.71,17,0,0,0.13,0.10,0.20,28.61,17,17,0,1.07,1.00,1.10,28.21,17,17,0,0.25,0.20,0.30,27.81,17,17,0
158445,0.38,0.30,0.40,28.60,18,18,0,-0.02,-0.10,0.10,28.09,18,18,0,0.32,0.30,0.40,28.32,18,18,0,0.62,0.20,1.10,27.71,18,0,0,0.12,0.10,0.20,28.61,18,18,0,1.09,1.00,1.10,28.22,18,18,0,0.24,0.20,0.30,27.83,18,18,0
158945,0.38,0.30,0.40,28.59,17,17,0,0.01,0.00,0.10,28.09,17,17,0,0.36,0.30,0.40,28.34,17,17,0,0.58,0.30,0.90,27.70,17,0,0,0.11,0.10,0.20,28.62,17,17,0,1.06,1.00,1.10,28.21,17,17,0,0.24,0.20,0.30,27.83,17,17,0
159445,0.37,0.30,0.40,28.60,17,17,0,-0.01,-0.10,0.00,28.09,17,17,0,0.33,0.30,0.40,28.34,17,17,0,0.52,0.20,0.70,27.70,17,0,0,0.12,0.10,0.20,28.63,17,17,0,1.08,1.00,1.10,28.21,17,17,0,0.22,0.20,0.30,27.83,17,17,0
159953,0.36,0.30,0.40,28.60,17,17,0,0.00,-0.10,0.10,28.07,17,17,0,0.34,0.30,0.40,28.34,17,17,0,0.50,0.20,0.80,27.71,17,0,0,0.13,0.10,0.20,28.61,17,17,0,1.08,1.00,1.10,28.21,17,17,0,0.25,0.20,0.30,27.82,17,17,0
160453,0.38,0.30,0.40,28.59,17,17,0,-0.01,-0.10,0.10,28.09,17,17,0,0.36,0.30,0.40,28.35,17,17,0,0.60,0.20,1.10,27.70,17,0,0,0.13,0.10,0.20,28.64,17,17,0,1.08,1.00,1.10,28.22,17,17,0,0.22,0.20,0.30,27.83,17,17,0
160958,0.36,0.30,0.40,28.61,17,17,0,0.00,-0.10,0.10,28.08,17,17,0,0.34,0.30,0.40,28.36,17,17,0,0.65,0.40,0.90,27.71,17,0,0,0.11,0.10,0.20,28.62,17,17,0,1.08,1.00,1.10,28.21,17,17,0,0.24,0.20,0.30,27.85,17,17,0
161458,0.36,0.30,0.40,28.60,16,16,0,0.02,-0.10,0.10,28.09,16,16,0,0.34,0.30,0.40,28.34,16,16,0,0.61,0.40,0.80,27.71,16,0,0,0.11,0.10,0.20,28.62,16,16,0,1.08,1.00,1.10,28.22,16,16,0,0.24,0.20,0.30,27.84,16,16,0
161964,0.37,0.30,0.40,28.61,18,18,0,-0.01,-0.10,0.10,28.10,18,18,0,0.33,0.30,0.40,28.35,18,18,0,0.72,0.50,0.90,27.73,18,0,0,0.11,0.10,0.20,28.63,18,18,0,1.10,1.10,1.10,28.21,18,18,0,0.24,0.20,0.30,27.85,18,18,0
162464,0.38,0.30,0.40,28.60,17,17,0,0.00,-0.10,0.10,28.09,17,17,0,0.34,0.30,0.40,28.36,17,17,0,0.89,0.60,1.30,27.72,17,0,0,0.12,0.10,0.20,28.64,17,17,0,1.08,1.00,1.10,28.22,17,17,0,0.23,0.20,0.30,27.83,17,17,0
162967,0.38,0.30,0.40,28.61,17,17,0,-0.01,-0.10,0.10,28.11,17,17,0,0.32,0.30,0.40,28.34,17,17,0,0.72,0.20,1.00,27.72,17,0,0,0.11,0.10,0.20,28.65,17,17,0,1.09,1.00,1.10,28.24,17,17,0,0.22,0.20,0.30,27.84,17,17,0
163467,0.38,0.30,0.40,28.62,17,17,0,-0.01,-0.10,0.10,28.09,17,17,0,0.32,0.30,0.40,28.34,17,17,0,0.65,0.30,0.90,27.72,17,0,0,0.11,0.10,0.20,28.64,17,17,0,1.08,1.00,1.10,28.24,17,17,0,0.23,0.20,0.30,27.85,17,17,0
163977,0.38,0.30,0.40,28.61,18,18,0,-0.01,-0.10,0.10,28.10,18,18,0,0.33,0.30,0.40,28.35,18,18,0,0.72,0.50,1.00,27.71,18,0,0,0.12,0.10,0.20,28.64,18,18,0,1.05,1.00,1.10,28.24,18,18,0,0.23,0.20,0.30,27.84,18,18,0
164488,0.38,0.30,0.40,28.61,18,18,0,0.01,-0.10,0.10,28.10,18,18,0,0.34,0.30,0.40,28.36,18,18,0,0.82,0.30,1.20,27.72,18,0,0,0.12,0.10,0.20,28.63,18,18,0,1.08,1.00,1.10,28.24,18,18,0,0.23,0.20,0.30,27.85,18,18,0
164997,0.38,0.30,0.40,28.62,17,17,0,-0.01,-0.10,0.10,28.11,17,17,0,0.32,0.30,0.40,28.35,17,17,0,0.86,0.60,1.20,27.73,17,0,0,0.12,0.10,0.20,28.63,17,17,0,1.08,1.00,1.10,28.23,17,17,0,0.24,0.20,0.30,27.85,17,17,0
165497,0.36,0.30,0.40,28.61,17,17,0,0.00,0.00,0.00,28.10,17,17,0,0.33,0.30,0.40,28.37,17,17,0,0.71,0.30,1.60,27.71,17,0,0,0.11,0.10,0.20,28.64,17,17,0,1.09,1.00,1.10,28.24,17,17,0,0.23,0.20,0.30,27.85,17,17,0
165997,0.36,0.30,0.40,28.64,17,17,0,-0.01,-0.10,0.10,28.12,17,17,0,0.33,0.30,0.40,28.36,17,17,0,0.74,0.40,1.20,27.73,17,0,0,0.11,0.10,0.20,28.65,17,17,0,1.09,1.00,1.10,28.23,17,17,0,0.24,0.20,0.30,27.86,17,17,0
166497,0.39,0.30,0.40,28.63,18,18,0,-0.01,-0.10,0.10,28.10,18,18,0,0.33,0.30,0.40,28.36,18,18,0,0.83,0.50,1.20,27.73,18,0,0,0.12,0.10,0.20,28.65,18,18,0,1.07,1.00,1.10,28.24,18,18,0,0.24,0.20,0.30,27.86,18,18,0
167004,0.37,0.30,0.40,28.63,17,17,0,0.01,-0.10,0.10,28.12,17,17,0,0.32,0.30,0.40,28.37,17,17,0,0.85,0.10,1.50,27.73,17,0,0,0.11,0.10,0.20,28.65,17,17,0,1.06,1.00,1.10,28.25,17,17,0,0.23,0.20,0.30,27.87,17,17,0
167504,0.38,0.30,0.40,28.62,17,17,0,-0.01,-0.10,0.10,28.12,17,17,0,0.34,0.30,0.40,28.37,17,17,0,0.87,0.30,1.60,27.73,17,0,0,0.11,0.00,0.20,28.65,17,17,0,1.08,1.00,1.10,28.25,17,17,0,0.23,0.20,0.30,27.87,17,17,0
168017,0.37,0.30,0.40,28.63,18,18,0,-0.02,-0.10,0.10,28.12,18,18,0,0.31,0.30,0.40,28.37,18,18,0,0.80,0.20,1.70,27.74,18,0,0,0.11,0.10,0.20,28.65,18,18,0,1.07,1.00,1.10,28.26,18,18,0,0.24,0.20,0.30,27.86,18,18,0
168517,0.38,0.30,0.40,28.65,17,17,0,0.01,-0.10,0.10,28.11,17,17,0,0.33,0.30,0.40,28.36,17,17,0,0.75,0.00,1.50,27.74,17,0,0,0.12,0.10,0.20,28.67,17,17,0,1.08,1.00,1.10,28.25,17,17,0,0.25,0.20,0.30,27.87,17,17,0
169017,0.39,0.30,0.40,28.63,17,17,0,-0.04,-0.10,0.10,28.11,17,17,0,0.33,0.30,0.40,28.38,17,17,0,0.79,0.10,1.20,27.74,17,0,0,0.11,0.10,0.20,28.65,17,17,0,1.07,1.00,1.10,28.25,17,17,0,0.22,0.20,0.30,27.87,17,17,0
169517,0.38,0.30,0.40,28.63,17,17,0,0.01,-0.10,0.10,28.12,17,17,0,0.34,0.30,0.40,28.36,17,17,0,0.82,0.50,1.10,27.73,17,0,0,0.12,0.10,0.20,28.65,17,17,0,1.08,1.00,1.10,28.26,17,17,0,0.22,0.20,0.30,27.87,17,17,0
170017,0.37,0.30,0.40,28.63,17,17,0,0.00,-0.10,0.10,28.12,17,17,0,0.31,0.30,0.40,28.38,17,17,0,0.89,0.70,1.30,27.76,17,0,0,0.11,0.10,0.20,28.67,17,17,0,1.08,1.00,1.10,28.26,17,17,0,0.25,0.20,0.30,27.87,17,17,0
170530,0.38,0.30,0.40,28.64,18,18,0,0.01,-0.10,0.10,28.12,18,18,0,0.33,0.30,0.40,28.37,18,18,0,0.93,0.60,1.30,27.75,18,0,0,0.12,0.10,0.20,28.65,18,18,0,1.06,1.00,1.10,28.27,18,18,0,0.22,0.20,0.30,27.88,18,18,0
171030,0.37,0.30,0.40,28.65,17,17,0,-0.02,-0.10,0.10,28.13,17,17,0,0.35,0.30,0.40,28.38,17,17,0,0.94,0.60,1.30,27.74,17,0,0,0.11,0.10,0.20,28.66,17,17,0,1.09,1.00,1.10,28.25,17,17,0,0.25,0.20,0.30,27.88,17,17,0
171530,0.39,0.30,0.40,28.64,18,18,0,-0.01,-0.10,0.10,28.13,18,18,0,0.32,0.30,0.40,28.38,18,18,0,0.93,0.70,1.10,27.73,18,0,0,0.12,0.10,0.20,28.68,18,18,0,1.07,1.00,1.10,28.27,18,18,0,0.22,0.20,0.30,27.87,18,18,0
172036,0.39,0.30,0.40,28.66,17,17,0,-0.01,-0.10,0.10,28.12,17,17,0,0.33,0.30,0.40,28.39,17,17,0,0.70,0.40,1.00,27.76,17,0,0,0.12,0.10,0.20,28.66,17,17,0,1.06,1.00,1.10,28.27,17,17,0,0.22,0.20,0.30,27.88,17,17,0
172536,0.38,0.30,0.40,28.66,17,17,0,-0.01,-0.10,0.10,28.13,17,17,0,0.32,0.30,0.40,28.38,17,17,0,0.66,0.40,1.00,27.75,17,0,0,0.11,0.10,0.20,28.66,17,17,0,1.06,1.00,1.10,28.27,17,17,0,0.22,0.20,0.30,27.88,17,17,0
173047,0.38,0.30,0.40,28.66,18,18,0,-0.01,-0.10,0.10,28.12,18,18,0,0.31,0.30,0.40,28.37,18,18,0,0.80,0.60,1.10,27.76,18,0,0,0.11,0.10,0.20,28.69,18,18,0,1.07,1.00,1.10,28.27,18,18,0,0.21,0.20,0.30,27.88,18,18,0
173547,0.38,0.30,0.40,28.65,17,17,0,0.00,-0.10,0.10,28.13,17,17,0,0.32,0.30,0.40,28.38,17,17,0,0.82,0.40,1.10,27.75,17,0,0,0.11,0.10,0.20,28.67,17,17,0,1.08,1.00,1.10,28.28,17,17,0,0.26,0.20,0.30,27.88,17,17,0
174047,0.36,0.30,0.40,28.66,17,17,0,0.00,-0.10,0.10,28.13,17,17,0,0.32,0.30,0.40,28.38,17,17,0,0.84,0.50,1.30,27.77,17,0,0,0.11,0.10,0.20,28.68,17,17,0,1.08,1.00,1.10,28.26,17,17,0,0.25,0.20,0.30,27.89,17,17,0
174556,0.38,0.30,0.40,28.66,18,18,0,-0.03,-0.10,0.10,28.12,18,18,0,0.33,0.30,0.40,28.37,18,18,0,0.85,0.50,1.20,27.76,18,0,0,0.11,0.10,0.20,28.68,18,18,0,1.09,1.00,1.10,28.28,18,18,0,0.21,0.20,0.30,27.89,18,18,0
175062,0.38,0.30,0.40,28.67,17,17,0,-0.02,-0.10,0.00,28.14,17,17,0,0.33,0.30,0.40,28.38,17,17,0,0.92,0.70,1.20,27.77,17,0,0,0.10,0.00,0.20,28.68,17,17,0,1.08,1.00,1.10,28.27,17,17,0,0.23,0.20,0.30,27.91,17,17,0
175568,0.37,0.30,0.40,28.67,18,18,0,0.01,-0.10,0.10,28.13,18,18,0,0.33,0.30,0.40,28.37,18,18,0,0.95,0.70,1.20,27.77,18,0,0,0.11,0.10,0.20,28.66,18,18,0,1.08,1.00,1.10,28.28,18,18,0,0.23,0.20,0.30,27.89,18,18,0
176068,0.37,0.30,0.40,28.66,17,17,0,0.01,0.00,0.10,28.15,17,17,0,0.32,0.30,0.40,28.39,17,17,0,0.89,0.70,1.40,27.77,17,0,0,0.12,0.10,0.20,28.68,17,17,0,1.09,1.00,1.10,28.29,17,17,0,0.24,0.20,0.30,27.89,17,17,0
176581,0.38,0.30,0.40,28.66,18,18,0,-0.03,-0.10,0.00,28.14,18,18,0,0.31,0.30,0.40,28.38,18,18,0,0.74,0.50,1.10,27.76,18,0,0,0.12,0.10,0.20,28.68,18,18,0,1.08,1.00,1.10,28.28,18,18,0,0.23,0.20,0.30,27.89,18,18,0
177084,0.37,0.30,0.40,28.66,17,17,0,-0.02,-0.10,0.10,28.14,17,17,0,0.33,0.30,0.40,28.38,17,17,0,0.80,0.60,1.00,27.77,17,0,0,0.12,0.10,0.20,28.69,17,17,0,1.09,1.00,1.10,28.28,17,17,0,0.22,0.20,0.30,27.92,17,17,0
177584,0.38,0.30,0.40,28.65,17,17,0,-0.01,-0.10,0.00,28.15,17,17,0,0.34,0.30,0.40,28.39,17,17,0,0.74,0.50,0.90,27.77,17,0,0,0.11,0.10,0.20,28.68,17,17,0,1.09,1.00,1.10,28.27,17,17,0,0.22,0.20,0.30,27.90,17,17,0
178097,0.37,0.30,0.40,28.67,18,18,0,-0.02,-0.10,0.00,28.15,18,18,0,0.32,0.30,0.40,28.38,18,18,0,0.66,0.20,1.00,27.76,18,0,0,0.11,0.10,0.20,28.68,18,18,0,1.08,1.00,1.10,28.29,18,18,0,0.24,0.20,0.30,27.90,18,18,0
178597,0.37,0.30,0.40,28.67,18,18,0,-0.01,-0.10,0.10,28.15,18,18,0,0.33,0.30,0.40,28.38,18,18,0,0.72,0.40,1.00,27.78,18,0,0,0.11,0.10,0.20,28.68,18,18,0,1.07,1.00,1.10,28.30,18,18,0,0.23,0.20,0.30,27.89,18,18,0
179099,0.37,0.30,0.40,28.68,17,17,0,-0.01,-0.10,0.10,28.14,17,17,0,0.32,0.30,0.40,28.38,17,17,0,0.67,0.40,0.80,27.78,17,0,0,0.12,0.10,0.20,28.69,17,17,0,1.06,1.00,1.10,28.29,17,17,0,0.24,0.20,0.30,27.92,17,17,0
179599,0.39,0.30,0.40,28.68,18,18,0,-0.01,-0.10,0.10,28.15,18,18,0,0.32,0.30,0.40,28.39,18,18,0,0.72,0.50,1.00,27.77,18,0,0,0.11,0.10,0.20,28.70,18,18,0,1.08,1.00,1.10,28.30,18,18,0,0.24,0.20,0.30,27.91,18,18,0
180099,0.38,0.30,0.40,28.68,17,17,0,0.00,-0.10,0.10,28.14,17,17,0,0.34,0.30,0.40,28.40,17,17,0,0.80,0.30,1.20,27.77,17,0,0,0.11,0.10,0.20,28.67,17,17,0,1.09,1.00,1.10,28.29,17,17,0,0.22,0.20,0.30,27.91,17,17,0
180599,0.38,0.30,0.40,28.68,16,16,0,-0.04,-0.10,0.00,28.15,16,16,0,0.33,0.30,0.40,28.39,16,16,0,0.77,0.60,1.00,27.78,16,0,0,0.10,0.10,0.10,28.69,16,16,0,1.08,1.00,1.10,28.29,16,16,0,0.21,0.20,0.30,27.92,16,16,0
181099,0.38,0.30,0.40,28.67,17,17,0,-0.04,-0.10,0.00,28.14,17,17,0,0.34,0.30,0.40,28.39,17,17,0,0.64,0.30,1.00,27.79,17,0,0,0.12,0.10,0.20,28.68,17,17,0,1.09,1.00,1.10,28.31,17,17,0,0.21,0.20,0.30,27.90,17,17,0
181599,0.36,0.30,0.40,28.69,17,17,0,0.00,-0.10,0.10,28.17,17,17,0,0.32,0.30,0.40,28.41,17,17,0,0.67,0.30,1.20,27.79,17,0,0,0.12,0.10,0.20,28.70,17,17,0,1.08,1.00,1.10,28.30,17,17,0,0.22,0.20,0.30,27.92,17,17,0
182099,0.39,0.30,0.40,28.68,17,17,0,-0.03,-0.10,0.00,28.17,17,17,0,0.33,0.30,0.40,28.39,17,17,0,0.87,-1.40,3.20,27.78,17,0,0,0.10,0.00,0.20,28.71,17,17,0,1.06,1.00,1.10,28.30,17,17,0,0.22,0.20,0.30,27.93,17,17,0
182599,0.38,0.30,0.40,28.68,17,17,0,-0.02,-0.10,0.10,28.16,17,17,0,0.35,0.30,0.40,28.40,17,17,0,0.94,-0.10,2.70,27.79,17,0,0,0.11,0.10,0.20,28.69,17,17,0,1.08,1.00,1.10,28.29,17,17,0,0.24,0.20,0.30,27.92,17,17,0
183099,0.38,0.30,0.40,28.68,18,18,0,-0.05,-0.10,0.10,28.16,18,18,0,0.32,0.30,0.40,28.41,18,18,0,0.94,-0.20,2.10,27.79,18,0,0,0.11,0.10,0.20,28.72,18,18,0,1.08,1.00,1.10,28.30,18,18,0,0.22,0.20,0.30,27.92,18,18,0
183612,0.38,0.30,0.40,28.70,17,17,0,0.00,-0.10,0.10,28.16,17,17,0,0.32,0.30,0.40,28.40,17,17,0,0.82,0.10,1.50,27.78,17,0,0,0.11,0.10,0.20,28.71,17,17,0,1.06,1.00,1.10,28.32,17,17,0,0.21,0.20,0.30,27.92,17,17,0
184112,0.36,0.30,0.40,28.69,17,17,0,0.02,0.00,0.10,28.16,17,17,0,0.33,0.30,0.40,28.39,17,17,0,0.82,0.40,1.30,27.78,17,0,0,0.11,0.10,0.20,28.72,17,17,0,1.08,1.00,1.10,28.32,17,17,0,0.22,0.20,0.30,27.93,17,17,0
184621,0.36,0.30,0.40,28.70,18,18,0,-0.03,-0.10,0.00,28.16,18,18,0,0.35,0.30,0.40,28.41,18,18,0,0.90,0.50,1.60,27.78,18,0,0,0.13,0.10,0.20,28.71,18,18,0,1.07,1.00,1.10,28.31,18,18,0,0.22,0.20,0.30,27.91,18,18,0
185129,0.37,0.30,0.40,28.70,17,17,0,0.01,-0.10,0.10,28.17,17,17,0,0.34,0.30,0.40,28.40,17,17,0,0.95,0.70,1.20,27.80,17,0,0,0.11,0.10,0.20,28.70,17,17,0,1.09,1.00,1.10,28.31,17,17,0,0.21,0.20,0.30,27.92,17,17,0
185632,0.36,0.30,0.40,28.69,17,17,0,0.00,-0.10,0.10,28.17,17,17,0,0.34,0.30,0.40,28.41,17,17,0,0.92,0.50,1.70,27.81,17,0,0,0.11,0.10,0.20,28.71,17,17,0,1.08,1.00,1.10,28.32,17,17,0,0.24,0.20,0.30,27.93,17,17,0
186145,0.38,0.30,0.40,28.68,18,18,0,-0.02,-0.10,0.10,28.17,18,18,0,0.32,0.30,0.40,28.42,18,18,0,1.02,0.60,1.50,27.80,18,0,0,0.12,0.10,0.20,28.73,18,18,0,1.07,1.00,1.10,28.31,18,18,0,0.22,0.20,0.30,27.93,18,18,0
186645,0.39,0.30,0.40,28.69,17,17,0,-0.01,-0.10,0.10,28.17,17,17,0,0.34,0.30,0.40,28.41,17,17,0,1.05,0.50,1.50,27.81,17,0,0,0.11,0.10,0.20,28.72,17,17,0,1.08,1.00,1.10,28.32,17,17,0,0.23,0.20,0.30,27.91,17,17,0
187156,0.37,0.30,0.40,28.71,18,18,0,-0.01,-0.10,0.10,28.17,18,18,0,0.37,0.30,0.40,28.40,18,18,0,1.04,0.40,1.50,27.80,18,0,0,0.11,0.10,0.20,28.71,18,18,0,1.08,1.00,1.10,28.33,18,18,0,0.22,0.20,0.30,27.94,18,18,0
187669,0.37,0.30,0.40,28.70,18,18,0,-0.02,-0.10,0.10,28.17,18,18,0,0.33,0.30,0.40,28.41,18,18,0,0.96,0.60,1.30,27.81,18,0,0,0.12,0.10,0.20,28.72,18,18,0,1.08,1.00,1.10,28.32,18,18,0,0.23,0.20,0.30,27.94,18,18,0
188169,0.37,0.30,0.40,28.69,17,17,0,-0.01,-0.10,0.10,28.18,17,17,0,0.34,0.30,0.40,28.41,17,17,0,0.82,0.50,1.30,27.81,17,0,0,0.11,0.10,0.20,28.74,17,17,0,1.08,1.00,1.10,28.32,17,17,0,0.23,0.20,0.30,27.93,17,17,0
188682,0.39,0.30,0.40,28.70,18,18,0,0.01,-0.10,0.10,28.17,18,18,0,0.33,0.30,0.40,28.41,18,18,0,0.76,0.40,1.10,27.81,18,0,0,0.11,0.10,0.20,28.72,18,18,0,1.09,1.00,1.10,28.32,18,18,0,0.22,0.20,0.30,27.93,18,18,0
189182,0.36,0.30,0.40,28.71,17,17,0,0.00,-0.10,0.10,28.17,17,17,0,0.32,0.30,0.40,28.41,17,17,0,0.82,0.60,1.10,27.81,17,0,0,0.12,0.10,0.20,28.73,17,17,0,1.09,1.00,1.10,28.31,17,17,0,0.21,0.20,0.30,27.95,17,17,0
189693,0.39,0.30,0.40,28.69,18,18,0,-0.01,-0.10,0.10,28.18,18,18,0,0.33,0.30,0.40,28.41,18,18,0,0.89,0.60,1.30,27.81,18,0,0,0.11,0.10,0.20,28.73,18,18,0,1.08,1.00,1.10,28.33,18,18,0,0.23,0.20,0.30,27.95,18,18,0
190193,0.37,0.30,0.40,28.70,17,17,0,-0.02,-0.10,0.10,28.17,17,17,0,0.35,0.30,0.40,28.40,17,17,0,0.74,0.30,1.10,27.82,17,0,0,0.13,0.10,0.20,28.74,17,17,0,1.09,1.00,1.10,28.32,17,17,0,0.22,0.20,0.30,27.95,17,17,0
190693,0.38,0.30,0.40,28.71,17,17,0,0.01,0.00,0.10,28.17,17,17,0,0.32,0.30,0.40,28.42,17,17,0,0.56,0.40,0.70,27.81,17,0,0,0.10,0.10,0.10,28.74,17,17,0,1.07,1.00,1.10,28.32,17,17,0,0.24,0.20,0.30,27.94,17,17,0
191196,0.39,0.30,0.40,28.70,17,17,0,-0.01,-0.10,0.10,28.18,17,17,0,0.32,0.30,0.40,28.41,17,17,0,0.80,-0.10,1.30,27.82,17,0,0,0.11,0.10,0.20,28.73,17,17,0,1.09,1.00,1.10,28.31,17,17,0,0.22,0.20,0.30,27.95,17,17,0
191698,0.38,0.30,0.40,28.71,17,17,0,0.00,-0.10,0.10,28.18,17,17,0,0.32,0.30,0.40,28.43,17,17,0,0.93,0.60,1.30,27.82,17,0,0,0.12,0.10,0.20,28.74,17,17,0,1.09,1.00,1.10,28.32,17,17,0,0.22,0.20,0.30,27.94,17,17,0
192198,0.38,0.30,0.40,28.70,17,17,0,-0.02,-0.10,0.00,28.20,17,17,0,0.32,0.30,0.40,28.41,17,17,0,0.90,0.70,1.20,27.83,17,0,0,0.11,0.10,0.20,28.72,17,17,0,1.09,1.00,1.10,28.32,17,17,0,0.23,0.20,0.30,27.95,17,17,0
192711,0.38,0.30,0.40,28.71,18,18,0,-0.02,-0.10,0.00,28.19,18,18,0,0.33,0.30,0.40,28.40,18,18,0,0.86,0.40,1.30,27.82,18,0,0,0.12,0.10,0.20,28.74,18,18,0,1.08,1.00,1.10,28.33,18,18,0,0.22,0.20,0.30,27.95,18,18,0
193211,0.36,0.30,0.40,28.71,18,18,0,-0.02,-0.10,0.10,28.19,18,18,0,0.32,0.30,0.40,28.42,18,18,0,0.78,0.40,1.20,27.82,18,0,0,0.12,0.10,0.20,28.73,18,18,0,1.07,1.00,1.10,28.33,18,18,0,0.24,0.20,0.30,27.95,18,18,0
193713,0.38,0.30,0.40,28.72,17,17,0,-0.01,-0.10,0.10,28.20,17,17,0,0.34,0.30,0.40,28.41,17,17,0,0.67,0.20,1.00,27.82,17,0,0,0.12,0.10,0.20,28.76,17,17,0,1.09,1.00,1.10,28.34,17,17,0,0.24,0.20,0.30,27.96,17,17,0
194213,0.38,0.30,0.40,28.72,17,17,0,0.01,-0.10,0.10,28.20,17,17,0,0.32,0.30,0.40,28.43,17,17,0,0.73,0.30,1.20,27.84,17,0,0,0.10,0.00,0.20,28.74,17,17,0,1.09,1.00,1.10,28.33,17,17,0,0.21,0.20,0.30,27.95,17,17,0
194726,0.37,0.30,0.40,28.71,18,18,0,-0.03,-0.10,0.10,28.21,18,18,0,0.33,0.30,0.40,28.42,18,18,0,0.84,0.50,1.40,27.84,18,0,0,0.12,0.10,0.20,28.74,18,18,0,1.07,1.00,1.10,28.33,18,18,0,0.22,0.20,0.30,27.96,18,18,0
195229,0.37,0.30,0.40,28.71,17,17,0,0.01,0.00,0.10,28.21,17,17,0,0.31,0.30,0.40,28.41,17,17,0,0.95,0.60,1.30,27.83,17,0,0,0.11,0.10,0.20,28.75,17,17,0,1.05,1.00,1.10,28.33,17,17,0,0.21,0.20,0.30,27.96,17,17,0
195729,0.36,0.30,0.40,28.73,17,17,0,0.01,-0.10,0.10,28.20,17,17,0,0.34,0.30,0.40,28.43,17,17,0,0.91,0.60,1.40,27.82,17,0,0,0.11,0.10,0.20,28.75,17,17,0,1.07,1.00,1.10,28.35,17,17,0,0.22,0.20,0.30,27.97,17,17,0
196235,0.38,0.30,0.40,28.72,18,18,0,-0.01,-0.10,0.10,28.20,18,18,0,0.34,0.30,0.40,28.43,18,18,0,0.99,0.70,1.20,27.83,18,0,0,0.10,0.00,0.20,28.77,18,18,0,1.08,1.00,1.10,28.34,18,18,0,0.23,0.20,0.30,27.93,18,18,0
196735,0.37,0.30,0.40,28.72,17,17,0,-0.02,-0.10,0.00,28.21,17,17,0,0.34,0.30,0.40,28.42,17,17,0,1.01,0.80,1.40,27.83,17,0,0,0.11,0.10,0.20,28.76,17,17,0,1.06,1.00,1.10,28.34,17,17,0,0.21,0.20,0.30,27.97,17,17,0
197241,0.37,0.30,0.40,28.72,18,18,0,0.01,-0.10,0.10,28.19,18,18,0,0.32,0.30,0.40,28.42,18,18,0,0.86,0.50,1.10,27.84,18,0,0,0.11,0.10,0.20,28.75,18,18,0,1.06,1.00,1.10,28.32,18,18,0,0.21,0.20,0.30,27.97,18,18,0
197741,0.36,0.30,0.40,28.73,17,17,0,0.02,-0.10,0.10,28.20,17,17,0,0.32,0.30,0.40,28.43,17,17,0,0.55,0.20,0.90,27.83,17,0,0,0.11,0.10,0.20,28.75,17,17,0,1.08,1.00,1.10,28.34,17,17,0,0.22,0.20,0.30,27.97,17,17,0
198254,0.36,0.30,0.40,28.73,18,18,0,0.02,0.00,0.10,28.21,18,18,0,0.32,0.30,0.40,28.43,18,18,0,0.13,-0.30,0.50,27.83,18,0,0,0.10,0.10,0.10,28.74,18,18,0,1.08,1.00,1.10,28.35,18,18,0,0.22,0.20,0.30,27.96,18,18,0
198767,0.37,0.30,0.40,28.74,18,18,0,-0.02,-0.10,0.10,28.21,18,18,0,0.32,0.30,0.40,28.43,18,18,0,-0.39,-1.40,0.20,27.84,18,0,0,0.11,0.10,0.20,28.75,18,18,0,1.06,1.00,1.10,28.34,18,18,0,0.22,0.20,0.30,27.98,18,18,0
199276,0.36,0.30,0.40,28.72,17,17,0,0.02,-0.10,0.10,28.21,17,17,0,0.32,0.30,0.40,28.42,17,17,0,0.03,-1.00,1.00,27.85,17,0,0,0.09,0.00,0.10,28.76,17,17,0,1.07,1.00,1.10,28.35,17,17,0,0.22,0.20,0.30,27.97,17,17,0
199776,0.39,0.30,0.40,28.73,17,17,0,0.04,0.00,0.10,28.20,17,17,0,0.34,0.30,0.40,28.43,17,17,0,1.72,-15.30,33.00,27.84,17,0,0,0.11,0.10,0.20,28.75,17,17,0,1.08,1.00,1.10,28.34,17,17,0,0.25,0.20,0.30,27.97,17,17,0
200276,0.38,0.30,0.40,28.74,16,16,0,0.01,-0.10,0.10,28.20,16,16,0,0.33,0.30,0.40,28.43,16,16,0,-3.02,-95.60,76.00,27.83,16,0,0,0.11,0.10,0.20,28.75,16,16,0,1.06,1.00,1.10,28.35,16,16,0,0.23,0.20,0.30,27.96,16,16,0
200776,0.36,0.30,0.40,28.75,17,17,0,0.01,-0.10,0.10,28.20,17,17,0,0.31,0.30,0.40,28.44,17,17,0,0.79,-17.00,18.90,27.84,17,0,0,0.10,0.10,0.10,28.75,17,17,0,1.08,1.00,1.10,28.35,17,17,0,0.22,0.20,0.30,27.98,17,17,0
201276,0.35,0.30,0.40,28.73,17,17,0,-0.01,-0.10,0.10,28.22,17,17,0,0.33,0.30,0.40,28.41,17,17,0,1.81,-6.20,10.50,27.84,17,0,0,0.11,0.10,0.20,28.77,17,17,0,1.09,1.00,1.10,28.35,17,17,0,0.22,0.20,0.30,27.99,17,17,0
201781,0.37,0.30,0.40,28.76,17,17,0,0.00,-0.10,0.10,28.23,17,17,0,0.31,0.30,0.40,28.43,17,17,0,1.14,-3.10,5.20,27.86,17,0,0,0.11,0.10,0.20,28.77,17,17,0,1.07,1.00,1.10,28.36,17,17,0,0.23,0.20,0.30,27.96,17,17,0
202284,0.37,0.30,0.40,28.73,17,17,0,0.00,-0.10,0.10,28.21,17,17,0,0.32,0.30,0.40,28.42,17,17,0,1.01,-0.80,2.90,27.85,17,0,0,0.11,0.10,0.20,28.76,17,17,0,1.08,1.00,1.10,28.34,17,17,0,0.22,0.20,0.30,27.97,17,17,0
202784,0.39,0.30,0.40,28.75,17,17,0,0.01,-0.10,0.10,28.22,17,17,0,0.34,0.30,0.40,28.42,17,17,0,0.95,0.30,1.70,27.85,17,0,0,0.11,0.10,0.20,28.76,17,17,0,1.09,1.00,1.10,28.35,17,17,0,0.22,0.20,0.30,27.97,17,17,0
203284,0.37,0.30,0.40,28.73,17,17,0,0.01,-0.10,0.10,28.21,17,17,0,0.35,0.30,0.40,28.43,17,17,0,0.86,0.70,1.20,27.85,17,0,0,0.12,0.10,0.20,28.78,17,17,0,1.08,1.00,1.10,28.35,17,17,0,0.24,0.20,0.30,27.98,17,17,0
203784,0.35,0.30,0.40,28.75,17,17,0,0.01,-0.10,0.10,28.23,17,17,0,0.33,0.30,0.40,28.43,17,17,0,0.81,0.60,1.10,27.84,17,0,0,0.11,0.10,0.20,28.77,17,17,0,1.05,1.00,1.10,28.35,17,17,0,0.23,0.20,0.30,28.00,17,17,0
204284,0.36,0.30,0.40,28.75,17,17,0,-0.01,-0.10,0.10,28.21,17,17,0,0.32,0.30,0.40,28.43,17,17,0,0.85,0.20,1.20,27.85,17,0,0,0.12,0.10,0.20,28.77,17,17,0,1.05,1.00,1.10,28.35,17,17,0,0.22,0.20,0.30,27.98,17,17,0
204784,0.36,0.30,0.40,28.74,17,17,0,-0.01,-0.10,0.10,28.21,17,17,0,0.34,0.30,0.40,28.43,17,17,0,0.80,0.30,1.20,27.85,17,0,0,0.12,0.10,0.20,28.77,17,17,0,1.08,1.00,1.10,28.36,17,17,0,0.22,0.20,0.30,27.98,17,17,0
205284,0.38,0.30,0.40,28.76,17,17,0,-0.01,-0.10,0.10,28.21,17,17,0,0.32,0.30,0.40,28.43,17,17,0,0.71,0.00,1.00,27.85,17,0,0,0.11,0.10,0.20,28.78,17,17,0,1.07,1.00,1.10,28.37,17,17,0,0.23,0.20,0.30,27.99,17,17,0
205796,0.39,0.30,0.40,28.75,18,18,0,-0.00,-0.10,0.10,28.21,18,18,0,0.33,0.30,0.40,28.44,18,18,0,0.48,-0.80,1.40,27.85,18,0,0,0.12,0.10,0.20,28.79,18,18,0,1.07,1.00,1.10,28.35,18,18,0,0.21,0.20,0.30,27.98,18,18,0
206296,0.38,0.30,0.40,28.75,17,17,0,-0.01,-0.10,0.10,28.22,17,17,0,0.33,0.30,0.40,28.42,17,17,0,0.38,-1.10,1.10,27.86,17,0,0,0.10,0.10,0.10,28.77,17,17,0,1.07,1.00,1.10,28.36,17,17,0,0.23,0.20,0.30,27.98,17,17,0
206809,0.36,0.30,0.40,28.74,18,18,0,-0.01,-0.10,0.10,28.23,18,18,0,0.33,0.30,0.40,28.43,18,18,0,0.63,-0.80,2.70,27.87,18,0,0,0.11,0.10,0.20,28.77,18,18,0,1.07,1.00,1.10,28.38,18,18,0,0.21,0.20,0.30,28.00,18,18,0
207309,0.36,0.30,0.40,28.74,17,17,0,0.01,-0.10,0.10,28.24,17,17,0,0.32,0.30,0.40,28.45,17,17,0,1.81,0.10,3.30,27.88,17,0,0,0.10,0.10,0.10,28.76,17,17,0,1.07,1.00,1.10,28.37,17,17,0,0.21,0.20,0.30,27.98,17,17,0
207810,0.36,0.30,0.40,28.75,17,17,0,0.02,-0.10,0.10,28.22,17,17,0,0.31,0.30,0.40,28.45,17,17,0,0.85,0.50,1.10,27.86,17,0,0,0.09,0.00,0.10,28.78,17,17,0,1.08,1.00,1.10,28.37,17,17,0,0.22,0.20,0.30,27.97,17,17,0
208310,0.38,0.30,0.40,28.76,17,17,0,-0.02,-0.10,0.10,28.24,17,17,0,0.32,0.30,0.40,28.45,17,17,0,0.79,-0.40,2.60,27.87,17,0,0,0.11,0.10,0.20,28.78,17,17,0,1.08,1.00,1.10,28.37,17,17,0,0.21,0.20,0.30,28.00,17,17,0
208810,0.36,0.30,0.40,28.76,17,17,0,0.01,-0.10,0.10,28.24,17,17,0,0.33,0.30,0.40,28.45,17,17,0,0.56,-2.20,3.00,27.86,17,0,0,0.11,0.10,0.20,28.79,17,17,0,1.09,1.00,1.10,28.38,17,17,0,0.21,0.20,0.30,28.01,17,17,0
209313,0.38,0.30,0.40,28.77,17,17,0,-0.01,-0.10,0.10,28.24,17,17,0,0.32,0.30,0.40,28.45,17,17,0,0.49,-0.60,1.50,27.86,17,0,0,0.10,0.10,0.10,28.77,17,17,0,1.08,1.00,1.10,28.38,17,17,0,0.21,0.20,0.30,27.99,17,17,0
209815,0.37,0.30,0.40,28.75,17,17,0,-0.01,-0.10,0.10,28.24,17,17,0,0.32,0.30,0.40,28.45,17,17,0,0.48,-0.20,1.30,27.87,17,0,0,0.11,0.10,0.20,28.79,17,17,0,1.06,1.00,1.10,28.38,17,17,0,0.21,0.20,0.30,27.98,17,17,0
210321,0.37,0.30,0.40,28.76,18,18,0,0.00,-0.10,0.10,28.22,18,18,0,0.33,0.30,0.40,28.45,18,18,0,0.56,0.10,1.00,27.88,18,0,0,0.11,0.10,0.20,28.79,18,18,0,1.08,1.00,1.10,28.38,18,18,0,0.21,0.20,0.30,27.99,18,18,0
210821,0.38,0.30,0.40,28.77,17,17,0,-0.01,-0.10,0.10,28.24,17,17,0,0.32,0.30,0.40,28.44,17,17,0,0.55,0.20,0.90,27.88,17,0,0,0.11,0.00,0.20,28.77,17,17,0,1.08,1.00,1.10,28.39,17,17,0,0.22,0.20,0.30,28.00,17,17,0
211324,0.36,0.30,0.40,28.76,17,17,0,-0.01,-0.10,0.10,28.24,17,17,0,0.32,0.30,0.40,28.44,17,17,0,0.67,0.50,0.90,27.88,17,0,0,0.11,0.10,0.20,28.76,17,17,0,1.08,1.00,1.10,28.37,17,17,0,0.21,0.20,0.30,28.01,17,17,0
211824,0.37,0.30,0.40,28.78,17,17,0,-0.01,-0.10,0.10,28.25,17,17,0,0.32,0.30,0.40,28.44,17,17,0,0.68,0.30,1.00,27.88,17,0,0,0.11,0.10,0.20,28.79,17,17,0,1.08,1.00,1.10,28.38,17,17,0,0.22,0.20,0.30,28.01,17,17,0
212324,0.37,0.30,0.40,28.78,18,18,0,-0.02,-0.10,0.10,28.24,18,18,0,0.36,0.30,0.40,28.44,18,18,0,0.73,0.50,1.00,27.89,18,0,0,0.11,0.10,0.20,28.80,18,18,0,1.09,1.00,1.10,28.40,18,18,0,0.22,0.20,0.30,27.99,18,18,0
212830,0.38,0.30,0.40,28.75,17,17,0,0.01,-0.10,0.10,28.25,17,17,0,0.32,0.30,0.40,28.46,17,17,0,0.75,0.60,1.00,27.88,17,0,0,0.12,0.10,0.20,28.79,17,17,0,1.06,1.00,1.10,28.39,17,17,0,0.22,0.20,0.30,28.01,17,17,0
213335,0.38,0.30,0.40,28.77,17,17,0,0.01,-0.10,0.10,28.24,17,17,0,0.34,0.30,0.40,28.46,17,17,0,0.81,0.60,1.10,27.88,17,0,0,0.11,0.10,0.20,28.82,17,17,0,1.07,1.00,1.10,28.41,17,17,0,0.21,0.20,0.30,28.02,17,17,0
213844,0.37,0.30,0.40,28.78,18,18,0,-0.01,-0.10,0.10,28.23,18,18,0,0.32,0.30,0.40,28.46,18,18,0,0.83,0.60,1.10,27.88,18,0,0,0.11,0.10,0.20,28.82,18,18,0,1.08,1.00,1.10,28.41,18,18,0,0.21,0.10,0.30,28.01,18,18,0
214357,0.34,0.30,0.40,28.78,18,18,0,0.02,-0.10,0.10,28.25,18,18,0,0.32,0.30,0.40,28.46,18,18,0,0.82,0.50,1.10,27.87,18,0,0,0.10,0.10,0.10,28.80,18,18,0,1.07,1.00,1.10,28.39,18,18,0,0.22,0.20,0.30,28.01,18,18,0
214858,0.37,0.30,0.40,28.79,17,17,0,-0.01,-0.10,0.10,28.27,17,17,0,0.32,0.30,0.40,28.47,17,17,0,0.84,0.60,1.20,27.89,17,0,0,0.11,0.10,0.20,28.80,17,17,0,1.08,1.00,1.10,28.40,17,17,0,0.22,0.20,0.30,28.02,17,17,0
215358,0.38,0.30,0.40,28.79,17,17,0,-0.01,-0.10,0.10,28.25,17,17,0,0.32,0.30,0.40,28.47,17,17,0,0.84,0.50,1.10,27.89,17,0,0,0.12,0.10,0.20,28.80,17,17,0,1.07,1.00,1.10,28.40,17,17,0,0.22,0.20,0.30,28.03,17,17,0
215868,0.37,0.30,0.40,28.79,18,18,0,-0.01,-0.10,0.10,28.25,18,18,0,0.32,0.30,0.40,28.46,18,18,0,0.82,0.40,1.10,27.91,18,0,0,0.11,0.00,0.20,28.81,18,18,0,1.06,1.00,1.10,28.40,18,18,0,0.24,0.20,0.30,28.01,18,18,0
216374,0.36,0.30,0.40,28.78,18,18,0,0.01,-0.10,0.10,28.27,18,18,0,0.33,0.30,0.40,28.48,18,18,0,0.87,0.60,1.20,27.89,18,0,0,0.10,0.10,0.10,28.80,18,18,0,1.07,1.00,1.10,28.42,18,18,0,0.22,0.20,0.30,28.01,18,18,0
216874,0.38,0.30,0.40,28.78,17,17,0,0.00,-0.10,0.10,28.25,17,17,0,0.34,0.30,0.40,28.45,17,17,0,0.82,0.60,1.00,27.90,17,0,0,0.11,0.10,0.20,28.80,17,17,0,1.07,1.00,1.10,28.41,17,17,0,0.23,0.20,0.30,28.03,17,17,0
217374,0.37,0.30,0.40,28.79,17,17,0,-0.01,-0.10,0.10,28.28,17,17,0,0.33,0.30,0.40,28.46,17,17,0,0.75,0.60,1.00,27.91,17,0,0,0.12,0.10,0.20,28.82,17,17,0,1.08,1.00,1.10,28.41,17,17,0,0.23,0.20,0.30,28.01,17,17,0
217874,0.34,0.30,0.40,28.80,18,18,0,-0.02,-0.10,0.10,28.28,18,18,0,0.33,0.30,0.40,28.48,18,18,0,0.71,0.50,1.00,27.91,18,0,0,0.10,0.00,0.20,28.82,18,18,0,1.08,1.00,1.10,28.42,18,18,0,0.21,0.20,0.30,28.03,18,18,0
218385,0.35,0.30,0.40,28.81,17,17,0,-0.01,-0.10,0.00,28.27,17,17,0,0.32,0.30,0.40,28.48,17,17,0,0.71,0.30,1.10,27.90,17,0,0,0.10,0.00,0.20,28.82,17,17,0,1.08,1.00,1.10,28.43,17,17,0,0.22,0.20,0.30,28.03,17,17,0
218885,0.36,0.30,0.40,28.80,17,17,0,0.01,-0.10,0.10,28.29,17,17,0,0.33,0.30,0.40,28.48,17,17,0,1.01,-0.80,3.50,27.91,17,0,0,0.11,0.10,0.20,28.82,17,17,0,1.06,1.00,1.10,28.42,17,17,0,0.22,0.20,0.30,28.02,17,17,0
219387,0.37,0.30,0.40,28.81,17,17,0,0.01,-0.10,0.10,28.29,17,17,0,0.32,0.30,0.40,28.47,17,17,0,0.79,-0.10,1.60,27.92,17,0,0,0.10,0.00,0.20,28.82,17,17,0,1.08,1.00,1.10,28.42,17,17,0,0.21,0.20,0.30,28.03,17,17,0
219898,0.35,0.30,0.40,28.80,17,17,0,0.00,-0.10,0.10,28.28,17,17,0,0.32,0.30,0.40,28.47,17,17,0,0.87,0.20,1.50,27.91,17,0,0,0.11,0.10,0.20,28.81,17,17,0,1.05,1.00,1.10,28.41,17,17,0,0.22,0.20,0.30,28.03,17,17,0
220404,0.38,0.30,0.40,28.78,17,17,0,-0.01,-0.10,0.10,28.28,17,17,0,0.34,0.30,0.40,28.47,17,17,0,0.89,0.40,1.60,27.91,17,0,0,0.11,0.10,0.20,28.81,17,17,0,1.07,1.00,1.10,28.42,17,17,0,0.21,0.20,0.30,28.03,17,17,0
220910,0.38,0.30,0.40,28.80,17,17,0,0.01,-0.10,0.10,28.28,17,17,0,0.31,0.30,0.40,28.48,17,17,0,0.90,0.60,1.30,27.92,17,0,0,0.11,0.10,0.20,28.82,17,17,0,1.06,1.00,1.10,28.43,17,17,0,0.23,0.20,0.30,28.04,17,17,0
221410,0.39,0.30,0.40,28.79,17,17,0,-0.01,-0.10,0.10,28.27,17,17,0,0.31,0.30,0.40,28.49,17,17,0,0.91,0.40,1.40,27.89,17,0,0,0.11,0.10,0.20,28.83,17,17,0,1.07,1.00,1.10,28.43,17,17,0,0.22,0.20,0.30,28.03,17,17,0
221910,0.38,0.30,0.40,28.81,17,17,0,-0.02,-0.10,0.00,28.27,17,17,0,0.33,0.30,0.40,28.48,17,17,0,0.85,0.60,1.20,27.91,17,0,0,0.11,0.10,0.20,28.82,17,17,0,1.09,1.00,1.10,28.43,17,17,0,0.21,0.20,0.30,28.04,17,17,0
222422,0.37,0.30,0.40,28.80,18,18,0,-0.02,-0.10,0.10,28.28,18,18,0,0.34,0.30,0.40,28.49,18,18,0,0.84,0.40,1.40,27.93,18,0,0,0.10,0.10,0.10,28.82,18,18,0,1.07,1.00,1.10,28.41,18,18,0,0.22,0.20,0.30,28.04,18,18,0
222922,0.36,0.30,0.40,28.82,17,17,0,0.00,-0.10,0.10,28.29,17,17,0,0.34,0.30,0.40,28.49,17,17,0,0.79,0.50,1.00,27.92,17,0,0,0.11,0.10,0.20,28.83,17,17,0,1.09,1.00,1.10,28.44,17,17,0,0.22,0.10,0.30,28.04,17,17,0
223425,0.37,0.30,0.40,28.81,17,17,0,0.01,-0.10,0.10,28.30,17,17,0,0.33,0.30,0.40,28.52,17,17,0,0.81,0.40,1.30,27.92,17,0,0,0.12,0.10,0.20,28.84,17,17,0,1.05,1.00,1.10,28.45,17,17,0,0.22,0.20,0.30,28.04,17,17,0
223938,0.35,0.30,0.40,28.80,18,18,0,0.01,0.00,0.10,28.28,18,18,0,0.35,0.30,0.40,28.48,18,18,0,0.89,0.60,1.20,27.93,18,0,0,0.11,0.10,0.20,28.83,18,18,0,1.06,1.00,1.10,28.44,18,18,0,0.21,0.20,0.30,28.06,18,18,0
224438,0.35,0.30,0.40,28.81,17,17,0,0.00,-0.10,0.10,28.28,17,17,0,0.33,0.30,0.40,28.50,17,17,0,0.96,0.50,1.40,27.92,17,0,0,0.10,0.10,0.10,28.84,17,17,0,1.08,1.00,1.10,28.45,17,17,0,0.22,0.20,0.30,28.05,17,17,0
224943,0.37,0.30,0.40,28.82,17,17,0,-0.03,-0.10,0.10,28.29,17,17,0,0.34,0.30,0.40,28.49,17,17,0,0.88,0.50,1.40,27.93,17,0,0,0.10,0.10,0.10,28.84,17,17,0,1.06,1.00,1.10,28.45,17,17,0,0.21,0.20,0.30,28.04,17,17,0
225451,0.37,0.30,0.40,28.82,17,17,0,-0.02,-0.10,0.10,28.31,17,17,0,0.32,0.30,0.40,28.50,17,17,0,0.93,0.50,1.50,27.94,17,0,0,0.11,0.10,0.20,28.84,17,17,0,1.08,1.00,1.10,28.44,17,17,0,0.23,0.20,0.30,28.04,17,17,0
225963,0.36,0.30,0.40,28.81,18,18,0,0.00,-0.10,0.10,28.30,18,18,0,0.34,0.30,0.40,28.51,18,18,0,0.91,0.70,1.20,27.94,18,0,0,0.10,0.10,0.10,28.85,18,18,0,1.07,1.00,1.10,28.44,18,18,0,0.24,0.20,0.30,28.04,18,18,0
226463,0.36,0.30,0.40,28.83,17,17,0,-0.02,-0.10,0.00,28.30,17,17,0,0.34,0.30,0.40,28.51,17,17,0,0.86,0.50,1.10,27.93,17,0,0,0.11,0.10,0.20,28.84,17,17,0,1.08,1.00,1.10,28.47,17,17,0,0.21,0.20,0.30,28.07,17,17,0
226963,0.36,0.30,0.40,28.84,17,17,0,-0.02,-0.10,0.10,28.30,17,17,0,0.32,0.30,0.40,28.48,17,17,0,0.74,0.30,0.90,27.95,17,0,0,0.11,0.10,0.20,28.85,17,17,0,1.08,1.00,1.10,28.44,17,17,0,0.21,0.20,0.30,28.06,17,17,0
227463,0.37,0.30,0.40,28.83,17,17,0,-0.01,-0.10,0.10,28.29,17,17,0,0.32,0.30,0.40,28.49,17,17,0,0.67,0.40,0.90,27.92,17,0,0,0.11,0.10,0.20,28.85,17,17,0,1.07,1.00,1.10,28.44,17,17,0,0.20,0.20,0.20,28.06,17,17,0
227963,0.37,0.30,0.40,28.84,18,18,0,0.00,-0.10,0.10,28.31,18,18,0,0.31,0.30,0.40,28.49,18,18,0,0.68,0.30,1.00,27.95,18,0,0,0.13,0.10,0.20,28.84,18,18,0,1.07,1.00,1.10,28.46,18,18,0,0.22,0.20,0.30,28.03,18,18,0
228475,0.38,0.30,0.40,28.82,17,17,0,-0.01,-0.10,0.10,28.32,17,17,0,0.34,0.30,0.40,28.52,17,17,0,0.69,0.40,1.00,27.94,17,0,0,0.10,0.10,0.10,28.86,17,17,0,1.06,1.00,1.10,28.44,17,17,0,0.21,0.20,0.30,28.06,17,17,0
228975,0.36,0.30,0.40,28.83,17,17,0,-0.03,-0.10,0.10,28.31,17,17,0,0.34,0.30,0.40,28.50,17,17,0,0.65,0.40,0.90,27.94,17,0,0,0.11,0.10,0.20,28.85,17,17,0,1.08,1.00,1.10,28.47,17,17,0,0.21,0.20,0.30,28.07,17,17,0
229478,0.38,0.30,0.40,28.84,17,17,0,0.00,0.00,0.00,28.31,17,17,0,0.35,0.30,0.40,28.50,17,17,0,0.78,0.40,1.00,27.94,17,0,0,0.09,0.00,0.10,28.86,17,17,0,1.07,1.00,1.10,28.45,17,17,0,0.24,0.20,0.30,28.06,17,17,0
229985,0.35,0.30,0.40,28.83,17,17,0,-0.02,-0.10,0.10,28.31,17,17,0,0.34,0.30,0.40,28.52,17,17,0,0.82,0.40,1.10,27.95,17,0,0,0.11,0.10,0.20,28.84,17,17,0,1.04,1.00,1.10,28.46,17,17,0,0.22,0.20,0.30,28.06,17,17,0
230488,0.38,0.30,0.40,28.84,17,17,0,-0.01,-0.10,0.10,28.32,17,17,0,0.31,0.30,0.40,28.49,17,17,0,0.70,0.50,1.20,27.95,17,0,0,0.11,0.10,0.20,28.87,17,17,0,1.07,1.00,1.10,28.45,17,17,0,0.21,0.20,0.30,28.07,17,17,0
230988,0.37,0.30,0.40,28.83,17,17,0,0.01,-0.10,0.10,28.31,17,17,0,0.34,0.30,0.40,28.51,17,17,0,0.75,0.50,0.90,27.96,17,0,0,0.11,0.10,0.20,28.86,17,17,0,1.08,1.00,1.10,28.46,17,17,0,0.21,0.20,0.30,28.06,17,17,0
231488,0.35,0.30,0.40,28.84,17,17,0,-0.02,-0.10,0.10,28.30,17,17,0,0.34,0.30,0.40,28.50,17,17,0,0.68,0.50,0.90,27.95,17,0,0,0.10,0.00,0.20,28.86,17,17,0,1.08,1.00,1.10,28.47,17,17,0,0.21,0.20,0.30,28.06,17,17,0
231988,0.36,0.30,0.40,28.83,17,17,0,0.00,-0.10,0.10,28.32,17,17,0,0.34,0.30,0.40,28.51,17,17,0,0.74,0.50,1.00,27.94,17,0,0,0.10,0.10,0.10,28.86,17,17,0,1.09,1.00,1.10,28.47,17,17,0,0.24,0.20,0.30,28.06,17,17,0
232488,0.39,0.30,0.40,28.85,17,17,0,0.00,-0.10,0.10,28.33,17,17,0,0.32,0.30,0.40,28.53,17,17,0,0.75,0.50,0.90,27.95,17,0,0,0.11,0.10,0.20,28.87,17,17,0,1.08,1.00,1.10,28.47,17,17,0,0.22,0.20,0.30,28.08,17,17,0
233000,0.37,0.30,0.40,28.83,18,18,0,-0.01,-0.10,0.10,28.33,18,18,0,0.35,0.30,0.40,28.51,18,18,0,0.68,0.50,0.90,27.96,18,0,0,0.11,0.10,0.20,28.87,18,18,0,1.07,1.00,1.10,28.49,18,18,0,0.23,0.20,0.30,28.06,18,18,0
233502,0.36,0.30,0.40,28.84,17,17,0,-0.01,-0.10,0.10,28.31,17,17,0,0.36,0.30,0.40,28.51,17,17,0,0.74,0.50,1.00,27.96,17,0,0,0.11,0.10,0.20,28.86,17,17,0,1.07,1.00,1.10,28.48,17,17,0,0.22,0.20,0.30,28.06,17,17,0
234011,0.38,0.30,0.40,28.84,18,18,0,-0.02,-0.10,0.10,28.34,18,18,0,0.33,0.30,0.40,28.52,18,18,0,0.91,0.70,1.20,27.95,18,0,0,0.11,0.10,0.20,28.86,18,18,0,1.07,1.00,1.10,28.47,18,18,0,0.23,0.20,0.30,28.06,18,18,0
234515,0.37,0.30,0.40,28.84,17,17,0,-0.01,-0.10,0.10,28.33,17,17,0,0.35,0.30,0.40,28.52,17,17,0,1.05,0.90,1.50,27.96,17,0,0,0.11,0.10,0.20,28.85,17,17,0,1.08,1.00,1.10,28.48,17,17,0,0.22,0.20,0.30,28.07,17,17,0
235015,0.38,0.30,0.40,28.83,17,17,0,-0.01,-0.10,0.10,28.33,17,17,0,0.34,0.30,0.40,28.52,17,17,0,1.04,0.80,1.40,27.95,17,0,0,0.12,0.10,0.20,28.86,17,17,0,1.08,1.00,1.10,28.48,17,17,0,0.23,0.10,0.30,28.08,17,17,0
235515,0.38,0.30,0.40,28.84,17,17,0,0.01,-0.10,0.10,28.34,17,17,0,0.33,0.30,0.40,28.52,17,17,0,0.98,0.80,1.20,27.97,17,0,0,0.11,0.00,0.20,28.88,17,17,0,1.08,1.00,1.10,28.47,17,17,0,0.22,0.20,0.30,28.07,17,17,0
236015,0.36,0.30,0.40,28.85,17,17,0,-0.01,-0.10,0.10,28.33,17,17,0,0.33,0.30,0.40,28.52,17,17,0,0.98,0.80,1.20,27.97,17,0,0,0.11,0.10,0.20,28.87,17,17,0,1.07,1.00,1.10,28.47,17,17,0,0.22,0.20,0.30,28.08,17,17,0
236515,0.38,0.30,0.40,28.85,17,17,0,0.01,-0.10,0.10,28.34,17,17,0,0.33,0.30,0.40,28.52,17,17,0,0.83,0.50,1.10,27.97,17,0,0,0.11,0.10,0.20,28.88,17,17,0,1.07,1.00,1.10,28.47,17,17,0,0.21,0.20,0.30,28.08,17,17,0
237019,0.38,0.30,0.40,28.85,17,17,0,-0.01,-0.10,0.00,28.32,17,17,0,0.32,0.30,0.40,28.52,17,17,0,0.79,0.50,1.20,27.98,17,0,0,0.09,0.00,0.10,28.85,17,17,0,1.09,1.00,1.10,28.49,17,17,0,0.21,0.20,0.30,28.08,17,17,0
237519,0.39,0.30,0.40,28.87,17,17,0,0.01,-0.10,0.10,28.34,17,17,0,0.32,0.30,0.40,28.53,17,17,0,0.79,0.50,1.10,27.97,17,0,0,0.11,0.10,0.20,28.87,17,17,0,1.08,1.00,1.10,28.50,17,17,0,0.22,0.20,0.30,28.08,17,17,0
238019,0.38,0.30,0.40,28.86,17,17,0,0.01,-0.10,0.10,28.33,17,17,0,0.32,0.30,0.40,28.54,17,17,0,0.72,0.60,0.90,27.98,17,0,0,0.10,0.10,0.10,28.88,17,17,0,1.07,1.00,1.10,28.48,17,17,0,0.22,0.20,0.30,28.09,17,17,0
238519,0.39,0.30,0.40,28.87,17,17,0,0.00,-0.10,0.10,28.33,17,17,0,0.33,0.30,0.40,28.53,17,17,0,0.59,0.30,0.80,27.98,17,0,0,0.10,0.10,0.10,28.85,17,17,0,1.08,1.00,1.10,28.49,17,17,0,0.22,0.20,0.30,28.07,17,17,0
239030,0.38,0.30,0.40,28.87,17,17,0,0.01,-0.10,0.10,28.34,17,17,0,0.32,0.30,0.40,28.53,17,17,0,0.58,0.10,0.90,27.97,17,0,0,0.10,0.00,0.20,28.87,17,17,0,1.05,1.00,1.10,28.48,17,17,0,0.22,0.20,0.30,28.09,17,17,0
239530,0.38,0.30,0.40,28.85,17,17,0,-0.01,-0.10,0.10,28.34,17,17,0,0.34,0.30,0.40,28.52,17,17,0,0.62,0.40,0.90,27.98,17,0,0,0.11,0.10,0.20,28.86,17,17,0,1.08,1.00,1.10,28.47,17,17,0,0.23,0.20,0.30,28.10,17,17,0
240030,0.39,0.30,0.40,28.83,17,17,0,0.01,-0.10,0.10,28.34,17,17,0,0.33,0.30,0.40,28.53,17,17,0,0.65,0.50,0.90,27.99,17,0,0,0.12,0.10,0.20,28.89,17,17,0,1.08,1.00,1.10,28.48,17,17,0,0.24,0.20,0.30,28.09,17,17,0
240530,0.38,0.30,0.40,28.86,17,17,0,-0.02,-0.10,0.00,28.35,17,17,0,0.34,0.30,0.40,28.54,17,17,0,0.71,0.40,1.00,27.98,17,0,0,0.11,0.10,0.20,28.87,17,17,0,1.07,1.00,1.10,28.49,17,17,0,0.22,0.20,0.30,28.09,17,17,0
241030,0.38,0.30,0.40,28.85,17,17,0,-0.01,-0.10,0.10,28.34,17,17,0,0.32,0.30,0.40,28.53,17,17,0,0.72,0.50,0.90,27.98,17,0,0,0.10,0.10,0.10,28.88,17,17,0,1.08,1.00,1.10,28.48,17,17,0,0.22,0.20,0.30,28.09,17,17,0
241530,0.37,0.30,0.40,28.87,17,17,0,0.00,-0.10,0.10,28.34,17,17,0,0.32,0.30,0.40,28.52,17,17,0,0.80,0.60,0.90,27.99,17,0,0,0.11,0.10,0.20,28.89,17,17,0,1.08,1.00,1.10,28.48,17,17,0,0.24,0.20,0.30,28.11,17,17,0
242030,0.38,0.30,0.40,28.85,17,17,0,-0.01,-0.10,0.10,28.33,17,17,0,0.32,0.30,0.40,28.53,17,17,0,0.86,0.70,1.10,28.00,17,0,0,0.10,0.10,0.10,28.88,17,17,0,1.08,1.00,1.10,28.51,17,17,0,0.24,0.20,0.30,28.10,17,17,0
242530,0.38,0.30,0.40,28.85,17,17,0,0.01,-0.10,0.10,28.35,17,17,0,0.32,0.30,0.40,28.54,17,17,0,0.86,0.60,1.10,28.00,17,0,0,0.10,0.10,0.10,28.90,17,17,0,1.08,1.00,1.10,28.51,17,17,0,0.24,0.20,0.30,28.09,17,17,0
243030,0.38,0.30,0.40,28.85,17,17,0,-0.01,-0.10,0.00,28.34,17,17,0,0.35,0.30,0.40,28.55,17,17,0,0.86,0.60,1.00,28.01,17,0,0,0.12,0.10,0.20,28.90,17,17,0,1.08,1.00,1.10,28.49,17,17,0,0.21,0.20,0.30,28.09,17,17,0
243530,0.36,0.30,0.40,28.85,17,17,0,-0.02,-0.10,0.00,28.34,17,17,0,0.35,0.30,0.40,28.54,17,17,0,0.85,0.60,1.10,28.01,17,0,0,0.12,0.10,0.20,28.88,17,17,0,1.05,1.00,1.10,28.50,17,17,0,0.21,0.20,0.30,28.10,17,17,0
244030,0.40,0.40,0.40,28.87,17,17,0,-0.01,-0.10,0.10,28.35,17,17,0,0.35,0.30,0.40,28.53,17,17,0,0.74,0.50,1.00,28.00,17,0,0,0.11,0.10,0.20,28.88,17,17,0,1.08,1.00,1.10,28.52,17,17,0,0.21,0.20,0.30,28.09,17,17,0
244530,0.36,0.30,0.40,28.87,17,17,0,0.01,-0.10,0.10,28.36,17,17,0,0.34,0.30,0.40,28.55,17,17,0,0.74,0.50,0.90,28.00,17,0,0,0.11,0.10,0.20,28.91,17,17,0,1.05,1.00,1.10,28.50,17,17,0,0.21,0.10,0.30,28.09,17,17,0
245030,0.39,0.30,0.40,28.86,17,17,0,-0.01,-0.10,0.10,28.36,17,17,0,0.31,0.30,0.40,28.56,17,17,0,0.74,0.40,1.00,28.01,17,0,0,0.11,0.10,0.20,28.89,17,17,0,1.08,1.00,1.10,28.50,17,17,0,0.22,0.20,0.30,28.08,17,17,0
245531,0.38,0.30,0.40,28.85,17,17,0,-0.01,-0.10,0.00,28.34,17,17,0,0.31,0.30,0.40,28.54,17,17,0,0.71,0.60,0.90,28.01,17,0,0,0.10,0.10,0.10,28.88,17,17,0,1.08,1.00,1.10,28.51,17,17,0,0.20,0.20,0.20,28.09,17,17,0
246031,0.38,0.30,0.40,28.87,18,18,0,-0.02,-0.10,0.10,28.36,18,18,0,0.33,0.30,0.40,28.55,18,18,0,0.82,0.60,1.00,28.02,18,0,0,0.11,0.10,0.20,28.89,18,18,0,1.07,1.00,1.10,28.51,18,18,0,0.21,0.20,0.30,28.10,18,18,0
246539,0.38,0.30,0.40,28.87,17,17,0,-0.02,-0.10,0.10,28.37,17,17,0,0.32,0.30,0.40,28.55,17,17,0,0.82,0.60,1.00,28.01,17,0,0,0.11,0.10,0.20,28.89,17,17,0,1.07,1.00,1.10,28.52,17,17,0,0.23,0.20,0.30,28.10,17,17,0
247048,0.37,0.30,0.40,28.86,18,18,0,-0.01,-0.10,0.10,28.37,18,18,0,0.32,0.30,0.40,28.55,18,18,0,0.84,0.60,1.00,28.02,18,0,0,0.12,0.10,0.20,28.90,18,18,0,1.09,1.00,1.10,28.52,18,18,0,0.22,0.20,0.30,28.11,18,18,0
247560,0.39,0.30,0.40,28.88,18,18,0,-0.02,-0.10,0.10,28.38,18,18,0,0.32,0.30,0.40,28.54,18,18,0,0.81,0.50,1.10,28.03,18,0,0,0.11,0.10,0.20,28.89,18,18,0,1.06,1.00,1.10,28.51,18,18,0,0.21,0.20,0.30,28.11,18,18,0
248073,0.39,0.30,0.40,28.87,18,18,0,-0.02,-0.10,0.10,28.37,18,18,0,0.33,0.30,0.40,28.55,18,18,0,0.72,0.30,1.00,28.02,18,0,0,0.10,0.10,0.10,28.91,18,18,0,1.08,1.00,1.10,28.52,18,18,0,0.23,0.20,0.30,28.09,18,18,0
248573,0.38,0.30,0.40,28.88,17,17,0,0.00,-0.10,0.10,28.36,17,17,0,0.32,0.30,0.40,28.56,17,17,0,0.79,0.30,1.30,28.02,17,0,0,0.10,0.10,0.10,28.90,17,17,0,1.06,1.00,1.10,28.52,17,17,0,0.22,0.20,0.30,28.11,17,17,0
249073,0.38,0.30,0.40,28.90,17,17,0,-0.01,-0.10,0.10,28.38,17,17,0,0.30,0.30,0.30,28.55,17,17,0,0.98,0.80,1.30,28.03,17,0,0,0.12,0.10,0.20,28.91,17,17,0,1.06,1.00,1.10,28.51,17,17,0,0.21,0.20,0.30,28.12,17,17,0
249579,0.35,0.30,0.40,28.88,17,17,0,-0.01,-0.10,0.10,28.38,17,17,0,0.34,0.30,0.40,28.57,17,17,0,0.87,0.40,1.20,28.02,17,0,0,0.10,0.10,0.10,28.90,17,17,0,1.06,1.00,1.10,28.54,17,17,0,0.21,0.20,0.30,28.12,17,17,0
250079,0.37,0.30,0.40,28.88,17,17,0,0.00,-0.10,0.10,28.37,17,17,0,0.34,0.30,0.40,28.55,17,17,0,0.97,0.80,1.30,28.03,17,0,0,0.11,0.10,0.20,28.89,17,17,0,1.06,1.00,1.10,28.52,17,17,0,0.22,0.20,0.30,28.10,17,17,0
250580,0.37,0.30,0.40,28.87,17,17,0,-0.04,-0.10,0.10,28.37,17,17,0,0.33,0.30,0.40,28.56,17,17,0,0.93,0.70,1.30,28.03,17,0,0,0.10,0.10,0.10,28.92,17,17,0,1.08,1.00,1.10,28.52,17,17,0,0.22,0.20,0.30,28.11,17,17,0
251081,0.36,0.30,0.40,28.89,17,17,0,-0.02,-0.10,0.00,28.37,17,17,0,0.34,0.30,0.40,28.56,17,17,0,0.88,0.60,1.20,28.03,17,0,0,0.11,0.10,0.20,28.91,17,17,0,1.07,1.00,1.10,28.52,17,17,0,0.24,0.20,0.30,28.11,17,17,0
251593,0.37,0.30,0.40,28.89,18,18,0,-0.01,-0.10,0.00,28.38,18,18,0,0.34,0.30,0.40,28.57,18,18,0,0.89,0.70,1.10,28.03,18,0,0,0.11,0.10,0.20,28.89,18,18,0,1.08,1.00,1.10,28.54,18,18,0,0.24,0.20,0.30,28.12,18,18,0
252093,0.39,0.30,0.40,28.89,18,18,0,-0.02,-0.10,0.10,28.38,18,18,0,0.34,0.30,0.40,28.55,18,18,0,0.80,0.60,1.10,28.03,18,0,0,0.11,0.10,0.20,28.91,18,18,0,1.07,1.00,1.10,28.52,18,18,0,0.23,0.20,0.30,28.11,18,18,0
252604,0.36,0.30,0.40,28.89,17,17,0,-0.01,-0.10,0.10,28.38,17,17,0,0.32,0.30,0.40,28.57,17,17,0,0.72,0.40,0.90,28.02,17,0,0,0.12,0.10,0.20,28.91,17,17,0,1.07,1.00,1.10,28.54,17,17,0,0.26,0.20,0.30,28.12,17,17,0
253104,0.38,0.30,0.40,28.88,17,17,0,-0.01,-0.10,0.10,28.38,17,17,0,0.33,0.30,0.40,28.56,17,17,0,0.79,0.60,1.00,28.04,17,0,0,0.10,0.10,0.10,28.91,17,17,0,1.08,1.00,1.10,28.53,17,17,0,0.22,0.20,0.30,28.12,17,17,0
253609,0.36,0.30,0.40,28.90,17,17,0,-0.01,-0.10,0.00,28.39,17,17,0,0.33,0.30,0.40,28.57,17,17,0,0.78,0.60,1.10,28.04,17,0,0,0.12,0.10,0.20,28.92,17,17,0,1.06,1.00,1.10,28.53,17,17,0,0.22,0.20,0.30,28.13,17,17,0
254118,0.40,0.40,0.40,28.89,18,18,0,-0.02,-0.10,0.00,28.39,18,18,0,0.33,0.30,0.40,28.55,18,18,0,0.82,0.60,1.10,28.04,18,0,0,0.12,0.10,0.20,28.91,18,18,0,1.07,1.00,1.10,28.55,18,18,0,0.21,0.20,0.30,28.12,18,18,0
254627,0.38,0.30,0.40,28.90,18,18,0,0.00,-0.10,0.10,28.38,18,18,0,0.34,0.30,0.40,28.57,18,18,0,0.74,0.50,1.00,28.04,18,0,0,0.11,0.10,0.20,28.92,18,18,0,1.08,1.00,1.10,28.54,18,18,0,0.24,0.20,0.30,28.13,18,18,0
255127,0.38,0.30,0.40,28.89,17,17,0,-0.01,-0.10,0.10,28.39,17,17,0,0.33,0.30,0.40,28.56,17,17,0,0.76,0.40,1.10,28.04,17,0,0,0.11,0.10,0.20,28.92,17,17,0,1.06,1.00,1.10,28.54,17,17,0,0.24,0.20,0.30,28.13,17,17,0
255633,0.38,0.30,0.40,28.89,17,17,0,-0.03,-0.10,0.10,28.40,17,17,0,0.31,0.30,0.40,28.57,17,17,0,0.76,0.30,1.30,28.04,17,0,0,0.11,0.10,0.20,28.92,17,17,0,1.06,1.00,1.10,28.54,17,17,0,0.22,0.20,0.30,28.12,17,17,0
256145,0.39,0.30,0.40,28.90,18,18,0,-0.02,-0.10,0.10,28.39,18,18,0,0.33,0.30,0.40,28.56,18,18,0,0.78,0.70,0.90,28.06,18,0,0,0.11,0.10,0.20,28.91,18,18,0,1.08,1.00,1.10,28.54,18,18,0,0.24,0.20,0.30,28.11,18,18,0
256645,0.37,0.30,0.40,28.91,18,18,0,0.00,-0.10,0.10,28.38,18,18,0,0.33,0.30,0.40,28.57,18,18,0,0.74,0.50,1.00,28.05,18,0,0,0.12,0.10,0.20,28.93,18,18,0,1.09,1.00,1.10,28.54,18,18,0,0.22,0.20,0.30,28.13,18,18,0
257156,0.39,0.30,0.40,28.92,17,17,0,0.00,-0.10,0.10,28.39,17,17,0,0.34,0.30,0.40,28.57,17,17,0,0.69,0.40,0.90,28.04,17,0,0,0.11,0.10,0.20,28.92,17,17,0,1.06,1.00,1.10,28.55,17,17,0,0.25,0.20,0.30,28.14,17,17,0
257656,0.38,0.30,0.40,28.90,17,17,0,-0.04,-0.10,0.00,28.38,17,17,0,0.34,0.30,0.40,28.57,17,17,0,0.54,0.40,0.70,28.05,17,0,0,0.10,0.10,0.10,28.92,17,17,0,1.09,1.00,1.10,28.53,17,17,0,0.23,0.20,0.30,28.13,17,17,0
258156,0.37,0.30,0.40,28.91,17,17,0,-0.04,-0.10,0.10,28.40,17,17,0,0.32,0.30,0.40,28.56,17,17,0,0.51,0.30,0.80,28.04,17,0,0,0.10,0.10,0.10,28.93,17,17,0,1.06,1.00,1.10,28.55,17,17,0,0.24,0.20,0.30,28.13,17,17,0
258662,0.38,0.30,0.40,28.90,17,17,0,-0.02,-0.10,0.10,28.38,17,17,0,0.32,0.30,0.40,28.58,17,17,0,0.55,0.40,0.90,28.07,17,0,0,0.11,0.10,0.20,28.91,17,17,0,1.08,1.00,1.10,28.56,17,17,0,0.25,0.20,0.30,28.13,17,17,0
259162,0.38,0.30,0.40,28.91,17,17,0,-0.01,-0.10,0.10,28.41,17,17,0,0.32,0.30,0.40,28.57,17,17,0,0.64,0.40,0.80,28.07,17,0,0,0.12,0.10,0.20,28.94,17,17,0,1.09,1.00,1.10,28.54,17,17,0,0.23,0.20,0.30,28.14,17,17,0
259662,0.38,0.30,0.40,28.92,18,18,0,-0.01,-0.10,0.10,28.41,18,18,0,0.35,0.30,0.40,28.58,18,18,0,0.75,0.50,1.00,28.05,18,0,0,0.12,0.00,0.20,28.93,18,18,0,1.08,1.00,1.10,28.55,18,18,0,0.23,0.20,0.30,28.12,18,18,0
260162,0.38,0.30,0.40,28.91,17,17,0,-0.02,-0.10,0.10,28.39,17,17,0,0.32,0.30,0.40,28.58,17,17,0,0.48,0.10,0.90,28.05,17,0,0,0.12,0.10,0.20,28.92,17,17,0,1.07,1.00,1.10,28.56,17,17,0,0.24,0.20,0.30,28.13,17,17,0
260662,0.38,0.30,0.40,28.91,17,17,0,0.01,-0.10,0.10,28.39,17,17,0,0.35,0.30,0.40,28.58,17,17,0,0.66,0.50,0.90,28.07,17,0,0,0.12,0.10,0.20,28.93,17,17,0,1.05,1.00,1.10,28.56,17,17,0,0.24,0.20,0.30,28.14,17,17,0
261162,0.39,0.30,0.40,28.91,16,16,0,-0.01,-0.10,0.10,28.40,16,16,0,0.31,0.30,0.40,28.58,16,16,0,0.83,0.60,1.10,28.07,16,0,0,0.10,0.00,0.20,28.94,16,16,0,1.09,1.00,1.10,28.55,16,16,0,0.24,0.20,0.30,28.15,16,16,0
261664,0.38,0.30,0.40,28.92,17,17,0,-0.02,-0.10,0.10,28.41,17,17,0,0.33,0.30,0.40,28.57,17,17,0,0.66,0.40,1.10,28.07,17,0,0,0.11,0.10,0.20,28.92,17,17,0,1.08,1.00,1.10,28.57,17,17,0,0.24,0.20,0.30,28.14,17,17,0
262164,0.38,0.30,0.40,28.90,17,17,0,-0.02,-0.10,0.00,28.40,17,17,0,0.33,0.30,0.40,28.57,17,17,0,0.68,0.40,1.00,28.06,17,0,0,0.12,0.10,0.20,28.94,17,17,0,1.05,1.00,1.10,28.56,17,17,0,0.24,0.20,0.30,28.15,17,17,0
262673,0.37,0.30,0.40,28.92,18,18,0,-0.03,-0.10,0.10,28.41,18,18,0,0.33,0.30,0.40,28.59,18,18,0,0.73,0.40,1.00,28.07,18,0,0,0.10,0.10,0.10,28.94,18,18,0,1.07,1.00,1.10,28.56,18,18,0,0.23,0.20,0.30,28.14,18,18,0
263182,0.39,0.30,0.40,28.91,18,18,0,0.01,-0.10,0.10,28.40,18,18,0,0.32,0.30,0.40,28.57,18,18,0,0.71,0.50,1.00,28.08,18,0,0,0.10,0.10,0.10,28.93,18,18,0,1.07,1.00,1.10,28.56,18,18,0,0.22,0.20,0.30,28.15,18,18,0
263685,0.39,0.30,0.40,28.92,17,17,0,0.01,-0.10,0.10,28.41,17,17,0,0.33,0.30,0.40,28.58,17,17,0,0.73,0.50,1.00,28.07,17,0,0,0.12,0.10,0.20,28.92,17,17,0,1.08,1.00,1.10,28.58,17,17,0,0.22,0.20,0.30,28.13,17,17,0
264194,0.39,0.30,0.40,28.91,18,18,0,-0.01,-0.10,0.10,28.41,18,18,0,0.33,0.30,0.40,28.59,18,18,0,0.73,0.50,1.00,28.07,18,0,0,0.12,0.10,0.20,28.95,18,18,0,1.09,1.00,1.10,28.57,18,18,0,0.22,0.20,0.30,28.14,18,18,0
264694,0.37,0.30,0.40,28.93,17,17,0,-0.03,-0.10,0.00,28.40,17,17,0,0.35,0.30,0.40,28.59,17,17,0,0.71,0.40,0.90,28.08,17,0,0,0.12,0.10,0.20,28.94,17,17,0,1.06,1.00,1.10,28.57,17,17,0,0.21,0.20,0.30,28.16,17,17,0
265194,0.37,0.30,0.40,28.92,17,17,0,-0.01,-0.10,0.00,28.41,17,17,0,0.34,0.30,0.40,28.57,17,17,0,0.69,0.40,0.90,28.07,17,0,0,0.10,0.10,0.10,28.94,17,17,0,1.06,1.00,1.10,28.57,17,17,0,0.24,0.20,0.30,28.14,17,17,0
265694,0.38,0.30,0.40,28.92,17,17,0,-0.02,-0.10,0.10,28.41,17,17,0,0.34,0.30,0.40,28.58,17,17,0,0.65,0.40,1.00,28.07,17,0,0,0.11,0.10,0.20,28.93,17,17,0,1.07,1.00,1.10,28.56,17,17,0,0.24,0.20,0.30,28.15,17,17,0
266194,0.38,0.30,0.40,28.90,17,17,0,-0.01,-0.10,0.10,28.41,17,17,0,0.34,0.30,0.40,28.60,17,17,0,0.67,0.50,1.00,28.08,17,0,0,0.10,0.10,0.10,28.94,17,17,0,1.09,1.00,1.10,28.57,17,17,0,0.23,0.20,0.30,28.15,17,17,0
266694,0.38,0.30,0.40,28.92,18,18,0,-0.04,-0.10,0.10,28.42,18,18,0,0.33,0.30,0.40,28.59,18,18,0,0.72,0.30,1.00,28.09,18,0,0,0.11,0.10,0.20,28.95,18,18,0,1.09,1.00,1.10,28.57,18,18,0,0.25,0.20,0.30,28.15,18,18,0
267199,0.38,0.30,0.40,28.93,17,17,0,-0.02,-0.10,0.10,28.42,17,17,0,0.34,0.30,0.40,28.59,17,17,0,0.71,0.60,0.90,28.09,17,0,0,0.11,0.10,0.20,28.96,17,17,0,1.05,1.00,1.10,28.57,17,17,0,0.26,0.20,0.30,28.14,17,17,0
267699,0.38,0.30,0.40,28.92,17,17,0,-0.01,-0.10,0.00,28.41,17,17,0,0.34,0.30,0.40,28.60,17,17,0,0.72,0.50,0.90,28.09,17,0,0,0.11,0.10,0.20,28.94,17,17,0,1.08,1.00,1.10,28.56,17,17,0,0.24,0.20,0.30,28.14,17,17,0
268199,0.39,0.30,0.40,28.91,17,17,0,-0.02,-0.10,0.10,28.45,17,17,0,0.35,0.30,0.40,28.60,17,17,0,0.72,0.40,0.90,28.08,17,0,0,0.12,0.10,0.20,28.97,17,17,0,1.07,1.00,1.10,28.58,17,17,0,0.23,0.20,0.30,28.14,17,17,0
268699,0.38,0.30,0.40,28.92,17,17,0,-0.01,-0.10,0.10,28.41,17,17,0,0.35,0.30,0.40,28.59,17,17,0,0.69,0.40,0.90,28.10,17,0,0,0.11,0.10,0.20,28.95,17,17,0,1.05,1.00,1.10,28.57,17,17,0,0.24,0.20,0.30,28.15,17,17,0
269199,0.37,0.30,0.40,28.93,17,17,0,-0.01,-0.10,0.10,28.43,17,17,0,0.33,0.30,0.40,28.60,17,17,0,0.71,0.40,0.90,28.09,17,0,0,0.12,0.10,0.20,28.96,17,17,0,1.06,1.00,1.10,28.59,17,17,0,0.24,0.20,0.30,28.16,17,17,0
269711,0.37,0.30,0.40,28.94,18,18,0,0.00,-0.10,0.10,28.42,18,18,0,0.35,0.30,0.40,28.60,18,18,0,0.72,0.50,0.90,28.09,18,0,0,0.12,0.10,0.20,28.96,18,18,0,1.07,1.00,1.10,28.58,18,18,0,0.23,0.20,0.30,28.16,18,18,0
270211,0.39,0.30,0.40,28.92,17,17,0,-0.01,-0.10,0.10,28.43,17,17,0,0.35,0.30,0.40,28.60,17,17,0,0.72,0.50,1.00,28.09,17,0,0,0.11,0.10,0.20,28.97,17,17,0,1.06,1.00,1.10,28.59,17,17,0,0.24,0.20,0.30,28.17,17,17,0
270712,0.38,0.30,0.40,28.93,17,17,0,-0.01,-0.10,0.00,28.43,17,17,0,0.32,0.30,0.40,28.60,17,17,0,0.71,0.50,1.10,28.10,17,0,0,0.11,0.10,0.20,28.96,17,17,0,1.06,1.00,1.10,28.57,17,17,0,0.26,0.20,0.30,28.17,17,17,0
271212,0.38,0.30,0.40,28.94,17,17,0,-0.04,-0.10,0.00,28.43,17,17,0,0.36,0.30,0.40,28.59,17,17,0,0.74,0.50,0.90,28.09,17,0,0,0.12,0.10,0.20,28.97,17,17,0,1.06,1.00,1.10,28.58,17,17,0,0.22,0.20,0.30,28.17,17,17,0
271718,0.37,0.30,0.40,28.94,17,17,0,-0.02,-0.10,0.10,28.43,17,17,0,0.33,0.30,0.40,28.58,17,17,0,0.72,0.50,1.00,28.08,17,0,0,0.12,0.10,0.20,28.97,17,17,0,1.08,1.00,1.10,28.59,17,17,0,0.22,0.20,0.30,28.17,17,17,0
272218,0.39,0.30,0.40,28.93,17,17,0,0.00,-0.10,0.10,28.43,17,17,0,0.34,0.30,0.40,28.60,17,17,0,0.74,0.50,0.90,28.10,17,0,0,0.12,0.10,0.20,28.97,17,17,0,1.08,1.00,1.10,28.58,17,17,0,0.24,0.20,0.30,28.16,17,17,0
272718,0.39,0.30,0.40,28.94,17,17,0,0.01,-0.10,0.10,28.44,17,17,0,0.35,0.30,0.40,28.61,17,17,0,0.76,0.40,1.00,28.09,17,0,0,0.11,0.10,0.20,28.97,17,17,0,1.07,1.00,1.10,28.59,17,17,0,0.26,0.20,0.30,28.15,17,17,0
273228,0.37,0.30,0.40,28.95,17,17,0,-0.02,-0.10,0.10,28.43,17,17,0,0.35,0.30,0.40,28.61,17,17,0,0.77,0.50,1.00,28.10,17,0,0,0.11,0.10,0.20,28.97,17,17,0,1.08,1.00,1.10,28.59,17,17,0,0.24,0.20,0.30,28.17,17,17,0
273740,0.39,0.30,0.40,28.94,17,17,0,-0.01,-0.10,0.10,28.43,17,17,0,0.32,0.30,0.40,28.59,17,17,0,0.68,0.50,0.90,28.11,17,0,0,0.11,0.10,0.20,28.98,17,17,0,1.08,1.00,1.10,28.59,17,17,0,0.24,0.20,0.30,28.17,17,17,0
274240,0.38,0.30,0.40,28.93,17,17,0,0.00,-0.10,0.10,28.44,17,17,0,0.33,0.30,0.40,28.59,17,17,0,0.66,0.40,0.90,28.11,17,0,0,0.10,0.10,0.10,28.98,17,17,0,1.07,1.00,1.10,28.61,17,17,0,0.21,0.20,0.30,28.16,17,17,0
274740,0.38,0.30,0.40,28.94,17,17,0,-0.02,-0.10,0.10,28.42,17,17,0,0.32,0.30,0.40,28.60,17,17,0,0.65,0.40,0.80,28.11,17,0,0,0.11,0.10,0.20,28.98,17,17,0,1.05,1.00,1.10,28.60,17,17,0,0.22,0.20,0.30,28.16,17,17,0
275240,0.36,0.30,0.40,28.94,17,17,0,-0.02,-0.10,0.00,28.45,17,17,0,0.34,0.30,0.40,28.61,17,17,0,0.59,0.40,0.80,28.10,17,0,0,0.11,0.10,0.20,28.99,17,17,0,1.08,1.00,1.10,28.60,17,17,0,0.24,0.20,0.30,28.18,17,17,0
275740,0.38,0.30,0.40,28.94,17,17,0,-0.02,-0.10,0.10,28.45,17,17,0,0.31,0.30,0.40,28.61,17,17,0,0.59,0.30,0.80,28.10,17,0,0,0.12,0.10,0.20,28.97,17,17,0,1.06,1.00,1.10,28.60,17,17,0,0.24,0.20,0.30,28.17,17,17,0
276249,0.37,0.30,0.40,28.94,18,18,0,-0.01,-0.10,0.00,28.44,18,18,0,0.32,0.30,0.40,28.62,18,18,0,0.57,0.30,0.80,28.11,18,0,0,0.11,0.10,0.20,28.98,18,18,0,1.05,1.00,1.10,28.59,18,18,0,0.24,0.20,0.30,28.16,18,18,0
276761,0.36,0.30,0.40,28.96,18,18,0,-0.04,-0.10,0.10,28.44,18,18,0,0.33,0.30,0.40,28.60,18,18,0,0.62,0.40,0.90,28.11,18,0,0,0.10,0.10,0.10,28.99,18,18,0,1.07,1.00,1.10,28.59,18,18,0,0.24,0.20,0.30,28.18,18,18,0
277270,0.38,0.30,0.40,28.94,18,18,0,0.02,-0.10,0.10,28.45,18,18,0,0.32,0.30,0.40,28.61,18,18,0,0.62,0.40,0.80,28.11,18,0,0,0.11,0.10,0.20,28.96,18,18,0,1.05,1.00,1.10,28.61,18,18,0,0.23,0.20,0.30,28.18,18,18,0
277770,0.39,0.30,0.40,28.95,17,17,0,-0.01,-0.10,0.10,28.44,17,17,0,0.32,0.30,0.40,28.61,17,17,0,0.62,0.30,0.90,28.12,17,0,0,0.11,0.10,0.20,28.97,17,17,0,1.06,1.00,1.10,28.61,17,17,0,0.24,0.20,0.30,28.18,17,17,0
278270,0.34,0.30,0.40,28.94,17,17,0,-0.01,-0.10,0.10,28.44,17,17,0,0.32,0.30,0.40,28.62,17,17,0,0.56,0.20,1.00,28.12,17,0,0,0.12,0.10,0.20,28.97,17,17,0,1.06,1.00,1.10,28.60,17,17,0,0.25,0.20,0.30,28.17,17,17,0
278777,0.37,0.30,0.40,28.93,17,17,0,-0.02,-0.10,0.10,28.44,17,17,0,0.35,0.30,0.40,28.63,17,17,0,0.58,0.30,0.80,28.12,17,0,0,0.11,0.10,0.20,28.96,17,17,0,1.06,1.00,1.10,28.61,17,17,0,0.22,0.20,0.30,28.16,17,17,0
279277,0.38,0.30,0.40,28.95,17,17,0,-0.03,-0.10,0.10,28.47,17,17,0,0.36,0.30,0.40,28.61,17,17,0,0.49,-0.40,1.30,28.11,17,0,0,0.11,0.10,0.20,28.98,17,17,0,1.07,1.00,1.10,28.62,17,17,0,0.24,0.20,0.30,28.20,17,17,0
279782,0.39,0.30,0.40,28.96,17,17,0,-0.05,-0.10,0.10,28.44,17,17,0,0.36,0.30,0.40,28.62,17,17,0,0.60,0.30,0.90,28.13,17,0,0,0.11,0.10,0.20,28.98,17,17,0,1.07,1.00,1.10,28.61,17,17,0,0.23,0.20,0.30,28.18,17,17,0
280282,0.38,0.30,0.40,28.96,17,17,0,0.00,-0.10,0.10,28.43,17,17,0,0.34,0.30,0.40,28.62,17,17,0,0.48,0.30,0.70,28.13,17,0,0,0.10,0.10,0.10,28.99,17,17,0,1.08,1.00,1.10,28.60,17,17,0,0.22,0.20,0.30,28.19,17,17,0
280792,0.39,0.30,0.40,28.96,17,17,0,-0.01,-0.10,0.00,28.44,17,17,0,0.34,0.30,0.40,28.62,17,17,0,0.54,0.10,1.10,28.12,17,0,0,0.11,0.10,0.20,28.98,17,17,0,1.08,1.00,1.10,28.63,17,17,0,0.23,0.20,0.30,28.19,17,17,0
281292,0.38,0.30,0.40,28.97,17,17,0,0.01,-0.10,0.10,28.43,17,17,0,0.34,0.30,0.40,28.61,17,17,0,0.54,0.30,0.70,28.11,17,0,0,0.11,0.10,0.20,28.99,17,17,0,1.06,1.00,1.10,28.60,17,17,0,0.22,0.20,0.30,28.20,17,17,0
281795,0.38,0.30,0.40,28.95,17,17,0,-0.01,-0.10,0.10,28.46,17,17,0,0.33,0.30,0.40,28.62,17,17,0,0.56,0.30,0.70,28.13,17,0,0,0.10,0.10,0.10,28.98,17,17,0,1.06,1.00,1.10,28.61,17,17,0,0.24,0.20,0.30,28.18,17,17,0
282295,0.39,0.30,0.40,28.94,17,17,0,-0.02,-0.10,0.10,28.45,17,17,0,0.34,0.30,0.40,28.61,17,17,0,0.64,0.40,0.90,28.12,17,0,0,0.11,0.10,0.20,28.98,17,17,0,1.08,1.00,1.10,28.62,17,17,0,0.24,0.20,0.30,28.19,17,17,0
282807,0.37,0.30,0.40,28.96,18,18,0,-0.02,-0.10,0.10,28.47,18,18,0,0.33,0.30,0.40,28.61,18,18,0,0.62,-0.30,1.80,28.12,18,0,0,0.10,0.10,0.10,28.99,18,18,0,1.07,1.00,1.10,28.62,18,18,0,0.23,0.20,0.30,28.20,18,18,0
283307,0.37,0.30,0.40,28.96,18,18,0,-0.02,-0.10,0.00,28.46,18,18,0,0.33,0.30,0.40,28.63,18,18,0,0.66,0.40,1.10,28.11,18,0,0,0.09,0.00,0.10,28.98,18,18,0,1.05,1.00,1.10,28.61,18,18,0,0.22,0.20,0.30,28.18,18,18,0
283820,0.38,0.30,0.40,28.97,17,17,0,-0.01,-0.10,0.10,28.48,17,17,0,0.32,0.30,0.40,28.64,17,17,0,0.62,0.30,0.80,28.13,17,0,0,0.12,0.10,0.20,28.99,17,17,0,1.06,1.00,1.10,28.62,17,17,0,0.22,0.20,0.30,28.19,17,17,0
284320,0.37,0.30,0.40,28.95,17,17,0,-0.01,-0.10,0.10,28.45,17,17,0,0.36,0.30,0.40,28.60,17,17,0,0.68,0.50,0.80,28.13,17,0,0,0.11,0.10,0.20,29.00,17,17,0,1.08,1.00,1.10,28.61,17,17,0,0.24,0.20,0.30,28.20,17,17,0
284820,0.36,0.30,0.40,28.96,17,17,0,-0.02,-0.10,0.00,28.46,17,17,0,0.34,0.30,0.40,28.63,17,17,0,0.79,-0.10,2.20,28.15,17,0,0,0.11,0.10,0.20,29.00,17,17,0,1.06,1.00,1.10,28.65,17,17,0,0.21,0.20,0.30,28.20,17,17,0
285324,0.39,0.30,0.40,28.97,17,17,0,0.00,-0.10,0.10,28.46,17,17,0,0.32,0.30,0.40,28.62,17,17,0,1.02,-3.00,7.40,28.13,17,0,0,0.12,0.00,0.20,29.00,17,17,0,1.07,1.00,1.10,28.65,17,17,0,0.24,0.20,0.30,28.19,17,17,0
285833,0.38,0.30,0.40,28.96,17,17,0,0.01,0.00,0.10,28.47,17,17,0,0.35,0.30,0.40,28.62,17,17,0,0.80,-1.00,2.20,28.11,17,0,0,0.11,0.10,0.20,28.98,17,17,0,1.06,1.00,1.10,28.63,17,17,0,0.23,0.20,0.30,28.19,17,17,0
286333,0.38,0.30,0.40,28.97,17,17,0,-0.02,-0.10,0.00,28.46,17,17,0,0.36,0.30,0.40,28.63,17,17,0,0.78,-2.30,2.30,28.13,17,0,0,0.10,0.10,0.10,29.01,17,17,0,1.07,1.00,1.10,28.63,17,17,0,0.25,0.20,0.30,28.20,17,17,0
286838,0.35,0.30,0.40,28.96,17,17,0,0.01,-0.10,0.10,28.47,17,17,0,0.35,0.30,0.40,28.63,17,17,0,0.81,-0.90,2.30,28.12,17,0,0,0.11,0.10,0.20,29.01,17,17,0,1.07,1.00,1.10,28.62,17,17,0,0.22,0.20,0.30,28.19,17,17,0
287339,0.39,0.30,0.40,28.99,17,17,0,-0.02,-0.10,0.10,28.47,17,17,0,0.36,0.30,0.40,28.64,17,17,0,0.95,-0.20,1.60,28.13,17,0,0,0.10,0.10,0.10,29.01,17,17,0,1.07,1.00,1.10,28.64,17,17,0,0.22,0.20,0.30,28.19,17,17,0
287839,0.35,0.30,0.40,28.96,16,16,0,0.01,0.00,0.10,28.46,16,16,0,0.33,0.30,0.40,28.64,16,16,0,1.04,0.40,1.70,28.13,16,0,0,0.10,0.00,0.20,29.00,16,16,0,1.07,1.00,1.10,28.64,16,16,0,0.24,0.20,0.30,28.22,16,16,0
288345,0.36,0.30,0.40,28.96,17,17,0,-0.01,-0.10,0.10,28.46,17,17,0,0.31,0.30,0.40,28.62,17,17,0,0.94,0.30,1.40,28.14,17,0,0,0.11,0.10,0.20,29.01,17,17,0,1.08,1.00,1.10,28.63,17,17,0,0.24,0.20,0.30,28.20,17,17,0
288845,0.38,0.30,0.40,28.98,17,17,0,0.00,-0.10,0.10,28.47,17,17,0,0.32,0.30,0.40,28.63,17,17,0,0.85,-0.10,1.60,28.14,17,0,0,0.11,0.10,0.20,29.01,17,17,0,1.08,1.00,1.10,28.61,17,17,0,0.21,0.20,0.30,28.20,17,17,0
289345,0.38,0.30,0.40,28.97,17,17,0,-0.02,-0.10,0.10,28.48,17,17,0,0.35,0.30,0.40,28.62,17,17,0,0.81,0.20,1.40,28.16,17,0,0,0.11,0.10,0.20,29.01,17,17,0,1.06,1.00,1.10,28.64,17,17,0,0.24,0.20,0.30,28.20,17,17,0
289846,0.38,0.30,0.40,28.97,17,17,0,-0.02,-0.10,0.10,28.48,17,17,0,0.35,0.30,0.40,28.62,17,17,0,0.79,0.00,1.40,28.15,17,0,0,0.10,0.10,0.10,29.01,17,17,0,1.06,1.00,1.10,28.63,17,17,0,0.25,0.20,0.30,28.20,17,17,0
290358,0.38,0.30,0.40,28.98,18,18,0,0.01,-0.10,0.10,28.48,18,18,0,0.33,0.30,0.40,28.63,18,18,0,0.93,0.20,1.50,28.13,18,0,0,0.11,0.10,0.20,29.01,18,18,0,1.08,1.00,1.10,28.64,18,18,0,0.24,0.20,0.30,28.20,18,18,0
290858,0.39,0.30,0.40,28.97,17,17,0,-0.01,-0.10,0.10,28.48,17,17,0,0.34,0.30,0.40,28.65,17,17,0,0.92,0.40,1.30,28.14,17,0,0,0.11,0.10,0.20,29.03,17,17,0,1.07,1.00,1.10,28.64,17,17,0,0.24,0.20,0.30,28.21,17,17,0
291358,0.38,0.30,0.40,28.98,17,17,0,0.01,0.00,0.10,28.48,17,17,0,0.33,0.30,0.40,28.63,17,17,0,0.86,0.40,1.20,28.14,17,0,0,0.11,0.10,0.20,29.01,17,17,0,1.07,1.00,1.10,28.64,17,17,0,0.22,0.20,0.30,28.20,17,17,0
291858,0.38,0.30,0.40,28.97,17,17,0,-0.01,-0.10,0.10,28.48,17,17,0,0.32,0.30,0.40,28.63,17,17,0,0.86,0.50,1.40,28.15,17,0,0,0.11,0.10,0.20,29.02,17,17,0,1.08,1.00,1.10,28.65,17,17,0,0.22,0.20,0.30,28.21,17,17,0
292358,0.38,0.30,0.40,28.97,17,17,0,-0.01,-0.10,0.10,28.50,17,17,0,0.32,0.30,0.40,28.63,17,17,0,0.85,0.40,1.40,28.16,17,0,0,0.12,0.10,0.20,29.02,17,17,0,1.06,1.00,1.10,28.64,17,17,0,0.24,0.20,0.30,28.20,17,17,0
292858,0.38,0.30,0.40,28.98,17,17,0,-0.01,-0.10,0.00,28.50,17,17,0,0.35,0.30,0.40,28.64,17,17,0,1.02,0.50,1.60,28.16,17,0,0,0.12,0.10,0.20,29.00,17,17,0,1.09,1.00,1.10,28.64,17,17,0,0.23,0.20,0.30,28.21,17,17,0
293358,0.37,0.30,0.40,28.97,17,17,0,-0.01,-0.10,0.10,28.49,17,17,0,0.35,0.30,0.40,28.65,17,17,0,1.04,0.60,1.60,28.15,17,0,0,0.11,0.10,0.20,29.01,17,17,0,1.07,1.00,1.10,28.66,17,17,0,0.22,0.20,0.30,28.22,17,17,0
293870,0.37,0.30,0.40,28.99,18,18,0,0.01,-0.10,0.10,28.49,18,18,0,0.36,0.30,0.40,28.64,18,18,0,0.79,0.30,1.10,28.15,18,0,0,0.11,0.10,0.20,29.01,18,18,0,1.07,1.00,1.10,28.64,18,18,0,0.23,0.20,0.30,28.21,18,18,0
294373,0.36,0.30,0.40,28.97,17,17,0,0.02,-0.10,0.10,28.48,17,17,0,0.35,0.30,0.40,28.64,17,17,0,0.69,0.10,1.20,28.16,17,0,0,0.11,0.10,0.20,29.01,17,17,0,1.08,1.00,1.10,28.64,17,17,0,0.25,0.20,0.30,28.20,17,17,0
294873,0.36,0.30,0.40,28.99,17,17,0,-0.01,-0.10,0.00,28.49,17,17,0,0.34,0.30,0.40,28.62,17,17,0,0.68,0.40,1.00,28.16,17,0,0,0.10,0.00,0.20,29.00,17,17,0,1.07,1.00,1.10,28.66,17,17,0,0.24,0.20,0.30,28.21,17,17,0
295373,0.39,0.30,0.50,28.99,17,17,0,0.00,-0.10,0.10,28.48,17,17,0,0.33,0.30,0.40,28.65,17,17,0,0.86,-1.50,3.80,28.16,17,0,0,0.10,0.10,0.10,29.04,17,17,0,1.06,1.00,1.10,28.65,17,17,0,0.22,0.20,0.30,28.22,17,17,0
295879,0.39,0.30,0.40,28.99,17,17,0,-0.02,-0.10,0.10,28.50,17,17,0,0.34,0.30,0.40,28.63,17,17,0,1.16,-0.40,2.60,28.16,17,0,0,0.11,0.10,0.20,29.01,17,17,0,1.07,1.00,1.20,28.66,17,17,0,0.22,0.20,0.30,28.21,17,17,0
296383,0.39,0.30,0.40,28.99,17,17,0,-0.01,-0.10,0.10,28.48,17,17,0,0.31,0.30,0.40,28.64,17,17,0,1.11,0.30,1.80,28.15,17,0,0,0.11,0.10,0.20,29.01,17,17,0,1.07,1.00,1.10,28.65,17,17,0,0.24,0.20,0.30,28.22,17,17,0
296883,0.37,0.30,0.40,28.98,17,17,0,-0.02,-0.10,0.00,28.49,17,17,0,0.33,0.30,0.40,28.64,17,17,0,0.92,0.30,1.50,28.17,17,0,0,0.10,0.10,0.10,29.01,17,17,0,1.08,1.00,1.10,28.64,17,17,0,0.24,0.20,0.30,28.21,17,17,0
297383,0.38,0.30,0.40,28.99,17,17,0,-0.03,-0.10,0.00,28.49,17,17,0,0.35,0.30,0.40,28.66,17,17,0,0.84,0.40,1.40,28.16,17,0,0,0.10,0.10,0.10,29.02,17,17,0,1.06,1.00,1.10,28.64,17,17,0,0.24,0.20,0.30,28.23,17,17,0
297893,0.38,0.30,0.40,28.99,17,17,0,-0.01,-0.10,0.10,28.48,17,17,0,0.34,0.30,0.40,28.65,17,17,0,0.85,0.50,1.30,28.16,17,0,0,0.12,0.10,0.20,29.03,17,17,0,1.07,1.00,1.10,28.65,17,17,0,0.22,0.20,0.30,28.21,17,17,0
298402,0.39,0.30,0.40,28.99,18,18,0,-0.02,-0.10,0.10,28.50,18,18,0,0.32,0.30,0.40,28.65,18,18,0,0.78,0.50,1.10,28.17,18,0,0,0.11,0.10,0.20,29.01,18,18,0,1.07,1.00,1.10,28.65,18,18,0,0.23,0.20,0.30,28.21,18,18,0
298902,0.39,0.30,0.40,28.98,17,17,0,-0.03,-0.10,0.00,28.50,17,17,0,0.36,0.30,0.40,28.65,17,17,0,0.74,0.30,1.00,28.15,17,0,0,0.11,0.10,0.20,29.01,17,17,0,1.06,1.00,1.10,28.65,17,17,0,0.24,0.20,0.30,28.21,17,17,0
299402,0.38,0.30,0.40,28.99,17,17,0,-0.01,-0.10,0.00,28.51,17,17,0,0.34,0.30,0.40,28.66,17,17,0,0.94,0.60,1.20,28.16,17,0,0,0.11,0.10,0.20,29.02,17,17,0,1.06,1.00,1.10,28.66,17,17,0,0.22,0.20,0.30,28.21,17,17,0
299907,0.38,0.30,0.40,28.98,17,17,0,-0.01,-0.10,0.10,28.50,17,17,0,0.35,0.30,0.40,28.65,17,17,0,0.96,0.60,1.20,28.14,17,0,0,0.10,0.10,0.10,29.03,17,17,0,1.07,1.00,1.10,28.65,17,17,0,0.22,0.20,0.30,28.22,17,17,0
300407,0.39,0.30,0.40,28.99,17,17,0,-0.01,-0.10,0.10,28.51,17,17,0,0.32,0.30,0.40,28.66,17,17,0,0.95,0.60,1.30,28.16,17,0,0,0.11,0.10,0.20,29.03,17,17,0,1.08,1.00,1.10,28.65,17,17,0,0.23,0.20,0.30,28.22,17,17,0
300907,0.38,0.30,0.40,29.00,17,17,0,-0.01,-0.10,0.10,28.50,17,17,0,0.34,0.30,0.40,28.64,17,17,0,0.82,0.60,1.00,28.16,17,0,0,0.10,0.10,0.10,29.04,17,17,0,1.05,1.00,1.10,28.66,17,17,0,0.21,0.20,0.30,28.22,17,17,0
301411,0.38,0.30,0.40,28.99,17,17,0,-0.03,-0.10,0.00,28.49,17,17,0,0.34,0.30,0.40,28.63,17,17,0,0.69,0.30,0.90,28.17,17,0,0,0.12,0.10,0.20,29.02,17,17,0,1.07,1.00,1.10,28.66,17,17,0,0.22,0.20,0.30,28.22,17,17,0
301915,0.39,0.30,0.40,28.98,17,17,0,-0.01,-0.10,0.10,28.48,17,17,0,0.33,0.30,0.40,28.64,17,17,0,0.68,0.50,0.90,28.18,17,0,0,0.11,0.10,0.20,29.02,17,17,0,1.06,1.00,1.10,28.66,17,17,0,0.23,0.20,0.30,28.23,17,17,0
302415,0.38,0.30,0.40,28.99,17,17,0,0.01,-0.10,0.10,28.50,17,17,0,0.34,0.30,0.40,28.65,17,17,0,0.81,0.60,1.20,28.17,17,0,0,0.10,0.00,0.20,29.04,17,17,0,1.07,1.00,1.10,28.65,17,17,0,0.22,0.20,0.30,28.25,17,17,0
302916,0.38,0.30,0.40,28.99,17,17,0,-0.02,-0.10,0.10,28.51,17,17,0,0.32,0.30,0.40,28.65,17,17,0,0.81,0.50,1.20,28.16,17,0,0,0.11,0.10,0.20,29.03,17,17,0,1.08,1.00,1.10,28.65,17,17,0,0.22,0.20,0.30,28.23,17,17,0
303416,0.38,0.30,0.40,28.97,17,17,0,-0.03,-0.10,0.00,28.50,17,17,0,0.31,0.30,0.40,28.65,17,17,0,0.91,0.60,1.20,28.18,17,0,0,0.12,0.10,0.20,29.05,17,17,0,1.08,1.00,1.10,28.67,17,17,0,0.21,0.20,0.30,28.23,17,17,0
303916,0.37,0.30,0.40,29.00,17,17,0,-0.01,-0.10,0.10,28.51,17,17,0,0.33,0.30,0.40,28.65,17,17,0,0.91,0.60,1.20,28.18,17,0,0,0.10,0.10,0.10,29.04,17,17,0,1.08,1.00,1.10,28.66,17,17,0,0.21,0.20,0.30,28.25,17,17,0
304425,0.39,0.30,0.40,28.98,18,18,0,-0.01,-0.10,0.10,28.49,18,18,0,0.34,0.30,0.40,28.64,18,18,0,0.82,0.60,1.10,28.17,18,0,0,0.12,0.10,0.20,29.03,18,18,0,1.07,1.00,1.10,28.65,18,18,0,0.22,0.20,0.30,28.23,18,18,0
304925,0.36,0.30,0.40,28.98,17,17,0,-0.02,-0.10,0.10,28.49,17,17,0,0.33,0.30,0.40,28.65,17,17,0,0.70,0.40,0.80,28.18,17,0,0,0.12,0.10,0.20,29.03,17,17,0,1.08,1.00,1.10,28.65,17,17,0,0.22,0.20,0.30,28.24,17,17,0
305425,0.39,0.30,0.40,28.99,17,17,0,-0.02,-0.10,0.10,28.50,17,17,0,0.34,0.30,0.40,28.66,17,17,0,0.74,0.50,1.00,28.18,17,0,0,0.11,0.10,0.20,29.04,17,17,0,1.06,1.00,1.10,28.65,17,17,0,0.22,0.20,0.30,28.22,17,17,0
305925,0.38,0.30,0.40,29.00,17,17,0,0.00,-0.10,0.10,28.50,17,17,0,0.33,0.30,0.40,28.66,17,17,0,0.82,0.10,1.40,28.18,17,0,0,0.11,0.10,0.20,29.02,17,17,0,1.09,1.00,1.10,28.67,17,17,0,0.22,0.20,0.30,28.24,17,17,0
306425,0.38,0.30,0.40,29.00,17,17,0,-0.02,-0.10,0.00,28.51,17,17,0,0.32,0.30,0.40,28.64,17,17,0,0.88,0.50,1.20,28.17,17,0,0,0.11,0.10,0.20,29.03,17,17,0,1.06,1.00,1.10,28.67,17,17,0,0.22,0.20,0.30,28.23,17,17,0
306925,0.36,0.30,0.40,29.00,17,17,0,0.00,-0.10,0.10,28.49,17,17,0,0.35,0.30,0.40,28.65,17,17,0,0.94,0.40,1.20,28.17,17,0,0,0.11,0.10,0.20,29.04,17,17,0,1.07,1.00,1.10,28.65,17,17,0,0.24,0.20,0.30,28.24,17,17,0
307425,0.39,0.30,0.40,29.01,17,17,0,0.00,-0.10,0.10,28.50,17,17,0,0.36,0.30,0.40,28.64,17,17,0,0.81,0.40,1.30,28.17,17,0,0,0.10,0.10,0.10,29.04,17,17,0,1.05,1.00,1.10,28.65,17,17,0,0.22,0.20,0.30,28.24,17,17,0
307925,0.36,0.30,0.40,29.01,17,17,0,-0.02,-0.10,0.00,28.50,17,17,0,0.33,0.30,0.40,28.66,17,17,0,0.73,0.50,1.30,28.17,17,0,0,0.12,0.10,0.20,29.06,17,17,0,1.07,1.00,1.10,28.65,17,17,0,0.22,0.20,0.30,28.23,17,17,0
308437,0.39,0.30,0.40,28.99,17,17,0,-0.01,-0.10,0.10,28.50,17,17,0,0.33,0.30,0.40,28.64,17,17,0,0.66,0.50,0.90,28.17,17,0,0,0.11,0.10,0.20,29.05,17,17,0,1.08,1.00,1.10,28.68,17,17,0,0.22,0.20,0.30,28.25,17,17,0
308937,0.38,0.30,0.40,29.01,18,18,0,-0.02,-0.10,0.00,28.50,18,18,0,0.33,0.30,0.40,28.65,18,18,0,0.74,0.50,1.00,28.19,18,0,0,0.11,0.10,0.20,29.04,18,18,0,1.07,1.00,1.10,28.67,18,18,0,0.23,0.20,0.30,28.24,18,18,0
309437,0.38,0.30,0.40,29.00,17,17,0,-0.03,-0.10,0.00,28.49,17,17,0,0.34,0.30,0.40,28.66,17,17,0,0.72,0.60,0.90,28.20,17,0,0,0.11,0.10,0.20,29.05,17,17,0,1.07,1.00,1.10,28.66,17,17,0,0.25,0.20,0.30,28.25,17,17,0
309949,0.38,0.30,0.40,29.00,18,18,0,-0.02,-0.10,0.00,28.49,18,18,0,0.34,0.30,0.40,28.66,18,18,0,0.76,0.50,1.00,28.18,18,0,0,0.11,0.10,0.20,29.04,18,18,0,1.08,1.00,1.10,28.67,18,18,0,0.24,0.20,0.30,28.23,18,18,0
310449,0.39,0.30,0.40,29.02,17,17,0,-0.02,-0.10,0.00,28.50,17,17,0,0.35,0.30,0.40,28.65,17,17,0,0.76,0.60,1.00,28.19,17,0,0,0.10,0.10,0.10,29.04,17,17,0,1.07,1.00,1.10,28.67,17,17,0,0.24,0.20,0.30,28.23,17,17,0
310961,0.37,0.30,0.40,28.99,18,18,0,0.00,-0.10,0.10,28.53,18,18,0,0.36,0.30,0.40,28.66,18,18,0,0.94,0.60,1.30,28.18,18,0,0,0.12,0.10,0.20,29.06,18,18,0,1.09,1.00,1.10,28.67,18,18,0,0.22,0.20,0.30,28.25,18,18,0
311468,0.38,0.30,0.40,29.02,17,17,0,-0.03,-0.10,0.10,28.50,17,17,0,0.34,0.30,0.40,28.66,17,17,0,0.96,0.40,1.40,28.16,17,0,0,0.10,0.10,0.10,29.05,17,17,0,1.08,1.00,1.10,28.67,17,17,0,0.24,0.20,0.30,28.25,17,17,0
311979,0.38,0.30,0.40,28.98,17,17,0,-0.04,-0.10,0.00,28.52,17,17,0,0.35,0.30,0.40,28.66,17,17,0,0.95,0.60,1.30,28.19,17,0,0,0.11,0.10,0.20,29.04,17,17,0,1.07,1.00,1.10,28.68,17,17,0,0.24,0.20,0.30,28.23,17,17,0
312479,0.38,0.30,0.40,29.03,17,17,0,-0.02,-0.10,0.10,28.50,17,17,0,0.33,0.30,0.40,28.65,17,17,0,0.91,0.70,1.10,28.20,17,0,0,0.12,0.10,0.20,29.05,17,17,0,1.07,1.00,1.10,28.67,17,17,0,0.24,0.20,0.30,28.25,17,17,0
312980,0.39,0.30,0.40,29.00,17,17,0,-0.01,-0.10,0.10,28.49,17,17,0,0.34,0.30,0.40,28.65,17,17,0,0.87,0.70,1.20,28.18,17,0,0,0.10,0.10,0.10,29.04,17,17,0,1.06,1.00,1.10,28.66,17,17,0,0.25,0.20,0.30,28.26,17,17,0
313480,0.40,0.40,0.40,29.01,17,17,0,-0.02,-0.10,0.00,28.51,17,17,0,0.36,0.30,0.40,28.66,17,17,0,0.79,0.40,1.00,28.20,17,0,0,0.11,0.10,0.20,29.06,17,17,0,1.06,1.00,1.10,28.67,17,17,0,0.24,0.20,0.30,28.26,17,17,0
313981,0.38,0.30,0.40,29.02,17,17,0,-0.02,-0.10,0.10,28.51,17,17,0,0.34,0.30,0.40,28.66,17,17,0,0.72,0.40,1.00,28.19,17,0,0,0.11,0.10,0.20,29.04,17,17,0,1.07,1.00,1.10,28.67,17,17,0,0.22,0.20,0.30,28.25,17,17,0
314481,0.38,0.30,0.40,29.00,17,17,0,-0.05,-0.10,0.00,28.50,17,17,0,0.34,0.30,0.40,28.66,17,17,0,0.76,0.60,1.00,28.19,17,0,0,0.11,0.10,0.20,29.05,17,17,0,1.08,1.00,1.10,28.66,17,17,0,0.23,0.20,0.30,28.25,17,17,0
314981,0.39,0.30,0.40,29.02,17,17,0,-0.02,-0.10,0.10,28.49,17,17,0,0.34,0.30,0.40,28.66,17,17,0,0.79,0.60,1.00,28.19,17,0,0,0.12,0.10,0.20,29.04,17,17,0,1.06,1.00,1.10,28.68,17,17,0,0.22,0.20,0.30,28.25,17,17,0
315490,0.39,0.30,0.40,29.00,18,18,0,0.01,-0.10,0.10,28.51,18,18,0,0.33,0.30,0.40,28.66,18,18,0,0.72,0.50,0.90,28.19,18,0,0,0.12,0.10,0.20,29.04,18,18,0,1.07,1.00,1.10,28.67,18,18,0,0.22,0.20,0.30,28.24,18,18,0
315995,0.36,0.30,0.40,29.00,17,17,0,-0.04,-0.10,0.00,28.50,17,17,0,0.32,0.30,0.40,28.67,17,17,0,0.63,0.30,0.80,28.18,17,0,0,0.11,0.10,0.20,29.06,17,17,0,1.06,1.00,1.10,28.66,17,17,0,0.23,0.20,0.30,28.25,17,17,0
316495,0.38,0.30,0.40,29.02,17,17,0,-0.02,-0.10,0.10,28.52,17,17,0,0.34,0.30,0.40,28.67,17,17,0,0.68,0.40,1.00,28.20,17,0,0,0.11,0.10,0.20,29.04,17,17,0,1.07,1.00,1.10,28.69,17,17,0,0.24,0.20,0.30,28.25,17,17,0
317008,0.38,0.30,0.40,29.02,17,17,0,-0.02,-0.10,0.10,28.50,17,17,0,0.36,0.30,0.40,28.67,17,17,0,0.85,0.60,1.30,28.18,17,0,0,0.11,0.10,0.20,29.07,17,17,0,1.06,1.00,1.10,28.70,17,17,0,0.23,0.20,0.30,28.26,17,17,0
317508,0.38,0.30,0.40,29.00,17,17,0,-0.03,-0.10,0.10,28.50,17,17,0,0.32,0.30,0.40,28.67,17,17,0,0.69,0.40,1.10,28.20,17,0,0,0.12,0.10,0.20,29.04,17,17,0,1.06,1.00,1.10,28.68,17,17,0,0.21,0.20,0.30,28.26,17,17,0
318009,0.36,0.30,0.40,29.02,17,17,0,-0.01,-0.10,0.10,28.52,17,17,0,0.32,0.30,0.40,28.67,17,17,0,0.84,0.40,1.30,28.20,17,0,0,0.11,0.10,0.20,29.06,17,17,0,1.06,1.00,1.10,28.68,17,17,0,0.22,0.20,0.30,28.26,17,17,0
318509,0.38,0.30,0.40,29.01,17,17,0,-0.02,-0.10,0.10,28.52,17,17,0,0.32,0.30,0.40,28.67,17,17,0,0.89,0.70,1.20,28.18,17,0,0,0.11,0.10,0.20,29.05,17,17,0,1.08,1.00,1.10,28.67,17,17,0,0.22,0.20,0.30,28.25,17,17,0
319009,0.39,0.30,0.40,29.02,17,17,0,-0.04,-0.10,0.00,28.52,17,17,0,0.33,0.30,0.40,28.65,17,17,0,0.86,0.70,1.10,28.20,17,0,0,0.11,0.10,0.20,29.06,17,17,0,1.08,1.00,1.10,28.69,17,17,0,0.22,0.20,0.30,28.27,17,17,0
319509,0.38,0.30,0.40,29.03,17,17,0,-0.02,-0.10,0.10,28.53,17,17,0,0.35,0.30,0.40,28.67,17,17,0,0.79,0.60,1.00,28.18,17,0,0,0.11,0.10,0.20,29.05,17,17,0,1.06,1.00,1.10,28.67,17,17,0,0.22,0.20,0.30,28.26,17,17,0
320009,0.39,0.30,0.40,29.03,17,17,0,-0.01,-0.10,0.10,28.52,17,17,0,0.33,0.30,0.40,28.67,17,17,0,0.79,0.40,1.00,28.19,17,0,0,0.10,0.00,0.20,29.07,17,17,0,1.09,1.00,1.10,28.68,17,17,0,0.23,0.20,0.30,28.26,17,17,0
320509,0.36,0.30,0.40,29.02,17,17,0,-0.01,-0.10,0.00,28.52,17,17,0,0.35,0.30,0.40,28.67,17,17,0,0.79,0.60,1.00,28.20,17,0,0,0.10,0.10,0.10,29.07,17,17,0,1.06,1.00,1.10,28.67,17,17,0,0.22,0.20,0.30,28.28,17,17,0
321009,0.36,0.30,0.40,29.02,17,17,0,-0.01,-0.10,0.10,28.52,17,17,0,0.33,0.30,0.40,28.68,17,17,0,0.75,0.60,1.00,28.19,17,0,0,0.11,0.10,0.20,29.07,17,17,0,1.07,1.00,1.10,28.68,17,17,0,0.22,0.20,0.30,28.26,17,17,0
321509,0.38,0.30,0.40,29.03,17,17,0,-0.01,-0.10,0.10,28.52,17,17,0,0.35,0.30,0.40,28.66,17,17,0,0.68,0.40,0.90,28.21,17,0,0,0.10,0.10,0.10,29.04,17,17,0,1.06,1.00,1.10,28.67,17,17,0,0.21,0.20,0.30,28.26,17,17,0
322009,0.38,0.30,0.40,29.02,17,17,0,-0.02,-0.10,0.10,28.52,17,17,0,0.34,0.30,0.40,28.66,17,17,0,0.66,0.50,0.90,28.20,17,0,0,0.11,0.10,0.20,29.06,17,17,0,1.07,1.00,1.10,28.68,17,17,0,0.24,0.20,0.30,28.26,17,17,0
322518,0.36,0.30,0.40,29.02,18,18,0,-0.01,-0.10,0.00,28.52,18,18,0,0.34,0.30,0.40,28.67,18,18,0,0.65,0.40,1.20,28.21,18,0,0,0.12,0.10,0.20,29.07,18,18,0,1.07,1.00,1.10,28.70,18,18,0,0.21,0.20,0.30,28.26,18,18,0
323018,0.38,0.30,0.40,29.03,17,17,0,-0.04,-0.10,0.00,28.52,17,17,0,0.35,0.30,0.40,28.68,17,17,0,0.78,0.50,1.10,28.20,17,0,0,0.10,0.10,0.10,29.06,17,17,0,1.09,1.00,1.10,28.66,17,17,0,0.24,0.20,0.30,28.27,17,17,0
323518,0.39,0.30,0.40,29.02,17,17,0,0.01,-0.10,0.10,28.51,17,17,0,0.36,0.30,0.40,28.66,17,17,0,0.78,0.40,1.00,28.20,17,0,0,0.10,0.00,0.20,29.07,17,17,0,1.05,1.00,1.10,28.70,17,17,0,0.21,0.20,0.30,28.27,17,17,0
324018,0.38,0.30,0.40,29.03,17,17,0,-0.01,-0.10,0.10,28.52,17,17,0,0.33,0.30,0.40,28.68,17,17,0,0.75,0.00,1.60,28.20,17,0,0,0.10,0.00,0.20,29.07,17,17,0,1.05,1.00,1.10,28.68,17,17,0,0.22,0.20,0.30,28.27,17,17,0
324529,0.36,0.30,0.40,29.03,17,17,0,-0.02,-0.10,0.00,28.53,17,17,0,0.33,0.30,0.40,28.68,17,17,0,0.73,0.40,1.00,28.20,17,0,0,0.11,0.10,0.20,29.07,17,17,0,1.06,1.00,1.10,28.68,17,17,0,0.21,0.20,0.30,28.27,17,17,0
325029,0.37,0.30,0.40,29.01,18,18,0,-0.02,-0.10,0.00,28.52,18,18,0,0.32,0.30,0.40,28.67,18,18,0,0.77,0.40,1.40,28.22,18,0,0,0.09,0.00,0.10,29.08,18,18,0,1.08,1.00,1.10,28.69,18,18,0,0.21,0.20,0.30,28.27,18,18,0
325537,0.38,0.30,0.40,29.02,17,17,0,-0.03,-0.10,0.00,28.53,17,17,0,0.33,0.30,0.40,28.66,17,17,0,0.82,0.50,1.10,28.21,17,0,0,0.11,0.10,0.20,29.07,17,17,0,1.07,1.00,1.10,28.68,17,17,0,0.24,0.20,0.30,28.27,17,17,0
326046,0.38,0.30,0.40,29.02,18,18,0,-0.03,-0.10,0.10,28.52,18,18,0,0.34,0.30,0.40,28.67,18,18,0,0.79,0.50,1.00,28.21,18,0,0,0.11,0.10,0.20,29.07,18,18,0,1.07,1.00,1.10,28.69,18,18,0,0.23,0.20,0.30,28.28,18,18,0
326546,0.38,0.30,0.40,29.04,17,17,0,-0.01,-0.10,0.00,28.51,17,17,0,0.31,0.30,0.40,28.67,17,17,0,0.85,0.60,1.20,28.21,17,0,0,0.11,0.10,0.20,29.08,17,17,0,1.08,1.00,1.10,28.68,17,17,0,0.22,0.20,0.30,28.29,17,17,0
327046,0.36,0.30,0.40,29.03,17,17,0,0.00,-0.10,0.10,28.53,17,17,0,0.33,0.30,0.40,28.67,17,17,0,0.81,0.50,1.10,28.21,17,0,0,0.10,0.00,0.20,29.06,17,17,0,1.06,1.00,1.10,28.70,17,17,0,0.22,0.20,0.30,28.28,17,17,0
327546,0.38,0.30,0.40,29.04,17,17,0,-0.01,-0.10,0.10,28.52,17,17,0,0.34,0.30,0.40,28.68,17,17,0,1.15,0.90,1.50,28.20,17,0,0,0.11,0.10,0.20,29.08,17,17,0,1.08,1.00,1.10,28.69,17,17,0,0.22,0.20,0.30,28.27,17,17,0
328051,0.39,0.30,0.40,29.04,17,17,0,0.01,-0.10,0.10,28.53,17,17,0,0.36,0.30,0.40,28.68,17,17,0,1.16,1.00,1.40,28.22,17,0,0,0.11,0.10,0.20,29.08,17,17,0,1.08,1.00,1.10,28.69,17,17,0,0.22,0.20,0.30,28.27,17,17,0
328552,0.39,0.30,0.40,29.03,17,17,0,-0.02,-0.10,0.00,28.53,17,17,0,0.35,0.30,0.40,28.66,17,17,0,1.01,0.70,1.30,28.22,17,0,0,0.10,0.10,0.10,29.06,17,17,0,1.07,1.00,1.10,28.68,17,17,0,0.23,0.20,0.30,28.26,17,17,0
329056,0.36,0.30,0.40,29.03,17,17,0,-0.02,-0.10,0.00,28.54,17,17,0,0.34,0.30,0.40,28.68,17,17,0,0.89,0.70,1.20,28.23,17,0,0,0.11,0.10,0.20,29.07,17,17,0,1.08,1.00,1.10,28.69,17,17,0,0.21,0.20,0.30,28.27,17,17,0
329556,0.38,0.30,0.40,29.04,17,17,0,0.00,-0.10,0.10,28.52,17,17,0,0.34,0.30,0.40,28.68,17,17,0,0.85,0.50,1.20,28.22,17,0,0,0.11,0.10,0.20,29.07,17,17,0,1.06,1.00,1.10,28.69,17,17,0,0.22,0.20,0.30,28.27,17,17,0
330056,0.37,0.30,0.40,29.03,17,17,0,0.02,0.00,0.10,28.53,17,17,0,0.33,0.30,0.40,28.69,17,17,0,0.94,0.60,1.10,28.21,17,0,0,0.11,0.10,0.20,29.08,17,17,0,1.06,1.00,1.10,28.70,17,17,0,0.22,0.20,0.30,28.28,17,17,0
330556,0.37,0.30,0.40,29.02,17,17,0,-0.02,-0.10,0.10,28.52,17,17,0,0.36,0.30,0.40,28.68,17,17,0,0.96,0.70,1.30,28.21,17,0,0,0.10,0.10,0.10,29.08,17,17,0,1.05,1.00,1.10,28.69,17,17,0,0.22,0.20,0.30,28.28,17,17,0
331063,0.38,0.30,0.40,29.04,17,17,0,-0.02,-0.10,0.10,28.54,17,17,0,0.33,0.30,0.40,28.68,17,17,0,0.93,0.50,1.20,28.23,17,0,0,0.11,0.10,0.20,29.09,17,17,0,1.07,1.00,1.10,28.69,17,17,0,0.22,0.20,0.30,28.29,17,17,0
331563,0.36,0.30,0.40,29.02,17,17,0,-0.04,-0.10,0.00,28.55,17,17,0,0.34,0.30,0.40,28.67,17,17,0,0.91,0.70,1.10,28.24,17,0,0,0.09,0.00,0.10,29.09,17,17,0,1.08,1.00,1.10,28.71,17,17,0,0.24,0.20,0.30,28.28,17,17,0
332063,0.36,0.30,0.40,29.03,17,17,0,-0.02,-0.10,0.10,28.52,17,17,0,0.34,0.30,0.40,28.67,17,17,0,0.75,0.50,1.00,28.22,17,0,0,0.11,0.10,0.20,29.06,17,17,0,1.06,1.00,1.10,28.68,17,17,0,0.21,0.20,0.30,28.28,17,17,0
332563,0.38,0.30,0.40,29.03,17,17,0,0.01,-0.10,0.10,28.53,17,17,0,0.35,0.30,0.40,28.67,17,17,0,0.65,0.40,0.80,28.21,17,0,0,0.10,0.10,0.10,29.09,17,17,0,1.06,1.00,1.10,28.71,17,17,0,0.22,0.20,0.30,28.29,17,17,0
333063,0.36,0.30,0.40,29.01,17,17,0,-0.01,-0.10,0.10,28.54,17,17,0,0.35,0.30,0.40,28.66,17,17,0,0.49,0.20,0.70,28.22,17,0,0,0.11,0.10,0.20,29.07,17,17,0,1.07,1.00,1.10,28.70,17,17,0,0.22,0.20,0.30,28.27,17,17,0
333563,0.39,0.30,0.40,29.04,17,17,0,-0.01,-0.10,0.10,28.54,17,17,0,0.35,0.30,0.40,28.67,17,17,0,0.65,0.40,1.10,28.23,17,0,0,0.10,0.10,0.10,29.08,17,17,0,1.06,1.00,1.10,28.69,17,17,0,0.24,0.20,0.30,28.27,17,17,0
334071,0.38,0.30,0.40,29.01,17,17,0,-0.02,-0.10,0.10,28.54,17,17,0,0.31,0.30,0.40,28.67,17,17,0,0.78,0.30,1.10,28.23,17,0,0,0.11,0.10,0.20,29.09,17,17,0,1.08,1.00,1.10,28.69,17,17,0,0.23,0.20,0.30,28.30,17,17,0
334571,0.39,0.30,0.40,29.05,17,17,0,-0.02,-0.10,0.10,28.55,17,17,0,0.35,0.30,0.40,28.67,17,17,0,0.84,0.60,1.00,28.24,17,0,0,0.10,0.00,0.20,29.08,17,17,0,1.07,1.00,1.10,28.68,17,17,0,0.22,0.20,0.30,28.27,17,17,0
335071,0.37,0.30,0.40,29.05,17,17,0,0.01,-0.10,0.10,28.53,17,17,0,0.35,0.30,0.40,28.67,17,17,0,0.76,0.50,1.00,28.24,17,0,0,0.12,0.10,0.20,29.10,17,17,0,1.08,1.00,1.10,28.70,17,17,0,0.22,0.20,0.30,28.28,17,17,0
335571,0.38,0.30,0.40,29.05,17,17,0,-0.04,-0.10,0.10,28.55,17,17,0,0.34,0.30,0.40,28.67,17,17,0,0.70,0.30,1.00,28.24,17,0,0,0.11,0.10,0.20,29.09,17,17,0,1.07,1.00,1.10,28.70,17,17,0,0.22,0.20,0.30,28.29,17,17,0
336083,0.37,0.30,0.40,29.02,17,17,0,-0.02,-0.10,0.10,28.53,17,17,0,0.35,0.30,0.40,28.67,17,17,0,0.68,0.50,0.80,28.23,17,0,0,0.11,0.10,0.20,29.08,17,17,0,1.06,1.00,1.10,28.70,17,17,0,0.22,0.20,0.30,28.28,17,17,0
336591,0.36,0.30,0.40,29.04,17,17,0,-0.01,-0.10,0.10,28.55,17,17,0,0.36,0.30,0.40,28.67,17,17,0,0.68,0.50,0.90,28.22,17,0,0,0.12,0.10,0.20,29.09,17,17,0,1.06,1.00,1.10,28.70,17,17,0,0.22,0.20,0.30,28.27,17,17,0
337091,0.39,0.30,0.40,29.03,17,17,0,-0.01,-0.10,0.10,28.53,17,17,0,0.34,0.30,0.40,28.68,17,17,0,0.60,0.30,1.00,28.23,17,0,0,0.12,0.10,0.20,29.10,17,17,0,1.07,1.00,1.10,28.70,17,17,0,0.21,0.20,0.30,28.29,17,17,0
337595,0.37,0.30,0.40,29.04,17,17,0,-0.01,-0.10,0.10,28.55,17,17,0,0.34,0.30,0.40,28.67,17,17,0,0.71,0.30,1.00,28.23,17,0,0,0.11,0.10,0.20,29.07,17,17,0,1.08,1.00,1.10,28.70,17,17,0,0.22,0.20,0.30,28.28,17,17,0
338095,0.40,0.40,0.40,29.04,17,17,0,-0.01,-0.10,0.10,28.53,17,17,0,0.32,0.30,0.40,28.66,17,17,0,0.88,0.70,1.20,28.22,17,0,0,0.10,0.10,0.10,29.09,17,17,0,1.08,1.00,1.10,28.72,17,17,0,0.21,0.20,0.30,28.29,17,17,0
338595,0.36,0.30,0.40,29.05,17,17,0,-0.02,-0.10,0.00,28.54,17,17,0,0.33,0.30,0.40,28.68,17,17,0,0.94,0.70,1.30,28.22,17,0,0,0.10,0.10,0.10,29.09,17,17,0,1.07,1.00,1.10,28.70,17,17,0,0.21,0.20,0.30,28.30,17,17,0
339108,0.38,0.30,0.40,29.04,18,18,0,-0.01,-0.10,0.10,28.54,18,18,0,0.34,0.30,0.40,28.67,18,18,0,0.86,0.60,1.40,28.24,18,0,0,0.11,0.10,0.20,29.09,18,18,0,1.08,1.00,1.10,28.70,18,18,0,0.23,0.20,0.30,28.27,18,18,0
339619,0.39,0.30,0.40,29.05,18,18,0,0.02,-0.10,0.10,28.53,18,18,0,0.37,0.30,0.40,28.67,18,18,0,0.84,0.60,1.20,28.24,18,0,0,0.10,0.10,0.10,29.07,18,18,0,1.06,1.00,1.10,28.71,18,18,0,0.22,0.20,0.30,28.29,18,18,0
340130,0.34,0.30,0.40,29.06,17,17,0,-0.01,-0.10,0.10,28.53,17,17,0,0.33,0.30,0.40,28.68,17,17,0,0.65,0.40,0.90,28.26,17,0,0,0.12,0.10,0.20,29.09,17,17,0,1.08,1.00,1.10,28.71,17,17,0,0.22,0.20,0.30,28.28,17,17,0
340643,0.37,0.30,0.40,29.03,17,17,0,-0.02,-0.10,0.10,28.55,17,17,0,0.33,0.30,0.40,28.69,17,17,0,0.69,0.40,1.10,28.24,17,0,0,0.11,0.10,0.20,29.10,17,17,0,1.08,1.00,1.10,28.70,17,17,0,0.23,0.20,0.30,28.29,17,17,0
341143,0.38,0.30,0.40,29.05,17,17,0,-0.01,-0.10,0.00,28.54,17,17,0,0.34,0.30,0.40,28.67,17,17,0,0.79,0.60,1.20,28.24,17,0,0,0.11,0.10,0.20,29.09,17,17,0,1.09,1.00,1.10,28.70,17,17,0,0.21,0.20,0.30,28.30,17,17,0
341656,0.38,0.30,0.40,29.03,18,18,0,-0.01,-0.10,0.10,28.54,18,18,0,0.33,0.30,0.40,28.68,18,18,0,0.62,0.30,0.90,28.23,18,0,0,0.11,0.10,0.20,29.10,18,18,0,1.06,1.00,1.10,28.70,18,18,0,0.22,0.20,0.30,28.30,18,18,0
342156,0.39,0.30,0.40,29.05,17,17,0,0.01,-0.10,0.10,28.56,17,17,0,0.34,0.30,0.40,28.68,17,17,0,0.35,0.10,0.50,28.23,17,0,0,0.12,0.10,0.20,29.10,17,17,0,1.06,1.00,1.10,28.71,17,17,0,0.23,0.20,0.30,28.29,17,17,0
342660,0.38,0.30,0.40,29.06,17,17,0,0.01,-0.10,0.10,28.55,17,17,0,0.32,0.30,0.40,28.67,17,17,0,0.28,0.00,0.60,28.23,17,0,0,0.11,0.10,0.20,29.10,17,17,0,1.07,1.00,1.10,28.70,17,17,0,0.22,0.20,0.30,28.29,17,17,0
343160,0.37,0.30,0.40,29.05,17,17,0,-0.03,-0.10,0.10,28.54,17,17,0,0.34,0.30,0.40,28.68,17,17,0,0.30,0.10,0.50,28.23,17,0,0,0.12,0.10,0.20,29.09,17,17,0,1.06,1.00,1.10,28.70,17,17,0,0.23,0.20,0.30,28.29,17,17,0
343660,0.36,0.30,0.40,29.06,17,17,0,-0.02,-0.10,0.10,28.55,17,17,0,0.35,0.30,0.40,28.68,17,17,0,0.24,-0.10,0.50,28.23,17,0,0,0.12,0.10,0.20,29.10,17,17,0,1.07,1.00,1.10,28.71,17,17,0,0.23,0.20,0.30,28.31,17,17,0
344160,0.37,0.30,0.40,29.05,17,17,0,0.01,-0.10,0.10,28.54,17,17,0,0.33,0.30,0.40,28.68,17,17,0,0.35,-0.10,0.70,28.23,17,0,0,0.10,0.10,0.10,29.10,17,17,0,1.06,1.00,1.10,28.69,17,17,0,0.23,0.20,0.30,28.29,17,17,0
344660,0.38,0.30,0.40,29.04,17,17,0,-0.02,-0.10,0.10,28.54,17,17,0,0.34,0.30,0.40,28.68,17,17,0,0.42,0.10,0.70,28.26,17,0,0,0.11,0.10,0.20,29.10,17,17,0,1.08,1.00,1.10,28.69,17,17,0,0.22,0.20,0.30,28.31,17,17,0
345161,0.36,0.30,0.40,29.04,17,17,0,0.01,-0.10,0.10,28.55,17,17,0,0.33,0.30,0.40,28.67,17,17,0,0.47,0.30,0.80,28.24,17,0,0,0.11,0.10,0.20,29.10,17,17,0,1.08,1.00,1.10,28.70,17,17,0,0.23,0.20,0.30,28.30,17,17,0
345662,0.36,0.30,0.40,29.05,17,17,0,-0.02,-0.10,0.00,28.54,17,17,0,0.34,0.30,0.40,28.67,17,17,0,0.56,0.40,0.70,28.25,17,0,0,0.11,0.10,0.20,29.10,17,17,0,1.06,1.00,1.10,28.70,17,17,0,0.22,0.20,0.30,28.31,17,17,0
346168,0.38,0.30,0.40,29.04,17,17,0,-0.01,-0.10,0.10,28.55,17,17,0,0.34,0.30,0.40,28.68,17,17,0,0.58,0.20,1.10,28.25,17,0,0,0.11,0.10,0.20,29.10,17,17,0,1.07,1.00,1.10,28.71,17,17,0,0.24,0.20,0.30,28.30,17,17,0
346668,0.37,0.30,0.40,29.06,18,18,0,-0.02,-0.10,0.10,28.55,18,18,0,0.34,0.30,0.40,28.67,18,18,0,0.62,0.30,1.00,28.25,18,0,0,0.11,0.10,0.20,29.11,18,18,0,1.08,1.00,1.10,28.72,18,18,0,0.22,0.20,0.30,28.30,18,18,0
347168,0.39,0.30,0.40,29.06,17,17,0,0.01,-0.10,0.10,28.55,17,17,0,0.33,0.30,0.40,28.68,17,17,0,0.64,0.30,0.90,28.25,17,0,0,0.10,0.10,0.10,29.11,17,17,0,1.07,1.00,1.10,28.69,17,17,0,0.21,0.20,0.30,28.30,17,17,0
347668,0.39,0.30,0.40,29.06,17,17,0,-0.02,-0.10,0.00,28.54,17,17,0,0.34,0.30,0.40,28.68,17,17,0,0.66,0.40,1.00,28.23,17,0,0,0.10,0.10,0.10,29.12,17,17,0,1.08,1.00,1.10,28.70,17,17,0,0.21,0.20,0.30,28.32,17,17,0
348170,0.39,0.30,0.40,29.06,17,17,0,-0.00,-0.10,0.10,28.56,17,17,0,0.32,0.30,0.40,28.66,17,17,0,0.71,0.40,1.00,28.24,17,0,0,0.10,0.10,0.10,29.09,17,17,0,1.05,1.00,1.10,28.72,17,17,0,0.22,0.20,0.30,28.31,17,17,0
348682,0.38,0.30,0.40,29.06,18,18,0,-0.01,-0.10,0.10,28.55,18,18,0,0.35,0.30,0.40,28.69,18,18,0,0.77,0.20,1.30,28.23,18,0,0,0.10,0.10,0.10,29.11,18,18,0,1.07,1.00,1.10,28.73,18,18,0,0.23,0.20,0.30,28.31,18,18,0
349182,0.38,0.30,0.40,29.07,17,17,0,-0.01,-0.10,0.10,28.54,17,17,0,0.34,0.30,0.40,28.66,17,17,0,0.78,0.40,1.20,28.26,17,0,0,0.10,0.10,0.10,29.11,17,17,0,1.06,1.00,1.10,28.72,17,17,0,0.23,0.20,0.30,28.29,17,17,0
349682,0.39,0.30,0.40,29.07,17,17,0,0.00,-0.10,0.10,28.56,17,17,0,0.33,0.30,0.40,28.67,17,17,0,0.86,0.60,1.20,28.24,17,0,0,0.09,0.00,0.10,29.11,17,17,0,1.08,1.00,1.10,28.71,17,17,0,0.23,0.20,0.30,28.30,17,17,0
350184,0.35,0.30,0.40,29.05,17,17,0,-0.04,-0.10,0.00,28.56,17,17,0,0.33,0.30,0.40,28.70,17,17,0,0.89,0.70,1.10,28.25,17,0,0,0.11,0.10,0.20,29.09,17,17,0,1.08,1.00,1.10,28.72,17,17,0,0.24,0.20,0.30,28.32,17,17,0
350684,0.38,0.30,0.40,29.05,17,17,0,-0.02,-0.10,0.10,28.56,17,17,0,0.34,0.30,0.40,28.68,17,17,0,0.91,0.70,1.20,28.25,17,0,0,0.11,0.10,0.20,29.11,17,17,0,1.08,1.00,1.10,28.72,17,17,0,0.22,0.20,0.30,28.31,17,17,0
351184,0.39,0.30,0.40,29.05,17,17,0,0.01,-0.10,0.10,28.56,17,17,0,0.31,0.30,0.40,28.67,17,17,0,0.94,0.70,1.10,28.25,17,0,0,0.09,0.00,0.10,29.10,17,17,0,1.08,1.00,1.10,28.72,17,17,0,0.22,0.20,0.30,28.31,17,17,0
351684,0.37,0.30,0.40,29.06,17,17,0,-0.02,-0.10,0.10,28.55,17,17,0,0.35,0.30,0.40,28.68,17,17,0,0.88,0.60,1.10,28.26,17,0,0,0.11,0.10,0.20,29.11,17,17,0,1.06,1.00,1.10,28.70,17,17,0,0.21,0.20,0.30,28.32,17,17,0
352184,0.36,0.30,0.40,29.06,17,17,0,-0.01,-0.10,0.10,28.56,17,17,0,0.34,0.30,0.40,28.68,17,17,0,0.79,0.60,1.10,28.25,17,0,0,0.10,0.10,0.10,29.11,17,17,0,1.08,1.00,1.10,28.71,17,17,0,0.22,0.20,0.30,28.31,17,17,0
352684,0.38,0.30,0.40,29.05,17,17,0,-0.04,-0.10,0.00,28.55,17,17,0,0.35,0.30,0.40,28.67,17,17,0,0.79,0.60,1.00,28.27,17,0,0,0.10,0.10,0.10,29.11,17,17,0,1.08,1.00,1.10,28.72,17,17,0,0.20,0.20,0.20,28.31,17,17,0
353184,0.35,0.30,0.40,29.06,17,17,0,-0.02,-0.10,0.00,28.54,17,17,0,0.35,0.30,0.40,28.69,17,17,0,0.73,0.50,1.00,28.25,17,0,0,0.10,0.10,0.10,29.13,17,17,0,1.08,1.00,1.10,28.71,17,17,0,0.21,0.20,0.30,28.32,17,17,0
353684,0.38,0.30,0.40,29.07,17,17,0,-0.01,-0.10,0.10,28.55,17,17,0,0.35,0.30,0.40,28.68,17,17,0,0.77,0.50,1.00,28.25,17,0,0,0.10,0.10,0.10,29.11,17,17,0,1.09,1.00,1.10,28.72,17,17,0,0.21,0.20,0.30,28.32,17,17,0
354184,0.36,0.30,0.40,29.07,17,17,0,-0.01,-0.10,0.10,28.56,17,17,0,0.34,0.30,0.40,28.68,17,17,0,0.66,0.50,0.80,28.25,17,0,0,0.11,0.10,0.20,29.12,17,17,0,1.08,1.00,1.10,28.71,17,17,0,0.21,0.20,0.30,28.33,17,17,0
354684,0.36,0.30,0.40,29.07,17,17,0,-0.02,-0.10,0.10,28.55,17,17,0,0.34,0.30,0.40,28.69,17,17,0,0.66,0.50,0.80,28.24,17,0,0,0.12,0.10,0.20,29.11,17,17,0,1.08,1.00,1.10,28.71,17,17,0,0.20,0.20,0.20,28.31,17,17,0
355193,0.37,0.30,0.40,29.07,18,18,0,-0.01,-0.10,0.10,28.54,18,18,0,0.33,0.30,0.40,28.68,18,18,0,0.67,0.40,1.00,28.24,18,0,0,0.09,0.00,0.20,29.12,18,18,0,1.09,1.00,1.10,28.72,18,18,0,0.22,0.20,0.30,28.30,18,18,0
355706,0.37,0.30,0.40,29.08,18,18,0,0.02,-0.10,0.10,28.54,18,18,0,0.34,0.30,0.40,28.69,18,18,0,0.68,0.40,0.90,28.25,18,0,0,0.11,0.10,0.20,29.12,18,18,0,1.06,1.00,1.10,28.71,18,18,0,0.23,0.20,0.30,28.32,18,18,0
356206,0.39,0.30,0.40,29.06,16,16,0,-0.01,-0.10,0.10,28.55,16,16,0,0.33,0.30,0.40,28.69,16,16,0,0.62,-0.10,1.30,28.24,16,0,0,0.10,0.10,0.10,29.10,16,16,0,1.06,1.00,1.10,28.72,16,16,0,0.21,0.20,0.30,28.31,16,16,0
356707,0.37,0.30,0.40,29.08,17,17,0,-0.02,-0.10,0.10,28.55,17,17,0,0.32,0.30,0.40,28.67,17,17,0,0.56,0.00,1.00,28.26,17,0,0,0.11,0.10,0.20,29.12,17,17,0,1.09,1.00,1.10,28.70,17,17,0,0.22,0.20,0.30,28.32,17,17,0
357219,0.36,0.30,0.40,29.07,18,18,0,-0.02,-0.10,0.10,28.57,18,18,0,0.33,0.30,0.40,28.70,18,18,0,0.58,0.20,1.00,28.26,18,0,0,0.11,0.10,0.20,29.13,18,18,0,1.07,1.00,1.10,28.72,18,18,0,0.23,0.20,0.30,28.32,18,18,0
357728,0.37,0.30,0.40,29.08,18,18,0,-0.03,-0.10,0.00,28.56,18,18,0,0.32,0.30,0.40,28.68,18,18,0,0.69,0.30,1.00,28.25,18,0,0,0.11,0.10,0.20,29.12,18,18,0,1.08,1.00,1.10,28.72,18,18,0,0.22,0.20,0.30,28.31,18,18,0
358228,0.36,0.30,0.40,29.06,17,17,0,-0.01,-0.10,0.10,28.56,17,17,0,0.32,0.30,0.40,28.68,17,17,0,0.65,0.40,0.90,28.26,17,0,0,0.11,0.10,0.20,29.12,17,17,0,1.08,1.00,1.10,28.72,17,17,0,0.22,0.20,0.30,28.33,17,17,0
358728,0.39,0.30,0.40,29.06,17,17,0,-0.01,-0.10,0.10,28.54,17,17,0,0.32,0.30,0.40,28.69,17,17,0,0.66,0.40,1.00,28.25,17,0,0,0.11,0.10,0.20,29.13,17,17,0,1.06,1.00,1.10,28.72,17,17,0,0.21,0.20,0.30,28.33,17,17,0
359228,0.39,0.30,0.40,29.08,17,17,0,-0.02,-0.10,0.10,28.55,17,17,0,0.33,0.30,0.40,28.69,17,17,0,0.61,0.40,0.80,28.26,17,0,0,0.11,0.10,0.20,29.11,17,17,0,1.06,1.00,1.10,28.73,17,17,0,0.22,0.20,0.30,28.35,17,17,0
359728,0.39,0.30,0.40,29.08,17,17,0,-0.01,-0.10,0.10,28.55,17,17,0,0.34,0.30,0.40,28.69,17,17,0,0.54,0.10,0.80,28.26,17,0,0,0.10,0.10,0.10,29.13,17,17,0,1.06,1.00,1.10,28.71,17,17,0,0.21,0.20,0.30,28.32,17,17,0
360230,0.39,0.30,0.40,29.08,17,17,0,-0.01,-0.10,0.10,28.57,17,17,0,0.34,0.30,0.40,28.69,17,17,0,0.72,0.50,1.10,28.27,17,0,0,0.10,0.10,0.10,29.13,17,17,0,1.07,1.00,1.10,28.71,17,17,0,0.22,0.20,0.30,28.31,17,17,0
360730,0.37,0.30,0.40,29.09,17,17,0,0.01,-0.10,0.10,28.57,17,17,0,0.32,0.30,0.40,28.69,17,17,0,0.89,0.70,1.20,28.26,17,0,0,0.11,0.10,0.20,29.14,17,17,0,1.08,1.00,1.10,28.73,17,17,0,0.21,0.20,0.30,28.32,17,17,0
361230,0.38,0.30,0.40,29.09,17,17,0,-0.01,-0.10,0.00,28.55,17,17,0,0.32,0.30,0.40,28.70,17,17,0,0.85,0.70,1.20,28.27,17,0,0,0.12,0.10,0.20,29.13,17,17,0,1.09,1.00,1.10,28.73,17,17,0,0.22,0.20,0.30,28.31,17,17,0
361730,0.38,0.30,0.40,29.09,17,17,0,-0.03,-0.10,0.00,28.58,17,17,0,0.34,0.30,0.40,28.70,17,17,0,0.80,0.30,1.00,28.27,17,0,0,0.11,0.10,0.20,29.13,17,17,0,1.09,1.00,1.10,28.71,17,17,0,0.23,0.20,0.30,28.31,17,17,0
362230,0.39,0.30,0.40,29.08,17,17,0,-0.02,-0.10,0.10,28.56,17,17,0,0.31,0.30,0.40,28.69,17,17,0,0.86,0.50,1.20,28.26,17,0,0,0.10,0.00,0.20,29.14,17,17,0,1.09,1.00,1.10,28.71,17,17,0,0.25,0.20,0.30,28.33,17,17,0
362730,0.39,0.30,0.40,29.07,17,17,0,-0.03,-0.10,0.00,28.56,17,17,0,0.34,0.30,0.40,28.71,17,17,0,0.81,0.40,1.10,28.26,17,0,0,0.09,0.00,0.10,29.14,17,17,0,1.06,1.00,1.10,28.72,17,17,0,0.24,0.20,0.30,28.33,17,17,0
363230,0.38,0.30,0.40,29.08,17,17,0,-0.01,-0.10,0.10,28.57,17,17,0,0.31,0.30,0.40,28.68,17,17,0,0.89,0.50,2.50,28.27,17,0,0,0.11,0.10,0.20,29.13,17,17,0,1.06,1.00,1.10,28.72,17,17,0,0.22,0.20,0.30,28.33,17,17,0
363730,0.38,0.30,0.40,29.09,17,17,0,0.01,-0.10,0.10,28.56,17,17,0,0.33,0.30,0.40,28.68,17,17,0,0.86,-1.20,3.00,28.27,17,0,0,0.10,0.10,0.10,29.13,17,17,0,1.08,1.00,1.10,28.73,17,17,0,0.22,0.20,0.30,28.33,17,17,0
364230,0.38,0.30,0.40,29.08,17,17,0,-0.03,-0.10,0.10,28.57,17,17,0,0.34,0.30,0.40,28.69,17,17,0,0.79,0.10,1.50,28.25,17,0,0,0.11,0.10,0.20,29.13,17,17,0,1.08,1.00,1.10,28.72,17,17,0,0.22,0.20,0.30,28.33,17,17,0
364731,0.38,0.30,0.40,29.08,17,17,0,-0.01,-0.10,0.10,28.57,17,17,0,0.34,0.30,0.40,28.71,17,17,0,0.83,0.50,1.40,28.27,17,0,0,0.11,0.10,0.20,29.14,17,17,0,1.09,1.00,1.10,28.72,17,17,0,0.22,0.20,0.30,28.32,17,17,0
365240,0.38,0.30,0.40,29.08,18,18,0,-0.01,-0.10,0.10,28.57,18,18,0,0.33,0.30,0.40,28.69,18,18,0,0.91,0.30,1.40,28.28,18,0,0,0.10,0.10,0.10,29.14,18,18,0,1.09,1.00,1.10,28.73,18,18,0,0.23,0.20,0.30,28.33,18,18,0
365740,0.36,0.30,0.40,29.09,17,17,0,-0.01,-0.10,0.10,28.57,17,17,0,0.33,0.30,0.40,28.69,17,17,0,0.92,0.50,1.20,28.28,17,0,0,0.11,0.10,0.20,29.12,17,17,0,1.09,1.00,1.10,28.72,17,17,0,0.22,0.20,0.30,28.34,17,17,0
366249,0.38,0.30,0.40,29.09,18,18,0,-0.01,-0.10,0.10,28.57,18,18,0,0.32,0.30,0.40,28.69,18,18,0,0.98,0.60,1.30,28.27,18,0,0,0.11,0.10,0.20,29.13,18,18,0,1.08,1.00,1.10,28.74,18,18,0,0.23,0.20,0.30,28.34,18,18,0
366749,0.38,0.30,0.40,29.09,17,17,0,-0.02,-0.10,0.10,28.56,17,17,0,0.34,0.30,0.40,28.70,17,17,0,0.99,0.70,1.30,28.29,17,0,0,0.11,0.10,0.20,29.14,17,17,0,1.08,1.00,1.10,28.73,17,17,0,0.21,0.20,0.30,28.33,17,17,0
367260,0.37,0.30,0.40,29.10,18,18,0,-0.02,-0.10,0.10,28.58,18,18,0,0.32,0.30,0.40,28.69,18,18,0,0.98,0.40,1.80,28.28,18,0,0,0.10,0.00,0.20,29.13,18,18,0,1.09,1.00,1.10,28.72,18,18,0,0.23,0.20,0.30,28.33,18,18,0
367769,0.39,0.30,0.40,29.09,18,18,0,-0.02,-0.10,0.10,28.57,18,18,0,0.34,0.30,0.40,28.69,18,18,0,0.97,0.70,1.30,28.28,18,0,0,0.10,0.00,0.20,29.13,18,18,0,1.08,1.00,1.10,28.73,18,18,0,0.22,0.20,0.30,28.33,18,18,0
368269,0.38,0.30,0.40,29.09,17,17,0,0.01,-0.10,0.10,28.55,17,17,0,0.34,0.30,0.40,28.69,17,17,0,0.95,0.80,1.20,28.28,17,0,0,0.11,0.10,0.20,29.14,17,17,0,1.08,1.00,1.10,28.73,17,17,0,0.24,0.20,0.30,28.34,17,17,0
368769,0.38,0.30,0.40,29.09,17,17,0,0.01,-0.10,0.10,28.56,17,17,0,0.33,0.30,0.40,28.68,17,17,0,0.89,0.40,1.60,28.28,17,0,0,0.10,0.10,0.10,29.15,17,17,0,1.07,1.00,1.10,28.73,17,17,0,0.24,0.20,0.30,28.33,17,17,0
369269,0.39,0.30,0.40,29.08,17,17,0,-0.01,-0.10,0.10,28.56,17,17,0,0.31,0.30,0.40,28.71,17,17,0,0.78,0.30,1.10,28.28,17,0,0,0.11,0.10,0.20,29.14,17,17,0,1.07,1.00,1.10,28.72,17,17,0,0.23,0.20,0.30,28.34,17,17,0
369769,0.38,0.30,0.40,29.10,17,17,0,-0.02,-0.10,0.10,28.58,17,17,0,0.33,0.30,0.40,28.71,17,17,0,0.74,0.30,1.00,28.27,17,0,0,0.11,0.10,0.20,29.13,17,17,0,1.08,1.00,1.10,28.73,17,17,0,0.22,0.20,0.30,28.33,17,17,0
370269,0.36,0.30,0.40,29.10,17,17,0,-0.02,-0.10,0.00,28.57,17,17,0,0.31,0.30,0.40,28.69,17,17,0,0.21,-4.30,1.00,28.28,17,0,0,0.11,0.10,0.20,29.12,17,17,0,1.08,1.00,1.10,28.72,17,17,0,0.23,0.20,0.30,28.35,17,17,0
370769,0.36,0.30,0.40,29.09,17,17,0,-0.02,-0.10,0.10,28.55,17,17,0,0.33,0.30,0.40,28.70,17,17,0,8.26,-4.40,18.00,28.30,17,0,0,0.10,0.10,0.10,29.14,17,17,0,1.08,1.00,1.10,28.73,17,17,0,0.24,0.20,0.30,28.35,17,17,0
371269,0.36,0.30,0.40,29.10,17,17,0,-0.02,-0.10,0.10,28.56,17,17,0,0.32,0.30,0.40,28.70,17,17,0,63.49,24.90,107.50,28.28,17,0,0,0.10,0.00,0.20,29.14,17,17,0,1.08,1.00,1.10,28.72,17,17,0,0.22,0.20,0.30,28.35,17,17,0
371769,0.37,0.30,0.40,29.08,17,17,0,-0.02,-0.10,0.00,28.57,17,17,0,0.34,0.30,0.40,28.70,17,17,0,110.20,104.30,117.90,28.05,17,0,0,0.11,0.00,0.20,29.14,17,17,0,1.07,1.00,1.10,28.72,17,17,0,0.22,0.20,0.30,28.34,17,17,0
372270,0.36,0.30,0.40,29.10,17,17,0,-0.02,-0.10,0.00,28.58,17,17,0,0.33,0.30,0.40,28.69,17,17,0,138.21,15.20,300.50,27.73,17,0,0,0.10,0.10,0.10,29.14,17,17,0,1.07,1.00,1.10,28.74,17,17,0,0.21,0.20,0.30,28.34,17,17,0
372772,0.38,0.30,0.40,29.10,17,17,0,0.01,-0.10,0.10,28.58,17,17,0,0.32,0.30,0.40,28.70,17,17,0,84.95,12.70,114.80,27.53,17,0,0,0.11,0.10,0.20,29.14,17,17,0,1.06,1.00,1.10,28.74,17,17,0,0.23,0.20,0.30,28.34,17,17,0
373276,0.36,0.30,0.40,29.10,17,17,0,-0.01,-0.10,0.10,28.57,17,17,0,0.31,0.30,0.40,28.70,17,17,0,137.07,127.80,144.40,27.34,17,0,0,0.09,0.00,0.10,29.15,17,17,0,1.08,1.00,1.10,28.73,17,17,0,0.23,0.20,0.30,28.35,17,17,0
373778,0.38,0.30,0.40,29.09,17,17,0,0.01,-0.10,0.10,28.58,17,17,0,0.35,0.30,0.40,28.68,17,17,0,94.21,11.80,304.90,27.13,17,0,0,0.11,0.10,0.20,29.15,17,17,0,1.09,1.00,1.10,28.75,17,17,0,0.22,0.20,0.30,28.35,17,17,0
374290,0.36,0.30,0.40,29.10,17,17,0,-0.01,-0.10,0.10,28.59,17,17,0,0.34,0.30,0.40,28.70,17,17,0,154.99,131.00,166.40,27.05,17,0,0,0.12,0.10,0.20,29.16,17,17,0,1.07,1.00,1.10,28.73,17,17,0,0.21,0.20,0.30,28.35,17,17,0
374796,0.37,0.30,0.40,29.10,17,17,0,-0.02,-0.10,0.10,28.59,17,17,0,0.34,0.30,0.40,28.73,17,17,0,120.65,16.70,340.10,26.85,17,0,0,0.11,0.10,0.20,29.14,17,17,0,1.08,1.00,1.10,28.73,17,17,0,0.22,0.20,0.30,28.33,17,17,0
375296,0.37,0.30,0.40,29.10,16,16,0,-0.01,-0.10,0.10,28.58,16,16,0,0.34,0.30,0.40,28.69,16,16,0,169.98,152.90,178.80,26.78,16,0,0,0.10,0.10,0.10,29.15,16,16,0,1.08,1.00,1.10,28.73,16,16,0,0.23,0.20,0.30,28.35,16,16,0
375796,0.37,0.30,0.40,29.10,17,17,0,-0.02,-0.10,0.10,28.58,17,17,0,0.34,0.30,0.40,28.71,17,17,0,121.41,28.90,282.50,26.64,17,0,0,0.11,0.10,0.20,29.16,17,17,0,1.09,1.00,1.10,28.74,17,17,0,0.24,0.20,0.30,28.35,17,17,0
376302,0.38,0.30,0.40,29.09,17,17,0,-0.01,-0.10,0.10,28.58,17,17,0,0.36,0.30,0.40,28.70,17,17,0,221.42,77.30,377.60,26.56,17,0,0,0.11,0.10,0.20,29.15,17,17,0,1.09,1.00,1.10,28.74,17,17,0,0.24,0.20,0.30,28.35,17,17,0
376806,0.38,0.30,0.40,29.11,17,17,0,-0.01,-0.10,0.10,28.57,17,17,0,0.34,0.30,0.40,28.71,17,17,0,206.31,62.10,248.90,26.43,17,0,0,0.10,0.10,0.10,29.15,17,17,0,1.07,1.00,1.10,28.72,17,17,0,0.25,0.20,0.30,28.35,17,17,0
377316,0.38,0.30,0.40,29.12,17,17,0,-0.03,-0.10,0.00,28.58,17,17,0,0.34,0.30,0.40,28.70,17,17,0,192.34,67.60,343.80,26.29,17,0,0,0.10,0.10,0.10,29.16,17,17,0,1.06,1.00,1.10,28.73,17,17,0,0.22,0.20,0.30,28.35,17,17,0
377823,0.36,0.30,0.40,29.11,17,17,0,0.00,-0.10,0.10,28.58,17,17,0,0.31,0.30,0.40,28.72,17,17,0,223.74,84.10,483.40,26.19,17,0,0,0.10,0.10,0.10,29.15,17,17,0,1.09,1.00,1.10,28.73,17,17,0,0.24,0.20,0.30,28.35,17,17,0
378332,0.36,0.30,0.40,29.11,17,17,0,0.00,-0.10,0.10,28.58,17,17,0,0.34,0.30,0.40,28.72,17,17,0,246.57,93.30,457.10,26.09,17,0,0,0.11,0.10,0.20,29.15,17,17,0,1.08,1.00,1.10,28.73,17,17,0,0.23,0.20,0.30,28.34,17,17,0
378833,0.38,0.30,0.40,29.12,17,17,0,0.01,-0.10,0.10,28.58,17,17,0,0.33,0.30,0.40,28.70,17,17,0,270.05,105.10,464.90,26.03,17,0,0,0.12,0.10,0.20,29.16,17,17,0,1.09,1.00,1.10,28.72,17,17,0,0.23,0.20,0.30,28.35,17,17,0
379333,0.38,0.30,0.40,29.11,17,17,0,-0.02,-0.10,0.10,28.59,17,17,0,0.34,0.30,0.40,28.70,17,17,0,294.11,149.20,510.00,25.99,17,0,0,0.10,0.10,0.10,29.15,17,17,0,1.09,1.00,1.10,28.73,17,17,0,0.23,0.20,0.30,28.38,17,17,0
379841,0.36,0.30,0.40,29.11,17,17,0,-0.02,-0.10,0.10,28.58,17,17,0,0.33,0.30,0.40,28.69,17,17,0,295.16,128.00,491.90,25.92,17,0,0,0.10,0.10,0.10,29.16,17,17,0,1.07,1.00,1.10,28.74,17,17,0,0.22,0.20,0.30,28.35,17,17,0
380344,0.38,0.30,0.40,29.11,17,17,0,-0.01,-0.10,0.10,28.61,17,17,0,0.32,0.30,0.40,28.72,17,17,0,276.16,128.70,494.10,25.88,17,0,0,0.10,0.00,0.20,29.15,17,17,0,1.08,1.00,1.10,28.75,17,17,0,0.22,0.20,0.30,28.36,17,17,0
380844,0.38,0.30,0.40,29.12,17,17,0,-0.01,-0.10,0.10,28.56,17,17,0,0.34,0.30,0.40,28.70,17,17,0,250.62,112.00,361.60,25.82,17,0,0,0.11,0.10,0.20,29.16,17,17,0,1.07,1.00,1.10,28.74,17,17,0,0.21,0.20,0.30,28.36,17,17,0
381346,0.36,0.30,0.40,29.13,17,17,0,0.00,-0.10,0.10,28.59,17,17,0,0.33,0.30,0.40,28.71,17,17,0,237.46,111.40,339.00,25.79,17,0,0,0.09,0.00,0.10,29.18,17,17,0,1.08,1.00,1.10,28.73,17,17,0,0.22,0.20,0.30,28.36,17,17,0
381850,0.38,0.30,0.40,29.12,17,17,0,-0.02,-0.10,0.10,28.60,17,17,0,0.31,0.30,0.40,28.72,17,17,0,228.88,103.60,377.80,25.77,17,0,0,0.10,0.10,0.10,29.17,17,17,0,1.07,1.00,1.10,28.74,17,17,0,0.21,0.20,0.30,28.35,17,17,0
382363,0.39,0.30,0.40,29.12,17,17,0,-0.02,-0.10,0.00,28.59,17,17,0,0.35,0.30,0.40,28.71,17,17,0,229.22,99.20,388.80,25.73,17,0,0,0.09,0.00,0.20,29.16,17,17,0,1.08,1.00,1.10,28.74,17,17,0,0.24,0.20,0.30,28.34,17,17,0
382868,0.37,0.30,0.40,29.13,17,17,0,-0.03,-0.10,0.10,28.60,17,17,0,0.31,0.30,0.40,28.72,17,17,0,240.65,93.90,466.00,25.74,17,0,0,0.11,0.10,0.20,29.15,17,17,0,1.09,1.00,1.10,28.75,17,17,0,0.24,0.20,0.30,28.36,17,17,0
383375,0.38,0.30,0.40,29.12,17,17,0,-0.03,-0.10,0.10,28.59,17,17,0,0.31,0.30,0.40,28.71,17,17,0,235.85,96.40,439.40,25.71,17,0,0,0.09,0.00,0.10,29.17,17,17,0,1.07,1.00,1.10,28.76,17,17,0,0.23,0.20,0.30,28.35,17,17,0
383875,0.36,0.30,0.40,29.13,17,17,0,-0.05,-0.10,0.00,28.59,17,17,0,0.31,0.30,0.40,28.71,17,17,0,238.80,91.60,480.90,25.69,17,0,0,0.11,0.10,0.20,29.18,17,17,0,1.08,1.00,1.10,28.74,17,17,0,0.22,0.20,0.30,28.36,17,17,0
384384,0.38,0.30,0.40,29.11,17,17,0,-0.02,-0.10,0.10,28.60,17,17,0,0.31,0.30,0.40,28.72,17,17,0,252.68,84.30,462.10,25.69,17,0,0,0.10,0.10,0.10,29.18,17,17,0,1.07,1.00,1.10,28.74,17,17,0,0.21,0.20,0.30,28.37,17,17,0
384892,0.36,0.30,0.40,29.12,17,17,0,-0.01,-0.10,0.10,28.61,17,17,0,0.32,0.30,0.40,28.72,17,17,0,278.96,125.80,481.90,25.70,17,0,0,0.11,0.10,0.20,29.17,17,17,0,1.08,1.00,1.10,28.74,17,17,0,0.24,0.20,0.30,28.37,17,17,0
385392,0.39,0.30,0.40,29.12,17,17,0,0.01,-0.10,0.10,28.59,17,17,0,0.34,0.30,0.40,28.70,17,17,0,265.74,98.90,488.00,25.70,17,0,0,0.10,0.00,0.20,29.16,17,17,0,1.08,1.00,1.10,28.76,17,17,0,0.24,0.20,0.30,28.35,17,17,0
385900,0.38,0.30,0.40,29.11,17,17,0,-0.02,-0.10,0.10,28.58,17,17,0,0.36,0.30,0.40,28.71,17,17,0,224.64,95.20,278.00,25.68,17,0,0,0.10,0.10,0.10,29.16,17,17,0,1.06,1.00,1.10,28.75,17,17,0,0.22,0.20,0.30,28.36,17,17,0
386400,0.38,0.30,0.40,29.11,16,16,0,-0.01,-0.10,0.10,28.59,16,16,0,0.34,0.30,0.40,28.72,16,16,0,201.74,88.80,320.70,25.64,16,0,0,0.10,0.10,0.10,29.18,16,16,0,1.09,1.00,1.10,28.73,16,16,0,0.24,0.20,0.30,28.36,16,16,0
386904,0.38,0.30,0.40,29.12,17,17,0,-0.02,-0.10,0.00,28.61,17,17,0,0.33,0.30,0.40,28.71,17,17,0,221.68,78.60,423.60,25.63,17,0,0,0.12,0.10,0.20,29.19,17,17,0,1.07,1.00,1.10,28.74,17,17,0,0.21,0.20,0.30,28.38,17,17,0
387405,0.38,0.30,0.40,29.13,17,17,0,-0.01,-0.10,0.10,28.59,17,17,0,0.35,0.30,0.40,28.72,17,17,0,227.13,86.10,420.40,25.63,17,0,0,0.10,0.10,0.10,29.19,17,17,0,1.09,1.00,1.10,28.73,17,17,0,0.22,0.20,0.30,28.37,17,17,0
387911,0.37,0.30,0.40,29.12,17,17,0,0.00,-0.10,0.10,28.59,17,17,0,0.32,0.30,0.40,28.73,17,17,0,254.06,75.70,464.60,25.61,17,0,0,0.11,0.10,0.20,29.18,17,17,0,1.08,1.00,1.10,28.73,17,17,0,0.23,0.20,0.30,28.36,17,17,0
388411,0.38,0.30,0.40,29.12,16,16,0,0.02,-0.10,0.10,28.60,16,16,0,0.33,0.30,0.40,28.73,16,16,0,287.08,179.90,418.20,25.61,16,0,0,0.11,0.10,0.20,29.16,16,16,0,1.08,1.00,1.10,28.75,16,16,0,0.23,0.20,0.30,28.38,16,16,0
388911,0.38,0.30,0.40,29.12,17,17,0,0.01,-0.10,0.10,28.60,17,17,0,0.35,0.30,0.40,28.71,17,17,0,229.92,111.60,274.70,25.60,17,0,0,0.11,0.10,0.20,29.17,17,17,0,1.07,1.00,1.20,28.76,17,17,0,0.24,0.20,0.30,28.36,17,17,0
389412,0.36,0.30,0.40,29.13,17,17,0,-0.02,-0.10,0.10,28.60,17,17,0,0.35,0.30,0.40,28.72,17,17,0,202.26,82.30,343.40,25.60,17,0,0,0.12,0.10,0.20,29.17,17,17,0,1.07,1.00,1.10,28.75,17,17,0,0.22,0.20,0.30,28.38,17,17,0
389917,0.37,0.30,0.40,29.13,17,17,0,-0.02,-0.10,0.00,28.58,17,17,0,0.32,0.30,0.40,28.73,17,17,0,218.00,74.00,478.10,25.58,17,0,0,0.10,0.00,0.20,29.19,17,17,0,1.09,1.00,1.10,28.74,17,17,0,0.22,0.20,0.30,28.38,17,17,0
390417,0.36,0.30,0.40,29.14,17,17,0,0.02,-0.10,0.10,28.61,17,17,0,0.32,0.30,0.40,28.73,17,17,0,220.12,86.40,453.40,25.58,17,0,0,0.11,0.10,0.20,29.16,17,17,0,1.06,1.00,1.10,28.76,17,17,0,0.22,0.20,0.30,28.37,17,17,0
390925,0.37,0.30,0.40,29.14,17,17,0,-0.02,-0.10,0.10,28.60,17,17,0,0.33,0.30,0.40,28.73,17,17,0,238.29,74.50,451.10,25.57,17,0,0,0.11,0.10,0.20,29.18,17,17,0,1.08,1.00,1.10,28.75,17,17,0,0.24,0.20,0.30,28.37,17,17,0
391429,0.36,0.30,0.40,29.12,17,17,0,-0.04,-0.10,0.00,28.60,17,17,0,0.33,0.30,0.40,28.73,17,17,0,273.04,168.60,425.30,25.59,17,0,0,0.11,0.10,0.20,29.16,17,17,0,1.06,1.00,1.10,28.76,17,17,0,0.21,0.20,0.30,28.37,17,17,0
391930,0.35,0.30,0.40,29.13,17,17,0,-0.03,-0.10,0.10,28.60,17,17,0,0.32,0.30,0.40,28.72,17,17,0,215.80,95.40,262.30,25.58,17,0,0,0.11,0.10,0.20,29.17,17,17,0,1.07,1.00,1.10,28.75,17,17,0,0.22,0.20,0.30,28.38,17,17,0
392439,0.35,0.30,0.40,29.13,17,17,0,-0.01,-0.10,0.10,28.59,17,17,0,0.32,0.30,0.40,28.71,17,17,0,189.67,70.80,324.50,25.58,17,0,0,0.10,0.10,0.10,29.18,17,17,0,1.09,1.00,1.10,28.75,17,17,0,0.22,0.20,0.30,28.39,17,17,0
392940,0.38,0.30,0.40,29.13,17,17,0,-0.01,-0.10,0.10,28.59,17,17,0,0.35,0.30,0.40,28.72,17,17,0,205.72,78.20,399.60,25.57,17,0,0,0.10,0.10,0.10,29.19,17,17,0,1.08,1.00,1.10,28.74,17,17,0,0.21,0.20,0.30,28.38,17,17,0
393444,0.39,0.30,0.40,29.14,17,17,0,-0.02,-0.10,0.10,28.60,17,17,0,0.32,0.30,0.40,28.72,17,17,0,222.39,73.60,434.90,25.56,17,0,0,0.10,0.10,0.10,29.17,17,17,0,1.08,1.00,1.10,28.75,17,17,0,0.24,0.20,0.30,28.37,17,17,0
393944,0.34,0.30,0.40,29.14,17,17,0,-0.02,-0.10,0.00,28.62,17,17,0,0.34,0.30,0.40,28.73,17,17,0,264.39,131.90,462.50,25.56,17,0,0,0.11,0.10,0.20,29.19,17,17,0,1.10,1.10,1.10,28.75,17,17,0,0.23,0.20,0.30,28.39,17,17,0
394449,0.37,0.30,0.40,29.14,16,16,0,-0.02,-0.10,0.00,28.61,16,16,0,0.33,0.30,0.40,28.73,16,16,0,245.05,119.40,370.50,25.55,16,0,0,0.11,0.10,0.20,29.16,16,16,0,1.10,1.10,1.10,28.76,16,16,0,0.23,0.20,0.30,28.37,16,16,0
394953,0.36,0.30,0.40,29.12,17,17,0,-0.02,-0.10,0.00,28.61,17,17,0,0.32,0.30,0.40,28.73,17,17,0,196.49,71.70,287.00,25.54,17,0,0,0.10,0.10,0.10,29.17,17,17,0,1.07,1.00,1.10,28.75,17,17,0,0.24,0.20,0.30,28.38,17,17,0
395454,0.38,0.30,0.40,29.14,17,17,0,0.01,-0.10,0.10,28.61,17,17,0,0.32,0.30,0.40,28.72,17,17,0,212.81,77.60,455.00,25.53,17,0,0,0.12,0.10,0.20,29.18,17,17,0,1.07,1.00,1.10,28.76,17,17,0,0.24,0.20,0.30,28.38,17,17,0
395958,0.37,0.30,0.40,29.14,17,17,0,-0.01,-0.10,0.10,28.61,17,17,0,0.31,0.30,0.40,28.75,17,17,0,218.20,72.30,459.90,25.51,17,0,0,0.12,0.10,0.20,29.17,17,17,0,1.07,1.00,1.10,28.75,17,17,0,0.23,0.20,0.30,28.39,17,17,0
396466,0.38,0.30,0.40,29.13,17,17,0,0.01,-0.10,0.10,28.61,17,17,0,0.32,0.30,0.40,28.74,17,17,0,250.95,70.70,420.10,25.52,17,0,0,0.10,0.10,0.10,29.18,17,17,0,1.06,1.00,1.10,28.74,17,17,0,0.22,0.20,0.30,28.38,17,17,0
396971,0.37,0.30,0.40,29.14,17,17,0,-0.01,-0.10,0.10,28.61,17,17,0,0.33,0.30,0.40,28.73,17,17,0,255.79,115.90,446.50,25.54,17,0,0,0.10,0.10,0.10,29.19,17,17,0,1.06,1.00,1.10,28.77,17,17,0,0.22,0.20,0.30,28.39,17,17,0
397476,0.39,0.30,0.40,29.16,17,17,0,0.02,-0.10,0.10,28.60,17,17,0,0.32,0.30,0.40,28.72,17,17,0,200.75,74.60,259.20,25.51,17,0,0,0.11,0.10,0.20,29.19,17,17,0,1.07,1.00,1.10,28.76,17,17,0,0.21,0.20,0.30,28.38,17,17,0
397984,0.38,0.30,0.40,29.14,17,17,0,-0.02,-0.10,0.00,28.61,17,17,0,0.33,0.30,0.40,28.72,17,17,0,187.85,76.10,335.50,25.50,17,0,0,0.11,0.10,0.20,29.18,17,17,0,1.08,1.00,1.10,28.77,17,17,0,0.23,0.20,0.30,28.38,17,17,0
398493,0.38,0.30,0.40,29.14,17,17,0,-0.02,-0.10,0.00,28.61,17,17,0,0.32,0.30,0.40,28.74,17,17,0,199.89,61.30,396.20,25.49,17,0,0,0.11,0.10,0.20,29.18,17,17,0,1.07,1.00,1.10,28.77,17,17,0,0.22,0.20,0.30,28.39,17,17,0
398994,0.36,0.30,0.40,29.16,17,17,0,-0.01,-0.10,0.00,28.60,17,17,0,0.33,0.30,0.40,28.74,17,17,0,248.47,69.90,450.00,25.50,17,0,0,0.11,0.10,0.20,29.18,17,17,0,1.07,1.00,1.10,28.76,17,17,0,0.22,0.20,0.30,28.39,17,17,0
399494,0.38,0.30,0.40,29.15,17,17,0,0.00,-0.10,0.10,28.61,17,17,0,0.33,0.30,0.40,28.74,17,17,0,223.74,81.90,255.20,25.52,17,0,0,0.10,0.10,0.10,29.19,17,17,0,1.08,1.00,1.10,28.75,17,17,0,0.22,0.20,0.30,28.39,17,17,0
399998,0.39,0.30,0.40,29.14,17,17,0,-0.02,-0.10,0.00,28.61,17,17,0,0.32,0.30,0.40,28.73,17,17,0,181.14,62.20,325.90,25.49,17,0,0,0.11,0.10,0.20,29.19,17,17,0,1.08,1.00,1.10,28.76,17,17,0,0.21,0.20,0.30,28.38,17,17,0
400510,0.39,0.30,0.40,29.14,17,17,0,-0.01,-0.10,0.10,28.60,17,17,0,0.32,0.30,0.40,28.75,17,17,0,202.35,75.30,406.50,25.47,17,0,0,0.11,0.10,0.20,29.18,17,17,0,1.07,1.00,1.10,28.76,17,17,0,0.21,0.20,0.30,28.38,17,17,0
401010,0.37,0.30,0.40,29.14,17,17,0,0.01,-0.10,0.10,28.62,17,17,0,0.32,0.30,0.40,28.72,17,17,0,215.42,82.40,437.10,25.48,17,0,0,0.11,0.10,0.20,29.19,17,17,0,1.05,1.00,1.10,28.77,17,17,0,0.22,0.20,0.30,28.37,17,17,0
401518,0.38,0.30,0.40,29.15,17,17,0,-0.01,-0.10,0.10,28.60,17,17,0,0.32,0.30,0.40,28.74,17,17,0,249.46,94.50,432.90,25.47,17,0,0,0.10,0.10,0.10,29.18,17,17,0,1.08,1.00,1.10,28.77,17,17,0,0.22,0.20,0.30,28.41,17,17,0
402023,0.36,0.30,0.40,29.16,17,17,0,0.01,-0.10,0.10,28.61,17,17,0,0.31,0.30,0.40,28.73,17,17,0,253.76,117.80,426.60,25.47,17,0,0,0.11,0.10,0.20,29.20,17,17,0,1.08,1.00,1.10,28.76,17,17,0,0.21,0.20,0.30,28.38,17,17,0
402536,0.39,0.30,0.40,29.14,17,17,0,-0.02,-0.10,0.10,28.60,17,17,0,0.32,0.30,0.40,28.75,17,17,0,202.86,71.90,262.50,25.45,17,0,0,0.11,0.10,0.20,29.20,17,17,0,1.08,1.00,1.10,28.75,17,17,0,0.22,0.20,0.30,28.37,17,17,0
403041,0.37,0.30,0.40,29.13,17,17,0,0.00,-0.10,0.10,28.62,17,17,0,0.34,0.30,0.40,28.74,17,17,0,196.01,77.20,370.90,25.45,17,0,0,0.10,0.10,0.10,29.20,17,17,0,1.07,1.00,1.10,28.76,17,17,0,0.22,0.20,0.30,28.40,17,17,0
403545,0.39,0.30,0.40,29.15,17,17,0,-0.01,-0.10,0.00,28.62,17,17,0,0.32,0.30,0.40,28.73,17,17,0,204.98,65.70,468.70,25.43,17,0,0,0.10,0.00,0.20,29.20,17,17,0,1.09,1.00,1.10,28.76,17,17,0,0.22,0.20,0.30,28.38,17,17,0
404054,0.39,0.30,0.40,29.14,17,17,0,-0.01,-0.10,0.10,28.62,17,17,0,0.33,0.30,0.40,28.76,17,17,0,231.55,65.20,422.70,25.45,17,0,0,0.10,0.10,0.10,29.20,17,17,0,1.09,1.00,1.10,28.76,17,17,0,0.22,0.20,0.30,28.39,17,17,0
404557,0.39,0.30,0.40,29.14,17,17,0,-0.01,-0.10,0.10,28.61,17,17,0,0.32,0.30,0.40,28.75,17,17,0,252.18,133.30,426.60,25.46,17,0,0,0.11,0.10,0.20,29.19,17,17,0,1.08,1.00,1.10,28.77,17,17,0,0.22,0.20,0.30,28.39,17,17,0
405059,0.38,0.30,0.40,29.14,17,17,0,-0.01,-0.10,0.10,28.61,17,17,0,0.34,0.30,0.40,28.73,17,17,0,191.32,69.80,246.40,25.45,17,0,0,0.10,0.10,0.10,29.19,17,17,0,1.06,1.00,1.10,28.78,17,17,0,0.22,0.20,0.30,28.39,17,17,0
405559,0.39,0.30,0.40,29.16,17,17,0,-0.02,-0.10,0.10,28.62,17,17,0,0.32,0.30,0.40,28.74,17,17,0,187.36,76.80,344.30,25.43,17,0,0,0.10,0.10,0.10,29.20,17,17,0,1.08,1.00,1.10,28.75,17,17,0,0.22,0.20,0.30,28.38,17,17,0
406060,0.38,0.30,0.40,29.16,17,17,0,-0.03,-0.10,0.00,28.61,17,17,0,0.33,0.30,0.40,28.74,17,17,0,201.99,61.00,424.90,25.43,17,0,0,0.11,0.10,0.20,29.20,17,17,0,1.08,1.00,1.10,28.75,17,17,0,0.21,0.20,0.30,28.40,17,17,0
406563,0.37,0.30,0.40,29.15,17,17,0,-0.01,-0.10,0.10,28.61,17,17,0,0.32,0.30,0.40,28.73,17,17,0,253.73,151.20,370.50,25.45,17,0,0,0.11,0.10,0.20,29.20,17,17,0,1.06,1.00,1.10,28.76,17,17,0,0.21,0.20,0.30,28.39,17,17,0
407063,0.38,0.30,0.40,29.16,17,17,0,0.00,-0.10,0.10,28.62,17,17,0,0.31,0.30,0.40,28.75,17,17,0,208.45,76.80,251.60,25.45,17,0,0,0.10,0.10,0.10,29.19,17,17,0,1.05,1.00,1.10,28.77,17,17,0,0.23,0.20,0.30,28.40,17,17,0
407571,0.38,0.30,0.40,29.15,17,17,0,-0.02,-0.10,0.10,28.62,17,17,0,0.32,0.30,0.40,28.73,17,17,0,177.93,61.80,336.00,25.42,17,0,0,0.09,0.00,0.10,29.20,17,17,0,1.08,1.00,1.10,28.75,17,17,0,0.24,0.20,0.30,28.39,17,17,0
408077,0.38,0.30,0.40,29.16,17,17,0,-0.02,-0.10,0.00,28.62,17,17,0,0.32,0.30,0.40,28.75,17,17,0,206.12,88.20,371.30,25.41,17,0,0,0.10,0.10,0.10,29.20,17,17,0,1.08,1.00,1.10,28.77,17,17,0,0.24,0.20,0.30,28.40,17,17,0
408583,0.38,0.30,0.40,29.15,17,17,0,-0.02,-0.10,0.10,28.62,17,17,0,0.33,0.30,0.40,28.74,17,17,0,223.30,83.80,404.80,25.39,17,0,0,0.11,0.10,0.20,29.22,17,17,0,1.06,1.00,1.10,28.76,17,17,0,0.22,0.20,0.30,28.41,17,17,0
409083,0.38,0.30,0.40,29.15,17,17,0,-0.02,-0.10,0.10,28.62,17,17,0,0.33,0.30,0.40,28.74,17,17,0,267.78,139.00,441.30,25.40,17,0,0,0.10,0.10,0.10,29.21,17,17,0,1.09,1.00,1.10,28.76,17,17,0,0.23,0.20,0.30,28.39,17,17,0
409585,0.36,0.30,0.40,29.14,17,17,0,0.00,-0.10,0.10,28.62,17,17,0,0.32,0.30,0.40,28.74,17,17,0,240.06,86.40,430.70,25.39,17,0,0,0.10,0.10,0.10,29.20,17,17,0,1.08,1.00,1.10,28.75,17,17,0,0.24,0.20,0.30,28.40,17,17,0
410089,0.38,0.30,0.40,29.17,17,17,0,-0.02,-0.10,0.10,28.61,17,17,0,0.32,0.30,0.40,28.76,17,17,0,208.55,94.60,273.00,25.40,17,0,0,0.11,0.10,0.20,29.20,17,17,0,1.08,1.00,1.10,28.77,17,17,0,0.21,0.20,0.30,28.41,17,17,0
410599,0.36,0.30,0.40,29.16,17,17,0,-0.01,-0.10,0.10,28.62,17,17,0,0.31,0.30,0.40,28.75,17,17,0,198.84,74.60,384.60,25.37,17,0,0,0.11,0.10,0.20,29.21,17,17,0,1.07,1.00,1.10,28.79,17,17,0,0.21,0.20,0.30,28.40,17,17,0
411100,0.35,0.30,0.40,29.15,17,17,0,-0.03,-0.10,0.00,28.62,17,17,0,0.31,0.30,0.40,28.74,17,17,0,210.22,72.90,449.10,25.36,17,0,0,0.10,0.10,0.10,29.19,17,17,0,1.09,1.00,1.10,28.76,17,17,0,0.22,0.20,0.30,28.40,17,17,0
411600,0.38,0.30,0.40,29.16,17,17,0,-0.03,-0.10,0.10,28.63,17,17,0,0.32,0.30,0.40,28.73,17,17,0,233.96,80.70,427.40,25.37,17,0,0,0.11,0.10,0.20,29.20,17,17,0,1.08,1.00,1.10,28.78,17,17,0,0.21,0.20,0.30,28.40,17,17,0
412101,0.35,0.30,0.40,29.16,17,17,0,-0.01,-0.10,0.10,28.61,17,17,0,0.33,0.30,0.40,28.73,17,17,0,267.15,160.50,441.60,25.36,17,0,0,0.11,0.10,0.20,29.21,17,17,0,1.08,1.00,1.10,28.77,17,17,0,0.21,0.20,0.30,28.40,17,17,0
412610,0.37,0.30,0.40,29.15,17,17,0,-0.01,-0.10,0.10,28.63,17,17,0,0.33,0.30,0.40,28.75,17,17,0,207.35,84.20,260.30,25.38,17,0,0,0.12,0.10,0.20,29.22,17,17,0,1.08,1.00,1.10,28.76,17,17,0,0.21,0.20,0.30,28.41,17,17,0
413110,0.36,0.30,0.40,29.15,16,16,0,-0.02,-0.10,0.10,28.63,16,16,0,0.31,0.30,0.40,28.77,16,16,0,178.27,68.00,314.20,25.36,16,0,0,0.12,0.10,0.20,29.21,16,16,0,1.09,1.00,1.10,28.78,16,16,0,0.23,0.20,0.30,28.39,16,16,0
413610,0.39,0.30,0.40,29.14,17,17,0,-0.02,-0.10,0.10,28.62,17,17,0,0.32,0.30,0.40,28.73,17,17,0,203.54,62.70,418.20,25.35,17,0,0,0.09,0.00,0.10,29.20,17,17,0,1.08,1.00,1.10,28.75,17,17,0,0.21,0.20,0.30,28.39,17,17,0
414111,0.37,0.30,0.40,29.14,17,17,0,0.01,-0.10,0.10,28.64,17,17,0,0.31,0.30,0.40,28.76,17,17,0,239.04,79.10,425.90,25.35,17,0,0,0.11,0.10,0.20,29.22,17,17,0,1.06,1.00,1.10,28.76,17,17,0,0.22,0.20,0.30,28.39,17,17,0
414624,0.36,0.30,0.40,29.17,17,17,0,-0.02,-0.10,0.00,28.62,17,17,0,0.31,0.30,0.40,28.77,17,17,0,260.19,139.90,376.00,25.37,17,0,0,0.11,0.10,0.20,29.21,17,17,0,1.08,1.00,1.10,28.76,17,17,0,0.22,0.20,0.30,28.39,17,17,0
415129,0.39,0.30,0.40,29.14,17,17,0,0.01,-0.10,0.10,28.62,17,17,0,0.31,0.30,0.40,28.76,17,17,0,210.90,85.10,268.70,25.35,17,0,0,0.10,0.10,0.10,29.21,17,17,0,1.08,1.00,1.10,28.77,17,17,0,0.24,0.20,0.30,28.42,17,17,0
415637,0.38,0.30,0.40,29.18,17,17,0,-0.02,-0.10,0.10,28.61,17,17,0,0.32,0.30,0.40,28.75,17,17,0,190.59,75.10,346.80,25.34,17,0,0,0.10,0.10,0.10,29.22,17,17,0,1.08,1.00,1.10,28.77,17,17,0,0.22,0.20,0.30,28.41,17,17,0
416142,0.37,0.30,0.40,29.15,17,17,0,-0.01,-0.10,0.10,28.62,17,17,0,0.32,0.30,0.40,28.75,17,17,0,213.48,94.00,416.10,25.34,17,0,0,0.11,0.10,0.20,29.22,17,17,0,1.09,1.00,1.10,28.78,17,17,0,0.23,0.20,0.30,28.41,17,17,0
416645,0.36,0.30,0.40,29.16,17,17,0,-0.02,-0.10,0.10,28.61,17,17,0,0.32,0.30,0.40,28.76,17,17,0,218.98,92.70,385.80,25.32,17,0,0,0.11,0.00,0.20,29.21,17,17,0,1.08,1.00,1.10,28.77,17,17,0,0.24,0.20,0.30,28.41,17,17,0
417147,0.38,0.30,0.40,29.16,17,17,0,-0.01,-0.10,0.10,28.63,17,17,0,0.31,0.30,0.40,28.74,17,17,0,239.78,100.70,430.50,25.33,17,0,0,0.11,0.10,0.20,29.21,17,17,0,1.07,1.00,1.10,28.79,17,17,0,0.23,0.20,0.30,28.43,17,17,0
417647,0.38,0.30,0.40,29.15,17,17,0,-0.01,-0.10,0.10,28.63,17,17,0,0.33,0.30,0.40,28.74,17,17,0,266.27,166.80,428.90,25.31,17,0,0,0.10,0.10,0.10,29.19,17,17,0,1.08,1.00,1.10,28.75,17,17,0,0.24,0.20,0.30,28.40,17,17,0
418149,0.38,0.30,0.40,29.16,17,17,0,-0.01,-0.10,0.10,28.63,17,17,0,0.32,0.30,0.40,28.75,17,17,0,227.99,98.90,297.40,25.32,17,0,0,0.10,0.10,0.10,29.21,17,17,0,1.06,1.00,1.10,28.76,17,17,0,0.25,0.20,0.30,28.43,17,17,0
418653,0.37,0.30,0.40,29.16,17,17,0,-0.01,-0.10,0.10,28.61,17,17,0,0.31,0.30,0.40,28.76,17,17,0,198.13,85.70,279.00,25.31,17,0,0,0.10,0.10,0.10,29.22,17,17,0,1.08,1.00,1.10,28.77,17,17,0,0.21,0.20,0.30,28.41,17,17,0
419154,0.38,0.30,0.40,29.16,17,17,0,-0.04,-0.10,0.00,28.62,17,17,0,0.32,0.30,0.40,28.74,17,17,0,200.68,92.40,344.30,25.30,17,0,0,0.10,0.10,0.10,29.22,17,17,0,1.05,1.00,1.10,28.78,17,17,0,0.24,0.20,0.30,28.41,17,17,0
419658,0.34,0.30,0.40,29.16,17,17,0,-0.02,-0.10,0.10,28.64,17,17,0,0.33,0.30,0.40,28.75,17,17,0,206.47,86.30,427.60,25.31,17,0,0,0.12,0.10,0.20,29.21,17,17,0,1.06,1.00,1.10,28.78,17,17,0,0.23,0.20,0.30,28.41,17,17,0
420168,0.36,0.30,0.40,29.16,17,17,0,-0.02,-0.10,0.10,28.62,17,17,0,0.32,0.30,0.40,28.75,17,17,0,223.22,66.90,463.10,25.31,17,0,0,0.11,0.10,0.20,29.23,17,17,0,1.07,1.00,1.10,28.76,17,17,0,0.22,0.20,0.30,28.42,17,17,0
420681,0.39,0.30,0.40,29.18,17,17,0,-0.03,-0.10,0.00,28.63,17,17,0,0.32,0.30,0.40,28.76,17,17,0,264.44,185.20,452.90,25.32,17,0,0,0.11,0.10,0.20,29.22,17,17,0,1.07,1.00,1.10,28.78,17,17,0,0.23,0.20,0.30,28.41,17,17,0
421182,0.35,0.30,0.40,29.18,17,17,0,-0.01,-0.10,0.10,28.63,17,17,0,0.33,0.30,0.40,28.76,17,17,0,214.24,86.50,259.80,25.32,17,0,0,0.10,0.10,0.10,29.22,17,17,0,1.09,1.00,1.10,28.79,17,17,0,0.22,0.20,0.30,28.42,17,17,0
421683,0.37,0.30,0.40,29.15,17,17,0,-0.02,-0.10,0.10,28.62,17,17,0,0.32,0.30,0.40,28.75,17,17,0,189.41,75.80,344.20,25.31,17,0,0,0.11,0.10,0.20,29.22,17,17,0,1.09,1.00,1.10,28.78,17,17,0,0.22,0.20,0.30,28.40,17,17,0
422183,0.35,0.30,0.40,29.17,17,17,0,0.02,-0.10,0.10,28.63,17,17,0,0.31,0.30,0.40,28.73,17,17,0,210.45,88.60,435.90,25.29,17,0,0,0.11,0.10,0.20,29.23,17,17,0,1.09,1.00,1.10,28.77,17,17,0,0.24,0.20,0.30,28.40,17,17,0
422695,0.35,0.30,0.40,29.17,17,17,0,-0.02,-0.10,0.10,28.63,17,17,0,0.31,0.30,0.40,28.74,17,17,0,219.52,92.00,387.20,25.29,17,0,0,0.11,0.00,0.20,29.22,17,17,0,1.07,1.00,1.10,28.78,17,17,0,0.22,0.20,0.30,28.41,17,17,0
423200,0.38,0.30,0.40,29.17,17,17,0,-0.03,-0.10,0.00,28.64,17,17,0,0.32,0.30,0.40,28.77,17,17,0,250.68,77.40,440.50,25.27,17,0,0,0.10,0.10,0.10,29.22,17,17,0,1.06,1.00,1.10,28.78,17,17,0,0.25,0.20,0.30,28.41,17,17,0
423700,0.38,0.30,0.40,29.18,17,17,0,0.00,-0.10,0.10,28.63,17,17,0,0.31,0.30,0.40,28.74,17,17,0,265.68,124.40,413.20,25.28,17,0,0,0.10,0.10,0.10,29.22,17,17,0,1.08,1.00,1.10,28.78,17,17,0,0.22,0.20,0.30,28.42,17,17,0
424208,0.36,0.30,0.40,29.17,17,17,0,-0.04,-0.10,0.10,28.62,17,17,0,0.33,0.30,0.40,28.74,17,17,0,223.22,114.80,268.20,25.27,17,0,0,0.10,0.00,0.20,29.23,17,17,0,1.08,1.00,1.10,28.79,17,17,0,0.22,0.20,0.30,28.43,17,17,0
424718,0.36,0.30,0.40,29.16,17,17,0,-0.01,-0.10,0.00,28.63,17,17,0,0.32,0.30,0.40,28.76,17,17,0,196.63,80.30,305.70,25.28,17,0,0,0.11,0.10,0.20,29.21,17,17,0,1.08,1.00,1.10,28.80,17,17,0,0.21,0.20,0.30,28.42,17,17,0
425220,0.36,0.30,0.40,29.17,17,17,0,-0.01,-0.10,0.10,28.62,17,17,0,0.31,0.30,0.40,28.76,17,17,0,211.25,90.20,425.20,25.25,17,0,0,0.11,0.10,0.20,29.23,17,17,0,1.07,1.00,1.10,28.79,17,17,0,0.24,0.20,0.30,28.43,17,17,0
425720,0.36,0.30,0.40,29.16,17,17,0,-0.01,-0.10,0.10,28.63,17,17,0,0.32,0.30,0.40,28.75,17,17,0,211.12,100.00,405.10,25.27,17,0,0,0.11,0.10,0.20,29.23,17,17,0,1.09,1.00,1.10,28.77,17,17,0,0.21,0.20,0.30,28.42,17,17,0
426221,0.39,0.30,0.40,29.17,17,17,0,-0.02,-0.10,0.10,28.63,17,17,0,0.31,0.30,0.40,28.76,17,17,0,224.59,86.60,416.40,25.27,17,0,0,0.11,0.10,0.20,29.24,17,17,0,1.06,1.00,1.10,28.78,17,17,0,0.25,0.20,0.30,28.43,17,17,0
426724,0.37,0.30,0.40,29.18,17,17,0,0.00,-0.10,0.10,28.63,17,17,0,0.30,0.30,0.30,28.76,17,17,0,251.31,114.00,414.00,25.29,17,0,0,0.11,0.00,0.20,29.22,17,17,0,1.08,1.00,1.10,28.78,17,17,0,0.23,0.20,0.30,28.43,17,17,0
427229,0.35,0.30,0.40,29.17,17,17,0,0.00,-0.10,0.10,28.63,17,17,0,0.32,0.30,0.40,28.75,17,17,0,242.99,108.90,437.40,25.27,17,0,0,0.11,0.10,0.20,29.22,17,17,0,1.08,1.00,1.10,28.76,17,17,0,0.22,0.20,0.30,28.42,17,17,0
427731,0.39,0.30,0.40,29.15,17,17,0,0.01,-0.10,0.10,28.63,17,17,0,0.34,0.30,0.40,28.75,17,17,0,197.32,79.10,266.50,25.26,17,0,0,0.10,0.10,0.10,29.23,17,17,0,1.07,1.00,1.10,28.78,17,17,0,0.26,0.20,0.30,28.42,17,17,0
428237,0.37,0.30,0.40,29.18,17,17,0,-0.02,-0.10,0.10,28.64,17,17,0,0.32,0.30,0.40,28.74,17,17,0,199.88,79.20,364.80,25.25,17,0,0,0.12,0.10,0.20,29.23,17,17,0,1.08,1.00,1.10,28.78,17,17,0,0.24,0.20,0.30,28.41,17,17,0
428737,0.37,0.30,0.40,29.16,16,16,0,-0.01,-0.10,0.10,28.64,16,16,0,0.32,0.30,0.40,28.75,16,16,0,208.49,83.30,431.00,25.26,16,0,0,0.10,0.10,0.10,29.21,16,16,0,1.06,1.00,1.10,28.78,16,16,0,0.24,0.20,0.30,28.43,16,16,0
429237,0.39,0.30,0.40,29.18,17,17,0,-0.02,-0.10,0.10,28.64,17,17,0,0.33,0.30,0.40,28.75,17,17,0,232.91,97.30,413.20,25.25,17,0,0,0.10,0.10,0.10,29.24,17,17,0,1.07,1.00,1.10,28.77,17,17,0,0.22,0.20,0.30,28.43,17,17,0
429738,0.37,0.30,0.40,29.19,17,17,0,-0.02,-0.10,0.10,28.64,17,17,0,0.33,0.30,0.40,28.76,17,17,0,254.85,116.60,370.20,25.24,17,0,0,0.11,0.10,0.20,29.23,17,17,0,1.08,1.00,1.10,28.80,17,17,0,0.22,0.20,0.30,28.42,17,17,0
430238,0.36,0.30,0.40,29.18,17,17,0,-0.02,-0.10,0.10,28.65,17,17,0,0.31,0.30,0.40,28.76,17,17,0,259.74,123.40,399.40,25.25,17,0,0,0.11,0.10,0.20,29.22,17,17,0,1.06,1.00,1.10,28.78,17,17,0,0.22,0.20,0.30,28.42,17,17,0
430738,0.38,0.30,0.40,29.18,17,17,0,0.01,-0.10,0.10,28.63,17,17,0,0.34,0.30,0.40,28.76,17,17,0,230.61,110.80,358.10,25.23,17,0,0,0.11,0.10,0.20,29.24,17,17,0,1.08,1.00,1.10,28.77,17,17,0,0.22,0.20,0.30,28.44,17,17,0
431246,0.38,0.30,0.40,29.19,17,17,0,-0.02,-0.10,0.00,28.63,17,17,0,0.33,0.30,0.40,28.76,17,17,0,216.31,106.80,277.90,25.23,17,0,0,0.11,0.10,0.20,29.22,17,17,0,1.09,1.00,1.10,28.79,17,17,0,0.22,0.20,0.30,28.42,17,17,0
431750,0.35,0.30,0.40,29.18,17,17,0,-0.02,-0.10,0.10,28.64,17,17,0,0.33,0.30,0.40,28.77,17,17,0,204.76,94.80,338.50,25.21,17,0,0,0.12,0.10,0.20,29.24,17,17,0,1.06,1.00,1.10,28.79,17,17,0,0.21,0.20,0.30,28.41,17,17,0
432250,0.36,0.30,0.40,29.19,16,16,0,-0.03,-0.10,0.00,28.63,16,16,0,0.32,0.30,0.40,28.76,16,16,0,215.34,93.40,443.90,25.21,16,0,0,0.12,0.10,0.20,29.25,16,16,0,1.08,1.00,1.10,28.80,16,16,0,0.22,0.20,0.30,28.41,16,16,0
432750,0.36,0.30,0.40,29.17,17,17,0,-0.02,-0.10,0.00,28.63,17,17,0,0.34,0.30,0.40,28.78,17,17,0,217.65,92.20,432.00,25.20,17,0,0,0.10,0.10,0.10,29.25,17,17,0,1.06,1.00,1.10,28.78,17,17,0,0.22,0.20,0.30,28.44,17,17,0
433250,0.36,0.30,0.40,29.17,17,17,0,-0.01,-0.10,0.10,28.63,17,17,0,0.32,0.30,0.40,28.75,17,17,0,230.98,98.30,382.90,25.20,17,0,0,0.10,0.10,0.10,29.22,17,17,0,1.07,1.00,1.10,28.79,17,17,0,0.24,0.20,0.30,28.43,17,17,0
433752,0.37,0.30,0.40,29.17,17,17,0,-0.03,-0.10,0.10,28.64,17,17,0,0.32,0.30,0.40,28.75,17,17,0,250.94,99.70,430.60,25.23,17,0,0,0.11,0.00,0.20,29.23,17,17,0,1.06,1.00,1.10,28.77,17,17,0,0.25,0.20,0.30,28.44,17,17,0
434253,0.37,0.30,0.40,29.18,17,17,0,-0.01,-0.10,0.10,28.64,17,17,0,0.33,0.30,0.40,28.77,17,17,0,261.71,115.70,469.20,25.23,17,0,0,0.11,0.10,0.20,29.24,17,17,0,1.08,1.00,1.10,28.79,17,17,0,0.23,0.20,0.30,28.42,17,17,0
434754,0.36,0.30,0.40,29.19,17,17,0,-0.04,-0.10,0.10,28.64,17,17,0,0.34,0.30,0.40,28.77,17,17,0,203.61,69.90,265.40,25.22,17,0,0,0.11,0.10,0.20,29.25,17,17,0,1.07,1.00,1.10,28.80,17,17,0,0.23,0.20,0.30,28.43,17,17,0
435254,0.39,0.30,0.40,29.17,17,17,0,-0.02,-0.10,0.10,28.64,17,17,0,0.35,0.30,0.40,28.77,17,17,0,200.62,91.30,354.20,25.22,17,0,0,0.11,0.10,0.20,29.26,17,17,0,1.07,1.00,1.10,28.79,17,17,0,0.22,0.20,0.30,28.42,17,17,0
435762,0.36,0.30,0.40,29.18,17,17,0,-0.01,-0.10,0.10,28.65,17,17,0,0.31,0.30,0.40,28.78,17,17,0,214.02,95.90,397.20,25.20,17,0,0,0.11,0.10,0.20,29.23,17,17,0,1.08,1.00,1.10,28.79,17,17,0,0.22,0.20,0.30,28.42,17,17,0
436266,0.37,0.30,0.40,29.19,17,17,0,-0.01,-0.10,0.10,28.65,17,17,0,0.32,0.30,0.40,28.77,17,17,0,217.49,90.50,387.10,25.20,17,0,0,0.11,0.10,0.20,29.23,17,17,0,1.09,1.00,1.10,28.79,17,17,0,0.24,0.20,0.30,28.42,17,17,0
436766,0.36,0.30,0.40,29.19,17,17,0,-0.03,-0.10,0.00,28.64,17,17,0,0.33,0.30,0.40,28.76,17,17,0,242.15,96.30,402.00,25.19,17,0,0,0.11,0.10,0.20,29.22,17,17,0,1.09,1.00,1.10,28.80,17,17,0,0.23,0.20,0.30,28.43,17,17,0
437268,0.36,0.30,0.40,29.17,17,17,0,-0.01,-0.10,0.10,28.64,17,17,0,0.34,0.30,0.40,28.78,17,17,0,265.03,152.20,410.40,25.19,17,0,0,0.12,0.10,0.20,29.24,17,17,0,1.09,1.00,1.10,28.79,17,17,0,0.21,0.20,0.30,28.41,17,17,0
437768,0.37,0.30,0.40,29.18,17,17,0,-0.03,-0.10,0.10,28.64,17,17,0,0.33,0.30,0.40,28.76,17,17,0,256.09,109.50,431.40,25.19,17,0,0,0.12,0.10,0.20,29.23,17,17,0,1.07,1.00,1.10,28.78,17,17,0,0.21,0.20,0.30,28.43,17,17,0
438270,0.36,0.30,0.40,29.18,17,17,0,-0.02,-0.10,0.00,28.65,17,17,0,0.34,0.30,0.40,28.76,17,17,0,220.14,100.50,268.70,25.18,17,0,0,0.11,0.10,0.20,29.23,17,17,0,1.06,1.00,1.10,28.82,17,17,0,0.24,0.20,0.30,28.44,17,17,0
438770,0.36,0.30,0.40,29.21,17,17,0,-0.04,-0.10,0.00,28.65,17,17,0,0.32,0.30,0.40,28.76,17,17,0,205.41,103.80,331.80,25.18,17,0,0,0.10,0.10,0.10,29.26,17,17,0,1.09,1.00,1.10,28.79,17,17,0,0.22,0.20,0.30,28.44,17,17,0
439272,0.39,0.30,0.40,29.17,17,17,0,0.00,-0.10,0.10,28.63,17,17,0,0.33,0.30,0.40,28.78,17,17,0,211.88,100.90,357.40,25.18,17,0,0,0.11,0.10,0.20,29.24,17,17,0,1.09,1.00,1.10,28.80,17,17,0,0.21,0.10,0.30,28.43,17,17,0
439776,0.37,0.30,0.40,29.17,17,17,0,-0.02,-0.10,0.10,28.64,17,17,0,0.32,0.30,0.40,28.77,17,17,0,213.63,96.20,406.10,25.17,17,0,0,0.11,0.10,0.20,29.24,17,17,0,1.06,1.00,1.10,28.80,17,17,0,0.21,0.20,0.30,28.44,17,17,0
440281,0.36,0.30,0.40,29.20,17,17,0,-0.03,-0.10,0.00,28.64,17,17,0,0.32,0.30,0.40,28.77,17,17,0,215.53,88.40,431.60,25.17,17,0,0,0.12,0.10,0.20,29.27,17,17,0,1.07,1.00,1.10,28.80,17,17,0,0.24,0.20,0.30,28.45,17,17,0
440783,0.37,0.30,0.40,29.18,17,17,0,-0.02,-0.10,0.10,28.63,17,17,0,0.33,0.30,0.40,28.77,17,17,0,239.12,85.40,404.40,25.18,17,0,0,0.09,0.00,0.10,29.25,17,17,0,1.05,1.00,1.10,28.81,17,17,0,0.22,0.20,0.30,28.44,17,17,0
441283,0.38,0.30,0.40,29.17,17,17,0,-0.02,-0.10,0.10,28.65,17,17,0,0.32,0.30,0.40,28.76,17,17,0,260.40,138.00,417.20,25.19,17,0,0,0.10,0.00,0.20,29.24,17,17,0,1.07,1.00,1.10,28.81,17,17,0,0.21,0.20,0.30,28.43,17,17,0
441785,0.37,0.30,0.40,29.19,17,17,0,-0.02,-0.10,0.10,28.64,17,17,0,0.34,0.30,0.40,28.76,17,17,0,216.79,106.70,262.80,25.18,17,0,0,0.10,0.10,0.10,29.25,17,17,0,1.08,1.00,1.10,28.79,17,17,0,0.23,0.20,0.30,28.44,17,17,0
442285,0.36,0.30,0.40,29.18,17,17,0,-0.02,-0.10,0.10,28.65,17,17,0,0.31,0.30,0.40,28.78,17,17,0,195.86,89.80,333.20,25.18,17,0,0,0.11,0.10,0.20,29.25,17,17,0,1.08,1.00,1.10,28.81,17,17,0,0.21,0.20,0.30,28.43,17,17,0
442786,0.38,0.30,0.40,29.20,17,17,0,-0.03,-0.10,0.00,28.66,17,17,0,0.34,0.30,0.40,28.77,17,17,0,211.45,91.90,369.70,25.17,17,0,0,0.10,0.00,0.20,29.26,17,17,0,1.08,1.00,1.10,28.78,17,17,0,0.21,0.20,0.30,28.45,17,17,0
443286,0.38,0.30,0.40,29.18,17,17,0,-0.02,-0.10,0.10,28.65,17,17,0,0.35,0.30,0.40,28.77,17,17,0,215.29,91.20,382.20,25.18,17,0,0,0.11,0.10,0.20,29.24,17,17,0,1.08,1.00,1.10,28.79,17,17,0,0.23,0.20,0.30,28.46,17,17,0
443786,0.38,0.30,0.40,29.18,17,17,0,-0.04,-0.10,0.00,28.62,17,17,0,0.35,0.30,0.40,28.79,17,17,0,233.38,98.70,365.10,25.17,17,0,0,0.11,0.10,0.20,29.23,17,17,0,1.09,1.00,1.10,28.78,17,17,0,0.22,0.20,0.30,28.43,17,17,0
444288,0.36,0.30,0.40,29.19,17,17,0,-0.01,-0.10,0.10,28.63,17,17,0,0.33,0.30,0.40,28.77,17,17,0,259.57,120.20,370.00,25.17,17,0,0,0.11,0.10,0.20,29.25,17,17,0,1.08,1.00,1.10,28.80,17,17,0,0.22,0.20,0.30,28.45,17,17,0
444788,0.37,0.30,0.40,29.19,17,17,0,-0.01,-0.10,0.10,28.66,17,17,0,0.32,0.30,0.40,28.77,17,17,0,261.35,113.20,403.30,25.18,17,0,0,0.11,0.10,0.20,29.23,17,17,0,1.08,1.00,1.10,28.80,17,17,0,0.23,0.20,0.30,28.44,17,17,0
445290,0.36,0.30,0.40,29.20,17,17,0,0.01,-0.10,0.10,28.66,17,17,0,0.31,0.30,0.40,28.77,17,17,0,220.03,100.00,271.70,25.16,17,0,0,0.12,0.10,0.20,29.25,17,17,0,1.08,1.00,1.10,28.82,17,17,0,0.24,0.20,0.30,28.45,17,17,0
445795,0.37,0.30,0.40,29.21,17,17,0,-0.02,-0.10,0.10,28.64,17,17,0,0.33,0.30,0.40,28.77,17,17,0,203.34,94.30,319.90,25.17,17,0,0,0.11,0.10,0.20,29.26,17,17,0,1.08,1.00,1.10,28.80,17,17,0,0.22,0.20,0.30,28.44,17,17,0
446304,0.38,0.30,0.40,29.18,17,17,0,-0.02,-0.10,0.10,28.65,17,17,0,0.34,0.30,0.40,28.78,17,17,0,212.85,103.80,359.00,25.15,17,0,0,0.10,0.00,0.20,29.24,17,17,0,1.08,1.00,1.10,28.80,17,17,0,0.22,0.20,0.30,28.45,17,17,0
446804,0.36,0.30,0.40,29.19,17,17,0,0.00,-0.10,0.10,28.65,17,17,0,0.32,0.30,0.40,28.78,17,17,0,214.69,96.20,408.60,25.16,17,0,0,0.10,0.10,0.10,29.25,17,17,0,1.08,1.00,1.10,28.80,17,17,0,0.23,0.20,0.30,28.46,17,17,0
447308,0.38,0.30,0.40,29.19,17,17,0,0.00,-0.10,0.10,28.66,17,17,0,0.33,0.30,0.40,28.76,17,17,0,221.95,81.40,440.50,25.16,17,0,0,0.12,0.10,0.20,29.24,17,17,0,1.05,1.00,1.10,28.79,17,17,0,0.22,0.20,0.30,28.44,17,17,0
447810,0.36,0.30,0.40,29.21,17,17,0,-0.03,-0.10,0.00,28.66,17,17,0,0.32,0.30,0.40,28.77,17,17,0,252.21,101.60,436.00,25.16,17,0,0,0.11,0.10,0.20,29.25,17,17,0,1.06,1.00,1.10,28.81,17,17,0,0.23,0.20,0.30,28.45,17,17,0
448317,0.39,0.30,0.40,29.20,17,17,0,0.00,-0.10,0.10,28.65,17,17,0,0.34,0.30,0.40,28.77,17,17,0,260.29,122.40,403.70,25.17,17,0,0,0.11,0.10,0.20,29.25,17,17,0,1.08,1.00,1.10,28.80,17,17,0,0.22,0.20,0.30,28.45,17,17,0
448830,0.40,0.40,0.40,29.20,17,17,0,-0.01,-0.10,0.10,28.66,17,17,0,0.32,0.30,0.40,28.78,17,17,0,213.48,92.50,264.10,25.17,17,0,0,0.11,0.10,0.20,29.25,17,17,0,1.08,1.00,1.10,28.79,17,17,0,0.21,0.20,0.30,28.44,17,17,0
449334,0.38,0.30,0.40,29.19,17,17,0,-0.02,-0.10,0.00,28.65,17,17,0,0.32,0.30,0.40,28.77,17,17,0,197.26,91.80,323.70,25.16,17,0,0,0.10,0.10,0.10,29.26,17,17,0,1.08,1.00,1.10,28.79,17,17,0,0.22,0.20,0.30,28.45,17,17,0
449834,0.38,0.30,0.40,29.19,17,17,0,-0.01,-0.10,0.10,28.64,17,17,0,0.32,0.30,0.40,28.78,17,17,0,212.78,79.80,449.80,25.15,17,0,0,0.11,0.00,0.20,29.26,17,17,0,1.06,1.00,1.10,28.78,17,17,0,0.21,0.20,0.30,28.45,17,17,0
450335,0.37,0.30,0.40,29.18,17,17,0,0.01,-0.10,0.10,28.65,17,17,0,0.32,0.30,0.40,28.76,17,17,0,219.84,90.10,445.10,25.15,17,0,0,0.11,0.10,0.20,29.24,17,17,0,1.08,1.00,1.10,28.81,17,17,0,0.22,0.20,0.30,28.44,17,17,0
450844,0.38,0.30,0.40,29.20,17,17,0,-0.01,-0.10,0.10,28.64,17,17,0,0.34,0.30,0.40,28.78,17,17,0,241.24,90.90,428.40,25.15,17,0,0,0.10,0.10,0.10,29.26,17,17,0,1.08,1.00,1.10,28.80,17,17,0,0.22,0.20,0.30,28.44,17,17,0
451344,0.36,0.30,0.40,29.20,16,16,0,0.00,-0.10,0.10,28.64,16,16,0,0.34,0.30,0.40,28.76,16,16,0,269.84,173.30,366.50,25.15,16,0,0,0.11,0.10,0.20,29.25,16,16,0,1.06,1.00,1.10,28.79,16,16,0,0.24,0.20,0.30,28.43,16,16,0
451848,0.37,0.30,0.40,29.19,17,17,0,-0.04,-0.10,0.10,28.65,17,17,0,0.32,0.30,0.40,28.77,17,17,0,257.31,112.50,409.30,25.15,17,0,0,0.10,0.10,0.10,29.24,17,17,0,1.08,1.00,1.10,28.81,17,17,0,0.23,0.20,0.30,28.45,17,17,0
452356,0.37,0.30,0.40,29.20,17,17,0,0.00,-0.10,0.10,28.65,17,17,0,0.34,0.30,0.40,28.76,17,17,0,224.99,111.10,270.00,25.13,17,0,0,0.11,0.10,0.20,29.25,17,17,0,1.06,1.00,1.10,28.81,17,17,0,0.22,0.20,0.30,28.45,17,17,0
452866,0.36,0.30,0.40,29.20,17,17,0,-0.01,-0.10,0.10,28.65,17,17,0,0.34,0.30,0.40,28.77,17,17,0,209.25,95.70,297.40,25.12,17,0,0,0.10,0.10,0.10,29.25,17,17,0,1.10,1.10,1.10,28.80,17,17,0,0.23,0.20,0.30,28.45,17,17,0
453372,0.36,0.30,0.40,29.20,17,17,0,-0.03,-0.10,0.00,28.64,17,17,0,0.33,0.30,0.40,28.78,17,17,0,209.96,110.40,332.00,25.11,17,0,0,0.10,0.10,0.10,29.26,17,17,0,1.08,1.00,1.10,28.79,17,17,0,0.22,0.20,0.30,28.46,17,17,0
453874,0.36,0.30,0.40,29.21,17,17,0,-0.01,-0.10,0.10,28.65,17,17,0,0.32,0.30,0.40,28.77,17,17,0,218.54,99.40,416.40,25.11,17,0,0,0.11,0.10,0.20,29.25,17,17,0,1.07,1.00,1.10,28.81,17,17,0,0.22,0.20,0.30,28.45,17,17,0
454374,0.38,0.30,0.40,29.20,17,17,0,-0.02,-0.10,0.10,28.65,17,17,0,0.32,0.30,0.40,28.77,17,17,0,214.99,88.50,400.60,25.13,17,0,0,0.11,0.10,0.20,29.26,17,17,0,1.08,1.00,1.10,28.80,17,17,0,0.24,0.20,0.30,28.44,17,17,0
454880,0.39,0.30,0.40,29.20,17,17,0,-0.01,-0.10,0.10,28.66,17,17,0,0.32,0.30,0.40,28.78,17,17,0,228.65,88.20,422.50,25.13,17,0,0,0.10,0.10,0.10,29.25,17,17,0,1.09,1.00,1.10,28.80,17,17,0,0.22,0.20,0.30,28.44,17,17,0
455380,0.37,0.30,0.40,29.20,17,17,0,-0.01,-0.10,0.10,28.66,17,17,0,0.32,0.30,0.40,28.78,17,17,0,257.87,111.40,370.20,25.12,17,0,0,0.10,0.10,0.10,29.24,17,17,0,1.08,1.00,1.10,28.80,17,17,0,0.22,0.20,0.30,28.46,17,17,0
455882,0.38,0.30,0.40,29.21,17,17,0,-0.03,-0.10,0.00,28.63,17,17,0,0.34,0.30,0.40,28.77,17,17,0,258.03,114.20,373.40,25.12,17,0,0,0.10,0.00,0.20,29.26,17,17,0,1.08,1.00,1.10,28.79,17,17,0,0.22,0.20,0.30,28.46,17,17,0
456382,0.38,0.30,0.40,29.20,17,17,0,-0.01,-0.10,0.10,28.66,17,17,0,0.31,0.30,0.40,28.76,17,17,0,215.48,93.80,274.00,25.13,17,0,0,0.10,0.10,0.10,29.25,17,17,0,1.08,1.00,1.10,28.80,17,17,0,0.24,0.20,0.30,28.44,17,17,0
456885,0.37,0.30,0.40,29.20,17,17,0,0.00,-0.10,0.10,28.64,17,17,0,0.32,0.30,0.40,28.76,17,17,0,206.41,96.80,306.60,25.12,17,0,0,0.11,0.10,0.20,29.25,17,17,0,1.08,1.00,1.10,28.80,17,17,0,0.22,0.20,0.30,28.45,17,17,0
457393,0.37,0.30,0.40,29.19,17,17,0,-0.01,-0.10,0.10,28.66,17,17,0,0.34,0.30,0.40,28.78,17,17,0,214.31,95.40,363.90,25.10,17,0,0,0.10,0.10,0.10,29.24,17,17,0,1.09,1.00,1.10,28.80,17,17,0,0.24,0.20,0.30,28.45,17,17,0
457898,0.36,0.30,0.40,29.20,17,17,0,-0.02,-0.10,0.10,28.68,17,17,0,0.32,0.30,0.40,28.77,17,17,0,220.81,98.20,393.90,25.12,17,0,0,0.10,0.10,0.10,29.27,17,17,0,1.09,1.00,1.10,28.81,17,17,0,0.22,0.20,0.30,28.46,17,17,0
458400,0.36,0.30,0.40,29.19,17,17,0,-0.01,-0.10,0.10,28.66,17,17,0,0.32,0.30,0.40,28.77,17,17,0,230.91,97.20,435.90,25.11,17,0,0,0.11,0.10,0.20,29.26,17,17,0,1.08,1.00,1.10,28.80,17,17,0,0.25,0.20,0.30,28.47,17,17,0
458904,0.36,0.30,0.40,29.20,17,17,0,0.00,-0.10,0.10,28.65,17,17,0,0.34,0.30,0.40,28.77,17,17,0,243.95,103.40,395.50,25.11,17,0,0,0.11,0.10,0.20,29.25,17,17,0,1.09,1.00,1.10,28.79,17,17,0,0.22,0.20,0.30,28.46,17,17,0
459412,0.38,0.30,0.40,29.20,17,17,0,0.01,-0.10,0.10,28.65,17,17,0,0.32,0.30,0.40,28.75,17,17,0,256.72,105.10,405.30,25.10,17,0,0,0.11,0.10,0.20,29.28,17,17,0,1.08,1.00,1.10,28.81,17,17,0,0.21,0.20,0.30,28.44,17,17,0
459912,0.36,0.30,0.40,29.20,17,17,0,-0.02,-0.10,0.10,28.67,17,17,0,0.32,0.30,0.40,28.76,17,17,0,268.28,151.00,440.80,25.12,17,0,0,0.10,0.10,0.10,29.27,17,17,0,1.08,1.00,1.10,28.80,17,17,0,0.25,0.20,0.30,28.46,17,17,0
460417,0.36,0.30,0.40,29.20,17,17,0,-0.01,-0.10,0.10,28.65,17,17,0,0.34,0.30,0.40,28.76,17,17,0,256.19,119.90,431.50,25.09,17,0,0,0.11,0.10,0.20,29.26,17,17,0,1.07,1.00,1.10,28.82,17,17,0,0.24,0.20,0.30,28.46,17,17,0
460924,0.37,0.30,0.40,29.20,17,17,0,-0.01,-0.10,0.10,28.64,17,17,0,0.36,0.30,0.40,28.77,17,17,0,223.85,103.60,279.50,25.11,17,0,0,0.11,0.10,0.20,29.26,17,17,0,1.09,1.00,1.10,28.80,17,17,0,0.21,0.20,0.30,28.46,17,17,0
461430,0.37,0.30,0.40,29.21,17,17,0,-0.02,-0.10,0.10,28.66,17,17,0,0.34,0.30,0.40,28.77,17,17,0,210.22,99.70,301.30,25.10,17,0,0,0.12,0.10,0.20,29.26,17,17,0,1.09,1.00,1.10,28.80,17,17,0,0.22,0.20,0.30,28.47,17,17,0
461938,0.38,0.30,0.40,29.21,17,17,0,-0.04,-0.10,0.00,28.66,17,17,0,0.31,0.30,0.40,28.78,17,17,0,209.66,96.20,332.70,25.08,17,0,0,0.11,0.10,0.20,29.26,17,17,0,1.09,1.00,1.10,28.80,17,17,0,0.24,0.20,0.30,28.46,17,17,0
462438,0.37,0.30,0.40,29.19,17,17,0,-0.02,-0.10,0.10,28.66,17,17,0,0.35,0.30,0.40,28.77,17,17,0,221.19,101.20,377.00,25.08,17,0,0,0.10,0.10,0.10,29.28,17,17,0,1.09,1.00,1.10,28.81,17,17,0,0.22,0.20,0.30,28.47,17,17,0
462944,0.38,0.30,0.40,29.20,17,17,0,0.00,-0.10,0.10,28.65,17,17,0,0.34,0.30,0.40,28.79,17,17,0,219.97,98.50,394.20,25.09,17,0,0,0.11,0.10,0.20,29.25,17,17,0,1.08,1.00,1.10,28.80,17,17,0,0.22,0.20,0.30,28.46,17,17,0
463449,0.36,0.30,0.40,29.21,17,17,0,-0.02,-0.10,0.10,28.65,17,17,0,0.32,0.30,0.40,28.77,17,17,0,224.72,103.60,437.40,25.08,17,0,0,0.11,0.00,0.20,29.26,17,17,0,1.06,1.00,1.10,28.80,17,17,0,0.24,0.20,0.30,28.47,17,17,0
463953,0.38,0.30,0.40,29.21,17,17,0,0.01,-0.10,0.10,28.66,17,17,0,0.33,0.30,0.40,28.77,17,17,0,236.64,100.80,433.00,25.10,17,0,0,0.11,0.10,0.20,29.26,17,17,0,1.08,1.00,1.10,28.80,17,17,0,0.24,0.20,0.30,28.45,17,17,0
464461,0.36,0.30,0.40,29.20,17,17,0,0.01,-0.10,0.10,28.64,17,17,0,0.34,0.30,0.40,28.78,17,17,0,249.36,100.60,422.90,25.09,17,0,0,0.11,0.10,0.20,29.26,17,17,0,1.08,1.00,1.10,28.81,17,17,0,0.24,0.20,0.30,28.46,17,17,0
464964,0.38,0.30,0.40,29.20,17,17,0,-0.01,-0.10,0.10,28.66,17,17,0,0.34,0.30,0.40,28.77,17,17,0,264.11,158.60,394.20,25.09,17,0,0,0.11,0.10,0.20,29.28,17,17,0,1.08,1.00,1.10,28.79,17,17,0,0.22,0.20,0.30,28.47,17,17,0
465472,0.37,0.30,0.40,29.21,17,17,0,0.00,-0.10,0.10,28.67,17,17,0,0.33,0.30,0.40,28.77,17,17,0,264.26,124.60,399.20,25.09,17,0,0,0.11,0.10,0.20,29.28,17,17,0,1.09,1.00,1.10,28.80,17,17,0,0.21,0.20,0.30,28.48,17,17,0
465976,0.39,0.30,0.40,29.21,17,17,0,-0.03,-0.10,0.00,28.66,17,17,0,0.34,0.30,0.40,28.76,17,17,0,238.97,120.60,367.00,25.07,17,0,0,0.11,0.10,0.20,29.27,17,17,0,1.07,1.00,1.10,28.82,17,17,0,0.21,0.20,0.30,28.46,17,17,0
466481,0.38,0.30,0.40,29.21,17,17,0,-0.01,-0.10,0.10,28.65,17,17,0,0.32,0.30,0.40,28.77,17,17,0,215.59,99.70,276.40,25.07,17,0,0,0.11,0.10,0.20,29.27,17,17,0,1.08,1.00,1.10,28.81,17,17,0,0.22,0.20,0.30,28.48,17,17,0
466987,0.36,0.30,0.40,29.20,17,17,0,-0.02,-0.10,0.10,28.66,17,17,0,0.34,0.30,0.40,28.78,17,17,0,209.67,97.40,345.40,25.07,17,0,0,0.11,0.10,0.20,29.27,17,17,0,1.08,1.00,1.10,28.82,17,17,0,0.22,0.20,0.30,28.46,17,17,0
467487,0.37,0.30,0.40,29.21,17,17,0,0.00,-0.10,0.10,28.67,17,17,0,0.34,0.30,0.40,28.77,17,17,0,223.62,103.30,440.60,25.06,17,0,0,0.11,0.10,0.20,29.27,17,17,0,1.08,1.00,1.10,28.79,17,17,0,0.22,0.20,0.30,28.48,17,17,0
467995,0.37,0.30,0.40,29.22,17,17,0,-0.01,-0.10,0.10,28.66,17,17,0,0.33,0.30,0.40,28.78,17,17,0,222.91,101.90,435.40,25.05,17,0,0,0.10,0.00,0.20,29.27,17,17,0,1.08,1.00,1.10,28.80,17,17,0,0.23,0.20,0.30,28.46,17,17,0
468502,0.38,0.30,0.40,29.21,17,17,0,-0.02,-0.10,0.10,28.67,17,17,0,0.33,0.30,0.40,28.78,17,17,0,225.28,98.60,434.40,25.07,17,0,0,0.09,0.00,0.10,29.28,17,17,0,1.08,1.00,1.10,28.79,17,17,0,0.22,0.20,0.30,28.47,17,17,0
469008,0.36,0.30,0.40,29.18,17,17,0,-0.01,-0.10,0.10,28.67,17,17,0,0.34,0.30,0.40,28.77,17,17,0,236.00,101.90,412.50,25.07,17,0,0,0.11,0.10,0.20,29.25,17,17,0,1.08,1.00,1.10,28.81,17,17,0,0.21,0.20,0.30,28.47,17,17,0
469508,0.37,0.30,0.40,29.23,17,17,0,-0.03,-0.10,0.00,28.66,17,17,0,0.35,0.30,0.40,28.78,17,17,0,252.97,109.00,405.30,25.07,17,0,0,0.11,0.10,0.20,29.27,17,17,0,1.08,1.00,1.10,28.81,17,17,0,0.24,0.20,0.30,28.45,17,17,0
470013,0.38,0.30,0.40,29.21,17,17,0,0.00,-0.10,0.10,28.66,17,17,0,0.33,0.30,0.40,28.77,17,17,0,262.56,145.10,431.00,25.09,17,0,0,0.10,0.10,0.10,29.27,17,17,0,1.08,1.00,1.10,28.81,17,17,0,0.25,0.20,0.30,28.48,17,17,0
470518,0.34,0.30,0.40,29.22,16,16,0,-0.03,-0.10,0.00,28.67,16,16,0,0.34,0.30,0.40,28.78,16,16,0,260.83,132.90,433.10,25.09,16,0,0,0.10,0.00,0.20,29.26,16,16,0,1.09,1.00,1.10,28.79,16,16,0,0.23,0.20,0.30,28.49,16,16,0
471018,0.37,0.30,0.40,29.22,16,16,0,-0.01,-0.10,0.10,28.67,16,16,0,0.33,0.30,0.40,28.77,16,16,0,225.06,110.20,276.90,25.08,16,0,0,0.11,0.10,0.20,29.27,16,16,0,1.08,1.00,1.10,28.80,16,16,0,0.23,0.20,0.30,28.46,16,16,0
471525,0.37,0.30,0.40,29.21,17,17,0,-0.02,-0.10,0.10,28.68,17,17,0,0.34,0.30,0.40,28.77,17,17,0,211.29,98.40,286.20,25.06,17,0,0,0.10,0.10,0.10,29.26,17,17,0,1.06,1.00,1.10,28.81,17,17,0,0.24,0.20,0.30,28.49,17,17,0
472025,0.38,0.30,0.40,29.21,17,17,0,-0.04,-0.10,0.00,28.67,17,17,0,0.32,0.30,0.40,28.78,17,17,0,214.39,103.50,360.80,25.07,17,0,0,0.11,0.10,0.20,29.27,17,17,0,1.06,1.00,1.10,28.81,17,17,0,0.22,0.20,0.30,28.46,17,17,0
472526,0.36,0.30,0.40,29.21,17,17,0,-0.01,-0.10,0.10,28.65,17,17,0,0.34,0.30,0.40,28.78,17,17,0,227.32,111.00,431.80,25.05,17,0,0,0.10,0.10,0.10,29.28,17,17,0,1.09,1.00,1.10,28.80,17,17,0,0.22,0.20,0.30,28.48,17,17,0
473026,0.36,0.30,0.40,29.22,17,17,0,-0.01,-0.10,0.10,28.65,17,17,0,0.32,0.30,0.40,28.78,17,17,0,229.40,110.30,419.30,25.05,17,0,0,0.11,0.10,0.20,29.28,17,17,0,1.06,1.00,1.10,28.82,17,17,0,0.24,0.20,0.30,28.47,17,17,0
473526,0.38,0.30,0.40,29.21,17,17,0,-0.01,-0.10,0.10,28.66,17,17,0,0.33,0.30,0.40,28.79,17,17,0,234.29,107.00,399.30,25.04,17,0,0,0.11,0.10,0.20,29.29,17,17,0,1.08,1.00,1.10,28.81,17,17,0,0.24,0.20,0.30,28.46,17,17,0
474028,0.38,0.30,0.40,29.22,17,17,0,-0.02,-0.10,0.10,28.66,17,17,0,0.33,0.30,0.40,28.78,17,17,0,240.46,104.80,437.50,25.03,17,0,0,0.11,0.10,0.20,29.26,17,17,0,1.10,1.10,1.10,28.82,17,17,0,0.23,0.20,0.30,28.48,17,17,0
474529,0.36,0.30,0.40,29.22,17,17,0,-0.01,-0.10,0.10,28.65,17,17,0,0.33,0.30,0.40,28.77,17,17,0,248.78,103.60,390.20,25.06,17,0,0,0.10,0.10,0.10,29.27,17,17,0,1.07,1.00,1.10,28.81,17,17,0,0.23,0.20,0.30,28.48,17,17,0
475031,0.36,0.30,0.40,29.20,17,17,0,0.01,0.00,0.10,28.67,17,17,0,0.35,0.30,0.40,28.77,17,17,0,261.02,121.30,383.70,25.06,17,0,0,0.11,0.10,0.20,29.28,17,17,0,1.08,1.00,1.10,28.82,17,17,0,0.22,0.20,0.30,28.47,17,17,0
475536,0.39,0.30,0.40,29.22,17,17,0,-0.02,-0.10,0.00,28.67,17,17,0,0.34,0.30,0.40,28.78,17,17,0,264.28,126.50,417.00,25.06,17,0,0,0.10,0.10,0.10,29.28,17,17,0,1.09,1.00,1.10,28.81,17,17,0,0.22,0.20,0.30,28.47,17,17,0
476045,0.37,0.30,0.40,29.21,17,17,0,-0.01,-0.10,0.10,28.66,17,17,0,0.33,0.30,0.40,28.79,17,17,0,225.89,119.80,267.60,25.07,17,0,0,0.11,0.10,0.20,29.29,17,17,0,1.07,1.00,1.10,28.80,17,17,0,0.21,0.20,0.30,28.47,17,17,0
476545,0.35,0.30,0.40,29.22,17,17,0,-0.04,-0.10,0.00,28.67,17,17,0,0.32,0.30,0.40,28.78,17,17,0,208.58,99.10,315.90,25.06,17,0,0,0.10,0.10,0.10,29.28,17,17,0,1.08,1.00,1.10,28.83,17,17,0,0.22,0.20,0.30,28.47,17,17,0
477045,0.38,0.30,0.40,29.21,17,17,0,-0.02,-0.10,0.00,28.68,17,17,0,0.35,0.30,0.40,28.78,17,17,0,211.01,94.40,350.90,25.07,17,0,0,0.11,0.10,0.20,29.28,17,17,0,1.07,1.00,1.10,28.81,17,17,0,0.24,0.20,0.30,28.49,17,17,0
477547,0.39,0.30,0.40,29.22,17,17,0,-0.04,-0.10,0.00,28.65,17,17,0,0.32,0.30,0.40,28.77,17,17,0,217.92,92.20,403.40,25.05,17,0,0,0.11,0.10,0.20,29.27,17,17,0,1.08,1.00,1.10,28.81,17,17,0,0.22,0.20,0.30,28.48,17,17,0
478047,0.36,0.30,0.40,29.21,17,17,0,-0.02,-0.10,0.10,28.67,17,17,0,0.35,0.30,0.40,28.78,17,17,0,227.74,100.80,398.70,25.05,17,0,0,0.10,0.10,0.10,29.28,17,17,0,1.08,1.00,1.10,28.80,17,17,0,0.21,0.20,0.30,28.48,17,17,0
478554,0.38,0.30,0.40,29.22,17,17,0,-0.02,-0.10,0.10,28.66,17,17,0,0.35,0.30,0.40,28.80,17,17,0,243.71,102.00,419.30,25.07,17,0,0,0.11,0.10,0.20,29.27,17,17,0,1.08,1.00,1.10,28.80,17,17,0,0.22,0.20,0.30,28.47,17,17,0
479054,0.38,0.30,0.40,29.23,17,17,0,-0.01,-0.10,0.10,28.66,17,17,0,0.33,0.30,0.40,28.78,17,17,0,262.18,127.30,395.90,25.07,17,0,0,0.10,0.10,0.10,29.26,17,17,0,1.06,1.00,1.10,28.82,17,17,0,0.22,0.20,0.30,28.48,17,17,0
479562,0.38,0.30,0.40,29.21,17,17,0,-0.01,-0.10,0.10,28.67,17,17,0,0.32,0.30,0.40,28.78,17,17,0,268.82,138.20,376.50,25.05,17,0,0,0.12,0.10,0.20,29.29,17,17,0,1.08,1.00,1.10,28.81,17,17,0,0.21,0.20,0.30,28.49,17,17,0
480062,0.38,0.30,0.40,29.22,17,17,0,-0.02,-0.10,0.10,28.66,17,17,0,0.32,0.30,0.40,28.80,17,17,0,249.08,127.00,448.20,25.04,17,0,0,0.09,0.00,0.10,29.28,17,17,0,1.08,1.00,1.10,28.81,17,17,0,0.22,0.20,0.30,28.48,17,17,0
480562,0.38,0.30,0.40,29.22,17,17,0,0.00,-0.10,0.10,28.67,17,17,0,0.34,0.30,0.40,28.78,17,17,0,221.68,102.90,280.50,25.04,17,0,0,0.10,0.00,0.20,29.29,17,17,0,1.08,1.00,1.10,28.82,17,17,0,0.22,0.20,0.30,28.49,17,17,0
481074,0.37,0.30,0.40,29.22,17,17,0,-0.03,-0.10,0.00,28.66,17,17,0,0.32,0.30,0.40,28.79,17,17,0,211.98,105.80,316.60,25.04,17,0,0,0.10,0.10,0.10,29.29,17,17,0,1.06,1.00,1.10,28.81,17,17,0,0.21,0.20,0.30,28.48,17,17,0
481581,0.36,0.30,0.40,29.22,17,17,0,-0.03,-0.10,0.10,28.68,17,17,0,0.32,0.30,0.40,28.80,17,17,0,218.25,110.80,368.80,25.04,17,0,0,0.11,0.10,0.20,29.28,17,17,0,1.06,1.00,1.10,28.81,17,17,0,0.22,0.20,0.30,28.49,17,17,0
482083,0.37,0.30,0.40,29.22,17,17,0,-0.01,-0.10,0.00,28.67,17,17,0,0.34,0.30,0.40,28.79,17,17,0,222.49,103.40,397.30,25.04,17,0,0,0.10,0.10,0.10,29.29,17,17,0,1.08,1.00,1.10,28.81,17,17,0,0.21,0.20,0.30,28.48,17,17,0
482583,0.39,0.30,0.40,29.23,17,17,0,-0.02,-0.10,0.10,28.67,17,17,0,0.34,0.30,0.40,28.79,17,17,0,223.11,98.60,434.70,25.03,17,0,0,0.11,0.10,0.20,29.29,17,17,0,1.09,1.00,1.10,28.80,17,17,0,0.24,0.20,0.30,28.48,17,17,0
483089,0.38,0.30,0.40,29.23,17,17,0,-0.01,-0.10,0.10,28.67,17,17,0,0.33,0.30,0.40,28.80,17,17,0,230.29,99.70,432.90,25.04,17,0,0,0.09,0.00,0.10,29.30,17,17,0,1.08,1.00,1.10,28.81,17,17,0,0.21,0.20,0.30,28.47,17,17,0
483589,0.36,0.30,0.40,29.23,17,17,0,-0.01,-0.10,0.10,28.67,17,17,0,0.33,0.30,0.40,28.78,17,17,0,245.05,100.60,375.80,25.03,17,0,0,0.11,0.10,0.20,29.31,17,17,0,1.08,1.00,1.10,28.81,17,17,0,0.22,0.20,0.30,28.48,17,17,0
484089,0.36,0.30,0.40,29.23,17,17,0,-0.01,-0.10,0.10,28.67,17,17,0,0.34,0.30,0.40,28.79,17,17,0,260.38,129.90,428.60,25.04,17,0,0,0.11,0.10,0.20,29.30,17,17,0,1.07,1.00,1.10,28.82,17,17,0,0.23,0.20,0.30,28.50,17,17,0
484591,0.38,0.30,0.40,29.23,17,17,0,-0.01,-0.10,0.10,28.66,17,17,0,0.33,0.30,0.40,28.80,17,17,0,262.88,125.40,430.80,25.05,17,0,0,0.11,0.10,0.20,29.30,17,17,0,1.08,1.00,1.10,28.80,17,17,0,0.21,0.20,0.30,28.49,17,17,0
485095,0.38,0.30,0.40,29.24,17,17,0,-0.02,-0.10,0.10,28.67,17,17,0,0.33,0.30,0.40,28.76,17,17,0,240.37,118.90,415.60,25.05,17,0,0,0.10,0.10,0.10,29.29,17,17,0,1.07,1.00,1.10,28.80,17,17,0,0.22,0.20,0.30,28.47,17,17,0
485597,0.37,0.30,0.40,29.23,17,17,0,-0.02,-0.10,0.10,28.68,17,17,0,0.32,0.30,0.40,28.78,17,17,0,218.29,100.70,285.60,25.04,17,0,0,0.11,0.10,0.20,29.30,17,17,0,1.09,1.00,1.10,28.81,17,17,0,0.24,0.20,0.30,28.49,17,17,0
486097,0.37,0.30,0.40,29.24,17,17,0,0.00,-0.10,0.10,28.66,17,17,0,0.32,0.30,0.40,28.79,17,17,0,214.61,106.00,342.10,25.04,17,0,0,0.11,0.00,0.20,29.28,17,17,0,1.06,1.00,1.10,28.82,17,17,0,0.21,0.20,0.30,28.49,17,17,0
486601,0.37,0.30,0.40,29.25,17,17,0,-0.01,-0.10,0.00,28.69,17,17,0,0.35,0.30,0.40,28.79,17,17,0,230.23,109.80,419.30,25.02,17,0,0,0.10,0.10,0.10,29.31,17,17,0,1.07,1.00,1.10,28.82,17,17,0,0.24,0.20,0.30,28.49,17,17,0
487101,0.36,0.30,0.40,29.23,17,17,0,-0.01,-0.10,0.10,28.67,17,17,0,0.34,0.30,0.40,28.79,17,17,0,231.79,112.60,419.10,25.03,17,0,0,0.11,0.10,0.20,29.30,17,17,0,1.08,1.00,1.10,28.80,17,17,0,0.22,0.20,0.30,28.49,17,17,0
487613,0.36,0.30,0.40,29.24,17,17,0,-0.03,-0.10,0.00,28.67,17,17,0,0.32,0.30,0.40,28.80,17,17,0,232.75,111.20,446.20,25.02,17,0,0,0.11,0.10,0.20,29.30,17,17,0,1.08,1.00,1.10,28.81,17,17,0,0.21,0.20,0.30,28.48,17,17,0
488115,0.38,0.30,0.40,29.23,17,17,0,0.01,-0.10,0.10,28.68,17,17,0,0.34,0.30,0.40,28.79,17,17,0,231.81,106.30,389.70,25.03,17,0,0,0.10,0.10,0.10,29.29,17,17,0,1.08,1.00,1.10,28.81,17,17,0,0.21,0.20,0.30,28.48,17,17,0
488622,0.39,0.30,0.40,29.25,17,17,0,-0.02,-0.10,0.10,28.66,17,17,0,0.32,0.30,0.40,28.79,17,17,0,236.89,108.60,375.60,25.02,17,0,0,0.11,0.10,0.20,29.30,17,17,0,1.07,1.00,1.10,28.82,17,17,0,0.21,0.20,0.30,28.49,17,17,0
489126,0.35,0.30,0.40,29.23,16,16,0,0.01,-0.10,0.10,28.67,16,16,0,0.32,0.30,0.40,28.78,16,16,0,251.53,105.10,437.60,25.02,16,0,0,0.11,0.10,0.20,29.30,16,16,0,1.09,1.00,1.10,28.81,16,16,0,0.21,0.20,0.30,28.50,16,16,0
489630,0.38,0.30,0.40,29.23,17,17,0,0.01,-0.10,0.10,28.67,17,17,0,0.32,0.30,0.40,28.80,17,17,0,263.36,147.90,418.70,25.02,17,0,0,0.10,0.10,0.10,29.29,17,17,0,1.09,1.00,1.10,28.81,17,17,0,0.22,0.20,0.30,28.49,17,17,0
490130,0.37,0.30,0.40,29.22,17,17,0,-0.03,-0.10,0.10,28.69,17,17,0,0.32,0.30,0.40,28.79,17,17,0,260.18,115.40,393.90,25.04,17,0,0,0.11,0.10,0.20,29.29,17,17,0,1.08,1.00,1.10,28.81,17,17,0,0.22,0.20,0.30,28.52,17,17,0
490639,0.38,0.30,0.40,29.23,17,17,0,-0.01,-0.10,0.10,28.67,17,17,0,0.34,0.30,0.40,28.80,17,17,0,231.98,108.80,344.80,25.03,17,0,0,0.11,0.10,0.20,29.30,17,17,0,1.08,1.00,1.10,28.82,17,17,0,0.21,0.20,0.30,28.49,17,17,0
491139,0.35,0.30,0.40,29.24,17,17,0,-0.02,-0.10,0.00,28.67,17,17,0,0.34,0.30,0.40,28.79,17,17,0,212.47,101.20,289.90,25.02,17,0,0,0.10,0.00,0.20,29.30,17,17,0,1.08,1.00,1.10,28.82,17,17,0,0.21,0.20,0.30,28.48,17,17,0
491640,0.38,0.30,0.40,29.25,17,17,0,-0.02,-0.10,0.10,28.68,17,17,0,0.32,0.30,0.40,28.79,17,17,0,209.36,104.40,336.80,25.03,17,0,0,0.10,0.10,0.10,29.29,17,17,0,1.08,1.00,1.10,28.82,17,17,0,0.21,0.20,0.30,28.49,17,17,0
492140,0.36,0.30,0.40,29.23,17,17,0,0.02,-0.10,0.10,28.66,17,17,0,0.35,0.30,0.40,28.79,17,17,0,224.38,110.90,396.30,25.02,17,0,0,0.09,0.00,0.10,29.29,17,17,0,1.08,1.00,1.10,28.83,17,17,0,0.24,0.20,0.30,28.50,17,17,0
492640,0.37,0.30,0.40,29.24,17,17,0,-0.02,-0.10,0.00,28.68,17,17,0,0.32,0.30,0.40,28.79,17,17,0,226.75,105.90,421.60,25.02,17,0,0,0.10,0.10,0.10,29.31,17,17,0,1.08,1.00,1.10,28.81,17,17,0,0.24,0.20,0.30,28.50,17,17,0
493145,0.38,0.30,0.40,29.23,16,16,0,-0.03,-0.10,0.10,28.67,16,16,0,0.34,0.30,0.40,28.80,16,16,0,230.94,103.60,447.50,25.02,16,0,0,0.10,0.10,0.10,29.29,16,16,0,1.09,1.00,1.10,28.83,16,16,0,0.22,0.20,0.30,28.49,16,16,0
493645,0.38,0.30,0.40,29.25,17,17,0,-0.02,-0.10,0.00,28.68,17,17,0,0.33,0.30,0.40,28.80,17,17,0,245.23,108.00,440.90,25.02,17,0,0,0.11,0.10,0.20,29.29,17,17,0,1.06,1.00,1.10,28.81,17,17,0,0.22,0.20,0.30,28.47,17,17,0
494147,0.38,0.30,0.40,29.24,17,17,0,-0.01,-0.10,0.10,28.68,17,17,0,0.32,0.30,0.40,28.79,17,17,0,254.10,112.40,391.90,25.01,17,0,0,0.11,0.10,0.20,29.30,17,17,0,1.07,1.00,1.10,28.80,17,17,0,0.22,0.20,0.30,28.49,17,17,0
494648,0.37,0.30,0.40,29.24,17,17,0,-0.01,-0.10,0.10,28.67,17,17,0,0.33,0.30,0.40,28.79,17,17,0,262.74,117.10,441.50,25.01,17,0,0,0.11,0.10,0.20,29.30,17,17,0,1.07,1.00,1.10,28.81,17,17,0,0.25,0.20,0.30,28.50,17,17,0
495149,0.36,0.30,0.40,29.26,17,17,0,0.01,-0.10,0.10,28.68,17,17,0,0.34,0.30,0.40,28.79,17,17,0,270.08,147.10,450.60,25.02,17,0,0,0.10,0.10,0.10,29.29,17,17,0,1.09,1.00,1.10,28.81,17,17,0,0.24,0.20,0.30,28.51,17,17,0
495653,0.38,0.30,0.40,29.26,17,17,0,0.01,-0.10,0.10,28.67,17,17,0,0.31,0.30,0.40,28.80,17,17,0,253.99,119.50,412.10,25.01,17,0,0,0.10,0.00,0.20,29.30,17,17,0,1.08,1.00,1.10,28.83,17,17,0,0.22,0.20,0.30,28.49,17,17,0
496155,0.38,0.30,0.40,29.24,17,17,0,0.00,-0.10,0.10,28.67,17,17,0,0.32,0.30,0.40,28.80,17,17,0,221.16,107.70,276.20,25.01,17,0,0,0.11,0.10,0.20,29.29,17,17,0,1.08,1.00,1.10,28.82,17,17,0,0.21,0.20,0.30,28.50,17,17,0
496655,0.36,0.30,0.40,29.23,17,17,0,-0.01,-0.10,0.10,28.66,17,17,0,0.32,0.30,0.40,28.79,17,17,0,206.74,99.60,335.70,25.00,17,0,0,0.11,0.00,0.20,29.29,17,17,0,1.09,1.00,1.10,28.82,17,17,0,0.23,0.20,0.30,28.49,17,17,0
497160,0.38,0.30,0.40,29.24,17,17,0,-0.01,-0.10,0.10,28.68,17,17,0,0.34,0.30,0.40,28.80,17,17,0,213.79,89.30,380.60,25.00,17,0,0,0.11,0.10,0.20,29.31,17,17,0,1.09,1.00,1.10,28.81,17,17,0,0.22,0.20,0.30,28.48,17,17,0
497661,0.36,0.30,0.40,29.24,17,17,0,0.01,-0.10,0.10,28.68,17,17,0,0.34,0.30,0.40,28.80,17,17,0,218.14,99.00,432.10,25.02,17,0,0,0.11,0.10,0.20,29.31,17,17,0,1.08,1.00,1.10,28.82,17,17,0,0.24,0.20,0.30,28.47,17,17,0
498165,0.37,0.30,0.40,29.24,17,17,0,0.01,-0.10,0.10,28.68,17,17,0,0.32,0.30,0.40,28.79,17,17,0,224.52,100.10,410.40,25.02,17,0,0,0.11,0.10,0.20,29.30,17,17,0,1.09,1.00,1.10,28.82,17,17,0,0.22,0.20,0.30,28.49,17,17,0
498667,0.38,0.30,0.40,29.25,17,17,0,-0.02,-0.10,0.10,28.68,17,17,0,0.32,0.30,0.40,28.80,17,17,0,246.20,93.90,431.00,25.02,17,0,0,0.11,0.10,0.20,29.29,17,17,0,1.09,1.00,1.10,28.82,17,17,0,0.23,0.20,0.30,28.49,17,17,0
499172,0.38,0.30,0.40,29.25,17,17,0,-0.01,-0.10,0.10,28.68,17,17,0,0.34,0.30,0.40,28.79,17,17,0,266.69,157.70,432.40,25.04,17,0,0,0.10,0.10,0.10,29.31,17,17,0,1.08,1.00,1.10,28.83,17,17,0,0.21,0.20,0.30,28.49,17,17,0
499674,0.36,0.30,0.40,29.25,17,17,0,-0.04,-0.10,0.00,28.68,17,17,0,0.33,0.30,0.40,28.80,17,17,0,245.04,110.10,441.20,25.03,17,0,0,0.10,0.10,0.10,29.33,17,17,0,1.06,1.00,1.10,28.82,17,17,0,0.21,0.20,0.30,28.48,17,17,0
500174,0.35,0.30,0.40,29.23,17,17,0,-0.01,-0.10,0.10,28.68,17,17,0,0.34,0.30,0.40,28.80,17,17,0,213.79,98.40,269.50,25.01,17,0,0,0.11,0.10,0.20,29.29,17,17,0,1.08,1.00,1.10,28.81,17,17,0,0.21,0.20,0.30,28.49,17,17,0
500674,0.37,0.30,0.40,29.23,17,17,0,-0.05,-0.10,0.00,28.69,17,17,0,0.34,0.30,0.40,28.80,17,17,0,212.44,103.30,336.40,24.99,17,0,0,0.11,0.10,0.20,29.32,17,17,0,1.07,1.00,1.10,28.82,17,17,0,0.22,0.20,0.30,28.50,17,17,0
501176,0.39,0.30,0.40,29.26,17,17,0,-0.02,-0.10,0.10,28.67,17,17,0,0.32,0.30,0.40,28.78,17,17,0,225.85,104.50,420.20,25.01,17,0,0,0.11,0.10,0.20,29.31,17,17,0,1.08,1.00,1.10,28.83,17,17,0,0.21,0.20,0.30,28.51,17,17,0
501677,0.38,0.30,0.40,29.25,17,17,0,-0.03,-0.10,0.10,28.70,17,17,0,0.34,0.30,0.40,28.80,17,17,0,222.36,99.20,380.30,25.00,17,0,0,0.10,0.10,0.10,29.32,17,17,0,1.08,1.00,1.10,28.83,17,17,0,0.21,0.20,0.30,28.52,17,17,0
502178,0.36,0.30,0.40,29.22,17,17,0,0.01,-0.10,0.10,28.69,17,17,0,0.34,0.30,0.40,28.79,17,17,0,225.97,98.50,431.90,25.01,17,0,0,0.11,0.10,0.20,29.31,17,17,0,1.08,1.00,1.10,28.84,17,17,0,0.22,0.20,0.30,28.50,17,17,0
502683,0.38,0.30,0.40,29.26,17,17,0,-0.02,-0.10,0.00,28.69,17,17,0,0.36,0.30,0.40,28.79,17,17,0,236.02,94.60,426.50,25.02,17,0,0,0.10,0.10,0.10,29.31,17,17,0,1.08,1.00,1.10,28.83,17,17,0,0.24,0.20,0.30,28.49,17,17,0
503183,0.37,0.30,0.40,29.25,16,16,0,0.01,0.00,0.10,28.68,16,16,0,0.33,0.30,0.40,28.80,16,16,0,260.52,122.70,397.10,25.02,16,0,0,0.11,0.10,0.20,29.32,16,16,0,1.08,1.00,1.10,28.83,16,16,0,0.22,0.20,0.30,28.49,16,16,0
503683,0.36,0.30,0.40,29.24,17,17,0,-0.01,-0.10,0.10,28.68,17,17,0,0.32,0.30,0.40,28.79,17,17,0,261.94,136.90,424.00,25.03,17,0,0,0.11,0.10,0.20,29.33,17,17,0,1.07,1.00,1.10,28.82,17,17,0,0.21,0.20,0.30,28.51,17,17,0
504183,0.39,0.30,0.40,29.24,16,16,0,-0.03,-0.10,0.10,28.67,16,16,0,0.32,0.30,0.40,28.80,16,16,0,218.41,107.80,266.90,25.02,16,0,0,0.10,0.00,0.20,29.30,16,16,0,1.08,1.00,1.10,28.83,16,16,0,0.23,0.20,0.30,28.49,16,16,0
504684,0.38,0.30,0.40,29.25,17,17,0,-0.01,-0.10,0.10,28.68,17,17,0,0.32,0.30,0.40,28.81,17,17,0,198.26,86.70,312.40,25.02,17,0,0,0.11,0.10,0.20,29.32,17,17,0,1.06,1.00,1.10,28.82,17,17,0,0.22,0.20,0.30,28.50,17,17,0
505184,0.37,0.30,0.40,29.25,17,17,0,0.02,-0.10,0.10,28.67,17,17,0,0.34,0.30,0.40,28.81,17,17,0,210.58,93.40,431.60,25.01,17,0,0,0.11,0.10,0.20,29.33,17,17,0,1.08,1.00,1.10,28.83,17,17,0,0.20,0.20,0.20,28.50,17,17,0
505692,0.38,0.30,0.40,29.25,17,17,0,-0.02,-0.10,0.00,28.68,17,17,0,0.32,0.30,0.40,28.80,17,17,0,211.92,85.90,433.30,25.01,17,0,0,0.11,0.10,0.20,29.32,17,17,0,1.08,1.00,1.10,28.83,17,17,0,0.21,0.20,0.30,28.50,17,17,0
506196,0.36,0.30,0.40,29.26,17,17,0,-0.01,-0.10,0.10,28.69,17,17,0,0.35,0.30,0.40,28.79,17,17,0,222.41,85.10,433.00,25.01,17,0,0,0.10,0.10,0.10,29.33,17,17,0,1.05,1.00,1.10,28.82,17,17,0,0.24,0.20,0.30,28.50,17,17,0
506696,0.37,0.30,0.40,29.25,17,17,0,-0.04,-0.10,0.00,28.70,17,17,0,0.33,0.30,0.40,28.80,17,17,0,245.11,90.40,417.40,25.02,17,0,0,0.11,0.10,0.20,29.33,17,17,0,1.10,1.10,1.10,28.83,17,17,0,0.21,0.20,0.30,28.50,17,17,0
507197,0.38,0.30,0.40,29.25,17,17,0,-0.03,-0.10,0.10,28.67,17,17,0,0.32,0.30,0.40,28.80,17,17,0,259.62,141.00,381.10,25.03,17,0,0,0.10,0.10,0.10,29.30,17,17,0,1.08,1.00,1.10,28.82,17,17,0,0.24,0.20,0.30,28.50,17,17,0
507697,0.35,0.30,0.40,29.24,17,17,0,-0.01,-0.10,0.10,28.67,17,17,0,0.33,0.30,0.40,28.80,17,17,0,229.69,113.30,350.90,25.02,17,0,0,0.11,0.10,0.20,29.31,17,17,0,1.09,1.00,1.10,28.84,17,17,0,0.22,0.20,0.30,28.52,17,17,0
508197,0.37,0.30,0.40,29.25,16,16,0,-0.01,-0.10,0.10,28.68,16,16,0,0.34,0.30,0.40,28.79,16,16,0,205.20,88.70,270.70,25.02,16,0,0,0.11,0.00,0.20,29.31,16,16,0,1.08,1.00,1.10,28.84,16,16,0,0.23,0.20,0.30,28.50,16,16,0
508697,0.36,0.30,0.40,29.24,17,17,0,0.01,0.00,0.10,28.69,17,17,0,0.35,0.30,0.40,28.79,17,17,0,203.86,89.60,363.40,25.01,17,0,0,0.11,0.10,0.20,29.30,17,17,0,1.09,1.00,1.10,28.84,17,17,0,0.22,0.20,0.30,28.51,17,17,0
509205,0.37,0.30,0.40,29.26,17,17,0,-0.01,-0.10,0.10,28.69,17,17,0,0.34,0.30,0.40,28.81,17,17,0,212.45,95.70,395.60,25.02,17,0,0,0.11,0.10,0.20,29.32,17,17,0,1.08,1.00,1.10,28.82,17,17,0,0.21,0.20,0.30,28.49,17,17,0
509710,0.36,0.30,0.40,29.25,17,17,0,-0.04,-0.10,0.00,28.68,17,17,0,0.34,0.30,0.40,28.81,17,17,0,215.74,89.00,404.30,24.99,17,0,0,0.10,0.10,0.10,29.31,17,17,0,1.08,1.00,1.10,28.82,17,17,0,0.23,0.20,0.30,28.51,17,17,0
510212,0.39,0.30,0.40,29.25,16,16,0,-0.04,-0.10,0.00,28.68,16,16,0,0.31,0.30,0.40,28.81,16,16,0,234.29,85.50,371.10,25.01,16,0,0,0.11,0.10,0.20,29.32,16,16,0,1.08,1.00,1.10,28.83,16,16,0,0.24,0.20,0.30,28.51,16,16,0
510717,0.38,0.30,0.40,29.25,17,17,0,-0.02,-0.10,0.10,28.69,17,17,0,0.33,0.30,0.40,28.79,17,17,0,257.76,160.10,375.20,25.02,17,0,0,0.10,0.10,0.10,29.32,17,17,0,1.08,1.00,1.10,28.84,17,17,0,0.24,0.20,0.30,28.51,17,17,0
511217,0.37,0.30,0.40,29.25,17,17,0,0.00,-0.10,0.10,28.69,17,17,0,0.35,0.30,0.40,28.81,17,17,0,215.58,107.00,258.30,25.03,17,0,0,0.10,0.10,0.10,29.31,17,17,0,1.07,1.00,1.10,28.83,17,17,0,0.23,0.20,0.30,28.52,17,17,0
511728,0.38,0.30,0.40,29.25,17,17,0,-0.01,-0.10,0.10,28.68,17,17,0,0.32,0.30,0.40,28.81,17,17,0,194.19,83.00,276.20,25.04,17,0,0,0.11,0.10,0.20,29.30,17,17,0,1.07,1.00,1.10,28.83,17,17,0,0.21,0.20,0.30,28.53,17,17,0
512235,0.36,0.30,0.40,29.25,17,17,0,-0.02,-0.10,0.00,28.68,17,17,0,0.33,0.30,0.40,28.82,17,17,0,200.08,84.40,391.20,25.04,17,0,0,0.11,0.10,0.20,29.33,17,17,0,1.06,1.00,1.10,28.82,17,17,0,0.22,0.20,0.30,28.51,17,17,0
512740,0.38,0.30,0.40,29.26,17,17,0,-0.02,-0.10,0.10,28.68,17,17,0,0.35,0.30,0.40,28.80,17,17,0,206.24,77.20,412.10,25.03,17,0,0,0.09,0.00,0.10,29.31,17,17,0,1.05,1.00,1.10,28.83,17,17,0,0.22,0.20,0.30,28.51,17,17,0
513246,0.37,0.30,0.40,29.24,17,17,0,-0.02,-0.10,0.10,28.69,17,17,0,0.33,0.30,0.40,28.81,17,17,0,233.54,86.10,377.50,25.03,17,0,0,0.11,0.00,0.20,29.31,17,17,0,1.08,1.00,1.10,28.83,17,17,0,0.23,0.20,0.30,28.51,17,17,0
513747,0.38,0.30,0.40,29.25,17,17,0,-0.04,-0.10,0.00,28.68,17,17,0,0.31,0.30,0.40,28.81,17,17,0,259.05,151.10,377.40,25.03,17,0,0,0.10,0.00,0.20,29.30,17,17,0,1.06,1.00,1.10,28.84,17,17,0,0.22,0.20,0.30,28.50,17,17,0
514247,0.38,0.30,0.40,29.24,16,16,0,0.02,0.00,0.10,28.69,16,16,0,0.32,0.30,0.40,28.81,16,16,0,222.99,108.80,265.70,25.06,16,0,0,0.10,0.10,0.10,29.32,16,16,0,1.07,1.00,1.10,28.84,16,16,0,0.23,0.20,0.30,28.51,16,16,0
514756,0.36,0.30,0.40,29.27,17,17,0,-0.03,-0.10,0.00,28.69,17,17,0,0.32,0.30,0.40,28.82,17,17,0,201.21,91.60,274.40,25.03,17,0,0,0.11,0.10,0.20,29.33,17,17,0,1.09,1.00,1.10,28.83,17,17,0,0.22,0.20,0.30,28.52,17,17,0
515256,0.36,0.30,0.40,29.25,16,16,0,-0.01,-0.10,0.00,28.70,16,16,0,0.33,0.30,0.40,28.80,16,16,0,203.54,94.20,353.80,25.00,16,0,0,0.10,0.10,0.10,29.32,16,16,0,1.04,1.00,1.10,28.81,16,16,0,0.22,0.20,0.30,28.53,16,16,0
515763,0.35,0.30,0.40,29.27,17,17,0,-0.02,-0.10,0.10,28.69,17,17,0,0.32,0.30,0.40,28.80,17,17,0,212.90,91.70,389.40,25.01,17,0,0,0.11,0.10,0.20,29.34,17,17,0,1.07,1.00,1.10,28.84,17,17,0,0.22,0.20,0.30,28.52,17,17,0
516273,0.37,0.30,0.40,29.25,17,17,0,-0.01,-0.10,0.10,28.68,17,17,0,0.33,0.30,0.40,28.80,17,17,0,219.28,87.50,383.90,25.02,17,0,0,0.11,0.10,0.20,29.31,17,17,0,1.05,1.00,1.10,28.82,17,17,0,0.24,0.20,0.30,28.52,17,17,0
516773,0.36,0.30,0.40,29.25,17,17,0,-0.03,-0.10,0.10,28.69,17,17,0,0.34,0.30,0.40,28.82,17,17,0,244.82,87.30,399.70,25.01,17,0,0,0.09,0.00,0.10,29.32,17,17,0,1.09,1.00,1.10,28.84,17,17,0,0.22,0.20,0.30,28.52,17,17,0
517278,0.38,0.30,0.40,29.26,17,17,0,0.01,-0.10,0.10,28.69,17,17,0,0.34,0.30,0.40,28.80,17,17,0,259.21,133.30,400.90,25.02,17,0,0,0.11,0.10,0.20,29.31,17,17,0,1.08,1.00,1.10,28.85,17,17,0,0.23,0.20,0.30,28.50,17,17,0
517778,0.38,0.30,0.40,29.25,16,16,0,-0.04,-0.10,0.10,28.67,16,16,0,0.32,0.30,0.40,28.80,16,16,0,213.11,106.70,260.40,25.03,16,0,0,0.10,0.10,0.10,29.30,16,16,0,1.08,1.00,1.10,28.84,16,16,0,0.24,0.20,0.30,28.53,16,16,0
518284,0.38,0.30,0.40,29.25,17,17,0,-0.01,-0.10,0.10,28.69,17,17,0,0.32,0.30,0.40,28.82,17,17,0,190.32,85.00,310.40,25.02,17,0,0,0.11,0.10,0.20,29.31,17,17,0,1.09,1.00,1.10,28.83,17,17,0,0.23,0.20,0.30,28.51,17,17,0
518789,0.35,0.30,0.40,29.26,17,17,0,-0.01,-0.10,0.10,28.69,17,17,0,0.34,0.30,0.40,28.83,17,17,0,202.90,80.40,415.10,25.03,17,0,0,0.11,0.10,0.20,29.31,17,17,0,1.09,1.00,1.10,28.82,17,17,0,0.22,0.20,0.30,28.52,17,17,0
519295,0.36,0.30,0.40,29.26,17,17,0,-0.04,-0.10,0.00,28.69,17,17,0,0.33,0.30,0.40,28.82,17,17,0,208.36,77.40,404.80,25.04,17,0,0,0.11,0.10,0.20,29.31,17,17,0,1.09,1.00,1.10,28.81,17,17,0,0.22,0.20,0.30,28.52,17,17,0
519796,0.35,0.30,0.40,29.24,17,17,0,0.00,-0.10,0.10,28.68,17,17,0,0.31,0.30,0.40,28.81,17,17,0,242.51,88.90,397.60,25.05,17,0,0,0.11,0.10,0.20,29.33,17,17,0,1.07,1.00,1.10,28.83,17,17,0,0.24,0.20,0.30,28.52,17,17,0
520308,0.38,0.30,0.40,29.25,17,17,0,-0.02,-0.10,0.00,28.69,17,17,0,0.32,0.30,0.40,28.83,17,17,0,256.01,126.00,377.20,25.04,17,0,0,0.09,0.00,0.10,29.33,17,17,0,1.05,1.00,1.10,28.84,17,17,0,0.22,0.20,0.30,28.52,17,17,0
520815,0.38,0.30,0.40,29.26,17,17,0,0.01,-0.10,0.10,28.70,17,17,0,0.31,0.30,0.40,28.81,17,17,0,208.81,90.60,255.30,25.03,17,0,0,0.10,0.00,0.20,29.32,17,17,0,1.07,1.00,1.10,28.83,17,17,0,0.23,0.20,0.30,28.52,17,17,0
521315,0.38,0.30,0.40,29.26,16,16,0,-0.01,-0.10,0.10,28.69,16,16,0,0.32,0.30,0.40,28.81,16,16,0,187.86,87.40,279.10,25.04,16,0,0,0.10,0.10,0.10,29.32,16,16,0,1.08,1.00,1.10,28.84,16,16,0,0.23,0.20,0.30,28.52,16,16,0
521815,0.38,0.30,0.40,29.26,16,16,0,-0.03,-0.10,0.00,28.70,16,16,0,0.33,0.30,0.40,28.81,16,16,0,206.26,84.60,420.10,25.03,16,0,0,0.11,0.10,0.20,29.33,16,16,0,1.07,1.00,1.10,28.84,16,16,0,0.23,0.20,0.30,28.51,16,16,0
522321,0.35,0.30,0.40,29.26,17,17,0,-0.01,-0.10,0.10,28.69,17,17,0,0.31,0.30,0.40,28.80,17,17,0,213.32,93.40,403.50,25.02,17,0,0,0.11,0.10,0.20,29.31,17,17,0,1.07,1.00,1.10,28.83,17,17,0,0.22,0.20,0.30,28.53,17,17,0
522821,0.36,0.30,0.40,29.26,17,17,0,-0.01,-0.10,0.10,28.69,17,17,0,0.31,0.30,0.40,28.80,17,17,0,236.48,86.70,399.10,25.02,17,0,0,0.11,0.10,0.20,29.32,17,17,0,1.06,1.00,1.10,28.83,17,17,0,0.24,0.20,0.30,28.52,17,17,0
523321,0.38,0.30,0.40,29.26,17,17,0,-0.01,-0.10,0.10,28.68,17,17,0,0.34,0.30,0.40,28.80,17,17,0,260.08,145.90,419.50,25.04,17,0,0,0.10,0.10,0.10,29.32,17,17,0,1.09,1.00,1.10,28.82,17,17,0,0.23,0.20,0.30,28.54,17,17,0
523826,0.37,0.30,0.40,29.27,17,17,0,-0.03,-0.10,0.10,28.69,17,17,0,0.36,0.30,0.40,28.81,17,17,0,214.72,104.20,262.90,25.04,17,0,0,0.11,0.10,0.20,29.33,17,17,0,1.05,1.00,1.10,28.82,17,17,0,0.22,0.20,0.30,28.52,17,17,0
524338,0.36,0.30,0.40,29.27,17,17,0,-0.01,-0.10,0.10,28.69,17,17,0,0.33,0.30,0.40,28.81,17,17,0,190.35,85.00,279.50,25.04,17,0,0,0.11,0.10,0.20,29.32,17,17,0,1.08,1.00,1.10,28.83,17,17,0,0.22,0.20,0.30,28.53,17,17,0
524838,0.34,0.30,0.40,29.26,16,16,0,0.01,-0.10,0.10,28.68,16,16,0,0.32,0.30,0.40,28.80,16,16,0,196.63,74.70,430.70,25.03,16,0,0,0.09,0.00,0.10,29.31,16,16,0,1.09,1.00,1.10,28.83,16,16,0,0.21,0.20,0.30,28.51,16,16,0
525338,0.34,0.30,0.40,29.26,16,16,0,-0.01,-0.10,0.00,28.68,16,16,0,0.34,0.30,0.40,28.82,16,16,0,205.84,82.60,373.30,25.02,16,0,0,0.12,0.10,0.20,29.33,16,16,0,1.08,1.00,1.10,28.84,16,16,0,0.21,0.20,0.30,28.53,16,16,0
525838,0.36,0.30,0.40,29.27,16,16,0,-0.03,-0.10,0.10,28.69,16,16,0,0.34,0.30,0.40,28.81,16,16,0,245.17,89.40,409.50,25.02,16,0,0,0.11,0.10,0.20,29.32,16,16,0,1.08,1.00,1.10,28.86,16,16,0,0.22,0.20,0.30,28.53,16,16,0
526345,0.36,0.30,0.40,29.27,17,17,0,-0.01,-0.10,0.10,28.69,17,17,0,0.33,0.30,0.40,28.81,17,17,0,240.26,109.10,393.10,25.03,17,0,0,0.11,0.10,0.20,29.32,17,17,0,1.09,1.00,1.10,28.83,17,17,0,0.22,0.20,0.30,28.53,17,17,0
526846,0.34,0.30,0.40,29.26,17,17,0,-0.04,-0.10,0.10,28.71,17,17,0,0.32,0.30,0.40,28.82,17,17,0,196.41,84.30,258.40,25.04,17,0,0,0.10,0.10,0.10,29.32,17,17,0,1.08,1.00,1.10,28.84,17,17,0,0.24,0.20,0.30,28.52,17,17,0
527356,0.36,0.30,0.40,29.26,16,16,0,-0.06,-0.10,0.00,28.68,16,16,0,0.33,0.30,0.40,28.82,16,16,0,188.52,82.20,324.10,25.04,16,0,0,0.10,0.10,0.10,29.33,16,16,0,1.06,1.00,1.10,28.86,16,16,0,0.23,0.20,0.30,28.53,16,16,0
527856,0.36,0.30,0.40,29.27,16,16,0,-0.04,-0.10,0.00,28.69,16,16,0,0.32,0.30,0.40,28.81,16,16,0,203.01,84.70,419.90,25.02,16,0,0,0.10,0.10,0.10,29.33,16,16,0,1.07,1.00,1.10,28.83,16,16,0,0.22,0.20,0.30,28.53,16,16,0
528368,0.38,0.30,0.40,29.26,17,17,0,0.01,0.00,0.10,28.69,17,17,0,0.35,0.30,0.40,28.81,17,17,0,222.68,83.00,412.40,25.01,17,0,0,0.10,0.10,0.10,29.32,17,17,0,1.06,1.00,1.10,28.83,17,17,0,0.22,0.20,0.30,28.54,17,17,0
528875,0.37,0.30,0.40,29.26,17,17,0,-0.01,-0.10,0.10,28.70,17,17,0,0.32,0.30,0.40,28.81,17,17,0,250.68,97.30,432.80,25.01,17,0,0,0.11,0.10,0.20,29.33,17,17,0,1.07,1.00,1.10,28.83,17,17,0,0.22,0.20,0.30,28.52,17,17,0
529380,0.38,0.30,0.40,29.28,16,16,0,0.00,-0.10,0.10,28.70,16,16,0,0.33,0.30,0.40,28.81,16,16,0,265.91,151.30,434.30,25.03,16,0,0,0.11,0.10,0.20,29.34,16,16,0,1.08,1.00,1.10,28.84,16,16,0,0.24,0.20,0.30,28.52,16,16,0
529887,0.36,0.30,0.40,29.27,17,17,0,-0.04,-0.10,0.00,28.68,17,17,0,0.32,0.30,0.40,28.80,17,17,0,217.61,107.10,263.10,25.02,17,0,0,0.10,0.10,0.10,29.33,17,17,0,1.08,1.00,1.10,28.84,17,17,0,0.21,0.20,0.30,28.52,17,17,0
530393,0.36,0.30,0.40,29.26,17,17,0,0.01,-0.10,0.10,28.71,17,17,0,0.35,0.30,0.40,28.80,17,17,0,198.16,88.10,288.80,25.02,17,0,0,0.11,0.10,0.20,29.34,17,17,0,1.08,1.00,1.10,28.84,17,17,0,0.22,0.20,0.30,28.53,17,17,0
530904,0.35,0.30,0.40,29.27,17,17,0,0.03,0.00,0.10,28.67,17,17,0,0.33,0.30,0.40,28.82,17,17,0,198.95,85.10,355.40,25.02,17,0,0,0.10,0.00,0.20,29.32,17,17,0,1.07,1.00,1.10,28.85,17,17,0,0.22,0.20,0.30,28.52,17,17,0
531409,0.36,0.30,0.40,29.28,17,17,0,-0.01,-0.10,0.10,28.70,17,17,0,0.33,0.30,0.40,28.80,17,17,0,202.76,81.20,406.70,25.02,17,0,0,0.11,0.10,0.20,29.32,17,17,0,1.06,1.00,1.10,28.83,17,17,0,0.22,0.20,0.30,28.52,17,17,0
531921,0.36,0.30,0.40,29.26,17,17,0,-0.01,-0.10,0.10,28.69,17,17,0,0.33,0.30,0.40,28.82,17,17,0,213.77,74.50,383.90,25.02,17,0,0,0.10,0.10,0.10,29.31,17,17,0,1.08,1.00,1.10,28.85,17,17,0,0.21,0.20,0.30,28.52,17,17,0
532421,0.38,0.30,0.40,29.27,17,17,0,-0.02,-0.10,0.10,28.69,17,17,0,0.32,0.30,0.40,28.82,17,17,0,250.79,138.40,388.80,25.04,17,0,0,0.10,0.10,0.10,29.34,17,17,0,1.07,1.00,1.10,28.85,17,17,0,0.22,0.20,0.30,28.55,17,17,0
532921,0.37,0.30,0.40,29.27,16,16,0,0.00,-0.10,0.10,28.71,16,16,0,0.33,0.30,0.40,28.81,16,16,0,220.39,101.70,255.10,25.05,16,0,0,0.10,0.10,0.10,29.34,16,16,0,1.06,1.00,1.10,28.84,16,16,0,0.20,0.20,0.20,28.52,16,16,0
533433,0.37,0.30,0.40,29.27,17,17,0,0.00,-0.10,0.10,28.69,17,17,0,0.36,0.30,0.40,28.81,17,17,0,185.10,76.60,253.90,25.05,17,0,0,0.11,0.10,0.20,29.33,17,17,0,1.08,1.00,1.10,28.85,17,17,0,0.24,0.20,0.30,28.53,17,17,0
533939,0.36,0.30,0.40,29.26,17,17,0,-0.01,-0.10,0.10,28.68,17,17,0,0.34,0.30,0.40,28.82,17,17,0,196.51,78.50,393.30,25.03,17,0,0,0.10,0.10,0.10,29.34,17,17,0,1.08,1.00,1.10,28.84,17,17,0,0.21,0.20,0.30,28.53,17,17,0
534439,0.38,0.30,0.40,29.27,16,16,0,0.00,-0.10,0.10,28.70,16,16,0,0.34,0.30,0.40,28.80,16,16,0,203.66,75.60,371.30,25.00,16,0,0,0.11,0.10,0.20,29.31,16,16,0,1.08,1.00,1.10,28.84,16,16,0,0.21,0.20,0.30,28.53,16,16,0
534948,0.38,0.30,0.40,29.26,17,17,0,-0.02,-0.10,0.00,28.69,17,17,0,0.32,0.30,0.40,28.82,17,17,0,239.03,88.80,358.30,25.03,17,0,0,0.10,0.10,0.10,29.34,17,17,0,1.06,1.00,1.10,28.84,17,17,0,0.23,0.20,0.30,28.55,17,17,0
535448,0.37,0.30,0.40,29.27,16,16,0,0.00,-0.10,0.10,28.71,16,16,0,0.33,0.30,0.40,28.81,16,16,0,252.16,138.50,387.90,25.03,16,0,0,0.11,0.00,0.20,29.33,16,16,0,1.06,1.00,1.10,28.84,16,16,0,0.21,0.20,0.30,28.53,16,16,0
535955,0.38,0.30,0.40,29.28,17,17,0,-0.03,-0.10,0.10,28.70,17,17,0,0.32,0.30,0.40,28.82,17,17,0,205.45,83.50,257.40,25.03,17,0,0,0.10,0.10,0.10,29.32,17,17,0,1.07,1.00,1.10,28.84,17,17,0,0.22,0.20,0.30,28.52,17,17,0
536462,0.35,0.30,0.40,29.28,17,17,0,-0.02,-0.10,0.10,28.69,17,17,0,0.34,0.30,0.40,28.80,17,17,0,191.30,87.00,317.50,25.03,17,0,0,0.10,0.10,0.10,29.32,17,17,0,1.07,1.00,1.10,28.84,17,17,0,0.22,0.20,0.30,28.54,17,17,0
536962,0.37,0.30,0.40,29.27,16,16,0,-0.02,-0.10,0.10,28.70,16,16,0,0.33,0.30,0.40,28.80,16,16,0,200.74,81.30,386.70,25.03,16,0,0,0.10,0.00,0.20,29.33,16,16,0,1.06,1.00,1.10,28.84,16,16,0,0.23,0.20,0.30,28.54,16,16,0
537468,0.36,0.30,0.40,29.26,17,17,0,-0.02,-0.10,0.10,28.68,17,17,0,0.32,0.30,0.40,28.82,17,17,0,209.08,79.40,405.90,25.03,17,0,0,0.12,0.10,0.20,29.35,17,17,0,1.05,1.00,1.10,28.84,17,17,0,0.22,0.20,0.30,28.54,17,17,0
537973,0.38,0.30,0.40,29.27,17,17,0,-0.03,-0.10,0.10,28.70,17,17,0,0.33,0.30,0.40,28.80,17,17,0,239.65,79.70,385.00,25.02,17,0,0,0.09,0.00,0.10,29.34,17,17,0,1.07,1.00,1.10,28.86,17,17,0,0.22,0.20,0.30,28.53,17,17,0
538474,0.39,0.30,0.40,29.27,17,17,0,-0.03,-0.10,0.10,28.70,17,17,0,0.33,0.30,0.40,28.81,17,17,0,235.93,105.70,421.30,25.04,17,0,0,0.11,0.10,0.20,29.33,17,17,0,1.08,1.00,1.10,28.85,17,17,0,0.21,0.20,0.30,28.53,17,17,0
538979,0.34,0.30,0.40,29.26,17,17,0,-0.03,-0.10,0.00,28.70,17,17,0,0.32,0.30,0.40,28.83,17,17,0,185.05,74.60,241.00,25.04,17,0,0,0.10,0.10,0.10,29.34,17,17,0,1.09,1.00,1.10,28.85,17,17,0,0.23,0.20,0.30,28.54,17,17,0
539490,0.38,0.30,0.40,29.27,17,17,0,-0.01,-0.10,0.10,28.69,17,17,0,0.32,0.30,0.40,28.81,17,17,0,190.55,70.60,407.20,25.03,17,0,0,0.10,0.10,0.10,29.34,17,17,0,1.06,1.00,1.10,28.84,17,17,0,0.22,0.20,0.30,28.54,17,17,0
539996,0.38,0.30,0.40,29.28,17,17,0,-0.04,-0.10,0.10,28.71,17,17,0,0.34,0.30,0.40,28.81,17,17,0,197.28,72.30,384.80,25.03,17,0,0,0.10,0.00,0.20,29.33,17,17,0,1.06,1.00,1.10,28.84,17,17,0,0.24,0.20,0.30,28.53,17,17,0
540501,0.35,0.30,0.40,29.28,17,17,0,-0.02,-0.10,0.10,28.70,17,17,0,0.33,0.30,0.40,28.80,17,17,0,240.86,103.60,402.20,25.05,17,0,0,0.11,0.10,0.20,29.33,17,17,0,1.06,1.00,1.10,28.84,17,17,0,0.23,0.20,0.30,28.56,17,17,0
541001,0.35,0.30,0.40,29.27,17,17,0,-0.03,-0.10,0.00,28.69,17,17,0,0.33,0.30,0.40,28.81,17,17,0,219.92,99.60,284.40,25.06,17,0,0,0.11,0.10,0.20,29.34,17,17,0,1.08,1.00,1.10,28.83,17,17,0,0.22,0.20,0.30,28.54,17,17,0
541501,0.38,0.30,0.40,29.27,16,16,0,-0.03,-0.10,0.00,28.69,16,16,0,0.34,0.30,0.40,28.81,16,16,0,182.47,75.60,248.70,25.04,16,0,0,0.11,0.10,0.20,29.34,16,16,0,1.08,1.00,1.10,28.85,16,16,0,0.23,0.20,0.30,28.55,16,16,0
542003,0.37,0.30,0.40,29.27,17,17,0,-0.02,-0.10,0.00,28.70,17,17,0,0.33,0.30,0.40,28.81,17,17,0,195.90,77.80,355.30,25.04,17,0,0,0.10,0.10,0.10,29.35,17,17,0,1.08,1.00,1.10,28.84,17,17,0,0.22,0.20,0.30,28.53,17,17,0
542508,0.36,0.30,0.40,29.28,17,17,0,-0.01,-0.10,0.10,28.70,17,17,0,0.32,0.30,0.40,28.81,17,17,0,209.73,74.50,412.10,25.04,17,0,0,0.11,0.10,0.20,29.33,17,17,0,1.06,1.00,1.10,28.85,17,17,0,0.22,0.20,0.30,28.54,17,17,0
543009,0.35,0.30,0.40,29.28,17,17,0,-0.04,-0.10,0.00,28.70,17,17,0,0.35,0.30,0.40,28.81,17,17,0,248.94,107.80,402.00,25.02,17,0,0,0.10,0.10,0.10,29.33,17,17,0,1.07,1.00,1.10,28.86,17,17,0,0.23,0.20,0.30,28.54,17,17,0
543516,0.36,0.30,0.40,29.28,17,17,0,-0.01,-0.10,0.10,28.70,17,17,0,0.32,0.30,0.40,28.81,17,17,0,232.54,100.60,387.40,25.04,17,0,0,0.11,0.10,0.20,29.34,17,17,0,1.07,1.00,1.10,28.84,17,17,0,0.21,0.20,0.30,28.55,17,17,0
544027,0.37,0.30,0.40,29.29,17,17,0,-0.04,-0.10,0.00,28.71,17,17,0,0.32,0.30,0.40,28.81,17,17,0,191.15,76.10,251.30,25.03,17,0,0,0.11,0.10,0.20,29.34,17,17,0,1.08,1.00,1.10,28.84,17,17,0,0.22,0.10,0.30,28.53,17,17,0
544527,0.38,0.30,0.40,29.27,17,17,0,-0.02,-0.10,0.10,28.69,17,17,0,0.34,0.30,0.40,28.80,17,17,0,194.19,76.30,393.80,25.01,17,0,0,0.10,0.10,0.10,29.33,17,17,0,1.08,1.00,1.10,28.83,17,17,0,0.23,0.20,0.30,28.54,17,17,0
545027,0.36,0.30,0.40,29.30,16,16,0,-0.04,-0.10,0.00,28.71,16,16,0,0.35,0.30,0.40,28.82,16,16,0,196.78,69.10,415.90,25.04,16,0,0,0.09,0.00,0.10,29.36,16,16,0,1.09,1.00,1.10,28.86,16,16,0,0.23,0.20,0.30,28.53,16,16,0
545539,0.38,0.30,0.40,29.27,17,17,0,-0.02,-0.10,0.00,28.70,17,17,0,0.32,0.30,0.40,28.81,17,17,0,231.26,75.90,366.80,25.04,17,0,0,0.11,0.10,0.20,29.34,17,17,0,1.06,1.00,1.10,28.82,17,17,0,0.21,0.20,0.30,28.54,17,17,0
546046,0.38,0.30,0.40,29.27,16,16,0,-0.02,-0.10,0.10,28.68,16,16,0,0.33,0.30,0.40,28.82,16,16,0,231.76,138.50,372.30,25.05,16,0,0,0.09,0.00,0.10,29.33,16,16,0,1.08,1.00,1.10,28.85,16,16,0,0.22,0.20,0.30,28.53,16,16,0
546547,0.36,0.30,0.40,29.28,17,17,0,-0.02,-0.10,0.10,28.70,17,17,0,0.31,0.30,0.40,28.81,17,17,0,177.28,68.00,247.90,25.06,17,0,0,0.09,0.00,0.10,29.33,17,17,0,1.07,1.00,1.10,28.85,17,17,0,0.21,0.20,0.30,28.55,17,17,0
547047,0.36,0.30,0.40,29.28,17,17,0,-0.01,-0.10,0.10,28.69,17,17,0,0.34,0.30,0.40,28.81,17,17,0,187.27,71.00,370.40,25.05,17,0,0,0.10,0.10,0.10,29.35,17,17,0,1.08,1.00,1.10,28.84,17,17,0,0.24,0.20,0.30,28.54,17,17,0
547557,0.39,0.30,0.40,29.27,17,17,0,-0.02,-0.10,0.10,28.70,17,17,0,0.32,0.30,0.40,28.79,17,17,0,207.71,70.90,368.30,25.05,17,0,0,0.11,0.10,0.20,29.35,17,17,0,1.06,1.00,1.10,28.85,17,17,0,0.22,0.20,0.30,28.54,17,17,0
548060,0.35,0.30,0.40,29.28,17,17,0,-0.03,-0.10,0.00,28.72,17,17,0,0.32,0.30,0.40,28.80,17,17,0,248.48,164.50,411.30,25.06,17,0,0,0.11,0.10,0.20,29.35,17,17,0,1.09,1.00,1.10,28.84,17,17,0,0.21,0.20,0.30,28.56,17,17,0
548560,0.35,0.30,0.40,29.29,16,16,0,-0.01,-0.10,0.10,28.69,16,16,0,0.34,0.30,0.40,28.82,16,16,0,206.14,98.50,248.40,25.07,16,0,0,0.11,0.10,0.20,29.34,16,16,0,1.09,1.00,1.10,28.85,16,16,0,0.21,0.20,0.30,28.55,16,16,0
549067,0.38,0.30,0.40,29.27,17,17,0,-0.01,-0.10,0.10,28.70,17,17,0,0.32,0.30,0.40,28.80,17,17,0,184.08,71.80,318.60,25.03,17,0,0,0.11,0.10,0.20,29.34,17,17,0,1.08,1.00,1.10,28.84,17,17,0,0.22,0.20,0.30,28.55,17,17,0
549572,0.37,0.30,0.40,29.27,17,17,0,-0.02,-0.10,0.10,28.70,17,17,0,0.32,0.30,0.40,28.81,17,17,0,202.51,88.70,419.00,25.04,17,0,0,0.09,0.00,0.10,29.32,17,17,0,1.06,1.00,1.10,28.84,17,17,0,0.24,0.20,0.30,28.54,17,17,0
550078,0.37,0.30,0.40,29.28,17,17,0,-0.02,-0.10,0.00,28.72,17,17,0,0.33,0.30,0.40,28.79,17,17,0,215.23,84.30,415.60,25.03,17,0,0,0.10,0.10,0.10,29.34,17,17,0,1.06,1.00,1.10,28.85,17,17,0,0.24,0.20,0.30,28.54,17,17,0
550578,0.38,0.30,0.40,29.28,17,17,0,-0.01,-0.10,0.10,28.70,17,17,0,0.34,0.30,0.40,28.82,17,17,0,246.83,91.70,418.90,25.02,17,0,0,0.11,0.10,0.20,29.34,17,17,0,1.06,1.00,1.10,28.85,17,17,0,0.22,0.20,0.30,28.54,17,17,0
551084,0.38,0.30,0.40,29.28,17,17,0,-0.04,-0.10,0.00,28.71,17,17,0,0.33,0.30,0.40,28.81,17,17,0,259.25,129.30,365.70,25.01,17,0,0,0.10,0.10,0.10,29.35,17,17,0,1.09,1.00,1.10,28.85,17,17,0,0.23,0.20,0.30,28.56,17,17,0
551590,0.38,0.30,0.40,29.28,17,17,0,-0.02,-0.10,0.10,28.70,17,17,0,0.34,0.30,0.40,28.81,17,17,0,212.04,93.70,266.90,25.02,17,0,0,0.11,0.10,0.20,29.34,17,17,0,1.07,1.00,1.10,28.86,17,17,0,0.22,0.20,0.30,28.55,17,17,0
552090,0.39,0.30,0.40,29.29,16,16,0,-0.02,-0.10,0.00,28.69,16,16,0,0.33,0.30,0.40,28.79,16,16,0,186.89,86.10,280.30,25.02,16,0,0,0.11,0.10,0.20,29.35,16,16,0,1.06,1.00,1.10,28.85,16,16,0,0.23,0.20,0.30,28.53,16,16,0
552590,0.36,0.30,0.40,29.28,17,17,0,-0.02,-0.10,0.10,28.70,17,17,0,0.33,0.30,0.40,28.82,17,17,0,202.16,82.20,372.40,25.01,17,0,0,0.09,0.00,0.10,29.32,17,17,0,1.08,1.00,1.10,28.84,17,17,0,0.24,0.20,0.30,28.56,17,17,0
553091,0.36,0.30,0.40,29.28,17,17,0,0.01,-0.10,0.10,28.70,17,17,0,0.35,0.30,0.40,28.81,17,17,0,210.11,73.10,422.50,25.01,17,0,0,0.10,0.10,0.10,29.35,17,17,0,1.08,1.00,1.10,28.85,17,17,0,0.22,0.20,0.30,28.56,17,17,0
553591,0.36,0.30,0.40,29.27,16,16,0,-0.01,-0.10,0.00,28.71,16,16,0,0.33,0.30,0.40,28.81,16,16,0,251.66,122.00,416.20,25.02,16,0,0,0.10,0.10,0.10,29.36,16,16,0,1.08,1.00,1.10,28.86,16,16,0,0.24,0.20,0.30,28.56,16,16,0
554104,0.36,0.30,0.40,29.28,17,17,0,-0.02,-0.10,0.10,28.72,17,17,0,0.32,0.30,0.40,28.81,17,17,0,231.39,101.90,389.70,25.05,17,0,0,0.10,0.10,0.10,29.33,17,17,0,1.06,1.00,1.10,28.85,17,17,0,0.26,0.20,0.30,28.57,17,17,0
554616,0.37,0.30,0.40,29.28,17,17,0,-0.01,-0.10,0.10,28.71,17,17,0,0.34,0.30,0.40,28.82,17,17,0,189.24,74.50,247.50,25.02,17,0,0,0.10,0.10,0.10,29.34,17,17,0,1.08,1.00,1.10,28.84,17,17,0,0.24,0.20,0.30,28.54,17,17,0
555125,0.37,0.30,0.40,29.27,17,17,0,-0.01,-0.10,0.10,28.70,17,17,0,0.33,0.30,0.40,28.81,17,17,0,189.64,75.50,350.60,25.02,17,0,0,0.11,0.10,0.20,29.35,17,17,0,1.07,1.00,1.10,28.86,17,17,0,0.22,0.20,0.30,28.55,17,17,0
555635,0.38,0.30,0.40,29.29,17,17,0,-0.01,-0.10,0.00,28.70,17,17,0,0.33,0.30,0.40,28.82,17,17,0,200.48,75.10,388.60,25.02,17,0,0,0.09,0.00,0.10,29.33,17,17,0,1.08,1.00,1.10,28.86,17,17,0,0.22,0.20,0.30,28.57,17,17,0
556135,0.37,0.30,0.40,29.28,16,16,0,0.01,-0.10,0.10,28.69,16,16,0,0.34,0.30,0.40,28.80,16,16,0,231.29,86.50,401.10,25.03,16,0,0,0.10,0.10,0.10,29.35,16,16,0,1.07,1.00,1.10,28.85,16,16,0,0.22,0.20,0.30,28.55,16,16,0
556641,0.36,0.30,0.40,29.30,17,17,0,-0.04,-0.10,0.00,28.72,17,17,0,0.32,0.30,0.40,28.81,17,17,0,257.46,159.70,391.20,25.02,17,0,0,0.10,0.10,0.10,29.36,17,17,0,1.07,1.00,1.10,28.86,17,17,0,0.22,0.20,0.30,28.57,17,17,0
557153,0.37,0.30,0.40,29.27,17,17,0,0.01,-0.10,0.10,28.72,17,17,0,0.34,0.30,0.40,28.82,17,17,0,227.64,106.40,328.80,25.03,17,0,0,0.10,0.10,0.10,29.35,17,17,0,1.08,1.00,1.10,28.85,17,17,0,0.21,0.20,0.30,28.55,17,17,0
557665,0.38,0.30,0.40,29.29,17,17,0,-0.02,-0.10,0.10,28.72,17,17,0,0.32,0.30,0.40,28.82,17,17,0,201.82,84.70,258.50,25.00,17,0,0,0.11,0.10,0.20,29.35,17,17,0,1.06,1.00,1.10,28.84,17,17,0,0.22,0.20,0.30,28.56,17,17,0
558177,0.36,0.30,0.40,29.28,17,17,0,0.00,0.00,0.00,28.71,17,17,0,0.32,0.30,0.40,28.80,17,17,0,200.15,88.00,348.80,25.00,17,0,0,0.10,0.10,0.10,29.36,17,17,0,1.08,1.00,1.10,28.84,17,17,0,0.22,0.20,0.30,28.55,17,17,0
558684,0.36,0.30,0.40,29.28,17,17,0,-0.02,-0.10,0.10,28.70,17,17,0,0.33,0.30,0.40,28.80,17,17,0,208.86,82.50,393.20,25.00,17,0,0,0.11,0.10,0.20,29.35,17,17,0,1.08,1.00,1.10,28.87,17,17,0,0.22,0.20,0.30,28.55,17,17,0
559196,0.39,0.30,0.40,29.28,17,17,0,-0.01,-0.10,0.10,28.70,17,17,0,0.33,0.30,0.40,28.81,17,17,0,211.19,85.60,417.30,24.99,17,0,0,0.11,0.10,0.20,29.35,17,17,0,1.08,1.00,1.10,28.86,17,17,0,0.24,0.20,0.30,28.56,17,17,0
559701,0.37,0.30,0.40,29.29,17,17,0,-0.02,-0.10,0.00,28.70,17,17,0,0.31,0.30,0.40,28.81,17,17,0,236.85,75.40,428.50,24.99,17,0,0,0.11,0.10,0.20,29.36,17,17,0,1.08,1.00,1.10,28.86,17,17,0,0.22,0.20,0.30,28.56,17,17,0
560201,0.37,0.30,0.40,29.29,16,16,0,-0.04,-0.10,0.10,28.71,16,16,0,0.31,0.30,0.40,28.81,16,16,0,253.28,148.10,407.10,25.01,16,0,0,0.11,0.10,0.20,29.36,16,16,0,1.09,1.00,1.10,28.84,16,16,0,0.20,0.20,0.20,28.55,16,16,0
560707,0.38,0.30,0.40,29.28,17,17,0,-0.02,-0.10,0.10,28.72,17,17,0,0.32,0.30,0.40,28.82,17,17,0,202.81,86.60,253.90,25.02,17,0,0,0.10,0.10,0.10,29.35,17,17,0,1.08,1.00,1.10,28.85,17,17,0,0.22,0.20,0.30,28.57,17,17,0
561208,0.37,0.30,0.40,29.29,17,17,0,-0.01,-0.10,0.10,28.70,17,17,0,0.32,0.30,0.40,28.82,17,17,0,190.58,81.70,308.60,25.02,17,0,0,0.10,0.10,0.10,29.36,17,17,0,1.06,1.00,1.10,28.86,17,17,0,0.22,0.20,0.30,28.56,17,17,0
561718,0.36,0.30,0.40,29.27,17,17,0,-0.03,-0.10,0.10,28.71,17,17,0,0.31,0.30,0.40,28.80,17,17,0,201.90,79.20,395.30,25.02,17,0,0,0.10,0.10,0.10,29.35,17,17,0,1.06,1.00,1.10,28.85,17,17,0,0.21,0.20,0.30,28.56,17,17,0
562221,0.36,0.30,0.40,29.29,17,17,0,0.01,-0.10,0.10,28.70,17,17,0,0.34,0.30,0.40,28.84,17,17,0,210.16,77.80,376.60,25.00,17,0,0,0.10,0.10,0.10,29.35,17,17,0,1.08,1.00,1.10,28.86,17,17,0,0.22,0.20,0.30,28.54,17,17,0
562733,0.36,0.30,0.40,29.29,17,17,0,-0.01,-0.10,0.10,28.71,17,17,0,0.32,0.30,0.40,28.82,17,17,0,238.01,77.60,421.90,25.01,17,0,0,0.10,0.00,0.20,29.35,17,17,0,1.09,1.00,1.10,28.85,17,17,0,0.22,0.20,0.30,28.55,17,17,0
563241,0.36,0.30,0.40,29.31,17,17,0,-0.01,-0.10,0.10,28.71,17,17,0,0.36,0.30,0.40,28.81,17,17,0,257.16,139.90,403.80,25.03,17,0,0,0.10,0.10,0.10,29.35,17,17,0,1.08,1.00,1.10,28.86,17,17,0,0.21,0.20,0.30,28.55,17,17,0
563752,0.35,0.30,0.40,29.29,17,17,0,0.01,-0.10,0.10,28.70,17,17,0,0.34,0.30,0.40,28.83,17,17,0,219.31,110.90,260.90,25.03,17,0,0,0.09,0.00,0.10,29.34,17,17,0,1.06,1.00,1.10,28.86,17,17,0,0.24,0.20,0.30,28.55,17,17,0
564263,0.38,0.30,0.40,29.30,16,16,0,-0.04,-0.10,0.00,28.72,16,16,0,0.32,0.30,0.40,28.82,16,16,0,202.18,87.70,269.40,25.00,16,0,0,0.09,0.00,0.10,29.36,16,16,0,1.08,1.00,1.10,28.86,16,16,0,0.21,0.20,0.30,28.55,16,16,0
564776,0.36,0.30,0.40,29.30,17,17,0,0.02,-0.10,0.10,28.71,17,17,0,0.33,0.30,0.40,28.80,17,17,0,206.55,90.70,366.30,25.00,17,0,0,0.10,0.10,0.10,29.34,17,17,0,1.06,1.00,1.10,28.87,17,17,0,0.23,0.20,0.30,28.59,17,17,0
565282,0.37,0.30,0.40,29.29,16,16,0,-0.01,-0.10,0.10,28.71,16,16,0,0.34,0.30,0.40,28.82,16,16,0,212.08,92.50,434.00,24.98,16,0,0,0.11,0.10,0.20,29.34,16,16,0,1.06,1.00,1.10,28.87,16,16,0,0.23,0.20,0.30,28.55,16,16,0
565794,0.36,0.30,0.40,29.29,17,17,0,0.00,-0.10,0.10,28.71,17,17,0,0.32,0.30,0.40,28.81,17,17,0,215.68,85.80,393.20,24.99,17,0,0,0.11,0.10,0.20,29.35,17,17,0,1.06,1.00,1.10,28.86,17,17,0,0.20,0.20,0.20,28.56,17,17,0
566300,0.38,0.30,0.40,29.28,17,17,0,0.00,-0.10,0.10,28.71,17,17,0,0.32,0.30,0.40,28.82,17,17,0,235.06,83.20,396.60,25.01,17,0,0,0.11,0.10,0.20,29.36,17,17,0,1.07,1.00,1.10,28.85,17,17,0,0.23,0.20,0.30,28.56,17,17,0
566805,0.36,0.30,0.40,29.28,17,17,0,0.01,-0.10,0.10,28.72,17,17,0,0.34,0.30,0.40,28.82,17,17,0,259.59,160.90,405.20,25.02,17,0,0,0.10,0.10,0.10,29.35,17,17,0,1.08,1.00,1.10,28.86,17,17,0,0.21,0.20,0.30,28.56,17,17,0
567306,0.34,0.30,0.40,29.29,17,17,0,-0.02,-0.10,0.10,28.71,17,17,0,0.33,0.30,0.40,28.82,17,17,0,215.72,101.80,258.80,25.02,17,0,0,0.09,0.00,0.10,29.36,17,17,0,1.07,1.00,1.10,28.85,17,17,0,0.23,0.20,0.30,28.55,17,17,0
567815,0.37,0.30,0.40,29.29,16,16,0,-0.02,-0.10,0.10,28.70,16,16,0,0.33,0.30,0.40,28.81,16,16,0,193.84,83.00,258.10,25.03,16,0,0,0.10,0.10,0.10,29.36,16,16,0,1.08,1.00,1.10,28.87,16,16,0,0.21,0.20,0.30,28.57,16,16,0
568323,0.38,0.30,0.40,29.30,17,17,0,0.00,-0.10,0.10,28.71,17,17,0,0.32,0.30,0.40,28.84,17,17,0,199.98,82.50,365.10,25.00,17,0,0,0.09,0.00,0.10,29.35,17,17,0,1.07,1.00,1.10,28.88,17,17,0,0.25,0.20,0.30,28.57,17,17,0
568835,0.38,0.30,0.40,29.29,17,17,0,-0.02,-0.10,0.10,28.72,17,17,0,0.35,0.30,0.40,28.82,17,17,0,203.11,80.30,397.40,24.98,17,0,0,0.10,0.10,0.10,29.36,17,17,0,1.08,1.00,1.10,28.85,17,17,0,0.22,0.20,0.30,28.56,17,17,0
569347,0.38,0.30,0.40,29.30,17,17,0,0.00,-0.10,0.10,28.72,17,17,0,0.35,0.30,0.40,28.83,17,17,0,224.45,83.90,409.20,25.00,17,0,0,0.09,0.00,0.10,29.36,17,17,0,1.06,1.00,1.10,28.87,17,17,0,0.22,0.20,0.30,28.56,17,17,0
569847,0.38,0.30,0.40,29.29,16,16,0,-0.01,-0.10,0.10,28.70,16,16,0,0.32,0.30,0.40,28.83,16,16,0,262.44,183.80,408.00,25.01,16,0,0,0.11,0.10,0.20,29.37,16,16,0,1.08,1.00,1.10,28.87,16,16,0,0.20,0.20,0.20,28.56,16,16,0
570359,0.39,0.30,0.40,29.30,17,17,0,0.00,-0.10,0.10,28.71,17,17,0,0.33,0.30,0.40,28.83,17,17,0,233.23,102.50,397.20,25.02,17,0,0,0.11,0.10,0.20,29.35,17,17,0,1.07,1.00,1.10,28.87,17,17,0,0.24,0.20,0.30,28.55,17,17,0
570866,0.38,0.30,0.40,29.29,17,17,0,-0.04,-0.10,0.00,28.72,17,17,0,0.33,0.30,0.40,28.82,17,17,0,201.91,83.50,261.80,25.02,17,0,0,0.10,0.10,0.10,29.36,17,17,0,1.08,1.00,1.10,28.86,17,17,0,0.23,0.20,0.30,28.55,17,17,0
571366,0.38,0.30,0.40,29.30,16,16,0,0.01,-0.10,0.10,28.74,16,16,0,0.33,0.30,0.40,28.82,16,16,0,195.80,89.20,328.20,25.01,16,0,0,0.10,0.10,0.10,29.36,16,16,0,1.07,1.00,1.10,28.86,16,16,0,0.23,0.20,0.30,28.55,16,16,0
571878,0.36,0.30,0.40,29.31,17,17,0,0.00,-0.10,0.10,28.72,17,17,0,0.35,0.30,0.40,28.84,17,17,0,213.77,87.00,423.30,24.97,17,0,0,0.12,0.10,0.20,29.36,17,17,0,1.06,1.00,1.10,28.86,17,17,0,0.21,0.20,0.30,28.58,17,17,0
572383,0.35,0.30,0.40,29.31,17,17,0,-0.04,-0.10,0.00,28.72,17,17,0,0.31,0.30,0.40,28.82,17,17,0,219.98,89.40,409.50,24.97,17,0,0,0.11,0.10,0.20,29.36,17,17,0,1.06,1.00,1.10,28.86,17,17,0,0.24,0.20,0.30,28.57,17,17,0
572891,0.39,0.30,0.40,29.30,17,17,0,-0.01,-0.10,0.00,28.72,17,17,0,0.32,0.30,0.40,28.81,17,17,0,236.25,89.40,428.30,24.98,17,0,0,0.10,0.00,0.20,29.36,17,17,0,1.05,1.00,1.10,28.85,17,17,0,0.22,0.20,0.30,28.57,17,17,0
573392,0.38,0.30,0.40,29.30,17,17,0,-0.04,-0.10,0.00,28.72,17,17,0,0.34,0.30,0.40,28.83,17,17,0,260.02,152.60,396.50,25.01,17,0,0,0.09,0.00,0.10,29.35,17,17,0,1.08,1.00,1.10,28.88,17,17,0,0.22,0.20,0.30,28.58,17,17,0
573902,0.38,0.30,0.40,29.29,17,17,0,-0.02,-0.10,0.10,28.73,17,17,0,0.34,0.30,0.40,28.82,17,17,0,248.86,102.00,423.40,25.01,17,0,0,0.10,0.00,0.20,29.34,17,17,0,1.07,1.00,1.10,28.87,17,17,0,0.25,0.20,0.30,28.56,17,17,0
574402,0.37,0.30,0.40,29.30,17,17,0,-0.01,-0.10,0.10,28.72,17,17,0,0.34,0.30,0.40,28.83,17,17,0,204.61,80.20,259.40,25.00,17,0,0,0.12,0.10,0.20,29.36,17,17,0,1.08,1.00,1.10,28.86,17,17,0,0.22,0.20,0.30,28.57,17,17,0
574907,0.38,0.30,0.40,29.30,17,17,0,0.00,-0.10,0.10,28.71,17,17,0,0.34,0.30,0.40,28.83,17,17,0,193.36,86.40,329.80,25.01,17,0,0,0.11,0.10,0.20,29.35,17,17,0,1.09,1.00,1.10,28.86,17,17,0,0.22,0.20,0.30,28.56,17,17,0
575407,0.38,0.30,0.40,29.30,16,16,0,-0.03,-0.10,0.10,28.73,16,16,0,0.34,0.30,0.40,28.82,16,16,0,204.98,82.10,422.30,24.99,16,0,0,0.10,0.00,0.20,29.36,16,16,0,1.08,1.00,1.10,28.87,16,16,0,0.22,0.20,0.30,28.55,16,16,0
575907,0.36,0.30,0.40,29.29,16,16,0,0.01,-0.10,0.10,28.72,16,16,0,0.32,0.30,0.40,28.81,16,16,0,216.84,84.40,418.90,24.98,16,0,0,0.11,0.10,0.20,29.36,16,16,0,1.07,1.00,1.10,28.86,16,16,0,0.23,0.20,0.30,28.57,16,16,0
576414,0.37,0.30,0.40,29.30,17,17,0,-0.01,-0.10,0.10,28.72,17,17,0,0.31,0.30,0.40,28.84,17,17,0,246.00,88.00,371.20,24.98,17,0,0,0.11,0.10,0.20,29.37,17,17,0,1.09,1.00,1.10,28.87,17,17,0,0.24,0.20,0.30,28.56,17,17,0
576921,0.38,0.30,0.40,29.30,17,17,0,-0.01,-0.10,0.10,28.70,17,17,0,0.33,0.30,0.40,28.82,17,17,0,262.82,133.70,431.60,25.03,17,0,0,0.11,0.00,0.20,29.37,17,17,0,1.05,1.00,1.10,28.87,17,17,0,0.24,0.20,0.30,28.57,17,17,0
577426,0.36,0.30,0.40,29.30,17,17,0,0.01,-0.10,0.10,28.71,17,17,0,0.31,0.30,0.40,28.82,17,17,0,219.26,98.90,268.90,24.99,17,0,0,0.09,0.00,0.10,29.37,17,17,0,1.08,1.00,1.10,28.89,17,17,0,0.22,0.20,0.30,28.59,17,17,0
577937,0.37,0.30,0.40,29.30,17,17,0,-0.04,-0.10,0.00,28.72,17,17,0,0.32,0.30,0.40,28.82,17,17,0,204.16,88.50,282.80,25.00,17,0,0,0.10,0.10,0.10,29.37,17,17,0,1.09,1.00,1.10,28.85,17,17,0,0.22,0.20,0.30,28.57,17,17,0
578449,0.37,0.30,0.40,29.30,17,17,0,-0.02,-0.10,0.10,28.72,17,17,0,0.34,0.30,0.40,28.81,17,17,0,204.71,90.10,330.70,25.00,17,0,0,0.10,0.10,0.10,29.38,17,17,0,1.06,1.00,1.10,28.87,17,17,0,0.21,0.20,0.30,28.56,17,17,0
578949,0.37,0.30,0.40,29.31,17,17,0,-0.02,-0.10,0.10,28.72,17,17,0,0.32,0.30,0.40,28.82,17,17,0,216.98,91.50,381.40,24.97,17,0,0,0.11,0.10,0.20,29.37,17,17,0,1.06,1.00,1.10,28.86,17,17,0,0.22,0.20,0.30,28.56,17,17,0
579462,0.36,0.30,0.40,29.30,17,17,0,-0.02,-0.10,0.00,28.71,17,17,0,0.32,0.30,0.40,28.82,17,17,0,218.21,91.80,427.40,24.99,17,0,0,0.11,0.10,0.20,29.37,17,17,0,1.08,1.00,1.10,28.87,17,17,0,0.24,0.20,0.30,28.58,17,17,0
579972,0.38,0.30,0.40,29.31,17,17,0,0.01,-0.10,0.10,28.72,17,17,0,0.32,0.30,0.40,28.81,17,17,0,227.91,92.00,431.50,24.98,17,0,0,0.10,0.10,0.10,29.37,17,17,0,1.06,1.00,1.10,28.88,17,17,0,0.22,0.20,0.30,28.58,17,17,0
580479,0.38,0.30,0.40,29.31,17,17,0,-0.02,-0.10,0.10,28.71,17,17,0,0.33,0.30,0.40,28.81,17,17,0,251.29,100.60,434.70,24.98,17,0,0,0.11,0.10,0.20,29.38,17,17,0,1.08,1.00,1.10,28.87,17,17,0,0.21,0.20,0.30,28.57,17,17,0
580991,0.36,0.30,0.40,29.30,17,17,0,-0.03,-0.10,0.00,28.71,17,17,0,0.32,0.30,0.40,28.81,17,17,0,259.70,126.10,409.80,24.99,17,0,0,0.10,0.10,0.10,29.38,17,17,0,1.08,1.00,1.10,28.88,17,17,0,0.21,0.20,0.30,28.57,17,17,0
581492,0.35,0.30,0.40,29.31,17,17,0,0.01,-0.10,0.10,28.71,17,17,0,0.32,0.30,0.40,28.82,17,17,0,214.21,97.90,259.50,25.01,17,0,0,0.11,0.00,0.20,29.37,17,17,0,1.08,1.00,1.10,28.86,17,17,0,0.22,0.20,0.30,28.58,17,17,0
581992,0.39,0.30,0.40,29.29,16,16,0,-0.01,-0.10,0.10,28.73,16,16,0,0.33,0.30,0.40,28.81,16,16,0,189.96,86.10,271.30,24.99,16,0,0,0.10,0.10,0.10,29.36,16,16,0,1.09,1.00,1.10,28.88,16,16,0,0.21,0.20,0.30,28.58,16,16,0
582502,0.36,0.30,0.40,29.31,17,17,0,-0.02,-0.10,0.10,28.73,17,17,0,0.32,0.30,0.40,28.81,17,17,0,207.76,81.90,408.50,24.99,17,0,0,0.10,0.10,0.10,29.38,17,17,0,1.08,1.00,1.10,28.87,17,17,0,0.22,0.20,0.30,28.57,17,17,0
583002,0.38,0.30,0.40,29.32,17,17,0,-0.02,-0.10,0.10,28.73,17,17,0,0.32,0.30,0.40,28.82,17,17,0,210.98,84.70,419.00,25.01,17,0,0,0.11,0.10,0.20,29.36,17,17,0,1.06,1.00,1.10,28.86,17,17,0,0.22,0.20,0.30,28.59,17,17,0
583502,0.37,0.30,0.40,29.31,16,16,0,-0.03,-0.10,0.10,28.72,16,16,0,0.31,0.30,0.40,28.83,16,16,0,234.37,87.30,373.80,24.99,16,0,0,0.09,0.00,0.10,29.38,16,16,0,1.06,1.00,1.10,28.86,16,16,0,0.21,0.20,0.30,28.58,16,16,0
584008,0.35,0.30,0.40,29.29,17,17,0,-0.01,-0.10,0.00,28.71,17,17,0,0.34,0.30,0.40,28.81,17,17,0,259.95,165.00,381.60,25.00,17,0,0,0.10,0.10,0.10,29.37,17,17,0,1.05,1.00,1.10,28.88,17,17,0,0.22,0.20,0.30,28.57,17,17,0
584508,0.36,0.30,0.40,29.30,16,16,0,-0.01,-0.10,0.10,28.72,16,16,0,0.34,0.30,0.40,28.80,16,16,0,246.79,117.10,435.00,25.00,16,0,0,0.11,0.10,0.20,29.37,16,16,0,1.08,1.00,1.10,28.87,16,16,0,0.22,0.20,0.30,28.56,16,16,0
585008,0.36,0.30,0.40,29.31,17,17,0,-0.04,-0.10,0.00,28.72,17,17,0,0.34,0.30,0.40,28.82,17,17,0,206.99,91.60,265.80,24.98,17,0,0,0.10,0.10,0.10,29.37,17,17,0,1.08,1.00,1.10,28.86,17,17,0,0.21,0.20,0.30,28.59,17,17,0
585513,0.38,0.30,0.40,29.31,17,17,0,0.00,-0.10,0.10,28.72,17,17,0,0.34,0.30,0.40,28.83,17,17,0,199.27,88.40,335.40,24.99,17,0,0,0.11,0.10,0.20,29.35,17,17,0,1.07,1.00,1.10,28.86,17,17,0,0.23,0.20,0.30,28.57,17,17,0
586024,0.38,0.30,0.40,29.31,17,17,0,-0.01,-0.10,0.10,28.72,17,17,0,0.32,0.30,0.40,28.83,17,17,0,214.39,91.50,393.50,24.98,17,0,0,0.09,0.00,0.10,29.38,17,17,0,1.07,1.00,1.10,28.88,17,17,0,0.20,0.20,0.20,28.60,17,17,0
586531,0.35,0.30,0.40,29.33,17,17,0,-0.02,-0.10,0.10,28.71,17,17,0,0.32,0.30,0.40,28.82,17,17,0,215.44,94.40,369.70,24.99,17,0,0,0.11,0.10,0.20,29.36,17,17,0,1.09,1.00,1.10,28.87,17,17,0,0.22,0.20,0.30,28.59,17,17,0
587031,0.36,0.30,0.40,29.31,16,16,0,-0.02,-0.10,0.00,28.72,16,16,0,0.33,0.30,0.40,28.82,16,16,0,225.48,92.60,426.20,24.98,16,0,0,0.10,0.10,0.10,29.36,16,16,0,1.09,1.00,1.10,28.88,16,16,0,0.23,0.20,0.30,28.58,16,16,0
587532,0.35,0.30,0.40,29.32,17,17,0,-0.02,-0.10,0.10,28.72,17,17,0,0.31,0.30,0.40,28.81,17,17,0,250.54,94.40,430.70,24.99,17,0,0,0.09,0.00,0.10,29.37,17,17,0,1.08,1.00,1.10,28.86,17,17,0,0.23,0.20,0.30,28.58,17,17,0
588043,0.37,0.30,0.40,29.31,17,17,0,0.00,-0.10,0.10,28.73,17,17,0,0.34,0.30,0.40,28.81,17,17,0,260.49,127.30,411.50,25.00,17,0,0,0.11,0.10,0.20,29.38,17,17,0,1.09,1.00,1.10,28.88,17,17,0,0.22,0.20,0.30,28.59,17,17,0
588553,0.37,0.30,0.40,29.32,17,17,0,-0.01,-0.10,0.00,28.72,17,17,0,0.32,0.30,0.40,28.81,17,17,0,219.55,109.20,261.70,24.99,17,0,0,0.09,0.00,0.10,29.37,17,17,0,1.08,1.00,1.10,28.86,17,17,0,0.22,0.20,0.30,28.59,17,17,0
589064,0.38,0.30,0.40,29.32,17,17,0,-0.02,-0.10,0.10,28.73,17,17,0,0.34,0.30,0.40,28.83,17,17,0,197.86,90.40,272.80,25.00,17,0,0,0.10,0.10,0.10,29.37,17,17,0,1.08,1.00,1.10,28.85,17,17,0,0.22,0.20,0.30,28.57,17,17,0
589564,0.38,0.30,0.40,29.33,17,17,0,-0.04,-0.10,0.00,28.72,17,17,0,0.32,0.30,0.40,28.83,17,17,0,205.12,87.20,366.50,24.99,17,0,0,0.10,0.10,0.10,29.39,17,17,0,1.07,1.00,1.10,28.88,17,17,0,0.22,0.20,0.30,28.57,17,17,0
590069,0.37,0.30,0.40,29.31,17,17,0,-0.04,-0.10,0.00,28.72,17,17,0,0.33,0.30,0.40,28.83,17,17,0,210.91,90.60,372.10,25.00,17,0,0,0.10,0.10,0.10,29.38,17,17,0,1.08,1.00,1.10,28.87,17,17,0,0.22,0.20,0.30,28.58,17,17,0
590569,0.36,0.30,0.40,29.32,16,16,0,-0.02,-0.10,0.10,28.74,16,16,0,0.33,0.30,0.40,28.80,16,16,0,217.68,89.40,434.40,24.98,16,0,0,0.09,0.00,0.10,29.38,16,16,0,1.05,1.00,1.10,28.87,16,16,0,0.23,0.20,0.30,28.59,16,16,0
591069,0.38,0.30,0.40,29.32,17,17,0,-0.01,-0.10,0.00,28.73,17,17,0,0.33,0.30,0.40,28.81,17,17,0,243.28,83.20,439.10,24.97,17,0,0,0.09,0.00,0.10,29.38,17,17,0,1.06,1.00,1.10,28.87,17,17,0,0.22,0.20,0.30,28.58,17,17,0
591574,0.37,0.30,0.40,29.32,17,17,0,-0.01,-0.10,0.10,28.72,17,17,0,0.32,0.30,0.40,28.80,17,17,0,261.67,143.20,433.20,25.02,17,0,0,0.11,0.10,0.20,29.38,17,17,0,1.08,1.00,1.10,28.88,17,17,0,0.24,0.20,0.30,28.56,17,17,0
592079,0.38,0.30,0.40,29.33,17,17,0,-0.02,-0.10,0.10,28.71,17,17,0,0.33,0.30,0.40,28.83,17,17,0,241.93,103.90,444.40,24.99,17,0,0,0.11,0.00,0.20,29.38,17,17,0,1.08,1.00,1.10,28.87,17,17,0,0.22,0.20,0.30,28.58,17,17,0
592584,0.38,0.30,0.40,29.32,17,17,0,-0.02,-0.10,0.10,28.73,17,17,0,0.34,0.30,0.40,28.83,17,17,0,210.78,95.20,268.10,24.99,17,0,0,0.10,0.10,0.10,29.39,17,17,0,1.08,1.00,1.10,28.87,17,17,0,0.23,0.20,0.30,28.57,17,17,0
593084,0.35,0.30,0.40,29.31,17,17,0,-0.03,-0.10,0.00,28.71,17,17,0,0.33,0.30,0.40,28.83,17,17,0,204.34,98.40,332.10,24.99,17,0,0,0.10,0.10,0.10,29.37,17,17,0,1.07,1.00,1.10,28.87,17,17,0,0.23,0.20,0.30,28.58,17,17,0
593585,0.37,0.30,0.40,29.33,17,17,0,-0.02,-0.10,0.10,28.72,17,17,0,0.31,0.30,0.40,28.82,17,17,0,215.49,92.50,424.80,24.98,17,0,0,0.10,0.00,0.20,29.38,17,17,0,1.09,1.00,1.10,28.87,17,17,0,0.22,0.20,0.30,28.59,17,17,0
594095,0.36,0.30,0.40,29.31,17,17,0,-0.02,-0.10,0.00,28.72,17,17,0,0.31,0.30,0.40,28.80,17,17,0,216.20,88.40,435.50,25.00,17,0,0,0.09,0.00,0.10,29.38,17,17,0,1.08,1.00,1.10,28.87,17,17,0,0.22,0.20,0.30,28.57,17,17,0
594608,0.38,0.30,0.40,29.32,17,17,0,-0.01,-0.10,0.10,28.73,17,17,0,0.31,0.30,0.40,28.81,17,17,0,226.36,92.80,390.60,25.00,17,0,0,0.11,0.10,0.20,29.39,17,17,0,1.06,1.00,1.10,28.87,17,17,0,0.24,0.20,0.30,28.57,17,17,0
595114,0.37,0.30,0.40,29.33,17,17,0,0.00,-0.10,0.10,28.72,17,17,0,0.31,0.30,0.40,28.83,17,17,0,250.35,89.30,399.70,24.99,17,0,0,0.10,0.00,0.20,29.38,17,17,0,1.07,1.00,1.10,28.87,17,17,0,0.21,0.20,0.30,28.60,17,17,0
595623,0.38,0.30,0.40,29.33,17,17,0,0.01,-0.10,0.10,28.72,17,17,0,0.31,0.30,0.40,28.82,17,17,0,262.05,133.00,377.90,24.99,17,0,0,0.11,0.10,0.20,29.39,17,17,0,1.09,1.00,1.10,28.88,17,17,0,0.23,0.20,0.30,28.58,17,17,0
596129,0.36,0.30,0.40,29.32,17,17,0,-0.03,-0.10,0.00,28.72,17,17,0,0.32,0.30,0.40,28.82,17,17,0,227.45,106.50,377.60,24.99,17,0,0,0.11,0.10,0.20,29.37,17,17,0,1.09,1.00,1.10,28.87,17,17,0,0.22,0.20,0.30,28.58,17,17,0
596640,0.37,0.30,0.40,29.32,17,17,0,-0.02,-0.10,0.00,28.72,17,17,0,0.32,0.30,0.40,28.81,17,17,0,202.95,85.80,260.60,24.97,17,0,0,0.11,0.10,0.20,29.38,17,17,0,1.08,1.00,1.10,28.86,17,17,0,0.24,0.20,0.30,28.59,17,17,0
597141,0.37,0.30,0.40,29.31,17,17,0,0.00,-0.10,0.10,28.73,17,17,0,0.31,0.20,0.40,28.83,17,17,0,201.49,86.20,325.30,24.97,17,0,0,0.09,0.00,0.10,29.39,17,17,0,1.07,1.00,1.10,28.86,17,17,0,0.23,0.20,0.30,28.59,17,17,0
597652,0.36,0.30,0.40,29.32,17,17,0,-0.01,-0.10,0.10,28.72,17,17,0,0.32,0.30,0.40,28.82,17,17,0,213.38,84.90,436.40,24.99,17,0,0,0.10,0.10,0.10,29.36,17,17,0,1.07,1.00,1.10,28.89,17,17,0,0.22,0.20,0.30,28.59,17,17,0
598164,0.36,0.30,0.40,29.33,17,17,0,-0.01,-0.10,0.10,28.73,17,17,0,0.35,0.30,0.40,28.82,17,17,0,216.08,94.20,396.10,24.97,17,0,0,0.10,0.10,0.10,29.39,17,17,0,1.07,1.00,1.10,28.87,17,17,0,0.22,0.20,0.30,28.59,17,17,0
598664,0.36,0.30,0.40,29.32,16,16,0,0.00,-0.10,0.10,28.73,16,16,0,0.30,0.30,0.30,28.82,16,16,0,230.17,99.50,421.00,24.98,16,0,0,0.11,0.10,0.20,29.39,16,16,0,1.08,1.00,1.10,28.87,16,16,0,0.23,0.20,0.30,28.59,16,16,0
599171,0.38,0.30,0.40,29.32,17,17,0,-0.01,-0.10,0.10,28.72,17,17,0,0.31,0.30,0.40,28.82,17,17,0,253.86,103.60,413.70,24.97,17,0,0,0.10,0.00,0.20,29.38,17,17,0,1.08,1.00,1.10,28.86,17,17,0,0.22,0.20,0.30,28.58,17,17,0
599678,0.38,0.30,0.40,29.32,17,17,0,-0.04,-0.10,0.00,28.72,17,17,0,0.33,0.30,0.40,28.81,17,17,0,266.56,144.00,433.10,24.99,17,0,0,0.11,0.10,0.20,29.39,17,17,0,1.08,1.00,1.10,28.87,17,17,0,0.23,0.20,0.30,28.60,17,17,0
600189,0.36,0.30,0.40,29.32,17,17,0,-0.01,-0.10,0.10,28.72,17,17,0,0.34,0.30,0.40,28.82,17,17,0,256.74,117.60,442.90,24.99,17,0,0,0.10,0.00,0.20,29.38,17,17,0,1.09,1.00,1.10,28.87,17,17,0,0.23,0.20,0.30,28.59,17,17,0
600690,0.38,0.30,0.40,29.32,17,17,0,-0.02,-0.10,0.00,28.72,17,17,0,0.33,0.30,0.40,28.83,17,17,0,221.68,95.20,278.40,25.00,17,0,0,0.09,0.00,0.10,29.38,17,17,0,1.07,1.00,1.10,28.87,17,17,0,0.22,0.20,0.30,28.59,17,17,0
601195,0.36,0.30,0.40,29.32,17,17,0,-0.01,-0.10,0.10,28.74,17,17,0,0.34,0.30,0.40,28.83,17,17,0,209.33,93.20,313.10,24.98,17,0,0,0.10,0.10,0.10,29.38,17,17,0,1.08,1.00,1.10,28.87,17,17,0,0.23,0.20,0.30,28.58,17,17,0
601696,0.36,0.30,0.40,29.32,17,17,0,-0.02,-0.10,0.10,28.72,17,17,0,0.32,0.30,0.40,28.82,17,17,0,209.66,98.90,365.50,24.98,17,0,0,0.11,0.10,0.20,29.39,17,17,0,1.08,1.00,1.10,28.88,17,17,0,0.24,0.20,0.30,28.58,17,17,0
602206,0.34,0.30,0.40,29.33,17,17,0,-0.03,-0.10,0.10,28.72,17,17,0,0.31,0.30,0.40,28.82,17,17,0,218.30,96.80,391.60,24.98,17,0,0,0.10,0.10,0.10,29.40,17,17,0,1.08,1.00,1.10,28.87,17,17,0,0.23,0.20,0.30,28.58,17,17,0
602706,0.35,0.30,0.40,29.31,16,16,0,-0.01,-0.10,0.10,28.73,16,16,0,0.34,0.30,0.40,28.80,16,16,0,215.41,92.00,424.60,24.98,16,0,0,0.10,0.10,0.10,29.37,16,16,0,1.08,1.00,1.10,28.86,16,16,0,0.25,0.20,0.30,28.58,16,16,0
603212,0.36,0.30,0.40,29.31,17,17,0,-0.01,-0.10,0.00,28.74,17,17,0,0.32,0.30,0.40,28.81,17,17,0,221.99,87.90,422.00,24.98,17,0,0,0.11,0.10,0.20,29.40,17,17,0,1.08,1.00,1.10,28.87,17,17,0,0.22,0.20,0.30,28.59,17,17,0
603712,0.37,0.30,0.40,29.31,16,16,0,-0.03,-0.10,0.00,28.73,16,16,0,0.32,0.30,0.40,28.80,16,16,0,235.03,93.60,390.00,24.99,16,0,0,0.09,0.00,0.10,29.39,16,16,0,1.06,1.00,1.10,28.88,16,16,0,0.21,0.20,0.30,28.59,16,16,0
604218,0.36,0.30,0.40,29.32,17,17,0,-0.03,-0.10,0.10,28.75,17,17,0,0.31,0.30,0.40,28.81,17,17,0,252.35,97.40,427.30,24.97,17,0,0,0.11,0.10,0.20,29.39,17,17,0,1.09,1.00,1.10,28.88,17,17,0,0.21,0.20,0.30,28.58,17,17,0
604724,0.38,0.30,0.40,29.32,17,17,0,-0.02,-0.10,0.10,28.72,17,17,0,0.33,0.30,0.40,28.82,17,17,0,264.22,138.20,451.20,25.00,17,0,0,0.10,0.10,0.10,29.37,17,17,0,1.10,1.10,1.10,28.88,17,17,0,0.21,0.20,0.30,28.59,17,17,0
605224,0.34,0.30,0.40,29.32,17,17,0,-0.02,-0.10,0.10,28.72,17,17,0,0.32,0.30,0.40,28.82,17,17,0,247.31,111.00,405.50,24.97,17,0,0,0.11,0.10,0.20,29.38,17,17,0,1.07,1.00,1.10,28.88,17,17,0,0.22,0.20,0.30,28.58,17,17,0
605724,0.36,0.30,0.40,29.32,16,16,0,-0.03,-0.10,0.10,28.73,16,16,0,0.31,0.30,0.40,28.82,16,16,0,221.01,100.10,273.60,24.99,16,0,0,0.11,0.10,0.20,29.37,16,16,0,1.09,1.00,1.10,28.87,16,16,0,0.23,0.20,0.30,28.58,16,16,0
606235,0.38,0.30,0.40,29.32,17,17,0,-0.01,-0.10,0.10,28.74,17,17,0,0.32,0.30,0.40,28.83,17,17,0,210.66,92.30,304.50,24.98,17,0,0,0.10,0.10,0.10,29.38,17,17,0,1.08,1.00,1.10,28.88,17,17,0,0.22,0.20,0.30,28.61,17,17,0
606735,0.36,0.30,0.40,29.32,17,17,0,-0.01,-0.10,0.10,28.74,17,17,0,0.31,0.30,0.40,28.83,17,17,0,215.30,100.00,378.10,24.98,17,0,0,0.10,0.10,0.10,29.40,17,17,0,1.07,1.00,1.10,28.87,17,17,0,0.23,0.20,0.30,28.58,17,17,0
607240,0.37,0.30,0.40,29.34,17,17,0,-0.01,-0.10,0.10,28.73,17,17,0,0.31,0.30,0.40,28.84,17,17,0,225.22,100.20,449.50,24.97,17,0,0,0.10,0.00,0.20,29.39,17,17,0,1.09,1.00,1.10,28.87,17,17,0,0.23,0.20,0.30,28.59,17,17,0
607741,0.36,0.30,0.40,29.32,17,17,0,0.01,-0.10,0.10,28.73,17,17,0,0.34,0.30,0.40,28.83,17,17,0,225.32,109.50,420.30,24.96,17,0,0,0.10,0.00,0.20,29.39,17,17,0,1.07,1.00,1.10,28.88,17,17,0,0.23,0.20,0.30,28.59,17,17,0
608241,0.39,0.30,0.40,29.33,16,16,0,-0.01,-0.10,0.10,28.73,16,16,0,0.32,0.30,0.40,28.82,16,16,0,227.33,104.50,425.30,24.96,16,0,0,0.10,0.10,0.10,29.39,16,16,0,1.08,1.00,1.10,28.89,16,16,0,0.24,0.20,0.30,28.61,16,16,0
608751,0.37,0.30,0.40,29.32,17,17,0,-0.01,-0.10,0.10,28.72,17,17,0,0.33,0.30,0.40,28.84,17,17,0,237.37,98.30,390.00,24.97,17,0,0,0.10,0.10,0.10,29.39,17,17,0,1.07,1.00,1.10,28.86,17,17,0,0.23,0.20,0.30,28.58,17,17,0
609257,0.37,0.30,0.40,29.33,17,17,0,-0.01,-0.10,0.10,28.74,17,17,0,0.33,0.30,0.40,28.83,17,17,0,253.48,102.20,427.30,24.98,17,0,0,0.10,0.00,0.20,29.40,17,17,0,1.06,1.00,1.10,28.87,17,17,0,0.21,0.20,0.30,28.58,17,17,0
609757,0.37,0.30,0.40,29.32,16,16,0,0.01,0.00,0.10,28.75,16,16,0,0.32,0.30,0.40,28.82,16,16,0,266.22,153.50,398.80,24.99,16,0,0,0.10,0.00,0.20,29.39,16,16,0,1.09,1.00,1.10,28.86,16,16,0,0.25,0.20,0.30,28.59,16,16,0
610269,0.38,0.30,0.40,29.32,17,17,0,-0.01,-0.10,0.10,28.72,17,17,0,0.32,0.30,0.40,28.85,17,17,0,246.30,118.80,407.70,24.99,17,0,0,0.10,0.00,0.20,29.38,17,17,0,1.08,1.00,1.10,28.86,17,17,0,0.22,0.20,0.30,28.60,17,17,0
610782,0.37,0.30,0.40,29.33,17,17,0,-0.01,-0.10,0.10,28.72,17,17,0,0.34,0.30,0.40,28.82,17,17,0,217.81,101.40,263.80,24.98,17,0,0,0.09,0.00,0.10,29.40,17,17,0,1.08,1.00,1.10,28.87,17,17,0,0.25,0.20,0.30,28.60,17,17,0
611282,0.35,0.30,0.40,29.33,17,17,0,-0.03,-0.10,0.00,28.72,17,17,0,0.33,0.30,0.40,28.82,17,17,0,206.25,97.90,311.80,24.99,17,0,0,0.10,0.10,0.10,29.39,17,17,0,1.07,1.00,1.10,28.86,17,17,0,0.25,0.20,0.30,28.60,17,17,0
611788,0.35,0.30,0.40,29.33,17,17,0,-0.03,-0.10,0.00,28.74,17,17,0,0.34,0.30,0.40,28.83,17,17,0,206.26,95.70,334.30,24.96,17,0,0,0.10,0.00,0.20,29.39,17,17,0,1.09,1.00,1.10,28.89,17,17,0,0.22,0.20,0.30,28.61,17,17,0
612288,0.35,0.30,0.40,29.34,17,17,0,-0.02,-0.10,0.10,28.74,17,17,0,0.34,0.30,0.40,28.83,17,17,0,217.11,93.10,429.00,24.99,17,0,0,0.11,0.10,0.20,29.41,17,17,0,1.08,1.00,1.10,28.87,17,17,0,0.23,0.20,0.30,28.60,17,17,0
612788,0.37,0.30,0.40,29.33,17,17,0,0.01,-0.10,0.10,28.72,17,17,0,0.31,0.30,0.40,28.82,17,17,0,219.71,95.90,411.80,24.96,17,0,0,0.10,0.10,0.10,29.39,17,17,0,1.09,1.00,1.10,28.87,17,17,0,0.25,0.20,0.30,28.58,17,17,0
613300,0.38,0.30,0.40,29.33,17,17,0,-0.01,-0.10,0.10,28.73,17,17,0,0.32,0.30,0.40,28.83,17,17,0,230.24,100.60,424.00,24.98,17,0,0,0.10,0.10,0.10,29.40,17,17,0,1.08,1.00,1.10,28.86,17,17,0,0.22,0.20,0.30,28.59,17,17,0
613800,0.37,0.30,0.40,29.33,16,16,0,-0.02,-0.10,0.10,28.73,16,16,0,0.31,0.30,0.40,28.83,16,16,0,248.05,104.70,401.40,24.98,16,0,0,0.10,0.10,0.10,29.40,16,16,0,1.08,1.00,1.10,28.88,16,16,0,0.23,0.20,0.30,28.60,16,16,0
614311,0.35,0.30,0.40,29.33,17,17,0,-0.01,-0.10,0.10,28.73,17,17,0,0.35,0.30,0.40,28.83,17,17,0,263.41,122.50,375.70,24.97,17,0,0,0.11,0.10,0.20,29.39,17,17,0,1.08,1.00,1.10,28.87,17,17,0,0.25,0.20,0.30,28.61,17,17,0
614824,0.38,0.30,0.40,29.32,17,17,0,-0.01,-0.10,0.10,28.74,17,17,0,0.32,0.30,0.40,28.83,17,17,0,266.24,135.50,382.50,24.99,17,0,0,0.11,0.10,0.20,29.38,17,17,0,1.09,1.00,1.10,28.88,17,17,0,0.22,0.20,0.30,28.59,17,17,0
615324,0.35,0.30,0.40,29.32,16,16,0,-0.03,-0.10,0.10,28.74,16,16,0,0.33,0.30,0.40,28.85,16,16,0,247.64,125.70,419.10,24.98,16,0,0,0.11,0.10,0.20,29.39,16,16,0,1.08,1.00,1.10,28.88,16,16,0,0.24,0.20,0.30,28.59,16,16,0
615830,0.36,0.30,0.40,29.32,17,17,0,-0.02,-0.10,0.10,28.72,17,17,0,0.34,0.30,0.40,28.83,17,17,0,216.58,101.20,275.50,24.98,17,0,0,0.09,0.00,0.10,29.40,17,17,0,1.06,1.00,1.10,28.88,17,17,0,0.22,0.20,0.30,28.61,17,17,0
616332,0.37,0.30,0.40,29.34,17,17,0,-0.04,-0.10,0.00,28.73,17,17,0,0.34,0.30,0.40,28.83,17,17,0,206.68,99.80,324.90,24.98,17,0,0,0.10,0.10,0.10,29.39,17,17,0,1.08,1.00,1.10,28.87,17,17,0,0.22,0.20,0.30,28.60,17,17,0
616834,0.38,0.30,0.40,29.33,17,17,0,-0.03,-0.10,0.10,28.73,17,17,0,0.34,0.30,0.40,28.84,17,17,0,210.74,98.30,349.50,24.99,17,0,0,0.09,0.00,0.10,29.40,17,17,0,1.08,1.00,1.10,28.89,17,17,0,0.22,0.20,0.30,28.59,17,17,0
617334,0.37,0.30,0.40,29.33,17,17,0,-0.02,-0.10,0.10,28.72,17,17,0,0.32,0.30,0.40,28.83,17,17,0,214.34,97.80,372.50,24.99,17,0,0,0.11,0.10,0.20,29.39,17,17,0,1.06,1.00,1.10,28.88,17,17,0,0.23,0.20,0.30,28.60,17,17,0
617835,0.37,0.30,0.40,29.35,17,17,0,-0.02,-0.10,0.10,28.73,17,17,0,0.32,0.30,0.40,28.84,17,17,0,221.14,94.30,393.30,24.98,17,0,0,0.09,0.00,0.10,29.41,17,17,0,1.08,1.00,1.10,28.87,17,17,0,0.22,0.20,0.30,28.61,17,17,0
618338,0.39,0.30,0.40,29.33,17,17,0,-0.01,-0.10,0.00,28.72,17,17,0,0.33,0.30,0.40,28.84,17,17,0,238.21,94.70,408.80,24.99,17,0,0,0.10,0.10,0.10,29.40,17,17,0,1.09,1.00,1.10,28.87,17,17,0,0.22,0.20,0.30,28.61,17,17,0
618839,0.39,0.30,0.40,29.32,17,17,0,0.01,0.00,0.10,28.73,17,17,0,0.34,0.30,0.40,28.82,17,17,0,260.87,157.60,381.20,24.99,17,0,0,0.10,0.10,0.10,29.40,17,17,0,1.09,1.00,1.10,28.88,17,17,0,0.25,0.20,0.30,28.61,17,17,0
619344,0.36,0.30,0.40,29.35,17,17,0,-0.01,-0.10,0.00,28.75,17,17,0,0.35,0.30,0.40,28.84,17,17,0,253.82,119.30,419.90,24.99,17,0,0,0.11,0.10,0.20,29.41,17,17,0,1.08,1.00,1.10,28.87,17,17,0,0.22,0.20,0.30,28.62,17,17,0
619855,0.37,0.30,0.40,29.33,17,17,0,-0.03,-0.10,0.00,28.73,17,17,0,0.35,0.30,0.40,28.83,17,17,0,222.99,102.60,275.00,24.99,17,0,0,0.10,0.10,0.10,29.39,17,17,0,1.07,1.00,1.10,28.87,17,17,0,0.24,0.20,0.30,28.60,17,17,0
620368,0.38,0.30,0.40,29.34,17,17,0,-0.02,-0.10,0.10,28.73,17,17,0,0.32,0.30,0.40,28.84,17,17,0,213.25,98.40,283.80,24.99,17,0,0,0.10,0.10,0.10,29.41,17,17,0,1.06,1.00,1.10,28.90,17,17,0,0.26,0.20,0.30,28.59,17,17,0
620872,0.36,0.30,0.40,29.33,17,17,0,-0.01,-0.10,0.10,28.73,17,17,0,0.34,0.30,0.40,28.85,17,17,0,214.22,103.40,328.90,24.98,17,0,0,0.10,0.10,0.10,29.40,17,17,0,1.10,1.10,1.10,28.85,17,17,0,0.22,0.20,0.30,28.60,17,17,0
621380,0.36,0.30,0.40,29.33,17,17,0,-0.02,-0.10,0.00,28.72,17,17,0,0.35,0.30,0.40,28.84,17,17,0,226.63,105.80,429.90,24.97,17,0,0,0.11,0.10,0.20,29.38,17,17,0,1.05,1.00,1.10,28.90,17,17,0,0.24,0.20,0.30,28.61,17,17,0
621880,0.36,0.30,0.40,29.34,17,17,0,-0.01,-0.10,0.10,28.74,17,17,0,0.34,0.30,0.40,28.84,17,17,0,225.42,117.80,386.20,24.96,17,0,0,0.09,0.00,0.10,29.42,17,17,0,1.07,1.00,1.10,28.87,17,17,0,0.24,0.20,0.30,28.61,17,17,0
622380,0.38,0.30,0.40,29.34,16,16,0,0.00,-0.10,0.10,28.73,16,16,0,0.33,0.30,0.40,28.84,16,16,0,222.93,106.00,401.00,24.98,16,0,0,0.10,0.10,0.10,29.39,16,16,0,1.09,1.00,1.10,28.89,16,16,0,0.23,0.20,0.30,28.59,16,16,0
622885,0.38,0.30,0.40,29.33,17,17,0,-0.01,-0.10,0.10,28.74,17,17,0,0.34,0.30,0.40,28.83,17,17,0,232.62,99.00,420.50,24.98,17,0,0,0.10,0.10,0.10,29.41,17,17,0,1.07,1.00,1.10,28.89,17,17,0,0.20,0.20,0.20,28.60,17,17,0
623390,0.38,0.30,0.40,29.34,17,17,0,0.00,-0.10,0.10,28.74,17,17,0,0.34,0.30,0.40,28.83,17,17,0,248.28,96.10,418.90,24.98,17,0,0,0.10,0.00,0.20,29.38,17,17,0,1.08,1.00,1.10,28.89,17,17,0,0.24,0.20,0.30,28.61,17,17,0
623898,0.39,0.30,0.40,29.33,17,17,0,-0.02,-0.10,0.10,28.74,17,17,0,0.32,0.30,0.40,28.85,17,17,0,260.77,150.10,404.80,24.99,17,0,0,0.09,0.00,0.10,29.41,17,17,0,1.09,1.00,1.10,28.89,17,17,0,0.24,0.20,0.30,28.61,17,17,0
624408,0.39,0.30,0.40,29.34,17,17,0,-0.04,-0.10,0.10,28.73,17,17,0,0.32,0.30,0.40,28.82,17,17,0,257.93,118.00,412.80,24.99,17,0,0,0.10,0.10,0.10,29.40,17,17,0,1.08,1.00,1.10,28.88,17,17,0,0.22,0.20,0.30,28.59,17,17,0
624910,0.39,0.30,0.40,29.35,17,17,0,-0.01,-0.10,0.10,28.75,17,17,0,0.32,0.30,0.40,28.84,17,17,0,228.25,116.00,354.70,24.99,17,0,0,0.10,0.10,0.10,29.41,17,17,0,1.07,1.00,1.10,28.88,17,17,0,0.24,0.20,0.30,28.60,17,17,0
625410,0.38,0.30,0.40,29.34,17,17,0,-0.02,-0.10,0.10,28.74,17,17,0,0.31,0.30,0.40,28.84,17,17,0,210.19,102.80,277.90,24.99,17,0,0,0.10,0.10,0.10,29.40,17,17,0,1.08,1.00,1.10,28.88,17,17,0,0.22,0.20,0.30,28.59,17,17,0
625911,0.38,0.30,0.40,29.33,17,17,0,0.00,-0.10,0.10,28.75,17,17,0,0.33,0.30,0.40,28.83,17,17,0,207.15,98.40,327.90,24.98,17,0,0,0.11,0.10,0.20,29.40,17,17,0,1.06,1.00,1.10,28.89,17,17,0,0.22,0.20,0.30,28.62,17,17,0
626421,0.36,0.30,0.40,29.34,17,17,0,-0.01,-0.10,0.10,28.72,17,17,0,0.34,0.30,0.40,28.84,17,17,0,220.06,100.80,425.90,24.98,17,0,0,0.09,0.00,0.10,29.40,17,17,0,1.09,1.00,1.10,28.88,17,17,0,0.24,0.20,0.30,28.60,17,17,0
626926,0.36,0.30,0.40,29.36,17,17,0,-0.01,-0.10,0.10,28.74,17,17,0,0.32,0.30,0.40,28.85,17,17,0,222.49,99.50,424.90,24.98,17,0,0,0.10,0.10,0.10,29.42,17,17,0,1.08,1.00,1.10,28.90,17,17,0,0.25,0.20,0.30,28.60,17,17,0
627426,0.38,0.30,0.40,29.34,17,17,0,-0.02,-0.10,0.10,28.72,17,17,0,0.32,0.30,0.40,28.83,17,17,0,229.19,110.20,390.10,24.99,17,0,0,0.10,0.00,0.20,29.39,17,17,0,1.09,1.00,1.10,28.89,17,17,0,0.22,0.20,0.30,28.61,17,17,0
627926,0.37,0.30,0.40,29.33,17,17,0,-0.01,-0.10,0.10,28.73,17,17,0,0.34,0.30,0.40,28.84,17,17,0,238.10,105.30,380.60,24.96,17,0,0,0.11,0.10,0.20,29.41,17,17,0,1.08,1.00,1.10,28.90,17,17,0,0.22,0.20,0.30,28.62,17,17,0
628432,0.36,0.30,0.40,29.34,17,17,0,0.00,-0.10,0.10,28.73,17,17,0,0.32,0.30,0.40,28.83,17,17,0,251.71,111.50,418.10,24.98,17,0,0,0.11,0.10,0.20,29.40,17,17,0,1.09,1.00,1.10,28.88,17,17,0,0.21,0.20,0.30,28.60,17,17,0
628938,0.39,0.30,0.40,29.33,17,17,0,-0.04,-0.10,0.00,28.75,17,17,0,0.32,0.30,0.40,28.83,17,17,0,263.22,116.40,440.70,24.97,17,0,0,0.11,0.10,0.20,29.41,17,17,0,1.08,1.00,1.10,28.88,17,17,0,0.24,0.20,0.30,28.59,17,17,0
629446,0.36,0.30,0.40,29.33,17,17,0,-0.02,-0.10,0.10,28.73,17,17,0,0.32,0.30,0.40,28.83,17,17,0,267.85,146.50,430.90,24.98,17,0,0,0.09,0.00,0.10,29.39,17,17,0,1.07,1.00,1.10,28.88,17,17,0,0.23,0.20,0.30,28.59,17,17,0
629946,0.37,0.30,0.40,29.33,17,17,0,-0.02,-0.10,0.10,28.73,17,17,0,0.34,0.30,0.40,28.83,17,17,0,251.78,123.80,406.00,24.98,17,0,0,0.10,0.10,0.10,29.38,17,17,0,1.08,1.00,1.10,28.87,17,17,0,0.24,0.20,0.30,28.60,17,17,0
630449,0.38,0.30,0.40,29.34,17,17,0,0.00,-0.10,0.10,28.75,17,17,0,0.33,0.30,0.40,28.82,17,17,0,222.65,102.80,276.20,24.98,17,0,0,0.10,0.10,0.10,29.39,17,17,0,1.07,1.00,1.10,28.89,17,17,0,0.22,0.20,0.30,28.61,17,17,0
630956,0.36,0.30,0.40,29.35,17,17,0,0.01,-0.10,0.10,28.74,17,17,0,0.32,0.30,0.40,28.84,17,17,0,211.16,97.40,296.80,24.97,17,0,0,0.11,0.10,0.20,29.43,17,17,0,1.08,1.00,1.10,28.88,17,17,0,0.25,0.20,0.30,28.61,17,17,0
631460,0.36,0.30,0.40,29.33,17,17,0,-0.03,-0.10,0.10,28.74,17,17,0,0.33,0.30,0.40,28.82,17,17,0,209.70,97.50,341.10,24.98,17,0,0,0.10,0.10,0.10,29.41,17,17,0,1.08,1.00,1.10,28.89,17,17,0,0.24,0.20,0.30,28.60,17,17,0
631960,0.35,0.30,0.40,29.34,17,17,0,-0.01,-0.10,0.10,28.73,17,17,0,0.32,0.30,0.40,28.83,17,17,0,221.49,101.90,421.80,24.98,17,0,0,0.09,0.00,0.10,29.40,17,17,0,1.07,1.00,1.10,28.88,17,17,0,0.22,0.20,0.30,28.61,17,17,0
632460,0.35,0.30,0.40,29.33,16,16,0,-0.02,-0.10,0.00,28.73,16,16,0,0.33,0.30,0.40,28.83,16,16,0,220.76,107.20,372.80,24.97,16,0,0,0.10,0.00,0.20,29.41,16,16,0,1.09,1.00,1.10,28.88,16,16,0,0.21,0.20,0.30,28.62,16,16,0
632960,0.35,0.30,0.40,29.33,17,17,0,-0.02,-0.10,0.00,28.74,17,17,0,0.32,0.30,0.40,28.84,17,17,0,229.06,103.70,386.60,24.96,17,0,0,0.10,0.10,0.10,29.40,17,17,0,1.06,1.00,1.10,28.87,17,17,0,0.24,0.20,0.30,28.60,17,17,0
633462,0.38,0.30,0.40,29.33,17,17,0,-0.01,-0.10,0.10,28.75,17,17,0,0.32,0.30,0.40,28.83,17,17,0,242.58,103.50,424.20,24.96,17,0,0,0.09,0.00,0.10,29.41,17,17,0,1.06,1.00,1.10,28.88,17,17,0,0.21,0.20,0.30,28.62,17,17,0
633962,0.36,0.30,0.40,29.34,17,17,0,-0.02,-0.10,0.10,28.73,17,17,0,0.30,0.30,0.30,28.83,17,17,0,261.88,111.60,438.80,24.98,17,0,0,0.09,0.00,0.10,29.42,17,17,0,1.08,1.00,1.10,28.89,17,17,0,0.21,0.20,0.30,28.60,17,17,0
634463,0.36,0.30,0.40,29.35,17,17,0,0.00,-0.10,0.10,28.75,17,17,0,0.33,0.30,0.40,28.83,17,17,0,268.90,145.90,385.60,24.99,17,0,0,0.10,0.10,0.10,29.42,17,17,0,1.08,1.00,1.10,28.88,17,17,0,0.23,0.20,0.30,28.61,17,17,0
634968,0.37,0.30,0.40,29.34,17,17,0,-0.02,-0.10,0.10,28.74,17,17,0,0.32,0.30,0.40,28.83,17,17,0,266.46,125.00,449.00,24.98,17,0,0,0.10,0.10,0.10,29.43,17,17,0,1.08,1.00,1.10,28.89,17,17,0,0.22,0.20,0.30,28.60,17,17,0
635477,0.35,0.30,0.40,29.34,17,17,0,-0.02,-0.10,0.10,28.74,17,17,0,0.31,0.30,0.40,28.82,17,17,0,256.12,135.40,438.90,24.98,17,0,0,0.11,0.10,0.20,29.41,17,17,0,1.07,1.00,1.10,28.88,17,17,0,0.22,0.20,0.30,28.60,17,17,0
635978,0.36,0.30,0.40,29.34,17,17,0,0.02,-0.10,0.10,28.73,17,17,0,0.31,0.30,0.40,28.84,17,17,0,229.72,103.60,313.50,24.96,17,0,0,0.11,0.10,0.20,29.42,17,17,0,1.08,1.00,1.10,28.87,17,17,0,0.22,0.20,0.30,28.61,17,17,0
636487,0.36,0.30,0.40,29.33,17,17,0,-0.02,-0.10,0.00,28.74,17,17,0,0.32,0.30,0.40,28.83,17,17,0,217.65,102.60,273.80,24.98,17,0,0,0.11,0.10,0.20,29.40,17,17,0,1.08,1.00,1.10,28.87,17,17,0,0.22,0.20,0.30,28.61,17,17,0
636994,0.37,0.30,0.40,29.32,17,17,0,-0.01,-0.10,0.10,28.75,17,17,0,0.33,0.30,0.40,28.83,17,17,0,210.17,108.60,328.50,24.98,17,0,0,0.12,0.10,0.20,29.40,17,17,0,1.09,1.00,1.10,28.89,17,17,0,0.22,0.20,0.30,28.61,17,17,0
637494,0.35,0.30,0.40,29.36,17,17,0,-0.01,-0.10,0.10,28.74,17,17,0,0.33,0.30,0.40,28.82,17,17,0,221.05,104.80,427.50,24.97,17,0,0,0.10,0.10,0.10,29.41,17,17,0,1.09,1.00,1.10,28.89,17,17,0,0.23,0.20,0.30,28.61,17,17,0
637995,0.36,0.30,0.40,29.34,17,17,0,-0.01,-0.10,0.10,28.74,17,17,0,0.32,0.30,0.40,28.83,17,17,0,219.42,96.40,410.00,24.97,17,0,0,0.11,0.10,0.20,29.42,17,17,0,1.08,1.00,1.10,28.88,17,17,0,0.22,0.20,0.30,28.60,17,17,0
638497,0.36,0.30,0.40,29.34,17,17,0,-0.03,-0.10,0.00,28.75,17,17,0,0.33,0.30,0.40,28.83,17,17,0,221.93,93.60,379.10,24.99,17,0,0,0.11,0.10,0.20,29.42,17,17,0,1.08,1.00,1.10,28.86,17,17,0,0.22,0.20,0.30,28.60,17,17,0
638999,0.36,0.30,0.40,29.34,17,17,0,-0.01,-0.10,0.10,28.74,17,17,0,0.33,0.30,0.40,28.81,17,17,0,233.41,95.00,438.80,24.98,17,0,0,0.09,0.00,0.10,29.42,17,17,0,1.06,1.00,1.10,28.88,17,17,0,0.22,0.20,0.30,28.62,17,17,0
639499,0.36,0.30,0.40,29.33,17,17,0,-0.04,-0.10,0.00,28.74,17,17,0,0.36,0.30,0.40,28.83,17,17,0,250.24,96.40,406.70,24.99,17,0,0,0.10,0.10,0.10,29.42,17,17,0,1.08,1.00,1.10,28.89,17,17,0,0.23,0.20,0.30,28.60,17,17,0
640004,0.35,0.30,0.40,29.31,17,17,0,-0.01,-0.10,0.10,28.74,17,17,0,0.33,0.30,0.40,28.83,17,17,0,262.41,152.60,378.20,25.00,17,0,0,0.10,0.10,0.10,29.42,17,17,0,1.07,1.00,1.10,28.89,17,17,0,0.21,0.20,0.30,28.61,17,17,0
640517,0.36,0.30,0.40,29.34,17,17,0,-0.01,-0.10,0.10,28.73,17,17,0,0.32,0.30,0.40,28.83,17,17,0,259.31,123.30,395.30,24.99,17,0,0,0.11,0.10,0.20,29.42,17,17,0,1.07,1.00,1.10,28.89,17,17,0,0.21,0.20,0.30,28.62,17,17,0
641017,0.36,0.30,0.40,29.34,17,17,0,0.00,-0.10,0.10,28.75,17,17,0,0.32,0.30,0.40,28.82,17,17,0,225.46,106.80,284.60,24.98,17,0,0,0.09,0.00,0.10,29.42,17,17,0,1.08,1.00,1.10,28.89,17,17,0,0.22,0.20,0.30,28.60,17,17,0
641517,0.37,0.30,0.40,29.36,16,16,0,-0.02,-0.10,0.10,28.74,16,16,0,0.33,0.30,0.40,28.81,16,16,0,215.56,99.20,282.00,25.01,16,0,0,0.10,0.10,0.10,29.42,16,16,0,1.08,1.00,1.10,28.87,16,16,0,0.21,0.20,0.30,28.62,16,16,0
642024,0.35,0.30,0.40,29.34,17,17,0,-0.02,-0.10,0.00,28.73,17,17,0,0.34,0.30,0.40,28.82,17,17,0,210.28,101.10,337.90,24.97,17,0,0,0.10,0.10,0.10,29.41,17,17,0,1.08,1.00,1.10,28.88,17,17,0,0.21,0.20,0.30,28.61,17,17,0
642530,0.36,0.30,0.40,29.33,17,17,0,-0.02,-0.10,0.10,28.75,17,17,0,0.34,0.30,0.40,28.82,17,17,0,222.44,100.00,446.10,24.99,17,0,0,0.11,0.10,0.20,29.41,17,17,0,1.08,1.00,1.10,28.89,17,17,0,0.22,0.20,0.30,28.62,17,17,0
643030,0.38,0.30,0.40,29.36,17,17,0,-0.01,-0.10,0.10,28.74,17,17,0,0.32,0.30,0.40,28.83,17,17,0,220.57,102.20,371.40,24.99,17,0,0,0.11,0.10,0.20,29.41,17,17,0,1.06,1.00,1.10,28.88,17,17,0,0.21,0.20,0.30,28.60,17,17,0
643530,0.36,0.30,0.40,29.32,17,17,0,-0.02,-0.10,0.00,28.75,17,17,0,0.31,0.30,0.40,28.85,17,17,0,223.17,98.60,431.60,24.99,17,0,0,0.09,0.00,0.10,29.40,17,17,0,1.07,1.00,1.10,28.90,17,17,0,0.22,0.20,0.30,28.60,17,17,0
644032,0.37,0.30,0.40,29.35,17,17,0,-0.01,-0.10,0.10,28.73,17,17,0,0.34,0.30,0.40,28.83,17,17,0,233.24,94.50,412.00,24.98,17,0,0,0.09,0.00,0.10,29.42,17,17,0,1.09,1.00,1.10,28.88,17,17,0,0.23,0.20,0.30,28.63,17,17,0
644535,0.37,0.30,0.40,29.35,17,17,0,-0.02,-0.10,0.10,28.76,17,17,0,0.32,0.30,0.40,28.83,17,17,0,249.39,93.50,365.40,25.00,17,0,0,0.09,0.00,0.10,29.41,17,17,0,1.08,1.00,1.10,28.89,17,17,0,0.24,0.20,0.30,28.60,17,17,0
645036,0.36,0.30,0.40,29.34,17,17,0,-0.02,-0.10,0.10,28.74,17,17,0,0.32,0.30,0.40,28.81,17,17,0,259.95,136.90,373.80,24.99,17,0,0,0.11,0.10,0.20,29.41,17,17,0,1.08,1.00,1.10,28.90,17,17,0,0.22,0.20,0.30,28.63,17,17,0
645536,0.34,0.30,0.40,29.33,17,17,0,-0.01,-0.10,0.10,28.75,17,17,0,0.33,0.30,0.40,28.82,17,17,0,222.35,114.80,269.50,25.01,17,0,0,0.11,0.00,0.20,29.42,17,17,0,1.08,1.00,1.10,28.90,17,17,0,0.23,0.20,0.30,28.62,17,17,0
646044,0.36,0.30,0.40,29.34,17,17,0,-0.03,-0.10,0.10,28.75,17,17,0,0.32,0.30,0.40,28.84,17,17,0,204.28,102.10,267.40,25.00,17,0,0,0.10,0.00,0.20,29.42,17,17,0,1.07,1.00,1.10,28.88,17,17,0,0.22,0.20,0.30,28.61,17,17,0
646553,0.36,0.30,0.40,29.33,17,17,0,-0.01,-0.10,0.10,28.75,17,17,0,0.32,0.30,0.40,28.82,17,17,0,201.98,92.70,326.80,25.00,17,0,0,0.11,0.10,0.20,29.41,17,17,0,1.08,1.00,1.10,28.90,17,17,0,0.22,0.20,0.30,28.61,17,17,0
647053,0.35,0.30,0.40,29.35,17,17,0,-0.02,-0.10,0.00,28.75,17,17,0,0.33,0.30,0.40,28.81,17,17,0,211.45,89.40,377.90,24.98,17,0,0,0.11,0.10,0.20,29.40,17,17,0,1.08,1.00,1.10,28.90,17,17,0,0.22,0.20,0.30,28.62,17,17,0
647561,0.35,0.30,0.40,29.35,17,17,0,0.01,-0.10,0.10,28.75,17,17,0,0.32,0.30,0.40,28.83,17,17,0,214.85,92.30,378.80,24.98,17,0,0,0.10,0.00,0.20,29.42,17,17,0,1.09,1.00,1.10,28.88,17,17,0,0.24,0.20,0.30,28.60,17,17,0
648066,0.35,0.30,0.40,29.34,17,17,0,-0.01,-0.10,0.00,28.74,17,17,0,0.31,0.30,0.40,28.82,17,17,0,230.30,93.70,372.00,25.01,17,0,0,0.11,0.10,0.20,29.42,17,17,0,1.09,1.00,1.10,28.88,17,17,0,0.22,0.20,0.30,28.61,17,17,0
648566,0.36,0.30,0.40,29.35,16,16,0,0.01,-0.10,0.10,28.73,16,16,0,0.33,0.30,0.40,28.83,16,16,0,258.96,123.70,421.80,25.00,16,0,0,0.11,0.10,0.20,29.42,16,16,0,1.07,1.00,1.10,28.89,16,16,0,0.21,0.20,0.30,28.62,16,16,0
649074,0.36,0.30,0.40,29.35,17,17,0,-0.01,-0.10,0.10,28.74,17,17,0,0.32,0.30,0.40,28.83,17,17,0,257.72,124.50,368.80,25.02,17,0,0,0.10,0.10,0.10,29.42,17,17,0,1.09,1.00,1.10,28.89,17,17,0,0.22,0.20,0.30,28.62,17,17,0
649578,0.35,0.30,0.40,29.34,17,17,0,-0.00,-0.10,0.10,28.75,17,17,0,0.32,0.30,0.40,28.84,17,17,0,218.46,107.20,263.40,25.01,17,0,0,0.10,0.10,0.10,29.43,17,17,0,1.08,1.00,1.10,28.89,17,17,0,0.21,0.20,0.30,28.61,17,17,0
650078,0.39,0.30,0.40,29.34,17,17,0,-0.01,-0.10,0.00,28.74,17,17,0,0.32,0.30,0.40,28.84,17,17,0,200.93,96.20,324.30,24.99,17,0,0,0.11,0.10,0.20,29.42,17,17,0,1.08,1.00,1.10,28.91,17,17,0,0.21,0.20,0.30,28.62,17,17,0
650578,0.38,0.30,0.40,29.35,17,17,0,-0.01,-0.10,0.10,28.76,17,17,0,0.34,0.30,0.40,28.85,17,17,0,210.43,88.60,415.70,24.99,17,0,0,0.10,0.10,0.10,29.42,17,17,0,1.06,1.00,1.10,28.89,17,17,0,0.22,0.20,0.30,28.61,17,17,0
651079,0.36,0.30,0.40,29.35,17,17,0,-0.02,-0.10,0.10,28.73,17,17,0,0.33,0.30,0.40,28.83,17,17,0,209.32,85.20,427.10,24.99,17,0,0,0.10,0.00,0.20,29.42,17,17,0,1.06,1.00,1.10,28.89,17,17,0,0.23,0.20,0.30,28.62,17,17,0
651579,0.38,0.30,0.40,29.34,17,17,0,-0.01,-0.10,0.00,28.74,17,17,0,0.32,0.30,0.40,28.82,17,17,0,221.97,91.70,415.10,24.99,17,0,0,0.11,0.10,0.20,29.44,17,17,0,1.08,1.00,1.10,28.89,17,17,0,0.23,0.20,0.30,28.62,17,17,0
652081,0.39,0.30,0.40,29.35,17,17,0,0.00,-0.10,0.10,28.75,17,17,0,0.34,0.30,0.40,28.83,17,17,0,249.28,109.30,358.50,25.01,17,0,0,0.09,0.00,0.20,29.43,17,17,0,1.10,1.10,1.10,28.88,17,17,0,0.23,0.20,0.30,28.61,17,17,0
652585,0.37,0.30,0.40,29.34,17,17,0,-0.02,-0.10,0.00,28.74,17,17,0,0.32,0.30,0.40,28.82,17,17,0,245.62,110.40,399.20,25.02,17,0,0,0.10,0.10,0.10,29.40,17,17,0,1.08,1.00,1.10,28.89,17,17,0,0.21,0.20,0.30,28.62,17,17,0
653090,0.39,0.30,0.40,29.35,17,17,0,-0.03,-0.10,0.10,28.74,17,17,0,0.34,0.30,0.40,28.83,17,17,0,206.35,87.10,255.80,25.01,17,0,0,0.11,0.10,0.20,29.42,17,17,0,1.07,1.00,1.10,28.88,17,17,0,0.22,0.20,0.30,28.62,17,17,0
653592,0.37,0.30,0.40,29.35,17,17,0,-0.01,-0.10,0.00,28.74,17,17,0,0.31,0.30,0.40,28.84,17,17,0,193.48,88.00,320.90,25.00,17,0,0,0.11,0.10,0.20,29.41,17,17,0,1.08,1.00,1.10,28.89,17,17,0,0.22,0.20,0.30,28.63,17,17,0
654092,0.36,0.30,0.40,29.33,17,17,0,-0.03,-0.10,0.00,28.74,17,17,0,0.31,0.30,0.40,28.83,17,17,0,205.90,85.90,374.40,25.01,17,0,0,0.10,0.10,0.10,29.40,17,17,0,1.09,1.00,1.10,28.90,17,17,0,0.22,0.20,0.30,28.63,17,17,0
654595,0.35,0.30,0.40,29.34,17,17,0,-0.02,-0.10,0.00,28.76,17,17,0,0.32,0.30,0.40,28.83,17,17,0,212.68,87.40,410.50,25.01,17,0,0,0.09,0.00,0.20,29.42,17,17,0,1.08,1.00,1.10,28.89,17,17,0,0.21,0.20,0.30,28.62,17,17,0
655095,0.38,0.30,0.40,29.33,17,17,0,-0.02,-0.10,0.10,28.75,17,17,0,0.33,0.30,0.40,28.83,17,17,0,239.23,88.10,403.90,25.01,17,0,0,0.10,0.10,0.10,29.43,17,17,0,1.08,1.00,1.10,28.91,17,17,0,0.21,0.20,0.30,28.62,17,17,0
655597,0.38,0.30,0.40,29.33,17,17,0,0.00,-0.10,0.10,28.74,17,17,0,0.32,0.30,0.40,28.82,17,17,0,259.61,142.10,389.60,25.01,17,0,0,0.10,0.00,0.20,29.42,17,17,0,1.09,1.00,1.10,28.89,17,17,0,0.24,0.20,0.30,28.62,17,17,0
656102,0.36,0.30,0.40,29.35,17,17,0,0.01,-0.10,0.10,28.74,17,17,0,0.34,0.30,0.40,28.81,17,17,0,223.31,113.50,305.80,25.02,17,0,0,0.09,0.00,0.10,29.42,17,17,0,1.06,1.00,1.10,28.89,17,17,0,0.24,0.20,0.30,28.61,17,17,0
656602,0.37,0.30,0.40,29.35,17,17,0,-0.02,-0.10,0.00,28.76,17,17,0,0.32,0.30,0.40,28.84,17,17,0,200.65,94.40,289.60,25.00,17,0,0,0.10,0.10,0.10,29.42,17,17,0,1.09,1.00,1.10,28.89,17,17,0,0.21,0.20,0.30,28.61,17,17,0
657111,0.38,0.30,0.40,29.34,17,17,0,-0.04,-0.10,0.10,28.75,17,17,0,0.33,0.30,0.40,28.82,17,17,0,200.09,90.00,352.50,24.99,17,0,0,0.09,0.00,0.10,29.44,17,17,0,1.06,1.00,1.10,28.90,17,17,0,0.24,0.20,0.30,28.62,17,17,0
657611,0.36,0.30,0.40,29.35,17,17,0,-0.01,-0.10,0.10,28.74,17,17,0,0.34,0.30,0.40,28.82,17,17,0,207.68,82.70,420.80,25.01,17,0,0,0.11,0.10,0.20,29.43,17,17,0,1.08,1.00,1.10,28.88,17,17,0,0.23,0.20,0.30,28.61,17,17,0
658112,0.35,0.30,0.40,29.33,17,17,0,-0.01,-0.10,0.10,28.74,17,17,0,0.31,0.30,0.40,28.83,17,17,0,211.75,81.70,433.70,25.01,17,0,0,0.10,0.10,0.10,29.42,17,17,0,1.08,1.00,1.10,28.90,17,17,0,0.25,0.20,0.30,28.62,17,17,0
658616,0.37,0.30,0.40,29.35,17,17,0,-0.01,-0.10,0.10,28.75,17,17,0,0.32,0.30,0.40,28.83,17,17,0,231.71,84.50,377.30,25.00,17,0,0,0.11,0.10,0.20,29.43,17,17,0,1.08,1.00,1.10,28.87,17,17,0,0.23,0.20,0.30,28.61,17,17,0
659123,0.39,0.30,0.40,29.32,17,17,0,0.00,-0.10,0.10,28.74,17,17,0,0.31,0.30,0.40,28.84,17,17,0,254.39,150.80,411.20,25.01,17,0,0,0.11,0.10,0.20,29.43,17,17,0,1.08,1.00,1.10,28.90,17,17,0,0.24,0.20,0.30,28.63,17,17,0
659628,0.37,0.30,0.40,29.33,17,17,0,0.02,-0.10,0.10,28.76,17,17,0,0.32,0.30,0.40,28.83,17,17,0,207.98,97.80,255.30,25.02,17,0,0,0.09,0.00,0.10,29.42,17,17,0,1.06,1.00,1.10,28.91,17,17,0,0.24,0.20,0.30,28.63,17,17,0
660128,0.35,0.30,0.40,29.35,17,17,0,-0.01,-0.10,0.10,28.75,17,17,0,0.32,0.30,0.40,28.83,17,17,0,187.26,85.50,318.00,25.03,17,0,0,0.11,0.10,0.20,29.42,17,17,0,1.08,1.00,1.10,28.90,17,17,0,0.24,0.20,0.30,28.63,17,17,0
660638,0.36,0.30,0.40,29.37,16,16,0,-0.01,-0.10,0.10,28.74,16,16,0,0.31,0.30,0.40,28.83,16,16,0,195.79,77.20,392.20,25.02,16,0,0,0.11,0.10,0.20,29.42,16,16,0,1.08,1.00,1.10,28.90,16,16,0,0.23,0.20,0.30,28.63,16,16,0
661142,0.37,0.30,0.40,29.35,17,17,0,-0.03,-0.10,0.10,28.75,17,17,0,0.34,0.30,0.40,28.84,17,17,0,206.02,84.40,399.70,25.02,17,0,0,0.10,0.00,0.20,29.42,17,17,0,1.06,1.00,1.10,28.90,17,17,0,0.24,0.20,0.30,28.62,17,17,0
661642,0.38,0.30,0.40,29.34,17,17,0,-0.01,-0.10,0.10,28.75,17,17,0,0.32,0.30,0.40,28.83,17,17,0,240.92,81.40,405.60,25.02,17,0,0,0.10,0.10,0.10,29.42,17,17,0,1.08,1.00,1.10,28.89,17,17,0,0.24,0.20,0.30,28.62,17,17,0
662142,0.36,0.30,0.40,29.35,17,17,0,-0.01,-0.10,0.10,28.74,17,17,0,0.32,0.30,0.40,28.83,17,17,0,247.90,111.10,410.30,25.03,17,0,0,0.09,0.00,0.10,29.42,17,17,0,1.06,1.00,1.10,28.89,17,17,0,0.24,0.20,0.30,28.62,17,17,0
662646,0.36,0.30,0.40,29.34,17,17,0,-0.03,-0.10,0.10,28.75,17,17,0,0.31,0.30,0.40,28.83,17,17,0,205.46,88.50,262.10,25.01,17,0,0,0.11,0.10,0.20,29.43,17,17,0,1.06,1.00,1.10,28.89,17,17,0,0.24,0.20,0.30,28.64,17,17,0
663146,0.36,0.30,0.40,29.35,17,17,0,0.01,-0.10,0.10,28.74,17,17,0,0.32,0.30,0.40,28.83,17,17,0,195.45,87.90,316.90,25.03,17,0,0,0.09,0.00,0.10,29.43,17,17,0,1.08,1.00,1.10,28.90,17,17,0,0.24,0.20,0.30,28.62,17,17,0
663650,0.37,0.30,0.40,29.34,17,17,0,0.01,-0.10,0.10,28.75,17,17,0,0.34,0.30,0.40,28.83,17,17,0,207.52,91.40,388.70,25.02,17,0,0,0.11,0.10,0.20,29.42,17,17,0,1.07,1.00,1.10,28.89,17,17,0,0.23,0.20,0.30,28.63,17,17,0
664152,0.37,0.30,0.40,29.36,17,17,0,-0.02,-0.10,0.10,28.75,17,17,0,0.33,0.30,0.40,28.82,17,17,0,212.26,91.40,390.00,25.01,17,0,0,0.11,0.10,0.20,29.43,17,17,0,1.05,1.00,1.10,28.90,17,17,0,0.21,0.20,0.30,28.62,17,17,0
664657,0.37,0.30,0.40,29.34,17,17,0,-0.01,-0.10,0.10,28.75,17,17,0,0.31,0.30,0.40,28.82,17,17,0,235.31,87.10,410.90,25.02,17,0,0,0.10,0.10,0.10,29.41,17,17,0,1.08,1.00,1.10,28.90,17,17,0,0.21,0.20,0.30,28.62,17,17,0
665159,0.36,0.30,0.40,29.33,17,17,0,-0.01,-0.10,0.10,28.73,17,17,0,0.32,0.30,0.40,28.82,17,17,0,255.09,141.90,425.20,25.02,17,0,0,0.11,0.10,0.20,29.42,17,17,0,1.07,1.00,1.10,28.90,17,17,0,0.24,0.20,0.30,28.63,17,17,0
665659,0.36,0.30,0.40,29.35,17,17,0,-0.02,-0.10,0.10,28.74,17,17,0,0.32,0.30,0.40,28.81,17,17,0,206.59,94.10,251.50,25.01,17,0,0,0.10,0.10,0.10,29.43,17,17,0,1.06,1.00,1.10,28.90,17,17,0,0.24,0.20,0.30,28.63,17,17,0
666159,0.35,0.30,0.40,29.33,17,17,0,-0.01,-0.10,0.10,28.75,17,17,0,0.33,0.30,0.40,28.84,17,17,0,186.37,78.30,320.80,25.02,17,0,0,0.10,0.00,0.20,29.42,17,17,0,1.08,1.00,1.10,28.90,17,17,0,0.26,0.20,0.30,28.63,17,17,0
666667,0.36,0.30,0.40,29.35,17,17,0,0.01,-0.10,0.10,28.74,17,17,0,0.33,0.30,0.40,28.84,17,17,0,197.98,83.20,398.30,25.01,17,0,0,0.10,0.10,0.10,29.43,17,17,0,1.08,1.00,1.10,28.89,17,17,0,0.22,0.20,0.30,28.62,17,17,0
667178,0.36,0.30,0.40,29.36,17,17,0,-0.01,-0.10,0.00,28.74,17,17,0,0.34,0.30,0.40,28.84,17,17,0,209.06,75.90,412.50,25.00,17,0,0,0.10,0.10,0.10,29.44,17,17,0,1.07,1.00,1.10,28.89,17,17,0,0.22,0.20,0.30,28.63,17,17,0
667686,0.38,0.30,0.40,29.33,17,17,0,-0.02,-0.10,0.10,28.75,17,17,0,0.31,0.30,0.40,28.82,17,17,0,243.96,91.90,406.80,25.04,17,0,0,0.11,0.10,0.20,29.44,17,17,0,1.08,1.00,1.10,28.91,17,17,0,0.24,0.20,0.30,28.63,17,17,0
668186,0.36,0.30,0.40,29.35,17,17,0,-0.00,-0.10,0.10,28.75,17,17,0,0.32,0.30,0.40,28.83,17,17,0,236.71,102.30,409.30,25.05,17,0,0,0.11,0.10,0.20,29.43,17,17,0,1.07,1.00,1.10,28.92,17,17,0,0.22,0.20,0.30,28.63,17,17,0
668693,0.37,0.30,0.40,29.36,17,17,0,-0.02,-0.10,0.10,28.74,17,17,0,0.32,0.30,0.40,28.83,17,17,0,199.18,86.00,258.70,25.03,17,0,0,0.09,0.00,0.10,29.42,17,17,0,1.06,1.00,1.10,28.90,17,17,0,0.20,0.20,0.20,28.61,17,17,0
669193,0.35,0.30,0.40,29.34,17,17,0,-0.01,-0.10,0.10,28.74,17,17,0,0.33,0.30,0.40,28.83,17,17,0,196.61,87.90,342.30,25.04,17,0,0,0.10,0.10,0.10,29.42,17,17,0,1.08,1.00,1.10,28.89,17,17,0,0.22,0.20,0.30,28.62,17,17,0
669700,0.35,0.30,0.40,29.35,17,17,0,-0.01,-0.10,0.10,28.74,17,17,0,0.31,0.30,0.40,28.81,17,17,0,207.81,86.00,418.20,25.02,17,0,0,0.10,0.10,0.10,29.43,17,17,0,1.08,1.00,1.10,28.91,17,17,0,0.22,0.20,0.30,28.63,17,17,0
670208,0.36,0.30,0.40,29.34,17,17,0,-0.02,-0.10,0.10,28.74,17,17,0,0.31,0.30,0.40,28.83,17,17,0,215.42,85.20,391.30,25.00,17,0,0,0.12,0.10,0.20,29.44,17,17,0,1.06,1.00,1.10,28.90,17,17,0,0.24,0.20,0.30,28.63,17,17,0
670711,0.35,0.30,0.40,29.34,17,17,0,0.00,-0.10,0.10,28.75,17,17,0,0.33,0.30,0.40,28.82,17,17,0,233.02,32.80,408.00,25.03,17,0,0,0.10,0.00,0.20,29.42,17,17,0,1.05,1.00,1.10,28.89,17,17,0,0.22,0.20,0.30,28.62,17,17,0
671219,0.35,0.30,0.40,29.36,17,17,0,-0.02,-0.10,0.10,28.75,17,17,0,0.33,0.30,0.40,28.82,17,17,0,116.56,48.30,131.30,25.10,17,0,0,0.10,0.10,0.10,29.42,17,17,0,1.08,1.00,1.10,28.90,17,17,0,0.22,0.20,0.30,28.62,17,17,0
671729,0.37,0.30,0.40,29.35,17,17,0,-0.01,-0.10,0.10,28.74,17,17,0,0.32,0.30,0.40,28.82,17,17,0,124.86,87.30,284.70,25.17,17,0,0,0.09,0.00,0.10,29.42,17,17,0,1.08,1.00,1.10,28.90,17,17,0,0.22,0.20,0.30,28.63,17,17,0
672236,0.37,0.30,0.40,29.36,17,17,0,-0.01,-0.10,0.10,28.74,17,17,0,0.31,0.30,0.40,28.83,17,17,0,26.39,-3.00,36.20,25.30,17,0,0,0.11,0.10,0.20,29.42,17,17,0,1.06,1.00,1.10,28.89,17,17,0,0.22,0.20,0.30,28.63,17,17,0
672737,0.35,0.30,0.40,29.36,17,17,0,-0.03,-0.10,0.00,28.75,17,17,0,0.32,0.30,0.40,28.82,17,17,0,47.18,40.40,50.10,25.45,17,0,0,0.10,0.10,0.10,29.44,17,17,0,1.08,1.00,1.10,28.91,17,17,0,0.24,0.20,0.30,28.62,17,17,0
673237,0.36,0.30,0.40,29.34,17,17,0,-0.02,-0.10,0.10,28.75,17,17,0,0.33,0.30,0.40,28.82,17,17,0,45.86,42.20,49.90,25.54,17,0,0,0.10,0.10,0.10,29.43,17,17,0,1.07,1.00,1.10,28.90,17,17,0,0.21,0.20,0.30,28.63,17,17,0
673737,0.35,0.30,0.40,29.35,17,17,0,-0.03,-0.10,0.10,28.76,17,17,0,0.32,0.30,0.40,28.84,17,17,0,36.80,34.10,40.80,25.62,17,0,0,0.10,0.10,0.10,29.43,17,17,0,1.05,1.00,1.10,28.91,17,17,0,0.22,0.20,0.30,28.62,17,17,0
674238,0.35,0.30,0.40,29.34,17,17,0,-0.01,-0.10,0.10,28.76,17,17,0,0.31,0.30,0.40,28.84,17,17,0,29.88,27.50,33.10,25.72,17,0,0,0.10,0.10,0.10,29.44,17,17,0,1.06,1.00,1.10,28.91,17,17,0,0.21,0.20,0.30,28.62,17,17,0
674747,0.37,0.30,0.40,29.34,17,17,0,-0.01,-0.10,0.10,28.75,17,17,0,0.32,0.30,0.40,28.83,17,17,0,69.84,24.10,328.20,25.82,17,0,0,0.10,0.10,0.10,29.44,17,17,0,1.08,1.00,1.10,28.89,17,17,0,0.21,0.20,0.30,28.61,17,17,0
675247,0.36,0.30,0.40,29.36,17,17,0,-0.01,-0.10,0.10,28.75,17,17,0,0.31,0.30,0.40,28.83,17,17,0,5.53,-22.80,30.60,25.83,17,0,0,0.12,0.10,0.20,29.42,17,17,0,1.08,1.00,1.10,28.90,17,17,0,0.22,0.20,0.30,28.62,17,17,0
675747,0.35,0.30,0.40,29.34,17,17,0,-0.02,-0.10,0.10,28.74,17,17,0,0.33,0.30,0.40,28.83,17,17,0,6.64,6.20,7.20,25.94,17,0,0,0.10,0.00,0.20,29.44,17,17,0,1.09,1.00,1.10,28.90,17,17,0,0.21,0.20,0.30,28.62,17,17,0
676247,0.38,0.30,0.40,29.35,17,17,0,0.01,-0.10,0.10,28.77,17,17,0,0.32,0.30,0.40,28.83,17,17,0,6.31,6.10,6.40,26.06,17,0,0,0.09,0.00,0.10,29.42,17,17,0,1.09,1.00,1.10,28.90,17,17,0,0.21,0.20,0.30,28.63,17,17,0
676747,0.35,0.30,0.40,29.37,17,17,0,-0.01,-0.10,0.10,28.74,17,17,0,0.31,0.30,0.40,28.84,17,17,0,6.24,5.90,6.50,26.14,17,0,0,0.10,0.10,0.10,29.43,17,17,0,1.09,1.00,1.10,28.91,17,17,0,0.22,0.20,0.30,28.63,17,17,0
677247,0.34,0.30,0.40,29.36,16,16,0,-0.03,-0.10,0.00,28.76,16,16,0,0.33,0.30,0.40,28.82,16,16,0,6.27,6.00,6.60,26.23,16,0,0,0.10,0.00,0.20,29.43,16,16,0,1.07,1.00,1.10,28.91,16,16,0,0.21,0.20,0.30,28.64,16,16,0
677747,0.36,0.30,0.40,29.35,17,17,0,-0.02,-0.10,0.10,28.75,17,17,0,0.31,0.30,0.40,28.82,17,17,0,6.18,5.80,6.30,26.29,17,0,0,0.11,0.10,0.20,29.43,17,17,0,1.06,1.00,1.10,28.89,17,17,0,0.23,0.20,0.30,28.63,17,17,0
678251,0.38,0.30,0.40,29.35,17,17,0,0.02,-0.10,0.10,28.74,17,17,0,0.32,0.30,0.40,28.83,17,17,0,6.11,5.80,6.30,26.35,17,0,0,0.11,0.10,0.20,29.43,17,17,0,1.09,1.00,1.10,28.90,17,17,0,0.21,0.20,0.30,28.63,17,17,0
678751,0.37,0.30,0.40,29.35,17,17,0,0.01,-0.10,0.10,28.75,17,17,0,0.32,0.30,0.40,28.83,17,17,0,5.96,5.70,6.20,26.39,17,0,0,0.10,0.10,0.10,29.43,17,17,0,1.07,1.00,1.10,28.91,17,17,0,0.24,0.20,0.30,28.63,17,17,0
679251,0.35,0.30,0.40,29.34,17,17,0,-0.01,-0.10,0.00,28.75,17,17,0,0.31,0.30,0.40,28.83,17,17,0,5.64,5.00,6.00,26.43,17,0,0,0.11,0.10,0.20,29.41,17,17,0,1.09,1.00,1.10,28.91,17,17,0,0.22,0.20,0.30,28.63,17,17,0
679751,0.36,0.30,0.40,29.36,16,16,0,-0.01,-0.10,0.00,28.75,16,16,0,0.31,0.30,0.40,28.83,16,16,0,5.09,4.90,5.40,26.48,16,0,0,0.10,0.10,0.10,29.45,16,16,0,1.08,1.00,1.10,28.90,16,16,0,0.22,0.20,0.30,28.63,16,16,0
680251,0.36,0.30,0.40,29.35,17,17,0,-0.02,-0.10,0.00,28.77,17,17,0,0.33,0.30,0.40,28.81,17,17,0,4.84,4.50,5.20,26.51,17,0,0,0.09,0.00,0.10,29.43,17,17,0,1.06,1.00,1.10,28.91,17,17,0,0.22,0.20,0.30,28.66,17,17,0
680751,0.36,0.30,0.40,29.35,17,17,0,-0.03,-0.10,0.10,28.74,17,17,0,0.31,0.30,0.40,28.85,17,17,0,4.66,4.40,4.90,26.57,17,0,0,0.09,0.00,0.10,29.44,17,17,0,1.08,1.00,1.10,28.90,17,17,0,0.21,0.20,0.30,28.64,17,17,0
681251,0.36,0.30,0.40,29.35,17,17,0,-0.02,-0.10,0.10,28.76,17,17,0,0.33,0.30,0.40,28.83,17,17,0,4.52,4.20,4.80,26.61,17,0,0,0.10,0.10,0.10,29.42,17,17,0,1.08,1.00,1.10,28.91,17,17,0,0.21,0.20,0.30,28.62,17,17,0
681751,0.35,0.30,0.40,29.35,17,17,0,-0.02,-0.10,0.10,28.75,17,17,0,0.33,0.30,0.40,28.83,17,17,0,4.40,3.90,4.60,26.64,17,0,0,0.11,0.10,0.20,29.43,17,17,0,1.07,1.00,1.10,28.90,17,17,0,0.23,0.20,0.30,28.62,17,17,0
682251,0.36,0.30,0.40,29.35,17,17,0,-0.02,-0.10,0.10,28.77,17,17,0,0.31,0.30,0.40,28.84,17,17,0,3.98,3.60,4.20,26.66,17,0,0,0.11,0.10,0.20,29.43,17,17,0,1.05,1.00,1.10,28.92,17,17,0,0.21,0.20,0.30,28.65,17,17,0
682751,0.36,0.30,0.40,29.36,17,17,0,0.01,-0.10,0.10,28.76,17,17,0,0.32,0.30,0.40,28.83,17,17,0,3.55,3.30,3.90,26.69,17,0,0,0.11,0.10,0.20,29.43,17,17,0,1.04,1.00,1.10,28.92,17,17,0,0.22,0.20,0.30,28.63,17,17,0
683251,0.37,0.30,0.40,29.36,17,17,0,-0.02,-0.10,0.10,28.75,17,17,0,0.33,0.30,0.40,28.82,17,17,0,3.74,3.30,4.10,26.72,17,0,0,0.11,0.10,0.20,29.43,17,17,0,1.06,1.00,1.10,28.91,17,17,0,0.23,0.20,0.30,28.63,17,17,0
683753,0.39,0.30,0.40,29.36,17,17,0,-0.02,-0.10,0.10,28.76,17,17,0,0.32,0.30,0.40,28.83,17,17,0,3.64,3.40,3.90,26.75,17,0,0,0.10,0.00,0.20,29.42,17,17,0,1.06,1.00,1.10,28.89,17,17,0,0.22,0.20,0.30,28.63,17,17,0
684253,0.36,0.30,0.40,29.36,17,17,0,-0.02,-0.10,0.00,28.75,17,17,0,0.31,0.30,0.40,28.84,17,17,0,3.76,3.50,4.20,26.77,17,0,0,0.10,0.10,0.10,29.44,17,17,0,1.09,1.00,1.10,28.92,17,17,0,0.24,0.20,0.30,28.63,17,17,0
684753,0.36,0.30,0.40,29.34,17,17,0,-0.01,-0.10,0.10,28.75,17,17,0,0.31,0.30,0.40,28.84,17,17,0,3.33,3.00,3.70,26.77,17,0,0,0.11,0.10,0.20,29.44,17,17,0,1.06,1.00,1.10,28.89,17,17,0,0.21,0.20,0.30,28.65,17,17,0
685253,0.36,0.30,0.40,29.36,17,17,0,0.00,-0.10,0.10,28.75,17,17,0,0.32,0.30,0.40,28.84,17,17,0,2.79,2.30,3.10,26.80,17,0,0,0.09,0.00,0.10,29.45,17,17,0,1.08,1.00,1.10,28.90,17,17,0,0.22,0.20,0.30,28.65,17,17,0
685753,0.38,0.30,0.40,29.37,17,17,0,-0.02,-0.10,0.10,28.77,17,17,0,0.33,0.30,0.40,28.85,17,17,0,2.47,2.20,2.80,26.82,17,0,0,0.11,0.10,0.20,29.43,17,17,0,1.08,1.00,1.10,28.91,17,17,0,0.22,0.20,0.30,28.64,17,17,0
686253,0.37,0.30,0.40,29.36,17,17,0,-0.02,-0.10,0.00,28.76,17,17,0,0.32,0.30,0.40,28.82,17,17,0,2.39,2.00,2.80,26.85,17,0,0,0.10,0.10,0.10,29.44,17,17,0,1.06,1.00,1.10,28.90,17,17,0,0.24,0.20,0.30,28.64,17,17,0
686753,0.38,0.30,0.40,29.35,17,17,0,-0.01,-0.10,0.10,28.75,17,17,0,0.32,0.30,0.40,28.84,17,17,0,2.49,2.10,2.80,26.87,17,0,0,0.10,0.10,0.10,29.43,17,17,0,1.08,1.00,1.10,28.92,17,17,0,0.21,0.20,0.30,28.62,17,17,0
687253,0.36,0.30,0.40,29.36,17,17,0,-0.01,-0.10,0.00,28.76,17,17,0,0.32,0.30,0.40,28.82,17,17,0,2.62,2.30,2.80,26.89,17,0,0,0.10,0.10,0.10,29.43,17,17,0,1.06,1.00,1.10,28.90,17,17,0,0.22,0.20,0.30,28.64,17,17,0
687753,0.36,0.30,0.40,29.34,17,17,0,-0.01,-0.10,0.10,28.77,17,17,0,0.33,0.30,0.40,28.83,17,17,0,2.35,2.00,2.60,26.92,17,0,0,0.10,0.10,0.10,29.44,17,17,0,1.04,1.00,1.10,28.91,17,17,0,0.21,0.20,0.30,28.64,17,17,0
688257,0.36,0.30,0.40,29.35,17,17,0,-0.02,-0.10,0.10,28.76,17,17,0,0.34,0.30,0.40,28.83,17,17,0,2.24,2.00,2.50,26.93,17,0,0,0.10,0.10,0.10,29.43,17,17,0,1.08,1.00,1.10,28.92,17,17,0,0.23,0.20,0.30,28.63,17,17,0
688757,0.37,0.30,0.40,29.36,17,17,0,-0.04,-0.10,0.10,28.75,17,17,0,0.31,0.30,0.40,28.82,17,17,0,2.18,1.80,2.60,26.93,17,0,0,0.09,0.00,0.20,29.42,17,17,0,1.07,1.00,1.10,28.92,17,17,0,0.22,0.20,0.30,28.64,17,17,0
689257,0.35,0.30,0.40,29.35,17,17,0,0.00,-0.10,0.10,28.74,17,17,0,0.32,0.30,0.40,28.85,17,17,0,2.16,2.00,2.40,26.93,17,0,0,0.09,0.00,0.10,29.44,17,17,0,1.06,1.00,1.10,28.91,17,17,0,0.20,0.20,0.20,28.65,17,17,0
689757,0.38,0.30,0.40,29.35,17,17,0,-0.01,-0.10,0.10,28.77,17,17,0,0.33,0.30,0.40,28.85,17,17,0,2.15,1.90,2.60,26.96,17,0,0,0.09,0.00,0.10,29.43,17,17,0,1.06,1.00,1.10,28.91,17,17,0,0.22,0.20,0.30,28.63,17,17,0
690261,0.36,0.30,0.40,29.35,17,17,0,-0.04,-0.10,0.10,28.76,17,17,0,0.34,0.30,0.40,28.83,17,17,0,1.85,1.40,2.20,26.99,17,0,0,0.10,0.10,0.10,29.44,17,17,0,1.07,1.00,1.10,28.90,17,17,0,0.21,0.20,0.30,28.63,17,17,0
690761,0.35,0.30,0.40,29.36,17,17,0,-0.00,-0.10,0.10,28.77,17,17,0,0.32,0.30,0.40,28.82,17,17,0,1.64,1.20,1.90,27.00,17,0,0,0.10,0.10,0.10,29.43,17,17,0,1.06,1.00,1.10,28.91,17,17,0,0.23,0.20,0.30,28.64,17,17,0
691261,0.35,0.30,0.40,29.37,17,17,0,0.00,-0.10,0.10,28.75,17,17,0,0.32,0.30,0.40,28.83,17,17,0,1.74,1.60,2.00,27.01,17,0,0,0.10,0.10,0.10,29.43,17,17,0,1.09,1.00,1.10,28.91,17,17,0,0.23,0.20,0.30,28.64,17,17,0
691771,0.36,0.30,0.40,29.34,17,17,0,-0.01,-0.10,0.10,28.76,17,17,0,0.31,0.30,0.40,28.84,17,17,0,1.84,1.50,2.10,27.04,17,0,0,0.11,0.10,0.20,29.43,17,17,0,1.06,1.00,1.10,28.91,17,17,0,0.21,0.20,0.30,28.64,17,17,0
692272,0.35,0.30,0.40,29.35,17,17,0,-0.02,-0.10,0.10,28.74,17,17,0,0.32,0.30,0.40,28.84,17,17,0,1.65,1.20,2.00,27.04,17,0,0,0.09,0.00,0.10,29.43,17,17,0,1.06,1.00,1.10,28.91,17,17,0,0.23,0.20,0.30,28.64,17,17,0
692772,0.37,0.30,0.40,29.34,17,17,0,-0.01,-0.10,0.10,28.75,17,17,0,0.32,0.30,0.40,28.83,17,17,0,1.98,1.60,2.20,27.06,17,0,0,0.11,0.10,0.20,29.43,17,17,0,1.09,1.00,1.10,28.92,17,17,0,0.22,0.20,0.30,28.64,17,17,0
693272,0.35,0.30,0.40,29.35,17,17,0,-0.01,-0.10,0.10,28.75,17,17,0,0.32,0.30,0.40,28.81,17,17,0,2.12,-0.10,3.60,27.08,17,0,0,0.09,0.00,0.10,29.43,17,17,0,1.07,1.00,1.10,28.92,17,17,0,0.22,0.10,0.30,28.63,17,17,0
693772,0.34,0.30,0.40,29.34,17,17,0,-0.02,-0.10,0.10,28.76,17,17,0,0.30,0.30,0.30,28.84,17,17,0,2.28,0.20,4.60,27.08,17,0,0,0.09,0.00,0.10,29.44,17,17,0,1.06,1.00,1.10,28.90,17,17,0,0.22,0.20,0.30,28.65,17,17,0
694272,0.32,0.30,0.40,29.35,17,17,0,0.01,-0.10,0.10,28.75,17,17,0,0.31,0.30,0.40,28.81,17,17,0,1.89,-1.60,4.00,27.09,17,0,0,0.09,0.00,0.10,29.45,17,17,0,1.07,1.00,1.10,28.91,17,17,0,0.22,0.20,0.30,28.64,17,17,0
694773,0.36,0.30,0.40,29.36,17,17,0,-0.01,-0.10,0.10,28.76,17,17,0,0.32,0.30,0.40,28.81,17,17,0,1.51,0.40,2.30,27.12,17,0,0,0.10,0.00,0.20,29.43,17,17,0,1.09,1.00,1.10,28.90,17,17,0,0.22,0.20,0.30,28.64,17,17,0
695283,0.37,0.30,0.40,29.36,17,17,0,-0.01,-0.10,0.10,28.76,17,17,0,0.33,0.30,0.40,28.84,17,17,0,1.04,-0.40,1.70,27.13,17,0,0,0.10,0.10,0.10,29.44,17,17,0,1.06,1.00,1.10,28.90,17,17,0,0.22,0.20,0.30,28.63,17,17,0
695783,0.35,0.30,0.40,29.35,17,17,0,-0.01,-0.10,0.10,28.76,17,17,0,0.33,0.30,0.40,28.83,17,17,0,-0.04,-1.40,0.90,27.12,17,0,0,0.10,0.10,0.10,29.44,17,17,0,1.08,1.00,1.10,28.92,17,17,0,0.22,0.20,0.30,28.64,17,17,0
696283,0.38,0.30,0.40,29.35,17,17,0,0.00,-0.10,0.10,28.76,17,17,0,0.32,0.30,0.40,28.83,17,17,0,0.49,-1.70,1.70,27.13,17,0,0,0.10,0.10,0.10,29.44,17,17,0,1.09,1.00,1.10,28.92,17,17,0,0.22,0.20,0.30,28.65,17,17,0
696783,0.38,0.30,0.40,29.36,16,16,0,-0.02,-0.10,0.10,28.76,16,16,0,0.33,0.30,0.40,28.84,16,16,0,1.69,-1.90,5.10,27.14,16,0,0,0.09,0.00,0.10,29.44,16,16,0,1.07,1.00,1.10,28.91,16,16,0,0.23,0.20,0.30,28.65,16,16,0
697283,0.36,0.30,0.40,29.36,17,17,0,0.01,-0.10,0.10,28.77,17,17,0,0.32,0.30,0.40,28.84,17,17,0,1.35,0.90,2.70,27.14,17,0,0,0.10,0.00,0.20,29.42,17,17,0,1.08,1.00,1.10,28.92,17,17,0,0.23,0.20,0.30,28.63,17,17,0
697787,0.36,0.30,0.40,29.36,17,17,0,-0.01,-0.10,0.10,28.75,17,17,0,0.32,0.30,0.40,28.83,17,17,0,1.10,0.70,1.70,27.16,17,0,0,0.09,0.00,0.10,29.45,17,17,0,1.09,1.00,1.10,28.91,17,17,0,0.21,0.20,0.30,28.63,17,17,0
698287,0.35,0.30,0.40,29.35,17,17,0,0.01,-0.10,0.10,28.76,17,17,0,0.34,0.30,0.40,28.84,17,17,0,1.82,0.90,4.10,27.19,17,0,0,0.11,0.10,0.20,29.45,17,17,0,1.09,1.00,1.10,28.93,17,17,0,0.23,0.20,0.30,28.65,17,17,0
698793,0.34,0.30,0.40,29.36,16,16,0,0.00,-0.10,0.10,28.77,16,16,0,0.33,0.30,0.40,28.82,16,16,0,1.30,0.30,2.00,27.19,16,0,0,0.11,0.00,0.20,29.45,16,16,0,1.09,1.00,1.10,28.92,16,16,0,0.23,0.20,0.30,28.63,16,16,0
699293,0.35,0.30,0.40,29.36,17,17,0,0.00,-0.10,0.10,28.77,17,17,0,0.34,0.30,0.40,28.84,17,17,0,1.63,1.00,2.60,27.20,17,0,0,0.11,0.10,0.20,29.47,17,17,0,1.07,1.00,1.10,28.92,17,17,0,0.21,0.20,0.30,28.64,17,17,0
699793,0.36,0.30,0.40,29.36,17,17,0,-0.01,-0.10,0.10,28.76,17,17,0,0.31,0.30,0.40,28.82,17,17,0,1.50,1.20,1.80,27.21,17,0,0,0.09,0.00,0.10,29.44,17,17,0,1.09,1.00,1.10,28.89,17,17,0,0.24,0.20,0.30,28.63,17,17,0
700297,0.39,0.30,0.40,29.36,17,17,0,-0.04,-0.10,0.00,28.75,17,17,0,0.32,0.30,0.40,28.83,17,17,0,2.10,-1.70,4.30,27.23,17,0,0,0.10,0.10,0.10,29.44,17,17,0,1.06,1.00,1.10,28.91,17,17,0,0.24,0.20,0.30,28.64,17,17,0
700797,0.36,0.30,0.40,29.35,17,17,0,-0.02,-0.10,0.10,28.75,17,17,0,0.32,0.30,0.40,28.81,17,17,0,1.57,1.10,1.90,27.24,17,0,0,0.11,0.10,0.20,29.45,17,17,0,1.07,1.00,1.10,28.91,17,17,0,0.25,0.20,0.30,28.65,17,17,0
701300,0.37,0.30,0.40,29.37,17,17,0,-0.02,-0.10,0.10,28.76,17,17,0,0.32,0.30,0.40,28.84,17,17,0,1.64,1.40,2.00,27.24,17,0,0,0.10,0.10,0.10,29.45,17,17,0,1.08,1.00,1.10,28.92,17,17,0,0.24,0.20,0.30,28.63,17,17,0
701800,0.36,0.30,0.40,29.34,17,17,0,0.01,-0.10,0.10,28.75,17,17,0,0.33,0.30,0.40,28.82,17,17,0,1.64,-0.10,3.70,27.24,17,0,0,0.10,0.00,0.20,29.45,17,17,0,1.10,1.10,1.10,28.91,17,17,0,0.21,0.20,0.30,28.64,17,17,0
702300,0.36,0.30,0.40,29.35,17,17,0,-0.02,-0.10,0.10,28.75,17,17,0,0.33,0.30,0.40,28.83,17,17,0,1.83,1.20,2.60,27.27,17,0,0,0.09,0.00,0.10,29.44,17,17,0,1.07,1.00,1.10,28.94,17,17,0,0.22,0.20,0.30,28.65,17,17,0
702806,0.35,0.30,0.40,29.36,17,17,0,-0.02,-0.10,0.10,28.75,17,17,0,0.33,0.30,0.40,28.82,17,17,0,1.75,1.30,2.20,27.27,17,0,0,0.12,0.10,0.20,29.44,17,17,0,1.08,1.00,1.10,28.92,17,17,0,0.22,0.20,0.30,28.64,17,17,0
703306,0.35,0.30,0.40,29.37,17,17,0,-0.02,-0.10,0.00,28.76,17,17,0,0.32,0.30,0.40,28.83,17,17,0,1.74,1.50,2.00,27.29,17,0,0,0.09,0.00,0.10,29.45,17,17,0,1.07,1.00,1.10,28.92,17,17,0,0.23,0.20,0.30,28.63,17,17,0
703806,0.36,0.30,0.40,29.37,17,17,0,-0.02,-0.10,0.10,28.76,17,17,0,0.32,0.30,0.40,28.83,17,17,0,1.54,1.10,2.00,27.30,17,0,0,0.12,0.10,0.20,29.44,17,17,0,1.08,1.00,1.10,28.92,17,17,0,0.22,0.20,0.30,28.64,17,17,0
704306,0.36,0.30,0.40,29.36,17,17,0,0.00,-0.10,0.10,28.78,17,17,0,0.31,0.30,0.40,28.84,17,17,0,1.58,1.30,1.90,27.29,17,0,0,0.09,0.00,0.10,29.43,17,17,0,1.08,1.00,1.10,28.93,17,17,0,0.22,0.20,0.30,28.63,17,17,0
704806,0.35,0.30,0.40,29.37,17,17,0,-0.02,-0.10,0.10,28.76,17,17,0,0.31,0.30,0.40,28.84,17,17,0,1.56,1.20,1.80,27.31,17,0,0,0.09,0.00,0.10,29.45,17,17,0,1.08,1.00,1.10,28.92,17,17,0,0.21,0.20,0.30,28.64,17,17,0
705306,0.33,0.30,0.40,29.36,17,17,0,-0.02,-0.10,0.10,28.78,17,17,0,0.31,0.30,0.40,28.83,17,17,0,1.60,1.40,1.80,27.32,17,0,0,0.12,0.10,0.20,29.44,17,17,0,1.06,1.00,1.10,28.92,17,17,0,0.22,0.20,0.30,28.65,17,17,0
705806,0.36,0.30,0.40,29.37,18,18,0,0.00,-0.10,0.10,28.76,18,18,0,0.32,0.30,0.40,28.82,18,18,0,1.49,1.20,1.70,27.33,18,0,0,0.09,0.00,0.10,29.44,18,18,0,1.07,1.00,1.10,28.93,18,18,0,0.21,0.20,0.30,28.64,18,18,0
706306,0.36,0.30,0.40,29.35,16,16,0,-0.01,-0.10,0.10,28.76,16,16,0,0.31,0.30,0.40,28.84,16,16,0,0.96,0.00,1.40,27.33,16,0,0,0.09,0.00,0.10,29.45,16,16,0,1.08,1.00,1.10,28.92,16,16,0,0.21,0.20,0.30,28.65,16,16,0
706807,0.36,0.30,0.40,29.36,17,17,0,-0.04,-0.10,0.00,28.75,17,17,0,0.31,0.30,0.40,28.85,17,17,0,-1.62,-13.10,13.40,27.32,17,0,0,0.10,0.10,0.10,29.44,17,17,0,1.07,1.00,1.10,28.91,17,17,0,0.21,0.20,0.30,28.63,17,17,0
707307,0.37,0.30,0.40,29.37,17,17,0,-0.01,-0.10,0.10,28.76,17,17,0,0.33,0.30,0.40,28.84,17,17,0,225.68,60.00,376.30,27.22,17,0,0,0.10,0.10,0.10,29.45,17,17,0,1.08,1.00,1.10,28.92,17,17,0,0.22,0.20,0.30,28.64,17,17,0
707807,0.36,0.30,0.40,29.37,17,17,0,-0.02,-0.10,0.10,28.77,17,17,0,0.31,0.30,0.40,28.82,17,17,0,188.25,75.40,237.30,26.69,17,0,0,0.09,0.00,0.10,29.45,17,17,0,1.05,1.00,1.10,28.93,17,17,0,0.20,0.20,0.20,28.63,17,17,0
708307,0.36,0.30,0.40,29.36,17,17,0,-0.02,-0.10,0.00,28.78,17,17,0,0.31,0.30,0.40,28.84,17,17,0,200.81,72.20,416.90,26.29,17,0,0,0.10,0.00,0.20,29.44,17,17,0,1.09,1.00,1.10,28.92,17,17,0,0.23,0.20,0.30,28.65,17,17,0
708809,0.36,0.30,0.40,29.38,17,17,0,0.00,-0.10,0.10,28.76,17,17,0,0.31,0.30,0.40,28.85,17,17,0,240.95,106.30,431.20,26.02,17,0,0,0.09,0.00,0.10,29.45,17,17,0,1.08,1.00,1.10,28.92,17,17,0,0.20,0.10,0.30,28.65,17,17,0
709314,0.37,0.30,0.40,29.36,17,17,0,-0.01,-0.10,0.10,28.79,17,17,0,0.34,0.30,0.40,28.84,17,17,0,275.64,136.00,468.00,25.83,17,0,0,0.10,0.10,0.10,29.44,17,17,0,1.09,1.00,1.10,28.92,17,17,0,0.21,0.20,0.30,28.64,17,17,0
709825,0.36,0.30,0.40,29.37,17,17,0,-0.01,-0.10,0.10,28.77,17,17,0,0.34,0.30,0.40,28.85,17,17,0,310.69,174.80,486.70,25.67,17,0,0,0.10,0.10,0.10,29.45,17,17,0,1.09,1.00,1.10,28.93,17,17,0,0.22,0.20,0.30,28.64,17,17,0
710325,0.37,0.30,0.40,29.37,17,17,0,-0.04,-0.10,0.00,28.77,17,17,0,0.32,0.30,0.40,28.85,17,17,0,415.45,355.50,557.90,25.49,17,0,0,0.09,0.00,0.10,29.45,17,17,0,1.08,1.00,1.10,28.94,17,17,0,0.22,0.20,0.30,28.65,17,17,0
710831,0.34,0.30,0.40,29.36,17,17,0,-0.02,-0.10,0.00,28.77,17,17,0,0.30,0.30,0.30,28.85,17,17,0,404.60,387.00,416.40,25.38,17,0,0,0.10,0.00,0.20,29.46,17,17,0,1.07,1.00,1.10,28.93,17,17,0,0.21,0.20,0.30,28.65,17,17,0
711334,0.35,0.30,0.40,29.37,17,17,0,-0.01,-0.10,0.10,28.74,17,17,0,0.34,0.30,0.40,28.84,17,17,0,417.59,400.70,431.50,25.28,17,0,0,0.10,0.10,0.10,29.44,17,17,0,1.05,1.00,1.10,28.92,17,17,0,0.21,0.20,0.30,28.65,17,17,0
711842,0.36,0.30,0.40,29.37,17,17,0,-0.04,-0.10,0.00,28.78,17,17,0,0.32,0.30,0.40,28.84,17,17,0,438.94,432.10,443.10,25.20,17,0,0,0.10,0.00,0.20,29.44,17,17,0,1.05,1.00,1.10,28.92,17,17,0,0.21,0.20,0.30,28.67,17,17,0
712342,0.37,0.30,0.40,29.37,17,17,0,-0.02,-0.10,0.00,28.77,17,17,0,0.32,0.30,0.40,28.84,17,17,0,447.86,444.30,455.40,25.15,17,0,0,0.10,0.10,0.10,29.47,17,17,0,1.07,1.00,1.10,28.93,17,17,0,0.21,0.20,0.30,28.65,17,17,0
712844,0.38,0.30,0.40,29.36,17,17,0,-0.02,-0.10,0.00,28.77,17,17,0,0.33,0.30,0.40,28.84,17,17,0,453.29,450.30,457.10,25.10,17,0,0,0.11,0.10,0.20,29.45,17,17,0,1.08,1.00,1.10,28.93,17,17,0,0.22,0.20,0.30,28.66,17,17,0
713344,0.36,0.30,0.40,29.37,17,17,0,-0.02,-0.10,0.10,28.77,17,17,0,0.31,0.30,0.40,28.83,17,17,0,457.51,455.00,463.00,25.06,17,0,0,0.11,0.10,0.20,29.45,17,17,0,1.07,1.00,1.10,28.94,17,17,0,0.22,0.20,0.30,28.66,17,17,0
713844,0.34,0.30,0.40,29.38,17,17,0,-0.01,-0.10,0.10,28.78,17,17,0,0.33,0.30,0.40,28.83,17,17,0,454.94,452.40,458.80,25.05,17,0,0,0.11,0.00,0.20,29.44,17,17,0,1.05,1.00,1.10,28.92,17,17,0,0.23,0.20,0.30,28.66,17,17,0
714350,0.35,0.30,0.40,29.38,17,17,0,-0.02,-0.10,0.00,28.76,17,17,0,0.32,0.30,0.40,28.85,17,17,0,447.61,440.80,453.20,25.03,17,0,0,0.10,0.10,0.10,29.46,17,17,0,1.07,1.00,1.10,28.92,17,17,0,0.23,0.20,0.30,28.65,17,17,0
714858,0.36,0.30,0.40,29.37,17,17,0,-0.04,-0.10,0.00,28.77,17,17,0,0.34,0.30,0.40,28.85,17,17,0,432.60,424.70,442.00,25.03,17,0,0,0.10,0.10,0.10,29.45,17,17,0,1.08,1.00,1.10,28.93,17,17,0,0.21,0.20,0.30,28.67,17,17,0
715358,0.35,0.30,0.40,29.38,17,17,0,-0.01,-0.10,0.10,28.77,17,17,0,0.33,0.30,0.40,28.84,17,17,0,420.25,417.20,425.40,24.99,17,0,0,0.09,0.00,0.10,29.45,17,17,0,1.09,1.00,1.10,28.94,17,17,0,0.21,0.20,0.30,28.64,17,17,0
715858,0.39,0.30,0.40,29.37,17,17,0,-0.04,-0.10,0.00,28.76,17,17,0,0.33,0.30,0.40,28.85,17,17,0,415.26,411.80,421.50,25.00,17,0,0,0.08,0.00,0.10,29.44,17,17,0,1.08,1.00,1.10,28.93,17,17,0,0.24,0.20,0.30,28.66,17,17,0
716358,0.37,0.30,0.40,29.36,17,17,0,-0.03,-0.10,0.10,28.77,17,17,0,0.34,0.30,0.40,28.84,17,17,0,412.98,408.30,418.50,24.98,17,0,0,0.10,0.10,0.10,29.45,17,17,0,1.06,1.00,1.10,28.93,17,17,0,0.22,0.20,0.30,28.64,17,17,0
716861,0.36,0.30,0.40,29.37,17,17,0,0.00,-0.10,0.10,28.77,17,17,0,0.34,0.30,0.40,28.85,17,17,0,421.69,416.10,425.30,24.97,17,0,0,0.11,0.10,0.20,29.45,17,17,0,1.09,1.00,1.10,28.92,17,17,0,0.22,0.20,0.30,28.67,17,17,0
717363,0.36,0.30,0.40,29.38,17,17,0,-0.03,-0.10,0.10,28.77,17,17,0,0.34,0.30,0.40,28.85,17,17,0,424.78,421.30,426.40,24.97,17,0,0,0.11,0.00,0.20,29.45,17,17,0,1.06,1.00,1.10,28.94,17,17,0,0.22,0.20,0.30,28.66,17,17,0
717863,0.37,0.30,0.40,29.38,16,16,0,0.01,-0.10,0.10,28.78,16,16,0,0.31,0.30,0.40,28.85,16,16,0,425.04,421.00,428.50,24.95,16,0,0,0.10,0.10,0.10,29.46,16,16,0,1.06,1.00,1.10,28.94,16,16,0,0.24,0.20,0.30,28.66,16,16,0
718366,0.36,0.30,0.40,29.39,17,17,0,-0.01,-0.10,0.00,28.78,17,17,0,0.32,0.30,0.40,28.84,17,17,0,419.05,414.40,425.70,24.94,17,0,0,0.11,0.10,0.20,29.45,17,17,0,1.09,1.00,1.10,28.92,17,17,0,0.23,0.20,0.30,28.65,17,17,0
718874,0.35,0.30,0.40,29.38,17,17,0,0.01,-0.10,0.10,28.75,17,17,0,0.33,0.30,0.40,28.84,17,17,0,411.49,408.30,414.90,24.95,17,0,0,0.09,0.00,0.10,29.46,17,17,0,1.08,1.00,1.10,28.92,17,17,0,0.22,0.20,0.30,28.66,17,17,0
719379,0.37,0.30,0.40,29.38,17,17,0,0.01,-0.10,0.10,28.78,17,17,0,0.34,0.30,0.40,28.85,17,17,0,406.65,401.50,412.50,24.94,17,0,0,0.09,0.00,0.10,29.46,17,17,0,1.08,1.00,1.10,28.92,17,17,0,0.22,0.20,0.30,28.67,17,17,0
719879,0.37,0.30,0.40,29.37,17,17,0,0.01,-0.10,0.10,28.79,17,17,0,0.32,0.30,0.40,28.84,17,17,0,406.12,402.40,411.40,24.91,17,0,0,0.10,0.10,0.10,29.45,17,17,0,1.08,1.00,1.10,28.92,17,17,0,0.22,0.20,0.30,28.67,17,17,0
720379,0.38,0.30,0.40,29.37,17,17,0,-0.02,-0.10,0.10,28.76,17,17,0,0.34,0.30,0.40,28.85,17,17,0,413.82,408.30,416.40,24.94,17,0,0,0.09,0.00,0.10,29.46,17,17,0,1.09,1.00,1.10,28.94,17,17,0,0.21,0.20,0.30,28.65,17,17,0
720887,0.34,0.30,0.40,29.38,17,17,0,-0.03,-0.10,0.00,28.78,17,17,0,0.35,0.30,0.40,28.86,17,17,0,418.46,414.70,422.50,24.93,17,0,0,0.10,0.10,0.10,29.45,17,17,0,1.06,1.00,1.10,28.94,17,17,0,0.21,0.20,0.30,28.65,17,17,0
721387,0.34,0.30,0.40,29.39,17,17,0,-0.02,-0.10,0.10,28.76,17,17,0,0.34,0.30,0.40,28.83,17,17,0,420.18,417.10,423.50,24.90,17,0,0,0.09,0.00,0.20,29.47,17,17,0,1.08,1.00,1.10,28.92,17,17,0,0.22,0.20,0.30,28.66,17,17,0
721887,0.36,0.30,0.40,29.38,17,17,0,0.01,-0.10,0.10,28.77,17,17,0,0.35,0.30,0.40,28.85,17,17,0,416.65,412.70,425.10,24.90,17,0,0,0.11,0.10,0.20,29.47,17,17,0,1.09,1.00,1.10,28.93,17,17,0,0.22,0.20,0.30,28.66,17,17,0
722396,0.36,0.30,0.40,29.38,17,17,0,-0.01,-0.10,0.00,28.78,17,17,0,0.34,0.30,0.40,28.84,17,17,0,411.21,409.00,415.60,24.91,17,0,0,0.09,0.00,0.10,29.46,17,17,0,1.06,1.00,1.10,28.92,17,17,0,0.22,0.20,0.30,28.65,17,17,0
722909,0.36,0.30,0.40,29.38,17,17,0,-0.02,-0.10,0.10,28.78,17,17,0,0.33,0.30,0.40,28.86,17,17,0,409.41,406.20,415.00,24.90,17,0,0,0.10,0.10,0.10,29.47,17,17,0,1.07,1.00,1.10,28.94,17,17,0,0.22,0.20,0.30,28.66,17,17,0
723409,0.37,0.30,0.40,29.39,17,17,0,-0.01,-0.10,0.10,28.77,17,17,0,0.35,0.30,0.40,28.85,17,17,0,408.28,404.30,412.20,24.89,17,0,0,0.11,0.10,0.20,29.47,17,17,0,1.07,1.00,1.10,28.94,17,17,0,0.24,0.20,0.30,28.65,17,17,0
723915,0.38,0.30,0.40,29.39,17,17,0,-0.04,-0.10,0.00,28.79,17,17,0,0.32,0.30,0.40,28.85,17,17,0,415.20,409.20,418.80,24.88,17,0,0,0.09,0.00,0.10,29.47,17,17,0,1.08,1.00,1.10,28.93,17,17,0,0.23,0.20,0.30,28.66,17,17,0
724418,0.37,0.30,0.40,29.39,17,17,0,0.00,-0.10,0.10,28.78,17,17,0,0.34,0.30,0.40,28.84,17,17,0,422.02,417.70,425.40,24.88,17,0,0,0.10,0.10,0.10,29.46,17,17,0,1.06,1.00,1.10,28.93,17,17,0,0.22,0.20,0.30,28.66,17,17,0
724926,0.38,0.30,0.40,29.37,17,17,0,-0.02,-0.10,0.00,28.78,17,17,0,0.33,0.30,0.40,28.84,17,17,0,423.21,418.90,427.10,24.88,17,0,0,0.11,0.10,0.20,29.47,17,17,0,1.08,1.00,1.10,28.92,17,17,0,0.24,0.20,0.30,28.65,17,17,0
725429,0.38,0.30,0.40,29.39,17,17,0,-0.02,-0.10,0.10,28.77,17,17,0,0.32,0.30,0.40,28.85,17,17,0,417.86,414.30,422.80,24.86,17,0,0,0.10,0.10,0.10,29.46,17,17,0,1.08,1.00,1.10,28.94,17,17,0,0.24,0.20,0.30,28.66,17,17,0
725929,0.36,0.30,0.40,29.37,17,17,0,-0.03,-0.10,0.00,28.78,17,17,0,0.31,0.30,0.40,28.85,17,17,0,414.07,411.40,416.80,24.85,17,0,0,0.10,0.10,0.10,29.45,17,17,0,1.07,1.00,1.10,28.93,17,17,0,0.24,0.20,0.30,28.67,17,17,0
726429,0.35,0.30,0.40,29.39,17,17,0,0.00,-0.10,0.10,28.79,17,17,0,0.32,0.30,0.40,28.86,17,17,0,411.42,407.10,415.60,24.87,17,0,0,0.11,0.00,0.20,29.48,17,17,0,1.07,1.00,1.10,28.92,17,17,0,0.23,0.20,0.30,28.67,17,17,0
726942,0.37,0.30,0.40,29.37,17,17,0,-0.02,-0.10,0.00,28.77,17,17,0,0.34,0.30,0.40,28.85,17,17,0,410.52,406.60,414.30,24.86,17,0,0,0.09,0.00,0.10,29.46,17,17,0,1.05,1.00,1.10,28.91,17,17,0,0.22,0.20,0.30,28.65,17,17,0
727450,0.38,0.30,0.40,29.40,17,17,0,-0.01,-0.10,0.10,28.79,17,17,0,0.32,0.30,0.40,28.85,17,17,0,417.52,412.10,422.20,24.86,17,0,0,0.11,0.10,0.20,29.46,17,17,0,1.07,1.00,1.10,28.94,17,17,0,0.23,0.20,0.30,28.64,17,17,0
727950,0.35,0.30,0.40,29.39,17,17,0,-0.03,-0.10,0.10,28.79,17,17,0,0.32,0.30,0.40,28.85,17,17,0,425.51,421.70,430.10,24.86,17,0,0,0.09,0.00,0.10,29.46,17,17,0,1.08,1.00,1.10,28.94,17,17,0,0.23,0.20,0.30,28.67,17,17,0
728450,0.37,0.30,0.40,29.37,17,17,0,-0.03,-0.10,0.00,28.79,17,17,0,0.34,0.30,0.40,28.85,17,17,0,428.69,423.50,432.60,24.84,17,0,0,0.10,0.10,0.10,29.48,17,17,0,1.09,1.00,1.10,28.94,17,17,0,0.24,0.20,0.30,28.67,17,17,0
728955,0.38,0.30,0.40,29.39,17,17,0,0.01,-0.10,0.10,28.79,17,17,0,0.34,0.30,0.40,28.84,17,17,0,426.19,422.60,429.50,24.84,17,0,0,0.09,-0.10,0.20,29.45,17,17,0,1.08,1.00,1.10,28.94,17,17,0,0.25,0.20,0.30,28.66,17,17,0
729464,0.36,0.30,0.40,29.38,17,17,0,-0.02,-0.10,0.10,28.77,17,17,0,0.33,0.30,0.40,28.85,17,17,0,422.81,419.20,425.70,24.84,17,0,0,0.10,0.10,0.10,29.47,17,17,0,1.09,1.00,1.10,28.94,17,17,0,0.25,0.20,0.30,28.65,17,17,0
729964,0.38,0.30,0.40,29.38,16,16,0,-0.03,-0.10,0.00,28.79,16,16,0,0.33,0.30,0.40,28.86,16,16,0,422.21,418.00,425.50,24.84,16,0,0,0.11,0.10,0.20,29.46,16,16,0,1.08,1.00,1.10,28.93,16,16,0,0.22,0.20,0.30,28.67,16,16,0
730464,0.36,0.30,0.40,29.38,17,17,0,-0.01,-0.10,0.10,28.76,17,17,0,0.33,0.30,0.40,28.87,17,17,0,421.85,418.40,426.50,24.83,17,0,0,0.09,0.00,0.10,29.47,17,17,0,1.05,1.00,1.10,28.94,17,17,0,0.25,0.20,0.30,28.68,17,17,0
730970,0.36,0.30,0.40,29.37,17,17,0,-0.02,-0.10,0.10,28.77,17,17,0,0.33,0.30,0.40,28.87,17,17,0,424.21,420.00,429.00,24.83,17,0,0,0.10,0.00,0.20,29.46,17,17,0,1.08,1.00,1.10,28.94,17,17,0,0.22,0.20,0.30,28.66,17,17,0
731472,0.35,0.30,0.40,29.39,17,17,0,0.02,0.00,0.10,28.78,17,17,0,0.32,0.30,0.40,28.85,17,17,0,429.45,425.00,431.80,24.82,17,0,0,0.11,0.10,0.20,29.47,17,17,0,1.06,1.00,1.10,28.94,17,17,0,0.23,0.20,0.30,28.66,17,17,0
731975,0.35,0.30,0.40,29.37,17,17,0,0.01,-0.10,0.10,28.78,17,17,0,0.32,0.30,0.40,28.87,17,17,0,427.11,422.60,431.20,24.81,17,0,0,0.10,0.10,0.10,29.48,17,17,0,1.07,1.00,1.10,28.93,17,17,0,0.21,0.20,0.30,28.67,17,17,0
732480,0.35,0.30,0.40,29.38,17,17,0,-0.03,-0.10,0.00,28.78,17,17,0,0.35,0.30,0.40,28.85,17,17,0,423.29,419.10,427.60,24.81,17,0,0,0.10,0.10,0.10,29.47,17,17,0,1.07,1.00,1.10,28.93,17,17,0,0.24,0.20,0.30,28.69,17,17,0
732980,0.38,0.30,0.40,29.38,16,16,0,-0.01,-0.10,0.00,28.78,16,16,0,0.34,0.30,0.40,28.87,16,16,0,418.71,415.30,422.50,24.81,16,0,0,0.09,0.00,0.10,29.47,16,16,0,1.09,1.00,1.10,28.95,16,16,0,0.24,0.20,0.30,28.67,16,16,0
733485,0.37,0.30,0.40,29.39,17,17,0,-0.04,-0.10,0.00,28.78,17,17,0,0.34,0.30,0.40,28.85,17,17,0,417.50,415.00,421.30,24.81,17,0,0,0.10,0.10,0.10,29.48,17,17,0,1.06,1.00,1.10,28.92,17,17,0,0.23,0.20,0.30,28.66,17,17,0
733985,0.37,0.30,0.40,29.38,17,17,0,-0.02,-0.10,0.10,28.77,17,17,0,0.33,0.30,0.40,28.86,17,17,0,419.52,414.30,426.40,24.79,17,0,0,0.08,0.00,0.10,29.48,17,17,0,1.08,1.00,1.10,28.95,17,17,0,0.24,0.20,0.30,28.67,17,17,0
734485,0.38,0.30,0.40,29.40,17,17,0,-0.01,-0.10,0.10,28.79,17,17,0,0.34,0.30,0.40,28.86,17,17,0,421.05,417.70,425.90,24.80,17,0,0,0.10,0.00,0.20,29.47,17,17,0,1.07,1.00,1.10,28.94,17,17,0,0.25,0.20,0.30,28.67,17,17,0
734988,0.36,0.30,0.40,29.39,17,17,0,-0.01,-0.10,0.10,28.77,17,17,0,0.34,0.30,0.40,28.86,17,17,0,426.55,422.60,432.90,24.80,17,0,0,0.10,0.10,0.10,29.48,17,17,0,1.08,1.00,1.10,28.95,17,17,0,0.23,0.20,0.30,28.67,17,17,0
735491,0.36,0.30,0.40,29.39,17,17,0,-0.02,-0.10,0.10,28.77,17,17,0,0.33,0.30,0.40,28.85,17,17,0,426.95,422.60,432.20,24.81,17,0,0,0.10,0.10,0.10,29.48,17,17,0,1.05,1.00,1.10,28.95,17,17,0,0.22,0.20,0.30,28.68,17,17,0
735991,0.34,0.30,0.40,29.38,17,17,0,0.01,-0.10,0.10,28.77,17,17,0,0.34,0.30,0.40,28.85,17,17,0,425.72,422.40,431.90,24.80,17,0,0,0.11,0.10,0.20,29.47,17,17,0,1.08,1.00,1.10,28.95,17,17,0,0.22,0.20,0.30,28.66,17,17,0
736496,0.36,0.30,0.40,29.40,17,17,0,-0.01,-0.10,0.10,28.78,17,17,0,0.34,0.30,0.40,28.84,17,17,0,422.44,419.10,427.10,24.79,17,0,0,0.11,0.10,0.20,29.47,17,17,0,1.06,1.00,1.10,28.95,17,17,0,0.24,0.20,0.30,28.67,17,17,0
737006,0.36,0.30,0.40,29.39,16,16,0,-0.01,-0.10,0.10,28.77,16,16,0,0.32,0.30,0.40,28.86,16,16,0,421.86,419.40,425.70,24.78,16,0,0,0.09,0.00,0.20,29.47,16,16,0,1.08,1.00,1.10,28.93,16,16,0,0.23,0.20,0.30,28.67,16,16,0
737506,0.37,0.30,0.40,29.40,17,17,0,-0.03,-0.10,0.10,28.78,17,17,0,0.34,0.30,0.40,28.86,17,17,0,422.02,418.60,425.60,24.78,17,0,0,0.10,0.10,0.10,29.48,17,17,0,1.08,1.00,1.10,28.94,17,17,0,0.21,0.20,0.30,28.67,17,17,0
738006,0.38,0.30,0.40,29.39,17,17,0,-0.01,-0.10,0.10,28.79,17,17,0,0.32,0.30,0.40,28.86,17,17,0,422.32,419.20,428.20,24.79,17,0,0,0.11,0.00,0.20,29.45,17,17,0,1.08,1.00,1.10,28.93,17,17,0,0.22,0.20,0.30,28.67,17,17,0
738506,0.36,0.30,0.40,29.39,17,17,0,0.02,-0.10,0.10,28.78,17,17,0,0.34,0.30,0.40,28.86,17,17,0,429.05,426.20,432.30,24.77,17,0,0,0.10,0.10,0.10,29.47,17,17,0,1.08,1.00,1.10,28.94,17,17,0,0.24,0.20,0.30,28.69,17,17,0
739009,0.38,0.30,0.40,29.38,17,17,0,0.02,-0.10,0.10,28.79,17,17,0,0.32,0.30,0.40,28.86,17,17,0,429.36,425.70,432.10,24.79,17,0,0,0.10,0.10,0.10,29.48,17,17,0,1.09,1.00,1.10,28.95,17,17,0,0.22,0.20,0.30,28.68,17,17,0
739509,0.38,0.30,0.40,29.41,17,17,0,-0.01,-0.10,0.10,28.80,17,17,0,0.34,0.30,0.40,28.86,17,17,0,430.25,426.50,435.30,24.78,17,0,0,0.10,0.10,0.10,29.48,17,17,0,1.08,1.00,1.10,28.94,17,17,0,0.22,0.20,0.30,28.67,17,17,0
740013,0.36,0.30,0.40,29.37,17,17,0,0.01,-0.10,0.10,28.78,17,17,0,0.32,0.30,0.40,28.87,17,17,0,428.29,425.00,431.60,24.78,17,0,0,0.09,0.00,0.10,29.49,17,17,0,1.07,1.00,1.10,28.93,17,17,0,0.24,0.20,0.30,28.66,17,17,0
740519,0.36,0.30,0.40,29.38,17,17,0,-0.01,-0.10,0.00,28.78,17,17,0,0.31,0.30,0.40,28.86,17,17,0,428.65,425.00,433.30,24.78,17,0,0,0.10,0.10,0.10,29.48,17,17,0,1.08,1.00,1.10,28.94,17,17,0,0.22,0.20,0.30,28.66,17,17,0
741022,0.36,0.30,0.40,29.40,17,17,0,-0.02,-0.10,0.10,28.77,17,17,0,0.34,0.30,0.40,28.85,17,17,0,430.48,427.70,434.40,24.76,17,0,0,0.10,0.10,0.10,29.47,17,17,0,1.09,1.00,1.10,28.95,17,17,0,0.22,0.20,0.30,28.67,17,17,0
741522,0.36,0.30,0.40,29.40,17,17,0,-0.01,-0.10,0.00,28.79,17,17,0,0.31,0.30,0.40,28.86,17,17,0,429.96,426.60,435.20,24.76,17,0,0,0.10,0.10,0.10,29.47,17,17,0,1.06,1.00,1.10,28.96,17,17,0,0.22,0.20,0.30,28.67,17,17,0
742022,0.36,0.30,0.40,29.39,17,17,0,-0.02,-0.10,0.00,28.79,17,17,0,0.32,0.30,0.40,28.86,17,17,0,436.84,433.40,443.40,24.77,17,0,0,0.10,0.10,0.10,29.46,17,17,0,1.08,1.00,1.10,28.95,17,17,0,0.22,0.20,0.30,28.66,17,17,0
742522,0.38,0.30,0.40,29.39,17,17,0,-0.03,-0.10,0.10,28.78,17,17,0,0.32,0.30,0.40,28.87,17,17,0,437.24,434.20,441.40,24.77,17,0,0,0.09,0.00,0.10,29.46,17,17,0,1.06,1.00,1.10,28.94,17,17,0,0.23,0.20,0.30,28.68,17,17,0
743024,0.38,0.30,0.40,29.37,17,17,0,-0.03,-0.10,0.10,28.77,17,17,0,0.34,0.30,0.40,28.87,17,17,0,434.72,429.30,441.30,24.77,17,0,0,0.10,0.10,0.10,29.46,17,17,0,1.08,1.00,1.10,28.94,17,17,0,0.20,0.20,0.20,28.67,17,17,0
743524,0.38,0.30,0.40,29.39,17,17,0,-0.02,-0.10,0.10,28.78,17,17,0,0.32,0.30,0.40,28.85,17,17,0,430.78,427.70,435.80,24.76,17,0,0,0.10,0.00,0.20,29.49,17,17,0,1.08,1.00,1.10,28.94,17,17,0,0.22,0.20,0.30,28.68,17,17,0
744024,0.34,0.30,0.40,29.39,17,17,0,-0.01,-0.10,0.10,28.79,17,17,0,0.34,0.30,0.40,28.88,17,17,0,430.41,427.50,434.30,24.76,17,0,0,0.11,0.10,0.20,29.48,17,17,0,1.08,1.00,1.10,28.93,17,17,0,0.22,0.20,0.30,28.65,17,17,0
744526,0.38,0.30,0.40,29.41,17,17,0,-0.02,-0.10,0.00,28.78,17,17,0,0.33,0.30,0.40,28.86,17,17,0,431.02,427.70,436.50,24.75,17,0,0,0.10,0.10,0.10,29.49,17,17,0,1.07,1.00,1.10,28.93,17,17,0,0.22,0.20,0.30,28.66,17,17,0
745028,0.38,0.30,0.40,29.40,17,17,0,-0.03,-0.10,0.00,28.77,17,17,0,0.31,0.30,0.40,28.87,17,17,0,431.61,427.70,435.00,24.75,17,0,0,0.10,0.00,0.20,29.48,17,17,0,1.06,1.00,1.10,28.94,17,17,0,0.24,0.20,0.30,28.67,17,17,0
745528,0.36,0.30,0.40,29.40,17,17,0,-0.03,-0.10,0.10,28.80,17,17,0,0.31,0.30,0.40,28.86,17,17,0,438.75,435.80,443.60,24.76,17,0,0,0.09,0.00,0.10,29.48,17,17,0,1.06,1.00,1.10,28.93,17,17,0,0.21,0.20,0.30,28.68,17,17,0
746028,0.37,0.30,0.40,29.40,17,17,0,-0.01,-0.10,0.00,28.77,17,17,0,0.32,0.30,0.40,28.86,17,17,0,439.32,436.70,443.30,24.74,17,0,0,0.09,0.00,0.10,29.48,17,17,0,1.08,1.00,1.10,28.95,17,17,0,0.22,0.20,0.30,28.69,17,17,0
746528,0.38,0.30,0.40,29.39,17,17,0,0.01,0.00,0.10,28.79,17,17,0,0.33,0.30,0.40,28.86,17,17,0,436.51,431.90,442.10,24.73,17,0,0,0.10,0.10,0.10,29.48,17,17,0,1.05,1.00,1.10,28.94,17,17,0,0.22,0.20,0.30,28.67,17,17,0
747032,0.37,0.30,0.40,29.39,17,17,0,-0.03,-0.10,0.10,28.78,17,17,0,0.34,0.30,0.40,28.86,17,17,0,432.76,430.60,436.70,24.73,17,0,0,0.10,0.10,0.10,29.48,17,17,0,1.06,1.00,1.10,28.94,17,17,0,0.22,0.20,0.30,28.67,17,17,0
747539,0.36,0.30,0.40,29.38,17,17,0,0.00,-0.10,0.10,28.78,17,17,0,0.33,0.30,0.40,28.86,17,17,0,431.45,426.90,436.00,24.74,17,0,0,0.11,0.10,0.20,29.48,17,17,0,1.07,1.00,1.10,28.93,17,17,0,0.23,0.20,0.30,28.67,17,17,0
748041,0.37,0.30,0.40,29.41,17,17,0,-0.01,-0.10,0.00,28.78,17,17,0,0.34,0.30,0.40,28.86,17,17,0,431.66,427.90,437.20,24.74,17,0,0,0.11,0.00,0.20,29.47,17,17,0,1.08,1.00,1.10,28.95,17,17,0,0.24,0.20,0.30,28.66,17,17,0
748541,0.35,0.30,0.40,29.40,17,17,0,-0.02,-0.10,0.10,28.78,17,17,0,0.32,0.30,0.40,28.85,17,17,0,432.79,428.00,436.30,24.73,17,0,0,0.10,0.10,0.10,29.48,17,17,0,1.08,1.00,1.10,28.94,17,17,0,0.23,0.20,0.30,28.67,17,17,0
749041,0.38,0.30,0.40,29.41,17,17,0,0.01,-0.10,0.10,28.78,17,17,0,0.33,0.30,0.40,28.87,17,17,0,439.85,436.70,444.20,24.74,17,0,0,0.09,0.00,0.10,29.47,17,17,0,1.08,1.00,1.10,28.94,17,17,0,0.24,0.20,0.30,28.68,17,17,0
749541,0.36,0.30,0.40,29.39,17,17,0,-0.02,-0.10,0.00,28.78,17,17,0,0.36,0.30,0.40,28.88,17,17,0,439.63,437.40,443.40,24.73,17,0,0,0.10,0.10,0.10,29.46,17,17,0,1.07,1.00,1.10,28.94,17,17,0,0.23,0.20,0.30,28.66,17,17,0
750041,0.36,0.30,0.40,29.39,16,16,0,0.01,-0.10,0.10,28.79,16,16,0,0.33,0.30,0.40,28.87,16,16,0,435.23,431.00,440.60,24.72,16,0,0,0.10,0.00,0.20,29.48,16,16,0,1.08,1.00,1.10,28.94,16,16,0,0.22,0.20,0.30,28.66,16,16,0
750551,0.36,0.30,0.40,29.38,17,17,0,-0.01,-0.10,0.10,28.79,17,17,0,0.32,0.30,0.40,28.87,17,17,0,430.36,427.20,435.30,24.73,17,0,0,0.10,0.10,0.10,29.48,17,17,0,1.09,1.00,1.10,28.94,17,17,0,0.23,0.20,0.30,28.67,17,17,0
751063,0.36,0.30,0.40,29.40,17,17,0,-0.01,-0.10,0.10,28.78,17,17,0,0.34,0.30,0.40,28.86,17,17,0,427.56,424.60,432.70,24.73,17,0,0,0.09,0.00,0.10,29.49,17,17,0,1.08,1.00,1.10,28.94,17,17,0,0.23,0.20,0.30,28.66,17,17,0
751563,0.36,0.30,0.40,29.40,17,17,0,0.01,-0.10,0.10,28.78,17,17,0,0.34,0.30,0.40,28.87,17,17,0,428.10,425.10,433.00,24.73,17,0,0,0.10,0.00,0.20,29.48,17,17,0,1.07,1.00,1.10,28.94,17,17,0,0.22,0.20,0.30,28.68,17,17,0
752063,0.35,0.30,0.40,29.40,17,17,0,-0.02,-0.10,0.00,28.78,17,17,0,0.33,0.30,0.40,28.85,17,17,0,431.66,428.20,436.60,24.73,17,0,0,0.12,0.10,0.20,29.48,17,17,0,1.08,1.00,1.10,28.92,17,17,0,0.22,0.20,0.30,28.69,17,17,0
752565,0.35,0.30,0.40,29.40,17,17,0,-0.02,-0.10,0.10,28.79,17,17,0,0.32,0.30,0.40,28.88,17,17,0,437.98,433.50,443.20,24.70,17,0,0,0.09,0.00,0.10,29.48,17,17,0,1.08,1.00,1.10,28.94,17,17,0,0.21,0.20,0.30,28.67,17,17,0
753073,0.38,0.30,0.40,29.38,17,17,0,0.01,-0.10,0.10,28.79,17,17,0,0.32,0.30,0.40,28.88,17,17,0,438.73,435.40,442.10,24.71,17,0,0,0.10,0.10,0.10,29.48,17,17,0,1.06,1.00,1.10,28.94,17,17,0,0.21,0.20,0.30,28.66,17,17,0
753585,0.38,0.30,0.40,29.39,17,17,0,-0.03,-0.10,0.00,28.79,17,17,0,0.33,0.30,0.40,28.86,17,17,0,432.62,427.60,438.60,24.71,17,0,0,0.11,0.10,0.20,29.49,17,17,0,1.06,1.00,1.10,28.94,17,17,0,0.22,0.20,0.30,28.68,17,17,0
754089,0.38,0.30,0.40,29.41,17,17,0,-0.02,-0.10,0.10,28.79,17,17,0,0.32,0.30,0.40,28.87,17,17,0,428.72,426.40,431.70,24.71,17,0,0,0.11,0.10,0.20,29.49,17,17,0,1.05,1.00,1.10,28.95,17,17,0,0.23,0.20,0.30,28.67,17,17,0
754589,0.36,0.30,0.40,29.40,17,17,0,-0.02,-0.10,0.10,28.78,17,17,0,0.32,0.30,0.40,28.84,17,17,0,424.82,421.00,428.80,24.72,17,0,0,0.09,0.00,0.10,29.47,17,17,0,1.08,1.00,1.10,28.94,17,17,0,0.21,0.20,0.30,28.67,17,17,0
755091,0.35,0.30,0.40,29.40,17,17,0,-0.03,-0.10,0.10,28.78,17,17,0,0.31,0.30,0.40,28.86,17,17,0,426.93,422.70,433.10,24.71,17,0,0,0.10,0.10,0.10,29.49,17,17,0,1.08,1.00,1.10,28.95,17,17,0,0.21,0.20,0.30,28.66,17,17,0
755591,0.36,0.30,0.40,29.40,17,17,0,0.01,-0.10,0.10,28.80,17,17,0,0.33,0.30,0.40,28.85,17,17,0,434.28,429.10,439.60,24.73,17,0,0,0.11,0.10,0.20,29.49,17,17,0,1.06,1.00,1.10,28.95,17,17,0,0.22,0.20,0.30,28.67,17,17,0
756091,0.34,0.30,0.40,29.40,16,16,0,-0.01,-0.10,0.10,28.79,16,16,0,0.33,0.30,0.40,28.86,16,16,0,444.59,441.50,448.80,24.69,16,0,0,0.11,0.10,0.20,29.49,16,16,0,1.07,1.00,1.10,28.94,16,16,0,0.23,0.20,0.30,28.67,16,16,0
756600,0.35,0.30,0.40,29.39,17,17,0,-0.01,-0.10,0.10,28.80,17,17,0,0.35,0.30,0.40,28.85,17,17,0,447.22,443.10,452.00,24.69,17,0,0,0.11,0.00,0.20,29.46,17,17,0,1.08,1.00,1.10,28.95,17,17,0,0.22,0.20,0.30,28.68,17,17,0
757110,0.38,0.30,0.40,29.39,17,17,0,-0.01,-0.10,0.00,28.78,17,17,0,0.33,0.30,0.40,28.85,17,17,0,440.05,434.40,444.50,24.70,17,0,0,0.11,0.10,0.20,29.46,17,17,0,1.07,1.00,1.10,28.94,17,17,0,0.22,0.20,0.30,28.69,17,17,0
757610,0.36,0.30,0.40,29.39,17,17,0,-0.01,-0.10,0.00,28.79,17,17,0,0.34,0.30,0.40,28.86,17,17,0,436.68,432.60,441.50,24.70,17,0,0,0.10,0.10,0.10,29.47,17,17,0,1.05,1.00,1.10,28.95,17,17,0,0.24,0.20,0.40,28.68,17,17,0
758110,0.36,0.30,0.40,29.38,17,17,0,-0.01,-0.10,0.10,28.77,17,17,0,0.32,0.30,0.40,28.87,17,17,0,435.06,431.30,440.50,24.69,17,0,0,0.11,0.10,0.20,29.47,17,17,0,1.08,1.00,1.10,28.94,17,17,0,0.22,0.20,0.30,28.68,17,17,0
758610,0.36,0.30,0.40,29.40,17,17,0,-0.01,-0.10,0.10,28.79,17,17,0,0.34,0.30,0.40,28.85,17,17,0,436.23,432.40,441.40,24.70,17,0,0,0.10,0.10,0.10,29.49,17,17,0,1.08,1.00,1.10,28.94,17,17,0,0.22,0.20,0.30,28.68,17,17,0
759110,0.36,0.30,0.40,29.38,17,17,0,-0.01,-0.10,0.10,28.79,17,17,0,0.34,0.30,0.40,28.85,17,17,0,441.85,436.30,446.90,24.69,17,0,0,0.09,0.00,0.10,29.48,17,17,0,1.08,1.00,1.10,28.95,17,17,0,0.24,0.20,0.30,28.68,17,17,0
759610,0.36,0.30,0.40,29.38,17,17,0,-0.01,-0.10,0.10,28.79,17,17,0,0.33,0.30,0.40,28.86,17,17,0,447.98,444.70,451.90,24.67,17,0,0,0.10,0.10,0.10,29.49,17,17,0,1.06,1.00,1.10,28.95,17,17,0,0.25,0.20,0.30,28.69,17,17,0
760113,0.37,0.30,0.40,29.39,17,17,0,0.01,-0.10,0.10,28.78,17,17,0,0.34,0.30,0.40,28.85,17,17,0,443.46,439.80,447.40,24.68,17,0,0,0.11,0.10,0.20,29.47,17,17,0,1.08,1.00,1.10,28.95,17,17,0,0.23,0.20,0.30,28.68,17,17,0
760625,0.35,0.30,0.40,29.39,17,17,0,-0.02,-0.10,0.10,28.77,17,17,0,0.34,0.30,0.40,28.88,17,17,0,437.91,432.40,444.10,24.69,17,0,0,0.10,0.10,0.10,29.48,17,17,0,1.08,1.00,1.10,28.95,17,17,0,0.23,0.20,0.30,28.68,17,17,0
761133,0.34,0.30,0.40,29.39,17,17,0,-0.02,-0.10,0.10,28.78,17,17,0,0.33,0.30,0.40,28.86,17,17,0,432.15,427.70,438.70,24.69,17,0,0,0.11,0.10,0.20,29.46,17,17,0,1.06,1.00,1.10,28.93,17,17,0,0.24,0.20,0.30,28.68,17,17,0
761640,0.38,0.30,0.40,29.38,17,17,0,-0.02,-0.10,0.00,28.79,17,17,0,0.32,0.30,0.40,28.86,17,17,0,430.26,427.60,436.50,24.67,17,0,0,0.10,0.00,0.20,29.48,17,17,0,1.07,1.00,1.10,28.96,17,17,0,0.23,0.20,0.30,28.69,17,17,0
762143,0.36,0.30,0.40,29.39,17,17,0,0.01,-0.10,0.10,28.80,17,17,0,0.34,0.30,0.40,28.86,17,17,0,431.88,426.60,439.80,24.69,17,0,0,0.11,0.10,0.20,29.47,17,17,0,1.09,1.00,1.10,28.94,17,17,0,0.22,0.20,0.30,28.67,17,17,0
762646,0.36,0.30,0.40,29.39,17,17,0,-0.02,-0.10,0.10,28.78,17,17,0,0.35,0.30,0.40,28.86,17,17,0,433.28,430.70,438.90,24.68,17,0,0,0.11,0.10,0.20,29.47,17,17,0,1.05,1.00,1.10,28.96,17,17,0,0.21,0.20,0.30,28.70,17,17,0
763146,0.36,0.30,0.40,29.39,17,17,0,-0.02,-0.10,0.00,28.78,17,17,0,0.35,0.30,0.40,28.85,17,17,0,437.98,433.60,442.20,24.68,17,0,0,0.09,0.00,0.10,29.49,17,17,0,1.08,1.00,1.10,28.96,17,17,0,0.21,0.20,0.30,28.69,17,17,0
763657,0.34,0.30,0.40,29.38,17,17,0,0.00,-0.10,0.10,28.78,17,17,0,0.33,0.30,0.40,28.85,17,17,0,434.17,431.00,439.30,24.68,17,0,0,0.11,0.10,0.20,29.47,17,17,0,1.07,1.00,1.10,28.94,17,17,0,0.21,0.20,0.30,28.68,17,17,0
764169,0.36,0.30,0.40,29.37,17,17,0,-0.03,-0.10,0.00,28.79,17,17,0,0.34,0.30,0.40,28.86,17,17,0,426.90,423.50,434.30,24.68,17,0,0,0.11,0.10,0.20,29.48,17,17,0,1.06,1.00,1.10,28.95,17,17,0,0.21,0.20,0.30,28.68,17,17,0
764678,0.38,0.30,0.40,29.39,17,17,0,-0.04,-0.10,0.00,28.79,17,17,0,0.32,0.30,0.40,28.86,17,17,0,422.03,419.10,425.30,24.69,17,0,0,0.09,0.00,0.10,29.49,17,17,0,1.07,1.00,1.10,28.95,17,17,0,0.22,0.20,0.30,28.69,17,17,0
765180,0.38,0.30,0.40,29.41,17,17,0,-0.01,-0.10,0.10,28.79,17,17,0,0.34,0.30,0.40,28.86,17,17,0,419.68,415.60,423.80,24.68,17,0,0,0.09,0.00,0.10,29.47,17,17,0,1.08,1.00,1.10,28.95,17,17,0,0.21,0.20,0.30,28.69,17,17,0
765680,0.38,0.30,0.40,29.40,17,17,0,-0.02,-0.10,0.10,28.78,17,17,0,0.32,0.30,0.40,28.87,17,17,0,419.39,416.60,425.70,24.67,17,0,0,0.10,0.10,0.10,29.48,17,17,0,1.08,1.00,1.10,28.96,17,17,0,0.22,0.20,0.30,28.68,17,17,0
766180,0.35,0.30,0.40,29.40,17,17,0,0.00,-0.10,0.10,28.76,17,17,0,0.31,0.30,0.40,28.85,17,17,0,421.15,415.60,426.00,24.68,17,0,0,0.11,0.10,0.20,29.47,17,17,0,1.06,1.00,1.10,28.95,17,17,0,0.21,0.20,0.30,28.67,17,17,0
766686,0.36,0.30,0.40,29.39,17,17,0,-0.01,-0.10,0.00,28.79,17,17,0,0.34,0.30,0.40,28.85,17,17,0,424.72,421.10,428.70,24.68,17,0,0,0.11,0.10,0.20,29.46,17,17,0,1.06,1.00,1.10,28.94,17,17,0,0.22,0.20,0.30,28.68,17,17,0
767194,0.37,0.30,0.40,29.39,17,17,0,0.00,-0.10,0.10,28.78,17,17,0,0.34,0.30,0.40,28.87,17,17,0,422.90,419.00,427.70,24.68,17,0,0,0.10,0.10,0.10,29.47,17,17,0,1.09,1.00,1.10,28.95,17,17,0,0.22,0.20,0.30,28.69,17,17,0
767700,0.36,0.30,0.40,29.40,17,17,0,-0.01,-0.10,0.10,28.79,17,17,0,0.34,0.30,0.40,28.86,17,17,0,417.74,413.50,422.30,24.70,17,0,0,0.10,0.10,0.10,29.48,17,17,0,1.08,1.00,1.10,28.93,17,17,0,0.21,0.20,0.30,28.69,17,17,0
768200,0.35,0.30,0.40,29.39,17,17,0,0.00,-0.10,0.10,28.79,17,17,0,0.33,0.30,0.40,28.86,17,17,0,413.59,408.90,419.40,24.68,17,0,0,0.11,0.10,0.20,29.49,17,17,0,1.08,1.00,1.10,28.95,17,17,0,0.25,0.20,0.30,28.69,17,17,0
768703,0.36,0.30,0.40,29.39,17,17,0,0.00,-0.10,0.10,28.79,17,17,0,0.33,0.30,0.40,28.88,17,17,0,411.65,408.60,415.80,24.68,17,0,0,0.10,0.10,0.10,29.47,17,17,0,1.08,1.00,1.10,28.95,17,17,0,0.22,0.20,0.30,28.68,17,17,0
769207,0.37,0.30,0.40,29.41,17,17,0,-0.01,-0.10,0.10,28.79,17,17,0,0.34,0.30,0.40,28.86,17,17,0,411.31,406.10,416.40,24.70,17,0,0,0.09,0.00,0.10,29.49,17,17,0,1.07,1.00,1.10,28.94,17,17,0,0.21,0.20,0.30,28.67,17,17,0
769710,0.38,0.30,0.40,29.37,17,17,0,-0.03,-0.10,0.00,28.79,17,17,0,0.32,0.30,0.40,28.86,17,17,0,412.12,407.10,417.40,24.68,17,0,0,0.10,0.00,0.20,29.48,17,17,0,1.08,1.00,1.10,28.96,17,17,0,0.22,0.20,0.30,28.69,17,17,0
770210,0.35,0.30,0.40,29.40,17,17,0,-0.02,-0.10,0.10,28.78,17,17,0,0.35,0.30,0.40,28.86,17,17,0,417.15,414.30,421.50,24.68,17,0,0,0.11,0.10,0.20,29.48,17,17,0,1.09,1.00,1.10,28.97,17,17,0,0.21,0.20,0.30,28.66,17,17,0
770710,0.34,0.30,0.40,29.39,17,17,0,0.00,-0.10,0.10,28.78,17,17,0,0.32,0.30,0.40,28.86,17,17,0,414.58,411.90,418.70,24.69,17,0,0,0.09,0.00,0.10,29.47,17,17,0,1.07,1.00,1.10,28.95,17,17,0,0.24,0.20,0.30,28.69,17,17,0
771222,0.35,0.30,0.40,29.38,17,17,0,-0.01,-0.10,0.10,28.79,17,17,0,0.32,0.30,0.40,28.86,17,17,0,409.59,405.00,414.10,24.70,17,0,0,0.11,0.10,0.20,29.47,17,17,0,1.08,1.00,1.10,28.96,17,17,0,0.25,0.20,0.30,28.68,17,17,0
771731,0.37,0.30,0.40,29.37,17,17,0,0.00,-0.10,0.10,28.80,17,17,0,0.32,0.30,0.40,28.86,17,17,0,404.96,402.80,407.30,24.69,17,0,0,0.09,0.00,0.10,29.48,17,17,0,1.08,1.00,1.10,28.94,17,17,0,0.24,0.20,0.30,28.70,17,17,0
772234,0.37,0.30,0.40,29.40,17,17,0,-0.02,-0.10,0.10,28.79,17,17,0,0.32,0.30,0.40,28.87,17,17,0,402.53,400.20,405.80,24.69,17,0,0,0.09,0.00,0.10,29.47,17,17,0,1.06,1.00,1.10,28.94,17,17,0,0.21,0.20,0.30,28.68,17,17,0
772741,0.37,0.30,0.40,29.39,17,17,0,0.00,-0.10,0.10,28.77,17,17,0,0.33,0.30,0.40,28.86,17,17,0,403.24,399.60,407.20,24.69,17,0,0,0.09,0.00,0.10,29.47,17,17,0,1.08,1.00,1.10,28.94,17,17,0,0.23,0.20,0.30,28.69,17,17,0
773249,0.36,0.30,0.40,29.39,17,17,0,-0.02,-0.10,0.10,28.78,17,17,0,0.34,0.30,0.40,28.85,17,17,0,406.00,400.80,410.50,24.69,17,0,0,0.10,0.10,0.10,29.49,17,17,0,1.08,1.00,1.10,28.95,17,17,0,0.23,0.20,0.30,28.67,17,17,0
773757,0.38,0.30,0.40,29.40,17,17,0,-0.01,-0.10,0.10,28.80,17,17,0,0.32,0.30,0.40,28.86,17,17,0,411.66,408.00,415.80,24.69,17,0,0,0.10,0.10,0.10,29.49,17,17,0,1.08,1.00,1.10,28.94,17,17,0,0.23,0.20,0.30,28.69,17,17,0
774257,0.38,0.30,0.40,29.39,17,17,0,0.01,-0.10,0.10,28.80,17,17,0,0.32,0.30,0.40,28.86,17,17,0,410.24,407.30,412.90,24.68,17,0,0,0.10,0.10,0.10,29.48,17,17,0,1.09,1.00,1.10,28.95,17,17,0,0.22,0.20,0.30,28.70,17,17,0
774757,0.36,0.30,0.40,29.40,16,16,0,0.01,-0.10,0.10,28.80,16,16,0,0.35,0.30,0.40,28.86,16,16,0,406.11,401.40,411.30,24.69,16,0,0,0.09,0.00,0.10,29.49,16,16,0,1.08,1.00,1.10,28.95,16,16,0,0.23,0.20,0.30,28.69,16,16,0
775265,0.38,0.30,0.40,29.39,17,17,0,-0.01,-0.10,0.10,28.78,17,17,0,0.33,0.30,0.40,28.86,17,17,0,402.52,398.60,406.20,24.70,17,0,0,0.11,0.10,0.20,29.48,17,17,0,1.05,1.00,1.10,28.94,17,17,0,0.22,0.20,0.30,28.68,17,17,0
775775,0.35,0.30,0.40,29.38,17,17,0,-0.02,-0.10,0.10,28.77,17,17,0,0.32,0.30,0.40,28.86,17,17,0,400.87,397.40,404.90,24.69,17,0,0,0.10,0.10,0.10,29.48,17,17,0,1.09,1.00,1.10,28.96,17,17,0,0.22,0.20,0.30,28.69,17,17,0
776278,0.36,0.30,0.40,29.40,17,17,0,-0.01,-0.10,0.10,28.78,17,17,0,0.31,0.30,0.40,28.85,17,17,0,402.98,399.20,410.10,24.70,17,0,0,0.10,0.10,0.10,29.48,17,17,0,1.09,1.00,1.10,28.95,17,17,0,0.24,0.20,0.30,28.70,17,17,0
776784,0.34,0.30,0.40,29.39,17,17,0,0.00,-0.10,0.10,28.79,17,17,0,0.32,0.30,0.40,28.87,17,17,0,407.60,401.80,412.90,24.69,17,0,0,0.09,0.00,0.10,29.48,17,17,0,1.08,1.00,1.10,28.93,17,17,0,0.22,0.20,0.30,28.70,17,17,0
777297,0.36,0.30,0.40,29.40,17,17,0,0.01,-0.10,0.10,28.79,17,17,0,0.33,0.30,0.40,28.85,17,17,0,413.92,410.80,419.00,24.67,17,0,0,0.10,0.10,0.10,29.47,17,17,0,1.08,1.00,1.10,28.94,17,17,0,0.22,0.20,0.30,28.70,17,17,0
777799,0.34,0.30,0.40,29.40,17,17,0,-0.02,-0.10,0.00,28.81,17,17,0,0.32,0.30,0.40,28.86,17,17,0,415.05,409.50,419.90,24.69,17,0,0,0.11,0.10,0.20,29.48,17,17,0,1.06,1.00,1.10,28.94,17,17,0,0.24,0.20,0.30,28.70,17,17,0
778312,0.38,0.30,0.40,29.41,17,17,0,-0.01,-0.10,0.10,28.80,17,17,0,0.34,0.30,0.40,28.85,17,17,0,408.31,402.50,413.40,24.68,17,0,0,0.09,0.00,0.10,29.49,17,17,0,1.07,1.00,1.10,28.95,17,17,0,0.21,0.20,0.30,28.70,17,17,0
778815,0.37,0.30,0.40,29.40,17,17,0,-0.02,-0.10,0.00,28.80,17,17,0,0.33,0.30,0.40,28.85,17,17,0,403.71,399.40,408.10,24.68,17,0,0,0.10,0.10,0.10,29.48,17,17,0,1.07,1.00,1.10,28.95,17,17,0,0.24,0.20,0.30,28.69,17,17,0
779316,0.38,0.30,0.40,29.39,17,17,0,-0.03,-0.10,0.00,28.78,17,17,0,0.31,0.30,0.40,28.86,17,17,0,401.14,398.30,404.90,24.67,17,0,0,0.09,0.00,0.20,29.49,17,17,0,1.09,1.00,1.10,28.95,17,17,0,0.25,0.20,0.30,28.69,17,17,0
779816,0.34,0.30,0.40,29.40,17,17,0,-0.01,-0.10,0.10,28.79,17,17,0,0.30,0.30,0.30,28.85,17,17,0,401.19,397.90,405.50,24.68,17,0,0,0.09,0.00,0.10,29.49,17,17,0,1.05,1.00,1.10,28.94,17,17,0,0.23,0.20,0.30,28.69,17,17,0
780319,0.37,0.30,0.40,29.39,17,17,0,-0.00,-0.10,0.10,28.79,17,17,0,0.30,0.30,0.30,28.87,17,17,0,403.19,399.80,408.00,24.69,17,0,0,0.10,0.10,0.10,29.47,17,17,0,1.07,1.00,1.10,28.95,17,17,0,0.25,0.20,0.30,28.71,17,17,0
780827,0.34,0.30,0.40,29.40,17,17,0,-0.01,-0.10,0.10,28.78,17,17,0,0.31,0.30,0.40,28.84,17,17,0,407.42,404.30,411.30,24.69,17,0,0,0.11,0.10,0.20,29.49,17,17,0,1.09,1.00,1.10,28.95,17,17,0,0.22,0.20,0.30,28.70,17,17,0
781340,0.35,0.30,0.40,29.41,17,17,0,-0.02,-0.10,0.00,28.80,17,17,0,0.31,0.30,0.40,28.84,17,17,0,407.75,403.80,412.70,24.69,17,0,0,0.09,0.00,0.10,29.48,17,17,0,1.07,1.00,1.10,28.95,17,17,0,0.24,0.20,0.30,28.70,17,17,0
781840,0.35,0.30,0.40,29.38,17,17,0,-0.02,-0.10,0.10,28.80,17,17,0,0.31,0.30,0.40,28.86,17,17,0,399.90,396.00,405.30,24.69,17,0,0,0.09,0.00,0.10,29.50,17,17,0,1.08,1.00,1.10,28.95,17,17,0,0.24,0.20,0.30,28.71,17,17,0
782340,0.35,0.30,0.40,29.41,17,17,0,-0.04,-0.10,0.10,28.79,17,17,0,0.34,0.30,0.40,28.84,17,17,0,393.15,391.20,395.90,24.69,17,0,0,0.09,0.00,0.10,29.48,17,17,0,1.06,1.00,1.10,28.94,17,17,0,0.23,0.20,0.30,28.69,17,17,0
782840,0.35,0.30,0.40,29.40,17,17,0,0.00,-0.10,0.10,28.78,17,17,0,0.31,0.30,0.40,28.87,17,17,0,390.15,385.90,393.70,24.70,17,0,0,0.10,0.10,0.10,29.50,17,17,0,1.08,1.00,1.10,28.97,17,17,0,0.24,0.20,0.30,28.69,17,17,0
783340,0.36,0.30,0.40,29.40,16,16,0,-0.02,-0.10,0.00,28.78,16,16,0,0.33,0.30,0.40,28.86,16,16,0,392.27,388.60,395.90,24.71,16,0,0,0.11,0.10,0.20,29.48,16,16,0,1.08,1.00,1.10,28.96,16,16,0,0.24,0.20,0.30,28.69,16,16,0
783851,0.33,0.30,0.40,29.40,17,17,0,0.00,-0.10,0.10,28.80,17,17,0,0.32,0.30,0.40,28.85,17,17,0,397.75,394.00,401.60,24.68,17,0,0,0.10,0.10,0.10,29.49,17,17,0,1.06,1.00,1.10,28.97,17,17,0,0.22,0.20,0.30,28.71,17,17,0
784363,0.36,0.30,0.40,29.40,17,17,0,0.00,-0.10,0.10,28.78,17,17,0,0.34,0.30,0.40,28.87,17,17,0,401.06,398.40,403.90,24.68,17,0,0,0.10,0.10,0.10,29.48,17,17,0,1.09,1.00,1.10,28.95,17,17,0,0.24,0.20,0.30,28.69,17,17,0
784865,0.35,0.30,0.40,29.40,17,17,0,-0.02,-0.10,0.00,28.78,17,17,0,0.32,0.30,0.40,28.86,17,17,0,398.40,394.50,402.80,24.70,17,0,0,0.10,0.10,0.10,29.50,17,17,0,1.08,1.00,1.10,28.96,17,17,0,0.21,0.20,0.30,28.69,17,17,0
785377,0.35,0.30,0.40,29.40,17,17,0,-0.01,-0.10,0.10,28.82,17,17,0,0.32,0.30,0.40,28.86,17,17,0,390.93,386.70,397.30,24.68,17,0,0,0.11,0.10,0.20,29.49,17,17,0,1.08,1.00,1.10,28.97,17,17,0,0.23,0.20,0.30,28.70,17,17,0
785880,0.34,0.30,0.40,29.40,17,17,0,0.00,-0.10,0.10,28.79,17,17,0,0.31,0.30,0.40,28.85,17,17,0,384.19,380.80,387.40,24.69,17,0,0,0.10,0.10,0.10,29.49,17,17,0,1.08,1.00,1.10,28.96,17,17,0,0.23,0.20,0.30,28.68,17,17,0
786383,0.35,0.30,0.40,29.40,17,17,0,-0.01,-0.10,0.10,28.80,17,17,0,0.33,0.30,0.40,28.88,17,17,0,381.87,378.50,387.90,24.70,17,0,0,0.10,0.10,0.10,29.49,17,17,0,1.07,1.00,1.10,28.96,17,17,0,0.24,0.20,0.30,28.70,17,17,0
786889,0.36,0.30,0.40,29.41,17,17,0,-0.01,-0.10,0.10,28.78,17,17,0,0.31,0.30,0.40,28.88,17,17,0,388.35,382.90,394.80,24.72,17,0,0,0.11,0.10,0.20,29.48,17,17,0,1.08,1.00,1.10,28.96,17,17,0,0.24,0.20,0.30,28.71,17,17,0
787397,0.36,0.30,0.40,29.40,17,17,0,-0.01,-0.10,0.10,28.79,17,17,0,0.32,0.30,0.40,28.86,17,17,0,398.16,392.40,402.10,24.69,17,0,0,0.11,0.00,0.20,29.49,17,17,0,1.07,1.00,1.10,28.96,17,17,0,0.24,0.20,0.30,28.70,17,17,0
787898,0.35,0.30,0.40,29.40,17,17,0,-0.02,-0.10,0.00,28.79,17,17,0,0.32,0.30,0.40,28.85,17,17,0,405.29,402.40,412.00,24.71,17,0,0,0.09,0.00,0.10,29.50,17,17,0,1.08,1.00,1.10,28.96,17,17,0,0.22,0.20,0.30,28.69,17,17,0
788398,0.35,0.30,0.40,29.42,17,17,0,-0.02,-0.10,0.00,28.79,17,17,0,0.33,0.30,0.40,28.85,17,17,0,408.46,405.50,412.10,24.69,17,0,0,0.10,0.10,0.10,29.49,17,17,0,1.07,1.00,1.10,28.96,17,17,0,0.25,0.20,0.30,28.70,17,17,0
788901,0.35,0.30,0.40,29.39,17,17,0,-0.02,-0.10,0.10,28.79,17,17,0,0.33,0.30,0.40,28.85,17,17,0,406.24,403.00,413.30,24.69,17,0,0,0.11,0.10,0.20,29.49,17,17,0,1.06,1.00,1.10,28.95,17,17,0,0.25,0.20,0.30,28.70,17,17,0
789413,0.36,0.30,0.40,29.39,17,17,0,-0.01,-0.10,0.10,28.80,17,17,0,0.34,0.30,0.40,28.87,17,17,0,399.76,397.50,403.30,24.69,17,0,0,0.10,0.10,0.10,29.49,17,17,0,1.10,1.10,1.10,28.95,17,17,0,0.24,0.20,0.30,28.70,17,17,0
789913,0.35,0.30,0.40,29.41,17,17,0,-0.02,-0.10,0.10,28.79,17,17,0,0.32,0.30,0.40,28.86,17,17,0,395.42,391.30,399.60,24.70,17,0,0,0.10,0.00,0.20,29.49,17,17,0,1.08,1.00,1.10,28.95,17,17,0,0.26,0.20,0.30,28.70,17,17,0
790419,0.36,0.30,0.40,29.40,17,17,0,-0.01,-0.10,0.10,28.81,17,17,0,0.35,0.30,0.40,28.85,17,17,0,397.63,393.80,402.20,24.71,17,0,0,0.11,0.10,0.20,29.49,17,17,0,1.08,1.00,1.10,28.95,17,17,0,0.22,0.20,0.30,28.71,17,17,0
790920,0.37,0.30,0.40,29.40,17,17,0,-0.02,-0.10,0.10,28.81,17,17,0,0.33,0.30,0.40,28.87,17,17,0,404.23,399.10,407.70,24.70,17,0,0,0.11,0.10,0.20,29.49,17,17,0,1.07,1.00,1.10,28.97,17,17,0,0.23,0.20,0.30,28.70,17,17,0
791425,0.36,0.30,0.40,29.41,17,17,0,0.00,-0.10,0.10,28.80,17,17,0,0.33,0.30,0.40,28.86,17,17,0,409.96,406.40,413.80,24.67,17,0,0,0.11,0.10,0.20,29.49,17,17,0,1.07,1.00,1.10,28.96,17,17,0,0.24,0.20,0.30,28.72,17,17,0
791928,0.39,0.30,0.40,29.41,17,17,0,-0.02,-0.10,0.10,28.78,17,17,0,0.33,0.30,0.40,28.84,17,17,0,410.82,407.40,416.10,24.69,17,0,0,0.10,0.10,0.10,29.49,17,17,0,1.07,1.00,1.10,28.96,17,17,0,0.22,0.20,0.30,28.70,17,17,0
792431,0.36,0.30,0.40,29.39,17,17,0,-0.02,-0.10,0.10,28.77,17,17,0,0.33,0.30,0.40,28.86,17,17,0,406.07,402.90,411.90,24.68,17,0,0,0.11,0.10,0.20,29.49,17,17,0,1.06,1.00,1.10,28.94,17,17,0,0.21,0.20,0.30,28.71,17,17,0
792931,0.35,0.30,0.40,29.39,17,17,0,0.02,0.00,0.10,28.80,17,17,0,0.31,0.30,0.40,28.88,17,17,0,401.18,398.30,404.10,24.69,17,0,0,0.10,0.10,0.10,29.48,17,17,0,1.05,1.00,1.10,28.95,17,17,0,0.22,0.20,0.30,28.69,17,17,0
793439,0.36,0.30,0.40,29.41,17,17,0,-0.01,-0.10,0.10,28.80,17,17,0,0.34,0.30,0.40,28.86,17,17,0,399.01,396.00,402.90,24.68,17,0,0,0.10,0.00,0.20,29.50,17,17,0,1.09,1.00,1.10,28.96,17,17,0,0.22,0.20,0.30,28.72,17,17,0
793939,0.38,0.30,0.40,29.40,16,16,0,0.01,-0.10,0.10,28.80,16,16,0,0.32,0.30,0.40,28.86,16,16,0,402.27,398.80,406.30,24.68,16,0,0,0.09,0.00,0.10,29.49,16,16,0,1.09,1.00,1.10,28.95,16,16,0,0.21,0.20,0.30,28.69,16,16,0
794442,0.36,0.30,0.40,29.39,17,17,0,0.01,-0.10,0.10,28.78,17,17,0,0.31,0.30,0.40,28.84,17,17,0,408.69,404.10,412.10,24.68,17,0,0,0.10,0.10,0.10,29.49,17,17,0,1.07,1.00,1.10,28.96,17,17,0,0.24,0.20,0.30,28.69,17,17,0
794942,0.34,0.30,0.40,29.40,17,17,0,-0.02,-0.10,0.10,28.79,17,17,0,0.32,0.30,0.40,28.85,17,17,0,414.58,411.70,417.90,24.69,17,0,0,0.09,0.00,0.20,29.49,17,17,0,1.06,1.00,1.10,28.97,17,17,0,0.24,0.20,0.30,28.70,17,17,0
795442,0.37,0.30,0.40,29.40,17,17,0,-0.02,-0.10,0.10,28.82,17,17,0,0.34,0.30,0.40,28.86,17,17,0,416.46,411.90,420.60,24.66,17,0,0,0.10,0.10,0.10,29.50,17,17,0,1.06,1.00,1.10,28.98,17,17,0,0.23,0.20,0.30,28.69,17,17,0
795942,0.38,0.30,0.40,29.41,16,16,0,-0.03,-0.10,0.10,28.79,16,16,0,0.31,0.30,0.40,28.84,16,16,0,412.05,406.50,417.70,24.67,16,0,0,0.10,0.10,0.10,29.50,16,16,0,1.08,1.00,1.10,28.96,16,16,0,0.24,0.20,0.30,28.71,16,16,0
796442,0.36,0.30,0.40,29.41,17,17,0,-0.01,-0.10,0.10,28.80,17,17,0,0.31,0.30,0.40,28.86,17,17,0,407.09,404.40,410.90,24.68,17,0,0,0.10,0.10,0.10,29.49,17,17,0,1.08,1.00,1.10,28.95,17,17,0,0.24,0.20,0.30,28.69,17,17,0
796942,0.36,0.30,0.40,29.40,17,17,0,-0.02,-0.10,0.10,28.79,17,17,0,0.32,0.30,0.40,28.85,17,17,0,404.78,402.40,410.30,24.68,17,0,0,0.11,0.10,0.20,29.50,17,17,0,1.07,1.00,1.10,28.96,17,17,0,0.22,0.20,0.30,28.71,17,17,0
797442,0.35,0.30,0.40,29.39,17,17,0,-0.01,-0.10,0.10,28.80,17,17,0,0.32,0.30,0.40,28.86,17,17,0,406.92,404.00,412.30,24.68,17,0,0,0.10,0.10,0.10,29.48,17,17,0,1.09,1.00,1.10,28.96,17,17,0,0.22,0.20,0.30,28.71,17,17,0
797942,0.36,0.30,0.40,29.40,17,17,0,0.00,-0.10,0.10,28.80,17,17,0,0.33,0.30,0.40,28.86,17,17,0,411.62,406.00,415.90,24.68,17,0,0,0.11,0.10,0.20,29.49,17,17,0,1.10,1.10,1.10,28.97,17,17,0,0.22,0.20,0.30,28.71,17,17,0
798448,0.36,0.30,0.40,29.40,17,17,0,-0.01,-0.10,0.00,28.80,17,17,0,0.34,0.30,0.40,28.85,17,17,0,420.13,417.20,425.60,24.67,17,0,0,0.10,0.10,0.10,29.49,17,17,0,1.06,1.00,1.10,28.95,17,17,0,0.22,0.20,0.30,28.70,17,17,0
798951,0.35,0.30,0.40,29.40,17,17,0,0.00,-0.10,0.10,28.80,17,17,0,0.32,0.30,0.40,28.87,17,17,0,423.15,420.00,426.40,24.67,17,0,0,0.09,0.00,0.10,29.49,17,17,0,1.08,1.00,1.10,28.96,17,17,0,0.24,0.20,0.30,28.69,17,17,0
799454,0.38,0.30,0.40,29.40,17,17,0,-0.02,-0.10,0.10,28.81,17,17,0,0.33,0.30,0.40,28.86,17,17,0,420.65,416.80,425.70,24.69,17,0,0,0.11,0.10,0.20,29.47,17,17,0,1.07,1.00,1.10,28.97,17,17,0,0.24,0.20,0.30,28.71,17,17,0
799961,0.35,0.30,0.40,29.41,17,17,0,-0.03,-0.10,0.00,28.81,17,17,0,0.33,0.30,0.40,28.86,17,17,0,416.76,413.50,420.00,24.68,17,0,0,0.10,0.10,0.10,29.49,17,17,0,1.09,1.00,1.10,28.97,17,17,0,0.22,0.20,0.30,28.70,17,17,0
800461,0.38,0.30,0.40,29.41,17,17,0,0.00,-0.10,0.10,28.80,17,17,0,0.34,0.30,0.40,28.85,17,17,0,415.45,413.10,418.60,24.66,17,0,0,0.10,0.10,0.10,29.48,17,17,0,1.05,1.00,1.10,28.98,17,17,0,0.23,0.20,0.30,28.71,17,17,0
800963,0.36,0.30,0.40,29.39,17,17,0,-0.02,-0.10,0.10,28.79,17,17,0,0.34,0.30,0.40,28.87,17,17,0,417.43,414.60,421.70,24.67,17,0,0,0.10,0.10,0.10,29.50,17,17,0,1.08,1.00,1.10,28.96,17,17,0,0.24,0.20,0.30,28.71,17,17,0
801465,0.36,0.30,0.40,29.39,17,17,0,0.01,0.00,0.10,28.79,17,17,0,0.32,0.30,0.40,28.86,17,17,0,420.75,415.90,423.90,24.66,17,0,0,0.10,0.10,0.10,29.50,17,17,0,1.07,1.00,1.10,28.96,17,17,0,0.22,0.20,0.30,28.71,17,17,0
801972,0.36,0.30,0.40,29.39,17,17,0,-0.01,-0.10,0.00,28.81,17,17,0,0.33,0.30,0.40,28.87,17,17,0,426.41,424.00,429.40,24.66,17,0,0,0.10,0.10,0.10,29.49,17,17,0,1.06,1.00,1.10,28.97,17,17,0,0.24,0.20,0.30,28.70,17,17,0
802475,0.36,0.30,0.40,29.40,17,17,0,0.00,-0.10,0.10,28.80,17,17,0,0.33,0.30,0.40,28.85,17,17,0,425.89,423.20,429.00,24.65,17,0,0,0.09,0.00,0.10,29.47,17,17,0,1.06,1.00,1.10,28.96,17,17,0,0.24,0.20,0.30,28.70,17,17,0
802978,0.34,0.30,0.40,29.40,17,17,0,-0.01,-0.10,0.10,28.81,17,17,0,0.34,0.30,0.40,28.87,17,17,0,420.11,415.60,426.00,24.67,17,0,0,0.10,0.00,0.20,29.50,17,17,0,1.08,1.00,1.10,28.97,17,17,0,0.22,0.20,0.30,28.70,17,17,0
803478,0.36,0.30,0.40,29.39,16,16,0,-0.02,-0.10,0.00,28.80,16,16,0,0.34,0.30,0.40,28.86,16,16,0,416.18,413.80,420.90,24.66,16,0,0,0.10,0.10,0.10,29.49,16,16,0,1.06,1.00,1.10,28.99,16,16,0,0.23,0.20,0.30,28.71,16,16,0
803982,0.35,0.30,0.40,29.39,17,17,0,-0.01,-0.10,0.10,28.80,17,17,0,0.33,0.30,0.40,28.87,17,17,0,414.40,411.40,417.70,24.66,17,0,0,0.11,0.10,0.20,29.50,17,17,0,1.08,1.00,1.10,28.97,17,17,0,0.24,0.20,0.30,28.72,17,17,0
804487,0.35,0.30,0.40,29.41,17,17,0,-0.02,-0.10,0.10,28.80,17,17,0,0.33,0.30,0.40,28.87,17,17,0,414.61,411.10,418.90,24.66,17,0,0,0.11,0.10,0.20,29.50,17,17,0,1.08,1.00,1.10,28.97,17,17,0,0.23,0.20,0.30,28.71,17,17,0
804989,0.35,0.30,0.40,29.40,17,17,0,-0.03,-0.10,0.10,28.81,17,17,0,0.33,0.30,0.40,28.86,17,17,0,416.38,412.50,420.90,24.66,17,0,0,0.10,0.10,0.10,29.50,17,17,0,1.08,1.00,1.10,28.96,17,17,0,0.25,0.20,0.30,28.70,17,17,0
805501,0.36,0.30,0.40,29.40,17,17,0,-0.02,-0.10,0.10,28.81,17,17,0,0.31,0.30,0.40,28.87,17,17,0,422.38,420.00,425.50,24.67,17,0,0,0.09,0.00,0.10,29.50,17,17,0,1.04,1.00,1.10,28.97,17,17,0,0.24,0.20,0.30,28.72,17,17,0
806001,0.36,0.30,0.40,29.40,16,16,0,-0.02,-0.10,0.10,28.80,16,16,0,0.31,0.30,0.40,28.87,16,16,0,421.84,418.60,426.60,24.68,16,0,0,0.10,0.10,0.10,29.48,16,16,0,1.08,1.00,1.10,28.98,16,16,0,0.23,0.20,0.30,28.72,16,16,0
806503,0.35,0.30,0.40,29.38,17,17,0,-0.01,-0.10,0.10,28.79,17,17,0,0.34,0.30,0.40,28.86,17,17,0,420.53,416.50,423.80,24.66,17,0,0,0.09,0.00,0.10,29.49,17,17,0,1.08,1.00,1.10,28.95,17,17,0,0.24,0.20,0.30,28.72,17,17,0
807009,0.35,0.30,0.40,29.40,17,17,0,0.01,-0.10,0.10,28.81,17,17,0,0.32,0.30,0.40,28.88,17,17,0,418.21,415.40,420.90,24.66,17,0,0,0.09,0.00,0.10,29.50,17,17,0,1.06,1.00,1.10,28.98,17,17,0,0.25,0.20,0.30,28.72,17,17,0
807517,0.36,0.30,0.40,29.40,17,17,0,-0.02,-0.10,0.00,28.80,17,17,0,0.32,0.30,0.40,28.86,17,17,0,417.57,415.00,421.60,24.69,17,0,0,0.09,0.00,0.20,29.49,17,17,0,1.09,1.00,1.10,28.96,17,17,0,0.23,0.20,0.30,28.71,17,17,0
808029,0.35,0.30,0.40,29.38,17,17,0,-0.01,-0.10,0.10,28.80,17,17,0,0.34,0.30,0.40,28.88,17,17,0,419.23,415.90,424.20,24.69,17,0,0,0.10,0.10,0.10,29.50,17,17,0,1.08,1.00,1.10,28.97,17,17,0,0.25,0.20,0.30,28.71,17,17,0
808532,0.35,0.30,0.40,29.41,17,17,0,0.01,-0.10,0.10,28.79,17,17,0,0.33,0.30,0.40,28.86,17,17,0,420.05,417.30,426.00,24.67,17,0,0,0.09,0.00,0.10,29.50,17,17,0,1.09,1.00,1.10,28.97,17,17,0,0.22,0.20,0.30,28.72,17,17,0
809035,0.38,0.30,0.40,29.41,17,17,0,-0.02,-0.10,0.10,28.80,17,17,0,0.33,0.30,0.40,28.88,17,17,0,425.91,423.30,430.50,24.67,17,0,0,0.10,0.10,0.10,29.49,17,17,0,1.07,1.00,1.10,28.98,17,17,0,0.22,0.20,0.30,28.73,17,17,0
809535,0.36,0.30,0.40,29.42,16,16,0,-0.02,-0.10,0.00,28.82,16,16,0,0.34,0.30,0.40,28.87,16,16,0,425.68,421.90,428.50,24.65,16,0,0,0.09,0.00,0.10,29.51,16,16,0,1.09,1.00,1.10,28.95,16,16,0,0.22,0.20,0.30,28.72,16,16,0
810035,0.36,0.30,0.40,29.40,17,17,0,0.00,-0.10,0.10,28.80,17,17,0,0.32,0.30,0.40,28.87,17,17,0,423.95,418.60,428.40,24.65,17,0,0,0.10,0.10,0.10,29.50,17,17,0,1.05,1.00,1.10,28.96,17,17,0,0.25,0.20,0.30,28.71,17,17,0
810535,0.34,0.30,0.40,29.41,16,16,0,-0.02,-0.10,0.10,28.79,16,16,0,0.33,0.30,0.40,28.87,16,16,0,422.42,419.10,426.40,24.65,16,0,0,0.09,0.00,0.10,29.50,16,16,0,1.05,1.00,1.10,28.97,16,16,0,0.22,0.20,0.30,28.71,16,16,0
811035,0.37,0.30,0.40,29.40,16,16,0,-0.01,-0.10,0.00,28.82,16,16,0,0.33,0.30,0.40,28.87,16,16,0,423.11,418.60,427.30,24.65,16,0,0,0.10,0.10,0.10,29.48,16,16,0,1.06,1.00,1.10,28.97,16,16,0,0.22,0.20,0.30,28.72,16,16,0
811541,0.37,0.30,0.40,29.41,17,17,0,-0.02,-0.10,0.10,28.82,17,17,0,0.34,0.30,0.40,28.89,17,17,0,425.28,421.40,430.50,24.65,17,0,0,0.10,0.00,0.20,29.50,17,17,0,1.08,1.00,1.10,28.97,17,17,0,0.22,0.20,0.30,28.72,17,17,0
812041,0.34,0.30,0.40,29.41,17,17,0,0.01,-0.10,0.10,28.80,17,17,0,0.33,0.30,0.40,28.88,17,17,0,426.88,423.20,432.40,24.66,17,0,0,0.10,0.10,0.10,29.50,17,17,0,1.09,1.00,1.10,28.98,17,17,0,0.22,0.20,0.30,28.71,17,17,0
812546,0.34,0.30,0.40,29.40,17,17,0,0.01,-0.10,0.10,28.81,17,17,0,0.33,0.30,0.40,28.88,17,17,0,432.92,429.60,438.00,24.65,17,0,0,0.11,0.10,0.20,29.49,17,17,0,1.06,1.00,1.10,28.96,17,17,0,0.24,0.20,0.30,28.72,17,17,0
813046,0.35,0.30,0.40,29.42,16,16,0,-0.01,-0.10,0.10,28.79,16,16,0,0.33,0.30,0.40,28.85,16,16,0,433.51,430.90,436.80,24.64,16,0,0,0.11,0.10,0.20,29.50,16,16,0,1.09,1.00,1.10,28.97,16,16,0,0.23,0.20,0.30,28.71,16,16,0
813555,0.35,0.30,0.40,29.41,17,17,0,0.00,-0.10,0.10,28.81,17,17,0,0.34,0.30,0.40,28.87,17,17,0,431.32,426.90,434.00,24.65,17,0,0,0.10,0.00,0.20,29.49,17,17,0,1.08,1.00,1.10,28.97,17,17,0,0.22,0.20,0.30,28.73,17,17,0
814061,0.34,0.30,0.40,29.40,17,17,0,-0.01,-0.10,0.10,28.79,17,17,0,0.32,0.30,0.40,28.86,17,17,0,428.84,424.20,433.50,24.65,17,0,0,0.10,0.10,0.10,29.50,17,17,0,1.05,1.00,1.10,28.97,17,17,0,0.22,0.20,0.30,28.72,17,17,0
814570,0.36,0.30,0.40,29.43,17,17,0,-0.02,-0.10,0.10,28.81,17,17,0,0.33,0.30,0.40,28.87,17,17,0,429.25,425.50,433.90,24.64,17,0,0,0.10,0.10,0.10,29.50,17,17,0,1.08,1.00,1.10,28.96,17,17,0,0.23,0.20,0.30,28.72,17,17,0
815076,0.36,0.30,0.40,29.42,17,17,0,-0.02,-0.10,0.10,28.79,17,17,0,0.34,0.30,0.40,28.89,17,17,0,430.59,427.60,435.20,24.66,17,0,0,0.11,0.10,0.20,29.50,17,17,0,1.08,1.00,1.10,28.97,17,17,0,0.21,0.20,0.30,28.71,17,17,0
815576,0.36,0.30,0.40,29.41,17,17,0,0.00,-0.10,0.10,28.80,17,17,0,0.34,0.30,0.40,28.87,17,17,0,431.51,426.80,436.00,24.66,17,0,0,0.09,0.00,0.20,29.51,17,17,0,1.07,1.00,1.10,28.98,17,17,0,0.22,0.20,0.30,28.72,17,17,0
816079,0.36,0.30,0.40,29.41,17,17,0,-0.01,-0.10,0.10,28.80,17,17,0,0.32,0.30,0.40,28.88,17,17,0,438.37,434.90,444.30,24.64,17,0,0,0.10,0.10,0.10,29.49,17,17,0,1.08,1.00,1.10,28.97,17,17,0,0.21,0.20,0.30,28.71,17,17,0
816582,0.35,0.30,0.40,29.42,17,17,0,-0.02,-0.10,0.10,28.80,17,17,0,0.32,0.30,0.40,28.86,17,17,0,438.02,435.20,440.90,24.64,17,0,0,0.10,0.00,0.20,29.49,17,17,0,1.07,1.00,1.10,28.97,17,17,0,0.23,0.20,0.30,28.71,17,17,0
817082,0.34,0.30,0.40,29.41,17,17,0,-0.01,-0.10,0.10,28.82,17,17,0,0.34,0.30,0.40,28.88,17,17,0,436.15,432.40,440.20,24.64,17,0,0,0.10,0.10,0.10,29.49,17,17,0,1.07,1.00,1.10,28.97,17,17,0,0.22,0.20,0.30,28.71,17,17,0
817593,0.38,0.30,0.40,29.41,17,17,0,-0.01,-0.10,0.10,28.81,17,17,0,0.34,0.30,0.40,28.86,17,17,0,433.64,429.50,437.20,24.64,17,0,0,0.09,0.00,0.10,29.51,17,17,0,1.09,1.00,1.10,28.98,17,17,0,0.24,0.20,0.30,28.71,17,17,0
818093,0.36,0.30,0.40,29.40,17,17,0,0.01,-0.10,0.10,28.80,17,17,0,0.33,0.30,0.40,28.87,17,17,0,432.39,427.90,436.50,24.65,17,0,0,0.09,0.00,0.10,29.51,17,17,0,1.06,1.00,1.10,28.97,17,17,0,0.23,0.20,0.30,28.73,17,17,0
818599,0.38,0.30,0.40,29.42,17,17,0,-0.01,-0.10,0.10,28.82,17,17,0,0.31,0.30,0.40,28.87,17,17,0,432.55,428.00,436.30,24.64,17,0,0,0.10,0.10,0.10,29.51,17,17,0,1.06,1.00,1.10,28.97,17,17,0,0.21,0.20,0.30,28.72,17,17,0
819102,0.34,0.30,0.40,29.44,17,17,0,-0.01,-0.10,0.10,28.81,17,17,0,0.32,0.30,0.40,28.87,17,17,0,431.87,428.80,435.40,24.63,17,0,0,0.09,0.00,0.10,29.50,17,17,0,1.08,1.00,1.10,28.96,17,17,0,0.23,0.20,0.30,28.73,17,17,0
819609,0.34,0.30,0.40,29.41,17,17,0,-0.02,-0.10,0.10,28.80,17,17,0,0.34,0.30,0.40,28.88,17,17,0,436.74,432.90,440.00,24.64,17,0,0,0.09,0.00,0.10,29.50,17,17,0,1.08,1.00,1.10,28.95,17,17,0,0.22,0.20,0.30,28.71,17,17,0
820109,0.38,0.30,0.40,29.42,17,17,0,-0.05,-0.10,0.00,28.79,17,17,0,0.34,0.30,0.40,28.87,17,17,0,436.55,433.30,440.50,24.65,17,0,0,0.09,0.00,0.10,29.50,17,17,0,1.08,1.00,1.10,28.98,17,17,0,0.24,0.20,0.30,28.72,17,17,0
820614,0.36,0.30,0.40,29.42,17,17,0,0.02,0.00,0.10,28.80,17,17,0,0.33,0.30,0.40,28.88,17,17,0,434.22,428.10,437.60,24.64,17,0,0,0.10,0.10,0.10,29.49,17,17,0,1.06,1.00,1.10,28.97,17,17,0,0.22,0.20,0.30,28.72,17,17,0
821121,0.37,0.30,0.40,29.44,17,17,0,-0.01,-0.10,0.00,28.81,17,17,0,0.35,0.30,0.40,28.87,17,17,0,429.34,416.30,440.40,24.64,17,0,0,0.09,0.00,0.10,29.52,17,17,0,1.08,1.00,1.10,28.97,17,17,0,0.24,0.20,0.30,28.73,17,17,0
821621,0.35,0.30,0.40,29.41,16,16,0,0.00,-0.10,0.10,28.80,16,16,0,0.34,0.30,0.40,28.87,16,16,0,426.76,416.80,438.30,24.65,16,0,0,0.09,0.00,0.10,29.51,16,16,0,1.06,1.00,1.10,28.96,16,16,0,0.23,0.20,0.30,28.71,16,16,0
822121,0.34,0.30,0.40,29.41,17,17,0,-0.02,-0.10,0.10,28.81,17,17,0,0.34,0.30,0.40,28.88,17,17,0,429.21,424.80,436.00,24.66,17,0,0,0.09,0.00,0.10,29.50,17,17,0,1.08,1.00,1.10,28.97,17,17,0,0.23,0.20,0.30,28.73,17,17,0
822621,0.36,0.30,0.40,29.43,16,16,0,-0.01,-0.10,0.10,28.81,16,16,0,0.32,0.30,0.40,28.86,16,16,0,430.62,428.00,436.20,24.65,16,0,0,0.10,0.10,0.10,29.50,16,16,0,1.08,1.00,1.10,28.97,16,16,0,0.24,0.20,0.30,28.71,16,16,0
823124,0.36,0.30,0.40,29.42,17,17,0,0.01,-0.10,0.10,28.81,17,17,0,0.32,0.30,0.40,28.87,17,17,0,437.22,433.20,442.60,24.65,17,0,0,0.10,0.10,0.10,29.50,17,17,0,1.07,1.00,1.10,28.97,17,17,0,0.24,0.20,0.30,28.72,17,17,0
823630,0.35,0.30,0.40,29.42,17,17,0,0.00,-0.10,0.10,28.81,17,17,0,0.32,0.30,0.40,28.88,17,17,0,436.29,427.80,443.00,24.66,17,0,0,0.11,0.10,0.20,29.51,17,17,0,1.08,1.00,1.10,28.97,17,17,0,0.22,0.20,0.30,28.72,17,17,0
824130,0.37,0.30,0.40,29.42,17,17,0,-0.01,-0.10,0.10,28.82,17,17,0,0.33,0.30,0.40,28.87,17,17,0,432.22,425.70,440.00,24.65,17,0,0,0.10,0.10,0.10,29.50,17,17,0,1.06,1.00,1.10,28.97,17,17,0,0.24,0.20,0.30,28.73,17,17,0
824637,0.35,0.30,0.40,29.42,17,17,0,0.00,-0.10,0.10,28.80,17,17,0,0.32,0.30,0.40,28.89,17,17,0,428.37,423.60,433.90,24.65,17,0,0,0.09,0.00,0.10,29.50,17,17,0,1.08,1.00,1.10,28.99,17,17,0,0.25,0.20,0.30,28.72,17,17,0
825137,0.36,0.30,0.40,29.43,16,16,0,-0.02,-0.10,0.00,28.81,16,16,0,0.32,0.30,0.40,28.87,16,16,0,427.89,424.90,433.40,24.65,16,0,0,0.10,0.10,0.10,29.52,16,16,0,1.07,1.00,1.10,28.97,16,16,0,0.23,0.20,0.30,28.72,16,16,0
825637,0.34,0.30,0.40,29.42,16,16,0,-0.04,-0.10,0.00,28.82,16,16,0,0.32,0.30,0.40,28.88,16,16,0,430.65,427.40,436.30,24.66,16,0,0,0.10,0.10,0.10,29.50,16,16,0,1.07,1.00,1.10,28.97,16,16,0,0.25,0.20,0.30,28.72,16,16,0
826140,0.35,0.30,0.40,29.42,17,17,0,-0.02,-0.10,0.00,28.81,17,17,0,0.31,0.30,0.40,28.87,17,17,0,433.30,429.20,439.00,24.64,17,0,0,0.09,0.00,0.10,29.49,17,17,0,1.08,1.00,1.10,28.97,17,17,0,0.25,0.20,0.30,28.71,17,17,0
826649,0.37,0.30,0.40,29.41,17,17,0,-0.01,-0.10,0.10,28.82,17,17,0,0.35,0.30,0.40,28.86,17,17,0,441.36,436.50,446.90,24.64,17,0,0,0.10,0.10,0.10,29.50,17,17,0,1.07,1.00,1.10,28.97,17,17,0,0.25,0.20,0.30,28.75,17,17,0
827151,0.35,0.30,0.40,29.43,17,17,0,-0.02,-0.10,0.00,28.81,17,17,0,0.34,0.30,0.40,28.86,17,17,0,441.55,438.50,445.80,24.64,17,0,0,0.11,0.10,0.20,29.52,17,17,0,1.08,1.00,1.10,28.97,17,17,0,0.25,0.20,0.30,28.74,17,17,0
827651,0.37,0.30,0.40,29.42,17,17,0,0.01,-0.10,0.10,28.80,17,17,0,0.32,0.30,0.40,28.87,17,17,0,437.99,432.70,444.50,24.66,17,0,0,0.10,0.00,0.20,29.53,17,17,0,1.09,1.00,1.10,28.97,17,17,0,0.24,0.20,0.30,28.73,17,17,0
828158,0.38,0.30,0.40,29.44,17,17,0,-0.02,-0.10,0.00,28.81,17,17,0,0.33,0.30,0.40,28.88,17,17,0,433.20,429.10,437.10,24.65,17,0,0,0.09,0.00,0.10,29.50,17,17,0,1.06,1.00,1.10,28.97,17,17,0,0.24,0.20,0.30,28.72,17,17,0
828661,0.35,0.30,0.40,29.43,17,17,0,-0.03,-0.10,0.10,28.80,17,17,0,0.31,0.30,0.40,28.87,17,17,0,430.79,427.90,436.50,24.63,17,0,0,0.11,0.10,0.20,29.49,17,17,0,1.08,1.00,1.10,28.97,17,17,0,0.25,0.20,0.30,28.73,17,17,0
829164,0.36,0.30,0.40,29.41,17,17,0,-0.02,-0.10,0.10,28.81,17,17,0,0.34,0.30,0.40,28.89,17,17,0,433.94,430.20,438.70,24.63,17,0,0,0.09,0.00,0.10,29.51,17,17,0,1.08,1.00,1.10,28.97,17,17,0,0.24,0.20,0.30,28.73,17,17,0
829675,0.36,0.30,0.40,29.41,17,17,0,-0.02,-0.10,0.10,28.79,17,17,0,0.32,0.30,0.40,28.90,17,17,0,438.95,432.70,445.30,24.64,17,0,0,0.10,0.00,0.20,29.49,17,17,0,1.09,1.00,1.10,28.97,17,17,0,0.25,0.20,0.30,28.72,17,17,0
830175,0.35,0.30,0.40,29.41,17,17,0,0.01,-0.10,0.10,28.80,17,17,0,0.33,0.30,0.40,28.87,17,17,0,445.19,442.30,448.80,24.65,17,0,0,0.09,0.00,0.20,29.52,17,17,0,1.08,1.00,1.10,28.99,17,17,0,0.24,0.20,0.30,28.72,17,17,0
830688,0.36,0.30,0.40,29.43,17,17,0,0.00,-0.10,0.10,28.80,17,17,0,0.33,0.30,0.40,28.89,17,17,0,440.81,437.40,444.00,24.64,17,0,0,0.11,0.10,0.20,29.52,17,17,0,1.09,1.00,1.10,28.97,17,17,0,0.23,0.20,0.30,28.71,17,17,0
831193,0.38,0.30,0.40,29.41,17,17,0,-0.01,-0.10,0.10,28.81,17,17,0,0.32,0.30,0.40,28.88,17,17,0,435.39,430.30,439.80,24.64,17,0,0,0.10,0.10,0.10,29.50,17,17,0,1.07,1.00,1.10,28.97,17,17,0,0.26,0.20,0.30,28.71,17,17,0
831702,0.37,0.30,0.40,29.41,16,16,0,-0.04,-0.10,0.00,28.78,16,16,0,0.34,0.30,0.40,28.87,16,16,0,429.05,426.50,431.80,24.65,16,0,0,0.10,0.10,0.10,29.51,16,16,0,1.06,1.00,1.10,28.98,16,16,0,0.23,0.20,0.30,28.72,16,16,0
832205,0.34,0.30,0.40,29.41,17,17,0,-0.04,-0.10,0.10,28.82,17,17,0,0.32,0.30,0.40,28.88,17,17,0,427.89,424.20,431.20,24.65,17,0,0,0.09,0.00,0.10,29.51,17,17,0,1.05,1.00,1.10,28.95,17,17,0,0.26,0.20,0.30,28.74,17,17,0
832713,0.38,0.30,0.40,29.43,17,17,0,-0.02,-0.10,0.00,28.81,17,17,0,0.32,0.30,0.40,28.88,17,17,0,430.06,426.30,435.10,24.65,17,0,0,0.10,0.10,0.10,29.52,17,17,0,1.06,1.00,1.10,28.97,17,17,0,0.24,0.20,0.30,28.74,17,17,0
833225,0.34,0.30,0.40,29.42,17,17,0,-0.02,-0.10,0.10,28.81,17,17,0,0.32,0.30,0.40,28.86,17,17,0,433.62,428.90,439.70,24.67,17,0,0,0.09,0.00,0.10,29.50,17,17,0,1.06,1.00,1.10,28.98,17,17,0,0.24,0.20,0.30,28.74,17,17,0
833733,0.38,0.30,0.40,29.43,17,17,0,-0.01,-0.10,0.10,28.81,17,17,0,0.32,0.30,0.40,28.88,17,17,0,438.55,435.00,443.80,24.64,17,0,0,0.10,0.10,0.10,29.50,17,17,0,1.07,1.00,1.10,28.98,17,17,0,0.22,0.20,0.30,28.72,17,17,0
834239,0.34,0.30,0.40,29.43,17,17,0,-0.00,-0.10,0.10,28.82,17,17,0,0.32,0.30,0.40,28.86,17,17,0,434.53,428.80,440.40,24.66,17,0,0,0.10,0.00,0.20,29.52,17,17,0,1.06,1.00,1.10,28.97,17,17,0,0.23,0.20,0.30,28.73,17,17,0
834742,0.35,0.30,0.40,29.43,17,17,0,-0.03,-0.10,0.00,28.79,17,17,0,0.33,0.30,0.40,28.87,17,17,0,429.50,425.20,436.50,24.66,17,0,0,0.10,0.10,0.10,29.51,17,17,0,1.09,1.00,1.10,28.97,17,17,0,0.23,0.20,0.30,28.72,17,17,0
835243,0.35,0.30,0.40,29.42,17,17,0,-0.03,-0.10,0.00,28.81,17,17,0,0.31,0.30,0.40,28.87,17,17,0,424.34,419.50,427.60,24.66,17,0,0,0.10,0.00,0.20,29.50,17,17,0,1.08,1.00,1.10,28.97,17,17,0,0.23,0.20,0.30,28.72,17,17,0
835751,0.35,0.30,0.40,29.42,17,17,0,-0.03,-0.10,0.10,28.80,17,17,0,0.32,0.30,0.40,28.88,17,17,0,422.61,419.50,428.00,24.66,17,0,0,0.09,0.00,0.10,29.51,17,17,0,1.08,1.00,1.10,28.97,17,17,0,0.24,0.20,0.30,28.72,17,17,0
836251,0.35,0.30,0.40,29.43,17,17,0,0.02,-0.10,0.10,28.80,17,17,0,0.32,0.30,0.40,28.88,17,17,0,421.72,418.10,425.60,24.65,17,0,0,0.10,0.10,0.10,29.51,17,17,0,1.07,1.00,1.10,28.95,17,17,0,0.21,0.20,0.30,28.73,17,17,0
836760,0.36,0.30,0.40,29.42,17,17,0,-0.03,-0.10,0.10,28.80,17,17,0,0.33,0.30,0.40,28.89,17,17,0,422.64,418.90,426.20,24.64,17,0,0,0.11,0.10,0.20,29.50,17,17,0,1.08,1.00,1.10,28.98,17,17,0,0.24,0.20,0.30,28.73,17,17,0
837271,0.35,0.30,0.40,29.43,17,17,0,-0.01,-0.10,0.10,28.81,17,17,0,0.34,0.30,0.40,28.87,17,17,0,423.86,419.00,428.90,24.65,17,0,0,0.11,0.10,0.20,29.50,17,17,0,1.06,1.00,1.10,28.98,17,17,0,0.23,0.20,0.30,28.72,17,17,0
837776,0.33,0.30,0.40,29.44,17,17,0,-0.03,-0.10,0.00,28.80,17,17,0,0.34,0.30,0.40,28.86,17,17,0,420.72,415.50,425.50,24.65,17,0,0,0.09,0.00,0.10,29.51,17,17,0,1.07,1.00,1.10,28.98,17,17,0,0.23,0.20,0.30,28.74,17,17,0
838276,0.36,0.30,0.40,29.42,17,17,0,-0.03,-0.10,0.10,28.81,17,17,0,0.32,0.30,0.40,28.88,17,17,0,415.95,412.30,421.20,24.65,17,0,0,0.09,0.00,0.10,29.50,17,17,0,1.06,1.00,1.10,28.98,17,17,0,0.23,0.20,0.30,28.74,17,17,0
838782,0.36,0.30,0.40,29.43,17,17,0,0.02,-0.10,0.10,28.81,17,17,0,0.32,0.30,0.40,28.88,17,17,0,411.88,409.40,415.00,24.66,17,0,0,0.10,0.10,0.10,29.52,17,17,0,1.08,1.00,1.10,28.97,17,17,0,0.22,0.20,0.30,28.71,17,17,0
839284,0.34,0.30,0.40,29.42,17,17,0,-0.03,-0.10,0.10,28.81,17,17,0,0.33,0.30,0.40,28.86,17,17,0,410.28,406.00,413.70,24.67,17,0,0,0.09,0.00,0.10,29.51,17,17,0,1.08,1.00,1.10,28.97,17,17,0,0.23,0.20,0.30,28.71,17,17,0
839784,0.35,0.30,0.40,29.44,17,17,0,-0.02,-0.10,0.00,28.83,17,17,0,0.34,0.30,0.40,28.87,17,17,0,410.99,407.20,417.00,24.66,17,0,0,0.09,0.00,0.10,29.52,17,17,0,1.06,1.00,1.10,28.97,17,17,0,0.21,0.20,0.30,28.73,17,17,0
840284,0.35,0.30,0.40,29.44,17,17,0,-0.04,-0.10,0.10,28.81,17,17,0,0.32,0.30,0.40,28.89,17,17,0,413.42,407.20,417.90,24.66,17,0,0,0.10,0.10,0.10,29.52,17,17,0,1.09,1.00,1.10,28.99,17,17,0,0.22,0.20,0.30,28.74,17,17,0
840784,0.33,0.30,0.40,29.44,16,16,0,-0.01,-0.10,0.10,28.83,16,16,0,0.34,0.30,0.40,28.86,16,16,0,417.69,415.60,420.20,24.69,16,0,0,0.11,0.10,0.20,29.51,16,16,0,1.08,1.00,1.10,28.98,16,16,0,0.24,0.20,0.30,28.72,16,16,0
841289,0.35,0.30,0.40,29.41,17,17,0,-0.01,-0.10,0.10,28.82,17,17,0,0.32,0.30,0.40,28.88,17,17,0,415.05,411.00,419.70,24.67,17,0,0,0.09,0.00,0.10,29.52,17,17,0,1.08,1.00,1.10,28.99,17,17,0,0.21,0.20,0.30,28.74,17,17,0
841791,0.35,0.30,0.40,29.43,17,17,0,-0.02,-0.10,0.10,28.80,17,17,0,0.34,0.30,0.40,28.90,17,17,0,410.51,405.60,417.40,24.68,17,0,0,0.10,0.10,0.10,29.51,17,17,0,1.06,1.00,1.10,29.00,17,17,0,0.24,0.20,0.30,28.73,17,17,0
842292,0.36,0.30,0.40,29.42,17,17,0,-0.03,-0.10,0.00,28.81,17,17,0,0.35,0.30,0.40,28.87,17,17,0,403.71,400.20,407.80,24.67,17,0,0,0.09,0.00,0.10,29.52,17,17,0,1.04,1.00,1.10,28.99,17,17,0,0.23,0.20,0.30,28.74,17,17,0
842794,0.36,0.30,0.40,29.42,17,17,0,-0.02,-0.10,0.00,28.81,17,17,0,0.32,0.30,0.40,28.87,17,17,0,401.38,399.10,405.90,24.67,17,0,0,0.08,0.00,0.10,29.52,17,17,0,1.09,1.00,1.10,28.98,17,17,0,0.24,0.20,0.30,28.73,17,17,0
843295,0.35,0.30,0.40,29.43,17,17,0,-0.03,-0.10,0.00,28.81,17,17,0,0.33,0.30,0.40,28.89,17,17,0,402.35,399.20,406.90,24.66,17,0,0,0.09,0.00,0.10,29.51,17,17,0,1.06,1.00,1.10,28.98,17,17,0,0.24,0.20,0.30,28.73,17,17,0
843801,0.34,0.30,0.40,29.42,17,17,0,-0.01,-0.10,0.10,28.82,17,17,0,0.32,0.30,0.40,28.88,17,17,0,405.93,400.80,411.00,24.69,17,0,0,0.11,0.10,0.20,29.51,17,17,0,1.08,1.00,1.10,28.99,17,17,0,0.24,0.20,0.30,28.73,17,17,0
844301,0.35,0.30,0.40,29.42,17,17,0,0.01,-0.10,0.10,28.82,17,17,0,0.32,0.30,0.40,28.87,17,17,0,411.50,407.20,418.60,24.68,17,0,0,0.09,0.00,0.10,29.51,17,17,0,1.08,1.00,1.10,29.00,17,17,0,0.25,0.20,0.30,28.72,17,17,0
844813,0.34,0.30,0.40,29.44,17,17,0,-0.02,-0.10,0.00,28.80,17,17,0,0.32,0.30,0.40,28.87,17,17,0,410.41,404.10,416.30,24.67,17,0,0,0.10,0.10,0.10,29.52,17,17,0,1.07,1.00,1.10,28.96,17,17,0,0.22,0.20,0.30,28.73,17,17,0
845322,0.35,0.30,0.40,29.44,17,17,0,0.00,-0.10,0.10,28.83,17,17,0,0.31,0.30,0.40,28.88,17,17,0,405.07,401.30,411.40,24.68,17,0,0,0.09,0.00,0.10,29.52,17,17,0,1.07,1.00,1.10,28.98,17,17,0,0.24,0.20,0.30,28.74,17,17,0
845822,0.36,0.30,0.40,29.43,16,16,0,-0.02,-0.10,0.00,28.84,16,16,0,0.34,0.30,0.40,28.88,16,16,0,400.31,397.70,403.70,24.67,16,0,0,0.11,0.10,0.20,29.52,16,16,0,1.08,1.00,1.10,29.00,16,16,0,0.23,0.20,0.30,28.73,16,16,0
846325,0.35,0.30,0.40,29.43,17,17,0,-0.04,-0.10,0.00,28.81,17,17,0,0.33,0.30,0.40,28.88,17,17,0,397.85,394.50,403.10,24.67,17,0,0,0.10,0.00,0.20,29.51,17,17,0,1.04,1.00,1.10,28.98,17,17,0,0.24,0.20,0.30,28.73,17,17,0
846833,0.35,0.30,0.40,29.42,17,17,0,-0.02,-0.10,0.00,28.83,17,17,0,0.33,0.30,0.40,28.88,17,17,0,400.04,394.70,406.20,24.67,17,0,0,0.10,0.10,0.10,29.51,17,17,0,1.08,1.00,1.10,28.98,17,17,0,0.25,0.20,0.30,28.74,17,17,0
847339,0.37,0.30,0.40,29.45,17,17,0,-0.02,-0.10,0.10,28.81,17,17,0,0.33,0.30,0.40,28.86,17,17,0,406.02,400.60,411.40,24.67,17,0,0,0.10,0.10,0.10,29.53,17,17,0,1.06,1.00,1.10,28.99,17,17,0,0.22,0.20,0.30,28.73,17,17,0
847847,0.35,0.30,0.40,29.44,17,17,0,0.01,-0.10,0.10,28.83,17,17,0,0.34,0.30,0.40,28.89,17,17,0,412.89,409.50,416.70,24.67,17,0,0,0.09,0.00,0.10,29.52,17,17,0,1.08,1.00,1.10,28.98,17,17,0,0.23,0.20,0.30,28.73,17,17,0
848359,0.33,0.30,0.40,29.43,17,17,0,-0.03,-0.10,0.10,28.81,17,17,0,0.32,0.30,0.40,28.86,17,17,0,414.45,409.70,419.10,24.67,17,0,0,0.11,0.10,0.20,29.53,17,17,0,1.07,1.00,1.10,28.99,17,17,0,0.24,0.20,0.30,28.73,17,17,0
848862,0.35,0.30,0.40,29.43,17,17,0,-0.04,-0.10,0.00,28.81,17,17,0,0.32,0.30,0.40,28.86,17,17,0,408.15,403.10,414.50,24.66,17,0,0,0.10,0.10,0.10,29.51,17,17,0,1.06,1.00,1.10,28.98,17,17,0,0.23,0.20,0.30,28.73,17,17,0
849369,0.35,0.30,0.40,29.44,17,17,0,-0.02,-0.10,0.00,28.82,17,17,0,0.32,0.30,0.40,28.88,17,17,0,402.22,399.90,404.60,24.68,17,0,0,0.09,0.00,0.10,29.51,17,17,0,1.09,1.00,1.10,28.99,17,17,0,0.22,0.20,0.30,28.74,17,17,0
849877,0.38,0.30,0.40,29.42,17,17,0,-0.02,-0.10,0.10,28.83,17,17,0,0.32,0.30,0.40,28.87,17,17,0,398.56,395.20,403.20,24.67,17,0,0,0.11,0.10,0.20,29.51,17,17,0,1.06,1.00,1.10,28.98,17,17,0,0.22,0.20,0.30,28.73,17,17,0
850380,0.34,0.30,0.40,29.45,17,17,0,-0.01,-0.10,0.10,28.82,17,17,0,0.32,0.30,0.40,28.88,17,17,0,396.99,393.10,400.80,24.67,17,0,0,0.10,0.00,0.20,29.51,17,17,0,1.07,1.00,1.10,29.00,17,17,0,0.24,0.20,0.30,28.74,17,17,0
850880,0.35,0.30,0.40,29.42,16,16,0,-0.01,-0.10,0.10,28.84,16,16,0,0.32,0.30,0.40,28.88,16,16,0,401.16,396.30,407.50,24.67,16,0,0,0.10,0.10,0.10,29.52,16,16,0,1.04,1.00,1.10,28.98,16,16,0,0.22,0.20,0.30,28.73,16,16,0
851388,0.34,0.30,0.40,29.42,17,17,0,-0.01,-0.10,0.10,28.82,17,17,0,0.34,0.30,0.40,28.86,17,17,0,404.61,400.50,408.50,24.68,17,0,0,0.09,0.00,0.10,29.51,17,17,0,1.06,1.00,1.10,28.97,17,17,0,0.23,0.20,0.30,28.74,17,17,0
851888,0.36,0.30,0.40,29.44,16,16,0,-0.01,-0.10,0.10,28.82,16,16,0,0.34,0.30,0.40,28.88,16,16,0,403.43,399.50,407.00,24.69,16,0,0,0.08,0.00,0.10,29.51,16,16,0,1.09,1.00,1.20,28.98,16,16,0,0.24,0.20,0.30,28.75,16,16,0
852388,0.35,0.30,0.40,29.43,17,17,0,-0.02,-0.10,0.00,28.82,17,17,0,0.31,0.30,0.40,28.89,17,17,0,397.77,393.20,404.00,24.66,17,0,0,0.10,0.10,0.10,29.52,17,17,0,1.09,1.00,1.10,29.00,17,17,0,0.22,0.20,0.30,28.73,17,17,0
852888,0.35,0.30,0.40,29.43,17,17,0,-0.02,-0.10,0.10,28.83,17,17,0,0.31,0.30,0.40,28.87,17,17,0,391.66,388.80,394.10,24.69,17,0,0,0.09,0.00,0.10,29.51,17,17,0,1.07,1.00,1.10,28.96,17,17,0,0.24,0.20,0.30,28.75,17,17,0
853393,0.36,0.30,0.40,29.44,17,17,0,0.00,-0.10,0.10,28.82,17,17,0,0.32,0.30,0.40,28.87,17,17,0,388.84,382.40,393.70,24.68,17,0,0,0.11,0.10,0.20,29.52,17,17,0,1.08,1.00,1.10,28.98,17,17,0,0.23,0.20,0.30,28.75,17,17,0
853893,0.35,0.30,0.40,29.45,17,17,0,-0.02,-0.10,0.10,28.81,17,17,0,0.31,0.30,0.40,28.87,17,17,0,389.44,384.20,394.60,24.69,17,0,0,0.11,0.10,0.20,29.52,17,17,0,1.08,1.00,1.10,28.97,17,17,0,0.25,0.20,0.30,28.72,17,17,0
854393,0.36,0.30,0.40,29.45,16,16,0,-0.03,-0.10,0.00,28.81,16,16,0,0.31,0.30,0.40,28.87,16,16,0,395.83,389.00,399.30,24.67,16,0,0,0.09,0.00,0.10,29.53,16,16,0,1.07,1.00,1.10,28.97,16,16,0,0.22,0.20,0.30,28.73,16,16,0
854893,0.34,0.30,0.40,29.44,17,17,0,-0.02,-0.10,0.00,28.82,17,17,0,0.32,0.30,0.40,28.88,17,17,0,399.64,396.80,403.10,24.69,17,0,0,0.10,0.00,0.20,29.52,17,17,0,1.09,1.00,1.10,28.99,17,17,0,0.24,0.20,0.30,28.73,17,17,0
855399,0.35,0.30,0.40,29.43,17,17,0,-0.01,-0.10,0.10,28.82,17,17,0,0.31,0.30,0.40,28.89,17,17,0,399.91,394.60,404.90,24.70,17,0,0,0.10,0.10,0.10,29.51,17,17,0,1.09,1.00,1.10,28.98,17,17,0,0.24,0.20,0.30,28.74,17,17,0
855899,0.35,0.30,0.40,29.43,17,17,0,-0.01,-0.10,0.10,28.82,17,17,0,0.31,0.30,0.40,28.87,17,17,0,394.90,389.20,402.80,24.68,17,0,0,0.10,0.10,0.10,29.52,17,17,0,1.06,1.00,1.10,28.98,17,17,0,0.22,0.20,0.30,28.72,17,17,0
856402,0.38,0.30,0.40,29.44,17,17,0,-0.02,-0.10,0.10,28.82,17,17,0,0.34,0.30,0.40,28.87,17,17,0,386.26,382.90,388.90,24.67,17,0,0,0.10,0.10,0.10,29.52,17,17,0,1.09,1.00,1.10,28.99,17,17,0,0.22,0.20,0.30,28.76,17,17,0
856902,0.35,0.30,0.40,29.44,17,17,0,-0.01,-0.10,0.10,28.82,17,17,0,0.32,0.30,0.40,28.87,17,17,0,384.67,383.20,388.40,24.69,17,0,0,0.10,0.00,0.20,29.53,17,17,0,1.09,1.00,1.10,28.99,17,17,0,0.23,0.20,0.30,28.74,17,17,0
857407,0.38,0.30,0.40,29.45,17,17,0,-0.02,-0.10,0.10,28.80,17,17,0,0.32,0.30,0.40,28.87,17,17,0,387.89,382.80,395.70,24.69,17,0,0,0.10,0.10,0.10,29.52,17,17,0,1.08,1.00,1.10,28.98,17,17,0,0.24,0.20,0.30,28.74,17,17,0
857918,0.36,0.30,0.40,29.44,17,17,0,-0.01,-0.10,0.10,28.81,17,17,0,0.30,0.30,0.30,28.89,17,17,0,396.53,390.80,399.90,24.68,17,0,0,0.11,0.10,0.20,29.54,17,17,0,1.09,1.00,1.10,28.99,17,17,0,0.22,0.20,0.30,28.74,17,17,0
858418,0.35,0.30,0.40,29.43,17,17,0,0.00,-0.10,0.10,28.82,17,17,0,0.31,0.30,0.40,28.87,17,17,0,403.19,399.10,411.00,24.66,17,0,0,0.10,0.10,0.10,29.52,17,17,0,1.08,1.00,1.10,28.99,17,17,0,0.22,0.20,0.30,28.75,17,17,0
858925,0.36,0.30,0.40,29.43,17,17,0,-0.02,-0.10,0.10,28.81,17,17,0,0.33,0.30,0.40,28.89,17,17,0,407.21,402.60,412.40,24.68,17,0,0,0.11,0.10,0.20,29.52,17,17,0,1.09,1.00,1.10,28.99,17,17,0,0.22,0.20,0.30,28.72,17,17,0
859429,0.36,0.30,0.40,29.45,17,17,0,-0.01,-0.10,0.10,28.84,17,17,0,0.33,0.30,0.40,28.89,17,17,0,404.70,401.20,410.20,24.67,17,0,0,0.09,0.00,0.10,29.51,17,17,0,1.09,1.00,1.10,28.98,17,17,0,0.22,0.20,0.30,28.75,17,17,0
859930,0.34,0.30,0.40,29.44,17,17,0,-0.02,-0.10,0.10,28.82,17,17,0,0.32,0.30,0.40,28.88,17,17,0,399.48,397.00,403.20,24.67,17,0,0,0.09,0.00,0.10,29.52,17,17,0,1.08,1.00,1.10,28.99,17,17,0,0.26,0.20,0.30,28.74,17,17,0
860442,0.38,0.30,0.40,29.44,17,17,0,-0.03,-0.10,0.10,28.81,17,17,0,0.32,0.30,0.40,28.87,17,17,0,396.84,393.30,401.80,24.68,17,0,0,0.10,0.10,0.10,29.53,17,17,0,1.06,1.00,1.10,28.99,17,17,0,0.24,0.20,0.30,28.74,17,17,0
860951,0.38,0.30,0.40,29.43,17,17,0,-0.01,-0.10,0.10,28.82,17,17,0,0.32,0.30,0.40,28.86,17,17,0,396.87,392.90,401.40,24.67,17,0,0,0.11,0.00,0.20,29.53,17,17,0,1.08,1.00,1.10,28.98,17,17,0,0.22,0.20,0.30,28.73,17,17,0
861451,0.37,0.30,0.40,29.46,17,17,0,0.02,-0.10,0.10,28.82,17,17,0,0.33,0.30,0.40,28.87,17,17,0,403.01,398.80,406.10,24.67,17,0,0,0.10,0.00,0.20,29.51,17,17,0,1.07,1.00,1.10,28.99,17,17,0,0.24,0.20,0.30,28.74,17,17,0
861959,0.36,0.30,0.40,29.45,17,17,0,-0.03,-0.10,0.10,28.82,17,17,0,0.34,0.30,0.40,28.88,17,17,0,409.21,406.30,414.30,24.67,17,0,0,0.10,0.00,0.20,29.51,17,17,0,1.09,1.00,1.10,28.99,17,17,0,0.22,0.20,0.30,28.74,17,17,0
862466,0.37,0.30,0.40,29.44,17,17,0,-0.01,-0.10,0.10,28.83,17,17,0,0.32,0.30,0.40,28.88,17,17,0,412.11,408.90,415.20,24.66,17,0,0,0.10,0.10,0.10,29.54,17,17,0,1.06,1.00,1.10,28.99,17,17,0,0.23,0.20,0.30,28.74,17,17,0
862966,0.36,0.30,0.40,29.44,17,17,0,0.00,-0.10,0.10,28.82,17,17,0,0.34,0.30,0.40,28.89,17,17,0,409.05,404.70,415.20,24.66,17,0,0,0.09,0.00,0.10,29.53,17,17,0,1.08,1.00,1.10,28.98,17,17,0,0.22,0.20,0.30,28.73,17,17,0
863470,0.34,0.30,0.40,29.44,17,17,0,-0.01,-0.10,0.10,28.83,17,17,0,0.32,0.30,0.40,28.87,17,17,0,403.75,400.90,406.20,24.67,17,0,0,0.10,0.10,0.10,29.52,17,17,0,1.08,1.00,1.10,29.00,17,17,0,0.23,0.20,0.30,28.74,17,17,0
863970,0.37,0.30,0.40,29.44,16,16,0,-0.01,-0.10,0.10,28.82,16,16,0,0.33,0.30,0.40,28.90,16,16,0,401.85,398.70,405.80,24.68,16,0,0,0.11,0.10,0.20,29.53,16,16,0,1.08,1.00,1.10,28.98,16,16,0,0.25,0.20,0.30,28.74,16,16,0
864475,0.36,0.30,0.40,29.44,17,17,0,-0.01,-0.10,0.10,28.85,17,17,0,0.32,0.30,0.40,28.89,17,17,0,402.83,398.70,407.00,24.67,17,0,0,0.10,0.10,0.10,29.53,17,17,0,1.06,1.00,1.10,28.99,17,17,0,0.23,0.20,0.30,28.75,17,17,0
864975,0.38,0.30,0.40,29.45,17,17,0,-0.02,-0.10,0.10,28.81,17,17,0,0.32,0.30,0.40,28.89,17,17,0,407.17,403.10,410.20,24.68,17,0,0,0.09,0.00,0.20,29.53,17,17,0,1.08,1.00,1.10,28.98,17,17,0,0.21,0.20,0.30,28.74,17,17,0
865475,0.35,0.30,0.40,29.46,17,17,0,-0.02,-0.10,0.10,28.83,17,17,0,0.32,0.30,0.40,28.89,17,17,0,413.62,411.10,418.30,24.67,17,0,0,0.09,0.00,0.10,29.53,17,17,0,1.08,1.00,1.10,29.02,17,17,0,0.24,0.20,0.30,28.74,17,17,0
865975,0.38,0.30,0.40,29.45,17,17,0,-0.04,-0.10,0.00,28.82,17,17,0,0.33,0.30,0.40,28.88,17,17,0,417.08,413.10,421.10,24.66,17,0,0,0.10,0.10,0.10,29.53,17,17,0,1.08,1.00,1.10,28.99,17,17,0,0.22,0.20,0.30,28.74,17,17,0
866475,0.36,0.30,0.40,29.44,17,17,0,-0.04,-0.10,0.00,28.81,17,17,0,0.34,0.30,0.40,28.88,17,17,0,412.56,407.70,416.30,24.66,17,0,0,0.09,0.00,0.10,29.54,17,17,0,1.08,1.00,1.10,29.02,17,17,0,0.25,0.20,0.30,28.74,17,17,0
866977,0.34,0.30,0.40,29.46,17,17,0,-0.02,-0.10,0.00,28.82,17,17,0,0.34,0.30,0.40,28.86,17,17,0,409.24,405.80,411.80,24.67,17,0,0,0.10,0.10,0.10,29.53,17,17,0,1.07,1.00,1.10,29.00,17,17,0,0.24,0.20,0.30,28.74,17,17,0
867489,0.36,0.30,0.40,29.46,17,17,0,-0.01,-0.10,0.10,28.82,17,17,0,0.32,0.30,0.40,28.87,17,17,0,407.41,404.20,414.00,24.68,17,0,0,0.09,0.00,0.10,29.53,17,17,0,1.08,1.00,1.10,29.01,17,17,0,0.23,0.20,0.30,28.73,17,17,0
867997,0.35,0.30,0.40,29.45,17,17,0,0.00,-0.10,0.10,28.82,17,17,0,0.32,0.30,0.40,28.87,17,17,0,408.93,404.40,414.50,24.67,17,0,0,0.09,0.00,0.10,29.53,17,17,0,1.07,1.00,1.10,29.00,17,17,0,0.22,0.20,0.30,28.74,17,17,0
868499,0.36,0.30,0.40,29.44,17,17,0,-0.02,-0.10,0.10,28.82,17,17,0,0.31,0.30,0.40,28.88,17,17,0,412.80,407.30,417.10,24.64,17,0,0,0.10,0.10,0.10,29.52,17,17,0,1.08,1.00,1.10,28.98,17,17,0,0.24,0.20,0.30,28.75,17,17,0
868999,0.36,0.30,0.40,29.44,17,17,0,-0.01,-0.10,0.10,28.84,17,17,0,0.32,0.30,0.40,28.89,17,17,0,419.37,416.20,425.10,24.66,17,0,0,0.11,0.10,0.20,29.53,17,17,0,1.06,1.00,1.10,29.00,17,17,0,0.22,0.20,0.30,28.74,17,17,0
869499,0.38,0.30,0.40,29.46,16,16,0,-0.02,-0.10,0.10,28.83,16,16,0,0.34,0.30,0.40,28.87,16,16,0,421.28,417.60,426.10,24.66,16,0,0,0.11,0.10,0.20,29.53,16,16,0,1.08,1.00,1.10,29.00,16,16,0,0.23,0.20,0.30,28.74,16,16,0
870000,0.36,0.30,0.40,29.44,17,17,0,-0.02,-0.10,0.10,28.81,17,17,0,0.32,0.30,0.40,28.89,17,17,0,417.86,414.00,422.20,24.66,17,0,0,0.11,0.10,0.20,29.54,17,17,0,1.06,1.00,1.10,28.99,17,17,0,0.24,0.20,0.30,28.75,17,17,0
870500,0.38,0.30,0.40,29.45,17,17,0,-0.03,-0.10,0.00,28.81,17,17,0,0.34,0.30,0.40,28.87,17,17,0,415.89,412.90,420.30,24.66,17,0,0,0.10,0.10,0.10,29.52,17,17,0,1.07,1.00,1.10,28.99,17,17,0,0.24,0.20,0.30,28.75,17,17,0
871000,0.37,0.30,0.40,29.44,17,17,0,-0.01,-0.10,0.10,28.81,17,17,0,0.33,0.30,0.40,28.88,17,17,0,415.69,411.90,419.20,24.66,17,0,0,0.10,0.10,0.10,29.53,17,17,0,1.08,1.00,1.10,29.00,17,17,0,0.25,0.20,0.30,28.75,17,17,0
871500,0.36,0.30,0.40,29.44,17,17,0,-0.04,-0.10,0.00,28.81,17,17,0,0.33,0.30,0.40,28.89,17,17,0,415.54,412.50,419.90,24.65,17,0,0,0.10,0.10,0.10,29.55,17,17,0,1.08,1.00,1.10,28.99,17,17,0,0.22,0.20,0.30,28.74,17,17,0
872001,0.36,0.30,0.40,29.46,17,17,0,-0.01,-0.10,0.10,28.83,17,17,0,0.33,0.30,0.40,28.88,17,17,0,417.46,413.10,422.30,24.65,17,0,0,0.10,0.10,0.10,29.53,17,17,0,1.05,1.00,1.10,28.98,17,17,0,0.22,0.20,0.30,28.75,17,17,0
872501,0.36,0.30,0.40,29.44,17,17,0,-0.01,-0.10,0.10,28.82,17,17,0,0.33,0.30,0.40,28.88,17,17,0,423.41,420.40,427.50,24.66,17,0,0,0.10,0.10,0.10,29.54,17,17,0,1.08,1.00,1.10,28.99,17,17,0,0.22,0.20,0.30,28.74,17,17,0
873001,0.36,0.30,0.40,29.46,17,17,0,-0.01,-0.10,0.10,28.83,17,17,0,0.32,0.30,0.40,28.88,17,17,0,422.50,419.80,426.70,24.65,17,0,0,0.09,0.00,0.10,29.54,17,17,0,1.09,1.00,1.10,29.00,17,17,0,0.23,0.20,0.30,28.76,17,17,0
873501,0.35,0.30,0.40,29.45,17,17,0,-0.02,-0.10,0.10,28.82,17,17,0,0.32,0.30,0.40,28.87,17,17,0,420.24,415.10,424.50,24.64,17,0,0,0.10,0.00,0.20,29.53,17,17,0,1.05,1.00,1.10,29.00,17,17,0,0.22,0.20,0.30,28.75,17,17,0
874009,0.36,0.30,0.40,29.44,17,17,0,-0.02,-0.10,0.10,28.82,17,17,0,0.34,0.30,0.40,28.88,17,17,0,416.08,413.50,420.00,24.65,17,0,0,0.11,0.10,0.20,29.53,17,17,0,1.07,1.00,1.10,29.00,17,17,0,0.22,0.20,0.30,28.74,17,17,0
874514,0.36,0.30,0.40,29.46,17,17,0,-0.02,-0.10,0.10,28.83,17,17,0,0.33,0.30,0.40,28.89,17,17,0,415.79,412.10,419.90,24.64,17,0,0,0.09,0.00,0.10,29.53,17,17,0,1.07,1.00,1.10,28.99,17,17,0,0.24,0.20,0.30,28.75,17,17,0
875014,0.35,0.30,0.40,29.49,17,17,0,0.00,-0.10,0.10,28.82,17,17,0,0.32,0.30,0.40,28.88,17,17,0,415.56,411.50,420.80,24.66,17,0,0,0.10,0.10,0.10,29.54,17,17,0,1.08,1.00,1.10,29.00,17,17,0,0.22,0.20,0.30,28.72,17,17,0
875526,0.36,0.30,0.40,29.45,17,17,0,0.00,-0.10,0.10,28.84,17,17,0,0.32,0.30,0.40,28.87,17,17,0,416.79,413.00,420.90,24.66,17,0,0,0.11,0.10,0.20,29.54,17,17,0,1.08,1.00,1.10,29.01,17,17,0,0.23,0.20,0.30,28.74,17,17,0
876033,0.38,0.30,0.40,29.46,17,17,0,-0.02,-0.10,0.10,28.84,17,17,0,0.31,0.30,0.40,28.89,17,17,0,422.48,420.40,426.40,24.66,17,0,0,0.09,0.00,0.10,29.53,17,17,0,1.08,1.00,1.10,28.99,17,17,0,0.23,0.20,0.30,28.74,17,17,0
876536,0.38,0.30,0.40,29.45,17,17,0,0.00,-0.10,0.10,28.83,17,17,0,0.32,0.30,0.40,28.88,17,17,0,421.20,416.60,426.80,24.65,17,0,0,0.09,0.00,0.10,29.54,17,17,0,1.08,1.00,1.10,29.00,17,17,0,0.25,0.20,0.30,28.74,17,17,0
877043,0.36,0.30,0.40,29.45,17,17,0,-0.01,-0.10,0.10,28.82,17,17,0,0.33,0.30,0.40,28.88,17,17,0,419.70,415.50,426.40,24.66,17,0,0,0.10,0.10,0.10,29.54,17,17,0,1.09,1.00,1.10,29.02,17,17,0,0.22,0.20,0.30,28.75,17,17,0
877548,0.36,0.30,0.40,29.47,17,17,0,-0.02,-0.10,0.10,28.84,17,17,0,0.33,0.30,0.40,28.87,17,17,0,416.04,413.50,418.80,24.66,17,0,0,0.11,0.10,0.20,29.54,17,17,0,1.06,1.00,1.10,28.97,17,17,0,0.24,0.20,0.30,28.76,17,17,0
878053,0.36,0.30,0.40,29.46,17,17,0,-0.03,-0.10,0.00,28.83,17,17,0,0.31,0.30,0.40,28.88,17,17,0,416.19,412.80,420.50,24.66,17,0,0,0.10,0.10,0.10,29.54,17,17,0,1.07,1.00,1.10,29.00,17,17,0,0.21,0.20,0.30,28.76,17,17,0
878553,0.36,0.30,0.40,29.45,17,17,0,-0.02,-0.10,0.10,28.83,17,17,0,0.32,0.30,0.40,28.87,17,17,0,416.74,412.90,421.60,24.65,17,0,0,0.10,0.10,0.10,29.53,17,17,0,1.08,1.00,1.10,29.01,17,17,0,0.24,0.20,0.30,28.75,17,17,0
879053,0.35,0.30,0.40,29.46,17,17,0,-0.01,-0.10,0.10,28.82,17,17,0,0.31,0.30,0.40,28.87,17,17,0,417.71,414.20,421.80,24.67,17,0,0,0.09,0.00,0.10,29.53,17,17,0,1.08,1.00,1.10,29.01,17,17,0,0.21,0.20,0.30,28.76,17,17,0
879553,0.36,0.30,0.40,29.46,17,17,0,0.00,-0.10,0.10,28.81,17,17,0,0.31,0.30,0.40,28.88,17,17,0,422.10,418.80,425.70,24.66,17,0,0,0.10,0.10,0.10,29.54,17,17,0,1.08,1.00,1.10,29.00,17,17,0,0.22,0.20,0.30,28.75,17,17,0
880060,0.37,0.30,0.40,29.44,17,17,0,-0.01,-0.10,0.10,28.82,17,17,0,0.32,0.30,0.40,28.88,17,17,0,423.58,420.20,428.00,24.66,17,0,0,0.10,0.10,0.10,29.55,17,17,0,1.07,1.00,1.10,28.99,17,17,0,0.24,0.20,0.30,28.76,17,17,0
880567,0.35,0.30,0.40,29.45,17,17,0,0.01,-0.10,0.10,28.81,17,17,0,0.33,0.30,0.40,28.87,17,17,0,422.52,418.50,429.10,24.65,17,0,0,0.10,0.00,0.20,29.53,17,17,0,1.08,1.00,1.10,28.99,17,17,0,0.21,0.20,0.30,28.77,17,17,0
881070,0.37,0.30,0.40,29.46,17,17,0,0.00,-0.10,0.10,28.83,17,17,0,0.31,0.30,0.40,28.88,17,17,0,421.03,417.10,426.30,24.65,17,0,0,0.09,0.00,0.10,29.54,17,17,0,1.08,1.00,1.10,28.99,17,17,0,0.23,0.20,0.30,28.76,17,17,0
881570,0.37,0.30,0.40,29.47,17,17,0,-0.01,-0.10,0.10,28.83,17,17,0,0.32,0.30,0.40,28.88,17,17,0,420.96,417.30,427.00,24.68,17,0,0,0.10,0.10,0.10,29.54,17,17,0,1.07,1.00,1.10,28.99,17,17,0,0.23,0.20,0.30,28.75,17,17,0
882071,0.38,0.30,0.40,29.44,17,17,0,-0.01,-0.10,0.10,28.83,17,17,0,0.32,0.30,0.40,28.87,17,17,0,424.05,420.30,430.10,24.65,17,0,0,0.09,0.00,0.10,29.54,17,17,0,1.07,1.00,1.10,28.99,17,17,0,0.22,0.20,0.30,28.75,17,17,0
882571,0.35,0.30,0.40,29.45,17,17,0,-0.01,-0.10,0.10,28.83,17,17,0,0.33,0.30,0.40,28.87,17,17,0,426.45,422.10,430.70,24.65,17,0,0,0.09,0.00,0.10,29.53,17,17,0,1.06,1.00,1.10,28.99,17,17,0,0.21,0.20,0.30,28.75,17,17,0
883071,0.37,0.30,0.40,29.46,17,17,0,-0.01,-0.10,0.10,28.83,17,17,0,0.32,0.30,0.40,28.87,17,17,0,433.86,430.40,438.40,24.66,17,0,0,0.10,0.10,0.10,29.53,17,17,0,1.08,1.00,1.10,28.99,17,17,0,0.21,0.20,0.30,28.77,17,17,0
883571,0.38,0.30,0.40,29.45,17,17,0,-0.01,-0.10,0.10,28.81,17,17,0,0.32,0.30,0.40,28.88,17,17,0,433.74,429.50,438.60,24.66,17,0,0,0.09,0.00,0.10,29.53,17,17,0,1.08,1.00,1.10,29.00,17,17,0,0.21,0.20,0.30,28.75,17,17,0
884076,0.38,0.30,0.40,29.47,17,17,0,0.00,-0.10,0.10,28.84,17,17,0,0.32,0.30,0.40,28.88,17,17,0,430.95,427.10,435.00,24.64,17,0,0,0.11,0.10,0.20,29.53,17,17,0,1.09,1.00,1.10,28.99,17,17,0,0.22,0.20,0.30,28.76,17,17,0
884581,0.38,0.30,0.40,29.46,17,17,0,-0.02,-0.10,0.10,28.84,17,17,0,0.33,0.30,0.40,28.89,17,17,0,428.81,425.30,433.30,24.65,17,0,0,0.09,0.00,0.10,29.52,17,17,0,1.08,1.00,1.10,28.98,17,17,0,0.21,0.20,0.30,28.74,17,17,0
885084,0.35,0.30,0.40,29.46,17,17,0,0.01,-0.10,0.10,28.82,17,17,0,0.32,0.30,0.40,28.86,17,17,0,428.18,423.40,434.00,24.66,17,0,0,0.10,0.10,0.10,29.53,17,17,0,1.08,1.00,1.10,29.01,17,17,0,0.22,0.20,0.30,28.77,17,17,0
885587,0.40,0.40,0.40,29.46,17,17,0,-0.01,-0.10,0.10,28.82,17,17,0,0.31,0.30,0.40,28.88,17,17,0,429.19,425.10,437.50,24.67,17,0,0,0.10,0.10,0.10,29.54,17,17,0,1.09,1.00,1.10,29.01,17,17,0,0.22,0.20,0.30,28.77,17,17,0
886099,0.36,0.30,0.40,29.45,17,17,0,-0.02,-0.10,0.10,28.82,17,17,0,0.32,0.30,0.40,28.87,17,17,0,429.65,426.30,433.50,24.65,17,0,0,0.11,0.10,0.20,29.53,17,17,0,1.08,1.00,1.10,28.99,17,17,0,0.22,0.20,0.30,28.76,17,17,0
886599,0.36,0.30,0.40,29.45,17,17,0,-0.02,-0.10,0.00,28.83,17,17,0,0.30,0.30,0.30,28.88,17,17,0,435.20,431.50,440.00,24.65,17,0,0,0.09,0.00,0.20,29.54,17,17,0,1.08,1.00,1.10,28.99,17,17,0,0.22,0.20,0.30,28.77,17,17,0
887099,0.38,0.30,0.40,29.47,17,17,0,-0.02,-0.10,0.10,28.83,17,17,0,0.31,0.30,0.40,28.88,17,17,0,434.32,431.10,439.10,24.65,17,0,0,0.10,0.00,0.20,29.52,17,17,0,1.09,1.00,1.10,29.00,17,17,0,0.24,0.20,0.30,28.75,17,17,0
887599,0.36,0.30,0.40,29.44,17,17,0,-0.01,-0.10,0.10,28.81,17,17,0,0.34,0.30,0.40,28.89,17,17,0,432.76,428.20,440.60,24.65,17,0,0,0.09,0.00,0.10,29.56,17,17,0,1.07,1.00,1.10,29.00,17,17,0,0.21,0.20,0.30,28.76,17,17,0
888101,0.35,0.30,0.40,29.45,17,17,0,0.01,-0.10,0.10,28.82,17,17,0,0.32,0.30,0.40,28.88,17,17,0,429.50,425.80,435.10,24.64,17,0,0,0.10,0.00,0.20,29.53,17,17,0,1.07,1.00,1.10,28.99,17,17,0,0.23,0.20,0.30,28.75,17,17,0
888604,0.37,0.30,0.40,29.45,16,16,0,0.00,-0.10,0.10,28.82,16,16,0,0.32,0.30,0.40,28.88,16,16,0,428.06,425.10,432.20,24.65,16,0,0,0.10,0.10,0.10,29.53,16,16,0,1.09,1.00,1.10,29.01,16,16,0,0.21,0.20,0.30,28.75,16,16,0
889106,0.37,0.30,0.40,29.46,17,17,0,-0.01,-0.10,0.00,28.84,17,17,0,0.32,0.30,0.40,28.86,17,17,0,429.14,424.60,435.50,24.66,17,0,0,0.10,0.10,0.10,29.54,17,17,0,1.08,1.00,1.10,29.00,17,17,0,0.22,0.20,0.30,28.74,17,17,0
889613,0.36,0.30,0.40,29.46,17,17,0,-0.01,-0.10,0.10,28.83,17,17,0,0.32,0.30,0.40,28.88,17,17,0,429.66,424.90,434.90,24.65,17,0,0,0.10,0.10,0.10,29.54,17,17,0,1.08,1.00,1.10,29.00,17,17,0,0.22,0.20,0.30,28.75,17,17,0
890115,0.35,0.30,0.40,29.46,17,17,0,0.01,0.00,0.10,28.85,17,17,0,0.34,0.30,0.40,28.87,17,17,0,436.16,432.00,441.00,24.65,17,0,0,0.09,0.00,0.10,29.54,17,17,0,1.05,1.00,1.10,29.00,17,17,0,0.26,0.20,0.30,28.76,17,17,0
890626,0.35,0.30,0.40,29.45,17,17,0,0.00,-0.10,0.10,28.83,17,17,0,0.32,0.30,0.40,28.87,17,17,0,434.29,430.80,438.40,24.65,17,0,0,0.10,0.10,0.10,29.54,17,17,0,1.08,1.00,1.10,29.00,17,17,0,0.24,0.20,0.30,28.75,17,17,0
891138,0.36,0.30,0.40,29.47,17,17,0,-0.01,-0.10,0.10,28.82,17,17,0,0.32,0.30,0.40,28.88,17,17,0,430.05,425.30,433.90,24.66,17,0,0,0.09,0.00,0.10,29.54,17,17,0,1.06,1.00,1.10,28.99,17,17,0,0.24,0.20,0.30,28.75,17,17,0
891647,0.38,0.30,0.40,29.45,17,17,0,0.01,-0.10,0.10,28.83,17,17,0,0.32,0.30,0.40,28.88,17,17,0,425.85,422.90,429.10,24.65,17,0,0,0.11,0.10,0.20,29.54,17,17,0,1.06,1.00,1.10,28.99,17,17,0,0.22,0.20,0.30,28.74,17,17,0
892158,0.37,0.30,0.40,29.43,17,17,0,0.01,0.00,0.10,28.82,17,17,0,0.31,0.30,0.40,28.88,17,17,0,425.01,421.60,429.30,24.66,17,0,0,0.09,0.00,0.10,29.55,17,17,0,1.09,1.00,1.10,29.00,17,17,0,0.22,0.20,0.30,28.77,17,17,0
892658,0.38,0.30,0.40,29.45,17,17,0,-0.01,-0.10,0.10,28.83,17,17,0,0.34,0.30,0.40,28.89,17,17,0,426.56,422.80,432.40,24.66,17,0,0,0.09,0.00,0.10,29.54,17,17,0,1.08,1.00,1.10,28.99,17,17,0,0.23,0.20,0.30,28.77,17,17,0
893165,0.36,0.30,0.40,29.46,17,17,0,0.00,-0.10,0.10,28.82,17,17,0,0.31,0.30,0.40,28.87,17,17,0,430.44,425.60,436.80,24.64,17,0,0,0.09,0.00,0.10,29.53,17,17,0,1.08,1.00,1.10,29.00,17,17,0,0.23,0.20,0.30,28.76,17,17,0
893668,0.35,0.30,0.40,29.46,17,17,0,-0.01,-0.10,0.10,28.82,17,17,0,0.31,0.30,0.40,28.88,17,17,0,436.29,433.60,442.10,24.64,17,0,0,0.10,0.10,0.10,29.54,17,17,0,1.08,1.00,1.10,29.00,17,17,0,0.22,0.20,0.30,28.74,17,17,0
894168,0.34,0.30,0.40,29.45,17,17,0,0.01,-0.10,0.10,28.83,17,17,0,0.32,0.30,0.40,28.87,17,17,0,435.11,431.70,437.80,24.62,17,0,0,0.09,0.00,0.20,29.55,17,17,0,1.08,1.00,1.10,29.01,17,17,0,0.22,0.20,0.30,28.76,17,17,0
894668,0.34,0.30,0.40,29.45,16,16,0,0.00,-0.10,0.10,28.82,16,16,0,0.33,0.30,0.40,28.86,16,16,0,429.81,425.40,435.40,24.64,16,0,0,0.09,0.00,0.10,29.54,16,16,0,1.08,1.00,1.10,29.00,16,16,0,0.23,0.20,0.30,28.75,16,16,0
895168,0.36,0.30,0.40,29.45,17,17,0,-0.01,-0.10,0.10,28.82,17,17,0,0.32,0.30,0.40,28.88,17,17,0,426.53,422.60,430.00,24.65,17,0,0,0.10,0.10,0.10,29.53,17,17,0,1.07,1.00,1.10,29.01,17,17,0,0.21,0.20,0.30,28.74,17,17,0
895681,0.37,0.30,0.40,29.45,17,17,0,-0.02,-0.10,0.10,28.82,17,17,0,0.32,0.30,0.40,28.87,17,17,0,425.95,423.70,431.00,24.65,17,0,0,0.10,0.10,0.10,29.54,17,17,0,1.05,1.00,1.10,29.01,17,17,0,0.21,0.20,0.30,28.75,17,17,0
896181,0.36,0.30,0.40,29.47,17,17,0,-0.01,-0.10,0.10,28.83,17,17,0,0.31,0.30,0.40,28.88,17,17,0,427.42,423.70,433.20,24.64,17,0,0,0.09,0.00,0.10,29.54,17,17,0,1.09,1.00,1.10,29.01,17,17,0,0.22,0.20,0.30,28.75,17,17,0
896681,0.37,0.30,0.40,29.45,17,17,0,-0.01,-0.10,0.10,28.82,17,17,0,0.31,0.30,0.40,28.89,17,17,0,430.56,425.90,434.70,24.66,17,0,0,0.10,0.10,0.10,29.54,17,17,0,1.09,1.00,1.10,28.99,17,17,0,0.23,0.20,0.30,28.74,17,17,0
897181,0.35,0.30,0.40,29.45,17,17,0,0.01,-0.10,0.10,28.82,17,17,0,0.32,0.30,0.40,28.88,17,17,0,438.66,434.60,443.80,24.66,17,0,0,0.11,0.10,0.20,29.54,17,17,0,1.06,1.00,1.10,28.99,17,17,0,0.23,0.20,0.30,28.74,17,17,0
897682,0.36,0.30,0.40,29.45,17,17,0,0.00,-0.10,0.10,28.83,17,17,0,0.32,0.30,0.40,28.87,17,17,0,438.51,435.30,443.40,24.65,17,0,0,0.11,0.10,0.20,29.54,17,17,0,1.09,1.00,1.10,28.98,17,17,0,0.24,0.20,0.30,28.76,17,17,0
898182,0.37,0.30,0.40,29.46,17,17,0,0.00,-0.10,0.10,28.84,17,17,0,0.31,0.30,0.40,28.88,17,17,0,434.39,429.10,439.90,24.63,17,0,0,0.11,0.10,0.20,29.54,17,17,0,1.06,1.00,1.10,28.99,17,17,0,0.21,0.20,0.30,28.75,17,17,0
898682,0.35,0.30,0.40,29.45,17,17,0,0.00,-0.10,0.10,28.83,17,17,0,0.32,0.30,0.40,28.89,17,17,0,432.62,428.90,435.90,24.66,17,0,0,0.09,0.00,0.10,29.54,17,17,0,1.08,1.00,1.10,29.00,17,17,0,0.22,0.20,0.30,28.74,17,17,0
899182,0.35,0.30,0.40,29.45,17,17,0,-0.01,-0.10,0.10,28.84,17,17,0,0.32,0.30,0.40,28.89,17,17,0,431.46,428.60,438.60,24.65,17,0,0,0.12,0.10,0.20,29.55,17,17,0,1.08,1.00,1.10,29.00,17,17,0,0.22,0.20,0.30,28.76,17,17,0
899686,0.37,0.30,0.40,29.45,17,17,0,0.02,-0.10,0.10,28.83,17,17,0,0.31,0.30,0.40,28.87,17,17,0,432.80,430.00,438.80,24.65,17,0,0,0.09,0.00,0.10,29.55,17,17,0,1.08,1.00,1.10,29.00,17,17,0,0.21,0.20,0.30,28.76,17,17,0
900189,0.38,0.30,0.40,29.44,17,17,0,0.00,-0.10,0.10,28.83,17,17,0,0.32,0.30,0.40,28.89,17,17,0,438.46,432.50,443.90,24.65,17,0,0,0.10,0.10,0.10,29.54,17,17,0,1.08,1.00,1.10,29.00,17,17,0,0.23,0.20,0.30,28.74,17,17,0
900689,0.38,0.30,0.40,29.48,17,17,0,0.00,-0.10,0.10,28.83,17,17,0,0.34,0.30,0.40,28.89,17,17,0,443.62,439.90,447.90,24.64,17,0,0,0.11,0.10,0.20,29.55,17,17,0,1.09,1.00,1.10,29.00,17,17,0,0.22,0.20,0.30,28.76,17,17,0
901189,0.38,0.30,0.40,29.45,17,17,0,-0.01,-0.10,0.10,28.83,17,17,0,0.31,0.30,0.40,28.89,17,17,0,440.64,437.60,444.50,24.65,17,0,0,0.10,0.00,0.20,29.53,17,17,0,1.09,1.00,1.10,28.99,17,17,0,0.23,0.20,0.30,28.76,17,17,0
901696,0.35,0.30,0.40,29.46,17,17,0,0.01,-0.10,0.10,28.82,17,17,0,0.32,0.30,0.40,28.87,17,17,0,435.44,431.00,441.60,24.65,17,0,0,0.10,0.10,0.10,29.54,17,17,0,1.08,1.00,1.10,28.99,17,17,0,0.23,0.20,0.30,28.75,17,17,0
902199,0.36,0.30,0.40,29.45,17,17,0,-0.01,-0.10,0.10,28.83,17,17,0,0.32,0.30,0.40,28.87,17,17,0,430.40,426.00,433.60,24.64,17,0,0,0.10,0.10,0.10,29.56,17,17,0,1.09,1.00,1.10,29.01,17,17,0,0.22,0.20,0.30,28.76,17,17,0
902706,0.37,0.30,0.40,29.47,17,17,0,-0.01,-0.10,0.10,28.85,17,17,0,0.31,0.30,0.40,28.90,17,17,0,427.27,424.00,431.90,24.64,17,0,0,0.10,0.10,0.10,29.55,17,17,0,1.07,1.00,1.10,28.99,17,17,0,0.24,0.20,0.30,28.76,17,17,0
903206,0.36,0.30,0.40,29.47,17,17,0,-0.01,-0.10,0.10,28.85,17,17,0,0.32,0.30,0.40,28.88,17,17,0,428.68,424.40,435.00,24.63,17,0,0,0.10,0.00,0.20,29.54,17,17,0,1.08,1.00,1.10,28.99,17,17,0,0.22,0.20,0.30,28.75,17,17,0
903706,0.36,0.30,0.40,29.47,17,17,0,-0.01,-0.10,0.10,28.81,17,17,0,0.32,0.30,0.40,28.89,17,17,0,431.57,421.70,438.30,24.65,17,0,0,0.11,0.10,0.20,29.54,17,17,0,1.08,1.00,1.10,29.00,17,17,0,0.22,0.20,0.30,28.76,17,17,0
904206,0.37,0.30,0.40,29.46,17,17,0,0.00,-0.10,0.10,28.83,17,17,0,0.32,0.30,0.40,28.88,17,17,0,436.85,433.50,443.80,24.64,17,0,0,0.10,0.10,0.10,29.54,17,17,0,1.06,1.00,1.10,28.98,17,17,0,0.24,0.20,0.30,28.75,17,17,0
904712,0.38,0.30,0.40,29.48,17,17,0,0.00,-0.10,0.10,28.81,17,17,0,0.31,0.30,0.40,28.89,17,17,0,434.58,431.40,439.20,24.64,17,0,0,0.10,0.10,0.10,29.54,17,17,0,1.09,1.00,1.10,29.00,17,17,0,0.23,0.20,0.30,28.76,17,17,0
905212,0.34,0.30,0.40,29.46,17,17,0,0.01,-0.10,0.10,28.80,17,17,0,0.32,0.30,0.40,28.88,17,17,0,430.36,425.20,437.00,24.64,17,0,0,0.10,0.00,0.20,29.55,17,17,0,1.09,1.00,1.10,29.00,17,17,0,0.24,0.20,0.30,28.75,17,17,0
905715,0.36,0.30,0.40,29.45,17,17,0,-0.01,-0.10,0.10,28.84,17,17,0,0.32,0.30,0.40,28.88,17,17,0,425.44,421.10,430.90,24.64,17,0,0,0.09,0.00,0.10,29.55,17,17,0,1.06,1.00,1.10,28.99,17,17,0,0.24,0.20,0.30,28.76,17,17,0
906215,0.36,0.30,0.40,29.47,16,16,0,-0.01,-0.10,0.10,28.83,16,16,0,0.32,0.30,0.40,28.88,16,16,0,422.51,417.90,427.70,24.65,16,0,0,0.10,0.10,0.10,29.55,16,16,0,1.10,1.10,1.10,29.00,16,16,0,0.24,0.20,0.30,28.77,16,16,0
906715,0.33,0.30,0.40,29.47,17,17,0,0.01,0.00,0.10,28.82,17,17,0,0.32,0.30,0.40,28.87,17,17,0,421.72,419.00,426.50,24.66,17,0,0,0.10,0.00,0.20,29.54,17,17,0,1.07,1.00,1.10,29.01,17,17,0,0.22,0.20,0.30,28.75,17,17,0
907223,0.37,0.30,0.40,29.47,17,17,0,0.02,-0.10,0.10,28.83,17,17,0,0.30,0.30,0.30,28.88,17,17,0,420.72,417.50,425.90,24.65,17,0,0,0.09,0.00,0.10,29.54,17,17,0,1.09,1.00,1.10,29.01,17,17,0,0.22,0.20,0.30,28.75,17,17,0
907723,0.36,0.30,0.40,29.47,16,16,0,0.01,-0.10,0.10,28.83,16,16,0,0.32,0.30,0.40,28.88,16,16,0,423.62,419.50,427.20,24.65,16,0,0,0.10,0.10,0.10,29.55,16,16,0,1.09,1.00,1.10,28.99,16,16,0,0.23,0.20,0.30,28.75,16,16,0
908223,0.35,0.30,0.40,29.47,17,17,0,-0.02,-0.10,0.00,28.82,17,17,0,0.32,0.30,0.40,28.87,17,17,0,421.81,417.90,425.90,24.65,17,0,0,0.10,0.10,0.10,29.54,17,17,0,1.09,1.00,1.10,29.01,17,17,0,0.23,0.20,0.30,28.76,17,17,0
908725,0.37,0.30,0.40,29.45,17,17,0,0.03,0.00,0.10,28.82,17,17,0,0.33,0.30,0.40,28.88,17,17,0,416.18,411.20,419.60,24.66,17,0,0,0.11,0.10,0.20,29.54,17,17,0,1.07,1.00,1.10,28.98,17,17,0,0.23,0.20,0.30,28.78,17,17,0
909225,0.37,0.30,0.40,29.46,17,17,0,0.01,-0.10,0.10,28.84,17,17,0,0.30,0.30,0.30,28.88,17,17,0,411.58,407.80,415.50,24.66,17,0,0,0.09,0.00,0.10,29.54,17,17,0,1.09,1.00,1.10,29.00,17,17,0,0.21,0.20,0.30,28.76,17,17,0
909725,0.35,0.30,0.40,29.46,17,17,0,0.01,-0.10,0.10,28.84,17,17,0,0.32,0.30,0.40,28.90,17,17,0,409.42,405.70,413.50,24.67,17,0,0,0.10,0.10,0.10,29.55,17,17,0,1.09,1.00,1.10,28.99,17,17,0,0.23,0.20,0.30,28.77,17,17,0
910225,0.35,0.30,0.40,29.47,17,17,0,0.00,-0.10,0.10,28.83,17,17,0,0.33,0.30,0.40,28.89,17,17,0,409.72,405.70,415.50,24.66,17,0,0,0.09,0.00,0.10,29.55,17,17,0,1.07,1.00,1.10,29.00,17,17,0,0.24,0.20,0.30,28.75,17,17,0
910730,0.37,0.30,0.40,29.46,17,17,0,-0.02,-0.10,0.10,28.85,17,17,0,0.32,0.30,0.40,28.89,17,17,0,411.24,406.80,416.30,24.66,17,0,0,0.09,0.00,0.10,29.54,17,17,0,1.08,1.00,1.10,28.99,17,17,0,0.22,0.20,0.30,28.76,17,17,0
911232,0.32,0.30,0.40,29.46,17,17,0,0.00,-0.10,0.10,28.83,17,17,0,0.32,0.30,0.40,28.90,17,17,0,414.72,411.00,418.40,24.66,17,0,0,0.10,0.10,0.10,29.54,17,17,0,1.04,1.00,1.10,29.00,17,17,0,0.25,0.20,0.30,28.77,17,17,0
911732,0.36,0.30,0.40,29.47,16,16,0,0.01,-0.10,0.10,28.83,16,16,0,0.31,0.30,0.40,28.86,16,16,0,413.17,410.40,416.30,24.66,16,0,0,0.09,0.00,0.10,29.55,16,16,0,1.07,1.00,1.10,29.01,16,16,0,0.21,0.20,0.30,28.76,16,16,0
912232,0.37,0.30,0.40,29.46,16,16,0,0.01,-0.10,0.10,28.83,16,16,0,0.33,0.30,0.40,28.88,16,16,0,409.99,405.60,413.80,24.67,16,0,0,0.11,0.10,0.20,29.55,16,16,0,1.05,1.00,1.10,29.00,16,16,0,0.22,0.20,0.30,28.75,16,16,0
912732,0.37,0.30,0.40,29.47,17,17,0,-0.01,-0.10,0.10,28.83,17,17,0,0.33,0.30,0.40,28.88,17,17,0,404.41,400.60,407.50,24.67,17,0,0,0.10,0.10,0.10,29.55,17,17,0,1.09,1.00,1.10,29.00,17,17,0,0.22,0.10,0.30,28.77,17,17,0
913235,0.37,0.30,0.40,29.47,17,17,0,-0.01,-0.10,0.10,28.83,17,17,0,0.33,0.30,0.40,28.91,17,17,0,401.87,399.10,405.20,24.68,17,0,0,0.09,0.00,0.10,29.55,17,17,0,1.09,1.00,1.10,29.00,17,17,0,0.23,0.20,0.30,28.76,17,17,0
913735,0.36,0.30,0.40,29.48,17,17,0,-0.01,-0.10,0.10,28.84,17,17,0,0.34,0.30,0.40,28.89,17,17,0,402.39,400.00,405.50,24.67,17,0,0,0.11,0.10,0.20,29.55,17,17,0,1.08,1.00,1.10,29.00,17,17,0,0.22,0.20,0.30,28.76,17,17,0
914235,0.35,0.30,0.40,29.48,17,17,0,-0.02,-0.10,0.00,28.85,17,17,0,0.32,0.30,0.40,28.89,17,17,0,404.32,400.40,410.00,24.67,17,0,0,0.09,0.00,0.10,29.55,17,17,0,1.09,1.00,1.10,29.01,17,17,0,0.24,0.20,0.30,28.75,17,17,0
914736,0.37,0.30,0.40,29.47,17,17,0,-0.01,-0.10,0.10,28.82,17,17,0,0.30,0.30,0.30,28.89,17,17,0,409.32,406.50,413.70,24.67,17,0,0,0.09,0.00,0.10,29.55,17,17,0,1.08,1.00,1.10,29.02,17,17,0,0.22,0.20,0.30,28.76,17,17,0
915236,0.38,0.30,0.40,29.47,17,17,0,-0.01,-0.10,0.00,28.82,17,17,0,0.31,0.30,0.40,28.88,17,17,0,410.43,407.20,414.40,24.68,17,0,0,0.09,0.00,0.10,29.56,17,17,0,1.07,1.00,1.10,29.00,17,17,0,0.22,0.20,0.30,28.77,17,17,0
915736,0.36,0.30,0.40,29.47,17,17,0,0.01,-0.10,0.10,28.81,17,17,0,0.32,0.30,0.40,28.89,17,17,0,406.53,401.80,410.90,24.66,17,0,0,0.09,0.00,0.10,29.55,17,17,0,1.08,1.00,1.10,28.99,17,17,0,0.22,0.20,0.30,28.77,17,17,0
916239,0.35,0.30,0.40,29.48,17,17,0,-0.03,-0.10,0.00,28.84,17,17,0,0.32,0.30,0.40,28.89,17,17,0,402.39,397.30,406.60,24.65,17,0,0,0.10,0.10,0.10,29.55,17,17,0,1.07,1.00,1.10,28.99,17,17,0,0.23,0.20,0.30,28.74,17,17,0
916739,0.37,0.30,0.40,29.47,17,17,0,0.00,-0.10,0.10,28.83,17,17,0,0.31,0.30,0.40,28.90,17,17,0,400.35,397.80,402.60,24.68,17,0,0,0.09,0.00,0.10,29.56,17,17,0,1.08,1.00,1.10,28.99,17,17,0,0.24,0.20,0.30,28.76,17,17,0
917246,0.36,0.30,0.40,29.47,17,17,0,0.01,-0.10,0.10,28.83,17,17,0,0.32,0.30,0.40,28.87,17,17,0,401.29,399.20,404.10,24.66,17,0,0,0.10,0.10,0.10,29.56,17,17,0,1.07,1.00,1.10,29.00,17,17,0,0.24,0.20,0.30,28.76,17,17,0
917746,0.34,0.30,0.40,29.48,17,17,0,-0.01,-0.10,0.00,28.82,17,17,0,0.31,0.30,0.40,28.89,17,17,0,404.41,400.10,410.70,24.68,17,0,0,0.10,0.00,0.20,29.55,17,17,0,1.05,1.00,1.10,29.01,17,17,0,0.22,0.20,0.30,28.75,17,17,0
918246,0.36,0.30,0.40,29.48,16,16,0,0.00,-0.10,0.10,28.83,16,16,0,0.31,0.30,0.40,28.89,16,16,0,410.08,407.20,413.70,24.66,16,0,0,0.10,0.00,0.20,29.55,16,16,0,1.07,1.00,1.10,28.98,16,16,0,0.22,0.20,0.30,28.77,16,16,0
918754,0.36,0.30,0.40,29.49,17,17,0,-0.01,-0.10,0.10,28.85,17,17,0,0.32,0.30,0.40,28.91,17,17,0,410.52,406.20,413.30,24.68,17,0,0,0.10,0.10,0.10,29.57,17,17,0,1.06,1.00,1.10,29.00,17,17,0,0.25,0.20,0.30,28.77,17,17,0
919260,0.34,0.30,0.40,29.48,17,17,0,0.00,-0.10,0.10,28.83,17,17,0,0.32,0.30,0.40,28.90,17,17,0,405.45,399.50,409.50,24.66,17,0,0,0.10,0.10,0.10,29.57,17,17,0,1.08,1.00,1.10,29.00,17,17,0,0.22,0.20,0.30,28.75,17,17,0
919770,0.34,0.30,0.40,29.49,17,17,0,-0.02,-0.10,0.00,28.84,17,17,0,0.31,0.30,0.40,28.89,17,17,0,400.32,396.50,405.80,24.67,17,0,0,0.10,0.10,0.10,29.55,17,17,0,1.07,1.00,1.10,28.99,17,17,0,0.22,0.20,0.30,28.76,17,17,0
920278,0.38,0.30,0.40,29.47,17,17,0,0.03,0.00,0.10,28.84,17,17,0,0.30,0.30,0.30,28.89,17,17,0,397.41,394.90,400.40,24.66,17,0,0,0.10,0.10,0.10,29.55,17,17,0,1.07,1.00,1.10,29.00,17,17,0,0.25,0.20,0.30,28.76,17,17,0
920790,0.34,0.30,0.40,29.46,17,17,0,0.02,-0.10,0.10,28.84,17,17,0,0.32,0.30,0.40,28.91,17,17,0,396.82,393.30,400.00,24.67,17,0,0,0.09,0.00,0.10,29.55,17,17,0,1.09,1.00,1.10,29.02,17,17,0,0.22,0.20,0.30,28.76,17,17,0
921292,0.34,0.30,0.40,29.48,17,17,0,0.01,-0.10,0.10,28.84,17,17,0,0.32,0.30,0.40,28.90,17,17,0,399.59,395.80,403.70,24.67,17,0,0,0.10,0.10,0.10,29.55,17,17,0,1.08,1.00,1.10,29.00,17,17,0,0.23,0.20,0.30,28.76,17,17,0
921792,0.37,0.30,0.40,29.48,17,17,0,-0.01,-0.10,0.10,28.83,17,17,0,0.33,0.30,0.40,28.90,17,17,0,402.51,400.30,404.50,24.68,17,0,0,0.09,0.00,0.10,29.55,17,17,0,1.08,1.00,1.10,28.99,17,17,0,0.22,0.20,0.30,28.77,17,17,0
922292,0.35,0.30,0.40,29.49,17,17,0,-0.03,-0.10,0.00,28.83,17,17,0,0.31,0.30,0.40,28.90,17,17,0,402.65,400.00,404.90,24.68,17,0,0,0.09,0.00,0.10,29.55,17,17,0,1.08,1.00,1.10,28.99,17,17,0,0.24,0.20,0.30,28.76,17,17,0
922792,0.38,0.30,0.40,29.47,17,17,0,-0.01,-0.10,0.10,28.83,17,17,0,0.33,0.30,0.40,28.90,17,17,0,397.70,391.80,401.00,24.68,17,0,0,0.10,0.10,0.10,29.57,17,17,0,1.06,1.00,1.10,29.02,17,17,0,0.25,0.20,0.30,28.76,17,17,0
923302,0.35,0.30,0.40,29.48,17,17,0,-0.02,-0.10,0.00,28.83,17,17,0,0.33,0.30,0.40,28.90,17,17,0,392.32,387.60,396.20,24.69,17,0,0,0.11,0.10,0.20,29.56,17,17,0,1.09,1.00,1.10,29.00,17,17,0,0.22,0.20,0.30,28.75,17,17,0
923802,0.35,0.30,0.40,29.48,17,17,0,-0.03,-0.10,0.10,28.84,17,17,0,0.34,0.30,0.40,28.88,17,17,0,389.50,386.90,393.10,24.67,17,0,0,0.11,0.00,0.20,29.57,17,17,0,1.08,1.00,1.10,29.00,17,17,0,0.24,0.20,0.30,28.76,17,17,0
924307,0.35,0.30,0.40,29.47,17,17,0,0.00,-0.10,0.10,28.83,17,17,0,0.32,0.30,0.40,28.91,17,17,0,389.27,386.30,392.70,24.67,17,0,0,0.09,0.00,0.10,29.55,17,17,0,1.08,1.00,1.10,28.99,17,17,0,0.23,0.20,0.30,28.78,17,17,0
924814,0.36,0.30,0.40,29.47,17,17,0,0.01,-0.10,0.10,28.85,17,17,0,0.31,0.30,0.40,28.91,17,17,0,394.69,391.20,400.10,24.69,17,0,0,0.09,0.00,0.10,29.57,17,17,0,1.08,1.00,1.10,29.00,17,17,0,0.22,0.20,0.30,28.78,17,17,0
925319,0.36,0.30,0.40,29.49,17,17,0,-0.04,-0.10,0.00,28.84,17,17,0,0.32,0.30,0.40,28.90,17,17,0,398.83,396.10,401.20,24.69,17,0,0,0.09,0.00,0.10,29.56,17,17,0,1.06,1.00,1.10,29.01,17,17,0,0.23,0.20,0.30,28.78,17,17,0
925822,0.38,0.30,0.40,29.48,17,17,0,-0.06,-0.10,0.00,28.83,17,17,0,0.32,0.30,0.40,28.90,17,17,0,398.91,394.90,401.60,24.68,17,0,0,0.10,0.00,0.20,29.55,17,17,0,1.08,1.00,1.10,29.00,17,17,0,0.24,0.20,0.30,28.77,17,17,0
926324,0.34,0.30,0.40,29.46,16,16,0,-0.01,-0.10,0.10,28.84,16,16,0,0.33,0.30,0.40,28.90,16,16,0,393.79,388.10,398.90,24.67,16,0,0,0.10,0.10,0.10,29.58,16,16,0,1.08,1.00,1.10,29.01,16,16,0,0.24,0.20,0.30,28.77,16,16,0
926834,0.37,0.30,0.40,29.47,17,17,0,-0.01,-0.10,0.00,28.85,17,17,0,0.34,0.30,0.40,28.88,17,17,0,387.18,382.90,391.20,24.69,17,0,0,0.09,0.00,0.10,29.57,17,17,0,1.08,1.00,1.10,29.02,17,17,0,0.24,0.20,0.30,28.77,17,17,0
927336,0.38,0.30,0.40,29.46,17,17,0,-0.01,-0.10,0.10,28.85,17,17,0,0.33,0.30,0.40,28.90,17,17,0,383.78,381.20,388.60,24.68,17,0,0,0.09,0.00,0.20,29.57,17,17,0,1.09,1.00,1.10,29.01,17,17,0,0.24,0.20,0.30,28.77,17,17,0
927836,0.38,0.30,0.40,29.49,17,17,0,0.00,-0.10,0.10,28.84,17,17,0,0.33,0.30,0.40,28.89,17,17,0,384.56,381.50,387.80,24.68,17,0,0,0.11,0.00,0.20,29.56,17,17,0,1.08,1.00,1.10,29.00,17,17,0,0.21,0.20,0.30,28.77,17,17,0
928339,0.36,0.30,0.40,29.48,17,17,0,-0.02,-0.10,0.10,28.83,17,17,0,0.34,0.30,0.40,28.88,17,17,0,394.07,388.80,399.50,24.68,17,0,0,0.11,0.10,0.20,29.55,17,17,0,1.06,1.00,1.10,29.00,17,17,0,0.23,0.20,0.30,28.78,17,17,0
928846,0.35,0.30,0.40,29.47,17,17,0,-0.04,-0.10,0.10,28.84,17,17,0,0.35,0.30,0.40,28.89,17,17,0,400.84,397.70,403.90,24.69,17,0,0,0.10,0.10,0.10,29.57,17,17,0,1.07,1.00,1.10,29.01,17,17,0,0.22,0.20,0.30,28.78,17,17,0
929349,0.35,0.30,0.40,29.48,17,17,0,-0.05,-0.10,0.10,28.83,17,17,0,0.35,0.30,0.40,28.89,17,17,0,405.03,402.40,409.20,24.69,17,0,0,0.09,0.00,0.10,29.55,17,17,0,1.07,1.00,1.10,29.02,17,17,0,0.22,0.20,0.30,28.76,17,17,0
929855,0.34,0.30,0.40,29.48,17,17,0,-0.02,-0.10,0.00,28.84,17,17,0,0.31,0.30,0.40,28.89,17,17,0,403.01,398.60,407.80,24.68,17,0,0,0.10,0.10,0.10,29.55,17,17,0,1.08,1.00,1.10,29.01,17,17,0,0.21,0.20,0.30,28.77,17,17,0
930363,0.38,0.30,0.40,29.46,17,17,0,-0.01,-0.10,0.10,28.81,17,17,0,0.33,0.30,0.40,28.89,17,17,0,398.16,394.60,403.40,24.69,17,0,0,0.09,0.00,0.10,29.54,17,17,0,1.07,1.00,1.10,29.01,17,17,0,0.20,0.20,0.20,28.76,17,17,0
930864,0.36,0.30,0.40,29.46,17,17,0,0.01,-0.10,0.10,28.84,17,17,0,0.31,0.30,0.40,28.88,17,17,0,395.66,392.60,398.60,24.69,17,0,0,0.10,0.10,0.10,29.54,17,17,0,1.06,1.00,1.10,29.01,17,17,0,0.22,0.20,0.30,28.77,17,17,0
931370,0.36,0.30,0.40,29.49,17,17,0,0.01,-0.10,0.10,28.84,17,17,0,0.30,0.30,0.30,28.89,17,17,0,394.84,391.10,398.80,24.68,17,0,0,0.09,0.00,0.10,29.56,17,17,0,1.08,1.00,1.10,29.00,17,17,0,0.23,0.20,0.30,28.77,17,17,0
931870,0.36,0.30,0.40,29.47,17,17,0,-0.01,-0.10,0.00,28.82,17,17,0,0.31,0.30,0.40,28.91,17,17,0,398.82,394.10,403.00,24.70,17,0,0,0.10,0.10,0.10,29.57,17,17,0,1.08,1.00,1.10,29.01,17,17,0,0.24,0.20,0.30,28.77,17,17,0
932382,0.38,0.30,0.40,29.47,17,17,0,-0.01,-0.10,0.10,28.84,17,17,0,0.30,0.30,0.30,28.91,17,17,0,405.61,401.60,408.70,24.68,17,0,0,0.09,0.00,0.10,29.57,17,17,0,1.06,1.00,1.10,28.99,17,17,0,0.22,0.20,0.30,28.77,17,17,0
932882,0.38,0.30,0.40,29.48,17,17,0,-0.02,-0.10,0.00,28.85,17,17,0,0.32,0.30,0.40,28.89,17,17,0,408.51,404.90,414.30,24.67,17,0,0,0.10,0.10,0.10,29.55,17,17,0,1.09,1.00,1.10,29.01,17,17,0,0.22,0.20,0.30,28.77,17,17,0
933382,0.34,0.30,0.40,29.48,17,17,0,0.01,0.00,0.10,28.83,17,17,0,0.30,0.30,0.30,28.89,17,17,0,405.98,400.10,410.80,24.66,17,0,0,0.09,0.00,0.10,29.55,17,17,0,1.08,1.00,1.10,29.00,17,17,0,0.24,0.20,0.30,28.78,17,17,0
933895,0.36,0.30,0.40,29.49,17,17,0,-0.01,-0.10,0.10,28.84,17,17,0,0.32,0.30,0.40,28.89,17,17,0,401.84,399.30,404.50,24.69,17,0,0,0.10,0.10,0.10,29.56,17,17,0,1.08,1.00,1.10,29.01,17,17,0,0.21,0.20,0.30,28.77,17,17,0
934395,0.36,0.30,0.40,29.47,17,17,0,0.01,-0.10,0.10,28.85,17,17,0,0.32,0.30,0.40,28.90,17,17,0,401.45,398.70,405.40,24.67,17,0,0,0.11,0.10,0.20,29.55,17,17,0,1.08,1.00,1.10,29.01,17,17,0,0.23,0.20,0.30,28.78,17,17,0
934895,0.35,0.30,0.40,29.47,16,16,0,-0.02,-0.10,0.10,28.84,16,16,0,0.33,0.30,0.40,28.90,16,16,0,401.77,399.70,405.30,24.68,16,0,0,0.10,0.10,0.10,29.56,16,16,0,1.08,1.00,1.10,29.02,16,16,0,0.21,0.20,0.30,28.77,16,16,0
935398,0.36,0.30,0.40,29.46,17,17,0,-0.02,-0.10,0.00,28.84,17,17,0,0.32,0.30,0.40,28.90,17,17,0,406.68,400.40,411.90,24.67,17,0,0,0.10,0.10,0.10,29.56,17,17,0,1.05,1.00,1.10,29.01,17,17,0,0.22,0.20,0.30,28.78,17,17,0
935905,0.38,0.30,0.40,29.48,17,17,0,-0.02,-0.10,0.10,28.83,17,17,0,0.31,0.30,0.40,28.90,17,17,0,412.83,409.20,415.50,24.66,17,0,0,0.10,0.00,0.20,29.55,17,17,0,1.07,1.00,1.10,29.00,17,17,0,0.23,0.20,0.30,28.78,17,17,0
936412,0.36,0.30,0.40,29.48,17,17,0,-0.02,-0.10,0.00,28.84,17,17,0,0.31,0.30,0.40,28.89,17,17,0,416.19,412.70,419.40,24.68,17,0,0,0.11,0.10,0.20,29.54,17,17,0,1.08,1.00,1.10,29.02,17,17,0,0.22,0.20,0.30,28.77,17,17,0
936912,0.36,0.30,0.40,29.46,17,17,0,-0.03,-0.10,0.00,28.82,17,17,0,0.33,0.30,0.40,28.89,17,17,0,410.16,405.30,414.60,24.67,17,0,0,0.09,0.00,0.10,29.56,17,17,0,1.06,1.00,1.10,29.00,17,17,0,0.23,0.20,0.30,28.79,17,17,0
937412,0.37,0.30,0.40,29.48,17,17,0,-0.01,-0.10,0.10,28.85,17,17,0,0.31,0.30,0.40,28.89,17,17,0,407.45,403.50,411.30,24.68,17,0,0,0.09,0.00,0.10,29.56,17,17,0,1.08,1.00,1.10,28.99,17,17,0,0.23,0.20,0.30,28.77,17,17,0
937912,0.36,0.30,0.40,29.48,17,17,0,-0.02,-0.10,0.00,28.83,17,17,0,0.34,0.30,0.40,28.89,17,17,0,406.25,403.90,409.60,24.68,17,0,0,0.09,0.00,0.10,29.55,17,17,0,1.08,1.00,1.10,29.01,17,17,0,0.23,0.20,0.30,28.76,17,17,0
938417,0.36,0.30,0.40,29.47,17,17,0,-0.01,-0.10,0.00,28.83,17,17,0,0.34,0.30,0.40,28.90,17,17,0,405.70,402.40,411.30,24.68,17,0,0,0.10,0.10,0.10,29.56,17,17,0,1.07,1.00,1.10,29.01,17,17,0,0.21,0.20,0.30,28.76,17,17,0
938917,0.35,0.30,0.40,29.47,17,17,0,-0.03,-0.10,0.10,28.82,17,17,0,0.33,0.30,0.40,28.90,17,17,0,408.91,405.70,414.00,24.67,17,0,0,0.10,0.10,0.10,29.56,17,17,0,1.08,1.00,1.10,29.02,17,17,0,0.24,0.20,0.30,28.77,17,17,0
939417,0.36,0.30,0.40,29.49,17,17,0,0.01,-0.10,0.10,28.83,17,17,0,0.32,0.30,0.40,28.88,17,17,0,416.01,411.10,419.80,24.67,17,0,0,0.08,0.00,0.10,29.55,17,17,0,1.07,1.00,1.10,29.00,17,17,0,0.22,0.20,0.30,28.75,17,17,0
939920,0.33,0.30,0.40,29.49,17,17,0,-0.02,-0.10,0.00,28.86,17,17,0,0.32,0.30,0.40,28.90,17,17,0,418.61,415.10,421.50,24.66,17,0,0,0.09,0.00,0.20,29.55,17,17,0,1.08,1.00,1.10,29.00,17,17,0,0.22,0.20,0.30,28.77,17,17,0
940420,0.37,0.30,0.40,29.47,17,17,0,-0.02,-0.10,0.10,28.83,17,17,0,0.32,0.30,0.40,28.89,17,17,0,416.49,411.10,422.30,24.65,17,0,0,0.09,0.00,0.10,29.56,17,17,0,1.08,1.00,1.10,29.00,17,17,0,0.24,0.20,0.30,28.78,17,17,0
940920,0.36,0.30,0.40,29.47,16,16,0,-0.05,-0.10,0.00,28.84,16,16,0,0.33,0.30,0.40,28.89,16,16,0,415.21,411.20,419.00,24.66,16,0,0,0.10,0.00,0.20,29.56,16,16,0,1.07,1.00,1.10,29.02,16,16,0,0.22,0.20,0.30,28.78,16,16,0
941423,0.34,0.30,0.40,29.47,17,17,0,-0.03,-0.10,0.10,28.84,17,17,0,0.31,0.30,0.40,28.89,17,17,0,413.89,409.70,416.60,24.66,17,0,0,0.10,0.10,0.10,29.56,17,17,0,1.08,1.00,1.10,29.00,17,17,0,0.22,0.20,0.30,28.78,17,17,0
941935,0.35,0.30,0.40,29.47,17,17,0,-0.03,-0.10,0.00,28.85,17,17,0,0.32,0.30,0.40,28.90,17,17,0,415.11,412.10,418.10,24.68,17,0,0,0.10,0.10,0.10,29.56,17,17,0,1.08,1.00,1.10,29.00,17,17,0,0.24,0.20,0.30,28.78,17,17,0
942442,0.38,0.30,0.40,29.47,17,17,0,-0.01,-0.10,0.10,28.84,17,17,0,0.30,0.30,0.30,28.89,17,17,0,417.89,414.00,424.40,24.67,17,0,0,0.11,0.10,0.20,29.55,17,17,0,1.08,1.00,1.10,29.02,17,17,0,0.22,0.20,0.30,28.79,17,17,0
942942,0.36,0.30,0.40,29.48,17,17,0,-0.02,-0.10,0.10,28.84,17,17,0,0.32,0.30,0.40,28.90,17,17,0,422.93,419.40,425.10,24.67,17,0,0,0.10,0.10,0.10,29.56,17,17,0,1.09,1.00,1.10,29.00,17,17,0,0.23,0.20,0.30,28.78,17,17,0
943442,0.37,0.30,0.40,29.48,17,17,0,0.01,-0.10,0.10,28.83,17,17,0,0.32,0.30,0.40,28.90,17,17,0,422.24,418.00,425.80,24.66,17,0,0,0.09,0.00,0.10,29.57,17,17,0,1.08,1.00,1.10,29.01,17,17,0,0.23,0.20,0.30,28.77,17,17,0
943945,0.38,0.30,0.40,29.47,17,17,0,0.00,-0.10,0.10,28.84,17,17,0,0.31,0.30,0.40,28.89,17,17,0,420.42,416.10,424.50,24.66,17,0,0,0.10,0.10,0.10,29.55,17,17,0,1.08,1.00,1.10,29.03,17,17,0,0.22,0.20,0.30,28.77,17,17,0
944446,0.35,0.30,0.40,29.47,17,17,0,-0.01,-0.10,0.10,28.82,17,17,0,0.32,0.30,0.40,28.89,17,17,0,418.04,413.20,421.90,24.67,17,0,0,0.10,0.10,0.10,29.56,17,17,0,1.09,1.00,1.10,29.00,17,17,0,0.21,0.20,0.30,28.78,17,17,0
944958,0.34,0.30,0.40,29.47,17,17,0,-0.02,-0.10,0.00,28.83,17,17,0,0.33,0.30,0.40,28.90,17,17,0,417.06,413.70,421.60,24.66,17,0,0,0.10,0.00,0.20,29.55,17,17,0,1.08,1.00,1.10,29.01,17,17,0,0.22,0.20,0.30,28.77,17,17,0
945458,0.34,0.30,0.40,29.48,16,16,0,-0.03,-0.10,0.00,28.84,16,16,0,0.31,0.30,0.40,28.88,16,16,0,416.48,407.60,421.00,24.66,16,0,0,0.10,0.10,0.10,29.56,16,16,0,1.07,1.00,1.10,29.00,16,16,0,0.24,0.20,0.30,28.75,16,16,0
945958,0.36,0.30,0.40,29.48,17,17,0,-0.04,-0.10,0.00,28.83,17,17,0,0.31,0.30,0.40,28.89,17,17,0,415.75,411.70,422.10,24.67,17,0,0,0.09,0.00,0.10,29.55,17,17,0,1.09,1.00,1.10,29.00,17,17,0,0.23,0.20,0.30,28.77,17,17,0
946469,0.38,0.30,0.40,29.47,17,17,0,-0.02,-0.10,0.10,28.83,17,17,0,0.32,0.30,0.40,28.89,17,17,0,419.01,413.70,423.20,24.67,17,0,0,0.10,0.10,0.10,29.56,17,17,0,1.07,1.00,1.10,29.00,17,17,0,0.22,0.20,0.30,28.78,17,17,0
946969,0.36,0.30,0.40,29.47,17,17,0,-0.01,-0.10,0.10,28.84,17,17,0,0.32,0.30,0.40,28.88,17,17,0,420.80,417.50,424.10,24.65,17,0,0,0.11,0.10,0.20,29.55,17,17,0,1.09,1.00,1.10,29.01,17,17,0,0.22,0.20,0.30,28.76,17,17,0
947469,0.35,0.30,0.40,29.48,17,17,0,-0.01,-0.10,0.10,28.85,17,17,0,0.33,0.30,0.40,28.87,17,17,0,419.40,415.60,423.50,24.66,17,0,0,0.10,0.10,0.10,29.56,17,17,0,1.09,1.00,1.10,29.00,17,17,0,0.22,0.20,0.30,28.78,17,17,0
947975,0.36,0.30,0.40,29.48,17,17,0,-0.01,-0.10,0.10,28.83,17,17,0,0.31,0.30,0.40,28.91,17,17,0,416.84,411.10,421.90,24.66,17,0,0,0.09,0.00,0.10,29.54,17,17,0,1.09,1.00,1.10,29.01,17,17,0,0.21,0.10,0.30,28.78,17,17,0
948483,0.36,0.30,0.40,29.48,17,17,0,-0.01,-0.10,0.10,28.85,17,17,0,0.34,0.30,0.40,28.89,17,17,0,416.97,412.90,420.60,24.65,17,0,0,0.09,0.00,0.10,29.55,17,17,0,1.08,1.00,1.10,29.00,17,17,0,0.22,0.20,0.30,28.78,17,17,0
948983,0.36,0.30,0.40,29.47,17,17,0,-0.01,-0.10,0.10,28.83,17,17,0,0.34,0.30,0.40,28.88,17,17,0,418.46,413.10,421.90,24.65,17,0,0,0.09,0.00,0.10,29.55,17,17,0,1.07,1.00,1.10,29.01,17,17,0,0.21,0.20,0.30,28.78,17,17,0
949483,0.36,0.30,0.40,29.49,17,17,0,-0.01,-0.10,0.00,28.85,17,17,0,0.32,0.30,0.40,28.90,17,17,0,418.35,414.70,422.90,24.64,17,0,0,0.10,0.10,0.10,29.56,17,17,0,1.09,1.00,1.10,29.01,17,17,0,0.22,0.20,0.30,28.77,17,17,0
949983,0.36,0.30,0.40,29.46,17,17,0,-0.02,-0.10,0.10,28.85,17,17,0,0.32,0.30,0.40,28.89,17,17,0,421.69,416.80,427.70,24.64,17,0,0,0.11,0.10,0.20,29.56,17,17,0,1.07,1.00,1.10,29.01,17,17,0,0.22,0.20,0.30,28.76,17,17,0
950484,0.36,0.30,0.40,29.45,17,17,0,0.00,-0.10,0.10,28.83,17,17,0,0.33,0.30,0.40,28.89,17,17,0,423.26,420.30,427.90,24.63,17,0,0,0.10,0.10,0.10,29.54,17,17,0,1.08,1.00,1.10,29.00,17,17,0,0.23,0.20,0.30,28.77,17,17,0
950989,0.36,0.30,0.40,29.47,17,17,0,-0.02,-0.10,0.00,28.83,17,17,0,0.32,0.30,0.40,28.89,17,17,0,423.31,419.70,429.20,24.66,17,0,0,0.10,0.10,0.10,29.54,17,17,0,1.06,1.00,1.10,29.00,17,17,0,0.22,0.20,0.30,28.77,17,17,0
951489,0.34,0.30,0.40,29.47,17,17,0,-0.02,-0.10,0.10,28.83,17,17,0,0.31,0.30,0.40,28.89,17,17,0,423.06,419.20,428.50,24.64,17,0,0,0.11,0.10,0.20,29.54,17,17,0,1.09,1.00,1.10,29.01,17,17,0,0.21,0.20,0.30,28.76,17,17,0
951991,0.35,0.30,0.40,29.45,17,17,0,-0.02,-0.10,0.10,28.85,17,17,0,0.32,0.30,0.40,28.90,17,17,0,423.15,418.30,430.80,24.64,17,0,0,0.10,0.10,0.10,29.55,17,17,0,1.07,1.00,1.10,29.01,17,17,0,0.22,0.20,0.30,28.78,17,17,0
952503,0.36,0.30,0.40,29.45,17,17,0,-0.02,-0.10,0.10,28.82,17,17,0,0.35,0.30,0.40,28.89,17,17,0,425.01,422.20,431.20,24.64,17,0,0,0.09,0.00,0.10,29.56,17,17,0,1.09,1.00,1.10,29.00,17,17,0,0.23,0.20,0.30,28.78,17,17,0
953003,0.35,0.30,0.40,29.45,17,17,0,-0.01,-0.10,0.10,28.82,17,17,0,0.35,0.30,0.40,28.89,17,17,0,426.81,422.30,430.40,24.66,17,0,0,0.09,0.00,0.10,29.56,17,17,0,1.09,1.00,1.10,29.01,17,17,0,0.22,0.20,0.30,28.77,17,17,0
953509,0.36,0.30,0.40,29.48,17,17,0,0.01,-0.10,0.10,28.83,17,17,0,0.32,0.30,0.40,28.89,17,17,0,429.84,423.30,433.70,24.65,17,0,0,0.10,0.10,0.10,29.55,17,17,0,1.08,1.00,1.10,29.01,17,17,0,0.22,0.20,0.30,28.77,17,17,0
954019,0.35,0.30,0.40,29.47,17,17,0,-0.02,-0.10,0.10,28.82,17,17,0,0.32,0.30,0.40,28.90,17,17,0,431.12,426.10,433.80,24.64,17,0,0,0.10,0.10,0.10,29.55,17,17,0,1.09,1.00,1.10,29.01,17,17,0,0.22,0.20,0.30,28.78,17,17,0
954519,0.36,0.30,0.40,29.44,17,17,0,-0.02,-0.10,0.00,28.83,17,17,0,0.32,0.30,0.40,28.89,17,17,0,429.24,424.60,432.90,24.65,17,0,0,0.10,0.10,0.10,29.56,17,17,0,1.08,1.00,1.10,29.00,17,17,0,0.23,0.20,0.30,28.77,17,17,0
955019,0.38,0.30,0.40,29.46,16,16,0,-0.01,-0.10,0.10,28.82,16,16,0,0.34,0.30,0.40,28.87,16,16,0,426.79,422.20,430.50,24.63,16,0,0,0.11,0.10,0.20,29.54,16,16,0,1.08,1.00,1.10,29.00,16,16,0,0.24,0.20,0.30,28.76,16,16,0
955519,0.36,0.30,0.40,29.46,17,17,0,-0.01,-0.10,0.10,28.83,17,17,0,0.35,0.30,0.40,28.89,17,17,0,426.51,421.80,430.90,24.64,17,0,0,0.10,0.10,0.10,29.54,17,17,0,1.06,1.00,1.10,29.01,17,17,0,0.22,0.20,0.30,28.77,17,17,0
956019,0.35,0.30,0.40,29.46,17,17,0,-0.01,-0.10,0.10,28.85,17,17,0,0.33,0.30,0.40,28.89,17,17,0,427.19,424.80,429.90,24.65,17,0,0,0.09,0.00,0.10,29.56,17,17,0,1.08,1.00,1.10,29.01,17,17,0,0.21,0.20,0.30,28.79,17,17,0
956522,0.34,0.30,0.40,29.46,17,17,0,-0.01,-0.10,0.10,28.82,17,17,0,0.33,0.30,0.40,28.90,17,17,0,428.83,422.40,432.10,24.64,17,0,0,0.09,0.00,0.10,29.53,17,17,0,1.08,1.00,1.10,29.02,17,17,0,0.23,0.20,0.30,28.77,17,17,0
957022,0.36,0.30,0.40,29.45,17,17,0,-0.03,-0.10,0.00,28.83,17,17,0,0.31,0.30,0.40,28.90,17,17,0,434.06,428.60,440.00,24.62,17,0,0,0.10,0.00,0.20,29.56,17,17,0,1.06,1.00,1.10,29.01,17,17,0,0.20,0.20,0.20,28.78,17,17,0
957528,0.37,0.30,0.40,29.44,17,17,0,-0.01,-0.10,0.10,28.84,17,17,0,0.31,0.30,0.40,28.88,17,17,0,433.65,428.80,437.40,24.64,17,0,0,0.10,0.10,0.10,29.53,17,17,0,1.06,1.00,1.10,29.00,17,17,0,0.22,0.20,0.30,28.77,17,17,0
958028,0.39,0.30,0.40,29.47,17,17,0,-0.04,-0.10,0.10,28.84,17,17,0,0.32,0.30,0.40,28.89,17,17,0,431.86,427.00,437.60,24.64,17,0,0,0.11,0.10,0.20,29.54,17,17,0,1.07,1.00,1.10,29.00,17,17,0,0.22,0.20,0.30,28.76,17,17,0
958528,0.37,0.30,0.40,29.46,17,17,0,-0.01,-0.10,0.10,28.83,17,17,0,0.32,0.30,0.40,28.89,17,17,0,428.96,422.20,432.70,24.64,17,0,0,0.10,0.10,0.10,29.57,17,17,0,1.05,1.00,1.10,29.02,17,17,0,0.24,0.20,0.30,28.77,17,17,0
959028,0.34,0.30,0.40,29.47,17,17,0,-0.02,-0.10,0.10,28.84,17,17,0,0.32,0.30,0.40,28.87,17,17,0,428.79,426.00,433.60,24.64,17,0,0,0.10,0.10,0.10,29.53,17,17,0,1.08,1.00,1.10,29.01,17,17,0,0.21,0.20,0.30,28.76,17,17,0
959534,0.38,0.30,0.40,29.46,17,17,0,0.01,-0.10,0.10,28.85,17,17,0,0.32,0.30,0.40,28.89,17,17,0,428.71,426.00,433.60,24.64,17,0,0,0.10,0.00,0.20,29.56,17,17,0,1.06,1.00,1.10,29.01,17,17,0,0.22,0.20,0.30,28.78,17,17,0
960039,0.35,0.30,0.40,29.45,17,17,0,-0.01,-0.10,0.10,28.83,17,17,0,0.31,0.30,0.40,28.88,17,17,0,429.66,425.30,435.50,24.63,17,0,0,0.10,0.10,0.10,29.53,17,17,0,1.06,1.00,1.10,29.01,17,17,0,0.23,0.20,0.30,28.77,17,17,0
960548,0.38,0.30,0.40,29.46,17,17,0,-0.02,-0.10,0.10,28.84,17,17,0,0.32,0.30,0.40,28.88,17,17,0,436.23,431.00,440.20,24.65,17,0,0,0.10,0.10,0.10,29.55,17,17,0,1.06,1.00,1.10,29.01,17,17,0,0.21,0.20,0.30,28.79,17,17,0
961048,0.35,0.30,0.40,29.46,17,17,0,-0.01,-0.10,0.10,28.83,17,17,0,0.32,0.30,0.40,28.87,17,17,0,436.88,431.90,442.80,24.63,17,0,0,0.11,0.10,0.20,29.54,17,17,0,1.06,1.00,1.10,29.01,17,17,0,0.24,0.20,0.30,28.77,17,17,0
961548,0.38,0.30,0.40,29.45,17,17,0,-0.01,-0.10,0.10,28.84,17,17,0,0.33,0.30,0.40,28.89,17,17,0,433.15,430.40,437.70,24.64,17,0,0,0.09,0.00,0.20,29.53,17,17,0,1.08,1.00,1.10,29.01,17,17,0,0.21,0.20,0.30,28.79,17,17,0
962048,0.38,0.30,0.40,29.47,17,17,0,-0.02,-0.10,0.10,28.85,17,17,0,0.31,0.30,0.40,28.88,17,17,0,428.29,424.10,433.90,24.63,17,0,0,0.10,0.00,0.20,29.56,17,17,0,1.08,1.00,1.10,29.00,17,17,0,0.25,0.20,0.30,28.77,17,17,0
962550,0.36,0.30,0.40,29.47,17,17,0,-0.02,-0.10,0.10,28.83,17,17,0,0.34,0.30,0.40,28.88,17,17,0,426.94,424.00,432.30,24.64,17,0,0,0.11,0.10,0.20,29.54,17,17,0,1.09,1.00,1.10,29.00,17,17,0,0.22,0.20,0.30,28.76,17,17,0
963050,0.36,0.30,0.40,29.45,17,17,0,-0.01,-0.10,0.10,28.83,17,17,0,0.34,0.30,0.40,28.88,17,17,0,427.25,424.00,430.70,24.63,17,0,0,0.10,0.10,0.10,29.55,17,17,0,1.06,1.00,1.10,29.00,17,17,0,0.21,0.20,0.30,28.77,17,17,0
963550,0.38,0.30,0.40,29.47,17,17,0,-0.01,-0.10,0.10,28.84,17,17,0,0.34,0.30,0.40,28.89,17,17,0,429.48,426.10,435.10,24.63,17,0,0,0.10,0.00,0.20,29.53,17,17,0,1.07,1.00,1.10,29.03,17,17,0,0.22,0.20,0.30,28.78,17,17,0
964050,0.35,0.30,0.40,29.45,17,17,0,-0.03,-0.10,0.10,28.84,17,17,0,0.32,0.30,0.40,28.90,17,17,0,435.64,432.20,438.30,24.65,17,0,0,0.10,0.10,0.10,29.54,17,17,0,1.08,1.00,1.10,29.01,17,17,0,0.23,0.20,0.30,28.78,17,17,0
964554,0.36,0.30,0.40,29.44,16,16,0,0.01,-0.10,0.10,28.84,16,16,0,0.34,0.30,0.40,28.89,16,16,0,436.09,432.60,440.20,24.63,16,0,0,0.10,0.10,0.10,29.54,16,16,0,1.08,1.00,1.10,28.99,16,16,0,0.22,0.20,0.30,28.77,16,16,0
965063,0.35,0.30,0.40,29.45,17,17,0,0.00,-0.10,0.10,28.82,17,17,0,0.34,0.30,0.40,28.89,17,17,0,431.86,428.00,434.40,24.64,17,0,0,0.10,0.10,0.10,29.54,17,17,0,1.08,1.00,1.10,29.01,17,17,0,0.24,0.20,0.30,28.78,17,17,0
965563,0.35,0.30,0.40,29.46,17,17,0,-0.01,-0.10,0.10,28.84,17,17,0,0.32,0.30,0.40,28.89,17,17,0,427.78,424.50,431.50,24.63,17,0,0,0.10,0.10,0.10,29.53,17,17,0,1.06,1.00,1.10,29.02,17,17,0,0.22,0.20,0.30,28.78,17,17,0
966066,0.36,0.30,0.40,29.46,17,17,0,0.01,0.00,0.10,28.85,17,17,0,0.31,0.30,0.40,28.89,17,17,0,426.13,422.20,428.70,24.64,17,0,0,0.09,0.00,0.10,29.54,17,17,0,1.07,1.00,1.10,29.02,17,17,0,0.21,0.20,0.30,28.77,17,17,0
966572,0.36,0.30,0.40,29.46,17,17,0,0.00,-0.10,0.10,28.83,17,17,0,0.32,0.30,0.40,28.89,17,17,0,426.79,423.90,429.20,24.65,17,0,0,0.11,0.00,0.20,29.55,17,17,0,1.07,1.00,1.10,29.01,17,17,0,0.21,0.20,0.30,28.76,17,17,0
967072,0.34,0.30,0.40,29.47,17,17,0,-0.03,-0.10,0.00,28.83,17,17,0,0.34,0.30,0.40,28.89,17,17,0,430.14,427.30,435.90,24.62,17,0,0,0.10,0.00,0.20,29.54,17,17,0,1.06,1.00,1.10,29.03,17,17,0,0.22,0.20,0.30,28.77,17,17,0
967581,0.36,0.30,0.40,29.46,17,17,0,-0.02,-0.10,0.10,28.85,17,17,0,0.32,0.30,0.40,28.89,17,17,0,436.98,433.00,440.60,24.64,17,0,0,0.09,0.00,0.10,29.53,17,17,0,1.06,1.00,1.10,29.00,17,17,0,0.23,0.20,0.30,28.75,17,17,0
968087,0.34,0.30,0.40,29.46,17,17,0,-0.02,-0.10,0.10,28.83,17,17,0,0.32,0.30,0.40,28.89,17,17,0,440.49,437.40,444.40,24.64,17,0,0,0.10,0.10,0.10,29.53,17,17,0,1.08,1.00,1.10,29.00,17,17,0,0.23,0.20,0.30,28.77,17,17,0
968595,0.36,0.30,0.40,29.46,17,17,0,-0.02,-0.10,0.10,28.83,17,17,0,0.32,0.30,0.40,28.89,17,17,0,437.39,433.90,443.80,24.62,17,0,0,0.09,0.00,0.20,29.54,17,17,0,1.07,1.00,1.10,29.01,17,17,0,0.20,0.20,0.20,28.79,17,17,0
969101,0.36,0.30,0.40,29.47,17,17,0,0.01,-0.10,0.10,28.81,17,17,0,0.34,0.30,0.40,28.88,17,17,0,432.71,428.90,439.80,24.62,17,0,0,0.10,0.00,0.20,29.53,17,17,0,1.06,1.00,1.10,29.00,17,17,0,0.21,0.20,0.30,28.77,17,17,0
969604,0.35,0.30,0.40,29.45,17,17,0,-0.01,-0.10,0.10,28.83,17,17,0,0.31,0.30,0.40,28.88,17,17,0,429.68,426.00,434.90,24.63,17,0,0,0.11,0.10,0.20,29.55,17,17,0,1.09,1.00,1.10,29.00,17,17,0,0.22,0.20,0.30,28.78,17,17,0
970117,0.36,0.30,0.40,29.44,17,17,0,-0.02,-0.10,0.10,28.84,17,17,0,0.33,0.30,0.40,28.88,17,17,0,430.99,427.70,434.60,24.63,17,0,0,0.09,0.00,0.10,29.56,17,17,0,1.08,1.00,1.10,29.00,17,17,0,0.21,0.10,0.30,28.78,17,17,0
970624,0.35,0.30,0.40,29.46,17,17,0,-0.02,-0.10,0.10,28.83,17,17,0,0.32,0.30,0.40,28.88,17,17,0,436.39,431.60,442.10,24.62,17,0,0,0.10,0.10,0.10,29.53,17,17,0,1.08,1.00,1.10,29.01,17,17,0,0.22,0.20,0.30,28.79,17,17,0
971130,0.37,0.30,0.40,29.46,17,17,0,-0.02,-0.10,0.10,28.84,17,17,0,0.32,0.30,0.40,28.88,17,17,0,441.49,437.90,444.60,24.61,17,0,0,0.09,0.00,0.10,29.54,17,17,0,1.06,1.00,1.10,29.01,17,17,0,0.24,0.20,0.30,28.77,17,17,0
971635,0.34,0.30,0.40,29.45,17,17,0,-0.02,-0.10,0.00,28.81,17,17,0,0.32,0.30,0.40,28.91,17,17,0,442.56,438.40,445.90,24.62,17,0,0,0.09,0.00,0.10,29.53,17,17,0,1.06,1.00,1.10,29.02,17,17,0,0.21,0.20,0.30,28.80,17,17,0
972138,0.35,0.30,0.40,29.45,17,17,0,-0.01,-0.10,0.10,28.85,17,17,0,0.34,0.30,0.40,28.88,17,17,0,436.09,432.50,440.30,24.62,17,0,0,0.10,0.00,0.20,29.55,17,17,0,1.06,1.00,1.10,29.01,17,17,0,0.21,0.20,0.30,28.79,17,17,0
972644,0.36,0.30,0.40,29.47,17,17,0,-0.01,-0.10,0.00,28.84,17,17,0,0.32,0.30,0.40,28.89,17,17,0,430.31,425.60,434.90,24.62,17,0,0,0.10,0.10,0.10,29.56,17,17,0,1.08,1.00,1.10,29.01,17,17,0,0.24,0.20,0.30,28.78,17,17,0
973144,0.36,0.30,0.40,29.46,17,17,0,-0.02,-0.10,0.00,28.84,17,17,0,0.33,0.30,0.40,28.89,17,17,0,426.81,423.20,430.90,24.63,17,0,0,0.11,0.10,0.20,29.57,17,17,0,1.08,1.00,1.10,29.01,17,17,0,0.24,0.20,0.30,28.77,17,17,0
973644,0.35,0.30,0.40,29.45,17,17,0,-0.02,-0.10,0.10,28.85,17,17,0,0.32,0.30,0.40,28.88,17,17,0,426.48,422.40,431.40,24.62,17,0,0,0.10,0.10,0.10,29.56,17,17,0,1.06,1.00,1.10,29.01,17,17,0,0.21,0.10,0.30,28.77,17,17,0
974147,0.35,0.30,0.40,29.45,17,17,0,-0.02,-0.10,0.10,28.83,17,17,0,0.33,0.30,0.40,28.89,17,17,0,429.83,424.70,437.70,24.62,17,0,0,0.09,0.00,0.10,29.55,17,17,0,1.09,1.00,1.10,29.01,17,17,0,0.25,0.20,0.30,28.80,17,17,0
974649,0.35,0.30,0.40,29.46,17,17,0,-0.01,-0.10,0.10,28.84,17,17,0,0.33,0.30,0.40,28.89,17,17,0,435.14,428.60,440.50,24.63,17,0,0,0.11,0.10,0.20,29.55,17,17,0,1.08,1.00,1.10,29.02,17,17,0,0.24,0.20,0.30,28.78,17,17,0
975155,0.34,0.30,0.40,29.45,17,17,0,-0.01,-0.10,0.10,28.82,17,17,0,0.32,0.30,0.40,28.88,17,17,0,436.06,432.00,441.20,24.63,17,0,0,0.10,0.10,0.10,29.55,17,17,0,1.06,1.00,1.10,29.02,17,17,0,0.22,0.20,0.30,28.77,17,17,0
975658,0.32,0.30,0.40,29.47,17,17,0,-0.01,-0.10,0.10,28.83,17,17,0,0.33,0.30,0.40,28.89,17,17,0,431.46,427.90,435.30,24.63,17,0,0,0.09,0.00,0.10,29.55,17,17,0,1.07,1.00,1.10,29.01,17,17,0,0.23,0.20,0.30,28.78,17,17,0
976158,0.35,0.30,0.40,29.47,17,17,0,-0.02,-0.10,0.10,28.81,17,17,0,0.34,0.30,0.40,28.89,17,17,0,425.65,421.50,431.20,24.65,17,0,0,0.10,0.10,0.10,29.55,17,17,0,1.08,1.00,1.10,29.02,17,17,0,0.21,0.20,0.30,28.76,17,17,0
976666,0.35,0.30,0.40,29.46,17,17,0,-0.04,-0.10,0.10,28.84,17,17,0,0.34,0.30,0.40,28.88,17,17,0,422.12,419.70,426.90,24.64,17,0,0,0.10,0.10,0.10,29.54,17,17,0,1.08,1.00,1.10,29.01,17,17,0,0.27,0.20,0.30,28.79,17,17,0
977178,0.35,0.30,0.40,29.47,17,17,0,-0.01,-0.10,0.10,28.84,17,17,0,0.34,0.30,0.40,28.89,17,17,0,419.53,415.90,423.70,24.64,17,0,0,0.10,0.10,0.10,29.56,17,17,0,1.09,1.00,1.10,29.00,17,17,0,0.23,0.20,0.30,28.78,17,17,0
977681,0.35,0.30,0.40,29.46,17,17,0,-0.01,-0.10,0.10,28.83,17,17,0,0.34,0.30,0.40,28.88,17,17,0,419.39,414.10,424.80,24.63,17,0,0,0.10,0.00,0.20,29.54,17,17,0,1.08,1.00,1.10,29.01,17,17,0,0.23,0.20,0.30,28.79,17,17,0
978186,0.35,0.30,0.40,29.46,17,17,0,-0.03,-0.10,0.10,28.83,17,17,0,0.31,0.30,0.40,28.87,17,17,0,422.79,419.10,425.70,24.63,17,0,0,0.10,0.10,0.10,29.55,17,17,0,1.08,1.00,1.10,29.00,17,17,0,0.21,0.20,0.30,28.77,17,17,0
978691,0.35,0.30,0.40,29.45,17,17,0,-0.01,-0.10,0.10,28.85,17,17,0,0.31,0.30,0.40,28.89,17,17,0,421.46,418.60,425.10,24.63,17,0,0,0.09,0.00,0.10,29.55,17,17,0,1.07,1.00,1.10,29.01,17,17,0,0.22,0.20,0.30,28.77,17,17,0
979191,0.34,0.30,0.40,29.47,17,17,0,-0.01,-0.10,0.10,28.83,17,17,0,0.32,0.30,0.40,28.88,17,17,0,416.25,413.50,420.40,24.63,17,0,0,0.10,0.10,0.10,29.55,17,17,0,1.07,1.00,1.10,29.00,17,17,0,0.21,0.20,0.30,28.78,17,17,0
979697,0.35,0.30,0.40,29.45,17,17,0,0.00,-0.10,0.10,28.84,17,17,0,0.34,0.30,0.40,28.88,17,17,0,410.93,408.10,414.70,24.65,17,0,0,0.10,0.10,0.10,29.57,17,17,0,1.06,1.00,1.10,29.02,17,17,0,0.21,0.20,0.30,28.78,17,17,0
980197,0.36,0.30,0.40,29.45,17,17,0,-0.02,-0.10,0.10,28.84,17,17,0,0.32,0.30,0.40,28.88,17,17,0,408.71,404.60,412.80,24.63,17,0,0,0.09,0.00,0.20,29.54,17,17,0,1.07,1.00,1.10,29.02,17,17,0,0.23,0.20,0.30,28.77,17,17,0
980697,0.35,0.30,0.40,29.46,17,17,0,0.00,-0.10,0.10,28.81,17,17,0,0.32,0.30,0.40,28.89,17,17,0,407.98,405.10,411.80,24.65,17,0,0,0.11,0.10,0.20,29.55,17,17,0,1.08,1.00,1.10,29.02,17,17,0,0.22,0.20,0.30,28.77,17,17,0
981197,0.36,0.30,0.40,29.46,16,16,0,-0.01,-0.10,0.10,28.83,16,16,0,0.31,0.30,0.40,28.89,16,16,0,410.69,406.20,416.80,24.65,16,0,0,0.10,0.10,0.10,29.54,16,16,0,1.09,1.00,1.10,29.01,16,16,0,0.22,0.10,0.30,28.78,16,16,0
981700,0.35,0.30,0.40,29.47,17,17,0,0.01,-0.10,0.10,28.84,17,17,0,0.31,0.30,0.40,28.89,17,17,0,415.11,410.50,419.70,24.63,17,0,0,0.09,0.00,0.10,29.54,17,17,0,1.06,1.00,1.10,29.01,17,17,0,0.22,0.20,0.30,28.80,17,17,0
982206,0.35,0.30,0.40,29.46,17,17,0,-0.02,-0.10,0.10,28.84,17,17,0,0.33,0.30,0.40,28.90,17,17,0,416.22,411.60,420.40,24.64,17,0,0,0.09,0.00,0.10,29.55,17,17,0,1.09,1.00,1.10,29.02,17,17,0,0.21,0.20,0.30,28.77,17,17,0
982706,0.35,0.30,0.40,29.47,17,17,0,0.00,-0.10,0.10,28.83,17,17,0,0.34,0.30,0.40,28.91,17,17,0,412.29,409.80,415.40,24.66,17,0,0,0.10,0.10,0.10,29.55,17,17,0,1.09,1.00,1.10,29.01,17,17,0,0.22,0.20,0.30,28.78,17,17,0
983206,0.36,0.30,0.40,29.47,16,16,0,-0.02,-0.10,0.10,28.84,16,16,0,0.32,0.30,0.40,28.90,16,16,0,408.51,404.60,413.00,24.64,16,0,0,0.10,0.10,0.10,29.53,16,16,0,1.09,1.00,1.10,29.02,16,16,0,0.24,0.20,0.30,28.79,16,16,0
983710,0.35,0.30,0.40,29.45,17,17,0,0.00,-0.10,0.10,28.84,17,17,0,0.31,0.30,0.40,28.90,17,17,0,406.00,403.00,408.40,24.65,17,0,0,0.11,0.10,0.20,29.55,17,17,0,1.05,1.00,1.10,29.02,17,17,0,0.23,0.20,0.30,28.77,17,17,0
984216,0.36,0.30,0.40,29.47,17,17,0,-0.01,-0.10,0.10,28.85,17,17,0,0.32,0.30,0.40,28.88,17,17,0,404.44,401.10,410.10,24.66,17,0,0,0.09,0.00,0.10,29.54,17,17,0,1.09,1.00,1.10,29.00,17,17,0,0.24,0.20,0.30,28.79,17,17,0
984727,0.36,0.30,0.40,29.46,17,17,0,0.03,0.00,0.10,28.85,17,17,0,0.33,0.30,0.40,28.89,17,17,0,404.46,399.50,408.50,24.66,17,0,0,0.10,0.10,0.10,29.55,17,17,0,1.07,1.00,1.10,29.02,17,17,0,0.22,0.20,0.30,28.77,17,17,0
985227,0.36,0.30,0.40,29.47,17,17,0,-0.01,-0.10,0.10,28.83,17,17,0,0.34,0.30,0.40,28.91,17,17,0,408.46,403.90,412.80,24.64,17,0,0,0.11,0.10,0.20,29.55,17,17,0,1.06,1.00,1.10,29.02,17,17,0,0.24,0.20,0.30,28.77,17,17,0
985730,0.36,0.30,0.40,29.47,17,17,0,-0.01,-0.10,0.10,28.84,17,17,0,0.33,0.30,0.40,28.90,17,17,0,409.96,407.10,414.30,24.65,17,0,0,0.09,0.00,0.10,29.57,17,17,0,1.07,1.00,1.10,29.00,17,17,0,0.22,0.20,0.30,28.79,17,17,0
986230,0.38,0.30,0.40,29.49,17,17,0,-0.02,-0.10,0.10,28.84,17,17,0,0.33,0.30,0.40,28.89,17,17,0,406.39,404.30,409.30,24.65,17,0,0,0.10,0.10,0.10,29.55,17,17,0,1.05,1.00,1.10,29.01,17,17,0,0.22,0.20,0.30,28.77,17,17,0
986735,0.38,0.30,0.40,29.47,17,17,0,-0.01,-0.10,0.10,28.83,17,17,0,0.32,0.30,0.40,28.89,17,17,0,403.12,399.90,409.30,24.65,17,0,0,0.10,0.10,0.10,29.56,17,17,0,1.09,1.00,1.10,29.00,17,17,0,0.22,0.20,0.30,28.78,17,17,0
987235,0.37,0.30,0.40,29.45,17,17,0,-0.01,-0.10,0.00,28.83,17,17,0,0.31,0.30,0.40,28.89,17,17,0,400.98,398.00,404.50,24.65,17,0,0,0.10,0.10,0.10,29.56,17,17,0,1.08,1.00,1.10,29.01,17,17,0,0.21,0.20,0.30,28.77,17,17,0
987735,0.34,0.30,0.40,29.48,17,17,0,0.01,-0.10,0.10,28.83,17,17,0,0.32,0.30,0.40,28.89,17,17,0,400.81,397.60,404.30,24.66,17,0,0,0.09,0.00,0.10,29.56,17,17,0,1.08,1.00,1.10,29.01,17,17,0,0.21,0.20,0.30,28.77,17,17,0
988248,0.35,0.30,0.40,29.49,17,17,0,-0.01,-0.10,0.10,28.83,17,17,0,0.32,0.30,0.40,28.89,17,17,0,403.69,399.50,409.20,24.66,17,0,0,0.09,0.00,0.10,29.55,17,17,0,1.09,1.00,1.10,29.02,17,17,0,0.22,0.20,0.30,28.80,17,17,0
988748,0.34,0.30,0.40,29.48,16,16,0,-0.01,-0.10,0.00,28.85,16,16,0,0.33,0.30,0.40,28.88,16,16,0,408.66,404.80,412.50,24.65,16,0,0,0.09,0.00,0.10,29.55,16,16,0,1.08,1.00,1.10,29.02,16,16,0,0.21,0.20,0.30,28.77,16,16,0
989254,0.34,0.30,0.40,29.46,17,17,0,-0.04,-0.10,0.00,28.84,17,17,0,0.32,0.30,0.40,28.91,17,17,0,412.42,409.80,417.20,24.67,17,0,0,0.11,0.10,0.20,29.57,17,17,0,1.07,1.00,1.10,29.01,17,17,0,0.21,0.20,0.30,28.78,17,17,0
989754,0.35,0.30,0.40,29.46,17,17,0,0.00,-0.10,0.10,28.82,17,17,0,0.33,0.30,0.40,28.90,17,17,0,409.68,406.70,413.10,24.66,17,0,0,0.11,0.10,0.20,29.55,17,17,0,1.06,1.00,1.10,29.02,17,17,0,0.22,0.20,0.30,28.79,17,17,0
990260,0.36,0.30,0.40,29.47,17,17,0,-0.02,-0.10,0.00,28.83,17,17,0,0.34,0.30,0.40,28.90,17,17,0,404.30,400.40,409.50,24.65,17,0,0,0.09,0.00,0.10,29.55,17,17,0,1.09,1.00,1.10,29.01,17,17,0,0.22,0.20,0.30,28.78,17,17,0
990760,0.34,0.30,0.40,29.47,17,17,0,-0.02,-0.10,0.00,28.83,17,17,0,0.31,0.30,0.40,28.90,17,17,0,400.72,395.40,405.20,24.67,17,0,0,0.10,0.10,0.10,29.56,17,17,0,1.07,1.00,1.10,29.01,17,17,0,0.22,0.20,0.30,28.79,17,17,0
991260,0.35,0.30,0.40,29.47,16,16,0,0.00,-0.10,0.10,28.82,16,16,0,0.33,0.30,0.40,28.91,16,16,0,399.52,396.40,401.70,24.65,16,0,0,0.09,0.00,0.10,29.56,16,16,0,1.06,1.00,1.10,29.01,16,16,0,0.23,0.20,0.30,28.78,16,16,0
991772,0.36,0.30,0.40,29.48,17,17,0,0.01,-0.10,0.10,28.84,17,17,0,0.33,0.30,0.40,28.89,17,17,0,399.17,395.50,405.00,24.66,17,0,0,0.10,0.10,0.10,29.54,17,17,0,1.08,1.00,1.10,29.01,17,17,0,0.22,0.20,0.30,28.78,17,17,0
992272,0.35,0.30,0.40,29.48,17,17,0,-0.01,-0.10,0.10,28.84,17,17,0,0.33,0.30,0.40,28.89,17,17,0,402.63,399.90,405.10,24.66,17,0,0,0.10,0.10,0.10,29.55,17,17,0,1.08,1.00,1.10,29.01,17,17,0,0.21,0.20,0.30,28.78,17,17,0
992784,0.33,0.30,0.40,29.48,17,17,0,0.00,-0.10,0.10,28.84,17,17,0,0.34,0.30,0.40,28.90,17,17,0,404.10,400.30,409.40,24.64,17,0,0,0.09,0.00,0.10,29.54,17,17,0,1.08,1.00,1.10,29.00,17,17,0,0.23,0.20,0.30,28.80,17,17,0
993293,0.35,0.30,0.40,29.47,17,17,0,-0.04,-0.10,0.00,28.84,17,17,0,0.31,0.30,0.40,28.91,17,17,0,401.75,397.70,404.80,24.66,17,0,0,0.09,0.00,0.10,29.54,17,17,0,1.07,1.00,1.10,29.02,17,17,0,0.21,0.20,0.30,28.77,17,17,0
993799,0.35,0.30,0.40,29.48,17,17,0,-0.02,-0.10,0.10,28.83,17,17,0,0.35,0.30,0.40,28.89,17,17,0,396.78,393.30,403.10,24.66,17,0,0,0.10,0.10,0.10,29.57,17,17,0,1.08,1.00,1.10,29.02,17,17,0,0.21,0.20,0.30,28.78,17,17,0
994303,0.35,0.30,0.40,29.47,17,17,0,-0.01,-0.10,0.10,28.84,17,17,0,0.33,0.30,0.40,28.88,17,17,0,393.73,389.80,398.80,24.65,17,0,0,0.08,0.00,0.10,29.56,17,17,0,1.07,1.00,1.10,29.02,17,17,0,0.21,0.20,0.30,28.77,17,17,0
994804,0.34,0.30,0.40,29.47,17,17,0,-0.01,-0.10,0.10,28.83,17,17,0,0.32,0.30,0.40,28.89,17,17,0,392.49,389.60,396.70,24.66,17,0,0,0.11,0.10,0.20,29.55,17,17,0,1.06,1.00,1.10,29.02,17,17,0,0.20,0.20,0.20,28.78,17,17,0
995310,0.35,0.30,0.40,29.47,17,17,0,0.01,-0.10,0.10,28.84,17,17,0,0.32,0.30,0.40,28.91,17,17,0,396.56,391.70,402.70,24.66,17,0,0,0.08,0.00,0.10,29.56,17,17,0,1.06,1.00,1.10,29.01,17,17,0,0.21,0.20,0.30,28.79,17,17,0
995813,0.36,0.30,0.40,29.47,17,17,0,-0.01,-0.10,0.00,28.85,17,17,0,0.32,0.30,0.40,28.91,17,17,0,398.78,394.40,402.60,24.67,17,0,0,0.10,0.00,0.20,29.55,17,17,0,1.07,1.00,1.10,29.02,17,17,0,0.21,0.20,0.30,28.78,17,17,0
996326,0.36,0.30,0.40,29.46,17,17,0,-0.04,-0.10,0.00,28.84,17,17,0,0.31,0.30,0.40,28.90,17,17,0,397.39,393.50,400.40,24.66,17,0,0,0.09,0.00,0.20,29.56,17,17,0,1.07,1.00,1.10,29.01,17,17,0,0.22,0.20,0.30,28.79,17,17,0
996827,0.35,0.30,0.40,29.47,17,17,0,-0.01,-0.10,0.10,28.83,17,17,0,0.31,0.30,0.40,28.91,17,17,0,393.89,390.60,397.90,24.67,17,0,0,0.10,0.10,0.10,29.56,17,17,0,1.05,1.00,1.10,29.01,17,17,0,0.21,0.20,0.30,28.79,17,17,0
997329,0.36,0.30,0.40,29.48,17,17,0,-0.03,-0.10,0.10,28.83,17,17,0,0.32,0.30,0.40,28.90,17,17,0,385.98,381.70,390.50,24.66,17,0,0,0.10,0.10,0.10,29.56,17,17,0,1.08,1.00,1.10,29.02,17,17,0,0.22,0.20,0.30,28.78,17,17,0
997832,0.37,0.30,0.40,29.48,17,17,0,0.02,-0.10,0.10,28.85,17,17,0,0.32,0.30,0.40,28.90,17,17,0,383.46,380.30,387.60,24.69,17,0,0,0.11,0.10,0.20,29.56,17,17,0,1.06,1.00,1.10,29.02,17,17,0,0.21,0.20,0.30,28.78,17,17,0
998337,0.36,0.30,0.40,29.48,17,17,0,-0.03,-0.10,0.00,28.84,17,17,0,0.31,0.30,0.40,28.88,17,17,0,383.92,381.20,386.30,24.68,17,0,0,0.11,0.10,0.20,29.56,17,17,0,1.05,1.00,1.10,29.02,17,17,0,0.22,0.20,0.30,28.81,17,17,0
998837,0.37,0.30,0.40,29.48,16,16,0,0.01,-0.10,0.10,28.85,16,16,0,0.32,0.30,0.40,28.89,16,16,0,390.16,385.60,394.70,24.67,16,0,0,0.11,0.10,0.20,29.55,16,16,0,1.07,1.00,1.10,29.04,16,16,0,0.21,0.20,0.30,28.78,16,16,0
999345,0.35,0.30,0.40,29.47,17,17,0,-0.01,-0.10,0.00,28.85,17,17,0,0.32,0.30,0.40,28.89,17,17,0,396.81,391.60,401.90,24.67,17,0,0,0.09,0.00,0.10,29.56,17,17,0,1.06,1.00,1.10,29.01,17,17,0,0.20,0.20,0.20,28.78,17,17,0
999845,0.34,0.30,0.40,29.48,17,17,0,-0.01,-0.10,0.00,28.85,17,17,0,0.32,0.30,0.40,28.91,17,17,0,402.98,400.30,407.10,24.66,17,0,0,0.10,0.10,0.10,29.56,17,17,0,1.07,1.00,1.10,29.01,17,17,0,0.22,0.20,0.30,28.78,17,17,0
1000356,0.36,0.30,0.40,29.49,17,17,0,-0.02,-0.10,0.10,28.84,17,17,0,0.35,0.30,0.40,28.89,17,17,0,402.98,401.10,405.20,24.68,17,0,0,0.09,0.00,0.10,29.55,17,17,0,1.08,1.00,1.10,29.01,17,17,0,0.24,0.20,0.30,28.79,17,17,0
1000856,0.35,0.30,0.40,29.47,17,17,0,-0.03,-0.10,0.00,28.83,17,17,0,0.32,0.30,0.40,28.92,17,17,0,398.37,395.60,402.80,24.65,17,0,0,0.11,0.10,0.20,29.56,17,17,0,1.08,1.00,1.10,29.01,17,17,0,0.23,0.20,0.30,28.80,17,17,0
1001356,0.35,0.30,0.40,29.47,17,17,0,-0.03,-0.10,0.00,28.83,17,17,0,0.31,0.30,0.40,28.90,17,17,0,397.06,393.40,404.40,24.66,17,0,0,0.09,0.00,0.10,29.56,17,17,0,1.08,1.00,1.10,29.02,17,17,0,0.22,0.20,0.30,28.78,17,17,0
1001858,0.35,0.30,0.40,29.48,17,17,0,-0.02,-0.10,0.10,28.84,17,17,0,0.31,0.30,0.40,28.91,17,17,0,396.36,390.50,400.10,24.68,17,0,0,0.10,0.10,0.10,29.56,17,17,0,1.07,1.00,1.10,29.04,17,17,0,0.23,0.20,0.30,28.80,17,17,0
1002358,0.36,0.30,0.40,29.47,16,16,0,-0.03,-0.10,0.10,28.85,16,16,0,0.33,0.30,0.40,28.90,16,16,0,399.92,396.80,404.30,24.66,16,0,0,0.10,0.10,0.10,29.56,16,16,0,1.07,1.00,1.10,29.02,16,16,0,0.24,0.20,0.30,28.78,16,16,0
1002866,0.36,0.30,0.40,29.49,17,17,0,0.01,-0.10,0.10,28.84,17,17,0,0.34,0.30,0.40,28.90,17,17,0,406.88,401.90,414.90,24.67,17,0,0,0.09,0.00,0.10,29.55,17,17,0,1.07,1.00,1.10,29.02,17,17,0,0.21,0.20,0.30,28.79,17,17,0
1003373,0.37,0.30,0.40,29.48,17,17,0,-0.02,-0.10,0.00,28.83,17,17,0,0.32,0.30,0.40,28.90,17,17,0,410.74,407.00,414.40,24.66,17,0,0,0.09,0.00,0.10,29.55,17,17,0,1.08,1.00,1.10,28.99,17,17,0,0.21,0.20,0.30,28.79,17,17,0
1003876,0.36,0.30,0.40,29.47,17,17,0,-0.02,-0.10,0.10,28.83,17,17,0,0.33,0.30,0.40,28.89,17,17,0,407.55,405.00,411.10,24.65,17,0,0,0.10,0.10,0.10,29.57,17,17,0,1.06,1.00,1.10,29.01,17,17,0,0.22,0.20,0.30,28.78,17,17,0
1004376,0.35,0.30,0.40,29.48,17,17,0,0.01,-0.10,0.10,28.83,17,17,0,0.30,0.30,0.30,28.90,17,17,0,403.20,399.90,409.10,24.65,17,0,0,0.09,0.00,0.10,29.56,17,17,0,1.08,1.00,1.10,29.02,17,17,0,0.22,0.20,0.30,28.79,17,17,0
1004887,0.35,0.30,0.40,29.47,17,17,0,-0.01,-0.10,0.10,28.85,17,17,0,0.33,0.30,0.40,28.89,17,17,0,401.76,398.00,405.60,24.66,17,0,0,0.09,0.00,0.10,29.56,17,17,0,1.08,1.00,1.10,29.01,17,17,0,0.25,0.20,0.30,28.78,17,17,0
1005396,0.35,0.30,0.40,29.48,17,17,0,-0.04,-0.10,0.00,28.86,17,17,0,0.31,0.30,0.40,28.89,17,17,0,398.58,395.30,402.40,24.67,17,0,0,0.09,0.00,0.10,29.56,17,17,0,1.08,1.00,1.10,29.01,17,17,0,0.24,0.20,0.30,28.81,17,17,0
1005908,0.34,0.30,0.40,29.48,17,17,0,-0.02,-0.10,0.10,28.85,17,17,0,0.32,0.30,0.40,28.91,17,17,0,402.01,398.60,407.00,24.67,17,0,0,0.10,0.00,0.20,29.56,17,17,0,1.05,1.00,1.10,29.02,17,17,0,0.23,0.20,0.30,28.78,17,17,0
1006408,0.37,0.30,0.40,29.49,17,17,0,-0.02,-0.10,0.10,28.84,17,17,0,0.32,0.30,0.40,28.90,17,17,0,408.84,404.30,412.00,24.67,17,0,0,0.10,0.10,0.10,29.58,17,17,0,1.08,1.00,1.10,29.02,17,17,0,0.24,0.20,0.30,28.79,17,17,0
1006915,0.36,0.30,0.40,29.50,17,17,0,-0.02,-0.10,0.10,28.85,17,17,0,0.31,0.30,0.40,28.91,17,17,0,412.54,399.30,418.30,24.68,17,0,0,0.10,0.10,0.10,29.55,17,17,0,1.07,1.00,1.10,29.03,17,17,0,0.23,0.20,0.30,28.79,17,17,0
1007415,0.35,0.30,0.40,29.49,17,17,0,-0.03,-0.10,0.10,28.84,17,17,0,0.33,0.30,0.40,28.90,17,17,0,234.46,188.90,337.00,24.70,17,0,0,0.11,0.10,0.20,29.56,17,17,0,1.08,1.00,1.10,29.01,17,17,0,0.21,0.20,0.30,28.79,17,17,0
1007915,0.34,0.30,0.40,29.48,17,17,0,-0.02,-0.10,0.10,28.84,17,17,0,0.34,0.30,0.40,28.91,17,17,0,155.45,135.10,180.90,24.82,17,0,0,0.10,0.00,0.20,29.56,17,17,0,1.06,1.00,1.10,29.01,17,17,0,0.22,0.20,0.30,28.81,17,17,0
1008422,0.36,0.30,0.40,29.47,17,17,0,0.00,-0.10,0.10,28.85,17,17,0,0.33,0.30,0.40,28.92,17,17,0,110.38,100.50,128.30,24.94,17,0,0,0.09,0.00,0.10,29.56,17,17,0,1.08,1.00,1.10,29.03,17,17,0,0.22,0.20,0.30,28.79,17,17,0
1008922,0.35,0.30,0.40,29.48,17,17,0,-0.01,-0.10,0.00,28.84,17,17,0,0.31,0.30,0.40,28.90,17,17,0,89.11,81.60,97.50,25.05,17,0,0,0.09,0.00,0.10,29.57,17,17,0,1.06,1.00,1.10,29.02,17,17,0,0.24,0.20,0.30,28.79,17,17,0
1009422,0.35,0.30,0.40,29.49,16,16,0,-0.02,-0.10,0.10,28.85,16,16,0,0.34,0.30,0.40,28.90,16,16,0,71.04,65.50,78.90,25.16,16,0,0,0.10,0.10,0.10,29.55,16,16,0,1.07,1.00,1.10,29.01,16,16,0,0.23,0.20,0.30,28.78,16,16,0
1009922,0.35,0.30,0.40,29.49,17,17,0,-0.01,-0.10,0.10,28.85,17,17,0,0.32,0.30,0.40,28.89,17,17,0,51.14,38.40,64.00,25.25,17,0,0,0.10,0.10,0.10,29.56,17,17,0,1.07,1.00,1.10,29.02,17,17,0,0.22,0.20,0.30,28.79,17,17,0
1010428,0.36,0.30,0.40,29.48,17,17,0,-0.02,-0.10,0.00,28.84,17,17,0,0.31,0.30,0.40,28.89,17,17,0,46.86,42.80,48.60,25.37,17,0,0,0.10,0.00,0.20,29.57,17,17,0,1.06,1.00,1.10,29.02,17,17,0,0.22,0.20,0.30,28.78,17,17,0
1010930,0.35,0.30,0.40,29.49,17,17,0,-0.02,-0.10,0.10,28.83,17,17,0,0.32,0.30,0.40,28.90,17,17,0,44.02,41.80,47.20,25.46,17,0,0,0.10,0.10,0.10,29.57,17,17,0,1.08,1.00,1.10,29.01,17,17,0,0.22,0.20,0.30,28.79,17,17,0
1011430,0.34,0.30,0.40,29.47,17,17,0,-0.03,-0.10,0.00,28.83,17,17,0,0.32,0.30,0.40,28.91,17,17,0,37.69,35.70,40.70,25.53,17,0,0,0.09,0.00,0.10,29.57,17,17,0,1.08,1.00,1.10,29.04,17,17,0,0.22,0.20,0.30,28.80,17,17,0
1011930,0.35,0.30,0.40,29.48,17,17,0,-0.03,-0.10,0.10,28.85,17,17,0,0.33,0.30,0.40,28.88,17,17,0,75.79,32.30,326.20,25.62,17,0,0,0.09,0.00,0.10,29.57,17,17,0,1.07,1.00,1.10,29.01,17,17,0,0.21,0.20,0.30,28.79,17,17,0
1012433,0.37,0.30,0.40,29.46,17,17,0,0.03,0.00,0.10,28.84,17,17,0,0.32,0.30,0.40,28.89,17,17,0,7.91,-20.70,36.80,25.63,17,0,0,0.09,0.00,0.10,29.56,17,17,0,1.08,1.00,1.10,29.00,17,17,0,0.22,0.20,0.30,28.80,17,17,0
1012938,0.37,0.30,0.40,29.48,17,17,0,-0.01,-0.10,0.10,28.84,17,17,0,0.32,0.30,0.40,28.89,17,17,0,10.18,9.30,10.70,25.77,17,0,0,0.09,0.00,0.10,29.56,17,17,0,1.08,1.00,1.10,29.03,17,17,0,0.22,0.20,0.30,28.79,17,17,0
1013440,0.36,0.30,0.40,29.49,17,17,0,-0.03,-0.10,0.10,28.84,17,17,0,0.30,0.30,0.30,28.89,17,17,0,11.25,10.70,12.00,25.87,17,0,0,0.10,-0.10,0.20,29.57,17,17,0,1.07,1.00,1.10,29.02,17,17,0,0.21,0.20,0.30,28.79,17,17,0
1013940,0.34,0.30,0.40,29.48,17,17,0,-0.01,-0.10,0.10,28.83,17,17,0,0.32,0.30,0.40,28.90,17,17,0,13.13,12.20,14.00,25.96,17,0,0,0.10,0.10,0.10,29.56,17,17,0,1.09,1.00,1.10,29.03,17,17,0,0.23,0.20,0.30,28.79,17,17,0
1014441,0.37,0.30,0.40,29.48,17,17,0,-0.02,-0.10,0.10,28.84,17,17,0,0.32,0.30,0.40,28.89,17,17,0,14.29,13.70,14.80,26.05,17,0,0,0.10,0.10,0.10,29.54,17,17,0,1.06,1.00,1.10,29.02,17,17,0,0.22,0.20,0.30,28.79,17,17,0
1014942,0.35,0.30,0.40,29.48,17,17,0,0.01,-0.10,0.10,28.84,17,17,0,0.32,0.30,0.40,28.90,17,17,0,15.01,14.70,15.40,26.08,17,0,0,0.10,0.10,0.10,29.56,17,17,0,1.08,1.00,1.10,29.02,17,17,0,0.22,0.20,0.30,28.79,17,17,0
1015449,0.36,0.30,0.40,29.47,17,17,0,-0.02,-0.10,0.00,28.83,17,17,0,0.32,0.30,0.40,28.89,17,17,0,14.85,14.40,15.00,26.15,17,0,0,0.09,0.00,0.10,29.57,17,17,0,1.08,1.00,1.10,29.03,17,17,0,0.23,0.20,0.30,28.79,17,17,0
1015953,0.32,0.30,0.40,29.50,17,17,0,0.00,-0.10,0.10,28.85,17,17,0,0.33,0.30,0.40,28.89,17,17,0,14.22,13.60,14.60,26.20,17,0,0,0.10,0.10,0.10,29.56,17,17,0,1.08,1.00,1.10,29.02,17,17,0,0.20,0.20,0.20,28.80,17,17,0
1016460,0.37,0.30,0.40,29.48,17,17,0,-0.04,-0.10,0.00,28.83,17,17,0,0.33,0.30,0.40,28.90,17,17,0,13.05,12.70,13.40,26.25,17,0,0,0.09,0.00,0.10,29.57,17,17,0,1.05,1.00,1.10,29.02,17,17,0,0.24,0.20,0.30,28.79,17,17,0
1016968,0.34,0.30,0.40,29.49,17,17,0,-0.03,-0.10,0.10,28.85,17,17,0,0.32,0.30,0.40,28.89,17,17,0,12.74,12.30,13.20,26.29,17,0,0,0.08,0.00,0.10,29.56,17,17,0,1.08,1.00,1.10,29.01,17,17,0,0.21,0.20,0.30,28.79,17,17,0
1017468,0.36,0.30,0.40,29.47,17,17,0,-0.02,-0.10,0.00,28.85,17,17,0,0.33,0.30,0.40,28.90,17,17,0,12.39,12.20,12.90,26.32,17,0,0,0.10,0.10,0.10,29.56,17,17,0,1.07,1.00,1.10,29.02,17,17,0,0.21,0.20,0.30,28.79,17,17,0
1017968,0.36,0.30,0.40,29.48,17,17,0,-0.04,-0.10,0.10,28.84,17,17,0,0.31,0.30,0.40,28.92,17,17,0,11.70,11.40,12.00,26.35,17,0,0,0.09,0.00,0.10,29.57,17,17,0,1.08,1.00,1.10,29.00,17,17,0,0.22,0.20,0.30,28.78,17,17,0
1018468,0.35,0.30,0.40,29.47,17,17,0,-0.02,-0.10,0.10,28.85,17,17,0,0.31,0.30,0.40,28.88,17,17,0,10.79,10.30,11.30,26.38,17,0,0,0.09,0.00,0.10,29.54,17,17,0,1.06,1.00,1.10,29.02,17,17,0,0.20,0.20,0.20,28.78,17,17,0
1018976,0.35,0.30,0.40,29.49,17,17,0,-0.04,-0.10,0.00,28.84,17,17,0,0.31,0.30,0.40,28.89,17,17,0,10.21,9.80,10.80,26.43,17,0,0,0.10,0.10,0.10,29.56,17,17,0,1.08,1.00,1.10,29.02,17,17,0,0.22,0.20,0.30,28.79,17,17,0
1019476,0.38,0.30,0.40,29.48,17,17,0,-0.02,-0.10,0.00,28.85,17,17,0,0.31,0.30,0.40,28.90,17,17,0,9.40,8.90,9.70,26.46,17,0,0,0.10,0.10,0.10,29.56,17,17,0,1.05,1.00,1.10,29.03,17,17,0,0.23,0.20,0.30,28.78,17,17,0
1019976,0.38,0.30,0.40,29.48,17,17,0,0.01,-0.10,0.10,28.83,17,17,0,0.31,0.30,0.40,28.89,17,17,0,8.73,8.60,9.00,26.50,17,0,0,0.10,0.00,0.20,29.57,17,17,0,1.08,1.00,1.10,29.01,17,17,0,0.21,0.20,0.30,28.79,17,17,0
1020477,0.36,0.30,0.40,29.48,17,17,0,0.01,-0.10,0.10,28.84,17,17,0,0.33,0.30,0.40,28.90,17,17,0,8.02,7.70,8.50,26.53,17,0,0,0.09,0.00,0.10,29.55,17,17,0,1.05,1.00,1.10,29.02,17,17,0,0.21,0.20,0.30,28.80,17,17,0
1020977,0.34,0.30,0.40,29.50,17,17,0,-0.03,-0.10,0.00,28.83,17,17,0,0.32,0.30,0.40,28.90,17,17,0,7.52,7.10,7.90,26.54,17,0,0,0.10,0.10,0.10,29.57,17,17,0,1.06,1.00,1.10,29.01,17,17,0,0.21,0.20,0.30,28.81,17,17,0
1021477,0.34,0.30,0.40,29.46,16,16,0,-0.03,-0.10,0.10,28.84,16,16,0,0.32,0.30,0.40,28.89,16,16,0,6.94,6.60,7.20,26.58,16,0,0,0.09,0.00,0.20,29.57,16,16,0,1.08,1.00,1.10,29.01,16,16,0,0.22,0.20,0.30,28.80,16,16,0
1021977,0.35,0.30,0.40,29.49,17,17,0,-0.01,-0.10,0.10,28.82,17,17,0,0.35,0.30,0.40,28.90,17,17,0,6.02,5.60,6.50,26.60,17,0,0,0.09,0.00,0.10,29.56,17,17,0,1.08,1.00,1.10,29.01,17,17,0,0.22,0.20,0.30,28.79,17,17,0
1022477,0.38,0.30,0.40,29.48,17,17,0,-0.03,-0.10,0.10,28.85,17,17,0,0.35,0.30,0.40,28.88,17,17,0,5.66,5.50,5.90,26.63,17,0,0,0.09,0.00,0.10,29.57,17,17,0,1.05,1.00,1.10,29.03,17,17,0,0.21,0.20,0.30,28.79,17,17,0
1022977,0.33,0.30,0.40,29.49,17,17,0,-0.04,-0.10,0.10,28.84,17,17,0,0.32,0.30,0.40,28.92,17,17,0,52.55,5.50,406.50,26.66,17,0,0,0.11,0.00,0.20,29.57,17,17,0,1.05,1.00,1.10,29.03,17,17,0,0.22,0.20,0.30,28.81,17,17,0
1023490,0.36,0.30,0.40,29.49,17,17,0,-0.03,-0.10,0.00,28.85,17,17,0,0.32,0.30,0.40,28.88,17,17,0,13.56,-6.50,160.50,26.51,17,0,0,0.10,0.10,0.10,29.56,17,17,0,1.06,1.00,1.10,29.02,17,17,0,0.21,0.20,0.30,28.79,17,17,0
1023998,0.32,0.30,0.40,29.47,17,17,0,0.00,-0.10,0.10,28.85,17,17,0,0.33,0.30,0.40,28.89,17,17,0,2.88,2.00,3.90,26.53,17,0,0,0.10,0.00,0.20,29.57,17,17,0,1.06,1.00,1.10,29.01,17,17,0,0.21,0.20,0.30,28.79,17,17,0
1024505,0.35,0.30,0.40,29.46,17,17,0,-0.03,-0.10,0.10,28.85,17,17,0,0.34,0.30,0.40,28.90,17,17,0,2.22,1.70,3.00,26.61,17,0,0,0.10,0.00,0.20,29.57,17,17,0,1.08,1.00,1.10,29.01,17,17,0,0.22,0.20,0.30,28.80,17,17,0
1025005,0.36,0.30,0.40,29.50,16,16,0,-0.01,-0.10,0.10,28.84,16,16,0,0.35,0.30,0.40,28.91,16,16,0,2.00,1.70,2.30,26.65,16,0,0,0.08,0.00,0.10,29.56,16,16,0,1.09,1.00,1.10,29.02,16,16,0,0.21,0.20,0.30,28.80,16,16,0
1025505,0.36,0.30,0.40,29.48,17,17,0,-0.02,-0.10,0.10,28.85,17,17,0,0.32,0.30,0.40,28.89,17,17,0,1.93,1.70,2.10,26.67,17,0,0,0.09,0.00,0.10,29.57,17,17,0,1.09,1.00,1.10,29.02,17,17,0,0.22,0.20,0.30,28.81,17,17,0
1026009,0.36,0.30,0.40,29.49,17,17,0,-0.04,-0.10,0.00,28.85,17,17,0,0.36,0.30,0.40,28.89,17,17,0,1.88,0.90,2.30,26.72,17,0,0,0.10,0.10,0.10,29.57,17,17,0,1.08,1.00,1.10,29.03,17,17,0,0.21,0.20,0.30,28.79,17,17,0
1026509,0.35,0.30,0.40,29.49,17,17,0,-0.03,-0.10,0.00,28.84,17,17,0,0.31,0.30,0.40,28.90,17,17,0,1.84,0.70,3.60,26.76,17,0,0,0.11,0.10,0.20,29.57,17,17,0,1.09,1.00,1.10,29.03,17,17,0,0.21,0.20,0.30,28.79,17,17,0
1027009,0.34,0.30,0.40,29.49,17,17,0,-0.01,-0.10,0.10,28.84,17,17,0,0.32,0.30,0.40,28.91,17,17,0,1.72,1.20,2.10,26.79,17,0,0,0.08,0.00,0.10,29.57,17,17,0,1.09,1.00,1.10,29.02,17,17,0,0.22,0.20,0.30,28.81,17,17,0
1027512,0.35,0.30,0.40,29.49,17,17,0,-0.02,-0.10,0.00,28.85,17,17,0,0.34,0.30,0.40,28.93,17,17,0,1.65,1.30,1.90,26.81,17,0,0,0.11,0.10,0.20,29.56,17,17,0,1.06,1.00,1.10,29.03,17,17,0,0.21,0.20,0.30,28.79,17,17,0
1028012,0.35,0.30,0.40,29.48,17,17,0,0.00,-0.10,0.10,28.84,17,17,0,0.32,0.30,0.40,28.92,17,17,0,1.52,1.00,1.70,26.84,17,0,0,0.11,0.10,0.20,29.58,17,17,0,1.08,1.00,1.10,29.02,17,17,0,0.21,0.20,0.30,28.80,17,17,0
1028518,0.35,0.30,0.40,29.48,17,17,0,-0.01,-0.10,0.00,28.85,17,17,0,0.35,0.30,0.40,28.90,17,17,0,1.40,0.20,2.60,26.86,17,0,0,0.10,0.10,0.10,29.56,17,17,0,1.06,1.00,1.10,29.02,17,17,0,0.21,0.20,0.30,28.80,17,17,0
1029019,0.33,0.30,0.40,29.50,17,17,0,-0.05,-0.10,0.00,28.85,17,17,0,0.32,0.30,0.40,28.90,17,17,0,1.35,0.70,1.90,26.87,17,0,0,0.10,0.10,0.10,29.58,17,17,0,1.07,1.00,1.10,29.03,17,17,0,0.21,0.20,0.30,28.80,17,17,0
1029519,0.37,0.30,0.40,29.48,17,17,0,-0.03,-0.10,0.10,28.87,17,17,0,0.34,0.30,0.40,28.91,17,17,0,1.42,0.10,1.70,26.90,17,0,0,0.09,0.00,0.20,29.58,17,17,0,1.06,1.00,1.10,29.01,17,17,0,0.21,0.10,0.30,28.79,17,17,0
1030019,0.36,0.30,0.40,29.48,17,17,0,-0.01,-0.10,0.10,28.84,17,17,0,0.32,0.30,0.40,28.89,17,17,0,2.12,-1.00,5.60,26.91,17,0,0,0.09,0.00,0.10,29.58,17,17,0,1.06,1.00,1.10,29.02,17,17,0,0.23,0.20,0.30,28.78,17,17,0
1030519,0.36,0.30,0.40,29.48,17,17,0,-0.02,-0.10,0.10,28.86,17,17,0,0.32,0.30,0.40,28.90,17,17,0,1.39,0.90,1.70,26.93,17,0,0,0.10,0.10,0.10,29.57,17,17,0,1.07,1.00,1.10,29.02,17,17,0,0.22,0.20,0.30,28.80,17,17,0
1031019,0.36,0.30,0.40,29.46,17,17,0,0.01,-0.10,0.10,28.84,17,17,0,0.32,0.30,0.40,28.90,17,17,0,1.45,-0.30,2.70,26.95,17,0,0,0.09,0.00,0.10,29.55,17,17,0,1.08,1.00,1.10,29.02,17,17,0,0.22,0.20,0.30,28.81,17,17,0
1031520,0.36,0.30,0.40,29.48,17,17,0,-0.02,-0.10,0.00,28.83,17,17,0,0.34,0.30,0.40,28.91,17,17,0,1.35,1.00,1.80,26.95,17,0,0,0.10,0.10,0.10,29.58,17,17,0,1.08,1.00,1.10,29.03,17,17,0,0.23,0.20,0.30,28.79,17,17,0
1032026,0.37,0.30,0.40,29.47,17,17,0,-0.01,-0.10,0.10,28.83,17,17,0,0.34,0.30,0.40,28.91,17,17,0,1.37,0.90,2.50,26.98,17,0,0,0.10,0.10,0.10,29.55,17,17,0,1.08,1.00,1.10,29.03,17,17,0,0.21,0.20,0.30,28.78,17,17,0
1032526,0.37,0.30,0.40,29.48,17,17,0,-0.01,-0.10,0.10,28.85,17,17,0,0.32,0.30,0.40,28.90,17,17,0,1.14,0.80,1.90,26.98,17,0,0,0.09,0.00,0.10,29.56,17,17,0,1.08,1.00,1.10,29.02,17,17,0,0.21,0.20,0.30,28.80,17,17,0
1033026,0.36,0.30,0.40,29.49,17,17,0,-0.01,-0.10,0.10,28.85,17,17,0,0.31,0.30,0.40,28.91,17,17,0,1.19,0.70,1.60,27.00,17,0,0,0.08,0.00,0.10,29.59,17,17,0,1.06,1.00,1.10,29.02,17,17,0,0.21,0.20,0.30,28.81,17,17,0
1033526,0.34,0.30,0.40,29.49,17,17,0,-0.02,-0.10,0.10,28.86,17,17,0,0.31,0.30,0.40,28.90,17,17,0,1.29,1.00,1.70,27.05,17,0,0,0.10,0.10,0.10,29.56,17,17,0,1.08,1.00,1.10,29.03,17,17,0,0.22,0.20,0.30,28.79,17,17,0
1034026,0.33,0.30,0.40,29.49,17,17,0,-0.03,-0.10,0.10,28.84,17,17,0,0.35,0.30,0.40,28.91,17,17,0,1.18,-5.20,7.60,27.03,17,0,0,0.10,0.10,0.10,29.59,17,17,0,1.08,1.00,1.20,29.02,17,17,0,0.21,0.20,0.30,28.82,17,17,0
1034526,0.36,0.30,0.40,29.50,17,17,0,-0.02,-0.10,0.00,28.83,17,17,0,0.33,0.30,0.40,28.89,17,17,0,1.34,1.00,1.70,27.04,17,0,0,0.10,0.10,0.10,29.58,17,17,0,1.07,1.00,1.10,29.02,17,17,0,0.22,0.20,0.30,28.79,17,17,0
1035026,0.34,0.30,0.40,29.49,17,17,0,-0.03,-0.10,0.00,28.85,17,17,0,0.32,0.30,0.40,28.91,17,17,0,1.18,0.10,1.70,27.06,17,0,0,0.11,0.10,0.20,29.57,17,17,0,1.06,1.00,1.10,29.01,17,17,0,0.21,0.20,0.30,28.81,17,17,0
1035530,0.36,0.30,0.40,29.49,17,17,0,-0.01,-0.10,0.10,28.83,17,17,0,0.32,0.30,0.40,28.90,17,17,0,1.39,0.80,2.00,27.07,17,0,0,0.10,0.00,0.20,29.58,17,17,0,1.08,1.00,1.10,29.01,17,17,0,0.23,0.20,0.30,28.81,17,17,0
1036030,0.36,0.30,0.40,29.49,17,17,0,0.00,-0.10,0.10,28.85,17,17,0,0.34,0.30,0.40,28.91,17,17,0,1.44,0.70,2.40,27.08,17,0,0,0.10,0.10,0.10,29.57,17,17,0,1.05,1.00,1.10,29.01,17,17,0,0.21,0.20,0.30,28.81,17,17,0
1036530,0.33,0.30,0.40,29.50,17,17,0,-0.05,-0.10,0.00,28.85,17,17,0,0.34,0.30,0.40,28.91,17,17,0,1.31,0.90,1.70,27.10,17,0,0,0.09,0.00,0.10,29.56,17,17,0,1.06,1.00,1.10,29.02,17,17,0,0.21,0.20,0.30,28.79,17,17,0
1037040,0.36,0.30,0.40,29.49,17,17,0,-0.01,-0.10,0.10,28.84,17,17,0,0.31,0.30,0.40,28.91,17,17,0,1.33,1.00,1.80,27.12,17,0,0,0.10,0.00,0.20,29.57,17,17,0,1.07,1.00,1.10,29.02,17,17,0,0.22,0.20,0.30,28.79,17,17,0
1037540,0.35,0.30,0.40,29.51,17,17,0,-0.01,-0.10,0.10,28.84,17,17,0,0.35,0.30,0.40,28.90,17,17,0,1.33,1.20,1.50,27.13,17,0,0,0.09,0.00,0.10,29.57,17,17,0,1.06,1.00,1.10,29.01,17,17,0,0.22,0.20,0.30,28.79,17,17,0
1038040,0.38,0.30,0.40,29.49,17,17,0,0.00,-0.10,0.10,28.83,17,17,0,0.31,0.30,0.40,28.90,17,17,0,1.27,1.00,1.50,27.14,17,0,0,0.10,0.10,0.10,29.58,17,17,0,1.09,1.00,1.10,29.02,17,17,0,0.21,0.20,0.30,28.79,17,17,0
1038540,0.37,0.30,0.40,29.49,17,17,0,-0.04,-0.10,0.10,28.84,17,17,0,0.32,0.30,0.40,28.93,17,17,0,1.25,0.80,1.60,27.14,17,0,0,0.10,0.10,0.10,29.58,17,17,0,1.06,1.00,1.10,29.03,17,17,0,0.22,0.20,0.30,28.79,17,17,0
1039043,0.35,0.30,0.40,29.50,17,17,0,-0.02,-0.10,0.10,28.85,17,17,0,0.32,0.30,0.40,28.92,17,17,0,1.24,1.00,1.50,27.16,17,0,0,0.09,0.00,0.10,29.57,17,17,0,1.08,1.00,1.10,29.02,17,17,0,0.21,0.20,0.30,28.79,17,17,0
1039543,0.35,0.30,0.40,29.50,17,17,0,-0.01,-0.10,0.10,28.84,17,17,0,0.34,0.30,0.40,28.90,17,17,0,1.36,0.80,2.80,27.15,17,0,0,0.09,0.00,0.10,29.57,17,17,0,1.06,1.00,1.10,29.01,17,17,0,0.22,0.20,0.30,28.80,17,17,0
1040043,0.34,0.30,0.40,29.50,17,17,0,0.00,-0.10,0.10,28.85,17,17,0,0.31,0.30,0.40,28.93,17,17,0,0.89,-5.10,5.30,27.17,17,0,0,0.09,0.00,0.10,29.57,17,17,0,1.09,1.00,1.10,29.02,17,17,0,0.22,0.20,0.30,28.80,17,17,0
1040545,0.34,0.30,0.40,29.49,16,16,0,-0.03,-0.10,0.10,28.85,16,16,0,0.34,0.30,0.40,28.91,16,16,0,1.36,0.20,2.40,27.20,16,0,0,0.10,0.10,0.10,29.57,16,16,0,1.09,1.00,1.10,29.01,16,16,0,0.21,0.20,0.30,28.81,16,16,0
1041046,0.34,0.30,0.40,29.51,17,17,0,-0.04,-0.10,0.10,28.85,17,17,0,0.33,0.30,0.40,28.91,17,17,0,1.32,0.70,1.80,27.20,17,0,0,0.09,0.00,0.10,29.57,17,17,0,1.08,1.00,1.10,29.03,17,17,0,0.22,0.20,0.30,28.78,17,17,0
1041546,0.34,0.30,0.40,29.49,17,17,0,-0.04,-0.10,0.00,28.85,17,17,0,0.34,0.30,0.40,28.92,17,17,0,1.18,0.70,1.80,27.22,17,0,0,0.11,0.10,0.20,29.57,17,17,0,1.06,1.00,1.10,29.02,17,17,0,0.23,0.20,0.30,28.82,17,17,0
1042046,0.35,0.30,0.40,29.48,17,17,0,-0.01,-0.10,0.10,28.85,17,17,0,0.32,0.30,0.40,28.92,17,17,0,1.22,0.50,1.90,27.21,17,0,0,0.09,0.00,0.10,29.55,17,17,0,1.06,1.00,1.10,29.02,17,17,0,0.24,0.20,0.30,28.81,17,17,0
1042546,0.36,0.30,0.40,29.50,17,17,0,-0.03,-0.10,0.10,28.85,17,17,0,0.34,0.30,0.40,28.91,17,17,0,1.14,0.60,1.70,27.23,17,0,0,0.11,0.10,0.20,29.57,17,17,0,1.06,1.00,1.10,29.03,17,17,0,0.24,0.20,0.30,28.80,17,17,0
1043046,0.35,0.30,0.40,29.50,17,17,0,-0.01,-0.10,0.00,28.84,17,17,0,0.33,0.30,0.40,28.91,17,17,0,1.29,0.30,2.40,27.23,17,0,0,0.11,0.10,0.20,29.57,17,17,0,1.07,1.00,1.10,29.01,17,17,0,0.24,0.20,0.30,28.81,17,17,0
1043546,0.34,0.30,0.40,29.49,17,17,0,-0.01,-0.10,0.10,28.86,17,17,0,0.34,0.30,0.40,28.92,17,17,0,1.19,0.60,2.00,27.24,17,0,0,0.09,0.00,0.10,29.57,17,17,0,1.09,1.00,1.10,29.03,17,17,0,0.22,0.20,0.30,28.79,17,17,0
1044050,0.36,0.30,0.40,29.49,17,17,0,0.00,-0.10,0.10,28.84,17,17,0,0.34,0.30,0.40,28.92,17,17,0,1.11,-0.10,2.10,27.25,17,0,0,0.09,0.00,0.10,29.58,17,17,0,1.09,1.00,1.10,29.03,17,17,0,0.22,0.20,0.30,28.79,17,17,0
1044556,0.36,0.30,0.40,29.49,17,17,0,-0.01,-0.10,0.10,28.84,17,17,0,0.33,0.30,0.40,28.90,17,17,0,1.15,0.40,1.70,27.27,17,0,0,0.09,0.00,0.10,29.57,17,17,0,1.09,1.00,1.10,29.03,17,17,0,0.23,0.20,0.30,28.81,17,17,0
1045056,0.36,0.30,0.40,29.50,17,17,0,-0.01,-0.10,0.10,28.86,17,17,0,0.34,0.30,0.40,28.91,17,17,0,1.05,0.60,1.60,27.27,17,0,0,0.11,0.10,0.20,29.57,17,17,0,1.08,1.00,1.10,29.04,17,17,0,0.25,0.20,0.30,28.80,17,17,0
1045568,0.36,0.30,0.40,29.50,18,18,0,0.02,0.00,0.10,28.87,18,18,0,0.33,0.30,0.40,28.93,18,18,0,1.15,0.80,1.80,27.29,18,0,0,0.09,0.00,0.10,29.58,18,18,0,1.08,1.00,1.10,29.03,18,18,0,0.23,0.20,0.30,28.81,18,18,0
1046068,0.34,0.30,0.40,29.51,17,17,0,-0.01,-0.10,0.00,28.85,17,17,0,0.32,0.30,0.40,28.92,17,17,0,1.12,0.60,1.50,27.28,17,0,0,0.10,0.10,0.10,29.57,17,17,0,1.10,1.10,1.10,29.04,17,17,0,0.25,0.20,0.30,28.80,17,17,0
1046569,0.34,0.30,0.40,29.50,17,17,0,-0.03,-0.10,0.10,28.85,17,17,0,0.34,0.30,0.40,28.94,17,17,0,1.06,0.90,1.30,27.30,17,0,0,0.10,0.10,0.10,29.56,17,17,0,1.06,1.00,1.10,29.03,17,17,0,0.20,0.20,0.20,28.80,17,17,0
1047069,0.36,0.30,0.40,29.50,18,18,0,-0.06,-0.10,0.00,28.86,18,18,0,0.31,0.30,0.40,28.91,18,18,0,1.11,0.90,1.50,27.30,18,0,0,0.11,0.10,0.20,29.57,18,18,0,1.08,1.00,1.10,29.02,18,18,0,0.22,0.20,0.30,28.82,18,18,0
1047569,0.33,0.30,0.40,29.49,17,17,0,-0.04,-0.10,0.10,28.85,17,17,0,0.32,0.30,0.40,28.94,17,17,0,0.93,0.70,1.10,27.31,17,0,0,0.11,0.10,0.20,29.59,17,17,0,1.06,1.00,1.10,29.02,17,17,0,0.21,0.20,0.30,28.81,17,17,0
1048069,0.36,0.30,0.40,29.51,16,16,0,-0.01,-0.10,0.10,28.84,16,16,0,0.33,0.30,0.40,28.92,16,16,0,0.90,0.60,1.20,27.33,16,0,0,0.11,0.00,0.20,29.57,16,16,0,1.09,1.00,1.10,29.03,16,16,0,0.21,0.20,0.30,28.80,16,16,0
1048569,0.37,0.30,0.40,29.51,17,17,0,-0.01,-0.10,0.10,28.86,17,17,0,0.32,0.30,0.40,28.93,17,17,0,1.01,0.60,1.70,27.34,17,0,0,0.11,0.10,0.20,29.59,17,17,0,1.08,1.00,1.10,29.04,17,17,0,0.22,0.20,0.30,28.80,17,17,0
1049069,0.38,0.30,0.40,29.50,17,17,0,0.00,-0.10,0.10,28.86,17,17,0,0.32,0.30,0.40,28.94,17,17,0,0.94,0.70,1.20,27.34,17,0,0,0.10,0.00,0.20,29.57,17,17,0,1.09,1.00,1.10,29.04,17,17,0,0.22,0.20,0.30,28.81,17,17,0
1049569,0.35,0.30,0.40,29.50,17,17,0,0.00,-0.10,0.10,28.86,17,17,0,0.33,0.30,0.40,28.93,17,17,0,0.77,0.60,1.00,27.35,17,0,0,0.09,0.00,0.10,29.58,17,17,0,1.08,1.00,1.10,29.02,17,17,0,0.22,0.20,0.30,28.82,17,17,0
1050074,0.36,0.30,0.40,29.50,17,17,0,-0.01,-0.10,0.10,28.86,17,17,0,0.31,0.30,0.40,28.93,17,17,0,0.95,0.80,1.10,27.35,17,0,0,0.10,0.10,0.10,29.59,17,17,0,1.06,1.00,1.10,29.02,17,17,0,0.24,0.20,0.30,28.82,17,17,0
1050578,0.36,0.30,0.40,29.51,17,17,0,-0.01,-0.10,0.10,28.85,17,17,0,0.33,0.30,0.40,28.93,17,17,0,1.02,0.80,1.20,27.37,17,0,0,0.09,0.00,0.10,29.58,17,17,0,1.08,1.00,1.10,29.03,17,17,0,0.21,0.20,0.30,28.80,17,17,0
1051078,0.36,0.30,0.40,29.51,17,17,0,-0.02,-0.10,0.10,28.86,17,17,0,0.33,0.30,0.40,28.91,17,17,0,1.02,0.90,1.20,27.37,17,0,0,0.10,0.00,0.20,29.60,17,17,0,1.06,1.00,1.10,29.03,17,17,0,0.22,0.20,0.30,28.81,17,17,0
1051591,0.33,0.30,0.40,29.50,18,18,0,-0.04,-0.10,0.00,28.85,18,18,0,0.33,0.30,0.40,28.92,18,18,0,11.52,-10.90,97.20,27.39,18,0,0,0.10,0.10,0.10,29.58,18,18,0,1.07,1.00,1.10,29.02,18,18,0,0.22,0.20,0.30,28.83,18,18,0
1052096,0.35,0.30,0.40,29.51,17,17,0,-0.01,-0.10,0.10,28.85,17,17,0,0.32,0.30,0.40,28.92,17,17,0,336.69,197.10,506.90,27.07,17,0,0,0.10,0.10,0.10,29.59,17,17,0,1.06,1.00,1.10,29.02,17,17,0,0.24,0.20,0.30,28.80,17,17,0
1052597,0.38,0.30,0.40,29.50,17,17,0,-0.02,-0.10,0.10,28.85,17,17,0,0.31,0.30,0.40,28.91,17,17,0,329.21,159.80,541.90,26.40,17,0,0,0.09,0.00,0.10,29.59,17,17,0,1.06,1.00,1.10,29.03,17,17,0,0.22,0.20,0.30,28.80,17,17,0
1053106,0.34,0.30,0.40,29.50,17,17,0,-0.01,-0.10,0.10,28.86,17,17,0,0.31,0.30,0.40,28.93,17,17,0,319.21,302.70,357.60,25.96,17,0,0,0.09,0.00,0.10,29.57,17,17,0,1.08,1.00,1.10,29.02,17,17,0,0.22,0.20,0.30,28.80,17,17,0
1053613,0.36,0.30,0.40,29.49,17,17,0,-0.02,-0.10,0.10,28.86,17,17,0,0.31,0.30,0.40,28.94,17,17,0,365.83,332.10,390.10,25.74,17,0,0,0.09,0.00,0.10,29.59,17,17,0,1.09,1.00,1.10,29.01,17,17,0,0.25,0.20,0.30,28.80,17,17,0
1054117,0.36,0.30,0.40,29.50,17,17,0,-0.01,-0.10,0.10,28.86,17,17,0,0.33,0.30,0.40,28.91,17,17,0,402.92,395.20,405.90,25.56,17,0,0,0.10,0.10,0.10,29.58,17,17,0,1.08,1.00,1.10,29.03,17,17,0,0.23,0.20,0.30,28.81,17,17,0
1054617,0.36,0.30,0.40,29.51,17,17,0,-0.04,-0.10,0.10,28.84,17,17,0,0.34,0.30,0.40,28.92,17,17,0,441.59,406.70,467.70,25.42,17,0,0,0.09,0.00,0.20,29.58,17,17,0,1.07,1.00,1.10,29.03,17,17,0,0.22,0.20,0.30,28.80,17,17,0
1055122,0.35,0.30,0.40,29.50,17,17,0,-0.01,-0.10,0.10,28.87,17,17,0,0.33,0.30,0.40,28.92,17,17,0,512.52,476.50,540.70,25.30,17,0,0,0.09,0.00,0.10,29.58,17,17,0,1.08,1.00,1.10,29.01,17,17,0,0.21,0.20,0.30,28.81,17,17,0
1055622,0.34,0.30,0.40,29.50,17,17,0,-0.04,-0.10,0.00,28.85,17,17,0,0.33,0.30,0.40,28.94,17,17,0,575.03,547.10,596.10,25.19,17,0,0,0.11,0.10,0.20,29.58,17,17,0,1.07,1.00,1.10,29.05,17,17,0,0.22,0.20,0.30,28.79,17,17,0
1056129,0.37,0.30,0.40,29.52,17,17,0,-0.02,-0.10,0.00,28.85,17,17,0,0.34,0.30,0.40,28.92,17,17,0,619.32,603.50,629.00,25.10,17,0,0,0.10,0.10,0.10,29.58,17,17,0,1.08,1.00,1.10,29.03,17,17,0,0.21,0.20,0.30,28.80,17,17,0
1056632,0.36,0.30,0.40,29.51,17,17,0,-0.02,-0.10,0.10,28.85,17,17,0,0.34,0.30,0.40,28.94,17,17,0,641.36,633.10,647.10,25.03,17,0,0,0.11,0.10,0.20,29.58,17,17,0,1.08,1.00,1.10,29.03,17,17,0,0.22,0.20,0.30,28.82,17,17,0
1057137,0.38,0.30,0.40,29.50,17,17,0,0.00,-0.10,0.10,28.85,17,17,0,0.33,0.30,0.40,28.93,17,17,0,649.13,644.60,654.30,24.96,17,0,0,0.09,0.00,0.10,29.58,17,17,0,1.06,1.00,1.10,29.03,17,17,0,0.22,0.20,0.30,28.79,17,17,0
1057640,0.35,0.30,0.40,29.51,17,17,0,-0.06,-0.10,0.00,28.85,17,17,0,0.32,0.30,0.40,28.93,17,17,0,656.84,651.70,661.60,24.95,17,0,0,0.10,0.10,0.10,29.59,17,17,0,1.08,1.00,1.10,29.02,17,17,0,0.22,0.20,0.30,28.81,17,17,0
1058140,0.37,0.30,0.40,29.49,17,17,0,-0.04,-0.10,0.10,28.88,17,17,0,0.33,0.30,0.40,28.92,17,17,0,655.44,651.50,658.60,24.91,17,0,0,0.10,0.10,0.10,29.59,17,17,0,1.07,1.00,1.10,29.03,17,17,0,0.22,0.20,0.30,28.80,17,17,0
1058647,0.36,0.30,0.40,29.51,17,17,0,-0.01,-0.10,0.10,28.86,17,17,0,0.34,0.30,0.40,28.93,17,17,0,654.06,650.40,659.00,24.86,17,0,0,0.10,0.00,0.20,29.59,17,17,0,1.09,1.00,1.10,29.04,17,17,0,0.20,0.20,0.20,28.80,17,17,0
1059151,0.35,0.30,0.40,29.52,17,17,0,-0.03,-0.10,0.10,28.86,17,17,0,0.31,0.30,0.40,28.93,17,17,0,643.99,639.80,648.00,24.86,17,0,0,0.10,0.10,0.10,29.59,17,17,0,1.08,1.00,1.10,29.04,17,17,0,0.22,0.20,0.30,28.81,17,17,0
1059651,0.37,0.30,0.40,29.52,16,16,0,-0.02,-0.10,0.00,28.85,16,16,0,0.33,0.30,0.40,28.93,16,16,0,638.92,636.00,642.30,24.85,16,0,0,0.09,0.00,0.10,29.58,16,16,0,1.08,1.00,1.10,29.04,16,16,0,0.22,0.20,0.30,28.81,16,16,0
1060154,0.34,0.30,0.40,29.51,17,17,0,-0.01,-0.10,0.10,28.85,17,17,0,0.32,0.30,0.40,28.93,17,17,0,637.63,632.70,642.10,24.84,17,0,0,0.11,0.10,0.20,29.60,17,17,0,1.08,1.00,1.10,29.03,17,17,0,0.26,0.20,0.30,28.81,17,17,0
1060666,0.36,0.30,0.40,29.50,17,17,0,-0.02,-0.10,0.00,28.86,17,17,0,0.31,0.30,0.40,28.92,17,17,0,636.70,632.80,640.10,24.81,17,0,0,0.10,0.00,0.20,29.59,17,17,0,1.08,1.00,1.10,29.03,17,17,0,0.23,0.20,0.30,28.83,17,17,0
1061179,0.36,0.30,0.40,29.51,17,17,0,-0.02,-0.10,0.00,28.86,17,17,0,0.34,0.30,0.40,28.93,17,17,0,634.62,630.10,637.70,24.81,17,0,0,0.10,0.10,0.10,29.59,17,17,0,1.08,1.00,1.10,29.04,17,17,0,0.23,0.20,0.30,28.82,17,17,0
1061679,0.35,0.30,0.40,29.53,17,17,0,0.01,-0.10,0.10,28.86,17,17,0,0.34,0.30,0.40,28.93,17,17,0,628.54,624.80,631.90,24.79,17,0,0,0.11,0.10,0.20,29.60,17,17,0,1.08,1.00,1.10,29.03,17,17,0,0.22,0.20,0.30,28.80,17,17,0
1062185,0.36,0.30,0.40,29.50,17,17,0,-0.01,-0.10,0.10,28.86,17,17,0,0.32,0.30,0.40,28.92,17,17,0,629.61,626.20,632.90,24.78,17,0,0,0.09,0.00,0.10,29.59,17,17,0,1.08,1.00,1.10,29.03,17,17,0,0.23,0.20,0.30,28.82,17,17,0
1062685,0.38,0.30,0.40,29.51,17,17,0,-0.02,-0.10,0.10,28.85,17,17,0,0.33,0.30,0.40,28.94,17,17,0,630.34,627.30,633.30,24.77,17,0,0,0.11,0.10,0.20,29.60,17,17,0,1.08,1.00,1.10,29.04,17,17,0,0.22,0.20,0.30,28.81,17,17,0
1063190,0.37,0.30,0.40,29.51,17,17,0,-0.04,-0.10,0.00,28.86,17,17,0,0.32,0.30,0.40,28.95,17,17,0,633.11,631.20,636.10,24.76,17,0,0,0.09,0.00,0.10,29.58,17,17,0,1.09,1.00,1.10,29.03,17,17,0,0.22,0.20,0.30,28.81,17,17,0
1063690,0.36,0.30,0.40,29.51,17,17,0,-0.01,-0.10,0.10,28.84,17,17,0,0.32,0.30,0.40,28.92,17,17,0,633.87,630.60,636.90,24.77,17,0,0,0.10,0.10,0.10,29.60,17,17,0,1.06,1.00,1.10,29.05,17,17,0,0.22,0.20,0.30,28.82,17,17,0
1064190,0.35,0.30,0.40,29.51,17,17,0,-0.01,-0.10,0.10,28.87,17,17,0,0.32,0.30,0.40,28.94,17,17,0,629.46,626.70,631.30,24.76,17,0,0,0.10,0.10,0.10,29.59,17,17,0,1.05,1.00,1.10,29.03,17,17,0,0.22,0.20,0.30,28.82,17,17,0
1064697,0.36,0.30,0.40,29.51,17,17,0,-0.02,-0.10,0.10,28.86,17,17,0,0.31,0.30,0.40,28.93,17,17,0,629.71,625.40,633.50,24.76,17,0,0,0.09,0.00,0.10,29.60,17,17,0,1.09,1.00,1.10,29.03,17,17,0,0.22,0.20,0.30,28.81,17,17,0
1065207,0.35,0.30,0.40,29.51,17,17,0,-0.01,-0.10,0.00,28.86,17,17,0,0.33,0.30,0.40,28.93,17,17,0,631.80,627.50,637.70,24.74,17,0,0,0.10,0.10,0.10,29.59,17,17,0,1.09,1.00,1.10,29.04,17,17,0,0.23,0.20,0.30,28.82,17,17,0
1065714,0.35,0.30,0.40,29.50,17,17,0,0.00,-0.10,0.10,28.86,17,17,0,0.32,0.30,0.40,28.94,17,17,0,634.05,630.60,637.30,24.74,17,0,0,0.09,0.00,0.10,29.59,17,17,0,1.08,1.00,1.10,29.02,17,17,0,0.25,0.20,0.30,28.82,17,17,0
1066216,0.36,0.30,0.40,29.51,17,17,0,-0.02,-0.10,0.00,28.86,17,17,0,0.32,0.30,0.40,28.94,17,17,0,627.09,623.10,631.40,24.73,17,0,0,0.10,0.10,0.10,29.57,17,17,0,1.08,1.00,1.10,29.03,17,17,0,0.22,0.20,0.30,28.82,17,17,0
1066728,0.36,0.30,0.40,29.52,17,17,0,-0.01,-0.10,0.10,28.88,17,17,0,0.31,0.30,0.40,28.94,17,17,0,623.58,620.60,626.60,24.73,17,0,0,0.09,0.00,0.10,29.60,17,17,0,1.07,1.00,1.10,29.03,17,17,0,0.22,0.20,0.30,28.83,17,17,0
1067230,0.34,0.30,0.40,29.53,17,17,0,0.00,-0.10,0.10,28.87,17,17,0,0.34,0.30,0.40,28.95,17,17,0,626.81,624.10,630.30,24.72,17,0,0,0.09,0.00,0.10,29.59,17,17,0,1.09,1.00,1.10,29.04,17,17,0,0.22,0.20,0.30,28.82,17,17,0
1067735,0.37,0.30,0.40,29.52,17,17,0,-0.05,-0.10,0.00,28.87,17,17,0,0.31,0.30,0.40,28.93,17,17,0,633.14,627.00,636.90,24.73,17,0,0,0.11,0.10,0.20,29.59,17,17,0,1.08,1.00,1.10,29.05,17,17,0,0.22,0.20,0.30,28.82,17,17,0
1068248,0.37,0.30,0.40,29.51,17,17,0,-0.01,-0.10,0.10,28.85,17,17,0,0.32,0.30,0.40,28.95,17,17,0,633.26,629.60,635.70,24.70,17,0,0,0.09,0.00,0.10,29.59,17,17,0,1.06,1.00,1.10,29.01,17,17,0,0.23,0.20,0.30,28.82,17,17,0
1068748,0.36,0.30,0.40,29.52,17,17,0,-0.02,-0.10,0.10,28.86,17,17,0,0.31,0.30,0.40,28.94,17,17,0,625.62,622.40,628.00,24.70,17,0,0,0.10,0.10,0.10,29.57,17,17,0,1.05,1.00,1.10,29.04,17,17,0,0.23,0.20,0.30,28.82,17,17,0
1069255,0.35,0.30,0.40,29.51,17,17,0,0.00,-0.10,0.10,28.87,17,17,0,0.31,0.30,0.40,28.94,17,17,0,623.40,618.50,626.00,24.71,17,0,0,0.10,0.10,0.10,29.59,17,17,0,1.03,1.00,1.10,29.04,17,17,0,0.22,0.20,0.30,28.82,17,17,0
1069758,0.37,0.30,0.40,29.52,17,17,0,-0.03,-0.10,0.10,28.87,17,17,0,0.32,0.30,0.40,28.93,17,17,0,624.18,621.00,626.30,24.70,17,0,0,0.10,0.00,0.20,29.58,17,17,0,1.07,1.00,1.10,29.04,17,17,0,0.24,0.20,0.30,28.80,17,17,0
1070270,0.36,0.30,0.40,29.53,17,17,0,-0.01,-0.10,0.10,28.86,17,17,0,0.32,0.30,0.40,28.95,17,17,0,630.76,627.40,634.90,24.70,17,0,0,0.09,0.00,0.10,29.61,17,17,0,1.07,1.00,1.10,29.05,17,17,0,0.23,0.20,0.30,28.83,17,17,0
1070770,0.36,0.30,0.40,29.51,17,17,0,-0.04,-0.10,0.00,28.87,17,17,0,0.31,0.30,0.40,28.94,17,17,0,623.49,618.30,628.20,24.68,17,0,0,0.10,0.00,0.20,29.58,17,17,0,1.07,1.00,1.10,29.03,17,17,0,0.23,0.20,0.30,28.81,17,17,0
1071272,0.37,0.30,0.40,29.51,17,17,0,-0.02,-0.10,0.10,28.87,17,17,0,0.35,0.30,0.40,28.95,17,17,0,615.30,612.20,619.20,24.68,17,0,0,0.10,0.10,0.10,29.59,17,17,0,1.08,1.00,1.10,29.04,17,17,0,0.22,0.20,0.30,28.82,17,17,0
1071778,0.36,0.30,0.40,29.51,17,17,0,-0.04,-0.10,0.10,28.86,17,17,0,0.34,0.30,0.40,28.95,17,17,0,614.34,610.70,618.20,24.69,17,0,0,0.10,0.00,0.20,29.58,17,17,0,1.08,1.00,1.10,29.04,17,17,0,0.24,0.20,0.30,28.83,17,17,0
1072283,0.36,0.30,0.40,29.51,17,17,0,-0.01,-0.10,0.10,28.86,17,17,0,0.31,0.30,0.40,28.95,17,17,0,618.78,614.20,623.90,24.70,17,0,0,0.10,0.10,0.10,29.59,17,17,0,1.08,1.00,1.10,29.03,17,17,0,0.22,0.20,0.30,28.82,17,17,0
1072784,0.38,0.30,0.40,29.51,17,17,0,-0.01,-0.10,0.10,28.87,17,17,0,0.32,0.30,0.40,28.95,17,17,0,621.48,616.00,626.60,24.69,17,0,0,0.10,0.10,0.10,29.60,17,17,0,1.08,1.00,1.10,29.03,17,17,0,0.23,0.20,0.30,28.82,17,17,0
1073286,0.36,0.30,0.40,29.52,17,17,0,-0.01,-0.10,0.10,28.87,17,17,0,0.32,0.30,0.40,28.94,17,17,0,610.41,603.50,616.90,24.69,17,0,0,0.10,0.10,0.10,29.60,17,17,0,1.06,1.00,1.10,29.04,17,17,0,0.22,0.20,0.30,28.81,17,17,0
1073786,0.36,0.30,0.40,29.51,17,17,0,-0.01,-0.10,0.10,28.85,17,17,0,0.34,0.30,0.40,28.93,17,17,0,602.82,599.70,605.90,24.68,17,0,0,0.10,0.10,0.10,29.60,17,17,0,1.08,1.00,1.10,29.05,17,17,0,0.22,0.20,0.30,28.81,17,17,0
1074286,0.35,0.30,0.40,29.52,17,17,0,-0.02,-0.10,0.00,28.85,17,17,0,0.34,0.30,0.40,28.93,17,17,0,605.63,602.00,608.40,24.68,17,0,0,0.10,0.10,0.10,29.60,17,17,0,1.08,1.00,1.10,29.04,17,17,0,0.24,0.20,0.30,28.82,17,17,0
1074786,0.39,0.30,0.40,29.52,17,17,0,-0.03,-0.10,0.00,28.86,17,17,0,0.32,0.30,0.40,28.94,17,17,0,612.74,607.90,617.60,24.67,17,0,0,0.10,0.10,0.10,29.59,17,17,0,1.08,1.00,1.10,29.04,17,17,0,0.23,0.20,0.30,28.82,17,17,0
1075291,0.35,0.30,0.40,29.52,17,17,0,-0.03,-0.10,0.00,28.86,17,17,0,0.32,0.30,0.40,28.93,17,17,0,613.66,610.40,619.20,24.65,17,0,0,0.09,0.00,0.10,29.58,17,17,0,1.08,1.00,1.10,29.03,17,17,0,0.21,0.20,0.30,28.81,17,17,0
1075791,0.35,0.30,0.40,29.51,17,17,0,-0.01,-0.10,0.10,28.86,17,17,0,0.34,0.30,0.40,28.93,17,17,0,603.24,598.70,607.60,24.66,17,0,0,0.10,0.10,0.10,29.58,17,17,0,1.06,1.00,1.10,29.03,17,17,0,0.22,0.20,0.30,28.82,17,17,0
1076291,0.36,0.30,0.40,29.51,17,17,0,-0.03,-0.10,0.00,28.88,17,17,0,0.31,0.30,0.40,28.96,17,17,0,600.04,598.20,603.40,24.66,17,0,0,0.09,0.00,0.10,29.60,17,17,0,1.05,1.00,1.10,29.04,17,17,0,0.21,0.20,0.30,28.82,17,17,0
1076794,0.36,0.30,0.40,29.50,17,17,0,-0.01,-0.10,0.00,28.87,17,17,0,0.32,0.30,0.40,28.94,17,17,0,602.62,599.80,607.40,24.66,17,0,0,0.11,0.10,0.20,29.60,17,17,0,1.07,1.00,1.10,29.05,17,17,0,0.22,0.20,0.30,28.83,17,17,0
1077305,0.38,0.30,0.40,29.52,17,17,0,-0.02,-0.10,0.00,28.88,17,17,0,0.34,0.30,0.40,28.95,17,17,0,607.92,603.50,611.10,24.66,17,0,0,0.10,0.00,0.20,29.59,17,17,0,1.08,1.00,1.10,29.03,17,17,0,0.22,0.20,0.30,28.81,17,17,0
1077805,0.37,0.30,0.40,29.52,17,17,0,-0.02,-0.10,0.10,28.87,17,17,0,0.32,0.30,0.40,28.94,17,17,0,602.83,598.90,607.10,24.66,17,0,0,0.11,0.10,0.20,29.60,17,17,0,1.08,1.00,1.10,29.05,17,17,0,0.21,0.20,0.30,28.83,17,17,0
1078305,0.38,0.30,0.40,29.52,17,17,0,-0.01,-0.10,0.10,28.86,17,17,0,0.32,0.30,0.40,28.96,17,17,0,595.95,591.80,599.80,24.65,17,0,0,0.09,0.00,0.10,29.60,17,17,0,1.09,1.00,1.10,29.03,17,17,0,0.24,0.20,0.30,28.82,17,17,0
1078805,0.35,0.30,0.40,29.52,16,16,0,0.01,-0.10,0.10,28.87,16,16,0,0.33,0.30,0.40,28.94,16,16,0,595.96,593.90,599.10,24.66,16,0,0,0.10,0.10,0.10,29.60,16,16,0,1.04,1.00,1.10,29.04,16,16,0,0.24,0.20,0.30,28.83,16,16,0
1079305,0.36,0.30,0.40,29.53,17,17,0,-0.02,-0.10,0.10,28.88,17,17,0,0.32,0.30,0.40,28.94,17,17,0,600.37,595.00,605.20,24.65,17,0,0,0.09,0.00,0.10,29.58,17,17,0,1.06,1.00,1.10,29.03,17,17,0,0.25,0.20,0.30,28.81,17,17,0
1079807,0.38,0.30,0.40,29.52,16,16,0,-0.02,-0.10,0.10,28.86,16,16,0,0.32,0.30,0.40,28.95,16,16,0,602.37,598.60,605.60,24.67,16,0,0,0.11,0.10,0.20,29.59,16,16,0,1.08,1.00,1.10,29.04,16,16,0,0.23,0.20,0.30,28.83,16,16,0
1080307,0.35,0.30,0.40,29.52,17,17,0,-0.01,-0.10,0.10,28.87,17,17,0,0.32,0.30,0.40,28.94,17,17,0,593.74,588.00,600.10,24.65,17,0,0,0.10,0.10,0.10,29.60,17,17,0,1.08,1.00,1.10,29.01,17,17,0,0.21,0.20,0.30,28.81,17,17,0
1080814,0.37,0.30,0.40,29.52,17,17,0,-0.01,-0.10,0.10,28.87,17,17,0,0.33,0.30,0.40,28.96,17,17,0,587.94,584.80,590.60,24.65,17,0,0,0.10,0.10,0.10,29.60,17,17,0,1.06,1.00,1.10,29.03,17,17,0,0.22,0.20,0.30,28.83,17,17,0
1081322,0.34,0.30,0.40,29.51,17,17,0,0.00,-0.10,0.10,28.85,17,17,0,0.32,0.30,0.40,28.95,17,17,0,589.23,585.00,592.30,24.65,17,0,0,0.10,0.10,0.10,29.61,17,17,0,1.06,1.00,1.10,29.03,17,17,0,0.23,0.20,0.30,28.82,17,17,0
1081831,0.37,0.30,0.40,29.51,17,17,0,-0.02,-0.10,0.10,28.87,17,17,0,0.34,0.30,0.40,28.94,17,17,0,597.34,592.40,600.70,24.66,17,0,0,0.11,0.10,0.20,29.59,17,17,0,1.07,1.00,1.10,29.04,17,17,0,0.24,0.20,0.30,28.82,17,17,0
1082344,0.36,0.30,0.40,29.51,17,17,0,-0.02,-0.10,0.10,28.85,17,17,0,0.36,0.30,0.40,28.93,17,17,0,598.88,595.40,601.20,24.64,17,0,0,0.10,0.10,0.10,29.60,17,17,0,1.06,1.00,1.10,29.04,17,17,0,0.23,0.20,0.30,28.82,17,17,0
1082847,0.36,0.30,0.40,29.53,17,17,0,-0.02,-0.10,0.10,28.85,17,17,0,0.34,0.30,0.40,28.95,17,17,0,591.64,586.80,595.00,24.66,17,0,0,0.10,0.10,0.10,29.58,17,17,0,1.06,1.00,1.10,29.05,17,17,0,0.23,0.20,0.30,28.82,17,17,0
1083358,0.36,0.30,0.40,29.52,17,17,0,0.01,-0.10,0.10,28.87,17,17,0,0.31,0.30,0.40,28.95,17,17,0,587.22,583.60,589.90,24.66,17,0,0,0.09,0.00,0.10,29.60,17,17,0,1.07,1.00,1.10,29.04,17,17,0,0.24,0.20,0.30,28.80,17,17,0
1083861,0.36,0.30,0.40,29.53,17,17,0,0.01,0.00,0.10,28.88,17,17,0,0.34,0.30,0.40,28.93,17,17,0,591.28,588.40,595.30,24.66,17,0,0,0.10,0.00,0.20,29.62,17,17,0,1.08,1.00,1.10,29.05,17,17,0,0.22,0.20,0.30,28.82,17,17,0
1084361,0.36,0.30,0.40,29.54,17,17,0,-0.01,-0.10,0.10,28.88,17,17,0,0.31,0.30,0.40,28.95,17,17,0,599.24,597.20,601.60,24.63,17,0,0,0.11,0.10,0.20,29.60,17,17,0,1.07,1.00,1.10,29.03,17,17,0,0.22,0.20,0.30,28.82,17,17,0
1084865,0.36,0.30,0.40,29.51,17,17,0,-0.04,-0.10,0.00,28.86,17,17,0,0.32,0.30,0.40,28.93,17,17,0,592.78,588.50,600.00,24.64,17,0,0,0.11,0.00,0.20,29.59,17,17,0,1.08,1.00,1.10,29.03,17,17,0,0.24,0.20,0.30,28.82,17,17,0
1085370,0.35,0.30,0.40,29.53,17,17,0,0.00,-0.10,0.10,28.86,17,17,0,0.32,0.30,0.40,28.95,17,17,0,584.76,582.50,588.20,24.64,17,0,0,0.11,0.10,0.20,29.58,17,17,0,1.07,1.00,1.10,29.05,17,17,0,0.23,0.20,0.30,28.82,17,17,0
1085876,0.37,0.30,0.40,29.52,17,17,0,0.00,-0.10,0.10,28.86,17,17,0,0.34,0.30,0.40,28.96,17,17,0,582.35,578.90,585.90,24.63,17,0,0,0.10,0.10,0.10,29.59,17,17,0,1.09,1.00,1.10,29.04,17,17,0,0.22,0.20,0.30,28.83,17,17,0
1086376,0.33,0.30,0.40,29.53,17,17,0,0.00,-0.10,0.10,28.88,17,17,0,0.32,0.30,0.40,28.94,17,17,0,589.10,583.30,594.60,24.65,17,0,0,0.11,0.10,0.20,29.61,17,17,0,1.08,1.00,1.10,29.03,17,17,0,0.21,0.20,0.30,28.82,17,17,0
1086882,0.36,0.30,0.40,29.52,17,17,0,0.03,-0.10,0.10,28.86,17,17,0,0.34,0.30,0.40,28.93,17,17,0,595.62,592.60,599.80,24.63,17,0,0,0.10,0.00,0.20,29.58,17,17,0,1.07,1.00,1.10,29.04,17,17,0,0.21,0.20,0.30,28.81,17,17,0
1087389,0.36,0.30,0.40,29.52,17,17,0,-0.03,-0.10,0.00,28.87,17,17,0,0.31,0.30,0.40,28.95,17,17,0,586.94,582.20,591.70,24.63,17,0,0,0.10,0.10,0.10,29.59,17,17,0,1.08,1.00,1.10,29.03,17,17,0,0.23,0.20,0.30,28.83,17,17,0
1087897,0.38,0.30,0.40,29.53,17,17,0,0.00,-0.10,0.10,28.88,17,17,0,0.32,0.30,0.40,28.95,17,17,0,583.30,580.80,585.40,24.65,17,0,0,0.10,0.10,0.10,29.58,17,17,0,1.06,1.00,1.10,29.03,17,17,0,0.24,0.20,0.30,28.84,17,17,0
1088400,0.38,0.30,0.40,29.53,17,17,0,-0.03,-0.10,0.00,28.87,17,17,0,0.34,0.30,0.40,28.92,17,17,0,586.44,581.50,591.40,24.63,17,0,0,0.10,0.10,0.10,29.59,17,17,0,1.07,1.00,1.10,29.04,17,17,0,0.23,0.20,0.30,28.84,17,17,0
1088904,0.36,0.30,0.40,29.52,17,17,0,-0.02,-0.10,0.00,28.87,17,17,0,0.33,0.30,0.40,28.94,17,17,0,596.13,591.80,600.30,24.63,17,0,0,0.09,0.00,0.10,29.60,17,17,0,1.08,1.00,1.10,29.04,17,17,0,0.24,0.20,0.30,28.82,17,17,0
1089409,0.35,0.30,0.40,29.52,17,17,0,-0.02,-0.10,0.10,28.86,17,17,0,0.32,0.30,0.40,28.95,17,17,0,597.28,593.10,601.40,24.63,17,0,0,0.10,0.10,0.10,29.61,17,17,0,1.08,1.00,1.10,29.04,17,17,0,0.25,0.20,0.30,28.81,17,17,0
1089914,0.36,0.30,0.40,29.52,17,17,0,0.00,-0.10,0.10,28.88,17,17,0,0.33,0.30,0.40,28.94,17,17,0,588.77,584.90,592.00,24.60,17,0,0,0.09,0.00,0.10,29.61,17,17,0,1.06,1.00,1.10,29.03,17,17,0,0.20,0.20,0.20,28.82,17,17,0
1090414,0.37,0.30,0.40,29.53,16,16,0,-0.04,-0.10,0.00,28.89,16,16,0,0.31,0.30,0.40,28.96,16,16,0,586.28,583.10,589.40,24.63,16,0,0,0.10,0.00,0.20,29.59,16,16,0,1.06,1.00,1.10,29.05,16,16,0,0.21,0.20,0.30,28.82,16,16,0
1090918,0.37,0.30,0.40,29.53,17,17,0,-0.02,-0.10,0.00,28.86,17,17,0,0.33,0.30,0.40,28.93,17,17,0,591.03,586.60,596.00,24.63,17,0,0,0.11,0.10,0.20,29.60,17,17,0,1.08,1.00,1.10,29.05,17,17,0,0.23,0.20,0.30,28.82,17,17,0
1091423,0.36,0.30,0.40,29.53,17,17,0,-0.01,-0.10,0.10,28.87,17,17,0,0.33,0.30,0.40,28.95,17,17,0,598.42,596.00,601.70,24.62,17,0,0,0.09,0.00,0.10,29.59,17,17,0,1.07,1.00,1.10,29.05,17,17,0,0.22,0.20,0.30,28.82,17,17,0
1091923,0.37,0.30,0.40,29.53,17,17,0,0.00,-0.10,0.10,28.88,17,17,0,0.32,0.30,0.40,28.95,17,17,0,593.83,587.30,599.00,24.63,17,0,0,0.09,0.00,0.10,29.59,17,17,0,1.09,1.00,1.10,29.04,17,17,0,0.21,0.20,0.30,28.83,17,17,0
1092429,0.35,0.30,0.40,29.52,17,17,0,0.02,-0.10,0.10,28.87,17,17,0,0.32,0.30,0.40,28.93,17,17,0,587.52,583.70,589.50,24.62,17,0,0,0.11,0.10,0.20,29.60,17,17,0,1.08,1.00,1.10,29.03,17,17,0,0.24,0.20,0.30,28.82,17,17,0
1092929,0.35,0.30,0.40,29.52,17,17,0,-0.01,-0.10,0.00,28.84,17,17,0,0.34,0.30,0.40,28.93,17,17,0,585.01,582.00,589.00,24.62,17,0,0,0.11,0.10,0.20,29.62,17,17,0,1.07,1.00,1.10,29.04,17,17,0,0.23,0.20,0.30,28.83,17,17,0
1093429,0.35,0.30,0.40,29.54,16,16,0,-0.04,-0.10,0.10,28.87,16,16,0,0.32,0.30,0.40,28.95,16,16,0,594.44,588.10,599.20,24.61,16,0,0,0.10,0.10,0.10,29.60,16,16,0,1.06,1.00,1.10,29.02,16,16,0,0.23,0.20,0.30,28.81,16,16,0
1093935,0.36,0.30,0.40,29.52,17,17,0,0.01,-0.10,0.10,28.88,17,17,0,0.33,0.30,0.40,28.96,17,17,0,601.77,599.00,604.60,24.61,17,0,0,0.10,0.10,0.10,29.62,17,17,0,1.06,1.00,1.10,29.04,17,17,0,0.21,0.20,0.30,28.83,17,17,0
1094438,0.34,0.30,0.40,29.52,17,17,0,-0.01,-0.10,0.10,28.87,17,17,0,0.32,0.30,0.40,28.94,17,17,0,593.85,587.70,601.10,24.62,17,0,0,0.09,0.00,0.20,29.60,17,17,0,1.06,1.00,1.10,29.04,17,17,0,0.22,0.20,0.30,28.82,17,17,0
1094951,0.35,0.30,0.40,29.52,17,17,0,-0.01,-0.10,0.10,28.87,17,17,0,0.32,0.30,0.40,28.95,17,17,0,587.21,584.50,590.00,24.63,17,0,0,0.10,0.10,0.10,29.61,17,17,0,1.06,1.00,1.10,29.05,17,17,0,0.22,0.20,0.30,28.80,17,17,0
1095459,0.37,0.30,0.40,29.54,17,17,0,-0.02,-0.10,0.10,28.87,17,17,0,0.34,0.30,0.40,28.93,17,17,0,587.34,582.70,591.30,24.60,17,0,0,0.10,0.10,0.10,29.60,17,17,0,1.06,1.00,1.10,29.05,17,17,0,0.23,0.20,0.30,28.82,17,17,0
1095959,0.36,0.30,0.40,29.53,17,17,0,-0.02,-0.10,0.10,28.85,17,17,0,0.33,0.30,0.40,28.95,17,17,0,596.43,591.40,602.70,24.59,17,0,0,0.12,0.10,0.20,29.62,17,17,0,1.08,1.00,1.10,29.03,17,17,0,0.22,0.20,0.30,28.84,17,17,0
1096460,0.35,0.30,0.40,29.52,17,17,0,-0.01,-0.10,0.00,28.88,17,17,0,0.33,0.30,0.40,28.95,17,17,0,597.16,592.20,602.60,24.61,17,0,0,0.09,0.00,0.10,29.59,17,17,0,1.08,1.00,1.10,29.04,17,17,0,0.21,0.20,0.30,28.82,17,17,0
1096963,0.35,0.30,0.40,29.53,17,17,0,0.00,-0.10,0.10,28.87,17,17,0,0.32,0.30,0.40,28.95,17,17,0,589.14,585.40,591.80,24.61,17,0,0,0.10,0.10,0.10,29.61,17,17,0,1.06,1.00,1.10,29.04,17,17,0,0.24,0.20,0.30,28.84,17,17,0
1097465,0.39,0.30,0.40,29.50,16,16,0,0.01,-0.10,0.10,28.87,16,16,0,0.34,0.30,0.40,28.93,16,16,0,582.34,578.70,586.70,24.62,16,0,0,0.09,0.00,0.10,29.60,16,16,0,1.06,1.00,1.10,29.04,16,16,0,0.24,0.20,0.30,28.82,16,16,0
1097968,0.35,0.30,0.40,29.52,17,17,0,-0.01,-0.10,0.10,28.87,17,17,0,0.34,0.30,0.40,28.94,17,17,0,587.31,582.60,591.20,24.61,17,0,0,0.09,0.00,0.10,29.60,17,17,0,1.08,1.00,1.10,29.04,17,17,0,0.26,0.20,0.30,28.83,17,17,0
1098468,0.36,0.30,0.40,29.53,16,16,0,0.00,-0.10,0.10,28.89,16,16,0,0.33,0.30,0.40,28.96,16,16,0,596.39,593.50,599.80,24.61,16,0,0,0.10,0.10,0.10,29.61,16,16,0,1.08,1.00,1.10,29.05,16,16,0,0.22,0.20,0.30,28.83,16,16,0
1098977,0.38,0.30,0.40,29.52,17,17,0,0.00,-0.10,0.10,28.88,17,17,0,0.34,0.30,0.40,28.95,17,17,0,591.82,587.10,597.60,24.62,17,0,0,0.10,0.10,0.10,29.60,17,17,0,1.06,1.00,1.10,29.04,17,17,0,0.21,0.20,0.30,28.82,17,17,0
1099477,0.38,0.30,0.40,29.51,17,17,0,-0.01,-0.10,0.10,28.87,17,17,0,0.32,0.30,0.40,28.95,17,17,0,585.72,582.70,588.10,24.61,17,0,0,0.09,0.00,0.10,29.59,17,17,0,1.04,1.00,1.10,29.04,17,17,0,0.22,0.20,0.30,28.84,17,17,0
1099990,0.35,0.30,0.40,29.53,17,17,0,-0.03,-0.10,0.00,28.88,17,17,0,0.32,0.30,0.40,28.96,17,17,0,587.39,583.30,592.50,24.60,17,0,0,0.09,0.00,0.10,29.61,17,17,0,1.06,1.00,1.10,29.05,17,17,0,0.22,0.20,0.30,28.83,17,17,0
1100492,0.35,0.30,0.40,29.54,17,17,0,-0.01,-0.10,0.10,28.88,17,17,0,0.32,0.30,0.40,28.95,17,17,0,593.51,589.20,598.00,24.58,17,0,0,0.11,0.10,0.20,29.61,17,17,0,1.08,1.00,1.10,29.05,17,17,0,0.21,0.20,0.30,28.81,17,17,0
1100994,0.37,0.30,0.40,29.51,17,17,0,-0.01,-0.10,0.10,28.89,17,17,0,0.33,0.30,0.40,28.93,17,17,0,596.41,591.30,601.60,24.61,17,0,0,0.10,0.10,0.10,29.59,17,17,0,1.08,1.00,1.10,29.04,17,17,0,0.25,0.20,0.30,28.83,17,17,0
1101502,0.37,0.30,0.40,29.52,17,17,0,0.01,-0.10,0.10,28.88,17,17,0,0.32,0.30,0.40,28.94,17,17,0,588.65,583.60,592.40,24.60,17,0,0,0.11,0.10,0.20,29.60,17,17,0,1.09,1.00,1.10,29.05,17,17,0,0.22,0.20,0.30,28.84,17,17,0
1102009,0.38,0.30,0.40,29.53,17,17,0,-0.04,-0.10,0.10,28.89,17,17,0,0.31,0.30,0.40,28.93,17,17,0,584.23,580.90,586.10,24.60,17,0,0,0.09,0.00,0.10,29.61,17,17,0,1.08,1.00,1.10,29.05,17,17,0,0.21,0.20,0.30,28.83,17,17,0
1102513,0.37,0.30,0.40,29.54,17,17,0,-0.01,-0.10,0.10,28.88,17,17,0,0.34,0.30,0.40,28.94,17,17,0,588.48,586.10,591.40,24.61,17,0,0,0.10,0.10,0.10,29.61,17,17,0,1.09,1.00,1.10,29.04,17,17,0,0.21,0.20,0.30,28.82,17,17,0
1103013,0.36,0.30,0.40,29.53,17,17,0,-0.02,-0.10,0.10,28.89,17,17,0,0.32,0.30,0.40,28.95,17,17,0,596.36,590.80,600.10,24.60,17,0,0,0.11,0.10,0.20,29.61,17,17,0,1.06,1.00,1.10,29.04,17,17,0,0.21,0.20,0.30,28.83,17,17,0
1103518,0.38,0.30,0.40,29.52,17,17,0,-0.01,-0.10,0.10,28.87,17,17,0,0.32,0.30,0.40,28.95,17,17,0,595.26,592.50,598.70,24.61,17,0,0,0.10,0.10,0.10,29.61,17,17,0,1.10,1.10,1.10,29.03,17,17,0,0.24,0.20,0.30,28.84,17,17,0
1104018,0.36,0.30,0.40,29.50,17,17,0,-0.02,-0.10,0.10,28.87,17,17,0,0.33,0.30,0.40,28.95,17,17,0,589.95,586.20,594.30,24.59,17,0,0,0.08,0.00,0.10,29.60,17,17,0,1.08,1.00,1.10,29.06,17,17,0,0.23,0.20,0.30,28.83,17,17,0
1104519,0.37,0.30,0.40,29.52,17,17,0,-0.04,-0.10,0.00,28.87,17,17,0,0.33,0.30,0.40,28.94,17,17,0,592.38,585.00,598.70,24.60,17,0,0,0.10,0.00,0.20,29.61,17,17,0,1.06,1.00,1.10,29.04,17,17,0,0.22,0.20,0.30,28.83,17,17,0
1105019,0.38,0.30,0.40,29.51,17,17,0,-0.01,-0.10,0.10,28.88,17,17,0,0.35,0.30,0.40,28.95,17,17,0,596.85,590.60,600.20,24.60,17,0,0,0.10,0.10,0.10,29.60,17,17,0,1.08,1.00,1.10,29.04,17,17,0,0.21,0.20,0.30,28.85,17,17,0
1105527,0.37,0.30,0.40,29.53,17,17,0,0.00,-0.10,0.10,28.89,17,17,0,0.31,0.30,0.40,28.93,17,17,0,602.88,600.60,606.80,24.58,17,0,0,0.11,0.10,0.20,29.60,17,17,0,1.09,1.00,1.10,29.04,17,17,0,0.22,0.20,0.30,28.82,17,17,0
1106030,0.36,0.30,0.40,29.52,17,17,0,-0.01,-0.10,0.10,28.87,17,17,0,0.34,0.30,0.40,28.95,17,17,0,601.03,597.80,603.60,24.58,17,0,0,0.10,0.10,0.10,29.62,17,17,0,1.07,1.00,1.10,29.06,17,17,0,0.24,0.20,0.30,28.83,17,17,0
1106530,0.35,0.30,0.40,29.51,17,17,0,-0.02,-0.10,0.10,28.88,17,17,0,0.32,0.30,0.40,28.95,17,17,0,599.06,596.30,601.70,24.56,17,0,0,0.09,0.00,0.10,29.59,17,17,0,1.07,1.00,1.10,29.05,17,17,0,0.22,0.20,0.30,28.83,17,17,0
1107030,0.35,0.30,0.40,29.52,17,17,0,-0.01,-0.10,0.10,28.89,17,17,0,0.32,0.30,0.40,28.95,17,17,0,603.52,599.60,607.20,24.56,17,0,0,0.09,0.00,0.10,29.62,17,17,0,1.06,1.00,1.10,29.04,17,17,0,0.23,0.20,0.30,28.83,17,17,0
1107532,0.38,0.30,0.40,29.53,17,17,0,0.01,-0.10,0.10,28.88,17,17,0,0.34,0.30,0.40,28.95,17,17,0,608.41,602.30,613.70,24.59,17,0,0,0.10,0.00,0.20,29.61,17,17,0,1.06,1.00,1.10,29.06,17,17,0,0.23,0.20,0.30,28.83,17,17,0
1108039,0.35,0.30,0.40,29.53,17,17,0,-0.02,-0.10,0.00,28.89,17,17,0,0.34,0.30,0.40,28.96,17,17,0,612.45,609.20,615.60,24.58,17,0,0,0.10,0.10,0.10,29.60,17,17,0,1.08,1.00,1.10,29.06,17,17,0,0.24,0.20,0.30,28.82,17,17,0
1108542,0.35,0.30,0.40,29.54,17,17,0,0.00,-0.10,0.10,28.90,17,17,0,0.33,0.30,0.40,28.95,17,17,0,607.98,604.10,611.80,24.56,17,0,0,0.09,0.00,0.10,29.61,17,17,0,1.08,1.00,1.10,29.04,17,17,0,0.23,0.20,0.30,28.84,17,17,0
1109049,0.36,0.30,0.40,29.53,17,17,0,-0.03,-0.10,0.10,28.89,17,17,0,0.31,0.30,0.40,28.96,17,17,0,607.68,604.90,610.90,24.58,17,0,0,0.09,0.00,0.10,29.60,17,17,0,1.08,1.00,1.10,29.04,17,17,0,0.22,0.20,0.30,28.84,17,17,0
1109557,0.35,0.30,0.40,29.53,17,17,0,-0.04,-0.10,0.00,28.89,17,17,0,0.32,0.30,0.40,28.95,17,17,0,611.50,607.90,615.50,24.56,17,0,0,0.10,0.10,0.10,29.61,17,17,0,1.05,1.00,1.10,29.05,17,17,0,0.21,0.20,0.30,28.84,17,17,0
1110059,0.35,0.30,0.40,29.53,17,17,0,-0.04,-0.10,0.10,28.88,17,17,0,0.34,0.30,0.40,28.95,17,17,0,620.51,615.30,624.20,24.56,17,0,0,0.09,0.00,0.10,29.61,17,17,0,1.06,1.00,1.10,29.03,17,17,0,0.23,0.20,0.30,28.84,17,17,0
1110560,0.36,0.30,0.40,29.53,17,17,0,-0.01,-0.10,0.10,28.88,17,17,0,0.32,0.30,0.40,28.95,17,17,0,619.89,617.10,622.30,24.56,17,0,0,0.12,0.10,0.20,29.62,17,17,0,1.07,1.00,1.10,29.05,17,17,0,0.23,0.20,0.30,28.82,17,17,0
1111063,0.35,0.30,0.40,29.53,17,17,0,-0.02,-0.10,0.10,28.88,17,17,0,0.35,0.30,0.40,28.95,17,17,0,614.32,609.80,617.80,24.56,17,0,0,0.10,0.10,0.10,29.60,17,17,0,1.09,1.00,1.10,29.05,17,17,0,0.24,0.20,0.30,28.83,17,17,0
1111568,0.35,0.30,0.40,29.54,17,17,0,-0.02,-0.10,0.00,28.89,17,17,0,0.32,0.30,0.40,28.95,17,17,0,613.34,609.60,616.50,24.56,17,0,0,0.10,0.00,0.20,29.62,17,17,0,1.07,1.00,1.10,29.07,17,17,0,0.20,0.20,0.20,28.82,17,17,0
1112068,0.36,0.30,0.40,29.53,17,17,0,-0.03,-0.10,0.10,28.90,17,17,0,0.34,0.30,0.40,28.96,17,17,0,617.44,613.80,621.10,24.56,17,0,0,0.10,0.10,0.10,29.61,17,17,0,1.08,1.00,1.10,29.03,17,17,0,0.22,0.20,0.30,28.82,17,17,0
1112568,0.35,0.30,0.40,29.55,17,17,0,-0.01,-0.10,0.10,28.87,17,17,0,0.32,0.30,0.40,28.94,17,17,0,625.18,620.80,628.10,24.55,17,0,0,0.10,0.10,0.10,29.62,17,17,0,1.08,1.00,1.10,29.06,17,17,0,0.22,0.20,0.30,28.83,17,17,0
1113068,0.35,0.30,0.40,29.52,17,17,0,-0.02,-0.10,0.10,28.88,17,17,0,0.32,0.30,0.40,28.94,17,17,0,620.56,614.20,625.10,24.55,17,0,0,0.10,0.00,0.20,29.63,17,17,0,1.06,1.00,1.10,29.05,17,17,0,0.21,0.20,0.30,28.84,17,17,0
1113570,0.33,0.30,0.40,29.52,17,17,0,-0.01,-0.10,0.10,28.88,17,17,0,0.32,0.30,0.40,28.94,17,17,0,613.75,611.10,616.20,24.56,17,0,0,0.11,0.00,0.20,29.61,17,17,0,1.08,1.00,1.10,29.04,17,17,0,0.22,0.20,0.30,28.85,17,17,0
1114070,0.34,0.30,0.40,29.53,17,17,0,-0.01,-0.10,0.00,28.88,17,17,0,0.33,0.30,0.40,28.94,17,17,0,614.04,610.70,617.40,24.55,17,0,0,0.11,0.10,0.20,29.60,17,17,0,1.04,1.00,1.10,29.04,17,17,0,0.21,0.20,0.30,28.84,17,17,0
1114572,0.37,0.30,0.40,29.51,17,17,0,-0.02,-0.10,0.10,28.88,17,17,0,0.32,0.30,0.40,28.95,17,17,0,619.61,612.60,625.60,24.56,17,0,0,0.10,0.10,0.10,29.61,17,17,0,1.06,1.00,1.10,29.05,17,17,0,0.22,0.20,0.30,28.83,17,17,0
1115084,0.34,0.30,0.40,29.54,17,17,0,-0.01,-0.10,0.10,28.88,17,17,0,0.32,0.30,0.40,28.94,17,17,0,626.84,624.30,628.80,24.54,17,0,0,0.10,0.00,0.20,29.60,17,17,0,1.08,1.00,1.10,29.06,17,17,0,0.21,0.20,0.30,28.83,17,17,0
1115592,0.34,0.30,0.40,29.55,17,17,0,-0.01,-0.10,0.10,28.88,17,17,0,0.34,0.30,0.40,28.95,17,17,0,619.11,614.50,624.30,24.54,17,0,0,0.10,0.10,0.10,29.62,17,17,0,1.09,1.00,1.10,29.04,17,17,0,0.22,0.20,0.30,28.84,17,17,0
1116092,0.34,0.30,0.40,29.53,16,16,0,-0.02,-0.10,0.10,28.87,16,16,0,0.32,0.30,0.40,28.95,16,16,0,613.77,611.30,615.90,24.54,16,0,0,0.09,0.00,0.10,29.62,16,16,0,1.08,1.00,1.10,29.05,16,16,0,0.22,0.20,0.30,28.82,16,16,0
1116592,0.35,0.30,0.40,29.53,17,17,0,-0.04,-0.10,0.10,28.88,17,17,0,0.31,0.30,0.40,28.95,17,17,0,613.47,610.70,617.90,24.56,17,0,0,0.10,0.10,0.10,29.62,17,17,0,1.05,1.00,1.10,29.05,17,17,0,0.22,0.20,0.30,28.85,17,17,0
1117092,0.35,0.30,0.40,29.52,17,17,0,-0.02,-0.10,0.10,28.87,17,17,0,0.33,0.30,0.40,28.95,17,17,0,620.93,615.50,627.10,24.52,17,0,0,0.11,0.10,0.20,29.60,17,17,0,1.07,1.00,1.10,29.06,17,17,0,0.21,0.20,0.30,28.83,17,17,0
1117604,0.35,0.30,0.40,29.53,17,17,0,-0.01,-0.10,0.10,28.88,17,17,0,0.32,0.30,0.40,28.96,17,17,0,619.50,614.70,624.50,24.56,17,0,0,0.09,0.00,0.10,29.61,17,17,0,1.08,1.00,1.10,29.06,17,17,0,0.23,0.20,0.30,28.83,17,17,0
1118104,0.35,0.30,0.40,29.53,17,17,0,-0.03,-0.10,0.00,28.88,17,17,0,0.32,0.30,0.40,28.94,17,17,0,609.76,606.80,613.10,24.54,17,0,0,0.09,0.00,0.10,29.61,17,17,0,1.08,1.00,1.10,29.06,17,17,0,0.21,0.20,0.30,28.85,17,17,0
1118607,0.36,0.30,0.40,29.54,17,17,0,-0.02,-0.10,0.10,28.88,17,17,0,0.32,0.30,0.40,28.94,17,17,0,604.01,601.10,607.20,24.54,17,0,0,0.11,0.10,0.20,29.62,17,17,0,1.08,1.00,1.10,29.06,17,17,0,0.22,0.20,0.30,28.84,17,17,0
1119107,0.35,0.30,0.40,29.52,17,17,0,-0.02,-0.10,0.00,28.88,17,17,0,0.33,0.30,0.40,28.94,17,17,0,607.90,604.10,611.40,24.54,17,0,0,0.10,0.10,0.10,29.62,17,17,0,1.08,1.00,1.10,29.04,17,17,0,0.22,0.20,0.30,28.84,17,17,0
1119608,0.34,0.30,0.40,29.54,17,17,0,-0.04,-0.10,0.00,28.88,17,17,0,0.31,0.30,0.40,28.95,17,17,0,616.79,612.20,619.70,24.56,17,0,0,0.10,0.00,0.20,29.63,17,17,0,1.06,1.00,1.10,29.07,17,17,0,0.22,0.20,0.30,28.83,17,17,0
1120114,0.36,0.30,0.40,29.54,17,17,0,-0.02,-0.10,0.10,28.88,17,17,0,0.32,0.30,0.40,28.95,17,17,0,612.86,606.10,619.10,24.56,17,0,0,0.10,0.10,0.10,29.62,17,17,0,1.09,1.00,1.10,29.05,17,17,0,0.23,0.20,0.30,28.84,17,17,0
1120617,0.34,0.30,0.40,29.51,17,17,0,-0.01,-0.10,0.10,28.88,17,17,0,0.32,0.30,0.40,28.94,17,17,0,603.98,601.10,609.10,24.55,17,0,0,0.11,0.10,0.20,29.60,17,17,0,1.08,1.00,1.10,29.05,17,17,0,0.22,0.20,0.30,28.83,17,17,0
1121124,0.35,0.30,0.40,29.52,17,17,0,-0.02,-0.10,0.10,28.88,17,17,0,0.34,0.30,0.40,28.94,17,17,0,602.57,598.90,605.60,24.55,17,0,0,0.10,0.10,0.10,29.62,17,17,0,1.08,1.00,1.10,29.06,17,17,0,0.22,0.20,0.30,28.84,17,17,0
1121632,0.35,0.30,0.40,29.52,17,17,0,-0.04,-0.10,0.00,28.88,17,17,0,0.31,0.30,0.40,28.95,17,17,0,606.09,601.10,612.40,24.55,17,0,0,0.10,0.10,0.10,29.62,17,17,0,1.08,1.00,1.10,29.06,17,17,0,0.24,0.20,0.30,28.83,17,17,0
1122139,0.36,0.30,0.40,29.53,17,17,0,-0.04,-0.10,0.00,28.88,17,17,0,0.32,0.30,0.40,28.94,17,17,0,611.02,609.10,613.20,24.55,17,0,0,0.10,0.10,0.10,29.61,17,17,0,1.08,1.00,1.10,29.05,17,17,0,0.22,0.20,0.30,28.83,17,17,0
1122641,0.36,0.30,0.40,29.52,17,17,0,-0.02,-0.10,0.00,28.89,17,17,0,0.33,0.30,0.40,28.96,17,17,0,604.61,597.90,609.70,24.55,17,0,0,0.10,0.10,0.10,29.60,17,17,0,1.07,1.00,1.10,29.06,17,17,0,0.22,0.20,0.30,28.83,17,17,0
1123141,0.36,0.30,0.40,29.53,17,17,0,0.00,-0.10,0.10,28.89,17,17,0,0.32,0.30,0.40,28.95,17,17,0,596.63,593.10,599.70,24.55,17,0,0,0.10,0.10,0.10,29.62,17,17,0,1.08,1.00,1.10,29.06,17,17,0,0.22,0.20,0.30,28.83,17,17,0
1123652,0.36,0.30,0.40,29.52,17,17,0,-0.02,-0.10,0.10,28.90,17,17,0,0.32,0.30,0.40,28.94,17,17,0,599.16,596.40,604.80,24.56,17,0,0,0.11,0.10,0.20,29.61,17,17,0,1.06,1.00,1.10,29.06,17,17,0,0.22,0.20,0.30,28.84,17,17,0
1124156,0.36,0.30,0.40,29.54,17,17,0,0.01,-0.10,0.10,28.87,17,17,0,0.30,0.30,0.30,28.97,17,17,0,604.21,598.10,611.60,24.55,17,0,0,0.10,0.10,0.10,29.61,17,17,0,1.08,1.00,1.10,29.04,17,17,0,0.22,0.20,0.30,28.85,17,17,0
1124663,0.37,0.30,0.40,29.55,17,17,0,0.01,-0.10,0.10,28.89,17,17,0,0.33,0.30,0.40,28.95,17,17,0,603.79,599.60,607.30,24.56,17,0,0,0.10,0.10,0.10,29.61,17,17,0,1.08,1.00,1.10,29.06,17,17,0,0.22,0.20,0.30,28.83,17,17,0
1125163,0.36,0.30,0.40,29.54,17,17,0,0.00,-0.10,0.10,28.88,17,17,0,0.34,0.30,0.40,28.96,17,17,0,597.39,594.20,600.80,24.56,17,0,0,0.10,0.00,0.20,29.60,17,17,0,1.07,1.00,1.10,29.04,17,17,0,0.22,0.20,0.30,28.84,17,17,0
1125670,0.37,0.30,0.40,29.54,17,17,0,-0.02,-0.10,0.00,28.87,17,17,0,0.32,0.30,0.40,28.95,17,17,0,595.51,593.40,597.90,24.55,17,0,0,0.10,0.10,0.10,29.61,17,17,0,1.09,1.00,1.10,29.05,17,17,0,0.22,0.20,0.30,28.85,17,17,0
1126174,0.36,0.30,0.40,29.52,17,17,0,-0.02,-0.10,0.00,28.89,17,17,0,0.32,0.30,0.40,28.94,17,17,0,596.12,593.20,599.60,24.54,17,0,0,0.09,0.00,0.20,29.62,17,17,0,1.07,1.00,1.10,29.04,17,17,0,0.22,0.20,0.30,28.85,17,17,0
1126674,0.37,0.30,0.40,29.54,17,17,0,-0.05,-0.10,0.00,28.87,17,17,0,0.33,0.30,0.40,28.94,17,17,0,600.36,596.90,604.90,24.55,17,0,0,0.11,0.10,0.20,29.62,17,17,0,1.08,1.00,1.10,29.05,17,17,0,0.23,0.20,0.30,28.84,17,17,0
1127175,0.35,0.30,0.40,29.54,17,17,0,-0.01,-0.10,0.10,28.88,17,17,0,0.32,0.30,0.40,28.95,17,17,0,595.86,582.50,599.70,24.55,17,0,0,0.09,0.00,0.10,29.62,17,17,0,1.08,1.00,1.10,29.06,17,17,0,0.21,0.20,0.30,28.84,17,17,0
1127683,0.38,0.30,0.40,29.55,17,17,0,-0.01,-0.10,0.10,28.89,17,17,0,0.33,0.30,0.40,28.95,17,17,0,589.51,585.30,593.00,24.56,17,0,0,0.11,0.10,0.20,29.62,17,17,0,1.08,1.00,1.10,29.05,17,17,0,0.22,0.20,0.30,28.85,17,17,0
1128190,0.36,0.30,0.40,29.54,17,17,0,-0.04,-0.10,0.00,28.89,17,17,0,0.33,0.30,0.40,28.98,17,17,0,589.38,586.70,593.30,24.56,17,0,0,0.10,0.10,0.10,29.62,17,17,0,1.06,1.00,1.10,29.07,17,17,0,0.23,0.20,0.30,28.83,17,17,0
1128690,0.34,0.30,0.40,29.52,17,17,0,-0.02,-0.10,0.10,28.88,17,17,0,0.33,0.30,0.40,28.95,17,17,0,593.15,587.70,598.20,24.55,17,0,0,0.11,0.10,0.20,29.62,17,17,0,1.08,1.00,1.10,29.04,17,17,0,0.25,0.20,0.30,28.84,17,17,0
1129203,0.33,0.30,0.40,29.51,17,17,0,0.01,-0.10,0.10,28.88,17,17,0,0.33,0.30,0.40,28.95,17,17,0,597.61,594.40,599.90,24.54,17,0,0,0.09,0.00,0.10,29.62,17,17,0,1.07,1.00,1.10,29.04,17,17,0,0.23,0.20,0.30,28.83,17,17,0
1129703,0.37,0.30,0.40,29.52,17,17,0,-0.04,-0.10,0.10,28.87,17,17,0,0.32,0.30,0.40,28.95,17,17,0,590.33,584.30,594.50,24.55,17,0,0,0.09,0.00,0.10,29.63,17,17,0,1.08,1.00,1.10,29.05,17,17,0,0.21,0.20,0.30,28.85,17,17,0
1130203,0.36,0.30,0.40,29.52,16,16,0,0.03,-0.10,0.10,28.87,16,16,0,0.32,0.30,0.40,28.96,16,16,0,585.68,581.50,588.70,24.55,16,0,0,0.10,0.10,0.10,29.61,16,16,0,1.08,1.00,1.10,29.07,16,16,0,0.23,0.20,0.30,28.85,16,16,0
1130709,0.36,0.30,0.40,29.52,17,17,0,-0.01,-0.10,0.10,28.88,17,17,0,0.34,0.30,0.40,28.96,17,17,0,585.34,581.80,589.40,24.55,17,0,0,0.11,0.10,0.20,29.63,17,17,0,1.08,1.00,1.10,29.06,17,17,0,0.22,0.20,0.30,28.84,17,17,0
1131213,0.38,0.30,0.40,29.53,17,17,0,-0.02,-0.10,0.10,28.87,17,17,0,0.33,0.30,0.40,28.95,17,17,0,593.44,588.00,597.10,24.56,17,0,0,0.11,0.10,0.20,29.61,17,17,0,1.08,1.00,1.10,29.05,17,17,0,0.21,0.20,0.30,28.84,17,17,0
1131718,0.39,0.30,0.40,29.53,17,17,0,-0.03,-0.10,0.10,28.87,17,17,0,0.33,0.30,0.40,28.94,17,17,0,594.42,589.70,599.00,24.55,17,0,0,0.09,0.00,0.10,29.61,17,17,0,1.08,1.00,1.10,29.05,17,17,0,0.22,0.20,0.30,28.85,17,17,0
1132218,0.35,0.30,0.40,29.53,17,17,0,-0.01,-0.10,0.10,28.88,17,17,0,0.31,0.30,0.40,28.95,17,17,0,587.07,583.30,590.40,24.57,17,0,0,0.09,0.00,0.10,29.61,17,17,0,1.06,1.00,1.10,29.06,17,17,0,0.22,0.20,0.30,28.85,17,17,0
1132726,0.37,0.30,0.40,29.54,17,17,0,-0.04,-0.10,0.10,28.89,17,17,0,0.34,0.30,0.40,28.96,17,17,0,584.42,581.20,587.20,24.55,17,0,0,0.10,0.10,0.10,29.61,17,17,0,1.05,1.00,1.10,29.06,17,17,0,0.24,0.20,0.30,28.84,17,17,0
1133229,0.36,0.30,0.40,29.54,17,17,0,0.01,-0.10,0.10,28.90,17,17,0,0.35,0.30,0.40,28.95,17,17,0,585.82,581.60,590.70,24.55,17,0,0,0.09,0.00,0.10,29.61,17,17,0,1.07,1.00,1.10,29.06,17,17,0,0.23,0.20,0.30,28.84,17,17,0
1133737,0.35,0.30,0.40,29.55,17,17,0,0.00,-0.10,0.10,28.89,17,17,0,0.33,0.30,0.40,28.95,17,17,0,594.54,591.70,597.10,24.55,17,0,0,0.09,0.00,0.10,29.61,17,17,0,1.07,1.00,1.10,29.06,17,17,0,0.21,0.20,0.30,28.84,17,17,0
1134237,0.38,0.30,0.40,29.52,17,17,0,-0.02,-0.10,0.10,28.90,17,17,0,0.33,0.30,0.40,28.94,17,17,0,589.81,583.10,597.10,24.56,17,0,0,0.10,0.10,0.10,29.61,17,17,0,1.06,1.00,1.10,29.06,17,17,0,0.22,0.20,0.30,28.83,17,17,0
1134741,0.34,0.30,0.40,29.53,17,17,0,-0.02,-0.10,0.10,28.90,17,17,0,0.32,0.30,0.40,28.96,17,17,0,583.84,580.90,587.90,24.56,17,0,0,0.11,0.10,0.20,29.61,17,17,0,1.06,1.00,1.10,29.05,17,17,0,0.22,0.20,0.30,28.85,17,17,0
1135241,0.35,0.30,0.40,29.55,16,16,0,0.00,-0.10,0.10,28.90,16,16,0,0.33,0.30,0.40,28.97,16,16,0,580.51,577.90,583.40,24.56,16,0,0,0.09,0.00,0.10,29.61,16,16,0,1.08,1.00,1.10,29.06,16,16,0,0.23,0.20,0.30,28.85,16,16,0
1135741,0.36,0.30,0.40,29.52,17,17,0,-0.02,-0.10,0.00,28.88,17,17,0,0.32,0.30,0.40,28.95,17,17,0,588.22,581.80,594.20,24.55,17,0,0,0.10,0.10,0.10,29.63,17,17,0,1.08,1.00,1.10,29.06,17,17,0,0.24,0.20,0.30,28.85,17,17,0
1136241,0.36,0.30,0.40,29.54,16,16,0,-0.03,-0.10,0.10,28.89,16,16,0,0.32,0.30,0.40,28.94,16,16,0,595.84,592.40,598.80,24.55,16,0,0,0.10,0.00,0.20,29.62,16,16,0,1.07,1.00,1.10,29.08,16,16,0,0.22,0.20,0.30,28.85,16,16,0
1136741,0.36,0.30,0.40,29.53,17,17,0,0.00,-0.10,0.10,28.90,17,17,0,0.33,0.30,0.40,28.95,17,17,0,588.12,582.80,591.70,24.55,17,0,0,0.10,0.10,0.10,29.61,17,17,0,1.06,1.00,1.10,29.05,17,17,0,0.23,0.20,0.30,28.84,17,17,0
1137244,0.36,0.30,0.40,29.53,17,17,0,-0.01,-0.10,0.10,28.90,17,17,0,0.31,0.30,0.40,28.96,17,17,0,581.71,574.20,585.50,24.57,17,0,0,0.10,0.10,0.10,29.62,17,17,0,1.09,1.00,1.10,29.06,17,17,0,0.23,0.20,0.30,28.83,17,17,0
1137751,0.34,0.30,0.40,29.53,17,17,0,-0.02,-0.10,0.10,28.88,17,17,0,0.32,0.30,0.40,28.94,17,17,0,580.93,577.50,587.70,24.57,17,0,0,0.09,0.00,0.10,29.61,17,17,0,1.06,1.00,1.10,29.06,17,17,0,0.22,0.20,0.30,28.84,17,17,0
1138255,0.35,0.30,0.40,29.53,17,17,0,-0.01,-0.10,0.10,28.89,17,17,0,0.32,0.30,0.40,28.94,17,17,0,594.06,590.60,596.90,24.56,17,0,0,0.09,0.00,0.20,29.62,17,17,0,1.07,1.00,1.10,29.05,17,17,0,0.24,0.20,0.30,28.86,17,17,0
1138763,0.35,0.30,0.40,29.55,17,17,0,0.01,-0.10,0.10,28.90,17,17,0,0.34,0.30,0.40,28.95,17,17,0,595.32,592.90,597.50,24.55,17,0,0,0.10,0.10,0.10,29.63,17,17,0,1.08,1.00,1.10,29.05,17,17,0,0.24,0.20,0.30,28.86,17,17,0
1139266,0.36,0.30,0.40,29.55,17,17,0,-0.04,-0.10,0.00,28.89,17,17,0,0.33,0.30,0.40,28.95,17,17,0,585.55,581.80,591.30,24.56,17,0,0,0.10,0.10,0.10,29.62,17,17,0,1.08,1.00,1.10,29.06,17,17,0,0.23,0.20,0.30,28.84,17,17,0
1139779,0.35,0.30,0.40,29.52,17,17,0,-0.02,-0.10,0.00,28.88,17,17,0,0.32,0.30,0.40,28.95,17,17,0,582.49,580.00,585.20,24.57,17,0,0,0.10,0.10,0.10,29.62,17,17,0,1.08,1.00,1.10,29.05,17,17,0,0.23,0.20,0.30,28.83,17,17,0
1140282,0.37,0.30,0.40,29.54,17,17,0,-0.02,-0.10,0.10,28.90,17,17,0,0.33,0.30,0.40,28.95,17,17,0,587.24,582.30,593.50,24.56,17,0,0,0.10,0.10,0.10,29.65,17,17,0,1.08,1.00,1.10,29.06,17,17,0,0.22,0.20,0.30,28.85,17,17,0
1140785,0.35,0.30,0.40,29.53,17,17,0,0.01,-0.10,0.10,28.88,17,17,0,0.31,0.30,0.40,28.94,17,17,0,597.48,594.60,600.70,24.56,17,0,0,0.11,0.10,0.20,29.63,17,17,0,1.08,1.00,1.10,29.05,17,17,0,0.22,0.20,0.30,28.84,17,17,0
1141291,0.35,0.30,0.40,29.53,17,17,0,0.00,-0.10,0.10,28.88,17,17,0,0.32,0.30,0.40,28.95,17,17,0,591.52,584.80,599.20,24.56,17,0,0,0.09,0.00,0.10,29.61,17,17,0,1.09,1.00,1.10,29.05,17,17,0,0.26,0.20,0.30,28.84,17,17,0
1141799,0.37,0.30,0.40,29.54,17,17,0,-0.01,-0.10,0.10,28.88,17,17,0,0.32,0.30,0.40,28.94,17,17,0,583.73,581.40,586.60,24.55,17,0,0,0.11,0.10,0.20,29.61,17,17,0,1.08,1.00,1.10,29.05,17,17,0,0.22,0.20,0.30,28.85,17,17,0
1142312,0.36,0.30,0.40,29.54,17,17,0,0.00,-0.10,0.10,28.88,17,17,0,0.32,0.30,0.40,28.94,17,17,0,581.64,579.60,585.30,24.55,17,0,0,0.09,0.00,0.10,29.61,17,17,0,1.07,1.00,1.10,29.06,17,17,0,0.24,0.20,0.30,28.84,17,17,0
1142815,0.35,0.30,0.40,29.55,17,17,0,-0.03,-0.10,0.00,28.89,17,17,0,0.34,0.30,0.40,28.95,17,17,0,591.05,585.10,595.80,24.57,17,0,0,0.10,0.10,0.10,29.62,17,17,0,1.09,1.00,1.10,29.05,17,17,0,0.22,0.20,0.30,28.83,17,17,0
1143322,0.37,0.30,0.40,29.52,17,17,0,-0.01,-0.10,0.10,28.89,17,17,0,0.34,0.30,0.40,28.95,17,17,0,594.76,588.60,598.20,24.56,17,0,0,0.10,0.10,0.10,29.61,17,17,0,1.08,1.00,1.10,29.06,17,17,0,0.22,0.20,0.30,28.85,17,17,0
1143825,0.35,0.30,0.40,29.54,17,17,0,-0.01,-0.10,0.10,28.88,17,17,0,0.33,0.30,0.40,28.94,17,17,0,584.54,580.90,587.80,24.54,17,0,0,0.09,0.00,0.10,29.61,17,17,0,1.10,1.10,1.10,29.04,17,17,0,0.24,0.20,0.30,28.85,17,17,0
1144325,0.36,0.30,0.40,29.53,17,17,0,-0.01,-0.10,0.10,28.89,17,17,0,0.31,0.30,0.40,28.95,17,17,0,580.51,575.10,584.60,24.56,17,0,0,0.09,0.00,0.10,29.61,17,17,0,1.08,1.00,1.10,29.06,17,17,0,0.24,0.20,0.30,28.84,17,17,0
1144827,0.36,0.30,0.40,29.51,17,17,0,0.01,-0.10,0.10,28.89,17,17,0,0.31,0.30,0.40,28.94,17,17,0,583.85,578.20,590.40,24.56,17,0,0,0.09,0.00,0.10,29.61,17,17,0,1.07,1.00,1.10,29.05,17,17,0,0.22,0.20,0.30,28.83,17,17,0
1145331,0.35,0.30,0.40,29.54,17,17,0,-0.01,-0.10,0.10,28.89,17,17,0,0.32,0.30,0.40,28.94,17,17,0,594.79,591.40,599.10,24.54,17,0,0,0.10,0.00,0.20,29.62,17,17,0,1.08,1.00,1.10,29.07,17,17,0,0.22,0.20,0.30,28.85,17,17,0
1145831,0.38,0.30,0.40,29.52,17,17,0,-0.01,-0.10,0.10,28.89,17,17,0,0.36,0.30,0.40,28.94,17,17,0,593.84,589.40,600.50,24.56,17,0,0,0.10,0.10,0.10,29.61,17,17,0,1.08,1.00,1.10,29.05,17,17,0,0.24,0.20,0.30,28.85,17,17,0
1146331,0.34,0.30,0.40,29.53,16,16,0,-0.02,-0.10,0.10,28.89,16,16,0,0.32,0.30,0.40,28.95,16,16,0,586.19,583.10,589.40,24.56,16,0,0,0.10,0.10,0.10,29.62,16,16,0,1.08,1.00,1.10,29.06,16,16,0,0.24,0.20,0.30,28.84,16,16,0
1146843,0.35,0.30,0.40,29.54,17,17,0,-0.02,-0.10,0.00,28.88,17,17,0,0.32,0.30,0.40,28.93,17,17,0,585.32,582.80,587.20,24.56,17,0,0,0.11,0.10,0.20,29.62,17,17,0,1.07,1.00,1.10,29.05,17,17,0,0.24,0.20,0.30,28.83,17,17,0
1147346,0.34,0.30,0.40,29.52,17,17,0,0.01,-0.10,0.10,28.89,17,17,0,0.32,0.30,0.40,28.94,17,17,0,590.22,585.90,596.50,24.55,17,0,0,0.09,0.00,0.10,29.63,17,17,0,1.08,1.00,1.10,29.05,17,17,0,0.24,0.20,0.30,28.84,17,17,0
1147846,0.38,0.30,0.40,29.55,17,17,0,-0.01,-0.10,0.10,28.89,17,17,0,0.31,0.30,0.40,28.94,17,17,0,596.22,592.70,599.10,24.56,17,0,0,0.10,0.10,0.10,29.63,17,17,0,1.06,1.00,1.10,29.06,17,17,0,0.22,0.20,0.30,28.84,17,17,0
1148348,0.33,0.30,0.40,29.53,16,16,0,-0.03,-0.10,0.10,28.90,16,16,0,0.31,0.30,0.40,28.95,16,16,0,589.35,584.60,593.40,24.55,16,0,0,0.09,0.00,0.10,29.61,16,16,0,1.09,1.00,1.10,29.05,16,16,0,0.23,0.20,0.30,28.82,16,16,0
1148851,0.36,0.30,0.40,29.53,17,17,0,-0.02,-0.10,0.10,28.88,17,17,0,0.32,0.30,0.40,28.94,17,17,0,585.92,582.20,587.60,24.56,17,0,0,0.09,0.00,0.10,29.60,17,17,0,1.09,1.00,1.10,29.06,17,17,0,0.23,0.20,0.30,28.85,17,17,0
1149358,0.36,0.30,0.40,29.53,17,17,0,0.01,-0.10,0.10,28.88,17,17,0,0.32,0.30,0.40,28.92,17,17,0,587.55,584.50,590.50,24.56,17,0,0,0.10,0.10,0.10,29.61,17,17,0,1.07,1.00,1.10,29.07,17,17,0,0.23,0.20,0.30,28.86,17,17,0
1149866,0.36,0.30,0.40,29.54,17,17,0,0.00,-0.10,0.10,28.89,17,17,0,0.32,0.30,0.40,28.94,17,17,0,595.01,588.80,600.90,24.56,17,0,0,0.10,0.10,0.10,29.63,17,17,0,1.08,1.00,1.10,29.05,17,17,0,0.24,0.20,0.30,28.85,17,17,0
1150367,0.37,0.30,0.40,29.53,17,17,0,0.01,-0.10,0.10,28.89,17,17,0,0.32,0.30,0.40,28.94,17,17,0,597.44,593.60,601.60,24.55,17,0,0,0.11,0.10,0.20,29.64,17,17,0,1.07,1.00,1.10,29.06,17,17,0,0.26,0.20,0.30,28.84,17,17,0
1150870,0.32,0.30,0.40,29.54,17,17,0,-0.02,-0.10,0.00,28.89,17,17,0,0.34,0.30,0.40,28.94,17,17,0,592.50,587.50,597.10,24.55,17,0,0,0.10,0.10,0.10,29.61,17,17,0,1.09,1.00,1.10,29.06,17,17,0,0.22,0.20,0.30,28.85,17,17,0
1151370,0.36,0.30,0.40,29.52,16,16,0,-0.01,-0.10,0.00,28.87,16,16,0,0.34,0.30,0.40,28.94,16,16,0,590.39,587.70,593.50,24.55,16,0,0,0.10,0.10,0.10,29.64,16,16,0,1.08,1.00,1.10,29.07,16,16,0,0.24,0.20,0.30,28.86,16,16,0
1151882,0.35,0.30,0.40,29.54,17,17,0,-0.02,-0.10,0.00,28.90,17,17,0,0.33,0.30,0.40,28.95,17,17,0,595.44,591.00,599.70,24.55,17,0,0,0.09,0.00,0.10,29.62,17,17,0,1.07,1.00,1.10,29.05,17,17,0,0.23,0.20,0.30,28.86,17,17,0
1152382,0.36,0.30,0.40,29.53,17,17,0,-0.01,-0.10,0.10,28.90,17,17,0,0.34,0.30,0.40,28.95,17,17,0,601.17,596.60,605.20,24.56,17,0,0,0.11,0.10,0.20,29.63,17,17,0,1.07,1.00,1.10,29.07,17,17,0,0.22,0.20,0.30,28.84,17,17,0
1152882,0.34,0.30,0.40,29.53,17,17,0,-0.01,-0.10,0.10,28.88,17,17,0,0.32,0.30,0.40,28.95,17,17,0,602.96,598.20,605.40,24.55,17,0,0,0.11,0.10,0.20,29.62,17,17,0,1.09,1.00,1.10,29.07,17,17,0,0.22,0.20,0.30,28.86,17,17,0
1153385,0.35,0.30,0.40,29.54,17,17,0,-0.01,-0.10,0.10,28.89,17,17,0,0.34,0.30,0.40,28.96,17,17,0,601.11,597.00,603.20,24.54,17,0,0,0.11,0.10,0.20,29.61,17,17,0,1.05,1.00,1.10,29.07,17,17,0,0.24,0.20,0.30,28.86,17,17,0
1153887,0.38,0.30,0.40,29.55,16,16,0,0.00,-0.10,0.10,28.89,16,16,0,0.33,0.30,0.40,28.94,16,16,0,602.51,599.70,605.70,24.54,16,0,0,0.10,0.10,0.10,29.64,16,16,0,1.08,1.00,1.10,29.05,16,16,0,0.26,0.20,0.30,28.85,16,16,0
1154392,0.38,0.30,0.40,29.54,17,17,0,-0.03,-0.10,0.00,28.89,17,17,0,0.31,0.30,0.40,28.95,17,17,0,605.13,602.40,607.40,24.55,17,0,0,0.09,0.00,0.10,29.62,17,17,0,1.05,1.00,1.10,29.06,17,17,0,0.24,0.20,0.30,28.86,17,17,0
1154892,0.36,0.30,0.40,29.54,16,16,0,-0.02,-0.10,0.00,28.90,16,16,0,0.31,0.30,0.40,28.95,16,16,0,609.48,605.80,612.60,24.54,16,0,0,0.09,0.00,0.10,29.62,16,16,0,1.09,1.00,1.10,29.07,16,16,0,0.24,0.20,0.30,28.84,16,16,0
1155398,0.36,0.30,0.40,29.54,17,17,0,-0.05,-0.10,0.10,28.88,17,17,0,0.33,0.30,0.40,28.93,17,17,0,608.72,604.50,611.40,24.55,17,0,0,0.10,0.10,0.10,29.62,17,17,0,1.09,1.00,1.10,29.07,17,17,0,0.24,0.20,0.30,28.85,17,17,0
1155898,0.38,0.30,0.40,29.55,17,17,0,-0.02,-0.10,0.00,28.89,17,17,0,0.31,0.30,0.40,28.97,17,17,0,605.20,602.10,609.30,24.54,17,0,0,0.09,0.00,0.10,29.63,17,17,0,1.08,1.00,1.10,29.06,17,17,0,0.22,0.20,0.30,28.84,17,17,0
1156401,0.35,0.30,0.40,29.52,17,17,0,-0.02,-0.10,0.10,28.89,17,17,0,0.34,0.30,0.40,28.94,17,17,0,609.51,604.80,613.70,24.53,17,0,0,0.10,0.10,0.10,29.62,17,17,0,1.09,1.00,1.10,29.07,17,17,0,0.24,0.20,0.30,28.85,17,17,0
1156904,0.36,0.30,0.40,29.55,17,17,0,-0.05,-0.10,0.00,28.90,17,17,0,0.34,0.30,0.40,28.96,17,17,0,612.15,608.90,618.20,24.54,17,0,0,0.10,0.00,0.20,29.63,17,17,0,1.08,1.00,1.10,29.05,17,17,0,0.24,0.20,0.30,28.85,17,17,0
1157406,0.38,0.30,0.40,29.52,17,17,0,-0.01,-0.10,0.10,28.89,17,17,0,0.32,0.30,0.40,28.94,17,17,0,617.36,613.90,620.00,24.54,17,0,0,0.09,0.00,0.10,29.64,17,17,0,1.07,1.00,1.10,29.05,17,17,0,0.24,0.20,0.30,28.85,17,17,0
1157906,0.34,0.30,0.40,29.55,17,17,0,-0.03,-0.10,0.10,28.90,17,17,0,0.33,0.30,0.40,28.95,17,17,0,614.38,610.00,617.50,24.56,17,0,0,0.09,0.00,0.10,29.62,17,17,0,1.08,1.00,1.10,29.08,17,17,0,0.25,0.20,0.30,28.87,17,17,0
1158415,0.39,0.30,0.40,29.55,17,17,0,-0.02,-0.10,0.10,28.91,17,17,0,0.32,0.30,0.40,28.97,17,17,0,613.24,611.40,615.50,24.53,17,0,0,0.11,0.00,0.20,29.63,17,17,0,1.09,1.00,1.10,29.07,17,17,0,0.23,0.20,0.30,28.85,17,17,0
1158915,0.37,0.30,0.40,29.54,17,17,0,-0.01,-0.10,0.10,28.88,17,17,0,0.33,0.30,0.40,28.95,17,17,0,615.44,613.40,618.50,24.55,17,0,0,0.10,0.10,0.10,29.63,17,17,0,1.07,1.00,1.10,29.05,17,17,0,0.25,0.20,0.30,28.86,17,17,0
1159415,0.36,0.30,0.40,29.54,16,16,0,-0.01,-0.10,0.10,28.90,16,16,0,0.33,0.30,0.40,28.95,16,16,0,621.14,614.50,628.20,24.53,16,0,0,0.10,0.10,0.10,29.62,16,16,0,1.10,1.10,1.10,29.05,16,16,0,0.23,0.20,0.30,28.85,16,16,0
1159926,0.36,0.30,0.40,29.54,17,17,0,-0.02,-0.10,0.10,28.88,17,17,0,0.32,0.30,0.40,28.95,17,17,0,623.78,620.50,627.10,24.53,17,0,0,0.10,0.10,0.10,29.63,17,17,0,1.07,1.00,1.10,29.06,17,17,0,0.23,0.20,0.30,28.84,17,17,0
1160426,0.36,0.30,0.40,29.55,17,17,0,-0.03,-0.10,0.10,28.89,17,17,0,0.32,0.30,0.40,28.93,17,17,0,616.31,613.50,620.10,24.52,17,0,0,0.09,0.00,0.20,29.61,17,17,0,1.06,1.00,1.10,29.06,17,17,0,0.23,0.20,0.30,28.85,17,17,0
1160926,0.38,0.30,0.40,29.55,17,17,0,-0.01,-0.10,0.10,28.90,17,17,0,0.31,0.30,0.40,28.93,17,17,0,615.70,612.50,617.70,24.54,17,0,0,0.10,0.10,0.10,29.61,17,17,0,1.06,1.00,1.10,29.06,17,17,0,0.25,0.20,0.30,28.83,17,17,0
1161426,0.37,0.30,0.40,29.54,17,17,0,-0.01,-0.10,0.10,28.88,17,17,0,0.32,0.30,0.40,28.96,17,17,0,617.10,614.20,619.70,24.53,17,0,0,0.10,0.00,0.20,29.63,17,17,0,1.06,1.00,1.10,29.05,17,17,0,0.22,0.20,0.30,28.87,17,17,0
1161927,0.36,0.30,0.40,29.53,17,17,0,-0.02,-0.10,0.10,28.92,17,17,0,0.31,0.30,0.40,28.96,17,17,0,625.17,622.90,627.70,24.53,17,0,0,0.09,0.00,0.10,29.64,17,17,0,1.08,1.00,1.10,29.05,17,17,0,0.22,0.20,0.30,28.83,17,17,0
1162435,0.36,0.30,0.40,29.54,17,17,0,-0.01,-0.10,0.10,28.89,17,17,0,0.32,0.30,0.40,28.96,17,17,0,621.34,615.00,625.60,24.53,17,0,0,0.09,0.00,0.10,29.62,17,17,0,1.08,1.00,1.10,29.07,17,17,0,0.24,0.20,0.30,28.86,17,17,0
1162935,0.36,0.30,0.40,29.52,17,17,0,-0.02,-0.10,0.00,28.88,17,17,0,0.31,0.30,0.40,28.94,17,17,0,613.84,610.70,617.90,24.54,17,0,0,0.09,0.00,0.10,29.63,17,17,0,1.06,1.00,1.10,29.06,17,17,0,0.24,0.20,0.30,28.85,17,17,0
1163435,0.35,0.30,0.40,29.54,17,17,0,-0.04,-0.10,0.10,28.88,17,17,0,0.31,0.30,0.40,28.96,17,17,0,613.74,609.50,618.10,24.55,17,0,0,0.09,0.00,0.10,29.63,17,17,0,1.08,1.00,1.10,29.07,17,17,0,0.23,0.20,0.30,28.84,17,17,0
1163936,0.35,0.30,0.40,29.53,17,17,0,-0.02,-0.10,0.00,28.90,17,17,0,0.30,0.30,0.30,28.94,17,17,0,618.45,612.70,623.10,24.54,17,0,0,0.09,0.00,0.10,29.63,17,17,0,1.08,1.00,1.10,29.06,17,17,0,0.25,0.20,0.30,28.85,17,17,0
1164437,0.37,0.30,0.40,29.54,17,17,0,-0.02,-0.10,0.00,28.89,17,17,0,0.32,0.30,0.40,28.95,17,17,0,624.22,620.80,627.10,24.53,17,0,0,0.09,0.00,0.10,29.62,17,17,0,1.08,1.00,1.10,29.06,17,17,0,0.24,0.20,0.30,28.85,17,17,0
1164937,0.34,0.30,0.40,29.54,17,17,0,-0.02,-0.10,0.10,28.89,17,17,0,0.31,0.30,0.40,28.94,17,17,0,613.64,609.10,618.90,24.54,17,0,0,0.11,0.10,0.20,29.63,17,17,0,1.06,1.00,1.10,29.06,17,17,0,0.22,0.20,0.30,28.85,17,17,0
1165440,0.38,0.30,0.40,29.54,17,17,0,-0.02,-0.10,0.10,28.90,17,17,0,0.31,0.30,0.40,28.95,17,17,0,605.25,601.00,608.20,24.54,17,0,0,0.10,0.10,0.10,29.62,17,17,0,1.08,1.00,1.10,29.05,17,17,0,0.25,0.20,0.30,28.86,17,17,0
1165953,0.36,0.30,0.40,29.54,17,17,0,-0.01,-0.10,0.10,28.88,17,17,0,0.31,0.30,0.40,28.94,17,17,0,607.06,591.20,637.60,24.52,17,0,0,0.11,0.10,0.20,29.63,17,17,0,1.05,1.00,1.10,29.05,17,17,0,0.22,0.20,0.30,28.86,17,17,0
1166453,0.37,0.30,0.40,29.55,17,17,0,-0.02,-0.10,0.10,28.89,17,17,0,0.31,0.30,0.40,28.96,17,17,0,614.75,605.90,621.50,24.54,17,0,0,0.10,0.10,0.10,29.62,17,17,0,1.08,1.00,1.10,29.06,17,17,0,0.22,0.20,0.30,28.86,17,17,0
1166953,0.36,0.30,0.40,29.52,17,17,0,-0.02,-0.10,0.00,28.89,17,17,0,0.32,0.30,0.40,28.96,17,17,0,615.45,611.30,622.00,24.53,17,0,0,0.10,0.10,0.10,29.60,17,17,0,1.08,1.00,1.10,29.07,17,17,0,0.22,0.20,0.30,28.84,17,17,0
1167453,0.38,0.30,0.40,29.54,17,17,0,-0.01,-0.10,0.10,28.89,17,17,0,0.30,0.30,0.30,28.95,17,17,0,605.61,597.50,609.10,24.54,17,0,0,0.10,0.10,0.10,29.63,17,17,0,1.06,1.00,1.10,29.06,17,17,0,0.23,0.20,0.30,28.86,17,17,0
1167959,0.38,0.30,0.40,29.55,17,17,0,-0.01,-0.10,0.10,28.88,17,17,0,0.31,0.30,0.40,28.95,17,17,0,600.04,595.40,604.10,24.55,17,0,0,0.09,0.00,0.10,29.63,17,17,0,1.06,1.00,1.10,29.06,17,17,0,0.22,0.20,0.30,28.84,17,17,0
1168459,0.36,0.30,0.40,29.54,17,17,0,-0.02,-0.10,0.00,28.89,17,17,0,0.31,0.30,0.40,28.94,17,17,0,603.92,601.00,608.50,24.53,17,0,0,0.10,0.10,0.10,29.62,17,17,0,1.08,1.00,1.10,29.05,17,17,0,0.25,0.20,0.30,28.86,17,17,0
1168959,0.38,0.30,0.40,29.54,17,17,0,-0.02,-0.10,0.00,28.89,17,17,0,0.32,0.30,0.40,28.95,17,17,0,611.80,607.90,614.50,24.55,17,0,0,0.10,0.10,0.10,29.64,17,17,0,1.08,1.00,1.10,29.06,17,17,0,0.23,0.20,0.30,28.86,17,17,0
1169459,0.37,0.30,0.40,29.54,17,17,0,-0.01,-0.10,0.00,28.90,17,17,0,0.31,0.30,0.40,28.95,17,17,0,605.95,599.80,612.50,24.54,17,0,0,0.10,0.10,0.10,29.62,17,17,0,1.08,1.00,1.10,29.05,17,17,0,0.22,0.20,0.30,28.86,17,17,0
1169961,0.37,0.30,0.40,29.54,17,17,0,-0.01,-0.10,0.10,28.88,17,17,0,0.31,0.30,0.40,28.94,17,17,0,596.76,594.20,600.40,24.55,17,0,0,0.10,0.00,0.20,29.63,17,17,0,1.08,1.00,1.10,29.07,17,17,0,0.24,0.20,0.30,28.85,17,17,0
1170461,0.38,0.30,0.40,29.56,17,17,0,-0.02,-0.10,0.00,28.90,17,17,0,0.31,0.30,0.40,28.94,17,17,0,594.42,592.10,596.90,24.53,17,0,0,0.10,0.10,0.10,29.63,17,17,0,1.08,1.00,1.10,29.07,17,17,0,0.22,0.20,0.30,28.85,17,17,0
1170961,0.36,0.30,0.40,29.54,17,17,0,0.00,-0.10,0.10,28.90,17,17,0,0.30,0.30,0.30,28.95,17,17,0,598.34,594.90,605.10,24.54,17,0,0,0.10,0.00,0.20,29.65,17,17,0,1.06,1.00,1.10,29.06,17,17,0,0.23,0.20,0.30,28.85,17,17,0
1171468,0.36,0.30,0.40,29.56,17,17,0,-0.01,-0.10,0.10,28.89,17,17,0,0.32,0.30,0.40,28.95,17,17,0,604.21,600.80,608.70,24.56,17,0,0,0.10,0.10,0.10,29.62,17,17,0,1.09,1.00,1.10,29.06,17,17,0,0.21,0.20,0.30,28.87,17,17,0
1171977,0.36,0.30,0.40,29.52,17,17,0,-0.02,-0.10,0.10,28.90,17,17,0,0.32,0.30,0.40,28.94,17,17,0,598.02,595.40,600.20,24.55,17,0,0,0.10,0.10,0.10,29.63,17,17,0,1.08,1.00,1.10,29.06,17,17,0,0.23,0.20,0.30,28.85,17,17,0
1172477,0.36,0.30,0.40,29.55,17,17,0,-0.02,-0.10,0.00,28.90,17,17,0,0.35,0.30,0.40,28.94,17,17,0,592.04,588.90,594.50,24.54,17,0,0,0.11,0.10,0.20,29.64,17,17,0,1.07,1.00,1.10,29.06,17,17,0,0.23,0.20,0.30,28.86,17,17,0
1172977,0.38,0.30,0.40,29.54,16,16,0,-0.01,-0.10,0.10,28.89,16,16,0,0.31,0.30,0.40,28.95,16,16,0,592.54,589.70,594.70,24.54,16,0,0,0.10,0.10,0.10,29.62,16,16,0,1.08,1.00,1.10,29.04,16,16,0,0.22,0.20,0.30,28.85,16,16,0
1173480,0.36,0.30,0.40,29.53,17,17,0,0.01,-0.10,0.10,28.90,17,17,0,0.31,0.30,0.40,28.94,17,17,0,597.95,593.00,602.30,24.54,17,0,0,0.10,0.10,0.10,29.64,17,17,0,1.08,1.00,1.10,29.06,17,17,0,0.24,0.20,0.30,28.87,17,17,0
1173991,0.36,0.30,0.40,29.53,17,17,0,-0.02,-0.10,0.10,28.89,17,17,0,0.31,0.30,0.40,28.94,17,17,0,596.34,591.60,601.30,24.55,17,0,0,0.11,0.10,0.20,29.62,17,17,0,1.07,1.00,1.10,29.05,17,17,0,0.24,0.20,0.30,28.85,17,17,0
1174495,0.38,0.30,0.40,29.54,17,17,0,-0.02,-0.10,0.00,28.90,17,17,0,0.32,0.30,0.40,28.94,17,17,0,587.96,584.80,592.70,24.54,17,0,0,0.10,0.10,0.10,29.64,17,17,0,1.07,1.00,1.10,29.07,17,17,0,0.24,0.20,0.30,28.87,17,17,0
1174995,0.38,0.30,0.40,29.55,17,17,0,-0.02,-0.10,0.00,28.90,17,17,0,0.31,0.30,0.40,28.94,17,17,0,586.02,583.20,589.40,24.55,17,0,0,0.10,0.10,0.10,29.63,17,17,0,1.08,1.00,1.10,29.05,17,17,0,0.23,0.20,0.30,28.85,17,17,0
1175495,0.36,0.30,0.40,29.55,17,17,0,0.00,-0.10,0.10,28.90,17,17,0,0.31,0.30,0.40,28.94,17,17,0,589.49,585.20,592.50,24.54,17,0,0,0.09,0.00,0.10,29.63,17,17,0,1.08,1.00,1.10,29.06,17,17,0,0.23,0.20,0.30,28.86,17,17,0
1176003,0.36,0.30,0.40,29.53,17,17,0,-0.01,-0.10,0.10,28.90,17,17,0,0.32,0.30,0.40,28.94,17,17,0,595.31,590.80,599.30,24.54,17,0,0,0.09,0.00,0.10,29.62,17,17,0,1.08,1.00,1.10,29.05,17,17,0,0.24,0.20,0.30,28.88,17,17,0
1176510,0.39,0.30,0.40,29.52,17,17,0,-0.01,-0.10,0.10,28.89,17,17,0,0.31,0.30,0.40,28.94,17,17,0,592.59,589.10,595.80,24.54,17,0,0,0.10,0.10,0.10,29.62,17,17,0,1.06,1.00,1.10,29.05,17,17,0,0.21,0.20,0.30,28.86,17,17,0
1177010,0.36,0.30,0.40,29.53,17,17,0,-0.01,-0.10,0.10,28.90,17,17,0,0.32,0.30,0.40,28.96,17,17,0,585.27,581.70,588.60,24.54,17,0,0,0.10,0.10,0.10,29.61,17,17,0,1.06,1.00,1.10,29.07,17,17,0,0.24,0.20,0.30,28.87,17,17,0
1177510,0.34,0.30,0.40,29.53,17,17,0,0.00,-0.10,0.10,28.90,17,17,0,0.32,0.30,0.40,28.95,17,17,0,585.58,582.40,588.70,24.55,17,0,0,0.11,0.10,0.20,29.63,17,17,0,1.06,1.00,1.10,29.07,17,17,0,0.22,0.20,0.30,28.85,17,17,0
1178010,0.35,0.30,0.40,29.54,17,17,0,-0.02,-0.10,0.10,28.89,17,17,0,0.32,0.30,0.40,28.94,17,17,0,591.22,586.50,597.50,24.53,17,0,0,0.10,0.10,0.10,29.61,17,17,0,1.08,1.00,1.10,29.06,17,17,0,0.22,0.20,0.30,28.85,17,17,0
1178510,0.36,0.30,0.40,29.55,16,16,0,0.01,-0.10,0.10,28.91,16,16,0,0.32,0.30,0.40,28.94,16,16,0,596.76,590.40,602.40,24.55,16,0,0,0.11,0.10,0.20,29.62,16,16,0,1.09,1.00,1.10,29.07,16,16,0,0.23,0.20,0.30,28.86,16,16,0
1179010,0.37,0.30,0.40,29.56,16,16,0,0.01,-0.10,0.10,28.89,16,16,0,0.32,0.30,0.40,28.95,16,16,0,592.03,588.50,597.20,24.54,16,0,0,0.11,0.10,0.20,29.63,16,16,0,1.06,1.00,1.10,29.06,16,16,0,0.25,0.20,0.30,28.85,16,16,0
1179510,0.38,0.30,0.40,29.56,17,17,0,-0.01,-0.10,0.10,28.88,17,17,0,0.34,0.30,0.40,28.95,17,17,0,586.74,582.30,589.20,24.54,17,0,0,0.10,0.10,0.10,29.65,17,17,0,1.08,1.00,1.10,29.07,17,17,0,0.24,0.20,0.30,28.88,17,17,0
1180016,0.36,0.30,0.40,29.53,17,17,0,-0.02,-0.10,0.10,28.90,17,17,0,0.31,0.30,0.40,28.95,17,17,0,587.61,582.10,592.10,24.56,17,0,0,0.09,0.00,0.10,29.64,17,17,0,1.05,1.00,1.10,29.05,17,17,0,0.22,0.20,0.30,28.86,17,17,0
1180516,0.36,0.30,0.40,29.54,17,17,0,-0.03,-0.10,0.10,28.89,17,17,0,0.32,0.30,0.40,28.95,17,17,0,591.12,586.30,595.10,24.54,17,0,0,0.10,0.10,0.10,29.62,17,17,0,1.06,1.00,1.10,29.06,17,17,0,0.24,0.20,0.30,28.84,17,17,0
1181016,0.36,0.30,0.40,29.54,17,17,0,0.00,-0.10,0.10,28.88,17,17,0,0.32,0.30,0.40,28.95,17,17,0,593.44,588.60,597.30,24.53,17,0,0,0.10,0.10,0.10,29.62,17,17,0,1.08,1.00,1.10,29.06,17,17,0,0.24,0.20,0.30,28.86,17,17,0
1181516,0.35,0.30,0.40,29.55,17,17,0,-0.01,-0.10,0.10,28.90,17,17,0,0.32,0.30,0.40,28.93,17,17,0,586.98,583.40,591.90,24.54,17,0,0,0.10,0.10,0.10,29.63,17,17,0,1.08,1.00,1.10,29.05,17,17,0,0.24,0.20,0.30,28.86,17,17,0
1182020,0.34,0.30,0.40,29.55,17,17,0,-0.02,-0.10,0.10,28.91,17,17,0,0.32,0.30,0.40,28.96,17,17,0,582.21,578.10,585.10,24.55,17,0,0,0.11,0.10,0.20,29.64,17,17,0,1.06,1.00,1.10,29.06,17,17,0,0.24,0.20,0.30,28.86,17,17,0
1182526,0.36,0.30,0.40,29.54,17,17,0,0.02,-0.10,0.10,28.89,17,17,0,0.31,0.30,0.40,28.96,17,17,0,584.86,579.40,589.70,24.56,17,0,0,0.09,0.00,0.10,29.64,17,17,0,1.07,1.00,1.10,29.04,17,17,0,0.24,0.20,0.30,28.85,17,17,0
1183036,0.36,0.30,0.40,29.55,17,17,0,0.01,-0.10,0.10,28.89,17,17,0,0.32,0.30,0.40,28.96,17,17,0,592.45,587.90,597.10,24.55,17,0,0,0.09,0.00,0.10,29.62,17,17,0,1.08,1.00,1.10,29.08,17,17,0,0.24,0.20,0.30,28.85,17,17,0
1183536,0.37,0.30,0.40,29.55,17,17,0,-0.02,-0.10,0.10,28.89,17,17,0,0.32,0.30,0.40,28.93,17,17,0,593.54,586.40,599.20,24.56,17,0,0,0.10,0.10,0.10,29.63,17,17,0,1.09,1.00,1.10,29.07,17,17,0,0.24,0.20,0.30,28.85,17,17,0
1184045,0.36,0.30,0.40,29.54,17,17,0,-0.01,-0.10,0.10,28.89,17,17,0,0.32,0.30,0.40,28.94,17,17,0,586.22,583.00,589.00,24.54,17,0,0,0.10,0.10,0.10,29.61,17,17,0,1.06,1.00,1.10,29.06,17,17,0,0.24,0.20,0.30,28.86,17,17,0
1184546,0.37,0.30,0.40,29.54,17,17,0,0.00,-0.10,0.10,28.91,17,17,0,0.33,0.30,0.40,28.97,17,17,0,586.29,582.60,589.80,24.55,17,0,0,0.10,0.00,0.20,29.65,17,17,0,1.08,1.00,1.10,29.07,17,17,0,0.24,0.20,0.30,28.87,17,17,0
1185049,0.36,0.30,0.40,29.55,17,17,0,0.01,-0.10,0.10,28.90,17,17,0,0.32,0.30,0.40,28.95,17,17,0,591.42,586.90,598.30,24.54,17,0,0,0.10,0.10,0.10,29.63,17,17,0,1.08,1.00,1.10,29.06,17,17,0,0.21,0.20,0.30,28.86,17,17,0
1185549,0.39,0.30,0.40,29.56,17,17,0,-0.01,-0.10,0.10,28.90,17,17,0,0.34,0.30,0.40,28.95,17,17,0,596.30,593.50,598.80,24.55,17,0,0,0.10,0.10,0.10,29.64,17,17,0,1.07,1.00,1.10,29.07,17,17,0,0.22,0.20,0.30,28.86,17,17,0
1186049,0.36,0.30,0.40,29.53,17,17,0,0.01,-0.10,0.10,28.89,17,17,0,0.31,0.30,0.40,28.93,17,17,0,588.95,585.20,594.50,24.54,17,0,0,0.11,0.10,0.20,29.63,17,17,0,1.09,1.00,1.10,29.06,17,17,0,0.24,0.20,0.30,28.86,17,17,0
1186549,0.36,0.30,0.40,29.55,16,16,0,-0.01,-0.10,0.10,28.89,16,16,0,0.31,0.30,0.40,28.95,16,16,0,582.67,580.50,586.40,24.55,16,0,0,0.09,0.00,0.10,29.64,16,16,0,1.09,1.00,1.10,29.06,16,16,0,0.25,0.20,0.30,28.87,16,16,0
1187056,0.37,0.30,0.40,29.55,17,17,0,-0.01,-0.10,0.10,28.89,17,17,0,0.32,0.30,0.40,28.93,17,17,0,579.45,576.10,582.90,24.55,17,0,0,0.09,0.00,0.10,29.63,17,17,0,1.08,1.00,1.10,29.05,17,17,0,0.24,0.20,0.30,28.88,17,17,0
1187556,0.38,0.30,0.40,29.54,17,17,0,-0.04,-0.10,0.10,28.90,17,17,0,0.32,0.30,0.40,28.95,17,17,0,590.55,584.90,593.90,24.55,17,0,0,0.11,0.10,0.20,29.65,17,17,0,1.06,1.00,1.10,29.05,17,17,0,0.24,0.20,0.30,28.86,17,17,0
1188056,0.38,0.30,0.40,29.55,17,17,0,0.01,-0.10,0.10,28.91,17,17,0,0.32,0.30,0.40,28.96,17,17,0,595.29,591.30,597.80,24.54,17,0,0,0.11,0.00,0.20,29.64,17,17,0,1.07,1.00,1.10,29.06,17,17,0,0.24,0.20,0.30,28.86,17,17,0
1188559,0.36,0.30,0.40,29.54,17,17,0,-0.02,-0.10,0.00,28.89,17,17,0,0.34,0.30,0.40,28.95,17,17,0,587.15,582.90,593.40,24.55,17,0,0,0.10,0.10,0.10,29.63,17,17,0,1.06,1.00,1.10,29.07,17,17,0,0.25,0.20,0.30,28.86,17,17,0
1189069,0.36,0.30,0.40,29.55,17,17,0,-0.04,-0.10,0.10,28.90,17,17,0,0.34,0.30,0.40,28.95,17,17,0,580.35,577.00,584.00,24.54,17,0,0,0.12,0.10,0.20,29.64,17,17,0,1.07,1.00,1.10,29.06,17,17,0,0.25,0.20,0.30,28.86,17,17,0
1189575,0.37,0.30,0.40,29.55,17,17,0,-0.02,-0.10,0.10,28.89,17,17,0,0.32,0.30,0.40,28.96,17,17,0,585.40,580.60,592.20,24.55,17,0,0,0.09,0.00,0.10,29.64,17,17,0,1.06,1.00,1.10,29.05,17,17,0,0.22,0.20,0.30,28.86,17,17,0
1190077,0.36,0.30,0.40,29.55,17,17,0,-0.03,-0.10,0.00,28.90,17,17,0,0.32,0.30,0.40,28.95,17,17,0,595.58,589.70,601.10,24.55,17,0,0,0.10,0.10,0.10,29.65,17,17,0,1.08,1.00,1.10,29.06,17,17,0,0.22,0.20,0.30,28.86,17,17,0
1190578,0.36,0.30,0.40,29.55,17,17,0,-0.01,-0.10,0.10,28.89,17,17,0,0.31,0.30,0.40,28.95,17,17,0,595.77,589.50,602.40,24.54,17,0,0,0.10,0.00,0.20,29.64,17,17,0,1.09,1.00,1.10,29.06,17,17,0,0.24,0.20,0.30,28.86,17,17,0
1191078,0.38,0.30,0.40,29.54,17,17,0,-0.01,-0.10,0.10,28.91,17,17,0,0.32,0.30,0.40,28.96,17,17,0,585.84,582.60,588.60,24.54,17,0,0,0.10,0.00,0.20,29.62,17,17,0,1.09,1.00,1.10,29.05,17,17,0,0.22,0.20,0.30,28.86,17,17,0
1191578,0.36,0.30,0.40,29.54,16,16,0,0.00,-0.10,0.10,28.89,16,16,0,0.30,0.30,0.30,28.96,16,16,0,584.25,581.70,586.60,24.55,16,0,0,0.09,0.00,0.10,29.63,16,16,0,1.09,1.00,1.10,29.04,16,16,0,0.24,0.20,0.30,28.85,16,16,0
1192086,0.38,0.30,0.40,29.56,17,17,0,-0.01,-0.10,0.10,28.90,17,17,0,0.30,0.30,0.30,28.95,17,17,0,592.47,587.70,597.20,24.54,17,0,0,0.11,0.10,0.20,29.62,17,17,0,1.07,1.00,1.10,29.06,17,17,0,0.23,0.20,0.30,28.85,17,17,0
1192590,0.36,0.30,0.40,29.55,17,17,0,-0.01,-0.10,0.10,28.90,17,17,0,0.31,0.30,0.40,28.96,17,17,0,598.12,594.80,599.80,24.53,17,0,0,0.10,0.00,0.20,29.62,17,17,0,1.06,1.00,1.10,29.06,17,17,0,0.24,0.20,0.30,28.86,17,17,0
1193090,0.35,0.30,0.40,29.54,17,17,0,-0.01,-0.10,0.10,28.89,17,17,0,0.31,0.30,0.40,28.95,17,17,0,590.23,587.00,595.70,24.53,17,0,0,0.11,0.10,0.20,29.64,17,17,0,1.09,1.00,1.10,29.06,17,17,0,0.24,0.20,0.30,28.87,17,17,0
1193590,0.35,0.30,0.40,29.55,17,17,0,-0.01,-0.10,0.10,28.89,17,17,0,0.31,0.30,0.40,28.96,17,17,0,585.10,582.00,587.10,24.53,17,0,0,0.10,0.00,0.20,29.64,17,17,0,1.07,1.00,1.10,29.05,17,17,0,0.22,0.20,0.30,28.86,17,17,0
1194095,0.37,0.30,0.40,29.55,17,17,0,-0.04,-0.10,0.10,28.88,17,17,0,0.33,0.30,0.40,28.97,17,17,0,586.10,582.90,589.40,24.53,17,0,0,0.10,0.00,0.20,29.63,17,17,0,1.08,1.00,1.10,29.07,17,17,0,0.22,0.20,0.30,28.86,17,17,0
1194595,0.36,0.30,0.40,29.55,17,17,0,-0.03,-0.10,0.10,28.90,17,17,0,0.33,0.30,0.40,28.96,17,17,0,595.42,589.20,603.20,24.53,17,0,0,0.09,0.00,0.10,29.65,17,17,0,1.09,1.00,1.10,29.05,17,17,0,0.21,0.20,0.30,28.87,17,17,0
1195096,0.38,0.30,0.40,29.55,17,17,0,-0.01,-0.10,0.10,28.90,17,17,0,0.31,0.30,0.40,28.95,17,17,0,597.61,591.90,605.70,24.53,17,0,0,0.08,0.00,0.10,29.65,17,17,0,1.06,1.00,1.10,29.06,17,17,0,0.25,0.20,0.30,28.86,17,17,0
1195596,0.36,0.30,0.40,29.54,17,17,0,-0.01,-0.10,0.10,28.91,17,17,0,0.31,0.30,0.40,28.95,17,17,0,589.34,582.00,595.80,24.52,17,0,0,0.09,0.00,0.10,29.63,17,17,0,1.07,1.00,1.10,29.07,17,17,0,0.23,0.20,0.30,28.88,17,17,0
1196096,0.35,0.30,0.40,29.55,17,17,0,-0.04,-0.10,0.10,28.90,17,17,0,0.32,0.30,0.40,28.95,17,17,0,584.46,582.50,588.30,24.53,17,0,0,0.10,0.00,0.20,29.64,17,17,0,1.08,1.00,1.10,29.07,17,17,0,0.24,0.20,0.30,28.87,17,17,0
1196596,0.36,0.30,0.40,29.55,17,17,0,-0.01,-0.10,0.00,28.89,17,17,0,0.31,0.30,0.40,28.95,17,17,0,587.95,584.40,591.60,24.55,17,0,0,0.11,0.10,0.20,29.64,17,17,0,1.08,1.00,1.10,29.05,17,17,0,0.24,0.20,0.30,28.86,17,17,0
1197096,0.36,0.30,0.40,29.54,17,17,0,-0.01,-0.10,0.10,28.91,17,17,0,0.31,0.30,0.40,28.96,17,17,0,599.47,594.00,603.90,24.54,17,0,0,0.09,0.00,0.10,29.64,17,17,0,1.09,1.00,1.10,29.07,17,17,0,0.22,0.20,0.30,28.87,17,17,0
1197597,0.36,0.30,0.40,29.56,17,17,0,-0.01,-0.10,0.10,28.91,17,17,0,0.32,0.30,0.40,28.96,17,17,0,596.78,592.80,600.20,24.52,17,0,0,0.11,0.10,0.20,29.63,17,17,0,1.07,1.00,1.10,29.07,17,17,0,0.21,0.20,0.30,28.85,17,17,0
1198097,0.37,0.30,0.40,29.54,17,17,0,-0.02,-0.10,0.00,28.90,17,17,0,0.31,0.30,0.40,28.96,17,17,0,590.14,587.10,592.70,24.54,17,0,0,0.10,0.10,0.10,29.64,17,17,0,1.06,1.00,1.10,29.05,17,17,0,0.22,0.20,0.30,28.88,17,17,0
1198600,0.37,0.30,0.40,29.55,17,17,0,-0.01,-0.10,0.10,28.89,17,17,0,0.32,0.30,0.40,28.95,17,17,0,589.39,587.00,591.90,24.54,17,0,0,0.10,0.10,0.10,29.66,17,17,0,1.07,1.00,1.10,29.06,17,17,0,0.22,0.20,0.30,28.86,17,17,0
1199100,0.35,0.30,0.40,29.55,17,17,0,0.00,-0.10,0.10,28.90,17,17,0,0.32,0.30,0.40,28.96,17,17,0,595.63,591.50,600.30,24.52,17,0,0,0.09,0.00,0.10,29.63,17,17,0,1.09,1.00,1.10,29.05,17,17,0,0.22,0.20,0.30,28.86,17,17,0
1199603,0.36,0.30,0.40,29.55,17,17,0,-0.01,-0.10,0.10,28.91,17,17,0,0.31,0.30,0.40,28.95,17,17,0,603.92,600.80,609.10,24.52,17,0,0,0.10,0.10,0.10,29.64,17,17,0,1.08,1.00,1.10,29.06,17,17,0,0.22,0.20,0.30,28.87,17,17,0
1200115,0.38,0.30,0.40,29.53,17,17,0,0.02,0.00,0.10,28.90,17,17,0,0.32,0.30,0.40,28.94,17,17,0,602.33,598.20,605.70,24.53,17,0,0,0.11,0.10,0.20,29.65,17,17,0,1.06,1.00,1.10,29.07,17,17,0,0.24,0.20,0.30,28.86,17,17,0
1200615,0.34,0.30,0.40,29.55,17,17,0,-0.02,-0.10,0.10,28.89,17,17,0,0.32,0.30,0.40,28.96,17,17,0,598.39,594.80,602.50,24.54,17,0,0,0.10,0.00,0.20,29.63,17,17,0,1.07,1.00,1.10,29.05,17,17,0,0.24,0.20,0.30,28.87,17,17,0
1201124,0.36,0.30,0.40,29.56,17,17,0,-0.02,-0.10,0.00,28.89,17,17,0,0.32,0.30,0.40,28.95,17,17,0,600.50,598.10,603.10,24.54,17,0,0,0.10,0.10,0.10,29.64,17,17,0,1.08,1.00,1.10,29.08,17,17,0,0.24,0.20,0.30,28.86,17,17,0
1201627,0.34,0.30,0.40,29.54,17,17,0,-0.02,-0.10,0.00,28.90,17,17,0,0.32,0.30,0.40,28.95,17,17,0,605.78,600.50,612.50,24.53,17,0,0,0.12,0.10,0.20,29.62,17,17,0,1.08,1.00,1.10,29.06,17,17,0,0.22,0.20,0.30,28.86,17,17,0
1202139,0.38,0.30,0.40,29.54,17,17,0,-0.01,-0.10,0.10,28.91,17,17,0,0.34,0.30,0.40,28.95,17,17,0,608.34,604.30,611.50,24.52,17,0,0,0.10,0.10,0.10,29.65,17,17,0,1.08,1.00,1.10,29.06,17,17,0,0.24,0.20,0.30,28.87,17,17,0
1202642,0.38,0.30,0.40,29.54,17,17,0,-0.03,-0.10,0.00,28.90,17,17,0,0.32,0.30,0.40,28.96,17,17,0,604.29,600.60,608.50,24.54,17,0,0,0.10,0.10,0.10,29.61,17,17,0,1.07,1.00,1.10,29.06,17,17,0,0.24,0.20,0.30,28.85,17,17,0
1203142,0.36,0.30,0.40,29.55,17,17,0,-0.02,-0.10,0.00,28.90,17,17,0,0.34,0.30,0.40,28.94,17,17,0,604.56,601.80,608.80,24.54,17,0,0,0.11,0.10,0.20,29.64,17,17,0,1.09,1.00,1.10,29.06,17,17,0,0.24,0.20,0.30,28.86,17,17,0
1203642,0.38,0.30,0.40,29.55,17,17,0,-0.03,-0.10,0.00,28.91,17,17,0,0.34,0.30,0.40,28.95,17,17,0,607.81,604.70,611.60,24.53,17,0,0,0.10,0.10,0.10,29.63,17,17,0,1.08,1.00,1.10,29.05,17,17,0,0.24,0.20,0.30,28.85,17,17,0
1204142,0.37,0.30,0.40,29.53,17,17,0,0.01,-0.10,0.10,28.90,17,17,0,0.30,0.30,0.30,28.94,17,17,0,616.84,609.70,621.70,24.50,17,0,0,0.11,0.10,0.20,29.65,17,17,0,1.08,1.00,1.10,29.06,17,17,0,0.22,0.20,0.30,28.87,17,17,0
1204649,0.36,0.30,0.40,29.54,17,17,0,0.00,-0.10,0.10,28.89,17,17,0,0.32,0.30,0.40,28.96,17,17,0,619.09,616.50,622.50,24.53,17,0,0,0.11,0.10,0.20,29.63,17,17,0,1.08,1.00,1.10,29.06,17,17,0,0.23,0.20,0.30,28.86,17,17,0
1205149,0.37,0.30,0.40,29.57,17,17,0,-0.04,-0.10,0.10,28.89,17,17,0,0.30,0.30,0.30,28.96,17,17,0,616.11,612.00,619.70,24.52,17,0,0,0.09,0.00,0.20,29.64,17,17,0,1.07,1.00,1.10,29.04,17,17,0,0.24,0.20,0.30,28.86,17,17,0
1205658,0.36,0.30,0.40,29.56,17,17,0,-0.02,-0.10,0.10,28.90,17,17,0,0.30,0.30,0.30,28.96,17,17,0,615.51,611.70,617.70,24.52,17,0,0,0.11,0.10,0.20,29.64,17,17,0,1.08,1.00,1.10,29.06,17,17,0,0.22,0.20,0.30,28.88,17,17,0
1206159,0.36,0.30,0.40,29.56,17,17,0,-0.04,-0.10,0.10,28.89,17,17,0,0.33,0.30,0.40,28.94,17,17,0,615.62,612.50,618.80,24.52,17,0,0,0.09,0.00,0.10,29.64,17,17,0,1.06,1.00,1.10,29.05,17,17,0,0.24,0.20,0.30,28.87,17,17,0
1206659,0.35,0.30,0.40,29.54,17,17,0,-0.04,-0.10,0.10,28.89,17,17,0,0.32,0.30,0.40,28.95,17,17,0,623.55,619.80,626.90,24.52,17,0,0,0.12,0.10,0.20,29.62,17,17,0,1.08,1.00,1.10,29.06,17,17,0,0.25,0.20,0.30,28.87,17,17,0
1207159,0.37,0.30,0.40,29.56,17,17,0,-0.01,-0.10,0.10,28.90,17,17,0,0.33,0.30,0.40,28.96,17,17,0,620.52,616.90,624.20,24.52,17,0,0,0.11,0.10,0.20,29.65,17,17,0,1.08,1.00,1.10,29.06,17,17,0,0.25,0.20,0.30,28.87,17,17,0
1207659,0.34,0.30,0.40,29.55,17,17,0,0.01,-0.10,0.10,28.90,17,17,0,0.31,0.30,0.40,28.94,17,17,0,615.94,613.50,618.50,24.52,17,0,0,0.09,0.00,0.10,29.63,17,17,0,1.07,1.00,1.10,29.08,17,17,0,0.24,0.20,0.30,28.89,17,17,0
1208159,0.39,0.30,0.40,29.54,16,16,0,0.01,-0.10,0.10,28.91,16,16,0,0.33,0.30,0.40,28.96,16,16,0,617.46,615.10,621.40,24.51,16,0,0,0.11,0.10,0.20,29.63,16,16,0,1.09,1.00,1.10,29.07,16,16,0,0.24,0.20,0.30,28.86,16,16,0
1208661,0.37,0.30,0.40,29.55,17,17,0,-0.01,-0.10,0.10,28.90,17,17,0,0.32,0.30,0.40,28.96,17,17,0,620.26,616.50,627.50,24.51,17,0,0,0.09,0.00,0.10,29.64,17,17,0,1.08,1.00,1.10,29.05,17,17,0,0.23,0.20,0.30,28.87,17,17,0
1209168,0.36,0.30,0.40,29.56,17,17,0,-0.02,-0.10,0.00,28.89,17,17,0,0.34,0.30,0.40,28.96,17,17,0,626.58,623.30,628.60,24.52,17,0,0,0.10,0.10,0.10,29.64,17,17,0,1.07,1.00,1.10,29.05,17,17,0,0.23,0.20,0.30,28.85,17,17,0
1209668,0.36,0.30,0.40,29.56,17,17,0,-0.01,-0.10,0.10,28.90,17,17,0,0.32,0.30,0.40,28.96,17,17,0,620.74,615.10,624.80,24.53,17,0,0,0.10,0.10,0.10,29.64,17,17,0,1.08,1.00,1.10,29.07,17,17,0,0.21,0.20,0.30,28.86,17,17,0
1210168,0.35,0.30,0.40,29.55,17,17,0,-0.01,-0.10,0.10,28.89,17,17,0,0.33,0.30,0.40,28.97,17,17,0,615.57,612.80,617.80,24.51,17,0,0,0.11,0.10,0.20,29.64,17,17,0,1.08,1.00,1.10,29.07,17,17,0,0.23,0.20,0.30,28.88,17,17,0
1210668,0.38,0.30,0.40,29.55,16,16,0,-0.01,-0.10,0.10,28.90,16,16,0,0.33,0.30,0.40,28.94,16,16,0,615.82,613.00,619.30,24.55,16,0,0,0.10,0.10,0.10,29.63,16,16,0,1.06,1.00,1.10,29.06,16,16,0,0.22,0.20,0.30,28.87,16,16,0
1211171,0.36,0.30,0.40,29.54,17,17,0,-0.01,-0.10,0.10,28.89,17,17,0,0.34,0.30,0.40,28.96,17,17,0,621.31,616.30,625.70,24.51,17,0,0,0.09,0.00,0.10,29.63,17,17,0,1.07,1.00,1.10,29.06,17,17,0,0.23,0.20,0.30,28.89,17,17,0
1211673,0.34,0.30,0.40,29.54,17,17,0,-0.01,-0.10,0.10,28.90,17,17,0,0.31,0.30,0.40,28.95,17,17,0,621.79,617.40,625.50,24.50,17,0,0,0.10,0.10,0.10,29.64,17,17,0,1.08,1.00,1.10,29.05,17,17,0,0.22,0.20,0.30,28.88,17,17,0
1212175,0.36,0.30,0.40,29.56,17,17,0,0.00,-0.10,0.10,28.90,17,17,0,0.31,0.30,0.40,28.96,17,17,0,613.64,610.00,617.10,24.50,17,0,0,0.11,0.10,0.20,29.63,17,17,0,1.08,1.00,1.10,29.04,17,17,0,0.23,0.20,0.30,28.87,17,17,0
1212687,0.38,0.30,0.40,29.54,17,17,0,0.00,-0.10,0.10,28.90,17,17,0,0.32,0.30,0.40,28.94,17,17,0,609.76,607.00,611.30,24.50,17,0,0,0.11,0.10,0.20,29.64,17,17,0,1.09,1.00,1.10,29.06,17,17,0,0.23,0.20,0.30,28.86,17,17,0
1213187,0.37,0.30,0.40,29.54,17,17,0,-0.01,-0.10,0.10,28.90,17,17,0,0.31,0.30,0.40,28.94,17,17,0,610.98,608.90,613.60,24.53,17,0,0,0.09,0.00,0.10,29.64,17,17,0,1.07,1.00,1.10,29.06,17,17,0,0.22,0.20,0.30,28.87,17,17,0
1213690,0.36,0.30,0.40,29.54,17,17,0,-0.02,-0.10,0.10,28.90,17,17,0,0.31,0.30,0.40,28.96,17,17,0,617.61,614.40,621.40,24.53,17,0,0,0.09,0.00,0.10,29.63,17,17,0,1.08,1.00,1.10,29.05,17,17,0,0.23,0.20,0.30,28.86,17,17,0
1214190,0.36,0.30,0.40,29.56,17,17,0,-0.02,-0.10,0.00,28.91,17,17,0,0.33,0.30,0.40,28.95,17,17,0,609.80,604.10,617.00,24.51,17,0,0,0.10,0.10,0.10,29.64,17,17,0,1.06,1.00,1.10,29.07,17,17,0,0.23,0.20,0.30,28.88,17,17,0
1214690,0.37,0.30,0.40,29.56,17,17,0,0.01,-0.10,0.10,28.91,17,17,0,0.32,0.30,0.40,28.95,17,17,0,602.60,599.60,606.50,24.52,17,0,0,0.11,0.10,0.20,29.62,17,17,0,1.08,1.00,1.10,29.07,17,17,0,0.21,0.20,0.30,28.85,17,17,0
1215197,0.37,0.30,0.40,29.55,17,17,0,-0.01,-0.10,0.10,28.89,17,17,0,0.31,0.30,0.40,28.97,17,17,0,600.09,596.30,604.00,24.51,17,0,0,0.09,0.00,0.10,29.63,17,17,0,1.08,1.00,1.10,29.06,17,17,0,0.24,0.20,0.30,28.87,17,17,0
1215700,0.38,0.30,0.40,29.56,17,17,0,-0.03,-0.10,0.10,28.89,17,17,0,0.30,0.30,0.30,28.95,17,17,0,605.46,600.60,609.90,24.51,17,0,0,0.11,0.10,0.20,29.66,17,17,0,1.08,1.00,1.10,29.06,17,17,0,0.25,0.20,0.30,28.85,17,17,0
1216201,0.33,0.30,0.40,29.55,17,17,0,-0.03,-0.10,0.00,28.90,17,17,0,0.31,0.30,0.40,28.95,17,17,0,610.28,606.20,614.70,24.52,17,0,0,0.10,0.10,0.10,29.63,17,17,0,1.08,1.00,1.10,29.06,17,17,0,0.23,0.20,0.30,28.87,17,17,0
1216704,0.33,0.30,0.40,29.55,17,17,0,0.01,-0.10,0.10,28.90,17,17,0,0.32,0.30,0.40,28.96,17,17,0,602.03,596.20,606.90,24.52,17,0,0,0.09,0.00,0.10,29.66,17,17,0,1.06,1.00,1.10,29.07,17,17,0,0.21,0.20,0.30,28.88,17,17,0
1217208,0.34,0.30,0.40,29.53,17,17,0,0.00,-0.10,0.10,28.89,17,17,0,0.31,0.30,0.40,28.96,17,17,0,596.65,593.30,599.20,24.52,17,0,0,0.09,0.00,0.10,29.65,17,17,0,1.08,1.00,1.10,29.07,17,17,0,0.25,0.20,0.30,28.87,17,17,0
1217708,0.37,0.30,0.40,29.57,17,17,0,-0.02,-0.10,0.10,28.91,17,17,0,0.31,0.30,0.40,28.95,17,17,0,596.72,561.70,635.40,24.52,17,0,0,0.10,0.10,0.10,29.65,17,17,0,1.06,1.00,1.10,29.05,17,17,0,0.23,0.20,0.30,28.85,17,17,0
1218210,0.36,0.30,0.40,29.55,17,17,0,-0.02,-0.10,0.10,28.90,17,17,0,0.30,0.30,0.30,28.95,17,17,0,604.59,575.40,628.50,24.52,17,0,0,0.10,0.10,0.10,29.64,17,17,0,1.08,1.00,1.10,29.06,17,17,0,0.22,0.20,0.30,28.86,17,17,0
1218714,0.35,0.30,0.40,29.55,17,17,0,-0.02,-0.10,0.10,28.90,17,17,0,0.32,0.30,0.40,28.95,17,17,0,600.65,591.10,607.30,24.52,17,0,0,0.10,0.10,0.10,29.66,17,17,0,1.07,1.00,1.10,29.08,17,17,0,0.21,0.20,0.30,28.86,17,17,0
1219214,0.36,0.30,0.40,29.55,17,17,0,-0.02,-0.10,0.10,28.89,17,17,0,0.32,0.30,0.40,28.96,17,17,0,595.82,591.00,600.30,24.52,17,0,0,0.09,0.00,0.10,29.64,17,17,0,1.09,1.00,1.10,29.05,17,17,0,0.22,0.20,0.30,28.87,17,17,0
1219714,0.36,0.30,0.40,29.56,17,17,0,-0.02,-0.10,0.10,28.90,17,17,0,0.32,0.30,0.40,28.95,17,17,0,591.74,587.00,594.90,24.52,17,0,0,0.10,0.10,0.10,29.65,17,17,0,1.09,1.00,1.10,29.06,17,17,0,0.22,0.20,0.30,28.87,17,17,0
1220214,0.36,0.30,0.40,29.54,17,17,0,0.00,-0.10,0.10,28.90,17,17,0,0.32,0.30,0.40,28.96,17,17,0,592.77,590.40,595.40,24.52,17,0,0,0.10,0.00,0.20,29.64,17,17,0,1.08,1.00,1.10,29.05,17,17,0,0.22,0.20,0.30,28.87,17,17,0
1220717,0.37,0.30,0.40,29.55,17,17,0,0.00,-0.10,0.10,28.90,17,17,0,0.32,0.30,0.40,28.96,17,17,0,596.99,591.70,600.10,24.52,17,0,0,0.10,0.10,0.10,29.64,17,17,0,1.08,1.00,1.10,29.06,17,17,0,0.21,0.20,0.30,28.87,17,17,0
1221217,0.37,0.30,0.40,29.55,17,17,0,-0.01,-0.10,0.00,28.90,17,17,0,0.32,0.30,0.40,28.97,17,17,0,592.95,587.00,598.50,24.50,17,0,0,0.09,0.00,0.10,29.65,17,17,0,1.08,1.00,1.10,29.05,17,17,0,0.24,0.20,0.30,28.87,17,17,0
1221721,0.36,0.30,0.40,29.56,17,17,0,-0.02,-0.10,0.00,28.91,17,17,0,0.32,0.30,0.40,28.96,17,17,0,586.09,580.30,590.20,24.52,17,0,0,0.10,0.10,0.10,29.64,17,17,0,1.06,1.00,1.10,29.07,17,17,0,0.22,0.20,0.30,28.87,17,17,0
1222222,0.36,0.30,0.40,29.56,17,17,0,-0.02,-0.10,0.00,28.90,17,17,0,0.32,0.30,0.40,28.94,17,17,0,583.75,578.20,587.90,24.53,17,0,0,0.10,0.10,0.10,29.63,17,17,0,1.08,1.00,1.10,29.06,17,17,0,0.22,0.20,0.30,28.87,17,17,0
1222722,0.39,0.30,0.40,29.55,17,17,0,-0.01,-0.10,0.10,28.90,17,17,0,0.32,0.30,0.40,28.94,17,17,0,590.45,586.80,595.90,24.53,17,0,0,0.10,0.10,0.10,29.65,17,17,0,1.08,1.00,1.10,29.05,17,17,0,0.21,0.20,0.30,28.86,17,17,0
1223222,0.36,0.30,0.40,29.56,17,17,0,-0.03,-0.10,0.10,28.91,17,17,0,0.31,0.30,0.40,28.94,17,17,0,597.38,593.70,600.70,24.53,17,0,0,0.11,0.00,0.20,29.64,17,17,0,1.08,1.00,1.10,29.06,17,17,0,0.23,0.20,0.30,28.87,17,17,0
1223722,0.35,0.30,0.40,29.55,17,17,0,0.01,-0.10,0.10,28.90,17,17,0,0.31,0.30,0.40,28.95,17,17,0,590.92,587.80,594.80,24.51,17,0,0,0.09,0.00,0.10,29.64,17,17,0,1.07,1.00,1.10,29.05,17,17,0,0.21,0.20,0.30,28.88,17,17,0
1224227,0.37,0.30,0.40,29.56,17,17,0,-0.03,-0.10,0.10,28.91,17,17,0,0.31,0.30,0.40,28.96,17,17,0,586.96,584.10,589.10,24.51,17,0,0,0.10,0.10,0.10,29.64,17,17,0,1.08,1.00,1.10,29.07,17,17,0,0.22,0.20,0.30,28.87,17,17,0
1224740,0.36,0.30,0.40,29.55,17,17,0,-0.02,-0.10,0.10,28.88,17,17,0,0.32,0.30,0.40,28.96,17,17,0,588.66,585.90,593.20,24.53,17,0,0,0.11,0.10,0.20,29.66,17,17,0,1.08,1.00,1.10,29.08,17,17,0,0.24,0.20,0.30,28.88,17,17,0
1225240,0.36,0.30,0.40,29.55,17,17,0,-0.02,-0.10,0.00,28.91,17,17,0,0.31,0.30,0.40,28.95,17,17,0,594.52,588.90,598.90,24.52,17,0,0,0.10,0.10,0.10,29.66,17,17,0,1.08,1.00,1.10,29.05,17,17,0,0.22,0.20,0.30,28.86,17,17,0
1225743,0.36,0.30,0.40,29.56,17,17,0,-0.02,-0.10,0.10,28.89,17,17,0,0.30,0.30,0.30,28.96,17,17,0,593.85,588.90,597.90,24.53,17,0,0,0.10,0.10,0.10,29.64,17,17,0,1.08,1.00,1.10,29.04,17,17,0,0.22,0.20,0.30,28.87,17,17,0
1226243,0.35,0.30,0.40,29.56,17,17,0,-0.01,-0.10,0.00,28.91,17,17,0,0.34,0.30,0.40,28.97,17,17,0,586.06,580.20,590.40,24.53,17,0,0,0.10,0.10,0.10,29.65,17,17,0,1.08,1.00,1.10,29.05,17,17,0,0.23,0.20,0.30,28.88,17,17,0
1226744,0.36,0.30,0.40,29.56,17,17,0,-0.02,-0.10,0.10,28.90,17,17,0,0.31,0.30,0.40,28.96,17,17,0,583.38,579.90,585.60,24.54,17,0,0,0.09,0.00,0.10,29.65,17,17,0,1.08,1.00,1.10,29.07,17,17,0,0.24,0.20,0.30,28.86,17,17,0
1227244,0.36,0.30,0.40,29.56,17,17,0,-0.02,-0.10,0.00,28.89,17,17,0,0.32,0.30,0.40,28.96,17,17,0,587.78,583.20,591.20,24.53,17,0,0,0.10,0.10,0.10,29.65,17,17,0,1.08,1.00,1.10,29.04,17,17,0,0.21,0.20,0.30,28.87,17,17,0
1227744,0.35,0.30,0.40,29.56,17,17,0,-0.02,-0.10,0.00,28.91,17,17,0,0.31,0.30,0.40,28.96,17,17,0,594.98,589.40,599.10,24.52,17,0,0,0.09,0.00,0.10,29.66,17,17,0,1.09,1.00,1.10,29.06,17,17,0,0.21,0.20,0.30,28.87,17,17,0
1228245,0.37,0.30,0.40,29.54,17,17,0,-0.04,-0.10,0.00,28.90,17,17,0,0.33,0.30,0.40,28.96,17,17,0,588.70,582.30,594.10,24.52,17,0,0,0.12,0.10,0.20,29.64,17,17,0,1.07,1.00,1.10,29.07,17,17,0,0.23,0.20,0.30,28.87,17,17,0
1228745,0.36,0.30,0.40,29.53,17,17,0,-0.01,-0.10,0.10,28.90,17,17,0,0.32,0.30,0.40,28.95,17,17,0,581.57,578.50,584.90,24.52,17,0,0,0.10,0.10,0.10,29.65,17,17,0,1.08,1.00,1.10,29.06,17,17,0,0.24,0.20,0.30,28.89,17,17,0
1229245,0.38,0.30,0.40,29.55,16,16,0,-0.04,-0.10,0.00,28.90,16,16,0,0.33,0.30,0.40,28.94,16,16,0,581.47,578.00,584.60,24.54,16,0,0,0.10,0.00,0.20,29.64,16,16,0,1.09,1.00,1.10,29.06,16,16,0,0.25,0.20,0.30,28.88,16,16,0
1229745,0.36,0.30,0.40,29.57,17,17,0,-0.01,-0.10,0.10,28.91,17,17,0,0.31,0.30,0.40,28.96,17,17,0,590.56,585.60,596.30,24.53,17,0,0,0.09,0.00,0.10,29.65,17,17,0,1.08,1.00,1.10,29.04,17,17,0,0.22,0.20,0.30,28.88,17,17,0
1230246,0.36,0.30,0.40,29.57,17,17,0,0.00,-0.10,0.10,28.90,17,17,0,0.31,0.30,0.40,28.95,17,17,0,596.28,593.90,599.00,24.52,17,0,0,0.11,0.10,0.20,29.64,17,17,0,1.08,1.00,1.10,29.06,17,17,0,0.21,0.20,0.30,28.87,17,17,0
1230749,0.35,0.30,0.40,29.56,17,17,0,-0.01,-0.10,0.10,28.91,17,17,0,0.31,0.30,0.40,28.96,17,17,0,589.76,585.20,594.90,24.53,17,0,0,0.11,0.10,0.20,29.65,17,17,0,1.08,1.00,1.10,29.06,17,17,0,0.22,0.20,0.30,28.88,17,17,0
1231253,0.37,0.30,0.40,29.57,17,17,0,-0.02,-0.10,0.00,28.91,17,17,0,0.31,0.30,0.40,28.96,17,17,0,584.82,582.40,587.00,24.53,17,0,0,0.11,0.10,0.20,29.64,17,17,0,1.08,1.00,1.10,29.07,17,17,0,0.22,0.20,0.30,28.87,17,17,0
1231756,0.36,0.30,0.40,29.56,17,17,0,-0.02,-0.10,0.10,28.90,17,17,0,0.31,0.30,0.40,28.95,17,17,0,586.41,582.90,590.40,24.53,17,0,0,0.09,0.00,0.10,29.64,17,17,0,1.08,1.00,1.10,29.08,17,17,0,0.20,0.20,0.20,28.85,17,17,0
1232256,0.37,0.30,0.40,29.56,17,17,0,-0.01,-0.10,0.10,28.91,17,17,0,0.32,0.30,0.40,28.95,17,17,0,593.89,590.20,596.60,24.54,17,0,0,0.10,0.10,0.10,29.65,17,17,0,1.08,1.00,1.10,29.08,17,17,0,0.21,0.20,0.30,28.86,17,17,0
1232756,0.38,0.30,0.40,29.55,17,17,0,0.01,-0.10,0.10,28.90,17,17,0,0.32,0.30,0.40,28.95,17,17,0,594.05,589.50,596.90,24.54,17,0,0,0.11,0.00,0.20,29.64,17,17,0,1.08,1.00,1.10,29.05,17,17,0,0.22,0.20,0.30,28.86,17,17,0
1233259,0.34,0.30,0.40,29.55,17,17,0,-0.03,-0.10,0.10,28.89,17,17,0,0.31,0.30,0.40,28.96,17,17,0,585.96,582.50,589.00,24.53,17,0,0,0.11,0.10,0.20,29.64,17,17,0,1.07,1.00,1.10,29.06,17,17,0,0.24,0.20,0.30,28.87,17,17,0
1233769,0.36,0.30,0.40,29.55,17,17,0,-0.03,-0.10,0.00,28.91,17,17,0,0.31,0.30,0.40,28.95,17,17,0,582.08,579.00,586.10,24.56,17,0,0,0.10,0.10,0.10,29.65,17,17,0,1.06,1.00,1.10,29.07,17,17,0,0.22,0.20,0.30,28.88,17,17,0
1234279,0.36,0.30,0.40,29.56,17,17,0,-0.03,-0.10,0.10,28.91,17,17,0,0.32,0.30,0.40,28.96,17,17,0,585.65,580.10,593.10,24.56,17,0,0,0.09,0.00,0.10,29.63,17,17,0,1.08,1.00,1.10,29.05,17,17,0,0.21,0.20,0.30,28.88,17,17,0
1234779,0.37,0.30,0.40,29.56,17,17,0,0.01,-0.10,0.10,28.90,17,17,0,0.31,0.30,0.40,28.96,17,17,0,597.09,592.70,601.70,24.54,17,0,0,0.09,0.00,0.10,29.66,17,17,0,1.09,1.00,1.10,29.06,17,17,0,0.22,0.20,0.30,28.88,17,17,0
1235285,0.35,0.30,0.40,29.59,17,17,0,-0.01,-0.10,0.10,28.89,17,17,0,0.33,0.30,0.40,28.98,17,17,0,595.28,585.60,601.10,24.53,17,0,0,0.10,0.10,0.10,29.65,17,17,0,1.04,1.00,1.10,29.06,17,17,0,0.22,0.20,0.30,28.87,17,17,0
1235785,0.36,0.30,0.40,29.54,16,16,0,0.01,-0.10,0.10,28.90,16,16,0,0.32,0.30,0.40,28.97,16,16,0,585.98,581.70,588.30,24.55,16,0,0,0.10,0.10,0.10,29.67,16,16,0,1.09,1.00,1.10,29.08,16,16,0,0.22,0.20,0.30,28.89,16,16,0
1236285,0.36,0.30,0.40,29.56,16,16,0,-0.01,-0.10,0.10,28.90,16,16,0,0.33,0.30,0.40,28.96,16,16,0,580.16,577.70,583.80,24.54,16,0,0,0.11,0.10,0.20,29.65,16,16,0,1.07,1.00,1.10,29.07,16,16,0,0.21,0.20,0.30,28.86,16,16,0
1236789,0.36,0.30,0.40,29.56,17,17,0,-0.02,-0.10,0.10,28.92,17,17,0,0.32,0.30,0.40,28.97,17,17,0,588.41,582.60,595.40,24.55,17,0,0,0.10,0.00,0.20,29.65,17,17,0,1.09,1.00,1.10,29.08,17,17,0,0.22,0.20,0.30,28.87,17,17,0
1237289,0.36,0.30,0.40,29.57,17,17,0,-0.04,-0.10,0.00,28.91,17,17,0,0.32,0.30,0.40,28.96,17,17,0,598.03,595.50,600.40,24.54,17,0,0,0.10,0.10,0.10,29.65,17,17,0,1.08,1.00,1.10,29.08,17,17,0,0.22,0.20,0.30,28.87,17,17,0
1237790,0.36,0.30,0.40,29.57,17,17,0,-0.01,-0.10,0.00,28.90,17,17,0,0.33,0.30,0.40,28.97,17,17,0,591.29,587.40,597.20,24.55,17,0,0,0.10,0.00,0.20,29.65,17,17,0,1.07,1.00,1.10,29.05,17,17,0,0.22,0.20,0.30,28.88,17,17,0
1238290,0.37,0.30,0.40,29.57,17,17,0,-0.02,-0.10,0.00,28.91,17,17,0,0.32,0.30,0.40,28.98,17,17,0,586.34,583.20,589.20,24.55,17,0,0,0.11,0.10,0.20,29.66,17,17,0,1.09,1.00,1.10,29.06,17,17,0,0.21,0.20,0.30,28.88,17,17,0
1238793,0.36,0.30,0.40,29.57,17,17,0,0.00,-0.10,0.10,28.90,17,17,0,0.32,0.30,0.40,28.96,17,17,0,585.76,583.20,588.00,24.55,17,0,0,0.10,0.10,0.10,29.63,17,17,0,1.08,1.00,1.10,29.08,17,17,0,0.20,0.20,0.20,28.88,17,17,0
1239296,0.37,0.30,0.40,29.57,17,17,0,-0.02,-0.10,0.10,28.91,17,17,0,0.33,0.30,0.40,28.96,17,17,0,593.35,587.20,597.80,24.56,17,0,0,0.09,0.00,0.10,29.65,17,17,0,1.08,1.00,1.10,29.06,17,17,0,0.23,0.20,0.30,28.88,17,17,0
1239803,0.36,0.30,0.40,29.56,17,17,0,-0.02,-0.10,0.10,28.90,17,17,0,0.33,0.30,0.40,28.97,17,17,0,598.78,592.60,601.80,24.56,17,0,0,0.10,0.10,0.10,29.65,17,17,0,1.09,1.00,1.10,29.07,17,17,0,0.22,0.20,0.30,28.88,17,17,0
1240303,0.37,0.30,0.40,29.56,17,17,0,0.01,-0.10,0.10,28.93,17,17,0,0.31,0.30,0.40,28.97,17,17,0,588.88,583.50,593.80,24.55,17,0,0,0.10,0.10,0.10,29.67,17,17,0,1.06,1.00,1.10,29.06,17,17,0,0.21,0.20,0.30,28.87,17,17,0
1240807,0.38,0.30,0.40,29.56,17,17,0,-0.01,-0.10,0.00,28.90,17,17,0,0.35,0.30,0.40,28.97,17,17,0,583.68,579.40,586.70,24.55,17,0,0,0.09,0.00,0.10,29.67,17,17,0,1.07,1.00,1.10,29.07,17,17,0,0.24,0.20,0.30,28.88,17,17,0
1241313,0.38,0.30,0.40,29.57,17,17,0,-0.02,-0.10,0.00,28.91,17,17,0,0.32,0.30,0.40,28.98,17,17,0,586.96,582.00,590.40,24.57,17,0,0,0.10,0.10,0.10,29.66,17,17,0,1.07,1.00,1.10,29.09,17,17,0,0.22,0.20,0.30,28.87,17,17,0
1241813,0.36,0.30,0.40,29.55,17,17,0,-0.04,-0.10,0.10,28.91,17,17,0,0.31,0.30,0.40,28.96,17,17,0,594.86,591.10,598.00,24.56,17,0,0,0.10,0.10,0.10,29.65,17,17,0,1.08,1.00,1.10,29.08,17,17,0,0.20,0.20,0.20,28.88,17,17,0
1242313,0.36,0.30,0.40,29.59,17,17,0,-0.01,-0.10,0.10,28.92,17,17,0,0.32,0.30,0.40,28.97,17,17,0,591.97,588.80,594.70,24.55,17,0,0,0.10,0.10,0.10,29.64,17,17,0,1.07,1.00,1.10,29.07,17,17,0,0.23,0.20,0.30,28.88,17,17,0
1242813,0.37,0.30,0.40,29.56,17,17,0,-0.01,-0.10,0.10,28.92,17,17,0,0.32,0.30,0.40,28.96,17,17,0,585.62,581.60,588.60,24.56,17,0,0,0.10,0.10,0.10,29.66,17,17,0,1.08,1.00,1.10,29.07,17,17,0,0.22,0.20,0.30,28.89,17,17,0
1243313,0.35,0.30,0.40,29.57,17,17,0,-0.02,-0.10,0.10,28.91,17,17,0,0.33,0.30,0.40,28.96,17,17,0,584.66,582.20,587.00,24.56,17,0,0,0.09,0.00,0.10,29.65,17,17,0,1.08,1.00,1.10,29.07,17,17,0,0.22,0.20,0.30,28.88,17,17,0
1243813,0.38,0.30,0.40,29.58,17,17,0,-0.01,-0.10,0.10,28.93,17,17,0,0.34,0.30,0.40,28.96,17,17,0,589.98,584.30,595.50,24.56,17,0,0,0.10,0.10,0.10,29.66,17,17,0,1.09,1.00,1.10,29.07,17,17,0,0.21,0.20,0.30,28.88,17,17,0
1244313,0.37,0.30,0.40,29.57,17,17,0,-0.02,-0.10,0.10,28.91,17,17,0,0.33,0.30,0.40,28.98,17,17,0,598.86,595.30,603.00,24.56,17,0,0,0.11,0.10,0.20,29.66,17,17,0,1.08,1.00,1.10,29.06,17,17,0,0.23,0.20,0.30,28.87,17,17,0
1244814,0.36,0.30,0.40,29.57,17,17,0,-0.01,-0.10,0.10,28.91,17,17,0,0.32,0.30,0.40,28.96,17,17,0,594.72,590.90,598.70,24.57,17,0,0,0.10,0.10,0.10,29.64,17,17,0,1.08,1.00,1.10,29.08,17,17,0,0.20,0.20,0.20,28.88,17,17,0
1245314,0.38,0.30,0.40,29.57,17,17,0,-0.02,-0.10,0.10,28.92,17,17,0,0.32,0.30,0.40,28.97,17,17,0,590.22,587.90,592.10,24.57,17,0,0,0.10,0.10,0.10,29.66,17,17,0,1.08,1.00,1.10,29.07,17,17,0,0.22,0.20,0.30,28.89,17,17,0
1245817,0.36,0.30,0.40,29.57,17,17,0,0.01,-0.10,0.10,28.91,17,17,0,0.31,0.30,0.40,28.98,17,17,0,592.99,589.30,595.90,24.55,17,0,0,0.09,0.00,0.10,29.65,17,17,0,1.07,1.00,1.10,29.10,17,17,0,0.21,0.20,0.30,28.88,17,17,0
1246320,0.36,0.30,0.40,29.58,17,17,0,-0.01,-0.10,0.10,28.91,17,17,0,0.32,0.30,0.40,28.97,17,17,0,598.12,594.20,601.80,24.57,17,0,0,0.11,0.10,0.20,29.66,17,17,0,1.07,1.00,1.10,29.09,17,17,0,0.20,0.10,0.30,28.88,17,17,0
1246826,0.36,0.30,0.40,29.57,17,17,0,-0.01,-0.10,0.10,28.93,17,17,0,0.32,0.30,0.40,28.96,17,17,0,600.26,597.20,602.40,24.56,17,0,0,0.11,0.10,0.20,29.66,17,17,0,1.08,1.00,1.10,29.07,17,17,0,0.21,0.20,0.30,28.87,17,17,0
1247326,0.36,0.30,0.40,29.59,17,17,0,-0.02,-0.10,0.00,28.91,17,17,0,0.32,0.30,0.40,28.96,17,17,0,598.24,594.50,601.90,24.56,17,0,0,0.09,0.00,0.10,29.67,17,17,0,1.06,1.00,1.10,29.06,17,17,0,0.21,0.20,0.30,28.87,17,17,0
1247826,0.38,0.30,0.40,29.58,17,17,0,-0.01,-0.10,0.10,28.91,17,17,0,0.31,0.30,0.40,28.97,17,17,0,598.52,595.70,601.10,24.56,17,0,0,0.10,0.10,0.10,29.65,17,17,0,1.09,1.00,1.10,29.07,17,17,0,0.21,0.20,0.30,28.90,17,17,0
1248326,0.36,0.30,0.40,29.57,16,16,0,-0.01,-0.10,0.10,28.91,16,16,0,0.32,0.30,0.40,28.98,16,16,0,602.42,599.30,604.90,24.56,16,0,0,0.09,0.00,0.10,29.65,16,16,0,1.08,1.00,1.10,29.06,16,16,0,0.23,0.20,0.30,28.88,16,16,0
1248826,0.39,0.30,0.40,29.58,17,17,0,-0.02,-0.10,0.10,28.92,17,17,0,0.32,0.30,0.40,28.96,17,17,0,609.73,604.90,614.90,24.56,17,0,0,0.11,0.10,0.20,29.65,17,17,0,1.08,1.00,1.10,29.06,17,17,0,0.21,0.20,0.30,28.87,17,17,0
1249327,0.38,0.30,0.40,29.56,17,17,0,0.01,-0.10,0.10,28.92,17,17,0,0.32,0.30,0.40,28.97,17,17,0,609.09,605.90,611.30,24.55,17,0,0,0.09,0.00,0.20,29.64,17,17,0,1.07,1.00,1.10,29.06,17,17,0,0.21,0.20,0.30,28.88,17,17,0
1249830,0.38,0.30,0.40,29.58,17,17,0,-0.01,-0.10,0.00,28.91,17,17,0,0.33,0.30,0.40,28.97,17,17,0,604.01,600.50,607.90,24.55,17,0,0,0.10,0.10,0.10,29.67,17,17,0,1.09,1.00,1.10,29.05,17,17,0,0.24,0.20,0.30,28.88,17,17,0
1250337,0.36,0.30,0.40,29.58,17,17,0,-0.02,-0.10,0.10,28.92,17,17,0,0.32,0.30,0.40,28.96,17,17,0,605.48,601.80,608.30,24.56,17,0,0,0.11,0.10,0.20,29.67,17,17,0,1.09,1.00,1.10,29.07,17,17,0,0.21,0.20,0.30,28.88,17,17,0
1250837,0.38,0.30,0.40,29.57,17,17,0,-0.02,-0.10,0.00,28.92,17,17,0,0.32,0.30,0.40,28.96,17,17,0,609.65,607.30,612.20,24.57,17,0,0,0.09,0.00,0.10,29.65,17,17,0,1.06,1.00,1.10,29.08,17,17,0,0.22,0.20,0.30,28.89,17,17,0
1251337,0.36,0.30,0.40,29.57,17,17,0,-0.01,-0.10,0.10,28.92,17,17,0,0.32,0.30,0.40,28.96,17,17,0,617.59,613.80,620.60,24.57,17,0,0,0.11,0.10,0.20,29.65,17,17,0,1.08,1.00,1.10,29.06,17,17,0,0.22,0.20,0.30,28.87,17,17,0
1251839,0.38,0.30,0.40,29.56,17,17,0,0.01,-0.10,0.10,28.91,17,17,0,0.32,0.30,0.40,28.97,17,17,0,617.32,614.60,619.30,24.57,17,0,0,0.10,0.10,0.10,29.66,17,17,0,1.09,1.00,1.10,29.09,17,17,0,0.21,0.20,0.30,28.88,17,17,0
1252341,0.35,0.30,0.40,29.57,17,17,0,-0.01,-0.10,0.10,28.92,17,17,0,0.32,0.30,0.40,28.96,17,17,0,613.20,610.30,615.80,24.55,17,0,0,0.10,0.10,0.10,29.67,17,17,0,1.08,1.00,1.10,29.06,17,17,0,0.22,0.20,0.30,28.88,17,17,0
1252847,0.36,0.30,0.40,29.57,17,17,0,-0.02,-0.10,0.00,28.91,17,17,0,0.31,0.30,0.40,28.98,17,17,0,615.21,611.60,620.40,24.57,17,0,0,0.10,0.10,0.10,29.66,17,17,0,1.08,1.00,1.10,29.07,17,17,0,0.22,0.20,0.30,28.87,17,17,0
1253347,0.37,0.30,0.40,29.58,17,17,0,-0.02,-0.10,0.00,28.90,17,17,0,0.32,0.30,0.40,28.98,17,17,0,620.28,615.90,625.80,24.57,17,0,0,0.10,0.10,0.10,29.68,17,17,0,1.08,1.00,1.10,29.08,17,17,0,0.21,0.20,0.30,28.88,17,17,0
1253848,0.37,0.30,0.40,29.58,17,17,0,-0.02,-0.10,0.00,28.93,17,17,0,0.31,0.30,0.40,28.98,17,17,0,624.93,621.70,627.40,24.55,17,0,0,0.10,0.10,0.10,29.65,17,17,0,1.05,1.00,1.10,29.07,17,17,0,0.24,0.20,0.30,28.88,17,17,0
1254348,0.37,0.30,0.40,29.58,17,17,0,0.01,-0.10,0.10,28.92,17,17,0,0.32,0.30,0.40,28.97,17,17,0,617.58,613.10,621.90,24.55,17,0,0,0.10,0.10,0.10,29.64,17,17,0,1.08,1.00,1.10,29.08,17,17,0,0.23,0.20,0.30,28.89,17,17,0
1254850,0.38,0.30,0.40,29.59,17,17,0,-0.01,-0.10,0.10,28.91,17,17,0,0.31,0.30,0.40,28.96,17,17,0,613.11,610.50,615.80,24.56,17,0,0,0.10,0.10,0.10,29.66,17,17,0,1.10,1.10,1.10,29.06,17,17,0,0.23,0.20,0.30,28.89,17,17,0
1255356,0.36,0.30,0.40,29.58,17,17,0,-0.02,-0.10,0.00,28.90,17,17,0,0.31,0.30,0.40,28.97,17,17,0,615.05,611.20,618.30,24.58,17,0,0,0.10,0.10,0.10,29.66,17,17,0,1.08,1.00,1.10,29.06,17,17,0,0.22,0.20,0.30,28.88,17,17,0
1255856,0.38,0.30,0.40,29.59,17,17,0,-0.02,-0.10,0.00,28.90,17,17,0,0.32,0.30,0.40,28.99,17,17,0,622.09,615.90,626.60,24.56,17,0,0,0.10,0.10,0.10,29.65,17,17,0,1.08,1.00,1.10,29.08,17,17,0,0.24,0.20,0.30,28.89,17,17,0
1256356,0.38,0.30,0.40,29.58,17,17,0,0.01,-0.10,0.10,28.91,17,17,0,0.31,0.20,0.40,28.97,17,17,0,622.22,619.20,625.50,24.56,17,0,0,0.11,0.10,0.20,29.66,17,17,0,1.09,1.00,1.10,29.07,17,17,0,0.22,0.20,0.30,28.88,17,17,0
1256859,0.36,0.30,0.40,29.59,17,17,0,-0.01,-0.10,0.00,28.91,17,17,0,0.32,0.30,0.40,28.97,17,17,0,614.96,611.40,620.30,24.57,17,0,0,0.11,0.10,0.20,29.66,17,17,0,1.08,1.00,1.10,29.08,17,17,0,0.21,0.20,0.30,28.88,17,17,0
1257366,0.38,0.30,0.40,29.56,17,17,0,-0.02,-0.10,0.10,28.91,17,17,0,0.33,0.30,0.40,28.97,17,17,0,611.61,608.90,614.00,24.56,17,0,0,0.09,0.00,0.10,29.66,17,17,0,1.09,1.00,1.10,29.08,17,17,0,0.23,0.20,0.30,28.88,17,17,0
1257866,0.38,0.30,0.40,29.58,17,17,0,-0.02,-0.10,0.10,28.92,17,17,0,0.32,0.30,0.40,28.98,17,17,0,615.09,612.10,619.70,24.55,17,0,0,0.10,0.10,0.10,29.66,17,17,0,1.08,1.00,1.10,29.07,17,17,0,0.22,0.20,0.30,28.88,17,17,0
1258366,0.38,0.30,0.40,29.59,17,17,0,-0.01,-0.10,0.10,28.92,17,17,0,0.32,0.30,0.40,28.97,17,17,0,623.45,620.40,627.40,24.57,17,0,0,0.10,0.10,0.10,29.66,17,17,0,1.08,1.00,1.10,29.07,17,17,0,0.24,0.20,0.30,28.88,17,17,0
1258869,0.36,0.30,0.40,29.56,17,17,0,-0.02,-0.10,0.10,28.92,17,17,0,0.32,0.30,0.40,28.98,17,17,0,616.51,610.40,622.90,24.57,17,0,0,0.11,0.10,0.20,29.66,17,17,0,1.09,1.00,1.10,29.07,17,17,0,0.24,0.20,0.30,28.89,17,17,0
1259369,0.38,0.30,0.40,29.57,17,17,0,0.00,-0.10,0.10,28.92,17,17,0,0.32,0.30,0.40,28.97,17,17,0,608.34,605.10,612.30,24.56,17,0,0,0.11,0.10,0.20,29.65,17,17,0,1.08,1.00,1.10,29.07,17,17,0,0.21,0.20,0.30,28.88,17,17,0
1259875,0.38,0.30,0.40,29.59,17,17,0,-0.02,-0.10,0.10,28.93,17,17,0,0.31,0.30,0.40,28.98,17,17,0,607.48,604.60,611.00,24.57,17,0,0,0.11,0.10,0.20,29.66,17,17,0,1.07,1.00,1.10,29.08,17,17,0,0.21,0.20,0.30,28.89,17,17,0
1260383,0.35,0.30,0.40,29.57,17,17,0,0.00,-0.10,0.10,28.92,17,17,0,0.32,0.30,0.40,28.97,17,17,0,612.54,609.30,618.80,24.58,17,0,0,0.11,0.00,0.20,29.67,17,17,0,1.06,1.00,1.10,29.08,17,17,0,0.22,0.20,0.30,28.88,17,17,0
1260890,0.37,0.30,0.40,29.57,17,17,0,-0.02,-0.10,0.10,28.91,17,17,0,0.30,0.30,0.30,28.97,17,17,0,616.76,613.10,620.70,24.57,17,0,0,0.10,0.10,0.10,29.66,17,17,0,1.08,1.00,1.10,29.08,17,17,0,0.24,0.20,0.30,28.89,17,17,0
1261393,0.38,0.30,0.40,29.57,17,17,0,-0.01,-0.10,0.10,28.91,17,17,0,0.31,0.30,0.40,28.98,17,17,0,607.67,600.10,613.20,24.56,17,0,0,0.11,0.10,0.20,29.67,17,17,0,1.09,1.00,1.10,29.08,17,17,0,0.22,0.20,0.30,28.89,17,17,0
1261893,0.39,0.30,0.40,29.57,17,17,0,0.00,-0.10,0.10,28.92,17,17,0,0.32,0.30,0.40,28.97,17,17,0,600.91,597.80,603.20,24.58,17,0,0,0.09,0.00,0.10,29.67,17,17,0,1.09,1.00,1.10,29.08,17,17,0,0.24,0.20,0.30,28.88,17,17,0
1262405,0.37,0.30,0.40,29.58,17,17,0,0.00,-0.10,0.10,28.93,17,17,0,0.32,0.30,0.40,28.97,17,17,0,603.91,600.30,608.40,24.57,17,0,0,0.09,0.00,0.20,29.68,17,17,0,1.08,1.00,1.10,29.08,17,17,0,0.24,0.20,0.30,28.89,17,17,0
1262905,0.39,0.30,0.40,29.58,17,17,0,-0.02,-0.10,0.10,28.90,17,17,0,0.32,0.30,0.40,28.97,17,17,0,610.33,605.40,613.90,24.58,17,0,0,0.10,0.10,0.10,29.66,17,17,0,1.08,1.00,1.10,29.10,17,17,0,0.21,0.20,0.30,28.90,17,17,0
1263408,0.34,0.30,0.40,29.58,17,17,0,0.00,-0.10,0.10,28.92,17,17,0,0.31,0.30,0.40,28.97,17,17,0,609.41,604.80,612.60,24.57,17,0,0,0.10,0.10,0.10,29.65,17,17,0,1.08,1.00,1.10,29.07,17,17,0,0.23,0.20,0.30,28.88,17,17,0
1263913,0.38,0.30,0.40,29.58,17,17,0,-0.01,-0.10,0.10,28.91,17,17,0,0.31,0.30,0.40,28.97,17,17,0,602.79,599.60,606.70,24.56,17,0,0,0.09,0.00,0.20,29.65,17,17,0,1.07,1.00,1.10,29.06,17,17,0,0.23,0.20,0.30,28.89,17,17,0
1264413,0.38,0.30,0.40,29.58,16,16,0,0.00,-0.10,0.10,28.92,16,16,0,0.33,0.30,0.40,28.98,16,16,0,600.53,598.30,602.40,24.57,16,0,0,0.11,0.00,0.20,29.68,16,16,0,1.09,1.00,1.10,29.07,16,16,0,0.23,0.20,0.30,28.88,16,16,0
1264916,0.37,0.30,0.40,29.58,17,17,0,0.02,0.00,0.10,28.90,17,17,0,0.33,0.30,0.40,28.97,17,17,0,600.99,599.10,603.40,24.57,17,0,0,0.11,0.10,0.20,29.67,17,17,0,1.09,1.00,1.10,29.07,17,17,0,0.22,0.20,0.30,28.89,17,17,0
1265416,0.36,0.30,0.40,29.55,17,17,0,-0.01,-0.10,0.00,28.91,17,17,0,0.34,0.30,0.40,28.98,17,17,0,604.99,599.70,608.60,24.56,17,0,0,0.11,0.10,0.20,29.67,17,17,0,1.08,1.00,1.10,29.07,17,17,0,0.22,0.20,0.30,28.89,17,17,0
1265926,0.36,0.30,0.40,29.57,17,17,0,0.02,-0.10,0.10,28.90,17,17,0,0.31,0.30,0.40,28.98,17,17,0,600.27,596.30,604.40,24.57,17,0,0,0.10,0.10,0.10,29.67,17,17,0,1.08,1.00,1.10,29.08,17,17,0,0.22,0.20,0.30,28.87,17,17,0
1266434,0.38,0.30,0.40,29.58,17,17,0,-0.02,-0.10,0.10,28.93,17,17,0,0.31,0.30,0.40,28.98,17,17,0,593.34,589.60,597.90,24.59,17,0,0,0.10,0.00,0.20,29.68,17,17,0,1.08,1.00,1.10,29.08,17,17,0,0.21,0.20,0.30,28.88,17,17,0
1266934,0.38,0.30,0.40,29.57,16,16,0,0.01,0.00,0.10,28.92,16,16,0,0.31,0.30,0.40,28.97,16,16,0,592.96,590.00,596.90,24.58,16,0,0,0.10,0.10,0.10,29.67,16,16,0,1.09,1.00,1.10,29.07,16,16,0,0.21,0.20,0.30,28.88,16,16,0
1267437,0.36,0.30,0.40,29.57,17,17,0,-0.02,-0.10,0.00,28.90,17,17,0,0.33,0.30,0.40,28.98,17,17,0,595.42,590.90,599.60,24.56,17,0,0,0.10,0.10,0.10,29.65,17,17,0,1.08,1.00,1.10,29.06,17,17,0,0.22,0.20,0.30,28.89,17,17,0
1267944,0.36,0.30,0.40,29.58,17,17,0,0.01,-0.10,0.10,28.92,17,17,0,0.32,0.30,0.40,28.98,17,17,0,597.15,593.20,600.20,24.58,17,0,0,0.10,0.00,0.20,29.68,17,17,0,1.08,1.00,1.10,29.08,17,17,0,0.24,0.20,0.30,28.90,17,17,0
1268451,0.37,0.30,0.40,29.57,17,17,0,-0.01,-0.10,0.10,28.91,17,17,0,0.31,0.30,0.40,28.97,17,17,0,591.32,587.40,595.50,24.59,17,0,0,0.10,0.10,0.10,29.67,17,17,0,1.08,1.00,1.10,29.08,17,17,0,0.22,0.20,0.30,28.89,17,17,0
1268954,0.37,0.30,0.40,29.57,17,17,0,0.01,-0.10,0.10,28.92,17,17,0,0.32,0.30,0.40,28.97,17,17,0,588.10,585.50,589.70,24.57,17,0,0,0.10,0.10,0.10,29.67,17,17,0,1.07,1.00,1.10,29.08,17,17,0,0.22,0.20,0.30,28.90,17,17,0
1269460,0.38,0.30,0.40,29.58,17,17,0,-0.01,-0.10,0.10,28.93,17,17,0,0.32,0.30,0.40,28.98,17,17,0,591.43,588.40,595.50,24.57,17,0,0,0.11,0.10,0.20,29.67,17,17,0,1.06,1.00,1.10,29.10,17,17,0,0.23,0.20,0.30,28.89,17,17,0
1269963,0.37,0.30,0.40,29.57,17,17,0,0.00,-0.10,0.10,28.93,17,17,0,0.32,0.30,0.40,28.97,17,17,0,594.71,588.90,599.10,24.56,17,0,0,0.10,0.10,0.10,29.67,17,17,0,1.06,1.00,1.10,29.09,17,17,0,0.23,0.20,0.30,28.89,17,17,0
1270475,0.37,0.30,0.40,29.57,17,17,0,-0.01,-0.10,0.10,28.91,17,17,0,0.33,0.30,0.40,28.97,17,17,0,593.47,585.30,596.60,24.58,17,0,0,0.10,0.00,0.20,29.66,17,17,0,1.07,1.00,1.10,29.08,17,17,0,0.24,0.20,0.30,28.88,17,17,0
1270979,0.37,0.30,0.40,29.58,17,17,0,-0.02,-0.10,0.10,28.92,17,17,0,0.34,0.30,0.40,28.98,17,17,0,585.71,575.10,601.70,24.58,17,0,0,0.11,0.10,0.20,29.65,17,17,0,1.08,1.00,1.10,29.09,17,17,0,0.21,0.20,0.30,28.89,17,17,0
1271480,0.36,0.30,0.40,29.58,17,17,0,0.01,-0.10,0.10,28.92,17,17,0,0.32,0.30,0.40,28.95,17,17,0,582.52,578.60,586.10,24.59,17,0,0,0.10,0.10,0.10,29.68,17,17,0,1.08,1.00,1.10,29.08,17,17,0,0.21,0.20,0.30,28.88,17,17,0
1271986,0.37,0.30,0.40,29.58,17,17,0,0.00,-0.10,0.10,28.92,17,17,0,0.32,0.30,0.40,28.98,17,17,0,587.18,583.10,591.60,24.59,17,0,0,0.09,0.00,0.10,29.67,17,17,0,1.08,1.00,1.10,29.08,17,17,0,0.21,0.20,0.30,28.89,17,17,0
1272486,0.37,0.30,0.40,29.58,17,17,0,-0.01,-0.10,0.10,28.93,17,17,0,0.32,0.30,0.40,28.98,17,17,0,594.46,591.70,597.90,24.58,17,0,0,0.10,0.00,0.20,29.66,17,17,0,1.08,1.00,1.10,29.08,17,17,0,0.25,0.20,0.30,28.88,17,17,0
1272999,0.38,0.30,0.40,29.57,17,17,0,-0.02,-0.10,0.10,28.93,17,17,0,0.32,0.30,0.40,28.97,17,17,0,589.44,584.80,593.50,24.58,17,0,0,0.10,0.00,0.20,29.68,17,17,0,1.07,1.00,1.10,29.09,17,17,0,0.23,0.20,0.30,28.89,17,17,0
1273502,0.36,0.30,0.40,29.59,17,17,0,0.00,-0.10,0.10,28.92,17,17,0,0.31,0.30,0.40,29.00,17,17,0,582.74,578.40,586.40,24.57,17,0,0,0.10,0.10,0.10,29.67,17,17,0,1.09,1.00,1.10,29.09,17,17,0,0.22,0.20,0.30,28.87,17,17,0
1274008,0.36,0.30,0.40,29.58,17,17,0,0.01,-0.10,0.10,28.92,17,17,0,0.32,0.30,0.40,28.98,17,17,0,583.49,579.10,587.90,24.58,17,0,0,0.09,0.00,0.10,29.67,17,17,0,1.08,1.00,1.10,29.09,17,17,0,0.24,0.20,0.30,28.89,17,17,0
1274510,0.35,0.30,0.40,29.59,17,17,0,0.02,0.00,0.10,28.94,17,17,0,0.30,0.30,0.30,28.99,17,17,0,591.61,583.30,596.00,24.57,17,0,0,0.11,0.10,0.20,29.67,17,17,0,1.09,1.00,1.10,29.09,17,17,0,0.24,0.20,0.30,28.88,17,17,0
1275017,0.38,0.30,0.40,29.58,17,17,0,-0.01,-0.10,0.10,28.91,17,17,0,0.32,0.30,0.40,28.99,17,17,0,595.95,591.90,598.80,24.59,17,0,0,0.10,0.10,0.10,29.67,17,17,0,1.09,1.00,1.10,29.09,17,17,0,0.22,0.20,0.30,28.88,17,17,0
1275526,0.36,0.30,0.40,29.57,17,17,0,-0.01,-0.10,0.10,28.91,17,17,0,0.32,0.30,0.40,28.98,17,17,0,587.58,583.10,592.90,24.58,17,0,0,0.10,0.00,0.20,29.68,17,17,0,1.08,1.00,1.10,29.08,17,17,0,0.24,0.20,0.30,28.90,17,17,0
1276026,0.36,0.30,0.40,29.58,17,17,0,0.00,-0.10,0.10,28.93,17,17,0,0.31,0.30,0.40,28.98,17,17,0,583.89,580.00,586.20,24.58,17,0,0,0.10,0.10,0.10,29.67,17,17,0,1.09,1.00,1.10,29.08,17,17,0,0.24,0.20,0.30,28.89,17,17,0
1276537,0.38,0.30,0.40,29.57,17,17,0,0.01,-0.10,0.10,28.92,17,17,0,0.32,0.30,0.40,28.99,17,17,0,587.86,582.80,592.90,24.57,17,0,0,0.10,0.10,0.10,29.67,17,17,0,1.07,1.00,1.10,29.09,17,17,0,0.22,0.20,0.30,28.91,17,17,0
1277037,0.38,0.30,0.40,29.58,17,17,0,-0.01,-0.10,0.10,28.92,17,17,0,0.32,0.30,0.40,28.97,17,17,0,597.13,592.90,599.80,24.59,17,0,0,0.08,0.00,0.10,29.69,17,17,0,1.06,1.00,1.10,29.09,17,17,0,0.21,0.20,0.30,28.88,17,17,0
1277543,0.38,0.30,0.40,29.57,17,17,0,-0.01,-0.10,0.10,28.92,17,17,0,0.33,0.30,0.40,28.99,17,17,0,595.75,590.40,601.30,24.60,17,0,0,0.11,0.10,0.20,29.68,17,17,0,1.07,1.00,1.10,29.08,17,17,0,0.22,0.20,0.30,28.88,17,17,0
1278043,0.35,0.30,0.40,29.58,17,17,0,-0.01,-0.10,0.10,28.92,17,17,0,0.34,0.30,0.40,28.97,17,17,0,587.95,585.30,592.90,24.58,17,0,0,0.10,0.10,0.10,29.67,17,17,0,1.08,1.00,1.10,29.07,17,17,0,0.22,0.20,0.30,28.89,17,17,0
1278545,0.34,0.30,0.40,29.58,17,17,0,-0.01,-0.10,0.10,28.92,17,17,0,0.31,0.30,0.40,28.97,17,17,0,585.98,583.90,587.70,24.58,17,0,0,0.10,0.10,0.10,29.67,17,17,0,1.06,1.00,1.10,29.08,17,17,0,0.24,0.20,0.30,28.89,17,17,0
1279045,0.38,0.30,0.40,29.57,17,17,0,-0.02,-0.10,0.00,28.93,17,17,0,0.32,0.30,0.40,28.99,17,17,0,592.38,587.30,597.10,24.58,17,0,0,0.10,0.00,0.20,29.67,17,17,0,1.08,1.00,1.10,29.08,17,17,0,0.25,0.20,0.30,28.88,17,17,0
1279551,0.36,0.30,0.40,29.58,17,17,0,0.01,-0.10,0.10,28.92,17,17,0,0.31,0.30,0.40,28.98,17,17,0,597.36,595.20,600.70,24.59,17,0,0,0.10,0.00,0.20,29.66,17,17,0,1.06,1.00,1.10,29.08,17,17,0,0.22,0.20,0.30,28.89,17,17,0
1280057,0.38,0.30,0.40,29.56,17,17,0,-0.01,-0.10,0.10,28.92,17,17,0,0.31,0.30,0.40,28.99,17,17,0,591.88,585.80,598.30,24.59,17,0,0,0.10,0.10,0.10,29.69,17,17,0,1.09,1.00,1.10,29.09,17,17,0,0.22,0.20,0.30,28.90,17,17,0
1280566,0.36,0.30,0.40,29.59,17,17,0,-0.01,-0.10,0.00,28.92,17,17,0,0.31,0.30,0.40,28.98,17,17,0,583.36,579.90,586.20,24.60,17,0,0,0.10,0.10,0.10,29.66,17,17,0,1.06,1.00,1.10,29.09,17,17,0,0.21,0.20,0.30,28.90,17,17,0
1281066,0.36,0.30,0.40,29.59,17,17,0,0.00,-0.10,0.10,28.93,17,17,0,0.31,0.20,0.40,28.98,17,17,0,579.19,576.00,583.30,24.59,17,0,0,0.11,0.10,0.20,29.68,17,17,0,1.06,1.00,1.10,29.08,17,17,0,0.22,0.20,0.30,28.90,17,17,0
1281569,0.37,0.30,0.40,29.58,17,17,0,-0.02,-0.10,0.10,28.92,17,17,0,0.30,0.30,0.30,28.98,17,17,0,591.80,583.40,596.90,24.60,17,0,0,0.09,0.00,0.10,29.68,17,17,0,1.08,1.00,1.10,29.09,17,17,0,0.23,0.20,0.30,28.89,17,17,0
1282073,0.38,0.30,0.40,29.59,17,17,0,-0.02,-0.10,0.10,28.92,17,17,0,0.31,0.30,0.40,28.98,17,17,0,595.65,592.20,598.00,24.58,17,0,0,0.10,0.10,0.10,29.67,17,17,0,1.07,1.00,1.10,29.09,17,17,0,0.22,0.20,0.30,28.90,17,17,0
1282578,0.37,0.30,0.40,29.59,17,17,0,0.00,-0.10,0.10,28.94,17,17,0,0.32,0.30,0.40,28.98,17,17,0,588.08,581.00,594.30,24.58,17,0,0,0.10,0.10,0.10,29.67,17,17,0,1.08,1.00,1.10,29.09,17,17,0,0.23,0.20,0.30,28.88,17,17,0
1283081,0.36,0.30,0.40,29.57,17,17,0,-0.02,-0.10,0.00,28.93,17,17,0,0.32,0.30,0.40,28.97,17,17,0,579.76,574.80,583.10,24.59,17,0,0,0.10,0.10,0.10,29.68,17,17,0,1.06,1.00,1.10,29.10,17,17,0,0.24,0.20,0.30,28.90,17,17,0
1283588,0.34,0.30,0.40,29.60,17,17,0,0.02,-0.10,0.10,28.93,17,17,0,0.32,0.30,0.40,28.97,17,17,0,580.14,574.90,588.20,24.60,17,0,0,0.11,0.10,0.20,29.68,17,17,0,1.08,1.00,1.10,29.09,17,17,0,0.22,0.20,0.30,28.91,17,17,0
1284098,0.36,0.30,0.40,29.58,17,17,0,0.01,-0.10,0.10,28.93,17,17,0,0.32,0.30,0.40,28.99,17,17,0,592.79,589.20,596.30,24.61,17,0,0,0.10,0.10,0.10,29.68,17,17,0,1.09,1.00,1.10,29.09,17,17,0,0.22,0.20,0.30,28.90,17,17,0
1284609,0.38,0.30,0.40,29.58,17,17,0,-0.00,-0.10,0.10,28.93,17,17,0,0.31,0.30,0.40,28.98,17,17,0,595.22,591.00,599.00,24.58,17,0,0,0.10,0.10,0.10,29.68,17,17,0,1.06,1.00,1.10,29.09,17,17,0,0.22,0.20,0.30,28.90,17,17,0
1285113,0.36,0.30,0.40,29.57,17,17,0,0.00,-0.10,0.10,28.91,17,17,0,0.31,0.30,0.40,28.99,17,17,0,585.87,582.00,590.50,24.58,17,0,0,0.10,0.00,0.20,29.68,17,17,0,1.09,1.00,1.10,29.09,17,17,0,0.24,0.20,0.30,28.88,17,17,0
1285613,0.38,0.30,0.40,29.58,17,17,0,-0.01,-0.10,0.10,28.92,17,17,0,0.31,0.30,0.40,28.99,17,17,0,581.39,577.70,585.90,24.60,17,0,0,0.09,0.00,0.10,29.68,17,17,0,1.08,1.00,1.10,29.10,17,17,0,0.24,0.20,0.30,28.89,17,17,0
1286113,0.38,0.30,0.40,29.58,16,16,0,-0.02,-0.10,0.10,28.92,16,16,0,0.31,0.30,0.40,28.98,16,16,0,586.19,580.20,591.90,24.60,16,0,0,0.09,0.00,0.10,29.70,16,16,0,1.10,1.10,1.10,29.07,16,16,0,0.23,0.20,0.30,28.89,16,16,0
1286615,0.38,0.30,0.40,29.57,17,17,0,0.02,-0.10,0.10,28.92,17,17,0,0.32,0.30,0.40,28.98,17,17,0,595.02,591.50,597.10,24.60,17,0,0,0.10,0.10,0.10,29.67,17,17,0,1.08,1.00,1.10,29.10,17,17,0,0.24,0.20,0.30,28.89,17,17,0
1287122,0.35,0.30,0.40,29.57,17,17,0,-0.04,-0.10,0.00,28.93,17,17,0,0.31,0.30,0.40,28.99,17,17,0,590.38,586.50,596.00,24.60,17,0,0,0.09,0.00,0.20,29.68,17,17,0,1.08,1.00,1.10,29.09,17,17,0,0.22,0.20,0.30,28.91,17,17,0
1287626,0.38,0.30,0.40,29.57,17,17,0,-0.02,-0.10,0.00,28.93,17,17,0,0.31,0.30,0.40,28.99,17,17,0,584.47,581.50,586.70,24.62,17,0,0,0.10,0.10,0.10,29.68,17,17,0,1.08,1.00,1.10,29.08,17,17,0,0.22,0.20,0.30,28.89,17,17,0
1288126,0.38,0.30,0.40,29.58,17,17,0,0.00,-0.10,0.10,28.92,17,17,0,0.31,0.30,0.40,28.98,17,17,0,582.10,579.10,586.40,24.62,17,0,0,0.11,0.10,0.20,29.68,17,17,0,1.09,1.00,1.10,29.10,17,17,0,0.22,0.20,0.30,28.89,17,17,0
1288633,0.37,0.30,0.40,29.58,17,17,0,0.01,-0.10,0.10,28.93,17,17,0,0.33,0.30,0.40,28.99,17,17,0,591.95,584.50,596.80,24.61,17,0,0,0.10,0.10,0.10,29.69,17,17,0,1.07,1.00,1.10,29.10,17,17,0,0.21,0.20,0.30,28.90,17,17,0
1289133,0.36,0.30,0.40,29.57,17,17,0,0.01,-0.10,0.10,28.94,17,17,0,0.33,0.30,0.40,28.98,17,17,0,598.32,594.50,600.80,24.60,17,0,0,0.12,0.10,0.20,29.68,17,17,0,1.08,1.00,1.10,29.08,17,17,0,0.25,0.20,0.30,28.89,17,17,0
1289634,0.36,0.30,0.40,29.58,17,17,0,0.01,-0.10,0.10,28.91,17,17,0,0.32,0.30,0.40,29.00,17,17,0,592.23,586.50,596.70,24.61,17,0,0,0.10,0.10,0.10,29.70,17,17,0,1.07,1.00,1.10,29.09,17,17,0,0.24,0.20,0.30,28.90,17,17,0
1290134,0.37,0.30,0.40,29.59,17,17,0,0.00,-0.10,0.10,28.94,17,17,0,0.32,0.30,0.40,28.98,17,17,0,588.02,585.80,591.00,24.60,17,0,0,0.11,0.10,0.20,29.68,17,17,0,1.09,1.00,1.10,29.11,17,17,0,0.22,0.20,0.30,28.90,17,17,0
1290640,0.34,0.30,0.40,29.59,17,17,0,-0.02,-0.10,0.00,28.94,17,17,0,0.31,0.30,0.40,28.98,17,17,0,589.04,586.00,591.20,24.61,17,0,0,0.11,0.10,0.20,29.69,17,17,0,1.09,1.00,1.10,29.10,17,17,0,0.22,0.20,0.30,28.90,17,17,0
1291146,0.36,0.30,0.40,29.58,17,17,0,-0.02,-0.10,0.10,28.92,17,17,0,0.31,0.30,0.40,29.00,17,17,0,596.39,590.50,600.60,24.60,17,0,0,0.11,0.10,0.20,29.68,17,17,0,1.07,1.00,1.10,29.10,17,17,0,0.22,0.20,0.30,28.89,17,17,0
1291653,0.38,0.30,0.40,29.58,17,17,0,0.01,-0.10,0.10,28.92,17,17,0,0.32,0.30,0.40,28.97,17,17,0,596.86,594.50,599.70,24.61,17,0,0,0.10,0.10,0.10,29.68,17,17,0,1.09,1.00,1.10,29.07,17,17,0,0.22,0.20,0.30,28.88,17,17,0
1292156,0.35,0.30,0.40,29.59,17,17,0,-0.02,-0.10,0.00,28.93,17,17,0,0.31,0.30,0.40,28.98,17,17,0,592.17,589.40,595.10,24.59,17,0,0,0.11,0.10,0.20,29.67,17,17,0,1.09,1.00,1.10,29.09,17,17,0,0.23,0.20,0.30,28.91,17,17,0
1292667,0.35,0.30,0.40,29.59,17,17,0,0.00,-0.10,0.10,28.94,17,17,0,0.32,0.30,0.40,29.00,17,17,0,592.12,588.90,594.90,24.61,17,0,0,0.11,0.10,0.20,29.69,17,17,0,1.08,1.00,1.10,29.07,17,17,0,0.21,0.20,0.30,28.88,17,17,0
1293169,0.36,0.30,0.40,29.58,17,17,0,0.01,0.00,0.10,28.94,17,17,0,0.34,0.30,0.40,28.97,17,17,0,595.72,590.80,598.10,24.61,17,0,0,0.11,0.10,0.20,29.69,17,17,0,1.08,1.00,1.10,29.09,17,17,0,0.23,0.20,0.30,28.90,17,17,0
1293669,0.38,0.30,0.40,29.59,17,17,0,-0.03,-0.10,0.10,28.91,17,17,0,0.31,0.30,0.40,28.98,17,17,0,603.20,601.10,608.80,24.61,17,0,0,0.11,0.10,0.20,29.68,17,17,0,1.08,1.00,1.10,29.11,17,17,0,0.23,0.20,0.30,28.90,17,17,0
1294176,0.37,0.30,0.40,29.58,17,17,0,-0.02,-0.10,0.10,28.94,17,17,0,0.32,0.30,0.40,28.99,17,17,0,602.48,599.30,605.50,24.60,17,0,0,0.10,0.10,0.10,29.70,17,17,0,1.09,1.00,1.10,29.09,17,17,0,0.25,0.20,0.30,28.89,17,17,0
1294678,0.35,0.30,0.40,29.59,17,17,0,0.01,-0.10,0.10,28.93,17,17,0,0.31,0.30,0.40,28.99,17,17,0,600.38,597.60,604.50,24.61,17,0,0,0.11,0.10,0.20,29.67,17,17,0,1.09,1.00,1.10,29.10,17,17,0,0.21,0.20,0.30,28.90,17,17,0
1295185,0.36,0.30,0.40,29.58,17,17,0,-0.01,-0.10,0.10,28.93,17,17,0,0.32,0.30,0.40,28.98,17,17,0,602.53,599.30,606.20,24.61,17,0,0,0.10,0.10,0.10,29.69,17,17,0,1.08,1.00,1.10,29.10,17,17,0,0.23,0.20,0.30,28.90,17,17,0
1295685,0.37,0.30,0.40,29.58,17,17,0,0.00,-0.10,0.10,28.95,17,17,0,0.32,0.30,0.40,28.98,17,17,0,606.48,602.00,611.40,24.61,17,0,0,0.09,0.00,0.10,29.69,17,17,0,1.08,1.00,1.10,29.09,17,17,0,0.21,0.20,0.30,28.89,17,17,0
1296188,0.36,0.30,0.40,29.59,17,17,0,0.00,-0.10,0.10,28.92,17,17,0,0.33,0.30,0.40,28.98,17,17,0,610.74,606.50,612.80,24.59,17,0,0,0.10,0.10,0.10,29.68,17,17,0,1.06,1.00,1.10,29.10,17,17,0,0.24,0.20,0.30,28.91,17,17,0
1296693,0.33,0.30,0.40,29.59,17,17,0,0.02,-0.10,0.10,28.93,17,17,0,0.34,0.30,0.40,28.98,17,17,0,608.77,605.80,611.30,24.61,17,0,0,0.11,0.10,0.20,29.70,17,17,0,1.08,1.00,1.10,29.09,17,17,0,0.22,0.20,0.30,28.90,17,17,0
1297193,0.35,0.30,0.40,29.59,17,17,0,-0.01,-0.10,0.10,28.92,17,17,0,0.31,0.30,0.40,28.98,17,17,0,608.28,605.40,611.10,24.61,17,0,0,0.09,0.00,0.10,29.69,17,17,0,1.06,1.00,1.10,29.10,17,17,0,0.22,0.20,0.30,28.89,17,17,0
1297702,0.35,0.30,0.40,29.58,17,17,0,0.00,-0.10,0.10,28.92,17,17,0,0.32,0.30,0.40,28.99,17,17,0,610.95,607.60,614.00,24.60,17,0,0,0.10,0.10,0.10,29.70,17,17,0,1.08,1.00,1.10,29.08,17,17,0,0.21,0.20,0.30,28.91,17,17,0
1298207,0.37,0.30,0.40,29.59,17,17,0,-0.01,-0.10,0.10,28.92,17,17,0,0.31,0.30,0.40,28.97,17,17,0,618.55,612.00,624.20,24.59,17,0,0,0.10,0.10,0.10,29.69,17,17,0,1.08,1.00,1.10,29.10,17,17,0,0.21,0.20,0.30,28.92,17,17,0
1298707,0.36,0.30,0.40,29.57,16,16,0,-0.03,-0.10,0.00,28.94,16,16,0,0.31,0.30,0.40,28.97,16,16,0,619.54,617.00,622.40,24.59,16,0,0,0.11,0.10,0.20,29.68,16,16,0,1.07,1.00,1.10,29.08,16,16,0,0.22,0.20,0.30,28.92,16,16,0
1299207,0.36,0.30,0.40,29.59,17,17,0,0.00,-0.10,0.10,28.93,17,17,0,0.31,0.30,0.40,28.99,17,17,0,615.62,612.50,618.70,24.60,17,0,0,0.10,0.10,0.10,29.68,17,17,0,1.09,1.00,1.10,29.10,17,17,0,0.22,0.20,0.30,28.92,17,17,0
1299712,0.37,0.30,0.40,29.58,17,17,0,0.02,0.00,0.10,28.92,17,17,0,0.31,0.30,0.40,28.97,17,17,0,615.44,612.40,618.90,24.60,17,0,0,0.10,0.10,0.10,29.69,17,17,0,1.08,1.00,1.10,29.09,17,17,0,0.22,0.20,0.30,28.91,17,17,0
1300212,0.37,0.30,0.40,29.59,17,17,0,-0.01,-0.10,0.10,28.92,17,17,0,0.32,0.30,0.40,28.98,17,17,0,616.88,614.70,619.10,24.58,17,0,0,0.10,0.10,0.10,29.70,17,17,0,1.07,1.00,1.10,29.10,17,17,0,0.23,0.20,0.30,28.90,17,17,0
1300715,0.37,0.30,0.40,29.58,17,17,0,0.01,-0.10,0.10,28.94,17,17,0,0.31,0.30,0.40,28.98,17,17,0,625.37,621.50,629.10,24.59,17,0,0,0.10,0.10,0.10,29.70,17,17,0,1.09,1.00,1.10,29.10,17,17,0,0.22,0.20,0.30,28.91,17,17,0
1301222,0.38,0.30,0.40,29.58,17,17,0,0.00,-0.10,0.10,28.94,17,17,0,0.31,0.30,0.40,28.98,17,17,0,622.80,618.20,627.30,24.60,17,0,0,0.11,0.10,0.20,29.70,17,17,0,1.08,1.00,1.10,29.08,17,17,0,0.23,0.20,0.30,28.91,17,17,0
1301722,0.35,0.30,0.40,29.58,17,17,0,0.01,-0.10,0.10,28.93,17,17,0,0.31,0.30,0.40,28.99,17,17,0,617.54,615.10,620.80,24.60,17,0,0,0.10,0.10,0.10,29.69,17,17,0,1.06,1.00,1.10,29.08,17,17,0,0.24,0.20,0.30,28.92,17,17,0
1302222,0.38,0.30,0.40,29.60,17,17,0,-0.01,-0.10,0.10,28.93,17,17,0,0.32,0.30,0.40,28.98,17,17,0,617.08,614.60,619.00,24.59,17,0,0,0.10,0.00,0.20,29.69,17,17,0,1.08,1.00,1.10,29.09,17,17,0,0.22,0.20,0.30,28.90,17,17,0
1302725,0.38,0.30,0.40,29.59,17,17,0,-0.01,-0.10,0.10,28.93,17,17,0,0.32,0.30,0.40,28.99,17,17,0,621.38,615.90,627.40,24.59,17,0,0,0.09,0.00,0.10,29.68,17,17,0,1.06,1.00,1.10,29.09,17,17,0,0.24,0.20,0.30,28.91,17,17,0
1303225,0.36,0.30,0.40,29.60,17,17,0,-0.01,-0.10,0.10,28.94,17,17,0,0.31,0.30,0.40,28.99,17,17,0,625.49,623.50,629.30,24.61,17,0,0,0.10,0.10,0.10,29.70,17,17,0,1.09,1.00,1.10,29.11,17,17,0,0.23,0.20,0.30,28.90,17,17,0
1303726,0.36,0.30,0.40,29.59,17,17,0,0.01,-0.10,0.10,28.93,17,17,0,0.32,0.30,0.40,28.97,17,17,0,619.63,614.70,623.40,24.59,17,0,0,0.10,0.00,0.20,29.68,17,17,0,1.08,1.00,1.10,29.09,17,17,0,0.22,0.20,0.30,28.90,17,17,0
1304229,0.35,0.30,0.40,29.60,17,17,0,-0.01,-0.10,0.00,28.93,17,17,0,0.34,0.30,0.40,28.99,17,17,0,613.36,609.50,616.20,24.59,17,0,0,0.11,0.10,0.20,29.68,17,17,0,1.09,1.00,1.10,29.10,17,17,0,0.22,0.20,0.30,28.91,17,17,0
1304731,0.37,0.30,0.40,29.57,16,16,0,0.00,-0.10,0.10,28.92,16,16,0,0.31,0.30,0.40,29.00,16,16,0,613.41,610.60,616.50,24.58,16,0,0,0.09,0.00,0.10,29.68,16,16,0,1.08,1.00,1.10,29.10,16,16,0,0.23,0.20,0.30,28.90,16,16,0
1305231,0.36,0.30,0.40,29.58,17,17,0,0.00,-0.10,0.10,28.93,17,17,0,0.32,0.30,0.40,28.98,17,17,0,618.61,612.70,624.90,24.60,17,0,0,0.10,0.10,0.10,29.69,17,17,0,1.08,1.00,1.10,29.09,17,17,0,0.23,0.20,0.30,28.90,17,17,0
1305734,0.36,0.30,0.40,29.59,17,17,0,-0.01,-0.10,0.10,28.92,17,17,0,0.32,0.30,0.40,28.99,17,17,0,618.87,613.90,622.40,24.59,17,0,0,0.10,0.10,0.10,29.69,17,17,0,1.08,1.00,1.10,29.09,17,17,0,0.23,0.20,0.30,28.92,17,17,0
1306237,0.38,0.30,0.40,29.61,17,17,0,0.00,-0.10,0.10,28.94,17,17,0,0.31,0.30,0.40,28.98,17,17,0,609.36,605.20,613.90,24.59,17,0,0,0.10,0.10,0.10,29.69,17,17,0,1.09,1.00,1.10,29.09,17,17,0,0.23,0.20,0.30,28.91,17,17,0
1306740,0.37,0.30,0.40,29.59,17,17,0,-0.02,-0.10,0.10,28.93,17,17,0,0.32,0.30,0.40,29.00,17,17,0,604.09,600.00,606.90,24.59,17,0,0,0.10,0.10,0.10,29.69,17,17,0,1.09,1.00,1.10,29.09,17,17,0,0.22,0.20,0.30,28.91,17,17,0
1307246,0.36,0.30,0.40,29.59,17,17,0,-0.02,-0.10,0.00,28.93,17,17,0,0.34,0.30,0.40,29.00,17,17,0,607.92,603.00,611.30,24.58,17,0,0,0.11,0.10,0.20,29.70,17,17,0,1.06,1.00,1.10,29.11,17,17,0,0.22,0.20,0.30,28.89,17,17,0
1307746,0.36,0.30,0.40,29.60,17,17,0,-0.02,-0.10,0.00,28.93,17,17,0,0.31,0.30,0.40,28.97,17,17,0,617.57,613.20,620.50,24.59,17,0,0,0.11,0.10,0.20,29.70,17,17,0,1.08,1.00,1.10,29.11,17,17,0,0.24,0.20,0.30,28.89,17,17,0
1308246,0.36,0.30,0.40,29.60,17,17,0,-0.02,-0.10,0.10,28.93,17,17,0,0.31,0.30,0.40,28.99,17,17,0,610.39,603.90,617.80,24.57,17,0,0,0.11,0.10,0.20,29.68,17,17,0,1.08,1.00,1.10,29.09,17,17,0,0.21,0.20,0.30,28.90,17,17,0
1308746,0.36,0.30,0.40,29.58,17,17,0,0.00,-0.10,0.10,28.93,17,17,0,0.32,0.30,0.40,28.99,17,17,0,603.11,599.80,605.90,24.59,17,0,0,0.11,0.00,0.20,29.70,17,17,0,1.08,1.00,1.10,29.11,17,17,0,0.22,0.20,0.30,28.91,17,17,0
1309252,0.36,0.30,0.40,29.59,17,17,0,-0.02,-0.10,0.10,28.94,17,17,0,0.32,0.30,0.40,28.98,17,17,0,603.01,599.60,607.80,24.60,17,0,0,0.08,0.00,0.10,29.70,17,17,0,1.08,1.00,1.10,29.09,17,17,0,0.23,0.20,0.30,28.90,17,17,0
1309756,0.36,0.30,0.40,29.61,17,17,0,0.01,-0.10,0.10,28.94,17,17,0,0.32,0.30,0.40,29.00,17,17,0,607.84,604.50,612.70,24.59,17,0,0,0.11,0.10,0.20,29.70,17,17,0,1.09,1.00,1.10,29.10,17,17,0,0.21,0.20,0.30,28.92,17,17,0
1310256,0.38,0.30,0.40,29.58,17,17,0,0.00,-0.10,0.10,28.93,17,17,0,0.32,0.30,0.40,29.01,17,17,0,610.36,605.40,615.70,24.59,17,0,0,0.09,0.00,0.20,29.70,17,17,0,1.06,1.00,1.10,29.09,17,17,0,0.21,0.20,0.30,28.91,17,17,0
1310757,0.36,0.30,0.40,29.60,17,17,0,0.00,-0.10,0.10,28.94,17,17,0,0.31,0.30,0.40,29.00,17,17,0,602.00,596.30,608.00,24.58,17,0,0,0.10,0.10,0.10,29.71,17,17,0,1.07,1.00,1.10,29.09,17,17,0,0.22,0.20,0.30,28.91,17,17,0
1311257,0.34,0.30,0.40,29.59,17,17,0,-0.02,-0.10,0.10,28.94,17,17,0,0.32,0.30,0.40,29.00,17,17,0,596.88,595.30,599.30,24.59,17,0,0,0.09,0.00,0.10,29.69,17,17,0,1.07,1.00,1.10,29.08,17,17,0,0.21,0.20,0.30,28.90,17,17,0
1311770,0.36,0.30,0.40,29.60,17,17,0,-0.03,-0.10,0.00,28.93,17,17,0,0.31,0.30,0.40,29.00,17,17,0,599.68,596.40,602.00,24.61,17,0,0,0.11,0.10,0.20,29.69,17,17,0,1.08,1.00,1.10,29.09,17,17,0,0.22,0.20,0.30,28.92,17,17,0
1312273,0.38,0.30,0.40,29.60,17,17,0,0.01,-0.10,0.10,28.96,17,17,0,0.31,0.30,0.40,28.98,17,17,0,602.87,597.90,606.60,24.58,17,0,0,0.10,0.10,0.10,29.68,17,17,0,1.08,1.00,1.10,29.11,17,17,0,0.23,0.20,0.30,28.90,17,17,0
1312773,0.35,0.30,0.40,29.59,17,17,0,-0.02,-0.10,0.10,28.92,17,17,0,0.33,0.30,0.40,28.99,17,17,0,600.56,597.60,604.90,24.60,17,0,0,0.11,0.10,0.20,29.70,17,17,0,1.06,1.00,1.10,29.11,17,17,0,0.23,0.20,0.30,28.91,17,17,0
1313273,0.37,0.30,0.40,29.61,16,16,0,0.00,-0.10,0.10,28.94,16,16,0,0.32,0.30,0.40,29.01,16,16,0,592.92,588.30,596.00,24.59,16,0,0,0.09,0.00,0.10,29.69,16,16,0,1.06,1.00,1.10,29.09,16,16,0,0.23,0.20,0.30,28.91,16,16,0
1313782,0.36,0.30,0.40,29.61,17,17,0,-0.02,-0.10,0.10,28.92,17,17,0,0.32,0.30,0.40,28.99,17,17,0,590.80,586.70,593.50,24.59,17,0,0,0.10,0.10,0.10,29.69,17,17,0,1.08,1.00,1.10,29.11,17,17,0,0.22,0.20,0.30,28.91,17,17,0
1314289,0.37,0.30,0.40,29.58,17,17,0,-0.01,-0.10,0.10,28.95,17,17,0,0.33,0.30,0.40,28.99,17,17,0,594.88,591.40,598.20,24.59,17,0,0,0.11,0.10,0.20,29.70,17,17,0,1.08,1.00,1.10,29.10,17,17,0,0.22,0.20,0.30,28.91,17,17,0
1314789,0.37,0.30,0.40,29.59,17,17,0,-0.02,-0.10,0.10,28.96,17,17,0,0.33,0.30,0.40,29.01,17,17,0,600.47,596.60,604.40,24.59,17,0,0,0.10,0.10,0.10,29.69,17,17,0,1.09,1.00,1.10,29.11,17,17,0,0.22,0.20,0.30,28.91,17,17,0
1315290,0.36,0.30,0.40,29.58,17,17,0,0.00,-0.10,0.10,28.92,17,17,0,0.31,0.30,0.40,29.00,17,17,0,594.15,590.20,598.00,24.62,17,0,0,0.10,0.10,0.10,29.71,17,17,0,1.09,1.00,1.10,29.10,17,17,0,0.23,0.20,0.30,28.92,17,17,0
1315790,0.34,0.30,0.40,29.59,17,17,0,-0.02,-0.10,0.10,28.94,17,17,0,0.32,0.30,0.40,29.00,17,17,0,587.58,585.30,591.30,24.60,17,0,0,0.11,0.10,0.20,29.70,17,17,0,1.09,1.00,1.10,29.11,17,17,0,0.24,0.20,0.30,28.91,17,17,0
1316303,0.36,0.30,0.40,29.60,17,17,0,-0.03,-0.10,0.10,28.94,17,17,0,0.34,0.30,0.40,29.01,17,17,0,588.06,583.80,592.50,24.60,17,0,0,0.10,0.10,0.10,29.70,17,17,0,1.08,1.00,1.10,29.11,17,17,0,0.23,0.20,0.30,28.91,17,17,0
1316811,0.34,0.30,0.40,29.60,17,17,0,-0.01,-0.10,0.10,28.93,17,17,0,0.31,0.30,0.40,28.99,17,17,0,592.49,588.30,597.20,24.59,17,0,0,0.09,0.00,0.10,29.70,17,17,0,1.08,1.00,1.10,29.11,17,17,0,0.23,0.20,0.30,28.91,17,17,0
1317311,0.35,0.30,0.40,29.61,17,17,0,0.00,-0.10,0.10,28.92,17,17,0,0.31,0.30,0.40,29.00,17,17,0,595.21,591.30,598.20,24.60,17,0,0,0.10,0.10,0.10,29.68,17,17,0,1.08,1.00,1.10,29.11,17,17,0,0.23,0.20,0.30,28.89,17,17,0
1317824,0.35,0.30,0.40,29.61,17,17,0,-0.01,-0.10,0.00,28.95,17,17,0,0.30,0.30,0.30,29.00,17,17,0,587.67,583.50,592.00,24.60,17,0,0,0.10,0.10,0.10,29.70,17,17,0,1.08,1.00,1.10,29.10,17,17,0,0.24,0.20,0.30,28.91,17,17,0
1318327,0.36,0.30,0.40,29.60,17,17,0,0.02,-0.10,0.10,28.94,17,17,0,0.31,0.30,0.40,28.99,17,17,0,583.74,580.70,586.10,24.59,17,0,0,0.11,0.10,0.20,29.70,17,17,0,1.07,1.00,1.10,29.10,17,17,0,0.25,0.20,0.30,28.92,17,17,0
1318838,0.35,0.30,0.40,29.62,17,17,0,-0.01,-0.10,0.10,28.94,17,17,0,0.30,0.30,0.30,29.01,17,17,0,586.81,584.00,591.40,24.59,17,0,0,0.10,0.10,0.10,29.70,17,17,0,1.08,1.00,1.10,29.10,17,17,0,0.23,0.20,0.30,28.92,17,17,0
1319342,0.35,0.30,0.40,29.60,17,17,0,-0.02,-0.10,0.00,28.96,17,17,0,0.34,0.30,0.40,29.01,17,17,0,594.32,589.30,598.30,24.60,17,0,0,0.10,0.00,0.20,29.68,17,17,0,1.09,1.00,1.10,29.10,17,17,0,0.23,0.20,0.30,28.89,17,17,0
1319842,0.36,0.30,0.40,29.60,17,17,0,0.00,-0.10,0.10,28.94,17,17,0,0.32,0.30,0.40,29.00,17,17,0,593.47,587.90,598.30,24.60,17,0,0,0.09,0.00,0.10,29.70,17,17,0,1.09,1.00,1.10,29.11,17,17,0,0.24,0.20,0.30,28.92,17,17,0
1320349,0.37,0.30,0.40,29.61,17,17,0,-0.01,-0.10,0.10,28.95,17,17,0,0.32,0.30,0.40,29.00,17,17,0,586.11,582.00,589.70,24.60,17,0,0,0.10,0.10,0.10,29.70,17,17,0,1.08,1.00,1.10,29.10,17,17,0,0.23,0.20,0.30,28.90,17,17,0
1320857,0.36,0.30,0.40,29.62,17,17,0,-0.01,-0.10,0.10,28.96,17,17,0,0.31,0.30,0.40,29.01,17,17,0,582.79,580.10,585.30,24.60,17,0,0,0.11,0.10,0.20,29.70,17,17,0,1.09,1.00,1.10,29.12,17,17,0,0.24,0.20,0.30,28.92,17,17,0
1321358,0.36,0.30,0.40,29.59,17,17,0,-0.01,-0.10,0.10,28.95,17,17,0,0.31,0.30,0.40,29.00,17,17,0,588.25,583.50,592.20,24.60,17,0,0,0.09,0.00,0.10,29.69,17,17,0,1.08,1.00,1.10,29.10,17,17,0,0.21,0.20,0.30,28.92,17,17,0
1321858,0.35,0.30,0.40,29.60,17,17,0,-0.05,-0.10,0.00,28.95,17,17,0,0.32,0.30,0.40,29.01,17,17,0,596.32,593.40,600.10,24.60,17,0,0,0.11,0.00,0.20,29.70,17,17,0,1.08,1.00,1.10,29.10,17,17,0,0.22,0.20,0.30,28.90,17,17,0
1322364,0.36,0.30,0.40,29.62,17,17,0,-0.02,-0.10,0.10,28.95,17,17,0,0.32,0.30,0.40,28.99,17,17,0,590.61,584.20,598.40,24.60,17,0,0,0.10,0.10,0.10,29.71,17,17,0,1.04,1.00,1.10,29.12,17,17,0,0.25,0.20,0.30,28.90,17,17,0
1322864,0.35,0.30,0.40,29.60,17,17,0,0.00,-0.10,0.10,28.94,17,17,0,0.31,0.30,0.40,29.00,17,17,0,585.59,582.10,587.60,24.59,17,0,0,0.11,0.10,0.20,29.70,17,17,0,1.08,1.00,1.10,29.09,17,17,0,0.22,0.20,0.30,28.91,17,17,0
1323368,0.37,0.30,0.40,29.60,16,16,0,-0.01,-0.10,0.10,28.95,16,16,0,0.33,0.30,0.40,29.00,16,16,0,586.74,584.60,590.50,24.61,16,0,0,0.10,0.10,0.10,29.69,16,16,0,1.06,1.00,1.10,29.10,16,16,0,0.24,0.20,0.30,28.91,16,16,0
1323868,0.37,0.30,0.40,29.62,16,16,0,-0.01,-0.10,0.10,28.94,16,16,0,0.31,0.30,0.40,28.99,16,16,0,592.67,587.70,598.40,24.61,16,0,0,0.10,0.10,0.10,29.68,16,16,0,1.10,1.10,1.10,29.11,16,16,0,0.23,0.20,0.30,28.90,16,16,0
1324368,0.38,0.30,0.40,29.60,17,17,0,0.01,-0.10,0.10,28.96,17,17,0,0.32,0.30,0.40,28.98,17,17,0,599.38,596.70,602.10,24.62,17,0,0,0.10,0.00,0.20,29.71,17,17,0,1.08,1.00,1.10,29.09,17,17,0,0.23,0.20,0.30,28.91,17,17,0
1324880,0.39,0.30,0.40,29.61,17,17,0,0.02,-0.10,0.10,28.96,17,17,0,0.33,0.30,0.40,28.99,17,17,0,590.75,586.40,595.90,24.59,17,0,0,0.10,0.10,0.10,29.69,17,17,0,1.08,1.00,1.10,29.11,17,17,0,0.23,0.20,0.30,28.93,17,17,0
1325380,0.35,0.30,0.40,29.61,17,17,0,0.02,-0.10,0.10,28.95,17,17,0,0.31,0.30,0.40,29.00,17,17,0,585.92,580.90,588.30,24.60,17,0,0,0.11,0.10,0.20,29.71,17,17,0,1.08,1.00,1.10,29.09,17,17,0,0.24,0.20,0.30,28.92,17,17,0
1325883,0.35,0.30,0.40,29.61,17,17,0,0.01,-0.10,0.10,28.96,17,17,0,0.32,0.30,0.40,29.01,17,17,0,586.25,583.40,590.60,24.60,17,0,0,0.10,0.10,0.10,29.70,17,17,0,1.06,1.00,1.10,29.10,17,17,0,0.23,0.20,0.30,28.92,17,17,0
1326383,0.33,0.30,0.40,29.61,17,17,0,-0.02,-0.10,0.10,28.94,17,17,0,0.31,0.30,0.40,29.00,17,17,0,594.57,589.70,599.90,24.60,17,0,0,0.10,0.10,0.10,29.69,17,17,0,1.08,1.00,1.10,29.12,17,17,0,0.22,0.20,0.30,28.91,17,17,0
1326883,0.38,0.30,0.40,29.61,16,16,0,0.01,-0.10,0.10,28.93,16,16,0,0.33,0.30,0.40,29.00,16,16,0,594.81,591.00,597.50,24.59,16,0,0,0.11,0.10,0.20,29.70,16,16,0,1.09,1.00,1.10,29.12,16,16,0,0.23,0.20,0.30,28.91,16,16,0
1327395,0.36,0.30,0.40,29.59,17,17,0,0.00,-0.10,0.10,28.94,17,17,0,0.33,0.30,0.40,28.99,17,17,0,585.37,582.70,587.80,24.61,17,0,0,0.11,0.10,0.20,29.71,17,17,0,1.06,1.00,1.10,29.10,17,17,0,0.24,0.20,0.30,28.89,17,17,0
1327895,0.38,0.30,0.40,29.60,17,17,0,-0.02,-0.10,0.00,28.94,17,17,0,0.35,0.30,0.40,29.00,17,17,0,580.63,576.20,583.90,24.60,17,0,0,0.09,0.00,0.20,29.72,17,17,0,1.07,1.00,1.10,29.10,17,17,0,0.23,0.20,0.30,28.90,17,17,0
1328408,0.36,0.30,0.40,29.61,17,17,0,-0.01,-0.10,0.10,28.94,17,17,0,0.33,0.30,0.40,28.99,17,17,0,586.75,581.40,593.00,24.62,17,0,0,0.11,0.10,0.20,29.70,17,17,0,1.07,1.00,1.10,29.11,17,17,0,0.23,0.20,0.30,28.91,17,17,0
1328916,0.36,0.30,0.40,29.61,17,17,0,-0.01,-0.10,0.10,28.94,17,17,0,0.32,0.30,0.40,28.99,17,17,0,597.35,593.90,600.60,24.61,17,0,0,0.11,0.10,0.20,29.70,17,17,0,1.08,1.00,1.10,29.12,17,17,0,0.24,0.20,0.30,28.93,17,17,0
1329416,0.38,0.30,0.40,29.61,17,17,0,-0.02,-0.10,0.00,28.94,17,17,0,0.31,0.30,0.40,29.00,17,17,0,597.26,590.40,601.90,24.60,17,0,0,0.10,0.10,0.10,29.69,17,17,0,1.07,1.00,1.10,29.12,17,17,0,0.22,0.20,0.30,28.93,17,17,0
1329916,0.35,0.30,0.40,29.62,17,17,0,-0.01,-0.10,0.10,28.95,17,17,0,0.33,0.30,0.40,29.00,17,17,0,586.66,583.20,590.70,24.60,17,0,0,0.10,0.10,0.10,29.70,17,17,0,1.08,1.00,1.10,29.11,17,17,0,0.23,0.20,0.30,28.91,17,17,0
1330416,0.37,0.30,0.40,29.61,17,17,0,-0.01,-0.10,0.10,28.95,17,17,0,0.30,0.30,0.30,29.01,17,17,0,582.37,578.10,585.50,24.60,17,0,0,0.08,0.00,0.10,29.70,17,17,0,1.08,1.00,1.10,29.11,17,17,0,0.24,0.20,0.30,28.91,17,17,0
1330921,0.35,0.30,0.40,29.61,17,17,0,-0.01,-0.10,0.10,28.94,17,17,0,0.32,0.30,0.40,29.01,17,17,0,591.27,584.40,596.20,24.60,17,0,0,0.11,0.10,0.20,29.70,17,17,0,1.08,1.00,1.10,29.12,17,17,0,0.21,0.20,0.30,28.93,17,17,0
1331424,0.34,0.30,0.40,29.62,17,17,0,-0.01,-0.10,0.10,28.94,17,17,0,0.31,0.30,0.40,28.99,17,17,0,598.15,595.60,600.80,24.60,17,0,0,0.11,0.00,0.20,29.70,17,17,0,1.05,1.00,1.10,29.11,17,17,0,0.24,0.20,0.30,28.91,17,17,0
1331925,0.35,0.30,0.40,29.61,17,17,0,-0.02,-0.10,0.10,28.95,17,17,0,0.34,0.30,0.40,28.99,17,17,0,588.98,583.00,596.80,24.59,17,0,0,0.11,0.10,0.20,29.71,17,17,0,1.09,1.00,1.10,29.11,17,17,0,0.23,0.20,0.30,28.92,17,17,0
1332429,0.36,0.30,0.40,29.62,17,17,0,-0.03,-0.10,0.00,28.95,17,17,0,0.33,0.30,0.40,29.00,17,17,0,581.98,577.40,584.80,24.59,17,0,0,0.12,0.10,0.20,29.71,17,17,0,1.08,1.00,1.10,29.11,17,17,0,0.22,0.20,0.30,28.90,17,17,0
1332936,0.35,0.30,0.40,29.61,17,17,0,0.01,-0.10,0.10,28.93,17,17,0,0.31,0.30,0.40,28.99,17,17,0,583.25,579.20,586.70,24.61,17,0,0,0.11,0.10,0.20,29.70,17,17,0,1.09,1.00,1.10,29.11,17,17,0,0.24,0.20,0.30,28.92,17,17,0
1333439,0.37,0.30,0.40,29.60,17,17,0,-0.00,-0.10,0.10,28.96,17,17,0,0.34,0.30,0.40,29.00,17,17,0,593.80,590.00,599.20,24.59,17,0,0,0.11,0.10,0.20,29.70,17,17,0,1.08,1.00,1.10,29.10,17,17,0,0.23,0.20,0.30,28.91,17,17,0
1333943,0.36,0.30,0.40,29.60,17,17,0,-0.02,-0.10,0.10,28.94,17,17,0,0.32,0.30,0.40,28.99,17,17,0,596.06,591.90,599.40,24.59,17,0,0,0.11,0.10,0.20,29.70,17,17,0,1.07,1.00,1.10,29.11,17,17,0,0.23,0.20,0.30,28.92,17,17,0
1334443,0.35,0.30,0.40,29.59,17,17,0,-0.02,-0.10,0.10,28.94,17,17,0,0.33,0.30,0.40,29.00,17,17,0,586.83,583.80,590.90,24.59,17,0,0,0.10,0.00,0.20,29.71,17,17,0,1.09,1.00,1.10,29.12,17,17,0,0.21,0.20,0.30,28.91,17,17,0
1334945,0.36,0.30,0.40,29.60,17,17,0,0.01,-0.10,0.10,28.95,17,17,0,0.31,0.30,0.40,29.01,17,17,0,582.95,580.60,585.00,24.60,17,0,0,0.10,0.10,0.10,29.70,17,17,0,1.08,1.00,1.10,29.11,17,17,0,0.21,0.20,0.30,28.91,17,17,0
1335452,0.34,0.30,0.40,29.60,17,17,0,-0.02,-0.10,0.10,28.94,17,17,0,0.32,0.30,0.40,28.98,17,17,0,587.83,583.20,592.50,24.60,17,0,0,0.10,0.10,0.10,29.70,17,17,0,1.09,1.00,1.10,29.11,17,17,0,0.23,0.20,0.30,28.92,17,17,0
1335961,0.35,0.30,0.40,29.60,17,17,0,-0.02,-0.10,0.10,28.95,17,17,0,0.31,0.30,0.40,29.00,17,17,0,597.46,594.20,600.10,24.61,17,0,0,0.09,0.00,0.10,29.71,17,17,0,1.08,1.00,1.10,29.10,17,17,0,0.23,0.20,0.30,28.92,17,17,0
1336467,0.36,0.30,0.40,29.60,17,17,0,-0.01,-0.10,0.10,28.94,17,17,0,0.33,0.30,0.40,29.00,17,17,0,594.82,589.50,599.10,24.60,17,0,0,0.10,0.10,0.10,29.70,17,17,0,1.08,1.00,1.10,29.11,17,17,0,0.22,0.20,0.30,28.91,17,17,0
1336969,0.35,0.30,0.40,29.61,17,17,0,-0.01,-0.10,0.10,28.93,17,17,0,0.33,0.30,0.40,29.00,17,17,0,588.01,584.60,592.50,24.60,17,0,0,0.10,0.10,0.10,29.70,17,17,0,1.06,1.00,1.10,29.12,17,17,0,0.24,0.20,0.30,28.91,17,17,0
1337472,0.34,0.30,0.40,29.61,17,17,0,-0.02,-0.10,0.10,28.95,17,17,0,0.32,0.30,0.40,28.99,17,17,0,587.82,583.30,592.00,24.61,17,0,0,0.11,0.10,0.20,29.70,17,17,0,1.08,1.00,1.10,29.10,17,17,0,0.22,0.20,0.30,28.91,17,17,0
1337972,0.36,0.30,0.40,29.61,17,17,0,0.00,-0.10,0.10,28.94,17,17,0,0.31,0.30,0.40,28.99,17,17,0,595.47,589.20,601.90,24.59,17,0,0,0.09,-0.10,0.10,29.68,17,17,0,1.09,1.00,1.10,29.11,17,17,0,0.24,0.20,0.30,28.92,17,17,0
1338482,0.36,0.30,0.40,29.60,17,17,0,-0.01,-0.10,0.10,28.94,17,17,0,0.31,0.30,0.40,29.00,17,17,0,601.50,599.20,604.20,24.58,17,0,0,0.11,0.00,0.20,29.70,17,17,0,1.07,1.00,1.10,29.10,17,17,0,0.25,0.20,0.30,28.94,17,17,0
1338994,0.38,0.30,0.40,29.61,17,17,0,-0.02,-0.10,0.00,28.94,17,17,0,0.32,0.30,0.40,29.00,17,17,0,593.75,589.90,598.70,24.60,17,0,0,0.09,0.00,0.10,29.70,17,17,0,1.08,1.00,1.10,29.09,17,17,0,0.23,0.20,0.30,28.91,17,17,0
1339494,0.36,0.30,0.40,29.61,17,17,0,0.01,-0.10,0.10,28.94,17,17,0,0.34,0.30,0.40,28.99,17,17,0,590.79,586.50,593.00,24.59,17,0,0,0.09,0.00,0.10,29.70,17,17,0,1.08,1.00,1.10,29.12,17,17,0,0.23,0.20,0.30,28.90,17,17,0
1340003,0.36,0.30,0.40,29.60,17,17,0,0.00,-0.10,0.10,28.94,17,17,0,0.31,0.30,0.40,29.00,17,17,0,593.82,590.50,599.00,24.58,17,0,0,0.10,0.10,0.10,29.70,17,17,0,1.08,1.00,1.10,29.11,17,17,0,0.24,0.20,0.30,28.91,17,17,0
1340503,0.36,0.30,0.40,29.61,17,17,0,0.00,-0.10,0.10,28.96,17,17,0,0.32,0.30,0.40,29.00,17,17,0,600.62,592.70,606.30,24.59,17,0,0,0.11,0.10,0.20,29.69,17,17,0,1.08,1.00,1.10,29.12,17,17,0,0.25,0.20,0.30,28.91,17,17,0
1341005,0.36,0.30,0.40,29.60,17,17,0,-0.01,-0.10,0.10,28.95,17,17,0,0.32,0.30,0.40,29.01,17,17,0,603.01,599.60,606.20,24.58,17,0,0,0.09,0.00,0.10,29.69,17,17,0,1.09,1.00,1.10,29.11,17,17,0,0.24,0.20,0.30,28.92,17,17,0
1341512,0.38,0.30,0.40,29.61,17,17,0,-0.02,-0.10,0.10,28.94,17,17,0,0.31,0.30,0.40,28.99,17,17,0,599.22,595.60,601.00,24.56,17,0,0,0.10,0.10,0.10,29.70,17,17,0,1.09,1.00,1.10,29.10,17,17,0,0.22,0.20,0.30,28.92,17,17,0
1342012,0.37,0.30,0.40,29.60,17,17,0,0.01,-0.10,0.10,28.94,17,17,0,0.34,0.30,0.40,28.99,17,17,0,600.58,598.00,604.30,24.59,17,0,0,0.09,0.00,0.10,29.71,17,17,0,1.06,1.00,1.10,29.10,17,17,0,0.24,0.20,0.30,28.91,17,17,0
1342512,0.36,0.30,0.40,29.62,16,16,0,0.01,0.00,0.10,28.95,16,16,0,0.31,0.30,0.40,28.99,16,16,0,604.82,602.30,608.30,24.58,16,0,0,0.10,0.10,0.10,29.71,16,16,0,1.08,1.00,1.10,29.11,16,16,0,0.24,0.20,0.30,28.92,16,16,0
1343012,0.37,0.30,0.40,29.62,17,17,0,-0.01,-0.10,0.00,28.95,17,17,0,0.32,0.30,0.40,29.00,17,17,0,611.44,608.30,613.80,24.58,17,0,0,0.10,0.10,0.10,29.71,17,17,0,1.06,1.00,1.10,29.12,17,17,0,0.22,0.20,0.30,28.91,17,17,0
1343514,0.36,0.30,0.40,29.61,17,17,0,-0.01,-0.10,0.10,28.94,17,17,0,0.33,0.30,0.40,28.99,17,17,0,609.47,604.70,612.60,24.58,17,0,0,0.10,0.10,0.10,29.69,17,17,0,1.08,1.00,1.10,29.11,17,17,0,0.23,0.20,0.30,28.93,17,17,0
1344014,0.35,0.30,0.40,29.60,17,17,0,-0.03,-0.10,0.00,28.95,17,17,0,0.31,0.30,0.40,29.00,17,17,0,605.72,602.60,608.50,24.58,17,0,0,0.09,0.00,0.10,29.71,17,17,0,1.09,1.00,1.10,29.12,17,17,0,0.24,0.20,0.30,28.89,17,17,0
1344517,0.37,0.30,0.40,29.61,17,17,0,0.00,-0.10,0.10,28.97,17,17,0,0.32,0.30,0.40,28.98,17,17,0,608.63,605.90,612.20,24.58,17,0,0,0.10,0.10,0.10,29.70,17,17,0,1.08,1.00,1.10,29.12,17,17,0,0.25,0.20,0.30,28.92,17,17,0
1345017,0.35,0.30,0.40,29.61,17,17,0,0.01,-0.10,0.10,28.94,17,17,0,0.31,0.30,0.40,29.00,17,17,0,612.56,606.10,618.80,24.58,17,0,0,0.10,0.10,0.10,29.71,17,17,0,1.09,1.00,1.10,29.12,17,17,0,0.23,0.20,0.30,28.93,17,17,0
1345517,0.36,0.30,0.40,29.60,16,16,0,0.00,-0.10,0.10,28.96,16,16,0,0.31,0.30,0.40,28.99,16,16,0,618.68,615.80,620.50,24.59,16,0,0,0.11,0.10,0.20,29.72,16,16,0,1.06,1.00,1.10,29.13,16,16,0,0.20,0.20,0.20,28.92,16,16,0
1346025,0.37,0.30,0.40,29.59,17,17,0,-0.01,-0.10,0.00,28.95,17,17,0,0.32,0.30,0.40,29.00,17,17,0,617.05,611.70,620.80,24.57,17,0,0,0.10,0.00,0.20,29.71,17,17,0,1.09,1.00,1.10,29.12,17,17,0,0.24,0.20,0.30,28.91,17,17,0
1346528,0.38,0.30,0.40,29.60,17,17,0,0.01,-0.10,0.10,28.93,17,17,0,0.32,0.30,0.40,28.98,17,17,0,614.58,612.30,617.10,24.58,17,0,0,0.11,0.00,0.20,29.69,17,17,0,1.09,1.00,1.10,29.10,17,17,0,0.23,0.20,0.30,28.91,17,17,0
1347039,0.34,0.30,0.40,29.61,17,17,0,-0.01,-0.10,0.10,28.95,17,17,0,0.31,0.30,0.40,29.00,17,17,0,618.25,615.10,622.20,24.58,17,0,0,0.10,0.10,0.10,29.71,17,17,0,1.08,1.00,1.10,29.13,17,17,0,0.22,0.20,0.30,28.91,17,17,0
1347548,0.36,0.30,0.40,29.60,17,17,0,-0.01,-0.10,0.10,28.96,17,17,0,0.32,0.30,0.40,29.01,17,17,0,622.71,618.00,627.30,24.58,17,0,0,0.09,0.00,0.10,29.71,17,17,0,1.08,1.00,1.10,29.12,17,17,0,0.23,0.20,0.30,28.94,17,17,0
1348050,0.36,0.30,0.40,29.61,17,17,0,-0.01,-0.10,0.10,28.95,17,17,0,0.32,0.30,0.40,29.00,17,17,0,624.85,621.00,627.40,24.58,17,0,0,0.10,0.10,0.10,29.71,17,17,0,1.08,1.00,1.10,29.10,17,17,0,0.26,0.20,0.30,28.91,17,17,0
1348556,0.36,0.30,0.40,29.60,17,17,0,-0.02,-0.10,0.00,28.95,17,17,0,0.31,0.30,0.40,29.00,17,17,0,621.62,618.80,625.20,24.57,17,0,0,0.10,0.10,0.10,29.70,17,17,0,1.08,1.00,1.10,29.11,17,17,0,0.22,0.20,0.30,28.91,17,17,0
1349059,0.36,0.30,0.40,29.61,17,17,0,-0.01,-0.10,0.10,28.94,17,17,0,0.33,0.30,0.40,28.99,17,17,0,619.62,615.90,622.70,24.58,17,0,0,0.11,0.10,0.20,29.71,17,17,0,1.09,1.00,1.10,29.12,17,17,0,0.24,0.20,0.30,28.90,17,17,0
1349559,0.36,0.30,0.40,29.61,17,17,0,-0.01,-0.10,0.10,28.95,17,17,0,0.32,0.30,0.40,29.00,17,17,0,620.55,617.60,623.80,24.57,17,0,0,0.10,0.10,0.10,29.70,17,17,0,1.09,1.00,1.10,29.10,17,17,0,0.24,0.20,0.30,28.92,17,17,0
1350059,0.36,0.30,0.40,29.60,17,17,0,0.01,-0.10,0.10,28.94,17,17,0,0.31,0.30,0.40,29.01,17,17,0,624.25,620.30,628.60,24.59,17,0,0,0.10,0.10,0.10,29.70,17,17,0,1.08,1.00,1.10,29.10,17,17,0,0.23,0.20,0.30,28.92,17,17,0
1350565,0.36,0.30,0.40,29.61,17,17,0,0.00,-0.10,0.10,28.94,17,17,0,0.34,0.30,0.40,29.00,17,17,0,622.69,617.20,626.10,24.57,17,0,0,0.11,0.10,0.20,29.70,17,17,0,1.06,1.00,1.10,29.12,17,17,0,0.22,0.20,0.30,28.93,17,17,0
1351067,0.39,0.30,0.40,29.60,17,17,0,-0.01,-0.10,0.10,28.95,17,17,0,0.32,0.30,0.40,29.01,17,17,0,613.43,609.30,617.70,24.59,17,0,0,0.10,0.10,0.10,29.71,17,17,0,1.08,1.00,1.10,29.11,17,17,0,0.22,0.20,0.30,28.91,17,17,0
1351570,0.36,0.30,0.40,29.61,17,17,0,0.00,-0.10,0.10,28.96,17,17,0,0.31,0.30,0.40,29.01,17,17,0,613.22,608.80,617.80,24.57,17,0,0,0.10,0.10,0.10,29.70,17,17,0,1.07,1.00,1.10,29.10,17,17,0,0.21,0.20,0.30,28.91,17,17,0
1352076,0.38,0.30,0.40,29.60,17,17,0,-0.02,-0.10,0.00,28.96,17,17,0,0.33,0.30,0.40,29.00,17,17,0,362.62,278.40,579.20,24.63,17,0,0,0.10,0.10,0.10,29.70,17,17,0,1.08,1.00,1.10,29.12,17,17,0,0.21,0.20,0.30,28.92,17,17,0
1352581,0.36,0.30,0.40,29.62,17,17,0,-0.01,-0.10,0.10,28.96,17,17,0,0.32,0.30,0.40,29.00,17,17,0,211.35,176.80,260.40,24.77,17,0,0,0.10,0.10,0.10,29.72,17,17,0,1.09,1.00,1.10,29.12,17,17,0,0.25,0.20,0.30,28.91,17,17,0
1353088,0.35,0.30,0.40,29.61,17,17,0,-0.01,-0.10,0.10,28.95,17,17,0,0.34,0.30,0.40,29.00,17,17,0,140.15,119.50,165.00,24.88,17,0,0,0.09,0.00,0.10,29.72,17,17,0,1.09,1.00,1.10,29.12,17,17,0,0.24,0.20,0.30,28.92,17,17,0
1353588,0.36,0.30,0.40,29.61,17,17,0,-0.01,-0.10,0.10,28.95,17,17,0,0.32,0.30,0.40,28.99,17,17,0,102.81,94.90,114.90,25.01,17,0,0,0.09,0.00,0.10,29.70,17,17,0,1.08,1.00,1.10,29.12,17,17,0,0.21,0.20,0.30,28.93,17,17,0
1354089,0.38,0.30,0.40,29.60,17,17,0,0.00,-0.10,0.10,28.95,17,17,0,0.34,0.30,0.40,29.01,17,17,0,83.16,76.80,91.90,25.12,17,0,0,0.10,0.00,0.20,29.71,17,17,0,1.08,1.00,1.10,29.11,17,17,0,0.24,0.20,0.30,28.93,17,17,0
1354591,0.35,0.30,0.40,29.61,17,17,0,0.01,0.00,0.10,28.95,17,17,0,0.33,0.30,0.40,29.02,17,17,0,68.29,63.30,74.50,25.23,17,0,0,0.10,0.10,0.10,29.71,17,17,0,1.08,1.00,1.10,29.11,17,17,0,0.22,0.20,0.30,28.92,17,17,0
1355092,0.35,0.30,0.40,29.61,17,17,0,0.01,-0.10,0.10,28.96,17,17,0,0.32,0.30,0.40,29.01,17,17,0,55.70,41.40,61.90,25.31,17,0,0,0.10,0.10,0.10,29.73,17,17,0,1.06,1.00,1.10,29.12,17,17,0,0.23,0.20,0.30,28.93,17,17,0
1355592,0.38,0.30,0.40,29.62,17,17,0,-0.01,-0.10,0.10,28.94,17,17,0,0.31,0.30,0.40,29.00,17,17,0,41.73,37.00,45.60,25.41,17,0,0,0.10,0.10,0.10,29.72,17,17,0,1.08,1.00,1.10,29.11,17,17,0,0.24,0.20,0.30,28.92,17,17,0
1356094,0.36,0.30,0.40,29.60,17,17,0,0.01,-0.10,0.10,28.94,17,17,0,0.33,0.30,0.40,28.99,17,17,0,45.83,44.50,47.30,25.52,17,0,0,0.09,0.00,0.10,29.71,17,17,0,1.08,1.00,1.10,29.12,17,17,0,0.24,0.20,0.30,28.93,17,17,0
1356599,0.37,0.30,0.40,29.63,17,17,0,0.02,-0.10,0.10,28.94,17,17,0,0.31,0.30,0.40,28.99,17,17,0,41.38,38.30,43.70,25.62,17,0,0,0.11,0.00,0.20,29.71,17,17,0,1.09,1.00,1.10,29.12,17,17,0,0.24,0.20,0.30,28.92,17,17,0
1357099,0.36,0.30,0.40,29.62,17,17,0,-0.01,-0.10,0.00,28.95,17,17,0,0.31,0.30,0.40,28.99,17,17,0,36.68,35.00,38.80,25.67,17,0,0,0.10,0.10,0.10,29.73,17,17,0,1.08,1.00,1.10,29.12,17,17,0,0.24,0.20,0.30,28.93,17,17,0
1357601,0.36,0.30,0.40,29.63,17,17,0,0.00,-0.10,0.10,28.95,17,17,0,0.32,0.30,0.40,29.00,17,17,0,32.96,-15.60,188.00,25.68,17,0,0,0.11,0.10,0.20,29.70,17,17,0,1.08,1.00,1.10,29.11,17,17,0,0.24,0.20,0.30,28.93,17,17,0
1358108,0.36,0.30,0.40,29.62,17,17,0,-0.01,-0.10,0.00,28.96,17,17,0,0.32,0.30,0.40,28.98,17,17,0,12.61,11.10,13.30,25.80,17,0,0,0.11,0.10,0.20,29.71,17,17,0,1.08,1.00,1.10,29.11,17,17,0,0.23,0.20,0.30,28.93,17,17,0
1358610,0.36,0.30,0.40,29.61,17,17,0,0.00,-0.10,0.10,28.95,17,17,0,0.31,0.30,0.40,28.99,17,17,0,15.00,13.60,16.80,25.90,17,0,0,0.11,0.00,0.20,29.72,17,17,0,1.08,1.00,1.10,29.11,17,17,0,0.22,0.20,0.30,28.91,17,17,0
1359120,0.35,0.30,0.40,29.61,17,17,0,-0.01,-0.10,0.10,28.96,17,17,0,0.33,0.30,0.40,29.00,17,17,0,18.41,16.90,19.80,25.98,17,0,0,0.10,0.00,0.20,29.72,17,17,0,1.09,1.00,1.10,29.09,17,17,0,0.24,0.20,0.30,28.93,17,17,0
1359620,0.36,0.30,0.40,29.62,17,17,0,0.00,-0.10,0.10,28.95,17,17,0,0.32,0.30,0.40,28.99,17,17,0,20.01,19.70,20.40,26.06,17,0,0,0.10,0.10,0.10,29.70,17,17,0,1.08,1.00,1.10,29.12,17,17,0,0.21,0.20,0.30,28.93,17,17,0
1360128,0.37,0.30,0.40,29.62,17,17,0,0.00,-0.10,0.10,28.95,17,17,0,0.32,0.30,0.40,29.01,17,17,0,19.76,19.50,20.10,26.12,17,0,0,0.10,0.10,0.10,29.71,17,17,0,1.09,1.00,1.10,29.10,17,17,0,0.23,0.20,0.30,28.91,17,17,0
1360628,0.36,0.30,0.40,29.60,17,17,0,0.00,-0.10,0.10,28.97,17,17,0,0.34,0.30,0.40,29.01,17,17,0,19.80,19.30,20.50,26.17,17,0,0,0.11,0.10,0.20,29.72,17,17,0,1.08,1.00,1.10,29.11,17,17,0,0.23,0.20,0.30,28.93,17,17,0
1361137,0.37,0.30,0.40,29.60,18,18,0,0.02,0.00,0.10,28.96,18,18,0,0.31,0.30,0.40,29.01,18,18,0,19.59,19.20,20.00,26.21,18,0,0,0.09,0.00,0.10,29.70,18,18,0,1.08,1.00,1.10,29.11,18,18,0,0.22,0.20,0.30,28.93,18,18,0
1361648,0.37,0.30,0.40,29.61,17,17,0,0.01,-0.10,0.10,28.95,17,17,0,0.32,0.30,0.40,29.02,17,17,0,18.41,17.60,19.30,26.25,17,0,0,0.11,0.10,0.20,29.72,17,17,0,1.08,1.00,1.10,29.12,17,17,0,0.26,0.20,0.30,28.93,17,17,0
1362149,0.36,0.30,0.40,29.62,17,17,0,-0.01,-0.10,0.00,28.95,17,17,0,0.31,0.30,0.40,28.99,17,17,0,17.34,16.80,17.80,26.29,17,0,0,0.10,0.10,0.10,29.70,17,17,0,1.07,1.00,1.10,29.12,17,17,0,0.24,0.20,0.30,28.95,17,17,0
1362660,0.36,0.30,0.40,29.60,17,17,0,-0.04,-0.10,0.00,28.96,17,17,0,0.31,0.30,0.40,29.00,17,17,0,16.02,15.40,16.50,26.33,17,0,0,0.11,0.10,0.20,29.70,17,17,0,1.09,1.00,1.10,29.11,17,17,0,0.20,0.20,0.20,28.95,17,17,0
1363160,0.37,0.30,0.40,29.60,17,17,0,0.01,-0.10,0.10,28.96,17,17,0,0.32,0.30,0.40,29.01,17,17,0,14.69,14.20,15.30,26.35,17,0,0,0.09,0.00,0.10,29.73,17,17,0,1.09,1.00,1.10,29.12,17,17,0,0.24,0.20,0.30,28.93,17,17,0
1363661,0.36,0.30,0.40,29.61,17,17,0,-0.01,-0.10,0.10,28.94,17,17,0,0.32,0.30,0.40,29.02,17,17,0,14.01,13.60,14.50,26.40,17,0,0,0.10,0.10,0.10,29.72,17,17,0,1.08,1.00,1.10,29.12,17,17,0,0.22,0.20,0.30,28.91,17,17,0
1364161,0.34,0.30,0.40,29.62,17,17,0,0.00,-0.10,0.10,28.96,17,17,0,0.34,0.30,0.40,29.01,17,17,0,12.98,12.60,13.50,26.45,17,0,0,0.10,0.10,0.10,29.71,17,17,0,1.09,1.00,1.10,29.12,17,17,0,0.21,0.20,0.30,28.93,17,17,0
1364665,0.36,0.30,0.40,29.61,17,17,0,-0.01,-0.10,0.10,28.95,17,17,0,0.32,0.30,0.40,29.01,17,17,0,124.05,-12.00,410.30,26.38,17,0,0,0.09,0.00,0.10,29.72,17,17,0,1.08,1.00,1.10,29.09,17,17,0,0.22,0.20,0.30,28.92,17,17,0
1365165,0.36,0.30,0.40,29.61,16,16,0,-0.01,-0.10,0.10,28.96,16,16,0,0.33,0.30,0.40,29.01,16,16,0,5.70,3.80,10.90,26.27,16,0,0,0.10,0.10,0.10,29.73,16,16,0,1.08,1.00,1.10,29.12,16,16,0,0.23,0.20,0.30,28.91,16,16,0
1365665,0.37,0.30,0.40,29.61,17,17,0,0.02,-0.10,0.10,28.95,17,17,0,0.31,0.30,0.40,29.02,17,17,0,4.36,3.90,4.80,26.35,17,0,0,0.10,0.10,0.10,29.71,17,17,0,1.08,1.00,1.10,29.13,17,17,0,0.22,0.20,0.30,28.91,17,17,0
1366171,0.37,0.30,0.40,29.61,17,17,0,0.01,-0.10,0.10,28.95,17,17,0,0.32,0.30,0.40,29.00,17,17,0,3.92,3.70,4.20,26.43,17,0,0,0.09,0.00,0.10,29.71,17,17,0,1.08,1.00,1.10,29.12,17,17,0,0.22,0.20,0.30,28.94,17,17,0
1366671,0.36,0.30,0.40,29.61,17,17,0,0.01,-0.10,0.10,28.95,17,17,0,0.31,0.30,0.40,29.01,17,17,0,3.58,3.40,3.90,26.50,17,0,0,0.10,0.10,0.10,29.72,17,17,0,1.09,1.00,1.10,29.12,17,17,0,0.22,0.20,0.30,28.94,17,17,0
1367171,0.37,0.30,0.40,29.62,17,17,0,0.00,-0.10,0.10,28.95,17,17,0,0.33,0.30,0.40,29.02,17,17,0,3.34,3.10,3.60,26.56,17,0,0,0.10,0.10,0.10,29.70,17,17,0,1.08,1.00,1.10,29.14,17,17,0,0.21,0.20,0.30,28.94,17,17,0
1367671,0.34,0.30,0.40,29.62,17,17,0,-0.02,-0.10,0.10,28.97,17,17,0,0.32,0.30,0.40,29.02,17,17,0,3.15,3.00,3.30,26.60,17,0,0,0.11,0.10,0.20,29.72,17,17,0,1.06,1.00,1.10,29.12,17,17,0,0.22,0.20,0.30,28.93,17,17,0
1368174,0.37,0.30,0.40,29.62,17,17,0,0.02,-0.10,0.10,28.95,17,17,0,0.31,0.30,0.40,29.01,17,17,0,2.96,2.50,3.40,26.65,17,0,0,0.10,0.10,0.10,29.72,17,17,0,1.06,1.00,1.10,29.14,17,17,0,0.24,0.20,0.30,28.92,17,17,0
1368684,0.35,0.30,0.40,29.63,17,17,0,0.01,-0.10,0.10,28.95,17,17,0,0.32,0.30,0.40,29.00,17,17,0,2.88,2.60,3.10,26.68,17,0,0,0.10,0.10,0.10,29.71,17,17,0,1.06,1.00,1.10,29.12,17,17,0,0.22,0.20,0.30,28.93,17,17,0
1369190,0.36,0.30,0.40,29.62,17,17,0,0.01,-0.10,0.10,28.95,17,17,0,0.31,0.30,0.40,29.01,17,17,0,2.84,2.60,3.10,26.75,17,0,0,0.10,0.00,0.20,29.71,17,17,0,1.06,1.00,1.10,29.10,17,17,0,0.22,0.20,0.30,28.92,17,17,0
1369690,0.37,0.30,0.40,29.62,17,17,0,0.00,-0.10,0.10,28.94,17,17,0,0.33,0.30,0.40,29.01,17,17,0,2.89,2.60,3.20,26.74,17,0,0,0.10,0.10,0.10,29.71,17,17,0,1.08,1.00,1.10,29.10,17,17,0,0.21,0.20,0.30,28.94,17,17,0
1370190,0.35,0.30,0.40,29.63,17,17,0,0.00,-0.10,0.10,28.95,17,17,0,0.31,0.30,0.40,29.00,17,17,0,2.83,2.60,3.10,26.79,17,0,0,0.09,0.00,0.10,29.72,17,17,0,1.07,1.00,1.10,29.13,17,17,0,0.22,0.20,0.30,28.91,17,17,0
1370691,0.36,0.30,0.40,29.63,17,17,0,0.00,-0.10,0.10,28.96,17,17,0,0.31,0.30,0.40,29.01,17,17,0,2.91,2.60,3.20,26.81,17,0,0,0.09,0.00,0.10,29.70,17,17,0,1.08,1.00,1.10,29.12,17,17,0,0.22,0.20,0.30,28.92,17,17,0
1371200,0.35,0.30,0.40,29.62,17,17,0,-0.02,-0.10,0.10,28.95,17,17,0,0.32,0.30,0.40,29.01,17,17,0,2.86,2.50,3.30,26.82,17,0,0,0.09,0.00,0.10,29.72,17,17,0,1.06,1.00,1.10,29.13,17,17,0,0.22,0.20,0.30,28.92,17,17,0
1371700,0.38,0.30,0.40,29.62,17,17,0,0.00,-0.10,0.10,28.95,17,17,0,0.33,0.30,0.40,29.00,17,17,0,2.86,2.40,3.30,26.85,17,0,0,0.09,0.00,0.10,29.70,17,17,0,1.08,1.00,1.10,29.12,17,17,0,0.22,0.20,0.30,28.93,17,17,0
1372200,0.38,0.30,0.40,29.61,17,17,0,0.01,0.00,0.10,28.97,17,17,0,0.31,0.30,0.40,29.01,17,17,0,2.82,2.50,3.20,26.87,17,0,0,0.11,0.10,0.20,29.72,17,17,0,1.09,1.00,1.10,29.12,17,17,0,0.22,0.20,0.30,28.94,17,17,0
1372700,0.38,0.30,0.40,29.61,17,17,0,-0.01,-0.10,0.10,28.96,17,17,0,0.32,0.30,0.40,29.02,17,17,0,2.80,2.50,3.10,26.90,17,0,0,0.10,0.10,0.10,29.72,17,17,0,1.09,1.00,1.10,29.13,17,17,0,0.22,0.20,0.30,28.92,17,17,0
1373200,0.36,0.30,0.40,29.63,17,17,0,0.01,-0.10,0.10,28.96,17,17,0,0.33,0.30,0.40,28.99,17,17,0,2.86,2.60,3.20,26.92,17,0,0,0.10,0.10,0.10,29.71,17,17,0,1.09,1.00,1.10,29.13,17,17,0,0.25,0.20,0.30,28.94,17,17,0
1373700,0.36,0.30,0.40,29.64,17,17,0,0.00,-0.10,0.10,28.95,17,17,0,0.31,0.30,0.40,28.99,17,17,0,2.95,2.80,3.20,26.94,17,0,0,0.10,0.10,0.10,29.70,17,17,0,1.08,1.00,1.10,29.12,17,17,0,0.23,0.20,0.30,28.94,17,17,0
1374200,0.36,0.30,0.40,29.63,17,17,0,-0.01,-0.10,0.10,28.95,17,17,0,0.34,0.30,0.40,29.00,17,17,0,3.08,2.00,4.10,26.94,17,0,0,0.11,0.10,0.20,29.72,17,17,0,1.09,1.00,1.10,29.12,17,17,0,0.22,0.20,0.30,28.91,17,17,0
1374704,0.36,0.30,0.40,29.62,17,17,0,0.02,-0.10,0.10,28.97,17,17,0,0.33,0.30,0.40,29.02,17,17,0,3.45,-6.60,10.10,26.96,17,0,0,0.10,0.00,0.20,29.71,17,17,0,1.08,1.00,1.10,29.12,17,17,0,0.22,0.20,0.30,28.95,17,17,0
1375205,0.35,0.30,0.40,29.62,17,17,0,-0.02,-0.10,0.00,28.95,17,17,0,0.32,0.30,0.40,29.02,17,17,0,3.16,-0.10,5.80,27.01,17,0,0,0.10,0.10,0.10,29.71,17,17,0,1.09,1.00,1.10,29.12,17,17,0,0.23,0.20,0.30,28.91,17,17,0
1375716,0.38,0.30,0.40,29.62,17,17,0,-0.01,-0.10,0.10,28.97,17,17,0,0.32,0.30,0.40,29.01,17,17,0,3.22,1.00,4.80,27.01,17,0,0,0.10,0.10,0.10,29.71,17,17,0,1.08,1.00,1.10,29.12,17,17,0,0.22,0.20,0.30,28.92,17,17,0
1376216,0.37,0.30,0.40,29.61,17,17,0,-0.02,-0.10,0.00,28.95,17,17,0,0.31,0.30,0.40,29.01,17,17,0,3.08,1.70,4.40,27.01,17,0,0,0.09,0.00,0.10,29.70,17,17,0,1.08,1.00,1.10,29.12,17,17,0,0.24,0.20,0.30,28.92,17,17,0
1376716,0.38,0.30,0.40,29.63,17,17,0,0.01,-0.10,0.10,28.96,17,17,0,0.32,0.30,0.40,29.01,17,17,0,3.28,2.50,4.40,27.04,17,0,0,0.10,0.00,0.20,29.72,17,17,0,1.08,1.00,1.10,29.11,17,17,0,0.22,0.20,0.30,28.93,17,17,0
1377220,0.37,0.30,0.40,29.62,17,17,0,0.00,-0.10,0.10,28.95,17,17,0,0.32,0.30,0.40,29.00,17,17,0,3.32,-0.60,7.20,27.05,17,0,0,0.09,0.00,0.10,29.72,17,17,0,1.09,1.00,1.10,29.12,17,17,0,0.23,0.20,0.30,28.92,17,17,0
1377720,0.35,0.30,0.40,29.61,18,18,0,0.01,-0.10,0.10,28.96,18,18,0,0.32,0.30,0.40,29.02,18,18,0,3.81,3.00,4.30,27.07,18,0,0,0.12,0.10,0.20,29.72,18,18,0,1.10,1.10,1.10,29.12,18,18,0,0.21,0.20,0.30,28.94,18,18,0
1378232,0.38,0.30,0.40,29.63,17,17,0,-0.02,-0.10,0.10,28.96,17,17,0,0.32,0.30,0.40,29.01,17,17,0,3.26,1.60,4.20,27.08,17,0,0,0.10,0.10,0.10,29.73,17,17,0,1.09,1.00,1.10,29.12,17,17,0,0.23,0.20,0.30,28.93,17,17,0
1378733,0.37,0.30,0.40,29.63,17,17,0,-0.02,-0.10,0.10,28.95,17,17,0,0.34,0.30,0.40,29.01,17,17,0,3.85,3.10,4.80,27.11,17,0,0,0.10,0.00,0.20,29.71,17,17,0,1.06,1.00,1.10,29.12,17,17,0,0.21,0.20,0.30,28.95,17,17,0
1379233,0.36,0.30,0.40,29.62,17,17,0,-0.01,-0.10,0.10,28.94,17,17,0,0.34,0.30,0.40,29.01,17,17,0,3.30,2.00,4.70,27.11,17,0,0,0.10,0.10,0.10,29.71,17,17,0,1.09,1.00,1.10,29.14,17,17,0,0.22,0.20,0.30,28.92,17,17,0
1379733,0.38,0.30,0.40,29.61,17,17,0,0.00,-0.10,0.10,28.96,17,17,0,0.32,0.30,0.40,29.02,17,17,0,3.45,3.10,3.90,27.13,17,0,0,0.10,0.00,0.20,29.70,17,17,0,1.07,1.00,1.10,29.11,17,17,0,0.21,0.20,0.30,28.94,17,17,0
1380233,0.38,0.30,0.40,29.61,17,17,0,0.00,-0.10,0.10,28.97,17,17,0,0.32,0.30,0.40,29.01,17,17,0,3.45,3.00,4.20,27.12,17,0,0,0.10,0.00,0.20,29.72,17,17,0,1.06,1.00,1.10,29.14,17,17,0,0.23,0.20,0.30,28.92,17,17,0
1380743,0.37,0.30,0.40,29.62,17,17,0,-0.02,-0.10,0.10,28.96,17,17,0,0.30,0.30,0.30,29.00,17,17,0,3.41,3.00,3.70,27.15,17,0,0,0.10,0.10,0.10,29.72,17,17,0,1.08,1.00,1.10,29.13,17,17,0,0.22,0.20,0.30,28.91,17,17,0
1381243,0.34,0.30,0.40,29.61,17,17,0,0.00,-0.10,0.10,28.96,17,17,0,0.31,0.30,0.40,29.00,17,17,0,3.18,1.60,3.90,27.16,17,0,0,0.11,0.10,0.20,29.72,17,17,0,1.09,1.00,1.10,29.14,17,17,0,0.24,0.20,0.30,28.93,17,17,0
1381750,0.35,0.30,0.40,29.62,17,17,0,-0.01,-0.10,0.10,28.97,17,17,0,0.33,0.30,0.40,29.02,17,17,0,4.06,2.70,5.20,27.18,17,0,0,0.09,0.00,0.10,29.74,17,17,0,1.09,1.00,1.10,29.12,17,17,0,0.22,0.20,0.30,28.93,17,17,0
1382256,0.36,0.30,0.40,29.62,17,17,0,-0.02,-0.10,0.10,28.96,17,17,0,0.32,0.30,0.40,29.00,17,17,0,3.45,1.80,4.30,27.18,17,0,0,0.10,0.10,0.10,29.71,17,17,0,1.08,1.00,1.10,29.11,17,17,0,0.22,0.20,0.30,28.93,17,17,0
1382756,0.36,0.30,0.40,29.63,17,17,0,0.01,-0.10,0.10,28.95,17,17,0,0.34,0.30,0.40,29.00,17,17,0,3.97,2.60,4.70,27.19,17,0,0,0.11,0.10,0.20,29.73,17,17,0,1.09,1.00,1.10,29.12,17,17,0,0.22,0.20,0.30,28.92,17,17,0
1383265,0.38,0.30,0.40,29.62,17,17,0,0.02,-0.10,0.10,28.97,17,17,0,0.33,0.30,0.40,29.01,17,17,0,3.95,3.20,4.60,27.23,17,0,0,0.11,0.10,0.20,29.72,17,17,0,1.09,1.00,1.10,29.14,17,17,0,0.24,0.20,0.30,28.94,17,17,0
1383778,0.37,0.30,0.40,29.62,18,18,0,0.00,-0.10,0.10,28.97,18,18,0,0.32,0.30,0.40,29.02,18,18,0,3.66,2.40,4.30,27.21,18,0,0,0.10,0.10,0.10,29.71,18,18,0,1.09,1.00,1.10,29.12,18,18,0,0.23,0.20,0.30,28.93,18,18,0
1384278,0.37,0.30,0.40,29.61,17,17,0,-0.02,-0.10,0.10,28.97,17,17,0,0.31,0.30,0.40,29.03,17,17,0,4.13,3.00,5.60,27.25,17,0,0,0.10,0.10,0.10,29.71,17,17,0,1.08,1.00,1.10,29.13,17,17,0,0.22,0.20,0.30,28.94,17,17,0
1384779,0.37,0.30,0.40,29.60,17,17,0,0.01,-0.10,0.10,28.96,17,17,0,0.30,0.30,0.30,29.01,17,17,0,3.04,-4.30,8.30,27.24,17,0,0,0.09,0.00,0.10,29.72,17,17,0,1.09,1.00,1.10,29.13,17,17,0,0.23,0.20,0.30,28.94,17,17,0
1385286,0.36,0.30,0.40,29.63,17,17,0,-0.01,-0.10,0.10,28.94,17,17,0,0.31,0.30,0.40,29.02,17,17,0,3.95,3.00,5.90,27.25,17,0,0,0.11,0.10,0.20,29.73,17,17,0,1.08,1.00,1.10,29.13,17,17,0,0.23,0.20,0.30,28.93,17,17,0
1385791,0.38,0.30,0.40,29.62,17,17,0,0.00,-0.10,0.10,28.95,17,17,0,0.31,0.30,0.40,29.03,17,17,0,3.36,2.80,3.90,27.28,17,0,0,0.10,0.10,0.10,29.72,17,17,0,1.07,1.00,1.10,29.12,17,17,0,0.22,0.20,0.30,28.95,17,17,0
1386294,0.36,0.30,0.40,29.61,17,17,0,-0.01,-0.10,0.10,28.96,17,17,0,0.31,0.30,0.40,29.02,17,17,0,3.09,1.40,3.70,27.27,17,0,0,0.11,0.10,0.20,29.72,17,17,0,1.08,1.00,1.10,29.13,17,17,0,0.22,0.20,0.30,28.94,17,17,0
1386798,0.36,0.30,0.40,29.61,17,17,0,-0.01,-0.10,0.00,28.97,17,17,0,0.31,0.30,0.40,29.03,17,17,0,3.45,2.20,5.00,27.28,17,0,0,0.10,0.10,0.10,29.71,17,17,0,1.06,1.00,1.10,29.14,17,17,0,0.22,0.20,0.30,28.93,17,17,0
1387298,0.37,0.30,0.40,29.64,17,17,0,0.00,-0.10,0.10,28.97,17,17,0,0.30,0.30,0.30,29.01,17,17,0,2.81,2.50,3.20,27.31,17,0,0,0.10,0.00,0.20,29.70,17,17,0,1.07,1.00,1.10,29.11,17,17,0,0.22,0.20,0.30,28.92,17,17,0
1387799,0.36,0.30,0.40,29.63,17,17,0,-0.01,-0.10,0.10,28.97,17,17,0,0.31,0.30,0.40,29.02,17,17,0,2.74,2.50,3.00,27.30,17,0,0,0.11,0.10,0.20,29.74,17,17,0,1.07,1.00,1.10,29.14,17,17,0,0.24,0.20,0.30,28.92,17,17,0
1388304,0.36,0.30,0.40,29.63,17,17,0,0.00,-0.10,0.10,28.96,17,17,0,0.32,0.30,0.40,29.02,17,17,0,2.84,2.50,3.20,27.31,17,0,0,0.11,0.10,0.20,29.72,17,17,0,1.07,1.00,1.10,29.12,17,17,0,0.24,0.20,0.30,28.93,17,17,0
1388805,0.38,0.30,0.40,29.64,17,17,0,0.01,-0.10,0.10,28.95,17,17,0,0.31,0.30,0.40,29.04,17,17,0,3.25,2.90,3.70,27.34,17,0,0,0.10,0.10,0.10,29.72,17,17,0,1.08,1.00,1.10,29.13,17,17,0,0.24,0.20,0.30,28.93,17,17,0
1389305,0.39,0.30,0.40,29.62,17,17,0,0.01,-0.10,0.10,28.95,17,17,0,0.31,0.30,0.40,29.03,17,17,0,3.29,3.00,3.60,27.33,17,0,0,0.10,0.10,0.10,29.73,17,17,0,1.08,1.00,1.10,29.12,17,17,0,0.22,0.20,0.30,28.96,17,17,0
1389805,0.36,0.30,0.40,29.63,17,17,0,0.00,-0.10,0.10,28.94,17,17,0,0.31,0.30,0.40,29.05,17,17,0,3.31,3.10,3.50,27.35,17,0,0,0.09,0.00,0.10,29.73,17,17,0,1.08,1.00,1.10,29.13,17,17,0,0.22,0.20,0.30,28.94,17,17,0
1390305,0.36,0.30,0.40,29.62,17,17,0,-0.01,-0.10,0.10,28.97,17,17,0,0.31,0.30,0.40,29.03,17,17,0,3.24,2.50,3.60,27.36,17,0,0,0.11,0.10,0.20,29.72,17,17,0,1.08,1.00,1.10,29.13,17,17,0,0.25,0.20,0.30,28.95,17,17,0
1390812,0.35,0.30,0.40,29.64,17,17,0,-0.01,-0.10,0.10,28.96,17,17,0,0.33,0.30,0.40,29.00,17,17,0,3.13,2.90,3.50,27.38,17,0,0,0.10,0.00,0.20,29.72,17,17,0,1.09,1.00,1.10,29.15,17,17,0,0.24,0.20,0.30,28.95,17,17,0
1391313,0.36,0.30,0.40,29.63,17,17,0,0.02,0.00,0.10,28.98,17,17,0,0.31,0.30,0.40,29.05,17,17,0,3.06,2.60,3.40,27.37,17,0,0,0.11,0.10,0.20,29.72,17,17,0,1.09,1.00,1.10,29.14,17,17,0,0.24,0.20,0.30,28.94,17,17,0
1391813,0.38,0.30,0.40,29.62,17,17,0,-0.01,-0.10,0.10,28.96,17,17,0,0.31,0.30,0.40,29.02,17,17,0,2.38,-0.10,3.90,27.41,17,0,0,0.09,0.00,0.10,29.72,17,17,0,1.07,1.00,1.20,29.13,17,17,0,0.22,0.20,0.30,28.93,17,17,0
1392314,0.36,0.30,0.40,29.63,17,17,0,0.00,-0.10,0.10,28.96,17,17,0,0.32,0.30,0.40,29.03,17,17,0,1.78,-1.30,4.10,27.38,17,0,0,0.10,0.10,0.10,29.71,17,17,0,1.08,1.00,1.10,29.12,17,17,0,0.24,0.20,0.30,28.94,17,17,0
1392818,0.37,0.30,0.40,29.64,17,17,0,-0.01,-0.10,0.10,28.97,17,17,0,0.30,0.30,0.30,29.03,17,17,0,2.66,1.50,4.90,27.40,17,0,0,0.09,0.00,0.10,29.73,17,17,0,1.09,1.00,1.10,29.12,17,17,0,0.21,0.20,0.30,28.93,17,17,0
1393326,0.36,0.30,0.40,29.63,17,17,0,-0.02,-0.10,0.00,28.96,17,17,0,0.31,0.30,0.40,29.02,17,17,0,1.96,1.70,2.30,27.40,17,0,0,0.09,0.00,0.10,29.74,17,17,0,1.06,1.00,1.10,29.13,17,17,0,0.25,0.20,0.30,28.94,17,17,0
1393826,0.36,0.30,0.40,29.64,17,17,0,0.01,-0.10,0.10,28.96,17,17,0,0.32,0.30,0.40,29.02,17,17,0,1.74,0.90,2.30,27.42,17,0,0,0.10,0.00,0.20,29.73,17,17,0,1.06,1.00,1.10,29.15,17,17,0,0.24,0.20,0.30,28.95,17,17,0
1394326,0.35,0.30,0.40,29.63,17,17,0,-0.01,-0.10,0.10,28.97,17,17,0,0.32,0.30,0.40,29.03,17,17,0,2.12,1.40,2.70,27.44,17,0,0,0.10,0.00,0.20,29.73,17,17,0,1.08,1.00,1.10,29.13,17,17,0,0.24,0.20,0.30,28.92,17,17,0
1394829,0.35,0.30,0.40,29.64,17,17,0,0.00,-0.10,0.10,28.97,17,17,0,0.32,0.30,0.40,29.03,17,17,0,1.65,0.90,2.70,27.44,17,0,0,0.09,0.00,0.10,29.73,17,17,0,1.08,1.00,1.10,29.13,17,17,0,0.24,0.20,0.30,28.93,17,17,0
1395329,0.34,0.30,0.40,29.63,16,16,0,0.01,-0.10,0.10,28.97,16,16,0,0.30,0.30,0.30,29.01,16,16,0,1.76,1.30,2.30,27.45,16,0,0,0.10,0.10,0.10,29.73,16,16,0,1.09,1.00,1.10,29.14,16,16,0,0.23,0.20,0.30,28.95,16,16,0
1395829,0.36,0.30,0.40,29.63,17,17,0,0.01,-0.10,0.10,28.95,17,17,0,0.31,0.30,0.40,29.03,17,17,0,2.04,1.50,2.50,27.46,17,0,0,0.09,0.00,0.10,29.73,17,17,0,1.09,1.00,1.10,29.15,17,17,0,0.22,0.20,0.30,28.94,17,17,0
1396329,0.36,0.30,0.40,29.64,17,17,0,-0.03,-0.10,0.10,28.97,17,17,0,0.31,0.30,0.40,29.03,17,17,0,2.31,1.80,2.50,27.45,17,0,0,0.11,0.10,0.20,29.73,17,17,0,1.09,1.00,1.10,29.12,17,17,0,0.22,0.20,0.30,28.94,17,17,0
1396829,0.39,0.30,0.40,29.65,17,17,0,0.01,-0.10,0.10,28.96,17,17,0,0.32,0.30,0.40,29.03,17,17,0,2.44,1.90,3.00,27.48,17,0,0,0.11,0.10,0.20,29.74,17,17,0,1.07,1.00,1.10,29.14,17,17,0,0.23,0.20,0.30,28.94,17,17,0
1397329,0.34,0.30,0.40,29.62,17,17,0,-0.01,-0.10,0.10,28.95,17,17,0,0.34,0.30,0.40,29.04,17,17,0,2.81,2.20,3.30,27.47,17,0,0,0.11,0.10,0.20,29.74,17,17,0,1.09,1.00,1.10,29.13,17,17,0,0.22,0.20,0.30,28.94,17,17,0
1397836,0.36,0.30,0.40,29.63,17,17,0,-0.01,-0.10,0.10,28.97,17,17,0,0.32,0.30,0.40,29.04,17,17,0,166.72,-9.10,482.30,27.49,17,0,0,0.09,0.00,0.10,29.73,17,17,0,1.09,1.00,1.10,29.12,17,17,0,0.23,0.20,0.30,28.94,17,17,0
1398340,0.38,0.30,0.40,29.63,17,17,0,0.01,-0.10,0.10,28.98,17,17,0,0.34,0.30,0.40,29.01,17,17,0,443.30,383.50,639.50,26.63,17,0,0,0.10,0.10,0.10,29.73,17,17,0,1.07,1.00,1.10,29.14,17,17,0,0.23,0.20,0.30,28.94,17,17,0
1398848,0.36,0.30,0.40,29.62,17,17,0,0.03,-0.10,0.10,28.97,17,17,0,0.33,0.30,0.40,29.04,17,17,0,437.00,416.60,453.50,26.07,17,0,0,0.09,0.00,0.10,29.72,17,17,0,1.08,1.00,1.10,29.13,17,17,0,0.26,0.20,0.30,28.94,17,17,0
1399356,0.35,0.30,0.40,29.64,17,17,0,0.01,-0.10,0.10,28.97,17,17,0,0.32,0.30,0.40,29.03,17,17,0,491.12,460.70,522.30,25.77,17,0,0,0.09,0.00,0.10,29.73,17,17,0,1.08,1.00,1.10,29.14,17,17,0,0.24,0.20,0.30,28.94,17,17,0
1399859,0.36,0.30,0.40,29.62,17,17,0,0.00,-0.10,0.10,28.96,17,17,0,0.34,0.30,0.40,29.04,17,17,0,568.30,528.90,603.00,25.56,17,0,0,0.10,0.10,0.10,29.75,17,17,0,1.08,1.00,1.10,29.14,17,17,0,0.22,0.20,0.30,28.92,17,17,0
1400359,0.36,0.30,0.40,29.64,16,16,0,0.03,0.00,0.10,28.97,16,16,0,0.30,0.30,0.30,29.03,16,16,0,641.91,603.10,683.40,25.39,16,0,0,0.11,0.10,0.20,29.74,16,16,0,1.08,1.00,1.10,29.15,16,16,0,0.23,0.20,0.30,28.93,16,16,0
1400859,0.38,0.30,0.40,29.65,17,17,0,-0.01,-0.10,0.10,28.96,17,17,0,0.31,0.30,0.40,29.03,17,17,0,719.02,688.50,740.90,25.26,17,0,0,0.10,0.10,0.10,29.73,17,17,0,1.09,1.00,1.10,29.14,17,17,0,0.22,0.20,0.30,28.95,17,17,0
1401371,0.36,0.30,0.40,29.63,17,17,0,-0.01,-0.10,0.10,28.97,17,17,0,0.32,0.30,0.40,29.04,17,17,0,774.50,752.90,791.20,25.15,17,0,0,0.09,0.00,0.10,29.73,17,17,0,1.08,1.00,1.10,29.14,17,17,0,0.21,0.20,0.30,28.93,17,17,0
1401871,0.36,0.30,0.40,29.63,17,17,0,-0.01,-0.10,0.10,28.97,17,17,0,0.34,0.30,0.40,29.04,17,17,0,805.57,798.20,811.20,25.08,17,0,0,0.10,0.10,0.10,29.75,17,17,0,1.08,1.00,1.10,29.15,17,17,0,0.24,0.20,0.30,28.94,17,17,0
1402372,0.35,0.30,0.40,29.65,17,17,0,0.01,-0.10,0.10,28.97,17,17,0,0.31,0.30,0.40,29.04,17,17,0,804.52,800.40,807.90,25.04,17,0,0,0.11,0.10,0.20,29.73,17,17,0,1.06,1.00,1.10,29.14,17,17,0,0.21,0.20,0.30,28.95,17,17,0
1402882,0.38,0.30,0.40,29.63,17,17,0,0.01,-0.10,0.10,28.97,17,17,0,0.31,0.30,0.40,29.02,17,17,0,805.09,800.70,809.10,25.00,17,0,0,0.10,0.10,0.10,29.73,17,17,0,1.05,1.00,1.10,29.14,17,17,0,0.23,0.20,0.30,28.93,17,17,0
1403392,0.35,0.30,0.40,29.65,17,17,0,0.00,-0.10,0.10,28.96,17,17,0,0.32,0.30,0.40,29.04,17,17,0,812.24,806.80,816.20,24.99,17,0,0,0.10,0.10,0.10,29.74,17,17,0,1.06,1.00,1.10,29.14,17,17,0,0.23,0.20,0.30,28.94,17,17,0
1403897,0.37,0.30,0.40,29.65,17,17,0,-0.01,-0.10,0.10,28.97,17,17,0,0.32,0.30,0.40,29.04,17,17,0,804.87,800.40,810.60,24.96,17,0,0,0.11,0.10,0.20,29.74,17,17,0,1.09,1.00,1.10,29.15,17,17,0,0.23,0.20,0.30,28.96,17,17,0
1404401,0.36,0.30,0.40,29.66,17,17,0,0.03,0.00,0.10,28.97,17,17,0,0.33,0.30,0.40,29.02,17,17,0,795.19,792.70,798.70,24.94,17,0,0,0.10,0.10,0.10,29.73,17,17,0,1.07,1.00,1.10,29.15,17,17,0,0.22,0.20,0.30,28.94,17,17,0
1404907,0.35,0.30,0.40,29.65,17,17,0,-0.02,-0.10,0.10,28.97,17,17,0,0.31,0.30,0.40,29.04,17,17,0,794.44,791.20,798.30,24.93,17,0,0,0.10,0.10,0.10,29.72,17,17,0,1.08,1.00,1.10,29.14,17,17,0,0.24,0.20,0.30,28.94,17,17,0
1405415,0.38,0.30,0.40,29.64,17,17,0,-0.01,-0.10,0.10,28.99,17,17,0,0.32,0.30,0.40,29.04,17,17,0,796.06,790.10,800.10,24.90,17,0,0,0.10,0.00,0.20,29.74,17,17,0,1.07,1.00,1.10,29.13,17,17,0,0.21,0.20,0.30,28.95,17,17,0
1405916,0.38,0.30,0.40,29.63,17,17,0,-0.01,-0.10,0.10,28.97,17,17,0,0.32,0.30,0.40,29.03,17,17,0,782.55,778.90,789.60,24.90,17,0,0,0.10,0.10,0.10,29.74,17,17,0,1.07,1.00,1.10,29.13,17,17,0,0.24,0.20,0.30,28.95,17,17,0
1406416,0.35,0.30,0.40,29.64,17,17,0,0.02,0.00,0.10,28.97,17,17,0,0.32,0.30,0.40,29.04,17,17,0,779.58,776.90,782.40,24.91,17,0,0,0.09,0.00,0.10,29.74,17,17,0,1.08,1.00,1.10,29.13,17,17,0,0.23,0.20,0.30,28.95,17,17,0
1406919,0.36,0.30,0.40,29.64,17,17,0,-0.01,-0.10,0.10,28.97,17,17,0,0.33,0.30,0.40,29.05,17,17,0,787.17,781.10,791.60,24.89,17,0,0,0.10,0.10,0.10,29.73,17,17,0,1.06,1.00,1.10,29.15,17,17,0,0.22,0.20,0.30,28.93,17,17,0
1407431,0.34,0.30,0.40,29.65,17,17,0,-0.02,-0.10,0.10,28.97,17,17,0,0.32,0.30,0.40,29.04,17,17,0,782.66,776.80,787.70,24.87,17,0,0,0.10,0.00,0.20,29.75,17,17,0,1.08,1.00,1.10,29.14,17,17,0,0.21,0.20,0.30,28.94,17,17,0
1407934,0.35,0.30,0.40,29.64,17,17,0,-0.01,-0.10,0.10,28.98,17,17,0,0.31,0.30,0.40,29.04,17,17,0,769.92,763.40,774.00,24.88,17,0,0,0.11,0.10,0.20,29.73,17,17,0,1.07,1.00,1.10,29.14,17,17,0,0.24,0.20,0.30,28.94,17,17,0
1408436,0.38,0.30,0.40,29.64,17,17,0,0.01,-0.10,0.10,29.00,17,17,0,0.33,0.30,0.40,29.04,17,17,0,772.64,767.50,780.30,24.85,17,0,0,0.09,0.00,0.10,29.75,17,17,0,1.08,1.00,1.10,29.13,17,17,0,0.23,0.20,0.30,28.95,17,17,0
1408939,0.38,0.30,0.40,29.65,17,17,0,0.01,-0.10,0.10,28.96,17,17,0,0.32,0.30,0.40,29.05,17,17,0,782.75,777.50,785.60,24.84,17,0,0,0.11,0.10,0.20,29.73,17,17,0,1.08,1.00,1.10,29.15,17,17,0,0.22,0.20,0.30,28.94,17,17,0
1409444,0.36,0.30,0.40,29.65,17,17,0,0.01,0.00,0.10,28.99,17,17,0,0.31,0.30,0.40,29.04,17,17,0,769.07,762.70,777.60,24.83,17,0,0,0.10,0.00,0.20,29.76,17,17,0,1.09,1.00,1.10,29.14,17,17,0,0.23,0.20,0.30,28.95,17,17,0
1409944,0.36,0.30,0.40,29.64,17,17,0,0.01,-0.10,0.10,28.98,17,17,0,0.31,0.30,0.40,29.05,17,17,0,761.12,757.90,765.60,24.84,17,0,0,0.11,0.10,0.20,29.74,17,17,0,1.07,1.00,1.10,29.16,17,17,0,0.24,0.20,0.30,28.96,17,17,0
1410444,0.38,0.30,0.40,29.64,17,17,0,-0.01,-0.10,0.10,28.97,17,17,0,0.33,0.30,0.40,29.04,17,17,0,773.38,764.50,779.90,24.82,17,0,0,0.11,0.10,0.20,29.75,17,17,0,1.07,1.00,1.10,29.14,17,17,0,0.26,0.20,0.30,28.96,17,17,0
1410957,0.37,0.30,0.40,29.67,17,17,0,0.01,-0.10,0.10,28.99,17,17,0,0.32,0.30,0.40,29.03,17,17,0,775.45,766.30,782.00,24.82,17,0,0,0.11,0.10,0.20,29.76,17,17,0,1.08,1.00,1.10,29.14,17,17,0,0.26,0.20,0.30,28.96,17,17,0
1411465,0.38,0.30,0.40,29.63,17,17,0,-0.01,-0.10,0.00,28.96,17,17,0,0.31,0.30,0.40,29.04,17,17,0,762.87,758.80,766.10,24.82,17,0,0,0.10,0.10,0.10,29.74,17,17,0,1.06,1.00,1.10,29.14,17,17,0,0.24,0.20,0.30,28.93,17,17,0
1411978,0.38,0.30,0.40,29.65,17,17,0,-0.01,-0.10,0.10,28.99,17,17,0,0.32,0.30,0.40,29.04,17,17,0,764.57,759.90,772.10,24.80,17,0,0,0.11,0.10,0.20,29.74,17,17,0,1.08,1.00,1.10,29.12,17,17,0,0.22,0.20,0.30,28.95,17,17,0
1412478,0.36,0.30,0.40,29.65,17,17,0,-0.01,-0.10,0.10,28.98,17,17,0,0.32,0.30,0.40,29.05,17,17,0,776.11,773.30,779.80,24.78,17,0,0,0.11,0.10,0.20,29.74,17,17,0,1.08,1.00,1.10,29.15,17,17,0,0.24,0.20,0.30,28.96,17,17,0
1412978,0.38,0.30,0.40,29.64,17,17,0,0.02,-0.10,0.10,28.98,17,17,0,0.32,0.30,0.40,29.04,17,17,0,765.54,758.10,773.90,24.80,17,0,0,0.11,0.10,0.20,29.75,17,17,0,1.07,1.00,1.10,29.14,17,17,0,0.25,0.20,0.30,28.95,17,17,0
1413489,0.38,0.30,0.40,29.64,17,17,0,0.01,-0.10,0.10,28.99,17,17,0,0.34,0.30,0.40,29.04,17,17,0,759.59,753.40,763.40,24.79,17,0,0,0.11,0.10,0.20,29.75,17,17,0,1.08,1.00,1.10,29.15,17,17,0,0.25,0.20,0.30,28.95,17,17,0
1413989,0.35,0.30,0.40,29.65,17,17,0,0.01,-0.10,0.10,28.99,17,17,0,0.33,0.30,0.40,29.04,17,17,0,772.32,763.90,778.80,24.81,17,0,0,0.09,0.00,0.10,29.76,17,17,0,1.07,1.00,1.10,29.16,17,17,0,0.21,0.20,0.30,28.92,17,17,0
1414489,0.34,0.30,0.40,29.65,17,17,0,0.00,-0.10,0.10,28.99,17,17,0,0.33,0.30,0.40,29.05,17,17,0,774.59,765.50,780.90,24.78,17,0,0,0.11,0.10,0.20,29.75,17,17,0,1.08,1.00,1.10,29.14,17,17,0,0.23,0.20,0.30,28.94,17,17,0
1414989,0.37,0.30,0.40,29.65,17,17,0,0.01,-0.10,0.10,28.98,17,17,0,0.32,0.30,0.40,29.05,17,17,0,760.93,754.60,765.30,24.78,17,0,0,0.11,0.10,0.20,29.74,17,17,0,1.08,1.00,1.10,29.15,17,17,0,0.25,0.20,0.30,28.96,17,17,0
1415489,0.36,0.30,0.40,29.66,16,16,0,-0.02,-0.10,0.00,28.99,16,16,0,0.33,0.30,0.40,29.03,16,16,0,760.92,755.90,769.20,24.79,16,0,0,0.09,0.00,0.10,29.73,16,16,0,1.09,1.00,1.10,29.15,16,16,0,0.24,0.20,0.30,28.95,16,16,0
1415991,0.36,0.30,0.40,29.64,17,17,0,0.01,-0.10,0.10,28.96,17,17,0,0.31,0.30,0.40,29.05,17,17,0,774.79,769.10,780.10,24.76,17,0,0,0.11,0.10,0.20,29.74,17,17,0,1.08,1.00,1.10,29.16,17,17,0,0.22,0.20,0.30,28.94,17,17,0
1416497,0.37,0.30,0.40,29.66,17,17,0,-0.01,-0.10,0.10,28.98,17,17,0,0.32,0.30,0.40,29.06,17,17,0,766.45,758.80,776.30,24.78,17,0,0,0.10,0.10,0.10,29.74,17,17,0,1.08,1.00,1.10,29.15,17,17,0,0.24,0.20,0.30,28.93,17,17,0
1417001,0.37,0.30,0.40,29.65,17,17,0,0.00,-0.10,0.10,28.97,17,17,0,0.31,0.30,0.40,29.05,17,17,0,756.26,753.30,760.50,24.77,17,0,0,0.12,0.10,0.20,29.73,17,17,0,1.06,1.00,1.10,29.16,17,17,0,0.22,0.20,0.30,28.95,17,17,0
1417509,0.35,0.30,0.40,29.65,17,17,0,0.01,0.00,0.10,28.97,17,17,0,0.33,0.30,0.40,29.05,17,17,0,768.79,759.80,775.00,24.76,17,0,0,0.10,0.10,0.10,29.75,17,17,0,1.07,1.00,1.10,29.14,17,17,0,0.24,0.20,0.30,28.96,17,17,0
1418010,0.38,0.30,0.40,29.63,17,17,0,0.01,-0.10,0.10,28.98,17,17,0,0.33,0.30,0.40,29.06,17,17,0,772.79,765.00,777.90,24.76,17,0,0,0.11,0.10,0.20,29.74,17,17,0,1.06,1.00,1.10,29.15,17,17,0,0.24,0.20,0.30,28.95,17,17,0
1418510,0.35,0.30,0.40,29.65,17,17,0,0.01,-0.10,0.10,28.98,17,17,0,0.34,0.30,0.40,29.05,17,17,0,760.53,757.70,764.60,24.75,17,0,0,0.10,0.10,0.10,29.75,17,17,0,1.08,1.00,1.10,29.15,17,17,0,0.23,0.20,0.30,28.94,17,17,0
1419010,0.36,0.30,0.40,29.65,16,16,0,0.01,-0.10,0.10,28.99,16,16,0,0.31,0.30,0.40,29.05,16,16,0,761.07,757.50,766.10,24.76,16,0,0,0.11,0.00,0.20,29.73,16,16,0,1.09,1.00,1.10,29.15,16,16,0,0.25,0.20,0.30,28.95,16,16,0
1419519,0.37,0.30,0.40,29.66,17,17,0,0.02,-0.10,0.10,28.98,17,17,0,0.32,0.30,0.40,29.05,17,17,0,773.94,768.00,777.20,24.74,17,0,0,0.10,0.10,0.10,29.75,17,17,0,1.06,1.00,1.10,29.14,17,17,0,0.24,0.20,0.30,28.96,17,17,0
1420019,0.38,0.30,0.40,29.65,17,17,0,0.02,-0.10,0.10,28.99,17,17,0,0.34,0.30,0.40,29.06,17,17,0,765.84,761.80,773.60,24.73,17,0,0,0.11,0.10,0.20,29.74,17,17,0,1.08,1.00,1.10,29.14,17,17,0,0.25,0.20,0.30,28.95,17,17,0
1420522,0.38,0.30,0.40,29.65,17,17,0,-0.01,-0.10,0.10,28.98,17,17,0,0.33,0.30,0.40,29.04,17,17,0,760.92,758.10,763.60,24.72,17,0,0,0.11,0.10,0.20,29.74,17,17,0,1.08,1.00,1.10,29.15,17,17,0,0.23,0.20,0.30,28.94,17,17,0
1421032,0.37,0.30,0.40,29.65,17,17,0,-0.02,-0.10,0.10,28.98,17,17,0,0.31,0.30,0.40,29.06,17,17,0,769.12,762.30,775.50,24.75,17,0,0,0.11,0.10,0.20,29.75,17,17,0,1.09,1.00,1.10,29.16,17,17,0,0.24,0.20,0.30,28.97,17,17,0
1421537,0.37,0.30,0.40,29.65,17,17,0,0.00,-0.10,0.10,28.98,17,17,0,0.34,0.30,0.40,29.06,17,17,0,770.18,762.30,777.40,24.71,17,0,0,0.11,0.10,0.20,29.75,17,17,0,1.08,1.00,1.10,29.16,17,17,0,0.24,0.20,0.30,28.97,17,17,0
1422040,0.36,0.30,0.40,29.66,17,17,0,0.00,-0.10,0.10,28.97,17,17,0,0.31,0.30,0.40,29.05,17,17,0,761.27,759.50,763.60,24.73,17,0,0,0.09,0.00,0.10,29.76,17,17,0,1.09,1.00,1.10,29.15,17,17,0,0.24,0.20,0.30,28.96,17,17,0
1422540,0.36,0.30,0.40,29.63,17,17,0,0.01,-0.10,0.10,28.99,17,17,0,0.32,0.30,0.40,29.05,17,17,0,761.99,758.30,766.00,24.72,17,0,0,0.10,0.10,0.10,29.75,17,17,0,1.08,1.00,1.10,29.14,17,17,0,0.24,0.20,0.30,28.95,17,17,0
1423040,0.36,0.30,0.40,29.63,17,17,0,-0.02,-0.10,0.10,28.96,17,17,0,0.33,0.30,0.40,29.06,17,17,0,773.78,771.00,778.10,24.72,17,0,0,0.11,0.10,0.20,29.76,17,17,0,1.09,1.00,1.10,29.14,17,17,0,0.24,0.20,0.30,28.96,17,17,0
1423551,0.39,0.30,0.40,29.68,17,17,0,-0.01,-0.10,0.10,28.97,17,17,0,0.32,0.30,0.40,29.06,17,17,0,770.48,767.70,776.70,24.71,17,0,0,0.09,0.00,0.10,29.75,17,17,0,1.05,1.00,1.10,29.13,17,17,0,0.25,0.20,0.30,28.94,17,17,0
1424053,0.39,0.30,0.40,29.65,17,17,0,-0.01,-0.10,0.10,28.99,17,17,0,0.34,0.30,0.40,29.05,17,17,0,768.49,764.90,771.70,24.69,17,0,0,0.10,0.10,0.10,29.75,17,17,0,1.06,1.00,1.10,29.15,17,17,0,0.24,0.20,0.30,28.94,17,17,0
1424555,0.38,0.30,0.40,29.64,17,17,0,0.01,0.00,0.10,28.98,17,17,0,0.34,0.30,0.40,29.05,17,17,0,775.58,770.90,779.60,24.70,17,0,0,0.12,0.10,0.20,29.75,17,17,0,1.08,1.00,1.10,29.16,17,17,0,0.23,0.20,0.30,28.96,17,17,0
1425061,0.37,0.30,0.40,29.65,17,17,0,-0.01,-0.10,0.10,28.98,17,17,0,0.32,0.30,0.40,29.05,17,17,0,777.27,773.50,781.40,24.69,17,0,0,0.10,0.10,0.10,29.75,17,17,0,1.08,1.00,1.10,29.16,17,17,0,0.26,0.20,0.30,28.96,17,17,0
1425561,0.38,0.30,0.40,29.63,17,17,0,-0.04,-0.10,0.10,28.98,17,17,0,0.33,0.30,0.40,29.07,17,17,0,773.01,770.90,775.10,24.69,17,0,0,0.11,0.10,0.20,29.75,17,17,0,1.08,1.00,1.10,29.14,17,17,0,0.22,0.20,0.30,28.94,17,17,0
1426061,0.36,0.30,0.40,29.64,16,16,0,-0.01,-0.10,0.10,28.99,16,16,0,0.34,0.30,0.40,29.04,16,16,0,777.99,773.70,781.70,24.68,16,0,0,0.11,0.10,0.20,29.75,16,16,0,1.09,1.00,1.10,29.15,16,16,0,0.23,0.20,0.30,28.97,16,16,0
1426561,0.36,0.30,0.40,29.64,17,17,0,-0.01,-0.10,0.10,28.99,17,17,0,0.34,0.30,0.40,29.05,17,17,0,784.44,779.90,787.10,24.69,17,0,0,0.09,0.00,0.10,29.74,17,17,0,1.08,1.00,1.10,29.16,17,17,0,0.24,0.20,0.30,28.97,17,17,0
1427061,0.35,0.30,0.40,29.65,17,17,0,-0.01,-0.10,0.00,28.98,17,17,0,0.32,0.30,0.40,29.05,17,17,0,781.22,777.80,786.60,24.70,17,0,0,0.11,0.10,0.20,29.76,17,17,0,1.08,1.00,1.10,29.15,17,17,0,0.22,0.20,0.30,28.96,17,17,0
1427561,0.35,0.30,0.40,29.66,17,17,0,0.00,-0.10,0.10,28.98,17,17,0,0.32,0.30,0.40,29.05,17,17,0,781.69,778.30,786.70,24.68,17,0,0,0.10,0.10,0.10,29.76,17,17,0,1.08,1.00,1.10,29.14,17,17,0,0.24,0.20,0.30,28.96,17,17,0
1428069,0.37,0.30,0.40,29.66,17,17,0,0.00,-0.10,0.10,28.98,17,17,0,0.32,0.30,0.40,29.05,17,17,0,793.41,786.70,801.00,24.67,17,0,0,0.10,0.10,0.10,29.76,17,17,0,1.08,1.00,1.10,29.14,17,17,0,0.23,0.20,0.30,28.95,17,17,0
1428575,0.37,0.30,0.40,29.64,17,17,0,0.00,-0.10,0.10,28.99,17,17,0,0.32,0.30,0.40,29.03,17,17,0,797.56,793.60,801.50,24.66,17,0,0,0.09,0.00,0.10,29.76,17,17,0,1.09,1.00,1.10,29.14,17,17,0,0.24,0.20,0.30,28.94,17,17,0
1429075,0.35,0.30,0.40,29.65,17,17,0,0.00,-0.10,0.10,28.98,17,17,0,0.32,0.30,0.40,29.04,17,17,0,791.96,789.30,794.10,24.65,17,0,0,0.11,0.10,0.20,29.75,17,17,0,1.08,1.00,1.10,29.16,17,17,0,0.22,0.20,0.30,28.96,17,17,0
1429586,0.36,0.30,0.40,29.64,17,17,0,-0.01,-0.10,0.00,28.99,17,17,0,0.32,0.30,0.40,29.05,17,17,0,795.41,792.60,797.20,24.65,17,0,0,0.11,0.10,0.20,29.75,17,17,0,1.09,1.00,1.10,29.14,17,17,0,0.23,0.20,0.30,28.96,17,17,0
1430091,0.36,0.30,0.40,29.65,17,17,0,-0.01,-0.10,0.10,28.99,17,17,0,0.32,0.30,0.40,29.04,17,17,0,802.21,798.90,805.40,24.65,17,0,0,0.12,0.10,0.20,29.75,17,17,0,1.08,1.00,1.10,29.15,17,17,0,0.22,0.20,0.30,28.95,17,17,0
1430591,0.36,0.30,0.40,29.67,17,17,0,-0.04,-0.10,0.00,28.97,17,17,0,0.32,0.30,0.40,29.06,17,17,0,796.75,792.80,801.30,24.64,17,0,0,0.10,0.00,0.20,29.74,17,17,0,1.08,1.00,1.10,29.14,17,17,0,0.22,0.20,0.30,28.95,17,17,0
1431091,0.38,0.30,0.40,29.66,17,17,0,-0.02,-0.10,0.10,28.97,17,17,0,0.31,0.30,0.40,29.06,17,17,0,793.11,790.30,796.50,24.63,17,0,0,0.11,0.10,0.20,29.75,17,17,0,1.08,1.00,1.10,29.16,17,17,0,0.25,0.20,0.30,28.96,17,17,0
1431592,0.39,0.30,0.40,29.64,17,17,0,-0.01,-0.10,0.10,28.97,17,17,0,0.33,0.30,0.40,29.06,17,17,0,800.27,762.90,824.10,24.64,17,0,0,0.09,0.00,0.10,29.76,17,17,0,1.07,1.00,1.10,29.17,17,17,0,0.22,0.20,0.30,28.95,17,17,0
1432094,0.36,0.30,0.40,29.64,17,17,0,0.01,-0.10,0.10,28.97,17,17,0,0.32,0.30,0.40,29.06,17,17,0,800.34,787.40,810.70,24.64,17,0,0,0.10,0.10,0.10,29.74,17,17,0,1.06,1.00,1.10,29.16,17,17,0,0.24,0.20,0.30,28.95,17,17,0
1432594,0.38,0.30,0.40,29.66,17,17,0,-0.01,-0.10,0.10,28.98,17,17,0,0.31,0.30,0.40,29.05,17,17,0,788.01,773.90,807.80,24.64,17,0,0,0.10,0.00,0.20,29.75,17,17,0,1.09,1.00,1.10,29.14,17,17,0,0.23,0.20,0.30,28.95,17,17,0
1433102,0.36,0.30,0.40,29.67,17,17,0,0.01,-0.10,0.10,28.99,17,17,0,0.31,0.30,0.40,29.05,17,17,0,789.67,785.50,795.70,24.63,17,0,0,0.10,0.10,0.10,29.74,17,17,0,1.07,1.00,1.10,29.15,17,17,0,0.24,0.20,0.30,28.96,17,17,0
1433613,0.36,0.30,0.40,29.66,17,17,0,-0.01,-0.10,0.10,28.99,17,17,0,0.33,0.30,0.40,29.06,17,17,0,800.25,795.80,804.10,24.64,17,0,0,0.09,0.00,0.10,29.76,17,17,0,1.07,1.00,1.10,29.15,17,17,0,0.25,0.20,0.30,28.95,17,17,0
1434117,0.36,0.30,0.40,29.66,17,17,0,0.01,-0.10,0.10,28.99,17,17,0,0.32,0.30,0.40,29.06,17,17,0,787.21,781.60,795.20,24.63,17,0,0,0.10,0.10,0.10,29.74,17,17,0,1.06,1.00,1.10,29.16,17,17,0,0.22,0.20,0.30,28.95,17,17,0
1434623,0.37,0.30,0.40,29.65,17,17,0,0.00,-0.10,0.10,28.98,17,17,0,0.32,0.30,0.40,29.06,17,17,0,781.55,778.00,785.60,24.64,17,0,0,0.10,0.10,0.10,29.76,17,17,0,1.09,1.00,1.10,29.16,17,17,0,0.23,0.20,0.30,28.96,17,17,0
1435123,0.38,0.30,0.40,29.64,17,17,0,-0.02,-0.10,0.10,28.99,17,17,0,0.34,0.30,0.40,29.06,17,17,0,788.05,782.70,794.70,24.61,17,0,0,0.11,0.10,0.20,29.76,17,17,0,1.06,1.00,1.10,29.16,17,17,0,0.22,0.20,0.30,28.95,17,17,0
1435635,0.38,0.30,0.40,29.65,17,17,0,-0.01,-0.10,0.10,28.99,17,17,0,0.31,0.30,0.40,29.05,17,17,0,784.32,776.60,792.70,24.62,17,0,0,0.11,0.00,0.20,29.76,17,17,0,1.08,1.00,1.10,29.15,17,17,0,0.21,0.20,0.30,28.95,17,17,0
1436135,0.38,0.30,0.40,29.65,17,17,0,-0.01,-0.10,0.10,28.98,17,17,0,0.32,0.30,0.40,29.04,17,17,0,773.71,770.50,776.60,24.63,17,0,0,0.10,0.10,0.10,29.76,17,17,0,1.09,1.00,1.10,29.16,17,17,0,0.21,0.20,0.30,28.94,17,17,0
1436635,0.38,0.30,0.40,29.64,17,17,0,0.02,-0.10,0.10,28.99,17,17,0,0.31,0.30,0.40,29.06,17,17,0,775.74,770.90,779.60,24.62,17,0,0,0.11,0.10,0.20,29.76,17,17,0,1.08,1.00,1.10,29.16,17,17,0,0.22,0.20,0.30,28.96,17,17,0
1437137,0.38,0.30,0.40,29.65,17,17,0,-0.02,-0.10,0.10,28.99,17,17,0,0.31,0.30,0.40,29.05,17,17,0,784.39,778.70,787.80,24.60,17,0,0,0.09,0.00,0.10,29.77,17,17,0,1.07,1.00,1.10,29.14,17,17,0,0.22,0.20,0.30,28.95,17,17,0
1437641,0.38,0.30,0.40,29.64,17,17,0,0.00,-0.10,0.10,28.98,17,17,0,0.31,0.30,0.40,29.05,17,17,0,772.98,767.20,779.00,24.61,17,0,0,0.11,0.10,0.20,29.76,17,17,0,1.07,1.00,1.10,29.15,17,17,0,0.22,0.20,0.30,28.96,17,17,0
1438141,0.36,0.30,0.40,29.66,16,16,0,0.03,0.00,0.10,28.98,16,16,0,0.32,0.30,0.40,29.05,16,16,0,767.29,764.00,771.40,24.62,16,0,0,0.10,0.10,0.10,29.75,16,16,0,1.08,1.00,1.10,29.17,16,16,0,0.24,0.20,0.30,28.95,16,16,0
1438641,0.36,0.30,0.40,29.65,17,17,0,0.00,-0.10,0.10,28.98,17,17,0,0.31,0.30,0.40,29.05,17,17,0,775.42,769.80,782.80,24.59,17,0,0,0.11,0.10,0.20,29.75,17,17,0,1.10,1.10,1.10,29.15,17,17,0,0.22,0.20,0.30,28.94,17,17,0
1439141,0.38,0.30,0.40,29.65,17,17,0,0.01,-0.10,0.10,28.98,17,17,0,0.32,0.30,0.40,29.05,17,17,0,776.06,770.60,781.60,24.61,17,0,0,0.11,0.10,0.20,29.76,17,17,0,1.07,1.00,1.10,29.16,17,17,0,0.21,0.20,0.30,28.96,17,17,0
1439644,0.38,0.30,0.40,29.65,17,17,0,-0.01,-0.10,0.10,28.98,17,17,0,0.33,0.30,0.40,29.04,17,17,0,766.44,763.30,770.20,24.63,17,0,0,0.10,0.00,0.20,29.74,17,17,0,1.08,1.00,1.10,29.16,17,17,0,0.22,0.20,0.30,28.94,17,17,0
1440150,0.36,0.30,0.40,29.64,17,17,0,0.01,-0.10,0.10,28.98,17,17,0,0.34,0.30,0.40,29.05,17,17,0,766.06,763.20,768.90,24.61,17,0,0,0.10,0.10,0.10,29.74,17,17,0,1.08,1.00,1.10,29.17,17,17,0,0.22,0.20,0.30,28.96,17,17,0
1440653,0.36,0.30,0.40,29.64,17,17,0,0.01,-0.10,0.10,28.97,17,17,0,0.34,0.30,0.40,29.03,17,17,0,771.87,769.00,775.60,24.61,17,0,0,0.11,0.10,0.20,29.76,17,17,0,1.08,1.00,1.10,29.16,17,17,0,0.24,0.20,0.30,28.95,17,17,0
1441153,0.35,0.30,0.40,29.66,17,17,0,-0.01,-0.10,0.10,28.99,17,17,0,0.32,0.30,0.40,29.06,17,17,0,760.50,752.80,769.70,24.61,17,0,0,0.09,0.00,0.10,29.75,17,17,0,1.09,1.00,1.10,29.16,17,17,0,0.25,0.20,0.30,28.94,17,17,0
1441665,0.35,0.30,0.40,29.66,17,17,0,0.00,-0.10,0.10,28.98,17,17,0,0.31,0.30,0.40,29.03,17,17,0,755.71,751.60,760.90,24.62,17,0,0,0.10,0.10,0.10,29.76,17,17,0,1.08,1.00,1.10,29.15,17,17,0,0.24,0.20,0.30,28.95,17,17,0
1442168,0.39,0.30,0.40,29.65,17,17,0,-0.02,-0.10,0.10,28.97,17,17,0,0.32,0.30,0.40,29.04,17,17,0,763.53,758.60,770.10,24.60,17,0,0,0.10,0.10,0.10,29.74,17,17,0,1.08,1.00,1.10,29.16,17,17,0,0.22,0.20,0.30,28.95,17,17,0
1442675,0.36,0.30,0.40,29.65,17,17,0,0.01,-0.10,0.10,28.97,17,17,0,0.32,0.30,0.40,29.04,17,17,0,763.89,758.00,767.80,24.61,17,0,0,0.09,0.00,0.10,29.75,17,17,0,1.08,1.00,1.10,29.16,17,17,0,0.24,0.20,0.30,28.96,17,17,0
1443179,0.36,0.30,0.40,29.65,17,17,0,0.02,-0.10,0.10,28.98,17,17,0,0.32,0.30,0.40,29.06,17,17,0,752.51,749.30,756.80,24.61,17,0,0,0.10,0.10,0.10,29.75,17,17,0,1.06,1.00,1.10,29.15,17,17,0,0.22,0.20,0.30,28.95,17,17,0
1443684,0.39,0.30,0.40,29.64,17,17,0,0.00,-0.10,0.10,28.97,17,17,0,0.30,0.30,0.30,29.05,17,17,0,755.45,751.30,760.60,24.60,17,0,0,0.10,0.10,0.10,29.76,17,17,0,1.05,1.00,1.10,29.16,17,17,0,0.21,0.20,0.30,28.96,17,17,0
1444184,0.37,0.30,0.40,29.65,17,17,0,-0.01,-0.10,0.10,28.97,17,17,0,0.32,0.30,0.40,29.05,17,17,0,767.55,762.80,771.50,24.60,17,0,0,0.10,0.10,0.10,29.75,17,17,0,1.08,1.00,1.10,29.14,17,17,0,0.24,0.20,0.30,28.95,17,17,0
1444684,0.36,0.30,0.40,29.66,17,17,0,-0.01,-0.10,0.00,28.97,17,17,0,0.32,0.30,0.40,29.04,17,17,0,757.76,751.30,765.20,24.61,17,0,0,0.10,0.10,0.10,29.75,17,17,0,1.08,1.00,1.10,29.16,17,17,0,0.21,0.20,0.30,28.95,17,17,0
1445185,0.36,0.30,0.40,29.65,17,17,0,-0.02,-0.10,0.10,28.98,17,17,0,0.31,0.30,0.40,29.06,17,17,0,750.86,747.40,754.10,24.61,17,0,0,0.10,0.10,0.10,29.75,17,17,0,1.08,1.00,1.10,29.16,17,17,0,0.22,0.20,0.30,28.95,17,17,0
1445687,0.39,0.30,0.40,29.64,17,17,0,-0.01,-0.10,0.10,28.96,17,17,0,0.32,0.30,0.40,29.05,17,17,0,760.35,752.90,768.20,24.60,17,0,0,0.11,0.10,0.20,29.77,17,17,0,1.08,1.00,1.10,29.15,17,17,0,0.21,0.20,0.30,28.97,17,17,0
1446188,0.35,0.30,0.40,29.65,17,17,0,-0.01,-0.10,0.10,28.98,17,17,0,0.32,0.30,0.40,29.07,17,17,0,762.49,755.10,768.00,24.60,17,0,0,0.09,0.00,0.10,29.76,17,17,0,1.08,1.00,1.10,29.15,17,17,0,0.24,0.20,0.30,28.98,17,17,0
1446688,0.36,0.30,0.40,29.66,17,17,0,-0.01,-0.10,0.10,28.97,17,17,0,0.32,0.30,0.40,29.04,17,17,0,749.73,745.70,754.20,24.61,17,0,0,0.11,0.10,0.20,29.76,17,17,0,1.09,1.00,1.10,29.15,17,17,0,0.22,0.20,0.30,28.95,17,17,0
1447188,0.34,0.30,0.40,29.64,17,17,0,-0.01,-0.10,0.10,28.96,17,17,0,0.32,0.30,0.40,29.06,17,17,0,753.46,748.10,759.70,24.60,17,0,0,0.10,0.10,0.10,29.75,17,17,0,1.08,1.00,1.10,29.15,17,17,0,0.26,0.20,0.30,28.94,17,17,0
1447688,0.36,0.30,0.40,29.65,17,17,0,-0.01,-0.10,0.10,28.98,17,17,0,0.31,0.30,0.40,29.06,17,17,0,765.66,761.40,768.30,24.60,17,0,0,0.09,0.00,0.10,29.75,17,17,0,1.07,1.00,1.10,29.16,17,17,0,0.25,0.20,0.30,28.97,17,17,0
1448188,0.39,0.30,0.40,29.66,16,16,0,0.01,-0.10,0.10,28.99,16,16,0,0.31,0.30,0.40,29.05,16,16,0,757.47,752.30,766.60,24.60,16,0,0,0.11,0.10,0.20,29.75,16,16,0,1.09,1.00,1.10,29.15,16,16,0,0.26,0.20,0.30,28.96,16,16,0
1448701,0.35,0.30,0.40,29.65,17,17,0,0.01,-0.10,0.10,28.97,17,17,0,0.32,0.30,0.40,29.04,17,17,0,751.10,747.30,754.00,24.60,17,0,0,0.11,0.10,0.20,29.74,17,17,0,1.08,1.00,1.10,29.15,17,17,0,0.23,0.20,0.30,28.96,17,17,0
1449203,0.38,0.30,0.40,29.65,17,17,0,-0.01,-0.10,0.10,28.98,17,17,0,0.31,0.30,0.40,29.04,17,17,0,761.96,754.50,767.60,24.60,17,0,0,0.10,0.10,0.10,29.75,17,17,0,1.08,1.00,1.10,29.16,17,17,0,0.23,0.20,0.30,28.95,17,17,0
1449715,0.36,0.30,0.40,29.65,17,17,0,0.02,-0.10,0.10,28.99,17,17,0,0.31,0.30,0.40,29.03,17,17,0,765.79,758.50,770.70,24.59,17,0,0,0.11,0.10,0.20,29.75,17,17,0,1.08,1.00,1.10,29.14,17,17,0,0.22,0.20,0.30,28.96,17,17,0
1450219,0.38,0.30,0.40,29.64,17,17,0,0.01,-0.10,0.10,28.96,17,17,0,0.31,0.30,0.40,29.05,17,17,0,751.78,747.00,757.10,24.59,17,0,0,0.11,0.10,0.20,29.75,17,17,0,1.08,1.00,1.10,29.17,17,17,0,0.24,0.20,0.30,28.95,17,17,0
1450720,0.36,0.30,0.40,29.64,17,17,0,-0.01,-0.10,0.10,28.96,17,17,0,0.32,0.30,0.40,29.04,17,17,0,751.35,745.10,760.70,24.58,17,0,0,0.10,0.10,0.10,29.76,17,17,0,1.07,1.00,1.10,29.15,17,17,0,0.22,0.20,0.30,28.95,17,17,0
1451224,0.38,0.30,0.40,29.65,17,17,0,-0.02,-0.10,0.00,28.98,17,17,0,0.31,0.30,0.40,29.05,17,17,0,767.14,762.70,771.50,24.59,17,0,0,0.09,0.00,0.10,29.76,17,17,0,1.09,1.00,1.10,29.16,17,17,0,0.24,0.20,0.30,28.94,17,17,0
1451725,0.38,0.30,0.40,29.66,17,17,0,-0.02,-0.10,0.10,28.99,17,17,0,0.31,0.30,0.40,29.05,17,17,0,760.11,752.70,768.10,24.58,17,0,0,0.11,0.10,0.20,29.74,17,17,0,1.08,1.00,1.10,29.15,17,17,0,0.23,0.20,0.30,28.94,17,17,0
1452226,0.37,0.30,0.40,29.64,17,17,0,-0.01,-0.10,0.00,28.99,17,17,0,0.34,0.30,0.40,29.04,17,17,0,749.22,744.20,751.80,24.59,17,0,0,0.11,0.10,0.20,29.76,17,17,0,1.08,1.00,1.10,29.16,17,17,0,0.25,0.20,0.30,28.96,17,17,0
1452726,0.36,0.30,0.40,29.64,17,17,0,0.01,-0.10,0.10,29.00,17,17,0,0.33,0.30,0.40,29.04,17,17,0,758.51,749.40,764.80,24.59,17,0,0,0.11,0.00,0.20,29.75,17,17,0,1.08,1.00,1.10,29.15,17,17,0,0.22,0.20,0.30,28.98,17,17,0
1453233,0.37,0.30,0.40,29.65,17,17,0,-0.01,-0.10,0.10,28.98,17,17,0,0.31,0.30,0.40,29.03,17,17,0,764.38,759.00,767.70,24.59,17,0,0,0.11,0.10,0.20,29.77,17,17,0,1.10,1.10,1.10,29.15,17,17,0,0.24,0.20,0.30,28.96,17,17,0
1453743,0.38,0.30,0.40,29.65,17,17,0,0.01,-0.10,0.10,28.99,17,17,0,0.32,0.30,0.40,29.03,17,17,0,752.92,748.20,756.30,24.58,17,0,0,0.10,0.10,0.10,29.76,17,17,0,1.10,1.10,1.10,29.15,17,17,0,0.24,0.20,0.30,28.95,17,17,0
1454249,0.39,0.30,0.40,29.65,17,17,0,0.00,-0.10,0.10,28.98,17,17,0,0.32,0.30,0.40,29.04,17,17,0,754.08,746.10,761.80,24.59,17,0,0,0.11,0.10,0.20,29.75,17,17,0,1.08,1.00,1.10,29.16,17,17,0,0.22,0.20,0.30,28.96,17,17,0
1454749,0.38,0.30,0.40,29.64,17,17,0,0.01,-0.10,0.10,28.98,17,17,0,0.32,0.30,0.40,29.03,17,17,0,769.25,763.00,773.80,24.58,17,0,0,0.10,0.10,0.10,29.74,17,17,0,1.09,1.00,1.10,29.15,17,17,0,0.22,0.20,0.30,28.96,17,17,0
1455249,0.38,0.30,0.40,29.66,17,17,0,-0.01,-0.10,0.10,28.96,17,17,0,0.32,0.30,0.40,29.04,17,17,0,758.72,753.30,766.40,24.58,17,0,0,0.11,0.10,0.20,29.75,17,17,0,1.09,1.00,1.10,29.16,17,17,0,0.24,0.20,0.30,28.94,17,17,0
1455761,0.37,0.30,0.40,29.66,17,17,0,0.02,-0.10,0.10,28.98,17,17,0,0.33,0.30,0.40,29.03,17,17,0,752.24,748.50,755.10,24.59,17,0,0,0.11,0.10,0.20,29.74,17,17,0,1.09,1.00,1.10,29.16,17,17,0,0.22,0.20,0.30,28.96,17,17,0
1456264,0.37,0.30,0.40,29.66,17,17,0,-0.01,-0.10,0.10,28.97,17,17,0,0.32,0.30,0.40,29.04,17,17,0,760.88,753.90,768.60,24.58,17,0,0,0.11,0.10,0.20,29.75,17,17,0,1.07,1.00,1.10,29.13,17,17,0,0.22,0.20,0.30,28.95,17,17,0
1456764,0.37,0.30,0.40,29.64,16,16,0,0.00,-0.10,0.10,28.99,16,16,0,0.33,0.30,0.40,29.03,16,16,0,765.93,759.90,770.30,24.58,16,0,0,0.10,0.10,0.10,29.76,16,16,0,1.09,1.00,1.10,29.14,16,16,0,0.23,0.20,0.30,28.93,16,16,0
1457268,0.38,0.30,0.40,29.65,17,17,0,0.01,-0.10,0.10,28.98,17,17,0,0.31,0.30,0.40,29.03,17,17,0,756.25,753.40,759.80,24.59,17,0,0,0.09,0.00,0.10,29.75,17,17,0,1.09,1.00,1.10,29.15,17,17,0,0.22,0.20,0.30,28.95,17,17,0
1457773,0.35,0.30,0.40,29.64,17,17,0,0.01,-0.10,0.10,28.97,17,17,0,0.31,0.30,0.40,29.04,17,17,0,758.92,755.90,763.20,24.57,17,0,0,0.10,0.10,0.10,29.75,17,17,0,1.07,1.00,1.10,29.17,17,17,0,0.24,0.20,0.30,28.97,17,17,0
1458273,0.38,0.30,0.40,29.64,17,17,0,-0.01,-0.10,0.10,28.97,17,17,0,0.32,0.30,0.40,29.03,17,17,0,770.54,766.60,773.40,24.57,17,0,0,0.10,0.10,0.10,29.75,17,17,0,1.08,1.00,1.10,29.16,17,17,0,0.24,0.20,0.30,28.94,17,17,0
1458773,0.35,0.30,0.40,29.64,17,17,0,0.02,-0.10,0.10,28.98,17,17,0,0.33,0.30,0.40,29.03,17,17,0,767.11,763.40,770.40,24.58,17,0,0,0.09,0.00,0.10,29.76,17,17,0,1.07,1.00,1.10,29.16,17,17,0,0.23,0.20,0.30,28.97,17,17,0
1459275,0.34,0.30,0.40,29.64,17,17,0,-0.01,-0.10,0.10,28.99,17,17,0,0.34,0.30,0.40,29.04,17,17,0,767.10,763.90,771.30,24.58,17,0,0,0.12,0.10,0.20,29.75,17,17,0,1.06,1.00,1.10,29.16,17,17,0,0.22,0.20,0.30,28.95,17,17,0
1459780,0.37,0.30,0.40,29.64,17,17,0,-0.01,-0.10,0.10,28.98,17,17,0,0.32,0.30,0.40,29.05,17,17,0,769.74,764.40,774.70,24.58,17,0,0,0.10,0.10,0.10,29.75,17,17,0,1.09,1.00,1.10,29.16,17,17,0,0.22,0.20,0.30,28.95,17,17,0
1460286,0.35,0.30,0.40,29.65,17,17,0,0.00,-0.10,0.10,28.98,17,17,0,0.31,0.30,0.40,29.03,17,17,0,774.51,771.30,777.30,24.55,17,0,0,0.10,0.10,0.10,29.77,17,17,0,1.08,1.00,1.10,29.16,17,17,0,0.24,0.20,0.30,28.95,17,17,0
1460794,0.36,0.30,0.40,29.65,17,17,0,0.00,-0.10,0.10,28.98,17,17,0,0.31,0.30,0.40,29.05,17,17,0,769.11,766.10,772.30,24.58,17,0,0,0.10,0.10,0.10,29.76,17,17,0,1.10,1.10,1.10,29.16,17,17,0,0.22,0.20,0.30,28.96,17,17,0
1461296,0.38,0.30,0.40,29.65,17,17,0,0.01,-0.10,0.10,29.00,17,17,0,0.31,0.30,0.40,29.03,17,17,0,774.48,772.00,777.00,24.56,17,0,0,0.11,0.10,0.20,29.76,17,17,0,1.11,1.10,1.20,29.16,17,17,0,0.21,0.20,0.30,28.95,17,17,0
1461797,0.34,0.30,0.40,29.64,17,17,0,-0.01,-0.10,0.10,28.97,17,17,0,0.30,0.30,0.30,29.04,17,17,0,782.42,776.70,785.60,24.57,17,0,0,0.10,0.10,0.10,29.76,17,17,0,1.07,1.00,1.10,29.16,17,17,0,0.24,0.20,0.30,28.95,17,17,0
1462306,0.37,0.30,0.40,29.65,17,17,0,-0.02,-0.10,0.10,28.99,17,17,0,0.31,0.30,0.40,29.02,17,17,0,781.94,777.60,783.90,24.56,17,0,0,0.10,0.10,0.10,29.75,17,17,0,1.09,1.00,1.10,29.15,17,17,0,0.23,0.20,0.30,28.94,17,17,0
1462812,0.38,0.30,0.40,29.65,17,17,0,0.01,-0.10,0.10,28.98,17,17,0,0.31,0.30,0.40,29.03,17,17,0,782.89,779.80,786.60,24.55,17,0,0,0.10,0.10,0.10,29.76,17,17,0,1.08,1.00,1.10,29.17,17,17,0,0.24,0.20,0.30,28.96,17,17,0
1463315,0.36,0.30,0.40,29.65,17,17,0,0.01,-0.10,0.10,28.99,17,17,0,0.30,0.30,0.30,29.05,17,17,0,786.71,780.40,792.90,24.55,17,0,0,0.09,0.00,0.10,29.74,17,17,0,1.09,1.00,1.10,29.15,17,17,0,0.21,0.20,0.30,28.96,17,17,0
1463820,0.35,0.30,0.40,29.63,17,17,0,0.00,-0.10,0.10,28.98,17,17,0,0.30,0.30,0.30,29.02,17,17,0,791.61,787.30,795.50,24.55,17,0,0,0.11,0.10,0.20,29.76,17,17,0,1.07,1.00,1.10,29.16,17,17,0,0.24,0.20,0.30,28.94,17,17,0
1464322,0.35,0.30,0.40,29.64,17,17,0,0.01,-0.10,0.10,28.96,17,17,0,0.30,0.30,0.30,29.04,17,17,0,784.78,782.90,788.00,24.55,17,0,0,0.09,0.00,0.10,29.76,17,17,0,1.09,1.00,1.10,29.15,17,17,0,0.23,0.20,0.30,28.96,17,17,0
1464822,0.36,0.30,0.40,29.64,17,17,0,0.01,-0.10,0.10,28.97,17,17,0,0.32,0.30,0.40,29.02,17,17,0,788.47,785.20,792.10,24.56,17,0,0,0.10,0.10,0.10,29.76,17,17,0,1.09,1.00,1.10,29.16,17,17,0,0.22,0.20,0.30,28.96,17,17,0
1465325,0.38,0.30,0.40,29.63,17,17,0,-0.01,-0.10,0.10,28.98,17,17,0,0.31,0.30,0.40,29.05,17,17,0,798.66,793.30,802.60,24.56,17,0,0,0.09,0.00,0.10,29.77,17,17,0,1.08,1.00,1.10,29.16,17,17,0,0.22,0.20,0.30,28.95,17,17,0
1465833,0.35,0.30,0.40,29.64,17,17,0,0.00,-0.10,0.10,28.97,17,17,0,0.31,0.30,0.40,29.05,17,17,0,793.24,788.30,799.50,24.55,17,0,0,0.10,0.10,0.10,29.76,17,17,0,1.08,1.00,1.10,29.15,17,17,0,0.22,0.20,0.30,28.95,17,17,0
1466340,0.35,0.30,0.40,29.64,17,17,0,-0.01,-0.10,0.10,28.98,17,17,0,0.31,0.30,0.40,29.03,17,17,0,790.97,787.20,794.20,24.56,17,0,0,0.10,0.00,0.20,29.75,17,17,0,1.10,1.10,1.10,29.15,17,17,0,0.23,0.20,0.30,28.95,17,17,0
1466851,0.36,0.30,0.40,29.63,17,17,0,0.00,-0.10,0.10,28.97,17,17,0,0.31,0.30,0.40,29.03,17,17,0,799.11,792.00,804.30,24.54,17,0,0,0.10,0.00,0.20,29.76,17,17,0,1.08,1.00,1.10,29.16,17,17,0,0.23,0.20,0.30,28.97,17,17,0
1467364,0.36,0.30,0.40,29.64,17,17,0,0.01,-0.10,0.10,28.98,17,17,0,0.31,0.30,0.40,29.05,17,17,0,799.56,794.90,802.90,24.54,17,0,0,0.11,0.10,0.20,29.74,17,17,0,1.07,1.00,1.10,29.16,17,17,0,0.23,0.20,0.30,28.96,17,17,0
1467865,0.36,0.30,0.40,29.64,17,17,0,0.01,-0.10,0.10,28.97,17,17,0,0.32,0.30,0.40,29.04,17,17,0,788.77,784.70,792.70,24.56,17,0,0,0.09,0.00,0.10,29.77,17,17,0,1.08,1.00,1.10,29.16,17,17,0,0.25,0.20,0.30,28.96,17,17,0
1468365,0.37,0.30,0.40,29.65,17,17,0,0.00,-0.10,0.10,28.99,17,17,0,0.33,0.30,0.40,29.03,17,17,0,790.66,787.00,795.20,24.52,17,0,0,0.10,0.00,0.20,29.77,17,17,0,1.08,1.00,1.10,29.17,17,17,0,0.24,0.20,0.30,28.96,17,17,0
1468865,0.38,0.30,0.40,29.64,17,17,0,0.00,-0.10,0.10,28.99,17,17,0,0.31,0.30,0.40,29.03,17,17,0,798.36,795.00,802.90,24.55,17,0,0,0.10,0.10,0.10,29.75,17,17,0,1.08,1.00,1.10,29.16,17,17,0,0.23,0.20,0.30,28.95,17,17,0
1469365,0.37,0.30,0.40,29.64,17,17,0,-0.01,-0.10,0.00,28.98,17,17,0,0.33,0.30,0.40,29.03,17,17,0,784.86,777.50,792.20,24.54,17,0,0,0.10,0.00,0.20,29.75,17,17,0,1.08,1.00,1.10,29.16,17,17,0,0.22,0.20,0.30,28.97,17,17,0
1469877,0.36,0.30,0.40,29.63,17,17,0,0.00,-0.10,0.10,28.97,17,17,0,0.31,0.30,0.40,29.03,17,17,0,777.87,775.40,781.60,24.54,17,0,0,0.11,0.10,0.20,29.76,17,17,0,1.09,1.00,1.10,29.17,17,17,0,0.24,0.20,0.30,28.94,17,17,0
1470379,0.36,0.30,0.40,29.65,17,17,0,0.00,-0.10,0.10,28.96,17,17,0,0.31,0.30,0.40,29.02,17,17,0,786.42,778.00,792.50,24.55,17,0,0,0.11,0.10,0.20,29.75,17,17,0,1.07,1.00,1.10,29.15,17,17,0,0.23,0.20,0.30,28.96,17,17,0
1470880,0.34,0.30,0.40,29.64,17,17,0,0.01,-0.10,0.10,28.99,17,17,0,0.33,0.30,0.40,29.02,17,17,0,786.55,778.50,792.60,24.55,17,0,0,0.09,0.00,0.10,29.76,17,17,0,1.08,1.00,1.10,29.16,17,17,0,0.21,0.20,0.30,28.94,17,17,0
1471380,0.37,0.30,0.40,29.63,17,17,0,-0.02,-0.10,0.10,28.99,17,17,0,0.31,0.30,0.40,29.04,17,17,0,770.75,765.40,777.20,24.55,17,0,0,0.11,0.10,0.20,29.76,17,17,0,1.08,1.00,1.10,29.15,17,17,0,0.22,0.20,0.30,28.95,17,17,0
1471880,0.36,0.30,0.40,29.65,16,16,0,0.00,-0.10,0.10,28.99,16,16,0,0.32,0.30,0.40,29.02,16,16,0,770.79,766.30,776.90,24.56,16,0,0,0.11,0.10,0.20,29.75,16,16,0,1.09,1.00,1.10,29.17,16,16,0,0.26,0.20,0.30,28.96,16,16,0
1472385,0.36,0.30,0.40,29.64,17,17,0,-0.01,-0.10,0.10,28.97,17,17,0,0.34,0.30,0.40,29.03,17,17,0,783.99,779.40,787.60,24.55,17,0,0,0.10,0.10,0.10,29.75,17,17,0,1.07,1.00,1.10,29.16,17,17,0,0.22,0.20,0.30,28.96,17,17,0
1472895,0.36,0.30,0.40,29.64,17,17,0,-0.01,-0.10,0.10,28.98,17,17,0,0.34,0.30,0.40,29.03,17,17,0,770.81,763.60,781.80,24.56,17,0,0,0.09,0.00,0.10,29.76,17,17,0,1.09,1.00,1.10,29.17,17,17,0,0.26,0.20,0.30,28.95,17,17,0
1473402,0.34,0.30,0.40,29.65,17,17,0,-0.03,-0.10,0.10,28.98,17,17,0,0.32,0.30,0.40,29.05,17,17,0,760.35,757.50,765.00,24.56,17,0,0,0.11,0.10,0.20,29.74,17,17,0,1.09,1.00,1.10,29.15,17,17,0,0.23,0.20,0.30,28.96,17,17,0
1473902,0.36,0.30,0.40,29.65,16,16,0,0.00,-0.10,0.10,28.98,16,16,0,0.31,0.30,0.40,29.03,16,16,0,770.74,764.20,777.80,24.55,16,0,0,0.09,0.00,0.10,29.76,16,16,0,1.08,1.00,1.10,29.15,16,16,0,0.23,0.20,0.30,28.96,16,16,0
1474414,0.35,0.30,0.40,29.66,17,17,0,-0.01,-0.10,0.10,28.99,17,17,0,0.33,0.30,0.40,29.03,17,17,0,774.10,767.50,781.40,24.55,17,0,0,0.11,0.10,0.20,29.74,17,17,0,1.06,1.00,1.10,29.16,17,17,0,0.22,0.20,0.30,28.96,17,17,0
1474919,0.37,0.30,0.40,29.64,17,17,0,0.04,-0.10,0.10,28.99,17,17,0,0.30,0.30,0.30,29.02,17,17,0,761.32,758.00,766.00,24.55,17,0,0,0.11,0.10,0.20,29.75,17,17,0,1.07,1.00,1.10,29.16,17,17,0,0.25,0.20,0.30,28.97,17,17,0
1475419,0.35,0.30,0.40,29.65,17,17,0,0.01,-0.10,0.10,28.98,17,17,0,0.32,0.30,0.40,29.03,17,17,0,760.34,754.30,765.20,24.56,17,0,0,0.11,0.10,0.20,29.76,17,17,0,1.08,1.00,1.10,29.16,17,17,0,0.23,0.20,0.30,28.96,17,17,0
1475919,0.37,0.30,0.40,29.65,15,15,0,-0.01,-0.10,0.00,28.98,15,15,0,0.33,0.30,0.40,29.03,15,15,0,768.89,765.80,771.00,24.57,15,0,0,0.11,0.10,0.20,29.77,15,15,0,1.09,1.00,1.10,29.17,15,15,0,0.24,0.20,0.30,28.95,15,15,0
1476422,0.36,0.30,0.40,29.66,17,17,0,0.01,-0.10,0.10,28.98,17,17,0,0.32,0.30,0.40,29.04,17,17,0,756.55,752.80,762.40,24.56,17,0,0,0.10,0.10,0.10,29.76,17,17,0,1.09,1.00,1.10,29.15,17,17,0,0.24,0.20,0.30,28.95,17,17,0
1476929,0.39,0.30,0.40,29.65,17,17,0,0.01,-0.10,0.10,28.98,17,17,0,0.32,0.30,0.40,29.03,17,17,0,749.95,746.90,752.60,24.55,17,0,0,0.11,0.10,0.20,29.76,17,17,0,1.07,1.00,1.10,29.16,17,17,0,0.21,0.20,0.30,28.96,17,17,0
1477429,0.36,0.30,0.40,29.65,17,17,0,-0.01,-0.10,0.10,28.98,17,17,0,0.32,0.30,0.40,29.04,17,17,0,758.77,752.80,765.20,24.55,17,0,0,0.10,0.10,0.10,29.74,17,17,0,1.09,1.00,1.10,29.14,17,17,0,0.22,0.20,0.30,28.96,17,17,0
1477937,0.37,0.30,0.40,29.66,17,17,0,0.01,-0.10,0.10,28.97,17,17,0,0.31,0.30,0.40,29.04,17,17,0,765.10,759.90,770.90,24.57,17,0,0,0.09,0.00,0.10,29.74,17,17,0,1.09,1.00,1.10,29.17,17,17,0,0.22,0.20,0.30,28.96,17,17,0
1478440,0.35,0.30,0.40,29.63,17,17,0,-0.02,-0.10,0.10,28.99,17,17,0,0.31,0.30,0.40,29.04,17,17,0,754.61,751.80,759.20,24.55,17,0,0,0.09,0.00,0.10,29.76,17,17,0,1.10,1.10,1.10,29.16,17,17,0,0.24,0.20,0.30,28.95,17,17,0
1478943,0.36,0.30,0.40,29.65,17,17,0,-0.01,-0.10,0.10,28.98,17,17,0,0.31,0.30,0.40,29.02,17,17,0,754.63,751.90,758.30,24.57,17,0,0,0.11,0.10,0.20,29.76,17,17,0,1.08,1.00,1.10,29.16,17,17,0,0.25,0.20,0.30,28.94,17,17,0
1479443,0.37,0.30,0.40,29.65,17,17,0,-0.01,-0.10,0.10,28.98,17,17,0,0.32,0.30,0.40,29.04,17,17,0,765.06,760.10,768.70,24.56,17,0,0,0.11,0.10,0.20,29.76,17,17,0,1.07,1.00,1.10,29.16,17,17,0,0.22,0.20,0.30,28.96,17,17,0
1479943,0.37,0.30,0.40,29.64,17,17,0,-0.01,-0.10,0.10,28.98,17,17,0,0.35,0.30,0.40,29.04,17,17,0,759.17,752.10,765.10,24.55,17,0,0,0.10,0.10,0.10,29.75,17,17,0,1.09,1.00,1.10,29.16,17,17,0,0.22,0.20,0.30,28.94,17,17,0
1480444,0.35,0.30,0.40,29.65,17,17,0,-0.03,-0.10,0.10,28.98,17,17,0,0.31,0.30,0.40,29.04,17,17,0,749.99,746.90,754.00,24.55,17,0,0,0.10,0.10,0.10,29.74,17,17,0,1.07,1.00,1.10,29.15,17,17,0,0.23,0.20,0.30,28.97,17,17,0
1480944,0.38,0.30,0.40,29.65,17,17,0,0.02,-0.10,0.10,28.99,17,17,0,0.32,0.30,0.40,29.05,17,17,0,757.65,751.80,764.90,24.56,17,0,0,0.09,0.00,0.10,29.76,17,17,0,1.09,1.00,1.10,29.17,17,17,0,0.27,0.20,0.30,28.96,17,17,0
1481456,0.38,0.30,0.40,29.65,17,17,0,-0.01,-0.10,0.00,28.97,17,17,0,0.32,0.30,0.40,29.04,17,17,0,765.55,759.20,770.80,24.55,17,0,0,0.11,0.10,0.20,29.75,17,17,0,1.08,1.00,1.10,29.15,17,17,0,0.25,0.20,0.30,28.94,17,17,0
1481965,0.37,0.30,0.40,29.65,17,17,0,0.01,-0.10,0.10,28.99,17,17,0,0.32,0.30,0.40,29.04,17,17,0,753.19,749.10,758.70,24.53,17,0,0,0.11,0.10,0.20,29.74,17,17,0,1.10,1.10,1.10,29.17,17,17,0,0.23,0.20,0.30,28.94,17,17,0
1482475,0.35,0.30,0.40,29.66,17,17,0,-0.01,-0.10,0.10,28.98,17,17,0,0.32,0.30,0.40,29.02,17,17,0,753.94,749.20,758.80,24.55,17,0,0,0.11,0.10,0.20,29.76,17,17,0,1.08,1.00,1.10,29.16,17,17,0,0.25,0.20,0.30,28.96,17,17,0
1482978,0.36,0.30,0.40,29.64,17,17,0,-0.02,-0.10,0.10,28.98,17,17,0,0.31,0.30,0.40,29.02,17,17,0,766.03,759.90,771.30,24.54,17,0,0,0.11,0.10,0.20,29.76,17,17,0,1.08,1.00,1.10,29.15,17,17,0,0.25,0.20,0.30,28.97,17,17,0
1483478,0.35,0.30,0.40,29.64,17,17,0,-0.01,-0.10,0.10,28.98,17,17,0,0.33,0.30,0.40,29.01,17,17,0,762.34,757.40,769.40,24.53,17,0,0,0.11,0.10,0.20,29.75,17,17,0,1.08,1.00,1.10,29.16,17,17,0,0.25,0.20,0.30,28.97,17,17,0
1483990,0.35,0.30,0.40,29.65,17,17,0,0.02,-0.10,0.10,29.00,17,17,0,0.31,0.30,0.40,29.05,17,17,0,754.81,752.70,757.60,24.54,17,0,0,0.09,0.00,0.10,29.77,17,17,0,1.08,1.00,1.10,29.15,17,17,0,0.24,0.20,0.30,28.96,17,17,0
1484499,0.37,0.30,0.40,29.66,17,17,0,-0.04,-0.10,0.00,28.99,17,17,0,0.31,0.30,0.40,29.03,17,17,0,762.84,756.50,767.40,24.55,17,0,0,0.11,0.10,0.20,29.75,17,17,0,1.08,1.00,1.10,29.17,17,17,0,0.22,0.20,0.30,28.95,17,17,0
1485006,0.38,0.30,0.40,29.63,17,17,0,-0.01,-0.10,0.10,28.99,17,17,0,0.32,0.30,0.40,29.03,17,17,0,763.23,757.60,766.50,24.56,17,0,0,0.09,0.00,0.10,29.74,17,17,0,1.09,1.00,1.10,29.17,17,17,0,0.22,0.20,0.30,28.97,17,17,0
1485506,0.39,0.30,0.40,29.64,17,17,0,0.01,-0.10,0.10,28.99,17,17,0,0.31,0.30,0.40,29.04,17,17,0,751.75,746.40,756.50,24.56,17,0,0,0.11,0.10,0.20,29.77,17,17,0,1.08,1.00,1.10,29.16,17,17,0,0.22,0.20,0.30,28.96,17,17,0
1486014,0.36,0.30,0.40,29.65,17,17,0,0.00,-0.10,0.10,28.97,17,17,0,0.32,0.30,0.40,29.03,17,17,0,750.55,744.00,759.70,24.56,17,0,0,0.09,0.00,0.10,29.76,17,17,0,1.07,1.00,1.10,29.17,17,17,0,0.21,0.20,0.30,28.96,17,17,0
1486515,0.38,0.30,0.40,29.64,17,17,0,-0.04,-0.10,0.10,28.98,17,17,0,0.31,0.30,0.40,29.03,17,17,0,766.11,760.20,772.10,24.55,17,0,0,0.10,0.10,0.10,29.75,17,17,0,1.08,1.00,1.10,29.16,17,17,0,0.22,0.20,0.30,28.95,17,17,0
1487021,0.37,0.30,0.40,29.64,17,17,0,0.02,0.00,0.10,28.98,17,17,0,0.33,0.30,0.40,29.03,17,17,0,759.04,751.40,768.00,24.55,17,0,0,0.10,0.10,0.10,29.76,17,17,0,1.08,1.00,1.10,29.15,17,17,0,0.21,0.20,0.30,28.96,17,17,0
1487528,0.38,0.30,0.40,29.65,17,17,0,0.01,-0.10,0.10,28.98,17,17,0,0.32,0.30,0.40,29.03,17,17,0,750.45,746.80,754.00,24.55,17,0,0,0.10,0.10,0.10,29.75,17,17,0,1.08,1.00,1.10,29.16,17,17,0,0.22,0.20,0.30,28.95,17,17,0
1488029,0.38,0.30,0.40,29.66,17,17,0,-0.01,-0.10,0.10,28.99,17,17,0,0.32,0.30,0.40,29.04,17,17,0,760.44,750.30,768.00,24.55,17,0,0,0.09,0.00,0.10,29.77,17,17,0,1.08,1.00,1.10,29.16,17,17,0,0.21,0.20,0.30,28.95,17,17,0
1488542,0.36,0.30,0.40,29.65,16,16,0,0.03,0.00,0.10,28.98,16,16,0,0.33,0.30,0.40,29.04,16,16,0,763.92,758.10,768.70,24.54,16,0,0,0.10,0.10,0.10,29.77,16,16,0,1.07,1.00,1.10,29.15,16,16,0,0.23,0.20,0.30,28.96,16,16,0
1489047,0.36,0.30,0.40,29.65,17,17,0,-0.01,-0.10,0.10,28.98,17,17,0,0.31,0.30,0.40,29.04,17,17,0,751.64,747.50,755.90,24.56,17,0,0,0.10,0.10,0.10,29.76,17,17,0,1.06,1.00,1.10,29.16,17,17,0,0.24,0.20,0.30,28.96,17,17,0
1489552,0.35,0.30,0.40,29.66,17,17,0,0.02,-0.10,0.10,28.98,17,17,0,0.32,0.30,0.40,29.04,17,17,0,749.98,744.70,755.20,24.54,17,0,0,0.11,0.10,0.20,29.77,17,17,0,1.08,1.00,1.10,29.15,17,17,0,0.21,0.20,0.30,28.97,17,17,0
1490052,0.36,0.30,0.40,29.66,16,16,0,0.01,-0.10,0.10,28.98,16,16,0,0.33,0.30,0.40,29.04,16,16,0,765.24,758.70,770.90,24.53,16,0,0,0.10,0.10,0.10,29.75,16,16,0,1.08,1.00,1.10,29.15,16,16,0,0.24,0.20,0.30,28.96,16,16,0
1490552,0.37,0.30,0.40,29.65,17,17,0,-0.01,-0.10,0.10,28.99,17,17,0,0.33,0.30,0.40,29.05,17,17,0,754.54,750.40,761.20,24.53,17,0,0,0.10,0.00,0.20,29.77,17,17,0,1.09,1.00,1.10,29.15,17,17,0,0.22,0.20,0.30,28.95,17,17,0
1491063,0.37,0.30,0.40,29.65,17,17,0,-0.02,-0.10,0.00,28.97,17,17,0,0.34,0.30,0.40,29.04,17,17,0,745.68,742.30,750.90,24.54,17,0,0,0.10,0.10,0.10,29.76,17,17,0,1.08,1.00,1.10,29.16,17,17,0,0.24,0.20,0.30,28.97,17,17,0
1491563,0.38,0.30,0.40,29.67,17,17,0,-0.02,-0.10,0.10,28.98,17,17,0,0.31,0.30,0.40,29.03,17,17,0,758.99,748.80,765.90,24.55,17,0,0,0.10,0.10,0.10,29.75,17,17,0,1.07,1.00,1.10,29.16,17,17,0,0.22,0.20,0.30,28.96,17,17,0
1492063,0.38,0.30,0.40,29.67,16,16,0,0.01,-0.10,0.10,28.96,16,16,0,0.31,0.30,0.40,29.04,16,16,0,763.72,757.10,770.70,24.56,16,0,0,0.11,0.10,0.20,29.76,16,16,0,1.09,1.00,1.10,29.17,16,16,0,0.22,0.20,0.30,28.97,16,16,0
1492568,0.36,0.30,0.40,29.66,17,17,0,-0.02,-0.10,0.10,28.97,17,17,0,0.32,0.30,0.40,29.05,17,17,0,753.95,750.50,756.90,24.54,17,0,0,0.09,0.00,0.10,29.76,17,17,0,1.09,1.00,1.10,29.16,17,17,0,0.23,0.20,0.30,28.96,17,17,0
1493074,0.36,0.30,0.40,29.65,17,17,0,0.00,-0.10,0.10,28.99,17,17,0,0.31,0.30,0.40,29.04,17,17,0,758.06,753.10,761.90,24.55,17,0,0,0.10,0.10,0.10,29.76,17,17,0,1.08,1.00,1.10,29.17,17,17,0,0.22,0.20,0.30,28.98,17,17,0
1493586,0.35,0.30,0.40,29.66,17,17,0,0.00,-0.10,0.10,29.00,17,17,0,0.31,0.30,0.40,29.04,17,17,0,767.10,764.60,771.10,24.54,17,0,0,0.10,0.10,0.10,29.78,17,17,0,1.08,1.00,1.10,29.16,17,17,0,0.23,0.20,0.30,28.97,17,17,0
1494090,0.37,0.30,0.40,29.66,17,17,0,0.00,-0.10,0.10,28.98,17,17,0,0.31,0.30,0.40,29.06,17,17,0,761.06,756.70,766.20,24.55,17,0,0,0.10,0.10,0.10,29.76,17,17,0,1.09,1.00,1.10,29.17,17,17,0,0.23,0.20,0.30,28.96,17,17,0
1494590,0.38,0.30,0.40,29.65,16,16,0,-0.01,-0.10,0.10,28.99,16,16,0,0.30,0.30,0.30,29.06,16,16,0,760.97,757.50,764.80,24.56,16,0,0,0.10,0.10,0.10,29.76,16,16,0,1.08,1.00,1.10,29.15,16,16,0,0.26,0.20,0.30,28.96,16,16,0
1495101,0.36,0.30,0.40,29.66,17,17,0,0.02,-0.10,0.10,28.98,17,17,0,0.32,0.30,0.40,29.04,17,17,0,767.11,762.60,772.10,24.54,17,0,0,0.10,0.10,0.10,29.76,17,17,0,1.09,1.00,1.10,29.16,17,17,0,0.23,0.20,0.30,28.95,17,17,0
1495605,0.34,0.30,0.40,29.66,16,16,0,0.01,-0.10,0.10,28.97,16,16,0,0.31,0.30,0.40,29.04,16,16,0,768.19,762.80,772.40,24.54,16,0,0,0.09,0.00,0.10,29.75,16,16,0,1.08,1.00,1.10,29.15,16,16,0,0.23,0.20,0.30,28.96,16,16,0
1496111,0.36,0.30,0.40,29.66,17,17,0,0.00,-0.10,0.10,28.98,17,17,0,0.32,0.30,0.40,29.04,17,17,0,764.51,761.90,767.10,24.53,17,0,0,0.10,0.10,0.10,29.76,17,17,0,1.06,1.00,1.10,29.14,17,17,0,0.21,0.20,0.30,28.96,17,17,0
1496616,0.35,0.30,0.40,29.67,17,17,0,0.00,-0.10,0.10,29.00,17,17,0,0.31,0.30,0.40,29.05,17,17,0,772.62,768.90,778.30,24.54,17,0,0,0.10,0.00,0.20,29.74,17,17,0,1.09,1.00,1.10,29.15,17,17,0,0.24,0.20,0.30,28.97,17,17,0
1497125,0.35,0.30,0.40,29.67,17,17,0,-0.01,-0.10,0.10,28.99,17,17,0,0.30,0.30,0.30,29.05,17,17,0,783.27,780.80,785.20,24.54,17,0,0,0.10,0.10,0.10,29.76,17,17,0,1.08,1.00,1.10,29.16,17,17,0,0.22,0.20,0.30,28.97,17,17,0
1497631,0.37,0.30,0.40,29.66,17,17,0,0.01,-0.10,0.10,28.96,17,17,0,0.31,0.30,0.40,29.04,17,17,0,780.04,776.00,783.60,24.53,17,0,0,0.11,0.10,0.20,29.75,17,17,0,1.06,1.00,1.10,29.15,17,17,0,0.24,0.20,0.30,28.98,17,17,0
1498131,0.37,0.30,0.40,29.66,16,16,0,0.00,-0.10,0.10,28.97,16,16,0,0.30,0.30,0.30,29.07,16,16,0,780.74,776.40,784.50,24.53,16,0,0,0.11,0.10,0.20,29.76,16,16,0,1.08,1.00,1.10,29.15,16,16,0,0.22,0.20,0.30,28.96,16,16,0
1498631,0.36,0.30,0.40,29.66,17,17,0,0.00,-0.10,0.10,28.98,17,17,0,0.32,0.30,0.40,29.07,17,17,0,787.06,780.90,793.20,24.54,17,0,0,0.11,0.10,0.20,29.75,17,17,0,1.08,1.00,1.10,29.16,17,17,0,0.21,0.20,0.30,28.97,17,17,0
1499135,0.37,0.30,0.40,29.67,17,17,0,0.01,0.00,0.10,28.98,17,17,0,0.31,0.30,0.40,29.05,17,17,0,791.06,785.40,794.00,24.53,17,0,0,0.10,0.10,0.10,29.76,17,17,0,1.08,1.00,1.10,29.16,17,17,0,0.23,0.20,0.30,28.97,17,17,0
1499646,0.37,0.30,0.40,29.67,17,17,0,0.00,-0.10,0.10,28.99,17,17,0,0.32,0.30,0.40,29.05,17,17,0,786.35,782.10,788.20,24.54,17,0,0,0.09,0.00,0.10,29.75,17,17,0,1.10,1.10,1.10,29.15,17,17,0,0.24,0.20,0.30,28.94,17,17,0
1500147,0.36,0.30,0.40,29.65,17,17,0,0.03,-0.10,0.10,28.99,17,17,0,0.32,0.30,0.40,29.04,17,17,0,789.19,784.70,792.50,24.53,17,0,0,0.09,0.00,0.10,29.75,17,17,0,1.08,1.00,1.10,29.15,17,17,0,0.25,0.20,0.30,28.96,17,17,0
1500651,0.35,0.30,0.40,29.66,17,17,0,-0.02,-0.10,0.10,28.99,17,17,0,0.32,0.30,0.40,29.04,17,17,0,797.21,794.10,799.70,24.53,17,0,0,0.11,0.10,0.20,29.75,17,17,0,1.07,1.00,1.10,29.16,17,17,0,0.23,0.20,0.30,28.95,17,17,0
1501162,0.35,0.30,0.40,29.64,17,17,0,-0.02,-0.10,0.00,28.99,17,17,0,0.32,0.30,0.40,29.03,17,17,0,789.37,784.60,796.40,24.53,17,0,0,0.09,0.00,0.10,29.76,17,17,0,1.09,1.00,1.10,29.16,17,17,0,0.24,0.20,0.30,28.96,17,17,0
1501666,0.38,0.30,0.40,29.65,17,17,0,0.01,-0.10,0.10,28.99,17,17,0,0.32,0.30,0.40,29.03,17,17,0,788.20,785.40,791.10,24.52,17,0,0,0.09,0.00,0.10,29.76,17,17,0,1.07,1.00,1.10,29.16,17,17,0,0.22,0.20,0.30,28.95,17,17,0
1502166,0.36,0.30,0.40,29.67,16,16,0,0.01,-0.10,0.10,28.98,16,16,0,0.31,0.30,0.40,29.03,16,16,0,796.87,790.40,803.70,24.53,16,0,0,0.09,0.00,0.10,29.76,16,16,0,1.09,1.00,1.10,29.15,16,16,0,0.22,0.20,0.30,28.96,16,16,0
1502666,0.36,0.30,0.40,29.66,17,17,0,-0.02,-0.10,0.10,28.98,17,17,0,0.32,0.30,0.40,29.06,17,17,0,797.96,791.20,802.90,24.53,17,0,0,0.10,0.00,0.20,29.75,17,17,0,1.08,1.00,1.10,29.17,17,17,0,0.20,0.20,0.20,28.95,17,17,0
1503177,0.35,0.30,0.40,29.66,17,17,0,0.01,-0.10,0.10,28.97,17,17,0,0.31,0.30,0.40,29.05,17,17,0,788.84,786.80,791.70,24.53,17,0,0,0.09,0.00,0.10,29.78,17,17,0,1.09,1.00,1.10,29.16,17,17,0,0.22,0.20,0.30,28.96,17,17,0
1503677,0.38,0.30,0.40,29.67,16,16,0,-0.01,-0.10,0.00,28.98,16,16,0,0.32,0.30,0.40,29.05,16,16,0,789.29,787.00,792.10,24.51,16,0,0,0.10,0.10,0.10,29.76,16,16,0,1.08,1.00,1.10,29.16,16,16,0,0.23,0.20,0.30,28.96,16,16,0
1504188,0.36,0.30,0.40,29.68,17,17,0,0.00,-0.10,0.10,28.98,17,17,0,0.31,0.30,0.40,29.06,17,17,0,798.28,793.30,801.50,24.51,17,0,0,0.10,0.10,0.10,29.77,17,17,0,1.08,1.00,1.10,29.16,17,17,0,0.23,0.20,0.30,28.96,17,17,0
1504693,0.39,0.30,0.40,29.64,17,17,0,0.01,-0.10,0.10,28.98,17,17,0,0.32,0.30,0.40,29.06,17,17,0,785.47,781.30,792.50,24.54,17,0,0,0.10,0.00,0.20,29.77,17,17,0,1.10,1.10,1.10,29.16,17,17,0,0.24,0.20,0.30,28.97,17,17,0
1505197,0.36,0.30,0.40,29.68,17,17,0,-0.01,-0.10,0.10,28.98,17,17,0,0.32,0.30,0.40,29.06,17,17,0,778.16,776.10,780.00,24.54,17,0,0,0.10,0.10,0.10,29.77,17,17,0,1.08,1.00,1.10,29.17,17,17,0,0.21,0.20,0.30,28.97,17,17,0
1505703,0.38,0.30,0.40,29.65,17,17,0,0.02,-0.10,0.10,28.98,17,17,0,0.30,0.30,0.30,29.06,17,17,0,785.74,779.80,798.60,24.55,17,0,0,0.10,0.10,0.10,29.75,17,17,0,1.06,1.00,1.10,29.17,17,17,0,0.22,0.20,0.30,28.96,17,17,0
1506213,0.37,0.30,0.40,29.66,17,17,0,0.01,0.00,0.10,28.99,17,17,0,0.32,0.30,0.40,29.05,17,17,0,782.42,774.40,789.10,24.55,17,0,0,0.09,0.00,0.10,29.76,17,17,0,1.09,1.00,1.10,29.15,17,17,0,0.22,0.20,0.30,28.96,17,17,0
1506717,0.36,0.30,0.40,29.66,17,17,0,0.01,-0.10,0.10,28.99,17,17,0,0.31,0.30,0.40,29.05,17,17,0,768.98,765.00,775.00,24.54,17,0,0,0.10,0.10,0.10,29.75,17,17,0,1.08,1.00,1.10,29.17,17,17,0,0.22,0.20,0.30,28.96,17,17,0
1507219,0.35,0.30,0.40,29.64,17,17,0,-0.01,-0.10,0.10,28.97,17,17,0,0.32,0.30,0.40,29.05,17,17,0,772.36,767.10,778.20,24.53,17,0,0,0.09,0.00,0.10,29.75,17,17,0,1.08,1.00,1.10,29.15,17,17,0,0.21,0.20,0.30,28.96,17,17,0
1507719,0.35,0.30,0.40,29.67,16,16,0,0.02,-0.10,0.10,28.97,16,16,0,0.31,0.30,0.40,29.03,16,16,0,783.34,779.80,786.40,24.55,16,0,0,0.11,0.10,0.20,29.75,16,16,0,1.09,1.00,1.10,29.16,16,16,0,0.20,0.20,0.20,28.95,16,16,0
1508229,0.39,0.30,0.40,29.67,17,17,0,0.00,-0.10,0.10,28.98,17,17,0,0.32,0.30,0.40,29.05,17,17,0,769.32,762.80,778.80,24.52,17,0,0,0.10,0.10,0.10,29.77,17,17,0,1.08,1.00,1.10,29.15,17,17,0,0.21,0.20,0.30,28.97,17,17,0
1508733,0.39,0.30,0.40,29.66,17,17,0,0.01,-0.10,0.10,28.99,17,17,0,0.31,0.30,0.40,29.04,17,17,0,763.42,760.00,767.10,24.55,17,0,0,0.09,0.00,0.10,29.74,17,17,0,1.08,1.00,1.10,29.13,17,17,0,0.21,0.20,0.30,28.94,17,17,0
1509233,0.36,0.30,0.40,29.67,17,17,0,-0.04,-0.10,0.00,28.98,17,17,0,0.31,0.30,0.40,29.05,17,17,0,773.10,765.10,779.10,24.53,17,0,0,0.10,0.10,0.10,29.75,17,17,0,1.06,1.00,1.10,29.16,17,17,0,0.21,0.20,0.30,28.96,17,17,0
1509738,0.35,0.30,0.40,29.66,17,17,0,-0.03,-0.10,0.10,28.99,17,17,0,0.31,0.30,0.40,29.07,17,17,0,769.41,763.60,775.20,24.53,17,0,0,0.10,0.10,0.10,29.75,17,17,0,1.06,1.00,1.10,29.18,17,17,0,0.22,0.20,0.30,28.96,17,17,0
1510247,0.35,0.30,0.40,29.67,17,17,0,0.01,-0.10,0.10,28.97,17,17,0,0.32,0.30,0.40,29.05,17,17,0,758.89,756.50,762.00,24.55,17,0,0,0.09,0.00,0.10,29.75,17,17,0,1.08,1.00,1.10,29.16,17,17,0,0.21,0.20,0.30,28.97,17,17,0
1510753,0.38,0.30,0.40,29.65,17,17,0,0.00,-0.10,0.10,29.00,17,17,0,0.34,0.30,0.40,29.04,17,17,0,762.36,753.80,769.90,24.53,17,0,0,0.09,0.00,0.10,29.76,17,17,0,1.06,1.00,1.10,29.16,17,17,0,0.23,0.20,0.30,28.95,17,17,0
1511253,0.36,0.30,0.40,29.65,16,16,0,-0.01,-0.10,0.10,28.99,16,16,0,0.31,0.30,0.40,29.05,16,16,0,769.98,765.40,775.20,24.54,16,0,0,0.09,0.00,0.10,29.75,16,16,0,1.09,1.00,1.10,29.17,16,16,0,0.21,0.20,0.30,28.97,16,16,0
1511759,0.37,0.30,0.40,29.65,17,17,0,-0.01,-0.10,0.10,28.98,17,17,0,0.32,0.30,0.40,29.04,17,17,0,756.27,751.30,764.10,24.53,17,0,0,0.10,0.00,0.20,29.76,17,17,0,1.08,1.00,1.10,29.15,17,17,0,0.22,0.20,0.30,28.97,17,17,0
1512268,0.35,0.30,0.40,29.65,17,17,0,-0.01,-0.10,0.10,28.98,17,17,0,0.32,0.30,0.40,29.03,17,17,0,751.86,748.90,754.80,24.56,17,0,0,0.09,0.00,0.10,29.75,17,17,0,1.08,1.00,1.10,29.15,17,17,0,0.22,0.20,0.30,28.97,17,17,0
1512773,0.38,0.30,0.40,29.65,17,17,0,0.00,-0.10,0.10,28.98,17,17,0,0.31,0.30,0.40,29.03,17,17,0,762.24,753.90,768.50,24.53,17,0,0,0.11,0.00,0.20,29.76,17,17,0,1.08,1.00,1.10,29.14,17,17,0,0.22,0.20,0.30,28.95,17,17,0
1513285,0.35,0.30,0.40,29.65,17,17,0,-0.01,-0.10,0.10,29.00,17,17,0,0.32,0.30,0.40,29.06,17,17,0,762.79,757.90,769.50,24.54,17,0,0,0.11,0.10,0.20,29.75,17,17,0,1.07,1.00,1.10,29.16,17,17,0,0.25,0.20,0.30,28.96,17,17,0
1513785,0.36,0.30,0.40,29.67,16,16,0,-0.01,-0.10,0.10,28.98,16,16,0,0.31,0.30,0.40,29.03,16,16,0,750.38,744.80,755.40,24.55,16,0,0,0.10,0.10,0.10,29.76,16,16,0,1.08,1.00,1.10,29.15,16,16,0,0.24,0.20,0.30,28.97,16,16,0
1514285,0.39,0.30,0.40,29.64,16,16,0,-0.01,-0.10,0.10,28.98,16,16,0,0.31,0.30,0.40,29.03,16,16,0,754.16,748.90,761.60,24.55,16,0,0,0.09,0.00,0.10,29.74,16,16,0,1.08,1.00,1.10,29.16,16,16,0,0.22,0.20,0.30,28.97,16,16,0
1514785,0.36,0.30,0.40,29.65,16,16,0,0.00,-0.10,0.10,28.98,16,16,0,0.30,0.30,0.30,29.04,16,16,0,765.99,762.30,768.70,24.57,16,0,0,0.10,0.10,0.10,29.75,16,16,0,1.08,1.00,1.10,29.15,16,16,0,0.23,0.20,0.30,28.95,16,16,0
1515290,0.36,0.30,0.40,29.66,17,17,0,-0.01,-0.10,0.10,28.98,17,17,0,0.32,0.30,0.40,29.05,17,17,0,751.59,743.80,759.50,24.55,17,0,0,0.09,0.00,0.10,29.77,17,17,0,1.09,1.00,1.10,29.16,17,17,0,0.20,0.20,0.20,28.99,17,17,0
1515801,0.38,0.30,0.40,29.65,17,17,0,-0.01,-0.10,0.10,28.98,17,17,0,0.32,0.30,0.40,29.05,17,17,0,745.42,741.50,748.90,24.54,17,0,0,0.09,0.00,0.10,29.78,17,17,0,1.09,1.00,1.10,29.18,17,17,0,0.21,0.20,0.30,28.95,17,17,0
1516301,0.37,0.30,0.40,29.66,17,17,0,0.01,-0.10,0.10,28.99,17,17,0,0.34,0.30,0.40,29.03,17,17,0,756.01,747.10,762.70,24.54,17,0,0,0.10,0.10,0.10,29.75,17,17,0,1.08,1.00,1.10,29.17,17,17,0,0.23,0.20,0.30,28.97,17,17,0
1516807,0.35,0.30,0.40,29.67,17,17,0,0.01,-0.10,0.10,28.97,17,17,0,0.32,0.30,0.40,29.04,17,17,0,758.15,751.40,764.40,24.56,17,0,0,0.09,0.00,0.10,29.75,17,17,0,1.06,1.00,1.10,29.15,17,17,0,0.23,0.20,0.30,28.97,17,17,0
1517317,0.38,0.30,0.40,29.67,17,17,0,0.01,-0.10,0.10,29.00,17,17,0,0.30,0.30,0.30,29.04,17,17,0,747.25,743.90,750.30,24.54,17,0,0,0.10,0.10,0.10,29.75,17,17,0,1.08,1.00,1.10,29.16,17,17,0,0.22,0.20,0.30,28.97,17,17,0
1517822,0.34,0.30,0.40,29.65,17,17,0,0.00,-0.10,0.10,28.98,17,17,0,0.33,0.30,0.40,29.04,17,17,0,753.15,746.40,762.80,24.55,17,0,0,0.10,0.10,0.10,29.75,17,17,0,1.07,1.00,1.10,29.15,17,17,0,0.22,0.20,0.30,28.97,17,17,0
1518322,0.34,0.30,0.40,29.66,16,16,0,0.01,0.00,0.10,28.96,16,16,0,0.31,0.30,0.40,29.05,16,16,0,765.64,761.80,769.20,24.55,16,0,0,0.10,0.10,0.10,29.78,16,16,0,1.10,1.10,1.10,29.15,16,16,0,0.25,0.20,0.30,28.96,16,16,0
1518834,0.36,0.30,0.40,29.66,17,17,0,-0.01,-0.10,0.10,28.98,17,17,0,0.33,0.30,0.40,29.05,17,17,0,753.65,747.90,760.40,24.57,17,0,0,0.10,0.10,0.10,29.75,17,17,0,1.08,1.00,1.10,29.16,17,17,0,0.24,0.20,0.30,28.96,17,17,0
1519334,0.36,0.30,0.40,29.66,16,16,0,0.01,-0.10,0.10,29.00,16,16,0,0.31,0.30,0.40,29.06,16,16,0,750.08,747.10,752.80,24.57,16,0,0,0.11,0.10,0.20,29.77,16,16,0,1.08,1.00,1.10,29.15,16,16,0,0.24,0.20,0.30,28.97,16,16,0
1519839,0.37,0.30,0.40,29.66,17,17,0,-0.02,-0.10,0.10,28.99,17,17,0,0.33,0.30,0.40,29.05,17,17,0,762.92,753.40,768.90,24.55,17,0,0,0.09,0.00,0.10,29.76,17,17,0,1.09,1.00,1.10,29.15,17,17,0,0.21,0.20,0.30,28.96,17,17,0
1520342,0.36,0.30,0.40,29.65,16,16,0,-0.04,-0.10,0.00,28.99,16,16,0,0.34,0.30,0.40,29.06,16,16,0,761.19,755.00,768.10,24.54,16,0,0,0.11,0.10,0.20,29.76,16,16,0,1.09,1.00,1.10,29.16,16,16,0,0.21,0.20,0.30,28.97,16,16,0
1520846,0.35,0.30,0.40,29.66,17,17,0,-0.02,-0.10,0.10,28.99,17,17,0,0.32,0.30,0.40,29.05,17,17,0,750.41,747.50,753.30,24.56,17,0,0,0.09,0.00,0.10,29.76,17,17,0,1.09,1.00,1.20,29.17,17,17,0,0.22,0.20,0.30,28.96,17,17,0
1521351,0.38,0.30,0.40,29.66,17,17,0,-0.02,-0.10,0.00,28.98,17,17,0,0.32,0.30,0.40,29.05,17,17,0,753.82,746.80,761.70,24.56,17,0,0,0.11,0.00,0.20,29.76,17,17,0,1.08,1.00,1.10,29.16,17,17,0,0.22,0.20,0.30,28.97,17,17,0
1521862,0.36,0.30,0.40,29.66,17,17,0,0.01,-0.10,0.10,28.99,17,17,0,0.31,0.30,0.40,29.03,17,17,0,769.37,759.90,776.80,24.55,17,0,0,0.09,0.00,0.10,29.75,17,17,0,1.09,1.00,1.10,29.17,17,17,0,0.24,0.20,0.30,28.97,17,17,0
1522372,0.36,0.30,0.40,29.68,17,17,0,-0.04,-0.10,0.00,28.99,17,17,0,0.31,0.30,0.40,29.05,17,17,0,758.81,750.10,769.40,24.55,17,0,0,0.10,0.10,0.10,29.77,17,17,0,1.08,1.00,1.10,29.16,17,17,0,0.22,0.20,0.30,28.95,17,17,0
1522872,0.36,0.30,0.40,29.66,16,16,0,-0.01,-0.10,0.10,28.98,16,16,0,0.33,0.30,0.40,29.04,16,16,0,752.01,748.10,754.50,24.56,16,0,0,0.10,0.10,0.10,29.75,16,16,0,1.08,1.00,1.10,29.15,16,16,0,0.24,0.20,0.30,28.98,16,16,0
1523372,0.34,0.30,0.40,29.64,17,17,0,-0.02,-0.10,0.10,28.99,17,17,0,0.33,0.30,0.40,29.03,17,17,0,761.87,753.00,769.50,24.55,17,0,0,0.10,0.00,0.20,29.74,17,17,0,1.09,1.00,1.10,29.16,17,17,0,0.25,0.20,0.30,28.97,17,17,0
1523884,0.36,0.30,0.40,29.66,17,17,0,0.01,-0.10,0.10,29.00,17,17,0,0.31,0.30,0.40,29.06,17,17,0,762.04,755.30,770.40,24.54,17,0,0,0.10,0.00,0.20,29.75,17,17,0,1.08,1.00,1.10,29.16,17,17,0,0.24,0.20,0.30,28.96,17,17,0
1524387,0.35,0.30,0.40,29.67,16,16,0,0.00,0.00,0.00,28.98,16,16,0,0.32,0.30,0.40,29.04,16,16,0,748.97,744.40,752.60,24.57,16,0,0,0.09,0.00,0.10,29.77,16,16,0,1.08,1.00,1.10,29.16,16,16,0,0.23,0.20,0.30,28.97,16,16,0
1524887,0.35,0.30,0.40,29.66,17,17,0,-0.01,-0.10,0.10,28.99,17,17,0,0.31,0.30,0.40,29.04,17,17,0,750.93,744.10,760.50,24.55,17,0,0,0.10,0.10,0.10,29.77,17,17,0,1.08,1.00,1.10,29.17,17,17,0,0.21,0.20,0.30,28.96,17,17,0
1525398,0.36,0.30,0.40,29.67,17,17,0,-0.02,-0.10,0.00,28.98,17,17,0,0.34,0.30,0.40,29.05,17,17,0,764.46,759.80,768.30,24.54,17,0,0,0.10,0.10,0.10,29.75,17,17,0,1.09,1.00,1.10,29.14,17,17,0,0.22,0.20,0.30,28.98,17,17,0
1525898,0.36,0.30,0.40,29.64,17,17,0,0.01,-0.10,0.10,28.97,17,17,0,0.31,0.30,0.40,29.04,17,17,0,752.51,748.70,760.20,24.56,17,0,0,0.10,0.10,0.10,29.77,17,17,0,1.07,1.00,1.10,29.15,17,17,0,0.24,0.20,0.30,28.96,17,17,0
1526403,0.38,0.30,0.40,29.66,16,16,0,0.01,0.00,0.10,28.98,16,16,0,0.32,0.30,0.40,29.05,16,16,0,752.64,748.90,754.90,24.54,16,0,0,0.10,0.10,0.10,29.76,16,16,0,1.09,1.00,1.10,29.17,16,16,0,0.21,0.20,0.30,28.96,16,16,0
1526903,0.38,0.30,0.40,29.66,17,17,0,0.01,-0.10,0.10,28.97,17,17,0,0.32,0.30,0.40,29.02,17,17,0,761.12,753.90,766.50,24.56,17,0,0,0.10,0.10,0.10,29.75,17,17,0,1.09,1.00,1.10,29.17,17,17,0,0.22,0.20,0.30,28.97,17,17,0
1527404,0.37,0.30,0.40,29.65,17,17,0,0.00,-0.10,0.10,28.98,17,17,0,0.32,0.30,0.40,29.04,17,17,0,759.91,754.20,764.40,24.54,17,0,0,0.09,0.00,0.10,29.75,17,17,0,1.09,1.00,1.10,29.15,17,17,0,0.23,0.20,0.30,28.95,17,17,0
1527909,0.36,0.30,0.40,29.65,17,17,0,-0.03,-0.10,0.00,28.98,17,17,0,0.33,0.30,0.40,29.03,17,17,0,749.77,747.30,752.70,24.56,17,0,0,0.09,0.00,0.10,29.75,17,17,0,1.09,1.00,1.10,29.15,17,17,0,0.24,0.20,0.30,28.96,17,17,0
1528415,0.35,0.30,0.40,29.66,17,17,0,-0.01,-0.10,0.10,29.01,17,17,0,0.32,0.30,0.40,29.05,17,17,0,755.20,749.90,762.60,24.57,17,0,0,0.09,0.00,0.10,29.75,17,17,0,1.09,1.00,1.10,29.17,17,17,0,0.24,0.20,0.30,28.96,17,17,0
1528926,0.36,0.30,0.40,29.65,17,17,0,-0.01,-0.10,0.10,28.99,17,17,0,0.33,0.30,0.40,29.04,17,17,0,765.70,762.10,769.20,24.54,17,0,0,0.10,0.10,0.10,29.76,17,17,0,1.07,1.00,1.10,29.18,17,17,0,0.23,0.20,0.30,28.96,17,17,0
1529431,0.35,0.30,0.40,29.66,17,17,0,0.01,-0.10,0.10,28.98,17,17,0,0.32,0.30,0.40,29.04,17,17,0,757.75,755.10,761.60,24.55,17,0,0,0.10,0.10,0.10,29.77,17,17,0,1.07,1.00,1.10,29.16,17,17,0,0.22,0.20,0.30,28.98,17,17,0
1529931,0.38,0.30,0.40,29.66,16,16,0,0.01,-0.10,0.10,28.99,16,16,0,0.31,0.30,0.40,29.03,16,16,0,759.26,755.60,763.20,24.57,16,0,0,0.09,0.00,0.10,29.76,16,16,0,1.06,1.00,1.10,29.16,16,16,0,0.23,0.20,0.30,28.95,16,16,0
1530431,0.39,0.30,0.40,29.66,16,16,0,0.00,-0.10,0.10,29.00,16,16,0,0.33,0.30,0.40,29.03,16,16,0,770.69,764.20,773.90,24.55,16,0,0,0.10,0.10,0.10,29.75,16,16,0,1.08,1.00,1.10,29.16,16,16,0,0.24,0.20,0.30,28.97,16,16,0
1530931,0.34,0.30,0.40,29.64,17,17,0,-0.02,-0.10,0.10,28.99,17,17,0,0.32,0.30,0.40,29.02,17,17,0,771.02,768.30,774.20,24.55,17,0,0,0.10,0.00,0.20,29.77,17,17,0,1.07,1.00,1.10,29.17,17,17,0,0.22,0.20,0.30,28.98,17,17,0
1531431,0.37,0.30,0.40,29.66,16,16,0,0.02,-0.10,0.10,28.98,16,16,0,0.32,0.30,0.40,29.03,16,16,0,768.53,766.40,771.50,24.54,16,0,0,0.10,0.10,0.10,29.74,16,16,0,1.08,1.00,1.10,29.15,16,16,0,0.24,0.20,0.30,28.97,16,16,0
1531944,0.34,0.30,0.40,29.66,17,17,0,0.00,-0.10,0.10,28.99,17,17,0,0.31,0.30,0.40,29.05,17,17,0,776.48,771.50,783.90,24.56,17,0,0,0.11,0.10,0.20,29.75,17,17,0,1.06,1.00,1.10,29.16,17,17,0,0.25,0.20,0.30,28.99,17,17,0
1532455,0.37,0.30,0.40,29.64,16,16,0,0.01,-0.10,0.10,29.00,16,16,0,0.31,0.30,0.40,29.03,16,16,0,784.61,781.40,787.40,24.54,16,0,0,0.09,0.00,0.10,29.76,16,16,0,1.08,1.00,1.10,29.17,16,16,0,0.23,0.20,0.30,28.97,16,16,0
1532960,0.36,0.30,0.40,29.65,17,17,0,0.00,-0.10,0.10,28.99,17,17,0,0.31,0.30,0.40,29.04,17,17,0,778.31,774.90,780.70,24.54,17,0,0,0.09,0.00,0.10,29.75,17,17,0,1.09,1.00,1.10,29.16,17,17,0,0.24,0.20,0.30,28.96,17,17,0
1533462,0.37,0.30,0.40,29.67,17,17,0,0.01,-0.10,0.10,28.98,17,17,0,0.30,0.30,0.30,29.03,17,17,0,780.54,777.00,783.70,24.55,17,0,0,0.10,0.00,0.20,29.75,17,17,0,1.09,1.00,1.10,29.14,17,17,0,0.22,0.20,0.30,28.95,17,17,0
1533975,0.34,0.30,0.40,29.66,17,17,0,0.00,-0.10,0.10,28.98,17,17,0,0.31,0.30,0.40,29.02,17,17,0,792.39,784.40,796.10,24.54,17,0,0,0.09,0.00,0.10,29.76,17,17,0,1.08,1.00,1.10,29.18,17,17,0,0.21,0.20,0.30,28.97,17,17,0
1534485,0.32,0.30,0.40,29.66,17,17,0,0.01,-0.10,0.10,28.98,17,17,0,0.31,0.30,0.40,29.04,17,17,0,791.44,787.00,795.80,24.53,17,0,0,0.10,0.10,0.10,29.76,17,17,0,1.09,1.00,1.10,29.16,17,17,0,0.22,0.20,0.30,28.97,17,17,0
1534989,0.36,0.30,0.40,29.65,17,17,0,0.00,-0.10,0.10,28.97,17,17,0,0.31,0.30,0.40,29.04,17,17,0,783.99,782.40,785.40,24.54,17,0,0,0.11,0.10,0.20,29.77,17,17,0,1.09,1.00,1.10,29.17,17,17,0,0.21,0.20,0.30,28.97,17,17,0
1535494,0.36,0.30,0.40,29.66,17,17,0,0.00,-0.10,0.10,28.99,17,17,0,0.32,0.30,0.40,29.05,17,17,0,790.54,785.70,799.00,24.54,17,0,0,0.10,0.10,0.10,29.76,17,17,0,1.06,1.00,1.10,29.18,17,17,0,0.22,0.20,0.30,28.97,17,17,0
1535999,0.35,0.30,0.40,29.65,17,17,0,0.01,-0.10,0.10,28.99,17,17,0,0.31,0.30,0.40,29.03,17,17,0,800.00,796.10,803.00,24.53,17,0,0,0.11,0.10,0.20,29.77,17,17,0,1.08,1.00,1.10,29.19,17,17,0,0.22,0.20,0.30,28.97,17,17,0
1536510,0.37,0.30,0.40,29.65,17,17,0,-0.01,-0.10,0.10,28.98,17,17,0,0.32,0.30,0.40,29.03,17,17,0,787.22,782.90,792.60,24.53,17,0,0,0.09,0.00,0.20,29.77,17,17,0,1.09,1.00,1.10,29.16,17,17,0,0.22,0.20,0.30,28.98,17,17,0
1537022,0.34,0.30,0.40,29.65,17,17,0,0.01,-0.10,0.10,28.99,17,17,0,0.31,0.30,0.40,29.04,17,17,0,784.51,781.50,786.50,24.55,17,0,0,0.11,0.10,0.20,29.76,17,17,0,1.08,1.00,1.10,29.15,17,17,0,0.23,0.20,0.30,28.97,17,17,0
1537531,0.35,0.30,0.40,29.66,17,17,0,0.01,-0.10,0.10,28.99,17,17,0,0.31,0.30,0.40,29.04,17,17,0,797.51,788.20,802.20,24.53,17,0,0,0.10,0.10,0.10,29.76,17,17,0,1.09,1.00,1.10,29.17,17,17,0,0.21,0.20,0.30,28.97,17,17,0
1538031,0.34,0.30,0.40,29.66,17,17,0,0.00,-0.10,0.10,28.98,17,17,0,0.31,0.30,0.40,29.02,17,17,0,794.04,785.00,802.70,24.54,17,0,0,0.09,0.00,0.10,29.75,17,17,0,1.09,1.00,1.10,29.16,17,17,0,0.21,0.20,0.30,28.98,17,17,0
1538531,0.36,0.30,0.40,29.66,16,16,0,0.00,-0.10,0.10,28.98,16,16,0,0.31,0.30,0.40,29.03,16,16,0,784.01,781.60,786.50,24.54,16,0,0,0.10,0.10,0.10,29.77,16,16,0,1.07,1.00,1.10,29.16,16,16,0,0.22,0.20,0.30,28.97,16,16,0
1539036,0.36,0.30,0.40,29.64,17,17,0,-0.02,-0.10,0.10,28.98,17,17,0,0.32,0.30,0.40,29.04,17,17,0,786.81,781.70,792.90,24.54,17,0,0,0.09,0.00,0.10,29.75,17,17,0,1.08,1.00,1.10,29.17,17,17,0,0.22,0.20,0.30,28.97,17,17,0
1539547,0.37,0.30,0.40,29.65,17,17,0,0.02,0.00,0.10,28.99,17,17,0,0.33,0.30,0.40,29.03,17,17,0,794.92,788.70,798.80,24.54,17,0,0,0.10,0.10,0.10,29.76,17,17,0,1.08,1.00,1.10,29.17,17,17,0,0.22,0.20,0.30,28.96,17,17,0
1540053,0.35,0.30,0.40,29.66,17,17,0,0.01,-0.10,0.10,28.99,17,17,0,0.30,0.30,0.30,29.03,17,17,0,778.44,773.90,784.70,24.56,17,0,0,0.10,0.10,0.10,29.76,17,17,0,1.08,1.00,1.10,29.17,17,17,0,0.21,0.20,0.30,28.96,17,17,0
1540563,0.38,0.30,0.40,29.65,17,17,0,0.01,-0.10,0.10,28.98,17,17,0,0.31,0.30,0.40,29.03,17,17,0,773.55,770.80,777.40,24.56,17,0,0,0.10,0.10,0.10,29.75,17,17,0,1.09,1.00,1.10,29.16,17,17,0,0.24,0.20,0.30,28.96,17,17,0
1541074,0.37,0.30,0.40,29.66,17,17,0,-0.01,-0.10,0.10,28.99,17,17,0,0.32,0.30,0.40,29.02,17,17,0,787.51,779.30,794.10,24.54,17,0,0,0.09,0.00,0.10,29.76,17,17,0,1.08,1.00,1.10,29.15,17,17,0,0.23,0.20,0.30,28.96,17,17,0
1541580,0.36,0.30,0.40,29.65,17,17,0,0.01,0.00,0.10,28.97,17,17,0,0.30,0.30,0.30,29.02,17,17,0,783.02,774.30,793.10,24.55,17,0,0,0.10,0.10,0.10,29.76,17,17,0,1.08,1.00,1.10,29.16,17,17,0,0.22,0.20,0.30,28.98,17,17,0
1542080,0.37,0.30,0.40,29.65,16,16,0,-0.01,-0.10,0.00,28.99,16,16,0,0.30,0.30,0.30,29.03,16,16,0,771.13,767.30,774.20,24.55,16,0,0,0.10,0.10,0.10,29.76,16,16,0,1.08,1.00,1.10,29.16,16,16,0,0.21,0.20,0.30,28.97,16,16,0
1542589,0.35,0.30,0.40,29.66,17,17,0,0.01,-0.10,0.10,28.97,17,17,0,0.31,0.30,0.40,29.03,17,17,0,773.94,764.40,778.60,24.54,17,0,0,0.11,0.10,0.20,29.76,17,17,0,1.09,1.00,1.10,29.16,17,17,0,0.22,0.20,0.30,28.95,17,17,0
1543099,0.34,0.30,0.40,29.66,17,17,0,0.01,-0.10,0.10,28.99,17,17,0,0.31,0.30,0.40,29.03,17,17,0,780.67,776.80,785.80,24.54,17,0,0,0.09,0.00,0.10,29.76,17,17,0,1.06,1.00,1.10,29.16,17,17,0,0.21,0.20,0.30,28.98,17,17,0
1543604,0.36,0.30,0.40,29.66,17,17,0,0.01,-0.10,0.10,28.99,17,17,0,0.31,0.30,0.40,29.03,17,17,0,766.22,761.60,772.80,24.54,17,0,0,0.10,0.10,0.10,29.76,17,17,0,1.07,1.00,1.10,29.16,17,17,0,0.21,0.20,0.30,28.96,17,17,0
1544109,0.35,0.30,0.40,29.66,17,17,0,-0.01,-0.10,0.10,29.00,17,17,0,0.31,0.30,0.40,29.02,17,17,0,763.21,760.20,766.70,24.55,17,0,0,0.11,0.10,0.20,29.76,17,17,0,1.08,1.00,1.10,29.16,17,17,0,0.22,0.20,0.30,28.96,17,17,0
1544609,0.36,0.30,0.40,29.67,16,16,0,-0.03,-0.10,0.00,28.99,16,16,0,0.33,0.30,0.40,29.03,16,16,0,773.99,767.60,778.20,24.56,16,0,0,0.10,0.10,0.10,29.76,16,16,0,1.07,1.00,1.10,29.18,16,16,0,0.22,0.20,0.30,28.97,16,16,0
1545109,0.33,0.30,0.40,29.65,17,17,0,-0.02,-0.10,0.00,28.98,17,17,0,0.31,0.30,0.40,29.04,17,17,0,770.44,764.70,775.50,24.55,17,0,0,0.11,0.10,0.20,29.77,17,17,0,1.08,1.00,1.10,29.16,17,17,0,0.22,0.20,0.30,28.97,17,17,0
1545614,0.36,0.30,0.40,29.66,17,17,0,0.02,-0.10,0.10,28.99,17,17,0,0.31,0.30,0.40,29.02,17,17,0,762.45,760.90,765.70,24.56,17,0,0,0.11,0.10,0.20,29.77,17,17,0,1.09,1.00,1.10,29.17,17,17,0,0.21,0.20,0.30,28.97,17,17,0
1546114,0.37,0.30,0.40,29.65,16,16,0,-0.03,-0.10,0.10,28.98,16,16,0,0.32,0.30,0.40,29.02,16,16,0,763.96,759.70,770.20,24.55,16,0,0,0.11,0.10,0.20,29.76,16,16,0,1.09,1.00,1.10,29.17,16,16,0,0.23,0.20,0.30,28.98,16,16,0
1546614,0.36,0.30,0.40,29.67,16,16,0,-0.02,-0.10,0.00,28.98,16,16,0,0.32,0.30,0.40,29.03,16,16,0,768.70,764.60,772.20,24.56,16,0,0,0.11,0.00,0.20,29.75,16,16,0,1.09,1.00,1.10,29.17,16,16,0,0.21,0.20,0.30,28.97,16,16,0
1547114,0.36,0.30,0.40,29.66,17,17,0,-0.02,-0.10,0.00,28.98,17,17,0,0.31,0.20,0.40,29.02,17,17,0,757.84,751.90,763.90,24.55,17,0,0,0.10,0.10,0.10,29.77,17,17,0,1.09,1.00,1.10,29.17,17,17,0,0.21,0.10,0.30,28.96,17,17,0
1547614,0.32,0.30,0.40,29.66,17,17,0,-0.03,-0.10,0.00,28.98,17,17,0,0.30,0.30,0.30,29.03,17,17,0,755.85,754.00,759.00,24.57,17,0,0,0.09,0.00,0.10,29.74,17,17,0,1.08,1.00,1.10,29.17,17,17,0,0.24,0.20,0.30,28.98,17,17,0
1548126,0.36,0.30,0.40,29.66,17,17,0,-0.04,-0.10,0.00,28.99,17,17,0,0.31,0.30,0.40,29.04,17,17,0,764.88,758.60,770.10,24.56,17,0,0,0.11,0.10,0.20,29.75,17,17,0,1.08,1.00,1.10,29.16,17,17,0,0.21,0.20,0.30,28.98,17,17,0
1548636,0.36,0.30,0.40,29.65,17,17,0,0.00,-0.10,0.10,28.98,17,17,0,0.31,0.30,0.40,29.03,17,17,0,759.28,752.80,766.10,24.56,17,0,0,0.10,0.00,0.20,29.76,17,17,0,1.09,1.00,1.10,29.17,17,17,0,0.20,0.20,0.20,28.97,17,17,0
1549146,0.35,0.30,0.40,29.66,17,17,0,0.00,-0.10,0.10,28.98,17,17,0,0.32,0.30,0.40,29.03,17,17,0,750.98,747.70,754.80,24.55,17,0,0,0.10,0.10,0.10,29.75,17,17,0,1.07,1.00,1.10,29.16,17,17,0,0.21,0.20,0.30,28.95,17,17,0
1549646,0.35,0.30,0.40,29.66,17,17,0,-0.01,-0.10,0.10,28.98,17,17,0,0.31,0.30,0.40,29.03,17,17,0,754.16,748.60,760.80,24.56,17,0,0,0.10,0.10,0.10,29.76,17,17,0,1.09,1.00,1.10,29.16,17,17,0,0.21,0.20,0.30,28.97,17,17,0
1550146,0.36,0.30,0.40,29.65,16,16,0,-0.01,-0.10,0.10,29.00,16,16,0,0.31,0.30,0.40,29.03,16,16,0,763.79,761.40,766.80,24.55,16,0,0,0.10,0.00,0.20,29.74,16,16,0,1.08,1.00,1.10,29.16,16,16,0,0.22,0.20,0.30,28.98,16,16,0
1550650,0.37,0.30,0.40,29.66,17,17,0,-0.01,-0.10,0.10,29.00,17,17,0,0.32,0.30,0.40,29.03,17,17,0,752.19,747.70,757.60,24.55,17,0,0,0.11,0.10,0.20,29.77,17,17,0,1.08,1.00,1.10,29.17,17,17,0,0.21,0.20,0.30,28.97,17,17,0
1551150,0.35,0.30,0.40,29.65,17,17,0,0.02,-0.10,0.10,28.98,17,17,0,0.32,0.30,0.40,29.03,17,17,0,748.71,746.90,750.60,24.56,17,0,0,0.10,0.10,0.10,29.76,17,17,0,1.08,1.00,1.10,29.16,17,17,0,0.21,0.20,0.30,28.97,17,17,0
1551660,0.36,0.30,0.40,29.65,16,16,0,0.00,-0.10,0.10,28.98,16,16,0,0.32,0.30,0.40,29.03,16,16,0,760.24,754.00,763.80,24.56,16,0,0,0.09,0.00,0.10,29.75,16,16,0,1.08,1.00,1.10,29.17,16,16,0,0.23,0.20,0.30,28.96,16,16,0
1552166,0.38,0.30,0.40,29.67,17,17,0,-0.02,-0.10,0.00,28.98,17,17,0,0.31,0.30,0.40,29.03,17,17,0,755.18,747.20,764.30,24.57,17,0,0,0.10,0.00,0.20,29.76,17,17,0,1.07,1.00,1.10,29.17,17,17,0,0.23,0.20,0.30,28.97,17,17,0
1552666,0.35,0.30,0.40,29.67,16,16,0,-0.02,-0.10,0.10,28.98,16,16,0,0.31,0.30,0.40,29.03,16,16,0,745.82,741.40,748.90,24.56,16,0,0,0.11,0.10,0.20,29.76,16,16,0,1.09,1.00,1.10,29.16,16,16,0,0.22,0.20,0.30,28.96,16,16,0
1553178,0.37,0.30,0.40,29.67,17,17,0,-0.01,-0.10,0.00,28.98,17,17,0,0.31,0.30,0.40,29.04,17,17,0,751.18,744.10,761.00,24.56,17,0,0,0.11,0.00,0.20,29.76,17,17,0,1.07,1.00,1.10,29.16,17,17,0,0.23,0.20,0.30,28.97,17,17,0
1553684,0.36,0.30,0.40,29.66,17,17,0,-0.01,-0.10,0.10,28.96,17,17,0,0.32,0.30,0.40,29.02,17,17,0,762.96,758.60,766.60,24.57,17,0,0,0.11,0.10,0.20,29.76,17,17,0,1.08,1.00,1.10,29.17,17,17,0,0.22,0.20,0.30,28.97,17,17,0
1554184,0.36,0.30,0.40,29.65,17,17,0,0.01,-0.10,0.10,28.97,17,17,0,0.31,0.30,0.40,29.05,17,17,0,750.78,746.70,755.40,24.57,17,0,0,0.09,0.00,0.10,29.77,17,17,0,1.08,1.00,1.10,29.16,17,17,0,0.22,0.20,0.30,28.97,17,17,0
1554694,0.37,0.30,0.40,29.67,17,17,0,-0.02,-0.10,0.10,29.00,17,17,0,0.31,0.30,0.40,29.01,17,17,0,745.23,736.90,755.20,24.57,17,0,0,0.10,0.00,0.20,29.77,17,17,0,1.08,1.00,1.10,29.17,17,17,0,0.22,0.20,0.30,28.98,17,17,0
1555205,0.37,0.30,0.40,29.66,17,17,0,-0.01,-0.10,0.10,28.98,17,17,0,0.31,0.30,0.40,29.04,17,17,0,762.49,755.00,770.70,24.57,17,0,0,0.11,0.10,0.20,29.77,17,17,0,1.07,1.00,1.10,29.16,17,17,0,0.22,0.20,0.30,28.98,17,17,0
1555705,0.38,0.30,0.40,29.66,17,17,0,-0.01,-0.10,0.10,29.00,17,17,0,0.31,0.30,0.40,29.05,17,17,0,756.85,746.40,767.00,24.56,17,0,0,0.11,0.10,0.20,29.76,17,17,0,1.09,1.00,1.10,29.17,17,17,0,0.22,0.20,0.30,28.97,17,17,0
1556209,0.36,0.30,0.40,29.65,17,17,0,-0.01,-0.10,0.10,28.99,17,17,0,0.31,0.30,0.40,29.02,17,17,0,746.05,743.10,749.20,24.58,17,0,0,0.10,0.00,0.20,29.75,17,17,0,1.08,1.00,1.10,29.17,17,17,0,0.22,0.20,0.30,28.97,17,17,0
1556713,0.38,0.30,0.40,29.68,17,17,0,0.01,-0.10,0.10,28.99,17,17,0,0.31,0.30,0.40,29.03,17,17,0,755.26,747.00,764.70,24.57,17,0,0,0.09,0.00,0.10,29.75,17,17,0,1.08,1.00,1.10,29.17,17,17,0,0.24,0.20,0.30,28.98,17,17,0
1557213,0.38,0.30,0.40,29.67,16,16,0,-0.03,-0.10,0.10,28.98,16,16,0,0.30,0.20,0.40,29.04,16,16,0,766.01,759.50,769.60,24.57,16,0,0,0.10,0.10,0.10,29.76,16,16,0,1.04,1.00,1.10,29.17,16,16,0,0.22,0.20,0.30,28.98,16,16,0
1557725,0.37,0.30,0.40,29.66,17,17,0,0.01,-0.10,0.10,28.98,17,17,0,0.32,0.30,0.40,29.04,17,17,0,750.32,745.50,755.20,24.55,17,0,0,0.10,0.10,0.10,29.76,17,17,0,1.09,1.00,1.10,29.17,17,17,0,0.22,0.20,0.30,28.99,17,17,0
1558232,0.35,0.30,0.40,29.67,17,17,0,0.01,-0.10,0.10,28.98,17,17,0,0.30,0.30,0.30,29.04,17,17,0,748.60,746.20,754.10,24.56,17,0,0,0.11,0.10,0.20,29.76,17,17,0,1.08,1.00,1.10,29.16,17,17,0,0.20,0.20,0.20,28.97,17,17,0
1558740,0.36,0.30,0.40,29.66,17,17,0,-0.02,-0.10,0.10,28.98,17,17,0,0.31,0.30,0.40,29.02,17,17,0,763.08,755.30,767.40,24.56,17,0,0,0.10,0.00,0.20,29.75,17,17,0,1.08,1.00,1.10,29.18,17,17,0,0.21,0.20,0.30,28.97,17,17,0
1559246,0.37,0.30,0.40,29.65,17,17,0,0.00,-0.10,0.10,28.98,17,17,0,0.32,0.30,0.40,29.01,17,17,0,753.30,745.70,761.90,24.56,17,0,0,0.10,0.10,0.10,29.76,17,17,0,1.09,1.00,1.10,29.16,17,17,0,0.22,0.20,0.30,28.98,17,17,0
1559756,0.38,0.30,0.40,29.65,17,17,0,-0.01,-0.10,0.10,28.96,17,17,0,0.32,0.30,0.40,29.04,17,17,0,744.01,740.30,748.00,24.55,17,0,0,0.10,0.10,0.10,29.77,17,17,0,1.08,1.00,1.10,29.16,17,17,0,0.22,0.20,0.30,28.97,17,17,0
1560262,0.36,0.30,0.40,29.66,17,17,0,-0.03,-0.10,0.00,28.98,17,17,0,0.32,0.30,0.40,29.03,17,17,0,755.89,746.50,762.50,24.58,17,0,0,0.09,0.00,0.10,29.76,17,17,0,1.08,1.00,1.10,29.16,17,17,0,0.22,0.20,0.30,28.95,17,17,0
1560773,0.37,0.30,0.40,29.64,17,17,0,0.00,-0.10,0.10,28.99,17,17,0,0.31,0.30,0.40,29.04,17,17,0,763.65,756.30,767.90,24.57,17,0,0,0.09,0.00,0.10,29.76,17,17,0,1.07,1.00,1.10,29.17,17,17,0,0.21,0.20,0.30,28.97,17,17,0
1561273,0.35,0.30,0.40,29.68,16,16,0,0.00,-0.10,0.10,28.99,16,16,0,0.30,0.30,0.30,29.03,16,16,0,751.12,747.50,754.20,24.56,16,0,0,0.09,0.00,0.10,29.77,16,16,0,1.09,1.00,1.10,29.17,16,16,0,0.23,0.20,0.30,28.96,16,16,0
1561773,0.36,0.30,0.40,29.67,17,17,0,-0.03,-0.10,0.10,28.98,17,17,0,0.30,0.30,0.30,29.03,17,17,0,751.45,748.80,754.20,24.57,17,0,0,0.10,0.00,0.20,29.76,17,17,0,1.08,1.00,1.10,29.16,17,17,0,0.21,0.20,0.30,28.99,17,17,0
1562283,0.36,0.30,0.40,29.65,17,17,0,0.01,-0.10,0.10,28.98,17,17,0,0.31,0.30,0.40,29.03,17,17,0,763.29,758.20,767.60,24.59,17,0,0,0.10,0.10,0.10,29.76,17,17,0,1.09,1.00,1.10,29.17,17,17,0,0.23,0.20,0.30,28.96,17,17,0
1562793,0.36,0.30,0.40,29.65,17,17,0,-0.01,-0.10,0.00,28.97,17,17,0,0.31,0.30,0.40,29.02,17,17,0,754.44,750.90,760.30,24.57,17,0,0,0.09,0.00,0.10,29.77,17,17,0,1.08,1.00,1.10,29.16,17,17,0,0.22,0.20,0.30,28.97,17,17,0
1563299,0.36,0.30,0.40,29.64,17,17,0,0.00,-0.10,0.10,28.99,17,17,0,0.30,0.30,0.30,29.02,17,17,0,750.18,748.50,752.40,24.58,17,0,0,0.09,0.00,0.10,29.75,17,17,0,1.08,1.00,1.10,29.14,17,17,0,0.23,0.20,0.30,28.98,17,17,0
1563804,0.36,0.30,0.40,29.67,17,17,0,-0.01,-0.10,0.10,28.98,17,17,0,0.32,0.30,0.40,29.02,17,17,0,759.34,753.30,766.40,24.55,17,0,0,0.10,0.10,0.10,29.76,17,17,0,1.08,1.00,1.10,29.16,17,17,0,0.21,0.20,0.30,28.98,17,17,0
1564315,0.36,0.30,0.40,29.67,17,17,0,0.02,-0.10,0.10,28.97,17,17,0,0.32,0.30,0.40,29.03,17,17,0,762.42,758.30,766.20,24.56,17,0,0,0.10,0.00,0.20,29.77,17,17,0,1.07,1.00,1.10,29.16,17,17,0,0.21,0.20,0.30,28.97,17,17,0
1564825,0.37,0.30,0.40,29.67,17,17,0,-0.02,-0.10,0.10,28.97,17,17,0,0.31,0.30,0.40,29.03,17,17,0,755.11,751.10,759.60,24.57,17,0,0,0.09,0.00,0.20,29.77,17,17,0,1.07,1.00,1.10,29.17,17,17,0,0.23,0.20,0.30,28.98,17,17,0
1565325,0.37,0.30,0.40,29.66,17,17,0,0.02,-0.10,0.10,28.98,17,17,0,0.32,0.30,0.40,29.04,17,17,0,759.79,756.10,763.90,24.57,17,0,0,0.11,0.10,0.20,29.74,17,17,0,1.07,1.00,1.10,29.16,17,17,0,0.24,0.20,0.30,28.97,17,17,0
1565825,0.36,0.30,0.40,29.67,16,16,0,0.01,-0.10,0.10,29.01,16,16,0,0.33,0.30,0.40,29.03,16,16,0,771.24,766.00,774.00,24.56,16,0,0,0.09,0.00,0.10,29.76,16,16,0,1.09,1.00,1.10,29.16,16,16,0,0.22,0.20,0.30,28.98,16,16,0
1566325,0.37,0.30,0.40,29.67,17,17,0,0.00,-0.10,0.10,28.97,17,17,0,0.31,0.30,0.40,29.02,17,17,0,771.63,768.70,775.10,24.56,17,0,0,0.10,0.10,0.10,29.77,17,17,0,1.06,1.00,1.10,29.17,17,17,0,0.24,0.20,0.30,28.98,17,17,0
1566833,0.35,0.30,0.40,29.68,17,17,0,0.01,-0.10,0.10,28.98,17,17,0,0.32,0.30,0.40,29.03,17,17,0,770.08,767.80,772.10,24.57,17,0,0,0.11,0.10,0.20,29.77,17,17,0,1.06,1.00,1.10,29.17,17,17,0,0.22,0.20,0.30,28.98,17,17,0
1567333,0.38,0.30,0.40,29.65,17,17,0,-0.01,-0.10,0.10,28.97,17,17,0,0.32,0.30,0.40,29.03,17,17,0,774.66,770.80,780.70,24.56,17,0,0,0.11,0.00,0.20,29.75,17,17,0,1.08,1.00,1.10,29.17,17,17,0,0.22,0.20,0.30,28.96,17,17,0
1567846,0.37,0.30,0.40,29.67,17,17,0,0.00,-0.10,0.10,28.98,17,17,0,0.32,0.30,0.40,29.04,17,17,0,781.02,776.70,783.50,24.57,17,0,0,0.10,0.10,0.10,29.76,17,17,0,1.09,1.00,1.10,29.15,17,17,0,0.22,0.20,0.30,28.96,17,17,0
1568351,0.37,0.30,0.40,29.65,17,17,0,-0.02,-0.10,0.10,28.99,17,17,0,0.31,0.30,0.40,29.04,17,17,0,776.06,773.10,778.70,24.56,17,0,0,0.10,0.10,0.10,29.76,17,17,0,1.08,1.00,1.10,29.15,17,17,0,0.25,0.20,0.30,28.96,17,17,0
1568861,0.39,0.30,0.40,29.66,17,17,0,-0.01,-0.10,0.10,28.98,17,17,0,0.31,0.30,0.40,29.03,17,17,0,780.49,777.70,783.90,24.56,17,0,0,0.10,0.10,0.10,29.76,17,17,0,1.08,1.00,1.10,29.14,17,17,0,0.21,0.20,0.30,28.99,17,17,0
1569374,0.36,0.30,0.40,29.67,17,17,0,-0.01,-0.10,0.10,29.00,17,17,0,0.30,0.30,0.30,29.04,17,17,0,790.69,784.80,793.10,24.57,17,0,0,0.10,0.10,0.10,29.76,17,17,0,1.09,1.00,1.10,29.16,17,17,0,0.22,0.20,0.30,28.98,17,17,0
1569874,0.35,0.30,0.40,29.66,17,17,0,0.00,-0.10,0.10,28.98,17,17,0,0.30,0.30,0.30,29.05,17,17,0,787.04,782.50,791.90,24.56,17,0,0,0.10,0.10,0.10,29.76,17,17,0,1.09,1.00,1.10,29.16,17,17,0,0.25,0.20,0.30,28.98,17,17,0
1570379,0.36,0.30,0.40,29.67,16,16,0,-0.02,-0.10,0.10,28.99,16,16,0,0.31,0.30,0.40,29.03,16,16,0,783.61,781.70,787.00,24.56,16,0,0,0.10,0.10,0.10,29.77,16,16,0,1.09,1.00,1.10,29.16,16,16,0,0.24,0.20,0.30,28.98,16,16,0
1570890,0.34,0.30,0.40,29.66,17,17,0,0.01,-0.10,0.10,28.98,17,17,0,0.31,0.30,0.40,29.02,17,17,0,790.42,784.70,798.50,24.56,17,0,0,0.11,0.10,0.20,29.77,17,17,0,1.08,1.00,1.10,29.17,17,17,0,0.22,0.20,0.30,28.96,17,17,0
1571390,0.37,0.30,0.40,29.67,16,16,0,-0.03,-0.10,0.10,28.99,16,16,0,0.31,0.30,0.40,29.04,16,16,0,797.16,792.20,802.30,24.57,16,0,0,0.09,0.00,0.10,29.75,16,16,0,1.08,1.00,1.10,29.16,16,16,0,0.23,0.20,0.30,28.97,16,16,0
1571902,0.39,0.30,0.40,29.66,17,17,0,-0.01,-0.10,0.10,28.98,17,17,0,0.31,0.30,0.40,29.03,17,17,0,786.49,783.80,790.30,24.55,17,0,0,0.09,0.00,0.10,29.75,17,17,0,1.08,1.00,1.10,29.18,17,17,0,0.22,0.20,0.30,28.97,17,17,0
1572414,0.36,0.30,0.40,29.66,17,17,0,0.00,-0.10,0.10,28.99,17,17,0,0.31,0.30,0.40,29.02,17,17,0,787.68,783.20,792.80,24.56,17,0,0,0.10,0.10,0.10,29.77,17,17,0,1.09,1.00,1.10,29.16,17,17,0,0.21,0.20,0.30,28.96,17,17,0
1572914,0.38,0.30,0.40,29.67,16,16,0,-0.01,-0.10,0.10,28.97,16,16,0,0.31,0.30,0.40,29.04,16,16,0,798.31,796.00,801.30,24.56,16,0,0,0.10,0.10,0.10,29.77,16,16,0,1.07,1.00,1.10,29.15,16,16,0,0.21,0.20,0.30,28.97,16,16,0
1573420,0.36,0.30,0.40,29.67,17,17,0,0.01,-0.10,0.10,28.99,17,17,0,0.31,0.30,0.40,29.03,17,17,0,789.81,785.10,795.80,24.56,17,0,0,0.10,0.00,0.20,29.76,17,17,0,1.07,1.00,1.10,29.16,17,17,0,0.23,0.20,0.30,28.97,17,17,0
1573933,0.36,0.30,0.40,29.67,17,17,0,-0.03,-0.10,0.10,28.98,17,17,0,0.31,0.30,0.40,29.02,17,17,0,782.79,781.10,785.30,24.56,17,0,0,0.09,0.00,0.10,29.75,17,17,0,1.09,1.00,1.10,29.16,17,17,0,0.24,0.20,0.30,28.99,17,17,0
1574439,0.37,0.30,0.40,29.66,17,17,0,0.01,-0.10,0.10,29.00,17,17,0,0.30,0.30,0.30,29.03,17,17,0,791.02,785.20,797.60,24.56,17,0,0,0.09,0.00,0.10,29.76,17,17,0,1.08,1.00,1.10,29.15,17,17,0,0.21,0.20,0.30,28.98,17,17,0
1574939,0.34,0.30,0.40,29.68,16,16,0,0.02,-0.10,0.10,28.97,16,16,0,0.32,0.30,0.40,29.03,16,16,0,792.43,783.10,799.10,24.56,16,0,0,0.10,0.10,0.10,29.75,16,16,0,1.08,1.00,1.10,29.17,16,16,0,0.21,0.20,0.30,28.97,16,16,0
1575445,0.35,0.30,0.40,29.68,17,17,0,0.00,-0.10,0.10,28.97,17,17,0,0.30,0.30,0.30,29.03,17,17,0,776.06,772.00,782.50,24.54,17,0,0,0.10,0.10,0.10,29.76,17,17,0,1.06,1.00,1.10,29.15,17,17,0,0.22,0.20,0.30,28.98,17,17,0
1575950,0.38,0.30,0.40,29.66,17,17,0,0.01,-0.10,0.10,28.99,17,17,0,0.31,0.30,0.40,29.02,17,17,0,775.91,771.40,781.20,24.55,17,0,0,0.09,0.00,0.10,29.74,17,17,0,1.06,1.00,1.10,29.16,17,17,0,0.21,0.20,0.30,28.98,17,17,0
1576463,0.36,0.30,0.40,29.66,17,17,0,-0.01,-0.10,0.10,28.98,17,17,0,0.32,0.30,0.40,29.03,17,17,0,789.54,785.40,792.40,24.55,17,0,0,0.09,-0.10,0.20,29.76,17,17,0,1.08,1.00,1.10,29.15,17,17,0,0.23,0.20,0.30,28.97,17,17,0
1576973,0.36,0.30,0.40,29.67,17,17,0,0.01,0.00,0.10,28.98,17,17,0,0.32,0.30,0.40,29.01,17,17,0,776.97,769.90,785.00,24.56,17,0,0,0.11,0.10,0.20,29.75,17,17,0,1.09,1.00,1.10,29.16,17,17,0,0.23,0.20,0.30,28.97,17,17,0
1577483,0.37,0.30,0.40,29.66,17,17,0,-0.02,-0.10,0.10,28.98,17,17,0,0.31,0.30,0.40,29.03,17,17,0,767.73,763.90,771.10,24.55,17,0,0,0.10,0.10,0.10,29.76,17,17,0,1.08,1.00,1.10,29.15,17,17,0,0.21,0.20,0.30,28.98,17,17,0
1577988,0.36,0.30,0.40,29.66,17,17,0,-0.02,-0.10,0.00,28.97,17,17,0,0.32,0.30,0.40,29.03,17,17,0,778.77,771.00,786.00,24.56,17,0,0,0.10,0.10,0.10,29.76,17,17,0,1.09,1.00,1.10,29.15,17,17,0,0.24,0.20,0.30,28.97,17,17,0
1578488,0.35,0.30,0.40,29.66,17,17,0,-0.01,-0.10,0.00,28.98,17,17,0,0.30,0.30,0.30,29.03,17,17,0,778.45,769.40,786.10,24.55,17,0,0,0.09,0.00,0.10,29.76,17,17,0,1.08,1.00,1.10,29.15,17,17,0,0.22,0.20,0.30,28.98,17,17,0
1578988,0.38,0.30,0.40,29.67,16,16,0,-0.01,-0.10,0.00,28.98,16,16,0,0.30,0.30,0.30,29.02,16,16,0,762.42,757.00,767.50,24.56,16,0,0,0.11,0.10,0.20,29.76,16,16,0,1.08,1.00,1.10,29.15,16,16,0,0.21,0.20,0.30,28.97,16,16,0
1579494,0.36,0.30,0.40,29.66,17,17,0,0.00,-0.10,0.10,28.98,17,17,0,0.31,0.30,0.40,29.02,17,17,0,761.66,758.70,765.10,24.56,17,0,0,0.10,0.00,0.20,29.75,17,17,0,1.08,1.00,1.10,29.16,17,17,0,0.24,0.20,0.30,28.98,17,17,0
1580003,0.37,0.30,0.40,29.67,17,17,0,-0.02,-0.10,0.10,28.97,17,17,0,0.32,0.30,0.40,29.02,17,17,0,774.30,769.40,777.90,24.56,17,0,0,0.09,0.00,0.10,29.76,17,17,0,1.07,1.00,1.10,29.15,17,17,0,0.22,0.20,0.30,28.95,17,17,0
1580503,0.35,0.30,0.40,29.66,16,16,0,0.00,-0.10,0.10,28.97,16,16,0,0.33,0.30,0.40,29.05,16,16,0,765.07,761.00,770.80,24.55,16,0,0,0.11,0.10,0.20,29.75,16,16,0,1.08,1.00,1.10,29.17,16,16,0,0.21,0.20,0.30,28.96,16,16,0
1581003,0.33,0.30,0.40,29.65,16,16,0,0.00,-0.10,0.10,28.97,16,16,0,0.31,0.30,0.40,29.04,16,16,0,758.79,756.90,761.50,24.56,16,0,0,0.10,0.10,0.10,29.76,16,16,0,1.07,1.00,1.10,29.16,16,16,0,0.21,0.20,0.30,28.98,16,16,0
1581508,0.34,0.30,0.40,29.66,17,17,0,-0.01,-0.10,0.10,28.97,17,17,0,0.31,0.30,0.40,29.05,17,17,0,766.81,760.40,772.40,24.55,17,0,0,0.09,0.00,0.10,29.76,17,17,0,1.08,1.00,1.10,29.17,17,17,0,0.22,0.20,0.30,28.98,17,17,0
1582014,0.36,0.30,0.40,29.66,17,17,0,0.00,-0.10,0.10,28.97,17,17,0,0.31,0.30,0.40,29.03,17,17,0,763.73,757.80,770.90,24.55,17,0,0,0.09,0.00,0.10,29.75,17,17,0,1.08,1.00,1.10,29.15,17,17,0,0.22,0.20,0.30,28.96,17,17,0
1582514,0.38,0.30,0.40,29.68,16,16,0,0.01,0.00,0.10,28.97,16,16,0,0.31,0.30,0.40,29.03,16,16,0,752.30,748.50,755.40,24.56,16,0,0,0.11,0.10,0.20,29.75,16,16,0,1.06,1.00,1.10,29.16,16,16,0,0.24,0.20,0.30,28.98,16,16,0
1583014,0.37,0.30,0.40,29.65,17,17,0,0.00,-0.10,0.10,28.98,17,17,0,0.31,0.30,0.40,29.03,17,17,0,752.74,750.10,754.90,24.58,17,0,0,0.10,0.00,0.20,29.77,17,17,0,1.06,1.00,1.10,29.15,17,17,0,0.25,0.20,0.30,28.97,17,17,0
1583524,0.37,0.30,0.40,29.65,17,17,0,0.00,-0.10,0.10,28.97,17,17,0,0.31,0.30,0.40,29.05,17,17,0,762.85,759.40,765.60,24.56,17,0,0,0.09,0.00,0.10,29.75,17,17,0,1.06,1.00,1.10,29.16,17,17,0,0.22,0.20,0.30,28.98,17,17,0
1584029,0.38,0.30,0.40,29.66,17,17,0,0.01,-0.10,0.10,28.97,17,17,0,0.31,0.30,0.40,29.04,17,17,0,755.82,750.00,760.20,24.56,17,0,0,0.10,0.10,0.10,29.76,17,17,0,1.07,1.00,1.10,29.17,17,17,0,0.25,0.20,0.30,28.99,17,17,0
1584529,0.36,0.30,0.40,29.66,16,16,0,0.01,-0.10,0.10,28.97,16,16,0,0.31,0.30,0.40,29.04,16,16,0,749.79,747.10,753.10,24.57,16,0,0,0.10,0.10,0.10,29.75,16,16,0,1.05,1.00,1.10,29.15,16,16,0,0.24,0.20,0.30,28.99,16,16,0
1585033,0.38,0.30,0.40,29.67,17,17,0,0.00,-0.10,0.10,28.99,17,17,0,0.31,0.30,0.40,29.03,17,17,0,759.24,752.60,766.00,24.55,17,0,0,0.10,0.10,0.10,29.76,17,17,0,1.06,1.00,1.10,29.15,17,17,0,0.24,0.20,0.30,28.97,17,17,0
1585533,0.36,0.30,0.40,29.67,17,17,0,-0.01,-0.10,0.10,28.98,17,17,0,0.32,0.30,0.40,29.03,17,17,0,763.29,758.60,767.40,24.56,17,0,0,0.09,0.00,0.10,29.76,17,17,0,1.09,1.00,1.10,29.16,17,17,0,0.24,0.20,0.30,28.96,17,17,0
1586044,0.36,0.30,0.40,29.65,17,17,0,-0.02,-0.10,0.10,28.97,17,17,0,0.31,0.30,0.40,29.02,17,17,0,753.19,750.50,759.20,24.56,17,0,0,0.11,0.10,0.20,29.76,17,17,0,1.10,1.10,1.10,29.16,17,17,0,0.22,0.20,0.30,28.96,17,17,0
1586544,0.36,0.30,0.40,29.66,17,17,0,-0.01,-0.10,0.10,28.98,17,17,0,0.32,0.30,0.40,29.03,17,17,0,752.91,750.60,754.60,24.58,17,0,0,0.10,0.00,0.20,29.77,17,17,0,1.08,1.00,1.10,29.16,17,17,0,0.22,0.20,0.30,28.98,17,17,0
1587053,0.38,0.30,0.40,29.66,17,17,0,-0.01,-0.10,0.10,28.98,17,17,0,0.32,0.30,0.40,29.03,17,17,0,763.02,759.40,766.00,24.56,17,0,0,0.09,0.00,0.20,29.75,17,17,0,1.07,1.00,1.10,29.16,17,17,0,0.21,0.20,0.30,28.97,17,17,0
1587553,0.36,0.30,0.40,29.66,17,17,0,-0.02,-0.10,0.10,28.99,17,17,0,0.31,0.30,0.40,29.05,17,17,0,754.44,748.40,761.70,24.55,17,0,0,0.09,0.00,0.10,29.76,17,17,0,1.06,1.00,1.10,29.15,17,17,0,0.22,0.20,0.30,28.96,17,17,0
1588053,0.37,0.30,0.40,29.65,16,16,0,-0.00,-0.10,0.10,28.98,16,16,0,0.31,0.30,0.40,29.04,16,16,0,745.86,743.50,748.50,24.57,16,0,0,0.10,0.00,0.20,29.76,16,16,0,1.09,1.00,1.10,29.16,16,16,0,0.23,0.20,0.30,28.97,16,16,0
1588553,0.38,0.30,0.40,29.66,17,17,0,0.02,-0.10,0.10,28.97,17,17,0,0.32,0.30,0.40,29.03,17,17,0,754.52,747.00,763.20,24.56,17,0,0,0.10,0.10,0.10,29.76,17,17,0,1.08,1.00,1.10,29.14,17,17,0,0.22,0.20,0.30,28.98,17,17,0
1589064,0.36,0.30,0.40,29.67,17,17,0,0.00,-0.10,0.10,28.98,17,17,0,0.32,0.30,0.40,29.03,17,17,0,761.93,755.40,767.70,24.55,17,0,0,0.10,0.10,0.10,29.75,17,17,0,1.08,1.00,1.10,29.14,17,17,0,0.22,0.20,0.30,28.98,17,17,0
1589564,0.36,0.30,0.40,29.67,16,16,0,-0.01,-0.10,0.10,28.97,16,16,0,0.31,0.30,0.40,29.05,16,16,0,751.16,748.40,755.50,24.55,16,0,0,0.11,0.00,0.20,29.75,16,16,0,1.07,1.00,1.10,29.17,16,16,0,0.24,0.20,0.30,28.98,16,16,0
1590070,0.37,0.30,0.40,29.67,17,17,0,-0.01,-0.10,0.10,28.97,17,17,0,0.30,0.30,0.30,29.03,17,17,0,754.51,751.00,758.90,24.55,17,0,0,0.10,0.10,0.10,29.76,17,17,0,1.08,1.00,1.10,29.14,17,17,0,0.24,0.20,0.30,28.98,17,17,0
1590574,0.36,0.30,0.40,29.65,17,17,0,-0.03,-0.10,0.10,28.96,17,17,0,0.31,0.30,0.40,29.05,17,17,0,764.64,762.40,768.00,24.56,17,0,0,0.09,0.00,0.10,29.76,17,17,0,1.06,1.00,1.10,29.17,17,17,0,0.24,0.20,0.30,28.99,17,17,0
1591078,0.38,0.30,0.40,29.67,17,17,0,-0.00,-0.10,0.10,28.98,17,17,0,0.30,0.30,0.30,29.02,17,17,0,752.54,746.80,762.20,24.57,17,0,0,0.10,0.10,0.10,29.76,17,17,0,1.08,1.00,1.10,29.18,17,17,0,0.24,0.20,0.30,28.98,17,17,0
1591578,0.34,0.30,0.40,29.65,16,16,0,-0.02,-0.10,0.10,28.97,16,16,0,0.32,0.30,0.40,29.04,16,16,0,741.99,737.70,746.80,24.56,16,0,0,0.09,0.00,0.10,29.75,16,16,0,1.06,1.00,1.10,29.17,16,16,0,0.25,0.20,0.30,28.97,16,16,0
1592084,0.34,0.30,0.40,29.68,17,17,0,0.02,-0.10,0.10,28.97,17,17,0,0.31,0.30,0.40,29.04,17,17,0,755.26,746.30,763.00,24.58,17,0,0,0.10,0.10,0.10,29.75,17,17,0,1.07,1.00,1.10,29.16,17,17,0,0.23,0.20,0.30,28.97,17,17,0
1592590,0.37,0.30,0.40,29.66,17,17,0,0.00,-0.10,0.10,28.98,17,17,0,0.33,0.30,0.40,29.04,17,17,0,762.09,753.70,767.10,24.58,17,0,0,0.09,0.00,0.10,29.76,17,17,0,1.08,1.00,1.10,29.16,17,17,0,0.24,0.20,0.30,28.98,17,17,0
1593090,0.36,0.30,0.40,29.66,16,16,0,-0.01,-0.10,0.10,28.97,16,16,0,0.31,0.30,0.40,29.03,16,16,0,747.78,742.10,751.70,24.58,16,0,0,0.10,0.10,0.10,29.77,16,16,0,1.08,1.00,1.10,29.15,16,16,0,0.23,0.20,0.30,28.97,16,16,0
1593594,0.35,0.30,0.40,29.66,17,17,0,-0.01,-0.10,0.10,28.97,17,17,0,0.31,0.30,0.40,29.04,17,17,0,748.32,739.60,755.60,24.56,17,0,0,0.10,0.00,0.20,29.77,17,17,0,1.08,1.00,1.10,29.15,17,17,0,0.21,0.20,0.30,28.97,17,17,0
1594103,0.37,0.30,0.40,29.66,17,17,0,-0.01,-0.10,0.10,28.98,17,17,0,0.31,0.30,0.40,29.03,17,17,0,765.55,759.50,769.90,24.56,17,0,0,0.10,0.00,0.20,29.74,17,17,0,1.07,1.00,1.10,29.16,17,17,0,0.23,0.20,0.30,28.96,17,17,0
1594606,0.37,0.30,0.40,29.67,17,17,0,-0.01,-0.10,0.10,28.97,17,17,0,0.32,0.30,0.40,29.04,17,17,0,754.38,747.90,763.70,24.56,17,0,0,0.09,0.00,0.10,29.77,17,17,0,1.08,1.00,1.10,29.15,17,17,0,0.22,0.20,0.30,28.97,17,17,0
1595111,0.38,0.30,0.40,29.65,17,17,0,-0.01,-0.10,0.10,28.98,17,17,0,0.34,0.30,0.40,29.03,17,17,0,748.24,746.10,751.60,24.57,17,0,0,0.11,0.10,0.20,29.76,17,17,0,1.08,1.00,1.10,29.15,17,17,0,0.23,0.20,0.30,28.97,17,17,0
1595611,0.37,0.30,0.40,29.66,17,17,0,0.01,-0.10,0.10,28.99,17,17,0,0.31,0.30,0.40,29.05,17,17,0,761.19,752.40,767.30,24.57,17,0,0,0.10,0.00,0.20,29.76,17,17,0,1.08,1.00,1.10,29.16,17,17,0,0.24,0.20,0.30,28.98,17,17,0
1596114,0.36,0.30,0.40,29.68,17,17,0,0.02,-0.10,0.10,28.97,17,17,0,0.32,0.30,0.40,29.04,17,17,0,763.10,756.60,770.10,24.57,17,0,0,0.10,0.10,0.10,29.75,17,17,0,1.06,1.00,1.10,29.15,17,17,0,0.21,0.20,0.30,28.98,17,17,0
1596614,0.35,0.30,0.40,29.66,17,17,0,-0.02,-0.10,0.10,28.98,17,17,0,0.31,0.30,0.40,29.04,17,17,0,750.04,747.00,754.40,24.56,17,0,0,0.09,0.00,0.10,29.76,17,17,0,1.08,1.00,1.10,29.14,17,17,0,0.22,0.20,0.30,28.98,17,17,0
1597122,0.36,0.30,0.40,29.67,17,17,0,0.00,-0.10,0.10,28.97,17,17,0,0.32,0.30,0.40,29.04,17,17,0,752.15,746.90,758.40,24.56,17,0,0,0.11,0.10,0.20,29.75,17,17,0,1.08,1.00,1.10,29.17,17,17,0,0.21,0.20,0.30,28.98,17,17,0
1597629,0.36,0.30,0.40,29.66,17,17,0,-0.02,-0.10,0.10,28.97,17,17,0,0.34,0.30,0.40,29.06,17,17,0,766.34,762.30,769.90,24.57,17,0,0,0.10,0.10,0.10,29.77,17,17,0,1.09,1.00,1.10,29.16,17,17,0,0.23,0.20,0.30,28.98,17,17,0
1598132,0.35,0.30,0.40,29.68,17,17,0,-0.01,-0.10,0.10,28.98,17,17,0,0.30,0.30,0.30,29.04,17,17,0,755.69,750.60,762.20,24.56,17,0,0,0.09,0.00,0.10,29.76,17,17,0,1.09,1.00,1.10,29.15,17,17,0,0.24,0.20,0.30,28.97,17,17,0
1598633,0.35,0.30,0.40,29.67,17,17,0,0.01,-0.10,0.10,28.98,17,17,0,0.31,0.30,0.40,29.04,17,17,0,748.86,744.10,751.30,24.57,17,0,0,0.10,0.10,0.10,29.76,17,17,0,1.08,1.00,1.10,29.15,17,17,0,0.23,0.20,0.30,28.97,17,17,0
1599141,0.37,0.30,0.40,29.67,17,17,0,-0.01,-0.10,0.10,28.98,17,17,0,0.30,0.30,0.30,29.04,17,17,0,762.59,752.50,771.50,24.56,17,0,0,0.10,0.10,0.10,29.76,17,17,0,1.06,1.00,1.10,29.16,17,17,0,0.23,0.20,0.30,28.97,17,17,0
1599645,0.37,0.30,0.40,29.66,17,17,0,-0.02,-0.10,0.10,28.97,17,17,0,0.31,0.30,0.40,29.05,17,17,0,765.12,759.30,770.20,24.56,17,0,0,0.09,0.00,0.10,29.77,17,17,0,1.09,1.00,1.10,29.16,17,17,0,0.21,0.20,0.30,28.98,17,17,0
1600145,0.37,0.30,0.40,29.67,17,17,0,-0.01,-0.10,0.10,28.99,17,17,0,0.30,0.30,0.30,29.06,17,17,0,755.39,753.00,758.80,24.58,17,0,0,0.10,0.10,0.10,29.75,17,17,0,1.08,1.00,1.10,29.16,17,17,0,0.24,0.20,0.30,28.98,17,17,0
1600645,0.36,0.30,0.40,29.66,17,17,0,0.00,-0.10,0.10,28.97,17,17,0,0.30,0.30,0.30,29.03,17,17,0,759.12,755.70,764.10,24.55,17,0,0,0.10,0.00,0.20,29.75,17,17,0,1.06,1.00,1.10,29.17,17,17,0,0.21,0.20,0.30,28.98,17,17,0
1601158,0.37,0.30,0.40,29.66,17,17,0,-0.02,-0.10,0.00,28.97,17,17,0,0.31,0.30,0.40,29.05,17,17,0,773.81,769.80,776.90,24.56,17,0,0,0.10,0.00,0.20,29.76,17,17,0,1.09,1.00,1.10,29.15,17,17,0,0.22,0.20,0.30,28.98,17,17,0
1601661,0.35,0.30,0.40,29.66,17,17,0,0.00,-0.10,0.10,28.98,17,17,0,0.31,0.30,0.40,29.05,17,17,0,769.72,765.20,774.00,24.56,17,0,0,0.10,0.10,0.10,29.77,17,17,0,1.07,1.00,1.10,29.16,17,17,0,0.22,0.20,0.30,28.98,17,17,0
1602173,0.35,0.30,0.40,29.67,17,17,0,0.00,-0.10,0.10,28.97,17,17,0,0.30,0.30,0.30,29.06,17,17,0,768.13,766.10,771.00,24.57,17,0,0,0.11,0.10,0.20,29.76,17,17,0,1.06,1.00,1.10,29.14,17,17,0,0.23,0.20,0.30,28.96,17,17,0
1602673,0.36,0.30,0.40,29.66,17,17,0,-0.03,-0.10,0.10,28.98,17,17,0,0.31,0.30,0.40,29.04,17,17,0,777.30,770.40,783.50,24.57,17,0,0,0.10,0.10,0.10,29.76,17,17,0,1.08,1.00,1.10,29.16,17,17,0,0.22,0.20,0.30,28.98,17,17,0
1603173,0.36,0.30,0.40,29.68,17,17,0,-0.01,-0.10,0.10,28.97,17,17,0,0.31,0.30,0.40,29.03,17,17,0,779.59,773.90,783.00,24.55,17,0,0,0.10,0.10,0.10,29.77,17,17,0,1.07,1.00,1.10,29.16,17,17,0,0.22,0.20,0.30,28.98,17,17,0
1603673,0.37,0.30,0.40,29.67,17,17,0,0.00,-0.10,0.10,28.97,17,17,0,0.31,0.30,0.40,29.05,17,17,0,772.69,770.30,774.10,24.56,17,0,0,0.08,0.00,0.10,29.76,17,17,0,1.08,1.00,1.10,29.17,17,17,0,0.23,0.20,0.30,28.98,17,17,0
1604173,0.36,0.30,0.40,29.67,16,16,0,-0.03,-0.10,0.00,28.97,16,16,0,0.31,0.30,0.40,29.04,16,16,0,777.05,772.30,782.80,24.55,16,0,0,0.10,0.10,0.10,29.76,16,16,0,1.09,1.00,1.10,29.15,16,16,0,0.23,0.20,0.30,28.98,16,16,0
1604680,0.36,0.30,0.40,29.68,17,17,0,-0.01,-0.10,0.10,28.98,17,17,0,0.30,0.30,0.30,29.05,17,17,0,791.83,786.00,796.00,24.56,17,0,0,0.11,0.10,0.20,29.77,17,17,0,1.08,1.00,1.10,29.15,17,17,0,0.24,0.20,0.30,28.95,17,17,0
1605180,0.37,0.30,0.40,29.68,17,17,0,-0.01,-0.10,0.10,28.98,17,17,0,0.32,0.30,0.40,29.04,17,17,0,790.89,786.80,794.80,24.56,17,0,0,0.09,0.00,0.10,29.76,17,17,0,1.08,1.00,1.10,29.15,17,17,0,0.26,0.20,0.30,28.97,17,17,0
1605686,0.38,0.30,0.40,29.67,17,17,0,0.01,-0.10,0.10,28.98,17,17,0,0.30,0.30,0.30,29.06,17,17,0,786.92,785.50,789.00,24.56,17,0,0,0.10,0.10,0.10,29.76,17,17,0,1.06,1.00,1.10,29.16,17,17,0,0.22,0.20,0.30,28.98,17,17,0
1606195,0.36,0.30,0.40,29.67,17,17,0,-0.02,-0.10,0.10,28.97,17,17,0,0.30,0.30,0.30,29.03,17,17,0,791.92,785.40,799.20,24.55,17,0,0,0.11,0.00,0.20,29.76,17,17,0,1.06,1.00,1.10,29.17,17,17,0,0.23,0.20,0.30,28.97,17,17,0
1606699,0.39,0.30,0.40,29.68,17,17,0,0.00,-0.10,0.10,28.99,17,17,0,0.31,0.30,0.40,29.06,17,17,0,796.87,793.20,800.20,24.54,17,0,0,0.09,0.00,0.20,29.75,17,17,0,1.08,1.00,1.10,29.16,17,17,0,0.24,0.20,0.30,28.96,17,17,0
1607210,0.36,0.30,0.40,29.66,17,17,0,-0.02,-0.10,0.10,28.97,17,17,0,0.31,0.30,0.40,29.05,17,17,0,787.44,783.40,792.40,24.54,17,0,0,0.10,0.10,0.10,29.76,17,17,0,1.07,1.00,1.10,29.14,17,17,0,0.25,0.20,0.30,28.97,17,17,0
1607713,0.37,0.30,0.40,29.67,17,17,0,-0.02,-0.10,0.10,28.97,17,17,0,0.31,0.30,0.40,29.04,17,17,0,788.22,786.50,790.10,24.53,17,0,0,0.09,0.00,0.10,29.76,17,17,0,1.10,1.10,1.10,29.17,17,17,0,0.22,0.20,0.30,28.96,17,17,0
1608213,0.38,0.30,0.40,29.68,16,16,0,-0.01,-0.10,0.10,28.97,16,16,0,0.30,0.30,0.30,29.04,16,16,0,799.11,794.50,802.20,24.55,16,0,0,0.11,0.10,0.20,29.75,16,16,0,1.07,1.00,1.10,29.15,16,16,0,0.23,0.20,0.30,28.99,16,16,0
1608713,0.35,0.30,0.40,29.68,17,17,0,-0.01,-0.10,0.10,28.95,17,17,0,0.32,0.30,0.40,29.04,17,17,0,792.42,786.60,799.60,24.54,17,0,0,0.10,0.00,0.20,29.76,17,17,0,1.06,1.00,1.10,29.18,17,17,0,0.21,0.20,0.30,28.98,17,17,0
1609218,0.37,0.30,0.40,29.68,17,17,0,-0.02,-0.10,0.10,28.98,17,17,0,0.31,0.30,0.40,29.05,17,17,0,785.32,783.50,787.60,24.54,17,0,0,0.10,0.00,0.20,29.76,17,17,0,1.08,1.00,1.10,29.15,17,17,0,0.22,0.20,0.30,28.98,17,17,0
1609718,0.39,0.30,0.40,29.66,17,17,0,-0.01,-0.10,0.10,28.97,17,17,0,0.31,0.30,0.40,29.05,17,17,0,789.49,783.70,795.70,24.54,17,0,0,0.10,0.00,0.20,29.75,17,17,0,1.05,1.00,1.10,29.15,17,17,0,0.21,0.20,0.30,28.97,17,17,0
1610218,0.39,0.30,0.40,29.68,17,17,0,0.01,-0.10,0.10,28.97,17,17,0,0.31,0.30,0.40,29.06,17,17,0,793.94,787.70,798.70,24.54,17,0,0,0.10,0.10,0.10,29.76,17,17,0,1.08,1.00,1.10,29.14,17,17,0,0.24,0.20,0.30,28.98,17,17,0
1610725,0.38,0.30,0.40,29.67,17,17,0,-0.01,-0.10,0.10,28.97,17,17,0,0.32,0.30,0.40,29.06,17,17,0,780.73,777.70,787.20,24.54,17,0,0,0.10,0.10,0.10,29.76,17,17,0,1.06,1.00,1.10,29.16,17,17,0,0.21,0.20,0.30,28.99,17,17,0
1611234,0.34,0.30,0.40,29.66,17,17,0,-0.02,-0.10,0.10,28.98,17,17,0,0.33,0.30,0.40,29.05,17,17,0,779.15,775.00,781.80,24.55,17,0,0,0.09,0.00,0.20,29.77,17,17,0,1.08,1.00,1.10,29.14,17,17,0,0.24,0.20,0.30,28.98,17,17,0
1611740,0.38,0.30,0.40,29.68,17,17,0,-0.03,-0.10,0.00,28.96,17,17,0,0.32,0.30,0.40,29.05,17,17,0,789.19,784.70,792.40,24.56,17,0,0,0.11,0.10,0.20,29.77,17,17,0,1.06,1.00,1.10,29.14,17,17,0,0.23,0.20,0.30,28.97,17,17,0
1612243,0.36,0.30,0.40,29.67,17,17,0,-0.01,-0.10,0.10,28.97,17,17,0,0.32,0.30,0.40,29.04,17,17,0,776.40,771.30,784.90,24.55,17,0,0,0.10,0.10,0.10,29.76,17,17,0,1.09,1.00,1.10,29.15,17,17,0,0.21,0.20,0.30,28.99,17,17,0
1612743,0.38,0.30,0.40,29.67,17,17,0,-0.01,-0.10,0.10,28.96,17,17,0,0.31,0.30,0.40,29.05,17,17,0,768.30,766.10,771.10,24.55,17,0,0,0.10,0.10,0.10,29.77,17,17,0,1.08,1.00,1.10,29.15,17,17,0,0.21,0.20,0.30,28.97,17,17,0
1613245,0.35,0.30,0.40,29.68,17,17,0,-0.01,-0.10,0.10,28.98,17,17,0,0.31,0.30,0.40,29.05,17,17,0,774.62,768.40,783.00,24.57,17,0,0,0.11,0.10,0.20,29.76,17,17,0,1.07,1.00,1.10,29.15,17,17,0,0.24,0.20,0.30,28.96,17,17,0
1613748,0.38,0.30,0.40,29.68,17,17,0,-0.01,-0.10,0.10,28.98,17,17,0,0.30,0.30,0.30,29.05,17,17,0,778.41,771.00,783.20,24.56,17,0,0,0.10,0.00,0.20,29.75,17,17,0,1.06,1.00,1.10,29.15,17,17,0,0.24,0.20,0.30,28.98,17,17,0
1614257,0.36,0.30,0.40,29.67,17,17,0,0.00,-0.10,0.10,28.97,17,17,0,0.32,0.30,0.40,29.04,17,17,0,765.60,762.70,769.70,24.56,17,0,0,0.10,0.10,0.10,29.76,17,17,0,1.09,1.00,1.10,29.15,17,17,0,0.21,0.20,0.30,28.98,17,17,0
1614760,0.38,0.30,0.40,29.68,17,17,0,-0.02,-0.10,0.00,28.98,17,17,0,0.31,0.30,0.40,29.05,17,17,0,763.44,760.10,767.40,24.56,17,0,0,0.10,0.00,0.20,29.78,17,17,0,1.06,1.00,1.10,29.14,17,17,0,0.22,0.20,0.30,28.99,17,17,0
1615267,0.38,0.30,0.40,29.70,17,17,0,0.01,-0.10,0.10,28.99,17,17,0,0.31,0.30,0.40,29.06,17,17,0,774.63,771.20,778.00,24.57,17,0,0,0.10,0.10,0.10,29.76,17,17,0,1.09,1.00,1.10,29.16,17,17,0,0.22,0.20,0.30,28.98,17,17,0
1615767,0.38,0.30,0.40,29.67,17,17,0,0.01,-0.10,0.10,28.97,17,17,0,0.31,0.30,0.40,29.04,17,17,0,764.51,760.00,769.50,24.57,17,0,0,0.10,0.10,0.10,29.76,17,17,0,1.08,1.00,1.10,29.15,17,17,0,0.24,0.20,0.30,28.98,17,17,0
1616268,0.35,0.30,0.40,29.67,17,17,0,0.00,-0.10,0.10,28.96,17,17,0,0.31,0.30,0.40,29.05,17,17,0,756.71,754.20,759.90,24.56,17,0,0,0.10,0.10,0.10,29.74,17,17,0,1.09,1.00,1.10,29.15,17,17,0,0.24,0.20,0.30,28.99,17,17,0
1616770,0.35,0.30,0.40,29.67,17,17,0,-0.01,-0.10,0.10,28.97,17,17,0,0.31,0.30,0.40,29.05,17,17,0,761.01,756.60,768.40,24.56,17,0,0,0.10,0.10,0.10,29.76,17,17,0,1.08,1.00,1.10,29.15,17,17,0,0.24,0.20,0.30,28.98,17,17,0
1617270,0.36,0.30,0.40,29.68,16,16,0,-0.03,-0.10,0.10,28.96,16,16,0,0.31,0.30,0.40,29.06,16,16,0,761.08,753.60,766.40,24.56,16,0,0,0.10,0.10,0.10,29.75,16,16,0,1.09,1.00,1.10,29.14,16,16,0,0.23,0.20,0.30,28.97,16,16,0
1617770,0.36,0.30,0.40,29.67,17,17,0,-0.01,-0.10,0.10,28.98,17,17,0,0.31,0.30,0.40,29.05,17,17,0,748.98,743.80,755.00,24.58,17,0,0,0.10,0.10,0.10,29.77,17,17,0,1.08,1.00,1.10,29.16,17,17,0,0.24,0.20,0.30,28.99,17,17,0
1618270,0.37,0.30,0.40,29.68,17,17,0,-0.03,-0.10,0.00,28.97,17,17,0,0.31,0.30,0.40,29.05,17,17,0,748.55,743.00,754.50,24.56,17,0,0,0.09,0.00,0.10,29.76,17,17,0,1.07,1.00,1.10,29.15,17,17,0,0.24,0.20,0.30,28.97,17,17,0
1618771,0.35,0.30,0.40,29.68,17,17,0,-0.01,-0.10,0.00,28.96,17,17,0,0.33,0.30,0.40,29.04,17,17,0,764.44,757.50,769.00,24.57,17,0,0,0.09,0.00,0.20,29.75,17,17,0,1.07,1.00,1.10,29.18,17,17,0,0.24,0.20,0.30,28.98,17,17,0
1619271,0.36,0.30,0.40,29.67,17,17,0,-0.02,-0.10,0.00,28.99,17,17,0,0.30,0.30,0.30,29.05,17,17,0,755.55,749.70,761.50,24.57,17,0,0,0.10,0.10,0.10,29.75,17,17,0,1.06,1.00,1.10,29.16,17,17,0,0.22,0.20,0.30,28.96,17,17,0
1619773,0.36,0.30,0.40,29.68,17,17,0,-0.03,-0.10,0.00,28.97,17,17,0,0.31,0.30,0.40,29.06,17,17,0,749.36,746.80,752.10,24.58,17,0,0,0.11,0.10,0.20,29.75,17,17,0,1.08,1.00,1.10,29.15,17,17,0,0.21,0.10,0.30,28.99,17,17,0
1620273,0.39,0.30,0.40,29.68,17,17,0,-0.01,-0.10,0.10,28.97,17,17,0,0.32,0.30,0.40,29.05,17,17,0,755.93,750.70,761.60,24.57,17,0,0,0.09,0.00,0.10,29.75,17,17,0,1.09,1.00,1.10,29.15,17,17,0,0.22,0.20,0.30,28.97,17,17,0
1620773,0.37,0.30,0.40,29.66,17,17,0,-0.01,-0.10,0.10,28.97,17,17,0,0.31,0.30,0.40,29.04,17,17,0,760.19,752.60,765.00,24.56,17,0,0,0.09,0.00,0.10,29.75,17,17,0,1.05,1.00,1.10,29.16,17,17,0,0.24,0.20,0.30,28.96,17,17,0
1621276,0.36,0.30,0.40,29.67,17,17,0,0.01,-0.10,0.10,28.97,17,17,0,0.31,0.30,0.40,29.04,17,17,0,748.58,744.40,752.80,24.57,17,0,0,0.10,0.00,0.20,29.76,17,17,0,1.08,1.00,1.10,29.16,17,17,0,0.24,0.20,0.30,28.97,17,17,0
1621779,0.35,0.30,0.40,29.70,17,17,0,0.00,-0.10,0.10,28.96,17,17,0,0.31,0.30,0.40,29.05,17,17,0,749.15,746.60,752.80,24.57,17,0,0,0.09,0.00,0.20,29.76,17,17,0,1.07,1.00,1.10,29.15,17,17,0,0.22,0.20,0.30,28.98,17,17,0
1622279,0.36,0.30,0.40,29.68,17,17,0,-0.05,-0.10,0.00,28.97,17,17,0,0.31,0.30,0.40,29.05,17,17,0,760.04,754.00,763.20,24.55,17,0,0,0.08,0.00,0.10,29.75,17,17,0,1.09,1.00,1.10,29.15,17,17,0,0.24,0.20,0.30,28.97,17,17,0
1622783,0.36,0.30,0.40,29.68,17,17,0,-0.02,-0.10,0.00,28.97,17,17,0,0.31,0.30,0.40,29.05,17,17,0,749.24,743.40,756.60,24.56,17,0,0,0.10,0.10,0.10,29.75,17,17,0,1.06,1.00,1.10,29.16,17,17,0,0.22,0.20,0.30,28.98,17,17,0
1623283,0.37,0.30,0.40,29.67,17,17,0,-0.02,-0.10,0.10,28.97,17,17,0,0.30,0.30,0.30,29.04,17,17,0,742.76,740.80,745.40,24.56,17,0,0,0.09,0.00,0.20,29.75,17,17,0,1.06,1.00,1.10,29.15,17,17,0,0.23,0.20,0.30,28.99,17,17,0
1623783,0.36,0.30,0.40,29.68,17,17,0,-0.01,-0.10,0.10,28.97,17,17,0,0.31,0.30,0.40,29.04,17,17,0,755.36,745.90,763.70,24.56,17,0,0,0.11,0.10,0.20,29.76,17,17,0,1.07,1.00,1.10,29.16,17,17,0,0.23,0.20,0.30,28.98,17,17,0
1624283,0.37,0.30,0.40,29.67,17,17,0,-0.02,-0.10,0.10,28.98,17,17,0,0.30,0.30,0.30,29.04,17,17,0,762.32,754.60,765.40,24.58,17,0,0,0.10,0.10,0.10,29.76,17,17,0,1.08,1.00,1.10,29.17,17,17,0,0.24,0.20,0.30,28.96,17,17,0
1624783,0.37,0.30,0.40,29.68,17,17,0,-0.04,-0.10,0.00,28.98,17,17,0,0.31,0.30,0.40,29.03,17,17,0,749.25,746.50,753.10,24.57,17,0,0,0.11,0.10,0.20,29.77,17,17,0,1.08,1.00,1.10,29.16,17,17,0,0.21,0.20,0.30,28.99,17,17,0
1625283,0.36,0.30,0.40,29.67,17,17,0,-0.01,-0.10,0.10,28.97,17,17,0,0.31,0.30,0.40,29.05,17,17,0,749.98,746.30,757.00,24.56,17,0,0,0.10,0.10,0.10,29.76,17,17,0,1.08,1.00,1.10,29.16,17,17,0,0.22,0.20,0.30,28.99,17,17,0
1625784,0.35,0.30,0.40,29.66,17,17,0,-0.01,-0.10,0.10,28.96,17,17,0,0.31,0.30,0.40,29.05,17,17,0,760.79,757.30,763.70,24.59,17,0,0,0.11,0.00,0.20,29.78,17,17,0,1.06,1.00,1.10,29.16,17,17,0,0.24,0.20,0.30,28.97,17,17,0
1626287,0.36,0.30,0.40,29.67,17,17,0,-0.02,-0.10,0.10,28.97,17,17,0,0.32,0.30,0.40,29.05,17,17,0,750.94,745.80,759.00,24.56,17,0,0,0.10,0.10,0.10,29.75,17,17,0,1.09,1.00,1.10,29.15,17,17,0,0.21,0.20,0.30,28.98,17,17,0
1626790,0.36,0.30,0.40,29.68,17,17,0,-0.01,-0.10,0.10,28.96,17,17,0,0.32,0.30,0.40,29.05,17,17,0,742.90,739.60,746.30,24.57,17,0,0,0.11,0.10,0.20,29.76,17,17,0,1.07,1.00,1.10,29.15,17,17,0,0.24,0.20,0.30,28.99,17,17,0
1627290,0.37,0.30,0.40,29.67,16,16,0,-0.01,-0.10,0.00,28.97,16,16,0,0.31,0.30,0.40,29.04,16,16,0,754.42,744.40,760.90,24.55,16,0,0,0.11,0.10,0.20,29.74,16,16,0,1.06,1.00,1.10,29.14,16,16,0,0.24,0.20,0.30,28.98,16,16,0
1627790,0.35,0.30,0.40,29.69,17,17,0,-0.01,-0.10,0.10,28.98,17,17,0,0.30,0.30,0.30,29.04,17,17,0,764.51,757.40,769.60,24.56,17,0,0,0.09,0.00,0.10,29.78,17,17,0,1.08,1.00,1.10,29.16,17,17,0,0.23,0.20,0.30,28.98,17,17,0
1628291,0.35,0.30,0.40,29.68,17,17,0,-0.01,-0.10,0.10,28.96,17,17,0,0.31,0.30,0.40,29.04,17,17,0,749.88,745.60,753.80,24.56,17,0,0,0.09,0.00,0.10,29.77,17,17,0,1.09,1.00,1.20,29.15,17,17,0,0.23,0.20,0.30,28.98,17,17,0
1628791,0.36,0.30,0.40,29.68,17,17,0,-0.02,-0.10,0.10,28.98,17,17,0,0.32,0.30,0.40,29.03,17,17,0,743.67,740.00,749.10,24.56,17,0,0,0.11,0.10,0.20,29.73,17,17,0,1.09,1.00,1.10,29.15,17,17,0,0.24,0.20,0.30,28.99,17,17,0
1629291,0.37,0.30,0.40,29.67,17,17,0,-0.03,-0.10,0.00,28.97,17,17,0,0.31,0.30,0.40,29.05,17,17,0,761.91,752.90,768.00,24.58,17,0,0,0.10,0.10,0.10,29.76,17,17,0,1.07,1.00,1.10,29.16,17,17,0,0.24,0.20,0.30,28.98,17,17,0
1629791,0.35,0.30,0.40,29.68,17,17,0,0.00,-0.10,0.10,28.97,17,17,0,0.31,0.30,0.40,29.06,17,17,0,756.97,749.50,766.00,24.56,17,0,0,0.10,0.10,0.10,29.78,17,17,0,1.08,1.00,1.10,29.15,17,17,0,0.22,0.20,0.30,28.99,17,17,0
1630295,0.36,0.30,0.40,29.67,17,17,0,-0.01,-0.10,0.10,28.95,17,17,0,0.32,0.30,0.40,29.05,17,17,0,749.18,746.90,751.50,24.56,17,0,0,0.10,0.10,0.10,29.77,17,17,0,1.07,1.00,1.10,29.15,17,17,0,0.24,0.20,0.30,28.98,17,17,0
1630802,0.36,0.30,0.40,29.69,17,17,0,-0.01,-0.10,0.10,28.97,17,17,0,0.31,0.30,0.40,29.05,17,17,0,754.54,747.80,761.90,24.56,17,0,0,0.10,0.10,0.10,29.74,17,17,0,1.08,1.00,1.10,29.15,17,17,0,0.25,0.20,0.30,28.99,17,17,0
1631302,0.38,0.30,0.40,29.66,17,17,0,-0.01,-0.10,0.10,28.98,17,17,0,0.30,0.30,0.30,29.05,17,17,0,763.91,758.40,767.30,24.57,17,0,0,0.09,0.00,0.10,29.75,17,17,0,1.07,1.00,1.10,29.15,17,17,0,0.25,0.20,0.30,28.97,17,17,0
1631802,0.36,0.30,0.40,29.68,17,17,0,-0.01,-0.10,0.10,28.98,17,17,0,0.31,0.30,0.40,29.03,17,17,0,751.57,747.70,755.50,24.57,17,0,0,0.11,0.10,0.20,29.76,17,17,0,1.07,1.00,1.10,29.16,17,17,0,0.21,0.20,0.30,28.98,17,17,0
1632302,0.36,0.30,0.40,29.67,17,17,0,-0.02,-0.10,0.00,28.98,17,17,0,0.31,0.30,0.40,29.03,17,17,0,749.87,746.20,754.20,24.58,17,0,0,0.10,0.10,0.10,29.77,17,17,0,1.08,1.00,1.10,29.14,17,17,0,0.25,0.20,0.30,28.99,17,17,0
1632802,0.37,0.30,0.40,29.69,17,17,0,-0.02,-0.10,0.10,28.98,17,17,0,0.32,0.30,0.40,29.05,17,17,0,761.55,754.70,766.10,24.57,17,0,0,0.09,0.00,0.10,29.76,17,17,0,1.07,1.00,1.10,29.18,17,17,0,0.22,0.20,0.30,28.98,17,17,0
1633302,0.36,0.30,0.40,29.68,17,17,0,0.01,-0.10,0.10,28.97,17,17,0,0.30,0.30,0.30,29.03,17,17,0,756.69,749.90,762.10,24.57,17,0,0,0.10,0.10,0.10,29.77,17,17,0,1.09,1.00,1.10,29.14,17,17,0,0.24,0.20,0.30,28.99,17,17,0
1633806,0.37,0.30,0.40,29.68,17,17,0,-0.03,-0.10,0.00,28.98,17,17,0,0.32,0.30,0.40,29.04,17,17,0,749.00,746.80,751.50,24.57,17,0,0,0.09,0.00,0.10,29.78,17,17,0,1.08,1.00,1.10,29.16,17,17,0,0.23,0.20,0.30,28.98,17,17,0
1634315,0.38,0.30,0.40,29.67,17,17,0,-0.03,-0.10,0.10,28.97,17,17,0,0.32,0.30,0.40,29.07,17,17,0,757.44,750.10,766.20,24.56,17,0,0,0.09,0.00,0.10,29.75,17,17,0,1.09,1.00,1.10,29.16,17,17,0,0.23,0.20,0.30,28.98,17,17,0
1634815,0.36,0.30,0.40,29.66,17,17,0,-0.02,-0.10,0.10,28.98,17,17,0,0.32,0.30,0.40,29.04,17,17,0,766.87,762.90,769.40,24.59,17,0,0,0.10,0.00,0.20,29.77,17,17,0,1.07,1.00,1.10,29.18,17,17,0,0.25,0.20,0.30,28.99,17,17,0
1635315,0.36,0.30,0.40,29.67,17,17,0,0.00,-0.10,0.10,28.97,17,17,0,0.31,0.30,0.40,29.05,17,17,0,756.85,753.30,762.00,24.56,17,0,0,0.11,0.00,0.20,29.76,17,17,0,1.08,1.00,1.10,29.17,17,17,0,0.24,0.20,0.30,28.98,17,17,0
1635818,0.38,0.30,0.40,29.69,17,17,0,-0.01,-0.10,0.10,28.98,17,17,0,0.32,0.30,0.40,29.03,17,17,0,758.60,756.20,761.10,24.58,17,0,0,0.10,0.10,0.10,29.75,17,17,0,1.09,1.00,1.10,29.15,17,17,0,0.24,0.20,0.30,28.99,17,17,0
1636325,0.39,0.30,0.40,29.69,17,17,0,0.02,-0.10,0.10,28.97,17,17,0,0.30,0.30,0.30,29.05,17,17,0,769.06,762.20,772.00,24.57,17,0,0,0.10,0.10,0.10,29.77,17,17,0,1.08,1.00,1.10,29.16,17,17,0,0.24,0.20,0.30,28.98,17,17,0
1636828,0.39,0.30,0.40,29.67,17,17,0,0.01,-0.10,0.10,28.99,17,17,0,0.31,0.30,0.40,29.05,17,17,0,768.07,764.30,771.00,24.57,17,0,0,0.10,0.10,0.10,29.77,17,17,0,1.08,1.00,1.10,29.15,17,17,0,0.23,0.20,0.30,28.97,17,17,0
1637328,0.36,0.30,0.40,29.68,17,17,0,-0.02,-0.10,0.10,28.97,17,17,0,0.31,0.30,0.40,29.05,17,17,0,766.21,762.70,769.60,24.56,17,0,0,0.10,0.10,0.10,29.78,17,17,0,1.06,1.00,1.10,29.18,17,17,0,0.24,0.20,0.30,28.98,17,17,0
1637831,0.35,0.30,0.40,29.68,17,17,0,0.00,-0.10,0.10,28.98,17,17,0,0.32,0.30,0.40,29.06,17,17,0,774.44,768.60,782.80,24.57,17,0,0,0.09,0.00,0.10,29.76,17,17,0,1.09,1.00,1.10,29.17,17,17,0,0.24,0.20,0.30,28.98,17,17,0
1638334,0.38,0.30,0.40,29.68,17,17,0,-0.02,-0.10,0.10,28.97,17,17,0,0.31,0.30,0.40,29.05,17,17,0,782.06,779.40,785.20,24.56,17,0,0,0.10,0.10,0.10,29.76,17,17,0,1.07,1.00,1.10,29.15,17,17,0,0.24,0.20,0.30,29.00,17,17,0
1638841,0.36,0.30,0.40,29.68,17,17,0,-0.02,-0.10,0.10,28.99,17,17,0,0.31,0.30,0.40,29.04,17,17,0,773.29,770.30,778.20,24.58,17,0,0,0.10,0.10,0.10,29.78,17,17,0,1.08,1.00,1.10,29.15,17,17,0,0.24,0.20,0.30,28.97,17,17,0
1639341,0.36,0.30,0.40,29.69,17,17,0,-0.01,-0.10,0.00,28.98,17,17,0,0.33,0.30,0.40,29.04,17,17,0,775.89,773.50,778.90,24.57,17,0,0,0.09,0.00,0.10,29.77,17,17,0,1.09,1.00,1.10,29.16,17,17,0,0.24,0.20,0.30,28.98,17,17,0
1639841,0.37,0.30,0.40,29.68,17,17,0,-0.01,-0.10,0.10,28.99,17,17,0,0.30,0.30,0.30,29.06,17,17,0,787.81,778.10,792.90,24.57,17,0,0,0.09,0.00,0.10,29.76,17,17,0,1.05,1.00,1.10,29.17,17,17,0,0.23,0.20,0.30,28.97,17,17,0
1640341,0.35,0.30,0.40,29.68,17,17,0,-0.03,-0.10,0.00,28.99,17,17,0,0.31,0.30,0.40,29.04,17,17,0,789.12,782.60,793.50,24.56,17,0,0,0.10,0.10,0.10,29.76,17,17,0,1.08,1.00,1.10,29.16,17,17,0,0.22,0.20,0.30,28.99,17,17,0
1640841,0.36,0.30,0.40,29.69,17,17,0,-0.01,-0.10,0.10,28.98,17,17,0,0.30,0.30,0.30,29.06,17,17,0,783.62,780.70,785.80,24.57,17,0,0,0.10,0.10,0.10,29.74,17,17,0,1.08,1.00,1.10,29.17,17,17,0,0.24,0.20,0.30,28.97,17,17,0
1641344,0.36,0.30,0.40,29.70,17,17,0,-0.01,-0.10,0.10,28.97,17,17,0,0.32,0.30,0.40,29.05,17,17,0,789.88,784.60,796.90,24.56,17,0,0,0.09,0.00,0.10,29.78,17,17,0,1.06,1.00,1.10,29.15,17,17,0,0.22,0.20,0.30,29.00,17,17,0
1641844,0.38,0.30,0.40,29.68,17,17,0,0.01,-0.10,0.10,28.96,17,17,0,0.34,0.30,0.40,29.05,17,17,0,798.60,795.30,801.10,24.56,17,0,0,0.09,0.00,0.10,29.76,17,17,0,1.07,1.00,1.10,29.16,17,17,0,0.21,0.20,0.30,28.99,17,17,0
1642350,0.36,0.30,0.40,29.68,17,17,0,-0.02,-0.10,0.00,28.99,17,17,0,0.32,0.30,0.40,29.05,17,17,0,786.28,781.50,791.20,24.57,17,0,0,0.11,0.10,0.20,29.76,17,17,0,1.09,1.00,1.10,29.16,17,17,0,0.21,0.20,0.30,29.00,17,17,0
1642854,0.36,0.30,0.40,29.68,17,17,0,-0.02,-0.10,0.00,28.98,17,17,0,0.31,0.30,0.40,29.04,17,17,0,783.45,780.70,785.70,24.57,17,0,0,0.11,0.10,0.20,29.74,17,17,0,1.07,1.00,1.10,29.14,17,17,0,0.21,0.20,0.30,28.98,17,17,0
1643354,0.38,0.30,0.40,29.68,17,17,0,-0.01,-0.10,0.00,28.98,17,17,0,0.32,0.30,0.40,29.05,17,17,0,794.31,785.10,799.70,24.56,17,0,0,0.10,0.00,0.20,29.77,17,17,0,1.06,1.00,1.10,29.15,17,17,0,0.23,0.20,0.30,28.99,17,17,0
1643854,0.36,0.30,0.40,29.67,17,17,0,0.00,-0.10,0.10,28.97,17,17,0,0.32,0.30,0.40,29.04,17,17,0,791.85,784.80,798.00,24.57,17,0,0,0.11,0.10,0.20,29.76,17,17,0,1.08,1.00,1.10,29.18,17,17,0,0.23,0.20,0.30,28.98,17,17,0
1644357,0.38,0.30,0.40,29.69,17,17,0,-0.01,-0.10,0.10,28.97,17,17,0,0.30,0.30,0.30,29.07,17,17,0,782.09,780.40,784.90,24.55,17,0,0,0.09,0.00,0.10,29.77,17,17,0,1.08,1.00,1.10,29.16,17,17,0,0.20,0.20,0.20,28.99,17,17,0
1644863,0.37,0.30,0.40,29.68,17,17,0,-0.02,-0.10,0.10,28.99,17,17,0,0.31,0.30,0.40,29.05,17,17,0,786.44,781.30,794.10,24.55,17,0,0,0.08,0.00,0.10,29.77,17,17,0,1.09,1.00,1.10,29.14,17,17,0,0.24,0.20,0.30,28.98,17,17,0
1645363,0.38,0.30,0.40,29.68,17,17,0,-0.01,-0.10,0.10,28.96,17,17,0,0.31,0.30,0.40,29.05,17,17,0,795.39,791.20,799.70,24.58,17,0,0,0.10,0.00,0.20,29.76,17,17,0,1.08,1.00,1.10,29.16,17,17,0,0.22,0.20,0.30,28.97,17,17,0
1645863,0.36,0.30,0.40,29.70,16,16,0,-0.01,-0.10,0.10,28.96,16,16,0,0.31,0.30,0.40,29.07,16,16,0,778.92,774.40,785.80,24.56,16,0,0,0.11,0.10,0.20,29.78,16,16,0,1.09,1.00,1.10,29.17,16,16,0,0.21,0.20,0.30,28.99,16,16,0
1646363,0.38,0.30,0.40,29.68,17,17,0,-0.01,-0.10,0.10,28.98,17,17,0,0.31,0.30,0.40,29.05,17,17,0,774.15,771.40,777.10,24.56,17,0,0,0.09,0.00,0.10,29.76,17,17,0,1.06,1.00,1.10,29.16,17,17,0,0.21,0.10,0.30,28.99,17,17,0
1646863,0.37,0.30,0.40,29.68,17,17,0,0.00,-0.10,0.10,28.96,17,17,0,0.30,0.30,0.30,29.06,17,17,0,784.16,774.70,790.20,24.57,17,0,0,0.10,0.10,0.10,29.76,17,17,0,1.07,1.00,1.10,29.16,17,17,0,0.20,0.20,0.20,28.97,17,17,0
1647369,0.38,0.30,0.40,29.68,17,17,0,-0.01,-0.10,0.00,28.97,17,17,0,0.32,0.30,0.40,29.05,17,17,0,780.60,771.80,788.90,24.56,17,0,0,0.10,0.10,0.10,29.75,17,17,0,1.08,1.00,1.10,29.15,17,17,0,0.22,0.20,0.30,28.98,17,17,0
1647873,0.36,0.30,0.40,29.69,17,17,0,-0.03,-0.10,0.00,28.97,17,17,0,0.31,0.30,0.40,29.04,17,17,0,766.84,763.20,769.90,24.57,17,0,0,0.09,0.00,0.10,29.77,17,17,0,1.07,1.00,1.10,29.17,17,17,0,0.22,0.20,0.30,29.00,17,17,0
1648373,0.35,0.30,0.40,29.69,17,17,0,-0.03,-0.10,0.00,28.97,17,17,0,0.31,0.30,0.40,29.06,17,17,0,772.90,766.90,779.60,24.56,17,0,0,0.10,0.10,0.10,29.78,17,17,0,1.08,1.00,1.10,29.14,17,17,0,0.22,0.20,0.30,28.99,17,17,0
1648876,0.36,0.30,0.40,29.69,17,17,0,-0.01,-0.10,0.10,28.97,17,17,0,0.32,0.30,0.40,29.04,17,17,0,781.48,778.00,784.70,24.55,17,0,0,0.10,0.10,0.10,29.75,17,17,0,1.08,1.00,1.10,29.17,17,17,0,0.23,0.20,0.30,29.00,17,17,0
1649382,0.35,0.30,0.40,29.69,17,17,0,0.01,-0.10,0.10,28.97,17,17,0,0.31,0.30,0.40,29.05,17,17,0,770.39,764.50,776.80,24.57,17,0,0,0.10,0.10,0.10,29.76,17,17,0,1.08,1.00,1.10,29.15,17,17,0,0.22,0.20,0.30,29.00,17,17,0
1649885,0.36,0.30,0.40,29.70,17,17,0,-0.02,-0.10,0.10,28.96,17,17,0,0.32,0.30,0.40,29.03,17,17,0,766.75,763.40,770.10,24.57,17,0,0,0.10,0.10,0.10,29.76,17,17,0,1.08,1.00,1.10,29.17,17,17,0,0.24,0.20,0.30,29.00,17,17,0
1650392,0.36,0.30,0.40,29.69,17,17,0,-0.03,-0.10,0.10,28.98,17,17,0,0.32,0.30,0.40,29.06,17,17,0,772.47,764.90,776.90,24.57,17,0,0,0.11,0.10,0.20,29.75,17,17,0,1.06,1.00,1.10,29.17,17,17,0,0.23,0.20,0.30,29.00,17,17,0
1650892,0.36,0.30,0.40,29.70,17,17,0,-0.01,-0.10,0.10,28.99,17,17,0,0.32,0.30,0.40,29.04,17,17,0,768.78,764.40,772.10,24.57,17,0,0,0.09,0.00,0.10,29.76,17,17,0,1.06,1.00,1.10,29.17,17,17,0,0.24,0.20,0.30,28.98,17,17,0
1651392,0.38,0.30,0.40,29.67,17,17,0,-0.04,-0.10,0.10,28.98,17,17,0,0.31,0.30,0.40,29.05,17,17,0,757.70,754.00,761.30,24.58,17,0,0,0.10,0.10,0.10,29.76,17,17,0,1.05,1.00,1.10,29.18,17,17,0,0.22,0.20,0.30,28.98,17,17,0
1651892,0.36,0.30,0.40,29.68,17,17,0,-0.02,-0.10,0.10,28.97,17,17,0,0.31,0.30,0.40,29.06,17,17,0,759.52,755.60,765.80,24.57,17,0,0,0.10,0.10,0.10,29.75,17,17,0,1.08,1.00,1.10,29.17,17,17,0,0.23,0.20,0.30,29.00,17,17,0
1652392,0.38,0.30,0.40,29.68,17,17,0,-0.02,-0.10,0.00,28.97,17,17,0,0.33,0.30,0.40,29.07,17,17,0,765.28,761.00,769.50,24.57,17,0,0,0.11,0.10,0.20,29.77,17,17,0,1.07,1.00,1.10,29.17,17,17,0,0.24,0.20,0.30,29.00,17,17,0
1652892,0.38,0.30,0.40,29.68,17,17,0,-0.02,-0.10,0.10,28.97,17,17,0,0.32,0.30,0.40,29.05,17,17,0,753.84,748.10,760.60,24.57,17,0,0,0.10,0.00,0.20,29.76,17,17,0,1.07,1.00,1.10,29.16,17,17,0,0.22,0.20,0.30,28.99,17,17,0
1653392,0.36,0.30,0.40,29.69,17,17,0,0.01,0.00,0.10,28.97,17,17,0,0.30,0.30,0.30,29.04,17,17,0,752.72,750.00,756.30,24.57,17,0,0,0.10,0.00,0.20,29.77,17,17,0,1.09,1.00,1.10,29.16,17,17,0,0.24,0.20,0.30,28.99,17,17,0
1653898,0.35,0.30,0.40,29.69,17,17,0,0.00,-0.10,0.10,28.98,17,17,0,0.32,0.30,0.40,29.06,17,17,0,759.26,752.40,764.10,24.57,17,0,0,0.09,0.00,0.10,29.76,17,17,0,1.07,1.00,1.10,29.17,17,17,0,0.22,0.20,0.30,28.99,17,17,0
1654403,0.34,0.30,0.40,29.69,17,17,0,0.01,-0.10,0.10,28.98,17,17,0,0.31,0.30,0.40,29.05,17,17,0,758.57,753.40,762.50,24.59,17,0,0,0.10,0.10,0.10,29.76,17,17,0,1.06,1.00,1.10,29.17,17,17,0,0.24,0.20,0.30,29.00,17,17,0
1654903,0.37,0.30,0.40,29.69,17,17,0,0.00,-0.10,0.10,28.97,17,17,0,0.32,0.30,0.40,29.07,17,17,0,746.46,742.30,750.40,24.57,17,0,0,0.08,0.00,0.10,29.77,17,17,0,1.07,1.00,1.10,29.17,17,17,0,0.22,0.20,0.30,28.99,17,17,0
1655414,0.38,0.30,0.40,29.69,17,17,0,-0.01,-0.10,0.10,28.99,17,17,0,0.32,0.30,0.40,29.06,17,17,0,750.58,745.40,758.50,24.58,17,0,0,0.09,0.00,0.10,29.76,17,17,0,1.08,1.00,1.10,29.16,17,17,0,0.21,0.20,0.30,28.98,17,17,0
1655918,0.35,0.30,0.40,29.70,17,17,0,-0.01,-0.10,0.10,28.98,17,17,0,0.31,0.30,0.40,29.05,17,17,0,760.65,757.20,762.90,24.58,17,0,0,0.10,0.10,0.10,29.76,17,17,0,1.09,1.00,1.10,29.19,17,17,0,0.21,0.20,0.30,29.00,17,17,0
1656424,0.36,0.30,0.40,29.69,17,17,0,-0.01,-0.10,0.10,28.98,17,17,0,0.31,0.30,0.40,29.06,17,17,0,749.70,743.30,755.50,24.58,17,0,0,0.10,0.10,0.10,29.75,17,17,0,1.09,1.00,1.10,29.15,17,17,0,0.23,0.10,0.30,29.00,17,17,0
1656927,0.38,0.30,0.40,29.69,17,17,0,-0.02,-0.10,0.10,28.96,17,17,0,0.31,0.30,0.40,29.04,17,17,0,746.18,741.40,749.80,24.57,17,0,0,0.09,0.00,0.10,29.76,17,17,0,1.07,1.00,1.10,29.17,17,17,0,0.22,0.20,0.30,29.00,17,17,0
1657432,0.36,0.30,0.40,29.70,17,17,0,0.02,0.00,0.10,28.99,17,17,0,0.31,0.30,0.40,29.06,17,17,0,759.84,752.00,765.60,24.57,17,0,0,0.10,0.00,0.20,29.77,17,17,0,1.08,1.00,1.10,29.15,17,17,0,0.23,0.20,0.30,28.99,17,17,0
1657935,0.36,0.30,0.40,29.67,17,17,0,-0.01,-0.10,0.00,28.99,17,17,0,0.32,0.30,0.40,29.06,17,17,0,758.18,750.10,765.30,24.57,17,0,0,0.10,0.10,0.10,29.77,17,17,0,1.08,1.00,1.10,29.14,17,17,0,0.21,0.20,0.30,28.97,17,17,0
1658439,0.37,0.30,0.40,29.69,17,17,0,0.00,-0.10,0.10,28.97,17,17,0,0.31,0.30,0.40,29.05,17,17,0,747.08,744.50,749.60,24.56,17,0,0,0.10,0.00,0.20,29.77,17,17,0,1.08,1.00,1.10,29.17,17,17,0,0.23,0.20,0.30,28.99,17,17,0
1658945,0.37,0.30,0.40,29.70,17,17,0,0.01,-0.10,0.10,28.97,17,17,0,0.31,0.30,0.40,29.05,17,17,0,753.97,747.20,761.10,24.58,17,0,0,0.09,0.00,0.10,29.76,17,17,0,1.08,1.00,1.10,29.16,17,17,0,0.24,0.20,0.30,28.99,17,17,0
1659447,0.35,0.30,0.40,29.71,17,17,0,-0.02,-0.10,0.10,28.98,17,17,0,0.31,0.30,0.40,29.04,17,17,0,763.38,760.10,767.20,24.57,17,0,0,0.10,0.10,0.10,29.78,17,17,0,1.09,1.00,1.10,29.15,17,17,0,0.22,0.20,0.30,28.98,17,17,0
1659953,0.36,0.30,0.40,29.69,17,17,0,0.01,-0.10,0.10,28.97,17,17,0,0.30,0.30,0.30,29.04,17,17,0,751.59,747.50,756.90,24.58,17,0,0,0.09,0.00,0.10,29.76,17,17,0,1.07,1.00,1.10,29.16,17,17,0,0.22,0.20,0.30,28.99,17,17,0
1660456,0.38,0.30,0.40,29.70,17,17,0,-0.01,-0.10,0.00,28.99,17,17,0,0.30,0.30,0.30,29.04,17,17,0,749.73,746.30,752.50,24.58,17,0,0,0.10,0.10,0.10,29.76,17,17,0,1.08,1.00,1.10,29.16,17,17,0,0.22,0.20,0.30,28.99,17,17,0
1660962,0.36,0.30,0.40,29.67,17,17,0,-0.02,-0.10,0.10,28.97,17,17,0,0.31,0.30,0.40,29.04,17,17,0,762.70,756.80,765.50,24.59,17,0,0,0.09,0.00,0.20,29.77,17,17,0,1.08,1.00,1.10,29.16,17,17,0,0.26,0.20,0.30,28.99,17,17,0
1661471,0.36,0.30,0.40,29.69,17,17,0,-0.01,-0.10,0.10,28.98,17,17,0,0.31,0.30,0.40,29.05,17,17,0,758.18,748.50,766.20,24.58,17,0,0,0.10,0.00,0.20,29.78,17,17,0,1.06,1.00,1.10,29.15,17,17,0,0.23,0.20,0.30,28.97,17,17,0
1661974,0.35,0.30,0.40,29.71,17,17,0,-0.02,-0.10,0.00,28.97,17,17,0,0.32,0.30,0.40,29.04,17,17,0,744.06,739.80,747.90,24.59,17,0,0,0.08,0.00,0.10,29.77,17,17,0,1.07,1.00,1.10,29.17,17,17,0,0.21,0.20,0.30,29.00,17,17,0
1662479,0.38,0.30,0.40,29.69,17,17,0,-0.02,-0.10,0.00,28.98,17,17,0,0.31,0.30,0.40,29.05,17,17,0,750.47,740.30,758.80,24.57,17,0,0,0.09,0.00,0.10,29.76,17,17,0,1.07,1.00,1.10,29.15,17,17,0,0.22,0.20,0.30,28.99,17,17,0
1662983,0.36,0.30,0.40,29.69,17,17,0,-0.01,-0.10,0.10,28.99,17,17,0,0.30,0.30,0.30,29.05,17,17,0,763.56,761.20,767.00,24.56,17,0,0,0.09,0.00,0.10,29.78,17,17,0,1.09,1.00,1.10,29.16,17,17,0,0.22,0.20,0.30,29.00,17,17,0
1663488,0.38,0.30,0.40,29.70,17,17,0,-0.02,-0.10,0.10,28.98,17,17,0,0.31,0.30,0.40,29.05,17,17,0,750.57,745.20,759.40,24.57,17,0,0,0.11,0.10,0.20,29.77,17,17,0,1.06,1.00,1.10,29.16,17,17,0,0.22,0.20,0.30,28.99,17,17,0
1663988,0.37,0.30,0.40,29.68,17,17,0,-0.02,-0.10,0.10,28.97,17,17,0,0.31,0.30,0.40,29.06,17,17,0,740.78,737.00,744.50,24.58,17,0,0,0.10,0.10,0.10,29.76,17,17,0,1.09,1.00,1.10,29.16,17,17,0,0.23,0.20,0.30,28.99,17,17,0
1664488,0.36,0.30,0.40,29.69,16,16,0,-0.01,-0.10,0.10,28.97,16,16,0,0.31,0.30,0.40,29.06,16,16,0,757.52,749.80,762.80,24.59,16,0,0,0.09,0.00,0.10,29.77,16,16,0,1.06,1.00,1.10,29.17,16,16,0,0.22,0.20,0.30,28.99,16,16,0
1664988,0.36,0.30,0.40,29.68,17,17,0,-0.01,-0.10,0.10,28.98,17,17,0,0.31,0.30,0.40,29.06,17,17,0,760.24,752.70,766.10,24.56,17,0,0,0.09,0.00,0.20,29.76,17,17,0,1.07,1.00,1.10,29.16,17,17,0,0.23,0.20,0.30,28.98,17,17,0
1665488,0.36,0.30,0.40,29.69,17,17,0,-0.01,-0.10,0.10,28.97,17,17,0,0.31,0.30,0.40,29.05,17,17,0,748.14,745.00,751.80,24.58,17,0,0,0.10,0.10,0.10,29.78,17,17,0,1.09,1.00,1.10,29.17,17,17,0,0.25,0.20,0.30,28.99,17,17,0
1665988,0.37,0.30,0.40,29.68,17,17,0,-0.01,-0.10,0.10,28.98,17,17,0,0.31,0.30,0.40,29.06,17,17,0,750.05,743.80,760.70,24.59,17,0,0,0.09,0.00,0.10,29.76,17,17,0,1.06,1.00,1.10,29.18,17,17,0,0.24,0.20,0.30,28.99,17,17,0
1666488,0.38,0.30,0.40,29.70,17,17,0,0.00,-0.10,0.10,28.97,17,17,0,0.32,0.30,0.40,29.06,17,17,0,763.82,759.90,767.60,24.58,17,0,0,0.09,0.00,0.20,29.76,17,17,0,1.08,1.00,1.10,29.16,17,17,0,0.22,0.20,0.30,28.98,17,17,0
1666994,0.35,0.30,0.40,29.68,17,17,0,-0.02,-0.10,0.10,28.98,17,17,0,0.31,0.30,0.40,29.06,17,17,0,752.10,743.00,759.10,24.59,17,0,0,0.09,0.00,0.10,29.77,17,17,0,1.08,1.00,1.10,29.15,17,17,0,0.22,0.20,0.30,28.99,17,17,0
1667494,0.36,0.30,0.40,29.70,16,16,0,-0.02,-0.10,0.10,28.97,16,16,0,0.31,0.30,0.40,29.06,16,16,0,744.80,738.40,748.60,24.58,16,0,0,0.10,0.10,0.10,29.77,16,16,0,1.04,1.00,1.10,29.15,16,16,0,0.23,0.20,0.30,28.98,16,16,0
1668006,0.38,0.30,0.40,29.69,17,17,0,-0.01,-0.10,0.10,28.98,17,17,0,0.31,0.30,0.40,29.06,17,17,0,760.49,751.90,767.20,24.57,17,0,0,0.10,0.10,0.10,29.77,17,17,0,1.08,1.00,1.10,29.18,17,17,0,0.24,0.20,0.30,28.98,17,17,0
1668509,0.37,0.30,0.40,29.70,17,17,0,-0.01,-0.10,0.10,28.98,17,17,0,0.31,0.30,0.40,29.06,17,17,0,763.22,755.80,770.10,24.59,17,0,0,0.09,0.00,0.10,29.76,17,17,0,1.08,1.00,1.10,29.16,17,17,0,0.24,0.20,0.30,28.99,17,17,0
1669009,0.36,0.30,0.40,29.70,17,17,0,-0.02,-0.10,0.10,28.97,17,17,0,0.31,0.30,0.40,29.06,17,17,0,753.34,750.50,755.60,24.59,17,0,0,0.10,0.10,0.10,29.76,17,17,0,1.08,1.00,1.10,29.16,17,17,0,0.22,0.20,0.30,28.99,17,17,0
1669514,0.36,0.30,0.40,29.69,17,17,0,0.01,0.00,0.10,28.97,17,17,0,0.31,0.30,0.40,29.05,17,17,0,755.33,750.90,763.80,24.59,17,0,0,0.09,0.00,0.20,29.78,17,17,0,1.08,1.00,1.10,29.16,17,17,0,0.21,0.20,0.30,28.99,17,17,0
1670017,0.35,0.30,0.40,29.68,17,17,0,-0.01,-0.10,0.10,28.98,17,17,0,0.31,0.30,0.40,29.06,17,17,0,766.24,762.10,771.30,24.58,17,0,0,0.10,0.10,0.10,29.77,17,17,0,1.07,1.00,1.10,29.17,17,17,0,0.22,0.20,0.30,29.00,17,17,0
1670530,0.35,0.30,0.40,29.68,17,17,0,-0.01,-0.10,0.10,28.97,17,17,0,0.31,0.30,0.40,29.05,17,17,0,758.15,754.40,763.60,24.58,17,0,0,0.08,0.00,0.10,29.77,17,17,0,1.08,1.00,1.10,29.17,17,17,0,0.22,0.20,0.30,28.99,17,17,0
1671030,0.38,0.30,0.40,29.70,17,17,0,-0.01,-0.10,0.10,28.97,17,17,0,0.32,0.30,0.40,29.06,17,17,0,757.76,754.20,762.50,24.57,17,0,0,0.11,0.10,0.20,29.75,17,17,0,1.08,1.00,1.10,29.17,17,17,0,0.21,0.20,0.30,29.01,17,17,0
1671535,0.35,0.30,0.40,29.68,17,17,0,-0.01,-0.10,0.10,28.97,17,17,0,0.30,0.30,0.30,29.06,17,17,0,768.51,760.20,776.20,24.57,17,0,0,0.09,0.00,0.10,29.75,17,17,0,1.09,1.00,1.10,29.18,17,17,0,0.25,0.20,0.30,29.00,17,17,0
1672038,0.35,0.30,0.40,29.69,17,17,0,-0.02,-0.10,0.00,28.99,17,17,0,0.31,0.30,0.40,29.07,17,17,0,772.50,769.30,774.80,24.59,17,0,0,0.10,0.10,0.10,29.77,17,17,0,1.08,1.00,1.10,29.16,17,17,0,0.24,0.20,0.30,28.99,17,17,0
1672538,0.36,0.30,0.40,29.69,17,17,0,0.00,-0.10,0.10,28.99,17,17,0,0.31,0.30,0.40,29.06,17,17,0,768.21,765.00,771.10,24.59,17,0,0,0.10,0.00,0.20,29.76,17,17,0,1.08,1.00,1.10,29.16,17,17,0,0.23,0.20,0.30,29.00,17,17,0
1673046,0.36,0.30,0.40,29.70,17,17,0,0.00,-0.10,0.10,28.97,17,17,0,0.31,0.30,0.40,29.06,17,17,0,771.41,767.70,777.70,24.60,17,0,0,0.10,0.10,0.10,29.77,17,17,0,1.06,1.00,1.10,29.18,17,17,0,0.22,0.20,0.30,29.00,17,17,0
1673547,0.38,0.30,0.40,29.70,17,17,0,-0.01,-0.10,0.00,28.97,17,17,0,0.31,0.30,0.40,29.05,17,17,0,781.32,778.50,784.40,24.60,17,0,0,0.10,0.10,0.10,29.74,17,17,0,1.08,1.00,1.10,29.17,17,17,0,0.22,0.20,0.30,28.99,17,17,0
1674053,0.36,0.30,0.40,29.69,17,17,0,-0.01,-0.10,0.10,28.98,17,17,0,0.32,0.30,0.40,29.06,17,17,0,779.20,775.20,782.10,24.59,17,0,0,0.09,0.00,0.10,29.78,17,17,0,1.07,1.00,1.10,29.18,17,17,0,0.25,0.20,0.30,28.99,17,17,0
1674553,0.38,0.30,0.40,29.70,17,17,0,0.00,-0.10,0.10,28.98,17,17,0,0.31,0.30,0.40,29.05,17,17,0,780.09,777.10,783.60,24.58,17,0,0,0.10,0.10,0.10,29.78,17,17,0,1.06,1.00,1.10,29.17,17,17,0,0.22,0.20,0.30,29.00,17,17,0
1675059,0.38,0.30,0.40,29.69,17,17,0,-0.04,-0.10,0.00,28.98,17,17,0,0.31,0.30,0.40,29.06,17,17,0,789.76,781.50,796.40,24.58,17,0,0,0.10,0.10,0.10,29.76,17,17,0,1.06,1.00,1.10,29.17,17,17,0,0.23,0.20,0.30,28.97,17,17,0
1675568,0.38,0.30,0.40,29.71,17,17,0,0.01,-0.10,0.10,28.98,17,17,0,0.31,0.30,0.40,29.06,17,17,0,791.08,787.30,794.30,24.57,17,0,0,0.10,0.00,0.20,29.76,17,17,0,1.07,1.00,1.10,29.18,17,17,0,0.25,0.20,0.30,29.00,17,17,0
1676076,0.38,0.30,0.40,29.69,17,17,0,0.00,-0.10,0.10,28.98,17,17,0,0.30,0.30,0.30,29.07,17,17,0,784.64,781.30,786.50,24.58,17,0,0,0.10,0.10,0.10,29.76,17,17,0,1.08,1.00,1.10,29.17,17,17,0,0.24,0.20,0.30,28.99,17,17,0
1676582,0.38,0.30,0.40,29.70,17,17,0,-0.02,-0.10,0.10,28.97,17,17,0,0.32,0.30,0.40,29.06,17,17,0,786.55,783.10,793.00,24.57,17,0,0,0.09,0.00,0.10,29.77,17,17,0,1.07,1.00,1.10,29.16,17,17,0,0.23,0.20,0.30,29.01,17,17,0
1677086,0.36,0.30,0.40,29.69,17,17,0,0.00,-0.10,0.10,28.98,17,17,0,0.31,0.30,0.40,29.05,17,17,0,798.75,795.70,802.90,24.57,17,0,0,0.09,0.00,0.10,29.78,17,17,0,1.08,1.00,1.10,29.16,17,17,0,0.25,0.20,0.30,29.00,17,17,0
1677597,0.36,0.30,0.40,29.70,17,17,0,-0.04,-0.10,0.00,28.97,17,17,0,0.32,0.30,0.40,29.05,17,17,0,790.44,785.90,796.50,24.57,17,0,0,0.10,0.00,0.20,29.77,17,17,0,1.08,1.00,1.10,29.18,17,17,0,0.24,0.20,0.30,29.01,17,17,0
1678101,0.38,0.30,0.40,29.70,17,17,0,-0.01,-0.10,0.10,28.97,17,17,0,0.31,0.30,0.40,29.06,17,17,0,786.99,783.80,788.70,24.58,17,0,0,0.11,0.10,0.20,29.77,17,17,0,1.08,1.00,1.10,29.17,17,17,0,0.24,0.20,0.30,29.02,17,17,0
1678601,0.38,0.30,0.40,29.70,17,17,0,-0.01,-0.10,0.10,28.98,17,17,0,0.31,0.30,0.40,29.04,17,17,0,795.76,787.80,801.90,24.58,17,0,0,0.10,0.00,0.20,29.76,17,17,0,1.08,1.00,1.10,29.16,17,17,0,0.21,0.20,0.30,29.00,17,17,0
1679102,0.36,0.30,0.40,29.68,17,17,0,-0.01,-0.10,0.10,28.99,17,17,0,0.30,0.30,0.30,29.04,17,17,0,794.38,787.50,799.50,24.59,17,0,0,0.10,0.10,0.10,29.77,17,17,0,1.08,1.00,1.10,29.17,17,17,0,0.22,0.20,0.30,28.98,17,17,0
1679604,0.38,0.30,0.40,29.71,17,17,0,0.01,-0.10,0.10,28.97,17,17,0,0.30,0.30,0.30,29.06,17,17,0,783.00,779.70,786.40,24.57,17,0,0,0.10,0.10,0.10,29.76,17,17,0,1.07,1.00,1.10,29.19,17,17,0,0.24,0.20,0.30,28.99,17,17,0
1680110,0.38,0.30,0.40,29.68,17,17,0,0.00,-0.10,0.10,28.99,17,17,0,0.32,0.30,0.40,29.06,17,17,0,782.93,778.40,788.80,24.57,17,0,0,0.10,0.10,0.10,29.77,17,17,0,1.07,1.00,1.10,29.17,17,17,0,0.22,0.20,0.30,29.02,17,17,0
1680610,0.37,0.30,0.40,29.70,17,17,0,0.00,-0.10,0.10,28.98,17,17,0,0.31,0.30,0.40,29.07,17,17,0,792.10,789.20,796.30,24.58,17,0,0,0.11,0.10,0.20,29.77,17,17,0,1.07,1.00,1.10,29.18,17,17,0,0.24,0.20,0.30,28.99,17,17,0
1681110,0.36,0.30,0.40,29.70,17,17,0,-0.01,-0.10,0.10,28.98,17,17,0,0.30,0.30,0.30,29.07,17,17,0,779.02,772.50,787.70,24.59,17,0,0,0.10,0.10,0.10,29.77,17,17,0,1.06,1.00,1.10,29.18,17,17,0,0.22,0.20,0.30,29.00,17,17,0
1681621,0.36,0.30,0.40,29.68,17,17,0,-0.02,-0.10,0.00,28.97,17,17,0,0.31,0.30,0.40,29.07,17,17,0,769.11,765.60,772.80,24.59,17,0,0,0.10,0.10,0.10,29.78,17,17,0,1.08,1.00,1.20,29.18,17,17,0,0.23,0.20,0.30,29.00,17,17,0
1682121,0.35,0.30,0.40,29.71,17,17,0,0.00,-0.10,0.10,29.00,17,17,0,0.31,0.30,0.40,29.06,17,17,0,783.20,771.10,797.60,24.58,17,0,0,0.09,0.00,0.10,29.77,17,17,0,1.08,1.00,1.10,29.17,17,17,0,0.21,0.20,0.30,29.00,17,17,0
1682628,0.36,0.30,0.40,29.70,17,17,0,0.00,-0.10,0.10,28.99,17,17,0,0.31,0.30,0.40,29.04,17,17,0,780.39,773.10,791.70,24.58,17,0,0,0.09,0.00,0.20,29.79,17,17,0,1.08,1.00,1.10,29.18,17,17,0,0.21,0.20,0.30,28.99,17,17,0
1683128,0.37,0.30,0.40,29.70,17,17,0,-0.04,-0.10,0.00,28.99,17,17,0,0.30,0.30,0.30,29.05,17,17,0,768.78,765.20,772.70,24.59,17,0,0,0.09,0.00,0.10,29.76,17,17,0,1.07,1.00,1.10,29.17,17,17,0,0.21,0.20,0.30,29.00,17,17,0
1683631,0.38,0.30,0.40,29.70,16,16,0,-0.02,-0.10,0.00,28.98,16,16,0,0.31,0.30,0.40,29.04,16,16,0,772.04,767.80,777.20,24.59,16,0,0,0.10,0.10,0.10,29.76,16,16,0,1.07,1.00,1.10,29.16,16,16,0,0.24,0.20,0.30,28.99,16,16,0
1684131,0.37,0.30,0.40,29.70,17,17,0,-0.01,-0.10,0.10,28.97,17,17,0,0.31,0.30,0.40,29.05,17,17,0,779.84,776.30,783.30,24.57,17,0,0,0.09,0.00,0.10,29.77,17,17,0,1.06,1.00,1.10,29.19,17,17,0,0.22,0.20,0.30,28.97,17,17,0
1684631,0.36,0.30,0.40,29.69,17,17,0,-0.02,-0.10,0.10,28.99,17,17,0,0.31,0.30,0.40,29.06,17,17,0,766.40,761.20,774.10,24.58,17,0,0,0.09,0.00,0.10,29.77,17,17,0,1.08,1.00,1.10,29.18,17,17,0,0.23,0.20,0.30,28.98,17,17,0
1685131,0.36,0.30,0.40,29.69,17,17,0,-0.02,-0.10,0.10,28.97,17,17,0,0.30,0.30,0.30,29.05,17,17,0,763.42,759.30,766.90,24.58,17,0,0,0.10,0.10,0.10,29.78,17,17,0,1.08,1.00,1.10,29.18,17,17,0,0.23,0.20,0.30,29.00,17,17,0
1685631,0.38,0.30,0.40,29.69,17,17,0,0.00,-0.10,0.10,28.96,17,17,0,0.31,0.30,0.40,29.06,17,17,0,770.26,764.20,774.90,24.58,17,0,0,0.09,0.00,0.10,29.77,17,17,0,1.08,1.00,1.10,29.18,17,17,0,0.22,0.20,0.30,28.99,17,17,0
1686138,0.36,0.30,0.40,29.70,17,17,0,0.01,-0.10,0.10,28.97,17,17,0,0.31,0.30,0.40,29.04,17,17,0,765.81,760.40,772.50,24.57,17,0,0,0.10,0.10,0.10,29.77,17,17,0,1.08,1.00,1.10,29.19,17,17,0,0.22,0.20,0.30,29.00,17,17,0
1686638,0.37,0.30,0.40,29.68,17,17,0,-0.02,-0.10,0.00,28.98,17,17,0,0.31,0.30,0.40,29.04,17,17,0,756.21,754.00,759.10,24.58,17,0,0,0.08,0.00,0.10,29.77,17,17,0,1.08,1.00,1.10,29.17,17,17,0,0.22,0.20,0.30,29.00,17,17,0
1687145,0.36,0.30,0.40,29.71,17,17,0,-0.02,-0.10,0.10,29.00,17,17,0,0.31,0.30,0.40,29.04,17,17,0,760.09,755.10,767.20,24.58,17,0,0,0.10,0.10,0.10,29.77,17,17,0,1.06,1.00,1.10,29.16,17,17,0,0.22,0.20,0.30,29.00,17,17,0
1687645,0.39,0.30,0.40,29.68,17,17,0,-0.02,-0.10,0.10,28.99,17,17,0,0.30,0.30,0.30,29.04,17,17,0,767.92,761.40,771.10,24.60,17,0,0,0.09,0.00,0.10,29.77,17,17,0,1.09,1.00,1.10,29.16,17,17,0,0.21,0.20,0.30,28.99,17,17,0
1688145,0.36,0.30,0.40,29.69,17,17,0,0.02,-0.10,0.10,28.98,17,17,0,0.31,0.30,0.40,29.04,17,17,0,755.39,749.60,761.80,24.59,17,0,0,0.11,0.10,0.20,29.77,17,17,0,1.05,1.00,1.10,29.17,17,17,0,0.23,0.20,0.30,28.99,17,17,0
1688648,0.38,0.30,0.40,29.71,17,17,0,-0.01,-0.10,0.10,28.97,17,17,0,0.30,0.30,0.30,29.06,17,17,0,752.38,749.60,755.50,24.59,17,0,0,0.09,0.00,0.10,29.77,17,17,0,1.08,1.00,1.10,29.17,17,17,0,0.25,0.20,0.30,29.00,17,17,0
1689151,0.36,0.30,0.40,29.72,17,17,0,-0.01,-0.10,0.10,28.97,17,17,0,0.30,0.30,0.30,29.04,17,17,0,759.33,752.80,766.50,24.58,17,0,0,0.09,0.00,0.20,29.78,17,17,0,1.08,1.00,1.10,29.17,17,17,0,0.22,0.20,0.30,28.99,17,17,0
1689651,0.38,0.30,0.40,29.72,17,17,0,-0.01,-0.10,0.00,28.99,17,17,0,0.32,0.30,0.40,29.05,17,17,0,756.84,751.00,763.10,24.58,17,0,0,0.10,0.10,0.10,29.77,17,17,0,1.07,1.00,1.10,29.18,17,17,0,0.21,0.20,0.30,29.00,17,17,0
1690151,0.36,0.30,0.40,29.68,17,17,0,0.00,-0.10,0.10,28.98,17,17,0,0.32,0.30,0.40,29.06,17,17,0,747.95,744.90,750.70,24.59,17,0,0,0.10,0.10,0.10,29.76,17,17,0,1.06,1.00,1.10,29.18,17,17,0,0.21,0.20,0.30,29.01,17,17,0
1690657,0.36,0.30,0.40,29.70,17,17,0,-0.04,-0.10,0.10,28.98,17,17,0,0.32,0.30,0.40,29.05,17,17,0,750.29,745.50,757.00,24.59,17,0,0,0.11,0.00,0.20,29.78,17,17,0,1.07,1.00,1.10,29.19,17,17,0,0.22,0.20,0.30,28.99,17,17,0
1691161,0.36,0.30,0.40,29.71,17,17,0,0.01,-0.10,0.10,28.97,17,17,0,0.31,0.30,0.40,29.05,17,17,0,761.36,756.70,764.50,24.59,17,0,0,0.10,0.10,0.10,29.77,17,17,0,1.07,1.00,1.10,29.18,17,17,0,0.24,0.20,0.30,28.99,17,17,0
1691672,0.38,0.30,0.40,29.69,17,17,0,0.01,-0.10,0.10,28.98,17,17,0,0.31,0.30,0.40,29.05,17,17,0,750.25,744.70,757.10,24.58,17,0,0,0.09,0.00,0.10,29.78,17,17,0,1.08,1.00,1.10,29.15,17,17,0,0.22,0.20,0.30,29.00,17,17,0
1692172,0.36,0.30,0.40,29.70,17,17,0,0.02,-0.10,0.10,28.98,17,17,0,0.31,0.30,0.40,29.06,17,17,0,745.13,742.10,748.50,24.59,17,0,0,0.09,0.00,0.10,29.75,17,17,0,1.07,1.00,1.10,29.17,17,17,0,0.22,0.20,0.30,29.00,17,17,0
1692672,0.38,0.30,0.40,29.70,17,17,0,0.01,-0.10,0.10,28.99,17,17,0,0.31,0.30,0.40,29.05,17,17,0,757.31,749.10,764.90,24.59,17,0,0,0.10,0.10,0.10,29.78,17,17,0,1.08,1.00,1.10,29.18,17,17,0,0.22,0.20,0.30,29.01,17,17,0
1693173,0.37,0.30,0.40,29.70,17,17,0,-0.01,-0.10,0.10,28.99,17,17,0,0.31,0.30,0.40,29.04,17,17,0,758.57,750.50,765.30,24.59,17,0,0,0.10,0.00,0.20,29.77,17,17,0,1.08,1.00,1.10,29.17,17,17,0,0.24,0.20,0.30,29.01,17,17,0
1693682,0.35,0.30,0.40,29.70,17,17,0,0.01,-0.10,0.10,28.99,17,17,0,0.31,0.30,0.40,29.06,17,17,0,747.39,745.20,749.20,24.59,17,0,0,0.10,0.10,0.10,29.76,17,17,0,1.06,1.00,1.10,29.17,17,17,0,0.22,0.20,0.30,29.00,17,17,0
1694188,0.39,0.30,0.40,29.69,17,17,0,-0.01,-0.10,0.10,28.99,17,17,0,0.32,0.30,0.40,29.05,17,17,0,752.47,748.40,759.90,24.59,17,0,0,0.09,0.00,0.10,29.77,17,17,0,1.08,1.00,1.10,29.19,17,17,0,0.22,0.20,0.30,29.00,17,17,0
1694694,0.38,0.30,0.40,29.70,17,17,0,-0.02,-0.10,0.00,28.99,17,17,0,0.32,0.30,0.40,29.06,17,17,0,765.61,759.80,769.70,24.59,17,0,0,0.09,0.00,0.10,29.77,17,17,0,1.08,1.00,1.10,29.17,17,17,0,0.21,0.10,0.30,29.02,17,17,0
1695195,0.37,0.30,0.40,29.69,17,17,0,0.01,-0.10,0.10,28.99,17,17,0,0.31,0.30,0.40,29.05,17,17,0,753.12,748.40,760.90,24.59,17,0,0,0.10,0.10,0.10,29.77,17,17,0,1.08,1.00,1.10,29.18,17,17,0,0.21,0.20,0.30,29.00,17,17,0
1695703,0.36,0.30,0.40,29.71,17,17,0,-0.01,-0.10,0.10,28.98,17,17,0,0.31,0.30,0.40,29.05,17,17,0,747.01,744.00,750.20,24.59,17,0,0,0.09,0.00,0.10,29.78,17,17,0,1.05,1.00,1.10,29.17,17,17,0,0.25,0.20,0.30,29.00,17,17,0
1696206,0.37,0.30,0.40,29.71,17,17,0,0.00,-0.10,0.10,28.99,17,17,0,0.31,0.30,0.40,29.05,17,17,0,760.26,751.70,766.00,24.58,17,0,0,0.09,0.00,0.10,29.77,17,17,0,1.07,1.00,1.10,29.18,17,17,0,0.24,0.20,0.30,28.99,17,17,0
1696713,0.35,0.30,0.40,29.69,17,17,0,-0.01,-0.10,0.10,28.97,17,17,0,0.32,0.30,0.40,29.07,17,17,0,756.91,749.90,763.90,24.58,17,0,0,0.09,0.00,0.10,29.76,17,17,0,1.09,1.00,1.10,29.17,17,17,0,0.22,0.20,0.30,29.00,17,17,0
1697213,0.35,0.30,0.40,29.70,17,17,0,-0.02,-0.10,0.00,28.97,17,17,0,0.31,0.30,0.40,29.06,17,17,0,743.57,739.30,747.60,24.60,17,0,0,0.10,0.10,0.10,29.79,17,17,0,1.08,1.00,1.10,29.18,17,17,0,0.22,0.20,0.30,29.01,17,17,0
1697718,0.35,0.30,0.40,29.69,17,17,0,-0.02,-0.10,0.10,28.98,17,17,0,0.35,0.30,0.40,29.05,17,17,0,748.03,739.90,756.30,24.58,17,0,0,0.09,0.00,0.10,29.76,17,17,0,1.06,1.00,1.10,29.17,17,17,0,0.24,0.20,0.30,29.00,17,17,0
1698221,0.37,0.30,0.40,29.69,17,17,0,-0.02,-0.10,0.10,28.99,17,17,0,0.32,0.30,0.40,29.05,17,17,0,407.39,294.10,650.40,24.63,17,0,0,0.10,0.00,0.20,29.78,17,17,0,1.08,1.00,1.10,29.17,17,17,0,0.22,0.20,0.30,29.01,17,17,0
1698729,0.35,0.30,0.40,29.69,17,17,0,0.01,-0.10,0.10,28.97,17,17,0,0.30,0.30,0.30,29.04,17,17,0,202.44,140.30,268.80,24.78,17,0,0,0.09,0.00,0.10,29.77,17,17,0,1.08,1.00,1.10,29.17,17,17,0,0.22,0.20,0.30,28.98,17,17,0
1699234,0.36,0.30,0.40,29.71,17,17,0,0.01,-0.10,0.10,28.98,17,17,0,0.31,0.30,0.40,29.05,17,17,0,87.38,56.90,116.90,24.96,17,0,0,0.10,0.00,0.20,29.77,17,17,0,1.08,1.00,1.10,29.17,17,17,0,0.22,0.20,0.30,28.99,17,17,0
1699735,0.34,0.30,0.40,29.69,17,17,0,0.01,-0.10,0.10,28.98,17,17,0,0.31,0.30,0.40,29.06,17,17,0,108.63,98.50,116.10,25.10,17,0,0,0.09,0.00,0.10,29.76,17,17,0,1.06,1.00,1.10,29.18,17,17,0,0.22,0.20,0.30,29.00,17,17,0
1700242,0.35,0.30,0.40,29.72,17,17,0,-0.01,-0.10,0.10,28.98,17,17,0,0.31,0.30,0.40,29.04,17,17,0,74.58,0.80,237.30,25.18,17,0,0,0.09,0.00,0.10,29.76,17,17,0,1.08,1.00,1.10,29.18,17,17,0,0.23,0.20,0.30,29.00,17,17,0
1700746,0.34,0.30,0.40,29.70,17,17,0,0.01,-0.10,0.10,28.98,17,17,0,0.31,0.30,0.40,29.07,17,17,0,47.91,39.40,54.00,25.32,17,0,0,0.09,0.00,0.10,29.77,17,17,0,1.08,1.00,1.10,29.20,17,17,0,0.25,0.20,0.30,28.99,17,17,0
1701252,0.36,0.30,0.40,29.70,17,17,0,-0.01,-0.10,0.10,28.98,17,17,0,0.32,0.30,0.40,29.05,17,17,0,56.28,53.60,57.90,25.46,17,0,0,0.10,0.10,0.10,29.77,17,17,0,1.09,1.00,1.10,29.17,17,17,0,0.24,0.20,0.30,29.00,17,17,0
1701752,0.36,0.30,0.40,29.71,16,16,0,0.01,-0.10,0.10,28.99,16,16,0,0.32,0.30,0.40,29.05,16,16,0,49.91,47.10,53.10,25.52,16,0,0,0.11,0.10,0.20,29.76,16,16,0,1.09,1.00,1.10,29.19,16,16,0,0.23,0.20,0.30,28.98,16,16,0
1702252,0.36,0.30,0.40,29.70,16,16,0,0.01,-0.10,0.10,28.98,16,16,0,0.32,0.30,0.40,29.06,16,16,0,42.20,39.10,44.90,25.59,16,0,0,0.09,0.00,0.10,29.77,16,16,0,1.06,1.00,1.10,29.18,16,16,0,0.23,0.20,0.30,29.00,16,16,0
1702752,0.36,0.30,0.40,29.71,17,17,0,0.01,-0.10,0.10,28.98,17,17,0,0.32,0.30,0.40,29.06,17,17,0,85.82,1.70,352.00,25.58,17,0,0,0.09,0.00,0.10,29.77,17,17,0,1.06,1.00,1.10,29.19,17,17,0,0.22,0.20,0.30,29.01,17,17,0
1703252,0.36,0.30,0.40,29.69,17,17,0,-0.01,-0.10,0.10,28.99,17,17,0,0.31,0.30,0.40,29.05,17,17,0,10.12,9.30,11.00,25.67,17,0,0,0.09,0.00,0.10,29.78,17,17,0,1.08,1.00,1.10,29.18,17,17,0,0.22,0.20,0.30,28.99,17,17,0
1703757,0.35,0.30,0.40,29.69,17,17,0,-0.02,-0.10,0.10,28.99,17,17,0,0.32,0.30,0.40,29.06,17,17,0,10.16,9.80,10.50,25.82,17,0,0,0.11,0.10,0.20,29.80,17,17,0,1.07,1.00,1.10,29.17,17,17,0,0.25,0.20,0.30,29.01,17,17,0
1704257,0.37,0.30,0.40,29.70,17,17,0,0.01,-0.10,0.10,28.99,17,17,0,0.31,0.30,0.40,29.05,17,17,0,11.05,10.30,11.70,25.95,17,0,0,0.09,0.00,0.10,29.77,17,17,0,1.07,1.00,1.10,29.18,17,17,0,0.22,0.20,0.30,29.00,17,17,0
1704757,0.36,0.30,0.40,29.72,17,17,0,-0.01,-0.10,0.10,28.99,17,17,0,0.31,0.30,0.40,29.05,17,17,0,13.05,12.00,14.00,26.05,17,0,0,0.08,0.00,0.10,29.77,17,17,0,1.07,1.00,1.10,29.19,17,17,0,0.24,0.20,0.30,29.00,17,17,0
1705259,0.38,0.30,0.40,29.71,17,17,0,-0.02,-0.10,0.10,28.99,17,17,0,0.31,0.30,0.40,29.06,17,17,0,15.47,14.30,16.40,26.11,17,0,0,0.09,0.00,0.20,29.77,17,17,0,1.09,1.00,1.10,29.17,17,17,0,0.22,0.20,0.30,29.00,17,17,0
1705759,0.37,0.30,0.40,29.69,17,17,0,-0.01,-0.10,0.10,28.97,17,17,0,0.32,0.30,0.40,29.04,17,17,0,16.67,16.40,17.20,26.18,17,0,0,0.11,0.10,0.20,29.76,17,17,0,1.09,1.00,1.10,29.17,17,17,0,0.22,0.20,0.30,29.01,17,17,0
1706259,0.35,0.30,0.40,29.69,17,17,0,-0.01,-0.10,0.10,28.98,17,17,0,0.32,0.30,0.40,29.05,17,17,0,16.54,15.80,17.20,26.21,17,0,0,0.10,0.10,0.10,29.76,17,17,0,1.08,1.00,1.10,29.19,17,17,0,0.21,0.20,0.30,29.00,17,17,0
1706759,0.36,0.30,0.40,29.70,17,17,0,0.00,-0.10,0.10,28.99,17,17,0,0.31,0.30,0.40,29.04,17,17,0,16.51,16.10,16.90,26.31,17,0,0,0.08,0.00,0.10,29.78,17,17,0,1.08,1.00,1.10,29.17,17,17,0,0.24,0.20,0.30,28.99,17,17,0
1707259,0.36,0.30,0.40,29.70,17,17,0,0.01,-0.10,0.10,28.99,17,17,0,0.32,0.30,0.40,29.04,17,17,0,16.77,16.40,17.10,26.30,17,0,0,0.10,0.10,0.10,29.79,17,17,0,1.07,1.00,1.10,29.18,17,17,0,0.22,0.20,0.30,29.00,17,17,0
1707759,0.36,0.30,0.40,29.70,17,17,0,-0.02,-0.10,0.10,28.99,17,17,0,0.32,0.30,0.40,29.04,17,17,0,16.15,15.80,16.60,26.36,17,0,0,0.09,0.00,0.10,29.78,17,17,0,1.06,1.00,1.10,29.18,17,17,0,0.22,0.20,0.30,28.98,17,17,0
1708260,0.36,0.30,0.40,29.70,17,17,0,-0.01,-0.10,0.10,28.98,17,17,0,0.32,0.30,0.40,29.05,17,17,0,15.14,14.60,15.80,26.39,17,0,0,0.10,0.10,0.10,29.77,17,17,0,1.07,1.00,1.10,29.19,17,17,0,0.24,0.20,0.30,29.01,17,17,0
1708760,0.38,0.30,0.40,29.70,17,17,0,-0.02,-0.10,0.10,28.99,17,17,0,0.32,0.30,0.40,29.04,17,17,0,14.11,13.60,14.70,26.42,17,0,0,0.09,0.00,0.10,29.76,17,17,0,1.08,1.00,1.10,29.19,17,17,0,0.23,0.20,0.30,28.99,17,17,0
1709260,0.39,0.30,0.40,29.71,17,17,0,-0.01,-0.10,0.00,29.01,17,17,0,0.31,0.30,0.40,29.05,17,17,0,13.40,12.60,14.10,26.48,17,0,0,0.09,0.00,0.10,29.78,17,17,0,1.09,1.00,1.10,29.19,17,17,0,0.24,0.20,0.30,29.00,17,17,0
1709760,0.36,0.30,0.40,29.72,17,17,0,-0.02,-0.10,0.10,28.98,17,17,0,0.32,0.30,0.40,29.05,17,17,0,12.48,12.00,12.90,26.51,17,0,0,0.10,0.10,0.10,29.78,17,17,0,1.07,1.00,1.10,29.18,17,17,0,0.23,0.20,0.30,29.02,17,17,0
1710260,0.36,0.30,0.40,29.71,17,17,0,-0.01,-0.10,0.10,28.99,17,17,0,0.31,0.30,0.40,29.03,17,17,0,11.65,11.30,12.10,26.55,17,0,0,0.10,0.00,0.20,29.78,17,17,0,1.07,1.00,1.10,29.19,17,17,0,0.24,0.20,0.30,29.00,17,17,0
1710760,0.36,0.30,0.40,29.70,17,17,0,-0.01,-0.10,0.10,28.98,17,17,0,0.31,0.30,0.40,29.03,17,17,0,10.75,10.40,11.30,26.58,17,0,0,0.11,0.10,0.20,29.78,17,17,0,1.08,1.00,1.10,29.19,17,17,0,0.22,0.20,0.30,29.02,17,17,0
1711260,0.33,0.30,0.40,29.70,17,17,0,0.01,0.00,0.10,28.98,17,17,0,0.31,0.30,0.40,29.04,17,17,0,10.30,10.00,10.50,26.60,17,0,0,0.10,0.10,0.10,29.77,17,17,0,1.07,1.00,1.10,29.18,17,17,0,0.22,0.20,0.30,29.00,17,17,0
1711772,0.38,0.30,0.40,29.69,17,17,0,-0.02,-0.10,0.10,29.00,17,17,0,0.31,0.30,0.40,29.04,17,17,0,9.69,9.30,10.00,26.64,17,0,0,0.09,0.00,0.20,29.78,17,17,0,1.09,1.00,1.10,29.18,17,17,0,0.22,0.20,0.30,29.01,17,17,0
1712279,0.35,0.30,0.40,29.71,17,17,0,0.01,-0.10,0.10,28.97,17,17,0,0.31,0.30,0.40,29.04,17,17,0,123.48,-8.00,423.70,26.57,17,0,0,0.09,0.00,0.10,29.78,17,17,0,1.06,1.00,1.10,29.19,17,17,0,0.24,0.20,0.30,28.99,17,17,0
1712784,0.36,0.30,0.40,29.70,17,17,0,-0.02,-0.10,0.10,28.98,17,17,0,0.31,0.30,0.40,29.04,17,17,0,4.93,3.50,9.30,26.45,17,0,0,0.10,0.10,0.10,29.78,17,17,0,1.09,1.00,1.10,29.18,17,17,0,0.24,0.20,0.30,29.00,17,17,0
1713289,0.37,0.30,0.40,29.70,17,17,0,0.01,-0.10,0.10,28.98,17,17,0,0.31,0.30,0.40,29.04,17,17,0,3.54,3.20,4.10,26.52,17,0,0,0.09,0.00,0.10,29.80,17,17,0,1.08,1.00,1.10,29.18,17,17,0,0.22,0.20,0.30,29.01,17,17,0
1713795,0.36,0.30,0.40,29.70,17,17,0,0.02,-0.10,0.10,28.98,17,17,0,0.31,0.30,0.40,29.03,17,17,0,3.09,2.90,3.30,26.61,17,0,0,0.09,0.00,0.10,29.76,17,17,0,1.07,1.00,1.10,29.18,17,17,0,0.22,0.20,0.30,29.00,17,17,0
1714295,0.37,0.30,0.40,29.70,17,17,0,0.00,-0.10,0.10,29.00,17,17,0,0.30,0.30,0.30,29.04,17,17,0,2.86,2.60,3.20,26.67,17,0,0,0.09,0.00,0.10,29.79,17,17,0,1.08,1.00,1.10,29.18,17,17,0,0.25,0.20,0.30,29.00,17,17,0
1714795,0.38,0.30,0.40,29.69,17,17,0,-0.02,-0.10,0.10,28.99,17,17,0,0.33,0.30,0.40,29.03,17,17,0,2.65,2.30,3.00,26.72,17,0,0,0.09,0.00,0.10,29.80,17,17,0,1.07,1.00,1.10,29.19,17,17,0,0.24,0.20,0.30,29.00,17,17,0
1715295,0.36,0.30,0.40,29.70,17,17,0,0.00,-0.10,0.10,28.99,17,17,0,0.32,0.30,0.40,29.05,17,17,0,2.31,2.20,2.50,26.75,17,0,0,0.10,0.10,0.10,29.78,17,17,0,1.08,1.00,1.10,29.19,17,17,0,0.22,0.20,0.30,29.01,17,17,0
1715804,0.37,0.30,0.40,29.70,17,17,0,0.01,0.00,0.10,28.98,17,17,0,0.31,0.30,0.40,29.05,17,17,0,2.20,2.10,2.40,26.79,17,0,0,0.08,0.00,0.10,29.77,17,17,0,1.08,1.00,1.10,29.18,17,17,0,0.24,0.20,0.30,29.01,17,17,0
1716304,0.36,0.30,0.40,29.69,17,17,0,-0.01,-0.10,0.10,28.99,17,17,0,0.32,0.30,0.40,29.05,17,17,0,2.13,1.70,2.50,26.83,17,0,0,0.11,0.10,0.20,29.78,17,17,0,1.06,1.00,1.10,29.17,17,17,0,0.25,0.20,0.30,28.99,17,17,0
1716814,0.38,0.30,0.40,29.69,17,17,0,0.00,-0.10,0.10,28.99,17,17,0,0.31,0.30,0.40,29.04,17,17,0,2.21,2.00,2.40,26.87,17,0,0,0.09,0.00,0.10,29.77,17,17,0,1.08,1.00,1.10,29.19,17,17,0,0.22,0.20,0.30,28.99,17,17,0
1717321,0.40,0.40,0.40,29.71,17,17,0,0.01,0.00,0.10,29.00,17,17,0,0.31,0.30,0.40,29.03,17,17,0,2.19,1.90,2.40,26.89,17,0,0,0.10,0.00,0.20,29.79,17,17,0,1.06,1.00,1.10,29.18,17,17,0,0.24,0.20,0.30,29.01,17,17,0
1717821,0.36,0.30,0.40,29.70,17,17,0,-0.01,-0.10,0.00,28.99,17,17,0,0.32,0.30,0.40,29.04,17,17,0,2.16,1.80,2.50,26.91,17,0,0,0.10,0.10,0.10,29.78,17,17,0,1.08,1.00,1.10,29.19,17,17,0,0.24,0.20,0.30,29.00,17,17,0
1718321,0.36,0.30,0.40,29.70,17,17,0,-0.02,-0.10,0.10,28.98,17,17,0,0.31,0.30,0.40,29.05,17,17,0,2.06,1.80,2.30,26.93,17,0,0,0.10,0.10,0.10,29.78,17,17,0,1.08,1.00,1.10,29.17,17,17,0,0.24,0.20,0.30,29.00,17,17,0
1718821,0.38,0.30,0.40,29.71,17,17,0,0.01,-0.10,0.10,28.99,17,17,0,0.31,0.30,0.40,29.03,17,17,0,1.86,1.60,2.30,26.96,17,0,0,0.09,0.00,0.10,29.79,17,17,0,1.08,1.00,1.10,29.20,17,17,0,0.24,0.20,0.30,29.02,17,17,0
1719325,0.37,0.30,0.40,29.69,17,17,0,-0.02,-0.10,0.00,28.97,17,17,0,0.31,0.30,0.40,29.03,17,17,0,1.82,1.70,2.10,26.99,17,0,0,0.10,0.10,0.10,29.77,17,17,0,1.09,1.00,1.10,29.18,17,17,0,0.24,0.20,0.30,29.01,17,17,0
1719831,0.38,0.30,0.40,29.70,17,17,0,-0.01,-0.10,0.10,28.99,17,17,0,0.32,0.30,0.40,29.03,17,17,0,1.95,1.80,2.10,26.99,17,0,0,0.10,0.10,0.10,29.79,17,17,0,1.07,1.00,1.10,29.18,17,17,0,0.22,0.20,0.30,29.01,17,17,0
1720331,0.38,0.30,0.40,29.70,17,17,0,0.00,-0.10,0.10,28.99,17,17,0,0.31,0.30,0.40,29.04,17,17,0,1.86,1.60,2.00,27.01,17,0,0,0.10,0.00,0.20,29.78,17,17,0,1.07,1.00,1.10,29.17,17,17,0,0.25,0.20,0.30,29.02,17,17,0
1720831,0.38,0.30,0.40,29.69,17,17,0,-0.01,-0.10,0.10,28.98,17,17,0,0.31,0.30,0.40,29.05,17,17,0,1.79,1.60,2.10,27.03,17,0,0,0.10,0.10,0.10,29.78,17,17,0,1.08,1.00,1.10,29.16,17,17,0,0.23,0.20,0.30,29.01,17,17,0
1721331,0.36,0.30,0.40,29.70,17,17,0,-0.04,-0.10,0.00,28.99,17,17,0,0.32,0.30,0.40,29.05,17,17,0,1.71,1.30,2.00,27.06,17,0,0,0.08,0.00,0.10,29.78,17,17,0,1.08,1.00,1.10,29.18,17,17,0,0.25,0.20,0.30,29.00,17,17,0
1721832,0.36,0.30,0.40,29.70,16,16,0,0.01,-0.10,0.10,28.99,16,16,0,0.31,0.30,0.40,29.05,16,16,0,1.78,1.40,2.30,27.08,16,0,0,0.10,0.10,0.10,29.77,16,16,0,1.06,1.00,1.10,29.18,16,16,0,0.23,0.20,0.30,29.00,16,16,0
1722335,0.36,0.30,0.40,29.70,17,17,0,0.01,0.00,0.10,28.97,17,17,0,0.31,0.30,0.40,29.03,17,17,0,1.95,-0.70,5.20,27.09,17,0,0,0.10,0.10,0.10,29.79,17,17,0,1.08,1.00,1.10,29.18,17,17,0,0.23,0.20,0.30,29.01,17,17,0
1722835,0.38,0.30,0.40,29.71,17,17,0,-0.01,-0.10,0.10,28.99,17,17,0,0.31,0.30,0.40,29.04,17,17,0,1.75,-2.40,4.90,27.11,17,0,0,0.09,0.00,0.20,29.79,17,17,0,1.06,1.00,1.10,29.19,17,17,0,0.26,0.20,0.30,29.02,17,17,0
1723342,0.36,0.30,0.40,29.70,17,17,0,-0.01,-0.10,0.10,28.99,17,17,0,0.33,0.30,0.40,29.04,17,17,0,1.67,-0.10,3.00,27.12,17,0,0,0.11,0.10,0.20,29.78,17,17,0,1.07,1.00,1.10,29.18,17,17,0,0.22,0.20,0.30,29.01,17,17,0
1723842,0.37,0.30,0.40,29.72,17,17,0,0.01,-0.10,0.10,28.99,17,17,0,0.32,0.30,0.40,29.04,17,17,0,1.62,0.40,3.20,27.13,17,0,0,0.09,0.00,0.10,29.78,17,17,0,1.07,1.00,1.10,29.19,17,17,0,0.22,0.20,0.30,29.00,17,17,0
1724342,0.39,0.30,0.40,29.70,17,17,0,-0.02,-0.10,0.00,29.00,17,17,0,0.32,0.30,0.40,29.04,17,17,0,1.56,1.00,2.30,27.14,17,0,0,0.09,0.00,0.10,29.79,17,17,0,1.09,1.00,1.10,29.19,17,17,0,0.24,0.20,0.30,29.02,17,17,0
1724842,0.37,0.30,0.40,29.71,17,17,0,0.01,-0.10,0.10,28.99,17,17,0,0.31,0.30,0.40,29.05,17,17,0,1.62,0.70,2.70,27.17,17,0,0,0.09,0.00,0.10,29.78,17,17,0,1.09,1.00,1.10,29.19,17,17,0,0.23,0.20,0.30,29.02,17,17,0
1725342,0.37,0.30,0.40,29.69,17,17,0,0.00,-0.10,0.10,28.98,17,17,0,0.32,0.30,0.40,29.03,17,17,0,1.76,0.80,3.40,27.19,17,0,0,0.11,0.10,0.20,29.79,17,17,0,1.08,1.00,1.10,29.18,17,17,0,0.24,0.20,0.30,29.01,17,17,0
1725842,0.38,0.30,0.40,29.71,17,17,0,-0.01,-0.10,0.10,28.99,17,17,0,0.31,0.30,0.40,29.03,17,17,0,1.59,0.60,2.40,27.20,17,0,0,0.10,0.10,0.10,29.79,17,17,0,1.08,1.00,1.10,29.17,17,17,0,0.23,0.20,0.30,29.00,17,17,0
1726347,0.38,0.30,0.40,29.70,17,17,0,-0.01,-0.10,0.10,28.99,17,17,0,0.33,0.30,0.40,29.04,17,17,0,1.78,0.60,3.20,27.21,17,0,0,0.09,0.00,0.10,29.78,17,17,0,1.07,1.00,1.10,29.19,17,17,0,0.23,0.20,0.30,29.00,17,17,0
1726847,0.37,0.30,0.40,29.69,17,17,0,0.02,-0.10,0.10,28.99,17,17,0,0.31,0.30,0.40,29.04,17,17,0,1.53,0.20,2.70,27.20,17,0,0,0.10,0.10,0.10,29.78,17,17,0,1.09,1.00,1.10,29.19,17,17,0,0.22,0.20,0.30,29.02,17,17,0
1727348,0.38,0.30,0.40,29.68,17,17,0,0.00,-0.10,0.10,29.00,17,17,0,0.31,0.30,0.40,29.04,17,17,0,0.86,-2.10,2.10,27.24,17,0,0,0.09,0.00,0.10,29.80,17,17,0,1.04,1.00,1.10,29.18,17,17,0,0.22,0.20,0.30,29.00,17,17,0
1727854,0.37,0.30,0.40,29.71,17,17,0,-0.01,-0.10,0.10,28.99,17,17,0,0.32,0.30,0.40,29.03,17,17,0,1.88,0.90,3.60,27.24,17,0,0,0.09,0.00,0.10,29.79,17,17,0,1.07,1.00,1.10,29.17,17,17,0,0.22,0.20,0.30,29.00,17,17,0
1728360,0.35,0.30,0.40,29.70,17,17,0,0.00,-0.10,0.10,29.00,17,17,0,0.32,0.30,0.40,29.03,17,17,0,1.59,1.30,1.90,27.26,17,0,0,0.10,0.00,0.20,29.78,17,17,0,1.08,1.00,1.10,29.18,17,17,0,0.24,0.20,0.30,29.02,17,17,0
1728864,0.38,0.30,0.40,29.71,17,17,0,0.01,-0.10,0.10,28.99,17,17,0,0.32,0.30,0.40,29.03,17,17,0,1.64,1.40,1.90,27.26,17,0,0,0.10,0.10,0.10,29.78,17,17,0,1.06,1.00,1.10,29.18,17,17,0,0.21,0.20,0.30,29.02,17,17,0
1729364,0.39,0.30,0.40,29.71,18,18,0,0.01,-0.10,0.10,28.98,18,18,0,0.31,0.30,0.40,29.05,18,18,0,1.67,1.20,2.10,27.27,18,0,0,0.11,0.10,0.20,29.78,18,18,0,1.09,1.00,1.10,29.18,18,18,0,0.25,0.20,0.30,29.01,18,18,0
1729864,0.38,0.30,0.40,29.70,16,16,0,-0.01,-0.10,0.10,28.99,16,16,0,0.33,0.30,0.40,29.04,16,16,0,1.65,1.40,1.80,27.29,16,0,0,0.09,0.00,0.10,29.79,16,16,0,1.07,1.00,1.10,29.19,16,16,0,0.23,0.20,0.30,28.99,16,16,0
1730369,0.36,0.30,0.40,29.70,17,17,0,0.00,-0.10,0.10,29.00,17,17,0,0.32,0.30,0.40,29.03,17,17,0,1.66,1.30,2.00,27.29,17,0,0,0.10,0.10,0.10,29.77,17,17,0,1.07,1.00,1.10,29.18,17,17,0,0.23,0.20,0.30,29.00,17,17,0
1730869,0.35,0.30,0.40,29.69,17,17,0,-0.05,-0.10,0.00,28.97,17,17,0,0.31,0.30,0.40,29.03,17,17,0,1.61,1.10,1.90,27.30,17,0,0,0.09,0.00,0.10,29.78,17,17,0,1.08,1.00,1.10,29.19,17,17,0,0.25,0.20,0.30,29.00,17,17,0
1731376,0.36,0.30,0.40,29.71,17,17,0,-0.02,-0.10,0.00,28.99,17,17,0,0.31,0.30,0.40,29.05,17,17,0,1.16,-0.10,1.70,27.33,17,0,0,0.09,0.00,0.10,29.79,17,17,0,1.05,1.00,1.10,29.16,17,17,0,0.22,0.20,0.30,29.01,17,17,0
1731877,0.36,0.30,0.40,29.73,17,17,0,0.00,-0.10,0.10,29.00,17,17,0,0.31,0.30,0.40,29.04,17,17,0,442.56,-5.00,909.10,27.20,17,0,0,0.10,0.10,0.10,29.77,17,17,0,1.06,1.00,1.10,29.18,17,17,0,0.22,0.20,0.30,29.00,17,17,0
1732385,0.37,0.30,0.40,29.70,17,17,0,0.01,-0.10,0.10,29.00,17,17,0,0.30,0.30,0.30,29.05,17,17,0,755.68,712.20,823.50,26.08,17,0,0,0.10,0.00,0.20,29.78,17,17,0,1.08,1.00,1.10,29.18,17,17,0,0.23,0.20,0.30,29.01,17,17,0
1732885,0.34,0.30,0.40,29.71,17,17,0,0.01,-0.10,0.10,28.98,17,17,0,0.32,0.30,0.40,29.05,17,17,0,944.34,848.60,1020.40,25.53,17,0,0,0.09,0.00,0.20,29.78,17,17,0,1.06,1.00,1.10,29.17,17,17,0,0.25,0.20,0.30,29.01,17,17,0
1733389,0.34,0.30,0.40,29.71,17,17,0,0.00,-0.10,0.10,28.99,17,17,0,0.32,0.30,0.40,29.05,17,17,0,1165.51,1053.80,1276.80,25.22,17,0,0,0.09,0.00,0.10,29.79,17,17,0,1.06,1.00,1.10,29.21,17,17,0,0.23,0.20,0.30,29.04,17,17,0
1733896,0.39,0.30,0.40,29.71,17,17,0,-0.02,-0.10,0.00,28.98,17,17,0,0.31,0.30,0.40,29.03,17,17,0,1408.32,1314.20,1482.40,25.02,17,0,0,0.09,0.00,0.10,29.79,17,17,0,1.05,1.00,1.10,29.19,17,17,0,0.22,0.20,0.30,29.00,17,17,0
1734408,0.37,0.30,0.40,29.71,17,17,0,-0.03,-0.10,0.10,28.98,17,17,0,0.32,0.30,0.40,29.05,17,17,0,1499.73,1491.30,1510.00,24.84,17,0,0,0.09,0.00,0.10,29.81,17,17,0,1.06,1.00,1.10,29.19,17,17,0,0.25,0.20,0.30,29.01,17,17,0
1734912,0.36,0.30,0.40,29.72,17,17,0,-0.02,-0.10,0.10,29.00,17,17,0,0.32,0.30,0.40,29.05,17,17,0,1472.86,1453.40,1500.80,24.76,17,0,0,0.10,0.10,0.10,29.78,17,17,0,1.07,1.00,1.10,29.19,17,17,0,0.23,0.20,0.30,29.01,17,17,0
1735412,0.35,0.30,0.40,29.71,17,17,0,-0.01,-0.10,0.10,29.00,17,17,0,0.31,0.30,0.40,29.04,17,17,0,1462.56,1453.80,1470.90,24.68,17,0,0,0.08,-0.10,0.10,29.78,17,17,0,1.08,1.00,1.10,29.20,17,17,0,0.23,0.20,0.30,29.01,17,17,0
1735918,0.36,0.30,0.40,29.71,17,17,0,-0.02,-0.10,0.10,29.00,17,17,0,0.32,0.30,0.40,29.05,17,17,0,1428.61,1420.30,1445.00,24.68,17,0,0,0.10,0.10,0.10,29.79,17,17,0,1.07,1.00,1.10,29.18,17,17,0,0.22,0.20,0.30,29.01,17,17,0
1736418,0.37,0.30,0.40,29.71,17,17,0,-0.01,-0.10,0.10,28.99,17,17,0,0.31,0.30,0.40,29.06,17,17,0,1431.91,1423.10,1439.10,24.64,17,0,0,0.09,0.00,0.10,29.80,17,17,0,1.08,1.00,1.10,29.20,17,17,0,0.22,0.20,0.30,29.01,17,17,0
1736918,0.38,0.30,0.40,29.71,17,17,0,-0.01,-0.10,0.10,28.99,17,17,0,0.32,0.30,0.40,29.05,17,17,0,1423.72,1414.70,1437.60,24.62,17,0,0,0.10,0.10,0.10,29.78,17,17,0,1.08,1.00,1.10,29.19,17,17,0,0.24,0.20,0.30,29.01,17,17,0
1737419,0.38,0.30,0.40,29.71,17,17,0,-0.01,-0.10,0.10,28.99,17,17,0,0.31,0.30,0.40,29.06,17,17,0,1427.16,1417.70,1438.60,24.59,17,0,0,0.09,0.00,0.10,29.79,17,17,0,1.08,1.00,1.10,29.19,17,17,0,0.22,0.20,0.30,29.01,17,17,0
1737922,0.36,0.30,0.40,29.71,17,17,0,0.01,-0.10,0.10,28.98,17,17,0,0.31,0.30,0.40,29.04,17,17,0,1426.31,1416.40,1439.90,24.58,17,0,0,0.11,0.00,0.20,29.78,17,17,0,1.06,1.00,1.10,29.18,17,17,0,0.21,0.20,0.30,29.01,17,17,0
1738430,0.36,0.30,0.40,29.72,17,17,0,-0.02,-0.10,0.00,29.00,17,17,0,0.31,0.30,0.40,29.04,17,17,0,1430.42,1424.20,1438.50,24.56,17,0,0,0.09,0.00,0.10,29.79,17,17,0,1.06,1.00,1.20,29.19,17,17,0,0.23,0.20,0.30,29.02,17,17,0
1738935,0.38,0.30,0.40,29.71,17,17,0,-0.04,-0.10,0.10,28.98,17,17,0,0.30,0.30,0.30,29.06,17,17,0,1445.61,1431.40,1455.20,24.54,17,0,0,0.09,0.00,0.10,29.80,17,17,0,1.09,1.00,1.10,29.19,17,17,0,0.24,0.20,0.30,29.00,17,17,0
1739437,0.39,0.30,0.40,29.70,17,17,0,-0.01,-0.10,0.10,28.99,17,17,0,0.31,0.30,0.40,29.05,17,17,0,1433.65,1429.20,1445.20,24.54,17,0,0,0.10,0.10,0.10,29.78,17,17,0,1.06,1.00,1.10,29.20,17,17,0,0.21,0.20,0.30,29.02,17,17,0
1739940,0.38,0.30,0.40,29.73,17,17,0,-0.01,-0.10,0.10,29.00,17,17,0,0.32,0.30,0.40,29.05,17,17,0,1436.52,1426.60,1443.60,24.55,17,0,0,0.10,0.10,0.10,29.79,17,17,0,1.06,1.00,1.10,29.19,17,17,0,0.23,0.20,0.30,29.00,17,17,0
1740440,0.37,0.30,0.40,29.70,17,17,0,0.01,0.00,0.10,28.98,17,17,0,0.31,0.30,0.40,29.06,17,17,0,1413.01,1403.90,1422.40,24.52,17,0,0,0.10,0.10,0.10,29.79,17,17,0,1.09,1.00,1.10,29.18,17,17,0,0.23,0.20,0.30,29.02,17,17,0
1740941,0.36,0.30,0.40,29.70,16,16,0,-0.03,-0.10,0.10,28.99,16,16,0,0.30,0.30,0.30,29.05,16,16,0,1414.49,1396.50,1435.50,24.53,16,0,0,0.09,0.00,0.10,29.78,16,16,0,1.08,1.00,1.10,29.20,16,16,0,0.27,0.20,0.30,29.00,16,16,0
1741452,0.34,0.30,0.40,29.72,17,17,0,0.01,0.00,0.10,28.99,17,17,0,0.31,0.30,0.40,29.03,17,17,0,1406.65,1397.50,1417.60,24.53,17,0,0,0.11,0.10,0.20,29.80,17,17,0,1.06,1.00,1.10,29.20,17,17,0,0.22,0.20,0.30,29.01,17,17,0
1741952,0.35,0.30,0.40,29.71,16,16,0,0.01,-0.10,0.10,29.00,16,16,0,0.31,0.30,0.40,29.05,16,16,0,1384.28,1368.10,1407.10,24.51,16,0,0,0.09,0.00,0.10,29.79,16,16,0,1.07,1.00,1.10,29.21,16,16,0,0.23,0.20,0.30,29.00,16,16,0
1742456,0.38,0.30,0.40,29.71,17,17,0,0.02,-0.10,0.10,28.98,17,17,0,0.32,0.30,0.40,29.05,17,17,0,1391.27,1376.80,1400.80,24.51,17,0,0,0.10,0.10,0.10,29.81,17,17,0,1.08,1.00,1.10,29.19,17,17,0,0.23,0.20,0.30,29.02,17,17,0
1742957,0.35,0.30,0.40,29.71,17,17,0,-0.01,-0.10,0.10,28.99,17,17,0,0.31,0.30,0.40,29.05,17,17,0,1370.07,1361.60,1383.60,24.50,17,0,0,0.09,0.00,0.20,29.79,17,17,0,1.09,1.00,1.10,29.19,17,17,0,0.22,0.20,0.30,29.02,17,17,0
1743468,0.36,0.30,0.40,29.71,17,17,0,-0.01,-0.10,0.10,29.00,17,17,0,0.31,0.30,0.40,29.05,17,17,0,1383.67,1367.10,1393.90,24.51,17,0,0,0.09,0.00,0.10,29.79,17,17,0,1.07,1.00,1.10,29.19,17,17,0,0.25,0.20,0.30,29.01,17,17,0
1743980,0.36,0.30,0.40,29.71,17,17,0,0.00,-0.10,0.10,29.00,17,17,0,0.31,0.30,0.40,29.05,17,17,0,1367.81,1363.50,1378.40,24.50,17,0,0,0.09,0.00,0.10,29.79,17,17,0,1.07,1.00,1.10,29.19,17,17,0,0.21,0.20,0.30,29.02,17,17,0
1744484,0.37,0.30,0.40,29.74,17,17,0,0.01,-0.10,0.10,28.97,17,17,0,0.31,0.30,0.40,29.07,17,17,0,1360.08,1344.70,1377.30,24.50,17,0,0,0.09,0.00,0.10,29.81,17,17,0,1.07,1.00,1.10,29.18,17,17,0,0.24,0.20,0.30,29.02,17,17,0
1744984,0.37,0.30,0.40,29.70,17,17,0,0.01,-0.10,0.10,28.99,17,17,0,0.34,0.30,0.40,29.07,17,17,0,1358.00,1344.60,1372.00,24.48,17,0,0,0.09,0.00,0.10,29.80,17,17,0,1.07,1.00,1.10,29.21,17,17,0,0.25,0.20,0.30,29.04,17,17,0
1745486,0.38,0.30,0.40,29.71,17,17,0,-0.02,-0.10,0.10,29.01,17,17,0,0.32,0.30,0.40,29.06,17,17,0,1345.48,1332.60,1367.00,24.51,17,0,0,0.10,0.10,0.10,29.80,17,17,0,1.08,1.00,1.10,29.18,17,17,0,0.23,0.20,0.30,29.02,17,17,0
1745996,0.36,0.30,0.40,29.72,17,17,0,0.00,-0.10,0.10,29.01,17,17,0,0.31,0.30,0.40,29.05,17,17,0,1356.85,1337.70,1368.90,24.49,17,0,0,0.09,0.00,0.20,29.79,17,17,0,1.07,1.00,1.10,29.19,17,17,0,0.23,0.20,0.30,29.02,17,17,0
1746504,0.37,0.30,0.40,29.74,17,17,0,-0.01,-0.10,0.10,28.99,17,17,0,0.31,0.30,0.40,29.05,17,17,0,1332.64,1324.00,1345.40,24.48,17,0,0,0.09,0.00,0.10,29.78,17,17,0,1.08,1.00,1.10,29.20,17,17,0,0.24,0.20,0.30,29.02,17,17,0
1747009,0.38,0.30,0.40,29.72,17,17,0,-0.01,-0.10,0.10,28.97,17,17,0,0.33,0.30,0.40,29.06,17,17,0,1355.92,1343.00,1365.50,24.48,17,0,0,0.10,0.10,0.10,29.79,17,17,0,1.07,1.00,1.10,29.21,17,17,0,0.21,0.20,0.30,29.03,17,17,0
1747511,0.35,0.30,0.40,29.71,17,17,0,-0.01,-0.10,0.10,28.99,17,17,0,0.32,0.30,0.40,29.05,17,17,0,1339.29,1330.90,1352.10,24.46,17,0,0,0.09,0.00,0.10,29.79,17,17,0,1.08,1.00,1.10,29.19,17,17,0,0.25,0.20,0.30,29.01,17,17,0
1748022,0.37,0.30,0.40,29.73,17,17,0,0.01,-0.10,0.10,28.99,17,17,0,0.31,0.30,0.40,29.06,17,17,0,1349.67,1335.00,1362.40,24.47,17,0,0,0.11,0.00,0.20,29.79,17,17,0,1.08,1.00,1.10,29.18,17,17,0,0.22,0.20,0.30,29.02,17,17,0
1748532,0.35,0.30,0.40,29.72,17,17,0,0.00,-0.10,0.10,29.01,17,17,0,0.31,0.30,0.40,29.05,17,17,0,1348.67,1330.00,1365.30,24.46,17,0,0,0.09,0.00,0.10,29.79,17,17,0,1.08,1.00,1.10,29.20,17,17,0,0.25,0.20,0.30,29.01,17,17,0
1749039,0.38,0.30,0.40,29.72,17,17,0,-0.01,-0.10,0.10,29.00,17,17,0,0.31,0.30,0.40,29.05,17,17,0,1340.05,1326.90,1360.90,24.48,17,0,0,0.11,0.10,0.20,29.79,17,17,0,1.08,1.00,1.10,29.17,17,17,0,0.26,0.20,0.30,29.01,17,17,0
1749539,0.36,0.30,0.40,29.72,16,16,0,-0.01,-0.10,0.10,28.99,16,16,0,0.31,0.30,0.40,29.07,16,16,0,1356.80,1336.20,1368.70,24.45,16,0,0,0.09,0.00,0.10,29.79,16,16,0,1.08,1.00,1.10,29.20,16,16,0,0.23,0.20,0.30,29.01,16,16,0
1750052,0.35,0.30,0.40,29.71,17,17,0,-0.02,-0.10,0.10,29.00,17,17,0,0.31,0.30,0.40,29.05,17,17,0,1335.89,1325.90,1350.50,24.45,17,0,0,0.09,0.00,0.10,29.79,17,17,0,1.08,1.00,1.10,29.18,17,17,0,0.22,0.20,0.30,29.02,17,17,0
1750557,0.36,0.30,0.40,29.72,17,17,0,-0.02,-0.10,0.10,28.99,17,17,0,0.32,0.30,0.40,29.05,17,17,0,1356.53,1344.60,1365.80,24.45,17,0,0,0.09,0.00,0.10,29.81,17,17,0,1.07,1.00,1.10,29.19,17,17,0,0.22,0.20,0.30,29.02,17,17,0
1751065,0.36,0.30,0.40,29.73,17,17,0,-0.01,-0.10,0.10,29.00,17,17,0,0.32,0.30,0.40,29.03,17,17,0,1340.72,1333.00,1353.20,24.44,17,0,0,0.10,0.10,0.10,29.78,17,17,0,1.08,1.00,1.10,29.19,17,17,0,0.22,0.20,0.30,29.02,17,17,0
1751565,0.34,0.30,0.40,29.72,17,17,0,0.01,-0.10,0.10,29.01,17,17,0,0.32,0.30,0.40,29.05,17,17,0,1354.02,1341.00,1366.10,24.45,17,0,0,0.09,0.00,0.10,29.79,17,17,0,1.07,1.00,1.10,29.20,17,17,0,0.24,0.20,0.30,29.02,17,17,0
1752065,0.37,0.30,0.40,29.73,16,16,0,-0.01,-0.10,0.00,29.00,16,16,0,0.30,0.30,0.30,29.06,16,16,0,1353.59,1340.40,1365.00,24.44,16,0,0,0.09,0.00,0.10,29.79,16,16,0,1.09,1.00,1.10,29.20,16,16,0,0.23,0.20,0.30,29.01,16,16,0
1752575,0.35,0.30,0.40,29.72,17,17,0,-0.01,-0.10,0.10,29.00,17,17,0,0.31,0.30,0.40,29.05,17,17,0,1345.11,1339.40,1358.60,24.42,17,0,0,0.09,0.00,0.10,29.80,17,17,0,1.08,1.00,1.10,29.20,17,17,0,0.21,0.20,0.30,29.02,17,17,0
1753075,0.35,0.30,0.40,29.72,17,17,0,0.02,-0.10,0.10,28.99,17,17,0,0.32,0.30,0.40,29.06,17,17,0,1358.36,1341.60,1365.70,24.45,17,0,0,0.09,0.00,0.10,29.79,17,17,0,1.08,1.00,1.10,29.19,17,17,0,0.24,0.20,0.30,29.01,17,17,0
1753583,0.36,0.30,0.40,29.71,17,17,0,-0.03,-0.10,0.00,29.00,17,17,0,0.31,0.30,0.40,29.04,17,17,0,1354.69,1350.00,1358.40,24.42,17,0,0,0.09,0.00,0.10,29.80,17,17,0,1.08,1.00,1.10,29.19,17,17,0,0.23,0.20,0.30,29.00,17,17,0
1754092,0.38,0.30,0.40,29.70,17,17,0,-0.02,-0.10,0.00,28.99,17,17,0,0.31,0.30,0.40,29.06,17,17,0,1369.41,1365.60,1374.30,24.42,17,0,0,0.09,0.00,0.10,29.78,17,17,0,1.06,1.00,1.10,29.21,17,17,0,0.23,0.20,0.30,29.02,17,17,0
1754593,0.35,0.30,0.40,29.73,17,17,0,-0.02,-0.10,0.10,29.00,17,17,0,0.32,0.30,0.40,29.06,17,17,0,1370.44,1362.20,1381.00,24.44,17,0,0,0.09,0.00,0.10,29.80,17,17,0,1.04,1.00,1.10,29.21,17,17,0,0.22,0.20,0.30,29.01,17,17,0
1755099,0.35,0.30,0.40,29.72,17,17,0,0.01,-0.10,0.10,28.99,17,17,0,0.31,0.30,0.40,29.05,17,17,0,1377.76,1369.60,1386.30,24.42,17,0,0,0.09,0.00,0.10,29.79,17,17,0,1.06,1.00,1.10,29.20,17,17,0,0.23,0.20,0.30,29.01,17,17,0
1755599,0.36,0.30,0.40,29.72,16,16,0,-0.03,-0.10,0.10,29.00,16,16,0,0.31,0.30,0.40,29.05,16,16,0,1392.56,1373.70,1412.10,24.41,16,0,0,0.09,0.00,0.20,29.79,16,16,0,1.08,1.00,1.10,29.20,16,16,0,0.24,0.20,0.30,29.02,16,16,0
1756099,0.35,0.30,0.40,29.72,16,16,0,-0.01,-0.10,0.10,29.01,16,16,0,0.31,0.30,0.40,29.04,16,16,0,1399.96,1395.80,1407.40,24.42,16,0,0,0.09,0.00,0.10,29.80,16,16,0,1.06,1.00,1.10,29.19,16,16,0,0.22,0.20,0.30,29.01,16,16,0
1756599,0.35,0.30,0.40,29.72,17,17,0,-0.02,-0.10,0.10,29.00,17,17,0,0.32,0.30,0.40,29.06,17,17,0,1410.09,1398.90,1416.80,24.40,17,0,0,0.09,0.00,0.10,29.77,17,17,0,1.07,1.00,1.10,29.19,17,17,0,0.22,0.20,0.30,29.01,17,17,0
1757100,0.35,0.30,0.40,29.73,17,17,0,-0.01,-0.10,0.10,29.00,17,17,0,0.32,0.30,0.40,29.07,17,17,0,1398.68,1395.60,1404.00,24.41,17,0,0,0.09,0.00,0.10,29.79,17,17,0,1.05,1.00,1.10,29.19,17,17,0,0.21,0.20,0.30,29.02,17,17,0
1757600,0.35,0.30,0.40,29.71,17,17,0,0.01,-0.10,0.10,28.99,17,17,0,0.31,0.30,0.40,29.06,17,17,0,1405.67,1391.10,1414.50,24.41,17,0,0,0.10,0.10,0.10,29.78,17,17,0,1.04,1.00,1.10,29.21,17,17,0,0.24,0.20,0.30,29.03,17,17,0
1758100,0.38,0.30,0.40,29.72,16,16,0,0.01,-0.10,0.10,29.02,16,16,0,0.31,0.30,0.40,29.05,16,16,0,1389.46,1380.70,1408.30,24.41,16,0,0,0.10,0.10,0.10,29.80,16,16,0,1.07,1.00,1.10,29.21,16,16,0,0.22,0.20,0.30,29.01,16,16,0
1758610,0.36,0.30,0.40,29.72,17,17,0,0.02,-0.10,0.10,29.01,17,17,0,0.31,0.30,0.40,29.07,17,17,0,1392.28,1378.20,1409.20,24.40,17,0,0,0.09,0.00,0.10,29.79,17,17,0,1.06,1.00,1.10,29.18,17,17,0,0.21,0.20,0.30,29.02,17,17,0
1759110,0.37,0.30,0.40,29.70,17,17,0,0.01,-0.10,0.10,28.99,17,17,0,0.31,0.30,0.40,29.05,17,17,0,1383.68,1374.20,1394.40,24.40,17,0,0,0.09,0.00,0.10,29.80,17,17,0,1.09,1.00,1.10,29.21,17,17,0,0.21,0.20,0.30,29.02,17,17,0
1759610,0.36,0.30,0.40,29.73,16,16,0,-0.01,-0.10,0.10,29.00,16,16,0,0.31,0.30,0.40,29.06,16,16,0,1365.86,1357.00,1382.40,24.40,16,0,0,0.10,0.10,0.10,29.81,16,16,0,1.06,1.00,1.10,29.20,16,16,0,0.21,0.20,0.30,29.01,16,16,0
1760115,0.37,0.30,0.40,29.72,17,17,0,-0.01,-0.10,0.10,28.99,17,17,0,0.30,0.30,0.30,29.07,17,17,0,1375.47,1361.80,1384.50,24.38,17,0,0,0.09,0.00,0.10,29.78,17,17,0,1.09,1.00,1.10,29.19,17,17,0,0.21,0.20,0.30,29.03,17,17,0
1760617,0.36,0.30,0.40,29.72,17,17,0,-0.01,-0.10,0.10,29.00,17,17,0,0.31,0.30,0.40,29.05,17,17,0,1353.81,1346.40,1366.60,24.40,17,0,0,0.10,0.00,0.20,29.79,17,17,0,1.06,1.00,1.10,29.19,17,17,0,0.22,0.20,0.30,29.02,17,17,0
1761118,0.38,0.30,0.40,29.71,17,17,0,0.00,-0.10,0.10,29.01,17,17,0,0.31,0.30,0.40,29.06,17,17,0,1367.11,1353.80,1378.60,24.40,17,0,0,0.09,0.00,0.20,29.77,17,17,0,1.08,1.00,1.10,29.19,17,17,0,0.22,0.20,0.30,29.02,17,17,0
1761625,0.36,0.30,0.40,29.72,17,17,0,0.02,-0.10,0.10,29.01,17,17,0,0.31,0.30,0.40,29.05,17,17,0,1351.96,1346.40,1358.80,24.39,17,0,0,0.10,0.10,0.10,29.78,17,17,0,1.08,1.00,1.10,29.20,17,17,0,0.22,0.20,0.30,29.01,17,17,0
1762125,0.35,0.30,0.40,29.73,17,17,0,0.00,-0.10,0.10,28.99,17,17,0,0.31,0.30,0.40,29.05,17,17,0,1345.69,1331.00,1362.30,24.39,17,0,0,0.10,0.10,0.10,29.79,17,17,0,1.07,1.00,1.10,29.20,17,17,0,0.22,0.20,0.30,29.02,17,17,0
1762626,0.35,0.30,0.40,29.72,17,17,0,-0.02,-0.10,0.10,29.00,17,17,0,0.31,0.30,0.40,29.05,17,17,0,1342.08,1331.00,1354.10,24.39,17,0,0,0.11,0.10,0.20,29.79,17,17,0,1.08,1.00,1.10,29.20,17,17,0,0.22,0.20,0.30,29.01,17,17,0
1763131,0.38,0.30,0.40,29.72,17,17,0,0.02,-0.10,0.10,29.00,17,17,0,0.32,0.30,0.40,29.06,17,17,0,1332.92,1321.20,1349.50,24.40,17,0,0,0.11,0.10,0.20,29.78,17,17,0,1.07,1.00,1.10,29.21,17,17,0,0.22,0.20,0.30,29.01,17,17,0
1763636,0.38,0.30,0.40,29.72,17,17,0,0.01,-0.10,0.10,29.01,17,17,0,0.32,0.30,0.40,29.06,17,17,0,1347.70,1327.70,1358.10,24.41,17,0,0,0.11,0.10,0.20,29.79,17,17,0,1.10,1.10,1.10,29.20,17,17,0,0.24,0.20,0.30,29.03,17,17,0
1764137,0.38,0.30,0.40,29.72,17,17,0,0.01,-0.10,0.10,29.00,17,17,0,0.32,0.30,0.40,29.05,17,17,0,1326.08,1320.40,1340.70,24.41,17,0,0,0.10,0.10,0.10,29.80,17,17,0,1.09,1.00,1.10,29.19,17,17,0,0.23,0.20,0.30,29.02,17,17,0
1764637,0.38,0.30,0.40,29.71,17,17,0,-0.02,-0.10,0.10,29.01,17,17,0,0.31,0.30,0.40,29.07,17,17,0,1342.64,1331.60,1352.10,24.39,17,0,0,0.10,0.10,0.10,29.79,17,17,0,1.08,1.00,1.10,29.21,17,17,0,0.22,0.20,0.30,29.02,17,17,0
1765141,0.35,0.30,0.40,29.70,17,17,0,0.01,-0.10,0.10,29.01,17,17,0,0.31,0.30,0.40,29.06,17,17,0,1327.15,1314.90,1347.10,24.39,17,0,0,0.10,0.10,0.10,29.80,17,17,0,1.06,1.00,1.10,29.19,17,17,0,0.21,0.20,0.30,29.02,17,17,0
1765652,0.36,0.30,0.40,29.71,17,17,0,-0.01,-0.10,0.10,29.01,17,17,0,0.31,0.30,0.40,29.07,17,17,0,1341.57,1322.60,1355.10,24.39,17,0,0,0.09,0.00,0.10,29.79,17,17,0,1.09,1.00,1.10,29.20,17,17,0,0.24,0.20,0.30,29.02,17,17,0
1766152,0.35,0.30,0.40,29.73,17,17,0,-0.02,-0.10,0.00,28.99,17,17,0,0.31,0.30,0.40,29.06,17,17,0,1340.94,1324.80,1355.90,24.38,17,0,0,0.09,0.00,0.20,29.79,17,17,0,1.07,1.00,1.10,29.20,17,17,0,0.22,0.20,0.30,29.01,17,17,0
1766652,0.35,0.30,0.40,29.73,16,16,0,-0.01,-0.10,0.10,29.01,16,16,0,0.31,0.30,0.40,29.08,16,16,0,1330.67,1317.50,1353.10,24.38,16,0,0,0.09,0.00,0.10,29.78,16,16,0,1.09,1.00,1.10,29.21,16,16,0,0.21,0.20,0.30,29.02,16,16,0
1767156,0.37,0.30,0.40,29.72,17,17,0,-0.02,-0.10,0.10,28.99,17,17,0,0.31,0.30,0.40,29.08,17,17,0,1345.13,1321.70,1356.40,24.38,17,0,0,0.10,0.10,0.10,29.80,17,17,0,1.08,1.00,1.10,29.20,17,17,0,0.23,0.20,0.30,29.03,17,17,0
1767658,0.36,0.30,0.40,29.74,17,17,0,0.01,-0.10,0.10,29.02,17,17,0,0.32,0.30,0.40,29.06,17,17,0,1325.36,1315.90,1343.90,24.40,17,0,0,0.10,0.10,0.10,29.80,17,17,0,1.07,1.00,1.10,29.20,17,17,0,0.24,0.20,0.30,29.02,17,17,0
1768170,0.35,0.30,0.40,29.71,17,17,0,-0.01,-0.10,0.10,29.00,17,17,0,0.31,0.30,0.40,29.06,17,17,0,1344.50,1332.80,1354.40,24.40,17,0,0,0.09,0.00,0.20,29.80,17,17,0,1.06,1.00,1.10,29.21,17,17,0,0.23,0.20,0.30,29.02,17,17,0
1768678,0.36,0.30,0.40,29.72,17,17,0,-0.01,-0.10,0.10,29.00,17,17,0,0.31,0.30,0.40,29.05,17,17,0,1329.79,1321.30,1348.30,24.40,17,0,0,0.09,0.00,0.10,29.79,17,17,0,1.06,1.00,1.10,29.20,17,17,0,0.23,0.20,0.30,29.01,17,17,0
1769178,0.37,0.30,0.40,29.72,17,17,0,-0.01,-0.10,0.10,29.01,17,17,0,0.31,0.30,0.40,29.06,17,17,0,1342.91,1327.70,1357.60,24.38,17,0,0,0.11,0.10,0.20,29.79,17,17,0,1.06,1.00,1.10,29.21,17,17,0,0.21,0.20,0.30,29.01,17,17,0
1769680,0.36,0.30,0.40,29.72,17,17,0,-0.04,-0.10,0.10,29.01,17,17,0,0.31,0.30,0.40,29.06,17,17,0,1338.64,1324.90,1354.80,24.39,17,0,0,0.09,-0.10,0.10,29.80,17,17,0,1.07,1.00,1.10,29.20,17,17,0,0.22,0.20,0.30,29.02,17,17,0
1770180,0.36,0.30,0.40,29.72,17,17,0,0.01,-0.10,0.10,29.02,17,17,0,0.31,0.30,0.40,29.06,17,17,0,1337.62,1328.20,1352.90,24.38,17,0,0,0.09,0.00,0.10,29.78,17,17,0,1.08,1.00,1.10,29.22,17,17,0,0.22,0.20,0.30,29.02,17,17,0
1770685,0.39,0.30,0.40,29.72,17,17,0,0.02,-0.10,0.10,29.02,17,17,0,0.30,0.30,0.30,29.08,17,17,0,1354.61,1334.90,1365.60,24.38,17,0,0,0.08,0.00,0.10,29.80,17,17,0,1.08,1.00,1.10,29.20,17,17,0,0.25,0.20,0.30,29.03,17,17,0
1771186,0.37,0.30,0.40,29.73,17,17,0,-0.01,-0.10,0.10,29.01,17,17,0,0.31,0.30,0.40,29.06,17,17,0,1353.28,1349.10,1357.30,24.40,17,0,0,0.09,0.00,0.10,29.80,17,17,0,1.06,1.00,1.10,29.20,17,17,0,0.23,0.20,0.30,29.03,17,17,0
1771690,0.36,0.30,0.40,29.72,17,17,0,0.01,-0.10,0.10,29.02,17,17,0,0.31,0.30,0.40,29.07,17,17,0,1362.86,1356.50,1368.70,24.40,17,0,0,0.09,0.00,0.10,29.81,17,17,0,1.06,1.00,1.10,29.20,17,17,0,0.23,0.20,0.30,29.01,17,17,0
1772203,0.37,0.30,0.40,29.73,17,17,0,0.01,-0.10,0.10,29.00,17,17,0,0.32,0.30,0.40,29.06,17,17,0,1364.18,1355.70,1375.30,24.40,17,0,0,0.10,0.00,0.20,29.80,17,17,0,1.06,1.00,1.10,29.21,17,17,0,0.22,0.20,0.30,29.03,17,17,0
1772703,0.37,0.30,0.40,29.73,17,17,0,-0.01,-0.10,0.10,29.00,17,17,0,0.34,0.30,0.40,29.07,17,17,0,1379.42,1374.60,1385.70,24.39,17,0,0,0.09,0.00,0.10,29.80,17,17,0,1.06,1.00,1.10,29.19,17,17,0,0.24,0.20,0.30,29.03,17,17,0
1773211,0.36,0.30,0.40,29.73,17,17,0,-0.01,-0.10,0.00,29.00,17,17,0,0.32,0.30,0.40,29.07,17,17,0,1385.71,1377.00,1397.80,24.40,17,0,0,0.10,0.10,0.10,29.79,17,17,0,1.06,1.00,1.10,29.20,17,17,0,0.23,0.20,0.30,29.01,17,17,0
1773711,0.37,0.30,0.40,29.74,17,17,0,-0.00,-0.10,0.10,29.01,17,17,0,0.32,0.30,0.40,29.07,17,17,0,1387.14,1379.90,1398.20,24.39,17,0,0,0.09,0.00,0.10,29.80,17,17,0,1.08,1.00,1.10,29.20,17,17,0,0.25,0.20,0.30,29.03,17,17,0
1774214,0.36,0.30,0.40,29.73,17,17,0,-0.01,-0.10,0.10,29.01,17,17,0,0.31,0.30,0.40,29.09,17,17,0,1400.96,1386.30,1409.40,24.38,17,0,0,0.09,0.00,0.10,29.79,17,17,0,1.08,1.00,1.10,29.21,17,17,0,0.22,0.20,0.30,29.04,17,17,0
1774716,0.35,0.30,0.40,29.73,17,17,0,0.01,-0.10,0.10,29.02,17,17,0,0.31,0.30,0.40,29.07,17,17,0,1390.62,1387.20,1398.10,24.38,17,0,0,0.10,0.10,0.10,29.80,17,17,0,1.10,1.00,1.20,29.21,17,17,0,0.22,0.20,0.30,29.02,17,17,0
1775223,0.37,0.30,0.40,29.74,17,17,0,0.02,-0.10,0.10,29.00,17,17,0,0.32,0.30,0.40,29.08,17,17,0,1408.75,1395.20,1415.60,24.38,17,0,0,0.09,0.00,0.20,29.80,17,17,0,1.06,1.00,1.10,29.21,17,17,0,0.22,0.20,0.30,29.03,17,17,0
1775725,0.39,0.30,0.40,29.72,17,17,0,0.00,-0.10,0.10,29.00,17,17,0,0.32,0.30,0.40,29.07,17,17,0,1390.71,1384.30,1405.40,24.38,17,0,0,0.09,0.00,0.10,29.80,17,17,0,1.08,1.00,1.10,29.21,17,17,0,0.22,0.20,0.30,29.02,17,17,0
1776228,0.36,0.30,0.40,29.73,17,17,0,-0.02,-0.10,0.10,29.01,17,17,0,0.31,0.30,0.40,29.07,17,17,0,1387.81,1367.20,1409.70,24.40,17,0,0,0.09,0.00,0.10,29.80,17,17,0,1.08,1.00,1.10,29.19,17,17,0,0.22,0.20,0.30,29.02,17,17,0
1776736,0.39,0.30,0.40,29.74,17,17,0,0.00,-0.10,0.10,29.02,17,17,0,0.31,0.30,0.40,29.08,17,17,0,1382.12,1367.30,1397.90,24.39,17,0,0,0.10,0.10,0.10,29.79,17,17,0,1.07,1.00,1.10,29.20,17,17,0,0.22,0.20,0.30,29.02,17,17,0
1777240,0.34,0.30,0.40,29.73,17,17,0,0.03,0.00,0.10,29.00,17,17,0,0.32,0.30,0.40,29.08,17,17,0,1362.06,1343.10,1388.90,24.41,17,0,0,0.10,0.00,0.20,29.80,17,17,0,1.08,1.00,1.10,29.20,17,17,0,0.22,0.20,0.30,29.03,17,17,0
1777744,0.36,0.30,0.40,29.73,17,17,0,0.00,-0.10,0.10,29.00,17,17,0,0.32,0.30,0.40,29.05,17,17,0,1371.36,1351.90,1381.00,24.39,17,0,0,0.10,0.10,0.10,29.79,17,17,0,1.08,1.00,1.10,29.19,17,17,0,0.21,0.20,0.30,29.03,17,17,0
1778244,0.38,0.30,0.40,29.74,16,16,0,-0.00,-0.10,0.10,29.00,16,16,0,0.32,0.30,0.40,29.07,16,16,0,1343.39,1334.90,1357.80,24.40,16,0,0,0.11,0.10,0.20,29.80,16,16,0,1.08,1.00,1.10,29.22,16,16,0,0.23,0.20,0.30,29.02,16,16,0
1778749,0.36,0.30,0.40,29.73,17,17,0,0.01,-0.10,0.10,29.01,17,17,0,0.30,0.30,0.30,29.06,17,17,0,1363.17,1347.70,1372.70,24.40,17,0,0,0.09,0.00,0.10,29.80,17,17,0,1.04,1.00,1.10,29.20,17,17,0,0.21,0.20,0.30,29.01,17,17,0
1779249,0.36,0.30,0.40,29.74,17,17,0,0.02,-0.10,0.10,29.02,17,17,0,0.31,0.30,0.40,29.08,17,17,0,1342.19,1335.20,1353.70,24.41,17,0,0,0.09,0.00,0.10,29.79,17,17,0,1.09,1.00,1.10,29.22,17,17,0,0.22,0.20,0.30,29.02,17,17,0
1779749,0.36,0.30,0.40,29.74,16,16,0,0.01,-0.10,0.10,29.02,16,16,0,0.30,0.30,0.30,29.08,16,16,0,1338.68,1324.10,1354.90,24.41,16,0,0,0.11,0.00,0.20,29.80,16,16,0,1.06,1.00,1.10,29.21,16,16,0,0.21,0.20,0.30,29.01,16,16,0
1780250,0.37,0.30,0.40,29.73,17,17,0,0.01,-0.10,0.10,29.01,17,17,0,0.31,0.30,0.40,29.08,17,17,0,1333.15,1318.70,1352.80,24.41,17,0,0,0.09,0.00,0.10,29.80,17,17,0,1.06,1.00,1.10,29.22,17,17,0,0.22,0.20,0.30,29.01,17,17,0
1780750,0.37,0.30,0.40,29.73,17,17,0,-0.01,-0.10,0.10,29.00,17,17,0,0.32,0.30,0.40,29.08,17,17,0,1336.99,1323.90,1354.30,24.40,17,0,0,0.09,0.00,0.10,29.82,17,17,0,1.04,1.00,1.10,29.22,17,17,0,0.21,0.20,0.30,29.03,17,17,0
1781250,0.39,0.30,0.40,29.74,16,16,0,0.00,-0.10,0.10,29.01,16,16,0,0.32,0.30,0.40,29.07,16,16,0,1342.11,1326.90,1352.00,24.41,16,0,0,0.10,0.10,0.10,29.80,16,16,0,1.07,1.00,1.10,29.21,16,16,0,0.21,0.20,0.30,29.04,16,16,0
1781759,0.35,0.30,0.40,29.74,17,17,0,-0.01,-0.10,0.10,29.02,17,17,0,0.32,0.30,0.40,29.06,17,17,0,1323.26,1313.90,1340.30,24.40,17,0,0,0.10,0.10,0.10,29.80,17,17,0,1.07,1.00,1.10,29.20,17,17,0,0.22,0.20,0.30,29.02,17,17,0
1782259,0.38,0.30,0.40,29.73,16,16,0,-0.01,-0.10,0.10,29.00,16,16,0,0.33,0.30,0.40,29.07,16,16,0,1344.36,1331.40,1354.50,24.42,16,0,0,0.09,0.00,0.10,29.80,16,16,0,1.07,1.00,1.10,29.22,16,16,0,0.21,0.20,0.30,29.02,16,16,0
1782766,0.37,0.30,0.40,29.72,17,17,0,-0.01,-0.10,0.10,29.03,17,17,0,0.31,0.30,0.40,29.07,17,17,0,1326.78,1320.70,1338.30,24.41,17,0,0,0.10,0.10,0.10,29.79,17,17,0,1.08,1.00,1.10,29.21,17,17,0,0.24,0.20,0.30,29.04,17,17,0
1783266,0.39,0.30,0.40,29.72,17,17,0,0.00,-0.10,0.10,29.02,17,17,0,0.31,0.30,0.40,29.07,17,17,0,1345.41,1332.80,1355.00,24.43,17,0,0,0.10,0.00,0.20,29.81,17,17,0,1.08,1.00,1.10,29.21,17,17,0,0.20,0.20,0.20,29.03,17,17,0
1783774,0.36,0.30,0.40,29.73,17,17,0,-0.01,-0.10,0.10,29.00,17,17,0,0.31,0.30,0.40,29.08,17,17,0,1337.77,1327.20,1347.60,24.40,17,0,0,0.09,0.00,0.10,29.81,17,17,0,1.06,1.00,1.10,29.20,17,17,0,0.22,0.20,0.30,29.03,17,17,0
1784284,0.36,0.30,0.40,29.71,17,17,0,-0.01,-0.10,0.10,29.02,17,17,0,0.32,0.30,0.40,29.06,17,17,0,1326.48,1311.90,1343.80,24.41,17,0,0,0.11,0.10,0.20,29.78,17,17,0,1.07,1.00,1.10,29.21,17,17,0,0.24,0.20,0.30,29.02,17,17,0
1784786,0.36,0.30,0.40,29.73,17,17,0,-0.01,-0.10,0.10,29.02,17,17,0,0.31,0.30,0.40,29.09,17,17,0,1340.71,1312.80,1355.50,24.42,17,0,0,0.09,0.00,0.10,29.80,17,17,0,1.07,1.00,1.10,29.22,17,17,0,0.21,0.20,0.30,29.02,17,17,0
1785286,0.36,0.30,0.40,29.73,17,17,0,0.01,-0.10,0.10,29.01,17,17,0,0.31,0.30,0.40,29.06,17,17,0,1324.59,1316.30,1343.10,24.42,17,0,0,0.09,0.00,0.10,29.79,17,17,0,1.06,1.00,1.10,29.21,17,17,0,0.22,0.20,0.30,29.01,17,17,0
1785790,0.37,0.30,0.40,29.74,17,17,0,-0.02,-0.10,0.10,29.01,17,17,0,0.31,0.30,0.40,29.07,17,17,0,1343.51,1330.40,1352.20,24.40,17,0,0,0.11,0.00,0.20,29.81,17,17,0,1.05,1.00,1.10,29.20,17,17,0,0.22,0.20,0.30,29.03,17,17,0
1786303,0.38,0.30,0.40,29.72,17,17,0,0.00,-0.10,0.10,28.99,17,17,0,0.32,0.30,0.40,29.06,17,17,0,1320.81,1312.80,1337.20,24.40,17,0,0,0.09,0.00,0.10,29.79,17,17,0,1.08,1.00,1.10,29.21,17,17,0,0.24,0.20,0.30,29.01,17,17,0
1786808,0.36,0.30,0.40,29.74,17,17,0,-0.01,-0.10,0.10,29.01,17,17,0,0.32,0.30,0.40,29.08,17,17,0,1337.29,1321.10,1351.80,24.41,17,0,0,0.10,0.10,0.10,29.81,17,17,0,1.07,1.00,1.10,29.20,17,17,0,0.25,0.20,0.30,29.03,17,17,0
1787316,0.38,0.30,0.40,29.73,17,17,0,-0.01,-0.10,0.00,29.00,17,17,0,0.32,0.30,0.40,29.06,17,17,0,1331.75,1311.30,1355.20,24.42,17,0,0,0.10,0.10,0.10,29.81,17,17,0,1.08,1.00,1.10,29.20,17,17,0,0.21,0.20,0.30,29.03,17,17,0
1787816,0.36,0.30,0.40,29.73,17,17,0,-0.01,-0.10,0.10,29.02,17,17,0,0.31,0.30,0.40,29.05,17,17,0,1333.95,1327.70,1352.30,24.43,17,0,0,0.11,0.10,0.20,29.78,17,17,0,1.08,1.00,1.10,29.20,17,17,0,0.22,0.20,0.30,29.03,17,17,0
1788325,0.37,0.30,0.40,29.73,17,17,0,0.00,-0.10,0.10,29.02,17,17,0,0.32,0.30,0.40,29.07,17,17,0,1349.03,1334.00,1358.80,24.42,17,0,0,0.09,0.00,0.10,29.82,17,17,0,1.08,1.00,1.10,29.21,17,17,0,0.24,0.20,0.30,29.03,17,17,0
1788825,0.36,0.30,0.40,29.73,17,17,0,0.01,-0.10,0.10,29.02,17,17,0,0.32,0.30,0.40,29.07,17,17,0,1341.12,1335.30,1347.90,24.39,17,0,0,0.10,0.10,0.10,29.80,17,17,0,1.06,1.00,1.10,29.21,17,17,0,0.23,0.20,0.30,29.03,17,17,0
1789325,0.36,0.30,0.40,29.73,17,17,0,-0.03,-0.10,0.10,29.00,17,17,0,0.32,0.30,0.40,29.06,17,17,0,1354.04,1347.50,1358.80,24.41,17,0,0,0.10,0.10,0.10,29.80,17,17,0,1.07,1.00,1.10,29.22,17,17,0,0.24,0.20,0.30,29.03,17,17,0
1789833,0.37,0.30,0.40,29.72,17,17,0,0.01,-0.10,0.10,29.01,17,17,0,0.31,0.30,0.40,29.07,17,17,0,1358.66,1346.00,1376.80,24.42,17,0,0,0.10,0.10,0.10,29.82,17,17,0,1.08,1.00,1.10,29.21,17,17,0,0.24,0.20,0.30,29.03,17,17,0
1790342,0.38,0.30,0.40,29.73,17,17,0,-0.01,-0.10,0.10,29.01,17,17,0,0.31,0.30,0.40,29.07,17,17,0,1375.47,1367.70,1382.90,24.41,17,0,0,0.10,0.10,0.10,29.80,17,17,0,1.05,1.00,1.10,29.21,17,17,0,0.24,0.20,0.30,29.04,17,17,0
1790850,0.38,0.30,0.40,29.72,17,17,0,0.00,0.00,0.00,29.00,17,17,0,0.31,0.30,0.40,29.05,17,17,0,1381.81,1371.70,1394.90,24.41,17,0,0,0.10,0.10,0.10,29.81,17,17,0,1.07,1.00,1.10,29.21,17,17,0,0.21,0.20,0.30,29.02,17,17,0
1791354,0.36,0.30,0.40,29.72,17,17,0,-0.01,-0.10,0.10,29.01,17,17,0,0.32,0.30,0.40,29.08,17,17,0,1383.58,1378.80,1392.50,24.42,17,0,0,0.09,0.00,0.10,29.80,17,17,0,1.08,1.00,1.10,29.20,17,17,0,0.22,0.20,0.30,29.04,17,17,0
1791862,0.36,0.30,0.40,29.75,17,17,0,-0.02,-0.10,0.00,29.02,17,17,0,0.31,0.30,0.40,29.07,17,17,0,1398.82,1387.00,1406.90,24.40,17,0,0,0.10,0.10,0.10,29.79,17,17,0,1.08,1.00,1.10,29.20,17,17,0,0.22,0.20,0.30,29.03,17,17,0
1792366,0.37,0.30,0.40,29.73,17,17,0,-0.00,-0.10,0.10,29.02,17,17,0,0.30,0.30,0.30,29.07,17,17,0,1384.28,1380.80,1392.20,24.40,17,0,0,0.10,0.10,0.10,29.81,17,17,0,1.08,1.00,1.10,29.23,17,17,0,0.24,0.20,0.30,29.03,17,17,0
1792866,0.38,0.30,0.40,29.72,17,17,0,0.00,-0.10,0.10,29.01,17,17,0,0.31,0.30,0.40,29.06,17,17,0,1403.71,1390.30,1413.20,24.40,17,0,0,0.10,0.10,0.10,29.80,17,17,0,1.08,1.00,1.10,29.21,17,17,0,0.23,0.20,0.30,29.01,17,17,0
1793374,0.36,0.30,0.40,29.75,17,17,0,0.01,-0.10,0.10,29.01,17,17,0,0.32,0.30,0.40,29.07,17,17,0,1384.44,1380.30,1393.20,24.42,17,0,0,0.10,0.10,0.10,29.80,17,17,0,1.06,1.00,1.10,29.21,17,17,0,0.24,0.20,0.30,29.04,17,17,0
1793874,0.35,0.30,0.40,29.73,17,17,0,0.01,-0.10,0.10,29.00,17,17,0,0.31,0.30,0.40,29.08,17,17,0,1383.61,1363.90,1402.80,24.39,17,0,0,0.09,0.00,0.10,29.81,17,17,0,1.06,1.00,1.10,29.21,17,17,0,0.22,0.20,0.30,29.02,17,17,0
1794381,0.37,0.30,0.40,29.74,17,17,0,0.00,-0.10,0.10,29.02,17,17,0,0.34,0.30,0.40,29.08,17,17,0,1374.32,1362.70,1388.10,24.41,17,0,0,0.10,0.00,0.20,29.80,17,17,0,1.08,1.00,1.10,29.20,17,17,0,0.24,0.20,0.30,29.04,17,17,0
1794881,0.38,0.30,0.40,29.74,17,17,0,-0.01,-0.10,0.10,29.01,17,17,0,0.34,0.30,0.40,29.06,17,17,0,1355.96,1342.70,1378.70,24.42,17,0,0,0.09,0.00,0.10,29.81,17,17,0,1.09,1.00,1.10,29.23,17,17,0,0.23,0.20,0.30,29.01,17,17,0
1795392,0.36,0.30,0.40,29.72,17,17,0,-0.04,-0.10,0.10,29.01,17,17,0,0.31,0.30,0.40,29.07,17,17,0,1369.68,1348.70,1382.30,24.41,17,0,0,0.09,0.00,0.10,29.79,17,17,0,1.09,1.00,1.10,29.21,17,17,0,0.22,0.20,0.30,29.02,17,17,0
1795892,0.35,0.30,0.40,29.73,17,17,0,-0.02,-0.10,0.10,29.01,17,17,0,0.30,0.30,0.30,29.08,17,17,0,1344.68,1339.00,1360.40,24.42,17,0,0,0.10,0.10,0.10,29.78,17,17,0,1.06,1.00,1.10,29.21,17,17,0,0.22,0.20,0.30,29.02,17,17,0
1796395,0.36,0.30,0.40,29.73,16,16,0,-0.01,-0.10,0.10,29.01,16,16,0,0.31,0.30,0.40,29.07,16,16,0,1357.38,1343.80,1368.20,24.41,16,0,0,0.09,0.00,0.10,29.81,16,16,0,1.07,1.00,1.10,29.21,16,16,0,0.22,0.20,0.30,29.04,16,16,0
1796899,0.39,0.30,0.40,29.74,17,17,0,0.02,0.00,0.10,29.02,17,17,0,0.32,0.30,0.40,29.06,17,17,0,1339.70,1333.80,1351.40,24.41,17,0,0,0.09,0.00,0.10,29.80,17,17,0,1.08,1.00,1.10,29.20,17,17,0,0.22,0.20,0.30,29.03,17,17,0
1797403,0.37,0.30,0.40,29.74,17,17,0,-0.01,-0.10,0.10,29.02,17,17,0,0.31,0.30,0.40,29.07,17,17,0,1338.73,1320.00,1359.00,24.41,17,0,0,0.10,0.10,0.10,29.79,17,17,0,1.07,1.00,1.10,29.20,17,17,0,0.21,0.20,0.30,29.04,17,17,0
1797911,0.38,0.30,0.40,29.74,17,17,0,-0.01,-0.10,0.10,29.01,17,17,0,0.31,0.30,0.40,29.06,17,17,0,1334.81,1318.40,1350.30,24.41,17,0,0,0.09,0.00,0.10,29.79,17,17,0,1.08,1.00,1.10,29.23,17,17,0,0.22,0.20,0.30,29.02,17,17,0
1798411,0.37,0.30,0.40,29.73,17,17,0,-0.02,-0.10,0.10,29.02,17,17,0,0.31,0.30,0.40,29.07,17,17,0,1329.28,1318.20,1347.20,24.42,17,0,0,0.10,0.10,0.10,29.80,17,17,0,1.09,1.00,1.10,29.21,17,17,0,0.22,0.20,0.30,29.03,17,17,0
1798913,0.36,0.30,0.40,29.73,17,17,0,-0.02,-0.10,0.10,29.01,17,17,0,0.31,0.30,0.40,29.07,17,17,0,1342.04,1321.90,1355.40,24.42,17,0,0,0.10,0.10,0.10,29.81,17,17,0,1.08,1.00,1.10,29.22,17,17,0,0.24,0.20,0.30,29.02,17,17,0
1799413,0.37,0.30,0.40,29.75,17,17,0,-0.01,-0.10,0.10,29.01,17,17,0,0.31,0.30,0.40,29.07,17,17,0,1316.11,1309.20,1330.70,24.42,17,0,0,0.11,0.10,0.20,29.80,17,17,0,1.08,1.00,1.10,29.21,17,17,0,0.23,0.20,0.30,29.04,17,17,0
1799915,0.38,0.30,0.40,29.73,17,17,0,-0.03,-0.10,0.10,29.03,17,17,0,0.32,0.30,0.40,29.07,17,17,0,1336.01,1320.90,1345.70,24.41,17,0,0,0.09,0.00,0.20,29.82,17,17,0,1.08,1.00,1.10,29.22,17,17,0,0.22,0.20,0.30,29.03,17,17,0
1800415,0.36,0.30,0.40,29.76,17,17,0,-0.01,-0.10,0.10,29.00,17,17,0,0.31,0.30,0.40,29.06,17,17,0,1322.29,1311.50,1342.10,24.43,17,0,0,0.11,0.10,0.20,29.81,17,17,0,1.08,1.00,1.10,29.20,17,17,0,0.22,0.20,0.30,29.05,17,17,0
1800915,0.38,0.30,0.40,29.74,17,17,0,-0.05,-0.10,0.00,29.02,17,17,0,0.31,0.30,0.40,29.07,17,17,0,1337.58,1320.90,1352.60,24.41,17,0,0,0.09,0.00,0.20,29.81,17,17,0,1.06,1.00,1.10,29.21,17,17,0,0.22,0.20,0.30,29.02,17,17,0
1801419,0.37,0.30,0.40,29.72,17,17,0,0.00,-0.10,0.10,29.03,17,17,0,0.30,0.30,0.30,29.08,17,17,0,1332.35,1316.90,1348.80,24.40,17,0,0,0.10,0.10,0.10,29.80,17,17,0,1.08,1.00,1.10,29.21,17,17,0,0.24,0.20,0.30,29.04,17,17,0
1801919,0.38,0.30,0.40,29.74,17,17,0,0.02,-0.10,0.10,29.02,17,17,0,0.31,0.30,0.40,29.07,17,17,0,1324.45,1310.00,1346.30,24.42,17,0,0,0.09,0.00,0.10,29.79,17,17,0,1.08,1.00,1.10,29.20,17,17,0,0.21,0.20,0.30,29.03,17,17,0
1802421,0.37,0.30,0.40,29.73,17,17,0,0.00,-0.10,0.10,29.00,17,17,0,0.31,0.30,0.40,29.08,17,17,0,1343.94,1315.20,1359.90,24.42,17,0,0,0.10,0.10,0.10,29.80,17,17,0,1.07,1.00,1.10,29.22,17,17,0,0.22,0.20,0.30,29.03,17,17,0
1802921,0.36,0.30,0.40,29.72,17,17,0,0.01,-0.10,0.10,29.00,17,17,0,0.31,0.30,0.40,29.06,17,17,0,1326.81,1319.00,1346.90,24.42,17,0,0,0.09,0.00,0.10,29.80,17,17,0,1.06,1.00,1.10,29.21,17,17,0,0.22,0.20,0.30,29.02,17,17,0
1803423,0.36,0.30,0.40,29.75,17,17,0,0.00,-0.10,0.10,29.02,17,17,0,0.31,0.30,0.40,29.06,17,17,0,1345.20,1331.60,1353.80,24.43,17,0,0,0.09,0.00,0.10,29.81,17,17,0,1.08,1.00,1.10,29.21,17,17,0,0.21,0.20,0.30,29.02,17,17,0
1803923,0.36,0.30,0.40,29.73,17,17,0,-0.01,-0.10,0.10,29.01,17,17,0,0.31,0.30,0.40,29.05,17,17,0,1317.78,1309.70,1330.50,24.44,17,0,0,0.11,0.00,0.20,29.80,17,17,0,1.07,1.00,1.10,29.21,17,17,0,0.24,0.20,0.30,29.03,17,17,0
1804427,0.35,0.30,0.40,29.73,17,17,0,-0.02,-0.10,0.00,29.02,17,17,0,0.32,0.30,0.40,29.07,17,17,0,1337.12,1319.40,1349.90,24.42,17,0,0,0.09,0.00,0.10,29.79,17,17,0,1.08,1.00,1.10,29.21,17,17,0,0.20,0.20,0.20,29.04,17,17,0
1804929,0.36,0.30,0.40,29.73,17,17,0,-0.01,-0.10,0.00,28.99,17,17,0,0.32,0.30,0.40,29.06,17,17,0,1334.24,1321.00,1350.80,24.43,17,0,0,0.09,0.00,0.10,29.80,17,17,0,1.05,1.00,1.10,29.21,17,17,0,0.21,0.20,0.30,29.04,17,17,0
1805429,0.36,0.30,0.40,29.74,17,17,0,0.01,-0.10,0.10,29.00,17,17,0,0.32,0.30,0.40,29.08,17,17,0,1330.24,1317.10,1347.90,24.41,17,0,0,0.09,0.00,0.10,29.82,17,17,0,1.05,1.00,1.10,29.22,17,17,0,0.22,0.20,0.30,29.01,17,17,0
1805937,0.38,0.30,0.40,29.73,17,17,0,-0.02,-0.10,0.10,29.01,17,17,0,0.32,0.30,0.40,29.09,17,17,0,1343.42,1324.00,1353.80,24.43,17,0,0,0.09,0.00,0.10,29.80,17,17,0,1.08,1.00,1.10,29.21,17,17,0,0.23,0.20,0.30,29.03,17,17,0
1806442,0.36,0.30,0.40,29.75,17,17,0,-0.02,-0.10,0.10,29.01,17,17,0,0.30,0.30,0.30,29.08,17,17,0,1337.91,1331.00,1345.70,24.42,17,0,0,0.10,0.10,0.10,29.81,17,17,0,1.07,1.00,1.10,29.21,17,17,0,0.22,0.20,0.30,29.04,17,17,0
1806943,0.34,0.30,0.40,29.74,17,17,0,0.01,-0.10,0.10,29.01,17,17,0,0.31,0.30,0.40,29.07,17,17,0,1360.50,1350.80,1365.00,24.41,17,0,0,0.11,0.10,0.20,29.81,17,17,0,1.08,1.00,1.10,29.21,17,17,0,0.22,0.20,0.30,29.03,17,17,0
1807454,0.36,0.30,0.40,29.74,17,17,0,0.01,-0.10,0.10,29.02,17,17,0,0.32,0.30,0.40,29.08,17,17,0,1360.98,1351.20,1375.20,24.39,17,0,0,0.10,0.10,0.10,29.81,17,17,0,1.06,1.00,1.10,29.21,17,17,0,0.24,0.20,0.30,29.02,17,17,0
1807958,0.35,0.30,0.40,29.74,17,17,0,0.00,0.00,0.00,29.01,17,17,0,0.31,0.30,0.40,29.07,17,17,0,1375.96,1368.20,1385.00,24.40,17,0,0,0.09,0.00,0.10,29.81,17,17,0,1.08,1.00,1.10,29.21,17,17,0,0.21,0.20,0.30,29.03,17,17,0
1808466,0.38,0.30,0.40,29.74,17,17,0,0.00,0.00,0.00,29.02,17,17,0,0.31,0.30,0.40,29.07,17,17,0,1384.67,1370.10,1401.10,24.44,17,0,0,0.10,0.10,0.10,29.80,17,17,0,1.08,1.00,1.10,29.22,17,17,0,0.24,0.20,0.30,29.03,17,17,0
1808966,0.38,0.30,0.40,29.73,17,17,0,0.00,-0.10,0.10,29.01,17,17,0,0.31,0.30,0.40,29.07,17,17,0,1383.72,1372.60,1400.30,24.41,17,0,0,0.11,0.10,0.20,29.81,17,17,0,1.09,1.00,1.10,29.21,17,17,0,0.22,0.20,0.30,29.04,17,17,0
1809467,0.36,0.30,0.40,29.74,17,17,0,-0.03,-0.10,0.10,29.01,17,17,0,0.34,0.30,0.40,29.07,17,17,0,1399.44,1379.50,1410.70,24.41,17,0,0,0.10,0.00,0.20,29.83,17,17,0,1.06,1.00,1.10,29.21,17,17,0,0.22,0.20,0.30,29.02,17,17,0
1809972,0.37,0.30,0.40,29.74,17,17,0,-0.01,-0.10,0.10,29.01,17,17,0,0.31,0.30,0.40,29.07,17,17,0,1379.13,1371.80,1396.40,24.42,17,0,0,0.10,0.10,0.10,29.80,17,17,0,1.06,1.00,1.10,29.21,17,17,0,0.21,0.20,0.30,29.03,17,17,0
1810478,0.36,0.30,0.40,29.74,17,17,0,0.02,-0.10,0.10,29.00,17,17,0,0.32,0.30,0.40,29.06,17,17,0,1404.31,1387.60,1414.50,24.41,17,0,0,0.08,0.00,0.10,29.80,17,17,0,1.09,1.00,1.10,29.21,17,17,0,0.22,0.20,0.30,29.04,17,17,0
1810982,0.36,0.30,0.40,29.73,17,17,0,0.01,-0.10,0.10,29.03,17,17,0,0.31,0.30,0.40,29.08,17,17,0,1378.24,1372.10,1391.40,24.42,17,0,0,0.09,0.00,0.10,29.82,17,17,0,1.07,1.00,1.10,29.23,17,17,0,0.22,0.20,0.30,29.02,17,17,0
1811482,0.38,0.30,0.40,29.73,17,17,0,-0.02,-0.10,0.10,29.02,17,17,0,0.33,0.30,0.40,29.08,17,17,0,1382.12,1362.00,1403.80,24.41,17,0,0,0.10,0.10,0.10,29.81,17,17,0,1.10,1.10,1.10,29.22,17,17,0,0.23,0.20,0.30,29.03,17,17,0
1811990,0.38,0.30,0.40,29.74,17,17,0,-0.01,-0.10,0.00,29.01,17,17,0,0.32,0.30,0.40,29.07,17,17,0,1369.72,1356.70,1389.60,24.44,17,0,0,0.10,0.10,0.10,29.80,17,17,0,1.06,1.00,1.10,29.21,17,17,0,0.24,0.20,0.30,29.02,17,17,0
1812493,0.35,0.30,0.40,29.73,17,17,0,0.00,-0.10,0.10,29.01,17,17,0,0.30,0.30,0.30,29.06,17,17,0,1366.31,1352.30,1390.70,24.41,17,0,0,0.11,0.10,0.20,29.81,17,17,0,1.08,1.00,1.10,29.21,17,17,0,0.24,0.20,0.30,29.03,17,17,0
1813001,0.36,0.30,0.40,29.73,17,17,0,0.01,-0.10,0.10,29.01,17,17,0,0.30,0.30,0.30,29.08,17,17,0,1368.03,1353.00,1377.00,24.42,17,0,0,0.11,0.10,0.20,29.81,17,17,0,1.07,1.00,1.10,29.21,17,17,0,0.23,0.20,0.30,29.02,17,17,0
1813501,0.37,0.30,0.40,29.73,17,17,0,-0.01,-0.10,0.10,29.02,17,17,0,0.32,0.30,0.40,29.07,17,17,0,1346.14,1337.50,1363.00,24.43,17,0,0,0.09,0.00,0.20,29.83,17,17,0,1.06,1.00,1.10,29.21,17,17,0,0.22,0.20,0.30,29.03,17,17,0
1814009,0.38,0.30,0.40,29.74,17,17,0,-0.01,-0.10,0.10,29.01,17,17,0,0.31,0.30,0.40,29.05,17,17,0,1360.89,1352.10,1368.80,24.44,17,0,0,0.11,0.10,0.20,29.80,17,17,0,1.08,1.00,1.10,29.21,17,17,0,0.21,0.20,0.30,29.02,17,17,0
1814519,0.34,0.30,0.40,29.74,17,17,0,-0.01,-0.10,0.10,29.01,17,17,0,0.31,0.30,0.40,29.07,17,17,0,1341.79,1337.30,1351.10,24.41,17,0,0,0.09,0.00,0.10,29.82,17,17,0,1.08,1.00,1.10,29.22,17,17,0,0.21,0.20,0.30,29.04,17,17,0
1815019,0.37,0.30,0.40,29.75,16,16,0,0.00,-0.10,0.10,29.01,16,16,0,0.32,0.30,0.40,29.08,16,16,0,1344.26,1328.70,1357.30,24.42,16,0,0,0.09,0.00,0.10,29.82,16,16,0,1.06,1.00,1.10,29.22,16,16,0,0.25,0.20,0.30,29.04,16,16,0
1815529,0.36,0.30,0.40,29.74,17,17,0,0.01,-0.10,0.10,29.02,17,17,0,0.30,0.30,0.30,29.06,17,17,0,1336.43,1325.50,1351.70,24.44,17,0,0,0.09,0.00,0.10,29.81,17,17,0,1.08,1.00,1.10,29.23,17,17,0,0.21,0.20,0.30,29.05,17,17,0
1816029,0.36,0.30,0.40,29.74,17,17,0,0.00,-0.10,0.10,29.02,17,17,0,0.31,0.30,0.40,29.07,17,17,0,1328.29,1317.10,1348.10,24.44,17,0,0,0.10,0.10,0.10,29.82,17,17,0,1.06,1.00,1.10,29.23,17,17,0,0.22,0.20,0.30,29.02,17,17,0
1816535,0.37,0.30,0.40,29.74,17,17,0,-0.01,-0.10,0.00,29.02,17,17,0,0.32,0.30,0.40,29.08,17,17,0,1337.52,1318.50,1349.70,24.45,17,0,0,0.11,0.10,0.20,29.80,17,17,0,1.08,1.00,1.10,29.21,17,17,0,0.24,0.20,0.30,29.03,17,17,0
1817035,0.38,0.30,0.40,29.73,17,17,0,-0.02,-0.10,0.10,29.01,17,17,0,0.31,0.30,0.40,29.06,17,17,0,1322.01,1315.60,1337.80,24.46,17,0,0,0.09,0.00,0.10,29.80,17,17,0,1.06,1.00,1.10,29.20,17,17,0,0.24,0.20,0.30,29.04,17,17,0
1817537,0.36,0.30,0.40,29.74,17,17,0,-0.01,-0.10,0.10,29.03,17,17,0,0.32,0.30,0.40,29.05,17,17,0,1337.64,1325.30,1348.40,24.44,17,0,0,0.10,0.10,0.10,29.80,17,17,0,1.06,1.00,1.10,29.22,17,17,0,0.25,0.20,0.30,29.03,17,17,0
1818037,0.37,0.30,0.40,29.75,17,17,0,0.00,-0.10,0.10,29.02,17,17,0,0.31,0.30,0.40,29.07,17,17,0,1316.24,1308.20,1329.30,24.42,17,0,0,0.09,0.00,0.20,29.81,17,17,0,1.09,1.00,1.10,29.22,17,17,0,0.21,0.20,0.30,29.03,17,17,0
1818549,0.36,0.30,0.40,29.74,17,17,0,0.01,-0.10,0.10,29.02,17,17,0,0.33,0.30,0.40,29.06,17,17,0,1334.13,1317.40,1350.40,24.44,17,0,0,0.11,0.10,0.20,29.81,17,17,0,1.08,1.00,1.10,29.23,17,17,0,0.23,0.20,0.30,29.04,17,17,0
1819049,0.37,0.30,0.40,29.74,17,17,0,0.01,-0.10,0.10,29.00,17,17,0,0.31,0.30,0.40,29.08,17,17,0,1325.02,1303.90,1345.60,24.44,17,0,0,0.11,0.10,0.20,29.81,17,17,0,1.09,1.00,1.10,29.23,17,17,0,0.24,0.20,0.30,29.03,17,17,0
1819549,0.35,0.30,0.40,29.73,17,17,0,-0.01,-0.10,0.10,29.01,17,17,0,0.32,0.30,0.40,29.08,17,17,0,1324.78,1311.70,1345.70,24.43,17,0,0,0.09,0.00,0.10,29.80,17,17,0,1.08,1.00,1.10,29.22,17,17,0,0.21,0.20,0.30,29.03,17,17,0
1820049,0.34,0.30,0.40,29.74,17,17,0,0.01,-0.10,0.10,29.02,17,17,0,0.33,0.30,0.40,29.08,17,17,0,1342.06,1316.50,1355.40,24.44,17,0,0,0.10,0.10,0.10,29.80,17,17,0,1.07,1.00,1.10,29.23,17,17,0,0.23,0.20,0.30,29.04,17,17,0
1820549,0.38,0.30,0.40,29.74,16,16,0,0.01,-0.10,0.10,29.03,16,16,0,0.31,0.30,0.40,29.07,16,16,0,1316.34,1310.30,1332.90,24.45,16,0,0,0.10,0.10,0.10,29.82,16,16,0,1.08,1.00,1.10,29.20,16,16,0,0.23,0.20,0.30,29.03,16,16,0
1821057,0.37,0.30,0.40,29.74,17,17,0,0.01,0.00,0.10,29.03,17,17,0,0.31,0.30,0.40,29.07,17,17,0,1339.64,1324.10,1353.00,24.45,17,0,0,0.10,0.10,0.10,29.83,17,17,0,1.07,1.00,1.10,29.22,17,17,0,0.22,0.20,0.30,29.03,17,17,0
1821558,0.36,0.30,0.40,29.74,17,17,0,-0.01,-0.10,0.00,29.01,17,17,0,0.31,0.30,0.40,29.06,17,17,0,1315.97,1304.70,1334.30,24.43,17,0,0,0.09,0.00,0.10,29.81,17,17,0,1.07,1.00,1.10,29.22,17,17,0,0.23,0.20,0.30,29.04,17,17,0
1822066,0.34,0.30,0.40,29.73,17,17,0,0.00,-0.10,0.10,29.01,17,17,0,0.30,0.30,0.30,29.06,17,17,0,1337.02,1321.30,1351.90,24.43,17,0,0,0.10,0.10,0.10,29.81,17,17,0,1.06,1.00,1.10,29.22,17,17,0,0.22,0.20,0.30,29.03,17,17,0
1822566,0.36,0.30,0.40,29.72,16,16,0,-0.02,-0.10,0.10,29.02,16,16,0,0.33,0.30,0.40,29.06,16,16,0,1332.72,1318.80,1349.20,24.45,16,0,0,0.10,0.00,0.20,29.81,16,16,0,1.07,1.00,1.10,29.22,16,16,0,0.23,0.20,0.30,29.02,16,16,0
1823077,0.37,0.30,0.40,29.74,17,17,0,-0.01,-0.10,0.10,29.03,17,17,0,0.33,0.30,0.40,29.06,17,17,0,1326.87,1319.10,1342.70,24.45,17,0,0,0.09,0.00,0.10,29.82,17,17,0,1.09,1.00,1.10,29.22,17,17,0,0.22,0.20,0.30,29.04,17,17,0
1823579,0.36,0.30,0.40,29.73,17,17,0,-0.02,-0.10,0.10,29.02,17,17,0,0.32,0.30,0.40,29.05,17,17,0,1344.06,1326.90,1352.60,24.44,17,0,0,0.10,0.00,0.20,29.80,17,17,0,1.08,1.00,1.10,29.21,17,17,0,0.25,0.20,0.30,29.02,17,17,0
1824079,0.35,0.30,0.40,29.73,17,17,0,0.00,-0.10,0.10,29.02,17,17,0,0.31,0.30,0.40,29.06,17,17,0,1335.70,1330.60,1343.50,24.43,17,0,0,0.10,0.10,0.10,29.80,17,17,0,1.07,1.00,1.10,29.23,17,17,0,0.22,0.20,0.30,29.03,17,17,0
1824579,0.34,0.30,0.40,29.74,16,16,0,0.00,-0.10,0.10,29.01,16,16,0,0.31,0.30,0.40,29.06,16,16,0,1361.24,1348.70,1366.60,24.44,16,0,0,0.10,0.10,0.10,29.80,16,16,0,1.08,1.00,1.10,29.22,16,16,0,0.21,0.20,0.30,29.03,16,16,0
1825079,0.35,0.30,0.40,29.75,17,17,0,0.00,-0.10,0.10,29.01,17,17,0,0.32,0.30,0.40,29.07,17,17,0,1358.58,1353.60,1366.50,24.45,17,0,0,0.09,0.00,0.10,29.82,17,17,0,1.08,1.00,1.10,29.23,17,17,0,0.22,0.20,0.30,29.04,17,17,0
1825586,0.36,0.30,0.40,29.74,17,17,0,0.01,-0.10,0.10,29.02,17,17,0,0.30,0.30,0.30,29.07,17,17,0,1373.51,1363.00,1379.90,24.43,17,0,0,0.11,0.10,0.20,29.82,17,17,0,1.09,1.00,1.10,29.22,17,17,0,0.23,0.20,0.30,29.03,17,17,0
1826086,0.36,0.30,0.40,29.74,17,17,0,0.01,-0.10,0.10,29.01,17,17,0,0.31,0.30,0.40,29.07,17,17,0,1376.31,1365.20,1394.20,24.43,17,0,0,0.09,0.00,0.10,29.80,17,17,0,1.08,1.00,1.10,29.22,17,17,0,0.23,0.20,0.30,29.03,17,17,0
1826586,0.38,0.30,0.40,29.74,17,17,0,-0.01,-0.10,0.10,29.01,17,17,0,0.31,0.30,0.40,29.07,17,17,0,1381.41,1373.50,1392.20,24.42,17,0,0,0.10,0.10,0.10,29.79,17,17,0,1.08,1.00,1.10,29.20,17,17,0,0.22,0.20,0.30,29.04,17,17,0
1827094,0.36,0.30,0.40,29.75,17,17,0,0.00,-0.10,0.10,29.01,17,17,0,0.32,0.30,0.40,29.08,17,17,0,1398.24,1380.80,1410.80,24.43,17,0,0,0.09,0.00,0.10,29.79,17,17,0,1.06,1.00,1.10,29.22,17,17,0,0.26,0.20,0.30,29.06,17,17,0
1827605,0.36,0.30,0.40,29.74,17,17,0,0.01,-0.10,0.10,29.03,17,17,0,0.32,0.30,0.40,29.07,17,17,0,1383.14,1374.30,1397.60,24.41,17,0,0,0.09,0.00,0.10,29.81,17,17,0,1.06,1.00,1.10,29.24,17,17,0,0.24,0.20,0.30,29.03,17,17,0
1828113,0.39,0.30,0.40,29.75,17,17,0,0.00,-0.10,0.10,29.01,17,17,0,0.30,0.30,0.30,29.07,17,17,0,1399.14,1386.10,1408.20,24.43,17,0,0,0.09,0.00,0.10,29.81,17,17,0,1.05,1.00,1.10,29.23,17,17,0,0.24,0.20,0.30,29.03,17,17,0
1828624,0.35,0.30,0.40,29.74,17,17,0,0.00,-0.10,0.10,29.01,17,17,0,0.30,0.30,0.30,29.07,17,17,0,1377.08,1368.80,1392.90,24.42,17,0,0,0.10,0.10,0.10,29.82,17,17,0,1.07,1.00,1.10,29.24,17,17,0,0.25,0.20,0.30,29.03,17,17,0
1829136,0.37,0.30,0.40,29.76,17,17,0,-0.02,-0.10,0.10,29.02,17,17,0,0.31,0.30,0.40,29.07,17,17,0,1381.76,1355.40,1405.30,24.42,17,0,0,0.09,0.00,0.10,29.82,17,17,0,1.07,1.00,1.10,29.21,17,17,0,0.23,0.20,0.30,29.03,17,17,0
1829647,0.36,0.30,0.40,29.76,17,17,0,-0.01,-0.10,0.10,29.02,17,17,0,0.31,0.30,0.40,29.08,17,17,0,1371.11,1354.00,1393.20,24.42,17,0,0,0.09,0.00,0.10,29.81,17,17,0,1.08,1.00,1.10,29.23,17,17,0,0.22,0.20,0.30,29.04,17,17,0
1830147,0.36,0.30,0.40,29.74,17,17,0,0.01,-0.10,0.10,29.02,17,17,0,0.31,0.30,0.40,29.07,17,17,0,1360.95,1343.00,1388.30,24.42,17,0,0,0.09,0.00,0.10,29.80,17,17,0,1.09,1.00,1.10,29.21,17,17,0,0.23,0.20,0.30,29.04,17,17,0
1830660,0.37,0.30,0.40,29.73,17,17,0,-0.01,-0.10,0.10,29.01,17,17,0,0.32,0.30,0.40,29.07,17,17,0,1370.31,1349.60,1382.60,24.41,17,0,0,0.11,0.10,0.20,29.81,17,17,0,1.07,1.00,1.10,29.23,17,17,0,0.26,0.20,0.30,29.03,17,17,0
1831171,0.37,0.30,0.40,29.74,17,17,0,-0.01,-0.10,0.10,29.02,17,17,0,0.32,0.30,0.40,29.07,17,17,0,1339.29,1334.30,1354.00,24.41,17,0,0,0.10,0.10,0.10,29.80,17,17,0,1.07,1.00,1.10,29.22,17,17,0,0.24,0.20,0.30,29.03,17,17,0
1831679,0.35,0.30,0.40,29.75,17,17,0,0.02,-0.10,0.10,29.02,17,17,0,0.30,0.30,0.30,29.07,17,17,0,1356.71,1345.10,1366.00,24.41,17,0,0,0.10,0.10,0.10,29.82,17,17,0,1.08,1.00,1.10,29.22,17,17,0,0.22,0.20,0.30,29.03,17,17,0
1832189,0.36,0.30,0.40,29.75,17,17,0,0.01,-0.10,0.10,29.02,17,17,0,0.31,0.30,0.40,29.08,17,17,0,1338.49,1331.50,1355.40,24.43,17,0,0,0.10,0.10,0.10,29.81,17,17,0,1.08,1.00,1.10,29.21,17,17,0,0.22,0.20,0.30,29.04,17,17,0
1832702,0.39,0.30,0.40,29.75,17,17,0,-0.01,-0.10,0.10,29.03,17,17,0,0.31,0.30,0.40,29.07,17,17,0,1335.79,1319.20,1358.40,24.44,17,0,0,0.10,0.00,0.20,29.82,17,17,0,1.08,1.00,1.10,29.21,17,17,0,0.24,0.20,0.30,29.03,17,17,0
1833207,0.37,0.30,0.40,29.73,17,17,0,0.00,-0.10,0.10,29.00,17,17,0,0.31,0.30,0.40,29.07,17,17,0,1332.52,1318.20,1346.30,24.44,17,0,0,0.09,0.00,0.10,29.81,17,17,0,1.06,1.00,1.10,29.22,17,17,0,0.22,0.20,0.30,29.04,17,17,0
1833707,0.38,0.30,0.40,29.73,16,16,0,-0.01,-0.10,0.10,29.02,16,16,0,0.32,0.30,0.40,29.07,16,16,0,1322.76,1313.40,1341.60,24.43,16,0,0,0.09,0.00,0.10,29.81,16,16,0,1.08,1.00,1.10,29.22,16,16,0,0.23,0.20,0.30,29.02,16,16,0
1834207,0.36,0.30,0.40,29.74,17,17,0,-0.02,-0.10,0.10,29.01,17,17,0,0.31,0.30,0.40,29.07,17,17,0,1343.19,1322.50,1352.80,24.43,17,0,0,0.10,0.10,0.10,29.81,17,17,0,1.09,1.00,1.10,29.23,17,17,0,0.24,0.20,0.30,29.04,17,17,0
1834712,0.36,0.30,0.40,29.74,17,17,0,0.01,-0.10,0.10,29.02,17,17,0,0.31,0.30,0.40,29.07,17,17,0,1323.02,1318.80,1335.40,24.44,17,0,0,0.10,0.10,0.10,29.82,17,17,0,1.08,1.00,1.10,29.21,17,17,0,0.22,0.20,0.30,29.04,17,17,0
1835220,0.36,0.30,0.40,29.74,17,17,0,0.01,0.00,0.10,29.03,17,17,0,0.31,0.30,0.40,29.05,17,17,0,1337.66,1321.70,1348.80,24.43,17,0,0,0.10,0.00,0.20,29.82,17,17,0,1.07,1.00,1.10,29.23,17,17,0,0.24,0.20,0.30,29.05,17,17,0
1835720,0.35,0.30,0.40,29.74,17,17,0,0.01,0.00,0.10,29.03,17,17,0,0.31,0.30,0.40,29.06,17,17,0,1316.21,1306.10,1333.90,24.46,17,0,0,0.10,0.10,0.10,29.79,17,17,0,1.08,1.00,1.10,29.22,17,17,0,0.22,0.20,0.30,29.04,17,17,0
1836221,0.35,0.30,0.40,29.72,17,17,0,0.02,-0.10,0.10,29.00,17,17,0,0.31,0.30,0.40,29.08,17,17,0,1333.48,1317.90,1349.30,24.44,17,0,0,0.10,0.10,0.10,29.80,17,17,0,1.07,1.00,1.10,29.22,17,17,0,0.25,0.20,0.30,29.02,17,17,0
1836721,0.37,0.30,0.40,29.74,16,16,0,0.02,-0.10,0.10,29.03,16,16,0,0.32,0.30,0.40,29.07,16,16,0,1333.45,1318.60,1348.50,24.44,16,0,0,0.09,0.00,0.10,29.82,16,16,0,1.06,1.00,1.10,29.22,16,16,0,0.22,0.20,0.30,29.03,16,16,0
1837221,0.36,0.30,0.40,29.73,17,17,0,-0.01,-0.10,0.10,29.02,17,17,0,0.31,0.30,0.40,29.07,17,17,0,1313.66,1298.40,1340.20,24.44,17,0,0,0.10,0.10,0.10,29.80,17,17,0,1.06,1.00,1.10,29.21,17,17,0,0.24,0.20,0.30,29.05,17,17,0
1837721,0.35,0.30,0.40,29.76,16,16,0,-0.02,-0.10,0.10,29.01,16,16,0,0.31,0.30,0.40,29.07,16,16,0,1334.69,1308.20,1348.70,24.44,16,0,0,0.09,0.00,0.10,29.81,16,16,0,1.08,1.00,1.10,29.22,16,16,0,0.23,0.20,0.30,29.05,16,16,0
1838221,0.36,0.30,0.40,29.75,17,17,0,-0.01,-0.10,0.10,29.01,17,17,0,0.31,0.30,0.40,29.06,17,17,0,1313.94,1304.10,1329.20,24.44,17,0,0,0.10,0.10,0.10,29.82,17,17,0,1.08,1.00,1.10,29.20,17,17,0,0.23,0.20,0.30,29.04,17,17,0
1838723,0.36,0.30,0.40,29.73,17,17,0,-0.01,-0.10,0.10,29.01,17,17,0,0.31,0.30,0.40,29.05,17,17,0,1345.41,1328.00,1360.00,24.43,17,0,0,0.10,0.10,0.10,29.81,17,17,0,1.09,1.00,1.10,29.22,17,17,0,0.22,0.20,0.30,29.05,17,17,0
1839223,0.36,0.30,0.40,29.72,17,17,0,0.01,-0.10,0.10,29.01,17,17,0,0.31,0.30,0.40,29.07,17,17,0,1324.12,1311.90,1345.70,24.44,17,0,0,0.09,0.00,0.10,29.81,17,17,0,1.08,1.00,1.10,29.22,17,17,0,0.26,0.20,0.30,29.03,17,17,0
1839723,0.36,0.30,0.40,29.74,17,17,0,0.02,-0.10,0.10,29.01,17,17,0,0.31,0.30,0.40,29.08,17,17,0,1333.18,1312.30,1353.10,24.42,17,0,0,0.09,0.00,0.10,29.82,17,17,0,1.08,1.00,1.10,29.23,17,17,0,0.24,0.20,0.30,29.04,17,17,0
1840223,0.38,0.30,0.40,29.73,16,16,0,0.01,-0.10,0.10,29.02,16,16,0,0.30,0.30,0.30,29.07,16,16,0,1334.18,1314.80,1354.90,24.44,16,0,0,0.11,0.10,0.20,29.81,16,16,0,1.06,1.00,1.10,29.22,16,16,0,0.24,0.20,0.30,29.04,16,16,0
1840725,0.36,0.30,0.40,29.74,17,17,0,0.00,-0.10,0.10,29.01,17,17,0,0.32,0.30,0.40,29.06,17,17,0,1325.78,1311.50,1347.70,24.42,17,0,0,0.09,0.00,0.10,29.80,17,17,0,1.08,1.00,1.10,29.23,17,17,0,0.25,0.20,0.30,29.06,17,17,0
1841225,0.36,0.30,0.40,29.75,17,17,0,0.01,-0.10,0.10,29.02,17,17,0,0.31,0.30,0.40,29.04,17,17,0,1345.26,1319.20,1356.90,24.45,17,0,0,0.11,0.10,0.20,29.81,17,17,0,1.09,1.00,1.10,29.22,17,17,0,0.22,0.20,0.30,29.03,17,17,0
1841726,0.37,0.30,0.40,29.74,17,17,0,-0.01,-0.10,0.10,29.00,17,17,0,0.32,0.30,0.40,29.06,17,17,0,1330.08,1324.10,1341.90,24.44,17,0,0,0.10,0.10,0.10,29.81,17,17,0,1.08,1.00,1.10,29.23,17,17,0,0.23,0.20,0.30,29.04,17,17,0
1842234,0.35,0.30,0.40,29.74,17,17,0,0.00,-0.10,0.10,29.02,17,17,0,0.33,0.30,0.40,29.06,17,17,0,1361.35,1346.80,1367.10,24.44,17,0,0,0.10,0.00,0.20,29.81,17,17,0,1.09,1.00,1.10,29.23,17,17,0,0.24,0.20,0.30,29.02,17,17,0
1842734,0.38,0.30,0.40,29.74,16,16,0,-0.01,-0.10,0.10,29.01,16,16,0,0.31,0.30,0.40,29.05,16,16,0,1353.60,1346.20,1369.20,24.43,16,0,0,0.09,0.00,0.10,29.81,16,16,0,1.07,1.00,1.10,29.23,16,16,0,0.23,0.20,0.30,29.04,16,16,0
1843234,0.36,0.30,0.40,29.74,17,17,0,0.01,-0.10,0.10,29.01,17,17,0,0.30,0.30,0.30,29.08,17,17,0,1368.55,1354.80,1380.30,24.42,17,0,0,0.10,0.10,0.10,29.81,17,17,0,1.09,1.00,1.10,29.22,17,17,0,0.21,0.20,0.30,29.05,17,17,0
1843734,0.35,0.30,0.40,29.74,16,16,0,0.01,-0.10,0.10,29.01,16,16,0,0.31,0.30,0.40,29.05,16,16,0,1375.21,1356.90,1397.00,24.41,16,0,0,0.09,0.00,0.10,29.80,16,16,0,1.08,1.00,1.10,29.23,16,16,0,0.21,0.20,0.30,29.04,16,16,0
1844236,0.38,0.30,0.40,29.74,17,17,0,0.01,-0.10,0.10,29.04,17,17,0,0.31,0.30,0.40,29.07,17,17,0,1382.78,1373.50,1396.40,24.42,17,0,0,0.10,0.00,0.20,29.80,17,17,0,1.05,1.00,1.10,29.22,17,17,0,0.22,0.20,0.30,29.03,17,17,0
1844740,0.36,0.30,0.40,29.74,17,17,0,0.02,0.00,0.10,29.03,17,17,0,0.30,0.30,0.30,29.05,17,17,0,1393.74,1377.40,1405.40,24.41,17,0,0,0.09,0.00,0.10,29.81,17,17,0,1.07,1.00,1.10,29.23,17,17,0,0.25,0.20,0.30,29.05,17,17,0
1845243,0.36,0.30,0.40,29.73,17,17,0,0.02,0.00,0.10,29.02,17,17,0,0.32,0.30,0.40,29.08,17,17,0,1381.31,1375.60,1395.30,24.42,17,0,0,0.09,0.00,0.10,29.80,17,17,0,1.08,1.00,1.10,29.23,17,17,0,0.24,0.20,0.30,29.03,17,17,0
1845745,0.36,0.30,0.40,29.74,17,17,0,0.00,-0.10,0.10,29.02,17,17,0,0.31,0.30,0.40,29.07,17,17,0,1401.82,1387.70,1411.00,24.41,17,0,0,0.11,0.10,0.20,29.81,17,17,0,1.08,1.00,1.10,29.21,17,17,0,0.25,0.20,0.30,29.03,17,17,0
1846245,0.36,0.30,0.40,29.75,17,17,0,-0.01,-0.10,0.10,29.03,17,17,0,0.32,0.30,0.40,29.06,17,17,0,1377.55,1371.00,1384.60,24.41,17,0,0,0.10,0.10,0.10,29.83,17,17,0,1.07,1.00,1.10,29.22,17,17,0,0.22,0.20,0.30,29.05,17,17,0
1846753,0.36,0.30,0.40,29.73,17,17,0,0.02,-0.10,0.10,29.02,17,17,0,0.33,0.30,0.40,29.07,17,17,0,1386.06,1366.40,1401.40,24.40,17,0,0,0.10,0.10,0.10,29.82,17,17,0,1.08,1.00,1.10,29.25,17,17,0,0.24,0.20,0.30,29.04,17,17,0
1847257,0.36,0.30,0.40,29.73,17,17,0,-0.01,-0.10,0.10,29.02,17,17,0,0.32,0.30,0.40,29.05,17,17,0,1370.54,1359.20,1387.70,24.41,17,0,0,0.11,0.00,0.20,29.83,17,17,0,1.07,1.00,1.10,29.21,17,17,0,0.23,0.20,0.30,29.03,17,17,0
1847766,0.34,0.30,0.40,29.73,17,17,0,-0.02,-0.10,0.10,29.03,17,17,0,0.31,0.30,0.40,29.07,17,17,0,1359.05,1342.80,1384.80,24.42,17,0,0,0.09,0.00,0.10,29.81,17,17,0,1.08,1.00,1.10,29.24,17,17,0,0.24,0.20,0.30,29.04,17,17,0
1848271,0.35,0.30,0.40,29.73,17,17,0,0.02,0.00,0.10,29.02,17,17,0,0.31,0.30,0.40,29.05,17,17,0,1362.39,1344.50,1374.40,24.41,17,0,0,0.10,0.00,0.20,29.81,17,17,0,1.07,1.00,1.10,29.21,17,17,0,0.23,0.20,0.30,29.03,17,17,0
1848771,0.36,0.30,0.40,29.75,16,16,0,0.01,-0.10,0.10,29.01,16,16,0,0.33,0.30,0.40,29.05,16,16,0,1343.22,1335.20,1358.50,24.43,16,0,0,0.11,0.10,0.20,29.82,16,16,0,1.08,1.00,1.10,29.24,16,16,0,0.23,0.20,0.30,29.05,16,16,0
1849273,0.36,0.30,0.40,29.72,17,17,0,0.02,0.00,0.10,29.03,17,17,0,0.31,0.30,0.40,29.05,17,17,0,1356.61,1346.30,1363.70,24.44,17,0,0,0.11,0.10,0.20,29.81,17,17,0,1.07,1.00,1.10,29.22,17,17,0,0.22,0.20,0.30,29.05,17,17,0
1849773,0.34,0.30,0.40,29.74,17,17,0,-0.01,-0.10,0.10,29.02,17,17,0,0.30,0.30,0.30,29.09,17,17,0,1330.49,1324.80,1340.00,24.41,17,0,0,0.09,0.00,0.10,29.82,17,17,0,1.08,1.00,1.10,29.24,17,17,0,0.22,0.20,0.30,29.05,17,17,0
1850273,0.34,0.30,0.40,29.73,17,17,0,-0.01,-0.10,0.10,29.02,17,17,0,0.31,0.30,0.40,29.06,17,17,0,1333.33,1314.10,1348.80,24.43,17,0,0,0.09,0.00,0.10,29.81,17,17,0,1.10,1.10,1.10,29.23,17,17,0,0.22,0.20,0.30,29.04,17,17,0
1850773,0.35,0.30,0.40,29.72,16,16,0,-0.01,-0.10,0.10,29.03,16,16,0,0.31,0.30,0.40,29.06,16,16,0,1321.81,1305.60,1345.40,24.43,16,0,0,0.11,0.10,0.20,29.82,16,16,0,1.08,1.00,1.10,29.21,16,16,0,0.22,0.20,0.30,29.06,16,16,0
1851281,0.35,0.30,0.40,29.72,17,17,0,-0.04,-0.10,0.10,29.03,17,17,0,0.31,0.30,0.40,29.06,17,17,0,1327.72,1315.20,1348.60,24.44,17,0,0,0.11,0.10,0.20,29.81,17,17,0,1.08,1.00,1.10,29.23,17,17,0,0.23,0.20,0.30,29.04,17,17,0
1851785,0.35,0.30,0.40,29.74,17,17,0,0.01,-0.10,0.10,29.03,17,17,0,0.32,0.30,0.40,29.05,17,17,0,1335.31,1319.60,1345.20,24.41,17,0,0,0.11,0.10,0.20,29.82,17,17,0,1.05,1.00,1.10,29.23,17,17,0,0.22,0.20,0.30,29.04,17,17,0
1852290,0.36,0.30,0.40,29.71,17,17,0,0.01,-0.10,0.10,29.02,17,17,0,0.32,0.30,0.40,29.07,17,17,0,1315.15,1308.30,1330.60,24.44,17,0,0,0.09,0.00,0.10,29.82,17,17,0,1.08,1.00,1.10,29.21,17,17,0,0.24,0.20,0.30,29.05,17,17,0
1852793,0.34,0.30,0.40,29.73,16,16,0,-0.01,-0.10,0.10,29.03,16,16,0,0.31,0.30,0.40,29.05,16,16,0,1330.12,1312.40,1340.80,24.45,16,0,0,0.09,0.00,0.10,29.81,16,16,0,1.07,1.00,1.10,29.21,16,16,0,0.23,0.20,0.30,29.05,16,16,0
1853304,0.36,0.30,0.40,29.73,17,17,0,0.00,-0.10,0.10,29.02,17,17,0,0.32,0.30,0.40,29.06,17,17,0,1310.11,1299.70,1332.20,24.42,17,0,0,0.11,0.10,0.20,29.82,17,17,0,1.09,1.00,1.10,29.23,17,17,0,0.24,0.20,0.30,29.04,17,17,0
1853804,0.38,0.30,0.40,29.72,17,17,0,-0.01,-0.10,0.10,29.03,17,17,0,0.32,0.30,0.40,29.06,17,17,0,1330.61,1312.80,1346.90,24.44,17,0,0,0.09,0.00,0.10,29.80,17,17,0,1.07,1.00,1.10,29.23,17,17,0,0.21,0.20,0.30,29.04,17,17,0
1854304,0.38,0.30,0.40,29.73,16,16,0,0.01,-0.10,0.10,29.04,16,16,0,0.31,0.30,0.40,29.06,16,16,0,1325.63,1313.20,1340.70,24.44,16,0,0,0.09,0.00,0.20,29.81,16,16,0,1.08,1.00,1.10,29.23,16,16,0,0.23,0.20,0.30,29.04,16,16,0
1854804,0.37,0.30,0.40,29.73,16,16,0,0.01,-0.10,0.10,29.03,16,16,0,0.32,0.30,0.40,29.07,16,16,0,1315.04,1302.30,1336.10,24.44,16,0,0,0.10,0.10,0.10,29.81,16,16,0,1.07,1.00,1.10,29.22,16,16,0,0.23,0.20,0.30,29.03,16,16,0
1855304,0.36,0.30,0.40,29.72,17,17,0,0.01,-0.10,0.10,29.04,17,17,0,0.31,0.30,0.40,29.06,17,17,0,1333.31,1302.80,1352.00,24.44,17,0,0,0.10,0.00,0.20,29.82,17,17,0,1.08,1.00,1.10,29.22,17,17,0,0.23,0.20,0.30,29.04,17,17,0
1855805,0.38,0.30,0.40,29.72,17,17,0,-0.01,-0.10,0.10,29.03,17,17,0,0.33,0.30,0.40,29.06,17,17,0,1311.21,1298.50,1335.30,24.43,17,0,0,0.10,0.10,0.10,29.81,17,17,0,1.07,1.00,1.10,29.22,17,17,0,0.23,0.20,0.30,29.05,17,17,0
1856309,0.37,0.30,0.40,29.73,17,17,0,0.01,-0.10,0.10,29.02,17,17,0,0.32,0.30,0.40,29.06,17,17,0,1338.90,1315.80,1351.50,24.43,17,0,0,0.10,0.10,0.10,29.81,17,17,0,1.08,1.00,1.10,29.22,17,17,0,0.22,0.20,0.30,29.05,17,17,0
1856814,0.37,0.30,0.40,29.74,17,17,0,0.00,-0.10,0.10,29.01,17,17,0,0.31,0.30,0.40,29.08,17,17,0,1318.78,1312.70,1332.10,24.44,17,0,0,0.09,0.00,0.10,29.80,17,17,0,1.07,1.00,1.10,29.23,17,17,0,0.22,0.10,0.30,29.04,17,17,0
1857315,0.38,0.30,0.40,29.74,17,17,0,-0.01,-0.10,0.10,29.03,17,17,0,0.31,0.30,0.40,29.05,17,17,0,1338.59,1321.10,1353.20,24.44,17,0,0,0.10,0.00,0.20,29.82,17,17,0,1.08,1.00,1.10,29.20,17,17,0,0.21,0.20,0.30,29.05,17,17,0
1857820,0.37,0.30,0.40,29.74,17,17,0,-0.01,-0.10,0.10,29.02,17,17,0,0.33,0.30,0.40,29.06,17,17,0,1324.69,1310.80,1344.70,24.42,17,0,0,0.10,0.10,0.10,29.81,17,17,0,1.08,1.00,1.10,29.25,17,17,0,0.22,0.20,0.30,29.05,17,17,0
1858321,0.39,0.30,0.40,29.72,17,17,0,0.02,0.00,0.10,29.03,17,17,0,0.32,0.30,0.40,29.07,17,17,0,1326.15,1311.30,1345.70,24.42,17,0,0,0.10,0.10,0.10,29.81,17,17,0,1.09,1.00,1.10,29.20,17,17,0,0.23,0.20,0.30,29.04,17,17,0
1858821,0.37,0.30,0.40,29.73,17,17,0,0.00,-0.10,0.10,29.02,17,17,0,0.31,0.30,0.40,29.05,17,17,0,1341.76,1317.10,1357.10,24.43,17,0,0,0.10,0.10,0.10,29.82,17,17,0,1.09,1.00,1.10,29.22,17,17,0,0.21,0.20,0.30,29.04,17,17,0
1859322,0.38,0.30,0.40,29.74,17,17,0,0.01,-0.10,0.10,29.01,17,17,0,0.31,0.30,0.40,29.05,17,17,0,1332.88,1326.90,1346.80,24.43,17,0,0,0.09,0.00,0.10,29.81,17,17,0,1.10,1.10,1.10,29.21,17,17,0,0.22,0.20,0.30,29.05,17,17,0
1859822,0.36,0.30,0.40,29.74,17,17,0,-0.01,-0.10,0.10,29.02,17,17,0,0.32,0.30,0.40,29.04,17,17,0,1353.85,1338.40,1359.10,24.43,17,0,0,0.11,0.10,0.20,29.81,17,17,0,1.08,1.00,1.10,29.22,17,17,0,0.23,0.20,0.30,29.05,17,17,0
1860327,0.35,0.30,0.40,29.73,17,17,0,-0.02,-0.10,0.10,29.03,17,17,0,0.31,0.30,0.40,29.05,17,17,0,1351.41,1342.80,1369.30,24.41,17,0,0,0.10,0.10,0.10,29.81,17,17,0,1.09,1.00,1.10,29.25,17,17,0,0.24,0.20,0.30,29.02,17,17,0
1860835,0.35,0.30,0.40,29.72,17,17,0,-0.01,-0.10,0.10,29.00,17,17,0,0.31,0.30,0.40,29.06,17,17,0,1370.76,1354.10,1381.70,24.42,17,0,0,0.10,0.10,0.10,29.81,17,17,0,1.09,1.00,1.10,29.23,17,17,0,0.23,0.20,0.30,29.05,17,17,0
1861340,0.37,0.30,0.40,29.72,17,17,0,0.00,-0.10,0.10,29.03,17,17,0,0.32,0.30,0.40,29.04,17,17,0,1369.86,1355.00,1392.20,24.43,17,0,0,0.10,0.00,0.20,29.83,17,17,0,1.08,1.00,1.10,29.23,17,17,0,0.23,0.20,0.30,29.04,17,17,0
1861850,0.38,0.30,0.40,29.74,17,17,0,-0.01,-0.10,0.10,29.03,17,17,0,0.31,0.30,0.40,29.06,17,17,0,1381.85,1369.90,1395.10,24.40,17,0,0,0.10,0.10,0.10,29.81,17,17,0,1.06,1.00,1.10,29.23,17,17,0,0.24,0.20,0.30,29.04,17,17,0
1862355,0.36,0.30,0.40,29.72,17,17,0,-0.01,-0.10,0.10,29.02,17,17,0,0.31,0.30,0.40,29.06,17,17,0,1393.62,1376.00,1407.40,24.41,17,0,0,0.10,0.10,0.10,29.83,17,17,0,1.07,1.00,1.10,29.23,17,17,0,0.23,0.20,0.30,29.04,17,17,0
1862861,0.37,0.30,0.40,29.72,17,17,0,0.01,-0.10,0.10,29.00,17,17,0,0.32,0.30,0.40,29.05,17,17,0,1375.10,1369.00,1393.30,24.41,17,0,0,0.10,0.10,0.10,29.80,17,17,0,1.08,1.00,1.10,29.23,17,17,0,0.25,0.20,0.30,29.03,17,17,0
1863365,0.36,0.30,0.40,29.73,17,17,0,-0.02,-0.10,0.00,29.01,17,17,0,0.31,0.30,0.40,29.05,17,17,0,1396.55,1378.40,1407.60,24.42,17,0,0,0.11,0.10,0.20,29.81,17,17,0,1.05,1.00,1.10,29.22,17,17,0,0.23,0.20,0.30,29.05,17,17,0
1863870,0.36,0.30,0.40,29.73,17,17,0,0.03,-0.10,0.10,29.01,17,17,0,0.32,0.30,0.40,29.05,17,17,0,1371.90,1362.90,1385.50,24.41,17,0,0,0.11,0.00,0.20,29.80,17,17,0,1.06,1.00,1.10,29.21,17,17,0,0.22,0.20,0.30,29.06,17,17,0
1864377,0.36,0.30,0.40,29.72,17,17,0,-0.02,-0.10,0.10,29.01,17,17,0,0.31,0.30,0.40,29.05,17,17,0,1382.11,1358.60,1399.50,24.41,17,0,0,0.10,0.10,0.10,29.81,17,17,0,1.08,1.00,1.10,29.23,17,17,0,0.25,0.20,0.30,29.03,17,17,0
1864877,0.38,0.30,0.40,29.74,16,16,0,-0.02,-0.10,0.00,29.03,16,16,0,0.31,0.30,0.40,29.05,16,16,0,1364.30,1350.00,1383.30,24.42,16,0,0,0.10,0.10,0.10,29.83,16,16,0,1.07,1.00,1.10,29.22,16,16,0,0.24,0.20,0.30,29.04,16,16,0
1865385,0.36,0.30,0.40,29.73,17,17,0,-0.01,-0.10,0.10,29.01,17,17,0,0.31,0.30,0.40,29.06,17,17,0,1357.94,1339.40,1385.30,24.43,17,0,0,0.10,0.00,0.20,29.82,17,17,0,1.09,1.00,1.10,29.23,17,17,0,0.24,0.20,0.30,29.05,17,17,0
1865885,0.36,0.30,0.40,29.73,17,17,0,-0.02,-0.10,0.10,29.03,17,17,0,0.31,0.30,0.40,29.04,17,17,0,1364.84,1343.20,1379.60,24.42,17,0,0,0.11,0.10,0.20,29.82,17,17,0,1.08,1.00,1.10,29.23,17,17,0,0.24,0.20,0.30,29.04,17,17,0
1866387,0.35,0.30,0.40,29.73,17,17,0,-0.01,-0.10,0.10,29.02,17,17,0,0.31,0.30,0.40,29.05,17,17,0,1348.98,1342.50,1365.40,24.42,17,0,0,0.09,0.00,0.10,29.83,17,17,0,1.06,1.00,1.10,29.22,17,17,0,0.24,0.20,0.30,29.05,17,17,0
1866887,0.36,0.30,0.40,29.73,17,17,0,0.00,-0.10,0.10,29.03,17,17,0,0.32,0.30,0.40,29.05,17,17,0,1355.15,1345.90,1362.70,24.42,17,0,0,0.10,0.00,0.20,29.81,17,17,0,1.05,1.00,1.10,29.24,17,17,0,0.22,0.20,0.30,29.05,17,17,0
1867397,0.35,0.30,0.40,29.72,17,17,0,-0.01,-0.10,0.10,29.02,17,17,0,0.31,0.30,0.40,29.03,17,17,0,1329.43,1323.10,1338.10,24.42,17,0,0,0.09,0.00,0.10,29.82,17,17,0,1.07,1.00,1.10,29.20,17,17,0,0.22,0.20,0.30,29.03,17,17,0
1867897,0.36,0.30,0.40,29.73,17,17,0,0.01,-0.10,0.10,29.02,17,17,0,0.32,0.30,0.40,29.04,17,17,0,1337.11,1322.40,1350.60,24.43,17,0,0,0.09,0.00,0.10,29.81,17,17,0,1.06,1.00,1.10,29.21,17,17,0,0.22,0.20,0.30,29.04,17,17,0
1868397,0.38,0.30,0.40,29.74,16,16,0,-0.03,-0.10,0.00,29.01,16,16,0,0.31,0.30,0.40,29.04,16,16,0,1328.57,1319.50,1340.70,24.42,16,0,0,0.10,0.10,0.10,29.80,16,16,0,1.09,1.00,1.10,29.24,16,16,0,0.23,0.20,0.30,29.04,16,16,0
1868897,0.37,0.30,0.40,29.74,16,16,0,0.02,-0.10,0.10,29.01,16,16,0,0.31,0.30,0.40,29.06,16,16,0,1323.31,1306.40,1341.50,24.42,16,0,0,0.11,0.10,0.20,29.82,16,16,0,1.07,1.00,1.10,29.23,16,16,0,0.23,0.20,0.30,29.06,16,16,0
1869401,0.35,0.30,0.40,29.72,17,17,0,0.00,-0.10,0.10,29.00,17,17,0,0.31,0.30,0.40,29.04,17,17,0,1329.97,1308.50,1345.80,24.42,17,0,0,0.10,0.10,0.10,29.81,17,17,0,1.07,1.00,1.10,29.24,17,17,0,0.22,0.20,0.30,29.04,17,17,0
1869903,0.36,0.30,0.40,29.71,17,17,0,-0.01,-0.10,0.10,29.02,17,17,0,0.31,0.30,0.40,29.04,17,17,0,1314.41,1304.50,1332.40,24.44,17,0,0,0.10,0.00,0.20,29.83,17,17,0,1.08,1.00,1.10,29.25,17,17,0,0.24,0.20,0.30,29.04,17,17,0
1870407,0.34,0.30,0.40,29.73,17,17,0,0.01,-0.10,0.10,29.01,17,17,0,0.31,0.30,0.40,29.06,17,17,0,1336.52,1318.40,1348.30,24.44,17,0,0,0.10,0.10,0.10,29.81,17,17,0,1.06,1.00,1.10,29.24,17,17,0,0.22,0.20,0.30,29.04,17,17,0
1870917,0.34,0.30,0.40,29.72,16,16,0,0.00,-0.10,0.10,29.01,16,16,0,0.31,0.30,0.40,29.04,16,16,0,1314.53,1303.40,1330.90,24.43,16,0,0,0.11,0.00,0.20,29.81,16,16,0,1.06,1.00,1.10,29.23,16,16,0,0.22,0.20,0.30,29.05,16,16,0
1871417,0.38,0.30,0.40,29.74,17,17,0,-0.01,-0.10,0.00,29.02,17,17,0,0.30,0.30,0.30,29.06,17,17,0,1335.13,1316.90,1351.60,24.42,17,0,0,0.09,0.00,0.10,29.83,17,17,0,1.08,1.00,1.10,29.23,17,17,0,0.21,0.20,0.30,29.05,17,17,0
1871928,0.35,0.30,0.40,29.73,17,17,0,0.01,0.00,0.10,29.00,17,17,0,0.31,0.30,0.40,29.06,17,17,0,1325.95,1310.60,1343.60,24.43,17,0,0,0.10,0.10,0.10,29.82,17,17,0,1.07,1.00,1.10,29.22,17,17,0,0.22,0.20,0.30,29.05,17,17,0
1872428,0.35,0.30,0.40,29.72,17,17,0,-0.02,-0.10,0.10,29.01,17,17,0,0.31,0.30,0.40,29.05,17,17,0,1318.47,1297.30,1344.40,24.41,17,0,0,0.10,0.00,0.20,29.81,17,17,0,1.08,1.00,1.10,29.23,17,17,0,0.22,0.20,0.30,29.03,17,17,0
1872928,0.36,0.30,0.40,29.72,16,16,0,-0.01,-0.10,0.10,29.02,16,16,0,0.31,0.30,0.40,29.05,16,16,0,1329.93,1298.60,1345.70,24.43,16,0,0,0.09,0.00,0.10,29.80,16,16,0,1.10,1.10,1.10,29.22,16,16,0,0.25,0.20,0.30,29.03,16,16,0
1873431,0.35,0.30,0.40,29.72,17,17,0,0.02,-0.10,0.10,29.02,17,17,0,0.32,0.30,0.40,29.06,17,17,0,1309.61,1293.50,1338.30,24.42,17,0,0,0.09,0.00,0.10,29.82,17,17,0,1.08,1.00,1.10,29.21,17,17,0,0.25,0.20,0.30,29.04,17,17,0
1873936,0.35,0.30,0.40,29.73,17,17,0,0.00,-0.10,0.10,29.02,17,17,0,0.32,0.30,0.40,29.06,17,17,0,1336.76,1313.60,1347.70,24.41,17,0,0,0.10,0.10,0.10,29.82,17,17,0,1.09,1.00,1.10,29.22,17,17,0,0.24,0.20,0.30,29.03,17,17,0
1874440,0.36,0.30,0.40,29.73,17,17,0,0.02,-0.10,0.10,29.02,17,17,0,0.32,0.30,0.40,29.06,17,17,0,1313.45,1306.00,1325.90,24.40,17,0,0,0.11,0.10,0.20,29.82,17,17,0,1.08,1.00,1.10,29.22,17,17,0,0.22,0.20,0.30,29.05,17,17,0
1874940,0.35,0.30,0.40,29.74,17,17,0,0.01,0.00,0.10,29.03,17,17,0,0.34,0.30,0.40,29.05,17,17,0,1334.71,1318.60,1346.70,24.42,17,0,0,0.09,0.00,0.10,29.81,17,17,0,1.08,1.00,1.10,29.21,17,17,0,0.21,0.20,0.30,29.05,17,17,0
1875440,0.37,0.30,0.40,29.74,17,17,0,-0.02,-0.10,0.00,29.02,17,17,0,0.31,0.30,0.40,29.05,17,17,0,1320.66,1303.90,1345.50,24.41,17,0,0,0.09,0.00,0.10,29.81,17,17,0,1.08,1.00,1.10,29.24,17,17,0,0.21,0.20,0.30,29.06,17,17,0
1875948,0.36,0.30,0.40,29.72,17,17,0,0.01,-0.10,0.10,29.02,17,17,0,0.32,0.30,0.40,29.06,17,17,0,1333.84,1317.80,1352.00,24.43,17,0,0,0.09,0.00,0.10,29.83,17,17,0,1.08,1.00,1.10,29.23,17,17,0,0.22,0.20,0.30,29.05,17,17,0
1876453,0.36,0.30,0.40,29.73,17,17,0,-0.01,-0.10,0.10,29.03,17,17,0,0.31,0.30,0.40,29.07,17,17,0,1338.02,1320.20,1352.50,24.42,17,0,0,0.09,0.00,0.10,29.82,17,17,0,1.08,1.00,1.10,29.22,17,17,0,0.24,0.20,0.30,29.05,17,17,0
1876966,0.35,0.30,0.40,29.75,17,17,0,0.00,-0.10,0.10,29.00,17,17,0,0.31,0.30,0.40,29.07,17,17,0,1334.32,1328.60,1347.40,24.42,17,0,0,0.10,0.10,0.10,29.80,17,17,0,1.09,1.00,1.10,29.23,17,17,0,0.24,0.20,0.30,29.04,17,17,0
1877470,0.36,0.30,0.40,29.74,17,17,0,-0.01,-0.10,0.10,29.02,17,17,0,0.31,0.30,0.40,29.05,17,17,0,1356.73,1340.30,1363.30,24.42,17,0,0,0.09,0.00,0.10,29.82,17,17,0,1.07,1.00,1.10,29.23,17,17,0,0.25,0.20,0.30,29.04,17,17,0
1877978,0.36,0.30,0.40,29.73,17,17,0,0.01,-0.10,0.10,29.02,17,17,0,0.31,0.30,0.40,29.05,17,17,0,1353.25,1347.60,1363.40,24.41,17,0,0,0.11,0.10,0.20,29.82,17,17,0,1.05,1.00,1.10,29.23,17,17,0,0.25,0.20,0.30,29.06,17,17,0
1878478,0.36,0.30,0.40,29.72,16,16,0,0.00,-0.10,0.10,29.02,16,16,0,0.32,0.30,0.40,29.05,16,16,0,1373.86,1366.30,1380.10,24.42,16,0,0,0.10,0.10,0.10,29.80,16,16,0,1.08,1.00,1.10,29.24,16,16,0,0.28,0.20,0.30,29.06,16,16,0
1878986,0.36,0.30,0.40,29.73,17,17,0,0.01,-0.10,0.10,29.01,17,17,0,0.31,0.30,0.40,29.04,17,17,0,1376.20,1365.10,1397.00,24.42,17,0,0,0.11,0.10,0.20,29.82,17,17,0,1.06,1.00,1.10,29.23,17,17,0,0.25,0.20,0.30,29.05,17,17,0
1879494,0.38,0.30,0.40,29.73,17,17,0,0.02,-0.10,0.10,29.01,17,17,0,0.32,0.30,0.40,29.06,17,17,0,1382.19,1372.10,1396.30,24.41,17,0,0,0.09,0.00,0.10,29.83,17,17,0,1.08,1.00,1.10,29.24,17,17,0,0.24,0.20,0.30,29.04,17,17,0
1879994,0.35,0.30,0.40,29.73,17,17,0,0.00,-0.10,0.10,29.02,17,17,0,0.32,0.30,0.40,29.06,17,17,0,1391.71,1373.00,1406.20,24.41,17,0,0,0.10,0.10,0.10,29.82,17,17,0,1.08,1.00,1.10,29.23,17,17,0,0.22,0.20,0.30,29.06,17,17,0
1880495,0.38,0.30,0.40,29.72,17,17,0,0.00,-0.10,0.10,29.01,17,17,0,0.31,0.30,0.40,29.06,17,17,0,1382.69,1374.50,1398.90,24.42,17,0,0,0.11,0.10,0.20,29.81,17,17,0,1.08,1.00,1.10,29.23,17,17,0,0.23,0.20,0.30,29.06,17,17,0
1880998,0.36,0.30,0.40,29.72,17,17,0,-0.01,-0.10,0.10,29.01,17,17,0,0.31,0.30,0.40,29.07,17,17,0,1398.03,1383.30,1405.80,24.40,17,0,0,0.10,0.10,0.10,29.80,17,17,0,1.06,1.00,1.10,29.24,17,17,0,0.22,0.20,0.30,29.05,17,17,0
1881509,0.36,0.30,0.40,29.74,17,17,0,0.00,-0.10,0.10,29.01,17,17,0,0.32,0.30,0.40,29.06,17,17,0,1369.34,1362.70,1380.80,24.41,17,0,0,0.10,0.10,0.10,29.81,17,17,0,1.08,1.00,1.10,29.23,17,17,0,0.24,0.20,0.30,29.05,17,17,0
1882013,0.35,0.30,0.40,29.74,17,17,0,0.00,-0.10,0.10,29.02,17,17,0,0.30,0.30,0.30,29.05,17,17,0,1377.31,1357.40,1394.30,24.41,17,0,0,0.10,0.10,0.10,29.82,17,17,0,1.08,1.00,1.10,29.23,17,17,0,0.23,0.20,0.30,29.05,17,17,0
1882516,0.36,0.30,0.40,29.74,17,17,0,0.02,0.00,0.10,29.02,17,17,0,0.31,0.30,0.40,29.05,17,17,0,1359.91,1342.20,1387.80,24.42,17,0,0,0.11,0.10,0.20,29.82,17,17,0,1.08,1.00,1.10,29.23,17,17,0,0.22,0.20,0.30,29.06,17,17,0
1883029,0.36,0.30,0.40,29.74,17,17,0,-0.01,-0.10,0.10,29.02,17,17,0,0.31,0.30,0.40,29.04,17,17,0,1360.11,1344.40,1386.70,24.42,17,0,0,0.09,0.00,0.10,29.82,17,17,0,1.06,1.00,1.10,29.22,17,17,0,0.21,0.20,0.30,29.06,17,17,0
1883534,0.35,0.30,0.40,29.73,17,17,0,-0.02,-0.10,0.10,29.01,17,17,0,0.32,0.30,0.40,29.04,17,17,0,1363.92,1348.00,1374.00,24.44,17,0,0,0.10,0.10,0.10,29.81,17,17,0,1.07,1.00,1.10,29.22,17,17,0,0.24,0.20,0.30,29.05,17,17,0
1884042,0.36,0.30,0.40,29.75,17,17,0,-0.01,-0.10,0.10,29.02,17,17,0,0.33,0.30,0.40,29.06,17,17,0,1341.69,1336.10,1356.70,24.41,17,0,0,0.09,0.00,0.10,29.81,17,17,0,1.09,1.00,1.10,29.23,17,17,0,0.24,0.20,0.30,29.07,17,17,0
1884545,0.36,0.30,0.40,29.73,17,17,0,0.02,0.00,0.10,29.03,17,17,0,0.32,0.30,0.40,29.05,17,17,0,1349.64,1337.40,1356.70,24.42,17,0,0,0.09,0.00,0.10,29.82,17,17,0,1.08,1.00,1.10,29.24,17,17,0,0.24,0.20,0.30,29.04,17,17,0
1885057,0.36,0.30,0.40,29.74,17,17,0,0.00,-0.10,0.10,28.99,17,17,0,0.31,0.30,0.40,29.06,17,17,0,1329.26,1321.40,1343.10,24.43,17,0,0,0.10,0.10,0.10,29.82,17,17,0,1.06,1.00,1.10,29.23,17,17,0,0.26,0.20,0.30,29.05,17,17,0
1885561,0.35,0.30,0.40,29.74,17,17,0,0.01,-0.10,0.10,29.03,17,17,0,0.34,0.30,0.40,29.06,17,17,0,1336.88,1318.10,1353.00,24.42,17,0,0,0.10,0.00,0.20,29.82,17,17,0,1.08,1.00,1.10,29.21,17,17,0,0.25,0.20,0.30,29.04,17,17,0
1886065,0.36,0.30,0.40,29.73,17,17,0,-0.01,-0.10,0.10,29.00,17,17,0,0.30,0.30,0.30,29.05,17,17,0,1328.81,1318.70,1344.50,24.42,17,0,0,0.10,0.10,0.10,29.82,17,17,0,1.08,1.00,1.10,29.22,17,17,0,0.22,0.20,0.30,29.06,17,17,0
1886574,0.36,0.30,0.40,29.73,17,17,0,0.00,-0.10,0.10,29.01,17,17,0,0.31,0.30,0.40,29.05,17,17,0,1318.60,1305.60,1337.60,24.41,17,0,0,0.10,0.10,0.10,29.81,17,17,0,1.08,1.00,1.10,29.23,17,17,0,0.21,0.20,0.30,29.04,17,17,0
1887083,0.36,0.30,0.40,29.74,17,17,0,0.00,-0.10,0.10,29.01,17,17,0,0.32,0.30,0.40,29.07,17,17,0,1332.71,1312.60,1347.20,24.42,17,0,0,0.09,0.00,0.10,29.82,17,17,0,1.06,1.00,1.10,29.24,17,17,0,0.24,0.20,0.30,29.04,17,17,0
1887585,0.35,0.30,0.40,29.73,17,17,0,-0.02,-0.10,0.10,29.02,17,17,0,0.32,0.30,0.40,29.06,17,17,0,1311.86,1302.50,1329.00,24.43,17,0,0,0.09,0.00,0.10,29.81,17,17,0,1.08,1.00,1.10,29.23,17,17,0,0.23,0.20,0.30,29.03,17,17,0
1888090,0.36,0.30,0.40,29.74,17,17,0,0.00,-0.10,0.10,29.03,17,17,0,0.32,0.30,0.40,29.05,17,17,0,1334.84,1319.90,1347.90,24.42,17,0,0,0.09,0.00,0.10,29.82,17,17,0,1.05,1.00,1.10,29.22,17,17,0,0.23,0.20,0.30,29.05,17,17,0
1888600,0.37,0.30,0.40,29.72,17,17,0,-0.01,-0.10,0.10,29.02,17,17,0,0.31,0.30,0.40,29.06,17,17,0,1317.45,1307.30,1334.20,24.43,17,0,0,0.10,0.10,0.10,29.81,17,17,0,1.07,1.00,1.10,29.22,17,17,0,0.24,0.20,0.30,29.06,17,17,0
1889109,0.37,0.30,0.40,29.75,17,17,0,-0.01,-0.10,0.10,29.02,17,17,0,0.31,0.30,0.40,29.05,17,17,0,1332.78,1315.40,1349.70,24.43,17,0,0,0.09,0.00,0.10,29.82,17,17,0,1.09,1.00,1.10,29.24,17,17,0,0.23,0.20,0.30,29.05,17,17,0
1889609,0.35,0.30,0.40,29.75,17,17,0,-0.01,-0.10,0.10,29.02,17,17,0,0.30,0.30,0.30,29.05,17,17,0,1325.01,1307.50,1341.90,24.43,17,0,0,0.09,0.00,0.10,29.83,17,17,0,1.06,1.00,1.10,29.22,17,17,0,0.26,0.20,0.30,29.04,17,17,0
1890109,0.36,0.30,0.40,29.72,16,16,0,-0.02,-0.10,0.00,29.01,16,16,0,0.32,0.30,0.40,29.04,16,16,0,1312.06,1296.80,1336.00,24.40,16,0,0,0.10,0.10,0.10,29.82,16,16,0,1.08,1.00,1.10,29.22,16,16,0,0.21,0.20,0.30,29.04,16,16,0
1890619,0.36,0.30,0.40,29.73,17,17,0,0.01,-0.10,0.10,29.00,17,17,0,0.32,0.30,0.40,29.06,17,17,0,1335.45,1302.30,1351.70,24.45,17,0,0,0.10,0.00,0.20,29.80,17,17,0,1.06,1.00,1.10,29.22,17,17,0,0.22,0.20,0.30,29.06,17,17,0
1891132,0.36,0.30,0.40,29.74,17,17,0,-0.01,-0.10,0.10,29.01,17,17,0,0.32,0.30,0.40,29.06,17,17,0,1311.05,1298.90,1333.90,24.41,17,0,0,0.09,0.00,0.10,29.82,17,17,0,1.09,1.00,1.10,29.24,17,17,0,0.22,0.20,0.30,29.05,17,17,0
1891636,0.38,0.30,0.40,29.73,17,17,0,0.01,-0.10,0.10,29.02,17,17,0,0.30,0.30,0.30,29.06,17,17,0,1335.31,1317.80,1346.70,24.42,17,0,0,0.09,0.00,0.10,29.80,17,17,0,1.08,1.00,1.10,29.23,17,17,0,0.24,0.20,0.30,29.05,17,17,0
1892144,0.36,0.30,0.40,29.74,17,17,0,-0.02,-0.10,0.00,29.03,17,17,0,0.32,0.30,0.40,29.05,17,17,0,1314.08,1300.20,1339.20,24.43,17,0,0,0.09,0.00,0.10,29.83,17,17,0,1.08,1.00,1.10,29.22,17,17,0,0.24,0.20,0.30,29.04,17,17,0
1892648,0.36,0.30,0.40,29.73,17,17,0,0.02,-0.10,0.10,29.01,17,17,0,0.31,0.30,0.40,29.05,17,17,0,1330.37,1312.00,1348.60,24.43,17,0,0,0.10,0.10,0.10,29.82,17,17,0,1.07,1.00,1.10,29.22,17,17,0,0.23,0.20,0.30,29.04,17,17,0
1893161,0.35,0.30,0.40,29.73,17,17,0,0.00,-0.10,0.10,29.01,17,17,0,0.31,0.30,0.40,29.05,17,17,0,1329.96,1306.90,1351.50,24.42,17,0,0,0.09,0.00,0.10,29.82,17,17,0,1.06,1.00,1.10,29.22,17,17,0,0.22,0.20,0.30,29.06,17,17,0
1893666,0.35,0.30,0.40,29.73,17,17,0,-0.01,-0.10,0.10,29.02,17,17,0,0.31,0.30,0.40,29.06,17,17,0,1325.91,1314.60,1346.70,24.42,17,0,0,0.09,0.00,0.10,29.82,17,17,0,1.07,1.00,1.10,29.24,17,17,0,0.22,0.20,0.30,29.06,17,17,0
1894171,0.36,0.30,0.40,29.74,17,17,0,-0.02,-0.10,0.10,29.01,17,17,0,0.32,0.30,0.40,29.05,17,17,0,1347.74,1326.50,1359.90,24.42,17,0,0,0.09,0.00,0.10,29.81,17,17,0,1.06,1.00,1.10,29.22,17,17,0,0.22,0.20,0.30,29.04,17,17,0
1894680,0.36,0.30,0.40,29.74,17,17,0,0.01,-0.10,0.10,29.02,17,17,0,0.31,0.30,0.40,29.05,17,17,0,1328.86,1321.80,1337.00,24.41,17,0,0,0.09,0.00,0.10,29.82,17,17,0,1.05,1.00,1.10,29.23,17,17,0,0.22,0.20,0.30,29.05,17,17,0
1895180,0.36,0.30,0.40,29.74,16,16,0,0.01,-0.10,0.10,29.02,16,16,0,0.33,0.30,0.40,29.06,16,16,0,1354.16,1347.50,1359.00,24.40,16,0,0,0.08,0.00,0.10,29.82,16,16,0,1.09,1.00,1.10,29.24,16,16,0,0.24,0.20,0.30,29.05,16,16,0
1895687,0.35,0.30,0.40,29.73,17,17,0,0.00,-0.10,0.10,29.00,17,17,0,0.31,0.30,0.40,29.06,17,17,0,1356.28,1343.60,1376.00,24.41,17,0,0,0.10,0.00,0.20,29.81,17,17,0,1.08,1.00,1.10,29.23,17,17,0,0.22,0.20,0.30,29.05,17,17,0
1896191,0.38,0.30,0.40,29.72,17,17,0,0.01,-0.10,0.10,29.02,17,17,0,0.32,0.30,0.40,29.04,17,17,0,1367.23,1356.00,1378.10,24.42,17,0,0,0.11,0.10,0.20,29.79,17,17,0,1.08,1.00,1.10,29.23,17,17,0,0.24,0.20,0.30,29.05,17,17,0
1896699,0.36,0.30,0.40,29.73,17,17,0,0.02,0.00,0.10,29.02,17,17,0,0.30,0.30,0.30,29.07,17,17,0,1375.03,1358.90,1393.00,24.41,17,0,0,0.10,0.10,0.10,29.81,17,17,0,1.08,1.00,1.10,29.23,17,17,0,0.21,0.20,0.30,29.05,17,17,0
1897202,0.34,0.30,0.40,29.75,17,17,0,0.02,0.00,0.10,29.02,17,17,0,0.31,0.30,0.40,29.05,17,17,0,1378.16,1370.10,1390.80,24.40,17,0,0,0.10,0.10,0.10,29.83,17,17,0,1.08,1.00,1.10,29.22,17,17,0,0.23,0.20,0.30,29.06,17,17,0
1897706,0.36,0.30,0.40,29.74,17,17,0,0.01,-0.10,0.10,29.00,17,17,0,0.31,0.30,0.40,29.06,17,17,0,1400.20,1382.00,1408.70,24.41,17,0,0,0.09,0.00,0.10,29.81,17,17,0,1.05,1.00,1.10,29.24,17,17,0,0.23,0.20,0.30,29.05,17,17,0
1898214,0.38,0.30,0.40,29.75,17,17,0,0.01,0.00,0.10,29.01,17,17,0,0.31,0.30,0.40,29.06,17,17,0,1386.92,1382.00,1393.80,24.41,17,0,0,0.11,0.10,0.20,29.81,17,17,0,1.07,1.00,1.10,29.22,17,17,0,0.23,0.20,0.30,29.06,17,17,0
1898714,0.37,0.30,0.40,29.73,17,17,0,-0.02,-0.10,0.10,29.02,17,17,0,0.31,0.30,0.40,29.05,17,17,0,1395.56,1378.80,1406.30,24.41,17,0,0,0.09,0.00,0.10,29.82,17,17,0,1.05,1.00,1.10,29.23,17,17,0,0.22,0.20,0.30,29.05,17,17,0
1899214,0.36,0.30,0.40,29.73,17,17,0,-0.01,-0.10,0.10,29.02,17,17,0,0.31,0.30,0.40,29.08,17,17,0,1372.90,1363.10,1389.70,24.43,17,0,0,0.10,0.00,0.20,29.82,17,17,0,1.08,1.00,1.10,29.23,17,17,0,0.21,0.20,0.30,29.05,17,17,0
1899726,0.37,0.30,0.40,29.72,17,17,0,0.01,0.00,0.10,29.01,17,17,0,0.32,0.30,0.40,29.06,17,17,0,1374.98,1359.50,1393.90,24.41,17,0,0,0.10,0.10,0.10,29.82,17,17,0,1.09,1.00,1.10,29.22,17,17,0,0.23,0.20,0.30,29.06,17,17,0
1900234,0.35,0.30,0.40,29.74,17,17,0,-0.01,-0.10,0.10,29.01,17,17,0,0.31,0.30,0.40,29.06,17,17,0,1372.14,1359.50,1383.90,24.41,17,0,0,0.10,0.10,0.10,29.80,17,17,0,1.08,1.00,1.10,29.22,17,17,0,0.24,0.20,0.30,29.03,17,17,0
1900745,0.35,0.30,0.40,29.74,17,17,0,0.01,-0.10,0.10,29.02,17,17,0,0.31,0.30,0.40,29.05,17,17,0,1345.91,1334.50,1373.20,24.41,17,0,0,0.10,0.10,0.10,29.81,17,17,0,1.09,1.00,1.10,29.22,17,17,0,0.23,0.20,0.30,29.04,17,17,0
1901245,0.36,0.30,0.40,29.73,16,16,0,0.01,-0.10,0.10,29.03,16,16,0,0.33,0.30,0.40,29.06,16,16,0,1363.45,1346.10,1371.50,24.42,16,0,0,0.10,0.10,0.10,29.81,16,16,0,1.07,1.00,1.10,29.22,16,16,0,0.23,0.20,0.30,29.06,16,16,0
1901749,0.35,0.30,0.40,29.75,17,17,0,-0.02,-0.10,0.10,29.01,17,17,0,0.31,0.30,0.40,29.05,17,17,0,1336.28,1327.60,1345.70,24.43,17,0,0,0.09,0.00,0.10,29.81,17,17,0,1.06,1.00,1.10,29.22,17,17,0,0.23,0.20,0.30,29.05,17,17,0
1902254,0.33,0.30,0.40,29.75,17,17,0,0.02,0.00,0.10,29.01,17,17,0,0.32,0.30,0.40,29.06,17,17,0,1353.36,1334.70,1363.60,24.44,17,0,0,0.09,0.00,0.20,29.81,17,17,0,1.06,1.00,1.10,29.24,17,17,0,0.22,0.20,0.30,29.06,17,17,0
1902754,0.34,0.30,0.40,29.73,17,17,0,0.01,-0.10,0.10,29.02,17,17,0,0.31,0.30,0.40,29.07,17,17,0,1337.76,1328.00,1352.80,24.43,17,0,0,0.10,0.00,0.20,29.81,17,17,0,1.08,1.00,1.10,29.22,17,17,0,0.22,0.20,0.30,29.05,17,17,0
1903254,0.35,0.30,0.40,29.73,16,16,0,-0.04,-0.10,0.10,29.02,16,16,0,0.33,0.30,0.40,29.06,16,16,0,1328.64,1311.60,1351.30,24.42,16,0,0,0.10,0.00,0.20,29.81,16,16,0,1.08,1.00,1.10,29.23,16,16,0,0.24,0.20,0.30,29.05,16,16,0
1903754,0.36,0.30,0.40,29.74,17,17,0,-0.02,-0.10,0.00,29.01,17,17,0,0.31,0.30,0.40,29.06,17,17,0,1335.04,1314.30,1351.20,24.42,17,0,0,0.10,0.10,0.10,29.82,17,17,0,1.08,1.00,1.10,29.22,17,17,0,0.21,0.20,0.30,29.04,17,17,0
1904266,0.35,0.30,0.40,29.74,17,17,0,0.01,-0.10,0.10,29.02,17,17,0,0.32,0.30,0.40,29.07,17,17,0,1315.49,1302.00,1342.50,24.43,17,0,0,0.09,-0.10,0.10,29.81,17,17,0,1.07,1.00,1.10,29.23,17,17,0,0.24,0.20,0.30,29.05,17,17,0
1904771,0.38,0.30,0.40,29.74,17,17,0,-0.01,-0.10,0.10,29.02,17,17,0,0.32,0.30,0.40,29.06,17,17,0,1335.36,1314.20,1347.60,24.43,17,0,0,0.09,0.00,0.10,29.82,17,17,0,1.06,1.00,1.10,29.23,17,17,0,0.25,0.20,0.30,29.04,17,17,0
1905284,0.38,0.30,0.40,29.73,17,17,0,-0.02,-0.10,0.10,29.00,17,17,0,0.32,0.30,0.40,29.07,17,17,0,1306.05,1296.40,1319.70,24.43,17,0,0,0.09,0.00,0.10,29.82,17,17,0,1.06,1.00,1.10,29.23,17,17,0,0.22,0.20,0.30,29.04,17,17,0
1905784,0.38,0.30,0.40,29.74,17,17,0,-0.01,-0.10,0.10,29.03,17,17,0,0.33,0.30,0.40,29.06,17,17,0,1331.74,1313.20,1345.60,24.42,17,0,0,0.11,0.00,0.20,29.83,17,17,0,1.06,1.00,1.10,29.22,17,17,0,0.22,0.20,0.30,29.05,17,17,0
1906285,0.37,0.30,0.40,29.75,17,17,0,0.01,-0.10,0.10,29.00,17,17,0,0.31,0.30,0.40,29.07,17,17,0,1313.58,1301.90,1336.00,24.43,17,0,0,0.09,0.00,0.10,29.82,17,17,0,1.08,1.00,1.10,29.23,17,17,0,0.22,0.20,0.30,29.05,17,17,0
1906789,0.37,0.30,0.40,29.73,17,17,0,0.01,-0.10,0.10,29.01,17,17,0,0.32,0.30,0.40,29.07,17,17,0,1325.27,1307.30,1342.50,24.43,17,0,0,0.09,0.00,0.10,29.82,17,17,0,1.05,1.00,1.10,29.22,17,17,0,0.24,0.20,0.30,29.05,17,17,0
1907302,0.38,0.30,0.40,29.72,17,17,0,0.01,0.00,0.10,29.02,17,17,0,0.32,0.30,0.40,29.08,17,17,0,1326.37,1300.80,1348.60,24.44,17,0,0,0.09,0.00,0.10,29.83,17,17,0,1.09,1.00,1.10,29.21,17,17,0,0.24,0.20,0.30,29.03,17,17,0
1907805,0.38,0.30,0.40,29.76,17,17,0,-0.01,-0.10,0.10,29.01,17,17,0,0.31,0.30,0.40,29.07,17,17,0,1313.62,1301.50,1336.80,24.43,17,0,0,0.10,0.10,0.10,29.82,17,17,0,1.08,1.00,1.10,29.22,17,17,0,0.24,0.20,0.30,29.06,17,17,0
1908310,0.34,0.30,0.40,29.74,17,17,0,-0.01,-0.10,0.10,29.00,17,17,0,0.32,0.30,0.40,29.08,17,17,0,1337.66,1312.50,1351.50,24.42,17,0,0,0.09,0.00,0.10,29.83,17,17,0,1.07,1.00,1.10,29.21,17,17,0,0.22,0.20,0.30,29.05,17,17,0
1908810,0.38,0.30,0.40,29.74,16,16,0,0.01,-0.10,0.10,29.03,16,16,0,0.33,0.30,0.40,29.09,16,16,0,1309.94,1300.80,1324.50,24.44,16,0,0,0.10,0.10,0.10,29.83,16,16,0,1.06,1.00,1.10,29.20,16,16,0,0.24,0.20,0.30,29.07,16,16,0
1909310,0.36,0.30,0.40,29.76,16,16,0,-0.01,-0.10,0.10,29.00,16,16,0,0.31,0.30,0.40,29.05,16,16,0,1336.53,1319.00,1345.30,24.43,16,0,0,0.11,0.10,0.20,29.82,16,16,0,1.08,1.00,1.10,29.22,16,16,0,0.24,0.20,0.30,29.06,16,16,0
1909819,0.38,0.30,0.40,29.74,17,17,0,-0.01,-0.10,0.10,29.02,17,17,0,0.34,0.30,0.40,29.08,17,17,0,1318.78,1307.90,1338.30,24.44,17,0,0,0.10,0.10,0.10,29.81,17,17,0,1.06,1.00,1.10,29.22,17,17,0,0.25,0.20,0.30,29.05,17,17,0
1910323,0.36,0.30,0.40,29.76,17,17,0,-0.02,-0.10,0.00,29.01,17,17,0,0.32,0.30,0.40,29.08,17,17,0,1332.83,1315.90,1349.20,24.43,17,0,0,0.11,0.10,0.20,29.82,17,17,0,1.09,1.00,1.10,29.23,17,17,0,0.24,0.20,0.30,29.04,17,17,0
1910831,0.37,0.30,0.40,29.76,17,17,0,0.03,0.00,0.10,29.00,17,17,0,0.32,0.30,0.40,29.08,17,17,0,1333.36,1316.50,1348.60,24.43,17,0,0,0.10,0.00,0.20,29.82,17,17,0,1.06,1.00,1.10,29.22,17,17,0,0.23,0.20,0.30,29.04,17,17,0
1911340,0.35,0.30,0.40,29.75,17,17,0,0.00,-0.10,0.10,29.04,17,17,0,0.32,0.30,0.40,29.07,17,17,0,1322.06,1317.10,1335.50,24.44,17,0,0,0.09,0.00,0.10,29.82,17,17,0,1.08,1.00,1.10,29.23,17,17,0,0.26,0.20,0.30,29.05,17,17,0
1911847,0.34,0.30,0.40,29.75,17,17,0,-0.02,-0.10,0.10,29.03,17,17,0,0.31,0.30,0.40,29.08,17,17,0,1342.85,1320.60,1351.80,24.44,17,0,0,0.09,0.00,0.10,29.82,17,17,0,1.07,1.00,1.10,29.23,17,17,0,0.24,0.20,0.30,29.07,17,17,0
1912347,0.36,0.30,0.40,29.74,16,16,0,0.01,-0.10,0.10,29.02,16,16,0,0.31,0.30,0.40,29.06,16,16,0,1332.84,1329.20,1340.40,24.44,16,0,0,0.09,0.00,0.10,29.83,16,16,0,1.09,1.00,1.10,29.21,16,16,0,0.24,0.20,0.30,29.06,16,16,0
1912857,0.35,0.30,0.40,29.75,17,17,0,0.01,-0.10,0.10,29.00,17,17,0,0.32,0.30,0.40,29.07,17,17,0,1350.55,1339.70,1356.90,24.42,17,0,0,0.09,0.00,0.10,29.83,17,17,0,1.08,1.00,1.10,29.22,17,17,0,0.23,0.20,0.30,29.03,17,17,0
1913364,0.34,0.30,0.40,29.76,17,17,0,-0.01,-0.10,0.10,29.01,17,17,0,0.31,0.30,0.40,29.10,17,17,0,1351.18,1338.50,1363.10,24.43,17,0,0,0.09,0.00,0.10,29.83,17,17,0,1.06,1.00,1.10,29.22,17,17,0,0.22,0.20,0.30,29.05,17,17,0
1913875,0.39,0.30,0.40,29.74,17,17,0,0.02,-0.10,0.10,29.02,17,17,0,0.32,0.30,0.40,29.07,17,17,0,1358.76,1347.10,1370.40,24.45,17,0,0,0.10,0.10,0.10,29.82,17,17,0,1.05,1.00,1.10,29.21,17,17,0,0.22,0.10,0.30,29.05,17,17,0
1914375,0.38,0.30,0.40,29.76,17,17,0,-0.01,-0.10,0.00,29.02,17,17,0,0.32,0.30,0.40,29.07,17,17,0,1380.12,1356.60,1396.50,24.44,17,0,0,0.09,0.00,0.10,29.82,17,17,0,1.08,1.00,1.10,29.23,17,17,0,0.24,0.20,0.30,29.05,17,17,0
1914875,0.37,0.30,0.40,29.75,16,16,0,0.02,-0.10,0.10,29.02,16,16,0,0.31,0.30,0.40,29.08,16,16,0,1378.18,1373.40,1389.20,24.43,16,0,0,0.09,0.00,0.10,29.82,16,16,0,1.05,1.00,1.10,29.22,16,16,0,0.22,0.20,0.30,29.06,16,16,0
1915375,0.36,0.30,0.40,29.75,16,16,0,0.00,-0.10,0.10,29.02,16,16,0,0.31,0.30,0.40,29.07,16,16,0,1393.22,1383.50,1398.30,24.43,16,0,0,0.09,0.00,0.10,29.83,16,16,0,1.06,1.00,1.10,29.22,16,16,0,0.21,0.20,0.30,29.06,16,16,0
1915878,0.38,0.30,0.40,29.76,17,17,0,-0.01,-0.10,0.10,29.03,17,17,0,0.32,0.30,0.40,29.08,17,17,0,1378.10,1373.40,1383.40,24.42,17,0,0,0.10,0.00,0.20,29.81,17,17,0,1.08,1.00,1.10,29.21,17,17,0,0.21,0.20,0.30,29.05,17,17,0
1916382,0.36,0.30,0.40,29.74,17,17,0,-0.02,-0.10,0.10,29.02,17,17,0,0.31,0.30,0.40,29.07,17,17,0,1385.03,1366.30,1398.40,24.42,17,0,0,0.09,0.00,0.10,29.84,17,17,0,1.08,1.00,1.10,29.23,17,17,0,0.21,0.20,0.30,29.06,17,17,0
1916884,0.35,0.30,0.40,29.75,17,17,0,-0.02,-0.10,0.10,29.01,17,17,0,0.32,0.30,0.40,29.06,17,17,0,1373.81,1359.80,1398.90,24.43,17,0,0,0.10,0.10,0.10,29.83,17,17,0,1.07,1.00,1.10,29.23,17,17,0,0.22,0.20,0.30,29.06,17,17,0
1917384,0.35,0.30,0.40,29.72,17,17,0,0.01,-0.10,0.10,29.02,17,17,0,0.31,0.30,0.40,29.07,17,17,0,1371.48,1352.90,1395.70,24.42,17,0,0,0.09,0.00,0.10,29.83,17,17,0,1.07,1.00,1.10,29.24,17,17,0,0.21,0.20,0.30,29.06,17,17,0
1917884,0.36,0.30,0.40,29.73,17,17,0,-0.01,-0.10,0.10,29.02,17,17,0,0.31,0.30,0.40,29.08,17,17,0,1369.41,1354.30,1381.50,24.42,17,0,0,0.09,0.00,0.20,29.83,17,17,0,1.08,1.00,1.10,29.24,17,17,0,0.22,0.20,0.30,29.05,17,17,0
1918384,0.35,0.30,0.40,29.74,16,16,0,-0.01,-0.10,0.10,29.01,16,16,0,0.33,0.30,0.40,29.08,16,16,0,1345.40,1339.00,1362.30,24.43,16,0,0,0.09,0.00,0.10,29.81,16,16,0,1.08,1.00,1.10,29.23,16,16,0,0.22,0.20,0.30,29.05,16,16,0
1918886,0.35,0.30,0.40,29.74,17,17,0,0.00,-0.10,0.10,29.02,17,17,0,0.31,0.30,0.40,29.08,17,17,0,1361.41,1345.20,1374.20,24.44,17,0,0,0.09,0.00,0.10,29.82,17,17,0,1.08,1.00,1.10,29.22,17,17,0,0.22,0.20,0.30,29.04,17,17,0
1919390,0.38,0.30,0.40,29.74,17,17,0,-0.01,-0.10,0.10,29.04,17,17,0,0.34,0.30,0.40,29.06,17,17,0,1334.69,1325.70,1345.30,24.44,17,0,0,0.10,0.10,0.10,29.82,17,17,0,1.06,1.00,1.10,29.23,17,17,0,0.24,0.20,0.30,29.04,17,17,0
1919895,0.36,0.30,0.40,29.77,17,17,0,0.02,-0.10,0.10,29.02,17,17,0,0.31,0.30,0.40,29.07,17,17,0,1351.65,1333.40,1363.20,24.44,17,0,0,0.11,0.10,0.20,29.84,17,17,0,1.06,1.00,1.10,29.23,17,17,0,0.22,0.20,0.30,29.04,17,17,0
1920403,0.35,0.30,0.40,29.75,17,17,0,0.02,-0.10,0.10,29.01,17,17,0,0.31,0.30,0.40,29.07,17,17,0,1337.24,1329.70,1348.80,24.45,17,0,0,0.09,0.00,0.10,29.82,17,17,0,1.09,1.00,1.10,29.22,17,17,0,0.22,0.20,0.30,29.05,17,17,0
1920903,0.38,0.30,0.40,29.74,17,17,0,-0.02,-0.10,0.10,29.01,17,17,0,0.31,0.30,0.40,29.08,17,17,0,1327.97,1311.70,1349.40,24.44,17,0,0,0.09,0.00,0.10,29.81,17,17,0,1.09,1.00,1.10,29.22,17,17,0,0.24,0.20,0.30,29.04,17,17,0
1921403,0.36,0.30,0.40,29.74,17,17,0,0.00,-0.10,0.10,29.02,17,17,0,0.31,0.30,0.40,29.08,17,17,0,1330.41,1310.60,1342.30,24.45,17,0,0,0.09,0.00,0.10,29.84,17,17,0,1.07,1.00,1.10,29.22,17,17,0,0.23,0.20,0.30,29.05,17,17,0
1921903,0.37,0.30,0.40,29.76,16,16,0,-0.01,-0.10,0.10,29.01,16,16,0,0.30,0.30,0.30,29.07,16,16,0,1314.20,1304.20,1332.90,24.44,16,0,0,0.09,0.00,0.10,29.81,16,16,0,1.08,1.00,1.10,29.22,16,16,0,0.22,0.20,0.30,29.06,16,16,0
1922411,0.35,0.30,0.40,29.74,17,17,0,-0.01,-0.10,0.00,29.01,17,17,0,0.31,0.30,0.40,29.06,17,17,0,1337.01,1314.50,1350.70,24.45,17,0,0,0.10,0.10,0.10,29.84,17,17,0,1.09,1.00,1.10,29.23,17,17,0,0.24,0.20,0.30,29.06,17,17,0
1922911,0.35,0.30,0.40,29.75,17,17,0,-0.03,-0.10,0.00,29.01,17,17,0,0.34,0.30,0.40,29.08,17,17,0,1309.09,1302.30,1324.60,24.44,17,0,0,0.10,0.10,0.10,29.81,17,17,0,1.08,1.00,1.10,29.22,17,17,0,0.23,0.20,0.30,29.05,17,17,0
1923411,0.36,0.30,0.40,29.76,17,17,0,-0.01,-0.10,0.10,29.01,17,17,0,0.31,0.30,0.40,29.07,17,17,0,1328.89,1308.20,1341.10,24.43,17,0,0,0.09,0.00,0.10,29.84,17,17,0,1.06,1.00,1.10,29.23,17,17,0,0.24,0.20,0.30,29.07,17,17,0
1923913,0.38,0.30,0.40,29.75,17,17,0,-0.02,-0.10,0.10,29.00,17,17,0,0.31,0.30,0.40,29.07,17,17,0,1314.26,1300.40,1338.70,24.42,17,0,0,0.10,0.10,0.10,29.81,17,17,0,1.06,1.00,1.10,29.21,17,17,0,0.24,0.20,0.30,29.05,17,17,0
1924413,0.35,0.30,0.40,29.75,17,17,0,0.01,-0.10,0.10,29.01,17,17,0,0.30,0.30,0.30,29.07,17,17,0,1326.43,1308.20,1341.40,24.45,17,0,0,0.10,0.10,0.10,29.85,17,17,0,1.06,1.00,1.10,29.23,17,17,0,0.22,0.20,0.30,29.07,17,17,0
1924921,0.36,0.30,0.40,29.77,17,17,0,-0.02,-0.10,0.10,29.01,17,17,0,0.30,0.30,0.30,29.07,17,17,0,1327.35,1304.90,1344.30,24.42,17,0,0,0.09,0.00,0.10,29.84,17,17,0,1.08,1.00,1.10,29.24,17,17,0,0.21,0.20,0.30,29.05,17,17,0
1925430,0.35,0.30,0.40,29.75,17,17,0,-0.01,-0.10,0.10,29.02,17,17,0,0.31,0.30,0.40,29.07,17,17,0,1312.83,1298.40,1338.00,24.43,17,0,0,0.10,0.10,0.10,29.82,17,17,0,1.08,1.00,1.10,29.23,17,17,0,0.22,0.20,0.30,29.06,17,17,0
1925932,0.36,0.30,0.40,29.75,17,17,0,0.01,-0.10,0.10,29.01,17,17,0,0.32,0.30,0.40,29.07,17,17,0,1336.48,1309.60,1344.60,24.44,17,0,0,0.10,0.10,0.10,29.81,17,17,0,1.08,1.00,1.10,29.22,17,17,0,0.22,0.20,0.30,29.05,17,17,0
1926437,0.35,0.30,0.40,29.75,17,17,0,0.01,-0.10,0.10,29.01,17,17,0,0.30,0.30,0.30,29.07,17,17,0,1307.84,1296.00,1327.10,24.45,17,0,0,0.10,0.00,0.20,29.81,17,17,0,1.06,1.00,1.10,29.21,17,17,0,0.26,0.20,0.30,29.06,17,17,0
1926947,0.36,0.30,0.40,29.75,17,17,0,-0.03,-0.10,0.00,29.03,17,17,0,0.31,0.30,0.40,29.07,17,17,0,1333.04,1316.40,1344.80,24.43,17,0,0,0.09,0.00,0.10,29.83,17,17,0,1.08,1.00,1.10,29.22,17,17,0,0.24,0.20,0.30,29.05,17,17,0
1927447,0.37,0.30,0.40,29.74,15,15,0,0.00,-0.10,0.10,29.00,15,15,0,0.31,0.30,0.40,29.06,15,15,0,1316.81,1301.50,1339.20,24.43,15,0,0,0.10,0.10,0.10,29.84,15,15,0,1.09,1.00,1.10,29.21,15,15,0,0.23,0.20,0.30,29.05,15,15,0
1927954,0.36,0.30,0.40,29.76,17,17,0,0.00,-0.10,0.10,29.03,17,17,0,0.32,0.30,0.40,29.06,17,17,0,1326.44,1309.30,1346.60,24.45,17,0,0,0.09,0.00,0.10,29.82,17,17,0,1.07,1.00,1.10,29.21,17,17,0,0.22,0.20,0.30,29.05,17,17,0
1928455,0.37,0.30,0.40,29.75,17,17,0,-0.01,-0.10,0.00,29.01,17,17,0,0.31,0.30,0.40,29.09,17,17,0,1329.85,1307.60,1351.00,24.43,17,0,0,0.09,0.00,0.10,29.84,17,17,0,1.08,1.00,1.10,29.23,17,17,0,0.21,0.20,0.30,29.06,17,17,0
1928960,0.35,0.30,0.40,29.75,17,17,0,-0.01,-0.10,0.10,29.02,17,17,0,0.33,0.30,0.40,29.08,17,17,0,1322.94,1314.00,1340.20,24.43,17,0,0,0.10,0.10,0.10,29.82,17,17,0,1.07,1.00,1.10,29.23,17,17,0,0.23,0.20,0.30,29.06,17,17,0
1929468,0.35,0.30,0.40,29.75,17,17,0,-0.01,-0.10,0.10,29.01,17,17,0,0.31,0.30,0.40,29.09,17,17,0,1347.68,1325.30,1355.90,24.43,17,0,0,0.09,0.00,0.10,29.82,17,17,0,1.05,1.00,1.10,29.22,17,17,0,0.23,0.20,0.30,29.07,17,17,0
1929971,0.36,0.30,0.40,29.76,17,17,0,0.00,-0.10,0.10,29.02,17,17,0,0.32,0.30,0.40,29.07,17,17,0,1339.63,1334.90,1343.70,24.43,17,0,0,0.09,0.00,0.10,29.82,17,17,0,1.07,1.00,1.10,29.23,17,17,0,0.24,0.20,0.30,29.06,17,17,0
1930478,0.38,0.30,0.40,29.75,17,17,0,0.01,-0.10,0.10,29.01,17,17,0,0.32,0.30,0.40,29.05,17,17,0,1352.92,1343.00,1359.90,24.45,17,0,0,0.10,0.10,0.10,29.83,17,17,0,1.08,1.00,1.10,29.23,17,17,0,0.24,0.20,0.30,29.06,17,17,0
1930978,0.36,0.30,0.40,29.75,17,17,0,0.00,-0.10,0.10,29.00,17,17,0,0.32,0.30,0.40,29.07,17,17,0,1353.31,1342.10,1369.20,24.45,17,0,0,0.09,0.00,0.10,29.82,17,17,0,1.06,1.00,1.10,29.22,17,17,0,0.21,0.20,0.30,29.05,17,17,0
1931478,0.36,0.30,0.40,29.74,17,17,0,0.01,-0.10,0.10,29.02,17,17,0,0.31,0.30,0.40,29.06,17,17,0,1367.66,1361.00,1375.10,24.45,17,0,0,0.09,0.00,0.10,29.83,17,17,0,1.07,1.00,1.10,29.23,17,17,0,0.22,0.20,0.30,29.07,17,17,0
1931979,0.36,0.30,0.40,29.74,17,17,0,0.01,-0.10,0.10,29.01,17,17,0,0.31,0.30,0.40,29.06,17,17,0,1377.08,1366.60,1389.20,24.43,17,0,0,0.09,0.00,0.10,29.80,17,17,0,1.09,1.00,1.10,29.23,17,17,0,0.23,0.20,0.30,29.05,17,17,0
1932479,0.36,0.30,0.40,29.76,17,17,0,-0.02,-0.10,0.10,29.02,17,17,0,0.30,0.30,0.30,29.08,17,17,0,1373.39,1362.10,1386.40,24.43,17,0,0,0.09,0.00,0.10,29.82,17,17,0,1.07,1.00,1.10,29.22,17,17,0,0.24,0.20,0.30,29.06,17,17,0
1932987,0.36,0.30,0.40,29.75,17,17,0,-0.01,-0.10,0.10,29.02,17,17,0,0.31,0.30,0.40,29.08,17,17,0,1391.64,1376.20,1402.70,24.44,17,0,0,0.09,0.00,0.10,29.82,17,17,0,1.09,1.00,1.10,29.23,17,17,0,0.21,0.20,0.30,29.05,17,17,0
1933487,0.35,0.30,0.40,29.75,17,17,0,0.00,-0.10,0.10,29.03,17,17,0,0.31,0.30,0.40,29.06,17,17,0,1378.81,1373.60,1387.70,24.43,17,0,0,0.09,0.00,0.10,29.82,17,17,0,1.08,1.00,1.10,29.21,17,17,0,0.22,0.20,0.30,29.06,17,17,0
1933987,0.36,0.30,0.40,29.76,17,17,0,-0.01,-0.10,0.10,29.02,17,17,0,0.33,0.30,0.40,29.07,17,17,0,1395.89,1375.80,1406.50,24.45,17,0,0,0.10,0.10,0.10,29.81,17,17,0,1.06,1.00,1.10,29.22,17,17,0,0.23,0.20,0.30,29.05,17,17,0
1934487,0.37,0.30,0.40,29.75,16,16,0,-0.01,-0.10,0.10,29.03,16,16,0,0.31,0.30,0.40,29.09,16,16,0,1378.96,1370.00,1394.10,24.43,16,0,0,0.11,0.10,0.20,29.82,16,16,0,1.09,1.00,1.10,29.22,16,16,0,0.24,0.20,0.30,29.06,16,16,0
1934988,0.35,0.30,0.40,29.76,17,17,0,-0.01,-0.10,0.00,29.02,17,17,0,0.31,0.30,0.40,29.06,17,17,0,1373.02,1353.60,1396.80,24.44,17,0,0,0.10,0.10,0.10,29.82,17,17,0,1.08,1.00,1.10,29.24,17,17,0,0.25,0.20,0.30,29.07,17,17,0
1935496,0.35,0.30,0.40,29.76,17,17,0,-0.03,-0.10,0.10,29.01,17,17,0,0.31,0.30,0.40,29.06,17,17,0,1372.99,1353.50,1389.50,24.44,17,0,0,0.09,0.00,0.10,29.83,17,17,0,1.06,1.00,1.10,29.22,17,17,0,0.23,0.20,0.30,29.07,17,17,0
1935998,0.36,0.30,0.40,29.75,17,17,0,-0.02,-0.10,0.00,29.01,17,17,0,0.32,0.30,0.40,29.08,17,17,0,1348.47,1331.80,1379.20,24.45,17,0,0,0.09,0.00,0.10,29.81,17,17,0,1.08,1.00,1.10,29.22,17,17,0,0.24,0.20,0.30,29.06,17,17,0
1936505,0.36,0.30,0.40,29.75,17,17,0,0.00,-0.10,0.10,29.03,17,17,0,0.32,0.30,0.40,29.06,17,17,0,1363.01,1342.60,1374.60,24.44,17,0,0,0.10,0.10,0.10,29.82,17,17,0,1.08,1.00,1.10,29.23,17,17,0,0.22,0.20,0.30,29.04,17,17,0
1937010,0.37,0.30,0.40,29.76,17,17,0,0.00,-0.10,0.10,29.03,17,17,0,0.31,0.30,0.40,29.05,17,17,0,1330.20,1321.60,1347.30,24.45,17,0,0,0.09,0.00,0.10,29.81,17,17,0,1.06,1.00,1.10,29.23,17,17,0,0.22,0.20,0.30,29.06,17,17,0
1937517,0.36,0.30,0.40,29.74,17,17,0,-0.01,-0.10,0.00,29.03,17,17,0,0.31,0.30,0.40,29.08,17,17,0,1353.17,1336.50,1364.80,24.44,17,0,0,0.11,0.10,0.20,29.83,17,17,0,1.08,1.00,1.10,29.23,17,17,0,0.24,0.20,0.30,29.06,17,17,0
1938022,0.38,0.30,0.40,29.74,17,17,0,0.00,-0.10,0.10,29.01,17,17,0,0.32,0.30,0.40,29.09,17,17,0,1330.88,1322.80,1345.90,24.45,17,0,0,0.09,0.00,0.10,29.83,17,17,0,1.06,1.00,1.10,29.22,17,17,0,0.22,0.20,0.30,29.04,17,17,0
1938527,0.36,0.30,0.40,29.76,17,17,0,-0.01,-0.10,0.00,29.02,17,17,0,0.32,0.30,0.40,29.08,17,17,0,1325.22,1309.00,1345.50,24.45,17,0,0,0.10,0.10,0.10,29.83,17,17,0,1.05,1.00,1.10,29.23,17,17,0,0.24,0.20,0.30,29.07,17,17,0
1939036,0.37,0.30,0.40,29.74,17,17,0,0.01,0.00,0.10,29.01,17,17,0,0.32,0.30,0.40,29.07,17,17,0,1328.30,1308.00,1348.20,24.46,17,0,0,0.10,0.10,0.10,29.83,17,17,0,1.05,1.00,1.10,29.23,17,17,0,0.23,0.20,0.30,29.07,17,17,0
1939536,0.36,0.30,0.40,29.77,16,16,0,0.01,0.00,0.10,29.02,16,16,0,0.31,0.30,0.40,29.07,16,16,0,1322.67,1311.30,1342.10,24.44,16,0,0,0.10,0.10,0.10,29.82,16,16,0,1.08,1.00,1.10,29.24,16,16,0,0.22,0.20,0.30,29.06,16,16,0
1940043,0.34,0.30,0.40,29.74,17,17,0,0.00,-0.10,0.10,29.02,17,17,0,0.31,0.30,0.40,29.09,17,17,0,1335.05,1317.40,1345.50,24.46,17,0,0,0.10,0.00,0.20,29.83,17,17,0,1.09,1.00,1.10,29.23,17,17,0,0.26,0.20,0.30,29.06,17,17,0
1940554,0.35,0.30,0.40,29.76,17,17,0,0.01,-0.10,0.10,29.02,17,17,0,0.31,0.30,0.40,29.09,17,17,0,1310.71,1302.90,1324.60,24.45,17,0,0,0.11,0.10,0.20,29.83,17,17,0,1.07,1.00,1.10,29.22,17,17,0,0.25,0.20,0.30,29.05,17,17,0
1941062,0.38,0.30,0.40,29.74,17,17,0,0.01,-0.10,0.10,29.03,17,17,0,0.31,0.30,0.40,29.06,17,17,0,1333.27,1318.10,1345.10,24.46,17,0,0,0.09,0.00,0.10,29.84,17,17,0,1.06,1.00,1.10,29.23,17,17,0,0.26,0.20,0.30,29.04,17,17,0
1941562,0.37,0.30,0.40,29.74,16,16,0,-0.01,-0.10,0.10,29.02,16,16,0,0.30,0.30,0.30,29.07,16,16,0,1319.07,1310.20,1341.20,24.44,16,0,0,0.10,0.00,0.20,29.84,16,16,0,1.05,1.00,1.10,29.23,16,16,0,0.24,0.20,0.30,29.06,16,16,0
1942074,0.35,0.30,0.40,29.75,17,17,0,-0.02,-0.10,0.10,29.01,17,17,0,0.31,0.30,0.40,29.06,17,17,0,1334.06,1317.60,1351.30,24.46,17,0,0,0.09,0.00,0.10,29.81,17,17,0,1.08,1.00,1.10,29.22,17,17,0,0.22,0.20,0.30,29.06,17,17,0
1942575,0.35,0.30,0.40,29.74,17,17,0,0.02,0.00,0.10,29.01,17,17,0,0.31,0.30,0.40,29.07,17,17,0,1328.56,1316.40,1338.50,24.44,17,0,0,0.10,0.00,0.20,29.83,17,17,0,1.09,1.00,1.10,29.23,17,17,0,0.21,0.20,0.30,29.07,17,17,0
1943086,0.36,0.30,0.40,29.75,17,17,0,0.00,-0.10,0.10,29.01,17,17,0,0.30,0.30,0.30,29.08,17,17,0,1313.05,1303.40,1330.40,24.45,17,0,0,0.10,0.00,0.20,29.83,17,17,0,1.06,1.00,1.10,29.24,17,17,0,0.24,0.20,0.30,29.08,17,17,0
1943598,0.37,0.30,0.40,29.75,17,17,0,-0.01,-0.10,0.10,29.01,17,17,0,0.32,0.30,0.40,29.06,17,17,0,1336.49,1310.40,1348.10,24.45,17,0,0,0.10,0.10,0.10,29.84,17,17,0,1.04,1.00,1.10,29.23,17,17,0,0.24,0.20,0.30,29.06,17,17,0
1944109,0.36,0.30,0.40,29.75,17,17,0,0.01,-0.10,0.10,29.03,17,17,0,0.32,0.30,0.40,29.09,17,17,0,1313.72,1304.20,1329.00,24.46,17,0,0,0.11,0.10,0.20,29.82,17,17,0,1.06,1.00,1.10,29.21,17,17,0,0.22,0.20,0.30,29.05,17,17,0
1944622,0.36,0.30,0.40,29.75,17,17,0,0.00,-0.10,0.10,29.02,17,17,0,0.32,0.30,0.40,29.07,17,17,0,1332.32,1316.80,1344.00,24.45,17,0,0,0.09,0.00,0.10,29.83,17,17,0,1.07,1.00,1.10,29.23,17,17,0,0.24,0.20,0.30,29.04,17,17,0
1945122,0.36,0.30,0.40,29.76,17,17,0,0.00,-0.10,0.10,29.01,17,17,0,0.31,0.30,0.40,29.07,17,17,0,1316.31,1303.20,1338.90,24.45,17,0,0,0.09,0.00,0.10,29.82,17,17,0,1.06,1.00,1.10,29.22,17,17,0,0.24,0.20,0.30,29.06,17,17,0
1945625,0.37,0.30,0.40,29.75,17,17,0,0.00,-0.10,0.10,29.04,17,17,0,0.31,0.30,0.40,29.08,17,17,0,1322.92,1304.60,1341.00,24.44,17,0,0,0.09,0.00,0.10,29.84,17,17,0,1.06,1.00,1.10,29.24,17,17,0,0.23,0.20,0.30,29.06,17,17,0
1946138,0.36,0.30,0.40,29.75,17,17,0,-0.02,-0.10,0.00,29.01,17,17,0,0.31,0.30,0.40,29.08,17,17,0,1331.03,1301.30,1347.60,24.45,17,0,0,0.10,0.10,0.10,29.84,17,17,0,1.09,1.00,1.10,29.23,17,17,0,0.24,0.20,0.30,29.06,17,17,0
1946643,0.36,0.30,0.40,29.75,17,17,0,-0.02,-0.10,0.10,29.02,17,17,0,0.31,0.30,0.40,29.07,17,17,0,1324.98,1318.60,1336.60,24.44,17,0,0,0.09,0.00,0.20,29.82,17,17,0,1.08,1.00,1.10,29.22,17,17,0,0.22,0.20,0.30,29.05,17,17,0
1947145,0.36,0.30,0.40,29.74,17,17,0,0.00,-0.10,0.10,29.02,17,17,0,0.33,0.30,0.40,29.06,17,17,0,1342.94,1332.50,1349.40,24.44,17,0,0,0.09,0.00,0.10,29.84,17,17,0,1.06,1.00,1.10,29.23,17,17,0,0.22,0.20,0.30,29.07,17,17,0
1947654,0.36,0.30,0.40,29.75,17,17,0,0.01,-0.10,0.10,29.01,17,17,0,0.32,0.30,0.40,29.09,17,17,0,1333.40,1326.40,1342.70,24.45,17,0,0,0.10,0.10,0.10,29.82,17,17,0,1.06,1.00,1.10,29.21,17,17,0,0.21,0.20,0.30,29.06,17,17,0
1948158,0.37,0.30,0.40,29.75,17,17,0,0.01,-0.10,0.10,29.02,17,17,0,0.32,0.30,0.40,29.06,17,17,0,1345.32,1336.70,1352.50,24.44,17,0,0,0.09,0.00,0.10,29.82,17,17,0,1.07,1.00,1.10,29.23,17,17,0,0.24,0.20,0.30,29.04,17,17,0
1948658,0.36,0.30,0.40,29.74,17,17,0,0.00,-0.10,0.10,29.01,17,17,0,0.32,0.30,0.40,29.07,17,17,0,1355.92,1340.20,1374.60,24.45,17,0,0,0.08,0.00,0.10,29.83,17,17,0,1.06,1.00,1.10,29.23,17,17,0,0.23,0.20,0.30,29.07,17,17,0
1949160,0.38,0.30,0.40,29.75,17,17,0,0.02,0.00,0.10,29.00,17,17,0,0.31,0.30,0.40,29.07,17,17,0,1368.75,1363.50,1377.40,24.44,17,0,0,0.10,0.10,0.10,29.83,17,17,0,1.08,1.00,1.10,29.23,17,17,0,0.24,0.20,0.30,29.07,17,17,0
1949663,0.36,0.30,0.40,29.76,17,17,0,0.02,0.00,0.10,29.01,17,17,0,0.32,0.30,0.40,29.08,17,17,0,1376.97,1365.50,1388.40,24.43,17,0,0,0.10,0.10,0.10,29.84,17,17,0,1.08,1.00,1.10,29.23,17,17,0,0.22,0.20,0.30,29.06,17,17,0
1950163,0.38,0.30,0.40,29.75,17,17,0,0.01,-0.10,0.10,29.02,17,17,0,0.32,0.30,0.40,29.08,17,17,0,1374.21,1369.90,1380.30,24.44,17,0,0,0.10,0.10,0.10,29.83,17,17,0,1.06,1.00,1.10,29.23,17,17,0,0.23,0.20,0.30,29.06,17,17,0
1950664,0.36,0.30,0.40,29.74,17,17,0,-0.02,-0.10,0.00,29.02,17,17,0,0.32,0.30,0.40,29.06,17,17,0,1392.18,1378.40,1399.70,24.43,17,0,0,0.10,0.00,0.20,29.81,17,17,0,1.07,1.00,1.10,29.23,17,17,0,0.21,0.20,0.30,29.06,17,17,0
1951169,0.38,0.30,0.40,29.75,17,17,0,-0.01,-0.10,0.10,29.01,17,17,0,0.32,0.30,0.40,29.08,17,17,0,1377.78,1371.20,1389.30,24.43,17,0,0,0.10,0.10,0.10,29.82,17,17,0,1.08,1.00,1.10,29.24,17,17,0,0.24,0.20,0.30,29.06,17,17,0
1951675,0.38,0.30,0.40,29.76,17,17,0,0.01,-0.10,0.10,29.00,17,17,0,0.33,0.30,0.40,29.07,17,17,0,1393.23,1377.60,1405.30,24.45,17,0,0,0.10,0.10,0.10,29.81,17,17,0,1.06,1.00,1.10,29.24,17,17,0,0.22,0.20,0.30,29.06,17,17,0
1952180,0.35,0.30,0.40,29.76,17,17,0,-0.03,-0.10,0.10,29.01,17,17,0,0.31,0.30,0.40,29.09,17,17,0,1379.58,1370.30,1396.60,24.43,17,0,0,0.10,0.10,0.10,29.83,17,17,0,1.07,1.00,1.10,29.23,17,17,0,0.22,0.20,0.30,29.05,17,17,0
1952680,0.35,0.30,0.40,29.75,17,17,0,0.00,-0.10,0.10,29.01,17,17,0,0.32,0.30,0.40,29.07,17,17,0,1369.78,1353.10,1393.30,24.43,17,0,0,0.09,0.00,0.10,29.84,17,17,0,1.07,1.00,1.10,29.22,17,17,0,0.21,0.20,0.30,29.05,17,17,0
1953180,0.36,0.30,0.40,29.76,16,16,0,0.02,0.00,0.10,29.01,16,16,0,0.31,0.30,0.40,29.06,16,16,0,1369.79,1357.10,1381.90,24.45,16,0,0,0.09,0.00,0.10,29.84,16,16,0,1.08,1.00,1.10,29.26,16,16,0,0.23,0.20,0.30,29.06,16,16,0
1953681,0.36,0.30,0.40,29.76,17,17,0,-0.03,-0.10,0.00,29.03,17,17,0,0.31,0.30,0.40,29.08,17,17,0,1343.25,1331.50,1367.70,24.44,17,0,0,0.09,0.00,0.10,29.83,17,17,0,1.06,1.00,1.10,29.23,17,17,0,0.22,0.20,0.30,29.05,17,17,0
1954189,0.38,0.30,0.40,29.76,17,17,0,-0.01,-0.10,0.10,29.02,17,17,0,0.32,0.30,0.40,29.08,17,17,0,1363.08,1347.20,1371.70,24.45,17,0,0,0.10,0.10,0.10,29.83,17,17,0,1.09,1.00,1.10,29.24,17,17,0,0.21,0.20,0.30,29.08,17,17,0
1954689,0.34,0.30,0.40,29.75,17,17,0,0.01,0.00,0.10,29.02,17,17,0,0.31,0.30,0.40,29.07,17,17,0,1334.02,1326.80,1344.70,24.45,17,0,0,0.08,0.00,0.10,29.83,17,17,0,1.08,1.00,1.10,29.23,17,17,0,0.22,0.20,0.30,29.05,17,17,0
1955189,0.35,0.30,0.40,29.75,16,16,0,0.01,0.00,0.10,29.01,16,16,0,0.31,0.30,0.40,29.08,16,16,0,1346.39,1327.10,1357.20,24.47,16,0,0,0.10,0.10,0.10,29.83,16,16,0,1.06,1.00,1.10,29.23,16,16,0,0.24,0.20,0.30,29.08,16,16,0
1955698,0.35,0.30,0.40,29.75,17,17,0,-0.01,-0.10,0.10,29.03,17,17,0,0.31,0.30,0.40,29.06,17,17,0,1333.44,1322.30,1349.80,24.45,17,0,0,0.10,0.00,0.20,29.83,17,17,0,1.07,1.00,1.10,29.23,17,17,0,0.22,0.20,0.30,29.07,17,17,0
1956206,0.37,0.30,0.40,29.76,17,17,0,0.00,-0.10,0.10,29.02,17,17,0,0.30,0.30,0.30,29.08,17,17,0,1325.88,1307.70,1348.10,24.45,17,0,0,0.09,0.00,0.10,29.83,17,17,0,1.06,1.00,1.10,29.24,17,17,0,0.21,0.20,0.30,29.06,17,17,0
1956711,0.36,0.30,0.40,29.75,17,17,0,0.01,-0.10,0.10,29.01,17,17,0,0.31,0.30,0.40,29.08,17,17,0,1330.19,1308.90,1346.30,24.44,17,0,0,0.09,0.00,0.10,29.83,17,17,0,1.08,1.00,1.10,29.23,17,17,0,0.21,0.20,0.30,29.06,17,17,0
1957211,0.35,0.30,0.40,29.76,17,17,0,0.00,-0.10,0.10,29.03,17,17,0,0.31,0.30,0.40,29.07,17,17,0,1318.59,1308.80,1339.40,24.46,17,0,0,0.09,0.00,0.10,29.82,17,17,0,1.08,1.00,1.10,29.23,17,17,0,0.22,0.20,0.30,29.06,17,17,0
1957717,0.36,0.30,0.40,29.75,17,17,0,0.01,-0.10,0.10,29.03,17,17,0,0.32,0.30,0.40,29.08,17,17,0,1336.83,1320.50,1345.70,24.45,17,0,0,0.11,0.10,0.20,29.83,17,17,0,1.06,1.00,1.10,29.24,17,17,0,0.22,0.20,0.30,29.06,17,17,0
1958217,0.37,0.30,0.40,29.77,17,17,0,-0.00,-0.10,0.10,29.01,17,17,0,0.31,0.30,0.40,29.08,17,17,0,1308.43,1298.60,1321.10,24.46,17,0,0,0.09,0.00,0.10,29.84,17,17,0,1.06,1.00,1.10,29.23,17,17,0,0.24,0.20,0.30,29.04,17,17,0
1958726,0.35,0.30,0.40,29.75,17,17,0,-0.01,-0.10,0.10,29.03,17,17,0,0.31,0.30,0.40,29.08,17,17,0,1326.95,1311.80,1338.40,24.46,17,0,0,0.08,0.00,0.10,29.83,17,17,0,1.08,1.00,1.10,29.23,17,17,0,0.25,0.20,0.30,29.05,17,17,0
1959230,0.36,0.30,0.40,29.75,17,17,0,0.00,-0.10,0.10,29.02,17,17,0,0.32,0.30,0.40,29.07,17,17,0,1320.04,1303.10,1338.30,24.45,17,0,0,0.10,0.00,0.20,29.84,17,17,0,1.06,1.00,1.10,29.23,17,17,0,0.21,0.20,0.30,29.06,17,17,0
1959730,0.38,0.30,0.40,29.76,16,16,0,-0.01,-0.10,0.10,29.02,16,16,0,0.31,0.30,0.40,29.07,16,16,0,1325.23,1311.60,1344.20,24.45,16,0,0,0.09,0.00,0.10,29.84,16,16,0,1.07,1.00,1.10,29.24,16,16,0,0.21,0.20,0.30,29.08,16,16,0
1960235,0.34,0.30,0.40,29.77,17,17,0,0.01,-0.10,0.10,29.01,17,17,0,0.31,0.30,0.40,29.06,17,17,0,1328.16,1307.20,1341.30,24.45,17,0,0,0.09,0.00,0.10,29.83,17,17,0,1.08,1.00,1.10,29.23,17,17,0,0.23,0.20,0.30,29.06,17,17,0
1960746,0.37,0.30,0.40,29.77,17,17,0,-0.01,-0.10,0.10,29.01,17,17,0,0.31,0.30,0.40,29.06,17,17,0,1311.44,1302.10,1329.80,24.47,17,0,0,0.09,0.00,0.10,29.83,17,17,0,1.08,1.00,1.10,29.22,17,17,0,0.23,0.20,0.30,29.05,17,17,0
1961246,0.35,0.30,0.40,29.77,17,17,0,0.00,-0.10,0.10,29.02,17,17,0,0.31,0.30,0.40,29.07,17,17,0,1340.69,1318.20,1350.60,24.46,17,0,0,0.09,0.00,0.10,29.84,17,17,0,1.08,1.00,1.10,29.24,17,17,0,0.22,0.20,0.30,29.04,17,17,0
1961746,0.38,0.30,0.40,29.74,16,16,0,-0.01,-0.10,0.10,29.02,16,16,0,0.31,0.30,0.40,29.07,16,16,0,1317.13,1310.80,1329.10,24.45,16,0,0,0.10,0.10,0.10,29.81,16,16,0,1.06,1.00,1.10,29.23,16,16,0,0.21,0.20,0.30,29.05,16,16,0
1962256,0.36,0.30,0.40,29.75,17,17,0,-0.01,-0.10,0.10,29.02,17,17,0,0.31,0.30,0.40,29.08,17,17,0,1333.61,1319.50,1344.80,24.46,17,0,0,0.09,0.00,0.10,29.83,17,17,0,1.10,1.10,1.10,29.24,17,17,0,0.22,0.20,0.30,29.06,17,17,0
1962756,0.36,0.30,0.40,29.76,17,17,0,0.00,-0.10,0.10,29.02,17,17,0,0.32,0.30,0.40,29.08,17,17,0,1312.02,1298.20,1335.90,24.46,17,0,0,0.09,0.00,0.20,29.84,17,17,0,1.08,1.00,1.10,29.23,17,17,0,0.22,0.20,0.30,29.07,17,17,0
1963264,0.35,0.30,0.40,29.77,17,17,0,-0.04,-0.10,0.10,29.02,17,17,0,0.31,0.30,0.40,29.08,17,17,0,1323.66,1312.80,1339.30,24.46,17,0,0,0.10,0.10,0.10,29.82,17,17,0,1.09,1.00,1.10,29.23,17,17,0,0.21,0.20,0.30,29.06,17,17,0
1963764,0.37,0.30,0.40,29.77,16,16,0,-0.01,-0.10,0.10,29.05,16,16,0,0.33,0.30,0.40,29.07,16,16,0,1331.82,1316.60,1343.70,24.47,16,0,0,0.09,0.00,0.10,29.84,16,16,0,1.08,1.00,1.10,29.24,16,16,0,0.23,0.20,0.30,29.07,16,16,0
1964268,0.36,0.30,0.40,29.76,17,17,0,-0.03,-0.10,0.10,29.03,17,17,0,0.32,0.30,0.40,29.08,17,17,0,1318.31,1311.10,1333.50,24.47,17,0,0,0.10,0.00,0.20,29.83,17,17,0,1.06,1.00,1.10,29.25,17,17,0,0.20,0.20,0.20,29.08,17,17,0
1964768,0.37,0.30,0.40,29.77,16,16,0,0.00,-0.10,0.10,29.03,16,16,0,0.31,0.30,0.40,29.08,16,16,0,1339.53,1325.50,1347.80,24.48,16,0,0,0.10,0.10,0.10,29.84,16,16,0,1.09,1.00,1.10,29.23,16,16,0,0.21,0.20,0.30,29.07,16,16,0
1965268,0.36,0.30,0.40,29.78,17,17,0,-0.01,-0.10,0.10,29.02,17,17,0,0.31,0.30,0.40,29.07,17,17,0,1332.22,1324.20,1343.70,24.46,17,0,0,0.10,0.10,0.10,29.82,17,17,0,1.06,1.00,1.10,29.24,17,17,0,0.22,0.20,0.30,29.06,17,17,0
1965768,0.38,0.30,0.40,29.77,17,17,0,0.01,0.00,0.10,29.03,17,17,0,0.31,0.30,0.40,29.09,17,17,0,1352.27,1342.00,1359.00,24.47,17,0,0,0.09,0.00,0.10,29.81,17,17,0,1.07,1.00,1.10,29.24,17,17,0,0.23,0.20,0.30,29.06,17,17,0
1966268,0.36,0.30,0.40,29.76,16,16,0,0.01,-0.10,0.10,29.03,16,16,0,0.31,0.30,0.40,29.07,16,16,0,1358.01,1342.60,1374.90,24.47,16,0,0,0.09,0.00,0.10,29.84,16,16,0,1.07,1.00,1.10,29.23,16,16,0,0.22,0.20,0.30,29.07,16,16,0
1966770,0.36,0.30,0.40,29.75,17,17,0,0.00,-0.10,0.10,29.03,17,17,0,0.31,0.30,0.40,29.08,17,17,0,1368.10,1359.10,1376.60,24.45,17,0,0,0.10,0.10,0.10,29.83,17,17,0,1.05,1.00,1.10,29.25,17,17,0,0.23,0.20,0.30,29.06,17,17,0
1967274,0.36,0.30,0.40,29.75,17,17,0,0.03,-0.10,0.10,29.03,17,17,0,0.30,0.30,0.30,29.09,17,17,0,1381.02,1363.70,1396.30,24.45,17,0,0,0.11,0.10,0.20,29.83,17,17,0,1.08,1.00,1.10,29.24,17,17,0,0.24,0.20,0.30,29.05,17,17,0
1967774,0.36,0.30,0.40,29.76,17,17,0,-0.01,-0.10,0.10,29.04,17,17,0,0.30,0.30,0.30,29.08,17,17,0,1373.52,1368.30,1389.00,24.47,17,0,0,0.09,0.00,0.10,29.83,17,17,0,1.08,1.00,1.10,29.24,17,17,0,0.23,0.20,0.30,29.07,17,17,0
1968274,0.37,0.30,0.40,29.78,16,16,0,-0.01,-0.10,0.10,29.01,16,16,0,0.31,0.30,0.40,29.10,16,16,0,1394.39,1378.50,1403.00,24.46,16,0,0,0.10,0.00,0.20,29.85,16,16,0,1.09,1.00,1.10,29.24,16,16,0,0.23,0.20,0.30,29.06,16,16,0
1968774,0.36,0.30,0.40,29.76,17,17,0,0.01,-0.10,0.10,29.02,17,17,0,0.32,0.30,0.40,29.07,17,17,0,1369.79,1363.60,1380.30,24.46,17,0,0,0.09,0.00,0.10,29.83,17,17,0,1.05,1.00,1.10,29.25,17,17,0,0.24,0.20,0.30,29.06,17,17,0
1969282,0.36,0.30,0.40,29.76,17,17,0,-0.02,-0.10,0.10,29.02,17,17,0,0.30,0.30,0.30,29.06,17,17,0,1393.18,1373.20,1404.10,24.46,17,0,0,0.10,0.10,0.10,29.84,17,17,0,1.07,1.00,1.10,29.24,17,17,0,0.23,0.20,0.30,29.06,17,17,0
1969792,0.35,0.30,0.40,29.77,17,17,0,0.01,-0.10,0.10,29.02,17,17,0,0.31,0.30,0.40,29.08,17,17,0,1370.98,1360.90,1388.20,24.46,17,0,0,0.11,0.10,0.20,29.83,17,17,0,1.08,1.00,1.10,29.24,17,17,0,0.21,0.20,0.30,29.07,17,17,0
1970292,0.35,0.30,0.40,29.77,17,17,0,-0.02,-0.10,0.10,29.01,17,17,0,0.30,0.30,0.30,29.08,17,17,0,1367.61,1346.80,1391.50,24.47,17,0,0,0.10,0.10,0.10,29.84,17,17,0,1.08,1.00,1.10,29.24,17,17,0,0.23,0.20,0.30,29.06,17,17,0
1970792,0.36,0.30,0.40,29.75,16,16,0,-0.01,-0.10,0.10,29.03,16,16,0,0.30,0.30,0.30,29.08,16,16,0,1368.24,1346.50,1385.70,24.47,16,0,0,0.10,0.10,0.10,29.84,16,16,0,1.08,1.00,1.10,29.24,16,16,0,0.23,0.20,0.30,29.06,16,16,0
1971294,0.36,0.30,0.40,29.77,17,17,0,-0.01,-0.10,0.10,29.02,17,17,0,0.31,0.30,0.40,29.09,17,17,0,1352.94,1341.20,1376.60,24.48,17,0,0,0.09,0.00,0.10,29.83,17,17,0,1.06,1.00,1.10,29.24,17,17,0,0.22,0.20,0.30,29.07,17,17,0
1971798,0.36,0.30,0.40,29.76,17,17,0,-0.02,-0.10,0.10,29.04,17,17,0,0.31,0.30,0.40,29.09,17,17,0,1363.40,1346.40,1371.50,24.46,17,0,0,0.11,0.10,0.20,29.83,17,17,0,1.06,1.00,1.10,29.23,17,17,0,0.22,0.20,0.30,29.05,17,17,0
1972298,0.35,0.30,0.40,29.76,17,17,0,-0.01,-0.10,0.10,29.03,17,17,0,0.32,0.30,0.40,29.09,17,17,0,1337.42,1329.10,1350.40,24.46,17,0,0,0.10,0.10,0.10,29.83,17,17,0,1.06,1.00,1.10,29.22,17,17,0,0.22,0.20,0.30,29.06,17,17,0
1972799,0.34,0.30,0.40,29.77,17,17,0,0.02,-0.10,0.10,29.03,17,17,0,0.31,0.30,0.40,29.10,17,17,0,1353.13,1341.60,1360.90,24.46,17,0,0,0.10,0.10,0.10,29.83,17,17,0,1.08,1.00,1.10,29.23,17,17,0,0.23,0.20,0.30,29.06,17,17,0
1973309,0.38,0.30,0.40,29.78,17,17,0,-0.02,-0.10,0.10,29.03,17,17,0,0.32,0.30,0.40,29.09,17,17,0,1336.27,1330.60,1345.90,24.47,17,0,0,0.09,0.00,0.10,29.83,17,17,0,1.06,1.00,1.10,29.24,17,17,0,0.24,0.20,0.30,29.05,17,17,0
1973809,0.36,0.30,0.40,29.78,16,16,0,-0.01,-0.10,0.10,29.03,16,16,0,0.31,0.30,0.40,29.10,16,16,0,1333.04,1318.30,1348.00,24.48,16,0,0,0.10,0.00,0.20,29.83,16,16,0,1.08,1.00,1.10,29.23,16,16,0,0.21,0.20,0.30,29.06,16,16,0
1974309,0.39,0.30,0.40,29.76,17,17,0,-0.01,-0.10,0.10,29.03,17,17,0,0.31,0.30,0.40,29.10,17,17,0,1331.85,1319.20,1347.30,24.47,17,0,0,0.09,0.00,0.10,29.84,17,17,0,1.07,1.00,1.10,29.22,17,17,0,0.22,0.20,0.30,29.07,17,17,0
1974813,0.36,0.30,0.40,29.76,17,17,0,0.02,-0.10,0.10,29.04,17,17,0,0.31,0.30,0.40,29.09,17,17,0,1321.14,1310.50,1339.90,24.46,17,0,0,0.10,0.00,0.20,29.84,17,17,0,1.06,1.00,1.10,29.26,17,17,0,0.23,0.20,0.30,29.06,17,17,0
1975317,0.38,0.30,0.40,29.77,17,17,0,0.01,-0.10,0.10,29.03,17,17,0,0.30,0.30,0.30,29.07,17,17,0,1334.13,1315.20,1343.20,24.46,17,0,0,0.09,0.00,0.10,29.83,17,17,0,1.08,1.00,1.10,29.26,17,17,0,0.23,0.20,0.30,29.07,17,17,0
1975817,0.36,0.30,0.40,29.78,17,17,0,-0.01,-0.10,0.10,29.01,17,17,0,0.31,0.30,0.40,29.10,17,17,0,1314.84,1307.60,1327.90,24.48,17,0,0,0.11,0.10,0.20,29.84,17,17,0,1.06,1.00,1.10,29.23,17,17,0,0.23,0.20,0.30,29.07,17,17,0
1976325,0.37,0.30,0.40,29.77,17,17,0,0.00,0.00,0.00,29.03,17,17,0,0.32,0.30,0.40,29.10,17,17,0,1329.25,1315.00,1340.70,24.47,17,0,0,0.11,0.10,0.20,29.84,17,17,0,1.06,1.00,1.10,29.25,17,17,0,0.22,0.20,0.30,29.07,17,17,0
1976830,0.35,0.30,0.40,29.76,17,17,0,0.01,-0.10,0.10,29.04,17,17,0,0.31,0.30,0.40,29.08,17,17,0,1311.25,1301.50,1328.60,24.48,17,0,0,0.09,0.00,0.10,29.83,17,17,0,1.06,1.00,1.10,29.25,17,17,0,0.25,0.20,0.30,29.08,17,17,0
1977331,0.34,0.30,0.40,29.78,17,17,0,-0.02,-0.10,0.10,29.02,17,17,0,0.32,0.30,0.40,29.09,17,17,0,1325.34,1306.40,1341.00,24.48,17,0,0,0.10,0.10,0.10,29.83,17,17,0,1.08,1.00,1.10,29.23,17,17,0,0.22,0.20,0.30,29.06,17,17,0
1977831,0.36,0.30,0.40,29.77,16,16,0,-0.01,-0.10,0.10,29.04,16,16,0,0.31,0.30,0.40,29.08,16,16,0,1321.22,1300.90,1337.70,24.48,16,0,0,0.09,0.00,0.10,29.82,16,16,0,1.07,1.00,1.10,29.25,16,16,0,0.23,0.20,0.30,29.06,16,16,0
1978338,0.37,0.30,0.40,29.77,17,17,0,-0.01,-0.10,0.10,29.03,17,17,0,0.32,0.30,0.40,29.09,17,17,0,1316.79,1305.30,1336.70,24.46,17,0,0,0.11,0.10,0.20,29.83,17,17,0,1.07,1.00,1.10,29.23,17,17,0,0.22,0.20,0.30,29.07,17,17,0
1978838,0.35,0.30,0.40,29.77,17,17,0,-0.01,-0.10,0.10,29.01,17,17,0,0.32,0.30,0.40,29.09,17,17,0,1337.05,1314.00,1348.30,24.47,17,0,0,0.10,0.10,0.10,29.82,17,17,0,1.07,1.00,1.10,29.25,17,17,0,0.22,0.20,0.30,29.06,17,17,0
1979338,0.36,0.30,0.40,29.77,17,17,0,0.02,-0.10,0.10,29.03,17,17,0,0.32,0.30,0.40,29.09,17,17,0,1313.16,1305.80,1325.20,24.47,17,0,0,0.09,0.00,0.10,29.85,17,17,0,1.06,1.00,1.10,29.24,17,17,0,0.22,0.20,0.30,29.06,17,17,0
1979850,0.36,0.30,0.40,29.77,17,17,0,-0.01,-0.10,0.10,29.03,17,17,0,0.30,0.30,0.30,29.08,17,17,0,1329.69,1313.70,1341.70,24.47,17,0,0,0.08,0.00,0.10,29.84,17,17,0,1.07,1.00,1.10,29.23,17,17,0,0.23,0.20,0.30,29.07,17,17,0
1980355,0.36,0.30,0.40,29.77,17,17,0,0.01,-0.10,0.10,29.02,17,17,0,0.33,0.30,0.40,29.10,17,17,0,1312.68,1295.90,1334.80,24.48,17,0,0,0.09,0.00,0.10,29.82,17,17,0,1.06,1.00,1.10,29.23,17,17,0,0.23,0.20,0.30,29.06,17,17,0
1980863,0.36,0.30,0.40,29.78,17,17,0,0.01,-0.10,0.10,29.02,17,17,0,0.31,0.30,0.40,29.06,17,17,0,1327.98,1313.10,1345.50,24.49,17,0,0,0.09,0.00,0.10,29.82,17,17,0,1.05,1.00,1.10,29.24,17,17,0,0.21,0.20,0.30,29.06,17,17,0
1981363,0.38,0.30,0.40,29.76,17,17,0,-0.01,-0.10,0.10,29.04,17,17,0,0.31,0.30,0.40,29.08,17,17,0,1329.18,1312.80,1344.10,24.48,17,0,0,0.09,0.00,0.10,29.83,17,17,0,1.08,1.00,1.10,29.25,17,17,0,0.23,0.20,0.30,29.07,17,17,0
1981863,0.36,0.30,0.40,29.76,16,16,0,0.00,-0.10,0.10,29.03,16,16,0,0.32,0.30,0.40,29.09,16,16,0,1320.11,1315.20,1331.40,24.49,16,0,0,0.09,0.00,0.10,29.84,16,16,0,1.07,1.00,1.10,29.26,16,16,0,0.21,0.20,0.30,29.05,16,16,0
1982367,0.35,0.30,0.40,29.78,17,17,0,-0.01,-0.10,0.10,29.03,17,17,0,0.32,0.30,0.40,29.09,17,17,0,1339.44,1323.50,1347.90,24.47,17,0,0,0.09,0.00,0.10,29.81,17,17,0,1.06,1.00,1.10,29.25,17,17,0,0.22,0.20,0.30,29.09,17,17,0
1982872,0.38,0.30,0.40,29.78,17,17,0,0.00,-0.10,0.10,29.02,17,17,0,0.32,0.30,0.40,29.11,17,17,0,1329.36,1324.40,1336.80,24.47,17,0,0,0.11,0.10,0.20,29.84,17,17,0,1.06,1.00,1.10,29.25,17,17,0,0.22,0.20,0.30,29.06,17,17,0
1983372,0.35,0.30,0.40,29.76,16,16,0,0.01,0.00,0.10,29.02,16,16,0,0.31,0.30,0.40,29.08,16,16,0,1354.81,1348.20,1359.00,24.47,16,0,0,0.10,0.10,0.10,29.84,16,16,0,1.06,1.00,1.10,29.25,16,16,0,0.21,0.20,0.30,29.07,16,16,0
1983872,0.34,0.30,0.40,29.76,17,17,0,-0.01,-0.10,0.10,29.02,17,17,0,0.31,0.30,0.40,29.10,17,17,0,1354.65,1346.40,1368.40,24.45,17,0,0,0.10,0.10,0.10,29.84,17,17,0,1.08,1.00,1.10,29.25,17,17,0,0.21,0.20,0.30,29.07,17,17,0
1984372,0.35,0.30,0.40,29.77,17,17,0,-0.01,-0.10,0.10,29.02,17,17,0,0.32,0.30,0.40,29.09,17,17,0,1366.56,1358.50,1375.60,24.47,17,0,0,0.10,0.10,0.10,29.84,17,17,0,1.06,1.00,1.10,29.25,17,17,0,0.22,0.20,0.30,29.06,17,17,0
1984884,0.35,0.30,0.40,29.77,17,17,0,0.01,-0.10,0.10,29.04,17,17,0,0.32,0.30,0.40,29.10,17,17,0,1373.32,1361.40,1388.90,24.47,17,0,0,0.09,0.00,0.10,29.85,17,17,0,1.07,1.00,1.10,29.23,17,17,0,0.22,0.20,0.30,29.07,17,17,0
1985392,0.33,0.30,0.40,29.78,17,17,0,0.00,0.00,0.00,29.03,17,17,0,0.32,0.30,0.40,29.09,17,17,0,1372.24,1364.60,1385.10,24.45,17,0,0,0.10,0.10,0.10,29.83,17,17,0,1.06,1.00,1.10,29.24,17,17,0,0.24,0.20,0.30,29.07,17,17,0
1985895,0.35,0.30,0.40,29.77,17,17,0,-0.01,-0.10,0.10,29.02,17,17,0,0.33,0.30,0.40,29.09,17,17,0,1393.65,1374.30,1404.80,24.44,17,0,0,0.10,0.10,0.10,29.82,17,17,0,1.08,1.00,1.10,29.25,17,17,0,0.22,0.20,0.30,29.08,17,17,0
1986404,0.37,0.30,0.40,29.77,17,17,0,-0.01,-0.10,0.10,29.04,17,17,0,0.32,0.30,0.40,29.08,17,17,0,1376.49,1371.00,1384.80,24.46,17,0,0,0.10,0.10,0.10,29.84,17,17,0,1.09,1.00,1.10,29.24,17,17,0,0.22,0.20,0.30,29.06,17,17,0
1986908,0.36,0.30,0.40,29.78,17,17,0,-0.02,-0.10,0.10,29.02,17,17,0,0.31,0.30,0.40,29.09,17,17,0,1392.05,1376.00,1402.70,24.46,17,0,0,0.09,0.00,0.10,29.83,17,17,0,1.08,1.00,1.10,29.24,17,17,0,0.23,0.20,0.30,29.06,17,17,0
1987408,0.36,0.30,0.40,29.78,17,17,0,-0.01,-0.10,0.10,29.02,17,17,0,0.32,0.30,0.40,29.09,17,17,0,1373.16,1365.30,1388.70,24.47,17,0,0,0.09,0.00,0.10,29.82,17,17,0,1.07,1.00,1.10,29.24,17,17,0,0.23,0.20,0.30,29.08,17,17,0
1987917,0.35,0.30,0.40,29.78,17,17,0,-0.02,-0.10,0.00,29.04,17,17,0,0.31,0.30,0.40,29.09,17,17,0,1370.76,1349.20,1396.40,24.46,17,0,0,0.08,0.00,0.10,29.82,17,17,0,1.08,1.00,1.10,29.23,17,17,0,0.24,0.20,0.30,29.08,17,17,0
1988417,0.35,0.30,0.40,29.77,17,17,0,-0.01,-0.10,0.10,29.03,17,17,0,0.31,0.30,0.40,29.10,17,17,0,1366.86,1345.90,1386.30,24.45,17,0,0,0.09,0.00,0.20,29.84,17,17,0,1.06,1.00,1.10,29.25,17,17,0,0.24,0.20,0.30,29.09,17,17,0
1988919,0.39,0.30,0.40,29.77,17,17,0,0.01,-0.10,0.10,29.04,17,17,0,0.32,0.30,0.40,29.09,17,17,0,1351.99,1337.60,1377.40,24.45,17,0,0,0.10,0.10,0.10,29.84,17,17,0,1.08,1.00,1.10,29.25,17,17,0,0.22,0.20,0.30,29.07,17,17,0
1989419,0.36,0.30,0.40,29.77,17,17,0,-0.01,-0.10,0.00,29.02,17,17,0,0.31,0.30,0.40,29.09,17,17,0,1364.08,1344.80,1374.10,24.47,17,0,0,0.11,0.10,0.20,29.84,17,17,0,1.07,1.00,1.10,29.24,17,17,0,0.22,0.20,0.30,29.07,17,17,0
1989932,0.36,0.30,0.40,29.78,17,17,0,-0.02,-0.10,0.10,29.03,17,17,0,0.30,0.30,0.30,29.10,17,17,0,1335.07,1327.90,1347.20,24.48,17,0,0,0.10,0.00,0.20,29.84,17,17,0,1.06,1.00,1.10,29.24,17,17,0,0.21,0.20,0.30,29.08,17,17,0
1990432,0.36,0.30,0.40,29.77,17,17,0,-0.02,-0.10,0.10,29.03,17,17,0,0.31,0.30,0.40,29.09,17,17,0,1349.36,1333.00,1358.40,24.46,17,0,0,0.09,0.00,0.20,29.84,17,17,0,1.06,1.00,1.10,29.25,17,17,0,0.21,0.20,0.30,29.08,17,17,0
1990932,0.37,0.30,0.40,29.78,17,17,0,-0.01,-0.10,0.10,29.03,17,17,0,0.32,0.30,0.40,29.10,17,17,0,1332.76,1324.60,1351.50,24.46,17,0,0,0.11,0.10,0.20,29.85,17,17,0,1.07,1.00,1.10,29.23,17,17,0,0.22,0.20,0.30,29.08,17,17,0
1991434,0.36,0.30,0.40,29.77,17,17,0,0.01,-0.10,0.10,29.03,17,17,0,0.32,0.30,0.40,29.08,17,17,0,1330.02,1313.40,1348.60,24.48,17,0,0,0.10,0.10,0.10,29.85,17,17,0,1.06,1.00,1.10,29.25,17,17,0,0.22,0.20,0.30,29.09,17,17,0
1991944,0.36,0.30,0.40,29.76,17,17,0,0.00,-0.10,0.10,29.02,17,17,0,0.31,0.30,0.40,29.11,17,17,0,1326.87,1311.80,1342.70,24.46,17,0,0,0.09,0.00,0.10,29.82,17,17,0,1.07,1.00,1.10,29.25,17,17,0,0.24,0.20,0.30,29.08,17,17,0
1992445,0.37,0.30,0.40,29.77,17,17,0,0.00,-0.10,0.10,29.03,17,17,0,0.32,0.30,0.40,29.10,17,17,0,1323.03,1311.90,1341.80,24.48,17,0,0,0.09,0.00,0.10,29.82,17,17,0,1.06,1.00,1.10,29.25,17,17,0,0.23,0.20,0.30,29.05,17,17,0
1992945,0.36,0.30,0.40,29.77,17,17,0,-0.01,-0.10,0.10,29.03,17,17,0,0.32,0.30,0.40,29.10,17,17,0,1338.12,1318.20,1347.30,24.48,17,0,0,0.10,0.10,0.10,29.83,17,17,0,1.06,1.00,1.10,29.26,17,17,0,0.24,0.20,0.30,29.07,17,17,0
1993453,0.35,0.30,0.40,29.79,17,17,0,0.01,-0.10,0.10,29.03,17,17,0,0.31,0.30,0.40,29.09,17,17,0,1321.41,1313.30,1332.20,24.48,17,0,0,0.09,0.00,0.10,29.83,17,17,0,1.08,1.00,1.10,29.26,17,17,0,0.24,0.20,0.30,29.07,17,17,0
1993953,0.34,0.30,0.40,29.80,16,16,0,0.01,-0.10,0.10,29.02,16,16,0,0.32,0.30,0.40,29.10,16,16,0,1334.37,1321.30,1343.30,24.48,16,0,0,0.10,0.10,0.10,29.84,16,16,0,1.06,1.00,1.10,29.26,16,16,0,0.24,0.20,0.30,29.07,16,16,0
1994453,0.35,0.30,0.40,29.80,17,17,0,-0.01,-0.10,0.10,29.04,17,17,0,0.31,0.30,0.40,29.10,17,17,0,1313.54,1303.00,1328.90,24.49,17,0,0,0.09,0.00,0.10,29.85,17,17,0,1.07,1.00,1.10,29.24,17,17,0,0.21,0.20,0.30,29.07,17,17,0
1994963,0.38,0.30,0.40,29.77,17,17,0,0.01,-0.10,0.10,29.02,17,17,0,0.31,0.30,0.40,29.12,17,17,0,1329.84,1316.30,1344.60,24.49,17,0,0,0.11,0.10,0.20,29.84,17,17,0,1.06,1.00,1.10,29.26,17,17,0,0.23,0.20,0.30,29.07,17,17,0
1995474,0.36,0.30,0.40,29.76,17,17,0,-0.02,-0.10,0.10,29.02,17,17,0,0.31,0.30,0.40,29.09,17,17,0,1330.76,1317.60,1342.90,24.46,17,0,0,0.10,0.10,0.10,29.83,17,17,0,1.08,1.00,1.10,29.25,17,17,0,0.22,0.20,0.30,29.08,17,17,0
1995987,0.36,0.30,0.40,29.79,17,17,0,-0.02,-0.10,0.10,29.04,17,17,0,0.30,0.30,0.30,29.09,17,17,0,1312.25,1299.70,1337.70,24.47,17,0,0,0.09,0.00,0.10,29.83,17,17,0,1.05,1.00,1.10,29.23,17,17,0,0.23,0.20,0.30,29.07,17,17,0
1996487,0.38,0.30,0.40,29.79,17,17,0,-0.01,-0.10,0.10,29.03,17,17,0,0.31,0.30,0.40,29.10,17,17,0,1333.22,1308.80,1344.30,24.48,17,0,0,0.11,0.10,0.20,29.83,17,17,0,1.06,1.00,1.10,29.24,17,17,0,0.22,0.20,0.30,29.07,17,17,0
1996989,0.35,0.30,0.40,29.79,17,17,0,-0.02,-0.10,0.10,29.03,17,17,0,0.32,0.30,0.40,29.09,17,17,0,1312.78,1303.60,1327.10,24.47,17,0,0,0.10,0.00,0.20,29.83,17,17,0,1.07,1.00,1.10,29.25,17,17,0,0.22,0.20,0.30,29.08,17,17,0
1997489,0.35,0.30,0.40,29.78,17,17,0,-0.02,-0.10,0.10,29.02,17,17,0,0.32,0.30,0.40,29.10,17,17,0,1336.86,1318.80,1349.70,24.48,17,0,0,0.10,0.10,0.10,29.83,17,17,0,1.04,1.00,1.10,29.26,17,17,0,0.20,0.20,0.20,29.07,17,17,0
1997998,0.35,0.30,0.40,29.77,17,17,0,0.01,-0.10,0.10,29.04,17,17,0,0.32,0.30,0.40,29.11,17,17,0,1321.72,1309.20,1342.60,24.49,17,0,0,0.11,0.10,0.20,29.84,17,17,0,1.08,1.00,1.10,29.24,17,17,0,0.22,0.20,0.30,29.08,17,17,0
1998498,0.38,0.30,0.40,29.77,16,16,0,-0.01,-0.10,0.10,29.04,16,16,0,0.31,0.30,0.40,29.10,16,16,0,1327.55,1311.60,1344.90,24.48,16,0,0,0.11,0.10,0.20,29.83,16,16,0,1.06,1.00,1.10,29.24,16,16,0,0.21,0.20,0.30,29.08,16,16,0
1999004,0.36,0.30,0.40,29.77,17,17,0,-0.01,-0.10,0.10,29.04,17,17,0,0.31,0.30,0.40,29.09,17,17,0,1332.59,1312.20,1347.60,24.50,17,0,0,0.09,0.00,0.10,29.84,17,17,0,1.07,1.00,1.10,29.27,17,17,0,0.23,0.20,0.30,29.07,17,17,0
1999506,0.36,0.30,0.40,29.77,17,17,0,0.01,-0.10,0.10,29.03,17,17,0,0.31,0.30,0.40,29.09,17,17,0,1321.76,1312.60,1341.20,24.47,17,0,0,0.11,0.10,0.20,29.84,17,17,0,1.08,1.00,1.10,29.23,17,17,0,0.24,0.20,0.30,29.06,17,17,0
2000015,0.38,0.30,0.40,29.77,17,17,0,-0.01,-0.10,0.10,29.01,17,17,0,0.31,0.30,0.40,29.11,17,17,0,1342.91,1322.30,1351.00,24.48,17,0,0,0.09,0.00,0.10,29.83,17,17,0,1.08,1.00,1.10,29.24,17,17,0,0.22,0.20,0.30,29.07,17,17,0
2000519,0.37,0.30,0.40,29.77,17,17,0,0.01,-0.10,0.10,29.04,17,17,0,0.31,0.30,0.40,29.11,17,17,0,1326.70,1321.10,1341.90,24.48,17,0,0,0.09,0.00,0.10,29.84,17,17,0,1.08,1.00,1.10,29.26,17,17,0,0.21,0.20,0.30,29.08,17,17,0
2001023,0.37,0.30,0.40,29.79,17,17,0,-0.01,-0.10,0.10,29.04,17,17,0,0.31,0.30,0.40,29.09,17,17,0,1355.13,1347.90,1360.40,24.47,17,0,0,0.11,0.10,0.20,29.85,17,17,0,1.06,1.00,1.10,29.25,17,17,0,0.21,0.20,0.30,29.07,17,17,0
2001524,0.36,0.30,0.40,29.77,16,16,0,-0.01,-0.10,0.10,29.03,16,16,0,0.33,0.30,0.40,29.10,16,16,0,1353.54,1344.00,1369.50,24.48,16,0,0,0.09,0.00,0.20,29.84,16,16,0,1.08,1.00,1.10,29.26,16,16,0,0.24,0.20,0.30,29.06,16,16,0
2002027,0.36,0.30,0.40,29.79,17,17,0,-0.02,-0.10,0.00,29.04,17,17,0,0.34,0.30,0.40,29.09,17,17,0,1362.83,1354.00,1373.20,24.49,17,0,0,0.10,0.10,0.10,29.85,17,17,0,1.06,1.00,1.10,29.25,17,17,0,0.22,0.20,0.30,29.08,17,17,0
2002527,0.36,0.30,0.40,29.78,17,17,0,0.00,-0.10,0.10,29.03,17,17,0,0.31,0.30,0.40,29.10,17,17,0,1373.89,1353.70,1391.00,24.49,17,0,0,0.11,0.10,0.20,29.85,17,17,0,1.06,1.00,1.10,29.25,17,17,0,0.21,0.20,0.30,29.08,17,17,0
2003034,0.37,0.30,0.40,29.79,17,17,0,-0.01,-0.10,0.10,29.05,17,17,0,0.33,0.30,0.40,29.09,17,17,0,1379.26,1373.70,1390.20,24.46,17,0,0,0.11,0.10,0.20,29.84,17,17,0,1.08,1.00,1.10,29.25,17,17,0,0.22,0.20,0.30,29.08,17,17,0
2003539,0.37,0.30,0.40,29.78,17,17,0,0.02,-0.10,0.10,29.02,17,17,0,0.31,0.30,0.40,29.09,17,17,0,1392.08,1377.30,1401.20,24.48,17,0,0,0.09,0.00,0.10,29.84,17,17,0,1.08,1.00,1.10,29.24,17,17,0,0.23,0.20,0.30,29.09,17,17,0
2004051,0.36,0.30,0.40,29.78,17,17,0,0.02,-0.10,0.10,29.03,17,17,0,0.32,0.30,0.40,29.11,17,17,0,1379.88,1375.80,1384.70,24.48,17,0,0,0.09,0.00,0.10,29.84,17,17,0,1.07,1.00,1.10,29.25,17,17,0,0.21,0.20,0.30,29.07,17,17,0
2004551,0.36,0.30,0.40,29.78,17,17,0,-0.01,-0.10,0.10,29.04,17,17,0,0.34,0.30,0.40,29.09,17,17,0,1396.61,1382.90,1407.30,24.47,17,0,0,0.09,0.00,0.10,29.84,17,17,0,1.06,1.00,1.10,29.25,17,17,0,0.22,0.20,0.30,29.07,17,17,0
2005059,0.37,0.30,0.40,29.79,17,17,0,0.01,-0.10,0.10,29.04,17,17,0,0.32,0.30,0.40,29.09,17,17,0,1378.34,1370.10,1392.00,24.46,17,0,0,0.10,0.10,0.10,29.85,17,17,0,1.08,1.00,1.10,29.23,17,17,0,0.22,0.20,0.30,29.07,17,17,0
2005563,0.38,0.30,0.40,29.78,17,17,0,0.01,-0.10,0.10,29.03,17,17,0,0.33,0.30,0.40,29.11,17,17,0,1377.24,1361.20,1394.40,24.48,17,0,0,0.10,0.10,0.10,29.83,17,17,0,1.09,1.00,1.10,29.25,17,17,0,0.23,0.20,0.30,29.06,17,17,0
2006066,0.35,0.30,0.40,29.78,17,17,0,-0.01,-0.10,0.10,29.03,17,17,0,0.32,0.30,0.40,29.11,17,17,0,1373.06,1360.20,1385.80,24.49,17,0,0,0.11,0.10,0.20,29.83,17,17,0,1.06,1.00,1.10,29.27,17,17,0,0.22,0.20,0.30,29.07,17,17,0
2006574,0.36,0.30,0.40,29.78,17,17,0,-0.02,-0.10,0.10,29.04,17,17,0,0.32,0.30,0.40,29.09,17,17,0,1351.56,1339.80,1371.80,24.47,17,0,0,0.11,0.10,0.20,29.85,17,17,0,1.08,1.00,1.10,29.24,17,17,0,0.21,0.20,0.30,29.07,17,17,0
2007074,0.38,0.30,0.40,29.77,17,17,0,-0.01,-0.10,0.10,29.03,17,17,0,0.32,0.30,0.40,29.09,17,17,0,1361.77,1345.90,1368.90,24.48,17,0,0,0.10,0.10,0.10,29.85,17,17,0,1.06,1.00,1.10,29.24,17,17,0,0.22,0.20,0.30,29.09,17,17,0
2007576,0.36,0.30,0.40,29.78,17,17,0,0.01,-0.10,0.10,29.01,17,17,0,0.31,0.30,0.40,29.08,17,17,0,1341.03,1336.10,1350.40,24.49,17,0,0,0.11,0.10,0.20,29.84,17,17,0,1.08,1.00,1.10,29.24,17,17,0,0.21,0.20,0.30,29.08,17,17,0
2008087,0.36,0.30,0.40,29.78,17,17,0,0.00,-0.10,0.10,29.04,17,17,0,0.32,0.30,0.40,29.09,17,17,0,1350.56,1339.30,1360.30,24.48,17,0,0,0.09,0.00,0.20,29.85,17,17,0,1.08,1.00,1.10,29.24,17,17,0,0.24,0.20,0.30,29.08,17,17,0
2008589,0.37,0.30,0.40,29.79,17,17,0,0.01,-0.10,0.10,29.05,17,17,0,0.32,0.30,0.40,29.09,17,17,0,1328.90,1322.40,1343.20,24.49,17,0,0,0.10,0.10,0.10,29.83,17,17,0,1.06,1.00,1.10,29.25,17,17,0,0.23,0.20,0.30,29.08,17,17,0
2009089,0.35,0.30,0.40,29.79,17,17,0,0.01,-0.10,0.10,29.04,17,17,0,0.31,0.30,0.40,29.08,17,17,0,1326.16,1310.60,1342.30,24.49,17,0,0,0.10,0.10,0.10,29.84,17,17,0,1.06,1.00,1.10,29.25,17,17,0,0.24,0.20,0.30,29.07,17,17,0
2009589,0.36,0.30,0.40,29.78,17,17,0,-0.01,-0.10,0.10,29.03,17,17,0,0.31,0.30,0.40,29.10,17,17,0,1327.68,1306.20,1346.50,24.48,17,0,0,0.11,0.00,0.20,29.85,17,17,0,1.05,1.00,1.10,29.26,17,17,0,0.25,0.20,0.30,29.07,17,17,0
2010102,0.38,0.30,0.40,29.79,17,17,0,0.01,0.00,0.10,29.03,17,17,0,0.33,0.30,0.40,29.09,17,17,0,1323.43,1315.30,1339.10,24.47,17,0,0,0.09,0.00,0.10,29.85,17,17,0,1.06,1.00,1.10,29.25,17,17,0,0.21,0.20,0.30,29.08,17,17,0
2010606,0.37,0.30,0.40,29.78,17,17,0,-0.01,-0.10,0.10,29.03,17,17,0,0.31,0.30,0.40,29.10,17,17,0,1335.88,1324.60,1344.50,24.47,17,0,0,0.11,0.10,0.20,29.84,17,17,0,1.06,1.00,1.10,29.25,17,17,0,0.22,0.20,0.30,29.06,17,17,0
2011115,0.37,0.30,0.40,29.79,17,17,0,-0.01,-0.10,0.00,29.03,17,17,0,0.32,0.30,0.40,29.11,17,17,0,1315.72,1311.50,1321.10,24.48,17,0,0,0.10,0.00,0.20,29.82,17,17,0,1.08,1.00,1.10,29.26,17,17,0,0.24,0.20,0.30,29.07,17,17,0
2011615,0.38,0.30,0.40,29.77,17,17,0,-0.02,-0.10,0.10,29.05,17,17,0,0.32,0.30,0.40,29.10,17,17,0,1327.41,1311.30,1341.40,24.49,17,0,0,0.11,0.10,0.20,29.83,17,17,0,1.08,1.00,1.10,29.25,17,17,0,0.24,0.20,0.30,29.07,17,17,0
2012121,0.36,0.30,0.40,29.79,17,17,0,0.02,-0.10,0.10,29.02,17,17,0,0.32,0.30,0.40,29.10,17,17,0,1317.42,1304.20,1340.10,24.49,17,0,0,0.09,0.00,0.10,29.84,17,17,0,1.06,1.00,1.10,29.26,17,17,0,0.22,0.20,0.30,29.07,17,17,0
2012625,0.37,0.30,0.40,29.78,17,17,0,0.00,-0.10,0.10,29.04,17,17,0,0.31,0.30,0.40,29.08,17,17,0,1327.89,1314.10,1347.20,24.49,17,0,0,0.10,0.10,0.10,29.85,17,17,0,1.06,1.00,1.10,29.28,17,17,0,0.23,0.20,0.30,29.09,17,17,0
2013125,0.37,0.30,0.40,29.78,17,17,0,0.01,-0.10,0.10,29.02,17,17,0,0.32,0.30,0.40,29.10,17,17,0,1329.80,1315.50,1342.20,24.49,17,0,0,0.11,0.10,0.20,29.85,17,17,0,1.08,1.00,1.10,29.26,17,17,0,0.24,0.20,0.30,29.07,17,17,0
2013627,0.36,0.30,0.40,29.79,17,17,0,0.00,-0.10,0.10,29.02,17,17,0,0.32,0.30,0.40,29.09,17,17,0,1310.65,1301.10,1329.50,24.48,17,0,0,0.09,0.00,0.10,29.84,17,17,0,1.07,1.00,1.10,29.26,17,17,0,0.22,0.20,0.30,29.09,17,17,0
2014130,0.34,0.30,0.40,29.78,17,17,0,-0.00,-0.10,0.10,29.04,17,17,0,0.32,0.30,0.40,29.10,17,17,0,1337.96,1314.10,1349.40,24.48,17,0,0,0.08,-0.10,0.10,29.85,17,17,0,1.07,1.00,1.10,29.26,17,17,0,0.22,0.20,0.30,29.07,17,17,0
2014630,0.38,0.30,0.40,29.79,16,16,0,-0.01,-0.10,0.10,29.03,16,16,0,0.31,0.30,0.40,29.10,16,16,0,1312.26,1302.80,1324.50,24.48,16,0,0,0.09,0.00,0.10,29.83,16,16,0,1.09,1.00,1.10,29.26,16,16,0,0.22,0.20,0.30,29.09,16,16,0
2015136,0.35,0.30,0.40,29.78,17,17,0,0.02,-0.10,0.10,29.04,17,17,0,0.31,0.30,0.40,29.10,17,17,0,1336.03,1319.50,1348.90,24.48,17,0,0,0.10,0.10,0.10,29.85,17,17,0,1.09,1.00,1.10,29.25,17,17,0,0.22,0.20,0.30,29.06,17,17,0
2015644,0.36,0.30,0.40,29.78,17,17,0,0.01,-0.10,0.10,29.04,17,17,0,0.32,0.30,0.40,29.09,17,17,0,1323.06,1312.70,1344.80,24.48,17,0,0,0.09,0.00,0.10,29.84,17,17,0,1.08,1.00,1.10,29.26,17,17,0,0.23,0.20,0.30,29.07,17,17,0
2016147,0.38,0.30,0.40,29.79,17,17,0,0.02,0.00,0.10,29.03,17,17,0,0.32,0.30,0.40,29.10,17,17,0,1329.44,1311.70,1346.50,24.47,17,0,0,0.09,0.00,0.10,29.84,17,17,0,1.06,1.00,1.10,29.26,17,17,0,0.22,0.20,0.30,29.08,17,17,0
2016647,0.36,0.30,0.40,29.77,17,17,0,0.01,-0.10,0.10,29.02,17,17,0,0.32,0.30,0.40,29.10,17,17,0,1329.91,1312.60,1343.90,24.48,17,0,0,0.11,0.10,0.20,29.83,17,17,0,1.06,1.00,1.10,29.27,17,17,0,0.23,0.20,0.30,29.08,17,17,0
2017148,0.36,0.30,0.40,29.78,17,17,0,-0.01,-0.10,0.10,29.04,17,17,0,0.32,0.30,0.40,29.09,17,17,0,1321.52,1314.40,1338.10,24.46,17,0,0,0.09,0.00,0.10,29.84,17,17,0,1.06,1.00,1.10,29.25,17,17,0,0.22,0.20,0.30,29.07,17,17,0
2017653,0.36,0.30,0.40,29.76,17,17,0,-0.01,-0.10,0.10,29.04,17,17,0,0.31,0.30,0.40,29.09,17,17,0,1344.12,1324.90,1353.90,24.47,17,0,0,0.10,0.10,0.10,29.84,17,17,0,1.07,1.00,1.10,29.26,17,17,0,0.22,0.20,0.30,29.08,17,17,0
2018159,0.35,0.30,0.40,29.79,17,17,0,0.01,-0.10,0.10,29.05,17,17,0,0.30,0.30,0.30,29.11,17,17,0,1331.54,1326.00,1340.10,24.47,17,0,0,0.10,0.10,0.10,29.84,17,17,0,1.09,1.00,1.10,29.26,17,17,0,0.22,0.20,0.30,29.08,17,17,0
2018663,0.36,0.30,0.40,29.79,17,17,0,0.02,-0.10,0.10,29.04,17,17,0,0.30,0.30,0.30,29.07,17,17,0,1350.35,1342.50,1355.10,24.48,17,0,0,0.11,0.00,0.20,29.83,17,17,0,1.08,1.00,1.10,29.26,17,17,0,0.23,0.20,0.30,29.07,17,17,0
2019165,0.36,0.30,0.40,29.77,17,17,0,-0.01,-0.10,0.10,29.03,17,17,0,0.31,0.30,0.40,29.09,17,17,0,1354.29,1342.40,1373.30,24.47,17,0,0,0.08,0.00,0.10,29.83,17,17,0,1.07,1.00,1.10,29.24,17,17,0,0.22,0.20,0.30,29.08,17,17,0
2019670,0.35,0.30,0.40,29.79,17,17,0,-0.01,-0.10,0.10,29.03,17,17,0,0.31,0.30,0.40,29.09,17,17,0,1362.65,1354.10,1376.10,24.47,17,0,0,0.09,0.00,0.10,29.84,17,17,0,1.07,1.00,1.10,29.26,17,17,0,0.22,0.20,0.30,29.08,17,17,0
2020170,0.36,0.30,0.40,29.78,16,16,0,0.01,-0.10,0.10,29.05,16,16,0,0.32,0.30,0.40,29.08,16,16,0,1374.00,1356.50,1389.90,24.47,16,0,0,0.10,0.00,0.20,29.84,16,16,0,1.08,1.00,1.10,29.25,16,16,0,0.23,0.20,0.30,29.09,16,16,0
2020675,0.36,0.30,0.40,29.78,17,17,0,0.01,-0.10,0.10,29.04,17,17,0,0.33,0.30,0.40,29.08,17,17,0,1377.38,1372.80,1387.90,24.47,17,0,0,0.10,0.10,0.10,29.84,17,17,0,1.06,1.00,1.10,29.27,17,17,0,0.24,0.20,0.30,29.08,17,17,0
2021175,0.38,0.30,0.40,29.78,17,17,0,0.00,-0.10,0.10,29.03,17,17,0,0.31,0.30,0.40,29.09,17,17,0,1394.45,1377.60,1403.20,24.47,17,0,0,0.09,0.00,0.10,29.83,17,17,0,1.08,1.00,1.10,29.26,17,17,0,0.22,0.20,0.30,29.08,17,17,0
2021676,0.37,0.30,0.40,29.78,17,17,0,0.01,-0.10,0.10,29.03,17,17,0,0.32,0.30,0.40,29.08,17,17,0,1373.38,1368.40,1382.60,24.47,17,0,0,0.09,0.00,0.10,29.85,17,17,0,1.08,1.00,1.10,29.27,17,17,0,0.22,0.10,0.30,29.09,17,17,0
2022176,0.38,0.30,0.40,29.78,17,17,0,0.01,-0.10,0.10,29.03,17,17,0,0.31,0.30,0.40,29.08,17,17,0,1391.24,1376.60,1402.60,24.48,17,0,0,0.11,0.10,0.20,29.85,17,17,0,1.07,1.00,1.10,29.24,17,17,0,0.25,0.20,0.30,29.08,17,17,0
2022677,0.35,0.30,0.40,29.78,17,17,0,-0.01,-0.10,0.10,29.04,17,17,0,0.32,0.30,0.40,29.08,17,17,0,1371.94,1362.20,1391.10,24.46,17,0,0,0.09,0.00,0.10,29.84,17,17,0,1.08,1.00,1.10,29.25,17,17,0,0.23,0.20,0.30,29.07,17,17,0
2023187,0.38,0.30,0.40,29.78,17,17,0,-0.01,-0.10,0.10,29.04,17,17,0,0.34,0.30,0.40,29.10,17,17,0,1370.84,1350.60,1392.90,24.48,17,0,0,0.11,0.10,0.20,29.85,17,17,0,1.08,1.00,1.10,29.26,17,17,0,0.22,0.20,0.30,29.08,17,17,0
2023695,0.36,0.30,0.40,29.78,17,17,0,0.02,-0.10,0.10,29.03,17,17,0,0.31,0.30,0.40,29.09,17,17,0,1367.14,1352.30,1381.90,24.46,17,0,0,0.10,0.10,0.10,29.84,17,17,0,1.06,1.00,1.10,29.26,17,17,0,0.21,0.20,0.30,29.06,17,17,0
2024204,0.33,0.30,0.40,29.78,17,17,0,0.00,-0.10,0.10,29.03,17,17,0,0.31,0.30,0.40,29.09,17,17,0,1349.40,1338.70,1371.40,24.45,17,0,0,0.09,0.00,0.10,29.83,17,17,0,1.07,1.00,1.10,29.27,17,17,0,0.22,0.20,0.30,29.08,17,17,0
2024708,0.39,0.30,0.40,29.78,17,17,0,0.00,-0.10,0.10,29.04,17,17,0,0.31,0.30,0.40,29.08,17,17,0,1362.22,1348.50,1372.00,24.47,17,0,0,0.10,0.10,0.10,29.84,17,17,0,1.09,1.00,1.10,29.27,17,17,0,0.23,0.20,0.30,29.08,17,17,0
2025216,0.36,0.30,0.40,29.78,17,17,0,0.02,-0.10,0.10,29.03,17,17,0,0.31,0.30,0.40,29.09,17,17,0,1343.43,1338.30,1350.00,24.47,17,0,0,0.11,0.10,0.20,29.84,17,17,0,1.09,1.00,1.10,29.24,17,17,0,0.23,0.20,0.30,29.07,17,17,0
2025716,0.37,0.30,0.40,29.77,17,17,0,0.00,-0.10,0.10,29.04,17,17,0,0.32,0.30,0.40,29.08,17,17,0,1347.76,1330.60,1357.20,24.48,17,0,0,0.10,0.10,0.10,29.85,17,17,0,1.06,1.00,1.10,29.27,17,17,0,0.23,0.20,0.30,29.07,17,17,0
2026222,0.35,0.30,0.40,29.79,17,17,0,0.01,-0.10,0.10,29.03,17,17,0,0.33,0.30,0.40,29.10,17,17,0,1327.95,1321.90,1342.70,24.47,17,0,0,0.11,0.10,0.20,29.85,17,17,0,1.08,1.00,1.10,29.24,17,17,0,0.23,0.20,0.30,29.08,17,17,0
2026726,0.38,0.30,0.40,29.78,17,17,0,0.03,0.00,0.10,29.04,17,17,0,0.30,0.30,0.30,29.09,17,17,0,1327.96,1317.20,1341.80,24.48,17,0,0,0.09,0.00,0.10,29.85,17,17,0,1.09,1.00,1.10,29.26,17,17,0,0.22,0.20,0.30,29.08,17,17,0
2027234,0.35,0.30,0.40,29.79,17,17,0,-0.01,-0.10,0.10,29.03,17,17,0,0.32,0.30,0.40,29.08,17,17,0,1331.01,1318.10,1342.80,24.49,17,0,0,0.09,0.00,0.10,29.84,17,17,0,1.07,1.00,1.10,29.27,17,17,0,0.23,0.20,0.30,29.07,17,17,0
2027740,0.38,0.30,0.40,29.80,17,17,0,-0.01,-0.10,0.10,29.03,17,17,0,0.31,0.30,0.40,29.09,17,17,0,1316.10,1305.90,1336.70,24.49,17,0,0,0.09,0.00,0.10,29.86,17,17,0,1.08,1.00,1.10,29.27,17,17,0,0.24,0.20,0.30,29.07,17,17,0
2028251,0.38,0.30,0.40,29.77,17,17,0,0.01,-0.10,0.10,29.05,17,17,0,0.32,0.30,0.40,29.09,17,17,0,1331.08,1314.60,1340.80,24.50,17,0,0,0.10,0.10,0.10,29.84,17,17,0,1.08,1.00,1.10,29.25,17,17,0,0.25,0.20,0.30,29.09,17,17,0
2028758,0.36,0.30,0.40,29.77,17,17,0,-0.01,-0.10,0.10,29.03,17,17,0,0.34,0.30,0.40,29.10,17,17,0,1312.27,1304.30,1323.80,24.49,17,0,0,0.11,0.10,0.20,29.83,17,17,0,1.05,1.00,1.10,29.27,17,17,0,0.24,0.20,0.30,29.08,17,17,0
2029269,0.36,0.30,0.40,29.81,17,17,0,0.00,-0.10,0.10,29.03,17,17,0,0.31,0.30,0.40,29.09,17,17,0,1331.08,1313.90,1344.80,24.48,17,0,0,0.10,0.10,0.10,29.84,17,17,0,1.08,1.00,1.10,29.27,17,17,0,0.21,0.20,0.30,29.08,17,17,0
2029781,0.38,0.30,0.40,29.78,17,17,0,0.01,-0.10,0.10,29.03,17,17,0,0.31,0.30,0.40,29.08,17,17,0,1323.24,1307.40,1344.20,24.50,17,0,0,0.11,0.10,0.20,29.84,17,17,0,1.07,1.00,1.10,29.28,17,17,0,0.21,0.20,0.30,29.07,17,17,0
2030284,0.39,0.30,0.40,29.77,17,17,0,0.00,-0.10,0.10,29.02,17,17,0,0.31,0.30,0.40,29.09,17,17,0,1325.27,1313.20,1344.00,24.49,17,0,0,0.09,0.00,0.20,29.85,17,17,0,1.06,1.00,1.10,29.26,17,17,0,0.22,0.20,0.30,29.07,17,17,0
2030785,0.37,0.30,0.40,29.79,17,17,0,0.01,-0.10,0.10,29.05,17,17,0,0.31,0.30,0.40,29.09,17,17,0,1335.22,1314.60,1347.20,24.48,17,0,0,0.10,0.10,0.10,29.85,17,17,0,1.06,1.00,1.10,29.27,17,17,0,0.22,0.20,0.30,29.09,17,17,0
2031285,0.37,0.30,0.40,29.78,17,17,0,0.01,-0.10,0.10,29.03,17,17,0,0.32,0.30,0.40,29.06,17,17,0,1311.08,1300.40,1333.50,24.48,17,0,0,0.11,0.10,0.20,29.84,17,17,0,1.08,1.00,1.10,29.27,17,17,0,0.22,0.20,0.30,29.08,17,17,0
2031785,0.36,0.30,0.40,29.80,17,17,0,-0.01,-0.10,0.10,29.04,17,17,0,0.32,0.30,0.40,29.09,17,17,0,1296.41,1045.50,1346.00,24.49,17,0,0,0.10,0.10,0.10,29.84,17,17,0,1.06,1.00,1.10,29.25,17,17,0,0.22,0.20,0.30,29.09,17,17,0
2032285,0.37,0.30,0.40,29.78,16,16,0,-0.01,-0.10,0.00,29.02,16,16,0,0.33,0.30,0.40,29.08,16,16,0,440.43,264.40,781.90,24.60,16,0,0,0.11,0.10,0.20,29.84,16,16,0,1.08,1.00,1.10,29.26,16,16,0,0.21,0.20,0.30,29.09,16,16,0
2032785,0.36,0.30,0.40,29.79,17,17,0,0.01,-0.10,0.10,29.04,17,17,0,0.31,0.30,0.40,29.10,17,17,0,125.12,19.40,228.60,24.83,17,0,0,0.11,0.10,0.20,29.85,17,17,0,1.09,1.00,1.10,29.27,17,17,0,0.22,0.20,0.30,29.07,17,17,0
2033293,0.38,0.30,0.40,29.78,17,17,0,0.02,-0.10,0.10,29.04,17,17,0,0.32,0.30,0.40,29.09,17,17,0,47.72,37.50,55.70,25.09,17,0,0,0.09,0.00,0.10,29.85,17,17,0,1.08,1.00,1.10,29.27,17,17,0,0.23,0.20,0.30,29.08,17,17,0
2033793,0.36,0.30,0.40,29.78,17,17,0,-0.02,-0.10,0.10,29.05,17,17,0,0.31,0.30,0.40,29.09,17,17,0,50.25,47.90,54.80,25.29,17,0,0,0.11,0.10,0.20,29.84,17,17,0,1.07,1.00,1.10,29.28,17,17,0,0.21,0.20,0.30,29.07,17,17,0
2034304,0.34,0.30,0.40,29.78,17,17,0,0.00,-0.10,0.10,29.05,17,17,0,0.32,0.30,0.40,29.08,17,17,0,39.22,34.20,45.60,25.41,17,0,0,0.08,0.00,0.10,29.85,17,17,0,1.05,1.00,1.10,29.27,17,17,0,0.20,0.10,0.30,29.08,17,17,0
2034812,0.38,0.30,0.40,29.78,17,17,0,0.02,-0.10,0.10,29.04,17,17,0,0.32,0.30,0.40,29.08,17,17,0,28.94,25.50,32.60,25.56,17,0,0,0.10,0.10,0.10,29.83,17,17,0,1.08,1.00,1.10,29.25,17,17,0,0.22,0.20,0.30,29.07,17,17,0
2035316,0.36,0.30,0.40,29.79,17,17,0,-0.01,-0.10,0.00,29.03,17,17,0,0.31,0.30,0.40,29.08,17,17,0,22.18,19.80,24.70,25.66,17,0,0,0.11,0.10,0.20,29.85,17,17,0,1.07,1.00,1.10,29.25,17,17,0,0.22,0.20,0.30,29.07,17,17,0
2035822,0.39,0.30,0.40,29.79,17,17,0,-0.03,-0.10,0.10,29.04,17,17,0,0.31,0.30,0.40,29.09,17,17,0,17.46,15.60,19.50,25.79,17,0,0,0.09,0.00,0.10,29.84,17,17,0,1.05,1.00,1.10,29.26,17,17,0,0.21,0.20,0.30,29.07,17,17,0
2036322,0.38,0.30,0.40,29.78,17,17,0,-0.01,-0.10,0.10,29.05,17,17,0,0.33,0.30,0.40,29.09,17,17,0,70.11,-9.60,296.30,25.74,17,0,0,0.11,0.10,0.20,29.85,17,17,0,1.06,1.00,1.10,29.26,17,17,0,0.23,0.20,0.30,29.07,17,17,0
2036823,0.36,0.30,0.40,29.77,17,17,0,0.02,-0.10,0.10,29.04,17,17,0,0.32,0.30,0.40,29.09,17,17,0,5.11,4.30,6.00,25.82,17,0,0,0.09,0.00,0.10,29.84,17,17,0,1.06,1.00,1.10,29.27,17,17,0,0.24,0.20,0.30,29.09,17,17,0
2037324,0.38,0.30,0.40,29.79,17,17,0,0.00,-0.10,0.10,29.04,17,17,0,0.31,0.30,0.40,29.08,17,17,0,3.98,3.70,4.40,25.95,17,0,0,0.10,0.00,0.20,29.84,17,17,0,1.06,1.00,1.10,29.26,17,17,0,0.23,0.20,0.30,29.07,17,17,0
2037824,0.39,0.30,0.40,29.79,17,17,0,-0.02,-0.10,0.00,29.04,17,17,0,0.32,0.30,0.40,29.10,17,17,0,3.38,3.10,3.70,26.05,17,0,0,0.09,0.00,0.10,29.85,17,17,0,1.07,1.00,1.10,29.27,17,17,0,0.22,0.20,0.30,29.06,17,17,0
2038326,0.36,0.30,0.40,29.80,17,17,0,0.01,-0.10,0.10,29.03,17,17,0,0.34,0.30,0.40,29.07,17,17,0,2.78,2.40,3.00,26.15,17,0,0,0.11,0.10,0.20,29.85,17,17,0,1.08,1.00,1.10,29.27,17,17,0,0.22,0.20,0.30,29.08,17,17,0
2038826,0.36,0.30,0.40,29.79,17,17,0,-0.02,-0.10,0.10,29.04,17,17,0,0.31,0.30,0.40,29.08,17,17,0,2.38,2.00,2.70,26.24,17,0,0,0.09,0.00,0.10,29.85,17,17,0,1.06,1.00,1.10,29.26,17,17,0,0.21,0.20,0.30,29.08,17,17,0
2039326,0.38,0.30,0.40,29.78,16,16,0,-0.02,-0.10,0.10,29.04,16,16,0,0.32,0.30,0.40,29.09,16,16,0,2.15,1.90,2.50,26.31,16,0,0,0.11,0.10,0.20,29.85,16,16,0,1.05,1.00,1.10,29.27,16,16,0,0.21,0.20,0.30,29.08,16,16,0
2039826,0.38,0.30,0.40,29.78,17,17,0,0.03,-0.10,0.10,29.04,17,17,0,0.31,0.30,0.40,29.07,17,17,0,1.93,1.60,2.20,26.37,17,0,0,0.10,0.00,0.20,29.84,17,17,0,1.05,1.00,1.10,29.28,17,17,0,0.21,0.20,0.30,29.08,17,17,0
2040331,0.38,0.30,0.40,29.79,17,17,0,0.01,-0.10,0.10,29.05,17,17,0,0.31,0.30,0.40,29.09,17,17,0,1.83,1.40,2.10,26.42,17,0,0,0.11,0.10,0.20,29.85,17,17,0,1.09,1.00,1.10,29.27,17,17,0,0.22,0.20,0.30,29.08,17,17,0
2040831,0.36,0.30,0.40,29.79,17,17,0,0.00,-0.10,0.10,29.05,17,17,0,0.31,0.30,0.40,29.08,17,17,0,1.71,1.40,1.90,26.49,17,0,0,0.10,0.00,0.20,29.85,17,17,0,1.08,1.00,1.10,29.28,17,17,0,0.24,0.20,0.30,29.07,17,17,0
2041331,0.38,0.30,0.40,29.79,17,17,0,0.00,-0.10,0.10,29.03,17,17,0,0.32,0.30,0.40,29.07,17,17,0,1.55,1.10,1.80,26.51,17,0,0,0.09,0.00,0.10,29.85,17,17,0,1.09,1.00,1.10,29.27,17,17,0,0.23,0.10,0.30,29.07,17,17,0
2041831,0.36,0.30,0.40,29.78,17,17,0,0.01,-0.10,0.10,29.04,17,17,0,0.32,0.30,0.40,29.09,17,17,0,1.48,1.20,1.70,26.54,17,0,0,0.10,0.10,0.10,29.83,17,17,0,1.06,1.00,1.10,29.26,17,17,0,0.24,0.20,0.30,29.09,17,17,0
2042331,0.34,0.30,0.40,29.78,17,17,0,-0.01,-0.10,0.10,29.04,17,17,0,0.32,0.30,0.40,29.09,17,17,0,1.39,1.10,1.70,26.59,17,0,0,0.11,0.10,0.20,29.83,17,17,0,1.07,1.00,1.10,29.27,17,17,0,0.22,0.20,0.30,29.07,17,17,0
2042841,0.34,0.30,0.40,29.77,17,17,0,-0.01,-0.10,0.10,29.04,17,17,0,0.32,0.30,0.40,29.09,17,17,0,1.31,1.00,1.60,26.63,17,0,0,0.10,0.00,0.20,29.85,17,17,0,1.07,1.00,1.10,29.26,17,17,0,0.24,0.20,0.30,29.09,17,17,0
2043341,0.38,0.30,0.40,29.78,17,17,0,0.00,-0.10,0.10,29.04,17,17,0,0.32,0.30,0.40,29.07,17,17,0,1.28,0.80,1.70,26.66,17,0,0,0.10,0.10,0.10,29.84,17,17,0,1.06,1.00,1.10,29.27,17,17,0,0.22,0.20,0.30,29.07,17,17,0
2043841,0.36,0.30,0.40,29.78,17,17,0,-0.02,-0.10,0.10,29.03,17,17,0,0.33,0.30,0.40,29.08,17,17,0,1.28,1.10,1.50,26.69,17,0,0,0.09,0.00,0.20,29.84,17,17,0,1.07,1.00,1.10,29.26,17,17,0,0.22,0.20,0.30,29.08,17,17,0
2044341,0.38,0.30,0.40,29.80,17,17,0,0.01,-0.10,0.10,29.05,17,17,0,0.32,0.30,0.40,29.09,17,17,0,1.22,0.90,1.40,26.73,17,0,0,0.10,0.10,0.10,29.84,17,17,0,1.05,1.00,1.10,29.27,17,17,0,0.23,0.20,0.30,29.08,17,17,0
2044841,0.36,0.30,0.40,29.78,17,17,0,0.01,-0.10,0.10,29.05,17,17,0,0.31,0.30,0.40,29.09,17,17,0,1.16,0.90,1.40,26.77,17,0,0,0.10,0.00,0.20,29.83,17,17,0,1.08,1.00,1.10,29.26,17,17,0,0.24,0.20,0.30,29.07,17,17,0
2045354,0.38,0.30,0.40,29.79,18,18,0,-0.02,-0.10,0.10,29.04,18,18,0,0.32,0.30,0.40,29.09,18,18,0,1.14,0.80,1.40,26.78,18,0,0,0.10,0.00,0.20,29.85,18,18,0,1.08,1.00,1.10,29.28,18,18,0,0.24,0.20,0.30,29.07,18,18,0
2045855,0.38,0.30,0.40,29.79,17,17,0,0.01,-0.10,0.10,29.04,17,17,0,0.32,0.30,0.40,29.08,17,17,0,1.11,0.90,1.40,26.82,17,0,0,0.10,0.10,0.10,29.84,17,17,0,1.06,1.00,1.10,29.26,17,17,0,0.24,0.20,0.30,29.08,17,17,0
2046355,0.36,0.30,0.40,29.79,17,17,0,0.02,0.00,0.10,29.06,17,17,0,0.32,0.30,0.40,29.07,17,17,0,1.14,0.90,1.50,26.84,17,0,0,0.09,0.00,0.10,29.84,17,17,0,1.09,1.00,1.10,29.27,17,17,0,0.25,0.20,0.30,29.08,17,17,0
2046855,0.37,0.30,0.40,29.79,18,18,0,-0.01,-0.10,0.10,29.04,18,18,0,0.32,0.30,0.40,29.08,18,18,0,1.13,0.80,1.50,26.87,18,0,0,0.09,0.00,0.10,29.85,18,18,0,1.08,1.00,1.10,29.27,18,18,0,0.24,0.20,0.30,29.08,18,18,0
2047361,0.34,0.30,0.40,29.78,17,17,0,0.01,-0.10,0.10,29.04,17,17,0,0.31,0.30,0.40,29.10,17,17,0,1.14,0.60,1.40,26.87,17,0,0,0.10,0.10,0.10,29.83,17,17,0,1.05,1.00,1.10,29.27,17,17,0,0.24,0.20,0.30,29.08,17,17,0
2047862,0.38,0.30,0.40,29.81,17,17,0,0.00,-0.10,0.10,29.03,17,17,0,0.33,0.30,0.40,29.09,17,17,0,1.11,0.70,1.70,26.91,17,0,0,0.10,0.10,0.10,29.84,17,17,0,1.09,1.00,1.10,29.27,17,17,0,0.25,0.20,0.30,29.09,17,17,0
2048362,0.37,0.30,0.40,29.76,17,17,0,0.00,-0.10,0.10,29.04,17,17,0,0.32,0.30,0.40,29.09,17,17,0,1.06,0.80,1.30,26.92,17,0,0,0.10,0.00,0.20,29.86,17,17,0,1.06,1.00,1.10,29.28,17,17,0,0.22,0.20,0.30,29.08,17,17,0
2048862,0.36,0.30,0.40,29.80,17,17,0,0.01,0.00,0.10,29.03,17,17,0,0.31,0.30,0.40,29.06,17,17,0,1.07,0.70,1.50,26.95,17,0,0,0.10,0.10,0.10,29.85,17,17,0,1.06,1.00,1.10,29.26,17,17,0,0.25,0.20,0.30,29.08,17,17,0
2049362,0.36,0.30,0.40,29.81,18,18,0,-0.01,-0.10,0.10,29.05,18,18,0,0.32,0.30,0.40,29.08,18,18,0,1.10,0.70,1.50,26.97,18,0,0,0.10,0.10,0.10,29.87,18,18,0,1.07,1.00,1.10,29.27,18,18,0,0.22,0.20,0.30,29.09,18,18,0
2049868,0.38,0.30,0.40,29.79,17,17,0,-0.01,-0.10,0.10,29.05,17,17,0,0.32,0.30,0.40,29.09,17,17,0,1.06,0.90,1.30,26.98,17,0,0,0.10,0.10,0.10,29.85,17,17,0,1.06,1.00,1.10,29.27,17,17,0,0.23,0.20,0.30,29.09,17,17,0
2050368,0.37,0.30,0.40,29.79,17,17,0,0.01,-0.10,0.10,29.05,17,17,0,0.32,0.30,0.40,29.08,17,17,0,1.01,0.70,1.30,27.00,17,0,0,0.10,0.10,0.10,29.83,17,17,0,1.09,1.00,1.10,29.28,17,17,0,0.21,0.20,0.30,29.08,17,17,0
2050869,0.38,0.30,0.40,29.78,17,17,0,0.00,-0.10,0.10,29.04,17,17,0,0.32,0.30,0.40,29.09,17,17,0,0.98,0.70,1.30,27.02,17,0,0,0.11,0.10,0.20,29.85,17,17,0,1.08,1.00,1.10,29.26,17,17,0,0.25,0.20,0.30,29.09,17,17,0
2051369,0.37,0.30,0.40,29.80,17,17,0,-0.01,-0.10,0.10,29.06,17,17,0,0.31,0.30,0.40,29.07,17,17,0,0.99,0.70,1.30,27.04,17,0,0,0.10,0.10,0.10,29.85,17,17,0,1.07,1.00,1.10,29.25,17,17,0,0.23,0.20,0.30,29.09,17,17,0
2051869,0.36,0.30,0.40,29.78,17,17,0,0.01,-0.10,0.10,29.03,17,17,0,0.31,0.30,0.40,29.09,17,17,0,1.02,0.80,1.20,27.05,17,0,0,0.11,0.10,0.20,29.84,17,17,0,1.08,1.00,1.10,29.27,17,17,0,0.22,0.20,0.30,29.06,17,17,0
2052369,0.37,0.30,0.40,29.80,17,17,0,0.01,0.00,0.10,29.04,17,17,0,0.31,0.30,0.40,29.08,17,17,0,0.97,0.80,1.20,27.08,17,0,0,0.10,0.10,0.10,29.85,17,17,0,1.07,1.00,1.10,29.28,17,17,0,0.23,0.20,0.30,29.08,17,17,0
2052878,0.38,0.30,0.40,29.79,18,18,0,0.01,-0.10,0.10,29.03,18,18,0,0.30,0.30,0.30,29.09,18,18,0,0.95,0.70,1.20,27.09,18,0,0,0.11,0.10,0.20,29.85,18,18,0,1.06,1.00,1.10,29.27,18,18,0,0.22,0.20,0.30,29.09,18,18,0
2053378,0.36,0.30,0.40,29.78,18,18,0,0.00,-0.10,0.10,29.03,18,18,0,0.31,0.30,0.40,29.08,18,18,0,0.96,0.60,1.20,27.09,18,0,0,0.10,0.10,0.10,29.84,18,18,0,1.06,1.00,1.10,29.26,18,18,0,0.25,0.20,0.30,29.08,18,18,0
2053880,0.38,0.30,0.40,29.78,17,17,0,-0.01,-0.10,0.10,29.04,17,17,0,0.31,0.30,0.40,29.09,17,17,0,0.92,0.70,1.10,27.12,17,0,0,0.10,0.10,0.10,29.84,17,17,0,1.08,1.00,1.10,29.27,17,17,0,0.21,0.20,0.30,29.08,17,17,0
2054382,0.36,0.30,0.40,29.78,17,17,0,0.01,0.00,0.10,29.03,17,17,0,0.30,0.30,0.30,29.08,17,17,0,0.95,0.70,1.30,27.15,17,0,0,0.09,0.00,0.10,29.84,17,17,0,1.09,1.00,1.10,29.26,17,17,0,0.21,0.20,0.30,29.10,17,17,0
2054886,0.38,0.30,0.40,29.78,17,17,0,-0.02,-0.10,0.10,29.04,17,17,0,0.31,0.30,0.40,29.08,17,17,0,0.90,0.80,1.00,27.14,17,0,0,0.09,0.00,0.10,29.85,17,17,0,1.09,1.00,1.10,29.25,17,17,0,0.22,0.20,0.30,29.08,17,17,0
2055390,0.36,0.30,0.40,29.79,17,17,0,0.00,-0.10,0.10,29.05,17,17,0,0.33,0.30,0.40,29.06,17,17,0,0.86,0.50,1.20,27.15,17,0,0,0.09,0.00,0.10,29.83,17,17,0,1.05,1.00,1.10,29.26,17,17,0,0.22,0.20,0.30,29.07,17,17,0
2055890,0.35,0.30,0.40,29.78,17,17,0,-0.02,-0.10,0.10,29.04,17,17,0,0.30,0.30,0.30,29.07,17,17,0,0.88,0.50,1.30,27.17,17,0,0,0.09,0.00,0.10,29.85,17,17,0,1.07,1.00,1.10,29.27,17,17,0,0.25,0.20,0.30,29.08,17,17,0
2056390,0.36,0.30,0.40,29.79,17,17,0,0.00,-0.10,0.10,29.03,17,17,0,0.32,0.30,0.40,29.09,17,17,0,0.91,0.70,1.30,27.19,17,0,0,0.08,0.00,0.10,29.83,17,17,0,1.07,1.00,1.10,29.26,17,17,0,0.22,0.20,0.30,29.07,17,17,0
2056890,0.36,0.30,0.40,29.79,17,17,0,0.02,-0.10,0.10,29.05,17,17,0,0.34,0.30,0.40,29.07,17,17,0,0.85,0.50,1.10,27.20,17,0,0,0.10,0.10,0.10,29.84,17,17,0,1.06,1.00,1.10,29.28,17,17,0,0.24,0.20,0.30,29.08,17,17,0
2057390,0.35,0.30,0.40,29.78,17,17,0,-0.00,-0.10,0.10,29.05,17,17,0,0.31,0.30,0.40,29.08,17,17,0,0.89,0.70,1.30,27.21,17,0,0,0.10,0.10,0.10,29.85,17,17,0,1.07,1.00,1.10,29.29,17,17,0,0.21,0.20,0.30,29.07,17,17,0
2057894,0.40,0.40,0.40,29.80,17,17,0,0.01,-0.10,0.10,29.04,17,17,0,0.31,0.30,0.40,29.07,17,17,0,0.85,0.60,1.10,27.23,17,0,0,0.10,0.10,0.10,29.83,17,17,0,1.06,1.00,1.10,29.29,17,17,0,0.24,0.20,0.30,29.09,17,17,0
2058401,0.39,0.30,0.40,29.78,16,16,0,-0.01,-0.10,0.10,29.04,16,16,0,0.31,0.30,0.40,29.08,16,16,0,0.90,0.70,1.20,27.24,16,0,0,0.09,0.00,0.10,29.84,16,16,0,1.07,1.00,1.10,29.28,16,16,0,0.23,0.20,0.30,29.08,16,16,0
2058902,0.36,0.30,0.40,29.78,17,17,0,0.01,-0.10,0.10,29.04,17,17,0,0.31,0.30,0.40,29.08,17,17,0,0.86,0.70,1.10,27.25,17,0,0,0.10,0.10,0.10,29.85,17,17,0,1.06,1.00,1.10,29.28,17,17,0,0.21,0.20,0.30,29.08,17,17,0
2059402,0.38,0.30,0.40,29.79,17,17,0,-0.03,-0.10,0.00,29.05,17,17,0,0.32,0.30,0.40,29.07,17,17,0,0.81,0.60,1.20,27.27,17,0,0,0.08,0.00,0.10,29.83,17,17,0,1.08,1.00,1.10,29.28,17,17,0,0.21,0.20,0.30,29.07,17,17,0
2059907,0.35,0.30,0.40,29.80,17,17,0,-0.01,-0.10,0.10,29.05,17,17,0,0.30,0.30,0.30,29.08,17,17,0,0.86,0.60,1.10,27.29,17,0,0,0.10,0.10,0.10,29.83,17,17,0,1.07,1.00,1.10,29.26,17,17,0,0.21,0.20,0.30,29.10,17,17,0
2060407,0.36,0.30,0.40,29.81,17,17,0,-0.02,-0.10,0.10,29.04,17,17,0,0.32,0.30,0.40,29.09,17,17,0,0.84,0.40,1.20,27.30,17,0,0,0.09,0.00,0.10,29.84,17,17,0,1.08,1.00,1.10,29.28,17,17,0,0.21,0.20,0.30,29.08,17,17,0
2060907,0.36,0.30,0.40,29.77,17,17,0,-0.01,-0.10,0.10,29.05,17,17,0,0.31,0.30,0.40,29.07,17,17,0,0.81,0.60,1.10,27.30,17,0,0,0.09,0.00,0.10,29.84,17,17,0,1.08,1.00,1.10,29.27,17,17,0,0.20,0.10,0.30,29.08,17,17,0
2061407,0.38,0.30,0.40,29.78,17,17,0,0.01,-0.10,0.10,29.05,17,17,0,0.31,0.30,0.40,29.07,17,17,0,0.89,0.60,1.10,27.31,17,0,0,0.11,0.10,0.20,29.84,17,17,0,1.07,1.00,1.10,29.28,17,17,0,0.21,0.20,0.30,29.08,17,17,0
2061907,0.35,0.30,0.40,29.78,17,17,0,0.01,-0.10,0.10,29.04,17,17,0,0.32,0.30,0.40,29.08,17,17,0,0.87,0.60,1.10,27.33,17,0,0,0.09,0.00,0.10,29.82,17,17,0,1.08,1.00,1.10,29.28,17,17,0,0.23,0.20,0.30,29.09,17,17,0
2062420,0.37,0.30,0.40,29.76,18,18,0,-0.01,-0.10,0.10,29.04,18,18,0,0.32,0.30,0.40,29.08,18,18,0,0.86,0.50,1.10,27.34,18,0,0,0.10,0.10,0.10,29.83,18,18,0,1.08,1.00,1.10,29.27,18,18,0,0.22,0.20,0.30,29.07,18,18,0
2062920,0.38,0.30,0.40,29.80,17,17,0,0.01,0.00,0.10,29.04,17,17,0,0.35,0.30,0.40,29.08,17,17,0,0.92,0.60,1.10,27.35,17,0,0,0.09,0.00,0.10,29.84,17,17,0,1.07,1.00,1.10,29.26,17,17,0,0.23,0.20,0.30,29.07,17,17,0
2063420,0.38,0.30,0.40,29.79,17,17,0,0.01,-0.10,0.10,29.06,17,17,0,0.32,0.30,0.40,29.06,17,17,0,0.89,0.70,1.10,27.38,17,0,0,0.10,0.10,0.10,29.83,17,17,0,1.07,1.00,1.10,29.28,17,17,0,0.26,0.20,0.30,29.07,17,17,0
2063920,0.36,0.30,0.40,29.77,17,17,0,-0.01,-0.10,0.10,29.06,17,17,0,0.32,0.30,0.40,29.08,17,17,0,0.88,0.70,1.00,27.37,17,0,0,0.09,0.00,0.10,29.85,17,17,0,1.06,1.00,1.10,29.27,17,17,0,0.22,0.20,0.30,29.09,17,17,0
2064420,0.37,0.30,0.40,29.79,17,17,0,0.00,-0.10,0.10,29.04,17,17,0,0.32,0.30,0.40,29.07,17,17,0,0.89,0.60,1.10,27.40,17,0,0,0.09,0.00,0.10,29.82,17,17,0,1.08,1.00,1.10,29.28,17,17,0,0.24,0.20,0.30,29.08,17,17,0
2064920,0.37,0.30,0.40,29.79,17,17,0,-0.01,-0.10,0.10,29.05,17,17,0,0.31,0.30,0.40,29.09,17,17,0,0.86,0.50,1.10,27.38,17,0,0,0.10,0.10,0.10,29.84,17,17,0,1.06,1.00,1.10,29.27,17,17,0,0.21,0.20,0.30,29.08,17,17,0
2065420,0.34,0.30,0.40,29.79,17,17,0,-0.01,-0.10,0.10,29.06,17,17,0,0.33,0.30,0.40,29.08,17,17,0,0.87,0.60,1.10,27.41,17,0,0,0.09,0.00,0.10,29.84,17,17,0,1.08,1.00,1.10,29.28,17,17,0,0.24,0.20,0.30,29.07,17,17,0
2065920,0.35,0.30,0.40,29.78,17,17,0,-0.02,-0.10,0.10,29.05,17,17,0,0.32,0.30,0.40,29.07,17,17,0,0.85,0.50,1.30,27.42,17,0,0,0.09,0.00,0.10,29.83,17,17,0,1.07,1.00,1.10,29.27,17,17,0,0.24,0.20,0.30,29.07,17,17,0
2066420,0.36,0.30,0.40,29.79,17,17,0,-0.01,-0.10,0.10,29.06,17,17,0,0.32,0.30,0.40,29.08,17,17,0,0.88,0.70,1.00,27.40,17,0,0,0.09,0.00,0.10,29.84,17,17,0,1.07,1.00,1.10,29.28,17,17,0,0.23,0.20,0.30,29.08,17,17,0
2066920,0.37,0.30,0.40,29.79,17,17,0,-0.01,-0.10,0.10,29.05,17,17,0,0.32,0.30,0.40,29.08,17,17,0,0.92,0.70,1.10,27.43,17,0,0,0.09,0.00,0.10,29.84,17,17,0,1.08,1.00,1.10,29.28,17,17,0,0.22,0.20,0.30,29.07,17,17,0
2067429,0.34,0.30,0.40,29.78,18,18,0,-0.01,-0.10,0.10,29.04,18,18,0,0.31,0.30,0.40,29.08,18,18,0,0.84,0.60,1.10,27.44,18,0,0,0.10,0.10,0.10,29.83,18,18,0,1.08,1.00,1.10,29.28,18,18,0,0.23,0.20,0.30,29.07,18,18,0
2067929,0.38,0.30,0.40,29.80,17,17,0,0.00,-0.10,0.10,29.05,17,17,0,0.32,0.30,0.40,29.06,17,17,0,0.84,0.60,1.20,27.46,17,0,0,0.09,0.00,0.10,29.83,17,17,0,1.08,1.00,1.10,29.28,17,17,0,0.21,0.20,0.30,29.08,17,17,0
2068436,0.35,0.30,0.40,29.78,17,17,0,-0.02,-0.10,0.10,29.05,17,17,0,0.31,0.30,0.40,29.08,17,17,0,0.85,0.50,1.20,27.47,17,0,0,0.11,0.10,0.20,29.85,17,17,0,1.08,1.00,1.10,29.28,17,17,0,0.24,0.20,0.30,29.07,17,17,0
2068940,0.35,0.30,0.40,29.79,17,17,0,0.01,-0.10,0.10,29.05,17,17,0,0.31,0.30,0.40,29.07,17,17,0,0.85,0.10,1.50,27.47,17,0,0,0.08,0.00,0.10,29.84,17,17,0,1.08,1.00,1.10,29.30,17,17,0,0.22,0.20,0.30,29.08,17,17,0
2069441,0.36,0.30,0.40,29.79,17,17,0,0.01,-0.10,0.10,29.03,17,17,0,0.32,0.30,0.40,29.07,17,17,0,0.72,-3.30,9.50,27.48,17,0,0,0.10,0.10,0.10,29.84,17,17,0,1.08,1.00,1.10,29.29,17,17,0,0.22,0.20,0.30,29.08,17,17,0
2069942,0.36,0.30,0.40,29.78,17,17,0,-0.02,-0.10,0.00,29.06,17,17,0,0.31,0.30,0.40,29.07,17,17,0,0.76,-1.70,4.10,27.49,17,0,0,0.09,0.00,0.10,29.83,17,17,0,1.08,1.00,1.10,29.29,17,17,0,0.23,0.20,0.30,29.06,17,17,0
2070444,0.37,0.30,0.40,29.78,17,17,0,0.01,-0.10,0.10,29.05,17,17,0,0.32,0.30,0.40,29.09,17,17,0,0.66,-0.50,1.80,27.49,17,0,0,0.11,0.10,0.20,29.84,17,17,0,1.06,1.00,1.10,29.29,17,17,0,0.22,0.20,0.30,29.08,17,17,0
2070949,0.38,0.30,0.40,29.78,17,17,0,0.00,-0.10,0.10,29.03,17,17,0,0.32,0.30,0.40,29.06,17,17,0,0.75,-0.20,1.30,27.51,17,0,0,0.10,0.10,0.10,29.83,17,17,0,1.09,1.00,1.10,29.29,17,17,0,0.22,0.20,0.30,29.09,17,17,0
2071458,0.35,0.30,0.40,29.78,18,18,0,-0.01,-0.10,0.10,29.03,18,18,0,0.33,0.30,0.40,29.08,18,18,0,0.88,0.20,3.10,27.52,18,0,0,0.10,0.10,0.10,29.83,18,18,0,1.07,1.00,1.10,29.28,18,18,0,0.23,0.20,0.30,29.08,18,18,0
2071963,0.35,0.30,0.40,29.79,17,17,0,-0.01,-0.10,0.10,29.04,17,17,0,0.32,0.30,0.40,29.07,17,17,0,0.45,-8.40,13.10,27.52,17,0,0,0.10,0.10,0.10,29.83,17,17,0,1.07,1.00,1.10,29.28,17,17,0,0.22,0.20,0.30,29.08,17,17,0
2072464,0.36,0.30,0.40,29.78,17,17,0,0.01,-0.10,0.10,29.06,17,17,0,0.31,0.30,0.40,29.08,17,17,0,-0.64,-12.50,12.30,27.53,17,0,0,0.09,0.00,0.10,29.84,17,17,0,1.08,1.00,1.10,29.29,17,17,0,0.24,0.20,0.30,29.08,17,17,0
2072970,0.37,0.30,0.40,29.78,17,17,0,0.00,-0.10,0.10,29.04,17,17,0,0.31,0.30,0.40,29.09,17,17,0,-5.76,-26.20,6.30,27.54,17,0,0,0.09,0.00,0.10,29.84,17,17,0,1.07,1.00,1.10,29.27,17,17,0,0.23,0.20,0.30,29.07,17,17,0
2073470,0.37,0.30,0.40,29.78,17,17,0,-0.04,-0.10,0.10,29.04,17,17,0,0.31,0.30,0.40,29.08,17,17,0,44.59,-73.70,208.20,27.55,17,0,0,0.08,0.00,0.10,29.84,17,17,0,1.07,1.00,1.10,29.28,17,17,0,0.22,0.20,0.30,29.08,17,17,0
2073974,0.35,0.30,0.40,29.78,17,17,0,-0.01,-0.10,0.10,29.04,17,17,0,0.34,0.30,0.40,29.07,17,17,0,18.44,-143.90,112.80,27.51,17,0,0,0.09,0.00,0.10,29.84,17,17,0,1.08,1.00,1.10,29.28,17,17,0,0.24,0.20,0.30,29.09,17,17,0
2074486,0.35,0.30,0.40,29.81,17,17,0,-0.03,-0.10,0.00,29.04,17,17,0,0.32,0.30,0.40,29.07,17,17,0,97.65,-83.60,318.50,27.49,17,0,0,0.09,0.00,0.10,29.84,17,17,0,1.08,1.00,1.10,29.28,17,17,0,0.22,0.20,0.30,29.06,17,17,0
2074986,0.34,0.30,0.40,29.77,17,17,0,0.01,0.00,0.10,29.05,17,17,0,0.32,0.30,0.40,29.06,17,17,0,22.06,-1.60,101.60,27.24,17,0,0,0.09,0.00,0.20,29.85,17,17,0,1.07,1.00,1.10,29.27,17,17,0,0.24,0.20,0.30,29.08,17,17,0
2075495,0.35,0.30,0.40,29.77,17,17,0,-0.01,-0.10,0.10,29.03,17,17,0,0.31,0.30,0.40,29.06,17,17,0,-258.69,-1091.50,73.40,27.04,17,0,0,0.10,0.10,0.10,29.84,17,17,0,1.07,1.00,1.10,29.28,17,17,0,0.24,0.20,0.30,29.08,17,17,0
2076001,0.36,0.30,0.40,29.79,17,17,0,-0.01,-0.10,0.00,29.03,17,17,0,0.31,0.30,0.40,29.08,17,17,0,-14.49,-42.70,6.10,27.02,17,0,0,0.10,0.00,0.20,29.83,17,17,0,1.08,1.00,1.10,29.28,17,17,0,0.23,0.20,0.30,29.08,17,17,0
2076512,0.36,0.30,0.40,29.78,17,17,0,0.01,-0.10,0.10,29.04,17,17,0,0.31,0.30,0.40,29.07,17,17,0,-7.84,-45.00,19.70,27.15,17,0,0,0.09,0.00,0.10,29.84,17,17,0,1.09,1.00,1.10,29.29,17,17,0,0.21,0.20,0.30,29.08,17,17,0
2077014,0.34,0.30,0.40,29.78,17,17,0,0.01,-0.10,0.10,29.03,17,17,0,0.30,0.30,0.30,29.09,17,17,0,-5.19,-18.20,2.20,27.25,17,0,0,0.09,0.00,0.10,29.84,17,17,0,1.08,1.00,1.10,29.29,17,17,0,0.22,0.20,0.30,29.08,17,17,0
2077517,0.36,0.30,0.40,29.79,17,17,0,-0.01,-0.10,0.10,29.03,17,17,0,0.31,0.30,0.40,29.07,17,17,0,-3.56,-16.70,9.70,27.30,17,0,0,0.10,0.10,0.10,29.83,17,17,0,1.08,1.00,1.10,29.28,17,17,0,0.22,0.20,0.30,29.09,17,17,0
2078020,0.36,0.30,0.40,29.80,16,16,0,-0.01,-0.10,0.10,29.06,16,16,0,0.30,0.30,0.30,29.07,16,16,0,-3.47,-29.30,16.30,27.36,16,0,0,0.08,0.00,0.10,29.83,16,16,0,1.09,1.00,1.10,29.29,16,16,0,0.22,0.20,0.30,29.07,16,16,0
2078521,0.36,0.30,0.40,29.80,17,17,0,0.01,0.00,0.10,29.05,17,17,0,0.31,0.30,0.40,29.09,17,17,0,-6.28,-27.30,8.90,27.42,17,0,0,0.09,0.00,0.10,29.83,17,17,0,1.06,1.00,1.10,29.29,17,17,0,0.22,0.20,0.30,29.07,17,17,0
2079027,0.35,0.30,0.40,29.79,17,17,0,-0.01,-0.10,0.10,29.04,17,17,0,0.31,0.30,0.40,29.08,17,17,0,-3.00,-14.60,3.20,27.45,17,0,0,0.10,0.10,0.10,29.84,17,17,0,1.08,1.00,1.10,29.29,17,17,0,0.23,0.20,0.30,29.07,17,17,0
2079536,0.36,0.30,0.40,29.82,17,17,0,0.01,-0.10,0.10,29.05,17,17,0,0.31,0.30,0.40,29.09,17,17,0,-3.85,-14.30,12.70,27.47,17,0,0,0.09,0.00,0.10,29.83,17,17,0,1.05,1.00,1.10,29.29,17,17,0,0.22,0.20,0.30,29.06,17,17,0
2080044,0.35,0.30,0.40,29.79,17,17,0,0.00,0.00,0.00,29.05,17,17,0,0.32,0.30,0.40,29.09,17,17,0,-6.96,-27.70,11.70,27.49,17,0,0,0.09,0.00,0.10,29.84,17,17,0,1.08,1.00,1.10,29.31,17,17,0,0.23,0.20,0.30,29.06,17,17,0
2080548,0.34,0.30,0.40,29.79,17,17,0,0.02,-0.10,0.10,29.07,17,17,0,0.31,0.30,0.40,29.08,17,17,0,-0.28,-17.50,10.30,27.54,17,0,0,0.08,0.00,0.10,29.84,17,17,0,1.08,1.00,1.10,29.29,17,17,0,0.21,0.10,0.30,29.07,17,17,0
2081051,0.36,0.30,0.40,29.79,17,17,0,-0.01,-0.10,0.10,29.04,17,17,0,0.32,0.30,0.40,29.09,17,17,0,-0.10,-19.80,31.00,27.55,17,0,0,0.09,0.00,0.10,29.85,17,17,0,1.08,1.00,1.10,29.31,17,17,0,0.22,0.20,0.30,29.08,17,17,0
2081551,0.35,0.30,0.40,29.79,17,17,0,0.00,-0.10,0.10,29.07,17,17,0,0.31,0.30,0.40,29.09,17,17,0,-2.63,-24.10,14.30,27.57,17,0,0,0.09,0.00,0.20,29.86,17,17,0,1.08,1.00,1.10,29.30,17,17,0,0.25,0.20,0.30,29.07,17,17,0
2082051,0.32,0.30,0.40,29.79,16,16,0,-0.01,-0.10,0.00,29.06,16,16,0,0.32,0.30,0.40,29.10,16,16,0,-4.95,-36.80,17.80,27.59,16,0,0,0.09,0.00,0.10,29.83,16,16,0,1.06,1.00,1.10,29.28,16,16,0,0.24,0.20,0.30,29.07,16,16,0
2082551,0.36,0.30,0.40,29.80,16,16,0,-0.01,-0.10,0.10,29.07,16,16,0,0.30,0.30,0.30,29.08,16,16,0,-3.20,-17.30,11.70,27.61,16,0,0,0.08,0.00,0.10,29.83,16,16,0,1.07,1.00,1.10,29.30,16,16,0,0.21,0.20,0.30,29.07,16,16,0
2083053,0.35,0.30,0.40,29.79,17,17,0,0.01,0.00,0.10,29.05,17,17,0,0.34,0.30,0.40,29.10,17,17,0,1.09,-10.70,9.60,27.61,17,0,0,0.10,0.10,0.10,29.84,17,17,0,1.08,1.00,1.10,29.29,17,17,0,0.22,0.20,0.30,29.07,17,17,0
2083554,0.35,0.30,0.40,29.81,17,17,0,-0.01,-0.10,0.10,29.04,17,17,0,0.31,0.30,0.40,29.09,17,17,0,0.32,-25.30,12.50,27.66,17,0,0,0.11,0.10,0.20,29.87,17,17,0,1.08,1.00,1.10,29.29,17,17,0,0.23,0.20,0.30,29.07,17,17,0
2084066,0.34,0.30,0.40,29.80,17,17,0,-0.01,-0.10,0.10,29.05,17,17,0,0.31,0.30,0.40,29.09,17,17,0,-2.59,-35.90,13.60,27.64,17,0,0,0.10,0.10,0.10,29.85,17,17,0,1.08,1.00,1.10,29.30,17,17,0,0.21,0.20,0.30,29.08,17,17,0
2084566,0.37,0.30,0.40,29.82,17,17,0,-0.01,-0.10,0.10,29.06,17,17,0,0.31,0.30,0.40,29.11,17,17,0,-0.94,-8.00,6.90,27.66,17,0,0,0.11,0.10,0.20,29.84,17,17,0,1.07,1.00,1.10,29.30,17,17,0,0.24,0.20,0.30,29.09,17,17,0
2085072,0.36,0.30,0.40,29.81,17,17,0,0.01,-0.10,0.10,29.06,17,17,0,0.30,0.30,0.30,29.09,17,17,0,0.34,-6.00,7.40,27.69,17,0,0,0.09,0.00,0.10,29.85,17,17,0,1.08,1.00,1.10,29.29,17,17,0,0.21,0.10,0.30,29.08,17,17,0
2085574,0.34,0.30,0.40,29.80,17,17,0,0.01,-0.10,0.10,29.06,17,17,0,0.31,0.30,0.40,29.10,17,17,0,0.05,-14.10,8.30,27.70,17,0,0,0.07,0.00,0.10,29.86,17,17,0,1.08,1.00,1.10,29.30,17,17,0,0.22,0.20,0.30,29.06,17,17,0
2086079,0.35,0.30,0.40,29.81,17,17,0,0.00,-0.10,0.10,29.06,17,17,0,0.31,0.30,0.40,29.09,17,17,0,-0.16,-7.10,8.90,27.71,17,0,0,0.10,0.10,0.10,29.86,17,17,0,1.09,1.00,1.10,29.29,17,17,0,0.21,0.20,0.30,29.07,17,17,0
2086586,0.35,0.30,0.40,29.81,17,17,0,-0.02,-0.10,0.00,29.08,17,17,0,0.32,0.30,0.40,29.10,17,17,0,-0.59,-7.40,4.20,27.73,17,0,0,0.09,0.00,0.10,29.85,17,17,0,1.08,1.00,1.10,29.30,17,17,0,0.22,0.20,0.30,29.07,17,17,0
2087089,0.36,0.30,0.40,29.80,17,17,0,-0.01,-0.10,0.10,29.05,17,17,0,0.31,0.30,0.40,29.09,17,17,0,3.71,-2.60,8.30,27.73,17,0,0,0.10,0.10,0.10,29.86,17,17,0,1.05,1.00,1.10,29.31,17,17,0,0.21,0.20,0.30,29.08,17,17,0
2087593,0.35,0.30,0.40,29.81,17,17,0,0.00,-0.10,0.10,29.06,17,17,0,0.31,0.30,0.40,29.09,17,17,0,2.46,-0.80,6.50,27.75,17,0,0,0.09,0.00,0.10,29.87,17,17,0,1.06,1.00,1.10,29.29,17,17,0,0.23,0.20,0.30,29.09,17,17,0
2088099,0.35,0.30,0.40,29.81,17,17,0,0.02,-0.10,0.10,29.06,17,17,0,0.30,0.30,0.30,29.11,17,17,0,1.26,-3.30,6.30,27.76,17,0,0,0.09,0.00,0.10,29.86,17,17,0,1.06,1.00,1.10,29.31,17,17,0,0.20,0.20,0.20,29.07,17,17,0
2088611,0.36,0.30,0.40,29.81,17,17,0,-0.01,-0.10,0.10,29.07,17,17,0,0.32,0.30,0.40,29.10,17,17,0,-0.34,-2.90,3.10,27.76,17,0,0,0.10,0.10,0.10,29.87,17,17,0,1.09,1.00,1.10,29.30,17,17,0,0.21,0.20,0.30,29.06,17,17,0
2089119,0.35,0.30,0.40,29.81,17,17,0,0.00,-0.10,0.10,29.05,17,17,0,0.32,0.30,0.40,29.12,17,17,0,-0.12,-4.40,4.90,27.77,17,0,0,0.10,0.00,0.20,29.85,17,17,0,1.09,1.00,1.10,29.32,17,17,0,0.22,0.20,0.30,29.08,17,17,0
2089620,0.33,0.30,0.40,29.81,17,17,0,-0.01,-0.10,0.10,29.05,17,17,0,0.32,0.30,0.40,29.12,17,17,0,-3.19,-11.80,7.10,27.78,17,0,0,0.09,0.00,0.10,29.84,17,17,0,1.08,1.00,1.10,29.31,17,17,0,0.21,0.20,0.30,29.07,17,17,0
2090132,0.36,0.30,0.40,29.81,17,17,0,0.01,-0.10,0.10,29.07,17,17,0,0.32,0.30,0.40,29.11,17,17,0,-2.41,-12.50,11.60,27.78,17,0,0,0.09,0.00,0.10,29.86,17,17,0,1.08,1.00,1.10,29.31,17,17,0,0.21,0.20,0.30,29.08,17,17,0
2090645,0.35,0.30,0.40,29.82,17,17,0,-0.01,-0.10,0.10,29.08,17,17,0,0.31,0.30,0.40,29.12,17,17,0,-2.06,-11.10,9.40,27.79,17,0,0,0.11,0.10,0.20,29.86,17,17,0,1.08,1.00,1.10,29.31,17,17,0,0.24,0.20,0.30,29.08,17,17,0
2091151,0.35,0.30,0.40,29.81,17,17,0,0.00,-0.10,0.10,29.08,17,17,0,0.32,0.30,0.40,29.12,17,17,0,-1.44,-10.40,9.00,27.78,17,0,0,0.11,0.10,0.20,29.87,17,17,0,1.08,1.00,1.10,29.31,17,17,0,0.24,0.20,0.30,29.08,17,17,0
2091653,0.35,0.30,0.40,29.83,17,17,0,0.00,-0.10,0.10,29.07,17,17,0,0.32,0.30,0.40,29.11,17,17,0,-1.01,-8.10,3.80,27.82,17,0,0,0.10,0.10,0.10,29.86,17,17,0,1.08,1.00,1.10,29.31,17,17,0,0.24,0.20,0.30,29.08,17,17,0
2092153,0.36,0.30,0.40,29.82,17,17,0,0.04,0.00,0.10,29.09,17,17,0,0.31,0.30,0.40,29.11,17,17,0,-0.42,-8.00,6.90,27.81,17,0,0,0.09,0.00,0.10,29.85,17,17,0,1.06,1.00,1.10,29.31,17,17,0,0.22,0.20,0.30,29.07,17,17,0
2092654,0.36,0.30,0.40,29.81,17,17,0,-0.01,-0.10,0.10,29.07,17,17,0,0.31,0.30,0.40,29.13,17,17,0,0.72,-6.00,7.60,27.80,17,0,0,0.10,0.10,0.10,29.87,17,17,0,1.07,1.00,1.10,29.29,17,17,0,0.23,0.20,0.30,29.08,17,17,0
2093156,0.35,0.30,0.40,29.82,17,17,0,0.00,-0.10,0.10,29.06,17,17,0,0.32,0.30,0.40,29.13,17,17,0,-0.27,-6.70,6.70,27.83,17,0,0,0.10,0.10,0.10,29.90,17,17,0,1.08,1.00,1.10,29.31,17,17,0,0.22,0.20,0.30,29.08,17,17,0
2093668,0.34,0.30,0.40,29.81,17,17,0,0.00,-0.10,0.10,29.06,17,17,0,0.31,0.30,0.40,29.12,17,17,0,-1.89,-7.70,7.20,27.84,17,0,0,0.09,0.00,0.10,29.88,17,17,0,1.09,1.00,1.10,29.32,17,17,0,0.23,0.20,0.30,29.09,17,17,0
2094168,0.34,0.30,0.40,29.82,17,17,0,0.01,-0.10,0.10,29.07,17,17,0,0.31,0.30,0.40,29.13,17,17,0,-19.58,-33.20,-11.00,27.83,17,0,0,0.09,0.00,0.10,29.87,17,17,0,1.08,1.00,1.10,29.33,17,17,0,0.24,0.20,0.30,29.09,17,17,0
2094673,0.36,0.30,0.40,29.81,17,17,0,0.01,-0.10,0.10,29.07,17,17,0,0.33,0.30,0.40,29.12,17,17,0,-4.07,-10.50,1.60,27.81,17,0,0,0.10,0.10,0.10,29.88,17,17,0,1.06,1.00,1.10,29.33,17,17,0,0.21,0.20,0.30,29.08,17,17,0
2095175,0.37,0.30,0.40,29.82,17,17,0,0.01,-0.10,0.10,29.08,17,17,0,0.32,0.30,0.40,29.12,17,17,0,-55.49,-1081.10,1153.20,27.53,17,0,0,0.09,0.00,0.10,29.88,17,17,0,1.09,1.00,1.10,29.31,17,17,0,0.24,0.20,0.30,29.08,17,17,0
2095680,0.36,0.30,0.40,29.81,17,17,0,-0.01,-0.10,0.10,29.08,17,17,0,0.32,0.30,0.40,29.13,17,17,0,-79.79,-311.30,100.70,26.96,17,0,0,0.10,0.10,0.10,29.87,17,17,0,1.06,1.00,1.10,29.33,17,17,0,0.22,0.20,0.30,29.08,17,17,0
2096184,0.38,0.30,0.40,29.82,17,17,0,0.01,-0.10,0.10,29.08,17,17,0,0.34,0.30,0.40,29.12,17,17,0,-73.76,-397.50,227.00,27.02,17,0,0,0.09,0.00,0.10,29.87,17,17,0,1.08,1.00,1.10,29.32,17,17,0,0.22,0.20,0.30,29.09,17,17,0
2096693,0.36,0.30,0.40,29.82,17,17,0,0.00,-0.10,0.10,29.09,17,17,0,0.30,0.30,0.30,29.13,17,17,0,17.86,-118.60,117.10,27.19,17,0,0,0.09,0.00,0.10,29.87,17,17,0,1.08,1.00,1.10,29.32,17,17,0,0.24,0.20,0.30,29.09,17,17,0
2097193,0.36,0.30,0.40,29.83,16,16,0,0.01,-0.10,0.10,29.06,16,16,0,0.30,0.30,0.30,29.14,16,16,0,44.42,-109.30,281.50,27.30,16,0,0,0.11,0.10,0.20,29.87,16,16,0,1.08,1.00,1.10,29.33,16,16,0,0.21,0.20,0.30,29.09,16,16,0
2097693,0.37,0.30,0.40,29.83,17,17,0,0.00,-0.10,0.10,29.09,17,17,0,0.32,0.30,0.40,29.15,17,17,0,-64.67,-177.70,56.00,27.39,17,0,0,0.09,0.00,0.10,29.86,17,17,0,1.09,1.00,1.10,29.32,17,17,0,0.20,0.20,0.20,29.08,17,17,0
2098194,0.37,0.30,0.40,29.83,17,17,0,0.01,-0.10,0.10,29.09,17,17,0,0.31,0.30,0.40,29.14,17,17,0,-63.44,-147.50,-7.50,27.34,17,0,0,0.09,0.00,0.10,29.89,17,17,0,1.08,1.00,1.10,29.32,17,17,0,0.23,0.20,0.30,29.09,17,17,0
2098697,0.35,0.30,0.40,29.82,17,17,0,0.01,-0.10,0.10,29.09,17,17,0,0.31,0.30,0.40,29.13,17,17,0,-29.28,-87.40,-4.80,27.32,17,0,0,0.10,0.00,0.20,29.89,17,17,0,1.08,1.00,1.10,29.33,17,17,0,0.22,0.20,0.30,29.08,17,17,0
2099197,0.34,0.30,0.40,29.83,17,17,0,0.01,-0.10,0.10,29.09,17,17,0,0.32,0.30,0.40,29.15,17,17,0,15.96,-27.00,166.90,27.39,17,0,0,0.10,0.10,0.10,29.88,17,17,0,1.08,1.00,1.10,29.32,17,17,0,0.22,0.20,0.30,29.09,17,17,0
2099704,0.36,0.30,0.40,29.81,17,17,0,0.01,-0.10,0.10,29.08,17,17,0,0.32,0.30,0.40,29.14,17,17,0,-7.35,-57.10,63.40,27.48,17,0,0,0.10,0.10,0.10,29.89,17,17,0,1.08,1.00,1.10,29.31,17,17,0,0.23,0.20,0.30,29.09,17,17,0
2100207,0.38,0.30,0.40,29.84,17,17,0,0.01,0.00,0.10,29.09,17,17,0,0.32,0.30,0.40,29.14,17,17,0,-17.58,-36.20,36.90,27.53,17,0,0,0.09,0.00,0.20,29.87,17,17,0,1.07,1.00,1.10,29.34,17,17,0,0.23,0.20,0.30,29.09,17,17,0
2100712,0.35,0.30,0.40,29.82,17,17,0,0.01,-0.10,0.10,29.09,17,17,0,0.30,0.30,0.30,29.15,17,17,0,10.83,-2.90,29.90,27.63,17,0,0,0.09,0.00,0.10,29.87,17,17,0,1.08,1.00,1.10,29.32,17,17,0,0.22,0.20,0.30,29.09,17,17,0
2101215,0.35,0.30,0.40,29.82,17,17,0,-0.01,-0.10,0.10,29.08,17,17,0,0.32,0.30,0.40,29.14,17,17,0,-13.65,-41.10,1.80,27.67,17,0,0,0.10,0.00,0.20,29.88,17,17,0,1.06,1.00,1.10,29.33,17,17,0,0.21,0.20,0.30,29.09,17,17,0
2101715,0.38,0.30,0.40,29.84,16,16,0,0.02,-0.10,0.10,29.10,16,16,0,0.34,0.30,0.40,29.16,16,16,0,-2.43,-8.60,4.60,27.68,16,0,0,0.10,0.10,0.10,29.88,16,16,0,1.08,1.00,1.10,29.32,16,16,0,0.22,0.20,0.30,29.08,16,16,0
2102217,0.35,0.30,0.40,29.84,17,17,0,-0.02,-0.10,0.10,29.09,17,17,0,0.31,0.30,0.40,29.15,17,17,0,-1.06,-22.10,11.10,27.70,17,0,0,0.10,0.10,0.10,29.89,17,17,0,1.09,1.00,1.10,29.33,17,17,0,0.22,0.20,0.30,29.09,17,17,0
2102724,0.36,0.30,0.40,29.84,17,17,0,0.01,-0.10,0.10,29.09,17,17,0,0.32,0.30,0.40,29.16,17,17,0,-31.72,-86.80,-9.80,27.72,17,0,0,0.09,0.00,0.10,29.89,17,17,0,1.07,1.00,1.10,29.32,17,17,0,0.22,0.20,0.30,29.09,17,17,0
2103230,0.35,0.30,0.40,29.82,17,17,0,0.01,-0.10,0.10,29.09,17,17,0,0.31,0.30,0.40,29.16,17,17,0,8.21,-8.10,21.90,27.71,17,0,0,0.11,0.10,0.20,29.88,17,17,0,1.06,1.00,1.10,29.33,17,17,0,0.20,0.20,0.20,29.09,17,17,0
2103732,0.34,0.30,0.40,29.84,17,17,0,0.01,-0.10,0.10,29.09,17,17,0,0.34,0.30,0.40,29.14,17,17,0,-1.07,-48.00,27.10,27.78,17,0,0,0.11,0.10,0.20,29.89,17,17,0,1.09,1.00,1.10,29.34,17,17,0,0.21,0.20,0.30,29.09,17,17,0
2104232,0.34,0.30,0.40,29.85,17,17,0,-0.02,-0.10,0.10,29.08,17,17,0,0.31,0.30,0.40,29.15,17,17,0,-5.95,-129.10,63.50,27.74,17,0,0,0.09,0.00,0.10,29.89,17,17,0,1.08,1.00,1.10,29.34,17,17,0,0.22,0.20,0.30,29.08,17,17,0
2104740,0.37,0.30,0.40,29.83,17,17,0,-0.01,-0.10,0.10,29.10,17,17,0,0.31,0.30,0.40,29.16,17,17,0,-0.17,-15.10,15.20,27.78,17,0,0,0.10,0.10,0.10,29.88,17,17,0,1.08,1.00,1.10,29.32,17,17,0,0.22,0.20,0.30,29.09,17,17,0
2105246,0.37,0.30,0.40,29.86,17,17,0,0.01,-0.10,0.10,29.09,17,17,0,0.31,0.30,0.40,29.17,17,17,0,-1.81,-20.70,13.20,27.82,17,0,0,0.11,0.10,0.20,29.88,17,17,0,1.09,1.00,1.10,29.33,17,17,0,0.22,0.20,0.30,29.09,17,17,0
2105748,0.37,0.30,0.40,29.85,17,17,0,0.00,-0.10,0.10,29.09,17,17,0,0.31,0.30,0.40,29.16,17,17,0,1.24,-7.80,17.30,27.85,17,0,0,0.09,0.00,0.10,29.88,17,17,0,1.08,1.00,1.10,29.34,17,17,0,0.21,0.20,0.30,29.09,17,17,0
2106248,0.37,0.30,0.40,29.85,17,17,0,0.02,-0.10,0.10,29.09,17,17,0,0.31,0.30,0.40,29.17,17,17,0,-6.23,-20.60,47.30,27.86,17,0,0,0.09,0.00,0.20,29.89,17,17,0,1.06,1.00,1.10,29.33,17,17,0,0.22,0.20,0.30,29.08,17,17,0
2106753,0.36,0.30,0.40,29.85,17,17,0,0.02,-0.10,0.10,29.11,17,17,0,0.31,0.30,0.40,29.17,17,17,0,1.11,-21.40,16.20,27.87,17,0,0,0.10,0.10,0.10,29.88,17,17,0,1.08,1.00,1.10,29.34,17,17,0,0.22,0.20,0.30,29.09,17,17,0
2107253,0.36,0.30,0.40,29.85,17,17,0,0.00,-0.10,0.10,29.11,17,17,0,0.32,0.30,0.40,29.16,17,17,0,-9.57,-30.80,20.30,27.89,17,0,0,0.10,0.10,0.10,29.89,17,17,0,1.07,1.00,1.10,29.34,17,17,0,0.22,0.20,0.30,29.08,17,17,0
2107753,0.37,0.30,0.40,29.84,17,17,0,0.01,-0.10,0.10,29.10,17,17,0,0.32,0.30,0.40,29.15,17,17,0,4.72,-10.10,19.70,27.90,17,0,0,0.11,0.10,0.20,29.88,17,17,0,1.09,1.00,1.10,29.33,17,17,0,0.21,0.20,0.30,29.11,17,17,0
2108253,0.34,0.30,0.40,29.85,17,17,0,0.00,-0.10,0.10,29.10,17,17,0,0.31,0.30,0.40,29.15,17,17,0,-4.46,-14.30,6.90,27.93,17,0,0,0.09,0.00,0.10,29.90,17,17,0,1.08,1.00,1.10,29.34,17,17,0,0.23,0.20,0.30,29.10,17,17,0
2108766,0.37,0.30,0.40,29.84,17,17,0,0.00,-0.10,0.10,29.10,17,17,0,0.32,0.30,0.40,29.16,17,17,0,-18.52,-45.00,-2.70,27.92,17,0,0,0.10,0.10,0.10,29.88,17,17,0,1.09,1.00,1.10,29.33,17,17,0,0.23,0.20,0.30,29.09,17,17,0
2109269,0.35,0.30,0.40,29.86,17,17,0,-0.01,-0.10,0.10,29.10,17,17,0,0.31,0.30,0.40,29.16,17,17,0,-213.51,-1294.60,165.10,27.78,17,0,0,0.09,0.00,0.10,29.90,17,17,0,1.07,1.00,1.10,29.33,17,17,0,0.23,0.20,0.30,29.10,17,17,0
2109781,0.37,0.30,0.40,29.85,17,17,0,0.01,-0.10,0.10,29.11,17,17,0,0.32,0.30,0.40,29.17,17,17,0,1.06,-391.10,812.80,27.40,17,0,0,0.10,0.10,0.10,29.91,17,17,0,1.07,1.00,1.10,29.34,17,17,0,0.23,0.20,0.30,29.09,17,17,0
2110293,0.36,0.30,0.40,29.85,17,17,0,0.01,-0.10,0.10,29.10,17,17,0,0.31,0.30,0.40,29.17,17,17,0,-38.70,-435.50,1026.30,27.39,17,0,0,0.09,0.00,0.10,29.88,17,17,0,1.09,1.00,1.10,29.33,17,17,0,0.21,0.20,0.30,29.09,17,17,0
2110796,0.37,0.30,0.40,29.84,17,17,0,-0.01,-0.10,0.00,29.10,17,17,0,0.32,0.30,0.40,29.17,17,17,0,111.71,-331.80,1032.60,27.41,17,0,0,0.11,0.10,0.20,29.89,17,17,0,1.07,1.00,1.10,29.33,17,17,0,0.24,0.20,0.30,29.10,17,17,0
2111304,0.35,0.30,0.40,29.85,17,17,0,0.01,0.00,0.10,29.11,17,17,0,0.33,0.30,0.40,29.16,17,17,0,109.04,-384.90,796.60,27.47,17,0,0,0.09,0.00,0.10,29.90,17,17,0,1.09,1.00,1.10,29.34,17,17,0,0.22,0.20,0.30,29.10,17,17,0
2111816,0.34,0.30,0.40,29.86,17,17,0,-0.01,-0.10,0.10,29.12,17,17,0,0.32,0.30,0.40,29.17,17,17,0,232.66,-1355.50,1890.10,27.27,17,0,1,0.09,0.00,0.10,29.90,17,17,0,1.08,1.00,1.10,29.32,17,17,0,0.25,0.20,0.30,29.10,17,17,0
2112316,0.36,0.30,0.40,29.85,16,16,0,0.01,0.00,0.10,29.10,16,16,0,0.31,0.30,0.40,29.17,16,16,0,-201.68,-1835.70,2540.00,26.89,16,0,2,0.11,0.10,0.20,29.90,16,16,0,1.08,1.00,1.10,29.33,16,16,0,0.22,0.20,0.30,29.10,16,16,0
2112816,0.36,0.30,0.40,29.84,16,16,0,-0.02,-0.10,0.10,29.11,16,16,0,0.31,0.30,0.40,29.16,16,16,0,-177.12,-1378.10,1885.10,26.92,16,0,1,0.10,0.10,0.10,29.89,16,16,0,1.06,1.00,1.10,29.34,16,16,0,0.23,0.20,0.30,29.09,16,16,0
2113321,0.35,0.30,0.40,29.87,17,17,0,0.01,0.00,0.10,29.10,17,17,0,0.31,0.30,0.40,29.17,17,17,0,-72.61,-569.70,253.90,27.00,17,0,0,0.09,0.00,0.10,29.90,17,17,0,1.06,1.00,1.10,29.35,17,17,0,0.22,0.20,0.30,29.11,17,17,0
2113829,0.37,0.30,0.40,29.86,17,17,0,0.01,-0.10,0.10,29.12,17,17,0,0.32,0.30,0.40,29.17,17,17,0,-336.59,-2372.60,1036.60,26.32,17,0,6,0.11,0.00,0.20,29.90,17,17,0,1.08,1.00,1.10,29.35,17,17,0,0.21,0.20,0.30,29.10,17,17,0
2114329,0.35,0.30,0.40,29.85,17,17,0,0.00,-0.10,0.10,29.12,17,17,0,0.32,0.30,0.40,29.16,17,17,0,-91.58,-346.00,167.80,26.43,17,0,0,0.08,0.00,0.10,29.89,17,17,0,1.06,1.00,1.10,29.34,17,17,0,0.22,0.20,0.30,29.10,17,17,0
2114841,0.34,0.30,0.40,29.87,17,17,0,-0.01,-0.10,0.10,29.13,17,17,0,0.31,0.30,0.40,29.17,17,17,0,-99.89,-391.70,64.10,26.69,17,0,0,0.11,0.10,0.20,29.91,17,17,0,1.08,1.00,1.10,29.34,17,17,0,0.21,0.20,0.30,29.08,17,17,0
2115346,0.37,0.30,0.40,29.86,17,17,0,-0.02,-0.10,0.10,29.13,17,17,0,0.33,0.30,0.40,29.18,17,17,0,-430.78,-734.50,-121.40,26.40,17,0,0,0.09,0.00,0.10,29.90,17,17,0,1.06,1.00,1.10,29.36,17,17,0,0.22,0.20,0.30,29.09,17,17,0
2115848,0.38,0.30,0.40,29.85,16,16,0,0.02,0.00,0.10,29.11,16,16,0,0.33,0.30,0.40,29.16,16,16,0,-33.43,-261.70,485.40,26.19,16,0,0,0.10,0.10,0.10,29.88,16,16,0,1.06,1.00,1.10,29.35,16,16,0,0.21,0.20,0.30,29.11,16,16,0
2116352,0.37,0.30,0.40,29.85,17,17,0,0.01,-0.10,0.10,29.10,17,17,0,0.32,0.30,0.40,29.18,17,17,0,221.24,-321.60,745.90,26.45,17,0,0,0.11,0.10,0.20,29.90,17,17,0,1.09,1.00,1.10,29.34,17,17,0,0.23,0.20,0.30,29.10,17,17,0
2116856,0.35,0.30,0.40,29.87,17,17,0,0.02,-0.10,0.10,29.11,17,17,0,0.33,0.30,0.40,29.17,17,17,0,40.26,-145.90,234.20,26.58,17,0,0,0.10,0.10,0.10,29.92,17,17,0,1.06,1.00,1.10,29.35,17,17,0,0.23,0.20,0.30,29.11,17,17,0
2117357,0.36,0.30,0.40,29.86,17,17,0,0.02,0.00,0.10,29.14,17,17,0,0.32,0.30,0.40,29.17,17,17,0,-107.61,-1103.00,1539.80,26.70,17,0,0,0.09,0.00,0.10,29.91,17,17,0,1.10,1.10,1.10,29.35,17,17,0,0.22,0.20,0.30,29.09,17,17,0
2117857,0.36,0.30,0.40,29.86,17,17,0,0.01,-0.10,0.10,29.13,17,17,0,0.31,0.30,0.40,29.17,17,17,0,-757.26,-1449.10,-578.30,26.28,17,0,0,0.09,0.00,0.20,29.89,17,17,0,1.09,1.00,1.10,29.34,17,17,0,0.23,0.20,0.30,29.10,17,17,0
2118359,0.38,0.30,0.40,29.86,17,17,0,-0.01,-0.10,0.10,29.11,17,17,0,0.32,0.30,0.40,29.19,17,17,0,-610.51,-635.70,-581.70,25.81,17,0,0,0.09,0.00,0.10,29.91,17,17,0,1.08,1.00,1.10,29.34,17,17,0,0.20,0.20,0.20,29.11,17,17,0
2118869,0.34,0.30,0.40,29.86,17,17,0,-0.01,-0.10,0.10,29.12,17,17,0,0.33,0.30,0.40,29.19,17,17,0,-570.22,-595.60,-548.20,25.63,17,0,0,0.10,0.10,0.10,29.91,17,17,0,1.09,1.00,1.10,29.35,17,17,0,0.22,0.20,0.30,29.11,17,17,0
2119376,0.34,0.30,0.40,29.86,17,17,0,0.01,-0.10,0.10,29.13,17,17,0,0.33,0.30,0.40,29.20,17,17,0,-625.32,-777.20,-597.20,25.52,17,0,0,0.09,0.00,0.10,29.90,17,17,0,1.06,1.00,1.10,29.36,17,17,0,0.22,0.20,0.30,29.11,17,17,0
2119881,0.37,0.30,0.40,29.86,17,17,0,0.01,-0.10,0.10,29.13,17,17,0,0.30,0.30,0.30,29.18,17,17,0,-591.61,-667.30,-550.50,25.45,17,0,0,0.10,0.10,0.10,29.91,17,17,0,1.08,1.00,1.10,29.36,17,17,0,0.22,0.20,0.30,29.11,17,17,0
2120385,0.39,0.30,0.40,29.85,17,17,0,0.00,-0.10,0.10,29.11,17,17,0,0.32,0.30,0.40,29.18,17,17,0,-569.85,-608.10,-544.00,25.41,17,0,0,0.10,0.10,0.10,29.90,17,17,0,1.09,1.00,1.10,29.34,17,17,0,0.25,0.20,0.30,29.10,17,17,0
2120892,0.36,0.30,0.40,29.85,17,17,0,-0.02,-0.10,0.10,29.13,17,17,0,0.31,0.30,0.40,29.19,17,17,0,-592.69,-661.20,-571.90,25.38,17,0,0,0.11,0.00,0.20,29.90,17,17,0,1.08,1.00,1.10,29.36,17,17,0,0.22,0.20,0.30,29.11,17,17,0
2121397,0.35,0.30,0.40,29.86,17,17,0,0.00,-0.10,0.10,29.14,17,17,0,0.32,0.30,0.40,29.19,17,17,0,-633.22,-813.50,-576.60,25.31,17,0,0,0.11,0.10,0.20,29.92,17,17,0,1.08,1.00,1.10,29.36,17,17,0,0.24,0.20,0.30,29.11,17,17,0
2121897,0.36,0.30,0.40,29.86,16,16,0,0.00,-0.10,0.10,29.11,16,16,0,0.32,0.30,0.40,29.18,16,16,0,-636.23,-925.80,-501.60,25.28,16,0,0,0.09,0.00,0.10,29.90,16,16,0,1.08,1.00,1.10,29.36,16,16,0,0.21,0.20,0.30,29.11,16,16,0
2122402,0.35,0.30,0.40,29.87,17,17,0,0.01,0.00,0.10,29.14,17,17,0,0.32,0.30,0.40,29.21,17,17,0,-547.06,-618.20,-505.40,25.26,17,0,0,0.10,0.10,0.10,29.92,17,17,0,1.06,1.00,1.10,29.36,17,17,0,0.21,0.20,0.30,29.11,17,17,0
2122914,0.36,0.30,0.40,29.86,17,17,0,0.01,0.00,0.10,29.12,17,17,0,0.33,0.30,0.40,29.19,17,17,0,-546.26,-605.00,-496.40,25.28,17,0,0,0.10,0.00,0.20,29.92,17,17,0,1.09,1.00,1.10,29.36,17,17,0,0.23,0.20,0.30,29.11,17,17,0
2123419,0.38,0.30,0.40,29.88,17,17,0,0.00,-0.10,0.10,29.12,17,17,0,0.31,0.30,0.40,29.20,17,17,0,-497.65,-558.60,-472.50,25.27,17,0,0,0.10,0.10,0.10,29.92,17,17,0,1.07,1.00,1.10,29.36,17,17,0,0.22,0.20,0.30,29.11,17,17,0
2123919,0.36,0.30,0.40,29.87,17,17,0,0.04,-0.10,0.10,29.12,17,17,0,0.30,0.30,0.30,29.19,17,17,0,-443.85,-478.90,-426.10,25.29,17,0,0,0.10,0.10,0.10,29.92,17,17,0,1.08,1.00,1.10,29.36,17,17,0,0.22,0.20,0.30,29.10,17,17,0
2124420,0.37,0.30,0.40,29.87,17,17,0,0.01,-0.10,0.10,29.12,17,17,0,0.32,0.30,0.40,29.18,17,17,0,-380.73,-416.90,-297.40,25.34,17,0,0,0.09,0.00,0.10,29.91,17,17,0,1.06,1.00,1.10,29.37,17,17,0,0.22,0.20,0.30,29.12,17,17,0
2124924,0.37,0.30,0.40,29.86,17,17,0,0.02,-0.10,0.10,29.14,17,17,0,0.32,0.30,0.40,29.18,17,17,0,-358.46,-386.00,-328.50,25.37,17,0,0,0.09,0.00,0.10,29.92,17,17,0,1.07,1.00,1.10,29.35,17,17,0,0.23,0.20,0.30,29.13,17,17,0
2125426,0.36,0.30,0.40,29.87,17,17,0,0.01,-0.10,0.10,29.14,17,17,0,0.31,0.30,0.40,29.21,17,17,0,-322.01,-375.60,-295.50,25.40,17,0,0,0.11,0.10,0.20,29.91,17,17,0,1.07,1.00,1.10,29.36,17,17,0,0.23,0.20,0.30,29.10,17,17,0
2125926,0.36,0.30,0.40,29.88,17,17,0,0.02,0.00,0.10,29.14,17,17,0,0.31,0.30,0.40,29.18,17,17,0,-385.14,-689.90,-162.60,25.38,17,0,0,0.11,0.10,0.20,29.91,17,17,0,1.09,1.00,1.10,29.35,17,17,0,0.23,0.20,0.30,29.10,17,17,0
2126428,0.36,0.30,0.40,29.86,17,17,0,0.01,-0.10,0.10,29.15,17,17,0,0.34,0.30,0.40,29.20,17,17,0,-253.09,-326.70,-161.40,25.47,17,0,0,0.11,0.10,0.20,29.93,17,17,0,1.09,1.00,1.10,29.36,17,17,0,0.21,0.20,0.30,29.10,17,17,0
2126932,0.37,0.30,0.40,29.86,17,17,0,0.02,0.00,0.10,29.13,17,17,0,0.32,0.30,0.40,29.21,17,17,0,-264.96,-307.60,-232.20,25.48,17,0,0,0.10,0.10,0.10,29.91,17,17,0,1.08,1.00,1.10,29.36,17,17,0,0.22,0.20,0.30,29.10,17,17,0
2127432,0.36,0.30,0.40,29.86,17,17,0,-0.01,-0.10,0.10,29.12,17,17,0,0.32,0.30,0.40,29.20,17,17,0,-420.84,-612.70,-193.20,25.49,17,0,0,0.10,0.10,0.10,29.91,17,17,0,1.06,1.00,1.10,29.36,17,17,0,0.22,0.10,0.30,29.12,17,17,0
2127942,0.36,0.30,0.40,29.87,17,17,0,0.00,-0.10,0.10,29.14,17,17,0,0.30,0.30,0.30,29.20,17,17,0,-364.39,-666.90,-172.00,25.42,17,0,0,0.10,0.10,0.10,29.90,17,17,0,1.06,1.00,1.10,29.37,17,17,0,0.21,0.20,0.30,29.12,17,17,0
2128447,0.38,0.30,0.40,29.86,17,17,0,0.00,-0.10,0.10,29.13,17,17,0,0.34,0.30,0.40,29.19,17,17,0,-328.62,-427.20,-267.00,25.38,17,0,0,0.10,0.10,0.10,29.93,17,17,0,1.09,1.00,1.10,29.36,17,17,0,0.23,0.20,0.30,29.11,17,17,0
2128957,0.36,0.30,0.40,29.87,17,17,0,0.04,-0.10,0.10,29.13,17,17,0,0.32,0.30,0.40,29.21,17,17,0,-319.30,-621.60,-264.90,25.41,17,0,0,0.09,0.00,0.10,29.92,17,17,0,1.09,1.00,1.10,29.36,17,17,0,0.22,0.20,0.30,29.12,17,17,0
2129457,0.35,0.30,0.40,29.84,17,17,0,0.03,0.00,0.10,29.13,17,17,0,0.34,0.30,0.40,29.21,17,17,0,-273.21,-323.70,-240.10,25.41,17,0,0,0.10,0.10,0.10,29.91,17,17,0,1.07,1.00,1.10,29.34,17,17,0,0.24,0.20,0.30,29.10,17,17,0
2129958,0.36,0.30,0.40,29.87,17,17,0,0.01,0.00,0.10,29.14,17,17,0,0.34,0.30,0.40,29.20,17,17,0,-314.92,-660.20,-135.80,25.40,17,0,0,0.10,0.10,0.10,29.92,17,17,0,1.06,1.00,1.10,29.36,17,17,0,0.24,0.20,0.30,29.10,17,17,0
2130458,0.35,0.30,0.40,29.86,17,17,0,0.01,-0.10,0.10,29.13,17,17,0,0.34,0.30,0.40,29.20,17,17,0,-279.02,-316.20,-242.70,25.44,17,0,0,0.10,0.10,0.10,29.93,17,17,0,1.07,1.00,1.10,29.36,17,17,0,0.21,0.20,0.30,29.12,17,17,0
2130967,0.36,0.30,0.40,29.86,17,17,0,0.01,-0.10,0.10,29.14,17,17,0,0.33,0.30,0.40,29.19,17,17,0,-328.08,-373.70,-270.70,25.45,17,0,0,0.10,0.10,0.10,29.90,17,17,0,1.08,1.00,1.10,29.37,17,17,0,0.23,0.20,0.30,29.13,17,17,0
2131475,0.36,0.30,0.40,29.88,17,17,0,0.01,-0.10,0.10,29.14,17,17,0,0.32,0.30,0.40,29.21,17,17,0,-292.85,-326.60,-274.30,25.42,17,0,0,0.10,0.10,0.10,29.93,17,17,0,1.07,1.00,1.10,29.36,17,17,0,0.23,0.20,0.30,29.11,17,17,0
2131975,0.36,0.30,0.40,29.85,17,17,0,0.01,-0.10,0.10,29.14,17,17,0,0.32,0.30,0.40,29.21,17,17,0,-377.01,-643.60,-331.60,25.39,17,0,0,0.11,0.00,0.20,29.90,17,17,0,1.08,1.00,1.10,29.37,17,17,0,0.22,0.20,0.30,29.12,17,17,0
2132477,0.36,0.30,0.40,29.87,17,17,0,0.02,-0.10,0.10,29.15,17,17,0,0.32,0.30,0.40,29.19,17,17,0,-342.94,-465.90,-322.40,25.34,17,0,0,0.10,0.00,0.20,29.92,17,17,0,1.08,1.00,1.10,29.38,17,17,0,0.21,0.20,0.30,29.11,17,17,0
2132981,0.39,0.30,0.40,29.86,17,17,0,0.02,0.00,0.10,29.14,17,17,0,0.32,0.30,0.40,29.20,17,17,0,-264.07,-311.40,-215.70,25.41,17,0,0,0.10,0.10,0.10,29.91,17,17,0,1.08,1.00,1.10,29.37,17,17,0,0.21,0.20,0.30,29.11,17,17,0
2133482,0.37,0.30,0.40,29.86,17,17,0,0.02,-0.10,0.10,29.12,17,17,0,0.32,0.30,0.40,29.20,17,17,0,-361.02,-485.00,-308.30,25.38,17,0,0,0.10,0.10,0.10,29.90,17,17,0,1.08,1.00,1.10,29.37,17,17,0,0.23,0.20,0.30,29.10,17,17,0
2133982,0.38,0.30,0.40,29.88,17,17,0,0.01,-0.10,0.10,29.14,17,17,0,0.32,0.30,0.40,29.21,17,17,0,-270.46,-302.40,-216.10,25.40,17,0,0,0.10,0.10,0.10,29.91,17,17,0,1.07,1.00,1.10,29.36,17,17,0,0.24,0.20,0.30,29.11,17,17,0
2134482,0.38,0.30,0.40,29.87,17,17,0,-0.02,-0.10,0.10,29.13,17,17,0,0.32,0.30,0.40,29.21,17,17,0,-210.04,-234.80,-191.40,25.45,17,0,0,0.09,0.00,0.10,29.91,17,17,0,1.09,1.00,1.10,29.36,17,17,0,0.22,0.20,0.30,29.10,17,17,0
2134988,0.38,0.30,0.40,29.86,16,16,0,0.01,-0.10,0.10,29.13,16,16,0,0.31,0.30,0.40,29.20,16,16,0,-201.44,-220.90,-160.20,25.49,16,0,0,0.10,0.10,0.10,29.90,16,16,0,1.08,1.00,1.10,29.35,16,16,0,0.22,0.20,0.30,29.12,16,16,0
2135492,0.37,0.30,0.40,29.86,17,17,0,-0.01,-0.10,0.10,29.14,17,17,0,0.31,0.30,0.40,29.22,17,17,0,-116.51,-137.40,-76.50,25.58,17,0,0,0.10,0.00,0.20,29.92,17,17,0,1.09,1.00,1.10,29.37,17,17,0,0.22,0.20,0.30,29.12,17,17,0
2135995,0.39,0.30,0.40,29.88,17,17,0,-0.01,-0.10,0.10,29.12,17,17,0,0.31,0.30,0.40,29.22,17,17,0,-145.65,-212.90,-106.60,25.70,17,0,0,0.09,0.00,0.10,29.92,17,17,0,1.07,1.00,1.10,29.37,17,17,0,0.22,0.20,0.30,29.12,17,17,0
2136495,0.38,0.30,0.40,29.86,17,17,0,0.03,0.00,0.10,29.14,17,17,0,0.33,0.30,0.40,29.21,17,17,0,-237.10,-250.00,-224.40,25.64,17,0,0,0.11,0.10,0.20,29.91,17,17,0,1.06,1.00,1.20,29.35,17,17,0,0.23,0.20,0.30,29.11,17,17,0
2137002,0.35,0.30,0.40,29.85,17,17,0,0.02,-0.10,0.10,29.13,17,17,0,0.34,0.30,0.40,29.19,17,17,0,-244.32,-251.40,-238.30,25.56,17,0,0,0.09,0.00,0.10,29.91,17,17,0,1.08,1.00,1.10,29.37,17,17,0,0.24,0.20,0.30,29.11,17,17,0
2137506,0.38,0.30,0.40,29.87,17,17,0,0.02,0.00,0.10,29.14,17,17,0,0.32,0.30,0.40,29.21,17,17,0,-323.08,-640.40,-253.60,25.52,17,0,0,0.09,0.00,0.10,29.91,17,17,0,1.07,1.00,1.10,29.37,17,17,0,0.22,0.20,0.30,29.11,17,17,0
2138010,0.37,0.30,0.40,29.87,17,17,0,0.01,-0.10,0.10,29.13,17,17,0,0.33,0.30,0.40,29.20,17,17,0,-330.31,-683.50,-233.80,25.45,17,0,0,0.11,0.10,0.20,29.90,17,17,0,1.10,1.10,1.10,29.37,17,17,0,0.23,0.20,0.30,29.12,17,17,0
2138513,0.36,0.30,0.40,29.88,17,17,0,0.02,-0.10,0.10,29.13,17,17,0,0.32,0.30,0.40,29.21,17,17,0,-308.19,-428.00,-138.70,25.38,17,0,0,0.10,0.10,0.10,29.92,17,17,0,1.08,1.00,1.10,29.36,17,17,0,0.25,0.20,0.30,29.11,17,17,0
2139013,0.36,0.30,0.40,29.86,17,17,0,0.01,0.00,0.10,29.16,17,17,0,0.31,0.30,0.40,29.22,17,17,0,-267.56,-296.10,-258.50,25.41,17,0,0,0.09,0.00,0.10,29.93,17,17,0,1.08,1.00,1.10,29.37,17,17,0,0.24,0.20,0.30,29.11,17,17,0
2139522,0.37,0.30,0.40,29.87,17,17,0,0.00,-0.10,0.10,29.13,17,17,0,0.34,0.30,0.40,29.21,17,17,0,-276.77,-298.20,-266.20,25.42,17,0,0,0.09,0.00,0.10,29.91,17,17,0,1.09,1.00,1.10,29.36,17,17,0,0.24,0.20,0.30,29.13,17,17,0
2140022,0.38,0.30,0.40,29.88,17,17,0,0.01,0.00,0.10,29.14,17,17,0,0.31,0.30,0.40,29.21,17,17,0,-324.79,-346.90,-308.50,25.38,17,0,0,0.10,0.10,0.10,29.92,17,17,0,1.08,1.00,1.10,29.37,17,17,0,0.24,0.20,0.30,29.13,17,17,0
2140524,0.36,0.30,0.40,29.87,17,17,0,0.00,-0.10,0.10,29.14,17,17,0,0.34,0.30,0.40,29.21,17,17,0,-341.83,-461.30,-252.20,25.35,17,0,0,0.11,0.10,0.20,29.92,17,17,0,1.08,1.00,1.10,29.37,17,17,0,0.24,0.20,0.30,29.13,17,17,0
2141024,0.38,0.30,0.40,29.86,17,17,0,-0.01,-0.10,0.00,29.14,17,17,0,0.32,0.30,0.40,29.20,17,17,0,-351.19,-418.90,-306.60,25.32,17,0,0,0.11,0.10,0.20,29.91,17,17,0,1.08,1.00,1.10,29.35,17,17,0,0.25,0.20,0.30,29.13,17,17,0
2141532,0.35,0.30,0.40,29.87,17,17,0,0.02,-0.10,0.10,29.13,17,17,0,0.33,0.30,0.40,29.22,17,17,0,-363.14,-385.90,-347.50,25.30,17,0,0,0.11,0.10,0.20,29.93,17,17,0,1.09,1.00,1.10,29.35,17,17,0,0.22,0.20,0.30,29.12,17,17,0
2142038,0.36,0.30,0.40,29.84,17,17,0,0.02,-0.10,0.10,29.14,17,17,0,0.32,0.30,0.40,29.23,17,17,0,-341.83,-379.30,-269.50,25.29,17,0,0,0.10,0.10,0.10,29.94,17,17,0,1.05,1.00,1.10,29.35,17,17,0,0.22,0.20,0.30,29.11,17,17,0
2142538,0.35,0.30,0.40,29.87,17,17,0,0.01,-0.10,0.10,29.14,17,17,0,0.33,0.30,0.40,29.20,17,17,0,-439.78,-710.60,-282.60,25.27,17,0,0,0.10,0.10,0.10,29.93,17,17,0,1.08,1.00,1.10,29.37,17,17,0,0.22,0.20,0.30,29.11,17,17,0
2143045,0.37,0.30,0.40,29.88,17,17,0,0.00,-0.10,0.10,29.14,17,17,0,0.32,0.30,0.40,29.21,17,17,0,-400.42,-433.70,-364.60,25.24,17,0,0,0.11,0.10,0.20,29.92,17,17,0,1.08,1.00,1.10,29.35,17,17,0,0.20,0.20,0.20,29.13,17,17,0
2143545,0.38,0.30,0.40,29.86,17,17,0,0.01,-0.10,0.10,29.15,17,17,0,0.32,0.30,0.40,29.21,17,17,0,-399.89,-500.90,-363.00,25.23,17,0,0,0.08,0.00,0.10,29.93,17,17,0,1.08,1.00,1.10,29.37,17,17,0,0.21,0.20,0.30,29.12,17,17,0
2144047,0.38,0.30,0.40,29.87,17,17,0,0.00,-0.10,0.10,29.15,17,17,0,0.32,0.30,0.40,29.20,17,17,0,-503.51,-603.70,-456.00,25.18,17,0,0,0.11,0.10,0.20,29.92,17,17,0,1.07,1.00,1.10,29.36,17,17,0,0.22,0.20,0.30,29.11,17,17,0
2144547,0.35,0.30,0.40,29.86,17,17,0,0.02,-0.10,0.10,29.15,17,17,0,0.31,0.30,0.40,29.20,17,17,0,-398.92,-529.10,-266.20,25.20,17,0,0,0.09,0.00,0.10,29.93,17,17,0,1.08,1.00,1.10,29.35,17,17,0,0.25,0.20,0.30,29.10,17,17,0
2145054,0.37,0.30,0.40,29.86,17,17,0,0.00,-0.10,0.10,29.13,17,17,0,0.33,0.30,0.40,29.21,17,17,0,-489.08,-559.80,-411.50,25.14,17,0,0,0.11,0.10,0.20,29.93,17,17,0,1.08,1.00,1.10,29.35,17,17,0,0.22,0.20,0.30,29.11,17,17,0
2145554,0.36,0.30,0.40,29.86,17,17,0,0.01,-0.10,0.10,29.13,17,17,0,0.31,0.30,0.40,29.22,17,17,0,-506.88,-629.40,-454.20,25.12,17,0,0,0.10,0.00,0.20,29.92,17,17,0,1.09,1.00,1.10,29.36,17,17,0,0.22,0.20,0.30,29.12,17,17,0
2146054,0.38,0.30,0.40,29.87,17,17,0,0.01,-0.10,0.10,29.15,17,17,0,0.32,0.30,0.40,29.21,17,17,0,-572.02,-683.00,-462.80,25.09,17,0,0,0.11,0.10,0.20,29.91,17,17,0,1.07,1.00,1.10,29.36,17,17,0,0.22,0.20,0.30,29.13,17,17,0
2146557,0.36,0.30,0.40,29.85,17,17,0,0.00,-0.10,0.10,29.15,17,17,0,0.32,0.30,0.40,29.21,17,17,0,-630.62,-844.20,-550.90,25.04,17,0,0,0.09,0.00,0.10,29.93,17,17,0,1.09,1.00,1.10,29.36,17,17,0,0.21,0.20,0.30,29.12,17,17,0
2147061,0.39,0.30,0.40,29.86,17,17,0,-0.02,-0.10,0.00,29.14,17,17,0,0.34,0.30,0.40,29.21,17,17,0,-707.31,-814.50,-567.90,24.99,17,0,0,0.10,0.10,0.10,29.93,17,17,0,1.08,1.00,1.10,29.35,17,17,0,0.21,0.20,0.30,29.11,17,17,0
2147569,0.36,0.30,0.40,29.88,17,17,0,0.00,-0.10,0.10,29.14,17,17,0,0.32,0.30,0.40,29.22,17,17,0,-539.11,-718.90,-371.50,25.01,17,0,0,0.10,0.10,0.10,29.91,17,17,0,1.09,1.00,1.10,29.38,17,17,0,0.22,0.20,0.30,29.11,17,17,0
2148074,0.39,0.30,0.40,29.87,17,17,0,0.01,-0.10,0.10,29.14,17,17,0,0.31,0.30,0.40,29.22,17,17,0,-513.52,-674.70,-437.50,25.04,17,0,0,0.11,0.00,0.20,29.91,17,17,0,1.09,1.00,1.10,29.37,17,17,0,0.21,0.20,0.30,29.12,17,17,0
2148576,0.37,0.30,0.40,29.85,17,17,0,0.02,0.00,0.10,29.14,17,17,0,0.32,0.30,0.40,29.21,17,17,0,-795.35,-874.60,-632.00,24.97,17,0,0,0.09,0.00,0.10,29.93,17,17,0,1.08,1.00,1.10,29.35,17,17,0,0.21,0.20,0.30,29.12,17,17,0
2149082,0.36,0.30,0.40,29.86,17,17,0,0.02,0.00,0.10,29.15,17,17,0,0.32,0.30,0.40,29.23,17,17,0,-564.44,-656.80,-475.80,24.94,17,0,0,0.10,0.10,0.10,29.91,17,17,0,1.09,1.00,1.10,29.38,17,17,0,0.22,0.20,0.30,29.11,17,17,0
2149582,0.38,0.30,0.40,29.87,17,17,0,0.01,0.00,0.10,29.16,17,17,0,0.32,0.30,0.40,29.21,17,17,0,-493.78,-548.00,-460.40,25.01,17,0,0,0.11,0.10,0.20,29.92,17,17,0,1.08,1.00,1.10,29.35,17,17,0,0.23,0.20,0.30,29.12,17,17,0
2150084,0.36,0.30,0.40,29.86,17,17,0,0.02,-0.10,0.10,29.14,17,17,0,0.32,0.30,0.40,29.20,17,17,0,-481.69,-562.20,-430.90,25.02,17,0,0,0.10,0.10,0.10,29.92,17,17,0,1.07,1.00,1.10,29.36,17,17,0,0.23,0.20,0.30,29.13,17,17,0
2150584,0.38,0.30,0.40,29.85,17,17,0,-0.01,-0.10,0.10,29.14,17,17,0,0.32,0.30,0.40,29.20,17,17,0,-481.55,-536.10,-442.00,25.02,17,0,0,0.11,0.10,0.20,29.92,17,17,0,1.07,1.00,1.10,29.36,17,17,0,0.24,0.20,0.30,29.12,17,17,0
2151097,0.37,0.30,0.40,29.85,17,17,0,-0.01,-0.10,0.00,29.15,17,17,0,0.32,0.30,0.40,29.21,17,17,0,-868.21,-929.00,-800.40,24.93,17,0,0,0.10,0.10,0.10,29.93,17,17,0,1.08,1.00,1.10,29.36,17,17,0,0.23,0.20,0.30,29.12,17,17,0
2151597,0.38,0.30,0.40,29.87,17,17,0,0.01,-0.10,0.10,29.13,17,17,0,0.31,0.30,0.40,29.20,17,17,0,-894.54,-928.20,-818.00,24.86,17,0,0,0.09,0.00,0.10,29.91,17,17,0,1.08,1.00,1.10,29.36,17,17,0,0.24,0.20,0.30,29.11,17,17,0
2152105,0.38,0.30,0.40,29.86,17,17,0,0.02,-0.10,0.10,29.13,17,17,0,0.34,0.30,0.40,29.22,17,17,0,-802.78,-898.30,-510.20,24.84,17,0,0,0.10,0.10,0.10,29.92,17,17,0,1.08,1.00,1.10,29.37,17,17,0,0.24,0.20,0.30,29.14,17,17,0
2152605,0.38,0.30,0.40,29.85,17,17,0,0.01,-0.10,0.10,29.14,17,17,0,0.31,0.30,0.40,29.21,17,17,0,-1.60,-1.90,-1.30,25.49,17,17,0,0.10,0.10,0.10,29.92,17,17,0,1.08,1.00,1.10,29.35,17,17,0,0.25,0.20,0.30,29.12,17,17,0
2153106,0.38,0.30,0.40,29.86,17,17,0,-0.02,-0.10,0.10,29.14,17,17,0,0.33,0.30,0.40,29.21,17,17,0,-333.51,-1056.20,-1.10,25.84,17,12,2,0.11,0.10,0.20,29.91,17,17,0,1.07,1.00,1.10,29.35,17,17,0,0.22,0.20,0.30,29.12,17,17,0
2153606,0.36,0.30,0.40,29.85,16,16,0,0.01,-0.10,0.10,29.15,16,16,0,0.31,0.30,0.40,29.20,16,16,0,-962.06,-991.50,-906.00,25.10,16,0,0,0.10,0.10,0.10,29.92,16,16,0,1.07,1.00,1.10,29.36,16,16,0,0.24,0.20,0.30,29.12,16,16,0
2154110,0.35,0.30,0.40,29.86,17,17,0,0.02,0.00,0.10,29.15,17,17,0,0.34,0.30,0.40,29.21,17,17,0,-877.05,-922.50,-801.70,24.91,17,0,0,0.10,0.00,0.20,29.92,17,17,0,1.07,1.00,1.10,29.36,17,17,0,0.23,0.20,0.30,29.14,17,17,0
2154617,0.35,0.30,0.40,29.85,17,17,0,0.00,-0.10,0.10,29.14,17,17,0,0.32,0.30,0.40,29.20,17,17,0,-863.66,-896.70,-834.80,24.85,17,0,0,0.10,0.10,0.10,29.92,17,17,0,1.09,1.00,1.10,29.35,17,17,0,0.21,0.20,0.30,29.13,17,17,0
2155128,0.34,0.30,0.40,29.88,17,17,0,0.01,-0.10,0.10,29.13,17,17,0,0.31,0.30,0.40,29.20,17,17,0,-821.78,-891.80,-797.00,24.81,17,0,0,0.09,0.00,0.10,29.92,17,17,0,1.07,1.00,1.10,29.36,17,17,0,0.23,0.20,0.30,29.12,17,17,0
2155635,0.36,0.30,0.40,29.85,17,17,0,0.01,-0.10,0.10,29.13,17,17,0,0.32,0.30,0.40,29.21,17,17,0,-910.20,-930.70,-869.40,24.81,17,0,0,0.11,0.10,0.20,29.92,17,17,0,1.07,1.00,1.10,29.37,17,17,0,0.22,0.20,0.30,29.14,17,17,0
2156139,0.35,0.30,0.40,29.85,17,17,0,-0.01,-0.10,0.10,29.14,17,17,0,0.33,0.30,0.40,29.22,17,17,0,-692.42,-883.20,-510.30,24.81,17,0,0,0.10,0.10,0.10,29.93,17,17,0,1.08,1.00,1.10,29.37,17,17,0,0.22,0.20,0.30,29.13,17,17,0
2156650,0.35,0.30,0.40,29.86,17,17,0,0.01,0.00,0.10,29.13,17,17,0,0.32,0.30,0.40,29.21,17,17,0,-812.49,-827.70,-795.50,24.81,17,0,0,0.11,0.10,0.20,29.91,17,17,0,1.08,1.00,1.10,29.35,17,17,0,0.22,0.10,0.30,29.11,17,17,0
2157150,0.35,0.30,0.40,29.85,16,16,0,0.04,0.00,0.10,29.14,16,16,0,0.33,0.30,0.40,29.21,16,16,0,-651.63,-768.70,-579.40,24.81,16,0,0,0.09,0.00,0.10,29.93,16,16,0,1.08,1.00,1.10,29.36,16,16,0,0.23,0.20,0.30,29.13,16,16,0
2157650,0.38,0.30,0.40,29.87,17,17,0,0.01,-0.10,0.10,29.14,17,17,0,0.32,0.30,0.40,29.20,17,17,0,-718.71,-734.90,-668.00,24.82,17,0,0,0.10,0.10,0.10,29.92,17,17,0,1.09,1.00,1.10,29.35,17,17,0,0.21,0.20,0.30,29.13,17,17,0
2158151,0.35,0.30,0.40,29.86,17,17,0,0.00,-0.10,0.10,29.14,17,17,0,0.31,0.30,0.40,29.19,17,17,0,-708.10,-718.00,-698.40,24.82,17,0,0,0.10,0.00,0.20,29.92,17,17,0,1.06,1.00,1.10,29.36,17,17,0,0.22,0.20,0.30,29.14,17,17,0
2158651,0.35,0.30,0.40,29.85,17,17,0,0.01,-0.10,0.10,29.14,17,17,0,0.32,0.30,0.40,29.22,17,17,0,-702.03,-707.80,-696.50,24.81,17,0,0,0.11,0.10,0.20,29.93,17,17,0,1.08,1.00,1.10,29.36,17,17,0,0.22,0.20,0.30,29.13,17,17,0
2159152,0.36,0.30,0.40,29.86,17,17,0,-0.01,-0.10,0.10,29.14,17,17,0,0.34,0.30,0.40,29.20,17,17,0,-707.74,-720.60,-698.40,24.83,17,0,0,0.10,0.10,0.10,29.92,17,17,0,1.07,1.00,1.10,29.36,17,17,0,0.21,0.10,0.30,29.13,17,17,0
2159656,0.35,0.30,0.40,29.88,17,17,0,0.01,-0.10,0.10,29.13,17,17,0,0.31,0.30,0.40,29.21,17,17,0,-707.69,-720.90,-690.40,24.83,17,0,0,0.10,0.10,0.10,29.93,17,17,0,1.08,1.00,1.10,29.36,17,17,0,0.23,0.20,0.30,29.13,17,17,0
2160156,0.36,0.30,0.40,29.86,17,17,0,0.01,0.00,0.10,29.16,17,17,0,0.34,0.30,0.40,29.21,17,17,0,-716.06,-742.90,-692.40,24.82,17,0,0,0.11,0.10,0.20,29.92,17,17,0,1.08,1.00,1.10,29.36,17,17,0,0.23,0.20,0.30,29.13,17,17,0
2160657,0.36,0.30,0.40,29.88,17,17,0,-0.01,-0.10,0.10,29.14,17,17,0,0.34,0.30,0.40,29.23,17,17,0,-687.26,-700.40,-677.30,24.83,17,0,0,0.11,0.10,0.20,29.92,17,17,0,1.07,1.00,1.10,29.36,17,17,0,0.22,0.20,0.30,29.13,17,17,0
2161162,0.36,0.30,0.40,29.86,17,17,0,0.01,-0.10,0.10,29.14,17,17,0,0.31,0.30,0.40,29.20,17,17,0,-658.69,-678.70,-625.50,24.83,17,0,0,0.10,0.10,0.10,29.93,17,17,0,1.09,1.00,1.10,29.35,17,17,0,0.24,0.20,0.30,29.13,17,17,0
2161670,0.35,0.30,0.40,29.86,17,17,0,0.00,-0.10,0.10,29.15,17,17,0,0.33,0.30,0.40,29.21,17,17,0,-658.61,-678.10,-628.10,24.83,17,0,0,0.09,0.00,0.10,29.93,17,17,0,1.08,1.00,1.10,29.35,17,17,0,0.23,0.20,0.30,29.12,17,17,0
2162171,0.36,0.30,0.40,29.85,17,17,0,0.02,-0.10,0.10,29.15,17,17,0,0.32,0.30,0.40,29.22,17,17,0,-670.98,-691.30,-651.80,24.83,17,0,0,0.11,0.10,0.20,29.94,17,17,0,1.09,1.00,1.10,29.37,17,17,0,0.19,0.10,0.20,29.11,17,17,0
2162672,0.37,0.30,0.40,29.86,17,17,0,0.02,-0.10,0.10,29.15,17,17,0,0.32,0.30,0.40,29.21,17,17,0,-680.54,-710.40,-628.80,24.84,17,0,0,0.10,0.10,0.10,29.92,17,17,0,1.09,1.00,1.10,29.36,17,17,0,0.21,0.20,0.30,29.13,17,17,0
2163172,0.38,0.30,0.40,29.85,17,17,0,0.00,-0.10,0.10,29.14,17,17,0,0.31,0.30,0.40,29.21,17,17,0,-707.32,-727.70,-693.00,24.79,17,0,0,0.11,0.10,0.20,29.93,17,17,0,1.08,1.00,1.10,29.37,17,17,0,0.22,0.20,0.30,29.12,17,17,0
2163672,0.37,0.30,0.40,29.86,17,17,0,0.01,0.00,0.10,29.12,17,17,0,0.31,0.30,0.40,29.22,17,17,0,-760.06,-847.60,-618.30,24.80,17,0,0,0.11,0.10,0.20,29.94,17,17,0,1.08,1.00,1.10,29.36,17,17,0,0.22,0.20,0.30,29.14,17,17,0
2164174,0.35,0.30,0.40,29.86,17,17,0,0.01,-0.10,0.10,29.13,17,17,0,0.32,0.30,0.40,29.21,17,17,0,-764.74,-840.00,-721.20,24.76,17,0,0,0.10,0.10,0.10,29.93,17,17,0,1.08,1.00,1.10,29.37,17,17,0,0.21,0.20,0.30,29.13,17,17,0
2164678,0.34,0.30,0.40,29.86,17,17,0,0.01,0.00,0.10,29.14,17,17,0,0.31,0.30,0.40,29.22,17,17,0,-672.54,-755.50,-610.40,24.80,17,0,0,0.10,0.10,0.10,29.93,17,17,0,1.07,1.00,1.10,29.35,17,17,0,0.23,0.20,0.30,29.13,17,17,0
2165180,0.35,0.30,0.40,29.88,17,17,0,0.01,-0.10,0.10,29.13,17,17,0,0.30,0.30,0.30,29.20,17,17,0,-640.61,-683.20,-607.90,24.80,17,0,0,0.10,0.10,0.10,29.94,17,17,0,1.06,1.00,1.10,29.38,17,17,0,0.22,0.20,0.30,29.12,17,17,0
2165680,0.36,0.30,0.40,29.86,17,17,0,0.02,-0.10,0.10,29.16,17,17,0,0.31,0.30,0.40,29.22,17,17,0,-673.77,-683.70,-640.60,24.82,17,0,0,0.10,0.00,0.20,29.94,17,17,0,1.07,1.00,1.10,29.38,17,17,0,0.22,0.20,0.30,29.13,17,17,0
2166187,0.36,0.30,0.40,29.86,17,17,0,0.01,-0.10,0.10,29.14,17,17,0,0.30,0.30,0.30,29.22,17,17,0,-682.18,-687.20,-676.90,24.81,17,0,0,0.10,0.10,0.10,29.94,17,17,0,1.06,1.00,1.10,29.36,17,17,0,0.21,0.20,0.30,29.13,17,17,0
2166687,0.34,0.30,0.40,29.87,17,17,0,0.00,-0.10,0.10,29.14,17,17,0,0.32,0.30,0.40,29.21,17,17,0,-699.35,-711.90,-690.10,24.80,17,0,0,0.10,0.00,0.20,29.94,17,17,0,1.08,1.00,1.10,29.37,17,17,0,0.24,0.20,0.30,29.15,17,17,0
2167199,0.37,0.30,0.40,29.87,17,17,0,-0.01,-0.10,0.10,29.14,17,17,0,0.31,0.30,0.40,29.23,17,17,0,-723.04,-748.70,-703.50,24.79,17,0,0,0.09,0.00,0.10,29.95,17,17,0,1.08,1.00,1.10,29.36,17,17,0,0.22,0.20,0.30,29.13,17,17,0
2167710,0.38,0.30,0.40,29.87,17,17,0,-0.01,-0.10,0.10,29.15,17,17,0,0.31,0.30,0.40,29.21,17,17,0,-724.30,-755.30,-699.50,24.79,17,0,0,0.10,0.10,0.10,29.94,17,17,0,1.09,1.00,1.10,29.37,17,17,0,0.24,0.20,0.30,29.11,17,17,0
2168210,0.36,0.30,0.40,29.86,17,17,0,0.02,-0.10,0.10,29.14,17,17,0,0.31,0.30,0.40,29.21,17,17,0,-691.08,-702.50,-684.30,24.78,17,0,0,0.10,0.10,0.10,29.95,17,17,0,1.08,1.00,1.20,29.37,17,17,0,0.24,0.20,0.30,29.12,17,17,0
2168717,0.37,0.30,0.40,29.87,17,17,0,-0.03,-0.10,0.00,29.13,17,17,0,0.31,0.30,0.40,29.23,17,17,0,-740.79,-847.20,-674.30,24.77,17,0,0,0.10,0.10,0.10,29.93,17,17,0,1.06,1.00,1.10,29.36,17,17,0,0.24,0.20,0.30,29.12,17,17,0
2169229,0.35,0.30,0.40,29.88,17,17,0,-0.01,-0.10,0.10,29.15,17,17,0,0.31,0.30,0.40,29.23,17,17,0,-854.09,-858.40,-848.90,24.74,17,0,0,0.10,0.10,0.10,29.94,17,17,0,1.08,1.00,1.10,29.37,17,17,0,0.24,0.20,0.30,29.12,17,17,0
2169736,0.35,0.30,0.40,29.87,17,17,0,0.02,-0.10,0.10,29.15,17,17,0,0.32,0.30,0.40,29.22,17,17,0,-866.60,-872.50,-858.90,24.72,17,0,0,0.09,0.00,0.10,29.94,17,17,0,1.08,1.00,1.10,29.35,17,17,0,0.23,0.20,0.30,29.12,17,17,0
2170246,0.36,0.30,0.40,29.86,17,17,0,0.03,0.00,0.10,29.16,17,17,0,0.31,0.30,0.40,29.23,17,17,0,-883.35,-897.50,-873.70,24.70,17,0,0,0.11,0.10,0.20,29.94,17,17,0,1.08,1.00,1.10,29.36,17,17,0,0.21,0.20,0.30,29.13,17,17,0
2170747,0.35,0.30,0.40,29.88,17,17,0,0.01,-0.10,0.10,29.16,17,17,0,0.30,0.30,0.30,29.23,17,17,0,-867.68,-894.00,-858.20,24.70,17,0,0,0.10,0.00,0.20,29.94,17,17,0,1.09,1.00,1.10,29.36,17,17,0,0.23,0.20,0.30,29.14,17,17,0
2171256,0.35,0.30,0.40,29.86,17,17,0,-0.01,-0.10,0.10,29.15,17,17,0,0.31,0.30,0.40,29.23,17,17,0,-851.18,-854.90,-841.40,24.68,17,0,0,0.10,0.10,0.10,29.96,17,17,0,1.06,1.00,1.10,29.36,17,17,0,0.22,0.20,0.30,29.13,17,17,0
2171766,0.35,0.30,0.40,29.86,17,17,0,0.01,-0.10,0.10,29.15,17,17,0,0.32,0.30,0.40,29.22,17,17,0,-853.62,-856.40,-848.50,24.70,17,0,0,0.10,0.10,0.10,29.93,17,17,0,1.07,1.00,1.10,29.36,17,17,0,0.24,0.20,0.30,29.13,17,17,0
2172270,0.34,0.30,0.40,29.88,16,16,0,0.00,0.00,0.00,29.15,16,16,0,0.31,0.30,0.40,29.23,16,16,0,-860.09,-863.50,-856.80,24.69,16,0,0,0.10,0.10,0.10,29.96,16,16,0,1.07,1.00,1.10,29.36,16,16,0,0.23,0.20,0.30,29.14,16,16,0
2172770,0.32,0.30,0.40,29.88,17,17,0,0.01,-0.10,0.10,29.15,17,17,0,0.32,0.30,0.40,29.24,17,17,0,-871.59,-879.10,-863.00,24.69,17,0,0,0.11,0.10,0.20,29.95,17,17,0,1.08,1.00,1.10,29.38,17,17,0,0.25,0.20,0.30,29.13,17,17,0
2173282,0.35,0.30,0.40,29.88,17,17,0,-0.01,-0.10,0.00,29.15,17,17,0,0.32,0.30,0.40,29.24,17,17,0,-884.01,-904.30,-865.90,24.68,17,0,0,0.10,0.10,0.10,29.95,17,17,0,1.08,1.00,1.10,29.36,17,17,0,0.22,0.20,0.30,29.15,17,17,0
2173782,0.36,0.30,0.40,29.87,16,16,0,0.00,-0.10,0.10,29.15,16,16,0,0.31,0.30,0.40,29.24,16,16,0,-854.12,-863.50,-849.00,24.67,16,0,0,0.10,0.10,0.10,29.95,16,16,0,1.08,1.00,1.10,29.37,16,16,0,0.24,0.20,0.30,29.11,16,16,0
2174289,0.36,0.30,0.40,29.88,17,17,0,-0.01,-0.10,0.10,29.16,17,17,0,0.33,0.30,0.40,29.25,17,17,0,-849.52,-852.00,-847.40,24.67,17,0,0,0.09,0.00,0.10,29.93,17,17,0,1.09,1.00,1.10,29.37,17,17,0,0.23,0.20,0.30,29.12,17,17,0
2174793,0.36,0.30,0.40,29.86,17,17,0,0.01,-0.10,0.10,29.15,17,17,0,0.31,0.30,0.40,29.24,17,17,0,-854.96,-860.10,-850.90,24.68,17,0,0,0.09,0.00,0.10,29.94,17,17,0,1.07,1.00,1.10,29.36,17,17,0,0.22,0.20,0.30,29.14,17,17,0
2175304,0.38,0.30,0.40,29.87,17,17,0,-0.02,-0.10,0.10,29.15,17,17,0,0.30,0.30,0.30,29.25,17,17,0,-864.81,-872.90,-853.60,24.69,17,0,0,0.12,0.10,0.20,29.94,17,17,0,1.09,1.00,1.10,29.37,17,17,0,0.22,0.20,0.30,29.14,17,17,0
2175812,0.38,0.30,0.40,29.88,17,17,0,0.01,-0.10,0.10,29.15,17,17,0,0.33,0.30,0.40,29.22,17,17,0,-880.99,-900.20,-864.10,24.68,17,0,0,0.10,0.00,0.20,29.96,17,17,0,1.07,1.00,1.10,29.38,17,17,0,0.22,0.20,0.30,29.13,17,17,0
2176316,0.36,0.30,0.40,29.89,17,17,0,0.00,-0.10,0.10,29.17,17,17,0,0.34,0.30,0.40,29.23,17,17,0,-864.19,-891.90,-854.50,24.66,17,0,0,0.11,0.10,0.20,29.95,17,17,0,1.07,1.00,1.10,29.38,17,17,0,0.24,0.20,0.30,29.13,17,17,0
2176817,0.38,0.30,0.40,29.87,17,17,0,0.01,-0.10,0.10,29.17,17,17,0,0.32,0.30,0.40,29.23,17,17,0,-848.75,-853.00,-842.90,24.68,17,0,0,0.11,0.10,0.20,29.94,17,17,0,1.08,1.00,1.10,29.38,17,17,0,0.24,0.20,0.30,29.14,17,17,0
2177320,0.38,0.30,0.40,29.89,17,17,0,0.03,-0.10,0.10,29.16,17,17,0,0.32,0.30,0.40,29.25,17,17,0,-851.50,-857.60,-847.80,24.68,17,0,0,0.11,0.10,0.20,29.95,17,17,0,1.08,1.00,1.10,29.37,17,17,0,0.21,0.20,0.30,29.12,17,17,0
2177820,0.35,0.30,0.40,29.88,17,17,0,0.01,-0.10,0.10,29.16,17,17,0,0.31,0.30,0.40,29.24,17,17,0,-858.46,-863.70,-853.80,24.66,17,0,0,0.11,0.10,0.20,29.96,17,17,0,1.08,1.00,1.10,29.38,17,17,0,0.22,0.20,0.30,29.14,17,17,0
2178320,0.36,0.30,0.40,29.88,17,17,0,0.02,-0.10,0.10,29.17,17,17,0,0.33,0.30,0.40,29.23,17,17,0,-869.35,-875.90,-862.40,24.66,17,0,0,0.10,0.10,0.10,29.95,17,17,0,1.06,1.00,1.10,29.39,17,17,0,0.22,0.20,0.30,29.12,17,17,0
2178820,0.37,0.30,0.40,29.87,17,17,0,-0.02,-0.10,0.10,29.16,17,17,0,0.32,0.30,0.40,29.26,17,17,0,-882.79,-906.80,-865.90,24.66,17,0,0,0.11,0.10,0.20,29.96,17,17,0,1.08,1.00,1.10,29.36,17,17,0,0.22,0.20,0.30,29.12,17,17,0
2179333,0.37,0.30,0.40,29.89,17,17,0,-0.02,-0.10,0.10,29.16,17,17,0,0.32,0.30,0.40,29.24,17,17,0,-852.79,-860.40,-845.10,24.67,17,0,0,0.11,0.10,0.20,29.94,17,17,0,1.06,1.00,1.10,29.37,17,17,0,0.21,0.20,0.30,29.13,17,17,0
2179833,0.36,0.30,0.40,29.88,17,17,0,0.00,-0.10,0.10,29.15,17,17,0,0.32,0.30,0.40,29.24,17,17,0,-846.50,-851.80,-841.90,24.66,17,0,0,0.11,0.00,0.20,29.95,17,17,0,1.06,1.00,1.10,29.37,17,17,0,0.22,0.20,0.30,29.14,17,17,0
2180341,0.38,0.30,0.40,29.89,17,17,0,0.01,-0.10,0.10,29.17,17,17,0,0.32,0.30,0.40,29.24,17,17,0,-849.45,-854.60,-843.40,24.66,17,0,0,0.10,0.10,0.10,29.95,17,17,0,1.06,1.00,1.10,29.39,17,17,0,0.22,0.20,0.30,29.14,17,17,0
2180841,0.36,0.30,0.40,29.89,17,17,0,0.00,-0.10,0.10,29.17,17,17,0,0.31,0.30,0.40,29.25,17,17,0,-861.14,-874.60,-854.00,24.68,17,0,0,0.10,0.10,0.10,29.95,17,17,0,1.06,1.00,1.10,29.37,17,17,0,0.24,0.20,0.30,29.13,17,17,0
2181347,0.37,0.30,0.40,29.87,17,17,0,-0.01,-0.10,0.10,29.17,17,17,0,0.32,0.30,0.40,29.25,17,17,0,-876.73,-893.00,-861.00,24.66,17,0,0,0.11,0.10,0.20,29.95,17,17,0,1.07,1.00,1.10,29.37,17,17,0,0.21,0.20,0.30,29.15,17,17,0
2181851,0.39,0.30,0.40,29.89,17,17,0,-0.01,-0.10,0.10,29.16,17,17,0,0.32,0.30,0.40,29.26,17,17,0,-864.02,-892.20,-850.50,24.66,17,0,0,0.10,0.00,0.20,29.96,17,17,0,1.09,1.00,1.10,29.37,17,17,0,0.22,0.20,0.30,29.14,17,17,0
2182352,0.38,0.30,0.40,29.89,17,17,0,-0.01,-0.10,0.00,29.17,17,17,0,0.32,0.30,0.40,29.25,17,17,0,-846.53,-853.20,-840.70,24.65,17,0,0,0.10,0.10,0.10,29.95,17,17,0,1.08,1.00,1.10,29.38,17,17,0,0.22,0.20,0.30,29.13,17,17,0
2182853,0.37,0.30,0.40,29.88,17,17,0,0.01,-0.10,0.10,29.16,17,17,0,0.32,0.30,0.40,29.24,17,17,0,-845.91,-850.40,-843.00,24.66,17,0,0,0.10,0.10,0.10,29.96,17,17,0,1.07,1.00,1.10,29.37,17,17,0,0.23,0.20,0.30,29.14,17,17,0
2183361,0.36,0.30,0.40,29.89,17,17,0,-0.01,-0.10,0.10,29.16,17,17,0,0.32,0.30,0.40,29.26,17,17,0,-852.35,-858.90,-842.50,24.67,17,0,0,0.11,0.10,0.20,29.95,17,17,0,1.06,1.00,1.10,29.36,17,17,0,0.22,0.20,0.30,29.13,17,17,0
2183869,0.39,0.30,0.40,29.89,17,17,0,-0.01,-0.10,0.10,29.15,17,17,0,0.32,0.30,0.40,29.26,17,17,0,-864.65,-876.00,-858.00,24.65,17,0,0,0.11,0.10,0.20,29.96,17,17,0,1.07,1.00,1.10,29.37,17,17,0,0.22,0.20,0.30,29.14,17,17,0
2184369,0.38,0.30,0.40,29.89,17,17,0,0.01,0.00,0.10,29.17,17,17,0,0.35,0.30,0.40,29.25,17,17,0,-879.22,-900.50,-860.00,24.64,17,0,0,0.10,0.00,0.20,29.95,17,17,0,1.09,1.00,1.10,29.38,17,17,0,0.21,0.20,0.30,29.14,17,17,0
2184869,0.37,0.30,0.40,29.88,17,17,0,0.00,-0.10,0.10,29.16,17,17,0,0.35,0.30,0.40,29.27,17,17,0,-850.95,-858.30,-843.10,24.66,17,0,0,0.10,0.10,0.10,29.95,17,17,0,1.04,1.00,1.10,29.36,17,17,0,0.22,0.20,0.30,29.16,17,17,0
2185373,0.36,0.30,0.40,29.87,16,16,0,0.00,-0.10,0.10,29.16,16,16,0,0.33,0.30,0.40,29.26,16,16,0,-847.53,-859.70,-834.80,24.66,16,0,0,0.11,0.10,0.20,29.96,16,16,0,1.09,1.00,1.10,29.37,16,16,0,0.24,0.20,0.30,29.14,16,16,0
2185880,0.38,0.30,0.40,29.88,17,17,0,0.01,-0.10,0.10,29.15,17,17,0,0.34,0.30,0.40,29.28,17,17,0,-847.40,-860.10,-830.60,24.67,17,0,0,0.10,0.10,0.10,29.97,17,17,0,1.08,1.00,1.10,29.37,17,17,0,0.23,0.20,0.30,29.13,17,17,0
2186380,0.39,0.30,0.40,29.90,17,17,0,0.02,-0.10,0.10,29.16,17,17,0,0.34,0.30,0.40,29.27,17,17,0,-857.88,-865.50,-846.00,24.68,17,0,0,0.10,0.00,0.20,29.96,17,17,0,1.07,1.00,1.10,29.37,17,17,0,0.21,0.20,0.30,29.14,17,17,0
2186880,0.37,0.30,0.40,29.89,17,17,0,0.00,-0.10,0.10,29.16,17,17,0,0.31,0.30,0.40,29.26,17,17,0,-947.86,-1963.60,-596.30,24.65,17,0,2,0.10,0.10,0.10,29.97,17,17,0,1.08,1.00,1.10,29.39,17,17,0,0.24,0.20,0.30,29.13,17,17,0
2187382,0.38,0.30,0.40,29.88,17,17,0,0.00,-0.10,0.10,29.17,17,17,0,0.34,0.30,0.40,29.26,17,17,0,41.52,-1672.30,1679.40,24.76,17,0,1,0.10,0.10,0.10,29.96,17,17,0,1.08,1.00,1.10,29.38,17,17,0,0.21,0.20,0.30,29.15,17,17,0
2187882,0.37,0.30,0.40,29.90,17,17,0,0.02,0.00,0.10,29.18,17,17,0,0.35,0.30,0.40,29.27,17,17,0,1246.99,120.80,2925.20,24.87,17,0,1,0.10,0.10,0.10,29.97,17,17,0,1.06,1.00,1.10,29.38,17,17,0,0.24,0.20,0.30,29.15,17,17,0
2188392,0.36,0.30,0.40,29.89,17,17,0,-0.01,-0.10,0.10,29.17,17,17,0,0.32,0.30,0.40,29.28,17,17,0,1024.45,825.00,1276.20,24.84,17,0,0,0.11,0.10,0.20,29.98,17,17,0,1.06,1.00,1.10,29.38,17,17,0,0.22,0.20,0.30,29.13,17,17,0
2188904,0.36,0.30,0.40,29.91,17,17,0,0.01,-0.10,0.10,29.18,17,17,0,0.33,0.30,0.40,29.27,17,17,0,1369.36,341.00,3174.80,24.80,17,0,4,0.09,0.00,0.10,29.97,17,17,0,1.08,1.00,1.10,29.37,17,17,0,0.23,0.20,0.30,29.14,17,17,0
2189404,0.36,0.30,0.40,29.91,16,16,0,-0.01,-0.10,0.10,29.18,16,16,0,0.34,0.30,0.40,29.26,16,16,0,1328.94,275.40,2117.70,24.93,16,0,0,0.11,0.10,0.20,29.97,16,16,0,1.07,1.00,1.10,29.37,16,16,0,0.23,0.20,0.30,29.14,16,16,0
2189911,0.37,0.30,0.40,29.89,17,17,0,-0.03,-0.10,0.00,29.18,17,17,0,0.32,0.30,0.40,29.26,17,17,0,-1870.38,-2772.50,567.90,24.84,17,0,0,0.10,0.00,0.20,29.96,17,17,0,1.04,1.00,1.10,29.39,17,17,0,0.22,0.20,0.30,29.15,17,17,0
2190417,0.38,0.30,0.40,29.90,17,17,0,-0.01,-0.10,0.10,29.17,17,17,0,0.33,0.30,0.40,29.26,17,17,0,-400.93,-860.30,-233.20,24.91,17,0,0,0.11,0.10,0.20,29.97,17,17,0,1.06,1.00,1.10,29.37,17,17,0,0.22,0.20,0.30,29.15,17,17,0
2190917,0.36,0.30,0.40,29.90,16,16,0,0.01,-0.10,0.10,29.16,16,16,0,0.33,0.30,0.40,29.27,16,16,0,28.74,-119.50,187.70,25.23,16,0,0,0.10,0.10,0.10,29.97,16,16,0,1.06,1.00,1.10,29.39,16,16,0,0.22,0.20,0.30,29.15,16,16,0
2191425,0.36,0.30,0.40,29.90,17,17,0,0.03,-0.10,0.10,29.16,17,17,0,0.31,0.30,0.40,29.28,17,17,0,-24.78,-59.90,4.90,25.51,17,0,0,0.11,0.10,0.20,29.96,17,17,0,1.07,1.00,1.10,29.38,17,17,0,0.24,0.20,0.30,29.16,17,17,0
2191926,0.33,0.30,0.40,29.89,17,17,0,-0.01,-0.10,0.10,29.17,17,17,0,0.32,0.30,0.40,29.27,17,17,0,-6.55,-15.60,-2.50,25.71,17,0,0,0.11,0.10,0.20,29.98,17,17,0,1.05,1.00,1.10,29.36,17,17,0,0.22,0.20,0.30,29.15,17,17,0
2192435,0.35,0.30,0.40,29.91,17,17,0,-0.01,-0.10,0.10,29.17,17,17,0,0.31,0.30,0.40,29.29,17,17,0,-1.42,-3.20,1.70,25.91,17,0,0,0.10,0.10,0.10,29.99,17,17,0,1.06,1.00,1.10,29.37,17,17,0,0.21,0.20,0.30,29.16,17,17,0
2192935,0.35,0.30,0.40,29.91,17,17,0,0.00,-0.10,0.10,29.17,17,17,0,0.32,0.30,0.40,29.29,17,17,0,0.94,-0.60,2.00,26.06,17,0,0,0.11,0.10,0.20,29.98,17,17,0,1.05,1.00,1.10,29.37,17,17,0,0.22,0.20,0.30,29.14,17,17,0
2193447,0.34,0.30,0.40,29.91,17,17,0,0.01,-0.10,0.10,29.18,17,17,0,0.32,0.30,0.40,29.27,17,17,0,1.66,0.20,2.80,26.17,17,0,0,0.09,0.00,0.10,29.97,17,17,0,1.07,1.00,1.10,29.38,17,17,0,0.22,0.20,0.30,29.14,17,17,0
2193947,0.39,0.30,0.40,29.92,17,17,0,-0.01,-0.10,0.10,29.19,17,17,0,0.31,0.30,0.40,29.29,17,17,0,1.93,1.00,2.70,26.28,17,0,0,0.09,0.00,0.10,29.98,17,17,0,1.05,1.00,1.10,29.39,17,17,0,0.23,0.20,0.30,29.15,17,17,0
2194447,0.37,0.30,0.40,29.90,16,16,0,0.00,-0.10,0.10,29.19,16,16,0,0.31,0.30,0.40,29.26,16,16,0,2.19,1.60,2.80,26.37,16,0,0,0.10,0.10,0.10,29.98,16,16,0,1.05,1.00,1.10,29.38,16,16,0,0.21,0.20,0.30,29.16,16,16,0
2194953,0.37,0.30,0.40,29.91,17,17,0,0.00,-0.10,0.10,29.18,17,17,0,0.32,0.30,0.40,29.28,17,17,0,2.25,1.80,2.80,26.46,17,0,0,0.10,0.10,0.10,29.97,17,17,0,1.06,1.00,1.10,29.40,17,17,0,0.22,0.20,0.30,29.15,17,17,0
2195453,0.36,0.30,0.40,29.91,17,17,0,0.01,-0.10,0.10,29.17,17,17,0,0.34,0.30,0.40,29.29,17,17,0,2.35,1.30,3.40,26.52,17,0,0,0.10,0.10,0.10,29.95,17,17,0,1.06,1.00,1.10,29.38,17,17,0,0.22,0.20,0.30,29.13,17,17,0
2195953,0.37,0.30,0.40,29.90,17,17,0,0.01,-0.10,0.10,29.17,17,17,0,0.31,0.30,0.40,29.28,17,17,0,2.27,0.60,3.00,26.58,17,0,0,0.10,0.10,0.10,29.97,17,17,0,1.05,1.00,1.10,29.39,17,17,0,0.24,0.20,0.30,29.16,17,17,0
2196453,0.36,0.30,0.40,29.90,17,17,0,-0.01,-0.10,0.10,29.18,17,17,0,0.31,0.30,0.40,29.29,17,17,0,2.06,1.10,3.10,26.62,17,0,0,0.09,0.00,0.10,29.97,17,17,0,1.07,1.00,1.10,29.38,17,17,0,0.24,0.20,0.30,29.13,17,17,0
2196959,0.37,0.30,0.40,29.90,17,17,0,-0.01,-0.10,0.10,29.17,17,17,0,0.32,0.30,0.40,29.29,17,17,0,1.99,1.10,2.90,26.68,17,0,0,0.10,0.10,0.10,29.98,17,17,0,1.06,1.00,1.10,29.38,17,17,0,0.21,0.20,0.30,29.14,17,17,0
2197459,0.36,0.30,0.40,29.90,17,17,0,0.01,-0.10,0.10,29.18,17,17,0,0.33,0.30,0.40,29.27,17,17,0,1.80,1.40,2.30,26.74,17,0,0,0.11,0.10,0.20,29.97,17,17,0,1.06,1.00,1.10,29.39,17,17,0,0.23,0.20,0.30,29.17,17,17,0
2197963,0.37,0.30,0.40,29.91,17,17,0,-0.02,-0.10,0.10,29.18,17,17,0,0.32,0.30,0.40,29.28,17,17,0,1.74,1.20,2.20,26.79,17,0,0,0.10,0.00,0.20,29.98,17,17,0,1.05,1.00,1.10,29.38,17,17,0,0.24,0.20,0.30,29.14,17,17,0
2198466,0.35,0.30,0.40,29.92,17,17,0,0.01,-0.10,0.10,29.19,17,17,0,0.34,0.30,0.40,29.29,17,17,0,1.71,0.80,2.20,26.83,17,0,0,0.09,0.00,0.10,29.97,17,17,0,1.08,1.00,1.10,29.38,17,17,0,0.21,0.20,0.30,29.16,17,17,0
2198966,0.39,0.30,0.40,29.91,17,17,0,0.01,-0.10,0.10,29.20,17,17,0,0.32,0.30,0.40,29.29,17,17,0,1.65,0.90,2.00,26.87,17,0,0,0.11,0.10,0.20,29.97,17,17,0,1.07,1.00,1.10,29.38,17,17,0,0.22,0.20,0.30,29.15,17,17,0
2199466,0.34,0.30,0.40,29.93,17,17,0,0.02,0.00,0.10,29.18,17,17,0,0.34,0.30,0.40,29.30,17,17,0,1.49,1.10,1.80,26.92,17,0,0,0.11,0.10,0.20,29.96,17,17,0,1.06,1.00,1.10,29.38,17,17,0,0.23,0.20,0.30,29.16,17,17,0
2199966,0.37,0.30,0.40,29.91,17,17,0,0.00,-0.10,0.10,29.20,17,17,0,0.33,0.30,0.40,29.28,17,17,0,1.44,1.10,1.80,26.92,17,0,0,0.11,0.10,0.20,29.99,17,17,0,1.08,1.00,1.10,29.38,17,17,0,0.22,0.20,0.30,29.17,17,17,0
2200466,0.36,0.30,0.40,29.90,17,17,0,0.00,-0.10,0.10,29.19,17,17,0,0.33,0.30,0.40,29.30,17,17,0,1.51,0.70,1.80,26.96,17,0,0,0.11,0.10,0.20,29.98,17,17,0,1.08,1.00,1.10,29.40,17,17,0,0.24,0.20,0.30,29.16,17,17,0
2200966,0.37,0.30,0.40,29.90,17,17,0,-0.02,-0.10,0.10,29.19,17,17,0,0.32,0.30,0.40,29.28,17,17,0,1.47,1.10,1.80,27.01,17,0,0,0.11,0.10,0.20,29.97,17,17,0,1.06,1.00,1.10,29.38,17,17,0,0.22,0.20,0.30,29.14,17,17,0
2201466,0.36,0.30,0.40,29.91,17,17,0,-0.02,-0.10,0.00,29.20,17,17,0,0.32,0.30,0.40,29.29,17,17,0,1.46,1.30,1.70,27.04,17,0,0,0.11,0.10,0.20,29.96,17,17,0,1.06,1.00,1.10,29.39,17,17,0,0.22,0.20,0.30,29.15,17,17,0
2201966,0.39,0.30,0.40,29.92,18,18,0,0.00,-0.10,0.10,29.18,18,18,0,0.34,0.30,0.40,29.29,18,18,0,1.46,0.20,2.20,27.06,18,0,0,0.12,0.10,0.20,29.97,18,18,0,1.08,1.00,1.10,29.39,18,18,0,0.24,0.20,0.30,29.16,18,18,0
2202477,0.38,0.30,0.40,29.92,17,17,0,-0.00,-0.10,0.10,29.19,17,17,0,0.32,0.30,0.40,29.29,17,17,0,1.43,0.60,2.00,27.09,17,0,0,0.10,0.10,0.10,29.97,17,17,0,1.06,1.00,1.10,29.38,17,17,0,0.23,0.20,0.30,29.14,17,17,0
2202981,0.37,0.30,0.40,29.90,17,17,0,-0.02,-0.10,0.00,29.18,17,17,0,0.31,0.30,0.40,29.30,17,17,0,1.46,1.00,2.20,27.10,17,0,0,0.10,0.10,0.10,29.98,17,17,0,1.06,1.00,1.10,29.39,17,17,0,0.23,0.20,0.30,29.15,17,17,0
2203481,0.35,0.30,0.40,29.92,17,17,0,-0.01,-0.10,0.10,29.19,17,17,0,0.34,0.30,0.40,29.30,17,17,0,1.45,1.00,1.90,27.12,17,0,0,0.10,0.10,0.10,29.96,17,17,0,1.06,1.00,1.10,29.38,17,17,0,0.25,0.20,0.30,29.15,17,17,0
2203981,0.39,0.30,0.40,29.90,17,17,0,-0.01,-0.10,0.10,29.19,17,17,0,0.33,0.30,0.40,29.29,17,17,0,1.51,0.90,2.50,27.16,17,0,0,0.11,0.10,0.20,29.98,17,17,0,1.06,1.00,1.10,29.37,17,17,0,0.24,0.20,0.30,29.15,17,17,0
2204481,0.38,0.30,0.40,29.90,17,17,0,0.05,-0.10,0.10,29.19,17,17,0,0.33,0.30,0.40,29.28,17,17,0,1.76,1.20,2.70,27.17,17,0,0,0.09,0.00,0.10,29.97,17,17,0,1.06,1.00,1.10,29.39,17,17,0,0.21,0.20,0.30,29.16,17,17,0
2204981,0.36,0.30,0.40,29.91,17,17,0,0.08,0.00,0.10,29.19,17,17,0,0.32,0.30,0.40,29.28,17,17,0,1.74,1.10,2.30,27.18,17,0,0,0.10,0.10,0.10,29.99,17,17,0,1.08,1.00,1.10,29.39,17,17,0,0.22,0.20,0.30,29.15,17,17,0
2205489,0.39,0.30,0.40,29.91,17,17,0,0.04,0.00,0.10,29.18,17,17,0,0.34,0.30,0.40,29.31,17,17,0,2.03,1.60,4.30,27.21,17,0,0,0.11,0.10,0.20,29.97,17,17,0,1.08,1.00,1.10,29.39,17,17,0,0.24,0.20,0.30,29.16,17,17,0
2205990,0.36,0.30,0.40,29.92,17,17,0,0.03,-0.10,0.10,29.19,17,17,0,0.32,0.30,0.40,29.30,17,17,0,8.06,-3.40,93.40,27.24,17,0,0,0.11,0.00,0.20,29.96,17,17,0,1.05,1.00,1.10,29.39,17,17,0,0.21,0.20,0.30,29.17,17,17,0
2206490,0.38,0.30,0.50,29.92,17,17,0,0.02,-0.10,0.20,29.20,17,17,0,0.36,0.30,0.40,29.30,17,17,0,-136.41,-2729.50,2431.60,27.05,17,0,5,0.11,-0.10,0.40,29.98,17,17,0,1.06,1.00,1.10,29.38,17,17,0,0.21,0.00,0.40,29.16,17,17,0
2206995,0.37,0.30,0.40,29.91,17,17,0,0.02,0.00,0.10,29.20,17,17,0,0.35,0.30,0.40,29.29,17,17,0,14.16,-630.90,357.70,26.76,17,0,0,0.10,0.00,0.20,29.98,17,17,0,1.06,1.00,1.10,29.38,17,17,0,0.24,0.20,0.30,29.15,17,17,0
2207507,0.41,0.10,0.70,29.92,17,17,0,0.00,-0.10,0.10,29.19,17,17,0,0.33,0.30,0.40,29.29,17,17,0,20.27,-1033.20,870.60,26.87,17,0,0,0.14,-0.10,0.30,29.98,17,17,0,1.06,1.00,1.10,29.38,17,17,0,0.24,0.00,0.40,29.16,17,17,0
2208007,0.37,0.30,0.40,29.92,17,17,0,0.01,-0.10,0.10,29.21,17,17,0,0.31,0.30,0.40,29.30,17,17,0,4.82,-1357.70,595.30,26.82,17,0,0,0.11,0.10,0.20,29.97,17,17,0,1.06,1.00,1.10,29.38,17,17,0,0.22,0.20,0.30,29.14,17,17,0
2208507,0.36,0.30,0.40,29.91,17,17,0,-0.02,-0.10,0.10,29.19,17,17,0,0.33,0.30,0.40,29.29,17,17,0,-28.41,-416.30,235.80,26.94,17,0,0,0.11,0.10,0.20,29.98,17,17,0,1.06,1.00,1.10,29.38,17,17,0,0.20,0.10,0.30,29.15,17,17,0
2209017,0.39,0.30,0.70,29.90,17,17,0,0.00,-0.10,0.10,29.19,17,17,0,0.34,0.30,0.40,29.28,17,17,0,27.32,-245.80,671.00,27.01,17,0,0,0.12,0.10,0.20,29.99,17,17,0,1.06,1.00,1.10,29.38,17,17,0,0.23,0.10,0.50,29.15,17,17,0
2209525,0.35,0.30,0.50,29.90,17,17,0,0.00,-0.10,0.10,29.19,17,17,0,0.32,0.30,0.40,29.29,17,17,0,-74.11,-2184.80,2249.10,26.97,17,0,3,0.06,-0.10,0.10,29.99,17,17,0,1.08,1.00,1.10,29.39,17,17,0,0.24,0.10,0.40,29.16,17,17,0
2210025,0.36,0.30,0.40,29.90,16,16,0,-0.01,-0.10,0.00,29.19,16,16,0,0.32,0.30,0.40,29.29,16,16,0,-77.57,-1523.50,1255.50,26.82,16,0,4,0.11,0.10,0.20,29.97,16,16,0,1.07,1.00,1.10,29.39,16,16,0,0.23,0.20,0.30,29.15,16,16,0
2210535,0.38,0.30,0.40,29.91,17,17,0,-0.01,-0.10,0.10,29.18,17,17,0,0.33,0.30,0.40,29.31,17,17,0,22.31,-1835.70,1084.00,26.78,17,0,1,0.09,0.00,0.10,30.00,17,17,0,1.06,1.00,1.10,29.38,17,17,0,0.24,0.10,0.30,29.13,17,17,0
2211037,0.39,0.30,0.40,29.90,17,17,0,-0.02,-0.10,0.10,29.20,17,17,0,0.34,0.30,0.40,29.29,17,17,0,-44.26,-897.30,951.40,26.84,17,0,0,0.11,0.10,0.20,29.98,17,17,0,1.05,1.00,1.10,29.39,17,17,0,0.23,0.10,0.50,29.14,17,17,0
2211540,0.36,0.30,0.40,29.91,17,17,0,-0.01,-0.10,0.10,29.17,17,17,0,0.31,0.30,0.40,29.30,17,17,0,60.91,-1302.40,1406.70,26.81,17,0,0,0.11,0.10,0.20,29.98,17,17,0,1.08,1.00,1.10,29.39,17,17,0,0.21,0.10,0.30,29.15,17,17,0
2212040,0.39,0.30,0.40,29.91,17,17,0,-0.01,-0.10,0.10,29.19,17,17,0,0.34,0.30,0.40,29.29,17,17,0,-17.80,-450.20,110.10,26.88,17,0,0,0.10,0.10,0.10,29.98,17,17,0,1.07,1.00,1.10,29.40,17,17,0,0.23,0.10,0.50,29.16,17,17,0
2212541,0.38,0.30,0.40,29.90,17,17,0,-0.01,-0.10,0.10,29.18,17,17,0,0.32,0.30,0.40,29.30,17,17,0,-11.97,-1698.40,1718.50,26.77,17,0,0,0.11,0.10,0.20,29.98,17,17,0,1.09,1.00,1.10,29.41,17,17,0,0.20,0.10,0.30,29.15,17,17,0
2213041,0.35,0.30,0.40,29.92,17,17,0,0.02,0.00,0.10,29.18,17,17,0,0.34,0.30,0.40,29.30,17,17,0,-84.08,-1166.00,643.00,26.74,17,0,0,0.10,0.00,0.20,29.97,17,17,0,1.06,1.00,1.10,29.39,17,17,0,0.23,0.20,0.30,29.16,17,17,0
2213554,0.36,0.30,0.40,29.92,17,17,0,0.01,-0.10,0.10,29.20,17,17,0,0.33,0.30,0.40,29.30,17,17,0,9.05,-1618.80,1539.90,26.58,17,0,1,0.10,0.10,0.10,29.99,17,17,0,1.05,1.00,1.10,29.39,17,17,0,0.21,0.00,0.30,29.13,17,17,0
2214057,0.38,0.30,0.40,29.90,17,17,0,-0.02,-0.10,0.00,29.19,17,17,0,0.33,0.30,0.40,29.29,17,17,0,-148.57,-1690.10,601.70,26.66,17,0,2,0.11,0.10,0.20,29.97,17,17,0,1.07,1.00,1.10,29.39,17,17,0,0.23,0.20,0.30,29.15,17,17,0
2214557,0.34,0.30,0.40,29.92,16,16,0,-0.01,-0.10,0.10,29.18,16,16,0,0.33,0.30,0.40,29.28,16,16,0,72.84,-1572.00,1715.90,26.62,16,0,1,0.08,0.00,0.20,29.98,16,16,0,1.04,1.00,1.10,29.40,16,16,0,0.21,-0.10,0.40,29.14,16,16,0
2215067,0.35,0.30,0.40,29.91,17,17,0,-0.02,-0.10,0.10,29.21,17,17,0,0.32,0.20,0.40,29.30,17,17,0,41.42,-978.40,957.20,26.71,17,0,0,0.12,0.00,0.30,29.98,17,17,0,1.07,1.00,1.20,29.38,17,17,0,0.23,0.00,0.50,29.15,17,17,0
2215567,0.39,0.30,0.60,29.88,16,16,0,-0.03,-0.10,0.10,29.21,16,16,0,0.33,0.30,0.40,29.31,16,16,0,2.93,-52.50,66.90,26.87,16,0,0,0.14,0.10,0.30,29.98,16,16,0,1.05,1.00,1.10,29.39,16,16,0,0.26,0.10,0.60,29.14,16,16,0
2216072,0.35,0.20,0.60,29.91,17,17,0,-0.02,-0.10,0.10,29.20,17,17,0,0.33,0.20,0.40,29.30,17,17,0,1.75,-9.20,12.30,27.00,17,0,0,0.11,0.00,0.20,29.97,17,17,0,1.06,1.00,1.10,29.41,17,17,0,0.22,0.20,0.30,29.15,17,17,0
2216580,0.33,0.10,0.50,29.93,17,17,0,0.01,-0.10,0.10,29.18,17,17,0,0.37,0.20,0.50,29.30,17,17,0,1.19,-7.40,9.00,27.11,17,0,0,0.06,-0.10,0.20,30.00,17,17,0,1.05,0.80,1.20,29.39,17,17,0,0.21,0.00,0.30,29.15,17,17,0
2217080,0.35,0.20,0.40,29.91,16,16,0,0.00,-0.10,0.10,29.20,16,16,0,0.38,0.30,0.50,29.30,16,16,0,0.84,-1.80,5.70,27.18,16,0,0,0.08,-0.10,0.20,29.99,16,16,0,1.06,1.00,1.10,29.39,16,16,0,0.25,0.20,0.30,29.15,16,16,0
2217591,0.36,0.30,0.40,29.92,17,17,0,0.01,-0.10,0.10,29.21,17,17,0,0.32,0.30,0.40,29.31,17,17,0,0.76,-0.40,2.00,27.27,17,0,0,0.09,0.00,0.10,29.99,17,17,0,1.07,1.00,1.10,29.40,17,17,0,0.21,0.20,0.30,29.14,17,17,0
2218091,0.36,0.20,0.50,29.90,17,17,0,0.02,-0.10,0.10,29.21,17,17,0,0.35,0.20,0.40,29.31,17,17,0,0.68,-1.60,3.00,27.31,17,0,0,0.11,0.00,0.20,30.00,17,17,0,1.07,1.00,1.10,29.40,17,17,0,0.22,0.20,0.30,29.16,17,17,0
2218591,0.34,0.20,0.50,29.92,17,17,0,0.03,-0.10,0.10,29.20,17,17,0,0.36,0.30,0.50,29.32,17,17,0,0.69,-1.00,3.60,27.36,17,0,0,0.11,0.00,0.20,29.99,17,17,0,1.06,1.00,1.10,29.40,17,17,0,0.24,0.20,0.30,29.15,17,17,0
2219091,0.37,0.30,0.60,29.93,17,17,0,-0.01,-0.10,0.10,29.20,17,17,0,0.33,0.30,0.40,29.31,17,17,0,0.61,-1.30,3.40,27.38,17,0,0,0.11,0.00,0.20,29.99,17,17,0,1.07,1.00,1.10,29.39,17,17,0,0.24,0.10,0.40,29.15,17,17,0
2219591,0.37,0.30,0.40,29.93,16,16,0,-0.01,-0.10,0.10,29.20,16,16,0,0.33,0.20,0.40,29.30,16,16,0,0.82,-0.40,2.00,27.43,16,0,0,0.07,-0.10,0.10,29.99,16,16,0,1.06,1.00,1.10,29.40,16,16,0,0.24,0.20,0.30,29.15,16,16,0
2220091,0.36,0.20,0.40,29.92,17,17,0,0.03,-0.10,0.30,29.19,17,17,0,0.34,0.20,0.40,29.30,17,17,0,0.67,-2.00,3.50,27.45,17,0,0,0.08,-0.10,0.30,30.00,17,17,0,1.06,0.80,1.50,29.40,17,17,0,0.24,0.20,0.30,29.17,17,17,0
2220596,0.36,0.10,0.50,29.93,17,17,0,-0.01,-0.10,0.10,29.20,17,17,0,0.34,0.20,0.40,29.30,17,17,0,0.75,-2.70,4.20,27.48,17,0,0,0.12,0.00,0.20,29.98,17,17,0,1.06,1.00,1.10,29.40,17,17,0,0.25,0.20,0.30,29.15,17,17,0
2221096,0.37,0.30,0.40,29.92,17,17,0,0.01,-0.10,0.10,29.21,17,17,0,0.31,0.30,0.40,29.32,17,17,0,0.52,-0.90,1.90,27.50,17,0,0,0.11,0.00,0.20,29.99,17,17,0,1.06,1.00,1.10,29.41,17,17,0,0.22,0.20,0.30,29.15,17,17,0
2221597,0.35,0.30,0.40,29.93,17,17,0,0.00,-0.10,0.10,29.21,17,17,0,0.32,0.20,0.40,29.32,17,17,0,0.65,-1.30,2.80,27.53,17,0,0,0.11,0.10,0.20,30.01,17,17,0,1.06,1.00,1.10,29.40,17,17,0,0.21,0.20,0.30,29.14,17,17,0
2222097,0.36,0.30,0.40,29.92,17,17,0,-0.01,-0.10,0.10,29.20,17,17,0,0.32,0.30,0.40,29.30,17,17,0,0.64,-0.20,1.70,27.55,17,0,0,0.11,0.00,0.20,30.00,17,17,0,1.05,1.00,1.10,29.40,17,17,0,0.24,0.20,0.30,29.17,17,17,0
2222607,0.37,0.30,0.40,29.91,17,17,0,0.00,-0.10,0.10,29.22,17,17,0,0.32,0.30,0.40,29.29,17,17,0,0.61,-0.60,1.60,27.58,17,0,0,0.12,0.10,0.20,29.98,17,17,0,1.08,1.00,1.10,29.40,17,17,0,0.21,0.20,0.30,29.15,17,17,0
2223107,0.38,0.30,0.40,29.92,17,17,0,-0.01,-0.10,0.10,29.20,17,17,0,0.32,0.30,0.40,29.31,17,17,0,0.39,-2.10,1.80,27.58,17,0,0,0.09,0.00,0.10,29.98,17,17,0,1.05,0.80,1.40,29.41,17,17,0,0.23,0.20,0.30,29.15,17,17,0
2223608,0.36,0.30,0.40,29.94,17,17,0,-0.06,-0.10,0.00,29.20,17,17,0,0.31,0.30,0.40,29.30,17,17,0,0.45,-2.50,2.70,27.60,17,0,0,0.10,0.00,0.20,29.98,17,17,0,1.06,0.70,1.30,29.39,17,17,0,0.23,0.20,0.30,29.14,17,17,0
2224113,0.38,0.30,0.40,29.92,17,17,0,-0.02,-0.10,0.10,29.21,17,17,0,0.32,0.20,0.40,29.33,17,17,0,0.46,-1.20,2.60,27.60,17,0,0,0.10,0.10,0.10,30.00,17,17,0,1.06,1.00,1.10,29.40,17,17,0,0.22,0.20,0.30,29.15,17,17,0
2224613,0.38,0.30,0.40,29.91,17,17,0,-0.01,-0.10,0.10,29.22,17,17,0,0.39,0.20,0.60,29.30,17,17,0,0.52,-1.50,2.00,27.64,17,0,0,0.06,-0.10,0.10,29.99,17,17,0,1.08,1.00,1.10,29.40,17,17,0,0.22,0.20,0.30,29.17,17,17,0
2225113,0.36,0.30,0.40,29.92,17,17,0,-0.01,-0.10,0.10,29.22,17,17,0,0.32,0.30,0.40,29.31,17,17,0,0.61,-0.30,1.60,27.65,17,0,0,0.10,0.10,0.10,29.98,17,17,0,1.05,1.00,1.10,29.42,17,17,0,0.22,0.20,0.30,29.16,17,17,0
2225618,0.37,0.30,0.40,29.93,17,17,0,-0.03,-0.10,0.10,29.20,17,17,0,0.32,0.30,0.40,29.30,17,17,0,0.62,0.30,1.00,27.67,17,0,0,0.10,0.10,0.10,30.00,17,17,0,1.06,1.00,1.10,29.41,17,17,0,0.22,0.20,0.30,29.14,17,17,0
2226118,0.37,0.30,0.40,29.91,18,18,0,-0.01,-0.10,0.10,29.22,18,18,0,0.31,0.30,0.40,29.31,18,18,0,0.62,0.40,1.00,27.68,18,0,0,0.11,0.10,0.20,29.99,18,18,0,1.06,1.00,1.10,29.42,18,18,0,0.22,0.20,0.30,29.16,18,18,0
2226620,0.35,0.30,0.40,29.93,17,17,0,0.01,-0.10,0.10,29.21,17,17,0,0.32,0.30,0.40,29.29,17,17,0,0.67,0.30,1.00,27.69,17,0,0,0.10,0.10,0.10,29.99,17,17,0,1.06,1.00,1.10,29.41,17,17,0,0.23,0.20,0.30,29.16,17,17,0
2227120,0.35,0.30,0.40,29.91,17,17,0,-0.01,-0.10,0.10,29.22,17,17,0,0.33,0.30,0.40,29.30,17,17,0,0.74,0.30,1.00,27.72,17,0,0,0.10,0.10,0.10,29.99,17,17,0,1.07,1.00,1.10,29.41,17,17,0,0.24,0.20,0.30,29.16,17,17,0
2227620,0.36,0.30,0.40,29.93,17,17,0,0.01,-0.10,0.10,29.19,17,17,0,0.33,0.30,0.40,29.31,17,17,0,0.71,0.50,0.90,27.71,17,0,0,0.09,0.00,0.10,29.99,17,17,0,1.06,1.00,1.10,29.42,17,17,0,0.25,0.20,0.30,29.17,17,17,0
2228120,0.38,0.30,0.40,29.90,17,17,0,-0.02,-0.10,0.00,29.22,17,17,0,0.32,0.30,0.40,29.30,17,17,0,0.65,-0.70,1.30,27.73,17,0,0,0.09,0.00,0.10,29.98,17,17,0,1.06,1.00,1.10,29.41,17,17,0,0.23,0.20,0.30,29.17,17,17,0
2228620,0.39,0.30,0.40,29.93,17,17,0,-0.01,-0.10,0.10,29.22,17,17,0,0.33,0.30,0.40,29.29,17,17,0,0.55,-0.40,1.70,27.74,17,0,0,0.11,0.10,0.20,29.99,17,17,0,1.05,1.00,1.10,29.40,17,17,0,0.22,0.20,0.30,29.16,17,17,0
2229120,0.36,0.30,0.40,29.92,16,16,0,0.00,-0.10,0.10,29.22,16,16,0,0.34,0.30,0.40,29.29,16,16,0,-30.81,-163.20,69.30,27.74,16,0,0,0.10,0.00,0.20,30.00,16,16,0,1.06,1.00,1.10,29.42,16,16,0,0.21,0.20,0.30,29.16,16,16,0
2229630,0.38,0.30,0.40,29.93,17,17,0,0.01,-0.10,0.10,29.20,17,17,0,0.32,0.30,0.40,29.31,17,17,0,-59.91,-292.80,56.80,27.67,17,0,0,0.12,0.10,0.20,30.00,17,17,0,1.06,1.00,1.10,29.41,17,17,0,0.24,0.20,0.30,29.17,17,17,0
2230132,0.36,0.30,0.40,29.92,17,17,0,-0.01,-0.10,0.10,29.23,17,17,0,0.31,0.30,0.40,29.31,17,17,0,-32.69,-524.00,264.10,27.60,17,0,0,0.10,0.10,0.10,29.99,17,17,0,1.08,1.00,1.10,29.41,17,17,0,0.21,0.20,0.30,29.18,17,17,0
2230636,0.38,0.30,0.40,29.92,17,17,0,0.00,-0.10,0.10,29.22,17,17,0,0.32,0.30,0.40,29.31,17,17,0,-29.86,-211.00,109.10,27.63,17,0,0,0.12,0.10,0.20,30.00,17,17,0,1.04,1.00,1.10,29.43,17,17,0,0.22,0.20,0.30,29.17,17,17,0
2231146,0.38,0.30,0.40,29.92,17,17,0,-0.01,-0.10,0.10,29.21,17,17,0,0.34,0.30,0.40,29.31,17,17,0,-14.91,-166.00,191.20,27.63,17,0,0,0.11,0.10,0.20,30.01,17,17,0,1.04,1.00,1.10,29.43,17,17,0,0.24,0.20,0.30,29.16,17,17,0
2231658,0.38,0.30,0.40,29.93,17,17,0,-0.01,-0.10,0.10,29.23,17,17,0,0.32,0.30,0.40,29.31,17,17,0,-75.68,-247.30,133.10,27.62,17,0,0,0.12,0.10,0.20,29.99,17,17,0,1.05,1.00,1.10,29.42,17,17,0,0.22,0.20,0.30,29.17,17,17,0
2232158,0.38,0.30,0.40,29.93,17,17,0,-0.01,-0.10,0.10,29.24,17,17,0,0.33,0.30,0.40,29.30,17,17,0,-178.35,-391.70,49.10,27.49,17,0,0,0.11,0.10,0.20,30.01,17,17,0,1.06,1.00,1.10,29.42,17,17,0,0.22,0.20,0.30,29.16,17,17,0
2232665,0.38,0.30,0.40,29.93,17,17,0,-0.01,-0.10,0.00,29.21,17,17,0,0.34,0.30,0.40,29.29,17,17,0,5.46,-145.90,164.20,27.07,17,0,0,0.11,0.10,0.20,30.00,17,17,0,1.06,1.00,1.10,29.42,17,17,0,0.22,0.20,0.30,29.16,17,17,0
2233165,0.37,0.30,0.40,29.93,17,17,0,0.01,-0.10,0.10,29.22,17,17,0,0.35,0.30,0.40,29.29,17,17,0,145.74,23.60,395.70,27.22,17,0,0,0.11,0.10,0.20,30.00,17,17,0,1.06,1.00,1.10,29.41,17,17,0,0.22,0.20,0.30,29.18,17,17,0
2233677,0.38,0.30,0.40,29.93,17,17,0,-0.03,-0.10,0.10,29.22,17,17,0,0.34,0.30,0.40,29.32,17,17,0,37.94,-267.40,496.60,27.23,17,0,2,0.11,0.10,0.20,30.00,17,17,0,1.06,1.00,1.10,29.44,17,17,0,0.21,0.20,0.30,29.16,17,17,0
2234181,0.38,0.30,0.40,29.91,17,17,0,-0.01,-0.10,0.10,29.24,17,17,0,0.32,0.30,0.40,29.30,17,17,0,3.22,-0.50,9.00,27.33,17,0,0,0.11,0.10,0.20,30.01,17,17,0,1.07,1.00,1.10,29.43,17,17,0,0.22,0.20,0.30,29.17,17,17,0
2234681,0.36,0.30,0.40,29.93,17,17,0,0.00,-0.10,0.10,29.23,17,17,0,0.34,0.30,0.40,29.31,17,17,0,1.82,0.90,3.10,27.44,17,0,0,0.11,0.10,0.20,30.01,17,17,0,1.05,1.00,1.10,29.43,17,17,0,0.24,0.20,0.30,29.15,17,17,0
2235191,0.37,0.30,0.40,29.93,17,17,0,0.00,-0.10,0.10,29.22,17,17,0,0.33,0.30,0.40,29.29,17,17,0,1.43,1.00,2.00,27.54,17,0,0,0.09,0.00,0.10,30.00,17,17,0,1.05,1.00,1.10,29.44,17,17,0,0.22,0.10,0.30,29.17,17,17,0
2235692,0.37,0.30,0.40,29.92,17,17,0,0.00,-0.10,0.10,29.22,17,17,0,0.33,0.30,0.40,29.31,17,17,0,1.19,0.90,1.60,27.59,17,0,0,0.10,0.10,0.10,29.99,17,17,0,1.06,1.00,1.10,29.44,17,17,0,0.21,0.20,0.30,29.17,17,17,0
2236192,0.39,0.30,0.40,29.92,17,17,0,-0.01,-0.10,0.10,29.24,17,17,0,0.33,0.30,0.40,29.30,17,17,0,1.01,0.70,1.40,27.66,17,0,0,0.12,0.10,0.20,29.99,17,17,0,1.06,1.00,1.10,29.44,17,17,0,0.21,0.20,0.30,29.18,17,17,0
2236692,0.39,0.30,0.40,29.91,17,17,0,-0.01,-0.10,0.10,29.23,17,17,0,0.34,0.30,0.40,29.31,17,17,0,0.89,0.70,1.20,27.71,17,0,0,0.11,0.10,0.20,30.00,17,17,0,1.05,1.00,1.10,29.44,17,17,0,0.21,0.20,0.30,29.18,17,17,0
2237192,0.36,0.30,0.40,29.92,17,17,0,0.01,-0.10,0.10,29.22,17,17,0,0.33,0.30,0.40,29.30,17,17,0,0.83,0.60,1.00,27.73,17,0,0,0.10,0.10,0.10,30.00,17,17,0,1.06,1.00,1.10,29.43,17,17,0,0.21,0.20,0.30,29.16,17,17,0
2237702,0.38,0.30,0.40,29.93,17,17,0,0.01,-0.10,0.10,29.24,17,17,0,0.34,0.30,0.40,29.31,17,17,0,0.79,0.60,1.00,27.76,17,0,0,0.11,0.10,0.20,29.99,17,17,0,1.07,1.00,1.10,29.42,17,17,0,0.22,0.20,0.30,29.17,17,17,0
2238211,0.38,0.30,0.40,29.94,18,18,0,-0.02,-0.10,0.10,29.23,18,18,0,0.33,0.30,0.40,29.30,18,18,0,0.81,0.60,1.00,27.81,18,0,0,0.10,0.10,0.10,30.02,18,18,0,1.06,1.00,1.10,29.42,18,18,0,0.21,0.20,0.30,29.17,18,18,0
2238711,0.38,0.30,0.40,29.92,17,17,0,0.02,-0.10,0.10,29.23,17,17,0,0.31,0.30,0.40,29.29,17,17,0,0.79,0.60,0.90,27.83,17,0,0,0.11,0.10,0.20,30.01,17,17,0,1.06,1.00,1.10,29.44,17,17,0,0.21,0.20,0.30,29.17,17,17,0
2239211,0.39,0.30,0.40,29.93,17,17,0,-0.01,-0.10,0.00,29.22,17,17,0,0.31,0.30,0.40,29.30,17,17,0,0.80,0.70,0.90,27.84,17,0,0,0.12,0.10,0.20,30.00,17,17,0,1.06,1.00,1.10,29.45,17,17,0,0.21,0.20,0.30,29.18,17,17,0
2239711,0.37,0.30,0.40,29.93,17,17,0,-0.01,-0.10,0.10,29.25,17,17,0,0.31,0.30,0.40,29.33,17,17,0,0.82,0.50,1.10,27.86,17,0,0,0.10,0.10,0.10,30.00,17,17,0,1.06,1.00,1.10,29.43,17,17,0,0.21,0.10,0.30,29.16,17,17,0
2240211,0.39,0.30,0.40,29.93,18,18,0,-0.02,-0.10,0.10,29.22,18,18,0,0.32,0.30,0.40,29.30,18,18,0,0.88,0.70,1.10,27.87,18,0,0,0.10,0.00,0.20,29.99,18,18,0,1.05,1.00,1.10,29.43,18,18,0,0.22,0.20,0.30,29.18,18,18,0
2240720,0.39,0.30,0.40,29.92,17,17,0,-0.01,-0.10,0.10,29.24,17,17,0,0.32,0.30,0.40,29.30,17,17,0,-52.89,-519.30,331.90,27.89,17,0,0,0.11,0.10,0.20,30.00,17,17,0,1.05,1.00,1.10,29.44,17,17,0,0.21,0.20,0.30,29.17,17,17,0
2241227,0.35,0.30,0.40,29.92,17,17,0,0.00,-0.10,0.10,29.23,17,17,0,0.32,0.30,0.40,29.32,17,17,0,-282.54,-683.20,-18.80,27.34,17,0,0,0.10,0.00,0.20,30.00,17,17,0,1.07,1.00,1.10,29.43,17,17,0,0.20,0.20,0.20,29.18,17,17,0
2241727,0.36,0.30,0.40,29.93,16,16,0,0.03,-0.10,0.10,29.24,16,16,0,0.32,0.30,0.40,29.31,16,16,0,29.34,-150.70,141.10,27.17,16,0,0,0.11,0.10,0.20,30.02,16,16,0,1.07,1.00,1.10,29.44,16,16,0,0.21,0.20,0.30,29.17,16,16,0
2242228,0.35,0.30,0.40,29.93,17,17,0,0.00,-0.10,0.10,29.24,17,17,0,0.32,0.30,0.40,29.30,17,17,0,30.78,-389.30,178.30,27.33,17,0,1,0.10,0.10,0.10,30.00,17,17,0,1.06,1.00,1.10,29.44,17,17,0,0.22,0.20,0.30,29.16,17,17,0
2242728,0.37,0.30,0.40,29.92,17,17,0,-0.01,-0.10,0.10,29.23,17,17,0,0.32,0.30,0.40,29.28,17,17,0,-5.52,-136.90,130.20,27.41,17,0,0,0.10,0.10,0.10,30.01,17,17,0,1.04,1.00,1.10,29.44,17,17,0,0.20,0.20,0.20,29.17,17,17,0
2243241,0.37,0.30,0.40,29.93,17,17,0,-0.02,-0.10,0.00,29.24,17,17,0,0.33,0.30,0.40,29.30,17,17,0,-27.76,-609.80,180.40,27.54,17,0,1,0.11,0.00,0.20,30.01,17,17,0,1.05,1.00,1.10,29.44,17,17,0,0.21,0.20,0.30,29.16,17,17,0
2243744,0.36,0.30,0.40,29.93,17,17,0,-0.01,-0.10,0.10,29.23,17,17,0,0.34,0.30,0.40,29.31,17,17,0,-29.59,-160.10,53.10,27.59,17,0,0,0.10,0.10,0.10,30.00,17,17,0,1.07,1.00,1.10,29.43,17,17,0,0.21,0.20,0.30,29.16,17,17,0
2244247,0.38,0.30,0.40,29.93,17,17,0,0.01,0.00,0.10,29.25,17,17,0,0.34,0.30,0.40,29.30,17,17,0,6.86,-91.10,143.10,27.65,17,0,0,0.10,0.00,0.20,30.02,17,17,0,1.06,1.00,1.10,29.44,17,17,0,0.23,0.20,0.30,29.15,17,17,0
2244753,0.37,0.30,0.40,29.92,17,17,0,0.01,-0.10,0.10,29.25,17,17,0,0.32,0.30,0.40,29.30,17,17,0,-23.84,-309.60,170.80,27.70,17,0,0,0.10,0.10,0.10,30.01,17,17,0,1.08,1.00,1.10,29.43,17,17,0,0.22,0.20,0.30,29.15,17,17,0
2245253,0.38,0.30,0.40,29.93,17,17,0,-0.01,-0.10,0.10,29.23,17,17,0,0.32,0.30,0.40,29.29,17,17,0,-4.47,-242.30,96.70,27.75,17,0,0,0.11,0.10,0.20,30.01,17,17,0,1.06,1.00,1.10,29.44,17,17,0,0.22,0.20,0.30,29.16,17,17,0
2245765,0.36,0.30,0.40,29.94,17,17,0,0.00,-0.10,0.10,29.23,17,17,0,0.32,0.30,0.40,29.29,17,17,0,8.26,-136.70,154.90,27.80,17,0,0,0.10,0.10,0.10,29.99,17,17,0,1.04,1.00,1.10,29.43,17,17,0,0.22,0.20,0.30,29.16,17,17,0
2246274,0.36,0.30,0.40,29.92,17,17,0,-0.03,-0.10,0.00,29.24,17,17,0,0.32,0.30,0.40,29.31,17,17,0,36.38,-41.70,324.90,27.82,17,0,0,0.11,0.10,0.20,30.01,17,17,0,1.06,1.00,1.10,29.44,17,17,0,0.23,0.20,0.30,29.15,17,17,0
2246787,0.36,0.30,0.40,29.92,17,17,0,0.04,0.00,0.10,29.23,17,17,0,0.34,0.30,0.40,29.29,17,17,0,18.78,-51.90,131.10,27.84,17,0,0,0.09,0.00,0.10,30.01,17,17,0,1.08,1.00,1.10,29.44,17,17,0,0.22,0.20,0.30,29.15,17,17,0
2247290,0.37,0.30,0.40,29.93,17,17,0,0.01,-0.10,0.10,29.25,17,17,0,0.33,0.30,0.40,29.30,17,17,0,30.86,-686.80,896.20,27.88,17,0,0,0.11,0.10,0.20,30.02,17,17,0,1.05,1.00,1.10,29.44,17,17,0,0.21,0.20,0.30,29.15,17,17,0
2247799,0.35,0.30,0.40,29.92,17,17,0,-0.02,-0.10,0.10,29.24,17,17,0,0.35,0.30,0.40,29.30,17,17,0,11.06,-108.50,139.00,27.81,17,0,0,0.11,0.10,0.20,30.00,17,17,0,1.06,1.00,1.10,29.45,17,17,0,0.21,0.20,0.30,29.15,17,17,0
2248299,0.33,0.30,0.40,29.93,15,15,0,-0.02,-0.10,0.10,29.23,15,15,0,0.33,0.30,0.40,29.29,15,15,0,1.83,-31.80,44.00,27.84,15,0,0,0.11,0.10,0.20,30.00,15,15,0,1.09,1.00,1.10,29.45,15,15,0,0.23,0.20,0.30,29.15,15,15,0
2248803,0.36,0.30,0.40,29.94,17,17,0,-0.01,-0.10,0.10,29.24,17,17,0,0.33,0.30,0.40,29.28,17,17,0,1.65,-29.20,30.50,27.87,17,0,0,0.11,0.10,0.20,30.00,17,17,0,1.06,1.00,1.10,29.45,17,17,0,0.21,0.20,0.30,29.15,17,17,0
2249308,0.37,0.30,0.40,29.93,17,17,0,0.01,-0.10,0.10,29.23,17,17,0,0.34,0.30,0.40,29.29,17,17,0,1.10,-5.70,9.20,27.92,17,0,0,0.11,0.10,0.20,30.02,17,17,0,1.08,1.00,1.10,29.43,17,17,0,0.22,0.20,0.30,29.15,17,17,0
2249814,0.38,0.30,0.40,29.93,17,17,0,-0.01,-0.10,0.10,29.23,17,17,0,0.35,0.30,0.40,29.28,17,17,0,0.72,-0.80,2.60,27.95,17,0,0,0.11,0.10,0.20,30.00,17,17,0,1.08,1.00,1.10,29.44,17,17,0,0.22,0.20,0.30,29.16,17,17,0
2250315,0.38,0.30,0.40,29.92,17,17,0,-0.01,-0.10,0.10,29.24,17,17,0,0.33,0.30,0.40,29.29,17,17,0,-3.04,-86.90,32.70,27.98,17,0,0,0.09,0.00,0.10,30.01,17,17,0,1.07,1.00,1.10,29.45,17,17,0,0.22,0.20,0.30,29.16,17,17,0
2250815,0.35,0.30,0.40,29.95,17,17,0,0.01,-0.10,0.10,29.24,17,17,0,0.32,0.30,0.40,29.30,17,17,0,-0.72,-63.40,43.30,27.98,17,0,0,0.10,0.10,0.10,30.00,17,17,0,1.06,1.00,1.10,29.47,17,17,0,0.21,0.20,0.30,29.14,17,17,0
2251324,0.37,0.30,0.40,29.94,17,17,0,0.00,-0.10,0.10,29.25,17,17,0,0.33,0.30,0.40,29.30,17,17,0,0.85,-6.80,10.80,28.01,17,0,0,0.10,0.10,0.10,29.99,17,17,0,1.05,1.00,1.10,29.45,17,17,0,0.21,0.20,0.30,29.15,17,17,0
2251834,0.37,0.30,0.40,29.93,17,17,0,-0.01,-0.10,0.10,29.24,17,17,0,0.32,0.30,0.40,29.28,17,17,0,-3.41,-59.40,14.50,28.02,17,0,0,0.11,0.10,0.20,29.99,17,17,0,1.06,1.00,1.10,29.45,17,17,0,0.20,0.20,0.20,29.15,17,17,0
2252336,0.37,0.30,0.40,29.92,17,17,0,0.00,-0.10,0.10,29.26,17,17,0,0.32,0.30,0.40,29.28,17,17,0,1.82,-70.10,58.60,28.01,17,0,0,0.11,0.10,0.20,30.01,17,17,0,1.06,1.00,1.10,29.46,17,17,0,0.21,0.20,0.30,29.15,17,17,0
2252842,0.37,0.30,0.40,29.92,17,17,0,-0.01,-0.10,0.00,29.25,17,17,0,0.32,0.30,0.40,29.29,17,17,0,3.10,-25.90,44.70,28.05,17,0,0,0.11,0.10,0.20,30.02,17,17,0,1.05,1.00,1.10,29.46,17,17,0,0.22,0.20,0.30,29.13,17,17,0
2253344,0.36,0.30,0.40,29.93,17,17,0,-0.01,-0.10,0.00,29.26,17,17,0,0.33,0.30,0.40,29.30,17,17,0,0.31,-46.70,61.10,28.07,17,0,0,0.11,0.10,0.20,30.00,17,17,0,1.07,1.00,1.10,29.44,17,17,0,0.21,0.20,0.30,29.14,17,17,0
2253846,0.37,0.30,0.40,29.92,17,17,0,-0.01,-0.10,0.10,29.25,17,17,0,0.35,0.30,0.40,29.29,17,17,0,0.22,-19.70,14.10,28.08,17,0,0,0.11,0.10,0.20,29.99,17,17,0,1.04,1.00,1.10,29.46,17,17,0,0.21,0.20,0.30,29.15,17,17,0
2254357,0.37,0.30,0.40,29.93,17,17,0,-0.02,-0.10,0.00,29.27,17,17,0,0.33,0.30,0.40,29.29,17,17,0,1.08,-6.10,8.30,28.10,17,0,0,0.11,0.10,0.20,30.01,17,17,0,1.04,1.00,1.10,29.46,17,17,0,0.22,0.20,0.30,29.16,17,17,0
2254858,0.36,0.30,0.40,29.94,17,17,0,0.01,-0.10,0.10,29.26,17,17,0,0.34,0.30,0.40,29.29,17,17,0,0.72,-2.10,3.60,28.08,17,0,0,0.11,0.10,0.20,30.01,17,17,0,1.06,1.00,1.10,29.44,17,17,0,0.21,0.20,0.30,29.14,17,17,0
2255368,0.39,0.30,0.40,29.92,17,17,0,0.01,0.00,0.10,29.26,17,17,0,0.32,0.30,0.40,29.29,17,17,0,0.73,-0.80,3.20,28.11,17,0,0,0.11,0.10,0.20,29.99,17,17,0,1.09,1.00,1.10,29.45,17,17,0,0.19,0.10,0.30,29.13,17,17,0
2255868,0.36,0.30,0.40,29.92,17,17,0,0.01,-0.10,0.10,29.24,17,17,0,0.32,0.30,0.40,29.28,17,17,0,0.62,-0.80,1.90,28.12,17,0,0,0.10,0.10,0.10,30.01,17,17,0,1.06,1.00,1.10,29.45,17,17,0,0.21,0.20,0.30,29.12,17,17,0
2256368,0.37,0.30,0.40,29.91,17,17,0,0.02,-0.10,0.10,29.25,17,17,0,0.35,0.30,0.40,29.27,17,17,0,0.46,-4.50,4.50,28.13,17,0,0,0.11,0.10,0.20,30.01,17,17,0,1.06,1.00,1.10,29.45,17,17,0,0.21,0.20,0.30,29.15,17,17,0
2256868,0.38,0.30,0.40,29.91,17,17,0,-0.03,-0.10,0.10,29.25,17,17,0,0.34,0.30,0.40,29.28,17,17,0,-0.58,-34.60,19.50,28.13,17,0,0,0.11,0.10,0.20,30.00,17,17,0,1.07,1.00,1.10,29.46,17,17,0,0.21,0.20,0.30,29.14,17,17,0
2257371,0.39,0.30,0.40,29.92,17,17,0,-0.01,-0.10,0.10,29.24,17,17,0,0.33,0.30,0.40,29.28,17,17,0,0.03,-30.30,24.60,28.15,17,0,0,0.11,0.10,0.20,30.01,17,17,0,1.07,1.00,1.10,29.47,17,17,0,0.21,0.20,0.30,29.13,17,17,0
