millis_ms,ch1_flow_mean_ulmin,ch1_flow_min_ulmin,ch1_flow_max_ulmin,ch1_temp_C,ch1_n,ch1_air,ch1_hiflow,ch2_flow_mean_ulmin,ch2_flow_min_ulmin,ch2_flow_max_ulmin,ch2_temp_C,ch2_n,ch2_air,ch2_hiflow,ch3_flow_mean_ulmin,ch3_flow_min_ulmin,ch3_flow_max_ulmin,ch3_temp_C,ch3_n,ch3_air,ch3_hiflow,ch4_flow_mean_ulmin,ch4_flow_min_ulmin,ch4_flow_max_ulmin,ch4_temp_C,ch4_n,ch4_air,ch4_hiflow,ch5_flow_mean_ulmin,ch5_flow_min_ulmin,ch5_flow_max_ulmin,ch5_temp_C,ch5_n,ch5_air,ch5_hiflow,ch6_flow_mean_ulmin,ch6_flow_min_ulmin,ch6_flow_max_ulmin,ch6_temp_C,ch6_n,ch6_air,ch6_hiflow,ch7_flow_mean_ulmin,ch7_flow_min_ulmin,ch7_flow_max_ulmin,ch7_temp_C,ch7_n,ch7_air,ch7_hiflow
6644,0.32,0.30,0.40,26.69,20,20,0,0.03,-0.10,0.10,25.26,20,20,0,0.35,0.30,0.40,25.22,20,20,0,0.81,0.80,0.90,24.97,20,20,0,0.37,0.20,0.60,25.14,20,20,0,0.71,0.60,0.90,25.29,20,20,0,0.29,-3.60,4.20,24.52,20,0,0
7145,0.32,0.30,0.40,27.34,14,14,0,-0.01,-0.10,0.10,25.82,14,14,0,0.33,0.30,0.40,25.90,14,14,0,0.80,0.80,0.80,25.64,14,14,0,0.20,-0.10,0.50,25.88,14,14,0,1.68,1.20,1.90,26.00,14,14,0,0.55,-4.90,7.20,25.05,14,0,0
7645,0.31,0.30,0.40,27.64,16,16,0,-0.03,-0.10,0.00,26.11,16,16,0,0.33,0.30,0.40,26.21,16,16,0,0.80,0.80,0.80,25.93,16,16,0,0.19,0.10,0.30,26.19,16,16,0,1.14,1.00,1.50,26.32,16,16,0,1.25,-11.40,11.10,25.29,16,0,0
8149,0.32,0.30,0.40,27.88,17,17,0,-0.01,-0.10,0.10,26.33,17,17,0,0.36,0.30,0.40,26.44,17,17,0,0.80,0.80,0.80,26.14,17,17,0,0.24,0.20,0.30,26.47,17,17,0,0.88,0.80,0.90,26.53,17,17,0,0.24,-12.60,11.80,25.50,17,0,0
8651,0.31,0.30,0.40,28.01,17,17,0,-0.03,-0.10,0.10,26.48,17,17,0,0.36,0.30,0.40,26.60,17,17,0,0.80,0.80,0.80,26.32,17,17,0,0.12,0.10,0.20,26.61,17,17,0,0.82,0.80,0.90,26.70,17,17,0,0.56,-4.00,5.00,25.67,17,0,0
9156,0.32,0.30,0.40,28.13,17,17,0,-0.04,-0.10,0.10,26.60,17,17,0,0.38,0.30,0.40,26.71,17,17,0,0.81,0.80,0.90,26.44,17,17,0,0.16,0.10,0.20,26.78,17,17,0,0.75,0.70,0.80,26.81,17,17,0,0.85,-0.40,2.20,25.78,17,0,0
9656,0.35,0.30,0.40,28.25,17,17,0,-0.01,-0.10,0.10,26.69,17,17,0,0.38,0.30,0.40,26.82,17,17,0,0.80,0.80,0.80,26.56,17,17,0,0.13,0.10,0.20,26.91,17,17,0,0.78,0.70,0.80,26.94,17,17,0,0.78,-1.00,1.80,25.90,17,0,0
10169,0.31,0.30,0.40,28.32,18,18,0,0.01,-0.10,0.10,26.78,18,18,0,0.38,0.30,0.40,26.90,18,18,0,0.80,0.80,0.80,26.62,18,18,0,0.15,0.10,0.20,27.01,18,18,0,0.72,0.70,0.80,27.02,18,18,0,0.77,-3.20,5.60,25.98,18,0,0
10670,0.34,0.30,0.40,28.40,17,17,0,0.01,-0.10,0.10,26.85,17,17,0,0.39,0.30,0.40,26.97,17,17,0,0.81,0.80,0.90,26.72,17,17,0,0.14,0.10,0.20,27.08,17,17,0,0.74,0.70,0.80,27.13,17,17,0,0.83,-2.90,4.70,26.06,17,0,0
11170,0.34,0.30,0.40,28.45,17,17,0,-0.01,-0.10,0.10,26.91,17,17,0,0.39,0.30,0.40,27.04,17,17,0,0.80,0.80,0.80,26.78,17,17,0,0.17,0.10,0.20,27.16,17,17,0,0.74,0.70,0.80,27.19,17,17,0,0.85,-4.70,5.40,26.12,17,0,0
11670,0.34,0.30,0.40,28.50,17,17,0,0.03,-0.10,0.10,26.97,17,17,0,0.39,0.30,0.40,27.07,17,17,0,0.81,0.80,0.90,26.83,17,17,0,0.16,0.10,0.20,27.20,17,17,0,0.75,0.70,0.80,27.26,17,17,0,0.79,-8.00,11.60,26.20,17,0,0
12170,0.36,0.30,0.40,28.57,17,17,0,-0.01,-0.10,0.10,27.00,17,17,0,0.39,0.30,0.40,27.15,17,17,0,0.81,0.80,0.90,26.88,17,17,0,0.15,0.10,0.20,27.26,17,17,0,0.75,0.70,0.80,27.30,17,17,0,0.86,0.20,1.60,26.25,17,0,0
12670,0.35,0.30,0.40,28.59,16,16,0,0.01,-0.10,0.10,27.06,16,16,0,0.39,0.30,0.40,27.20,16,16,0,0.80,0.80,0.80,26.93,16,16,0,0.18,0.10,0.20,27.31,16,16,0,0.76,0.70,0.80,27.36,16,16,0,0.96,-0.30,3.00,26.31,16,0,0
13177,0.33,0.30,0.40,28.64,17,17,0,0.02,0.00,0.10,27.09,17,17,0,0.39,0.30,0.40,27.21,17,17,0,0.81,0.80,0.90,26.97,17,17,0,0.15,0.10,0.20,27.33,17,17,0,0.76,0.70,0.80,27.39,17,17,0,0.76,-1.10,2.00,26.37,17,0,0
13677,0.37,0.30,0.40,28.67,17,17,0,0.01,-0.10,0.10,27.15,17,17,0,0.38,0.30,0.40,27.27,17,17,0,0.81,0.80,0.90,26.99,17,17,0,0.15,0.10,0.20,27.40,17,17,0,0.78,0.70,0.80,27.43,17,17,0,0.80,-6.00,7.00,26.39,17,0,0
14177,0.36,0.30,0.40,28.71,17,17,0,0.03,0.00,0.10,27.17,17,17,0,0.39,0.30,0.40,27.30,17,17,0,0.80,0.80,0.80,27.05,17,17,0,0.15,0.10,0.20,27.43,17,17,0,0.75,0.70,0.80,27.45,17,17,0,0.91,-0.10,1.90,26.46,17,0,0
14678,0.35,0.30,0.40,28.74,17,17,0,0.00,-0.10,0.10,27.20,17,17,0,0.38,0.30,0.40,27.30,17,17,0,0.82,0.80,0.90,27.04,17,17,0,0.16,0.10,0.20,27.46,17,17,0,0.76,0.70,0.80,27.50,17,17,0,1.14,-0.40,5.80,26.49,17,0,0
15182,0.37,0.30,0.40,28.77,17,17,0,0.01,-0.10,0.10,27.24,17,17,0,0.39,0.30,0.40,27.35,17,17,0,0.82,0.80,0.90,27.09,17,17,0,0.15,0.10,0.20,27.50,17,17,0,0.75,0.70,0.80,27.51,17,17,0,0.88,-2.70,5.40,26.52,17,0,0
15682,0.35,0.30,0.40,28.79,17,17,0,0.02,0.00,0.10,27.25,17,17,0,0.39,0.30,0.40,27.38,17,17,0,0.83,0.80,0.90,27.11,17,17,0,0.16,0.10,0.20,27.52,17,17,0,0.76,0.70,0.80,27.56,17,17,0,0.75,-1.40,2.20,26.55,17,0,0
16182,0.37,0.30,0.40,28.83,17,17,0,0.02,-0.10,0.10,27.27,17,17,0,0.39,0.30,0.40,27.41,17,17,0,0.80,0.80,0.80,27.14,17,17,0,0.19,0.10,0.20,27.54,17,17,0,0.78,0.70,0.80,27.57,17,17,0,0.92,0.20,1.60,26.59,17,0,0
16682,0.35,0.30,0.40,28.85,18,18,0,0.03,0.00,0.10,27.31,18,18,0,0.40,0.40,0.40,27.45,18,18,0,0.82,0.80,0.90,27.16,18,18,0,0.18,0.10,0.20,27.56,18,18,0,0.77,0.70,0.80,27.60,18,18,0,0.94,0.20,1.70,26.62,18,0,0
17182,0.35,0.30,0.40,28.87,17,17,0,0.01,-0.10,0.10,27.33,17,17,0,0.39,0.30,0.40,27.45,17,17,0,0.80,0.80,0.80,27.21,17,17,0,0.17,0.10,0.20,27.61,17,17,0,0.77,0.70,0.80,27.62,17,17,0,0.92,0.40,1.40,26.64,17,0,0
17693,0.36,0.30,0.40,28.89,18,18,0,0.03,-0.10,0.10,27.36,18,18,0,0.40,0.40,0.40,27.49,18,18,0,0.82,0.80,0.90,27.22,18,18,0,0.16,0.10,0.20,27.61,18,18,0,0.78,0.70,0.80,27.65,18,18,0,0.84,0.40,1.40,26.66,18,0,0
18203,0.36,0.30,0.40,28.90,18,18,0,0.04,0.00,0.10,27.37,18,18,0,0.40,0.40,0.40,27.49,18,18,0,0.82,0.80,0.90,27.26,18,18,0,0.16,0.10,0.20,27.62,18,18,0,0.80,0.80,0.80,27.67,18,18,0,0.78,-1.10,2.00,26.69,18,0,0
18703,0.37,0.30,0.40,28.94,18,18,0,0.02,-0.10,0.10,27.40,18,18,0,0.40,0.40,0.40,27.53,18,18,0,0.80,0.70,0.90,27.25,18,18,0,0.16,0.10,0.20,27.66,18,18,0,0.77,0.70,0.80,27.69,18,18,0,0.87,-0.60,2.30,26.72,18,0,0
19203,0.35,0.30,0.40,28.95,17,17,0,0.01,-0.10,0.10,27.42,17,17,0,0.39,0.30,0.40,27.54,17,17,0,0.81,0.80,0.90,27.29,17,17,0,0.19,0.10,0.20,27.68,17,17,0,0.78,0.70,0.80,27.72,17,17,0,0.68,-0.10,1.50,26.73,17,0,0
19703,0.35,0.30,0.40,28.96,17,17,0,0.01,-0.10,0.10,27.45,17,17,0,0.40,0.40,0.40,27.56,17,17,0,0.81,0.80,0.90,27.29,17,17,0,0.18,0.10,0.20,27.67,17,17,0,0.77,0.70,0.80,27.73,17,17,0,0.71,0.10,1.20,26.75,17,0,0
20203,0.35,0.30,0.40,28.99,18,18,0,0.01,-0.10,0.10,27.46,18,18,0,0.40,0.40,0.40,27.57,18,18,0,0.81,0.80,0.90,27.29,18,18,0,0.17,0.10,0.20,27.72,18,18,0,0.77,0.70,0.80,27.75,18,18,0,0.64,-0.10,1.50,26.78,18,0,0
20706,0.36,0.30,0.40,29.03,17,17,0,0.02,0.00,0.10,27.48,17,17,0,0.40,0.40,0.40,27.58,17,17,0,0.81,0.80,0.90,27.33,17,17,0,0.17,0.10,0.20,27.72,17,17,0,0.79,0.70,0.80,27.78,17,17,0,0.63,-0.10,1.30,26.82,17,0,0
21217,0.36,0.30,0.40,29.03,18,18,0,0.03,0.00,0.10,27.49,18,18,0,0.39,0.30,0.40,27.61,18,18,0,0.80,0.80,0.80,27.34,18,18,0,0.17,0.10,0.20,27.74,18,18,0,0.77,0.70,0.80,27.78,18,18,0,0.63,0.00,1.30,26.82,18,0,0
21720,0.37,0.30,0.40,29.04,18,18,0,0.05,0.00,0.10,27.50,18,18,0,0.40,0.40,0.40,27.62,18,18,0,0.81,0.80,0.90,27.34,18,18,0,0.16,0.10,0.20,27.76,18,18,0,0.77,0.70,0.80,27.80,18,18,0,0.64,-0.10,1.20,26.83,18,0,0
22220,0.35,0.30,0.40,29.06,17,17,0,0.04,0.00,0.10,27.51,17,17,0,0.40,0.40,0.40,27.63,17,17,0,0.82,0.80,0.90,27.37,17,17,0,0.17,0.10,0.20,27.77,17,17,0,0.77,0.70,0.80,27.81,17,17,0,0.66,0.40,1.30,26.87,17,0,0
22720,0.37,0.30,0.40,29.09,17,17,0,0.04,0.00,0.10,27.52,17,17,0,0.39,0.30,0.40,27.64,17,17,0,0.81,0.80,0.90,27.40,17,17,0,0.17,0.10,0.20,27.78,17,17,0,0.79,0.70,0.80,27.84,17,17,0,0.67,0.10,1.10,26.87,17,0,0
23223,0.37,0.30,0.40,29.08,18,18,0,0.01,-0.10,0.10,27.55,18,18,0,0.40,0.40,0.40,27.67,18,18,0,0.82,0.80,0.90,27.43,18,18,0,0.17,0.10,0.20,27.80,18,18,0,0.78,0.70,0.80,27.83,18,18,0,0.71,0.30,1.20,26.91,18,0,0
23730,0.38,0.30,0.40,29.10,18,18,0,0.03,-0.10,0.10,27.55,18,18,0,0.39,0.30,0.40,27.67,18,18,0,0.81,0.80,0.90,27.41,18,18,0,0.19,0.10,0.20,27.82,18,18,0,0.79,0.70,0.80,27.87,18,18,0,0.73,0.40,1.10,26.92,18,0,0
24233,0.37,0.30,0.40,29.12,18,18,0,0.04,0.00,0.10,27.56,18,18,0,0.40,0.40,0.40,27.71,18,18,0,0.81,0.80,0.90,27.44,18,18,0,0.16,0.10,0.20,27.83,18,18,0,0.78,0.70,0.80,27.86,18,18,0,0.71,0.40,1.00,26.91,18,0,0
24733,0.38,0.30,0.40,29.11,17,17,0,0.04,0.00,0.10,27.60,17,17,0,0.40,0.40,0.40,27.71,17,17,0,0.81,0.80,0.90,27.45,17,17,0,0.16,0.10,0.20,27.83,17,17,0,0.78,0.70,0.80,27.89,17,17,0,0.68,0.20,1.20,26.95,17,0,0
25239,0.37,0.30,0.40,29.14,18,18,0,0.03,-0.10,0.10,27.59,18,18,0,0.39,0.30,0.40,27.74,18,18,0,0.81,0.80,0.90,27.47,18,18,0,0.16,0.10,0.20,27.86,18,18,0,0.80,0.80,0.80,27.89,18,18,0,0.67,0.40,1.00,26.98,18,0,0
25745,0.37,0.30,0.40,29.16,18,18,0,0.02,0.00,0.10,27.60,18,18,0,0.40,0.40,0.40,27.72,18,18,0,0.82,0.80,0.90,27.47,18,18,0,0.17,0.10,0.20,27.88,18,18,0,0.77,0.70,0.80,27.90,18,18,0,0.66,0.40,1.00,27.00,18,0,0
26255,0.36,0.30,0.40,29.17,18,18,0,0.03,-0.10,0.10,27.63,18,18,0,0.39,0.30,0.40,27.74,18,18,0,0.81,0.80,0.90,27.48,18,18,0,0.17,0.10,0.20,27.87,18,18,0,0.78,0.70,0.80,27.94,18,18,0,0.64,0.50,0.80,26.99,18,0,0
26755,0.35,0.30,0.40,29.17,17,17,0,0.00,-0.10,0.10,27.63,17,17,0,0.40,0.40,0.40,27.77,17,17,0,0.81,0.80,0.90,27.51,17,17,0,0.16,0.10,0.20,27.90,17,17,0,0.78,0.70,0.80,27.94,17,17,0,0.69,0.40,0.90,27.02,17,0,0
27255,0.36,0.30,0.40,29.20,17,17,0,0.01,-0.10,0.10,27.65,17,17,0,0.39,0.30,0.40,27.78,17,17,0,0.82,0.80,0.90,27.51,17,17,0,0.16,0.10,0.20,27.90,17,17,0,0.78,0.70,0.80,27.95,17,17,0,0.74,0.50,1.00,27.04,17,0,0
27768,0.36,0.30,0.40,29.20,18,18,0,0.06,0.00,0.10,27.66,18,18,0,0.39,0.30,0.40,27.78,18,18,0,0.82,0.80,0.90,27.53,18,18,0,0.17,0.10,0.20,27.92,18,18,0,0.78,0.70,0.80,27.96,18,18,0,0.79,0.50,1.20,27.05,18,0,0
28268,0.35,0.30,0.40,29.20,17,17,0,0.04,0.00,0.10,27.68,17,17,0,0.40,0.40,0.40,27.79,17,17,0,0.81,0.80,0.90,27.54,17,17,0,0.18,0.10,0.20,27.94,17,17,0,0.79,0.70,0.80,27.95,17,17,0,0.75,0.60,0.90,27.07,17,0,0
28770,0.38,0.30,0.40,29.22,17,17,0,0.02,-0.10,0.10,27.66,17,17,0,0.40,0.40,0.40,27.80,17,17,0,0.82,0.80,0.90,27.56,17,17,0,0.16,0.10,0.20,27.95,17,17,0,0.78,0.70,0.80,27.97,17,17,0,0.67,0.30,0.80,27.07,17,0,0
29276,0.38,0.30,0.40,29.23,18,18,0,0.04,0.00,0.10,27.67,18,18,0,0.39,0.30,0.40,27.82,18,18,0,0.82,0.80,0.90,27.56,18,18,0,0.18,0.10,0.20,27.95,18,18,0,0.79,0.70,0.80,27.98,18,18,0,0.57,0.20,0.90,27.07,18,0,0
29776,0.38,0.30,0.40,29.25,17,17,0,0.01,-0.10,0.10,27.70,17,17,0,0.40,0.40,0.40,27.84,17,17,0,0.81,0.80,0.90,27.57,17,17,0,0.19,0.10,0.20,27.96,17,17,0,0.78,0.70,0.80,28.00,17,17,0,0.50,-0.20,1.10,27.08,17,0,0
30289,0.38,0.30,0.40,29.26,18,18,0,0.03,-0.10,0.10,27.71,18,18,0,0.40,0.40,0.40,27.86,18,18,0,0.81,0.80,0.90,27.57,18,18,0,0.19,0.10,0.20,27.96,18,18,0,0.79,0.70,0.80,28.01,18,18,0,0.28,-0.90,1.70,27.11,18,0,0
30789,0.35,0.30,0.40,29.28,17,17,0,0.05,0.00,0.10,27.71,17,17,0,0.39,0.30,0.40,27.85,17,17,0,0.82,0.80,0.90,27.59,17,17,0,0.18,0.10,0.20,27.98,17,17,0,0.78,0.70,0.80,28.03,17,17,0,0.28,-1.20,1.90,27.14,17,0,0
31302,0.37,0.30,0.40,29.28,18,18,0,0.03,-0.10,0.10,27.74,18,18,0,0.40,0.40,0.40,27.86,18,18,0,0.84,0.80,0.90,27.60,18,18,0,0.17,0.10,0.20,27.99,18,18,0,0.78,0.70,0.80,28.03,18,18,0,0.31,-0.80,1.50,27.13,18,0,0
31802,0.38,0.30,0.40,29.28,17,17,0,0.04,0.00,0.10,27.74,17,17,0,0.40,0.40,0.40,27.87,17,17,0,0.81,0.80,0.90,27.60,17,17,0,0.18,0.10,0.20,28.01,17,17,0,0.78,0.70,0.80,28.05,17,17,0,0.42,-0.30,1.20,27.14,17,0,0
32302,0.38,0.30,0.40,29.30,17,17,0,0.06,0.00,0.10,27.76,17,17,0,0.40,0.40,0.40,27.89,17,17,0,0.81,0.80,0.90,27.63,17,17,0,0.19,0.10,0.30,28.02,17,17,0,0.79,0.70,0.80,28.04,17,17,0,0.31,-0.20,1.00,27.14,17,0,0
32802,0.36,0.30,0.40,29.32,17,17,0,0.05,-0.10,0.10,27.75,17,17,0,0.39,0.30,0.40,27.90,17,17,0,0.82,0.80,0.90,27.64,17,17,0,0.18,0.10,0.20,28.01,17,17,0,0.79,0.70,0.80,28.05,17,17,0,0.34,-0.30,0.90,27.15,17,0,0
33302,0.36,0.30,0.40,29.30,17,17,0,0.04,0.00,0.10,27.77,17,17,0,0.38,0.30,0.40,27.91,17,17,0,0.82,0.80,0.90,27.66,17,17,0,0.17,0.10,0.20,28.02,17,17,0,0.79,0.70,0.80,28.08,17,17,0,0.42,-0.10,1.00,27.16,17,0,0
33815,0.38,0.30,0.40,29.32,18,18,0,0.02,-0.10,0.10,27.78,18,18,0,0.39,0.30,0.40,27.91,18,18,0,0.82,0.80,0.90,27.64,18,18,0,0.19,0.10,0.20,28.05,18,18,0,0.78,0.70,0.80,28.09,18,18,0,0.62,0.10,1.00,27.18,18,0,0
34328,0.37,0.30,0.40,29.34,18,18,0,0.03,0.00,0.10,27.79,18,18,0,0.40,0.40,0.40,27.92,18,18,0,0.81,0.80,0.90,27.64,18,18,0,0.18,0.10,0.20,28.06,18,18,0,0.78,0.70,0.80,28.09,18,18,0,0.72,-0.20,1.20,27.21,18,0,0
34828,0.35,0.30,0.40,29.34,17,17,0,0.04,0.00,0.10,27.79,17,17,0,0.38,0.30,0.40,27.93,17,17,0,0.81,0.80,0.90,27.67,17,17,0,0.17,0.10,0.20,28.06,17,17,0,0.79,0.70,0.80,28.09,17,17,0,0.92,0.20,1.70,27.21,17,0,0
35328,0.36,0.30,0.40,29.34,17,17,0,0.06,0.00,0.10,27.80,17,17,0,0.39,0.30,0.40,27.93,17,17,0,0.81,0.80,0.90,27.68,17,17,0,0.18,0.10,0.20,28.06,17,17,0,0.77,0.70,0.80,28.11,17,17,0,0.97,0.70,1.30,27.22,17,0,0
35829,0.36,0.30,0.40,29.36,17,17,0,0.04,0.00,0.10,27.83,17,17,0,0.40,0.40,0.40,27.96,17,17,0,0.83,0.80,0.90,27.68,17,17,0,0.18,0.10,0.20,28.09,17,17,0,0.79,0.70,0.80,28.12,17,17,0,1.02,0.70,1.40,27.20,17,0,0
36342,0.37,0.30,0.40,29.38,18,18,0,0.06,-0.10,0.10,27.82,18,18,0,0.40,0.40,0.40,27.96,18,18,0,0.82,0.80,0.90,27.70,18,18,0,0.19,0.10,0.20,28.09,18,18,0,0.79,0.70,0.80,28.13,18,18,0,0.99,0.60,1.20,27.25,18,0,0
36855,0.36,0.30,0.40,29.39,18,18,0,0.06,0.00,0.10,27.83,18,18,0,0.40,0.40,0.40,27.96,18,18,0,0.82,0.80,0.90,27.71,18,18,0,0.18,0.10,0.20,28.10,18,18,0,0.79,0.70,0.80,28.14,18,18,0,0.95,0.90,1.10,27.25,18,0,0
37355,0.35,0.30,0.40,29.39,17,17,0,0.08,0.00,0.10,27.85,17,17,0,0.40,0.40,0.40,27.97,17,17,0,0.82,0.80,0.90,27.71,17,17,0,0.18,0.10,0.20,28.11,17,17,0,0.79,0.70,0.80,28.14,17,17,0,0.91,0.50,1.30,27.26,17,0,0
37866,0.37,0.30,0.40,29.39,18,18,0,0.04,-0.10,0.10,27.84,18,18,0,0.40,0.40,0.40,27.98,18,18,0,0.83,0.80,0.90,27.72,18,18,0,0.18,0.10,0.30,28.13,18,18,0,0.80,0.80,0.80,28.15,18,18,0,0.83,0.60,1.10,27.28,18,0,0
38368,0.35,0.30,0.40,29.40,17,17,0,0.05,0.00,0.10,27.86,17,17,0,0.40,0.40,0.40,27.98,17,17,0,0.81,0.80,0.90,27.71,17,17,0,0.18,0.10,0.20,28.11,17,17,0,0.79,0.70,0.80,28.14,17,17,0,0.82,0.60,1.00,27.30,17,0,0
38868,0.34,0.30,0.40,29.43,17,17,0,0.04,0.00,0.10,27.86,17,17,0,0.40,0.40,0.40,27.98,17,17,0,0.82,0.80,0.90,27.74,17,17,0,0.19,0.10,0.20,28.13,17,17,0,0.80,0.80,0.80,28.17,17,17,0,0.95,0.50,1.40,27.28,17,0,0
39372,0.34,0.30,0.40,29.42,17,17,0,0.04,-0.10,0.10,27.87,17,17,0,0.41,0.40,0.50,28.00,17,17,0,0.81,0.80,0.90,27.73,17,17,0,0.19,0.10,0.30,28.13,17,17,0,0.79,0.70,0.80,28.17,17,17,0,1.26,0.90,1.70,27.30,17,0,0
39872,0.35,0.30,0.40,29.43,17,17,0,0.03,-0.10,0.10,27.87,17,17,0,0.40,0.40,0.40,28.01,17,17,0,0.82,0.80,0.90,27.75,17,17,0,0.19,0.10,0.20,28.14,17,17,0,0.79,0.70,0.80,28.18,17,17,0,0.95,0.20,1.50,27.31,17,0,0
40372,0.36,0.30,0.40,29.43,17,17,0,0.05,0.00,0.10,27.88,17,17,0,0.40,0.40,0.40,28.00,17,17,0,0.82,0.80,0.90,27.78,17,17,0,0.17,0.10,0.20,28.15,17,17,0,0.80,0.80,0.80,28.17,17,17,0,0.62,0.10,1.00,27.32,17,0,0
40875,0.36,0.30,0.40,29.43,17,17,0,0.05,0.00,0.10,27.89,17,17,0,0.39,0.30,0.40,28.03,17,17,0,0.82,0.80,0.90,27.76,17,17,0,0.19,0.10,0.20,28.15,17,17,0,0.79,0.70,0.80,28.19,17,17,0,0.54,-0.10,1.00,27.32,17,0,0
41375,0.35,0.30,0.40,29.46,17,17,0,0.08,0.00,0.10,27.90,17,17,0,0.39,0.30,0.40,28.02,17,17,0,0.82,0.80,0.90,27.77,17,17,0,0.19,0.10,0.20,28.16,17,17,0,0.79,0.70,0.80,28.19,17,17,0,-2.44,-18.30,13.80,27.32,17,0,0
41877,0.36,0.30,0.40,29.46,17,17,0,0.05,0.00,0.10,27.92,17,17,0,0.39,0.30,0.40,28.04,17,17,0,0.81,0.80,0.90,27.75,17,17,0,0.19,0.10,0.20,28.16,17,17,0,0.79,0.70,0.80,28.19,17,17,0,1.06,-22.30,15.90,27.34,17,0,0
42377,0.36,0.30,0.40,29.47,17,17,0,0.02,0.00,0.10,27.90,17,17,0,0.40,0.40,0.40,28.04,17,17,0,0.83,0.80,0.90,27.78,17,17,0,0.17,0.10,0.20,28.18,17,17,0,0.78,0.70,0.80,28.21,17,17,0,42.56,-126.70,847.20,27.34,17,0,0
42877,0.36,0.30,0.40,29.47,17,17,0,0.03,-0.10,0.10,27.92,17,17,0,0.40,0.40,0.40,28.04,17,17,0,0.80,0.80,0.80,27.79,17,17,0,0.17,0.10,0.20,28.17,17,17,0,0.78,0.70,0.80,28.21,17,17,0,1.74,-21.50,19.10,27.36,17,0,0
43377,0.38,0.30,0.40,29.49,17,17,0,0.05,0.00,0.10,27.91,17,17,0,0.40,0.40,0.40,28.07,17,17,0,0.83,0.80,0.90,27.81,17,17,0,0.18,0.10,0.20,28.19,17,17,0,0.79,0.70,0.80,28.22,17,17,0,1.36,-6.00,11.40,27.36,17,0,0
43877,0.37,0.30,0.40,29.49,17,17,0,0.06,0.00,0.10,27.92,17,17,0,0.39,0.30,0.40,28.07,17,17,0,0.81,0.80,0.90,27.80,17,17,0,0.19,0.10,0.20,28.20,17,17,0,0.79,0.70,0.80,28.24,17,17,0,1.14,-6.30,9.40,27.36,17,0,0
44377,0.36,0.30,0.40,29.49,16,16,0,0.03,-0.10,0.10,27.94,16,16,0,0.40,0.40,0.40,28.07,16,16,0,0.81,0.80,0.90,27.80,16,16,0,0.18,0.10,0.20,28.19,16,16,0,0.78,0.70,0.80,28.25,16,16,0,0.49,-5.70,7.20,27.37,16,0,0
44878,0.35,0.30,0.40,29.51,17,17,0,0.06,0.00,0.10,27.93,17,17,0,0.40,0.40,0.40,28.09,17,17,0,0.81,0.80,0.90,27.81,17,17,0,0.19,0.10,0.20,28.21,17,17,0,0.80,0.80,0.80,28.24,17,17,0,-0.62,-19.90,14.30,27.39,17,0,0
45383,0.35,0.30,0.40,29.51,17,17,0,0.05,0.00,0.10,27.94,17,17,0,0.40,0.40,0.40,28.08,17,17,0,0.81,0.80,0.90,27.81,17,17,0,0.19,0.10,0.20,28.20,17,17,0,0.76,0.70,0.80,28.23,17,17,0,0.25,-8.10,8.10,27.39,17,0,0
45891,0.36,0.30,0.40,29.52,17,17,0,0.05,0.00,0.10,27.96,17,17,0,0.40,0.40,0.40,28.09,17,17,0,0.81,0.80,0.90,27.83,17,17,0,0.18,0.10,0.20,28.21,17,17,0,0.79,0.70,0.80,28.24,17,17,0,0.62,-5.10,5.60,27.41,17,0,0
46391,0.36,0.30,0.40,29.50,17,17,0,0.05,0.00,0.10,27.94,17,17,0,0.39,0.30,0.40,28.11,17,17,0,0.82,0.80,0.90,27.81,17,17,0,0.18,0.10,0.20,28.22,17,17,0,0.79,0.70,0.80,28.26,17,17,0,0.93,-4.50,6.60,27.40,17,0,0
46891,0.37,0.30,0.40,29.52,17,17,0,0.06,-0.10,0.10,27.95,17,17,0,0.40,0.40,0.40,28.10,17,17,0,0.82,0.80,0.90,27.82,17,17,0,0.18,0.10,0.20,28.23,17,17,0,0.79,0.70,0.80,28.25,17,17,0,0.51,-4.50,6.70,27.42,17,0,0
47391,0.36,0.30,0.40,29.52,17,17,0,0.04,0.00,0.10,27.98,17,17,0,0.40,0.40,0.40,28.09,17,17,0,0.79,0.70,0.80,27.85,17,17,0,0.19,0.10,0.20,28.22,17,17,0,0.80,0.80,0.80,28.27,17,17,0,1.00,-5.30,6.20,27.42,17,0,0
47891,0.36,0.30,0.40,29.54,17,17,0,0.04,0.00,0.10,27.97,17,17,0,0.40,0.40,0.40,28.13,17,17,0,0.82,0.80,0.90,27.84,17,17,0,0.18,0.10,0.20,28.24,17,17,0,0.79,0.70,0.80,28.27,17,17,0,0.90,-3.00,5.90,27.44,17,0,0
48391,0.35,0.30,0.40,29.55,17,17,0,0.06,0.00,0.10,27.99,17,17,0,0.39,0.30,0.40,28.12,17,17,0,0.83,0.80,0.90,27.85,17,17,0,0.16,0.10,0.20,28.25,17,17,0,0.79,0.70,0.80,28.28,17,17,0,0.64,-4.40,6.30,27.46,17,0,0
48895,0.35,0.30,0.40,29.55,17,17,0,0.05,0.00,0.10,28.00,17,17,0,0.41,0.40,0.50,28.14,17,17,0,0.83,0.80,0.90,27.86,17,17,0,0.16,0.10,0.20,28.24,17,17,0,0.79,0.70,0.80,28.28,17,17,0,0.69,-5.50,6.70,27.45,17,0,0
49397,0.38,0.30,0.40,29.57,17,17,0,0.05,0.00,0.10,27.99,17,17,0,0.40,0.40,0.40,28.13,17,17,0,0.81,0.80,0.90,27.86,17,17,0,0.18,0.10,0.20,28.26,17,17,0,0.79,0.70,0.80,28.29,17,17,0,0.04,-8.00,4.10,27.45,17,0,0
49897,0.37,0.30,0.40,29.58,17,17,0,0.06,0.00,0.10,28.01,17,17,0,0.41,0.40,0.50,28.15,17,17,0,0.81,0.80,0.90,27.88,17,17,0,0.15,0.10,0.20,28.26,17,17,0,0.79,0.70,0.80,28.31,17,17,0,0.75,-7.30,8.60,27.46,17,0,0
50399,0.38,0.30,0.40,29.58,17,17,0,0.04,-0.10,0.10,28.00,17,17,0,0.40,0.40,0.40,28.16,17,17,0,0.83,0.80,0.90,27.89,17,17,0,0.16,0.10,0.20,28.25,17,17,0,0.79,0.70,0.90,28.28,17,17,0,0.78,-1.40,3.00,27.45,17,0,0
50899,0.38,0.30,0.40,29.57,17,17,0,0.05,-0.10,0.10,28.00,17,17,0,0.39,0.30,0.40,28.16,17,17,0,0.82,0.80,0.90,27.87,17,17,0,0.18,0.10,0.20,28.26,17,17,0,0.79,0.70,0.80,28.31,17,17,0,0.59,-1.70,3.90,27.47,17,0,0
51399,0.37,0.30,0.40,29.59,17,17,0,0.07,0.00,0.10,28.02,17,17,0,0.40,0.40,0.40,28.16,17,17,0,0.83,0.80,0.90,27.89,17,17,0,0.17,0.10,0.20,28.29,17,17,0,0.80,0.80,0.80,28.31,17,17,0,0.90,-1.30,2.20,27.48,17,0,0
51903,0.37,0.30,0.40,29.58,17,17,0,0.06,0.00,0.10,28.02,17,17,0,0.40,0.40,0.40,28.19,17,17,0,0.82,0.80,0.90,27.88,17,17,0,0.18,0.10,0.20,28.27,17,17,0,0.79,0.70,0.80,28.33,17,17,0,1.04,-0.50,2.90,27.49,17,0,0
52403,0.36,0.30,0.40,29.60,17,17,0,0.05,0.00,0.10,28.02,17,17,0,0.39,0.30,0.40,28.17,17,17,0,0.82,0.80,0.90,27.91,17,17,0,0.16,0.10,0.20,28.29,17,17,0,0.79,0.70,0.80,28.32,17,17,0,1.09,-0.60,2.30,27.48,17,0,0
52903,0.38,0.30,0.40,29.59,17,17,0,0.07,0.00,0.10,28.04,17,17,0,0.40,0.40,0.40,28.19,17,17,0,0.81,0.80,0.90,27.89,17,17,0,0.17,0.10,0.20,28.28,17,17,0,0.79,0.70,0.80,28.32,17,17,0,0.98,-0.30,2.10,27.51,17,0,0
53403,0.37,0.30,0.40,29.60,17,17,0,0.06,0.00,0.10,28.04,17,17,0,0.40,0.40,0.40,28.17,17,17,0,0.80,0.80,0.80,27.91,17,17,0,0.16,0.10,0.20,28.31,17,17,0,0.79,0.70,0.80,28.33,17,17,0,0.89,-0.30,2.70,27.50,17,0,0
53903,0.37,0.30,0.40,29.59,17,17,0,0.04,0.00,0.10,28.05,17,17,0,0.40,0.40,0.40,28.19,17,17,0,0.82,0.80,0.90,27.91,17,17,0,0.16,0.10,0.20,28.29,17,17,0,0.79,0.70,0.80,28.33,17,17,0,0.91,-1.20,3.10,27.50,17,0,0
54403,0.36,0.30,0.40,29.62,17,17,0,0.03,-0.10,0.10,28.05,17,17,0,0.40,0.40,0.40,28.21,17,17,0,0.81,0.80,0.90,27.93,17,17,0,0.19,0.10,0.20,28.31,17,17,0,0.78,0.70,0.90,28.34,17,17,0,0.90,-0.30,2.60,27.54,17,0,0
54914,0.36,0.30,0.40,29.62,18,18,0,0.03,-0.10,0.10,28.05,18,18,0,0.40,0.40,0.40,28.21,18,18,0,0.81,0.80,0.90,27.93,18,18,0,0.17,0.10,0.20,28.31,18,18,0,0.80,0.80,0.80,28.36,18,18,0,0.95,0.10,2.20,27.52,18,0,0
55414,0.37,0.30,0.40,29.61,17,17,0,0.07,0.00,0.10,28.05,17,17,0,0.40,0.40,0.40,28.21,17,17,0,0.82,0.80,0.90,27.94,17,17,0,0.18,0.10,0.20,28.32,17,17,0,0.78,0.70,0.80,28.35,17,17,0,0.65,-0.10,1.40,27.52,17,0,0
55914,0.37,0.30,0.40,29.64,17,17,0,0.04,-0.10,0.10,28.05,17,17,0,0.40,0.40,0.40,28.22,17,17,0,0.82,0.80,0.90,27.94,17,17,0,0.20,0.20,0.20,28.34,17,17,0,0.79,0.70,0.80,28.36,17,17,0,0.52,-0.60,2.00,27.53,17,0,0
56414,0.38,0.30,0.40,29.63,17,17,0,0.04,-0.10,0.10,28.07,17,17,0,0.40,0.40,0.40,28.21,17,17,0,0.82,0.80,0.90,27.94,17,17,0,0.18,0.10,0.20,28.32,17,17,0,0.79,0.70,0.80,28.36,17,17,0,0.68,0.00,1.50,27.53,17,0,0
56914,0.35,0.30,0.40,29.65,17,17,0,0.03,0.00,0.10,28.07,17,17,0,0.40,0.40,0.40,28.22,17,17,0,0.81,0.80,0.90,27.95,17,17,0,0.17,0.10,0.20,28.34,17,17,0,0.77,0.70,0.80,28.36,17,17,0,0.69,-0.30,1.70,27.55,17,0,0
57427,0.36,0.30,0.40,29.63,18,18,0,0.05,0.00,0.10,28.08,18,18,0,0.39,0.30,0.40,28.23,18,18,0,0.83,0.80,0.90,27.95,18,18,0,0.19,0.10,0.20,28.33,18,18,0,0.79,0.70,0.80,28.37,18,18,0,0.72,-0.10,1.40,27.55,18,0,0
57927,0.37,0.30,0.40,29.65,17,17,0,0.06,0.00,0.10,28.08,17,17,0,0.40,0.40,0.40,28.23,17,17,0,0.80,0.80,0.80,27.95,17,17,0,0.18,0.10,0.20,28.33,17,17,0,0.78,0.70,0.80,28.38,17,17,0,0.68,-0.30,1.60,27.55,17,0,0
58433,0.36,0.30,0.40,29.65,18,18,0,0.04,0.00,0.10,28.10,18,18,0,0.40,0.40,0.40,28.25,18,18,0,0.82,0.80,0.90,27.94,18,18,0,0.19,0.10,0.20,28.33,18,18,0,0.79,0.70,0.80,28.37,18,18,0,0.67,-0.40,1.80,27.57,18,0,0
58933,0.38,0.30,0.40,29.65,17,17,0,0.05,0.00,0.10,28.10,17,17,0,0.40,0.40,0.40,28.23,17,17,0,0.81,0.70,0.90,27.97,17,17,0,0.19,0.10,0.20,28.34,17,17,0,0.79,0.70,0.80,28.39,17,17,0,0.72,-1.20,2.10,27.56,17,0,0
59444,0.36,0.30,0.40,29.67,18,18,0,0.03,0.00,0.10,28.10,18,18,0,0.39,0.30,0.40,28.23,18,18,0,0.82,0.80,0.90,27.97,18,18,0,0.18,0.10,0.30,28.35,18,18,0,0.79,0.70,0.80,28.39,18,18,0,0.51,-1.30,3.70,27.57,18,0,0
59944,0.36,0.30,0.40,29.66,17,17,0,0.04,0.00,0.10,28.08,17,17,0,0.39,0.30,0.40,28.26,17,17,0,0.84,0.80,0.90,27.96,17,17,0,0.19,0.10,0.20,28.35,17,17,0,0.79,0.70,0.80,28.39,17,17,0,0.27,-2.20,4.20,27.60,17,0,0
60444,0.35,0.30,0.40,29.68,17,17,0,0.04,0.00,0.10,28.10,17,17,0,0.40,0.40,0.40,28.25,17,17,0,0.81,0.80,0.90,27.99,17,17,0,0.17,0.10,0.20,28.36,17,17,0,0.80,0.80,0.80,28.40,17,17,0,0.58,-0.10,1.70,27.61,17,0,0
60944,0.36,0.30,0.40,29.68,17,17,0,0.03,0.00,0.10,28.12,17,17,0,0.40,0.40,0.40,28.25,17,17,0,0.81,0.80,0.90,27.98,17,17,0,0.18,0.10,0.20,28.35,17,17,0,0.79,0.70,0.80,28.41,17,17,0,0.50,-0.30,1.00,27.59,17,0,0
61445,0.36,0.30,0.40,29.68,17,17,0,0.04,0.00,0.10,28.12,17,17,0,0.40,0.40,0.40,28.26,17,17,0,0.80,0.80,0.80,28.00,17,17,0,0.19,0.10,0.20,28.39,17,17,0,0.78,0.70,0.80,28.41,17,17,0,0.40,-0.20,0.90,27.59,17,0,0
61958,0.38,0.30,0.40,29.70,18,18,0,0.03,-0.10,0.10,28.13,18,18,0,0.39,0.30,0.40,28.28,18,18,0,0.81,0.80,0.90,27.99,18,18,0,0.19,0.10,0.20,28.39,18,18,0,0.79,0.70,0.80,28.41,18,18,0,0.36,-0.50,1.40,27.63,18,0,0
62469,0.36,0.30,0.40,29.68,18,18,0,0.04,0.00,0.10,28.11,18,18,0,0.40,0.40,0.40,28.27,18,18,0,0.83,0.80,0.90,28.00,18,18,0,0.19,0.10,0.20,28.39,18,18,0,0.78,0.70,0.80,28.42,18,18,0,0.31,-1.80,2.40,27.62,18,0,0
62969,0.38,0.30,0.40,29.71,17,17,0,0.05,0.00,0.10,28.12,17,17,0,0.39,0.30,0.40,28.29,17,17,0,0.81,0.80,0.90,28.01,17,17,0,0.18,0.10,0.20,28.39,17,17,0,0.79,0.70,0.80,28.43,17,17,0,0.40,-1.50,2.10,27.61,17,0,0
63482,0.37,0.30,0.40,29.69,18,18,0,0.04,0.00,0.10,28.14,18,18,0,0.40,0.40,0.40,28.28,18,18,0,0.82,0.80,0.90,28.01,18,18,0,0.19,0.10,0.20,28.38,18,18,0,0.79,0.70,0.80,28.42,18,18,0,0.24,-1.80,2.30,27.62,18,0,0
63989,0.36,0.30,0.40,29.70,17,17,0,0.05,0.00,0.10,28.15,17,17,0,0.39,0.30,0.40,28.30,17,17,0,0.82,0.80,0.90,28.01,17,17,0,0.18,0.10,0.20,28.39,17,17,0,0.79,0.70,0.80,28.43,17,17,0,0.12,-1.20,2.10,27.61,17,0,0
64489,0.37,0.30,0.40,29.70,17,17,0,0.06,0.00,0.10,28.16,17,17,0,0.40,0.40,0.40,28.29,17,17,0,0.82,0.80,0.90,28.03,17,17,0,0.19,0.10,0.20,28.39,17,17,0,0.79,0.70,0.80,28.43,17,17,0,0.22,-0.50,1.10,27.62,17,0,0
64989,0.36,0.30,0.40,29.73,17,17,0,0.04,0.00,0.10,28.16,17,17,0,0.40,0.40,0.40,28.30,17,17,0,0.83,0.80,0.90,28.02,17,17,0,0.16,0.10,0.20,28.41,17,17,0,0.79,0.70,0.80,28.44,17,17,0,0.26,-1.90,2.50,27.64,17,0,0
65493,0.36,0.30,0.40,29.71,17,17,0,0.04,-0.10,0.10,28.14,17,17,0,0.40,0.40,0.40,28.31,17,17,0,0.81,0.80,0.90,28.02,17,17,0,0.19,0.10,0.20,28.41,17,17,0,0.76,0.70,0.80,28.44,17,17,0,0.11,-1.10,1.20,27.65,17,0,0
65993,0.34,0.30,0.40,29.73,17,17,0,0.05,-0.10,0.10,28.15,17,17,0,0.39,0.30,0.40,28.32,17,17,0,0.81,0.80,0.90,28.01,17,17,0,0.18,0.10,0.20,28.41,17,17,0,0.79,0.70,0.80,28.43,17,17,0,0.33,-3.20,3.00,27.64,17,0,0
66495,0.34,0.30,0.40,29.73,17,17,0,0.04,-0.10,0.10,28.15,17,17,0,0.40,0.40,0.40,28.30,17,17,0,0.81,0.80,0.90,28.04,17,17,0,0.18,0.10,0.20,28.40,17,17,0,0.78,0.70,0.80,28.45,17,17,0,0.65,-4.20,5.30,27.66,17,0,0
66995,0.35,0.30,0.40,29.73,17,17,0,0.04,0.00,0.10,28.16,17,17,0,0.40,0.40,0.40,28.30,17,17,0,0.82,0.80,0.90,28.02,17,17,0,0.18,0.10,0.20,28.41,17,17,0,0.79,0.70,0.80,28.45,17,17,0,0.53,-1.60,2.70,27.65,17,0,0
67495,0.36,0.30,0.40,29.74,17,17,0,0.04,-0.10,0.10,28.15,17,17,0,0.40,0.40,0.40,28.31,17,17,0,0.81,0.80,0.90,28.04,17,17,0,0.19,0.10,0.20,28.43,17,17,0,0.78,0.70,0.80,28.45,17,17,0,0.41,-0.90,2.00,27.68,17,0,0
67995,0.34,0.30,0.40,29.73,17,17,0,0.04,0.00,0.10,28.16,17,17,0,0.40,0.40,0.40,28.31,17,17,0,0.81,0.80,0.90,28.05,17,17,0,0.17,0.10,0.20,28.43,17,17,0,0.79,0.70,0.80,28.46,17,17,0,0.42,-0.60,1.60,27.70,17,0,0
68495,0.36,0.30,0.40,29.76,17,17,0,0.04,-0.10,0.10,28.17,17,17,0,0.39,0.30,0.40,28.33,17,17,0,0.81,0.80,0.90,28.04,17,17,0,0.18,0.10,0.20,28.43,17,17,0,0.79,0.70,0.80,28.46,17,17,0,0.28,-0.20,1.00,27.68,17,0,0
68996,0.38,0.30,0.40,29.75,17,17,0,0.04,0.00,0.10,28.17,17,17,0,0.40,0.40,0.40,28.32,17,17,0,0.82,0.80,0.90,28.04,17,17,0,0.17,0.10,0.20,28.43,17,17,0,0.79,0.70,0.80,28.46,17,17,0,0.21,-0.30,0.80,27.68,17,0,0
69509,0.37,0.30,0.40,29.76,18,18,0,0.03,0.00,0.10,28.19,18,18,0,0.39,0.30,0.40,28.33,18,18,0,0.81,0.80,0.90,28.05,18,18,0,0.19,0.10,0.20,28.45,18,18,0,0.79,0.70,0.80,28.47,18,18,0,0.23,-0.30,0.80,27.69,18,0,0
70019,0.39,0.30,0.40,29.75,18,18,0,0.05,-0.10,0.10,28.19,18,18,0,0.39,0.30,0.40,28.33,18,18,0,0.81,0.80,0.90,28.05,18,18,0,0.19,0.10,0.20,28.44,18,18,0,0.80,0.80,0.80,28.47,18,18,0,0.27,-0.50,0.90,27.69,18,0,0
70519,0.36,0.30,0.40,29.75,17,17,0,0.06,0.00,0.10,28.17,17,17,0,0.40,0.40,0.40,28.34,17,17,0,0.82,0.80,0.90,28.06,17,17,0,0.19,0.10,0.20,28.42,17,17,0,0.78,0.70,0.80,28.46,17,17,0,0.26,-0.30,0.90,27.70,17,0,0
71025,0.36,0.30,0.40,29.75,18,18,0,0.03,0.00,0.10,28.19,18,18,0,0.39,0.30,0.40,28.34,18,18,0,0.81,0.80,0.90,28.05,18,18,0,0.18,0.10,0.20,28.45,18,18,0,0.79,0.70,0.80,28.47,18,18,0,0.27,-0.50,1.00,27.69,18,0,0
71525,0.35,0.30,0.40,29.77,17,17,0,0.04,0.00,0.10,28.18,17,17,0,0.39,0.30,0.40,28.35,17,17,0,0.81,0.80,0.90,28.06,17,17,0,0.17,0.10,0.20,28.46,17,17,0,0.79,0.70,0.80,28.48,17,17,0,0.35,-0.50,0.90,27.70,17,0,0
72025,0.37,0.30,0.40,29.78,17,17,0,0.04,0.00,0.10,28.21,17,17,0,0.40,0.40,0.40,28.35,17,17,0,0.82,0.80,0.90,28.07,17,17,0,0.18,0.10,0.20,28.44,17,17,0,0.78,0.70,0.80,28.48,17,17,0,0.45,-0.20,1.30,27.71,17,0,0
72525,0.38,0.30,0.40,29.77,17,17,0,0.05,0.00,0.10,28.20,17,17,0,0.40,0.40,0.40,28.35,17,17,0,0.81,0.80,0.90,28.06,17,17,0,0.18,0.10,0.20,28.47,17,17,0,0.80,0.70,0.90,28.50,17,17,0,0.49,0.10,1.10,27.70,17,0,0
73025,0.36,0.30,0.40,29.78,17,17,0,0.04,-0.10,0.10,28.19,17,17,0,0.40,0.40,0.40,28.36,17,17,0,0.82,0.80,0.90,28.06,17,17,0,0.18,0.10,0.20,28.43,17,17,0,0.80,0.80,0.80,28.51,17,17,0,0.56,-0.30,1.40,27.71,17,0,0
73525,0.36,0.30,0.40,29.78,17,17,0,0.04,0.00,0.10,28.21,17,17,0,0.40,0.40,0.40,28.38,17,17,0,0.81,0.80,0.90,28.06,17,17,0,0.18,0.10,0.20,28.46,17,17,0,0.80,0.80,0.80,28.49,17,17,0,0.66,0.10,1.10,27.70,17,0,0
74025,0.36,0.30,0.40,29.79,17,17,0,0.01,-0.10,0.10,28.22,17,17,0,0.40,0.40,0.40,28.35,17,17,0,0.81,0.80,0.90,28.06,17,17,0,0.18,0.10,0.20,28.47,17,17,0,0.80,0.80,0.80,28.50,17,17,0,0.69,0.30,1.20,27.71,17,0,0
74531,0.35,0.30,0.40,29.79,18,18,0,0.03,0.00,0.10,28.22,18,18,0,0.40,0.40,0.40,28.37,18,18,0,0.81,0.80,0.90,28.08,18,18,0,0.17,0.10,0.20,28.47,18,18,0,0.79,0.70,0.80,28.51,18,18,0,0.74,0.40,1.10,27.71,18,0,0
75041,0.38,0.30,0.40,29.81,18,18,0,0.06,0.00,0.10,28.21,18,18,0,0.40,0.40,0.40,28.38,18,18,0,0.81,0.80,0.90,28.10,18,18,0,0.19,0.10,0.20,28.47,18,18,0,0.78,0.70,0.80,28.50,18,18,0,0.72,0.20,1.10,27.73,18,0,0
75554,0.37,0.30,0.40,29.80,18,18,0,0.03,0.00,0.10,28.22,18,18,0,0.40,0.40,0.40,28.38,18,18,0,0.81,0.80,0.90,28.08,18,18,0,0.17,0.10,0.20,28.48,18,18,0,0.79,0.70,0.80,28.50,18,18,0,0.55,0.20,1.10,27.72,18,0,0
76054,0.34,0.30,0.40,29.80,17,17,0,0.02,-0.10,0.10,28.23,17,17,0,0.39,0.30,0.40,28.37,17,17,0,0.81,0.80,0.90,28.08,17,17,0,0.18,0.10,0.20,28.48,17,17,0,0.79,0.70,0.80,28.52,17,17,0,0.66,0.10,1.30,27.75,17,0,0
76554,0.36,0.30,0.40,29.81,17,17,0,0.02,0.00,0.10,28.23,17,17,0,0.40,0.40,0.40,28.39,17,17,0,0.82,0.80,0.90,28.09,17,17,0,0.18,0.10,0.20,28.49,17,17,0,0.79,0.70,0.80,28.51,17,17,0,0.64,0.10,1.20,27.74,17,0,0
77054,0.35,0.30,0.40,29.81,17,17,0,0.04,-0.10,0.10,28.24,17,17,0,0.39,0.30,0.40,28.40,17,17,0,0.79,0.70,0.80,28.09,17,17,0,0.18,0.10,0.20,28.49,17,17,0,0.78,0.70,0.80,28.51,17,17,0,0.52,-0.10,1.10,27.75,17,0,0
77554,0.37,0.30,0.40,29.81,17,17,0,0.05,0.00,0.10,28.22,17,17,0,0.40,0.40,0.40,28.39,17,17,0,0.80,0.80,0.80,28.10,17,17,0,0.18,0.10,0.20,28.50,17,17,0,0.79,0.70,0.80,28.52,17,17,0,0.48,-0.10,1.30,27.76,17,0,0
78067,0.37,0.30,0.40,29.81,18,18,0,0.04,0.00,0.10,28.23,18,18,0,0.40,0.40,0.40,28.41,18,18,0,0.80,0.70,0.90,28.11,18,18,0,0.18,0.10,0.20,28.50,18,18,0,0.80,0.80,0.80,28.52,18,18,0,0.45,-0.50,1.20,27.75,18,0,0
78567,0.37,0.30,0.40,29.82,17,17,0,0.05,0.00,0.10,28.23,17,17,0,0.40,0.40,0.40,28.40,17,17,0,0.81,0.80,0.90,28.10,17,17,0,0.18,0.10,0.20,28.50,17,17,0,0.78,0.70,0.80,28.54,17,17,0,0.42,-0.60,1.70,27.77,17,0,0
79080,0.34,0.30,0.40,29.83,18,18,0,0.06,-0.10,0.10,28.23,18,18,0,0.39,0.30,0.40,28.41,18,18,0,0.82,0.80,0.90,28.11,18,18,0,0.19,0.10,0.20,28.51,18,18,0,0.78,0.70,0.80,28.52,18,18,0,0.36,-0.10,0.70,27.75,18,0,0
79580,0.36,0.30,0.40,29.82,17,17,0,0.04,0.00,0.10,28.23,17,17,0,0.40,0.40,0.40,28.42,17,17,0,0.82,0.80,0.90,28.12,17,17,0,0.19,0.10,0.20,28.51,17,17,0,0.79,0.70,0.80,28.54,17,17,0,0.47,-0.20,1.60,27.76,17,0,0
80088,0.35,0.30,0.40,29.83,17,17,0,0.01,-0.10,0.10,28.24,17,17,0,0.40,0.40,0.40,28.40,17,17,0,0.80,0.80,0.80,28.09,17,17,0,0.19,0.10,0.20,28.51,17,17,0,0.79,0.70,0.80,28.53,17,17,0,0.75,-0.20,2.10,27.78,17,0,0
80588,0.36,0.30,0.40,29.82,17,17,0,0.06,0.00,0.10,28.26,17,17,0,0.40,0.40,0.40,28.41,17,17,0,0.81,0.80,0.90,28.10,17,17,0,0.20,0.20,0.20,28.50,17,17,0,0.78,0.70,0.80,28.54,17,17,0,0.87,0.10,1.80,27.78,17,0,0
81091,0.36,0.30,0.40,29.83,17,17,0,0.04,-0.10,0.10,28.25,17,17,0,0.40,0.40,0.40,28.43,17,17,0,0.81,0.80,0.90,28.10,17,17,0,0.19,0.10,0.20,28.51,17,17,0,0.79,0.70,0.80,28.55,17,17,0,0.95,0.30,1.60,27.78,17,0,0
81591,0.35,0.30,0.40,29.84,17,17,0,0.06,0.00,0.10,28.24,17,17,0,0.40,0.40,0.40,28.42,17,17,0,0.80,0.80,0.80,28.12,17,17,0,0.19,0.10,0.20,28.50,17,17,0,0.76,0.70,0.80,28.56,17,17,0,1.00,0.40,1.50,27.79,17,0,0
82104,0.36,0.30,0.40,29.86,18,18,0,0.07,0.00,0.10,28.25,18,18,0,0.39,0.30,0.40,28.43,18,18,0,0.81,0.80,0.90,28.12,18,18,0,0.19,0.10,0.20,28.51,18,18,0,0.77,0.70,0.80,28.54,18,18,0,0.86,0.20,1.20,27.79,18,0,0
82604,0.38,0.30,0.40,29.83,17,17,0,0.06,0.00,0.10,28.26,17,17,0,0.40,0.40,0.40,28.44,17,17,0,0.81,0.80,0.90,28.13,17,17,0,0.17,0.10,0.20,28.51,17,17,0,0.78,0.70,0.80,28.55,17,17,0,0.69,0.30,1.10,27.78,17,0,0
83117,0.35,0.30,0.40,29.85,18,18,0,0.06,0.00,0.10,28.26,18,18,0,0.40,0.40,0.40,28.44,18,18,0,0.81,0.80,0.90,28.14,18,18,0,0.19,0.10,0.20,28.53,18,18,0,0.77,0.70,0.90,28.55,18,18,0,0.82,0.40,1.30,27.78,18,0,0
83625,0.38,0.30,0.40,29.86,17,17,0,0.05,0.00,0.10,28.27,17,17,0,0.39,0.30,0.40,28.45,17,17,0,0.82,0.80,0.90,28.14,17,17,0,0.19,0.10,0.20,28.53,17,17,0,0.80,0.80,0.80,28.56,17,17,0,0.94,0.00,1.60,27.79,17,0,0
84125,0.36,0.30,0.40,29.84,17,17,0,0.05,0.00,0.10,28.26,17,17,0,0.40,0.40,0.40,28.45,17,17,0,0.81,0.80,0.90,28.14,17,17,0,0.18,0.10,0.20,28.54,17,17,0,0.78,0.70,0.80,28.57,17,17,0,0.82,0.40,1.40,27.80,17,0,0
84625,0.36,0.30,0.40,29.86,17,17,0,0.05,0.00,0.10,28.27,17,17,0,0.39,0.30,0.40,28.45,17,17,0,0.81,0.80,0.90,28.14,17,17,0,0.19,0.10,0.30,28.52,17,17,0,0.79,0.70,0.80,28.56,17,17,0,0.69,0.10,1.20,27.83,17,0,0
85125,0.35,0.30,0.40,29.86,17,17,0,0.05,-0.10,0.10,28.28,17,17,0,0.40,0.40,0.40,28.45,17,17,0,0.81,0.80,0.90,28.14,17,17,0,0.20,0.20,0.20,28.53,17,17,0,0.78,0.70,0.80,28.55,17,17,0,0.64,0.30,1.00,27.81,17,0,0
85625,0.35,0.30,0.40,29.87,17,17,0,0.04,-0.10,0.10,28.26,17,17,0,0.39,0.30,0.40,28.45,17,17,0,0.80,0.80,0.80,28.14,17,17,0,0.19,0.10,0.20,28.54,17,17,0,0.79,0.70,0.80,28.57,17,17,0,0.50,-0.30,1.50,27.82,17,0,0
86127,0.37,0.30,0.40,29.86,17,17,0,0.05,0.00,0.10,28.28,17,17,0,0.39,0.30,0.40,28.47,17,17,0,0.80,0.80,0.80,28.15,17,17,0,0.19,0.10,0.20,28.54,17,17,0,0.78,0.70,0.80,28.57,17,17,0,0.45,-0.30,1.00,27.82,17,0,0
86627,0.38,0.30,0.40,29.87,17,17,0,0.05,-0.10,0.10,28.28,17,17,0,0.39,0.30,0.40,28.45,17,17,0,0.80,0.80,0.80,28.14,17,17,0,0.19,0.10,0.20,28.53,17,17,0,0.79,0.70,0.80,28.56,17,17,0,0.49,-0.20,1.20,27.83,17,0,0
87140,0.36,0.30,0.40,29.87,18,18,0,0.04,-0.10,0.10,28.29,18,18,0,0.40,0.40,0.40,28.45,18,18,0,0.81,0.80,0.90,28.16,18,18,0,0.18,0.10,0.20,28.55,18,18,0,0.78,0.70,0.80,28.57,18,18,0,0.51,-0.10,0.90,27.80,18,0,0
87650,0.35,0.30,0.40,29.87,18,18,0,0.04,0.00,0.10,28.27,18,18,0,0.40,0.40,0.40,28.47,18,18,0,0.81,0.80,0.90,28.16,18,18,0,0.18,0.10,0.20,28.56,18,18,0,0.79,0.70,0.80,28.57,18,18,0,0.63,0.20,1.10,27.83,18,0,0
88163,0.39,0.30,0.40,29.87,18,18,0,0.01,-0.10,0.10,28.28,18,18,0,0.40,0.40,0.40,28.46,18,18,0,0.81,0.80,0.90,28.17,18,18,0,0.19,0.10,0.20,28.53,18,18,0,0.78,0.70,0.80,28.60,18,18,0,0.80,0.30,1.30,27.84,18,0,0
88663,0.36,0.30,0.40,29.89,17,17,0,0.07,0.00,0.10,28.30,17,17,0,0.39,0.30,0.40,28.48,17,17,0,0.81,0.80,0.90,28.16,17,17,0,0.17,0.10,0.20,28.54,17,17,0,0.79,0.70,0.80,28.58,17,17,0,0.68,0.40,1.10,27.83,17,0,0
89163,0.36,0.30,0.40,29.87,17,17,0,0.05,-0.10,0.10,28.29,17,17,0,0.40,0.40,0.40,28.48,17,17,0,0.80,0.80,0.80,28.17,17,17,0,0.19,0.10,0.20,28.55,17,17,0,0.78,0.70,0.80,28.57,17,17,0,0.65,0.40,0.90,27.82,17,0,0
89665,0.35,0.30,0.40,29.89,17,17,0,0.06,0.00,0.10,28.31,17,17,0,0.40,0.40,0.40,28.49,17,17,0,0.81,0.80,0.90,28.16,17,17,0,0.19,0.10,0.20,28.54,17,17,0,0.79,0.70,0.80,28.58,17,17,0,0.76,0.20,1.20,27.85,17,0,0
90165,0.36,0.30,0.40,29.89,17,17,0,0.02,-0.10,0.10,28.30,17,17,0,0.39,0.30,0.40,28.49,17,17,0,0.82,0.80,0.90,28.18,17,17,0,0.17,0.10,0.20,28.56,17,17,0,0.79,0.70,0.80,28.59,17,17,0,0.81,0.40,1.00,27.84,17,0,0
90678,0.35,0.30,0.40,29.89,18,18,0,0.04,-0.10,0.10,28.31,18,18,0,0.39,0.30,0.40,28.48,18,18,0,0.80,0.80,0.80,28.17,18,18,0,0.18,0.10,0.20,28.55,18,18,0,0.79,0.70,0.80,28.60,18,18,0,0.87,0.40,1.50,27.83,18,0,0
91178,0.37,0.30,0.40,29.89,17,17,0,0.04,0.00,0.10,28.31,17,17,0,0.39,0.30,0.40,28.50,17,17,0,0.81,0.80,0.90,28.16,17,17,0,0.19,0.10,0.30,28.56,17,17,0,0.80,0.80,0.80,28.60,17,17,0,0.74,0.20,1.30,27.83,17,0,0
91691,0.35,0.30,0.40,29.90,18,18,0,0.04,0.00,0.10,28.31,18,18,0,0.40,0.40,0.40,28.49,18,18,0,0.80,0.80,0.80,28.17,18,18,0,0.18,0.10,0.20,28.56,18,18,0,0.79,0.70,0.80,28.60,18,18,0,0.73,0.40,1.30,27.85,18,0,0
92201,0.37,0.30,0.40,29.91,18,18,0,0.03,0.00,0.10,28.32,18,18,0,0.39,0.30,0.40,28.51,18,18,0,0.81,0.80,0.90,28.17,18,18,0,0.19,0.10,0.20,28.57,18,18,0,0.80,0.80,0.80,28.60,18,18,0,0.76,-0.20,1.70,27.86,18,0,0
92701,0.38,0.30,0.40,29.90,17,17,0,0.04,0.00,0.10,28.29,17,17,0,0.40,0.40,0.40,28.50,17,17,0,0.80,0.80,0.80,28.18,17,17,0,0.19,0.10,0.20,28.57,17,17,0,0.78,0.70,0.80,28.59,17,17,0,0.75,0.00,1.50,27.86,17,0,0
93207,0.35,0.30,0.40,29.90,18,18,0,0.04,0.00,0.10,28.32,18,18,0,0.40,0.40,0.40,28.50,18,18,0,0.81,0.80,0.90,28.17,18,18,0,0.19,0.10,0.20,28.55,18,18,0,0.79,0.70,0.80,28.60,18,18,0,0.69,0.30,1.20,27.86,18,0,0
93707,0.35,0.30,0.40,29.88,17,17,0,0.04,0.00,0.10,28.32,17,17,0,0.40,0.40,0.40,28.49,17,17,0,0.80,0.80,0.80,28.18,17,17,0,0.19,0.10,0.20,28.58,17,17,0,0.79,0.70,0.80,28.61,17,17,0,0.44,-0.40,1.10,27.87,17,0,0
94207,0.35,0.30,0.40,29.93,17,17,0,0.06,0.00,0.10,28.33,17,17,0,0.40,0.40,0.40,28.50,17,17,0,0.82,0.80,0.90,28.17,17,17,0,0.18,0.10,0.20,28.56,17,17,0,0.79,0.70,0.80,28.61,17,17,0,0.47,-0.50,1.60,27.88,17,0,0
94710,0.34,0.30,0.40,29.93,17,17,0,0.04,0.00,0.10,28.33,17,17,0,0.39,0.30,0.40,28.50,17,17,0,0.82,0.80,0.90,28.19,17,17,0,0.18,0.10,0.20,28.57,17,17,0,0.79,0.70,0.80,28.61,17,17,0,0.57,-0.10,1.10,27.88,17,0,0
95214,0.36,0.30,0.40,29.92,17,17,0,0.04,0.00,0.10,28.32,17,17,0,0.40,0.40,0.40,28.52,17,17,0,0.82,0.80,0.90,28.18,17,17,0,0.18,0.10,0.20,28.57,17,17,0,0.78,0.70,0.80,28.62,17,17,0,0.61,-0.10,1.30,27.88,17,0,0
95727,0.34,0.30,0.40,29.92,18,18,0,0.04,0.00,0.10,28.33,18,18,0,0.40,0.40,0.40,28.53,18,18,0,0.81,0.80,0.90,28.19,18,18,0,0.19,0.10,0.20,28.58,18,18,0,0.79,0.70,0.80,28.61,18,18,0,0.51,-0.10,1.00,27.89,18,0,0
96227,0.36,0.30,0.40,29.91,17,17,0,0.05,0.00,0.10,28.34,17,17,0,0.39,0.30,0.40,28.52,17,17,0,0.81,0.80,0.90,28.19,17,17,0,0.19,0.10,0.20,28.58,17,17,0,0.78,0.70,0.80,28.62,17,17,0,0.54,0.10,0.90,27.89,17,0,0
96727,0.37,0.30,0.40,29.92,17,17,0,0.05,-0.10,0.10,28.32,17,17,0,0.39,0.30,0.40,28.52,17,17,0,0.81,0.80,0.90,28.21,17,17,0,0.19,0.10,0.20,28.58,17,17,0,0.79,0.70,0.80,28.62,17,17,0,0.65,-0.30,1.40,27.89,17,0,0
97229,0.36,0.30,0.40,29.92,17,17,0,0.04,-0.10,0.10,28.34,17,17,0,0.40,0.40,0.40,28.52,17,17,0,0.81,0.80,0.90,28.21,17,17,0,0.17,0.10,0.20,28.57,17,17,0,0.78,0.70,0.80,28.62,17,17,0,0.75,-0.30,1.60,27.88,17,0,0
97742,0.34,0.30,0.40,29.92,18,18,0,0.06,-0.10,0.10,28.34,18,18,0,0.40,0.40,0.40,28.52,18,18,0,0.81,0.80,0.90,28.20,18,18,0,0.19,0.10,0.20,28.57,18,18,0,0.77,0.70,0.80,28.61,18,18,0,0.87,0.00,1.60,27.90,18,0,0
98245,0.36,0.30,0.40,29.93,17,17,0,0.05,0.00,0.10,28.34,17,17,0,0.39,0.30,0.40,28.54,17,17,0,0.81,0.80,0.90,28.20,17,17,0,0.18,0.10,0.20,28.58,17,17,0,0.80,0.70,0.90,28.62,17,17,0,0.87,0.30,1.50,27.92,17,0,0
98745,0.36,0.30,0.40,29.93,17,17,0,0.04,-0.10,0.10,28.35,17,17,0,0.40,0.40,0.40,28.55,17,17,0,0.81,0.80,0.90,28.22,17,17,0,0.17,0.10,0.20,28.58,17,17,0,0.79,0.70,0.80,28.63,17,17,0,0.66,0.20,1.20,27.91,17,0,0
99258,0.35,0.30,0.40,29.95,18,18,0,0.01,-0.10,0.10,28.33,18,18,0,0.39,0.30,0.40,28.53,18,18,0,0.81,0.80,0.90,28.22,18,18,0,0.19,0.10,0.20,28.59,18,18,0,0.79,0.70,0.80,28.62,18,18,0,0.61,0.20,1.40,27.89,18,0,0
99758,0.35,0.30,0.40,29.93,17,17,0,0.05,0.00,0.10,28.36,17,17,0,0.40,0.40,0.40,28.53,17,17,0,0.80,0.80,0.80,28.22,17,17,0,0.20,0.10,0.30,28.59,17,17,0,0.78,0.70,0.80,28.62,17,17,0,0.66,-0.10,1.80,27.90,17,0,0
100258,0.36,0.30,0.40,29.95,17,17,0,0.04,-0.10,0.10,28.34,17,17,0,0.40,0.40,0.40,28.55,17,17,0,0.81,0.80,0.90,28.22,17,17,0,0.19,0.10,0.20,28.61,17,17,0,0.79,0.70,0.80,28.64,17,17,0,0.68,0.30,1.50,27.89,17,0,0
100758,0.34,0.30,0.40,29.94,18,18,0,0.02,0.00,0.10,28.35,18,18,0,0.40,0.40,0.40,28.54,18,18,0,0.80,0.80,0.80,28.22,18,18,0,0.19,0.10,0.20,28.58,18,18,0,0.78,0.70,0.80,28.64,18,18,0,0.82,-0.80,2.30,27.91,18,0,0
101270,0.36,0.30,0.40,29.94,17,17,0,0.05,0.00,0.10,28.34,17,17,0,0.40,0.40,0.40,28.56,17,17,0,0.81,0.80,0.90,28.22,17,17,0,0.18,0.10,0.30,28.60,17,17,0,0.79,0.70,0.80,28.64,17,17,0,0.92,-1.10,2.90,27.90,17,0,0
101770,0.38,0.30,0.40,29.95,17,17,0,0.02,-0.10,0.10,28.35,17,17,0,0.40,0.40,0.40,28.55,17,17,0,0.80,0.80,0.80,28.22,17,17,0,0.18,0.10,0.20,28.59,17,17,0,0.79,0.70,0.80,28.64,17,17,0,0.96,-0.80,3.20,27.92,17,0,0
102270,0.36,0.30,0.40,29.94,17,17,0,0.03,-0.10,0.10,28.35,17,17,0,0.39,0.30,0.40,28.55,17,17,0,0.80,0.80,0.80,28.22,17,17,0,0.18,0.10,0.20,28.60,17,17,0,0.79,0.70,0.80,28.63,17,17,0,1.06,-2.10,3.70,27.91,17,0,0
102770,0.35,0.30,0.40,29.95,17,17,0,0.03,-0.10,0.10,28.37,17,17,0,0.41,0.40,0.50,28.55,17,17,0,0.81,0.80,0.90,28.22,17,17,0,0.18,0.10,0.20,28.61,17,17,0,0.78,0.70,0.80,28.65,17,17,0,1.24,-1.10,3.60,27.93,17,0,0
103281,0.35,0.30,0.40,29.97,17,17,0,0.05,0.00,0.10,28.35,17,17,0,0.40,0.40,0.40,28.56,17,17,0,0.81,0.80,0.90,28.21,17,17,0,0.18,0.10,0.20,28.61,17,17,0,0.79,0.70,0.80,28.65,17,17,0,0.73,-1.60,2.50,27.94,17,0,0
103781,0.36,0.30,0.40,29.96,17,17,0,0.02,-0.10,0.10,28.36,17,17,0,0.39,0.30,0.40,28.57,17,17,0,0.81,0.80,0.90,28.22,17,17,0,0.17,0.10,0.20,28.61,17,17,0,0.79,0.70,0.80,28.65,17,17,0,0.48,-0.80,1.80,27.93,17,0,0
104281,0.36,0.30,0.40,29.96,17,17,0,0.05,-0.10,0.10,28.37,17,17,0,0.39,0.30,0.40,28.56,17,17,0,0.81,0.80,0.90,28.24,17,17,0,0.19,0.10,0.20,28.62,17,17,0,0.77,0.70,0.80,28.65,17,17,0,0.22,-0.50,1.80,27.94,17,0,0
104782,0.33,0.30,0.40,29.96,17,17,0,0.04,-0.10,0.10,28.36,17,17,0,0.39,0.30,0.40,28.54,17,17,0,0.82,0.80,0.90,28.23,17,17,0,0.18,0.10,0.20,28.62,17,17,0,0.80,0.80,0.80,28.65,17,17,0,0.06,-1.30,0.80,27.95,17,0,0
105282,0.36,0.30,0.40,29.95,17,17,0,0.01,-0.10,0.10,28.36,17,17,0,0.41,0.40,0.50,28.56,17,17,0,0.81,0.80,0.90,28.23,17,17,0,0.19,0.10,0.30,28.63,17,17,0,0.79,0.70,0.80,28.65,17,17,0,0.35,-0.50,1.60,27.96,17,0,0
105782,0.34,0.30,0.40,29.97,17,17,0,0.02,-0.10,0.10,28.37,17,17,0,0.40,0.40,0.40,28.58,17,17,0,0.81,0.80,0.90,28.22,17,17,0,0.19,0.10,0.20,28.61,17,17,0,0.77,0.70,0.80,28.66,17,17,0,0.67,-0.40,1.80,27.94,17,0,0
106282,0.35,0.30,0.40,29.96,17,17,0,0.05,0.00,0.10,28.37,17,17,0,0.40,0.40,0.40,28.57,17,17,0,0.81,0.80,0.90,28.24,17,17,0,0.19,0.10,0.20,28.61,17,17,0,0.79,0.70,0.80,28.66,17,17,0,0.73,-0.30,2.00,27.95,17,0,0
106782,0.37,0.30,0.40,29.99,17,17,0,0.08,0.00,0.10,28.38,17,17,0,0.39,0.30,0.40,28.58,17,17,0,0.79,0.70,0.80,28.25,17,17,0,0.15,0.10,0.20,28.62,17,17,0,0.79,0.70,0.80,28.65,17,17,0,0.75,-0.50,2.10,27.95,17,0,0
107282,0.36,0.30,0.40,29.95,17,17,0,0.05,0.00,0.10,28.37,17,17,0,0.39,0.30,0.40,28.58,17,17,0,0.81,0.80,0.90,28.23,17,17,0,0.19,0.10,0.20,28.63,17,17,0,0.78,0.70,0.80,28.65,17,17,0,0.59,-1.30,2.40,27.96,17,0,0
107782,0.36,0.30,0.40,29.98,17,17,0,0.05,0.00,0.10,28.40,17,17,0,0.39,0.30,0.40,28.56,17,17,0,0.81,0.80,0.90,28.24,17,17,0,0.18,0.10,0.20,28.64,17,17,0,0.79,0.70,0.80,28.67,17,17,0,0.53,-0.10,1.10,27.94,17,0,0
108282,0.35,0.30,0.40,29.99,17,17,0,0.03,0.00,0.10,28.38,17,17,0,0.39,0.30,0.40,28.57,17,17,0,0.81,0.80,0.90,28.25,17,17,0,0.18,0.10,0.20,28.63,17,17,0,0.79,0.70,0.80,28.67,17,17,0,0.49,-0.80,1.70,27.96,17,0,0
108782,0.35,0.30,0.40,29.99,17,17,0,0.05,0.00,0.10,28.40,17,17,0,0.40,0.40,0.40,28.59,17,17,0,0.82,0.80,0.90,28.25,17,17,0,0.18,0.10,0.20,28.62,17,17,0,0.78,0.70,0.80,28.65,17,17,0,0.56,-0.40,1.20,27.96,17,0,0
109282,0.36,0.30,0.40,29.98,17,17,0,0.02,-0.10,0.10,28.38,17,17,0,0.40,0.40,0.40,28.56,17,17,0,0.81,0.80,0.90,28.25,17,17,0,0.18,0.10,0.20,28.64,17,17,0,0.78,0.70,0.80,28.67,17,17,0,0.35,-0.60,1.20,27.95,17,0,0
109795,0.36,0.30,0.40,29.97,18,18,0,0.03,-0.10,0.10,28.39,18,18,0,0.40,0.40,0.40,28.59,18,18,0,0.81,0.80,0.90,28.25,18,18,0,0.18,0.10,0.20,28.64,18,18,0,0.79,0.70,0.80,28.67,18,18,0,0.46,-0.40,1.20,27.98,18,0,0
110308,0.36,0.30,0.40,29.97,18,18,0,0.03,-0.10,0.10,28.39,18,18,0,0.39,0.30,0.40,28.59,18,18,0,0.81,0.80,0.90,28.24,18,18,0,0.19,0.10,0.20,28.63,18,18,0,0.79,0.70,0.80,28.67,18,18,0,0.64,0.00,1.40,27.96,18,0,0
110808,0.38,0.30,0.40,30.00,17,17,0,0.04,0.00,0.10,28.40,17,17,0,0.40,0.40,0.40,28.60,17,17,0,0.80,0.80,0.80,28.25,17,17,0,0.17,0.10,0.20,28.64,17,17,0,0.79,0.70,0.80,28.67,17,17,0,0.69,0.20,1.40,27.99,17,0,0
111321,0.37,0.30,0.40,29.99,18,18,0,0.01,-0.10,0.10,28.40,18,18,0,0.40,0.40,0.40,28.60,18,18,0,0.80,0.80,0.80,28.26,18,18,0,0.16,0.10,0.20,28.64,18,18,0,0.77,0.70,0.80,28.69,18,18,0,0.88,-0.10,1.70,27.97,18,0,0
111821,0.37,0.30,0.40,30.00,17,17,0,0.03,-0.10,0.10,28.40,17,17,0,0.40,0.40,0.40,28.59,17,17,0,0.80,0.80,0.80,28.26,17,17,0,0.18,0.10,0.20,28.63,17,17,0,0.78,0.70,0.80,28.67,17,17,0,1.03,0.20,2.00,27.97,17,0,0
112334,0.37,0.30,0.40,30.00,18,18,0,0.04,0.00,0.10,28.39,18,18,0,0.40,0.40,0.40,28.61,18,18,0,0.80,0.80,0.80,28.25,18,18,0,0.19,0.10,0.20,28.65,18,18,0,0.79,0.70,0.80,28.68,18,18,0,1.17,0.60,1.80,27.99,18,0,0
112834,0.35,0.30,0.40,29.98,17,17,0,0.02,-0.10,0.10,28.40,17,17,0,0.39,0.30,0.40,28.60,17,17,0,0.81,0.80,0.90,28.27,17,17,0,0.18,0.10,0.20,28.66,17,17,0,0.78,0.70,0.80,28.66,17,17,0,1.18,0.50,1.70,27.99,17,0,0
113346,0.36,0.30,0.40,29.99,18,18,0,0.02,-0.10,0.10,28.38,18,18,0,0.39,0.30,0.40,28.60,18,18,0,0.81,0.80,0.90,28.26,18,18,0,0.18,0.10,0.20,28.65,18,18,0,0.79,0.70,0.80,28.69,18,18,0,0.78,0.20,1.50,27.97,18,0,0
113859,0.36,0.30,0.40,29.97,18,18,0,0.03,0.00,0.10,28.40,18,18,0,0.39,0.30,0.40,28.60,18,18,0,0.81,0.80,0.90,28.26,18,18,0,0.19,0.10,0.20,28.64,18,18,0,0.77,0.70,0.80,28.68,18,18,0,0.41,-0.50,1.10,27.99,18,0,0
114359,0.36,0.30,0.40,30.00,17,17,0,0.04,-0.10,0.10,28.40,17,17,0,0.40,0.40,0.40,28.58,17,17,0,0.80,0.80,0.80,28.27,17,17,0,0.18,0.10,0.20,28.66,17,17,0,0.79,0.70,0.80,28.68,17,17,0,0.05,-0.70,0.80,27.99,17,0,0
114859,0.35,0.30,0.40,29.99,17,17,0,0.04,0.00,0.10,28.41,17,17,0,0.40,0.40,0.40,28.61,17,17,0,0.80,0.80,0.80,28.26,17,17,0,0.19,0.10,0.20,28.65,17,17,0,0.77,0.70,0.80,28.69,17,17,0,0.55,0.00,1.00,28.00,17,0,0
115360,0.38,0.30,0.40,29.99,17,17,0,0.05,0.00,0.10,28.43,17,17,0,0.40,0.40,0.40,28.61,17,17,0,0.81,0.80,0.90,28.28,17,17,0,0.19,0.10,0.20,28.66,17,17,0,0.78,0.70,0.80,28.68,17,17,0,0.32,-0.10,0.90,27.99,17,0,0
115860,0.36,0.30,0.40,30.00,17,17,0,0.04,0.00,0.10,28.40,17,17,0,0.40,0.40,0.40,28.62,17,17,0,0.81,0.80,0.90,28.27,17,17,0,0.18,0.10,0.20,28.65,17,17,0,0.77,0.70,0.80,28.69,17,17,0,0.04,-0.40,0.40,28.00,17,0,0
116373,0.34,0.30,0.40,30.01,18,18,0,0.03,0.00,0.10,28.41,18,18,0,0.40,0.40,0.40,28.62,18,18,0,0.80,0.80,0.80,28.29,18,18,0,0.18,0.10,0.20,28.66,18,18,0,0.78,0.70,0.80,28.69,18,18,0,0.21,-0.50,0.80,28.01,18,0,0
116876,0.36,0.30,0.40,30.02,17,17,0,0.05,0.00,0.10,28.42,17,17,0,0.38,0.30,0.40,28.61,17,17,0,0.81,0.80,0.90,28.27,17,17,0,0.17,0.10,0.20,28.65,17,17,0,0.79,0.70,0.80,28.69,17,17,0,0.63,-0.10,1.20,27.99,17,0,0
117376,0.36,0.30,0.40,30.02,17,17,0,0.05,0.00,0.10,28.42,17,17,0,0.39,0.30,0.40,28.62,17,17,0,0.80,0.80,0.80,28.27,17,17,0,0.19,0.10,0.20,28.66,17,17,0,0.78,0.70,0.80,28.69,17,17,0,0.32,-0.20,0.90,28.00,17,0,0
117876,0.36,0.30,0.40,30.01,17,17,0,0.02,-0.10,0.10,28.43,17,17,0,0.39,0.30,0.40,28.61,17,17,0,0.81,0.80,0.90,28.28,17,17,0,0.19,0.10,0.20,28.67,17,17,0,0.79,0.70,0.80,28.69,17,17,0,0.66,-0.10,1.20,28.03,17,0,0
118376,0.36,0.30,0.40,30.03,17,17,0,0.04,0.00,0.10,28.41,17,17,0,0.40,0.40,0.40,28.64,17,17,0,0.80,0.80,0.80,28.30,17,17,0,0.19,0.10,0.20,28.67,17,17,0,0.78,0.70,0.80,28.71,17,17,0,0.91,-1.30,4.00,28.01,17,0,0
118876,0.35,0.30,0.40,30.02,17,17,0,0.00,-0.10,0.10,28.42,17,17,0,0.40,0.40,0.40,28.62,17,17,0,0.81,0.80,0.90,28.27,17,17,0,0.19,0.10,0.20,28.66,17,17,0,0.79,0.70,0.90,28.71,17,17,0,0.96,-1.50,4.70,28.01,17,0,0
119376,0.35,0.30,0.40,30.03,17,17,0,0.04,-0.10,0.10,28.43,17,17,0,0.39,0.30,0.40,28.62,17,17,0,0.81,0.80,0.90,28.27,17,17,0,0.19,0.10,0.20,28.66,17,17,0,0.78,0.70,0.80,28.70,17,17,0,0.92,0.10,2.00,28.01,17,0,0
119876,0.36,0.30,0.40,30.01,17,17,0,0.04,0.00,0.10,28.43,17,17,0,0.40,0.40,0.40,28.64,17,17,0,0.81,0.80,0.90,28.29,17,17,0,0.18,0.10,0.20,28.67,17,17,0,0.78,0.70,0.80,28.69,17,17,0,0.85,-0.60,1.70,28.00,17,0,0
120376,0.34,0.30,0.40,30.04,17,17,0,0.04,0.00,0.10,28.43,17,17,0,0.40,0.40,0.40,28.62,17,17,0,0.81,0.80,0.90,28.28,17,17,0,0.17,0.10,0.20,28.67,17,17,0,0.78,0.70,0.80,28.70,17,17,0,0.75,-0.40,1.80,28.00,17,0,0
120876,0.36,0.30,0.40,30.02,17,17,0,0.01,-0.10,0.10,28.43,17,17,0,0.39,0.30,0.40,28.64,17,17,0,0.80,0.80,0.80,28.28,17,17,0,0.18,0.10,0.20,28.68,17,17,0,0.78,0.70,0.80,28.69,17,17,0,0.58,-0.30,2.20,28.01,17,0,0
121376,0.36,0.30,0.40,30.03,17,17,0,0.04,0.00,0.10,28.42,17,17,0,0.40,0.40,0.40,28.64,17,17,0,0.80,0.80,0.80,28.28,17,17,0,0.17,0.10,0.20,28.67,17,17,0,0.78,0.70,0.80,28.70,17,17,0,0.52,-0.50,1.20,28.00,17,0,0
121876,0.34,0.30,0.40,30.03,17,17,0,0.02,-0.10,0.10,28.42,17,17,0,0.39,0.30,0.40,28.64,17,17,0,0.80,0.80,0.80,28.29,17,17,0,0.19,0.10,0.20,28.67,17,17,0,0.79,0.70,0.80,28.71,17,17,0,0.45,0.00,1.10,28.01,17,0,0
122376,0.35,0.30,0.40,30.02,17,17,0,0.04,0.00,0.10,28.44,17,17,0,0.40,0.40,0.40,28.64,17,17,0,0.81,0.80,0.90,28.29,17,17,0,0.18,0.10,0.20,28.67,17,17,0,0.78,0.70,0.80,28.70,17,17,0,0.66,-0.10,1.40,28.02,17,0,0
122876,0.35,0.30,0.40,30.04,16,16,0,0.03,0.00,0.10,28.44,16,16,0,0.39,0.30,0.40,28.64,16,16,0,0.81,0.80,0.90,28.28,16,16,0,0.18,0.10,0.20,28.68,16,16,0,0.78,0.70,0.80,28.71,16,16,0,0.62,0.20,1.30,28.02,16,0,0
123376,0.37,0.30,0.40,30.02,17,17,0,0.04,0.00,0.10,28.45,17,17,0,0.40,0.40,0.40,28.63,17,17,0,0.80,0.80,0.80,28.28,17,17,0,0.19,0.10,0.20,28.67,17,17,0,0.78,0.70,0.80,28.71,17,17,0,0.58,-0.10,1.10,28.03,17,0,0
123886,0.36,0.30,0.40,30.04,18,18,0,0.04,0.00,0.10,28.43,18,18,0,0.39,0.30,0.40,28.66,18,18,0,0.81,0.80,0.90,28.30,18,18,0,0.18,0.10,0.20,28.69,18,18,0,0.78,0.70,0.80,28.70,18,18,0,0.42,-0.10,1.00,28.04,18,0,0
124399,0.38,0.30,0.40,30.05,18,18,0,0.05,0.00,0.10,28.43,18,18,0,0.39,0.30,0.40,28.65,18,18,0,0.81,0.80,0.90,28.28,18,18,0,0.18,0.10,0.20,28.69,18,18,0,0.79,0.70,0.80,28.71,18,18,0,0.79,0.20,1.30,28.03,18,0,0
124899,0.35,0.30,0.40,30.05,17,17,0,0.03,0.00,0.10,28.45,17,17,0,0.40,0.40,0.40,28.66,17,17,0,0.81,0.80,0.90,28.32,17,17,0,0.16,0.10,0.20,28.67,17,17,0,0.79,0.70,0.80,28.72,17,17,0,0.89,0.30,1.50,28.05,17,0,0
125403,0.35,0.30,0.40,30.05,17,17,0,0.02,-0.10,0.10,28.43,17,17,0,0.40,0.40,0.40,28.66,17,17,0,0.80,0.80,0.80,28.29,17,17,0,0.18,0.10,0.20,28.66,17,17,0,0.77,0.70,0.80,28.73,17,17,0,1.05,0.60,1.50,28.05,17,0,0
125916,0.36,0.30,0.40,30.05,18,18,0,0.04,0.00,0.10,28.44,18,18,0,0.40,0.40,0.40,28.66,18,18,0,0.81,0.80,0.90,28.30,18,18,0,0.18,0.10,0.20,28.68,18,18,0,0.77,0.70,0.80,28.72,18,18,0,0.97,0.20,1.70,28.02,18,0,0
126420,0.38,0.30,0.40,30.06,17,17,0,0.04,0.00,0.10,28.43,17,17,0,0.40,0.40,0.40,28.67,17,17,0,0.81,0.80,0.90,28.31,17,17,0,0.18,0.10,0.20,28.70,17,17,0,0.77,0.70,0.80,28.71,17,17,0,0.84,-0.50,1.70,28.03,17,0,0
126920,0.37,0.30,0.40,30.06,17,17,0,0.02,-0.10,0.10,28.45,17,17,0,0.39,0.30,0.40,28.66,17,17,0,0.79,0.70,0.80,28.29,17,17,0,0.17,0.10,0.20,28.69,17,17,0,0.79,0.70,0.80,28.72,17,17,0,0.98,0.20,1.90,28.02,17,0,0
127433,0.36,0.30,0.40,30.05,18,18,0,0.04,-0.10,0.10,28.44,18,18,0,0.39,0.30,0.40,28.68,18,18,0,0.81,0.80,0.90,28.29,18,18,0,0.18,0.10,0.20,28.69,18,18,0,0.79,0.70,0.80,28.71,18,18,0,0.96,0.40,1.50,28.03,18,0,0
127933,0.37,0.30,0.40,30.06,18,18,0,0.02,-0.10,0.10,28.44,18,18,0,0.40,0.40,0.40,28.67,18,18,0,0.81,0.80,0.90,28.30,18,18,0,0.19,0.10,0.20,28.68,18,18,0,0.79,0.70,0.80,28.73,18,18,0,0.99,0.30,2.10,28.04,18,0,0
128433,0.36,0.30,0.40,30.05,17,17,0,0.05,0.00,0.10,28.44,17,17,0,0.40,0.40,0.40,28.66,17,17,0,0.81,0.80,0.90,28.30,17,17,0,0.17,0.10,0.20,28.70,17,17,0,0.79,0.70,0.80,28.72,17,17,0,1.22,0.10,2.60,28.04,17,0,0
128935,0.35,0.30,0.40,30.06,17,17,0,0.01,0.00,0.10,28.43,17,17,0,0.40,0.40,0.40,28.67,17,17,0,0.80,0.80,0.80,28.29,17,17,0,0.19,0.10,0.20,28.69,17,17,0,0.76,0.70,0.80,28.72,17,17,0,1.39,0.90,2.10,28.06,17,0,0
129439,0.37,0.30,0.40,30.06,17,17,0,0.03,-0.10,0.10,28.45,17,17,0,0.39,0.30,0.40,28.67,17,17,0,0.80,0.80,0.80,28.31,17,17,0,0.19,0.10,0.20,28.70,17,17,0,0.77,0.70,0.80,28.72,17,17,0,0.98,0.10,1.90,28.05,17,0,0
129939,0.35,0.30,0.40,30.05,17,17,0,0.04,0.00,0.10,28.45,17,17,0,0.40,0.40,0.40,28.67,17,17,0,0.81,0.80,0.90,28.31,17,17,0,0.18,0.10,0.20,28.69,17,17,0,0.79,0.70,0.80,28.74,17,17,0,0.81,-0.40,2.10,28.07,17,0,0
130439,0.36,0.30,0.40,30.08,17,17,0,0.05,0.00,0.10,28.46,17,17,0,0.40,0.40,0.40,28.68,17,17,0,0.80,0.80,0.80,28.32,17,17,0,0.16,0.10,0.20,28.69,17,17,0,0.77,0.70,0.80,28.71,17,17,0,0.87,0.00,1.50,28.04,17,0,0
130952,0.35,0.30,0.40,30.08,18,18,0,0.03,-0.10,0.10,28.45,18,18,0,0.39,0.30,0.40,28.68,18,18,0,0.80,0.80,0.80,28.31,18,18,0,0.19,0.10,0.20,28.72,18,18,0,0.79,0.70,0.80,28.74,18,18,0,0.96,0.60,1.30,28.06,18,0,0
131452,0.36,0.30,0.40,30.07,17,17,0,0.05,0.00,0.10,28.45,17,17,0,0.40,0.40,0.40,28.68,17,17,0,0.81,0.80,0.90,28.31,17,17,0,0.19,0.10,0.20,28.69,17,17,0,0.76,0.70,0.80,28.73,17,17,0,0.72,0.30,1.00,28.05,17,0,0
131965,0.33,0.30,0.40,30.06,18,18,0,0.03,0.00,0.10,28.44,18,18,0,0.40,0.40,0.40,28.66,18,18,0,0.80,0.80,0.80,28.31,18,18,0,0.18,0.10,0.20,28.71,18,18,0,0.77,0.70,0.80,28.74,18,18,0,0.81,0.50,1.10,28.04,18,0,0
132465,0.32,0.30,0.40,30.07,17,17,0,0.04,0.00,0.10,28.46,17,17,0,0.39,0.30,0.40,28.68,17,17,0,0.80,0.80,0.80,28.31,17,17,0,0.17,0.10,0.20,28.69,17,17,0,0.78,0.70,0.80,28.74,17,17,0,0.58,-0.10,1.00,28.07,17,0,0
132965,0.36,0.30,0.40,30.07,17,17,0,0.02,0.00,0.10,28.46,17,17,0,0.39,0.30,0.40,28.68,17,17,0,0.80,0.80,0.80,28.32,17,17,0,0.19,0.10,0.20,28.69,17,17,0,0.79,0.70,0.80,28.74,17,17,0,0.52,-0.20,1.20,28.06,17,0,0
133465,0.36,0.30,0.40,30.07,17,17,0,0.03,0.00,0.10,28.44,17,17,0,0.39,0.30,0.40,28.68,17,17,0,0.81,0.80,0.90,28.31,17,17,0,0.18,0.10,0.20,28.71,17,17,0,0.78,0.70,0.80,28.73,17,17,0,0.72,0.30,1.30,28.06,17,0,0
133965,0.33,0.30,0.40,30.10,17,17,0,0.01,-0.10,0.10,28.45,17,17,0,0.39,0.30,0.40,28.68,17,17,0,0.81,0.80,0.90,28.31,17,17,0,0.18,0.10,0.20,28.71,17,17,0,0.78,0.70,0.80,28.74,17,17,0,1.05,0.50,1.40,28.08,17,0,0
134465,0.35,0.30,0.40,30.07,17,17,0,0.05,0.00,0.10,28.46,17,17,0,0.39,0.30,0.40,28.69,17,17,0,0.80,0.80,0.80,28.30,17,17,0,0.19,0.10,0.20,28.70,17,17,0,0.79,0.70,0.80,28.73,17,17,0,1.12,0.80,1.60,28.07,17,0,0
134975,0.37,0.30,0.40,30.08,18,18,0,0.01,0.00,0.10,28.47,18,18,0,0.38,0.30,0.40,28.69,18,18,0,0.80,0.80,0.80,28.32,18,18,0,0.19,0.10,0.20,28.71,18,18,0,0.79,0.70,0.80,28.73,18,18,0,1.11,0.50,1.70,28.06,18,0,0
135488,0.38,0.30,0.40,30.06,18,18,0,0.05,0.00,0.10,28.44,18,18,0,0.39,0.30,0.40,28.69,18,18,0,0.80,0.80,0.80,28.33,18,18,0,0.17,0.10,0.20,28.70,18,18,0,0.78,0.70,0.80,28.73,18,18,0,0.86,0.20,1.60,28.05,18,0,0
135988,0.37,0.30,0.40,30.07,17,17,0,0.04,0.00,0.10,28.47,17,17,0,0.39,0.30,0.40,28.70,17,17,0,0.80,0.80,0.80,28.33,17,17,0,0.18,0.10,0.20,28.71,17,17,0,0.79,0.70,0.80,28.75,17,17,0,0.61,-0.20,1.40,28.06,17,0,0
136490,0.32,0.30,0.40,30.08,17,17,0,0.02,0.00,0.10,28.45,17,17,0,0.39,0.30,0.40,28.70,17,17,0,0.81,0.80,0.90,28.32,17,17,0,0.18,0.10,0.20,28.71,17,17,0,0.78,0.70,0.80,28.74,17,17,0,0.45,-0.10,0.80,28.07,17,0,0
136993,0.36,0.30,0.40,30.08,17,17,0,0.04,0.00,0.10,28.48,17,17,0,0.39,0.30,0.40,28.70,17,17,0,0.80,0.80,0.80,28.34,17,17,0,0.19,0.10,0.20,28.70,17,17,0,0.79,0.70,0.80,28.73,17,17,0,0.78,0.20,1.40,28.09,17,0,0
137493,0.35,0.30,0.40,30.07,17,17,0,0.04,0.00,0.10,28.47,17,17,0,0.39,0.30,0.40,28.70,17,17,0,0.81,0.80,0.90,28.33,17,17,0,0.18,0.10,0.20,28.70,17,17,0,0.78,0.70,0.80,28.74,17,17,0,0.88,0.30,1.20,28.09,17,0,0
138006,0.37,0.30,0.40,30.10,18,18,0,0.04,0.00,0.10,28.48,18,18,0,0.40,0.40,0.40,28.71,18,18,0,0.81,0.80,0.90,28.32,18,18,0,0.17,0.10,0.20,28.71,18,18,0,0.78,0.70,0.80,28.75,18,18,0,0.71,0.30,1.20,28.08,18,0,0
138519,0.36,0.30,0.40,30.06,18,18,0,0.05,-0.10,0.10,28.46,18,18,0,0.40,0.40,0.40,28.71,18,18,0,0.81,0.80,0.90,28.32,18,18,0,0.19,0.10,0.20,28.72,18,18,0,0.78,0.70,0.80,28.75,18,18,0,0.36,-0.30,0.70,28.09,18,0,0
139021,0.35,0.30,0.40,30.08,17,17,0,0.04,-0.10,0.10,28.47,17,17,0,0.39,0.30,0.40,28.71,17,17,0,0.80,0.80,0.80,28.32,17,17,0,0.16,0.10,0.20,28.72,17,17,0,0.79,0.70,0.80,28.76,17,17,0,0.27,-0.20,0.70,28.06,17,0,0
139522,0.36,0.30,0.40,30.09,17,17,0,0.04,0.00,0.10,28.49,17,17,0,0.40,0.40,0.40,28.72,17,17,0,0.80,0.80,0.80,28.32,17,17,0,0.19,0.10,0.20,28.72,17,17,0,0.78,0.70,0.80,28.75,17,17,0,0.73,0.00,1.60,28.09,17,0,0
140024,0.36,0.30,0.40,30.10,17,17,0,0.04,0.00,0.10,28.49,17,17,0,0.40,0.40,0.40,28.72,17,17,0,0.80,0.80,0.80,28.33,17,17,0,0.16,0.10,0.20,28.72,17,17,0,0.79,0.70,0.80,28.74,17,17,0,0.42,-0.40,1.20,28.09,17,0,0
140524,0.36,0.30,0.40,30.09,17,17,0,0.02,-0.10,0.10,28.48,17,17,0,0.39,0.30,0.40,28.72,17,17,0,0.81,0.80,0.90,28.34,17,17,0,0.18,0.10,0.20,28.72,17,17,0,0.78,0.70,0.80,28.74,17,17,0,0.08,-0.20,0.30,28.10,17,0,0
141024,0.34,0.30,0.40,30.08,17,17,0,0.05,0.00,0.10,28.47,17,17,0,0.39,0.30,0.40,28.71,17,17,0,0.81,0.80,0.90,28.33,17,17,0,0.19,0.10,0.20,28.72,17,17,0,0.76,0.70,0.80,28.76,17,17,0,0.01,-0.20,0.30,28.09,17,0,0
141524,0.37,0.30,0.40,30.08,17,17,0,0.02,-0.10,0.10,28.47,17,17,0,0.40,0.40,0.40,28.73,17,17,0,0.80,0.80,0.80,28.34,17,17,0,0.16,0.10,0.20,28.73,17,17,0,0.78,0.70,0.80,28.75,17,17,0,0.11,-0.10,0.30,28.08,17,0,0
142024,0.35,0.30,0.40,30.08,17,17,0,0.02,-0.10,0.10,28.49,17,17,0,0.38,0.30,0.40,28.73,17,17,0,0.81,0.70,0.90,28.34,17,17,0,0.16,0.10,0.20,28.71,17,17,0,0.77,0.70,0.80,28.73,17,17,0,0.32,-0.20,0.70,28.09,17,0,0
142524,0.38,0.30,0.40,30.10,16,16,0,0.03,-0.10,0.10,28.48,16,16,0,0.39,0.30,0.40,28.72,16,16,0,0.80,0.80,0.80,28.33,16,16,0,0.18,0.10,0.20,28.73,16,16,0,0.80,0.80,0.80,28.77,16,16,0,0.66,0.30,1.10,28.09,16,0,0
143024,0.35,0.30,0.40,30.10,17,17,0,0.04,0.00,0.10,28.48,17,17,0,0.40,0.40,0.40,28.72,17,17,0,0.80,0.80,0.80,28.34,17,17,0,0.17,0.10,0.20,28.72,17,17,0,0.77,0.70,0.80,28.76,17,17,0,0.81,0.20,1.20,28.10,17,0,0
143524,0.35,0.30,0.40,30.09,17,17,0,0.02,-0.10,0.10,28.50,17,17,0,0.40,0.40,0.40,28.73,17,17,0,0.80,0.80,0.80,28.32,17,17,0,0.18,0.10,0.20,28.73,17,17,0,0.78,0.70,0.80,28.76,17,17,0,0.72,0.30,1.10,28.10,17,0,0
144024,0.34,0.30,0.40,30.11,17,17,0,0.03,0.00,0.10,28.50,17,17,0,0.40,0.40,0.40,28.72,17,17,0,0.80,0.80,0.80,28.34,17,17,0,0.16,0.10,0.20,28.74,17,17,0,0.78,0.70,0.80,28.75,17,17,0,0.52,0.10,0.80,28.11,17,0,0
144524,0.37,0.30,0.40,30.09,17,17,0,0.03,-0.10,0.10,28.49,17,17,0,0.39,0.30,0.40,28.73,17,17,0,0.80,0.80,0.80,28.34,17,17,0,0.17,0.10,0.20,28.72,17,17,0,0.79,0.70,0.80,28.75,17,17,0,0.49,0.00,0.90,28.12,17,0,0
145024,0.37,0.30,0.40,30.09,17,17,0,0.04,0.00,0.10,28.49,17,17,0,0.41,0.40,0.50,28.72,17,17,0,0.80,0.80,0.80,28.33,17,17,0,0.18,0.10,0.20,28.72,17,17,0,0.79,0.70,0.80,28.75,17,17,0,0.53,0.10,1.20,28.10,17,0,0
145530,0.37,0.30,0.40,30.10,18,18,0,0.02,-0.10,0.10,28.49,18,18,0,0.39,0.30,0.40,28.73,18,18,0,0.80,0.80,0.80,28.34,18,18,0,0.18,0.10,0.20,28.72,18,18,0,0.78,0.70,0.80,28.77,18,18,0,0.39,0.10,0.80,28.11,18,0,0
146030,0.36,0.30,0.40,30.11,17,17,0,0.04,0.00,0.10,28.50,17,17,0,0.40,0.40,0.40,28.74,17,17,0,0.81,0.80,0.90,28.33,17,17,0,0.18,0.10,0.20,28.74,17,17,0,0.76,0.70,0.80,28.78,17,17,0,0.49,-0.30,1.50,28.11,17,0,0
146530,0.36,0.30,0.40,30.10,17,17,0,0.05,0.00,0.10,28.49,17,17,0,0.39,0.30,0.40,28.74,17,17,0,0.80,0.80,0.80,28.34,17,17,0,0.17,0.10,0.20,28.73,17,17,0,0.78,0.70,0.80,28.76,17,17,0,0.13,-0.70,1.20,28.09,17,0,0
147043,0.33,0.30,0.40,30.13,18,18,0,0.03,0.00,0.10,28.48,18,18,0,0.40,0.40,0.40,28.74,18,18,0,0.80,0.80,0.80,28.34,18,18,0,0.17,0.10,0.20,28.72,18,18,0,0.79,0.70,0.80,28.77,18,18,0,0.08,-0.60,0.70,28.12,18,0,0
147543,0.36,0.30,0.40,30.11,17,17,0,0.03,-0.10,0.10,28.50,17,17,0,0.39,0.30,0.40,28.74,17,17,0,0.82,0.80,0.90,28.32,17,17,0,0.15,0.10,0.20,28.76,17,17,0,0.78,0.70,0.80,28.77,17,17,0,0.23,-0.20,1.00,28.11,17,0,0
148043,0.38,0.30,0.40,30.11,17,17,0,0.02,0.00,0.10,28.50,17,17,0,0.39,0.30,0.40,28.72,17,17,0,0.81,0.80,0.90,28.35,17,17,0,0.19,0.10,0.20,28.73,17,17,0,0.78,0.70,0.80,28.77,17,17,0,0.47,-0.10,0.80,28.12,17,0,0
148543,0.36,0.30,0.40,30.11,17,17,0,0.03,-0.10,0.10,28.50,17,17,0,0.39,0.30,0.40,28.73,17,17,0,0.81,0.80,0.90,28.35,17,17,0,0.18,0.10,0.20,28.73,17,17,0,0.77,0.70,0.80,28.77,17,17,0,0.35,-0.30,0.90,28.13,17,0,0
149056,0.36,0.30,0.40,30.12,18,18,0,0.02,-0.10,0.10,28.50,18,18,0,0.40,0.40,0.40,28.75,18,18,0,0.82,0.80,0.90,28.33,18,18,0,0.18,0.10,0.20,28.74,18,18,0,0.77,0.70,0.80,28.77,18,18,0,0.37,-0.40,1.00,28.15,18,0,0
149566,0.34,0.30,0.40,30.11,18,18,0,0.02,-0.10,0.10,28.51,18,18,0,0.40,0.40,0.40,28.73,18,18,0,0.80,0.80,0.80,28.34,18,18,0,0.18,0.10,0.20,28.73,18,18,0,0.77,0.70,0.80,28.78,18,18,0,0.42,-0.10,0.90,28.11,18,0,0
150079,0.34,0.30,0.40,30.11,18,18,0,0.04,-0.10,0.10,28.52,18,18,0,0.40,0.40,0.40,28.74,18,18,0,0.80,0.80,0.80,28.36,18,18,0,0.18,0.10,0.20,28.74,18,18,0,0.78,0.70,0.80,28.77,18,18,0,0.54,0.10,0.80,28.12,18,0,0
150592,0.37,0.30,0.40,30.11,18,18,0,0.01,-0.10,0.10,28.50,18,18,0,0.39,0.30,0.40,28.75,18,18,0,0.81,0.80,0.90,28.35,18,18,0,0.18,0.10,0.20,28.76,18,18,0,0.77,0.70,0.80,28.79,18,18,0,0.51,-0.10,0.80,28.11,18,0,0
151092,0.36,0.30,0.40,30.11,17,17,0,0.02,0.00,0.10,28.52,17,17,0,0.40,0.40,0.40,28.75,17,17,0,0.80,0.80,0.80,28.35,17,17,0,0.17,0.10,0.20,28.74,17,17,0,0.77,0.70,0.80,28.77,17,17,0,0.42,0.20,0.80,28.13,17,0,0
151605,0.36,0.30,0.40,30.09,18,18,0,0.04,-0.10,0.10,28.51,18,18,0,0.40,0.40,0.40,28.75,18,18,0,0.80,0.80,0.80,28.36,18,18,0,0.17,0.10,0.20,28.74,18,18,0,0.78,0.70,0.80,28.78,18,18,0,0.50,0.10,0.80,28.13,18,0,0
152105,0.36,0.30,0.40,30.12,17,17,0,0.02,-0.10,0.10,28.53,17,17,0,0.40,0.40,0.40,28.75,17,17,0,0.80,0.80,0.80,28.36,17,17,0,0.16,0.10,0.20,28.74,17,17,0,0.78,0.70,0.80,28.78,17,17,0,0.34,0.00,0.60,28.14,17,0,0
152618,0.36,0.30,0.40,30.12,18,18,0,0.01,-0.10,0.10,28.52,18,18,0,0.40,0.40,0.40,28.74,18,18,0,0.81,0.80,0.90,28.35,18,18,0,0.17,0.10,0.20,28.74,18,18,0,0.77,0.70,0.80,28.78,18,18,0,0.37,0.10,0.70,28.15,18,0,0
153118,0.35,0.30,0.40,30.13,17,17,0,0.05,-0.10,0.10,28.51,17,17,0,0.40,0.40,0.40,28.76,17,17,0,0.80,0.80,0.80,28.36,17,17,0,0.18,0.10,0.20,28.73,17,17,0,0.78,0.70,0.80,28.79,17,17,0,0.40,-0.20,0.80,28.12,17,0,0
153618,0.35,0.30,0.40,30.12,17,17,0,0.02,-0.10,0.10,28.52,17,17,0,0.40,0.40,0.40,28.76,17,17,0,0.81,0.80,0.90,28.34,17,17,0,0.18,0.10,0.20,28.75,17,17,0,0.78,0.70,0.80,28.78,17,17,0,0.32,-0.20,0.70,28.13,17,0,0
154118,0.35,0.30,0.40,30.12,17,17,0,0.05,0.00,0.10,28.51,17,17,0,0.39,0.30,0.40,28.76,17,17,0,0.79,0.70,0.80,28.35,17,17,0,0.19,0.10,0.20,28.74,17,17,0,0.77,0.70,0.80,28.76,17,17,0,0.42,0.10,0.80,28.13,17,0,0
154621,0.36,0.30,0.40,30.12,17,17,0,0.01,0.00,0.10,28.52,17,17,0,0.40,0.40,0.40,28.76,17,17,0,0.80,0.80,0.80,28.34,17,17,0,0.18,0.10,0.20,28.75,17,17,0,0.79,0.70,0.80,28.79,17,17,0,0.58,0.30,0.80,28.14,17,0,0
155130,0.35,0.30,0.40,30.14,17,17,0,0.03,0.00,0.10,28.52,17,17,0,0.40,0.40,0.40,28.76,17,17,0,0.80,0.80,0.80,28.35,17,17,0,0.19,0.10,0.20,28.73,17,17,0,0.78,0.70,0.80,28.77,17,17,0,0.65,0.20,1.00,28.15,17,0,0
155630,0.38,0.30,0.40,30.14,17,17,0,0.04,0.00,0.10,28.52,17,17,0,0.40,0.40,0.40,28.74,17,17,0,0.81,0.80,0.90,28.36,17,17,0,0.18,0.10,0.20,28.74,17,17,0,0.77,0.70,0.80,28.79,17,17,0,0.74,0.40,1.20,28.14,17,0,0
156130,0.35,0.30,0.40,30.13,17,17,0,0.02,-0.10,0.10,28.51,17,17,0,0.40,0.40,0.40,28.76,17,17,0,0.80,0.80,0.80,28.37,17,17,0,0.17,0.10,0.30,28.73,17,17,0,0.80,0.80,0.80,28.78,17,17,0,0.64,0.30,1.00,28.13,17,0,0
156643,0.37,0.30,0.40,30.12,18,18,0,0.03,0.00,0.10,28.51,18,18,0,0.39,0.30,0.40,28.75,18,18,0,0.80,0.80,0.80,28.37,18,18,0,0.18,0.10,0.20,28.75,18,18,0,0.78,0.70,0.80,28.78,18,18,0,0.39,-0.20,1.00,28.14,18,0,0
157143,0.34,0.30,0.40,30.13,17,17,0,0.03,0.00,0.10,28.52,17,17,0,0.40,0.40,0.40,28.76,17,17,0,0.81,0.80,0.90,28.37,17,17,0,0.16,0.10,0.20,28.76,17,17,0,0.76,0.70,0.80,28.79,17,17,0,0.39,-0.30,0.90,28.15,17,0,0
157656,0.34,0.30,0.40,30.12,18,18,0,0.02,0.00,0.10,28.54,18,18,0,0.39,0.30,0.40,28.75,18,18,0,0.81,0.80,0.90,28.39,18,18,0,0.18,0.10,0.20,28.76,18,18,0,0.79,0.70,0.80,28.79,18,18,0,0.49,-0.10,1.20,28.14,18,0,0
158156,0.35,0.30,0.40,30.12,17,17,0,0.03,0.00,0.10,28.53,17,17,0,0.40,0.40,0.40,28.77,17,17,0,0.80,0.80,0.80,28.35,17,17,0,0.19,0.10,0.20,28.74,17,17,0,0.79,0.70,0.80,28.79,17,17,0,0.52,-0.10,1.10,28.15,17,0,0
158669,0.33,0.30,0.40,30.15,18,18,0,0.03,0.00,0.10,28.54,18,18,0,0.39,0.30,0.40,28.77,18,18,0,0.79,0.70,0.80,28.36,18,18,0,0.18,0.10,0.20,28.76,18,18,0,0.79,0.70,0.80,28.79,18,18,0,0.32,-0.30,0.90,28.14,18,0,0
159169,0.35,0.30,0.40,30.14,17,17,0,0.04,0.00,0.10,28.54,17,17,0,0.40,0.40,0.40,28.76,17,17,0,0.80,0.70,0.90,28.36,17,17,0,0.18,0.10,0.20,28.76,17,17,0,0.78,0.70,0.80,28.80,17,17,0,0.20,-0.10,0.80,28.13,17,0,0
159669,0.33,0.30,0.40,30.13,17,17,0,0.03,0.00,0.10,28.52,17,17,0,0.40,0.40,0.40,28.77,17,17,0,0.81,0.80,0.90,28.35,17,17,0,0.16,0.10,0.30,28.75,17,17,0,0.78,0.70,0.80,28.79,17,17,0,0.32,0.00,0.60,28.15,17,0,0
160169,0.36,0.30,0.40,30.15,17,17,0,0.02,-0.10,0.10,28.52,17,17,0,0.39,0.30,0.40,28.76,17,17,0,0.81,0.80,0.90,28.37,17,17,0,0.15,0.10,0.20,28.76,17,17,0,0.78,0.70,0.80,28.80,17,17,0,0.51,0.20,0.90,28.14,17,0,0
160669,0.34,0.30,0.40,30.14,17,17,0,0.03,-0.10,0.10,28.52,17,17,0,0.39,0.30,0.40,28.77,17,17,0,0.79,0.70,0.80,28.36,17,17,0,0.18,0.10,0.20,28.76,17,17,0,0.77,0.70,0.80,28.79,17,17,0,0.92,0.50,1.30,28.16,17,0,0
161169,0.34,0.30,0.40,30.14,17,17,0,0.01,-0.10,0.10,28.54,17,17,0,0.40,0.40,0.40,28.79,17,17,0,0.80,0.80,0.80,28.36,17,17,0,0.18,0.10,0.20,28.76,17,17,0,0.77,0.70,0.80,28.78,17,17,0,0.34,-0.30,1.10,28.15,17,0,0
161682,0.34,0.30,0.40,30.15,18,18,0,0.02,0.00,0.10,28.54,18,18,0,0.38,0.30,0.40,28.78,18,18,0,0.80,0.80,0.80,28.36,18,18,0,0.17,0.10,0.20,28.74,18,18,0,0.78,0.70,0.80,28.81,18,18,0,0.36,-0.40,1.40,28.16,18,0,0
162193,0.37,0.30,0.40,30.14,17,17,0,0.02,0.00,0.10,28.55,17,17,0,0.39,0.30,0.40,28.79,17,17,0,0.80,0.80,0.80,28.38,17,17,0,0.18,0.10,0.20,28.75,17,17,0,0.76,0.70,0.80,28.81,17,17,0,0.45,-0.30,1.00,28.17,17,0,0
162693,0.34,0.30,0.40,30.14,17,17,0,0.04,-0.10,0.10,28.54,17,17,0,0.40,0.40,0.40,28.78,17,17,0,0.81,0.80,0.90,28.37,17,17,0,0.18,0.10,0.20,28.76,17,17,0,0.79,0.70,0.80,28.78,17,17,0,0.73,0.20,1.40,28.16,17,0,0
163195,0.35,0.30,0.40,30.14,17,17,0,0.01,-0.10,0.10,28.55,17,17,0,0.40,0.40,0.40,28.79,17,17,0,0.81,0.80,0.90,28.37,17,17,0,0.16,0.10,0.20,28.74,17,17,0,0.78,0.70,0.90,28.78,17,17,0,0.74,-0.20,1.60,28.18,17,0,0
163695,0.36,0.30,0.40,30.15,17,17,0,0.02,0.00,0.10,28.54,17,17,0,0.39,0.30,0.40,28.79,17,17,0,0.80,0.80,0.80,28.37,17,17,0,0.19,0.10,0.20,28.77,17,17,0,0.77,0.70,0.80,28.79,17,17,0,0.43,-0.50,1.50,28.15,17,0,0
164208,0.35,0.30,0.40,30.13,18,18,0,0.03,-0.10,0.10,28.54,18,18,0,0.39,0.30,0.40,28.78,18,18,0,0.80,0.80,0.80,28.37,18,18,0,0.18,0.10,0.20,28.75,18,18,0,0.77,0.70,0.80,28.82,18,18,0,0.37,-0.20,1.00,28.16,18,0,0
164708,0.36,0.30,0.40,30.15,18,18,0,0.03,-0.10,0.10,28.55,18,18,0,0.40,0.40,0.40,28.78,18,18,0,0.81,0.80,0.90,28.38,18,18,0,0.19,0.10,0.20,28.76,18,18,0,0.78,0.70,0.80,28.81,18,18,0,0.54,0.00,1.00,28.16,18,0,0
165215,0.36,0.30,0.40,30.16,17,17,0,0.02,0.00,0.10,28.55,17,17,0,0.39,0.30,0.40,28.79,17,17,0,0.81,0.80,0.90,28.37,17,17,0,0.15,0.10,0.20,28.75,17,17,0,0.77,0.70,0.80,28.80,17,17,0,0.49,0.10,1.00,28.18,17,0,0
165715,0.36,0.30,0.40,30.14,17,17,0,0.02,-0.10,0.10,28.55,17,17,0,0.40,0.40,0.40,28.77,17,17,0,0.80,0.80,0.80,28.37,17,17,0,0.17,0.10,0.20,28.77,17,17,0,0.79,0.70,0.80,28.79,17,17,0,0.35,-0.10,0.70,28.18,17,0,0
166215,0.36,0.30,0.40,30.14,17,17,0,0.01,-0.10,0.10,28.55,17,17,0,0.39,0.30,0.40,28.78,17,17,0,0.80,0.80,0.80,28.37,17,17,0,0.18,0.10,0.20,28.76,17,17,0,0.79,0.70,0.80,28.81,17,17,0,0.29,-0.40,0.90,28.18,17,0,0
166727,0.34,0.30,0.40,30.16,18,18,0,0.02,-0.10,0.10,28.54,18,18,0,0.40,0.40,0.40,28.79,18,18,0,0.80,0.80,0.80,28.38,18,18,0,0.17,0.10,0.20,28.78,18,18,0,0.77,0.70,0.80,28.80,18,18,0,0.47,-0.20,1.30,28.17,18,0,0
167230,0.36,0.30,0.40,30.16,17,17,0,0.02,0.00,0.10,28.55,17,17,0,0.39,0.30,0.40,28.78,17,17,0,0.81,0.80,0.90,28.38,17,17,0,0.17,0.10,0.20,28.78,17,17,0,0.77,0.70,0.80,28.81,17,17,0,0.63,-0.10,1.30,28.19,17,0,0
167730,0.35,0.30,0.40,30.15,17,17,0,0.04,-0.10,0.10,28.56,17,17,0,0.39,0.30,0.40,28.81,17,17,0,0.81,0.80,0.90,28.38,17,17,0,0.19,0.10,0.20,28.77,17,17,0,0.78,0.70,0.80,28.80,17,17,0,0.46,0.10,0.70,28.19,17,0,0
168230,0.34,0.30,0.40,30.16,17,17,0,0.03,0.00,0.10,28.55,17,17,0,0.38,0.30,0.40,28.81,17,17,0,0.81,0.80,0.90,28.37,17,17,0,0.17,0.10,0.20,28.76,17,17,0,0.78,0.70,0.80,28.81,17,17,0,0.41,-0.10,0.90,28.18,17,0,0
168730,0.35,0.30,0.40,30.14,17,17,0,0.04,0.00,0.10,28.54,17,17,0,0.39,0.30,0.40,28.79,17,17,0,0.81,0.80,0.90,28.38,17,17,0,0.18,0.10,0.20,28.78,17,17,0,0.77,0.70,0.80,28.82,17,17,0,0.42,0.10,0.80,28.19,17,0,0
169240,0.33,0.30,0.40,30.15,18,18,0,0.02,0.00,0.10,28.57,18,18,0,0.40,0.40,0.40,28.81,18,18,0,0.81,0.80,0.90,28.38,18,18,0,0.18,0.10,0.20,28.78,18,18,0,0.78,0.70,0.80,28.82,18,18,0,0.32,-0.20,0.80,28.18,18,0,0
169753,0.37,0.30,0.40,30.16,18,18,0,0.03,0.00,0.10,28.56,18,18,0,0.39,0.30,0.40,28.79,18,18,0,0.80,0.80,0.80,28.38,18,18,0,0.19,0.10,0.20,28.79,18,18,0,0.79,0.70,0.80,28.82,18,18,0,0.26,-0.40,0.90,28.20,18,0,0
170266,0.34,0.30,0.40,30.16,18,18,0,0.02,-0.10,0.10,28.56,18,18,0,0.39,0.30,0.40,28.82,18,18,0,0.80,0.80,0.80,28.38,18,18,0,0.18,0.10,0.20,28.78,18,18,0,0.78,0.70,0.80,28.80,18,18,0,0.43,-0.30,1.10,28.18,18,0,0
170766,0.36,0.30,0.40,30.15,17,17,0,0.04,0.00,0.10,28.56,17,17,0,0.39,0.30,0.40,28.79,17,17,0,0.81,0.80,0.90,28.39,17,17,0,0.19,0.10,0.20,28.78,17,17,0,0.78,0.70,0.80,28.81,17,17,0,0.57,0.30,1.10,28.19,17,0,0
171266,0.35,0.30,0.40,30.16,17,17,0,0.03,-0.10,0.10,28.56,17,17,0,0.40,0.40,0.40,28.80,17,17,0,0.80,0.80,0.80,28.38,17,17,0,0.18,0.10,0.20,28.77,17,17,0,0.78,0.70,0.80,28.80,17,17,0,0.73,0.40,1.10,28.20,17,0,0
171766,0.34,0.30,0.40,30.17,17,17,0,0.04,-0.10,0.10,28.56,17,17,0,0.40,0.40,0.40,28.80,17,17,0,0.80,0.80,0.80,28.38,17,17,0,0.18,0.10,0.20,28.78,17,17,0,0.77,0.70,0.80,28.83,17,17,0,0.93,0.30,1.50,28.19,17,0,0
172268,0.34,0.30,0.40,30.16,17,17,0,0.04,0.00,0.10,28.55,17,17,0,0.39,0.30,0.40,28.80,17,17,0,0.81,0.80,0.90,28.39,17,17,0,0.16,0.10,0.20,28.78,17,17,0,0.76,0.70,0.80,28.81,17,17,0,1.14,0.80,1.50,28.19,17,0,0
172780,0.35,0.30,0.40,30.18,18,18,0,0.01,-0.10,0.10,28.55,18,18,0,0.40,0.40,0.40,28.81,18,18,0,0.80,0.80,0.80,28.38,18,18,0,0.18,0.10,0.20,28.78,18,18,0,0.77,0.70,0.80,28.80,18,18,0,1.11,0.80,1.30,28.17,18,0,0
173281,0.34,0.30,0.40,30.17,17,17,0,0.03,0.00,0.10,28.55,17,17,0,0.40,0.40,0.40,28.79,17,17,0,0.81,0.80,0.90,28.38,17,17,0,0.18,0.10,0.20,28.79,17,17,0,0.79,0.70,0.80,28.81,17,17,0,1.11,0.30,2.10,28.20,17,0,0
173781,0.35,0.30,0.40,30.16,17,17,0,0.04,-0.10,0.10,28.56,17,17,0,0.40,0.40,0.40,28.81,17,17,0,0.80,0.80,0.80,28.38,17,17,0,0.16,0.10,0.20,28.78,17,17,0,0.79,0.70,0.80,28.81,17,17,0,0.79,0.10,1.50,28.20,17,0,0
174281,0.35,0.30,0.40,30.17,17,17,0,0.04,-0.10,0.10,28.57,17,17,0,0.39,0.30,0.40,28.81,17,17,0,0.81,0.80,0.90,28.38,17,17,0,0.19,0.10,0.20,28.77,17,17,0,0.78,0.70,0.80,28.82,17,17,0,0.62,0.10,1.10,28.19,17,0,0
174794,0.34,0.30,0.40,30.17,18,18,0,0.03,-0.10,0.10,28.56,18,18,0,0.39,0.30,0.40,28.82,18,18,0,0.80,0.80,0.80,28.39,18,18,0,0.18,0.10,0.20,28.78,18,18,0,0.78,0.70,0.80,28.82,18,18,0,0.69,-0.10,1.40,28.20,18,0,0
175294,0.34,0.30,0.40,30.17,17,17,0,0.03,0.00,0.10,28.55,17,17,0,0.40,0.40,0.40,28.82,17,17,0,0.80,0.80,0.80,28.39,17,17,0,0.18,0.10,0.20,28.79,17,17,0,0.76,0.70,0.80,28.82,17,17,0,0.78,-0.20,2.00,28.20,17,0,0
175807,0.36,0.30,0.40,30.18,18,18,0,0.02,-0.10,0.10,28.57,18,18,0,0.39,0.30,0.40,28.81,18,18,0,0.81,0.80,0.90,28.38,18,18,0,0.18,0.10,0.20,28.78,18,18,0,0.78,0.70,0.80,28.82,18,18,0,0.92,-0.20,2.20,28.20,18,0,0
176307,0.34,0.30,0.40,30.17,17,17,0,0.04,0.00,0.10,28.57,17,17,0,0.40,0.40,0.40,28.82,17,17,0,0.81,0.80,0.90,28.39,17,17,0,0.17,0.10,0.20,28.79,17,17,0,0.76,0.70,0.80,28.80,17,17,0,0.85,-0.50,2.00,28.21,17,0,0
176807,0.35,0.30,0.40,30.18,17,17,0,0.03,0.00,0.10,28.56,17,17,0,0.39,0.30,0.40,28.82,17,17,0,0.80,0.80,0.80,28.39,17,17,0,0.18,0.10,0.20,28.78,17,17,0,0.78,0.70,0.80,28.81,17,17,0,0.64,-0.50,1.90,28.20,17,0,0
177307,0.36,0.30,0.40,30.17,17,17,0,0.03,0.00,0.10,28.56,17,17,0,0.39,0.30,0.40,28.82,17,17,0,0.80,0.80,0.80,28.39,17,17,0,0.18,0.10,0.20,28.78,17,17,0,0.80,0.80,0.80,28.80,17,17,0,0.62,0.10,1.50,28.22,17,0,0
177807,0.35,0.30,0.40,30.18,17,17,0,0.04,-0.10,0.10,28.56,17,17,0,0.39,0.30,0.40,28.82,17,17,0,0.81,0.80,0.90,28.39,17,17,0,0.15,0.10,0.20,28.78,17,17,0,0.78,0.70,0.80,28.81,17,17,0,0.65,-0.10,1.30,28.22,17,0,0
178320,0.36,0.30,0.40,30.16,18,18,0,0.01,-0.10,0.10,28.56,18,18,0,0.37,0.30,0.40,28.81,18,18,0,0.81,0.80,0.90,28.40,18,18,0,0.16,0.10,0.20,28.77,18,18,0,0.77,0.70,0.80,28.82,18,18,0,0.69,0.10,1.20,28.21,18,0,0
178820,0.34,0.30,0.40,30.17,17,17,0,0.01,-0.10,0.10,28.57,17,17,0,0.39,0.30,0.40,28.84,17,17,0,0.80,0.80,0.80,28.39,17,17,0,0.19,0.10,0.20,28.79,17,17,0,0.78,0.70,0.80,28.82,17,17,0,0.65,-0.40,2.40,28.21,17,0,0
179326,0.36,0.30,0.40,30.17,17,17,0,0.03,-0.10,0.10,28.58,17,17,0,0.40,0.40,0.40,28.81,17,17,0,0.81,0.80,0.90,28.39,17,17,0,0.17,0.10,0.20,28.79,17,17,0,0.78,0.70,0.80,28.81,17,17,0,0.71,-0.20,1.40,28.22,17,0,0
179826,0.36,0.30,0.40,30.18,17,17,0,0.05,0.00,0.10,28.57,17,17,0,0.39,0.30,0.40,28.82,17,17,0,0.79,0.70,0.80,28.39,17,17,0,0.18,0.10,0.20,28.78,17,17,0,0.79,0.70,0.80,28.81,17,17,0,0.55,0.00,1.00,28.22,17,0,0
180326,0.34,0.30,0.40,30.18,17,17,0,0.03,0.00,0.10,28.57,17,17,0,0.38,0.30,0.40,28.83,17,17,0,0.81,0.80,0.90,28.41,17,17,0,0.18,0.10,0.20,28.78,17,17,0,0.79,0.70,0.80,28.83,17,17,0,0.68,0.40,1.10,28.21,17,0,0
180826,0.38,0.30,0.40,30.19,17,17,0,0.04,0.00,0.10,28.56,17,17,0,0.39,0.30,0.40,28.83,17,17,0,0.80,0.80,0.80,28.40,17,17,0,0.18,0.10,0.20,28.80,17,17,0,0.79,0.70,0.80,28.81,17,17,0,0.61,-0.20,1.50,28.21,17,0,0
181326,0.36,0.30,0.40,30.19,16,16,0,0.01,-0.10,0.10,28.58,16,16,0,0.39,0.30,0.40,28.84,16,16,0,0.81,0.80,0.90,28.38,16,16,0,0.19,0.10,0.20,28.79,16,16,0,0.79,0.70,0.80,28.82,16,16,0,0.62,-0.10,1.40,28.21,16,0,0
181832,0.34,0.30,0.40,30.18,18,18,0,0.01,-0.10,0.10,28.58,18,18,0,0.38,0.30,0.40,28.83,18,18,0,0.80,0.80,0.80,28.38,18,18,0,0.18,0.10,0.20,28.79,18,18,0,0.79,0.70,0.80,28.82,18,18,0,0.58,0.20,1.30,28.21,18,0,0
182332,0.33,0.30,0.40,30.19,17,17,0,0.02,0.00,0.10,28.59,17,17,0,0.40,0.40,0.40,28.85,17,17,0,0.81,0.80,0.90,28.39,17,17,0,0.17,0.10,0.20,28.79,17,17,0,0.78,0.70,0.80,28.82,17,17,0,0.41,-0.30,0.90,28.21,17,0,0
182832,0.33,0.30,0.40,30.17,17,17,0,0.04,0.00,0.10,28.58,17,17,0,0.40,0.40,0.40,28.83,17,17,0,0.81,0.80,0.90,28.41,17,17,0,0.18,0.10,0.20,28.80,17,17,0,0.77,0.70,0.80,28.81,17,17,0,0.49,-0.10,1.00,28.23,17,0,0
183332,0.35,0.30,0.40,30.19,17,17,0,0.03,0.00,0.10,28.58,17,17,0,0.38,0.30,0.40,28.84,17,17,0,0.80,0.80,0.80,28.39,17,17,0,0.16,0.10,0.20,28.79,17,17,0,0.78,0.70,0.80,28.82,17,17,0,0.72,-0.10,1.60,28.21,17,0,0
183833,0.36,0.30,0.40,30.19,17,17,0,0.01,-0.10,0.10,28.56,17,17,0,0.40,0.40,0.40,28.82,17,17,0,0.80,0.80,0.80,28.40,17,17,0,0.18,0.10,0.20,28.80,17,17,0,0.79,0.70,0.80,28.82,17,17,0,0.43,-0.80,1.70,28.24,17,0,0
184346,0.35,0.30,0.40,30.18,18,18,0,0.02,-0.10,0.10,28.59,18,18,0,0.40,0.40,0.40,28.83,18,18,0,0.80,0.70,0.90,28.41,18,18,0,0.19,0.10,0.20,28.79,18,18,0,0.77,0.70,0.80,28.83,18,18,0,0.57,-0.40,2.10,28.23,18,0,0
184859,0.37,0.30,0.40,30.19,18,18,0,0.06,0.00,0.10,28.58,18,18,0,0.39,0.30,0.40,28.84,18,18,0,0.80,0.80,0.80,28.40,18,18,0,0.17,0.10,0.20,28.80,18,18,0,0.78,0.70,0.80,28.83,18,18,0,0.56,-0.20,1.20,28.23,18,0,0
185359,0.36,0.30,0.40,30.18,17,17,0,0.05,-0.10,0.10,28.58,17,17,0,0.40,0.40,0.40,28.84,17,17,0,0.80,0.80,0.80,28.42,17,17,0,0.18,0.10,0.20,28.79,17,17,0,0.79,0.70,0.80,28.83,17,17,0,0.75,0.20,1.40,28.23,17,0,0
185872,0.34,0.30,0.40,30.19,18,18,0,0.03,-0.10,0.10,28.57,18,18,0,0.39,0.30,0.40,28.82,18,18,0,0.80,0.80,0.80,28.40,18,18,0,0.18,0.10,0.20,28.79,18,18,0,0.78,0.70,0.80,28.83,18,18,0,0.96,0.50,1.30,28.23,18,0,0
186376,0.37,0.30,0.40,30.19,17,17,0,0.03,-0.10,0.10,28.58,17,17,0,0.38,0.30,0.40,28.83,17,17,0,0.80,0.80,0.80,28.41,17,17,0,0.17,0.10,0.20,28.78,17,17,0,0.78,0.70,0.80,28.84,17,17,0,0.96,-0.20,2.40,28.25,17,0,0
186876,0.34,0.30,0.40,30.19,17,17,0,0.02,0.00,0.10,28.56,17,17,0,0.40,0.40,0.40,28.84,17,17,0,0.80,0.80,0.80,28.40,17,17,0,0.17,0.10,0.20,28.78,17,17,0,0.78,0.70,0.80,28.83,17,17,0,1.04,-0.10,1.70,28.21,17,0,0
187376,0.37,0.30,0.40,30.19,17,17,0,0.05,0.00,0.10,28.59,17,17,0,0.39,0.30,0.40,28.84,17,17,0,0.80,0.80,0.80,28.41,17,17,0,0.18,0.10,0.20,28.79,17,17,0,0.79,0.70,0.80,28.82,17,17,0,0.87,-0.50,2.30,28.24,17,0,0
187883,0.37,0.30,0.40,30.19,17,17,0,0.02,0.00,0.10,28.58,17,17,0,0.38,0.30,0.40,28.84,17,17,0,0.80,0.80,0.80,28.40,17,17,0,0.17,0.10,0.20,28.79,17,17,0,0.79,0.70,0.80,28.84,17,17,0,1.12,-1.10,2.90,28.22,17,0,0
188383,0.35,0.30,0.40,30.19,17,17,0,0.05,0.00,0.10,28.56,17,17,0,0.40,0.40,0.40,28.84,17,17,0,0.81,0.80,0.90,28.41,17,17,0,0.16,0.10,0.20,28.78,17,17,0,0.76,0.70,0.80,28.84,17,17,0,1.09,0.00,2.50,28.23,17,0,0
188883,0.35,0.30,0.40,30.18,17,17,0,0.01,-0.10,0.10,28.60,17,17,0,0.40,0.40,0.40,28.85,17,17,0,0.81,0.80,0.90,28.41,17,17,0,0.19,0.10,0.20,28.81,17,17,0,0.78,0.70,0.80,28.85,17,17,0,0.50,-0.90,1.30,28.25,17,0,0
189383,0.36,0.30,0.40,30.21,17,17,0,0.02,0.00,0.10,28.58,17,17,0,0.39,0.30,0.40,28.84,17,17,0,0.80,0.80,0.80,28.42,17,17,0,0.19,0.10,0.20,28.79,17,17,0,0.79,0.70,0.80,28.82,17,17,0,0.53,-0.40,1.70,28.23,17,0,0
189893,0.34,0.30,0.40,30.18,18,18,0,0.01,-0.10,0.10,28.57,18,18,0,0.39,0.30,0.40,28.83,18,18,0,0.81,0.80,0.90,28.42,18,18,0,0.19,0.10,0.20,28.79,18,18,0,0.78,0.70,0.80,28.83,18,18,0,-0.04,-0.90,0.80,28.24,18,0,0
190393,0.35,0.30,0.40,30.21,17,17,0,0.03,0.00,0.10,28.60,17,17,0,0.40,0.40,0.40,28.85,17,17,0,0.80,0.80,0.80,28.42,17,17,0,0.18,0.10,0.20,28.79,17,17,0,0.78,0.70,0.80,28.84,17,17,0,-0.45,-1.00,0.10,28.25,17,0,0
190893,0.38,0.30,0.40,30.20,17,17,0,0.02,-0.10,0.10,28.58,17,17,0,0.39,0.30,0.40,28.86,17,17,0,0.81,0.80,0.90,28.42,17,17,0,0.18,0.10,0.20,28.78,17,17,0,0.78,0.70,0.80,28.84,17,17,0,-0.08,-1.30,1.30,28.25,17,0,0
191393,0.34,0.30,0.40,30.20,17,17,0,0.04,-0.10,0.10,28.58,17,17,0,0.40,0.40,0.40,28.85,17,17,0,0.81,0.70,0.90,28.41,17,17,0,0.18,0.10,0.20,28.82,17,17,0,0.79,0.70,0.80,28.83,17,17,0,-0.58,-1.50,0.00,28.25,17,0,0
191893,0.36,0.30,0.40,30.20,17,17,0,0.01,-0.10,0.10,28.58,17,17,0,0.39,0.30,0.40,28.85,17,17,0,0.80,0.80,0.80,28.42,17,17,0,0.16,0.10,0.20,28.80,17,17,0,0.76,0.70,0.80,28.83,17,17,0,-0.78,-1.50,-0.20,28.25,17,0,0
192395,0.35,0.30,0.40,30.19,17,17,0,0.02,0.00,0.10,28.58,17,17,0,0.40,0.40,0.40,28.86,17,17,0,0.80,0.80,0.80,28.42,17,17,0,0.18,0.10,0.20,28.80,17,17,0,0.76,0.70,0.80,28.83,17,17,0,-0.27,-1.00,0.40,28.24,17,0,0
192895,0.34,0.30,0.40,30.19,18,18,0,0.02,-0.10,0.10,28.59,18,18,0,0.39,0.30,0.40,28.86,18,18,0,0.80,0.80,0.80,28.42,18,18,0,0.17,0.10,0.20,28.79,18,18,0,0.77,0.70,0.80,28.82,18,18,0,-0.62,-1.10,-0.10,28.25,18,0,0
193395,0.35,0.30,0.40,30.19,17,17,0,0.00,-0.10,0.10,28.58,17,17,0,0.39,0.30,0.40,28.85,17,17,0,0.80,0.80,0.80,28.41,17,17,0,0.15,0.10,0.20,28.81,17,17,0,0.78,0.70,0.80,28.83,17,17,0,-0.51,-1.60,0.20,28.26,17,0,0
193895,0.38,0.30,0.40,30.19,16,16,0,0.02,-0.10,0.10,28.58,16,16,0,0.39,0.30,0.40,28.86,16,16,0,0.80,0.80,0.80,28.40,16,16,0,0.19,0.10,0.20,28.80,16,16,0,0.78,0.70,0.80,28.83,16,16,0,-0.49,-1.40,0.10,28.25,16,0,0
194404,0.33,0.30,0.40,30.21,18,18,0,0.02,0.00,0.10,28.58,18,18,0,0.39,0.30,0.40,28.86,18,18,0,0.80,0.80,0.80,28.42,18,18,0,0.19,0.10,0.20,28.80,18,18,0,0.78,0.70,0.80,28.84,18,18,0,-0.28,-1.10,0.70,28.26,18,0,0
194904,0.35,0.30,0.40,30.21,17,17,0,0.03,0.00,0.10,28.58,17,17,0,0.39,0.30,0.40,28.86,17,17,0,0.80,0.80,0.80,28.43,17,17,0,0.18,0.10,0.20,28.78,17,17,0,0.78,0.70,0.80,28.84,17,17,0,-0.16,-1.00,1.10,28.24,17,0,0
195417,0.35,0.30,0.40,30.21,18,18,0,0.02,-0.10,0.10,28.60,18,18,0,0.39,0.30,0.40,28.86,18,18,0,0.81,0.80,0.90,28.43,18,18,0,0.18,0.10,0.20,28.81,18,18,0,0.78,0.70,0.80,28.84,18,18,0,0.37,-0.50,1.20,28.24,18,0,0
195917,0.35,0.30,0.40,30.20,17,17,0,0.02,-0.10,0.10,28.58,17,17,0,0.40,0.40,0.40,28.85,17,17,0,0.80,0.80,0.80,28.41,17,17,0,0.18,0.10,0.20,28.81,17,17,0,0.78,0.70,0.80,28.83,17,17,0,0.66,-0.60,1.80,28.24,17,0,0
196430,0.36,0.30,0.40,30.20,18,18,0,0.04,0.00,0.10,28.58,18,18,0,0.39,0.30,0.40,28.86,18,18,0,0.80,0.80,0.80,28.42,18,18,0,0.17,0.10,0.20,28.82,18,18,0,0.79,0.70,0.80,28.83,18,18,0,0.79,-0.60,2.10,28.26,18,0,0
196930,0.35,0.30,0.40,30.21,17,17,0,0.04,0.00,0.10,28.58,17,17,0,0.39,0.30,0.40,28.85,17,17,0,0.80,0.80,0.80,28.42,17,17,0,0.19,0.10,0.20,28.79,17,17,0,0.78,0.70,0.80,28.84,17,17,0,1.04,0.40,1.80,28.25,17,0,0
197436,0.37,0.30,0.40,30.22,17,17,0,0.02,-0.10,0.10,28.59,17,17,0,0.40,0.40,0.40,28.87,17,17,0,0.81,0.80,0.90,28.41,17,17,0,0.18,0.10,0.20,28.80,17,17,0,0.78,0.70,0.80,28.83,17,17,0,1.11,0.60,1.70,28.24,17,0,0
197936,0.35,0.30,0.40,30.21,17,17,0,0.02,-0.10,0.10,28.60,17,17,0,0.40,0.40,0.40,28.87,17,17,0,0.79,0.70,0.80,28.43,17,17,0,0.17,0.10,0.20,28.79,17,17,0,0.79,0.70,0.80,28.83,17,17,0,0.99,-0.10,2.10,28.25,17,0,0
198436,0.36,0.30,0.40,30.23,17,17,0,0.04,0.00,0.10,28.59,17,17,0,0.39,0.30,0.40,28.85,17,17,0,0.80,0.80,0.80,28.43,17,17,0,0.14,0.10,0.20,28.81,17,17,0,0.79,0.70,0.80,28.83,17,17,0,0.89,-0.10,1.90,28.23,17,0,0
198936,0.35,0.30,0.40,30.21,17,17,0,0.02,0.00,0.10,28.60,17,17,0,0.40,0.40,0.40,28.87,17,17,0,0.80,0.80,0.80,28.42,17,17,0,0.18,0.10,0.20,28.80,17,17,0,0.79,0.70,0.80,28.83,17,17,0,0.83,-0.20,2.40,28.24,17,0,0
199439,0.34,0.30,0.40,30.19,17,17,0,0.01,-0.10,0.10,28.60,17,17,0,0.39,0.30,0.40,28.87,17,17,0,0.80,0.80,0.80,28.41,17,17,0,0.16,0.10,0.20,28.81,17,17,0,0.77,0.70,0.80,28.83,17,17,0,0.74,-0.60,1.80,28.27,17,0,0
199940,0.37,0.30,0.40,30.22,17,17,0,0.05,0.00,0.10,28.59,17,17,0,0.39,0.30,0.40,28.88,17,17,0,0.81,0.80,0.90,28.42,17,17,0,0.18,0.10,0.20,28.81,17,17,0,0.76,0.70,0.80,28.84,17,17,0,0.73,0.30,1.30,28.27,17,0,0
200440,0.36,0.30,0.40,30.21,17,17,0,0.02,-0.10,0.10,28.59,17,17,0,0.39,0.30,0.40,28.85,17,17,0,0.80,0.80,0.80,28.42,17,17,0,0.16,0.10,0.20,28.82,17,17,0,0.77,0.70,0.80,28.83,17,17,0,0.58,0.10,1.10,28.27,17,0,0
200940,0.36,0.30,0.40,30.23,16,16,0,0.01,0.00,0.10,28.59,16,16,0,0.38,0.30,0.40,28.88,16,16,0,0.80,0.80,0.80,28.41,16,16,0,0.18,0.10,0.20,28.81,16,16,0,0.79,0.70,0.80,28.84,16,16,0,0.55,0.10,0.90,28.25,16,0,0
201446,0.36,0.30,0.40,30.20,18,18,0,0.03,0.00,0.10,28.59,18,18,0,0.38,0.30,0.40,28.87,18,18,0,0.80,0.80,0.80,28.42,18,18,0,0.19,0.10,0.20,28.82,18,18,0,0.78,0.70,0.80,28.84,18,18,0,0.44,-0.10,1.10,28.25,18,0,0
201959,0.36,0.30,0.40,30.25,18,18,0,0.03,0.00,0.10,28.60,18,18,0,0.38,0.30,0.40,28.87,18,18,0,0.81,0.80,0.90,28.42,18,18,0,0.18,0.10,0.20,28.80,18,18,0,0.77,0.70,0.80,28.84,18,18,0,0.06,-0.50,0.60,28.27,18,0,0
202459,0.34,0.30,0.40,30.21,17,17,0,0.03,-0.10,0.10,28.60,17,17,0,0.39,0.30,0.40,28.88,17,17,0,0.80,0.80,0.80,28.41,17,17,0,0.18,0.10,0.20,28.82,17,17,0,0.79,0.70,0.80,28.83,17,17,0,-0.01,-0.80,0.80,28.25,17,0,0
202959,0.35,0.30,0.40,30.22,17,17,0,0.02,-0.10,0.10,28.59,17,17,0,0.40,0.40,0.40,28.88,17,17,0,0.80,0.80,0.80,28.42,17,17,0,0.16,0.10,0.20,28.79,17,17,0,0.76,0.70,0.80,28.84,17,17,0,0.16,-0.70,1.20,28.26,17,0,0
203461,0.34,0.30,0.40,30.22,17,17,0,0.01,-0.10,0.10,28.60,17,17,0,0.39,0.30,0.40,28.88,17,17,0,0.81,0.80,0.90,28.41,17,17,0,0.18,0.10,0.20,28.80,17,17,0,0.78,0.70,0.80,28.84,17,17,0,0.24,-0.60,1.10,28.24,17,0,0
203974,0.34,0.30,0.40,30.21,18,18,0,0.04,0.00,0.10,28.61,18,18,0,0.38,0.30,0.40,28.89,18,18,0,0.80,0.80,0.80,28.43,18,18,0,0.16,0.10,0.20,28.82,18,18,0,0.79,0.70,0.80,28.84,18,18,0,0.23,-0.70,1.30,28.27,18,0,0
204484,0.35,0.30,0.40,30.22,18,18,0,0.04,0.00,0.10,28.62,18,18,0,0.39,0.30,0.40,28.88,18,18,0,0.80,0.80,0.80,28.41,18,18,0,0.16,0.10,0.20,28.82,18,18,0,0.77,0.70,0.80,28.86,18,18,0,0.22,-0.50,1.40,28.26,18,0,0
204997,0.35,0.30,0.40,30.22,18,18,0,0.02,-0.10,0.10,28.61,18,18,0,0.40,0.40,0.40,28.86,18,18,0,0.80,0.80,0.80,28.43,18,18,0,0.18,0.10,0.20,28.80,18,18,0,0.77,0.70,0.80,28.86,18,18,0,0.30,-0.70,1.70,28.27,18,0,0
205497,0.35,0.30,0.40,30.21,17,17,0,0.04,0.00,0.10,28.59,17,17,0,0.39,0.30,0.40,28.87,17,17,0,0.81,0.80,0.90,28.42,17,17,0,0.18,0.10,0.20,28.81,17,17,0,0.78,0.70,0.80,28.85,17,17,0,0.40,-0.10,0.90,28.27,17,0,0
205998,0.35,0.30,0.40,30.24,17,17,0,0.01,-0.10,0.10,28.60,17,17,0,0.40,0.40,0.40,28.89,17,17,0,0.80,0.80,0.80,28.44,17,17,0,0.19,0.10,0.20,28.81,17,17,0,0.78,0.70,0.80,28.84,17,17,0,0.48,-0.20,1.00,28.26,17,0,0
206498,0.34,0.30,0.40,30.22,17,17,0,0.03,-0.10,0.10,28.60,17,17,0,0.39,0.30,0.40,28.88,17,17,0,0.82,0.80,0.90,28.42,17,17,0,0.19,0.10,0.20,28.83,17,17,0,0.78,0.70,0.80,28.83,17,17,0,0.67,-0.10,1.40,28.27,17,0,0
206999,0.33,0.30,0.40,30.23,17,17,0,-0.02,-0.10,0.00,28.61,17,17,0,0.39,0.30,0.40,28.90,17,17,0,0.80,0.80,0.80,28.43,17,17,0,0.17,0.10,0.20,28.82,17,17,0,0.76,0.70,0.80,28.84,17,17,0,0.58,0.10,1.10,28.26,17,0,0
207505,0.35,0.30,0.40,30.20,17,17,0,0.02,-0.10,0.10,28.59,17,17,0,0.39,0.30,0.40,28.90,17,17,0,0.81,0.80,0.90,28.42,17,17,0,0.18,0.10,0.20,28.80,17,17,0,0.79,0.70,0.80,28.84,17,17,0,0.75,0.30,1.40,28.25,17,0,0
208005,0.38,0.30,0.40,30.21,17,17,0,0.02,0.00,0.10,28.60,17,17,0,0.39,0.30,0.40,28.90,17,17,0,0.81,0.80,0.90,28.44,17,17,0,0.18,0.10,0.20,28.81,17,17,0,0.80,0.80,0.80,28.85,17,17,0,1.07,0.60,1.80,28.30,17,0,0
208505,0.36,0.30,0.40,30.21,17,17,0,0.04,0.00,0.10,28.62,17,17,0,0.39,0.30,0.40,28.88,17,17,0,0.80,0.80,0.80,28.42,17,17,0,0.18,0.10,0.20,28.82,17,17,0,0.80,0.80,0.80,28.86,17,17,0,1.28,0.40,2.10,28.27,17,0,0
209005,0.35,0.30,0.40,30.23,17,17,0,0.01,-0.10,0.10,28.60,17,17,0,0.40,0.40,0.40,28.87,17,17,0,0.80,0.80,0.80,28.42,17,17,0,0.17,0.10,0.20,28.81,17,17,0,0.78,0.70,0.80,28.84,17,17,0,1.24,0.20,2.00,28.27,17,0,0
209505,0.34,0.30,0.40,30.21,17,17,0,0.03,0.00,0.10,28.59,17,17,0,0.40,0.40,0.40,28.87,17,17,0,0.81,0.80,0.90,28.45,17,17,0,0.18,0.10,0.20,28.82,17,17,0,0.78,0.70,0.80,28.85,17,17,0,1.00,0.00,2.10,28.26,17,0,0
210005,0.35,0.30,0.40,30.21,17,17,0,0.02,-0.10,0.10,28.60,17,17,0,0.39,0.30,0.40,28.89,17,17,0,0.80,0.80,0.80,28.43,17,17,0,0.17,0.10,0.20,28.80,17,17,0,0.78,0.70,0.80,28.85,17,17,0,0.94,0.10,1.80,28.29,17,0,0
210505,0.33,0.30,0.40,30.22,17,17,0,0.04,0.00,0.10,28.61,17,17,0,0.39,0.30,0.40,28.90,17,17,0,0.80,0.80,0.80,28.42,17,17,0,0.19,0.10,0.20,28.80,17,17,0,0.78,0.70,0.80,28.86,17,17,0,0.88,0.50,1.40,28.30,17,0,0
211005,0.34,0.30,0.40,30.23,17,17,0,0.01,-0.10,0.10,28.62,17,17,0,0.40,0.40,0.40,28.88,17,17,0,0.80,0.80,0.80,28.44,17,17,0,0.18,0.10,0.20,28.81,17,17,0,0.79,0.70,0.80,28.84,17,17,0,0.66,0.30,1.10,28.30,17,0,0
211518,0.34,0.30,0.40,30.22,18,18,0,0.04,0.00,0.10,28.62,18,18,0,0.39,0.30,0.40,28.89,18,18,0,0.80,0.80,0.80,28.44,18,18,0,0.17,0.10,0.20,28.83,18,18,0,0.78,0.70,0.80,28.84,18,18,0,0.49,-0.20,1.00,28.29,18,0,0
212018,0.35,0.30,0.40,30.21,17,17,0,0.03,-0.10,0.10,28.62,17,17,0,0.39,0.30,0.40,28.90,17,17,0,0.81,0.80,0.90,28.45,17,17,0,0.19,0.10,0.20,28.81,17,17,0,0.77,0.70,0.80,28.85,17,17,0,0.49,0.10,0.80,28.27,17,0,0
212531,0.36,0.30,0.40,30.25,18,18,0,0.03,0.00,0.10,28.62,18,18,0,0.39,0.30,0.40,28.89,18,18,0,0.80,0.80,0.80,28.45,18,18,0,0.18,0.10,0.20,28.82,18,18,0,0.78,0.70,0.80,28.83,18,18,0,0.62,-0.20,1.40,28.27,18,0,0
213031,0.35,0.30,0.40,30.22,17,17,0,0.01,-0.10,0.10,28.61,17,17,0,0.38,0.30,0.40,28.89,17,17,0,0.80,0.80,0.80,28.45,17,17,0,0.19,0.10,0.20,28.82,17,17,0,0.79,0.70,0.80,28.86,17,17,0,0.46,-0.10,1.00,28.28,17,0,0
213534,0.35,0.30,0.40,30.22,17,17,0,0.01,-0.10,0.10,28.61,17,17,0,0.39,0.30,0.40,28.89,17,17,0,0.80,0.80,0.80,28.46,17,17,0,0.18,0.10,0.20,28.82,17,17,0,0.77,0.70,0.80,28.85,17,17,0,0.39,0.10,0.90,28.29,17,0,0
214047,0.36,0.30,0.40,30.24,18,18,0,0.01,-0.10,0.10,28.61,18,18,0,0.39,0.30,0.40,28.90,18,18,0,0.79,0.70,0.80,28.45,18,18,0,0.18,0.10,0.20,28.84,18,18,0,0.79,0.70,0.80,28.85,18,18,0,0.42,-0.10,1.10,28.29,18,0,0
214547,0.34,0.30,0.40,30.24,17,17,0,0.04,0.00,0.10,28.62,17,17,0,0.40,0.40,0.40,28.90,17,17,0,0.80,0.80,0.80,28.43,17,17,0,0.18,0.10,0.20,28.82,17,17,0,0.76,0.70,0.80,28.86,17,17,0,0.25,-0.50,0.80,28.29,17,0,0
215047,0.35,0.30,0.40,30.23,17,17,0,0.02,-0.10,0.10,28.62,17,17,0,0.39,0.30,0.40,28.90,17,17,0,0.80,0.80,0.80,28.45,17,17,0,0.18,0.10,0.20,28.82,17,17,0,0.78,0.70,0.80,28.87,17,17,0,0.19,-0.40,0.60,28.28,17,0,0
215549,0.35,0.30,0.40,30.22,17,17,0,0.02,-0.10,0.10,28.64,17,17,0,0.40,0.40,0.40,28.88,17,17,0,0.80,0.80,0.80,28.43,17,17,0,0.15,0.10,0.20,28.82,17,17,0,0.79,0.70,0.80,28.86,17,17,0,0.10,-0.70,0.90,28.29,17,0,0
216053,0.38,0.30,0.40,30.24,17,17,0,0.02,-0.10,0.10,28.64,17,17,0,0.40,0.40,0.40,28.90,17,17,0,0.80,0.80,0.80,28.44,17,17,0,0.18,0.10,0.20,28.81,17,17,0,0.76,0.70,0.80,28.85,17,17,0,0.23,-0.70,0.90,28.29,17,0,0
216553,0.35,0.30,0.40,30.23,17,17,0,0.04,0.00,0.10,28.63,17,17,0,0.39,0.30,0.40,28.89,17,17,0,0.81,0.80,0.90,28.44,17,17,0,0.16,0.10,0.20,28.83,17,17,0,0.78,0.70,0.80,28.85,17,17,0,0.21,-0.40,0.90,28.30,17,0,0
217053,0.37,0.30,0.40,30.24,17,17,0,0.04,0.00,0.10,28.62,17,17,0,0.39,0.30,0.40,28.90,17,17,0,0.81,0.80,0.90,28.45,17,17,0,0.18,0.10,0.20,28.82,17,17,0,0.78,0.70,0.80,28.84,17,17,0,0.33,-0.10,0.60,28.29,17,0,0
217553,0.35,0.30,0.40,30.23,17,17,0,0.01,-0.10,0.10,28.62,17,17,0,0.40,0.40,0.40,28.90,17,17,0,0.81,0.80,0.90,28.45,17,17,0,0.18,0.10,0.20,28.83,17,17,0,0.76,0.70,0.80,28.86,17,17,0,0.38,0.10,0.70,28.30,17,0,0
218053,0.36,0.30,0.40,30.24,17,17,0,0.04,0.00,0.10,28.62,17,17,0,0.40,0.40,0.40,28.90,17,17,0,0.81,0.80,0.90,28.45,17,17,0,0.19,0.10,0.20,28.83,17,17,0,0.76,0.70,0.80,28.85,17,17,0,0.37,-0.10,0.80,28.30,17,0,0
218559,0.35,0.30,0.40,30.25,18,18,0,0.02,-0.10,0.10,28.61,18,18,0,0.40,0.40,0.40,28.90,18,18,0,0.80,0.80,0.80,28.44,18,18,0,0.17,0.10,0.20,28.84,18,18,0,0.78,0.70,0.80,28.85,18,18,0,0.32,-0.30,1.00,28.28,18,0,0
219072,0.36,0.30,0.40,30.24,18,18,0,0.02,-0.10,0.10,28.64,18,18,0,0.39,0.30,0.40,28.90,18,18,0,0.80,0.80,0.80,28.45,18,18,0,0.16,0.10,0.20,28.83,18,18,0,0.74,0.70,0.80,28.85,18,18,0,0.59,0.30,1.10,28.30,18,0,0
219574,0.36,0.30,0.40,30.24,17,17,0,0.02,-0.10,0.10,28.64,17,17,0,0.39,0.30,0.40,28.89,17,17,0,0.80,0.80,0.80,28.45,17,17,0,0.18,0.10,0.20,28.84,17,17,0,0.75,0.70,0.80,28.86,17,17,0,0.75,0.10,1.20,28.31,17,0,0
220074,0.35,0.30,0.40,30.23,17,17,0,0.02,-0.10,0.10,28.62,17,17,0,0.39,0.30,0.40,28.91,17,17,0,0.81,0.80,0.90,28.45,17,17,0,0.18,0.10,0.20,28.84,17,17,0,0.76,0.70,0.80,28.86,17,17,0,0.81,0.00,1.40,28.31,17,0,0
220584,0.32,0.30,0.40,30.24,17,17,0,0.03,-0.10,0.10,28.63,17,17,0,0.39,0.30,0.40,28.91,17,17,0,0.79,0.70,0.80,28.45,17,17,0,0.17,0.10,0.20,28.84,17,17,0,0.78,0.70,0.80,28.86,17,17,0,0.64,0.20,1.40,28.31,17,0,0
221097,0.35,0.30,0.40,30.24,18,18,0,0.01,0.00,0.10,28.62,18,18,0,0.40,0.40,0.40,28.91,18,18,0,0.81,0.80,0.90,28.46,18,18,0,0.17,0.10,0.20,28.84,18,18,0,0.78,0.70,0.80,28.87,18,18,0,0.57,0.10,1.20,28.30,18,0,0
221597,0.32,0.30,0.40,30.25,17,17,0,0.03,0.00,0.10,28.63,17,17,0,0.39,0.30,0.40,28.91,17,17,0,0.80,0.80,0.80,28.46,17,17,0,0.17,0.10,0.20,28.84,17,17,0,0.78,0.70,0.80,28.86,17,17,0,0.61,-0.50,1.50,28.30,17,0,0
222097,0.34,0.30,0.40,30.23,17,17,0,0.02,0.00,0.10,28.64,17,17,0,0.39,0.30,0.40,28.92,17,17,0,0.81,0.80,0.90,28.47,17,17,0,0.17,0.10,0.20,28.84,17,17,0,0.76,0.70,0.80,28.85,17,17,0,0.64,-0.20,1.40,28.29,17,0,0
222603,0.33,0.30,0.40,30.24,18,18,0,0.03,-0.10,0.10,28.62,18,18,0,0.39,0.30,0.40,28.92,18,18,0,0.80,0.80,0.80,28.46,18,18,0,0.17,0.10,0.20,28.84,18,18,0,0.77,0.70,0.80,28.87,18,18,0,0.49,-0.50,1.30,28.31,18,0,0
223103,0.34,0.30,0.40,30.23,17,17,0,0.03,-0.10,0.10,28.62,17,17,0,0.40,0.40,0.40,28.92,17,17,0,0.80,0.80,0.80,28.46,17,17,0,0.17,0.10,0.20,28.83,17,17,0,0.78,0.70,0.80,28.87,17,17,0,0.59,-0.40,1.70,28.31,17,0,0
223603,0.35,0.30,0.40,30.25,17,17,0,0.04,0.00,0.10,28.63,17,17,0,0.39,0.30,0.40,28.91,17,17,0,0.80,0.80,0.80,28.46,17,17,0,0.18,0.10,0.20,28.84,17,17,0,0.79,0.70,0.80,28.87,17,17,0,0.72,-0.10,1.40,28.28,17,0,0
224103,0.34,0.30,0.40,30.25,17,17,0,0.01,0.00,0.10,28.63,17,17,0,0.39,0.30,0.40,28.91,17,17,0,0.80,0.80,0.80,28.46,17,17,0,0.16,0.10,0.20,28.84,17,17,0,0.78,0.70,0.80,28.86,17,17,0,0.60,-0.20,1.50,28.30,17,0,0
224616,0.34,0.30,0.40,30.23,18,18,0,0.02,0.00,0.10,28.63,18,18,0,0.40,0.40,0.40,28.90,18,18,0,0.81,0.80,0.90,28.47,18,18,0,0.17,0.10,0.20,28.84,18,18,0,0.77,0.70,0.80,28.86,18,18,0,0.49,-1.70,6.00,28.31,18,0,0
225116,0.36,0.30,0.40,30.25,17,17,0,0.01,-0.10,0.10,28.63,17,17,0,0.38,0.30,0.40,28.93,17,17,0,0.80,0.80,0.80,28.47,17,17,0,0.18,0.10,0.30,28.85,17,17,0,0.77,0.70,0.80,28.87,17,17,0,0.11,-0.90,1.40,28.31,17,0,0
225622,0.34,0.30,0.40,30.24,17,17,0,0.02,-0.10,0.10,28.64,17,17,0,0.39,0.30,0.40,28.92,17,17,0,0.81,0.80,0.90,28.48,17,17,0,0.18,0.10,0.20,28.83,17,17,0,0.76,0.70,0.80,28.87,17,17,0,0.27,-0.60,1.30,28.32,17,0,0
226122,0.36,0.30,0.40,30.25,17,17,0,0.05,0.00,0.10,28.64,17,17,0,0.38,0.30,0.40,28.92,17,17,0,0.80,0.80,0.80,28.47,17,17,0,0.17,0.10,0.20,28.85,17,17,0,0.79,0.70,0.80,28.87,17,17,0,0.36,-2.80,2.90,28.31,17,0,0
226629,0.34,0.30,0.40,30.23,17,17,0,0.02,0.00,0.10,28.64,17,17,0,0.39,0.30,0.40,28.91,17,17,0,0.80,0.80,0.80,28.45,17,17,0,0.16,0.10,0.20,28.85,17,17,0,0.78,0.70,0.80,28.87,17,17,0,0.41,-2.00,2.90,28.31,17,0,0
227129,0.33,0.30,0.40,30.24,17,17,0,0.02,0.00,0.10,28.64,17,17,0,0.39,0.30,0.40,28.92,17,17,0,0.81,0.80,0.90,28.46,17,17,0,0.19,0.10,0.20,28.84,17,17,0,0.77,0.70,0.80,28.89,17,17,0,0.41,-1.50,2.80,28.29,17,0,0
227640,0.35,0.30,0.40,30.23,18,18,0,0.03,-0.10,0.10,28.63,18,18,0,0.40,0.40,0.40,28.91,18,18,0,0.81,0.80,0.90,28.46,18,18,0,0.18,0.10,0.20,28.83,18,18,0,0.77,0.70,0.80,28.88,18,18,0,0.70,-0.40,1.90,28.33,18,0,0
228144,0.34,0.30,0.40,30.24,17,17,0,0.02,-0.10,0.10,28.64,17,17,0,0.38,0.30,0.40,28.93,17,17,0,0.81,0.80,0.90,28.47,17,17,0,0.17,0.10,0.20,28.83,17,17,0,0.76,0.70,0.80,28.87,17,17,0,0.70,-0.20,1.60,28.32,17,0,0
228657,0.35,0.30,0.40,30.25,18,18,0,0.01,0.00,0.10,28.63,18,18,0,0.38,0.30,0.40,28.90,18,18,0,0.81,0.80,0.90,28.47,18,18,0,0.19,0.10,0.20,28.84,18,18,0,0.77,0.70,0.80,28.87,18,18,0,0.61,-0.50,1.50,28.32,18,0,0
229157,0.36,0.30,0.40,30.25,17,17,0,0.02,-0.10,0.10,28.65,17,17,0,0.40,0.40,0.40,28.92,17,17,0,0.80,0.80,0.80,28.48,17,17,0,0.17,0.10,0.20,28.85,17,17,0,0.78,0.70,0.80,28.86,17,17,0,0.31,-0.60,1.10,28.32,17,0,0
229657,0.35,0.30,0.40,30.25,17,17,0,0.02,0.00,0.10,28.67,17,17,0,0.40,0.40,0.40,28.91,17,17,0,0.80,0.80,0.80,28.46,17,17,0,0.19,0.10,0.20,28.84,17,17,0,0.78,0.70,0.80,28.86,17,17,0,0.17,-0.40,0.60,28.32,17,0,0
230158,0.33,0.30,0.40,30.25,17,17,0,0.04,-0.10,0.10,28.65,17,17,0,0.39,0.30,0.40,28.92,17,17,0,0.79,0.70,0.80,28.46,17,17,0,0.19,0.10,0.20,28.85,17,17,0,0.78,0.70,0.80,28.88,17,17,0,0.18,-0.50,0.70,28.33,17,0,0
230664,0.34,0.30,0.40,30.24,18,18,0,0.03,-0.10,0.10,28.64,18,18,0,0.40,0.40,0.40,28.91,18,18,0,0.81,0.80,0.90,28.46,18,18,0,0.18,0.10,0.20,28.83,18,18,0,0.78,0.70,0.80,28.88,18,18,0,0.39,-0.20,1.10,28.30,18,0,0
231177,0.35,0.30,0.40,30.26,18,18,0,0.03,-0.10,0.10,28.65,18,18,0,0.40,0.40,0.40,28.92,18,18,0,0.80,0.80,0.80,28.48,18,18,0,0.17,0.10,0.20,28.86,18,18,0,0.77,0.70,0.80,28.88,18,18,0,0.47,0.00,1.10,28.33,18,0,0
231679,0.33,0.30,0.40,30.25,17,17,0,0.02,0.00,0.10,28.64,17,17,0,0.39,0.30,0.40,28.92,17,17,0,0.80,0.80,0.80,28.46,17,17,0,0.15,0.10,0.20,28.83,17,17,0,0.79,0.70,0.80,28.88,17,17,0,0.59,0.10,1.40,28.32,17,0,0
232179,0.36,0.30,0.40,30.24,17,17,0,0.02,-0.10,0.10,28.63,17,17,0,0.38,0.30,0.40,28.92,17,17,0,0.81,0.80,0.90,28.47,17,17,0,0.16,0.10,0.20,28.83,17,17,0,0.78,0.70,0.80,28.87,17,17,0,0.61,0.10,1.30,28.34,17,0,0
232679,0.33,0.30,0.40,30.26,17,17,0,0.05,0.00,0.10,28.64,17,17,0,0.40,0.40,0.40,28.94,17,17,0,0.79,0.70,0.80,28.49,17,17,0,0.16,0.10,0.20,28.84,17,17,0,0.78,0.70,0.80,28.89,17,17,0,0.70,0.10,1.30,28.31,17,0,0
233179,0.35,0.30,0.40,30.25,17,17,0,0.03,-0.10,0.10,28.65,17,17,0,0.38,0.30,0.40,28.92,17,17,0,0.81,0.80,0.90,28.49,17,17,0,0.17,0.10,0.20,28.84,17,17,0,0.78,0.70,0.80,28.88,17,17,0,0.73,0.30,1.20,28.33,17,0,0
233685,0.35,0.30,0.40,30.24,18,18,0,0.03,0.00,0.10,28.64,18,18,0,0.39,0.30,0.40,28.93,18,18,0,0.80,0.80,0.80,28.48,18,18,0,0.19,0.10,0.20,28.87,18,18,0,0.76,0.70,0.80,28.88,18,18,0,0.63,-0.10,1.20,28.32,18,0,0
234185,0.34,0.30,0.40,30.24,17,17,0,0.04,-0.10,0.10,28.66,17,17,0,0.39,0.30,0.40,28.92,17,17,0,0.81,0.80,0.90,28.49,17,17,0,0.18,0.10,0.20,28.85,17,17,0,0.79,0.70,0.80,28.88,17,17,0,0.68,-0.10,1.10,28.31,17,0,0
234685,0.34,0.30,0.40,30.26,17,17,0,0.04,-0.10,0.10,28.64,17,17,0,0.39,0.30,0.40,28.91,17,17,0,0.80,0.80,0.80,28.50,17,17,0,0.16,0.10,0.20,28.86,17,17,0,0.77,0.70,0.80,28.89,17,17,0,0.64,0.10,1.00,28.30,17,0,0
235185,0.33,0.30,0.40,30.26,17,17,0,0.01,-0.10,0.10,28.65,17,17,0,0.40,0.40,0.40,28.92,17,17,0,0.80,0.80,0.80,28.49,17,17,0,0.16,0.10,0.20,28.84,17,17,0,0.78,0.70,0.80,28.88,17,17,0,0.61,0.10,1.50,28.30,17,0,0
235691,0.35,0.30,0.40,30.25,18,18,0,0.03,-0.10,0.10,28.66,18,18,0,0.40,0.40,0.40,28.94,18,18,0,0.80,0.80,0.80,28.47,18,18,0,0.16,0.10,0.20,28.85,18,18,0,0.78,0.70,0.80,28.89,18,18,0,0.62,-0.10,1.20,28.34,18,0,0
236191,0.35,0.30,0.40,30.27,17,17,0,0.05,0.00,0.10,28.64,17,17,0,0.39,0.30,0.40,28.93,17,17,0,0.81,0.80,0.90,28.49,17,17,0,0.18,0.10,0.20,28.84,17,17,0,0.77,0.70,0.80,28.89,17,17,0,0.56,0.10,0.90,28.32,17,0,0
236704,0.33,0.30,0.40,30.28,18,18,0,0.02,-0.10,0.10,28.65,18,18,0,0.39,0.30,0.40,28.92,18,18,0,0.80,0.80,0.80,28.51,18,18,0,0.17,0.10,0.20,28.86,18,18,0,0.76,0.70,0.80,28.88,18,18,0,0.67,0.40,1.00,28.33,18,0,0
237217,0.35,0.30,0.40,30.27,18,18,0,0.02,-0.10,0.10,28.66,18,18,0,0.40,0.40,0.40,28.94,18,18,0,0.80,0.80,0.80,28.49,18,18,0,0.17,0.10,0.20,28.85,18,18,0,0.77,0.70,0.80,28.87,18,18,0,0.66,0.20,1.30,28.32,18,0,0
237717,0.34,0.30,0.40,30.25,17,17,0,0.04,0.00,0.10,28.65,17,17,0,0.39,0.30,0.40,28.95,17,17,0,0.80,0.80,0.80,28.48,17,17,0,0.17,0.10,0.20,28.86,17,17,0,0.78,0.70,0.80,28.87,17,17,0,0.54,-0.30,1.20,28.33,17,0,0
238217,0.33,0.30,0.40,30.25,17,17,0,0.05,0.00,0.10,28.66,17,17,0,0.39,0.30,0.40,28.93,17,17,0,0.80,0.80,0.80,28.48,17,17,0,0.16,0.10,0.20,28.87,17,17,0,0.77,0.70,0.80,28.88,17,17,0,0.64,0.10,1.00,28.32,17,0,0
238718,0.34,0.30,0.40,30.28,17,17,0,0.02,0.00,0.10,28.65,17,17,0,0.39,0.30,0.40,28.93,17,17,0,0.81,0.80,0.90,28.49,17,17,0,0.18,0.10,0.20,28.86,17,17,0,0.76,0.70,0.80,28.89,17,17,0,0.99,0.60,1.40,28.31,17,0,0
239218,0.36,0.30,0.40,30.26,17,17,0,0.04,-0.10,0.10,28.65,17,17,0,0.36,0.30,0.40,28.93,17,17,0,0.80,0.80,0.80,28.50,17,17,0,0.16,0.10,0.20,28.86,17,17,0,0.78,0.70,0.80,28.88,17,17,0,0.94,0.50,1.40,28.32,17,0,0
239718,0.35,0.30,0.40,30.27,17,17,0,0.03,-0.10,0.10,28.65,17,17,0,0.39,0.30,0.40,28.94,17,17,0,0.80,0.80,0.80,28.49,17,17,0,0.18,0.10,0.20,28.86,17,17,0,0.78,0.70,0.80,28.91,17,17,0,0.91,0.10,1.60,28.32,17,0,0
240224,0.36,0.30,0.40,30.25,17,17,0,0.01,-0.10,0.10,28.67,17,17,0,0.38,0.30,0.40,28.92,17,17,0,0.80,0.80,0.80,28.49,17,17,0,0.16,0.10,0.20,28.86,17,17,0,0.78,0.70,0.80,28.88,17,17,0,0.76,0.00,1.30,28.34,17,0,0
240724,0.35,0.30,0.40,30.26,17,17,0,0.04,0.00,0.10,28.66,17,17,0,0.39,0.30,0.40,28.94,17,17,0,0.81,0.80,0.90,28.49,17,17,0,0.16,0.10,0.20,28.87,17,17,0,0.78,0.70,0.80,28.90,17,17,0,0.62,0.10,0.90,28.33,17,0,0
241224,0.34,0.30,0.40,30.24,17,17,0,0.01,-0.10,0.10,28.66,17,17,0,0.39,0.30,0.40,28.94,17,17,0,0.81,0.80,0.90,28.49,17,17,0,0.16,0.10,0.20,28.87,17,17,0,0.79,0.70,0.80,28.88,17,17,0,0.63,-0.20,1.40,28.33,17,0,0
241724,0.35,0.30,0.40,30.28,17,17,0,0.02,-0.10,0.10,28.65,17,17,0,0.39,0.30,0.40,28.94,17,17,0,0.81,0.80,0.90,28.49,17,17,0,0.16,0.10,0.20,28.86,17,17,0,0.79,0.70,0.80,28.88,17,17,0,0.64,-0.50,2.00,28.34,17,0,0
242230,0.38,0.30,0.40,30.27,18,18,0,0.02,-0.10,0.10,28.67,18,18,0,0.39,0.30,0.40,28.93,18,18,0,0.79,0.70,0.80,28.48,18,18,0,0.19,0.10,0.20,28.86,18,18,0,0.77,0.70,0.80,28.89,18,18,0,0.67,-0.30,1.80,28.33,18,0,0
242730,0.34,0.30,0.40,30.27,17,17,0,0.03,0.00,0.10,28.67,17,17,0,0.39,0.30,0.40,28.94,17,17,0,0.80,0.80,0.80,28.51,17,17,0,0.17,0.10,0.20,28.87,17,17,0,0.80,0.80,0.80,28.89,17,17,0,0.82,-1.00,2.20,28.32,17,0,0
243230,0.35,0.30,0.40,30.28,17,17,0,0.02,-0.10,0.10,28.66,17,17,0,0.39,0.30,0.40,28.94,17,17,0,0.80,0.80,0.80,28.50,17,17,0,0.19,0.10,0.20,28.88,17,17,0,0.79,0.70,0.80,28.89,17,17,0,0.78,-1.50,3.00,28.32,17,0,0
243730,0.36,0.30,0.40,30.27,17,17,0,0.02,0.00,0.10,28.66,17,17,0,0.39,0.30,0.40,28.94,17,17,0,0.81,0.80,0.90,28.50,17,17,0,0.17,0.10,0.20,28.87,17,17,0,0.76,0.70,0.80,28.88,17,17,0,0.43,-1.40,2.40,28.33,17,0,0
244230,0.35,0.30,0.40,30.27,17,17,0,0.01,-0.10,0.10,28.68,17,17,0,0.39,0.30,0.40,28.93,17,17,0,0.80,0.80,0.80,28.50,17,17,0,0.18,0.10,0.20,28.86,17,17,0,0.79,0.70,0.80,28.88,17,17,0,0.59,-0.50,2.00,28.33,17,0,0
244730,0.35,0.30,0.40,30.27,17,17,0,0.03,0.00,0.10,28.67,17,17,0,0.40,0.40,0.40,28.94,17,17,0,0.80,0.80,0.80,28.49,17,17,0,0.16,0.10,0.20,28.87,17,17,0,0.77,0.70,0.80,28.88,17,17,0,0.71,-0.20,1.40,28.34,17,0,0
245243,0.34,0.30,0.40,30.27,18,18,0,0.02,-0.10,0.10,28.67,18,18,0,0.37,0.30,0.40,28.94,18,18,0,0.80,0.80,0.80,28.49,18,18,0,0.17,0.10,0.20,28.87,18,18,0,0.77,0.70,0.80,28.89,18,18,0,0.74,-0.10,1.60,28.34,18,0,0
245743,0.35,0.30,0.40,30.26,17,17,0,0.04,0.00,0.10,28.68,17,17,0,0.38,0.30,0.40,28.95,17,17,0,0.81,0.80,0.90,28.50,17,17,0,0.17,0.10,0.20,28.88,17,17,0,0.77,0.70,0.80,28.88,17,17,0,0.86,0.20,1.60,28.34,17,0,0
246244,0.34,0.30,0.40,30.29,17,17,0,0.01,-0.10,0.10,28.67,17,17,0,0.39,0.30,0.40,28.95,17,17,0,0.80,0.80,0.80,28.50,17,17,0,0.17,0.10,0.20,28.86,17,17,0,0.77,0.70,0.80,28.88,17,17,0,0.92,0.20,1.60,28.35,17,0,0
246757,0.34,0.30,0.40,30.28,18,18,0,0.03,0.00,0.10,28.67,18,18,0,0.39,0.30,0.40,28.95,18,18,0,0.80,0.80,0.80,28.50,18,18,0,0.18,0.10,0.20,28.86,18,18,0,0.79,0.70,0.80,28.89,18,18,0,0.84,-0.60,2.30,28.33,18,0,0
247257,0.36,0.30,0.40,30.27,17,17,0,0.03,-0.10,0.10,28.66,17,17,0,0.39,0.30,0.40,28.94,17,17,0,0.80,0.80,0.80,28.51,17,17,0,0.18,0.10,0.20,28.87,17,17,0,0.77,0.70,0.80,28.88,17,17,0,0.85,0.20,1.50,28.35,17,0,0
247760,0.34,0.30,0.40,30.27,17,17,0,0.02,0.00,0.10,28.65,17,17,0,0.39,0.30,0.40,28.94,17,17,0,0.81,0.80,0.90,28.51,17,17,0,0.16,0.10,0.20,28.85,17,17,0,0.78,0.70,0.80,28.89,17,17,0,0.94,0.40,1.40,28.34,17,0,0
248260,0.33,0.30,0.40,30.27,17,17,0,0.05,0.00,0.10,28.67,17,17,0,0.40,0.40,0.40,28.94,17,17,0,0.80,0.80,0.80,28.50,17,17,0,0.17,0.10,0.20,28.86,17,17,0,0.78,0.70,0.80,28.88,17,17,0,0.92,0.20,1.70,28.36,17,0,0
248760,0.34,0.30,0.40,30.27,17,17,0,0.03,-0.10,0.10,28.68,17,17,0,0.38,0.30,0.40,28.96,17,17,0,0.80,0.80,0.80,28.50,17,17,0,0.17,0.10,0.20,28.85,17,17,0,0.78,0.70,0.80,28.88,17,17,0,0.81,0.30,1.50,28.35,17,0,0
249260,0.36,0.30,0.40,30.26,17,17,0,0.03,-0.10,0.10,28.67,17,17,0,0.39,0.30,0.40,28.96,17,17,0,0.81,0.80,0.90,28.51,17,17,0,0.17,0.10,0.20,28.87,17,17,0,0.77,0.70,0.80,28.90,17,17,0,0.61,0.30,1.00,28.34,17,0,0
249762,0.35,0.30,0.40,30.29,17,17,0,0.04,0.00,0.10,28.68,17,17,0,0.39,0.30,0.40,28.94,17,17,0,0.80,0.80,0.80,28.50,17,17,0,0.18,0.10,0.20,28.86,17,17,0,0.76,0.70,0.80,28.90,17,17,0,0.56,-0.20,1.30,28.35,17,0,0
250262,0.34,0.30,0.40,30.28,17,17,0,0.02,-0.10,0.10,28.69,17,17,0,0.39,0.30,0.40,28.95,17,17,0,0.80,0.80,0.80,28.51,17,17,0,0.18,0.10,0.20,28.86,17,17,0,0.79,0.70,0.80,28.89,17,17,0,0.51,-0.10,1.20,28.35,17,0,0
250762,0.35,0.30,0.40,30.27,17,17,0,0.01,0.00,0.10,28.68,17,17,0,0.38,0.30,0.40,28.95,17,17,0,0.80,0.80,0.80,28.51,17,17,0,0.18,0.10,0.20,28.88,17,17,0,0.74,0.70,0.80,28.90,17,17,0,0.49,0.20,1.00,28.35,17,0,0
251262,0.35,0.30,0.40,30.28,17,17,0,0.03,0.00,0.10,28.67,17,17,0,0.40,0.40,0.40,28.96,17,17,0,0.80,0.80,0.80,28.50,17,17,0,0.17,0.10,0.20,28.87,17,17,0,0.76,0.70,0.80,28.90,17,17,0,0.38,-0.50,1.20,28.35,17,0,0
251771,0.35,0.30,0.40,30.28,17,17,0,0.02,0.00,0.10,28.67,17,17,0,0.39,0.30,0.40,28.95,17,17,0,0.80,0.80,0.80,28.50,17,17,0,0.18,0.10,0.20,28.87,17,17,0,0.78,0.70,0.80,28.89,17,17,0,0.34,-0.10,1.20,28.35,17,0,0
252271,0.35,0.30,0.40,30.28,17,17,0,0.02,-0.10,0.10,28.69,17,17,0,0.40,0.40,0.40,28.96,17,17,0,0.80,0.80,0.80,28.51,17,17,0,0.16,0.10,0.20,28.88,17,17,0,0.78,0.70,0.80,28.90,17,17,0,0.42,-0.20,1.30,28.35,17,0,0
252771,0.35,0.30,0.40,30.28,17,17,0,0.03,0.00,0.10,28.69,17,17,0,0.39,0.30,0.40,28.95,17,17,0,0.80,0.70,0.90,28.49,17,17,0,0.19,0.10,0.20,28.85,17,17,0,0.79,0.70,0.80,28.90,17,17,0,0.55,-0.10,1.40,28.35,17,0,0
253271,0.36,0.30,0.40,30.29,17,17,0,0.02,0.00,0.10,28.69,17,17,0,0.39,0.30,0.40,28.95,17,17,0,0.79,0.70,0.80,28.50,17,17,0,0.16,0.10,0.20,28.87,17,17,0,0.78,0.70,0.80,28.90,17,17,0,0.48,-0.70,1.60,28.34,17,0,0
253777,0.34,0.30,0.40,30.27,18,18,0,0.02,-0.10,0.10,28.69,18,18,0,0.39,0.30,0.40,28.95,18,18,0,0.80,0.80,0.80,28.50,18,18,0,0.17,0.10,0.20,28.87,18,18,0,0.78,0.70,0.80,28.89,18,18,0,0.58,-0.50,1.40,28.36,18,0,0
254277,0.36,0.30,0.40,30.28,17,17,0,-0.01,-0.10,0.10,28.69,17,17,0,0.39,0.30,0.40,28.96,17,17,0,0.80,0.80,0.80,28.51,17,17,0,0.18,0.10,0.20,28.86,17,17,0,0.76,0.70,0.80,28.89,17,17,0,0.55,-0.80,2.60,28.36,17,0,0
254779,0.35,0.30,0.40,30.29,17,17,0,0.02,0.00,0.10,28.68,17,17,0,0.40,0.40,0.40,28.95,17,17,0,0.80,0.80,0.80,28.52,17,17,0,0.18,0.10,0.20,28.87,17,17,0,0.77,0.70,0.80,28.92,17,17,0,0.66,-0.20,1.80,28.35,17,0,0
255280,0.36,0.30,0.40,30.29,17,17,0,0.03,0.00,0.10,28.67,17,17,0,0.39,0.30,0.40,28.96,17,17,0,0.80,0.80,0.80,28.50,17,17,0,0.19,0.10,0.20,28.88,17,17,0,0.76,0.70,0.80,28.90,17,17,0,0.65,-1.00,2.10,28.35,17,0,0
255780,0.36,0.30,0.40,30.29,17,17,0,0.02,-0.10,0.10,28.68,17,17,0,0.39,0.30,0.40,28.97,17,17,0,0.81,0.70,0.90,28.50,17,17,0,0.17,0.10,0.20,28.85,17,17,0,0.77,0.70,0.80,28.91,17,17,0,0.59,-0.80,1.90,28.36,17,0,0
256293,0.34,0.30,0.40,30.27,18,18,0,0.02,0.00,0.10,28.67,18,18,0,0.39,0.30,0.40,28.96,18,18,0,0.80,0.80,0.80,28.51,18,18,0,0.18,0.10,0.20,28.88,18,18,0,0.77,0.70,0.80,28.91,18,18,0,0.52,0.20,1.30,28.36,18,0,0
256793,0.35,0.30,0.40,30.29,17,17,0,0.02,0.00,0.10,28.67,17,17,0,0.39,0.30,0.40,28.97,17,17,0,0.80,0.80,0.80,28.52,17,17,0,0.18,0.10,0.20,28.87,17,17,0,0.78,0.70,0.80,28.91,17,17,0,0.49,-0.30,0.90,28.36,17,0,0
257303,0.34,0.30,0.40,30.30,18,18,0,0.02,-0.10,0.10,28.69,18,18,0,0.39,0.30,0.40,28.96,18,18,0,0.80,0.80,0.80,28.52,18,18,0,0.20,0.20,0.20,28.88,18,18,0,0.77,0.70,0.80,28.92,18,18,0,0.51,-0.30,1.20,28.35,18,0,0
257803,0.35,0.30,0.40,30.29,17,17,0,0.04,0.00,0.10,28.68,17,17,0,0.39,0.30,0.40,28.96,17,17,0,0.80,0.80,0.80,28.51,17,17,0,0.18,0.10,0.20,28.88,17,17,0,0.76,0.70,0.80,28.91,17,17,0,0.41,-0.40,1.20,28.35,17,0,0
258303,0.34,0.30,0.40,30.30,17,17,0,0.03,0.00,0.10,28.68,17,17,0,0.38,0.30,0.40,28.96,17,17,0,0.81,0.80,0.90,28.52,17,17,0,0.16,0.10,0.20,28.88,17,17,0,0.77,0.70,0.80,28.90,17,17,0,0.59,-0.10,1.10,28.35,17,0,0
258803,0.34,0.30,0.40,30.30,17,17,0,0.04,0.00,0.10,28.69,17,17,0,0.38,0.30,0.40,28.97,17,17,0,0.80,0.80,0.80,28.51,17,17,0,0.19,0.10,0.20,28.85,17,17,0,0.79,0.70,0.80,28.90,17,17,0,0.84,-0.20,1.70,28.36,17,0,0
259303,0.35,0.30,0.40,30.28,17,17,0,0.03,-0.10,0.10,28.67,17,17,0,0.40,0.40,0.40,28.96,17,17,0,0.80,0.80,0.80,28.51,17,17,0,0.18,0.10,0.20,28.88,17,17,0,0.78,0.70,0.80,28.90,17,17,0,0.97,0.20,1.60,28.35,17,0,0
259803,0.34,0.30,0.40,30.30,16,16,0,0.02,-0.10,0.10,28.69,16,16,0,0.39,0.30,0.40,28.95,16,16,0,0.81,0.80,0.90,28.51,16,16,0,0.18,0.10,0.20,28.89,16,16,0,0.77,0.70,0.80,28.90,16,16,0,1.21,0.80,2.00,28.34,16,0,0
260316,0.34,0.30,0.40,30.27,18,18,0,0.00,-0.10,0.10,28.67,18,18,0,0.39,0.30,0.40,28.97,18,18,0,0.80,0.80,0.80,28.52,18,18,0,0.19,0.10,0.30,28.88,18,18,0,0.75,0.70,0.80,28.92,18,18,0,1.27,0.40,2.30,28.38,18,0,0
260816,0.36,0.30,0.40,30.29,17,17,0,0.02,-0.10,0.10,28.68,17,17,0,0.39,0.30,0.40,28.97,17,17,0,0.81,0.80,0.90,28.51,17,17,0,0.19,0.10,0.20,28.90,17,17,0,0.79,0.70,0.80,28.91,17,17,0,1.26,0.20,2.60,28.35,17,0,0
261316,0.35,0.30,0.40,30.28,17,17,0,0.02,-0.10,0.10,28.67,17,17,0,0.38,0.30,0.40,28.96,17,17,0,0.80,0.70,0.90,28.50,17,17,0,0.18,0.10,0.20,28.89,17,17,0,0.78,0.70,0.80,28.91,17,17,0,1.17,0.80,1.40,28.37,17,0,0
261816,0.34,0.30,0.40,30.29,17,17,0,0.06,0.00,0.10,28.67,17,17,0,0.39,0.30,0.40,28.97,17,17,0,0.81,0.80,0.90,28.51,17,17,0,0.18,0.10,0.20,28.87,17,17,0,0.76,0.70,0.80,28.93,17,17,0,1.21,0.40,2.00,28.35,17,0,0
262316,0.32,0.30,0.40,30.29,17,17,0,0.02,-0.10,0.10,28.69,17,17,0,0.39,0.30,0.40,28.97,17,17,0,0.80,0.80,0.80,28.51,17,17,0,0.18,0.10,0.20,28.89,17,17,0,0.79,0.70,0.80,28.91,17,17,0,1.21,0.40,1.90,28.37,17,0,0
262829,0.32,0.30,0.40,30.29,18,18,0,0.02,-0.10,0.10,28.67,18,18,0,0.40,0.40,0.40,28.96,18,18,0,0.80,0.80,0.80,28.51,18,18,0,0.18,0.10,0.20,28.86,18,18,0,0.78,0.70,0.80,28.92,18,18,0,1.13,0.80,1.60,28.36,18,0,0
263329,0.35,0.30,0.40,30.28,17,17,0,0.02,-0.10,0.10,28.69,17,17,0,0.40,0.40,0.40,28.97,17,17,0,0.81,0.80,0.90,28.51,17,17,0,0.16,0.10,0.20,28.87,17,17,0,0.78,0.70,0.80,28.90,17,17,0,1.18,0.80,1.60,28.34,17,0,0
263842,0.35,0.30,0.40,30.29,18,18,0,0.04,-0.10,0.10,28.69,18,18,0,0.38,0.30,0.40,28.96,18,18,0,0.81,0.80,0.90,28.51,18,18,0,0.19,0.10,0.20,28.88,18,18,0,0.78,0.70,0.80,28.91,18,18,0,1.32,0.80,1.70,28.35,18,0,0
264342,0.34,0.30,0.40,30.30,17,17,0,0.04,-0.10,0.10,28.69,17,17,0,0.39,0.30,0.40,28.96,17,17,0,0.81,0.80,0.90,28.51,17,17,0,0.17,0.10,0.20,28.87,17,17,0,0.78,0.70,0.80,28.91,17,17,0,1.19,0.70,1.50,28.37,17,0,0
264842,0.35,0.30,0.40,30.27,17,17,0,0.04,0.00,0.10,28.68,17,17,0,0.40,0.40,0.40,28.98,17,17,0,0.81,0.80,0.90,28.50,17,17,0,0.18,0.10,0.20,28.88,17,17,0,0.78,0.70,0.80,28.92,17,17,0,1.04,0.50,1.50,28.39,17,0,0
265355,0.33,0.30,0.40,30.29,18,18,0,0.03,-0.10,0.10,28.69,18,18,0,0.38,0.30,0.40,28.96,18,18,0,0.81,0.80,0.90,28.50,18,18,0,0.19,0.10,0.20,28.88,18,18,0,0.76,0.70,0.80,28.91,18,18,0,0.96,0.70,1.20,28.38,18,0,0
265855,0.33,0.30,0.40,30.31,17,17,0,0.01,-0.10,0.10,28.68,17,17,0,0.39,0.30,0.40,28.97,17,17,0,0.80,0.80,0.80,28.52,17,17,0,0.16,0.10,0.20,28.89,17,17,0,0.76,0.70,0.80,28.92,17,17,0,0.91,0.60,1.30,28.38,17,0,0
266368,0.34,0.30,0.40,30.29,18,18,0,0.04,-0.10,0.10,28.67,18,18,0,0.39,0.30,0.40,28.97,18,18,0,0.80,0.80,0.80,28.52,18,18,0,0.17,0.10,0.20,28.88,18,18,0,0.76,0.70,0.80,28.91,18,18,0,0.87,0.30,1.30,28.35,18,0,0
266878,0.34,0.30,0.40,30.28,18,18,0,0.03,0.00,0.10,28.68,18,18,0,0.39,0.30,0.40,28.95,18,18,0,0.79,0.70,0.80,28.52,18,18,0,0.19,0.10,0.20,28.88,18,18,0,0.78,0.70,0.80,28.91,18,18,0,1.02,0.20,1.90,28.37,18,0,0
267378,0.36,0.30,0.40,30.30,17,17,0,0.01,-0.10,0.10,28.69,17,17,0,0.40,0.40,0.40,28.97,17,17,0,0.80,0.80,0.80,28.50,17,17,0,0.16,0.10,0.20,28.88,17,17,0,0.76,0.70,0.80,28.91,17,17,0,1.16,0.60,1.70,28.37,17,0,0
267880,0.35,0.30,0.40,30.30,17,17,0,0.01,-0.10,0.10,28.69,17,17,0,0.38,0.30,0.40,28.98,17,17,0,0.79,0.70,0.80,28.52,17,17,0,0.19,0.10,0.20,28.88,17,17,0,0.79,0.70,0.80,28.92,17,17,0,1.08,0.60,1.70,28.36,17,0,0
268380,0.35,0.30,0.40,30.29,17,17,0,0.01,-0.10,0.10,28.69,17,17,0,0.39,0.30,0.40,28.98,17,17,0,0.79,0.70,0.90,28.54,17,17,0,0.17,0.10,0.20,28.89,17,17,0,0.79,0.70,0.80,28.92,17,17,0,1.03,0.50,1.70,28.38,17,0,0
268880,0.32,0.30,0.40,30.31,17,17,0,0.01,-0.10,0.10,28.70,17,17,0,0.38,0.30,0.40,28.97,17,17,0,0.79,0.70,0.80,28.54,17,17,0,0.16,0.10,0.20,28.90,17,17,0,0.78,0.70,0.80,28.91,17,17,0,0.85,0.50,1.30,28.37,17,0,0
269380,0.33,0.30,0.40,30.30,17,17,0,0.06,-0.10,0.10,28.71,17,17,0,0.39,0.30,0.40,28.98,17,17,0,0.79,0.70,0.80,28.53,17,17,0,0.18,0.10,0.20,28.88,17,17,0,0.80,0.80,0.80,28.93,17,17,0,0.71,0.00,1.20,28.38,17,0,0
269880,0.34,0.30,0.40,30.31,17,17,0,0.04,0.00,0.10,28.69,17,17,0,0.40,0.40,0.40,28.98,17,17,0,0.80,0.80,0.80,28.53,17,17,0,0.17,0.10,0.20,28.89,17,17,0,0.79,0.70,0.80,28.92,17,17,0,0.76,-0.20,1.70,28.37,17,0,0
270382,0.35,0.30,0.40,30.31,17,17,0,0.02,0.00,0.10,28.68,17,17,0,0.40,0.40,0.40,28.98,17,17,0,0.81,0.80,0.90,28.53,17,17,0,0.17,0.10,0.20,28.90,17,17,0,0.78,0.70,0.80,28.92,17,17,0,1.23,-0.20,2.60,28.37,17,0,0
270882,0.34,0.30,0.40,30.30,17,17,0,0.01,-0.10,0.10,28.69,17,17,0,0.40,0.40,0.40,28.97,17,17,0,0.80,0.80,0.80,28.52,17,17,0,0.19,0.10,0.20,28.88,17,17,0,0.76,0.70,0.80,28.92,17,17,0,1.24,0.10,2.50,28.38,17,0,0
271393,0.36,0.30,0.40,30.30,18,18,0,0.01,-0.10,0.10,28.68,18,18,0,0.39,0.30,0.40,28.98,18,18,0,0.80,0.80,0.80,28.54,18,18,0,0.17,0.10,0.20,28.88,18,18,0,0.76,0.70,0.80,28.91,18,18,0,1.32,0.70,1.90,28.37,18,0,0
271899,0.34,0.30,0.40,30.31,17,17,0,0.04,0.00,0.10,28.67,17,17,0,0.40,0.40,0.40,28.96,17,17,0,0.80,0.80,0.80,28.51,17,17,0,0.19,0.10,0.20,28.89,17,17,0,0.75,0.70,0.80,28.91,17,17,0,1.09,0.10,1.80,28.35,17,0,0
272399,0.35,0.30,0.40,30.31,17,17,0,0.02,-0.10,0.10,28.70,17,17,0,0.38,0.30,0.40,28.95,17,17,0,0.81,0.80,0.90,28.53,17,17,0,0.18,0.10,0.20,28.89,17,17,0,0.74,0.70,0.80,28.92,17,17,0,1.11,0.20,1.80,28.36,17,0,0
272899,0.34,0.30,0.40,30.31,17,17,0,0.04,-0.10,0.10,28.69,17,17,0,0.39,0.30,0.40,28.99,17,17,0,0.80,0.80,0.80,28.52,17,17,0,0.17,0.10,0.20,28.89,17,17,0,0.78,0.70,0.80,28.93,17,17,0,0.92,-0.30,2.10,28.37,17,0,0
273399,0.35,0.30,0.40,30.31,17,17,0,0.04,0.00,0.10,28.68,17,17,0,0.39,0.30,0.40,28.98,17,17,0,0.80,0.80,0.80,28.53,17,17,0,0.18,0.10,0.20,28.90,17,17,0,0.76,0.70,0.80,28.92,17,17,0,1.14,-0.60,2.20,28.38,17,0,0
273899,0.35,0.30,0.40,30.29,17,17,0,0.02,0.00,0.10,28.70,17,17,0,0.38,0.30,0.40,29.00,17,17,0,0.80,0.80,0.80,28.52,17,17,0,0.20,0.10,0.30,28.90,17,17,0,0.78,0.70,0.80,28.92,17,17,0,1.01,0.20,1.40,28.36,17,0,0
274399,0.33,0.30,0.40,30.29,17,17,0,0.04,0.00,0.10,28.70,17,17,0,0.39,0.30,0.40,28.99,17,17,0,0.81,0.80,0.90,28.52,17,17,0,0.19,0.10,0.20,28.89,17,17,0,0.75,0.70,0.80,28.91,17,17,0,0.88,0.40,1.30,28.36,17,0,0
274912,0.36,0.30,0.40,30.30,18,18,0,0.04,0.00,0.10,28.69,18,18,0,0.37,0.30,0.40,28.99,18,18,0,0.80,0.80,0.80,28.52,18,18,0,0.19,0.10,0.20,28.89,18,18,0,0.78,0.70,0.80,28.92,18,18,0,0.76,0.40,1.30,28.38,18,0,0
275412,0.32,0.30,0.40,30.31,17,17,0,0.01,-0.10,0.10,28.69,17,17,0,0.39,0.30,0.40,28.97,17,17,0,0.80,0.80,0.80,28.52,17,17,0,0.18,0.10,0.30,28.89,17,17,0,0.78,0.70,0.80,28.91,17,17,0,0.62,-0.10,1.30,28.36,17,0,0
275912,0.34,0.30,0.40,30.30,17,17,0,0.05,0.00,0.10,28.70,17,17,0,0.39,0.30,0.40,28.99,17,17,0,0.80,0.80,0.80,28.53,17,17,0,0.18,0.10,0.20,28.89,17,17,0,0.76,0.70,0.80,28.93,17,17,0,0.30,-0.30,1.10,28.39,17,0,0
276425,0.31,0.30,0.40,30.29,18,18,0,0.04,0.00,0.10,28.68,18,18,0,0.40,0.40,0.40,28.99,18,18,0,0.80,0.80,0.80,28.51,18,18,0,0.17,0.10,0.20,28.89,18,18,0,0.78,0.70,0.80,28.92,18,18,0,0.46,-0.30,1.00,28.36,18,0,0
276925,0.35,0.30,0.40,30.30,17,17,0,0.04,0.00,0.10,28.71,17,17,0,0.38,0.30,0.40,28.99,17,17,0,0.81,0.80,0.90,28.52,17,17,0,0.19,0.10,0.20,28.88,17,17,0,0.77,0.70,0.80,28.92,17,17,0,0.86,0.50,1.20,28.38,17,0,0
277425,0.34,0.30,0.40,30.31,17,17,0,0.02,-0.10,0.10,28.71,17,17,0,0.38,0.30,0.40,28.98,17,17,0,0.79,0.70,0.80,28.53,17,17,0,0.19,0.10,0.20,28.90,17,17,0,0.77,0.70,0.80,28.93,17,17,0,0.90,0.30,1.70,28.38,17,0,0
277925,0.34,0.30,0.40,30.31,17,17,0,0.05,-0.10,0.10,28.71,17,17,0,0.39,0.30,0.40,28.99,17,17,0,0.80,0.80,0.80,28.53,17,17,0,0.18,0.10,0.20,28.91,17,17,0,0.76,0.70,0.80,28.93,17,17,0,0.92,0.40,1.50,28.37,17,0,0
278431,0.33,0.30,0.40,30.31,18,18,0,0.03,0.00,0.10,28.69,18,18,0,0.39,0.30,0.40,28.99,18,18,0,0.81,0.80,0.90,28.54,18,18,0,0.18,0.10,0.20,28.89,18,18,0,0.78,0.70,0.80,28.93,18,18,0,0.92,0.30,1.50,28.39,18,0,0
278932,0.35,0.30,0.40,30.33,17,17,0,0.05,0.00,0.10,28.70,17,17,0,0.38,0.30,0.40,28.98,17,17,0,0.80,0.80,0.80,28.52,17,17,0,0.17,0.10,0.20,28.90,17,17,0,0.78,0.70,0.80,28.92,17,17,0,0.88,0.30,1.50,28.39,17,0,0
279445,0.34,0.30,0.40,30.32,18,18,0,0.01,-0.10,0.10,28.70,18,18,0,0.39,0.30,0.40,29.00,18,18,0,0.81,0.80,0.90,28.52,18,18,0,0.18,0.10,0.20,28.90,18,18,0,0.77,0.70,0.80,28.92,18,18,0,0.89,0.60,1.30,28.38,18,0,0
279945,0.32,0.30,0.40,30.31,17,17,0,0.05,-0.10,0.10,28.71,17,17,0,0.39,0.30,0.40,29.00,17,17,0,0.80,0.80,0.80,28.54,17,17,0,0.18,0.10,0.20,28.90,17,17,0,0.78,0.70,0.80,28.92,17,17,0,0.80,0.10,1.30,28.38,17,0,0
280445,0.34,0.30,0.40,30.31,17,17,0,0.01,0.00,0.10,28.70,17,17,0,0.39,0.30,0.40,28.97,17,17,0,0.80,0.80,0.80,28.53,17,17,0,0.18,0.10,0.20,28.89,17,17,0,0.78,0.70,0.80,28.93,17,17,0,0.61,-0.10,1.10,28.38,17,0,0
280958,0.34,0.30,0.40,30.31,18,18,0,0.04,0.00,0.10,28.70,18,18,0,0.39,0.30,0.40,28.97,18,18,0,0.81,0.80,0.90,28.52,18,18,0,0.17,0.10,0.20,28.90,18,18,0,0.78,0.70,0.80,28.91,18,18,0,0.53,0.20,1.00,28.37,18,0,0
281458,0.35,0.30,0.40,30.31,17,17,0,0.02,-0.10,0.10,28.72,17,17,0,0.40,0.40,0.40,29.01,17,17,0,0.81,0.80,0.90,28.54,17,17,0,0.17,0.10,0.20,28.90,17,17,0,0.78,0.70,0.80,28.93,17,17,0,0.41,-0.30,1.00,28.40,17,0,0
281958,0.34,0.30,0.40,30.31,17,17,0,0.03,0.00,0.10,28.70,17,17,0,0.36,0.30,0.40,28.98,17,17,0,0.80,0.80,0.80,28.52,17,17,0,0.18,0.10,0.20,28.89,17,17,0,0.78,0.70,0.80,28.93,17,17,0,0.34,-0.20,0.80,28.37,17,0,0
282458,0.32,0.30,0.40,30.32,17,17,0,0.04,-0.10,0.10,28.70,17,17,0,0.39,0.30,0.40,28.98,17,17,0,0.80,0.80,0.80,28.54,17,17,0,0.16,0.10,0.20,28.92,17,17,0,0.78,0.70,0.80,28.93,17,17,0,0.25,-0.60,1.30,28.37,17,0,0
282958,0.36,0.30,0.40,30.31,17,17,0,0.03,-0.10,0.10,28.71,17,17,0,0.39,0.30,0.40,28.97,17,17,0,0.80,0.80,0.80,28.51,17,17,0,0.16,0.10,0.20,28.91,17,17,0,0.78,0.70,0.80,28.92,17,17,0,0.25,-0.60,1.20,28.39,17,0,0
283471,0.33,0.30,0.40,30.30,18,18,0,0.02,-0.10,0.10,28.70,18,18,0,0.38,0.30,0.40,28.98,18,18,0,0.80,0.80,0.80,28.53,18,18,0,0.17,0.10,0.20,28.91,18,18,0,0.77,0.70,0.80,28.92,18,18,0,0.43,-0.30,0.80,28.39,18,0,0
283977,0.32,0.30,0.40,30.32,17,17,0,0.04,0.00,0.10,28.71,17,17,0,0.39,0.30,0.40,28.99,17,17,0,0.80,0.80,0.80,28.54,17,17,0,0.16,0.10,0.20,28.91,17,17,0,0.77,0.70,0.80,28.94,17,17,0,0.50,-0.30,1.50,28.39,17,0,0
284477,0.35,0.30,0.40,30.33,17,17,0,0.04,0.00,0.10,28.72,17,17,0,0.39,0.30,0.40,29.01,17,17,0,0.80,0.80,0.80,28.54,17,17,0,0.16,0.10,0.20,28.90,17,17,0,0.76,0.70,0.80,28.94,17,17,0,0.44,-0.10,0.90,28.39,17,0,0
284977,0.32,0.30,0.40,30.32,17,17,0,0.04,0.00,0.10,28.70,17,17,0,0.39,0.30,0.40,29.00,17,17,0,0.80,0.80,0.80,28.55,17,17,0,0.19,0.10,0.20,28.90,17,17,0,0.76,0.70,0.80,28.93,17,17,0,0.32,0.00,0.90,28.39,17,0,0
285477,0.34,0.30,0.40,30.32,17,17,0,0.04,0.00,0.10,28.71,17,17,0,0.39,0.30,0.40,28.99,17,17,0,0.80,0.80,0.80,28.53,17,17,0,0.17,0.10,0.20,28.91,17,17,0,0.78,0.70,0.80,28.95,17,17,0,0.41,-0.20,0.90,28.38,17,0,0
285990,0.34,0.30,0.40,30.30,18,18,0,0.03,-0.10,0.10,28.70,18,18,0,0.39,0.30,0.40,28.99,18,18,0,0.80,0.80,0.80,28.54,18,18,0,0.16,0.10,0.20,28.90,18,18,0,0.77,0.70,0.80,28.93,18,18,0,0.48,-0.10,0.90,28.40,18,0,0
286490,0.36,0.30,0.40,30.33,17,17,0,0.02,0.00,0.10,28.70,17,17,0,0.38,0.30,0.40,29.00,17,17,0,0.80,0.80,0.80,28.55,17,17,0,0.16,0.10,0.20,28.91,17,17,0,0.79,0.70,0.80,28.93,17,17,0,0.63,0.20,1.10,28.39,17,0,0
286990,0.35,0.30,0.40,30.32,17,17,0,0.03,0.00,0.10,28.73,17,17,0,0.37,0.30,0.40,29.00,17,17,0,0.81,0.80,0.90,28.53,17,17,0,0.15,0.10,0.20,28.90,17,17,0,0.75,0.70,0.80,28.94,17,17,0,0.58,0.00,1.00,28.39,17,0,0
287500,0.35,0.30,0.40,30.33,18,18,0,0.05,0.00,0.10,28.72,18,18,0,0.38,0.30,0.40,29.00,18,18,0,0.81,0.80,0.90,28.54,18,18,0,0.18,0.10,0.20,28.89,18,18,0,0.78,0.70,0.80,28.94,18,18,0,0.52,-0.20,1.10,28.41,18,0,0
288000,0.35,0.30,0.40,30.33,17,17,0,0.01,-0.10,0.10,28.72,17,17,0,0.38,0.30,0.40,29.00,17,17,0,0.81,0.80,0.90,28.54,17,17,0,0.16,0.10,0.20,28.91,17,17,0,0.76,0.70,0.80,28.94,17,17,0,0.44,-0.20,1.00,28.40,17,0,0
288500,0.35,0.30,0.40,30.33,17,17,0,0.06,-0.10,0.10,28.71,17,17,0,0.40,0.40,0.40,28.99,17,17,0,0.79,0.70,0.80,28.55,17,17,0,0.17,0.10,0.20,28.89,17,17,0,0.78,0.70,0.80,28.93,17,17,0,0.23,-0.30,1.10,28.40,17,0,0
289006,0.36,0.30,0.40,30.32,17,17,0,0.01,-0.10,0.10,28.71,17,17,0,0.39,0.30,0.40,29.00,17,17,0,0.79,0.70,0.80,28.54,17,17,0,0.17,0.10,0.20,28.90,17,17,0,0.75,0.70,0.80,28.94,17,17,0,0.14,-0.40,0.90,28.38,17,0,0
289512,0.36,0.30,0.40,30.31,17,17,0,0.04,-0.10,0.10,28.72,17,17,0,0.39,0.30,0.40,29.00,17,17,0,0.81,0.80,0.90,28.54,17,17,0,0.19,0.10,0.20,28.89,17,17,0,0.80,0.80,0.80,28.93,17,17,0,0.02,-0.60,0.50,28.39,17,0,0
290015,0.35,0.30,0.40,30.32,17,17,0,0.04,0.00,0.10,28.72,17,17,0,0.40,0.40,0.40,29.01,17,17,0,0.80,0.80,0.80,28.53,17,17,0,0.16,0.10,0.20,28.91,17,17,0,0.78,0.70,0.80,28.94,17,17,0,0.22,-0.20,0.70,28.40,17,0,0
290515,0.34,0.30,0.40,30.32,17,17,0,0.05,0.00,0.10,28.71,17,17,0,0.39,0.30,0.40,28.98,17,17,0,0.80,0.80,0.80,28.54,17,17,0,0.18,0.10,0.20,28.91,17,17,0,0.78,0.70,0.80,28.93,17,17,0,0.43,0.00,0.90,28.39,17,0,0
291028,0.32,0.30,0.40,30.33,18,18,0,0.05,0.00,0.10,28.70,18,18,0,0.39,0.30,0.40,29.00,18,18,0,0.82,0.80,0.90,28.53,18,18,0,0.18,0.10,0.20,28.89,18,18,0,0.77,0.70,0.80,28.94,18,18,0,0.44,-0.10,1.00,28.39,18,0,0
291528,0.34,0.30,0.40,30.32,17,17,0,0.06,0.00,0.10,28.71,17,17,0,0.40,0.40,0.40,29.01,17,17,0,0.80,0.80,0.80,28.54,17,17,0,0.18,0.10,0.20,28.90,17,17,0,0.77,0.70,0.80,28.94,17,17,0,0.37,-0.30,0.90,28.41,17,0,0
292034,0.34,0.30,0.40,30.32,18,18,0,0.03,0.00,0.10,28.72,18,18,0,0.37,0.30,0.40,29.00,18,18,0,0.80,0.80,0.80,28.54,18,18,0,0.17,0.10,0.20,28.89,18,18,0,0.77,0.70,0.80,28.93,18,18,0,0.23,-0.50,0.80,28.41,18,0,0
292534,0.34,0.30,0.40,30.32,17,17,0,0.05,0.00,0.10,28.71,17,17,0,0.39,0.30,0.40,29.01,17,17,0,0.80,0.80,0.80,28.53,17,17,0,0.17,0.10,0.20,28.90,17,17,0,0.78,0.70,0.80,28.92,17,17,0,0.22,-0.20,0.80,28.40,17,0,0
293040,0.33,0.30,0.40,30.32,18,18,0,0.05,0.00,0.10,28.71,18,18,0,0.39,0.30,0.40,29.00,18,18,0,0.80,0.80,0.80,28.55,18,18,0,0.18,0.10,0.20,28.90,18,18,0,0.78,0.70,0.80,28.94,18,18,0,0.21,-0.20,0.60,28.38,18,0,0
293553,0.32,0.30,0.40,30.32,18,18,0,0.03,-0.10,0.10,28.71,18,18,0,0.39,0.30,0.40,29.00,18,18,0,0.80,0.80,0.80,28.54,18,18,0,0.18,0.10,0.20,28.90,18,18,0,0.78,0.70,0.80,28.94,18,18,0,0.02,-0.30,0.30,28.40,18,0,0
294056,0.34,0.30,0.40,30.33,17,17,0,0.04,0.00,0.10,28.72,17,17,0,0.39,0.30,0.40,29.00,17,17,0,0.80,0.80,0.80,28.54,17,17,0,0.18,0.10,0.20,28.89,17,17,0,0.79,0.70,0.80,28.92,17,17,0,0.09,-0.20,0.40,28.40,17,0,0
294569,0.34,0.30,0.40,30.33,18,18,0,0.05,-0.10,0.10,28.71,18,18,0,0.39,0.30,0.40,29.00,18,18,0,0.80,0.80,0.80,28.55,18,18,0,0.16,0.10,0.20,28.92,18,18,0,0.78,0.70,0.80,28.93,18,18,0,0.42,0.10,0.80,28.41,18,0,0
295069,0.34,0.30,0.40,30.33,17,17,0,0.05,0.00,0.10,28.73,17,17,0,0.39,0.30,0.40,29.01,17,17,0,0.81,0.80,0.90,28.53,17,17,0,0.19,0.10,0.20,28.89,17,17,0,0.77,0.70,0.80,28.92,17,17,0,0.57,0.00,0.90,28.39,17,0,0
295582,0.33,0.30,0.40,30.34,18,18,0,0.04,0.00,0.10,28.72,18,18,0,0.39,0.30,0.40,29.01,18,18,0,0.80,0.80,0.80,28.53,18,18,0,0.18,0.10,0.20,28.90,18,18,0,0.76,0.70,0.80,28.93,18,18,0,0.36,0.00,0.60,28.40,18,0,0
296087,0.32,0.30,0.40,30.33,17,17,0,0.03,-0.10,0.10,28.71,17,17,0,0.39,0.30,0.40,29.01,17,17,0,0.81,0.80,0.90,28.55,17,17,0,0.19,0.10,0.20,28.90,17,17,0,0.77,0.70,0.80,28.93,17,17,0,0.27,-0.30,0.80,28.38,17,0,0
296600,0.33,0.30,0.40,30.32,18,18,0,0.01,-0.10,0.10,28.72,18,18,0,0.39,0.30,0.40,29.01,18,18,0,0.80,0.80,0.80,28.56,18,18,0,0.19,0.10,0.20,28.90,18,18,0,0.78,0.70,0.80,28.93,18,18,0,0.31,-0.30,0.90,28.40,18,0,0
297106,0.34,0.30,0.40,30.33,18,18,0,0.03,-0.10,0.10,28.72,18,18,0,0.38,0.30,0.40,29.00,18,18,0,0.81,0.80,0.90,28.56,18,18,0,0.18,0.10,0.20,28.90,18,18,0,0.77,0.70,0.80,28.93,18,18,0,0.27,-0.40,0.90,28.40,18,0,0
297616,0.34,0.30,0.40,30.34,18,18,0,0.02,0.00,0.10,28.72,18,18,0,0.40,0.40,0.40,29.01,18,18,0,0.80,0.80,0.80,28.56,18,18,0,0.17,0.10,0.20,28.91,18,18,0,0.78,0.70,0.80,28.94,18,18,0,0.26,-0.50,1.30,28.41,18,0,0
298116,0.33,0.30,0.40,30.34,17,17,0,0.03,-0.10,0.10,28.72,17,17,0,0.40,0.40,0.40,29.00,17,17,0,0.80,0.80,0.80,28.54,17,17,0,0.17,0.10,0.20,28.90,17,17,0,0.79,0.70,0.80,28.93,17,17,0,0.35,-0.60,1.10,28.41,17,0,0
298623,0.35,0.30,0.40,30.32,17,17,0,0.05,0.00,0.10,28.73,17,17,0,0.38,0.30,0.40,29.02,17,17,0,0.80,0.80,0.80,28.56,17,17,0,0.16,0.10,0.20,28.89,17,17,0,0.78,0.70,0.80,28.92,17,17,0,0.80,0.10,1.40,28.40,17,0,0
299127,0.33,0.30,0.40,30.33,17,17,0,0.03,-0.10,0.10,28.71,17,17,0,0.39,0.30,0.40,29.04,17,17,0,0.80,0.80,0.80,28.54,17,17,0,0.17,0.10,0.20,28.93,17,17,0,0.78,0.70,0.80,28.91,17,17,0,0.71,-0.10,1.60,28.40,17,0,0
299631,0.34,0.30,0.40,30.33,17,17,0,0.03,-0.10,0.10,28.71,17,17,0,0.39,0.30,0.40,29.02,17,17,0,0.80,0.80,0.80,28.54,17,17,0,0.16,0.10,0.20,28.91,17,17,0,0.79,0.70,0.80,28.94,17,17,0,0.41,-0.20,0.90,28.41,17,0,0
300131,0.35,0.30,0.40,30.35,17,17,0,0.02,-0.10,0.10,28.73,17,17,0,0.39,0.30,0.40,29.02,17,17,0,0.80,0.80,0.80,28.56,17,17,0,0.18,0.10,0.20,28.90,17,17,0,0.77,0.70,0.80,28.94,17,17,0,0.27,-0.10,0.70,28.41,17,0,0
300644,0.37,0.30,0.40,30.34,18,18,0,0.03,0.00,0.10,28.72,18,18,0,0.38,0.30,0.40,29.02,18,18,0,0.80,0.80,0.80,28.55,18,18,0,0.17,0.10,0.20,28.89,18,18,0,0.76,0.70,0.80,28.93,18,18,0,0.17,-0.20,0.40,28.39,18,0,0
301144,0.34,0.30,0.40,30.34,17,17,0,0.05,0.00,0.10,28.70,17,17,0,0.38,0.30,0.40,29.02,17,17,0,0.81,0.80,0.90,28.56,17,17,0,0.19,0.10,0.20,28.90,17,17,0,0.78,0.70,0.80,28.93,17,17,0,0.26,-0.10,0.70,28.39,17,0,0
301644,0.34,0.30,0.40,30.34,17,17,0,0.02,-0.10,0.10,28.72,17,17,0,0.39,0.30,0.40,29.03,17,17,0,0.81,0.80,0.90,28.55,17,17,0,0.18,0.10,0.20,28.89,17,17,0,0.78,0.70,0.80,28.94,17,17,0,0.46,-0.20,0.90,28.41,17,0,0
302149,0.36,0.30,0.40,30.34,17,17,0,0.05,0.00,0.10,28.73,17,17,0,0.40,0.40,0.40,29.01,17,17,0,0.81,0.80,0.90,28.55,17,17,0,0.19,0.10,0.20,28.91,17,17,0,0.79,0.70,0.80,28.93,17,17,0,0.54,0.20,1.00,28.42,17,0,0
302662,0.32,0.30,0.40,30.35,18,18,0,0.02,0.00,0.10,28.71,18,18,0,0.40,0.40,0.40,28.99,18,18,0,0.80,0.80,0.80,28.56,18,18,0,0.18,0.10,0.20,28.89,18,18,0,0.79,0.70,0.80,28.93,18,18,0,0.38,-0.30,1.00,28.39,18,0,0
303162,0.34,0.30,0.40,30.34,17,17,0,0.04,0.00,0.10,28.73,17,17,0,0.37,0.30,0.40,29.02,17,17,0,0.80,0.80,0.80,28.56,17,17,0,0.17,0.10,0.20,28.91,17,17,0,0.77,0.70,0.80,28.93,17,17,0,0.36,-0.40,1.30,28.41,17,0,0
303662,0.34,0.30,0.40,30.35,18,18,0,0.05,0.00,0.10,28.71,18,18,0,0.38,0.30,0.40,29.00,18,18,0,0.80,0.80,0.80,28.54,18,18,0,0.18,0.10,0.20,28.90,18,18,0,0.78,0.70,0.80,28.93,18,18,0,0.64,-0.30,1.60,28.40,18,0,0
304175,0.34,0.30,0.40,30.34,17,17,0,0.01,-0.10,0.10,28.74,17,17,0,0.38,0.30,0.40,29.02,17,17,0,0.80,0.80,0.80,28.55,17,17,0,0.19,0.10,0.20,28.91,17,17,0,0.79,0.70,0.80,28.93,17,17,0,0.58,-0.10,1.30,28.40,17,0,0
304675,0.33,0.30,0.40,30.35,17,17,0,0.05,-0.10,0.10,28.72,17,17,0,0.39,0.30,0.40,29.00,17,17,0,0.80,0.70,0.90,28.55,17,17,0,0.18,0.10,0.20,28.90,17,17,0,0.76,0.70,0.80,28.94,17,17,0,0.37,-0.10,0.90,28.38,17,0,0
305188,0.35,0.30,0.40,30.32,18,18,0,0.04,-0.10,0.10,28.73,18,18,0,0.38,0.30,0.40,29.03,18,18,0,0.81,0.80,0.90,28.55,18,18,0,0.18,0.10,0.20,28.91,18,18,0,0.78,0.70,0.80,28.92,18,18,0,0.37,0.10,0.90,28.42,18,0,0
305701,0.36,0.30,0.40,30.34,18,18,0,0.04,0.00,0.10,28.72,18,18,0,0.39,0.30,0.40,29.01,18,18,0,0.79,0.70,0.80,28.56,18,18,0,0.20,0.20,0.20,28.91,18,18,0,0.77,0.70,0.80,28.94,18,18,0,0.56,0.30,1.00,28.40,18,0,0
306201,0.35,0.30,0.40,30.32,17,17,0,0.04,0.00,0.10,28.73,17,17,0,0.39,0.30,0.40,29.02,17,17,0,0.80,0.80,0.80,28.56,17,17,0,0.18,0.10,0.20,28.92,17,17,0,0.79,0.70,0.80,28.93,17,17,0,0.77,-0.40,2.10,28.40,17,0,0
306701,0.34,0.30,0.40,30.34,17,17,0,0.03,-0.10,0.10,28.72,17,17,0,0.39,0.30,0.40,29.02,17,17,0,0.80,0.80,0.80,28.56,17,17,0,0.17,0.10,0.20,28.92,17,17,0,0.79,0.70,0.80,28.93,17,17,0,0.35,-0.50,1.30,28.38,17,0,0
307201,0.34,0.30,0.40,30.34,17,17,0,0.04,-0.10,0.10,28.72,17,17,0,0.39,0.30,0.40,29.01,17,17,0,0.80,0.80,0.80,28.54,17,17,0,0.18,0.10,0.20,28.91,17,17,0,0.76,0.70,0.80,28.92,17,17,0,0.01,-0.70,1.00,28.40,17,0,0
307701,0.33,0.30,0.40,30.34,18,18,0,0.04,0.00,0.10,28.73,18,18,0,0.39,0.30,0.40,29.03,18,18,0,0.80,0.80,0.80,28.58,18,18,0,0.19,0.10,0.20,28.92,18,18,0,0.79,0.70,0.80,28.95,18,18,0,0.13,-1.10,1.40,28.40,18,0,0
308208,0.33,0.30,0.40,30.34,17,17,0,0.05,0.00,0.10,28.71,17,17,0,0.39,0.30,0.40,29.03,17,17,0,0.80,0.80,0.80,28.55,17,17,0,0.19,0.10,0.20,28.90,17,17,0,0.75,0.70,0.80,28.93,17,17,0,0.20,-0.70,1.40,28.41,17,0,0
308708,0.34,0.30,0.40,30.37,17,17,0,0.03,0.00,0.10,28.73,17,17,0,0.39,0.30,0.40,29.01,17,17,0,0.81,0.80,0.90,28.56,17,17,0,0.19,0.10,0.20,28.90,17,17,0,0.77,0.70,0.80,28.94,17,17,0,0.64,-0.50,1.30,28.41,17,0,0
309208,0.34,0.30,0.40,30.34,17,17,0,0.04,0.00,0.10,28.72,17,17,0,0.39,0.30,0.40,29.02,17,17,0,0.80,0.80,0.80,28.56,17,17,0,0.19,0.10,0.20,28.90,17,17,0,0.76,0.70,0.80,28.94,17,17,0,0.78,-0.10,2.20,28.39,17,0,0
309708,0.34,0.30,0.40,30.35,17,17,0,0.02,-0.10,0.10,28.72,17,17,0,0.40,0.40,0.40,29.03,17,17,0,0.80,0.80,0.80,28.57,17,17,0,0.16,0.10,0.20,28.90,17,17,0,0.78,0.70,0.80,28.95,17,17,0,0.67,-0.30,2.00,28.41,17,0,0
310221,0.33,0.30,0.40,30.35,18,18,0,0.06,0.00,0.10,28.72,18,18,0,0.38,0.30,0.40,29.02,18,18,0,0.80,0.80,0.80,28.55,18,18,0,0.18,0.10,0.20,28.91,18,18,0,0.77,0.70,0.80,28.95,18,18,0,0.70,-1.00,1.90,28.41,18,0,0
310721,0.33,0.30,0.40,30.34,17,17,0,0.01,-0.10,0.10,28.73,17,17,0,0.39,0.30,0.40,29.01,17,17,0,0.81,0.80,0.90,28.56,17,17,0,0.17,0.10,0.20,28.90,17,17,0,0.77,0.70,0.80,28.93,17,17,0,0.85,-0.60,1.80,28.41,17,0,0
311221,0.34,0.30,0.40,30.35,17,17,0,0.04,-0.10,0.10,28.71,17,17,0,0.39,0.30,0.40,29.03,17,17,0,0.81,0.80,0.90,28.56,17,17,0,0.16,0.10,0.20,28.92,17,17,0,0.78,0.70,0.80,28.93,17,17,0,0.86,-0.80,2.60,28.40,17,0,0
311721,0.31,0.30,0.40,30.35,17,17,0,0.03,0.00,0.10,28.72,17,17,0,0.39,0.30,0.40,29.02,17,17,0,0.79,0.70,0.80,28.56,17,17,0,0.18,0.10,0.20,28.92,17,17,0,0.78,0.70,0.80,28.94,17,17,0,0.80,-0.20,2.10,28.42,17,0,0
312222,0.34,0.30,0.40,30.34,17,17,0,0.04,0.00,0.10,28.74,17,17,0,0.38,0.30,0.40,29.01,17,17,0,0.80,0.80,0.80,28.57,17,17,0,0.17,0.10,0.20,28.90,17,17,0,0.79,0.70,0.80,28.94,17,17,0,0.58,-0.70,1.70,28.39,17,0,0
312735,0.34,0.30,0.40,30.35,18,18,0,0.03,-0.10,0.10,28.72,18,18,0,0.40,0.40,0.40,29.02,18,18,0,0.80,0.80,0.80,28.57,18,18,0,0.19,0.10,0.20,28.92,18,18,0,0.78,0.70,0.80,28.94,18,18,0,0.24,-0.60,1.40,28.43,18,0,0
313235,0.36,0.30,0.40,30.35,17,17,0,0.04,0.00,0.10,28.73,17,17,0,0.38,0.30,0.40,29.01,17,17,0,0.81,0.80,0.90,28.55,17,17,0,0.18,0.10,0.20,28.92,17,17,0,0.78,0.70,0.80,28.94,17,17,0,0.47,0.10,0.90,28.41,17,0,0
313735,0.34,0.30,0.40,30.36,17,17,0,0.03,-0.10,0.10,28.73,17,17,0,0.38,0.30,0.40,29.02,17,17,0,0.80,0.80,0.80,28.57,17,17,0,0.16,0.10,0.20,28.91,17,17,0,0.78,0.70,0.80,28.96,17,17,0,0.56,0.00,1.10,28.42,17,0,0
314235,0.34,0.30,0.40,30.35,17,17,0,0.02,-0.10,0.10,28.73,17,17,0,0.37,0.30,0.40,29.01,17,17,0,0.80,0.80,0.80,28.57,17,17,0,0.18,0.10,0.20,28.91,17,17,0,0.76,0.70,0.80,28.94,17,17,0,0.74,0.30,1.10,28.41,17,0,0
314735,0.32,0.30,0.40,30.35,17,17,0,0.05,-0.10,0.10,28.74,17,17,0,0.37,0.30,0.40,29.03,17,17,0,0.80,0.80,0.80,28.57,17,17,0,0.16,0.10,0.20,28.90,17,17,0,0.77,0.70,0.80,28.94,17,17,0,0.73,0.40,1.30,28.42,17,0,0
315242,0.36,0.30,0.40,30.34,18,18,0,0.02,-0.10,0.10,28.74,18,18,0,0.38,0.30,0.40,29.02,18,18,0,0.80,0.80,0.80,28.58,18,18,0,0.18,0.10,0.20,28.91,18,18,0,0.77,0.70,0.80,28.94,18,18,0,0.73,0.20,1.30,28.40,18,0,0
315742,0.36,0.30,0.40,30.34,17,17,0,0.02,-0.10,0.10,28.74,17,17,0,0.37,0.30,0.40,29.01,17,17,0,0.81,0.80,0.90,28.57,17,17,0,0.18,0.10,0.20,28.91,17,17,0,0.77,0.70,0.80,28.93,17,17,0,0.81,-0.10,1.60,28.41,17,0,0
316242,0.34,0.30,0.40,30.34,17,17,0,0.02,-0.10,0.10,28.75,17,17,0,0.39,0.30,0.40,29.02,17,17,0,0.80,0.80,0.80,28.58,17,17,0,0.20,0.20,0.20,28.91,17,17,0,0.77,0.70,0.80,28.95,17,17,0,0.81,0.50,1.10,28.42,17,0,0
316742,0.35,0.30,0.40,30.35,17,17,0,0.04,-0.10,0.10,28.73,17,17,0,0.36,0.30,0.40,29.03,17,17,0,0.80,0.80,0.80,28.59,17,17,0,0.18,0.10,0.20,28.90,17,17,0,0.78,0.70,0.80,28.95,17,17,0,0.66,-0.10,1.50,28.40,17,0,0
317242,0.36,0.30,0.40,30.34,17,17,0,0.03,0.00,0.10,28.75,17,17,0,0.38,0.30,0.40,29.03,17,17,0,0.80,0.80,0.80,28.57,17,17,0,0.19,0.10,0.20,28.91,17,17,0,0.78,0.70,0.80,28.95,17,17,0,0.72,-0.30,1.50,28.43,17,0,0
317755,0.37,0.30,0.40,30.34,18,18,0,0.02,-0.10,0.10,28.72,18,18,0,0.39,0.30,0.40,29.04,18,18,0,0.81,0.80,0.90,28.58,18,18,0,0.19,0.10,0.20,28.91,18,18,0,0.77,0.70,0.80,28.95,18,18,0,0.38,-0.10,0.90,28.43,18,0,0
318255,0.35,0.30,0.40,30.35,16,16,0,0.03,0.00,0.10,28.73,16,16,0,0.39,0.30,0.40,29.03,16,16,0,0.80,0.80,0.80,28.57,16,16,0,0.18,0.10,0.20,28.91,16,16,0,0.76,0.70,0.80,28.95,16,16,0,0.65,0.00,1.40,28.39,16,0,0
318768,0.32,0.30,0.40,30.36,18,18,0,0.02,-0.10,0.10,28.73,18,18,0,0.39,0.30,0.40,29.02,18,18,0,0.80,0.80,0.80,28.58,18,18,0,0.19,0.10,0.20,28.92,18,18,0,0.75,0.70,0.80,28.95,18,18,0,0.72,0.40,1.00,28.42,18,0,0
319268,0.34,0.30,0.40,30.35,17,17,0,0.01,-0.10,0.10,28.73,17,17,0,0.39,0.30,0.40,29.02,17,17,0,0.80,0.80,0.80,28.56,17,17,0,0.18,0.10,0.20,28.92,17,17,0,0.75,0.70,0.80,28.94,17,17,0,0.66,0.30,1.10,28.42,17,0,0
319774,0.33,0.30,0.40,30.36,18,18,0,0.03,0.00,0.10,28.74,18,18,0,0.37,0.30,0.40,29.04,18,18,0,0.80,0.80,0.80,28.57,18,18,0,0.17,0.10,0.20,28.92,18,18,0,0.78,0.70,0.80,28.92,18,18,0,0.58,0.10,1.00,28.42,18,0,0
320287,0.33,0.30,0.40,30.34,18,18,0,0.04,0.00,0.10,28.74,18,18,0,0.39,0.30,0.40,29.03,18,18,0,0.80,0.80,0.80,28.57,18,18,0,0.16,0.10,0.20,28.91,18,18,0,0.78,0.70,0.80,28.94,18,18,0,0.67,0.30,1.00,28.40,18,0,0
320787,0.36,0.30,0.40,30.37,17,17,0,0.04,0.00,0.10,28.74,17,17,0,0.39,0.30,0.40,29.02,17,17,0,0.80,0.80,0.80,28.57,17,17,0,0.19,0.10,0.20,28.92,17,17,0,0.77,0.70,0.80,28.96,17,17,0,0.72,0.40,1.30,28.42,17,0,0
321300,0.33,0.30,0.40,30.36,18,18,0,0.03,0.00,0.10,28.74,18,18,0,0.39,0.30,0.40,29.04,18,18,0,0.80,0.80,0.80,28.57,18,18,0,0.18,0.10,0.20,28.91,18,18,0,0.77,0.70,0.80,28.94,18,18,0,0.76,0.00,1.50,28.43,18,0,0
321802,0.35,0.30,0.40,30.35,17,17,0,0.04,-0.10,0.10,28.75,17,17,0,0.38,0.30,0.40,29.03,17,17,0,0.80,0.80,0.80,28.57,17,17,0,0.17,0.10,0.20,28.92,17,17,0,0.76,0.70,0.80,28.94,17,17,0,0.85,0.10,1.80,28.43,17,0,0
322302,0.33,0.30,0.40,30.36,18,18,0,0.05,0.00,0.10,28.73,18,18,0,0.38,0.30,0.40,29.03,18,18,0,0.80,0.80,0.80,28.59,18,18,0,0.18,0.10,0.20,28.91,18,18,0,0.78,0.70,0.80,28.95,18,18,0,0.71,0.10,1.30,28.41,18,0,0
322813,0.35,0.30,0.40,30.36,17,17,0,0.05,0.00,0.10,28.74,17,17,0,0.39,0.30,0.40,29.03,17,17,0,0.80,0.80,0.80,28.56,17,17,0,0.17,0.10,0.20,28.90,17,17,0,0.76,0.70,0.80,28.96,17,17,0,0.50,0.00,1.00,28.43,17,0,0
323317,0.35,0.30,0.40,30.36,17,17,0,0.02,-0.10,0.10,28.73,17,17,0,0.39,0.30,0.40,29.04,17,17,0,0.81,0.80,0.90,28.59,17,17,0,0.19,0.10,0.20,28.93,17,17,0,0.76,0.70,0.80,28.93,17,17,0,0.18,-0.40,0.70,28.43,17,0,0
323817,0.34,0.30,0.40,30.36,17,17,0,0.03,0.00,0.10,28.74,17,17,0,0.39,0.30,0.40,29.04,17,17,0,0.79,0.70,0.80,28.56,17,17,0,0.17,0.10,0.20,28.91,17,17,0,0.79,0.70,0.80,28.94,17,17,0,0.15,-0.20,0.50,28.42,17,0,0
324317,0.34,0.30,0.40,30.35,17,17,0,0.02,0.00,0.10,28.72,17,17,0,0.39,0.30,0.40,29.03,17,17,0,0.79,0.70,0.80,28.58,17,17,0,0.16,0.10,0.20,28.93,17,17,0,0.77,0.70,0.80,28.94,17,17,0,0.32,-0.10,0.60,28.41,17,0,0
324830,0.37,0.30,0.40,30.35,18,18,0,0.03,-0.10,0.10,28.73,18,18,0,0.39,0.30,0.40,29.02,18,18,0,0.80,0.80,0.80,28.57,18,18,0,0.19,0.10,0.20,28.92,18,18,0,0.78,0.70,0.80,28.95,18,18,0,0.31,-0.30,1.00,28.42,18,0,0
325343,0.34,0.30,0.40,30.34,18,18,0,0.03,-0.10,0.10,28.72,18,18,0,0.40,0.40,0.40,29.03,18,18,0,0.81,0.80,0.90,28.58,18,18,0,0.17,0.10,0.20,28.92,18,18,0,0.77,0.70,0.80,28.94,18,18,0,0.23,-0.10,0.50,28.41,18,0,0
325843,0.36,0.30,0.40,30.36,17,17,0,0.02,0.00,0.10,28.75,17,17,0,0.39,0.30,0.40,29.04,17,17,0,0.80,0.80,0.80,28.57,17,17,0,0.19,0.10,0.20,28.91,17,17,0,0.79,0.70,0.80,28.93,17,17,0,0.35,0.00,0.80,28.42,17,0,0
326343,0.33,0.30,0.40,30.35,17,17,0,0.04,0.00,0.10,28.74,17,17,0,0.38,0.30,0.40,29.03,17,17,0,0.81,0.80,0.90,28.58,17,17,0,0.18,0.10,0.20,28.91,17,17,0,0.79,0.70,0.80,28.94,17,17,0,0.45,-0.10,0.80,28.41,17,0,0
326843,0.34,0.30,0.40,30.35,17,17,0,0.02,-0.10,0.10,28.74,17,17,0,0.39,0.30,0.40,29.04,17,17,0,0.81,0.80,0.90,28.57,17,17,0,0.18,0.10,0.20,28.92,17,17,0,0.77,0.70,0.80,28.94,17,17,0,1.05,0.50,1.50,28.42,17,0,0
327355,0.33,0.30,0.40,30.35,18,18,0,0.04,0.00,0.10,28.73,18,18,0,0.38,0.30,0.40,29.04,18,18,0,0.81,0.80,0.90,28.57,18,18,0,0.17,0.10,0.20,28.92,18,18,0,0.77,0.70,0.80,28.95,18,18,0,1.74,1.40,2.10,28.45,18,0,0
327855,0.31,0.30,0.40,30.36,17,17,0,0.02,0.00,0.10,28.73,17,17,0,0.40,0.40,0.40,29.04,17,17,0,0.80,0.70,0.90,28.57,17,17,0,0.18,0.10,0.20,28.93,17,17,0,0.78,0.70,0.80,28.94,17,17,0,1.59,1.00,2.00,28.44,17,0,0
328355,0.34,0.30,0.40,30.37,17,17,0,0.04,0.00,0.10,28.73,17,17,0,0.40,0.40,0.40,29.05,17,17,0,0.80,0.80,0.80,28.56,17,17,0,0.18,0.10,0.20,28.93,17,17,0,0.78,0.70,0.80,28.96,17,17,0,1.20,0.90,1.50,28.44,17,0,0
328868,0.35,0.30,0.40,30.36,18,18,0,0.04,0.00,0.10,28.74,18,18,0,0.39,0.30,0.40,29.04,18,18,0,0.80,0.80,0.80,28.57,18,18,0,0.18,0.10,0.20,28.91,18,18,0,0.78,0.70,0.80,28.95,18,18,0,1.14,0.70,1.50,28.44,18,0,0
329368,0.34,0.30,0.40,30.37,17,17,0,0.05,0.00,0.10,28.73,17,17,0,0.38,0.30,0.40,29.04,17,17,0,0.79,0.70,0.80,28.59,17,17,0,0.18,0.10,0.20,28.93,17,17,0,0.77,0.70,0.80,28.94,17,17,0,1.12,0.70,1.60,28.43,17,0,0
329868,0.33,0.30,0.40,30.37,17,17,0,0.04,-0.10,0.10,28.75,17,17,0,0.38,0.30,0.40,29.03,17,17,0,0.79,0.70,0.80,28.58,17,17,0,0.19,0.10,0.20,28.92,17,17,0,0.75,0.70,0.80,28.93,17,17,0,1.10,0.50,1.90,28.43,17,0,0
330368,0.32,0.30,0.40,30.36,17,17,0,0.01,-0.10,0.10,28.72,17,17,0,0.38,0.30,0.40,29.03,17,17,0,0.80,0.80,0.80,28.58,17,17,0,0.16,0.10,0.20,28.94,17,17,0,0.79,0.70,0.80,28.96,17,17,0,1.10,0.80,1.60,28.44,17,0,0
330874,0.33,0.30,0.40,30.35,18,18,0,0.02,0.00,0.10,28.73,18,18,0,0.39,0.30,0.40,29.05,18,18,0,0.80,0.80,0.80,28.58,18,18,0,0.18,0.10,0.20,28.93,18,18,0,0.78,0.70,0.80,28.96,18,18,0,1.07,0.60,1.60,28.42,18,0,0
331380,0.36,0.30,0.40,30.35,18,18,0,0.02,-0.10,0.10,28.74,18,18,0,0.38,0.30,0.40,29.04,18,18,0,0.80,0.80,0.80,28.58,18,18,0,0.19,0.10,0.20,28.92,18,18,0,0.78,0.70,0.80,28.95,18,18,0,1.09,0.60,1.60,28.42,18,0,0
331880,0.33,0.30,0.40,30.35,17,17,0,0.04,0.00,0.10,28.74,17,17,0,0.39,0.30,0.40,29.05,17,17,0,0.82,0.80,0.90,28.57,17,17,0,0.16,0.10,0.20,28.93,17,17,0,0.78,0.70,0.80,28.96,17,17,0,0.86,-0.50,1.80,28.42,17,0,0
332383,0.35,0.30,0.40,30.37,17,17,0,0.01,-0.10,0.10,28.73,17,17,0,0.40,0.40,0.40,29.05,17,17,0,0.79,0.70,0.80,28.60,17,17,0,0.18,0.10,0.20,28.94,17,17,0,0.77,0.70,0.80,28.94,17,17,0,0.47,-0.10,1.30,28.43,17,0,0
332884,0.35,0.30,0.40,30.36,17,17,0,0.03,0.00,0.10,28.73,17,17,0,0.39,0.30,0.40,29.03,17,17,0,0.79,0.70,0.80,28.58,17,17,0,0.17,0.10,0.20,28.93,17,17,0,0.76,0.70,0.80,28.94,17,17,0,0.72,0.30,1.20,28.44,17,0,0
333384,0.34,0.30,0.40,30.36,17,17,0,0.04,0.00,0.10,28.72,17,17,0,0.38,0.30,0.40,29.05,17,17,0,0.80,0.80,0.80,28.58,17,17,0,0.19,0.10,0.20,28.93,17,17,0,0.76,0.70,0.80,28.95,17,17,0,0.89,0.50,1.40,28.46,17,0,0
333897,0.34,0.30,0.40,30.36,18,18,0,0.06,-0.10,0.10,28.74,18,18,0,0.40,0.40,0.40,29.04,18,18,0,0.80,0.80,0.80,28.58,18,18,0,0.18,0.10,0.20,28.93,18,18,0,0.79,0.70,0.80,28.94,18,18,0,0.97,0.50,1.40,28.44,18,0,0
334399,0.31,0.30,0.40,30.37,17,17,0,0.02,0.00,0.10,28.75,17,17,0,0.39,0.30,0.40,29.03,17,17,0,0.79,0.70,0.80,28.59,17,17,0,0.17,0.10,0.20,28.92,17,17,0,0.77,0.70,0.80,28.94,17,17,0,1.08,0.60,1.50,28.43,17,0,0
334899,0.32,0.30,0.40,30.38,17,17,0,0.04,0.00,0.10,28.73,17,17,0,0.38,0.30,0.40,29.04,17,17,0,0.80,0.80,0.80,28.58,17,17,0,0.20,0.20,0.20,28.91,17,17,0,0.78,0.70,0.80,28.96,17,17,0,1.31,-0.20,2.60,28.44,17,0,0
335399,0.35,0.30,0.40,30.36,17,17,0,0.02,-0.10,0.10,28.74,17,17,0,0.38,0.30,0.40,29.04,17,17,0,0.80,0.80,0.80,28.58,17,17,0,0.18,0.10,0.20,28.93,17,17,0,0.77,0.70,0.80,28.95,17,17,0,1.23,0.30,2.20,28.43,17,0,0
335899,0.35,0.30,0.40,30.36,17,17,0,0.03,-0.10,0.10,28.74,17,17,0,0.38,0.30,0.40,29.05,17,17,0,0.80,0.80,0.80,28.59,17,17,0,0.17,0.10,0.20,28.93,17,17,0,0.78,0.70,0.80,28.96,17,17,0,1.10,0.10,2.00,28.43,17,0,0
336403,0.35,0.30,0.40,30.36,17,17,0,0.06,0.00,0.10,28.75,17,17,0,0.39,0.30,0.40,29.06,17,17,0,0.81,0.80,0.90,28.59,17,17,0,0.18,0.10,0.20,28.93,17,17,0,0.77,0.70,0.80,28.94,17,17,0,0.99,-0.90,2.60,28.43,17,0,0
336906,0.34,0.30,0.40,30.37,17,17,0,0.04,-0.10,0.10,28.75,17,17,0,0.38,0.30,0.40,29.06,17,17,0,0.81,0.80,0.90,28.58,17,17,0,0.18,0.10,0.20,28.93,17,17,0,0.78,0.70,0.80,28.94,17,17,0,0.71,-0.40,2.10,28.43,17,0,0
337410,0.35,0.30,0.40,30.36,17,17,0,0.04,0.00,0.10,28.75,17,17,0,0.40,0.40,0.40,29.05,17,17,0,0.80,0.80,0.80,28.58,17,17,0,0.19,0.10,0.20,28.92,17,17,0,0.77,0.70,0.80,28.96,17,17,0,0.98,0.40,1.70,28.43,17,0,0
337910,0.36,0.30,0.40,30.39,16,16,0,0.06,0.00,0.10,28.74,16,16,0,0.39,0.30,0.40,29.04,16,16,0,0.81,0.80,0.90,28.59,16,16,0,0.17,0.10,0.20,28.93,16,16,0,0.79,0.70,0.80,28.95,16,16,0,0.88,0.30,1.30,28.43,16,0,0
338410,0.35,0.30,0.40,30.39,17,17,0,0.04,-0.10,0.10,28.73,17,17,0,0.39,0.30,0.40,29.04,17,17,0,0.80,0.80,0.80,28.58,17,17,0,0.18,0.10,0.20,28.94,17,17,0,0.77,0.70,0.80,28.95,17,17,0,1.00,0.40,1.60,28.45,17,0,0
338910,0.35,0.30,0.40,30.36,17,17,0,0.03,-0.10,0.10,28.74,17,17,0,0.38,0.30,0.40,29.05,17,17,0,0.80,0.70,0.90,28.59,17,17,0,0.18,0.10,0.20,28.94,17,17,0,0.78,0.70,0.80,28.96,17,17,0,0.65,-0.10,1.20,28.44,17,0,0
339410,0.34,0.30,0.40,30.37,17,17,0,0.04,0.00,0.10,28.75,17,17,0,0.39,0.30,0.40,29.05,17,17,0,0.81,0.80,0.90,28.59,17,17,0,0.19,0.10,0.20,28.94,17,17,0,0.77,0.70,0.80,28.96,17,17,0,2.61,-3.50,8.00,28.44,17,0,0
339910,0.34,0.30,0.40,30.35,17,17,0,0.06,0.00,0.10,28.74,17,17,0,0.39,0.30,0.40,29.05,17,17,0,0.80,0.70,0.90,28.58,17,17,0,0.19,0.10,0.20,28.92,17,17,0,0.78,0.70,0.80,28.96,17,17,0,40.64,16.20,53.70,28.45,17,0,0
340418,0.34,0.30,0.40,30.36,17,17,0,0.01,-0.10,0.10,28.74,17,17,0,0.39,0.30,0.40,29.07,17,17,0,0.79,0.70,0.80,28.60,17,17,0,0.19,0.10,0.20,28.92,17,17,0,0.80,0.80,0.80,28.95,17,17,0,74.94,61.40,99.40,28.35,17,0,0
340918,0.37,0.30,0.40,30.38,17,17,0,0.04,0.00,0.10,28.74,17,17,0,0.39,0.30,0.40,29.06,17,17,0,0.80,0.80,0.80,28.60,17,17,0,0.18,0.10,0.20,28.93,17,17,0,0.77,0.70,0.80,28.95,17,17,0,280.82,88.10,726.70,28.07,17,0,0
341423,0.33,0.30,0.40,30.37,17,17,0,0.02,-0.10,0.10,28.74,17,17,0,0.38,0.30,0.40,29.06,17,17,0,0.80,0.80,0.80,28.59,17,17,0,0.18,0.10,0.20,28.91,17,17,0,0.77,0.70,0.80,28.96,17,17,0,81.07,63.50,96.00,27.60,17,0,0
341923,0.33,0.30,0.40,30.37,17,17,0,0.05,-0.10,0.10,28.75,17,17,0,0.40,0.40,0.40,29.05,17,17,0,0.80,0.80,0.80,28.57,17,17,0,0.18,0.10,0.20,28.92,17,17,0,0.78,0.70,0.80,28.96,17,17,0,78.50,70.40,88.30,27.56,17,0,0
342423,0.35,0.30,0.40,30.38,17,17,0,0.05,-0.10,0.10,28.74,17,17,0,0.39,0.30,0.40,29.04,17,17,0,0.80,0.80,0.80,28.59,17,17,0,0.18,0.10,0.30,28.93,17,17,0,0.77,0.70,0.80,28.97,17,17,0,90.71,82.60,97.10,27.51,17,0,0
342923,0.34,0.30,0.40,30.36,17,17,0,0.02,-0.10,0.10,28.75,17,17,0,0.39,0.30,0.40,29.07,17,17,0,0.80,0.80,0.80,28.58,17,17,0,0.18,0.10,0.20,28.94,17,17,0,0.79,0.70,0.80,28.96,17,17,0,107.00,98.80,113.70,27.43,17,0,0
343423,0.34,0.30,0.40,30.37,17,17,0,0.04,-0.10,0.10,28.75,17,17,0,0.39,0.30,0.40,29.05,17,17,0,0.80,0.80,0.80,28.59,17,17,0,0.17,0.10,0.20,28.92,17,17,0,0.78,0.70,0.80,28.95,17,17,0,117.94,114.20,124.40,27.32,17,0,0
343923,0.33,0.30,0.40,30.38,17,17,0,0.02,0.00,0.10,28.75,17,17,0,0.38,0.30,0.40,29.05,17,17,0,0.80,0.80,0.80,28.59,17,17,0,0.18,0.10,0.20,28.93,17,17,0,0.79,0.70,0.80,28.96,17,17,0,127.85,124.70,132.20,27.19,17,0,0
344423,0.34,0.30,0.40,30.35,17,17,0,0.04,-0.10,0.10,28.76,17,17,0,0.39,0.30,0.40,29.06,17,17,0,0.80,0.80,0.80,28.59,17,17,0,0.18,0.10,0.20,28.94,17,17,0,0.78,0.70,0.80,28.97,17,17,0,131.75,125.80,139.50,27.09,17,0,0
344923,0.34,0.30,0.40,30.39,17,17,0,0.03,0.00,0.10,28.75,17,17,0,0.37,0.30,0.40,29.06,17,17,0,0.80,0.80,0.80,28.59,17,17,0,0.19,0.10,0.20,28.92,17,17,0,0.76,0.70,0.80,28.94,17,17,0,131.94,127.40,138.60,27.01,17,0,0
345423,0.34,0.30,0.40,30.37,17,17,0,0.03,0.00,0.10,28.75,17,17,0,0.39,0.30,0.40,29.05,17,17,0,0.80,0.80,0.80,28.58,17,17,0,0.18,0.10,0.20,28.93,17,17,0,0.78,0.70,0.80,28.96,17,17,0,133.93,129.50,139.80,26.93,17,0,0
345923,0.35,0.30,0.40,30.38,17,17,0,0.03,-0.10,0.10,28.77,17,17,0,0.39,0.30,0.40,29.06,17,17,0,0.79,0.70,0.80,28.60,17,17,0,0.18,0.10,0.20,28.94,17,17,0,0.76,0.70,0.80,28.95,17,17,0,135.61,132.40,141.30,26.88,17,0,0
346426,0.35,0.30,0.40,30.39,17,17,0,0.02,-0.10,0.10,28.76,17,17,0,0.39,0.30,0.40,29.06,17,17,0,0.80,0.80,0.80,28.60,17,17,0,0.19,0.10,0.20,28.93,17,17,0,0.78,0.70,0.80,28.97,17,17,0,137.89,133.50,142.40,26.81,17,0,0
346926,0.35,0.30,0.40,30.38,17,17,0,0.04,0.00,0.10,28.75,17,17,0,0.39,0.30,0.40,29.07,17,17,0,0.81,0.80,0.90,28.59,17,17,0,0.18,0.10,0.20,28.93,17,17,0,0.78,0.70,0.80,28.95,17,17,0,143.49,138.40,150.00,26.78,17,0,0
347430,0.36,0.30,0.40,30.38,17,17,0,0.04,0.00,0.10,28.75,17,17,0,0.38,0.30,0.40,29.07,17,17,0,0.80,0.80,0.80,28.61,17,17,0,0.16,0.10,0.20,28.91,17,17,0,0.76,0.70,0.80,28.95,17,17,0,152.68,146.90,157.70,26.71,17,0,0
347930,0.35,0.30,0.40,30.38,17,17,0,0.02,0.00,0.10,28.75,17,17,0,0.40,0.40,0.40,29.04,17,17,0,0.80,0.80,0.80,28.60,17,17,0,0.17,0.10,0.20,28.93,17,17,0,0.79,0.70,0.80,28.96,17,17,0,162.12,155.00,172.80,26.65,17,0,0
348434,0.36,0.30,0.40,30.37,17,17,0,0.01,-0.10,0.10,28.76,17,17,0,0.39,0.30,0.40,29.05,17,17,0,0.80,0.80,0.80,28.59,17,17,0,0.19,0.10,0.20,28.92,17,17,0,0.78,0.70,0.80,28.96,17,17,0,172.02,165.30,180.10,26.57,17,0,0
348934,0.34,0.30,0.40,30.37,17,17,0,0.03,-0.10,0.10,28.75,17,17,0,0.38,0.30,0.40,29.06,17,17,0,0.80,0.80,0.80,28.60,17,17,0,0.17,0.10,0.20,28.92,17,17,0,0.79,0.70,0.80,28.96,17,17,0,186.15,178.70,195.00,26.51,17,0,0
349435,0.35,0.30,0.40,30.37,17,17,0,0.06,0.00,0.10,28.75,17,17,0,0.38,0.30,0.40,29.07,17,17,0,0.80,0.80,0.80,28.60,17,17,0,0.17,0.10,0.30,28.93,17,17,0,0.79,0.70,0.80,28.95,17,17,0,199.92,192.30,208.20,26.41,17,0,0
349942,0.32,0.30,0.40,30.35,17,17,0,0.04,0.00,0.10,28.76,17,17,0,0.38,0.30,0.40,29.05,17,17,0,0.80,0.80,0.80,28.59,17,17,0,0.17,0.10,0.20,28.91,17,17,0,0.79,0.70,0.80,28.95,17,17,0,212.76,206.00,219.80,26.36,17,0,0
350448,0.35,0.30,0.40,30.38,17,17,0,0.05,0.00,0.10,28.75,17,17,0,0.38,0.30,0.40,29.06,17,17,0,0.79,0.70,0.80,28.61,17,17,0,0.18,0.10,0.20,28.91,17,17,0,0.79,0.70,0.80,28.95,17,17,0,226.21,220.30,234.70,26.30,17,0,0
350948,0.33,0.30,0.40,30.37,17,17,0,0.03,-0.10,0.10,28.75,17,17,0,0.37,0.30,0.40,29.07,17,17,0,0.80,0.80,0.80,28.59,17,17,0,0.18,0.10,0.20,28.93,17,17,0,0.77,0.70,0.80,28.95,17,17,0,240.20,233.00,248.60,26.23,17,0,0
351449,0.33,0.30,0.40,30.37,17,17,0,0.03,0.00,0.10,28.77,17,17,0,0.39,0.30,0.40,29.07,17,17,0,0.79,0.70,0.80,28.60,17,17,0,0.18,0.10,0.20,28.95,17,17,0,0.78,0.70,0.80,28.95,17,17,0,254.14,245.20,266.80,26.13,17,0,0
351949,0.32,0.30,0.40,30.36,17,17,0,0.05,0.00,0.10,28.75,17,17,0,0.38,0.30,0.40,29.06,17,17,0,0.80,0.80,0.80,28.60,17,17,0,0.18,0.10,0.20,28.94,17,17,0,0.77,0.70,0.80,28.96,17,17,0,265.89,258.50,275.90,26.09,17,0,0
352449,0.35,0.30,0.40,30.38,17,17,0,0.02,0.00,0.10,28.75,17,17,0,0.39,0.30,0.40,29.04,17,17,0,0.80,0.80,0.80,28.59,17,17,0,0.19,0.10,0.20,28.92,17,17,0,0.79,0.70,0.80,28.95,17,17,0,276.58,272.10,282.50,26.01,17,0,0
352949,0.34,0.30,0.40,30.38,17,17,0,0.04,0.00,0.10,28.76,17,17,0,0.38,0.30,0.40,29.08,17,17,0,0.79,0.70,0.80,28.59,17,17,0,0.18,0.10,0.20,28.92,17,17,0,0.79,0.70,0.80,28.95,17,17,0,285.62,277.70,295.60,25.97,17,0,0
353449,0.33,0.30,0.40,30.37,17,17,0,0.01,-0.10,0.10,28.74,17,17,0,0.38,0.30,0.40,29.05,17,17,0,0.79,0.70,0.80,28.60,17,17,0,0.17,0.10,0.20,28.93,17,17,0,0.77,0.70,0.80,28.95,17,17,0,291.39,287.20,296.90,25.92,17,0,0
353949,0.34,0.30,0.40,30.39,17,17,0,0.03,0.00,0.10,28.76,17,17,0,0.38,0.30,0.40,29.07,17,17,0,0.80,0.80,0.80,28.59,17,17,0,0.18,0.10,0.20,28.93,17,17,0,0.78,0.70,0.80,28.95,17,17,0,295.75,291.00,303.30,25.89,17,0,0
354449,0.35,0.30,0.40,30.39,17,17,0,0.02,-0.10,0.10,28.75,17,17,0,0.39,0.30,0.40,29.06,17,17,0,0.80,0.80,0.80,28.59,17,17,0,0.17,0.10,0.20,28.92,17,17,0,0.78,0.70,0.80,28.97,17,17,0,299.70,295.30,308.80,25.85,17,0,0
354949,0.34,0.30,0.40,30.38,17,17,0,0.03,-0.10,0.10,28.76,17,17,0,0.39,0.30,0.40,29.06,17,17,0,0.80,0.80,0.80,28.60,17,17,0,0.18,0.10,0.20,28.93,17,17,0,0.77,0.70,0.80,28.95,17,17,0,300.56,294.50,310.00,25.81,17,0,0
355449,0.36,0.30,0.40,30.39,17,17,0,0.04,0.00,0.10,28.76,17,17,0,0.38,0.30,0.40,29.04,17,17,0,0.81,0.80,0.90,28.60,17,17,0,0.17,0.10,0.20,28.94,17,17,0,0.77,0.70,0.80,28.95,17,17,0,297.63,291.40,304.00,25.80,17,0,0
355953,0.35,0.30,0.40,30.38,17,17,0,0.02,-0.10,0.10,28.76,17,17,0,0.39,0.30,0.40,29.06,17,17,0,0.79,0.70,0.80,28.59,17,17,0,0.19,0.10,0.20,28.93,17,17,0,0.79,0.70,0.80,28.96,17,17,0,296.21,291.60,305.90,25.78,17,0,0
356454,0.35,0.30,0.40,30.35,17,17,0,0.02,0.00,0.10,28.75,17,17,0,0.39,0.30,0.40,29.07,17,17,0,0.81,0.80,0.90,28.61,17,17,0,0.16,0.10,0.20,28.93,17,17,0,0.76,0.70,0.80,28.97,17,17,0,293.88,290.30,302.70,25.77,17,0,0
356954,0.34,0.30,0.40,30.37,16,16,0,0.04,0.00,0.10,28.76,16,16,0,0.38,0.30,0.40,29.05,16,16,0,0.81,0.80,0.90,28.61,16,16,0,0.18,0.10,0.20,28.96,16,16,0,0.78,0.70,0.80,28.95,16,16,0,291.62,287.20,297.70,25.75,16,0,0
357454,0.31,0.30,0.40,30.38,17,17,0,0.06,0.00,0.10,28.78,17,17,0,0.39,0.30,0.40,29.08,17,17,0,0.80,0.80,0.80,28.61,17,17,0,0.19,0.10,0.20,28.93,17,17,0,0.77,0.70,0.80,28.96,17,17,0,289.29,285.10,296.10,25.72,17,0,0
357958,0.34,0.30,0.40,30.38,17,17,0,0.04,-0.10,0.10,28.76,17,17,0,0.38,0.30,0.40,29.05,17,17,0,0.81,0.80,0.90,28.60,17,17,0,0.20,0.10,0.30,28.93,17,17,0,0.78,0.70,0.80,28.97,17,17,0,282.98,276.20,289.40,25.72,17,0,0
358459,0.35,0.30,0.40,30.38,17,17,0,0.04,-0.10,0.10,28.76,17,17,0,0.38,0.30,0.40,29.08,17,17,0,0.80,0.80,0.80,28.60,17,17,0,0.17,0.10,0.20,28.94,17,17,0,0.79,0.70,0.80,28.97,17,17,0,275.79,271.10,281.50,25.71,17,0,0
358959,0.35,0.30,0.40,30.38,17,17,0,0.02,-0.10,0.10,28.75,17,17,0,0.36,0.30,0.40,29.06,17,17,0,0.81,0.80,0.90,28.60,17,17,0,0.19,0.10,0.20,28.93,17,17,0,0.78,0.70,0.80,28.96,17,17,0,269.89,264.00,276.50,25.70,17,0,0
359459,0.35,0.30,0.40,30.37,17,17,0,0.03,0.00,0.10,28.75,17,17,0,0.37,0.30,0.40,29.08,17,17,0,0.80,0.80,0.80,28.60,17,17,0,0.19,0.10,0.20,28.93,17,17,0,0.75,0.70,0.80,28.97,17,17,0,264.58,259.90,272.10,25.71,17,0,0
359959,0.34,0.30,0.40,30.37,17,17,0,0.02,-0.10,0.10,28.76,17,17,0,0.37,0.30,0.40,29.08,17,17,0,0.81,0.80,0.90,28.60,17,17,0,0.17,0.10,0.20,28.94,17,17,0,0.78,0.70,0.80,28.97,17,17,0,259.92,256.10,265.10,25.69,17,0,0
360459,0.33,0.30,0.40,30.37,17,17,0,0.02,-0.10,0.10,28.76,17,17,0,0.38,0.30,0.40,29.06,17,17,0,0.80,0.70,0.90,28.61,17,17,0,0.19,0.10,0.20,28.94,17,17,0,0.77,0.70,0.80,28.98,17,17,0,256.15,250.50,262.30,25.71,17,0,0
360959,0.34,0.30,0.40,30.39,17,17,0,0.04,0.00,0.10,28.76,17,17,0,0.37,0.30,0.40,29.06,17,17,0,0.79,0.70,0.80,28.61,17,17,0,0.19,0.10,0.20,28.94,17,17,0,0.80,0.80,0.80,28.98,17,17,0,253.74,249.70,260.50,25.70,17,0,0
361459,0.34,0.30,0.40,30.38,17,17,0,0.04,0.00,0.10,28.76,17,17,0,0.38,0.30,0.40,29.07,17,17,0,0.80,0.80,0.80,28.60,17,17,0,0.19,0.10,0.20,28.94,17,17,0,0.78,0.70,0.80,28.97,17,17,0,251.32,243.60,259.80,25.69,17,0,0
361959,0.33,0.30,0.40,30.37,17,17,0,0.00,-0.10,0.10,28.78,17,17,0,0.38,0.30,0.40,29.06,17,17,0,0.80,0.80,0.80,28.60,17,17,0,0.16,0.10,0.20,28.94,17,17,0,0.78,0.70,0.80,28.97,17,17,0,249.72,244.70,256.20,25.70,17,0,0
362459,0.34,0.30,0.40,30.39,17,17,0,0.03,-0.10,0.10,28.77,17,17,0,0.39,0.30,0.40,29.07,17,17,0,0.80,0.80,0.80,28.60,17,17,0,0.17,0.10,0.20,28.94,17,17,0,0.76,0.70,0.80,28.98,17,17,0,250.54,244.10,260.70,25.68,17,0,0
362959,0.34,0.30,0.40,30.38,17,17,0,0.04,0.00,0.10,28.76,17,17,0,0.38,0.30,0.40,29.06,17,17,0,0.80,0.80,0.80,28.60,17,17,0,0.17,0.10,0.20,28.94,17,17,0,0.78,0.70,0.80,28.96,17,17,0,252.33,248.70,259.30,25.67,17,0,0
363459,0.35,0.30,0.40,30.39,17,17,0,0.04,-0.10,0.10,28.76,17,17,0,0.38,0.30,0.40,29.07,17,17,0,0.81,0.80,0.90,28.62,17,17,0,0.18,0.10,0.20,28.94,17,17,0,0.77,0.70,0.80,28.96,17,17,0,252.79,247.50,258.70,25.68,17,0,0
363959,0.32,0.30,0.40,30.39,17,17,0,0.02,-0.10,0.10,28.77,17,17,0,0.39,0.30,0.40,29.08,17,17,0,0.80,0.80,0.80,28.60,17,17,0,0.19,0.10,0.20,28.95,17,17,0,0.79,0.70,0.80,28.96,17,17,0,253.16,249.30,258.00,25.66,17,0,0
364459,0.32,0.30,0.40,30.39,17,17,0,0.04,0.00,0.10,28.75,17,17,0,0.38,0.30,0.40,29.08,17,17,0,0.80,0.80,0.80,28.61,17,17,0,0.17,0.10,0.20,28.94,17,17,0,0.76,0.70,0.80,28.96,17,17,0,253.78,250.20,259.60,25.66,17,0,0
364959,0.34,0.30,0.40,30.39,17,17,0,0.02,-0.10,0.10,28.78,17,17,0,0.38,0.30,0.40,29.07,17,17,0,0.80,0.80,0.80,28.61,17,17,0,0.18,0.10,0.20,28.94,17,17,0,0.76,0.70,0.80,28.97,17,17,0,252.90,249.60,260.10,25.63,17,0,0
365459,0.33,0.30,0.40,30.39,17,17,0,0.04,0.00,0.10,28.77,17,17,0,0.37,0.30,0.40,29.08,17,17,0,0.80,0.80,0.80,28.61,17,17,0,0.17,0.10,0.20,28.95,17,17,0,0.78,0.70,0.80,28.97,17,17,0,247.83,243.20,253.30,25.63,17,0,0
365959,0.35,0.30,0.40,30.37,17,17,0,0.05,0.00,0.10,28.78,17,17,0,0.39,0.30,0.40,29.08,17,17,0,0.80,0.80,0.80,28.62,17,17,0,0.17,0.10,0.20,28.93,17,17,0,0.79,0.70,0.80,28.96,17,17,0,244.05,239.90,249.10,25.62,17,0,0
366462,0.34,0.30,0.40,30.39,17,17,0,0.03,-0.10,0.10,28.78,17,17,0,0.39,0.30,0.40,29.07,17,17,0,0.80,0.80,0.80,28.61,17,17,0,0.18,0.10,0.30,28.94,17,17,0,0.76,0.70,0.80,28.97,17,17,0,241.78,239.00,250.80,25.63,17,0,0
366962,0.35,0.30,0.40,30.39,17,17,0,0.04,-0.10,0.10,28.77,17,17,0,0.39,0.30,0.40,29.09,17,17,0,0.80,0.80,0.80,28.59,17,17,0,0.19,0.10,0.20,28.94,17,17,0,0.77,0.70,0.80,28.94,17,17,0,239.19,234.60,246.00,25.65,17,0,0
367462,0.36,0.30,0.40,30.38,17,17,0,0.04,-0.10,0.10,28.78,17,17,0,0.38,0.30,0.40,29.07,17,17,0,0.80,0.80,0.80,28.60,17,17,0,0.18,0.10,0.20,28.96,17,17,0,0.77,0.70,0.80,28.96,17,17,0,237.84,232.70,242.10,25.64,17,0,0
367962,0.34,0.30,0.40,30.40,17,17,0,0.06,-0.10,0.10,28.76,17,17,0,0.38,0.30,0.40,29.07,17,17,0,0.80,0.80,0.80,28.60,17,17,0,0.18,0.10,0.20,28.95,17,17,0,0.78,0.70,0.80,28.96,17,17,0,239.76,237.10,246.10,25.63,17,0,0
368464,0.34,0.30,0.40,30.40,17,17,0,0.02,-0.10,0.10,28.77,17,17,0,0.37,0.30,0.40,29.08,17,17,0,0.80,0.80,0.80,28.59,17,17,0,0.18,0.10,0.20,28.95,17,17,0,0.79,0.70,0.80,28.97,17,17,0,241.24,236.70,248.40,25.62,17,0,0
368968,0.33,0.30,0.40,30.38,17,17,0,0.04,0.00,0.10,28.76,17,17,0,0.38,0.30,0.40,29.08,17,17,0,0.79,0.70,0.80,28.62,17,17,0,0.16,0.10,0.20,28.95,17,17,0,0.79,0.70,0.80,28.97,17,17,0,242.42,239.00,247.10,25.59,17,0,0
369468,0.35,0.30,0.40,30.38,17,17,0,0.05,-0.10,0.10,28.76,17,17,0,0.38,0.30,0.40,29.09,17,17,0,0.80,0.80,0.80,28.60,17,17,0,0.13,0.10,0.20,28.95,17,17,0,0.79,0.70,0.80,28.96,17,17,0,244.68,240.70,253.10,25.57,17,0,0
369974,0.32,0.30,0.40,30.40,17,17,0,0.02,0.00,0.10,28.77,17,17,0,0.38,0.30,0.40,29.08,17,17,0,0.80,0.80,0.80,28.59,17,17,0,0.19,0.10,0.20,28.95,17,17,0,0.78,0.70,0.80,28.98,17,17,0,247.02,243.80,252.30,25.59,17,0,0
370474,0.34,0.30,0.40,30.39,17,17,0,0.04,-0.10,0.10,28.77,17,17,0,0.38,0.30,0.40,29.09,17,17,0,0.80,0.80,0.80,28.61,17,17,0,0.19,0.10,0.20,28.94,17,17,0,0.78,0.70,0.80,28.97,17,17,0,249.65,245.10,256.70,25.59,17,0,0
370974,0.34,0.30,0.40,30.37,17,17,0,0.05,-0.10,0.10,28.78,17,17,0,0.38,0.30,0.40,29.07,17,17,0,0.80,0.80,0.80,28.62,17,17,0,0.17,0.10,0.20,28.95,17,17,0,0.76,0.70,0.80,28.98,17,17,0,250.09,246.80,255.60,25.56,17,0,0
371474,0.34,0.30,0.40,30.39,17,17,0,0.03,-0.10,0.10,28.77,17,17,0,0.38,0.30,0.40,29.07,17,17,0,0.80,0.80,0.80,28.61,17,17,0,0.16,0.10,0.20,28.94,17,17,0,0.78,0.70,0.80,28.97,17,17,0,251.82,247.90,259.90,25.55,17,0,0
371974,0.34,0.30,0.40,30.37,17,17,0,0.06,-0.10,0.10,28.77,17,17,0,0.37,0.30,0.40,29.09,17,17,0,0.80,0.80,0.80,28.62,17,17,0,0.19,0.10,0.20,28.95,17,17,0,0.79,0.70,0.80,28.96,17,17,0,252.06,248.70,257.70,25.55,17,0,0
372477,0.33,0.30,0.40,30.38,17,17,0,0.04,0.00,0.10,28.78,17,17,0,0.38,0.30,0.40,29.09,17,17,0,0.81,0.80,0.90,28.60,17,17,0,0.19,0.10,0.20,28.93,17,17,0,0.77,0.70,0.80,28.97,17,17,0,249.62,245.90,256.90,25.54,17,0,0
372978,0.34,0.30,0.40,30.38,17,17,0,0.04,-0.10,0.10,28.79,17,17,0,0.38,0.30,0.40,29.08,17,17,0,0.80,0.80,0.80,28.62,17,17,0,0.19,0.10,0.20,28.95,17,17,0,0.78,0.70,0.80,28.98,17,17,0,247.34,243.10,252.00,25.52,17,0,0
373478,0.32,0.30,0.40,30.38,17,17,0,0.05,0.00,0.10,28.77,17,17,0,0.38,0.30,0.40,29.08,17,17,0,0.80,0.80,0.80,28.63,17,17,0,0.19,0.10,0.20,28.96,17,17,0,0.78,0.70,0.80,28.95,17,17,0,245.81,242.60,249.80,25.52,17,0,0
373978,0.34,0.30,0.40,30.40,17,17,0,0.04,-0.10,0.10,28.76,17,17,0,0.38,0.30,0.40,29.08,17,17,0,0.81,0.80,0.90,28.61,17,17,0,0.16,0.10,0.20,28.95,17,17,0,0.79,0.70,0.80,28.98,17,17,0,244.08,239.50,248.60,25.51,17,0,0
374478,0.35,0.30,0.40,30.38,17,17,0,0.04,-0.10,0.10,28.76,17,17,0,0.38,0.30,0.40,29.10,17,17,0,0.80,0.80,0.80,28.61,17,17,0,0.18,0.10,0.20,28.96,17,17,0,0.79,0.70,0.80,28.99,17,17,0,243.66,239.70,250.10,25.50,17,0,0
374978,0.34,0.30,0.40,30.39,17,17,0,0.03,0.00,0.10,28.78,17,17,0,0.38,0.30,0.40,29.08,17,17,0,0.81,0.80,0.90,28.62,17,17,0,0.15,0.10,0.20,28.95,17,17,0,0.79,0.70,0.80,28.99,17,17,0,244.29,241.30,250.70,25.49,17,0,0
375478,0.32,0.30,0.40,30.39,17,17,0,0.04,0.00,0.10,28.78,17,17,0,0.38,0.30,0.40,29.08,17,17,0,0.80,0.80,0.80,28.63,17,17,0,0.19,0.10,0.20,28.96,17,17,0,0.79,0.70,0.80,28.96,17,17,0,243.55,239.60,249.20,25.50,17,0,0
375978,0.30,0.30,0.30,30.40,16,16,0,0.04,0.00,0.10,28.77,16,16,0,0.36,0.30,0.40,29.07,16,16,0,0.82,0.80,0.90,28.61,16,16,0,0.19,0.10,0.20,28.94,16,16,0,0.78,0.70,0.80,28.97,16,16,0,245.97,240.40,255.50,25.48,16,0,0
376478,0.35,0.30,0.40,30.39,17,17,0,0.05,0.00,0.10,28.77,17,17,0,0.37,0.30,0.40,29.09,17,17,0,0.80,0.80,0.80,28.61,17,17,0,0.18,0.10,0.20,28.94,17,17,0,0.78,0.70,0.80,28.98,17,17,0,249.13,242.60,257.70,25.48,17,0,0
376978,0.35,0.30,0.40,30.39,17,17,0,0.01,-0.10,0.10,28.78,17,17,0,0.38,0.30,0.40,29.10,17,17,0,0.81,0.80,0.90,28.60,17,17,0,0.18,0.10,0.20,28.94,17,17,0,0.79,0.70,0.80,28.96,17,17,0,252.10,244.50,263.50,25.48,17,0,0
377479,0.33,0.30,0.40,30.40,17,17,0,0.02,0.00,0.10,28.77,17,17,0,0.39,0.30,0.40,29.08,17,17,0,0.80,0.80,0.80,28.63,17,17,0,0.17,0.10,0.20,28.95,17,17,0,0.79,0.70,0.80,28.96,17,17,0,253.04,245.00,262.50,25.49,17,0,0
377979,0.34,0.30,0.40,30.40,17,17,0,0.02,0.00,0.10,28.77,17,17,0,0.38,0.30,0.40,29.07,17,17,0,0.80,0.80,0.80,28.61,17,17,0,0.19,0.10,0.20,28.95,17,17,0,0.79,0.70,0.80,28.98,17,17,0,254.46,249.60,260.10,25.46,17,0,0
378479,0.35,0.30,0.40,30.40,17,17,0,0.01,-0.10,0.10,28.78,17,17,0,0.38,0.30,0.40,29.08,17,17,0,0.80,0.80,0.80,28.61,17,17,0,0.18,0.10,0.20,28.95,17,17,0,0.77,0.70,0.80,28.97,17,17,0,257.42,250.80,266.40,25.45,17,0,0
378979,0.34,0.30,0.40,30.39,17,17,0,0.03,0.00,0.10,28.78,17,17,0,0.39,0.30,0.40,29.08,17,17,0,0.80,0.70,0.90,28.62,17,17,0,0.19,0.10,0.20,28.95,17,17,0,0.78,0.70,0.80,28.98,17,17,0,257.99,251.30,264.00,25.44,17,0,0
379483,0.35,0.30,0.40,30.40,17,17,0,0.02,-0.10,0.10,28.78,17,17,0,0.39,0.30,0.40,29.08,17,17,0,0.80,0.80,0.80,28.59,17,17,0,0.18,0.10,0.30,28.96,17,17,0,0.78,0.70,0.80,28.98,17,17,0,255.79,244.30,271.30,25.43,17,0,0
379983,0.35,0.30,0.40,30.41,17,17,0,0.06,0.00,0.10,28.78,17,17,0,0.38,0.30,0.40,29.09,17,17,0,0.80,0.80,0.80,28.62,17,17,0,0.17,0.10,0.30,28.95,17,17,0,0.78,0.70,0.80,28.97,17,17,0,252.96,242.60,260.60,25.41,17,0,0
380493,0.34,0.30,0.40,30.38,17,17,0,0.04,-0.10,0.10,28.76,17,17,0,0.38,0.30,0.40,29.09,17,17,0,0.80,0.80,0.80,28.61,17,17,0,0.19,0.10,0.20,28.94,17,17,0,0.76,0.70,0.80,28.96,17,17,0,248.50,236.80,258.40,25.44,17,0,0
381000,0.35,0.30,0.40,30.39,17,17,0,0.04,0.00,0.10,28.79,17,17,0,0.39,0.30,0.40,29.07,17,17,0,0.80,0.80,0.80,28.62,17,17,0,0.16,0.10,0.20,28.95,17,17,0,0.77,0.70,0.80,28.96,17,17,0,245.61,238.20,252.70,25.43,17,0,0
381501,0.35,0.30,0.40,30.39,17,17,0,0.03,0.00,0.10,28.78,17,17,0,0.38,0.30,0.40,29.09,17,17,0,0.80,0.80,0.80,28.62,17,17,0,0.17,0.10,0.20,28.96,17,17,0,0.78,0.70,0.80,28.97,17,17,0,244.11,240.00,251.30,25.42,17,0,0
382004,0.34,0.30,0.40,30.41,17,17,0,0.04,0.00,0.10,28.78,17,17,0,0.38,0.30,0.40,29.08,17,17,0,0.80,0.80,0.80,28.60,17,17,0,0.18,0.10,0.20,28.93,17,17,0,0.76,0.70,0.80,28.97,17,17,0,244.78,240.40,251.10,25.43,17,0,0
382504,0.34,0.30,0.40,30.39,17,17,0,0.02,-0.10,0.10,28.77,17,17,0,0.39,0.30,0.40,29.07,17,17,0,0.80,0.80,0.80,28.61,17,17,0,0.18,0.10,0.20,28.95,17,17,0,0.76,0.70,0.80,28.98,17,17,0,243.78,236.50,250.50,25.42,17,0,0
383004,0.33,0.30,0.40,30.39,17,17,0,0.05,-0.10,0.10,28.80,17,17,0,0.37,0.30,0.40,29.09,17,17,0,0.80,0.80,0.80,28.61,17,17,0,0.18,0.10,0.20,28.95,17,17,0,0.76,0.70,0.80,28.98,17,17,0,243.26,233.60,250.90,25.42,17,0,0
383504,0.34,0.30,0.40,30.38,17,17,0,0.04,0.00,0.10,28.77,17,17,0,0.38,0.30,0.40,29.09,17,17,0,0.80,0.80,0.80,28.61,17,17,0,0.17,0.10,0.20,28.95,17,17,0,0.77,0.70,0.80,28.98,17,17,0,247.71,235.50,256.20,25.41,17,0,0
384004,0.34,0.30,0.40,30.40,17,17,0,0.03,-0.10,0.10,28.78,17,17,0,0.38,0.30,0.40,29.08,17,17,0,0.81,0.80,0.90,28.62,17,17,0,0.18,0.10,0.20,28.94,17,17,0,0.76,0.70,0.80,28.97,17,17,0,252.31,242.20,265.60,25.42,17,0,0
384504,0.35,0.30,0.40,30.40,17,17,0,0.04,-0.10,0.10,28.77,17,17,0,0.38,0.30,0.40,29.09,17,17,0,0.80,0.80,0.80,28.62,17,17,0,0.19,0.10,0.20,28.94,17,17,0,0.79,0.70,0.80,28.98,17,17,0,252.99,242.80,264.40,25.40,17,0,0
385004,0.34,0.30,0.40,30.40,17,17,0,0.03,-0.10,0.10,28.78,17,17,0,0.39,0.30,0.40,29.09,17,17,0,0.80,0.80,0.80,28.62,17,17,0,0.18,0.10,0.20,28.95,17,17,0,0.78,0.70,0.80,28.96,17,17,0,255.28,249.40,265.40,25.40,17,0,0
385504,0.33,0.30,0.40,30.41,17,17,0,0.04,0.00,0.10,28.78,17,17,0,0.38,0.30,0.40,29.08,17,17,0,0.80,0.80,0.80,28.63,17,17,0,0.17,0.10,0.20,28.96,17,17,0,0.78,0.70,0.80,28.99,17,17,0,259.34,254.90,268.20,25.38,17,0,0
386004,0.35,0.30,0.40,30.40,17,17,0,0.04,0.00,0.10,28.77,17,17,0,0.39,0.30,0.40,29.09,17,17,0,0.81,0.80,0.90,28.62,17,17,0,0.19,0.10,0.20,28.95,17,17,0,0.78,0.70,0.80,28.95,17,17,0,260.35,255.60,265.20,25.37,17,0,0
386504,0.34,0.30,0.40,30.40,17,17,0,0.03,-0.10,0.10,28.78,17,17,0,0.38,0.30,0.40,29.09,17,17,0,0.80,0.80,0.80,28.63,17,17,0,0.17,0.10,0.20,28.93,17,17,0,0.77,0.70,0.80,28.98,17,17,0,259.08,253.90,265.80,25.36,17,0,0
387004,0.35,0.30,0.40,30.39,17,17,0,0.01,-0.10,0.10,28.78,17,17,0,0.38,0.30,0.40,29.11,17,17,0,0.80,0.80,0.80,28.61,17,17,0,0.16,0.10,0.20,28.94,17,17,0,0.79,0.70,0.80,28.98,17,17,0,255.59,251.00,262.40,25.37,17,0,0
387508,0.34,0.30,0.40,30.40,17,17,0,0.04,0.00,0.10,28.79,17,17,0,0.38,0.30,0.40,29.10,17,17,0,0.80,0.80,0.80,28.62,17,17,0,0.18,0.10,0.20,28.95,17,17,0,0.77,0.70,0.80,28.97,17,17,0,252.42,247.10,258.00,25.33,17,0,0
388008,0.36,0.30,0.40,30.40,17,17,0,0.03,-0.10,0.10,28.79,17,17,0,0.38,0.30,0.40,29.10,17,17,0,0.81,0.80,0.90,28.62,17,17,0,0.19,0.10,0.20,28.95,17,17,0,0.76,0.70,0.80,28.97,17,17,0,249.42,245.60,257.40,25.34,17,0,0
388509,0.31,0.30,0.40,30.39,17,17,0,0.02,0.00,0.10,28.79,17,17,0,0.37,0.30,0.40,29.09,17,17,0,0.81,0.80,0.90,28.62,17,17,0,0.19,0.10,0.20,28.95,17,17,0,0.78,0.70,0.80,28.97,17,17,0,248.94,246.10,254.60,25.34,17,0,0
389013,0.34,0.30,0.40,30.39,17,17,0,0.02,0.00,0.10,28.78,17,17,0,0.38,0.30,0.40,29.09,17,17,0,0.80,0.80,0.80,28.61,17,17,0,0.16,0.10,0.20,28.95,17,17,0,0.78,0.70,0.80,28.97,17,17,0,249.68,244.60,258.30,25.35,17,0,0
389513,0.33,0.30,0.40,30.39,17,17,0,0.02,-0.10,0.10,28.80,17,17,0,0.39,0.30,0.40,29.10,17,17,0,0.80,0.80,0.80,28.62,17,17,0,0.18,0.10,0.20,28.94,17,17,0,0.77,0.70,0.80,28.96,17,17,0,248.53,244.50,255.50,25.35,17,0,0
390013,0.34,0.30,0.40,30.41,17,17,0,0.00,-0.10,0.10,28.79,17,17,0,0.37,0.30,0.40,29.08,17,17,0,0.80,0.80,0.80,28.61,17,17,0,0.17,0.10,0.20,28.97,17,17,0,0.78,0.70,0.80,28.97,17,17,0,249.00,245.60,255.20,25.35,17,0,0
390513,0.37,0.30,0.40,30.40,17,17,0,0.05,0.00,0.10,28.77,17,17,0,0.36,0.30,0.40,29.10,17,17,0,0.80,0.80,0.80,28.62,17,17,0,0.18,0.10,0.20,28.96,17,17,0,0.79,0.70,0.80,28.97,17,17,0,253.22,250.00,259.90,25.35,17,0,0
391018,0.34,0.30,0.40,30.41,17,17,0,0.05,0.00,0.10,28.79,17,17,0,0.39,0.30,0.40,29.12,17,17,0,0.81,0.80,0.90,28.62,17,17,0,0.20,0.20,0.20,28.94,17,17,0,0.78,0.70,0.80,28.97,17,17,0,254.63,248.70,261.50,25.32,17,0,0
391519,0.32,0.30,0.40,30.40,17,17,0,0.04,-0.10,0.10,28.78,17,17,0,0.38,0.30,0.40,29.10,17,17,0,0.80,0.80,0.80,28.63,17,17,0,0.17,0.10,0.20,28.95,17,17,0,0.78,0.70,0.80,28.99,17,17,0,255.72,250.80,260.50,25.30,17,0,0
392020,0.35,0.30,0.40,30.41,17,17,0,0.04,-0.10,0.10,28.78,17,17,0,0.38,0.30,0.40,29.09,17,17,0,0.80,0.80,0.80,28.61,17,17,0,0.18,0.10,0.20,28.96,17,17,0,0.78,0.70,0.80,28.98,17,17,0,257.81,254.90,262.20,25.30,17,0,0
392523,0.35,0.30,0.40,30.39,17,17,0,0.02,-0.10,0.10,28.79,17,17,0,0.37,0.30,0.40,29.08,17,17,0,0.80,0.70,0.90,28.62,17,17,0,0.19,0.10,0.20,28.95,17,17,0,0.78,0.70,0.80,28.97,17,17,0,260.40,255.40,265.20,25.31,17,0,0
393023,0.35,0.30,0.40,30.39,17,17,0,0.02,-0.10,0.10,28.77,17,17,0,0.38,0.30,0.40,29.10,17,17,0,0.81,0.80,0.90,28.62,17,17,0,0.18,0.10,0.20,28.94,17,17,0,0.78,0.70,0.80,28.97,17,17,0,261.42,256.20,267.10,25.29,17,0,0
393523,0.35,0.30,0.40,30.39,17,17,0,0.04,0.00,0.10,28.79,17,17,0,0.38,0.30,0.40,29.09,17,17,0,0.80,0.80,0.80,28.63,17,17,0,0.19,0.10,0.20,28.96,17,17,0,0.76,0.70,0.80,28.97,17,17,0,258.58,247.90,269.00,25.29,17,0,0
394024,0.34,0.30,0.40,30.39,17,17,0,0.04,-0.10,0.10,28.78,17,17,0,0.38,0.30,0.40,29.09,17,17,0,0.81,0.80,0.90,28.61,17,17,0,0.19,0.10,0.20,28.97,17,17,0,0.78,0.70,0.80,28.98,17,17,0,257.12,247.30,271.00,25.28,17,0,0
394524,0.33,0.30,0.40,30.40,17,17,0,0.03,0.00,0.10,28.78,17,17,0,0.37,0.30,0.40,29.11,17,17,0,0.80,0.80,0.80,28.61,17,17,0,0.19,0.10,0.20,28.97,17,17,0,0.76,0.70,0.80,28.97,17,17,0,254.96,245.90,265.20,25.30,17,0,0
395024,0.35,0.30,0.40,30.40,17,17,0,0.04,0.00,0.10,28.79,17,17,0,0.39,0.30,0.40,29.11,17,17,0,0.80,0.80,0.80,28.61,17,17,0,0.17,0.10,0.20,28.95,17,17,0,0.77,0.70,0.80,28.97,17,17,0,252.09,246.70,261.20,25.28,17,0,0
395533,0.33,0.30,0.40,30.39,17,17,0,0.03,0.00,0.10,28.78,17,17,0,0.38,0.30,0.40,29.10,17,17,0,0.80,0.80,0.80,28.61,17,17,0,0.20,0.10,0.30,28.94,17,17,0,0.77,0.70,0.80,28.97,17,17,0,252.89,247.50,262.20,25.28,17,0,0
396033,0.34,0.30,0.40,30.40,17,17,0,0.03,0.00,0.10,28.79,17,17,0,0.39,0.30,0.40,29.09,17,17,0,0.79,0.70,0.80,28.62,17,17,0,0.18,0.10,0.20,28.96,17,17,0,0.76,0.70,0.80,28.97,17,17,0,252.66,243.40,260.80,25.27,17,0,0
396533,0.32,0.30,0.40,30.41,17,17,0,0.02,0.00,0.10,28.80,17,17,0,0.39,0.30,0.40,29.10,17,17,0,0.80,0.80,0.80,28.64,17,17,0,0.17,0.10,0.20,28.96,17,17,0,0.77,0.70,0.80,28.98,17,17,0,251.87,247.80,257.10,25.26,17,0,0
397033,0.35,0.30,0.40,30.41,17,17,0,0.01,-0.10,0.10,28.80,17,17,0,0.39,0.30,0.40,29.08,17,17,0,0.81,0.80,0.90,28.62,17,17,0,0.18,0.10,0.20,28.96,17,17,0,0.76,0.70,0.80,28.97,17,17,0,252.82,247.30,262.60,25.28,17,0,0
397533,0.35,0.30,0.40,30.40,17,17,0,0.02,0.00,0.10,28.78,17,17,0,0.38,0.30,0.40,29.11,17,17,0,0.81,0.70,0.90,28.63,17,17,0,0.19,0.10,0.20,28.94,17,17,0,0.78,0.70,0.80,28.97,17,17,0,256.61,252.60,264.30,25.26,17,0,0
398033,0.36,0.30,0.40,30.39,17,17,0,0.06,0.00,0.10,28.80,17,17,0,0.38,0.30,0.40,29.10,17,17,0,0.81,0.80,0.90,28.62,17,17,0,0.18,0.10,0.20,28.95,17,17,0,0.79,0.70,0.80,28.99,17,17,0,258.53,251.90,270.90,25.28,17,0,0
398533,0.33,0.30,0.40,30.40,16,16,0,0.04,0.00,0.10,28.78,16,16,0,0.39,0.30,0.40,29.11,16,16,0,0.81,0.80,0.90,28.63,16,16,0,0.18,0.10,0.20,28.95,16,16,0,0.76,0.70,0.80,28.97,16,16,0,260.92,257.70,265.20,25.24,16,0,0
399040,0.33,0.30,0.40,30.40,17,17,0,0.03,0.00,0.10,28.78,17,17,0,0.39,0.30,0.40,29.10,17,17,0,0.80,0.70,0.90,28.61,17,17,0,0.18,0.10,0.20,28.96,17,17,0,0.76,0.70,0.80,28.97,17,17,0,264.94,259.70,272.90,25.24,17,0,0
399540,0.34,0.30,0.40,30.41,17,17,0,0.03,0.00,0.10,28.81,17,17,0,0.38,0.30,0.40,29.11,17,17,0,0.80,0.80,0.80,28.61,17,17,0,0.18,0.10,0.20,28.98,17,17,0,0.74,0.70,0.80,28.98,17,17,0,266.68,262.40,276.90,25.24,17,0,0
400040,0.35,0.30,0.40,30.39,17,17,0,0.05,0.00,0.10,28.79,17,17,0,0.38,0.30,0.40,29.11,17,17,0,0.80,0.80,0.80,28.61,17,17,0,0.18,0.10,0.20,28.96,17,17,0,0.77,0.70,0.80,28.99,17,17,0,266.63,261.10,272.30,25.21,17,0,0
400549,0.32,0.30,0.40,30.41,17,17,0,0.04,-0.10,0.10,28.80,17,17,0,0.39,0.30,0.40,29.09,17,17,0,0.80,0.80,0.80,28.62,17,17,0,0.19,0.10,0.20,28.97,17,17,0,0.75,0.70,0.80,28.99,17,17,0,263.36,253.90,269.90,25.24,17,0,0
401050,0.34,0.30,0.40,30.41,17,17,0,0.01,-0.10,0.10,28.79,17,17,0,0.38,0.30,0.40,29.11,17,17,0,0.81,0.80,0.90,28.64,17,17,0,0.15,0.10,0.20,28.96,17,17,0,0.78,0.70,0.80,28.99,17,17,0,262.49,254.80,276.80,25.25,17,0,0
401551,0.31,0.30,0.40,30.41,17,17,0,0.02,-0.10,0.10,28.78,17,17,0,0.38,0.30,0.40,29.09,17,17,0,0.80,0.80,0.80,28.62,17,17,0,0.17,0.10,0.20,28.97,17,17,0,0.78,0.70,0.80,28.98,17,17,0,258.45,253.30,264.70,25.22,17,0,0
402051,0.34,0.30,0.40,30.40,17,17,0,0.04,-0.10,0.10,28.78,17,17,0,0.38,0.30,0.40,29.11,17,17,0,0.80,0.80,0.80,28.61,17,17,0,0.17,0.10,0.20,28.97,17,17,0,0.76,0.70,0.80,28.98,17,17,0,255.86,247.30,266.40,25.23,17,0,0
402551,0.37,0.30,0.40,30.42,17,17,0,0.04,0.00,0.10,28.79,17,17,0,0.39,0.30,0.40,29.11,17,17,0,0.80,0.80,0.80,28.62,17,17,0,0.18,0.10,0.20,28.99,17,17,0,0.78,0.70,0.80,28.97,17,17,0,255.55,248.40,266.20,25.23,17,0,0
403058,0.34,0.30,0.40,30.41,17,17,0,0.03,-0.10,0.10,28.78,17,17,0,0.39,0.30,0.40,29.11,17,17,0,0.81,0.80,0.90,28.62,17,17,0,0.18,0.10,0.20,28.97,17,17,0,0.77,0.70,0.80,29.00,17,17,0,251.65,237.30,263.30,25.21,17,0,0
403559,0.36,0.30,0.40,30.39,17,17,0,0.04,0.00,0.10,28.78,17,17,0,0.39,0.30,0.40,29.12,17,17,0,0.79,0.70,0.80,28.62,17,17,0,0.17,0.10,0.20,28.96,17,17,0,0.76,0.70,0.80,28.98,17,17,0,251.69,236.30,263.40,25.24,17,0,0
404059,0.34,0.30,0.40,30.39,17,17,0,0.06,0.00,0.10,28.79,17,17,0,0.38,0.30,0.40,29.10,17,17,0,0.80,0.70,0.90,28.63,17,17,0,0.18,0.10,0.20,28.97,17,17,0,0.79,0.70,0.80,28.98,17,17,0,251.86,245.40,256.30,25.23,17,0,0
404559,0.35,0.30,0.40,30.41,17,17,0,0.02,-0.10,0.10,28.79,17,17,0,0.40,0.40,0.40,29.12,17,17,0,0.80,0.80,0.80,28.64,17,17,0,0.17,0.10,0.20,28.97,17,17,0,0.77,0.70,0.80,28.97,17,17,0,253.68,247.80,262.10,25.23,17,0,0
405059,0.34,0.30,0.40,30.40,16,16,0,0.06,0.00,0.10,28.80,16,16,0,0.39,0.30,0.40,29.12,16,16,0,0.79,0.70,0.80,28.61,16,16,0,0.19,0.10,0.20,28.96,16,16,0,0.77,0.70,0.80,28.98,16,16,0,255.30,250.20,263.70,25.23,16,0,0
405559,0.34,0.30,0.40,30.41,17,17,0,0.04,0.00,0.10,28.79,17,17,0,0.38,0.30,0.40,29.11,17,17,0,0.81,0.80,0.90,28.63,17,17,0,0.19,0.10,0.30,28.96,17,17,0,0.78,0.70,0.80,28.98,17,17,0,257.35,253.70,262.40,25.22,17,0,0
406059,0.34,0.30,0.40,30.41,17,17,0,0.02,-0.10,0.10,28.79,17,17,0,0.38,0.30,0.40,29.11,17,17,0,0.80,0.80,0.80,28.62,17,17,0,0.19,0.10,0.20,28.95,17,17,0,0.76,0.70,0.80,28.99,17,17,0,259.81,255.70,267.90,25.21,17,0,0
406559,0.34,0.30,0.40,30.42,17,17,0,0.05,-0.10,0.10,28.78,17,17,0,0.36,0.30,0.40,29.12,17,17,0,0.80,0.80,0.80,28.61,17,17,0,0.19,0.10,0.20,28.97,17,17,0,0.75,0.70,0.80,28.99,17,17,0,261.26,257.40,269.90,25.23,17,0,0
407059,0.35,0.30,0.40,30.41,17,17,0,0.05,0.00,0.10,28.80,17,17,0,0.38,0.30,0.40,29.12,17,17,0,0.80,0.80,0.80,28.62,17,17,0,0.18,0.10,0.20,28.97,17,17,0,0.77,0.70,0.80,28.99,17,17,0,260.44,256.10,267.40,25.22,17,0,0
407571,0.35,0.30,0.40,30.42,17,17,0,0.04,-0.10,0.10,28.81,17,17,0,0.39,0.30,0.40,29.12,17,17,0,0.80,0.80,0.80,28.64,17,17,0,0.16,0.10,0.20,28.98,17,17,0,0.76,0.70,0.80,28.99,17,17,0,257.94,251.60,263.70,25.20,17,0,0
408081,0.32,0.30,0.40,30.41,17,17,0,0.04,0.00,0.10,28.78,17,17,0,0.40,0.40,0.40,29.11,17,17,0,0.80,0.80,0.80,28.61,17,17,0,0.18,0.10,0.20,28.95,17,17,0,0.76,0.70,0.80,29.00,17,17,0,256.34,251.60,265.00,25.20,17,0,0
408581,0.35,0.30,0.40,30.43,17,17,0,0.05,0.00,0.10,28.78,17,17,0,0.37,0.30,0.40,29.11,17,17,0,0.80,0.70,0.90,28.63,17,17,0,0.18,0.10,0.20,28.97,17,17,0,0.77,0.70,0.80,28.99,17,17,0,254.15,249.00,262.10,25.20,17,0,0
409081,0.35,0.30,0.40,30.43,17,17,0,0.04,0.00,0.10,28.78,17,17,0,0.39,0.30,0.40,29.10,17,17,0,0.81,0.80,0.90,28.62,17,17,0,0.18,0.10,0.20,28.98,17,17,0,0.79,0.70,0.80,28.99,17,17,0,251.12,246.30,256.30,25.20,17,0,0
409582,0.34,0.30,0.40,30.42,17,17,0,0.04,0.00,0.10,28.80,17,17,0,0.38,0.30,0.40,29.11,17,17,0,0.80,0.70,0.90,28.63,17,17,0,0.19,0.10,0.20,28.98,17,17,0,0.79,0.70,0.80,29.00,17,17,0,250.55,246.20,257.50,25.19,17,0,0
410083,0.35,0.30,0.40,30.41,17,17,0,0.04,-0.10,0.10,28.79,17,17,0,0.39,0.30,0.40,29.12,17,17,0,0.80,0.80,0.80,28.62,17,17,0,0.15,0.10,0.20,28.96,17,17,0,0.77,0.70,0.80,28.99,17,17,0,248.95,242.70,258.80,25.18,17,0,0
410594,0.35,0.30,0.40,30.41,17,17,0,0.02,0.00,0.10,28.79,17,17,0,0.36,0.30,0.40,29.12,17,17,0,0.80,0.80,0.80,28.63,17,17,0,0.18,0.10,0.20,28.96,17,17,0,0.78,0.70,0.80,29.00,17,17,0,248.17,243.30,257.40,25.22,17,0,0
411101,0.36,0.30,0.40,30.42,17,17,0,0.05,-0.10,0.10,28.78,17,17,0,0.40,0.40,0.40,29.12,17,17,0,0.81,0.80,0.90,28.63,17,17,0,0.19,0.10,0.20,28.95,17,17,0,0.79,0.70,0.80,28.99,17,17,0,248.99,242.20,261.70,25.20,17,0,0
411606,0.34,0.30,0.40,30.41,17,17,0,0.05,0.00,0.10,28.80,17,17,0,0.39,0.30,0.40,29.12,17,17,0,0.80,0.80,0.80,28.65,17,17,0,0.18,0.10,0.20,28.97,17,17,0,0.77,0.70,0.80,29.01,17,17,0,252.74,246.20,260.90,25.20,17,0,0
412112,0.33,0.30,0.40,30.42,17,17,0,0.02,0.00,0.10,28.80,17,17,0,0.39,0.30,0.40,29.11,17,17,0,0.81,0.80,0.90,28.62,17,17,0,0.19,0.10,0.20,28.96,17,17,0,0.77,0.70,0.80,28.98,17,17,0,253.92,246.30,262.80,25.19,17,0,0
412621,0.34,0.30,0.40,30.41,17,17,0,0.03,0.00,0.10,28.79,17,17,0,0.38,0.30,0.40,29.10,17,17,0,0.81,0.80,0.90,28.64,17,17,0,0.19,0.10,0.20,28.97,17,17,0,0.75,0.70,0.80,28.99,17,17,0,255.01,250.70,264.70,25.19,17,0,0
413122,0.35,0.30,0.40,30.41,17,17,0,0.03,0.00,0.10,28.78,17,17,0,0.38,0.30,0.40,29.12,17,17,0,0.81,0.80,0.90,28.63,17,17,0,0.17,0.10,0.20,29.00,17,17,0,0.78,0.70,0.80,28.98,17,17,0,257.63,253.80,263.30,25.19,17,0,0
413622,0.33,0.30,0.40,30.41,16,16,0,0.05,-0.10,0.10,28.82,16,16,0,0.40,0.40,0.40,29.12,16,16,0,0.79,0.70,0.80,28.61,16,16,0,0.18,0.10,0.20,28.96,16,16,0,0.79,0.70,0.80,29.01,16,16,0,259.92,254.40,266.30,25.20,16,0,0
414123,0.37,0.30,0.40,30.40,17,17,0,0.03,-0.10,0.10,28.80,17,17,0,0.40,0.40,0.40,29.09,17,17,0,0.80,0.80,0.80,28.65,17,17,0,0.18,0.10,0.20,28.98,17,17,0,0.77,0.70,0.80,29.00,17,17,0,259.52,256.10,267.70,25.16,17,0,0
414631,0.32,0.30,0.40,30.42,17,17,0,0.04,0.00,0.10,28.79,17,17,0,0.40,0.40,0.40,29.12,17,17,0,0.80,0.80,0.80,28.64,17,17,0,0.19,0.10,0.20,28.98,17,17,0,0.76,0.70,0.80,28.99,17,17,0,258.95,253.10,265.50,25.18,17,0,0
415131,0.35,0.30,0.40,30.41,17,17,0,0.03,-0.10,0.10,28.79,17,17,0,0.39,0.30,0.40,29.12,17,17,0,0.80,0.80,0.80,28.62,17,17,0,0.16,0.10,0.20,28.98,17,17,0,0.79,0.70,0.80,29.00,17,17,0,259.86,256.30,269.60,25.19,17,0,0
415632,0.35,0.30,0.40,30.41,17,17,0,0.05,0.00,0.10,28.80,17,17,0,0.37,0.30,0.40,29.11,17,17,0,0.80,0.80,0.80,28.63,17,17,0,0.19,0.10,0.20,28.97,17,17,0,0.78,0.70,0.80,28.99,17,17,0,258.94,251.20,264.60,25.18,17,0,0
416134,0.36,0.30,0.40,30.40,17,17,0,0.03,-0.10,0.10,28.79,17,17,0,0.37,0.30,0.40,29.11,17,17,0,0.81,0.80,0.90,28.63,17,17,0,0.18,0.10,0.20,28.98,17,17,0,0.77,0.70,0.80,29.00,17,17,0,256.84,252.40,262.50,25.19,17,0,0
416640,0.34,0.30,0.40,30.41,17,17,0,0.03,0.00,0.10,28.79,17,17,0,0.38,0.30,0.40,29.12,17,17,0,0.80,0.80,0.80,28.65,17,17,0,0.17,0.10,0.20,28.99,17,17,0,0.75,0.70,0.80,28.99,17,17,0,256.36,253.20,263.10,25.18,17,0,0
417142,0.32,0.30,0.40,30.41,17,17,0,0.02,0.00,0.10,28.81,17,17,0,0.38,0.30,0.40,29.13,17,17,0,0.80,0.80,0.80,28.63,17,17,0,0.18,0.10,0.20,28.97,17,17,0,0.76,0.70,0.80,28.98,17,17,0,255.78,252.60,263.50,25.18,17,0,0
417646,0.37,0.30,0.40,30.41,17,17,0,0.04,0.00,0.10,28.80,17,17,0,0.39,0.30,0.40,29.11,17,17,0,0.80,0.80,0.80,28.63,17,17,0,0.18,0.10,0.20,28.98,17,17,0,0.76,0.70,0.80,28.99,17,17,0,255.88,252.00,260.20,25.18,17,0,0
418146,0.35,0.30,0.40,30.41,17,17,0,0.03,0.00,0.10,28.79,17,17,0,0.38,0.30,0.40,29.12,17,17,0,0.80,0.80,0.80,28.63,17,17,0,0.19,0.10,0.20,28.98,17,17,0,0.78,0.70,0.80,28.98,17,17,0,257.51,253.80,265.20,25.17,17,0,0
418655,0.34,0.30,0.40,30.41,17,17,0,0.05,-0.10,0.10,28.79,17,17,0,0.37,0.30,0.40,29.10,17,17,0,0.80,0.80,0.80,28.64,17,17,0,0.18,0.10,0.20,28.96,17,17,0,0.75,0.70,0.80,28.99,17,17,0,260.52,256.60,269.40,25.15,17,0,0
419155,0.36,0.30,0.40,30.42,17,17,0,0.04,0.00,0.10,28.79,17,17,0,0.39,0.30,0.40,29.12,17,17,0,0.80,0.80,0.80,28.63,17,17,0,0.19,0.10,0.20,28.98,17,17,0,0.76,0.70,0.80,28.99,17,17,0,261.31,254.60,269.90,25.16,17,0,0
419659,0.34,0.30,0.40,30.42,17,17,0,0.03,-0.10,0.10,28.79,17,17,0,0.38,0.30,0.40,29.12,17,17,0,0.80,0.80,0.80,28.62,17,17,0,0.18,0.10,0.20,29.00,17,17,0,0.78,0.70,0.80,28.99,17,17,0,261.54,257.30,266.80,25.16,17,0,0
420160,0.34,0.30,0.40,30.43,17,17,0,0.02,-0.10,0.10,28.78,17,17,0,0.37,0.30,0.40,29.14,17,17,0,0.81,0.80,0.90,28.63,17,17,0,0.16,0.10,0.20,28.97,17,17,0,0.77,0.70,0.80,29.01,17,17,0,265.32,262.10,270.70,25.15,17,0,0
420660,0.34,0.30,0.40,30.41,17,17,0,0.03,0.00,0.10,28.81,17,17,0,0.37,0.30,0.40,29.10,17,17,0,0.80,0.80,0.80,28.63,17,17,0,0.16,0.10,0.20,28.98,17,17,0,0.75,0.70,0.80,28.98,17,17,0,266.11,261.30,274.70,25.15,17,0,0
421160,0.34,0.30,0.40,30.42,17,17,0,0.03,-0.10,0.10,28.79,17,17,0,0.39,0.30,0.40,29.12,17,17,0,0.81,0.80,0.90,28.62,17,17,0,0.19,0.10,0.30,28.99,17,17,0,0.78,0.70,0.80,28.99,17,17,0,263.87,260.00,269.50,25.15,17,0,0
421660,0.35,0.30,0.40,30.41,17,17,0,0.01,-0.10,0.10,28.79,17,17,0,0.39,0.30,0.40,29.10,17,17,0,0.80,0.80,0.80,28.63,17,17,0,0.17,0.10,0.20,28.98,17,17,0,0.76,0.70,0.80,29.00,17,17,0,264.16,260.20,269.20,25.14,17,0,0
422160,0.38,0.30,0.40,30.41,17,17,0,0.02,-0.10,0.10,28.79,17,17,0,0.39,0.30,0.40,29.12,17,17,0,0.80,0.80,0.80,28.63,17,17,0,0.18,0.10,0.20,28.99,17,17,0,0.78,0.70,0.80,29.01,17,17,0,263.86,259.70,269.80,25.14,17,0,0
422666,0.34,0.30,0.40,30.42,17,17,0,0.00,-0.10,0.10,28.81,17,17,0,0.37,0.30,0.40,29.11,17,17,0,0.79,0.70,0.80,28.64,17,17,0,0.16,0.10,0.20,28.99,17,17,0,0.77,0.70,0.80,28.99,17,17,0,261.75,257.00,268.90,25.14,17,0,0
423172,0.33,0.30,0.40,30.43,17,17,0,0.05,-0.10,0.10,28.81,17,17,0,0.38,0.30,0.40,29.12,17,17,0,0.80,0.80,0.80,28.64,17,17,0,0.17,0.10,0.20,28.97,17,17,0,0.77,0.70,0.80,28.98,17,17,0,258.77,254.40,265.80,25.13,17,0,0
423672,0.36,0.30,0.40,30.41,17,17,0,0.04,0.00,0.10,28.81,17,17,0,0.38,0.30,0.40,29.10,17,17,0,0.80,0.80,0.80,28.64,17,17,0,0.17,0.10,0.20,28.98,17,17,0,0.78,0.70,0.80,28.99,17,17,0,259.18,255.90,266.10,25.13,17,0,0
424173,0.34,0.30,0.40,30.41,17,17,0,0.04,0.00,0.10,28.80,17,17,0,0.38,0.30,0.40,29.11,17,17,0,0.79,0.70,0.80,28.62,17,17,0,0.16,0.10,0.20,29.00,17,17,0,0.79,0.70,0.80,28.99,17,17,0,259.06,253.10,267.70,25.15,17,0,0
424682,0.35,0.30,0.40,30.42,17,17,0,0.03,0.00,0.10,28.82,17,17,0,0.37,0.30,0.40,29.12,17,17,0,0.81,0.80,0.90,28.62,17,17,0,0.19,0.10,0.20,28.97,17,17,0,0.77,0.70,0.80,28.98,17,17,0,259.01,252.30,264.00,25.13,17,0,0
425183,0.32,0.30,0.40,30.41,17,17,0,0.02,-0.10,0.10,28.82,17,17,0,0.36,0.30,0.40,29.12,17,17,0,0.80,0.80,0.80,28.64,17,17,0,0.18,0.10,0.20,28.97,17,17,0,0.79,0.70,0.80,28.99,17,17,0,261.21,251.50,268.50,25.14,17,0,0
425687,0.34,0.30,0.40,30.42,17,17,0,0.03,0.00,0.10,28.82,17,17,0,0.37,0.30,0.40,29.11,17,17,0,0.80,0.80,0.80,28.64,17,17,0,0.18,0.10,0.20,28.99,17,17,0,0.79,0.70,0.80,28.98,17,17,0,264.33,258.50,273.40,25.13,17,0,0
426187,0.36,0.30,0.40,30.43,17,17,0,0.06,0.00,0.10,28.80,17,17,0,0.39,0.30,0.40,29.12,17,17,0,0.80,0.80,0.80,28.63,17,17,0,0.19,0.10,0.20,28.99,17,17,0,0.76,0.70,0.80,29.02,17,17,0,264.71,258.50,271.70,25.11,17,0,0
426687,0.34,0.30,0.40,30.43,17,17,0,0.04,0.00,0.10,28.81,17,17,0,0.38,0.30,0.40,29.12,17,17,0,0.79,0.70,0.80,28.64,17,17,0,0.17,0.10,0.20,29.00,17,17,0,0.76,0.70,0.80,29.00,17,17,0,265.55,262.60,274.20,25.13,17,0,0
427187,0.35,0.30,0.40,30.42,16,16,0,0.02,0.00,0.10,28.80,16,16,0,0.38,0.30,0.40,29.10,16,16,0,0.80,0.80,0.80,28.63,16,16,0,0.17,0.10,0.20,28.99,16,16,0,0.78,0.70,0.80,28.98,16,16,0,269.61,266.10,277.60,25.12,16,0,0
427687,0.35,0.30,0.40,30.41,17,17,0,0.02,0.00,0.10,28.83,17,17,0,0.38,0.30,0.40,29.10,17,17,0,0.79,0.70,0.80,28.65,17,17,0,0.17,0.10,0.20,28.99,17,17,0,0.77,0.70,0.80,29.02,17,17,0,271.18,265.60,279.90,25.10,17,0,0
428187,0.35,0.30,0.40,30.42,17,17,0,0.02,0.00,0.10,28.81,17,17,0,0.38,0.30,0.40,29.11,17,17,0,0.80,0.80,0.80,28.63,17,17,0,0.17,0.10,0.20,28.99,17,17,0,0.78,0.70,0.80,28.99,17,17,0,270.98,265.70,280.20,25.12,17,0,0
428687,0.34,0.30,0.40,30.42,17,17,0,0.02,-0.10,0.10,28.82,17,17,0,0.38,0.30,0.40,29.12,17,17,0,0.80,0.80,0.80,28.64,17,17,0,0.18,0.10,0.20,28.99,17,17,0,0.79,0.70,0.80,29.00,17,17,0,271.24,268.20,278.10,25.11,17,0,0
429187,0.36,0.30,0.40,30.42,17,17,0,0.04,0.00,0.10,28.81,17,17,0,0.37,0.30,0.40,29.11,17,17,0,0.80,0.80,0.80,28.65,17,17,0,0.18,0.10,0.20,28.99,17,17,0,0.76,0.70,0.80,28.99,17,17,0,270.72,267.00,276.10,25.12,17,0,0
429687,0.35,0.30,0.40,30.41,17,17,0,0.04,0.00,0.10,28.81,17,17,0,0.36,0.30,0.40,29.12,17,17,0,0.80,0.80,0.80,28.63,17,17,0,0.18,0.10,0.20,28.99,17,17,0,0.77,0.70,0.80,29.00,17,17,0,268.92,263.90,274.10,25.12,17,0,0
430190,0.32,0.30,0.40,30.41,17,17,0,0.01,-0.10,0.10,28.83,17,17,0,0.39,0.30,0.40,29.10,17,17,0,0.80,0.80,0.80,28.63,17,17,0,0.18,0.10,0.20,29.00,17,17,0,0.78,0.70,0.80,28.98,17,17,0,266.64,261.90,271.90,25.10,17,0,0
430690,0.35,0.30,0.40,30.40,17,17,0,0.02,0.00,0.10,28.82,17,17,0,0.38,0.30,0.40,29.11,17,17,0,0.80,0.80,0.80,28.65,17,17,0,0.18,0.10,0.20,28.99,17,17,0,0.77,0.70,0.80,29.00,17,17,0,265.93,262.90,274.20,25.12,17,0,0
431190,0.34,0.30,0.40,30.42,17,17,0,0.02,-0.10,0.10,28.83,17,17,0,0.38,0.30,0.40,29.11,17,17,0,0.80,0.80,0.80,28.65,17,17,0,0.18,0.10,0.20,29.01,17,17,0,0.78,0.70,0.80,28.99,17,17,0,265.09,258.90,273.80,25.12,17,0,0
431694,0.34,0.30,0.40,30.42,17,17,0,0.04,-0.10,0.10,28.80,17,17,0,0.37,0.30,0.40,29.12,17,17,0,0.80,0.80,0.80,28.64,17,17,0,0.18,0.10,0.20,29.01,17,17,0,0.78,0.70,0.80,29.00,17,17,0,264.95,259.80,271.00,25.10,17,0,0
432194,0.32,0.30,0.40,30.42,17,17,0,0.02,0.00,0.10,28.80,17,17,0,0.38,0.30,0.40,29.11,17,17,0,0.80,0.80,0.80,28.65,17,17,0,0.17,0.10,0.20,28.99,17,17,0,0.77,0.70,0.80,29.01,17,17,0,266.35,262.00,274.80,25.10,17,0,0
432694,0.33,0.30,0.40,30.43,16,16,0,0.04,0.00,0.10,28.82,16,16,0,0.35,0.30,0.40,29.11,16,16,0,0.80,0.80,0.80,28.65,16,16,0,0.17,0.10,0.20,29.01,16,16,0,0.76,0.70,0.80,28.99,16,16,0,266.41,262.70,274.00,25.09,16,0,0
433206,0.34,0.30,0.40,30.42,18,18,0,-0.01,-0.10,0.10,28.80,18,18,0,0.36,0.30,0.40,29.11,18,18,0,0.80,0.80,0.80,28.64,18,18,0,0.18,0.10,0.20,28.99,18,18,0,0.78,0.70,0.80,28.99,18,18,0,265.57,261.50,272.70,25.11,18,0,0
433706,0.35,0.30,0.40,30.41,17,17,0,0.02,0.00,0.10,28.81,17,17,0,0.37,0.30,0.40,29.12,17,17,0,0.80,0.80,0.80,28.65,17,17,0,0.16,0.10,0.20,29.01,17,17,0,0.76,0.70,0.80,29.01,17,17,0,265.88,261.70,273.80,25.11,17,0,0
434217,0.34,0.30,0.40,30.41,17,17,0,0.02,-0.10,0.10,28.81,17,17,0,0.35,0.30,0.40,29.12,17,17,0,0.79,0.70,0.80,28.65,17,17,0,0.19,0.10,0.20,28.99,17,17,0,0.76,0.70,0.80,29.00,17,17,0,269.85,265.60,276.50,25.10,17,0,0
434729,0.33,0.30,0.40,30.42,17,17,0,0.04,-0.10,0.10,28.83,17,17,0,0.35,0.30,0.40,29.09,17,17,0,0.80,0.80,0.80,28.64,17,17,0,0.19,0.10,0.20,28.99,17,17,0,0.75,0.70,0.80,29.00,17,17,0,270.81,266.30,278.30,25.09,17,0,0
435229,0.35,0.30,0.40,30.41,17,17,0,0.03,0.00,0.10,28.81,17,17,0,0.37,0.30,0.40,29.11,17,17,0,0.80,0.80,0.80,28.64,17,17,0,0.16,0.10,0.20,28.98,17,17,0,0.76,0.70,0.80,29.00,17,17,0,270.78,266.50,277.20,25.08,17,0,0
435729,0.35,0.30,0.40,30.43,17,17,0,0.02,-0.10,0.10,28.83,17,17,0,0.39,0.30,0.40,29.12,17,17,0,0.80,0.80,0.80,28.65,17,17,0,0.18,0.10,0.20,29.01,17,17,0,0.78,0.70,0.80,28.99,17,17,0,271.29,267.20,279.40,25.10,17,0,0
436229,0.34,0.30,0.40,30.41,17,17,0,0.02,-0.10,0.10,28.82,17,17,0,0.39,0.30,0.40,29.12,17,17,0,0.80,0.70,0.90,28.64,17,17,0,0.18,0.10,0.20,29.01,17,17,0,0.76,0.70,0.80,28.99,17,17,0,269.99,265.90,279.30,25.09,17,0,0
436729,0.35,0.30,0.40,30.41,17,17,0,0.05,0.00,0.10,28.81,17,17,0,0.39,0.30,0.40,29.12,17,17,0,0.80,0.80,0.80,28.65,17,17,0,0.18,0.10,0.20,29.01,17,17,0,0.79,0.70,0.80,29.00,17,17,0,267.42,256.00,273.70,25.08,17,0,0
437229,0.34,0.30,0.40,30.41,17,17,0,0.04,0.00,0.10,28.84,17,17,0,0.38,0.30,0.40,29.11,17,17,0,0.80,0.80,0.80,28.65,17,17,0,0.19,0.10,0.20,28.98,17,17,0,0.76,0.70,0.80,29.01,17,17,0,265.51,255.70,277.30,25.08,17,0,0
437729,0.35,0.30,0.40,30.41,17,17,0,0.04,-0.10,0.10,28.84,17,17,0,0.38,0.30,0.40,29.10,17,17,0,0.80,0.80,0.80,28.65,17,17,0,0.18,0.10,0.20,28.99,17,17,0,0.78,0.70,0.80,28.98,17,17,0,265.47,259.10,275.30,25.09,17,0,0
438229,0.34,0.30,0.40,30.41,17,17,0,0.03,0.00,0.10,28.81,17,17,0,0.39,0.30,0.40,29.11,17,17,0,0.81,0.80,0.90,28.65,17,17,0,0.18,0.10,0.20,29.00,17,17,0,0.78,0.70,0.80,29.01,17,17,0,264.92,259.40,274.60,25.08,17,0,0
438733,0.32,0.30,0.40,30.43,17,17,0,0.04,-0.10,0.10,28.81,17,17,0,0.39,0.30,0.40,29.10,17,17,0,0.80,0.80,0.80,28.64,17,17,0,0.18,0.10,0.20,29.00,17,17,0,0.76,0.70,0.80,29.00,17,17,0,263.18,255.70,270.30,25.09,17,0,0
439233,0.32,0.30,0.40,30.42,17,17,0,0.02,0.00,0.10,28.82,17,17,0,0.38,0.30,0.40,29.13,17,17,0,0.80,0.80,0.80,28.66,17,17,0,0.17,0.10,0.20,29.00,17,17,0,0.76,0.70,0.80,29.01,17,17,0,267.27,258.80,281.60,25.08,17,0,0
439733,0.35,0.30,0.40,30.42,17,17,0,0.06,0.00,0.10,28.81,17,17,0,0.37,0.30,0.40,29.10,17,17,0,0.80,0.80,0.80,28.65,17,17,0,0.19,0.10,0.20,28.99,17,17,0,0.76,0.70,0.80,29.00,17,17,0,267.43,255.00,282.30,25.11,17,0,0
440239,0.34,0.30,0.40,30.42,17,17,0,0.04,0.00,0.10,28.82,17,17,0,0.38,0.30,0.40,29.12,17,17,0,0.80,0.80,0.80,28.65,17,17,0,0.18,0.10,0.20,28.99,17,17,0,0.78,0.70,0.80,29.02,17,17,0,269.25,252.70,281.20,25.09,17,0,0
440746,0.33,0.30,0.40,30.42,17,17,0,0.03,-0.10,0.10,28.82,17,17,0,0.38,0.30,0.40,29.11,17,17,0,0.80,0.80,0.80,28.65,17,17,0,0.19,0.10,0.20,29.00,17,17,0,0.77,0.70,0.80,29.00,17,17,0,270.34,249.30,282.40,25.07,17,0,0
441246,0.36,0.30,0.40,30.43,17,17,0,0.02,-0.10,0.10,28.81,17,17,0,0.36,0.30,0.40,29.12,17,17,0,0.80,0.80,0.80,28.65,17,17,0,0.18,0.10,0.20,29.01,17,17,0,0.76,0.70,0.80,29.00,17,17,0,274.47,266.50,282.00,25.08,17,0,0
441747,0.35,0.30,0.40,30.40,17,17,0,0.05,0.00,0.10,28.81,17,17,0,0.39,0.30,0.40,29.12,17,17,0,0.80,0.80,0.80,28.64,17,17,0,0.17,0.10,0.20,29.00,17,17,0,0.78,0.70,0.80,29.00,17,17,0,276.67,264.70,286.40,25.08,17,0,0
442247,0.35,0.30,0.40,30.41,17,17,0,0.03,-0.10,0.10,28.83,17,17,0,0.38,0.30,0.40,29.11,17,17,0,0.79,0.70,0.80,28.66,17,17,0,0.18,0.10,0.20,28.98,17,17,0,0.77,0.70,0.80,28.99,17,17,0,276.70,272.00,286.90,25.08,17,0,0
442747,0.34,0.30,0.40,30.43,17,17,0,0.04,0.00,0.10,28.82,17,17,0,0.36,0.30,0.40,29.13,17,17,0,0.80,0.80,0.80,28.65,17,17,0,0.18,0.10,0.20,29.00,17,17,0,0.76,0.70,0.80,29.02,17,17,0,277.16,272.60,283.60,25.06,17,0,0
443247,0.35,0.30,0.40,30.42,17,17,0,0.02,-0.10,0.10,28.82,17,17,0,0.38,0.30,0.40,29.10,17,17,0,0.80,0.80,0.80,28.65,17,17,0,0.19,0.10,0.20,29.01,17,17,0,0.76,0.70,0.80,29.02,17,17,0,274.61,270.40,279.10,25.06,17,0,0
443747,0.35,0.30,0.40,30.43,17,17,0,0.05,0.00,0.10,28.81,17,17,0,0.36,0.30,0.40,29.13,17,17,0,0.80,0.80,0.80,28.63,17,17,0,0.18,0.10,0.20,29.00,17,17,0,0.78,0.70,0.80,29.00,17,17,0,271.73,266.40,280.30,25.10,17,0,0
444247,0.35,0.30,0.40,30.42,17,17,0,0.02,-0.10,0.10,28.82,17,17,0,0.38,0.30,0.40,29.13,17,17,0,0.80,0.80,0.80,28.64,17,17,0,0.19,0.10,0.20,29.01,17,17,0,0.78,0.70,0.80,28.99,17,17,0,270.53,264.70,277.10,25.08,17,0,0
444747,0.32,0.30,0.40,30.42,17,17,0,0.06,0.00,0.10,28.82,17,17,0,0.39,0.30,0.40,29.11,17,17,0,0.80,0.80,0.80,28.65,17,17,0,0.19,0.10,0.20,29.01,17,17,0,0.78,0.70,0.80,28.98,17,17,0,270.02,264.10,278.00,25.09,17,0,0
445247,0.35,0.30,0.40,30.43,17,17,0,0.04,0.00,0.10,28.83,17,17,0,0.38,0.30,0.40,29.11,17,17,0,0.79,0.70,0.80,28.64,17,17,0,0.19,0.10,0.20,29.00,17,17,0,0.77,0.70,0.80,29.00,17,17,0,266.03,255.20,283.30,25.08,17,0,0
445758,0.32,0.30,0.40,30.43,17,17,0,0.03,0.00,0.10,28.81,17,17,0,0.38,0.30,0.40,29.12,17,17,0,0.80,0.80,0.80,28.63,17,17,0,0.18,0.10,0.20,29.01,17,17,0,0.76,0.70,0.80,29.01,17,17,0,268.81,252.00,292.10,25.07,17,0,0
446259,0.34,0.30,0.40,30.44,17,17,0,0.04,0.00,0.10,28.81,17,17,0,0.39,0.30,0.40,29.13,17,17,0,0.80,0.80,0.80,28.65,17,17,0,0.19,0.10,0.20,29.01,17,17,0,0.75,0.70,0.80,29.00,17,17,0,270.01,256.30,285.50,25.06,17,0,0
446760,0.36,0.30,0.40,30.42,17,17,0,0.04,-0.10,0.10,28.81,17,17,0,0.38,0.30,0.40,29.12,17,17,0,0.80,0.80,0.80,28.64,17,17,0,0.19,0.10,0.20,29.02,17,17,0,0.76,0.70,0.80,29.00,17,17,0,271.89,266.20,282.90,25.08,17,0,0
447270,0.34,0.30,0.40,30.42,17,17,0,0.05,0.00,0.10,28.81,17,17,0,0.38,0.30,0.40,29.13,17,17,0,0.80,0.80,0.80,28.65,17,17,0,0.17,0.10,0.20,28.99,17,17,0,0.78,0.70,0.80,28.99,17,17,0,272.98,267.60,279.40,25.05,17,0,0
447771,0.34,0.30,0.40,30.43,17,17,0,0.02,-0.10,0.10,28.83,17,17,0,0.38,0.30,0.40,29.11,17,17,0,0.79,0.70,0.80,28.64,17,17,0,0.18,0.10,0.20,29.01,17,17,0,0.77,0.70,0.80,29.00,17,17,0,275.53,267.70,283.30,25.04,17,0,0
448271,0.34,0.30,0.40,30.42,17,17,0,0.02,-0.10,0.10,28.83,17,17,0,0.36,0.30,0.40,29.10,17,17,0,0.80,0.80,0.80,28.65,17,17,0,0.17,0.10,0.20,29.00,17,17,0,0.76,0.70,0.80,28.98,17,17,0,279.63,273.00,290.70,25.05,17,0,0
448771,0.35,0.30,0.40,30.42,17,17,0,0.04,-0.10,0.10,28.82,17,17,0,0.39,0.30,0.40,29.11,17,17,0,0.80,0.80,0.80,28.64,17,17,0,0.19,0.10,0.20,29.01,17,17,0,0.76,0.70,0.80,29.00,17,17,0,281.54,276.40,291.30,25.06,17,0,0
449271,0.35,0.30,0.40,30.42,17,17,0,0.02,-0.10,0.10,28.82,17,17,0,0.38,0.30,0.40,29.12,17,17,0,0.80,0.80,0.80,28.65,17,17,0,0.18,0.10,0.20,29.00,17,17,0,0.78,0.70,0.80,29.00,17,17,0,282.80,278.80,289.10,25.04,17,0,0
449771,0.34,0.30,0.40,30.42,17,17,0,0.03,0.00,0.10,28.82,17,17,0,0.38,0.30,0.40,29.13,17,17,0,0.80,0.80,0.80,28.65,17,17,0,0.19,0.10,0.30,29.03,17,17,0,0.78,0.70,0.80,28.99,17,17,0,284.35,278.70,293.50,25.04,17,0,0
450271,0.34,0.30,0.40,30.41,17,17,0,0.06,0.00,0.10,28.82,17,17,0,0.35,0.30,0.40,29.11,17,17,0,0.80,0.70,0.90,28.66,17,17,0,0.18,0.10,0.30,29.01,17,17,0,0.78,0.70,0.80,28.99,17,17,0,282.72,274.90,293.60,25.04,17,0,0
450771,0.36,0.30,0.40,30.43,17,17,0,0.05,0.00,0.10,28.83,17,17,0,0.36,0.30,0.40,29.11,17,17,0,0.80,0.80,0.80,28.64,17,17,0,0.17,0.10,0.20,29.02,17,17,0,0.75,0.70,0.80,28.99,17,17,0,279.95,275.20,288.00,25.06,17,0,0
451273,0.34,0.30,0.40,30.44,16,16,0,0.04,0.00,0.10,28.82,16,16,0,0.38,0.30,0.40,29.13,16,16,0,0.81,0.80,0.90,28.65,16,16,0,0.18,0.10,0.20,29.01,16,16,0,0.76,0.70,0.80,29.00,16,16,0,278.77,274.30,284.60,25.05,16,0,0
451773,0.33,0.30,0.40,30.44,16,16,0,0.04,0.00,0.10,28.82,16,16,0,0.39,0.30,0.40,29.12,16,16,0,0.81,0.80,0.90,28.66,16,16,0,0.17,0.10,0.20,29.01,16,16,0,0.76,0.70,0.80,28.99,16,16,0,277.66,271.50,289.40,25.05,16,0,0
452273,0.35,0.30,0.40,30.42,17,17,0,0.03,-0.10,0.10,28.81,17,17,0,0.37,0.30,0.40,29.11,17,17,0,0.80,0.80,0.80,28.63,17,17,0,0.18,0.10,0.20,29.01,17,17,0,0.75,0.70,0.80,29.00,17,17,0,275.16,269.00,284.20,25.07,17,0,0
452773,0.34,0.30,0.40,30.44,17,17,0,0.02,-0.10,0.10,28.82,17,17,0,0.38,0.30,0.40,29.11,17,17,0,0.80,0.80,0.80,28.65,17,17,0,0.18,0.10,0.20,29.01,17,17,0,0.77,0.70,0.80,29.00,17,17,0,275.79,270.40,280.20,25.04,17,0,0
453273,0.32,0.30,0.40,30.42,17,17,0,0.02,0.00,0.10,28.83,17,17,0,0.37,0.30,0.40,29.12,17,17,0,0.80,0.80,0.80,28.64,17,17,0,0.18,0.10,0.20,29.00,17,17,0,0.78,0.70,0.80,29.00,17,17,0,277.69,266.70,294.00,25.05,17,0,0
453773,0.34,0.30,0.40,30.43,17,17,0,0.04,0.00,0.10,28.82,17,17,0,0.36,0.30,0.40,29.13,17,17,0,0.81,0.80,0.90,28.66,17,17,0,0.18,0.10,0.20,29.01,17,17,0,0.77,0.70,0.80,29.00,17,17,0,279.60,261.00,297.20,25.05,17,0,0
454273,0.34,0.30,0.40,30.41,17,17,0,0.05,0.00,0.10,28.82,17,17,0,0.37,0.30,0.40,29.12,17,17,0,0.80,0.80,0.80,28.65,17,17,0,0.18,0.10,0.20,29.01,17,17,0,0.76,0.70,0.80,28.99,17,17,0,281.66,268.40,293.00,25.04,17,0,0
454773,0.36,0.30,0.40,30.41,17,17,0,0.02,0.00,0.10,28.83,17,17,0,0.37,0.30,0.40,29.11,17,17,0,0.79,0.70,0.80,28.65,17,17,0,0.18,0.10,0.20,29.01,17,17,0,0.78,0.70,0.80,29.00,17,17,0,282.83,276.90,291.80,25.05,17,0,0
455278,0.34,0.30,0.40,30.43,17,17,0,0.04,0.00,0.10,28.83,17,17,0,0.38,0.30,0.40,29.12,17,17,0,0.80,0.80,0.80,28.65,17,17,0,0.17,0.10,0.20,29.02,17,17,0,0.77,0.70,0.80,29.00,17,17,0,284.14,277.40,291.50,25.03,17,0,0
455778,0.32,0.30,0.40,30.44,17,17,0,0.02,0.00,0.10,28.82,17,17,0,0.36,0.30,0.40,29.15,17,17,0,0.79,0.70,0.80,28.66,17,17,0,0.17,0.10,0.20,29.01,17,17,0,0.79,0.70,0.80,28.99,17,17,0,284.16,279.70,293.50,25.02,17,0,0
456278,0.34,0.30,0.40,30.42,17,17,0,0.02,-0.10,0.10,28.84,17,17,0,0.37,0.30,0.40,29.11,17,17,0,0.80,0.80,0.80,28.65,17,17,0,0.18,0.10,0.20,29.03,17,17,0,0.75,0.70,0.80,29.00,17,17,0,285.12,279.10,290.20,25.04,17,0,0
456778,0.36,0.30,0.40,30.43,17,17,0,0.04,0.00,0.10,28.82,17,17,0,0.38,0.30,0.40,29.14,17,17,0,0.81,0.80,0.90,28.64,17,17,0,0.19,0.10,0.20,29.02,17,17,0,0.78,0.70,0.80,29.00,17,17,0,284.77,277.00,296.30,25.03,17,0,0
457279,0.34,0.30,0.40,30.42,17,17,0,0.05,0.00,0.10,28.82,17,17,0,0.38,0.30,0.40,29.13,17,17,0,0.79,0.70,0.80,28.65,17,17,0,0.16,0.10,0.20,29.02,17,17,0,0.76,0.70,0.80,29.01,17,17,0,280.89,268.30,291.60,25.04,17,0,0
457784,0.33,0.30,0.40,30.42,17,17,0,0.02,-0.10,0.10,28.82,17,17,0,0.38,0.30,0.40,29.13,17,17,0,0.80,0.80,0.80,28.64,17,17,0,0.18,0.10,0.30,29.03,17,17,0,0.75,0.70,0.80,29.00,17,17,0,276.44,272.50,283.90,25.05,17,0,0
458284,0.34,0.30,0.40,30.42,17,17,0,0.04,0.00,0.10,28.84,17,17,0,0.39,0.30,0.40,29.12,17,17,0,0.80,0.80,0.80,28.65,17,17,0,0.15,0.10,0.20,29.03,17,17,0,0.75,0.70,0.80,29.01,17,17,0,274.62,265.00,292.30,25.04,17,0,0
458788,0.34,0.30,0.40,30.41,17,17,0,0.02,0.00,0.10,28.82,17,17,0,0.35,0.30,0.40,29.12,17,17,0,0.80,0.80,0.80,28.63,17,17,0,0.18,0.10,0.20,29.01,17,17,0,0.79,0.70,0.80,29.01,17,17,0,272.15,266.30,279.50,25.03,17,0,0
459295,0.34,0.30,0.40,30.44,17,17,0,0.04,0.00,0.10,28.81,17,17,0,0.35,0.30,0.40,29.11,17,17,0,0.80,0.80,0.80,28.65,17,17,0,0.18,0.10,0.20,29.03,17,17,0,0.75,0.70,0.80,29.00,17,17,0,271.04,266.50,277.00,25.04,17,0,0
459795,0.32,0.30,0.40,30.43,17,17,0,0.02,0.00,0.10,28.82,17,17,0,0.37,0.30,0.40,29.11,17,17,0,0.80,0.80,0.80,28.64,17,17,0,0.18,0.10,0.20,29.03,17,17,0,0.77,0.70,0.80,29.01,17,17,0,270.66,265.50,277.50,25.04,17,0,0
460299,0.34,0.30,0.40,30.43,17,17,0,0.01,-0.10,0.10,28.82,17,17,0,0.38,0.30,0.40,29.15,17,17,0,0.79,0.70,0.80,28.65,17,17,0,0.16,0.10,0.20,29.01,17,17,0,0.76,0.70,0.80,29.00,17,17,0,271.05,265.80,277.80,25.04,17,0,0
460799,0.32,0.30,0.40,30.43,18,18,0,0.04,0.00,0.10,28.83,18,18,0,0.37,0.30,0.40,29.12,18,18,0,0.80,0.80,0.80,28.64,18,18,0,0.17,0.10,0.20,29.00,18,18,0,0.77,0.70,0.80,29.00,18,18,0,272.13,265.20,283.30,25.04,18,0,0
461311,0.36,0.30,0.40,30.43,17,17,0,0.03,0.00,0.10,28.85,17,17,0,0.37,0.30,0.40,29.11,17,17,0,0.79,0.70,0.80,28.65,17,17,0,0.18,0.10,0.20,29.01,17,17,0,0.76,0.70,0.80,29.02,17,17,0,273.61,259.40,285.70,25.05,17,0,0
461812,0.35,0.30,0.40,30.43,17,17,0,0.04,0.00,0.10,28.84,17,17,0,0.38,0.30,0.40,29.12,17,17,0,0.80,0.80,0.80,28.64,17,17,0,0.20,0.20,0.20,29.03,17,17,0,0.78,0.70,0.80,28.99,17,17,0,276.14,267.10,282.90,25.03,17,0,0
462316,0.33,0.30,0.40,30.43,17,17,0,0.03,-0.10,0.10,28.85,17,17,0,0.39,0.30,0.40,29.13,17,17,0,0.81,0.80,0.90,28.64,17,17,0,0.16,0.10,0.20,29.03,17,17,0,0.77,0.70,0.80,29.01,17,17,0,276.77,264.00,293.60,25.05,17,0,0
462816,0.33,0.30,0.40,30.44,17,17,0,0.05,0.00,0.10,28.83,17,17,0,0.39,0.30,0.40,29.14,17,17,0,0.79,0.70,0.80,28.64,17,17,0,0.16,0.10,0.20,29.01,17,17,0,0.76,0.70,0.80,29.02,17,17,0,276.26,261.30,286.60,25.07,17,0,0
463316,0.33,0.30,0.40,30.44,17,17,0,0.02,0.00,0.10,28.84,17,17,0,0.39,0.30,0.40,29.13,17,17,0,0.80,0.80,0.80,28.64,17,17,0,0.18,0.10,0.20,29.03,17,17,0,0.76,0.70,0.80,29.01,17,17,0,274.26,265.00,281.70,25.03,17,0,0
463816,0.35,0.30,0.40,30.44,17,17,0,0.04,0.00,0.10,28.82,17,17,0,0.36,0.30,0.40,29.14,17,17,0,0.80,0.80,0.80,28.65,17,17,0,0.18,0.10,0.20,29.02,17,17,0,0.75,0.70,0.80,29.01,17,17,0,271.34,263.70,278.90,25.05,17,0,0
464316,0.33,0.30,0.40,30.41,17,17,0,0.02,-0.10,0.10,28.83,17,17,0,0.39,0.30,0.40,29.13,17,17,0,0.80,0.80,0.80,28.63,17,17,0,0.20,0.20,0.20,29.03,17,17,0,0.74,0.70,0.80,29.00,17,17,0,267.78,259.00,273.70,25.05,17,0,0
464820,0.35,0.30,0.40,30.44,17,17,0,0.03,0.00,0.10,28.82,17,17,0,0.38,0.30,0.40,29.15,17,17,0,0.81,0.80,0.90,28.65,17,17,0,0.17,0.10,0.20,29.03,17,17,0,0.76,0.70,0.80,29.00,17,17,0,263.35,257.00,274.20,25.05,17,0,0
465321,0.33,0.30,0.40,30.43,17,17,0,0.02,0.00,0.10,28.81,17,17,0,0.36,0.30,0.40,29.15,17,17,0,0.81,0.80,0.90,28.64,17,17,0,0.18,0.10,0.20,29.00,17,17,0,0.77,0.70,0.80,29.02,17,17,0,260.75,257.50,269.10,25.04,17,0,0
465821,0.35,0.30,0.40,30.44,17,17,0,0.05,0.00,0.10,28.83,17,17,0,0.36,0.30,0.40,29.12,17,17,0,0.81,0.80,0.90,28.65,17,17,0,0.17,0.10,0.20,29.03,17,17,0,0.75,0.70,0.80,28.99,17,17,0,257.95,254.00,265.00,25.06,17,0,0
466321,0.33,0.30,0.40,30.42,16,16,0,0.06,0.00,0.10,28.82,16,16,0,0.38,0.30,0.40,29.12,16,16,0,0.80,0.80,0.80,28.65,16,16,0,0.17,0.10,0.20,29.00,16,16,0,0.79,0.70,0.80,29.02,16,16,0,256.64,251.90,265.80,25.04,16,0,0
466833,0.34,0.30,0.40,30.43,17,17,0,0.02,0.00,0.10,28.85,17,17,0,0.38,0.30,0.40,29.12,17,17,0,0.80,0.70,0.90,28.64,17,17,0,0.18,0.10,0.20,29.01,17,17,0,0.79,0.70,0.80,28.99,17,17,0,256.65,252.40,265.80,25.08,17,0,0
467333,0.34,0.30,0.40,30.44,17,17,0,0.05,-0.10,0.10,28.83,17,17,0,0.39,0.30,0.40,29.11,17,17,0,0.79,0.70,0.80,28.65,17,17,0,0.18,0.10,0.30,29.02,17,17,0,0.76,0.70,0.80,28.99,17,17,0,257.24,250.80,263.60,25.08,17,0,0
467833,0.34,0.30,0.40,30.44,17,17,0,0.04,0.00,0.10,28.83,17,17,0,0.39,0.30,0.40,29.12,17,17,0,0.81,0.80,0.90,28.67,17,17,0,0.16,0.10,0.20,29.00,17,17,0,0.76,0.70,0.80,29.01,17,17,0,257.29,252.40,266.40,25.06,17,0,0
468333,0.34,0.30,0.40,30.43,17,17,0,0.03,-0.10,0.10,28.81,17,17,0,0.38,0.30,0.40,29.14,17,17,0,0.80,0.80,0.80,28.65,17,17,0,0.16,0.10,0.20,29.02,17,17,0,0.74,0.70,0.80,29.00,17,17,0,257.86,253.10,266.10,25.08,17,0,0
468838,0.33,0.30,0.40,30.44,17,17,0,0.02,-0.10,0.10,28.83,17,17,0,0.38,0.30,0.40,29.12,17,17,0,0.80,0.80,0.80,28.65,17,17,0,0.18,0.10,0.20,29.01,17,17,0,0.76,0.70,0.80,29.01,17,17,0,259.35,254.30,269.10,25.04,17,0,0
469339,0.33,0.30,0.40,30.45,17,17,0,0.04,0.00,0.10,28.83,17,17,0,0.38,0.30,0.40,29.12,17,17,0,0.80,0.80,0.80,28.64,17,17,0,0.18,0.10,0.20,29.02,17,17,0,0.76,0.70,0.80,29.01,17,17,0,259.95,253.20,271.50,25.06,17,0,0
469839,0.35,0.30,0.40,30.44,17,17,0,0.04,0.00,0.10,28.84,17,17,0,0.38,0.30,0.40,29.14,17,17,0,0.80,0.80,0.80,28.66,17,17,0,0.19,0.10,0.20,29.02,17,17,0,0.77,0.70,0.80,29.01,17,17,0,260.38,254.80,267.50,25.07,17,0,0
470342,0.36,0.30,0.40,30.45,17,17,0,0.04,0.00,0.10,28.83,17,17,0,0.38,0.30,0.40,29.13,17,17,0,0.81,0.80,0.90,28.65,17,17,0,0.16,0.10,0.20,29.02,17,17,0,0.76,0.70,0.80,29.01,17,17,0,261.36,254.90,269.70,25.06,17,0,0
470842,0.34,0.30,0.40,30.43,16,16,0,0.05,0.00,0.10,28.82,16,16,0,0.39,0.30,0.40,29.12,16,16,0,0.79,0.70,0.80,28.63,16,16,0,0.19,0.10,0.20,29.03,16,16,0,0.76,0.70,0.80,29.01,16,16,0,260.08,254.40,267.60,25.07,16,0,0
471348,0.35,0.30,0.40,30.44,17,17,0,0.02,0.00,0.10,28.85,17,17,0,0.39,0.30,0.40,29.12,17,17,0,0.80,0.80,0.80,28.65,17,17,0,0.19,0.10,0.20,29.01,17,17,0,0.76,0.70,0.80,29.01,17,17,0,259.68,254.00,269.70,25.06,17,0,0
471858,0.35,0.30,0.40,30.43,17,17,0,0.00,-0.10,0.10,28.83,17,17,0,0.39,0.30,0.40,29.13,17,17,0,0.80,0.80,0.80,28.64,17,17,0,0.18,0.10,0.20,29.02,17,17,0,0.78,0.70,0.80,29.01,17,17,0,256.88,251.10,262.50,25.05,17,0,0
472359,0.34,0.30,0.40,30.42,17,17,0,0.00,-0.10,0.10,28.84,17,17,0,0.37,0.30,0.40,29.13,17,17,0,0.80,0.80,0.80,28.64,17,17,0,0.19,0.10,0.20,29.02,17,17,0,0.74,0.70,0.80,29.01,17,17,0,256.18,250.50,265.40,25.05,17,0,0
472865,0.33,0.30,0.40,30.43,17,17,0,0.04,0.00,0.10,28.82,17,17,0,0.39,0.30,0.40,29.12,17,17,0,0.81,0.80,0.90,28.65,17,17,0,0.18,0.10,0.20,29.02,17,17,0,0.76,0.70,0.80,29.01,17,17,0,254.43,247.50,262.00,25.06,17,0,0
473369,0.32,0.30,0.40,30.44,17,17,0,0.02,-0.10,0.10,28.84,17,17,0,0.38,0.30,0.40,29.14,17,17,0,0.79,0.70,0.80,28.64,17,17,0,0.19,0.10,0.20,29.02,17,17,0,0.78,0.70,0.80,29.00,17,17,0,253.32,249.00,261.70,25.06,17,0,0
473869,0.35,0.30,0.40,30.43,17,17,0,0.03,-0.10,0.10,28.83,17,17,0,0.39,0.30,0.40,29.12,17,17,0,0.80,0.80,0.80,28.67,17,17,0,0.18,0.10,0.20,29.03,17,17,0,0.78,0.70,0.80,29.02,17,17,0,253.22,247.50,261.50,25.06,17,0,0
474369,0.35,0.30,0.40,30.43,17,17,0,0.01,-0.10,0.10,28.83,17,17,0,0.38,0.30,0.40,29.13,17,17,0,0.80,0.70,0.90,28.65,17,17,0,0.18,0.10,0.20,29.02,17,17,0,0.76,0.70,0.80,29.02,17,17,0,253.40,244.20,260.60,25.07,17,0,0
474875,0.35,0.30,0.40,30.43,17,17,0,0.04,0.00,0.10,28.84,17,17,0,0.39,0.30,0.40,29.13,17,17,0,0.79,0.70,0.80,28.64,17,17,0,0.18,0.10,0.20,29.03,17,17,0,0.77,0.70,0.80,29.00,17,17,0,253.79,243.30,265.80,25.07,17,0,0
475375,0.34,0.30,0.40,30.43,17,17,0,0.03,-0.10,0.10,28.84,17,17,0,0.39,0.30,0.40,29.12,17,17,0,0.79,0.70,0.80,28.66,17,17,0,0.18,0.10,0.20,29.03,17,17,0,0.75,0.70,0.80,29.01,17,17,0,253.85,249.10,265.00,25.07,17,0,0
475875,0.34,0.30,0.40,30.44,17,17,0,0.02,-0.10,0.10,28.83,17,17,0,0.39,0.30,0.40,29.13,17,17,0,0.79,0.70,0.80,28.65,17,17,0,0.18,0.10,0.20,29.01,17,17,0,0.77,0.70,0.80,29.01,17,17,0,255.82,249.30,264.00,25.07,17,0,0
476378,0.32,0.30,0.40,30.44,17,17,0,0.04,0.00,0.10,28.83,17,17,0,0.39,0.30,0.40,29.14,17,17,0,0.80,0.80,0.80,28.67,17,17,0,0.18,0.10,0.20,29.02,17,17,0,0.76,0.70,0.80,29.00,17,17,0,257.13,248.40,265.60,25.07,17,0,0
476880,0.33,0.30,0.40,30.43,17,17,0,0.01,-0.10,0.10,28.84,17,17,0,0.40,0.40,0.40,29.15,17,17,0,0.81,0.80,0.90,28.64,17,17,0,0.19,0.10,0.20,29.04,17,17,0,0.77,0.70,0.80,29.00,17,17,0,258.45,253.80,263.70,25.05,17,0,0
477380,0.34,0.30,0.40,30.45,17,17,0,0.01,-0.10,0.10,28.83,17,17,0,0.39,0.30,0.40,29.13,17,17,0,0.80,0.80,0.80,28.65,17,17,0,0.16,0.10,0.20,29.02,17,17,0,0.77,0.70,0.80,29.02,17,17,0,257.78,253.00,267.10,25.06,17,0,0
477880,0.32,0.30,0.40,30.44,17,17,0,0.04,0.00,0.10,28.83,17,17,0,0.39,0.30,0.40,29.13,17,17,0,0.80,0.80,0.80,28.64,17,17,0,0.18,0.10,0.20,29.01,17,17,0,0.78,0.70,0.80,29.02,17,17,0,256.46,251.70,262.60,25.07,17,0,0
478380,0.34,0.30,0.40,30.43,17,17,0,0.01,-0.10,0.10,28.84,17,17,0,0.38,0.30,0.40,29.12,17,17,0,0.81,0.80,0.90,28.64,17,17,0,0.16,0.10,0.20,29.03,17,17,0,0.76,0.70,0.80,29.00,17,17,0,253.78,247.80,264.10,25.07,17,0,0
478880,0.34,0.30,0.40,30.42,17,17,0,0.02,-0.10,0.10,28.84,17,17,0,0.39,0.30,0.40,29.13,17,17,0,0.80,0.80,0.80,28.64,17,17,0,0.18,0.10,0.20,29.02,17,17,0,0.75,0.70,0.80,29.01,17,17,0,251.91,246.20,258.00,25.07,17,0,0
479380,0.35,0.30,0.40,30.44,17,17,0,0.04,0.00,0.10,28.85,17,17,0,0.39,0.30,0.40,29.14,17,17,0,0.80,0.80,0.80,28.67,17,17,0,0.16,0.10,0.20,29.03,17,17,0,0.76,0.70,0.80,29.02,17,17,0,250.50,247.30,256.50,25.06,17,0,0
479880,0.33,0.30,0.40,30.44,17,17,0,0.01,-0.10,0.10,28.83,17,17,0,0.37,0.30,0.40,29.13,17,17,0,0.80,0.80,0.80,28.66,17,17,0,0.17,0.10,0.20,29.03,17,17,0,0.78,0.70,0.80,29.03,17,17,0,248.79,244.30,254.70,25.05,17,0,0
480380,0.35,0.30,0.40,30.44,17,17,0,0.01,0.00,0.10,28.84,17,17,0,0.37,0.30,0.40,29.13,17,17,0,0.80,0.80,0.80,28.66,17,17,0,0.18,0.10,0.20,29.03,17,17,0,0.78,0.70,0.80,29.02,17,17,0,246.64,243.10,251.40,25.06,17,0,0
480880,0.35,0.30,0.40,30.44,17,17,0,0.02,-0.10,0.10,28.85,17,17,0,0.38,0.30,0.40,29.13,17,17,0,0.80,0.80,0.80,28.66,17,17,0,0.19,0.10,0.20,29.03,17,17,0,0.78,0.70,0.80,29.03,17,17,0,246.78,240.60,257.00,25.06,17,0,0
481384,0.34,0.30,0.40,30.46,17,17,0,0.04,0.00,0.10,28.84,17,17,0,0.40,0.40,0.40,29.14,17,17,0,0.81,0.80,0.90,28.66,17,17,0,0.17,0.10,0.20,29.03,17,17,0,0.78,0.70,0.80,29.01,17,17,0,246.58,240.90,252.90,25.06,17,0,0
481885,0.32,0.30,0.40,30.44,17,17,0,0.02,-0.10,0.10,28.85,17,17,0,0.39,0.30,0.40,29.13,17,17,0,0.80,0.80,0.80,28.66,17,17,0,0.18,0.10,0.20,29.03,17,17,0,0.76,0.70,0.80,29.02,17,17,0,247.44,243.20,253.70,25.09,17,0,0
482385,0.32,0.30,0.40,30.46,17,17,0,0.04,0.00,0.10,28.84,17,17,0,0.39,0.30,0.40,29.14,17,17,0,0.80,0.80,0.80,28.65,17,17,0,0.18,0.10,0.20,29.01,17,17,0,0.78,0.70,0.80,29.00,17,17,0,251.03,246.70,258.80,25.06,17,0,0
482885,0.34,0.30,0.40,30.43,17,17,0,0.02,-0.10,0.10,28.84,17,17,0,0.38,0.30,0.40,29.14,17,17,0,0.79,0.70,0.80,28.65,17,17,0,0.19,0.10,0.20,29.02,17,17,0,0.76,0.70,0.80,29.02,17,17,0,254.31,247.40,263.20,25.09,17,0,0
483385,0.34,0.30,0.40,30.43,17,17,0,0.03,-0.10,0.10,28.83,17,17,0,0.39,0.30,0.40,29.12,17,17,0,0.80,0.80,0.80,28.66,17,17,0,0.18,0.10,0.20,29.03,17,17,0,0.74,0.70,0.80,29.02,17,17,0,256.70,252.00,265.60,25.07,17,0,0
483889,0.34,0.30,0.40,30.46,17,17,0,0.04,-0.10,0.10,28.83,17,17,0,0.39,0.30,0.40,29.12,17,17,0,0.80,0.80,0.80,28.66,17,17,0,0.18,0.10,0.20,29.05,17,17,0,0.76,0.70,0.80,29.03,17,17,0,256.65,240.90,273.80,25.07,17,0,0
484389,0.34,0.30,0.40,30.43,17,17,0,0.04,0.00,0.10,28.83,17,17,0,0.40,0.40,0.40,29.13,17,17,0,0.79,0.70,0.80,28.66,17,17,0,0.18,0.10,0.20,29.04,17,17,0,0.78,0.70,0.80,29.01,17,17,0,259.34,253.20,267.60,25.07,17,0,0
484889,0.34,0.30,0.40,30.44,17,17,0,0.02,-0.10,0.10,28.83,17,17,0,0.38,0.30,0.40,29.15,17,17,0,0.80,0.80,0.80,28.66,17,17,0,0.19,0.10,0.20,29.02,17,17,0,0.77,0.70,0.80,29.03,17,17,0,258.32,252.00,266.80,25.05,17,0,0
485389,0.34,0.30,0.40,30.44,17,17,0,0.01,-0.10,0.10,28.85,17,17,0,0.39,0.30,0.40,29.14,17,17,0,0.80,0.80,0.80,28.67,17,17,0,0.18,0.10,0.20,29.04,17,17,0,0.77,0.70,0.80,29.03,17,17,0,254.96,244.00,265.90,25.06,17,0,0
485889,0.35,0.30,0.40,30.45,17,17,0,0.02,0.00,0.10,28.85,17,17,0,0.38,0.30,0.40,29.15,17,17,0,0.80,0.80,0.80,28.64,17,17,0,0.17,0.10,0.20,29.04,17,17,0,0.77,0.70,0.80,29.03,17,17,0,252.76,247.60,261.80,25.06,17,0,0
486389,0.34,0.30,0.40,30.44,17,17,0,0.03,-0.10,0.10,28.84,17,17,0,0.38,0.30,0.40,29.13,17,17,0,0.79,0.70,0.80,28.66,17,17,0,0.18,0.10,0.20,29.03,17,17,0,0.78,0.70,0.80,29.01,17,17,0,251.94,248.00,260.20,25.07,17,0,0
486889,0.34,0.30,0.40,30.44,17,17,0,0.05,0.00,0.10,28.84,17,17,0,0.39,0.30,0.40,29.14,17,17,0,0.80,0.80,0.80,28.65,17,17,0,0.18,0.10,0.20,29.03,17,17,0,0.75,0.70,0.80,29.01,17,17,0,251.25,242.80,258.10,25.07,17,0,0
487389,0.34,0.30,0.40,30.46,17,17,0,0.02,-0.10,0.10,28.83,17,17,0,0.39,0.30,0.40,29.15,17,17,0,0.80,0.80,0.80,28.65,17,17,0,0.17,0.10,0.20,29.05,17,17,0,0.77,0.70,0.80,29.03,17,17,0,248.48,242.00,256.00,25.05,17,0,0
487889,0.33,0.30,0.40,30.44,17,17,0,0.04,-0.10,0.10,28.82,17,17,0,0.39,0.30,0.40,29.13,17,17,0,0.80,0.80,0.80,28.66,17,17,0,0.20,0.20,0.20,29.04,17,17,0,0.77,0.70,0.80,29.02,17,17,0,249.74,245.10,256.10,25.06,17,0,0
488389,0.33,0.30,0.40,30.45,17,17,0,0.04,-0.10,0.10,28.83,17,17,0,0.39,0.30,0.40,29.13,17,17,0,0.80,0.80,0.80,28.65,17,17,0,0.19,0.10,0.20,29.04,17,17,0,0.76,0.70,0.80,29.02,17,17,0,249.99,242.40,259.00,25.05,17,0,0
488889,0.34,0.30,0.40,30.44,17,17,0,0.04,0.00,0.10,28.82,17,17,0,0.39,0.30,0.40,29.13,17,17,0,0.80,0.80,0.80,28.65,17,17,0,0.18,0.10,0.20,29.02,17,17,0,0.76,0.70,0.80,29.01,17,17,0,249.85,245.90,260.40,25.06,17,0,0
489389,0.32,0.30,0.40,30.44,17,17,0,0.04,0.00,0.10,28.83,17,17,0,0.36,0.30,0.40,29.13,17,17,0,0.79,0.70,0.80,28.65,17,17,0,0.19,0.10,0.20,29.03,17,17,0,0.78,0.70,0.80,29.02,17,17,0,252.24,248.50,259.10,25.07,17,0,0
489889,0.34,0.30,0.40,30.45,16,16,0,-0.01,-0.10,0.10,28.84,16,16,0,0.40,0.40,0.40,29.13,16,16,0,0.80,0.80,0.80,28.65,16,16,0,0.18,0.10,0.20,29.03,16,16,0,0.76,0.70,0.80,29.02,16,16,0,253.93,249.60,261.20,25.06,16,0,0
490391,0.34,0.30,0.40,30.43,17,17,0,0.02,-0.10,0.10,28.83,17,17,0,0.37,0.30,0.40,29.13,17,17,0,0.79,0.70,0.80,28.66,17,17,0,0.20,0.20,0.20,29.02,17,17,0,0.76,0.70,0.80,29.01,17,17,0,255.10,248.40,262.80,25.08,17,0,0
490895,0.34,0.30,0.40,30.42,17,17,0,0.02,-0.10,0.10,28.84,17,17,0,0.39,0.30,0.40,29.12,17,17,0,0.80,0.80,0.80,28.65,17,17,0,0.18,0.10,0.20,29.04,17,17,0,0.77,0.70,0.80,29.02,17,17,0,255.36,245.00,264.60,25.04,17,0,0
491395,0.34,0.30,0.40,30.42,17,17,0,0.05,0.00,0.10,28.85,17,17,0,0.37,0.30,0.40,29.14,17,17,0,0.80,0.80,0.80,28.66,17,17,0,0.17,0.10,0.20,29.04,17,17,0,0.75,0.70,0.80,29.01,17,17,0,257.50,247.40,264.70,25.05,17,0,0
491895,0.34,0.30,0.40,30.44,17,17,0,0.01,-0.10,0.10,28.84,17,17,0,0.39,0.30,0.40,29.13,17,17,0,0.80,0.80,0.80,28.67,17,17,0,0.18,0.10,0.20,29.04,17,17,0,0.75,0.70,0.80,29.01,17,17,0,254.79,245.90,262.20,25.04,17,0,0
492400,0.33,0.30,0.40,30.43,17,17,0,0.03,-0.10,0.10,28.84,17,17,0,0.38,0.30,0.40,29.13,17,17,0,0.79,0.70,0.80,28.66,17,17,0,0.19,0.10,0.20,29.03,17,17,0,0.76,0.70,0.80,29.02,17,17,0,253.77,246.60,262.30,25.05,17,0,0
492900,0.34,0.30,0.40,30.44,17,17,0,0.03,-0.10,0.10,28.83,17,17,0,0.40,0.40,0.40,29.15,17,17,0,0.80,0.80,0.80,28.63,17,17,0,0.18,0.10,0.20,29.03,17,17,0,0.76,0.70,0.80,29.01,17,17,0,253.06,238.90,265.00,25.03,17,0,0
493400,0.35,0.30,0.40,30.46,17,17,0,0.01,-0.10,0.10,28.86,17,17,0,0.39,0.30,0.40,29.14,17,17,0,0.80,0.80,0.80,28.68,17,17,0,0.17,0.10,0.20,29.04,17,17,0,0.76,0.70,0.80,29.02,17,17,0,250.75,246.80,256.30,25.05,17,0,0
493900,0.35,0.30,0.40,30.43,17,17,0,0.02,-0.10,0.10,28.82,17,17,0,0.39,0.30,0.40,29.15,17,17,0,0.79,0.70,0.80,28.66,17,17,0,0.18,0.10,0.20,29.04,17,17,0,0.76,0.70,0.80,29.01,17,17,0,248.55,243.30,254.70,25.05,17,0,0
494400,0.34,0.30,0.40,30.44,17,17,0,0.03,-0.10,0.10,28.83,17,17,0,0.38,0.30,0.40,29.14,17,17,0,0.80,0.80,0.80,28.67,17,17,0,0.19,0.10,0.20,29.04,17,17,0,0.78,0.70,0.80,29.02,17,17,0,248.28,241.40,259.40,25.06,17,0,0
494900,0.31,0.30,0.40,30.43,17,17,0,0.01,-0.10,0.10,28.83,17,17,0,0.39,0.30,0.40,29.13,17,17,0,0.80,0.80,0.80,28.65,17,17,0,0.18,0.10,0.20,29.04,17,17,0,0.78,0.70,0.80,29.01,17,17,0,248.84,239.30,260.30,25.05,17,0,0
495400,0.33,0.30,0.40,30.44,17,17,0,0.01,0.00,0.10,28.83,17,17,0,0.39,0.30,0.40,29.12,17,17,0,0.79,0.70,0.80,28.67,17,17,0,0.18,0.10,0.20,29.05,17,17,0,0.78,0.70,0.80,29.02,17,17,0,249.09,239.60,260.70,25.06,17,0,0
495900,0.33,0.30,0.40,30.46,17,17,0,0.02,-0.10,0.10,28.84,17,17,0,0.38,0.30,0.40,29.15,17,17,0,0.80,0.80,0.80,28.66,17,17,0,0.18,0.10,0.20,29.05,17,17,0,0.76,0.70,0.80,29.02,17,17,0,249.23,238.80,265.10,25.04,17,0,0
496400,0.33,0.30,0.40,30.44,17,17,0,0.02,-0.10,0.10,28.84,17,17,0,0.39,0.30,0.40,29.14,17,17,0,0.81,0.80,0.90,28.66,17,17,0,0.19,0.10,0.20,29.04,17,17,0,0.77,0.70,0.80,29.01,17,17,0,252.66,241.30,262.90,25.07,17,0,0
496900,0.33,0.30,0.40,30.43,17,17,0,0.00,-0.10,0.10,28.85,17,17,0,0.36,0.30,0.40,29.14,17,17,0,0.81,0.80,0.90,28.65,17,17,0,0.16,0.10,0.20,29.04,17,17,0,0.77,0.70,0.80,29.02,17,17,0,253.84,248.30,264.40,25.06,17,0,0
497400,0.35,0.30,0.40,30.43,17,17,0,0.03,-0.10,0.10,28.84,17,17,0,0.38,0.30,0.40,29.15,17,17,0,0.80,0.80,0.80,28.66,17,17,0,0.19,0.10,0.20,29.05,17,17,0,0.76,0.70,0.80,29.02,17,17,0,254.79,245.40,266.60,25.05,17,0,0
497900,0.35,0.30,0.40,30.45,17,17,0,0.03,0.00,0.10,28.83,17,17,0,0.38,0.30,0.40,29.14,17,17,0,0.80,0.80,0.80,28.67,17,17,0,0.18,0.10,0.20,29.05,17,17,0,0.76,0.70,0.80,29.01,17,17,0,256.23,241.20,269.90,25.04,17,0,0
498400,0.33,0.30,0.40,30.42,16,16,0,0.02,0.00,0.10,28.83,16,16,0,0.38,0.30,0.40,29.15,16,16,0,0.80,0.80,0.80,28.65,16,16,0,0.17,0.10,0.20,29.03,16,16,0,0.78,0.70,0.80,29.04,16,16,0,257.46,247.90,271.40,25.03,16,0,0
498900,0.34,0.30,0.40,30.44,17,17,0,0.02,-0.10,0.10,28.82,17,17,0,0.38,0.30,0.40,29.14,17,17,0,0.80,0.80,0.80,28.65,17,17,0,0.17,0.10,0.20,29.04,17,17,0,0.76,0.70,0.80,29.03,17,17,0,256.97,245.50,266.80,25.04,17,0,0
499402,0.34,0.30,0.40,30.45,17,17,0,0.04,0.00,0.10,28.85,17,17,0,0.37,0.30,0.40,29.14,17,17,0,0.79,0.70,0.80,28.65,17,17,0,0.18,0.10,0.20,29.04,17,17,0,0.77,0.70,0.80,29.02,17,17,0,252.28,247.00,260.30,25.05,17,0,0
499902,0.34,0.30,0.40,30.46,17,17,0,0.05,0.00,0.10,28.83,17,17,0,0.39,0.30,0.40,29.15,17,17,0,0.80,0.80,0.80,28.66,17,17,0,0.19,0.10,0.20,29.04,17,17,0,0.79,0.70,0.80,29.02,17,17,0,249.95,245.60,257.90,25.05,17,0,0
500404,0.35,0.30,0.40,30.44,17,17,0,0.04,-0.10,0.10,28.84,17,17,0,0.37,0.30,0.40,29.14,17,17,0,0.79,0.70,0.80,28.67,17,17,0,0.18,0.10,0.20,29.05,17,17,0,0.75,0.70,0.80,29.02,17,17,0,248.03,241.50,257.60,25.04,17,0,0
500907,0.34,0.30,0.40,30.45,17,17,0,0.02,-0.10,0.10,28.85,17,17,0,0.36,0.30,0.40,29.15,17,17,0,0.80,0.80,0.80,28.66,17,17,0,0.18,0.10,0.20,29.03,17,17,0,0.76,0.70,0.80,29.04,17,17,0,245.53,237.90,251.60,25.05,17,0,0
501415,0.35,0.30,0.40,30.44,17,17,0,0.03,-0.10,0.10,28.84,17,17,0,0.39,0.30,0.40,29.15,17,17,0,0.80,0.80,0.80,28.66,17,17,0,0.17,0.10,0.20,29.04,17,17,0,0.77,0.70,0.80,29.03,17,17,0,245.50,237.10,253.20,25.06,17,0,0
501915,0.35,0.30,0.40,30.45,17,17,0,0.02,-0.10,0.10,28.84,17,17,0,0.37,0.30,0.40,29.13,17,17,0,0.80,0.80,0.80,28.66,17,17,0,0.17,0.10,0.30,29.05,17,17,0,0.76,0.70,0.80,29.02,17,17,0,246.62,238.10,259.90,25.05,17,0,0
502425,0.35,0.30,0.40,30.44,17,17,0,0.01,-0.10,0.10,28.84,17,17,0,0.38,0.30,0.40,29.14,17,17,0,0.81,0.80,0.90,28.66,17,17,0,0.18,0.10,0.20,29.05,17,17,0,0.78,0.70,0.80,29.02,17,17,0,246.40,237.90,252.90,25.04,17,0,0
502938,0.32,0.30,0.40,30.44,17,17,0,0.03,0.00,0.10,28.84,17,17,0,0.38,0.30,0.40,29.14,17,17,0,0.81,0.80,0.90,28.66,17,17,0,0.18,0.10,0.20,29.05,17,17,0,0.75,0.70,0.80,29.03,17,17,0,247.25,233.90,263.70,25.04,17,0,0
503438,0.35,0.30,0.40,30.43,17,17,0,0.05,0.00,0.10,28.84,17,17,0,0.38,0.30,0.40,29.13,17,17,0,0.80,0.80,0.80,28.67,17,17,0,0.18,0.10,0.20,29.04,17,17,0,0.78,0.70,0.80,29.02,17,17,0,250.09,238.00,271.80,25.03,17,0,0
503940,0.32,0.30,0.40,30.44,17,17,0,0.02,0.00,0.10,28.84,17,17,0,0.38,0.30,0.40,29.13,17,17,0,0.80,0.80,0.80,28.66,17,17,0,0.19,0.10,0.20,29.05,17,17,0,0.76,0.70,0.80,29.02,17,17,0,253.79,246.60,261.90,25.04,17,0,0
504440,0.34,0.30,0.40,30.44,17,17,0,0.04,0.00,0.10,28.84,17,17,0,0.36,0.30,0.40,29.15,17,17,0,0.81,0.80,0.90,28.65,17,17,0,0.17,0.10,0.20,29.04,17,17,0,0.78,0.70,0.80,29.02,17,17,0,255.36,240.70,271.60,25.03,17,0,0
504942,0.34,0.30,0.40,30.45,17,17,0,0.03,-0.10,0.10,28.83,17,17,0,0.39,0.30,0.40,29.14,17,17,0,0.80,0.80,0.80,28.65,17,17,0,0.18,0.10,0.20,29.06,17,17,0,0.76,0.70,0.80,29.01,17,17,0,257.41,245.80,264.70,25.03,17,0,0
505443,0.35,0.30,0.40,30.44,17,17,0,0.02,0.00,0.10,28.85,17,17,0,0.39,0.30,0.40,29.14,17,17,0,0.80,0.80,0.80,28.64,17,17,0,0.18,0.10,0.20,29.05,17,17,0,0.77,0.70,0.80,29.03,17,17,0,259.21,255.40,265.80,25.05,17,0,0
505943,0.31,0.30,0.40,30.44,17,17,0,0.04,0.00,0.10,28.83,17,17,0,0.39,0.30,0.40,29.14,17,17,0,0.80,0.80,0.80,28.67,17,17,0,0.18,0.10,0.20,29.04,17,17,0,0.75,0.70,0.80,29.00,17,17,0,258.78,250.50,268.50,25.03,17,0,0
506443,0.34,0.30,0.40,30.45,16,16,0,0.03,0.00,0.10,28.84,16,16,0,0.39,0.30,0.40,29.14,16,16,0,0.80,0.80,0.80,28.66,16,16,0,0.17,0.10,0.20,29.05,16,16,0,0.79,0.70,0.80,29.03,16,16,0,255.86,249.50,263.40,25.03,16,0,0
506945,0.33,0.30,0.40,30.45,17,17,0,0.04,-0.10,0.10,28.85,17,17,0,0.38,0.30,0.40,29.15,17,17,0,0.80,0.80,0.80,28.67,17,17,0,0.17,0.10,0.20,29.05,17,17,0,0.76,0.70,0.80,29.02,17,17,0,253.97,249.60,259.70,25.03,17,0,0
507447,0.35,0.30,0.40,30.44,17,17,0,0.02,0.00,0.10,28.83,17,17,0,0.39,0.30,0.40,29.13,17,17,0,0.80,0.80,0.80,28.65,17,17,0,0.19,0.10,0.20,29.03,17,17,0,0.78,0.70,0.80,29.02,17,17,0,251.26,244.30,258.90,25.02,17,0,0
507950,0.35,0.30,0.40,30.45,17,17,0,0.03,0.00,0.10,28.84,17,17,0,0.39,0.30,0.40,29.13,17,17,0,0.81,0.80,0.90,28.65,17,17,0,0.18,0.10,0.20,29.05,17,17,0,0.76,0.70,0.80,29.01,17,17,0,249.71,240.20,258.20,25.01,17,0,0
508453,0.34,0.30,0.40,30.43,17,17,0,0.02,-0.10,0.10,28.84,17,17,0,0.37,0.30,0.40,29.13,17,17,0,0.80,0.80,0.80,28.67,17,17,0,0.16,0.10,0.30,29.04,17,17,0,0.78,0.70,0.80,29.01,17,17,0,249.06,242.60,257.70,25.04,17,0,0
508954,0.33,0.30,0.40,30.46,16,16,0,0.04,0.00,0.10,28.86,16,16,0,0.39,0.30,0.40,29.14,16,16,0,0.81,0.80,0.90,28.66,16,16,0,0.18,0.10,0.20,29.06,16,16,0,0.78,0.70,0.80,29.03,16,16,0,249.89,244.90,255.00,25.04,16,0,0
509466,0.34,0.30,0.40,30.44,17,17,0,0.04,0.00,0.10,28.83,17,17,0,0.39,0.30,0.40,29.15,17,17,0,0.80,0.80,0.80,28.66,17,17,0,0.16,0.10,0.20,29.05,17,17,0,0.76,0.70,0.80,29.01,17,17,0,250.37,243.90,261.00,25.02,17,0,0
509968,0.34,0.30,0.40,30.44,17,17,0,0.04,0.00,0.10,28.85,17,17,0,0.39,0.30,0.40,29.15,17,17,0,0.80,0.80,0.80,28.65,17,17,0,0.15,0.10,0.20,29.03,17,17,0,0.76,0.70,0.80,29.04,17,17,0,250.81,240.80,259.80,25.03,17,0,0
510468,0.35,0.30,0.40,30.45,17,17,0,0.01,-0.10,0.10,28.83,17,17,0,0.39,0.30,0.40,29.14,17,17,0,0.80,0.80,0.80,28.65,17,17,0,0.16,0.10,0.20,29.05,17,17,0,0.76,0.70,0.80,29.04,17,17,0,253.05,242.30,264.00,25.02,17,0,0
510981,0.31,0.30,0.40,30.44,17,17,0,0.02,-0.10,0.10,28.84,17,17,0,0.39,0.30,0.40,29.15,17,17,0,0.80,0.80,0.80,28.65,17,17,0,0.18,0.10,0.20,29.05,17,17,0,0.76,0.70,0.80,29.03,17,17,0,254.06,239.30,268.50,25.03,17,0,0
511484,0.34,0.30,0.40,30.44,17,17,0,0.03,-0.10,0.10,28.85,17,17,0,0.40,0.40,0.40,29.16,17,17,0,0.80,0.80,0.80,28.67,17,17,0,0.19,0.10,0.20,29.05,17,17,0,0.78,0.70,0.80,29.02,17,17,0,255.69,244.60,273.80,25.04,17,0,0
511984,0.35,0.30,0.40,30.44,17,17,0,0.06,0.00,0.10,28.86,17,17,0,0.39,0.30,0.50,29.13,17,17,0,0.80,0.80,0.80,28.64,17,17,0,0.19,0.10,0.20,29.06,17,17,0,0.77,0.70,0.80,29.02,17,17,0,257.94,249.50,265.50,25.00,17,0,0
512497,0.34,0.30,0.40,30.47,17,17,0,0.02,-0.10,0.10,28.85,17,17,0,0.39,0.30,0.40,29.13,17,17,0,0.79,0.70,0.80,28.66,17,17,0,0.19,0.10,0.20,29.05,17,17,0,0.78,0.70,0.80,29.03,17,17,0,258.27,247.90,267.00,25.02,17,0,0
512997,0.34,0.30,0.40,30.46,17,17,0,0.02,0.00,0.10,28.85,17,17,0,0.39,0.30,0.40,29.14,17,17,0,0.80,0.80,0.80,28.66,17,17,0,0.19,0.10,0.20,29.05,17,17,0,0.76,0.70,0.80,29.04,17,17,0,257.42,250.20,264.00,25.02,17,0,0
513500,0.34,0.30,0.40,30.45,16,16,0,0.03,-0.10,0.10,28.84,16,16,0,0.39,0.30,0.40,29.13,16,16,0,0.80,0.80,0.80,28.65,16,16,0,0.17,0.10,0.20,29.05,16,16,0,0.77,0.70,0.80,29.03,16,16,0,256.04,247.90,266.50,25.01,16,0,0
514000,0.34,0.30,0.40,30.44,17,17,0,0.01,-0.10,0.10,28.85,17,17,0,0.38,0.30,0.40,29.14,17,17,0,0.80,0.80,0.80,28.65,17,17,0,0.16,0.10,0.20,29.05,17,17,0,0.76,0.70,0.80,29.04,17,17,0,252.78,229.20,283.70,25.00,17,0,0
514502,0.34,0.30,0.40,30.45,17,17,0,0.01,0.00,0.10,28.84,17,17,0,0.38,0.30,0.40,29.15,17,17,0,0.79,0.70,0.80,28.64,17,17,0,0.16,0.10,0.20,29.05,17,17,0,0.77,0.70,0.80,29.03,17,17,0,251.87,240.80,259.70,25.00,17,0,0
515002,0.34,0.30,0.40,30.47,17,17,0,0.02,-0.10,0.10,28.84,17,17,0,0.38,0.30,0.40,29.13,17,17,0,0.80,0.80,0.80,28.66,17,17,0,0.16,0.10,0.20,29.05,17,17,0,0.77,0.70,0.80,29.03,17,17,0,249.78,230.70,261.40,25.02,17,0,0
515502,0.34,0.30,0.40,30.45,17,17,0,0.05,0.00,0.10,28.83,17,17,0,0.39,0.30,0.40,29.14,17,17,0,0.79,0.70,0.80,28.66,17,17,0,0.18,0.10,0.20,29.05,17,17,0,0.78,0.70,0.80,29.03,17,17,0,249.61,244.30,254.70,25.01,17,0,0
516004,0.34,0.30,0.40,30.46,17,17,0,0.02,-0.10,0.10,28.85,17,17,0,0.39,0.30,0.40,29.15,17,17,0,0.80,0.80,0.80,28.65,17,17,0,0.18,0.10,0.20,29.05,17,17,0,0.78,0.70,0.80,29.03,17,17,0,249.67,246.10,256.40,25.02,17,0,0
516504,0.31,0.30,0.40,30.44,17,17,0,0.01,-0.10,0.10,28.83,17,17,0,0.38,0.30,0.40,29.16,17,17,0,0.80,0.80,0.80,28.64,17,17,0,0.18,0.10,0.20,29.06,17,17,0,0.75,0.70,0.80,29.04,17,17,0,248.31,240.30,256.70,25.01,17,0,0
517006,0.35,0.30,0.40,30.46,17,17,0,0.02,-0.10,0.10,28.85,17,17,0,0.38,0.30,0.40,29.12,17,17,0,0.80,0.80,0.80,28.65,17,17,0,0.18,0.10,0.20,29.05,17,17,0,0.76,0.70,0.80,29.02,17,17,0,248.14,242.90,256.60,25.02,17,0,0
517506,0.33,0.30,0.40,30.48,16,16,0,0.02,-0.10,0.10,28.85,16,16,0,0.39,0.30,0.40,29.15,16,16,0,0.80,0.80,0.80,28.64,16,16,0,0.19,0.10,0.20,29.07,16,16,0,0.76,0.70,0.80,29.03,16,16,0,251.48,247.10,257.90,25.01,16,0,0
518009,0.34,0.30,0.40,30.46,17,17,0,0.04,0.00,0.10,28.86,17,17,0,0.39,0.30,0.40,29.14,17,17,0,0.80,0.80,0.80,28.66,17,17,0,0.15,0.10,0.20,29.04,17,17,0,0.76,0.70,0.80,29.02,17,17,0,254.95,246.10,264.50,25.03,17,0,0
518511,0.33,0.30,0.40,30.45,17,17,0,0.01,-0.10,0.10,28.83,17,17,0,0.35,0.30,0.40,29.14,17,17,0,0.80,0.80,0.80,28.65,17,17,0,0.18,0.10,0.20,29.06,17,17,0,0.78,0.70,0.80,29.04,17,17,0,256.96,249.90,264.50,25.01,17,0,0
519011,0.34,0.30,0.40,30.45,17,17,0,0.02,-0.10,0.10,28.85,17,17,0,0.38,0.30,0.40,29.14,17,17,0,0.80,0.80,0.80,28.64,17,17,0,0.16,0.10,0.20,29.05,17,17,0,0.75,0.70,0.80,29.03,17,17,0,258.44,248.20,270.60,25.00,17,0,0
519513,0.32,0.30,0.40,30.47,17,17,0,0.05,0.00,0.10,28.84,17,17,0,0.39,0.30,0.40,29.14,17,17,0,0.80,0.80,0.80,28.65,17,17,0,0.18,0.10,0.20,29.06,17,17,0,0.77,0.70,0.80,29.03,17,17,0,259.94,250.20,270.00,25.01,17,0,0
520013,0.35,0.30,0.40,30.46,17,17,0,0.04,0.00,0.10,28.82,17,17,0,0.39,0.30,0.40,29.15,17,17,0,0.80,0.80,0.80,28.66,17,17,0,0.16,0.10,0.20,29.06,17,17,0,0.78,0.70,0.80,29.04,17,17,0,261.85,255.30,270.80,25.00,17,0,0
520520,0.33,0.30,0.40,30.45,17,17,0,0.06,0.00,0.10,28.84,17,17,0,0.38,0.30,0.40,29.14,17,17,0,0.80,0.80,0.80,28.66,17,17,0,0.17,0.10,0.30,29.07,17,17,0,0.78,0.70,0.80,29.04,17,17,0,259.74,253.70,267.20,25.01,17,0,0
521033,0.35,0.30,0.40,30.48,17,17,0,0.01,-0.10,0.10,28.84,17,17,0,0.39,0.30,0.40,29.13,17,17,0,0.80,0.80,0.80,28.65,17,17,0,0.19,0.10,0.20,29.06,17,17,0,0.78,0.70,0.80,29.03,17,17,0,255.94,245.30,264.30,25.00,17,0,0
521533,0.34,0.30,0.40,30.46,16,16,0,0.01,-0.10,0.10,28.85,16,16,0,0.38,0.30,0.40,29.14,16,16,0,0.80,0.80,0.80,28.66,16,16,0,0.19,0.10,0.20,29.05,16,16,0,0.75,0.70,0.80,29.04,16,16,0,252.48,241.90,259.20,25.02,16,0,0
522035,0.32,0.30,0.40,30.47,17,17,0,0.04,0.00,0.10,28.84,17,17,0,0.39,0.30,0.40,29.13,17,17,0,0.79,0.70,0.80,28.64,17,17,0,0.18,0.10,0.20,29.06,17,17,0,0.78,0.70,0.80,29.04,17,17,0,251.07,243.90,258.30,25.00,17,0,0
522535,0.33,0.30,0.40,30.47,17,17,0,0.02,-0.10,0.10,28.84,17,17,0,0.39,0.30,0.40,29.15,17,17,0,0.80,0.80,0.80,28.65,17,17,0,0.18,0.10,0.20,29.07,17,17,0,0.76,0.70,0.80,29.03,17,17,0,251.19,238.30,265.00,25.01,17,0,0
523042,0.33,0.30,0.40,30.46,17,17,0,0.02,-0.10,0.10,28.84,17,17,0,0.38,0.30,0.40,29.14,17,17,0,0.80,0.80,0.80,28.67,17,17,0,0.17,0.10,0.20,29.06,17,17,0,0.76,0.70,0.80,29.03,17,17,0,249.02,240.50,259.40,25.02,17,0,0
523542,0.34,0.30,0.40,30.43,17,17,0,0.05,0.00,0.10,28.83,17,17,0,0.38,0.30,0.40,29.15,17,17,0,0.79,0.70,0.80,28.65,17,17,0,0.19,0.10,0.20,29.05,17,17,0,0.77,0.70,0.80,29.02,17,17,0,247.02,228.90,266.00,25.01,17,0,0
524049,0.34,0.30,0.40,30.45,17,17,0,0.01,-0.10,0.10,28.84,17,17,0,0.40,0.40,0.40,29.15,17,17,0,0.80,0.80,0.80,28.65,17,17,0,0.18,0.10,0.20,29.06,17,17,0,0.76,0.70,0.80,29.04,17,17,0,245.42,236.10,256.50,25.00,17,0,0
524553,0.35,0.30,0.40,30.45,17,17,0,0.01,-0.10,0.10,28.86,17,17,0,0.37,0.30,0.40,29.13,17,17,0,0.80,0.80,0.80,28.65,17,17,0,0.19,0.10,0.20,29.05,17,17,0,0.79,0.70,0.80,29.04,17,17,0,249.06,238.50,261.30,25.02,17,0,0
525061,0.35,0.30,0.40,30.47,17,17,0,0.03,0.00,0.10,28.84,17,17,0,0.39,0.30,0.40,29.15,17,17,0,0.79,0.70,0.80,28.66,17,17,0,0.18,0.10,0.20,29.09,17,17,0,0.78,0.70,0.80,29.04,17,17,0,252.58,240.80,260.90,25.03,17,0,0
525561,0.32,0.30,0.40,30.46,16,16,0,0.03,-0.10,0.10,28.83,16,16,0,0.38,0.30,0.40,29.13,16,16,0,0.80,0.80,0.80,28.64,16,16,0,0.18,0.10,0.20,29.05,16,16,0,0.78,0.70,0.80,29.03,16,16,0,254.59,248.70,262.90,25.02,16,0,0
526064,0.33,0.30,0.40,30.47,17,17,0,0.04,0.00,0.10,28.86,17,17,0,0.38,0.30,0.40,29.14,17,17,0,0.80,0.80,0.80,28.65,17,17,0,0.18,0.10,0.20,29.05,17,17,0,0.76,0.70,0.80,29.03,17,17,0,258.10,251.50,264.50,25.00,17,0,0
526567,0.36,0.30,0.40,30.45,17,17,0,0.03,-0.10,0.10,28.84,17,17,0,0.38,0.30,0.40,29.14,17,17,0,0.79,0.70,0.80,28.65,17,17,0,0.16,0.10,0.20,29.06,17,17,0,0.78,0.70,0.80,29.03,17,17,0,260.59,254.90,266.10,25.00,17,0,0
527076,0.35,0.30,0.40,30.46,17,17,0,0.04,-0.10,0.10,28.85,17,17,0,0.38,0.30,0.40,29.14,17,17,0,0.79,0.70,0.80,28.65,17,17,0,0.19,0.10,0.20,29.04,17,17,0,0.78,0.70,0.80,29.05,17,17,0,260.59,248.30,269.20,25.00,17,0,0
527576,0.35,0.30,0.40,30.45,16,16,0,0.02,-0.10,0.10,28.85,16,16,0,0.38,0.30,0.40,29.14,16,16,0,0.80,0.80,0.80,28.65,16,16,0,0.17,0.10,0.20,29.06,16,16,0,0.76,0.70,0.80,29.04,16,16,0,257.36,246.30,266.00,24.99,16,0,0
528076,0.34,0.30,0.40,30.46,17,17,0,0.04,-0.10,0.10,28.85,17,17,0,0.39,0.30,0.40,29.14,17,17,0,0.79,0.70,0.80,28.65,17,17,0,0.19,0.10,0.20,29.05,17,17,0,0.79,0.70,0.80,29.03,17,17,0,255.48,245.70,265.60,24.99,17,0,0
528588,0.35,0.30,0.40,30.47,17,17,0,0.02,-0.10,0.10,28.83,17,17,0,0.40,0.40,0.40,29.14,17,17,0,0.80,0.80,0.80,28.65,17,17,0,0.19,0.10,0.20,29.05,17,17,0,0.76,0.70,0.80,29.03,17,17,0,251.72,242.90,258.80,24.99,17,0,0
529100,0.34,0.30,0.40,30.47,17,17,0,0.03,0.00,0.10,28.84,17,17,0,0.40,0.40,0.40,29.15,17,17,0,0.80,0.80,0.80,28.67,17,17,0,0.17,0.10,0.20,29.06,17,17,0,0.78,0.70,0.80,29.05,17,17,0,249.56,243.80,257.20,24.99,17,0,0
529605,0.32,0.30,0.40,30.46,17,17,0,0.04,0.00,0.10,28.84,17,17,0,0.39,0.30,0.40,29.15,17,17,0,0.81,0.80,0.90,28.66,17,17,0,0.16,0.10,0.20,29.05,17,17,0,0.76,0.70,0.80,29.04,17,17,0,248.95,243.60,255.00,25.01,17,0,0
530106,0.33,0.30,0.40,30.46,17,17,0,0.02,-0.10,0.10,28.85,17,17,0,0.36,0.30,0.40,29.14,17,17,0,0.80,0.80,0.80,28.66,17,17,0,0.17,0.10,0.20,29.07,17,17,0,0.76,0.70,0.80,29.05,17,17,0,249.01,245.40,256.40,25.02,17,0,0
530615,0.34,0.30,0.40,30.45,18,18,0,0.02,0.00,0.10,28.84,18,18,0,0.38,0.30,0.40,29.15,18,18,0,0.79,0.70,0.80,28.67,18,18,0,0.14,0.10,0.20,29.07,18,18,0,0.76,0.70,0.80,29.05,18,18,0,250.02,239.10,261.60,25.01,18,0,0
531124,0.34,0.30,0.40,30.46,17,17,0,0.02,-0.10,0.10,28.85,17,17,0,0.39,0.30,0.40,29.15,17,17,0,0.79,0.70,0.80,28.65,17,17,0,0.16,0.10,0.20,29.05,17,17,0,0.76,0.70,0.80,29.04,17,17,0,249.71,238.80,261.50,24.99,17,0,0
531632,0.34,0.30,0.40,30.48,17,17,0,0.04,0.00,0.10,28.86,17,17,0,0.38,0.30,0.40,29.14,17,17,0,0.80,0.80,0.80,28.65,17,17,0,0.18,0.10,0.20,29.06,17,17,0,0.78,0.70,0.80,29.03,17,17,0,251.22,244.10,261.30,25.00,17,0,0
532132,0.36,0.30,0.40,30.47,17,17,0,0.02,0.00,0.10,28.84,17,17,0,0.38,0.30,0.40,29.14,17,17,0,0.80,0.80,0.80,28.65,17,17,0,0.15,0.10,0.20,29.05,17,17,0,0.78,0.70,0.80,29.05,17,17,0,253.65,248.50,258.60,24.99,17,0,0
532632,0.33,0.30,0.40,30.46,16,16,0,0.01,-0.10,0.10,28.85,16,16,0,0.39,0.30,0.40,29.15,16,16,0,0.79,0.70,0.80,28.65,16,16,0,0.18,0.10,0.20,29.06,16,16,0,0.78,0.70,0.80,29.04,16,16,0,255.49,248.40,261.20,24.98,16,0,0
533140,0.34,0.30,0.40,30.47,17,17,0,0.03,-0.10,0.10,28.85,17,17,0,0.38,0.30,0.40,29.13,17,17,0,0.80,0.80,0.80,28.66,17,17,0,0.18,0.10,0.20,29.05,17,17,0,0.76,0.70,0.80,29.05,17,17,0,257.40,252.20,263.90,25.00,17,0,0
533642,0.36,0.30,0.40,30.45,17,17,0,0.02,0.00,0.10,28.85,17,17,0,0.37,0.30,0.40,29.15,17,17,0,0.80,0.80,0.80,28.65,17,17,0,0.18,0.10,0.20,29.06,17,17,0,0.78,0.70,0.80,29.03,17,17,0,260.48,256.90,266.60,24.99,17,0,0
534146,0.35,0.30,0.40,30.47,17,17,0,0.02,-0.10,0.10,28.85,17,17,0,0.39,0.30,0.40,29.14,17,17,0,0.80,0.80,0.80,28.65,17,17,0,0.19,0.10,0.20,29.05,17,17,0,0.76,0.70,0.80,29.04,17,17,0,261.54,255.50,266.60,24.99,17,0,0
534646,0.35,0.30,0.40,30.46,17,17,0,0.02,-0.10,0.10,28.85,17,17,0,0.39,0.30,0.40,29.14,17,17,0,0.80,0.80,0.80,28.64,17,17,0,0.16,0.10,0.20,29.05,17,17,0,0.77,0.70,0.80,29.04,17,17,0,256.89,252.80,263.70,24.99,17,0,0
535154,0.34,0.30,0.40,30.47,17,17,0,0.04,0.00,0.10,28.84,17,17,0,0.38,0.30,0.40,29.15,17,17,0,0.80,0.80,0.80,28.65,17,17,0,0.18,0.10,0.20,29.07,17,17,0,0.76,0.70,0.80,29.04,17,17,0,254.36,249.40,260.80,25.00,17,0,0
535654,0.35,0.30,0.40,30.45,17,17,0,0.02,-0.10,0.10,28.84,17,17,0,0.38,0.30,0.40,29.14,17,17,0,0.80,0.80,0.80,28.64,17,17,0,0.19,0.10,0.20,29.05,17,17,0,0.76,0.70,0.80,29.05,17,17,0,251.25,245.00,256.90,25.00,17,0,0
536162,0.33,0.30,0.40,30.45,17,17,0,0.04,0.00,0.10,28.85,17,17,0,0.39,0.30,0.40,29.15,17,17,0,0.80,0.70,0.90,28.64,17,17,0,0.18,0.10,0.20,29.05,17,17,0,0.76,0.70,0.80,29.03,17,17,0,249.16,245.90,253.70,25.00,17,0,0
536662,0.33,0.30,0.40,30.46,16,16,0,0.03,-0.10,0.10,28.85,16,16,0,0.39,0.30,0.40,29.14,16,16,0,0.81,0.80,0.90,28.65,16,16,0,0.18,0.10,0.20,29.06,16,16,0,0.77,0.70,0.80,29.04,16,16,0,248.83,244.10,256.50,24.99,16,0,0
537169,0.33,0.30,0.40,30.47,17,17,0,0.02,-0.10,0.10,28.86,17,17,0,0.39,0.30,0.40,29.16,17,17,0,0.80,0.80,0.80,28.65,17,17,0,0.19,0.10,0.20,29.04,17,17,0,0.79,0.70,0.80,29.04,17,17,0,248.94,244.80,254.10,25.02,17,0,0
537669,0.32,0.30,0.40,30.45,17,17,0,0.04,-0.10,0.10,28.85,17,17,0,0.38,0.30,0.40,29.13,17,17,0,0.79,0.70,0.80,28.65,17,17,0,0.18,0.10,0.20,29.05,17,17,0,0.78,0.70,0.80,29.05,17,17,0,247.99,241.80,258.70,24.99,17,0,0
538169,0.32,0.30,0.40,30.46,17,17,0,0.04,0.00,0.10,28.86,17,17,0,0.36,0.30,0.40,29.12,17,17,0,0.80,0.80,0.80,28.65,17,17,0,0.18,0.10,0.20,29.05,17,17,0,0.78,0.70,0.80,29.06,17,17,0,249.95,246.80,257.90,25.01,17,0,0
538671,0.33,0.30,0.40,30.47,17,17,0,0.01,0.00,0.10,28.85,17,17,0,0.38,0.30,0.40,29.14,17,17,0,0.80,0.80,0.80,28.66,17,17,0,0.18,0.10,0.20,29.07,17,17,0,0.77,0.70,0.80,29.05,17,17,0,253.82,248.10,264.70,25.00,17,0,0
539173,0.34,0.30,0.40,30.46,17,17,0,0.03,0.00,0.10,28.84,17,17,0,0.39,0.30,0.40,29.15,17,17,0,0.80,0.80,0.80,28.67,17,17,0,0.18,0.10,0.20,29.05,17,17,0,0.75,0.70,0.80,29.03,17,17,0,255.53,250.00,265.80,25.00,17,0,0
539675,0.32,0.30,0.40,30.45,17,17,0,0.05,0.00,0.10,28.85,17,17,0,0.38,0.30,0.40,29.16,17,17,0,0.80,0.80,0.80,28.65,17,17,0,0.19,0.10,0.20,29.07,17,17,0,0.77,0.70,0.80,29.04,17,17,0,256.56,250.30,265.10,24.99,17,0,0
540175,0.34,0.30,0.40,30.47,17,17,0,0.05,0.00,0.10,28.86,17,17,0,0.38,0.30,0.40,29.16,17,17,0,0.80,0.80,0.80,28.65,17,17,0,0.19,0.10,0.20,29.06,17,17,0,0.76,0.70,0.80,29.04,17,17,0,258.22,254.90,262.60,24.99,17,0,0
540675,0.33,0.30,0.40,30.46,16,16,0,0.03,-0.10,0.10,28.85,16,16,0,0.38,0.30,0.40,29.14,16,16,0,0.80,0.80,0.80,28.66,16,16,0,0.19,0.10,0.20,29.05,16,16,0,0.76,0.70,0.80,29.04,16,16,0,259.79,254.90,266.80,24.99,16,0,0
541177,0.34,0.30,0.40,30.45,17,17,0,0.02,-0.10,0.10,28.84,17,17,0,0.37,0.30,0.40,29.15,17,17,0,0.80,0.80,0.80,28.66,17,17,0,0.18,0.10,0.20,29.06,17,17,0,0.74,0.70,0.80,29.02,17,17,0,257.47,253.10,263.40,24.97,17,0,0
541680,0.34,0.30,0.40,30.47,17,17,0,0.02,-0.10,0.10,28.85,17,17,0,0.39,0.30,0.40,29.14,17,17,0,0.80,0.70,0.90,28.65,17,17,0,0.18,0.10,0.20,29.06,17,17,0,0.77,0.70,0.80,29.03,17,17,0,255.34,250.00,259.80,24.99,17,0,0
542184,0.34,0.30,0.40,30.46,17,17,0,0.05,-0.10,0.10,28.85,17,17,0,0.38,0.30,0.40,29.16,17,17,0,0.80,0.80,0.80,28.66,17,17,0,0.19,0.10,0.20,29.05,17,17,0,0.78,0.70,0.80,29.04,17,17,0,253.96,250.50,261.70,25.00,17,0,0
542687,0.35,0.30,0.40,30.46,17,17,0,0.00,-0.10,0.10,28.84,17,17,0,0.38,0.30,0.40,29.16,17,17,0,0.81,0.80,0.90,28.65,17,17,0,0.17,0.10,0.20,29.07,17,17,0,0.75,0.70,0.80,29.04,17,17,0,251.34,247.00,257.70,24.99,17,0,0
543187,0.34,0.30,0.40,30.47,17,17,0,0.02,-0.10,0.10,28.84,17,17,0,0.38,0.30,0.40,29.16,17,17,0,0.80,0.80,0.80,28.64,17,17,0,0.18,0.10,0.20,29.04,17,17,0,0.77,0.70,0.80,29.03,17,17,0,249.57,245.10,255.80,24.98,17,0,0
543687,0.32,0.30,0.40,30.47,16,16,0,0.04,0.00,0.10,28.85,16,16,0,0.38,0.30,0.40,29.15,16,16,0,0.80,0.80,0.80,28.65,16,16,0,0.20,0.20,0.20,29.04,16,16,0,0.76,0.70,0.80,29.05,16,16,0,249.57,246.20,253.90,25.00,16,0,0
544187,0.33,0.30,0.40,30.47,18,18,0,0.03,0.00,0.10,28.85,18,18,0,0.39,0.30,0.40,29.15,18,18,0,0.80,0.80,0.80,28.65,18,18,0,0.17,0.10,0.20,29.03,18,18,0,0.76,0.70,0.80,29.04,18,18,0,249.53,245.70,255.80,24.99,18,0,0
544692,0.34,0.30,0.40,30.45,16,16,0,-0.00,-0.10,0.10,28.85,16,16,0,0.38,0.30,0.40,29.15,16,16,0,0.81,0.80,0.90,28.65,16,16,0,0.19,0.10,0.20,29.06,16,16,0,0.79,0.70,0.80,29.04,16,16,0,249.67,244.10,255.40,24.98,16,0,0
545196,0.35,0.30,0.40,30.47,17,17,0,0.01,-0.10,0.10,28.84,17,17,0,0.39,0.30,0.40,29.15,17,17,0,0.80,0.80,0.80,28.64,17,17,0,0.19,0.10,0.20,29.06,17,17,0,0.79,0.70,0.80,29.04,17,17,0,251.31,247.40,262.40,25.00,17,0,0
545704,0.34,0.30,0.40,30.47,17,17,0,0.04,0.00,0.10,28.84,17,17,0,0.38,0.30,0.40,29.15,17,17,0,0.80,0.70,0.90,28.66,17,17,0,0.18,0.10,0.20,29.06,17,17,0,0.78,0.70,0.80,29.04,17,17,0,253.78,250.40,264.50,24.99,17,0,0
546204,0.35,0.30,0.40,30.46,17,17,0,0.02,0.00,0.10,28.84,17,17,0,0.39,0.30,0.40,29.16,17,17,0,0.81,0.80,0.90,28.66,17,17,0,0.16,0.10,0.20,29.06,17,17,0,0.78,0.70,0.80,29.03,17,17,0,254.82,249.80,265.50,24.99,17,0,0
546704,0.34,0.30,0.40,30.47,16,16,0,0.04,0.00,0.10,28.86,16,16,0,0.38,0.30,0.40,29.15,16,16,0,0.79,0.70,0.80,28.66,16,16,0,0.17,0.10,0.20,29.05,16,16,0,0.76,0.70,0.80,29.04,16,16,0,256.66,253.10,262.80,25.00,16,0,0
547204,0.35,0.30,0.40,30.47,17,17,0,0.02,-0.10,0.10,28.86,17,17,0,0.40,0.40,0.40,29.16,17,17,0,0.80,0.80,0.80,28.65,17,17,0,0.18,0.10,0.20,29.05,17,17,0,0.79,0.70,0.80,29.03,17,17,0,259.63,254.10,265.60,24.98,17,0,0
547704,0.34,0.30,0.40,30.46,16,16,0,0.02,0.00,0.10,28.85,16,16,0,0.38,0.30,0.40,29.15,16,16,0,0.80,0.80,0.80,28.65,16,16,0,0.18,0.10,0.20,29.05,16,16,0,0.76,0.70,0.80,29.03,16,16,0,261.03,256.70,269.20,24.99,16,0,0
548208,0.34,0.30,0.40,30.45,17,17,0,0.04,-0.10,0.10,28.84,17,17,0,0.38,0.30,0.40,29.14,17,17,0,0.79,0.70,0.80,28.66,17,17,0,0.19,0.10,0.20,29.06,17,17,0,0.76,0.70,0.80,29.04,17,17,0,260.52,256.10,265.60,24.99,17,0,0
548708,0.34,0.30,0.40,30.47,17,17,0,0.04,0.00,0.10,28.85,17,17,0,0.38,0.30,0.40,29.16,17,17,0,0.80,0.80,0.80,28.64,17,17,0,0.18,0.10,0.20,29.06,17,17,0,0.79,0.70,0.80,29.02,17,17,0,258.78,254.00,264.50,24.97,17,0,0
549208,0.34,0.30,0.40,30.46,17,17,0,0.04,0.00,0.10,28.84,17,17,0,0.39,0.30,0.40,29.14,17,17,0,0.80,0.70,0.90,28.66,17,17,0,0.18,0.10,0.20,29.05,17,17,0,0.77,0.70,0.80,29.04,17,17,0,258.76,254.40,268.30,24.99,17,0,0
549708,0.32,0.30,0.40,30.47,17,17,0,0.04,0.00,0.10,28.84,17,17,0,0.36,0.30,0.40,29.16,17,17,0,0.79,0.70,0.80,28.65,17,17,0,0.18,0.10,0.20,29.05,17,17,0,0.78,0.70,0.80,29.05,17,17,0,256.89,252.60,263.70,24.98,17,0,0
550210,0.34,0.30,0.40,30.47,17,17,0,0.02,-0.10,0.10,28.85,17,17,0,0.39,0.30,0.40,29.16,17,17,0,0.80,0.80,0.80,28.65,17,17,0,0.19,0.10,0.20,29.05,17,17,0,0.78,0.70,0.80,29.03,17,17,0,255.04,250.20,264.90,24.98,17,0,0
550710,0.33,0.30,0.40,30.45,17,17,0,0.03,0.00,0.10,28.84,17,17,0,0.38,0.30,0.40,29.16,17,17,0,0.80,0.80,0.80,28.63,17,17,0,0.18,0.10,0.30,29.04,17,17,0,0.76,0.70,0.80,29.04,17,17,0,255.04,251.00,263.50,24.98,17,0,0
551210,0.35,0.30,0.40,30.47,17,17,0,0.04,0.00,0.10,28.85,17,17,0,0.38,0.30,0.40,29.16,17,17,0,0.80,0.80,0.80,28.65,17,17,0,0.18,0.10,0.20,29.05,17,17,0,0.76,0.70,0.80,29.04,17,17,0,255.23,251.80,265.70,24.98,17,0,0
551710,0.34,0.30,0.40,30.46,16,16,0,0.05,0.00,0.10,28.86,16,16,0,0.39,0.30,0.40,29.16,16,16,0,0.81,0.80,0.90,28.65,16,16,0,0.20,0.20,0.20,29.04,16,16,0,0.78,0.70,0.80,29.03,16,16,0,255.27,251.40,262.50,24.99,16,0,0
552219,0.35,0.30,0.40,30.47,17,17,0,0.04,-0.10,0.10,28.85,17,17,0,0.35,0.30,0.40,29.14,17,17,0,0.79,0.70,0.80,28.66,17,17,0,0.19,0.10,0.20,29.05,17,17,0,0.78,0.70,0.80,29.02,17,17,0,255.78,250.90,262.80,24.97,17,0,0
552727,0.35,0.30,0.40,30.46,17,17,0,0.06,0.00,0.10,28.85,17,17,0,0.38,0.30,0.40,29.15,17,17,0,0.79,0.70,0.80,28.64,17,17,0,0.18,0.10,0.20,29.05,17,17,0,0.77,0.70,0.80,29.03,17,17,0,258.39,253.50,267.70,24.99,17,0,0
553235,0.35,0.30,0.40,30.46,17,17,0,0.03,-0.10,0.10,28.86,17,17,0,0.40,0.40,0.40,29.14,17,17,0,0.79,0.70,0.80,28.67,17,17,0,0.18,0.10,0.20,29.04,17,17,0,0.77,0.70,0.80,29.04,17,17,0,259.12,253.80,270.00,24.97,17,0,0
553744,0.36,0.30,0.40,30.47,17,17,0,0.02,0.00,0.10,28.85,17,17,0,0.39,0.30,0.40,29.15,17,17,0,0.80,0.70,0.90,28.66,17,17,0,0.18,0.10,0.20,29.04,17,17,0,0.76,0.70,0.80,29.03,17,17,0,260.48,256.30,268.60,24.97,17,0,0
554244,0.34,0.30,0.40,30.46,17,17,0,0.03,0.00,0.10,28.84,17,17,0,0.38,0.30,0.40,29.16,17,17,0,0.80,0.80,0.80,28.65,17,17,0,0.18,0.10,0.20,29.04,17,17,0,0.77,0.70,0.80,29.03,17,17,0,262.88,258.00,271.00,24.97,17,0,0
554747,0.32,0.30,0.40,30.46,17,17,0,0.03,-0.10,0.10,28.85,17,17,0,0.37,0.30,0.40,29.15,17,17,0,0.80,0.80,0.80,28.64,17,17,0,0.19,0.10,0.20,29.06,17,17,0,0.78,0.70,0.80,29.03,17,17,0,262.82,258.70,271.30,24.98,17,0,0
555249,0.33,0.30,0.40,30.48,17,17,0,0.02,0.00,0.10,28.84,17,17,0,0.39,0.30,0.40,29.16,17,17,0,0.80,0.80,0.80,28.66,17,17,0,0.19,0.10,0.20,29.05,17,17,0,0.76,0.70,0.80,29.03,17,17,0,261.29,256.60,269.50,24.98,17,0,0
555754,0.36,0.30,0.40,30.47,17,17,0,0.04,-0.10,0.10,28.86,17,17,0,0.38,0.30,0.40,29.15,17,17,0,0.80,0.80,0.80,28.65,17,17,0,0.19,0.10,0.20,29.05,17,17,0,0.79,0.70,0.80,29.03,17,17,0,260.54,255.80,268.80,24.97,17,0,0
556257,0.35,0.30,0.40,30.48,17,17,0,0.02,-0.10,0.10,28.85,17,17,0,0.39,0.30,0.40,29.15,17,17,0,0.80,0.80,0.80,28.65,17,17,0,0.17,0.10,0.20,29.06,17,17,0,0.78,0.70,0.80,29.03,17,17,0,260.83,256.50,270.80,24.98,17,0,0
556760,0.34,0.30,0.40,30.48,17,17,0,0.05,0.00,0.10,28.86,17,17,0,0.39,0.30,0.40,29.16,17,17,0,0.81,0.80,0.90,28.67,17,17,0,0.19,0.10,0.20,29.04,17,17,0,0.77,0.70,0.80,29.02,17,17,0,259.41,255.00,269.80,24.97,17,0,0
557264,0.34,0.30,0.40,30.47,17,17,0,0.04,0.00,0.10,28.85,17,17,0,0.39,0.30,0.40,29.16,17,17,0,0.80,0.80,0.80,28.65,17,17,0,0.18,0.10,0.30,29.05,17,17,0,0.77,0.70,0.80,29.04,17,17,0,257.72,252.60,266.60,24.98,17,0,0
557765,0.34,0.30,0.40,30.46,17,17,0,0.02,-0.10,0.10,28.85,17,17,0,0.37,0.30,0.40,29.16,17,17,0,0.79,0.70,0.80,28.66,17,17,0,0.19,0.10,0.20,29.05,17,17,0,0.78,0.70,0.80,29.04,17,17,0,258.72,253.40,267.10,25.00,17,0,0
558265,0.34,0.30,0.40,30.46,17,17,0,0.05,-0.10,0.10,28.84,17,17,0,0.38,0.30,0.40,29.14,17,17,0,0.79,0.70,0.80,28.64,17,17,0,0.18,0.10,0.20,29.05,17,17,0,0.76,0.70,0.80,29.03,17,17,0,259.31,254.60,268.80,24.96,17,0,0
558765,0.33,0.30,0.40,30.46,17,17,0,0.02,-0.10,0.10,28.84,17,17,0,0.38,0.30,0.40,29.15,17,17,0,0.80,0.80,0.80,28.67,17,17,0,0.19,0.10,0.20,29.04,17,17,0,0.78,0.70,0.80,29.03,17,17,0,259.83,255.20,267.00,24.98,17,0,0
559267,0.35,0.30,0.40,30.47,17,17,0,0.04,0.00,0.10,28.86,17,17,0,0.36,0.30,0.40,29.17,17,17,0,0.80,0.80,0.80,28.65,17,17,0,0.18,0.10,0.20,29.07,17,17,0,0.76,0.70,0.80,29.04,17,17,0,261.62,256.40,270.40,24.96,17,0,0
559780,0.32,0.30,0.40,30.47,17,17,0,0.04,0.00,0.10,28.86,17,17,0,0.39,0.30,0.40,29.15,17,17,0,0.80,0.80,0.80,28.65,17,17,0,0.19,0.10,0.20,29.05,17,17,0,0.79,0.70,0.80,29.04,17,17,0,264.03,259.60,276.70,24.96,17,0,0
560280,0.35,0.30,0.40,30.48,17,17,0,0.01,-0.10,0.10,28.85,17,17,0,0.38,0.30,0.40,29.16,17,17,0,0.80,0.80,0.80,28.66,17,17,0,0.18,0.10,0.20,29.05,17,17,0,0.76,0.70,0.80,29.03,17,17,0,265.69,259.50,274.10,24.97,17,0,0
560783,0.34,0.30,0.40,30.48,17,17,0,0.01,-0.10,0.10,28.86,17,17,0,0.38,0.30,0.40,29.15,17,17,0,0.80,0.80,0.80,28.67,17,17,0,0.19,0.10,0.20,29.05,17,17,0,0.76,0.70,0.80,29.04,17,17,0,267.21,263.30,276.20,24.97,17,0,0
561295,0.34,0.30,0.40,30.48,17,17,0,0.02,0.00,0.10,28.86,17,17,0,0.39,0.30,0.40,29.15,17,17,0,0.80,0.80,0.80,28.66,17,17,0,0.15,0.10,0.20,29.05,17,17,0,0.78,0.70,0.80,29.04,17,17,0,270.62,265.90,280.60,24.94,17,0,0
561795,0.33,0.30,0.40,30.47,17,17,0,0.02,-0.10,0.10,28.86,17,17,0,0.39,0.30,0.40,29.14,17,17,0,0.79,0.70,0.80,28.66,17,17,0,0.18,0.10,0.20,29.03,17,17,0,0.75,0.70,0.80,29.03,17,17,0,270.48,265.10,279.40,24.95,17,0,0
562297,0.34,0.30,0.40,30.47,17,17,0,0.04,0.00,0.10,28.84,17,17,0,0.39,0.30,0.40,29.16,17,17,0,0.80,0.80,0.80,28.66,17,17,0,0.19,0.10,0.20,29.05,17,17,0,0.77,0.70,0.80,29.03,17,17,0,268.85,264.60,276.00,24.96,17,0,0
562797,0.35,0.30,0.40,30.48,17,17,0,0.04,0.00,0.10,28.84,17,17,0,0.38,0.30,0.40,29.15,17,17,0,0.80,0.80,0.80,28.65,17,17,0,0.18,0.10,0.20,29.06,17,17,0,0.79,0.70,0.80,29.03,17,17,0,267.61,260.60,274.20,24.96,17,0,0
563309,0.35,0.30,0.40,30.47,17,17,0,0.02,-0.10,0.10,28.86,17,17,0,0.39,0.30,0.40,29.15,17,17,0,0.80,0.80,0.80,28.65,17,17,0,0.15,0.10,0.20,29.04,17,17,0,0.77,0.70,0.80,29.05,17,17,0,266.99,262.30,278.10,24.95,17,0,0
563819,0.34,0.30,0.40,30.47,17,17,0,0.04,0.00,0.10,28.87,17,17,0,0.38,0.30,0.40,29.15,17,17,0,0.79,0.70,0.80,28.64,17,17,0,0.19,0.10,0.20,29.04,17,17,0,0.77,0.70,0.80,29.03,17,17,0,264.72,259.80,275.40,24.95,17,0,0
564320,0.34,0.30,0.40,30.47,17,17,0,0.02,-0.10,0.10,28.86,17,17,0,0.36,0.30,0.40,29.17,17,17,0,0.79,0.70,0.80,28.67,17,17,0,0.18,0.10,0.20,29.06,17,17,0,0.77,0.70,0.80,29.04,17,17,0,262.27,257.10,270.20,24.95,17,0,0
564823,0.34,0.30,0.40,30.46,17,17,0,0.02,-0.10,0.10,28.86,17,17,0,0.38,0.30,0.40,29.15,17,17,0,0.80,0.80,0.80,28.65,17,17,0,0.19,0.10,0.20,29.04,17,17,0,0.76,0.70,0.80,29.03,17,17,0,262.90,257.20,274.10,24.95,17,0,0
565326,0.34,0.30,0.40,30.47,17,17,0,0.03,0.00,0.10,28.84,17,17,0,0.38,0.30,0.40,29.16,17,17,0,0.81,0.80,0.90,28.66,17,17,0,0.19,0.10,0.20,29.04,17,17,0,0.78,0.70,0.80,29.02,17,17,0,262.64,258.50,273.70,24.96,17,0,0
565826,0.34,0.30,0.40,30.46,16,16,0,0.04,0.00,0.10,28.84,16,16,0,0.40,0.40,0.40,29.17,16,16,0,0.81,0.80,0.90,28.66,16,16,0,0.17,0.10,0.20,29.04,16,16,0,0.77,0.70,0.80,29.04,16,16,0,263.23,258.00,270.70,24.95,16,0,0
566326,0.35,0.30,0.40,30.46,17,17,0,0.03,-0.10,0.10,28.87,17,17,0,0.38,0.30,0.40,29.15,17,17,0,0.79,0.70,0.80,28.66,17,17,0,0.18,0.10,0.20,29.04,17,17,0,0.75,0.70,0.80,29.03,17,17,0,264.31,259.30,272.20,24.96,17,0,0
566826,0.34,0.30,0.40,30.48,17,17,0,0.04,0.00,0.10,28.85,17,17,0,0.39,0.30,0.40,29.16,17,17,0,0.80,0.80,0.80,28.66,17,17,0,0.19,0.10,0.20,29.04,17,17,0,0.76,0.70,0.80,29.03,17,17,0,267.12,262.30,275.50,24.96,17,0,0
567326,0.34,0.30,0.40,30.47,16,16,0,0.02,-0.10,0.10,28.85,16,16,0,0.37,0.30,0.40,29.16,16,16,0,0.80,0.80,0.80,28.64,16,16,0,0.20,0.20,0.20,29.05,16,16,0,0.78,0.70,0.80,29.03,16,16,0,268.03,261.80,278.70,24.94,16,0,0
567826,0.33,0.30,0.40,30.47,17,17,0,0.05,0.00,0.10,28.85,17,17,0,0.39,0.30,0.40,29.17,17,17,0,0.81,0.80,0.90,28.65,17,17,0,0.19,0.10,0.20,29.05,17,17,0,0.78,0.70,0.80,29.02,17,17,0,268.54,263.40,279.50,24.94,17,0,0
568328,0.35,0.30,0.40,30.47,17,17,0,0.01,-0.10,0.10,28.86,17,17,0,0.39,0.30,0.40,29.15,17,17,0,0.80,0.80,0.80,28.66,17,17,0,0.19,0.10,0.20,29.06,17,17,0,0.76,0.70,0.80,29.03,17,17,0,272.55,267.50,284.50,24.95,17,0,0
568828,0.35,0.30,0.40,30.48,17,17,0,0.02,0.00,0.10,28.84,17,17,0,0.40,0.40,0.40,29.16,17,17,0,0.80,0.80,0.80,28.66,17,17,0,0.19,0.10,0.20,29.04,17,17,0,0.76,0.70,0.80,29.04,17,17,0,273.94,268.40,286.70,24.93,17,0,0
569335,0.35,0.30,0.40,30.48,17,17,0,0.03,-0.10,0.10,28.85,17,17,0,0.38,0.30,0.40,29.16,17,17,0,0.80,0.70,0.90,28.67,17,17,0,0.16,0.10,0.20,29.03,17,17,0,0.78,0.70,0.80,29.04,17,17,0,272.64,265.00,285.80,24.94,17,0,0
569838,0.34,0.30,0.40,30.46,17,17,0,0.02,-0.10,0.10,28.86,17,17,0,0.38,0.30,0.40,29.15,17,17,0,0.80,0.80,0.80,28.66,17,17,0,0.18,0.10,0.20,29.04,17,17,0,0.74,0.70,0.80,29.03,17,17,0,271.26,264.40,281.20,24.93,17,0,0
570342,0.35,0.30,0.40,30.47,17,17,0,0.04,0.00,0.10,28.86,17,17,0,0.39,0.30,0.40,29.15,17,17,0,0.80,0.70,0.90,28.67,17,17,0,0.17,0.10,0.20,29.02,17,17,0,0.77,0.70,0.80,29.03,17,17,0,271.75,267.50,281.50,24.92,17,0,0
570842,0.37,0.30,0.40,30.44,16,16,0,0.01,-0.10,0.10,28.86,16,16,0,0.39,0.30,0.40,29.16,16,16,0,0.80,0.80,0.80,28.66,16,16,0,0.18,0.10,0.20,29.05,16,16,0,0.78,0.70,0.80,29.03,16,16,0,269.48,261.20,280.40,24.92,16,0,0
571342,0.35,0.30,0.40,30.48,17,17,0,0.02,-0.10,0.10,28.86,17,17,0,0.38,0.30,0.40,29.16,17,17,0,0.79,0.70,0.80,28.67,17,17,0,0.18,0.10,0.20,29.05,17,17,0,0.78,0.70,0.80,29.05,17,17,0,266.68,260.40,272.60,24.93,17,0,0
571849,0.32,0.30,0.40,30.48,17,17,0,0.02,0.00,0.10,28.86,17,17,0,0.38,0.30,0.40,29.15,17,17,0,0.80,0.80,0.80,28.65,17,17,0,0.19,0.10,0.20,29.03,17,17,0,0.76,0.70,0.80,29.03,17,17,0,267.08,260.80,278.40,24.95,17,0,0
572349,0.34,0.30,0.40,30.47,17,17,0,0.02,-0.10,0.10,28.86,17,17,0,0.38,0.30,0.40,29.15,17,17,0,0.79,0.70,0.80,28.66,17,17,0,0.16,0.10,0.20,29.03,17,17,0,0.79,0.70,0.80,29.03,17,17,0,266.67,261.10,274.50,24.95,17,0,0
572850,0.34,0.30,0.40,30.46,17,17,0,0.05,0.00,0.10,28.84,17,17,0,0.38,0.30,0.40,29.15,17,17,0,0.80,0.80,0.80,28.64,17,17,0,0.19,0.10,0.20,29.04,17,17,0,0.79,0.70,0.80,29.04,17,17,0,266.95,261.20,273.60,24.94,17,0,0
573350,0.35,0.30,0.40,30.49,17,17,0,0.02,-0.10,0.10,28.85,17,17,0,0.39,0.30,0.40,29.14,17,17,0,0.80,0.80,0.80,28.65,17,17,0,0.18,0.10,0.20,29.04,17,17,0,0.76,0.70,0.80,29.04,17,17,0,268.55,263.40,276.30,24.94,17,0,0
573850,0.35,0.30,0.40,30.49,17,17,0,0.04,0.00,0.10,28.86,17,17,0,0.38,0.30,0.40,29.14,17,17,0,0.80,0.80,0.80,28.66,17,17,0,0.18,0.10,0.20,29.03,17,17,0,0.77,0.70,0.80,29.03,17,17,0,271.01,266.40,282.60,24.94,17,0,0
574357,0.34,0.30,0.40,30.48,17,17,0,0.04,0.00,0.10,28.86,17,17,0,0.38,0.30,0.40,29.14,17,17,0,0.80,0.80,0.80,28.66,17,17,0,0.17,0.10,0.20,29.05,17,17,0,0.78,0.70,0.80,29.03,17,17,0,272.08,265.10,282.40,24.92,17,0,0
574857,0.36,0.30,0.40,30.47,16,16,0,0.03,-0.10,0.10,28.86,16,16,0,0.39,0.30,0.40,29.16,16,16,0,0.80,0.80,0.80,28.66,16,16,0,0.18,0.10,0.20,29.03,16,16,0,0.78,0.70,0.80,29.03,16,16,0,272.74,268.20,285.00,24.93,16,0,0
575360,0.32,0.30,0.40,30.48,17,17,0,0.02,-0.10,0.10,28.85,17,17,0,0.39,0.30,0.40,29.17,17,17,0,0.80,0.80,0.80,28.67,17,17,0,0.18,0.10,0.20,29.05,17,17,0,0.76,0.70,0.80,29.03,17,17,0,275.98,270.90,286.00,24.94,17,0,0
575863,0.34,0.30,0.40,30.49,17,17,0,0.01,-0.10,0.10,28.86,17,17,0,0.38,0.30,0.40,29.15,17,17,0,0.80,0.80,0.80,28.66,17,17,0,0.19,0.10,0.20,29.03,17,17,0,0.77,0.70,0.80,29.04,17,17,0,276.73,270.60,287.90,24.93,17,0,0
576364,0.35,0.30,0.40,30.47,17,17,0,0.05,0.00,0.10,28.86,17,17,0,0.39,0.30,0.40,29.15,17,17,0,0.80,0.80,0.80,28.64,17,17,0,0.18,0.10,0.30,29.05,17,17,0,0.77,0.70,0.80,29.04,17,17,0,276.17,271.10,286.50,24.92,17,0,0
576864,0.34,0.30,0.40,30.47,17,17,0,0.01,-0.10,0.10,28.86,17,17,0,0.37,0.30,0.40,29.15,17,17,0,0.80,0.80,0.80,28.66,17,17,0,0.19,0.10,0.20,29.06,17,17,0,0.76,0.70,0.80,29.04,17,17,0,275.41,269.10,282.70,24.92,17,0,0
577364,0.34,0.30,0.40,30.48,17,17,0,0.04,0.00,0.10,28.85,17,17,0,0.37,0.30,0.40,29.15,17,17,0,0.81,0.80,0.90,28.66,17,17,0,0.19,0.10,0.20,29.05,17,17,0,0.78,0.70,0.80,29.02,17,17,0,273.57,269.40,281.20,24.93,17,0,0
577865,0.34,0.30,0.40,30.48,17,17,0,0.05,-0.10,0.10,28.85,17,17,0,0.38,0.30,0.40,29.16,17,17,0,0.79,0.70,0.80,28.66,17,17,0,0.18,0.10,0.20,29.03,17,17,0,0.78,0.70,0.80,29.02,17,17,0,270.48,263.90,278.40,24.91,17,0,0
578365,0.33,0.30,0.40,30.49,17,17,0,0.02,-0.10,0.10,28.86,17,17,0,0.38,0.30,0.40,29.16,17,17,0,0.81,0.80,0.90,28.65,17,17,0,0.18,0.10,0.20,29.05,17,17,0,0.76,0.70,0.80,29.03,17,17,0,268.38,263.30,275.70,24.92,17,0,0
578865,0.34,0.30,0.40,30.47,17,17,0,0.04,0.00,0.10,28.84,17,17,0,0.38,0.30,0.40,29.15,17,17,0,0.79,0.70,0.80,28.65,17,17,0,0.18,0.10,0.20,29.04,17,17,0,0.78,0.70,0.80,29.02,17,17,0,269.18,263.10,277.40,24.92,17,0,0
579376,0.33,0.30,0.40,30.49,17,17,0,0.04,0.00,0.10,28.87,17,17,0,0.38,0.30,0.40,29.16,17,17,0,0.80,0.80,0.80,28.66,17,17,0,0.19,0.10,0.20,29.03,17,17,0,0.76,0.70,0.80,29.04,17,17,0,267.58,261.00,276.80,24.93,17,0,0
579876,0.32,0.30,0.40,30.47,17,17,0,0.04,0.00,0.10,28.86,17,17,0,0.37,0.30,0.40,29.18,17,17,0,0.80,0.80,0.80,28.65,17,17,0,0.19,0.10,0.20,29.03,17,17,0,0.78,0.70,0.80,29.02,17,17,0,267.12,261.50,273.80,24.93,17,0,0
580377,0.35,0.30,0.40,30.47,17,17,0,0.02,-0.10,0.10,28.87,17,17,0,0.39,0.30,0.40,29.17,17,17,0,0.80,0.80,0.80,28.66,17,17,0,0.18,0.10,0.20,29.04,17,17,0,0.78,0.70,0.80,29.03,17,17,0,268.09,262.60,279.20,24.93,17,0,0
580880,0.34,0.30,0.40,30.47,17,17,0,0.02,-0.10,0.10,28.88,17,17,0,0.38,0.30,0.40,29.16,17,17,0,0.79,0.70,0.80,28.65,17,17,0,0.19,0.10,0.20,29.03,17,17,0,0.76,0.70,0.80,29.03,17,17,0,268.39,263.10,277.50,24.93,17,0,0
581388,0.35,0.30,0.40,30.48,17,17,0,0.01,0.00,0.10,28.84,17,17,0,0.38,0.30,0.40,29.17,17,17,0,0.80,0.80,0.80,28.64,17,17,0,0.19,0.10,0.20,29.04,17,17,0,0.77,0.70,0.80,29.03,17,17,0,268.74,262.30,278.80,24.92,17,0,0
581891,0.35,0.30,0.40,30.48,17,17,0,0.04,0.00,0.10,28.85,17,17,0,0.39,0.30,0.40,29.17,17,17,0,0.80,0.80,0.80,28.67,17,17,0,0.19,0.10,0.20,29.06,17,17,0,0.77,0.70,0.80,29.04,17,17,0,269.41,265.80,277.10,24.93,17,0,0
582399,0.34,0.30,0.40,30.47,17,17,0,0.04,0.00,0.10,28.85,17,17,0,0.38,0.30,0.40,29.15,17,17,0,0.79,0.70,0.80,28.66,17,17,0,0.19,0.10,0.20,29.03,17,17,0,0.77,0.70,0.80,29.04,17,17,0,272.71,268.00,278.60,24.91,17,0,0
582904,0.34,0.30,0.40,30.48,17,17,0,0.04,-0.10,0.10,28.85,17,17,0,0.38,0.30,0.40,29.14,17,17,0,0.80,0.80,0.80,28.65,17,17,0,0.19,0.10,0.20,29.05,17,17,0,0.77,0.70,0.80,29.04,17,17,0,273.85,268.30,281.20,24.91,17,0,0
583404,0.34,0.30,0.40,30.48,17,17,0,0.04,0.00,0.10,28.85,17,17,0,0.38,0.30,0.40,29.15,17,17,0,0.80,0.80,0.80,28.65,17,17,0,0.19,0.10,0.20,29.03,17,17,0,0.75,0.70,0.80,29.04,17,17,0,274.95,270.60,280.90,24.92,17,0,0
583906,0.33,0.30,0.40,30.48,17,17,0,0.02,-0.10,0.10,28.85,17,17,0,0.38,0.30,0.40,29.14,17,17,0,0.80,0.80,0.80,28.64,17,17,0,0.19,0.10,0.20,29.03,17,17,0,0.76,0.70,0.80,29.03,17,17,0,274.15,270.50,282.20,24.92,17,0,0
584406,0.32,0.30,0.40,30.48,17,17,0,0.04,-0.10,0.10,28.84,17,17,0,0.38,0.30,0.40,29.14,17,17,0,0.79,0.70,0.80,28.66,17,17,0,0.18,0.10,0.20,29.06,17,17,0,0.76,0.70,0.80,29.02,17,17,0,271.79,265.30,281.50,24.90,17,0,0
584906,0.33,0.30,0.40,30.48,16,16,0,0.01,-0.10,0.10,28.87,16,16,0,0.38,0.30,0.40,29.16,16,16,0,0.80,0.80,0.80,28.66,16,16,0,0.19,0.10,0.20,29.05,16,16,0,0.76,0.70,0.80,29.04,16,16,0,268.30,255.30,284.20,24.89,16,0,0
585406,0.32,0.30,0.40,30.49,17,17,0,0.01,-0.10,0.10,28.85,17,17,0,0.37,0.30,0.40,29.16,17,17,0,0.80,0.80,0.80,28.66,17,17,0,0.19,0.10,0.20,29.03,17,17,0,0.75,0.70,0.80,29.04,17,17,0,266.98,256.50,280.70,24.93,17,0,0
585906,0.31,0.30,0.40,30.47,16,16,0,0.02,-0.10,0.10,28.85,16,16,0,0.39,0.30,0.40,29.15,16,16,0,0.80,0.80,0.80,28.64,16,16,0,0.16,0.10,0.20,29.04,16,16,0,0.77,0.70,0.80,29.04,16,16,0,266.18,258.90,276.60,24.92,16,0,0
586406,0.34,0.30,0.40,30.48,17,17,0,0.03,0.00,0.10,28.88,17,17,0,0.38,0.30,0.40,29.17,17,17,0,0.79,0.70,0.80,28.66,17,17,0,0.19,0.10,0.20,29.04,17,17,0,0.78,0.70,0.80,29.02,17,17,0,265.86,257.70,273.80,24.93,17,0,0
586906,0.34,0.30,0.40,30.49,17,17,0,-0.01,-0.10,0.10,28.85,17,17,0,0.38,0.30,0.40,29.14,17,17,0,0.79,0.70,0.80,28.66,17,17,0,0.20,0.20,0.20,29.04,17,17,0,0.78,0.70,0.80,29.03,17,17,0,264.73,259.20,272.70,24.94,17,0,0
587414,0.38,0.30,0.40,30.49,17,17,0,0.01,-0.10,0.10,28.85,17,17,0,0.39,0.30,0.40,29.15,17,17,0,0.80,0.80,0.80,28.65,17,17,0,0.16,0.10,0.20,29.03,17,17,0,0.76,0.70,0.80,29.04,17,17,0,266.73,261.80,274.80,24.90,17,0,0
587923,0.34,0.30,0.40,30.48,17,17,0,0.02,0.00,0.10,28.85,17,17,0,0.39,0.30,0.40,29.14,17,17,0,0.79,0.70,0.80,28.68,17,17,0,0.16,0.10,0.20,29.03,17,17,0,0.76,0.70,0.80,29.03,17,17,0,268.33,263.50,278.10,24.92,17,0,0
588431,0.32,0.30,0.40,30.48,17,17,0,0.03,-0.10,0.10,28.86,17,17,0,0.39,0.30,0.40,29.16,17,17,0,0.80,0.80,0.80,28.65,17,17,0,0.19,0.10,0.20,29.03,17,17,0,0.76,0.70,0.80,29.02,17,17,0,269.41,262.90,277.90,24.93,17,0,0
588931,0.33,0.30,0.40,30.48,17,17,0,0.02,0.00,0.10,28.86,17,17,0,0.39,0.30,0.40,29.16,17,17,0,0.80,0.80,0.80,28.66,17,17,0,0.17,0.10,0.20,29.03,17,17,0,0.76,0.70,0.80,29.04,17,17,0,271.87,267.10,277.50,24.92,17,0,0
589437,0.32,0.30,0.40,30.49,17,17,0,0.02,0.00,0.10,28.85,17,17,0,0.39,0.30,0.40,29.16,17,17,0,0.80,0.80,0.80,28.66,17,17,0,0.19,0.10,0.20,29.03,17,17,0,0.78,0.70,0.80,29.03,17,17,0,274.53,269.60,284.60,24.88,17,0,0
589947,0.34,0.30,0.40,30.48,17,17,0,0.02,0.00,0.10,28.85,17,17,0,0.36,0.30,0.40,29.16,17,17,0,0.80,0.80,0.80,28.66,17,17,0,0.18,0.10,0.20,29.04,17,17,0,0.77,0.70,0.80,29.04,17,17,0,275.14,268.50,286.30,24.92,17,0,0
590447,0.35,0.30,0.40,30.48,17,17,0,0.02,0.00,0.10,28.85,17,17,0,0.39,0.30,0.40,29.15,17,17,0,0.79,0.70,0.80,28.65,17,17,0,0.18,0.10,0.20,29.04,17,17,0,0.76,0.70,0.80,29.03,17,17,0,275.66,269.90,284.60,24.91,17,0,0
590948,0.33,0.30,0.40,30.47,17,17,0,0.00,-0.10,0.10,28.84,17,17,0,0.39,0.30,0.40,29.15,17,17,0,0.80,0.80,0.80,28.66,17,17,0,0.19,0.10,0.20,29.02,17,17,0,0.78,0.70,0.80,29.03,17,17,0,275.22,270.70,285.40,24.91,17,0,0
591448,0.32,0.30,0.40,30.50,17,17,0,0.03,0.00,0.10,28.85,17,17,0,0.39,0.30,0.40,29.15,17,17,0,0.79,0.70,0.80,28.65,17,17,0,0.19,0.10,0.20,29.04,17,17,0,0.76,0.70,0.80,29.04,17,17,0,272.81,268.60,279.20,24.90,17,0,0
591949,0.34,0.30,0.40,30.50,17,17,0,0.05,0.00,0.10,28.85,17,17,0,0.39,0.30,0.40,29.15,17,17,0,0.80,0.80,0.80,28.65,17,17,0,0.19,0.10,0.20,29.03,17,17,0,0.78,0.70,0.80,29.03,17,17,0,269.45,262.30,275.00,24.91,17,0,0
592449,0.33,0.30,0.40,30.49,17,17,0,0.05,0.00,0.10,28.85,17,17,0,0.38,0.30,0.40,29.16,17,17,0,0.80,0.80,0.80,28.66,17,17,0,0.18,0.10,0.20,29.01,17,17,0,0.77,0.70,0.80,29.03,17,17,0,267.24,261.00,275.20,24.91,17,0,0
592949,0.33,0.30,0.40,30.48,17,17,0,0.02,-0.10,0.10,28.85,17,17,0,0.38,0.30,0.40,29.15,17,17,0,0.81,0.80,0.90,28.67,17,17,0,0.19,0.10,0.20,29.05,17,17,0,0.79,0.70,0.80,29.03,17,17,0,267.82,264.90,276.20,24.90,17,0,0
593455,0.34,0.30,0.40,30.49,17,17,0,0.01,-0.10,0.10,28.86,17,17,0,0.39,0.30,0.40,29.15,17,17,0,0.80,0.80,0.80,28.66,17,17,0,0.18,0.10,0.20,29.04,17,17,0,0.79,0.70,0.80,29.04,17,17,0,266.88,260.50,276.70,24.91,17,0,0
593966,0.34,0.30,0.40,30.49,17,17,0,0.04,0.00,0.10,28.85,17,17,0,0.39,0.30,0.40,29.16,17,17,0,0.80,0.80,0.80,28.66,17,17,0,0.17,0.10,0.20,29.02,17,17,0,0.78,0.70,0.80,29.03,17,17,0,265.16,257.80,275.20,24.92,17,0,0
594468,0.35,0.30,0.40,30.48,17,17,0,0.01,-0.10,0.10,28.85,17,17,0,0.39,0.30,0.40,29.17,17,17,0,0.80,0.80,0.80,28.67,17,17,0,0.19,0.10,0.20,29.06,17,17,0,0.76,0.70,0.80,29.02,17,17,0,266.63,256.00,278.10,24.90,17,0,0
594972,0.32,0.30,0.40,30.48,17,17,0,0.01,-0.10,0.10,28.87,17,17,0,0.39,0.30,0.40,29.15,17,17,0,0.80,0.80,0.80,28.66,17,17,0,0.19,0.10,0.20,29.03,17,17,0,0.76,0.70,0.80,29.04,17,17,0,268.04,260.80,278.60,24.90,17,0,0
595485,0.34,0.30,0.40,30.48,17,17,0,0.03,0.00,0.10,28.86,17,17,0,0.39,0.30,0.40,29.15,17,17,0,0.80,0.80,0.80,28.65,17,17,0,0.18,0.10,0.20,29.04,17,17,0,0.76,0.70,0.80,29.02,17,17,0,268.35,260.80,276.70,24.92,17,0,0
595985,0.35,0.30,0.40,30.48,17,17,0,0.01,0.00,0.10,28.84,17,17,0,0.38,0.30,0.40,29.15,17,17,0,0.80,0.80,0.80,28.65,17,17,0,0.18,0.10,0.20,29.03,17,17,0,0.77,0.70,0.80,29.02,17,17,0,268.92,263.20,274.80,24.90,17,0,0
596489,0.32,0.30,0.40,30.51,17,17,0,0.02,-0.10,0.10,28.85,17,17,0,0.38,0.30,0.40,29.15,17,17,0,0.80,0.80,0.80,28.66,17,17,0,0.18,0.10,0.20,29.04,17,17,0,0.76,0.70,0.80,29.03,17,17,0,273.59,264.90,283.20,24.90,17,0,0
596997,0.32,0.30,0.40,30.49,17,17,0,0.02,-0.10,0.10,28.84,17,17,0,0.38,0.30,0.40,29.15,17,17,0,0.79,0.70,0.80,28.66,17,17,0,0.16,0.10,0.20,29.04,17,17,0,0.76,0.70,0.80,29.04,17,17,0,274.72,266.70,284.30,24.91,17,0,0
597497,0.32,0.30,0.40,30.48,17,17,0,0.01,-0.10,0.10,28.86,17,17,0,0.38,0.30,0.40,29.15,17,17,0,0.80,0.80,0.80,28.64,17,17,0,0.18,0.10,0.20,29.05,17,17,0,0.78,0.70,0.80,29.02,17,17,0,274.21,269.90,282.30,24.91,17,0,0
597997,0.33,0.30,0.40,30.49,16,16,0,0.01,-0.10,0.10,28.85,16,16,0,0.39,0.30,0.40,29.15,16,16,0,0.80,0.80,0.80,28.65,16,16,0,0.18,0.10,0.20,29.04,16,16,0,0.75,0.70,0.80,29.04,16,16,0,272.46,267.10,279.30,24.90,16,0,0
598497,0.34,0.30,0.40,30.48,17,17,0,0.02,0.00,0.10,28.85,17,17,0,0.38,0.30,0.40,29.16,17,17,0,0.79,0.70,0.80,28.65,17,17,0,0.18,0.10,0.20,29.02,17,17,0,0.77,0.70,0.80,29.03,17,17,0,270.84,264.00,279.50,24.89,17,0,0
599000,0.34,0.30,0.40,30.48,17,17,0,0.02,0.00,0.10,28.85,17,17,0,0.39,0.30,0.40,29.17,17,17,0,0.79,0.70,0.80,28.65,17,17,0,0.19,0.10,0.20,29.04,17,17,0,0.78,0.70,0.80,29.04,17,17,0,266.57,261.30,276.00,24.90,17,0,0
599503,0.35,0.30,0.40,30.48,17,17,0,0.02,0.00,0.10,28.85,17,17,0,0.37,0.30,0.40,29.16,17,17,0,0.80,0.80,0.80,28.65,17,17,0,0.18,0.10,0.20,29.04,17,17,0,0.75,0.70,0.80,29.04,17,17,0,263.87,258.40,271.00,24.91,17,0,0
600012,0.33,0.30,0.40,30.48,17,17,0,0.04,0.00,0.10,28.85,17,17,0,0.37,0.30,0.40,29.16,17,17,0,0.79,0.70,0.80,28.65,17,17,0,0.20,0.20,0.20,29.04,17,17,0,0.76,0.70,0.80,29.03,17,17,0,262.89,255.60,270.40,24.92,17,0,0
600512,0.34,0.30,0.40,30.47,16,16,0,0.02,0.00,0.10,28.85,16,16,0,0.37,0.30,0.40,29.15,16,16,0,0.80,0.80,0.80,28.65,16,16,0,0.19,0.10,0.20,29.03,16,16,0,0.75,0.70,0.80,29.05,16,16,0,261.79,255.90,273.40,24.91,16,0,0
601012,0.32,0.30,0.40,30.50,17,17,0,0.02,-0.10,0.10,28.83,17,17,0,0.35,0.30,0.40,29.17,17,17,0,0.80,0.80,0.80,28.65,17,17,0,0.17,0.10,0.20,29.04,17,17,0,0.78,0.70,0.80,29.03,17,17,0,261.12,256.80,270.00,24.93,17,0,0
601525,0.34,0.30,0.40,30.48,17,17,0,0.01,-0.10,0.10,28.85,17,17,0,0.38,0.30,0.40,29.15,17,17,0,0.80,0.80,0.80,28.64,17,17,0,0.16,0.10,0.20,29.04,17,17,0,0.76,0.70,0.80,29.03,17,17,0,263.33,256.70,272.30,24.91,17,0,0
602025,0.33,0.30,0.40,30.49,16,16,0,0.03,0.00,0.10,28.86,16,16,0,0.38,0.30,0.40,29.17,16,16,0,0.80,0.80,0.80,28.65,16,16,0,0.19,0.10,0.20,29.04,16,16,0,0.78,0.70,0.80,29.04,16,16,0,264.24,257.30,275.80,24.92,16,0,0
602529,0.36,0.30,0.40,30.49,17,17,0,0.05,0.00,0.10,28.85,17,17,0,0.38,0.30,0.40,29.16,17,17,0,0.80,0.80,0.80,28.66,17,17,0,0.19,0.10,0.20,29.03,17,17,0,0.76,0.70,0.80,29.05,17,17,0,265.66,257.60,272.70,24.90,17,0,0
603039,0.34,0.30,0.40,30.48,17,17,0,0.03,-0.10,0.10,28.84,17,17,0,0.39,0.30,0.40,29.16,17,17,0,0.80,0.80,0.80,28.65,17,17,0,0.19,0.10,0.20,29.03,17,17,0,0.77,0.70,0.80,29.05,17,17,0,265.24,259.40,276.70,24.92,17,0,0
603539,0.33,0.30,0.40,30.49,16,16,0,0.05,0.00,0.10,28.86,16,16,0,0.39,0.30,0.40,29.16,16,16,0,0.79,0.70,0.80,28.67,16,16,0,0.19,0.10,0.20,29.05,16,16,0,0.76,0.70,0.80,29.05,16,16,0,268.26,265.00,275.50,24.91,16,0,0
604049,0.35,0.30,0.40,30.47,16,16,0,0.03,0.00,0.10,28.85,16,16,0,0.38,0.30,0.40,29.15,16,16,0,0.80,0.80,0.80,28.68,16,16,0,0.19,0.10,0.20,29.03,16,16,0,0.76,0.70,0.80,29.05,16,16,0,269.96,263.70,278.90,24.90,16,0,0
604556,0.33,0.30,0.40,30.49,17,17,0,0.05,0.00,0.10,28.85,17,17,0,0.39,0.30,0.40,29.15,17,17,0,0.79,0.70,0.80,28.66,17,17,0,0.20,0.20,0.20,29.02,17,17,0,0.79,0.70,0.90,29.04,17,17,0,269.21,263.20,278.00,24.91,17,0,0
605061,0.31,0.30,0.40,30.48,17,17,0,0.01,-0.10,0.10,28.85,17,17,0,0.38,0.30,0.40,29.16,17,17,0,0.80,0.80,0.80,28.65,17,17,0,0.19,0.10,0.20,29.04,17,17,0,0.76,0.70,0.80,29.05,17,17,0,267.70,264.10,276.30,24.91,17,0,0
605566,0.32,0.30,0.40,30.50,17,17,0,0.02,-0.10,0.10,28.84,17,17,0,0.37,0.30,0.40,29.16,17,17,0,0.81,0.80,0.90,28.64,17,17,0,0.20,0.20,0.20,29.03,17,17,0,0.77,0.70,0.80,29.03,17,17,0,266.08,260.30,278.10,24.90,17,0,0
606066,0.34,0.30,0.40,30.50,17,17,0,0.01,-0.10,0.10,28.86,17,17,0,0.38,0.30,0.40,29.17,17,17,0,0.80,0.80,0.80,28.65,17,17,0,0.18,0.10,0.20,29.04,17,17,0,0.76,0.70,0.80,29.02,17,17,0,262.66,258.70,270.50,24.91,17,0,0
606566,0.35,0.30,0.40,30.49,17,17,0,0.05,0.00,0.10,28.85,17,17,0,0.36,0.30,0.40,29.14,17,17,0,0.81,0.80,0.90,28.66,17,17,0,0.18,0.10,0.20,29.02,17,17,0,0.78,0.70,0.80,29.04,17,17,0,260.52,251.00,270.80,24.91,17,0,0
607067,0.34,0.30,0.40,30.49,17,17,0,0.01,-0.10,0.10,28.86,17,17,0,0.38,0.30,0.40,29.17,17,17,0,0.79,0.70,0.80,28.66,17,17,0,0.18,0.10,0.20,29.02,17,17,0,0.77,0.70,0.80,29.03,17,17,0,259.74,253.20,270.90,24.91,17,0,0
607576,0.35,0.30,0.40,30.49,17,17,0,0.04,-0.10,0.10,28.85,17,17,0,0.39,0.30,0.40,29.16,17,17,0,0.80,0.80,0.80,28.63,17,17,0,0.17,0.10,0.30,29.04,17,17,0,0.76,0.70,0.80,29.04,17,17,0,260.41,250.90,268.90,24.91,17,0,0
608076,0.34,0.30,0.40,30.50,17,17,0,0.04,0.00,0.10,28.85,17,17,0,0.39,0.30,0.40,29.16,17,17,0,0.80,0.80,0.80,28.65,17,17,0,0.19,0.10,0.20,29.02,17,17,0,0.78,0.70,0.80,29.03,17,17,0,260.64,252.10,269.20,24.91,17,0,0
608576,0.35,0.30,0.40,30.49,17,17,0,0.04,-0.10,0.10,28.85,17,17,0,0.38,0.30,0.40,29.15,17,17,0,0.79,0.70,0.80,28.65,17,17,0,0.19,0.10,0.20,29.04,17,17,0,0.78,0.70,0.80,29.03,17,17,0,262.99,252.80,275.50,24.90,17,0,0
609077,0.33,0.30,0.40,30.48,17,17,0,0.02,0.00,0.10,28.85,17,17,0,0.39,0.30,0.40,29.14,17,17,0,0.81,0.80,0.90,28.66,17,17,0,0.17,0.10,0.20,29.03,17,17,0,0.76,0.70,0.80,29.03,17,17,0,262.68,257.20,270.80,24.92,17,0,0
609582,0.34,0.30,0.40,30.48,17,17,0,0.04,0.00,0.10,28.84,17,17,0,0.38,0.30,0.40,29.16,17,17,0,0.79,0.70,0.80,28.64,17,17,0,0.18,0.10,0.20,29.03,17,17,0,0.75,0.70,0.80,29.03,17,17,0,262.42,256.90,268.10,24.90,17,0,0
610088,0.32,0.30,0.40,30.49,17,17,0,0.04,0.00,0.10,28.84,17,17,0,0.38,0.30,0.40,29.17,17,17,0,0.79,0.70,0.80,28.67,17,17,0,0.18,0.10,0.20,29.05,17,17,0,0.78,0.70,0.80,29.04,17,17,0,262.89,259.40,269.20,24.91,17,0,0
610589,0.35,0.30,0.40,30.49,17,17,0,0.02,0.00,0.10,28.84,17,17,0,0.39,0.30,0.40,29.17,17,17,0,0.79,0.70,0.80,28.66,17,17,0,0.18,0.10,0.20,29.04,17,17,0,0.75,0.70,0.80,29.02,17,17,0,265.76,262.30,271.40,24.90,17,0,0
611098,0.35,0.30,0.40,30.50,17,17,0,0.01,-0.10,0.10,28.84,17,17,0,0.38,0.30,0.40,29.15,17,17,0,0.79,0.70,0.80,28.66,17,17,0,0.19,0.10,0.20,29.03,17,17,0,0.77,0.70,0.80,29.03,17,17,0,265.21,260.50,272.30,24.90,17,0,0
611610,0.35,0.30,0.40,30.50,17,17,0,0.03,-0.10,0.10,28.86,17,17,0,0.39,0.30,0.40,29.17,17,17,0,0.79,0.70,0.80,28.67,17,17,0,0.17,0.10,0.20,29.06,17,17,0,0.77,0.70,0.80,29.03,17,17,0,262.18,258.10,269.80,24.91,17,0,0
612110,0.34,0.30,0.40,30.49,17,17,0,0.01,-0.10,0.10,28.87,17,17,0,0.40,0.40,0.40,29.15,17,17,0,0.80,0.80,0.80,28.65,17,17,0,0.18,0.10,0.20,29.03,17,17,0,0.75,0.70,0.80,29.02,17,17,0,262.57,258.30,270.00,24.91,17,0,0
612610,0.32,0.30,0.40,30.49,17,17,0,0.02,0.00,0.10,28.86,17,17,0,0.38,0.30,0.40,29.15,17,17,0,0.80,0.80,0.80,28.64,17,17,0,0.19,0.10,0.20,29.06,17,17,0,0.76,0.70,0.80,29.01,17,17,0,260.74,256.90,269.60,24.92,17,0,0
613110,0.33,0.30,0.40,30.50,17,17,0,0.04,0.00,0.10,28.85,17,17,0,0.38,0.30,0.40,29.18,17,17,0,0.81,0.80,0.90,28.65,17,17,0,0.19,0.10,0.20,29.04,17,17,0,0.78,0.70,0.80,29.04,17,17,0,257.94,253.00,265.40,24.91,17,0,0
613613,0.33,0.30,0.40,30.49,17,17,0,0.04,0.00,0.10,28.86,17,17,0,0.38,0.30,0.40,29.16,17,17,0,0.80,0.80,0.80,28.64,17,17,0,0.20,0.20,0.20,29.04,17,17,0,0.77,0.70,0.80,29.03,17,17,0,256.04,251.00,262.30,24.91,17,0,0
614113,0.34,0.30,0.40,30.48,17,17,0,0.05,-0.10,0.10,28.85,17,17,0,0.39,0.30,0.40,29.16,17,17,0,0.81,0.80,0.90,28.64,17,17,0,0.19,0.10,0.20,29.04,17,17,0,0.78,0.70,0.80,29.02,17,17,0,255.97,251.70,265.70,24.91,17,0,0
614613,0.35,0.30,0.40,30.50,17,17,0,0.01,-0.10,0.10,28.86,17,17,0,0.36,0.30,0.40,29.17,17,17,0,0.80,0.80,0.80,28.65,17,17,0,0.19,0.10,0.20,29.02,17,17,0,0.76,0.70,0.80,29.04,17,17,0,255.40,249.60,262.50,24.94,17,0,0
615114,0.35,0.30,0.40,30.48,17,17,0,0.04,0.00,0.10,28.84,17,17,0,0.39,0.30,0.40,29.16,17,17,0,0.80,0.80,0.80,28.65,17,17,0,0.19,0.10,0.20,29.04,17,17,0,0.75,0.70,0.80,29.03,17,17,0,255.65,250.20,264.30,24.92,17,0,0
615617,0.32,0.30,0.40,30.49,17,17,0,0.02,0.00,0.10,28.86,17,17,0,0.38,0.30,0.40,29.16,17,17,0,0.79,0.70,0.80,28.64,17,17,0,0.20,0.20,0.20,29.04,17,17,0,0.76,0.70,0.80,29.05,17,17,0,257.31,253.50,267.60,24.92,17,0,0
616117,0.32,0.30,0.40,30.48,17,17,0,0.02,-0.10,0.10,28.86,17,17,0,0.36,0.30,0.40,29.17,17,17,0,0.79,0.70,0.80,28.64,17,17,0,0.18,0.10,0.20,29.04,17,17,0,0.78,0.70,0.80,29.04,17,17,0,257.61,253.50,266.20,24.93,17,0,0
616617,0.31,0.30,0.40,30.50,17,17,0,0.02,0.00,0.10,28.84,17,17,0,0.38,0.30,0.40,29.15,17,17,0,0.80,0.80,0.80,28.65,17,17,0,0.19,0.10,0.20,29.05,17,17,0,0.77,0.70,0.80,29.03,17,17,0,257.34,253.00,265.20,24.90,17,0,0
617117,0.34,0.30,0.40,30.50,17,17,0,0.04,0.00,0.10,28.85,17,17,0,0.38,0.30,0.40,29.16,17,17,0,0.80,0.80,0.80,28.65,17,17,0,0.19,0.10,0.20,29.03,17,17,0,0.78,0.70,0.80,29.05,17,17,0,257.60,253.10,263.90,24.91,17,0,0
617617,0.33,0.30,0.40,30.49,17,17,0,0.03,-0.10,0.10,28.86,17,17,0,0.36,0.30,0.40,29.16,17,17,0,0.80,0.80,0.80,28.66,17,17,0,0.19,0.10,0.20,29.03,17,17,0,0.78,0.70,0.80,29.03,17,17,0,260.43,256.40,271.00,24.90,17,0,0
618117,0.35,0.30,0.40,30.50,17,17,0,0.02,-0.10,0.10,28.84,17,17,0,0.39,0.30,0.40,29.17,17,17,0,0.80,0.80,0.80,28.64,17,17,0,0.18,0.10,0.20,29.02,17,17,0,0.77,0.70,0.80,29.05,17,17,0,260.72,255.70,268.70,24.93,17,0,0
618618,0.34,0.30,0.40,30.50,17,17,0,0.01,-0.10,0.10,28.84,17,17,0,0.38,0.30,0.40,29.15,17,17,0,0.79,0.70,0.80,28.66,17,17,0,0.19,0.10,0.20,29.03,17,17,0,0.77,0.70,0.80,29.03,17,17,0,258.23,252.00,266.00,24.90,17,0,0
619119,0.34,0.30,0.40,30.51,17,17,0,0.02,0.00,0.10,28.83,17,17,0,0.38,0.30,0.40,29.16,17,17,0,0.79,0.70,0.80,28.65,17,17,0,0.19,0.10,0.20,29.02,17,17,0,0.76,0.70,0.80,29.02,17,17,0,257.57,253.20,267.50,24.91,17,0,0
619619,0.34,0.30,0.40,30.49,17,17,0,0.05,0.00,0.10,28.84,17,17,0,0.38,0.30,0.40,29.17,17,17,0,0.80,0.80,0.80,28.64,17,17,0,0.18,0.10,0.20,29.02,17,17,0,0.78,0.70,0.80,29.04,17,17,0,256.34,251.30,262.20,24.93,17,0,0
620119,0.33,0.30,0.40,30.50,17,17,0,0.05,-0.10,0.10,28.85,17,17,0,0.38,0.30,0.40,29.17,17,17,0,0.79,0.70,0.80,28.64,17,17,0,0.19,0.10,0.20,29.02,17,17,0,0.76,0.70,0.80,29.03,17,17,0,253.39,249.00,261.40,24.92,17,0,0
620619,0.36,0.30,0.40,30.49,17,17,0,0.04,0.00,0.10,28.85,17,17,0,0.39,0.30,0.40,29.15,17,17,0,0.80,0.80,0.80,28.63,17,17,0,0.19,0.10,0.20,29.04,17,17,0,0.77,0.70,0.80,29.03,17,17,0,251.95,248.00,257.20,24.93,17,0,0
621119,0.32,0.30,0.40,30.50,17,17,0,0.03,0.00,0.10,28.83,17,17,0,0.39,0.30,0.40,29.18,17,17,0,0.80,0.80,0.80,28.62,17,17,0,0.19,0.10,0.20,29.02,17,17,0,0.77,0.70,0.80,29.04,17,17,0,252.09,248.30,260.90,24.92,17,0,0
621623,0.35,0.30,0.40,30.50,17,17,0,0.02,-0.10,0.10,28.85,17,17,0,0.38,0.30,0.40,29.16,17,17,0,0.80,0.80,0.80,28.66,17,17,0,0.18,0.10,0.20,29.04,17,17,0,0.75,0.70,0.80,29.03,17,17,0,251.71,246.40,258.60,24.92,17,0,0
622123,0.34,0.30,0.40,30.50,17,17,0,0.04,0.00,0.10,28.85,17,17,0,0.38,0.30,0.40,29.16,17,17,0,0.80,0.80,0.80,28.66,17,17,0,0.18,0.10,0.20,29.03,17,17,0,0.77,0.70,0.80,29.04,17,17,0,250.96,247.40,259.20,24.93,17,0,0
622623,0.36,0.30,0.40,30.47,17,17,0,0.02,-0.10,0.10,28.85,17,17,0,0.38,0.30,0.40,29.16,17,17,0,0.80,0.80,0.80,28.66,17,17,0,0.19,0.10,0.20,29.04,17,17,0,0.77,0.70,0.80,29.04,17,17,0,252.11,247.90,259.40,24.90,17,0,0
623123,0.33,0.30,0.40,30.48,16,16,0,0.03,-0.10,0.10,28.86,16,16,0,0.39,0.30,0.40,29.14,16,16,0,0.80,0.80,0.80,28.64,16,16,0,0.18,0.10,0.20,29.02,16,16,0,0.77,0.70,0.80,29.03,16,16,0,252.17,247.40,260.40,24.92,16,0,0
623627,0.33,0.30,0.40,30.49,17,17,0,0.04,0.00,0.10,28.85,17,17,0,0.39,0.30,0.40,29.15,17,17,0,0.80,0.80,0.80,28.63,17,17,0,0.20,0.20,0.20,29.04,17,17,0,0.75,0.70,0.80,29.04,17,17,0,251.81,247.40,259.90,24.92,17,0,0
624128,0.34,0.30,0.40,30.49,17,17,0,0.01,-0.10,0.10,28.85,17,17,0,0.38,0.30,0.40,29.14,17,17,0,0.80,0.80,0.80,28.64,17,17,0,0.19,0.10,0.20,29.03,17,17,0,0.76,0.70,0.80,29.02,17,17,0,252.91,248.70,260.10,24.93,17,0,0
624628,0.33,0.30,0.40,30.49,17,17,0,0.04,0.00,0.10,28.84,17,17,0,0.38,0.30,0.40,29.16,17,17,0,0.81,0.80,0.90,28.64,17,17,0,0.19,0.10,0.20,29.01,17,17,0,0.77,0.70,0.80,29.02,17,17,0,256.12,250.50,261.70,24.91,17,0,0
625128,0.34,0.30,0.40,30.49,17,17,0,0.02,-0.10,0.10,28.86,17,17,0,0.36,0.30,0.40,29.16,17,17,0,0.80,0.80,0.80,28.62,17,17,0,0.19,0.10,0.20,29.03,17,17,0,0.76,0.70,0.80,29.04,17,17,0,256.77,251.70,262.70,24.92,17,0,0
625628,0.32,0.30,0.40,30.50,17,17,0,0.02,0.00,0.10,28.84,17,17,0,0.36,0.30,0.40,29.16,17,17,0,0.79,0.70,0.80,28.64,17,17,0,0.19,0.10,0.20,29.02,17,17,0,0.78,0.70,0.80,29.02,17,17,0,255.32,251.10,263.40,24.92,17,0,0
626128,0.34,0.30,0.40,30.50,17,17,0,0.02,0.00,0.10,28.87,17,17,0,0.39,0.30,0.40,29.16,17,17,0,0.80,0.80,0.80,28.65,17,17,0,0.19,0.10,0.20,29.03,17,17,0,0.77,0.70,0.80,29.03,17,17,0,255.73,251.50,266.30,24.92,17,0,0
626629,0.35,0.30,0.40,30.51,17,17,0,0.04,0.00,0.10,28.85,17,17,0,0.38,0.30,0.40,29.16,17,17,0,0.79,0.70,0.80,28.65,17,17,0,0.17,0.10,0.20,29.01,17,17,0,0.77,0.70,0.80,29.04,17,17,0,254.52,249.30,263.50,24.91,17,0,0
627129,0.34,0.30,0.40,30.49,17,17,0,0.02,-0.10,0.10,28.85,17,17,0,0.38,0.30,0.40,29.18,17,17,0,0.80,0.80,0.80,28.64,17,17,0,0.18,0.10,0.20,29.05,17,17,0,0.79,0.70,0.80,29.04,17,17,0,251.79,246.70,258.00,24.92,17,0,0
627630,0.34,0.30,0.40,30.51,17,17,0,-0.01,-0.10,0.10,28.86,17,17,0,0.39,0.30,0.40,29.16,17,17,0,0.79,0.70,0.80,28.65,17,17,0,0.18,0.10,0.20,29.03,17,17,0,0.78,0.70,0.80,29.05,17,17,0,250.79,246.80,260.30,24.93,17,0,0
628135,0.34,0.30,0.40,30.49,17,17,0,0.04,0.00,0.10,28.84,17,17,0,0.35,0.30,0.40,29.16,17,17,0,0.79,0.70,0.80,28.64,17,17,0,0.18,0.10,0.20,29.02,17,17,0,0.75,0.70,0.80,29.04,17,17,0,248.81,243.80,255.90,24.93,17,0,0
628635,0.34,0.30,0.40,30.49,16,16,0,0.03,-0.10,0.10,28.83,16,16,0,0.35,0.30,0.40,29.15,16,16,0,0.80,0.80,0.80,28.64,16,16,0,0.19,0.10,0.20,29.03,16,16,0,0.74,0.70,0.80,29.04,16,16,0,247.48,243.10,254.00,24.92,16,0,0
629138,0.34,0.30,0.40,30.49,17,17,0,0.05,0.00,0.10,28.85,17,17,0,0.39,0.30,0.40,29.17,17,17,0,0.80,0.80,0.80,28.65,17,17,0,0.19,0.10,0.20,29.03,17,17,0,0.79,0.70,0.80,29.05,17,17,0,247.34,243.10,252.90,24.92,17,0,0
629638,0.34,0.30,0.40,30.48,17,17,0,0.01,-0.10,0.10,28.84,17,17,0,0.38,0.30,0.40,29.16,17,17,0,0.79,0.70,0.80,28.66,17,17,0,0.18,0.10,0.20,29.01,17,17,0,0.76,0.70,0.80,29.02,17,17,0,249.71,245.00,257.80,24.93,17,0,0
630138,0.33,0.30,0.40,30.49,16,16,0,0.02,-0.10,0.10,28.86,16,16,0,0.38,0.30,0.40,29.15,16,16,0,0.80,0.80,0.80,28.63,16,16,0,0.19,0.10,0.20,29.04,16,16,0,0.74,0.70,0.80,29.02,16,16,0,251.74,246.40,261.80,24.92,16,0,0
630641,0.32,0.30,0.40,30.49,17,17,0,0.04,-0.10,0.10,28.86,17,17,0,0.38,0.30,0.40,29.15,17,17,0,0.80,0.80,0.80,28.64,17,17,0,0.18,0.10,0.20,29.02,17,17,0,0.77,0.70,0.80,29.01,17,17,0,252.33,248.20,259.80,24.93,17,0,0
631148,0.33,0.30,0.40,30.49,17,17,0,0.03,0.00,0.10,28.85,17,17,0,0.37,0.30,0.40,29.16,17,17,0,0.80,0.80,0.80,28.63,17,17,0,0.19,0.10,0.20,29.03,17,17,0,0.78,0.70,0.80,29.02,17,17,0,254.82,249.70,260.90,24.93,17,0,0
631648,0.36,0.30,0.40,30.49,17,17,0,0.05,-0.10,0.10,28.84,17,17,0,0.39,0.30,0.40,29.16,17,17,0,0.80,0.80,0.80,28.65,17,17,0,0.19,0.10,0.20,29.03,17,17,0,0.76,0.70,0.80,29.03,17,17,0,256.74,251.90,265.90,24.92,17,0,0
632151,0.33,0.30,0.40,30.50,17,17,0,0.02,-0.10,0.10,28.84,17,17,0,0.39,0.30,0.40,29.17,17,17,0,0.79,0.70,0.80,28.64,17,17,0,0.20,0.20,0.20,29.02,17,17,0,0.76,0.70,0.80,29.03,17,17,0,257.68,253.90,264.10,24.92,17,0,0
632658,0.35,0.30,0.40,30.49,17,17,0,0.05,0.00,0.10,28.84,17,17,0,0.36,0.30,0.40,29.15,17,17,0,0.80,0.80,0.80,28.65,17,17,0,0.18,0.10,0.20,29.03,17,17,0,0.76,0.70,0.80,29.03,17,17,0,257.50,252.20,265.00,24.91,17,0,0
633161,0.34,0.30,0.40,30.50,17,17,0,0.03,-0.10,0.10,28.86,17,17,0,0.38,0.30,0.40,29.16,17,17,0,0.80,0.80,0.80,28.64,17,17,0,0.19,0.10,0.20,29.02,17,17,0,0.78,0.70,0.80,29.04,17,17,0,256.76,252.70,262.70,24.93,17,0,0
633673,0.33,0.30,0.40,30.50,17,17,0,0.04,0.00,0.10,28.84,17,17,0,0.37,0.30,0.40,29.16,17,17,0,0.80,0.80,0.80,28.64,17,17,0,0.18,0.10,0.20,29.01,17,17,0,0.78,0.70,0.80,29.04,17,17,0,255.62,249.30,262.40,24.90,17,0,0
634173,0.33,0.30,0.40,30.50,17,17,0,0.05,-0.10,0.10,28.85,17,17,0,0.38,0.30,0.40,29.19,17,17,0,0.80,0.80,0.80,28.63,17,17,0,0.19,0.10,0.20,29.02,17,17,0,0.79,0.70,0.80,29.03,17,17,0,252.86,247.40,258.10,24.91,17,0,0
634680,0.34,0.30,0.40,30.48,17,17,0,0.03,-0.10,0.10,28.86,17,17,0,0.38,0.30,0.40,29.17,17,17,0,0.79,0.70,0.80,28.66,17,17,0,0.18,0.10,0.20,29.02,17,17,0,0.79,0.70,0.80,29.04,17,17,0,252.72,249.20,259.90,24.91,17,0,0
635180,0.34,0.30,0.40,30.49,17,17,0,0.03,0.00,0.10,28.86,17,17,0,0.38,0.30,0.40,29.16,17,17,0,0.79,0.70,0.80,28.63,17,17,0,0.20,0.20,0.20,29.03,17,17,0,0.78,0.70,0.80,29.03,17,17,0,250.99,233.20,264.80,24.92,17,0,0
635683,0.33,0.30,0.40,30.49,17,17,0,0.02,-0.10,0.10,28.83,17,17,0,0.38,0.30,0.40,29.19,17,17,0,0.80,0.80,0.80,28.64,17,17,0,0.18,0.10,0.20,29.02,17,17,0,0.77,0.70,0.80,29.03,17,17,0,249.54,231.30,262.80,24.92,17,0,0
636184,0.34,0.30,0.40,30.50,17,17,0,0.04,0.00,0.10,28.87,17,17,0,0.38,0.30,0.40,29.16,17,17,0,0.79,0.70,0.80,28.64,17,17,0,0.18,0.10,0.30,29.02,17,17,0,0.76,0.70,0.80,29.03,17,17,0,250.39,243.30,255.90,24.91,17,0,0
636684,0.33,0.30,0.40,30.49,17,17,0,0.06,-0.10,0.10,28.85,17,17,0,0.38,0.30,0.40,29.15,17,17,0,0.80,0.80,0.80,28.63,17,17,0,0.19,0.10,0.20,29.02,17,17,0,0.79,0.70,0.80,29.03,17,17,0,252.51,246.70,265.00,24.92,17,0,0
637193,0.32,0.30,0.40,30.49,17,17,0,0.03,0.00,0.10,28.86,17,17,0,0.37,0.30,0.40,29.16,17,17,0,0.80,0.80,0.80,28.64,17,17,0,0.18,0.10,0.20,29.04,17,17,0,0.76,0.70,0.80,29.03,17,17,0,254.12,245.50,265.00,24.89,17,0,0
637702,0.34,0.30,0.40,30.50,17,17,0,0.03,0.00,0.10,28.86,17,17,0,0.38,0.30,0.40,29.17,17,17,0,0.80,0.80,0.80,28.63,17,17,0,0.19,0.10,0.20,29.03,17,17,0,0.75,0.70,0.80,29.04,17,17,0,254.69,241.40,270.00,24.91,17,0,0
638203,0.35,0.30,0.40,30.50,17,17,0,0.02,-0.10,0.10,28.85,17,17,0,0.38,0.30,0.40,29.17,17,17,0,0.80,0.80,0.80,28.63,17,17,0,0.18,0.10,0.20,29.02,17,17,0,0.75,0.70,0.80,29.04,17,17,0,257.86,243.10,276.80,24.90,17,0,0
638703,0.31,0.30,0.40,30.49,17,17,0,0.04,0.00,0.10,28.86,17,17,0,0.40,0.40,0.40,29.17,17,17,0,0.80,0.80,0.80,28.64,17,17,0,0.18,0.10,0.20,29.03,17,17,0,0.74,0.70,0.80,29.05,17,17,0,258.42,249.90,267.50,24.92,17,0,0
639207,0.32,0.30,0.40,30.49,17,17,0,0.02,-0.10,0.10,28.85,17,17,0,0.39,0.30,0.40,29.16,17,17,0,0.80,0.80,0.80,28.63,17,17,0,0.20,0.20,0.20,29.01,17,17,0,0.76,0.70,0.80,29.03,17,17,0,258.82,253.00,267.70,24.90,17,0,0
639719,0.33,0.30,0.40,30.51,17,17,0,0.03,-0.10,0.10,28.87,17,17,0,0.38,0.30,0.40,29.17,17,17,0,0.80,0.80,0.80,28.64,17,17,0,0.17,0.10,0.20,29.03,17,17,0,0.77,0.70,0.80,29.04,17,17,0,194.71,153.10,260.60,24.92,17,0,0
640219,0.34,0.30,0.40,30.51,17,17,0,0.05,0.00,0.10,28.85,17,17,0,0.38,0.30,0.40,29.18,17,17,0,0.80,0.80,0.80,28.65,17,17,0,0.18,0.10,0.20,29.02,17,17,0,0.78,0.70,0.80,29.04,17,17,0,126.56,115.60,145.80,25.00,17,0,0
640726,0.32,0.30,0.40,30.49,17,17,0,0.02,-0.10,0.10,28.87,17,17,0,0.39,0.30,0.40,29.15,17,17,0,0.80,0.80,0.80,28.63,17,17,0,0.18,0.10,0.20,29.03,17,17,0,0.78,0.70,0.80,29.03,17,17,0,101.34,92.70,112.40,25.09,17,0,0
641230,0.33,0.30,0.40,30.51,17,17,0,0.02,-0.10,0.10,28.86,17,17,0,0.39,0.30,0.40,29.16,17,17,0,0.80,0.80,0.80,28.64,17,17,0,0.19,0.10,0.20,29.02,17,17,0,0.78,0.70,0.80,29.02,17,17,0,83.52,76.70,90.80,25.19,17,0,0
641732,0.34,0.30,0.40,30.50,17,17,0,0.04,0.00,0.10,28.85,17,17,0,0.39,0.30,0.40,29.17,17,17,0,0.79,0.70,0.80,28.63,17,17,0,0.17,0.10,0.20,29.01,17,17,0,0.78,0.70,0.80,29.01,17,17,0,69.79,64.80,76.00,25.30,17,0,0
642232,0.35,0.30,0.40,30.51,16,16,0,0.01,-0.10,0.10,28.85,16,16,0,0.36,0.30,0.40,29.16,16,16,0,0.80,0.80,0.80,28.65,16,16,0,0.19,0.10,0.20,29.02,16,16,0,0.77,0.70,0.80,29.03,16,16,0,58.52,55.80,62.90,25.38,16,0,0
642734,0.32,0.30,0.40,30.49,17,17,0,0.04,-0.10,0.10,28.84,17,17,0,0.38,0.30,0.40,29.17,17,17,0,0.79,0.70,0.80,28.64,17,17,0,0.19,0.10,0.20,29.02,17,17,0,0.76,0.70,0.80,29.04,17,17,0,50.76,47.70,54.00,25.44,17,0,0
643242,0.33,0.30,0.40,30.50,17,17,0,0.01,-0.10,0.10,28.85,17,17,0,0.38,0.30,0.40,29.17,17,17,0,0.79,0.70,0.80,28.63,17,17,0,0.18,0.10,0.20,29.00,17,17,0,0.78,0.70,0.80,29.03,17,17,0,41.29,40.00,45.50,25.53,17,0,0
643742,0.33,0.30,0.40,30.49,17,17,0,0.02,-0.10,0.10,28.86,17,17,0,0.36,0.30,0.40,29.16,17,17,0,0.79,0.70,0.80,28.64,17,17,0,0.20,0.20,0.20,29.02,17,17,0,0.77,0.70,0.80,29.04,17,17,0,38.40,36.70,40.10,25.62,17,0,0
644242,0.32,0.30,0.40,30.50,17,17,0,0.02,0.00,0.10,28.85,17,17,0,0.39,0.30,0.40,29.16,17,17,0,0.79,0.70,0.80,28.62,17,17,0,0.18,0.10,0.30,29.03,17,17,0,0.78,0.70,0.80,29.02,17,17,0,34.14,32.20,36.30,25.69,17,0,0
644742,0.34,0.30,0.40,30.50,17,17,0,0.01,-0.10,0.10,28.86,17,17,0,0.39,0.30,0.40,29.16,17,17,0,0.80,0.80,0.80,28.63,17,17,0,0.19,0.10,0.20,29.01,17,17,0,0.76,0.70,0.80,29.04,17,17,0,30.12,27.70,32.00,25.75,17,0,0
645242,0.32,0.30,0.40,30.49,17,17,0,0.04,0.00,0.10,28.84,17,17,0,0.39,0.30,0.40,29.17,17,17,0,0.80,0.80,0.80,28.65,17,17,0,0.19,0.10,0.20,29.02,17,17,0,0.75,0.70,0.80,29.03,17,17,0,26.78,25.90,28.00,25.84,17,0,0
645746,0.34,0.30,0.40,30.49,17,17,0,0.02,0.00,0.10,28.86,17,17,0,0.39,0.30,0.40,29.15,17,17,0,0.80,0.80,0.80,28.63,17,17,0,0.19,0.10,0.20,29.01,17,17,0,0.77,0.70,0.80,29.03,17,17,0,24.33,22.90,25.80,25.90,17,0,0
646246,0.36,0.30,0.40,30.52,17,17,0,0.03,-0.10,0.10,28.85,17,17,0,0.35,0.30,0.40,29.14,17,17,0,0.80,0.80,0.80,28.65,17,17,0,0.18,0.10,0.20,29.02,17,17,0,0.78,0.70,0.80,29.03,17,17,0,21.75,20.50,22.90,25.96,17,0,0
646751,0.32,0.30,0.40,30.48,17,17,0,0.02,0.00,0.10,28.86,17,17,0,0.36,0.30,0.40,29.17,17,17,0,0.80,0.80,0.80,28.65,17,17,0,0.19,0.10,0.20,29.01,17,17,0,0.77,0.70,0.80,29.02,17,17,0,18.36,14.10,20.50,26.03,17,0,0
647253,0.33,0.30,0.40,30.50,17,17,0,0.06,0.00,0.10,28.85,17,17,0,0.36,0.30,0.40,29.16,17,17,0,0.79,0.70,0.80,28.63,17,17,0,0.18,0.10,0.20,29.02,17,17,0,0.78,0.70,0.80,29.03,17,17,0,13.09,11.60,14.50,26.10,17,0,0
647762,0.34,0.30,0.40,30.49,17,17,0,0.05,0.00,0.10,28.85,17,17,0,0.39,0.30,0.40,29.16,17,17,0,0.79,0.70,0.80,28.64,17,17,0,0.19,0.10,0.20,29.02,17,17,0,0.76,0.70,0.80,29.01,17,17,0,12.19,11.90,12.60,26.15,17,0,0
648264,0.34,0.30,0.40,30.49,17,17,0,0.03,-0.10,0.10,28.85,17,17,0,0.37,0.30,0.40,29.16,17,17,0,0.80,0.80,0.80,28.65,17,17,0,0.18,0.10,0.20,29.03,17,17,0,0.78,0.70,0.80,29.03,17,17,0,12.45,12.10,13.10,26.20,17,0,0
648764,0.34,0.30,0.40,30.50,17,17,0,0.02,0.00,0.10,28.86,17,17,0,0.36,0.30,0.40,29.17,17,17,0,0.81,0.80,0.90,28.64,17,17,0,0.18,0.10,0.20,29.02,17,17,0,0.76,0.70,0.80,29.02,17,17,0,12.32,11.80,12.70,26.25,17,0,0
649264,0.33,0.30,0.40,30.50,17,17,0,0.04,0.00,0.10,28.85,17,17,0,0.38,0.30,0.40,29.17,17,17,0,0.79,0.70,0.80,28.64,17,17,0,0.18,0.10,0.20,29.03,17,17,0,0.78,0.70,0.80,29.04,17,17,0,11.58,11.00,12.00,26.29,17,0,0
649764,0.33,0.30,0.40,30.50,17,17,0,0.04,0.00,0.10,28.86,17,17,0,0.38,0.30,0.40,29.16,17,17,0,0.80,0.80,0.80,28.63,17,17,0,0.19,0.10,0.20,29.04,17,17,0,0.79,0.70,0.80,29.03,17,17,0,10.92,10.40,11.30,26.34,17,0,0
650264,0.34,0.30,0.40,30.51,17,17,0,0.04,0.00,0.10,28.87,17,17,0,0.38,0.30,0.40,29.17,17,17,0,0.81,0.80,0.90,28.65,17,17,0,0.18,0.10,0.20,29.03,17,17,0,0.79,0.70,0.80,29.03,17,17,0,9.97,9.50,10.40,26.39,17,0,0
650764,0.33,0.30,0.40,30.51,17,17,0,0.03,0.00,0.10,28.86,17,17,0,0.38,0.30,0.40,29.15,17,17,0,0.80,0.80,0.80,28.63,17,17,0,0.16,0.10,0.30,29.02,17,17,0,0.77,0.70,0.80,29.02,17,17,0,9.41,8.60,10.20,26.40,17,0,0
651264,0.32,0.30,0.40,30.51,17,17,0,0.00,-0.10,0.10,28.86,17,17,0,0.38,0.30,0.40,29.16,17,17,0,0.80,0.80,0.80,28.63,17,17,0,0.19,0.10,0.20,29.02,17,17,0,0.75,0.70,0.80,29.02,17,17,0,8.99,7.90,9.80,26.45,17,0,0
651764,0.32,0.30,0.40,30.49,17,17,0,0.04,-0.10,0.10,28.88,17,17,0,0.39,0.30,0.40,29.16,17,17,0,0.79,0.70,0.80,28.63,17,17,0,0.18,0.10,0.20,29.04,17,17,0,0.76,0.70,0.80,29.03,17,17,0,8.49,7.80,9.20,26.48,17,0,0
652265,0.32,0.30,0.40,30.49,17,17,0,0.05,0.00,0.10,28.87,17,17,0,0.38,0.30,0.40,29.18,17,17,0,0.80,0.80,0.80,28.63,17,17,0,0.18,0.10,0.20,29.02,17,17,0,0.76,0.70,0.80,29.02,17,17,0,7.62,6.90,9.00,26.51,17,0,0
652765,0.33,0.30,0.40,30.50,17,17,0,0.03,0.00,0.10,28.87,17,17,0,0.37,0.30,0.40,29.17,17,17,0,0.80,0.80,0.80,28.65,17,17,0,0.18,0.10,0.20,29.04,17,17,0,0.76,0.70,0.80,29.02,17,17,0,2.65,2.10,4.80,26.55,17,0,0
653265,0.31,0.30,0.40,30.51,17,17,0,0.04,-0.10,0.10,28.87,17,17,0,0.37,0.30,0.40,29.19,17,17,0,0.79,0.70,0.80,28.63,17,17,0,0.18,0.10,0.20,29.02,17,17,0,0.76,0.70,0.80,29.03,17,17,0,2.14,1.80,2.60,26.58,17,0,0
653765,0.33,0.30,0.40,30.49,17,17,0,0.05,0.00,0.10,28.86,17,17,0,0.36,0.30,0.40,29.15,17,17,0,0.80,0.80,0.80,28.64,17,17,0,0.20,0.20,0.20,29.01,17,17,0,0.78,0.70,0.80,29.04,17,17,0,1.83,1.00,2.70,26.60,17,0,0
654265,0.33,0.30,0.40,30.50,17,17,0,0.03,0.00,0.10,28.85,17,17,0,0.38,0.30,0.40,29.16,17,17,0,0.80,0.80,0.80,28.65,17,17,0,0.19,0.10,0.20,29.02,17,17,0,0.76,0.70,0.80,29.03,17,17,0,1.78,0.80,3.10,26.62,17,0,0
654774,0.33,0.30,0.40,30.50,18,18,0,0.01,-0.10,0.10,28.87,18,18,0,0.37,0.30,0.40,29.18,18,18,0,0.80,0.80,0.80,28.62,18,18,0,0.17,0.10,0.20,29.03,18,18,0,0.78,0.70,0.80,29.02,18,18,0,1.98,1.30,2.40,26.65,18,0,0
655274,0.34,0.30,0.40,30.50,17,17,0,0.04,-0.10,0.10,28.87,17,17,0,0.37,0.30,0.40,29.17,17,17,0,0.81,0.80,0.90,28.64,17,17,0,0.17,0.10,0.20,29.02,17,17,0,0.78,0.70,0.80,29.03,17,17,0,2.04,1.50,2.60,26.68,17,0,0
655785,0.33,0.30,0.40,30.52,18,18,0,0.04,0.00,0.10,28.85,18,18,0,0.38,0.30,0.40,29.19,18,18,0,0.80,0.80,0.80,28.64,18,18,0,0.19,0.10,0.20,29.03,18,18,0,0.76,0.70,0.80,29.03,18,18,0,2.33,1.60,2.80,26.68,18,0,0
656285,0.34,0.30,0.40,30.50,17,17,0,0.04,-0.10,0.10,28.87,17,17,0,0.38,0.30,0.40,29.16,17,17,0,0.80,0.80,0.80,28.63,17,17,0,0.17,0.10,0.20,29.02,17,17,0,0.75,0.70,0.80,29.02,17,17,0,2.39,2.00,3.00,26.72,17,0,0
656785,0.35,0.30,0.40,30.49,17,17,0,0.03,0.00,0.10,28.87,17,17,0,0.37,0.30,0.40,29.16,17,17,0,0.80,0.80,0.80,28.63,17,17,0,0.19,0.10,0.20,29.02,17,17,0,0.78,0.70,0.80,29.03,17,17,0,2.20,1.80,2.70,26.75,17,0,0
657285,0.32,0.30,0.40,30.51,17,17,0,0.02,0.00,0.10,28.85,17,17,0,0.38,0.30,0.40,29.17,17,17,0,0.80,0.80,0.80,28.64,17,17,0,0.18,0.10,0.20,29.03,17,17,0,0.77,0.70,0.80,29.02,17,17,0,2.68,1.70,4.20,26.75,17,0,0
657788,0.35,0.30,0.40,30.49,17,17,0,0.05,-0.10,0.10,28.86,17,17,0,0.40,0.40,0.40,29.16,17,17,0,0.80,0.80,0.80,28.63,17,17,0,0.18,0.10,0.20,29.02,17,17,0,0.76,0.70,0.80,29.04,17,17,0,2.81,2.00,3.80,26.78,17,0,0
658288,0.34,0.30,0.40,30.51,17,17,0,0.02,-0.10,0.10,28.86,17,17,0,0.38,0.30,0.40,29.17,17,17,0,0.80,0.80,0.80,28.63,17,17,0,0.19,0.10,0.20,29.03,17,17,0,0.76,0.70,0.80,29.03,17,17,0,2.86,2.30,3.60,26.78,17,0,0
658788,0.34,0.30,0.40,30.50,17,17,0,0.05,0.00,0.10,28.86,17,17,0,0.37,0.30,0.40,29.16,17,17,0,0.80,0.80,0.80,28.62,17,17,0,0.17,0.10,0.20,29.03,17,17,0,0.77,0.70,0.80,29.02,17,17,0,2.70,2.10,3.20,26.82,17,0,0
659288,0.33,0.30,0.40,30.49,17,17,0,0.06,0.00,0.10,28.88,17,17,0,0.38,0.30,0.40,29.17,17,17,0,0.79,0.70,0.80,28.63,17,17,0,0.19,0.10,0.20,29.02,17,17,0,0.78,0.70,0.80,29.02,17,17,0,2.40,1.80,3.00,26.81,17,0,0
659789,0.33,0.30,0.40,30.51,17,17,0,0.02,0.00,0.10,28.86,17,17,0,0.37,0.30,0.40,29.18,17,17,0,0.79,0.70,0.80,28.62,17,17,0,0.16,0.10,0.20,29.03,17,17,0,0.78,0.70,0.80,29.03,17,17,0,2.33,1.90,2.80,26.85,17,0,0
660290,0.33,0.30,0.40,30.49,17,17,0,0.03,-0.10,0.10,28.86,17,17,0,0.38,0.30,0.40,29.18,17,17,0,0.79,0.70,0.80,28.64,17,17,0,0.19,0.10,0.20,29.03,17,17,0,0.78,0.70,0.80,29.03,17,17,0,2.22,1.90,2.60,26.85,17,0,0
660790,0.33,0.30,0.40,30.51,17,17,0,0.04,0.00,0.10,28.85,17,17,0,0.38,0.30,0.40,29.16,17,17,0,0.81,0.80,0.90,28.64,17,17,0,0.18,0.10,0.20,29.02,17,17,0,0.78,0.70,0.80,29.01,17,17,0,2.18,1.60,2.60,26.87,17,0,0
661294,0.34,0.30,0.40,30.49,17,17,0,0.04,0.00,0.10,28.85,17,17,0,0.38,0.30,0.40,29.18,17,17,0,0.80,0.80,0.80,28.64,17,17,0,0.19,0.10,0.20,29.03,17,17,0,0.77,0.70,0.80,29.02,17,17,0,2.39,1.70,3.20,26.88,17,0,0
661794,0.32,0.30,0.40,30.51,17,17,0,0.03,0.00,0.10,28.88,17,17,0,0.35,0.30,0.40,29.18,17,17,0,0.79,0.70,0.80,28.62,17,17,0,0.19,0.10,0.20,29.01,17,17,0,0.75,0.70,0.80,29.02,17,17,0,2.64,2.00,3.50,26.92,17,0,0
662294,0.33,0.30,0.40,30.50,17,17,0,0.05,0.00,0.10,28.86,17,17,0,0.39,0.30,0.40,29.17,17,17,0,0.80,0.80,0.80,28.63,17,17,0,0.20,0.20,0.20,29.03,17,17,0,0.78,0.70,0.80,29.02,17,17,0,2.10,1.20,2.90,26.90,17,0,0
662794,0.32,0.30,0.40,30.51,17,17,0,0.02,-0.10,0.10,28.85,17,17,0,0.39,0.30,0.40,29.17,17,17,0,0.80,0.80,0.80,28.64,17,17,0,0.19,0.10,0.20,29.02,17,17,0,0.78,0.70,0.80,29.03,17,17,0,2.79,2.00,3.40,26.94,17,0,0
663294,0.33,0.30,0.40,30.50,17,17,0,0.00,-0.10,0.10,28.86,17,17,0,0.36,0.30,0.40,29.18,17,17,0,0.79,0.70,0.80,28.64,17,17,0,0.18,0.10,0.20,29.02,17,17,0,0.75,0.70,0.80,29.02,17,17,0,2.50,1.60,3.70,26.93,17,0,0
663797,0.34,0.30,0.40,30.50,17,17,0,0.05,0.00,0.10,28.86,17,17,0,0.38,0.30,0.40,29.16,17,17,0,0.80,0.80,0.80,28.63,17,17,0,0.19,0.10,0.20,29.01,17,17,0,0.78,0.70,0.80,29.03,17,17,0,3.59,1.90,4.80,26.96,17,0,0
664297,0.33,0.30,0.40,30.50,17,17,0,0.03,0.00,0.10,28.88,17,17,0,0.38,0.30,0.40,29.16,17,17,0,0.80,0.80,0.80,28.62,17,17,0,0.17,0.10,0.20,29.02,17,17,0,0.78,0.70,0.80,29.03,17,17,0,2.16,-4.00,5.60,26.97,17,0,0
664802,0.32,0.30,0.40,30.50,17,17,0,0.05,0.00,0.10,28.87,17,17,0,0.40,0.40,0.40,29.17,17,17,0,0.81,0.80,0.90,28.64,17,17,0,0.20,0.20,0.20,29.03,17,17,0,0.76,0.70,0.80,29.04,17,17,0,3.32,-3.20,8.90,27.00,17,0,0
665302,0.35,0.30,0.40,30.50,17,17,0,0.02,-0.10,0.10,28.86,17,17,0,0.35,0.30,0.40,29.17,17,17,0,0.80,0.80,0.80,28.63,17,17,0,0.19,0.10,0.20,29.02,17,17,0,0.75,0.70,0.80,29.03,17,17,0,3.06,-5.90,12.60,26.99,17,0,0
665808,0.35,0.30,0.40,30.50,17,17,0,0.02,-0.10,0.10,28.87,17,17,0,0.38,0.30,0.40,29.16,17,17,0,0.81,0.80,0.90,28.63,17,17,0,0.18,0.10,0.20,29.02,17,17,0,0.77,0.70,0.80,29.03,17,17,0,2.60,-4.90,9.40,26.98,17,0,0
666319,0.34,0.30,0.40,30.50,17,17,0,0.02,0.00,0.10,28.85,17,17,0,0.39,0.30,0.40,29.17,17,17,0,0.81,0.80,0.90,28.61,17,17,0,0.19,0.10,0.20,29.02,17,17,0,0.76,0.70,0.80,29.02,17,17,0,2.24,-5.20,10.10,27.01,17,0,0
666821,0.36,0.30,0.40,30.49,17,17,0,0.02,0.00,0.10,28.86,17,17,0,0.38,0.30,0.40,29.17,17,17,0,0.80,0.80,0.80,28.65,17,17,0,0.18,0.10,0.20,29.02,17,17,0,0.78,0.70,0.80,29.02,17,17,0,2.41,-4.50,9.80,27.02,17,0,0
667326,0.35,0.30,0.40,30.50,17,17,0,0.02,-0.10,0.10,28.86,17,17,0,0.39,0.30,0.40,29.17,17,17,0,0.81,0.80,0.90,28.64,17,17,0,0.19,0.10,0.20,29.04,17,17,0,0.76,0.70,0.80,29.02,17,17,0,2.26,-5.30,9.40,27.02,17,0,0
667832,0.33,0.30,0.40,30.50,17,17,0,0.04,0.00,0.10,28.85,17,17,0,0.35,0.30,0.40,29.16,17,17,0,0.80,0.80,0.80,28.62,17,17,0,0.20,0.20,0.20,29.03,17,17,0,0.77,0.70,0.80,29.02,17,17,0,2.11,-2.60,6.20,27.05,17,0,0
668332,0.35,0.30,0.40,30.50,17,17,0,0.03,0.00,0.10,28.86,17,17,0,0.36,0.30,0.40,29.17,17,17,0,0.80,0.80,0.80,28.62,17,17,0,0.18,0.10,0.20,29.03,17,17,0,0.78,0.70,0.80,29.03,17,17,0,1.25,-2.40,5.20,27.02,17,0,0
668836,0.34,0.30,0.40,30.49,17,17,0,0.05,0.00,0.10,28.86,17,17,0,0.38,0.30,0.40,29.17,17,17,0,0.80,0.80,0.80,28.63,17,17,0,0.18,0.10,0.20,29.03,17,17,0,0.78,0.70,0.80,29.03,17,17,0,1.45,-5.20,8.00,27.06,17,0,0
669343,0.35,0.30,0.40,30.49,17,17,0,0.02,-0.10,0.10,28.86,17,17,0,0.36,0.30,0.40,29.17,17,17,0,0.79,0.70,0.80,28.64,17,17,0,0.19,0.10,0.20,29.02,17,17,0,0.75,0.70,0.80,29.02,17,17,0,1.14,-4.60,7.80,27.06,17,0,0
669843,0.33,0.30,0.40,30.49,16,16,0,0.01,-0.10,0.10,28.85,16,16,0,0.38,0.30,0.40,29.15,16,16,0,0.80,0.80,0.80,28.63,16,16,0,0.19,0.10,0.20,29.02,16,16,0,0.75,0.70,0.80,29.02,16,16,0,1.64,-4.30,7.40,27.10,16,0,0
670343,0.34,0.30,0.40,30.49,17,17,0,0.04,-0.10,0.10,28.86,17,17,0,0.37,0.30,0.40,29.16,17,17,0,0.81,0.80,0.90,28.62,17,17,0,0.18,0.10,0.20,29.03,17,17,0,0.76,0.70,0.80,29.03,17,17,0,1.32,-5.80,10.80,27.11,17,0,0
670843,0.34,0.30,0.40,30.49,17,17,0,0.05,0.00,0.10,28.84,17,17,0,0.39,0.30,0.40,29.15,17,17,0,0.80,0.80,0.80,28.64,17,17,0,0.19,0.10,0.20,29.02,17,17,0,0.77,0.70,0.80,29.02,17,17,0,0.61,-6.30,8.60,27.09,17,0,0
671343,0.36,0.30,0.40,30.50,17,17,0,0.04,-0.10,0.10,28.86,17,17,0,0.36,0.30,0.40,29.16,17,17,0,0.79,0.70,0.80,28.64,17,17,0,0.19,0.10,0.20,29.01,17,17,0,0.78,0.70,0.80,29.03,17,17,0,1.13,-3.90,5.90,27.12,17,0,0
671844,0.33,0.30,0.40,30.49,17,17,0,0.05,0.00,0.10,28.86,17,17,0,0.38,0.30,0.40,29.17,17,17,0,0.80,0.80,0.80,28.60,17,17,0,0.18,0.10,0.20,29.03,17,17,0,0.76,0.70,0.80,29.03,17,17,0,0.65,-0.10,1.40,27.12,17,0,0
672348,0.33,0.30,0.40,30.51,17,17,0,0.03,0.00,0.10,28.85,17,17,0,0.37,0.30,0.40,29.16,17,17,0,0.80,0.80,0.80,28.62,17,17,0,0.19,0.10,0.20,29.02,17,17,0,0.78,0.70,0.80,29.01,17,17,0,0.76,0.30,1.30,27.14,17,0,0
672848,0.35,0.30,0.40,30.50,17,17,0,0.01,-0.10,0.10,28.85,17,17,0,0.39,0.30,0.40,29.17,17,17,0,0.80,0.80,0.80,28.62,17,17,0,0.18,0.10,0.20,29.02,17,17,0,0.76,0.70,0.80,29.03,17,17,0,0.74,0.30,1.20,27.15,17,0,0
673348,0.34,0.30,0.40,30.52,17,17,0,0.03,-0.10,0.10,28.86,17,17,0,0.35,0.30,0.40,29.16,17,17,0,0.79,0.70,0.80,28.62,17,17,0,0.16,0.10,0.20,29.01,17,17,0,0.77,0.70,0.80,29.03,17,17,0,33.47,-4.60,91.10,27.16,17,0,0
673851,0.34,0.30,0.40,30.50,17,17,0,0.03,-0.10,0.10,28.85,17,17,0,0.38,0.30,0.40,29.15,17,17,0,0.80,0.80,0.80,28.62,17,17,0,0.18,0.10,0.20,29.01,17,17,0,0.77,0.70,0.80,29.03,17,17,0,208.34,117.10,254.10,26.96,17,0,0
674351,0.34,0.30,0.40,30.50,17,17,0,0.02,-0.10,0.10,28.87,17,17,0,0.37,0.30,0.40,29.18,17,17,0,0.79,0.70,0.80,28.62,17,17,0,0.19,0.10,0.30,29.01,17,17,0,0.77,0.70,0.80,29.01,17,17,0,330.21,203.70,702.30,26.27,17,0,0
674853,0.32,0.30,0.40,30.49,17,17,0,0.01,0.00,0.10,28.86,17,17,0,0.39,0.30,0.40,29.17,17,17,0,0.81,0.80,0.90,28.64,17,17,0,0.18,0.10,0.20,29.01,17,17,0,0.75,0.70,0.80,29.03,17,17,0,254.33,235.40,275.00,25.96,17,0,0
675353,0.36,0.30,0.40,30.50,17,17,0,0.06,0.00,0.10,28.85,17,17,0,0.39,0.30,0.40,29.17,17,17,0,0.80,0.80,0.80,28.63,17,17,0,0.19,0.10,0.20,29.02,17,17,0,0.78,0.70,0.80,29.03,17,17,0,297.75,277.70,315.30,25.77,17,0,0
675853,0.34,0.30,0.40,30.50,16,16,0,0.02,0.00,0.10,28.87,16,16,0,0.37,0.30,0.40,29.16,16,16,0,0.80,0.80,0.80,28.61,16,16,0,0.18,0.10,0.20,29.02,16,16,0,0.78,0.70,0.80,29.02,16,16,0,340.25,320.10,363.70,25.57,16,0,0
676363,0.35,0.30,0.40,30.52,17,17,0,0.02,-0.10,0.10,28.86,17,17,0,0.39,0.30,0.40,29.16,17,17,0,0.80,0.80,0.80,28.62,17,17,0,0.19,0.10,0.20,29.02,17,17,0,0.75,0.70,0.80,29.02,17,17,0,379.63,360.70,394.10,25.43,17,0,0
676867,0.33,0.30,0.40,30.50,17,17,0,0.02,-0.10,0.10,28.87,17,17,0,0.37,0.30,0.40,29.18,17,17,0,0.81,0.80,0.90,28.62,17,17,0,0.19,0.10,0.30,29.02,17,17,0,0.75,0.70,0.80,29.03,17,17,0,417.46,400.00,430.20,25.31,17,0,0
677367,0.33,0.30,0.40,30.50,16,16,0,0.01,-0.10,0.10,28.87,16,16,0,0.36,0.30,0.40,29.18,16,16,0,0.81,0.80,0.90,28.64,16,16,0,0.18,0.10,0.20,29.02,16,16,0,0.78,0.70,0.80,29.02,16,16,0,441.05,434.10,452.80,25.21,16,0,0
677874,0.32,0.30,0.40,30.52,17,17,0,0.01,-0.10,0.10,28.87,17,17,0,0.38,0.30,0.40,29.16,17,17,0,0.79,0.70,0.80,28.63,17,17,0,0.19,0.10,0.20,29.03,17,17,0,0.76,0.70,0.80,29.03,17,17,0,462.14,450.30,469.50,25.11,17,0,0
678374,0.36,0.30,0.40,30.51,17,17,0,0.02,0.00,0.10,28.86,17,17,0,0.36,0.30,0.40,29.17,17,17,0,0.80,0.80,0.80,28.63,17,17,0,0.19,0.10,0.20,29.02,17,17,0,0.76,0.70,0.80,29.02,17,17,0,481.98,474.20,491.70,25.06,17,0,0
678878,0.33,0.30,0.40,30.48,17,17,0,0.03,-0.10,0.10,28.87,17,17,0,0.40,0.40,0.40,29.18,17,17,0,0.81,0.80,0.90,28.63,17,17,0,0.16,0.10,0.20,29.02,17,17,0,0.78,0.70,0.80,29.01,17,17,0,501.65,492.60,510.80,25.02,17,0,0
679380,0.34,0.30,0.40,30.52,17,17,0,0.03,0.00,0.10,28.85,17,17,0,0.36,0.30,0.40,29.15,17,17,0,0.80,0.80,0.80,28.62,17,17,0,0.19,0.10,0.20,29.03,17,17,0,0.75,0.70,0.80,29.02,17,17,0,521.94,511.20,533.60,24.97,17,0,0
679882,0.34,0.30,0.40,30.50,17,17,0,0.02,0.00,0.10,28.87,17,17,0,0.36,0.30,0.40,29.16,17,17,0,0.79,0.70,0.80,28.62,17,17,0,0.19,0.10,0.30,29.01,17,17,0,0.75,0.70,0.80,29.03,17,17,0,536.88,531.40,543.80,24.92,17,0,0
680382,0.35,0.30,0.40,30.51,17,17,0,0.02,0.00,0.10,28.87,17,17,0,0.38,0.30,0.40,29.16,17,17,0,0.80,0.80,0.80,28.62,17,17,0,0.18,0.10,0.20,29.02,17,17,0,0.76,0.70,0.80,29.02,17,17,0,544.98,540.80,549.20,24.87,17,0,0
680882,0.34,0.30,0.40,30.50,16,16,0,0.01,-0.10,0.10,28.87,16,16,0,0.36,0.30,0.40,29.17,16,16,0,0.80,0.80,0.80,28.62,16,16,0,0.18,0.10,0.20,29.02,16,16,0,0.74,0.70,0.80,29.01,16,16,0,546.39,539.80,552.60,24.85,16,0,0
681391,0.35,0.30,0.40,30.50,17,17,0,0.02,-0.10,0.10,28.87,17,17,0,0.37,0.30,0.40,29.16,17,17,0,0.79,0.70,0.80,28.64,17,17,0,0.19,0.10,0.20,29.03,17,17,0,0.75,0.70,0.80,29.03,17,17,0,535.51,529.20,538.70,24.84,17,0,0
681903,0.33,0.30,0.40,30.51,17,17,0,0.03,0.00,0.10,28.85,17,17,0,0.36,0.30,0.40,29.17,17,17,0,0.79,0.70,0.80,28.64,17,17,0,0.18,0.10,0.20,29.03,17,17,0,0.76,0.70,0.80,29.02,17,17,0,534.34,530.70,537.20,24.83,17,0,0
682403,0.34,0.30,0.40,30.52,17,17,0,0.04,0.00,0.10,28.87,17,17,0,0.37,0.30,0.40,29.16,17,17,0,0.80,0.80,0.80,28.62,17,17,0,0.19,0.10,0.20,29.02,17,17,0,0.78,0.70,0.80,29.03,17,17,0,531.99,526.10,537.30,24.81,17,0,0
682904,0.35,0.30,0.40,30.50,17,17,0,0.03,-0.10,0.10,28.86,17,17,0,0.36,0.30,0.40,29.16,17,17,0,0.80,0.80,0.80,28.62,17,17,0,0.19,0.10,0.20,29.02,17,17,0,0.77,0.70,0.80,29.02,17,17,0,539.68,533.40,544.90,24.80,17,0,0
683404,0.34,0.30,0.40,30.49,17,17,0,0.02,0.00,0.10,28.85,17,17,0,0.36,0.30,0.40,29.16,17,17,0,0.80,0.80,0.80,28.64,17,17,0,0.19,0.10,0.20,29.02,17,17,0,0.78,0.70,0.80,29.05,17,17,0,546.76,542.10,553.80,24.78,17,0,0
683904,0.33,0.30,0.40,30.50,17,17,0,0.04,-0.10,0.10,28.87,17,17,0,0.38,0.30,0.40,29.17,17,17,0,0.80,0.80,0.80,28.64,17,17,0,0.19,0.10,0.20,29.03,17,17,0,0.78,0.70,0.80,29.01,17,17,0,547.30,542.90,552.10,24.77,17,0,0
684404,0.32,0.30,0.40,30.50,17,17,0,0.01,-0.10,0.10,28.87,17,17,0,0.38,0.30,0.40,29.16,17,17,0,0.80,0.80,0.80,28.65,17,17,0,0.17,0.10,0.20,29.04,17,17,0,0.79,0.70,0.80,29.03,17,17,0,542.63,536.80,548.30,24.74,17,0,0
684904,0.34,0.30,0.40,30.49,17,17,0,0.03,-0.10,0.10,28.86,17,17,0,0.38,0.30,0.40,29.19,17,17,0,0.80,0.80,0.80,28.63,17,17,0,0.16,0.10,0.20,29.03,17,17,0,0.78,0.70,0.80,29.02,17,17,0,528.88,521.10,534.90,24.74,17,0,0
685405,0.35,0.30,0.40,30.51,17,17,0,0.04,-0.10,0.10,28.86,17,17,0,0.35,0.30,0.40,29.17,17,17,0,0.80,0.80,0.80,28.64,17,17,0,0.18,0.10,0.20,29.01,17,17,0,0.79,0.70,0.80,29.02,17,17,0,523.78,518.10,529.00,24.76,17,0,0
685908,0.34,0.30,0.40,30.49,17,17,0,0.03,-0.10,0.10,28.87,17,17,0,0.38,0.30,0.40,29.18,17,17,0,0.79,0.70,0.80,28.63,17,17,0,0.20,0.20,0.20,29.02,17,17,0,0.76,0.70,0.80,29.03,17,17,0,518.73,514.70,524.30,24.74,17,0,0
686415,0.34,0.30,0.40,30.49,17,17,0,0.02,0.00,0.10,28.88,17,17,0,0.38,0.30,0.40,29.16,17,17,0,0.80,0.80,0.80,28.63,17,17,0,0.19,0.10,0.20,29.03,17,17,0,0.76,0.70,0.80,29.01,17,17,0,523.21,517.80,528.20,24.73,17,0,0
686915,0.33,0.30,0.40,30.51,17,17,0,0.03,0.00,0.10,28.87,17,17,0,0.38,0.30,0.40,29.18,17,17,0,0.80,0.80,0.80,28.63,17,17,0,0.19,0.10,0.20,29.02,17,17,0,0.79,0.70,0.80,29.02,17,17,0,531.74,527.90,538.40,24.73,17,0,0
687415,0.34,0.30,0.40,30.49,17,17,0,0.03,0.00,0.10,28.87,17,17,0,0.36,0.30,0.40,29.17,17,17,0,0.80,0.80,0.80,28.62,17,17,0,0.19,0.10,0.20,29.03,17,17,0,0.78,0.70,0.80,29.01,17,17,0,533.44,527.90,539.00,24.72,17,0,0
687916,0.34,0.30,0.40,30.49,17,17,0,0.02,-0.10,0.10,28.88,17,17,0,0.35,0.30,0.40,29.16,17,17,0,0.80,0.80,0.80,28.63,17,17,0,0.18,0.10,0.20,29.03,17,17,0,0.77,0.70,0.80,29.01,17,17,0,533.85,528.00,538.50,24.70,17,0,0
688416,0.32,0.30,0.40,30.51,17,17,0,0.02,-0.10,0.10,28.86,17,17,0,0.38,0.30,0.40,29.16,17,17,0,0.80,0.80,0.80,28.63,17,17,0,0.18,0.10,0.20,29.02,17,17,0,0.76,0.70,0.80,29.01,17,17,0,521.85,513.20,530.60,24.70,17,0,0
688917,0.35,0.30,0.40,30.50,17,17,0,0.02,0.00,0.10,28.86,17,17,0,0.38,0.30,0.40,29.17,17,17,0,0.80,0.80,0.80,28.63,17,17,0,0.19,0.10,0.20,29.03,17,17,0,0.75,0.70,0.80,29.03,17,17,0,517.19,512.80,521.60,24.69,17,0,0
689417,0.34,0.30,0.40,30.51,17,17,0,0.03,0.00,0.10,28.85,17,17,0,0.38,0.30,0.40,29.17,17,17,0,0.80,0.80,0.80,28.62,17,17,0,0.19,0.10,0.20,29.02,17,17,0,0.76,0.70,0.80,29.01,17,17,0,514.45,510.00,519.10,24.69,17,0,0
689917,0.33,0.30,0.40,30.50,17,17,0,0.01,-0.10,0.10,28.87,17,17,0,0.35,0.30,0.40,29.16,17,17,0,0.79,0.70,0.80,28.64,17,17,0,0.19,0.10,0.20,29.03,17,17,0,0.77,0.70,0.80,29.03,17,17,0,518.26,512.30,525.90,24.68,17,0,0
690420,0.35,0.30,0.40,30.50,17,17,0,0.02,0.00,0.10,28.87,17,17,0,0.37,0.30,0.40,29.18,17,17,0,0.80,0.80,0.80,28.63,17,17,0,0.19,0.10,0.20,29.03,17,17,0,0.76,0.70,0.80,29.00,17,17,0,526.02,517.30,535.40,24.70,17,0,0
690920,0.34,0.30,0.40,30.51,17,17,0,-0.01,-0.10,0.10,28.86,17,17,0,0.37,0.30,0.40,29.18,17,17,0,0.80,0.80,0.80,28.64,17,17,0,0.18,0.10,0.20,29.03,17,17,0,0.77,0.70,0.80,29.03,17,17,0,529.04,525.80,533.20,24.69,17,0,0
691427,0.34,0.30,0.40,30.51,17,17,0,0.02,-0.10,0.10,28.85,17,17,0,0.38,0.30,0.40,29.17,17,17,0,0.80,0.80,0.80,28.64,17,17,0,0.18,0.10,0.20,29.04,17,17,0,0.74,0.70,0.80,29.02,17,17,0,525.30,514.50,531.10,24.66,17,0,0
691927,0.34,0.30,0.40,30.52,17,17,0,0.04,-0.10,0.10,28.86,17,17,0,0.36,0.30,0.40,29.18,17,17,0,0.80,0.80,0.80,28.62,17,17,0,0.19,0.10,0.20,29.03,17,17,0,0.75,0.70,0.80,29.03,17,17,0,514.10,507.60,521.30,24.67,17,0,0
692427,0.33,0.30,0.40,30.51,16,16,0,0.04,0.00,0.10,28.86,16,16,0,0.39,0.30,0.40,29.16,16,16,0,0.81,0.80,0.90,28.63,16,16,0,0.16,0.10,0.20,29.03,16,16,0,0.76,0.70,0.80,29.01,16,16,0,511.21,502.90,520.40,24.65,16,0,0
692927,0.34,0.30,0.40,30.50,17,17,0,0.03,0.00,0.10,28.87,17,17,0,0.35,0.30,0.40,29.16,17,17,0,0.79,0.70,0.80,28.62,17,17,0,0.20,0.20,0.20,29.04,17,17,0,0.75,0.70,0.80,29.02,17,17,0,507.84,504.20,513.30,24.64,17,0,0
693436,0.34,0.30,0.40,30.50,17,17,0,0.02,-0.10,0.10,28.85,17,17,0,0.38,0.30,0.40,29.16,17,17,0,0.79,0.70,0.80,28.63,17,17,0,0.18,0.10,0.20,29.03,17,17,0,0.75,0.70,0.80,29.02,17,17,0,513.11,507.60,518.30,24.66,17,0,0
693947,0.33,0.30,0.40,30.50,17,17,0,0.01,-0.10,0.10,28.85,17,17,0,0.36,0.30,0.40,29.17,17,17,0,0.80,0.80,0.80,28.63,17,17,0,0.17,0.10,0.20,29.04,17,17,0,0.77,0.70,0.80,29.02,17,17,0,523.02,516.50,533.00,24.65,17,0,0
694451,0.32,0.30,0.40,30.51,17,17,0,0.01,-0.10,0.10,28.86,17,17,0,0.36,0.30,0.40,29.16,17,17,0,0.81,0.80,0.90,28.62,17,17,0,0.19,0.10,0.20,29.02,17,17,0,0.76,0.70,0.80,29.02,17,17,0,526.90,521.70,530.80,24.62,17,0,0
694952,0.34,0.30,0.40,30.53,17,17,0,0.02,-0.10,0.10,28.87,17,17,0,0.35,0.30,0.40,29.16,17,17,0,0.80,0.80,0.80,28.62,17,17,0,0.20,0.20,0.20,29.03,17,17,0,0.75,0.70,0.80,29.04,17,17,0,524.22,519.00,529.70,24.63,17,0,0
695461,0.35,0.30,0.40,30.51,17,17,0,0.04,0.00,0.10,28.86,17,17,0,0.36,0.30,0.40,29.16,17,17,0,0.80,0.80,0.80,28.62,17,17,0,0.19,0.10,0.20,29.04,17,17,0,0.76,0.70,0.80,29.02,17,17,0,515.84,511.80,522.60,24.64,17,0,0
695974,0.34,0.30,0.40,30.49,17,17,0,0.05,0.00,0.10,28.86,17,17,0,0.37,0.30,0.40,29.18,17,17,0,0.79,0.70,0.80,28.62,17,17,0,0.18,0.10,0.20,29.04,17,17,0,0.77,0.70,0.80,29.01,17,17,0,514.15,504.40,522.30,24.65,17,0,0
696474,0.30,0.30,0.30,30.52,17,17,0,0.03,-0.10,0.10,28.86,17,17,0,0.39,0.30,0.40,29.16,17,17,0,0.79,0.70,0.80,28.63,17,17,0,0.18,0.10,0.20,29.05,17,17,0,0.77,0.70,0.80,29.02,17,17,0,513.05,506.30,522.80,24.62,17,0,0
696974,0.34,0.30,0.40,30.50,17,17,0,0.02,-0.10,0.10,28.87,17,17,0,0.37,0.30,0.40,29.16,17,17,0,0.80,0.80,0.80,28.62,17,17,0,0.18,0.10,0.20,29.02,17,17,0,0.78,0.70,0.80,29.02,17,17,0,515.46,512.50,519.70,24.64,17,0,0
697476,0.34,0.30,0.40,30.49,17,17,0,0.03,0.00,0.10,28.85,17,17,0,0.35,0.30,0.40,29.18,17,17,0,0.80,0.80,0.80,28.61,17,17,0,0.17,0.10,0.20,29.03,17,17,0,0.77,0.70,0.80,29.04,17,17,0,521.61,514.40,527.70,24.63,17,0,0
697984,0.31,0.30,0.40,30.51,17,17,0,0.03,-0.10,0.10,28.86,17,17,0,0.38,0.30,0.40,29.17,17,17,0,0.80,0.80,0.80,28.63,17,17,0,0.18,0.10,0.20,29.03,17,17,0,0.75,0.70,0.80,29.03,17,17,0,525.88,523.00,532.70,24.62,17,0,0
698497,0.33,0.30,0.40,30.50,17,17,0,0.05,0.00,0.10,28.86,17,17,0,0.37,0.30,0.40,29.19,17,17,0,0.81,0.80,0.90,28.63,17,17,0,0.18,0.10,0.20,29.02,17,17,0,0.76,0.70,0.80,29.03,17,17,0,523.75,515.40,532.70,24.62,17,0,0
699000,0.34,0.30,0.40,30.50,17,17,0,0.02,0.00,0.10,28.87,17,17,0,0.39,0.30,0.40,29.18,17,17,0,0.80,0.80,0.80,28.64,17,17,0,0.18,0.10,0.20,29.02,17,17,0,0.76,0.70,0.80,29.02,17,17,0,519.81,512.70,528.30,24.63,17,0,0
699500,0.33,0.30,0.40,30.51,16,16,0,0.04,0.00,0.10,28.84,16,16,0,0.38,0.30,0.40,29.18,16,16,0,0.80,0.80,0.80,28.62,16,16,0,0.19,0.10,0.20,29.03,16,16,0,0.77,0.70,0.80,29.03,16,16,0,518.58,510.00,530.70,24.62,16,0,0
700002,0.34,0.30,0.40,30.51,17,17,0,0.03,0.00,0.10,28.87,17,17,0,0.38,0.30,0.40,29.17,17,17,0,0.80,0.80,0.80,28.65,17,17,0,0.17,0.10,0.20,29.03,17,17,0,0.78,0.70,0.80,29.02,17,17,0,520.11,508.90,531.80,24.62,17,0,0
700502,0.34,0.30,0.40,30.51,17,17,0,0.04,0.00,0.10,28.87,17,17,0,0.39,0.30,0.40,29.16,17,17,0,0.81,0.80,0.90,28.63,17,17,0,0.19,0.10,0.20,29.03,17,17,0,0.78,0.70,0.80,29.03,17,17,0,525.13,515.20,535.80,24.61,17,0,0
701003,0.33,0.30,0.40,30.53,17,17,0,0.01,-0.10,0.10,28.86,17,17,0,0.38,0.30,0.40,29.17,17,17,0,0.80,0.80,0.80,28.63,17,17,0,0.18,0.10,0.20,29.03,17,17,0,0.76,0.70,0.80,29.04,17,17,0,528.25,510.60,540.30,24.60,17,0,0
701503,0.32,0.30,0.40,30.51,17,17,0,0.04,0.00,0.10,28.88,17,17,0,0.38,0.30,0.40,29.18,17,17,0,0.80,0.80,0.80,28.62,17,17,0,0.18,0.10,0.20,29.02,17,17,0,0.76,0.70,0.80,29.03,17,17,0,533.08,524.20,545.60,24.60,17,0,0
702008,0.34,0.30,0.40,30.50,17,17,0,0.01,-0.10,0.10,28.86,17,17,0,0.38,0.30,0.40,29.17,17,17,0,0.80,0.80,0.80,28.65,17,17,0,0.18,0.10,0.20,29.04,17,17,0,0.75,0.70,0.80,28.99,17,17,0,531.20,514.80,544.40,24.60,17,0,0
702512,0.33,0.30,0.40,30.49,17,17,0,0.02,-0.10,0.10,28.87,17,17,0,0.35,0.30,0.40,29.18,17,17,0,0.80,0.80,0.80,28.63,17,17,0,0.18,0.10,0.30,29.02,17,17,0,0.76,0.70,0.80,29.02,17,17,0,528.36,507.60,538.90,24.63,17,0,0
703016,0.32,0.30,0.40,30.49,17,17,0,0.00,-0.10,0.10,28.88,17,17,0,0.37,0.30,0.40,29.16,17,17,0,0.81,0.80,0.90,28.62,17,17,0,0.18,0.10,0.20,29.04,17,17,0,0.75,0.70,0.80,29.03,17,17,0,528.58,517.00,540.80,24.59,17,0,0
703520,0.33,0.30,0.40,30.50,17,17,0,0.05,0.00,0.10,28.85,17,17,0,0.38,0.30,0.40,29.18,17,17,0,0.80,0.80,0.80,28.62,17,17,0,0.17,0.10,0.20,29.04,17,17,0,0.78,0.70,0.80,29.02,17,17,0,529.85,519.20,542.10,24.59,17,0,0
704023,0.33,0.30,0.40,30.52,17,17,0,0.05,0.00,0.10,28.87,17,17,0,0.38,0.30,0.40,29.17,17,17,0,0.80,0.80,0.80,28.62,17,17,0,0.19,0.10,0.20,29.03,17,17,0,0.76,0.70,0.80,29.01,17,17,0,533.49,526.40,539.70,24.58,17,0,0
704524,0.32,0.30,0.40,30.52,17,17,0,0.03,0.00,0.10,28.87,17,17,0,0.38,0.30,0.40,29.18,17,17,0,0.80,0.80,0.80,28.62,17,17,0,0.18,0.10,0.20,29.04,17,17,0,0.78,0.70,0.80,29.02,17,17,0,539.99,516.80,552.20,24.59,17,0,0
705024,0.31,0.30,0.40,30.50,17,17,0,0.03,-0.10,0.10,28.86,17,17,0,0.37,0.30,0.40,29.16,17,17,0,0.80,0.80,0.80,28.63,17,17,0,0.19,0.10,0.20,29.02,17,17,0,0.76,0.70,0.80,29.02,17,17,0,543.59,529.10,556.50,24.59,17,0,0
705525,0.31,0.30,0.40,30.52,17,17,0,0.02,-0.10,0.10,28.88,17,17,0,0.38,0.30,0.40,29.16,17,17,0,0.80,0.70,0.90,28.64,17,17,0,0.18,0.10,0.20,29.02,17,17,0,0.74,0.70,0.80,29.02,17,17,0,543.52,533.00,555.00,24.60,17,0,0
706034,0.32,0.30,0.40,30.50,17,17,0,0.02,0.00,0.10,28.86,17,17,0,0.37,0.30,0.40,29.16,17,17,0,0.80,0.80,0.80,28.62,17,17,0,0.17,0.10,0.20,29.03,17,17,0,0.77,0.70,0.80,29.04,17,17,0,542.41,533.80,547.70,24.59,17,0,0
706537,0.34,0.30,0.40,30.50,17,17,0,0.04,0.00,0.10,28.86,17,17,0,0.36,0.30,0.40,29.17,17,17,0,0.81,0.80,0.90,28.62,17,17,0,0.18,0.10,0.20,29.03,17,17,0,0.76,0.70,0.80,29.02,17,17,0,540.22,535.00,548.60,24.59,17,0,0
707037,0.32,0.30,0.40,30.51,17,17,0,0.03,0.00,0.10,28.86,17,17,0,0.38,0.30,0.40,29.17,17,17,0,0.81,0.80,0.90,28.63,17,17,0,0.18,0.10,0.20,29.05,17,17,0,0.76,0.70,0.80,29.03,17,17,0,540.78,524.60,548.80,24.58,17,0,0
707537,0.33,0.30,0.40,30.50,17,17,0,0.03,0.00,0.10,28.86,17,17,0,0.35,0.30,0.40,29.17,17,17,0,0.79,0.70,0.80,28.62,17,17,0,0.18,0.10,0.20,29.03,17,17,0,0.78,0.70,0.80,29.02,17,17,0,543.07,536.60,553.00,24.57,17,0,0
708042,0.34,0.30,0.40,30.50,17,17,0,0.02,0.00,0.10,28.86,17,17,0,0.38,0.30,0.40,29.17,17,17,0,0.81,0.80,0.90,28.63,17,17,0,0.18,0.10,0.20,29.03,17,17,0,0.77,0.70,0.80,29.03,17,17,0,546.99,538.20,554.50,24.59,17,0,0
708542,0.33,0.30,0.40,30.49,17,17,0,0.06,-0.10,0.10,28.88,17,17,0,0.39,0.30,0.40,29.19,17,17,0,0.80,0.80,0.80,28.63,17,17,0,0.16,0.10,0.20,29.02,17,17,0,0.77,0.70,0.80,29.01,17,17,0,549.44,540.60,556.50,24.59,17,0,0
709044,0.32,0.30,0.40,30.50,17,17,0,0.01,-0.10,0.10,28.87,17,17,0,0.37,0.30,0.40,29.17,17,17,0,0.80,0.80,0.80,28.61,17,17,0,0.18,0.10,0.30,29.03,17,17,0,0.77,0.70,0.80,29.03,17,17,0,547.22,537.10,559.10,24.58,17,0,0
709548,0.35,0.30,0.40,30.52,17,17,0,0.04,-0.10,0.10,28.87,17,17,0,0.38,0.30,0.40,29.17,17,17,0,0.81,0.80,0.90,28.62,17,17,0,0.18,0.10,0.20,29.01,17,17,0,0.75,0.70,0.80,29.02,17,17,0,543.52,537.40,552.30,24.58,17,0,0
710056,0.34,0.30,0.40,30.51,17,17,0,0.04,-0.10,0.10,28.85,17,17,0,0.38,0.30,0.40,29.19,17,17,0,0.80,0.80,0.80,28.63,17,17,0,0.16,0.10,0.20,29.03,17,17,0,0.76,0.70,0.80,29.02,17,17,0,540.68,530.50,548.80,24.57,17,0,0
710565,0.34,0.30,0.40,30.49,17,17,0,0.02,0.00,0.10,28.87,17,17,0,0.35,0.30,0.40,29.17,17,17,0,0.80,0.80,0.80,28.63,17,17,0,0.18,0.10,0.20,29.02,17,17,0,0.76,0.70,0.80,29.01,17,17,0,542.57,529.20,547.60,24.58,17,0,0
711065,0.34,0.30,0.40,30.51,17,17,0,0.04,-0.10,0.10,28.86,17,17,0,0.38,0.30,0.40,29.17,17,17,0,0.80,0.80,0.80,28.62,17,17,0,0.18,0.10,0.20,29.04,17,17,0,0.78,0.70,0.80,29.02,17,17,0,544.84,536.70,551.90,24.58,17,0,0
711566,0.33,0.30,0.40,30.51,17,17,0,0.04,0.00,0.10,28.88,17,17,0,0.38,0.30,0.40,29.18,17,17,0,0.80,0.80,0.80,28.62,17,17,0,0.16,0.10,0.20,29.02,17,17,0,0.78,0.70,0.80,29.01,17,17,0,548.70,536.90,561.60,24.58,17,0,0
712068,0.31,0.30,0.40,30.51,17,17,0,0.02,0.00,0.10,28.87,17,17,0,0.39,0.30,0.40,29.16,17,17,0,0.79,0.70,0.80,28.62,17,17,0,0.18,0.10,0.20,29.02,17,17,0,0.77,0.70,0.80,29.01,17,17,0,554.21,543.10,565.30,24.57,17,0,0
712569,0.34,0.30,0.40,30.52,17,17,0,0.02,-0.10,0.10,28.87,17,17,0,0.38,0.30,0.40,29.19,17,17,0,0.80,0.80,0.80,28.63,17,17,0,0.19,0.10,0.20,29.04,17,17,0,0.74,0.70,0.80,29.02,17,17,0,553.05,545.40,561.60,24.57,17,0,0
713073,0.33,0.30,0.40,30.51,17,17,0,0.03,-0.10,0.10,28.89,17,17,0,0.37,0.30,0.40,29.18,17,17,0,0.79,0.70,0.80,28.63,17,17,0,0.19,0.10,0.20,29.03,17,17,0,0.76,0.70,0.80,29.01,17,17,0,548.46,532.50,557.50,24.58,17,0,0
713577,0.35,0.30,0.40,30.51,17,17,0,0.02,-0.10,0.10,28.87,17,17,0,0.38,0.30,0.40,29.16,17,17,0,0.79,0.70,0.80,28.63,17,17,0,0.18,0.10,0.20,29.04,17,17,0,0.78,0.70,0.80,29.02,17,17,0,545.69,539.60,552.30,24.59,17,0,0
714083,0.34,0.30,0.40,30.50,17,17,0,0.04,0.00,0.10,28.87,17,17,0,0.39,0.30,0.40,29.17,17,17,0,0.80,0.80,0.80,28.63,17,17,0,0.19,0.10,0.20,29.05,17,17,0,0.75,0.70,0.80,29.02,17,17,0,545.89,534.50,559.10,24.58,17,0,0
714587,0.34,0.30,0.40,30.50,17,17,0,0.05,0.00,0.10,28.87,17,17,0,0.39,0.30,0.40,29.18,17,17,0,0.80,0.80,0.80,28.62,17,17,0,0.19,0.10,0.20,29.05,17,17,0,0.77,0.70,0.80,29.03,17,17,0,548.21,539.20,558.60,24.58,17,0,0
715094,0.33,0.30,0.40,30.51,17,17,0,0.03,0.00,0.10,28.87,17,17,0,0.35,0.30,0.40,29.18,17,17,0,0.80,0.80,0.80,28.62,17,17,0,0.18,0.10,0.20,29.03,17,17,0,0.74,0.70,0.80,29.02,17,17,0,552.74,543.20,559.60,24.57,17,0,0
715597,0.32,0.30,0.40,30.52,17,17,0,0.03,0.00,0.10,28.87,17,17,0,0.38,0.30,0.40,29.19,17,17,0,0.80,0.80,0.80,28.62,17,17,0,0.18,0.10,0.20,29.04,17,17,0,0.77,0.70,0.80,29.03,17,17,0,555.62,549.60,561.20,24.57,17,0,0
716106,0.33,0.30,0.40,30.50,17,17,0,0.04,0.00,0.10,28.87,17,17,0,0.38,0.30,0.40,29.18,17,17,0,0.80,0.80,0.80,28.62,17,17,0,0.20,0.20,0.20,29.03,17,17,0,0.77,0.70,0.80,29.02,17,17,0,552.79,543.80,564.30,24.59,17,0,0
716608,0.33,0.30,0.40,30.51,17,17,0,0.02,0.00,0.10,28.86,17,17,0,0.38,0.30,0.40,29.18,17,17,0,0.80,0.80,0.80,28.63,17,17,0,0.15,0.10,0.20,29.03,17,17,0,0.76,0.70,0.80,29.02,17,17,0,546.86,540.80,551.40,24.58,17,0,0
717108,0.32,0.30,0.40,30.50,17,17,0,0.04,0.00,0.10,28.86,17,17,0,0.38,0.30,0.40,29.20,17,17,0,0.80,0.80,0.80,28.63,17,17,0,0.19,0.10,0.20,29.03,17,17,0,0.76,0.70,0.80,29.02,17,17,0,541.09,533.40,546.10,24.58,17,0,0
717610,0.32,0.30,0.40,30.50,17,17,0,0.04,0.00,0.10,28.87,17,17,0,0.38,0.30,0.40,29.18,17,17,0,0.80,0.80,0.80,28.63,17,17,0,0.16,0.10,0.20,29.04,17,17,0,0.75,0.70,0.80,29.03,17,17,0,538.19,531.30,543.10,24.56,17,0,0
718112,0.33,0.30,0.40,30.49,17,17,0,0.02,0.00,0.10,28.88,17,17,0,0.39,0.30,0.40,29.17,17,17,0,0.81,0.80,0.90,28.63,17,17,0,0.18,0.10,0.20,29.03,17,17,0,0.76,0.70,0.80,29.01,17,17,0,542.31,538.10,546.70,24.58,17,0,0
718612,0.34,0.30,0.40,30.50,16,16,0,0.03,0.00,0.10,28.87,16,16,0,0.38,0.30,0.40,29.18,16,16,0,0.80,0.80,0.80,28.61,16,16,0,0.18,0.10,0.20,29.03,16,16,0,0.79,0.70,0.80,29.00,16,16,0,546.93,540.60,554.20,24.57,16,0,0
719112,0.34,0.30,0.40,30.49,17,17,0,0.05,0.00,0.10,28.88,17,17,0,0.38,0.30,0.40,29.19,17,17,0,0.79,0.70,0.80,28.62,17,17,0,0.19,0.10,0.20,29.04,17,17,0,0.75,0.70,0.80,29.02,17,17,0,550.58,539.60,556.70,24.57,17,0,0
719615,0.34,0.30,0.40,30.52,17,17,0,0.04,0.00,0.10,28.87,17,17,0,0.37,0.30,0.40,29.18,17,17,0,0.81,0.80,0.90,28.61,17,17,0,0.20,0.20,0.20,29.03,17,17,0,0.77,0.70,0.80,29.02,17,17,0,547.00,541.90,554.00,24.58,17,0,0
720127,0.31,0.30,0.40,30.49,17,17,0,0.02,0.00,0.10,28.86,17,17,0,0.36,0.30,0.40,29.19,17,17,0,0.79,0.70,0.80,28.63,17,17,0,0.16,0.10,0.20,29.04,17,17,0,0.77,0.70,0.80,29.03,17,17,0,537.35,525.80,547.50,24.57,17,0,0
720627,0.34,0.30,0.40,30.51,17,17,0,0.01,-0.10,0.10,28.89,17,17,0,0.36,0.30,0.40,29.19,17,17,0,0.79,0.70,0.80,28.62,17,17,0,0.19,0.10,0.20,29.02,17,17,0,0.78,0.70,0.80,29.01,17,17,0,531.85,526.60,539.20,24.57,17,0,0
721128,0.32,0.30,0.40,30.50,17,17,0,0.04,0.00,0.10,28.87,17,17,0,0.35,0.30,0.40,29.18,17,17,0,0.80,0.80,0.80,28.63,17,17,0,0.19,0.10,0.20,29.03,17,17,0,0.76,0.70,0.80,29.02,17,17,0,528.62,522.40,534.90,24.57,17,0,0
721628,0.34,0.30,0.40,30.52,17,17,0,0.02,-0.10,0.10,28.87,17,17,0,0.38,0.30,0.40,29.19,17,17,0,0.80,0.80,0.80,28.62,17,17,0,0.19,0.10,0.30,29.03,17,17,0,0.78,0.70,0.80,29.03,17,17,0,534.59,528.80,540.60,24.59,17,0,0
722129,0.33,0.30,0.40,30.50,17,17,0,0.01,-0.10,0.10,28.87,17,17,0,0.39,0.30,0.40,29.18,17,17,0,0.80,0.80,0.80,28.62,17,17,0,0.19,0.10,0.20,29.04,17,17,0,0.76,0.70,0.80,29.00,17,17,0,541.36,537.00,546.60,24.58,17,0,0
722629,0.32,0.30,0.40,30.51,17,17,0,0.01,-0.10,0.10,28.86,17,17,0,0.37,0.30,0.40,29.19,17,17,0,0.80,0.80,0.80,28.62,17,17,0,0.18,0.10,0.20,29.03,17,17,0,0.78,0.70,0.80,29.02,17,17,0,545.56,540.30,552.30,24.59,17,0,0
723129,0.33,0.30,0.40,30.50,17,17,0,0.02,-0.10,0.10,28.88,17,17,0,0.40,0.40,0.40,29.19,17,17,0,0.81,0.80,0.90,28.62,17,17,0,0.18,0.10,0.20,29.03,17,17,0,0.76,0.70,0.80,29.03,17,17,0,543.25,536.00,552.20,24.58,17,0,0
723632,0.33,0.30,0.40,30.49,17,17,0,0.02,-0.10,0.10,28.88,17,17,0,0.39,0.30,0.40,29.20,17,17,0,0.81,0.80,0.90,28.61,17,17,0,0.17,0.10,0.20,29.04,17,17,0,0.75,0.70,0.80,29.02,17,17,0,531.94,528.80,537.30,24.56,17,0,0
724134,0.33,0.30,0.40,30.51,17,17,0,0.01,-0.10,0.10,28.88,17,17,0,0.37,0.30,0.40,29.20,17,17,0,0.80,0.80,0.80,28.61,17,17,0,0.19,0.10,0.20,29.04,17,17,0,0.76,0.70,0.80,29.02,17,17,0,527.54,523.00,534.70,24.59,17,0,0
724635,0.34,0.30,0.40,30.50,17,17,0,0.00,-0.10,0.10,28.87,17,17,0,0.36,0.30,0.40,29.17,17,17,0,0.80,0.80,0.80,28.62,17,17,0,0.18,0.10,0.20,29.03,17,17,0,0.76,0.70,0.80,29.02,17,17,0,527.49,521.50,533.50,24.57,17,0,0
725144,0.33,0.30,0.40,30.52,18,18,0,0.02,-0.10,0.10,28.88,18,18,0,0.38,0.30,0.40,29.16,18,18,0,0.81,0.80,0.90,28.61,18,18,0,0.18,0.10,0.30,29.02,18,18,0,0.77,0.70,0.80,29.02,18,18,0,530.64,521.70,536.70,24.57,18,0,0
725645,0.34,0.30,0.40,30.51,17,17,0,0.02,0.00,0.10,28.86,17,17,0,0.38,0.30,0.40,29.18,17,17,0,0.81,0.80,0.90,28.63,17,17,0,0.19,0.10,0.20,29.02,17,17,0,0.77,0.70,0.80,29.02,17,17,0,535.54,530.00,543.00,24.59,17,0,0
726148,0.32,0.30,0.40,30.51,17,17,0,0.01,-0.10,0.10,28.87,17,17,0,0.39,0.30,0.40,29.17,17,17,0,0.80,0.80,0.80,28.62,17,17,0,0.17,0.10,0.20,29.04,17,17,0,0.75,0.70,0.80,29.02,17,17,0,537.59,532.90,544.00,24.57,17,0,0
726651,0.34,0.30,0.40,30.50,17,17,0,0.01,-0.10,0.10,28.88,17,17,0,0.39,0.30,0.40,29.17,17,17,0,0.80,0.80,0.80,28.62,17,17,0,0.17,0.10,0.20,29.02,17,17,0,0.76,0.70,0.80,29.01,17,17,0,531.28,527.40,538.70,24.59,17,0,0
727153,0.34,0.30,0.40,30.49,17,17,0,0.02,-0.10,0.10,28.87,17,17,0,0.37,0.30,0.40,29.17,17,17,0,0.81,0.80,0.90,28.61,17,17,0,0.18,0.10,0.20,29.02,17,17,0,0.76,0.70,0.80,29.01,17,17,0,523.04,518.20,527.60,24.57,17,0,0
727653,0.35,0.30,0.40,30.49,17,17,0,0.02,-0.10,0.10,28.87,17,17,0,0.39,0.30,0.40,29.19,17,17,0,0.81,0.80,0.90,28.62,17,17,0,0.19,0.10,0.20,29.03,17,17,0,0.76,0.70,0.80,29.01,17,17,0,517.54,511.60,522.40,24.59,17,0,0
728158,0.35,0.30,0.40,30.51,17,17,0,0.01,-0.10,0.10,28.86,17,17,0,0.38,0.30,0.40,29.19,17,17,0,0.80,0.80,0.80,28.62,17,17,0,0.19,0.10,0.20,29.03,17,17,0,0.76,0.70,0.80,29.03,17,17,0,517.80,511.60,523.10,24.57,17,0,0
728658,0.34,0.30,0.40,30.50,17,17,0,0.04,0.00,0.10,28.87,17,17,0,0.35,0.30,0.40,29.17,17,17,0,0.81,0.80,0.90,28.60,17,17,0,0.18,0.10,0.20,29.03,17,17,0,0.78,0.70,0.80,29.02,17,17,0,521.37,515.40,530.60,24.57,17,0,0
729161,0.34,0.30,0.40,30.51,17,17,0,0.01,0.00,0.10,28.87,17,17,0,0.37,0.30,0.40,29.18,17,17,0,0.80,0.80,0.80,28.61,17,17,0,0.19,0.10,0.20,29.04,17,17,0,0.76,0.70,0.80,29.02,17,17,0,525.17,520.20,534.70,24.59,17,0,0
729668,0.32,0.30,0.40,30.50,17,17,0,0.02,0.00,0.10,28.87,17,17,0,0.38,0.30,0.40,29.19,17,17,0,0.79,0.70,0.80,28.63,17,17,0,0.17,0.10,0.20,29.03,17,17,0,0.78,0.70,0.80,29.03,17,17,0,525.87,522.10,531.30,24.57,17,0,0
730170,0.32,0.30,0.40,30.51,17,17,0,0.04,0.00,0.10,28.86,17,17,0,0.36,0.30,0.40,29.18,17,17,0,0.81,0.80,0.90,28.60,17,17,0,0.19,0.10,0.20,29.03,17,17,0,0.76,0.70,0.80,29.02,17,17,0,520.00,515.40,525.30,24.57,17,0,0
730674,0.32,0.30,0.40,30.49,17,17,0,0.01,-0.10,0.10,28.87,17,17,0,0.38,0.30,0.40,29.18,17,17,0,0.80,0.80,0.80,28.62,17,17,0,0.17,0.10,0.20,29.02,17,17,0,0.75,0.70,0.80,29.03,17,17,0,513.67,507.20,518.30,24.57,17,0,0
731176,0.34,0.30,0.40,30.52,17,17,0,0.03,-0.10,0.10,28.87,17,17,0,0.37,0.30,0.40,29.18,17,17,0,0.79,0.70,0.80,28.63,17,17,0,0.18,0.10,0.20,29.04,17,17,0,0.75,0.70,0.80,29.01,17,17,0,510.19,505.60,515.50,24.58,17,0,0
731683,0.32,0.30,0.40,30.50,17,17,0,0.02,0.00,0.10,28.86,17,17,0,0.37,0.30,0.40,29.17,17,17,0,0.80,0.80,0.80,28.62,17,17,0,0.20,0.20,0.20,29.02,17,17,0,0.76,0.70,0.80,29.01,17,17,0,511.79,507.20,515.90,24.60,17,0,0
732184,0.32,0.30,0.40,30.52,17,17,0,0.02,0.00,0.10,28.88,17,17,0,0.36,0.30,0.40,29.20,17,17,0,0.79,0.70,0.80,28.61,17,17,0,0.19,0.10,0.20,29.04,17,17,0,0.76,0.70,0.80,29.02,17,17,0,514.76,507.40,522.00,24.59,17,0,0
732684,0.32,0.30,0.40,30.49,17,17,0,0.02,0.00,0.10,28.86,17,17,0,0.38,0.30,0.40,29.17,17,17,0,0.80,0.80,0.80,28.63,17,17,0,0.18,0.10,0.20,29.03,17,17,0,0.75,0.70,0.80,29.00,17,17,0,520.27,514.60,528.70,24.60,17,0,0
733191,0.34,0.30,0.40,30.51,17,17,0,0.03,0.00,0.10,28.87,17,17,0,0.37,0.30,0.40,29.19,17,17,0,0.80,0.80,0.80,28.60,17,17,0,0.19,0.10,0.20,29.02,17,17,0,0.76,0.70,0.80,29.02,17,17,0,521.80,517.90,524.70,24.57,17,0,0
733694,0.32,0.30,0.40,30.50,17,17,0,0.01,-0.10,0.10,28.88,17,17,0,0.38,0.30,0.40,29.18,17,17,0,0.81,0.80,0.90,28.63,17,17,0,0.19,0.10,0.20,29.03,17,17,0,0.78,0.70,0.80,29.02,17,17,0,516.46,511.00,523.70,24.56,17,0,0
734200,0.34,0.30,0.40,30.50,17,17,0,0.04,-0.10,0.10,28.87,17,17,0,0.39,0.30,0.40,29.17,17,17,0,0.80,0.80,0.80,28.63,17,17,0,0.16,0.10,0.20,29.02,17,17,0,0.78,0.70,0.80,29.02,17,17,0,509.74,505.10,515.00,24.59,17,0,0
734700,0.31,0.30,0.40,30.50,17,17,0,0.03,-0.10,0.10,28.87,17,17,0,0.37,0.30,0.40,29.19,17,17,0,0.80,0.80,0.80,28.63,17,17,0,0.16,0.10,0.20,29.03,17,17,0,0.77,0.70,0.80,29.03,17,17,0,506.29,501.20,513.90,24.60,17,0,0
735201,0.33,0.30,0.40,30.51,17,17,0,0.02,-0.10,0.10,28.87,17,17,0,0.38,0.30,0.40,29.19,17,17,0,0.80,0.80,0.80,28.60,17,17,0,0.19,0.10,0.20,29.04,17,17,0,0.74,0.70,0.80,29.02,17,17,0,507.44,500.70,517.50,24.58,17,0,0
735704,0.35,0.30,0.40,30.50,17,17,0,0.02,-0.10,0.10,28.87,17,17,0,0.38,0.30,0.40,29.18,17,17,0,0.80,0.80,0.80,28.61,17,17,0,0.19,0.10,0.20,29.04,17,17,0,0.77,0.70,0.80,29.02,17,17,0,510.06,504.60,517.20,24.59,17,0,0
736212,0.33,0.30,0.40,30.49,17,17,0,0.02,-0.10,0.10,28.88,17,17,0,0.39,0.30,0.40,29.18,17,17,0,0.80,0.80,0.80,28.61,17,17,0,0.17,0.10,0.20,29.03,17,17,0,0.76,0.70,0.80,29.02,17,17,0,514.34,508.50,520.70,24.57,17,0,0
736713,0.34,0.30,0.40,30.50,17,17,0,0.03,-0.10,0.10,28.87,17,17,0,0.38,0.30,0.40,29.19,17,17,0,0.79,0.70,0.80,28.62,17,17,0,0.17,0.10,0.20,29.05,17,17,0,0.75,0.70,0.80,29.00,17,17,0,517.44,511.20,525.20,24.57,17,0,0
737216,0.36,0.30,0.40,30.50,17,17,0,0.05,0.00,0.10,28.87,17,17,0,0.37,0.30,0.40,29.18,17,17,0,0.81,0.80,0.90,28.63,17,17,0,0.18,0.10,0.20,29.01,17,17,0,0.76,0.70,0.80,29.01,17,17,0,513.19,507.00,520.60,24.58,17,0,0
737718,0.34,0.30,0.40,30.50,16,16,0,0.04,-0.10,0.10,28.88,16,16,0,0.39,0.30,0.40,29.17,16,16,0,0.80,0.80,0.80,28.61,16,16,0,0.17,0.10,0.20,29.03,16,16,0,0.78,0.70,0.80,29.03,16,16,0,505.86,501.00,511.40,24.59,16,0,0
738227,0.32,0.30,0.40,30.51,17,17,0,0.00,-0.10,0.10,28.86,17,17,0,0.37,0.30,0.40,29.19,17,17,0,0.79,0.70,0.80,28.63,17,17,0,0.19,0.10,0.20,29.04,17,17,0,0.78,0.70,0.80,29.03,17,17,0,503.26,498.80,510.50,24.57,17,0,0
738728,0.32,0.30,0.40,30.52,17,17,0,0.03,0.00,0.10,28.86,17,17,0,0.38,0.30,0.40,29.18,17,17,0,0.79,0.70,0.80,28.62,17,17,0,0.19,0.10,0.20,29.03,17,17,0,0.77,0.70,0.80,29.01,17,17,0,505.58,500.60,509.60,24.58,17,0,0
739228,0.32,0.30,0.40,30.51,17,17,0,0.02,0.00,0.10,28.87,17,17,0,0.39,0.30,0.40,29.19,17,17,0,0.79,0.70,0.80,28.62,17,17,0,0.19,0.10,0.20,29.02,17,17,0,0.75,0.70,0.80,29.02,17,17,0,508.52,501.80,516.30,24.57,17,0,0
739728,0.34,0.30,0.40,30.50,17,17,0,0.02,0.00,0.10,28.87,17,17,0,0.38,0.30,0.40,29.18,17,17,0,0.80,0.80,0.80,28.62,17,17,0,0.18,0.10,0.20,29.02,17,17,0,0.76,0.70,0.80,29.02,17,17,0,513.04,508.50,520.70,24.58,17,0,0
740234,0.32,0.30,0.40,30.49,17,17,0,0.04,0.00,0.10,28.89,17,17,0,0.36,0.30,0.40,29.18,17,17,0,0.80,0.80,0.80,28.60,17,17,0,0.18,0.10,0.20,29.03,17,17,0,0.76,0.70,0.80,29.01,17,17,0,516.14,509.50,524.60,24.58,17,0,0
740734,0.32,0.30,0.40,30.51,17,17,0,0.00,-0.10,0.10,28.87,17,17,0,0.38,0.30,0.40,29.17,17,17,0,0.79,0.70,0.80,28.61,17,17,0,0.19,0.10,0.20,29.03,17,17,0,0.74,0.70,0.80,29.03,17,17,0,510.85,506.20,515.60,24.58,17,0,0
741240,0.33,0.30,0.40,30.50,17,17,0,0.02,-0.10,0.10,28.87,17,17,0,0.38,0.30,0.40,29.18,17,17,0,0.79,0.70,0.80,28.64,17,17,0,0.19,0.10,0.20,29.03,17,17,0,0.76,0.70,0.80,29.01,17,17,0,506.08,501.20,510.80,24.59,17,0,0
741744,0.34,0.30,0.40,30.51,17,17,0,0.02,0.00,0.10,28.86,17,17,0,0.39,0.30,0.40,29.19,17,17,0,0.80,0.80,0.80,28.61,17,17,0,0.19,0.10,0.20,29.01,17,17,0,0.78,0.70,0.80,29.02,17,17,0,502.02,497.20,505.30,24.57,17,0,0
742246,0.32,0.30,0.40,30.52,17,17,0,0.02,-0.10,0.10,28.86,17,17,0,0.39,0.30,0.40,29.18,17,17,0,0.80,0.80,0.80,28.63,17,17,0,0.19,0.10,0.20,29.04,17,17,0,0.77,0.70,0.80,29.02,17,17,0,501.66,497.00,507.20,24.58,17,0,0
742747,0.35,0.30,0.40,30.52,17,17,0,0.02,-0.10,0.10,28.88,17,17,0,0.38,0.30,0.40,29.17,17,17,0,0.79,0.70,0.80,28.61,17,17,0,0.19,0.10,0.20,29.03,17,17,0,0.77,0.70,0.80,29.01,17,17,0,505.75,498.60,512.10,24.58,17,0,0
743247,0.33,0.30,0.40,30.50,17,17,0,0.02,0.00,0.10,28.88,17,17,0,0.34,0.30,0.40,29.18,17,17,0,0.80,0.80,0.80,28.63,17,17,0,0.19,0.10,0.20,29.03,17,17,0,0.75,0.70,0.80,29.01,17,17,0,513.55,507.30,522.00,24.57,17,0,0
743756,0.33,0.30,0.40,30.50,17,17,0,-0.01,-0.10,0.10,28.87,17,17,0,0.37,0.30,0.40,29.18,17,17,0,0.80,0.80,0.80,28.62,17,17,0,0.19,0.10,0.20,29.04,17,17,0,0.78,0.70,0.80,29.02,17,17,0,519.61,512.80,524.20,24.58,17,0,0
744256,0.34,0.30,0.40,30.50,16,16,0,0.04,0.00,0.10,28.85,16,16,0,0.37,0.30,0.40,29.17,16,16,0,0.80,0.80,0.80,28.62,16,16,0,0.19,0.10,0.20,29.02,16,16,0,0.77,0.70,0.80,29.01,16,16,0,517.56,509.50,530.10,24.58,16,0,0
744763,0.32,0.30,0.40,30.49,17,17,0,0.02,-0.10,0.10,28.87,17,17,0,0.39,0.30,0.40,29.19,17,17,0,0.81,0.80,0.90,28.62,17,17,0,0.18,0.10,0.20,29.03,17,17,0,0.76,0.70,0.80,29.02,17,17,0,508.89,500.90,516.30,24.58,17,0,0
745263,0.33,0.30,0.40,30.51,17,17,0,0.02,0.00,0.10,28.87,17,17,0,0.39,0.30,0.40,29.18,17,17,0,0.80,0.80,0.80,28.62,17,17,0,0.18,0.10,0.20,29.04,17,17,0,0.76,0.70,0.80,29.02,17,17,0,506.05,502.20,510.30,24.58,17,0,0
745763,0.32,0.30,0.40,30.50,17,17,0,0.02,-0.10,0.10,28.85,17,17,0,0.38,0.30,0.40,29.19,17,17,0,0.80,0.80,0.80,28.62,17,17,0,0.18,0.10,0.20,29.03,17,17,0,0.77,0.70,0.80,29.02,17,17,0,507.85,499.80,514.00,24.57,17,0,0
746264,0.32,0.30,0.40,30.50,17,17,0,0.04,0.00,0.10,28.86,17,17,0,0.36,0.30,0.40,29.17,17,17,0,0.81,0.80,0.90,28.62,17,17,0,0.18,0.10,0.20,29.03,17,17,0,0.78,0.70,0.80,29.02,17,17,0,511.49,507.70,515.30,24.58,17,0,0
746764,0.31,0.30,0.40,30.51,17,17,0,0.00,-0.10,0.10,28.87,17,17,0,0.37,0.30,0.40,29.20,17,17,0,0.80,0.80,0.80,28.61,17,17,0,0.19,0.10,0.20,29.02,17,17,0,0.75,0.70,0.80,29.00,17,17,0,515.18,510.10,521.30,24.58,17,0,0
747264,0.33,0.30,0.40,30.50,17,17,0,0.02,0.00,0.10,28.87,17,17,0,0.39,0.30,0.40,29.18,17,17,0,0.80,0.80,0.80,28.63,17,17,0,0.17,0.10,0.30,29.01,17,17,0,0.76,0.70,0.80,29.02,17,17,0,519.64,513.30,525.60,24.56,17,0,0
747764,0.32,0.30,0.40,30.51,17,17,0,0.02,-0.10,0.10,28.87,17,17,0,0.39,0.30,0.40,29.19,17,17,0,0.81,0.80,0.90,28.62,17,17,0,0.19,0.10,0.20,29.03,17,17,0,0.77,0.70,0.80,29.02,17,17,0,519.04,512.10,532.40,24.57,17,0,0
748265,0.33,0.30,0.40,30.52,17,17,0,0.05,0.00,0.10,28.86,17,17,0,0.38,0.30,0.40,29.19,17,17,0,0.80,0.80,0.80,28.63,17,17,0,0.18,0.10,0.20,29.04,17,17,0,0.77,0.70,0.80,29.02,17,17,0,510.34,505.30,514.70,24.57,17,0,0
748765,0.35,0.30,0.40,30.50,17,17,0,0.02,-0.10,0.10,28.87,17,17,0,0.38,0.30,0.40,29.20,17,17,0,0.80,0.80,0.80,28.61,17,17,0,0.18,0.10,0.20,29.05,17,17,0,0.75,0.70,0.80,29.02,17,17,0,505.42,499.90,509.40,24.57,17,0,0
749275,0.34,0.30,0.40,30.49,17,17,0,0.01,-0.10,0.10,28.87,17,17,0,0.37,0.30,0.40,29.19,17,17,0,0.80,0.80,0.80,28.61,17,17,0,0.16,0.10,0.20,29.03,17,17,0,0.78,0.70,0.80,29.00,17,17,0,504.25,500.60,512.60,24.57,17,0,0
749788,0.32,0.30,0.40,30.52,17,17,0,0.04,-0.10,0.10,28.86,17,17,0,0.38,0.30,0.40,29.18,17,17,0,0.80,0.80,0.80,28.62,17,17,0,0.19,0.10,0.20,29.04,17,17,0,0.76,0.70,0.80,29.01,17,17,0,509.02,500.60,514.30,24.55,17,0,0
750291,0.32,0.30,0.40,30.50,17,17,0,0.01,-0.10,0.10,28.87,17,17,0,0.38,0.30,0.40,29.17,17,17,0,0.80,0.80,0.80,28.62,17,17,0,0.18,0.10,0.20,29.03,17,17,0,0.78,0.70,0.80,29.03,17,17,0,515.71,509.10,526.20,24.57,17,0,0
750794,0.33,0.30,0.40,30.51,17,17,0,0.06,0.00,0.10,28.87,17,17,0,0.40,0.40,0.40,29.18,17,17,0,0.80,0.80,0.80,28.62,17,17,0,0.17,0.10,0.20,29.02,17,17,0,0.79,0.70,0.80,29.03,17,17,0,517.62,511.80,522.30,24.57,17,0,0
751297,0.33,0.30,0.40,30.50,17,17,0,0.04,0.00,0.10,28.87,17,17,0,0.38,0.30,0.40,29.16,17,17,0,0.80,0.80,0.80,28.63,17,17,0,0.15,0.10,0.20,29.03,17,17,0,0.76,0.70,0.80,29.01,17,17,0,514.53,501.60,523.50,24.57,17,0,0
751801,0.32,0.30,0.40,30.49,17,17,0,0.03,-0.10,0.10,28.86,17,17,0,0.39,0.30,0.40,29.21,17,17,0,0.80,0.70,0.90,28.60,17,17,0,0.19,0.10,0.20,29.02,17,17,0,0.77,0.70,0.80,29.02,17,17,0,505.12,498.70,512.30,24.57,17,0,0
752307,0.34,0.30,0.40,30.50,17,17,0,0.02,-0.10,0.10,28.86,17,17,0,0.38,0.30,0.40,29.17,17,17,0,0.80,0.80,0.80,28.62,17,17,0,0.19,0.10,0.20,29.02,17,17,0,0.77,0.70,0.80,29.02,17,17,0,501.39,493.90,507.50,24.58,17,0,0
752807,0.33,0.30,0.40,30.50,17,17,0,0.02,-0.10,0.10,28.87,17,17,0,0.39,0.30,0.40,29.18,17,17,0,0.80,0.80,0.80,28.63,17,17,0,0.19,0.10,0.20,29.01,17,17,0,0.79,0.70,0.80,29.01,17,17,0,501.54,493.90,506.80,24.57,17,0,0
753308,0.35,0.30,0.40,30.51,17,17,0,0.01,0.00,0.10,28.86,17,17,0,0.37,0.30,0.40,29.20,17,17,0,0.80,0.80,0.80,28.62,17,17,0,0.17,0.10,0.20,29.03,17,17,0,0.78,0.70,0.80,29.02,17,17,0,507.47,499.60,513.20,24.57,17,0,0
753808,0.33,0.30,0.40,30.51,17,17,0,0.02,-0.10,0.10,28.86,17,17,0,0.36,0.30,0.40,29.19,17,17,0,0.81,0.80,0.90,28.62,17,17,0,0.18,0.10,0.20,29.02,17,17,0,0.76,0.70,0.80,29.02,17,17,0,515.40,510.90,522.80,24.56,17,0,0
754314,0.33,0.30,0.40,30.51,17,17,0,0.02,0.00,0.10,28.87,17,17,0,0.38,0.30,0.40,29.19,17,17,0,0.80,0.80,0.80,28.63,17,17,0,0.18,0.10,0.20,29.04,17,17,0,0.77,0.70,0.80,29.01,17,17,0,520.12,511.20,526.10,24.58,17,0,0
754814,0.34,0.30,0.40,30.50,17,17,0,0.02,0.00,0.10,28.87,17,17,0,0.38,0.30,0.40,29.18,17,17,0,0.80,0.80,0.80,28.62,17,17,0,0.18,0.10,0.20,29.03,17,17,0,0.75,0.70,0.80,29.01,17,17,0,522.55,517.00,527.50,24.57,17,0,0
755314,0.32,0.30,0.40,30.50,17,17,0,0.02,-0.10,0.10,28.85,17,17,0,0.39,0.30,0.40,29.18,17,17,0,0.80,0.80,0.80,28.63,17,17,0,0.18,0.10,0.20,29.02,17,17,0,0.77,0.70,0.80,29.00,17,17,0,513.73,508.10,519.90,24.56,17,0,0
755814,0.34,0.30,0.40,30.50,17,17,0,0.02,0.00,0.10,28.86,17,17,0,0.37,0.30,0.40,29.20,17,17,0,0.80,0.80,0.80,28.62,17,17,0,0.16,0.10,0.20,29.04,17,17,0,0.76,0.70,0.80,29.01,17,17,0,505.79,495.20,518.20,24.57,17,0,0
756317,0.35,0.30,0.40,30.50,17,17,0,0.03,0.00,0.10,28.85,17,17,0,0.39,0.30,0.40,29.20,17,17,0,0.80,0.80,0.80,28.64,17,17,0,0.16,0.10,0.20,29.04,17,17,0,0.79,0.70,0.80,29.02,17,17,0,501.65,490.90,511.90,24.57,17,0,0
756817,0.33,0.30,0.40,30.50,16,16,0,0.02,0.00,0.10,28.86,16,16,0,0.38,0.30,0.40,29.19,16,16,0,0.80,0.80,0.80,28.63,16,16,0,0.19,0.10,0.20,29.04,16,16,0,0.77,0.70,0.80,29.02,16,16,0,505.84,498.40,517.40,24.57,16,0,0
757317,0.33,0.30,0.40,30.50,17,17,0,0.04,0.00,0.10,28.86,17,17,0,0.39,0.30,0.40,29.18,17,17,0,0.80,0.80,0.80,28.65,17,17,0,0.19,0.10,0.20,29.01,17,17,0,0.78,0.70,0.80,29.01,17,17,0,513.38,502.50,522.80,24.55,17,0,0
757818,0.32,0.30,0.40,30.50,17,17,0,0.02,-0.10,0.10,28.87,17,17,0,0.38,0.30,0.40,29.20,17,17,0,0.80,0.80,0.80,28.60,17,17,0,0.18,0.10,0.20,29.04,17,17,0,0.76,0.70,0.80,29.02,17,17,0,519.56,514.30,528.10,24.54,17,0,0
758320,0.34,0.30,0.40,30.52,17,17,0,0.04,0.00,0.10,28.86,17,17,0,0.38,0.30,0.40,29.18,17,17,0,0.80,0.80,0.80,28.62,17,17,0,0.18,0.10,0.20,29.01,17,17,0,0.76,0.70,0.80,29.03,17,17,0,518.36,511.70,525.70,24.56,17,0,0
758820,0.35,0.30,0.40,30.51,17,17,0,-0.01,-0.10,0.10,28.86,17,17,0,0.40,0.40,0.40,29.19,17,17,0,0.81,0.80,0.90,28.63,17,17,0,0.18,0.10,0.20,29.02,17,17,0,0.78,0.70,0.80,29.01,17,17,0,507.93,499.40,514.50,24.56,17,0,0
759328,0.32,0.30,0.40,30.51,17,17,0,0.04,0.00,0.10,28.88,17,17,0,0.39,0.30,0.40,29.19,17,17,0,0.80,0.80,0.80,28.64,17,17,0,0.19,0.10,0.20,29.02,17,17,0,0.78,0.70,0.80,29.00,17,17,0,501.48,491.70,509.20,24.55,17,0,0
759832,0.33,0.30,0.40,30.52,17,17,0,0.03,0.00,0.10,28.87,17,17,0,0.40,0.40,0.40,29.19,17,17,0,0.80,0.80,0.80,28.62,17,17,0,0.19,0.10,0.20,29.03,17,17,0,0.76,0.70,0.80,29.01,17,17,0,500.98,488.70,511.70,24.56,17,0,0
760338,0.35,0.30,0.40,30.51,17,17,0,0.01,0.00,0.10,28.88,17,17,0,0.39,0.30,0.40,29.19,17,17,0,0.80,0.80,0.80,28.62,17,17,0,0.18,0.10,0.20,29.02,17,17,0,0.75,0.70,0.80,29.03,17,17,0,505.26,495.90,513.40,24.56,17,0,0
760838,0.32,0.30,0.40,30.51,17,17,0,0.04,-0.10,0.10,28.87,17,17,0,0.38,0.30,0.40,29.18,17,17,0,0.80,0.80,0.80,28.63,17,17,0,0.18,0.10,0.20,29.04,17,17,0,0.78,0.70,0.80,29.02,17,17,0,511.32,506.20,517.90,24.55,17,0,0
761338,0.34,0.30,0.40,30.49,17,17,0,0.02,0.00,0.10,28.86,17,17,0,0.36,0.30,0.40,29.18,17,17,0,0.79,0.70,0.80,28.62,17,17,0,0.19,0.10,0.20,29.03,17,17,0,0.78,0.70,0.80,29.01,17,17,0,516.32,510.70,523.00,24.55,17,0,0
761838,0.34,0.30,0.40,30.51,17,17,0,0.02,-0.10,0.10,28.86,17,17,0,0.39,0.30,0.40,29.17,17,17,0,0.80,0.80,0.80,28.62,17,17,0,0.18,0.10,0.20,29.03,17,17,0,0.78,0.70,0.80,29.01,17,17,0,516.60,510.90,523.00,24.54,17,0,0
762338,0.32,0.30,0.40,30.50,17,17,0,0.02,-0.10,0.10,28.87,17,17,0,0.38,0.30,0.40,29.19,17,17,0,0.81,0.80,0.90,28.62,17,17,0,0.18,0.10,0.20,29.01,17,17,0,0.76,0.70,0.80,29.02,17,17,0,508.35,504.00,515.50,24.55,17,0,0
762838,0.33,0.30,0.40,30.50,17,17,0,0.03,-0.10,0.10,28.85,17,17,0,0.37,0.30,0.40,29.18,17,17,0,0.79,0.70,0.80,28.61,17,17,0,0.18,0.10,0.20,29.04,17,17,0,0.78,0.70,0.80,29.03,17,17,0,503.38,499.10,507.10,24.55,17,0,0
763338,0.34,0.30,0.40,30.51,17,17,0,0.02,-0.10,0.10,28.87,17,17,0,0.38,0.30,0.40,29.18,17,17,0,0.80,0.80,0.80,28.64,17,17,0,0.19,0.10,0.20,29.03,17,17,0,0.77,0.70,0.80,29.01,17,17,0,500.43,493.20,506.90,24.55,17,0,0
763842,0.32,0.30,0.40,30.49,17,17,0,0.05,-0.10,0.10,28.85,17,17,0,0.39,0.30,0.40,29.18,17,17,0,0.80,0.80,0.80,28.62,17,17,0,0.18,0.10,0.20,29.01,17,17,0,0.78,0.70,0.80,29.02,17,17,0,504.44,499.80,511.90,24.56,17,0,0
764342,0.34,0.30,0.40,30.51,17,17,0,0.02,0.00,0.10,28.86,17,17,0,0.39,0.30,0.40,29.19,17,17,0,0.80,0.80,0.80,28.63,17,17,0,0.18,0.10,0.20,29.01,17,17,0,0.77,0.70,0.80,29.03,17,17,0,511.87,506.10,518.40,24.56,17,0,0
764842,0.33,0.30,0.40,30.52,17,17,0,0.03,-0.10,0.10,28.87,17,17,0,0.39,0.30,0.40,29.20,17,17,0,0.80,0.80,0.80,28.61,17,17,0,0.19,0.10,0.20,29.03,17,17,0,0.77,0.70,0.80,29.00,17,17,0,518.15,513.80,525.50,24.55,17,0,0
765342,0.35,0.30,0.40,30.50,17,17,0,0.00,-0.10,0.10,28.87,17,17,0,0.36,0.30,0.40,29.20,17,17,0,0.80,0.80,0.80,28.62,17,17,0,0.19,0.10,0.20,29.01,17,17,0,0.78,0.70,0.80,29.00,17,17,0,517.31,510.20,522.40,24.55,17,0,0
765842,0.36,0.30,0.40,30.50,17,17,0,0.01,-0.10,0.10,28.85,17,17,0,0.39,0.30,0.40,29.18,17,17,0,0.80,0.80,0.80,28.61,17,17,0,0.20,0.10,0.30,29.03,17,17,0,0.76,0.70,0.80,29.01,17,17,0,510.50,501.80,520.50,24.54,17,0,0
766343,0.34,0.30,0.40,30.51,17,17,0,0.02,-0.10,0.10,28.86,17,17,0,0.37,0.30,0.40,29.21,17,17,0,0.80,0.80,0.80,28.62,17,17,0,0.18,0.10,0.20,29.03,17,17,0,0.78,0.70,0.80,29.02,17,17,0,505.56,501.10,512.20,24.53,17,0,0
766847,0.34,0.30,0.40,30.51,17,17,0,-0.01,-0.10,0.10,28.86,17,17,0,0.39,0.30,0.40,29.20,17,17,0,0.80,0.80,0.80,28.62,17,17,0,0.18,0.10,0.20,29.02,17,17,0,0.78,0.70,0.80,29.03,17,17,0,504.24,497.60,510.70,24.57,17,0,0
767355,0.34,0.30,0.40,30.51,17,17,0,0.02,-0.10,0.10,28.86,17,17,0,0.39,0.30,0.40,29.18,17,17,0,0.81,0.80,0.90,28.62,17,17,0,0.18,0.10,0.20,29.02,17,17,0,0.76,0.70,0.80,29.01,17,17,0,508.34,501.30,519.40,24.55,17,0,0
767859,0.35,0.30,0.40,30.50,17,17,0,0.02,-0.10,0.10,28.85,17,17,0,0.38,0.30,0.40,29.19,17,17,0,0.79,0.70,0.80,28.62,17,17,0,0.18,0.10,0.20,29.02,17,17,0,0.76,0.70,0.80,29.01,17,17,0,513.38,507.20,519.80,24.55,17,0,0
768359,0.35,0.30,0.40,30.51,17,17,0,0.04,0.00,0.10,28.85,17,17,0,0.38,0.30,0.40,29.19,17,17,0,0.80,0.80,0.80,28.62,17,17,0,0.19,0.10,0.20,29.02,17,17,0,0.78,0.70,0.80,29.00,17,17,0,519.64,516.20,524.50,24.56,17,0,0
768859,0.34,0.30,0.40,30.52,17,17,0,0.01,-0.10,0.10,28.86,17,17,0,0.39,0.30,0.40,29.20,17,17,0,0.80,0.80,0.80,28.62,17,17,0,0.18,0.10,0.20,29.04,17,17,0,0.75,0.70,0.80,29.01,17,17,0,518.31,509.70,524.30,24.53,17,0,0
769362,0.32,0.30,0.40,30.51,17,17,0,0.04,0.00,0.10,28.86,17,17,0,0.38,0.30,0.40,29.18,17,17,0,0.80,0.80,0.80,28.62,17,17,0,0.19,0.10,0.20,29.02,17,17,0,0.77,0.70,0.80,29.01,17,17,0,513.63,507.40,520.10,24.56,17,0,0
769869,0.32,0.30,0.40,30.52,17,17,0,0.02,-0.10,0.10,28.86,17,17,0,0.38,0.30,0.40,29.19,17,17,0,0.80,0.80,0.80,28.61,17,17,0,0.19,0.10,0.20,29.02,17,17,0,0.77,0.70,0.80,29.01,17,17,0,510.97,504.30,520.60,24.54,17,0,0
770369,0.33,0.30,0.40,30.51,17,17,0,0.05,0.00,0.10,28.87,17,17,0,0.39,0.30,0.40,29.18,17,17,0,0.80,0.80,0.80,28.61,17,17,0,0.18,0.10,0.20,29.03,17,17,0,0.77,0.70,0.80,29.01,17,17,0,511.78,506.80,518.10,24.56,17,0,0
770872,0.34,0.30,0.40,30.51,17,17,0,0.05,0.00,0.10,28.85,17,17,0,0.37,0.30,0.40,29.21,17,17,0,0.80,0.80,0.80,28.62,17,17,0,0.19,0.10,0.20,29.04,17,17,0,0.79,0.70,0.80,29.02,17,17,0,515.46,509.50,520.60,24.54,17,0,0
771372,0.32,0.30,0.40,30.50,17,17,0,0.00,-0.10,0.10,28.87,17,17,0,0.39,0.30,0.40,29.18,17,17,0,0.80,0.80,0.80,28.62,17,17,0,0.18,0.10,0.20,29.02,17,17,0,0.77,0.70,0.80,29.00,17,17,0,519.24,511.40,528.40,24.53,17,0,0
771875,0.35,0.30,0.40,30.52,17,17,0,0.04,0.00,0.10,28.88,17,17,0,0.37,0.30,0.40,29.18,17,17,0,0.80,0.70,0.90,28.63,17,17,0,0.19,0.10,0.20,29.03,17,17,0,0.78,0.70,0.80,29.01,17,17,0,525.89,514.80,534.50,24.55,17,0,0
772387,0.35,0.30,0.40,30.50,17,17,0,0.04,-0.10,0.10,28.87,17,17,0,0.37,0.30,0.40,29.21,17,17,0,0.80,0.70,0.90,28.61,17,17,0,0.18,0.10,0.20,29.03,17,17,0,0.78,0.70,0.80,29.00,17,17,0,523.55,510.70,533.20,24.56,17,0,0
772891,0.35,0.30,0.40,30.50,17,17,0,0.04,0.00,0.10,28.85,17,17,0,0.38,0.30,0.40,29.20,17,17,0,0.80,0.80,0.80,28.62,17,17,0,0.19,0.10,0.20,29.03,17,17,0,0.76,0.70,0.80,29.01,17,17,0,523.30,511.60,532.60,24.53,17,0,0
773398,0.34,0.30,0.40,30.51,17,17,0,0.04,0.00,0.10,28.88,17,17,0,0.36,0.30,0.40,29.18,17,17,0,0.81,0.80,0.90,28.62,17,17,0,0.18,0.10,0.20,29.02,17,17,0,0.78,0.70,0.80,29.00,17,17,0,521.94,514.10,530.10,24.54,17,0,0
773901,0.33,0.30,0.40,30.52,17,17,0,0.02,0.00,0.10,28.87,17,17,0,0.38,0.30,0.40,29.19,17,17,0,0.81,0.80,0.90,28.62,17,17,0,0.19,0.10,0.20,29.03,17,17,0,0.77,0.70,0.80,29.01,17,17,0,522.85,515.90,530.20,24.52,17,0,0
774407,0.33,0.30,0.40,30.52,17,17,0,0.05,-0.10,0.10,28.86,17,17,0,0.39,0.30,0.40,29.19,17,17,0,0.79,0.70,0.80,28.63,17,17,0,0.19,0.10,0.20,29.01,17,17,0,0.78,0.70,0.80,29.01,17,17,0,526.94,513.30,543.20,24.54,17,0,0
774907,0.32,0.30,0.40,30.51,17,17,0,0.02,-0.10,0.10,28.85,17,17,0,0.38,0.30,0.40,29.20,17,17,0,0.80,0.80,0.80,28.60,17,17,0,0.20,0.20,0.20,29.02,17,17,0,0.77,0.70,0.80,29.01,17,17,0,530.88,512.90,549.60,24.54,17,0,0
775407,0.34,0.30,0.40,30.52,17,17,0,0.04,-0.10,0.10,28.87,17,17,0,0.39,0.30,0.40,29.19,17,17,0,0.80,0.80,0.80,28.61,17,17,0,0.18,0.10,0.20,29.01,17,17,0,0.76,0.70,0.80,29.01,17,17,0,537.51,530.30,543.40,24.53,17,0,0
775907,0.31,0.30,0.40,30.50,16,16,0,0.04,0.00,0.10,28.87,16,16,0,0.38,0.30,0.40,29.19,16,16,0,0.80,0.80,0.80,28.63,16,16,0,0.18,0.10,0.20,29.03,16,16,0,0.78,0.70,0.80,29.01,16,16,0,536.17,530.90,541.40,24.53,16,0,0
776410,0.35,0.30,0.40,30.51,17,17,0,0.02,-0.10,0.10,28.86,17,17,0,0.37,0.30,0.40,29.21,17,17,0,0.81,0.70,0.90,28.63,17,17,0,0.18,0.10,0.20,28.99,17,17,0,0.78,0.70,0.80,29.02,17,17,0,534.92,529.00,542.10,24.54,17,0,0
776919,0.32,0.30,0.40,30.51,17,17,0,-0.01,-0.10,0.10,28.87,17,17,0,0.39,0.30,0.40,29.20,17,17,0,0.80,0.80,0.80,28.61,17,17,0,0.19,0.10,0.20,29.02,17,17,0,0.76,0.70,0.80,29.00,17,17,0,532.62,529.10,537.30,24.52,17,0,0
777429,0.33,0.30,0.40,30.51,17,17,0,0.04,0.00,0.10,28.87,17,17,0,0.37,0.30,0.40,29.18,17,17,0,0.79,0.70,0.80,28.63,17,17,0,0.19,0.10,0.20,29.01,17,17,0,0.76,0.70,0.80,29.01,17,17,0,533.79,529.10,540.80,24.52,17,0,0
777933,0.34,0.30,0.40,30.52,17,17,0,0.04,0.00,0.10,28.87,17,17,0,0.38,0.30,0.40,29.19,17,17,0,0.80,0.80,0.80,28.61,17,17,0,0.18,0.10,0.20,29.02,17,17,0,0.78,0.70,0.80,29.03,17,17,0,535.78,530.60,545.00,24.52,17,0,0
778439,0.35,0.30,0.40,30.52,17,17,0,0.01,-0.10,0.10,28.89,17,17,0,0.38,0.30,0.40,29.21,17,17,0,0.79,0.70,0.80,28.62,17,17,0,0.19,0.10,0.20,29.01,17,17,0,0.77,0.70,0.80,29.00,17,17,0,538.22,532.90,544.70,24.53,17,0,0
778943,0.35,0.30,0.40,30.51,17,17,0,0.01,-0.10,0.10,28.88,17,17,0,0.38,0.30,0.40,29.20,17,17,0,0.80,0.80,0.80,28.63,17,17,0,0.19,0.10,0.20,29.01,17,17,0,0.75,0.70,0.80,29.01,17,17,0,546.61,542.50,554.40,24.53,17,0,0
779445,0.34,0.30,0.40,30.51,17,17,0,0.01,-0.10,0.10,28.86,17,17,0,0.40,0.40,0.40,29.21,17,17,0,0.80,0.80,0.80,28.61,17,17,0,0.18,0.10,0.20,29.02,17,17,0,0.79,0.70,0.80,29.02,17,17,0,545.56,539.50,551.70,24.53,17,0,0
779945,0.36,0.30,0.40,30.51,17,17,0,0.04,0.00,0.10,28.88,17,17,0,0.38,0.30,0.40,29.20,17,17,0,0.80,0.80,0.80,28.61,17,17,0,0.19,0.10,0.20,29.02,17,17,0,0.77,0.70,0.80,29.01,17,17,0,545.39,538.70,552.80,24.52,17,0,0
780457,0.33,0.30,0.40,30.51,17,17,0,0.01,-0.10,0.10,28.86,17,17,0,0.40,0.40,0.40,29.19,17,17,0,0.80,0.80,0.80,28.62,17,17,0,0.19,0.10,0.20,29.01,17,17,0,0.76,0.70,0.80,29.03,17,17,0,540.99,536.80,545.00,24.48,17,0,0
780960,0.35,0.30,0.40,30.51,17,17,0,0.03,-0.10,0.10,28.87,17,17,0,0.39,0.30,0.40,29.17,17,17,0,0.79,0.70,0.80,28.62,17,17,0,0.18,0.10,0.20,29.02,17,17,0,0.76,0.70,0.80,29.02,17,17,0,542.77,538.10,546.90,24.50,17,0,0
781460,0.34,0.30,0.40,30.51,17,17,0,0.03,0.00,0.10,28.86,17,17,0,0.37,0.30,0.40,29.19,17,17,0,0.80,0.80,0.80,28.63,17,17,0,0.19,0.10,0.20,29.01,17,17,0,0.76,0.70,0.80,29.01,17,17,0,546.43,541.10,550.60,24.51,17,0,0
781961,0.33,0.30,0.40,30.50,17,17,0,0.02,-0.10,0.10,28.85,17,17,0,0.38,0.30,0.40,29.20,17,17,0,0.80,0.80,0.80,28.60,17,17,0,0.18,0.10,0.20,29.03,17,17,0,0.78,0.70,0.80,29.01,17,17,0,548.35,545.50,553.30,24.53,17,0,0
782463,0.33,0.30,0.40,30.52,17,17,0,0.03,0.00,0.10,28.86,17,17,0,0.39,0.30,0.40,29.20,17,17,0,0.80,0.80,0.80,28.61,17,17,0,0.18,0.10,0.20,29.02,17,17,0,0.78,0.70,0.80,29.02,17,17,0,555.11,551.40,559.20,24.51,17,0,0
782963,0.33,0.30,0.40,30.50,17,17,0,0.01,-0.10,0.10,28.87,17,17,0,0.38,0.30,0.40,29.20,17,17,0,0.80,0.80,0.80,28.63,17,17,0,0.19,0.10,0.20,29.03,17,17,0,0.78,0.70,0.80,29.01,17,17,0,552.57,549.70,559.00,24.52,17,0,0
783463,0.35,0.30,0.40,30.51,17,17,0,0.02,-0.10,0.10,28.87,17,17,0,0.38,0.30,0.40,29.19,17,17,0,0.80,0.80,0.80,28.62,17,17,0,0.17,0.10,0.20,29.02,17,17,0,0.79,0.70,0.80,29.02,17,17,0,552.14,537.70,561.40,24.53,17,0,0
783966,0.33,0.30,0.40,30.50,17,17,0,0.02,-0.10,0.10,28.87,17,17,0,0.37,0.30,0.40,29.20,17,17,0,0.80,0.80,0.80,28.64,17,17,0,0.19,0.10,0.20,29.03,17,17,0,0.76,0.70,0.80,29.01,17,17,0,549.91,546.90,555.40,24.49,17,0,0
784468,0.32,0.30,0.40,30.51,17,17,0,0.03,0.00,0.10,28.86,17,17,0,0.39,0.30,0.40,29.20,17,17,0,0.80,0.80,0.80,28.62,17,17,0,0.18,0.10,0.20,29.02,17,17,0,0.78,0.70,0.80,29.01,17,17,0,548.69,541.70,553.40,24.50,17,0,0
784968,0.35,0.30,0.40,30.49,17,17,0,0.03,-0.10,0.10,28.87,17,17,0,0.38,0.30,0.40,29.20,17,17,0,0.80,0.80,0.80,28.63,17,17,0,0.17,0.10,0.20,29.01,17,17,0,0.78,0.70,0.80,29.03,17,17,0,550.82,546.20,557.30,24.52,17,0,0
785475,0.34,0.30,0.40,30.51,17,17,0,0.02,-0.10,0.10,28.86,17,17,0,0.38,0.30,0.40,29.19,17,17,0,0.81,0.80,0.90,28.63,17,17,0,0.19,0.10,0.20,29.01,17,17,0,0.78,0.70,0.80,29.01,17,17,0,552.01,546.60,556.90,24.50,17,0,0
785979,0.34,0.30,0.40,30.52,17,17,0,0.02,0.00,0.10,28.87,17,17,0,0.39,0.30,0.40,29.21,17,17,0,0.80,0.80,0.80,28.60,17,17,0,0.20,0.20,0.20,29.02,17,17,0,0.76,0.70,0.80,29.01,17,17,0,555.89,550.70,559.90,24.50,17,0,0
786485,0.34,0.30,0.40,30.51,17,17,0,0.03,0.00,0.10,28.86,17,17,0,0.38,0.30,0.40,29.21,17,17,0,0.80,0.80,0.80,28.63,17,17,0,0.19,0.10,0.20,29.01,17,17,0,0.77,0.70,0.80,29.01,17,17,0,554.55,545.40,558.50,24.51,17,0,0
786985,0.34,0.30,0.40,30.50,17,17,0,0.04,0.00,0.10,28.86,17,17,0,0.38,0.30,0.40,29.21,17,17,0,0.81,0.80,0.90,28.63,17,17,0,0.18,0.10,0.20,29.02,17,17,0,0.78,0.70,0.80,29.01,17,17,0,550.92,544.90,558.70,24.52,17,0,0
787486,0.34,0.30,0.40,30.52,17,17,0,0.03,0.00,0.10,28.85,17,17,0,0.40,0.40,0.40,29.19,17,17,0,0.80,0.80,0.80,28.63,17,17,0,0.18,0.10,0.20,29.03,17,17,0,0.76,0.70,0.80,28.99,17,17,0,543.65,538.50,548.30,24.51,17,0,0
787986,0.31,0.30,0.40,30.53,17,17,0,0.04,0.00,0.10,28.87,17,17,0,0.38,0.30,0.40,29.20,17,17,0,0.80,0.80,0.80,28.63,17,17,0,0.20,0.20,0.20,29.02,17,17,0,0.78,0.70,0.80,29.02,17,17,0,541.81,536.40,547.10,24.50,17,0,0
788488,0.35,0.30,0.40,30.52,17,17,0,0.02,0.00,0.10,28.86,17,17,0,0.38,0.30,0.40,29.20,17,17,0,0.80,0.80,0.80,28.63,17,17,0,0.18,0.10,0.20,29.02,17,17,0,0.76,0.70,0.80,29.02,17,17,0,545.71,540.90,553.60,24.50,17,0,0
788989,0.33,0.30,0.40,30.51,17,17,0,0.02,0.00,0.10,28.88,17,17,0,0.38,0.30,0.40,29.20,17,17,0,0.80,0.80,0.80,28.63,17,17,0,0.19,0.10,0.20,29.02,17,17,0,0.79,0.70,0.80,29.01,17,17,0,546.70,538.90,556.60,24.51,17,0,0
789489,0.35,0.30,0.40,30.51,17,17,0,0.04,0.00,0.10,28.86,17,17,0,0.38,0.30,0.40,29.19,17,17,0,0.80,0.80,0.80,28.65,17,17,0,0.18,0.10,0.20,29.01,17,17,0,0.76,0.70,0.80,29.02,17,17,0,552.51,545.30,560.00,24.50,17,0,0
789990,0.33,0.30,0.40,30.50,17,17,0,0.02,0.00,0.10,28.86,17,17,0,0.39,0.30,0.40,29.20,17,17,0,0.80,0.80,0.80,28.62,17,17,0,0.19,0.10,0.20,29.03,17,17,0,0.79,0.70,0.80,29.01,17,17,0,550.05,545.90,558.00,24.51,17,0,0
790493,0.35,0.30,0.40,30.51,17,17,0,0.04,-0.10,0.10,28.87,17,17,0,0.38,0.30,0.40,29.20,17,17,0,0.80,0.80,0.80,28.63,17,17,0,0.19,0.10,0.20,29.00,17,17,0,0.78,0.70,0.80,29.02,17,17,0,544.48,539.40,553.20,24.52,17,0,0
790993,0.32,0.30,0.40,30.51,17,17,0,0.02,0.00,0.10,28.87,17,17,0,0.39,0.30,0.40,29.20,17,17,0,0.80,0.80,0.80,28.62,17,17,0,0.18,0.10,0.20,29.01,17,17,0,0.77,0.70,0.80,29.02,17,17,0,537.93,534.20,541.60,24.50,17,0,0
791495,0.34,0.30,0.40,30.51,17,17,0,0.02,0.00,0.10,28.85,17,17,0,0.39,0.30,0.40,29.21,17,17,0,0.80,0.80,0.80,28.61,17,17,0,0.19,0.10,0.20,29.02,17,17,0,0.76,0.70,0.80,29.00,17,17,0,536.99,532.20,542.30,24.52,17,0,0
791995,0.35,0.30,0.40,30.51,17,17,0,0.03,-0.10,0.10,28.87,17,17,0,0.38,0.30,0.40,29.19,17,17,0,0.80,0.80,0.80,28.63,17,17,0,0.19,0.10,0.20,29.01,17,17,0,0.76,0.70,0.80,29.01,17,17,0,538.52,533.80,545.10,24.52,17,0,0
792507,0.33,0.30,0.40,30.51,17,17,0,0.02,0.00,0.10,28.87,17,17,0,0.39,0.30,0.40,29.20,17,17,0,0.80,0.80,0.80,28.61,17,17,0,0.19,0.10,0.20,28.99,17,17,0,0.76,0.70,0.80,29.01,17,17,0,540.14,535.20,544.60,24.51,17,0,0
793010,0.34,0.30,0.40,30.51,17,17,0,0.03,0.00,0.10,28.86,17,17,0,0.39,0.30,0.40,29.20,17,17,0,0.80,0.80,0.80,28.62,17,17,0,0.19,0.10,0.20,29.02,17,17,0,0.78,0.70,0.80,29.01,17,17,0,544.33,536.90,549.50,24.51,17,0,0
793511,0.36,0.30,0.40,30.52,17,17,0,0.02,-0.10,0.10,28.86,17,17,0,0.40,0.40,0.40,29.20,17,17,0,0.80,0.80,0.80,28.64,17,17,0,0.19,0.10,0.20,29.02,17,17,0,0.77,0.70,0.80,29.00,17,17,0,540.02,534.50,544.60,24.51,17,0,0
794015,0.34,0.30,0.40,30.51,17,17,0,0.02,-0.10,0.10,28.88,17,17,0,0.37,0.30,0.40,29.21,17,17,0,0.80,0.80,0.80,28.63,17,17,0,0.19,0.10,0.20,29.01,17,17,0,0.79,0.70,0.80,29.01,17,17,0,534.40,527.80,541.30,24.51,17,0,0
794523,0.34,0.30,0.40,30.51,17,17,0,0.03,0.00,0.10,28.86,17,17,0,0.36,0.30,0.40,29.19,17,17,0,0.80,0.80,0.80,28.63,17,17,0,0.19,0.10,0.20,29.01,17,17,0,0.77,0.70,0.80,29.01,17,17,0,527.53,523.10,531.10,24.53,17,0,0
795023,0.35,0.30,0.40,30.51,16,16,0,0.03,-0.10,0.10,28.86,16,16,0,0.38,0.30,0.40,29.19,16,16,0,0.80,0.80,0.80,28.65,16,16,0,0.17,0.10,0.20,29.03,16,16,0,0.76,0.70,0.80,29.02,16,16,0,525.33,521.10,530.80,24.52,16,0,0
795527,0.33,0.30,0.40,30.51,17,17,0,0.02,0.00,0.10,28.86,17,17,0,0.39,0.30,0.40,29.19,17,17,0,0.80,0.80,0.80,28.63,17,17,0,0.18,0.10,0.20,29.02,17,17,0,0.76,0.70,0.80,29.02,17,17,0,528.69,521.80,536.50,24.51,17,0,0
796034,0.32,0.30,0.40,30.52,17,17,0,0.03,-0.10,0.10,28.87,17,17,0,0.40,0.40,0.40,29.20,17,17,0,0.80,0.80,0.80,28.62,17,17,0,0.18,0.10,0.20,29.00,17,17,0,0.79,0.70,0.80,29.01,17,17,0,531.86,528.00,538.60,24.51,17,0,0
796536,0.34,0.30,0.40,30.51,17,17,0,0.02,-0.10,0.10,28.87,17,17,0,0.38,0.30,0.40,29.19,17,17,0,0.80,0.80,0.80,28.62,17,17,0,0.19,0.10,0.20,29.01,17,17,0,0.76,0.70,0.80,29.01,17,17,0,537.34,528.90,544.40,24.51,17,0,0
797039,0.31,0.30,0.40,30.50,17,17,0,0.03,0.00,0.10,28.86,17,17,0,0.38,0.30,0.40,29.19,17,17,0,0.80,0.80,0.80,28.61,17,17,0,0.18,0.10,0.20,29.01,17,17,0,0.78,0.70,0.80,29.01,17,17,0,531.59,522.60,539.10,24.50,17,0,0
797539,0.33,0.30,0.40,30.49,17,17,0,0.00,-0.10,0.10,28.87,17,17,0,0.38,0.30,0.40,29.21,17,17,0,0.80,0.80,0.80,28.63,17,17,0,0.19,0.10,0.20,29.02,17,17,0,0.77,0.70,0.80,29.01,17,17,0,524.00,514.80,531.50,24.52,17,0,0
798039,0.34,0.30,0.40,30.50,17,17,0,0.03,0.00,0.10,28.86,17,17,0,0.37,0.30,0.40,29.20,17,17,0,0.80,0.80,0.80,28.63,17,17,0,0.19,0.10,0.20,29.00,17,17,0,0.78,0.70,0.80,29.00,17,17,0,517.93,509.10,526.90,24.52,17,0,0
798544,0.32,0.30,0.40,30.51,17,17,0,0.00,-0.10,0.10,28.86,17,17,0,0.39,0.30,0.40,29.20,17,17,0,0.80,0.80,0.80,28.63,17,17,0,0.18,0.10,0.20,29.01,17,17,0,0.77,0.70,0.80,29.02,17,17,0,516.56,510.60,522.00,24.52,17,0,0
799044,0.33,0.30,0.40,30.50,17,17,0,0.03,0.00,0.10,28.87,17,17,0,0.38,0.30,0.40,29.21,17,17,0,0.80,0.80,0.80,28.61,17,17,0,0.18,0.10,0.20,29.00,17,17,0,0.78,0.70,0.80,29.01,17,17,0,519.43,513.80,524.40,24.51,17,0,0
799544,0.32,0.30,0.40,30.51,17,17,0,0.02,0.00,0.10,28.86,17,17,0,0.37,0.30,0.40,29.20,17,17,0,0.79,0.70,0.80,28.64,17,17,0,0.17,0.10,0.20,29.02,17,17,0,0.76,0.70,0.80,29.01,17,17,0,520.79,512.60,534.70,24.52,17,0,0
800044,0.32,0.30,0.40,30.52,17,17,0,0.02,-0.10,0.10,28.86,17,17,0,0.38,0.30,0.40,29.19,17,17,0,0.81,0.80,0.90,28.62,17,17,0,0.18,0.10,0.20,29.03,17,17,0,0.79,0.70,0.80,29.01,17,17,0,529.72,519.40,548.50,24.52,17,0,0
800550,0.35,0.30,0.40,30.51,17,17,0,0.01,-0.10,0.10,28.86,17,17,0,0.38,0.30,0.40,29.21,17,17,0,0.80,0.80,0.80,28.63,17,17,0,0.19,0.10,0.20,29.01,17,17,0,0.76,0.70,0.80,29.01,17,17,0,523.36,514.30,529.80,24.52,17,0,0
801050,0.32,0.30,0.40,30.52,17,17,0,0.05,0.00,0.10,28.86,17,17,0,0.38,0.30,0.40,29.21,17,17,0,0.81,0.80,0.90,28.63,17,17,0,0.19,0.10,0.20,29.01,17,17,0,0.76,0.70,0.80,29.00,17,17,0,518.82,514.60,523.50,24.53,17,0,0
801553,0.32,0.30,0.40,30.51,17,17,0,0.04,-0.10,0.10,28.86,17,17,0,0.38,0.30,0.40,29.20,17,17,0,0.80,0.80,0.80,28.62,17,17,0,0.18,0.10,0.20,29.02,17,17,0,0.76,0.70,0.80,29.00,17,17,0,513.85,509.20,517.20,24.52,17,0,0
802060,0.34,0.30,0.40,30.51,17,17,0,0.02,-0.10,0.10,28.87,17,17,0,0.38,0.30,0.40,29.19,17,17,0,0.80,0.80,0.80,28.61,17,17,0,0.18,0.10,0.20,29.02,17,17,0,0.77,0.70,0.80,29.02,17,17,0,513.96,509.00,518.40,24.50,17,0,0
802562,0.34,0.30,0.40,30.50,17,17,0,0.03,0.00,0.10,28.86,17,17,0,0.36,0.30,0.40,29.20,17,17,0,0.80,0.80,0.80,28.62,17,17,0,0.18,0.10,0.20,29.02,17,17,0,0.79,0.70,0.80,29.00,17,17,0,515.91,503.80,525.10,24.53,17,0,0
803063,0.35,0.30,0.40,30.52,17,17,0,0.01,-0.10,0.10,28.87,17,17,0,0.39,0.30,0.40,29.19,17,17,0,0.80,0.80,0.80,28.62,17,17,0,0.18,0.10,0.20,29.01,17,17,0,0.77,0.70,0.80,28.99,17,17,0,518.24,502.50,533.40,24.52,17,0,0
803563,0.34,0.30,0.40,30.52,17,17,0,0.02,0.00,0.10,28.86,17,17,0,0.38,0.30,0.40,29.20,17,17,0,0.80,0.80,0.80,28.62,17,17,0,0.19,0.10,0.20,29.02,17,17,0,0.76,0.70,0.80,29.01,17,17,0,521.51,513.80,528.00,24.54,17,0,0
804063,0.34,0.30,0.40,30.51,17,17,0,0.01,-0.10,0.10,28.87,17,17,0,0.36,0.30,0.40,29.21,17,17,0,0.80,0.80,0.80,28.62,17,17,0,0.19,0.10,0.20,29.02,17,17,0,0.76,0.70,0.80,29.00,17,17,0,516.80,511.50,521.20,24.52,17,0,0
804571,0.33,0.30,0.40,30.50,17,17,0,0.02,0.00,0.10,28.86,17,17,0,0.36,0.30,0.40,29.20,17,17,0,0.80,0.80,0.80,28.62,17,17,0,0.18,0.10,0.20,29.02,17,17,0,0.77,0.70,0.80,29.01,17,17,0,510.25,504.10,514.80,24.50,17,0,0
805071,0.32,0.30,0.40,30.50,17,17,0,0.04,0.00,0.10,28.86,17,17,0,0.39,0.30,0.40,29.20,17,17,0,0.81,0.80,0.90,28.62,17,17,0,0.19,0.10,0.20,29.02,17,17,0,0.78,0.70,0.80,29.01,17,17,0,506.82,501.30,514.10,24.53,17,0,0
805572,0.34,0.30,0.40,30.51,17,17,0,0.02,-0.10,0.10,28.86,17,17,0,0.35,0.30,0.40,29.20,17,17,0,0.79,0.70,0.80,28.63,17,17,0,0.17,0.10,0.20,29.02,17,17,0,0.77,0.70,0.80,29.01,17,17,0,505.67,500.50,512.10,24.52,17,0,0
806076,0.32,0.30,0.40,30.52,17,17,0,-0.02,-0.10,0.10,28.88,17,17,0,0.36,0.30,0.40,29.19,17,17,0,0.80,0.80,0.80,28.60,17,17,0,0.18,0.10,0.20,29.02,17,17,0,0.78,0.70,0.80,29.01,17,17,0,509.34,502.10,518.10,24.55,17,0,0
806576,0.32,0.30,0.40,30.52,16,16,0,0.03,-0.10,0.10,28.86,16,16,0,0.36,0.30,0.40,29.19,16,16,0,0.80,0.80,0.80,28.60,16,16,0,0.19,0.10,0.20,29.03,16,16,0,0.78,0.70,0.80,29.01,16,16,0,512.61,504.90,519.40,24.52,16,0,0
807080,0.34,0.30,0.40,30.51,17,17,0,0.02,-0.10,0.10,28.86,17,17,0,0.38,0.30,0.40,29.19,17,17,0,0.81,0.80,0.90,28.62,17,17,0,0.19,0.10,0.20,29.02,17,17,0,0.77,0.70,0.80,29.03,17,17,0,517.37,512.50,523.60,24.53,17,0,0
807580,0.35,0.30,0.40,30.51,17,17,0,0.02,-0.10,0.10,28.87,17,17,0,0.37,0.30,0.40,29.20,17,17,0,0.80,0.80,0.80,28.61,17,17,0,0.19,0.10,0.20,29.02,17,17,0,0.77,0.70,0.80,29.01,17,17,0,514.95,507.10,525.40,24.54,17,0,0
808081,0.33,0.30,0.40,30.52,17,17,0,0.02,-0.10,0.10,28.87,17,17,0,0.38,0.30,0.40,29.22,17,17,0,0.80,0.80,0.80,28.60,17,17,0,0.17,0.10,0.20,29.04,17,17,0,0.78,0.70,0.80,29.00,17,17,0,510.52,500.50,516.70,24.52,17,0,0
808581,0.34,0.30,0.40,30.52,17,17,0,0.04,-0.10,0.10,28.85,17,17,0,0.35,0.30,0.40,29.19,17,17,0,0.80,0.80,0.80,28.62,17,17,0,0.19,0.10,0.20,29.03,17,17,0,0.80,0.80,0.80,29.00,17,17,0,503.42,496.70,509.20,24.53,17,0,0
809082,0.35,0.30,0.40,30.51,17,17,0,0.04,0.00,0.10,28.86,17,17,0,0.35,0.30,0.40,29.19,17,17,0,0.80,0.80,0.80,28.61,17,17,0,0.20,0.20,0.20,29.04,17,17,0,0.78,0.70,0.80,29.03,17,17,0,500.60,493.90,507.60,24.51,17,0,0
809586,0.34,0.30,0.40,30.50,17,17,0,0.03,0.00,0.10,28.87,17,17,0,0.35,0.30,0.40,29.21,17,17,0,0.81,0.80,0.90,28.61,17,17,0,0.18,0.10,0.20,29.02,17,17,0,0.77,0.70,0.80,29.01,17,17,0,504.46,498.40,511.80,24.53,17,0,0
810086,0.32,0.30,0.40,30.51,17,17,0,0.01,0.00,0.10,28.88,17,17,0,0.35,0.30,0.40,29.22,17,17,0,0.81,0.80,0.90,28.61,17,17,0,0.19,0.10,0.20,29.03,17,17,0,0.74,0.70,0.80,29.00,17,17,0,510.24,504.00,516.00,24.53,17,0,0
810589,0.37,0.30,0.40,30.51,16,16,0,0.02,0.00,0.10,28.86,16,16,0,0.36,0.30,0.40,29.21,16,16,0,0.81,0.80,0.90,28.61,16,16,0,0.19,0.10,0.20,29.01,16,16,0,0.79,0.70,0.80,29.00,16,16,0,516.26,509.80,520.70,24.54,16,0,0
811098,0.33,0.30,0.40,30.52,17,17,0,0.01,-0.10,0.10,28.87,17,17,0,0.38,0.30,0.40,29.20,17,17,0,0.80,0.80,0.80,28.62,17,17,0,0.19,0.10,0.20,29.04,17,17,0,0.76,0.70,0.80,29.02,17,17,0,515.80,507.50,521.70,24.54,17,0,0
811607,0.35,0.30,0.40,30.52,17,17,0,0.01,0.00,0.10,28.87,17,17,0,0.35,0.30,0.40,29.20,17,17,0,0.81,0.80,0.90,28.61,17,17,0,0.18,0.10,0.20,29.03,17,17,0,0.78,0.70,0.80,29.00,17,17,0,509.45,505.30,516.30,24.51,17,0,0
812111,0.35,0.30,0.40,30.51,17,17,0,0.02,-0.10,0.10,28.89,17,17,0,0.37,0.30,0.40,29.19,17,17,0,0.80,0.80,0.80,28.61,17,17,0,0.18,0.10,0.20,29.03,17,17,0,0.77,0.70,0.80,29.00,17,17,0,505.17,499.00,511.20,24.54,17,0,0
812617,0.33,0.30,0.40,30.51,17,17,0,0.02,-0.10,0.10,28.88,17,17,0,0.36,0.30,0.40,29.20,17,17,0,0.80,0.80,0.80,28.61,17,17,0,0.19,0.10,0.20,29.04,17,17,0,0.77,0.70,0.80,29.01,17,17,0,501.04,496.30,506.50,24.51,17,0,0
813121,0.34,0.30,0.40,30.51,17,17,0,0.02,-0.10,0.10,28.86,17,17,0,0.35,0.30,0.40,29.20,17,17,0,0.80,0.80,0.80,28.63,17,17,0,0.20,0.20,0.20,29.03,17,17,0,0.78,0.70,0.80,29.00,17,17,0,503.14,498.30,510.20,24.52,17,0,0
813621,0.35,0.30,0.40,30.51,16,16,0,0.06,0.00,0.10,28.87,16,16,0,0.35,0.30,0.40,29.22,16,16,0,0.80,0.80,0.80,28.62,16,16,0,0.18,0.10,0.20,29.01,16,16,0,0.78,0.70,0.80,29.01,16,16,0,509.66,502.60,515.60,24.51,16,0,0
814130,0.33,0.30,0.40,30.51,17,17,0,0.05,0.00,0.10,28.85,17,17,0,0.37,0.30,0.40,29.21,17,17,0,0.80,0.80,0.80,28.60,17,17,0,0.19,0.10,0.20,29.02,17,17,0,0.78,0.70,0.80,29.01,17,17,0,515.76,509.30,522.20,24.55,17,0,0
814634,0.34,0.30,0.40,30.51,17,17,0,0.01,-0.10,0.10,28.87,17,17,0,0.38,0.30,0.40,29.19,17,17,0,0.79,0.70,0.80,28.62,17,17,0,0.19,0.10,0.20,29.05,17,17,0,0.78,0.70,0.80,29.02,17,17,0,518.57,506.80,527.30,24.53,17,0,0
815142,0.32,0.30,0.40,30.50,17,17,0,0.03,-0.10,0.10,28.87,17,17,0,0.32,0.30,0.40,29.21,17,17,0,0.80,0.80,0.80,28.61,17,17,0,0.19,0.10,0.20,29.03,17,17,0,0.76,0.70,0.80,29.01,17,17,0,510.02,501.50,520.90,24.51,17,0,0
815646,0.32,0.30,0.40,30.51,17,17,0,0.01,-0.10,0.10,28.86,17,17,0,0.34,0.30,0.40,29.19,17,17,0,0.81,0.80,0.90,28.61,17,17,0,0.19,0.10,0.20,29.03,17,17,0,0.76,0.70,0.80,29.01,17,17,0,505.12,499.80,509.90,24.51,17,0,0
816147,0.33,0.30,0.40,30.50,17,17,0,0.02,-0.10,0.10,28.87,17,17,0,0.36,0.30,0.40,29.20,17,17,0,0.80,0.80,0.80,28.63,17,17,0,0.16,0.10,0.20,29.04,17,17,0,0.79,0.70,0.80,29.02,17,17,0,503.37,498.40,509.80,24.53,17,0,0
816655,0.32,0.30,0.40,30.51,17,17,0,0.01,-0.10,0.10,28.87,17,17,0,0.36,0.30,0.40,29.22,17,17,0,0.79,0.70,0.80,28.62,17,17,0,0.17,0.10,0.20,29.03,17,17,0,0.78,0.70,0.80,29.02,17,17,0,504.09,500.30,508.90,24.52,17,0,0
817155,0.33,0.30,0.40,30.50,17,17,0,0.02,-0.10,0.10,28.87,17,17,0,0.36,0.30,0.40,29.20,17,17,0,0.80,0.80,0.80,28.61,17,17,0,0.19,0.10,0.20,29.03,17,17,0,0.78,0.70,0.80,28.99,17,17,0,512.37,503.90,520.20,24.53,17,0,0
817658,0.33,0.30,0.40,30.51,17,17,0,0.03,0.00,0.10,28.87,17,17,0,0.38,0.30,0.40,29.21,17,17,0,0.80,0.80,0.80,28.61,17,17,0,0.19,0.10,0.20,29.01,17,17,0,0.78,0.70,0.80,29.01,17,17,0,517.82,509.50,524.80,24.51,17,0,0
818158,0.33,0.30,0.40,30.50,17,17,0,0.00,-0.10,0.10,28.87,17,17,0,0.38,0.30,0.40,29.20,17,17,0,0.80,0.80,0.80,28.62,17,17,0,0.18,0.10,0.20,29.03,17,17,0,0.78,0.70,0.80,29.01,17,17,0,519.80,510.80,528.50,24.53,17,0,0
818664,0.34,0.30,0.40,30.51,17,17,0,0.03,-0.10,0.10,28.87,17,17,0,0.37,0.30,0.40,29.19,17,17,0,0.80,0.80,0.80,28.61,17,17,0,0.18,0.10,0.20,29.02,17,17,0,0.77,0.70,0.80,29.00,17,17,0,509.78,500.40,518.80,24.51,17,0,0
819164,0.34,0.30,0.40,30.50,17,17,0,0.02,-0.10,0.10,28.88,17,17,0,0.36,0.30,0.40,29.21,17,17,0,0.81,0.80,0.90,28.61,17,17,0,0.18,0.10,0.20,29.02,17,17,0,0.76,0.70,0.80,29.02,17,17,0,504.73,496.40,513.10,24.53,17,0,0
819665,0.32,0.30,0.40,30.51,17,17,0,0.03,-0.10,0.10,28.86,17,17,0,0.35,0.30,0.40,29.18,17,17,0,0.80,0.70,0.90,28.62,17,17,0,0.20,0.20,0.20,29.04,17,17,0,0.78,0.70,0.80,29.02,17,17,0,504.06,498.10,510.50,24.52,17,0,0
820165,0.35,0.30,0.40,30.50,17,17,0,0.01,-0.10,0.10,28.88,17,17,0,0.35,0.30,0.40,29.21,17,17,0,0.80,0.80,0.80,28.62,17,17,0,0.18,0.10,0.20,29.03,17,17,0,0.79,0.70,0.80,29.00,17,17,0,506.02,498.20,515.60,24.53,17,0,0
820674,0.32,0.30,0.40,30.52,17,17,0,0.02,-0.10,0.10,28.89,17,17,0,0.33,0.30,0.40,29.20,17,17,0,0.79,0.70,0.80,28.61,17,17,0,0.18,0.10,0.20,29.03,17,17,0,0.78,0.70,0.80,29.02,17,17,0,512.88,505.40,522.60,24.51,17,0,0
821182,0.34,0.30,0.40,30.51,17,17,0,0.02,-0.10,0.10,28.87,17,17,0,0.36,0.30,0.40,29.20,17,17,0,0.80,0.80,0.80,28.61,17,17,0,0.19,0.10,0.20,29.03,17,17,0,0.77,0.70,0.80,29.00,17,17,0,517.38,512.40,522.00,24.51,17,0,0
821685,0.34,0.30,0.40,30.51,17,17,0,0.02,-0.10,0.10,28.86,17,17,0,0.37,0.30,0.40,29.20,17,17,0,0.79,0.70,0.80,28.61,17,17,0,0.17,0.10,0.20,29.02,17,17,0,0.76,0.70,0.80,29.00,17,17,0,518.59,511.70,525.70,24.50,17,0,0
822186,0.32,0.30,0.40,30.51,17,17,0,0.01,-0.10,0.10,28.88,17,17,0,0.36,0.30,0.40,29.20,17,17,0,0.81,0.80,0.90,28.61,17,17,0,0.16,0.10,0.20,29.01,17,17,0,0.78,0.70,0.80,29.01,17,17,0,511.18,500.20,519.00,24.53,17,0,0
822688,0.32,0.30,0.40,30.51,17,17,0,0.00,-0.10,0.10,28.88,17,17,0,0.38,0.30,0.40,29.20,17,17,0,0.80,0.80,0.80,28.60,17,17,0,0.18,0.10,0.20,29.03,17,17,0,0.75,0.70,0.80,29.02,17,17,0,502.67,492.70,512.50,24.52,17,0,0
823195,0.32,0.30,0.40,30.51,17,17,0,0.04,0.00,0.10,28.88,17,17,0,0.36,0.30,0.40,29.18,17,17,0,0.79,0.70,0.80,28.60,17,17,0,0.17,0.10,0.20,29.04,17,17,0,0.76,0.70,0.80,29.01,17,17,0,501.92,494.70,512.80,24.50,17,0,0
823706,0.34,0.30,0.40,30.51,17,17,0,0.01,-0.10,0.10,28.87,17,17,0,0.36,0.30,0.40,29.21,17,17,0,0.81,0.80,0.90,28.60,17,17,0,0.18,0.10,0.30,29.01,17,17,0,0.79,0.70,0.80,29.00,17,17,0,504.75,495.50,519.60,24.51,17,0,0
824206,0.32,0.30,0.40,30.51,17,17,0,0.03,0.00,0.10,28.87,17,17,0,0.38,0.30,0.40,29.22,17,17,0,0.80,0.80,0.80,28.60,17,17,0,0.19,0.10,0.20,29.04,17,17,0,0.77,0.70,0.80,29.01,17,17,0,511.77,504.70,521.80,24.50,17,0,0
824713,0.32,0.30,0.40,30.51,17,17,0,0.02,-0.10,0.10,28.87,17,17,0,0.37,0.30,0.40,29.19,17,17,0,0.80,0.80,0.80,28.60,17,17,0,0.18,0.10,0.20,29.03,17,17,0,0.77,0.70,0.80,29.01,17,17,0,516.94,510.90,523.80,24.52,17,0,0
825213,0.32,0.30,0.40,30.52,17,17,0,0.04,-0.10,0.10,28.87,17,17,0,0.38,0.30,0.40,29.20,17,17,0,0.80,0.80,0.80,28.60,17,17,0,0.19,0.10,0.20,29.03,17,17,0,0.75,0.70,0.80,29.00,17,17,0,520.00,515.10,525.80,24.51,17,0,0
825720,0.34,0.30,0.40,30.52,17,17,0,0.03,-0.10,0.10,28.87,17,17,0,0.37,0.30,0.40,29.19,17,17,0,0.81,0.80,0.90,28.61,17,17,0,0.18,0.10,0.20,29.04,17,17,0,0.77,0.70,0.80,29.00,17,17,0,514.19,507.30,524.30,24.49,17,0,0
826223,0.35,0.30,0.40,30.51,17,17,0,0.03,-0.10,0.10,28.85,17,17,0,0.36,0.30,0.40,29.20,17,17,0,0.81,0.80,0.90,28.61,17,17,0,0.18,0.10,0.20,29.03,17,17,0,0.76,0.70,0.80,29.01,17,17,0,506.61,497.50,511.10,24.49,17,0,0
826729,0.32,0.30,0.40,30.52,17,17,0,0.00,-0.10,0.10,28.86,17,17,0,0.36,0.30,0.40,29.20,17,17,0,0.80,0.80,0.80,28.61,17,17,0,0.19,0.10,0.20,29.03,17,17,0,0.76,0.70,0.80,29.00,17,17,0,504.32,499.40,509.40,24.50,17,0,0
827229,0.34,0.30,0.40,30.50,17,17,0,0.00,-0.10,0.10,28.88,17,17,0,0.38,0.30,0.40,29.19,17,17,0,0.80,0.70,0.90,28.58,17,17,0,0.19,0.10,0.20,29.03,17,17,0,0.78,0.70,0.80,29.00,17,17,0,504.39,501.20,508.70,24.51,17,0,0
827729,0.32,0.30,0.40,30.51,17,17,0,0.03,0.00,0.10,28.86,17,17,0,0.35,0.30,0.40,29.20,17,17,0,0.80,0.80,0.80,28.59,17,17,0,0.18,0.10,0.20,29.03,17,17,0,0.79,0.70,0.80,29.00,17,17,0,511.99,506.30,517.80,24.50,17,0,0
828236,0.33,0.30,0.40,30.49,17,17,0,0.01,-0.10,0.10,28.86,17,17,0,0.39,0.30,0.40,29.20,17,17,0,0.80,0.80,0.80,28.60,17,17,0,0.18,0.10,0.20,29.03,17,17,0,0.76,0.70,0.80,28.99,17,17,0,516.68,512.20,521.70,24.48,17,0,0
828744,0.33,0.30,0.40,30.49,17,17,0,0.01,-0.10,0.10,28.88,17,17,0,0.39,0.30,0.40,29.20,17,17,0,0.79,0.70,0.80,28.60,17,17,0,0.18,0.10,0.20,29.04,17,17,0,0.78,0.70,0.80,28.99,17,17,0,519.34,515.00,525.70,24.51,17,0,0
829244,0.34,0.30,0.40,30.51,17,17,0,0.02,0.00,0.10,28.89,17,17,0,0.38,0.30,0.40,29.22,17,17,0,0.80,0.80,0.80,28.61,17,17,0,0.19,0.10,0.20,29.04,17,17,0,0.79,0.70,0.80,29.01,17,17,0,512.86,504.50,519.40,24.50,17,0,0
829744,0.34,0.30,0.40,30.51,17,17,0,0.04,-0.10,0.10,28.87,17,17,0,0.36,0.30,0.40,29.19,17,17,0,0.79,0.70,0.80,28.62,17,17,0,0.17,0.10,0.20,29.02,17,17,0,0.76,0.70,0.80,28.99,17,17,0,506.52,502.10,510.30,24.50,17,0,0
830244,0.32,0.30,0.40,30.51,17,17,0,0.04,0.00,0.10,28.88,17,17,0,0.38,0.30,0.40,29.21,17,17,0,0.80,0.80,0.80,28.60,17,17,0,0.19,0.10,0.20,29.04,17,17,0,0.76,0.70,0.80,29.00,17,17,0,505.81,499.00,510.90,24.51,17,0,0
830750,0.32,0.30,0.40,30.51,17,17,0,0.04,0.00,0.10,28.87,17,17,0,0.38,0.30,0.40,29.21,17,17,0,0.80,0.80,0.80,28.59,17,17,0,0.19,0.10,0.20,29.04,17,17,0,0.76,0.70,0.80,29.01,17,17,0,508.17,501.40,515.50,24.49,17,0,0
831250,0.34,0.30,0.40,30.50,17,17,0,0.01,-0.10,0.10,28.87,17,17,0,0.38,0.30,0.40,29.22,17,17,0,0.80,0.80,0.80,28.60,17,17,0,0.18,0.10,0.20,29.03,17,17,0,0.77,0.70,0.80,29.00,17,17,0,511.51,506.50,516.60,24.51,17,0,0
831753,0.38,0.30,0.40,30.51,17,17,0,0.02,-0.10,0.10,28.86,17,17,0,0.38,0.30,0.40,29.20,17,17,0,0.80,0.80,0.80,28.61,17,17,0,0.18,0.10,0.20,29.04,17,17,0,0.78,0.70,0.80,29.00,17,17,0,515.04,511.60,521.50,24.50,17,0,0
832253,0.34,0.30,0.40,30.51,17,17,0,0.00,-0.10,0.10,28.87,17,17,0,0.39,0.30,0.40,29.20,17,17,0,0.80,0.80,0.80,28.60,17,17,0,0.18,0.10,0.20,29.02,17,17,0,0.75,0.70,0.80,29.00,17,17,0,518.16,514.20,522.80,24.50,17,0,0
832755,0.33,0.30,0.40,30.50,16,16,0,0.06,0.00,0.10,28.86,16,16,0,0.38,0.30,0.40,29.19,16,16,0,0.81,0.80,0.90,28.60,16,16,0,0.18,0.10,0.20,29.03,16,16,0,0.77,0.70,0.80,29.00,16,16,0,510.91,504.50,516.50,24.51,16,0,0
833258,0.34,0.30,0.40,30.51,17,17,0,0.04,0.00,0.10,28.85,17,17,0,0.35,0.30,0.40,29.20,17,17,0,0.80,0.80,0.80,28.61,17,17,0,0.17,0.10,0.20,29.04,17,17,0,0.78,0.70,0.80,29.00,17,17,0,507.27,500.20,510.50,24.50,17,0,0
833762,0.34,0.30,0.40,30.52,17,17,0,0.01,-0.10,0.10,28.87,17,17,0,0.38,0.30,0.40,29.19,17,17,0,0.80,0.80,0.80,28.59,17,17,0,0.18,0.10,0.20,29.04,17,17,0,0.76,0.70,0.80,29.00,17,17,0,506.06,499.20,512.00,24.51,17,0,0
834263,0.35,0.30,0.40,30.50,17,17,0,0.01,-0.10,0.10,28.87,17,17,0,0.36,0.30,0.40,29.20,17,17,0,0.80,0.80,0.80,28.60,17,17,0,0.17,0.10,0.20,29.04,17,17,0,0.75,0.70,0.80,28.99,17,17,0,507.11,502.40,513.10,24.51,17,0,0
834766,0.35,0.30,0.40,30.52,17,17,0,0.03,0.00,0.10,28.86,17,17,0,0.39,0.30,0.40,29.20,17,17,0,0.80,0.80,0.80,28.59,17,17,0,0.18,0.10,0.20,29.02,17,17,0,0.76,0.70,0.80,28.99,17,17,0,510.40,505.60,514.70,24.49,17,0,0
835272,0.36,0.30,0.40,30.50,17,17,0,0.05,-0.10,0.10,28.86,17,17,0,0.38,0.30,0.40,29.19,17,17,0,0.80,0.80,0.80,28.61,17,17,0,0.18,0.10,0.20,29.02,17,17,0,0.76,0.70,0.80,29.00,17,17,0,514.49,510.00,520.30,24.51,17,0,0
835775,0.33,0.30,0.40,30.50,17,17,0,0.04,-0.10,0.10,28.86,17,17,0,0.36,0.30,0.40,29.19,17,17,0,0.80,0.80,0.80,28.61,17,17,0,0.17,0.10,0.20,29.03,17,17,0,0.76,0.70,0.80,29.00,17,17,0,516.20,511.00,522.10,24.51,17,0,0
836282,0.34,0.30,0.40,30.51,17,17,0,0.03,0.00,0.10,28.85,17,17,0,0.38,0.30,0.40,29.21,17,17,0,0.79,0.70,0.80,28.60,17,17,0,0.19,0.10,0.20,29.04,17,17,0,0.74,0.70,0.80,29.01,17,17,0,507.65,503.10,512.60,24.49,17,0,0
836789,0.34,0.30,0.40,30.48,17,17,0,0.02,-0.10,0.10,28.87,17,17,0,0.38,0.30,0.40,29.22,17,17,0,0.80,0.80,0.80,28.59,17,17,0,0.19,0.10,0.20,29.01,17,17,0,0.79,0.70,0.80,29.00,17,17,0,504.94,501.70,510.60,24.49,17,0,0
837289,0.34,0.30,0.40,30.51,17,17,0,0.04,0.00,0.10,28.87,17,17,0,0.40,0.40,0.40,29.21,17,17,0,0.80,0.80,0.80,28.59,17,17,0,0.18,0.10,0.20,29.02,17,17,0,0.78,0.70,0.80,29.00,17,17,0,504.48,499.80,512.00,24.49,17,0,0
837792,0.33,0.30,0.40,30.51,17,17,0,0.01,0.00,0.10,28.88,17,17,0,0.37,0.30,0.40,29.21,17,17,0,0.80,0.80,0.80,28.60,17,17,0,0.18,0.10,0.20,29.02,17,17,0,0.76,0.70,0.80,29.00,17,17,0,505.69,501.40,512.30,24.48,17,0,0
838292,0.32,0.30,0.40,30.51,17,17,0,0.03,0.00,0.10,28.85,17,17,0,0.38,0.30,0.40,29.20,17,17,0,0.80,0.80,0.80,28.61,17,17,0,0.18,0.10,0.20,29.05,17,17,0,0.76,0.70,0.80,29.00,17,17,0,508.91,502.50,513.80,24.49,17,0,0
838793,0.36,0.30,0.40,30.51,17,17,0,0.02,-0.10,0.10,28.86,17,17,0,0.37,0.30,0.40,29.18,17,17,0,0.79,0.70,0.80,28.59,17,17,0,0.18,0.10,0.20,29.03,17,17,0,0.78,0.70,0.80,29.00,17,17,0,514.59,510.90,519.80,24.50,17,0,0
839296,0.33,0.30,0.40,30.51,17,17,0,0.04,0.00,0.10,28.89,17,17,0,0.35,0.30,0.40,29.21,17,17,0,0.79,0.70,0.80,28.60,17,17,0,0.19,0.10,0.20,29.03,17,17,0,0.77,0.70,0.80,28.99,17,17,0,514.95,510.50,518.50,24.50,17,0,0
839802,0.34,0.30,0.40,30.51,17,17,0,0.02,0.00,0.10,28.87,17,17,0,0.38,0.30,0.40,29.20,17,17,0,0.80,0.80,0.80,28.60,17,17,0,0.19,0.10,0.20,29.03,17,17,0,0.76,0.70,0.80,29.01,17,17,0,513.08,508.20,522.30,24.47,17,0,0
840302,0.32,0.30,0.40,30.51,17,17,0,0.02,0.00,0.10,28.88,17,17,0,0.36,0.30,0.40,29.20,17,17,0,0.80,0.80,0.80,28.58,17,17,0,0.18,0.10,0.20,29.04,17,17,0,0.77,0.70,0.80,29.03,17,17,0,510.23,501.80,515.60,24.47,17,0,0
840802,0.34,0.30,0.40,30.52,17,17,0,0.01,-0.10,0.10,28.87,17,17,0,0.39,0.30,0.40,29.20,17,17,0,0.80,0.80,0.80,28.61,17,17,0,0.19,0.10,0.20,29.04,17,17,0,0.79,0.70,0.80,28.99,17,17,0,509.95,505.70,515.10,24.49,17,0,0
841303,0.33,0.30,0.40,30.52,17,17,0,0.03,-0.10,0.10,28.86,17,17,0,0.38,0.30,0.40,29.21,17,17,0,0.80,0.80,0.80,28.60,17,17,0,0.19,0.10,0.20,29.03,17,17,0,0.78,0.70,0.80,29.00,17,17,0,513.18,506.50,519.60,24.48,17,0,0
841803,0.33,0.30,0.40,30.51,17,17,0,0.04,-0.10,0.10,28.86,17,17,0,0.40,0.40,0.40,29.21,17,17,0,0.81,0.80,0.90,28.60,17,17,0,0.19,0.10,0.20,29.02,17,17,0,0.77,0.70,0.80,29.01,17,17,0,516.35,511.20,523.50,24.49,17,0,0
842304,0.32,0.30,0.40,30.50,17,17,0,0.04,0.00,0.10,28.88,17,17,0,0.38,0.30,0.40,29.20,17,17,0,0.80,0.80,0.80,28.60,17,17,0,0.18,0.10,0.20,29.05,17,17,0,0.75,0.70,0.80,28.99,17,17,0,521.80,519.10,525.60,24.48,17,0,0
842806,0.32,0.30,0.40,30.51,17,17,0,0.02,0.00,0.10,28.87,17,17,0,0.39,0.30,0.40,29.21,17,17,0,0.80,0.80,0.80,28.61,17,17,0,0.18,0.10,0.20,29.03,17,17,0,0.76,0.70,0.80,29.03,17,17,0,521.51,517.70,525.80,24.49,17,0,0
843306,0.32,0.30,0.40,30.51,17,17,0,0.03,0.00,0.10,28.87,17,17,0,0.38,0.30,0.40,29.20,17,17,0,0.79,0.70,0.80,28.60,17,17,0,0.18,0.10,0.20,29.05,17,17,0,0.79,0.70,0.80,28.99,17,17,0,520.74,515.30,526.50,24.48,17,0,0
843807,0.35,0.30,0.40,30.51,17,17,0,0.05,0.00,0.10,28.87,17,17,0,0.39,0.30,0.40,29.20,17,17,0,0.80,0.80,0.80,28.59,17,17,0,0.18,0.10,0.20,29.03,17,17,0,0.76,0.70,0.80,29.02,17,17,0,518.22,512.80,521.40,24.49,17,0,0
844310,0.33,0.30,0.40,30.51,17,17,0,0.05,0.00,0.10,28.87,17,17,0,0.37,0.30,0.40,29.19,17,17,0,0.80,0.80,0.80,28.59,17,17,0,0.19,0.10,0.20,29.03,17,17,0,0.75,0.70,0.80,29.00,17,17,0,519.52,515.90,524.10,24.50,17,0,0
844810,0.34,0.30,0.40,30.51,17,17,0,0.04,-0.10,0.10,28.87,17,17,0,0.39,0.30,0.40,29.20,17,17,0,0.81,0.80,0.90,28.60,17,17,0,0.17,0.10,0.20,29.04,17,17,0,0.78,0.70,0.80,29.01,17,17,0,523.40,519.70,529.40,24.48,17,0,0
845322,0.34,0.30,0.40,30.49,17,17,0,0.04,0.00,0.10,28.86,17,17,0,0.38,0.30,0.40,29.22,17,17,0,0.81,0.80,0.90,28.60,17,17,0,0.18,0.10,0.20,29.02,17,17,0,0.78,0.70,0.80,29.00,17,17,0,527.19,518.20,534.00,24.49,17,0,0
845823,0.36,0.30,0.40,30.51,17,17,0,0.02,0.00,0.10,28.87,17,17,0,0.37,0.30,0.40,29.21,17,17,0,0.79,0.70,0.80,28.59,17,17,0,0.19,0.10,0.20,29.03,17,17,0,0.79,0.70,0.80,28.99,17,17,0,530.22,523.30,538.20,24.47,17,0,0
846327,0.34,0.30,0.40,30.53,17,17,0,0.01,-0.10,0.10,28.86,17,17,0,0.38,0.30,0.40,29.20,17,17,0,0.80,0.80,0.80,28.59,17,17,0,0.17,0.10,0.20,29.05,17,17,0,0.77,0.70,0.80,29.00,17,17,0,530.99,525.20,536.40,24.49,17,0,0
846835,0.31,0.30,0.40,30.50,17,17,0,0.01,-0.10,0.10,28.88,17,17,0,0.36,0.30,0.40,29.20,17,17,0,0.79,0.70,0.80,28.59,17,17,0,0.19,0.10,0.20,29.03,17,17,0,0.77,0.70,0.80,29.01,17,17,0,529.18,524.40,536.70,24.48,17,0,0
847336,0.32,0.30,0.40,30.52,17,17,0,0.02,0.00,0.10,28.88,17,17,0,0.39,0.30,0.40,29.20,17,17,0,0.80,0.80,0.80,28.59,17,17,0,0.17,0.10,0.20,29.04,17,17,0,0.77,0.70,0.80,29.00,17,17,0,527.05,521.70,531.60,24.47,17,0,0
847836,0.35,0.30,0.40,30.51,17,17,0,0.02,0.00,0.10,28.87,17,17,0,0.37,0.30,0.40,29.22,17,17,0,0.79,0.70,0.80,28.62,17,17,0,0.18,0.10,0.20,29.04,17,17,0,0.76,0.70,0.80,28.98,17,17,0,527.64,524.00,533.20,24.45,17,0,0
848336,0.32,0.30,0.40,30.51,17,17,0,0.02,0.00,0.10,28.86,17,17,0,0.39,0.30,0.40,29.19,17,17,0,0.80,0.80,0.80,28.58,17,17,0,0.18,0.10,0.20,29.03,17,17,0,0.74,0.70,0.80,29.01,17,17,0,530.82,526.30,536.30,24.47,17,0,0
848845,0.35,0.30,0.40,30.53,17,17,0,0.03,-0.10,0.10,28.86,17,17,0,0.36,0.30,0.40,29.20,17,17,0,0.80,0.80,0.80,28.61,17,17,0,0.18,0.10,0.20,29.04,17,17,0,0.78,0.70,0.80,28.99,17,17,0,536.03,529.80,543.40,24.48,17,0,0
849352,0.33,0.30,0.40,30.51,17,17,0,0.05,-0.10,0.10,28.87,17,17,0,0.36,0.30,0.40,29.21,17,17,0,0.80,0.80,0.80,28.60,17,17,0,0.18,0.10,0.20,29.03,17,17,0,0.75,0.70,0.80,29.00,17,17,0,542.46,536.20,549.40,24.46,17,0,0
849855,0.32,0.30,0.40,30.51,17,17,0,0.02,0.00,0.10,28.89,17,17,0,0.38,0.30,0.40,29.20,17,17,0,0.80,0.80,0.80,28.60,17,17,0,0.16,0.10,0.20,29.03,17,17,0,0.77,0.70,0.80,28.99,17,17,0,544.11,538.00,548.40,24.46,17,0,0
850359,0.34,0.30,0.40,30.50,17,17,0,-0.01,-0.10,0.10,28.87,17,17,0,0.39,0.30,0.40,29.21,17,17,0,0.80,0.80,0.80,28.59,17,17,0,0.20,0.20,0.20,29.03,17,17,0,0.78,0.70,0.80,29.00,17,17,0,540.88,536.00,546.60,24.47,17,0,0
850872,0.33,0.30,0.40,30.50,17,17,0,0.01,0.00,0.10,28.86,17,17,0,0.39,0.30,0.40,29.19,17,17,0,0.80,0.80,0.80,28.58,17,17,0,0.19,0.10,0.20,29.04,17,17,0,0.76,0.70,0.80,29.00,17,17,0,538.55,534.90,545.50,24.46,17,0,0
851372,0.33,0.30,0.40,30.51,17,17,0,0.02,-0.10,0.10,28.88,17,17,0,0.38,0.30,0.40,29.20,17,17,0,0.80,0.80,0.80,28.59,17,17,0,0.19,0.10,0.20,29.03,17,17,0,0.78,0.70,0.80,28.99,17,17,0,541.54,537.40,546.50,24.46,17,0,0
851872,0.34,0.30,0.40,30.50,16,16,0,0.04,-0.10,0.10,28.88,16,16,0,0.37,0.30,0.40,29.20,16,16,0,0.79,0.70,0.80,28.60,16,16,0,0.19,0.10,0.20,29.04,16,16,0,0.77,0.70,0.80,29.01,16,16,0,544.25,539.20,550.50,24.46,16,0,0
852372,0.35,0.30,0.40,30.50,17,17,0,0.02,0.00,0.10,28.86,17,17,0,0.39,0.30,0.40,29.19,17,17,0,0.81,0.80,0.90,28.58,17,17,0,0.19,0.10,0.20,29.03,17,17,0,0.77,0.70,0.80,29.00,17,17,0,547.88,544.20,553.10,24.46,17,0,0
852877,0.36,0.30,0.40,30.51,17,17,0,-0.01,-0.10,0.10,28.87,17,17,0,0.38,0.30,0.40,29.21,17,17,0,0.80,0.80,0.80,28.60,17,17,0,0.19,0.10,0.20,29.04,17,17,0,0.79,0.70,0.80,28.99,17,17,0,552.52,546.60,557.60,24.48,17,0,0
853387,0.35,0.30,0.40,30.51,17,17,0,0.02,0.00,0.10,28.85,17,17,0,0.38,0.30,0.40,29.20,17,17,0,0.81,0.80,0.90,28.60,17,17,0,0.19,0.10,0.20,29.03,17,17,0,0.78,0.70,0.80,29.00,17,17,0,552.34,548.40,557.20,24.46,17,0,0
853896,0.32,0.30,0.40,30.51,17,17,0,0.02,-0.10,0.10,28.86,17,17,0,0.39,0.30,0.40,29.20,17,17,0,0.80,0.80,0.80,28.61,17,17,0,0.19,0.10,0.20,29.03,17,17,0,0.76,0.70,0.80,29.01,17,17,0,550.83,544.40,557.70,24.44,17,0,0
854397,0.34,0.30,0.40,30.48,17,17,0,0.05,0.00,0.10,28.85,17,17,0,0.38,0.30,0.40,29.20,17,17,0,0.80,0.80,0.80,28.58,17,17,0,0.17,0.10,0.20,29.04,17,17,0,0.77,0.70,0.80,29.00,17,17,0,547.32,542.90,551.70,24.46,17,0,0
854898,0.34,0.30,0.40,30.52,17,17,0,0.02,-0.10,0.10,28.88,17,17,0,0.37,0.30,0.40,29.20,17,17,0,0.79,0.70,0.80,28.59,17,17,0,0.18,0.10,0.20,29.04,17,17,0,0.78,0.70,0.80,28.99,17,17,0,547.85,544.30,552.90,24.47,17,0,0
855398,0.34,0.30,0.40,30.51,17,17,0,0.04,-0.10,0.10,28.86,17,17,0,0.36,0.30,0.40,29.21,17,17,0,0.80,0.80,0.80,28.60,17,17,0,0.18,0.10,0.20,29.04,17,17,0,0.79,0.70,0.80,29.00,17,17,0,550.21,546.70,554.40,24.44,17,0,0
855898,0.32,0.30,0.40,30.49,17,17,0,0.04,-0.10,0.10,28.88,17,17,0,0.36,0.30,0.40,29.21,17,17,0,0.80,0.80,0.80,28.59,17,17,0,0.18,0.10,0.20,29.04,17,17,0,0.77,0.70,0.80,28.99,17,17,0,551.81,546.70,557.90,24.44,17,0,0
856398,0.35,0.30,0.40,30.51,17,17,0,0.02,-0.10,0.10,28.87,17,17,0,0.37,0.30,0.40,29.20,17,17,0,0.79,0.70,0.80,28.59,17,17,0,0.17,0.10,0.20,29.04,17,17,0,0.78,0.70,0.80,28.98,17,17,0,556.68,550.60,562.50,24.46,17,0,0
856904,0.36,0.30,0.40,30.51,17,17,0,0.04,0.00,0.10,28.86,17,17,0,0.36,0.30,0.40,29.20,17,17,0,0.80,0.80,0.80,28.59,17,17,0,0.18,0.10,0.20,29.02,17,17,0,0.79,0.70,0.80,28.99,17,17,0,557.18,549.50,560.80,24.45,17,0,0
857407,0.34,0.30,0.40,30.51,17,17,0,0.02,-0.10,0.10,28.87,17,17,0,0.36,0.30,0.40,29.20,17,17,0,0.80,0.80,0.80,28.61,17,17,0,0.17,0.10,0.20,29.03,17,17,0,0.78,0.70,0.80,29.01,17,17,0,551.59,546.00,561.80,24.46,17,0,0
857916,0.33,0.30,0.40,30.51,17,17,0,0.02,0.00,0.10,28.87,17,17,0,0.36,0.30,0.40,29.20,17,17,0,0.79,0.70,0.80,28.60,17,17,0,0.19,0.10,0.20,29.05,17,17,0,0.78,0.70,0.80,29.01,17,17,0,546.08,542.20,552.50,24.44,17,0,0
858416,0.32,0.30,0.40,30.52,17,17,0,0.03,0.00,0.10,28.87,17,17,0,0.40,0.40,0.40,29.21,17,17,0,0.80,0.80,0.80,28.60,17,17,0,0.18,0.10,0.20,29.02,17,17,0,0.76,0.70,0.80,29.00,17,17,0,546.60,539.80,550.70,24.46,17,0,0
858921,0.35,0.30,0.40,30.51,17,17,0,0.02,-0.10,0.10,28.89,17,17,0,0.35,0.30,0.40,29.19,17,17,0,0.80,0.80,0.80,28.59,17,17,0,0.20,0.20,0.20,29.04,17,17,0,0.78,0.70,0.80,28.99,17,17,0,549.05,544.80,552.70,24.46,17,0,0
859421,0.34,0.30,0.40,30.50,17,17,0,0.00,-0.10,0.10,28.87,17,17,0,0.37,0.30,0.40,29.20,17,17,0,0.80,0.80,0.80,28.59,17,17,0,0.18,0.10,0.20,29.03,17,17,0,0.78,0.70,0.80,29.00,17,17,0,551.97,547.10,560.30,24.44,17,0,0
859921,0.35,0.30,0.40,30.51,17,17,0,0.04,0.00,0.10,28.86,17,17,0,0.38,0.30,0.40,29.20,17,17,0,0.79,0.70,0.80,28.59,17,17,0,0.18,0.10,0.20,29.04,17,17,0,0.76,0.70,0.80,29.01,17,17,0,557.84,553.00,563.70,24.46,17,0,0
860422,0.33,0.30,0.40,30.51,17,17,0,0.00,-0.10,0.10,28.86,17,17,0,0.37,0.30,0.40,29.21,17,17,0,0.80,0.80,0.80,28.59,17,17,0,0.19,0.10,0.20,29.04,17,17,0,0.77,0.70,0.80,28.97,17,17,0,557.16,553.40,561.10,24.46,17,0,0
860924,0.32,0.30,0.40,30.49,17,17,0,0.04,-0.10,0.10,28.86,17,17,0,0.39,0.30,0.40,29.20,17,17,0,0.80,0.80,0.80,28.60,17,17,0,0.18,0.10,0.20,29.04,17,17,0,0.76,0.70,0.80,29.01,17,17,0,549.20,543.20,553.20,24.47,17,0,0
861425,0.33,0.30,0.40,30.50,17,17,0,-0.01,-0.10,0.10,28.86,17,17,0,0.38,0.30,0.40,29.21,17,17,0,0.79,0.70,0.80,28.59,17,17,0,0.18,0.10,0.20,29.03,17,17,0,0.76,0.70,0.80,28.99,17,17,0,545.04,540.20,550.40,24.46,17,0,0
861925,0.34,0.30,0.40,30.50,17,17,0,0.01,0.00,0.10,28.88,17,17,0,0.36,0.30,0.40,29.22,17,17,0,0.80,0.80,0.80,28.60,17,17,0,0.19,0.10,0.20,29.03,17,17,0,0.79,0.70,0.80,29.00,17,17,0,543.31,538.10,548.30,24.46,17,0,0
862428,0.33,0.30,0.40,30.52,17,17,0,0.01,-0.10,0.10,28.88,17,17,0,0.38,0.30,0.40,29.21,17,17,0,0.81,0.80,0.90,28.60,17,17,0,0.19,0.10,0.20,29.04,17,17,0,0.77,0.70,0.80,28.99,17,17,0,544.65,541.40,549.20,24.45,17,0,0
862930,0.33,0.30,0.40,30.50,17,17,0,0.02,-0.10,0.10,28.88,17,17,0,0.39,0.30,0.40,29.20,17,17,0,0.80,0.80,0.80,28.60,17,17,0,0.16,0.10,0.20,29.05,17,17,0,0.75,0.70,0.80,28.99,17,17,0,547.09,542.40,551.60,24.43,17,0,0
863430,0.36,0.30,0.40,30.51,17,17,0,0.01,0.00,0.10,28.87,17,17,0,0.38,0.30,0.40,29.21,17,17,0,0.80,0.80,0.80,28.61,17,17,0,0.19,0.10,0.20,29.02,17,17,0,0.77,0.70,0.80,28.99,17,17,0,549.93,546.00,554.80,24.45,17,0,0
863932,0.36,0.30,0.40,30.52,17,17,0,0.02,-0.10,0.10,28.88,17,17,0,0.38,0.30,0.40,29.21,17,17,0,0.80,0.80,0.80,28.58,17,17,0,0.18,0.10,0.20,29.03,17,17,0,0.75,0.70,0.80,29.00,17,17,0,550.26,545.40,555.00,24.45,17,0,0
864436,0.36,0.30,0.40,30.50,17,17,0,0.02,0.00,0.10,28.87,17,17,0,0.36,0.30,0.40,29.21,17,17,0,0.80,0.80,0.80,28.59,17,17,0,0.18,0.10,0.20,29.02,17,17,0,0.78,0.70,0.80,29.00,17,17,0,541.15,532.90,547.10,24.46,17,0,0
864949,0.34,0.30,0.40,30.50,17,17,0,0.02,-0.10,0.10,28.87,17,17,0,0.36,0.30,0.40,29.20,17,17,0,0.79,0.70,0.80,28.58,17,17,0,0.20,0.20,0.20,29.03,17,17,0,0.77,0.70,0.80,29.00,17,17,0,537.39,532.40,544.10,24.46,17,0,0
865452,0.34,0.30,0.40,30.51,17,17,0,0.02,-0.10,0.10,28.86,17,17,0,0.38,0.30,0.40,29.21,17,17,0,0.81,0.80,0.90,28.60,17,17,0,0.19,0.10,0.20,29.04,17,17,0,0.77,0.70,0.80,29.01,17,17,0,534.39,530.10,539.10,24.45,17,0,0
865952,0.31,0.30,0.40,30.50,17,17,0,0.01,-0.10,0.10,28.87,17,17,0,0.36,0.30,0.40,29.21,17,17,0,0.80,0.80,0.80,28.59,17,17,0,0.18,0.10,0.20,29.03,17,17,0,0.78,0.70,0.80,28.99,17,17,0,534.07,531.20,537.30,24.45,17,0,0
866452,0.34,0.30,0.40,30.49,17,17,0,0.02,-0.10,0.10,28.88,17,17,0,0.35,0.30,0.40,29.22,17,17,0,0.80,0.80,0.80,28.59,17,17,0,0.19,0.10,0.20,29.04,17,17,0,0.78,0.70,0.80,29.01,17,17,0,537.99,533.20,543.20,24.47,17,0,0
866955,0.34,0.30,0.40,30.50,17,17,0,0.02,0.00,0.10,28.87,17,17,0,0.37,0.30,0.40,29.19,17,17,0,0.79,0.70,0.80,28.57,17,17,0,0.19,0.10,0.20,29.05,17,17,0,0.77,0.70,0.80,29.00,17,17,0,540.91,536.70,546.30,24.47,17,0,0
867455,0.34,0.30,0.40,30.51,17,17,0,0.03,0.00,0.10,28.87,17,17,0,0.36,0.30,0.40,29.21,17,17,0,0.80,0.80,0.80,28.58,17,17,0,0.19,0.10,0.20,29.05,17,17,0,0.76,0.70,0.80,28.99,17,17,0,537.91,530.20,545.70,24.44,17,0,0
867955,0.34,0.30,0.40,30.52,17,17,0,0.02,-0.10,0.10,28.85,17,17,0,0.38,0.30,0.40,29.21,17,17,0,0.80,0.80,0.80,28.60,17,17,0,0.19,0.10,0.20,29.03,17,17,0,0.76,0.70,0.80,29.00,17,17,0,531.16,525.00,535.30,24.48,17,0,0
868456,0.35,0.30,0.40,30.50,17,17,0,0.02,-0.10,0.10,28.87,17,17,0,0.36,0.30,0.40,29.21,17,17,0,0.80,0.80,0.80,28.59,17,17,0,0.20,0.20,0.20,29.03,17,17,0,0.76,0.70,0.80,28.98,17,17,0,524.88,518.70,532.30,24.45,17,0,0
868964,0.32,0.30,0.40,30.50,17,17,0,0.02,0.00,0.10,28.86,17,17,0,0.38,0.30,0.40,29.21,17,17,0,0.80,0.80,0.80,28.59,17,17,0,0.17,0.10,0.20,29.05,17,17,0,0.77,0.70,0.80,28.99,17,17,0,521.14,516.20,528.10,24.44,17,0,0
869467,0.34,0.30,0.40,30.50,17,17,0,0.01,-0.10,0.10,28.87,17,17,0,0.38,0.30,0.40,29.23,17,17,0,0.79,0.70,0.80,28.59,17,17,0,0.19,0.10,0.20,29.04,17,17,0,0.75,0.70,0.80,29.00,17,17,0,521.57,516.50,527.30,24.46,17,0,0
869968,0.35,0.30,0.40,30.52,17,17,0,0.03,-0.10,0.10,28.86,17,17,0,0.36,0.30,0.40,29.20,17,17,0,0.80,0.80,0.80,28.60,17,17,0,0.19,0.10,0.20,29.04,17,17,0,0.78,0.70,0.80,28.99,17,17,0,525.05,520.10,529.10,24.46,17,0,0
870468,0.34,0.30,0.40,30.51,17,17,0,0.01,-0.10,0.10,28.87,17,17,0,0.35,0.30,0.40,29.21,17,17,0,0.80,0.80,0.80,28.59,17,17,0,0.18,0.10,0.20,29.05,17,17,0,0.78,0.70,0.80,29.01,17,17,0,528.54,519.50,536.30,24.46,17,0,0
870973,0.33,0.30,0.40,30.50,16,16,0,0.02,-0.10,0.10,28.87,16,16,0,0.36,0.30,0.40,29.20,16,16,0,0.80,0.80,0.80,28.60,16,16,0,0.19,0.10,0.20,29.04,16,16,0,0.78,0.70,0.80,29.01,16,16,0,526.88,517.70,533.70,24.48,16,0,0
871477,0.32,0.30,0.40,30.50,17,17,0,0.01,0.00,0.10,28.89,17,17,0,0.32,0.30,0.40,29.21,17,17,0,0.80,0.80,0.80,28.61,17,17,0,0.18,0.10,0.20,29.03,17,17,0,0.75,0.70,0.80,29.00,17,17,0,521.79,517.50,527.20,24.46,17,0,0
871990,0.35,0.30,0.40,30.50,17,17,0,0.02,0.00,0.10,28.86,17,17,0,0.32,0.30,0.40,29.21,17,17,0,0.80,0.80,0.80,28.59,17,17,0,0.18,0.10,0.20,29.04,17,17,0,0.76,0.70,0.80,28.99,17,17,0,517.74,510.10,525.40,24.47,17,0,0
872499,0.36,0.30,0.40,30.50,17,17,0,0.02,0.00,0.10,28.88,17,17,0,0.35,0.30,0.40,29.21,17,17,0,0.81,0.80,0.90,28.58,17,17,0,0.19,0.10,0.20,29.04,17,17,0,0.76,0.70,0.80,28.99,17,17,0,517.29,509.40,521.40,24.46,17,0,0
873007,0.35,0.30,0.40,30.51,17,17,0,0.01,-0.10,0.10,28.88,17,17,0,0.36,0.30,0.40,29.20,17,17,0,0.81,0.80,0.90,28.59,17,17,0,0.19,0.10,0.20,29.05,17,17,0,0.76,0.70,0.80,28.97,17,17,0,519.66,513.20,527.40,24.46,17,0,0
873507,0.34,0.30,0.40,30.49,17,17,0,0.03,0.00,0.10,28.87,17,17,0,0.38,0.30,0.40,29.19,17,17,0,0.79,0.70,0.80,28.60,17,17,0,0.19,0.10,0.20,29.04,17,17,0,0.78,0.70,0.80,28.98,17,17,0,520.38,515.80,525.40,24.46,17,0,0
874011,0.35,0.30,0.40,30.51,17,17,0,0.04,-0.10,0.10,28.87,17,17,0,0.35,0.30,0.40,29.19,17,17,0,0.80,0.80,0.80,28.60,17,17,0,0.17,0.10,0.20,29.04,17,17,0,0.76,0.70,0.80,28.99,17,17,0,523.17,519.00,527.60,24.48,17,0,0
874524,0.33,0.30,0.40,30.50,17,17,0,0.02,-0.10,0.10,28.87,17,17,0,0.37,0.30,0.40,29.21,17,17,0,0.80,0.80,0.80,28.59,17,17,0,0.18,0.10,0.20,29.05,17,17,0,0.75,0.70,0.80,28.99,17,17,0,520.58,516.00,525.40,24.46,17,0,0
875034,0.34,0.30,0.40,30.51,17,17,0,0.00,-0.10,0.10,28.87,17,17,0,0.38,0.30,0.40,29.20,17,17,0,0.80,0.80,0.80,28.60,17,17,0,0.19,0.10,0.20,29.04,17,17,0,0.79,0.70,0.80,28.99,17,17,0,515.08,507.20,526.40,24.47,17,0,0
875534,0.33,0.30,0.40,30.52,17,17,0,0.01,-0.10,0.10,28.88,17,17,0,0.37,0.30,0.40,29.22,17,17,0,0.80,0.80,0.80,28.60,17,17,0,0.19,0.10,0.20,29.04,17,17,0,0.76,0.70,0.80,28.99,17,17,0,510.08,503.80,515.00,24.47,17,0,0
876034,0.33,0.30,0.40,30.47,17,17,0,0.03,-0.10,0.10,28.87,17,17,0,0.36,0.30,0.40,29.20,17,17,0,0.80,0.70,0.90,28.59,17,17,0,0.19,0.10,0.20,29.04,17,17,0,0.76,0.70,0.80,28.99,17,17,0,508.39,503.40,511.90,24.47,17,0,0
876534,0.34,0.30,0.40,30.51,17,17,0,0.02,-0.10,0.10,28.88,17,17,0,0.35,0.30,0.40,29.21,17,17,0,0.79,0.70,0.80,28.60,17,17,0,0.19,0.10,0.20,29.04,17,17,0,0.78,0.70,0.80,29.00,17,17,0,510.84,506.90,514.30,24.47,17,0,0
877039,0.35,0.30,0.40,30.51,17,17,0,-0.01,-0.10,0.10,28.88,17,17,0,0.38,0.30,0.40,29.21,17,17,0,0.80,0.80,0.80,28.57,17,17,0,0.18,0.10,0.20,29.06,17,17,0,0.75,0.70,0.80,28.99,17,17,0,513.46,507.40,518.60,24.46,17,0,0
877543,0.34,0.30,0.40,30.51,17,17,0,0.04,-0.10,0.10,28.87,17,17,0,0.37,0.30,0.40,29.21,17,17,0,0.79,0.70,0.80,28.58,17,17,0,0.18,0.10,0.20,29.03,17,17,0,0.76,0.70,0.80,28.98,17,17,0,515.86,511.80,521.90,24.46,17,0,0
878053,0.33,0.30,0.40,30.50,17,17,0,0.04,0.00,0.10,28.89,17,17,0,0.35,0.30,0.40,29.20,17,17,0,0.80,0.80,0.80,28.60,17,17,0,0.19,0.10,0.20,29.04,17,17,0,0.76,0.70,0.80,28.98,17,17,0,513.75,510.00,519.30,24.48,17,0,0
878553,0.34,0.30,0.40,30.50,17,17,0,0.04,0.00,0.10,28.88,17,17,0,0.36,0.30,0.40,29.20,17,17,0,0.80,0.80,0.80,28.60,17,17,0,0.18,0.10,0.20,29.04,17,17,0,0.75,0.70,0.80,29.01,17,17,0,510.69,504.50,517.30,24.48,17,0,0
879058,0.34,0.30,0.40,30.51,17,17,0,0.01,-0.10,0.10,28.88,17,17,0,0.36,0.30,0.40,29.19,17,17,0,0.79,0.70,0.80,28.61,17,17,0,0.18,0.10,0.20,29.04,17,17,0,0.76,0.70,0.80,28.98,17,17,0,505.96,501.20,514.80,24.47,17,0,0
879558,0.34,0.30,0.40,30.52,17,17,0,0.02,0.00,0.10,28.89,17,17,0,0.38,0.30,0.40,29.20,17,17,0,0.80,0.80,0.80,28.59,17,17,0,0.18,0.10,0.20,29.04,17,17,0,0.76,0.70,0.80,29.00,17,17,0,504.15,500.40,508.60,24.47,17,0,0
880058,0.35,0.30,0.40,30.50,17,17,0,0.02,-0.10,0.10,28.86,17,17,0,0.38,0.30,0.40,29.21,17,17,0,0.79,0.70,0.80,28.59,17,17,0,0.18,0.10,0.20,29.04,17,17,0,0.76,0.70,0.80,29.00,17,17,0,506.84,498.00,512.50,24.48,17,0,0
880559,0.33,0.30,0.40,30.52,17,17,0,0.02,-0.10,0.10,28.87,17,17,0,0.37,0.30,0.40,29.20,17,17,0,0.80,0.80,0.80,28.59,17,17,0,0.17,0.10,0.20,29.05,17,17,0,0.78,0.70,0.80,29.00,17,17,0,509.38,499.00,519.90,24.46,17,0,0
881062,0.32,0.30,0.40,30.52,17,17,0,0.04,-0.10,0.10,28.86,17,17,0,0.38,0.30,0.40,29.20,17,17,0,0.80,0.80,0.80,28.58,17,17,0,0.17,0.10,0.20,29.06,17,17,0,0.75,0.70,0.80,29.00,17,17,0,513.69,506.50,520.30,24.46,17,0,0
881568,0.35,0.30,0.40,30.49,17,17,0,0.02,-0.10,0.10,28.89,17,17,0,0.36,0.30,0.40,29.22,17,17,0,0.80,0.80,0.80,28.60,17,17,0,0.18,0.10,0.20,29.05,17,17,0,0.77,0.70,0.80,29.01,17,17,0,516.27,512.40,520.80,24.48,17,0,0
882071,0.32,0.30,0.40,30.51,17,17,0,0.03,0.00,0.10,28.88,17,17,0,0.35,0.30,0.40,29.17,17,17,0,0.79,0.70,0.80,28.58,17,17,0,0.18,0.10,0.20,29.03,17,17,0,0.75,0.70,0.80,28.99,17,17,0,511.07,506.60,516.90,24.48,17,0,0
882574,0.33,0.30,0.40,30.49,17,17,0,0.02,-0.10,0.10,28.86,17,17,0,0.37,0.30,0.40,29.18,17,17,0,0.80,0.80,0.80,28.59,17,17,0,0.18,0.10,0.20,29.03,17,17,0,0.78,0.70,0.80,28.99,17,17,0,505.47,499.50,511.00,24.48,17,0,0
883086,0.35,0.30,0.40,30.50,17,17,0,0.03,-0.10,0.10,28.86,17,17,0,0.38,0.30,0.40,29.21,17,17,0,0.80,0.80,0.80,28.60,17,17,0,0.18,0.10,0.20,29.04,17,17,0,0.74,0.70,0.80,29.00,17,17,0,504.15,499.00,508.90,24.47,17,0,0
883590,0.34,0.30,0.40,30.50,17,17,0,-0.01,-0.10,0.10,28.88,17,17,0,0.38,0.30,0.40,29.19,17,17,0,0.81,0.80,0.90,28.58,17,17,0,0.20,0.20,0.20,29.03,17,17,0,0.78,0.70,0.80,29.00,17,17,0,506.21,502.70,510.20,24.47,17,0,0
884090,0.32,0.30,0.40,30.52,17,17,0,0.02,-0.10,0.10,28.86,17,17,0,0.38,0.30,0.40,29.20,17,17,0,0.80,0.80,0.80,28.58,17,17,0,0.19,0.10,0.20,29.06,17,17,0,0.77,0.70,0.80,28.99,17,17,0,509.91,503.80,517.20,24.47,17,0,0
884590,0.36,0.30,0.40,30.50,16,16,0,0.03,0.00,0.10,28.88,16,16,0,0.36,0.30,0.40,29.20,16,16,0,0.79,0.70,0.80,28.60,16,16,0,0.16,0.10,0.20,29.03,16,16,0,0.76,0.70,0.80,28.98,16,16,0,514.35,511.50,518.30,24.47,16,0,0
885103,0.34,0.30,0.40,30.50,17,17,0,0.01,0.00,0.10,28.88,17,17,0,0.36,0.30,0.40,29.19,17,17,0,0.80,0.80,0.80,28.60,17,17,0,0.18,0.10,0.20,29.03,17,17,0,0.77,0.70,0.80,28.99,17,17,0,515.03,511.60,517.40,24.47,17,0,0
885606,0.34,0.30,0.40,30.51,17,17,0,0.03,-0.10,0.10,28.87,17,17,0,0.38,0.30,0.40,29.21,17,17,0,0.80,0.80,0.80,28.60,17,17,0,0.19,0.10,0.20,29.06,17,17,0,0.77,0.70,0.80,28.99,17,17,0,508.50,499.30,515.40,24.47,17,0,0
886106,0.34,0.30,0.40,30.49,17,17,0,0.03,-0.10,0.10,28.86,17,17,0,0.35,0.30,0.40,29.21,17,17,0,0.80,0.80,0.80,28.59,17,17,0,0.19,0.10,0.20,29.04,17,17,0,0.78,0.70,0.80,28.98,17,17,0,503.73,497.50,509.90,24.47,17,0,0
886607,0.34,0.30,0.40,30.51,17,17,0,0.02,-0.10,0.10,28.88,17,17,0,0.36,0.30,0.40,29.20,17,17,0,0.80,0.80,0.80,28.60,17,17,0,0.18,0.10,0.20,29.04,17,17,0,0.77,0.70,0.80,28.99,17,17,0,502.81,498.40,507.30,24.47,17,0,0
887109,0.33,0.30,0.40,30.50,17,17,0,0.04,0.00,0.10,28.88,17,17,0,0.35,0.30,0.40,29.22,17,17,0,0.80,0.80,0.80,28.59,17,17,0,0.18,0.10,0.20,29.05,17,17,0,0.77,0.70,0.80,29.00,17,17,0,506.09,501.60,510.80,24.49,17,0,0
887609,0.34,0.30,0.40,30.51,17,17,0,0.01,-0.10,0.10,28.87,17,17,0,0.38,0.30,0.40,29.20,17,17,0,0.81,0.80,0.90,28.58,17,17,0,0.19,0.10,0.30,29.05,17,17,0,0.75,0.70,0.80,28.99,17,17,0,511.94,506.10,516.40,24.48,17,0,0
888109,0.34,0.30,0.40,30.51,17,17,0,0.02,-0.10,0.10,28.88,17,17,0,0.36,0.30,0.40,29.22,17,17,0,0.80,0.80,0.80,28.60,17,17,0,0.19,0.10,0.20,29.04,17,17,0,0.78,0.70,0.80,28.99,17,17,0,514.82,511.10,520.60,24.48,17,0,0
888609,0.33,0.30,0.40,30.50,17,17,0,0.01,0.00,0.10,28.87,17,17,0,0.37,0.30,0.40,29.19,17,17,0,0.80,0.80,0.80,28.60,17,17,0,0.19,0.10,0.20,29.05,17,17,0,0.76,0.70,0.80,28.98,17,17,0,516.98,511.40,521.80,24.48,17,0,0
889111,0.32,0.30,0.40,30.49,17,17,0,0.02,0.00,0.10,28.88,17,17,0,0.36,0.30,0.40,29.19,17,17,0,0.80,0.80,0.80,28.59,17,17,0,0.17,0.10,0.20,29.04,17,17,0,0.76,0.70,0.80,28.99,17,17,0,511.62,503.80,521.60,24.46,17,0,0
889611,0.35,0.30,0.40,30.48,17,17,0,0.02,-0.10,0.10,28.87,17,17,0,0.37,0.30,0.40,29.21,17,17,0,0.81,0.80,0.90,28.59,17,17,0,0.18,0.10,0.20,29.05,17,17,0,0.78,0.70,0.80,29.00,17,17,0,504.59,498.10,512.40,24.45,17,0,0
890111,0.32,0.30,0.40,30.48,16,16,0,0.00,-0.10,0.10,28.86,16,16,0,0.38,0.30,0.40,29.21,16,16,0,0.81,0.80,0.90,28.59,16,16,0,0.17,0.10,0.20,29.02,16,16,0,0.78,0.70,0.80,28.99,16,16,0,503.62,499.80,507.60,24.47,16,0,0
890611,0.35,0.30,0.40,30.50,17,17,0,0.01,-0.10,0.10,28.87,17,17,0,0.37,0.30,0.40,29.21,17,17,0,0.80,0.80,0.80,28.58,17,17,0,0.19,0.10,0.20,29.05,17,17,0,0.78,0.70,0.80,29.00,17,17,0,504.01,500.50,507.20,24.46,17,0,0
891119,0.34,0.30,0.40,30.51,17,17,0,0.01,-0.10,0.10,28.89,17,17,0,0.38,0.30,0.40,29.22,17,17,0,0.80,0.80,0.80,28.59,17,17,0,0.18,0.10,0.20,29.03,17,17,0,0.76,0.70,0.80,28.98,17,17,0,509.18,503.00,513.80,24.47,17,0,0
891619,0.35,0.30,0.40,30.48,17,17,0,0.02,-0.10,0.10,28.87,17,17,0,0.36,0.30,0.40,29.21,17,17,0,0.80,0.80,0.80,28.59,17,17,0,0.18,0.10,0.20,29.04,17,17,0,0.78,0.70,0.80,29.00,17,17,0,513.39,507.90,515.50,24.48,17,0,0
892119,0.32,0.30,0.40,30.50,17,17,0,0.01,0.00,0.10,28.87,17,17,0,0.36,0.30,0.40,29.22,17,17,0,0.79,0.70,0.80,28.58,17,17,0,0.19,0.10,0.20,29.05,17,17,0,0.74,0.70,0.80,29.00,17,17,0,515.39,510.60,519.90,24.49,17,0,0
892621,0.34,0.30,0.40,30.49,17,17,0,0.01,0.00,0.10,28.88,17,17,0,0.36,0.30,0.40,29.22,17,17,0,0.80,0.80,0.80,28.56,17,17,0,0.18,0.10,0.20,29.05,17,17,0,0.76,0.70,0.80,29.01,17,17,0,510.58,503.90,516.60,24.47,17,0,0
893129,0.34,0.30,0.40,30.50,17,17,0,0.01,-0.10,0.10,28.87,17,17,0,0.36,0.30,0.40,29.21,17,17,0,0.80,0.80,0.80,28.59,17,17,0,0.17,0.10,0.20,29.05,17,17,0,0.75,0.70,0.80,29.00,17,17,0,502.75,498.80,508.20,24.45,17,0,0
893636,0.32,0.30,0.40,30.48,17,17,0,0.03,0.00,0.10,28.88,17,17,0,0.37,0.30,0.40,29.21,17,17,0,0.80,0.80,0.80,28.59,17,17,0,0.17,0.10,0.20,29.04,17,17,0,0.75,0.70,0.80,29.00,17,17,0,501.27,497.40,505.20,24.46,17,0,0
894139,0.35,0.30,0.40,30.49,17,17,0,0.01,-0.10,0.10,28.88,17,17,0,0.37,0.30,0.40,29.21,17,17,0,0.80,0.80,0.80,28.58,17,17,0,0.18,0.10,0.20,29.04,17,17,0,0.76,0.70,0.80,28.98,17,17,0,501.15,497.30,504.20,24.47,17,0,0
894639,0.35,0.30,0.40,30.50,17,17,0,0.01,-0.10,0.10,28.87,17,17,0,0.36,0.30,0.40,29.22,17,17,0,0.80,0.80,0.80,28.59,17,17,0,0.15,0.10,0.20,29.03,17,17,0,0.75,0.70,0.80,28.99,17,17,0,508.22,504.10,517.10,24.47,17,0,0
895142,0.34,0.30,0.40,30.49,17,17,0,0.01,-0.10,0.10,28.88,17,17,0,0.37,0.30,0.40,29.20,17,17,0,0.80,0.80,0.80,28.59,17,17,0,0.19,0.10,0.20,29.05,17,17,0,0.76,0.70,0.80,29.01,17,17,0,513.67,509.90,518.50,24.47,17,0,0
895642,0.34,0.30,0.40,30.49,17,17,0,0.04,0.00,0.10,28.88,17,17,0,0.36,0.30,0.40,29.22,17,17,0,0.80,0.80,0.80,28.58,17,17,0,0.18,0.10,0.20,29.04,17,17,0,0.77,0.70,0.80,28.98,17,17,0,517.45,511.00,523.80,24.48,17,0,0
896142,0.32,0.30,0.40,30.48,17,17,0,0.00,-0.10,0.10,28.88,17,17,0,0.37,0.30,0.40,29.21,17,17,0,0.80,0.80,0.80,28.60,17,17,0,0.17,0.10,0.20,29.07,17,17,0,0.76,0.70,0.80,29.00,17,17,0,513.08,508.00,520.60,24.46,17,0,0
896642,0.32,0.30,0.40,30.49,17,17,0,0.01,-0.10,0.10,28.89,17,17,0,0.37,0.30,0.40,29.22,17,17,0,0.80,0.80,0.80,28.60,17,17,0,0.18,0.10,0.20,29.03,17,17,0,0.76,0.70,0.80,29.00,17,17,0,504.01,497.50,513.70,24.47,17,0,0
897148,0.32,0.30,0.40,30.51,17,17,0,0.02,-0.10,0.10,28.87,17,17,0,0.35,0.30,0.40,29.20,17,17,0,0.80,0.80,0.80,28.59,17,17,0,0.18,0.10,0.20,29.03,17,17,0,0.77,0.70,0.80,28.99,17,17,0,501.09,493.10,512.60,24.44,17,0,0
897648,0.36,0.30,0.40,30.49,17,17,0,0.04,0.00,0.10,28.88,17,17,0,0.34,0.30,0.40,29.21,17,17,0,0.80,0.80,0.80,28.58,17,17,0,0.18,0.10,0.20,29.05,17,17,0,0.76,0.70,0.80,29.00,17,17,0,499.77,488.00,509.60,24.46,17,0,0
898148,0.33,0.30,0.40,30.49,16,16,0,0.04,0.00,0.10,28.88,16,16,0,0.37,0.30,0.40,29.21,16,16,0,0.80,0.80,0.80,28.58,16,16,0,0.18,0.10,0.20,29.05,16,16,0,0.78,0.70,0.80,29.01,16,16,0,504.48,500.10,511.90,24.48,16,0,0
898658,0.33,0.30,0.40,30.50,17,17,0,0.04,0.00,0.10,28.87,17,17,0,0.36,0.30,0.40,29.19,17,17,0,0.80,0.80,0.80,28.57,17,17,0,0.18,0.10,0.20,29.04,17,17,0,0.76,0.70,0.80,29.00,17,17,0,510.21,503.40,514.20,24.48,17,0,0
899160,0.34,0.30,0.40,30.51,17,17,0,0.04,-0.10,0.10,28.87,17,17,0,0.36,0.30,0.40,29.21,17,17,0,0.80,0.80,0.80,28.59,17,17,0,0.19,0.10,0.20,29.05,17,17,0,0.76,0.70,0.80,28.99,17,17,0,514.07,510.90,517.40,24.47,17,0,0
899660,0.32,0.30,0.40,30.51,17,17,0,0.03,0.00,0.10,28.89,17,17,0,0.36,0.30,0.40,29.22,17,17,0,0.80,0.80,0.80,28.59,17,17,0,0.16,0.10,0.20,29.03,17,17,0,0.77,0.70,0.80,29.00,17,17,0,510.10,502.40,515.40,24.47,17,0,0
900160,0.35,0.30,0.40,30.50,17,17,0,0.04,-0.10,0.10,28.88,17,17,0,0.37,0.30,0.40,29.22,17,17,0,0.80,0.80,0.80,28.60,17,17,0,0.19,0.10,0.20,29.06,17,17,0,0.76,0.70,0.80,28.99,17,17,0,503.09,497.90,507.20,24.48,17,0,0
900660,0.34,0.30,0.40,30.49,17,17,0,0.01,-0.10,0.10,28.88,17,17,0,0.38,0.30,0.40,29.21,17,17,0,0.80,0.80,0.80,28.58,17,17,0,0.18,0.10,0.20,29.06,17,17,0,0.76,0.70,0.80,28.99,17,17,0,503.65,500.40,507.30,24.47,17,0,0
901162,0.34,0.30,0.40,30.50,17,17,0,0.01,-0.10,0.10,28.86,17,17,0,0.37,0.30,0.40,29.21,17,17,0,0.80,0.80,0.80,28.58,17,17,0,0.17,0.10,0.20,29.06,17,17,0,0.75,0.70,0.80,29.00,17,17,0,503.52,499.40,508.80,24.46,17,0,0
901663,0.35,0.30,0.40,30.50,17,17,0,0.02,0.00,0.10,28.88,17,17,0,0.38,0.30,0.40,29.21,17,17,0,0.80,0.80,0.80,28.58,17,17,0,0.20,0.20,0.20,29.05,17,17,0,0.77,0.70,0.80,29.00,17,17,0,508.69,503.70,514.60,24.46,17,0,0
902166,0.32,0.30,0.40,30.51,17,17,0,0.03,0.00,0.10,28.88,17,17,0,0.34,0.30,0.40,29.22,17,17,0,0.80,0.80,0.80,28.59,17,17,0,0.16,0.10,0.20,29.07,17,17,0,0.78,0.70,0.80,29.00,17,17,0,514.62,510.60,518.00,24.46,17,0,0
902675,0.33,0.30,0.40,30.49,17,17,0,0.02,-0.10,0.10,28.88,17,17,0,0.38,0.30,0.40,29.22,17,17,0,0.79,0.70,0.80,28.60,17,17,0,0.18,0.10,0.20,29.07,17,17,0,0.75,0.70,0.80,29.01,17,17,0,518.05,515.50,523.60,24.45,17,0,0
903175,0.34,0.30,0.40,30.50,16,16,0,0.03,0.00,0.10,28.87,16,16,0,0.36,0.30,0.40,29.21,16,16,0,0.81,0.80,0.90,28.60,16,16,0,0.18,0.10,0.20,29.05,16,16,0,0.76,0.70,0.80,28.98,16,16,0,510.57,505.00,517.50,24.47,16,0,0
903679,0.33,0.30,0.40,30.50,17,17,0,0.01,0.00,0.10,28.87,17,17,0,0.37,0.30,0.40,29.21,17,17,0,0.80,0.80,0.80,28.60,17,17,0,0.18,0.10,0.20,29.06,17,17,0,0.77,0.70,0.80,28.98,17,17,0,504.55,499.80,509.50,24.47,17,0,0
904181,0.34,0.30,0.40,30.50,17,17,0,0.04,0.00,0.10,28.87,17,17,0,0.35,0.30,0.40,29.21,17,17,0,0.80,0.80,0.80,28.59,17,17,0,0.18,0.10,0.20,29.06,17,17,0,0.75,0.70,0.80,28.99,17,17,0,503.46,500.00,507.10,24.46,17,0,0
904681,0.33,0.30,0.40,30.49,17,17,0,0.04,0.00,0.10,28.87,17,17,0,0.37,0.30,0.40,29.21,17,17,0,0.80,0.80,0.80,28.59,17,17,0,0.18,0.10,0.20,29.06,17,17,0,0.76,0.70,0.80,28.97,17,17,0,503.23,500.30,508.70,24.46,17,0,0
905184,0.33,0.30,0.40,30.52,17,17,0,0.05,0.00,0.10,28.88,17,17,0,0.39,0.30,0.40,29.20,17,17,0,0.81,0.80,0.90,28.60,17,17,0,0.19,0.10,0.20,29.07,17,17,0,0.76,0.70,0.80,28.98,17,17,0,507.61,502.60,513.60,24.47,17,0,0
905684,0.34,0.30,0.40,30.50,17,17,0,0.03,-0.10,0.10,28.85,17,17,0,0.38,0.30,0.40,29.21,17,17,0,0.79,0.70,0.80,28.59,17,17,0,0.18,0.10,0.20,29.05,17,17,0,0.78,0.70,0.80,29.00,17,17,0,512.20,506.20,516.00,24.45,17,0,0
906184,0.34,0.30,0.40,30.50,17,17,0,0.00,-0.10,0.10,28.87,17,17,0,0.37,0.30,0.40,29.23,17,17,0,0.80,0.80,0.80,28.59,17,17,0,0.19,0.10,0.20,29.05,17,17,0,0.76,0.70,0.80,28.98,17,17,0,515.46,510.50,518.90,24.45,17,0,0
906684,0.35,0.30,0.40,30.50,17,17,0,0.04,0.00,0.10,28.87,17,17,0,0.36,0.30,0.40,29.21,17,17,0,0.80,0.80,0.80,28.60,17,17,0,0.15,0.10,0.20,29.06,17,17,0,0.78,0.70,0.80,29.01,17,17,0,511.42,507.00,514.90,24.45,17,0,0
907184,0.34,0.30,0.40,30.49,17,17,0,0.01,-0.10,0.10,28.87,17,17,0,0.36,0.30,0.40,29.22,17,17,0,0.80,0.80,0.80,28.59,17,17,0,0.17,0.10,0.20,29.06,17,17,0,0.76,0.70,0.80,28.99,17,17,0,506.11,502.10,510.40,24.45,17,0,0
907687,0.34,0.30,0.40,30.51,17,17,0,0.02,-0.10,0.10,28.87,17,17,0,0.38,0.30,0.40,29.22,17,17,0,0.80,0.80,0.80,28.58,17,17,0,0.18,0.10,0.20,29.08,17,17,0,0.75,0.70,0.80,28.98,17,17,0,504.58,501.40,509.20,24.46,17,0,0
908187,0.36,0.30,0.40,30.50,17,17,0,0.01,-0.10,0.10,28.86,17,17,0,0.38,0.30,0.40,29.22,17,17,0,0.80,0.80,0.80,28.59,17,17,0,0.18,0.10,0.20,29.04,17,17,0,0.75,0.70,0.80,28.98,17,17,0,506.29,502.60,511.30,24.48,17,0,0
908690,0.34,0.30,0.40,30.49,17,17,0,0.03,0.00,0.10,28.88,17,17,0,0.38,0.30,0.40,29.22,17,17,0,0.80,0.80,0.80,28.58,17,17,0,0.16,0.10,0.20,29.07,17,17,0,0.76,0.70,0.80,28.98,17,17,0,509.74,506.50,515.10,24.46,17,0,0
909194,0.34,0.30,0.40,30.50,16,16,0,0.02,-0.10,0.10,28.86,16,16,0,0.38,0.30,0.40,29.20,16,16,0,0.80,0.80,0.80,28.58,16,16,0,0.16,0.10,0.20,29.06,16,16,0,0.76,0.70,0.80,29.00,16,16,0,515.94,511.20,520.70,24.47,16,0,0
909694,0.34,0.30,0.40,30.50,17,17,0,0.03,-0.10,0.10,28.86,17,17,0,0.35,0.30,0.40,29.21,17,17,0,0.80,0.80,0.80,28.57,17,17,0,0.18,0.10,0.30,29.04,17,17,0,0.74,0.70,0.80,29.00,17,17,0,515.82,511.10,520.70,24.46,17,0,0
910196,0.31,0.30,0.40,30.51,17,17,0,0.02,-0.10,0.10,28.87,17,17,0,0.36,0.30,0.40,29.21,17,17,0,0.81,0.80,0.90,28.59,17,17,0,0.17,0.10,0.20,29.05,17,17,0,0.76,0.70,0.80,28.99,17,17,0,514.22,508.50,517.90,24.44,17,0,0
910699,0.35,0.30,0.40,30.49,17,17,0,0.01,-0.10,0.10,28.87,17,17,0,0.37,0.30,0.40,29.21,17,17,0,0.80,0.80,0.80,28.59,17,17,0,0.18,0.10,0.20,29.04,17,17,0,0.78,0.70,0.80,28.99,17,17,0,512.92,509.50,517.90,24.44,17,0,0
911202,0.35,0.30,0.40,30.50,17,17,0,0.02,-0.10,0.10,28.87,17,17,0,0.36,0.30,0.40,29.21,17,17,0,0.79,0.70,0.80,28.59,17,17,0,0.16,0.10,0.20,29.05,17,17,0,0.76,0.70,0.80,28.98,17,17,0,514.11,508.90,517.80,24.45,17,0,0
911704,0.34,0.30,0.40,30.49,17,17,0,0.03,0.00,0.10,28.87,17,17,0,0.35,0.30,0.40,29.21,17,17,0,0.80,0.80,0.80,28.59,17,17,0,0.16,0.10,0.20,29.06,17,17,0,0.75,0.70,0.80,28.98,17,17,0,515.45,508.50,520.40,24.48,17,0,0
912213,0.32,0.30,0.40,30.49,17,17,0,0.01,-0.10,0.10,28.88,17,17,0,0.36,0.30,0.40,29.20,17,17,0,0.80,0.80,0.80,28.57,17,17,0,0.16,0.10,0.20,29.07,17,17,0,0.74,0.70,0.80,28.98,17,17,0,517.44,514.00,522.00,24.45,17,0,0
912725,0.36,0.30,0.40,30.51,17,17,0,0.01,-0.10,0.10,28.87,17,17,0,0.38,0.30,0.40,29.22,17,17,0,0.81,0.80,0.90,28.58,17,17,0,0.19,0.10,0.20,29.06,17,17,0,0.77,0.70,0.80,28.97,17,17,0,520.86,515.60,529.90,24.44,17,0,0
913225,0.34,0.30,0.40,30.48,16,16,0,0.02,-0.10,0.10,28.86,16,16,0,0.38,0.30,0.40,29.22,16,16,0,0.80,0.80,0.80,28.57,16,16,0,0.19,0.10,0.20,29.05,16,16,0,0.76,0.70,0.80,28.99,16,16,0,520.54,517.50,523.10,24.45,16,0,0
913732,0.35,0.30,0.40,30.49,17,17,0,0.04,0.00,0.10,28.87,17,17,0,0.38,0.30,0.40,29.21,17,17,0,0.80,0.80,0.80,28.56,17,17,0,0.18,0.10,0.20,29.06,17,17,0,0.78,0.70,0.80,28.97,17,17,0,521.72,517.50,527.70,24.44,17,0,0
914235,0.33,0.30,0.40,30.49,17,17,0,0.03,0.00,0.10,28.88,17,17,0,0.38,0.30,0.40,29.21,17,17,0,0.79,0.70,0.80,28.59,17,17,0,0.17,0.10,0.20,29.06,17,17,0,0.74,0.70,0.80,28.99,17,17,0,519.50,515.60,524.90,24.44,17,0,0
914747,0.35,0.30,0.40,30.51,17,17,0,0.02,-0.10,0.10,28.88,17,17,0,0.38,0.30,0.40,29.20,17,17,0,0.80,0.80,0.80,28.60,17,17,0,0.18,0.10,0.20,29.05,17,17,0,0.76,0.70,0.80,29.00,17,17,0,522.45,515.80,528.60,24.46,17,0,0
915247,0.33,0.30,0.40,30.49,16,16,0,0.01,-0.10,0.10,28.89,16,16,0,0.37,0.30,0.40,29.20,16,16,0,0.80,0.80,0.80,28.58,16,16,0,0.19,0.10,0.20,29.05,16,16,0,0.76,0.70,0.80,28.99,16,16,0,526.73,522.10,536.20,24.43,16,0,0
915750,0.35,0.30,0.40,30.50,17,17,0,0.02,0.00,0.10,28.88,17,17,0,0.38,0.30,0.40,29.20,17,17,0,0.80,0.80,0.80,28.57,17,17,0,0.18,0.10,0.20,29.06,17,17,0,0.76,0.70,0.80,28.98,17,17,0,528.58,521.80,535.70,24.45,17,0,0
916253,0.34,0.30,0.40,30.49,17,17,0,-0.01,-0.10,0.10,28.86,17,17,0,0.39,0.30,0.40,29.21,17,17,0,0.79,0.70,0.80,28.58,17,17,0,0.18,0.10,0.20,29.05,17,17,0,0.75,0.70,0.80,28.99,17,17,0,531.52,522.40,541.70,24.44,17,0,0
916753,0.34,0.30,0.40,30.51,16,16,0,-0.01,-0.10,0.10,28.88,16,16,0,0.37,0.30,0.40,29.24,16,16,0,0.80,0.80,0.80,28.59,16,16,0,0.18,0.10,0.20,29.07,16,16,0,0.76,0.70,0.80,28.99,16,16,0,535.42,525.30,540.60,24.42,16,0,0
917265,0.34,0.30,0.40,30.50,17,17,0,0.03,-0.10,0.10,28.89,17,17,0,0.38,0.30,0.40,29.21,17,17,0,0.80,0.80,0.80,28.58,17,17,0,0.15,0.10,0.20,29.06,17,17,0,0.76,0.70,0.80,28.98,17,17,0,535.00,528.60,542.10,24.44,17,0,0
917769,0.32,0.30,0.40,30.48,17,17,0,0.02,0.00,0.10,28.88,17,17,0,0.39,0.30,0.40,29.23,17,17,0,0.80,0.80,0.80,28.58,17,17,0,0.18,0.10,0.20,29.05,17,17,0,0.75,0.70,0.80,28.99,17,17,0,534.56,529.90,539.40,24.44,17,0,0
918272,0.33,0.30,0.40,30.50,17,17,0,0.02,-0.10,0.10,28.88,17,17,0,0.40,0.40,0.40,29.21,17,17,0,0.79,0.70,0.80,28.57,17,17,0,0.18,0.10,0.20,29.05,17,17,0,0.77,0.70,0.80,28.99,17,17,0,537.02,524.70,551.70,24.45,17,0,0
918772,0.33,0.30,0.40,30.50,17,17,0,0.05,-0.10,0.10,28.88,17,17,0,0.38,0.30,0.40,29.21,17,17,0,0.80,0.80,0.80,28.60,17,17,0,0.18,0.10,0.20,29.05,17,17,0,0.78,0.70,0.80,28.98,17,17,0,539.94,526.80,555.00,24.44,17,0,0
919275,0.34,0.30,0.40,30.49,17,17,0,0.04,0.00,0.10,28.88,17,17,0,0.38,0.30,0.40,29.21,17,17,0,0.79,0.70,0.80,28.59,17,17,0,0.18,0.10,0.20,29.06,17,17,0,0.75,0.70,0.80,28.99,17,17,0,540.88,531.30,549.70,24.43,17,0,0
919776,0.32,0.30,0.40,30.50,17,17,0,0.04,0.00,0.10,28.87,17,17,0,0.38,0.30,0.40,29.20,17,17,0,0.80,0.80,0.80,28.59,17,17,0,0.19,0.10,0.20,29.06,17,17,0,0.77,0.70,0.80,28.98,17,17,0,542.62,532.40,551.20,24.42,17,0,0
920276,0.33,0.30,0.40,30.50,17,17,0,0.02,0.00,0.10,28.87,17,17,0,0.37,0.30,0.40,29.23,17,17,0,0.80,0.80,0.80,28.58,17,17,0,0.16,0.10,0.20,29.06,17,17,0,0.76,0.70,0.80,28.99,17,17,0,546.42,543.00,550.80,24.42,17,0,0
920776,0.33,0.30,0.40,30.49,17,17,0,0.02,0.00,0.10,28.86,17,17,0,0.38,0.30,0.40,29.21,17,17,0,0.80,0.80,0.80,28.57,17,17,0,0.18,0.10,0.20,29.04,17,17,0,0.74,0.70,0.80,28.99,17,17,0,546.34,540.90,554.10,24.41,17,0,0
921284,0.33,0.30,0.40,30.48,17,17,0,0.04,-0.10,0.10,28.87,17,17,0,0.37,0.30,0.40,29.20,17,17,0,0.79,0.70,0.80,28.58,17,17,0,0.18,0.10,0.20,29.06,17,17,0,0.78,0.70,0.80,28.98,17,17,0,542.81,537.10,549.00,24.41,17,0,0
921788,0.33,0.30,0.40,30.49,17,17,0,0.01,-0.10,0.10,28.88,17,17,0,0.38,0.30,0.40,29.20,17,17,0,0.80,0.80,0.80,28.58,17,17,0,0.19,0.10,0.20,29.04,17,17,0,0.78,0.70,0.80,29.00,17,17,0,543.95,539.00,548.60,24.44,17,0,0
922288,0.31,0.30,0.40,30.51,17,17,0,0.05,0.00,0.10,28.86,17,17,0,0.36,0.30,0.40,29.21,17,17,0,0.80,0.80,0.80,28.57,17,17,0,0.17,0.10,0.20,29.05,17,17,0,0.77,0.70,0.80,29.00,17,17,0,547.04,541.70,552.80,24.43,17,0,0
922788,0.34,0.30,0.40,30.49,17,17,0,0.00,-0.10,0.10,28.87,17,17,0,0.38,0.30,0.40,29.21,17,17,0,0.80,0.80,0.80,28.58,17,17,0,0.18,0.10,0.20,29.06,17,17,0,0.76,0.70,0.80,28.98,17,17,0,549.10,544.50,556.20,24.42,17,0,0
923294,0.34,0.30,0.40,30.49,17,17,0,0.01,-0.10,0.10,28.88,17,17,0,0.37,0.30,0.40,29.21,17,17,0,0.79,0.70,0.80,28.58,17,17,0,0.16,0.10,0.20,29.05,17,17,0,0.77,0.70,0.80,28.99,17,17,0,553.72,549.00,560.10,24.41,17,0,0
923794,0.33,0.30,0.40,30.51,17,17,0,0.01,-0.10,0.10,28.88,17,17,0,0.36,0.30,0.40,29.21,17,17,0,0.80,0.80,0.80,28.58,17,17,0,0.17,0.10,0.20,29.06,17,17,0,0.75,0.70,0.80,28.98,17,17,0,555.16,550.90,559.50,24.42,17,0,0
924301,0.34,0.30,0.40,30.50,17,17,0,0.01,-0.10,0.10,28.88,17,17,0,0.37,0.30,0.40,29.22,17,17,0,0.80,0.80,0.80,28.57,17,17,0,0.17,0.10,0.20,29.04,17,17,0,0.75,0.70,0.80,28.98,17,17,0,553.22,549.30,558.40,24.43,17,0,0
924801,0.34,0.30,0.40,30.49,17,17,0,0.02,-0.10,0.10,28.88,17,17,0,0.38,0.30,0.40,29.22,17,17,0,0.81,0.80,0.90,28.59,17,17,0,0.16,0.10,0.20,29.07,17,17,0,0.75,0.70,0.80,28.99,17,17,0,549.89,545.70,555.40,24.43,17,0,0
925310,0.32,0.30,0.40,30.50,17,17,0,0.00,-0.10,0.10,28.86,17,17,0,0.38,0.30,0.40,29.20,17,17,0,0.80,0.80,0.80,28.59,17,17,0,0.19,0.10,0.20,29.07,17,17,0,0.77,0.70,0.80,28.98,17,17,0,550.32,545.90,553.90,24.41,17,0,0
925819,0.35,0.30,0.40,30.51,17,17,0,0.02,0.00,0.10,28.87,17,17,0,0.39,0.30,0.40,29.22,17,17,0,0.80,0.80,0.80,28.57,17,17,0,0.16,0.10,0.20,29.06,17,17,0,0.76,0.70,0.80,28.98,17,17,0,551.21,545.90,555.70,24.42,17,0,0
926319,0.35,0.30,0.40,30.49,17,17,0,0.02,0.00,0.10,28.87,17,17,0,0.37,0.30,0.40,29.22,17,17,0,0.81,0.80,0.90,28.58,17,17,0,0.17,0.10,0.20,29.04,17,17,0,0.76,0.70,0.80,28.99,17,17,0,553.04,548.00,557.00,24.38,17,0,0
926820,0.33,0.30,0.40,30.50,17,17,0,0.02,0.00,0.10,28.90,17,17,0,0.36,0.30,0.40,29.22,17,17,0,0.80,0.80,0.80,28.59,17,17,0,0.19,0.10,0.20,29.05,17,17,0,0.77,0.70,0.80,28.98,17,17,0,558.94,553.80,563.50,24.42,17,0,0
927323,0.35,0.30,0.40,30.50,17,17,0,0.04,0.00,0.10,28.87,17,17,0,0.38,0.30,0.40,29.22,17,17,0,0.80,0.80,0.80,28.58,17,17,0,0.17,0.10,0.20,29.06,17,17,0,0.75,0.70,0.80,28.99,17,17,0,557.96,551.80,563.20,24.42,17,0,0
927823,0.34,0.30,0.40,30.49,16,16,0,0.04,-0.10,0.10,28.88,16,16,0,0.38,0.30,0.40,29.21,16,16,0,0.79,0.70,0.80,28.57,16,16,0,0.19,0.10,0.20,29.06,16,16,0,0.78,0.70,0.80,28.99,16,16,0,554.41,551.50,558.10,24.41,16,0,0
928326,0.34,0.30,0.40,30.50,17,17,0,0.01,0.00,0.10,28.86,17,17,0,0.38,0.30,0.40,29.23,17,17,0,0.79,0.70,0.80,28.58,17,17,0,0.18,0.10,0.20,29.06,17,17,0,0.77,0.70,0.80,28.98,17,17,0,549.59,544.00,555.40,24.40,17,0,0
928826,0.33,0.30,0.40,30.49,17,17,0,0.02,0.00,0.10,28.88,17,17,0,0.39,0.30,0.40,29.21,17,17,0,0.81,0.80,0.90,28.58,17,17,0,0.18,0.10,0.20,29.04,17,17,0,0.76,0.70,0.80,28.98,17,17,0,548.88,546.00,554.90,24.42,17,0,0
929331,0.34,0.30,0.40,30.50,17,17,0,0.05,0.00,0.10,28.87,17,17,0,0.37,0.30,0.40,29.22,17,17,0,0.80,0.80,0.80,28.58,17,17,0,0.17,0.10,0.20,29.06,17,17,0,0.78,0.70,0.80,28.99,17,17,0,549.72,544.50,552.80,24.42,17,0,0
929831,0.34,0.30,0.40,30.50,17,17,0,0.04,-0.10,0.10,28.86,17,17,0,0.38,0.30,0.40,29.22,17,17,0,0.80,0.80,0.80,28.59,17,17,0,0.18,0.10,0.20,29.07,17,17,0,0.78,0.70,0.80,28.99,17,17,0,552.42,547.80,557.00,24.41,17,0,0
930332,0.34,0.30,0.40,30.49,17,17,0,0.02,0.00,0.10,28.88,17,17,0,0.36,0.30,0.40,29.22,17,17,0,0.80,0.80,0.80,28.57,17,17,0,0.17,0.10,0.20,29.05,17,17,0,0.76,0.70,0.80,28.98,17,17,0,557.49,554.10,563.00,24.40,17,0,0
930832,0.34,0.30,0.40,30.50,17,17,0,0.02,-0.10,0.10,28.86,17,17,0,0.37,0.30,0.40,29.21,17,17,0,0.79,0.70,0.80,28.58,17,17,0,0.18,0.10,0.20,29.06,17,17,0,0.77,0.70,0.80,28.98,17,17,0,557.48,551.50,561.60,24.41,17,0,0
931332,0.32,0.30,0.40,30.50,17,17,0,0.03,-0.10,0.10,28.87,17,17,0,0.39,0.30,0.40,29.22,17,17,0,0.81,0.80,0.90,28.58,17,17,0,0.17,0.10,0.20,29.03,17,17,0,0.77,0.70,0.80,28.98,17,17,0,551.92,547.60,557.40,24.38,17,0,0
931832,0.33,0.30,0.40,30.49,17,17,0,0.02,-0.10,0.10,28.88,17,17,0,0.37,0.30,0.40,29.21,17,17,0,0.80,0.80,0.80,28.58,17,17,0,0.17,0.10,0.20,29.04,17,17,0,0.76,0.70,0.80,28.98,17,17,0,546.78,542.10,552.70,24.41,17,0,0
932332,0.32,0.30,0.40,30.50,17,17,0,0.03,0.00,0.10,28.88,17,17,0,0.37,0.30,0.40,29.21,17,17,0,0.80,0.80,0.80,28.57,17,17,0,0.18,0.10,0.20,29.05,17,17,0,0.78,0.70,0.80,28.98,17,17,0,544.97,540.60,551.50,24.39,17,0,0
932832,0.34,0.30,0.40,30.49,17,17,0,0.05,0.00,0.10,28.89,17,17,0,0.37,0.30,0.40,29.22,17,17,0,0.80,0.80,0.80,28.59,17,17,0,0.18,0.10,0.20,29.04,17,17,0,0.77,0.70,0.80,28.98,17,17,0,545.69,541.60,550.80,24.42,17,0,0
933334,0.32,0.30,0.40,30.50,17,17,0,0.02,-0.10,0.10,28.87,17,17,0,0.38,0.30,0.40,29.21,17,17,0,0.80,0.80,0.80,28.57,17,17,0,0.17,0.10,0.20,29.05,17,17,0,0.77,0.70,0.80,28.98,17,17,0,549.62,545.80,554.70,24.43,17,0,0
933834,0.33,0.30,0.40,30.51,17,17,0,0.02,-0.10,0.10,28.88,17,17,0,0.37,0.30,0.40,29.21,17,17,0,0.80,0.80,0.80,28.59,17,17,0,0.16,0.10,0.20,29.05,17,17,0,0.78,0.70,0.80,28.99,17,17,0,553.81,549.80,559.00,24.41,17,0,0
934334,0.31,0.30,0.40,30.49,17,17,0,0.02,-0.10,0.10,28.85,17,17,0,0.38,0.30,0.40,29.21,17,17,0,0.80,0.80,0.80,28.58,17,17,0,0.18,0.10,0.20,29.04,17,17,0,0.75,0.70,0.80,28.98,17,17,0,554.39,549.50,560.90,24.41,17,0,0
934837,0.32,0.30,0.40,30.48,17,17,0,0.04,-0.10,0.10,28.87,17,17,0,0.38,0.30,0.40,29.21,17,17,0,0.80,0.80,0.80,28.57,17,17,0,0.18,0.10,0.30,29.05,17,17,0,0.75,0.70,0.80,28.98,17,17,0,548.18,543.90,551.60,24.43,17,0,0
935342,0.33,0.30,0.40,30.50,17,17,0,0.02,-0.10,0.10,28.87,17,17,0,0.35,0.30,0.40,29.21,17,17,0,0.81,0.80,0.90,28.59,17,17,0,0.16,0.10,0.20,29.05,17,17,0,0.76,0.70,0.80,28.99,17,17,0,540.16,534.70,544.60,24.39,17,0,0
935846,0.34,0.30,0.40,30.48,17,17,0,0.02,0.00,0.10,28.86,17,17,0,0.38,0.30,0.40,29.23,17,17,0,0.80,0.80,0.80,28.58,17,17,0,0.16,0.10,0.20,29.06,17,17,0,0.78,0.70,0.80,28.99,17,17,0,537.39,531.20,543.40,24.41,17,0,0
936347,0.35,0.30,0.40,30.48,17,17,0,0.02,-0.10,0.10,28.86,17,17,0,0.39,0.30,0.40,29.21,17,17,0,0.81,0.80,0.90,28.56,17,17,0,0.18,0.10,0.20,29.06,17,17,0,0.78,0.70,0.80,28.99,17,17,0,537.76,532.40,542.40,24.43,17,0,0
936847,0.33,0.30,0.40,30.48,17,17,0,0.03,-0.10,0.10,28.86,17,17,0,0.39,0.30,0.40,29.22,17,17,0,0.80,0.80,0.80,28.58,17,17,0,0.18,0.10,0.20,29.05,17,17,0,0.76,0.70,0.80,29.00,17,17,0,539.58,536.30,544.20,24.43,17,0,0
937353,0.36,0.30,0.40,30.50,17,17,0,0.03,0.00,0.10,28.88,17,17,0,0.36,0.30,0.40,29.21,17,17,0,0.80,0.80,0.80,28.57,17,17,0,0.18,0.10,0.20,29.05,17,17,0,0.76,0.70,0.80,28.98,17,17,0,544.49,539.70,548.40,24.42,17,0,0
937856,0.33,0.30,0.40,30.49,17,17,0,0.00,-0.10,0.10,28.87,17,17,0,0.35,0.30,0.40,29.21,17,17,0,0.80,0.80,0.80,28.59,17,17,0,0.19,0.10,0.20,29.04,17,17,0,0.76,0.70,0.80,28.98,17,17,0,544.53,538.40,550.50,24.42,17,0,0
938356,0.33,0.30,0.40,30.48,17,17,0,0.02,0.00,0.10,28.91,17,17,0,0.38,0.30,0.40,29.23,17,17,0,0.80,0.80,0.80,28.57,17,17,0,0.17,0.10,0.20,29.05,17,17,0,0.76,0.70,0.80,28.97,17,17,0,536.81,531.90,542.70,24.43,17,0,0
938859,0.34,0.30,0.40,30.50,17,17,0,0.04,0.00,0.10,28.86,17,17,0,0.37,0.30,0.40,29.22,17,17,0,0.79,0.70,0.80,28.58,17,17,0,0.18,0.10,0.20,29.04,17,17,0,0.74,0.70,0.80,28.97,17,17,0,529.61,524.20,537.10,24.43,17,0,0
939367,0.31,0.30,0.40,30.50,17,17,0,0.04,0.00,0.10,28.88,17,17,0,0.39,0.30,0.40,29.21,17,17,0,0.80,0.80,0.80,28.58,17,17,0,0.16,0.10,0.20,29.05,17,17,0,0.75,0.70,0.80,28.97,17,17,0,525.18,520.60,530.20,24.42,17,0,0
939868,0.34,0.30,0.40,30.50,17,17,0,0.05,-0.10,0.10,28.87,17,17,0,0.38,0.30,0.40,29.21,17,17,0,0.80,0.80,0.80,28.57,17,17,0,0.18,0.10,0.20,29.05,17,17,0,0.75,0.70,0.80,28.99,17,17,0,524.45,519.30,530.00,24.42,17,0,0
940368,0.32,0.30,0.40,30.48,17,17,0,0.01,-0.10,0.10,28.87,17,17,0,0.36,0.30,0.40,29.21,17,17,0,0.80,0.80,0.80,28.58,17,17,0,0.18,0.10,0.20,29.05,17,17,0,0.77,0.70,0.80,28.99,17,17,0,528.36,524.60,534.30,24.42,17,0,0
940875,0.34,0.30,0.40,30.49,17,17,0,0.01,-0.10,0.10,28.88,17,17,0,0.38,0.30,0.40,29.24,17,17,0,0.80,0.80,0.80,28.57,17,17,0,0.17,0.10,0.20,29.02,17,17,0,0.75,0.70,0.80,28.97,17,17,0,532.62,527.40,537.50,24.41,17,0,0
941375,0.35,0.30,0.40,30.49,17,17,0,0.00,-0.10,0.10,28.89,17,17,0,0.36,0.30,0.40,29.22,17,17,0,0.80,0.80,0.80,28.57,17,17,0,0.19,0.10,0.20,29.05,17,17,0,0.79,0.70,0.80,28.97,17,17,0,535.09,531.30,540.60,24.41,17,0,0
941875,0.32,0.30,0.40,30.50,17,17,0,0.00,-0.10,0.10,28.85,17,17,0,0.38,0.30,0.40,29.22,17,17,0,0.80,0.80,0.80,28.58,17,17,0,0.18,0.10,0.20,29.03,17,17,0,0.75,0.70,0.80,29.01,17,17,0,530.28,525.80,535.50,24.43,17,0,0
942382,0.34,0.30,0.40,30.48,17,17,0,0.01,-0.10,0.10,28.87,17,17,0,0.38,0.30,0.40,29.22,17,17,0,0.80,0.80,0.80,28.56,17,17,0,0.19,0.10,0.20,29.04,17,17,0,0.78,0.70,0.80,28.97,17,17,0,525.14,519.90,532.30,24.41,17,0,0
942886,0.35,0.30,0.40,30.50,17,17,0,0.03,0.00,0.10,28.87,17,17,0,0.38,0.30,0.40,29.21,17,17,0,0.80,0.80,0.80,28.56,17,17,0,0.17,0.10,0.20,29.04,17,17,0,0.76,0.70,0.80,28.98,17,17,0,522.28,518.50,527.50,24.44,17,0,0
943397,0.31,0.30,0.40,30.49,17,17,0,0.02,-0.10,0.10,28.86,17,17,0,0.36,0.30,0.40,29.20,17,17,0,0.80,0.80,0.80,28.54,17,17,0,0.17,0.10,0.20,29.05,17,17,0,0.75,0.70,0.80,28.97,17,17,0,521.44,517.80,525.90,24.43,17,0,0
943900,0.32,0.30,0.40,30.50,17,17,0,0.03,-0.10,0.10,28.87,17,17,0,0.36,0.30,0.40,29.20,17,17,0,0.80,0.80,0.80,28.58,17,17,0,0.18,0.10,0.20,29.04,17,17,0,0.78,0.70,0.80,28.96,17,17,0,521.79,517.90,526.90,24.43,17,0,0
944400,0.32,0.30,0.40,30.49,17,17,0,0.01,-0.10,0.10,28.87,17,17,0,0.36,0.30,0.40,29.23,17,17,0,0.80,0.80,0.80,28.58,17,17,0,0.19,0.10,0.20,29.05,17,17,0,0.75,0.70,0.80,28.98,17,17,0,526.78,522.90,531.80,24.42,17,0,0
944900,0.33,0.30,0.40,30.49,17,17,0,0.01,0.00,0.10,28.87,17,17,0,0.36,0.30,0.40,29.22,17,17,0,0.79,0.70,0.80,28.58,17,17,0,0.18,0.10,0.20,29.04,17,17,0,0.76,0.70,0.80,28.97,17,17,0,526.15,520.10,531.30,24.43,17,0,0
945408,0.36,0.30,0.40,30.49,17,17,0,0.01,-0.10,0.10,28.88,17,17,0,0.38,0.30,0.40,29.23,17,17,0,0.81,0.80,0.90,28.57,17,17,0,0.19,0.10,0.20,29.04,17,17,0,0.77,0.70,0.80,28.98,17,17,0,519.06,514.40,523.80,24.43,17,0,0
945916,0.32,0.30,0.40,30.50,17,17,0,0.02,-0.10,0.10,28.86,17,17,0,0.38,0.30,0.40,29.20,17,17,0,0.80,0.80,0.80,28.57,17,17,0,0.19,0.10,0.20,29.05,17,17,0,0.75,0.70,0.80,28.99,17,17,0,513.80,509.30,520.00,24.42,17,0,0
946419,0.34,0.30,0.40,30.49,17,17,0,0.01,-0.10,0.10,28.87,17,17,0,0.36,0.30,0.40,29.22,17,17,0,0.80,0.80,0.80,28.58,17,17,0,0.19,0.10,0.20,29.05,17,17,0,0.76,0.70,0.80,28.97,17,17,0,512.08,505.20,516.40,24.44,17,0,0
946931,0.34,0.30,0.40,30.48,17,17,0,0.03,-0.10,0.10,28.87,17,17,0,0.37,0.30,0.40,29.20,17,17,0,0.80,0.80,0.80,28.56,17,17,0,0.16,0.10,0.20,29.05,17,17,0,0.75,0.70,0.80,28.98,17,17,0,512.02,507.20,516.00,24.44,17,0,0
947433,0.36,0.30,0.40,30.51,17,17,0,0.00,-0.10,0.10,28.86,17,17,0,0.36,0.30,0.40,29.21,17,17,0,0.80,0.80,0.80,28.58,17,17,0,0.19,0.10,0.20,29.04,17,17,0,0.76,0.70,0.80,28.99,17,17,0,515.12,510.90,519.00,24.43,17,0,0
947939,0.35,0.30,0.40,30.49,17,17,0,0.02,0.00,0.10,28.86,17,17,0,0.38,0.30,0.40,29.23,17,17,0,0.80,0.80,0.80,28.55,17,17,0,0.18,0.10,0.20,29.05,17,17,0,0.79,0.70,0.80,28.97,17,17,0,519.65,514.00,524.40,24.42,17,0,0
948443,0.34,0.30,0.40,30.51,17,17,0,0.02,-0.10,0.10,28.86,17,17,0,0.38,0.30,0.40,29.22,17,17,0,0.80,0.80,0.80,28.55,17,17,0,0.17,0.10,0.20,29.04,17,17,0,0.75,0.70,0.80,28.97,17,17,0,522.65,518.30,527.20,24.42,17,0,0
948946,0.35,0.30,0.40,30.50,17,17,0,0.01,-0.10,0.10,28.87,17,17,0,0.36,0.30,0.40,29.22,17,17,0,0.80,0.80,0.80,28.57,17,17,0,0.18,0.10,0.20,29.04,17,17,0,0.76,0.70,0.80,28.97,17,17,0,519.69,516.00,523.30,24.44,17,0,0
949457,0.31,0.30,0.40,30.51,17,17,0,0.04,-0.10,0.10,28.87,17,17,0,0.36,0.30,0.40,29.21,17,17,0,0.80,0.80,0.80,28.57,17,17,0,0.18,0.10,0.20,29.04,17,17,0,0.77,0.70,0.80,28.99,17,17,0,513.95,507.80,520.60,24.42,17,0,0
949957,0.35,0.30,0.40,30.50,17,17,0,0.04,0.00,0.10,28.87,17,17,0,0.38,0.30,0.40,29.23,17,17,0,0.80,0.80,0.80,28.56,17,17,0,0.19,0.10,0.20,29.04,17,17,0,0.78,0.70,0.80,28.98,17,17,0,510.86,505.80,514.60,24.44,17,0,0
950457,0.34,0.30,0.40,30.49,17,17,0,0.04,-0.10,0.10,28.86,17,17,0,0.39,0.30,0.40,29.20,17,17,0,0.79,0.70,0.80,28.56,17,17,0,0.19,0.10,0.20,29.06,17,17,0,0.76,0.70,0.80,28.97,17,17,0,510.74,506.20,514.70,24.42,17,0,0
950957,0.31,0.30,0.40,30.49,17,17,0,0.02,-0.10,0.10,28.88,17,17,0,0.36,0.30,0.40,29.24,17,17,0,0.80,0.80,0.80,28.57,17,17,0,0.17,0.10,0.20,29.03,17,17,0,0.75,0.70,0.80,28.98,17,17,0,512.46,508.90,517.00,24.43,17,0,0
951461,0.32,0.30,0.40,30.49,17,17,0,0.01,-0.10,0.10,28.86,17,17,0,0.37,0.30,0.40,29.22,17,17,0,0.80,0.80,0.80,28.58,17,17,0,0.18,0.10,0.20,29.05,17,17,0,0.74,0.70,0.80,28.97,17,17,0,516.67,512.00,521.10,24.42,17,0,0
951963,0.35,0.30,0.40,30.48,17,17,0,0.02,-0.10,0.10,28.86,17,17,0,0.38,0.30,0.40,29.20,17,17,0,0.80,0.80,0.80,28.57,17,17,0,0.18,0.10,0.20,29.03,17,17,0,0.75,0.70,0.80,28.97,17,17,0,518.29,514.10,524.40,24.44,17,0,0
952467,0.32,0.30,0.40,30.50,17,17,0,0.01,-0.10,0.10,28.86,17,17,0,0.36,0.30,0.40,29.21,17,17,0,0.80,0.80,0.80,28.58,17,17,0,0.19,0.10,0.20,29.05,17,17,0,0.76,0.70,0.80,28.97,17,17,0,516.09,511.30,519.80,24.42,17,0,0
952967,0.34,0.30,0.40,30.50,17,17,0,0.01,-0.10,0.10,28.87,17,17,0,0.35,0.30,0.40,29.19,17,17,0,0.79,0.70,0.80,28.56,17,17,0,0.17,0.10,0.20,29.04,17,17,0,0.78,0.70,0.80,28.99,17,17,0,512.19,507.50,519.70,24.43,17,0,0
953469,0.32,0.30,0.40,30.49,17,17,0,-0.01,-0.10,0.10,28.88,17,17,0,0.36,0.30,0.40,29.22,17,17,0,0.79,0.70,0.80,28.56,17,17,0,0.18,0.10,0.30,29.05,17,17,0,0.75,0.70,0.80,28.98,17,17,0,508.75,503.60,514.00,24.43,17,0,0
953977,0.34,0.30,0.40,30.50,17,17,0,-0.01,-0.10,0.10,28.87,17,17,0,0.36,0.30,0.40,29.22,17,17,0,0.81,0.80,0.90,28.58,17,17,0,0.19,0.10,0.20,29.04,17,17,0,0.75,0.70,0.80,28.96,17,17,0,508.74,503.20,514.70,24.43,17,0,0
954477,0.34,0.30,0.40,30.49,17,17,0,0.02,0.00,0.10,28.87,17,17,0,0.35,0.30,0.40,29.23,17,17,0,0.80,0.80,0.80,28.56,17,17,0,0.16,0.10,0.20,29.04,17,17,0,0.78,0.70,0.80,28.98,17,17,0,513.39,509.80,520.40,24.43,17,0,0
954980,0.33,0.30,0.40,30.48,17,17,0,0.04,-0.10,0.10,28.87,17,17,0,0.36,0.30,0.40,29.22,17,17,0,0.80,0.80,0.80,28.57,17,17,0,0.18,0.10,0.20,29.04,17,17,0,0.76,0.70,0.80,28.98,17,17,0,517.66,513.60,524.70,24.44,17,0,0
955481,0.36,0.30,0.40,30.50,17,17,0,0.03,0.00,0.10,28.87,17,17,0,0.37,0.30,0.40,29.22,17,17,0,0.81,0.80,0.90,28.57,17,17,0,0.19,0.10,0.30,29.04,17,17,0,0.76,0.70,0.80,29.00,17,17,0,521.01,516.90,526.90,24.43,17,0,0
955985,0.32,0.30,0.40,30.50,17,17,0,-0.00,-0.10,0.10,28.86,17,17,0,0.35,0.30,0.40,29.22,17,17,0,0.80,0.80,0.80,28.56,17,17,0,0.19,0.10,0.20,29.05,17,17,0,0.78,0.70,0.80,28.97,17,17,0,520.29,516.00,525.10,24.46,17,0,0
956485,0.34,0.30,0.40,30.50,16,16,0,0.03,0.00,0.10,28.87,16,16,0,0.37,0.30,0.40,29.21,16,16,0,0.80,0.80,0.80,28.56,16,16,0,0.18,0.10,0.20,29.03,16,16,0,0.77,0.70,0.80,28.99,16,16,0,513.66,511.00,517.60,24.44,16,0,0
956993,0.35,0.30,0.40,30.49,17,17,0,0.03,0.00,0.10,28.88,17,17,0,0.38,0.30,0.40,29.22,17,17,0,0.80,0.80,0.80,28.54,17,17,0,0.18,0.10,0.20,29.05,17,17,0,0.77,0.70,0.80,28.97,17,17,0,510.82,507.90,515.80,24.41,17,0,0
957498,0.34,0.30,0.40,30.49,17,17,0,0.02,-0.10,0.10,28.86,17,17,0,0.37,0.30,0.40,29.22,17,17,0,0.80,0.80,0.80,28.57,17,17,0,0.17,0.10,0.20,29.04,17,17,0,0.76,0.70,0.80,28.99,17,17,0,510.76,505.50,516.40,24.44,17,0,0
957998,0.32,0.30,0.40,30.49,17,17,0,0.02,-0.10,0.10,28.87,17,17,0,0.36,0.30,0.40,29.21,17,17,0,0.80,0.80,0.80,28.57,17,17,0,0.17,0.10,0.20,29.05,17,17,0,0.78,0.70,0.80,28.98,17,17,0,512.49,508.70,516.00,24.41,17,0,0
958498,0.31,0.30,0.40,30.50,17,17,0,0.02,-0.10,0.10,28.86,17,17,0,0.38,0.30,0.40,29.23,17,17,0,0.79,0.70,0.80,28.57,17,17,0,0.18,0.10,0.30,29.06,17,17,0,0.76,0.70,0.80,28.98,17,17,0,515.77,510.00,519.10,24.42,17,0,0
959001,0.34,0.30,0.40,30.48,17,17,0,-0.01,-0.10,0.10,28.86,17,17,0,0.35,0.30,0.40,29.22,17,17,0,0.79,0.70,0.80,28.55,17,17,0,0.18,0.10,0.20,29.05,17,17,0,0.76,0.70,0.80,28.98,17,17,0,518.79,515.60,522.70,24.43,17,0,0
959509,0.34,0.30,0.40,30.49,17,17,0,0.00,-0.10,0.10,28.89,17,17,0,0.36,0.30,0.40,29.22,17,17,0,0.80,0.80,0.80,28.57,17,17,0,0.18,0.10,0.20,29.04,17,17,0,0.76,0.70,0.80,28.98,17,17,0,519.92,516.10,523.50,24.45,17,0,0
960011,0.32,0.30,0.40,30.50,17,17,0,0.05,0.00,0.10,28.87,17,17,0,0.37,0.30,0.40,29.21,17,17,0,0.79,0.70,0.80,28.57,17,17,0,0.19,0.10,0.20,29.04,17,17,0,0.79,0.70,0.80,28.99,17,17,0,512.76,509.00,518.50,24.42,17,0,0
960511,0.33,0.30,0.40,30.49,17,17,0,0.04,0.00,0.10,28.88,17,17,0,0.36,0.30,0.40,29.22,17,17,0,0.79,0.70,0.80,28.57,17,17,0,0.15,0.10,0.20,29.04,17,17,0,0.77,0.70,0.80,28.98,17,17,0,510.12,506.30,513.20,24.42,17,0,0
961011,0.34,0.30,0.40,30.49,17,17,0,0.00,-0.10,0.10,28.86,17,17,0,0.36,0.30,0.40,29.21,17,17,0,0.79,0.70,0.80,28.55,17,17,0,0.17,0.10,0.20,29.04,17,17,0,0.78,0.70,0.80,28.97,17,17,0,510.25,505.60,513.70,24.43,17,0,0
961513,0.32,0.30,0.40,30.50,17,17,0,0.02,-0.10,0.10,28.87,17,17,0,0.36,0.30,0.40,29.23,17,17,0,0.79,0.70,0.80,28.57,17,17,0,0.19,0.10,0.20,29.05,17,17,0,0.78,0.70,0.80,28.98,17,17,0,511.87,508.50,517.70,24.43,17,0,0
962013,0.33,0.30,0.40,30.49,17,17,0,0.02,0.00,0.10,28.86,17,17,0,0.36,0.30,0.40,29.22,17,17,0,0.80,0.80,0.80,28.56,17,17,0,0.18,0.10,0.20,29.05,17,17,0,0.77,0.70,0.80,28.97,17,17,0,514.13,509.80,519.50,24.42,17,0,0
962514,0.35,0.30,0.40,30.52,17,17,0,0.04,0.00,0.10,28.87,17,17,0,0.35,0.30,0.40,29.20,17,17,0,0.80,0.80,0.80,28.53,17,17,0,0.18,0.10,0.20,29.05,17,17,0,0.79,0.70,0.80,28.98,17,17,0,514.02,508.00,518.10,24.43,17,0,0
963014,0.34,0.30,0.40,30.49,17,17,0,0.04,0.00,0.10,28.87,17,17,0,0.36,0.30,0.40,29.21,17,17,0,0.80,0.80,0.80,28.57,17,17,0,0.16,0.10,0.20,29.05,17,17,0,0.78,0.70,0.80,28.96,17,17,0,513.98,508.20,520.40,24.42,17,0,0
963514,0.34,0.30,0.40,30.49,17,17,0,0.02,-0.10,0.10,28.87,17,17,0,0.35,0.30,0.40,29.23,17,17,0,0.80,0.80,0.80,28.57,17,17,0,0.19,0.10,0.20,29.07,17,17,0,0.74,0.70,0.80,28.96,17,17,0,506.08,502.10,511.70,24.43,17,0,0
964024,0.35,0.30,0.40,30.50,17,17,0,0.05,0.00,0.10,28.86,17,17,0,0.38,0.30,0.40,29.21,17,17,0,0.80,0.80,0.80,28.57,17,17,0,0.18,0.10,0.20,29.05,17,17,0,0.78,0.70,0.80,28.98,17,17,0,502.94,498.90,507.80,24.44,17,0,0
964534,0.35,0.30,0.40,30.49,17,17,0,0.01,-0.10,0.10,28.86,17,17,0,0.38,0.30,0.40,29.22,17,17,0,0.80,0.80,0.80,28.56,17,17,0,0.20,0.10,0.30,29.05,17,17,0,0.77,0.70,0.80,29.00,17,17,0,504.30,500.60,508.80,24.44,17,0,0
965041,0.33,0.30,0.40,30.49,17,17,0,0.01,-0.10,0.10,28.86,17,17,0,0.36,0.30,0.40,29.22,17,17,0,0.81,0.80,0.90,28.55,17,17,0,0.18,0.10,0.20,29.05,17,17,0,0.78,0.70,0.80,28.98,17,17,0,506.11,501.50,511.00,24.43,17,0,0
965550,0.35,0.30,0.40,30.50,17,17,0,0.02,-0.10,0.10,28.87,17,17,0,0.38,0.30,0.40,29.22,17,17,0,0.81,0.80,0.90,28.56,17,17,0,0.16,0.10,0.20,29.05,17,17,0,0.78,0.70,0.80,28.98,17,17,0,513.44,508.80,517.80,24.42,17,0,0
966050,0.34,0.30,0.40,30.48,16,16,0,0.01,-0.10,0.10,28.87,16,16,0,0.38,0.30,0.40,29.22,16,16,0,0.80,0.80,0.80,28.55,16,16,0,0.18,0.10,0.20,29.04,16,16,0,0.77,0.70,0.80,28.99,16,16,0,516.70,512.80,519.70,24.44,16,0,0
966550,0.34,0.30,0.40,30.50,17,17,0,0.02,-0.10,0.10,28.86,17,17,0,0.38,0.30,0.40,29.23,17,17,0,0.81,0.80,0.90,28.55,17,17,0,0.18,0.10,0.20,29.04,17,17,0,0.78,0.70,0.80,28.99,17,17,0,518.77,514.80,526.40,24.43,17,0,0
967051,0.32,0.30,0.40,30.50,17,17,0,0.01,0.00,0.10,28.88,17,17,0,0.39,0.30,0.40,29.22,17,17,0,0.80,0.80,0.80,28.57,17,17,0,0.17,0.10,0.20,29.06,17,17,0,0.77,0.70,0.80,28.97,17,17,0,509.34,505.90,514.10,24.43,17,0,0
967553,0.34,0.30,0.40,30.48,17,17,0,0.01,-0.10,0.10,28.87,17,17,0,0.35,0.30,0.40,29.22,17,17,0,0.80,0.80,0.80,28.56,17,17,0,0.18,0.10,0.20,29.05,17,17,0,0.76,0.70,0.80,28.97,17,17,0,505.77,500.20,508.70,24.43,17,0,0
968053,0.34,0.30,0.40,30.50,17,17,0,0.02,0.00,0.10,28.88,17,17,0,0.38,0.30,0.40,29.23,17,17,0,0.80,0.80,0.80,28.59,17,17,0,0.18,0.10,0.20,29.03,17,17,0,0.77,0.70,0.80,28.99,17,17,0,505.84,502.90,508.70,24.42,17,0,0
968553,0.35,0.30,0.40,30.48,17,17,0,0.02,-0.10,0.10,28.88,17,17,0,0.38,0.30,0.40,29.23,17,17,0,0.79,0.70,0.80,28.57,17,17,0,0.18,0.10,0.20,29.05,17,17,0,0.76,0.70,0.80,28.97,17,17,0,508.18,503.00,510.80,24.44,17,0,0
969053,0.38,0.30,0.40,30.50,17,17,0,0.04,0.00,0.10,28.87,17,17,0,0.39,0.30,0.40,29.22,17,17,0,0.79,0.70,0.80,28.56,17,17,0,0.18,0.10,0.20,29.05,17,17,0,0.76,0.70,0.80,28.98,17,17,0,514.19,510.30,518.00,24.43,17,0,0
969560,0.33,0.30,0.40,30.50,17,17,0,0.05,0.00,0.10,28.87,17,17,0,0.38,0.30,0.40,29.23,17,17,0,0.79,0.70,0.80,28.56,17,17,0,0.18,0.10,0.20,29.04,17,17,0,0.76,0.70,0.80,28.99,17,17,0,518.15,513.00,523.50,24.45,17,0,0
970064,0.35,0.30,0.40,30.49,17,17,0,0.02,-0.10,0.10,28.86,17,17,0,0.38,0.30,0.40,29.23,17,17,0,0.80,0.80,0.80,28.55,17,17,0,0.16,0.10,0.20,29.06,17,17,0,0.76,0.70,0.80,28.99,17,17,0,518.22,515.10,522.30,24.43,17,0,0
970564,0.33,0.30,0.40,30.50,17,17,0,0.01,0.00,0.10,28.87,17,17,0,0.36,0.30,0.40,29.22,17,17,0,0.80,0.80,0.80,28.57,17,17,0,0.18,0.10,0.20,29.04,17,17,0,0.74,0.70,0.80,28.97,17,17,0,510.43,506.40,514.20,24.42,17,0,0
971067,0.35,0.30,0.40,30.50,17,17,0,0.02,-0.10,0.10,28.86,17,17,0,0.38,0.30,0.40,29.21,17,17,0,0.81,0.80,0.90,28.56,17,17,0,0.18,0.10,0.20,29.05,17,17,0,0.76,0.70,0.80,28.98,17,17,0,508.09,504.10,512.60,24.42,17,0,0
971577,0.35,0.30,0.40,30.49,17,17,0,0.00,-0.10,0.10,28.87,17,17,0,0.37,0.30,0.40,29.24,17,17,0,0.79,0.70,0.80,28.56,17,17,0,0.19,0.10,0.20,29.05,17,17,0,0.78,0.70,0.80,28.97,17,17,0,507.04,504.10,511.20,24.44,17,0,0
972080,0.32,0.30,0.40,30.49,17,17,0,0.02,-0.10,0.10,28.89,17,17,0,0.37,0.30,0.40,29.22,17,17,0,0.80,0.80,0.80,28.56,17,17,0,0.16,0.10,0.20,29.04,17,17,0,0.78,0.70,0.80,28.98,17,17,0,510.51,506.50,514.10,24.43,17,0,0
972583,0.35,0.30,0.40,30.49,17,17,0,0.00,-0.10,0.10,28.88,17,17,0,0.37,0.30,0.40,29.22,17,17,0,0.80,0.80,0.80,28.56,17,17,0,0.19,0.10,0.20,29.04,17,17,0,0.78,0.70,0.80,28.99,17,17,0,515.25,511.30,518.80,24.43,17,0,0
973085,0.35,0.30,0.40,30.48,17,17,0,0.02,-0.10,0.10,28.89,17,17,0,0.38,0.30,0.40,29.21,17,17,0,0.80,0.80,0.80,28.56,17,17,0,0.18,0.10,0.20,29.05,17,17,0,0.78,0.70,0.80,28.96,17,17,0,517.56,514.00,521.10,24.43,17,0,0
973592,0.34,0.30,0.40,30.51,17,17,0,0.02,0.00,0.10,28.86,17,17,0,0.37,0.30,0.40,29.22,17,17,0,0.80,0.80,0.80,28.56,17,17,0,0.17,0.10,0.20,29.05,17,17,0,0.78,0.70,0.80,28.98,17,17,0,370.95,287.50,518.50,24.45,17,0,0
974094,0.34,0.30,0.40,30.50,17,17,0,0.02,-0.10,0.10,28.88,17,17,0,0.37,0.30,0.40,29.23,17,17,0,0.80,0.80,0.80,28.56,17,17,0,0.19,0.10,0.20,29.05,17,17,0,0.77,0.70,0.80,28.97,17,17,0,248.05,227.40,276.20,24.55,17,0,0
974594,0.34,0.30,0.40,30.50,17,17,0,0.04,-0.10,0.10,28.86,17,17,0,0.35,0.30,0.40,29.22,17,17,0,0.80,0.80,0.80,28.56,17,17,0,0.17,0.10,0.20,29.05,17,17,0,0.78,0.70,0.80,28.98,17,17,0,200.26,177.20,221.30,24.63,17,0,0
975094,0.34,0.30,0.40,30.51,17,17,0,0.02,-0.10,0.10,28.87,17,17,0,0.38,0.30,0.40,29.21,17,17,0,0.80,0.80,0.80,28.56,17,17,0,0.18,0.10,0.20,29.06,17,17,0,0.76,0.70,0.80,28.98,17,17,0,162.18,152.10,168.30,24.72,17,0,0
975600,0.33,0.30,0.40,30.48,17,17,0,0.02,-0.10,0.10,28.85,17,17,0,0.38,0.30,0.40,29.22,17,17,0,0.80,0.80,0.80,28.56,17,17,0,0.18,0.10,0.20,29.05,17,17,0,0.76,0.70,0.80,28.97,17,17,0,136.52,118.60,149.90,24.79,17,0,0
976100,0.33,0.30,0.40,30.49,17,17,0,0.03,-0.10,0.10,28.88,17,17,0,0.37,0.30,0.40,29.22,17,17,0,0.79,0.70,0.80,28.57,17,17,0,0.16,0.10,0.20,29.04,17,17,0,0.76,0.70,0.80,28.96,17,17,0,117.11,110.10,123.90,24.86,17,0,0
976600,0.33,0.30,0.40,30.49,17,17,0,0.02,-0.10,0.10,28.87,17,17,0,0.37,0.30,0.40,29.22,17,17,0,0.80,0.80,0.80,28.56,17,17,0,0.18,0.10,0.20,29.04,17,17,0,0.76,0.70,0.80,28.97,17,17,0,103.79,94.30,110.70,24.93,17,0,0
977100,0.34,0.30,0.40,30.49,17,17,0,0.02,0.00,0.10,28.88,17,17,0,0.36,0.30,0.40,29.22,17,17,0,0.81,0.80,0.90,28.57,17,17,0,0.19,0.10,0.20,29.05,17,17,0,0.76,0.70,0.80,28.97,17,17,0,91.42,83.70,98.40,24.97,17,0,0
977601,0.32,0.30,0.40,30.50,17,17,0,0.01,-0.10,0.10,28.87,17,17,0,0.38,0.30,0.40,29.23,17,17,0,0.80,0.80,0.80,28.56,17,17,0,0.18,0.10,0.20,29.04,17,17,0,0.76,0.70,0.80,28.99,17,17,0,81.01,76.20,86.40,25.04,17,0,0
978101,0.36,0.30,0.40,30.49,17,17,0,0.02,0.00,0.10,28.87,17,17,0,0.36,0.30,0.40,29.24,17,17,0,0.80,0.80,0.80,28.56,17,17,0,0.18,0.10,0.20,29.06,17,17,0,0.74,0.70,0.80,28.98,17,17,0,72.68,65.80,83.50,25.10,17,0,0
978609,0.32,0.30,0.40,30.48,17,17,0,0.04,-0.10,0.10,28.89,17,17,0,0.37,0.30,0.40,29.23,17,17,0,0.80,0.80,0.80,28.56,17,17,0,0.18,0.10,0.20,29.05,17,17,0,0.77,0.70,0.80,28.98,17,17,0,63.75,60.30,68.40,25.17,17,0,0
979109,0.34,0.30,0.40,30.50,17,17,0,0.02,0.00,0.10,28.87,17,17,0,0.38,0.30,0.40,29.23,17,17,0,0.80,0.80,0.80,28.55,17,17,0,0.18,0.10,0.20,29.04,17,17,0,0.75,0.70,0.80,28.98,17,17,0,57.81,53.40,62.20,25.24,17,0,0
979609,0.34,0.30,0.40,30.48,16,16,0,0.02,-0.10,0.10,28.87,16,16,0,0.39,0.30,0.40,29.21,16,16,0,0.79,0.70,0.80,28.54,16,16,0,0.18,0.10,0.20,29.05,16,16,0,0.78,0.70,0.80,28.97,16,16,0,54.17,35.90,61.60,25.28,16,0,0
980115,0.33,0.30,0.40,30.48,17,17,0,0.01,-0.10,0.10,28.87,17,17,0,0.38,0.30,0.40,29.23,17,17,0,0.80,0.70,0.90,28.56,17,17,0,0.16,0.10,0.20,29.06,17,17,0,0.74,0.70,0.80,28.97,17,17,0,48.88,41.10,58.70,25.36,17,0,0
980617,0.32,0.30,0.40,30.50,17,17,0,0.02,0.00,0.10,28.86,17,17,0,0.38,0.30,0.40,29.20,17,17,0,0.81,0.80,0.90,28.57,17,17,0,0.18,0.10,0.20,29.05,17,17,0,0.76,0.70,0.80,28.96,17,17,0,43.69,39.20,49.20,25.41,17,0,0
981119,0.31,0.30,0.40,30.49,17,17,0,0.03,-0.10,0.10,28.86,17,17,0,0.36,0.30,0.40,29.21,17,17,0,0.80,0.80,0.80,28.56,17,17,0,0.17,0.10,0.20,29.05,17,17,0,0.75,0.70,0.80,28.97,17,17,0,40.79,39.30,42.60,25.45,17,0,0
981624,0.33,0.30,0.40,30.48,17,17,0,0.02,-0.10,0.10,28.88,17,17,0,0.39,0.30,0.40,29.23,17,17,0,0.80,0.80,0.80,28.55,17,17,0,0.16,0.10,0.20,29.05,17,17,0,0.76,0.70,0.80,28.98,17,17,0,37.70,36.20,39.50,25.52,17,0,0
982124,0.34,0.30,0.40,30.50,17,17,0,0.02,0.00,0.10,28.86,17,17,0,0.38,0.30,0.40,29.22,17,17,0,0.80,0.80,0.80,28.56,17,17,0,0.16,0.10,0.20,29.04,17,17,0,0.75,0.70,0.80,28.96,17,17,0,34.45,33.00,36.10,25.56,17,0,0
982624,0.33,0.30,0.40,30.50,17,17,0,0.02,-0.10,0.10,28.88,17,17,0,0.37,0.30,0.40,29.22,17,17,0,0.79,0.70,0.80,28.58,17,17,0,0.18,0.10,0.20,29.04,17,17,0,0.76,0.70,0.80,28.98,17,17,0,31.54,29.80,34.40,25.64,17,0,0
983124,0.34,0.30,0.40,30.49,17,17,0,0.01,0.00,0.10,28.87,17,17,0,0.37,0.30,0.40,29.23,17,17,0,0.79,0.70,0.90,28.55,17,17,0,0.18,0.10,0.20,29.05,17,17,0,0.78,0.70,0.80,28.98,17,17,0,29.35,27.50,31.00,25.68,17,0,0
983624,0.35,0.30,0.40,30.49,17,17,0,0.02,0.00,0.10,28.88,17,17,0,0.37,0.30,0.40,29.21,17,17,0,0.79,0.70,0.80,28.56,17,17,0,0.19,0.10,0.20,29.04,17,17,0,0.75,0.70,0.80,28.99,17,17,0,27.81,25.70,30.90,25.73,17,0,0
984129,0.32,0.30,0.40,30.50,17,17,0,0.02,-0.10,0.10,28.87,17,17,0,0.38,0.30,0.40,29.22,17,17,0,0.80,0.80,0.80,28.57,17,17,0,0.18,0.10,0.20,29.06,17,17,0,0.77,0.70,0.80,28.96,17,17,0,24.84,22.60,26.40,25.78,17,0,0
984631,0.34,0.30,0.40,30.50,17,17,0,0.02,0.00,0.10,28.88,17,17,0,0.38,0.30,0.40,29.22,17,17,0,0.80,0.80,0.80,28.56,17,17,0,0.15,0.10,0.20,29.04,17,17,0,0.76,0.70,0.80,28.97,17,17,0,23.76,22.40,25.20,25.85,17,0,0
985131,0.36,0.30,0.40,30.48,16,16,0,0.02,0.00,0.10,28.87,16,16,0,0.38,0.30,0.40,29.22,16,16,0,0.79,0.70,0.80,28.56,16,16,0,0.18,0.10,0.20,29.04,16,16,0,0.75,0.70,0.80,29.00,16,16,0,23.20,21.30,24.00,25.88,16,0,0
985631,0.34,0.30,0.40,30.50,16,16,0,0.00,-0.10,0.10,28.86,16,16,0,0.39,0.30,0.40,29.20,16,16,0,0.80,0.80,0.80,28.55,16,16,0,0.18,0.10,0.20,29.05,16,16,0,0.76,0.70,0.80,28.98,16,16,0,15.63,14.00,18.40,25.90,16,0,0
986142,0.34,0.30,0.40,30.51,17,17,0,0.02,-0.10,0.10,28.86,17,17,0,0.36,0.30,0.40,29.20,17,17,0,0.79,0.70,0.80,28.55,17,17,0,0.18,0.10,0.20,29.04,17,17,0,0.77,0.70,0.80,28.98,17,17,0,16.64,15.20,18.20,25.98,17,0,0
986642,0.35,0.30,0.40,30.48,17,17,0,0.02,-0.10,0.10,28.88,17,17,0,0.38,0.30,0.40,29.22,17,17,0,0.80,0.70,0.90,28.56,17,17,0,0.18,0.10,0.20,29.04,17,17,0,0.76,0.70,0.80,28.98,17,17,0,17.74,16.70,18.20,26.01,17,0,0
987142,0.31,0.30,0.40,30.49,17,17,0,0.02,-0.10,0.10,28.87,17,17,0,0.38,0.30,0.40,29.22,17,17,0,0.80,0.80,0.80,28.57,17,17,0,0.18,0.10,0.20,29.05,17,17,0,0.76,0.70,0.80,28.97,17,17,0,17.68,17.10,18.30,26.07,17,0,0
987642,0.34,0.30,0.40,30.49,17,17,0,0.04,0.00,0.10,28.88,17,17,0,0.35,0.30,0.40,29.23,17,17,0,0.80,0.80,0.80,28.56,17,17,0,0.18,0.10,0.20,29.05,17,17,0,0.78,0.70,0.80,28.98,17,17,0,17.27,16.50,18.00,26.09,17,0,0
988143,0.35,0.30,0.40,30.49,17,17,0,0.01,0.00,0.10,28.86,17,17,0,0.35,0.30,0.40,29.23,17,17,0,0.81,0.80,0.90,28.55,17,17,0,0.17,0.10,0.30,29.04,17,17,0,0.76,0.70,0.80,28.98,17,17,0,16.58,15.90,17.40,26.12,17,0,0
988650,0.32,0.30,0.40,30.52,17,17,0,0.01,-0.10,0.10,28.88,17,17,0,0.35,0.30,0.40,29.21,17,17,0,0.80,0.80,0.80,28.57,17,17,0,0.18,0.10,0.20,29.05,17,17,0,0.76,0.70,0.80,28.99,17,17,0,16.14,15.30,16.70,26.15,17,0,0
989151,0.32,0.30,0.40,30.48,17,17,0,0.03,-0.10,0.10,28.86,17,17,0,0.37,0.30,0.40,29.22,17,17,0,0.79,0.70,0.80,28.57,17,17,0,0.18,0.10,0.20,29.06,17,17,0,0.78,0.70,0.80,28.98,17,17,0,15.76,15.10,16.40,26.16,17,0,0
989651,0.35,0.30,0.40,30.48,17,17,0,0.02,-0.10,0.10,28.85,17,17,0,0.37,0.30,0.40,29.21,17,17,0,0.80,0.80,0.80,28.58,17,17,0,0.18,0.10,0.20,29.04,17,17,0,0.77,0.70,0.80,28.97,17,17,0,15.12,14.30,15.70,26.23,17,0,0
990152,0.36,0.30,0.40,30.50,17,17,0,0.03,-0.10,0.10,28.86,17,17,0,0.36,0.30,0.40,29.22,17,17,0,0.79,0.70,0.80,28.56,17,17,0,0.18,0.10,0.20,29.04,17,17,0,0.78,0.70,0.80,28.97,17,17,0,14.26,13.00,15.30,26.22,17,0,0
990652,0.31,0.30,0.40,30.49,17,17,0,0.01,0.00,0.10,28.86,17,17,0,0.38,0.30,0.40,29.21,17,17,0,0.80,0.80,0.80,28.55,17,17,0,0.18,0.10,0.20,29.04,17,17,0,0.78,0.70,0.80,28.98,17,17,0,12.28,11.30,13.20,26.26,17,0,0
991153,0.35,0.30,0.40,30.50,17,17,0,0.04,0.00,0.10,28.86,17,17,0,0.38,0.30,0.40,29.22,17,17,0,0.79,0.70,0.80,28.56,17,17,0,0.17,0.10,0.20,29.05,17,17,0,0.78,0.70,0.80,29.00,17,17,0,12.01,9.60,13.00,26.28,17,0,0
991653,0.34,0.30,0.40,30.49,17,17,0,0.01,0.00,0.10,28.86,17,17,0,0.34,0.30,0.40,29.22,17,17,0,0.80,0.80,0.80,28.56,17,17,0,0.19,0.10,0.20,29.04,17,17,0,0.77,0.70,0.80,28.98,17,17,0,10.18,8.20,12.80,26.32,17,0,0
992161,0.35,0.30,0.40,30.49,17,17,0,0.01,0.00,0.10,28.87,17,17,0,0.37,0.30,0.40,29.23,17,17,0,0.80,0.80,0.80,28.55,17,17,0,0.18,0.10,0.20,29.03,17,17,0,0.74,0.70,0.80,28.99,17,17,0,9.55,8.30,10.50,26.35,17,0,0
992668,0.34,0.30,0.40,30.49,17,17,0,0.02,-0.10,0.10,28.87,17,17,0,0.36,0.30,0.40,29.23,17,17,0,0.79,0.70,0.80,28.55,17,17,0,0.19,0.10,0.20,29.04,17,17,0,0.76,0.70,0.80,28.98,17,17,0,9.87,9.10,10.70,26.36,17,0,0
993168,0.34,0.30,0.40,30.50,17,17,0,0.01,-0.10,0.10,28.85,17,17,0,0.39,0.30,0.40,29.23,17,17,0,0.80,0.80,0.80,28.56,17,17,0,0.18,0.10,0.20,29.03,17,17,0,0.76,0.70,0.80,29.00,17,17,0,9.64,8.50,10.80,26.40,17,0,0
993668,0.34,0.30,0.40,30.49,17,17,0,-0.01,-0.10,0.10,28.86,17,17,0,0.38,0.30,0.40,29.23,17,17,0,0.80,0.80,0.80,28.56,17,17,0,0.17,0.10,0.20,29.05,17,17,0,0.78,0.70,0.80,28.97,17,17,0,9.76,9.00,10.50,26.41,17,0,0
994168,0.36,0.30,0.40,30.50,17,17,0,0.01,-0.10,0.10,28.86,17,17,0,0.37,0.30,0.40,29.22,17,17,0,0.80,0.80,0.80,28.54,17,17,0,0.19,0.10,0.20,29.05,17,17,0,0.78,0.70,0.80,28.96,17,17,0,9.94,8.90,11.20,26.44,17,0,0
994675,0.34,0.30,0.40,30.48,17,17,0,0.02,0.00,0.10,28.86,17,17,0,0.38,0.30,0.40,29.22,17,17,0,0.79,0.70,0.80,28.55,17,17,0,0.19,0.10,0.20,29.04,17,17,0,0.76,0.70,0.80,28.97,17,17,0,9.82,8.80,10.70,26.46,17,0,0
995175,0.35,0.30,0.40,30.50,17,17,0,0.02,-0.10,0.10,28.86,17,17,0,0.39,0.30,0.40,29.24,17,17,0,0.81,0.80,0.90,28.55,17,17,0,0.18,0.10,0.20,29.04,17,17,0,0.76,0.70,0.80,28.97,17,17,0,9.74,8.80,10.50,26.49,17,0,0
995675,0.34,0.30,0.40,30.49,17,17,0,0.02,-0.10,0.10,28.87,17,17,0,0.37,0.30,0.40,29.22,17,17,0,0.79,0.70,0.80,28.57,17,17,0,0.18,0.10,0.20,29.04,17,17,0,0.75,0.70,0.80,28.98,17,17,0,9.42,7.20,10.90,26.50,17,0,0
996185,0.34,0.30,0.40,30.49,17,17,0,0.05,0.00,0.10,28.86,17,17,0,0.38,0.30,0.40,29.21,17,17,0,0.80,0.80,0.80,28.56,17,17,0,0.16,0.10,0.20,29.05,17,17,0,0.77,0.70,0.80,28.98,17,17,0,8.94,7.60,10.70,26.52,17,0,0
996686,0.35,0.30,0.40,30.48,17,17,0,0.02,-0.10,0.10,28.87,17,17,0,0.40,0.40,0.40,29.24,17,17,0,0.80,0.80,0.80,28.55,17,17,0,0.18,0.10,0.20,29.03,17,17,0,0.76,0.70,0.80,28.98,17,17,0,8.29,2.60,14.50,26.53,17,0,0
997191,0.35,0.30,0.40,30.47,17,17,0,0.02,0.00,0.10,28.86,17,17,0,0.37,0.30,0.40,29.22,17,17,0,0.79,0.70,0.80,28.57,17,17,0,0.17,0.10,0.20,29.04,17,17,0,0.77,0.70,0.80,28.99,17,17,0,8.05,3.30,11.20,26.54,17,0,0
997691,0.37,0.30,0.40,30.48,17,17,0,0.04,-0.10,0.10,28.86,17,17,0,0.36,0.30,0.40,29.23,17,17,0,0.80,0.80,0.80,28.56,17,17,0,0.17,0.10,0.20,29.05,17,17,0,0.76,0.70,0.80,28.99,17,17,0,7.72,3.70,11.70,26.56,17,0,0
998191,0.34,0.30,0.40,30.51,17,17,0,0.04,0.00,0.10,28.87,17,17,0,0.38,0.30,0.40,29.22,17,17,0,0.80,0.80,0.80,28.54,17,17,0,0.19,0.10,0.20,29.05,17,17,0,0.76,0.70,0.80,28.98,17,17,0,6.85,-0.40,16.30,26.58,17,0,0
998692,0.38,0.30,0.40,30.49,17,17,0,0.03,-0.10,0.10,28.87,17,17,0,0.38,0.30,0.40,29.23,17,17,0,0.80,0.80,0.80,28.58,17,17,0,0.18,0.10,0.20,29.04,17,17,0,0.78,0.70,0.80,28.98,17,17,0,6.08,2.20,11.40,26.59,17,0,0
999195,0.34,0.30,0.40,30.49,17,17,0,0.04,0.00,0.10,28.86,17,17,0,0.37,0.30,0.40,29.21,17,17,0,0.80,0.80,0.80,28.56,17,17,0,0.17,0.10,0.20,29.03,17,17,0,0.78,0.70,0.80,28.99,17,17,0,6.18,-0.90,12.40,26.63,17,0,0
999700,0.35,0.30,0.40,30.49,17,17,0,0.01,-0.10,0.10,28.87,17,17,0,0.36,0.30,0.40,29.22,17,17,0,0.79,0.70,0.80,28.58,17,17,0,0.17,0.10,0.20,29.04,17,17,0,0.75,0.70,0.80,28.98,17,17,0,5.02,-1.70,11.50,26.64,17,0,0
1000200,0.36,0.30,0.40,30.49,17,17,0,0.02,-0.10,0.10,28.85,17,17,0,0.39,0.30,0.40,29.22,17,17,0,0.80,0.80,0.80,28.56,17,17,0,0.18,0.10,0.20,29.04,17,17,0,0.78,0.70,0.80,28.98,17,17,0,4.24,-6.70,12.40,26.67,17,0,0
1000700,0.35,0.30,0.40,30.48,17,17,0,0.04,0.00,0.10,28.86,17,17,0,0.38,0.30,0.40,29.23,17,17,0,0.80,0.80,0.80,28.56,17,17,0,0.18,0.10,0.20,29.05,17,17,0,0.78,0.70,0.80,28.98,17,17,0,4.16,-2.70,12.00,26.67,17,0,0
1001200,0.31,0.30,0.40,30.49,17,17,0,0.04,0.00,0.10,28.86,17,17,0,0.39,0.30,0.40,29.22,17,17,0,0.80,0.80,0.80,28.57,17,17,0,0.18,0.10,0.20,29.06,17,17,0,0.77,0.70,0.80,28.98,17,17,0,3.61,-0.30,8.00,26.67,17,0,0
1001701,0.34,0.30,0.40,30.49,17,17,0,0.03,0.00,0.10,28.87,17,17,0,0.39,0.30,0.40,29.22,17,17,0,0.81,0.80,0.90,28.55,17,17,0,0.19,0.10,0.20,29.04,17,17,0,0.76,0.70,0.80,28.98,17,17,0,3.53,2.30,4.60,26.68,17,0,0
1002201,0.34,0.30,0.40,30.48,17,17,0,0.02,0.00,0.10,28.87,17,17,0,0.39,0.30,0.40,29.24,17,17,0,0.81,0.80,0.90,28.57,17,17,0,0.18,0.10,0.20,29.05,17,17,0,0.78,0.70,0.80,28.96,17,17,0,3.64,2.20,4.70,26.71,17,0,0
1002701,0.35,0.30,0.40,30.49,17,17,0,0.01,-0.10,0.10,28.87,17,17,0,0.39,0.30,0.40,29.23,17,17,0,0.80,0.80,0.80,28.56,17,17,0,0.16,0.10,0.20,29.03,17,17,0,0.78,0.70,0.80,28.99,17,17,0,3.88,3.20,4.40,26.74,17,0,0
1003205,0.36,0.30,0.40,30.49,17,17,0,0.02,0.00,0.10,28.86,17,17,0,0.38,0.30,0.40,29.22,17,17,0,0.80,0.80,0.80,28.54,17,17,0,0.18,0.10,0.20,29.04,17,17,0,0.76,0.70,0.80,28.97,17,17,0,4.18,3.80,4.50,26.73,17,0,0
1003705,0.34,0.30,0.40,30.50,17,17,0,0.05,-0.10,0.10,28.85,17,17,0,0.37,0.30,0.40,29.22,17,17,0,0.79,0.70,0.80,28.57,17,17,0,0.18,0.10,0.20,29.03,17,17,0,0.77,0.70,0.80,28.97,17,17,0,4.31,4.00,4.60,26.75,17,0,0
1004205,0.35,0.30,0.40,30.49,17,17,0,0.01,-0.10,0.10,28.85,17,17,0,0.38,0.30,0.40,29.23,17,17,0,0.79,0.70,0.80,28.58,17,17,0,0.16,0.10,0.20,29.03,17,17,0,0.78,0.70,0.80,28.97,17,17,0,4.59,4.20,4.90,26.76,17,0,0
1004705,0.34,0.30,0.40,30.49,16,16,0,0.00,-0.10,0.10,28.87,16,16,0,0.37,0.30,0.40,29.22,16,16,0,0.80,0.80,0.80,28.56,16,16,0,0.19,0.10,0.20,29.03,16,16,0,0.78,0.70,0.80,28.99,16,16,0,4.69,4.30,5.20,26.76,16,0,0
1005205,0.34,0.30,0.40,30.50,17,17,0,0.00,-0.10,0.10,28.87,17,17,0,0.38,0.30,0.40,29.22,17,17,0,0.79,0.70,0.80,28.55,17,17,0,0.17,0.10,0.20,29.05,17,17,0,0.76,0.70,0.80,28.98,17,17,0,4.89,4.30,5.50,26.77,17,0,0
1005705,0.31,0.30,0.40,30.49,17,17,0,0.00,-0.10,0.10,28.87,17,17,0,0.38,0.30,0.40,29.22,17,17,0,0.80,0.80,0.80,28.56,17,17,0,0.18,0.10,0.20,29.05,17,17,0,0.77,0.70,0.80,28.97,17,17,0,4.85,4.40,5.20,26.79,17,0,0
1006214,0.32,0.30,0.40,30.47,18,18,0,0.01,0.00,0.10,28.86,18,18,0,0.37,0.30,0.40,29.23,18,18,0,0.80,0.80,0.80,28.57,18,18,0,0.18,0.10,0.20,29.03,18,18,0,0.77,0.70,0.80,28.98,18,18,0,4.46,1.50,5.00,26.81,18,0,0
1006714,0.33,0.30,0.40,30.49,17,17,0,0.02,-0.10,0.10,28.87,17,17,0,0.38,0.30,0.40,29.21,17,17,0,0.80,0.80,0.80,28.55,17,17,0,0.18,0.10,0.20,29.03,17,17,0,0.78,0.70,0.80,28.97,17,17,0,291.24,3.60,457.00,26.72,17,0,0
1007214,0.35,0.30,0.40,30.49,17,17,0,0.01,-0.10,0.10,28.85,17,17,0,0.36,0.30,0.40,29.21,17,17,0,0.80,0.80,0.80,28.56,17,17,0,0.19,0.10,0.30,29.05,17,17,0,0.78,0.70,0.80,28.99,17,17,0,340.26,333.40,359.80,26.00,17,0,0
1007723,0.36,0.30,0.40,30.48,17,17,0,0.02,-0.10,0.10,28.86,17,17,0,0.38,0.30,0.40,29.22,17,17,0,0.80,0.80,0.80,28.57,17,17,0,0.18,0.10,0.20,29.04,17,17,0,0.79,0.70,0.80,28.98,17,17,0,354.94,338.60,370.80,25.61,17,0,0
1008224,0.36,0.30,0.40,30.49,17,17,0,0.01,-0.10,0.10,28.85,17,17,0,0.37,0.30,0.40,29.23,17,17,0,0.80,0.80,0.80,28.56,17,17,0,0.17,0.10,0.20,29.05,17,17,0,0.77,0.70,0.80,28.96,17,17,0,403.37,378.50,428.50,25.35,17,0,0
1008724,0.35,0.30,0.40,30.50,17,17,0,0.02,-0.10,0.10,28.86,17,17,0,0.38,0.30,0.40,29.21,17,17,0,0.79,0.70,0.80,28.54,17,17,0,0.19,0.10,0.20,29.05,17,17,0,0.75,0.70,0.80,28.98,17,17,0,454.09,428.50,471.90,25.16,17,0,0
1009237,0.34,0.30,0.40,30.48,17,17,0,0.03,-0.10,0.10,28.85,17,17,0,0.38,0.30,0.40,29.23,17,17,0,0.79,0.70,0.80,28.57,17,17,0,0.18,0.10,0.20,29.04,17,17,0,0.77,0.70,0.80,28.98,17,17,0,486.08,471.10,502.20,25.05,17,0,0
1009745,0.35,0.30,0.40,30.48,17,17,0,0.03,-0.10,0.10,28.86,17,17,0,0.38,0.30,0.40,29.23,17,17,0,0.81,0.80,0.90,28.57,17,17,0,0.19,0.10,0.20,29.04,17,17,0,0.78,0.70,0.80,28.96,17,17,0,530.55,510.60,549.30,24.95,17,0,0
1010253,0.33,0.30,0.40,30.48,17,17,0,0.02,-0.10,0.10,28.87,17,17,0,0.38,0.30,0.40,29.23,17,17,0,0.80,0.80,0.80,28.58,17,17,0,0.19,0.10,0.20,29.05,17,17,0,0.78,0.70,0.80,28.97,17,17,0,580.49,554.90,601.40,24.85,17,0,0
1010757,0.34,0.30,0.40,30.49,17,17,0,0.01,-0.10,0.10,28.85,17,17,0,0.38,0.30,0.40,29.22,17,17,0,0.80,0.80,0.80,28.57,17,17,0,0.18,0.10,0.20,29.04,17,17,0,0.74,0.70,0.80,28.97,17,17,0,627.45,607.10,644.00,24.80,17,0,0
1011260,0.35,0.30,0.40,30.48,17,17,0,0.01,-0.10,0.10,28.87,17,17,0,0.39,0.30,0.40,29.21,17,17,0,0.81,0.80,0.90,28.57,17,17,0,0.19,0.10,0.30,29.05,17,17,0,0.75,0.70,0.80,28.98,17,17,0,660.01,643.90,676.00,24.73,17,0,0
1011773,0.34,0.30,0.40,30.50,17,17,0,0.01,0.00,0.10,28.87,17,17,0,0.36,0.30,0.40,29.22,17,17,0,0.80,0.80,0.80,28.56,17,17,0,0.18,0.10,0.20,29.03,17,17,0,0.77,0.70,0.80,28.98,17,17,0,686.94,672.30,701.30,24.68,17,0,0
1012273,0.35,0.30,0.40,30.49,17,17,0,0.03,-0.10,0.10,28.85,17,17,0,0.37,0.30,0.40,29.24,17,17,0,0.79,0.70,0.80,28.57,17,17,0,0.19,0.10,0.20,29.04,17,17,0,0.77,0.70,0.80,28.97,17,17,0,718.22,703.10,732.30,24.63,17,0,0
1012773,0.35,0.30,0.40,30.49,17,17,0,0.04,0.00,0.10,28.86,17,17,0,0.38,0.30,0.40,29.21,17,17,0,0.80,0.80,0.80,28.57,17,17,0,0.18,0.10,0.20,29.05,17,17,0,0.76,0.70,0.80,28.97,17,17,0,748.12,735.30,755.70,24.59,17,0,0
1013276,0.34,0.30,0.40,30.49,17,17,0,0.00,-0.10,0.10,28.87,17,17,0,0.36,0.30,0.40,29.21,17,17,0,0.80,0.80,0.80,28.57,17,17,0,0.17,0.10,0.20,29.05,17,17,0,0.79,0.70,0.80,28.96,17,17,0,762.48,753.00,771.50,24.57,17,0,0
1013788,0.35,0.30,0.40,30.49,17,17,0,0.03,0.00,0.10,28.84,17,17,0,0.38,0.30,0.40,29.24,17,17,0,0.80,0.80,0.80,28.57,17,17,0,0.18,0.10,0.20,29.04,17,17,0,0.77,0.70,0.80,28.98,17,17,0,774.62,766.20,787.60,24.55,17,0,0
1014288,0.34,0.30,0.40,30.49,17,17,0,0.02,-0.10,0.10,28.87,17,17,0,0.39,0.30,0.40,29.23,17,17,0,0.81,0.80,0.90,28.56,17,17,0,0.19,0.10,0.20,29.04,17,17,0,0.75,0.70,0.80,28.97,17,17,0,782.22,767.00,794.70,24.50,17,0,0
1014788,0.35,0.30,0.40,30.49,17,17,0,0.02,0.00,0.10,28.86,17,17,0,0.38,0.30,0.40,29.22,17,17,0,0.79,0.70,0.80,28.56,17,17,0,0.19,0.10,0.20,29.05,17,17,0,0.76,0.70,0.80,28.98,17,17,0,797.02,788.40,806.10,24.50,17,0,0
1015289,0.35,0.30,0.40,30.50,17,17,0,0.03,-0.10,0.10,28.87,17,17,0,0.38,0.30,0.40,29.23,17,17,0,0.79,0.70,0.80,28.58,17,17,0,0.18,0.10,0.20,29.06,17,17,0,0.75,0.70,0.80,28.99,17,17,0,806.49,800.00,811.50,24.49,17,0,0
1015798,0.36,0.30,0.40,30.49,17,17,0,0.02,-0.10,0.10,28.87,17,17,0,0.36,0.30,0.40,29.22,17,17,0,0.80,0.80,0.80,28.57,17,17,0,0.18,0.10,0.20,29.04,17,17,0,0.76,0.70,0.80,28.99,17,17,0,811.41,803.50,821.40,24.49,17,0,0
1016298,0.35,0.30,0.40,30.48,17,17,0,0.03,0.00,0.10,28.86,17,17,0,0.39,0.30,0.40,29.23,17,17,0,0.80,0.80,0.80,28.56,17,17,0,0.19,0.10,0.20,29.05,17,17,0,0.78,0.70,0.80,28.97,17,17,0,814.62,806.80,822.00,24.47,17,0,0
1016798,0.33,0.30,0.40,30.50,17,17,0,0.03,-0.10,0.10,28.86,17,17,0,0.38,0.30,0.40,29.24,17,17,0,0.79,0.70,0.80,28.57,17,17,0,0.19,0.10,0.20,29.06,17,17,0,0.78,0.70,0.80,28.98,17,17,0,814.53,806.20,819.10,24.44,17,0,0
1017301,0.34,0.30,0.40,30.49,17,17,0,0.04,0.00,0.10,28.86,17,17,0,0.40,0.40,0.40,29.23,17,17,0,0.80,0.80,0.80,28.57,17,17,0,0.18,0.10,0.20,29.06,17,17,0,0.78,0.70,0.80,28.98,17,17,0,820.06,814.90,825.30,24.43,17,0,0
1017807,0.35,0.30,0.40,30.49,17,17,0,0.02,-0.10,0.10,28.87,17,17,0,0.37,0.30,0.40,29.24,17,17,0,0.79,0.70,0.80,28.55,17,17,0,0.19,0.10,0.30,29.03,17,17,0,0.76,0.70,0.80,28.98,17,17,0,824.81,815.70,829.90,24.41,17,0,0
1018307,0.34,0.30,0.40,30.49,17,17,0,0.02,-0.10,0.10,28.86,17,17,0,0.38,0.30,0.40,29.21,17,17,0,0.80,0.80,0.80,28.55,17,17,0,0.18,0.10,0.20,29.06,17,17,0,0.77,0.70,0.80,28.97,17,17,0,826.95,821.10,833.60,24.40,17,0,0
1018808,0.36,0.30,0.40,30.50,17,17,0,0.01,0.00,0.10,28.86,17,17,0,0.37,0.30,0.40,29.22,17,17,0,0.80,0.80,0.80,28.56,17,17,0,0.18,0.10,0.30,29.04,17,17,0,0.78,0.70,0.80,28.98,17,17,0,821.89,816.70,830.20,24.40,17,0,0
1019314,0.34,0.30,0.40,30.48,17,17,0,0.05,0.00,0.10,28.88,17,17,0,0.38,0.30,0.40,29.23,17,17,0,0.80,0.80,0.80,28.56,17,17,0,0.17,0.10,0.20,29.05,17,17,0,0.76,0.70,0.80,28.96,17,17,0,825.24,820.20,832.30,24.40,17,0,0
1019814,0.33,0.30,0.40,30.48,16,16,0,0.01,-0.10,0.10,28.85,16,16,0,0.37,0.30,0.40,29.22,16,16,0,0.80,0.80,0.80,28.56,16,16,0,0.17,0.10,0.20,29.04,16,16,0,0.78,0.70,0.80,28.98,16,16,0,831.76,826.90,836.40,24.40,16,0,0
1020318,0.34,0.30,0.40,30.48,17,17,0,0.01,-0.10,0.10,28.85,17,17,0,0.36,0.30,0.40,29.22,17,17,0,0.80,0.80,0.80,28.55,17,17,0,0.17,0.10,0.20,29.05,17,17,0,0.78,0.70,0.80,29.00,17,17,0,835.02,828.90,840.10,24.37,17,0,0
1020818,0.33,0.30,0.40,30.50,17,17,0,0.01,-0.10,0.10,28.87,17,17,0,0.35,0.30,0.40,29.22,17,17,0,0.80,0.80,0.80,28.55,17,17,0,0.18,0.10,0.20,29.06,17,17,0,0.76,0.70,0.80,28.99,17,17,0,832.75,827.40,837.10,24.38,17,0,0
1021319,0.35,0.30,0.40,30.49,17,17,0,0.06,0.00,0.10,28.85,17,17,0,0.37,0.30,0.40,29.21,17,17,0,0.80,0.80,0.80,28.55,17,17,0,0.18,0.10,0.20,29.07,17,17,0,0.78,0.70,0.80,28.97,17,17,0,826.14,821.00,829.80,24.37,17,0,0
1021827,0.31,0.30,0.40,30.49,17,17,0,0.04,0.00,0.10,28.88,17,17,0,0.37,0.30,0.40,29.22,17,17,0,0.80,0.80,0.80,28.56,17,17,0,0.16,0.10,0.20,29.05,17,17,0,0.76,0.70,0.80,28.99,17,17,0,830.36,825.40,834.70,24.36,17,0,0
1022336,0.34,0.30,0.40,30.51,17,17,0,0.01,0.00,0.10,28.87,17,17,0,0.37,0.30,0.40,29.22,17,17,0,0.79,0.70,0.80,28.56,17,17,0,0.18,0.10,0.20,29.06,17,17,0,0.78,0.70,0.80,28.98,17,17,0,835.55,831.70,842.30,24.37,17,0,0
1022836,0.32,0.30,0.40,30.51,17,17,0,0.02,0.00,0.10,28.88,17,17,0,0.36,0.30,0.40,29.23,17,17,0,0.80,0.80,0.80,28.57,17,17,0,0.18,0.10,0.20,29.06,17,17,0,0.75,0.70,0.80,28.98,17,17,0,840.52,834.80,845.20,24.36,17,0,0
1023336,0.35,0.30,0.40,30.49,16,16,0,0.01,-0.10,0.10,28.85,16,16,0,0.36,0.30,0.40,29.21,16,16,0,0.80,0.80,0.80,28.55,16,16,0,0.20,0.10,0.30,29.04,16,16,0,0.77,0.70,0.80,28.99,16,16,0,830.84,825.70,837.60,24.35,16,0,0
1023840,0.32,0.30,0.40,30.49,17,17,0,0.02,0.00,0.10,28.87,17,17,0,0.36,0.30,0.40,29.22,17,17,0,0.80,0.80,0.80,28.57,17,17,0,0.17,0.10,0.20,29.05,17,17,0,0.77,0.70,0.80,28.97,17,17,0,826.22,822.90,830.10,24.36,17,0,0
1024343,0.36,0.30,0.40,30.49,17,17,0,0.02,-0.10,0.10,28.87,17,17,0,0.36,0.30,0.40,29.21,17,17,0,0.79,0.70,0.80,28.55,17,17,0,0.18,0.10,0.20,29.07,17,17,0,0.79,0.70,0.80,28.99,17,17,0,829.56,824.70,832.30,24.35,17,0,0
1024850,0.34,0.30,0.40,30.47,17,17,0,0.02,-0.10,0.10,28.88,17,17,0,0.36,0.30,0.40,29.20,17,17,0,0.79,0.70,0.80,28.55,17,17,0,0.19,0.10,0.20,29.06,17,17,0,0.75,0.70,0.80,28.97,17,17,0,833.18,827.60,837.10,24.36,17,0,0
1025356,0.34,0.30,0.40,30.48,17,17,0,0.01,-0.10,0.10,28.87,17,17,0,0.36,0.30,0.40,29.22,17,17,0,0.80,0.80,0.80,28.56,17,17,0,0.18,0.10,0.20,29.06,17,17,0,0.76,0.70,0.80,28.98,17,17,0,831.89,826.10,837.30,24.36,17,0,0
1025861,0.35,0.30,0.40,30.50,17,17,0,0.04,0.00,0.10,28.89,17,17,0,0.36,0.30,0.40,29.22,17,17,0,0.81,0.80,0.90,28.56,17,17,0,0.18,0.10,0.20,29.07,17,17,0,0.76,0.70,0.80,28.98,17,17,0,820.22,811.70,827.90,24.34,17,0,0
1026361,0.34,0.30,0.40,30.49,17,17,0,0.04,0.00,0.10,28.86,17,17,0,0.37,0.30,0.40,29.23,17,17,0,0.81,0.80,0.90,28.55,17,17,0,0.19,0.10,0.20,29.06,17,17,0,0.76,0.70,0.80,28.97,17,17,0,814.14,809.50,818.70,24.37,17,0,0
1026861,0.36,0.30,0.40,30.48,17,17,0,0.04,0.00,0.10,28.87,17,17,0,0.37,0.30,0.40,29.22,17,17,0,0.79,0.70,0.80,28.57,17,17,0,0.18,0.10,0.20,29.03,17,17,0,0.76,0.70,0.80,28.98,17,17,0,821.18,818.00,824.00,24.35,17,0,0
1027364,0.35,0.30,0.40,30.48,17,17,0,0.04,-0.10,0.10,28.88,17,17,0,0.34,0.30,0.40,29.23,17,17,0,0.80,0.80,0.80,28.54,17,17,0,0.18,0.10,0.20,29.06,17,17,0,0.77,0.70,0.80,28.97,17,17,0,823.19,818.80,826.70,24.34,17,0,0
1027864,0.33,0.30,0.40,30.47,17,17,0,0.03,0.00,0.10,28.87,17,17,0,0.38,0.30,0.40,29.22,17,17,0,0.80,0.80,0.80,28.55,17,17,0,0.16,0.10,0.20,29.05,17,17,0,0.78,0.70,0.80,28.98,17,17,0,815.88,806.70,822.50,24.36,17,0,0
1028364,0.35,0.30,0.40,30.50,16,16,0,0.03,0.00,0.10,28.87,16,16,0,0.36,0.30,0.40,29.20,16,16,0,0.81,0.80,0.90,28.57,16,16,0,0.17,0.10,0.20,29.05,16,16,0,0.77,0.70,0.80,28.98,16,16,0,804.22,801.10,807.70,24.36,16,0,0
1028867,0.35,0.30,0.40,30.49,17,17,0,0.02,0.00,0.10,28.87,17,17,0,0.35,0.30,0.40,29.22,17,17,0,0.79,0.70,0.80,28.56,17,17,0,0.18,0.10,0.20,29.06,17,17,0,0.76,0.70,0.80,28.99,17,17,0,806.18,802.50,809.60,24.35,17,0,0
1029370,0.34,0.30,0.40,30.50,17,17,0,0.04,0.00,0.10,28.87,17,17,0,0.39,0.30,0.40,29.24,17,17,0,0.80,0.80,0.80,28.55,17,17,0,0.19,0.10,0.20,29.06,17,17,0,0.77,0.70,0.80,28.99,17,17,0,812.00,806.80,815.90,24.35,17,0,0
1029870,0.34,0.30,0.40,30.50,17,17,0,0.01,-0.10,0.10,28.88,17,17,0,0.38,0.30,0.40,29.22,17,17,0,0.80,0.80,0.80,28.56,17,17,0,0.18,0.10,0.20,29.04,17,17,0,0.76,0.70,0.80,28.98,17,17,0,817.03,812.20,820.90,24.36,17,0,0
1030370,0.34,0.30,0.40,30.47,17,17,0,0.01,-0.10,0.10,28.86,17,17,0,0.37,0.30,0.40,29.23,17,17,0,0.79,0.70,0.80,28.55,17,17,0,0.18,0.10,0.20,29.05,17,17,0,0.75,0.70,0.80,28.98,17,17,0,805.59,799.60,812.30,24.35,17,0,0
1030874,0.35,0.30,0.40,30.49,17,17,0,0.02,0.00,0.10,28.85,17,17,0,0.38,0.30,0.40,29.22,17,17,0,0.80,0.80,0.80,28.56,17,17,0,0.18,0.10,0.20,29.05,17,17,0,0.76,0.70,0.80,28.97,17,17,0,793.16,786.50,797.10,24.36,17,0,0
1031383,0.37,0.30,0.40,30.48,17,17,0,0.02,-0.10,0.10,28.86,17,17,0,0.39,0.30,0.40,29.23,17,17,0,0.80,0.80,0.80,28.57,17,17,0,0.20,0.20,0.20,29.05,17,17,0,0.75,0.70,0.80,28.98,17,17,0,797.58,793.10,802.50,24.35,17,0,0
1031888,0.33,0.30,0.40,30.49,17,17,0,-0.01,-0.10,0.00,28.86,17,17,0,0.35,0.30,0.40,29.21,17,17,0,0.80,0.80,0.80,28.55,17,17,0,0.18,0.10,0.20,29.05,17,17,0,0.76,0.70,0.80,28.99,17,17,0,802.08,797.70,807.40,24.36,17,0,0
1032401,0.34,0.30,0.40,30.48,17,17,0,0.02,0.00,0.10,28.85,17,17,0,0.39,0.30,0.40,29.21,17,17,0,0.80,0.80,0.80,28.54,17,17,0,0.19,0.10,0.20,29.06,17,17,0,0.77,0.70,0.80,28.99,17,17,0,797.45,791.70,802.80,24.37,17,0,0
1032907,0.34,0.30,0.40,30.49,17,17,0,0.04,0.00,0.10,28.87,17,17,0,0.38,0.30,0.40,29.22,17,17,0,0.80,0.80,0.80,28.56,17,17,0,0.18,0.10,0.20,29.05,17,17,0,0.79,0.70,0.80,28.98,17,17,0,788.49,784.50,793.40,24.37,17,0,0
1033407,0.36,0.30,0.40,30.49,17,17,0,0.05,0.00,0.10,28.88,17,17,0,0.37,0.30,0.40,29.24,17,17,0,0.80,0.80,0.80,28.56,17,17,0,0.19,0.10,0.20,29.06,17,17,0,0.78,0.70,0.80,28.98,17,17,0,787.72,783.30,798.10,24.37,17,0,0
1033918,0.35,0.30,0.40,30.49,17,17,0,0.02,-0.10,0.10,28.87,17,17,0,0.38,0.30,0.40,29.24,17,17,0,0.81,0.80,0.90,28.55,17,17,0,0.19,0.10,0.20,29.04,17,17,0,0.75,0.70,0.80,28.99,17,17,0,789.56,780.70,798.80,24.35,17,0,0
1034422,0.35,0.30,0.40,30.49,17,17,0,0.01,0.00,0.10,28.85,17,17,0,0.38,0.30,0.40,29.23,17,17,0,0.80,0.80,0.80,28.55,17,17,0,0.19,0.10,0.20,29.05,17,17,0,0.78,0.70,0.80,28.97,17,17,0,795.06,789.30,801.90,24.37,17,0,0
1034925,0.31,0.30,0.40,30.50,17,17,0,0.02,-0.10,0.10,28.88,17,17,0,0.38,0.30,0.40,29.23,17,17,0,0.79,0.70,0.80,28.56,17,17,0,0.18,0.10,0.20,29.06,17,17,0,0.77,0.70,0.80,29.00,17,17,0,785.19,779.30,793.90,24.37,17,0,0
1035432,0.34,0.30,0.40,30.50,17,17,0,0.02,-0.10,0.10,28.86,17,17,0,0.37,0.30,0.40,29.22,17,17,0,0.79,0.70,0.80,28.56,17,17,0,0.18,0.10,0.20,29.04,17,17,0,0.74,0.70,0.80,28.99,17,17,0,775.91,772.90,778.80,24.37,17,0,0
1035939,0.34,0.30,0.40,30.48,17,17,0,0.01,-0.10,0.10,28.86,17,17,0,0.38,0.30,0.40,29.23,17,17,0,0.80,0.80,0.80,28.56,17,17,0,0.17,0.10,0.20,29.06,17,17,0,0.76,0.70,0.80,28.99,17,17,0,776.78,774.60,780.30,24.37,17,0,0
1036441,0.36,0.30,0.40,30.49,17,17,0,0.02,0.00,0.10,28.87,17,17,0,0.37,0.30,0.40,29.23,17,17,0,0.80,0.80,0.80,28.55,17,17,0,0.16,0.10,0.20,29.04,17,17,0,0.77,0.70,0.80,28.99,17,17,0,781.88,776.00,790.10,24.37,17,0,0
1036944,0.34,0.30,0.40,30.48,17,17,0,0.03,0.00,0.10,28.87,17,17,0,0.37,0.30,0.40,29.23,17,17,0,0.79,0.70,0.80,28.55,17,17,0,0.17,0.10,0.20,29.05,17,17,0,0.77,0.70,0.80,28.97,17,17,0,786.68,782.20,790.80,24.36,17,0,0
1037447,0.36,0.30,0.40,30.49,17,17,0,0.02,0.00,0.10,28.86,17,17,0,0.36,0.30,0.40,29.22,17,17,0,0.80,0.70,0.90,28.55,17,17,0,0.20,0.20,0.20,29.06,17,17,0,0.77,0.70,0.80,29.00,17,17,0,778.67,774.60,784.40,24.37,17,0,0
1037958,0.32,0.30,0.40,30.48,17,17,0,0.04,-0.10,0.10,28.87,17,17,0,0.37,0.30,0.40,29.22,17,17,0,0.80,0.80,0.80,28.55,17,17,0,0.18,0.10,0.20,29.06,17,17,0,0.74,0.70,0.80,28.99,17,17,0,772.53,768.00,776.40,24.36,17,0,0
1038466,0.34,0.30,0.40,30.49,17,17,0,0.02,-0.10,0.10,28.88,17,17,0,0.36,0.30,0.40,29.23,17,17,0,0.79,0.70,0.80,28.56,17,17,0,0.18,0.10,0.20,29.07,17,17,0,0.75,0.70,0.80,28.99,17,17,0,776.59,772.80,782.40,24.37,17,0,0
1038967,0.34,0.30,0.40,30.48,17,17,0,0.01,-0.10,0.10,28.86,17,17,0,0.38,0.30,0.40,29.23,17,17,0,0.80,0.80,0.80,28.55,17,17,0,0.19,0.10,0.20,29.05,17,17,0,0.76,0.70,0.80,29.01,17,17,0,784.56,777.60,790.20,24.36,17,0,0
1039473,0.34,0.30,0.40,30.50,17,17,0,0.02,-0.10,0.10,28.86,17,17,0,0.36,0.30,0.40,29.24,17,17,0,0.80,0.80,0.80,28.56,17,17,0,0.19,0.10,0.20,29.06,17,17,0,0.75,0.70,0.80,28.99,17,17,0,785.25,778.10,790.40,24.36,17,0,0
1039979,0.34,0.30,0.40,30.49,17,17,0,0.02,-0.10,0.10,28.87,17,17,0,0.38,0.30,0.40,29.23,17,17,0,0.80,0.80,0.80,28.57,17,17,0,0.18,0.10,0.20,29.05,17,17,0,0.75,0.70,0.80,28.98,17,17,0,772.78,767.40,778.00,24.36,17,0,0
1040482,0.32,0.30,0.40,30.49,17,17,0,0.03,-0.10,0.10,28.87,17,17,0,0.38,0.30,0.40,29.22,17,17,0,0.79,0.70,0.80,28.58,17,17,0,0.18,0.10,0.20,29.05,17,17,0,0.76,0.70,0.80,28.99,17,17,0,769.53,764.60,772.30,24.37,17,0,0
1040985,0.32,0.30,0.40,30.49,17,17,0,0.04,0.00,0.10,28.85,17,17,0,0.37,0.30,0.40,29.24,17,17,0,0.80,0.80,0.80,28.54,17,17,0,0.18,0.10,0.20,29.07,17,17,0,0.77,0.70,0.80,28.99,17,17,0,775.49,769.50,780.90,24.36,17,0,0
1041485,0.34,0.30,0.40,30.48,17,17,0,0.02,-0.10,0.10,28.86,17,17,0,0.39,0.30,0.40,29.23,17,17,0,0.80,0.80,0.80,28.57,17,17,0,0.17,0.10,0.20,29.05,17,17,0,0.76,0.70,0.80,29.00,17,17,0,783.30,779.20,787.50,24.38,17,0,0
1041987,0.34,0.30,0.40,30.49,17,17,0,0.04,0.00,0.10,28.87,17,17,0,0.38,0.30,0.40,29.21,17,17,0,0.80,0.80,0.80,28.56,17,17,0,0.18,0.10,0.20,29.06,17,17,0,0.77,0.70,0.80,28.98,17,17,0,779.46,772.80,788.20,24.37,17,0,0
1042487,0.34,0.30,0.40,30.49,16,16,0,0.01,-0.10,0.10,28.87,16,16,0,0.38,0.30,0.40,29.24,16,16,0,0.80,0.80,0.80,28.55,16,16,0,0.18,0.10,0.20,29.05,16,16,0,0.76,0.70,0.80,28.99,16,16,0,768.72,764.00,771.50,24.37,16,0,0
1042987,0.34,0.30,0.40,30.51,17,17,0,0.02,-0.10,0.10,28.87,17,17,0,0.36,0.30,0.40,29.23,17,17,0,0.81,0.80,0.90,28.56,17,17,0,0.19,0.10,0.20,29.06,17,17,0,0.75,0.70,0.80,29.01,17,17,0,769.83,764.90,778.80,24.38,17,0,0
1043494,0.39,0.30,0.40,30.48,17,17,0,0.01,-0.10,0.10,28.86,17,17,0,0.36,0.30,0.40,29.22,17,17,0,0.79,0.70,0.80,28.54,17,17,0,0.17,0.10,0.20,29.06,17,17,0,0.78,0.70,0.80,28.99,17,17,0,778.61,771.20,785.40,24.36,17,0,0
1044004,0.35,0.30,0.40,30.50,17,17,0,0.02,0.00,0.10,28.86,17,17,0,0.36,0.30,0.40,29.22,17,17,0,0.80,0.80,0.80,28.56,17,17,0,0.18,0.10,0.20,29.07,17,17,0,0.76,0.70,0.80,28.99,17,17,0,785.17,779.70,793.70,24.36,17,0,0
1044504,0.35,0.30,0.40,30.50,17,17,0,0.02,-0.10,0.10,28.88,17,17,0,0.38,0.30,0.40,29.24,17,17,0,0.80,0.80,0.80,28.56,17,17,0,0.18,0.10,0.20,29.05,17,17,0,0.76,0.70,0.80,28.98,17,17,0,774.93,766.40,784.80,24.37,17,0,0
1045010,0.36,0.30,0.40,30.48,17,17,0,0.01,0.00,0.10,28.86,17,17,0,0.39,0.30,0.40,29.21,17,17,0,0.80,0.70,0.90,28.54,17,17,0,0.19,0.10,0.20,29.06,17,17,0,0.75,0.70,0.80,28.99,17,17,0,770.54,767.80,775.40,24.38,17,0,0
1045515,0.34,0.30,0.40,30.49,17,17,0,0.04,-0.10,0.10,28.88,17,17,0,0.39,0.30,0.40,29.23,17,17,0,0.80,0.80,0.80,28.55,17,17,0,0.16,0.10,0.20,29.06,17,17,0,0.78,0.70,0.80,28.99,17,17,0,772.24,768.80,776.00,24.34,17,0,0
1046015,0.34,0.30,0.40,30.51,16,16,0,0.00,-0.10,0.10,28.88,16,16,0,0.37,0.30,0.40,29.23,16,16,0,0.80,0.80,0.80,28.53,16,16,0,0.18,0.10,0.20,29.06,16,16,0,0.74,0.70,0.80,28.98,16,16,0,780.67,776.10,786.80,24.38,16,0,0
1046518,0.34,0.30,0.40,30.47,17,17,0,0.02,-0.10,0.10,28.89,17,17,0,0.37,0.30,0.40,29.21,17,17,0,0.80,0.80,0.80,28.54,17,17,0,0.18,0.10,0.20,29.05,17,17,0,0.76,0.70,0.80,28.98,17,17,0,782.29,776.70,787.70,24.34,17,0,0
1047020,0.34,0.30,0.40,30.50,17,17,0,0.04,0.00,0.10,28.87,17,17,0,0.36,0.30,0.40,29.23,17,17,0,0.80,0.80,0.80,28.55,17,17,0,0.17,0.10,0.20,29.06,17,17,0,0.74,0.70,0.80,28.98,17,17,0,768.12,760.50,774.20,24.36,17,0,0
1047523,0.35,0.30,0.40,30.51,17,17,0,0.02,-0.10,0.10,28.87,17,17,0,0.39,0.30,0.40,29.22,17,17,0,0.80,0.80,0.80,28.56,17,17,0,0.19,0.10,0.20,29.05,17,17,0,0.76,0.70,0.80,28.98,17,17,0,767.12,759.40,772.10,24.38,17,0,0
1048023,0.34,0.30,0.40,30.49,17,17,0,0.03,0.00,0.10,28.87,17,17,0,0.38,0.30,0.40,29.23,17,17,0,0.81,0.80,0.90,28.55,17,17,0,0.19,0.10,0.20,29.05,17,17,0,0.75,0.70,0.80,28.98,17,17,0,773.51,763.70,781.80,24.36,17,0,0
1048523,0.34,0.30,0.40,30.51,16,16,0,0.01,-0.10,0.10,28.88,16,16,0,0.38,0.30,0.40,29.23,16,16,0,0.80,0.80,0.80,28.55,16,16,0,0.17,0.10,0.20,29.06,16,16,0,0.78,0.70,0.80,28.98,16,16,0,784.26,779.80,790.00,24.36,16,0,0
1049023,0.32,0.30,0.40,30.50,17,17,0,0.05,-0.10,0.10,28.88,17,17,0,0.36,0.30,0.40,29.24,17,17,0,0.80,0.80,0.80,28.54,17,17,0,0.19,0.10,0.20,29.07,17,17,0,0.77,0.70,0.80,28.98,17,17,0,787.32,778.90,795.50,24.36,17,0,0
1049523,0.35,0.30,0.40,30.49,17,17,0,0.02,-0.10,0.10,28.86,17,17,0,0.35,0.30,0.40,29.23,17,17,0,0.80,0.80,0.80,28.56,17,17,0,0.18,0.10,0.20,29.04,17,17,0,0.78,0.70,0.80,28.98,17,17,0,773.32,768.30,778.40,24.37,17,0,0
1050026,0.35,0.30,0.40,30.47,17,17,0,0.01,-0.10,0.10,28.86,17,17,0,0.36,0.30,0.40,29.23,17,17,0,0.79,0.70,0.80,28.56,17,17,0,0.19,0.10,0.20,29.06,17,17,0,0.78,0.70,0.80,28.99,17,17,0,772.28,769.10,775.10,24.37,17,0,0
1050526,0.34,0.30,0.40,30.49,17,17,0,0.02,0.00,0.10,28.85,17,17,0,0.34,0.30,0.40,29.23,17,17,0,0.80,0.80,0.80,28.55,17,17,0,0.17,0.10,0.20,29.06,17,17,0,0.76,0.70,0.80,29.00,17,17,0,778.55,772.60,784.00,24.37,17,0,0
1051035,0.32,0.30,0.40,30.49,17,17,0,0.04,0.00,0.10,28.87,17,17,0,0.37,0.30,0.40,29.22,17,17,0,0.80,0.80,0.80,28.55,17,17,0,0.19,0.10,0.20,29.07,17,17,0,0.76,0.70,0.80,28.98,17,17,0,788.61,783.70,793.10,24.37,17,0,0
1051538,0.35,0.30,0.40,30.50,17,17,0,0.02,-0.10,0.10,28.86,17,17,0,0.36,0.30,0.40,29.23,17,17,0,0.80,0.80,0.80,28.55,17,17,0,0.19,0.10,0.30,29.07,17,17,0,0.77,0.70,0.80,28.98,17,17,0,777.34,770.40,787.00,24.37,17,0,0
1052038,0.34,0.30,0.40,30.50,17,17,0,0.04,0.00,0.10,28.87,17,17,0,0.39,0.30,0.40,29.26,17,17,0,0.81,0.80,0.90,28.54,17,17,0,0.20,0.10,0.30,29.06,17,17,0,0.78,0.70,0.80,28.98,17,17,0,770.81,766.70,774.20,24.35,17,0,0
1052538,0.33,0.30,0.40,30.50,17,17,0,0.04,-0.10,0.10,28.88,17,17,0,0.38,0.30,0.40,29.23,17,17,0,0.80,0.80,0.80,28.54,17,17,0,0.18,0.10,0.20,29.06,17,17,0,0.75,0.70,0.80,28.99,17,17,0,770.51,764.30,779.90,24.36,17,0,0
1053039,0.34,0.30,0.40,30.50,17,17,0,0.03,-0.10,0.10,28.87,17,17,0,0.36,0.30,0.40,29.22,17,17,0,0.80,0.80,0.80,28.56,17,17,0,0.19,0.10,0.20,29.07,17,17,0,0.75,0.70,0.80,28.98,17,17,0,781.61,776.00,785.10,24.36,17,0,0
1053539,0.35,0.30,0.40,30.50,17,17,0,0.02,-0.10,0.10,28.87,17,17,0,0.36,0.30,0.40,29.23,17,17,0,0.80,0.80,0.80,28.56,17,17,0,0.19,0.10,0.30,29.05,17,17,0,0.77,0.70,0.80,28.98,17,17,0,786.05,778.10,791.20,24.35,17,0,0
1054039,0.33,0.30,0.40,30.49,17,17,0,0.02,-0.10,0.10,28.87,17,17,0,0.36,0.30,0.40,29.24,17,17,0,0.80,0.80,0.80,28.56,17,17,0,0.19,0.10,0.20,29.05,17,17,0,0.78,0.70,0.80,28.99,17,17,0,773.81,769.30,780.10,24.36,17,0,0
1054539,0.34,0.30,0.40,30.49,17,17,0,0.04,0.00,0.10,28.85,17,17,0,0.35,0.30,0.40,29.23,17,17,0,0.79,0.70,0.80,28.54,17,17,0,0.18,0.10,0.20,29.06,17,17,0,0.77,0.70,0.80,28.99,17,17,0,772.82,766.40,781.50,24.35,17,0,0
1055039,0.33,0.30,0.40,30.48,17,17,0,0.04,-0.10,0.10,28.87,17,17,0,0.38,0.30,0.40,29.22,17,17,0,0.80,0.80,0.80,28.56,17,17,0,0.18,0.10,0.20,29.06,17,17,0,0.77,0.70,0.80,29.00,17,17,0,779.49,772.80,785.30,24.35,17,0,0
1055540,0.32,0.30,0.40,30.49,17,17,0,0.02,0.00,0.10,28.88,17,17,0,0.39,0.30,0.40,29.23,17,17,0,0.80,0.80,0.80,28.55,17,17,0,0.19,0.10,0.20,29.06,17,17,0,0.77,0.70,0.80,28.99,17,17,0,786.71,781.10,792.30,24.38,17,0,0
1056040,0.34,0.30,0.40,30.50,17,17,0,0.02,-0.10,0.10,28.87,17,17,0,0.39,0.30,0.40,29.24,17,17,0,0.80,0.80,0.80,28.56,17,17,0,0.18,0.10,0.20,29.05,17,17,0,0.78,0.70,0.80,28.99,17,17,0,781.72,777.50,788.70,24.37,17,0,0
1056540,0.34,0.30,0.40,30.48,17,17,0,0.01,0.00,0.10,28.86,17,17,0,0.38,0.30,0.40,29.23,17,17,0,0.81,0.80,0.90,28.56,17,17,0,0.16,0.10,0.20,29.06,17,17,0,0.75,0.70,0.80,28.98,17,17,0,773.66,769.30,776.30,24.37,17,0,0
1057040,0.35,0.30,0.40,30.48,17,17,0,0.01,0.00,0.10,28.88,17,17,0,0.38,0.30,0.40,29.23,17,17,0,0.80,0.80,0.80,28.54,17,17,0,0.18,0.10,0.20,29.05,17,17,0,0.76,0.70,0.80,28.97,17,17,0,776.33,771.40,781.00,24.36,17,0,0
1057543,0.36,0.30,0.40,30.50,17,17,0,0.03,0.00,0.10,28.86,17,17,0,0.38,0.30,0.40,29.22,17,17,0,0.80,0.80,0.80,28.53,17,17,0,0.18,0.10,0.20,29.05,17,17,0,0.76,0.70,0.80,29.00,17,17,0,785.29,780.60,791.00,24.36,17,0,0
1058043,0.34,0.30,0.40,30.49,17,17,0,0.01,-0.10,0.10,28.87,17,17,0,0.38,0.30,0.40,29.25,17,17,0,0.80,0.80,0.80,28.56,17,17,0,0.18,0.10,0.20,29.06,17,17,0,0.75,0.70,0.80,28.99,17,17,0,790.92,785.20,796.70,24.36,17,0,0
1058553,0.36,0.30,0.40,30.50,17,17,0,0.01,-0.10,0.10,28.87,17,17,0,0.39,0.30,0.40,29.25,17,17,0,0.80,0.80,0.80,28.54,17,17,0,0.19,0.10,0.20,29.07,17,17,0,0.76,0.70,0.80,28.99,17,17,0,785.42,779.20,790.50,24.35,17,0,0
1059066,0.33,0.30,0.40,30.49,17,17,0,0.03,0.00,0.10,28.87,17,17,0,0.39,0.30,0.40,29.24,17,17,0,0.80,0.80,0.80,28.56,17,17,0,0.19,0.10,0.20,29.07,17,17,0,0.75,0.70,0.80,28.98,17,17,0,782.33,773.20,789.20,24.35,17,0,0
1059572,0.34,0.30,0.40,30.49,17,17,0,0.02,0.00,0.10,28.87,17,17,0,0.39,0.30,0.40,29.23,17,17,0,0.80,0.80,0.80,28.55,17,17,0,0.19,0.10,0.20,29.07,17,17,0,0.76,0.70,0.80,28.99,17,17,0,791.23,785.20,797.70,24.35,17,0,0
1060077,0.35,0.30,0.40,30.50,17,17,0,0.03,-0.10,0.10,28.87,17,17,0,0.38,0.30,0.40,29.25,17,17,0,0.79,0.70,0.80,28.55,17,17,0,0.19,0.10,0.20,29.07,17,17,0,0.77,0.70,0.80,28.98,17,17,0,798.06,793.30,805.20,24.36,17,0,0
1060577,0.34,0.30,0.40,30.49,17,17,0,0.04,0.00,0.10,28.87,17,17,0,0.38,0.30,0.40,29.22,17,17,0,0.80,0.80,0.80,28.54,17,17,0,0.18,0.10,0.20,29.06,17,17,0,0.78,0.70,0.80,28.99,17,17,0,794.99,790.20,801.30,24.34,17,0,0
1061077,0.33,0.30,0.40,30.48,17,17,0,0.03,0.00,0.10,28.87,17,17,0,0.39,0.30,0.40,29.22,17,17,0,0.81,0.80,0.90,28.55,17,17,0,0.19,0.10,0.20,29.05,17,17,0,0.78,0.70,0.80,29.00,17,17,0,794.34,788.80,798.50,24.34,17,0,0
1061577,0.35,0.30,0.40,30.51,16,16,0,0.00,-0.10,0.10,28.86,16,16,0,0.39,0.30,0.40,29.22,16,16,0,0.80,0.80,0.80,28.55,16,16,0,0.19,0.10,0.20,29.06,16,16,0,0.76,0.70,0.80,28.98,16,16,0,797.86,792.80,803.70,24.36,16,0,0
1062085,0.34,0.30,0.40,30.48,17,17,0,0.02,0.00,0.10,28.86,17,17,0,0.38,0.30,0.40,29.24,17,17,0,0.80,0.80,0.80,28.55,17,17,0,0.18,0.10,0.20,29.06,17,17,0,0.76,0.70,0.80,28.99,17,17,0,805.59,799.50,812.60,24.33,17,0,0
1062592,0.34,0.30,0.40,30.50,17,17,0,0.03,-0.10,0.10,28.87,17,17,0,0.39,0.30,0.40,29.24,17,17,0,0.80,0.80,0.80,28.54,17,17,0,0.19,0.10,0.20,29.05,17,17,0,0.77,0.70,0.80,29.00,17,17,0,810.82,804.20,817.20,24.35,17,0,0
1063092,0.35,0.30,0.40,30.48,17,17,0,0.01,0.00,0.10,28.87,17,17,0,0.39,0.30,0.40,29.24,17,17,0,0.79,0.70,0.80,28.55,17,17,0,0.18,0.10,0.20,29.06,17,17,0,0.75,0.70,0.80,28.99,17,17,0,810.77,805.40,817.00,24.34,17,0,0
1063592,0.36,0.30,0.40,30.50,17,17,0,0.03,-0.10,0.10,28.87,17,17,0,0.38,0.30,0.40,29.22,17,17,0,0.80,0.80,0.80,28.56,17,17,0,0.16,0.10,0.20,29.07,17,17,0,0.77,0.70,0.80,29.01,17,17,0,807.35,801.60,814.00,24.34,17,0,0
1064096,0.34,0.30,0.40,30.50,17,17,0,0.00,-0.10,0.10,28.87,17,17,0,0.39,0.30,0.40,29.24,17,17,0,0.81,0.80,0.90,28.57,17,17,0,0.19,0.10,0.30,29.07,17,17,0,0.76,0.70,0.80,28.99,17,17,0,812.74,808.00,817.80,24.34,17,0,0
1064599,0.34,0.30,0.40,30.49,17,17,0,0.02,-0.10,0.10,28.87,17,17,0,0.39,0.30,0.40,29.25,17,17,0,0.80,0.80,0.80,28.54,17,17,0,0.18,0.10,0.20,29.05,17,17,0,0.77,0.70,0.80,29.00,17,17,0,819.01,815.00,826.90,24.32,17,0,0
1065100,0.35,0.30,0.40,30.49,17,17,0,0.01,0.00,0.10,28.87,17,17,0,0.38,0.30,0.40,29.24,17,17,0,0.80,0.80,0.80,28.56,17,17,0,0.18,0.10,0.20,29.06,17,17,0,0.74,0.70,0.80,28.98,17,17,0,824.49,819.20,829.80,24.34,17,0,0
1065612,0.36,0.30,0.40,30.51,17,17,0,0.02,0.00,0.10,28.86,17,17,0,0.38,0.30,0.40,29.22,17,17,0,0.80,0.80,0.80,28.56,17,17,0,0.18,0.10,0.20,29.06,17,17,0,0.76,0.70,0.80,29.01,17,17,0,821.58,816.90,827.80,24.33,17,0,0
1066119,0.34,0.30,0.40,30.50,17,17,0,0.03,-0.10,0.10,28.89,17,17,0,0.38,0.30,0.40,29.23,17,17,0,0.79,0.70,0.80,28.56,17,17,0,0.19,0.10,0.20,29.06,17,17,0,0.76,0.70,0.80,28.99,17,17,0,816.62,810.20,820.10,24.35,17,0,0
1066623,0.35,0.30,0.40,30.48,17,17,0,0.02,-0.10,0.10,28.87,17,17,0,0.38,0.30,0.40,29.24,17,17,0,0.79,0.70,0.80,28.57,17,17,0,0.18,0.10,0.20,29.06,17,17,0,0.76,0.70,0.80,29.01,17,17,0,822.35,815.90,829.10,24.32,17,0,0
1067130,0.32,0.30,0.40,30.49,17,17,0,0.05,0.00,0.10,28.86,17,17,0,0.37,0.30,0.40,29.23,17,17,0,0.80,0.80,0.80,28.56,17,17,0,0.18,0.10,0.20,29.06,17,17,0,0.78,0.70,0.80,29.00,17,17,0,831.92,825.70,837.00,24.31,17,0,0
1067633,0.32,0.30,0.40,30.48,17,17,0,0.03,-0.10,0.10,28.87,17,17,0,0.39,0.30,0.40,29.23,17,17,0,0.80,0.80,0.80,28.56,17,17,0,0.18,0.10,0.20,29.07,17,17,0,0.79,0.70,0.80,28.99,17,17,0,832.80,824.80,839.30,24.31,17,0,0
1068136,0.32,0.30,0.40,30.49,17,17,0,0.01,-0.10,0.10,28.87,17,17,0,0.38,0.30,0.40,29.23,17,17,0,0.80,0.80,0.80,28.54,17,17,0,0.19,0.10,0.20,29.08,17,17,0,0.76,0.70,0.80,29.01,17,17,0,823.99,813.50,833.20,24.33,17,0,0
1068638,0.34,0.30,0.40,30.49,17,17,0,0.02,-0.10,0.10,28.87,17,17,0,0.39,0.30,0.40,29.24,17,17,0,0.80,0.80,0.80,28.57,17,17,0,0.19,0.10,0.20,29.06,17,17,0,0.78,0.70,0.80,28.99,17,17,0,820.37,813.80,824.50,24.31,17,0,0
1069138,0.35,0.30,0.40,30.51,17,17,0,0.01,-0.10,0.10,28.88,17,17,0,0.40,0.40,0.40,29.23,17,17,0,0.80,0.80,0.80,28.55,17,17,0,0.19,0.10,0.20,29.09,17,17,0,0.76,0.70,0.80,29.00,17,17,0,827.28,819.50,835.80,24.33,17,0,0
1069645,0.35,0.30,0.40,30.51,17,17,0,0.05,0.00,0.10,28.87,17,17,0,0.38,0.30,0.40,29.24,17,17,0,0.79,0.70,0.80,28.54,17,17,0,0.19,0.10,0.20,29.06,17,17,0,0.76,0.70,0.80,29.00,17,17,0,837.56,820.20,850.20,24.33,17,0,0
1070148,0.36,0.30,0.40,30.47,17,17,0,0.03,0.00,0.10,28.87,17,17,0,0.39,0.30,0.40,29.22,17,17,0,0.80,0.80,0.80,28.55,17,17,0,0.19,0.10,0.20,29.07,17,17,0,0.77,0.70,0.80,29.00,17,17,0,835.32,828.30,847.90,24.32,17,0,0
1070650,0.35,0.30,0.40,30.50,17,17,0,0.04,-0.10,0.10,28.86,17,17,0,0.39,0.30,0.40,29.23,17,17,0,0.80,0.80,0.80,28.57,17,17,0,0.18,0.10,0.20,29.06,17,17,0,0.76,0.70,0.80,28.99,17,17,0,824.33,815.50,829.80,24.32,17,0,0
1071150,0.35,0.30,0.40,30.49,17,17,0,0.03,-0.10,0.10,28.87,17,17,0,0.38,0.30,0.40,29.23,17,17,0,0.80,0.80,0.80,28.57,17,17,0,0.18,0.10,0.20,29.08,17,17,0,0.78,0.70,0.80,28.99,17,17,0,822.34,815.10,830.90,24.32,17,0,0
1071654,0.37,0.30,0.40,30.49,17,17,0,0.02,-0.10,0.10,28.88,17,17,0,0.38,0.30,0.40,29.23,17,17,0,0.80,0.80,0.80,28.55,17,17,0,0.18,0.10,0.20,29.06,17,17,0,0.76,0.70,0.80,28.99,17,17,0,829.07,821.30,834.80,24.32,17,0,0
1072166,0.35,0.30,0.40,30.49,17,17,0,0.02,0.00,0.10,28.86,17,17,0,0.37,0.30,0.40,29.23,17,17,0,0.80,0.80,0.80,28.55,17,17,0,0.16,0.10,0.20,29.07,17,17,0,0.76,0.70,0.80,29.00,17,17,0,835.15,829.50,840.30,24.32,17,0,0
1072666,0.34,0.30,0.40,30.51,16,16,0,0.03,0.00,0.10,28.87,16,16,0,0.36,0.30,0.40,29.23,16,16,0,0.80,0.80,0.80,28.55,16,16,0,0.18,0.10,0.20,29.06,16,16,0,0.78,0.70,0.80,29.01,16,16,0,822.01,814.30,829.50,24.34,16,0,0
1073167,0.32,0.30,0.40,30.48,17,17,0,0.04,0.00,0.10,28.86,17,17,0,0.36,0.30,0.40,29.23,17,17,0,0.79,0.70,0.80,28.56,17,17,0,0.18,0.10,0.20,29.07,17,17,0,0.75,0.70,0.80,29.00,17,17,0,812.01,807.80,816.10,24.31,17,0,0
1073667,0.32,0.30,0.40,30.48,17,17,0,0.03,0.00,0.10,28.88,17,17,0,0.38,0.30,0.40,29.24,17,17,0,0.79,0.70,0.80,28.54,17,17,0,0.18,0.10,0.20,29.07,17,17,0,0.78,0.70,0.80,29.00,17,17,0,813.39,808.30,819.80,24.32,17,0,0
1074173,0.36,0.30,0.40,30.50,17,17,0,0.02,-0.10,0.10,28.86,17,17,0,0.38,0.30,0.40,29.22,17,17,0,0.80,0.80,0.80,28.55,17,17,0,0.18,0.10,0.20,29.08,17,17,0,0.76,0.70,0.80,28.98,17,17,0,822.86,818.20,829.60,24.32,17,0,0
1074676,0.35,0.30,0.40,30.49,17,17,0,0.02,-0.10,0.10,28.86,17,17,0,0.39,0.30,0.40,29.23,17,17,0,0.81,0.80,0.90,28.55,17,17,0,0.18,0.10,0.20,29.07,17,17,0,0.77,0.70,0.80,29.01,17,17,0,825.90,819.70,830.70,24.33,17,0,0
1075176,0.33,0.30,0.40,30.49,17,17,0,0.02,-0.10,0.10,28.87,17,17,0,0.38,0.30,0.40,29.23,17,17,0,0.80,0.80,0.80,28.56,17,17,0,0.18,0.10,0.20,29.08,17,17,0,0.76,0.70,0.80,29.01,17,17,0,811.79,804.60,818.50,24.32,17,0,0
1075676,0.35,0.30,0.40,30.50,17,17,0,0.00,-0.10,0.10,28.88,17,17,0,0.38,0.30,0.40,29.23,17,17,0,0.80,0.80,0.80,28.56,17,17,0,0.19,0.10,0.30,29.06,17,17,0,0.76,0.70,0.80,28.99,17,17,0,805.17,801.10,807.60,24.30,17,0,0
1076178,0.32,0.30,0.40,30.50,17,17,0,0.01,-0.10,0.10,28.86,17,17,0,0.38,0.30,0.40,29.21,17,17,0,0.81,0.80,0.90,28.55,17,17,0,0.18,0.10,0.20,29.06,17,17,0,0.75,0.70,0.80,29.01,17,17,0,810.17,806.50,814.80,24.31,17,0,0
1076679,0.36,0.30,0.40,30.49,17,17,0,0.04,0.00,0.10,28.87,17,17,0,0.39,0.30,0.40,29.24,17,17,0,0.80,0.80,0.80,28.56,17,17,0,0.19,0.10,0.20,29.07,17,17,0,0.78,0.70,0.80,29.00,17,17,0,813.58,809.30,818.00,24.33,17,0,0
1077182,0.36,0.30,0.40,30.48,17,17,0,0.01,-0.10,0.10,28.88,17,17,0,0.35,0.30,0.40,29.24,17,17,0,0.79,0.70,0.80,28.55,17,17,0,0.18,0.10,0.20,29.08,17,17,0,0.76,0.70,0.80,29.00,17,17,0,809.39,804.10,815.50,24.33,17,0,0
1077682,0.35,0.30,0.40,30.48,17,17,0,0.02,-0.10,0.10,28.87,17,17,0,0.38,0.30,0.40,29.23,17,17,0,0.79,0.70,0.80,28.54,17,17,0,0.19,0.10,0.20,29.07,17,17,0,0.78,0.70,0.80,29.00,17,17,0,796.24,790.30,802.50,24.33,17,0,0
1078194,0.35,0.30,0.40,30.49,17,17,0,0.02,0.00,0.10,28.86,17,17,0,0.38,0.30,0.40,29.22,17,17,0,0.80,0.80,0.80,28.56,17,17,0,0.18,0.10,0.20,29.09,17,17,0,0.76,0.70,0.80,29.00,17,17,0,793.79,790.10,799.30,24.32,17,0,0
1078697,0.35,0.30,0.40,30.51,17,17,0,0.02,-0.10,0.10,28.88,17,17,0,0.37,0.30,0.40,29.23,17,17,0,0.80,0.80,0.80,28.56,17,17,0,0.19,0.10,0.20,29.07,17,17,0,0.78,0.70,0.80,29.01,17,17,0,800.53,797.60,804.60,24.33,17,0,0
1079198,0.35,0.30,0.40,30.49,17,17,0,0.04,-0.10,0.10,28.87,17,17,0,0.36,0.30,0.40,29.22,17,17,0,0.80,0.80,0.80,28.54,17,17,0,0.18,0.10,0.20,29.06,17,17,0,0.77,0.70,0.80,29.01,17,17,0,803.60,799.20,807.70,24.33,17,0,0
1079698,0.35,0.30,0.40,30.49,17,17,0,0.03,0.00,0.10,28.87,17,17,0,0.35,0.30,0.40,29.22,17,17,0,0.80,0.80,0.80,28.56,17,17,0,0.19,0.10,0.20,29.07,17,17,0,0.76,0.70,0.80,28.99,17,17,0,794.61,790.40,800.00,24.32,17,0,0
1080201,0.36,0.30,0.40,30.48,16,16,0,0.02,-0.10,0.10,28.87,16,16,0,0.37,0.30,0.40,29.22,16,16,0,0.81,0.80,0.90,28.55,16,16,0,0.19,0.10,0.20,29.07,16,16,0,0.78,0.70,0.80,28.99,16,16,0,787.69,784.30,791.40,24.33,16,0,0
1080703,0.36,0.30,0.40,30.50,17,17,0,0.04,-0.10,0.10,28.86,17,17,0,0.34,0.30,0.40,29.24,17,17,0,0.80,0.80,0.80,28.54,17,17,0,0.16,0.10,0.20,29.07,17,17,0,0.78,0.70,0.80,28.98,17,17,0,789.08,786.20,791.90,24.34,17,0,0
1081206,0.35,0.30,0.40,30.50,17,17,0,0.04,-0.10,0.10,28.88,17,17,0,0.36,0.30,0.40,29.24,17,17,0,0.80,0.80,0.80,28.57,17,17,0,0.19,0.10,0.20,29.08,17,17,0,0.78,0.70,0.80,29.01,17,17,0,791.24,787.20,795.80,24.33,17,0,0
1081712,0.35,0.30,0.40,30.50,17,17,0,0.00,-0.10,0.10,28.86,17,17,0,0.37,0.30,0.40,29.23,17,17,0,0.80,0.80,0.80,28.56,17,17,0,0.18,0.10,0.20,29.09,17,17,0,0.78,0.70,0.80,28.99,17,17,0,789.66,785.30,795.30,24.33,17,0,0
1082215,0.32,0.30,0.40,30.49,17,17,0,0.04,0.00,0.10,28.87,17,17,0,0.38,0.30,0.40,29.24,17,17,0,0.80,0.80,0.80,28.55,17,17,0,0.17,0.10,0.20,29.07,17,17,0,0.77,0.70,0.80,28.99,17,17,0,781.58,773.90,785.40,24.31,17,0,0
1082716,0.37,0.30,0.40,30.48,17,17,0,0.04,0.00,0.10,28.87,17,17,0,0.37,0.30,0.40,29.23,17,17,0,0.80,0.80,0.80,28.55,17,17,0,0.18,0.10,0.20,29.08,17,17,0,0.77,0.70,0.80,29.00,17,17,0,777.46,773.10,781.00,24.34,17,0,0
1083218,0.35,0.30,0.40,30.48,17,17,0,0.02,0.00,0.10,28.87,17,17,0,0.38,0.30,0.40,29.23,17,17,0,0.80,0.80,0.80,28.56,17,17,0,0.20,0.20,0.20,29.08,17,17,0,0.76,0.70,0.80,28.99,17,17,0,780.36,776.30,783.80,24.32,17,0,0
1083718,0.33,0.30,0.40,30.50,17,17,0,0.04,0.00,0.10,28.89,17,17,0,0.36,0.30,0.40,29.23,17,17,0,0.81,0.80,0.90,28.56,17,17,0,0.18,0.10,0.20,29.07,17,17,0,0.78,0.70,0.80,28.99,17,17,0,785.14,781.90,788.40,24.31,17,0,0
1084221,0.34,0.30,0.40,30.49,17,17,0,0.02,-0.10,0.10,28.87,17,17,0,0.37,0.30,0.40,29.25,17,17,0,0.79,0.70,0.80,28.55,17,17,0,0.18,0.10,0.20,29.07,17,17,0,0.76,0.70,0.80,29.00,17,17,0,782.98,779.30,787.30,24.33,17,0,0
1084721,0.34,0.30,0.40,30.51,17,17,0,0.02,-0.10,0.10,28.87,17,17,0,0.38,0.30,0.40,29.23,17,17,0,0.80,0.80,0.80,28.56,17,17,0,0.17,0.10,0.20,29.06,17,17,0,0.79,0.70,0.80,29.00,17,17,0,776.58,772.80,779.70,24.32,17,0,0
1085221,0.32,0.30,0.40,30.49,17,17,0,0.02,-0.10,0.10,28.91,17,17,0,0.38,0.30,0.40,29.22,17,17,0,0.81,0.80,0.90,28.55,17,17,0,0.19,0.10,0.20,29.07,17,17,0,0.78,0.70,0.80,29.01,17,17,0,774.02,770.90,776.00,24.31,17,0,0
1085721,0.34,0.30,0.40,30.49,17,17,0,0.02,0.00,0.10,28.89,17,17,0,0.38,0.30,0.40,29.22,17,17,0,0.79,0.70,0.80,28.55,17,17,0,0.19,0.10,0.20,29.08,17,17,0,0.76,0.70,0.80,29.00,17,17,0,777.96,773.70,783.80,24.32,17,0,0
1086222,0.34,0.30,0.40,30.50,17,17,0,0.01,-0.10,0.10,28.87,17,17,0,0.35,0.30,0.40,29.22,17,17,0,0.80,0.80,0.80,28.55,17,17,0,0.18,0.10,0.20,29.07,17,17,0,0.78,0.70,0.80,28.99,17,17,0,785.68,780.60,788.60,24.32,17,0,0
1086722,0.34,0.30,0.40,30.50,17,17,0,0.01,0.00,0.10,28.89,17,17,0,0.35,0.30,0.40,29.22,17,17,0,0.80,0.80,0.80,28.55,17,17,0,0.18,0.10,0.20,29.06,17,17,0,0.77,0.70,0.80,28.98,17,17,0,782.51,777.30,785.80,24.34,17,0,0
1087224,0.34,0.30,0.40,30.51,17,17,0,0.03,0.00,0.10,28.86,17,17,0,0.35,0.30,0.40,29.23,17,17,0,0.80,0.80,0.80,28.56,17,17,0,0.19,0.10,0.20,29.06,17,17,0,0.76,0.70,0.80,28.99,17,17,0,776.85,774.20,781.30,24.34,17,0,0
1087726,0.32,0.30,0.40,30.48,17,17,0,0.03,-0.10,0.10,28.88,17,17,0,0.35,0.30,0.40,29.22,17,17,0,0.80,0.80,0.80,28.55,17,17,0,0.19,0.10,0.20,29.07,17,17,0,0.77,0.70,0.80,29.00,17,17,0,776.18,771.40,780.20,24.33,17,0,0
1088226,0.34,0.30,0.40,30.49,17,17,0,0.01,-0.10,0.10,28.86,17,17,0,0.38,0.30,0.40,29.23,17,17,0,0.80,0.80,0.80,28.55,17,17,0,0.19,0.10,0.20,29.08,17,17,0,0.77,0.70,0.80,29.00,17,17,0,781.74,777.90,786.20,24.33,17,0,0
1088726,0.36,0.30,0.40,30.49,17,17,0,0.04,-0.10,0.10,28.87,17,17,0,0.35,0.30,0.40,29.23,17,17,0,0.80,0.80,0.80,28.57,17,17,0,0.20,0.20,0.20,29.06,17,17,0,0.77,0.70,0.80,29.00,17,17,0,789.11,785.30,792.30,24.30,17,0,0
1089234,0.34,0.30,0.40,30.48,17,17,0,0.02,-0.10,0.10,28.88,17,17,0,0.35,0.30,0.40,29.22,17,17,0,0.80,0.80,0.80,28.56,17,17,0,0.20,0.20,0.20,29.05,17,17,0,0.76,0.70,0.80,29.01,17,17,0,778.52,773.70,784.20,24.32,17,0,0
1089741,0.34,0.30,0.40,30.49,17,17,0,0.02,0.00,0.10,28.86,17,17,0,0.39,0.30,0.40,29.22,17,17,0,0.80,0.80,0.80,28.56,17,17,0,0.19,0.10,0.20,29.06,17,17,0,0.78,0.70,0.80,28.98,17,17,0,772.77,768.60,777.60,24.34,17,0,0
1090248,0.35,0.30,0.40,30.49,17,17,0,0.01,-0.10,0.10,28.86,17,17,0,0.38,0.30,0.40,29.20,17,17,0,0.80,0.80,0.80,28.56,17,17,0,0.19,0.10,0.20,29.09,17,17,0,0.76,0.70,0.80,28.98,17,17,0,774.81,769.90,782.40,24.31,17,0,0
1090755,0.33,0.30,0.40,30.49,17,17,0,0.04,0.00,0.10,28.89,17,17,0,0.38,0.30,0.40,29.23,17,17,0,0.80,0.80,0.80,28.55,17,17,0,0.19,0.10,0.20,29.06,17,17,0,0.76,0.70,0.80,29.00,17,17,0,786.10,780.50,791.70,24.31,17,0,0
1091258,0.35,0.30,0.40,30.49,17,17,0,0.01,-0.10,0.10,28.87,17,17,0,0.36,0.30,0.40,29.23,17,17,0,0.80,0.80,0.80,28.53,17,17,0,0.20,0.20,0.20,29.08,17,17,0,0.76,0.70,0.80,28.99,17,17,0,786.72,775.50,794.70,24.33,17,0,0
1091758,0.33,0.30,0.40,30.50,17,17,0,0.01,-0.10,0.10,28.87,17,17,0,0.38,0.30,0.40,29.23,17,17,0,0.81,0.80,0.90,28.57,17,17,0,0.20,0.20,0.20,29.06,17,17,0,0.76,0.70,0.80,29.00,17,17,0,774.23,771.10,778.70,24.32,17,0,0
1092263,0.36,0.30,0.40,30.49,17,17,0,0.02,-0.10,0.10,28.88,17,17,0,0.37,0.30,0.40,29.24,17,17,0,0.81,0.80,0.90,28.57,17,17,0,0.18,0.10,0.20,29.08,17,17,0,0.76,0.70,0.80,29.00,17,17,0,768.26,762.90,773.60,24.31,17,0,0
1092769,0.34,0.30,0.40,30.50,17,17,0,0.00,-0.10,0.10,28.88,17,17,0,0.35,0.30,0.40,29.23,17,17,0,0.80,0.80,0.80,28.56,17,17,0,0.18,0.10,0.20,29.06,17,17,0,0.78,0.70,0.80,29.00,17,17,0,778.19,769.70,786.00,24.31,17,0,0
1093276,0.33,0.30,0.40,30.50,17,17,0,0.05,0.00,0.10,28.87,17,17,0,0.39,0.30,0.40,29.24,17,17,0,0.80,0.80,0.80,28.57,17,17,0,0.16,0.10,0.20,29.06,17,17,0,0.76,0.70,0.80,29.00,17,17,0,788.26,785.60,791.50,24.34,17,0,0
1093776,0.37,0.30,0.40,30.50,17,17,0,0.02,0.00,0.10,28.87,17,17,0,0.38,0.30,0.40,29.22,17,17,0,0.80,0.80,0.80,28.56,17,17,0,0.19,0.10,0.20,29.05,17,17,0,0.76,0.70,0.80,29.01,17,17,0,781.51,768.10,789.80,24.31,17,0,0
1094288,0.34,0.30,0.40,30.49,17,17,0,0.01,0.00,0.10,28.87,17,17,0,0.38,0.30,0.40,29.22,17,17,0,0.80,0.80,0.80,28.56,17,17,0,0.17,0.10,0.20,29.06,17,17,0,0.78,0.70,0.80,29.00,17,17,0,769.00,765.40,773.20,24.34,17,0,0
1094791,0.33,0.30,0.40,30.50,17,17,0,0.02,-0.10,0.10,28.88,17,17,0,0.38,0.30,0.40,29.23,17,17,0,0.80,0.80,0.80,28.55,17,17,0,0.19,0.10,0.20,29.08,17,17,0,0.76,0.70,0.80,29.00,17,17,0,771.00,764.10,776.10,24.33,17,0,0
1095291,0.35,0.30,0.40,30.50,17,17,0,-0.01,-0.10,0.10,28.88,17,17,0,0.38,0.30,0.40,29.21,17,17,0,0.80,0.80,0.80,28.57,17,17,0,0.18,0.10,0.20,29.08,17,17,0,0.75,0.70,0.80,29.00,17,17,0,781.53,774.20,788.50,24.31,17,0,0
1095804,0.35,0.30,0.40,30.49,17,17,0,0.01,-0.10,0.10,28.88,17,17,0,0.38,0.30,0.40,29.23,17,17,0,0.81,0.80,0.90,28.56,17,17,0,0.18,0.10,0.20,29.06,17,17,0,0.78,0.70,0.80,29.00,17,17,0,790.56,787.50,795.20,24.32,17,0,0
1096304,0.36,0.30,0.40,30.51,17,17,0,0.03,-0.10,0.10,28.88,17,17,0,0.38,0.30,0.40,29.23,17,17,0,0.80,0.80,0.80,28.57,17,17,0,0.18,0.10,0.20,29.06,17,17,0,0.77,0.70,0.80,29.00,17,17,0,774.57,768.10,782.20,24.32,17,0,0
1096804,0.34,0.30,0.40,30.49,16,16,0,0.01,0.00,0.10,28.86,16,16,0,0.39,0.30,0.40,29.23,16,16,0,0.79,0.70,0.80,28.55,16,16,0,0.18,0.10,0.20,29.08,16,16,0,0.78,0.70,0.80,29.02,16,16,0,769.69,766.60,771.90,24.31,16,0,0
1097307,0.33,0.30,0.40,30.49,17,17,0,0.05,0.00,0.10,28.87,17,17,0,0.38,0.30,0.40,29.23,17,17,0,0.81,0.80,0.90,28.55,17,17,0,0.19,0.10,0.20,29.07,17,17,0,0.75,0.70,0.80,28.98,17,17,0,774.48,769.00,780.00,24.33,17,0,0
1097807,0.34,0.30,0.40,30.50,17,17,0,0.02,-0.10,0.10,28.87,17,17,0,0.38,0.30,0.40,29.24,17,17,0,0.79,0.70,0.80,28.56,17,17,0,0.16,0.10,0.20,29.08,17,17,0,0.78,0.70,0.80,28.99,17,17,0,787.34,782.60,793.30,24.33,17,0,0
1098307,0.35,0.30,0.40,30.49,17,17,0,0.05,0.00,0.10,28.87,17,17,0,0.37,0.30,0.40,29.23,17,17,0,0.80,0.80,0.80,28.56,17,17,0,0.16,0.10,0.20,29.08,17,17,0,0.78,0.70,0.80,28.99,17,17,0,782.67,772.20,790.50,24.31,17,0,0
1098810,0.35,0.30,0.40,30.48,17,17,0,0.04,0.00,0.10,28.86,17,17,0,0.38,0.30,0.40,29.23,17,17,0,0.80,0.80,0.80,28.56,17,17,0,0.19,0.10,0.20,29.07,17,17,0,0.79,0.70,0.80,28.98,17,17,0,769.20,765.10,773.30,24.32,17,0,0
1099310,0.34,0.30,0.40,30.49,16,16,0,0.00,-0.10,0.10,28.87,16,16,0,0.39,0.30,0.40,29.23,16,16,0,0.79,0.70,0.80,28.56,16,16,0,0.19,0.10,0.20,29.08,16,16,0,0.74,0.70,0.80,28.99,16,16,0,767.86,764.70,772.20,24.29,16,0,0
1099810,0.35,0.30,0.40,30.50,17,17,0,0.01,-0.10,0.10,28.87,17,17,0,0.37,0.30,0.40,29.23,17,17,0,0.79,0.70,0.80,28.56,17,17,0,0.20,0.20,0.20,29.07,17,17,0,0.78,0.70,0.80,28.99,17,17,0,779.64,770.40,788.10,24.32,17,0,0
1100310,0.36,0.30,0.40,30.51,16,16,0,0.01,-0.10,0.10,28.88,16,16,0,0.39,0.30,0.40,29.20,16,16,0,0.80,0.80,0.80,28.56,16,16,0,0.19,0.10,0.20,29.07,16,16,0,0.78,0.70,0.80,28.99,16,16,0,789.59,786.10,793.60,24.31,16,0,0
1100810,0.34,0.30,0.40,30.51,17,17,0,0.04,-0.10,0.10,28.87,17,17,0,0.38,0.30,0.40,29.23,17,17,0,0.80,0.80,0.80,28.56,17,17,0,0.19,0.10,0.20,29.08,17,17,0,0.77,0.70,0.80,28.99,17,17,0,780.02,771.70,789.20,24.32,17,0,0
1101314,0.34,0.30,0.40,30.48,17,17,0,0.02,-0.10,0.10,28.88,17,17,0,0.35,0.30,0.40,29.22,17,17,0,0.81,0.80,0.90,28.56,17,17,0,0.18,0.10,0.20,29.07,17,17,0,0.77,0.70,0.80,29.00,17,17,0,771.71,768.90,773.90,24.31,17,0,0
1101814,0.34,0.30,0.40,30.50,17,17,0,0.03,0.00,0.10,28.87,17,17,0,0.38,0.30,0.40,29.24,17,17,0,0.80,0.80,0.80,28.55,17,17,0,0.16,0.10,0.20,29.06,17,17,0,0.77,0.70,0.80,28.98,17,17,0,776.31,772.20,780.70,24.32,17,0,0
1102314,0.34,0.30,0.40,30.48,17,17,0,0.02,0.00,0.10,28.88,17,17,0,0.35,0.30,0.40,29.23,17,17,0,0.79,0.70,0.80,28.56,17,17,0,0.19,0.10,0.30,29.08,17,17,0,0.78,0.70,0.80,28.99,17,17,0,785.88,780.90,795.50,24.33,17,0,0
1102815,0.33,0.30,0.40,30.49,17,17,0,0.04,0.00,0.10,28.86,17,17,0,0.36,0.30,0.40,29.23,17,17,0,0.80,0.80,0.80,28.55,17,17,0,0.17,0.10,0.20,29.07,17,17,0,0.76,0.70,0.80,29.00,17,17,0,789.94,784.80,796.10,24.29,17,0,0
1103315,0.33,0.30,0.40,30.49,17,17,0,0.01,-0.10,0.10,28.88,17,17,0,0.38,0.30,0.40,29.22,17,17,0,0.80,0.80,0.80,28.56,17,17,0,0.18,0.10,0.20,29.07,17,17,0,0.78,0.70,0.80,29.01,17,17,0,779.59,775.20,784.70,24.32,17,0,0
1103816,0.35,0.30,0.40,30.48,17,17,0,0.02,0.00,0.10,28.87,17,17,0,0.35,0.30,0.40,29.22,17,17,0,0.80,0.80,0.80,28.57,17,17,0,0.18,0.10,0.20,29.08,17,17,0,0.78,0.70,0.80,29.00,17,17,0,777.56,772.50,780.60,24.32,17,0,0
1104318,0.34,0.30,0.40,30.49,17,17,0,0.03,-0.10,0.10,28.87,17,17,0,0.36,0.30,0.40,29.24,17,17,0,0.79,0.70,0.80,28.55,17,17,0,0.20,0.20,0.20,29.07,17,17,0,0.74,0.70,0.80,29.00,17,17,0,783.27,778.40,791.00,24.31,17,0,0
1104827,0.33,0.30,0.40,30.48,17,17,0,0.04,0.00,0.10,28.87,17,17,0,0.37,0.30,0.40,29.23,17,17,0,0.80,0.80,0.80,28.55,17,17,0,0.18,0.10,0.20,29.08,17,17,0,0.78,0.70,0.80,29.01,17,17,0,790.39,786.90,795.40,24.31,17,0,0
1105334,0.32,0.30,0.40,30.48,17,17,0,0.04,0.00,0.10,28.87,17,17,0,0.39,0.30,0.40,29.23,17,17,0,0.80,0.80,0.80,28.55,17,17,0,0.19,0.10,0.20,29.06,17,17,0,0.78,0.70,0.80,29.00,17,17,0,788.26,783.30,791.40,24.32,17,0,0
1105834,0.34,0.30,0.40,30.50,17,17,0,0.02,-0.10,0.10,28.87,17,17,0,0.36,0.30,0.40,29.24,17,17,0,0.79,0.70,0.80,28.57,17,17,0,0.18,0.10,0.20,29.07,17,17,0,0.79,0.70,0.80,28.99,17,17,0,784.45,780.50,788.90,24.31,17,0,0
1106334,0.36,0.30,0.40,30.50,17,17,0,0.01,-0.10,0.10,28.87,17,17,0,0.37,0.30,0.40,29.23,17,17,0,0.80,0.80,0.80,28.56,17,17,0,0.17,0.10,0.20,29.08,17,17,0,0.76,0.70,0.80,29.01,17,17,0,787.79,780.60,794.20,24.32,17,0,0
1106837,0.33,0.30,0.40,30.49,17,17,0,0.01,-0.10,0.10,28.87,17,17,0,0.39,0.30,0.40,29.23,17,17,0,0.80,0.80,0.80,28.56,17,17,0,0.17,0.10,0.20,29.07,17,17,0,0.76,0.70,0.80,28.98,17,17,0,796.31,791.30,802.10,24.30,17,0,0
1107344,0.32,0.30,0.40,30.49,17,17,0,0.02,0.00,0.10,28.87,17,17,0,0.38,0.30,0.40,29.23,17,17,0,0.80,0.80,0.80,28.56,17,17,0,0.18,0.10,0.20,29.08,17,17,0,0.79,0.70,0.80,29.00,17,17,0,800.82,795.80,804.50,24.31,17,0,0
1107844,0.35,0.30,0.40,30.50,17,17,0,0.04,-0.10,0.10,28.86,17,17,0,0.38,0.30,0.40,29.24,17,17,0,0.80,0.80,0.80,28.55,17,17,0,0.18,0.10,0.20,29.06,17,17,0,0.77,0.70,0.80,29.00,17,17,0,801.54,798.30,806.30,24.30,17,0,0
1108344,0.34,0.30,0.40,30.50,17,17,0,0.01,-0.10,0.10,28.87,17,17,0,0.36,0.30,0.40,29.21,17,17,0,0.80,0.80,0.80,28.54,17,17,0,0.19,0.10,0.20,29.06,17,17,0,0.76,0.70,0.80,29.02,17,17,0,801.51,797.50,804.80,24.30,17,0,0
1108844,0.33,0.30,0.40,30.50,17,17,0,0.02,-0.10,0.10,28.87,17,17,0,0.37,0.30,0.40,29.23,17,17,0,0.80,0.80,0.80,28.56,17,17,0,0.18,0.10,0.20,29.07,17,17,0,0.76,0.70,0.80,28.99,17,17,0,807.24,803.00,811.00,24.29,17,0,0
1109344,0.32,0.30,0.40,30.49,17,17,0,0.02,0.00,0.10,28.88,17,17,0,0.38,0.30,0.40,29.24,17,17,0,0.80,0.80,0.80,28.56,17,17,0,0.17,0.10,0.20,29.08,17,17,0,0.75,0.70,0.80,28.99,17,17,0,811.35,807.70,815.40,24.30,17,0,0
1109844,0.34,0.30,0.40,30.47,17,17,0,0.02,-0.10,0.10,28.86,17,17,0,0.39,0.30,0.40,29.22,17,17,0,0.80,0.80,0.80,28.55,17,17,0,0.18,0.10,0.20,29.05,17,17,0,0.76,0.70,0.80,29.01,17,17,0,813.61,809.60,819.60,24.31,17,0,0
1110344,0.34,0.30,0.40,30.49,17,17,0,0.03,-0.10,0.10,28.86,17,17,0,0.38,0.30,0.40,29.22,17,17,0,0.80,0.80,0.80,28.55,17,17,0,0.17,0.10,0.20,29.07,17,17,0,0.78,0.70,0.90,29.00,17,17,0,813.85,809.40,816.20,24.30,17,0,0
1110844,0.34,0.30,0.40,30.48,17,17,0,0.02,0.00,0.10,28.86,17,17,0,0.38,0.30,0.40,29.23,17,17,0,0.80,0.80,0.80,28.56,17,17,0,0.19,0.10,0.20,29.07,17,17,0,0.78,0.70,0.80,29.01,17,17,0,813.88,810.00,819.10,24.29,17,0,0
1111344,0.34,0.30,0.40,30.50,18,18,0,0.01,-0.10,0.10,28.86,18,18,0,0.37,0.30,0.40,29.23,18,18,0,0.80,0.80,0.80,28.56,18,18,0,0.19,0.10,0.20,29.05,18,18,0,0.77,0.70,0.80,29.01,18,18,0,821.28,815.80,826.70,24.29,18,0,0
1111855,0.35,0.30,0.40,30.49,17,17,0,0.04,-0.10,0.10,28.87,17,17,0,0.36,0.30,0.40,29.22,17,17,0,0.80,0.80,0.80,28.56,17,17,0,0.16,0.10,0.20,29.07,17,17,0,0.78,0.70,0.80,29.00,17,17,0,821.91,817.20,826.60,24.29,17,0,0
1112356,0.32,0.30,0.40,30.49,17,17,0,0.00,-0.10,0.10,28.88,17,17,0,0.38,0.30,0.40,29.22,17,17,0,0.81,0.80,0.90,28.56,17,17,0,0.18,0.10,0.20,29.06,17,17,0,0.78,0.70,0.80,28.99,17,17,0,823.58,817.50,827.70,24.29,17,0,0
1112856,0.32,0.30,0.40,30.50,17,17,0,0.05,0.00,0.10,28.88,17,17,0,0.37,0.30,0.40,29.23,17,17,0,0.79,0.70,0.80,28.55,17,17,0,0.17,0.10,0.20,29.07,17,17,0,0.76,0.70,0.80,29.01,17,17,0,821.87,817.60,826.00,24.30,17,0,0
1113362,0.35,0.30,0.40,30.49,17,17,0,0.02,0.00,0.10,28.87,17,17,0,0.38,0.30,0.40,29.21,17,17,0,0.81,0.80,0.90,28.55,17,17,0,0.18,0.10,0.20,29.08,17,17,0,0.77,0.70,0.80,29.00,17,17,0,823.21,817.70,826.90,24.29,17,0,0
1113865,0.35,0.30,0.40,30.50,17,17,0,0.01,-0.10,0.10,28.86,17,17,0,0.38,0.30,0.40,29.24,17,17,0,0.80,0.80,0.80,28.55,17,17,0,0.18,0.10,0.20,29.07,17,17,0,0.76,0.70,0.80,28.99,17,17,0,827.42,823.50,830.70,24.28,17,0,0
1114365,0.34,0.30,0.40,30.48,17,17,0,0.02,-0.10,0.10,28.86,17,17,0,0.38,0.30,0.40,29.23,17,17,0,0.80,0.80,0.80,28.56,17,17,0,0.19,0.10,0.20,29.05,17,17,0,0.76,0.70,0.80,28.98,17,17,0,836.22,828.60,840.50,24.27,17,0,0
1114865,0.35,0.30,0.40,30.48,17,17,0,0.02,-0.10,0.10,28.88,17,17,0,0.38,0.30,0.40,29.24,17,17,0,0.80,0.80,0.80,28.55,17,17,0,0.16,0.10,0.20,29.07,17,17,0,0.78,0.70,0.80,29.00,17,17,0,834.84,831.30,839.00,24.28,17,0,0
1115368,0.32,0.30,0.40,30.49,17,17,0,0.02,-0.10,0.10,28.88,17,17,0,0.36,0.30,0.40,29.23,17,17,0,0.80,0.80,0.80,28.56,17,17,0,0.19,0.10,0.20,29.07,17,17,0,0.76,0.70,0.80,29.00,17,17,0,826.78,823.80,829.80,24.28,17,0,0
1115875,0.34,0.30,0.40,30.49,17,17,0,0.01,-0.10,0.10,28.88,17,17,0,0.36,0.30,0.40,29.22,17,17,0,0.80,0.80,0.80,28.55,17,17,0,0.18,0.10,0.20,29.07,17,17,0,0.76,0.70,0.80,28.99,17,17,0,829.17,826.00,832.60,24.29,17,0,0
1116375,0.34,0.30,0.40,30.49,17,17,0,0.01,-0.10,0.10,28.88,17,17,0,0.38,0.30,0.40,29.22,17,17,0,0.80,0.80,0.80,28.54,17,17,0,0.18,0.10,0.20,29.07,17,17,0,0.77,0.70,0.80,29.01,17,17,0,832.67,828.60,837.40,24.29,17,0,0
1116875,0.34,0.30,0.40,30.49,17,17,0,0.03,0.00,0.10,28.88,17,17,0,0.39,0.30,0.40,29.23,17,17,0,0.80,0.80,0.80,28.57,17,17,0,0.19,0.10,0.20,29.07,17,17,0,0.78,0.70,0.80,29.00,17,17,0,838.13,833.60,843.10,24.28,17,0,0
1117375,0.35,0.30,0.40,30.49,17,17,0,0.03,0.00,0.10,28.88,17,17,0,0.36,0.30,0.40,29.23,17,17,0,0.81,0.80,0.90,28.56,17,17,0,0.18,0.10,0.20,29.07,17,17,0,0.78,0.70,0.80,29.02,17,17,0,831.25,825.80,836.50,24.27,17,0,0
1117878,0.33,0.30,0.40,30.50,17,17,0,0.02,-0.10,0.10,28.87,17,17,0,0.39,0.30,0.40,29.23,17,17,0,0.80,0.80,0.80,28.56,17,17,0,0.18,0.10,0.20,29.07,17,17,0,0.77,0.70,0.80,29.01,17,17,0,824.56,821.30,827.50,24.27,17,0,0
1118381,0.31,0.30,0.40,30.50,16,16,0,0.02,0.00,0.10,28.89,16,16,0,0.36,0.30,0.40,29.24,16,16,0,0.79,0.70,0.80,28.55,16,16,0,0.19,0.10,0.20,29.06,16,16,0,0.76,0.70,0.80,28.99,16,16,0,829.28,825.00,835.00,24.28,16,0,0
1118881,0.31,0.30,0.40,30.49,17,17,0,0.02,0.00,0.10,28.87,17,17,0,0.39,0.30,0.40,29.21,17,17,0,0.80,0.80,0.80,28.55,17,17,0,0.18,0.10,0.20,29.07,17,17,0,0.75,0.70,0.80,29.00,17,17,0,834.05,828.30,838.90,24.26,17,0,0
1119381,0.34,0.30,0.40,30.50,17,17,0,0.02,-0.10,0.10,28.88,17,17,0,0.36,0.30,0.40,29.22,17,17,0,0.80,0.80,0.80,28.55,17,17,0,0.18,0.10,0.20,29.05,17,17,0,0.79,0.70,0.80,29.00,17,17,0,836.13,828.80,841.10,24.29,17,0,0
1119881,0.35,0.30,0.40,30.50,17,17,0,0.03,-0.10,0.10,28.87,17,17,0,0.36,0.30,0.40,29.23,17,17,0,0.80,0.80,0.80,28.57,17,17,0,0.18,0.10,0.20,29.06,17,17,0,0.77,0.70,0.80,29.02,17,17,0,820.69,812.80,827.20,24.29,17,0,0
1120388,0.30,0.30,0.30,30.49,17,17,0,0.02,0.00,0.10,28.89,17,17,0,0.38,0.30,0.40,29.22,17,17,0,0.81,0.80,0.90,28.56,17,17,0,0.19,0.10,0.20,29.07,17,17,0,0.75,0.70,0.80,29.00,17,17,0,813.81,809.30,817.00,24.27,17,0,0
1120891,0.32,0.30,0.40,30.48,17,17,0,0.02,-0.10,0.10,28.89,17,17,0,0.37,0.30,0.40,29.24,17,17,0,0.80,0.80,0.80,28.54,17,17,0,0.18,0.10,0.20,29.09,17,17,0,0.77,0.70,0.80,28.99,17,17,0,820.30,815.50,824.20,24.26,17,0,0
1121391,0.35,0.30,0.40,30.50,17,17,0,0.03,0.00,0.10,28.87,17,17,0,0.37,0.30,0.40,29.23,17,17,0,0.79,0.70,0.80,28.57,17,17,0,0.15,0.10,0.20,29.07,17,17,0,0.77,0.70,0.80,29.01,17,17,0,828.15,823.40,831.90,24.29,17,0,0
1121898,0.34,0.30,0.40,30.48,17,17,0,0.01,-0.10,0.10,28.86,17,17,0,0.35,0.30,0.40,29.23,17,17,0,0.79,0.70,0.80,28.56,17,17,0,0.19,0.10,0.20,29.05,17,17,0,0.76,0.70,0.80,29.00,17,17,0,823.58,815.30,830.50,24.27,17,0,0
1122402,0.34,0.30,0.40,30.49,17,17,0,0.04,0.00,0.10,28.87,17,17,0,0.37,0.30,0.40,29.23,17,17,0,0.80,0.80,0.80,28.57,17,17,0,0.19,0.10,0.20,29.06,17,17,0,0.75,0.70,0.80,28.98,17,17,0,808.98,802.70,816.50,24.27,17,0,0
1122903,0.33,0.30,0.40,30.48,17,17,0,0.04,0.00,0.10,28.88,17,17,0,0.38,0.30,0.40,29.21,17,17,0,0.80,0.80,0.80,28.54,17,17,0,0.19,0.10,0.20,29.07,17,17,0,0.75,0.70,0.80,29.00,17,17,0,806.12,800.20,810.20,24.28,17,0,0
1123407,0.35,0.30,0.40,30.48,17,17,0,0.02,-0.10,0.10,28.89,17,17,0,0.38,0.30,0.40,29.24,17,17,0,0.80,0.80,0.80,28.56,17,17,0,0.19,0.10,0.20,29.07,17,17,0,0.78,0.70,0.80,29.00,17,17,0,815.22,811.70,818.80,24.29,17,0,0
1123913,0.34,0.30,0.40,30.49,17,17,0,0.01,-0.10,0.10,28.88,17,17,0,0.35,0.30,0.40,29.22,17,17,0,0.81,0.80,0.90,28.57,17,17,0,0.18,0.10,0.20,29.06,17,17,0,0.78,0.70,0.80,29.00,17,17,0,820.54,815.10,824.30,24.28,17,0,0
1124422,0.31,0.30,0.40,30.49,17,17,0,0.01,-0.10,0.10,28.88,17,17,0,0.36,0.30,0.40,29.22,17,17,0,0.79,0.70,0.80,28.55,17,17,0,0.18,0.10,0.20,29.06,17,17,0,0.77,0.70,0.80,29.01,17,17,0,806.94,799.90,817.80,24.28,17,0,0
1124926,0.33,0.30,0.40,30.49,17,17,0,0.02,-0.10,0.10,28.86,17,17,0,0.37,0.30,0.40,29.24,17,17,0,0.79,0.70,0.80,28.55,17,17,0,0.18,0.10,0.20,29.06,17,17,0,0.78,0.70,0.80,29.00,17,17,0,796.27,793.40,798.80,24.29,17,0,0
1125427,0.33,0.30,0.40,30.49,17,17,0,0.01,-0.10,0.10,28.87,17,17,0,0.37,0.30,0.40,29.22,17,17,0,0.80,0.80,0.80,28.55,17,17,0,0.19,0.10,0.20,29.05,17,17,0,0.79,0.70,0.80,29.00,17,17,0,798.23,793.40,803.90,24.30,17,0,0
1125927,0.32,0.30,0.40,30.49,17,17,0,0.03,0.00,0.10,28.88,17,17,0,0.39,0.30,0.40,29.24,17,17,0,0.80,0.80,0.80,28.55,17,17,0,0.18,0.10,0.20,29.06,17,17,0,0.76,0.70,0.80,29.01,17,17,0,804.48,799.50,809.50,24.30,17,0,0
1126428,0.35,0.30,0.40,30.50,17,17,0,0.02,-0.10,0.10,28.88,17,17,0,0.37,0.30,0.40,29.23,17,17,0,0.80,0.80,0.80,28.56,17,17,0,0.19,0.10,0.20,29.06,17,17,0,0.78,0.70,0.80,29.00,17,17,0,803.74,797.40,809.80,24.30,17,0,0
1126928,0.35,0.30,0.40,30.50,17,17,0,0.03,-0.10,0.10,28.86,17,17,0,0.35,0.30,0.40,29.24,17,17,0,0.80,0.80,0.80,28.55,17,17,0,0.17,0.10,0.20,29.06,17,17,0,0.77,0.70,0.80,29.00,17,17,0,794.10,787.10,800.70,24.29,17,0,0
1127434,0.34,0.30,0.40,30.49,17,17,0,0.03,0.00,0.10,28.89,17,17,0,0.39,0.30,0.40,29.24,17,17,0,0.80,0.80,0.80,28.56,17,17,0,0.17,0.10,0.20,29.05,17,17,0,0.75,0.70,0.80,28.98,17,17,0,789.57,787.30,793.30,24.28,17,0,0
1127937,0.35,0.30,0.40,30.49,17,17,0,0.01,-0.10,0.10,28.88,17,17,0,0.36,0.30,0.40,29.24,17,17,0,0.81,0.80,0.90,28.56,17,17,0,0.18,0.10,0.20,29.07,17,17,0,0.76,0.70,0.80,28.99,17,17,0,793.74,789.40,796.60,24.30,17,0,0
1128444,0.34,0.30,0.40,30.49,17,17,0,0.01,-0.10,0.10,28.88,17,17,0,0.38,0.30,0.40,29.24,17,17,0,0.80,0.80,0.80,28.55,17,17,0,0.17,0.10,0.20,29.06,17,17,0,0.76,0.70,0.80,29.00,17,17,0,799.61,795.20,804.90,24.31,17,0,0
1128951,0.36,0.30,0.40,30.50,17,17,0,0.02,-0.10,0.10,28.89,17,17,0,0.38,0.30,0.40,29.23,17,17,0,0.80,0.80,0.80,28.55,17,17,0,0.18,0.10,0.20,29.08,17,17,0,0.75,0.70,0.80,28.99,17,17,0,790.05,782.60,797.10,24.29,17,0,0
1129461,0.35,0.30,0.40,30.48,17,17,0,0.03,-0.10,0.10,28.88,17,17,0,0.39,0.30,0.40,29.24,17,17,0,0.81,0.80,0.90,28.55,17,17,0,0.19,0.10,0.30,29.06,17,17,0,0.76,0.70,0.80,29.00,17,17,0,781.75,774.70,788.50,24.30,17,0,0
1129969,0.33,0.30,0.40,30.49,17,17,0,0.02,-0.10,0.10,28.89,17,17,0,0.36,0.30,0.40,29.23,17,17,0,0.80,0.80,0.80,28.56,17,17,0,0.19,0.10,0.20,29.08,17,17,0,0.78,0.70,0.80,28.99,17,17,0,781.78,769.00,791.80,24.30,17,0,0
1130469,0.34,0.30,0.40,30.48,17,17,0,0.01,-0.10,0.10,28.87,17,17,0,0.37,0.30,0.40,29.22,17,17,0,0.79,0.70,0.80,28.54,17,17,0,0.19,0.10,0.20,29.05,17,17,0,0.75,0.70,0.80,29.00,17,17,0,785.49,780.10,790.40,24.30,17,0,0
1130976,0.34,0.30,0.40,30.50,17,17,0,0.05,0.00,0.10,28.88,17,17,0,0.36,0.30,0.40,29.24,17,17,0,0.80,0.80,0.80,28.55,17,17,0,0.19,0.10,0.30,29.06,17,17,0,0.76,0.70,0.80,29.01,17,17,0,789.06,782.10,795.40,24.30,17,0,0
1131479,0.33,0.30,0.40,30.50,17,17,0,0.02,-0.10,0.10,28.88,17,17,0,0.38,0.30,0.40,29.23,17,17,0,0.80,0.80,0.80,28.54,17,17,0,0.18,0.10,0.20,29.07,17,17,0,0.78,0.70,0.80,29.00,17,17,0,783.15,779.50,787.80,24.32,17,0,0
1131979,0.35,0.30,0.40,30.49,17,17,0,0.02,-0.10,0.10,28.87,17,17,0,0.36,0.30,0.40,29.23,17,17,0,0.80,0.80,0.80,28.56,17,17,0,0.18,0.10,0.20,29.07,17,17,0,0.78,0.70,0.80,28.99,17,17,0,775.55,769.20,780.80,24.30,17,0,0
1132491,0.34,0.30,0.40,30.48,17,17,0,0.02,0.00,0.10,28.87,17,17,0,0.39,0.30,0.40,29.25,17,17,0,0.79,0.70,0.80,28.55,17,17,0,0.16,0.10,0.20,29.07,17,17,0,0.78,0.70,0.80,28.99,17,17,0,779.92,773.20,785.40,24.30,17,0,0
1132992,0.34,0.30,0.40,30.49,17,17,0,0.02,0.00,0.10,28.88,17,17,0,0.36,0.30,0.40,29.23,17,17,0,0.80,0.80,0.80,28.55,17,17,0,0.19,0.10,0.20,29.06,17,17,0,0.74,0.70,0.80,29.00,17,17,0,788.47,781.60,796.10,24.29,17,0,0
1133499,0.34,0.30,0.40,30.49,17,17,0,0.02,-0.10,0.10,28.88,17,17,0,0.39,0.30,0.40,29.23,17,17,0,0.81,0.80,0.90,28.56,17,17,0,0.16,0.10,0.20,29.04,17,17,0,0.76,0.70,0.80,28.98,17,17,0,788.46,776.60,796.30,24.29,17,0,0
1133999,0.35,0.30,0.40,30.51,17,17,0,0.04,0.00,0.10,28.88,17,17,0,0.38,0.30,0.40,29.23,17,17,0,0.80,0.80,0.80,28.55,17,17,0,0.18,0.10,0.20,29.07,17,17,0,0.77,0.70,0.80,29.00,17,17,0,783.31,771.50,794.70,24.29,17,0,0
1134505,0.36,0.30,0.40,30.49,17,17,0,0.02,-0.10,0.10,28.87,17,17,0,0.37,0.30,0.40,29.23,17,17,0,0.80,0.80,0.80,28.56,17,17,0,0.16,0.10,0.20,29.06,17,17,0,0.77,0.70,0.80,29.00,17,17,0,779.63,774.90,786.00,24.30,17,0,0
1135008,0.37,0.30,0.40,30.49,17,17,0,0.02,-0.10,0.10,28.87,17,17,0,0.37,0.30,0.40,29.23,17,17,0,0.80,0.80,0.80,28.56,17,17,0,0.18,0.10,0.20,29.07,17,17,0,0.75,0.70,0.80,28.99,17,17,0,783.04,777.00,789.40,24.30,17,0,0
1135511,0.32,0.30,0.40,30.50,17,17,0,0.04,0.00,0.10,28.88,17,17,0,0.36,0.30,0.40,29.23,17,17,0,0.80,0.80,0.80,28.57,17,17,0,0.18,0.10,0.20,29.07,17,17,0,0.79,0.70,0.80,28.98,17,17,0,788.04,775.20,796.50,24.30,17,0,0
1136024,0.35,0.30,0.40,30.48,17,17,0,0.01,-0.10,0.10,28.87,17,17,0,0.39,0.30,0.40,29.24,17,17,0,0.80,0.80,0.80,28.56,17,17,0,0.18,0.10,0.20,29.06,17,17,0,0.77,0.70,0.80,29.00,17,17,0,785.15,781.00,789.70,24.30,17,0,0
1136526,0.32,0.30,0.40,30.50,17,17,0,0.03,-0.10,0.10,28.88,17,17,0,0.39,0.30,0.40,29.22,17,17,0,0.79,0.70,0.80,28.54,17,17,0,0.19,0.10,0.20,29.06,17,17,0,0.75,0.70,0.80,28.99,17,17,0,777.91,772.70,785.50,24.29,17,0,0
1137026,0.34,0.30,0.40,30.49,16,16,0,0.02,-0.10,0.10,28.87,16,16,0,0.37,0.30,0.40,29.23,16,16,0,0.80,0.80,0.80,28.55,16,16,0,0.18,0.10,0.20,29.06,16,16,0,0.78,0.70,0.80,28.98,16,16,0,775.53,770.00,780.90,24.30,16,0,0
1137526,0.34,0.30,0.40,30.48,17,17,0,0.03,0.00,0.10,28.89,17,17,0,0.38,0.30,0.40,29.24,17,17,0,0.80,0.80,0.80,28.56,17,17,0,0.19,0.10,0.20,29.05,17,17,0,0.76,0.70,0.80,29.00,17,17,0,783.45,776.90,788.10,24.30,17,0,0
1138026,0.34,0.30,0.40,30.50,17,17,0,0.02,-0.10,0.10,28.88,17,17,0,0.38,0.30,0.40,29.25,17,17,0,0.80,0.80,0.80,28.57,17,17,0,0.20,0.10,0.30,29.05,17,17,0,0.76,0.70,0.80,29.00,17,17,0,791.76,785.00,799.80,24.29,17,0,0
1138532,0.33,0.30,0.40,30.48,17,17,0,0.02,-0.10,0.10,28.89,17,17,0,0.38,0.30,0.40,29.22,17,17,0,0.80,0.80,0.80,28.57,17,17,0,0.18,0.10,0.20,29.06,17,17,0,0.75,0.70,0.80,29.00,17,17,0,784.25,776.60,791.10,24.29,17,0,0
1139038,0.34,0.30,0.40,30.47,17,17,0,0.01,-0.10,0.10,28.89,17,17,0,0.39,0.30,0.40,29.24,17,17,0,0.80,0.80,0.80,28.57,17,17,0,0.18,0.10,0.20,29.08,17,17,0,0.75,0.70,0.80,29.01,17,17,0,777.34,770.60,784.50,24.29,17,0,0
1139540,0.34,0.30,0.40,30.49,17,17,0,0.03,-0.10,0.10,28.88,17,17,0,0.38,0.30,0.40,29.23,17,17,0,0.79,0.70,0.80,28.54,17,17,0,0.16,0.10,0.20,29.07,17,17,0,0.76,0.70,0.80,28.98,17,17,0,782.13,778.40,789.40,24.30,17,0,0
1140040,0.35,0.30,0.40,30.49,17,17,0,0.01,0.00,0.10,28.88,17,17,0,0.39,0.30,0.40,29.22,17,17,0,0.81,0.80,0.90,28.57,17,17,0,0.18,0.10,0.20,29.07,17,17,0,0.78,0.70,0.80,28.98,17,17,0,787.52,781.60,795.60,24.28,17,0,0
1140545,0.33,0.30,0.40,30.48,17,17,0,-0.01,-0.10,0.10,28.89,17,17,0,0.36,0.30,0.40,29.22,17,17,0,0.80,0.80,0.80,28.56,17,17,0,0.18,0.10,0.20,29.06,17,17,0,0.76,0.70,0.80,29.00,17,17,0,788.73,780.50,795.90,24.30,17,0,0
1141049,0.32,0.30,0.40,30.47,17,17,0,0.03,0.00,0.10,28.88,17,17,0,0.38,0.30,0.40,29.24,17,17,0,0.81,0.80,0.90,28.56,17,17,0,0.18,0.10,0.20,29.07,17,17,0,0.76,0.70,0.80,28.99,17,17,0,774.36,766.50,783.30,24.30,17,0,0
1141552,0.36,0.30,0.40,30.49,17,17,0,0.01,-0.10,0.10,28.87,17,17,0,0.38,0.30,0.40,29.24,17,17,0,0.81,0.80,0.90,28.56,17,17,0,0.20,0.20,0.20,29.07,17,17,0,0.77,0.70,0.80,29.02,17,17,0,771.42,765.50,777.70,24.30,17,0,0
1142058,0.33,0.30,0.40,30.49,17,17,0,0.02,0.00,0.10,28.88,17,17,0,0.36,0.30,0.40,29.23,17,17,0,0.80,0.80,0.80,28.56,17,17,0,0.19,0.10,0.20,29.07,17,17,0,0.77,0.70,0.80,29.01,17,17,0,779.85,771.20,791.20,24.31,17,0,0
1142567,0.35,0.30,0.40,30.49,17,17,0,0.02,-0.10,0.10,28.87,17,17,0,0.39,0.30,0.40,29.24,17,17,0,0.80,0.80,0.80,28.57,17,17,0,0.19,0.10,0.20,29.06,17,17,0,0.77,0.70,0.80,28.99,17,17,0,790.76,786.10,794.80,24.29,17,0,0
1143068,0.34,0.30,0.40,30.50,17,17,0,0.02,0.00,0.10,28.89,17,17,0,0.38,0.30,0.40,29.23,17,17,0,0.81,0.80,0.90,28.56,17,17,0,0.16,0.10,0.20,29.06,17,17,0,0.76,0.70,0.80,29.00,17,17,0,791.74,780.70,798.80,24.30,17,0,0
1143568,0.32,0.30,0.40,30.47,17,17,0,0.03,-0.10,0.10,28.87,17,17,0,0.38,0.30,0.40,29.23,17,17,0,0.80,0.80,0.80,28.56,17,17,0,0.18,0.10,0.20,29.06,17,17,0,0.76,0.70,0.80,29.00,17,17,0,775.95,769.60,780.00,24.29,17,0,0
1144069,0.35,0.30,0.40,30.49,17,17,0,0.04,0.00,0.10,28.88,17,17,0,0.38,0.30,0.40,29.23,17,17,0,0.80,0.80,0.80,28.55,17,17,0,0.18,0.10,0.20,29.06,17,17,0,0.78,0.70,0.80,29.00,17,17,0,772.09,766.30,776.50,24.32,17,0,0
1144572,0.35,0.30,0.40,30.50,17,17,0,0.04,0.00,0.10,28.88,17,17,0,0.38,0.30,0.40,29.24,17,17,0,0.81,0.80,0.90,28.56,17,17,0,0.18,0.10,0.20,29.08,17,17,0,0.76,0.70,0.80,28.99,17,17,0,784.34,777.60,790.00,24.29,17,0,0
1145076,0.34,0.30,0.40,30.49,17,17,0,0.01,-0.10,0.10,28.87,17,17,0,0.39,0.30,0.40,29.24,17,17,0,0.81,0.80,0.90,28.56,17,17,0,0.19,0.10,0.20,29.06,17,17,0,0.75,0.70,0.80,28.99,17,17,0,794.09,788.10,799.00,24.29,17,0,0
1145582,0.32,0.30,0.40,30.48,17,17,0,0.01,-0.10,0.10,28.89,17,17,0,0.37,0.30,0.40,29.24,17,17,0,0.80,0.80,0.80,28.57,17,17,0,0.18,0.10,0.20,29.06,17,17,0,0.77,0.70,0.80,28.99,17,17,0,783.83,775.80,797.40,24.29,17,0,0
1146088,0.32,0.30,0.40,30.48,17,17,0,0.05,0.00,0.10,28.87,17,17,0,0.38,0.30,0.40,29.23,17,17,0,0.80,0.80,0.80,28.55,17,17,0,0.18,0.10,0.20,29.05,17,17,0,0.78,0.70,0.80,29.00,17,17,0,775.58,772.80,778.20,24.32,17,0,0
1146599,0.34,0.30,0.40,30.49,17,17,0,0.04,0.00,0.10,28.88,17,17,0,0.38,0.30,0.40,29.23,17,17,0,0.80,0.80,0.80,28.55,17,17,0,0.18,0.10,0.20,29.07,17,17,0,0.76,0.70,0.80,29.00,17,17,0,779.46,770.40,787.30,24.30,17,0,0
1147102,0.32,0.30,0.40,30.50,17,17,0,0.02,-0.10,0.10,28.87,17,17,0,0.35,0.30,0.40,29.22,17,17,0,0.80,0.80,0.80,28.56,17,17,0,0.18,0.10,0.20,29.07,17,17,0,0.75,0.70,0.80,29.00,17,17,0,789.85,779.60,801.90,24.29,17,0,0
1147603,0.35,0.30,0.40,30.48,17,17,0,0.02,0.00,0.10,28.89,17,17,0,0.36,0.30,0.40,29.25,17,17,0,0.80,0.80,0.80,28.57,17,17,0,0.19,0.10,0.20,29.06,17,17,0,0.75,0.70,0.80,28.98,17,17,0,791.81,784.60,799.90,24.30,17,0,0
1148112,0.35,0.30,0.40,30.49,17,17,0,0.02,-0.10,0.10,28.89,17,17,0,0.36,0.30,0.40,29.23,17,17,0,0.80,0.80,0.80,28.57,17,17,0,0.16,0.10,0.20,29.07,17,17,0,0.76,0.70,0.80,28.99,17,17,0,779.22,771.40,785.50,24.30,17,0,0
1148612,0.35,0.30,0.40,30.48,17,17,0,0.01,-0.10,0.10,28.88,17,17,0,0.35,0.30,0.40,29.22,17,17,0,0.82,0.80,0.90,28.55,17,17,0,0.19,0.10,0.20,29.04,17,17,0,0.75,0.70,0.80,29.00,17,17,0,778.19,766.40,788.30,24.30,17,0,0
1149112,0.33,0.30,0.40,30.49,16,16,0,0.00,-0.10,0.10,28.89,16,16,0,0.38,0.30,0.40,29.22,16,16,0,0.81,0.80,0.90,28.55,16,16,0,0.19,0.10,0.20,29.06,16,16,0,0.76,0.70,0.80,28.98,16,16,0,784.92,773.30,794.50,24.31,16,0,0
1149623,0.35,0.30,0.40,30.50,17,17,0,0.03,0.00,0.10,28.89,17,17,0,0.37,0.30,0.40,29.24,17,17,0,0.81,0.80,0.90,28.58,17,17,0,0.19,0.10,0.20,29.08,17,17,0,0.79,0.70,0.80,28.99,17,17,0,796.90,792.30,801.60,24.29,17,0,0
1150123,0.34,0.30,0.40,30.49,17,17,0,0.02,0.00,0.10,28.88,17,17,0,0.39,0.30,0.40,29.22,17,17,0,0.79,0.70,0.80,28.57,17,17,0,0.18,0.10,0.20,29.07,17,17,0,0.75,0.70,0.80,28.98,17,17,0,790.41,782.40,797.80,24.28,17,0,0
1150631,0.35,0.30,0.40,30.50,17,17,0,0.01,-0.10,0.10,28.89,17,17,0,0.34,0.30,0.40,29.24,17,17,0,0.80,0.80,0.80,28.56,17,17,0,0.18,0.10,0.20,29.06,17,17,0,0.76,0.70,0.80,28.98,17,17,0,782.14,774.40,789.90,24.31,17,0,0
1151144,0.32,0.30,0.40,30.48,17,17,0,0.04,0.00,0.10,28.86,17,17,0,0.36,0.30,0.40,29.22,17,17,0,0.81,0.80,0.90,28.57,17,17,0,0.19,0.10,0.30,29.05,17,17,0,0.76,0.70,0.80,29.00,17,17,0,782.76,776.00,788.60,24.32,17,0,0
1151647,0.34,0.30,0.40,30.48,17,17,0,0.02,-0.10,0.10,28.88,17,17,0,0.38,0.30,0.40,29.23,17,17,0,0.80,0.80,0.80,28.55,17,17,0,0.18,0.10,0.20,29.06,17,17,0,0.78,0.70,0.80,28.99,17,17,0,790.92,776.50,805.40,24.29,17,0,0
1152147,0.35,0.30,0.40,30.50,17,17,0,0.02,0.00,0.10,28.87,17,17,0,0.37,0.30,0.40,29.23,17,17,0,0.81,0.80,0.90,28.56,17,17,0,0.19,0.10,0.20,29.07,17,17,0,0.75,0.70,0.80,28.99,17,17,0,798.26,794.10,802.50,24.30,17,0,0
1152652,0.34,0.30,0.40,30.49,17,17,0,0.02,0.00,0.10,28.88,17,17,0,0.36,0.30,0.40,29.22,17,17,0,0.80,0.80,0.80,28.58,17,17,0,0.19,0.10,0.30,29.07,17,17,0,0.78,0.70,0.80,28.99,17,17,0,791.62,786.10,797.10,24.30,17,0,0
1153152,0.35,0.30,0.40,30.50,17,17,0,0.01,0.00,0.10,28.89,17,17,0,0.37,0.30,0.40,29.24,17,17,0,0.80,0.80,0.80,28.54,17,17,0,0.18,0.10,0.20,29.07,17,17,0,0.78,0.70,0.80,29.01,17,17,0,787.36,781.50,794.90,24.30,17,0,0
1153658,0.35,0.30,0.40,30.48,17,17,0,0.01,0.00,0.10,28.88,17,17,0,0.36,0.30,0.40,29.25,17,17,0,0.80,0.80,0.80,28.56,17,17,0,0.19,0.10,0.20,29.05,17,17,0,0.78,0.70,0.80,29.00,17,17,0,793.12,788.10,799.40,24.29,17,0,0
1154161,0.34,0.30,0.40,30.50,17,17,0,0.04,0.00,0.10,28.89,17,17,0,0.37,0.30,0.40,29.24,17,17,0,0.80,0.80,0.80,28.58,17,17,0,0.17,0.10,0.20,29.07,17,17,0,0.78,0.70,0.80,28.98,17,17,0,803.64,795.80,810.60,24.28,17,0,0
1154667,0.35,0.30,0.40,30.49,17,17,0,0.04,0.00,0.10,28.87,17,17,0,0.35,0.30,0.40,29.23,17,17,0,0.80,0.80,0.80,28.56,17,17,0,0.19,0.10,0.20,29.07,17,17,0,0.77,0.70,0.80,29.00,17,17,0,805.21,800.10,810.10,24.30,17,0,0
1155177,0.34,0.30,0.40,30.49,17,17,0,0.00,-0.10,0.10,28.86,17,17,0,0.36,0.30,0.40,29.24,17,17,0,0.80,0.70,0.90,28.56,17,17,0,0.18,0.10,0.20,29.06,17,17,0,0.79,0.70,0.80,29.00,17,17,0,802.05,797.40,806.90,24.29,17,0,0
1155683,0.35,0.30,0.40,30.48,17,17,0,0.03,0.00,0.10,28.87,17,17,0,0.36,0.30,0.40,29.23,17,17,0,0.80,0.70,0.90,28.55,17,17,0,0.18,0.10,0.20,29.07,17,17,0,0.75,0.70,0.80,29.00,17,17,0,802.45,798.30,805.20,24.29,17,0,0
1156183,0.31,0.30,0.40,30.49,16,16,0,0.04,0.00,0.10,28.90,16,16,0,0.38,0.30,0.40,29.23,16,16,0,0.81,0.80,0.90,28.57,16,16,0,0.19,0.10,0.20,29.07,16,16,0,0.76,0.70,0.80,28.98,16,16,0,809.82,805.40,814.50,24.31,16,0,0
1156685,0.33,0.30,0.40,30.51,17,17,0,0.05,0.00,0.10,28.88,17,17,0,0.38,0.30,0.40,29.23,17,17,0,0.81,0.80,0.90,28.59,17,17,0,0.19,0.10,0.20,29.05,17,17,0,0.78,0.70,0.80,28.99,17,17,0,818.31,812.80,822.80,24.29,17,0,0
1157186,0.34,0.30,0.40,30.49,17,17,0,0.02,-0.10,0.10,28.87,17,17,0,0.38,0.30,0.40,29.24,17,17,0,0.80,0.80,0.80,28.57,17,17,0,0.18,0.10,0.20,29.06,17,17,0,0.79,0.70,0.80,29.00,17,17,0,817.26,811.60,822.00,24.28,17,0,0
1157686,0.32,0.30,0.40,30.49,17,17,0,0.02,0.00,0.10,28.87,17,17,0,0.37,0.30,0.40,29.24,17,17,0,0.80,0.80,0.80,28.57,17,17,0,0.19,0.10,0.20,29.07,17,17,0,0.77,0.70,0.80,29.00,17,17,0,811.55,806.80,815.20,24.28,17,0,0
1158186,0.34,0.30,0.40,30.49,17,17,0,0.01,-0.10,0.10,28.89,17,17,0,0.38,0.30,0.40,29.24,17,17,0,0.79,0.70,0.80,28.56,17,17,0,0.18,0.10,0.20,29.07,17,17,0,0.76,0.70,0.80,28.99,17,17,0,815.70,810.60,819.80,24.29,17,0,0
1158691,0.37,0.30,0.40,30.48,17,17,0,0.01,0.00,0.10,28.89,17,17,0,0.38,0.30,0.40,29.24,17,17,0,0.80,0.80,0.80,28.56,17,17,0,0.18,0.10,0.20,29.06,17,17,0,0.75,0.70,0.80,29.00,17,17,0,823.58,817.10,829.60,24.27,17,0,0
1159197,0.34,0.30,0.40,30.48,17,17,0,0.04,-0.10,0.10,28.89,17,17,0,0.37,0.30,0.40,29.23,17,17,0,0.81,0.80,0.90,28.57,17,17,0,0.18,0.10,0.20,29.06,17,17,0,0.77,0.70,0.80,28.99,17,17,0,831.21,824.20,836.10,24.28,17,0,0
1159699,0.33,0.30,0.40,30.48,17,17,0,0.02,0.00,0.10,28.89,17,17,0,0.38,0.30,0.40,29.24,17,17,0,0.80,0.80,0.80,28.57,17,17,0,0.19,0.10,0.20,29.06,17,17,0,0.78,0.70,0.80,29.00,17,17,0,829.10,824.80,832.50,24.29,17,0,0
1160199,0.34,0.30,0.40,30.50,17,17,0,0.04,0.00,0.10,28.88,17,17,0,0.35,0.30,0.40,29.24,17,17,0,0.80,0.80,0.80,28.57,17,17,0,0.18,0.10,0.20,29.08,17,17,0,0.77,0.70,0.80,28.98,17,17,0,826.40,819.10,833.30,24.28,17,0,0
1160705,0.32,0.30,0.40,30.49,17,17,0,0.04,-0.10,0.10,28.89,17,17,0,0.38,0.30,0.40,29.22,17,17,0,0.80,0.80,0.80,28.56,17,17,0,0.17,0.10,0.20,29.07,17,17,0,0.76,0.70,0.80,28.99,17,17,0,830.85,825.90,837.20,24.30,17,0,0
1161205,0.34,0.30,0.40,30.50,17,17,0,0.01,-0.10,0.10,28.86,17,17,0,0.38,0.30,0.40,29.22,17,17,0,0.80,0.80,0.80,28.56,17,17,0,0.19,0.10,0.20,29.08,17,17,0,0.78,0.70,0.80,28.99,17,17,0,833.92,828.40,843.00,24.27,17,0,0
1161705,0.34,0.30,0.40,30.49,17,17,0,0.02,0.00,0.10,28.88,17,17,0,0.38,0.30,0.40,29.24,17,17,0,0.79,0.70,0.80,28.57,17,17,0,0.19,0.10,0.20,29.07,17,17,0,0.78,0.70,0.80,29.00,17,17,0,837.43,831.20,843.80,24.30,17,0,0
1162206,0.31,0.30,0.40,30.49,17,17,0,-0.01,-0.10,0.10,28.87,17,17,0,0.37,0.30,0.40,29.23,17,17,0,0.80,0.80,0.80,28.55,17,17,0,0.19,0.10,0.20,29.07,17,17,0,0.79,0.70,0.80,29.00,17,17,0,832.32,828.30,837.30,24.28,17,0,0
1162715,0.33,0.30,0.40,30.49,17,17,0,0.01,-0.10,0.10,28.90,17,17,0,0.38,0.30,0.40,29.23,17,17,0,0.81,0.80,0.90,28.56,17,17,0,0.19,0.10,0.20,29.06,17,17,0,0.79,0.70,0.80,28.98,17,17,0,829.58,824.80,834.30,24.28,17,0,0
1163223,0.35,0.30,0.40,30.49,17,17,0,-0.01,-0.10,0.00,28.88,17,17,0,0.38,0.30,0.40,29.22,17,17,0,0.80,0.80,0.80,28.55,17,17,0,0.18,0.10,0.20,29.07,17,17,0,0.76,0.70,0.80,28.99,17,17,0,835.61,831.40,840.00,24.29,17,0,0
1163727,0.35,0.30,0.40,30.49,17,17,0,0.02,-0.10,0.10,28.88,17,17,0,0.37,0.30,0.40,29.24,17,17,0,0.80,0.80,0.80,28.57,17,17,0,0.18,0.10,0.20,29.08,17,17,0,0.75,0.70,0.80,29.00,17,17,0,842.16,836.00,848.20,24.27,17,0,0
1164240,0.36,0.30,0.40,30.48,17,17,0,0.01,-0.10,0.10,28.87,17,17,0,0.36,0.30,0.40,29.23,17,17,0,0.79,0.70,0.80,28.56,17,17,0,0.19,0.10,0.20,29.07,17,17,0,0.78,0.70,0.80,29.00,17,17,0,841.14,837.80,844.30,24.29,17,0,0
1164753,0.33,0.30,0.40,30.50,17,17,0,0.00,-0.10,0.10,28.86,17,17,0,0.36,0.30,0.40,29.24,17,17,0,0.80,0.80,0.80,28.58,17,17,0,0.19,0.10,0.20,29.06,17,17,0,0.76,0.70,0.80,29.00,17,17,0,832.96,825.00,837.70,24.28,17,0,0
1165257,0.32,0.30,0.40,30.48,17,17,0,0.01,-0.10,0.10,28.88,17,17,0,0.38,0.30,0.40,29.24,17,17,0,0.80,0.80,0.80,28.58,17,17,0,0.20,0.20,0.20,29.07,17,17,0,0.76,0.70,0.80,28.99,17,17,0,831.07,824.90,835.90,24.27,17,0,0
1165757,0.32,0.30,0.40,30.49,17,17,0,0.02,0.00,0.10,28.89,17,17,0,0.38,0.30,0.40,29.23,17,17,0,0.81,0.80,0.90,28.57,17,17,0,0.19,0.10,0.20,29.07,17,17,0,0.77,0.70,0.80,29.00,17,17,0,834.91,831.40,840.60,24.27,17,0,0
1166257,0.34,0.30,0.40,30.49,17,17,0,0.01,0.00,0.10,28.88,17,17,0,0.35,0.30,0.40,29.23,17,17,0,0.79,0.70,0.80,28.56,17,17,0,0.19,0.10,0.20,29.07,17,17,0,0.78,0.70,0.80,28.97,17,17,0,841.36,837.50,846.20,24.28,17,0,0
1166758,0.35,0.30,0.40,30.48,17,17,0,0.03,-0.10,0.10,28.89,17,17,0,0.36,0.30,0.40,29.22,17,17,0,0.79,0.70,0.80,28.58,17,17,0,0.18,0.10,0.20,29.08,17,17,0,0.77,0.70,0.80,29.00,17,17,0,832.25,813.60,853.30,24.29,17,0,0
1167258,0.34,0.30,0.40,30.49,17,17,0,0.01,-0.10,0.10,28.88,17,17,0,0.40,0.40,0.40,29.23,17,17,0,0.80,0.80,0.80,28.57,17,17,0,0.19,0.10,0.20,29.07,17,17,0,0.78,0.70,0.80,29.00,17,17,0,825.26,814.10,835.30,24.27,17,0,0
1167759,0.34,0.30,0.40,30.50,17,17,0,0.03,-0.10,0.10,28.87,17,17,0,0.37,0.30,0.40,29.22,17,17,0,0.79,0.70,0.80,28.56,17,17,0,0.19,0.10,0.20,29.08,17,17,0,0.77,0.70,0.80,28.99,17,17,0,826.05,812.30,839.00,24.27,17,0,0
1168259,0.35,0.30,0.40,30.48,17,17,0,0.02,0.00,0.10,28.88,17,17,0,0.39,0.30,0.40,29.24,17,17,0,0.80,0.80,0.80,28.57,17,17,0,0.19,0.10,0.20,29.07,17,17,0,0.77,0.70,0.80,29.01,17,17,0,830.42,813.30,856.50,24.28,17,0,0
1168762,0.34,0.30,0.40,30.50,17,17,0,0.02,0.00,0.10,28.87,17,17,0,0.39,0.30,0.40,29.22,17,17,0,0.80,0.80,0.80,28.56,17,17,0,0.18,0.10,0.20,29.07,17,17,0,0.78,0.70,0.80,29.00,17,17,0,832.87,810.20,852.30,24.28,17,0,0
1169263,0.35,0.30,0.40,30.49,17,17,0,0.01,-0.10,0.10,28.87,17,17,0,0.38,0.30,0.40,29.23,17,17,0,0.80,0.80,0.80,28.57,17,17,0,0.19,0.10,0.20,29.08,17,17,0,0.75,0.70,0.80,29.00,17,17,0,818.86,811.00,826.10,24.27,17,0,0
1169763,0.35,0.30,0.40,30.50,17,17,0,0.02,-0.10,0.10,28.89,17,17,0,0.38,0.30,0.40,29.23,17,17,0,0.80,0.80,0.80,28.57,17,17,0,0.17,0.10,0.20,29.07,17,17,0,0.77,0.70,0.80,29.00,17,17,0,813.46,805.00,821.80,24.28,17,0,0
1170270,0.32,0.30,0.40,30.49,17,17,0,0.04,0.00,0.10,28.88,17,17,0,0.38,0.30,0.40,29.24,17,17,0,0.79,0.70,0.90,28.57,17,17,0,0.18,0.10,0.20,29.07,17,17,0,0.76,0.70,0.80,29.00,17,17,0,815.26,803.00,828.90,24.28,17,0,0
1170779,0.34,0.30,0.40,30.49,17,17,0,0.03,-0.10,0.10,28.89,17,17,0,0.36,0.30,0.40,29.25,17,17,0,0.80,0.80,0.80,28.57,17,17,0,0.19,0.10,0.20,29.07,17,17,0,0.76,0.70,0.80,29.00,17,17,0,822.87,809.20,835.20,24.28,17,0,0
1171279,0.34,0.30,0.40,30.50,17,17,0,0.01,0.00,0.10,28.88,17,17,0,0.39,0.30,0.40,29.22,17,17,0,0.80,0.80,0.80,28.57,17,17,0,0.19,0.10,0.20,29.07,17,17,0,0.78,0.70,0.80,28.99,17,17,0,818.05,807.80,827.10,24.29,17,0,0
1171779,0.35,0.30,0.40,30.51,17,17,0,0.01,-0.10,0.10,28.88,17,17,0,0.38,0.30,0.40,29.23,17,17,0,0.80,0.80,0.80,28.56,17,17,0,0.19,0.10,0.30,29.07,17,17,0,0.76,0.70,0.80,29.01,17,17,0,808.45,797.30,817.70,24.28,17,0,0
1172279,0.34,0.30,0.40,30.51,17,17,0,0.02,0.00,0.10,28.88,17,17,0,0.38,0.30,0.40,29.24,17,17,0,0.81,0.80,0.90,28.56,17,17,0,0.18,0.10,0.20,29.07,17,17,0,0.77,0.70,0.80,28.97,17,17,0,805.00,799.20,810.70,24.30,17,0,0
1172786,0.35,0.30,0.40,30.48,17,17,0,0.02,-0.10,0.10,28.88,17,17,0,0.39,0.30,0.40,29.22,17,17,0,0.80,0.80,0.80,28.58,17,17,0,0.19,0.10,0.20,29.07,17,17,0,0.75,0.70,0.80,28.97,17,17,0,806.90,799.50,813.50,24.30,17,0,0
1173286,0.34,0.30,0.40,30.49,17,17,0,-0.01,-0.10,0.10,28.88,17,17,0,0.37,0.30,0.40,29.22,17,17,0,0.79,0.70,0.80,28.57,17,17,0,0.18,0.10,0.20,29.09,17,17,0,0.77,0.70,0.80,29.00,17,17,0,809.69,799.50,820.00,24.28,17,0,0
1173794,0.34,0.30,0.40,30.49,17,17,0,0.02,-0.10,0.10,28.88,17,17,0,0.39,0.30,0.40,29.25,17,17,0,0.79,0.70,0.80,28.57,17,17,0,0.18,0.10,0.20,29.08,17,17,0,0.76,0.70,0.80,29.00,17,17,0,801.81,795.40,805.50,24.29,17,0,0
1174298,0.34,0.30,0.40,30.48,17,17,0,0.03,0.00,0.10,28.88,17,17,0,0.39,0.30,0.40,29.22,17,17,0,0.79,0.70,0.80,28.55,17,17,0,0.18,0.10,0.20,29.08,17,17,0,0.76,0.70,0.80,29.00,17,17,0,795.37,788.60,800.90,24.31,17,0,0
1174798,0.35,0.30,0.40,30.50,16,16,0,0.00,-0.10,0.10,28.90,16,16,0,0.35,0.30,0.40,29.24,16,16,0,0.80,0.80,0.80,28.56,16,16,0,0.18,0.10,0.20,29.08,16,16,0,0.75,0.70,0.80,29.01,16,16,0,793.47,785.00,802.30,24.31,16,0,0
1175301,0.34,0.30,0.40,30.51,17,17,0,0.02,0.00,0.10,28.88,17,17,0,0.37,0.30,0.40,29.23,17,17,0,0.80,0.80,0.80,28.57,17,17,0,0.18,0.10,0.30,29.07,17,17,0,0.76,0.70,0.80,28.99,17,17,0,797.41,790.20,802.60,24.28,17,0,0
1175804,0.33,0.30,0.40,30.49,17,17,0,0.02,0.00,0.10,28.88,17,17,0,0.37,0.30,0.40,29.24,17,17,0,0.79,0.70,0.80,28.57,17,17,0,0.18,0.10,0.20,29.07,17,17,0,0.78,0.70,0.80,29.01,17,17,0,794.78,788.60,799.90,24.29,17,0,0
1176304,0.34,0.30,0.40,30.49,17,17,0,0.04,-0.10,0.10,28.88,17,17,0,0.34,0.30,0.40,29.22,17,17,0,0.80,0.80,0.80,28.56,17,17,0,0.19,0.10,0.20,29.09,17,17,0,0.77,0.70,0.80,28.98,17,17,0,784.53,775.20,793.00,24.29,17,0,0
1176807,0.33,0.30,0.40,30.49,17,17,0,0.01,0.00,0.10,28.90,17,17,0,0.39,0.30,0.40,29.24,17,17,0,0.81,0.80,0.90,28.56,17,17,0,0.18,0.10,0.20,29.08,17,17,0,0.76,0.70,0.80,28.99,17,17,0,776.65,770.20,780.40,24.31,17,0,0
1177313,0.36,0.30,0.40,30.51,17,17,0,0.04,-0.10,0.10,28.89,17,17,0,0.38,0.30,0.40,29.23,17,17,0,0.79,0.70,0.80,28.57,17,17,0,0.17,0.10,0.20,29.09,17,17,0,0.76,0.70,0.80,28.99,17,17,0,782.25,775.50,791.00,24.31,17,0,0
1177817,0.35,0.30,0.40,30.48,17,17,0,0.01,-0.10,0.10,28.89,17,17,0,0.36,0.30,0.40,29.22,17,17,0,0.80,0.80,0.80,28.55,17,17,0,0.18,0.10,0.20,29.07,17,17,0,0.77,0.70,0.80,29.00,17,17,0,791.34,781.80,800.90,24.28,17,0,0
1178320,0.33,0.30,0.40,30.50,17,17,0,0.03,0.00,0.10,28.89,17,17,0,0.39,0.30,0.40,29.23,17,17,0,0.80,0.80,0.80,28.59,17,17,0,0.18,0.10,0.20,29.08,17,17,0,0.78,0.70,0.80,29.01,17,17,0,787.99,781.10,795.10,24.31,17,0,0
1178821,0.34,0.30,0.40,30.50,17,17,0,0.00,-0.10,0.10,28.90,17,17,0,0.37,0.30,0.40,29.25,17,17,0,0.79,0.70,0.80,28.57,17,17,0,0.18,0.10,0.20,29.07,17,17,0,0.77,0.70,0.80,28.99,17,17,0,781.58,774.60,786.70,24.30,17,0,0
1179321,0.35,0.30,0.40,30.49,17,17,0,0.04,-0.10,0.10,28.87,17,17,0,0.36,0.30,0.40,29.23,17,17,0,0.80,0.80,0.80,28.57,17,17,0,0.16,0.10,0.20,29.10,17,17,0,0.76,0.70,0.80,29.00,17,17,0,783.54,775.40,790.70,24.29,17,0,0
1179828,0.34,0.30,0.40,30.49,17,17,0,0.01,0.00,0.10,28.88,17,17,0,0.38,0.30,0.40,29.24,17,17,0,0.80,0.80,0.80,28.57,17,17,0,0.19,0.10,0.20,29.09,17,17,0,0.78,0.70,0.80,29.00,17,17,0,790.14,780.60,795.50,24.29,17,0,0
1180328,0.36,0.30,0.40,30.50,17,17,0,0.02,0.00,0.10,28.88,17,17,0,0.38,0.30,0.40,29.20,17,17,0,0.80,0.80,0.80,28.55,17,17,0,0.17,0.10,0.20,29.09,17,17,0,0.76,0.70,0.80,29.00,17,17,0,793.97,787.70,802.60,24.31,17,0,0
1180830,0.35,0.30,0.40,30.50,17,17,0,0.04,0.00,0.10,28.88,17,17,0,0.37,0.30,0.40,29.23,17,17,0,0.80,0.80,0.80,28.57,17,17,0,0.18,0.10,0.20,29.10,17,17,0,0.75,0.70,0.80,29.00,17,17,0,787.40,781.90,792.00,24.29,17,0,0
1181330,0.34,0.30,0.40,30.49,17,17,0,0.01,0.00,0.10,28.88,17,17,0,0.35,0.30,0.40,29.23,17,17,0,0.80,0.80,0.80,28.57,17,17,0,0.18,0.10,0.20,29.07,17,17,0,0.76,0.70,0.80,29.01,17,17,0,781.36,770.00,789.80,24.30,17,0,0
1181833,0.33,0.30,0.40,30.49,17,17,0,0.04,0.00,0.10,28.90,17,17,0,0.39,0.30,0.40,29.23,17,17,0,0.80,0.80,0.80,28.58,17,17,0,0.17,0.10,0.20,29.09,17,17,0,0.76,0.70,0.80,28.99,17,17,0,784.12,773.60,791.10,24.31,17,0,0
1182334,0.34,0.30,0.40,30.51,17,17,0,0.03,0.00,0.10,28.88,17,17,0,0.35,0.30,0.40,29.23,17,17,0,0.80,0.80,0.80,28.56,17,17,0,0.19,0.10,0.20,29.07,17,17,0,0.78,0.70,0.80,28.99,17,17,0,791.31,782.50,797.40,24.30,17,0,0
1182834,0.34,0.30,0.40,30.49,17,17,0,0.02,-0.10,0.10,28.87,17,17,0,0.38,0.30,0.40,29.23,17,17,0,0.80,0.80,0.80,28.57,17,17,0,0.19,0.10,0.20,29.07,17,17,0,0.78,0.70,0.80,29.00,17,17,0,792.24,785.30,797.20,24.30,17,0,0
1183335,0.32,0.30,0.40,30.50,17,17,0,0.02,0.00,0.10,28.88,17,17,0,0.38,0.30,0.40,29.24,17,17,0,0.79,0.70,0.80,28.56,17,17,0,0.19,0.10,0.20,29.10,17,17,0,0.76,0.70,0.80,29.01,17,17,0,779.66,775.40,784.20,24.31,17,0,0
1183835,0.32,0.30,0.40,30.51,17,17,0,0.02,-0.10,0.10,28.89,17,17,0,0.37,0.30,0.40,29.23,17,17,0,0.79,0.70,0.80,28.55,17,17,0,0.18,0.10,0.20,29.08,17,17,0,0.76,0.70,0.80,28.99,17,17,0,776.62,773.30,780.00,24.32,17,0,0
1184335,0.34,0.30,0.40,30.50,17,17,0,0.01,-0.10,0.10,28.88,17,17,0,0.36,0.30,0.40,29.22,17,17,0,0.80,0.70,0.90,28.57,17,17,0,0.16,0.10,0.20,29.10,17,17,0,0.78,0.70,0.80,29.00,17,17,0,784.48,778.80,789.30,24.32,17,0,0
1184835,0.34,0.30,0.40,30.51,17,17,0,0.04,-0.10,0.10,28.86,17,17,0,0.37,0.30,0.40,29.22,17,17,0,0.80,0.80,0.80,28.57,17,17,0,0.19,0.10,0.20,29.07,17,17,0,0.75,0.70,0.80,29.01,17,17,0,796.58,790.10,803.80,24.30,17,0,0
1185335,0.32,0.30,0.40,30.50,17,17,0,0.02,-0.10,0.10,28.89,17,17,0,0.39,0.30,0.40,29.24,17,17,0,0.80,0.70,0.90,28.55,17,17,0,0.19,0.10,0.20,29.10,17,17,0,0.76,0.70,0.80,29.01,17,17,0,794.36,786.90,805.40,24.31,17,0,0
1185836,0.33,0.30,0.40,30.51,17,17,0,0.03,0.00,0.10,28.88,17,17,0,0.36,0.30,0.40,29.22,17,17,0,0.80,0.70,0.90,28.55,17,17,0,0.19,0.10,0.20,29.08,17,17,0,0.77,0.70,0.80,28.98,17,17,0,782.58,777.50,789.70,24.32,17,0,0
1186336,0.32,0.30,0.40,30.50,17,17,0,0.02,0.00,0.10,28.86,17,17,0,0.36,0.30,0.40,29.22,17,17,0,0.81,0.80,0.90,28.58,17,17,0,0.19,0.10,0.30,29.07,17,17,0,0.77,0.70,0.80,28.99,17,17,0,783.50,779.00,788.60,24.32,17,0,0
1186837,0.34,0.30,0.40,30.50,17,17,0,0.04,0.00,0.10,28.89,17,17,0,0.35,0.30,0.40,29.23,17,17,0,0.80,0.80,0.80,28.56,17,17,0,0.17,0.10,0.20,29.07,17,17,0,0.75,0.70,0.80,29.01,17,17,0,791.13,785.10,797.30,24.32,17,0,0
1187339,0.34,0.30,0.40,30.50,17,17,0,0.02,0.00,0.10,28.86,17,17,0,0.38,0.30,0.40,29.23,17,17,0,0.79,0.70,0.80,28.55,17,17,0,0.18,0.10,0.20,29.09,17,17,0,0.77,0.70,0.80,29.01,17,17,0,797.60,795.20,800.10,24.32,17,0,0
1187845,0.34,0.30,0.40,30.50,17,17,0,0.03,-0.10,0.10,28.89,17,17,0,0.38,0.30,0.40,29.23,17,17,0,0.80,0.80,0.80,28.56,17,17,0,0.16,0.10,0.20,29.07,17,17,0,0.78,0.70,0.80,29.00,17,17,0,786.88,775.40,797.10,24.30,17,0,0
1188345,0.32,0.30,0.40,30.49,17,17,0,0.01,-0.10,0.10,28.86,17,17,0,0.38,0.30,0.40,29.23,17,17,0,0.80,0.80,0.80,28.54,17,17,0,0.18,0.10,0.20,29.09,17,17,0,0.77,0.70,0.80,29.01,17,17,0,779.75,769.70,787.70,24.30,17,0,0
1188845,0.35,0.30,0.40,30.51,17,17,0,0.04,-0.10,0.10,28.86,17,17,0,0.38,0.30,0.40,29.22,17,17,0,0.80,0.80,0.80,28.57,17,17,0,0.18,0.10,0.20,29.07,17,17,0,0.76,0.70,0.80,29.00,17,17,0,779.33,771.10,790.40,24.31,17,0,0
1189351,0.35,0.30,0.40,30.51,17,17,0,0.02,-0.10,0.10,28.88,17,17,0,0.38,0.30,0.40,29.22,17,17,0,0.80,0.80,0.80,28.55,17,17,0,0.18,0.10,0.20,29.07,17,17,0,0.77,0.70,0.80,29.01,17,17,0,791.17,781.70,797.90,24.34,17,0,0
1189851,0.33,0.30,0.40,30.50,17,17,0,0.04,-0.10,0.10,28.88,17,17,0,0.37,0.30,0.40,29.24,17,17,0,0.80,0.80,0.80,28.56,17,17,0,0.19,0.10,0.20,29.08,17,17,0,0.78,0.70,0.80,29.01,17,17,0,799.94,796.00,803.60,24.31,17,0,0
1190357,0.32,0.30,0.40,30.51,17,17,0,0.04,-0.10,0.10,28.87,17,17,0,0.35,0.30,0.40,29.23,17,17,0,0.80,0.80,0.80,28.56,17,17,0,0.19,0.10,0.20,29.08,17,17,0,0.76,0.70,0.80,28.99,17,17,0,784.71,780.70,792.90,24.30,17,0,0
1190857,0.34,0.30,0.40,30.50,17,17,0,0.04,-0.10,0.10,28.88,17,17,0,0.37,0.30,0.40,29.24,17,17,0,0.80,0.80,0.80,28.57,17,17,0,0.18,0.10,0.30,29.08,17,17,0,0.75,0.70,0.80,28.99,17,17,0,779.90,770.20,788.00,24.31,17,0,0
1191358,0.36,0.30,0.40,30.51,17,17,0,0.02,-0.10,0.10,28.87,17,17,0,0.38,0.30,0.40,29.22,17,17,0,0.80,0.80,0.80,28.55,17,17,0,0.18,0.10,0.20,29.07,17,17,0,0.76,0.70,0.80,28.98,17,17,0,781.50,769.80,793.10,24.31,17,0,0
1191861,0.34,0.30,0.40,30.51,17,17,0,-0.01,-0.10,0.10,28.88,17,17,0,0.35,0.30,0.40,29.23,17,17,0,0.81,0.80,0.90,28.55,17,17,0,0.19,0.10,0.20,29.07,17,17,0,0.76,0.70,0.80,28.99,17,17,0,796.51,788.80,802.30,24.35,17,0,0
1192361,0.33,0.30,0.40,30.48,16,16,0,0.03,-0.10,0.10,28.88,16,16,0,0.38,0.30,0.40,29.23,16,16,0,0.80,0.80,0.80,28.55,16,16,0,0.19,0.10,0.20,29.09,16,16,0,0.76,0.70,0.80,29.01,16,16,0,800.89,790.90,810.60,24.32,16,0,0
1192861,0.34,0.30,0.40,30.50,16,16,0,0.03,0.00,0.10,28.86,16,16,0,0.37,0.30,0.40,29.24,16,16,0,0.79,0.70,0.80,28.55,16,16,0,0.18,0.10,0.20,29.10,16,16,0,0.74,0.70,0.80,29.00,16,16,0,784.32,777.10,789.70,24.33,16,0,0
1193366,0.35,0.30,0.40,30.50,17,17,0,0.02,-0.10,0.10,28.86,17,17,0,0.38,0.30,0.40,29.24,17,17,0,0.80,0.80,0.80,28.56,17,17,0,0.18,0.10,0.20,29.08,17,17,0,0.78,0.70,0.80,29.00,17,17,0,785.15,782.80,788.60,24.33,17,0,0
1193869,0.34,0.30,0.40,30.51,16,16,0,0.02,-0.10,0.10,28.88,16,16,0,0.37,0.30,0.40,29.22,16,16,0,0.80,0.80,0.80,28.55,16,16,0,0.18,0.10,0.20,29.08,16,16,0,0.79,0.70,0.80,29.01,16,16,0,790.71,786.00,794.90,24.32,16,0,0
1194372,0.35,0.30,0.40,30.50,17,17,0,0.02,-0.10,0.10,28.88,17,17,0,0.38,0.30,0.40,29.23,17,17,0,0.81,0.80,0.90,28.55,17,17,0,0.17,0.10,0.20,29.07,17,17,0,0.74,0.70,0.80,29.01,17,17,0,800.49,795.00,805.00,24.32,17,0,0
1194884,0.34,0.30,0.40,30.50,17,17,0,0.02,-0.10,0.10,28.87,17,17,0,0.39,0.30,0.40,29.23,17,17,0,0.80,0.80,0.80,28.55,17,17,0,0.20,0.20,0.20,29.09,17,17,0,0.75,0.70,0.80,29.00,17,17,0,794.24,786.50,803.50,24.34,17,0,0
1195387,0.31,0.30,0.40,30.50,17,17,0,0.03,-0.10,0.10,28.87,17,17,0,0.38,0.30,0.40,29.23,17,17,0,0.80,0.80,0.80,28.57,17,17,0,0.17,0.10,0.20,29.09,17,17,0,0.76,0.70,0.80,29.01,17,17,0,784.14,780.80,787.90,24.34,17,0,0
1195887,0.33,0.30,0.40,30.51,17,17,0,0.02,-0.10,0.10,28.87,17,17,0,0.38,0.30,0.40,29.23,17,17,0,0.80,0.80,0.80,28.57,17,17,0,0.18,0.10,0.20,29.09,17,17,0,0.78,0.70,0.80,29.01,17,17,0,785.68,780.00,793.80,24.34,17,0,0
1196387,0.32,0.30,0.40,30.50,17,17,0,0.01,-0.10,0.10,28.86,17,17,0,0.35,0.30,0.40,29.25,17,17,0,0.80,0.80,0.80,28.56,17,17,0,0.18,0.10,0.20,29.09,17,17,0,0.78,0.70,0.80,29.01,17,17,0,794.86,792.20,799.90,24.33,17,0,0
1196889,0.34,0.30,0.40,30.51,17,17,0,0.02,0.00,0.10,28.87,17,17,0,0.38,0.30,0.40,29.22,17,17,0,0.80,0.80,0.80,28.53,17,17,0,0.18,0.10,0.30,29.10,17,17,0,0.76,0.70,0.80,29.00,17,17,0,796.74,793.30,802.40,24.34,17,0,0
1197389,0.34,0.30,0.40,30.49,17,17,0,0.04,0.00,0.10,28.86,17,17,0,0.36,0.30,0.40,29.24,17,17,0,0.80,0.80,0.80,28.56,17,17,0,0.16,0.10,0.20,29.07,17,17,0,0.79,0.70,0.80,29.00,17,17,0,788.02,783.30,792.80,24.31,17,0,0
1197889,0.33,0.30,0.40,30.49,17,17,0,0.02,0.00,0.10,28.86,17,17,0,0.36,0.30,0.40,29.24,17,17,0,0.79,0.70,0.80,28.55,17,17,0,0.16,0.10,0.20,29.09,17,17,0,0.75,0.70,0.80,29.00,17,17,0,785.32,780.60,788.90,24.32,17,0,0
1198392,0.34,0.30,0.40,30.50,17,17,0,0.00,-0.10,0.10,28.88,17,17,0,0.36,0.30,0.40,29.23,17,17,0,0.81,0.80,0.90,28.55,17,17,0,0.17,0.10,0.20,29.09,17,17,0,0.78,0.70,0.80,29.01,17,17,0,791.87,786.90,795.70,24.34,17,0,0
1198903,0.34,0.30,0.40,30.52,17,17,0,0.01,-0.10,0.10,28.87,17,17,0,0.36,0.30,0.40,29.24,17,17,0,0.81,0.80,0.90,28.56,17,17,0,0.17,0.10,0.20,29.09,17,17,0,0.77,0.70,0.80,29.00,17,17,0,801.55,795.20,807.90,24.31,17,0,0
1199403,0.32,0.30,0.40,30.51,17,17,0,0.03,-0.10,0.10,28.88,17,17,0,0.36,0.30,0.40,29.23,17,17,0,0.80,0.80,0.80,28.55,17,17,0,0.17,0.10,0.20,29.09,17,17,0,0.78,0.70,0.80,29.00,17,17,0,802.68,799.40,807.50,24.32,17,0,0
1199903,0.32,0.30,0.40,30.48,17,17,0,0.04,0.00,0.10,28.88,17,17,0,0.36,0.30,0.40,29.24,17,17,0,0.80,0.80,0.80,28.55,17,17,0,0.18,0.10,0.30,29.10,17,17,0,0.78,0.70,0.80,29.01,17,17,0,795.75,792.90,800.40,24.33,17,0,0
1200403,0.33,0.30,0.40,30.51,17,17,0,0.01,-0.10,0.10,28.86,17,17,0,0.38,0.30,0.40,29.22,17,17,0,0.80,0.80,0.80,28.56,17,17,0,0.18,0.10,0.20,29.08,17,17,0,0.75,0.70,0.80,29.00,17,17,0,798.34,794.70,804.30,24.35,17,0,0
1200909,0.34,0.30,0.40,30.51,17,17,0,0.02,-0.10,0.10,28.86,17,17,0,0.36,0.30,0.40,29.23,17,17,0,0.80,0.80,0.80,28.55,17,17,0,0.19,0.10,0.20,29.08,17,17,0,0.78,0.70,0.80,29.01,17,17,0,803.99,800.20,807.90,24.34,17,0,0
1201409,0.34,0.30,0.40,30.50,17,17,0,-0.01,-0.10,0.10,28.87,17,17,0,0.36,0.30,0.40,29.23,17,17,0,0.81,0.80,0.90,28.56,17,17,0,0.18,0.10,0.20,29.08,17,17,0,0.76,0.70,0.80,29.00,17,17,0,808.53,805.30,811.00,24.32,17,0,0
1201913,0.35,0.30,0.40,30.51,17,17,0,0.02,-0.10,0.10,28.87,17,17,0,0.36,0.30,0.40,29.25,17,17,0,0.81,0.80,0.90,28.55,17,17,0,0.18,0.10,0.20,29.08,17,17,0,0.79,0.70,0.80,29.00,17,17,0,807.71,800.70,812.50,24.33,17,0,0
1202420,0.35,0.30,0.40,30.50,17,17,0,0.02,-0.10,0.10,28.88,17,17,0,0.39,0.30,0.40,29.23,17,17,0,0.81,0.80,0.90,28.56,17,17,0,0.19,0.10,0.20,29.10,17,17,0,0.78,0.70,0.80,29.00,17,17,0,807.11,802.70,811.20,24.34,17,0,0
1202922,0.33,0.30,0.40,30.51,17,17,0,0.01,-0.10,0.10,28.87,17,17,0,0.36,0.30,0.40,29.23,17,17,0,0.80,0.80,0.80,28.56,17,17,0,0.18,0.10,0.20,29.09,17,17,0,0.75,0.70,0.80,29.00,17,17,0,813.28,809.20,817.50,24.32,17,0,0
1203422,0.34,0.30,0.40,30.51,17,17,0,0.01,-0.10,0.10,28.88,17,17,0,0.36,0.30,0.40,29.23,17,17,0,0.80,0.80,0.80,28.56,17,17,0,0.19,0.10,0.20,29.08,17,17,0,0.76,0.70,0.80,29.01,17,17,0,820.04,815.00,828.90,24.36,17,0,0
1203922,0.34,0.30,0.40,30.50,17,17,0,0.01,-0.10,0.10,28.87,17,17,0,0.37,0.30,0.40,29.24,17,17,0,0.80,0.80,0.80,28.55,17,17,0,0.18,0.10,0.20,29.09,17,17,0,0.78,0.70,0.80,29.00,17,17,0,824.41,819.60,828.40,24.33,17,0,0
1204422,0.33,0.30,0.40,30.50,17,17,0,0.03,0.00,0.10,28.87,17,17,0,0.38,0.30,0.40,29.23,17,17,0,0.80,0.80,0.80,28.55,17,17,0,0.18,0.10,0.20,29.08,17,17,0,0.76,0.70,0.80,29.00,17,17,0,819.70,810.90,824.90,24.34,17,0,0
1204924,0.35,0.30,0.40,30.51,17,17,0,0.03,0.00,0.10,28.89,17,17,0,0.38,0.30,0.40,29.22,17,17,0,0.80,0.80,0.80,28.56,17,17,0,0.19,0.10,0.20,29.09,17,17,0,0.79,0.70,0.80,29.01,17,17,0,817.99,813.60,822.70,24.32,17,0,0
1205427,0.33,0.30,0.40,30.52,17,17,0,0.04,0.00,0.10,28.87,17,17,0,0.37,0.30,0.40,29.23,17,17,0,0.80,0.80,0.80,28.54,17,17,0,0.15,0.10,0.20,29.07,17,17,0,0.78,0.70,0.80,29.01,17,17,0,824.04,820.10,827.80,24.33,17,0,0
1205934,0.32,0.30,0.40,30.51,17,17,0,0.03,-0.10,0.10,28.86,17,17,0,0.37,0.30,0.40,29.23,17,17,0,0.80,0.80,0.80,28.57,17,17,0,0.18,0.10,0.20,29.08,17,17,0,0.77,0.70,0.80,29.00,17,17,0,830.17,825.50,836.20,24.33,17,0,0
1206434,0.33,0.30,0.40,30.50,17,17,0,0.03,0.00,0.10,28.86,17,17,0,0.38,0.30,0.40,29.24,17,17,0,0.80,0.80,0.80,28.56,17,17,0,0.18,0.10,0.20,29.08,17,17,0,0.79,0.70,0.80,29.01,17,17,0,833.18,829.20,836.90,24.32,17,0,0
1206939,0.35,0.30,0.40,30.49,17,17,0,0.02,-0.10,0.10,28.87,17,17,0,0.36,0.30,0.40,29.23,17,17,0,0.80,0.80,0.80,28.56,17,17,0,0.17,0.10,0.20,29.07,17,17,0,0.75,0.70,0.80,29.00,17,17,0,830.94,824.40,835.80,24.32,17,0,0
1207439,0.34,0.30,0.40,30.51,17,17,0,0.02,0.00,0.10,28.87,17,17,0,0.36,0.30,0.40,29.24,17,17,0,0.80,0.80,0.80,28.56,17,17,0,0.19,0.10,0.20,29.09,17,17,0,0.76,0.70,0.80,29.00,17,17,0,832.98,828.80,837.20,24.33,17,0,0
1207940,0.31,0.30,0.40,30.50,17,17,0,0.02,-0.10,0.10,28.87,17,17,0,0.36,0.30,0.40,29.24,17,17,0,0.80,0.80,0.80,28.56,17,17,0,0.17,0.10,0.20,29.06,17,17,0,0.77,0.70,0.80,29.00,17,17,0,840.26,835.80,844.70,24.30,17,0,0
1208440,0.35,0.30,0.40,30.49,17,17,0,0.04,-0.10,0.10,28.88,17,17,0,0.37,0.30,0.40,29.22,17,17,0,0.80,0.80,0.80,28.56,17,17,0,0.19,0.10,0.20,29.07,17,17,0,0.77,0.70,0.80,29.01,17,17,0,849.22,842.90,856.70,24.32,17,0,0
1208948,0.33,0.30,0.40,30.50,17,17,0,0.00,-0.10,0.10,28.85,17,17,0,0.38,0.30,0.40,29.22,17,17,0,0.80,0.80,0.80,28.56,17,17,0,0.16,0.10,0.20,29.10,17,17,0,0.75,0.70,0.80,29.00,17,17,0,844.56,836.40,851.50,24.30,17,0,0
1209455,0.36,0.30,0.40,30.52,17,17,0,0.02,0.00,0.10,28.88,17,17,0,0.36,0.30,0.40,29.23,17,17,0,0.80,0.80,0.80,28.56,17,17,0,0.17,0.10,0.20,29.07,17,17,0,0.76,0.70,0.80,28.99,17,17,0,835.82,829.80,839.90,24.34,17,0,0
1209959,0.35,0.30,0.40,30.52,17,17,0,0.03,-0.10,0.10,28.89,17,17,0,0.37,0.30,0.40,29.23,17,17,0,0.80,0.80,0.80,28.58,17,17,0,0.17,0.10,0.20,29.07,17,17,0,0.76,0.70,0.80,29.00,17,17,0,836.37,832.70,841.80,24.32,17,0,0
1210465,0.34,0.30,0.40,30.50,17,17,0,0.00,-0.10,0.10,28.88,17,17,0,0.38,0.30,0.40,29.24,17,17,0,0.81,0.80,0.90,28.56,17,17,0,0.16,0.10,0.20,29.10,17,17,0,0.78,0.70,0.80,28.99,17,17,0,841.41,836.70,847.20,24.30,17,0,0
1210967,0.34,0.30,0.40,30.50,17,17,0,0.00,-0.10,0.10,28.88,17,17,0,0.37,0.30,0.40,29.25,17,17,0,0.81,0.80,0.90,28.57,17,17,0,0.16,0.10,0.20,29.08,17,17,0,0.78,0.70,0.80,29.01,17,17,0,848.01,844.70,853.20,24.33,17,0,0
1211468,0.34,0.30,0.40,30.51,17,17,0,0.04,0.00,0.10,28.88,17,17,0,0.38,0.30,0.40,29.24,17,17,0,0.80,0.80,0.80,28.57,17,17,0,0.19,0.10,0.20,29.09,17,17,0,0.75,0.70,0.80,29.01,17,17,0,839.87,835.30,847.40,24.32,17,0,0
1211968,0.34,0.30,0.40,30.50,17,17,0,0.01,-0.10,0.10,28.88,17,17,0,0.39,0.30,0.40,29.23,17,17,0,0.80,0.80,0.80,28.56,17,17,0,0.18,0.10,0.20,29.08,17,17,0,0.76,0.70,0.80,29.00,17,17,0,832.35,828.20,835.70,24.33,17,0,0
1212468,0.32,0.30,0.40,30.50,17,17,0,-0.01,-0.10,0.10,28.88,17,17,0,0.35,0.30,0.40,29.22,17,17,0,0.80,0.80,0.80,28.55,17,17,0,0.18,0.10,0.20,29.07,17,17,0,0.76,0.70,0.80,29.02,17,17,0,836.16,830.60,841.60,24.33,17,0,0
1212974,0.34,0.30,0.40,30.51,16,16,0,0.04,0.00,0.10,28.89,16,16,0,0.37,0.30,0.40,29.23,16,16,0,0.80,0.80,0.80,28.58,16,16,0,0.18,0.10,0.20,29.08,16,16,0,0.77,0.70,0.80,28.99,16,16,0,845.02,840.20,851.20,24.32,16,0,0
1213474,0.35,0.30,0.40,30.52,17,17,0,0.02,-0.10,0.10,28.87,17,17,0,0.36,0.30,0.40,29.23,17,17,0,0.80,0.80,0.80,28.57,17,17,0,0.17,0.10,0.20,29.08,17,17,0,0.77,0.70,0.80,29.00,17,17,0,845.71,839.60,851.30,24.33,17,0,0
1213975,0.34,0.30,0.40,30.52,17,17,0,0.01,-0.10,0.10,28.88,17,17,0,0.36,0.30,0.40,29.24,17,17,0,0.80,0.80,0.80,28.56,17,17,0,0.18,0.10,0.20,29.08,17,17,0,0.78,0.70,0.80,29.01,17,17,0,831.86,825.60,841.60,24.33,17,0,0
1214475,0.32,0.30,0.40,30.50,17,17,0,0.01,-0.10,0.10,28.89,17,17,0,0.36,0.30,0.40,29.22,17,17,0,0.80,0.80,0.80,28.58,17,17,0,0.19,0.10,0.20,29.07,17,17,0,0.79,0.70,0.80,29.02,17,17,0,825.61,819.70,828.80,24.33,17,0,0
1214976,0.35,0.30,0.40,30.51,17,17,0,0.05,0.00,0.10,28.89,17,17,0,0.37,0.30,0.40,29.24,17,17,0,0.80,0.80,0.80,28.56,17,17,0,0.17,0.10,0.20,29.09,17,17,0,0.78,0.70,0.80,29.02,17,17,0,831.58,823.90,836.80,24.33,17,0,0
1215476,0.34,0.30,0.40,30.52,17,17,0,0.02,-0.10,0.10,28.87,17,17,0,0.38,0.30,0.40,29.24,17,17,0,0.80,0.80,0.80,28.56,17,17,0,0.19,0.10,0.20,29.07,17,17,0,0.79,0.70,0.80,28.99,17,17,0,836.76,832.80,841.30,24.32,17,0,0
1215976,0.34,0.30,0.40,30.51,17,17,0,0.02,-0.10,0.10,28.86,17,17,0,0.38,0.30,0.40,29.25,17,17,0,0.80,0.80,0.80,28.56,17,17,0,0.18,0.10,0.20,29.07,17,17,0,0.76,0.70,0.80,29.00,17,17,0,832.22,823.20,838.20,24.33,17,0,0
1216477,0.32,0.30,0.40,30.51,17,17,0,0.01,-0.10,0.10,28.88,17,17,0,0.39,0.30,0.40,29.23,17,17,0,0.80,0.80,0.80,28.56,17,17,0,0.19,0.10,0.20,29.09,17,17,0,0.78,0.70,0.80,28.99,17,17,0,817.78,809.20,834.30,24.34,17,0,0
1216977,0.34,0.30,0.40,30.51,17,17,0,0.00,-0.10,0.10,28.88,17,17,0,0.37,0.30,0.40,29.23,17,17,0,0.80,0.80,0.80,28.55,17,17,0,0.19,0.10,0.20,29.09,17,17,0,0.78,0.70,0.80,29.01,17,17,0,818.86,813.10,829.20,24.34,17,0,0
1217478,0.33,0.30,0.40,30.51,17,17,0,0.01,-0.10,0.10,28.87,17,17,0,0.36,0.30,0.40,29.23,17,17,0,0.80,0.80,0.80,28.56,17,17,0,0.18,0.10,0.20,29.07,17,17,0,0.76,0.70,0.80,29.00,17,17,0,825.92,820.50,831.20,24.32,17,0,0
1217978,0.32,0.30,0.40,30.51,17,17,0,0.01,-0.10,0.10,28.87,17,17,0,0.38,0.30,0.40,29.23,17,17,0,0.80,0.80,0.80,28.57,17,17,0,0.16,0.10,0.20,29.10,17,17,0,0.77,0.70,0.80,29.00,17,17,0,829.18,824.20,833.40,24.34,17,0,0
1218479,0.32,0.30,0.40,30.52,17,17,0,0.03,0.00,0.10,28.88,17,17,0,0.39,0.30,0.40,29.22,17,17,0,0.80,0.80,0.80,28.58,17,17,0,0.19,0.10,0.20,29.07,17,17,0,0.76,0.70,0.80,29.00,17,17,0,821.02,814.70,828.90,24.35,17,0,0
1218979,0.35,0.30,0.40,30.51,17,17,0,0.05,-0.10,0.10,28.88,17,17,0,0.37,0.30,0.40,29.24,17,17,0,0.80,0.80,0.80,28.56,17,17,0,0.16,0.10,0.20,29.07,17,17,0,0.75,0.70,0.80,29.01,17,17,0,812.89,809.10,816.80,24.35,17,0,0
1219479,0.34,0.30,0.40,30.52,17,17,0,0.03,0.00,0.10,28.89,17,17,0,0.35,0.30,0.40,29.23,17,17,0,0.81,0.80,0.90,28.56,17,17,0,0.18,0.10,0.20,29.08,17,17,0,0.78,0.70,0.80,29.00,17,17,0,813.95,808.40,817.10,24.34,17,0,0
1219979,0.35,0.30,0.40,30.51,17,17,0,0.01,-0.10,0.10,28.88,17,17,0,0.35,0.30,0.40,29.24,17,17,0,0.80,0.80,0.80,28.58,17,17,0,0.19,0.10,0.20,29.08,17,17,0,0.76,0.70,0.80,28.99,17,17,0,817.35,813.60,820.70,24.35,17,0,0
1220481,0.35,0.30,0.40,30.50,17,17,0,0.01,-0.10,0.10,28.88,17,17,0,0.36,0.30,0.40,29.23,17,17,0,0.81,0.80,0.90,28.57,17,17,0,0.17,0.10,0.20,29.09,17,17,0,0.78,0.70,0.80,29.01,17,17,0,811.84,805.00,817.00,24.36,17,0,0
1220987,0.34,0.30,0.40,30.53,17,17,0,0.03,-0.10,0.10,28.88,17,17,0,0.36,0.30,0.40,29.22,17,17,0,0.79,0.70,0.80,28.56,17,17,0,0.19,0.10,0.20,29.06,17,17,0,0.75,0.70,0.80,29.00,17,17,0,805.12,798.60,812.20,24.34,17,0,0
1221487,0.34,0.30,0.40,30.53,17,17,0,0.04,-0.10,0.10,28.87,17,17,0,0.38,0.30,0.40,29.23,17,17,0,0.81,0.80,0.90,28.58,17,17,0,0.17,0.10,0.20,29.09,17,17,0,0.76,0.70,0.80,29.02,17,17,0,798.58,793.40,801.70,24.35,17,0,0
1221987,0.34,0.30,0.40,30.50,17,17,0,0.01,0.00,0.10,28.89,17,17,0,0.39,0.30,0.40,29.24,17,17,0,0.80,0.80,0.80,28.57,17,17,0,0.18,0.10,0.20,29.09,17,17,0,0.77,0.70,0.80,29.01,17,17,0,803.67,798.80,809.20,24.36,17,0,0
1222488,0.33,0.30,0.40,30.51,17,17,0,0.01,0.00,0.10,28.89,17,17,0,0.37,0.30,0.40,29.24,17,17,0,0.80,0.80,0.80,28.57,17,17,0,0.18,0.10,0.20,29.09,17,17,0,0.78,0.70,0.80,29.02,17,17,0,806.11,800.50,810.70,24.35,17,0,0
1222988,0.36,0.30,0.40,30.50,17,17,0,0.02,0.00,0.10,28.87,17,17,0,0.37,0.30,0.40,29.23,17,17,0,0.80,0.80,0.80,28.57,17,17,0,0.15,0.10,0.20,29.08,17,17,0,0.78,0.70,0.80,29.02,17,17,0,802.52,799.80,806.20,24.36,17,0,0
1223501,0.32,0.30,0.40,30.50,17,17,0,0.04,0.00,0.10,28.87,17,17,0,0.38,0.30,0.40,29.21,17,17,0,0.79,0.70,0.80,28.57,17,17,0,0.18,0.10,0.20,29.08,17,17,0,0.75,0.70,0.80,29.01,17,17,0,793.84,787.90,798.30,24.37,17,0,0
1224001,0.33,0.30,0.40,30.52,16,16,0,0.01,-0.10,0.10,28.89,16,16,0,0.37,0.30,0.40,29.24,16,16,0,0.80,0.80,0.80,28.57,16,16,0,0.19,0.10,0.20,29.09,16,16,0,0.78,0.70,0.80,29.00,16,16,0,794.18,790.50,797.70,24.36,16,0,0
1224507,0.34,0.30,0.40,30.52,17,17,0,0.01,0.00,0.10,28.87,17,17,0,0.37,0.30,0.40,29.23,17,17,0,0.79,0.70,0.80,28.56,17,17,0,0.18,0.10,0.20,29.09,17,17,0,0.76,0.70,0.80,29.01,17,17,0,798.28,794.80,801.80,24.37,17,0,0
1225007,0.34,0.30,0.40,30.51,17,17,0,0.01,-0.10,0.10,28.88,17,17,0,0.36,0.30,0.40,29.24,17,17,0,0.80,0.80,0.80,28.58,17,17,0,0.17,0.10,0.20,29.09,17,17,0,0.77,0.70,0.80,29.01,17,17,0,800.54,794.70,809.50,24.36,17,0,0
1225507,0.34,0.30,0.40,30.52,17,17,0,0.02,-0.10,0.10,28.88,17,17,0,0.39,0.30,0.40,29.25,17,17,0,0.80,0.80,0.80,28.57,17,17,0,0.19,0.10,0.20,29.09,17,17,0,0.76,0.70,0.80,29.00,17,17,0,795.64,789.50,801.10,24.37,17,0,0
1226008,0.34,0.30,0.40,30.51,17,17,0,0.03,-0.10,0.10,28.88,17,17,0,0.35,0.30,0.40,29.22,17,17,0,0.80,0.80,0.80,28.57,17,17,0,0.18,0.10,0.20,29.07,17,17,0,0.76,0.70,0.80,29.00,17,17,0,786.75,783.50,790.70,24.37,17,0,0
1226508,0.34,0.30,0.40,30.51,17,17,0,0.02,-0.10,0.10,28.88,17,17,0,0.36,0.30,0.40,29.23,17,17,0,0.80,0.80,0.80,28.58,17,17,0,0.18,0.10,0.20,29.09,17,17,0,0.77,0.70,0.80,29.02,17,17,0,791.10,786.40,796.80,24.38,17,0,0
1227008,0.33,0.30,0.40,30.51,17,17,0,0.02,-0.10,0.10,28.89,17,17,0,0.38,0.30,0.40,29.23,17,17,0,0.81,0.80,0.90,28.57,17,17,0,0.18,0.10,0.20,29.08,17,17,0,0.76,0.70,0.80,29.01,17,17,0,798.36,793.00,804.50,24.37,17,0,0
1227508,0.34,0.30,0.40,30.51,17,17,0,0.01,-0.10,0.10,28.87,17,17,0,0.38,0.30,0.40,29.22,17,17,0,0.80,0.80,0.80,28.57,17,17,0,0.17,0.10,0.20,29.07,17,17,0,0.76,0.70,0.80,29.03,17,17,0,799.91,794.40,807.00,24.37,17,0,0
1228009,0.32,0.30,0.40,30.51,17,17,0,0.04,-0.10,0.10,28.88,17,17,0,0.35,0.30,0.40,29.23,17,17,0,0.79,0.70,0.80,28.57,17,17,0,0.18,0.10,0.20,29.08,17,17,0,0.76,0.70,0.80,29.00,17,17,0,790.62,783.80,796.10,24.35,17,0,0
1228513,0.35,0.30,0.40,30.50,17,17,0,0.00,0.00,0.00,28.87,17,17,0,0.38,0.30,0.40,29.23,17,17,0,0.80,0.80,0.80,28.58,17,17,0,0.18,0.10,0.20,29.08,17,17,0,0.74,0.70,0.80,29.02,17,17,0,786.25,782.80,790.40,24.35,17,0,0
1229022,0.32,0.30,0.40,30.51,17,17,0,0.01,-0.10,0.10,28.88,17,17,0,0.37,0.30,0.40,29.22,17,17,0,0.80,0.80,0.80,28.58,17,17,0,0.19,0.10,0.20,29.08,17,17,0,0.78,0.70,0.80,29.02,17,17,0,792.85,788.80,797.90,24.38,17,0,0
1229528,0.32,0.30,0.40,30.53,17,17,0,0.02,0.00,0.10,28.88,17,17,0,0.37,0.30,0.40,29.24,17,17,0,0.80,0.80,0.80,28.58,17,17,0,0.17,0.10,0.20,29.09,17,17,0,0.78,0.70,0.80,29.03,17,17,0,801.59,794.70,805.60,24.37,17,0,0
1230028,0.34,0.30,0.40,30.52,17,17,0,0.01,-0.10,0.10,28.87,17,17,0,0.36,0.30,0.40,29.23,17,17,0,0.80,0.80,0.80,28.59,17,17,0,0.18,0.10,0.20,29.08,17,17,0,0.79,0.70,0.80,29.01,17,17,0,800.28,793.30,806.50,24.37,17,0,0
1230529,0.35,0.30,0.40,30.51,17,17,0,0.01,-0.10,0.10,28.88,17,17,0,0.38,0.30,0.40,29.23,17,17,0,0.80,0.80,0.80,28.60,17,17,0,0.18,0.10,0.20,29.07,17,17,0,0.78,0.70,0.80,29.02,17,17,0,789.38,784.50,794.60,24.35,17,0,0
1231029,0.34,0.30,0.40,30.51,17,17,0,0.04,0.00,0.10,28.87,17,17,0,0.35,0.30,0.40,29.23,17,17,0,0.80,0.80,0.80,28.58,17,17,0,0.19,0.10,0.20,29.10,17,17,0,0.79,0.70,0.80,29.01,17,17,0,790.19,784.00,794.20,24.36,17,0,0
1231541,0.36,0.30,0.40,30.51,17,17,0,0.02,-0.10,0.10,28.89,17,17,0,0.37,0.30,0.40,29.23,17,17,0,0.80,0.80,0.80,28.58,17,17,0,0.16,0.10,0.20,29.10,17,17,0,0.77,0.70,0.80,29.02,17,17,0,798.87,793.70,804.50,24.36,17,0,0
1232044,0.34,0.30,0.40,30.51,17,17,0,0.02,-0.10,0.10,28.87,17,17,0,0.36,0.30,0.40,29.22,17,17,0,0.80,0.80,0.80,28.57,17,17,0,0.19,0.10,0.20,29.09,17,17,0,0.76,0.70,0.80,29.00,17,17,0,805.73,796.90,815.90,24.37,17,0,0
1232550,0.34,0.30,0.40,30.52,17,17,0,0.01,-0.10,0.10,28.88,17,17,0,0.38,0.30,0.40,29.22,17,17,0,0.80,0.80,0.80,28.60,17,17,0,0.19,0.10,0.20,29.09,17,17,0,0.76,0.70,0.80,29.01,17,17,0,796.39,787.60,809.10,24.37,17,0,0
1233056,0.35,0.30,0.40,30.52,17,17,0,0.02,0.00,0.10,28.89,17,17,0,0.36,0.30,0.40,29.23,17,17,0,0.80,0.80,0.80,28.59,17,17,0,0.18,0.10,0.30,29.10,17,17,0,0.75,0.70,0.80,29.02,17,17,0,789.06,781.20,795.20,24.37,17,0,0
1233559,0.33,0.30,0.40,30.51,17,17,0,0.00,-0.10,0.10,28.88,17,17,0,0.36,0.30,0.40,29.21,17,17,0,0.80,0.80,0.80,28.58,17,17,0,0.19,0.10,0.20,29.10,17,17,0,0.76,0.70,0.80,29.02,17,17,0,792.18,782.60,799.70,24.40,17,0,0
1234066,0.32,0.30,0.40,30.52,17,17,0,0.01,-0.10,0.10,28.88,17,17,0,0.36,0.30,0.40,29.20,17,17,0,0.80,0.80,0.80,28.58,17,17,0,0.18,0.10,0.20,29.09,17,17,0,0.78,0.70,0.80,29.01,17,17,0,803.74,797.30,809.80,24.39,17,0,0
1234566,0.33,0.30,0.40,30.53,17,17,0,0.02,-0.10,0.10,28.89,17,17,0,0.36,0.30,0.40,29.22,17,17,0,0.80,0.80,0.80,28.58,17,17,0,0.19,0.10,0.20,29.09,17,17,0,0.79,0.70,0.90,29.02,17,17,0,803.69,786.30,813.20,24.39,17,0,0
1235066,0.32,0.30,0.40,30.52,17,17,0,0.01,-0.10,0.10,28.88,17,17,0,0.37,0.30,0.40,29.22,17,17,0,0.80,0.80,0.80,28.58,17,17,0,0.20,0.20,0.20,29.10,17,17,0,0.78,0.70,0.80,29.02,17,17,0,789.11,779.00,803.10,24.38,17,0,0
1235566,0.32,0.30,0.40,30.52,17,17,0,0.02,0.00,0.10,28.89,17,17,0,0.36,0.30,0.40,29.23,17,17,0,0.79,0.70,0.80,28.58,17,17,0,0.20,0.20,0.20,29.08,17,17,0,0.74,0.70,0.80,29.01,17,17,0,783.06,774.90,788.60,24.37,17,0,0
1236069,0.31,0.30,0.40,30.51,17,17,0,0.01,-0.10,0.10,28.90,17,17,0,0.38,0.30,0.40,29.22,17,17,0,0.80,0.80,0.80,28.57,17,17,0,0.18,0.10,0.20,29.09,17,17,0,0.77,0.70,0.80,29.03,17,17,0,786.08,758.40,812.30,24.37,17,0,0
1236576,0.32,0.30,0.40,30.53,17,17,0,0.01,-0.10,0.10,28.88,17,17,0,0.34,0.30,0.40,29.21,17,17,0,0.80,0.80,0.80,28.58,17,17,0,0.19,0.10,0.20,29.09,17,17,0,0.76,0.70,0.80,29.03,17,17,0,800.12,788.90,811.70,24.39,17,0,0
1237085,0.33,0.30,0.40,30.51,17,17,0,0.04,0.00,0.10,28.90,17,17,0,0.36,0.30,0.40,29.21,17,17,0,0.80,0.80,0.80,28.58,17,17,0,0.16,0.10,0.20,29.09,17,17,0,0.78,0.70,0.80,29.02,17,17,0,801.11,781.20,814.50,24.37,17,0,0
1237592,0.34,0.30,0.40,30.52,17,17,0,0.02,-0.10,0.10,28.89,17,17,0,0.38,0.30,0.40,29.22,17,17,0,0.80,0.80,0.80,28.59,17,17,0,0.18,0.10,0.20,29.07,17,17,0,0.76,0.70,0.80,29.01,17,17,0,786.95,777.40,794.00,24.38,17,0,0
1238092,0.34,0.30,0.40,30.51,17,17,0,0.02,-0.10,0.10,28.89,17,17,0,0.39,0.30,0.40,29.22,17,17,0,0.80,0.80,0.80,28.58,17,17,0,0.18,0.10,0.20,29.09,17,17,0,0.75,0.70,0.80,29.02,17,17,0,781.79,773.80,788.90,24.37,17,0,0
1238593,0.34,0.30,0.40,30.51,17,17,0,0.01,-0.10,0.10,28.88,17,17,0,0.37,0.30,0.40,29.22,17,17,0,0.79,0.70,0.80,28.58,17,17,0,0.19,0.10,0.20,29.07,17,17,0,0.77,0.70,0.80,29.02,17,17,0,791.58,783.60,798.50,24.40,17,0,0
1239093,0.35,0.30,0.40,30.52,17,17,0,0.02,0.00,0.10,28.89,17,17,0,0.36,0.30,0.40,29.21,17,17,0,0.80,0.80,0.80,28.58,17,17,0,0.17,0.10,0.20,29.08,17,17,0,0.78,0.70,0.80,29.02,17,17,0,801.98,798.80,804.30,24.39,17,0,0
1239593,0.35,0.30,0.40,30.50,17,17,0,0.03,0.00,0.10,28.89,17,17,0,0.35,0.30,0.40,29.21,17,17,0,0.80,0.80,0.80,28.58,17,17,0,0.18,0.10,0.20,29.10,17,17,0,0.77,0.70,0.80,29.03,17,17,0,798.39,784.40,806.80,24.39,17,0,0
1240100,0.35,0.30,0.40,30.52,17,17,0,0.01,-0.10,0.10,28.88,17,17,0,0.35,0.30,0.40,29.21,17,17,0,0.79,0.70,0.80,28.59,17,17,0,0.18,0.10,0.20,29.09,17,17,0,0.78,0.70,0.80,29.02,17,17,0,784.79,781.20,792.10,24.39,17,0,0
1240603,0.34,0.30,0.40,30.53,17,17,0,0.03,-0.10,0.10,28.88,17,17,0,0.37,0.30,0.40,29.21,17,17,0,0.80,0.80,0.80,28.59,17,17,0,0.18,0.10,0.20,29.09,17,17,0,0.76,0.70,0.80,29.01,17,17,0,783.91,778.10,788.70,24.37,17,0,0
1241104,0.32,0.30,0.40,30.52,17,17,0,-0.01,-0.10,0.10,28.88,17,17,0,0.36,0.30,0.40,29.21,17,17,0,0.80,0.80,0.80,28.59,17,17,0,0.18,0.10,0.20,29.10,17,17,0,0.75,0.70,0.80,29.01,17,17,0,795.98,787.70,804.90,24.38,17,0,0
1241614,0.32,0.30,0.40,30.52,17,17,0,0.03,-0.10,0.10,28.90,17,17,0,0.36,0.30,0.40,29.22,17,17,0,0.80,0.80,0.80,28.59,17,17,0,0.18,0.10,0.20,29.09,17,17,0,0.76,0.70,0.80,29.02,17,17,0,802.51,797.90,806.20,24.39,17,0,0
1242124,0.36,0.30,0.40,30.51,17,17,0,0.02,0.00,0.10,28.88,17,17,0,0.36,0.30,0.40,29.22,17,17,0,0.80,0.80,0.80,28.58,17,17,0,0.17,0.10,0.20,29.09,17,17,0,0.76,0.70,0.80,29.02,17,17,0,788.56,783.80,796.40,24.37,17,0,0
1242631,0.33,0.30,0.40,30.53,17,17,0,0.01,-0.10,0.10,28.87,17,17,0,0.36,0.30,0.40,29.21,17,17,0,0.81,0.80,0.90,28.60,17,17,0,0.18,0.10,0.20,29.09,17,17,0,0.77,0.70,0.80,29.02,17,17,0,783.81,780.20,787.60,24.39,17,0,0
1243139,0.33,0.30,0.40,30.52,17,17,0,0.05,-0.10,0.10,28.89,17,17,0,0.36,0.30,0.40,29.22,17,17,0,0.81,0.80,0.90,28.59,17,17,0,0.18,0.10,0.20,29.08,17,17,0,0.76,0.70,0.80,29.02,17,17,0,789.48,783.10,797.40,24.39,17,0,0
1243640,0.33,0.30,0.40,30.51,17,17,0,0.05,0.00,0.10,28.88,17,17,0,0.36,0.30,0.40,29.21,17,17,0,0.80,0.80,0.80,28.58,17,17,0,0.19,0.10,0.20,29.09,17,17,0,0.76,0.70,0.80,29.00,17,17,0,802.81,795.60,809.60,24.40,17,0,0
1244140,0.34,0.30,0.40,30.53,17,17,0,0.01,-0.10,0.10,28.88,17,17,0,0.36,0.30,0.40,29.22,17,17,0,0.81,0.80,0.90,28.60,17,17,0,0.18,0.10,0.20,29.10,17,17,0,0.78,0.70,0.80,29.02,17,17,0,803.86,795.70,811.30,24.41,17,0,0
1244641,0.33,0.30,0.40,30.52,17,17,0,0.02,-0.10,0.10,28.88,17,17,0,0.37,0.30,0.40,29.21,17,17,0,0.79,0.70,0.80,28.59,17,17,0,0.18,0.10,0.20,29.09,17,17,0,0.76,0.70,0.80,29.02,17,17,0,793.35,785.90,798.00,24.40,17,0,0
1245143,0.32,0.30,0.40,30.51,17,17,0,0.03,-0.10,0.10,28.88,17,17,0,0.36,0.30,0.40,29.21,17,17,0,0.80,0.80,0.80,28.58,17,17,0,0.17,0.10,0.20,29.08,17,17,0,0.77,0.70,0.80,29.03,17,17,0,795.34,792.30,801.70,24.40,17,0,0
1245643,0.35,0.30,0.40,30.53,17,17,0,0.03,-0.10,0.10,28.90,17,17,0,0.36,0.30,0.40,29.20,17,17,0,0.80,0.80,0.80,28.58,17,17,0,0.18,0.10,0.20,29.08,17,17,0,0.77,0.70,0.80,29.02,17,17,0,799.41,795.20,803.70,24.39,17,0,0
1246143,0.33,0.30,0.40,30.51,17,17,0,0.03,0.00,0.10,28.89,17,17,0,0.38,0.30,0.40,29.22,17,17,0,0.79,0.70,0.80,28.58,17,17,0,0.16,0.10,0.20,29.08,17,17,0,0.77,0.70,0.80,29.04,17,17,0,809.04,804.90,813.20,24.42,17,0,0
1246643,0.34,0.30,0.40,30.53,17,17,0,0.02,-0.10,0.10,28.88,17,17,0,0.36,0.30,0.40,29.21,17,17,0,0.80,0.80,0.80,28.60,17,17,0,0.19,0.10,0.20,29.10,17,17,0,0.76,0.70,0.80,29.04,17,17,0,806.29,802.20,810.10,24.39,17,0,0
1247145,0.35,0.30,0.40,30.52,17,17,0,-0.01,-0.10,0.10,28.89,17,17,0,0.36,0.30,0.40,29.23,17,17,0,0.81,0.80,0.90,28.58,17,17,0,0.18,0.10,0.20,29.09,17,17,0,0.78,0.70,0.80,29.01,17,17,0,800.17,797.20,803.10,24.39,17,0,0
1247649,0.34,0.30,0.40,30.52,17,17,0,0.04,0.00,0.10,28.89,17,17,0,0.37,0.30,0.40,29.22,17,17,0,0.80,0.80,0.80,28.58,17,17,0,0.18,0.10,0.30,29.10,17,17,0,0.76,0.70,0.80,29.02,17,17,0,807.31,801.40,815.10,24.39,17,0,0
1248156,0.35,0.30,0.40,30.52,17,17,0,0.03,-0.10,0.10,28.88,17,17,0,0.35,0.30,0.40,29.21,17,17,0,0.79,0.70,0.80,28.60,17,17,0,0.17,0.10,0.20,29.10,17,17,0,0.78,0.70,0.80,29.02,17,17,0,812.43,806.90,820.80,24.40,17,0,0
1248656,0.34,0.30,0.40,30.53,17,17,0,0.04,-0.10,0.10,28.89,17,17,0,0.35,0.30,0.40,29.22,17,17,0,0.80,0.80,0.80,28.59,17,17,0,0.19,0.10,0.20,29.12,17,17,0,0.78,0.70,0.80,29.02,17,17,0,815.68,790.50,837.40,24.40,17,0,0
1249158,0.34,0.30,0.40,30.53,17,17,0,0.04,0.00,0.10,28.88,17,17,0,0.36,0.30,0.40,29.20,17,17,0,0.79,0.70,0.80,28.58,17,17,0,0.19,0.10,0.20,29.09,17,17,0,0.79,0.70,0.80,29.02,17,17,0,812.72,797.80,828.00,24.38,17,0,0
1249659,0.32,0.30,0.40,30.51,17,17,0,0.02,0.00,0.10,28.89,17,17,0,0.34,0.30,0.40,29.20,17,17,0,0.80,0.80,0.80,28.59,17,17,0,0.19,0.10,0.20,29.10,17,17,0,0.78,0.70,0.80,29.02,17,17,0,815.60,809.00,822.30,24.39,17,0,0
1250162,0.32,0.30,0.40,30.54,17,17,0,0.03,0.00,0.10,28.90,17,17,0,0.36,0.30,0.40,29.21,17,17,0,0.81,0.80,0.90,28.59,17,17,0,0.19,0.10,0.20,29.09,17,17,0,0.76,0.70,0.80,29.03,17,17,0,820.84,814.00,833.60,24.39,17,0,0
1250662,0.35,0.30,0.40,30.53,16,16,0,0.04,-0.10,0.10,28.90,16,16,0,0.38,0.30,0.40,29.21,16,16,0,0.80,0.80,0.80,28.58,16,16,0,0.17,0.10,0.20,29.09,16,16,0,0.77,0.70,0.80,29.04,16,16,0,829.61,810.60,845.10,24.39,16,0,0
1251171,0.33,0.30,0.40,30.52,17,17,0,0.02,-0.10,0.10,28.90,17,17,0,0.38,0.30,0.40,29.22,17,17,0,0.79,0.70,0.80,28.59,17,17,0,0.18,0.10,0.20,29.10,17,17,0,0.79,0.70,0.80,29.02,17,17,0,827.89,817.90,835.60,24.38,17,0,0
1251678,0.34,0.30,0.40,30.51,17,17,0,0.03,0.00,0.10,28.89,17,17,0,0.37,0.30,0.40,29.21,17,17,0,0.81,0.80,0.90,28.60,17,17,0,0.15,0.10,0.20,29.10,17,17,0,0.77,0.70,0.80,29.04,17,17,0,827.56,822.80,832.40,24.37,17,0,0
1252178,0.35,0.30,0.40,30.54,17,17,0,0.02,-0.10,0.10,28.88,17,17,0,0.35,0.30,0.40,29.22,17,17,0,0.79,0.70,0.80,28.60,17,17,0,0.19,0.10,0.20,29.11,17,17,0,0.77,0.70,0.80,29.04,17,17,0,832.20,825.80,840.30,24.37,17,0,0
1252690,0.34,0.30,0.40,30.52,17,17,0,0.02,0.00,0.10,28.89,17,17,0,0.35,0.30,0.40,29.21,17,17,0,0.81,0.80,0.90,28.59,17,17,0,0.19,0.10,0.20,29.09,17,17,0,0.76,0.70,0.80,29.03,17,17,0,836.05,827.30,845.40,24.39,17,0,0
1253202,0.34,0.30,0.40,30.52,17,17,0,0.03,0.00,0.10,28.90,17,17,0,0.36,0.30,0.40,29.22,17,17,0,0.81,0.80,0.90,28.59,17,17,0,0.18,0.10,0.20,29.10,17,17,0,0.76,0.70,0.80,29.03,17,17,0,843.92,836.30,848.60,24.37,17,0,0
1253706,0.31,0.30,0.40,30.53,17,17,0,0.03,-0.10,0.10,28.89,17,17,0,0.37,0.30,0.40,29.23,17,17,0,0.80,0.80,0.80,28.59,17,17,0,0.16,0.10,0.20,29.10,17,17,0,0.74,0.70,0.80,29.02,17,17,0,841.88,836.40,849.70,24.37,17,0,0
1254212,0.35,0.30,0.40,30.52,17,17,0,0.03,-0.10,0.10,28.88,17,17,0,0.35,0.30,0.40,29.23,17,17,0,0.81,0.80,0.90,28.60,17,17,0,0.19,0.10,0.20,29.10,17,17,0,0.77,0.70,0.80,29.03,17,17,0,839.57,832.70,844.00,24.38,17,0,0
1254712,0.33,0.30,0.40,30.52,16,16,0,0.02,0.00,0.10,28.88,16,16,0,0.36,0.30,0.40,29.24,16,16,0,0.79,0.70,0.80,28.60,16,16,0,0.18,0.10,0.20,29.09,16,16,0,0.75,0.70,0.80,29.03,16,16,0,842.56,834.00,849.40,24.38,16,0,0
1255212,0.35,0.30,0.40,30.53,16,16,0,0.01,0.00,0.10,28.89,16,16,0,0.36,0.30,0.40,29.21,16,16,0,0.81,0.80,0.90,28.60,16,16,0,0.18,0.10,0.20,29.09,16,16,0,0.77,0.70,0.80,29.03,16,16,0,849.01,843.00,857.20,24.37,16,0,0
1255722,0.33,0.30,0.40,30.53,17,17,0,0.03,0.00,0.10,28.88,17,17,0,0.36,0.30,0.40,29.22,17,17,0,0.80,0.80,0.80,28.60,17,17,0,0.18,0.10,0.20,29.10,17,17,0,0.77,0.70,0.80,29.03,17,17,0,854.33,850.40,860.20,24.37,17,0,0
1256226,0.34,0.30,0.40,30.52,17,17,0,0.02,-0.10,0.10,28.89,17,17,0,0.36,0.30,0.40,29.23,17,17,0,0.80,0.80,0.80,28.60,17,17,0,0.19,0.10,0.20,29.08,17,17,0,0.78,0.70,0.80,29.01,17,17,0,850.49,840.80,857.20,24.38,17,0,0
1256728,0.36,0.30,0.40,30.52,17,17,0,0.02,-0.10,0.10,28.89,17,17,0,0.38,0.30,0.40,29.23,17,17,0,0.80,0.80,0.80,28.60,17,17,0,0.19,0.10,0.20,29.09,17,17,0,0.76,0.70,0.80,29.05,17,17,0,845.50,841.90,849.60,24.38,17,0,0
1257231,0.33,0.30,0.40,30.53,17,17,0,0.02,0.00,0.10,28.90,17,17,0,0.37,0.30,0.40,29.23,17,17,0,0.81,0.80,0.90,28.61,17,17,0,0.18,0.10,0.20,29.09,17,17,0,0.76,0.70,0.80,29.02,17,17,0,846.87,843.90,851.00,24.36,17,0,0
1257737,0.35,0.30,0.40,30.50,17,17,0,0.01,-0.10,0.10,28.89,17,17,0,0.38,0.30,0.40,29.23,17,17,0,0.80,0.80,0.80,28.60,17,17,0,0.18,0.10,0.20,29.11,17,17,0,0.78,0.70,0.80,29.04,17,17,0,853.42,846.60,859.10,24.38,17,0,0
1258237,0.36,0.30,0.40,30.52,17,17,0,0.05,0.00,0.10,28.88,17,17,0,0.36,0.30,0.40,29.23,17,17,0,0.81,0.80,0.90,28.59,17,17,0,0.19,0.10,0.20,29.10,17,17,0,0.76,0.70,0.80,29.02,17,17,0,851.64,846.40,858.20,24.36,17,0,0
1258745,0.34,0.30,0.40,30.53,17,17,0,0.03,0.00,0.10,28.90,17,17,0,0.36,0.30,0.40,29.23,17,17,0,0.80,0.80,0.80,28.60,17,17,0,0.19,0.10,0.20,29.09,17,17,0,0.79,0.70,0.80,29.03,17,17,0,844.09,838.80,848.40,24.38,17,0,0
1259245,0.35,0.30,0.40,30.53,16,16,0,0.02,-0.10,0.10,28.90,16,16,0,0.37,0.30,0.40,29.22,16,16,0,0.80,0.80,0.80,28.60,16,16,0,0.18,0.10,0.20,29.10,16,16,0,0.78,0.70,0.80,29.02,16,16,0,840.19,835.70,846.50,24.39,16,0,0
1259751,0.34,0.30,0.40,30.52,17,17,0,0.01,0.00,0.10,28.90,17,17,0,0.36,0.30,0.40,29.21,17,17,0,0.80,0.80,0.80,28.61,17,17,0,0.19,0.10,0.30,29.09,17,17,0,0.78,0.70,0.80,29.02,17,17,0,844.76,838.80,849.80,24.38,17,0,0
1260253,0.35,0.30,0.40,30.53,17,17,0,0.04,0.00,0.10,28.89,17,17,0,0.36,0.30,0.40,29.22,17,17,0,0.79,0.70,0.80,28.61,17,17,0,0.18,0.10,0.20,29.09,17,17,0,0.77,0.70,0.80,29.02,17,17,0,850.94,845.90,855.10,24.37,17,0,0
1260756,0.30,0.30,0.30,30.52,17,17,0,0.02,-0.10,0.10,28.90,17,17,0,0.35,0.30,0.40,29.23,17,17,0,0.80,0.80,0.80,28.60,17,17,0,0.19,0.10,0.20,29.11,17,17,0,0.78,0.70,0.80,29.03,17,17,0,842.02,831.30,849.60,24.36,17,0,0
1261268,0.36,0.30,0.40,30.53,17,17,0,0.04,0.00,0.10,28.88,17,17,0,0.36,0.30,0.40,29.21,17,17,0,0.80,0.80,0.80,28.61,17,17,0,0.19,0.10,0.20,29.10,17,17,0,0.77,0.70,0.80,29.03,17,17,0,829.92,823.50,837.00,24.38,17,0,0
1261772,0.34,0.30,0.40,30.54,17,17,0,0.01,-0.10,0.10,28.91,17,17,0,0.36,0.30,0.40,29.23,17,17,0,0.80,0.80,0.80,28.59,17,17,0,0.18,0.10,0.20,29.10,17,17,0,0.77,0.70,0.80,29.02,17,17,0,827.20,822.20,835.20,24.39,17,0,0
1262276,0.34,0.30,0.40,30.52,17,17,0,0.04,0.00,0.10,28.88,17,17,0,0.35,0.30,0.40,29.24,17,17,0,0.79,0.70,0.80,28.60,17,17,0,0.20,0.20,0.20,29.09,17,17,0,0.78,0.70,0.80,29.03,17,17,0,837.66,831.20,846.00,24.39,17,0,0
1262777,0.36,0.30,0.40,30.51,17,17,0,0.01,-0.10,0.10,28.89,17,17,0,0.36,0.30,0.40,29.22,17,17,0,0.80,0.80,0.80,28.60,17,17,0,0.19,0.10,0.20,29.09,17,17,0,0.79,0.70,0.80,29.03,17,17,0,842.52,830.70,849.20,24.36,17,0,0
1263286,0.34,0.30,0.40,30.52,17,17,0,0.01,-0.10,0.10,28.89,17,17,0,0.34,0.30,0.40,29.21,17,17,0,0.79,0.70,0.80,28.60,17,17,0,0.18,0.10,0.20,29.11,17,17,0,0.77,0.70,0.80,29.04,17,17,0,827.64,819.30,836.10,24.38,17,0,0
1263799,0.32,0.30,0.40,30.54,17,17,0,0.01,-0.10,0.10,28.90,17,17,0,0.36,0.30,0.40,29.23,17,17,0,0.80,0.80,0.80,28.62,17,17,0,0.18,0.10,0.20,29.09,17,17,0,0.78,0.70,0.80,29.05,17,17,0,822.01,816.70,827.00,24.38,17,0,0
1264303,0.33,0.30,0.40,30.52,17,17,0,0.01,-0.10,0.10,28.89,17,17,0,0.38,0.30,0.40,29.24,17,17,0,0.80,0.80,0.80,28.62,17,17,0,0.19,0.10,0.20,29.09,17,17,0,0.78,0.70,0.80,29.03,17,17,0,827.38,820.70,834.60,24.38,17,0,0
1264804,0.34,0.30,0.40,30.54,17,17,0,0.01,-0.10,0.10,28.90,17,17,0,0.36,0.30,0.40,29.23,17,17,0,0.80,0.80,0.80,28.62,17,17,0,0.19,0.10,0.20,29.12,17,17,0,0.78,0.70,0.80,29.04,17,17,0,832.74,826.60,839.90,24.37,17,0,0
1265307,0.34,0.30,0.40,30.54,17,17,0,0.03,0.00,0.10,28.90,17,17,0,0.36,0.30,0.40,29.21,17,17,0,0.80,0.80,0.80,28.61,17,17,0,0.18,0.10,0.20,29.10,17,17,0,0.78,0.70,0.80,29.04,17,17,0,825.25,822.00,830.20,24.39,17,0,0
1265807,0.32,0.30,0.40,30.52,17,17,0,0.01,-0.10,0.10,28.90,17,17,0,0.36,0.30,0.40,29.23,17,17,0,0.80,0.80,0.80,28.59,17,17,0,0.17,0.10,0.20,29.09,17,17,0,0.78,0.70,0.80,29.03,17,17,0,814.30,808.60,819.80,24.38,17,0,0
1266308,0.34,0.30,0.40,30.51,17,17,0,0.01,-0.10,0.10,28.90,17,17,0,0.35,0.30,0.40,29.22,17,17,0,0.80,0.80,0.80,28.61,17,17,0,0.17,0.10,0.20,29.10,17,17,0,0.78,0.70,0.80,29.02,17,17,0,813.79,810.10,816.90,24.38,17,0,0
1266808,0.35,0.30,0.40,30.53,17,17,0,0.01,-0.10,0.10,28.89,17,17,0,0.36,0.30,0.40,29.22,17,17,0,0.80,0.80,0.80,28.61,17,17,0,0.18,0.10,0.20,29.11,17,17,0,0.78,0.70,0.80,29.04,17,17,0,818.68,815.10,821.80,24.38,17,0,0
1267309,0.35,0.30,0.40,30.53,17,17,0,0.02,0.00,0.10,28.88,17,17,0,0.36,0.30,0.40,29.23,17,17,0,0.80,0.80,0.80,28.61,17,17,0,0.15,0.10,0.20,29.10,17,17,0,0.79,0.70,0.80,29.03,17,17,0,819.12,811.20,823.60,24.41,17,0,0
1267809,0.35,0.30,0.40,30.52,17,17,0,0.04,-0.10,0.10,28.90,17,17,0,0.36,0.30,0.40,29.24,17,17,0,0.80,0.80,0.80,28.61,17,17,0,0.17,0.10,0.20,29.12,17,17,0,0.77,0.70,0.80,29.04,17,17,0,809.79,802.40,815.60,24.39,17,0,0
1268316,0.34,0.30,0.40,30.51,17,17,0,0.02,0.00,0.10,28.90,17,17,0,0.37,0.30,0.40,29.22,17,17,0,0.79,0.70,0.80,28.59,17,17,0,0.18,0.10,0.20,29.09,17,17,0,0.77,0.70,0.80,29.04,17,17,0,801.46,795.10,806.50,24.39,17,0,0
1268819,0.33,0.30,0.40,30.50,17,17,0,0.03,0.00,0.10,28.88,17,17,0,0.35,0.30,0.40,29.22,17,17,0,0.81,0.80,0.90,28.58,17,17,0,0.19,0.10,0.20,29.09,17,17,0,0.76,0.70,0.80,29.03,17,17,0,806.52,796.70,818.20,24.39,17,0,0
1269328,0.35,0.30,0.40,30.53,17,17,0,0.04,0.00,0.10,28.89,17,17,0,0.36,0.30,0.40,29.23,17,17,0,0.79,0.70,0.80,28.60,17,17,0,0.19,0.10,0.20,29.10,17,17,0,0.79,0.70,0.80,29.04,17,17,0,813.14,807.10,820.30,24.39,17,0,0
1269828,0.34,0.30,0.40,30.52,16,16,0,0.03,-0.10,0.10,28.90,16,16,0,0.36,0.30,0.40,29.21,16,16,0,0.81,0.80,0.90,28.59,16,16,0,0.18,0.10,0.20,29.10,16,16,0,0.77,0.70,0.80,29.02,16,16,0,812.02,803.50,819.30,24.39,16,0,0
1270328,0.34,0.30,0.40,30.52,17,17,0,0.01,-0.10,0.10,28.90,17,17,0,0.37,0.30,0.40,29.24,17,17,0,0.79,0.70,0.80,28.61,17,17,0,0.18,0.10,0.20,29.11,17,17,0,0.79,0.70,0.80,29.04,17,17,0,801.98,796.50,808.00,24.41,17,0,0
1270830,0.34,0.30,0.40,30.53,17,17,0,0.04,0.00,0.10,28.89,17,17,0,0.37,0.30,0.40,29.22,17,17,0,0.80,0.80,0.80,28.60,17,17,0,0.18,0.10,0.20,29.11,17,17,0,0.73,0.70,0.80,29.03,17,17,0,797.74,787.00,806.30,24.39,17,0,0
1271338,0.35,0.30,0.40,30.53,17,17,0,0.04,-0.10,0.10,28.91,17,17,0,0.36,0.30,0.40,29.24,17,17,0,0.81,0.80,0.90,28.61,17,17,0,0.15,0.10,0.20,29.10,17,17,0,0.75,0.70,0.80,29.04,17,17,0,800.48,796.90,806.30,24.41,17,0,0
1271845,0.35,0.30,0.40,30.53,17,17,0,0.02,0.00,0.10,28.91,17,17,0,0.37,0.30,0.40,29.23,17,17,0,0.80,0.80,0.80,28.60,17,17,0,0.18,0.10,0.20,29.11,17,17,0,0.76,0.70,0.80,29.04,17,17,0,806.56,798.10,816.40,24.41,17,0,0
1272345,0.34,0.30,0.40,30.53,17,17,0,0.00,-0.10,0.10,28.89,17,17,0,0.37,0.30,0.40,29.24,17,17,0,0.80,0.80,0.80,28.61,17,17,0,0.18,0.10,0.20,29.10,17,17,0,0.78,0.70,0.80,29.03,17,17,0,802.73,792.80,817.80,24.40,17,0,0
1272845,0.34,0.30,0.40,30.52,17,17,0,0.03,-0.10,0.10,28.89,17,17,0,0.35,0.30,0.40,29.23,17,17,0,0.81,0.80,0.90,28.61,17,17,0,0.19,0.10,0.20,29.09,17,17,0,0.77,0.70,0.80,29.03,17,17,0,793.61,785.80,802.70,24.40,17,0,0
1273350,0.36,0.30,0.40,30.53,17,17,0,0.04,-0.10,0.10,28.89,17,17,0,0.35,0.30,0.40,29.23,17,17,0,0.80,0.80,0.80,28.62,17,17,0,0.17,0.10,0.20,29.10,17,17,0,0.78,0.70,0.80,29.05,17,17,0,793.47,783.60,801.20,24.40,17,0,0
1273859,0.35,0.30,0.40,30.53,17,17,0,0.01,-0.10,0.10,28.89,17,17,0,0.39,0.30,0.40,29.23,17,17,0,0.81,0.80,0.90,28.61,17,17,0,0.18,0.10,0.20,29.10,17,17,0,0.77,0.70,0.80,29.05,17,17,0,800.95,790.90,817.40,24.40,17,0,0
1274359,0.34,0.30,0.40,30.52,17,17,0,0.03,0.00,0.10,28.90,17,17,0,0.37,0.30,0.40,29.22,17,17,0,0.80,0.80,0.80,28.60,17,17,0,0.19,0.10,0.20,29.10,17,17,0,0.77,0.70,0.80,29.05,17,17,0,806.32,789.60,819.60,24.39,17,0,0
1274871,0.34,0.30,0.40,30.53,17,17,0,0.04,-0.10,0.10,28.89,17,17,0,0.36,0.30,0.40,29.22,17,17,0,0.80,0.80,0.80,28.59,17,17,0,0.18,0.10,0.20,29.11,17,17,0,0.78,0.70,0.80,29.03,17,17,0,799.61,786.10,817.90,24.39,17,0,0
1275377,0.32,0.30,0.40,30.53,17,17,0,0.01,-0.10,0.10,28.90,17,17,0,0.35,0.30,0.40,29.23,17,17,0,0.81,0.80,0.90,28.60,17,17,0,0.19,0.10,0.20,29.10,17,17,0,0.79,0.70,0.80,29.04,17,17,0,790.74,777.90,805.50,24.41,17,0,0
1275877,0.35,0.30,0.40,30.53,17,17,0,0.04,-0.10,0.10,28.90,17,17,0,0.39,0.30,0.40,29.24,17,17,0,0.81,0.80,0.90,28.61,17,17,0,0.16,0.10,0.20,29.11,17,17,0,0.78,0.70,0.80,29.05,17,17,0,795.22,784.20,814.50,24.40,17,0,0
1276377,0.33,0.30,0.40,30.53,17,17,0,0.05,0.00,0.10,28.89,17,17,0,0.36,0.30,0.40,29.23,17,17,0,0.80,0.80,0.80,28.61,17,17,0,0.18,0.10,0.20,29.10,17,17,0,0.79,0.70,0.80,29.05,17,17,0,803.92,785.40,819.20,24.38,17,0,0
1276884,0.34,0.30,0.40,30.52,17,17,0,0.02,-0.10,0.10,28.90,17,17,0,0.37,0.30,0.40,29.22,17,17,0,0.81,0.80,0.90,28.60,17,17,0,0.19,0.10,0.20,29.12,17,17,0,0.77,0.70,0.80,29.06,17,17,0,808.94,799.30,820.90,24.40,17,0,0
1277394,0.35,0.30,0.40,30.53,17,17,0,0.02,-0.10,0.10,28.91,17,17,0,0.36,0.30,0.40,29.23,17,17,0,0.80,0.80,0.80,28.61,17,17,0,0.18,0.10,0.20,29.12,17,17,0,0.74,0.70,0.80,29.04,17,17,0,792.96,776.90,807.20,24.40,17,0,0
1277907,0.34,0.30,0.40,30.53,17,17,0,0.02,0.00,0.10,28.89,17,17,0,0.37,0.30,0.40,29.24,17,17,0,0.80,0.80,0.80,28.60,17,17,0,0.18,0.10,0.20,29.11,17,17,0,0.79,0.70,0.80,29.04,17,17,0,794.23,781.20,812.00,24.39,17,0,0
1278417,0.35,0.30,0.40,30.53,17,17,0,0.03,0.00,0.10,28.90,17,17,0,0.35,0.30,0.40,29.23,17,17,0,0.80,0.80,0.80,28.61,17,17,0,0.19,0.10,0.20,29.10,17,17,0,0.79,0.70,0.80,29.04,17,17,0,798.26,782.00,813.70,24.39,17,0,0
1278924,0.34,0.30,0.40,30.51,17,17,0,0.03,-0.10,0.10,28.90,17,17,0,0.32,0.30,0.40,29.24,17,17,0,0.81,0.80,0.90,28.61,17,17,0,0.19,0.10,0.20,29.11,17,17,0,0.78,0.70,0.80,29.04,17,17,0,807.26,798.70,820.30,24.40,17,0,0
1279427,0.34,0.30,0.40,30.55,17,17,0,0.01,-0.10,0.10,28.88,17,17,0,0.34,0.30,0.40,29.22,17,17,0,0.80,0.80,0.80,28.59,17,17,0,0.17,0.10,0.20,29.12,17,17,0,0.77,0.70,0.80,29.05,17,17,0,806.68,795.60,823.40,24.38,17,0,0
1279927,0.34,0.30,0.40,30.53,17,17,0,0.02,0.00,0.10,28.91,17,17,0,0.36,0.30,0.40,29.23,17,17,0,0.81,0.70,0.90,28.59,17,17,0,0.19,0.10,0.20,29.10,17,17,0,0.79,0.70,0.80,29.04,17,17,0,794.51,784.30,807.10,24.40,17,0,0
1280434,0.34,0.30,0.40,30.52,17,17,0,0.02,-0.10,0.10,28.90,17,17,0,0.34,0.30,0.40,29.24,17,17,0,0.79,0.70,0.80,28.60,17,17,0,0.18,0.10,0.20,29.12,17,17,0,0.79,0.70,0.80,29.06,17,17,0,792.93,786.10,804.20,24.40,17,0,0
1280937,0.34,0.30,0.40,30.52,17,17,0,0.02,-0.10,0.10,28.89,17,17,0,0.35,0.30,0.40,29.24,17,17,0,0.80,0.80,0.80,28.61,17,17,0,0.18,0.10,0.20,29.10,17,17,0,0.77,0.70,0.80,29.04,17,17,0,800.92,785.50,812.40,24.38,17,0,0
1281443,0.33,0.30,0.40,30.53,17,17,0,0.02,0.00,0.10,28.90,17,17,0,0.34,0.30,0.40,29.22,17,17,0,0.80,0.80,0.80,28.61,17,17,0,0.18,0.10,0.20,29.11,17,17,0,0.78,0.70,0.80,29.06,17,17,0,807.68,799.80,816.90,24.41,17,0,0
1281943,0.30,0.30,0.30,30.53,17,17,0,0.03,0.00,0.10,28.91,17,17,0,0.35,0.30,0.40,29.23,17,17,0,0.80,0.80,0.80,28.61,17,17,0,0.16,0.10,0.20,29.10,17,17,0,0.76,0.70,0.80,29.04,17,17,0,794.34,784.50,804.00,24.41,17,0,0
1282443,0.33,0.30,0.40,30.52,17,17,0,0.03,0.00,0.10,28.91,17,17,0,0.36,0.30,0.40,29.22,17,17,0,0.80,0.80,0.80,28.61,17,17,0,0.18,0.10,0.20,29.10,17,17,0,0.78,0.70,0.80,29.05,17,17,0,784.74,777.80,795.80,24.40,17,0,0
1282950,0.34,0.30,0.40,30.53,17,17,0,0.05,0.00,0.10,28.90,17,17,0,0.36,0.30,0.40,29.23,17,17,0,0.80,0.80,0.80,28.61,17,17,0,0.19,0.10,0.20,29.10,17,17,0,0.76,0.70,0.80,29.05,17,17,0,789.16,775.90,796.60,24.39,17,0,0
1283452,0.34,0.30,0.40,30.54,17,17,0,0.04,0.00,0.10,28.89,17,17,0,0.36,0.30,0.40,29.23,17,17,0,0.80,0.80,0.80,28.61,17,17,0,0.18,0.10,0.20,29.11,17,17,0,0.78,0.70,0.80,29.05,17,17,0,802.26,793.80,810.90,24.39,17,0,0
1283953,0.32,0.30,0.40,30.54,17,17,0,0.04,-0.10,0.10,28.90,17,17,0,0.39,0.30,0.40,29.23,17,17,0,0.80,0.80,0.80,28.61,17,17,0,0.18,0.10,0.20,29.11,17,17,0,0.78,0.70,0.80,29.04,17,17,0,810.87,806.30,817.80,24.40,17,0,0
1284453,0.35,0.30,0.40,30.54,17,17,0,0.02,-0.10,0.10,28.89,17,17,0,0.38,0.30,0.40,29.23,17,17,0,0.80,0.80,0.80,28.61,17,17,0,0.17,0.10,0.20,29.11,17,17,0,0.76,0.70,0.80,29.05,17,17,0,799.62,787.00,809.00,24.41,17,0,0
1284954,0.35,0.30,0.40,30.53,17,17,0,0.04,0.00,0.10,28.90,17,17,0,0.34,0.30,0.40,29.23,17,17,0,0.79,0.70,0.80,28.60,17,17,0,0.18,0.10,0.20,29.11,17,17,0,0.79,0.70,0.80,29.05,17,17,0,788.42,783.00,793.20,24.40,17,0,0
1285454,0.33,0.30,0.40,30.52,16,16,0,0.01,0.00,0.10,28.89,16,16,0,0.35,0.30,0.40,29.24,16,16,0,0.80,0.80,0.80,28.61,16,16,0,0.16,0.10,0.20,29.11,16,16,0,0.79,0.70,0.80,29.06,16,16,0,795.02,789.70,800.10,24.40,16,0,0
1285959,0.34,0.30,0.40,30.52,17,17,0,0.02,0.00,0.10,28.91,17,17,0,0.38,0.30,0.40,29.23,17,17,0,0.80,0.80,0.80,28.59,17,17,0,0.18,0.10,0.20,29.11,17,17,0,0.79,0.70,0.80,29.06,17,17,0,807.58,801.70,816.40,24.40,17,0,0
1286460,0.34,0.30,0.40,30.52,17,17,0,0.02,0.00,0.10,28.90,17,17,0,0.38,0.30,0.40,29.24,17,17,0,0.81,0.80,0.90,28.60,17,17,0,0.19,0.10,0.20,29.11,17,17,0,0.78,0.70,0.80,29.04,17,17,0,808.34,799.30,816.10,24.42,17,0,0
1286960,0.35,0.30,0.40,30.54,17,17,0,0.01,-0.10,0.10,28.90,17,17,0,0.35,0.30,0.40,29.24,17,17,0,0.80,0.70,0.90,28.62,17,17,0,0.19,0.10,0.20,29.11,17,17,0,0.78,0.70,0.80,29.03,17,17,0,793.27,789.10,799.10,24.39,17,0,0
1287472,0.31,0.30,0.40,30.53,17,17,0,0.01,-0.10,0.10,28.89,17,17,0,0.38,0.30,0.40,29.24,17,17,0,0.80,0.80,0.80,28.60,17,17,0,0.18,0.10,0.20,29.11,17,17,0,0.78,0.70,0.80,29.04,17,17,0,790.94,786.90,796.40,24.41,17,0,0
1287972,0.35,0.30,0.40,30.53,17,17,0,0.02,-0.10,0.10,28.89,17,17,0,0.37,0.30,0.40,29.24,17,17,0,0.80,0.80,0.80,28.61,17,17,0,0.18,0.10,0.20,29.11,17,17,0,0.77,0.70,0.80,29.06,17,17,0,800.51,794.70,806.60,24.41,17,0,0
1288472,0.34,0.30,0.40,30.52,16,16,0,0.00,-0.10,0.10,28.90,16,16,0,0.36,0.30,0.40,29.25,16,16,0,0.81,0.80,0.90,28.62,16,16,0,0.18,0.10,0.20,29.14,16,16,0,0.78,0.70,0.80,29.05,16,16,0,809.62,804.40,814.00,24.39,16,0,0
1288972,0.31,0.30,0.40,30.53,17,17,0,0.02,0.00,0.10,28.90,17,17,0,0.34,0.30,0.40,29.24,17,17,0,0.81,0.80,0.90,28.61,17,17,0,0.16,0.10,0.20,29.11,17,17,0,0.78,0.70,0.80,29.07,17,17,0,803.18,793.40,812.00,24.40,17,0,0
1289481,0.32,0.30,0.40,30.54,17,17,0,0.04,0.00,0.10,28.89,17,17,0,0.35,0.30,0.40,29.22,17,17,0,0.80,0.80,0.80,28.61,17,17,0,0.17,0.10,0.20,29.11,17,17,0,0.79,0.70,0.80,29.06,17,17,0,791.97,788.00,796.20,24.40,17,0,0
1289988,0.35,0.30,0.40,30.53,17,17,0,0.03,0.00,0.10,28.90,17,17,0,0.36,0.30,0.40,29.24,17,17,0,0.80,0.80,0.80,28.61,17,17,0,0.19,0.10,0.20,29.12,17,17,0,0.77,0.70,0.80,29.06,17,17,0,795.74,788.40,801.30,24.41,17,0,0
1290488,0.34,0.30,0.40,30.51,17,17,0,0.04,-0.10,0.10,28.90,17,17,0,0.36,0.30,0.40,29.24,17,17,0,0.80,0.80,0.80,28.60,17,17,0,0.16,0.10,0.20,29.13,17,17,0,0.76,0.70,0.80,29.05,17,17,0,805.53,798.70,812.40,24.40,17,0,0
1290990,0.34,0.30,0.40,30.53,17,17,0,0.01,-0.10,0.10,28.92,17,17,0,0.36,0.30,0.40,29.23,17,17,0,0.80,0.80,0.80,28.62,17,17,0,0.19,0.10,0.20,29.10,17,17,0,0.77,0.70,0.80,29.06,17,17,0,813.16,809.90,816.50,24.40,17,0,0
1291492,0.33,0.30,0.40,30.53,17,17,0,0.03,-0.10,0.10,28.90,17,17,0,0.37,0.30,0.40,29.23,17,17,0,0.80,0.80,0.80,28.60,17,17,0,0.16,0.10,0.20,29.10,17,17,0,0.79,0.70,0.80,29.06,17,17,0,801.99,795.90,811.20,24.40,17,0,0
1291994,0.32,0.30,0.40,30.52,17,17,0,0.01,-0.10,0.10,28.90,17,17,0,0.35,0.30,0.40,29.25,17,17,0,0.81,0.80,0.90,28.62,17,17,0,0.18,0.10,0.20,29.11,17,17,0,0.76,0.70,0.80,29.05,17,17,0,797.46,794.00,802.20,24.42,17,0,0
1292494,0.34,0.30,0.40,30.54,17,17,0,0.04,0.00,0.10,28.91,17,17,0,0.36,0.30,0.40,29.24,17,17,0,0.79,0.70,0.80,28.62,17,17,0,0.18,0.10,0.20,29.12,17,17,0,0.77,0.70,0.80,29.07,17,17,0,802.80,798.30,808.80,24.41,17,0,0
1292995,0.35,0.30,0.40,30.53,17,17,0,0.01,-0.10,0.10,28.90,17,17,0,0.36,0.30,0.40,29.24,17,17,0,0.80,0.80,0.80,28.62,17,17,0,0.17,0.10,0.20,29.11,17,17,0,0.78,0.70,0.80,29.05,17,17,0,812.20,804.90,816.00,24.41,17,0,0
1293500,0.36,0.30,0.40,30.52,17,17,0,0.00,-0.10,0.10,28.90,17,17,0,0.36,0.30,0.40,29.24,17,17,0,0.80,0.80,0.80,28.61,17,17,0,0.16,0.10,0.20,29.12,17,17,0,0.76,0.70,0.80,29.05,17,17,0,811.79,806.80,816.00,24.42,17,0,0
1294002,0.34,0.30,0.40,30.54,17,17,0,0.01,-0.10,0.10,28.92,17,17,0,0.37,0.30,0.40,29.25,17,17,0,0.80,0.70,0.90,28.62,17,17,0,0.19,0.10,0.20,29.12,17,17,0,0.78,0.70,0.80,29.05,17,17,0,803.54,800.20,807.70,24.40,17,0,0
1294509,0.34,0.30,0.40,30.52,17,17,0,0.02,0.00,0.10,28.90,17,17,0,0.35,0.30,0.40,29.24,17,17,0,0.80,0.80,0.80,28.62,17,17,0,0.18,0.10,0.20,29.10,17,17,0,0.78,0.70,0.80,29.05,17,17,0,804.78,800.40,809.00,24.40,17,0,0
1295012,0.34,0.30,0.40,30.54,17,17,0,0.01,-0.10,0.10,28.90,17,17,0,0.36,0.30,0.40,29.23,17,17,0,0.79,0.70,0.80,28.60,17,17,0,0.19,0.10,0.20,29.11,17,17,0,0.76,0.70,0.80,29.06,17,17,0,810.97,806.40,815.50,24.43,17,0,0
1295519,0.34,0.30,0.40,30.56,17,17,0,0.04,-0.10,0.10,28.91,17,17,0,0.34,0.30,0.40,29.22,17,17,0,0.80,0.80,0.80,28.61,17,17,0,0.19,0.10,0.20,29.13,17,17,0,0.78,0.70,0.80,29.05,17,17,0,818.69,811.00,822.00,24.42,17,0,0
1296022,0.33,0.30,0.40,30.54,17,17,0,0.00,-0.10,0.10,28.90,17,17,0,0.38,0.30,0.40,29.22,17,17,0,0.80,0.80,0.80,28.62,17,17,0,0.18,0.10,0.20,29.11,17,17,0,0.78,0.70,0.80,29.04,17,17,0,817.18,812.40,821.80,24.42,17,0,0
1296525,0.34,0.30,0.40,30.54,17,17,0,0.02,0.00,0.10,28.91,17,17,0,0.38,0.30,0.40,29.23,17,17,0,0.79,0.70,0.80,28.62,17,17,0,0.18,0.10,0.20,29.12,17,17,0,0.78,0.70,0.80,29.07,17,17,0,816.31,811.30,821.10,24.40,17,0,0
1297026,0.33,0.30,0.40,30.53,17,17,0,0.02,0.00,0.10,28.91,17,17,0,0.34,0.30,0.40,29.23,17,17,0,0.79,0.70,0.80,28.62,17,17,0,0.18,0.10,0.20,29.11,17,17,0,0.79,0.70,0.80,29.03,17,17,0,822.55,817.70,826.70,24.42,17,0,0
1297534,0.32,0.30,0.40,30.54,17,17,0,0.02,-0.10,0.10,28.92,17,17,0,0.36,0.30,0.40,29.24,17,17,0,0.79,0.70,0.80,28.62,17,17,0,0.18,0.10,0.20,29.10,17,17,0,0.78,0.70,0.80,29.05,17,17,0,830.79,825.50,838.40,24.41,17,0,0
1298042,0.34,0.30,0.40,30.53,17,17,0,0.04,0.00,0.10,28.91,17,17,0,0.36,0.30,0.40,29.23,17,17,0,0.80,0.80,0.80,28.61,17,17,0,0.18,0.10,0.20,29.13,17,17,0,0.78,0.70,0.80,29.06,17,17,0,833.65,826.70,837.10,24.41,17,0,0
1298542,0.32,0.30,0.40,30.53,17,17,0,0.02,-0.10,0.10,28.91,17,17,0,0.36,0.30,0.40,29.23,17,17,0,0.80,0.80,0.80,28.61,17,17,0,0.18,0.10,0.20,29.11,17,17,0,0.79,0.70,0.80,29.06,17,17,0,830.79,826.50,838.70,24.41,17,0,0
1299044,0.36,0.30,0.40,30.54,17,17,0,0.02,-0.10,0.10,28.91,17,17,0,0.39,0.30,0.40,29.23,17,17,0,0.79,0.70,0.80,28.61,17,17,0,0.19,0.10,0.20,29.10,17,17,0,0.76,0.70,0.80,29.04,17,17,0,830.28,824.00,835.50,24.42,17,0,0
1299548,0.33,0.30,0.40,30.53,17,17,0,0.03,-0.10,0.10,28.91,17,17,0,0.36,0.30,0.40,29.23,17,17,0,0.80,0.80,0.80,28.62,17,17,0,0.17,0.10,0.20,29.13,17,17,0,0.76,0.70,0.80,29.05,17,17,0,836.50,831.90,840.30,24.42,17,0,0
1300054,0.34,0.30,0.40,30.53,17,17,0,0.03,-0.10,0.10,28.91,17,17,0,0.36,0.30,0.40,29.24,17,17,0,0.80,0.80,0.80,28.64,17,17,0,0.17,0.10,0.20,29.13,17,17,0,0.76,0.70,0.80,29.06,17,17,0,842.79,837.00,849.80,24.42,17,0,0
1300555,0.33,0.30,0.40,30.55,17,17,0,0.03,0.00,0.10,28.90,17,17,0,0.37,0.30,0.40,29.20,17,17,0,0.80,0.80,0.80,28.63,17,17,0,0.18,0.10,0.30,29.12,17,17,0,0.77,0.70,0.80,29.05,17,17,0,843.64,839.20,847.10,24.43,17,0,0
1301055,0.32,0.30,0.40,30.53,17,17,0,0.01,-0.10,0.10,28.90,17,17,0,0.38,0.30,0.40,29.23,17,17,0,0.81,0.80,0.90,28.60,17,17,0,0.18,0.10,0.20,29.11,17,17,0,0.77,0.70,0.80,29.06,17,17,0,840.82,835.20,843.70,24.43,17,0,0
1301557,0.33,0.30,0.40,30.54,17,17,0,0.00,-0.10,0.10,28.90,17,17,0,0.36,0.30,0.40,29.24,17,17,0,0.80,0.80,0.80,28.63,17,17,0,0.18,0.10,0.20,29.12,17,17,0,0.76,0.70,0.80,29.06,17,17,0,845.01,840.80,849.40,24.44,17,0,0
1302057,0.34,0.30,0.40,30.54,17,17,0,0.04,0.00,0.10,28.91,17,17,0,0.35,0.30,0.40,29.23,17,17,0,0.80,0.70,0.90,28.61,17,17,0,0.19,0.10,0.20,29.13,17,17,0,0.78,0.70,0.80,29.07,17,17,0,850.28,846.50,853.20,24.42,17,0,0
1302557,0.34,0.30,0.40,30.54,17,17,0,0.03,-0.10,0.10,28.89,17,17,0,0.38,0.30,0.40,29.24,17,17,0,0.81,0.80,0.90,28.62,17,17,0,0.18,0.10,0.20,29.14,17,17,0,0.78,0.70,0.80,29.06,17,17,0,855.55,851.80,858.70,24.40,17,0,0
1303057,0.35,0.30,0.40,30.53,17,17,0,0.04,0.00,0.10,28.91,17,17,0,0.36,0.30,0.40,29.24,17,17,0,0.81,0.80,0.90,28.62,17,17,0,0.18,0.10,0.20,29.14,17,17,0,0.77,0.70,0.80,29.05,17,17,0,853.07,850.20,857.20,24.43,17,0,0
1303557,0.32,0.30,0.40,30.54,17,17,0,0.02,-0.10,0.10,28.89,17,17,0,0.37,0.30,0.40,29.22,17,17,0,0.79,0.70,0.80,28.62,17,17,0,0.18,0.10,0.20,29.12,17,17,0,0.75,0.70,0.80,29.06,17,17,0,849.67,847.00,852.30,24.43,17,0,0
1304057,0.36,0.30,0.40,30.53,17,17,0,0.04,0.00,0.10,28.92,17,17,0,0.37,0.30,0.40,29.23,17,17,0,0.80,0.80,0.80,28.63,17,17,0,0.18,0.10,0.20,29.12,17,17,0,0.78,0.70,0.80,29.07,17,17,0,851.69,846.90,856.60,24.43,17,0,0
1304560,0.34,0.30,0.40,30.54,17,17,0,0.01,-0.10,0.10,28.90,17,17,0,0.36,0.30,0.40,29.25,17,17,0,0.80,0.80,0.80,28.62,17,17,0,0.19,0.10,0.30,29.14,17,17,0,0.78,0.70,0.80,29.05,17,17,0,853.95,850.10,859.10,24.43,17,0,0
1305067,0.34,0.30,0.40,30.54,17,17,0,0.02,0.00,0.10,28.92,17,17,0,0.39,0.30,0.40,29.23,17,17,0,0.80,0.80,0.80,28.62,17,17,0,0.18,0.10,0.20,29.13,17,17,0,0.78,0.70,0.80,29.06,17,17,0,857.06,853.80,862.20,24.43,17,0,0
1305567,0.35,0.30,0.40,30.54,17,17,0,0.02,-0.10,0.10,28.91,17,17,0,0.38,0.30,0.40,29.23,17,17,0,0.80,0.80,0.80,28.61,17,17,0,0.18,0.10,0.20,29.11,17,17,0,0.78,0.70,0.80,29.06,17,17,0,851.39,845.30,856.40,24.44,17,0,0
1306067,0.34,0.30,0.40,30.55,17,17,0,0.01,-0.10,0.10,28.90,17,17,0,0.36,0.30,0.40,29.23,17,17,0,0.80,0.80,0.80,28.63,17,17,0,0.17,0.10,0.20,29.12,17,17,0,0.79,0.70,0.80,29.06,17,17,0,842.25,837.30,844.40,24.44,17,0,0
1306568,0.34,0.30,0.40,30.53,17,17,0,0.01,-0.10,0.10,28.91,17,17,0,0.39,0.30,0.40,29.24,17,17,0,0.80,0.80,0.80,28.61,17,17,0,0.18,0.10,0.20,29.11,17,17,0,0.79,0.70,0.80,29.07,17,17,0,822.47,664.40,853.60,24.45,17,0,0
1307069,0.32,0.30,0.40,30.54,17,17,0,0.04,0.00,0.10,28.90,17,17,0,0.39,0.30,0.40,29.24,17,17,0,0.80,0.80,0.80,28.62,17,17,0,0.18,0.10,0.20,29.13,17,17,0,0.78,0.70,0.80,29.06,17,17,0,454.91,389.00,578.10,24.51,17,0,0
1307569,0.33,0.30,0.40,30.54,16,16,0,0.03,-0.10,0.10,28.90,16,16,0,0.39,0.30,0.40,29.24,16,16,0,0.80,0.80,0.80,28.62,16,16,0,0.19,0.10,0.20,29.12,16,16,0,0.77,0.70,0.80,29.06,16,16,0,330.04,299.10,371.50,24.60,16,0,0
1308069,0.35,0.30,0.40,30.54,17,17,0,-0.01,-0.10,0.10,28.89,17,17,0,0.37,0.30,0.40,29.24,17,17,0,0.80,0.80,0.80,28.62,17,17,0,0.18,0.10,0.20,29.13,17,17,0,0.79,0.70,0.80,29.07,17,17,0,261.48,241.60,290.10,24.68,17,0,0
1308569,0.32,0.30,0.40,30.54,17,17,0,0.02,-0.10,0.10,28.90,17,17,0,0.36,0.30,0.40,29.24,17,17,0,0.81,0.80,0.90,28.61,17,17,0,0.18,0.10,0.20,29.12,17,17,0,0.76,0.70,0.80,29.05,17,17,0,214.14,199.30,232.60,24.75,17,0,0
1309069,0.33,0.30,0.40,30.53,16,16,0,0.01,-0.10,0.10,28.89,16,16,0,0.36,0.30,0.40,29.23,16,16,0,0.80,0.80,0.80,28.61,16,16,0,0.19,0.10,0.20,29.12,16,16,0,0.77,0.70,0.80,29.06,16,16,0,181.16,171.00,193.70,24.81,16,0,0
1309569,0.33,0.30,0.40,30.55,17,17,0,0.04,-0.10,0.10,28.90,17,17,0,0.36,0.30,0.40,29.24,17,17,0,0.80,0.80,0.80,28.62,17,17,0,0.18,0.10,0.20,29.12,17,17,0,0.76,0.70,0.80,29.05,17,17,0,157.12,145.60,168.10,24.87,17,0,0
1310070,0.34,0.30,0.40,30.55,17,17,0,0.02,-0.10,0.10,28.88,17,17,0,0.36,0.30,0.40,29.23,17,17,0,0.80,0.80,0.80,28.63,17,17,0,0.18,0.10,0.20,29.12,17,17,0,0.79,0.70,0.90,29.07,17,17,0,138.12,132.10,148.70,24.95,17,0,0
1310570,0.33,0.30,0.40,30.52,17,17,0,0.01,-0.10,0.10,28.91,17,17,0,0.37,0.30,0.40,29.24,17,17,0,0.80,0.80,0.80,28.64,17,17,0,0.18,0.10,0.20,29.12,17,17,0,0.76,0.70,0.80,29.05,17,17,0,123.13,117.80,130.10,24.97,17,0,0
1311071,0.33,0.30,0.40,30.54,17,17,0,0.02,-0.10,0.10,28.90,17,17,0,0.38,0.30,0.40,29.25,17,17,0,0.81,0.80,0.90,28.62,17,17,0,0.18,0.10,0.20,29.12,17,17,0,0.78,0.70,0.80,29.05,17,17,0,109.80,102.40,115.80,25.07,17,0,0
1311571,0.35,0.30,0.40,30.54,17,17,0,0.04,-0.10,0.10,28.90,17,17,0,0.35,0.30,0.40,29.23,17,17,0,0.81,0.80,0.90,28.62,17,17,0,0.19,0.10,0.20,29.13,17,17,0,0.78,0.70,0.80,29.07,17,17,0,99.16,94.00,105.30,25.12,17,0,0
1312077,0.34,0.30,0.40,30.55,17,17,0,0.02,-0.10,0.10,28.91,17,17,0,0.36,0.30,0.40,29.23,17,17,0,0.82,0.80,0.90,28.62,17,17,0,0.15,0.10,0.20,29.12,17,17,0,0.76,0.70,0.80,29.06,17,17,0,90.85,87.90,95.10,25.17,17,0,0
1312579,0.34,0.30,0.40,30.54,17,17,0,0.02,0.00,0.10,28.91,17,17,0,0.36,0.30,0.40,29.23,17,17,0,0.80,0.80,0.80,28.63,17,17,0,0.19,0.10,0.20,29.13,17,17,0,0.76,0.70,0.80,29.05,17,17,0,82.98,79.50,86.60,25.22,17,0,0
1313079,0.36,0.30,0.40,30.55,17,17,0,0.02,-0.10,0.10,28.91,17,17,0,0.38,0.30,0.40,29.24,17,17,0,0.80,0.80,0.80,28.62,17,17,0,0.18,0.10,0.20,29.12,17,17,0,0.79,0.70,0.80,29.07,17,17,0,77.58,74.00,81.70,25.27,17,0,0
1313589,0.35,0.30,0.40,30.54,17,17,0,0.02,-0.10,0.10,28.89,17,17,0,0.36,0.30,0.40,29.24,17,17,0,0.80,0.80,0.80,28.61,17,17,0,0.18,0.10,0.20,29.14,17,17,0,0.78,0.70,0.80,29.05,17,17,0,72.02,69.40,75.50,25.31,17,0,0
1314089,0.35,0.30,0.40,30.55,17,17,0,0.05,0.00,0.10,28.90,17,17,0,0.38,0.30,0.40,29.24,17,17,0,0.80,0.80,0.80,28.63,17,17,0,0.20,0.20,0.20,29.13,17,17,0,0.79,0.70,0.80,29.06,17,17,0,67.07,64.40,69.30,25.36,17,0,0
1314594,0.35,0.30,0.40,30.55,17,17,0,0.04,0.00,0.10,28.90,17,17,0,0.36,0.30,0.40,29.24,17,17,0,0.80,0.80,0.80,28.63,17,17,0,0.18,0.10,0.20,29.13,17,17,0,0.78,0.70,0.80,29.06,17,17,0,62.06,58.90,64.90,25.39,17,0,0
1315096,0.32,0.30,0.40,30.54,17,17,0,0.01,0.00,0.10,28.91,17,17,0,0.36,0.30,0.40,29.24,17,17,0,0.80,0.80,0.80,28.64,17,17,0,0.16,0.10,0.20,29.12,17,17,0,0.76,0.70,0.80,29.07,17,17,0,58.40,54.40,63.30,25.45,17,0,0
1315606,0.33,0.30,0.40,30.54,17,17,0,0.00,-0.10,0.10,28.90,17,17,0,0.38,0.30,0.40,29.24,17,17,0,0.81,0.80,0.90,28.62,17,17,0,0.18,0.10,0.20,29.12,17,17,0,0.79,0.70,0.80,29.06,17,17,0,53.51,29.20,83.80,25.50,17,0,0
1316106,0.35,0.30,0.40,30.54,17,17,0,0.04,0.00,0.10,28.91,17,17,0,0.39,0.30,0.40,29.23,17,17,0,0.80,0.80,0.80,28.64,17,17,0,0.19,0.10,0.20,29.14,17,17,0,0.78,0.70,0.80,29.07,17,17,0,51.17,44.20,56.50,25.55,17,0,0
1316606,0.35,0.30,0.40,30.55,17,17,0,-0.01,-0.10,0.10,28.90,17,17,0,0.36,0.30,0.40,29.24,17,17,0,0.80,0.80,0.80,28.63,17,17,0,0.18,0.10,0.20,29.13,17,17,0,0.76,0.70,0.80,29.07,17,17,0,48.93,44.40,55.50,25.59,17,0,0
1317118,0.33,0.30,0.40,30.55,17,17,0,0.03,-0.10,0.10,28.92,17,17,0,0.36,0.30,0.40,29.25,17,17,0,0.80,0.80,0.80,28.62,17,17,0,0.18,0.10,0.20,29.13,17,17,0,0.76,0.70,0.80,29.05,17,17,0,47.39,43.60,51.70,25.63,17,0,0
1317631,0.33,0.30,0.40,30.55,17,17,0,0.02,0.00,0.10,28.92,17,17,0,0.36,0.30,0.40,29.25,17,17,0,0.81,0.80,0.90,28.62,17,17,0,0.18,0.10,0.20,29.12,17,17,0,0.78,0.70,0.80,29.05,17,17,0,45.00,41.30,51.80,25.65,17,0,0
1318132,0.35,0.30,0.40,30.54,17,17,0,0.02,-0.10,0.10,28.90,17,17,0,0.38,0.30,0.40,29.24,17,17,0,0.80,0.80,0.80,28.62,17,17,0,0.19,0.10,0.20,29.14,17,17,0,0.76,0.70,0.80,29.06,17,17,0,43.06,39.10,47.10,25.70,17,0,0
1318632,0.33,0.30,0.40,30.54,17,17,0,0.01,-0.10,0.10,28.92,17,17,0,0.36,0.30,0.40,29.24,17,17,0,0.81,0.80,0.90,28.64,17,17,0,0.16,0.10,0.20,29.14,17,17,0,0.78,0.70,0.80,29.06,17,17,0,40.90,37.10,45.20,25.74,17,0,0
1319132,0.34,0.30,0.40,30.56,17,17,0,0.06,0.00,0.10,28.90,17,17,0,0.34,0.30,0.40,29.23,17,17,0,0.80,0.80,0.80,28.64,17,17,0,0.19,0.10,0.20,29.14,17,17,0,0.77,0.70,0.80,29.06,17,17,0,38.36,34.40,42.80,25.79,17,0,0
1319644,0.33,0.30,0.40,30.55,17,17,0,0.02,-0.10,0.10,28.90,17,17,0,0.36,0.30,0.40,29.25,17,17,0,0.80,0.80,0.80,28.63,17,17,0,0.18,0.10,0.20,29.13,17,17,0,0.78,0.70,0.80,29.07,17,17,0,36.73,33.40,38.90,25.83,17,0,0
1320154,0.32,0.30,0.40,30.54,17,17,0,0.01,-0.10,0.10,28.90,17,17,0,0.36,0.30,0.40,29.24,17,17,0,0.80,0.80,0.80,28.64,17,17,0,0.18,0.10,0.20,29.14,17,17,0,0.79,0.70,0.80,29.06,17,17,0,35.54,33.70,38.10,25.87,17,0,0
1320654,0.34,0.30,0.40,30.55,17,17,0,0.02,-0.10,0.10,28.92,17,17,0,0.38,0.30,0.40,29.24,17,17,0,0.81,0.80,0.90,28.64,17,17,0,0.18,0.10,0.20,29.14,17,17,0,0.77,0.70,0.80,29.07,17,17,0,33.92,32.20,35.90,25.91,17,0,0
1321154,0.36,0.30,0.40,30.55,17,17,0,0.04,0.00,0.10,28.91,17,17,0,0.36,0.30,0.40,29.24,17,17,0,0.80,0.80,0.80,28.63,17,17,0,0.18,0.10,0.20,29.12,17,17,0,0.78,0.70,0.80,29.06,17,17,0,32.49,31.30,33.60,25.93,17,0,0
1321664,0.32,0.30,0.40,30.56,17,17,0,0.02,0.00,0.10,28.91,17,17,0,0.36,0.30,0.40,29.24,17,17,0,0.79,0.70,0.80,28.63,17,17,0,0.19,0.10,0.20,29.14,17,17,0,0.77,0.70,0.80,29.04,17,17,0,31.23,30.10,32.70,25.98,17,0,0
1322166,0.34,0.30,0.40,30.54,17,17,0,0.02,0.00,0.10,28.89,17,17,0,0.35,0.30,0.40,29.24,17,17,0,0.80,0.80,0.80,28.64,17,17,0,0.18,0.10,0.20,29.13,17,17,0,0.78,0.70,0.80,29.06,17,17,0,30.14,28.90,31.50,25.99,17,0,0
1322666,0.35,0.30,0.40,30.54,17,17,0,0.02,-0.10,0.10,28.91,17,17,0,0.38,0.30,0.40,29.23,17,17,0,0.80,0.80,0.80,28.63,17,17,0,0.17,0.10,0.20,29.13,17,17,0,0.76,0.70,0.80,29.08,17,17,0,28.71,27.40,29.90,26.04,17,0,0
1323171,0.34,0.30,0.40,30.55,17,17,0,0.01,-0.10,0.10,28.91,17,17,0,0.39,0.30,0.40,29.24,17,17,0,0.80,0.80,0.80,28.63,17,17,0,0.18,0.10,0.20,29.12,17,17,0,0.79,0.70,0.80,29.06,17,17,0,27.14,25.90,28.50,26.07,17,0,0
1323671,0.34,0.30,0.40,30.55,17,17,0,0.01,-0.10,0.10,28.90,17,17,0,0.36,0.30,0.40,29.24,17,17,0,0.80,0.80,0.80,28.63,17,17,0,0.19,0.10,0.20,29.13,17,17,0,0.77,0.70,0.80,29.06,17,17,0,23.76,22.80,25.00,26.11,17,0,0
1324171,0.34,0.30,0.40,30.56,17,17,0,0.02,-0.10,0.10,28.92,17,17,0,0.38,0.30,0.40,29.24,17,17,0,0.80,0.80,0.80,28.64,17,17,0,0.19,0.10,0.20,29.13,17,17,0,0.76,0.70,0.80,29.05,17,17,0,24.31,23.60,25.10,26.13,17,0,0
1324671,0.34,0.30,0.40,30.54,17,17,0,0.02,-0.10,0.10,28.94,17,17,0,0.36,0.30,0.40,29.23,17,17,0,0.81,0.80,0.90,28.64,17,17,0,0.18,0.10,0.20,29.12,17,17,0,0.77,0.70,0.80,29.09,17,17,0,24.03,23.30,24.50,26.16,17,0,0
1325171,0.35,0.30,0.40,30.56,17,17,0,0.05,-0.10,0.10,28.88,17,17,0,0.37,0.30,0.40,29.23,17,17,0,0.80,0.80,0.80,28.64,17,17,0,0.18,0.10,0.20,29.14,17,17,0,0.78,0.70,0.80,29.05,17,17,0,22.89,21.60,23.90,26.19,17,0,0
1325675,0.32,0.30,0.40,30.54,17,17,0,0.04,0.00,0.10,28.91,17,17,0,0.39,0.30,0.40,29.25,17,17,0,0.81,0.80,0.90,28.65,17,17,0,0.19,0.10,0.20,29.13,17,17,0,0.78,0.70,0.80,29.07,17,17,0,20.68,20.10,21.30,26.24,17,0,0
1326175,0.35,0.30,0.40,30.56,17,17,0,0.02,-0.10,0.10,28.89,17,17,0,0.36,0.30,0.40,29.25,17,17,0,0.80,0.80,0.80,28.64,17,17,0,0.19,0.10,0.20,29.12,17,17,0,0.79,0.70,0.80,29.07,17,17,0,20.94,20.40,21.50,26.26,17,0,0
1326675,0.32,0.30,0.40,30.56,16,16,0,0.04,-0.10,0.10,28.93,16,16,0,0.38,0.30,0.40,29.23,16,16,0,0.80,0.80,0.80,28.62,16,16,0,0.18,0.10,0.20,29.15,16,16,0,0.76,0.70,0.80,29.07,16,16,0,20.88,20.40,21.50,26.29,16,0,0
1327175,0.35,0.30,0.40,30.55,17,17,0,0.01,-0.10,0.10,28.92,17,17,0,0.39,0.30,0.40,29.25,17,17,0,0.80,0.80,0.80,28.63,17,17,0,0.18,0.10,0.20,29.13,17,17,0,0.77,0.70,0.80,29.07,17,17,0,20.82,20.00,21.50,26.31,17,0,0
1327686,0.35,0.30,0.40,30.55,17,17,0,0.04,0.00,0.10,28.92,17,17,0,0.38,0.30,0.40,29.24,17,17,0,0.81,0.80,0.90,28.63,17,17,0,0.19,0.10,0.20,29.14,17,17,0,0.76,0.70,0.80,29.07,17,17,0,21.04,20.40,22.00,26.32,17,0,0
1328186,0.35,0.30,0.40,30.55,17,17,0,0.01,-0.10,0.10,28.92,17,17,0,0.36,0.30,0.40,29.24,17,17,0,0.80,0.80,0.80,28.64,17,17,0,0.18,0.10,0.20,29.15,17,17,0,0.78,0.70,0.80,29.07,17,17,0,21.66,20.60,22.70,26.34,17,0,0
1328686,0.34,0.30,0.40,30.55,17,17,0,0.01,-0.10,0.10,28.91,17,17,0,0.37,0.30,0.40,29.24,17,17,0,0.81,0.80,0.90,28.63,17,17,0,0.17,0.10,0.20,29.13,17,17,0,0.76,0.70,0.80,29.08,17,17,0,22.13,21.20,23.00,26.35,17,0,0
1329186,0.34,0.30,0.40,30.56,17,17,0,0.03,0.00,0.10,28.91,17,17,0,0.36,0.30,0.40,29.24,17,17,0,0.80,0.80,0.80,28.64,17,17,0,0.18,0.10,0.20,29.14,17,17,0,0.77,0.70,0.80,29.06,17,17,0,21.06,20.40,22.40,26.36,17,0,0
1329686,0.35,0.30,0.40,30.54,17,17,0,0.01,-0.10,0.10,28.91,17,17,0,0.37,0.30,0.40,29.24,17,17,0,0.80,0.80,0.80,28.64,17,17,0,0.18,0.10,0.20,29.15,17,17,0,0.79,0.70,0.80,29.08,17,17,0,19.57,17.50,21.00,26.40,17,0,0
1330186,0.35,0.30,0.40,30.55,17,17,0,0.02,-0.10,0.10,28.91,17,17,0,0.37,0.30,0.40,29.23,17,17,0,0.81,0.80,0.90,28.65,17,17,0,0.19,0.10,0.20,29.14,17,17,0,0.78,0.70,0.80,29.08,17,17,0,18.03,16.70,19.60,26.43,17,0,0
1330686,0.35,0.30,0.40,30.55,17,17,0,0.02,0.00,0.10,28.92,17,17,0,0.36,0.30,0.40,29.24,17,17,0,0.81,0.80,0.90,28.65,17,17,0,0.18,0.10,0.20,29.15,17,17,0,0.76,0.70,0.80,29.08,17,17,0,16.75,15.90,17.60,26.45,17,0,0
1331186,0.33,0.30,0.40,30.55,17,17,0,0.01,-0.10,0.10,28.91,17,17,0,0.36,0.30,0.40,29.24,17,17,0,0.80,0.80,0.80,28.65,17,17,0,0.19,0.10,0.30,29.15,17,17,0,0.78,0.70,0.80,29.08,17,17,0,15.79,14.80,17.40,26.47,17,0,0
1331686,0.34,0.30,0.40,30.55,17,17,0,0.04,0.00,0.10,28.92,17,17,0,0.38,0.30,0.40,29.24,17,17,0,0.80,0.80,0.80,28.64,17,17,0,0.19,0.10,0.20,29.15,17,17,0,0.76,0.70,0.80,29.08,17,17,0,14.85,13.60,15.80,26.49,17,0,0
1332186,0.36,0.30,0.40,30.56,17,17,0,0.04,0.00,0.10,28.92,17,17,0,0.35,0.30,0.40,29.24,17,17,0,0.79,0.70,0.80,28.64,17,17,0,0.19,0.10,0.20,29.14,17,17,0,0.76,0.70,0.80,29.06,17,17,0,14.25,13.60,14.90,26.52,17,0,0
1332691,0.35,0.30,0.40,30.55,17,17,0,0.03,0.00,0.10,28.92,17,17,0,0.36,0.30,0.40,29.25,17,17,0,0.80,0.80,0.80,28.64,17,17,0,0.20,0.20,0.20,29.14,17,17,0,0.79,0.70,0.80,29.08,17,17,0,13.99,13.50,14.60,26.54,17,0,0
1333191,0.34,0.30,0.40,30.56,17,17,0,0.04,0.00,0.10,28.92,17,17,0,0.36,0.30,0.40,29.25,17,17,0,0.80,0.80,0.80,28.65,17,17,0,0.17,0.10,0.30,29.14,17,17,0,0.78,0.70,0.80,29.07,17,17,0,14.74,8.40,25.20,26.57,17,0,0
1333691,0.35,0.30,0.40,30.56,17,17,0,0.03,-0.10,0.10,28.92,17,17,0,0.38,0.30,0.40,29.25,17,17,0,0.80,0.80,0.80,28.64,17,17,0,0.19,0.10,0.20,29.15,17,17,0,0.78,0.70,0.80,29.07,17,17,0,14.46,6.90,27.40,26.56,17,0,0
1334191,0.32,0.30,0.40,30.55,17,17,0,0.02,-0.10,0.10,28.92,17,17,0,0.38,0.30,0.40,29.24,17,17,0,0.81,0.80,0.90,28.65,17,17,0,0.19,0.10,0.20,29.13,17,17,0,0.79,0.70,0.80,29.09,17,17,0,12.76,9.30,18.00,26.58,17,0,0
1334691,0.34,0.30,0.40,30.56,17,17,0,0.02,0.00,0.10,28.91,17,17,0,0.36,0.30,0.40,29.23,17,17,0,0.80,0.80,0.80,28.64,17,17,0,0.18,0.10,0.20,29.15,17,17,0,0.79,0.70,0.80,29.07,17,17,0,12.81,10.40,15.50,26.61,17,0,0
1335191,0.35,0.30,0.40,30.56,17,17,0,-0.01,-0.10,0.10,28.92,17,17,0,0.36,0.30,0.40,29.24,17,17,0,0.80,0.80,0.80,28.64,17,17,0,0.19,0.10,0.20,29.15,17,17,0,0.78,0.70,0.80,29.07,17,17,0,11.79,9.70,14.40,26.63,17,0,0
1335695,0.34,0.30,0.40,30.56,17,17,0,0.02,-0.10,0.10,28.91,17,17,0,0.37,0.30,0.40,29.23,17,17,0,0.80,0.80,0.80,28.64,17,17,0,0.19,0.10,0.20,29.15,17,17,0,0.79,0.70,0.80,29.08,17,17,0,11.07,9.30,14.00,26.64,17,0,0
1336202,0.32,0.30,0.40,30.56,17,17,0,0.04,0.00,0.10,28.91,17,17,0,0.36,0.30,0.40,29.23,17,17,0,0.81,0.80,0.90,28.65,17,17,0,0.20,0.20,0.20,29.15,17,17,0,0.76,0.70,0.80,29.06,17,17,0,10.32,0.10,23.00,26.67,17,0,0
1336702,0.34,0.30,0.40,30.55,17,17,0,0.02,-0.10,0.10,28.92,17,17,0,0.38,0.30,0.40,29.24,17,17,0,0.80,0.80,0.80,28.64,17,17,0,0.19,0.10,0.20,29.13,17,17,0,0.77,0.70,0.80,29.08,17,17,0,10.16,7.10,13.60,26.71,17,0,0
1337202,0.36,0.30,0.40,30.55,17,17,0,0.01,-0.10,0.10,28.90,17,17,0,0.38,0.30,0.40,29.24,17,17,0,0.81,0.80,0.90,28.65,17,17,0,0.19,0.10,0.20,29.14,17,17,0,0.80,0.80,0.80,29.07,17,17,0,10.06,7.10,12.80,26.70,17,0,0
1337704,0.35,0.30,0.40,30.55,17,17,0,0.02,0.00,0.10,28.91,17,17,0,0.38,0.30,0.40,29.23,17,17,0,0.80,0.80,0.80,28.64,17,17,0,0.19,0.10,0.20,29.14,17,17,0,0.78,0.70,0.80,29.08,17,17,0,9.55,7.40,11.80,26.70,17,0,0
1338205,0.36,0.30,0.40,30.55,17,17,0,0.04,0.00,0.10,28.91,17,17,0,0.36,0.30,0.40,29.24,17,17,0,0.80,0.80,0.80,28.64,17,17,0,0.17,0.10,0.20,29.13,17,17,0,0.79,0.70,0.80,29.07,17,17,0,9.49,7.30,11.30,26.75,17,0,0
1338705,0.34,0.30,0.40,30.56,17,17,0,0.02,0.00,0.10,28.91,17,17,0,0.38,0.30,0.40,29.24,17,17,0,0.81,0.80,0.90,28.64,17,17,0,0.19,0.10,0.20,29.15,17,17,0,0.77,0.70,0.80,29.06,17,17,0,9.52,7.60,10.80,26.78,17,0,0
1339205,0.34,0.30,0.40,30.56,17,17,0,-0.01,-0.10,0.10,28.91,17,17,0,0.38,0.30,0.40,29.26,17,17,0,0.80,0.80,0.80,28.64,17,17,0,0.18,0.10,0.20,29.13,17,17,0,0.76,0.70,0.80,29.09,17,17,0,9.26,7.20,11.00,26.76,17,0,0
1339710,0.35,0.30,0.40,30.54,17,17,0,0.01,0.00,0.10,28.92,17,17,0,0.37,0.30,0.40,29.25,17,17,0,0.81,0.80,0.90,28.65,17,17,0,0.18,0.10,0.20,29.14,17,17,0,0.76,0.70,0.80,29.08,17,17,0,9.28,7.30,11.30,26.80,17,0,0
1340210,0.34,0.30,0.40,30.55,17,17,0,0.04,-0.10,0.10,28.90,17,17,0,0.36,0.30,0.40,29.25,17,17,0,0.80,0.80,0.80,28.63,17,17,0,0.18,0.10,0.20,29.15,17,17,0,0.78,0.70,0.80,29.08,17,17,0,9.38,8.00,10.60,26.80,17,0,0
1340710,0.32,0.30,0.40,30.57,17,17,0,0.04,0.00,0.10,28.92,17,17,0,0.37,0.30,0.40,29.25,17,17,0,0.80,0.80,0.80,28.65,17,17,0,0.18,0.10,0.20,29.14,17,17,0,0.78,0.70,0.80,29.08,17,17,0,9.34,8.20,10.50,26.81,17,0,0
1341210,0.32,0.30,0.40,30.55,17,17,0,0.01,-0.10,0.10,28.92,17,17,0,0.39,0.30,0.40,29.24,17,17,0,0.80,0.80,0.80,28.63,17,17,0,0.19,0.10,0.20,29.14,17,17,0,0.78,0.70,0.80,29.08,17,17,0,9.14,8.10,10.30,26.83,17,0,0
1341710,0.34,0.30,0.40,30.57,17,17,0,0.03,-0.10,0.10,28.92,17,17,0,0.38,0.30,0.40,29.25,17,17,0,0.80,0.80,0.80,28.64,17,17,0,0.17,0.10,0.20,29.16,17,17,0,0.79,0.70,0.80,29.05,17,17,0,8.86,7.80,9.80,26.83,17,0,0
1342210,0.35,0.30,0.40,30.55,17,17,0,0.04,0.00,0.10,28.91,17,17,0,0.38,0.30,0.40,29.24,17,17,0,0.80,0.80,0.80,28.64,17,17,0,0.19,0.10,0.20,29.15,17,17,0,0.79,0.70,0.80,29.08,17,17,0,8.56,7.50,9.40,26.86,17,0,0
1342710,0.32,0.30,0.40,30.55,17,17,0,0.05,-0.10,0.10,28.93,17,17,0,0.38,0.30,0.40,29.23,17,17,0,0.79,0.70,0.80,28.63,17,17,0,0.19,0.10,0.20,29.17,17,17,0,0.78,0.70,0.80,29.08,17,17,0,8.16,7.40,8.90,26.88,17,0,0
1343216,0.35,0.30,0.40,30.55,17,17,0,0.05,-0.10,0.10,28.92,17,17,0,0.39,0.30,0.40,29.25,17,17,0,0.80,0.80,0.80,28.63,17,17,0,0.19,0.10,0.20,29.15,17,17,0,0.78,0.70,0.80,29.09,17,17,0,7.55,6.80,8.30,26.88,17,0,0
1343726,0.35,0.30,0.40,30.57,17,17,0,0.02,0.00,0.10,28.92,17,17,0,0.38,0.30,0.40,29.25,17,17,0,0.79,0.70,0.80,28.66,17,17,0,0.18,0.10,0.20,29.16,17,17,0,0.79,0.70,0.80,29.10,17,17,0,7.17,6.30,8.00,26.88,17,0,0
1344226,0.32,0.30,0.40,30.56,17,17,0,0.01,-0.10,0.10,28.90,17,17,0,0.39,0.30,0.40,29.25,17,17,0,0.81,0.80,0.90,28.64,17,17,0,0.18,0.10,0.20,29.15,17,17,0,0.79,0.70,0.80,29.08,17,17,0,6.78,6.30,7.40,26.89,17,0,0
1344730,0.32,0.30,0.40,30.56,17,17,0,0.02,0.00,0.10,28.93,17,17,0,0.36,0.30,0.40,29.24,17,17,0,0.80,0.80,0.80,28.66,17,17,0,0.20,0.10,0.30,29.14,17,17,0,0.78,0.70,0.80,29.07,17,17,0,5.98,4.10,7.00,26.93,17,0,0
1345230,0.35,0.30,0.40,30.55,17,17,0,0.02,-0.10,0.10,28.92,17,17,0,0.39,0.30,0.40,29.23,17,17,0,0.80,0.80,0.80,28.64,17,17,0,0.19,0.10,0.20,29.15,17,17,0,0.79,0.70,0.80,29.08,17,17,0,4.39,3.50,5.00,26.92,17,0,0
1345730,0.33,0.30,0.40,30.56,16,16,0,0.04,-0.10,0.10,28.92,16,16,0,0.37,0.30,0.40,29.24,16,16,0,0.80,0.80,0.80,28.63,16,16,0,0.18,0.10,0.20,29.14,16,16,0,0.76,0.70,0.80,29.08,16,16,0,3.14,2.40,3.80,26.94,16,0,0
1346230,0.34,0.30,0.40,30.55,17,17,0,0.04,0.00,0.10,28.92,17,17,0,0.36,0.30,0.40,29.22,17,17,0,0.80,0.80,0.80,28.66,17,17,0,0.20,0.20,0.20,29.15,17,17,0,0.76,0.70,0.80,29.08,17,17,0,3.05,2.10,4.20,26.96,17,0,0
1346730,0.33,0.30,0.40,30.56,18,18,0,0.03,0.00,0.10,28.93,18,18,0,0.37,0.30,0.40,29.24,18,18,0,0.80,0.80,0.80,28.65,18,18,0,0.21,0.20,0.30,29.14,18,18,0,0.78,0.70,0.80,29.09,18,18,0,3.26,2.70,3.90,26.96,18,0,0
1347242,0.32,0.30,0.40,30.56,17,17,0,0.03,-0.10,0.10,28.91,17,17,0,0.38,0.30,0.40,29.24,17,17,0,0.80,0.80,0.80,28.65,17,17,0,0.19,0.10,0.20,29.16,17,17,0,0.77,0.70,0.80,29.07,17,17,0,3.38,2.80,4.00,26.98,17,0,0
1347742,0.34,0.30,0.40,30.56,17,17,0,0.01,-0.10,0.10,28.93,17,17,0,0.38,0.30,0.40,29.25,17,17,0,0.80,0.80,0.80,28.65,17,17,0,0.18,0.10,0.20,29.15,17,17,0,0.78,0.70,0.80,29.08,17,17,0,3.81,3.20,4.50,27.00,17,0,0
1348242,0.35,0.30,0.40,30.56,17,17,0,0.03,0.00,0.10,28.92,17,17,0,0.38,0.30,0.40,29.25,17,17,0,0.80,0.80,0.80,28.64,17,17,0,0.19,0.10,0.20,29.14,17,17,0,0.79,0.70,0.80,29.09,17,17,0,4.02,3.30,5.00,27.01,17,0,0
1348742,0.33,0.30,0.40,30.57,17,17,0,0.01,-0.10,0.10,28.91,17,17,0,0.39,0.30,0.40,29.23,17,17,0,0.80,0.80,0.80,28.65,17,17,0,0.18,0.10,0.20,29.17,17,17,0,0.78,0.70,0.80,29.07,17,17,0,4.19,3.50,4.90,27.03,17,0,0
1349242,0.36,0.30,0.40,30.57,17,17,0,0.01,-0.10,0.10,28.92,17,17,0,0.36,0.30,0.40,29.24,17,17,0,0.80,0.80,0.80,28.65,17,17,0,0.17,0.10,0.20,29.16,17,17,0,0.78,0.70,0.80,29.08,17,17,0,4.24,3.50,4.70,27.02,17,0,0
1349742,0.34,0.30,0.40,30.55,17,17,0,0.04,0.00,0.10,28.91,17,17,0,0.39,0.30,0.40,29.26,17,17,0,0.80,0.80,0.80,28.65,17,17,0,0.19,0.10,0.20,29.16,17,17,0,0.78,0.70,0.80,29.09,17,17,0,4.33,3.80,4.60,27.03,17,0,0
1350242,0.34,0.30,0.40,30.56,17,17,0,0.04,-0.10,0.10,28.93,17,17,0,0.35,0.30,0.40,29.23,17,17,0,0.81,0.80,0.90,28.66,17,17,0,0.19,0.10,0.20,29.16,17,17,0,0.76,0.70,0.80,29.07,17,17,0,4.56,4.30,5.00,27.06,17,0,0
1350742,0.31,0.30,0.40,30.55,17,17,0,0.01,-0.10,0.10,28.91,17,17,0,0.37,0.30,0.40,29.24,17,17,0,0.79,0.70,0.80,28.63,17,17,0,0.18,0.10,0.20,29.15,17,17,0,0.78,0.70,0.80,29.09,17,17,0,4.38,4.10,4.90,27.07,17,0,0
1351242,0.35,0.30,0.40,30.55,17,17,0,0.00,-0.10,0.10,28.92,17,17,0,0.36,0.30,0.40,29.23,17,17,0,0.81,0.80,0.90,28.65,17,17,0,0.18,0.10,0.20,29.16,17,17,0,0.76,0.70,0.80,29.09,17,17,0,4.29,4.00,4.80,27.07,17,0,0
1351742,0.34,0.30,0.40,30.58,17,17,0,0.06,0.00,0.10,28.93,17,17,0,0.36,0.30,0.40,29.26,17,17,0,0.80,0.80,0.80,28.65,17,17,0,0.18,0.10,0.20,29.15,17,17,0,0.77,0.70,0.80,29.09,17,17,0,4.06,3.80,4.50,27.08,17,0,0
1352242,0.32,0.30,0.40,30.55,17,17,0,0.01,0.00,0.10,28.93,17,17,0,0.36,0.30,0.40,29.27,17,17,0,0.80,0.80,0.80,28.64,17,17,0,0.19,0.10,0.20,29.14,17,17,0,0.78,0.70,0.80,29.07,17,17,0,3.62,3.30,4.00,27.09,17,0,0
1352742,0.34,0.30,0.40,30.57,17,17,0,0.02,0.00,0.10,28.91,17,17,0,0.38,0.30,0.40,29.26,17,17,0,0.80,0.80,0.80,28.65,17,17,0,0.19,0.10,0.20,29.15,17,17,0,0.77,0.70,0.80,29.08,17,17,0,3.78,3.30,4.00,27.09,17,0,0
1353242,0.34,0.30,0.40,30.57,17,17,0,0.01,0.00,0.10,28.93,17,17,0,0.38,0.30,0.40,29.24,17,17,0,0.79,0.70,0.80,28.66,17,17,0,0.19,0.10,0.20,29.16,17,17,0,0.76,0.70,0.80,29.06,17,17,0,4.07,3.70,4.50,27.11,17,0,0
1353742,0.34,0.30,0.40,30.55,17,17,0,0.00,-0.10,0.10,28.92,17,17,0,0.38,0.30,0.40,29.25,17,17,0,0.81,0.80,0.90,28.67,17,17,0,0.19,0.10,0.20,29.16,17,17,0,0.76,0.70,0.80,29.09,17,17,0,4.25,4.10,4.40,27.12,17,0,0
1354242,0.35,0.30,0.40,30.55,17,17,0,0.02,-0.10,0.10,28.92,17,17,0,0.37,0.30,0.40,29.25,17,17,0,0.80,0.80,0.80,28.65,17,17,0,0.19,0.10,0.20,29.16,17,17,0,0.76,0.70,0.80,29.09,17,17,0,4.31,4.00,4.50,27.11,17,0,0
1354751,0.33,0.30,0.40,30.56,18,18,0,0.00,-0.10,0.10,28.93,18,18,0,0.38,0.30,0.40,29.26,18,18,0,0.80,0.80,0.80,28.65,18,18,0,0.19,0.10,0.20,29.16,18,18,0,0.77,0.70,0.80,29.08,18,18,0,4.41,3.90,5.00,27.14,18,0,0
1355251,0.33,0.30,0.40,30.56,17,17,0,0.00,-0.10,0.10,28.93,17,17,0,0.38,0.30,0.40,29.26,17,17,0,0.80,0.80,0.80,28.65,17,17,0,0.18,0.10,0.20,29.16,17,17,0,0.79,0.70,0.80,29.09,17,17,0,4.57,4.20,4.80,27.13,17,0,0
1355751,0.34,0.30,0.40,30.57,17,17,0,0.04,0.00,0.10,28.92,17,17,0,0.39,0.30,0.40,29.25,17,17,0,0.81,0.80,0.90,28.65,17,17,0,0.19,0.10,0.30,29.15,17,17,0,0.78,0.70,0.80,29.09,17,17,0,4.62,4.30,5.20,27.15,17,0,0
1356260,0.34,0.30,0.40,30.56,18,18,0,0.02,0.00,0.10,28.92,18,18,0,0.38,0.30,0.40,29.23,18,18,0,0.80,0.80,0.80,28.67,18,18,0,0.18,0.10,0.20,29.15,18,18,0,0.79,0.70,0.80,29.08,18,18,0,4.64,4.30,5.00,27.17,18,0,0
1356773,0.34,0.30,0.40,30.56,18,18,0,0.03,0.00,0.10,28.93,18,18,0,0.38,0.30,0.40,29.25,18,18,0,0.80,0.80,0.80,28.65,18,18,0,0.19,0.10,0.20,29.15,18,18,0,0.77,0.70,0.80,29.08,18,18,0,4.77,4.50,5.10,27.18,18,0,0
1357273,0.35,0.30,0.40,30.56,17,17,0,0.02,0.00,0.10,28.93,17,17,0,0.38,0.30,0.40,29.23,17,17,0,0.80,0.80,0.80,28.64,17,17,0,0.18,0.10,0.20,29.14,17,17,0,0.79,0.70,0.80,29.09,17,17,0,4.81,4.30,5.10,27.17,17,0,0
1357773,0.32,0.30,0.40,30.56,17,17,0,0.02,-0.10,0.10,28.93,17,17,0,0.36,0.30,0.40,29.25,17,17,0,0.79,0.70,0.80,28.66,17,17,0,0.18,0.10,0.20,29.16,17,17,0,0.75,0.70,0.80,29.08,17,17,0,4.80,4.10,5.30,27.18,17,0,0
1358273,0.35,0.30,0.40,30.56,17,17,0,0.04,-0.10,0.10,28.92,17,17,0,0.38,0.30,0.40,29.24,17,17,0,0.80,0.80,0.80,28.66,17,17,0,0.18,0.10,0.20,29.14,17,17,0,0.78,0.70,0.80,29.08,17,17,0,4.73,4.30,5.10,27.20,17,0,0
1358773,0.35,0.30,0.40,30.57,17,17,0,0.05,0.00,0.10,28.92,17,17,0,0.38,0.30,0.40,29.24,17,17,0,0.80,0.80,0.80,28.66,17,17,0,0.19,0.10,0.20,29.16,17,17,0,0.77,0.70,0.80,29.07,17,17,0,4.74,4.40,5.20,27.19,17,0,0
1359286,0.33,0.30,0.40,30.56,18,18,0,0.02,0.00,0.10,28.93,18,18,0,0.37,0.30,0.40,29.25,18,18,0,0.79,0.70,0.80,28.66,18,18,0,0.19,0.10,0.20,29.15,18,18,0,0.76,0.70,0.80,29.09,18,18,0,4.54,4.20,5.10,27.21,18,0,0
1359786,0.34,0.30,0.40,30.56,17,17,0,0.02,0.00,0.10,28.92,17,17,0,0.36,0.30,0.40,29.25,17,17,0,0.80,0.80,0.80,28.67,17,17,0,0.19,0.10,0.20,29.16,17,17,0,0.76,0.70,0.80,29.10,17,17,0,4.29,4.00,4.70,27.20,17,0,0
1360286,0.33,0.30,0.40,30.56,17,17,0,0.01,0.00,0.10,28.92,17,17,0,0.37,0.30,0.40,29.26,17,17,0,0.80,0.80,0.80,28.65,17,17,0,0.19,0.10,0.20,29.15,17,17,0,0.76,0.70,0.80,29.09,17,17,0,3.94,3.60,4.20,27.20,17,0,0
1360786,0.34,0.30,0.40,30.57,17,17,0,0.00,-0.10,0.10,28.94,17,17,0,0.36,0.30,0.40,29.25,17,17,0,0.81,0.80,0.90,28.66,17,17,0,0.18,0.10,0.20,29.14,17,17,0,0.78,0.70,0.80,29.10,17,17,0,3.77,3.40,4.20,27.21,17,0,0
1361286,0.33,0.30,0.40,30.58,17,17,0,0.02,-0.10,0.10,28.93,17,17,0,0.37,0.30,0.40,29.25,17,17,0,0.80,0.80,0.80,28.65,17,17,0,0.18,0.10,0.20,29.16,17,17,0,0.78,0.70,0.80,29.09,17,17,0,3.64,3.30,4.10,27.23,17,0,0
1361786,0.34,0.30,0.40,30.57,17,17,0,0.03,-0.10,0.10,28.94,17,17,0,0.35,0.30,0.40,29.26,17,17,0,0.80,0.80,0.80,28.67,17,17,0,0.19,0.10,0.20,29.17,17,17,0,0.77,0.70,0.80,29.05,17,17,0,3.64,3.20,4.10,27.25,17,0,0
1362295,0.34,0.30,0.40,30.57,18,18,0,0.02,0.00,0.10,28.93,18,18,0,0.38,0.30,0.40,29.25,18,18,0,0.80,0.80,0.80,28.65,18,18,0,0.18,0.10,0.20,29.18,18,18,0,0.76,0.70,0.80,29.09,18,18,0,3.49,2.90,4.10,27.25,18,0,0
1362795,0.32,0.30,0.40,30.56,17,17,0,0.04,-0.10,0.10,28.91,17,17,0,0.38,0.30,0.40,29.25,17,17,0,0.80,0.80,0.80,28.66,17,17,0,0.18,0.10,0.20,29.16,17,17,0,0.77,0.70,0.80,29.09,17,17,0,3.21,2.90,3.80,27.26,17,0,0
1363295,0.34,0.30,0.40,30.57,17,17,0,0.05,0.00,0.10,28.94,17,17,0,0.36,0.30,0.40,29.25,17,17,0,0.80,0.80,0.80,28.66,17,17,0,0.18,0.10,0.20,29.17,17,17,0,0.78,0.70,0.80,29.09,17,17,0,2.99,2.70,3.40,27.25,17,0,0
1363795,0.35,0.30,0.40,30.57,17,17,0,-0.02,-0.10,0.00,28.94,17,17,0,0.35,0.30,0.40,29.24,17,17,0,0.80,0.80,0.80,28.66,17,17,0,0.19,0.10,0.20,29.14,17,17,0,0.79,0.70,0.80,29.11,17,17,0,2.81,2.40,3.30,27.27,17,0,0
1364302,0.35,0.30,0.40,30.57,17,17,0,0.03,-0.10,0.10,28.93,17,17,0,0.39,0.30,0.40,29.24,17,17,0,0.80,0.80,0.80,28.65,17,17,0,0.16,0.10,0.20,29.16,17,17,0,0.77,0.70,0.80,29.08,17,17,0,2.74,1.30,3.50,27.28,17,0,0
1364803,0.35,0.30,0.40,30.57,17,17,0,0.01,-0.10,0.10,28.92,17,17,0,0.37,0.30,0.40,29.25,17,17,0,0.80,0.80,0.80,28.64,17,17,0,0.20,0.20,0.20,29.14,17,17,0,0.78,0.70,0.80,29.09,17,17,0,2.79,-1.10,5.40,27.28,17,0,0
1365303,0.34,0.30,0.40,30.56,16,16,0,0.03,-0.10,0.10,28.93,16,16,0,0.39,0.30,0.40,29.24,16,16,0,0.80,0.80,0.80,28.66,16,16,0,0.19,0.10,0.20,29.17,16,16,0,0.78,0.70,0.80,29.08,16,16,0,3.19,0.10,6.30,27.31,16,0,0
1365803,0.34,0.30,0.40,30.57,17,17,0,0.03,0.00,0.10,28.93,17,17,0,0.38,0.30,0.40,29.26,17,17,0,0.80,0.80,0.80,28.65,17,17,0,0.15,0.10,0.20,29.17,17,17,0,0.78,0.70,0.80,29.10,17,17,0,3.13,0.50,9.20,27.30,17,0,0
1366303,0.34,0.30,0.40,30.57,17,17,0,0.03,0.00,0.10,28.92,17,17,0,0.36,0.30,0.40,29.25,17,17,0,0.80,0.80,0.80,28.67,17,17,0,0.18,0.10,0.20,29.17,17,17,0,0.78,0.70,0.80,29.10,17,17,0,3.80,-0.30,8.70,27.30,17,0,0
1366803,0.35,0.30,0.40,30.58,17,17,0,0.01,-0.10,0.10,28.92,17,17,0,0.38,0.30,0.40,29.25,17,17,0,0.81,0.80,0.90,28.67,17,17,0,0.17,0.10,0.20,29.15,17,17,0,0.76,0.70,0.80,29.08,17,17,0,3.33,0.00,7.40,27.31,17,0,0
1367303,0.33,0.30,0.40,30.57,17,17,0,0.02,-0.10,0.10,28.93,17,17,0,0.36,0.30,0.40,29.25,17,17,0,0.79,0.70,0.80,28.67,17,17,0,0.19,0.10,0.20,29.16,17,17,0,0.78,0.70,0.80,29.08,17,17,0,3.75,-0.10,9.90,27.31,17,0,0
1367807,0.34,0.30,0.40,30.58,17,17,0,0.01,0.00,0.10,28.93,17,17,0,0.36,0.30,0.40,29.26,17,17,0,0.80,0.80,0.80,28.66,17,17,0,0.18,0.10,0.20,29.16,17,17,0,0.78,0.70,0.80,29.11,17,17,0,4.78,-6.90,12.60,27.32,17,0,0
1368307,0.33,0.30,0.40,30.58,17,17,0,0.01,0.00,0.10,28.93,17,17,0,0.35,0.30,0.40,29.24,17,17,0,0.81,0.80,0.90,28.67,17,17,0,0.19,0.10,0.20,29.16,17,17,0,0.76,0.70,0.80,29.09,17,17,0,3.80,-3.00,11.60,27.33,17,0,0
1368807,0.34,0.30,0.40,30.56,17,17,0,0.01,-0.10,0.10,28.93,17,17,0,0.38,0.30,0.40,29.24,17,17,0,0.80,0.80,0.80,28.68,17,17,0,0.19,0.10,0.20,29.17,17,17,0,0.77,0.70,0.80,29.08,17,17,0,4.45,1.60,7.30,27.34,17,0,0
1369307,0.34,0.30,0.40,30.57,17,17,0,0.02,-0.10,0.10,28.91,17,17,0,0.38,0.30,0.40,29.25,17,17,0,0.81,0.80,0.90,28.67,17,17,0,0.18,0.10,0.20,29.16,17,17,0,0.78,0.70,0.80,29.10,17,17,0,5.25,-3.90,14.20,27.34,17,0,0
1369808,0.33,0.30,0.40,30.57,17,17,0,0.01,-0.10,0.10,28.92,17,17,0,0.39,0.30,0.40,29.26,17,17,0,0.81,0.80,0.90,28.67,17,17,0,0.18,0.10,0.20,29.16,17,17,0,0.75,0.70,0.80,29.08,17,17,0,3.84,-5.40,14.00,27.34,17,0,0
1370313,0.34,0.30,0.40,30.56,17,17,0,0.02,0.00,0.10,28.93,17,17,0,0.38,0.30,0.40,29.24,17,17,0,0.79,0.70,0.80,28.67,17,17,0,0.16,0.10,0.20,29.18,17,17,0,0.78,0.70,0.80,29.09,17,17,0,4.74,0.10,8.80,27.33,17,0,0
1370814,0.34,0.30,0.40,30.57,17,17,0,0.02,-0.10,0.10,28.94,17,17,0,0.38,0.30,0.40,29.24,17,17,0,0.80,0.80,0.80,28.66,17,17,0,0.17,0.10,0.20,29.17,17,17,0,0.76,0.70,0.80,29.10,17,17,0,3.88,1.40,7.30,27.38,17,0,0
1371314,0.34,0.30,0.40,30.57,17,17,0,0.02,-0.10,0.10,28.92,17,17,0,0.38,0.30,0.40,29.24,17,17,0,0.79,0.70,0.80,28.67,17,17,0,0.18,0.10,0.20,29.17,17,17,0,0.77,0.70,0.80,29.09,17,17,0,3.92,1.20,6.40,27.37,17,0,0
1371814,0.33,0.30,0.40,30.59,18,18,0,0.01,-0.10,0.10,28.95,18,18,0,0.38,0.30,0.40,29.22,18,18,0,0.80,0.80,0.80,28.67,18,18,0,0.18,0.10,0.20,29.15,18,18,0,0.77,0.70,0.80,29.07,18,18,0,3.84,2.00,5.60,27.37,18,0,0
1372323,0.35,0.30,0.40,30.58,17,17,0,0.01,-0.10,0.10,28.92,17,17,0,0.38,0.30,0.40,29.24,17,17,0,0.80,0.80,0.80,28.67,17,17,0,0.18,0.10,0.20,29.17,17,17,0,0.77,0.70,0.80,29.08,17,17,0,3.66,2.00,4.80,27.37,17,0,0
1372827,0.35,0.30,0.40,30.56,17,17,0,0.05,0.00,0.10,28.93,17,17,0,0.38,0.30,0.40,29.25,17,17,0,0.80,0.80,0.80,28.67,17,17,0,0.17,0.10,0.20,29.17,17,17,0,0.79,0.70,0.80,29.09,17,17,0,3.32,1.40,4.70,27.38,17,0,0
1373327,0.35,0.30,0.40,30.58,17,17,0,0.02,-0.10,0.10,28.95,17,17,0,0.35,0.30,0.40,29.24,17,17,0,0.80,0.80,0.80,28.67,17,17,0,0.18,0.10,0.20,29.17,17,17,0,0.78,0.70,0.80,29.10,17,17,0,3.44,2.10,4.80,27.38,17,0,0
1373828,0.34,0.30,0.40,30.58,17,17,0,0.03,0.00,0.10,28.95,17,17,0,0.36,0.30,0.40,29.25,17,17,0,0.80,0.80,0.80,28.68,17,17,0,0.18,0.10,0.20,29.17,17,17,0,0.78,0.70,0.80,29.11,17,17,0,3.55,2.50,4.30,27.40,17,0,0
1374328,0.33,0.30,0.40,30.59,17,17,0,0.00,-0.10,0.10,28.93,17,17,0,0.36,0.30,0.40,29.25,17,17,0,0.80,0.80,0.80,28.68,17,17,0,0.19,0.10,0.20,29.17,17,17,0,0.79,0.70,0.80,29.08,17,17,0,3.82,3.10,4.30,27.37,17,0,0
1374828,0.35,0.30,0.40,30.55,17,17,0,0.00,-0.10,0.10,28.93,17,17,0,0.35,0.30,0.40,29.24,17,17,0,0.80,0.80,0.80,28.67,17,17,0,0.20,0.20,0.20,29.17,17,17,0,0.76,0.70,0.80,29.09,17,17,0,4.02,3.60,4.40,27.40,17,0,0
1375331,0.34,0.30,0.40,30.57,17,17,0,0.02,-0.10,0.10,28.95,17,17,0,0.37,0.30,0.40,29.24,17,17,0,0.80,0.80,0.80,28.68,17,17,0,0.18,0.10,0.20,29.18,17,17,0,0.76,0.70,0.80,29.10,17,17,0,4.12,3.90,4.40,27.41,17,0,0
1375843,0.34,0.30,0.40,30.58,17,17,0,0.01,-0.10,0.10,28.93,17,17,0,0.36,0.30,0.40,29.25,17,17,0,0.80,0.80,0.80,28.68,17,17,0,0.17,0.10,0.20,29.15,17,17,0,0.76,0.70,0.80,29.07,17,17,0,4.15,3.60,4.50,27.40,17,0,0
1376343,0.35,0.30,0.40,30.58,17,17,0,-0.01,-0.10,0.10,28.93,17,17,0,0.38,0.30,0.40,29.24,17,17,0,0.80,0.80,0.80,28.67,17,17,0,0.17,0.10,0.20,29.15,17,17,0,0.78,0.70,0.80,29.08,17,17,0,4.19,4.00,4.60,27.43,17,0,0
1376843,0.33,0.30,0.40,30.56,17,17,0,0.02,0.00,0.10,28.94,17,17,0,0.38,0.30,0.40,29.25,17,17,0,0.80,0.80,0.80,28.68,17,17,0,0.18,0.10,0.20,29.16,17,17,0,0.76,0.70,0.80,29.09,17,17,0,4.46,-0.70,7.20,27.42,17,0,0
1377354,0.32,0.30,0.40,30.56,17,17,0,0.03,0.00,0.10,28.94,17,17,0,0.36,0.30,0.40,29.25,17,17,0,0.80,0.80,0.80,28.68,17,17,0,0.17,0.10,0.20,29.17,17,17,0,0.78,0.70,0.80,29.08,17,17,0,3.98,-8.60,17.00,27.44,17,0,0
1377855,0.34,0.30,0.40,30.58,17,17,0,0.04,0.00,0.10,28.93,17,17,0,0.38,0.30,0.40,29.24,17,17,0,0.80,0.80,0.80,28.66,17,17,0,0.19,0.10,0.20,29.17,17,17,0,0.77,0.70,0.80,29.08,17,17,0,3.63,-4.20,12.90,27.45,17,0,0
1378355,0.34,0.30,0.40,30.55,17,17,0,0.03,-0.10,0.10,28.93,17,17,0,0.37,0.30,0.40,29.25,17,17,0,0.80,0.80,0.80,28.69,17,17,0,0.19,0.10,0.20,29.17,17,17,0,0.77,0.70,0.80,29.08,17,17,0,4.41,-10.20,15.10,27.45,17,0,0
1378855,0.32,0.30,0.40,30.58,17,17,0,0.03,-0.10,0.10,28.94,17,17,0,0.38,0.30,0.40,29.25,17,17,0,0.80,0.80,0.80,28.69,17,17,0,0.18,0.10,0.20,29.15,17,17,0,0.77,0.70,0.80,29.09,17,17,0,4.11,-2.10,11.50,27.45,17,0,0
1379355,0.34,0.30,0.40,30.58,17,17,0,0.01,0.00,0.10,28.94,17,17,0,0.38,0.30,0.40,29.24,17,17,0,0.81,0.80,0.90,28.68,17,17,0,0.19,0.10,0.20,29.18,17,17,0,0.77,0.70,0.80,29.08,17,17,0,4.01,-1.30,8.80,27.45,17,0,0
1379859,0.34,0.30,0.40,30.57,17,17,0,0.05,0.00,0.10,28.93,17,17,0,0.38,0.30,0.40,29.25,17,17,0,0.80,0.80,0.80,28.68,17,17,0,0.18,0.10,0.20,29.17,17,17,0,0.78,0.70,0.80,29.08,17,17,0,4.06,1.80,5.90,27.47,17,0,0
1380359,0.34,0.30,0.40,30.59,17,17,0,0.01,-0.10,0.10,28.93,17,17,0,0.39,0.30,0.40,29.23,17,17,0,0.81,0.80,0.90,28.68,17,17,0,0.18,0.10,0.20,29.18,17,17,0,0.78,0.70,0.80,29.09,17,17,0,3.86,1.90,5.90,27.46,17,0,0
1380859,0.35,0.30,0.40,30.56,17,17,0,0.02,-0.10,0.10,28.94,17,17,0,0.39,0.30,0.40,29.27,17,17,0,0.80,0.80,0.80,28.69,17,17,0,0.19,0.10,0.20,29.15,17,17,0,0.76,0.70,0.80,29.09,17,17,0,3.65,2.30,5.50,27.48,17,0,0
1381360,0.33,0.30,0.40,30.57,17,17,0,0.01,0.00,0.10,28.95,17,17,0,0.38,0.30,0.40,29.26,17,17,0,0.80,0.80,0.80,28.68,17,17,0,0.17,0.10,0.20,29.18,17,17,0,0.79,0.70,0.80,29.09,17,17,0,3.79,2.60,4.40,27.48,17,0,0
1381866,0.32,0.30,0.40,30.59,17,17,0,0.02,0.00,0.10,28.94,17,17,0,0.36,0.30,0.40,29.26,17,17,0,0.80,0.80,0.80,28.69,17,17,0,0.18,0.10,0.20,29.18,17,17,0,0.77,0.70,0.80,29.10,17,17,0,3.52,2.90,4.30,27.49,17,0,0
1382366,0.32,0.30,0.40,30.58,17,17,0,0.03,0.00,0.10,28.94,17,17,0,0.38,0.30,0.40,29.24,17,17,0,0.79,0.70,0.80,28.70,17,17,0,0.19,0.10,0.20,29.17,17,17,0,0.76,0.70,0.80,29.09,17,17,0,3.34,2.30,4.40,27.50,17,0,0
1382866,0.35,0.30,0.40,30.59,17,17,0,0.01,-0.10,0.10,28.96,17,17,0,0.38,0.30,0.40,29.24,17,17,0,0.80,0.80,0.80,28.70,17,17,0,0.18,0.10,0.20,29.18,17,17,0,0.76,0.70,0.80,29.10,17,17,0,3.31,2.50,4.30,27.50,17,0,0
1383366,0.35,0.30,0.40,30.56,17,17,0,0.02,-0.10,0.10,28.95,17,17,0,0.37,0.30,0.40,29.26,17,17,0,0.81,0.80,0.90,28.70,17,17,0,0.19,0.10,0.20,29.18,17,17,0,0.78,0.70,0.80,29.09,17,17,0,3.31,2.30,3.80,27.51,17,0,0
1383866,0.36,0.30,0.40,30.59,17,17,0,-0.01,-0.10,0.10,28.96,17,17,0,0.37,0.30,0.40,29.25,17,17,0,0.80,0.80,0.80,28.69,17,17,0,0.19,0.10,0.20,29.17,17,17,0,0.76,0.70,0.80,29.09,17,17,0,3.28,2.50,4.00,27.50,17,0,0
1384366,0.32,0.30,0.40,30.58,17,17,0,0.03,0.00,0.10,28.93,17,17,0,0.37,0.30,0.40,29.24,17,17,0,0.79,0.70,0.80,28.70,17,17,0,0.18,0.10,0.20,29.17,17,17,0,0.77,0.70,0.80,29.09,17,17,0,3.22,1.90,4.10,27.50,17,0,0
1384866,0.34,0.30,0.40,30.58,16,16,0,0.01,-0.10,0.10,28.96,16,16,0,0.38,0.30,0.40,29.27,16,16,0,0.80,0.80,0.80,28.69,16,16,0,0.17,0.10,0.20,29.18,16,16,0,0.76,0.70,0.80,29.11,16,16,0,2.93,2.10,3.70,27.51,16,0,0
1385366,0.34,0.30,0.40,30.57,17,17,0,0.04,-0.10,0.10,28.94,17,17,0,0.39,0.30,0.40,29.27,17,17,0,0.79,0.70,0.90,28.70,17,17,0,0.19,0.10,0.20,29.17,17,17,0,0.76,0.70,0.80,29.10,17,17,0,3.06,2.20,3.90,27.52,17,0,0
1385866,0.33,0.30,0.40,30.58,17,17,0,0.04,-0.10,0.10,28.94,17,17,0,0.38,0.30,0.40,29.25,17,17,0,0.80,0.80,0.80,28.69,17,17,0,0.19,0.10,0.20,29.18,17,17,0,0.78,0.70,0.80,29.09,17,17,0,1.85,-2.50,3.40,27.51,17,0,0
1386366,0.35,0.30,0.40,30.57,17,17,0,0.04,-0.10,0.10,28.96,17,17,0,0.38,0.30,0.40,29.26,17,17,0,0.79,0.70,0.80,28.70,17,17,0,0.19,0.10,0.20,29.17,17,17,0,0.76,0.70,0.80,29.09,17,17,0,509.14,10.70,713.10,27.28,17,0,0
1386870,0.34,0.30,0.40,30.59,17,17,0,0.01,-0.10,0.10,28.95,17,17,0,0.37,0.30,0.40,29.24,17,17,0,0.81,0.80,0.90,28.71,17,17,0,0.19,0.10,0.20,29.17,17,17,0,0.77,0.70,0.80,29.09,17,17,0,509.62,502.70,524.10,26.34,17,0,0
1387370,0.34,0.30,0.40,30.58,17,17,0,0.03,0.00,0.10,28.97,17,17,0,0.39,0.30,0.40,29.26,17,17,0,0.80,0.70,0.90,28.69,17,17,0,0.18,0.10,0.20,29.16,17,17,0,0.77,0.70,0.80,29.09,17,17,0,537.13,514.30,560.70,25.91,17,0,0
1387870,0.35,0.30,0.40,30.58,17,17,0,0.00,-0.10,0.10,28.94,17,17,0,0.35,0.30,0.40,29.25,17,17,0,0.80,0.80,0.80,28.69,17,17,0,0.17,0.10,0.20,29.17,17,17,0,0.79,0.70,0.80,29.09,17,17,0,610.11,573.40,644.80,25.63,17,0,0
1388376,0.32,0.30,0.40,30.59,17,17,0,0.01,-0.10,0.10,28.96,17,17,0,0.38,0.30,0.40,29.24,17,17,0,0.80,0.80,0.80,28.69,17,17,0,0.18,0.10,0.20,29.18,17,17,0,0.78,0.70,0.80,29.09,17,17,0,700.90,657.10,736.60,25.40,17,0,0
1388880,0.35,0.30,0.40,30.57,17,17,0,0.01,0.00,0.10,28.96,17,17,0,0.38,0.30,0.40,29.24,17,17,0,0.80,0.80,0.80,28.71,17,17,0,0.18,0.10,0.20,29.17,17,17,0,0.79,0.70,0.80,29.09,17,17,0,771.75,743.00,799.60,25.24,17,0,0
1389380,0.32,0.30,0.40,30.56,17,17,0,0.00,-0.10,0.10,28.95,17,17,0,0.38,0.30,0.40,29.25,17,17,0,0.80,0.80,0.80,28.69,17,17,0,0.17,0.10,0.20,29.19,17,17,0,0.77,0.70,0.80,29.09,17,17,0,841.94,807.30,873.80,25.13,17,0,0
1389880,0.35,0.30,0.40,30.58,17,17,0,0.02,0.00,0.10,28.95,17,17,0,0.36,0.30,0.40,29.27,17,17,0,0.80,0.70,0.90,28.70,17,17,0,0.19,0.10,0.20,29.19,17,17,0,0.76,0.70,0.80,29.11,17,17,0,916.95,885.60,944.80,25.04,17,0,0
1390380,0.35,0.30,0.40,30.58,17,17,0,0.04,0.00,0.10,28.95,17,17,0,0.38,0.30,0.40,29.26,17,17,0,0.80,0.80,0.80,28.71,17,17,0,0.17,0.10,0.20,29.19,17,17,0,0.79,0.70,0.80,29.08,17,17,0,965.73,951.00,979.00,24.95,17,0,0
1390881,0.33,0.30,0.40,30.58,17,17,0,0.02,-0.10,0.10,28.95,17,17,0,0.36,0.30,0.40,29.25,17,17,0,0.82,0.80,0.90,28.71,17,17,0,0.18,0.10,0.20,29.17,17,17,0,0.75,0.70,0.80,29.09,17,17,0,988.11,977.10,1001.70,24.93,17,0,0
1391381,0.35,0.30,0.40,30.58,17,17,0,0.01,-0.10,0.10,28.93,17,17,0,0.38,0.30,0.40,29.24,17,17,0,0.80,0.80,0.80,28.70,17,17,0,0.19,0.10,0.20,29.18,17,17,0,0.77,0.70,0.80,29.11,17,17,0,1021.69,1004.50,1038.20,24.87,17,0,0
1391883,0.34,0.30,0.40,30.58,17,17,0,0.01,-0.10,0.10,28.97,17,17,0,0.38,0.30,0.40,29.26,17,17,0,0.80,0.80,0.80,28.71,17,17,0,0.18,0.10,0.20,29.19,17,17,0,0.76,0.70,0.80,29.09,17,17,0,1048.06,1035.30,1061.70,24.82,17,0,0
1392383,0.35,0.30,0.40,30.57,17,17,0,0.00,-0.10,0.10,28.96,17,17,0,0.38,0.30,0.40,29.25,17,17,0,0.80,0.80,0.80,28.69,17,17,0,0.18,0.10,0.20,29.18,17,17,0,0.74,0.70,0.80,29.10,17,17,0,1045.86,1021.80,1066.20,24.81,17,0,0
1392891,0.34,0.30,0.40,30.58,17,17,0,0.01,-0.10,0.10,28.94,17,17,0,0.38,0.30,0.40,29.26,17,17,0,0.80,0.80,0.80,28.71,17,17,0,0.18,0.10,0.20,29.19,17,17,0,0.76,0.70,0.80,29.10,17,17,0,1052.09,1033.00,1070.80,24.77,17,0,0
1393396,0.35,0.30,0.40,30.58,17,17,0,0.00,-0.10,0.10,28.95,17,17,0,0.35,0.30,0.40,29.26,17,17,0,0.80,0.80,0.80,28.71,17,17,0,0.16,0.10,0.20,29.17,17,17,0,0.78,0.70,0.80,29.09,17,17,0,1064.62,1044.50,1078.20,24.74,17,0,0
1393897,0.34,0.30,0.40,30.55,17,17,0,0.01,-0.10,0.10,28.96,17,17,0,0.38,0.30,0.40,29.25,17,17,0,0.81,0.80,0.90,28.71,17,17,0,0.19,0.10,0.20,29.17,17,17,0,0.77,0.70,0.80,29.11,17,17,0,1063.11,1052.40,1072.80,24.73,17,0,0
1394399,0.33,0.30,0.40,30.59,17,17,0,0.01,-0.10,0.10,28.94,17,17,0,0.36,0.30,0.40,29.27,17,17,0,0.80,0.80,0.80,28.72,17,17,0,0.19,0.10,0.20,29.20,17,17,0,0.76,0.70,0.80,29.10,17,17,0,1053.07,1047.50,1059.30,24.73,17,0,0
1394899,0.35,0.30,0.40,30.58,17,17,0,0.02,-0.10,0.10,28.95,17,17,0,0.37,0.30,0.40,29.26,17,17,0,0.80,0.80,0.80,28.71,17,17,0,0.19,0.10,0.20,29.19,17,17,0,0.76,0.70,0.80,29.10,17,17,0,1060.74,1051.80,1069.80,24.70,17,0,0
1395401,0.34,0.30,0.40,30.59,17,17,0,0.03,-0.10,0.10,28.97,17,17,0,0.39,0.30,0.40,29.24,17,17,0,0.80,0.80,0.80,28.70,17,17,0,0.18,0.10,0.20,29.19,17,17,0,0.79,0.70,0.80,29.08,17,17,0,1074.46,1067.20,1081.70,24.69,17,0,0
1395901,0.33,0.30,0.40,30.59,17,17,0,0.02,-0.10,0.10,28.96,17,17,0,0.34,0.30,0.40,29.25,17,17,0,0.80,0.80,0.80,28.71,17,17,0,0.18,0.10,0.20,29.20,17,17,0,0.76,0.70,0.80,29.11,17,17,0,1063.02,1048.50,1073.70,24.69,17,0,0
1396409,0.35,0.30,0.40,30.57,17,17,0,0.02,-0.10,0.10,28.96,17,17,0,0.36,0.30,0.40,29.25,17,17,0,0.80,0.80,0.80,28.73,17,17,0,0.18,0.10,0.20,29.19,17,17,0,0.78,0.70,0.80,29.10,17,17,0,1055.95,1046.20,1068.50,24.69,17,0,0
1396914,0.35,0.30,0.40,30.59,17,17,0,0.02,-0.10,0.10,28.96,17,17,0,0.37,0.30,0.40,29.26,17,17,0,0.80,0.80,0.80,28.71,17,17,0,0.20,0.20,0.20,29.19,17,17,0,0.77,0.70,0.80,29.11,17,17,0,1071.16,1056.10,1083.00,24.65,17,0,0
1397416,0.36,0.30,0.40,30.59,17,17,0,0.02,-0.10,0.10,28.96,17,17,0,0.39,0.30,0.40,29.25,17,17,0,0.81,0.80,0.90,28.71,17,17,0,0.19,0.10,0.20,29.19,17,17,0,0.78,0.70,0.80,29.09,17,17,0,1075.28,1065.40,1085.20,24.68,17,0,0
1397926,0.32,0.30,0.40,30.57,17,17,0,0.01,-0.10,0.10,28.95,17,17,0,0.35,0.30,0.40,29.23,17,17,0,0.81,0.80,0.90,28.72,17,17,0,0.19,0.10,0.20,29.20,17,17,0,0.78,0.70,0.80,29.10,17,17,0,1057.47,1045.00,1067.10,24.68,17,0,0
1398437,0.34,0.30,0.40,30.60,17,17,0,0.00,-0.10,0.10,28.96,17,17,0,0.37,0.30,0.40,29.26,17,17,0,0.80,0.80,0.80,28.71,17,17,0,0.18,0.10,0.20,29.18,17,17,0,0.78,0.70,0.80,29.11,17,17,0,1062.21,1047.90,1068.50,24.64,17,0,0
1398945,0.35,0.30,0.40,30.59,17,17,0,0.00,-0.10,0.10,28.95,17,17,0,0.37,0.30,0.40,29.24,17,17,0,0.80,0.70,0.90,28.73,17,17,0,0.19,0.10,0.30,29.18,17,17,0,0.77,0.70,0.80,29.08,17,17,0,1082.17,1073.00,1089.40,24.65,17,0,0
1399450,0.35,0.30,0.40,30.60,17,17,0,-0.01,-0.10,0.10,28.96,17,17,0,0.38,0.30,0.40,29.25,17,17,0,0.80,0.80,0.80,28.72,17,17,0,0.18,0.10,0.20,29.18,17,17,0,0.78,0.70,0.80,29.10,17,17,0,1070.63,1060.40,1084.90,24.66,17,0,0
1399950,0.36,0.30,0.40,30.58,16,16,0,-0.01,-0.10,0.10,28.97,16,16,0,0.38,0.30,0.40,29.27,16,16,0,0.80,0.80,0.80,28.74,16,16,0,0.18,0.10,0.20,29.19,16,16,0,0.78,0.70,0.80,29.11,16,16,0,1063.21,1057.80,1066.20,24.64,16,0,0
1400454,0.35,0.30,0.40,30.58,17,17,0,0.01,-0.10,0.10,28.96,17,17,0,0.38,0.30,0.40,29.27,17,17,0,0.80,0.80,0.80,28.73,17,17,0,0.18,0.10,0.20,29.19,17,17,0,0.76,0.70,0.80,29.10,17,17,0,1078.48,1066.60,1089.20,24.66,17,0,0
1400954,0.32,0.30,0.40,30.60,16,16,0,-0.02,-0.10,0.10,28.96,16,16,0,0.38,0.30,0.40,29.27,16,16,0,0.80,0.80,0.80,28.73,16,16,0,0.19,0.10,0.20,29.19,16,16,0,0.79,0.70,0.80,29.10,16,16,0,1087.77,1080.80,1095.90,24.66,16,0,0
1401459,0.34,0.30,0.40,30.58,17,17,0,0.01,-0.10,0.10,28.96,17,17,0,0.38,0.30,0.40,29.25,17,17,0,0.81,0.80,0.90,28.72,17,17,0,0.19,0.10,0.20,29.20,17,17,0,0.76,0.70,0.80,29.10,17,17,0,1066.73,1058.50,1072.00,24.66,17,0,0
1401964,0.35,0.30,0.40,30.58,17,17,0,0.02,0.00,0.10,28.96,17,17,0,0.37,0.30,0.40,29.25,17,17,0,0.81,0.70,0.90,28.71,17,17,0,0.19,0.10,0.20,29.19,17,17,0,0.76,0.70,0.80,29.12,17,17,0,1070.86,1064.60,1083.60,24.64,17,0,0
1402466,0.34,0.30,0.40,30.58,17,17,0,0.01,-0.10,0.10,28.97,17,17,0,0.37,0.30,0.40,29.26,17,17,0,0.80,0.80,0.80,28.73,17,17,0,0.18,0.10,0.20,29.18,17,17,0,0.75,0.70,0.80,29.12,17,17,0,1089.64,1082.90,1096.60,24.63,17,0,0
1402966,0.33,0.30,0.40,30.58,17,17,0,0.02,-0.10,0.10,28.96,17,17,0,0.40,0.40,0.40,29.24,17,17,0,0.80,0.80,0.80,28.73,17,17,0,0.18,0.10,0.20,29.19,17,17,0,0.78,0.70,0.80,29.09,17,17,0,1076.56,1061.10,1092.30,24.65,17,0,0
1403466,0.34,0.30,0.40,30.57,16,16,0,0.03,-0.10,0.10,28.96,16,16,0,0.37,0.30,0.40,29.26,16,16,0,0.81,0.80,0.90,28.72,16,16,0,0.18,0.10,0.20,29.19,16,16,0,0.78,0.70,0.80,29.10,16,16,0,1065.61,1062.70,1069.40,24.64,16,0,0
1403966,0.36,0.30,0.40,30.58,17,17,0,0.01,-0.10,0.10,28.96,17,17,0,0.36,0.30,0.40,29.27,17,17,0,0.79,0.70,0.80,28.73,17,17,0,0.18,0.10,0.20,29.20,17,17,0,0.79,0.70,0.80,29.10,17,17,0,1078.59,1069.10,1087.80,24.65,17,0,0
1404474,0.33,0.30,0.40,30.60,17,17,0,0.02,0.00,0.10,28.94,17,17,0,0.37,0.30,0.40,29.25,17,17,0,0.80,0.80,0.80,28.73,17,17,0,0.16,0.10,0.20,29.19,17,17,0,0.77,0.70,0.80,29.10,17,17,0,1093.02,1084.60,1098.50,24.65,17,0,0
1404979,0.33,0.30,0.40,30.59,17,17,0,0.00,-0.10,0.10,28.96,17,17,0,0.37,0.30,0.40,29.26,17,17,0,0.80,0.80,0.80,28.73,17,17,0,0.18,0.10,0.20,29.19,17,17,0,0.76,0.70,0.80,29.10,17,17,0,1070.28,1062.60,1081.30,24.63,17,0,0
1405479,0.33,0.30,0.40,30.58,17,17,0,0.01,-0.10,0.10,28.96,17,17,0,0.39,0.30,0.40,29.26,17,17,0,0.80,0.80,0.80,28.73,17,17,0,0.19,0.10,0.20,29.19,17,17,0,0.78,0.70,0.80,29.10,17,17,0,1070.59,1063.20,1081.90,24.64,17,0,0
1405979,0.34,0.30,0.40,30.57,17,17,0,0.04,0.00,0.10,28.95,17,17,0,0.37,0.30,0.40,29.25,17,17,0,0.81,0.80,0.90,28.72,17,17,0,0.18,0.10,0.20,29.20,17,17,0,0.77,0.70,0.80,29.11,17,17,0,1089.80,1078.00,1102.60,24.62,17,0,0
1406479,0.32,0.30,0.40,30.59,17,17,0,0.03,0.00,0.10,28.96,17,17,0,0.37,0.30,0.40,29.25,17,17,0,0.80,0.80,0.80,28.73,17,17,0,0.18,0.10,0.20,29.20,17,17,0,0.78,0.70,0.80,29.11,17,17,0,1085.87,1072.80,1103.10,24.64,17,0,0
1406984,0.35,0.30,0.40,30.59,17,17,0,0.02,-0.10,0.10,28.94,17,17,0,0.38,0.30,0.40,29.26,17,17,0,0.80,0.80,0.80,28.72,17,17,0,0.19,0.10,0.20,29.19,17,17,0,0.78,0.70,0.80,29.11,17,17,0,1073.04,1068.10,1080.40,24.63,17,0,0
1407484,0.33,0.30,0.40,30.58,17,17,0,0.05,0.00,0.10,28.95,17,17,0,0.37,0.30,0.40,29.27,17,17,0,0.81,0.80,0.90,28.72,17,17,0,0.19,0.10,0.20,29.20,17,17,0,0.79,0.70,0.80,29.12,17,17,0,1084.68,1076.50,1095.00,24.65,17,0,0
1407986,0.34,0.30,0.40,30.58,17,17,0,0.04,-0.10,0.10,28.96,17,17,0,0.39,0.30,0.40,29.24,17,17,0,0.80,0.70,0.90,28.73,17,17,0,0.18,0.10,0.20,29.20,17,17,0,0.79,0.70,0.80,29.10,17,17,0,1096.26,1089.20,1104.40,24.64,17,0,0
1408486,0.34,0.30,0.40,30.60,17,17,0,0.02,-0.10,0.10,28.96,17,17,0,0.38,0.30,0.40,29.27,17,17,0,0.80,0.80,0.80,28.73,17,17,0,0.16,0.10,0.20,29.20,17,17,0,0.76,0.70,0.80,29.10,17,17,0,1080.05,1075.20,1084.90,24.64,17,0,0
1408986,0.35,0.30,0.40,30.59,17,17,0,0.02,-0.10,0.10,28.97,17,17,0,0.36,0.30,0.40,29.27,17,17,0,0.80,0.80,0.80,28.71,17,17,0,0.19,0.10,0.20,29.21,17,17,0,0.77,0.70,0.80,29.10,17,17,0,1084.26,1079.30,1093.70,24.65,17,0,0
1409488,0.32,0.30,0.40,30.58,17,17,0,0.02,-0.10,0.10,28.95,17,17,0,0.35,0.30,0.40,29.26,17,17,0,0.81,0.80,0.90,28.72,17,17,0,0.19,0.10,0.20,29.19,17,17,0,0.79,0.70,0.80,29.10,17,17,0,1097.42,1088.70,1104.10,24.62,17,0,0
1409992,0.34,0.30,0.40,30.59,17,17,0,0.04,0.00,0.10,28.95,17,17,0,0.36,0.30,0.40,29.27,17,17,0,0.80,0.80,0.80,28.72,17,17,0,0.18,0.10,0.20,29.21,17,17,0,0.78,0.70,0.80,29.10,17,17,0,1088.12,1078.70,1100.40,24.63,17,0,0
1410500,0.33,0.30,0.40,30.59,17,17,0,0.04,-0.10,0.10,28.97,17,17,0,0.38,0.30,0.40,29.27,17,17,0,0.80,0.80,0.80,28.74,17,17,0,0.18,0.10,0.20,29.20,17,17,0,0.78,0.70,0.80,29.10,17,17,0,1083.85,1080.70,1086.30,24.62,17,0,0
1411000,0.34,0.30,0.40,30.58,17,17,0,0.05,0.00,0.10,28.96,17,17,0,0.36,0.30,0.40,29.26,17,17,0,0.79,0.70,0.80,28.74,17,17,0,0.19,0.10,0.20,29.20,17,17,0,0.76,0.70,0.80,29.13,17,17,0,1092.58,1085.30,1101.90,24.61,17,0,0
1411508,0.32,0.30,0.40,30.57,17,17,0,0.03,0.00,0.10,28.97,17,17,0,0.38,0.30,0.40,29.28,17,17,0,0.80,0.80,0.80,28.73,17,17,0,0.17,0.10,0.20,29.21,17,17,0,0.78,0.70,0.80,29.10,17,17,0,1101.51,1098.00,1108.00,24.60,17,0,0
1412017,0.35,0.30,0.40,30.58,17,17,0,0.02,-0.10,0.10,28.96,17,17,0,0.36,0.30,0.40,29.24,17,17,0,0.81,0.80,0.90,28.72,17,17,0,0.19,0.10,0.20,29.20,17,17,0,0.78,0.70,0.80,29.11,17,17,0,1096.95,1093.50,1099.40,24.61,17,0,0
1412517,0.35,0.30,0.40,30.60,17,17,0,0.02,-0.10,0.10,28.97,17,17,0,0.37,0.30,0.40,29.25,17,17,0,0.80,0.80,0.80,28.73,17,17,0,0.16,0.10,0.20,29.20,17,17,0,0.78,0.70,0.80,29.12,17,17,0,1102.19,1096.80,1108.80,24.61,17,0,0
1413025,0.34,0.30,0.40,30.58,17,17,0,0.02,0.00,0.10,28.96,17,17,0,0.38,0.30,0.40,29.25,17,17,0,0.79,0.70,0.80,28.73,17,17,0,0.16,0.10,0.20,29.22,17,17,0,0.76,0.70,0.80,29.11,17,17,0,1112.22,1103.30,1121.20,24.61,17,0,0
1413529,0.34,0.30,0.40,30.59,17,17,0,0.02,-0.10,0.10,28.96,17,17,0,0.39,0.30,0.40,29.25,17,17,0,0.79,0.70,0.80,28.72,17,17,0,0.18,0.10,0.20,29.22,17,17,0,0.79,0.70,0.80,29.10,17,17,0,1108.26,1099.90,1114.80,24.59,17,0,0
1414038,0.33,0.30,0.40,30.60,17,17,0,0.01,-0.10,0.10,28.96,17,17,0,0.38,0.30,0.40,29.26,17,17,0,0.79,0.70,0.80,28.73,17,17,0,0.18,0.10,0.20,29.18,17,17,0,0.78,0.70,0.80,29.11,17,17,0,1109.74,1104.00,1118.10,24.58,17,0,0
1414538,0.34,0.30,0.40,30.60,17,17,0,0.02,-0.10,0.10,28.96,17,17,0,0.37,0.30,0.40,29.25,17,17,0,0.80,0.80,0.80,28.73,17,17,0,0.18,0.10,0.20,29.22,17,17,0,0.75,0.70,0.80,29.12,17,17,0,1122.39,1116.70,1130.60,24.61,17,0,0
1415041,0.32,0.30,0.40,30.61,17,17,0,0.02,0.00,0.10,28.95,17,17,0,0.39,0.30,0.40,29.27,17,17,0,0.80,0.80,0.80,28.73,17,17,0,0.18,0.10,0.20,29.21,17,17,0,0.79,0.70,0.80,29.10,17,17,0,1126.27,1120.60,1131.50,24.60,17,0,0
1415545,0.34,0.30,0.40,30.58,17,17,0,0.02,-0.10,0.10,28.97,17,17,0,0.39,0.30,0.40,29.26,17,17,0,0.80,0.80,0.80,28.72,17,17,0,0.19,0.10,0.20,29.19,17,17,0,0.75,0.70,0.80,29.11,17,17,0,1119.11,1108.90,1127.10,24.58,17,0,0
1416047,0.33,0.30,0.40,30.58,17,17,0,0.01,-0.10,0.10,28.96,17,17,0,0.37,0.30,0.40,29.26,17,17,0,0.81,0.80,0.90,28.73,17,17,0,0.19,0.10,0.20,29.21,17,17,0,0.78,0.70,0.80,29.10,17,17,0,1130.20,1119.40,1145.90,24.59,17,0,0
1416549,0.31,0.30,0.40,30.58,17,17,0,0.03,0.00,0.10,28.95,17,17,0,0.38,0.30,0.40,29.25,17,17,0,0.79,0.70,0.80,28.72,17,17,0,0.18,0.10,0.20,29.22,17,17,0,0.78,0.70,0.80,29.12,17,17,0,1145.95,1131.80,1160.20,24.58,17,0,0
1417049,0.32,0.30,0.40,30.59,17,17,0,-0.00,-0.10,0.10,28.97,17,17,0,0.35,0.30,0.40,29.27,17,17,0,0.81,0.80,0.90,28.73,17,17,0,0.19,0.10,0.20,29.21,17,17,0,0.78,0.70,0.80,29.12,17,17,0,1142.57,1133.50,1151.20,24.58,17,0,0
1417549,0.33,0.30,0.40,30.58,17,17,0,0.04,-0.10,0.10,28.96,17,17,0,0.38,0.30,0.40,29.28,17,17,0,0.80,0.80,0.80,28.72,17,17,0,0.16,0.10,0.20,29.21,17,17,0,0.78,0.70,0.80,29.11,17,17,0,1142.46,1133.80,1151.00,24.59,17,0,0
1418053,0.34,0.30,0.40,30.59,16,16,0,-0.01,-0.10,0.10,28.98,16,16,0,0.38,0.30,0.40,29.28,16,16,0,0.80,0.80,0.80,28.71,16,16,0,0.18,0.10,0.20,29.21,16,16,0,0.79,0.70,0.80,29.11,16,16,0,1152.97,1143.10,1162.50,24.57,16,0,0
1418562,0.32,0.30,0.40,30.60,17,17,0,0.04,-0.10,0.10,28.97,17,17,0,0.37,0.30,0.40,29.26,17,17,0,0.80,0.80,0.80,28.73,17,17,0,0.18,0.10,0.20,29.22,17,17,0,0.78,0.70,0.80,29.13,17,17,0,1156.26,1143.50,1164.90,24.56,17,0,0
1419067,0.33,0.30,0.40,30.59,17,17,0,0.04,0.00,0.10,28.95,17,17,0,0.37,0.30,0.40,29.27,17,17,0,0.80,0.80,0.80,28.72,17,17,0,0.18,0.10,0.20,29.21,17,17,0,0.78,0.70,0.80,29.11,17,17,0,1148.87,1139.90,1158.50,24.56,17,0,0
1419567,0.33,0.30,0.40,30.59,17,17,0,-0.01,-0.10,0.10,28.96,17,17,0,0.36,0.30,0.40,29.24,17,17,0,0.80,0.80,0.80,28.73,17,17,0,0.19,0.10,0.20,29.20,17,17,0,0.78,0.70,0.80,29.10,17,17,0,1151.96,1146.90,1157.60,24.55,17,0,0
1420080,0.34,0.30,0.40,30.58,17,17,0,0.02,0.00,0.10,28.95,17,17,0,0.38,0.30,0.40,29.25,17,17,0,0.80,0.80,0.80,28.73,17,17,0,0.19,0.10,0.30,29.20,17,17,0,0.79,0.70,0.80,29.12,17,17,0,1160.19,1149.70,1169.80,24.56,17,0,0
1420585,0.33,0.30,0.40,30.58,17,17,0,0.02,0.00,0.10,28.97,17,17,0,0.38,0.30,0.40,29.27,17,17,0,0.80,0.80,0.80,28.72,17,17,0,0.19,0.10,0.20,29.20,17,17,0,0.78,0.70,0.80,29.10,17,17,0,1148.59,1138.50,1159.80,24.56,17,0,0
1421089,0.34,0.30,0.40,30.60,17,17,0,0.00,-0.10,0.10,28.96,17,17,0,0.36,0.30,0.40,29.26,17,17,0,0.80,0.80,0.80,28.72,17,17,0,0.17,0.10,0.20,29.21,17,17,0,0.79,0.70,0.80,29.12,17,17,0,1142.75,1137.30,1149.40,24.57,17,0,0
1421589,0.32,0.30,0.40,30.60,17,17,0,0.02,0.00,0.10,28.97,17,17,0,0.38,0.30,0.40,29.26,17,17,0,0.80,0.80,0.80,28.73,17,17,0,0.18,0.10,0.20,29.22,17,17,0,0.78,0.70,0.80,29.11,17,17,0,1154.92,1144.90,1168.70,24.56,17,0,0
1422089,0.33,0.30,0.40,30.60,16,16,0,0.04,0.00,0.10,28.96,16,16,0,0.38,0.30,0.40,29.26,16,16,0,0.80,0.80,0.80,28.73,16,16,0,0.19,0.10,0.20,29.21,16,16,0,0.76,0.70,0.80,29.13,16,16,0,1157.97,1149.10,1171.50,24.55,16,0,0
1422589,0.34,0.30,0.40,30.59,17,17,0,0.01,-0.10,0.10,28.98,17,17,0,0.39,0.30,0.40,29.27,17,17,0,0.80,0.80,0.80,28.73,17,17,0,0.19,0.10,0.20,29.22,17,17,0,0.78,0.70,0.80,29.12,17,17,0,1136.38,1125.70,1147.30,24.57,17,0,0
1423089,0.33,0.30,0.40,30.59,17,17,0,0.02,-0.10,0.10,28.97,17,17,0,0.38,0.30,0.40,29.26,17,17,0,0.80,0.80,0.80,28.73,17,17,0,0.19,0.10,0.20,29.21,17,17,0,0.78,0.70,0.80,29.13,17,17,0,1139.51,1132.50,1152.90,24.56,17,0,0
1423589,0.34,0.30,0.40,30.59,17,17,0,0.03,0.00,0.10,28.96,17,17,0,0.36,0.30,0.40,29.27,17,17,0,0.80,0.80,0.80,28.73,17,17,0,0.18,0.10,0.20,29.21,17,17,0,0.76,0.70,0.80,29.12,17,17,0,1148.62,1139.40,1159.00,24.57,17,0,0
1424089,0.33,0.30,0.40,30.60,17,17,0,0.01,-0.10,0.10,28.96,17,17,0,0.35,0.30,0.40,29.26,17,17,0,0.80,0.80,0.80,28.73,17,17,0,0.19,0.10,0.20,29.23,17,17,0,0.79,0.70,0.80,29.13,17,17,0,1131.02,1113.30,1145.30,24.55,17,0,0
1424597,0.34,0.30,0.40,30.59,17,17,0,0.03,0.00,0.10,28.97,17,17,0,0.39,0.30,0.40,29.25,17,17,0,0.80,0.80,0.80,28.73,17,17,0,0.18,0.10,0.20,29.21,17,17,0,0.78,0.70,0.80,29.12,17,17,0,1119.54,1106.70,1132.20,24.56,17,0,0
1425101,0.34,0.30,0.40,30.60,17,17,0,0.02,-0.10,0.10,28.96,17,17,0,0.37,0.30,0.40,29.27,17,17,0,0.80,0.80,0.80,28.74,17,17,0,0.18,0.10,0.20,29.20,17,17,0,0.78,0.70,0.80,29.14,17,17,0,1129.26,1122.10,1139.10,24.56,17,0,0
1425602,0.35,0.30,0.40,30.59,17,17,0,0.02,0.00,0.10,28.99,17,17,0,0.38,0.30,0.40,29.25,17,17,0,0.80,0.80,0.80,28.72,17,17,0,0.19,0.10,0.20,29.21,17,17,0,0.76,0.70,0.80,29.13,17,17,0,1126.08,1117.60,1135.80,24.57,17,0,0
1426106,0.32,0.30,0.40,30.61,17,17,0,0.03,-0.10,0.10,28.97,17,17,0,0.38,0.30,0.40,29.27,17,17,0,0.80,0.80,0.80,28.73,17,17,0,0.19,0.10,0.20,29.21,17,17,0,0.78,0.70,0.80,29.13,17,17,0,1108.27,1097.30,1115.70,24.59,17,0,0
1426612,0.34,0.30,0.40,30.60,17,17,0,0.03,0.00,0.10,28.96,17,17,0,0.36,0.30,0.40,29.26,17,17,0,0.80,0.80,0.80,28.73,17,17,0,0.19,0.10,0.20,29.22,17,17,0,0.78,0.70,0.80,29.13,17,17,0,1108.99,1097.70,1116.40,24.57,17,0,0
1427112,0.34,0.30,0.40,30.59,17,17,0,0.02,-0.10,0.10,28.96,17,17,0,0.38,0.30,0.40,29.27,17,17,0,0.80,0.80,0.80,28.73,17,17,0,0.19,0.10,0.20,29.21,17,17,0,0.76,0.70,0.80,29.12,17,17,0,1117.62,1108.60,1125.20,24.57,17,0,0
1427612,0.34,0.30,0.40,30.60,17,17,0,0.02,0.00,0.10,28.95,17,17,0,0.38,0.30,0.40,29.26,17,17,0,0.80,0.80,0.80,28.75,17,17,0,0.18,0.10,0.20,29.22,17,17,0,0.78,0.70,0.80,29.11,17,17,0,1105.71,1090.30,1119.70,24.57,17,0,0
1428114,0.34,0.30,0.40,30.60,17,17,0,0.01,-0.10,0.10,28.96,17,17,0,0.38,0.30,0.40,29.26,17,17,0,0.79,0.70,0.80,28.72,17,17,0,0.19,0.10,0.20,29.22,17,17,0,0.76,0.70,0.80,29.13,17,17,0,1101.01,1090.90,1105.80,24.57,17,0,0
1428614,0.32,0.30,0.40,30.59,17,17,0,0.01,-0.10,0.10,28.97,17,17,0,0.38,0.30,0.40,29.25,17,17,0,0.80,0.80,0.80,28.74,17,17,0,0.18,0.10,0.20,29.22,17,17,0,0.79,0.70,0.80,29.11,17,17,0,1103.40,1093.80,1117.20,24.57,17,0,0
1429116,0.33,0.30,0.40,30.57,17,17,0,0.04,-0.10,0.10,28.96,17,17,0,0.38,0.30,0.40,29.26,17,17,0,0.79,0.70,0.80,28.73,17,17,0,0.16,0.10,0.20,29.21,17,17,0,0.76,0.70,0.80,29.11,17,17,0,1101.84,1092.60,1109.70,24.56,17,0,0
1429616,0.34,0.30,0.40,30.59,17,17,0,-0.01,-0.10,0.10,28.97,17,17,0,0.36,0.30,0.40,29.27,17,17,0,0.81,0.80,0.90,28.72,17,17,0,0.18,0.10,0.20,29.23,17,17,0,0.78,0.70,0.80,29.13,17,17,0,1085.18,1075.20,1097.80,24.54,17,0,0
1430125,0.33,0.30,0.40,30.60,17,17,0,0.00,-0.10,0.10,28.95,17,17,0,0.35,0.30,0.40,29.24,17,17,0,0.79,0.70,0.80,28.73,17,17,0,0.16,0.10,0.20,29.23,17,17,0,0.79,0.70,0.80,29.13,17,17,0,1088.43,1077.20,1099.70,24.56,17,0,0
1430630,0.32,0.30,0.40,30.59,17,17,0,0.02,-0.10,0.10,28.96,17,17,0,0.38,0.30,0.40,29.27,17,17,0,0.80,0.80,0.80,28.74,17,17,0,0.19,0.10,0.20,29.23,17,17,0,0.78,0.70,0.80,29.14,17,17,0,1093.41,1086.20,1101.10,24.55,17,0,0
1431130,0.32,0.30,0.40,30.59,17,17,0,0.02,-0.10,0.10,28.96,17,17,0,0.37,0.30,0.40,29.26,17,17,0,0.80,0.80,0.80,28.73,17,17,0,0.18,0.10,0.20,29.24,17,17,0,0.76,0.70,0.80,29.12,17,17,0,1084.62,1077.30,1091.50,24.58,17,0,0
1431632,0.34,0.30,0.40,30.61,17,17,0,0.02,-0.10,0.10,28.96,17,17,0,0.36,0.30,0.40,29.26,17,17,0,0.80,0.80,0.80,28.75,17,17,0,0.19,0.10,0.20,29.22,17,17,0,0.76,0.70,0.80,29.12,17,17,0,1077.14,1069.20,1088.50,24.55,17,0,0
1432132,0.33,0.30,0.40,30.59,17,17,0,0.02,-0.10,0.10,28.97,17,17,0,0.38,0.30,0.40,29.25,17,17,0,0.81,0.80,0.90,28.73,17,17,0,0.19,0.10,0.20,29.23,17,17,0,0.77,0.70,0.80,29.14,17,17,0,1086.74,1077.60,1095.80,24.53,17,0,0
1432634,0.32,0.30,0.40,30.60,17,17,0,0.04,0.00,0.10,28.98,17,17,0,0.37,0.30,0.40,29.24,17,17,0,0.80,0.80,0.80,28.73,17,17,0,0.18,0.10,0.20,29.23,17,17,0,0.78,0.70,0.80,29.14,17,17,0,1094.91,1084.90,1102.30,24.56,17,0,0
1433134,0.32,0.30,0.40,30.60,17,17,0,0.01,-0.10,0.10,28.98,17,17,0,0.38,0.30,0.40,29.26,17,17,0,0.80,0.80,0.80,28.73,17,17,0,0.18,0.10,0.20,29.24,17,17,0,0.78,0.70,0.80,29.14,17,17,0,1078.95,1063.60,1089.80,24.54,17,0,0
1433639,0.35,0.30,0.40,30.59,17,17,0,0.02,0.00,0.10,28.98,17,17,0,0.39,0.30,0.40,29.26,17,17,0,0.81,0.80,0.90,28.74,17,17,0,0.19,0.10,0.20,29.21,17,17,0,0.78,0.70,0.80,29.15,17,17,0,1079.94,1068.60,1087.90,24.55,17,0,0
1434143,0.32,0.30,0.40,30.60,17,17,0,0.03,-0.10,0.10,28.97,17,17,0,0.37,0.30,0.40,29.27,17,17,0,0.79,0.70,0.80,28.74,17,17,0,0.19,0.10,0.20,29.22,17,17,0,0.78,0.70,0.80,29.14,17,17,0,1094.34,1085.60,1105.70,24.55,17,0,0
1434648,0.32,0.30,0.40,30.59,17,17,0,0.02,-0.10,0.10,28.96,17,17,0,0.37,0.30,0.40,29.26,17,17,0,0.80,0.70,0.90,28.73,17,17,0,0.20,0.20,0.20,29.24,17,17,0,0.78,0.70,0.80,29.12,17,17,0,1084.56,1075.30,1107.10,24.55,17,0,0
1435150,0.35,0.30,0.40,30.61,17,17,0,0.02,-0.10,0.10,28.97,17,17,0,0.37,0.30,0.40,29.26,17,17,0,0.80,0.80,0.80,28.74,17,17,0,0.19,0.10,0.20,29.23,17,17,0,0.78,0.70,0.80,29.13,17,17,0,1077.16,1048.80,1115.40,24.55,17,0,0
1435650,0.35,0.30,0.40,30.60,17,17,0,0.01,-0.10,0.10,28.97,17,17,0,0.39,0.30,0.40,29.25,17,17,0,0.79,0.70,0.80,28.75,17,17,0,0.19,0.10,0.30,29.23,17,17,0,0.79,0.70,0.80,29.13,17,17,0,1082.76,1039.60,1105.20,24.55,17,0,0
1436152,0.35,0.30,0.40,30.62,17,17,0,0.03,0.00,0.10,28.98,17,17,0,0.36,0.30,0.40,29.26,17,17,0,0.80,0.70,0.90,28.73,17,17,0,0.17,0.10,0.20,29.22,17,17,0,0.79,0.70,0.80,29.14,17,17,0,1104.28,1072.20,1132.00,24.56,17,0,0
1436652,0.34,0.30,0.40,30.61,17,17,0,0.00,-0.10,0.10,28.97,17,17,0,0.38,0.30,0.40,29.26,17,17,0,0.79,0.70,0.80,28.76,17,17,0,0.20,0.20,0.20,29.22,17,17,0,0.77,0.70,0.80,29.13,17,17,0,1069.27,1030.30,1110.20,24.54,17,0,0
1437154,0.35,0.30,0.40,30.60,17,17,0,0.06,0.00,0.10,28.96,17,17,0,0.38,0.30,0.40,29.26,17,17,0,0.80,0.80,0.80,28.73,17,17,0,0.19,0.10,0.20,29.24,17,17,0,0.78,0.70,0.80,29.11,17,17,0,1059.99,1034.00,1094.20,24.56,17,0,0
1437665,0.33,0.30,0.40,30.60,17,17,0,0.03,0.00,0.10,28.97,17,17,0,0.36,0.30,0.40,29.25,17,17,0,0.80,0.80,0.80,28.74,17,17,0,0.18,0.10,0.20,29.24,17,17,0,0.75,0.70,0.80,29.13,17,17,0,1093.60,1075.10,1118.00,24.54,17,0,0
1438165,0.33,0.30,0.40,30.61,16,16,0,0.03,-0.10,0.10,28.98,16,16,0,0.38,0.30,0.40,29.26,16,16,0,0.80,0.80,0.80,28.74,16,16,0,0.18,0.10,0.20,29.23,16,16,0,0.78,0.70,0.80,29.12,16,16,0,1072.17,1052.20,1123.20,24.55,16,0,0
1438667,0.34,0.30,0.40,30.61,17,17,0,0.04,0.00,0.10,28.99,17,17,0,0.36,0.30,0.40,29.24,17,17,0,0.79,0.70,0.80,28.76,17,17,0,0.17,0.10,0.20,29.23,17,17,0,0.79,0.70,0.80,29.13,17,17,0,1061.95,1044.90,1076.90,24.55,17,0,0
1439167,0.34,0.30,0.40,30.61,17,17,0,0.01,-0.10,0.10,28.97,17,17,0,0.36,0.30,0.40,29.26,17,17,0,0.79,0.70,0.80,28.74,17,17,0,0.18,0.10,0.20,29.23,17,17,0,0.77,0.70,0.80,29.13,17,17,0,1083.44,1044.60,1101.20,24.57,17,0,0
1439669,0.34,0.30,0.40,30.61,17,17,0,0.04,0.00,0.10,28.98,17,17,0,0.36,0.30,0.40,29.25,17,17,0,0.80,0.80,0.80,28.74,17,17,0,0.19,0.10,0.20,29.23,17,17,0,0.77,0.70,0.80,29.14,17,17,0,1071.43,1004.90,1120.50,24.54,17,0,0
1440169,0.35,0.30,0.40,30.59,17,17,0,0.05,-0.10,0.10,28.96,17,17,0,0.36,0.30,0.40,29.24,17,17,0,0.79,0.70,0.80,28.75,17,17,0,0.19,0.10,0.30,29.22,17,17,0,0.76,0.70,0.80,29.11,17,17,0,1075.63,1050.40,1119.70,24.55,17,0,0
1440669,0.33,0.30,0.40,30.60,16,16,0,0.04,0.00,0.10,28.98,16,16,0,0.38,0.30,0.40,29.27,16,16,0,0.80,0.80,0.80,28.76,16,16,0,0.18,0.10,0.20,29.23,16,16,0,0.77,0.70,0.80,29.12,16,16,0,1045.20,1003.90,1086.60,24.55,16,0,0
1441169,0.34,0.30,0.40,30.60,17,17,0,0.01,-0.10,0.10,28.97,17,17,0,0.39,0.30,0.40,29.26,17,17,0,0.80,0.80,0.80,28.74,17,17,0,0.16,0.10,0.20,29.23,17,17,0,0.78,0.70,0.80,29.14,17,17,0,1089.83,1078.90,1103.80,24.54,17,0,0
1441669,0.35,0.30,0.40,30.60,17,17,0,0.04,-0.10,0.10,28.98,17,17,0,0.36,0.30,0.40,29.24,17,17,0,0.80,0.80,0.80,28.75,17,17,0,0.16,0.10,0.20,29.23,17,17,0,0.78,0.70,0.80,29.13,17,17,0,1089.23,1074.60,1103.10,24.54,17,0,0
1442172,0.32,0.30,0.40,30.62,17,17,0,0.02,-0.10,0.10,28.96,17,17,0,0.38,0.30,0.40,29.27,17,17,0,0.80,0.80,0.80,28.75,17,17,0,0.16,0.10,0.20,29.26,17,17,0,0.79,0.70,0.80,29.13,17,17,0,1074.48,1071.10,1078.20,24.55,17,0,0
1442672,0.34,0.30,0.40,30.61,17,17,0,0.02,0.00,0.10,28.98,17,17,0,0.38,0.30,0.40,29.24,17,17,0,0.80,0.80,0.80,28.75,17,17,0,0.18,0.10,0.20,29.23,17,17,0,0.79,0.70,0.80,29.14,17,17,0,1086.98,1076.30,1098.80,24.57,17,0,0
1443175,0.31,0.30,0.40,30.60,17,17,0,0.04,0.00,0.10,28.99,17,17,0,0.38,0.30,0.40,29.26,17,17,0,0.80,0.80,0.80,28.76,17,17,0,0.19,0.10,0.20,29.25,17,17,0,0.78,0.70,0.80,29.15,17,17,0,1104.09,1098.30,1108.80,24.54,17,0,0
1443675,0.33,0.30,0.40,30.61,17,17,0,0.02,-0.10,0.10,28.98,17,17,0,0.38,0.30,0.40,29.25,17,17,0,0.81,0.80,0.90,28.76,17,17,0,0.19,0.10,0.30,29.23,17,17,0,0.78,0.70,0.80,29.13,17,17,0,1083.67,1077.20,1094.60,24.54,17,0,0
1444177,0.35,0.30,0.40,30.61,17,17,0,0.03,0.00,0.10,28.97,17,17,0,0.37,0.30,0.40,29.24,17,17,0,0.79,0.70,0.80,28.74,17,17,0,0.20,0.20,0.20,29.24,17,17,0,0.79,0.70,0.80,29.14,17,17,0,1082.54,1077.30,1090.40,24.54,17,0,0
1444677,0.35,0.30,0.40,30.61,17,17,0,0.04,0.00,0.10,28.97,17,17,0,0.36,0.30,0.40,29.25,17,17,0,0.80,0.80,0.80,28.74,17,17,0,0.19,0.10,0.20,29.25,17,17,0,0.79,0.70,0.80,29.14,17,17,0,1097.56,1087.70,1106.40,24.52,17,0,0
1445181,0.33,0.30,0.40,30.61,17,17,0,0.04,-0.10,0.10,28.96,17,17,0,0.37,0.30,0.40,29.26,17,17,0,0.80,0.80,0.80,28.76,17,17,0,0.17,0.10,0.20,29.23,17,17,0,0.78,0.70,0.80,29.13,17,17,0,1095.13,1082.40,1103.00,24.53,17,0,0
1445689,0.33,0.30,0.40,30.60,17,17,0,0.04,-0.10,0.10,28.98,17,17,0,0.35,0.30,0.40,29.24,17,17,0,0.81,0.80,0.90,28.74,17,17,0,0.19,0.10,0.20,29.23,17,17,0,0.79,0.70,0.80,29.13,17,17,0,1085.88,1077.70,1095.00,24.55,17,0,0
1446189,0.35,0.30,0.40,30.60,17,17,0,0.01,-0.10,0.10,28.99,17,17,0,0.35,0.30,0.40,29.25,17,17,0,0.79,0.70,0.80,28.77,17,17,0,0.19,0.10,0.20,29.24,17,17,0,0.79,0.70,0.80,29.14,17,17,0,1098.54,1085.80,1112.00,24.55,17,0,0
1446694,0.33,0.30,0.40,30.61,17,17,0,0.02,-0.10,0.10,28.98,17,17,0,0.35,0.30,0.40,29.26,17,17,0,0.80,0.80,0.80,28.76,17,17,0,0.18,0.10,0.20,29.22,17,17,0,0.78,0.70,0.80,29.14,17,17,0,1110.01,1095.90,1121.90,24.54,17,0,0
1447194,0.35,0.30,0.40,30.61,17,17,0,0.02,-0.10,0.10,28.97,17,17,0,0.35,0.30,0.40,29.25,17,17,0,0.79,0.70,0.80,28.76,17,17,0,0.19,0.10,0.20,29.25,17,17,0,0.77,0.70,0.80,29.14,17,17,0,1106.78,1097.60,1116.50,24.56,17,0,0
1447702,0.32,0.30,0.40,30.62,17,17,0,0.02,-0.10,0.10,28.98,17,17,0,0.35,0.30,0.40,29.26,17,17,0,0.80,0.80,0.80,28.75,17,17,0,0.16,0.10,0.20,29.25,17,17,0,0.79,0.70,0.80,29.13,17,17,0,1109.02,1098.80,1123.90,24.53,17,0,0
1448212,0.31,0.30,0.40,30.60,17,17,0,0.02,0.00,0.10,28.98,17,17,0,0.35,0.30,0.40,29.26,17,17,0,0.80,0.80,0.80,28.76,17,17,0,0.19,0.10,0.20,29.25,17,17,0,0.78,0.70,0.80,29.15,17,17,0,1117.09,1102.00,1134.90,24.53,17,0,0
1448712,0.34,0.30,0.40,30.62,17,17,0,0.02,-0.10,0.10,28.98,17,17,0,0.38,0.30,0.40,29.25,17,17,0,0.80,0.80,0.80,28.77,17,17,0,0.18,0.10,0.20,29.24,17,17,0,0.79,0.70,0.80,29.13,17,17,0,1115.72,1103.70,1124.90,24.54,17,0,0
1449213,0.33,0.30,0.40,30.61,17,17,0,0.02,0.00,0.10,28.99,17,17,0,0.34,0.30,0.40,29.25,17,17,0,0.80,0.80,0.80,28.77,17,17,0,0.18,0.10,0.20,29.23,17,17,0,0.76,0.70,0.80,29.14,17,17,0,1118.00,1105.10,1138.30,24.53,17,0,0
1449717,0.31,0.30,0.40,30.59,17,17,0,0.04,0.00,0.10,28.97,17,17,0,0.36,0.30,0.40,29.25,17,17,0,0.81,0.80,0.90,28.75,17,17,0,0.18,0.10,0.20,29.23,17,17,0,0.78,0.70,0.80,29.14,17,17,0,1126.52,1111.00,1140.20,24.52,17,0,0
1450230,0.34,0.30,0.40,30.60,17,17,0,0.04,-0.10,0.10,28.99,17,17,0,0.34,0.30,0.40,29.25,17,17,0,0.80,0.80,0.80,28.77,17,17,0,0.18,0.10,0.20,29.24,17,17,0,0.79,0.70,0.80,29.14,17,17,0,1135.74,1123.50,1148.30,24.52,17,0,0
1450734,0.32,0.30,0.40,30.60,17,17,0,0.04,0.00,0.10,28.98,17,17,0,0.33,0.30,0.40,29.25,17,17,0,0.80,0.80,0.80,28.77,17,17,0,0.17,0.10,0.20,29.22,17,17,0,0.79,0.70,0.80,29.13,17,17,0,1134.39,1127.50,1142.10,24.53,17,0,0
1451235,0.34,0.30,0.40,30.60,17,17,0,0.02,0.00,0.10,28.98,17,17,0,0.36,0.30,0.40,29.26,17,17,0,0.80,0.80,0.80,28.76,17,17,0,0.19,0.10,0.20,29.25,17,17,0,0.76,0.70,0.80,29.15,17,17,0,1139.91,1130.50,1147.40,24.53,17,0,0
1451739,0.34,0.30,0.40,30.60,17,17,0,0.03,-0.10,0.10,28.98,17,17,0,0.35,0.30,0.40,29.25,17,17,0,0.80,0.80,0.80,28.75,17,17,0,0.19,0.10,0.20,29.23,17,17,0,0.77,0.70,0.80,29.14,17,17,0,1145.16,1133.70,1155.20,24.52,17,0,0
1452252,0.33,0.30,0.40,30.62,17,17,0,0.01,-0.10,0.10,28.99,17,17,0,0.35,0.30,0.40,29.26,17,17,0,0.80,0.70,0.90,28.78,17,17,0,0.17,0.10,0.20,29.24,17,17,0,0.78,0.70,0.80,29.15,17,17,0,1146.29,1140.40,1152.90,24.50,17,0,0
1452752,0.32,0.30,0.40,30.63,17,17,0,0.03,-0.10,0.10,28.99,17,17,0,0.35,0.30,0.40,29.26,17,17,0,0.79,0.70,0.80,28.76,17,17,0,0.19,0.10,0.20,29.24,17,17,0,0.78,0.70,0.80,29.14,17,17,0,1143.08,1136.70,1151.50,24.51,17,0,0
1453256,0.34,0.30,0.40,30.61,17,17,0,0.02,-0.10,0.10,28.99,17,17,0,0.37,0.30,0.40,29.25,17,17,0,0.81,0.80,0.90,28.77,17,17,0,0.19,0.10,0.20,29.25,17,17,0,0.78,0.70,0.80,29.14,17,17,0,1154.54,1142.70,1163.90,24.51,17,0,0
1453760,0.34,0.30,0.40,30.61,17,17,0,0.03,0.00,0.10,28.98,17,17,0,0.37,0.30,0.40,29.25,17,17,0,0.80,0.80,0.80,28.77,17,17,0,0.19,0.10,0.20,29.24,17,17,0,0.78,0.70,0.80,29.13,17,17,0,1162.41,1152.10,1181.10,24.52,17,0,0
1454263,0.32,0.30,0.40,30.60,17,17,0,0.05,0.00,0.10,28.99,17,17,0,0.36,0.30,0.40,29.25,17,17,0,0.80,0.80,0.80,28.77,17,17,0,0.18,0.10,0.20,29.23,17,17,0,0.76,0.70,0.80,29.15,17,17,0,1153.76,1143.50,1168.90,24.51,17,0,0
1454771,0.34,0.30,0.40,30.61,17,17,0,0.04,-0.10,0.10,28.97,17,17,0,0.36,0.30,0.40,29.26,17,17,0,0.80,0.80,0.80,28.76,17,17,0,0.18,0.10,0.20,29.24,17,17,0,0.76,0.70,0.80,29.13,17,17,0,1155.72,1143.60,1163.80,24.52,17,0,0
1455276,0.32,0.30,0.40,30.60,17,17,0,0.03,-0.10,0.10,28.99,17,17,0,0.36,0.30,0.40,29.24,17,17,0,0.80,0.80,0.80,28.76,17,17,0,0.19,0.10,0.20,29.25,17,17,0,0.79,0.70,0.80,29.14,17,17,0,1169.36,1160.30,1182.00,24.51,17,0,0
1455778,0.33,0.30,0.40,30.61,17,17,0,0.02,0.00,0.10,28.98,17,17,0,0.36,0.30,0.40,29.25,17,17,0,0.81,0.80,0.90,28.77,17,17,0,0.19,0.10,0.20,29.25,17,17,0,0.78,0.70,0.80,29.15,17,17,0,1162.35,1153.60,1174.90,24.53,17,0,0
1456281,0.34,0.30,0.40,30.61,17,17,0,0.02,0.00,0.10,28.98,17,17,0,0.38,0.30,0.40,29.24,17,17,0,0.79,0.70,0.80,28.76,17,17,0,0.18,0.10,0.20,29.25,17,17,0,0.79,0.70,0.80,29.13,17,17,0,1154.75,1146.70,1167.40,24.50,17,0,0
1456781,0.35,0.30,0.40,30.59,17,17,0,0.02,-0.10,0.10,28.99,17,17,0,0.36,0.30,0.40,29.26,17,17,0,0.80,0.80,0.80,28.80,17,17,0,0.18,0.10,0.20,29.26,17,17,0,0.77,0.70,0.80,29.16,17,17,0,1159.22,1150.30,1169.30,24.51,17,0,0
1457283,0.35,0.30,0.40,30.62,17,17,0,0.02,-0.10,0.10,29.00,17,17,0,0.36,0.30,0.40,29.26,17,17,0,0.80,0.80,0.80,28.76,17,17,0,0.19,0.10,0.20,29.25,17,17,0,0.79,0.70,0.80,29.15,17,17,0,1166.15,1142.30,1185.90,24.52,17,0,0
1457783,0.32,0.30,0.40,30.59,17,17,0,0.01,-0.10,0.10,28.99,17,17,0,0.33,0.30,0.40,29.26,17,17,0,0.80,0.80,0.80,28.76,17,17,0,0.18,0.10,0.20,29.24,17,17,0,0.79,0.70,0.80,29.13,17,17,0,1145.02,1133.30,1158.70,24.52,17,0,0
1458296,0.32,0.30,0.40,30.60,17,17,0,0.01,-0.10,0.10,29.00,17,17,0,0.34,0.30,0.40,29.26,17,17,0,0.81,0.80,0.90,28.78,17,17,0,0.17,0.10,0.20,29.25,17,17,0,0.78,0.70,0.80,29.15,17,17,0,1142.84,1133.20,1157.60,24.53,17,0,0
1458796,0.31,0.30,0.40,30.59,17,17,0,0.02,0.00,0.10,28.98,17,17,0,0.33,0.30,0.40,29.25,17,17,0,0.80,0.80,0.80,28.78,17,17,0,0.18,0.10,0.20,29.24,17,17,0,0.79,0.70,0.80,29.14,17,17,0,1156.46,1141.20,1162.20,24.49,17,0,0
1459296,0.31,0.30,0.40,30.61,16,16,0,0.05,0.00,0.10,29.00,16,16,0,0.36,0.30,0.40,29.25,16,16,0,0.80,0.80,0.80,28.78,16,16,0,0.18,0.10,0.20,29.26,16,16,0,0.75,0.70,0.80,29.15,16,16,0,1142.57,1129.10,1156.50,24.50,16,0,0
1459808,0.33,0.30,0.40,30.62,17,17,0,0.03,-0.10,0.10,29.00,17,17,0,0.35,0.30,0.40,29.25,17,17,0,0.80,0.80,0.80,28.78,17,17,0,0.18,0.10,0.20,29.24,17,17,0,0.78,0.70,0.80,29.12,17,17,0,1122.06,1113.40,1130.30,24.53,17,0,0
1460308,0.33,0.30,0.40,30.60,16,16,0,0.04,0.00,0.10,28.99,16,16,0,0.38,0.30,0.40,29.25,16,16,0,0.81,0.80,0.90,28.76,16,16,0,0.19,0.10,0.20,29.24,16,16,0,0.78,0.70,0.80,29.15,16,16,0,1132.78,1120.00,1141.10,24.52,16,0,0
1460815,0.33,0.30,0.40,30.61,17,17,0,0.02,-0.10,0.10,28.99,17,17,0,0.33,0.30,0.40,29.24,17,17,0,0.80,0.80,0.80,28.78,17,17,0,0.20,0.20,0.20,29.24,17,17,0,0.74,0.70,0.80,29.13,17,17,0,1140.46,1128.10,1149.30,24.51,17,0,0
1461320,0.31,0.30,0.40,30.61,17,17,0,0.02,0.00,0.10,28.99,17,17,0,0.36,0.30,0.40,29.24,17,17,0,0.80,0.80,0.80,28.76,17,17,0,0.19,0.10,0.20,29.23,17,17,0,0.77,0.70,0.80,29.15,17,17,0,1115.21,1099.70,1127.50,24.52,17,0,0
1461820,0.32,0.30,0.40,30.60,17,17,0,0.04,-0.10,0.10,28.98,17,17,0,0.35,0.30,0.40,29.26,17,17,0,0.80,0.80,0.80,28.78,17,17,0,0.18,0.10,0.20,29.25,17,17,0,0.76,0.70,0.80,29.14,17,17,0,1108.90,1098.70,1119.20,24.53,17,0,0
1462320,0.35,0.30,0.40,30.61,16,16,0,0.03,0.00,0.10,28.98,16,16,0,0.35,0.30,0.40,29.25,16,16,0,0.80,0.80,0.80,28.77,16,16,0,0.19,0.10,0.20,29.25,16,16,0,0.79,0.70,0.80,29.15,16,16,0,1124.64,1109.30,1138.50,24.50,16,0,0
1462820,0.32,0.30,0.40,30.62,17,17,0,0.02,-0.10,0.10,28.99,17,17,0,0.36,0.30,0.40,29.26,17,17,0,0.80,0.80,0.80,28.78,17,17,0,0.19,0.10,0.20,29.27,17,17,0,0.77,0.70,0.80,29.13,17,17,0,1116.42,1108.60,1126.20,24.51,17,0,0
1463320,0.33,0.30,0.40,30.61,16,16,0,0.04,-0.10,0.10,28.99,16,16,0,0.37,0.30,0.40,29.25,16,16,0,0.80,0.80,0.80,28.79,16,16,0,0.19,0.10,0.20,29.25,16,16,0,0.78,0.70,0.80,29.15,16,16,0,1102.62,1093.70,1111.10,24.52,16,0,0
1463820,0.32,0.30,0.40,30.60,17,17,0,0.01,-0.10,0.10,29.01,17,17,0,0.34,0.30,0.40,29.26,17,17,0,0.80,0.80,0.80,28.79,17,17,0,0.20,0.10,0.30,29.24,17,17,0,0.76,0.70,0.80,29.15,17,17,0,1106.67,1095.00,1120.80,24.52,17,0,0
1464328,0.32,0.30,0.40,30.62,17,17,0,0.02,-0.10,0.10,29.00,17,17,0,0.37,0.30,0.40,29.25,17,17,0,0.80,0.80,0.80,28.78,17,17,0,0.19,0.10,0.20,29.24,17,17,0,0.78,0.70,0.80,29.16,17,17,0,1109.29,1089.20,1125.80,24.52,17,0,0
1464832,0.34,0.30,0.40,30.61,17,17,0,0.02,-0.10,0.10,28.98,17,17,0,0.35,0.30,0.40,29.26,17,17,0,0.80,0.80,0.80,28.76,17,17,0,0.16,0.10,0.20,29.25,17,17,0,0.76,0.70,0.80,29.14,17,17,0,1089.02,1065.30,1104.20,24.51,17,0,0
1465341,0.33,0.30,0.40,30.63,17,17,0,0.01,-0.10,0.10,29.01,17,17,0,0.34,0.30,0.40,29.25,17,17,0,0.81,0.80,0.90,28.79,17,17,0,0.16,0.10,0.20,29.26,17,17,0,0.78,0.70,0.80,29.15,17,17,0,1086.65,1074.60,1101.30,24.52,17,0,0
1465841,0.32,0.30,0.40,30.62,17,17,0,0.01,-0.10,0.10,28.99,17,17,0,0.37,0.30,0.40,29.23,17,17,0,0.80,0.80,0.80,28.78,17,17,0,0.18,0.10,0.20,29.26,17,17,0,0.78,0.70,0.80,29.14,17,17,0,1101.80,1092.90,1111.10,24.53,17,0,0
1466354,0.32,0.30,0.40,30.61,17,17,0,0.03,-0.10,0.10,28.99,17,17,0,0.35,0.30,0.40,29.24,17,17,0,0.80,0.80,0.80,28.79,17,17,0,0.17,0.10,0.20,29.26,17,17,0,0.78,0.70,0.80,29.15,17,17,0,1097.39,1089.20,1105.50,24.51,17,0,0
1466855,0.32,0.30,0.40,30.62,17,17,0,0.02,0.00,0.10,29.00,17,17,0,0.35,0.30,0.40,29.24,17,17,0,0.80,0.80,0.80,28.78,17,17,0,0.19,0.10,0.20,29.26,17,17,0,0.78,0.70,0.80,29.15,17,17,0,1086.22,1082.60,1091.10,24.52,17,0,0
1467355,0.33,0.30,0.40,30.61,17,17,0,0.04,-0.10,0.10,29.00,17,17,0,0.36,0.30,0.40,29.25,17,17,0,0.79,0.70,0.80,28.79,17,17,0,0.18,0.10,0.20,29.27,17,17,0,0.78,0.70,0.80,29.13,17,17,0,1090.69,1086.90,1098.10,24.51,17,0,0
1467857,0.33,0.30,0.40,30.62,17,17,0,0.02,-0.10,0.10,29.00,17,17,0,0.35,0.30,0.40,29.25,17,17,0,0.80,0.80,0.80,28.78,17,17,0,0.18,0.10,0.20,29.28,17,17,0,0.79,0.70,0.80,29.16,17,17,0,1100.11,1092.30,1103.80,24.52,17,0,0
1468366,0.32,0.30,0.40,30.61,17,17,0,0.02,-0.10,0.10,29.00,17,17,0,0.36,0.30,0.40,29.25,17,17,0,0.80,0.80,0.80,28.79,17,17,0,0.19,0.10,0.20,29.24,17,17,0,0.76,0.70,0.80,29.16,17,17,0,1087.71,1080.10,1094.50,24.51,17,0,0
1468873,0.34,0.30,0.40,30.62,17,17,0,0.03,-0.10,0.10,28.99,17,17,0,0.38,0.30,0.40,29.23,17,17,0,0.80,0.80,0.80,28.78,17,17,0,0.18,0.10,0.20,29.25,17,17,0,0.77,0.70,0.80,29.15,17,17,0,1084.84,1077.90,1093.60,24.53,17,0,0
1469373,0.32,0.30,0.40,30.61,17,17,0,0.02,-0.10,0.10,29.00,17,17,0,0.38,0.30,0.40,29.23,17,17,0,0.80,0.80,0.80,28.78,17,17,0,0.19,0.10,0.20,29.26,17,17,0,0.76,0.70,0.80,29.15,17,17,0,1099.25,1089.10,1112.10,24.52,17,0,0
1469875,0.34,0.30,0.40,30.64,17,17,0,0.02,-0.10,0.10,29.01,17,17,0,0.38,0.30,0.40,29.26,17,17,0,0.80,0.80,0.80,28.78,17,17,0,0.19,0.10,0.20,29.27,17,17,0,0.76,0.70,0.80,29.14,17,17,0,1099.84,1089.60,1111.20,24.52,17,0,0
1470379,0.34,0.30,0.40,30.62,17,17,0,0.02,-0.10,0.10,29.00,17,17,0,0.37,0.30,0.40,29.25,17,17,0,0.80,0.80,0.80,28.79,17,17,0,0.17,0.10,0.20,29.25,17,17,0,0.75,0.70,0.80,29.16,17,17,0,1084.58,1077.30,1090.90,24.52,17,0,0
1470879,0.34,0.30,0.40,30.60,17,17,0,-0.01,-0.10,0.10,29.01,17,17,0,0.35,0.30,0.40,29.24,17,17,0,0.80,0.80,0.80,28.78,17,17,0,0.18,0.10,0.20,29.25,17,17,0,0.76,0.70,0.80,29.15,17,17,0,1092.14,1069.30,1111.30,24.51,17,0,0
1471388,0.34,0.30,0.40,30.62,17,17,0,0.02,0.00,0.10,29.00,17,17,0,0.36,0.30,0.40,29.26,17,17,0,0.80,0.80,0.80,28.80,17,17,0,0.18,0.10,0.20,29.25,17,17,0,0.77,0.70,0.80,29.15,17,17,0,1106.58,1086.80,1122.80,24.51,17,0,0
1471893,0.32,0.30,0.40,30.60,17,17,0,0.02,-0.10,0.10,28.99,17,17,0,0.38,0.30,0.40,29.25,17,17,0,0.81,0.80,0.90,28.80,17,17,0,0.18,0.10,0.20,29.26,17,17,0,0.78,0.70,0.80,29.14,17,17,0,1096.14,1091.20,1105.30,24.52,17,0,0
1472400,0.33,0.30,0.40,30.63,17,17,0,0.01,-0.10,0.10,28.99,17,17,0,0.37,0.30,0.40,29.25,17,17,0,0.80,0.80,0.80,28.80,17,17,0,0.18,0.10,0.20,29.25,17,17,0,0.78,0.70,0.80,29.14,17,17,0,1092.94,1087.30,1101.90,24.54,17,0,0
1472900,0.33,0.30,0.40,30.63,17,17,0,0.01,-0.10,0.10,29.01,17,17,0,0.37,0.30,0.40,29.26,17,17,0,0.80,0.80,0.80,28.79,17,17,0,0.19,0.10,0.20,29.24,17,17,0,0.79,0.70,0.80,29.13,17,17,0,1103.58,1096.50,1110.70,24.53,17,0,0
1473402,0.33,0.30,0.40,30.63,17,17,0,0.02,-0.10,0.10,29.00,17,17,0,0.38,0.30,0.40,29.25,17,17,0,0.80,0.80,0.80,28.79,17,17,0,0.19,0.10,0.20,29.27,17,17,0,0.77,0.70,0.80,29.15,17,17,0,1098.27,1082.40,1111.00,24.51,17,0,0
1473903,0.35,0.30,0.40,30.62,17,17,0,0.02,0.00,0.10,29.00,17,17,0,0.36,0.30,0.40,29.27,17,17,0,0.80,0.80,0.80,28.80,17,17,0,0.18,0.10,0.20,29.25,17,17,0,0.78,0.70,0.80,29.14,17,17,0,1082.59,1077.10,1086.90,24.50,17,0,0
1474413,0.32,0.30,0.40,30.63,17,17,0,0.02,-0.10,0.10,29.01,17,17,0,0.36,0.30,0.40,29.25,17,17,0,0.79,0.70,0.80,28.78,17,17,0,0.18,0.10,0.20,29.25,17,17,0,0.78,0.70,0.80,29.13,17,17,0,1089.65,1078.90,1103.20,24.50,17,0,0
1474924,0.32,0.30,0.40,30.63,16,16,0,0.03,0.00,0.10,29.00,16,16,0,0.39,0.30,0.40,29.24,16,16,0,0.80,0.80,0.80,28.77,16,16,0,0.19,0.10,0.20,29.27,16,16,0,0.78,0.70,0.80,29.16,16,16,0,1108.46,1101.70,1115.00,24.52,16,0,0
1475425,0.32,0.30,0.40,30.63,17,17,0,0.04,0.00,0.10,29.00,17,17,0,0.36,0.30,0.40,29.25,17,17,0,0.81,0.80,0.90,28.81,17,17,0,0.20,0.20,0.20,29.26,17,17,0,0.78,0.70,0.80,29.16,17,17,0,1089.55,1080.50,1108.00,24.50,17,0,0
1475931,0.32,0.30,0.40,30.61,17,17,0,0.02,0.00,0.10,29.00,17,17,0,0.39,0.30,0.40,29.24,17,17,0,0.81,0.80,0.90,28.80,17,17,0,0.19,0.10,0.20,29.27,17,17,0,0.78,0.70,0.80,29.17,17,17,0,1084.67,1079.40,1090.30,24.50,17,0,0
1476436,0.36,0.30,0.40,30.63,17,17,0,0.02,0.00,0.10,29.00,17,17,0,0.35,0.30,0.40,29.26,17,17,0,0.80,0.80,0.80,28.79,17,17,0,0.18,0.10,0.20,29.26,17,17,0,0.75,0.70,0.80,29.16,17,17,0,1103.45,1093.10,1113.40,24.52,17,0,0
1476936,0.34,0.30,0.40,30.60,16,16,0,0.02,-0.10,0.10,29.01,16,16,0,0.37,0.30,0.40,29.25,16,16,0,0.80,0.80,0.80,28.80,16,16,0,0.18,0.10,0.20,29.27,16,16,0,0.78,0.70,0.80,29.17,16,16,0,1101.83,1089.20,1115.00,24.51,16,0,0
1477436,0.35,0.30,0.40,30.62,17,17,0,-0.01,-0.10,0.10,29.00,17,17,0,0.38,0.30,0.40,29.25,17,17,0,0.80,0.80,0.80,28.80,17,17,0,0.19,0.10,0.20,29.27,17,17,0,0.78,0.70,0.80,29.15,17,17,0,1083.74,1079.70,1087.90,24.52,17,0,0
1477936,0.33,0.30,0.40,30.63,16,16,0,0.03,0.00,0.10,29.01,16,16,0,0.37,0.30,0.40,29.25,16,16,0,0.81,0.80,0.90,28.80,16,16,0,0.18,0.10,0.20,29.26,16,16,0,0.78,0.70,0.80,29.17,16,16,0,1093.38,1082.90,1103.00,24.52,16,0,0
1478437,0.32,0.30,0.40,30.64,15,15,0,0.03,0.00,0.10,28.99,15,15,0,0.37,0.30,0.40,29.26,15,15,0,0.80,0.80,0.80,28.81,15,15,0,0.19,0.10,0.20,29.26,15,15,0,0.78,0.70,0.80,29.15,15,15,0,1110.63,1103.90,1114.30,24.51,15,0,0
1478938,0.31,0.30,0.40,30.64,17,17,0,0.01,-0.10,0.10,28.99,17,17,0,0.36,0.30,0.40,29.25,17,17,0,0.82,0.80,0.90,28.79,17,17,0,0.18,0.10,0.20,29.28,17,17,0,0.78,0.70,0.80,29.16,17,17,0,1089.95,1084.40,1101.40,24.51,17,0,0
1479444,0.32,0.30,0.40,30.61,17,17,0,0.03,0.00,0.10,29.00,17,17,0,0.35,0.30,0.40,29.25,17,17,0,0.81,0.80,0.90,28.82,17,17,0,0.19,0.10,0.20,29.28,17,17,0,0.77,0.70,0.80,29.17,17,17,0,1083.74,1078.00,1096.80,24.50,17,0,0
1479947,0.34,0.30,0.40,30.61,17,17,0,0.01,-0.10,0.10,29.01,17,17,0,0.36,0.30,0.40,29.24,17,17,0,0.80,0.80,0.80,28.81,17,17,0,0.18,0.10,0.20,29.27,17,17,0,0.78,0.70,0.80,29.16,17,17,0,1106.87,1094.50,1116.00,24.50,17,0,0
1480453,0.33,0.30,0.40,30.62,17,17,0,0.04,-0.10,0.10,29.01,17,17,0,0.36,0.30,0.40,29.24,17,17,0,0.80,0.80,0.80,28.81,17,17,0,0.18,0.10,0.20,29.26,17,17,0,0.78,0.70,0.80,29.16,17,17,0,1104.16,1094.60,1119.50,24.50,17,0,0
1480954,0.33,0.30,0.40,30.62,17,17,0,0.03,0.00,0.10,28.98,17,17,0,0.36,0.30,0.40,29.24,17,17,0,0.80,0.80,0.80,28.80,17,17,0,0.18,0.10,0.20,29.26,17,17,0,0.79,0.70,0.80,29.17,17,17,0,1092.85,1088.30,1097.10,24.52,17,0,0
1481459,0.32,0.30,0.40,30.62,17,17,0,0.03,-0.10,0.10,29.01,17,17,0,0.37,0.30,0.40,29.25,17,17,0,0.80,0.80,0.80,28.79,17,17,0,0.18,0.10,0.20,29.26,17,17,0,0.78,0.70,0.80,29.15,17,17,0,1101.53,1095.20,1108.90,24.51,17,0,0
1481959,0.33,0.30,0.40,30.62,17,17,0,0.01,-0.10,0.10,29.02,17,17,0,0.35,0.30,0.40,29.25,17,17,0,0.80,0.80,0.80,28.83,17,17,0,0.19,0.10,0.20,29.27,17,17,0,0.79,0.70,0.80,29.16,17,17,0,1109.32,1106.00,1112.60,24.50,17,0,0
1482472,0.31,0.30,0.40,30.61,17,17,0,0.02,0.00,0.10,29.01,17,17,0,0.38,0.30,0.40,29.25,17,17,0,0.80,0.80,0.80,28.80,17,17,0,0.19,0.10,0.20,29.27,17,17,0,0.76,0.70,0.80,29.16,17,17,0,1104.48,1100.70,1109.80,24.52,17,0,0
1482976,0.32,0.30,0.40,30.61,17,17,0,0.01,-0.10,0.10,29.00,17,17,0,0.36,0.30,0.40,29.26,17,17,0,0.81,0.80,0.90,28.81,17,17,0,0.18,0.10,0.20,29.27,17,17,0,0.76,0.70,0.80,29.16,17,17,0,1110.76,1104.20,1116.90,24.51,17,0,0
1483476,0.33,0.30,0.40,30.62,17,17,0,0.01,-0.10,0.10,29.02,17,17,0,0.36,0.30,0.40,29.26,17,17,0,0.79,0.70,0.80,28.82,17,17,0,0.17,0.10,0.20,29.28,17,17,0,0.78,0.70,0.80,29.16,17,17,0,1117.16,1112.70,1121.20,24.52,17,0,0
1483980,0.32,0.30,0.40,30.62,17,17,0,0.02,-0.10,0.10,29.02,17,17,0,0.36,0.30,0.40,29.24,17,17,0,0.80,0.80,0.80,28.81,17,17,0,0.19,0.10,0.20,29.28,17,17,0,0.79,0.70,0.80,29.15,17,17,0,1117.06,1113.10,1122.90,24.50,17,0,0
1484480,0.33,0.30,0.40,30.62,17,17,0,0.01,-0.10,0.10,29.01,17,17,0,0.36,0.30,0.40,29.25,17,17,0,0.80,0.80,0.80,28.81,17,17,0,0.18,0.10,0.20,29.28,17,17,0,0.76,0.70,0.80,29.17,17,17,0,1119.83,1114.60,1127.00,24.51,17,0,0
1484985,0.34,0.30,0.40,30.61,17,17,0,0.04,0.00,0.10,29.02,17,17,0,0.38,0.30,0.40,29.25,17,17,0,0.80,0.80,0.80,28.80,17,17,0,0.17,0.10,0.20,29.27,17,17,0,0.76,0.70,0.80,29.16,17,17,0,1133.84,1125.80,1141.40,24.48,17,0,0
1485485,0.33,0.30,0.40,30.62,17,17,0,0.04,0.00,0.10,29.01,17,17,0,0.36,0.30,0.40,29.25,17,17,0,0.80,0.80,0.80,28.81,17,17,0,0.19,0.10,0.20,29.28,17,17,0,0.79,0.70,0.80,29.16,17,17,0,1142.46,1136.40,1145.60,24.48,17,0,0
1485985,0.33,0.30,0.40,30.63,17,17,0,0.02,-0.10,0.10,29.01,17,17,0,0.38,0.30,0.40,29.24,17,17,0,0.80,0.80,0.80,28.81,17,17,0,0.19,0.10,0.20,29.28,17,17,0,0.78,0.70,0.80,29.16,17,17,0,1142.65,1136.90,1146.90,24.49,17,0,0
1486485,0.32,0.30,0.40,30.62,16,16,0,0.04,-0.10,0.10,29.00,16,16,0,0.35,0.30,0.40,29.28,16,16,0,0.80,0.80,0.80,28.81,16,16,0,0.18,0.10,0.20,29.28,16,16,0,0.76,0.70,0.80,29.16,16,16,0,1149.03,1141.10,1156.00,24.48,16,0,0
1486988,0.32,0.30,0.40,30.61,17,17,0,0.00,-0.10,0.10,29.00,17,17,0,0.38,0.30,0.40,29.24,17,17,0,0.80,0.80,0.80,28.83,17,17,0,0.20,0.20,0.20,29.27,17,17,0,0.78,0.70,0.80,29.17,17,17,0,1157.69,1148.80,1164.80,24.49,17,0,0
1487492,0.33,0.30,0.40,30.62,17,17,0,0.04,-0.10,0.10,29.00,17,17,0,0.36,0.30,0.40,29.27,17,17,0,0.80,0.80,0.80,28.81,17,17,0,0.19,0.10,0.20,29.28,17,17,0,0.79,0.70,0.80,29.18,17,17,0,1161.69,1154.70,1166.30,24.49,17,0,0
1487992,0.32,0.30,0.40,30.62,17,17,0,0.01,-0.10,0.10,29.02,17,17,0,0.37,0.30,0.40,29.26,17,17,0,0.80,0.80,0.80,28.80,17,17,0,0.18,0.10,0.20,29.28,17,17,0,0.78,0.70,0.80,29.16,17,17,0,1156.20,1152.30,1162.00,24.49,17,0,0
1488497,0.33,0.30,0.40,30.62,17,17,0,0.02,-0.10,0.10,29.01,17,17,0,0.36,0.30,0.40,29.26,17,17,0,0.80,0.80,0.80,28.79,17,17,0,0.18,0.10,0.20,29.28,17,17,0,0.77,0.70,0.80,29.19,17,17,0,1164.53,1155.60,1172.60,24.47,17,0,0
1488997,0.35,0.30,0.40,30.63,17,17,0,0.04,0.00,0.10,29.01,17,17,0,0.37,0.30,0.40,29.25,17,17,0,0.81,0.80,0.90,28.81,17,17,0,0.19,0.10,0.20,29.28,17,17,0,0.79,0.70,0.80,29.16,17,17,0,1170.94,1161.70,1180.60,24.46,17,0,0
1489503,0.32,0.30,0.40,30.62,17,17,0,0.04,0.00,0.10,29.00,17,17,0,0.36,0.30,0.40,29.26,17,17,0,0.80,0.80,0.80,28.82,17,17,0,0.18,0.10,0.20,29.29,17,17,0,0.78,0.70,0.80,29.15,17,17,0,1162.19,1155.90,1170.30,24.47,17,0,0
1490003,0.34,0.30,0.40,30.64,16,16,0,0.03,0.00,0.10,29.02,16,16,0,0.37,0.30,0.40,29.25,16,16,0,0.80,0.80,0.80,28.82,16,16,0,0.18,0.10,0.20,29.27,16,16,0,0.76,0.70,0.80,29.17,16,16,0,1164.51,1157.80,1174.20,24.48,16,0,0
1490503,0.34,0.30,0.40,30.62,17,17,0,0.04,0.00,0.10,29.01,17,17,0,0.38,0.30,0.40,29.26,17,17,0,0.80,0.80,0.80,28.80,17,17,0,0.18,0.10,0.20,29.30,17,17,0,0.79,0.70,0.80,29.19,17,17,0,1174.53,1165.10,1187.30,24.48,17,0,0
1491008,0.33,0.30,0.40,30.62,17,17,0,0.05,0.00,0.10,29.01,17,17,0,0.38,0.30,0.40,29.25,17,17,0,0.81,0.80,0.90,28.81,17,17,0,0.18,0.10,0.20,29.28,17,17,0,0.79,0.70,0.80,29.16,17,17,0,1173.31,1162.40,1186.40,24.49,17,0,0
1491508,0.32,0.30,0.40,30.62,17,17,0,0.02,-0.10,0.10,29.00,17,17,0,0.38,0.30,0.40,29.25,17,17,0,0.80,0.80,0.80,28.80,17,17,0,0.17,0.10,0.20,29.28,17,17,0,0.78,0.70,0.80,29.18,17,17,0,1162.70,1157.50,1167.70,24.48,17,0,0
1492013,0.32,0.30,0.40,30.65,17,17,0,0.00,-0.10,0.10,29.01,17,17,0,0.36,0.30,0.40,29.24,17,17,0,0.80,0.80,0.80,28.81,17,17,0,0.19,0.10,0.20,29.27,17,17,0,0.79,0.70,0.80,29.16,17,17,0,1166.17,1162.80,1172.90,24.47,17,0,0
1492513,0.34,0.30,0.40,30.63,17,17,0,0.03,-0.10,0.10,29.01,17,17,0,0.38,0.30,0.40,29.25,17,17,0,0.80,0.80,0.80,28.82,17,17,0,0.17,0.10,0.20,29.27,17,17,0,0.78,0.70,0.80,29.16,17,17,0,1174.21,1166.60,1180.10,24.48,17,0,0
1493013,0.34,0.30,0.40,30.64,17,17,0,0.03,0.00,0.10,29.00,17,17,0,0.35,0.30,0.40,29.25,17,17,0,0.80,0.80,0.80,28.83,17,17,0,0.18,0.10,0.20,29.28,17,17,0,0.76,0.70,0.80,29.17,17,17,0,1154.00,1145.90,1167.10,24.47,17,0,0
1493518,0.34,0.30,0.40,30.62,17,17,0,0.04,0.00,0.10,29.01,17,17,0,0.36,0.30,0.40,29.27,17,17,0,0.80,0.80,0.80,28.82,17,17,0,0.19,0.10,0.20,29.28,17,17,0,0.79,0.70,0.80,29.17,17,17,0,1148.95,1143.20,1156.00,24.47,17,0,0
1494018,0.33,0.30,0.40,30.63,16,16,0,0.05,0.00,0.10,29.02,16,16,0,0.38,0.30,0.40,29.25,16,16,0,0.80,0.80,0.80,28.81,16,16,0,0.19,0.10,0.20,29.28,16,16,0,0.79,0.70,0.80,29.16,16,16,0,1157.84,1154.30,1163.00,24.47,16,0,0
1494518,0.31,0.30,0.40,30.62,16,16,0,0.03,-0.10,0.10,29.02,16,16,0,0.37,0.30,0.40,29.27,16,16,0,0.80,0.80,0.80,28.81,16,16,0,0.19,0.10,0.30,29.28,16,16,0,0.79,0.70,0.80,29.16,16,16,0,1148.69,1137.40,1157.30,24.46,16,0,0
1495025,0.32,0.30,0.40,30.64,17,17,0,0.01,-0.10,0.10,29.01,17,17,0,0.38,0.30,0.40,29.25,17,17,0,0.80,0.80,0.80,28.83,17,17,0,0.18,0.10,0.20,29.28,17,17,0,0.79,0.70,0.80,29.16,17,17,0,1128.47,1122.60,1133.10,24.47,17,0,0
1495530,0.33,0.30,0.40,30.62,17,17,0,0.03,-0.10,0.10,29.02,17,17,0,0.36,0.30,0.40,29.24,17,17,0,0.81,0.80,0.90,28.82,17,17,0,0.16,0.10,0.20,29.27,17,17,0,0.76,0.70,0.80,29.17,17,17,0,1138.02,1131.30,1143.80,24.49,17,0,0
1496031,0.32,0.30,0.40,30.62,17,17,0,0.04,0.00,0.10,29.02,17,17,0,0.35,0.30,0.40,29.24,17,17,0,0.79,0.70,0.80,28.83,17,17,0,0.19,0.10,0.20,29.28,17,17,0,0.79,0.70,0.80,29.15,17,17,0,1147.94,1140.40,1151.30,24.49,17,0,0
1496541,0.33,0.30,0.40,30.63,17,17,0,0.04,0.00,0.10,29.01,17,17,0,0.36,0.30,0.40,29.24,17,17,0,0.81,0.80,0.90,28.82,17,17,0,0.18,0.10,0.20,29.30,17,17,0,0.77,0.70,0.80,29.17,17,17,0,1126.54,1111.60,1141.00,24.49,17,0,0
1497047,0.33,0.30,0.40,30.62,16,16,0,0.02,-0.10,0.10,29.03,16,16,0,0.36,0.30,0.40,29.24,16,16,0,0.80,0.80,0.80,28.83,16,16,0,0.19,0.10,0.30,29.27,16,16,0,0.78,0.70,0.80,29.16,16,16,0,1121.98,1117.00,1127.10,24.48,16,0,0
1497547,0.32,0.30,0.40,30.63,17,17,0,0.02,0.00,0.10,29.01,17,17,0,0.38,0.30,0.40,29.25,17,17,0,0.80,0.80,0.80,28.82,17,17,0,0.19,0.10,0.20,29.28,17,17,0,0.78,0.70,0.80,29.16,17,17,0,1132.06,1122.50,1147.30,24.48,17,0,0
1498047,0.33,0.30,0.40,30.63,16,16,0,0.02,0.00,0.10,29.03,16,16,0,0.38,0.30,0.40,29.24,16,16,0,0.80,0.80,0.80,28.84,16,16,0,0.17,0.10,0.20,29.28,16,16,0,0.78,0.70,0.80,29.17,16,16,0,1124.06,1113.00,1134.70,24.49,16,0,0
1498552,0.32,0.30,0.40,30.64,17,17,0,0.03,-0.10,0.10,29.03,17,17,0,0.37,0.30,0.40,29.26,17,17,0,0.80,0.80,0.80,28.83,17,17,0,0.16,0.10,0.20,29.28,17,17,0,0.79,0.70,0.80,29.16,17,17,0,1110.43,1103.20,1116.30,24.50,17,0,0
1499057,0.35,0.30,0.40,30.62,17,17,0,0.04,0.00,0.10,29.01,17,17,0,0.36,0.30,0.40,29.24,17,17,0,0.80,0.80,0.80,28.84,17,17,0,0.19,0.10,0.20,29.29,17,17,0,0.79,0.70,0.80,29.17,17,17,0,1115.98,1107.80,1125.50,24.49,17,0,0
1499557,0.34,0.30,0.40,30.63,17,17,0,0.01,-0.10,0.10,29.03,17,17,0,0.38,0.30,0.40,29.25,17,17,0,0.80,0.80,0.80,28.83,17,17,0,0.18,0.10,0.20,29.28,17,17,0,0.79,0.70,0.80,29.16,17,17,0,1123.71,1117.00,1131.80,24.49,17,0,0
1500060,0.35,0.30,0.40,30.62,17,17,0,0.01,-0.10,0.10,29.01,17,17,0,0.38,0.30,0.40,29.24,17,17,0,0.80,0.80,0.80,28.82,17,17,0,0.18,0.10,0.20,29.27,17,17,0,0.76,0.70,0.80,29.16,17,17,0,1102.25,1095.50,1113.50,24.51,17,0,0
1500570,0.34,0.30,0.40,30.63,17,17,0,-0.01,-0.10,0.10,29.02,17,17,0,0.36,0.30,0.40,29.25,17,17,0,0.79,0.70,0.80,28.84,17,17,0,0.18,0.10,0.20,29.29,17,17,0,0.78,0.70,0.80,29.16,17,17,0,1098.05,1094.80,1102.90,24.49,17,0,0
1501077,0.35,0.30,0.40,30.63,17,17,0,0.02,-0.10,0.10,29.02,17,17,0,0.37,0.30,0.40,29.24,17,17,0,0.81,0.80,0.90,28.84,17,17,0,0.18,0.10,0.20,29.28,17,17,0,0.79,0.70,0.80,29.17,17,17,0,1110.04,1102.00,1116.90,24.51,17,0,0
1501582,0.34,0.30,0.40,30.63,16,16,0,0.02,-0.10,0.10,29.03,16,16,0,0.37,0.30,0.40,29.24,16,16,0,0.80,0.80,0.80,28.82,16,16,0,0.19,0.10,0.30,29.27,16,16,0,0.79,0.70,0.80,29.18,16,16,0,1107.43,1098.50,1115.40,24.51,16,0,0
1502088,0.32,0.30,0.40,30.63,17,17,0,0.04,0.00,0.10,29.03,17,17,0,0.36,0.30,0.40,29.22,17,17,0,0.81,0.80,0.90,28.82,17,17,0,0.16,0.10,0.20,29.29,17,17,0,0.80,0.80,0.80,29.17,17,17,0,1094.49,1089.50,1099.70,24.49,17,0,0
1502599,0.36,0.30,0.40,30.65,17,17,0,0.03,-0.10,0.10,29.02,17,17,0,0.37,0.30,0.40,29.25,17,17,0,0.80,0.80,0.80,28.83,17,17,0,0.17,0.10,0.20,29.29,17,17,0,0.79,0.70,0.80,29.18,17,17,0,1098.59,1089.90,1105.30,24.49,17,0,0
1503106,0.34,0.30,0.40,30.62,17,17,0,0.02,-0.10,0.10,29.01,17,17,0,0.36,0.30,0.40,29.26,17,17,0,0.81,0.80,0.90,28.84,17,17,0,0.19,0.10,0.20,29.28,17,17,0,0.78,0.70,0.80,29.18,17,17,0,1111.58,1106.90,1114.90,24.52,17,0,0
1503611,0.34,0.30,0.40,30.63,17,17,0,0.02,-0.10,0.10,29.02,17,17,0,0.36,0.30,0.40,29.24,17,17,0,0.80,0.80,0.80,28.84,17,17,0,0.16,0.10,0.20,29.30,17,17,0,0.77,0.70,0.80,29.18,17,17,0,1093.92,1088.90,1104.20,24.48,17,0,0
1504117,0.34,0.30,0.40,30.64,17,17,0,0.04,0.00,0.10,29.01,17,17,0,0.37,0.30,0.40,29.25,17,17,0,0.80,0.80,0.80,28.82,17,17,0,0.19,0.10,0.20,29.29,17,17,0,0.78,0.70,0.80,29.17,17,17,0,1088.23,1084.20,1092.80,24.51,17,0,0
1504622,0.32,0.30,0.40,30.62,17,17,0,0.03,0.00,0.10,29.01,17,17,0,0.36,0.30,0.40,29.25,17,17,0,0.80,0.80,0.80,28.83,17,17,0,0.18,0.10,0.20,29.29,17,17,0,0.75,0.70,0.80,29.18,17,17,0,1103.49,1093.10,1111.10,24.51,17,0,0
1505122,0.31,0.30,0.40,30.63,16,16,0,0.03,0.00,0.10,29.03,16,16,0,0.36,0.30,0.40,29.23,16,16,0,0.80,0.80,0.80,28.84,16,16,0,0.19,0.10,0.20,29.29,16,16,0,0.76,0.70,0.80,29.17,16,16,0,1104.36,1092.50,1114.40,24.50,16,0,0
1505623,0.32,0.30,0.40,30.62,17,17,0,0.01,-0.10,0.10,29.02,17,17,0,0.36,0.30,0.40,29.25,17,17,0,0.81,0.80,0.90,28.83,17,17,0,0.17,0.10,0.20,29.28,17,17,0,0.79,0.70,0.80,29.16,17,17,0,1088.84,1085.90,1093.40,24.52,17,0,0
1506129,0.34,0.30,0.40,30.62,17,17,0,0.02,-0.10,0.10,29.01,17,17,0,0.36,0.30,0.40,29.24,17,17,0,0.81,0.80,0.90,28.83,17,17,0,0.19,0.10,0.20,29.31,17,17,0,0.78,0.70,0.80,29.16,17,17,0,1097.11,1087.30,1103.90,24.52,17,0,0
1506634,0.33,0.30,0.40,30.63,17,17,0,0.01,-0.10,0.10,29.01,17,17,0,0.38,0.30,0.40,29.25,17,17,0,0.79,0.70,0.80,28.84,17,17,0,0.19,0.10,0.20,29.29,17,17,0,0.78,0.70,0.80,29.16,17,17,0,1114.39,1107.50,1119.90,24.50,17,0,0
1507136,0.32,0.30,0.40,30.63,17,17,0,0.04,0.00,0.10,29.03,17,17,0,0.38,0.30,0.40,29.25,17,17,0,0.80,0.80,0.80,28.84,17,17,0,0.18,0.10,0.20,29.30,17,17,0,0.79,0.70,0.80,29.18,17,17,0,1096.58,1090.30,1109.40,24.50,17,0,0
1507642,0.33,0.30,0.40,30.62,17,17,0,0.04,0.00,0.10,29.02,17,17,0,0.36,0.30,0.40,29.26,17,17,0,0.80,0.80,0.80,28.82,17,17,0,0.19,0.10,0.20,29.30,17,17,0,0.78,0.70,0.80,29.18,17,17,0,1093.95,1088.80,1099.10,24.51,17,0,0
1508143,0.32,0.30,0.40,30.62,17,17,0,0.04,-0.10,0.10,29.02,17,17,0,0.36,0.30,0.40,29.24,17,17,0,0.80,0.80,0.80,28.83,17,17,0,0.18,0.10,0.20,29.29,17,17,0,0.76,0.70,0.80,29.18,17,17,0,1109.86,1099.50,1117.30,24.51,17,0,0
1508653,0.34,0.30,0.40,30.63,17,17,0,0.02,-0.10,0.10,29.04,17,17,0,0.36,0.30,0.40,29.24,17,17,0,0.80,0.80,0.80,28.83,17,17,0,0.18,0.10,0.20,29.29,17,17,0,0.78,0.70,0.80,29.18,17,17,0,1105.75,1093.20,1116.60,24.50,17,0,0
1509153,0.34,0.30,0.40,30.64,17,17,0,0.02,-0.10,0.10,29.03,17,17,0,0.38,0.30,0.40,29.23,17,17,0,0.80,0.80,0.80,28.83,17,17,0,0.19,0.10,0.20,29.31,17,17,0,0.79,0.70,0.80,29.17,17,17,0,1088.88,1086.10,1091.70,24.53,17,0,0
1509653,0.33,0.30,0.40,30.61,16,16,0,0.04,0.00,0.10,29.01,16,16,0,0.35,0.30,0.40,29.23,16,16,0,0.81,0.80,0.90,28.82,16,16,0,0.19,0.10,0.20,29.29,16,16,0,0.78,0.70,0.80,29.18,16,16,0,1098.14,1089.40,1107.10,24.51,16,0,0
1510154,0.31,0.30,0.40,30.65,17,17,0,0.00,-0.10,0.10,29.03,17,17,0,0.37,0.30,0.40,29.25,17,17,0,0.81,0.80,0.90,28.83,17,17,0,0.18,0.10,0.20,29.28,17,17,0,0.79,0.70,0.80,29.18,17,17,0,1118.49,1109.60,1126.60,24.51,17,0,0
1510659,0.36,0.30,0.40,30.63,17,17,0,0.01,-0.10,0.10,29.02,17,17,0,0.34,0.30,0.40,29.23,17,17,0,0.80,0.80,0.80,28.84,17,17,0,0.19,0.10,0.20,29.29,17,17,0,0.75,0.70,0.80,29.17,17,17,0,1104.55,1097.70,1119.40,24.51,17,0,0
1511159,0.34,0.30,0.40,30.64,16,16,0,0.03,0.00,0.10,29.04,16,16,0,0.36,0.30,0.40,29.24,16,16,0,0.81,0.80,0.90,28.84,16,16,0,0.19,0.10,0.20,29.28,16,16,0,0.79,0.70,0.80,29.18,16,16,0,1097.69,1094.70,1101.60,24.51,16,0,0
1511671,0.34,0.30,0.40,30.62,17,17,0,0.04,-0.10,0.10,29.03,17,17,0,0.37,0.30,0.40,29.23,17,17,0,0.80,0.80,0.80,28.84,17,17,0,0.19,0.10,0.20,29.29,17,17,0,0.78,0.70,0.80,29.18,17,17,0,1112.58,1102.50,1119.80,24.51,17,0,0
1512176,0.31,0.30,0.40,30.63,17,17,0,0.02,0.00,0.10,29.04,17,17,0,0.36,0.30,0.40,29.23,17,17,0,0.80,0.80,0.80,28.86,17,17,0,0.18,0.10,0.20,29.30,17,17,0,0.79,0.70,0.80,29.17,17,17,0,1112.52,1100.80,1124.40,24.51,17,0,0
1512682,0.34,0.30,0.40,30.63,17,17,0,0.03,-0.10,0.10,29.03,17,17,0,0.37,0.30,0.40,29.25,17,17,0,0.80,0.80,0.80,28.85,17,17,0,0.19,0.10,0.20,29.30,17,17,0,0.78,0.70,0.80,29.18,17,17,0,1092.45,1085.90,1097.70,24.52,17,0,0
1513182,0.34,0.30,0.40,30.64,16,16,0,0.04,0.00,0.10,29.02,16,16,0,0.36,0.30,0.40,29.24,16,16,0,0.80,0.80,0.80,28.84,16,16,0,0.19,0.10,0.20,29.30,16,16,0,0.78,0.70,0.80,29.16,16,16,0,1096.38,1084.20,1104.00,24.51,16,0,0
1513684,0.33,0.30,0.40,30.63,17,17,0,0.01,-0.10,0.10,29.02,17,17,0,0.38,0.30,0.40,29.24,17,17,0,0.80,0.80,0.80,28.85,17,17,0,0.18,0.10,0.20,29.31,17,17,0,0.78,0.70,0.80,29.19,17,17,0,1113.04,1107.60,1117.40,24.51,17,0,0
1514193,0.32,0.30,0.40,30.64,17,17,0,0.03,-0.10,0.10,29.03,17,17,0,0.36,0.30,0.40,29.24,17,17,0,0.80,0.80,0.80,28.85,17,17,0,0.19,0.10,0.20,29.29,17,17,0,0.78,0.70,0.80,29.18,17,17,0,1094.56,1086.90,1105.60,24.53,17,0,0
1514700,0.31,0.30,0.40,30.64,17,17,0,0.00,-0.10,0.10,29.03,17,17,0,0.37,0.30,0.40,29.25,17,17,0,0.81,0.80,0.90,28.85,17,17,0,0.19,0.10,0.20,29.31,17,17,0,0.79,0.70,0.80,29.17,17,17,0,1096.66,1090.30,1103.90,24.53,17,0,0
1515202,0.31,0.30,0.40,30.64,17,17,0,0.03,-0.10,0.10,29.02,17,17,0,0.38,0.30,0.40,29.24,17,17,0,0.80,0.80,0.80,28.85,17,17,0,0.17,0.10,0.20,29.28,17,17,0,0.80,0.80,0.80,29.17,17,17,0,1108.31,1101.70,1116.50,24.52,17,0,0
1515704,0.33,0.30,0.40,30.62,16,16,0,0.03,0.00,0.10,29.04,16,16,0,0.38,0.30,0.40,29.23,16,16,0,0.80,0.80,0.80,28.85,16,16,0,0.19,0.10,0.20,29.31,16,16,0,0.78,0.70,0.80,29.17,16,16,0,1104.16,1095.30,1111.70,24.53,16,0,0
1516205,0.34,0.30,0.40,30.63,17,17,0,0.02,-0.10,0.10,29.02,17,17,0,0.36,0.30,0.40,29.25,17,17,0,0.80,0.80,0.80,28.86,17,17,0,0.18,0.10,0.20,29.30,17,17,0,0.78,0.70,0.80,29.18,17,17,0,1092.26,1088.20,1096.40,24.53,17,0,0
1516705,0.36,0.30,0.40,30.62,16,16,0,0.04,-0.10,0.10,29.04,16,16,0,0.37,0.30,0.40,29.25,16,16,0,0.81,0.80,0.90,28.86,16,16,0,0.18,0.10,0.20,29.28,16,16,0,0.79,0.70,0.80,29.18,16,16,0,1102.09,1094.90,1108.60,24.53,16,0,0
1517212,0.33,0.30,0.40,30.64,17,17,0,0.02,-0.10,0.10,29.04,17,17,0,0.36,0.30,0.40,29.24,17,17,0,0.80,0.80,0.80,28.84,17,17,0,0.18,0.10,0.20,29.30,17,17,0,0.79,0.70,0.80,29.18,17,17,0,1115.33,1106.40,1122.30,24.52,17,0,0
1517723,0.35,0.30,0.40,30.64,17,17,0,0.01,-0.10,0.10,29.01,17,17,0,0.38,0.30,0.40,29.24,17,17,0,0.81,0.80,0.90,28.86,17,17,0,0.18,0.10,0.20,29.31,17,17,0,0.78,0.70,0.80,29.18,17,17,0,1105.48,1099.20,1112.50,24.53,17,0,0
1518224,0.31,0.30,0.40,30.64,17,17,0,0.03,0.00,0.10,29.02,17,17,0,0.36,0.30,0.40,29.23,17,17,0,0.80,0.80,0.80,28.85,17,17,0,0.18,0.10,0.20,29.31,17,17,0,0.79,0.70,0.80,29.17,17,17,0,1113.14,1105.50,1121.80,24.52,17,0,0
1518724,0.33,0.30,0.40,30.63,17,17,0,0.01,-0.10,0.10,29.04,17,17,0,0.36,0.30,0.40,29.24,17,17,0,0.81,0.80,0.90,28.86,17,17,0,0.18,0.10,0.20,29.28,17,17,0,0.79,0.70,0.80,29.18,17,17,0,1127.73,1119.10,1133.70,24.53,17,0,0
1519229,0.32,0.30,0.40,30.64,17,17,0,0.01,-0.10,0.10,29.03,17,17,0,0.35,0.30,0.40,29.25,17,17,0,0.80,0.80,0.80,28.85,17,17,0,0.19,0.10,0.20,29.31,17,17,0,0.78,0.70,0.80,29.17,17,17,0,1128.63,1123.10,1132.00,24.50,17,0,0
1519735,0.33,0.30,0.40,30.63,17,17,0,0.02,0.00,0.10,29.04,17,17,0,0.35,0.30,0.40,29.23,17,17,0,0.81,0.80,0.90,28.85,17,17,0,0.18,0.10,0.20,29.31,17,17,0,0.77,0.70,0.80,29.17,17,17,0,1130.20,1125.30,1136.50,24.51,17,0,0
1520238,0.33,0.30,0.40,30.63,16,16,0,0.01,-0.10,0.10,29.03,16,16,0,0.38,0.30,0.40,29.23,16,16,0,0.80,0.80,0.80,28.85,16,16,0,0.18,0.10,0.20,29.32,16,16,0,0.76,0.70,0.80,29.18,16,16,0,1143.01,1137.40,1153.50,24.54,16,0,0
1520744,0.34,0.30,0.40,30.63,17,17,0,0.02,-0.10,0.10,29.04,17,17,0,0.38,0.30,0.40,29.23,17,17,0,0.80,0.80,0.80,28.86,17,17,0,0.18,0.10,0.20,29.31,17,17,0,0.79,0.70,0.80,29.19,17,17,0,1155.31,1151.70,1158.90,24.52,17,0,0
1521249,0.31,0.30,0.40,30.63,17,17,0,0.02,-0.10,0.10,29.03,17,17,0,0.36,0.30,0.40,29.24,17,17,0,0.80,0.80,0.80,28.85,17,17,0,0.19,0.10,0.20,29.30,17,17,0,0.78,0.70,0.80,29.16,17,17,0,1148.02,1142.80,1155.10,24.50,17,0,0
1521750,0.33,0.30,0.40,30.62,17,17,0,0.01,-0.10,0.10,29.03,17,17,0,0.39,0.30,0.40,29.22,17,17,0,0.80,0.80,0.80,28.86,17,17,0,0.18,0.10,0.20,29.30,17,17,0,0.78,0.70,0.80,29.18,17,17,0,1154.08,1147.90,1160.00,24.51,17,0,0
1522250,0.33,0.30,0.40,30.63,17,17,0,0.01,-0.10,0.10,29.03,17,17,0,0.37,0.30,0.40,29.23,17,17,0,0.80,0.80,0.80,28.86,17,17,0,0.19,0.10,0.20,29.31,17,17,0,0.78,0.70,0.80,29.18,17,17,0,1168.59,1159.30,1173.90,24.50,17,0,0
1522760,0.32,0.30,0.40,30.63,17,17,0,0.05,0.00,0.10,29.05,17,17,0,0.36,0.30,0.40,29.22,17,17,0,0.80,0.80,0.80,28.87,17,17,0,0.18,0.10,0.20,29.32,17,17,0,0.79,0.70,0.80,29.18,17,17,0,1168.38,1162.80,1177.60,24.51,17,0,0
1523260,0.32,0.30,0.40,30.62,17,17,0,0.00,-0.10,0.10,29.03,17,17,0,0.35,0.30,0.40,29.22,17,17,0,0.80,0.80,0.80,28.85,17,17,0,0.18,0.10,0.20,29.31,17,17,0,0.78,0.70,0.80,29.19,17,17,0,1160.21,1151.50,1166.90,24.51,17,0,0
1523761,0.34,0.30,0.40,30.63,17,17,0,0.01,-0.10,0.10,29.04,17,17,0,0.39,0.30,0.40,29.24,17,17,0,0.80,0.80,0.80,28.85,17,17,0,0.17,0.10,0.20,29.31,17,17,0,0.78,0.70,0.80,29.17,17,17,0,1169.89,1161.10,1179.40,24.50,17,0,0
1524261,0.31,0.30,0.40,30.64,16,16,0,0.01,-0.10,0.10,29.05,16,16,0,0.34,0.30,0.40,29.24,16,16,0,0.79,0.70,0.80,28.85,16,16,0,0.18,0.10,0.20,29.32,16,16,0,0.77,0.70,0.80,29.18,16,16,0,1182.89,1173.20,1191.20,24.51,16,0,0
1524773,0.32,0.30,0.40,30.62,17,17,0,0.01,-0.10,0.10,29.03,17,17,0,0.35,0.30,0.40,29.24,17,17,0,0.79,0.70,0.80,28.87,17,17,0,0.18,0.10,0.20,29.32,17,17,0,0.77,0.70,0.80,29.17,17,17,0,1166.28,1160.30,1175.80,24.52,17,0,0
1525274,0.34,0.30,0.40,30.63,17,17,0,0.03,0.00,0.10,29.04,17,17,0,0.38,0.30,0.40,29.22,17,17,0,0.80,0.80,0.80,28.87,17,17,0,0.19,0.10,0.20,29.32,17,17,0,0.78,0.70,0.80,29.19,17,17,0,1163.78,1158.90,1171.40,24.50,17,0,0
1525781,0.32,0.30,0.40,30.63,17,17,0,0.01,-0.10,0.10,29.04,17,17,0,0.37,0.30,0.40,29.23,17,17,0,0.80,0.80,0.80,28.85,17,17,0,0.19,0.10,0.20,29.28,17,17,0,0.79,0.70,0.80,29.18,17,17,0,1180.02,1166.60,1190.20,24.53,17,0,0
1526287,0.32,0.30,0.40,30.63,17,17,0,0.05,0.00,0.10,29.04,17,17,0,0.36,0.30,0.40,29.24,17,17,0,0.81,0.80,0.90,28.85,17,17,0,0.19,0.10,0.20,29.32,17,17,0,0.78,0.70,0.80,29.19,17,17,0,1178.61,1166.20,1188.80,24.50,17,0,0
1526798,0.32,0.30,0.40,30.63,17,17,0,0.04,0.00,0.10,29.04,17,17,0,0.36,0.30,0.40,29.24,17,17,0,0.80,0.80,0.80,28.89,17,17,0,0.20,0.10,0.30,29.31,17,17,0,0.76,0.70,0.80,29.18,17,17,0,1161.23,1156.70,1164.50,24.52,17,0,0
1527311,0.36,0.30,0.40,30.61,17,17,0,0.02,-0.10,0.10,29.03,17,17,0,0.38,0.30,0.40,29.24,17,17,0,0.80,0.80,0.80,28.87,17,17,0,0.20,0.20,0.20,29.32,17,17,0,0.80,0.80,0.80,29.17,17,17,0,1166.72,1160.80,1178.70,24.51,17,0,0
1527817,0.33,0.30,0.40,30.62,17,17,0,0.01,-0.10,0.10,29.04,17,17,0,0.36,0.30,0.40,29.23,17,17,0,0.81,0.80,0.90,28.88,17,17,0,0.18,0.10,0.20,29.31,17,17,0,0.79,0.70,0.80,29.18,17,17,0,1177.59,1164.90,1183.70,24.50,17,0,0
1528317,0.32,0.30,0.40,30.65,16,16,0,0.04,-0.10,0.10,29.03,16,16,0,0.34,0.30,0.40,29.23,16,16,0,0.80,0.80,0.80,28.87,16,16,0,0.19,0.10,0.20,29.32,16,16,0,0.76,0.70,0.80,29.20,16,16,0,1152.81,1144.90,1163.30,24.50,16,0,0
1528828,0.33,0.30,0.40,30.63,17,17,0,0.01,-0.10,0.10,29.03,17,17,0,0.37,0.30,0.40,29.23,17,17,0,0.80,0.80,0.80,28.87,17,17,0,0.16,0.10,0.20,29.31,17,17,0,0.76,0.70,0.80,29.19,17,17,0,1148.50,1139.30,1156.60,24.51,17,0,0
1529334,0.33,0.30,0.40,30.62,17,17,0,0.04,0.00,0.10,29.05,17,17,0,0.36,0.30,0.40,29.23,17,17,0,0.81,0.80,0.90,28.88,17,17,0,0.19,0.10,0.20,29.33,17,17,0,0.79,0.70,0.80,29.19,17,17,0,1166.61,1155.90,1175.70,24.51,17,0,0
1529839,0.32,0.30,0.40,30.65,17,17,0,0.04,0.00,0.10,29.04,17,17,0,0.37,0.30,0.40,29.25,17,17,0,0.80,0.80,0.80,28.87,17,17,0,0.19,0.10,0.20,29.31,17,17,0,0.78,0.70,0.80,29.18,17,17,0,1162.28,1150.30,1174.10,24.50,17,0,0
1530339,0.35,0.30,0.40,30.62,17,17,0,0.04,0.00,0.10,29.03,17,17,0,0.37,0.30,0.40,29.25,17,17,0,0.80,0.80,0.80,28.87,17,17,0,0.18,0.10,0.20,29.31,17,17,0,0.78,0.70,0.80,29.19,17,17,0,1143.24,1139.90,1146.90,24.52,17,0,0
1530839,0.33,0.30,0.40,30.64,16,16,0,0.03,0.00,0.10,29.03,16,16,0,0.36,0.30,0.40,29.23,16,16,0,0.80,0.80,0.80,28.86,16,16,0,0.19,0.10,0.20,29.31,16,16,0,0.79,0.70,0.80,29.19,16,16,0,1147.76,1142.30,1150.90,24.52,16,0,0
1531345,0.34,0.30,0.40,30.64,17,17,0,0.01,-0.10,0.10,29.03,17,17,0,0.37,0.30,0.40,29.23,17,17,0,0.80,0.80,0.80,28.86,17,17,0,0.19,0.10,0.20,29.31,17,17,0,0.79,0.70,0.80,29.20,17,17,0,1154.42,1145.10,1158.70,24.52,17,0,0
1531850,0.31,0.30,0.40,30.64,17,17,0,0.03,0.00,0.10,29.04,17,17,0,0.36,0.30,0.40,29.23,17,17,0,0.80,0.80,0.80,28.88,17,17,0,0.18,0.10,0.20,29.33,17,17,0,0.79,0.70,0.80,29.19,17,17,0,1134.68,1127.30,1146.40,24.52,17,0,0
1532362,0.34,0.30,0.40,30.63,17,17,0,0.02,-0.10,0.10,29.04,17,17,0,0.37,0.30,0.40,29.25,17,17,0,0.80,0.80,0.80,28.87,17,17,0,0.20,0.20,0.20,29.31,17,17,0,0.79,0.70,0.80,29.19,17,17,0,1129.36,1118.20,1144.70,24.51,17,0,0
1532868,0.32,0.30,0.40,30.63,17,17,0,0.02,-0.10,0.10,29.04,17,17,0,0.35,0.30,0.40,29.22,17,17,0,0.81,0.80,0.90,28.87,17,17,0,0.18,0.10,0.20,29.32,17,17,0,0.77,0.70,0.80,29.19,17,17,0,1141.71,1133.40,1152.60,24.51,17,0,0
1533372,0.32,0.30,0.40,30.64,17,17,0,0.01,0.00,0.10,29.04,17,17,0,0.35,0.30,0.40,29.24,17,17,0,0.80,0.80,0.80,28.87,17,17,0,0.19,0.10,0.20,29.31,17,17,0,0.78,0.70,0.80,29.20,17,17,0,1136.92,1127.80,1145.30,24.53,17,0,0
1533879,0.35,0.30,0.40,30.64,17,17,0,0.02,-0.10,0.10,29.04,17,17,0,0.36,0.30,0.40,29.23,17,17,0,0.80,0.80,0.80,28.86,17,17,0,0.18,0.10,0.20,29.32,17,17,0,0.78,0.70,0.80,29.20,17,17,0,1123.71,1111.90,1129.80,24.52,17,0,0
1534382,0.33,0.30,0.40,30.63,16,16,0,0.04,0.00,0.10,29.04,16,16,0,0.37,0.30,0.40,29.23,16,16,0,0.80,0.80,0.80,28.88,16,16,0,0.19,0.10,0.20,29.32,16,16,0,0.78,0.70,0.80,29.19,16,16,0,1124.08,1113.10,1135.20,24.52,16,0,0
1534887,0.33,0.30,0.40,30.63,17,17,0,0.02,-0.10,0.10,29.05,17,17,0,0.34,0.30,0.40,29.24,17,17,0,0.80,0.80,0.80,28.86,17,17,0,0.19,0.10,0.20,29.33,17,17,0,0.79,0.70,0.80,29.20,17,17,0,1130.10,1110.80,1138.90,24.53,17,0,0
1535387,0.31,0.30,0.40,30.63,16,16,0,0.00,-0.10,0.10,29.03,16,16,0,0.37,0.30,0.40,29.24,16,16,0,0.80,0.80,0.80,28.86,16,16,0,0.20,0.20,0.20,29.32,16,16,0,0.79,0.70,0.80,29.19,16,16,0,1115.58,1106.40,1127.10,24.52,16,0,0
1535893,0.32,0.30,0.40,30.64,17,17,0,0.02,-0.10,0.10,29.05,17,17,0,0.35,0.30,0.40,29.25,17,17,0,0.80,0.80,0.80,28.87,17,17,0,0.18,0.10,0.20,29.33,17,17,0,0.78,0.70,0.80,29.19,17,17,0,1110.12,1103.10,1116.00,24.52,17,0,0
1536399,0.33,0.30,0.40,30.64,17,17,0,0.02,0.00,0.10,29.04,17,17,0,0.34,0.30,0.40,29.23,17,17,0,0.80,0.80,0.80,28.88,17,17,0,0.18,0.10,0.20,29.32,17,17,0,0.78,0.70,0.80,29.18,17,17,0,1120.32,1112.60,1126.90,24.54,17,0,0
1536909,0.32,0.30,0.40,30.63,17,17,0,-0.01,-0.10,0.10,29.05,17,17,0,0.36,0.30,0.40,29.25,17,17,0,0.80,0.80,0.80,28.87,17,17,0,0.18,0.10,0.20,29.32,17,17,0,0.78,0.70,0.80,29.20,17,17,0,1114.85,1106.30,1124.20,24.53,17,0,0
1537422,0.33,0.30,0.40,30.62,17,17,0,-0.01,-0.10,0.10,29.05,17,17,0,0.34,0.30,0.40,29.23,17,17,0,0.80,0.80,0.80,28.89,17,17,0,0.18,0.10,0.20,29.30,17,17,0,0.78,0.70,0.80,29.20,17,17,0,1102.96,1097.70,1107.60,24.53,17,0,0
1537934,0.32,0.30,0.40,30.64,17,17,0,0.04,0.00,0.10,29.04,17,17,0,0.36,0.30,0.40,29.24,17,17,0,0.80,0.80,0.80,28.87,17,17,0,0.19,0.10,0.20,29.33,17,17,0,0.77,0.70,0.80,29.19,17,17,0,1107.40,1101.40,1116.10,24.51,17,0,0
1538447,0.32,0.30,0.40,30.63,17,17,0,0.04,-0.10,0.10,29.05,17,17,0,0.35,0.30,0.40,29.26,17,17,0,0.80,0.80,0.80,28.88,17,17,0,0.19,0.10,0.20,29.31,17,17,0,0.78,0.70,0.80,29.20,17,17,0,1119.86,1111.10,1125.30,24.52,17,0,0
1538956,0.31,0.30,0.40,30.64,17,17,0,0.01,-0.10,0.10,29.05,17,17,0,0.34,0.30,0.40,29.24,17,17,0,0.80,0.80,0.80,28.88,17,17,0,0.18,0.10,0.20,29.34,17,17,0,0.79,0.70,0.80,29.20,17,17,0,1106.36,1099.70,1113.50,24.53,17,0,0
1539456,0.34,0.30,0.40,30.63,16,16,0,0.03,0.00,0.10,29.05,16,16,0,0.36,0.30,0.40,29.23,16,16,0,0.81,0.80,0.90,28.88,16,16,0,0.20,0.20,0.20,29.31,16,16,0,0.79,0.70,0.80,29.19,16,16,0,1103.63,1098.10,1108.80,24.53,16,0,0
1539962,0.34,0.30,0.40,30.64,17,17,0,0.01,-0.10,0.10,29.05,17,17,0,0.35,0.30,0.40,29.25,17,17,0,0.80,0.80,0.80,28.86,17,17,0,0.19,0.10,0.20,29.32,17,17,0,0.78,0.70,0.90,29.20,17,17,0,1117.19,1107.50,1125.20,24.53,17,0,0
1540469,0.33,0.30,0.40,30.63,17,17,0,0.03,-0.10,0.10,29.03,17,17,0,0.37,0.30,0.40,29.23,17,17,0,0.80,0.80,0.80,28.89,17,17,0,0.20,0.20,0.20,29.34,17,17,0,0.75,0.70,0.80,29.19,17,17,0,1111.86,1102.40,1124.50,24.53,17,0,0
1540980,0.34,0.30,0.40,30.64,17,17,0,0.05,0.00,0.10,29.03,17,17,0,0.38,0.30,0.40,29.23,17,17,0,0.80,0.80,0.80,28.89,17,17,0,0.19,0.10,0.20,29.33,17,17,0,0.78,0.70,0.80,29.19,17,17,0,1099.07,1094.00,1101.80,24.53,17,0,0
1541491,0.32,0.30,0.40,30.64,17,17,0,0.01,0.00,0.10,29.04,17,17,0,0.35,0.30,0.40,29.25,17,17,0,0.81,0.80,0.90,28.87,17,17,0,0.18,0.10,0.20,29.33,17,17,0,0.78,0.70,0.80,29.19,17,17,0,1108.90,1098.20,1119.30,24.53,17,0,0
1541992,0.32,0.30,0.40,30.63,17,17,0,-0.01,-0.10,0.10,29.04,17,17,0,0.38,0.30,0.40,29.23,17,17,0,0.81,0.80,0.90,28.87,17,17,0,0.18,0.10,0.20,29.31,17,17,0,0.78,0.70,0.80,29.20,17,17,0,1121.54,1111.60,1127.10,24.54,17,0,0
1542503,0.33,0.30,0.40,30.63,17,17,0,0.01,-0.10,0.10,29.05,17,17,0,0.32,0.30,0.40,29.24,17,17,0,0.81,0.80,0.90,28.89,17,17,0,0.18,0.10,0.20,29.32,17,17,0,0.79,0.70,0.80,29.20,17,17,0,1101.39,1095.00,1108.20,24.55,17,0,0
1543003,0.31,0.30,0.40,30.64,16,16,0,0.01,0.00,0.10,29.06,16,16,0,0.38,0.30,0.40,29.23,16,16,0,0.80,0.70,0.90,28.87,16,16,0,0.19,0.10,0.20,29.34,16,16,0,0.80,0.80,0.80,29.18,16,16,0,1096.51,1090.40,1106.80,24.52,16,0,0
1543503,0.33,0.30,0.40,30.64,16,16,0,0.04,0.00,0.10,29.06,16,16,0,0.35,0.30,0.40,29.23,16,16,0,0.81,0.80,0.90,28.88,16,16,0,0.18,0.10,0.20,29.36,16,16,0,0.76,0.70,0.80,29.22,16,16,0,1118.56,1112.80,1124.50,24.55,16,0,0
1544003,0.33,0.30,0.40,30.62,17,17,0,0.02,0.00,0.10,29.05,17,17,0,0.36,0.30,0.40,29.25,17,17,0,0.80,0.80,0.80,28.88,17,17,0,0.15,0.10,0.20,29.33,17,17,0,0.79,0.70,0.80,29.20,17,17,0,1107.14,1093.40,1120.60,24.53,17,0,0
1544509,0.34,0.30,0.40,30.63,17,17,0,0.01,-0.10,0.10,29.04,17,17,0,0.36,0.30,0.40,29.25,17,17,0,0.81,0.80,0.90,28.89,17,17,0,0.20,0.20,0.20,29.33,17,17,0,0.77,0.70,0.80,29.20,17,17,0,1090.51,1087.70,1093.90,24.53,17,0,0
1545009,0.33,0.30,0.40,30.64,16,16,0,0.00,0.00,0.00,29.05,16,16,0,0.38,0.30,0.40,29.24,16,16,0,0.80,0.80,0.80,28.89,16,16,0,0.20,0.20,0.20,29.33,16,16,0,0.79,0.70,0.80,29.20,16,16,0,1106.09,1094.90,1115.20,24.52,16,0,0
1545510,0.35,0.30,0.40,30.64,17,17,0,0.02,0.00,0.10,29.04,17,17,0,0.35,0.30,0.40,29.23,17,17,0,0.81,0.80,0.90,28.88,17,17,0,0.19,0.10,0.20,29.31,17,17,0,0.78,0.70,0.80,29.20,17,17,0,1121.25,1112.50,1126.90,24.53,17,0,0
1546015,0.34,0.30,0.40,30.61,17,17,0,0.04,0.00,0.10,29.05,17,17,0,0.36,0.30,0.40,29.25,17,17,0,0.80,0.80,0.80,28.89,17,17,0,0.18,0.10,0.20,29.34,17,17,0,0.78,0.70,0.90,29.20,17,17,0,1095.26,1086.80,1103.70,24.53,17,0,0
1546516,0.32,0.30,0.40,30.63,17,17,0,0.02,-0.10,0.10,29.05,17,17,0,0.38,0.30,0.40,29.24,17,17,0,0.80,0.80,0.80,28.88,17,17,0,0.18,0.10,0.20,29.35,17,17,0,0.78,0.70,0.80,29.19,17,17,0,1096.36,1091.30,1102.90,24.55,17,0,0
1547029,0.31,0.30,0.40,30.61,17,17,0,0.02,0.00,0.10,29.06,17,17,0,0.37,0.30,0.40,29.24,17,17,0,0.81,0.80,0.90,28.89,17,17,0,0.18,0.10,0.20,29.31,17,17,0,0.78,0.70,0.80,29.21,17,17,0,1116.06,1107.50,1122.50,24.54,17,0,0
1547541,0.35,0.30,0.40,30.62,17,17,0,0.01,-0.10,0.10,29.07,17,17,0,0.38,0.30,0.40,29.24,17,17,0,0.80,0.80,0.80,28.90,17,17,0,0.19,0.10,0.20,29.34,17,17,0,0.79,0.70,0.80,29.21,17,17,0,1100.53,1089.80,1119.70,24.54,17,0,0
1548048,0.33,0.30,0.40,30.63,17,17,0,0.02,-0.10,0.10,29.06,17,17,0,0.36,0.30,0.40,29.23,17,17,0,0.80,0.80,0.80,28.88,17,17,0,0.19,0.10,0.30,29.35,17,17,0,0.76,0.70,0.80,29.21,17,17,0,1089.14,1084.10,1091.70,24.54,17,0,0
1548559,0.32,0.30,0.40,30.63,17,17,0,0.04,0.00,0.10,29.05,17,17,0,0.36,0.30,0.40,29.24,17,17,0,0.80,0.80,0.80,28.88,17,17,0,0.17,0.10,0.20,29.34,17,17,0,0.78,0.70,0.80,29.20,17,17,0,1106.75,1093.00,1115.10,24.54,17,0,0
1549065,0.32,0.30,0.40,30.65,17,17,0,0.01,-0.10,0.10,29.09,17,17,0,0.38,0.30,0.40,29.24,17,17,0,0.81,0.80,0.90,28.88,17,17,0,0.18,0.10,0.20,29.35,17,17,0,0.78,0.70,0.80,29.21,17,17,0,1116.26,1105.80,1123.30,24.54,17,0,0
1549570,0.31,0.30,0.40,30.64,17,17,0,0.02,-0.10,0.10,29.06,17,17,0,0.38,0.30,0.40,29.25,17,17,0,0.82,0.80,0.90,28.89,17,17,0,0.19,0.10,0.20,29.34,17,17,0,0.80,0.80,0.80,29.20,17,17,0,1095.91,1091.50,1100.30,24.54,17,0,0
1550071,0.35,0.30,0.40,30.64,17,17,0,0.03,0.00,0.10,29.06,17,17,0,0.35,0.30,0.40,29.22,17,17,0,0.79,0.70,0.80,28.87,17,17,0,0.18,0.10,0.20,29.33,17,17,0,0.79,0.70,0.80,29.20,17,17,0,1101.21,1096.00,1108.10,24.54,17,0,0
1550576,0.32,0.30,0.40,30.64,17,17,0,0.01,-0.10,0.10,29.06,17,17,0,0.39,0.30,0.40,29.23,17,17,0,0.80,0.80,0.80,28.89,17,17,0,0.20,0.20,0.20,29.35,17,17,0,0.79,0.70,0.80,29.20,17,17,0,1116.75,1111.50,1122.80,24.53,17,0,0
1551081,0.32,0.30,0.40,30.62,17,17,0,0.01,-0.10,0.10,29.07,17,17,0,0.36,0.30,0.40,29.25,17,17,0,0.80,0.80,0.80,28.90,17,17,0,0.19,0.10,0.20,29.33,17,17,0,0.79,0.70,0.80,29.21,17,17,0,1104.91,1097.30,1115.80,24.53,17,0,0
1551581,0.32,0.30,0.40,30.64,17,17,0,0.01,-0.10,0.10,29.05,17,17,0,0.36,0.30,0.40,29.24,17,17,0,0.80,0.70,0.90,28.90,17,17,0,0.18,0.10,0.20,29.34,17,17,0,0.80,0.80,0.80,29.21,17,17,0,1100.04,1097.00,1104.20,24.54,17,0,0
1552081,0.31,0.30,0.40,30.64,16,16,0,0.03,0.00,0.10,29.07,16,16,0,0.36,0.30,0.40,29.24,16,16,0,0.80,0.70,0.90,28.91,16,16,0,0.19,0.10,0.20,29.32,16,16,0,0.78,0.70,0.80,29.20,16,16,0,1112.27,1104.50,1122.90,24.55,16,0,0
1552582,0.34,0.30,0.40,30.64,17,17,0,0.00,-0.10,0.10,29.05,17,17,0,0.36,0.30,0.40,29.23,17,17,0,0.79,0.70,0.80,28.88,17,17,0,0.19,0.10,0.20,29.33,17,17,0,0.78,0.70,0.80,29.21,17,17,0,1117.49,1112.00,1121.70,24.54,17,0,0
1553089,0.33,0.30,0.40,30.62,16,16,0,0.02,-0.10,0.10,29.08,16,16,0,0.37,0.30,0.40,29.24,16,16,0,0.80,0.80,0.80,28.88,16,16,0,0.20,0.20,0.20,29.35,16,16,0,0.78,0.70,0.80,29.20,16,16,0,1111.18,1106.60,1114.60,24.53,16,0,0
1553589,0.32,0.30,0.40,30.64,17,17,0,0.01,-0.10,0.10,29.05,17,17,0,0.37,0.30,0.40,29.23,17,17,0,0.81,0.80,0.90,28.90,17,17,0,0.18,0.10,0.20,29.34,17,17,0,0.79,0.70,0.80,29.19,17,17,0,1120.28,1113.50,1126.80,24.54,17,0,0
1554094,0.32,0.30,0.40,30.63,17,17,0,0.04,0.00,0.10,29.06,17,17,0,0.36,0.30,0.40,29.23,17,17,0,0.79,0.70,0.80,28.88,17,17,0,0.18,0.10,0.20,29.34,17,17,0,0.79,0.70,0.80,29.20,17,17,0,1133.56,1124.10,1139.40,24.55,17,0,0
1554607,0.33,0.30,0.40,30.66,17,17,0,-0.01,-0.10,0.10,29.05,17,17,0,0.36,0.30,0.40,29.22,17,17,0,0.81,0.80,0.90,28.90,17,17,0,0.18,0.10,0.20,29.34,17,17,0,0.77,0.70,0.80,29.21,17,17,0,1135.71,1131.50,1139.40,24.53,17,0,0
1555118,0.33,0.30,0.40,30.62,17,17,0,0.03,0.00,0.10,29.05,17,17,0,0.36,0.30,0.40,29.23,17,17,0,0.81,0.80,0.90,28.89,17,17,0,0.18,0.10,0.20,29.33,17,17,0,0.79,0.70,0.80,29.23,17,17,0,1139.13,1133.20,1145.40,24.55,17,0,0
1555629,0.32,0.30,0.40,30.65,17,17,0,0.01,-0.10,0.10,29.05,17,17,0,0.34,0.30,0.40,29.25,17,17,0,0.80,0.80,0.80,28.89,17,17,0,0.17,0.10,0.20,29.35,17,17,0,0.78,0.70,0.80,29.22,17,17,0,1149.47,1143.20,1157.20,24.53,17,0,0
1556135,0.31,0.30,0.40,30.64,17,17,0,0.02,-0.10,0.10,29.07,17,17,0,0.34,0.30,0.40,29.25,17,17,0,0.80,0.80,0.80,28.90,17,17,0,0.18,0.10,0.20,29.34,17,17,0,0.79,0.70,0.80,29.21,17,17,0,1158.65,1154.20,1163.70,24.52,17,0,0
1556640,0.34,0.30,0.40,30.62,17,17,0,0.02,-0.10,0.10,29.05,17,17,0,0.37,0.30,0.40,29.23,17,17,0,0.80,0.80,0.80,28.89,17,17,0,0.19,0.10,0.20,29.35,17,17,0,0.75,0.70,0.80,29.21,17,17,0,1153.37,1147.00,1158.70,24.54,17,0,0
1557140,0.31,0.30,0.40,30.62,16,16,0,0.02,0.00,0.10,29.08,16,16,0,0.36,0.30,0.40,29.24,16,16,0,0.80,0.80,0.80,28.90,16,16,0,0.19,0.10,0.20,29.35,16,16,0,0.79,0.70,0.80,29.21,16,16,0,1162.68,1157.10,1167.50,24.53,16,0,0
1557651,0.33,0.30,0.40,30.62,17,17,0,0.03,-0.10,0.10,29.07,17,17,0,0.36,0.30,0.40,29.24,17,17,0,0.80,0.80,0.80,28.89,17,17,0,0.19,0.10,0.20,29.34,17,17,0,0.78,0.70,0.80,29.20,17,17,0,1170.01,1161.00,1178.30,24.52,17,0,0
1558151,0.32,0.30,0.40,30.63,17,17,0,0.01,-0.10,0.10,29.06,17,17,0,0.36,0.30,0.40,29.24,17,17,0,0.81,0.80,0.90,28.89,17,17,0,0.19,0.10,0.20,29.33,17,17,0,0.78,0.70,0.80,29.21,17,17,0,1168.09,1162.30,1172.80,24.52,17,0,0
1558651,0.31,0.30,0.40,30.62,17,17,0,0.00,-0.10,0.10,29.07,17,17,0,0.34,0.30,0.40,29.23,17,17,0,0.80,0.80,0.80,28.90,17,17,0,0.18,0.10,0.20,29.34,17,17,0,0.78,0.70,0.80,29.21,17,17,0,1168.26,1162.10,1172.70,24.52,17,0,0
1559156,0.31,0.30,0.40,30.64,16,16,0,0.02,0.00,0.10,29.07,16,16,0,0.36,0.30,0.40,29.23,16,16,0,0.79,0.70,0.80,28.89,16,16,0,0.19,0.10,0.20,29.34,16,16,0,0.79,0.70,0.80,29.19,16,16,0,1178.14,1172.00,1187.40,24.53,16,0,0
1559662,0.33,0.30,0.40,30.62,17,17,0,0.01,-0.10,0.10,29.06,17,17,0,0.35,0.30,0.40,29.23,17,17,0,0.80,0.80,0.80,28.89,17,17,0,0.19,0.10,0.20,29.35,17,17,0,0.79,0.70,0.80,29.22,17,17,0,1188.44,1183.70,1193.10,24.53,17,0,0
1560169,0.34,0.30,0.40,30.64,17,17,0,0.03,0.00,0.10,29.06,17,17,0,0.35,0.30,0.40,29.24,17,17,0,0.80,0.80,0.80,28.89,17,17,0,0.18,0.10,0.20,29.36,17,17,0,0.77,0.70,0.80,29.20,17,17,0,1174.83,1171.90,1180.00,24.53,17,0,0
1560675,0.34,0.30,0.40,30.62,17,17,0,0.03,-0.10,0.10,29.05,17,17,0,0.38,0.30,0.40,29.22,17,17,0,0.81,0.80,0.90,28.91,17,17,0,0.18,0.10,0.20,29.35,17,17,0,0.77,0.70,0.80,29.22,17,17,0,1177.34,1173.30,1181.30,24.52,17,0,0
1561186,0.32,0.30,0.40,30.64,17,17,0,0.02,-0.10,0.10,29.06,17,17,0,0.35,0.30,0.40,29.23,17,17,0,0.80,0.80,0.80,28.90,17,17,0,0.19,0.10,0.20,29.35,17,17,0,0.78,0.70,0.80,29.20,17,17,0,1189.68,1179.70,1196.90,24.54,17,0,0
1561686,0.32,0.30,0.40,30.64,17,17,0,0.03,0.00,0.10,29.07,17,17,0,0.39,0.30,0.40,29.23,17,17,0,0.80,0.80,0.80,28.91,17,17,0,0.19,0.10,0.20,29.36,17,17,0,0.78,0.70,0.80,29.20,17,17,0,1175.70,1163.70,1187.20,24.53,17,0,0
1562186,0.34,0.30,0.40,30.62,17,17,0,0.02,-0.10,0.10,29.07,17,17,0,0.37,0.30,0.40,29.22,17,17,0,0.80,0.80,0.80,28.88,17,17,0,0.19,0.10,0.30,29.34,17,17,0,0.78,0.70,0.80,29.21,17,17,0,1166.65,1161.20,1172.10,24.53,17,0,0
1562686,0.31,0.30,0.40,30.64,16,16,0,0.01,-0.10,0.10,29.07,16,16,0,0.37,0.30,0.40,29.23,16,16,0,0.81,0.80,0.90,28.90,16,16,0,0.18,0.10,0.20,29.35,16,16,0,0.80,0.80,0.80,29.21,16,16,0,1176.28,1169.10,1184.40,24.54,16,0,0
1563191,0.32,0.30,0.40,30.64,17,17,0,0.02,0.00,0.10,29.08,17,17,0,0.37,0.30,0.40,29.23,17,17,0,0.80,0.80,0.80,28.91,17,17,0,0.20,0.20,0.20,29.35,17,17,0,0.79,0.70,0.80,29.22,17,17,0,1180.58,1166.10,1189.40,24.53,17,0,0
1563697,0.30,0.30,0.30,30.64,17,17,0,0.02,-0.10,0.10,29.08,17,17,0,0.38,0.30,0.40,29.25,17,17,0,0.81,0.80,0.90,28.90,17,17,0,0.19,0.10,0.30,29.35,17,17,0,0.78,0.70,0.80,29.20,17,17,0,1153.95,1146.00,1163.30,24.53,17,0,0
1564197,0.32,0.30,0.40,30.62,17,17,0,0.02,-0.10,0.10,29.06,17,17,0,0.35,0.30,0.40,29.22,17,17,0,0.80,0.80,0.80,28.90,17,17,0,0.19,0.10,0.20,29.35,17,17,0,0.79,0.70,0.80,29.22,17,17,0,1153.60,1146.80,1160.60,24.52,17,0,0
1564702,0.32,0.30,0.40,30.62,17,17,0,0.03,0.00,0.10,29.06,17,17,0,0.35,0.30,0.40,29.23,17,17,0,0.80,0.80,0.80,28.90,17,17,0,0.18,0.10,0.20,29.36,17,17,0,0.78,0.70,0.80,29.22,17,17,0,1168.92,1161.70,1173.90,24.54,17,0,0
1565208,0.32,0.30,0.40,30.62,17,17,0,0.06,0.00,0.10,29.06,17,17,0,0.38,0.30,0.40,29.22,17,17,0,0.80,0.80,0.80,28.90,17,17,0,0.17,0.10,0.20,29.34,17,17,0,0.78,0.70,0.80,29.21,17,17,0,1155.66,1142.80,1170.40,24.51,17,0,0
1565715,0.32,0.30,0.40,30.62,17,17,0,0.04,-0.10,0.10,29.07,17,17,0,0.37,0.30,0.40,29.22,17,17,0,0.80,0.80,0.80,28.91,17,17,0,0.17,0.10,0.20,29.33,17,17,0,0.78,0.70,0.80,29.20,17,17,0,1137.86,1134.20,1143.20,24.53,17,0,0
1566226,0.31,0.30,0.40,30.63,17,17,0,0.05,0.00,0.10,29.05,17,17,0,0.37,0.30,0.40,29.23,17,17,0,0.80,0.80,0.80,28.90,17,17,0,0.19,0.10,0.20,29.35,17,17,0,0.79,0.70,0.80,29.23,17,17,0,1152.20,1144.30,1160.20,24.53,17,0,0
1566726,0.31,0.30,0.40,30.64,17,17,0,0.04,-0.10,0.10,29.07,17,17,0,0.37,0.30,0.40,29.23,17,17,0,0.80,0.80,0.80,28.91,17,17,0,0.20,0.20,0.20,29.34,17,17,0,0.78,0.70,0.80,29.22,17,17,0,1154.09,1140.30,1165.40,24.53,17,0,0
1567227,0.32,0.30,0.40,30.61,16,16,0,0.02,-0.10,0.10,29.06,16,16,0,0.36,0.30,0.40,29.24,16,16,0,0.80,0.80,0.80,28.90,16,16,0,0.19,0.10,0.20,29.36,16,16,0,0.79,0.70,0.80,29.23,16,16,0,1129.64,1124.60,1137.20,24.52,16,0,0
1567727,0.34,0.30,0.40,30.63,17,17,0,0.05,0.00,0.10,29.06,17,17,0,0.36,0.30,0.40,29.24,17,17,0,0.80,0.80,0.80,28.91,17,17,0,0.19,0.10,0.20,29.37,17,17,0,0.78,0.70,0.80,29.23,17,17,0,1126.94,1123.40,1132.00,24.52,17,0,0
1568237,0.34,0.30,0.40,30.64,17,17,0,0.02,-0.10,0.10,29.04,17,17,0,0.38,0.30,0.40,29.25,17,17,0,0.80,0.80,0.80,28.90,17,17,0,0.18,0.10,0.20,29.34,17,17,0,0.79,0.70,0.80,29.22,17,17,0,1141.19,1133.40,1146.60,24.54,17,0,0
1568743,0.32,0.30,0.40,30.65,17,17,0,0.02,-0.10,0.10,29.06,17,17,0,0.36,0.30,0.40,29.23,17,17,0,0.80,0.80,0.80,28.90,17,17,0,0.19,0.10,0.20,29.36,17,17,0,0.78,0.70,0.80,29.21,17,17,0,1129.90,1119.70,1138.10,24.52,17,0,0
1569244,0.32,0.30,0.40,30.63,17,17,0,0.03,0.00,0.10,29.08,17,17,0,0.38,0.30,0.40,29.24,17,17,0,0.80,0.80,0.80,28.91,17,17,0,0.19,0.10,0.20,29.35,17,17,0,0.78,0.70,0.80,29.22,17,17,0,1118.41,1113.90,1121.50,24.54,17,0,0
1569748,0.32,0.30,0.40,30.64,17,17,0,0.03,-0.10,0.10,29.08,17,17,0,0.36,0.30,0.40,29.24,17,17,0,0.80,0.80,0.80,28.90,17,17,0,0.19,0.10,0.20,29.37,17,17,0,0.79,0.70,0.80,29.23,17,17,0,1126.07,1117.10,1139.10,24.51,17,0,0
1570249,0.32,0.30,0.40,30.65,17,17,0,0.05,-0.10,0.10,29.05,17,17,0,0.37,0.30,0.40,29.23,17,17,0,0.80,0.80,0.80,28.91,17,17,0,0.18,0.10,0.20,29.37,17,17,0,0.79,0.70,0.80,29.23,17,17,0,1127.11,1116.90,1137.50,24.53,17,0,0
1570749,0.32,0.30,0.40,30.64,16,16,0,0.02,0.00,0.10,29.07,16,16,0,0.35,0.30,0.40,29.23,16,16,0,0.80,0.80,0.80,28.90,16,16,0,0.18,0.10,0.20,29.36,16,16,0,0.78,0.70,0.80,29.22,16,16,0,1108.16,1103.20,1115.60,24.52,16,0,0
1571250,0.32,0.30,0.40,30.65,17,17,0,0.04,0.00,0.10,29.07,17,17,0,0.35,0.30,0.40,29.23,17,17,0,0.80,0.80,0.80,28.90,17,17,0,0.19,0.10,0.20,29.34,17,17,0,0.79,0.70,0.80,29.24,17,17,0,1107.62,1103.80,1112.20,24.52,17,0,0
1571756,0.34,0.30,0.40,30.64,16,16,0,0.03,0.00,0.10,29.06,16,16,0,0.35,0.30,0.40,29.25,16,16,0,0.80,0.80,0.80,28.91,16,16,0,0.19,0.10,0.20,29.36,16,16,0,0.77,0.70,0.80,29.22,16,16,0,1117.83,1107.30,1125.20,24.54,16,0,0
1572263,0.34,0.30,0.40,30.64,17,17,0,0.04,-0.10,0.10,29.05,17,17,0,0.37,0.30,0.40,29.23,17,17,0,0.81,0.80,0.90,28.89,17,17,0,0.18,0.10,0.20,29.36,17,17,0,0.78,0.70,0.80,29.22,17,17,0,1109.56,1098.70,1115.10,24.53,17,0,0
1572769,0.34,0.30,0.40,30.65,17,17,0,0.02,0.00,0.10,29.07,17,17,0,0.36,0.30,0.40,29.24,17,17,0,0.79,0.70,0.80,28.90,17,17,0,0.20,0.20,0.20,29.35,17,17,0,0.79,0.70,0.80,29.23,17,17,0,1101.59,1098.40,1104.90,24.54,17,0,0
1573276,0.32,0.30,0.40,30.62,17,17,0,0.01,-0.10,0.10,29.06,17,17,0,0.36,0.30,0.40,29.23,17,17,0,0.80,0.80,0.80,28.91,17,17,0,0.19,0.10,0.20,29.37,17,17,0,0.78,0.70,0.80,29.22,17,17,0,1112.45,1094.60,1141.10,24.54,17,0,0
1573776,0.30,0.30,0.30,30.63,16,16,0,0.01,-0.10,0.10,29.07,16,16,0,0.37,0.30,0.40,29.24,16,16,0,0.80,0.80,0.80,28.89,16,16,0,0.18,0.10,0.20,29.37,16,16,0,0.79,0.70,0.80,29.23,16,16,0,1117.71,1096.00,1147.30,24.52,16,0,0
1574281,0.32,0.30,0.40,30.64,17,17,0,0.03,0.00,0.10,29.06,17,17,0,0.36,0.30,0.40,29.23,17,17,0,0.79,0.70,0.80,28.90,17,17,0,0.19,0.10,0.20,29.37,17,17,0,0.79,0.70,0.80,29.24,17,17,0,1108.30,1100.40,1117.90,24.53,17,0,0
1574782,0.33,0.30,0.40,30.64,17,17,0,0.03,-0.10,0.10,29.06,17,17,0,0.38,0.30,0.40,29.22,17,17,0,0.80,0.80,0.80,28.90,17,17,0,0.18,0.10,0.20,29.37,17,17,0,0.79,0.70,0.80,29.23,17,17,0,1109.45,1103.30,1116.00,24.53,17,0,0
1575293,0.31,0.30,0.40,30.64,17,17,0,0.02,0.00,0.10,29.06,17,17,0,0.33,0.30,0.40,29.25,17,17,0,0.81,0.80,0.90,28.90,17,17,0,0.18,0.10,0.20,29.36,17,17,0,0.78,0.70,0.80,29.22,17,17,0,1120.60,1112.30,1125.60,24.52,17,0,0
1575796,0.32,0.30,0.40,30.63,17,17,0,0.01,-0.10,0.10,29.07,17,17,0,0.38,0.30,0.40,29.23,17,17,0,0.81,0.80,0.90,28.91,17,17,0,0.19,0.10,0.20,29.37,17,17,0,0.78,0.70,0.80,29.23,17,17,0,1111.59,1099.90,1120.60,24.52,17,0,0
1576307,0.32,0.30,0.40,30.63,17,17,0,0.01,-0.10,0.10,29.07,17,17,0,0.36,0.30,0.40,29.23,17,17,0,0.80,0.80,0.80,28.91,17,17,0,0.16,0.10,0.20,29.35,17,17,0,0.77,0.70,0.80,29.22,17,17,0,1100.11,1095.50,1104.40,24.52,17,0,0
1576807,0.32,0.30,0.40,30.64,17,17,0,0.02,0.00,0.10,29.07,17,17,0,0.36,0.30,0.40,29.23,17,17,0,0.81,0.80,0.90,28.89,17,17,0,0.19,0.10,0.20,29.36,17,17,0,0.78,0.70,0.80,29.23,17,17,0,1110.59,1103.00,1119.20,24.52,17,0,0
1577313,0.32,0.30,0.40,30.64,17,17,0,0.04,0.00,0.10,29.07,17,17,0,0.37,0.30,0.40,29.24,17,17,0,0.80,0.70,0.90,28.90,17,17,0,0.18,0.10,0.20,29.37,17,17,0,0.79,0.70,0.80,29.23,17,17,0,1120.44,1112.10,1127.00,24.54,17,0,0
1577813,0.31,0.30,0.40,30.64,16,16,0,0.03,-0.10,0.10,29.07,16,16,0,0.35,0.30,0.40,29.23,16,16,0,0.80,0.80,0.80,28.90,16,16,0,0.18,0.10,0.20,29.35,16,16,0,0.79,0.70,0.80,29.23,16,16,0,1103.49,1099.00,1110.10,24.52,16,0,0
1578314,0.31,0.30,0.40,30.63,17,17,0,0.03,-0.10,0.10,29.07,17,17,0,0.38,0.30,0.40,29.23,17,17,0,0.80,0.80,0.80,28.90,17,17,0,0.17,0.10,0.20,29.35,17,17,0,0.78,0.70,0.80,29.24,17,17,0,1109.42,1104.60,1117.60,24.51,17,0,0
1578821,0.31,0.30,0.40,30.64,17,17,0,0.03,-0.10,0.10,29.07,17,17,0,0.38,0.30,0.40,29.22,17,17,0,0.80,0.80,0.80,28.90,17,17,0,0.19,0.10,0.20,29.37,17,17,0,0.78,0.70,0.80,29.22,17,17,0,1120.09,1115.70,1124.60,24.51,17,0,0
1579323,0.34,0.30,0.40,30.63,17,17,0,0.04,0.00,0.10,29.07,17,17,0,0.36,0.30,0.40,29.26,17,17,0,0.80,0.80,0.80,28.89,17,17,0,0.19,0.10,0.20,29.36,17,17,0,0.79,0.70,0.80,29.23,17,17,0,1103.72,1091.60,1120.50,24.51,17,0,0
1579825,0.31,0.30,0.40,30.62,17,17,0,0.02,-0.10,0.10,29.07,17,17,0,0.37,0.30,0.40,29.24,17,17,0,0.80,0.80,0.80,28.91,17,17,0,0.18,0.10,0.20,29.36,17,17,0,0.78,0.70,0.80,29.22,17,17,0,1088.52,1082.60,1093.00,24.52,17,0,0
1580326,0.32,0.30,0.40,30.64,17,17,0,0.04,-0.10,0.10,29.06,17,17,0,0.36,0.30,0.40,29.25,17,17,0,0.80,0.80,0.80,28.90,17,17,0,0.19,0.10,0.20,29.37,17,17,0,0.78,0.70,0.80,29.23,17,17,0,1106.06,1093.20,1116.40,24.52,17,0,0
1580826,0.34,0.30,0.40,30.65,17,17,0,0.02,0.00,0.10,29.08,17,17,0,0.35,0.30,0.40,29.23,17,17,0,0.80,0.80,0.80,28.91,17,17,0,0.18,0.10,0.20,29.36,17,17,0,0.80,0.80,0.80,29.23,17,17,0,1119.25,1111.20,1126.00,24.52,17,0,0
1581338,0.32,0.30,0.40,30.63,17,17,0,0.02,-0.10,0.10,29.07,17,17,0,0.36,0.30,0.40,29.24,17,17,0,0.80,0.80,0.80,28.89,17,17,0,0.18,0.10,0.20,29.36,17,17,0,0.78,0.70,0.80,29.23,17,17,0,1094.99,1085.90,1104.20,24.51,17,0,0
1581843,0.32,0.30,0.40,30.63,17,17,0,0.01,-0.10,0.10,29.07,17,17,0,0.34,0.30,0.40,29.23,17,17,0,0.81,0.80,0.90,28.89,17,17,0,0.19,0.10,0.20,29.37,17,17,0,0.79,0.70,0.80,29.23,17,17,0,1097.23,1084.00,1113.70,24.53,17,0,0
1582351,0.33,0.30,0.40,30.63,17,17,0,0.02,-0.10,0.10,29.08,17,17,0,0.36,0.30,0.40,29.22,17,17,0,0.81,0.80,0.90,28.90,17,17,0,0.19,0.10,0.20,29.37,17,17,0,0.77,0.70,0.80,29.23,17,17,0,1119.73,1107.00,1139.50,24.52,17,0,0
1582855,0.33,0.30,0.40,30.64,17,17,0,0.05,0.00,0.10,29.07,17,17,0,0.35,0.30,0.40,29.24,17,17,0,0.80,0.80,0.80,28.89,17,17,0,0.20,0.20,0.20,29.35,17,17,0,0.78,0.70,0.80,29.23,17,17,0,1107.74,1093.60,1124.70,24.51,17,0,0
1583367,0.31,0.30,0.40,30.63,17,17,0,0.02,-0.10,0.10,29.06,17,17,0,0.39,0.30,0.40,29.23,17,17,0,0.81,0.80,0.90,28.89,17,17,0,0.19,0.10,0.20,29.36,17,17,0,0.78,0.70,0.80,29.22,17,17,0,1097.28,1087.10,1104.10,24.52,17,0,0
1583871,0.31,0.30,0.40,30.63,17,17,0,0.01,-0.10,0.10,29.08,17,17,0,0.37,0.30,0.40,29.24,17,17,0,0.80,0.80,0.80,28.90,17,17,0,0.17,0.10,0.20,29.37,17,17,0,0.79,0.70,0.80,29.24,17,17,0,1112.31,1104.00,1124.30,24.50,17,0,0
1584371,0.33,0.30,0.40,30.63,17,17,0,0.04,-0.10,0.10,29.06,17,17,0,0.36,0.30,0.40,29.24,17,17,0,0.80,0.80,0.80,28.90,17,17,0,0.19,0.10,0.20,29.38,17,17,0,0.78,0.70,0.80,29.24,17,17,0,1116.15,1103.40,1125.10,24.50,17,0,0
1584873,0.32,0.30,0.40,30.63,17,17,0,0.04,-0.10,0.10,29.07,17,17,0,0.36,0.30,0.40,29.24,17,17,0,0.81,0.80,0.90,28.89,17,17,0,0.18,0.10,0.20,29.37,17,17,0,0.78,0.70,0.80,29.22,17,17,0,1095.81,1091.30,1100.90,24.50,17,0,0
1585377,0.32,0.30,0.40,30.63,17,17,0,0.03,-0.10,0.10,29.07,17,17,0,0.36,0.30,0.40,29.25,17,17,0,0.80,0.80,0.80,28.89,17,17,0,0.19,0.10,0.20,29.36,17,17,0,0.77,0.70,0.80,29.23,17,17,0,1103.75,1095.10,1111.70,24.50,17,0,0
1585879,0.31,0.30,0.40,30.64,17,17,0,0.02,0.00,0.10,29.08,17,17,0,0.36,0.30,0.40,29.23,17,17,0,0.80,0.80,0.80,28.89,17,17,0,0.18,0.10,0.20,29.37,17,17,0,0.79,0.70,0.80,29.24,17,17,0,1124.42,1115.70,1133.40,24.51,17,0,0
1586379,0.32,0.30,0.40,30.64,17,17,0,0.01,-0.10,0.10,29.05,17,17,0,0.36,0.30,0.40,29.24,17,17,0,0.80,0.80,0.80,28.90,17,17,0,0.18,0.10,0.20,29.36,17,17,0,0.78,0.70,0.80,29.22,17,17,0,1112.39,1098.20,1124.50,24.48,17,0,0
1586881,0.32,0.30,0.40,30.63,17,17,0,0.02,-0.10,0.10,29.08,17,17,0,0.38,0.30,0.40,29.24,17,17,0,0.79,0.70,0.80,28.91,17,17,0,0.18,0.10,0.20,29.36,17,17,0,0.78,0.70,0.80,29.23,17,17,0,1101.74,1097.20,1108.60,24.52,17,0,0
1587386,0.31,0.30,0.40,30.64,17,17,0,0.06,0.00,0.10,29.09,17,17,0,0.35,0.30,0.40,29.25,17,17,0,0.81,0.80,0.90,28.89,17,17,0,0.18,0.10,0.20,29.36,17,17,0,0.77,0.70,0.80,29.24,17,17,0,1117.56,1107.50,1127.90,24.51,17,0,0
1587896,0.31,0.30,0.40,30.64,17,17,0,0.04,-0.10,0.10,29.07,17,17,0,0.34,0.30,0.40,29.24,17,17,0,0.80,0.80,0.80,28.90,17,17,0,0.18,0.10,0.20,29.38,17,17,0,0.79,0.70,0.80,29.23,17,17,0,1126.01,1121.50,1131.60,24.49,17,0,0
1588404,0.34,0.30,0.40,30.65,17,17,0,0.02,-0.10,0.10,29.08,17,17,0,0.38,0.30,0.40,29.24,17,17,0,0.81,0.80,0.90,28.89,17,17,0,0.20,0.10,0.30,29.35,17,17,0,0.78,0.70,0.80,29.25,17,17,0,1114.04,1110.90,1118.60,24.50,17,0,0
1588907,0.33,0.30,0.40,30.63,17,17,0,0.04,0.00,0.10,29.07,17,17,0,0.35,0.30,0.40,29.24,17,17,0,0.80,0.80,0.80,28.90,17,17,0,0.18,0.10,0.20,29.36,17,17,0,0.79,0.70,0.80,29.23,17,17,0,1121.79,1116.00,1127.20,24.50,17,0,0
1589413,0.32,0.30,0.40,30.62,17,17,0,0.05,0.00,0.10,29.06,17,17,0,0.34,0.30,0.40,29.25,17,17,0,0.80,0.80,0.80,28.90,17,17,0,0.18,0.10,0.20,29.37,17,17,0,0.78,0.70,0.80,29.24,17,17,0,1140.69,1129.90,1148.20,24.51,17,0,0
1589923,0.32,0.30,0.40,30.63,17,17,0,-0.01,-0.10,0.00,29.07,17,17,0,0.38,0.30,0.40,29.25,17,17,0,0.80,0.80,0.80,28.89,17,17,0,0.18,0.10,0.20,29.37,17,17,0,0.78,0.70,0.80,29.23,17,17,0,1138.22,1131.00,1142.60,24.49,17,0,0
1590428,0.32,0.30,0.40,30.62,16,16,0,0.01,-0.10,0.10,29.06,16,16,0,0.38,0.30,0.40,29.25,16,16,0,0.80,0.80,0.80,28.88,16,16,0,0.19,0.10,0.20,29.38,16,16,0,0.79,0.70,0.80,29.24,16,16,0,1137.51,1132.70,1143.70,24.50,16,0,0
1590932,0.31,0.30,0.40,30.64,17,17,0,0.02,-0.10,0.10,29.07,17,17,0,0.36,0.30,0.40,29.25,17,17,0,0.80,0.80,0.80,28.92,17,17,0,0.19,0.10,0.20,29.38,17,17,0,0.79,0.70,0.80,29.23,17,17,0,1152.39,1142.60,1161.50,24.49,17,0,0
1591435,0.32,0.30,0.40,30.62,17,17,0,0.02,-0.10,0.10,29.08,17,17,0,0.36,0.30,0.40,29.23,17,17,0,0.80,0.80,0.80,28.91,17,17,0,0.18,0.10,0.20,29.37,17,17,0,0.79,0.70,0.80,29.24,17,17,0,1159.28,1153.20,1165.40,24.48,17,0,0
1591937,0.32,0.30,0.40,30.64,17,17,0,0.02,-0.10,0.10,29.08,17,17,0,0.37,0.30,0.40,29.25,17,17,0,0.81,0.80,0.90,28.90,17,17,0,0.17,0.10,0.20,29.37,17,17,0,0.78,0.70,0.80,29.25,17,17,0,1150.16,1144.80,1154.90,24.49,17,0,0
1592437,0.31,0.30,0.40,30.63,17,17,0,0.02,-0.10,0.10,29.07,17,17,0,0.37,0.30,0.40,29.25,17,17,0,0.81,0.80,0.90,28.90,17,17,0,0.16,0.10,0.20,29.36,17,17,0,0.78,0.70,0.80,29.23,17,17,0,1159.56,1154.40,1166.90,24.48,17,0,0
1592939,0.32,0.30,0.40,30.62,17,17,0,0.04,-0.10,0.10,29.07,17,17,0,0.36,0.30,0.40,29.24,17,17,0,0.81,0.80,0.90,28.91,17,17,0,0.19,0.10,0.20,29.37,17,17,0,0.79,0.70,0.80,29.24,17,17,0,1176.52,1166.80,1181.80,24.49,17,0,0
1593444,0.32,0.30,0.40,30.64,17,17,0,0.03,0.00,0.10,29.07,17,17,0,0.37,0.30,0.40,29.26,17,17,0,0.80,0.80,0.80,28.90,17,17,0,0.18,0.10,0.20,29.37,17,17,0,0.78,0.70,0.80,29.25,17,17,0,1175.27,1169.90,1179.70,24.48,17,0,0
1593945,0.31,0.30,0.40,30.63,17,17,0,0.01,-0.10,0.10,29.06,17,17,0,0.35,0.30,0.40,29.24,17,17,0,0.80,0.80,0.80,28.89,17,17,0,0.18,0.10,0.20,29.38,17,17,0,0.79,0.70,0.80,29.24,17,17,0,1173.49,1168.30,1181.90,24.47,17,0,0
1594445,0.32,0.30,0.40,30.64,17,17,0,0.05,0.00,0.10,29.08,17,17,0,0.36,0.30,0.40,29.24,17,17,0,0.80,0.80,0.80,28.90,17,17,0,0.17,0.10,0.20,29.37,17,17,0,0.79,0.70,0.80,29.24,17,17,0,1180.60,1169.10,1191.10,24.48,17,0,0
1594945,0.33,0.30,0.40,30.63,17,17,0,0.06,0.00,0.10,29.08,17,17,0,0.35,0.30,0.40,29.25,17,17,0,0.80,0.80,0.80,28.89,17,17,0,0.19,0.10,0.20,29.37,17,17,0,0.79,0.70,0.80,29.25,17,17,0,1191.02,1185.70,1200.90,24.46,17,0,0
1595445,0.34,0.30,0.40,30.63,16,16,0,0.03,-0.10,0.10,29.07,16,16,0,0.38,0.30,0.40,29.23,16,16,0,0.81,0.70,0.90,28.89,16,16,0,0.19,0.10,0.20,29.37,16,16,0,0.79,0.70,0.80,29.23,16,16,0,1178.70,1172.50,1185.50,24.48,16,0,0
1595955,0.31,0.30,0.40,30.62,17,17,0,0.06,0.00,0.10,29.08,17,17,0,0.36,0.30,0.40,29.25,17,17,0,0.80,0.70,0.90,28.90,17,17,0,0.19,0.10,0.20,29.37,17,17,0,0.80,0.80,0.80,29.24,17,17,0,1182.09,1175.40,1187.20,24.46,17,0,0
1596462,0.32,0.30,0.40,30.63,17,17,0,0.01,-0.10,0.10,29.07,17,17,0,0.36,0.30,0.40,29.26,17,17,0,0.81,0.80,0.90,28.90,17,17,0,0.19,0.10,0.20,29.38,17,17,0,0.79,0.70,0.80,29.25,17,17,0,1194.58,1185.40,1202.40,24.47,17,0,0
1596966,0.32,0.30,0.40,30.63,17,17,0,0.01,-0.10,0.10,29.08,17,17,0,0.37,0.30,0.40,29.25,17,17,0,0.81,0.80,0.90,28.91,17,17,0,0.20,0.20,0.20,29.37,17,17,0,0.79,0.70,0.80,29.25,17,17,0,1189.02,1175.90,1197.50,24.45,17,0,0
1597473,0.32,0.30,0.40,30.64,17,17,0,0.00,-0.10,0.10,29.08,17,17,0,0.36,0.30,0.40,29.22,17,17,0,0.80,0.80,0.80,28.89,17,17,0,0.20,0.10,0.30,29.35,17,17,0,0.78,0.70,0.80,29.25,17,17,0,1175.46,1171.60,1178.80,24.46,17,0,0
1597973,0.31,0.30,0.40,30.64,17,17,0,0.01,-0.10,0.10,29.07,17,17,0,0.37,0.30,0.40,29.24,17,17,0,0.81,0.80,0.90,28.90,17,17,0,0.18,0.10,0.20,29.37,17,17,0,0.79,0.70,0.80,29.23,17,17,0,1182.31,1173.80,1190.70,24.46,17,0,0
1598473,0.35,0.30,0.40,30.64,17,17,0,0.02,-0.10,0.10,29.07,17,17,0,0.36,0.30,0.40,29.25,17,17,0,0.80,0.80,0.80,28.92,17,17,0,0.18,0.10,0.20,29.37,17,17,0,0.80,0.80,0.80,29.24,17,17,0,1191.32,1184.40,1197.40,24.46,17,0,0
1598974,0.31,0.30,0.40,30.63,17,17,0,0.01,-0.10,0.10,29.07,17,17,0,0.35,0.30,0.40,29.23,17,17,0,0.80,0.80,0.80,28.89,17,17,0,0.16,0.10,0.30,29.35,17,17,0,0.78,0.70,0.80,29.23,17,17,0,1173.28,1167.00,1180.40,24.46,17,0,0
1599474,0.32,0.30,0.40,30.63,17,17,0,0.03,-0.10,0.10,29.08,17,17,0,0.36,0.30,0.40,29.23,17,17,0,0.80,0.80,0.80,28.88,17,17,0,0.19,0.10,0.20,29.38,17,17,0,0.78,0.70,0.80,29.25,17,17,0,1172.83,1165.90,1185.40,24.47,17,0,0
1599976,0.31,0.30,0.40,30.64,17,17,0,0.03,0.00,0.10,29.07,17,17,0,0.36,0.30,0.40,29.23,17,17,0,0.81,0.80,0.90,28.88,17,17,0,0.19,0.10,0.20,29.38,17,17,0,0.79,0.70,0.90,29.23,17,17,0,1180.54,1173.90,1188.90,24.47,17,0,0
1600477,0.32,0.30,0.40,30.65,17,17,0,0.02,-0.10,0.10,29.08,17,17,0,0.38,0.30,0.40,29.25,17,17,0,0.80,0.80,0.80,28.91,17,17,0,0.18,0.10,0.20,29.38,17,17,0,0.78,0.70,0.80,29.24,17,17,0,1164.85,1154.60,1181.00,24.47,17,0,0
1600979,0.31,0.30,0.40,30.65,17,17,0,0.03,0.00,0.10,29.09,17,17,0,0.36,0.30,0.40,29.26,17,17,0,0.80,0.80,0.80,28.90,17,17,0,0.19,0.10,0.20,29.37,17,17,0,0.78,0.70,0.80,29.23,17,17,0,1151.52,1147.20,1156.30,24.47,17,0,0
1601479,0.32,0.30,0.40,30.65,17,17,0,0.04,-0.10,0.10,29.08,17,17,0,0.36,0.30,0.40,29.25,17,17,0,0.80,0.80,0.80,28.91,17,17,0,0.18,0.10,0.20,29.37,17,17,0,0.79,0.70,0.80,29.25,17,17,0,1157.08,1150.70,1164.90,24.48,17,0,0
1601980,0.33,0.30,0.40,30.65,17,17,0,0.01,-0.10,0.10,29.07,17,17,0,0.37,0.30,0.40,29.25,17,17,0,0.80,0.80,0.80,28.91,17,17,0,0.18,0.10,0.20,29.36,17,17,0,0.80,0.80,0.80,29.24,17,17,0,1163.80,1154.60,1169.20,24.46,17,0,0
1602480,0.32,0.30,0.40,30.63,17,17,0,0.03,-0.10,0.10,29.07,17,17,0,0.35,0.30,0.40,29.26,17,17,0,0.80,0.80,0.80,28.91,17,17,0,0.17,0.10,0.20,29.37,17,17,0,0.79,0.70,0.80,29.25,17,17,0,1145.32,1140.10,1155.90,24.46,17,0,0
1602980,0.32,0.30,0.40,30.64,17,17,0,0.06,0.00,0.10,29.08,17,17,0,0.38,0.30,0.40,29.25,17,17,0,0.80,0.80,0.80,28.89,17,17,0,0.18,0.10,0.20,29.37,17,17,0,0.78,0.70,0.80,29.24,17,17,0,1140.62,1135.60,1144.00,24.47,17,0,0
1603487,0.31,0.30,0.40,30.64,17,17,0,0.02,0.00,0.10,29.06,17,17,0,0.36,0.30,0.40,29.26,17,17,0,0.80,0.80,0.80,28.89,17,17,0,0.18,0.10,0.20,29.38,17,17,0,0.78,0.70,0.80,29.24,17,17,0,1151.07,1146.10,1156.00,24.49,17,0,0
1603991,0.31,0.30,0.40,30.64,17,17,0,0.03,0.00,0.10,29.07,17,17,0,0.35,0.30,0.40,29.26,17,17,0,0.81,0.80,0.90,28.89,17,17,0,0.18,0.10,0.20,29.37,17,17,0,0.78,0.70,0.80,29.24,17,17,0,1139.19,1131.10,1144.60,24.47,17,0,0
1604499,0.32,0.30,0.40,30.64,17,17,0,0.04,0.00,0.10,29.07,17,17,0,0.38,0.30,0.40,29.25,17,17,0,0.80,0.80,0.80,28.90,17,17,0,0.19,0.10,0.20,29.38,17,17,0,0.77,0.70,0.80,29.24,17,17,0,1126.56,1122.20,1130.70,24.48,17,0,0
1605003,0.31,0.30,0.40,30.63,17,17,0,0.04,0.00,0.10,29.08,17,17,0,0.35,0.30,0.40,29.26,17,17,0,0.81,0.80,0.90,28.90,17,17,0,0.20,0.10,0.30,29.37,17,17,0,0.79,0.70,0.80,29.24,17,17,0,1130.41,1124.30,1137.40,24.48,17,0,0
1605509,0.35,0.30,0.40,30.65,17,17,0,0.02,-0.10,0.10,29.08,17,17,0,0.36,0.30,0.40,29.26,17,17,0,0.80,0.80,0.80,28.90,17,17,0,0.19,0.10,0.20,29.38,17,17,0,0.79,0.70,0.80,29.25,17,17,0,1130.97,1121.80,1140.40,24.48,17,0,0
1606009,0.33,0.30,0.40,30.63,17,17,0,0.04,0.00,0.10,29.06,17,17,0,0.38,0.30,0.40,29.25,17,17,0,0.81,0.80,0.90,28.90,17,17,0,0.18,0.10,0.20,29.37,17,17,0,0.78,0.70,0.80,29.25,17,17,0,1111.79,1104.30,1120.50,24.49,17,0,0
1606509,0.33,0.30,0.40,30.64,17,17,0,0.04,-0.10,0.10,29.07,17,17,0,0.36,0.30,0.40,29.24,17,17,0,0.80,0.80,0.80,28.91,17,17,0,0.20,0.20,0.20,29.36,17,17,0,0.78,0.70,0.80,29.24,17,17,0,1109.02,1103.60,1115.50,24.48,17,0,0
1607011,0.33,0.30,0.40,30.64,17,17,0,0.03,-0.10,0.10,29.06,17,17,0,0.36,0.30,0.40,29.26,17,17,0,0.81,0.80,0.90,28.89,17,17,0,0.18,0.10,0.20,29.38,17,17,0,0.78,0.70,0.80,29.23,17,17,0,1128.76,1119.60,1135.50,24.47,17,0,0
1607516,0.32,0.30,0.40,30.64,17,17,0,0.03,-0.10,0.10,29.07,17,17,0,0.36,0.30,0.40,29.24,17,17,0,0.81,0.80,0.90,28.91,17,17,0,0.17,0.10,0.20,29.38,17,17,0,0.76,0.70,0.80,29.25,17,17,0,1119.07,1112.20,1132.00,24.47,17,0,0
1608017,0.33,0.30,0.40,30.64,17,17,0,0.02,-0.10,0.10,29.07,17,17,0,0.38,0.30,0.40,29.27,17,17,0,0.80,0.80,0.80,28.90,17,17,0,0.18,0.10,0.20,29.37,17,17,0,0.78,0.70,0.80,29.24,17,17,0,1110.60,1104.70,1120.60,24.47,17,0,0
1608517,0.33,0.30,0.40,30.64,17,17,0,0.05,0.00,0.10,29.07,17,17,0,0.38,0.30,0.40,29.25,17,17,0,0.80,0.80,0.80,28.92,17,17,0,0.19,0.10,0.20,29.36,17,17,0,0.77,0.70,0.80,29.24,17,17,0,1119.87,1113.70,1132.20,24.48,17,0,0
1609017,0.33,0.30,0.40,30.63,16,16,0,0.04,0.00,0.10,29.07,16,16,0,0.36,0.30,0.40,29.26,16,16,0,0.80,0.80,0.80,28.89,16,16,0,0.19,0.10,0.20,29.38,16,16,0,0.77,0.70,0.80,29.24,16,16,0,1124.58,1116.90,1132.80,24.46,16,0,0
1609520,0.33,0.30,0.40,30.64,17,17,0,0.00,-0.10,0.10,29.07,17,17,0,0.36,0.30,0.40,29.26,17,17,0,0.80,0.80,0.80,28.90,17,17,0,0.18,0.10,0.20,29.38,17,17,0,0.77,0.70,0.80,29.25,17,17,0,1111.11,1094.10,1121.00,24.46,17,0,0
1610020,0.33,0.30,0.40,30.61,17,17,0,0.03,-0.10,0.10,29.07,17,17,0,0.37,0.30,0.40,29.27,17,17,0,0.80,0.80,0.80,28.90,17,17,0,0.19,0.10,0.20,29.37,17,17,0,0.79,0.70,0.80,29.25,17,17,0,1111.66,1097.90,1124.50,24.48,17,0,0
1610520,0.34,0.30,0.40,30.64,17,17,0,0.04,0.00,0.10,29.06,17,17,0,0.35,0.30,0.40,29.27,17,17,0,0.81,0.80,0.90,28.89,17,17,0,0.18,0.10,0.20,29.38,17,17,0,0.78,0.70,0.80,29.24,17,17,0,1126.78,1118.30,1137.40,24.46,17,0,0
1611020,0.31,0.30,0.40,30.65,17,17,0,0.04,0.00,0.10,29.06,17,17,0,0.38,0.30,0.40,29.25,17,17,0,0.80,0.80,0.80,28.88,17,17,0,0.18,0.10,0.20,29.38,17,17,0,0.79,0.70,0.80,29.25,17,17,0,1115.41,1102.90,1128.70,24.47,17,0,0
1611526,0.32,0.30,0.40,30.63,17,17,0,0.04,0.00,0.10,29.07,17,17,0,0.35,0.30,0.40,29.24,17,17,0,0.81,0.80,0.90,28.90,17,17,0,0.16,0.10,0.20,29.37,17,17,0,0.79,0.70,0.80,29.25,17,17,0,1103.34,1091.30,1113.60,24.47,17,0,0
1612031,0.34,0.30,0.40,30.63,17,17,0,0.02,-0.10,0.10,29.05,17,17,0,0.38,0.30,0.40,29.27,17,17,0,0.80,0.80,0.80,28.90,17,17,0,0.16,0.10,0.20,29.36,17,17,0,0.77,0.70,0.80,29.24,17,17,0,1118.69,1103.40,1131.10,24.47,17,0,0
1612538,0.34,0.30,0.40,30.64,17,17,0,0.01,-0.10,0.10,29.06,17,17,0,0.35,0.30,0.40,29.25,17,17,0,0.81,0.80,0.90,28.91,17,17,0,0.18,0.10,0.20,29.38,17,17,0,0.78,0.70,0.80,29.24,17,17,0,1131.12,1119.90,1136.80,24.47,17,0,0
1613041,0.33,0.30,0.40,30.63,17,17,0,0.01,-0.10,0.10,29.08,17,17,0,0.39,0.30,0.40,29.25,17,17,0,0.80,0.80,0.80,28.90,17,17,0,0.19,0.10,0.30,29.37,17,17,0,0.80,0.80,0.80,29.25,17,17,0,1109.64,1103.10,1118.40,24.47,17,0,0
1613553,0.32,0.30,0.40,30.64,17,17,0,0.01,-0.10,0.10,29.07,17,17,0,0.38,0.30,0.40,29.25,17,17,0,0.79,0.70,0.80,28.90,17,17,0,0.19,0.10,0.20,29.36,17,17,0,0.79,0.70,0.80,29.25,17,17,0,1112.04,1099.20,1122.20,24.48,17,0,0
1614054,0.34,0.30,0.40,30.64,17,17,0,0.02,-0.10,0.10,29.07,17,17,0,0.36,0.30,0.40,29.26,17,17,0,0.80,0.80,0.80,28.89,17,17,0,0.19,0.10,0.20,29.38,17,17,0,0.78,0.70,0.80,29.25,17,17,0,1129.25,1120.40,1135.00,24.47,17,0,0
1614554,0.32,0.30,0.40,30.63,17,17,0,0.02,-0.10,0.10,29.07,17,17,0,0.38,0.30,0.40,29.27,17,17,0,0.80,0.80,0.80,28.91,17,17,0,0.18,0.10,0.20,29.37,17,17,0,0.78,0.70,0.80,29.24,17,17,0,1111.08,1099.40,1126.70,24.47,17,0,0
1615055,0.31,0.30,0.40,30.66,17,17,0,0.04,0.00,0.10,29.08,17,17,0,0.35,0.30,0.40,29.25,17,17,0,0.80,0.80,0.80,28.90,17,17,0,0.19,0.10,0.20,29.36,17,17,0,0.77,0.70,0.80,29.24,17,17,0,1098.86,1095.60,1103.40,24.48,17,0,0
1615558,0.32,0.30,0.40,30.64,17,17,0,0.02,0.00,0.10,29.05,17,17,0,0.35,0.30,0.40,29.28,17,17,0,0.80,0.80,0.80,28.89,17,17,0,0.18,0.10,0.20,29.39,17,17,0,0.80,0.80,0.80,29.24,17,17,0,1113.49,1102.50,1125.60,24.47,17,0,0
1616059,0.33,0.30,0.40,30.64,17,17,0,0.03,-0.10,0.10,29.06,17,17,0,0.36,0.30,0.40,29.28,17,17,0,0.80,0.80,0.80,28.91,17,17,0,0.18,0.10,0.20,29.37,17,17,0,0.78,0.70,0.80,29.26,17,17,0,1129.65,1120.60,1137.30,24.48,17,0,0
1616559,0.31,0.30,0.40,30.65,17,17,0,0.03,0.00,0.10,29.08,17,17,0,0.36,0.30,0.40,29.26,17,17,0,0.80,0.80,0.80,28.90,17,17,0,0.19,0.10,0.20,29.37,17,17,0,0.79,0.70,0.80,29.26,17,17,0,1103.44,1097.10,1113.80,24.48,17,0,0
1617059,0.32,0.30,0.40,30.64,17,17,0,0.02,-0.10,0.10,29.07,17,17,0,0.37,0.30,0.40,29.26,17,17,0,0.81,0.80,0.90,28.90,17,17,0,0.18,0.10,0.20,29.38,17,17,0,0.77,0.70,0.80,29.25,17,17,0,1098.31,1091.70,1106.30,24.46,17,0,0
1617566,0.34,0.30,0.40,30.65,17,17,0,0.02,-0.10,0.10,29.08,17,17,0,0.36,0.30,0.40,29.26,17,17,0,0.80,0.80,0.80,28.89,17,17,0,0.19,0.10,0.20,29.36,17,17,0,0.77,0.70,0.80,29.25,17,17,0,1122.02,1112.70,1133.90,24.46,17,0,0
1618066,0.32,0.30,0.40,30.65,17,17,0,0.02,0.00,0.10,29.07,17,17,0,0.37,0.30,0.40,29.28,17,17,0,0.80,0.80,0.80,28.90,17,17,0,0.18,0.10,0.20,29.36,17,17,0,0.76,0.70,0.80,29.26,17,17,0,1116.44,1098.80,1133.10,24.46,17,0,0
1618567,0.34,0.30,0.40,30.61,17,17,0,0.04,-0.10,0.10,29.09,17,17,0,0.39,0.30,0.40,29.27,17,17,0,0.80,0.80,0.80,28.91,17,17,0,0.18,0.10,0.20,29.37,17,17,0,0.79,0.70,0.80,29.26,17,17,0,1101.18,1096.00,1105.50,24.48,17,0,0
1619067,0.33,0.30,0.40,30.64,17,17,0,0.04,0.00,0.10,29.06,17,17,0,0.39,0.30,0.40,29.26,17,17,0,0.80,0.80,0.80,28.90,17,17,0,0.16,0.10,0.20,29.37,17,17,0,0.78,0.70,0.80,29.26,17,17,0,1112.49,1101.30,1126.40,24.47,17,0,0
1619574,0.33,0.30,0.40,30.65,17,17,0,0.05,0.00,0.10,29.09,17,17,0,0.38,0.30,0.40,29.28,17,17,0,0.80,0.80,0.80,28.90,17,17,0,0.18,0.10,0.20,29.37,17,17,0,0.79,0.70,0.80,29.26,17,17,0,1128.65,1120.00,1136.00,24.46,17,0,0
1620074,0.32,0.30,0.40,30.62,17,17,0,0.02,0.00,0.10,29.06,17,17,0,0.38,0.30,0.40,29.27,17,17,0,0.80,0.80,0.80,28.90,17,17,0,0.18,0.10,0.20,29.37,17,17,0,0.78,0.70,0.80,29.25,17,17,0,1107.79,1100.80,1117.70,24.45,17,0,0
1620574,0.32,0.30,0.40,30.63,17,17,0,0.01,0.00,0.10,29.05,17,17,0,0.38,0.30,0.40,29.26,17,17,0,0.80,0.80,0.80,28.90,17,17,0,0.19,0.10,0.20,29.38,17,17,0,0.79,0.70,0.80,29.24,17,17,0,1109.06,1096.90,1119.80,24.46,17,0,0
1621075,0.32,0.30,0.40,30.64,17,17,0,0.04,0.00,0.10,29.06,17,17,0,0.38,0.30,0.40,29.27,17,17,0,0.80,0.80,0.80,28.89,17,17,0,0.17,0.10,0.20,29.37,17,17,0,0.79,0.70,0.80,29.27,17,17,0,1123.74,1116.30,1129.70,24.45,17,0,0
1621577,0.34,0.30,0.40,30.64,17,17,0,0.03,0.00,0.10,29.07,17,17,0,0.38,0.30,0.40,29.26,17,17,0,0.80,0.80,0.80,28.89,17,17,0,0.19,0.10,0.20,29.37,17,17,0,0.77,0.70,0.80,29.25,17,17,0,1114.31,1105.30,1123.10,24.47,17,0,0
1622078,0.34,0.30,0.40,30.65,17,17,0,0.05,-0.10,0.10,29.08,17,17,0,0.36,0.30,0.40,29.26,17,17,0,0.80,0.80,0.80,28.90,17,17,0,0.18,0.10,0.20,29.37,17,17,0,0.78,0.70,0.80,29.26,17,17,0,1105.75,1101.10,1114.20,24.46,17,0,0
1622582,0.32,0.30,0.40,30.64,17,17,0,0.04,-0.10,0.10,29.07,17,17,0,0.36,0.30,0.40,29.27,17,17,0,0.81,0.80,0.90,28.90,17,17,0,0.19,0.10,0.20,29.37,17,17,0,0.79,0.70,0.80,29.26,17,17,0,1119.98,1113.70,1129.60,24.45,17,0,0
1623090,0.31,0.30,0.40,30.63,17,17,0,0.05,0.00,0.10,29.08,17,17,0,0.36,0.30,0.40,29.28,17,17,0,0.80,0.80,0.80,28.89,17,17,0,0.18,0.10,0.20,29.37,17,17,0,0.79,0.70,0.80,29.26,17,17,0,1133.55,1128.30,1139.80,24.46,17,0,0
1623593,0.34,0.30,0.40,30.65,17,17,0,0.04,0.00,0.10,29.07,17,17,0,0.35,0.30,0.40,29.29,17,17,0,0.80,0.80,0.80,28.88,17,17,0,0.17,0.10,0.20,29.38,17,17,0,0.78,0.70,0.80,29.25,17,17,0,1124.06,1115.40,1130.40,24.46,17,0,0
1624093,0.31,0.30,0.40,30.63,17,17,0,0.01,-0.10,0.10,29.06,17,17,0,0.38,0.30,0.40,29.28,17,17,0,0.79,0.70,0.80,28.89,17,17,0,0.18,0.10,0.20,29.37,17,17,0,0.78,0.70,0.80,29.24,17,17,0,1131.28,1120.80,1137.10,24.47,17,0,0
1624594,0.32,0.30,0.40,30.63,17,17,0,0.04,0.00,0.10,29.08,17,17,0,0.36,0.30,0.40,29.28,17,17,0,0.80,0.80,0.80,28.89,17,17,0,0.16,0.10,0.20,29.38,17,17,0,0.79,0.70,0.80,29.24,17,17,0,1144.22,1135.60,1151.00,24.46,17,0,0
1625094,0.34,0.30,0.40,30.64,17,17,0,0.02,0.00,0.10,29.06,17,17,0,0.39,0.30,0.40,29.27,17,17,0,0.80,0.80,0.80,28.89,17,17,0,0.20,0.20,0.20,29.38,17,17,0,0.79,0.70,0.80,29.26,17,17,0,1144.31,1140.80,1149.30,24.47,17,0,0
1625600,0.32,0.30,0.40,30.63,17,17,0,0.03,0.00,0.10,29.07,17,17,0,0.36,0.30,0.40,29.27,17,17,0,0.80,0.80,0.80,28.90,17,17,0,0.19,0.10,0.20,29.39,17,17,0,0.78,0.70,0.80,29.26,17,17,0,1143.71,1139.00,1148.10,24.48,17,0,0
1626100,0.33,0.30,0.40,30.64,17,17,0,0.02,0.00,0.10,29.08,17,17,0,0.36,0.30,0.40,29.26,17,17,0,0.80,0.80,0.80,28.89,17,17,0,0.18,0.10,0.20,29.37,17,17,0,0.78,0.70,0.80,29.26,17,17,0,1157.42,1151.50,1170.80,24.46,17,0,0
1626601,0.32,0.30,0.40,30.63,17,17,0,0.01,-0.10,0.10,29.07,17,17,0,0.38,0.30,0.40,29.26,17,17,0,0.80,0.80,0.80,28.90,17,17,0,0.18,0.10,0.20,29.37,17,17,0,0.79,0.70,0.80,29.25,17,17,0,1168.46,1162.60,1173.60,24.45,17,0,0
1627101,0.32,0.30,0.40,30.64,17,17,0,0.02,-0.10,0.10,29.06,17,17,0,0.36,0.30,0.40,29.28,17,17,0,0.80,0.80,0.80,28.89,17,17,0,0.18,0.10,0.20,29.38,17,17,0,0.78,0.70,0.80,29.27,17,17,0,1158.28,1150.90,1166.50,24.47,17,0,0
1627604,0.34,0.30,0.40,30.63,17,17,0,0.05,0.00,0.10,29.07,17,17,0,0.38,0.30,0.40,29.27,17,17,0,0.80,0.80,0.80,28.90,17,17,0,0.19,0.10,0.20,29.36,17,17,0,0.78,0.70,0.80,29.26,17,17,0,1163.85,1158.20,1171.60,24.46,17,0,0
1628104,0.32,0.30,0.40,30.64,16,16,0,0.03,0.00,0.10,29.07,16,16,0,0.38,0.30,0.40,29.27,16,16,0,0.80,0.80,0.80,28.90,16,16,0,0.18,0.10,0.20,29.38,16,16,0,0.78,0.70,0.80,29.26,16,16,0,1181.40,1168.50,1194.30,24.45,16,0,0
1628604,0.32,0.30,0.40,30.62,17,17,0,0.02,-0.10,0.10,29.06,17,17,0,0.36,0.30,0.40,29.28,17,17,0,0.80,0.80,0.80,28.89,17,17,0,0.19,0.10,0.20,29.37,17,17,0,0.79,0.70,0.80,29.25,17,17,0,1183.35,1178.30,1189.30,24.45,17,0,0
1629105,0.32,0.30,0.40,30.64,17,17,0,0.01,-0.10,0.10,29.07,17,17,0,0.37,0.30,0.40,29.28,17,17,0,0.80,0.80,0.80,28.90,17,17,0,0.18,0.10,0.20,29.36,17,17,0,0.79,0.70,0.80,29.26,17,17,0,1176.24,1171.40,1179.10,24.45,17,0,0
1629607,0.32,0.30,0.40,30.63,17,17,0,0.02,0.00,0.10,29.06,17,17,0,0.38,0.30,0.40,29.27,17,17,0,0.80,0.80,0.80,28.90,17,17,0,0.18,0.10,0.20,29.38,17,17,0,0.78,0.70,0.80,29.26,17,17,0,1185.57,1178.40,1194.10,24.43,17,0,0
1630109,0.32,0.30,0.40,30.65,17,17,0,0.02,0.00,0.10,29.07,17,17,0,0.38,0.30,0.40,29.27,17,17,0,0.80,0.80,0.80,28.89,17,17,0,0.19,0.10,0.20,29.37,17,17,0,0.76,0.70,0.80,29.26,17,17,0,1200.30,1186.80,1208.70,24.43,17,0,0
1630609,0.32,0.30,0.40,30.64,17,17,0,0.02,-0.10,0.10,29.06,17,17,0,0.38,0.30,0.40,29.26,17,17,0,0.79,0.70,0.80,28.91,17,17,0,0.17,0.10,0.20,29.37,17,17,0,0.79,0.70,0.80,29.26,17,17,0,1183.79,1169.90,1193.60,24.45,17,0,0
1631109,0.34,0.30,0.40,30.64,17,17,0,0.03,-0.10,0.10,29.07,17,17,0,0.36,0.30,0.40,29.27,17,17,0,0.81,0.80,0.90,28.88,17,17,0,0.19,0.10,0.20,29.38,17,17,0,0.79,0.70,0.80,29.25,17,17,0,1181.86,1167.20,1197.70,24.44,17,0,0
1631616,0.34,0.30,0.40,30.64,17,17,0,0.04,-0.10,0.10,29.07,17,17,0,0.38,0.30,0.40,29.28,17,17,0,0.80,0.80,0.80,28.88,17,17,0,0.19,0.10,0.20,29.37,17,17,0,0.78,0.70,0.80,29.26,17,17,0,1194.96,1182.50,1205.10,24.45,17,0,0
1632116,0.32,0.30,0.40,30.64,17,17,0,0.01,0.00,0.10,29.07,17,17,0,0.36,0.30,0.40,29.28,17,17,0,0.80,0.80,0.80,28.90,17,17,0,0.18,0.10,0.20,29.39,17,17,0,0.79,0.70,0.80,29.24,17,17,0,1195.89,1181.90,1207.20,24.44,17,0,0
1632618,0.33,0.30,0.40,30.64,17,17,0,0.02,-0.10,0.10,29.08,17,17,0,0.38,0.30,0.40,29.27,17,17,0,0.80,0.80,0.80,28.90,17,17,0,0.20,0.20,0.20,29.38,17,17,0,0.80,0.80,0.80,29.25,17,17,0,1178.31,1170.20,1187.30,24.45,17,0,0
1633118,0.32,0.30,0.40,30.64,17,17,0,0.02,0.00,0.10,29.08,17,17,0,0.38,0.30,0.40,29.27,17,17,0,0.80,0.80,0.80,28.90,17,17,0,0.18,0.10,0.20,29.38,17,17,0,0.79,0.70,0.80,29.25,17,17,0,1184.72,1159.40,1202.10,24.43,17,0,0
1633627,0.32,0.30,0.40,30.65,17,17,0,0.01,-0.10,0.10,29.08,17,17,0,0.37,0.30,0.40,29.28,17,17,0,0.81,0.80,0.90,28.89,17,17,0,0.17,0.10,0.20,29.36,17,17,0,0.79,0.70,0.80,29.25,17,17,0,1197.24,1182.10,1210.30,24.45,17,0,0
1634127,0.34,0.30,0.40,30.64,17,17,0,0.04,0.00,0.10,29.09,17,17,0,0.37,0.30,0.40,29.26,17,17,0,0.80,0.80,0.80,28.90,17,17,0,0.19,0.10,0.20,29.38,17,17,0,0.78,0.70,0.80,29.24,17,17,0,1175.75,1162.30,1188.40,24.45,17,0,0
1634627,0.32,0.30,0.40,30.65,17,17,0,0.02,0.00,0.10,29.06,17,17,0,0.38,0.30,0.40,29.30,17,17,0,0.79,0.70,0.80,28.89,17,17,0,0.18,0.10,0.20,29.40,17,17,0,0.80,0.80,0.80,29.26,17,17,0,1168.66,1162.10,1175.80,24.47,17,0,0
1635128,0.31,0.30,0.40,30.65,17,17,0,0.02,-0.10,0.10,29.07,17,17,0,0.38,0.30,0.40,29.28,17,17,0,0.80,0.80,0.80,28.89,17,17,0,0.18,0.10,0.20,29.39,17,17,0,0.79,0.70,0.80,29.26,17,17,0,1180.22,1172.30,1189.30,24.47,17,0,0
1635631,0.32,0.30,0.40,30.66,17,17,0,0.03,0.00,0.10,29.08,17,17,0,0.38,0.30,0.40,29.26,17,17,0,0.80,0.80,0.80,28.89,17,17,0,0.19,0.10,0.30,29.38,17,17,0,0.76,0.70,0.80,29.23,17,17,0,1177.71,1168.90,1192.20,24.44,17,0,0
1636132,0.32,0.30,0.40,30.65,17,17,0,0.02,-0.10,0.10,29.07,17,17,0,0.38,0.30,0.40,29.30,17,17,0,0.80,0.80,0.80,28.90,17,17,0,0.19,0.10,0.20,29.38,17,17,0,0.79,0.70,0.80,29.26,17,17,0,1157.56,1151.30,1165.60,24.44,17,0,0
1636632,0.32,0.30,0.40,30.63,17,17,0,0.04,0.00,0.10,29.08,17,17,0,0.37,0.30,0.40,29.26,17,17,0,0.80,0.80,0.80,28.90,17,17,0,0.18,0.10,0.20,29.37,17,17,0,0.79,0.70,0.80,29.26,17,17,0,1162.75,1156.30,1169.70,24.47,17,0,0
1637133,0.33,0.30,0.40,30.65,17,17,0,0.01,-0.10,0.10,29.08,17,17,0,0.36,0.30,0.40,29.30,17,17,0,0.81,0.80,0.90,28.88,17,17,0,0.19,0.10,0.20,29.37,17,17,0,0.79,0.70,0.80,29.25,17,17,0,1170.36,1162.40,1176.20,24.47,17,0,0
1637636,0.32,0.30,0.40,30.64,17,17,0,0.04,0.00,0.10,29.06,17,17,0,0.37,0.30,0.40,29.28,17,17,0,0.80,0.80,0.80,28.89,17,17,0,0.19,0.10,0.20,29.37,17,17,0,0.76,0.70,0.80,29.26,17,17,0,1154.49,1147.60,1163.40,24.45,17,0,0
1638137,0.35,0.30,0.40,30.65,17,17,0,0.02,0.00,0.10,29.06,17,17,0,0.36,0.30,0.40,29.28,17,17,0,0.80,0.70,0.90,28.90,17,17,0,0.18,0.10,0.20,29.37,17,17,0,0.78,0.70,0.80,29.25,17,17,0,1148.22,1143.20,1157.40,24.44,17,0,0
1638637,0.34,0.30,0.40,30.63,17,17,0,0.02,-0.10,0.10,29.06,17,17,0,0.38,0.30,0.40,29.27,17,17,0,0.81,0.80,0.90,28.89,17,17,0,0.18,0.10,0.20,29.38,17,17,0,0.79,0.70,0.80,29.25,17,17,0,1153.78,1144.20,1164.80,24.46,17,0,0
1639137,0.32,0.30,0.40,30.65,17,17,0,0.04,-0.10,0.10,29.06,17,17,0,0.38,0.30,0.40,29.28,17,17,0,0.80,0.80,0.80,28.88,17,17,0,0.18,0.10,0.20,29.37,17,17,0,0.79,0.70,0.80,29.25,17,17,0,1148.35,1140.40,1159.20,24.44,17,0,0
1639643,0.32,0.30,0.40,30.65,17,17,0,0.02,-0.10,0.10,29.07,17,17,0,0.37,0.30,0.40,29.26,17,17,0,0.80,0.80,0.80,28.89,17,17,0,0.18,0.10,0.20,29.38,17,17,0,0.76,0.70,0.80,29.27,17,17,0,1132.96,1129.00,1142.80,24.46,17,0,0
1640143,0.31,0.30,0.40,30.65,17,17,0,0.01,-0.10,0.10,29.07,17,17,0,0.38,0.30,0.40,29.26,17,17,0,0.80,0.80,0.80,28.89,17,17,0,0.18,0.10,0.20,29.37,17,17,0,0.78,0.70,0.80,29.25,17,17,0,1133.65,1127.40,1139.00,24.48,17,0,0
1640647,0.31,0.30,0.40,30.63,17,17,0,0.01,-0.10,0.10,29.06,17,17,0,0.38,0.30,0.40,29.28,17,17,0,0.80,0.80,0.80,28.90,17,17,0,0.19,0.10,0.20,29.37,17,17,0,0.79,0.70,0.80,29.25,17,17,0,1140.74,1133.70,1146.30,24.46,17,0,0
1641147,0.32,0.30,0.40,30.64,17,17,0,0.04,-0.10,0.10,29.06,17,17,0,0.39,0.30,0.40,29.29,17,17,0,0.80,0.80,0.80,28.88,17,17,0,0.18,0.10,0.20,29.37,17,17,0,0.78,0.70,0.80,29.27,17,17,0,1128.39,1120.60,1137.90,24.47,17,0,0
1641653,0.34,0.30,0.40,30.65,17,17,0,0.01,-0.10,0.10,29.08,17,17,0,0.36,0.30,0.40,29.29,17,17,0,0.80,0.80,0.80,28.90,17,17,0,0.19,0.10,0.20,29.39,17,17,0,0.77,0.70,0.80,29.26,17,17,0,1125.15,1122.60,1129.60,24.45,17,0,0
1642153,0.33,0.30,0.40,30.64,17,17,0,0.05,-0.10,0.10,29.06,17,17,0,0.38,0.30,0.40,29.29,17,17,0,0.80,0.80,0.80,28.89,17,17,0,0.18,0.10,0.20,29.36,17,17,0,0.78,0.70,0.80,29.26,17,17,0,1131.37,1126.10,1136.80,24.46,17,0,0
1642653,0.34,0.30,0.40,30.65,17,17,0,0.02,0.00,0.10,29.06,17,17,0,0.35,0.30,0.40,29.28,17,17,0,0.80,0.80,0.80,28.88,17,17,0,0.19,0.10,0.20,29.36,17,17,0,0.78,0.70,0.80,29.26,17,17,0,1129.09,1121.20,1134.70,24.45,17,0,0
1643154,0.35,0.30,0.40,30.66,17,17,0,0.04,0.00,0.10,29.07,17,17,0,0.36,0.30,0.40,29.27,17,17,0,0.81,0.80,0.90,28.89,17,17,0,0.18,0.10,0.30,29.38,17,17,0,0.79,0.70,0.80,29.25,17,17,0,1111.47,1106.00,1121.60,24.45,17,0,0
1643656,0.31,0.30,0.40,30.65,17,17,0,0.01,-0.10,0.10,29.07,17,17,0,0.38,0.30,0.40,29.29,17,17,0,0.80,0.70,0.90,28.90,17,17,0,0.20,0.10,0.30,29.38,17,17,0,0.77,0.70,0.80,29.27,17,17,0,1118.02,1109.80,1125.50,24.46,17,0,0
1644156,0.32,0.30,0.40,30.64,17,17,0,0.01,0.00,0.10,29.06,17,17,0,0.37,0.30,0.40,29.28,17,17,0,0.80,0.80,0.80,28.89,17,17,0,0.19,0.10,0.20,29.39,17,17,0,0.80,0.80,0.80,29.25,17,17,0,1132.60,1127.00,1141.70,24.46,17,0,0
1644656,0.34,0.30,0.40,30.65,17,17,0,0.04,0.00,0.10,29.08,17,17,0,0.37,0.30,0.40,29.26,17,17,0,0.79,0.70,0.80,28.89,17,17,0,0.18,0.10,0.20,29.38,17,17,0,0.79,0.70,0.80,29.25,17,17,0,1117.65,1109.30,1125.90,24.46,17,0,0
1645157,0.32,0.30,0.40,30.64,17,17,0,0.01,-0.10,0.10,29.09,17,17,0,0.40,0.40,0.40,29.28,17,17,0,0.81,0.80,0.90,28.89,17,17,0,0.19,0.10,0.20,29.37,17,17,0,0.78,0.70,0.80,29.26,17,17,0,1110.91,1108.00,1119.30,24.45,17,0,0
1645660,0.33,0.30,0.40,30.64,17,17,0,0.02,-0.10,0.10,29.06,17,17,0,0.36,0.30,0.40,29.27,17,17,0,0.80,0.80,0.80,28.88,17,17,0,0.18,0.10,0.20,29.38,17,17,0,0.78,0.70,0.80,29.26,17,17,0,1128.32,1119.40,1138.30,24.46,17,0,0
1646160,0.33,0.30,0.40,30.63,17,17,0,0.02,0.00,0.10,29.07,17,17,0,0.36,0.30,0.40,29.28,17,17,0,0.81,0.80,0.90,28.90,17,17,0,0.18,0.10,0.20,29.37,17,17,0,0.79,0.70,0.80,29.26,17,17,0,1132.15,1122.40,1142.60,24.46,17,0,0
1646660,0.32,0.30,0.40,30.64,16,16,0,0.04,-0.10,0.10,29.05,16,16,0,0.36,0.30,0.40,29.28,16,16,0,0.81,0.80,0.90,28.89,16,16,0,0.18,0.10,0.30,29.38,16,16,0,0.76,0.70,0.80,29.26,16,16,0,1117.01,1111.30,1120.50,24.45,16,0,0
1647160,0.31,0.30,0.40,30.64,17,17,0,0.02,0.00,0.10,29.07,17,17,0,0.36,0.30,0.40,29.27,17,17,0,0.81,0.80,0.90,28.89,17,17,0,0.19,0.10,0.20,29.38,17,17,0,0.78,0.70,0.80,29.26,17,17,0,1123.78,1113.70,1131.90,24.47,17,0,0
1647666,0.32,0.30,0.40,30.63,17,17,0,0.02,0.00,0.10,29.06,17,17,0,0.39,0.30,0.40,29.27,17,17,0,0.81,0.80,0.90,28.88,17,17,0,0.19,0.10,0.20,29.37,17,17,0,0.78,0.70,0.80,29.26,17,17,0,1137.82,1131.80,1142.60,24.47,17,0,0
1648166,0.32,0.30,0.40,30.63,17,17,0,0.04,0.00,0.10,29.07,17,17,0,0.38,0.30,0.40,29.29,17,17,0,0.81,0.80,0.90,28.88,17,17,0,0.19,0.10,0.20,29.36,17,17,0,0.78,0.70,0.80,29.26,17,17,0,1121.16,1113.10,1132.60,24.45,17,0,0
1648668,0.34,0.30,0.40,30.63,17,17,0,0.04,0.00,0.10,29.06,17,17,0,0.38,0.30,0.40,29.27,17,17,0,0.79,0.70,0.80,28.89,17,17,0,0.18,0.10,0.20,29.37,17,17,0,0.79,0.70,0.80,29.26,17,17,0,1114.18,1108.50,1123.10,24.44,17,0,0
1649168,0.32,0.30,0.40,30.65,17,17,0,0.03,0.00,0.10,29.06,17,17,0,0.38,0.30,0.40,29.28,17,17,0,0.81,0.80,0.90,28.87,17,17,0,0.19,0.10,0.20,29.37,17,17,0,0.78,0.70,0.80,29.24,17,17,0,1131.25,1122.60,1139.50,24.46,17,0,0
1649670,0.34,0.30,0.40,30.65,17,17,0,0.03,0.00,0.10,29.07,17,17,0,0.38,0.30,0.40,29.27,17,17,0,0.80,0.80,0.80,28.89,17,17,0,0.17,0.10,0.20,29.38,17,17,0,0.79,0.70,0.80,29.26,17,17,0,1131.86,1115.10,1139.40,24.45,17,0,0
1650171,0.31,0.30,0.40,30.65,17,17,0,0.04,-0.10,0.10,29.06,17,17,0,0.38,0.30,0.40,29.28,17,17,0,0.80,0.80,0.80,28.89,17,17,0,0.18,0.10,0.20,29.37,17,17,0,0.78,0.70,0.80,29.27,17,17,0,1105.82,1100.10,1112.80,24.47,17,0,0
1650671,0.32,0.30,0.40,30.64,17,17,0,0.04,-0.10,0.10,29.06,17,17,0,0.38,0.30,0.40,29.28,17,17,0,0.80,0.80,0.80,28.87,17,17,0,0.18,0.10,0.20,29.38,17,17,0,0.78,0.70,0.80,29.26,17,17,0,1110.51,1100.20,1124.90,24.48,17,0,0
1651173,0.35,0.30,0.40,30.63,17,17,0,0.03,-0.10,0.10,29.06,17,17,0,0.38,0.30,0.40,29.29,17,17,0,0.80,0.80,0.80,28.89,17,17,0,0.18,0.10,0.30,29.39,17,17,0,0.79,0.70,0.80,29.25,17,17,0,1132.28,1123.80,1137.70,24.47,17,0,0
1651682,0.31,0.30,0.40,30.64,17,17,0,0.02,0.00,0.10,29.07,17,17,0,0.36,0.30,0.40,29.27,17,17,0,0.80,0.80,0.80,28.88,17,17,0,0.18,0.10,0.20,29.38,17,17,0,0.79,0.70,0.80,29.25,17,17,0,1117.67,1103.00,1134.40,24.45,17,0,0
1652189,0.33,0.30,0.40,30.65,17,17,0,0.02,-0.10,0.10,29.07,17,17,0,0.36,0.30,0.40,29.29,17,17,0,0.80,0.80,0.80,28.89,17,17,0,0.19,0.10,0.20,29.37,17,17,0,0.76,0.70,0.80,29.28,17,17,0,1101.45,1097.00,1106.00,24.47,17,0,0
1652689,0.31,0.30,0.40,30.65,17,17,0,0.02,-0.10,0.10,29.08,17,17,0,0.38,0.30,0.40,29.27,17,17,0,0.80,0.80,0.80,28.89,17,17,0,0.18,0.10,0.20,29.37,17,17,0,0.79,0.70,0.80,29.26,17,17,0,1120.47,1106.80,1128.00,24.46,17,0,0
1653189,0.33,0.30,0.40,30.64,17,17,0,0.03,0.00,0.10,29.09,17,17,0,0.39,0.30,0.40,29.27,17,17,0,0.81,0.80,0.90,28.87,17,17,0,0.19,0.10,0.30,29.37,17,17,0,0.79,0.70,0.80,29.26,17,17,0,1130.58,1120.10,1137.30,24.45,17,0,0
1653698,0.32,0.30,0.40,30.65,17,17,0,0.04,0.00,0.10,29.08,17,17,0,0.38,0.30,0.40,29.26,17,17,0,0.80,0.80,0.80,28.88,17,17,0,0.19,0.10,0.20,29.37,17,17,0,0.79,0.70,0.80,29.27,17,17,0,1108.05,1103.80,1114.50,24.48,17,0,0
1654198,0.31,0.30,0.40,30.65,17,17,0,0.03,0.00,0.10,29.08,17,17,0,0.38,0.30,0.40,29.28,17,17,0,0.80,0.80,0.80,28.87,17,17,0,0.19,0.10,0.20,29.37,17,17,0,0.79,0.70,0.80,29.25,17,17,0,1108.87,1101.30,1120.40,24.47,17,0,0
1654700,0.32,0.30,0.40,30.65,17,17,0,0.04,-0.10,0.10,29.08,17,17,0,0.39,0.30,0.40,29.27,17,17,0,0.81,0.80,0.90,28.88,17,17,0,0.19,0.10,0.20,29.39,17,17,0,0.76,0.70,0.80,29.27,17,17,0,1130.20,1120.60,1136.30,24.45,17,0,0
1655200,0.32,0.30,0.40,30.64,17,17,0,0.02,-0.10,0.10,29.08,17,17,0,0.38,0.30,0.40,29.29,17,17,0,0.81,0.80,0.90,28.88,17,17,0,0.18,0.10,0.20,29.37,17,17,0,0.79,0.70,0.80,29.27,17,17,0,1113.45,1101.00,1129.40,24.44,17,0,0
1655706,0.32,0.30,0.40,30.66,17,17,0,0.01,0.00,0.10,29.06,17,17,0,0.37,0.30,0.40,29.28,17,17,0,0.80,0.80,0.80,28.86,17,17,0,0.19,0.10,0.20,29.36,17,17,0,0.79,0.70,0.80,29.27,17,17,0,1103.49,1101.00,1106.60,24.47,17,0,0
1656206,0.32,0.30,0.40,30.63,17,17,0,0.04,0.00,0.10,29.08,17,17,0,0.36,0.30,0.40,29.27,17,17,0,0.80,0.80,0.80,28.88,17,17,0,0.20,0.10,0.30,29.39,17,17,0,0.78,0.70,0.80,29.26,17,17,0,1120.49,1109.40,1129.20,24.46,17,0,0
1656706,0.34,0.30,0.40,30.66,17,17,0,0.04,-0.10,0.10,29.08,17,17,0,0.38,0.30,0.40,29.28,17,17,0,0.81,0.80,0.90,28.88,17,17,0,0.16,0.10,0.20,29.37,17,17,0,0.79,0.70,0.80,29.26,17,17,0,1132.95,1125.90,1139.80,24.46,17,0,0
1657207,0.32,0.30,0.40,30.66,17,17,0,0.02,-0.10,0.10,29.07,17,17,0,0.36,0.30,0.40,29.28,17,17,0,0.80,0.80,0.80,28.88,17,17,0,0.19,0.10,0.30,29.37,17,17,0,0.79,0.70,0.80,29.25,17,17,0,1117.02,1111.80,1122.60,24.47,17,0,0
1657709,0.32,0.30,0.40,30.63,17,17,0,0.02,-0.10,0.10,29.08,17,17,0,0.38,0.30,0.40,29.30,17,17,0,0.81,0.80,0.90,28.90,17,17,0,0.19,0.10,0.20,29.39,17,17,0,0.78,0.70,0.80,29.27,17,17,0,1119.95,1115.90,1126.40,24.48,17,0,0
1658211,0.32,0.30,0.40,30.66,17,17,0,0.04,0.00,0.10,29.08,17,17,0,0.38,0.30,0.40,29.27,17,17,0,0.80,0.80,0.80,28.89,17,17,0,0.19,0.10,0.20,29.37,17,17,0,0.79,0.70,0.80,29.26,17,17,0,1136.48,1126.60,1141.90,24.46,17,0,0
1658711,0.32,0.30,0.40,30.64,17,17,0,0.01,-0.10,0.10,29.07,17,17,0,0.37,0.30,0.40,29.27,17,17,0,0.80,0.80,0.80,28.87,17,17,0,0.18,0.10,0.20,29.37,17,17,0,0.79,0.70,0.80,29.26,17,17,0,1131.68,1125.80,1140.80,24.45,17,0,0
1659211,0.32,0.30,0.40,30.64,17,17,0,0.04,0.00,0.10,29.07,17,17,0,0.35,0.30,0.40,29.28,17,17,0,0.80,0.80,0.80,28.89,17,17,0,0.19,0.10,0.20,29.37,17,17,0,0.78,0.70,0.80,29.26,17,17,0,1128.57,1120.90,1134.70,24.46,17,0,0
1659714,0.34,0.30,0.40,30.65,17,17,0,0.05,0.00,0.10,29.06,17,17,0,0.38,0.30,0.40,29.27,17,17,0,0.80,0.80,0.80,28.88,17,17,0,0.19,0.10,0.20,29.37,17,17,0,0.79,0.70,0.80,29.26,17,17,0,1143.62,1137.10,1152.60,24.47,17,0,0
1660218,0.34,0.30,0.40,30.64,17,17,0,0.02,0.00,0.10,29.08,17,17,0,0.38,0.30,0.40,29.28,17,17,0,0.81,0.80,0.90,28.88,17,17,0,0.19,0.10,0.20,29.38,17,17,0,0.80,0.80,0.80,29.26,17,17,0,1151.70,1148.80,1156.20,24.46,17,0,0
1660727,0.31,0.30,0.40,30.64,17,17,0,0.03,-0.10,0.10,29.06,17,17,0,0.38,0.30,0.40,29.26,17,17,0,0.80,0.80,0.80,28.88,17,17,0,0.18,0.10,0.20,29.38,17,17,0,0.78,0.70,0.80,29.26,17,17,0,1150.56,1145.00,1155.10,24.45,17,0,0
1661227,0.34,0.30,0.40,30.66,17,17,0,0.06,0.00,0.10,29.08,17,17,0,0.37,0.30,0.40,29.27,17,17,0,0.80,0.80,0.80,28.87,17,17,0,0.16,0.10,0.20,29.36,17,17,0,0.79,0.70,0.80,29.26,17,17,0,1158.32,1153.20,1165.60,24.44,17,0,0
1661739,0.32,0.30,0.40,30.64,17,17,0,0.03,-0.10,0.10,29.08,17,17,0,0.38,0.30,0.40,29.28,17,17,0,0.81,0.80,0.90,28.86,17,17,0,0.18,0.10,0.20,29.38,17,17,0,0.79,0.70,0.80,29.25,17,17,0,1176.28,1166.90,1181.40,24.45,17,0,0
1662243,0.33,0.30,0.40,30.67,17,17,0,0.03,0.00,0.10,29.07,17,17,0,0.36,0.30,0.40,29.27,17,17,0,0.80,0.80,0.80,28.88,17,17,0,0.19,0.10,0.20,29.39,17,17,0,0.79,0.70,0.80,29.26,17,17,0,1177.39,1171.00,1183.40,24.47,17,0,0
1662744,0.33,0.30,0.40,30.64,17,17,0,0.04,0.00,0.10,29.08,17,17,0,0.38,0.30,0.40,29.28,17,17,0,0.81,0.80,0.90,28.88,17,17,0,0.16,0.10,0.20,29.35,17,17,0,0.79,0.70,0.80,29.25,17,17,0,1178.06,1172.80,1182.50,24.45,17,0,0
1663244,0.34,0.30,0.40,30.64,17,17,0,0.04,-0.10,0.10,29.08,17,17,0,0.35,0.30,0.40,29.25,17,17,0,0.80,0.80,0.80,28.88,17,17,0,0.18,0.10,0.20,29.38,17,17,0,0.79,0.70,0.80,29.27,17,17,0,1186.28,1174.70,1197.20,24.44,17,0,0
1663753,0.32,0.30,0.40,30.66,17,17,0,0.04,0.00,0.10,29.07,17,17,0,0.36,0.30,0.40,29.28,17,17,0,0.82,0.80,0.90,28.88,17,17,0,0.19,0.10,0.20,29.35,17,17,0,0.79,0.70,0.80,29.25,17,17,0,1192.59,1185.60,1199.10,24.45,17,0,0
1664260,0.32,0.30,0.40,30.63,17,17,0,0.04,0.00,0.10,29.07,17,17,0,0.36,0.30,0.40,29.29,17,17,0,0.80,0.80,0.80,28.86,17,17,0,0.18,0.10,0.20,29.37,17,17,0,0.79,0.70,0.80,29.26,17,17,0,1182.49,1178.40,1187.30,24.44,17,0,0
1664760,0.33,0.30,0.40,30.65,17,17,0,0.02,-0.10,0.10,29.07,17,17,0,0.35,0.30,0.40,29.28,17,17,0,0.80,0.80,0.80,28.88,17,17,0,0.17,0.10,0.20,29.38,17,17,0,0.76,0.70,0.80,29.27,17,17,0,1186.53,1182.40,1193.10,24.45,17,0,0
1665260,0.31,0.30,0.40,30.65,16,16,0,0.03,0.00,0.10,29.07,16,16,0,0.36,0.30,0.40,29.27,16,16,0,0.80,0.80,0.80,28.87,16,16,0,0.18,0.10,0.20,29.38,16,16,0,0.78,0.70,0.80,29.25,16,16,0,1203.86,1193.90,1209.80,24.44,16,0,0
1665764,0.31,0.30,0.40,30.65,17,17,0,0.02,0.00,0.10,29.08,17,17,0,0.36,0.30,0.40,29.27,17,17,0,0.80,0.80,0.80,28.88,17,17,0,0.18,0.10,0.30,29.38,17,17,0,0.79,0.70,0.80,29.26,17,17,0,1199.01,1192.30,1206.50,24.46,17,0,0
1666268,0.32,0.30,0.40,30.64,17,17,0,0.02,-0.10,0.10,29.07,17,17,0,0.34,0.30,0.40,29.28,17,17,0,0.80,0.80,0.80,28.89,17,17,0,0.16,0.10,0.20,29.39,17,17,0,0.79,0.70,0.80,29.26,17,17,0,1191.94,1185.90,1194.50,24.43,17,0,0
1666771,0.31,0.30,0.40,30.65,17,17,0,0.03,0.00,0.10,29.07,17,17,0,0.38,0.30,0.40,29.28,17,17,0,0.80,0.80,0.80,28.86,17,17,0,0.17,0.10,0.20,29.37,17,17,0,0.78,0.70,0.80,29.28,17,17,0,1197.56,1191.00,1204.40,24.45,17,0,0
1667275,0.31,0.30,0.40,30.65,17,17,0,0.01,-0.10,0.10,29.08,17,17,0,0.35,0.30,0.40,29.30,17,17,0,0.80,0.80,0.80,28.87,17,17,0,0.19,0.10,0.20,29.36,17,17,0,0.77,0.70,0.80,29.25,17,17,0,1203.01,1194.00,1212.50,24.45,17,0,0
1667782,0.34,0.30,0.40,30.66,17,17,0,0.05,0.00,0.10,29.09,17,17,0,0.38,0.30,0.40,29.27,17,17,0,0.80,0.80,0.80,28.85,17,17,0,0.18,0.10,0.20,29.37,17,17,0,0.78,0.70,0.80,29.27,17,17,0,1185.00,1175.10,1193.30,24.45,17,0,0
1668282,0.31,0.30,0.40,30.66,17,17,0,0.04,-0.10,0.10,29.07,17,17,0,0.36,0.30,0.40,29.28,17,17,0,0.79,0.70,0.80,28.87,17,17,0,0.18,0.10,0.20,29.39,17,17,0,0.77,0.70,0.80,29.26,17,17,0,1184.05,1178.70,1193.30,24.44,17,0,0
1668784,0.34,0.30,0.40,30.65,17,17,0,0.03,0.00,0.10,29.08,17,17,0,0.39,0.30,0.40,29.28,17,17,0,0.80,0.80,0.80,28.86,17,17,0,0.16,0.10,0.20,29.37,17,17,0,0.78,0.70,0.80,29.26,17,17,0,1196.75,1188.90,1200.80,24.44,17,0,0
1669284,0.32,0.30,0.40,30.65,17,17,0,0.03,0.00,0.10,29.09,17,17,0,0.37,0.30,0.40,29.28,17,17,0,0.80,0.80,0.80,28.87,17,17,0,0.20,0.10,0.30,29.38,17,17,0,0.78,0.70,0.80,29.27,17,17,0,1180.77,1169.10,1193.50,24.45,17,0,0
1669791,0.32,0.30,0.40,30.65,17,17,0,0.01,-0.10,0.10,29.07,17,17,0,0.38,0.30,0.40,29.30,17,17,0,0.81,0.80,0.90,28.86,17,17,0,0.17,0.10,0.20,29.37,17,17,0,0.80,0.80,0.80,29.25,17,17,0,1161.54,1157.10,1169.10,24.46,17,0,0
1670291,0.32,0.30,0.40,30.65,17,17,0,0.01,-0.10,0.10,29.08,17,17,0,0.38,0.30,0.40,29.29,17,17,0,0.80,0.80,0.80,28.86,17,17,0,0.17,0.10,0.20,29.38,17,17,0,0.78,0.70,0.80,29.27,17,17,0,1176.68,1165.40,1189.30,24.45,17,0,0
1670792,0.34,0.30,0.40,30.64,17,17,0,0.04,0.00,0.10,29.07,17,17,0,0.37,0.30,0.40,29.29,17,17,0,0.80,0.80,0.80,28.86,17,17,0,0.19,0.10,0.20,29.37,17,17,0,0.79,0.70,0.80,29.24,17,17,0,1184.24,1171.90,1192.00,24.45,17,0,0
1671292,0.34,0.30,0.40,30.64,17,17,0,0.05,0.00,0.10,29.08,17,17,0,0.38,0.30,0.40,29.28,17,17,0,0.79,0.70,0.80,28.85,17,17,0,0.18,0.10,0.20,29.38,17,17,0,0.78,0.70,0.80,29.25,17,17,0,1161.48,1155.50,1168.80,24.42,17,0,0
1671800,0.32,0.30,0.40,30.65,17,17,0,0.06,-0.10,0.10,29.08,17,17,0,0.38,0.30,0.40,29.28,17,17,0,0.80,0.80,0.80,28.87,17,17,0,0.18,0.10,0.20,29.37,17,17,0,0.79,0.70,0.80,29.25,17,17,0,1162.62,1156.40,1170.40,24.43,17,0,0
1672302,0.33,0.30,0.40,30.64,17,17,0,0.04,0.00,0.10,29.07,17,17,0,0.35,0.30,0.40,29.27,17,17,0,0.80,0.80,0.80,28.85,17,17,0,0.16,0.10,0.20,29.37,17,17,0,0.78,0.70,0.80,29.25,17,17,0,1173.29,1166.50,1183.00,24.43,17,0,0
1672806,0.32,0.30,0.40,30.66,17,17,0,0.03,0.00,0.10,29.06,17,17,0,0.38,0.30,0.40,29.28,17,17,0,0.81,0.70,0.90,28.86,17,17,0,0.17,0.10,0.20,29.38,17,17,0,0.77,0.70,0.80,29.26,17,17,0,1157.89,1147.50,1170.70,24.45,17,0,0
1673310,0.32,0.30,0.40,30.66,17,17,0,0.01,-0.10,0.10,29.07,17,17,0,0.37,0.30,0.40,29.28,17,17,0,0.80,0.80,0.80,28.86,17,17,0,0.16,0.10,0.20,29.38,17,17,0,0.79,0.70,0.80,29.26,17,17,0,1147.91,1139.90,1151.80,24.44,17,0,0
1673812,0.33,0.30,0.40,30.65,17,17,0,0.03,0.00,0.10,29.09,17,17,0,0.36,0.30,0.40,29.27,17,17,0,0.79,0.70,0.80,28.87,17,17,0,0.19,0.10,0.20,29.38,17,17,0,0.77,0.70,0.80,29.26,17,17,0,1155.17,1145.20,1168.70,24.44,17,0,0
1674314,0.32,0.30,0.40,30.66,17,17,0,0.04,-0.10,0.10,29.08,17,17,0,0.36,0.30,0.40,29.28,17,17,0,0.80,0.80,0.80,28.86,17,17,0,0.18,0.10,0.20,29.37,17,17,0,0.78,0.70,0.80,29.26,17,17,0,1151.65,1140.60,1167.00,24.45,17,0,0
1674814,0.32,0.30,0.40,30.66,17,17,0,0.02,-0.10,0.10,29.08,17,17,0,0.38,0.30,0.40,29.28,17,17,0,0.81,0.80,0.90,28.85,17,17,0,0.16,0.10,0.20,29.37,17,17,0,0.78,0.70,0.80,29.26,17,17,0,1134.86,1125.80,1141.80,24.46,17,0,0
1675314,0.31,0.30,0.40,30.66,17,17,0,0.01,-0.10,0.10,29.07,17,17,0,0.38,0.30,0.40,29.29,17,17,0,0.80,0.80,0.80,28.86,17,17,0,0.16,0.10,0.20,29.38,17,17,0,0.76,0.70,0.80,29.26,17,17,0,1138.47,1133.80,1147.10,24.45,17,0,0
1675820,0.34,0.30,0.40,30.64,17,17,0,0.03,0.00,0.10,29.07,17,17,0,0.38,0.30,0.40,29.27,17,17,0,0.80,0.80,0.80,28.87,17,17,0,0.18,0.10,0.20,29.36,17,17,0,0.79,0.70,0.80,29.24,17,17,0,1149.34,1143.20,1156.40,24.45,17,0,0
1676320,0.33,0.30,0.40,30.65,17,17,0,0.03,0.00,0.10,29.07,17,17,0,0.37,0.30,0.40,29.28,17,17,0,0.81,0.80,0.90,28.85,17,17,0,0.18,0.10,0.20,29.38,17,17,0,0.78,0.70,0.80,29.25,17,17,0,1135.01,1125.70,1147.20,24.45,17,0,0
1676822,0.32,0.30,0.40,30.64,17,17,0,0.04,0.00,0.10,29.08,17,17,0,0.36,0.30,0.40,29.29,17,17,0,0.81,0.80,0.90,28.84,17,17,0,0.17,0.10,0.20,29.37,17,17,0,0.79,0.70,0.80,29.26,17,17,0,1126.32,1120.80,1130.40,24.46,17,0,0
1677322,0.34,0.30,0.40,30.65,17,17,0,0.02,-0.10,0.10,29.07,17,17,0,0.38,0.30,0.40,29.29,17,17,0,0.80,0.80,0.80,28.86,17,17,0,0.17,0.10,0.20,29.39,17,17,0,0.77,0.70,0.80,29.27,17,17,0,1133.15,1124.30,1148.20,24.45,17,0,0
1677828,0.32,0.30,0.40,30.65,17,17,0,0.02,-0.10,0.10,29.09,17,17,0,0.39,0.30,0.40,29.27,17,17,0,0.81,0.80,0.90,28.86,17,17,0,0.18,0.10,0.20,29.38,17,17,0,0.76,0.70,0.80,29.27,17,17,0,1137.23,1121.60,1157.30,24.46,17,0,0
1678328,0.33,0.30,0.40,30.65,17,17,0,0.03,0.00,0.10,29.07,17,17,0,0.37,0.30,0.40,29.28,17,17,0,0.80,0.80,0.80,28.85,17,17,0,0.18,0.10,0.20,29.39,17,17,0,0.79,0.70,0.80,29.25,17,17,0,1120.94,1101.60,1134.50,24.46,17,0,0
1678828,0.32,0.30,0.40,30.67,17,17,0,0.04,0.00,0.10,29.06,17,17,0,0.36,0.30,0.40,29.29,17,17,0,0.80,0.80,0.80,28.85,17,17,0,0.17,0.10,0.20,29.38,17,17,0,0.78,0.70,0.80,29.26,17,17,0,1119.65,1090.80,1140.80,24.46,17,0,0
1679330,0.35,0.30,0.40,30.66,17,17,0,0.04,-0.10,0.10,29.06,17,17,0,0.35,0.30,0.40,29.29,17,17,0,0.80,0.80,0.80,28.85,17,17,0,0.18,0.10,0.20,29.38,17,17,0,0.78,0.70,0.80,29.25,17,17,0,1134.02,1125.20,1141.70,24.45,17,0,0
1679833,0.34,0.30,0.40,30.66,17,17,0,0.05,-0.10,0.10,29.07,17,17,0,0.36,0.30,0.40,29.29,17,17,0,0.81,0.80,0.90,28.86,17,17,0,0.19,0.10,0.20,29.38,17,17,0,0.79,0.70,0.80,29.26,17,17,0,1122.21,1111.20,1138.20,24.45,17,0,0
1680343,0.34,0.30,0.40,30.66,17,17,0,0.04,0.00,0.10,29.08,17,17,0,0.37,0.30,0.40,29.29,17,17,0,0.81,0.80,0.90,28.85,17,17,0,0.18,0.10,0.20,29.39,17,17,0,0.79,0.70,0.80,29.24,17,17,0,1114.74,1107.90,1122.70,24.47,17,0,0
1680847,0.32,0.30,0.40,30.65,17,17,0,0.03,0.00,0.10,29.08,17,17,0,0.36,0.30,0.40,29.30,17,17,0,0.81,0.80,0.90,28.85,17,17,0,0.18,0.10,0.20,29.38,17,17,0,0.79,0.70,0.80,29.25,17,17,0,1128.45,1117.90,1137.50,24.46,17,0,0
1681349,0.32,0.30,0.40,30.65,17,17,0,0.02,-0.10,0.10,29.07,17,17,0,0.34,0.30,0.40,29.29,17,17,0,0.81,0.80,0.90,28.85,17,17,0,0.15,0.10,0.20,29.39,17,17,0,0.78,0.70,0.80,29.26,17,17,0,1136.58,1124.40,1144.20,24.46,17,0,0
1681853,0.32,0.30,0.40,30.65,17,17,0,0.00,-0.10,0.10,29.07,17,17,0,0.38,0.30,0.40,29.29,17,17,0,0.80,0.80,0.80,28.83,17,17,0,0.18,0.10,0.20,29.38,17,17,0,0.77,0.70,0.80,29.26,17,17,0,1115.96,1109.10,1122.50,24.45,17,0,0
1682357,0.33,0.30,0.40,30.65,17,17,0,0.01,-0.10,0.10,29.07,17,17,0,0.34,0.30,0.40,29.28,17,17,0,0.80,0.80,0.80,28.86,17,17,0,0.18,0.10,0.20,29.37,17,17,0,0.77,0.70,0.80,29.26,17,17,0,1120.90,1114.80,1130.20,24.48,17,0,0
1682865,0.34,0.30,0.40,30.64,17,17,0,0.01,-0.10,0.10,29.06,17,17,0,0.36,0.30,0.40,29.30,17,17,0,0.80,0.80,0.80,28.85,17,17,0,0.18,0.10,0.20,29.37,17,17,0,0.80,0.80,0.80,29.26,17,17,0,1137.55,1129.10,1146.70,24.45,17,0,0
1683369,0.35,0.30,0.40,30.64,17,17,0,0.02,0.00,0.10,29.07,17,17,0,0.37,0.30,0.40,29.28,17,17,0,0.80,0.80,0.80,28.85,17,17,0,0.16,0.10,0.20,29.37,17,17,0,0.79,0.70,0.80,29.26,17,17,0,1128.95,1116.70,1144.30,24.46,17,0,0
1683869,0.33,0.30,0.40,30.66,16,16,0,0.05,0.00,0.10,29.08,16,16,0,0.37,0.30,0.40,29.28,16,16,0,0.81,0.80,0.90,28.85,16,16,0,0.16,0.10,0.20,29.37,16,16,0,0.77,0.70,0.80,29.24,16,16,0,1116.61,1112.40,1120.00,24.47,16,0,0
1684372,0.31,0.30,0.40,30.64,17,17,0,0.01,-0.10,0.10,29.07,17,17,0,0.37,0.30,0.40,29.28,17,17,0,0.79,0.70,0.80,28.84,17,17,0,0.18,0.10,0.20,29.37,17,17,0,0.78,0.70,0.80,29.26,17,17,0,1128.20,1120.50,1137.90,24.46,17,0,0
1684880,0.32,0.30,0.40,30.65,17,17,0,0.04,0.00,0.10,29.06,17,17,0,0.38,0.30,0.40,29.31,17,17,0,0.80,0.80,0.80,28.84,17,17,0,0.18,0.10,0.20,29.38,17,17,0,0.77,0.70,0.80,29.27,17,17,0,1130.26,1115.10,1139.40,24.47,17,0,0
1685380,0.31,0.30,0.40,30.66,17,17,0,0.02,-0.10,0.10,29.09,17,17,0,0.36,0.30,0.40,29.30,17,17,0,0.80,0.80,0.80,28.85,17,17,0,0.16,0.10,0.20,29.39,17,17,0,0.78,0.70,0.80,29.27,17,17,0,1105.35,1097.30,1112.20,24.47,17,0,0
1685880,0.33,0.30,0.40,30.66,17,17,0,0.02,-0.10,0.10,29.07,17,17,0,0.39,0.30,0.40,29.29,17,17,0,0.81,0.80,0.90,28.84,17,17,0,0.16,0.10,0.20,29.37,17,17,0,0.78,0.70,0.80,29.25,17,17,0,1109.55,1100.60,1122.40,24.47,17,0,0
1686384,0.34,0.30,0.40,30.64,17,17,0,0.04,0.00,0.10,29.07,17,17,0,0.38,0.30,0.40,29.29,17,17,0,0.80,0.80,0.80,28.84,17,17,0,0.16,0.10,0.20,29.37,17,17,0,0.76,0.70,0.80,29.25,17,17,0,853.49,586.20,1128.70,24.48,17,0,0
1686884,0.34,0.30,0.40,30.67,17,17,0,0.02,0.00,0.10,29.06,17,17,0,0.38,0.30,0.40,29.29,17,17,0,0.80,0.80,0.80,28.85,17,17,0,0.16,0.10,0.20,29.39,17,17,0,0.78,0.70,0.80,29.25,17,17,0,453.61,387.70,549.90,24.59,17,0,0
1687386,0.32,0.30,0.40,30.66,17,17,0,0.03,0.00,0.10,29.06,17,17,0,0.38,0.30,0.40,29.29,17,17,0,0.81,0.80,0.90,28.83,17,17,0,0.18,0.10,0.20,29.38,17,17,0,0.77,0.70,0.80,29.25,17,17,0,325.21,288.60,373.50,24.69,17,0,0
1687886,0.34,0.30,0.40,30.66,17,17,0,0.04,0.00,0.10,29.06,17,17,0,0.37,0.30,0.40,29.30,17,17,0,0.80,0.80,0.80,28.85,17,17,0,0.17,0.10,0.20,29.37,17,17,0,0.78,0.70,0.80,29.25,17,17,0,251.64,230.60,283.90,24.80,17,0,0
1688387,0.33,0.30,0.40,30.66,17,17,0,0.05,0.00,0.10,29.08,17,17,0,0.38,0.30,0.40,29.27,17,17,0,0.81,0.80,0.90,28.86,17,17,0,0.18,0.10,0.20,29.38,17,17,0,0.78,0.70,0.80,29.26,17,17,0,204.76,183.60,223.70,24.87,17,0,0
1688891,0.33,0.30,0.40,30.65,17,17,0,0.04,0.00,0.10,29.07,17,17,0,0.38,0.30,0.40,29.29,17,17,0,0.80,0.80,0.80,28.85,17,17,0,0.16,0.10,0.20,29.39,17,17,0,0.78,0.70,0.80,29.25,17,17,0,173.35,161.80,185.20,24.95,17,0,0
1689394,0.35,0.30,0.40,30.64,17,17,0,0.01,-0.10,0.10,29.07,17,17,0,0.38,0.30,0.40,29.30,17,17,0,0.81,0.80,0.90,28.86,17,17,0,0.16,0.10,0.20,29.40,17,17,0,0.79,0.70,0.80,29.25,17,17,0,152.35,144.30,165.70,25.04,17,0,0
1689906,0.33,0.30,0.40,30.64,17,17,0,-0.00,-0.10,0.10,29.08,17,17,0,0.39,0.30,0.40,29.31,17,17,0,0.80,0.80,0.80,28.84,17,17,0,0.17,0.10,0.20,29.39,17,17,0,0.78,0.70,0.80,29.25,17,17,0,175.81,134.50,263.10,25.07,17,0,0
1690417,0.33,0.30,0.40,30.65,17,17,0,0.02,-0.10,0.10,29.07,17,17,0,0.37,0.30,0.40,29.28,17,17,0,0.81,0.80,0.90,28.83,17,17,0,0.18,0.10,0.20,29.38,17,17,0,0.76,0.70,0.80,29.27,17,17,0,111.48,97.40,138.20,25.10,17,0,0
1690923,0.34,0.30,0.40,30.66,17,17,0,0.01,-0.10,0.10,29.07,17,17,0,0.38,0.30,0.40,29.29,17,17,0,0.80,0.80,0.80,28.84,17,17,0,0.16,0.10,0.20,29.38,17,17,0,0.76,0.70,0.80,29.25,17,17,0,90.08,70.40,105.30,25.21,17,0,0
1691423,0.35,0.30,0.40,30.65,17,17,0,0.02,0.00,0.10,29.08,17,17,0,0.38,0.30,0.40,29.29,17,17,0,0.80,0.80,0.80,28.85,17,17,0,0.15,0.10,0.20,29.38,17,17,0,0.77,0.70,0.80,29.26,17,17,0,77.55,67.80,88.30,25.30,17,0,0
1691928,0.34,0.30,0.40,30.66,17,17,0,0.03,-0.10,0.10,29.08,17,17,0,0.36,0.30,0.40,29.29,17,17,0,0.80,0.80,0.80,28.84,17,17,0,0.19,0.10,0.20,29.39,17,17,0,0.76,0.70,0.80,29.27,17,17,0,66.79,59.10,77.30,25.38,17,0,0
1692428,0.32,0.30,0.40,30.66,17,17,0,0.02,-0.10,0.10,29.06,17,17,0,0.34,0.30,0.40,29.29,17,17,0,0.80,0.80,0.80,28.85,17,17,0,0.18,0.10,0.20,29.37,17,17,0,0.76,0.70,0.80,29.27,17,17,0,60.86,57.80,65.50,25.48,17,0,0
1692931,0.34,0.30,0.40,30.66,17,17,0,0.02,0.00,0.10,29.07,17,17,0,0.35,0.30,0.40,29.30,17,17,0,0.80,0.80,0.80,28.84,17,17,0,0.17,0.10,0.20,29.37,17,17,0,0.78,0.70,0.80,29.25,17,17,0,55.93,53.30,58.00,25.54,17,0,0
1693439,0.32,0.30,0.40,30.67,17,17,0,0.05,0.00,0.10,29.07,17,17,0,0.38,0.30,0.40,29.29,17,17,0,0.80,0.80,0.80,28.86,17,17,0,0.18,0.10,0.20,29.37,17,17,0,0.79,0.70,0.80,29.26,17,17,0,51.35,49.10,54.00,25.59,17,0,0
1693939,0.32,0.30,0.40,30.66,17,17,0,0.02,-0.10,0.10,29.06,17,17,0,0.37,0.30,0.40,29.30,17,17,0,0.80,0.80,0.80,28.84,17,17,0,0.15,0.10,0.20,29.39,17,17,0,0.78,0.70,0.80,29.26,17,17,0,48.15,45.70,50.30,25.65,17,0,0
1694440,0.32,0.30,0.40,30.66,17,17,0,0.01,-0.10,0.10,29.07,17,17,0,0.38,0.30,0.40,29.30,17,17,0,0.80,0.80,0.80,28.84,17,17,0,0.17,0.10,0.20,29.38,17,17,0,0.79,0.70,0.80,29.24,17,17,0,45.23,42.70,47.70,25.71,17,0,0
1694940,0.33,0.30,0.40,30.65,17,17,0,0.05,0.00,0.10,29.07,17,17,0,0.38,0.30,0.40,29.30,17,17,0,0.81,0.80,0.90,28.86,17,17,0,0.16,0.10,0.20,29.38,17,17,0,0.79,0.70,0.80,29.25,17,17,0,41.61,39.70,43.10,25.77,17,0,0
1695440,0.34,0.30,0.40,30.66,17,17,0,0.02,-0.10,0.10,29.07,17,17,0,0.35,0.30,0.40,29.30,17,17,0,0.81,0.80,0.90,28.85,17,17,0,0.18,0.10,0.20,29.39,17,17,0,0.78,0.70,0.80,29.24,17,17,0,38.82,36.20,41.30,25.82,17,0,0
1695944,0.34,0.30,0.40,30.66,17,17,0,0.02,-0.10,0.10,29.08,17,17,0,0.38,0.30,0.40,29.29,17,17,0,0.81,0.80,0.90,28.84,17,17,0,0.15,0.10,0.20,29.37,17,17,0,0.77,0.70,0.80,29.25,17,17,0,36.91,33.60,41.40,25.88,17,0,0
1696444,0.34,0.30,0.40,30.65,17,17,0,0.04,0.00,0.10,29.07,17,17,0,0.37,0.30,0.40,29.30,17,17,0,0.80,0.80,0.80,28.84,17,17,0,0.17,0.10,0.20,29.40,17,17,0,0.79,0.70,0.80,29.24,17,17,0,35.12,33.00,36.40,25.91,17,0,0
1696944,0.34,0.30,0.40,30.65,17,17,0,0.02,0.00,0.10,29.08,17,17,0,0.39,0.30,0.40,29.30,17,17,0,0.81,0.80,0.90,28.84,17,17,0,0.16,0.10,0.20,29.38,17,17,0,0.78,0.70,0.80,29.25,17,17,0,34.25,28.70,41.50,25.97,17,0,0
1697444,0.34,0.30,0.40,30.65,17,17,0,0.02,0.00,0.10,29.07,17,17,0,0.38,0.30,0.40,29.30,17,17,0,0.81,0.80,0.90,28.84,17,17,0,0.16,0.10,0.20,29.40,17,17,0,0.77,0.70,0.80,29.27,17,17,0,32.36,24.40,40.20,26.02,17,0,0
1697949,0.32,0.30,0.40,30.67,17,17,0,0.02,0.00,0.10,29.06,17,17,0,0.38,0.30,0.40,29.29,17,17,0,0.79,0.70,0.80,28.84,17,17,0,0.17,0.10,0.20,29.38,17,17,0,0.79,0.70,0.80,29.25,17,17,0,30.11,25.70,36.00,26.06,17,0,0
1698449,0.33,0.30,0.40,30.66,17,17,0,0.02,-0.10,0.10,29.07,17,17,0,0.38,0.30,0.40,29.31,17,17,0,0.81,0.80,0.90,28.86,17,17,0,0.19,0.10,0.30,29.37,17,17,0,0.79,0.70,0.80,29.27,17,17,0,28.36,25.90,31.00,26.10,17,0,0
1698949,0.34,0.30,0.40,30.65,17,17,0,0.01,0.00,0.10,29.07,17,17,0,0.38,0.30,0.40,29.28,17,17,0,0.81,0.80,0.90,28.84,17,17,0,0.18,0.10,0.20,29.37,17,17,0,0.78,0.70,0.80,29.27,17,17,0,26.75,23.80,30.20,26.14,17,0,0
1699449,0.32,0.30,0.40,30.65,17,17,0,0.05,0.00,0.10,29.08,17,17,0,0.39,0.30,0.40,29.30,17,17,0,0.80,0.80,0.80,28.82,17,17,0,0.16,0.10,0.20,29.37,17,17,0,0.78,0.70,0.80,29.26,17,17,0,26.33,21.20,31.90,26.17,17,0,0
1699956,0.32,0.30,0.40,30.66,17,17,0,0.02,0.00,0.10,29.08,17,17,0,0.37,0.30,0.40,29.30,17,17,0,0.80,0.80,0.80,28.84,17,17,0,0.20,0.20,0.20,29.39,17,17,0,0.77,0.70,0.80,29.26,17,17,0,25.26,21.00,29.10,26.21,17,0,0
1700464,0.32,0.30,0.40,30.64,17,17,0,0.03,0.00,0.10,29.09,17,17,0,0.37,0.30,0.40,29.30,17,17,0,0.80,0.80,0.80,28.84,17,17,0,0.19,0.10,0.20,29.39,17,17,0,0.78,0.70,0.80,29.25,17,17,0,22.38,17.20,27.50,26.24,17,0,0
1700964,0.32,0.30,0.40,30.66,17,17,0,0.02,-0.10,0.10,29.06,17,17,0,0.37,0.30,0.40,29.29,17,17,0,0.80,0.80,0.80,28.84,17,17,0,0.18,0.10,0.20,29.37,17,17,0,0.78,0.70,0.80,29.25,17,17,0,22.26,21.00,23.70,26.29,17,0,0
1701464,0.32,0.30,0.40,30.66,17,17,0,0.02,-0.10,0.10,29.07,17,17,0,0.37,0.30,0.40,29.31,17,17,0,0.81,0.80,0.90,28.84,17,17,0,0.18,0.10,0.20,29.38,17,17,0,0.78,0.70,0.80,29.27,17,17,0,22.67,20.00,25.40,26.32,17,0,0
1701968,0.32,0.30,0.40,30.67,17,17,0,0.04,0.00,0.10,29.07,17,17,0,0.37,0.30,0.40,29.30,17,17,0,0.80,0.80,0.80,28.83,17,17,0,0.18,0.10,0.20,29.40,17,17,0,0.76,0.70,0.80,29.27,17,17,0,22.33,20.90,23.90,26.35,17,0,0
1702468,0.34,0.30,0.40,30.65,17,17,0,0.04,0.00,0.10,29.08,17,17,0,0.39,0.30,0.40,29.31,17,17,0,0.80,0.80,0.80,28.83,17,17,0,0.19,0.10,0.20,29.38,17,17,0,0.79,0.70,0.80,29.25,17,17,0,22.21,21.10,23.40,26.35,17,0,0
1702968,0.34,0.30,0.40,30.66,16,16,0,0.01,-0.10,0.10,29.07,16,16,0,0.38,0.30,0.40,29.30,16,16,0,0.81,0.80,0.90,28.84,16,16,0,0.18,0.10,0.20,29.39,16,16,0,0.77,0.70,0.80,29.26,16,16,0,22.44,21.10,24.20,26.41,16,0,0
1703468,0.34,0.30,0.40,30.66,17,17,0,0.02,-0.10,0.10,29.06,17,17,0,0.37,0.30,0.40,29.30,17,17,0,0.80,0.80,0.80,28.82,17,17,0,0.16,0.10,0.20,29.38,17,17,0,0.78,0.70,0.80,29.26,17,17,0,23.06,21.90,24.30,26.40,17,0,0
1703972,0.34,0.30,0.40,30.66,17,17,0,0.02,0.00,0.10,29.08,17,17,0,0.36,0.30,0.40,29.31,17,17,0,0.80,0.80,0.80,28.83,17,17,0,0.18,0.10,0.20,29.39,17,17,0,0.78,0.70,0.80,29.25,17,17,0,23.16,19.40,27.40,26.44,17,0,0
1704472,0.34,0.30,0.40,30.65,17,17,0,0.01,-0.10,0.10,29.06,17,17,0,0.36,0.30,0.40,29.31,17,17,0,0.79,0.70,0.80,28.82,17,17,0,0.16,0.10,0.20,29.39,17,17,0,0.77,0.70,0.80,29.25,17,17,0,24.16,20.30,28.50,26.46,17,0,0
1704972,0.35,0.30,0.40,30.66,17,17,0,0.01,-0.10,0.10,29.08,17,17,0,0.37,0.30,0.40,29.30,17,17,0,0.80,0.80,0.80,28.82,17,17,0,0.16,0.10,0.20,29.39,17,17,0,0.78,0.70,0.80,29.26,17,17,0,23.09,22.30,24.30,26.47,17,0,0
1705472,0.32,0.30,0.40,30.66,17,17,0,0.02,-0.10,0.10,29.07,17,17,0,0.36,0.30,0.40,29.30,17,17,0,0.80,0.80,0.80,28.84,17,17,0,0.17,0.10,0.20,29.40,17,17,0,0.79,0.70,0.80,29.25,17,17,0,22.14,19.80,23.50,26.47,17,0,0
1705973,0.31,0.30,0.40,30.65,17,17,0,0.02,-0.10,0.10,29.08,17,17,0,0.36,0.30,0.40,29.30,17,17,0,0.80,0.80,0.80,28.84,17,17,0,0.19,0.10,0.20,29.40,17,17,0,0.77,0.70,0.80,29.25,17,17,0,21.22,19.60,23.50,26.50,17,0,0
1706473,0.34,0.30,0.40,30.66,17,17,0,0.02,-0.10,0.10,29.07,17,17,0,0.38,0.30,0.40,29.30,17,17,0,0.80,0.80,0.80,28.83,17,17,0,0.19,0.10,0.20,29.39,17,17,0,0.78,0.70,0.80,29.26,17,17,0,20.02,17.50,22.50,26.54,17,0,0
1706973,0.33,0.30,0.40,30.67,17,17,0,0.01,-0.10,0.10,29.06,17,17,0,0.38,0.30,0.40,29.30,17,17,0,0.80,0.80,0.80,28.82,17,17,0,0.18,0.10,0.20,29.38,17,17,0,0.78,0.70,0.80,29.25,17,17,0,19.76,17.00,22.30,26.54,17,0,0
1707473,0.31,0.30,0.40,30.65,17,17,0,0.02,-0.10,0.10,29.07,17,17,0,0.38,0.30,0.40,29.29,17,17,0,0.79,0.70,0.80,28.85,17,17,0,0.18,0.10,0.20,29.38,17,17,0,0.79,0.70,0.80,29.25,17,17,0,19.22,13.60,21.80,26.58,17,0,0
1707974,0.35,0.30,0.40,30.65,17,17,0,0.03,0.00,0.10,29.09,17,17,0,0.37,0.30,0.40,29.30,17,17,0,0.81,0.80,0.90,28.85,17,17,0,0.16,0.10,0.20,29.38,17,17,0,0.78,0.70,0.80,29.26,17,17,0,18.95,16.00,24.30,26.59,17,0,0
1708474,0.32,0.30,0.40,30.66,17,17,0,0.02,0.00,0.10,29.06,17,17,0,0.39,0.30,0.40,29.30,17,17,0,0.80,0.80,0.80,28.83,17,17,0,0.18,0.10,0.20,29.39,17,17,0,0.79,0.70,0.80,29.26,17,17,0,18.36,13.90,21.80,26.61,17,0,0
1708975,0.34,0.30,0.40,30.64,17,17,0,0.02,-0.10,0.10,29.07,17,17,0,0.35,0.30,0.40,29.29,17,17,0,0.80,0.80,0.80,28.82,17,17,0,0.18,0.10,0.20,29.39,17,17,0,0.78,0.70,0.80,29.25,17,17,0,17.84,14.10,22.00,26.63,17,0,0
1709475,0.35,0.30,0.40,30.65,17,17,0,0.01,-0.10,0.10,29.09,17,17,0,0.34,0.30,0.40,29.29,17,17,0,0.80,0.80,0.80,28.84,17,17,0,0.16,0.10,0.20,29.39,17,17,0,0.79,0.70,0.80,29.24,17,17,0,17.46,15.70,19.20,26.63,17,0,0
1709975,0.32,0.30,0.40,30.64,16,16,0,0.04,0.00,0.10,29.06,16,16,0,0.37,0.30,0.40,29.30,16,16,0,0.80,0.80,0.80,28.82,16,16,0,0.16,0.10,0.20,29.37,16,16,0,0.78,0.70,0.80,29.27,16,16,0,16.82,15.30,18.00,26.66,16,0,0
1710483,0.33,0.30,0.40,30.66,17,17,0,0.01,-0.10,0.10,29.08,17,17,0,0.37,0.30,0.40,29.30,17,17,0,0.79,0.70,0.80,28.84,17,17,0,0.18,0.10,0.20,29.38,17,17,0,0.78,0.70,0.80,29.27,17,17,0,17.69,11.70,25.40,26.69,17,0,0
1710983,0.32,0.30,0.40,30.66,17,17,0,0.04,0.00,0.10,29.07,17,17,0,0.39,0.30,0.40,29.30,17,17,0,0.80,0.80,0.80,28.83,17,17,0,0.17,0.10,0.20,29.38,17,17,0,0.77,0.70,0.80,29.27,17,17,0,16.65,9.50,25.10,26.73,17,0,0
1711483,0.34,0.30,0.40,30.66,17,17,0,0.03,-0.10,0.10,29.07,17,17,0,0.37,0.30,0.40,29.32,17,17,0,0.81,0.80,0.90,28.84,17,17,0,0.17,0.10,0.20,29.39,17,17,0,0.79,0.70,0.80,29.27,17,17,0,16.20,10.10,22.30,26.72,17,0,0
1711983,0.31,0.30,0.40,30.66,17,17,0,0.03,-0.10,0.10,29.07,17,17,0,0.38,0.30,0.40,29.29,17,17,0,0.80,0.80,0.80,28.84,17,17,0,0.16,0.10,0.20,29.38,17,17,0,0.78,0.70,0.80,29.25,17,17,0,15.79,9.20,24.90,26.75,17,0,0
1712483,0.33,0.30,0.40,30.66,17,17,0,0.04,0.00,0.10,29.07,17,17,0,0.38,0.30,0.40,29.28,17,17,0,0.80,0.80,0.80,28.83,17,17,0,0.15,0.10,0.20,29.37,17,17,0,0.78,0.70,0.80,29.27,17,17,0,15.89,10.40,23.40,26.74,17,0,0
1712983,0.35,0.30,0.40,30.65,17,17,0,0.02,0.00,0.10,29.07,17,17,0,0.37,0.30,0.40,29.29,17,17,0,0.81,0.80,0.90,28.82,17,17,0,0.15,0.10,0.20,29.37,17,17,0,0.78,0.70,0.80,29.24,17,17,0,16.41,4.20,28.40,26.78,17,0,0
1713485,0.32,0.30,0.40,30.66,17,17,0,0.01,0.00,0.10,29.07,17,17,0,0.37,0.30,0.40,29.28,17,17,0,0.81,0.80,0.90,28.85,17,17,0,0.18,0.10,0.20,29.37,17,17,0,0.79,0.70,0.80,29.25,17,17,0,16.06,3.50,30.70,26.79,17,0,0
1713985,0.31,0.30,0.40,30.66,17,17,0,0.04,0.00,0.10,29.07,17,17,0,0.36,0.30,0.40,29.28,17,17,0,0.80,0.80,0.80,28.84,17,17,0,0.16,0.10,0.20,29.39,17,17,0,0.77,0.70,0.80,29.23,17,17,0,14.84,9.80,19.90,26.80,17,0,0
1714485,0.31,0.30,0.40,30.65,17,17,0,0.03,-0.10,0.10,29.07,17,17,0,0.37,0.30,0.40,29.30,17,17,0,0.79,0.70,0.80,28.84,17,17,0,0.18,0.10,0.20,29.40,17,17,0,0.76,0.70,0.80,29.26,17,17,0,14.77,13.80,15.80,26.82,17,0,0
1714985,0.34,0.30,0.40,30.65,17,17,0,0.02,-0.10,0.10,29.07,17,17,0,0.36,0.30,0.40,29.29,17,17,0,0.80,0.80,0.80,28.83,17,17,0,0.18,0.10,0.20,29.37,17,17,0,0.78,0.70,0.80,29.24,17,17,0,14.71,13.30,15.70,26.84,17,0,0
1715485,0.33,0.30,0.40,30.66,17,17,0,0.01,-0.10,0.10,29.08,17,17,0,0.37,0.30,0.40,29.29,17,17,0,0.80,0.80,0.80,28.82,17,17,0,0.16,0.10,0.20,29.39,17,17,0,0.79,0.70,0.80,29.25,17,17,0,14.52,14.10,15.20,26.85,17,0,0
1715985,0.34,0.30,0.40,30.66,17,17,0,0.02,-0.10,0.10,29.07,17,17,0,0.38,0.30,0.40,29.30,17,17,0,0.79,0.70,0.80,28.84,17,17,0,0.19,0.10,0.20,29.39,17,17,0,0.78,0.70,0.80,29.25,17,17,0,14.31,13.40,15.60,26.88,17,0,0
1716485,0.34,0.30,0.40,30.65,17,17,0,0.01,-0.10,0.10,29.06,17,17,0,0.36,0.30,0.40,29.29,17,17,0,0.80,0.80,0.80,28.83,17,17,0,0.17,0.10,0.20,29.39,17,17,0,0.76,0.70,0.80,29.25,17,17,0,13.94,13.10,14.90,26.89,17,0,0
1716985,0.32,0.30,0.40,30.65,17,17,0,0.03,0.00,0.10,29.07,17,17,0,0.36,0.30,0.40,29.30,17,17,0,0.82,0.80,0.90,28.83,17,17,0,0.17,0.10,0.20,29.38,17,17,0,0.78,0.70,0.80,29.26,17,17,0,13.43,12.70,14.40,26.89,17,0,0
1717485,0.35,0.30,0.40,30.66,17,17,0,0.00,-0.10,0.10,29.07,17,17,0,0.38,0.30,0.40,29.27,17,17,0,0.80,0.80,0.80,28.84,17,17,0,0.16,0.10,0.20,29.37,17,17,0,0.79,0.70,0.80,29.26,17,17,0,12.80,11.80,13.50,26.90,17,0,0
1717985,0.32,0.30,0.40,30.65,17,17,0,0.02,0.00,0.10,29.07,17,17,0,0.38,0.30,0.40,29.29,17,17,0,0.80,0.80,0.80,28.82,17,17,0,0.18,0.10,0.20,29.39,17,17,0,0.79,0.70,0.80,29.25,17,17,0,12.32,11.70,13.10,26.94,17,0,0
1718485,0.35,0.30,0.40,30.65,17,17,0,0.02,-0.10,0.10,29.08,17,17,0,0.37,0.30,0.40,29.29,17,17,0,0.80,0.80,0.80,28.83,17,17,0,0.17,0.10,0.20,29.38,17,17,0,0.79,0.70,0.80,29.25,17,17,0,11.85,10.80,13.10,26.94,17,0,0
1718985,0.32,0.30,0.40,30.65,17,17,0,0.01,-0.10,0.10,29.07,17,17,0,0.37,0.30,0.40,29.28,17,17,0,0.81,0.80,0.90,28.83,17,17,0,0.18,0.10,0.20,29.38,17,17,0,0.78,0.70,0.80,29.26,17,17,0,10.96,10.20,11.70,26.95,17,0,0
1719485,0.33,0.30,0.40,30.65,17,17,0,0.05,-0.10,0.10,29.06,17,17,0,0.37,0.30,0.40,29.30,17,17,0,0.80,0.80,0.80,28.83,17,17,0,0.16,0.10,0.20,29.38,17,17,0,0.76,0.70,0.80,29.27,17,17,0,388.05,6.90,1245.60,26.92,17,0,0
1719985,0.32,0.30,0.40,30.66,17,17,0,0.02,-0.10,0.10,29.07,17,17,0,0.37,0.30,0.40,29.27,17,17,0,0.80,0.80,0.80,28.83,17,17,0,0.18,0.10,0.20,29.38,17,17,0,0.77,0.70,0.80,29.25,17,17,0,1026.61,986.40,1166.20,25.84,17,0,0
1720485,0.32,0.30,0.40,30.69,17,17,0,-0.01,-0.10,0.10,29.09,17,17,0,0.36,0.30,0.40,29.29,17,17,0,0.80,0.80,0.80,28.83,17,17,0,0.17,0.10,0.20,29.38,17,17,0,0.78,0.70,0.80,29.25,17,17,0,1233.02,1096.90,1341.30,25.27,17,0,0
1720997,0.34,0.30,0.40,30.67,17,17,0,0.01,-0.10,0.10,29.07,17,17,0,0.38,0.30,0.40,29.29,17,17,0,0.80,0.80,0.80,28.84,17,17,0,0.17,0.10,0.20,29.37,17,17,0,0.78,0.70,0.80,29.26,17,17,0,1522.92,1375.60,1652.70,24.99,17,0,0
1721502,0.34,0.30,0.40,30.66,17,17,0,0.02,0.00,0.10,29.08,17,17,0,0.36,0.30,0.40,29.30,17,17,0,0.80,0.80,0.80,28.83,17,17,0,0.19,0.10,0.20,29.39,17,17,0,0.78,0.70,0.80,29.25,17,17,0,1791.54,1698.80,1838.20,24.79,17,0,0
1722002,0.33,0.30,0.40,30.66,16,16,0,0.03,-0.10,0.10,29.06,16,16,0,0.36,0.30,0.40,29.29,16,16,0,0.80,0.80,0.80,28.83,16,16,0,0.18,0.10,0.20,29.41,16,16,0,0.77,0.70,0.80,29.27,16,16,0,1942.61,1864.60,2008.10,24.69,16,0,0
1722502,0.32,0.30,0.40,30.66,17,17,0,-0.01,-0.10,0.10,29.06,17,17,0,0.37,0.30,0.40,29.29,17,17,0,0.81,0.80,0.90,28.84,17,17,0,0.15,0.10,0.20,29.39,17,17,0,0.77,0.70,0.80,29.26,17,17,0,2049.28,2026.70,2069.30,24.62,17,0,0
1723011,0.32,0.30,0.40,30.65,17,17,0,0.02,-0.10,0.10,29.08,17,17,0,0.39,0.30,0.40,29.29,17,17,0,0.81,0.80,0.90,28.83,17,17,0,0.18,0.10,0.20,29.38,17,17,0,0.78,0.70,0.80,29.24,17,17,0,2141.76,2084.70,2183.40,24.56,17,0,0
1723516,0.31,0.30,0.40,30.66,17,17,0,0.03,-0.10,0.10,29.06,17,17,0,0.36,0.30,0.40,29.28,17,17,0,0.80,0.80,0.80,28.84,17,17,0,0.18,0.10,0.20,29.40,17,17,0,0.78,0.70,0.80,29.26,17,17,0,2204.25,2183.60,2230.40,24.50,17,0,0
1724016,0.33,0.30,0.40,30.67,17,17,0,0.02,-0.10,0.10,29.06,17,17,0,0.35,0.30,0.40,29.29,17,17,0,0.81,0.80,0.90,28.83,17,17,0,0.15,0.10,0.20,29.39,17,17,0,0.77,0.70,0.80,29.26,17,17,0,2284.13,2241.60,2309.40,24.48,17,0,0
1724518,0.32,0.30,0.40,30.64,17,17,0,0.03,-0.10,0.10,29.07,17,17,0,0.35,0.30,0.40,29.29,17,17,0,0.80,0.80,0.80,28.84,17,17,0,0.15,0.10,0.20,29.37,17,17,0,0.78,0.70,0.80,29.27,17,17,0,2339.25,2313.10,2365.80,24.43,17,0,0
1725029,0.33,0.30,0.40,30.67,17,17,0,0.01,-0.10,0.10,29.08,17,17,0,0.36,0.30,0.40,29.30,17,17,0,0.80,0.80,0.80,28.83,17,17,0,0.16,0.10,0.20,29.38,17,17,0,0.78,0.70,0.80,29.26,17,17,0,2406.92,2388.60,2417.70,24.42,17,0,0
1725529,0.33,0.30,0.40,30.67,16,16,0,0.03,0.00,0.10,29.08,16,16,0,0.36,0.30,0.40,29.28,16,16,0,0.80,0.80,0.80,28.83,16,16,0,0.17,0.10,0.20,29.39,16,16,0,0.78,0.70,0.80,29.28,16,16,0,2414.44,2403.40,2432.90,24.41,16,0,0
1726029,0.33,0.30,0.40,30.66,17,17,0,0.02,-0.10,0.10,29.09,17,17,0,0.37,0.30,0.40,29.30,17,17,0,0.81,0.80,0.90,28.83,17,17,0,0.19,0.10,0.20,29.38,17,17,0,0.78,0.70,0.80,29.26,17,17,0,2433.06,2422.20,2442.60,24.42,17,0,0
1726533,0.35,0.30,0.40,30.68,17,17,0,0.02,0.00,0.10,29.08,17,17,0,0.38,0.30,0.40,29.30,17,17,0,0.81,0.80,0.90,28.83,17,17,0,0.19,0.10,0.20,29.39,17,17,0,0.78,0.70,0.80,29.26,17,17,0,2448.32,2429.60,2466.10,24.41,17,0,0
1727033,0.35,0.30,0.40,30.66,17,17,0,0.04,0.00,0.10,29.09,17,17,0,0.38,0.30,0.40,29.28,17,17,0,0.80,0.80,0.80,28.84,17,17,0,0.18,0.10,0.20,29.39,17,17,0,0.79,0.70,0.80,29.27,17,17,0,2448.46,2420.90,2463.80,24.41,17,0,0
1727538,0.33,0.30,0.40,30.65,17,17,0,0.02,0.00,0.10,29.06,17,17,0,0.35,0.30,0.40,29.29,17,17,0,0.81,0.80,0.90,28.82,17,17,0,0.18,0.10,0.20,29.38,17,17,0,0.79,0.70,0.80,29.26,17,17,0,2454.41,2422.20,2485.90,24.38,17,0,0
1728051,0.33,0.30,0.40,30.66,17,17,0,0.04,-0.10,0.10,29.08,17,17,0,0.38,0.30,0.40,29.29,17,17,0,0.79,0.70,0.80,28.84,17,17,0,0.18,0.10,0.20,29.40,17,17,0,0.79,0.70,0.80,29.25,17,17,0,2423.52,2397.60,2447.40,24.40,17,0,0
1728551,0.32,0.30,0.40,30.67,17,17,0,0.01,-0.10,0.10,29.08,17,17,0,0.38,0.30,0.40,29.30,17,17,0,0.81,0.80,0.90,28.84,17,17,0,0.16,0.10,0.20,29.40,17,17,0,0.77,0.70,0.80,29.26,17,17,0,2427.97,2395.10,2450.50,24.37,17,0,0
1729054,0.33,0.30,0.40,30.66,17,17,0,0.01,-0.10,0.10,29.08,17,17,0,0.37,0.30,0.40,29.29,17,17,0,0.80,0.80,0.80,28.84,17,17,0,0.17,0.10,0.20,29.40,17,17,0,0.79,0.70,0.80,29.27,17,17,0,2395.02,2376.10,2407.90,24.39,17,0,0
1729554,0.32,0.30,0.40,30.67,17,17,0,0.00,-0.10,0.10,29.08,17,17,0,0.35,0.30,0.40,29.27,17,17,0,0.79,0.70,0.80,28.82,17,17,0,0.18,0.10,0.20,29.39,17,17,0,0.79,0.70,0.80,29.26,17,17,0,2375.15,2340.50,2408.90,24.40,17,0,0
1730061,0.34,0.30,0.40,30.65,17,17,0,0.02,-0.10,0.10,29.08,17,17,0,0.38,0.30,0.40,29.28,17,17,0,0.81,0.80,0.90,28.83,17,17,0,0.16,0.10,0.20,29.40,17,17,0,0.76,0.70,0.80,29.27,17,17,0,2362.59,2341.90,2381.60,24.39,17,0,0
1730561,0.34,0.30,0.40,30.67,17,17,0,0.02,-0.10,0.10,29.07,17,17,0,0.36,0.30,0.40,29.27,17,17,0,0.80,0.80,0.80,28.83,17,17,0,0.15,0.10,0.20,29.40,17,17,0,0.78,0.70,0.80,29.26,17,17,0,2332.09,2316.80,2365.50,24.39,17,0,0
1731065,0.33,0.30,0.40,30.67,17,17,0,0.02,0.00,0.10,29.08,17,17,0,0.38,0.30,0.40,29.29,17,17,0,0.82,0.80,0.90,28.83,17,17,0,0.18,0.10,0.20,29.39,17,17,0,0.79,0.70,0.80,29.26,17,17,0,2346.06,2331.60,2360.20,24.39,17,0,0
1731573,0.31,0.30,0.40,30.66,17,17,0,0.01,-0.10,0.10,29.07,17,17,0,0.35,0.30,0.40,29.27,17,17,0,0.80,0.80,0.80,28.83,17,17,0,0.17,0.10,0.20,29.38,17,17,0,0.79,0.70,0.80,29.27,17,17,0,2322.33,2313.90,2329.10,24.38,17,0,0
1732077,0.33,0.30,0.40,30.66,17,17,0,0.02,-0.10,0.10,29.07,17,17,0,0.37,0.30,0.40,29.27,17,17,0,0.80,0.80,0.80,28.83,17,17,0,0.18,0.10,0.20,29.40,17,17,0,0.78,0.70,0.80,29.27,17,17,0,2320.78,2290.50,2336.70,24.38,17,0,0
1732580,0.34,0.30,0.40,30.65,17,17,0,0.00,-0.10,0.10,29.08,17,17,0,0.39,0.30,0.40,29.26,17,17,0,0.81,0.80,0.90,28.84,17,17,0,0.18,0.10,0.20,29.38,17,17,0,0.78,0.70,0.80,29.27,17,17,0,2299.06,2282.80,2319.10,24.38,17,0,0
1733080,0.34,0.30,0.40,30.67,17,17,0,0.02,-0.10,0.10,29.09,17,17,0,0.36,0.30,0.40,29.28,17,17,0,0.80,0.80,0.80,28.84,17,17,0,0.15,0.10,0.20,29.38,17,17,0,0.79,0.70,0.80,29.28,17,17,0,2296.76,2268.00,2325.60,24.39,17,0,0
1733585,0.32,0.30,0.40,30.66,17,17,0,0.04,0.00,0.10,29.09,17,17,0,0.36,0.30,0.40,29.29,17,17,0,0.80,0.80,0.80,28.85,17,17,0,0.17,0.10,0.20,29.40,17,17,0,0.79,0.70,0.80,29.27,17,17,0,2294.59,2266.20,2320.50,24.39,17,0,0
1734089,0.32,0.30,0.40,30.66,17,17,0,0.02,-0.10,0.10,29.08,17,17,0,0.35,0.30,0.40,29.27,17,17,0,0.80,0.80,0.80,28.83,17,17,0,0.18,0.10,0.20,29.38,17,17,0,0.79,0.70,0.80,29.26,17,17,0,2270.50,2251.60,2305.50,24.37,17,0,0
1734589,0.33,0.30,0.40,30.67,17,17,0,0.04,-0.10,0.10,29.07,17,17,0,0.36,0.30,0.40,29.29,17,17,0,0.80,0.80,0.80,28.83,17,17,0,0.18,0.10,0.20,29.40,17,17,0,0.78,0.70,0.80,29.27,17,17,0,2303.29,2267.00,2320.80,24.36,17,0,0
1735089,0.34,0.30,0.40,30.66,17,17,0,0.02,-0.10,0.10,29.08,17,17,0,0.34,0.30,0.40,29.28,17,17,0,0.80,0.80,0.80,28.85,17,17,0,0.16,0.10,0.20,29.38,17,17,0,0.78,0.70,0.80,29.27,17,17,0,2273.05,2261.40,2289.30,24.36,17,0,0
1735593,0.32,0.30,0.40,30.68,17,17,0,0.05,0.00,0.10,29.08,17,17,0,0.35,0.30,0.40,29.30,17,17,0,0.80,0.80,0.80,28.84,17,17,0,0.16,0.10,0.20,29.39,17,17,0,0.76,0.70,0.80,29.28,17,17,0,2303.86,2277.30,2323.40,24.37,17,0,0
1736100,0.34,0.30,0.40,30.66,17,17,0,0.02,0.00,0.10,29.08,17,17,0,0.34,0.30,0.40,29.28,17,17,0,0.80,0.70,0.90,28.84,17,17,0,0.18,0.10,0.20,29.39,17,17,0,0.78,0.70,0.80,29.28,17,17,0,2275.51,2259.60,2305.00,24.36,17,0,0
1736600,0.33,0.30,0.40,30.68,17,17,0,0.01,-0.10,0.10,29.07,17,17,0,0.36,0.30,0.40,29.28,17,17,0,0.81,0.80,0.90,28.84,17,17,0,0.19,0.10,0.20,29.40,17,17,0,0.79,0.70,0.80,29.26,17,17,0,2288.90,2257.10,2318.80,24.37,17,0,0
1737109,0.32,0.30,0.40,30.66,17,17,0,0.04,0.00,0.10,29.07,17,17,0,0.37,0.30,0.40,29.29,17,17,0,0.80,0.80,0.80,28.84,17,17,0,0.17,0.10,0.20,29.41,17,17,0,0.79,0.70,0.80,29.27,17,17,0,2284.25,2257.00,2319.90,24.35,17,0,0
1737609,0.33,0.30,0.40,30.66,17,17,0,0.02,-0.10,0.10,29.09,17,17,0,0.35,0.30,0.40,29.28,17,17,0,0.80,0.80,0.80,28.84,17,17,0,0.16,0.10,0.20,29.40,17,17,0,0.78,0.70,0.80,29.27,17,17,0,2276.78,2252.60,2318.00,24.36,17,0,0
1738113,0.34,0.30,0.40,30.65,17,17,0,0.01,-0.10,0.10,29.09,17,17,0,0.36,0.30,0.40,29.28,17,17,0,0.80,0.80,0.80,28.83,17,17,0,0.18,0.10,0.20,29.42,17,17,0,0.79,0.70,0.80,29.28,17,17,0,2301.98,2264.90,2324.40,24.35,17,0,0
1738613,0.32,0.30,0.40,30.67,17,17,0,0.03,0.00,0.10,29.08,17,17,0,0.36,0.30,0.40,29.30,17,17,0,0.81,0.80,0.90,28.83,17,17,0,0.18,0.10,0.20,29.39,17,17,0,0.76,0.70,0.80,29.28,17,17,0,2274.93,2265.70,2297.90,24.33,17,0,0
1739113,0.33,0.30,0.40,30.67,17,17,0,0.02,-0.10,0.10,29.08,17,17,0,0.36,0.30,0.40,29.28,17,17,0,0.80,0.80,0.80,28.84,17,17,0,0.18,0.10,0.20,29.39,17,17,0,0.78,0.70,0.80,29.28,17,17,0,2307.37,2286.60,2326.10,24.35,17,0,0
1739616,0.32,0.30,0.40,30.65,17,17,0,0.03,-0.10,0.10,29.06,17,17,0,0.36,0.30,0.40,29.27,17,17,0,0.80,0.80,0.80,28.84,17,17,0,0.19,0.10,0.20,29.40,17,17,0,0.78,0.70,0.80,29.27,17,17,0,2286.93,2273.60,2308.70,24.35,17,0,0
1740120,0.32,0.30,0.40,30.67,17,17,0,0.02,-0.10,0.10,29.09,17,17,0,0.36,0.30,0.40,29.28,17,17,0,0.80,0.80,0.80,28.84,17,17,0,0.18,0.10,0.20,29.40,17,17,0,0.79,0.70,0.80,29.28,17,17,0,2300.54,2282.50,2324.20,24.33,17,0,0
1740620,0.34,0.30,0.40,30.67,16,16,0,0.01,-0.10,0.10,29.08,16,16,0,0.35,0.30,0.40,29.28,16,16,0,0.80,0.80,0.80,28.84,16,16,0,0.18,0.10,0.20,29.39,16,16,0,0.77,0.70,0.80,29.28,16,16,0,2305.86,2286.60,2335.00,24.34,16,0,0
1741120,0.34,0.30,0.40,30.67,17,17,0,0.02,0.00,0.10,29.09,17,17,0,0.38,0.30,0.40,29.29,17,17,0,0.80,0.80,0.80,28.85,17,17,0,0.18,0.10,0.20,29.40,17,17,0,0.77,0.70,0.80,29.28,17,17,0,2322.66,2309.60,2335.40,24.33,17,0,0
1741622,0.33,0.30,0.40,30.66,17,17,0,0.02,-0.10,0.10,29.08,17,17,0,0.34,0.30,0.40,29.30,17,17,0,0.81,0.80,0.90,28.85,17,17,0,0.15,0.10,0.20,29.41,17,17,0,0.76,0.70,0.80,29.25,17,17,0,2349.66,2330.10,2361.40,24.31,17,0,0
1742131,0.32,0.30,0.40,30.66,17,17,0,0.00,-0.10,0.10,29.10,17,17,0,0.36,0.30,0.40,29.27,17,17,0,0.80,0.80,0.80,28.85,17,17,0,0.16,0.10,0.20,29.39,17,17,0,0.79,0.70,0.80,29.27,17,17,0,2355.76,2341.50,2377.90,24.33,17,0,0
1742636,0.33,0.30,0.40,30.68,17,17,0,0.04,-0.10,0.10,29.07,17,17,0,0.36,0.30,0.40,29.28,17,17,0,0.80,0.80,0.80,28.83,17,17,0,0.16,0.10,0.20,29.39,17,17,0,0.78,0.70,0.80,29.26,17,17,0,2391.92,2379.70,2400.90,24.31,17,0,0
1743138,0.34,0.30,0.40,30.65,17,17,0,0.01,-0.10,0.10,29.09,17,17,0,0.36,0.30,0.40,29.27,17,17,0,0.80,0.80,0.80,28.83,17,17,0,0.18,0.10,0.20,29.40,17,17,0,0.78,0.70,0.80,29.28,17,17,0,2396.94,2375.70,2427.30,24.29,17,0,0
1743638,0.32,0.30,0.40,30.67,17,17,0,0.01,-0.10,0.10,29.07,17,17,0,0.38,0.30,0.40,29.29,17,17,0,0.81,0.80,0.90,28.82,17,17,0,0.19,0.10,0.20,29.40,17,17,0,0.78,0.70,0.80,29.27,17,17,0,2433.60,2415.50,2447.50,24.29,17,0,0
1744145,0.33,0.30,0.40,30.66,17,17,0,0.02,-0.10,0.10,29.10,17,17,0,0.37,0.30,0.40,29.27,17,17,0,0.79,0.70,0.80,28.84,17,17,0,0.19,0.10,0.20,29.40,17,17,0,0.78,0.70,0.80,29.26,17,17,0,2445.29,2426.60,2464.40,24.30,17,0,0
1744645,0.33,0.30,0.40,30.66,17,17,0,-0.01,-0.10,0.10,29.07,17,17,0,0.38,0.30,0.40,29.27,17,17,0,0.81,0.80,0.90,28.84,17,17,0,0.18,0.10,0.20,29.41,17,17,0,0.78,0.70,0.80,29.27,17,17,0,2442.96,2429.40,2457.70,24.28,17,0,0
1745154,0.32,0.30,0.40,30.67,17,17,0,0.02,-0.10,0.10,29.06,17,17,0,0.38,0.30,0.40,29.30,17,17,0,0.81,0.80,0.90,28.82,17,17,0,0.18,0.10,0.20,29.39,17,17,0,0.78,0.70,0.80,29.27,17,17,0,2452.61,2437.00,2464.10,24.28,17,0,0
1745659,0.33,0.30,0.40,30.65,17,17,0,0.01,-0.10,0.10,29.08,17,17,0,0.36,0.30,0.40,29.28,17,17,0,0.80,0.70,0.90,28.83,17,17,0,0.18,0.10,0.20,29.40,17,17,0,0.79,0.70,0.80,29.27,17,17,0,2399.55,2390.50,2428.40,24.27,17,0,0
1746163,0.34,0.30,0.40,30.66,17,17,0,0.05,0.00,0.10,29.09,17,17,0,0.38,0.30,0.40,29.28,17,17,0,0.80,0.80,0.80,28.84,17,17,0,0.15,0.10,0.20,29.40,17,17,0,0.76,0.70,0.80,29.28,17,17,0,2418.46,2389.50,2439.30,24.28,17,0,0
1746671,0.32,0.30,0.40,30.67,17,17,0,0.03,0.00,0.10,29.08,17,17,0,0.36,0.30,0.40,29.30,17,17,0,0.79,0.70,0.80,28.84,17,17,0,0.17,0.10,0.20,29.39,17,17,0,0.76,0.70,0.80,29.27,17,17,0,2378.26,2367.00,2392.70,24.30,17,0,0
1747178,0.33,0.30,0.40,30.67,17,17,0,0.03,-0.10,0.10,29.08,17,17,0,0.37,0.30,0.40,29.27,17,17,0,0.80,0.80,0.80,28.84,17,17,0,0.16,0.10,0.20,29.40,17,17,0,0.78,0.70,0.80,29.27,17,17,0,2368.60,2337.10,2406.20,24.27,17,0,0
1747681,0.31,0.30,0.40,30.67,17,17,0,0.03,0.00,0.10,29.08,17,17,0,0.36,0.30,0.40,29.28,17,17,0,0.80,0.80,0.80,28.84,17,17,0,0.16,0.10,0.20,29.41,17,17,0,0.78,0.70,0.80,29.28,17,17,0,2351.19,2331.70,2366.90,24.27,17,0,0
1748185,0.34,0.30,0.40,30.67,17,17,0,0.01,0.00,0.10,29.07,17,17,0,0.37,0.30,0.40,29.28,17,17,0,0.81,0.80,0.90,28.85,17,17,0,0.17,0.10,0.20,29.39,17,17,0,0.78,0.70,0.80,29.27,17,17,0,2318.24,2302.40,2351.50,24.27,17,0,0
1748687,0.33,0.30,0.40,30.66,17,17,0,0.02,0.00,0.10,29.08,17,17,0,0.36,0.30,0.40,29.28,17,17,0,0.79,0.70,0.80,28.84,17,17,0,0.15,0.10,0.20,29.41,17,17,0,0.77,0.70,0.80,29.25,17,17,0,2332.87,2313.20,2346.90,24.28,17,0,0
1749187,0.32,0.30,0.40,30.66,17,17,0,0.04,-0.10,0.10,29.07,17,17,0,0.36,0.30,0.40,29.27,17,17,0,0.79,0.70,0.80,28.85,17,17,0,0.16,0.10,0.20,29.39,17,17,0,0.78,0.70,0.80,29.28,17,17,0,2306.24,2301.60,2321.10,24.26,17,0,0
1749687,0.32,0.30,0.40,30.67,17,17,0,0.04,0.00,0.10,29.08,17,17,0,0.37,0.30,0.40,29.28,17,17,0,0.80,0.80,0.80,28.83,17,17,0,0.18,0.10,0.20,29.40,17,17,0,0.78,0.70,0.80,29.27,17,17,0,2304.96,2278.70,2323.50,24.28,17,0,0
1750195,0.32,0.30,0.40,30.66,17,17,0,0.04,-0.10,0.10,29.08,17,17,0,0.35,0.30,0.40,29.30,17,17,0,0.81,0.80,0.90,28.83,17,17,0,0.20,0.20,0.20,29.40,17,17,0,0.78,0.70,0.80,29.27,17,17,0,2278.83,2268.10,2294.60,24.26,17,0,0
1750700,0.34,0.30,0.40,30.66,17,17,0,0.02,-0.10,0.10,29.08,17,17,0,0.37,0.30,0.40,29.28,17,17,0,0.80,0.80,0.80,28.82,17,17,0,0.17,0.10,0.20,29.41,17,17,0,0.78,0.70,0.80,29.27,17,17,0,2275.37,2252.60,2295.90,24.27,17,0,0
1751208,0.32,0.30,0.40,30.66,17,17,0,0.02,-0.10,0.10,29.07,17,17,0,0.37,0.30,0.40,29.30,17,17,0,0.80,0.80,0.80,28.84,17,17,0,0.18,0.10,0.20,29.40,17,17,0,0.78,0.70,0.80,29.27,17,17,0,2281.56,2256.70,2311.70,24.27,17,0,0
1751708,0.34,0.30,0.40,30.65,17,17,0,0.04,-0.10,0.10,29.07,17,17,0,0.38,0.30,0.40,29.28,17,17,0,0.80,0.80,0.80,28.83,17,17,0,0.17,0.10,0.20,29.39,17,17,0,0.77,0.70,0.80,29.26,17,17,0,2266.65,2247.90,2297.00,24.25,17,0,0
1752216,0.34,0.30,0.40,30.67,17,17,0,0.01,-0.10,0.10,29.09,17,17,0,0.38,0.30,0.40,29.28,17,17,0,0.80,0.80,0.80,28.83,17,17,0,0.16,0.10,0.20,29.40,17,17,0,0.78,0.70,0.80,29.26,17,17,0,2289.29,2261.90,2306.40,24.26,17,0,0
1752716,0.34,0.30,0.40,30.68,17,17,0,0.04,0.00,0.10,29.09,17,17,0,0.36,0.30,0.40,29.27,17,17,0,0.81,0.80,0.90,28.83,17,17,0,0.16,0.10,0.20,29.40,17,17,0,0.76,0.70,0.80,29.25,17,17,0,2255.04,2243.40,2274.80,24.27,17,0,0
1753216,0.33,0.30,0.40,30.66,17,17,0,0.04,0.00,0.10,29.07,17,17,0,0.36,0.30,0.40,29.28,17,17,0,0.80,0.80,0.80,28.82,17,17,0,0.18,0.10,0.20,29.39,17,17,0,0.78,0.70,0.80,29.27,17,17,0,2288.99,2264.50,2303.40,24.24,17,0,0
1753719,0.34,0.30,0.40,30.67,17,17,0,0.03,-0.10,0.10,29.09,17,17,0,0.38,0.30,0.40,29.28,17,17,0,0.81,0.80,0.90,28.84,17,17,0,0.17,0.10,0.20,29.40,17,17,0,0.79,0.70,0.80,29.28,17,17,0,2263.25,2247.40,2286.10,24.27,17,0,0
1754220,0.31,0.30,0.40,30.68,17,17,0,0.03,-0.10,0.10,29.09,17,17,0,0.36,0.30,0.40,29.28,17,17,0,0.80,0.80,0.80,28.83,17,17,0,0.17,0.10,0.20,29.39,17,17,0,0.79,0.70,0.80,29.27,17,17,0,2274.67,2243.70,2305.60,24.25,17,0,0
1754722,0.33,0.30,0.40,30.67,17,17,0,0.03,0.00,0.10,29.08,17,17,0,0.36,0.30,0.40,29.27,17,17,0,0.80,0.70,0.90,28.85,17,17,0,0.17,0.10,0.20,29.39,17,17,0,0.79,0.70,0.80,29.27,17,17,0,2269.19,2239.70,2306.70,24.24,17,0,0
1755222,0.32,0.30,0.40,30.67,17,17,0,0.04,0.00,0.10,29.09,17,17,0,0.34,0.30,0.40,29.28,17,17,0,0.80,0.80,0.80,28.83,17,17,0,0.18,0.10,0.20,29.41,17,17,0,0.78,0.70,0.80,29.26,17,17,0,2263.92,2235.50,2308.30,24.25,17,0,0
1755730,0.33,0.30,0.40,30.66,17,17,0,0.04,0.00,0.10,29.08,17,17,0,0.38,0.30,0.40,29.27,17,17,0,0.81,0.80,0.90,28.85,17,17,0,0.18,0.10,0.20,29.40,17,17,0,0.78,0.70,0.80,29.28,17,17,0,2278.23,2242.50,2300.60,24.24,17,0,0
1756240,0.31,0.30,0.40,30.66,17,17,0,0.02,-0.10,0.10,29.09,17,17,0,0.35,0.30,0.40,29.28,17,17,0,0.81,0.80,0.90,28.84,17,17,0,0.16,0.10,0.20,29.41,17,17,0,0.78,0.70,0.80,29.27,17,17,0,2243.59,2233.60,2268.50,24.24,17,0,0
1756745,0.32,0.30,0.40,30.66,17,17,0,0.02,-0.10,0.10,29.07,17,17,0,0.37,0.30,0.40,29.27,17,17,0,0.80,0.80,0.80,28.82,17,17,0,0.16,0.10,0.20,29.38,17,17,0,0.78,0.70,0.80,29.27,17,17,0,2281.16,2255.90,2299.10,24.24,17,0,0
1757253,0.34,0.30,0.40,30.68,17,17,0,0.04,-0.10,0.10,29.09,17,17,0,0.36,0.30,0.40,29.27,17,17,0,0.80,0.80,0.80,28.83,17,17,0,0.18,0.10,0.20,29.40,17,17,0,0.79,0.70,0.80,29.27,17,17,0,2254.25,2235.20,2277.80,24.25,17,0,0
1757753,0.34,0.30,0.40,30.66,17,17,0,0.02,-0.10,0.10,29.07,17,17,0,0.38,0.30,0.40,29.29,17,17,0,0.80,0.80,0.80,28.82,17,17,0,0.16,0.10,0.20,29.40,17,17,0,0.79,0.70,0.80,29.28,17,17,0,2279.81,2261.90,2296.00,24.23,17,0,0
1758260,0.34,0.30,0.40,30.67,17,17,0,0.02,-0.10,0.10,29.09,17,17,0,0.36,0.30,0.40,29.29,17,17,0,0.80,0.80,0.80,28.84,17,17,0,0.19,0.10,0.20,29.40,17,17,0,0.78,0.70,0.80,29.28,17,17,0,2288.28,2259.20,2316.30,24.24,17,0,0
1758760,0.34,0.30,0.40,30.68,17,17,0,0.02,-0.10,0.10,29.07,17,17,0,0.36,0.30,0.40,29.27,17,17,0,0.81,0.80,0.90,28.85,17,17,0,0.16,0.10,0.20,29.40,17,17,0,0.79,0.70,0.80,29.28,17,17,0,2308.58,2293.80,2323.40,24.24,17,0,0
1759260,0.33,0.30,0.40,30.67,16,16,0,0.01,-0.10,0.10,29.09,16,16,0,0.36,0.30,0.40,29.28,16,16,0,0.81,0.80,0.90,28.84,16,16,0,0.17,0.10,0.20,29.42,16,16,0,0.79,0.70,0.80,29.26,16,16,0,2333.63,2316.40,2351.50,24.23,16,0,0
1759760,0.31,0.30,0.40,30.66,17,17,0,0.01,-0.10,0.10,29.08,17,17,0,0.35,0.30,0.40,29.29,17,17,0,0.80,0.80,0.80,28.82,17,17,0,0.18,0.10,0.20,29.39,17,17,0,0.77,0.70,0.80,29.26,17,17,0,2345.12,2323.40,2368.00,24.25,17,0,0
1760266,0.32,0.30,0.40,30.65,17,17,0,0.02,-0.10,0.10,29.09,17,17,0,0.35,0.30,0.40,29.29,17,17,0,0.81,0.80,0.90,28.82,17,17,0,0.16,0.10,0.20,29.40,17,17,0,0.79,0.70,0.80,29.26,17,17,0,2376.07,2360.40,2389.60,24.22,17,0,0
1760768,0.33,0.30,0.40,30.66,17,17,0,0.05,0.00,0.10,29.08,17,17,0,0.37,0.30,0.40,29.27,17,17,0,0.80,0.80,0.80,28.83,17,17,0,0.18,0.10,0.20,29.40,17,17,0,0.79,0.70,0.80,29.27,17,17,0,2386.53,2373.80,2401.40,24.23,17,0,0
1761268,0.36,0.30,0.40,30.67,17,17,0,0.00,-0.10,0.10,29.08,17,17,0,0.35,0.30,0.40,29.28,17,17,0,0.80,0.80,0.80,28.83,17,17,0,0.16,0.10,0.20,29.40,17,17,0,0.78,0.70,0.80,29.28,17,17,0,2401.29,2387.60,2408.70,24.21,17,0,0
1761776,0.33,0.30,0.40,30.67,17,17,0,-0.01,-0.10,0.10,29.09,17,17,0,0.35,0.30,0.40,29.30,17,17,0,0.81,0.80,0.90,28.82,17,17,0,0.17,0.10,0.20,29.38,17,17,0,0.78,0.70,0.80,29.27,17,17,0,2418.88,2393.90,2444.20,24.23,17,0,0
1762276,0.34,0.30,0.40,30.66,16,16,0,-0.01,-0.10,0.10,29.07,16,16,0,0.36,0.30,0.40,29.28,16,16,0,0.80,0.80,0.80,28.83,16,16,0,0.18,0.10,0.20,29.41,16,16,0,0.77,0.70,0.80,29.28,16,16,0,2417.56,2407.40,2439.80,24.24,16,0,0
1762778,0.31,0.30,0.40,30.67,17,17,0,0.01,-0.10,0.10,29.09,17,17,0,0.36,0.30,0.40,29.29,17,17,0,0.80,0.80,0.80,28.84,17,17,0,0.19,0.10,0.20,29.40,17,17,0,0.78,0.70,0.80,29.28,17,17,0,2438.87,2418.10,2453.10,24.22,17,0,0
1763283,0.35,0.30,0.40,30.65,17,17,0,0.01,-0.10,0.10,29.08,17,17,0,0.37,0.30,0.40,29.28,17,17,0,0.81,0.80,0.90,28.83,17,17,0,0.18,0.10,0.20,29.40,17,17,0,0.78,0.70,0.80,29.27,17,17,0,2416.62,2405.70,2433.80,24.22,17,0,0
1763788,0.33,0.30,0.40,30.65,17,17,0,0.02,0.00,0.10,29.09,17,17,0,0.36,0.30,0.40,29.28,17,17,0,0.80,0.80,0.80,28.83,17,17,0,0.16,0.10,0.20,29.42,17,17,0,0.78,0.70,0.80,29.28,17,17,0,2429.37,2397.00,2452.10,24.24,17,0,0
1764301,0.34,0.30,0.40,30.68,17,17,0,0.04,0.00,0.10,29.08,17,17,0,0.36,0.30,0.40,29.29,17,17,0,0.80,0.80,0.80,28.83,17,17,0,0.19,0.10,0.20,29.41,17,17,0,0.79,0.70,0.80,29.27,17,17,0,2385.75,2373.30,2405.70,24.22,17,0,0
1764801,0.36,0.30,0.40,30.67,17,17,0,0.01,-0.10,0.10,29.07,17,17,0,0.38,0.30,0.40,29.29,17,17,0,0.80,0.80,0.80,28.84,17,17,0,0.18,0.10,0.20,29.41,17,17,0,0.78,0.70,0.80,29.26,17,17,0,2381.40,2341.70,2417.80,24.22,17,0,0
1765309,0.34,0.30,0.40,30.66,17,17,0,0.03,-0.10,0.10,29.07,17,17,0,0.37,0.30,0.40,29.28,17,17,0,0.80,0.70,0.90,28.84,17,17,0,0.17,0.10,0.20,29.41,17,17,0,0.79,0.70,0.80,29.28,17,17,0,2358.34,2337.90,2381.50,24.24,17,0,0
1765814,0.34,0.30,0.40,30.67,17,17,0,0.02,-0.10,0.10,29.08,17,17,0,0.35,0.30,0.40,29.29,17,17,0,0.81,0.80,0.90,28.83,17,17,0,0.15,0.10,0.20,29.40,17,17,0,0.77,0.70,0.80,29.27,17,17,0,2325.08,2300.70,2371.00,24.25,17,0,0
1766321,0.32,0.30,0.40,30.66,17,17,0,0.02,0.00,0.10,29.08,17,17,0,0.34,0.30,0.40,29.29,17,17,0,0.81,0.80,0.90,28.83,17,17,0,0.14,0.10,0.20,29.41,17,17,0,0.76,0.70,0.80,29.27,17,17,0,2340.14,2308.70,2358.10,24.25,17,0,0
1766832,0.35,0.30,0.40,30.67,17,17,0,0.02,-0.10,0.10,29.08,17,17,0,0.38,0.30,0.40,29.27,17,17,0,0.81,0.80,0.90,28.85,17,17,0,0.18,0.10,0.20,29.39,17,17,0,0.79,0.70,0.80,29.29,17,17,0,2308.49,2300.00,2330.40,24.26,17,0,0
1767332,0.34,0.30,0.40,30.67,16,16,0,0.00,-0.10,0.10,29.09,16,16,0,0.37,0.30,0.40,29.29,16,16,0,0.80,0.80,0.80,28.83,16,16,0,0.16,0.10,0.20,29.41,16,16,0,0.80,0.80,0.80,29.28,16,16,0,2312.70,2279.50,2331.60,24.24,16,0,0
1767832,0.34,0.30,0.40,30.66,17,17,0,0.01,-0.10,0.10,29.09,17,17,0,0.35,0.30,0.40,29.29,17,17,0,0.80,0.80,0.80,28.84,17,17,0,0.16,0.10,0.20,29.39,17,17,0,0.79,0.70,0.80,29.28,17,17,0,2280.22,2264.90,2303.30,24.26,17,0,0
1768336,0.31,0.30,0.40,30.69,17,17,0,0.01,-0.10,0.10,29.08,17,17,0,0.36,0.30,0.40,29.29,17,17,0,0.80,0.80,0.80,28.83,17,17,0,0.18,0.10,0.20,29.39,17,17,0,0.79,0.70,0.80,29.27,17,17,0,2297.68,2270.60,2317.60,24.25,17,0,0
1768838,0.35,0.30,0.40,30.65,17,17,0,0.01,-0.10,0.10,29.07,17,17,0,0.38,0.30,0.40,29.28,17,17,0,0.80,0.80,0.80,28.84,17,17,0,0.18,0.10,0.20,29.40,17,17,0,0.78,0.70,0.80,29.28,17,17,0,2286.45,2270.40,2308.10,24.24,17,0,0
1769338,0.31,0.30,0.40,30.66,17,17,0,0.03,-0.10,0.10,29.08,17,17,0,0.36,0.30,0.40,29.27,17,17,0,0.81,0.80,0.90,28.84,17,17,0,0.15,0.10,0.20,29.40,17,17,0,0.79,0.70,0.80,29.27,17,17,0,2276.77,2255.90,2304.80,24.26,17,0,0
1769846,0.33,0.30,0.40,30.66,17,17,0,0.02,-0.10,0.10,29.10,17,17,0,0.36,0.30,0.40,29.28,17,17,0,0.80,0.80,0.80,28.82,17,17,0,0.19,0.10,0.20,29.39,17,17,0,0.79,0.70,0.80,29.28,17,17,0,2297.18,2270.40,2319.70,24.27,17,0,0
1770351,0.32,0.30,0.40,30.66,17,17,0,0.02,-0.10,0.10,29.10,17,17,0,0.36,0.30,0.40,29.28,17,17,0,0.80,0.80,0.80,28.83,17,17,0,0.17,0.10,0.20,29.41,17,17,0,0.78,0.70,0.80,29.28,17,17,0,2272.76,2260.70,2291.80,24.25,17,0,0
1770853,0.34,0.30,0.40,30.68,17,17,0,0.03,0.00,0.10,29.09,17,17,0,0.37,0.30,0.40,29.28,17,17,0,0.80,0.80,0.80,28.83,17,17,0,0.16,0.10,0.20,29.40,17,17,0,0.79,0.70,0.80,29.28,17,17,0,2305.11,2283.70,2320.10,24.25,17,0,0
1771353,0.34,0.30,0.40,30.66,17,17,0,0.02,0.00,0.10,29.09,17,17,0,0.37,0.30,0.40,29.29,17,17,0,0.80,0.80,0.80,28.85,17,17,0,0.16,0.10,0.20,29.40,17,17,0,0.77,0.70,0.80,29.28,17,17,0,2280.28,2267.60,2299.30,24.25,17,0,0
1771853,0.34,0.30,0.40,30.66,17,17,0,0.04,-0.10,0.10,29.07,17,17,0,0.35,0.30,0.40,29.29,17,17,0,0.80,0.80,0.80,28.83,17,17,0,0.16,0.10,0.20,29.39,17,17,0,0.78,0.70,0.80,29.28,17,17,0,2279.18,2247.00,2302.60,24.25,17,0,0
1772366,0.34,0.30,0.40,30.66,17,17,0,0.02,0.00,0.10,29.08,17,17,0,0.37,0.30,0.40,29.27,17,17,0,0.80,0.80,0.80,28.83,17,17,0,0.17,0.10,0.20,29.41,17,17,0,0.78,0.70,0.80,29.27,17,17,0,2266.22,2240.80,2302.40,24.27,17,0,0
1772871,0.34,0.30,0.40,30.66,17,17,0,0.04,0.00,0.10,29.06,17,17,0,0.37,0.30,0.40,29.29,17,17,0,0.80,0.80,0.80,28.82,17,17,0,0.18,0.10,0.20,29.40,17,17,0,0.78,0.70,0.80,29.28,17,17,0,2269.62,2246.90,2310.80,24.28,17,0,0
1773374,0.34,0.30,0.40,30.66,17,17,0,0.02,0.00,0.10,29.07,17,17,0,0.36,0.30,0.40,29.29,17,17,0,0.81,0.80,0.90,28.82,17,17,0,0.18,0.10,0.20,29.40,17,17,0,0.78,0.70,0.80,29.29,17,17,0,2288.04,2255.80,2304.50,24.26,17,0,0
1773874,0.31,0.30,0.40,30.67,17,17,0,0.02,-0.10,0.10,29.09,17,17,0,0.37,0.30,0.40,29.27,17,17,0,0.80,0.80,0.80,28.82,17,17,0,0.18,0.10,0.20,29.41,17,17,0,0.78,0.70,0.80,29.28,17,17,0,2250.38,2234.90,2280.90,24.25,17,0,0
1774384,0.34,0.30,0.40,30.66,17,17,0,0.01,-0.10,0.10,29.09,17,17,0,0.37,0.30,0.40,29.29,17,17,0,0.80,0.80,0.80,28.82,17,17,0,0.17,0.10,0.20,29.41,17,17,0,0.79,0.70,0.80,29.28,17,17,0,2285.61,2259.60,2308.80,24.25,17,0,0
1774884,0.33,0.30,0.40,30.67,17,17,0,0.02,0.00,0.10,29.09,17,17,0,0.36,0.30,0.40,29.30,17,17,0,0.81,0.80,0.90,28.82,17,17,0,0.17,0.10,0.20,29.39,17,17,0,0.77,0.70,0.80,29.28,17,17,0,2250.75,2226.40,2287.60,24.26,17,0,0
1775384,0.32,0.30,0.40,30.67,17,17,0,0.04,-0.10,0.10,29.08,17,17,0,0.35,0.30,0.40,29.29,17,17,0,0.80,0.80,0.80,28.82,17,17,0,0.19,0.10,0.20,29.40,17,17,0,0.78,0.70,0.80,29.28,17,17,0,2286.55,2260.50,2314.80,24.26,17,0,0
1775893,0.32,0.30,0.40,30.67,17,17,0,0.04,0.00,0.10,29.08,17,17,0,0.38,0.30,0.40,29.28,17,17,0,0.80,0.80,0.80,28.82,17,17,0,0.19,0.10,0.20,29.41,17,17,0,0.78,0.70,0.80,29.28,17,17,0,2290.41,2264.10,2311.50,24.26,17,0,0
1776403,0.32,0.30,0.40,30.67,17,17,0,0.04,-0.10,0.10,29.06,17,17,0,0.38,0.30,0.40,29.30,17,17,0,0.80,0.80,0.80,28.84,17,17,0,0.18,0.10,0.20,29.39,17,17,0,0.79,0.70,0.80,29.29,17,17,0,2298.31,2289.20,2310.30,24.27,17,0,0
1776905,0.31,0.30,0.40,30.67,17,17,0,0.01,-0.10,0.10,29.09,17,17,0,0.38,0.30,0.40,29.29,17,17,0,0.81,0.80,0.90,28.83,17,17,0,0.18,0.10,0.20,29.39,17,17,0,0.78,0.70,0.80,29.26,17,17,0,2326.78,2312.00,2335.60,24.27,17,0,0
1777405,0.33,0.30,0.40,30.68,17,17,0,0.02,-0.10,0.10,29.08,17,17,0,0.39,0.30,0.40,29.29,17,17,0,0.81,0.80,0.90,28.83,17,17,0,0.17,0.10,0.20,29.39,17,17,0,0.77,0.70,0.80,29.28,17,17,0,2334.91,2317.20,2361.30,24.27,17,0,0
1777905,0.33,0.30,0.40,30.68,16,16,0,0.03,0.00,0.10,29.08,16,16,0,0.36,0.30,0.40,29.29,16,16,0,0.79,0.70,0.80,28.82,16,16,0,0.18,0.10,0.20,29.40,16,16,0,0.79,0.70,0.80,29.29,16,16,0,2385.86,2374.60,2395.20,24.28,16,0,0
1778409,0.35,0.30,0.40,30.67,17,17,0,0.01,-0.10,0.10,29.09,17,17,0,0.36,0.30,0.40,29.29,17,17,0,0.80,0.70,0.90,28.82,17,17,0,0.16,0.10,0.20,29.41,17,17,0,0.78,0.70,0.80,29.28,17,17,0,2387.72,2373.60,2405.30,24.27,17,0,0
1778909,0.32,0.30,0.40,30.67,17,17,0,0.02,-0.10,0.10,29.07,17,17,0,0.38,0.30,0.40,29.30,17,17,0,0.80,0.80,0.80,28.82,17,17,0,0.18,0.10,0.20,29.40,17,17,0,0.76,0.70,0.80,29.28,17,17,0,2410.38,2394.60,2422.20,24.25,17,0,0
1779411,0.31,0.30,0.40,30.67,17,17,0,0.02,0.00,0.10,29.07,17,17,0,0.38,0.30,0.40,29.30,17,17,0,0.80,0.80,0.80,28.81,17,17,0,0.17,0.10,0.20,29.42,17,17,0,0.76,0.70,0.80,29.27,17,17,0,2421.98,2402.30,2442.10,24.28,17,0,0
1779911,0.34,0.30,0.40,30.67,17,17,0,0.01,-0.10,0.10,29.07,17,17,0,0.35,0.30,0.40,29.30,17,17,0,0.81,0.80,0.90,28.83,17,17,0,0.18,0.10,0.20,29.42,17,17,0,0.76,0.70,0.80,29.29,17,17,0,2416.79,2404.80,2436.00,24.27,17,0,0
1780420,0.33,0.30,0.40,30.67,17,17,0,0.02,-0.10,0.10,29.09,17,17,0,0.35,0.30,0.40,29.28,17,17,0,0.80,0.80,0.80,28.83,17,17,0,0.18,0.10,0.20,29.38,17,17,0,0.76,0.70,0.80,29.29,17,17,0,2438.89,2414.20,2455.20,24.28,17,0,0
1780925,0.34,0.30,0.40,30.67,17,17,0,0.04,0.00,0.10,29.09,17,17,0,0.36,0.30,0.40,29.30,17,17,0,0.79,0.70,0.80,28.82,17,17,0,0.16,0.10,0.20,29.42,17,17,0,0.76,0.70,0.80,29.29,17,17,0,2410.90,2398.10,2432.20,24.27,17,0,0
1781433,0.32,0.30,0.40,30.68,17,17,0,0.04,-0.10,0.10,29.08,17,17,0,0.36,0.30,0.40,29.29,17,17,0,0.80,0.80,0.80,28.81,17,17,0,0.16,0.10,0.30,29.40,17,17,0,0.77,0.70,0.80,29.28,17,17,0,2426.49,2392.60,2442.90,24.28,17,0,0
1781933,0.33,0.30,0.40,30.67,17,17,0,0.03,-0.10,0.10,29.07,17,17,0,0.38,0.30,0.40,29.30,17,17,0,0.81,0.80,0.90,28.83,17,17,0,0.16,0.10,0.20,29.41,17,17,0,0.78,0.70,0.80,29.27,17,17,0,2384.71,2371.30,2399.70,24.29,17,0,0
1782437,0.31,0.30,0.40,30.68,17,17,0,0.01,-0.10,0.10,29.08,17,17,0,0.35,0.30,0.40,29.29,17,17,0,0.81,0.80,0.90,28.82,17,17,0,0.18,0.10,0.20,29.41,17,17,0,0.78,0.70,0.80,29.28,17,17,0,2381.50,2351.10,2417.30,24.28,17,0,0
1782939,0.34,0.30,0.40,30.66,17,17,0,0.03,0.00,0.10,29.07,17,17,0,0.36,0.30,0.40,29.29,17,17,0,0.80,0.80,0.80,28.82,17,17,0,0.16,0.10,0.20,29.40,17,17,0,0.79,0.70,0.80,29.29,17,17,0,2368.17,2345.40,2392.70,24.28,17,0,0
1783439,0.32,0.30,0.40,30.66,17,17,0,0.02,-0.10,0.10,29.09,17,17,0,0.36,0.30,0.40,29.29,17,17,0,0.80,0.80,0.80,28.83,17,17,0,0.17,0.10,0.20,29.38,17,17,0,0.78,0.70,0.80,29.29,17,17,0,2350.71,2326.40,2391.90,24.28,17,0,0
1783942,0.33,0.30,0.40,30.67,17,17,0,0.02,-0.10,0.10,29.09,17,17,0,0.36,0.30,0.40,29.28,17,17,0,0.80,0.80,0.80,28.82,17,17,0,0.19,0.10,0.20,29.41,17,17,0,0.78,0.70,0.80,29.29,17,17,0,2354.62,2337.90,2369.10,24.28,17,0,0
1784446,0.33,0.30,0.40,30.68,17,17,0,0.03,0.00,0.10,29.08,17,17,0,0.36,0.30,0.40,29.30,17,17,0,0.80,0.80,0.80,28.83,17,17,0,0.17,0.10,0.20,29.41,17,17,0,0.78,0.70,0.80,29.28,17,17,0,2320.34,2312.60,2340.70,24.30,17,0,0
1784949,0.32,0.30,0.40,30.67,17,17,0,0.00,-0.10,0.10,29.09,17,17,0,0.38,0.30,0.40,29.28,17,17,0,0.81,0.80,0.90,28.82,17,17,0,0.16,0.10,0.20,29.41,17,17,0,0.77,0.70,0.80,29.27,17,17,0,2328.62,2294.90,2350.50,24.30,17,0,0
1785449,0.34,0.30,0.40,30.67,17,17,0,0.02,-0.10,0.10,29.08,17,17,0,0.35,0.30,0.40,29.28,17,17,0,0.80,0.80,0.80,28.82,17,17,0,0.16,0.10,0.20,29.41,17,17,0,0.79,0.70,0.80,29.27,17,17,0,2287.48,2276.80,2302.00,24.32,17,0,0
1785949,0.33,0.30,0.40,30.65,17,17,0,0.02,-0.10,0.10,29.08,17,17,0,0.39,0.30,0.40,29.28,17,17,0,0.81,0.80,0.90,28.83,17,17,0,0.19,0.10,0.20,29.40,17,17,0,0.79,0.70,0.80,29.28,17,17,0,2295.66,2260.20,2320.70,24.32,17,0,0
1786457,0.32,0.30,0.40,30.68,17,17,0,0.03,0.00,0.10,29.08,17,17,0,0.36,0.30,0.40,29.31,17,17,0,0.80,0.80,0.80,28.84,17,17,0,0.17,0.10,0.20,29.40,17,17,0,0.78,0.70,0.80,29.27,17,17,0,2282.39,2257.50,2311.30,24.29,17,0,0
1786957,0.33,0.30,0.40,30.67,17,17,0,0.04,0.00,0.10,29.08,17,17,0,0.38,0.30,0.40,29.28,17,17,0,0.80,0.80,0.80,28.81,17,17,0,0.18,0.10,0.20,29.40,17,17,0,0.79,0.70,0.80,29.30,17,17,0,2267.70,2243.00,2306.40,24.30,17,0,0
1787461,0.32,0.30,0.40,30.66,17,17,0,0.00,-0.10,0.10,29.09,17,17,0,0.36,0.30,0.40,29.29,17,17,0,0.80,0.80,0.80,28.82,17,17,0,0.16,0.10,0.20,29.41,17,17,0,0.78,0.70,0.80,29.28,17,17,0,2285.04,2252.70,2312.50,24.31,17,0,0
1787961,0.32,0.30,0.40,30.67,17,17,0,0.00,-0.10,0.10,29.07,17,17,0,0.38,0.30,0.40,29.28,17,17,0,0.80,0.80,0.80,28.82,17,17,0,0.16,0.10,0.20,29.41,17,17,0,0.78,0.70,0.80,29.27,17,17,0,2256.08,2245.70,2282.70,24.31,17,0,0
1788468,0.33,0.30,0.40,30.67,17,17,0,0.04,0.00,0.10,29.07,17,17,0,0.35,0.30,0.40,29.31,17,17,0,0.81,0.80,0.90,28.81,17,17,0,0.18,0.10,0.20,29.40,17,17,0,0.78,0.70,0.80,29.27,17,17,0,2292.84,2266.90,2314.50,24.31,17,0,0
1788968,0.32,0.30,0.40,30.68,17,17,0,0.04,0.00,0.10,29.08,17,17,0,0.37,0.30,0.40,29.28,17,17,0,0.81,0.80,0.90,28.83,17,17,0,0.16,0.10,0.20,29.40,17,17,0,0.78,0.70,0.80,29.28,17,17,0,2258.02,2246.40,2278.80,24.32,17,0,0
1789468,0.32,0.30,0.40,30.65,17,17,0,0.02,0.00,0.10,29.08,17,17,0,0.37,0.30,0.40,29.28,17,17,0,0.80,0.80,0.80,28.84,17,17,0,0.18,0.10,0.20,29.39,17,17,0,0.78,0.70,0.80,29.29,17,17,0,2271.43,2235.60,2302.00,24.31,17,0,0
1789970,0.32,0.30,0.40,30.67,17,17,0,0.02,0.00,0.10,29.07,17,17,0,0.37,0.30,0.40,29.29,17,17,0,0.80,0.80,0.80,28.83,17,17,0,0.17,0.10,0.20,29.40,17,17,0,0.78,0.70,0.80,29.31,17,17,0,2257.47,2231.20,2297.60,24.30,17,0,0
1790470,0.32,0.30,0.40,30.67,17,17,0,0.05,0.00,0.10,29.08,17,17,0,0.38,0.30,0.40,29.29,17,17,0,0.80,0.80,0.80,28.83,17,17,0,0.17,0.10,0.20,29.41,17,17,0,0.78,0.70,0.80,29.27,17,17,0,2275.74,2248.50,2308.70,24.30,17,0,0
1790972,0.32,0.30,0.40,30.67,17,17,0,0.02,-0.10,0.10,29.08,17,17,0,0.38,0.30,0.40,29.29,17,17,0,0.80,0.80,0.80,28.82,17,17,0,0.17,0.10,0.20,29.41,17,17,0,0.78,0.70,0.80,29.28,17,17,0,2280.19,2251.40,2303.70,24.33,17,0,0
1791472,0.33,0.30,0.40,30.67,17,17,0,0.04,-0.10,0.10,29.06,17,17,0,0.36,0.30,0.40,29.28,17,17,0,0.79,0.70,0.80,28.83,17,17,0,0.16,0.10,0.20,29.40,17,17,0,0.78,0.70,0.80,29.28,17,17,0,2247.14,2225.40,2286.60,24.31,17,0,0
1791974,0.31,0.30,0.40,30.68,17,17,0,0.04,0.00,0.10,29.07,17,17,0,0.37,0.30,0.40,29.31,17,17,0,0.80,0.80,0.80,28.82,17,17,0,0.16,0.10,0.20,29.40,17,17,0,0.76,0.70,0.80,29.28,17,17,0,2272.12,2245.30,2288.40,24.32,17,0,0
1792477,0.32,0.30,0.40,30.68,17,17,0,0.00,-0.10,0.10,29.09,17,17,0,0.38,0.30,0.40,29.30,17,17,0,0.80,0.80,0.80,28.81,17,17,0,0.17,0.10,0.20,29.40,17,17,0,0.79,0.70,0.80,29.28,17,17,0,2248.43,2234.20,2268.70,24.31,17,0,0
1792977,0.33,0.30,0.40,30.68,17,17,0,0.04,-0.10,0.10,29.09,17,17,0,0.36,0.30,0.40,29.30,17,17,0,0.81,0.80,0.90,28.83,17,17,0,0.16,0.10,0.20,29.41,17,17,0,0.78,0.70,0.80,29.29,17,17,0,2269.96,2239.90,2298.30,24.31,17,0,0
1793480,0.32,0.30,0.40,30.67,17,17,0,0.03,-0.10,0.10,29.08,17,17,0,0.36,0.30,0.40,29.30,17,17,0,0.80,0.80,0.80,28.81,17,17,0,0.18,0.10,0.20,29.39,17,17,0,0.78,0.70,0.80,29.29,17,17,0,2265.74,2241.80,2301.80,24.32,17,0,0
1793980,0.33,0.30,0.40,30.68,17,17,0,0.04,0.00,0.10,29.09,17,17,0,0.38,0.30,0.40,29.29,17,17,0,0.80,0.80,0.80,28.82,17,17,0,0.16,0.10,0.20,29.40,17,17,0,0.78,0.70,0.80,29.29,17,17,0,2287.58,2275.80,2301.80,24.33,17,0,0
1794490,0.32,0.30,0.40,30.67,17,17,0,0.03,-0.10,0.10,29.09,17,17,0,0.37,0.30,0.40,29.31,17,17,0,0.80,0.80,0.80,28.82,17,17,0,0.17,0.10,0.20,29.41,17,17,0,0.78,0.70,0.80,29.28,17,17,0,2325.08,2296.80,2339.60,24.32,17,0,0
1794990,0.32,0.30,0.40,30.68,17,17,0,0.02,-0.10,0.10,29.07,17,17,0,0.34,0.30,0.40,29.28,17,17,0,0.80,0.80,0.80,28.82,17,17,0,0.19,0.10,0.20,29.41,17,17,0,0.79,0.70,0.80,29.30,17,17,0,2334.39,2322.20,2356.90,24.32,17,0,0
1795498,0.33,0.30,0.40,30.68,17,17,0,0.01,-0.10,0.10,29.08,17,17,0,0.38,0.30,0.40,29.30,17,17,0,0.80,0.80,0.80,28.82,17,17,0,0.18,0.10,0.20,29.40,17,17,0,0.79,0.70,0.80,29.29,17,17,0,2380.29,2358.70,2389.50,24.33,17,0,0
1796003,0.32,0.30,0.40,30.68,17,17,0,0.01,-0.10,0.10,29.06,17,17,0,0.38,0.30,0.40,29.31,17,17,0,0.80,0.80,0.80,28.81,17,17,0,0.16,0.10,0.20,29.39,17,17,0,0.78,0.70,0.80,29.28,17,17,0,2378.82,2363.50,2400.10,24.32,17,0,0
1796503,0.34,0.30,0.40,30.69,16,16,0,0.03,0.00,0.10,29.09,16,16,0,0.38,0.30,0.40,29.29,16,16,0,0.81,0.80,0.90,28.81,16,16,0,0.16,0.10,0.20,29.39,16,16,0,0.77,0.70,0.80,29.29,16,16,0,2410.00,2386.20,2423.60,24.29,16,0,0
1797003,0.32,0.30,0.40,30.67,17,17,0,0.01,-0.10,0.10,29.07,17,17,0,0.36,0.30,0.40,29.30,17,17,0,0.81,0.80,0.90,28.82,17,17,0,0.18,0.10,0.20,29.40,17,17,0,0.78,0.70,0.80,29.30,17,17,0,2407.34,2386.70,2445.30,24.30,17,0,0
1797503,0.35,0.30,0.40,30.68,17,17,0,0.05,-0.10,0.10,29.08,17,17,0,0.36,0.30,0.40,29.30,17,17,0,0.80,0.80,0.80,28.82,17,17,0,0.16,0.10,0.20,29.43,17,17,0,0.79,0.70,0.80,29.29,17,17,0,2409.45,2381.80,2441.60,24.32,17,0,0
1798006,0.33,0.30,0.40,30.68,17,17,0,0.02,0.00,0.10,29.08,17,17,0,0.36,0.30,0.40,29.30,17,17,0,0.81,0.80,0.90,28.83,17,17,0,0.18,0.10,0.20,29.39,17,17,0,0.78,0.70,0.80,29.29,17,17,0,2423.09,2394.40,2450.80,24.32,17,0,0
1798506,0.32,0.30,0.40,30.68,17,17,0,0.02,0.00,0.10,29.07,17,17,0,0.35,0.30,0.40,29.32,17,17,0,0.81,0.80,0.90,28.81,17,17,0,0.18,0.10,0.20,29.40,17,17,0,0.79,0.70,0.80,29.28,17,17,0,2399.23,2378.70,2437.20,24.32,17,0,0
1799015,0.33,0.30,0.40,30.70,17,17,0,0.02,-0.10,0.10,29.08,17,17,0,0.34,0.30,0.40,29.31,17,17,0,0.81,0.80,0.90,28.82,17,17,0,0.18,0.10,0.20,29.39,17,17,0,0.79,0.70,0.80,29.28,17,17,0,2414.56,2385.70,2442.90,24.31,17,0,0
1799521,0.32,0.30,0.40,30.69,17,17,0,0.03,0.00,0.10,29.07,17,17,0,0.36,0.30,0.40,29.29,17,17,0,0.80,0.80,0.80,28.83,17,17,0,0.18,0.10,0.20,29.41,17,17,0,0.78,0.70,0.80,29.28,17,17,0,2364.91,2346.20,2382.10,24.32,17,0,0
1800032,0.34,0.30,0.40,30.69,17,17,0,0.01,-0.10,0.10,29.07,17,17,0,0.35,0.30,0.40,29.30,17,17,0,0.80,0.80,0.80,28.83,17,17,0,0.18,0.10,0.20,29.39,17,17,0,0.78,0.70,0.80,29.29,17,17,0,2390.56,2355.70,2413.60,24.32,17,0,0
1800536,0.34,0.30,0.40,30.67,17,17,0,0.03,-0.10,0.10,29.08,17,17,0,0.35,0.30,0.40,29.30,17,17,0,0.80,0.80,0.80,28.82,17,17,0,0.16,0.10,0.20,29.41,17,17,0,0.79,0.70,0.80,29.30,17,17,0,2366.30,2354.20,2383.50,24.32,17,0,0
1801036,0.34,0.30,0.40,30.69,17,17,0,0.03,-0.10,0.10,29.08,17,17,0,0.38,0.30,0.40,29.30,17,17,0,0.81,0.80,0.90,28.82,17,17,0,0.17,0.10,0.20,29.40,17,17,0,0.78,0.70,0.80,29.29,17,17,0,2348.94,2319.30,2383.20,24.32,17,0,0
1801538,0.34,0.30,0.40,30.68,17,17,0,0.05,0.00,0.10,29.08,17,17,0,0.36,0.30,0.40,29.29,17,17,0,0.80,0.80,0.80,28.84,17,17,0,0.16,0.10,0.20,29.39,17,17,0,0.79,0.70,0.80,29.28,17,17,0,2345.50,2324.30,2364.10,24.34,17,0,0
1802038,0.33,0.30,0.40,30.69,17,17,0,0.01,-0.10,0.10,29.08,17,17,0,0.34,0.30,0.40,29.31,17,17,0,0.80,0.80,0.80,28.82,17,17,0,0.17,0.10,0.20,29.39,17,17,0,0.78,0.70,0.80,29.28,17,17,0,2318.85,2308.50,2344.60,24.33,17,0,0
1802551,0.35,0.30,0.40,30.68,17,17,0,0.03,-0.10,0.10,29.07,17,17,0,0.36,0.30,0.40,29.30,17,17,0,0.80,0.80,0.80,28.82,17,17,0,0.18,0.10,0.20,29.41,17,17,0,0.76,0.70,0.80,29.28,17,17,0,2323.25,2305.70,2335.10,24.33,17,0,0
1803056,0.32,0.30,0.40,30.69,17,17,0,0.01,-0.10,0.10,29.08,17,17,0,0.34,0.30,0.40,29.31,17,17,0,0.81,0.80,0.90,28.82,17,17,0,0.18,0.10,0.20,29.40,17,17,0,0.79,0.70,0.80,29.29,17,17,0,2291.06,2282.50,2300.50,24.34,17,0,0
1803564,0.31,0.30,0.40,30.68,17,17,0,0.04,0.00,0.10,29.06,17,17,0,0.38,0.30,0.40,29.31,17,17,0,0.80,0.80,0.80,28.83,17,17,0,0.18,0.10,0.20,29.40,17,17,0,0.78,0.70,0.80,29.28,17,17,0,2300.28,2275.00,2318.70,24.35,17,0,0
1804069,0.33,0.30,0.40,30.68,17,17,0,0.02,-0.10,0.10,29.08,17,17,0,0.38,0.30,0.40,29.32,17,17,0,0.80,0.80,0.80,28.82,17,17,0,0.18,0.10,0.20,29.40,17,17,0,0.77,0.70,0.80,29.29,17,17,0,2281.79,2266.70,2306.90,24.35,17,0,0
1804573,0.33,0.30,0.40,30.68,17,17,0,0.05,0.00,0.10,29.06,17,17,0,0.36,0.30,0.40,29.30,17,17,0,0.80,0.80,0.80,28.82,17,17,0,0.19,0.10,0.20,29.39,17,17,0,0.76,0.70,0.80,29.29,17,17,0,2287.38,2268.00,2310.00,24.33,17,0,0
1805081,0.32,0.30,0.40,30.69,17,17,0,0.04,0.00,0.10,29.07,17,17,0,0.38,0.30,0.40,29.31,17,17,0,0.80,0.80,0.80,28.82,17,17,0,0.17,0.10,0.20,29.40,17,17,0,0.79,0.70,0.80,29.29,17,17,0,2294.05,2267.40,2316.00,24.33,17,0,0
1805586,0.31,0.30,0.40,30.67,17,17,0,0.02,-0.10,0.10,29.07,17,17,0,0.38,0.30,0.40,29.31,17,17,0,0.80,0.80,0.80,28.83,17,17,0,0.16,0.10,0.20,29.41,17,17,0,0.79,0.70,0.80,29.31,17,17,0,2262.86,2251.80,2293.10,24.33,17,0,0
1806088,0.32,0.30,0.40,30.68,17,17,0,0.03,-0.10,0.10,29.06,17,17,0,0.37,0.30,0.40,29.32,17,17,0,0.81,0.80,0.90,28.83,17,17,0,0.18,0.10,0.20,29.39,17,17,0,0.78,0.70,0.80,29.29,17,17,0,2292.64,2268.70,2309.10,24.35,17,0,0
1806592,0.33,0.30,0.40,30.67,17,17,0,0.02,-0.10,0.10,29.07,17,17,0,0.38,0.30,0.40,29.31,17,17,0,0.80,0.80,0.80,28.82,17,17,0,0.18,0.10,0.20,29.40,17,17,0,0.78,0.70,0.80,29.30,17,17,0,2246.46,2225.50,2274.20,24.34,17,0,0
1807097,0.33,0.30,0.40,30.67,17,17,0,0.02,-0.10,0.10,29.08,17,17,0,0.38,0.30,0.40,29.29,17,17,0,0.81,0.80,0.90,28.81,17,17,0,0.19,0.10,0.20,29.41,17,17,0,0.78,0.70,0.80,29.27,17,17,0,2274.10,2235.20,2296.80,24.33,17,0,0
1807597,0.35,0.30,0.40,30.68,17,17,0,0.02,-0.10,0.10,29.06,17,17,0,0.37,0.30,0.40,29.30,17,17,0,0.81,0.80,0.90,28.82,17,17,0,0.16,0.10,0.20,29.39,17,17,0,0.77,0.70,0.80,29.29,17,17,0,2258.98,2225.20,2297.80,24.33,17,0,0
1808097,0.32,0.30,0.40,30.66,17,17,0,0.02,-0.10,0.10,29.08,17,17,0,0.36,0.30,0.40,29.31,17,17,0,0.81,0.80,0.90,28.82,17,17,0,0.18,0.10,0.20,29.39,17,17,0,0.79,0.70,0.80,29.29,17,17,0,2266.36,2238.30,2314.80,24.32,17,0,0
1808604,0.34,0.30,0.40,30.68,17,17,0,0.01,0.00,0.10,29.07,17,17,0,0.38,0.30,0.40,29.31,17,17,0,0.80,0.80,0.80,28.81,17,17,0,0.17,0.10,0.20,29.39,17,17,0,0.79,0.70,0.80,29.30,17,17,0,2284.58,2244.80,2310.30,24.32,17,0,0
1809104,0.33,0.30,0.40,30.68,17,17,0,0.02,-0.10,0.10,29.07,17,17,0,0.38,0.30,0.40,29.30,17,17,0,0.80,0.80,0.80,28.82,17,17,0,0.19,0.10,0.20,29.40,17,17,0,0.79,0.70,0.80,29.29,17,17,0,2241.16,2229.50,2276.40,24.34,17,0,0
1809606,0.33,0.30,0.40,30.67,17,17,0,0.02,-0.10,0.10,29.07,17,17,0,0.37,0.30,0.40,29.31,17,17,0,0.80,0.80,0.80,28.80,17,17,0,0.16,0.10,0.20,29.39,17,17,0,0.79,0.70,0.80,29.29,17,17,0,2288.32,2256.60,2309.10,24.34,17,0,0
1810106,0.34,0.30,0.40,30.67,17,17,0,0.02,-0.10,0.10,29.06,17,17,0,0.39,0.30,0.40,29.30,17,17,0,0.81,0.80,0.90,28.82,17,17,0,0.16,0.10,0.20,29.40,17,17,0,0.77,0.70,0.80,29.28,17,17,0,2252.39,2236.60,2274.60,24.32,17,0,0
1810613,0.33,0.30,0.40,30.69,17,17,0,0.01,-0.10,0.10,29.06,17,17,0,0.36,0.30,0.40,29.30,17,17,0,0.81,0.80,0.90,28.82,17,17,0,0.18,0.10,0.20,29.39,17,17,0,0.78,0.70,0.80,29.30,17,17,0,2281.69,2257.80,2303.10,24.33,17,0,0
1811113,0.32,0.30,0.40,30.67,17,17,0,0.01,-0.10,0.10,29.07,17,17,0,0.36,0.30,0.40,29.31,17,17,0,0.81,0.80,0.90,28.81,17,17,0,0.17,0.10,0.20,29.40,17,17,0,0.77,0.70,0.80,29.30,17,17,0,2281.58,2260.50,2311.10,24.33,17,0,0
1811613,0.33,0.30,0.40,30.68,17,17,0,0.03,-0.10,0.10,29.07,17,17,0,0.39,0.30,0.40,29.31,17,17,0,0.80,0.80,0.80,28.81,17,17,0,0.16,0.10,0.20,29.41,17,17,0,0.78,0.70,0.80,29.29,17,17,0,2294.46,2280.40,2309.40,24.33,17,0,0
1812116,0.31,0.30,0.40,30.69,17,17,0,0.01,0.00,0.10,29.09,17,17,0,0.39,0.30,0.40,29.31,17,17,0,0.81,0.80,0.90,28.82,17,17,0,0.16,0.10,0.20,29.40,17,17,0,0.76,0.70,0.80,29.30,17,17,0,2324.87,2296.90,2338.30,24.35,17,0,0
1812619,0.31,0.30,0.40,30.69,17,17,0,0.02,0.00,0.10,29.07,17,17,0,0.36,0.30,0.40,29.32,17,17,0,0.80,0.80,0.80,28.82,17,17,0,0.18,0.10,0.20,29.38,17,17,0,0.79,0.70,0.80,29.29,17,17,0,2337.16,2326.50,2353.70,24.35,17,0,0
1813121,0.33,0.30,0.40,30.68,17,17,0,0.01,-0.10,0.10,29.08,17,17,0,0.35,0.30,0.40,29.31,17,17,0,0.80,0.80,0.80,28.81,17,17,0,0.18,0.10,0.20,29.38,17,17,0,0.79,0.70,0.80,29.29,17,17,0,2374.45,2358.40,2385.80,24.34,17,0,0
1813621,0.33,0.30,0.40,30.70,17,17,0,0.02,-0.10,0.10,29.07,17,17,0,0.35,0.30,0.40,29.32,17,17,0,0.80,0.80,0.80,28.79,17,17,0,0.18,0.10,0.20,29.40,17,17,0,0.79,0.70,0.80,29.28,17,17,0,2376.27,2362.80,2388.00,24.34,17,0,0
1814125,0.32,0.30,0.40,30.68,17,17,0,0.02,0.00,0.10,29.07,17,17,0,0.36,0.30,0.40,29.30,17,17,0,0.79,0.70,0.80,28.81,17,17,0,0.16,0.10,0.20,29.40,17,17,0,0.78,0.70,0.80,29.28,17,17,0,2397.12,2381.20,2409.20,24.33,17,0,0
1814628,0.34,0.30,0.40,30.68,17,17,0,0.02,0.00,0.10,29.08,17,17,0,0.36,0.30,0.40,29.31,17,17,0,0.82,0.80,0.90,28.81,17,17,0,0.18,0.10,0.20,29.40,17,17,0,0.79,0.70,0.80,29.28,17,17,0,2403.66,2383.90,2428.20,24.31,17,0,0
1815128,0.32,0.30,0.40,30.69,17,17,0,0.02,-0.10,0.10,29.08,17,17,0,0.38,0.30,0.40,29.31,17,17,0,0.81,0.80,0.90,28.80,17,17,0,0.16,0.10,0.20,29.39,17,17,0,0.79,0.70,0.80,29.28,17,17,0,2407.72,2383.80,2432.70,24.31,17,0,0
1815628,0.34,0.30,0.40,30.66,16,16,0,0.01,0.00,0.10,29.08,16,16,0,0.36,0.30,0.40,29.31,16,16,0,0.79,0.70,0.80,28.82,16,16,0,0.18,0.10,0.20,29.38,16,16,0,0.79,0.70,0.80,29.30,16,16,0,2401.92,2363.30,2437.00,24.33,16,0,0
1816128,0.32,0.30,0.40,30.68,17,17,0,0.02,-0.10,0.10,29.07,17,17,0,0.36,0.30,0.40,29.31,17,17,0,0.80,0.80,0.80,28.82,17,17,0,0.17,0.10,0.20,29.41,17,17,0,0.79,0.70,0.80,29.30,17,17,0,2376.19,2359.20,2415.70,24.31,17,0,0
1816635,0.31,0.30,0.40,30.68,17,17,0,0.04,0.00,0.10,29.06,17,17,0,0.35,0.30,0.40,29.32,17,17,0,0.80,0.80,0.80,28.82,17,17,0,0.18,0.10,0.20,29.39,17,17,0,0.78,0.70,0.80,29.28,17,17,0,2394.79,2370.40,2409.30,24.33,17,0,0
1817135,0.34,0.30,0.40,30.68,17,17,0,0.02,-0.10,0.10,29.08,17,17,0,0.39,0.30,0.40,29.30,17,17,0,0.81,0.80,0.90,28.82,17,17,0,0.19,0.10,0.20,29.38,17,17,0,0.77,0.70,0.80,29.29,17,17,0,2343.50,2329.90,2360.10,24.33,17,0,0
1817637,0.34,0.30,0.40,30.69,17,17,0,0.02,0.00,0.10,29.07,17,17,0,0.39,0.30,0.40,29.32,17,17,0,0.80,0.80,0.80,28.81,17,17,0,0.17,0.10,0.20,29.39,17,17,0,0.78,0.70,0.80,29.29,17,17,0,2364.21,2334.10,2389.90,24.32,17,0,0
1818137,0.32,0.30,0.40,30.69,17,17,0,-0.01,-0.10,0.10,29.07,17,17,0,0.35,0.30,0.40,29.32,17,17,0,0.80,0.80,0.80,28.82,17,17,0,0.15,0.10,0.20,29.39,17,17,0,0.78,0.70,0.80,29.30,17,17,0,2324.35,2311.00,2346.30,24.34,17,0,0
1818637,0.33,0.30,0.40,30.68,16,16,0,0.01,0.00,0.10,29.06,16,16,0,0.36,0.30,0.40,29.32,16,16,0,0.80,0.80,0.80,28.83,16,16,0,0.19,0.10,0.20,29.39,16,16,0,0.79,0.70,0.90,29.29,16,16,0,2317.02,2282.70,2355.90,24.32,16,0,0
1819137,0.31,0.30,0.40,30.68,17,17,0,0.00,-0.10,0.10,29.05,17,17,0,0.35,0.30,0.40,29.31,17,17,0,0.79,0.70,0.80,28.80,17,17,0,0.17,0.10,0.20,29.39,17,17,0,0.79,0.70,0.80,29.30,17,17,0,2301.27,2278.80,2324.20,24.34,17,0,0
1819637,0.33,0.30,0.40,30.68,16,16,0,0.01,-0.10,0.10,29.08,16,16,0,0.34,0.30,0.40,29.30,16,16,0,0.80,0.70,0.90,28.82,16,16,0,0.18,0.10,0.20,29.40,16,16,0,0.79,0.70,0.80,29.28,16,16,0,2284.76,2268.90,2305.70,24.34,16,0,0
1820142,0.34,0.30,0.40,30.70,17,17,0,0.01,-0.10,0.10,29.07,17,17,0,0.35,0.30,0.40,29.32,17,17,0,0.80,0.80,0.80,28.84,17,17,0,0.17,0.10,0.20,29.38,17,17,0,0.76,0.70,0.80,29.29,17,17,0,2299.22,2280.10,2315.50,24.34,17,0,0
1820647,0.33,0.30,0.40,30.68,17,17,0,0.04,0.00,0.10,29.05,17,17,0,0.36,0.30,0.40,29.31,17,17,0,0.80,0.80,0.80,28.82,17,17,0,0.17,0.10,0.20,29.39,17,17,0,0.79,0.70,0.80,29.29,17,17,0,2255.65,2246.40,2272.50,24.34,17,0,0
1821149,0.34,0.30,0.40,30.69,17,17,0,0.02,-0.10,0.10,29.09,17,17,0,0.36,0.30,0.40,29.32,17,17,0,0.80,0.80,0.80,28.81,17,17,0,0.19,0.10,0.20,29.39,17,17,0,0.77,0.70,0.80,29.28,17,17,0,2275.93,2252.60,2292.50,24.33,17,0,0
1821649,0.34,0.30,0.40,30.68,17,17,0,0.04,0.00,0.10,29.08,17,17,0,0.38,0.30,0.40,29.32,17,17,0,0.81,0.80,0.90,28.82,17,17,0,0.18,0.10,0.20,29.39,17,17,0,0.79,0.70,0.80,29.28,17,17,0,2252.60,2237.60,2274.10,24.35,17,0,0
1822149,0.34,0.30,0.40,30.70,17,17,0,0.02,-0.10,0.10,29.06,17,17,0,0.36,0.30,0.40,29.32,17,17,0,0.79,0.70,0.80,28.81,17,17,0,0.17,0.10,0.20,29.39,17,17,0,0.76,0.70,0.80,29.29,17,17,0,2269.44,2250.50,2289.20,24.34,17,0,0
1822651,0.32,0.30,0.40,30.70,17,17,0,0.02,-0.10,0.10,29.07,17,17,0,0.38,0.30,0.40,29.31,17,17,0,0.80,0.80,0.80,28.83,17,17,0,0.16,0.10,0.20,29.37,17,17,0,0.78,0.70,0.80,29.30,17,17,0,2262.54,2247.90,2282.20,24.33,17,0,0
1823151,0.34,0.30,0.40,30.69,17,17,0,0.00,-0.10,0.10,29.05,17,17,0,0.38,0.30,0.40,29.30,17,17,0,0.80,0.80,0.80,28.82,17,17,0,0.18,0.10,0.20,29.38,17,17,0,0.79,0.70,0.80,29.30,17,17,0,2242.99,2223.30,2278.00,24.33,17,0,0
1823654,0.32,0.30,0.40,30.68,17,17,0,0.01,-0.10,0.10,29.07,17,17,0,0.36,0.30,0.40,29.31,17,17,0,0.80,0.80,0.80,28.81,17,17,0,0.18,0.10,0.20,29.39,17,17,0,0.79,0.70,0.80,29.28,17,17,0,2267.16,2230.10,2288.10,24.33,17,0,0
1824154,0.32,0.30,0.40,30.68,17,17,0,0.04,0.00,0.10,29.07,17,17,0,0.39,0.30,0.40,29.31,17,17,0,0.80,0.80,0.80,28.81,17,17,0,0.18,0.10,0.20,29.40,17,17,0,0.78,0.70,0.80,29.29,17,17,0,2240.18,2227.70,2257.90,24.33,17,0,0
1824657,0.32,0.30,0.40,30.69,17,17,0,0.03,-0.10,0.10,29.07,17,17,0,0.38,0.30,0.40,29.31,17,17,0,0.80,0.80,0.80,28.81,17,17,0,0.19,0.10,0.20,29.39,17,17,0,0.78,0.70,0.80,29.27,17,17,0,2255.23,2222.80,2272.50,24.35,17,0,0
1825157,0.33,0.30,0.40,30.68,17,17,0,0.02,-0.10,0.10,29.08,17,17,0,0.36,0.30,0.40,29.33,17,17,0,0.80,0.80,0.80,28.83,17,17,0,0.17,0.10,0.20,29.41,17,17,0,0.79,0.70,0.80,29.28,17,17,0,2214.64,2193.40,2252.40,24.34,17,0,0
1825657,0.32,0.30,0.40,30.69,17,17,0,0.01,-0.10,0.10,29.07,17,17,0,0.38,0.30,0.40,29.31,17,17,0,0.81,0.80,0.90,28.82,17,17,0,0.17,0.10,0.20,29.38,17,17,0,0.80,0.80,0.80,29.28,17,17,0,2247.46,2212.60,2275.00,24.34,17,0,0
1826157,0.34,0.30,0.40,30.68,17,17,0,0.02,0.00,0.10,29.06,17,17,0,0.37,0.30,0.40,29.31,17,17,0,0.81,0.80,0.90,28.83,17,17,0,0.16,0.10,0.20,29.38,17,17,0,0.78,0.70,0.80,29.30,17,17,0,2236.86,2205.50,2275.50,24.36,17,0,0
1826657,0.32,0.30,0.40,30.68,17,17,0,0.02,-0.10,0.10,29.07,17,17,0,0.38,0.30,0.40,29.31,17,17,0,0.80,0.80,0.80,28.81,17,17,0,0.18,0.10,0.20,29.38,17,17,0,0.79,0.70,0.80,29.29,17,17,0,2229.95,2207.10,2275.50,24.33,17,0,0
1827160,0.34,0.30,0.40,30.69,17,17,0,0.02,-0.10,0.10,29.06,17,17,0,0.39,0.30,0.40,29.31,17,17,0,0.81,0.80,0.90,28.81,17,17,0,0.19,0.10,0.20,29.38,17,17,0,0.78,0.70,0.80,29.29,17,17,0,2257.26,2222.30,2273.70,24.34,17,0,0
1827661,0.35,0.30,0.40,30.69,17,17,0,0.01,-0.10,0.10,29.06,17,17,0,0.38,0.30,0.40,29.31,17,17,0,0.80,0.80,0.80,28.81,17,17,0,0.16,0.10,0.20,29.40,17,17,0,0.77,0.70,0.80,29.28,17,17,0,2219.96,2209.70,2243.50,24.36,17,0,0
1828164,0.33,0.30,0.40,30.69,17,17,0,0.03,-0.10,0.10,29.07,17,17,0,0.36,0.30,0.40,29.32,17,17,0,0.79,0.70,0.80,28.82,17,17,0,0.19,0.10,0.20,29.37,17,17,0,0.79,0.70,0.80,29.27,17,17,0,2266.28,2244.20,2283.00,24.34,17,0,0
1828664,0.34,0.30,0.40,30.69,17,17,0,0.04,-0.10,0.10,29.07,17,17,0,0.38,0.30,0.40,29.30,17,17,0,0.81,0.80,0.90,28.81,17,17,0,0.17,0.10,0.20,29.38,17,17,0,0.77,0.70,0.80,29.28,17,17,0,2235.28,2219.80,2263.80,24.34,17,0,0
1829166,0.35,0.30,0.40,30.67,17,17,0,0.02,-0.10,0.10,29.07,17,17,0,0.38,0.30,0.40,29.30,17,17,0,0.80,0.80,0.80,28.81,17,17,0,0.17,0.10,0.20,29.38,17,17,0,0.79,0.70,0.80,29.28,17,17,0,2269.41,2247.50,2292.60,24.33,17,0,0
1829671,0.33,0.30,0.40,30.69,17,17,0,0.03,0.00,0.10,29.06,17,17,0,0.38,0.30,0.40,29.32,17,17,0,0.81,0.80,0.90,28.82,17,17,0,0.18,0.10,0.20,29.39,17,17,0,0.78,0.70,0.80,29.28,17,17,0,2280.93,2246.40,2319.60,24.33,17,0,0
1830176,0.32,0.30,0.40,30.68,17,17,0,0.03,0.00,0.10,29.07,17,17,0,0.38,0.30,0.40,29.34,17,17,0,0.80,0.80,0.80,28.83,17,17,0,0.18,0.10,0.20,29.38,17,17,0,0.78,0.70,0.80,29.29,17,17,0,2303.32,2294.20,2313.80,24.34,17,0,0
1830683,0.33,0.30,0.40,30.68,17,17,0,0.02,-0.10,0.10,29.08,17,17,0,0.39,0.30,0.40,29.32,17,17,0,0.81,0.80,0.90,28.81,17,17,0,0.18,0.10,0.20,29.38,17,17,0,0.74,0.70,0.80,29.30,17,17,0,2342.02,2310.30,2358.00,24.34,17,0,0
1831188,0.32,0.30,0.40,30.69,17,17,0,-0.01,-0.10,0.10,29.06,17,17,0,0.37,0.30,0.40,29.32,17,17,0,0.80,0.80,0.80,28.82,17,17,0,0.17,0.10,0.20,29.38,17,17,0,0.79,0.70,0.80,29.27,17,17,0,2332.67,2323.50,2344.20,24.34,17,0,0
1831688,0.33,0.30,0.40,30.69,16,16,0,0.04,0.00,0.10,29.08,16,16,0,0.39,0.30,0.40,29.30,16,16,0,0.81,0.80,0.90,28.81,16,16,0,0.17,0.10,0.20,29.38,16,16,0,0.80,0.80,0.80,29.30,16,16,0,2380.06,2358.90,2392.40,24.32,16,0,0
1832193,0.31,0.30,0.40,30.70,17,17,0,0.02,-0.10,0.10,29.07,17,17,0,0.38,0.30,0.40,29.31,17,17,0,0.81,0.80,0.90,28.81,17,17,0,0.16,0.10,0.20,29.39,17,17,0,0.80,0.80,0.80,29.28,17,17,0,2367.38,2358.20,2382.00,24.33,17,0,0
1832700,0.32,0.30,0.40,30.66,17,17,0,0.02,-0.10,0.10,29.07,17,17,0,0.38,0.30,0.40,29.31,17,17,0,0.80,0.80,0.80,28.83,17,17,0,0.14,0.10,0.20,29.39,17,17,0,0.78,0.70,0.80,29.28,17,17,0,2388.46,2366.10,2405.40,24.32,17,0,0
1833205,0.32,0.30,0.40,30.69,17,17,0,0.04,0.00,0.10,29.07,17,17,0,0.36,0.30,0.40,29.30,17,17,0,0.80,0.80,0.80,28.80,17,17,0,0.18,0.10,0.20,29.39,17,17,0,0.80,0.80,0.80,29.28,17,17,0,2385.54,2365.00,2409.80,24.34,17,0,0
1833710,0.36,0.30,0.40,30.69,17,17,0,0.03,0.00,0.10,29.07,17,17,0,0.38,0.30,0.40,29.33,17,17,0,0.81,0.80,0.90,28.82,17,17,0,0.16,0.10,0.20,29.39,17,17,0,0.79,0.70,0.80,29.30,17,17,0,2386.19,2364.90,2416.60,24.33,17,0,0
1834212,0.34,0.30,0.40,30.70,16,16,0,0.04,-0.10,0.10,29.05,16,16,0,0.38,0.30,0.40,29.32,16,16,0,0.80,0.80,0.80,28.81,16,16,0,0.19,0.10,0.20,29.36,16,16,0,0.79,0.70,0.80,29.29,16,16,0,2389.52,2367.10,2404.30,24.32,16,0,0
1834722,0.33,0.30,0.40,30.70,17,17,0,0.04,0.00,0.10,29.07,17,17,0,0.38,0.30,0.40,29.33,17,17,0,0.81,0.80,0.90,28.82,17,17,0,0.17,0.10,0.20,29.39,17,17,0,0.78,0.70,0.80,29.28,17,17,0,2349.78,2336.20,2383.50,24.32,17,0,0
1835224,0.34,0.30,0.40,30.70,17,17,0,0.02,-0.10,0.10,29.08,17,17,0,0.36,0.30,0.40,29.32,17,17,0,0.81,0.80,0.90,28.81,17,17,0,0.17,0.10,0.20,29.38,17,17,0,0.79,0.70,0.80,29.29,17,17,0,2365.59,2336.30,2383.60,24.33,17,0,0
1835724,0.34,0.30,0.40,30.69,17,17,0,0.02,-0.10,0.10,29.08,17,17,0,0.37,0.30,0.40,29.32,17,17,0,0.80,0.80,0.80,28.80,17,17,0,0.15,0.10,0.20,29.37,17,17,0,0.79,0.70,0.80,29.29,17,17,0,2318.91,2308.10,2330.80,24.34,17,0,0
1836226,0.33,0.30,0.40,30.69,17,17,0,0.03,0.00,0.10,29.08,17,17,0,0.36,0.30,0.40,29.31,17,17,0,0.81,0.80,0.90,28.81,17,17,0,0.17,0.10,0.20,29.39,17,17,0,0.78,0.70,0.80,29.31,17,17,0,2323.26,2289.90,2346.90,24.34,17,0,0
1836730,0.32,0.30,0.40,30.67,17,17,0,0.01,0.00,0.10,29.07,17,17,0,0.35,0.30,0.40,29.31,17,17,0,0.80,0.80,0.80,28.81,17,17,0,0.16,0.10,0.20,29.37,17,17,0,0.78,0.70,0.80,29.27,17,17,0,2301.68,2286.40,2322.50,24.33,17,0,0
1837230,0.33,0.30,0.40,30.69,17,17,0,0.02,-0.10,0.10,29.06,17,17,0,0.39,0.30,0.40,29.33,17,17,0,0.80,0.80,0.80,28.80,17,17,0,0.16,0.10,0.20,29.37,17,17,0,0.78,0.70,0.80,29.28,17,17,0,2284.44,2265.10,2314.00,24.32,17,0,0
1837732,0.32,0.30,0.40,30.69,17,17,0,0.03,-0.10,0.10,29.07,17,17,0,0.39,0.30,0.40,29.31,17,17,0,0.80,0.80,0.80,28.81,17,17,0,0.18,0.10,0.20,29.38,17,17,0,0.79,0.70,0.80,29.31,17,17,0,2268.59,2252.70,2280.70,24.33,17,0,0
1838232,0.33,0.30,0.40,30.69,17,17,0,0.03,0.00,0.10,29.07,17,17,0,0.38,0.30,0.40,29.31,17,17,0,0.80,0.80,0.80,28.81,17,17,0,0.16,0.10,0.20,29.38,17,17,0,0.78,0.70,0.80,29.30,17,17,0,2223.08,2206.10,2256.00,24.35,17,0,0
1838739,0.36,0.30,0.40,30.69,17,17,0,0.01,0.00,0.10,29.07,17,17,0,0.38,0.30,0.40,29.31,17,17,0,0.80,0.80,0.80,28.81,17,17,0,0.16,0.10,0.20,29.37,17,17,0,0.79,0.70,0.80,29.28,17,17,0,2254.14,2235.40,2268.10,24.33,17,0,0
1839244,0.34,0.30,0.40,30.69,17,17,0,0.02,0.00,0.10,29.07,17,17,0,0.36,0.30,0.40,29.32,17,17,0,0.80,0.70,0.90,28.81,17,17,0,0.17,0.10,0.20,29.38,17,17,0,0.78,0.70,0.80,29.30,17,17,0,2227.96,2215.50,2249.20,24.34,17,0,0
1839753,0.32,0.30,0.40,30.70,17,17,0,0.02,-0.10,0.10,29.07,17,17,0,0.36,0.30,0.40,29.32,17,17,0,0.80,0.80,0.80,28.81,17,17,0,0.17,0.10,0.20,29.38,17,17,0,0.77,0.70,0.80,29.30,17,17,0,2241.08,2216.30,2261.50,24.34,17,0,0
1840253,0.32,0.30,0.40,30.71,17,17,0,0.01,0.00,0.10,29.06,17,17,0,0.38,0.30,0.40,29.33,17,17,0,0.81,0.80,0.90,28.81,17,17,0,0.16,0.10,0.20,29.38,17,17,0,0.76,0.70,0.80,29.28,17,17,0,2235.19,2214.00,2259.90,24.33,17,0,0
1840759,0.31,0.30,0.40,30.69,17,17,0,0.04,0.00,0.10,29.06,17,17,0,0.37,0.30,0.40,29.31,17,17,0,0.80,0.80,0.80,28.80,17,17,0,0.18,0.10,0.20,29.37,17,17,0,0.76,0.70,0.80,29.29,17,17,0,2215.03,2197.50,2255.30,24.34,17,0,0
1841261,0.34,0.30,0.40,30.68,17,17,0,0.02,-0.10,0.10,29.08,17,17,0,0.35,0.30,0.40,29.32,17,17,0,0.81,0.80,0.90,28.80,17,17,0,0.18,0.10,0.20,29.40,17,17,0,0.79,0.70,0.80,29.29,17,17,0,2248.82,2210.20,2271.00,24.35,17,0,0
1841761,0.32,0.30,0.40,30.70,17,17,0,0.04,0.00,0.10,29.07,17,17,0,0.36,0.30,0.40,29.31,17,17,0,0.81,0.80,0.90,28.81,17,17,0,0.15,0.10,0.20,29.36,17,17,0,0.76,0.70,0.80,29.28,17,17,0,2213.84,2204.80,2243.10,24.34,17,0,0
1842263,0.32,0.30,0.40,30.68,17,17,0,0.04,0.00,0.10,29.06,17,17,0,0.36,0.30,0.40,29.33,17,17,0,0.79,0.70,0.80,28.81,17,17,0,0.17,0.10,0.20,29.38,17,17,0,0.77,0.70,0.80,29.29,17,17,0,2239.04,2206.90,2260.70,24.35,17,0,0
1842767,0.34,0.30,0.40,30.70,17,17,0,0.00,-0.10,0.10,29.06,17,17,0,0.35,0.30,0.40,29.31,17,17,0,0.80,0.80,0.80,28.80,17,17,0,0.18,0.10,0.20,29.39,17,17,0,0.76,0.70,0.80,29.30,17,17,0,2195.51,2179.60,2230.90,24.35,17,0,0
1843269,0.31,0.30,0.40,30.70,17,17,0,0.04,-0.10,0.10,29.06,17,17,0,0.36,0.30,0.40,29.33,17,17,0,0.79,0.70,0.80,28.82,17,17,0,0.16,0.10,0.20,29.38,17,17,0,0.77,0.70,0.80,29.30,17,17,0,2229.38,2190.00,2262.10,24.33,17,0,0
1843769,0.33,0.30,0.40,30.69,17,17,0,0.01,-0.10,0.10,29.07,17,17,0,0.38,0.30,0.40,29.32,17,17,0,0.80,0.80,0.80,28.80,17,17,0,0.16,0.10,0.20,29.38,17,17,0,0.76,0.70,0.80,29.28,17,17,0,2210.46,2180.00,2251.50,24.34,17,0,0
1844269,0.32,0.30,0.40,30.70,17,17,0,0.01,0.00,0.10,29.07,17,17,0,0.37,0.30,0.40,29.32,17,17,0,0.80,0.80,0.80,28.81,17,17,0,0.18,0.10,0.20,29.36,17,17,0,0.79,0.70,0.80,29.28,17,17,0,2219.26,2194.30,2259.60,24.34,17,0,0
1844776,0.31,0.30,0.40,30.71,17,17,0,0.01,-0.10,0.10,29.08,17,17,0,0.36,0.30,0.40,29.33,17,17,0,0.80,0.80,0.80,28.81,17,17,0,0.19,0.10,0.20,29.37,17,17,0,0.79,0.70,0.80,29.28,17,17,0,2234.51,2202.20,2262.20,24.34,17,0,0
1845276,0.32,0.30,0.40,30.70,17,17,0,-0.02,-0.10,0.00,29.07,17,17,0,0.38,0.30,0.40,29.31,17,17,0,0.80,0.80,0.80,28.81,17,17,0,0.18,0.10,0.20,29.39,17,17,0,0.79,0.70,0.80,29.29,17,17,0,2207.89,2196.10,2236.70,24.36,17,0,0
1845785,0.34,0.30,0.40,30.70,17,17,0,0.04,0.00,0.10,29.05,17,17,0,0.39,0.30,0.40,29.32,17,17,0,0.81,0.80,0.90,28.82,17,17,0,0.16,0.10,0.20,29.38,17,17,0,0.79,0.70,0.80,29.31,17,17,0,2236.29,2220.90,2249.80,24.33,17,0,0
1846290,0.35,0.30,0.40,30.70,17,17,0,0.02,0.00,0.10,29.07,17,17,0,0.39,0.30,0.40,29.31,17,17,0,0.80,0.80,0.80,28.81,17,17,0,0.17,0.10,0.20,29.39,17,17,0,0.78,0.70,0.80,29.29,17,17,0,2216.01,2200.80,2243.70,24.33,17,0,0
1846803,0.34,0.30,0.40,30.69,17,17,0,-0.01,-0.10,0.10,29.07,17,17,0,0.36,0.30,0.40,29.32,17,17,0,0.80,0.80,0.80,28.80,17,17,0,0.19,0.10,0.20,29.38,17,17,0,0.79,0.70,0.80,29.28,17,17,0,2256.14,2234.70,2271.40,24.36,17,0,0
1847315,0.33,0.30,0.40,30.71,17,17,0,0.04,0.00,0.10,29.08,17,17,0,0.35,0.30,0.40,29.33,17,17,0,0.80,0.80,0.80,28.81,17,17,0,0.16,0.10,0.20,29.38,17,17,0,0.76,0.70,0.80,29.29,17,17,0,2266.61,2240.50,2291.70,24.34,17,0,0
1847823,0.31,0.30,0.40,30.71,17,17,0,0.01,-0.10,0.10,29.07,17,17,0,0.39,0.30,0.40,29.33,17,17,0,0.80,0.80,0.80,28.81,17,17,0,0.16,0.10,0.20,29.37,17,17,0,0.78,0.70,0.80,29.28,17,17,0,2280.75,2270.50,2289.60,24.34,17,0,0
1848325,0.34,0.30,0.40,30.69,17,17,0,0.02,-0.10,0.10,29.07,17,17,0,0.36,0.30,0.40,29.32,17,17,0,0.80,0.80,0.80,28.80,17,17,0,0.19,0.10,0.20,29.39,17,17,0,0.78,0.70,0.80,29.26,17,17,0,2323.98,2291.80,2339.10,24.34,17,0,0
1848829,0.35,0.30,0.40,30.69,17,17,0,0.00,-0.10,0.10,29.07,17,17,0,0.36,0.30,0.40,29.32,17,17,0,0.81,0.80,0.90,28.80,17,17,0,0.17,0.10,0.20,29.37,17,17,0,0.78,0.70,0.80,29.28,17,17,0,2313.13,2299.10,2329.90,24.35,17,0,0
1849330,0.35,0.30,0.40,30.69,17,17,0,0.02,0.00,0.10,29.07,17,17,0,0.37,0.30,0.40,29.32,17,17,0,0.81,0.80,0.90,28.81,17,17,0,0.19,0.10,0.20,29.38,17,17,0,0.79,0.70,0.80,29.27,17,17,0,2356.36,2335.00,2366.10,24.34,17,0,0
1849830,0.32,0.30,0.40,30.69,17,17,0,0.01,-0.10,0.10,29.09,17,17,0,0.39,0.30,0.40,29.34,17,17,0,0.80,0.80,0.80,28.80,17,17,0,0.16,0.10,0.20,29.37,17,17,0,0.77,0.70,0.80,29.29,17,17,0,2350.85,2336.40,2372.60,24.32,17,0,0
1850333,0.32,0.30,0.40,30.69,17,17,0,0.02,0.00,0.10,29.06,17,17,0,0.38,0.30,0.40,29.31,17,17,0,0.80,0.80,0.80,28.80,17,17,0,0.17,0.10,0.20,29.38,17,17,0,0.77,0.70,0.80,29.27,17,17,0,2371.17,2342.10,2398.90,24.33,17,0,0
1850836,0.31,0.30,0.40,30.70,17,17,0,0.04,-0.10,0.10,29.07,17,17,0,0.38,0.30,0.40,29.32,17,17,0,0.81,0.80,0.90,28.81,17,17,0,0.16,0.10,0.20,29.37,17,17,0,0.78,0.70,0.80,29.29,17,17,0,2149.31,1925.80,2336.40,24.35,17,0,0
1851336,0.34,0.30,0.40,30.68,17,17,0,0.02,0.00,0.10,29.07,17,17,0,0.38,0.30,0.40,29.33,17,17,0,0.80,0.80,0.80,28.82,17,17,0,0.18,0.10,0.20,29.37,17,17,0,0.78,0.70,0.80,29.28,17,17,0,2280.78,2230.20,2297.80,24.37,17,0,0
1851839,0.35,0.30,0.40,30.72,17,17,0,0.01,-0.10,0.10,29.06,17,17,0,0.38,0.30,0.40,29.32,17,17,0,0.80,0.80,0.80,28.80,17,17,0,0.18,0.10,0.20,29.38,17,17,0,0.78,0.70,0.80,29.29,17,17,0,2351.12,2307.30,2382.50,24.34,17,0,0
1852339,0.33,0.30,0.40,30.68,17,17,0,0.04,0.00,0.10,29.07,17,17,0,0.36,0.30,0.40,29.33,17,17,0,0.80,0.80,0.80,28.80,17,17,0,0.18,0.10,0.20,29.36,17,17,0,0.78,0.70,0.80,29.28,17,17,0,2321.55,2304.60,2357.50,24.34,17,0,0
1852839,0.34,0.30,0.40,30.71,16,16,0,0.04,-0.10,0.10,29.08,16,16,0,0.38,0.30,0.40,29.31,16,16,0,0.81,0.80,0.90,28.82,16,16,0,0.17,0.10,0.20,29.37,16,16,0,0.79,0.70,0.80,29.29,16,16,0,2340.94,2319.20,2357.20,24.33,16,0,0
1853339,0.35,0.30,0.40,30.70,17,17,0,0.02,0.00,0.10,29.05,17,17,0,0.38,0.30,0.40,29.34,17,17,0,0.81,0.70,0.90,28.80,17,17,0,0.18,0.10,0.20,29.37,17,17,0,0.78,0.70,0.80,29.28,17,17,0,2292.95,2282.60,2311.70,24.33,17,0,0
1853850,0.32,0.30,0.40,30.68,17,17,0,0.02,-0.10,0.10,29.07,17,17,0,0.38,0.30,0.40,29.33,17,17,0,0.80,0.80,0.80,28.79,17,17,0,0.19,0.10,0.20,29.38,17,17,0,0.78,0.70,0.80,29.28,17,17,0,2312.41,2282.20,2332.20,24.35,17,0,0
1854355,0.35,0.30,0.40,30.70,17,17,0,0.03,-0.10,0.10,29.07,17,17,0,0.38,0.30,0.40,29.31,17,17,0,0.80,0.80,0.80,28.81,17,17,0,0.17,0.10,0.20,29.38,17,17,0,0.76,0.70,0.80,29.27,17,17,0,2288.12,2273.80,2302.30,24.34,17,0,0
1854855,0.33,0.30,0.40,30.71,17,17,0,0.04,-0.10,0.10,29.07,17,17,0,0.36,0.30,0.40,29.33,17,17,0,0.81,0.80,0.90,28.79,17,17,0,0.18,0.10,0.20,29.36,17,17,0,0.77,0.70,0.80,29.30,17,17,0,2267.06,2241.40,2296.30,24.34,17,0,0
1855357,0.32,0.30,0.40,30.70,17,17,0,0.04,-0.10,0.10,29.07,17,17,0,0.39,0.30,0.40,29.35,17,17,0,0.80,0.80,0.80,28.80,17,17,0,0.16,0.10,0.20,29.38,17,17,0,0.78,0.70,0.80,29.30,17,17,0,2262.14,2248.00,2276.30,24.35,17,0,0
1855857,0.32,0.30,0.40,30.70,17,17,0,0.04,0.00,0.10,29.08,17,17,0,0.36,0.30,0.40,29.32,17,17,0,0.81,0.80,0.90,28.81,17,17,0,0.16,0.10,0.20,29.36,17,17,0,0.79,0.70,0.80,29.28,17,17,0,2229.69,2217.50,2255.10,24.33,17,0,0
1856359,0.33,0.30,0.40,30.70,17,17,0,0.02,-0.10,0.10,29.08,17,17,0,0.39,0.30,0.40,29.34,17,17,0,0.80,0.70,0.90,28.80,17,17,0,0.14,0.10,0.20,29.38,17,17,0,0.78,0.70,0.80,29.28,17,17,0,2242.47,2222.40,2252.40,24.35,17,0,0
1856864,0.34,0.30,0.40,30.69,17,17,0,0.02,-0.10,0.10,29.06,17,17,0,0.39,0.30,0.40,29.32,17,17,0,0.80,0.80,0.80,28.80,17,17,0,0.16,0.10,0.20,29.37,17,17,0,0.79,0.70,0.80,29.28,17,17,0,2207.78,2196.80,2227.50,24.35,17,0,0
1857372,0.34,0.30,0.40,30.70,17,17,0,0.03,-0.10,0.10,29.07,17,17,0,0.38,0.30,0.40,29.33,17,17,0,0.79,0.70,0.80,28.80,17,17,0,0.18,0.10,0.20,29.37,17,17,0,0.79,0.70,0.80,29.28,17,17,0,2235.33,2201.40,2261.90,24.34,17,0,0
1857872,0.34,0.30,0.40,30.70,17,17,0,0.01,-0.10,0.10,29.07,17,17,0,0.37,0.30,0.40,29.32,17,17,0,0.81,0.80,0.90,28.80,17,17,0,0.18,0.10,0.20,29.37,17,17,0,0.79,0.70,0.80,29.28,17,17,0,2223.65,2202.20,2257.70,24.35,17,0,0
1858375,0.33,0.30,0.40,30.71,17,17,0,0.02,-0.10,0.10,29.07,17,17,0,0.38,0.30,0.40,29.34,17,17,0,0.80,0.80,0.80,28.80,17,17,0,0.16,0.10,0.20,29.38,17,17,0,0.76,0.70,0.80,29.28,17,17,0,2222.96,2201.60,2259.50,24.33,17,0,0
1858875,0.35,0.30,0.40,30.70,17,17,0,0.01,0.00,0.10,29.06,17,17,0,0.37,0.30,0.40,29.32,17,17,0,0.80,0.80,0.80,28.80,17,17,0,0.16,0.10,0.20,29.37,17,17,0,0.77,0.70,0.80,29.27,17,17,0,2241.09,2209.80,2261.00,24.35,17,0,0
1859375,0.35,0.30,0.40,30.71,17,17,0,0.02,-0.10,0.10,29.07,17,17,0,0.38,0.30,0.40,29.31,17,17,0,0.81,0.80,0.90,28.81,17,17,0,0.18,0.10,0.20,29.37,17,17,0,0.78,0.70,0.80,29.28,17,17,0,2209.92,2195.70,2241.20,24.35,17,0,0
1859878,0.33,0.30,0.40,30.70,17,17,0,0.02,-0.10,0.10,29.07,17,17,0,0.38,0.30,0.40,29.35,17,17,0,0.80,0.80,0.80,28.81,17,17,0,0.18,0.10,0.20,29.37,17,17,0,0.78,0.70,0.80,29.30,17,17,0,2242.48,2218.80,2257.20,24.33,17,0,0
1860378,0.33,0.30,0.40,30.70,17,17,0,0.04,0.00,0.10,29.06,17,17,0,0.38,0.30,0.40,29.34,17,17,0,0.80,0.80,0.80,28.81,17,17,0,0.17,0.10,0.20,29.38,17,17,0,0.79,0.70,0.80,29.29,17,17,0,2188.15,2172.10,2219.90,24.35,17,0,0
1860882,0.32,0.30,0.40,30.71,17,17,0,0.05,-0.10,0.10,29.06,17,17,0,0.38,0.30,0.40,29.32,17,17,0,0.80,0.80,0.80,28.80,17,17,0,0.17,0.10,0.20,29.37,17,17,0,0.78,0.70,0.80,29.29,17,17,0,2233.53,2195.20,2255.00,24.34,17,0,0
1861382,0.34,0.30,0.40,30.70,17,17,0,0.01,-0.10,0.10,29.06,17,17,0,0.39,0.30,0.40,29.32,17,17,0,0.80,0.80,0.80,28.82,17,17,0,0.18,0.10,0.20,29.37,17,17,0,0.79,0.70,0.80,29.28,17,17,0,2198.51,2173.20,2241.90,24.36,17,0,0
1861884,0.31,0.30,0.40,30.69,17,17,0,0.04,0.00,0.10,29.07,17,17,0,0.38,0.30,0.40,29.32,17,17,0,0.80,0.80,0.80,28.81,17,17,0,0.16,0.10,0.20,29.38,17,17,0,0.78,0.70,0.80,29.27,17,17,0,2219.68,2189.40,2256.50,24.36,17,0,0
1862384,0.34,0.30,0.40,30.69,17,17,0,0.05,-0.10,0.10,29.08,17,17,0,0.38,0.30,0.40,29.33,17,17,0,0.80,0.80,0.80,28.80,17,17,0,0.19,0.10,0.20,29.37,17,17,0,0.79,0.70,0.80,29.29,17,17,0,2223.56,2189.10,2254.30,24.35,17,0,0
1862884,0.32,0.30,0.40,30.71,17,17,0,0.02,0.00,0.10,29.08,17,17,0,0.39,0.30,0.40,29.33,17,17,0,0.79,0.70,0.80,28.80,17,17,0,0.16,0.10,0.20,29.38,17,17,0,0.78,0.70,0.80,29.29,17,17,0,2201.36,2182.20,2237.90,24.34,17,0,0
1863386,0.34,0.30,0.40,30.69,17,17,0,0.02,0.00,0.10,29.07,17,17,0,0.39,0.30,0.40,29.34,17,17,0,0.80,0.80,0.80,28.80,17,17,0,0.17,0.10,0.20,29.36,17,17,0,0.77,0.70,0.80,29.29,17,17,0,2246.24,2206.00,2266.00,24.35,17,0,0
1863886,0.35,0.30,0.40,30.70,17,17,0,0.04,0.00,0.10,29.07,17,17,0,0.39,0.30,0.40,29.33,17,17,0,0.81,0.80,0.90,28.79,17,17,0,0.18,0.10,0.20,29.39,17,17,0,0.76,0.70,0.80,29.28,17,17,0,2221.20,2210.40,2230.70,24.34,17,0,0
1864388,0.34,0.30,0.40,30.70,17,17,0,0.05,-0.10,0.10,29.08,17,17,0,0.38,0.30,0.40,29.33,17,17,0,0.80,0.80,0.80,28.80,17,17,0,0.18,0.10,0.20,29.37,17,17,0,0.78,0.70,0.80,29.28,17,17,0,2258.02,2243.70,2271.30,24.35,17,0,0
1864888,0.34,0.30,0.40,30.69,17,17,0,0.02,-0.10,0.10,29.06,17,17,0,0.38,0.30,0.40,29.35,17,17,0,0.80,0.80,0.80,28.80,17,17,0,0.16,0.10,0.20,29.38,17,17,0,0.78,0.70,0.80,29.28,17,17,0,2261.78,2237.60,2299.30,24.33,17,0,0
1865390,0.34,0.30,0.40,30.70,17,17,0,0.02,-0.10,0.10,29.07,17,17,0,0.38,0.30,0.40,29.34,17,17,0,0.79,0.70,0.80,28.79,17,17,0,0.15,0.10,0.20,29.38,17,17,0,0.76,0.70,0.80,29.26,17,17,0,2293.88,2285.30,2302.40,24.35,17,0,0
1865894,0.32,0.30,0.40,30.70,17,17,0,0.00,-0.10,0.10,29.07,17,17,0,0.39,0.30,0.40,29.33,17,17,0,0.80,0.80,0.80,28.81,17,17,0,0.18,0.10,0.20,29.37,17,17,0,0.79,0.70,0.80,29.29,17,17,0,2320.25,2294.00,2342.60,24.34,17,0,0
1866399,0.34,0.30,0.40,30.70,17,17,0,0.02,-0.10,0.10,29.07,17,17,0,0.39,0.30,0.40,29.35,17,17,0,0.80,0.80,0.80,28.80,17,17,0,0.16,0.10,0.20,29.37,17,17,0,0.79,0.70,0.80,29.27,17,17,0,2333.49,2322.90,2341.70,24.35,17,0,0
1866901,0.32,0.30,0.40,30.69,17,17,0,0.02,0.00,0.10,29.07,17,17,0,0.39,0.30,0.40,29.32,17,17,0,0.81,0.80,0.90,28.80,17,17,0,0.15,0.10,0.20,29.38,17,17,0,0.79,0.70,0.80,29.28,17,17,0,2361.83,2338.70,2378.60,24.35,17,0,0
1867401,0.33,0.30,0.40,30.71,17,17,0,0.03,0.00,0.10,29.08,17,17,0,0.39,0.30,0.40,29.32,17,17,0,0.80,0.80,0.80,28.80,17,17,0,0.18,0.10,0.20,29.38,17,17,0,0.79,0.70,0.80,29.29,17,17,0,2348.17,2338.40,2354.10,24.34,17,0,0
1867905,0.33,0.30,0.40,30.70,17,17,0,0.04,0.00,0.10,29.09,17,17,0,0.38,0.30,0.40,29.33,17,17,0,0.80,0.80,0.80,28.80,17,17,0,0.15,0.10,0.20,29.39,17,17,0,0.78,0.70,0.80,29.28,17,17,0,2380.53,2356.40,2398.50,24.32,17,0,0
1868405,0.33,0.30,0.40,30.69,17,17,0,0.01,-0.10,0.10,29.08,17,17,0,0.37,0.30,0.40,29.32,17,17,0,0.80,0.80,0.80,28.82,17,17,0,0.16,0.10,0.20,29.36,17,17,0,0.79,0.70,0.80,29.27,17,17,0,2359.53,2347.10,2379.50,24.35,17,0,0
1868907,0.31,0.30,0.40,30.71,17,17,0,0.05,0.00,0.10,29.09,17,17,0,0.39,0.30,0.40,29.32,17,17,0,0.80,0.80,0.80,28.78,17,17,0,0.16,0.10,0.20,29.36,17,17,0,0.78,0.70,0.80,29.29,17,17,0,2360.12,2327.80,2389.80,24.36,17,0,0
1869407,0.34,0.30,0.40,30.70,17,17,0,0.02,-0.10,0.10,29.06,17,17,0,0.35,0.30,0.40,29.34,17,17,0,0.80,0.80,0.80,28.80,17,17,0,0.18,0.10,0.20,29.37,17,17,0,0.75,0.70,0.80,29.28,17,17,0,2346.02,2323.20,2372.70,24.36,17,0,0
1869907,0.33,0.30,0.40,30.70,17,17,0,0.02,-0.10,0.10,29.07,17,17,0,0.36,0.30,0.40,29.34,17,17,0,0.80,0.80,0.80,28.79,17,17,0,0.18,0.10,0.20,29.37,17,17,0,0.78,0.70,0.80,29.27,17,17,0,2311.54,2283.00,2357.70,24.32,17,0,0
1870409,0.33,0.30,0.40,30.71,17,17,0,0.02,-0.10,0.10,29.08,17,17,0,0.39,0.30,0.40,29.33,17,17,0,0.80,0.80,0.80,28.79,17,17,0,0.16,0.10,0.20,29.35,17,17,0,0.78,0.70,0.80,29.28,17,17,0,2336.06,2293.80,2358.30,24.35,17,0,0
1870909,0.33,0.30,0.40,30.70,17,17,0,0.02,0.00,0.10,29.06,17,17,0,0.36,0.30,0.40,29.33,17,17,0,0.81,0.80,0.90,28.81,17,17,0,0.15,0.10,0.20,29.38,17,17,0,0.78,0.70,0.80,29.28,17,17,0,2290.22,2275.30,2317.30,24.34,17,0,0
1871409,0.33,0.30,0.40,30.70,16,16,0,0.02,-0.10,0.10,29.08,16,16,0,0.38,0.30,0.40,29.34,16,16,0,0.80,0.80,0.80,28.80,16,16,0,0.17,0.10,0.20,29.36,16,16,0,0.78,0.70,0.80,29.29,16,16,0,2305.74,2278.70,2324.00,24.34,16,0,0
1871909,0.33,0.30,0.40,30.72,17,17,0,0.01,-0.10,0.10,29.07,17,17,0,0.38,0.30,0.40,29.33,17,17,0,0.80,0.80,0.80,28.81,17,17,0,0.17,0.10,0.20,29.37,17,17,0,0.79,0.70,0.90,29.26,17,17,0,2267.71,2256.30,2281.80,24.33,17,0,0
1872411,0.31,0.30,0.40,30.70,17,17,0,0.04,0.00,0.10,29.07,17,17,0,0.38,0.30,0.40,29.34,17,17,0,0.80,0.80,0.80,28.80,17,17,0,0.18,0.10,0.20,29.37,17,17,0,0.78,0.70,0.80,29.27,17,17,0,2261.18,2234.60,2288.60,24.34,17,0,0
1872911,0.35,0.30,0.40,30.70,17,17,0,0.02,0.00,0.10,29.08,17,17,0,0.38,0.30,0.40,29.33,17,17,0,0.80,0.80,0.80,28.81,17,17,0,0.15,0.10,0.20,29.37,17,17,0,0.78,0.70,0.80,29.29,17,17,0,2257.31,2228.80,2277.30,24.34,17,0,0
1873411,0.33,0.30,0.40,30.71,17,17,0,0.02,0.00,0.10,29.07,17,17,0,0.38,0.30,0.40,29.34,17,17,0,0.80,0.80,0.80,28.80,17,17,0,0.16,0.10,0.20,29.39,17,17,0,0.78,0.70,0.80,29.27,17,17,0,2228.14,2208.70,2269.90,24.34,17,0,0
1873915,0.34,0.30,0.40,30.70,17,17,0,0.02,-0.10,0.10,29.08,17,17,0,0.37,0.30,0.40,29.34,17,17,0,0.81,0.80,0.90,28.81,17,17,0,0.16,0.10,0.20,29.38,17,17,0,0.78,0.70,0.80,29.28,17,17,0,2243.46,2218.80,2257.60,24.36,17,0,0
1874415,0.32,0.30,0.40,30.70,17,17,0,0.05,0.00,0.10,29.07,17,17,0,0.38,0.30,0.40,29.33,17,17,0,0.80,0.80,0.80,28.82,17,17,0,0.15,0.10,0.20,29.37,17,17,0,0.79,0.70,0.80,29.28,17,17,0,2209.73,2202.60,2232.10,24.34,17,0,0
1874915,0.31,0.30,0.40,30.69,16,16,0,0.01,-0.10,0.10,29.08,16,16,0,0.38,0.30,0.40,29.33,16,16,0,0.80,0.80,0.80,28.81,16,16,0,0.14,0.10,0.20,29.37,16,16,0,0.76,0.70,0.80,29.25,16,16,0,2232.25,2205.30,2245.10,24.34,16,0,0
1875420,0.32,0.30,0.40,30.70,17,17,0,0.01,-0.10,0.10,29.07,17,17,0,0.37,0.30,0.40,29.33,17,17,0,0.81,0.80,0.90,28.81,17,17,0,0.17,0.10,0.20,29.37,17,17,0,0.76,0.70,0.80,29.28,17,17,0,2205.89,2192.70,2235.60,24.34,17,0,0
1875929,0.34,0.30,0.40,30.71,17,17,0,0.05,0.00,0.10,29.06,17,17,0,0.36,0.30,0.40,29.33,17,17,0,0.80,0.80,0.80,28.80,17,17,0,0.17,0.10,0.20,29.35,17,17,0,0.78,0.70,0.80,29.26,17,17,0,2224.76,2194.80,2258.10,24.34,17,0,0
1876429,0.32,0.30,0.40,30.70,17,17,0,0.01,-0.10,0.10,29.07,17,17,0,0.35,0.30,0.40,29.34,17,17,0,0.81,0.80,0.90,28.80,17,17,0,0.16,0.10,0.20,29.37,17,17,0,0.78,0.70,0.80,29.27,17,17,0,2226.63,2200.20,2261.40,24.33,17,0,0
1876939,0.34,0.30,0.40,30.69,17,17,0,0.04,0.00,0.10,29.07,17,17,0,0.37,0.30,0.40,29.34,17,17,0,0.81,0.80,0.90,28.80,17,17,0,0.18,0.10,0.20,29.38,17,17,0,0.78,0.70,0.80,29.27,17,17,0,2214.82,2192.40,2261.50,24.34,17,0,0
1877447,0.32,0.30,0.40,30.69,17,17,0,0.01,-0.10,0.10,29.07,17,17,0,0.36,0.30,0.40,29.33,17,17,0,0.80,0.80,0.80,28.81,17,17,0,0.16,0.10,0.20,29.37,17,17,0,0.78,0.70,0.80,29.27,17,17,0,2228.82,2201.90,2248.50,24.35,17,0,0
1877947,0.34,0.30,0.40,30.73,17,17,0,0.03,0.00,0.10,29.07,17,17,0,0.36,0.30,0.40,29.34,17,17,0,0.81,0.80,0.90,28.81,17,17,0,0.14,0.10,0.20,29.37,17,17,0,0.79,0.70,0.80,29.28,17,17,0,2177.37,2163.30,2199.50,24.36,17,0,0
1878454,0.33,0.30,0.40,30.69,17,17,0,0.02,-0.10,0.10,29.07,17,17,0,0.38,0.30,0.40,29.35,17,17,0,0.80,0.80,0.80,28.78,17,17,0,0.17,0.10,0.20,29.37,17,17,0,0.79,0.70,0.90,29.27,17,17,0,2242.35,2214.00,2261.40,24.36,17,0,0
1878964,0.33,0.30,0.40,30.71,17,17,0,0.02,-0.10,0.10,29.08,17,17,0,0.38,0.30,0.40,29.33,17,17,0,0.80,0.80,0.80,28.80,17,17,0,0.16,0.10,0.20,29.35,17,17,0,0.79,0.70,0.80,29.28,17,17,0,2197.41,2179.20,2229.50,24.35,17,0,0
1879466,0.34,0.30,0.40,30.70,17,17,0,0.01,-0.10,0.10,29.06,17,17,0,0.39,0.30,0.40,29.32,17,17,0,0.80,0.80,0.80,28.79,17,17,0,0.17,0.10,0.20,29.37,17,17,0,0.78,0.70,0.80,29.27,17,17,0,2219.76,2179.90,2260.80,24.33,17,0,0
1879966,0.34,0.30,0.40,30.70,17,17,0,0.02,0.00,0.10,29.07,17,17,0,0.37,0.30,0.40,29.33,17,17,0,0.80,0.80,0.80,28.79,17,17,0,0.16,0.10,0.20,29.36,17,17,0,0.79,0.70,0.80,29.28,17,17,0,2218.96,2178.70,2249.80,24.34,17,0,0
1880466,0.34,0.30,0.40,30.70,17,17,0,0.02,-0.10,0.10,29.08,17,17,0,0.38,0.30,0.40,29.34,17,17,0,0.80,0.80,0.80,28.80,17,17,0,0.16,0.10,0.20,29.37,17,17,0,0.78,0.70,0.80,29.27,17,17,0,2206.34,2179.50,2252.90,24.36,17,0,0
1880976,0.32,0.30,0.40,30.69,17,17,0,0.00,-0.10,0.10,29.09,17,17,0,0.38,0.30,0.40,29.35,17,17,0,0.79,0.70,0.80,28.81,17,17,0,0.15,0.10,0.20,29.35,17,17,0,0.78,0.70,0.80,29.28,17,17,0,2238.52,2199.90,2260.00,24.36,17,0,0
1881481,0.34,0.30,0.40,30.71,17,17,0,0.05,0.00,0.10,29.07,17,17,0,0.37,0.30,0.40,29.34,17,17,0,0.80,0.80,0.80,28.79,17,17,0,0.19,0.10,0.20,29.37,17,17,0,0.79,0.70,0.80,29.26,17,17,0,2213.02,2202.30,2231.10,24.35,17,0,0
1881989,0.31,0.30,0.40,30.70,17,17,0,0.04,-0.10,0.10,29.07,17,17,0,0.39,0.30,0.40,29.33,17,17,0,0.80,0.80,0.80,28.81,17,17,0,0.17,0.10,0.20,29.37,17,17,0,0.79,0.70,0.80,29.27,17,17,0,2257.31,2238.30,2278.00,24.34,17,0,0
1882489,0.34,0.30,0.40,30.71,17,17,0,0.01,-0.10,0.10,29.05,17,17,0,0.39,0.30,0.40,29.33,17,17,0,0.80,0.80,0.80,28.81,17,17,0,0.16,0.10,0.20,29.35,17,17,0,0.78,0.70,0.80,29.27,17,17,0,2244.29,2230.00,2272.10,24.36,17,0,0
1882996,0.32,0.30,0.40,30.71,17,17,0,0.04,0.00,0.10,29.07,17,17,0,0.37,0.30,0.40,29.34,17,17,0,0.80,0.80,0.80,28.81,17,17,0,0.17,0.10,0.20,29.36,17,17,0,0.78,0.70,0.80,29.27,17,17,0,2280.06,2268.90,2289.80,24.36,17,0,0
1883496,0.32,0.30,0.40,30.71,17,17,0,0.01,-0.10,0.10,29.09,17,17,0,0.38,0.30,0.40,29.33,17,17,0,0.80,0.80,0.80,28.80,17,17,0,0.16,0.10,0.20,29.36,17,17,0,0.78,0.70,0.80,29.27,17,17,0,2312.73,2276.60,2343.60,24.35,17,0,0
1883996,0.34,0.30,0.40,30.72,17,17,0,0.02,-0.10,0.10,29.07,17,17,0,0.38,0.30,0.40,29.34,17,17,0,0.80,0.80,0.80,28.80,17,17,0,0.18,0.10,0.20,29.37,17,17,0,0.78,0.70,0.80,29.27,17,17,0,2317.84,2308.00,2337.70,24.36,17,0,0
1884498,0.34,0.30,0.40,30.70,17,17,0,0.02,0.00,0.10,29.07,17,17,0,0.39,0.30,0.40,29.37,17,17,0,0.79,0.70,0.80,28.80,17,17,0,0.17,0.10,0.20,29.37,17,17,0,0.75,0.70,0.80,29.28,17,17,0,2345.31,2322.10,2363.30,24.35,17,0,0
1885002,0.33,0.30,0.40,30.70,17,17,0,0.02,-0.10,0.10,29.07,17,17,0,0.35,0.30,0.40,29.35,17,17,0,0.80,0.80,0.80,28.82,17,17,0,0.18,0.10,0.20,29.37,17,17,0,0.78,0.70,0.80,29.26,17,17,0,2342.14,2331.40,2356.20,24.33,17,0,0
1885510,0.34,0.30,0.40,30.71,17,17,0,0.02,-0.10,0.10,29.07,17,17,0,0.37,0.30,0.40,29.33,17,17,0,0.79,0.70,0.80,28.81,17,17,0,0.15,0.10,0.20,29.36,17,17,0,0.78,0.70,0.80,29.28,17,17,0,2378.78,2361.40,2390.60,24.34,17,0,0
1886021,0.33,0.30,0.40,30.70,17,17,0,0.01,-0.10,0.10,29.07,17,17,0,0.36,0.30,0.40,29.35,17,17,0,0.80,0.80,0.80,28.82,17,17,0,0.17,0.10,0.20,29.36,17,17,0,0.79,0.70,0.80,29.27,17,17,0,2362.87,2356.00,2372.10,24.34,17,0,0
1886529,0.31,0.30,0.40,30.70,17,17,0,0.02,-0.10,0.10,29.07,17,17,0,0.38,0.30,0.40,29.35,17,17,0,0.80,0.80,0.80,28.81,17,17,0,0.14,0.10,0.20,29.36,17,17,0,0.78,0.70,0.80,29.28,17,17,0,2369.15,2329.20,2397.20,24.34,17,0,0
1887039,0.32,0.30,0.40,30.70,17,17,0,0.05,0.00,0.10,29.08,17,17,0,0.39,0.30,0.40,29.34,17,17,0,0.80,0.80,0.80,28.81,17,17,0,0.15,0.10,0.20,29.36,17,17,0,0.79,0.70,0.80,29.27,17,17,0,2347.91,2326.40,2374.00,24.35,17,0,0
1887549,0.33,0.30,0.40,30.71,17,17,0,0.02,-0.10,0.10,29.08,17,17,0,0.39,0.30,0.40,29.34,17,17,0,0.80,0.80,0.80,28.81,17,17,0,0.16,0.10,0.20,29.37,17,17,0,0.78,0.70,0.80,29.27,17,17,0,2323.71,2305.60,2363.70,24.33,17,0,0
1888049,0.33,0.30,0.40,30.71,17,17,0,0.03,-0.10,0.10,29.08,17,17,0,0.38,0.30,0.40,29.35,17,17,0,0.81,0.80,0.90,28.80,17,17,0,0.15,0.10,0.20,29.36,17,17,0,0.78,0.70,0.80,29.28,17,17,0,2330.63,2317.90,2346.50,24.34,17,0,0
1888554,0.32,0.30,0.40,30.69,17,17,0,0.01,0.00,0.10,29.07,17,17,0,0.38,0.30,0.40,29.33,17,17,0,0.80,0.80,0.80,28.82,17,17,0,0.18,0.10,0.20,29.35,17,17,0,0.79,0.70,0.80,29.29,17,17,0,2269.78,2253.80,2302.60,24.35,17,0,0
1889067,0.33,0.30,0.40,30.70,17,17,0,0.02,0.00,0.10,29.08,17,17,0,0.36,0.30,0.40,29.33,17,17,0,0.81,0.80,0.90,28.79,17,17,0,0.18,0.10,0.20,29.37,17,17,0,0.79,0.70,0.80,29.28,17,17,0,2290.79,2257.60,2310.00,24.35,17,0,0
1889567,0.33,0.30,0.40,30.70,17,17,0,0.04,-0.10,0.10,29.09,17,17,0,0.34,0.30,0.40,29.34,17,17,0,0.80,0.80,0.80,28.79,17,17,0,0.16,0.10,0.20,29.37,17,17,0,0.78,0.70,0.80,29.27,17,17,0,2259.32,2237.90,2288.50,24.34,17,0,0
1890067,0.33,0.30,0.40,30.69,16,16,0,0.01,0.00,0.10,29.08,16,16,0,0.36,0.30,0.40,29.34,16,16,0,0.81,0.80,0.90,28.81,16,16,0,0.18,0.10,0.20,29.37,16,16,0,0.78,0.70,0.80,29.27,16,16,0,2259.96,2235.60,2288.40,24.36,16,0,0
1890573,0.34,0.30,0.40,30.71,17,17,0,0.01,-0.10,0.10,29.07,17,17,0,0.36,0.30,0.40,29.34,17,17,0,0.80,0.80,0.80,28.80,17,17,0,0.16,0.10,0.20,29.36,17,17,0,0.79,0.70,0.80,29.26,17,17,0,2260.15,2239.80,2276.50,24.35,17,0,0
1891080,0.36,0.30,0.40,30.71,17,17,0,0.00,0.00,0.00,29.07,17,17,0,0.37,0.30,0.40,29.34,17,17,0,0.80,0.80,0.80,28.80,17,17,0,0.14,0.10,0.20,29.37,17,17,0,0.78,0.70,0.80,29.27,17,17,0,2218.72,2201.70,2256.30,24.35,17,0,0
1891590,0.36,0.30,0.40,30.70,17,17,0,0.02,-0.10,0.10,29.08,17,17,0,0.34,0.30,0.40,29.34,17,17,0,0.80,0.80,0.80,28.79,17,17,0,0.16,0.10,0.20,29.38,17,17,0,0.78,0.70,0.80,29.28,17,17,0,2244.91,2219.60,2260.60,24.38,17,0,0
1892101,0.33,0.30,0.40,30.69,17,17,0,0.01,-0.10,0.10,29.07,17,17,0,0.36,0.30,0.40,29.34,17,17,0,0.79,0.70,0.80,28.80,17,17,0,0.17,0.10,0.20,29.36,17,17,0,0.78,0.70,0.80,29.28,17,17,0,2199.44,2187.70,2218.80,24.35,17,0,0
1892601,0.33,0.30,0.40,30.71,17,17,0,0.01,-0.10,0.10,29.10,17,17,0,0.36,0.30,0.40,29.34,17,17,0,0.79,0.70,0.80,28.79,17,17,0,0.15,0.10,0.20,29.37,17,17,0,0.79,0.70,0.80,29.27,17,17,0,2231.96,2199.10,2256.30,24.37,17,0,0
1893101,0.32,0.30,0.40,30.70,16,16,0,0.03,0.00,0.10,29.08,16,16,0,0.36,0.30,0.40,29.35,16,16,0,0.81,0.80,0.90,28.79,16,16,0,0.16,0.10,0.20,29.37,16,16,0,0.79,0.70,0.80,29.26,16,16,0,2199.64,2180.40,2233.30,24.36,16,0,0
1893606,0.34,0.30,0.40,30.71,17,17,0,0.02,-0.10,0.10,29.08,17,17,0,0.37,0.30,0.40,29.35,17,17,0,0.81,0.80,0.90,28.81,17,17,0,0.18,0.10,0.20,29.38,17,17,0,0.78,0.70,0.80,29.26,17,17,0,2224.46,2195.20,2260.00,24.35,17,0,0
1894106,0.32,0.30,0.40,30.71,17,17,0,0.02,-0.10,0.10,29.07,17,17,0,0.34,0.30,0.40,29.36,17,17,0,0.80,0.80,0.80,28.80,17,17,0,0.18,0.10,0.20,29.38,17,17,0,0.77,0.70,0.80,29.27,17,17,0,2222.21,2195.70,2251.40,24.38,17,0,0
1894614,0.35,0.30,0.40,30.71,17,17,0,-0.01,-0.10,0.10,29.06,17,17,0,0.37,0.30,0.40,29.36,17,17,0,0.81,0.80,0.90,28.80,17,17,0,0.17,0.10,0.30,29.36,17,17,0,0.79,0.70,0.80,29.28,17,17,0,2205.12,2190.80,2239.90,24.35,17,0,0
1895114,0.34,0.30,0.40,30.71,16,16,0,0.03,-0.10,0.10,29.06,16,16,0,0.37,0.30,0.40,29.35,16,16,0,0.80,0.80,0.80,28.79,16,16,0,0.18,0.10,0.20,29.36,16,16,0,0.79,0.70,0.80,29.27,16,16,0,2237.01,2205.00,2253.90,24.36,16,0,0
1895614,0.34,0.30,0.40,30.70,17,17,0,0.02,-0.10,0.10,29.07,17,17,0,0.35,0.30,0.40,29.35,17,17,0,0.80,0.80,0.80,28.81,17,17,0,0.16,0.10,0.20,29.36,17,17,0,0.78,0.70,0.80,29.26,17,17,0,2191.38,2179.00,2211.80,24.36,17,0,0
1896115,0.37,0.30,0.40,30.71,17,17,0,0.02,-0.10,0.10,29.06,17,17,0,0.39,0.30,0.40,29.34,17,17,0,0.80,0.80,0.80,28.80,17,17,0,0.18,0.10,0.20,29.37,17,17,0,0.75,0.70,0.80,29.28,17,17,0,2240.62,2208.50,2260.70,24.36,17,0,0
1896620,0.34,0.30,0.40,30.71,17,17,0,0.06,0.00,0.10,29.08,17,17,0,0.38,0.30,0.40,29.35,17,17,0,0.80,0.80,0.80,28.80,17,17,0,0.16,0.10,0.20,29.36,17,17,0,0.77,0.70,0.80,29.24,17,17,0,2200.94,2180.30,2234.10,24.35,17,0,0
1897120,0.32,0.30,0.40,30.72,16,16,0,0.03,0.00,0.10,29.06,16,16,0,0.39,0.30,0.40,29.33,16,16,0,0.80,0.80,0.80,28.79,16,16,0,0.16,0.10,0.20,29.36,16,16,0,0.78,0.70,0.80,29.28,16,16,0,2230.47,2194.20,2261.30,24.37,16,0,0
1897625,0.33,0.30,0.40,30.70,17,17,0,0.01,-0.10,0.10,29.07,17,17,0,0.39,0.30,0.40,29.35,17,17,0,0.80,0.80,0.80,28.78,17,17,0,0.14,0.10,0.20,29.37,17,17,0,0.76,0.70,0.80,29.26,17,17,0,2220.38,2191.50,2255.10,24.36,17,0,0
1898133,0.32,0.30,0.40,30.70,17,17,0,0.04,0.00,0.10,29.09,17,17,0,0.38,0.30,0.40,29.36,17,17,0,0.81,0.80,0.90,28.78,17,17,0,0.18,0.10,0.20,29.36,17,17,0,0.78,0.70,0.80,29.26,17,17,0,2218.32,2198.90,2252.30,24.35,17,0,0
1898638,0.32,0.30,0.40,30.70,17,17,0,0.01,-0.10,0.10,29.07,17,17,0,0.38,0.30,0.40,29.34,17,17,0,0.81,0.80,0.90,28.79,17,17,0,0.15,0.10,0.20,29.35,17,17,0,0.78,0.70,0.80,29.26,17,17,0,2242.86,2211.40,2261.00,24.36,17,0,0
1899148,0.31,0.30,0.40,30.71,17,17,0,0.02,-0.10,0.10,29.09,17,17,0,0.39,0.30,0.40,29.35,17,17,0,0.79,0.70,0.80,28.79,17,17,0,0.15,0.10,0.20,29.36,17,17,0,0.77,0.70,0.80,29.28,17,17,0,2220.09,2211.10,2229.70,24.37,17,0,0
1899650,0.31,0.30,0.40,30.72,17,17,0,0.02,-0.10,0.10,29.06,17,17,0,0.39,0.30,0.40,29.36,17,17,0,0.80,0.80,0.80,28.80,17,17,0,0.16,0.10,0.20,29.36,17,17,0,0.76,0.70,0.80,29.26,17,17,0,2258.21,2238.60,2270.30,24.38,17,0,0
1900155,0.33,0.30,0.40,30.71,17,17,0,0.03,0.00,0.10,29.06,17,17,0,0.38,0.30,0.40,29.36,17,17,0,0.81,0.80,0.90,28.80,17,17,0,0.18,0.10,0.20,29.36,17,17,0,0.78,0.70,0.80,29.28,17,17,0,2260.92,2242.00,2288.50,24.36,17,0,0
1900660,0.34,0.30,0.40,30.71,17,17,0,0.01,-0.10,0.10,29.07,17,17,0,0.37,0.30,0.40,29.35,17,17,0,0.80,0.80,0.80,28.80,17,17,0,0.14,0.10,0.20,29.36,17,17,0,0.77,0.70,0.80,29.26,17,17,0,2278.97,2267.20,2294.30,24.37,17,0,0
1901169,0.33,0.30,0.40,30.73,17,17,0,0.01,-0.10,0.10,29.07,17,17,0,0.38,0.30,0.40,29.35,17,17,0,0.80,0.80,0.80,28.79,17,17,0,0.17,0.10,0.20,29.35,17,17,0,0.78,0.70,0.80,29.27,17,17,0,2306.84,2273.90,2324.80,24.36,17,0,0
1901678,0.33,0.30,0.40,30.71,17,17,0,0.01,-0.10,0.10,29.08,17,17,0,0.38,0.30,0.40,29.35,17,17,0,0.80,0.80,0.80,28.81,17,17,0,0.16,0.10,0.20,29.37,17,17,0,0.76,0.70,0.80,29.27,17,17,0,2303.14,2291.00,2319.20,24.36,17,0,0
1902178,0.34,0.30,0.40,30.71,17,17,0,0.02,-0.10,0.10,29.07,17,17,0,0.38,0.30,0.40,29.36,17,17,0,0.80,0.80,0.80,28.80,17,17,0,0.16,0.10,0.20,29.36,17,17,0,0.78,0.70,0.80,29.27,17,17,0,2353.01,2319.10,2370.90,24.35,17,0,0
1902678,0.34,0.30,0.40,30.71,17,17,0,0.03,-0.10,0.10,29.07,17,17,0,0.37,0.30,0.40,29.34,17,17,0,0.80,0.80,0.80,28.79,17,17,0,0.16,0.10,0.20,29.37,17,17,0,0.75,0.70,0.80,29.25,17,17,0,2345.75,2334.60,2359.60,24.34,17,0,0
1903191,0.35,0.30,0.40,30.73,17,17,0,0.00,-0.10,0.10,29.07,17,17,0,0.36,0.30,0.40,29.36,17,17,0,0.80,0.80,0.80,28.80,17,17,0,0.16,0.10,0.20,29.37,17,17,0,0.76,0.70,0.80,29.26,17,17,0,2367.03,2343.10,2376.70,24.36,17,0,0
1903702,0.34,0.30,0.40,30.72,17,17,0,0.03,0.00,0.10,29.07,17,17,0,0.38,0.30,0.40,29.34,17,17,0,0.80,0.80,0.80,28.79,17,17,0,0.16,0.10,0.20,29.36,17,17,0,0.77,0.70,0.80,29.26,17,17,0,2356.20,2341.20,2378.60,24.35,17,0,0
1904210,0.32,0.30,0.40,30.70,17,17,0,0.02,0.00,0.10,29.08,17,17,0,0.37,0.30,0.40,29.34,17,17,0,0.81,0.80,0.90,28.80,17,17,0,0.16,0.10,0.20,29.36,17,17,0,0.77,0.70,0.80,29.28,17,17,0,2348.28,2319.30,2385.00,24.36,17,0,0
1904710,0.35,0.30,0.40,30.71,17,17,0,0.03,-0.10,0.10,29.07,17,17,0,0.38,0.30,0.40,29.35,17,17,0,0.81,0.80,0.90,28.82,17,17,0,0.16,0.10,0.20,29.36,17,17,0,0.77,0.70,0.80,29.27,17,17,0,2350.65,2320.40,2375.60,24.35,17,0,0
1905218,0.33,0.30,0.40,30.72,17,17,0,0.04,-0.10,0.10,29.07,17,17,0,0.38,0.30,0.40,29.35,17,17,0,0.82,0.80,0.90,28.80,17,17,0,0.17,0.10,0.20,29.35,17,17,0,0.76,0.70,0.80,29.26,17,17,0,2316.11,2301.40,2353.30,24.35,17,0,0
1905718,0.34,0.30,0.40,30.71,17,17,0,0.01,-0.10,0.10,29.07,17,17,0,0.36,0.30,0.40,29.34,17,17,0,0.81,0.80,0.90,28.82,17,17,0,0.16,0.10,0.20,29.36,17,17,0,0.75,0.70,0.80,29.25,17,17,0,2330.12,2304.50,2346.40,24.34,17,0,0
1906218,0.35,0.30,0.40,30.70,17,17,0,0.04,0.00,0.10,29.07,17,17,0,0.35,0.30,0.40,29.35,17,17,0,0.80,0.80,0.80,28.82,17,17,0,0.17,0.10,0.20,29.36,17,17,0,0.78,0.70,0.80,29.26,17,17,0,2279.95,2271.40,2295.60,24.35,17,0,0
1906727,0.34,0.30,0.40,30.70,17,17,0,0.01,-0.10,0.10,29.06,17,17,0,0.38,0.30,0.40,29.36,17,17,0,0.79,0.70,0.80,28.80,17,17,0,0.17,0.10,0.20,29.36,17,17,0,0.79,0.70,0.80,29.25,17,17,0,2289.74,2256.10,2315.30,24.36,17,0,0
1907237,0.32,0.30,0.40,30.71,17,17,0,0.02,0.00,0.10,29.06,17,17,0,0.36,0.30,0.40,29.35,17,17,0,0.81,0.80,0.90,28.80,17,17,0,0.17,0.10,0.20,29.35,17,17,0,0.78,0.70,0.80,29.27,17,17,0,2261.26,2245.30,2289.80,24.35,17,0,0
1907742,0.35,0.30,0.40,30.71,17,17,0,0.01,-0.10,0.10,29.08,17,17,0,0.39,0.30,0.40,29.34,17,17,0,0.80,0.80,0.80,28.79,17,17,0,0.17,0.10,0.20,29.36,17,17,0,0.76,0.70,0.80,29.27,17,17,0,2257.72,2238.80,2291.00,24.37,17,0,0
1908247,0.32,0.30,0.40,30.71,17,17,0,0.02,-0.10,0.10,29.08,17,17,0,0.39,0.30,0.40,29.37,17,17,0,0.79,0.70,0.80,28.80,17,17,0,0.19,0.10,0.20,29.36,17,17,0,0.78,0.70,0.80,29.26,17,17,0,2254.04,2242.70,2264.50,24.36,17,0,0
1908747,0.34,0.30,0.40,30.72,16,16,0,0.03,-0.10,0.10,29.05,16,16,0,0.37,0.30,0.40,29.35,16,16,0,0.81,0.80,0.90,28.80,16,16,0,0.19,0.10,0.20,29.36,16,16,0,0.78,0.70,0.80,29.27,16,16,0,2212.81,2201.20,2236.60,24.37,16,0,0
1909251,0.34,0.30,0.40,30.72,17,17,0,0.02,0.00,0.10,29.07,17,17,0,0.36,0.30,0.40,29.35,17,17,0,0.79,0.70,0.80,28.81,17,17,0,0.18,0.10,0.20,29.37,17,17,0,0.79,0.70,0.80,29.27,17,17,0,2234.63,2218.90,2248.10,24.36,17,0,0
1909751,0.33,0.30,0.40,30.72,17,17,0,0.02,0.00,0.10,29.07,17,17,0,0.36,0.30,0.40,29.34,17,17,0,0.80,0.80,0.80,28.81,17,17,0,0.16,0.10,0.20,29.35,17,17,0,0.78,0.70,0.80,29.26,17,17,0,2199.79,2188.00,2222.00,24.36,17,0,0
1910253,0.34,0.30,0.40,30.71,17,17,0,0.02,-0.10,0.10,29.05,17,17,0,0.36,0.30,0.40,29.34,17,17,0,0.81,0.80,0.90,28.80,17,17,0,0.15,0.10,0.20,29.35,17,17,0,0.76,0.70,0.80,29.26,17,17,0,2240.19,2210.00,2261.30,24.35,17,0,0
1910758,0.33,0.30,0.40,30.72,17,17,0,0.04,-0.10,0.10,29.06,17,17,0,0.39,0.30,0.40,29.34,17,17,0,0.80,0.80,0.80,28.81,17,17,0,0.16,0.10,0.20,29.36,17,17,0,0.75,0.70,0.80,29.25,17,17,0,2211.42,2189.30,2248.70,24.35,17,0,0
1911271,0.33,0.30,0.40,30.71,17,17,0,0.02,-0.10,0.10,29.07,17,17,0,0.38,0.30,0.40,29.34,17,17,0,0.80,0.80,0.80,28.80,17,17,0,0.19,0.10,0.20,29.36,17,17,0,0.76,0.70,0.80,29.26,17,17,0,2216.23,2186.40,2251.70,24.36,17,0,0
1911771,0.35,0.30,0.40,30.71,17,17,0,0.02,0.00,0.10,29.08,17,17,0,0.36,0.30,0.40,29.36,17,17,0,0.81,0.80,0.90,28.82,17,17,0,0.16,0.10,0.20,29.36,17,17,0,0.78,0.70,0.80,29.26,17,17,0,2231.39,2195.10,2259.10,24.37,17,0,0
1912273,0.34,0.30,0.40,30.71,17,17,0,0.04,-0.10,0.10,29.08,17,17,0,0.39,0.30,0.40,29.35,17,17,0,0.80,0.80,0.80,28.82,17,17,0,0.16,0.10,0.20,29.37,17,17,0,0.78,0.70,0.80,29.28,17,17,0,2207.72,2191.10,2249.00,24.36,17,0,0
1912773,0.35,0.30,0.40,30.71,17,17,0,0.01,-0.10,0.10,29.05,17,17,0,0.38,0.30,0.40,29.35,17,17,0,0.80,0.80,0.80,28.80,17,17,0,0.18,0.10,0.20,29.36,17,17,0,0.78,0.70,0.80,29.27,17,17,0,2236.34,2208.30,2249.80,24.35,17,0,0
1913277,0.32,0.30,0.40,30.72,17,17,0,0.04,0.00,0.10,29.07,17,17,0,0.35,0.30,0.40,29.36,17,17,0,0.80,0.80,0.80,28.82,17,17,0,0.18,0.10,0.20,29.37,17,17,0,0.78,0.70,0.80,29.27,17,17,0,2189.74,2178.70,2207.90,24.36,17,0,0
1913781,0.35,0.30,0.40,30.72,17,17,0,0.02,0.00,0.10,29.09,17,17,0,0.39,0.30,0.40,29.35,17,17,0,0.80,0.80,0.80,28.79,17,17,0,0.18,0.10,0.20,29.37,17,17,0,0.76,0.70,0.80,29.25,17,17,0,2235.62,2204.30,2252.80,24.37,17,0,0
1914281,0.34,0.30,0.40,30.71,17,17,0,0.04,0.00,0.10,29.09,17,17,0,0.37,0.30,0.40,29.38,17,17,0,0.80,0.80,0.80,28.80,17,17,0,0.16,0.10,0.20,29.35,17,17,0,0.76,0.70,0.80,29.26,17,17,0,2201.96,2180.50,2237.90,24.37,17,0,0
1914784,0.32,0.30,0.40,30.70,17,17,0,0.01,-0.10,0.10,29.05,17,17,0,0.36,0.30,0.40,29.36,17,17,0,0.81,0.80,0.90,28.81,17,17,0,0.16,0.10,0.20,29.35,17,17,0,0.78,0.70,0.80,29.25,17,17,0,2219.69,2188.80,2256.90,24.37,17,0,0
1915287,0.32,0.30,0.40,30.72,17,17,0,0.01,-0.10,0.10,29.08,17,17,0,0.36,0.30,0.40,29.34,17,17,0,0.81,0.80,0.90,28.81,17,17,0,0.16,0.10,0.20,29.36,17,17,0,0.78,0.70,0.80,29.27,17,17,0,2228.21,2191.10,2265.80,24.38,17,0,0
1915790,0.34,0.30,0.40,30.71,17,17,0,0.03,-0.10,0.10,29.05,17,17,0,0.39,0.30,0.40,29.35,17,17,0,0.79,0.70,0.80,28.82,17,17,0,0.16,0.10,0.20,29.36,17,17,0,0.76,0.70,0.80,29.25,17,17,0,2204.93,2185.10,2246.10,24.38,17,0,0
1916290,0.34,0.30,0.40,30.73,17,17,0,0.01,-0.10,0.10,29.08,17,17,0,0.38,0.30,0.40,29.34,17,17,0,0.80,0.70,0.90,28.80,17,17,0,0.15,0.10,0.20,29.36,17,17,0,0.78,0.70,0.80,29.27,17,17,0,2237.55,2203.40,2254.20,24.35,17,0,0
1916798,0.32,0.30,0.40,30.71,17,17,0,0.00,-0.10,0.10,29.09,17,17,0,0.39,0.30,0.40,29.37,17,17,0,0.80,0.80,0.80,28.81,17,17,0,0.18,0.10,0.20,29.38,17,17,0,0.78,0.70,0.80,29.25,17,17,0,2213.36,2199.90,2232.00,24.38,17,0,0
1917308,0.32,0.30,0.40,30.72,17,17,0,0.01,-0.10,0.10,29.08,17,17,0,0.37,0.30,0.40,29.36,17,17,0,0.81,0.80,0.90,28.81,17,17,0,0.19,0.10,0.20,29.36,17,17,0,0.78,0.70,0.80,29.28,17,17,0,2255.64,2245.00,2268.20,24.37,17,0,0
1917808,0.32,0.30,0.40,30.72,17,17,0,0.03,0.00,0.10,29.07,17,17,0,0.39,0.30,0.40,29.36,17,17,0,0.79,0.70,0.80,28.80,17,17,0,0.18,0.10,0.20,29.36,17,17,0,0.78,0.70,0.80,29.25,17,17,0,2262.86,2247.70,2283.90,24.37,17,0,0
1918311,0.33,0.30,0.40,30.71,17,17,0,0.03,-0.10,0.10,29.08,17,17,0,0.35,0.30,0.40,29.34,17,17,0,0.80,0.80,0.80,28.79,17,17,0,0.16,0.10,0.20,29.35,17,17,0,0.78,0.70,0.80,29.25,17,17,0,2281.59,2270.70,2295.80,24.37,17,0,0
1918811,0.34,0.30,0.40,30.70,17,17,0,0.02,0.00,0.10,29.07,17,17,0,0.38,0.30,0.40,29.34,17,17,0,0.80,0.80,0.80,28.81,17,17,0,0.16,0.10,0.20,29.36,17,17,0,0.76,0.70,0.80,29.25,17,17,0,2312.64,2285.60,2334.10,24.36,17,0,0
1919318,0.32,0.30,0.40,30.71,17,17,0,0.03,-0.10,0.10,29.08,17,17,0,0.39,0.30,0.40,29.36,17,17,0,0.80,0.80,0.80,28.79,17,17,0,0.16,0.10,0.20,29.36,17,17,0,0.76,0.70,0.80,29.26,17,17,0,2321.99,2309.30,2333.50,24.37,17,0,0
1919818,0.34,0.30,0.40,30.71,17,17,0,0.03,0.00,0.10,29.07,17,17,0,0.38,0.30,0.40,29.34,17,17,0,0.80,0.80,0.80,28.79,17,17,0,0.17,0.10,0.20,29.34,17,17,0,0.79,0.70,0.80,29.27,17,17,0,2348.16,2331.10,2358.80,24.36,17,0,0
1920321,0.32,0.30,0.40,30.72,17,17,0,0.02,-0.10,0.10,29.08,17,17,0,0.38,0.30,0.40,29.35,17,17,0,0.79,0.70,0.80,28.80,17,17,0,0.16,0.10,0.20,29.35,17,17,0,0.78,0.70,0.80,29.26,17,17,0,2333.52,2320.50,2354.10,24.38,17,0,0
1920822,0.36,0.30,0.40,30.71,17,17,0,0.00,-0.10,0.10,29.07,17,17,0,0.37,0.30,0.40,29.35,17,17,0,0.80,0.70,0.90,28.80,17,17,0,0.18,0.10,0.20,29.37,17,17,0,0.78,0.70,0.80,29.26,17,17,0,2369.02,2347.70,2381.10,24.36,17,0,0
1921332,0.31,0.30,0.40,30.70,17,17,0,0.01,-0.10,0.10,29.08,17,17,0,0.38,0.30,0.40,29.36,17,17,0,0.80,0.80,0.80,28.81,17,17,0,0.16,0.10,0.20,29.35,17,17,0,0.76,0.70,0.80,29.25,17,17,0,2354.75,2333.90,2389.90,24.36,17,0,0
1921840,0.35,0.30,0.40,30.72,17,17,0,0.04,-0.10,0.10,29.07,17,17,0,0.37,0.30,0.40,29.38,17,17,0,0.79,0.70,0.80,28.80,17,17,0,0.18,0.10,0.20,29.35,17,17,0,0.76,0.70,0.80,29.27,17,17,0,2357.35,2331.40,2388.40,24.37,17,0,0
1922345,0.33,0.30,0.40,30.72,17,17,0,0.01,-0.10,0.10,29.10,17,17,0,0.36,0.30,0.40,29.36,17,17,0,0.80,0.80,0.80,28.81,17,17,0,0.18,0.10,0.20,29.36,17,17,0,0.77,0.70,0.80,29.25,17,17,0,2356.58,2334.80,2376.60,24.37,17,0,0
1922854,0.35,0.30,0.40,30.71,17,17,0,0.02,-0.10,0.10,29.07,17,17,0,0.38,0.30,0.40,29.36,17,17,0,0.81,0.80,0.90,28.80,17,17,0,0.15,0.10,0.20,29.36,17,17,0,0.77,0.70,0.80,29.26,17,17,0,2302.40,2283.60,2348.00,24.38,17,0,0
1923358,0.35,0.30,0.40,30.72,17,17,0,0.02,-0.10,0.10,29.09,17,17,0,0.36,0.30,0.40,29.34,17,17,0,0.81,0.80,0.90,28.80,17,17,0,0.18,0.10,0.20,29.36,17,17,0,0.77,0.70,0.80,29.25,17,17,0,2323.89,2297.50,2342.60,24.38,17,0,0
1923866,0.34,0.30,0.40,30.72,17,17,0,0.02,-0.10,0.10,29.06,17,17,0,0.38,0.30,0.40,29.36,17,17,0,0.81,0.80,0.90,28.81,17,17,0,0.18,0.10,0.20,29.37,17,17,0,0.75,0.70,0.80,29.27,17,17,0,2251.01,2239.90,2275.80,24.36,17,0,0
1924371,0.33,0.30,0.40,30.73,17,17,0,0.04,0.00,0.10,29.07,17,17,0,0.38,0.30,0.40,29.36,17,17,0,0.80,0.80,0.80,28.81,17,17,0,0.18,0.10,0.20,29.37,17,17,0,0.78,0.70,0.80,29.27,17,17,0,2275.21,2240.80,2301.50,24.36,17,0,0
1924871,0.36,0.30,0.40,30.72,17,17,0,0.01,0.00,0.10,29.07,17,17,0,0.38,0.30,0.40,29.35,17,17,0,0.81,0.80,0.90,28.82,17,17,0,0.16,0.10,0.20,29.37,17,17,0,0.77,0.70,0.80,29.26,17,17,0,2242.11,2222.00,2281.30,24.38,17,0,0
1925384,0.34,0.30,0.40,30.72,17,17,0,0.00,-0.10,0.10,29.06,17,17,0,0.39,0.30,0.40,29.36,17,17,0,0.80,0.80,0.80,28.81,17,17,0,0.18,0.10,0.20,29.34,17,17,0,0.77,0.70,0.80,29.27,17,17,0,2252.98,2222.70,2282.80,24.39,17,0,0
1925890,0.34,0.30,0.40,30.71,17,17,0,0.02,-0.10,0.10,29.09,17,17,0,0.38,0.30,0.40,29.37,17,17,0,0.80,0.80,0.80,28.82,17,17,0,0.18,0.10,0.20,29.36,17,17,0,0.78,0.70,0.80,29.26,17,17,0,2248.41,2223.60,2269.90,24.38,17,0,0
1926392,0.35,0.30,0.40,30.72,17,17,0,0.04,-0.10,0.10,29.07,17,17,0,0.36,0.30,0.40,29.36,17,17,0,0.80,0.80,0.80,28.80,17,17,0,0.18,0.10,0.20,29.34,17,17,0,0.78,0.70,0.80,29.26,17,17,0,2203.28,2188.10,2235.40,24.37,17,0,0
1926897,0.32,0.30,0.40,30.71,17,17,0,0.03,-0.10,0.10,29.07,17,17,0,0.38,0.30,0.40,29.35,17,17,0,0.80,0.80,0.80,28.82,17,17,0,0.18,0.10,0.20,29.36,17,17,0,0.76,0.70,0.80,29.27,17,17,0,2237.47,2205.10,2252.00,24.39,17,0,0
1927399,0.34,0.30,0.40,30.71,16,16,0,0.04,0.00,0.10,29.08,16,16,0,0.38,0.30,0.40,29.37,16,16,0,0.80,0.80,0.80,28.80,16,16,0,0.18,0.10,0.20,29.36,16,16,0,0.79,0.70,0.80,29.28,16,16,0,2206.21,2200.20,2219.40,24.39,16,0,0
1927899,0.34,0.30,0.40,30.71,17,17,0,0.01,-0.10,0.10,29.08,17,17,0,0.38,0.30,0.40,29.36,17,17,0,0.79,0.70,0.80,28.81,17,17,0,0.14,0.10,0.20,29.36,17,17,0,0.78,0.70,0.80,29.27,17,17,0,2233.74,2211.40,2249.20,24.39,17,0,0
1928404,0.33,0.30,0.40,30.72,17,17,0,0.01,-0.10,0.10,29.07,17,17,0,0.35,0.30,0.40,29.37,17,17,0,0.79,0.70,0.80,28.82,17,17,0,0.18,0.10,0.20,29.37,17,17,0,0.78,0.70,0.80,29.26,17,17,0,2209.55,2188.00,2241.00,24.38,17,0,0
1928913,0.33,0.30,0.40,30.73,17,17,0,0.03,-0.10,0.10,29.05,17,17,0,0.37,0.30,0.40,29.35,17,17,0,0.80,0.80,0.80,28.83,17,17,0,0.18,0.10,0.20,29.35,17,17,0,0.77,0.70,0.80,29.26,17,17,0,2225.78,2199.00,2254.90,24.37,17,0,0
1929413,0.32,0.30,0.40,30.72,17,17,0,0.04,0.00,0.10,29.07,17,17,0,0.38,0.30,0.40,29.37,17,17,0,0.80,0.80,0.80,28.81,17,17,0,0.17,0.10,0.20,29.36,17,17,0,0.76,0.70,0.80,29.26,17,17,0,2232.16,2204.60,2262.40,24.38,17,0,0
1929916,0.34,0.30,0.40,30.71,17,17,0,0.02,-0.10,0.10,29.08,17,17,0,0.39,0.30,0.40,29.36,17,17,0,0.80,0.80,0.80,28.82,17,17,0,0.16,0.10,0.20,29.37,17,17,0,0.76,0.70,0.80,29.26,17,17,0,2225.05,2207.90,2259.70,24.39,17,0,0
1930416,0.32,0.30,0.40,30.72,17,17,0,0.00,-0.10,0.10,29.08,17,17,0,0.38,0.30,0.40,29.35,17,17,0,0.80,0.80,0.80,28.82,17,17,0,0.18,0.10,0.20,29.37,17,17,0,0.78,0.70,0.80,29.27,17,17,0,2237.79,2219.10,2245.50,24.38,17,0,0
1930918,0.34,0.30,0.40,30.71,17,17,0,0.02,0.00,0.10,29.06,17,17,0,0.38,0.30,0.40,29.35,17,17,0,0.81,0.80,0.90,28.81,17,17,0,0.16,0.10,0.20,29.37,17,17,0,0.78,0.70,0.80,29.26,17,17,0,2190.88,2181.70,2208.40,24.39,17,0,0
1931418,0.35,0.30,0.40,30.72,17,17,0,0.03,-0.10,0.10,29.07,17,17,0,0.38,0.30,0.40,29.35,17,17,0,0.79,0.70,0.80,28.82,17,17,0,0.18,0.10,0.20,29.36,17,17,0,0.79,0.70,0.80,29.25,17,17,0,2240.49,2208.30,2263.00,24.41,17,0,0
1931918,0.36,0.30,0.40,30.72,17,17,0,0.02,0.00,0.10,29.08,17,17,0,0.38,0.30,0.40,29.37,17,17,0,0.80,0.80,0.80,28.83,17,17,0,0.15,0.10,0.20,29.36,17,17,0,0.77,0.70,0.80,29.26,17,17,0,2205.32,2188.40,2236.20,24.37,17,0,0
1932427,0.33,0.30,0.40,30.71,17,17,0,0.03,0.00,0.10,29.08,17,17,0,0.37,0.30,0.40,29.36,17,17,0,0.81,0.80,0.90,28.83,17,17,0,0.17,0.10,0.20,29.35,17,17,0,0.78,0.70,0.80,29.25,17,17,0,2221.54,2192.70,2259.20,24.37,17,0,0
1932932,0.32,0.30,0.40,30.72,17,17,0,0.04,0.00,0.10,29.07,17,17,0,0.39,0.30,0.40,29.36,17,17,0,0.80,0.80,0.80,28.82,17,17,0,0.19,0.10,0.20,29.36,17,17,0,0.78,0.70,0.80,29.27,17,17,0,2222.95,2184.70,2256.70,24.38,17,0,0
1933439,0.32,0.30,0.40,30.71,17,17,0,0.02,-0.10,0.10,29.09,17,17,0,0.38,0.30,0.40,29.35,17,17,0,0.80,0.80,0.80,28.81,17,17,0,0.18,0.10,0.20,29.37,17,17,0,0.77,0.70,0.80,29.25,17,17,0,2194.78,2174.30,2238.20,24.38,17,0,0
1933940,0.34,0.30,0.40,30.71,17,17,0,0.03,-0.10,0.10,29.07,17,17,0,0.38,0.30,0.40,29.35,17,17,0,0.81,0.80,0.90,28.83,17,17,0,0.17,0.10,0.20,29.35,17,17,0,0.78,0.70,0.80,29.26,17,17,0,2244.69,2196.70,2268.40,24.37,17,0,0
1934442,0.33,0.30,0.40,30.73,17,17,0,0.04,-0.10,0.10,29.08,17,17,0,0.36,0.30,0.40,29.36,17,17,0,0.80,0.80,0.80,28.82,17,17,0,0.19,0.10,0.20,29.36,17,17,0,0.79,0.70,0.80,29.25,17,17,0,2215.55,2204.50,2232.00,24.36,17,0,0
1934942,0.34,0.30,0.40,30.72,17,17,0,0.04,0.00,0.10,29.08,17,17,0,0.38,0.30,0.40,29.37,17,17,0,0.81,0.80,0.90,28.82,17,17,0,0.17,0.10,0.20,29.36,17,17,0,0.76,0.70,0.80,29.26,17,17,0,2253.79,2238.40,2266.00,24.38,17,0,0
1935442,0.32,0.30,0.40,30.72,17,17,0,0.02,0.00,0.10,29.08,17,17,0,0.39,0.30,0.40,29.38,17,17,0,0.80,0.80,0.80,28.83,17,17,0,0.18,0.10,0.20,29.37,17,17,0,0.78,0.70,0.80,29.25,17,17,0,2259.44,2237.30,2278.60,24.37,17,0,0
1935944,0.34,0.30,0.40,30.72,17,17,0,0.01,-0.10,0.10,29.07,17,17,0,0.37,0.30,0.40,29.36,17,17,0,0.81,0.80,0.90,28.81,17,17,0,0.18,0.10,0.20,29.36,17,17,0,0.76,0.70,0.80,29.25,17,17,0,2269.72,2259.80,2288.00,24.37,17,0,0
1936444,0.35,0.30,0.40,30.71,17,17,0,0.05,0.00,0.10,29.10,17,17,0,0.37,0.30,0.40,29.37,17,17,0,0.80,0.80,0.80,28.81,17,17,0,0.17,0.10,0.20,29.35,17,17,0,0.78,0.70,0.80,29.26,17,17,0,2312.46,2274.90,2336.10,24.35,17,0,0
1936946,0.34,0.30,0.40,30.73,17,17,0,0.03,-0.10,0.10,29.09,17,17,0,0.37,0.30,0.40,29.37,17,17,0,0.80,0.80,0.80,28.82,17,17,0,0.18,0.10,0.20,29.37,17,17,0,0.79,0.70,0.80,29.25,17,17,0,2320.47,2309.90,2337.20,24.36,17,0,0
1937450,0.34,0.30,0.40,30.72,17,17,0,0.01,0.00,0.10,29.07,17,17,0,0.39,0.30,0.40,29.37,17,17,0,0.80,0.80,0.80,28.81,17,17,0,0.18,0.10,0.20,29.38,17,17,0,0.78,0.70,0.80,29.24,17,17,0,2347.55,2326.00,2361.10,24.37,17,0,0
1937952,0.32,0.30,0.40,30.72,17,17,0,0.02,-0.10,0.10,29.09,17,17,0,0.38,0.30,0.40,29.37,17,17,0,0.80,0.80,0.80,28.82,17,17,0,0.16,0.10,0.20,29.36,17,17,0,0.78,0.70,0.80,29.26,17,17,0,2338.26,2331.70,2351.00,24.38,17,0,0
1938452,0.34,0.30,0.40,30.73,17,17,0,0.04,0.00,0.10,29.08,17,17,0,0.38,0.30,0.40,29.36,17,17,0,0.80,0.80,0.80,28.82,17,17,0,0.18,0.10,0.20,29.36,17,17,0,0.75,0.70,0.80,29.26,17,17,0,2363.06,2341.80,2377.30,24.38,17,0,0
1938957,0.31,0.30,0.40,30.74,17,17,0,0.03,-0.10,0.10,29.07,17,17,0,0.38,0.30,0.40,29.36,17,17,0,0.80,0.80,0.80,28.81,17,17,0,0.19,0.10,0.20,29.36,17,17,0,0.79,0.70,0.80,29.25,17,17,0,2345.96,2327.30,2372.00,24.35,17,0,0
1939457,0.34,0.30,0.40,30.72,17,17,0,0.01,0.00,0.10,29.09,17,17,0,0.38,0.30,0.40,29.35,17,17,0,0.80,0.80,0.80,28.82,17,17,0,0.15,0.10,0.20,29.36,17,17,0,0.78,0.70,0.80,29.25,17,17,0,2357.21,2332.10,2387.50,24.37,17,0,0
1939970,0.35,0.30,0.40,30.70,17,17,0,0.05,-0.10,0.10,29.07,17,17,0,0.38,0.30,0.40,29.37,17,17,0,0.80,0.80,0.80,28.82,17,17,0,0.19,0.10,0.20,29.37,17,17,0,0.76,0.70,0.80,29.25,17,17,0,2354.45,2338.40,2371.50,24.37,17,0,0
1940473,0.32,0.30,0.40,30.71,17,17,0,0.02,-0.10,0.10,29.06,17,17,0,0.39,0.30,0.40,29.36,17,17,0,0.80,0.80,0.80,28.83,17,17,0,0.17,0.10,0.20,29.35,17,17,0,0.79,0.70,0.80,29.25,17,17,0,2315.15,2293.90,2360.80,24.37,17,0,0
1940974,0.34,0.30,0.40,30.71,17,17,0,0.00,-0.10,0.10,29.06,17,17,0,0.39,0.30,0.40,29.37,17,17,0,0.81,0.80,0.90,28.83,17,17,0,0.17,0.10,0.20,29.35,17,17,0,0.78,0.70,0.80,29.25,17,17,0,2322.62,2306.10,2334.80,24.37,17,0,0
1941481,0.34,0.30,0.40,30.71,17,17,0,0.02,-0.10,0.10,29.07,17,17,0,0.38,0.30,0.40,29.36,17,17,0,0.80,0.80,0.80,28.82,17,17,0,0.15,0.10,0.20,29.36,17,17,0,0.77,0.70,0.80,29.24,17,17,0,2271.33,2259.70,2290.50,24.36,17,0,0
1941981,0.35,0.30,0.40,30.71,17,17,0,0.02,0.00,0.10,29.06,17,17,0,0.38,0.30,0.40,29.38,17,17,0,0.81,0.80,0.90,28.82,17,17,0,0.18,0.10,0.20,29.37,17,17,0,0.78,0.70,0.80,29.26,17,17,0,2298.89,2263.40,2320.70,24.36,17,0,0
1942481,0.31,0.30,0.40,30.71,17,17,0,0.03,-0.10,0.10,29.09,17,17,0,0.38,0.30,0.40,29.38,17,17,0,0.80,0.80,0.80,28.80,17,17,0,0.18,0.10,0.20,29.37,17,17,0,0.76,0.70,0.80,29.26,17,17,0,2254.39,2234.00,2287.00,24.38,17,0,0
1942983,0.35,0.30,0.40,30.73,17,17,0,-0.01,-0.10,0.10,29.08,17,17,0,0.38,0.30,0.40,29.36,17,17,0,0.80,0.80,0.80,28.83,17,17,0,0.18,0.10,0.20,29.36,17,17,0,0.77,0.70,0.80,29.27,17,17,0,2252.55,2224.00,2286.40,24.39,17,0,0
1943494,0.34,0.30,0.40,30.71,17,17,0,0.01,-0.10,0.10,29.08,17,17,0,0.39,0.30,0.40,29.38,17,17,0,0.80,0.80,0.80,28.82,17,17,0,0.17,0.10,0.20,29.36,17,17,0,0.79,0.70,0.80,29.25,17,17,0,2253.89,2229.60,2275.30,24.38,17,0,0
1944003,0.32,0.30,0.40,30.72,17,17,0,0.05,0.00,0.10,29.08,17,17,0,0.37,0.30,0.40,29.38,17,17,0,0.80,0.80,0.80,28.82,17,17,0,0.16,0.10,0.20,29.38,17,17,0,0.79,0.70,0.80,29.26,17,17,0,2213.44,2197.20,2252.90,24.39,17,0,0
1944507,0.35,0.30,0.40,30.72,17,17,0,0.02,-0.10,0.10,29.07,17,17,0,0.38,0.30,0.40,29.36,17,17,0,0.80,0.80,0.80,28.82,17,17,0,0.17,0.10,0.20,29.34,17,17,0,0.75,0.70,0.80,29.24,17,17,0,2237.51,2207.30,2250.70,24.40,17,0,0
1945007,0.33,0.30,0.40,30.72,17,17,0,0.02,-0.10,0.10,29.08,17,17,0,0.38,0.30,0.40,29.35,17,17,0,0.80,0.80,0.80,28.82,17,17,0,0.18,0.10,0.20,29.37,17,17,0,0.77,0.70,0.80,29.24,17,17,0,2199.20,2185.60,2219.40,24.37,17,0,0
1945507,0.34,0.30,0.40,30.72,16,16,0,0.01,0.00,0.10,29.08,16,16,0,0.37,0.30,0.40,29.36,16,16,0,0.80,0.80,0.80,28.82,16,16,0,0.16,0.10,0.20,29.36,16,16,0,0.76,0.70,0.80,29.26,16,16,0,2232.22,2198.50,2256.00,24.39,16,0,0
1946007,0.33,0.30,0.40,30.72,17,17,0,0.01,-0.10,0.10,29.09,17,17,0,0.39,0.30,0.40,29.37,17,17,0,0.81,0.80,0.90,28.82,17,17,0,0.18,0.10,0.30,29.34,17,17,0,0.78,0.70,0.80,29.26,17,17,0,2195.29,2178.90,2227.50,24.38,17,0,0
1946519,0.32,0.30,0.40,30.73,17,17,0,0.05,0.00,0.10,29.09,17,17,0,0.37,0.30,0.40,29.37,17,17,0,0.80,0.80,0.80,28.84,17,17,0,0.17,0.10,0.20,29.34,17,17,0,0.77,0.70,0.80,29.26,17,17,0,2215.52,2183.90,2247.90,24.37,17,0,0
1947019,0.34,0.30,0.40,30.72,17,17,0,0.03,0.00,0.10,29.08,17,17,0,0.39,0.30,0.40,29.36,17,17,0,0.79,0.70,0.80,28.81,17,17,0,0.16,0.10,0.20,29.35,17,17,0,0.79,0.70,0.80,29.24,17,17,0,2224.05,2190.40,2262.70,24.39,17,0,0
1947524,0.34,0.30,0.40,30.73,17,17,0,0.00,-0.10,0.10,29.06,17,17,0,0.37,0.30,0.40,29.35,17,17,0,0.80,0.80,0.80,28.82,17,17,0,0.18,0.10,0.20,29.37,17,17,0,0.77,0.70,0.80,29.24,17,17,0,2209.02,2192.30,2251.70,24.39,17,0,0
1948024,0.32,0.30,0.40,30.72,17,17,0,0.02,-0.10,0.10,29.09,17,17,0,0.37,0.30,0.40,29.37,17,17,0,0.81,0.80,0.90,28.81,17,17,0,0.18,0.10,0.20,29.38,17,17,0,0.78,0.70,0.80,29.25,17,17,0,2234.88,2204.10,2248.00,24.40,17,0,0
1948526,0.33,0.30,0.40,30.71,17,17,0,-0.01,-0.10,0.10,29.08,17,17,0,0.37,0.30,0.40,29.37,17,17,0,0.80,0.80,0.80,28.84,17,17,0,0.16,0.10,0.20,29.35,17,17,0,0.77,0.70,0.80,29.24,17,17,0,2188.27,2176.40,2209.10,24.39,17,0,0
1949032,0.34,0.30,0.40,30.72,17,17,0,0.03,0.00,0.10,29.08,17,17,0,0.38,0.30,0.40,29.34,17,17,0,0.80,0.80,0.80,28.83,17,17,0,0.17,0.10,0.20,29.35,17,17,0,0.78,0.70,0.80,29.24,17,17,0,2244.98,2218.30,2266.30,24.38,17,0,0
1949532,0.34,0.30,0.40,30.72,17,17,0,0.01,-0.10,0.10,29.07,17,17,0,0.37,0.30,0.40,29.39,17,17,0,0.81,0.80,0.90,28.82,17,17,0,0.16,0.10,0.20,29.35,17,17,0,0.78,0.70,0.80,29.25,17,17,0,2210.75,2197.10,2237.40,24.39,17,0,0
1950045,0.32,0.30,0.40,30.71,17,17,0,0.02,0.00,0.10,29.08,17,17,0,0.39,0.30,0.40,29.38,17,17,0,0.80,0.80,0.80,28.82,17,17,0,0.15,0.10,0.20,29.37,17,17,0,0.75,0.70,0.80,29.25,17,17,0,2223.31,2188.30,2257.50,24.39,17,0,0
1950545,0.32,0.30,0.40,30.73,17,17,0,0.04,-0.10,0.10,29.08,17,17,0,0.38,0.30,0.40,29.37,17,17,0,0.81,0.80,0.90,28.82,17,17,0,0.15,0.10,0.20,29.36,17,17,0,0.76,0.70,0.80,29.24,17,17,0,2210.68,2175.80,2248.20,24.37,17,0,0
1951047,0.33,0.30,0.40,30.71,17,17,0,0.02,0.00,0.10,29.08,17,17,0,0.35,0.30,0.40,29.38,17,17,0,0.80,0.80,0.80,28.85,17,17,0,0.19,0.10,0.20,29.36,17,17,0,0.78,0.70,0.80,29.24,17,17,0,2204.60,2187.30,2242.80,24.41,17,0,0
1951558,0.33,0.30,0.40,30.72,17,17,0,0.03,-0.10,0.10,29.07,17,17,0,0.39,0.30,0.40,29.35,17,17,0,0.79,0.70,0.80,28.83,17,17,0,0.18,0.10,0.20,29.36,17,17,0,0.76,0.70,0.80,29.24,17,17,0,2238.05,2210.40,2256.40,24.38,17,0,0
1952067,0.35,0.30,0.40,30.71,17,17,0,-0.01,-0.10,0.10,29.09,17,17,0,0.38,0.30,0.40,29.38,17,17,0,0.80,0.70,0.90,28.81,17,17,0,0.16,0.10,0.20,29.35,17,17,0,0.76,0.70,0.80,29.26,17,17,0,2206.36,2195.60,2223.80,24.38,17,0,0
1952579,0.34,0.30,0.40,30.72,17,17,0,0.01,-0.10,0.10,29.08,17,17,0,0.36,0.30,0.40,29.37,17,17,0,0.81,0.80,0.90,28.83,17,17,0,0.18,0.10,0.20,29.35,17,17,0,0.78,0.70,0.80,29.24,17,17,0,2249.65,2228.40,2265.10,24.37,17,0,0
1953079,0.36,0.30,0.40,30.71,16,16,0,0.01,-0.10,0.10,29.06,16,16,0,0.39,0.30,0.40,29.36,16,16,0,0.80,0.80,0.80,28.84,16,16,0,0.18,0.10,0.20,29.36,16,16,0,0.77,0.70,0.80,29.24,16,16,0,2256.21,2229.60,2282.50,24.38,16,0,0
1953589,0.35,0.30,0.40,30.71,17,17,0,0.02,0.00,0.10,29.08,17,17,0,0.38,0.30,0.40,29.37,17,17,0,0.80,0.80,0.80,28.82,17,17,0,0.19,0.10,0.20,29.37,17,17,0,0.78,0.70,0.80,29.23,17,17,0,2271.30,2253.90,2289.40,24.37,17,0,0
1954094,0.32,0.30,0.40,30.72,17,17,0,0.05,0.00,0.10,29.09,17,17,0,0.36,0.30,0.40,29.36,17,17,0,0.80,0.80,0.80,28.81,17,17,0,0.15,0.10,0.20,29.34,17,17,0,0.77,0.70,0.80,29.24,17,17,0,2306.44,2276.60,2328.30,24.33,17,0,0
1954599,0.33,0.30,0.40,30.73,17,17,0,0.02,0.00,0.10,29.08,17,17,0,0.38,0.30,0.40,29.37,17,17,0,0.80,0.80,0.80,28.83,17,17,0,0.15,0.10,0.20,29.35,17,17,0,0.77,0.70,0.80,29.23,17,17,0,2296.92,2287.00,2313.50,24.37,17,0,0
1955104,0.33,0.30,0.40,30.73,17,17,0,0.01,0.00,0.10,29.09,17,17,0,0.39,0.30,0.40,29.38,17,17,0,0.80,0.80,0.80,28.81,17,17,0,0.16,0.10,0.20,29.37,17,17,0,0.78,0.70,0.80,29.23,17,17,0,2341.52,2311.50,2353.70,24.37,17,0,0
1955617,0.32,0.30,0.40,30.73,17,17,0,0.00,-0.10,0.10,29.07,17,17,0,0.37,0.30,0.40,29.38,17,17,0,0.80,0.80,0.80,28.81,17,17,0,0.16,0.10,0.20,29.37,17,17,0,0.77,0.70,0.80,29.22,17,17,0,2319.59,2307.30,2340.20,24.35,17,0,0
1956117,0.34,0.30,0.40,30.73,17,17,0,0.01,-0.10,0.10,29.10,17,17,0,0.37,0.30,0.40,29.36,17,17,0,0.81,0.80,0.90,28.83,17,17,0,0.16,0.10,0.20,29.36,17,17,0,0.78,0.70,0.80,29.26,17,17,0,2348.14,2318.40,2368.90,24.35,17,0,0
1956620,0.35,0.30,0.40,30.72,17,17,0,0.02,-0.10,0.10,29.08,17,17,0,0.38,0.30,0.40,29.37,17,17,0,0.80,0.80,0.80,28.83,17,17,0,0.16,0.10,0.20,29.36,17,17,0,0.77,0.70,0.80,29.24,17,17,0,2322.47,2303.70,2354.20,24.37,17,0,0
1957120,0.35,0.30,0.40,30.72,17,17,0,0.02,0.00,0.10,29.09,17,17,0,0.38,0.30,0.40,29.37,17,17,0,0.79,0.70,0.80,28.82,17,17,0,0.15,0.10,0.20,29.37,17,17,0,0.76,0.70,0.80,29.23,17,17,0,2333.79,2303.70,2367.40,24.36,17,0,0
1957630,0.35,0.30,0.40,30.72,17,17,0,0.03,0.00,0.10,29.08,17,17,0,0.36,0.30,0.40,29.38,17,17,0,0.80,0.80,0.80,28.81,17,17,0,0.16,0.10,0.20,29.37,17,17,0,0.77,0.70,0.80,29.24,17,17,0,2326.71,2304.20,2349.10,24.36,17,0,0
1958138,0.35,0.30,0.40,30.71,17,17,0,0.04,0.00,0.10,29.07,17,17,0,0.39,0.30,0.40,29.36,17,17,0,0.80,0.80,0.80,28.81,17,17,0,0.18,0.10,0.20,29.36,17,17,0,0.78,0.70,0.80,29.25,17,17,0,2280.02,2260.30,2325.30,24.38,17,0,0
1958638,0.31,0.30,0.40,30.74,17,17,0,0.02,-0.10,0.10,29.06,17,17,0,0.35,0.30,0.40,29.36,17,17,0,0.81,0.80,0.90,28.82,17,17,0,0.16,0.10,0.20,29.36,17,17,0,0.78,0.70,0.80,29.23,17,17,0,2309.41,2279.00,2325.50,24.35,17,0,0
1959147,0.34,0.30,0.40,30.73,17,17,0,0.03,0.00,0.10,29.08,17,17,0,0.36,0.30,0.40,29.37,17,17,0,0.80,0.80,0.80,28.82,17,17,0,0.18,0.10,0.20,29.38,17,17,0,0.76,0.70,0.80,29.24,17,17,0,2258.59,2252.60,2275.10,24.40,17,0,0
1959651,0.33,0.30,0.40,30.71,17,17,0,0.04,0.00,0.10,29.09,17,17,0,0.39,0.30,0.40,29.38,17,17,0,0.81,0.80,0.90,28.82,17,17,0,0.16,0.10,0.20,29.36,17,17,0,0.78,0.70,0.80,29.23,17,17,0,2270.51,2240.50,2291.40,24.37,17,0,0
1960153,0.35,0.30,0.40,30.72,17,17,0,0.05,0.00,0.10,29.08,17,17,0,0.37,0.30,0.40,29.38,17,17,0,0.81,0.80,0.90,28.81,17,17,0,0.16,0.10,0.20,29.36,17,17,0,0.78,0.70,0.80,29.23,17,17,0,2239.27,2222.50,2266.60,24.38,17,0,0
1960653,0.34,0.30,0.40,30.72,17,17,0,0.04,-0.10,0.10,29.08,17,17,0,0.38,0.30,0.40,29.36,17,17,0,0.80,0.80,0.80,28.82,17,17,0,0.17,0.10,0.20,29.36,17,17,0,0.77,0.70,0.80,29.25,17,17,0,2241.16,2217.40,2270.60,24.37,17,0,0
1961153,0.33,0.30,0.40,30.71,17,17,0,0.02,-0.10,0.10,29.07,17,17,0,0.37,0.30,0.40,29.37,17,17,0,0.80,0.80,0.80,28.81,17,17,0,0.17,0.10,0.20,29.36,17,17,0,0.76,0.70,0.80,29.24,17,17,0,2227.47,2214.10,2240.30,24.37,17,0,0
1961663,0.32,0.30,0.40,30.72,17,17,0,0.02,-0.10,0.10,29.08,17,17,0,0.38,0.30,0.40,29.37,17,17,0,0.80,0.80,0.80,28.82,17,17,0,0.16,0.10,0.20,29.35,17,17,0,0.77,0.70,0.80,29.25,17,17,0,2196.51,2182.50,2224.90,24.38,17,0,0
1962163,0.34,0.30,0.40,30.73,17,17,0,0.01,0.00,0.10,29.08,17,17,0,0.36,0.30,0.40,29.37,17,17,0,0.81,0.80,0.90,28.81,17,17,0,0.15,0.10,0.20,29.36,17,17,0,0.78,0.70,0.80,29.25,17,17,0,2210.27,2189.60,2225.30,24.39,17,0,0
1962671,0.34,0.30,0.40,30.72,17,17,0,0.03,0.00,0.10,29.09,17,17,0,0.36,0.30,0.40,29.37,17,17,0,0.81,0.80,0.90,28.80,17,17,0,0.16,0.10,0.20,29.36,17,17,0,0.75,0.70,0.80,29.23,17,17,0,2164.71,2154.70,2181.90,24.38,17,0,0
1963175,0.34,0.30,0.40,30.72,17,17,0,0.03,0.00,0.10,29.10,17,17,0,0.38,0.30,0.40,29.39,17,17,0,0.79,0.70,0.80,28.82,17,17,0,0.18,0.10,0.20,29.38,17,17,0,0.76,0.70,0.80,29.25,17,17,0,2194.29,2169.30,2211.20,24.38,17,0,0
1963682,0.36,0.30,0.40,30.72,17,17,0,0.01,-0.10,0.10,29.10,17,17,0,0.38,0.30,0.40,29.37,17,17,0,0.81,0.80,0.90,28.80,17,17,0,0.14,0.10,0.20,29.38,17,17,0,0.78,0.70,0.80,29.24,17,17,0,2172.33,2142.70,2196.70,24.39,17,0,0
1964192,0.33,0.30,0.40,30.73,17,17,0,0.02,-0.10,0.10,29.09,17,17,0,0.38,0.30,0.40,29.39,17,17,0,0.79,0.70,0.80,28.79,17,17,0,0.16,0.10,0.20,29.37,17,17,0,0.75,0.70,0.80,29.25,17,17,0,2176.87,2148.60,2212.00,24.39,17,0,0
1964703,0.32,0.30,0.40,30.71,17,17,0,0.01,-0.10,0.10,29.09,17,17,0,0.39,0.30,0.40,29.37,17,17,0,0.80,0.80,0.80,28.82,17,17,0,0.15,0.10,0.20,29.36,17,17,0,0.78,0.70,0.80,29.24,17,17,0,2185.08,2149.90,2216.70,24.39,17,0,0
1965203,0.33,0.30,0.40,30.73,16,16,0,0.01,-0.10,0.10,29.10,16,16,0,0.38,0.30,0.40,29.37,16,16,0,0.80,0.80,0.80,28.82,16,16,0,0.18,0.10,0.20,29.36,16,16,0,0.76,0.70,0.80,29.23,16,16,0,2155.24,2136.10,2192.20,24.38,16,0,0
1965707,0.35,0.30,0.40,30.71,17,17,0,-0.01,-0.10,0.10,29.08,17,17,0,0.38,0.30,0.40,29.36,17,17,0,0.80,0.80,0.80,28.81,17,17,0,0.15,0.10,0.20,29.37,17,17,0,0.78,0.70,0.80,29.24,17,17,0,2192.72,2159.00,2207.60,24.40,17,0,0
1966216,0.35,0.30,0.40,30.71,17,17,0,0.02,-0.10,0.10,29.08,17,17,0,0.37,0.30,0.40,29.37,17,17,0,0.80,0.80,0.80,28.81,17,17,0,0.18,0.10,0.20,29.36,17,17,0,0.76,0.70,0.80,29.24,17,17,0,2155.06,2139.50,2189.10,24.38,17,0,0
1966721,0.34,0.30,0.40,30.73,17,17,0,0.02,-0.10,0.10,29.09,17,17,0,0.36,0.30,0.40,29.37,17,17,0,0.80,0.80,0.80,28.81,17,17,0,0.18,0.10,0.20,29.36,17,17,0,0.76,0.70,0.80,29.23,17,17,0,2195.83,2154.10,2225.90,24.39,17,0,0
1967225,0.35,0.30,0.40,30.71,17,17,0,0.01,-0.10,0.10,29.08,17,17,0,0.36,0.30,0.40,29.39,17,17,0,0.81,0.80,0.90,28.81,17,17,0,0.16,0.10,0.20,29.38,17,17,0,0.77,0.70,0.80,29.27,17,17,0,2175.26,2147.20,2209.40,24.37,17,0,0
1967728,0.33,0.30,0.40,30.71,17,17,0,0.01,-0.10,0.10,29.10,17,17,0,0.38,0.30,0.40,29.35,17,17,0,0.80,0.80,0.80,28.81,17,17,0,0.16,0.10,0.20,29.37,17,17,0,0.78,0.70,0.80,29.25,17,17,0,2163.09,2130.60,2214.60,24.38,17,0,0
1968228,0.32,0.30,0.40,30.72,17,17,0,0.05,-0.10,0.10,29.08,17,17,0,0.35,0.30,0.40,29.39,17,17,0,0.80,0.80,0.80,28.82,17,17,0,0.16,0.10,0.20,29.37,17,17,0,0.76,0.70,0.80,29.23,17,17,0,2181.87,2132.10,2216.80,24.38,17,0,0
1968736,0.32,0.30,0.40,30.70,17,17,0,0.03,0.00,0.10,29.09,17,17,0,0.39,0.30,0.40,29.38,17,17,0,0.80,0.80,0.80,28.81,17,17,0,0.16,0.10,0.20,29.35,17,17,0,0.78,0.70,0.80,29.24,17,17,0,2157.44,2151.30,2185.60,24.37,17,0,0
1969240,0.35,0.30,0.40,30.70,17,17,0,0.01,-0.10,0.10,29.08,17,17,0,0.36,0.30,0.40,29.36,17,17,0,0.80,0.80,0.80,28.82,17,17,0,0.16,0.10,0.20,29.37,17,17,0,0.77,0.70,0.80,29.24,17,17,0,2193.58,2168.50,2210.80,24.37,17,0,0
1969747,0.35,0.30,0.40,30.73,17,17,0,0.02,-0.10,0.10,29.08,17,17,0,0.36,0.30,0.40,29.37,17,17,0,0.81,0.80,0.90,28.81,17,17,0,0.17,0.10,0.20,29.35,17,17,0,0.79,0.70,0.80,29.26,17,17,0,2165.37,2155.10,2189.90,24.38,17,0,0
1970247,0.34,0.30,0.40,30.72,17,17,0,0.04,0.00,0.10,29.08,17,17,0,0.37,0.30,0.40,29.38,17,17,0,0.80,0.80,0.80,28.80,17,17,0,0.16,0.10,0.20,29.36,17,17,0,0.78,0.70,0.80,29.25,17,17,0,2199.67,2183.20,2212.60,24.38,17,0,0
1970749,0.35,0.30,0.40,30.72,17,17,0,0.03,0.00,0.10,29.08,17,17,0,0.36,0.30,0.40,29.37,17,17,0,0.80,0.80,0.80,28.82,17,17,0,0.16,0.10,0.20,29.37,17,17,0,0.78,0.70,0.80,29.24,17,17,0,2208.86,2182.30,2235.10,24.38,17,0,0
1971249,0.35,0.30,0.40,30.72,17,17,0,0.03,0.00,0.10,29.08,17,17,0,0.36,0.30,0.40,29.38,17,17,0,0.80,0.70,0.90,28.81,17,17,0,0.17,0.10,0.20,29.37,17,17,0,0.78,0.70,0.80,29.25,17,17,0,2232.08,2218.00,2247.10,24.37,17,0,0
1971753,0.35,0.30,0.40,30.73,17,17,0,0.01,-0.10,0.10,29.09,17,17,0,0.39,0.30,0.40,29.37,17,17,0,0.80,0.80,0.80,28.80,17,17,0,0.15,0.10,0.20,29.39,17,17,0,0.78,0.70,0.80,29.24,17,17,0,2261.97,2237.90,2279.70,24.36,17,0,0
1972262,0.36,0.30,0.40,30.72,17,17,0,0.02,-0.10,0.10,29.09,17,17,0,0.38,0.30,0.40,29.36,17,17,0,0.80,0.80,0.80,28.81,17,17,0,0.16,0.10,0.20,29.37,17,17,0,0.76,0.70,0.80,29.25,17,17,0,2258.44,2248.40,2272.50,24.38,17,0,0
1972762,0.34,0.30,0.40,30.72,17,17,0,0.04,0.00,0.10,29.08,17,17,0,0.36,0.30,0.40,29.36,17,17,0,0.80,0.80,0.80,28.82,17,17,0,0.16,0.10,0.20,29.37,17,17,0,0.75,0.70,0.80,29.24,17,17,0,2283.33,2268.40,2291.60,24.38,17,0,0
1973271,0.34,0.30,0.40,30.73,17,17,0,0.02,-0.10,0.10,29.10,17,17,0,0.37,0.30,0.40,29.38,17,17,0,0.80,0.80,0.80,28.80,17,17,0,0.16,0.10,0.20,29.38,17,17,0,0.76,0.70,0.80,29.24,17,17,0,2270.60,2257.50,2283.90,24.37,17,0,0
1973775,0.34,0.30,0.40,30.73,17,17,0,0.02,-0.10,0.10,29.10,17,17,0,0.36,0.30,0.40,29.38,17,17,0,0.80,0.80,0.80,28.80,17,17,0,0.15,0.10,0.20,29.38,17,17,0,0.79,0.70,0.80,29.25,17,17,0,2303.52,2274.50,2322.30,24.35,17,0,0
1974286,0.34,0.30,0.40,30.73,17,17,0,0.01,-0.10,0.10,29.09,17,17,0,0.37,0.30,0.40,29.37,17,17,0,0.79,0.70,0.80,28.80,17,17,0,0.16,0.10,0.20,29.37,17,17,0,0.76,0.70,0.80,29.26,17,17,0,2290.34,2269.90,2323.00,24.36,17,0,0
1974791,0.32,0.30,0.40,30.72,17,17,0,0.02,0.00,0.10,29.08,17,17,0,0.35,0.30,0.40,29.36,17,17,0,0.80,0.80,0.80,28.82,17,17,0,0.18,0.10,0.20,29.37,17,17,0,0.78,0.70,0.80,29.25,17,17,0,2279.54,2254.30,2315.60,24.36,17,0,0
1975296,0.33,0.30,0.40,30.73,17,17,0,0.01,-0.10,0.10,29.08,17,17,0,0.39,0.30,0.40,29.37,17,17,0,0.80,0.80,0.80,28.82,17,17,0,0.16,0.10,0.20,29.36,17,17,0,0.76,0.70,0.80,29.24,17,17,0,2288.40,2262.40,2307.70,24.36,17,0,0
1975809,0.34,0.30,0.40,30.71,17,17,0,0.04,0.00,0.10,29.08,17,17,0,0.35,0.30,0.40,29.37,17,17,0,0.81,0.80,0.90,28.81,17,17,0,0.16,0.10,0.20,29.37,17,17,0,0.79,0.70,0.80,29.25,17,17,0,2236.25,2222.20,2274.50,24.37,17,0,0
1976309,0.32,0.30,0.40,30.72,17,17,0,0.02,-0.10,0.10,29.08,17,17,0,0.36,0.30,0.40,29.36,17,17,0,0.80,0.70,0.90,28.81,17,17,0,0.16,0.10,0.20,29.36,17,17,0,0.78,0.70,0.80,29.24,17,17,0,2265.76,2236.40,2284.60,24.36,17,0,0
1976812,0.33,0.30,0.40,30.71,17,17,0,0.04,0.00,0.10,29.09,17,17,0,0.36,0.30,0.40,29.36,17,17,0,0.80,0.80,0.80,28.81,17,17,0,0.16,0.10,0.20,29.36,17,17,0,0.78,0.70,0.80,29.25,17,17,0,2214.17,2198.50,2233.80,24.37,17,0,0
1977312,0.34,0.30,0.40,30.72,17,17,0,0.02,-0.10,0.10,29.08,17,17,0,0.37,0.30,0.40,29.38,17,17,0,0.80,0.80,0.80,28.83,17,17,0,0.17,0.10,0.20,29.36,17,17,0,0.76,0.70,0.80,29.23,17,17,0,2227.12,2187.70,2258.30,24.35,17,0,0
1977818,0.33,0.30,0.40,30.72,17,17,0,0.00,-0.10,0.10,29.08,17,17,0,0.36,0.30,0.40,29.39,17,17,0,0.80,0.80,0.80,28.83,17,17,0,0.16,0.10,0.20,29.38,17,17,0,0.77,0.70,0.80,29.24,17,17,0,2194.38,2178.00,2225.40,24.39,17,0,0
1978318,0.32,0.30,0.40,30.71,17,17,0,0.02,-0.10,0.10,29.08,17,17,0,0.37,0.30,0.40,29.38,17,17,0,0.81,0.80,0.90,28.82,17,17,0,0.17,0.10,0.20,29.36,17,17,0,0.78,0.70,0.80,29.26,17,17,0,2189.79,2166.20,2222.20,24.37,17,0,0
1978820,0.33,0.30,0.40,30.73,17,17,0,0.01,-0.10,0.10,29.07,17,17,0,0.39,0.30,0.40,29.38,17,17,0,0.80,0.80,0.80,28.83,17,17,0,0.15,0.10,0.20,29.37,17,17,0,0.78,0.70,0.80,29.25,17,17,0,2194.86,2172.20,2211.00,24.37,17,0,0
1979320,0.32,0.30,0.40,30.73,17,17,0,0.02,-0.10,0.10,29.08,17,17,0,0.36,0.30,0.40,29.37,17,17,0,0.80,0.80,0.80,28.80,17,17,0,0.16,0.10,0.20,29.38,17,17,0,0.78,0.70,0.80,29.26,17,17,0,2150.19,2136.10,2186.60,24.37,17,0,0
1979824,0.35,0.30,0.40,30.71,17,17,0,0.03,0.00,0.10,29.09,17,17,0,0.36,0.30,0.40,29.39,17,17,0,0.80,0.80,0.80,28.81,17,17,0,0.18,0.10,0.20,29.35,17,17,0,0.77,0.70,0.80,29.25,17,17,0,2171.95,2150.30,2185.00,24.37,17,0,0
1980326,0.32,0.30,0.40,30.69,17,17,0,0.01,0.00,0.10,29.10,17,17,0,0.36,0.30,0.40,29.38,17,17,0,0.81,0.80,0.90,28.81,17,17,0,0.16,0.10,0.20,29.38,17,17,0,0.78,0.70,0.80,29.23,17,17,0,2140.56,2128.20,2157.90,24.36,17,0,0
1980826,0.35,0.30,0.40,30.73,17,17,0,0.04,0.00,0.10,29.08,17,17,0,0.39,0.30,0.40,29.38,17,17,0,0.80,0.80,0.80,28.81,17,17,0,0.16,0.10,0.20,29.37,17,17,0,0.78,0.70,0.80,29.25,17,17,0,2173.19,2146.60,2188.20,24.39,17,0,0
1981336,0.35,0.30,0.40,30.72,17,17,0,0.01,-0.10,0.10,29.07,17,17,0,0.37,0.30,0.40,29.39,17,17,0,0.80,0.80,0.80,28.81,17,17,0,0.16,0.10,0.20,29.36,17,17,0,0.76,0.70,0.80,29.26,17,17,0,2154.71,2136.00,2183.30,24.38,17,0,0
1981845,0.32,0.30,0.40,30.74,17,17,0,0.04,-0.10,0.10,29.09,17,17,0,0.36,0.30,0.40,29.38,17,17,0,0.80,0.80,0.80,28.82,17,17,0,0.16,0.10,0.20,29.36,17,17,0,0.76,0.70,0.80,29.26,17,17,0,2152.88,2123.40,2184.90,24.36,17,0,0
1982347,0.34,0.30,0.40,30.72,17,17,0,0.00,-0.10,0.10,29.09,17,17,0,0.36,0.30,0.40,29.39,17,17,0,0.80,0.80,0.80,28.81,17,17,0,0.16,0.10,0.20,29.37,17,17,0,0.77,0.70,0.80,29.23,17,17,0,2162.26,2127.10,2196.80,24.35,17,0,0
1982847,0.34,0.30,0.40,30.73,17,17,0,0.02,0.00,0.10,29.09,17,17,0,0.37,0.30,0.40,29.37,17,17,0,0.81,0.80,0.90,28.80,17,17,0,0.15,0.10,0.20,29.37,17,17,0,0.77,0.70,0.80,29.26,17,17,0,2147.37,2133.60,2174.10,24.36,17,0,0
1983351,0.34,0.30,0.40,30.72,17,17,0,0.02,0.00,0.10,29.08,17,17,0,0.36,0.30,0.40,29.37,17,17,0,0.80,0.80,0.80,28.81,17,17,0,0.17,0.10,0.20,29.38,17,17,0,0.76,0.70,0.80,29.24,17,17,0,2169.96,2148.00,2188.90,24.36,17,0,0
1983855,0.35,0.30,0.40,30.73,16,16,0,0.04,0.00,0.10,29.08,16,16,0,0.37,0.30,0.40,29.39,16,16,0,0.80,0.80,0.80,28.80,16,16,0,0.16,0.10,0.20,29.36,16,16,0,0.78,0.70,0.80,29.25,16,16,0,2120.67,2104.10,2146.10,24.39,16,0,0
1984360,0.34,0.30,0.40,30.72,17,17,0,0.02,0.00,0.10,29.08,17,17,0,0.36,0.30,0.40,29.37,17,17,0,0.80,0.80,0.80,28.82,17,17,0,0.17,0.10,0.20,29.35,17,17,0,0.76,0.70,0.80,29.25,17,17,0,2164.31,2129.40,2187.20,24.37,17,0,0
1984868,0.34,0.30,0.40,30.72,17,17,0,0.02,-0.10,0.10,29.08,17,17,0,0.38,0.30,0.40,29.39,17,17,0,0.81,0.80,0.90,28.81,17,17,0,0.16,0.10,0.20,29.36,17,17,0,0.78,0.70,0.80,29.25,17,17,0,2143.90,2116.90,2178.50,24.36,17,0,0
1985368,0.34,0.30,0.40,30.72,17,17,0,0.03,0.00,0.10,29.08,17,17,0,0.34,0.30,0.40,29.38,17,17,0,0.79,0.70,0.80,28.81,17,17,0,0.18,0.10,0.20,29.36,17,17,0,0.77,0.70,0.80,29.24,17,17,0,2152.91,2126.20,2191.20,24.37,17,0,0
1985881,0.34,0.30,0.40,30.72,17,17,0,0.02,-0.10,0.10,29.07,17,17,0,0.36,0.30,0.40,29.38,17,17,0,0.80,0.80,0.80,28.82,17,17,0,0.15,0.10,0.20,29.36,17,17,0,0.78,0.70,0.80,29.23,17,17,0,2173.62,2136.00,2197.20,24.37,17,0,0
1986385,0.35,0.30,0.40,30.71,17,17,0,0.02,-0.10,0.10,29.09,17,17,0,0.37,0.30,0.40,29.39,17,17,0,0.81,0.80,0.90,28.82,17,17,0,0.16,0.10,0.20,29.38,17,17,0,0.78,0.70,0.80,29.25,17,17,0,2137.08,2125.80,2164.90,24.37,17,0,0
1986885,0.32,0.30,0.40,30.73,17,17,0,0.04,0.00,0.10,29.08,17,17,0,0.36,0.30,0.40,29.36,17,17,0,0.80,0.80,0.80,28.82,17,17,0,0.15,0.10,0.20,29.36,17,17,0,0.78,0.70,0.80,29.24,17,17,0,2185.42,2159.60,2205.30,24.37,17,0,0
1987389,0.34,0.30,0.40,30.73,17,17,0,0.02,-0.10,0.10,29.08,17,17,0,0.37,0.30,0.40,29.38,17,17,0,0.80,0.80,0.80,28.83,17,17,0,0.17,0.10,0.20,29.36,17,17,0,0.77,0.70,0.80,29.25,17,17,0,2149.69,2136.00,2180.00,24.36,17,0,0
1987892,0.34,0.30,0.40,30.74,17,17,0,0.02,0.00,0.10,29.07,17,17,0,0.35,0.30,0.40,29.37,17,17,0,0.81,0.80,0.90,28.81,17,17,0,0.18,0.10,0.20,29.38,17,17,0,0.77,0.70,0.80,29.26,17,17,0,2190.39,2162.00,2209.30,24.36,17,0,0
1988394,0.32,0.30,0.40,30.72,17,17,0,0.03,-0.10,0.10,29.07,17,17,0,0.39,0.30,0.40,29.37,17,17,0,0.80,0.80,0.80,28.82,17,17,0,0.16,0.10,0.20,29.36,17,17,0,0.78,0.70,0.80,29.26,17,17,0,2193.09,2161.50,2239.00,24.37,17,0,0
1988894,0.35,0.30,0.40,30.73,17,17,0,0.04,-0.10,0.10,29.08,17,17,0,0.37,0.30,0.40,29.37,17,17,0,0.80,0.80,0.80,28.81,17,17,0,0.15,0.10,0.20,29.36,17,17,0,0.78,0.70,0.80,29.27,17,17,0,2222.94,2206.00,2240.10,24.37,17,0,0
1989402,0.35,0.30,0.40,30.71,17,17,0,0.02,0.00,0.10,29.08,17,17,0,0.38,0.30,0.40,29.37,17,17,0,0.80,0.80,0.80,28.81,17,17,0,0.16,0.10,0.20,29.36,17,17,0,0.78,0.70,0.80,29.26,17,17,0,2247.57,2215.60,2264.90,24.35,17,0,0
1989911,0.34,0.30,0.40,30.71,17,17,0,0.03,-0.10,0.10,29.09,17,17,0,0.37,0.30,0.40,29.40,17,17,0,0.80,0.80,0.80,28.81,17,17,0,0.16,0.10,0.20,29.37,17,17,0,0.77,0.70,0.80,29.24,17,17,0,2234.91,2220.90,2254.70,24.37,17,0,0
1990411,0.34,0.30,0.40,30.72,17,17,0,0.02,-0.10,0.10,29.09,17,17,0,0.38,0.30,0.40,29.39,17,17,0,0.80,0.80,0.80,28.81,17,17,0,0.14,0.10,0.20,29.38,17,17,0,0.76,0.70,0.80,29.23,17,17,0,2284.33,2255.40,2298.50,24.37,17,0,0
1990919,0.33,0.30,0.40,30.73,17,17,0,0.04,0.00,0.10,29.08,17,17,0,0.39,0.30,0.40,29.38,17,17,0,0.81,0.80,0.90,28.82,17,17,0,0.16,0.10,0.20,29.36,17,17,0,0.76,0.70,0.80,29.24,17,17,0,2269.88,2263.60,2286.50,24.37,17,0,0
1991424,0.34,0.30,0.40,30.72,17,17,0,0.02,-0.10,0.10,29.08,17,17,0,0.36,0.30,0.40,29.38,17,17,0,0.80,0.80,0.80,28.82,17,17,0,0.16,0.10,0.20,29.36,17,17,0,0.76,0.70,0.80,29.26,17,17,0,2290.96,2266.20,2307.80,24.34,17,0,0
1991931,0.33,0.30,0.40,30.71,17,17,0,0.01,-0.10,0.10,29.08,17,17,0,0.38,0.30,0.40,29.38,17,17,0,0.80,0.80,0.80,28.84,17,17,0,0.16,0.10,0.20,29.36,17,17,0,0.78,0.70,0.80,29.24,17,17,0,2280.06,2263.00,2313.10,24.36,17,0,0
1992431,0.32,0.30,0.40,30.72,17,17,0,0.01,0.00,0.10,29.07,17,17,0,0.34,0.30,0.40,29.38,17,17,0,0.81,0.80,0.90,28.82,17,17,0,0.15,0.10,0.20,29.35,17,17,0,0.78,0.70,0.80,29.22,17,17,0,2281.90,2257.70,2309.30,24.36,17,0,0
1992939,0.35,0.30,0.40,30.73,17,17,0,0.03,0.00,0.10,29.08,17,17,0,0.35,0.30,0.40,29.39,17,17,0,0.80,0.80,0.80,28.82,17,17,0,0.17,0.10,0.20,29.37,17,17,0,0.78,0.70,0.80,29.24,17,17,0,2279.36,2259.00,2297.30,24.38,17,0,0
1993450,0.33,0.30,0.40,30.72,17,17,0,0.04,0.00,0.10,29.09,17,17,0,0.38,0.30,0.40,29.39,17,17,0,0.80,0.80,0.80,28.80,17,17,0,0.16,0.10,0.20,29.37,17,17,0,0.78,0.70,0.80,29.25,17,17,0,2247.44,2231.30,2281.50,24.36,17,0,0
1993960,0.36,0.30,0.40,30.73,17,17,0,0.04,0.00,0.10,29.07,17,17,0,0.38,0.30,0.40,29.40,17,17,0,0.80,0.80,0.80,28.81,17,17,0,0.16,0.10,0.20,29.38,17,17,0,0.78,0.70,0.80,29.24,17,17,0,2258.19,2230.80,2273.00,24.35,17,0,0
1994471,0.35,0.30,0.40,30.71,17,17,0,0.02,0.00,0.10,29.07,17,17,0,0.35,0.30,0.40,29.38,17,17,0,0.80,0.80,0.80,28.81,17,17,0,0.16,0.10,0.20,29.35,17,17,0,0.79,0.70,0.80,29.24,17,17,0,2206.74,2194.00,2222.00,24.36,17,0,0
1994971,0.32,0.30,0.40,30.72,17,17,0,0.02,0.00,0.10,29.08,17,17,0,0.36,0.30,0.40,29.39,17,17,0,0.80,0.80,0.80,28.83,17,17,0,0.16,0.10,0.20,29.37,17,17,0,0.79,0.70,0.80,29.25,17,17,0,2219.12,2191.90,2239.50,24.38,17,0,0
1995479,0.35,0.30,0.40,30.72,17,17,0,0.03,-0.10,0.10,29.08,17,17,0,0.37,0.30,0.40,29.40,17,17,0,0.80,0.80,0.80,28.83,17,17,0,0.16,0.10,0.20,29.38,17,17,0,0.80,0.80,0.80,29.23,17,17,0,2196.24,2180.20,2220.20,24.39,17,0,0
1995989,0.32,0.30,0.40,30.72,17,17,0,0.03,-0.10,0.10,29.09,17,17,0,0.40,0.40,0.40,29.40,17,17,0,0.80,0.80,0.80,28.81,17,17,0,0.15,0.10,0.20,29.38,17,17,0,0.75,0.70,0.80,29.25,17,17,0,2179.81,2155.00,2214.50,24.37,17,0,0
1996497,0.33,0.30,0.40,30.72,17,17,0,0.02,-0.10,0.10,29.08,17,17,0,0.36,0.30,0.40,29.39,17,17,0,0.81,0.80,0.90,28.81,17,17,0,0.19,0.10,0.20,29.36,17,17,0,0.78,0.70,0.80,29.26,17,17,0,2176.95,2158.20,2194.80,24.40,17,0,0
1996997,0.34,0.30,0.40,30.71,17,17,0,0.05,0.00,0.10,29.08,17,17,0,0.38,0.30,0.40,29.38,17,17,0,0.81,0.80,0.90,28.83,17,17,0,0.16,0.10,0.20,29.37,17,17,0,0.77,0.70,0.80,29.25,17,17,0,2132.57,2116.20,2165.10,24.38,17,0,0
1997497,0.34,0.30,0.40,30.72,17,17,0,0.02,0.00,0.10,29.07,17,17,0,0.37,0.30,0.40,29.39,17,17,0,0.80,0.80,0.80,28.83,17,17,0,0.15,0.10,0.20,29.38,17,17,0,0.75,0.70,0.80,29.24,17,17,0,2167.58,2142.30,2184.80,24.37,17,0,0
1998004,0.33,0.30,0.40,30.70,17,17,0,0.01,-0.10,0.10,29.07,17,17,0,0.38,0.30,0.40,29.40,17,17,0,0.81,0.80,0.90,28.81,17,17,0,0.16,0.10,0.20,29.36,17,17,0,0.79,0.70,0.80,29.25,17,17,0,2138.34,2126.60,2159.10,24.37,17,0,0
1998504,0.32,0.30,0.40,30.73,17,17,0,0.06,0.00,0.10,29.08,17,17,0,0.37,0.30,0.40,29.40,17,17,0,0.80,0.80,0.80,28.82,17,17,0,0.16,0.10,0.20,29.37,17,17,0,0.77,0.70,0.80,29.27,17,17,0,2157.35,2133.20,2177.10,24.39,17,0,0
1999012,0.34,0.30,0.40,30.71,17,17,0,0.02,-0.10,0.10,29.06,17,17,0,0.38,0.30,0.40,29.37,17,17,0,0.80,0.80,0.80,28.82,17,17,0,0.18,0.10,0.20,29.36,17,17,0,0.78,0.70,0.80,29.26,17,17,0,2150.67,2123.80,2185.80,24.38,17,0,0
1999517,0.32,0.30,0.40,30.72,17,17,0,0.02,-0.10,0.10,29.07,17,17,0,0.38,0.30,0.40,29.39,17,17,0,0.80,0.80,0.80,28.82,17,17,0,0.18,0.10,0.20,29.38,17,17,0,0.79,0.70,0.80,29.25,17,17,0,2133.94,2115.00,2177.10,24.35,17,0,0
2000019,0.36,0.30,0.40,30.72,17,17,0,0.02,0.00,0.10,29.09,17,17,0,0.38,0.30,0.40,29.39,17,17,0,0.80,0.80,0.80,28.82,17,17,0,0.16,0.10,0.20,29.38,17,17,0,0.79,0.70,0.80,29.24,17,17,0,2166.35,2125.00,2189.30,24.36,17,0,0
2000524,0.32,0.30,0.40,30.72,17,17,0,0.01,-0.10,0.10,29.08,17,17,0,0.34,0.30,0.40,29.39,17,17,0,0.81,0.80,0.90,28.81,17,17,0,0.15,0.10,0.20,29.36,17,17,0,0.78,0.70,0.80,29.24,17,17,0,2136.32,2128.30,2157.30,24.37,17,0,0
2001035,0.34,0.30,0.40,30.72,17,17,0,0.02,-0.10,0.10,29.08,17,17,0,0.38,0.30,0.40,29.38,17,17,0,0.80,0.80,0.80,28.82,17,17,0,0.16,0.10,0.20,29.37,17,17,0,0.77,0.70,0.80,29.24,17,17,0,2160.20,2127.60,2178.60,24.38,17,0,0
2001546,0.34,0.30,0.40,30.74,17,17,0,0.02,-0.10,0.10,29.08,17,17,0,0.37,0.30,0.40,29.38,17,17,0,0.80,0.80,0.80,28.81,17,17,0,0.16,0.10,0.20,29.36,17,17,0,0.78,0.70,0.80,29.25,17,17,0,2125.11,2107.30,2160.10,24.37,17,0,0
2002049,0.34,0.30,0.40,30.71,17,17,0,0.04,0.00,0.10,29.08,17,17,0,0.38,0.30,0.40,29.38,17,17,0,0.81,0.80,0.90,28.81,17,17,0,0.15,0.10,0.20,29.38,17,17,0,0.78,0.70,0.80,29.25,17,17,0,2154.35,2121.60,2184.70,24.38,17,0,0
2002549,0.33,0.30,0.40,30.73,16,16,0,0.01,-0.10,0.10,29.08,16,16,0,0.36,0.30,0.40,29.38,16,16,0,0.80,0.80,0.80,28.82,16,16,0,0.16,0.10,0.20,29.37,16,16,0,0.78,0.70,0.80,29.25,16,16,0,2141.98,2106.60,2178.80,24.38,16,0,0
2003049,0.32,0.30,0.40,30.71,17,17,0,0.01,-0.10,0.10,29.08,17,17,0,0.37,0.30,0.40,29.38,17,17,0,0.80,0.80,0.80,28.82,17,17,0,0.17,0.10,0.20,29.37,17,17,0,0.76,0.70,0.80,29.24,17,17,0,2140.62,2125.30,2182.50,24.37,17,0,0
2003551,0.34,0.30,0.40,30.71,17,17,0,0.01,-0.10,0.10,29.08,17,17,0,0.38,0.30,0.40,29.39,17,17,0,0.80,0.80,0.80,28.83,17,17,0,0.16,0.10,0.20,29.36,17,17,0,0.78,0.70,0.80,29.25,17,17,0,2168.64,2133.00,2195.40,24.38,17,0,0
2004055,0.34,0.30,0.40,30.73,17,17,0,0.02,0.00,0.10,29.07,17,17,0,0.39,0.30,0.40,29.40,17,17,0,0.80,0.80,0.80,28.82,17,17,0,0.17,0.10,0.20,29.37,17,17,0,0.78,0.70,0.80,29.25,17,17,0,2134.99,2122.80,2159.80,24.38,17,0,0
2004555,0.34,0.30,0.40,30.71,17,17,0,0.03,-0.10,0.10,29.08,17,17,0,0.37,0.30,0.40,29.39,17,17,0,0.80,0.80,0.80,28.83,17,17,0,0.17,0.10,0.20,29.36,17,17,0,0.76,0.70,0.80,29.23,17,17,0,2166.88,2141.80,2183.00,24.37,17,0,0
2005057,0.35,0.30,0.40,30.73,17,17,0,0.02,-0.10,0.10,29.07,17,17,0,0.36,0.30,0.40,29.41,17,17,0,0.81,0.80,0.90,28.84,17,17,0,0.16,0.10,0.20,29.35,17,17,0,0.77,0.70,0.80,29.24,17,17,0,2145.82,2129.60,2178.10,24.38,17,0,0
2005562,0.34,0.30,0.40,30.72,17,17,0,-0.01,-0.10,0.00,29.07,17,17,0,0.37,0.30,0.40,29.40,17,17,0,0.80,0.80,0.80,28.81,17,17,0,0.15,0.10,0.20,29.35,17,17,0,0.77,0.70,0.80,29.23,17,17,0,2182.97,2161.30,2201.10,24.36,17,0,0
2006062,0.34,0.30,0.40,30.71,16,16,0,0.03,-0.10,0.10,29.09,16,16,0,0.38,0.30,0.40,29.38,16,16,0,0.80,0.80,0.80,28.82,16,16,0,0.13,0.10,0.20,29.36,16,16,0,0.78,0.70,0.80,29.23,16,16,0,2195.23,2166.90,2218.80,24.35,16,0,0
2006573,0.34,0.30,0.40,30.73,17,17,0,0.05,0.00,0.10,29.09,17,17,0,0.36,0.30,0.40,29.39,17,17,0,0.80,0.80,0.80,28.83,17,17,0,0.15,0.10,0.20,29.37,17,17,0,0.78,0.70,0.80,29.22,17,17,0,2206.45,2195.60,2219.00,24.37,17,0,0
2007082,0.34,0.30,0.40,30.71,17,17,0,0.01,-0.10,0.10,29.07,17,17,0,0.36,0.30,0.40,29.38,17,17,0,0.81,0.80,0.90,28.83,17,17,0,0.15,0.10,0.20,29.37,17,17,0,0.78,0.70,0.80,29.24,17,17,0,2246.51,2217.50,2260.40,24.35,17,0,0
2007583,0.36,0.30,0.40,30.72,17,17,0,0.05,0.00,0.10,29.09,17,17,0,0.36,0.30,0.40,29.39,17,17,0,0.81,0.80,0.90,28.81,17,17,0,0.17,0.10,0.20,29.36,17,17,0,0.78,0.70,0.80,29.22,17,17,0,2227.47,2214.90,2243.30,24.36,17,0,0
2008083,0.32,0.30,0.40,30.74,16,16,0,0.03,0.00,0.10,29.10,16,16,0,0.36,0.30,0.40,29.39,16,16,0,0.80,0.80,0.80,28.82,16,16,0,0.18,0.10,0.20,29.37,16,16,0,0.76,0.70,0.80,29.24,16,16,0,2270.66,2252.90,2279.60,24.36,16,0,0
2008583,0.32,0.30,0.40,30.74,17,17,0,0.03,0.00,0.10,29.09,17,17,0,0.36,0.30,0.40,29.40,17,17,0,0.80,0.80,0.80,28.81,17,17,0,0.17,0.10,0.20,29.36,17,17,0,0.78,0.70,0.80,29.24,17,17,0,2260.71,2244.60,2284.20,24.35,17,0,0
2009096,0.35,0.30,0.40,30.74,17,17,0,0.02,-0.10,0.10,29.08,17,17,0,0.38,0.30,0.40,29.38,17,17,0,0.80,0.80,0.80,28.82,17,17,0,0.17,0.10,0.20,29.36,17,17,0,0.77,0.70,0.80,29.25,17,17,0,2275.45,2250.10,2301.60,24.36,17,0,0
2009604,0.32,0.30,0.40,30.72,17,17,0,0.01,-0.10,0.10,29.07,17,17,0,0.38,0.30,0.40,29.40,17,17,0,0.80,0.80,0.80,28.84,17,17,0,0.18,0.10,0.20,29.36,17,17,0,0.79,0.70,0.80,29.23,17,17,0,2262.63,2237.10,2295.40,24.37,17,0,0
2010114,0.34,0.30,0.40,30.70,17,17,0,0.03,-0.10,0.10,29.07,17,17,0,0.37,0.30,0.40,29.40,17,17,0,0.80,0.80,0.80,28.82,17,17,0,0.15,0.10,0.20,29.38,17,17,0,0.76,0.70,0.80,29.24,17,17,0,2257.49,2235.50,2292.10,24.37,17,0,0
2010622,0.34,0.30,0.40,30.73,17,17,0,-0.01,-0.10,0.00,29.09,17,17,0,0.35,0.30,0.40,29.39,17,17,0,0.80,0.80,0.80,28.83,17,17,0,0.17,0.10,0.20,29.37,17,17,0,0.78,0.70,0.80,29.24,17,17,0,2273.76,2245.60,2292.50,24.37,17,0,0
2011133,0.34,0.30,0.40,30.71,17,17,0,0.04,0.00,0.10,29.07,17,17,0,0.38,0.30,0.40,29.38,17,17,0,0.80,0.80,0.80,28.83,17,17,0,0.16,0.10,0.20,29.39,17,17,0,0.76,0.70,0.80,29.26,17,17,0,2220.36,2208.40,2249.40,24.37,17,0,0
2011642,0.34,0.30,0.40,30.73,17,17,0,0.01,-0.10,0.10,29.09,17,17,0,0.40,0.40,0.40,29.39,17,17,0,0.79,0.70,0.80,28.81,17,17,0,0.17,0.10,0.20,29.37,17,17,0,0.78,0.70,0.80,29.23,17,17,0,2236.00,2206.00,2256.50,24.34,17,0,0
2012146,0.34,0.30,0.40,30.72,17,17,0,0.04,0.00,0.10,29.11,17,17,0,0.38,0.30,0.40,29.38,17,17,0,0.80,0.80,0.80,28.83,17,17,0,0.17,0.10,0.20,29.36,17,17,0,0.78,0.70,0.80,29.24,17,17,0,2196.21,2182.80,2217.60,24.37,17,0,0
2012646,0.32,0.30,0.40,30.72,17,17,0,0.04,-0.10,0.10,29.09,17,17,0,0.38,0.30,0.40,29.39,17,17,0,0.80,0.80,0.80,28.82,17,17,0,0.18,0.10,0.20,29.37,17,17,0,0.76,0.70,0.80,29.23,17,17,0,2204.30,2182.60,2226.30,24.37,17,0,0
2013149,0.34,0.30,0.40,30.70,17,17,0,0.03,-0.10,0.10,29.09,17,17,0,0.36,0.30,0.40,29.38,17,17,0,0.80,0.80,0.80,28.83,17,17,0,0.15,0.10,0.20,29.36,17,17,0,0.75,0.70,0.80,29.25,17,17,0,2192.56,2180.60,2208.60,24.37,17,0,0
2013660,0.35,0.30,0.40,30.72,17,17,0,0.03,0.00,0.10,29.09,17,17,0,0.39,0.30,0.40,29.40,17,17,0,0.81,0.80,0.90,28.84,17,17,0,0.14,0.10,0.20,29.36,17,17,0,0.76,0.70,0.80,29.23,17,17,0,2167.11,2146.90,2193.50,24.36,17,0,0
2014172,0.34,0.30,0.40,30.70,17,17,0,0.04,-0.10,0.10,29.09,17,17,0,0.38,0.30,0.40,29.40,17,17,0,0.80,0.80,0.80,28.81,17,17,0,0.16,0.10,0.20,29.38,17,17,0,0.77,0.70,0.80,29.23,17,17,0,2173.29,2153.70,2186.00,24.38,17,0,0
2014679,0.34,0.30,0.40,30.71,17,17,0,0.05,-0.10,0.10,29.11,17,17,0,0.37,0.30,0.40,29.39,17,17,0,0.80,0.80,0.80,28.83,17,17,0,0.16,0.10,0.20,29.37,17,17,0,0.78,0.70,0.80,29.23,17,17,0,2137.57,2131.90,2149.60,24.37,17,0,0
2015180,0.35,0.30,0.40,30.71,17,17,0,0.02,-0.10,0.10,29.10,17,17,0,0.37,0.30,0.40,29.41,17,17,0,0.81,0.80,0.90,28.85,17,17,0,0.16,0.10,0.20,29.37,17,17,0,0.76,0.70,0.80,29.24,17,17,0,2152.84,2121.90,2169.20,24.35,17,0,0
2015684,0.34,0.30,0.40,30.72,17,17,0,0.01,0.00,0.10,29.09,17,17,0,0.36,0.30,0.40,29.39,17,17,0,0.81,0.80,0.90,28.83,17,17,0,0.15,0.10,0.20,29.38,17,17,0,0.77,0.70,0.80,29.25,17,17,0,2121.71,2104.50,2150.10,24.37,17,0,0
2016193,0.35,0.30,0.40,30.70,17,17,0,0.01,-0.10,0.10,29.09,17,17,0,0.39,0.30,0.40,29.40,17,17,0,0.79,0.70,0.80,28.83,17,17,0,0.16,0.10,0.20,29.38,17,17,0,0.76,0.70,0.80,29.24,17,17,0,2135.88,2110.40,2161.20,24.36,17,0,0
2016695,0.35,0.30,0.40,30.72,17,17,0,0.04,-0.10,0.10,29.09,17,17,0,0.39,0.30,0.40,29.39,17,17,0,0.80,0.80,0.80,28.82,17,17,0,0.18,0.10,0.20,29.36,17,17,0,0.79,0.70,0.80,29.23,17,17,0,2144.26,2112.30,2176.00,24.38,17,0,0
2017195,0.34,0.30,0.40,30.72,17,17,0,0.02,-0.10,0.10,29.10,17,17,0,0.37,0.30,0.40,29.40,17,17,0,0.80,0.80,0.80,28.81,17,17,0,0.16,0.10,0.20,29.36,17,17,0,0.78,0.70,0.80,29.25,17,17,0,2126.83,2112.00,2161.50,24.35,17,0,0
2017698,0.34,0.30,0.40,30.73,17,17,0,0.04,0.00,0.10,29.07,17,17,0,0.37,0.30,0.40,29.39,17,17,0,0.80,0.80,0.80,28.83,17,17,0,0.16,0.10,0.20,29.35,17,17,0,0.77,0.70,0.80,29.26,17,17,0,2161.41,2132.60,2179.10,24.37,17,0,0
2018201,0.33,0.30,0.40,30.72,17,17,0,0.02,-0.10,0.10,29.09,17,17,0,0.37,0.30,0.40,29.40,17,17,0,0.80,0.80,0.80,28.83,17,17,0,0.15,0.10,0.20,29.36,17,17,0,0.76,0.70,0.80,29.23,17,17,0,2128.92,2119.00,2148.80,24.37,17,0,0
2018703,0.34,0.30,0.40,30.71,17,17,0,0.06,0.00,0.10,29.09,17,17,0,0.39,0.30,0.40,29.38,17,17,0,0.81,0.80,0.90,28.83,17,17,0,0.14,0.10,0.20,29.36,17,17,0,0.76,0.70,0.80,29.24,17,17,0,2155.41,2117.70,2178.10,24.38,17,0,0
2019213,0.34,0.30,0.40,30.70,17,17,0,0.02,-0.10,0.10,29.11,17,17,0,0.37,0.30,0.40,29.39,17,17,0,0.80,0.80,0.80,28.84,17,17,0,0.15,0.10,0.20,29.37,17,17,0,0.78,0.70,0.80,29.26,17,17,0,2119.21,2095.80,2160.00,24.38,17,0,0
2019724,0.34,0.30,0.40,30.70,17,17,0,0.03,-0.10,0.10,29.10,17,17,0,0.37,0.30,0.40,29.39,17,17,0,0.80,0.80,0.80,28.83,17,17,0,0.17,0.10,0.20,29.36,17,17,0,0.76,0.70,0.80,29.25,17,17,0,1537.62,797.90,2173.10,24.38,17,0,0
2020232,0.35,0.30,0.40,30.73,17,17,0,0.03,-0.10,0.10,29.08,17,17,0,0.36,0.30,0.40,29.40,17,17,0,0.80,0.80,0.80,28.82,17,17,0,0.14,0.10,0.20,29.38,17,17,0,0.76,0.70,0.80,29.24,17,17,0,456.19,318.50,682.80,24.57,17,0,0
2020737,0.33,0.30,0.40,30.73,17,17,0,0.04,0.00,0.10,29.09,17,17,0,0.39,0.30,0.40,29.38,17,17,0,0.80,0.80,0.80,28.84,17,17,0,0.17,0.10,0.20,29.35,17,17,0,0.78,0.70,0.80,29.25,17,17,0,219.19,177.20,289.70,24.77,17,0,0
2021238,0.33,0.30,0.40,30.74,16,16,0,0.03,-0.10,0.10,29.11,16,16,0,0.39,0.30,0.40,29.40,16,16,0,0.80,0.80,0.80,28.83,16,16,0,0.15,0.10,0.20,29.37,16,16,0,0.78,0.70,0.80,29.25,16,16,0,138.54,116.60,164.20,24.94,16,0,0
2021741,0.32,0.30,0.40,30.72,17,17,0,0.02,-0.10,0.10,29.09,17,17,0,0.36,0.30,0.40,29.39,17,17,0,0.80,0.80,0.80,28.82,17,17,0,0.16,0.10,0.20,29.38,17,17,0,0.76,0.70,0.80,29.25,17,17,0,102.78,91.10,114.50,25.11,17,0,0
2022253,0.32,0.30,0.40,30.71,17,17,0,0.05,0.00,0.10,29.08,17,17,0,0.39,0.30,0.40,29.37,17,17,0,0.81,0.80,0.90,28.84,17,17,0,0.15,0.10,0.20,29.38,17,17,0,0.78,0.70,0.80,29.24,17,17,0,79.99,73.00,86.70,25.20,17,0,0
2022762,0.35,0.30,0.40,30.72,17,17,0,0.04,-0.10,0.10,29.08,17,17,0,0.37,0.30,0.40,29.38,17,17,0,0.81,0.80,0.90,28.83,17,17,0,0.16,0.10,0.20,29.36,17,17,0,0.76,0.70,0.80,29.24,17,17,0,64.85,51.30,72.20,25.32,17,0,0
2023271,0.35,0.30,0.40,30.72,17,17,0,0.03,0.00,0.10,29.09,17,17,0,0.36,0.30,0.40,29.40,17,17,0,0.80,0.80,0.80,28.84,17,17,0,0.17,0.10,0.20,29.38,17,17,0,0.77,0.70,0.80,29.24,17,17,0,53.25,40.80,70.50,25.44,17,0,0
2023771,0.34,0.30,0.40,30.73,17,17,0,0.02,0.00,0.10,29.10,17,17,0,0.38,0.30,0.40,29.38,17,17,0,0.80,0.80,0.80,28.84,17,17,0,0.17,0.10,0.20,29.36,17,17,0,0.79,0.70,0.80,29.24,17,17,0,46.12,41.80,56.20,25.53,17,0,0
2024272,0.35,0.30,0.40,30.72,17,17,0,-0.01,-0.10,0.10,29.09,17,17,0,0.35,0.30,0.40,29.39,17,17,0,0.81,0.80,0.90,28.83,17,17,0,0.13,0.10,0.20,29.36,17,17,0,0.78,0.70,0.80,29.24,17,17,0,41.31,37.90,45.80,25.63,17,0,0
2024784,0.34,0.30,0.40,30.72,17,17,0,0.05,0.00,0.10,29.08,17,17,0,0.38,0.30,0.40,29.39,17,17,0,0.81,0.80,0.90,28.82,17,17,0,0.16,0.10,0.20,29.37,17,17,0,0.77,0.70,0.80,29.23,17,17,0,37.12,35.40,38.80,25.72,17,0,0
2025292,0.34,0.30,0.40,30.71,17,17,0,0.04,0.00,0.10,29.08,17,17,0,0.37,0.30,0.40,29.39,17,17,0,0.81,0.80,0.90,28.83,17,17,0,0.16,0.10,0.20,29.36,17,17,0,0.76,0.70,0.80,29.24,17,17,0,32.89,30.50,34.90,25.79,17,0,0
2025792,0.34,0.30,0.40,30.72,17,17,0,0.04,-0.10,0.10,29.09,17,17,0,0.38,0.30,0.40,29.38,17,17,0,0.80,0.80,0.80,28.82,17,17,0,0.16,0.10,0.20,29.38,17,17,0,0.78,0.70,0.80,29.24,17,17,0,26.14,23.00,29.60,25.86,17,0,0
2026296,0.35,0.30,0.40,30.72,17,17,0,0.02,-0.10,0.10,29.10,17,17,0,0.38,0.30,0.40,29.38,17,17,0,0.80,0.80,0.80,28.82,17,17,0,0.15,0.10,0.20,29.37,17,17,0,0.77,0.70,0.80,29.25,17,17,0,24.33,23.70,25.00,25.93,17,0,0
2026798,0.33,0.30,0.40,30.70,17,17,0,0.02,-0.10,0.10,29.09,17,17,0,0.38,0.30,0.40,29.39,17,17,0,0.80,0.80,0.80,28.83,17,17,0,0.15,0.10,0.20,29.37,17,17,0,0.78,0.70,0.80,29.24,17,17,0,23.93,23.30,24.70,26.00,17,0,0
2027300,0.33,0.30,0.40,30.73,17,17,0,0.04,0.00,0.10,29.11,17,17,0,0.38,0.30,0.40,29.39,17,17,0,0.80,0.80,0.80,28.82,17,17,0,0.15,0.10,0.20,29.38,17,17,0,0.78,0.70,0.80,29.23,17,17,0,21.24,18.80,23.80,26.08,17,0,0
2027800,0.34,0.30,0.40,30.71,17,17,0,0.02,0.00,0.10,29.09,17,17,0,0.39,0.30,0.40,29.39,17,17,0,0.80,0.80,0.80,28.83,17,17,0,0.16,0.10,0.20,29.36,17,17,0,0.77,0.70,0.80,29.24,17,17,0,19.01,18.40,19.80,26.13,17,0,0
2028304,0.35,0.30,0.40,30.72,17,17,0,0.05,0.00,0.10,29.09,17,17,0,0.38,0.30,0.40,29.38,17,17,0,0.79,0.70,0.80,28.82,17,17,0,0.16,0.10,0.20,29.36,17,17,0,0.79,0.70,0.80,29.24,17,17,0,18.58,18.00,19.20,26.18,17,0,0
2028804,0.33,0.30,0.40,30.73,17,17,0,0.02,-0.10,0.10,29.10,17,17,0,0.38,0.30,0.40,29.40,17,17,0,0.80,0.80,0.80,28.83,17,17,0,0.16,0.10,0.20,29.36,17,17,0,0.78,0.70,0.80,29.23,17,17,0,17.85,17.20,18.40,26.22,17,0,0
2029304,0.32,0.30,0.40,30.73,17,17,0,0.04,-0.10,0.10,29.12,17,17,0,0.39,0.30,0.40,29.40,17,17,0,0.81,0.80,0.90,28.83,17,17,0,0.14,0.10,0.20,29.38,17,17,0,0.76,0.70,0.80,29.23,17,17,0,16.72,15.90,17.50,26.27,17,0,0
2029809,0.34,0.30,0.40,30.72,17,17,0,0.02,0.00,0.10,29.10,17,17,0,0.36,0.30,0.40,29.39,17,17,0,0.80,0.80,0.80,28.84,17,17,0,0.16,0.10,0.20,29.38,17,17,0,0.77,0.70,0.80,29.24,17,17,0,15.87,15.10,16.70,26.31,17,0,0
2030312,0.34,0.30,0.40,30.73,17,17,0,0.02,0.00,0.10,29.10,17,17,0,0.38,0.30,0.40,29.40,17,17,0,0.80,0.80,0.80,28.84,17,17,0,0.14,0.10,0.20,29.38,17,17,0,0.78,0.70,0.80,29.24,17,17,0,15.06,14.20,16.10,26.36,17,0,0
2030813,0.34,0.30,0.40,30.73,17,17,0,0.02,-0.10,0.10,29.10,17,17,0,0.38,0.30,0.40,29.40,17,17,0,0.79,0.70,0.80,28.83,17,17,0,0.15,0.10,0.20,29.35,17,17,0,0.79,0.70,0.80,29.24,17,17,0,14.39,13.50,15.50,26.39,17,0,0
2031313,0.34,0.30,0.40,30.72,17,17,0,0.01,0.00,0.10,29.09,17,17,0,0.38,0.30,0.40,29.41,17,17,0,0.80,0.80,0.80,28.83,17,17,0,0.15,0.10,0.20,29.37,17,17,0,0.76,0.70,0.80,29.24,17,17,0,13.66,13.00,14.30,26.44,17,0,0
2031813,0.35,0.30,0.40,30.72,17,17,0,0.03,-0.10,0.10,29.10,17,17,0,0.38,0.30,0.40,29.39,17,17,0,0.80,0.80,0.80,28.83,17,17,0,0.15,0.10,0.20,29.37,17,17,0,0.76,0.70,0.80,29.25,17,17,0,12.62,11.80,13.40,26.44,17,0,0
2032317,0.34,0.30,0.40,30.70,17,17,0,0.02,0.00,0.10,29.10,17,17,0,0.36,0.30,0.40,29.39,17,17,0,0.81,0.80,0.90,28.83,17,17,0,0.14,0.10,0.20,29.36,17,17,0,0.78,0.70,0.80,29.23,17,17,0,11.60,10.80,12.10,26.48,17,0,0
2032817,0.32,0.30,0.40,30.72,17,17,0,0.03,0.00,0.10,29.10,17,17,0,0.36,0.30,0.40,29.39,17,17,0,0.80,0.80,0.80,28.84,17,17,0,0.19,0.10,0.20,29.36,17,17,0,0.79,0.70,0.80,29.23,17,17,0,10.48,9.90,11.50,26.52,17,0,0
2033323,0.35,0.30,0.40,30.72,17,17,0,0.04,0.00,0.10,29.10,17,17,0,0.38,0.30,0.40,29.39,17,17,0,0.80,0.80,0.80,28.83,17,17,0,0.16,0.10,0.20,29.36,17,17,0,0.78,0.70,0.80,29.24,17,17,0,10.02,9.80,10.30,26.55,17,0,0
2033823,0.33,0.30,0.40,30.72,17,17,0,0.04,0.00,0.10,29.09,17,17,0,0.38,0.30,0.40,29.40,17,17,0,0.80,0.70,0.90,28.85,17,17,0,0.14,0.10,0.20,29.36,17,17,0,0.76,0.70,0.80,29.24,17,17,0,10.18,9.70,10.80,26.58,17,0,0
2034333,0.36,0.30,0.40,30.71,17,17,0,0.02,-0.10,0.10,29.09,17,17,0,0.38,0.30,0.40,29.40,17,17,0,0.80,0.80,0.80,28.82,17,17,0,0.16,0.10,0.20,29.37,17,17,0,0.77,0.70,0.80,29.24,17,17,0,10.16,9.70,10.50,26.58,17,0,0
2034833,0.32,0.30,0.40,30.72,17,17,0,0.02,-0.10,0.10,29.10,17,17,0,0.38,0.30,0.40,29.39,17,17,0,0.80,0.80,0.80,28.83,17,17,0,0.18,0.10,0.20,29.37,17,17,0,0.76,0.70,0.80,29.24,17,17,0,8.85,7.20,10.40,26.62,17,0,0
2035337,0.35,0.30,0.40,30.72,17,17,0,0.02,-0.10,0.10,29.09,17,17,0,0.36,0.30,0.40,29.39,17,17,0,0.80,0.80,0.80,28.83,17,17,0,0.15,0.10,0.20,29.37,17,17,0,0.78,0.70,0.80,29.25,17,17,0,7.49,6.80,8.20,26.64,17,0,0
2035841,0.32,0.30,0.40,30.70,17,17,0,0.02,0.00,0.10,29.12,17,17,0,0.35,0.30,0.40,29.40,17,17,0,0.79,0.70,0.80,28.83,17,17,0,0.17,0.10,0.20,29.37,17,17,0,0.80,0.80,0.80,29.25,17,17,0,7.19,6.70,7.60,26.66,17,0,0
2036343,0.32,0.30,0.40,30.73,17,17,0,0.02,-0.10,0.10,29.10,17,17,0,0.37,0.30,0.40,29.40,17,17,0,0.80,0.80,0.80,28.83,17,17,0,0.16,0.10,0.20,29.38,17,17,0,0.76,0.70,0.80,29.23,17,17,0,6.74,6.30,7.30,26.68,17,0,0
2036843,0.32,0.30,0.40,30.72,17,17,0,0.01,0.00,0.10,29.09,17,17,0,0.38,0.30,0.40,29.41,17,17,0,0.80,0.80,0.80,28.84,17,17,0,0.16,0.10,0.20,29.37,17,17,0,0.77,0.70,0.80,29.25,17,17,0,6.48,5.90,6.80,26.72,17,0,0
2037343,0.35,0.30,0.40,30.73,17,17,0,0.04,-0.10,0.10,29.10,17,17,0,0.37,0.30,0.40,29.39,17,17,0,0.80,0.80,0.80,28.82,17,17,0,0.15,0.10,0.20,29.38,17,17,0,0.78,0.70,0.80,29.26,17,17,0,6.11,5.70,6.70,26.74,17,0,0
2037843,0.34,0.30,0.40,30.72,17,17,0,0.03,0.00,0.10,29.09,17,17,0,0.36,0.30,0.40,29.41,17,17,0,0.80,0.80,0.80,28.83,17,17,0,0.15,0.10,0.20,29.37,17,17,0,0.79,0.70,0.80,29.24,17,17,0,6.02,5.60,6.50,26.76,17,0,0
2038349,0.36,0.30,0.40,30.72,17,17,0,0.03,-0.10,0.10,29.10,17,17,0,0.37,0.30,0.40,29.39,17,17,0,0.80,0.80,0.80,28.84,17,17,0,0.16,0.10,0.20,29.37,17,17,0,0.77,0.70,0.80,29.25,17,17,0,5.75,5.30,6.30,26.77,17,0,0
2038849,0.34,0.30,0.40,30.71,17,17,0,0.02,-0.10,0.10,29.07,17,17,0,0.37,0.30,0.40,29.39,17,17,0,0.80,0.80,0.80,28.83,17,17,0,0.16,0.10,0.20,29.38,17,17,0,0.77,0.70,0.80,29.24,17,17,0,5.65,5.30,6.10,26.78,17,0,0
2039350,0.34,0.30,0.40,30.72,17,17,0,0.02,-0.10,0.10,29.09,17,17,0,0.39,0.30,0.40,29.40,17,17,0,0.81,0.80,0.90,28.82,17,17,0,0.14,0.10,0.20,29.38,17,17,0,0.76,0.70,0.80,29.24,17,17,0,5.42,5.00,6.00,26.80,17,0,0
2039850,0.35,0.30,0.40,30.71,17,17,0,0.02,-0.10,0.10,29.10,17,17,0,0.38,0.30,0.40,29.40,17,17,0,0.80,0.80,0.80,28.84,17,17,0,0.16,0.10,0.20,29.37,17,17,0,0.79,0.70,0.80,29.25,17,17,0,5.58,5.10,6.30,26.82,17,0,0
2040350,0.34,0.30,0.40,30.71,16,16,0,0.02,-0.10,0.10,29.09,16,16,0,0.38,0.30,0.40,29.40,16,16,0,0.82,0.80,0.90,28.84,16,16,0,0.16,0.10,0.20,29.36,16,16,0,0.77,0.70,0.80,29.24,16,16,0,5.92,5.60,6.30,26.84,16,0,0
2040850,0.34,0.30,0.40,30.71,17,17,0,0.02,-0.10,0.10,29.11,17,17,0,0.36,0.30,0.40,29.38,17,17,0,0.81,0.80,0.90,28.84,17,17,0,0.14,0.10,0.20,29.37,17,17,0,0.77,0.70,0.80,29.23,17,17,0,5.99,5.40,6.40,26.86,17,0,0
2041350,0.34,0.30,0.40,30.70,17,17,0,0.04,0.00,0.10,29.08,17,17,0,0.39,0.30,0.40,29.40,17,17,0,0.80,0.80,0.80,28.83,17,17,0,0.15,0.10,0.20,29.37,17,17,0,0.78,0.70,0.80,29.25,17,17,0,6.09,4.70,8.10,26.88,17,0,0
2041850,0.35,0.30,0.40,30.71,17,17,0,0.03,0.00,0.10,29.08,17,17,0,0.35,0.30,0.40,29.40,17,17,0,0.81,0.80,0.90,28.80,17,17,0,0.15,0.10,0.20,29.38,17,17,0,0.78,0.70,0.80,29.23,17,17,0,5.87,3.10,9.00,26.89,17,0,0
2042351,0.35,0.30,0.40,30.72,17,17,0,0.02,-0.10,0.10,29.11,17,17,0,0.36,0.30,0.40,29.39,17,17,0,0.80,0.80,0.80,28.81,17,17,0,0.15,0.10,0.20,29.39,17,17,0,0.78,0.70,0.80,29.24,17,17,0,5.56,1.80,8.10,26.91,17,0,0
2042852,0.34,0.30,0.40,30.72,17,17,0,0.04,-0.10,0.10,29.10,17,17,0,0.38,0.30,0.40,29.40,17,17,0,0.79,0.70,0.80,28.84,17,17,0,0.16,0.10,0.20,29.38,17,17,0,0.76,0.70,0.80,29.24,17,17,0,5.95,4.00,8.20,26.94,17,0,0
2043353,0.35,0.30,0.40,30.72,17,17,0,0.04,0.00,0.10,29.09,17,17,0,0.38,0.30,0.40,29.38,17,17,0,0.80,0.80,0.80,28.82,17,17,0,0.15,0.10,0.20,29.38,17,17,0,0.78,0.70,0.80,29.24,17,17,0,5.61,2.20,9.20,26.93,17,0,0
2043854,0.34,0.30,0.40,30.73,17,17,0,0.02,0.00,0.10,29.09,17,17,0,0.36,0.30,0.40,29.40,17,17,0,0.79,0.70,0.80,28.83,17,17,0,0.17,0.10,0.20,29.37,17,17,0,0.76,0.70,0.80,29.24,17,17,0,5.77,3.10,8.20,26.94,17,0,0
2044359,0.35,0.30,0.40,30.72,17,17,0,0.03,-0.10,0.10,29.09,17,17,0,0.37,0.30,0.40,29.38,17,17,0,0.81,0.80,0.90,28.81,17,17,0,0.16,0.10,0.20,29.37,17,17,0,0.76,0.70,0.80,29.24,17,17,0,5.41,3.40,7.40,26.95,17,0,0
2044859,0.35,0.30,0.40,30.72,17,17,0,0.02,-0.10,0.10,29.10,17,17,0,0.36,0.30,0.40,29.41,17,17,0,0.79,0.70,0.80,28.82,17,17,0,0.16,0.10,0.20,29.38,17,17,0,0.76,0.70,0.80,29.24,17,17,0,5.32,4.20,6.70,26.97,17,0,0
2045359,0.33,0.30,0.40,30.71,17,17,0,0.02,0.00,0.10,29.08,17,17,0,0.38,0.30,0.40,29.39,17,17,0,0.80,0.80,0.80,28.82,17,17,0,0.14,0.10,0.20,29.38,17,17,0,0.76,0.70,0.80,29.23,17,17,0,5.25,3.70,6.10,26.98,17,0,0
2045859,0.33,0.30,0.40,30.72,17,17,0,0.04,0.00,0.10,29.09,17,17,0,0.35,0.30,0.40,29.41,17,17,0,0.80,0.80,0.80,28.83,17,17,0,0.16,0.10,0.20,29.37,17,17,0,0.76,0.70,0.80,29.24,17,17,0,5.28,0.10,9.40,26.99,17,0,0
2046364,0.34,0.30,0.40,30.72,17,17,0,0.03,0.00,0.10,29.09,17,17,0,0.38,0.30,0.40,29.41,17,17,0,0.80,0.80,0.80,28.82,17,17,0,0.15,0.10,0.20,29.38,17,17,0,0.78,0.70,0.80,29.26,17,17,0,5.54,3.80,7.20,27.02,17,0,0
2046865,0.32,0.30,0.40,30.72,17,17,0,0.02,0.00,0.10,29.10,17,17,0,0.36,0.30,0.40,29.38,17,17,0,0.80,0.80,0.80,28.81,17,17,0,0.16,0.10,0.20,29.38,17,17,0,0.78,0.70,0.80,29.25,17,17,0,5.91,-7.20,17.00,27.02,17,0,0
2047365,0.37,0.30,0.40,30.71,17,17,0,0.02,-0.10,0.10,29.10,17,17,0,0.35,0.30,0.40,29.39,17,17,0,0.80,0.80,0.80,28.82,17,17,0,0.16,0.10,0.20,29.36,17,17,0,0.78,0.70,0.80,29.23,17,17,0,5.07,0.90,8.20,27.04,17,0,0
2047869,0.32,0.30,0.40,30.70,17,17,0,0.05,-0.10,0.10,29.10,17,17,0,0.38,0.30,0.40,29.38,17,17,0,0.80,0.80,0.80,28.82,17,17,0,0.15,0.10,0.20,29.38,17,17,0,0.79,0.70,0.80,29.25,17,17,0,4.76,2.00,7.20,27.05,17,0,0
2048373,0.34,0.30,0.40,30.72,17,17,0,0.00,-0.10,0.10,29.09,17,17,0,0.38,0.30,0.40,29.39,17,17,0,0.80,0.80,0.80,28.82,17,17,0,0.15,0.10,0.20,29.39,17,17,0,0.77,0.70,0.80,29.24,17,17,0,4.85,2.70,6.00,27.05,17,0,0
2048873,0.33,0.30,0.40,30.71,17,17,0,0.01,-0.10,0.10,29.11,17,17,0,0.38,0.30,0.40,29.40,17,17,0,0.80,0.80,0.80,28.82,17,17,0,0.18,0.10,0.20,29.38,17,17,0,0.74,0.70,0.80,29.24,17,17,0,4.53,2.90,6.10,27.07,17,0,0
2049376,0.35,0.30,0.40,30.71,17,17,0,0.04,0.00,0.10,29.11,17,17,0,0.38,0.30,0.40,29.38,17,17,0,0.80,0.80,0.80,28.80,17,17,0,0.15,0.10,0.20,29.37,17,17,0,0.79,0.70,0.80,29.24,17,17,0,3.91,1.20,6.10,27.08,17,0,0
2049889,0.35,0.30,0.40,30.72,17,17,0,0.04,0.00,0.10,29.10,17,17,0,0.37,0.30,0.40,29.40,17,17,0,0.80,0.80,0.80,28.82,17,17,0,0.16,0.10,0.20,29.39,17,17,0,0.77,0.70,0.80,29.24,17,17,0,2.06,-0.20,4.10,27.09,17,0,0
2050389,0.35,0.30,0.40,30.72,16,16,0,0.03,-0.10,0.10,29.08,16,16,0,0.35,0.30,0.40,29.39,16,16,0,0.80,0.80,0.80,28.83,16,16,0,0.15,0.10,0.20,29.38,16,16,0,0.76,0.70,0.80,29.25,16,16,0,1.76,-0.10,4.00,27.09,16,0,0
2050889,0.33,0.30,0.40,30.73,17,17,0,0.05,0.00,0.10,29.09,17,17,0,0.36,0.30,0.40,29.42,17,17,0,0.80,0.80,0.80,28.81,17,17,0,0.15,0.10,0.20,29.39,17,17,0,0.77,0.70,0.80,29.25,17,17,0,1.95,0.60,3.50,27.11,17,0,0
2051399,0.34,0.30,0.40,30.72,17,17,0,-0.02,-0.10,0.00,29.10,17,17,0,0.36,0.30,0.40,29.39,17,17,0,0.81,0.80,0.90,28.82,17,17,0,0.15,0.10,0.20,29.38,17,17,0,0.77,0.70,0.80,29.24,17,17,0,1.65,-5.70,4.50,27.12,17,0,0
2051907,0.36,0.30,0.40,30.72,17,17,0,0.02,-0.10,0.10,29.09,17,17,0,0.38,0.30,0.40,29.39,17,17,0,0.81,0.80,0.90,28.82,17,17,0,0.16,0.10,0.20,29.38,17,17,0,0.75,0.70,0.80,29.26,17,17,0,1.47,-1.70,4.40,27.14,17,0,0
2052419,0.31,0.30,0.40,30.73,17,17,0,0.06,0.00,0.10,29.09,17,17,0,0.36,0.30,0.40,29.40,17,17,0,0.80,0.80,0.80,28.83,17,17,0,0.16,0.10,0.20,29.38,17,17,0,0.79,0.70,0.80,29.23,17,17,0,1.46,-0.30,2.90,27.15,17,0,0
2052924,0.35,0.30,0.40,30.73,17,17,0,0.04,0.00,0.10,29.11,17,17,0,0.36,0.30,0.40,29.38,17,17,0,0.80,0.80,0.80,28.81,17,17,0,0.16,0.10,0.20,29.39,17,17,0,0.79,0.70,0.80,29.22,17,17,0,1.72,0.10,3.50,27.15,17,0,0
2053424,0.33,0.30,0.40,30.72,17,17,0,0.01,-0.10,0.10,29.09,17,17,0,0.36,0.30,0.40,29.40,17,17,0,0.80,0.80,0.80,28.83,17,17,0,0.15,0.10,0.20,29.39,17,17,0,0.75,0.70,0.80,29.25,17,17,0,1.10,0.20,2.30,27.18,17,0,0
2053924,0.37,0.30,0.40,30.72,17,17,0,0.04,-0.10,0.10,29.11,17,17,0,0.37,0.30,0.40,29.40,17,17,0,0.81,0.80,0.90,28.83,17,17,0,0.18,0.10,0.20,29.38,17,17,0,0.76,0.70,0.80,29.26,17,17,0,1.14,0.70,1.80,27.17,17,0,0
2054424,0.33,0.30,0.40,30.73,17,17,0,0.03,-0.10,0.10,29.09,17,17,0,0.36,0.30,0.40,29.39,17,17,0,0.81,0.80,0.90,28.81,17,17,0,0.18,0.10,0.20,29.38,17,17,0,0.78,0.70,0.80,29.22,17,17,0,1.05,0.40,1.90,27.18,17,0,0
2054929,0.35,0.30,0.40,30.72,17,17,0,0.03,0.00,0.10,29.09,17,17,0,0.38,0.30,0.40,29.41,17,17,0,0.80,0.70,0.90,28.82,17,17,0,0.15,0.10,0.20,29.38,17,17,0,0.76,0.70,0.80,29.26,17,17,0,-254.68,-2726.50,1721.40,27.04,17,0,3
2055431,0.34,0.30,0.40,30.72,17,17,0,0.03,0.00,0.10,29.09,17,17,0,0.38,0.30,0.40,29.40,17,17,0,0.81,0.80,0.90,28.82,17,17,0,0.14,0.10,0.20,29.38,17,17,0,0.76,0.70,0.80,29.24,17,17,0,2.34,-13.60,21.40,27.02,17,0,0
2055933,0.35,0.30,0.40,30.73,17,17,0,0.02,-0.10,0.10,29.10,17,17,0,0.38,0.30,0.40,29.40,17,17,0,0.80,0.70,0.90,28.82,17,17,0,0.14,0.10,0.20,29.38,17,17,0,0.76,0.70,0.80,29.25,17,17,0,-2.45,-286.30,480.20,27.08,17,0,0
2056439,0.35,0.30,0.40,30.74,17,17,0,0.02,0.00,0.10,29.08,17,17,0,0.38,0.30,0.40,29.41,17,17,0,0.80,0.80,0.80,28.82,17,17,0,0.15,0.10,0.20,29.38,17,17,0,0.77,0.70,0.80,29.25,17,17,0,54.99,-158.80,861.30,27.10,17,0,0
2056950,0.35,0.30,0.40,30.71,17,17,0,0.02,0.00,0.10,29.10,17,17,0,0.35,0.30,0.40,29.40,17,17,0,0.81,0.80,0.90,28.82,17,17,0,0.15,0.10,0.20,29.37,17,17,0,0.77,0.70,0.80,29.25,17,17,0,3.99,-494.10,746.90,27.10,17,0,1
2057462,0.36,0.30,0.40,30.72,17,17,0,0.05,0.00,0.10,29.09,17,17,0,0.36,0.30,0.40,29.39,17,17,0,0.79,0.70,0.80,28.82,17,17,0,0.14,0.10,0.20,29.38,17,17,0,0.77,0.70,0.80,29.26,17,17,0,3.19,-52.60,95.70,27.12,17,0,0
2057965,0.32,0.30,0.40,30.71,17,17,0,0.02,0.00,0.10,29.09,17,17,0,0.36,0.30,0.40,29.39,17,17,0,0.80,0.80,0.80,28.82,17,17,0,0.14,0.10,0.20,29.37,17,17,0,0.78,0.70,0.80,29.26,17,17,0,1.15,-11.60,12.80,27.17,17,0,0
2058475,0.34,0.30,0.40,30.73,17,17,0,0.02,-0.10,0.10,29.10,17,17,0,0.35,0.30,0.40,29.40,17,17,0,0.80,0.80,0.80,28.83,17,17,0,0.15,0.10,0.20,29.39,17,17,0,0.76,0.70,0.80,29.24,17,17,0,1.35,-0.70,4.10,27.19,17,0,0
2058976,0.34,0.30,0.40,30.73,17,17,0,0.00,-0.10,0.10,29.10,17,17,0,0.34,0.30,0.40,29.40,17,17,0,0.80,0.80,0.80,28.82,17,17,0,0.15,0.10,0.20,29.38,17,17,0,0.78,0.70,0.80,29.26,17,17,0,1.15,0.90,1.70,27.21,17,0,0
2059482,0.34,0.30,0.40,30.72,17,17,0,-0.01,-0.10,0.10,29.10,17,17,0,0.36,0.30,0.40,29.40,17,17,0,0.80,0.80,0.80,28.81,17,17,0,0.16,0.10,0.20,29.39,17,17,0,0.78,0.70,0.80,29.25,17,17,0,1.24,0.90,1.50,27.22,17,0,0
2059982,0.33,0.30,0.40,30.73,16,16,0,0.01,0.00,0.10,29.09,16,16,0,0.37,0.30,0.40,29.41,16,16,0,0.80,0.70,0.90,28.82,16,16,0,0.16,0.10,0.20,29.39,16,16,0,0.78,0.70,0.80,29.23,16,16,0,1.41,1.10,1.70,27.24,16,0,0
