millis_ms,ch1_flow_mean_ulmin,ch1_flow_min_ulmin,ch1_flow_max_ulmin,ch1_temp_C,ch1_n,ch1_air,ch1_hiflow,ch2_flow_mean_ulmin,ch2_flow_min_ulmin,ch2_flow_max_ulmin,ch2_temp_C,ch2_n,ch2_air,ch2_hiflow,ch3_flow_mean_ulmin,ch3_flow_min_ulmin,ch3_flow_max_ulmin,ch3_temp_C,ch3_n,ch3_air,ch3_hiflow,ch4_flow_mean_ulmin,ch4_flow_min_ulmin,ch4_flow_max_ulmin,ch4_temp_C,ch4_n,ch4_air,ch4_hiflow,ch5_flow_mean_ulmin,ch5_flow_min_ulmin,ch5_flow_max_ulmin,ch5_temp_C,ch5_n,ch5_air,ch5_hiflow,ch6_flow_mean_ulmin,ch6_flow_min_ulmin,ch6_flow_max_ulmin,ch6_temp_C,ch6_n,ch6_air,ch6_hiflow,ch7_flow_mean_ulmin,ch7_flow_min_ulmin,ch7_flow_max_ulmin,ch7_temp_C,ch7_n,ch7_air,ch7_hiflow
6507,0.34,0.10,1.00,24.29,20,20,0,3.34,1.90,4.60,24.19,20,20,0,-0.96,-1.40,-0.40,23.37,20,0,0,1.50,0.90,2.30,23.80,20,20,0,0.15,0.10,0.20,23.90,20,20,0,0.88,0.60,1.10,24.13,20,20,0,0.23,0.20,0.30,23.26,20,20,0
7007,1.96,1.40,2.20,24.87,14,14,0,1.03,0.80,1.40,24.73,14,14,0,-1.21,-2.00,-0.30,23.85,14,0,0,2.35,2.10,2.70,24.42,14,14,0,0.13,0.10,0.20,24.65,14,14,0,1.51,0.80,1.90,24.70,14,14,0,0.20,0.10,0.30,23.98,14,14,0
7507,1.56,0.90,2.10,25.18,16,16,0,0.52,0.40,0.70,24.99,16,16,0,-1.43,-2.20,-0.90,24.09,16,0,0,2.23,1.90,2.70,24.71,16,16,0,0.15,0.10,0.20,25.03,16,16,0,2.22,2.00,2.80,24.99,16,16,0,0.22,0.20,0.30,24.34,16,16,0
8023,0.20,0.00,0.40,25.38,17,17,0,0.32,0.20,0.40,25.21,17,17,0,-0.80,-1.30,-0.20,24.30,17,0,0,2.98,2.90,3.10,24.93,17,17,0,0.15,0.10,0.20,25.28,17,17,0,2.85,2.40,3.30,25.20,17,17,0,0.21,0.20,0.30,24.58,17,17,0
8527,-0.64,-1.20,-0.10,25.54,17,17,0,0.24,0.20,0.30,25.37,17,17,0,-0.58,-1.30,0.50,24.45,17,0,0,3.49,3.20,3.80,25.07,17,17,0,0.14,0.10,0.20,25.46,17,17,0,2.27,2.20,2.40,25.36,17,17,0,0.21,0.20,0.30,24.74,17,17,0
9027,-1.13,-1.20,-1.00,25.66,16,16,0,0.20,0.20,0.20,25.49,16,16,0,-0.46,-1.10,0.30,24.58,16,0,0,4.61,4.00,5.10,25.22,16,16,0,0.16,0.10,0.20,25.61,16,16,0,1.60,1.30,2.20,25.47,16,16,0,0.21,0.20,0.30,24.89,16,16,0
9533,-1.29,-1.30,-1.20,25.75,17,17,0,0.22,0.20,0.30,25.59,17,17,0,-0.47,-1.40,0.70,24.70,17,0,0,4.68,4.00,5.10,25.32,17,17,0,0.14,0.10,0.20,25.68,17,17,0,1.29,1.20,1.30,25.57,17,17,0,0.22,0.20,0.30,24.99,17,17,0
10038,-1.12,-1.30,-1.00,25.82,17,17,0,0.28,0.20,0.30,25.67,17,17,0,-0.46,-1.30,0.20,24.78,17,0,0,3.32,1.60,3.90,25.39,17,17,0,0.14,0.10,0.20,25.80,17,17,0,1.30,1.30,1.30,25.67,17,17,0,0.24,0.20,0.30,25.08,17,17,0
10538,-1.19,-1.20,-1.10,25.91,17,17,0,0.29,0.20,0.30,25.76,17,17,0,-0.51,-1.20,0.30,24.86,17,0,0,0.03,-0.10,0.80,25.46,17,17,0,0.12,0.10,0.20,25.88,17,17,0,1.35,1.30,1.40,25.75,17,17,0,0.22,0.20,0.30,25.14,17,17,0
11038,-0.74,-1.10,-0.10,25.96,18,18,0,0.29,0.20,0.30,25.82,18,18,0,-0.38,-1.00,0.30,24.93,18,0,0,-0.05,-0.10,0.00,25.53,18,18,0,0.17,0.10,0.20,25.94,18,18,0,1.25,1.10,1.30,25.81,18,18,0,0.23,0.20,0.30,25.23,18,18,0
11538,0.03,-0.10,0.10,26.01,16,16,0,0.29,0.20,0.30,25.86,16,16,0,-0.27,-0.70,0.40,24.99,16,0,0,0.05,-0.10,0.10,25.59,16,16,0,0.16,0.10,0.20,26.01,16,16,0,1.06,1.00,1.10,25.86,16,16,0,0.22,0.20,0.30,25.27,16,16,0
12039,0.10,0.10,0.10,26.07,17,17,0,0.28,0.20,0.30,25.91,17,17,0,-0.24,-0.70,0.20,25.05,17,0,0,0.11,0.00,0.20,25.64,17,17,0,0.15,0.10,0.20,26.05,17,17,0,1.06,1.00,1.10,25.94,17,17,0,0.23,0.20,0.30,25.34,17,17,0
12539,0.19,0.10,0.20,26.11,17,17,0,0.28,0.20,0.30,25.97,17,17,0,-0.38,-1.00,0.20,25.09,17,0,0,0.28,0.20,0.30,25.67,17,17,0,0.13,0.10,0.20,26.09,17,17,0,1.04,1.00,1.10,25.99,17,17,0,0.24,0.20,0.30,25.38,17,17,0
13039,0.25,0.20,0.30,26.15,17,17,0,0.24,0.20,0.30,26.00,17,17,0,-0.65,-1.30,-0.10,25.14,17,0,0,0.82,0.40,1.10,25.74,17,17,0,0.14,0.10,0.20,26.14,17,17,0,1.05,1.00,1.10,26.04,17,17,0,0.23,0.20,0.30,25.42,17,17,0
13539,0.29,0.20,0.30,26.19,17,17,0,0.24,0.20,0.30,26.03,17,17,0,-0.53,-1.00,0.10,25.20,17,0,0,0.38,0.10,0.70,25.76,17,17,0,0.14,0.10,0.20,26.17,17,17,0,1.04,1.00,1.10,26.06,17,17,0,0.23,0.20,0.30,25.47,17,17,0
14040,0.29,0.20,0.30,26.23,17,17,0,0.22,0.20,0.30,26.05,17,17,0,-0.19,-0.70,0.40,25.23,17,0,0,-0.38,-0.60,0.10,25.78,17,17,0,0.14,0.10,0.20,26.20,17,17,0,1.05,1.00,1.10,26.11,17,17,0,0.24,0.20,0.30,25.49,17,17,0
14540,0.31,0.20,0.40,26.27,17,17,0,0.23,0.20,0.30,26.10,17,17,0,-0.34,-0.80,0.40,25.27,17,0,0,-0.12,-0.60,0.20,25.83,17,17,0,0.14,0.10,0.20,26.26,17,17,0,1.06,1.00,1.10,26.14,17,17,0,0.25,0.20,0.30,25.52,17,17,0
15040,0.30,0.30,0.30,26.31,17,17,0,0.23,0.20,0.30,26.13,17,17,0,-0.19,-0.90,0.20,25.29,17,0,0,0.37,0.30,0.40,25.85,17,17,0,0.15,0.10,0.20,26.28,17,17,0,1.05,1.00,1.10,26.18,17,17,0,0.24,0.20,0.30,25.55,17,17,0
15540,0.32,0.30,0.40,26.33,17,17,0,0.21,0.20,0.30,26.18,17,17,0,0.07,-0.60,0.80,25.33,17,0,0,0.39,0.30,0.40,25.88,17,17,0,0.16,0.10,0.20,26.31,17,17,0,1.06,1.00,1.10,26.20,17,17,0,0.24,0.20,0.30,25.59,17,17,0
16053,0.34,0.30,0.40,26.36,18,18,0,0.21,0.20,0.30,26.19,18,18,0,0.11,-0.50,1.00,25.36,18,0,0,0.44,0.40,0.60,25.91,18,18,0,0.14,0.10,0.20,26.35,18,18,0,1.05,1.00,1.10,26.23,18,18,0,0.23,0.20,0.30,25.59,18,18,0
16561,0.34,0.30,0.40,26.40,18,18,0,0.20,0.10,0.30,26.19,18,18,0,0.09,-0.60,0.90,25.40,18,0,0,0.73,0.60,0.80,25.94,18,18,0,0.18,0.10,0.20,26.37,18,18,0,1.08,1.00,1.10,26.27,18,18,0,0.24,0.20,0.30,25.65,18,18,0
17074,0.36,0.30,0.40,26.44,18,18,0,0.20,0.20,0.20,26.24,18,18,0,0.30,-0.50,0.90,25.44,18,0,0,0.61,0.60,0.70,25.96,18,18,0,0.16,0.10,0.20,26.39,18,18,0,1.07,1.00,1.10,26.28,18,18,0,0.24,0.20,0.30,25.67,18,18,0
17574,0.37,0.30,0.40,26.45,17,17,0,0.20,0.20,0.20,26.26,17,17,0,0.33,-0.30,1.10,25.46,17,0,0,0.59,0.50,0.60,25.99,17,17,0,0.16,0.10,0.20,26.40,17,17,0,1.08,1.00,1.10,26.30,17,17,0,0.24,0.20,0.30,25.68,17,17,0
18074,0.35,0.30,0.40,26.47,18,18,0,0.18,0.10,0.20,26.27,18,18,0,0.11,-0.70,0.80,25.48,18,0,0,0.61,0.60,0.70,26.00,18,18,0,0.16,0.10,0.20,26.43,18,18,0,1.06,1.00,1.10,26.35,18,18,0,0.25,0.20,0.30,25.72,18,18,0
18574,0.35,0.30,0.40,26.50,17,17,0,0.14,0.10,0.20,26.31,17,17,0,0.26,-0.40,0.90,25.49,17,0,0,0.62,0.60,0.70,26.03,17,17,0,0.16,0.10,0.20,26.46,17,17,0,1.07,1.00,1.10,26.36,17,17,0,0.22,0.20,0.30,25.74,17,17,0
19075,0.34,0.30,0.40,26.55,17,17,0,0.13,0.10,0.20,26.32,17,17,0,0.04,-0.70,0.80,25.53,17,0,0,0.64,0.60,0.70,26.06,17,17,0,0.16,0.10,0.20,26.47,17,17,0,1.06,1.00,1.10,26.39,17,17,0,0.24,0.20,0.30,25.74,17,17,0
19575,0.37,0.30,0.40,26.57,18,18,0,0.11,0.10,0.20,26.34,18,18,0,0.13,-0.50,0.70,25.54,18,0,0,0.66,0.60,0.70,26.08,18,18,0,0.16,0.10,0.20,26.49,18,18,0,1.07,1.00,1.10,26.40,18,18,0,0.23,0.20,0.30,25.76,18,18,0
20083,0.39,0.30,0.40,26.59,17,17,0,0.10,0.10,0.10,26.36,17,17,0,0.15,-1.10,0.90,25.56,17,0,0,0.64,0.60,0.70,26.10,17,17,0,0.16,0.10,0.20,26.51,17,17,0,1.08,1.00,1.10,26.42,17,17,0,0.23,0.20,0.30,25.79,17,17,0
20583,0.38,0.30,0.40,26.60,18,18,0,0.09,0.00,0.10,26.39,18,18,0,0.15,-0.60,0.80,25.58,18,0,0,0.63,0.60,0.70,26.09,18,18,0,0.17,0.10,0.20,26.53,18,18,0,1.09,1.00,1.10,26.44,18,18,0,0.25,0.20,0.30,25.79,18,18,0
21083,0.38,0.30,0.40,26.62,17,17,0,0.09,0.00,0.10,26.39,17,17,0,-0.02,-0.50,0.40,25.62,17,0,0,0.62,0.60,0.70,26.11,17,17,0,0.16,0.10,0.20,26.53,17,17,0,1.07,1.00,1.10,26.46,17,17,0,0.25,0.20,0.30,25.82,17,17,0
21594,0.39,0.30,0.40,26.64,18,18,0,0.08,0.00,0.10,26.40,18,18,0,-0.08,-0.80,0.40,25.62,18,0,0,0.64,0.60,0.70,26.15,18,18,0,0.17,0.10,0.20,26.56,18,18,0,1.08,1.00,1.10,26.49,18,18,0,0.26,0.20,0.30,25.85,18,18,0
22102,0.38,0.30,0.40,26.67,18,18,0,0.07,0.00,0.10,26.43,18,18,0,-0.00,-0.50,0.50,25.64,18,0,0,0.63,0.60,0.70,26.16,18,18,0,0.16,0.10,0.20,26.59,18,18,0,1.08,1.00,1.10,26.50,18,18,0,0.26,0.20,0.30,25.87,18,18,0
22607,0.39,0.30,0.40,26.67,18,18,0,0.05,0.00,0.10,26.43,18,18,0,-0.17,-0.50,0.20,25.66,18,0,0,0.67,0.60,0.70,26.15,18,18,0,0.17,0.10,0.20,26.60,18,18,0,1.09,1.00,1.10,26.53,18,18,0,0.26,0.20,0.30,25.86,18,18,0
23117,0.39,0.30,0.40,26.68,18,18,0,0.07,0.00,0.10,26.45,18,18,0,-0.19,-0.50,0.20,25.68,18,0,0,0.66,0.60,0.70,26.17,18,18,0,0.18,0.10,0.20,26.61,18,18,0,1.07,1.00,1.10,26.55,18,18,0,0.26,0.20,0.30,25.89,18,18,0
23618,0.39,0.30,0.40,26.70,18,18,0,0.07,0.00,0.10,26.47,18,18,0,-0.13,-0.60,0.30,25.69,18,0,0,0.62,0.60,0.70,26.19,18,18,0,0.16,0.10,0.20,26.63,18,18,0,1.08,1.00,1.10,26.55,18,18,0,0.26,0.20,0.30,25.91,18,18,0
24128,0.39,0.30,0.40,26.74,18,18,0,0.04,0.00,0.10,26.49,18,18,0,-0.13,-0.70,0.30,25.71,18,0,0,0.64,0.60,0.70,26.23,18,18,0,0.16,0.10,0.20,26.66,18,18,0,1.09,1.00,1.10,26.57,18,18,0,0.26,0.20,0.30,25.93,18,18,0
24628,0.38,0.30,0.40,26.75,17,17,0,0.05,0.00,0.10,26.51,17,17,0,-0.04,-0.60,0.30,25.74,17,0,0,0.62,0.60,0.70,26.22,17,17,0,0.18,0.10,0.20,26.66,17,17,0,1.06,1.00,1.10,26.59,17,17,0,0.26,0.20,0.30,25.93,17,17,0
25130,0.39,0.30,0.40,26.75,17,17,0,0.05,0.00,0.10,26.51,17,17,0,-0.13,-0.80,0.70,25.76,17,0,0,0.62,0.60,0.70,26.24,17,17,0,0.16,0.10,0.20,26.68,17,17,0,1.09,1.00,1.10,26.60,17,17,0,0.28,0.20,0.30,25.95,17,17,0
25630,0.39,0.30,0.40,26.79,17,17,0,0.07,0.00,0.10,26.52,17,17,0,-0.09,-0.50,0.50,25.76,17,0,0,0.60,0.60,0.60,26.26,17,17,0,0.16,0.10,0.20,26.68,17,17,0,1.11,1.10,1.20,26.62,17,17,0,0.26,0.20,0.30,25.95,17,17,0
26130,0.39,0.30,0.40,26.78,18,18,0,0.07,-0.10,0.10,26.53,18,18,0,-0.09,-0.50,0.60,25.78,18,0,0,0.57,0.50,0.60,26.25,18,18,0,0.17,0.10,0.20,26.70,18,18,0,1.09,1.00,1.10,26.62,18,18,0,0.27,0.20,0.30,25.97,18,18,0
26630,0.39,0.30,0.40,26.80,18,18,0,0.07,-0.10,0.10,26.54,18,18,0,-0.11,-0.40,0.50,25.79,18,0,0,0.57,0.50,0.60,26.29,18,18,0,0.16,0.10,0.20,26.72,18,18,0,1.09,1.00,1.20,26.63,18,18,0,0.27,0.20,0.30,25.99,18,18,0
27130,0.39,0.30,0.40,26.81,17,17,0,0.05,0.00,0.10,26.56,17,17,0,0.05,-0.60,1.00,25.81,17,0,0,0.56,0.50,0.60,26.29,17,17,0,0.15,0.10,0.20,26.72,17,17,0,1.10,1.10,1.10,26.64,17,17,0,0.26,0.20,0.30,25.99,17,17,0
27630,0.39,0.30,0.40,26.84,17,17,0,0.06,0.00,0.10,26.58,17,17,0,0.29,-0.70,2.10,25.82,17,0,0,0.56,0.50,0.60,26.32,17,17,0,0.16,0.10,0.20,26.75,17,17,0,1.08,1.00,1.10,26.66,17,17,0,0.26,0.20,0.30,26.01,17,17,0
28130,0.39,0.30,0.40,26.84,17,17,0,0.07,0.00,0.10,26.59,17,17,0,0.64,-0.50,2.50,25.84,17,0,0,0.56,0.50,0.60,26.31,17,17,0,0.15,0.10,0.20,26.75,17,17,0,1.09,1.00,1.10,26.67,17,17,0,0.26,0.20,0.30,26.02,17,17,0
28637,0.39,0.30,0.40,26.88,18,18,0,0.06,-0.10,0.10,26.60,18,18,0,0.86,0.10,2.10,25.83,18,0,0,0.57,0.50,0.60,26.35,18,18,0,0.16,0.10,0.20,26.75,18,18,0,1.09,1.00,1.10,26.69,18,18,0,0.27,0.20,0.30,26.05,18,18,0
29148,0.38,0.30,0.40,26.87,18,18,0,0.06,0.00,0.10,26.59,18,18,0,0.96,0.20,1.90,25.87,18,0,0,0.58,0.50,0.60,26.34,18,18,0,0.16,0.10,0.20,26.77,18,18,0,1.09,1.00,1.10,26.70,18,18,0,0.27,0.20,0.30,26.04,18,18,0
29658,0.39,0.30,0.40,26.88,18,18,0,0.07,0.00,0.10,26.63,18,18,0,0.99,0.10,2.10,25.88,18,0,0,0.59,0.50,0.60,26.37,18,18,0,0.16,0.10,0.20,26.81,18,18,0,1.08,1.00,1.10,26.71,18,18,0,0.26,0.20,0.30,26.05,18,18,0
30158,0.38,0.30,0.40,26.88,18,18,0,0.06,0.00,0.10,26.62,18,18,0,0.88,-0.10,1.80,25.89,18,0,0,0.59,0.50,0.60,26.36,18,18,0,0.14,0.10,0.20,26.79,18,18,0,1.08,1.00,1.10,26.71,18,18,0,0.26,0.20,0.30,26.07,18,18,0
30658,0.39,0.30,0.40,26.89,17,17,0,0.06,0.00,0.10,26.65,17,17,0,0.84,0.10,1.60,25.89,17,0,0,0.59,0.50,0.70,26.37,17,17,0,0.17,0.10,0.20,26.83,17,17,0,1.09,1.00,1.10,26.73,17,17,0,0.28,0.20,0.30,26.09,17,17,0
31171,0.36,0.30,0.40,26.91,18,18,0,0.07,0.00,0.10,26.65,18,18,0,0.84,-0.20,1.70,25.91,18,0,0,0.60,0.60,0.60,26.38,18,18,0,0.16,0.10,0.20,26.82,18,18,0,1.08,1.00,1.10,26.74,18,18,0,0.26,0.20,0.30,26.10,18,18,0
31671,0.39,0.30,0.40,26.92,18,18,0,0.08,0.00,0.10,26.67,18,18,0,0.86,-0.90,2.60,25.92,18,0,0,0.61,0.60,0.70,26.40,18,18,0,0.16,0.10,0.20,26.84,18,18,0,1.07,1.00,1.10,26.76,18,18,0,0.28,0.20,0.30,26.09,18,18,0
32171,0.40,0.40,0.40,26.93,17,17,0,0.10,0.10,0.10,26.68,17,17,0,1.06,-0.30,2.90,25.95,17,0,0,0.60,0.60,0.60,26.40,17,17,0,0.16,0.10,0.20,26.84,17,17,0,1.09,1.00,1.10,26.76,17,17,0,0.25,0.20,0.30,26.13,17,17,0
32681,0.38,0.30,0.40,26.94,18,18,0,0.08,0.00,0.10,26.66,18,18,0,1.07,0.20,2.30,25.95,18,0,0,0.62,0.60,0.70,26.42,18,18,0,0.17,0.10,0.20,26.85,18,18,0,1.09,1.00,1.10,26.78,18,18,0,0.24,0.20,0.30,26.12,18,18,0
33181,0.40,0.40,0.40,26.97,18,18,0,0.08,0.00,0.10,26.70,18,18,0,0.70,0.10,1.20,25.95,18,0,0,0.61,0.60,0.70,26.43,18,18,0,0.14,0.10,0.20,26.85,18,18,0,1.09,1.00,1.10,26.79,18,18,0,0.26,0.20,0.30,26.13,18,18,0
33692,0.38,0.30,0.40,26.98,17,17,0,0.08,0.00,0.10,26.69,17,17,0,0.56,-0.40,2.00,25.97,17,0,0,0.61,0.60,0.70,26.44,17,17,0,0.16,0.10,0.20,26.87,17,17,0,1.09,1.00,1.10,26.80,17,17,0,0.26,0.20,0.30,26.16,17,17,0
34192,0.40,0.40,0.40,26.97,17,17,0,0.05,0.00,0.10,26.71,17,17,0,0.45,-0.70,1.50,25.97,17,0,0,0.61,0.60,0.70,26.45,17,17,0,0.16,0.10,0.20,26.89,17,17,0,1.09,1.00,1.10,26.81,17,17,0,0.25,0.20,0.30,26.17,17,17,0
34703,0.40,0.40,0.40,26.99,18,18,0,0.07,0.00,0.10,26.71,18,18,0,0.52,-0.60,1.40,26.01,18,0,0,0.60,0.60,0.60,26.48,18,18,0,0.16,0.10,0.20,26.90,18,18,0,1.09,1.00,1.10,26.84,18,18,0,0.28,0.20,0.30,26.17,18,18,0
35203,0.39,0.30,0.40,27.01,18,18,0,0.08,0.00,0.10,26.74,18,18,0,0.55,-0.30,1.70,25.99,18,0,0,0.61,0.60,0.70,26.46,18,18,0,0.16,0.10,0.20,26.89,18,18,0,1.09,1.00,1.10,26.84,18,18,0,0.25,0.20,0.30,26.17,18,18,0
35714,0.40,0.40,0.40,27.00,18,18,0,0.08,-0.10,0.10,26.75,18,18,0,0.38,-0.40,1.10,26.02,18,0,0,0.61,0.60,0.70,26.48,18,18,0,0.16,0.10,0.20,26.92,18,18,0,1.09,1.00,1.10,26.84,18,18,0,0.26,0.20,0.30,26.19,18,18,0
36227,0.39,0.30,0.40,27.03,18,18,0,0.07,0.00,0.10,26.76,18,18,0,0.01,-0.90,0.80,26.03,18,0,0,0.60,0.60,0.60,26.50,18,18,0,0.17,0.10,0.20,26.92,18,18,0,1.09,1.00,1.10,26.84,18,18,0,0.26,0.20,0.30,26.20,18,18,0
36738,0.39,0.30,0.40,27.03,18,18,0,0.09,0.00,0.10,26.75,18,18,0,-0.09,-0.80,0.60,26.03,18,0,0,0.61,0.60,0.70,26.50,18,18,0,0.17,0.10,0.20,26.92,18,18,0,1.08,1.00,1.10,26.86,18,18,0,0.25,0.20,0.30,26.20,18,18,0
37249,0.39,0.30,0.40,27.04,18,18,0,0.09,0.00,0.10,26.75,18,18,0,0.06,-0.40,0.70,26.05,18,0,0,0.59,0.50,0.60,26.51,18,18,0,0.17,0.10,0.20,26.92,18,18,0,1.10,1.10,1.10,26.87,18,18,0,0.26,0.20,0.30,26.22,18,18,0
37756,0.40,0.40,0.40,27.04,18,18,0,0.09,0.00,0.10,26.80,18,18,0,0.15,-0.40,0.70,26.05,18,0,0,0.60,0.60,0.60,26.52,18,18,0,0.18,0.10,0.20,26.95,18,18,0,1.08,1.00,1.10,26.88,18,18,0,0.25,0.20,0.30,26.23,18,18,0
38256,0.36,0.30,0.40,27.08,17,17,0,0.08,0.00,0.10,26.79,17,17,0,0.14,-0.60,0.80,26.04,17,0,0,0.60,0.60,0.60,26.51,17,17,0,0.16,0.10,0.20,26.95,17,17,0,1.09,1.00,1.10,26.90,17,17,0,0.26,0.20,0.30,26.23,17,17,0
38763,0.39,0.30,0.40,27.06,18,18,0,0.09,0.00,0.10,26.80,18,18,0,0.16,-0.90,1.20,26.08,18,0,0,0.61,0.60,0.70,26.54,18,18,0,0.17,0.10,0.20,26.96,18,18,0,1.09,1.00,1.10,26.91,18,18,0,0.24,0.20,0.30,26.24,18,18,0
39263,0.38,0.30,0.40,27.07,17,17,0,0.08,0.00,0.10,26.81,17,17,0,0.04,-1.20,1.00,26.08,17,0,0,0.61,0.60,0.70,26.55,17,17,0,0.15,0.10,0.20,26.97,17,17,0,1.09,1.00,1.10,26.91,17,17,0,0.26,0.20,0.30,26.26,17,17,0
39776,0.39,0.30,0.40,27.10,18,18,0,0.10,0.10,0.10,26.82,18,18,0,-0.08,-1.20,0.70,26.08,18,0,0,0.60,0.60,0.60,26.54,18,18,0,0.16,0.10,0.20,26.98,18,18,0,1.09,1.00,1.10,26.91,18,18,0,0.25,0.20,0.30,26.27,18,18,0
40289,0.39,0.30,0.40,27.09,18,18,0,0.09,0.00,0.10,26.81,18,18,0,-0.01,-1.20,1.10,26.10,18,0,0,0.60,0.60,0.60,26.55,18,18,0,0.15,0.10,0.20,27.00,18,18,0,1.09,1.00,1.10,26.92,18,18,0,0.28,0.20,0.30,26.27,18,18,0
40789,0.38,0.30,0.40,27.09,17,17,0,0.09,0.00,0.10,26.82,17,17,0,0.67,-0.40,1.40,26.10,17,0,0,0.61,0.60,0.70,26.56,17,17,0,0.15,0.10,0.20,27.00,17,17,0,1.09,1.00,1.10,26.94,17,17,0,0.27,0.20,0.30,26.26,17,17,0
41302,0.39,0.30,0.40,27.11,18,18,0,0.09,0.00,0.10,26.82,18,18,0,0.94,0.40,1.70,26.13,18,0,0,0.61,0.60,0.70,26.58,18,18,0,0.16,0.10,0.20,27.01,18,18,0,1.09,1.00,1.20,26.93,18,18,0,0.28,0.20,0.30,26.28,18,18,0
41802,0.39,0.30,0.40,27.12,18,18,0,0.09,0.00,0.10,26.85,18,18,0,1.06,0.30,1.90,26.13,18,0,0,0.61,0.60,0.70,26.60,18,18,0,0.16,0.10,0.20,27.01,18,18,0,1.08,1.00,1.10,26.94,18,18,0,0.26,0.20,0.30,26.31,18,18,0
42302,0.38,0.30,0.40,27.13,17,17,0,0.10,0.10,0.10,26.85,17,17,0,0.95,-0.10,2.10,26.12,17,0,0,0.61,0.60,0.70,26.59,17,17,0,0.16,0.10,0.20,27.03,17,17,0,1.09,1.00,1.10,26.95,17,17,0,0.25,0.20,0.30,26.31,17,17,0
42809,0.39,0.30,0.40,27.13,18,18,0,0.08,0.00,0.10,26.85,18,18,0,0.49,-0.30,1.40,26.16,18,0,0,0.60,0.60,0.60,26.57,18,18,0,0.17,0.10,0.20,27.03,18,18,0,1.10,1.00,1.20,26.96,18,18,0,0.27,0.20,0.30,26.31,18,18,0
43320,0.38,0.30,0.40,27.13,18,18,0,0.09,0.00,0.10,26.86,18,18,0,0.01,-0.70,0.60,26.16,18,0,0,0.60,0.60,0.60,26.62,18,18,0,0.17,0.10,0.20,27.04,18,18,0,1.08,1.00,1.10,26.99,18,18,0,0.27,0.20,0.30,26.32,18,18,0
43831,0.38,0.30,0.40,27.14,18,18,0,0.09,0.00,0.10,26.86,18,18,0,-0.31,-0.80,0.40,26.14,18,0,0,0.60,0.60,0.60,26.61,18,18,0,0.13,0.10,0.20,27.05,18,18,0,1.09,1.00,1.10,26.97,18,18,0,0.25,0.20,0.30,26.33,18,18,0
44331,0.39,0.30,0.40,27.15,17,17,0,0.10,0.10,0.10,26.89,17,17,0,-0.46,-0.90,-0.20,26.17,17,0,0,0.61,0.60,0.70,26.62,17,17,0,0.16,0.10,0.20,27.06,17,17,0,1.09,1.00,1.10,26.99,17,17,0,0.28,0.20,0.30,26.34,17,17,0
44843,0.39,0.30,0.40,27.16,17,17,0,0.10,0.10,0.10,26.88,17,17,0,-0.62,-1.10,0.20,26.19,17,0,0,0.61,0.60,0.70,26.62,17,17,0,0.18,0.10,0.20,27.06,17,17,0,1.08,1.00,1.10,27.00,17,17,0,0.26,0.20,0.30,26.33,17,17,0
45343,0.40,0.40,0.40,27.17,17,17,0,0.10,0.10,0.10,26.89,17,17,0,-0.61,-1.60,0.10,26.20,17,0,0,0.60,0.60,0.60,26.63,17,17,0,0.16,0.10,0.20,27.07,17,17,0,1.09,1.00,1.10,26.99,17,17,0,0.26,0.20,0.30,26.36,17,17,0
45851,0.39,0.30,0.40,27.17,18,18,0,0.09,0.00,0.10,26.89,18,18,0,-0.75,-1.30,-0.10,26.21,18,0,0,0.60,0.60,0.60,26.63,18,18,0,0.14,0.10,0.20,27.06,18,18,0,1.08,1.00,1.10,27.01,18,18,0,0.26,0.20,0.30,26.36,18,18,0
46351,0.39,0.30,0.40,27.18,17,17,0,0.09,0.00,0.10,26.90,17,17,0,-0.84,-1.20,-0.20,26.23,17,0,0,0.60,0.60,0.60,26.66,17,17,0,0.15,0.10,0.20,27.09,17,17,0,1.08,1.00,1.10,27.01,17,17,0,0.26,0.20,0.30,26.37,17,17,0
46858,0.40,0.40,0.40,27.20,18,18,0,0.09,0.00,0.10,26.90,18,18,0,-0.57,-1.60,0.60,26.20,18,0,0,0.61,0.60,0.70,26.67,18,18,0,0.17,0.10,0.20,27.09,18,18,0,1.10,1.10,1.10,27.02,18,18,0,0.29,0.20,0.30,26.37,18,18,0
47358,0.39,0.30,0.40,27.20,17,17,0,0.10,0.10,0.10,26.90,17,17,0,-0.52,-0.90,0.00,26.20,17,0,0,0.61,0.60,0.70,26.66,17,17,0,0.16,0.10,0.20,27.11,17,17,0,1.09,1.00,1.10,27.03,17,17,0,0.28,0.20,0.30,26.37,17,17,0
47858,0.38,0.30,0.40,27.22,17,17,0,0.09,0.00,0.10,26.92,17,17,0,-0.28,-0.90,0.20,26.24,17,0,0,0.61,0.60,0.70,26.65,17,17,0,0.17,0.10,0.20,27.10,17,17,0,1.10,1.10,1.10,27.04,17,17,0,0.28,0.20,0.30,26.39,17,17,0
48368,0.39,0.30,0.40,27.22,18,18,0,0.09,0.00,0.10,26.94,18,18,0,0.53,-0.30,1.30,26.26,18,0,0,0.61,0.60,0.70,26.68,18,18,0,0.15,0.10,0.20,27.13,18,18,0,1.09,1.00,1.10,27.04,18,18,0,0.27,0.20,0.30,26.41,18,18,0
48868,0.39,0.30,0.40,27.22,18,18,0,0.09,0.00,0.10,26.94,18,18,0,0.88,0.40,1.30,26.22,18,0,0,0.60,0.60,0.60,26.69,18,18,0,0.14,0.10,0.20,27.12,18,18,0,1.08,1.00,1.10,27.04,18,18,0,0.28,0.20,0.30,26.40,18,18,0
49380,0.39,0.30,0.40,27.23,17,17,0,0.09,0.00,0.10,26.94,17,17,0,0.75,0.10,1.40,26.25,17,0,0,0.61,0.60,0.70,26.67,17,17,0,0.16,0.10,0.20,27.14,17,17,0,1.08,1.00,1.10,27.06,17,17,0,0.26,0.20,0.30,26.41,17,17,0
49880,0.38,0.30,0.40,27.26,17,17,0,0.09,0.00,0.10,26.95,17,17,0,0.74,0.20,1.40,26.26,17,0,0,0.60,0.60,0.60,26.69,17,17,0,0.17,0.10,0.20,27.16,17,17,0,1.09,1.00,1.10,27.07,17,17,0,0.28,0.20,0.30,26.41,17,17,0
50393,0.39,0.30,0.40,27.26,18,18,0,0.10,0.10,0.10,26.95,18,18,0,0.36,-0.40,0.90,26.25,18,0,0,0.61,0.60,0.70,26.70,18,18,0,0.16,0.10,0.20,27.11,18,18,0,1.10,1.10,1.10,27.08,18,18,0,0.27,0.20,0.30,26.42,18,18,0
50903,0.39,0.30,0.40,27.23,18,18,0,0.09,0.00,0.10,26.96,18,18,0,-0.09,-1.20,0.80,26.29,18,0,0,0.60,0.60,0.60,26.71,18,18,0,0.16,0.10,0.20,27.13,18,18,0,1.10,1.10,1.10,27.09,18,18,0,0.27,0.20,0.30,26.42,18,18,0
51403,0.39,0.30,0.40,27.26,18,18,0,0.09,0.00,0.10,26.98,18,18,0,0.02,-0.90,0.90,26.28,18,0,0,0.60,0.60,0.60,26.73,18,18,0,0.16,0.10,0.20,27.15,18,18,0,1.09,1.00,1.10,27.08,18,18,0,0.28,0.20,0.30,26.44,18,18,0
51906,0.38,0.30,0.40,27.25,17,17,0,0.09,0.00,0.10,26.96,17,17,0,0.09,-1.00,1.20,26.29,17,0,0,0.60,0.60,0.60,26.74,17,17,0,0.16,0.10,0.20,27.17,17,17,0,1.08,1.00,1.10,27.09,17,17,0,0.27,0.20,0.30,26.44,17,17,0
52418,0.39,0.30,0.40,27.27,18,18,0,0.08,0.00,0.10,26.97,18,18,0,0.26,-0.20,1.10,26.28,18,0,0,0.61,0.50,0.70,26.73,18,18,0,0.18,0.10,0.20,27.16,18,18,0,1.09,1.00,1.10,27.10,18,18,0,0.27,0.20,0.30,26.44,18,18,0
52918,0.37,0.30,0.40,27.29,17,17,0,0.10,0.10,0.10,26.97,17,17,0,0.44,-0.40,1.10,26.30,17,0,0,0.63,0.60,0.70,26.73,17,17,0,0.18,0.10,0.20,27.19,17,17,0,1.08,1.00,1.10,27.10,17,17,0,0.25,0.20,0.30,26.46,17,17,0
53418,0.39,0.30,0.40,27.27,18,18,0,0.10,0.10,0.10,26.98,18,18,0,0.42,-0.30,0.90,26.29,18,0,0,0.61,0.60,0.70,26.73,18,18,0,0.18,0.10,0.20,27.18,18,18,0,1.09,1.00,1.10,27.12,18,18,0,0.26,0.20,0.30,26.47,18,18,0
53918,0.40,0.40,0.40,27.30,17,17,0,0.10,0.10,0.10,26.99,17,17,0,0.43,0.30,0.60,26.30,17,0,0,0.61,0.60,0.70,26.75,17,17,0,0.14,0.10,0.20,27.17,17,17,0,1.09,1.00,1.10,27.12,17,17,0,0.26,0.20,0.30,26.47,17,17,0
54418,0.39,0.30,0.40,27.31,17,17,0,0.09,0.00,0.10,27.02,17,17,0,0.35,0.10,0.70,26.32,17,0,0,0.60,0.60,0.60,26.75,17,17,0,0.18,0.10,0.20,27.19,17,17,0,1.09,1.00,1.10,27.12,17,17,0,0.26,0.20,0.30,26.48,17,17,0
54918,0.39,0.30,0.40,27.30,18,18,0,0.09,0.00,0.10,27.01,18,18,0,0.37,-0.20,0.80,26.34,18,0,0,0.61,0.60,0.70,26.75,18,18,0,0.15,0.10,0.20,27.20,18,18,0,1.10,1.10,1.10,27.11,18,18,0,0.26,0.20,0.30,26.48,18,18,0
55418,0.39,0.30,0.40,27.31,17,17,0,0.09,0.00,0.10,27.03,17,17,0,0.33,-0.10,0.60,26.33,17,0,0,0.61,0.60,0.70,26.75,17,17,0,0.16,0.10,0.20,27.20,17,17,0,1.09,1.00,1.10,27.13,17,17,0,0.27,0.20,0.30,26.50,17,17,0
55928,0.39,0.30,0.40,27.31,18,18,0,0.09,0.00,0.10,27.01,18,18,0,0.34,-0.20,0.80,26.33,18,0,0,0.62,0.60,0.70,26.77,18,18,0,0.17,0.10,0.20,27.22,18,18,0,1.10,1.10,1.10,27.14,18,18,0,0.26,0.20,0.30,26.49,18,18,0
56435,0.40,0.40,0.40,27.32,18,18,0,0.08,0.00,0.10,27.03,18,18,0,0.31,-0.40,1.10,26.36,18,0,0,0.61,0.60,0.70,26.78,18,18,0,0.16,0.10,0.20,27.22,18,18,0,1.09,1.00,1.10,27.14,18,18,0,0.28,0.20,0.30,26.50,18,18,0
56943,0.37,0.30,0.40,27.33,18,18,0,0.09,0.00,0.10,27.03,18,18,0,0.03,-0.50,0.50,26.34,18,0,0,0.62,0.60,0.70,26.78,18,18,0,0.16,0.10,0.20,27.23,18,18,0,1.09,1.00,1.10,27.16,18,18,0,0.26,0.20,0.30,26.49,18,18,0
57443,0.38,0.30,0.40,27.33,18,18,0,0.09,0.00,0.10,27.02,18,18,0,0.00,-0.40,0.60,26.35,18,0,0,0.61,0.60,0.70,26.79,18,18,0,0.16,0.10,0.20,27.23,18,18,0,1.08,1.00,1.10,27.16,18,18,0,0.27,0.20,0.30,26.52,18,18,0
57943,0.39,0.30,0.40,27.34,17,17,0,0.09,0.00,0.10,27.05,17,17,0,-0.10,-0.60,0.50,26.35,17,0,0,0.60,0.60,0.60,26.79,17,17,0,0.17,0.10,0.20,27.24,17,17,0,1.10,1.10,1.10,27.16,17,17,0,0.28,0.20,0.30,26.52,17,17,0
58454,0.40,0.40,0.40,27.35,18,18,0,0.09,0.00,0.10,27.06,18,18,0,0.01,-0.60,0.60,26.36,18,0,0,0.61,0.60,0.70,26.79,18,18,0,0.16,0.10,0.20,27.23,18,18,0,1.08,1.00,1.10,27.16,18,18,0,0.27,0.20,0.30,26.53,18,18,0
58954,0.40,0.40,0.40,27.36,18,18,0,0.09,0.00,0.10,27.05,18,18,0,-0.33,-1.10,0.70,26.38,18,0,0,0.61,0.60,0.70,26.79,18,18,0,0.18,0.10,0.20,27.24,18,18,0,1.10,1.10,1.10,27.17,18,18,0,0.28,0.20,0.30,26.54,18,18,0
59460,0.39,0.30,0.40,27.36,17,17,0,0.09,0.00,0.10,27.04,17,17,0,-0.56,-1.40,0.10,26.39,17,0,0,0.61,0.60,0.70,26.80,17,17,0,0.18,0.10,0.20,27.26,17,17,0,1.09,1.00,1.10,27.17,17,17,0,0.29,0.20,0.30,26.55,17,17,0
59970,0.38,0.30,0.40,27.37,18,18,0,0.10,0.10,0.10,27.08,18,18,0,-0.79,-1.40,-0.10,26.39,18,0,0,0.61,0.60,0.70,26.81,18,18,0,0.17,0.10,0.20,27.25,18,18,0,1.10,1.10,1.10,27.18,18,18,0,0.27,0.20,0.30,26.54,18,18,0
60470,0.39,0.30,0.40,27.39,17,17,0,0.10,0.10,0.10,27.05,17,17,0,-0.77,-1.40,-0.20,26.39,17,0,0,0.61,0.60,0.70,26.83,17,17,0,0.18,0.10,0.20,27.28,17,17,0,1.08,1.00,1.10,27.20,17,17,0,0.26,0.20,0.30,26.54,17,17,0
60973,0.38,0.30,0.40,27.38,18,18,0,0.10,0.10,0.10,27.07,18,18,0,-0.86,-1.50,-0.20,26.41,18,0,0,0.60,0.60,0.60,26.81,18,18,0,0.15,0.10,0.20,27.26,18,18,0,1.09,1.00,1.10,27.18,18,18,0,0.27,0.20,0.30,26.56,18,18,0
61473,0.39,0.30,0.40,27.38,18,18,0,0.09,0.00,0.10,27.07,18,18,0,-0.72,-1.40,-0.10,26.40,18,0,0,0.61,0.60,0.70,26.85,18,18,0,0.16,0.10,0.20,27.28,18,18,0,1.10,1.10,1.10,27.19,18,18,0,0.24,0.20,0.30,26.56,18,18,0
61978,0.38,0.30,0.40,27.39,17,17,0,0.10,0.10,0.10,27.07,17,17,0,-0.46,-1.10,0.30,26.43,17,0,0,0.62,0.60,0.70,26.83,17,17,0,0.16,0.10,0.20,27.29,17,17,0,1.09,1.00,1.10,27.19,17,17,0,0.26,0.20,0.30,26.56,17,17,0
62478,0.39,0.30,0.40,27.39,17,17,0,0.09,0.00,0.10,27.09,17,17,0,-0.33,-0.90,0.50,26.43,17,0,0,0.62,0.60,0.70,26.84,17,17,0,0.17,0.10,0.20,27.27,17,17,0,1.09,1.00,1.10,27.21,17,17,0,0.28,0.20,0.30,26.56,17,17,0
62978,0.39,0.30,0.40,27.40,18,18,0,0.09,0.00,0.10,27.10,18,18,0,-0.17,-1.00,0.60,26.43,18,0,0,0.61,0.60,0.70,26.84,18,18,0,0.14,0.10,0.20,27.28,18,18,0,1.09,1.00,1.10,27.22,18,18,0,0.26,0.20,0.30,26.57,18,18,0
63487,0.39,0.30,0.40,27.40,17,17,0,0.10,0.10,0.10,27.09,17,17,0,-0.21,-0.70,0.30,26.45,17,0,0,0.61,0.60,0.70,26.85,17,17,0,0.15,0.10,0.20,27.30,17,17,0,1.08,1.00,1.10,27.22,17,17,0,0.28,0.20,0.30,26.59,17,17,0
63995,0.37,0.30,0.40,27.39,17,17,0,0.10,0.10,0.10,27.11,17,17,0,0.01,-1.20,1.60,26.42,17,0,0,0.61,0.60,0.70,26.85,17,17,0,0.15,0.10,0.20,27.29,17,17,0,1.09,1.00,1.10,27.24,17,17,0,0.25,0.20,0.30,26.59,17,17,0
64496,0.38,0.30,0.40,27.42,17,17,0,0.09,0.00,0.10,27.10,17,17,0,0.19,-1.70,1.70,26.44,17,0,0,0.61,0.60,0.70,26.86,17,17,0,0.16,0.10,0.20,27.31,17,17,0,1.08,1.00,1.10,27.23,17,17,0,0.26,0.20,0.30,26.60,17,17,0
64996,0.39,0.30,0.40,27.41,17,17,0,0.10,0.10,0.10,27.11,17,17,0,0.12,-0.80,1.00,26.45,17,0,0,0.61,0.60,0.70,26.88,17,17,0,0.16,0.10,0.20,27.31,17,17,0,1.09,1.00,1.10,27.23,17,17,0,0.26,0.20,0.30,26.60,17,17,0
65496,0.39,0.30,0.40,27.42,17,17,0,0.09,0.00,0.10,27.11,17,17,0,0.14,-0.40,0.90,26.46,17,0,0,0.61,0.60,0.70,26.86,17,17,0,0.14,0.10,0.20,27.30,17,17,0,1.09,1.00,1.10,27.23,17,17,0,0.25,0.20,0.30,26.60,17,17,0
66009,0.40,0.40,0.40,27.43,18,18,0,0.09,0.00,0.10,27.11,18,18,0,-0.05,-0.70,0.60,26.47,18,0,0,0.62,0.60,0.70,26.88,18,18,0,0.13,0.10,0.20,27.31,18,18,0,1.10,1.10,1.10,27.22,18,18,0,0.27,0.20,0.30,26.60,18,18,0
66509,0.38,0.30,0.40,27.45,18,18,0,0.09,0.00,0.10,27.12,18,18,0,-0.14,-0.90,0.60,26.46,18,0,0,0.62,0.60,0.70,26.88,18,18,0,0.15,0.10,0.20,27.32,18,18,0,1.10,1.10,1.10,27.27,18,18,0,0.27,0.20,0.30,26.60,18,18,0
67018,0.37,0.30,0.40,27.45,17,17,0,0.09,0.00,0.10,27.13,17,17,0,0.02,-0.70,0.90,26.47,17,0,0,0.61,0.60,0.70,26.89,17,17,0,0.18,0.10,0.20,27.34,17,17,0,1.09,1.00,1.20,27.27,17,17,0,0.28,0.20,0.30,26.62,17,17,0
67531,0.39,0.30,0.40,27.44,18,18,0,0.09,0.00,0.10,27.14,18,18,0,0.23,-0.80,1.00,26.47,18,0,0,0.62,0.60,0.70,26.89,18,18,0,0.17,0.10,0.20,27.35,18,18,0,1.09,1.00,1.10,27.25,18,18,0,0.27,0.20,0.30,26.62,18,18,0
68041,0.39,0.30,0.40,27.45,18,18,0,0.09,0.00,0.10,27.15,18,18,0,0.14,-0.60,0.90,26.47,18,0,0,0.61,0.60,0.70,26.89,18,18,0,0.17,0.10,0.20,27.35,18,18,0,1.09,1.00,1.10,27.26,18,18,0,0.27,0.20,0.30,26.61,18,18,0
68551,0.38,0.30,0.40,27.45,18,18,0,0.10,0.10,0.10,27.14,18,18,0,-0.02,-0.50,0.60,26.48,18,0,0,0.60,0.60,0.60,26.90,18,18,0,0.16,0.10,0.20,27.36,18,18,0,1.09,1.00,1.10,27.28,18,18,0,0.25,0.20,0.30,26.64,18,18,0
69051,0.39,0.30,0.40,27.48,17,17,0,0.10,0.10,0.10,27.15,17,17,0,-0.26,-0.90,0.60,26.51,17,0,0,0.61,0.60,0.70,26.91,17,17,0,0.16,0.10,0.20,27.37,17,17,0,1.09,1.00,1.10,27.28,17,17,0,0.25,0.20,0.30,26.63,17,17,0
69551,0.39,0.30,0.40,27.47,18,18,0,0.09,0.00,0.10,27.16,18,18,0,-0.37,-1.00,0.10,26.51,18,0,0,0.60,0.60,0.60,26.91,18,18,0,0.17,0.10,0.20,27.37,18,18,0,1.09,1.00,1.10,27.29,18,18,0,0.25,0.20,0.30,26.63,18,18,0
70058,0.38,0.30,0.40,27.48,17,17,0,0.08,0.00,0.10,27.17,17,17,0,-0.33,-1.10,0.30,26.51,17,0,0,0.61,0.60,0.70,26.91,17,17,0,0.16,0.10,0.20,27.36,17,17,0,1.09,1.00,1.10,27.29,17,17,0,0.24,0.20,0.30,26.65,17,17,0
70570,0.38,0.30,0.40,27.47,18,18,0,0.09,0.00,0.10,27.17,18,18,0,-0.44,-1.10,0.40,26.50,18,0,0,0.61,0.60,0.70,26.92,18,18,0,0.15,0.10,0.20,27.37,18,18,0,1.10,1.10,1.10,27.30,18,18,0,0.25,0.20,0.30,26.65,18,18,0
71070,0.37,0.30,0.40,27.49,17,17,0,0.09,0.00,0.10,27.17,17,17,0,-0.19,-0.70,0.30,26.52,17,0,0,0.62,0.60,0.70,26.92,17,17,0,0.16,0.10,0.20,27.39,17,17,0,1.10,1.10,1.10,27.30,17,17,0,0.24,0.20,0.30,26.65,17,17,0
71570,0.39,0.30,0.40,27.49,17,17,0,0.11,0.10,0.20,27.19,17,17,0,-0.46,-1.00,0.10,26.53,17,0,0,0.61,0.60,0.70,26.92,17,17,0,0.15,0.10,0.20,27.38,17,17,0,1.10,1.10,1.10,27.30,17,17,0,0.25,0.20,0.30,26.67,17,17,0
72070,0.38,0.30,0.40,27.48,17,17,0,0.10,0.10,0.10,27.19,17,17,0,-0.43,-1.00,0.30,26.52,17,0,0,0.61,0.60,0.70,26.93,17,17,0,0.15,0.10,0.20,27.39,17,17,0,1.10,1.10,1.10,27.30,17,17,0,0.25,0.20,0.30,26.66,17,17,0
72578,0.37,0.30,0.40,27.50,17,17,0,0.09,0.00,0.10,27.19,17,17,0,-0.32,-1.30,0.50,26.53,17,0,0,0.60,0.60,0.60,26.93,17,17,0,0.16,0.10,0.20,27.39,17,17,0,1.09,1.00,1.10,27.32,17,17,0,0.24,0.20,0.30,26.67,17,17,0
73078,0.40,0.40,0.40,27.51,17,17,0,0.09,0.00,0.10,27.18,17,17,0,-0.31,-0.80,0.30,26.52,17,0,0,0.60,0.60,0.60,26.94,17,17,0,0.16,0.10,0.20,27.39,17,17,0,1.09,1.00,1.10,27.31,17,17,0,0.25,0.20,0.30,26.67,17,17,0
73578,0.37,0.30,0.40,27.50,17,17,0,0.09,0.00,0.10,27.19,17,17,0,-0.31,-0.90,0.30,26.53,17,0,0,0.62,0.60,0.70,26.94,17,17,0,0.17,0.10,0.20,27.39,17,17,0,1.09,1.00,1.10,27.33,17,17,0,0.25,0.20,0.30,26.66,17,17,0
74088,0.38,0.30,0.40,27.51,18,18,0,0.10,0.10,0.10,27.21,18,18,0,-0.39,-0.90,0.20,26.56,18,0,0,0.61,0.60,0.70,26.94,18,18,0,0.15,0.10,0.20,27.41,18,18,0,1.08,1.00,1.10,27.33,18,18,0,0.26,0.20,0.30,26.68,18,18,0
74588,0.39,0.30,0.40,27.52,17,17,0,0.09,0.00,0.10,27.20,17,17,0,-0.48,-1.40,0.10,26.56,17,0,0,0.61,0.60,0.70,26.95,17,17,0,0.18,0.10,0.20,27.40,17,17,0,1.09,1.00,1.10,27.33,17,17,0,0.24,0.20,0.30,26.69,17,17,0
75088,0.38,0.30,0.40,27.53,17,17,0,0.09,0.00,0.10,27.21,17,17,0,-0.37,-0.90,0.10,26.56,17,0,0,0.62,0.60,0.70,26.96,17,17,0,0.18,0.10,0.20,27.41,17,17,0,1.08,1.00,1.10,27.33,17,17,0,0.25,0.20,0.30,26.69,17,17,0
75588,0.39,0.30,0.40,27.54,18,18,0,0.09,0.00,0.10,27.21,18,18,0,-0.43,-0.90,0.10,26.57,18,0,0,0.60,0.60,0.60,26.96,18,18,0,0.16,0.10,0.20,27.42,18,18,0,1.09,1.00,1.10,27.35,18,18,0,0.26,0.20,0.30,26.69,18,18,0
76090,0.39,0.30,0.40,27.52,17,17,0,0.09,0.00,0.10,27.21,17,17,0,-0.42,-0.80,-0.10,26.57,17,0,0,0.60,0.60,0.60,26.95,17,17,0,0.14,0.10,0.20,27.43,17,17,0,1.09,1.00,1.10,27.32,17,17,0,0.25,0.20,0.30,26.70,17,17,0
76600,0.38,0.30,0.40,27.54,18,18,0,0.09,0.00,0.10,27.21,18,18,0,-0.37,-0.70,-0.10,26.57,18,0,0,0.61,0.60,0.70,26.96,18,18,0,0.15,0.10,0.20,27.42,18,18,0,1.09,1.00,1.10,27.35,18,18,0,0.24,0.20,0.30,26.71,18,18,0
77100,0.39,0.30,0.40,27.54,17,17,0,0.09,0.00,0.10,27.21,17,17,0,-0.34,-0.60,-0.10,26.57,17,0,0,0.61,0.60,0.70,26.97,17,17,0,0.16,0.10,0.20,27.43,17,17,0,1.09,1.00,1.10,27.35,17,17,0,0.27,0.20,0.30,26.73,17,17,0
77600,0.38,0.30,0.40,27.54,17,17,0,0.10,0.10,0.10,27.24,17,17,0,-0.23,-0.50,0.40,26.57,17,0,0,0.61,0.60,0.70,26.98,17,17,0,0.14,0.10,0.20,27.44,17,17,0,1.08,1.00,1.10,27.36,17,17,0,0.25,0.20,0.30,26.71,17,17,0
78101,0.39,0.30,0.40,27.56,17,17,0,0.09,0.00,0.10,27.24,17,17,0,-0.29,-0.80,0.00,26.58,17,0,0,0.61,0.50,0.70,26.98,17,17,0,0.16,0.10,0.20,27.43,17,17,0,1.08,1.00,1.10,27.35,17,17,0,0.25,0.20,0.30,26.72,17,17,0
78607,0.37,0.30,0.40,27.55,17,17,0,0.10,0.10,0.10,27.23,17,17,0,-0.34,-0.90,0.00,26.59,17,0,0,0.61,0.60,0.70,26.97,17,17,0,0.16,0.10,0.20,27.44,17,17,0,1.10,1.10,1.10,27.37,17,17,0,0.25,0.20,0.30,26.73,17,17,0
79117,0.38,0.30,0.40,27.55,18,18,0,0.09,0.00,0.20,27.25,18,18,0,-0.30,-0.50,0.00,26.59,18,0,0,0.61,0.60,0.70,26.99,18,18,0,0.16,0.10,0.20,27.45,18,18,0,1.09,1.00,1.10,27.37,18,18,0,0.26,0.20,0.30,26.72,18,18,0
79617,0.38,0.30,0.40,27.56,18,18,0,0.08,0.00,0.10,27.26,18,18,0,-0.39,-1.10,0.10,26.61,18,0,0,0.62,0.60,0.70,26.98,18,18,0,0.15,0.10,0.20,27.44,18,18,0,1.09,1.00,1.10,27.38,18,18,0,0.25,0.20,0.30,26.73,18,18,0
80117,0.38,0.30,0.40,27.57,16,16,0,0.10,0.10,0.10,27.23,16,16,0,-0.37,-1.10,0.50,26.61,16,0,0,0.61,0.60,0.70,26.99,16,16,0,0.15,0.10,0.20,27.45,16,16,0,1.09,1.00,1.10,27.38,16,16,0,0.24,0.20,0.30,26.74,16,16,0
80625,0.39,0.30,0.40,27.59,18,18,0,0.10,0.10,0.10,27.25,18,18,0,-0.33,-0.90,0.20,26.61,18,0,0,0.61,0.60,0.70,27.00,18,18,0,0.14,0.10,0.20,27.45,18,18,0,1.09,1.00,1.10,27.38,18,18,0,0.23,0.20,0.30,26.73,18,18,0
81125,0.38,0.30,0.40,27.58,17,17,0,0.10,0.10,0.10,27.24,17,17,0,-0.44,-0.90,-0.10,26.63,17,0,0,0.61,0.60,0.70,27.00,17,17,0,0.12,0.10,0.20,27.46,17,17,0,1.09,1.00,1.10,27.39,17,17,0,0.24,0.20,0.30,26.73,17,17,0
81635,0.38,0.30,0.40,27.59,18,18,0,0.08,0.00,0.10,27.25,18,18,0,-0.48,-1.10,0.20,26.62,18,0,0,0.61,0.60,0.70,27.01,18,18,0,0.16,0.10,0.20,27.49,18,18,0,1.09,1.00,1.10,27.39,18,18,0,0.24,0.20,0.30,26.75,18,18,0
82135,0.38,0.30,0.40,27.56,17,17,0,0.10,0.10,0.10,27.25,17,17,0,-0.46,-1.20,0.10,26.61,17,0,0,0.61,0.60,0.70,26.99,17,17,0,0.16,0.10,0.20,27.46,17,17,0,1.08,1.00,1.10,27.40,17,17,0,0.26,0.20,0.30,26.76,17,17,0
82635,0.38,0.30,0.40,27.59,17,17,0,0.09,0.00,0.10,27.25,17,17,0,-0.41,-0.90,0.40,26.63,17,0,0,0.61,0.60,0.70,27.01,17,17,0,0.17,0.10,0.20,27.47,17,17,0,1.10,1.10,1.10,27.40,17,17,0,0.25,0.20,0.30,26.78,17,17,0
83135,0.39,0.30,0.40,27.59,17,17,0,0.10,0.00,0.20,27.26,17,17,0,-0.21,-1.10,0.80,26.64,17,0,0,0.62,0.60,0.70,27.00,17,17,0,0.14,0.10,0.20,27.49,17,17,0,1.07,1.00,1.10,27.40,17,17,0,0.25,0.20,0.30,26.76,17,17,0
83635,0.38,0.30,0.40,27.59,16,16,0,0.10,0.10,0.10,27.27,16,16,0,-0.34,-1.30,1.20,26.63,16,0,0,0.61,0.60,0.70,27.02,16,16,0,0.16,0.10,0.20,27.49,16,16,0,1.10,1.10,1.10,27.40,16,16,0,0.26,0.20,0.30,26.77,16,16,0
84135,0.39,0.30,0.40,27.62,17,17,0,0.08,0.00,0.10,27.29,17,17,0,-0.38,-1.20,1.20,26.63,17,0,0,0.61,0.60,0.70,27.01,17,17,0,0.14,0.10,0.20,27.49,17,17,0,1.11,1.00,1.20,27.42,17,17,0,0.26,0.20,0.30,26.77,17,17,0
84635,0.38,0.30,0.40,27.62,17,17,0,0.09,0.00,0.10,27.28,17,17,0,-0.21,-1.20,0.90,26.65,17,0,0,0.61,0.60,0.70,27.02,17,17,0,0.18,0.10,0.20,27.48,17,17,0,1.09,1.00,1.10,27.41,17,17,0,0.24,0.20,0.30,26.77,17,17,0
85135,0.37,0.30,0.40,27.60,17,17,0,0.09,0.00,0.10,27.27,17,17,0,-0.20,-0.90,0.20,26.64,17,0,0,0.61,0.60,0.70,27.01,17,17,0,0.14,0.10,0.20,27.51,17,17,0,1.08,1.00,1.10,27.41,17,17,0,0.25,0.20,0.30,26.78,17,17,0
85635,0.38,0.30,0.40,27.62,17,17,0,0.08,0.00,0.10,27.28,17,17,0,-0.04,-0.70,0.90,26.66,17,0,0,0.60,0.60,0.60,27.02,17,17,0,0.14,0.10,0.20,27.50,17,17,0,1.08,1.00,1.10,27.42,17,17,0,0.23,0.20,0.30,26.79,17,17,0
86136,0.39,0.30,0.40,27.62,17,17,0,0.08,0.00,0.10,27.29,17,17,0,-0.08,-0.90,0.60,26.66,17,0,0,0.61,0.60,0.70,27.03,17,17,0,0.15,0.10,0.20,27.50,17,17,0,1.07,1.00,1.10,27.43,17,17,0,0.22,0.20,0.30,26.78,17,17,0
86646,0.39,0.30,0.40,27.61,18,18,0,0.09,0.00,0.10,27.29,18,18,0,-0.04,-1.10,1.10,26.64,18,0,0,0.61,0.60,0.70,27.03,18,18,0,0.16,0.10,0.20,27.50,18,18,0,1.08,1.00,1.10,27.42,18,18,0,0.26,0.20,0.30,26.78,18,18,0
87147,0.38,0.30,0.40,27.62,17,17,0,0.09,0.00,0.10,27.29,17,17,0,-0.22,-1.10,0.60,26.67,17,0,0,0.61,0.60,0.70,27.04,17,17,0,0.16,0.10,0.20,27.51,17,17,0,1.09,1.00,1.10,27.41,17,17,0,0.25,0.20,0.30,26.79,17,17,0
87657,0.38,0.30,0.40,27.63,18,18,0,0.09,0.00,0.10,27.31,18,18,0,-0.37,-0.90,-0.10,26.67,18,0,0,0.60,0.60,0.60,27.02,18,18,0,0.16,0.10,0.20,27.52,18,18,0,1.08,1.00,1.10,27.44,18,18,0,0.24,0.20,0.30,26.80,18,18,0
88157,0.36,0.30,0.40,27.61,17,17,0,0.09,0.00,0.10,27.30,17,17,0,-0.34,-0.80,0.20,26.67,17,0,0,0.61,0.60,0.70,27.05,17,17,0,0.16,0.10,0.20,27.52,17,17,0,1.08,1.00,1.10,27.45,17,17,0,0.24,0.20,0.30,26.79,17,17,0
88657,0.39,0.30,0.40,27.65,17,17,0,0.09,0.00,0.10,27.30,17,17,0,-0.04,-0.60,0.60,26.66,17,0,0,0.60,0.60,0.60,27.05,17,17,0,0.16,0.10,0.20,27.52,17,17,0,1.09,1.00,1.10,27.43,17,17,0,0.25,0.20,0.30,26.81,17,17,0
89168,0.38,0.30,0.40,27.63,18,18,0,0.08,0.00,0.10,27.30,18,18,0,-0.07,-1.00,0.70,26.68,18,0,0,0.61,0.60,0.70,27.04,18,18,0,0.15,0.10,0.20,27.52,18,18,0,1.09,1.00,1.10,27.44,18,18,0,0.26,0.20,0.30,26.80,18,18,0
89668,0.39,0.30,0.40,27.65,17,17,0,0.09,0.00,0.10,27.31,17,17,0,0.09,-0.30,1.20,26.68,17,0,0,0.60,0.60,0.60,27.05,17,17,0,0.13,0.10,0.20,27.52,17,17,0,1.08,1.00,1.10,27.46,17,17,0,0.25,0.20,0.30,26.82,17,17,0
90168,0.38,0.30,0.40,27.64,17,17,0,0.08,0.00,0.10,27.33,17,17,0,-0.12,-0.80,0.50,26.69,17,0,0,0.61,0.60,0.70,27.07,17,17,0,0.15,0.10,0.20,27.53,17,17,0,1.08,1.00,1.10,27.46,17,17,0,0.25,0.20,0.30,26.80,17,17,0
90677,0.37,0.30,0.40,27.64,17,17,0,0.08,0.00,0.10,27.31,17,17,0,-0.09,-1.20,1.20,26.69,17,0,0,0.61,0.60,0.70,27.05,17,17,0,0.16,0.10,0.20,27.52,17,17,0,1.10,1.10,1.10,27.46,17,17,0,0.24,0.20,0.30,26.82,17,17,0
91185,0.38,0.30,0.40,27.65,18,18,0,0.08,0.00,0.10,27.32,18,18,0,-0.06,-0.70,1.40,26.71,18,0,0,0.61,0.60,0.70,27.08,18,18,0,0.16,0.10,0.20,27.56,18,18,0,1.09,1.00,1.10,27.45,18,18,0,0.26,0.20,0.30,26.82,18,18,0
91695,0.37,0.30,0.40,27.66,18,18,0,0.09,0.00,0.10,27.31,18,18,0,0.41,-0.30,1.20,26.69,18,0,0,0.61,0.60,0.70,27.08,18,18,0,0.14,0.10,0.20,27.54,18,18,0,1.09,1.00,1.10,27.46,18,18,0,0.29,0.20,0.30,26.83,18,18,0
92195,0.40,0.40,0.40,27.66,17,17,0,0.09,0.00,0.10,27.32,17,17,0,0.65,-1.00,2.00,26.72,17,0,0,0.61,0.60,0.70,27.07,17,17,0,0.15,0.10,0.20,27.55,17,17,0,1.08,1.00,1.10,27.45,17,17,0,0.26,0.20,0.30,26.82,17,17,0
92695,0.38,0.30,0.40,27.67,17,17,0,0.08,0.00,0.10,27.33,17,17,0,0.77,-0.30,1.60,26.71,17,0,0,0.61,0.60,0.70,27.10,17,17,0,0.15,0.10,0.20,27.55,17,17,0,1.09,1.00,1.10,27.47,17,17,0,0.22,0.20,0.30,26.84,17,17,0
93196,0.38,0.30,0.40,27.67,17,17,0,0.09,0.00,0.10,27.34,17,17,0,0.46,-0.20,1.20,26.69,17,0,0,0.61,0.60,0.70,27.08,17,17,0,0.16,0.10,0.20,27.55,17,17,0,1.09,1.00,1.10,27.47,17,17,0,0.24,0.20,0.30,26.84,17,17,0
93696,0.39,0.30,0.40,27.67,18,18,0,0.08,0.00,0.10,27.33,18,18,0,0.15,-0.50,1.10,26.71,18,0,0,0.61,0.60,0.70,27.11,18,18,0,0.15,0.10,0.20,27.56,18,18,0,1.08,1.00,1.10,27.49,18,18,0,0.24,0.20,0.30,26.85,18,18,0
94199,0.36,0.30,0.40,27.67,17,17,0,0.09,0.00,0.10,27.34,17,17,0,-0.13,-1.00,0.70,26.75,17,0,0,0.61,0.60,0.70,27.09,17,17,0,0.15,0.10,0.20,27.55,17,17,0,1.10,1.10,1.10,27.49,17,17,0,0.24,0.20,0.30,26.84,17,17,0
94699,0.38,0.30,0.40,27.69,17,17,0,0.06,0.00,0.10,27.33,17,17,0,-0.08,-0.80,0.60,26.73,17,0,0,0.61,0.60,0.70,27.10,17,17,0,0.15,0.10,0.20,27.56,17,17,0,1.08,1.00,1.10,27.48,17,17,0,0.25,0.20,0.30,26.86,17,17,0
95199,0.37,0.30,0.40,27.69,17,17,0,0.09,0.00,0.10,27.34,17,17,0,0.15,-1.00,0.70,26.71,17,0,0,0.60,0.60,0.60,27.08,17,17,0,0.15,0.10,0.20,27.57,17,17,0,1.09,1.00,1.10,27.48,17,17,0,0.25,0.20,0.30,26.86,17,17,0
95703,0.37,0.30,0.40,27.70,17,17,0,0.07,0.00,0.10,27.33,17,17,0,-0.04,-1.00,0.90,26.73,17,0,0,0.61,0.60,0.70,27.11,17,17,0,0.16,0.10,0.20,27.58,17,17,0,1.09,1.00,1.10,27.50,17,17,0,0.24,0.20,0.30,26.85,17,17,0
96203,0.38,0.30,0.40,27.68,17,17,0,0.06,0.00,0.10,27.35,17,17,0,0.12,-0.60,1.00,26.72,17,0,0,0.60,0.50,0.70,27.10,17,17,0,0.16,0.10,0.20,27.58,17,17,0,1.09,1.00,1.10,27.50,17,17,0,0.23,0.20,0.30,26.86,17,17,0
96713,0.39,0.30,0.40,27.68,18,18,0,0.08,0.00,0.10,27.36,18,18,0,0.49,-0.30,1.10,26.73,18,0,0,0.61,0.60,0.70,27.11,18,18,0,0.16,0.10,0.20,27.59,18,18,0,1.07,1.00,1.10,27.48,18,18,0,0.24,0.20,0.30,26.86,18,18,0
97213,0.36,0.30,0.40,27.70,17,17,0,0.07,0.00,0.10,27.35,17,17,0,0.09,-0.80,1.10,26.74,17,0,0,0.60,0.60,0.60,27.11,17,17,0,0.16,0.10,0.20,27.59,17,17,0,1.09,1.00,1.10,27.49,17,17,0,0.24,0.20,0.30,26.85,17,17,0
97713,0.39,0.30,0.40,27.70,18,18,0,0.06,-0.10,0.10,27.37,18,18,0,0.10,-0.60,1.20,26.75,18,0,0,0.61,0.60,0.70,27.11,18,18,0,0.17,0.10,0.20,27.59,18,18,0,1.09,1.00,1.10,27.49,18,18,0,0.24,0.20,0.30,26.86,18,18,0
98213,0.39,0.30,0.40,27.70,17,17,0,0.09,0.00,0.10,27.36,17,17,0,0.82,0.10,1.90,26.77,17,0,0,0.61,0.60,0.70,27.13,17,17,0,0.14,0.10,0.20,27.58,17,17,0,1.09,1.00,1.10,27.52,17,17,0,0.26,0.20,0.30,26.87,17,17,0
98715,0.38,0.30,0.40,27.70,17,17,0,0.04,0.00,0.10,27.37,17,17,0,0.68,-0.20,2.20,26.75,17,0,0,0.60,0.60,0.60,27.11,17,17,0,0.15,0.10,0.20,27.58,17,17,0,1.09,1.00,1.10,27.51,17,17,0,0.25,0.20,0.30,26.88,17,17,0
99216,0.37,0.30,0.40,27.71,17,17,0,0.06,0.00,0.10,27.38,17,17,0,0.62,-0.10,1.90,26.77,17,0,0,0.61,0.60,0.70,27.13,17,17,0,0.14,0.10,0.20,27.60,17,17,0,1.10,1.10,1.10,27.51,17,17,0,0.23,0.20,0.30,26.86,17,17,0
99719,0.36,0.30,0.40,27.71,17,17,0,0.08,0.00,0.10,27.38,17,17,0,0.34,-0.30,1.50,26.77,17,0,0,0.60,0.60,0.60,27.12,17,17,0,0.16,0.10,0.20,27.60,17,17,0,1.10,1.10,1.10,27.52,17,17,0,0.26,0.20,0.30,26.88,17,17,0
100219,0.37,0.30,0.40,27.71,17,17,0,0.06,0.00,0.10,27.36,17,17,0,0.58,-0.30,1.70,26.76,17,0,0,0.60,0.60,0.60,27.12,17,17,0,0.16,0.10,0.20,27.60,17,17,0,1.08,1.00,1.10,27.52,17,17,0,0.25,0.20,0.30,26.89,17,17,0
100719,0.36,0.30,0.40,27.73,17,17,0,0.08,0.00,0.10,27.37,17,17,0,1.09,0.20,2.10,26.75,17,0,0,0.62,0.60,0.70,27.12,17,17,0,0.12,0.10,0.20,27.62,17,17,0,1.09,1.00,1.10,27.51,17,17,0,0.24,0.20,0.30,26.90,17,17,0
101219,0.36,0.30,0.40,27.72,17,17,0,0.06,0.00,0.10,27.37,17,17,0,0.94,0.40,1.60,26.77,17,0,0,0.60,0.60,0.60,27.12,17,17,0,0.15,0.10,0.20,27.60,17,17,0,1.09,1.00,1.10,27.51,17,17,0,0.24,0.20,0.30,26.89,17,17,0
101719,0.38,0.30,0.40,27.71,17,17,0,0.08,0.00,0.10,27.39,17,17,0,0.62,-0.10,1.10,26.78,17,0,0,0.60,0.60,0.60,27.13,17,17,0,0.12,0.10,0.20,27.60,17,17,0,1.10,1.10,1.10,27.52,17,17,0,0.25,0.20,0.30,26.89,17,17,0
102229,0.36,0.30,0.40,27.72,18,18,0,0.08,0.00,0.10,27.38,18,18,0,0.40,-0.30,1.30,26.78,18,0,0,0.60,0.60,0.60,27.13,18,18,0,0.13,0.10,0.20,27.62,18,18,0,1.09,1.00,1.10,27.53,18,18,0,0.23,0.20,0.30,26.88,18,18,0
102729,0.36,0.30,0.40,27.74,17,17,0,0.06,0.00,0.10,27.39,17,17,0,0.22,-0.80,1.10,26.78,17,0,0,0.60,0.60,0.60,27.14,17,17,0,0.13,0.10,0.20,27.62,17,17,0,1.09,1.00,1.10,27.54,17,17,0,0.26,0.20,0.30,26.90,17,17,0
103239,0.38,0.30,0.40,27.72,17,17,0,0.07,0.00,0.10,27.39,17,17,0,-0.01,-1.00,1.10,26.77,17,0,0,0.61,0.60,0.70,27.14,17,17,0,0.15,0.10,0.20,27.62,17,17,0,1.08,1.00,1.10,27.54,17,17,0,0.26,0.20,0.30,26.89,17,17,0
103739,0.39,0.30,0.40,27.73,17,17,0,0.07,0.00,0.10,27.40,17,17,0,0.14,-1.10,1.30,26.78,17,0,0,0.60,0.60,0.60,27.14,17,17,0,0.13,0.10,0.20,27.63,17,17,0,1.08,1.00,1.10,27.53,17,17,0,0.22,0.20,0.30,26.89,17,17,0
104239,0.37,0.30,0.40,27.74,17,17,0,0.06,0.00,0.10,27.39,17,17,0,0.18,-0.30,1.30,26.79,17,0,0,0.60,0.60,0.60,27.14,17,17,0,0.16,0.10,0.20,27.63,17,17,0,1.07,1.00,1.10,27.54,17,17,0,0.22,0.20,0.30,26.90,17,17,0
104739,0.38,0.30,0.40,27.73,17,17,0,0.07,0.00,0.10,27.40,17,17,0,-0.14,-0.70,0.40,26.80,17,0,0,0.60,0.60,0.60,27.15,17,17,0,0.14,0.10,0.20,27.62,17,17,0,1.09,1.00,1.10,27.54,17,17,0,0.25,0.20,0.30,26.91,17,17,0
105239,0.39,0.30,0.40,27.72,17,17,0,0.08,0.00,0.10,27.40,17,17,0,-0.14,-1.50,0.80,26.79,17,0,0,0.61,0.60,0.70,27.15,17,17,0,0.16,0.10,0.20,27.63,17,17,0,1.10,1.10,1.10,27.54,17,17,0,0.22,0.20,0.30,26.90,17,17,0
105739,0.38,0.30,0.40,27.75,17,17,0,0.06,0.00,0.10,27.40,17,17,0,-0.42,-1.50,0.50,26.80,17,0,0,0.60,0.60,0.60,27.16,17,17,0,0.15,0.10,0.20,27.64,17,17,0,1.06,1.00,1.10,27.55,17,17,0,0.24,0.20,0.30,26.90,17,17,0
106252,0.37,0.30,0.40,27.76,18,18,0,0.07,0.00,0.10,27.41,18,18,0,-0.54,-1.30,0.30,26.79,18,0,0,0.61,0.60,0.70,27.15,18,18,0,0.14,0.10,0.20,27.64,18,18,0,1.10,1.10,1.10,27.55,18,18,0,0.25,0.20,0.30,26.92,18,18,0
106757,0.39,0.30,0.40,27.75,17,17,0,0.06,0.00,0.10,27.41,17,17,0,-0.28,-3.50,2.00,26.81,17,0,0,0.60,0.60,0.60,27.17,17,17,0,0.14,0.10,0.20,27.62,17,17,0,1.09,1.00,1.10,27.54,17,17,0,0.22,0.20,0.30,26.91,17,17,0
107257,0.39,0.30,0.40,27.76,17,17,0,0.06,0.00,0.10,27.40,17,17,0,-0.10,-1.20,1.60,26.80,17,0,0,0.60,0.60,0.60,27.16,17,17,0,0.14,0.10,0.20,27.65,17,17,0,1.06,1.00,1.10,27.56,17,17,0,0.24,0.20,0.30,26.91,17,17,0
107757,0.36,0.30,0.40,27.76,17,17,0,0.08,0.00,0.10,27.43,17,17,0,-0.39,-1.10,1.00,26.81,17,0,0,0.61,0.60,0.70,27.18,17,17,0,0.14,0.10,0.20,27.64,17,17,0,1.06,1.00,1.10,27.56,17,17,0,0.22,0.20,0.30,26.91,17,17,0
108257,0.38,0.30,0.40,27.75,18,18,0,0.04,0.00,0.10,27.42,18,18,0,-0.58,-1.40,0.70,26.82,18,0,0,0.60,0.60,0.60,27.16,18,18,0,0.15,0.10,0.20,27.65,18,18,0,1.10,1.10,1.10,27.56,18,18,0,0.26,0.20,0.30,26.91,18,18,0
108757,0.37,0.30,0.40,27.77,16,16,0,0.06,0.00,0.10,27.43,16,16,0,-0.79,-2.30,0.20,26.81,16,0,0,0.60,0.60,0.60,27.20,16,16,0,0.16,0.10,0.20,27.64,16,16,0,1.08,1.00,1.10,27.57,16,16,0,0.22,0.20,0.30,26.93,16,16,0
109258,0.38,0.30,0.40,27.78,17,17,0,0.06,0.00,0.10,27.42,17,17,0,-0.60,-6.80,4.90,26.83,17,0,0,0.60,0.60,0.60,27.17,17,17,0,0.14,0.10,0.20,27.67,17,17,0,1.09,1.00,1.10,27.55,17,17,0,0.22,0.20,0.30,26.92,17,17,0
109758,0.39,0.30,0.40,27.75,17,17,0,0.08,0.00,0.10,27.43,17,17,0,-0.25,-2.70,2.60,26.83,17,0,0,0.61,0.60,0.70,27.19,17,17,0,0.14,0.10,0.20,27.66,17,17,0,1.09,1.00,1.10,27.57,17,17,0,0.24,0.20,0.30,26.93,17,17,0
110258,0.37,0.30,0.40,27.77,17,17,0,0.05,0.00,0.10,27.43,17,17,0,-0.17,-1.50,1.70,26.83,17,0,0,0.60,0.60,0.60,27.18,17,17,0,0.14,0.10,0.20,27.66,17,17,0,1.09,1.00,1.10,27.56,17,17,0,0.26,0.20,0.30,26.93,17,17,0
110758,0.38,0.30,0.40,27.79,17,17,0,0.06,0.00,0.10,27.42,17,17,0,-0.02,-1.50,1.20,26.83,17,0,0,0.60,0.60,0.60,27.19,17,17,0,0.15,0.10,0.20,27.66,17,17,0,1.08,1.00,1.10,27.59,17,17,0,0.24,0.20,0.30,26.95,17,17,0
111262,0.38,0.30,0.40,27.77,17,17,0,0.02,0.00,0.10,27.42,17,17,0,-0.10,-0.90,0.90,26.83,17,0,0,0.61,0.60,0.70,27.18,17,17,0,0.14,0.10,0.20,27.67,17,17,0,1.09,1.00,1.10,27.58,17,17,0,0.25,0.20,0.30,26.96,17,17,0
111773,0.38,0.30,0.40,27.80,17,17,0,0.04,-0.10,0.10,27.42,17,17,0,0.05,-1.50,1.10,26.85,17,0,0,0.61,0.60,0.70,27.19,17,17,0,0.15,0.10,0.20,27.67,17,17,0,1.09,1.00,1.10,27.58,17,17,0,0.23,0.20,0.30,26.94,17,17,0
112274,0.38,0.30,0.40,27.77,17,17,0,0.06,0.00,0.10,27.44,17,17,0,0.12,-1.20,1.10,26.85,17,0,0,0.59,0.50,0.60,27.20,17,17,0,0.14,0.10,0.20,27.65,17,17,0,1.08,1.00,1.10,27.58,17,17,0,0.26,0.20,0.30,26.93,17,17,0
112774,0.38,0.30,0.40,27.79,16,16,0,0.05,0.00,0.10,27.44,16,16,0,0.05,-0.70,0.70,26.85,16,0,0,0.60,0.60,0.60,27.20,16,16,0,0.16,0.10,0.20,27.67,16,16,0,1.10,1.10,1.10,27.58,16,16,0,0.25,0.20,0.30,26.96,16,16,0
113278,0.36,0.30,0.40,27.79,17,17,0,0.04,0.00,0.10,27.46,17,17,0,-0.09,-1.20,1.10,26.84,17,0,0,0.60,0.60,0.60,27.20,17,17,0,0.13,0.10,0.20,27.69,17,17,0,1.09,1.00,1.10,27.58,17,17,0,0.28,0.20,0.30,26.96,17,17,0
113788,0.36,0.30,0.40,27.79,17,17,0,0.05,0.00,0.10,27.45,17,17,0,-0.10,-0.70,0.50,26.86,17,0,0,0.61,0.60,0.70,27.19,17,17,0,0.16,0.10,0.20,27.66,17,17,0,1.10,1.10,1.10,27.58,17,17,0,0.26,0.20,0.30,26.97,17,17,0
114288,0.38,0.30,0.40,27.81,17,17,0,0.01,-0.10,0.10,27.45,17,17,0,-0.18,-1.80,1.30,26.85,17,0,0,0.60,0.60,0.60,27.20,17,17,0,0.14,0.10,0.20,27.69,17,17,0,1.06,1.00,1.10,27.60,17,17,0,0.23,0.20,0.30,26.97,17,17,0
114800,0.38,0.30,0.40,27.80,17,17,0,0.03,0.00,0.10,27.47,17,17,0,-0.38,-1.40,1.10,26.88,17,0,0,0.60,0.60,0.60,27.20,17,17,0,0.14,0.10,0.20,27.71,17,17,0,1.10,1.10,1.10,27.60,17,17,0,0.24,0.20,0.30,26.96,17,17,0
115300,0.38,0.30,0.40,27.79,17,17,0,0.04,-0.10,0.10,27.45,17,17,0,-0.40,-1.30,0.50,26.87,17,0,0,0.60,0.60,0.60,27.19,17,17,0,0.15,0.10,0.20,27.69,17,17,0,1.09,1.00,1.10,27.61,17,17,0,0.26,0.20,0.30,26.98,17,17,0
115800,0.35,0.30,0.40,27.80,17,17,0,0.04,0.00,0.10,27.46,17,17,0,-0.58,-1.30,0.50,26.87,17,0,0,0.60,0.60,0.60,27.21,17,17,0,0.15,0.10,0.20,27.69,17,17,0,1.09,1.00,1.10,27.59,17,17,0,0.23,0.20,0.30,26.98,17,17,0
116301,0.37,0.30,0.40,27.81,17,17,0,0.03,0.00,0.10,27.46,17,17,0,-0.59,-1.70,0.30,26.86,17,0,0,0.60,0.60,0.60,27.22,17,17,0,0.15,0.10,0.20,27.69,17,17,0,1.08,1.00,1.10,27.61,17,17,0,0.24,0.20,0.30,26.98,17,17,0
116811,0.38,0.30,0.40,27.81,18,18,0,0.01,-0.10,0.10,27.47,18,18,0,-0.37,-0.90,0.20,26.88,18,0,0,0.59,0.50,0.60,27.21,18,18,0,0.14,0.10,0.20,27.70,18,18,0,1.08,1.00,1.10,27.61,18,18,0,0.24,0.20,0.30,26.98,18,18,0
117311,0.35,0.30,0.40,27.82,17,17,0,0.02,-0.10,0.10,27.47,17,17,0,-0.31,-1.40,0.70,26.87,17,0,0,0.60,0.60,0.60,27.21,17,17,0,0.16,0.10,0.20,27.70,17,17,0,1.09,1.00,1.10,27.59,17,17,0,0.26,0.20,0.30,26.99,17,17,0
117816,0.36,0.30,0.40,27.81,17,17,0,0.02,-0.10,0.10,27.47,17,17,0,-0.12,-2.80,1.80,26.88,17,0,0,0.59,0.50,0.60,27.20,17,17,0,0.14,0.10,0.20,27.70,17,17,0,1.07,1.00,1.10,27.62,17,17,0,0.25,0.20,0.30,26.96,17,17,0
118317,0.35,0.30,0.40,27.82,17,17,0,0.00,-0.10,0.10,27.46,17,17,0,-0.34,-2.80,1.40,26.89,17,0,0,0.60,0.60,0.60,27.22,17,17,0,0.13,0.10,0.20,27.70,17,17,0,1.09,1.00,1.10,27.63,17,17,0,0.22,0.20,0.30,26.95,17,17,0
118817,0.35,0.30,0.40,27.82,17,17,0,0.01,-0.10,0.10,27.47,17,17,0,-0.22,-2.80,3.20,26.88,17,0,0,0.61,0.60,0.70,27.22,17,17,0,0.15,0.10,0.20,27.71,17,17,0,1.10,1.10,1.10,27.62,17,17,0,0.25,0.20,0.30,26.97,17,17,0
119317,0.38,0.30,0.40,27.81,17,17,0,-0.01,-0.10,0.10,27.48,17,17,0,-0.34,-1.30,1.40,26.89,17,0,0,0.60,0.60,0.60,27.22,17,17,0,0.14,0.10,0.20,27.72,17,17,0,1.08,1.00,1.10,27.62,17,17,0,0.24,0.20,0.30,26.98,17,17,0
119819,0.36,0.30,0.40,27.82,17,17,0,0.02,-0.10,0.10,27.49,17,17,0,-0.17,-1.10,0.70,26.89,17,0,0,0.59,0.50,0.60,27.22,17,17,0,0.14,0.10,0.20,27.71,17,17,0,1.07,1.00,1.10,27.63,17,17,0,0.23,0.20,0.30,26.98,17,17,0
120321,0.35,0.30,0.40,27.84,17,17,0,0.04,-0.10,0.10,27.47,17,17,0,-0.12,-1.00,0.90,26.88,17,0,0,0.60,0.50,0.70,27.22,17,17,0,0.16,0.10,0.20,27.72,17,17,0,1.09,1.00,1.10,27.62,17,17,0,0.25,0.20,0.30,26.99,17,17,0
120829,0.36,0.30,0.40,27.83,17,17,0,0.02,-0.10,0.10,27.47,17,17,0,-0.19,-0.80,0.40,26.90,17,0,0,0.60,0.60,0.60,27.23,17,17,0,0.13,0.10,0.20,27.72,17,17,0,1.08,1.00,1.10,27.63,17,17,0,0.22,0.20,0.30,27.00,17,17,0
121339,0.35,0.30,0.40,27.81,17,17,0,0.02,0.00,0.10,27.49,17,17,0,-0.19,-0.80,0.30,26.89,17,0,0,0.60,0.60,0.60,27.22,17,17,0,0.15,0.10,0.20,27.72,17,17,0,1.08,1.00,1.10,27.63,17,17,0,0.23,0.20,0.30,26.99,17,17,0
121849,0.36,0.30,0.40,27.82,18,18,0,0.01,-0.10,0.10,27.49,18,18,0,-0.07,-0.90,0.60,26.89,18,0,0,0.60,0.60,0.60,27.24,18,18,0,0.15,0.10,0.20,27.70,18,18,0,1.09,1.00,1.10,27.64,18,18,0,0.23,0.20,0.30,27.00,18,18,0
122349,0.37,0.30,0.40,27.82,16,16,0,0.01,-0.10,0.10,27.48,16,16,0,0.01,-0.80,0.80,26.90,16,0,0,0.59,0.50,0.60,27.23,16,16,0,0.14,0.10,0.20,27.71,16,16,0,1.09,1.00,1.10,27.63,16,16,0,0.24,0.20,0.30,27.01,16,16,0
122849,0.39,0.30,0.40,27.84,17,17,0,0.02,-0.10,0.10,27.49,17,17,0,0.03,-0.90,1.30,26.91,17,0,0,0.61,0.60,0.70,27.23,17,17,0,0.15,0.10,0.20,27.71,17,17,0,1.10,1.10,1.10,27.64,17,17,0,0.23,0.20,0.30,27.01,17,17,0
123352,0.37,0.30,0.40,27.84,18,18,0,0.02,-0.10,0.10,27.51,18,18,0,-0.33,-2.20,1.60,26.94,18,0,0,0.60,0.60,0.60,27.24,18,18,0,0.15,0.10,0.20,27.73,18,18,0,1.08,1.00,1.10,27.65,18,18,0,0.23,0.20,0.30,27.00,18,18,0
123852,0.38,0.30,0.40,27.83,17,17,0,0.03,-0.10,0.10,27.49,17,17,0,-0.02,-1.90,1.60,26.91,17,0,0,0.60,0.60,0.60,27.26,17,17,0,0.14,0.10,0.20,27.72,17,17,0,1.10,1.10,1.10,27.65,17,17,0,0.22,0.20,0.30,27.02,17,17,0
124352,0.36,0.30,0.40,27.85,17,17,0,0.00,-0.10,0.10,27.49,17,17,0,-0.45,-3.10,1.50,26.91,17,0,0,0.60,0.60,0.60,27.24,17,17,0,0.15,0.10,0.20,27.73,17,17,0,1.10,1.10,1.10,27.63,17,17,0,0.22,0.20,0.30,27.03,17,17,0
124856,0.38,0.30,0.40,27.85,17,17,0,0.01,-0.10,0.10,27.50,17,17,0,-0.39,-3.20,1.30,26.91,17,0,0,0.60,0.60,0.60,27.25,17,17,0,0.16,0.10,0.20,27.74,17,17,0,1.09,1.00,1.10,27.65,17,17,0,0.23,0.20,0.30,27.03,17,17,0
125356,0.37,0.30,0.40,27.86,18,18,0,0.00,-0.10,0.10,27.49,18,18,0,-0.28,-4.00,4.30,26.93,18,0,0,0.61,0.60,0.70,27.26,18,18,0,0.12,0.10,0.20,27.74,18,18,0,1.09,1.00,1.10,27.65,18,18,0,0.23,0.20,0.30,27.03,18,18,0
125865,0.39,0.30,0.40,27.85,17,17,0,0.02,-0.10,0.10,27.51,17,17,0,-0.09,-1.60,2.20,26.92,17,0,0,0.60,0.60,0.60,27.25,17,17,0,0.13,0.10,0.20,27.74,17,17,0,1.09,1.00,1.10,27.65,17,17,0,0.23,0.20,0.30,27.02,17,17,0
126365,0.36,0.30,0.40,27.84,17,17,0,0.02,-0.10,0.10,27.51,17,17,0,-0.18,-1.40,1.10,26.93,17,0,0,0.60,0.60,0.60,27.26,17,17,0,0.16,0.10,0.20,27.73,17,17,0,1.09,1.00,1.10,27.65,17,17,0,0.25,0.20,0.30,27.03,17,17,0
126871,0.37,0.30,0.40,27.86,17,17,0,-0.01,-0.10,0.10,27.51,17,17,0,-0.12,-0.90,1.20,26.94,17,0,0,0.60,0.60,0.60,27.25,17,17,0,0.14,0.10,0.20,27.76,17,17,0,1.08,1.00,1.10,27.65,17,17,0,0.26,0.20,0.30,27.01,17,17,0
127372,0.37,0.30,0.40,27.86,17,17,0,0.02,-0.10,0.10,27.51,17,17,0,-0.05,-1.00,0.80,26.93,17,0,0,0.60,0.60,0.60,27.25,17,17,0,0.16,0.10,0.20,27.76,17,17,0,1.08,1.00,1.10,27.67,17,17,0,0.21,0.20,0.30,27.02,17,17,0
127876,0.35,0.30,0.40,27.85,17,17,0,0.02,-0.10,0.10,27.50,17,17,0,0.16,-0.70,1.50,26.93,17,0,0,0.61,0.60,0.70,27.27,17,17,0,0.14,0.10,0.20,27.76,17,17,0,1.09,1.00,1.10,27.67,17,17,0,0.23,0.20,0.30,27.05,17,17,0
128376,0.35,0.30,0.40,27.86,17,17,0,0.03,-0.10,0.10,27.50,17,17,0,0.11,-0.80,1.00,26.94,17,0,0,0.60,0.60,0.60,27.25,17,17,0,0.14,0.10,0.20,27.75,17,17,0,1.09,1.00,1.10,27.66,17,17,0,0.24,0.20,0.30,27.04,17,17,0
128876,0.35,0.30,0.40,27.88,17,17,0,0.01,-0.10,0.10,27.51,17,17,0,-0.03,-0.70,0.70,26.95,17,0,0,0.60,0.60,0.60,27.26,17,17,0,0.13,0.10,0.20,27.75,17,17,0,1.08,1.00,1.10,27.65,17,17,0,0.23,0.20,0.30,27.05,17,17,0
129376,0.38,0.30,0.40,27.86,17,17,0,0.01,-0.10,0.10,27.52,17,17,0,0.01,-0.60,0.80,26.94,17,0,0,0.59,0.50,0.60,27.26,17,17,0,0.15,0.10,0.20,27.76,17,17,0,1.10,1.10,1.10,27.66,17,17,0,0.22,0.20,0.30,27.03,17,17,0
129876,0.35,0.30,0.40,27.89,17,17,0,0.01,-0.10,0.10,27.52,17,17,0,-0.18,-0.70,0.50,26.94,17,0,0,0.60,0.60,0.60,27.27,17,17,0,0.16,0.10,0.20,27.75,17,17,0,1.10,1.10,1.10,27.67,17,17,0,0.22,0.20,0.30,27.05,17,17,0
130386,0.36,0.30,0.40,27.86,18,18,0,0.01,-0.10,0.10,27.52,18,18,0,-0.22,-0.90,0.60,26.95,18,0,0,0.60,0.60,0.60,27.27,18,18,0,0.12,0.10,0.20,27.76,18,18,0,1.08,1.00,1.10,27.68,18,18,0,0.23,0.20,0.30,27.05,18,18,0
130886,0.38,0.30,0.40,27.88,17,17,0,0.02,-0.10,0.10,27.51,17,17,0,-0.28,-1.60,1.00,26.94,17,0,0,0.60,0.60,0.60,27.28,17,17,0,0.13,0.10,0.20,27.76,17,17,0,1.08,1.00,1.10,27.67,17,17,0,0.25,0.20,0.30,27.04,17,17,0
131386,0.39,0.30,0.40,27.89,18,18,0,0.00,-0.10,0.10,27.53,18,18,0,-0.29,-2.00,1.50,26.96,18,0,0,0.60,0.60,0.60,27.28,18,18,0,0.17,0.10,0.20,27.78,18,18,0,1.07,1.00,1.10,27.67,18,18,0,0.25,0.20,0.30,27.05,18,18,0
131895,0.36,0.30,0.40,27.88,17,17,0,0.02,0.00,0.10,27.53,17,17,0,-0.17,-2.30,1.80,26.96,17,0,0,0.60,0.50,0.70,27.28,17,17,0,0.15,0.10,0.20,27.76,17,17,0,1.09,1.00,1.10,27.68,17,17,0,0.23,0.20,0.30,27.06,17,17,0
132395,0.36,0.30,0.40,27.90,17,17,0,0.02,0.00,0.10,27.54,17,17,0,0.11,-1.50,1.80,26.95,17,0,0,0.60,0.60,0.60,27.27,17,17,0,0.13,0.10,0.20,27.77,17,17,0,1.09,1.00,1.10,27.68,17,17,0,0.24,0.20,0.30,27.06,17,17,0
132895,0.36,0.30,0.40,27.88,17,17,0,0.01,-0.10,0.10,27.53,17,17,0,0.11,-0.80,1.80,26.97,17,0,0,0.60,0.60,0.60,27.30,17,17,0,0.12,0.10,0.20,27.77,17,17,0,1.08,1.00,1.10,27.68,17,17,0,0.22,0.20,0.30,27.06,17,17,0
133404,0.36,0.30,0.40,27.88,18,18,0,0.01,-0.10,0.10,27.54,18,18,0,-0.07,-1.40,1.30,26.97,18,0,0,0.60,0.60,0.60,27.29,18,18,0,0.15,0.10,0.20,27.78,18,18,0,1.08,1.00,1.10,27.68,18,18,0,0.24,0.20,0.30,27.05,18,18,0
133904,0.34,0.30,0.40,27.87,17,17,0,0.03,0.00,0.10,27.54,17,17,0,-0.29,-1.70,0.90,26.98,17,0,0,0.60,0.60,0.60,27.27,17,17,0,0.15,0.10,0.20,27.79,17,17,0,1.08,1.00,1.10,27.67,17,17,0,0.24,0.20,0.30,27.05,17,17,0
134404,0.36,0.30,0.40,27.90,17,17,0,-0.01,-0.10,0.10,27.53,17,17,0,-0.45,-1.70,0.90,26.96,17,0,0,0.61,0.60,0.70,27.29,17,17,0,0.14,0.10,0.20,27.78,17,17,0,1.06,1.00,1.10,27.68,17,17,0,0.21,0.20,0.30,27.06,17,17,0
134904,0.34,0.30,0.40,27.89,17,17,0,0.02,-0.10,0.10,27.54,17,17,0,-0.31,-1.10,0.90,26.96,17,0,0,0.61,0.60,0.70,27.29,17,17,0,0.15,0.10,0.20,27.78,17,17,0,1.09,1.00,1.10,27.70,17,17,0,0.24,0.20,0.30,27.07,17,17,0
135406,0.36,0.30,0.40,27.89,17,17,0,0.02,-0.10,0.10,27.55,17,17,0,-0.22,-1.50,1.40,26.96,17,0,0,0.59,0.50,0.60,27.29,17,17,0,0.16,0.10,0.20,27.78,17,17,0,1.09,1.00,1.10,27.69,17,17,0,0.24,0.20,0.30,27.07,17,17,0
135918,0.37,0.30,0.40,27.89,17,17,0,0.01,-0.10,0.10,27.55,17,17,0,-0.02,-1.00,0.60,26.98,17,0,0,0.60,0.60,0.60,27.30,17,17,0,0.12,0.10,0.20,27.78,17,17,0,1.08,1.00,1.10,27.70,17,17,0,0.21,0.20,0.30,27.08,17,17,0
136418,0.36,0.30,0.40,27.88,17,17,0,0.02,-0.10,0.10,27.54,17,17,0,0.34,-0.80,1.20,26.98,17,0,0,0.59,0.50,0.60,27.30,17,17,0,0.16,0.10,0.20,27.78,17,17,0,1.08,1.00,1.10,27.69,17,17,0,0.25,0.20,0.30,27.09,17,17,0
136918,0.35,0.30,0.40,27.89,17,17,0,0.00,-0.10,0.10,27.56,17,17,0,0.58,-0.80,2.40,26.98,17,0,0,0.60,0.60,0.60,27.30,17,17,0,0.16,0.10,0.20,27.79,17,17,0,1.09,1.00,1.10,27.71,17,17,0,0.25,0.20,0.30,27.08,17,17,0
137418,0.37,0.30,0.40,27.90,18,18,0,0.00,-0.10,0.10,27.56,18,18,0,0.21,-1.90,2.80,26.97,18,0,0,0.60,0.60,0.60,27.30,18,18,0,0.15,0.10,0.20,27.79,18,18,0,1.08,1.00,1.10,27.69,18,18,0,0.26,0.20,0.30,27.08,18,18,0
137918,0.36,0.30,0.40,27.91,16,16,0,0.02,-0.10,0.10,27.55,16,16,0,-0.03,-1.40,1.90,26.98,16,0,0,0.60,0.60,0.60,27.29,16,16,0,0.15,0.10,0.20,27.79,16,16,0,1.08,1.00,1.10,27.69,16,16,0,0.23,0.20,0.30,27.06,16,16,0
138423,0.35,0.30,0.40,27.92,17,17,0,0.00,-0.10,0.10,27.56,17,17,0,0.08,-1.40,2.00,27.00,17,0,0,0.59,0.50,0.60,27.32,17,17,0,0.15,0.10,0.20,27.82,17,17,0,1.09,1.00,1.10,27.71,17,17,0,0.24,0.20,0.30,27.08,17,17,0
138933,0.35,0.30,0.40,27.90,18,18,0,0.05,-0.10,0.10,27.56,18,18,0,0.19,-0.90,1.90,26.99,18,0,0,0.60,0.60,0.60,27.31,18,18,0,0.14,0.10,0.20,27.81,18,18,0,1.09,1.00,1.10,27.71,18,18,0,0.23,0.20,0.30,27.09,18,18,0
139433,0.36,0.30,0.40,27.91,17,17,0,0.02,-0.10,0.10,27.56,17,17,0,0.26,-0.70,0.90,27.01,17,0,0,0.59,0.50,0.60,27.30,17,17,0,0.15,0.10,0.20,27.79,17,17,0,1.09,1.00,1.10,27.71,17,17,0,0.24,0.20,0.30,27.08,17,17,0
139933,0.35,0.30,0.40,27.92,17,17,0,-0.01,-0.10,0.10,27.55,17,17,0,0.43,-0.10,1.20,26.99,17,0,0,0.59,0.50,0.60,27.31,17,17,0,0.15,0.10,0.20,27.79,17,17,0,1.08,1.00,1.10,27.70,17,17,0,0.25,0.20,0.30,27.07,17,17,0
140446,0.35,0.30,0.40,27.91,17,17,0,0.03,-0.10,0.10,27.58,17,17,0,0.37,-0.30,1.20,27.00,17,0,0,0.60,0.60,0.60,27.31,17,17,0,0.16,0.10,0.20,27.81,17,17,0,1.08,1.00,1.10,27.72,17,17,0,0.25,0.20,0.30,27.08,17,17,0
140952,0.35,0.30,0.40,27.89,17,17,0,0.02,-0.10,0.10,27.56,17,17,0,0.38,-0.40,1.30,27.00,17,0,0,0.59,0.50,0.60,27.31,17,17,0,0.12,0.10,0.20,27.81,17,17,0,1.08,1.00,1.10,27.70,17,17,0,0.24,0.20,0.30,27.10,17,17,0
141452,0.36,0.30,0.40,27.92,17,17,0,0.01,0.00,0.10,27.57,17,17,0,-0.11,-0.70,1.00,27.02,17,0,0,0.59,0.50,0.60,27.31,17,17,0,0.13,0.10,0.20,27.80,17,17,0,1.07,1.00,1.10,27.72,17,17,0,0.23,0.20,0.30,27.08,17,17,0
141962,0.36,0.30,0.40,27.93,17,17,0,-0.01,-0.10,0.10,27.57,17,17,0,-0.62,-1.40,0.20,27.02,17,0,0,0.60,0.60,0.60,27.32,17,17,0,0.14,0.10,0.20,27.83,17,17,0,1.08,1.00,1.10,27.70,17,17,0,0.25,0.20,0.30,27.09,17,17,0
142462,0.32,0.30,0.40,27.93,17,17,0,0.01,-0.10,0.10,27.58,17,17,0,-0.59,-1.40,0.10,27.01,17,0,0,0.60,0.60,0.60,27.30,17,17,0,0.15,0.10,0.20,27.81,17,17,0,1.08,1.00,1.10,27.73,17,17,0,0.25,0.20,0.30,27.10,17,17,0
142968,0.35,0.30,0.40,27.93,17,17,0,0.02,0.00,0.10,27.57,17,17,0,-0.74,-1.30,-0.10,27.02,17,0,0,0.60,0.60,0.60,27.31,17,17,0,0.14,0.10,0.20,27.81,17,17,0,1.08,1.00,1.10,27.73,17,17,0,0.23,0.20,0.30,27.09,17,17,0
143474,0.34,0.30,0.40,27.94,17,17,0,-0.01,-0.10,0.10,27.57,17,17,0,-0.73,-1.70,0.10,27.00,17,0,0,0.60,0.60,0.60,27.32,17,17,0,0.14,0.10,0.20,27.80,17,17,0,1.08,1.00,1.10,27.72,17,17,0,0.24,0.20,0.30,27.12,17,17,0
143974,0.36,0.30,0.40,27.93,17,17,0,0.01,-0.10,0.10,27.59,17,17,0,-0.55,-1.30,0.10,27.03,17,0,0,0.59,0.50,0.60,27.33,17,17,0,0.14,0.10,0.20,27.82,17,17,0,1.09,1.00,1.10,27.72,17,17,0,0.24,0.20,0.30,27.10,17,17,0
144479,0.36,0.30,0.40,27.94,17,17,0,0.01,-0.10,0.10,27.58,17,17,0,0.21,-0.80,0.80,27.03,17,0,0,0.60,0.60,0.60,27.33,17,17,0,0.12,0.10,0.20,27.83,17,17,0,1.08,1.00,1.10,27.73,17,17,0,0.26,0.20,0.30,27.10,17,17,0
144979,0.34,0.30,0.40,27.93,17,17,0,0.02,-0.10,0.10,27.58,17,17,0,0.66,-0.20,1.60,27.03,17,0,0,0.60,0.50,0.70,27.33,17,17,0,0.14,0.10,0.20,27.82,17,17,0,1.08,1.00,1.10,27.73,17,17,0,0.25,0.20,0.30,27.10,17,17,0
145479,0.35,0.30,0.40,27.94,17,17,0,0.02,-0.10,0.10,27.59,17,17,0,0.51,-3.70,5.10,27.03,17,0,0,0.60,0.60,0.60,27.33,17,17,0,0.14,0.10,0.20,27.82,17,17,0,1.09,1.00,1.10,27.73,17,17,0,0.23,0.20,0.30,27.09,17,17,0
145980,0.36,0.30,0.40,27.92,17,17,0,0.02,-0.10,0.10,27.57,17,17,0,0.67,-4.10,7.70,27.04,17,0,0,0.60,0.60,0.60,27.32,17,17,0,0.12,0.10,0.20,27.82,17,17,0,1.08,1.00,1.10,27.73,17,17,0,0.23,0.20,0.30,27.12,17,17,0
146480,0.34,0.30,0.40,27.94,17,17,0,0.01,-0.10,0.10,27.58,17,17,0,0.79,-16.50,13.10,27.03,17,0,0,0.59,0.50,0.60,27.32,17,17,0,0.15,0.10,0.20,27.83,17,17,0,1.08,1.00,1.10,27.72,17,17,0,0.25,0.20,0.30,27.11,17,17,0
146987,0.33,0.30,0.40,27.94,17,17,0,0.02,-0.10,0.10,27.58,17,17,0,0.60,-10.20,9.80,27.05,17,0,0,0.59,0.50,0.60,27.35,17,17,0,0.14,0.10,0.20,27.83,17,17,0,1.08,1.00,1.10,27.74,17,17,0,0.22,0.20,0.30,27.13,17,17,0
147487,0.35,0.30,0.40,27.94,17,17,0,0.00,-0.10,0.10,27.59,17,17,0,0.85,-3.10,5.00,27.03,17,0,0,0.59,0.50,0.60,27.35,17,17,0,0.15,0.10,0.20,27.83,17,17,0,1.08,1.00,1.10,27.74,17,17,0,0.22,0.20,0.30,27.10,17,17,0
147987,0.35,0.30,0.40,27.93,17,17,0,-0.01,-0.10,0.00,27.59,17,17,0,0.86,-7.20,5.80,27.05,17,0,0,0.60,0.60,0.60,27.35,17,17,0,0.14,0.10,0.20,27.84,17,17,0,1.09,1.00,1.10,27.73,17,17,0,0.24,0.20,0.30,27.11,17,17,0
148489,0.35,0.30,0.40,27.94,17,17,0,0.01,-0.10,0.10,27.59,17,17,0,0.61,-10.60,14.00,27.06,17,0,0,0.60,0.60,0.60,27.35,17,17,0,0.12,0.10,0.20,27.84,17,17,0,1.07,1.00,1.10,27.74,17,17,0,0.24,0.20,0.30,27.12,17,17,0
148993,0.35,0.30,0.40,27.95,17,17,0,0.00,-0.10,0.10,27.59,17,17,0,0.58,-2.20,3.10,27.03,17,0,0,0.60,0.60,0.60,27.34,17,17,0,0.16,0.10,0.20,27.85,17,17,0,1.08,1.00,1.10,27.74,17,17,0,0.25,0.20,0.30,27.12,17,17,0
149493,0.34,0.30,0.40,27.94,17,17,0,0.01,-0.10,0.10,27.57,17,17,0,0.43,-0.70,1.40,27.06,17,0,0,0.59,0.50,0.60,27.34,17,17,0,0.15,0.10,0.20,27.84,17,17,0,1.09,1.00,1.10,27.75,17,17,0,0.24,0.20,0.30,27.12,17,17,0
149993,0.38,0.30,0.40,27.96,17,17,0,0.02,-0.10,0.10,27.59,17,17,0,0.31,-1.30,2.10,27.03,17,0,0,0.59,0.50,0.60,27.35,17,17,0,0.14,0.10,0.20,27.83,17,17,0,1.10,1.10,1.10,27.74,17,17,0,0.22,0.20,0.30,27.12,17,17,0
150493,0.36,0.30,0.40,27.95,17,17,0,0.01,-0.10,0.10,27.60,17,17,0,-0.34,-2.30,2.00,27.04,17,0,0,0.59,0.50,0.60,27.35,17,17,0,0.12,0.10,0.20,27.83,17,17,0,1.09,1.00,1.10,27.73,17,17,0,0.22,0.20,0.30,27.12,17,17,0
150993,0.35,0.30,0.40,27.97,18,18,0,0.02,-0.10,0.10,27.60,18,18,0,-0.08,-5.90,3.60,27.04,18,0,0,0.60,0.60,0.60,27.35,18,18,0,0.15,0.10,0.20,27.85,18,18,0,1.09,1.00,1.10,27.74,18,18,0,0.22,0.20,0.30,27.14,18,18,0
151506,0.35,0.30,0.40,27.95,17,17,0,0.01,-0.10,0.10,27.60,17,17,0,-0.07,-4.40,4.90,27.04,17,0,0,0.59,0.50,0.60,27.35,17,17,0,0.13,0.10,0.20,27.83,17,17,0,1.09,1.00,1.10,27.75,17,17,0,0.22,0.20,0.30,27.12,17,17,0
152006,0.37,0.30,0.40,27.96,18,18,0,0.00,-0.10,0.10,27.60,18,18,0,0.28,-2.50,3.80,27.05,18,0,0,0.60,0.60,0.60,27.36,18,18,0,0.14,0.10,0.20,27.85,18,18,0,1.08,1.00,1.10,27.75,18,18,0,0.26,0.20,0.30,27.14,18,18,0
152515,0.35,0.30,0.40,27.96,17,17,0,0.03,-0.10,0.10,27.60,17,17,0,0.08,-1.80,1.40,27.05,17,0,0,0.60,0.60,0.60,27.36,17,17,0,0.14,0.10,0.20,27.85,17,17,0,1.08,1.00,1.10,27.75,17,17,0,0.24,0.20,0.30,27.15,17,17,0
153018,0.36,0.30,0.40,27.95,17,17,0,0.01,0.00,0.10,27.60,17,17,0,-0.11,-1.30,1.90,27.06,17,0,0,0.59,0.50,0.60,27.35,17,17,0,0.14,0.10,0.20,27.86,17,17,0,1.09,1.00,1.10,27.76,17,17,0,0.25,0.20,0.30,27.13,17,17,0
153518,0.35,0.30,0.40,27.95,17,17,0,0.01,-0.10,0.10,27.60,17,17,0,-0.02,-1.10,1.50,27.04,17,0,0,0.59,0.50,0.60,27.36,17,17,0,0.13,0.10,0.20,27.86,17,17,0,1.08,1.00,1.10,27.75,17,17,0,0.24,0.20,0.30,27.14,17,17,0
154018,0.36,0.30,0.40,27.98,17,17,0,0.02,0.00,0.10,27.62,17,17,0,0.12,-0.70,1.60,27.07,17,0,0,0.58,0.50,0.60,27.36,17,17,0,0.15,0.10,0.20,27.85,17,17,0,1.08,1.00,1.10,27.77,17,17,0,0.24,0.20,0.30,27.14,17,17,0
154531,0.34,0.30,0.40,27.96,18,18,0,0.01,-0.10,0.10,27.61,18,18,0,0.04,-1.00,0.80,27.07,18,0,0,0.58,0.50,0.60,27.37,18,18,0,0.14,0.10,0.20,27.86,18,18,0,1.08,1.00,1.10,27.75,18,18,0,0.22,0.20,0.30,27.13,18,18,0
155031,0.37,0.30,0.40,27.96,17,17,0,0.01,0.00,0.10,27.61,17,17,0,-0.01,-1.10,0.70,27.05,17,0,0,0.58,0.50,0.60,27.36,17,17,0,0.14,0.10,0.20,27.86,17,17,0,1.09,1.00,1.20,27.78,17,17,0,0.24,0.20,0.30,27.12,17,17,0
155531,0.35,0.30,0.40,27.98,17,17,0,0.01,-0.10,0.10,27.61,17,17,0,0.15,-1.00,1.30,27.08,17,0,0,0.59,0.50,0.60,27.36,17,17,0,0.14,0.10,0.20,27.86,17,17,0,1.08,1.00,1.10,27.76,17,17,0,0.24,0.20,0.30,27.14,17,17,0
156040,0.36,0.30,0.40,27.98,18,18,0,-0.02,-0.10,0.10,27.61,18,18,0,0.08,-0.70,1.70,27.07,18,0,0,0.59,0.50,0.60,27.36,18,18,0,0.13,0.10,0.20,27.88,18,18,0,1.09,1.00,1.10,27.76,18,18,0,0.22,0.20,0.30,27.16,18,18,0
156540,0.36,0.30,0.40,27.97,18,18,0,-0.01,-0.10,0.10,27.60,18,18,0,-0.01,-1.50,1.00,27.07,18,0,0,0.59,0.50,0.60,27.38,18,18,0,0.13,0.10,0.20,27.85,18,18,0,1.07,1.00,1.10,27.76,18,18,0,0.23,0.20,0.30,27.16,18,18,0
157044,0.35,0.30,0.40,27.96,17,17,0,0.02,0.00,0.10,27.61,17,17,0,-0.41,-2.30,1.10,27.08,17,0,0,0.60,0.60,0.60,27.36,17,17,0,0.13,0.10,0.20,27.87,17,17,0,1.08,1.00,1.10,27.77,17,17,0,0.23,0.20,0.30,27.16,17,17,0
157549,0.37,0.30,0.40,28.00,17,17,0,0.01,-0.10,0.10,27.62,17,17,0,-0.38,-1.80,1.80,27.07,17,0,0,0.59,0.50,0.60,27.37,17,17,0,0.12,0.10,0.20,27.87,17,17,0,1.08,1.00,1.10,27.78,17,17,0,0.24,0.20,0.30,27.15,17,17,0
158049,0.36,0.30,0.40,27.99,18,18,0,0.02,0.00,0.10,27.63,18,18,0,-0.43,-1.50,1.10,27.09,18,0,0,0.59,0.50,0.60,27.36,18,18,0,0.14,0.10,0.20,27.88,18,18,0,1.08,1.00,1.20,27.78,18,18,0,0.24,0.20,0.30,27.15,18,18,0
158549,0.37,0.30,0.40,27.99,17,17,0,0.01,-0.10,0.10,27.60,17,17,0,-0.58,-1.00,0.00,27.08,17,0,0,0.59,0.50,0.60,27.37,17,17,0,0.13,0.10,0.20,27.88,17,17,0,1.08,1.00,1.10,27.78,17,17,0,0.22,0.20,0.30,27.16,17,17,0
159049,0.36,0.30,0.40,27.99,17,17,0,0.02,-0.10,0.10,27.64,17,17,0,-0.43,-1.50,1.70,27.08,17,0,0,0.60,0.60,0.60,27.38,17,17,0,0.16,0.10,0.20,27.87,17,17,0,1.08,1.00,1.10,27.78,17,17,0,0.22,0.20,0.30,27.16,17,17,0
159549,0.36,0.30,0.40,27.98,17,17,0,0.00,-0.10,0.10,27.62,17,17,0,-0.31,-2.00,1.70,27.12,17,0,0,0.59,0.50,0.60,27.37,17,17,0,0.14,0.10,0.20,27.87,17,17,0,1.08,1.00,1.10,27.77,17,17,0,0.22,0.20,0.30,27.16,17,17,0
160049,0.37,0.30,0.40,27.98,17,17,0,0.00,-0.10,0.10,27.63,17,17,0,-0.28,-1.20,0.90,27.08,17,0,0,0.59,0.50,0.60,27.37,17,17,0,0.13,0.10,0.20,27.87,17,17,0,1.09,1.00,1.10,27.78,17,17,0,0.24,0.20,0.30,27.18,17,17,0
160557,0.35,0.30,0.40,27.99,18,18,0,0.03,0.00,0.10,27.62,18,18,0,-0.24,-1.20,0.50,27.08,18,0,0,0.58,0.50,0.60,27.38,18,18,0,0.13,0.10,0.20,27.88,18,18,0,1.09,1.00,1.10,27.79,18,18,0,0.23,0.20,0.30,27.16,18,18,0
161069,0.35,0.30,0.40,28.01,17,17,0,-0.01,-0.10,0.10,27.63,17,17,0,-0.41,-0.90,0.10,27.10,17,0,0,0.59,0.50,0.60,27.37,17,17,0,0.14,0.10,0.20,27.88,17,17,0,1.09,1.00,1.10,27.78,17,17,0,0.26,0.20,0.30,27.18,17,17,0
161577,0.38,0.30,0.40,27.97,17,17,0,0.01,-0.10,0.10,27.63,17,17,0,-0.55,-1.00,0.20,27.10,17,0,0,0.60,0.60,0.60,27.38,17,17,0,0.12,0.10,0.20,27.88,17,17,0,1.07,1.00,1.10,27.78,17,17,0,0.21,0.20,0.30,27.17,17,17,0
162081,0.36,0.30,0.40,27.99,17,17,0,0.00,-0.10,0.10,27.62,17,17,0,-0.51,-1.00,0.10,27.10,17,0,0,0.59,0.50,0.60,27.37,17,17,0,0.14,0.10,0.20,27.89,17,17,0,1.08,1.00,1.10,27.79,17,17,0,0.23,0.20,0.30,27.16,17,17,0
162581,0.36,0.30,0.40,28.01,18,18,0,0.01,-0.10,0.10,27.64,18,18,0,-0.40,-1.10,0.10,27.11,18,0,0,0.60,0.60,0.60,27.39,18,18,0,0.14,0.10,0.20,27.88,18,18,0,1.09,1.00,1.10,27.79,18,18,0,0.23,0.20,0.30,27.19,18,18,0
163085,0.37,0.30,0.40,28.00,17,17,0,0.02,0.00,0.10,27.62,17,17,0,-0.37,-1.50,0.60,27.08,17,0,0,0.59,0.50,0.60,27.36,17,17,0,0.13,0.10,0.20,27.88,17,17,0,1.08,1.00,1.10,27.78,17,17,0,0.24,0.20,0.30,27.19,17,17,0
163596,0.38,0.30,0.40,27.99,18,18,0,0.00,-0.10,0.10,27.64,18,18,0,-0.51,-1.50,0.40,27.09,18,0,0,0.59,0.50,0.60,27.37,18,18,0,0.15,0.10,0.20,27.89,18,18,0,1.09,1.00,1.10,27.79,18,18,0,0.24,0.20,0.30,27.18,18,18,0
164096,0.36,0.30,0.40,28.01,17,17,0,0.01,-0.10,0.10,27.63,17,17,0,-0.18,-0.50,0.20,27.11,17,0,0,0.58,0.50,0.60,27.41,17,17,0,0.14,0.10,0.20,27.89,17,17,0,1.09,1.00,1.10,27.80,17,17,0,0.23,0.20,0.30,27.17,17,17,0
164596,0.36,0.30,0.40,28.01,17,17,0,0.02,-0.10,0.10,27.63,17,17,0,-0.18,-0.60,0.50,27.10,17,0,0,0.58,0.50,0.60,27.41,17,17,0,0.16,0.10,0.20,27.90,17,17,0,1.08,1.00,1.10,27.77,17,17,0,0.24,0.20,0.30,27.17,17,17,0
165096,0.35,0.30,0.40,28.02,17,17,0,-0.02,-0.10,0.00,27.65,17,17,0,-0.20,-2.00,1.40,27.09,17,0,0,0.59,0.50,0.60,27.39,17,17,0,0.13,0.10,0.20,27.91,17,17,0,1.10,1.10,1.10,27.79,17,17,0,0.25,0.20,0.30,27.20,17,17,0
165596,0.37,0.30,0.40,28.02,17,17,0,0.05,0.00,0.10,27.64,17,17,0,-0.18,-2.40,1.80,27.10,17,0,0,0.59,0.50,0.60,27.40,17,17,0,0.15,0.10,0.20,27.88,17,17,0,1.08,1.00,1.10,27.79,17,17,0,0.22,0.20,0.30,27.19,17,17,0
166096,0.37,0.30,0.40,28.01,17,17,0,0.02,-0.10,0.10,27.63,17,17,0,-0.33,-2.30,1.90,27.12,17,0,0,0.58,0.50,0.60,27.40,17,17,0,0.14,0.10,0.20,27.91,17,17,0,1.09,1.00,1.10,27.80,17,17,0,0.24,0.20,0.30,27.18,17,17,0
166596,0.36,0.30,0.40,28.02,17,17,0,0.05,0.00,0.10,27.65,17,17,0,-0.42,-1.50,1.10,27.10,17,0,0,0.58,0.50,0.60,27.39,17,17,0,0.13,0.10,0.20,27.89,17,17,0,1.08,1.00,1.10,27.80,17,17,0,0.25,0.20,0.30,27.19,17,17,0
167107,0.36,0.30,0.40,28.01,17,17,0,0.00,-0.10,0.10,27.66,17,17,0,-0.40,-2.30,1.20,27.12,17,0,0,0.60,0.60,0.60,27.40,17,17,0,0.14,0.10,0.20,27.91,17,17,0,1.07,1.00,1.10,27.80,17,17,0,0.24,0.20,0.30,27.18,17,17,0
167607,0.34,0.30,0.40,28.01,17,17,0,-0.01,-0.10,0.00,27.65,17,17,0,-0.34,-1.80,0.60,27.12,17,0,0,0.60,0.60,0.60,27.39,17,17,0,0.12,0.10,0.20,27.91,17,17,0,1.09,1.00,1.10,27.80,17,17,0,0.25,0.20,0.30,27.19,17,17,0
168109,0.38,0.30,0.40,28.02,17,17,0,-0.03,-0.10,0.10,27.64,17,17,0,-0.23,-1.00,0.60,27.12,17,0,0,0.58,0.50,0.60,27.39,17,17,0,0.13,0.10,0.20,27.92,17,17,0,1.08,1.00,1.10,27.80,17,17,0,0.24,0.20,0.30,27.19,17,17,0
168609,0.38,0.30,0.40,28.04,17,17,0,0.01,-0.10,0.10,27.65,17,17,0,-0.06,-1.50,1.70,27.09,17,0,0,0.59,0.50,0.60,27.40,17,17,0,0.12,0.10,0.20,27.90,17,17,0,1.09,1.00,1.10,27.80,17,17,0,0.24,0.20,0.30,27.19,17,17,0
169109,0.37,0.30,0.40,28.01,17,17,0,-0.01,-0.10,0.10,27.66,17,17,0,0.25,-2.80,2.90,27.12,17,0,0,0.58,0.50,0.60,27.40,17,17,0,0.14,0.10,0.20,27.92,17,17,0,1.08,1.00,1.10,27.82,17,17,0,0.24,0.20,0.30,27.19,17,17,0
169609,0.36,0.30,0.40,28.04,17,17,0,0.00,-0.10,0.10,27.66,17,17,0,0.41,-2.00,3.40,27.13,17,0,0,0.58,0.50,0.60,27.41,17,17,0,0.14,0.10,0.20,27.90,17,17,0,1.08,1.00,1.10,27.80,17,17,0,0.24,0.20,0.30,27.20,17,17,0
170109,0.34,0.30,0.40,28.03,17,17,0,0.02,-0.10,0.10,27.66,17,17,0,0.51,-1.30,3.00,27.13,17,0,0,0.59,0.50,0.60,27.40,17,17,0,0.13,0.10,0.20,27.91,17,17,0,1.08,1.00,1.10,27.81,17,17,0,0.21,0.20,0.30,27.21,17,17,0
170609,0.37,0.30,0.40,28.03,17,17,0,-0.02,-0.10,0.10,27.65,17,17,0,0.39,-0.70,1.70,27.12,17,0,0,0.59,0.50,0.60,27.40,17,17,0,0.14,0.10,0.20,27.93,17,17,0,1.10,1.10,1.10,27.80,17,17,0,0.23,0.20,0.30,27.20,17,17,0
171119,0.36,0.30,0.40,28.01,17,17,0,-0.01,-0.10,0.10,27.65,17,17,0,0.35,-1.20,1.40,27.12,17,0,0,0.57,0.50,0.60,27.42,17,17,0,0.14,0.10,0.20,27.92,17,17,0,1.08,1.00,1.10,27.81,17,17,0,0.23,0.20,0.30,27.19,17,17,0
171619,0.35,0.30,0.40,28.02,18,18,0,-0.01,-0.10,0.10,27.66,18,18,0,0.39,-0.90,2.60,27.12,18,0,0,0.58,0.50,0.60,27.41,18,18,0,0.14,0.10,0.20,27.91,18,18,0,1.07,1.00,1.10,27.84,18,18,0,0.23,0.20,0.30,27.22,18,18,0
172126,0.36,0.30,0.40,28.04,17,17,0,-0.02,-0.10,0.10,27.67,17,17,0,0.24,-1.90,2.50,27.14,17,0,0,0.59,0.50,0.60,27.40,17,17,0,0.14,0.10,0.20,27.91,17,17,0,1.07,1.00,1.10,27.82,17,17,0,0.22,0.20,0.30,27.21,17,17,0
172636,0.34,0.30,0.40,28.04,18,18,0,0.01,-0.10,0.10,27.65,18,18,0,0.40,-0.70,2.60,27.13,18,0,0,0.57,0.50,0.60,27.40,18,18,0,0.14,0.10,0.20,27.92,18,18,0,1.08,1.00,1.10,27.83,18,18,0,0.24,0.20,0.30,27.22,18,18,0
173146,0.36,0.30,0.40,28.03,17,17,0,-0.01,-0.10,0.10,27.64,17,17,0,0.50,-2.50,3.00,27.12,17,0,0,0.58,0.50,0.60,27.42,17,17,0,0.14,0.10,0.20,27.93,17,17,0,1.06,1.00,1.10,27.82,17,17,0,0.24,0.20,0.30,27.22,17,17,0
173648,0.38,0.30,0.40,28.04,17,17,0,0.01,-0.10,0.10,27.66,17,17,0,0.34,-0.90,1.70,27.13,17,0,0,0.58,0.50,0.60,27.40,17,17,0,0.13,0.10,0.20,27.92,17,17,0,1.08,1.00,1.10,27.83,17,17,0,0.23,0.20,0.30,27.20,17,17,0
174148,0.35,0.30,0.40,28.05,17,17,0,0.00,-0.10,0.10,27.66,17,17,0,0.39,-0.50,1.20,27.13,17,0,0,0.58,0.50,0.60,27.41,17,17,0,0.15,0.10,0.20,27.92,17,17,0,1.09,1.00,1.10,27.83,17,17,0,0.25,0.20,0.30,27.21,17,17,0
174648,0.36,0.30,0.40,28.03,17,17,0,0.00,-0.10,0.10,27.66,17,17,0,0.66,-0.30,2.20,27.15,17,0,0,0.58,0.50,0.60,27.42,17,17,0,0.12,0.10,0.20,27.93,17,17,0,1.09,1.00,1.10,27.82,17,17,0,0.23,0.20,0.30,27.23,17,17,0
175158,0.36,0.30,0.40,28.05,18,18,0,0.00,-0.10,0.10,27.68,18,18,0,0.79,-0.10,1.60,27.15,18,0,0,0.57,0.50,0.60,27.44,18,18,0,0.14,0.10,0.20,27.93,18,18,0,1.07,1.00,1.10,27.82,18,18,0,0.24,0.20,0.30,27.22,18,18,0
175671,0.36,0.30,0.40,28.05,18,18,0,0.02,-0.10,0.10,27.66,18,18,0,0.75,-0.10,1.70,27.14,18,0,0,0.58,0.50,0.60,27.42,18,18,0,0.13,0.10,0.20,27.94,18,18,0,1.09,1.00,1.10,27.82,18,18,0,0.23,0.20,0.30,27.21,18,18,0
176181,0.36,0.30,0.40,28.05,18,18,0,0.00,-0.10,0.10,27.67,18,18,0,0.65,-0.60,2.10,27.15,18,0,0,0.59,0.50,0.60,27.43,18,18,0,0.12,0.10,0.20,27.93,18,18,0,1.09,1.00,1.10,27.83,18,18,0,0.26,0.20,0.30,27.22,18,18,0
176681,0.34,0.30,0.40,28.03,18,18,0,0.01,-0.10,0.10,27.68,18,18,0,0.84,-1.60,2.90,27.16,18,0,0,0.60,0.60,0.60,27.43,18,18,0,0.13,0.10,0.20,27.93,18,18,0,1.09,1.00,1.10,27.82,18,18,0,0.23,0.20,0.30,27.21,18,18,0
177181,0.35,0.30,0.40,28.05,16,16,0,0.01,-0.10,0.10,27.68,16,16,0,0.93,-1.00,3.10,27.14,16,0,0,0.59,0.50,0.60,27.43,16,16,0,0.13,0.10,0.20,27.92,16,16,0,1.09,1.00,1.10,27.84,16,16,0,0.23,0.20,0.30,27.22,16,16,0
177681,0.37,0.30,0.40,28.03,17,17,0,0.00,-0.10,0.10,27.67,17,17,0,0.84,-1.00,1.60,27.16,17,0,0,0.59,0.50,0.60,27.43,17,17,0,0.12,0.00,0.20,27.94,17,17,0,1.09,1.00,1.10,27.83,17,17,0,0.26,0.20,0.30,27.24,17,17,0
178181,0.36,0.30,0.40,28.05,17,17,0,0.01,0.00,0.10,27.69,17,17,0,0.52,-0.20,1.70,27.17,17,0,0,0.59,0.50,0.60,27.43,17,17,0,0.11,0.10,0.20,27.97,17,17,0,1.09,1.00,1.10,27.83,17,17,0,0.25,0.20,0.30,27.23,17,17,0
178681,0.36,0.30,0.40,28.05,18,18,0,0.01,-0.10,0.10,27.68,18,18,0,0.40,-0.50,1.40,27.15,18,0,0,0.57,0.50,0.60,27.44,18,18,0,0.13,0.10,0.20,27.94,18,18,0,1.09,1.00,1.10,27.83,18,18,0,0.22,0.20,0.30,27.24,18,18,0
179186,0.36,0.30,0.40,28.05,17,17,0,-0.01,-0.10,0.00,27.68,17,17,0,0.44,-0.30,1.30,27.16,17,0,0,0.56,0.50,0.60,27.45,17,17,0,0.12,0.10,0.20,27.94,17,17,0,1.08,1.00,1.10,27.83,17,17,0,0.24,0.20,0.30,27.24,17,17,0
179686,0.36,0.30,0.40,28.07,18,18,0,0.00,-0.10,0.10,27.67,18,18,0,0.18,-0.50,0.70,27.13,18,0,0,0.59,0.50,0.60,27.45,18,18,0,0.14,0.10,0.20,27.96,18,18,0,1.08,1.00,1.10,27.83,18,18,0,0.25,0.20,0.30,27.22,18,18,0
180195,0.36,0.30,0.40,28.06,17,17,0,-0.02,-0.10,0.10,27.68,17,17,0,0.12,-0.50,1.10,27.16,17,0,0,0.58,0.50,0.60,27.45,17,17,0,0.12,0.10,0.20,27.94,17,17,0,1.08,1.00,1.10,27.83,17,17,0,0.24,0.20,0.30,27.22,17,17,0
180695,0.35,0.30,0.40,28.06,16,16,0,0.03,0.00,0.10,27.68,16,16,0,0.28,-1.70,1.90,27.17,16,0,0,0.56,0.50,0.60,27.44,16,16,0,0.13,0.10,0.20,27.97,16,16,0,1.08,1.00,1.10,27.85,16,16,0,0.26,0.20,0.30,27.24,16,16,0
181196,0.36,0.30,0.40,28.06,17,17,0,-0.02,-0.10,0.10,27.69,17,17,0,0.39,-0.90,2.30,27.18,17,0,0,0.58,0.50,0.60,27.44,17,17,0,0.12,0.10,0.20,27.95,17,17,0,1.08,1.00,1.10,27.84,17,17,0,0.25,0.20,0.30,27.24,17,17,0
181701,0.38,0.30,0.40,28.07,17,17,0,0.01,-0.10,0.10,27.68,17,17,0,0.28,-1.80,2.30,27.15,17,0,0,0.55,0.50,0.60,27.42,17,17,0,0.14,0.10,0.20,27.95,17,17,0,1.09,1.00,1.10,27.85,17,17,0,0.22,0.20,0.30,27.25,17,17,0
182201,0.36,0.30,0.40,28.07,17,17,0,0.01,-0.10,0.10,27.68,17,17,0,0.82,-2.70,3.40,27.16,17,0,0,0.58,0.50,0.60,27.44,17,17,0,0.13,0.10,0.20,27.95,17,17,0,1.08,1.00,1.10,27.84,17,17,0,0.22,0.20,0.30,27.24,17,17,0
182701,0.34,0.30,0.40,28.07,18,18,0,0.00,-0.10,0.10,27.68,18,18,0,0.20,-2.50,3.60,27.17,18,0,0,0.57,0.50,0.60,27.44,18,18,0,0.13,0.10,0.20,27.96,18,18,0,1.07,1.00,1.10,27.84,18,18,0,0.23,0.20,0.30,27.25,18,18,0
183209,0.39,0.30,0.40,28.08,17,17,0,-0.02,-0.10,0.10,27.68,17,17,0,0.21,-1.30,2.40,27.16,17,0,0,0.59,0.50,0.60,27.44,17,17,0,0.14,0.10,0.20,27.96,17,17,0,1.08,1.00,1.10,27.85,17,17,0,0.22,0.20,0.30,27.23,17,17,0
183709,0.36,0.30,0.40,28.06,17,17,0,0.01,-0.10,0.10,27.70,17,17,0,0.28,-0.70,1.70,27.16,17,0,0,0.58,0.50,0.60,27.45,17,17,0,0.14,0.10,0.20,27.95,17,17,0,1.08,1.00,1.10,27.83,17,17,0,0.24,0.20,0.30,27.26,17,17,0
184209,0.38,0.30,0.40,28.07,17,17,0,-0.01,-0.10,0.10,27.68,17,17,0,0.11,-1.10,1.20,27.19,17,0,0,0.58,0.50,0.60,27.45,17,17,0,0.12,0.10,0.20,27.96,17,17,0,1.09,1.00,1.10,27.85,17,17,0,0.23,0.20,0.30,27.25,17,17,0
184709,0.37,0.30,0.40,28.08,17,17,0,-0.01,-0.10,0.10,27.68,17,17,0,-0.01,-0.40,0.90,27.16,17,0,0,0.60,0.60,0.60,27.44,17,17,0,0.12,0.10,0.20,27.95,17,17,0,1.08,1.00,1.10,27.85,17,17,0,0.22,0.20,0.30,27.24,17,17,0
185209,0.36,0.30,0.40,28.06,18,18,0,0.01,-0.10,0.10,27.68,18,18,0,0.11,-1.00,0.90,27.16,18,0,0,0.58,0.50,0.60,27.45,18,18,0,0.13,0.10,0.20,27.96,18,18,0,1.07,1.00,1.10,27.84,18,18,0,0.23,0.20,0.30,27.25,18,18,0
185721,0.34,0.30,0.40,28.07,17,17,0,0.02,0.00,0.10,27.71,17,17,0,0.07,-1.50,2.00,27.19,17,0,0,0.56,0.50,0.60,27.46,17,17,0,0.15,0.10,0.20,27.96,17,17,0,1.06,1.00,1.10,27.85,17,17,0,0.23,0.20,0.30,27.25,17,17,0
186221,0.36,0.30,0.40,28.08,18,18,0,-0.01,-0.10,0.10,27.70,18,18,0,-0.03,-1.50,1.60,27.18,18,0,0,0.58,0.50,0.60,27.46,18,18,0,0.11,0.10,0.20,27.96,18,18,0,1.08,1.00,1.10,27.85,18,18,0,0.24,0.20,0.30,27.24,18,18,0
186721,0.33,0.30,0.40,28.08,16,16,0,0.01,0.00,0.10,27.68,16,16,0,-0.11,-1.00,1.80,27.18,16,0,0,0.58,0.50,0.60,27.45,16,16,0,0.15,0.10,0.20,27.99,16,16,0,1.09,1.00,1.10,27.85,16,16,0,0.24,0.20,0.30,27.24,16,16,0
187227,0.34,0.30,0.40,28.08,17,17,0,0.01,-0.10,0.10,27.70,17,17,0,-0.16,-2.00,1.20,27.19,17,0,0,0.58,0.50,0.60,27.44,17,17,0,0.13,0.10,0.20,27.96,17,17,0,1.08,1.00,1.10,27.85,17,17,0,0.24,0.20,0.30,27.26,17,17,0
187727,0.35,0.30,0.40,28.08,17,17,0,-0.00,-0.10,0.10,27.70,17,17,0,0.04,-4.00,2.50,27.20,17,0,0,0.59,0.50,0.60,27.45,17,17,0,0.13,0.10,0.20,27.99,17,17,0,1.07,1.00,1.10,27.87,17,17,0,0.25,0.20,0.30,27.25,17,17,0
188235,0.36,0.30,0.40,28.10,17,17,0,0.01,-0.10,0.10,27.70,17,17,0,0.12,-2.00,2.30,27.19,17,0,0,0.59,0.50,0.60,27.46,17,17,0,0.12,0.10,0.20,27.98,17,17,0,1.08,1.00,1.10,27.87,17,17,0,0.23,0.20,0.30,27.26,17,17,0
188736,0.37,0.30,0.40,28.08,17,17,0,-0.01,-0.10,0.10,27.69,17,17,0,0.38,-2.10,2.80,27.21,17,0,0,0.59,0.50,0.60,27.46,17,17,0,0.12,0.10,0.20,27.99,17,17,0,1.09,1.00,1.10,27.86,17,17,0,0.24,0.20,0.30,27.26,17,17,0
189236,0.34,0.30,0.40,28.09,17,17,0,0.01,-0.10,0.10,27.71,17,17,0,0.58,-0.20,1.90,27.18,17,0,0,0.58,0.50,0.60,27.47,17,17,0,0.12,0.10,0.20,27.98,17,17,0,1.06,1.00,1.10,27.85,17,17,0,0.22,0.20,0.30,27.26,17,17,0
189737,0.36,0.30,0.40,28.09,17,17,0,0.00,-0.10,0.10,27.70,17,17,0,0.41,-0.40,1.40,27.20,17,0,0,0.59,0.50,0.60,27.46,17,17,0,0.14,0.10,0.20,27.98,17,17,0,1.07,1.00,1.10,27.86,17,17,0,0.24,0.20,0.30,27.24,17,17,0
190237,0.37,0.30,0.40,28.09,17,17,0,-0.01,-0.10,0.10,27.70,17,17,0,0.17,-0.70,0.90,27.19,17,0,0,0.58,0.50,0.60,27.47,17,17,0,0.12,0.10,0.20,27.98,17,17,0,1.08,1.00,1.10,27.86,17,17,0,0.22,0.20,0.30,27.25,17,17,0
190737,0.36,0.30,0.40,28.08,17,17,0,-0.02,-0.10,0.10,27.70,17,17,0,-0.24,-1.10,0.40,27.20,17,0,0,0.59,0.50,0.60,27.45,17,17,0,0.13,0.10,0.20,27.98,17,17,0,1.09,1.00,1.10,27.86,17,17,0,0.22,0.20,0.30,27.25,17,17,0
191247,0.37,0.30,0.40,28.09,18,18,0,0.02,-0.10,0.10,27.70,18,18,0,-0.17,-0.80,0.70,27.20,18,0,0,0.57,0.50,0.60,27.46,18,18,0,0.13,0.10,0.20,27.97,18,18,0,1.08,1.00,1.10,27.87,18,18,0,0.24,0.20,0.30,27.26,18,18,0
191747,0.37,0.30,0.40,28.10,18,18,0,0.00,-0.10,0.10,27.73,18,18,0,0.11,-0.70,0.80,27.19,18,0,0,0.57,0.50,0.60,27.46,18,18,0,0.13,0.10,0.20,27.97,18,18,0,1.08,1.00,1.10,27.88,18,18,0,0.23,0.20,0.30,27.27,18,18,0
192247,0.38,0.30,0.40,28.07,17,17,0,0.00,-0.10,0.10,27.72,17,17,0,0.15,-0.60,1.00,27.21,17,0,0,0.58,0.50,0.60,27.48,17,17,0,0.14,0.10,0.20,27.98,17,17,0,1.08,1.00,1.10,27.88,17,17,0,0.22,0.20,0.30,27.27,17,17,0
192754,0.34,0.30,0.40,28.09,18,18,0,0.00,-0.10,0.10,27.72,18,18,0,0.13,-0.70,1.00,27.20,18,0,0,0.60,0.60,0.60,27.46,18,18,0,0.12,0.10,0.20,27.99,18,18,0,1.08,1.00,1.10,27.87,18,18,0,0.22,0.20,0.30,27.27,18,18,0
193266,0.34,0.30,0.40,28.10,18,18,0,0.00,-0.10,0.10,27.72,18,18,0,-0.03,-0.80,1.20,27.19,18,0,0,0.58,0.50,0.60,27.46,18,18,0,0.13,0.10,0.20,27.99,18,18,0,1.09,1.00,1.10,27.87,18,18,0,0.22,0.20,0.30,27.28,18,18,0
193766,0.37,0.30,0.40,28.10,18,18,0,-0.01,-0.10,0.10,27.71,18,18,0,-0.27,-1.00,0.50,27.22,18,0,0,0.57,0.50,0.60,27.47,18,18,0,0.12,0.10,0.20,27.99,18,18,0,1.07,1.00,1.10,27.87,18,18,0,0.23,0.20,0.30,27.27,18,18,0
194266,0.36,0.30,0.40,28.10,17,17,0,0.00,-0.10,0.10,27.72,17,17,0,-0.11,-0.60,0.40,27.19,17,0,0,0.55,0.50,0.60,27.47,17,17,0,0.11,0.10,0.20,27.98,17,17,0,1.06,1.00,1.10,27.86,17,17,0,0.24,0.20,0.30,27.28,17,17,0
194775,0.38,0.30,0.40,28.11,17,17,0,0.01,-0.10,0.10,27.72,17,17,0,0.20,-0.60,0.90,27.21,17,0,0,0.58,0.50,0.60,27.47,17,17,0,0.12,0.10,0.20,28.00,17,17,0,1.08,1.00,1.10,27.88,17,17,0,0.24,0.20,0.30,27.28,17,17,0
195275,0.35,0.30,0.40,28.10,17,17,0,0.00,-0.10,0.10,27.71,17,17,0,0.31,-0.30,1.10,27.21,17,0,0,0.56,0.50,0.60,27.46,17,17,0,0.14,0.10,0.20,27.99,17,17,0,1.09,1.00,1.10,27.88,17,17,0,0.25,0.20,0.30,27.29,17,17,0
195775,0.35,0.30,0.40,28.11,17,17,0,0.01,0.00,0.10,27.71,17,17,0,0.16,-0.50,0.80,27.24,17,0,0,0.56,0.50,0.60,27.47,17,17,0,0.14,0.10,0.20,27.99,17,17,0,1.08,1.00,1.10,27.88,17,17,0,0.23,0.20,0.30,27.28,17,17,0
196275,0.37,0.30,0.40,28.11,17,17,0,0.01,-0.10,0.10,27.73,17,17,0,0.07,-0.50,0.90,27.22,17,0,0,0.57,0.50,0.60,27.48,17,17,0,0.12,0.10,0.20,27.99,17,17,0,1.09,1.00,1.10,27.88,17,17,0,0.26,0.20,0.30,27.27,17,17,0
196775,0.36,0.30,0.40,28.09,17,17,0,0.01,0.00,0.10,27.71,17,17,0,0.48,-0.30,1.70,27.22,17,0,0,0.56,0.50,0.60,27.48,17,17,0,0.14,0.10,0.20,27.99,17,17,0,1.08,1.00,1.10,27.89,17,17,0,0.25,0.20,0.30,27.28,17,17,0
197275,0.37,0.30,0.40,28.10,18,18,0,-0.01,-0.10,0.10,27.72,18,18,0,0.49,-0.30,1.30,27.22,18,0,0,0.56,0.50,0.60,27.47,18,18,0,0.14,0.10,0.20,28.00,18,18,0,1.09,1.00,1.10,27.89,18,18,0,0.23,0.20,0.30,27.27,18,18,0
197784,0.36,0.30,0.40,28.10,17,17,0,-0.01,-0.10,0.10,27.72,17,17,0,0.63,-0.10,1.80,27.21,17,0,0,0.57,0.50,0.60,27.47,17,17,0,0.14,0.10,0.20,27.99,17,17,0,1.07,1.00,1.10,27.88,17,17,0,0.25,0.20,0.30,27.28,17,17,0
198294,0.37,0.30,0.40,28.12,18,18,0,0.01,-0.10,0.10,27.72,18,18,0,0.58,-0.10,1.60,27.23,18,0,0,0.58,0.50,0.60,27.47,18,18,0,0.15,0.10,0.20,28.00,18,18,0,1.08,1.00,1.10,27.90,18,18,0,0.23,0.20,0.30,27.29,18,18,0
198794,0.38,0.30,0.40,28.11,17,17,0,-0.03,-0.10,0.10,27.74,17,17,0,0.38,-0.10,1.00,27.23,17,0,0,0.56,0.50,0.60,27.48,17,17,0,0.14,0.10,0.20,27.99,17,17,0,1.08,1.00,1.10,27.89,17,17,0,0.23,0.20,0.30,27.28,17,17,0
199300,0.36,0.30,0.40,28.10,17,17,0,0.01,-0.10,0.10,27.72,17,17,0,0.25,-0.40,1.00,27.24,17,0,0,0.56,0.50,0.60,27.48,17,17,0,0.12,0.10,0.20,28.01,17,17,0,1.09,1.00,1.10,27.87,17,17,0,0.22,0.20,0.30,27.27,17,17,0
199811,0.36,0.30,0.40,28.13,17,17,0,0.01,-0.10,0.10,27.73,17,17,0,0.39,-0.30,0.70,27.22,17,0,0,0.58,0.50,0.60,27.48,17,17,0,0.17,0.10,0.20,27.98,17,17,0,1.09,1.00,1.10,27.88,17,17,0,0.23,0.20,0.30,27.30,17,17,0
200311,0.36,0.30,0.40,28.12,17,17,0,0.01,-0.10,0.10,27.72,17,17,0,0.33,-0.20,1.00,27.23,17,0,0,0.57,0.50,0.60,27.48,17,17,0,0.15,0.10,0.20,28.00,17,17,0,1.09,1.00,1.10,27.89,17,17,0,0.24,0.20,0.30,27.28,17,17,0
200821,0.39,0.30,0.40,28.12,18,18,0,-0.01,-0.10,0.10,27.74,18,18,0,-0.09,-0.90,1.10,27.23,18,0,0,0.57,0.50,0.60,27.48,18,18,0,0.14,0.10,0.20,28.01,18,18,0,1.08,1.00,1.10,27.88,18,18,0,0.23,0.20,0.30,27.29,18,18,0
201331,0.36,0.30,0.40,28.12,17,17,0,-0.01,-0.10,0.10,27.74,17,17,0,-0.02,-1.20,0.60,27.25,17,0,0,0.57,0.50,0.60,27.48,17,17,0,0.13,0.10,0.20,28.00,17,17,0,1.09,1.00,1.10,27.88,17,17,0,0.25,0.20,0.30,27.30,17,17,0
201831,0.34,0.30,0.40,28.12,17,17,0,-0.02,-0.10,0.10,27.73,17,17,0,-0.19,-0.70,0.40,27.24,17,0,0,0.58,0.50,0.60,27.48,17,17,0,0.13,0.10,0.20,27.98,17,17,0,1.08,1.00,1.10,27.89,17,17,0,0.22,0.20,0.30,27.29,17,17,0
202335,0.36,0.30,0.40,28.13,17,17,0,0.02,-0.10,0.10,27.73,17,17,0,0.18,-0.40,1.10,27.22,17,0,0,0.58,0.50,0.60,27.49,17,17,0,0.14,0.10,0.20,28.00,17,17,0,1.09,1.00,1.20,27.89,17,17,0,0.22,0.20,0.30,27.30,17,17,0
202836,0.37,0.30,0.40,28.10,17,17,0,0.00,-0.10,0.10,27.74,17,17,0,-0.51,-1.20,0.20,27.24,17,0,0,0.56,0.50,0.60,27.50,17,17,0,0.12,0.10,0.20,28.01,17,17,0,1.08,1.00,1.10,27.89,17,17,0,0.25,0.20,0.30,27.30,17,17,0
203336,0.37,0.30,0.40,28.12,18,18,0,-0.02,-0.10,0.10,27.74,18,18,0,-0.41,-1.30,0.00,27.21,18,0,0,0.53,0.50,0.60,27.49,18,18,0,0.14,0.10,0.20,28.02,18,18,0,1.08,1.00,1.10,27.91,18,18,0,0.22,0.20,0.30,27.30,18,18,0
203836,0.36,0.30,0.40,28.13,16,16,0,0.00,-0.10,0.10,27.73,16,16,0,-0.61,-1.30,-0.10,27.24,16,0,0,0.55,0.50,0.60,27.50,16,16,0,0.13,0.10,0.20,28.02,16,16,0,1.08,1.00,1.20,27.90,16,16,0,0.24,0.20,0.30,27.31,16,16,0
204336,0.36,0.30,0.40,28.13,17,17,0,0.02,-0.10,0.10,27.74,17,17,0,-0.74,-1.30,-0.20,27.25,17,0,0,0.55,0.50,0.60,27.49,17,17,0,0.11,0.10,0.20,28.00,17,17,0,1.07,1.00,1.10,27.89,17,17,0,0.22,0.20,0.30,27.29,17,17,0
204836,0.35,0.30,0.40,28.13,17,17,0,0.01,-0.10,0.10,27.75,17,17,0,-0.78,-1.80,-0.20,27.25,17,0,0,0.59,0.50,0.60,27.50,17,17,0,0.15,0.10,0.20,28.03,17,17,0,1.08,1.00,1.10,27.90,17,17,0,0.22,0.20,0.30,27.32,17,17,0
205336,0.38,0.30,0.40,28.13,18,18,0,-0.02,-0.10,0.10,27.74,18,18,0,-0.74,-1.40,0.10,27.23,18,0,0,0.58,0.50,0.60,27.50,18,18,0,0.11,0.10,0.20,28.02,18,18,0,1.08,1.00,1.10,27.90,18,18,0,0.22,0.20,0.30,27.30,18,18,0
205845,0.39,0.30,0.40,28.14,17,17,0,0.00,-0.10,0.10,27.75,17,17,0,-0.63,-2.90,1.70,27.23,17,0,0,0.57,0.50,0.60,27.50,17,17,0,0.14,0.10,0.20,28.01,17,17,0,1.09,1.00,1.10,27.91,17,17,0,0.24,0.20,0.30,27.31,17,17,0
206345,0.35,0.30,0.40,28.15,17,17,0,-0.01,-0.10,0.10,27.75,17,17,0,-0.74,-4.40,2.40,27.24,17,0,0,0.59,0.50,0.60,27.50,17,17,0,0.14,0.10,0.20,28.02,17,17,0,1.09,1.00,1.10,27.91,17,17,0,0.25,0.20,0.30,27.31,17,17,0
206847,0.36,0.30,0.40,28.12,17,17,0,0.00,-0.10,0.10,27.76,17,17,0,-0.89,-3.30,1.80,27.27,17,0,0,0.58,0.50,0.60,27.49,17,17,0,0.12,0.10,0.20,28.02,17,17,0,1.09,1.00,1.10,27.92,17,17,0,0.23,0.20,0.30,27.30,17,17,0
207359,0.36,0.30,0.40,28.13,17,17,0,0.01,-0.10,0.10,27.75,17,17,0,-0.76,-4.00,3.20,27.24,17,0,0,0.59,0.50,0.60,27.51,17,17,0,0.12,0.10,0.20,28.02,17,17,0,1.09,1.00,1.10,27.90,17,17,0,0.22,0.20,0.30,27.32,17,17,0
207859,0.36,0.30,0.40,28.14,18,18,0,-0.02,-0.10,0.10,27.75,18,18,0,-0.72,-5.70,1.90,27.25,18,0,0,0.56,0.50,0.60,27.51,18,18,0,0.12,0.10,0.20,28.02,18,18,0,1.08,1.00,1.10,27.90,18,18,0,0.23,0.20,0.30,27.31,18,18,0
208372,0.36,0.30,0.40,28.12,17,17,0,-0.01,-0.10,0.10,27.72,17,17,0,-0.27,-1.40,0.50,27.26,17,0,0,0.58,0.50,0.60,27.49,17,17,0,0.13,0.10,0.20,28.03,17,17,0,1.07,1.00,1.10,27.89,17,17,0,0.24,0.20,0.30,27.31,17,17,0
208872,0.34,0.30,0.40,28.16,18,18,0,-0.01,-0.10,0.10,27.74,18,18,0,-0.73,-1.20,0.00,27.25,18,0,0,0.56,0.50,0.60,27.50,18,18,0,0.14,0.10,0.20,28.01,18,18,0,1.09,1.00,1.10,27.91,18,18,0,0.24,0.20,0.30,27.32,18,18,0
209372,0.35,0.30,0.40,28.12,17,17,0,-0.01,-0.10,0.10,27.75,17,17,0,-0.77,-3.20,1.60,27.25,17,0,0,0.55,0.50,0.60,27.51,17,17,0,0.13,0.10,0.20,28.04,17,17,0,1.08,1.00,1.10,27.91,17,17,0,0.23,0.20,0.30,27.32,17,17,0
209885,0.36,0.30,0.40,28.14,17,17,0,0.01,-0.10,0.10,27.75,17,17,0,-0.71,-2.10,0.60,27.25,17,0,0,0.58,0.50,0.60,27.49,17,17,0,0.13,0.10,0.20,28.02,17,17,0,1.10,1.10,1.10,27.92,17,17,0,0.24,0.20,0.30,27.29,17,17,0
210385,0.36,0.30,0.40,28.14,17,17,0,-0.04,-0.10,0.00,27.75,17,17,0,-0.37,-2.30,1.50,27.26,17,0,0,0.56,0.50,0.60,27.52,17,17,0,0.13,0.10,0.20,28.02,17,17,0,1.08,1.00,1.10,27.91,17,17,0,0.24,0.20,0.30,27.32,17,17,0
210885,0.36,0.30,0.40,28.13,17,17,0,-0.01,-0.10,0.10,27.75,17,17,0,-0.09,-2.00,1.40,27.25,17,0,0,0.56,0.50,0.60,27.50,17,17,0,0.13,0.10,0.20,28.01,17,17,0,1.07,1.00,1.10,27.89,17,17,0,0.23,0.20,0.30,27.32,17,17,0
211385,0.36,0.30,0.40,28.14,18,18,0,0.00,-0.10,0.10,27.75,18,18,0,-0.08,-1.30,2.00,27.26,18,0,0,0.56,0.50,0.60,27.52,18,18,0,0.14,0.10,0.20,28.02,18,18,0,1.08,1.00,1.10,27.91,18,18,0,0.24,0.20,0.30,27.31,18,18,0
211888,0.38,0.30,0.40,28.16,17,17,0,0.01,-0.10,0.10,27.75,17,17,0,-0.09,-2.80,2.40,27.26,17,0,0,0.56,0.50,0.60,27.51,17,17,0,0.12,0.10,0.20,28.03,17,17,0,1.09,1.00,1.10,27.91,17,17,0,0.23,0.20,0.30,27.32,17,17,0
212396,0.36,0.30,0.40,28.14,18,18,0,-0.01,-0.10,0.10,27.76,18,18,0,0.19,-4.80,4.80,27.26,18,0,0,0.56,0.50,0.60,27.52,18,18,0,0.12,0.10,0.20,28.04,18,18,0,1.09,1.00,1.10,27.92,18,18,0,0.23,0.20,0.30,27.33,18,18,0
212896,0.38,0.30,0.40,28.15,17,17,0,0.00,-0.10,0.10,27.76,17,17,0,-0.04,-3.50,2.70,27.27,17,0,0,0.55,0.50,0.60,27.50,17,17,0,0.14,0.10,0.20,28.04,17,17,0,1.08,1.00,1.10,27.92,17,17,0,0.24,0.20,0.30,27.33,17,17,0
213400,0.35,0.30,0.40,28.14,17,17,0,-0.02,-0.10,0.10,27.75,17,17,0,0.05,-0.80,0.80,27.26,17,0,0,0.55,0.50,0.60,27.50,17,17,0,0.12,0.10,0.20,28.04,17,17,0,1.09,1.00,1.10,27.93,17,17,0,0.25,0.20,0.30,27.33,17,17,0
213902,0.38,0.30,0.40,28.13,17,17,0,0.00,-0.10,0.10,27.76,17,17,0,-0.01,-0.80,0.70,27.26,17,0,0,0.56,0.50,0.60,27.49,17,17,0,0.12,0.10,0.20,28.04,17,17,0,1.08,1.00,1.10,27.93,17,17,0,0.25,0.20,0.30,27.32,17,17,0
214412,0.35,0.30,0.40,28.16,17,17,0,0.02,-0.10,0.10,27.76,17,17,0,-0.19,-1.50,0.90,27.27,17,0,0,0.55,0.50,0.60,27.50,17,17,0,0.13,0.10,0.20,28.03,17,17,0,1.09,1.00,1.10,27.91,17,17,0,0.24,0.20,0.30,27.32,17,17,0
214912,0.36,0.30,0.40,28.14,17,17,0,0.00,-0.10,0.10,27.76,17,17,0,0.06,-1.70,2.30,27.28,17,0,0,0.59,0.50,0.60,27.51,17,17,0,0.14,0.10,0.20,28.04,17,17,0,1.08,1.00,1.10,27.93,17,17,0,0.22,0.20,0.30,27.30,17,17,0
215412,0.35,0.30,0.40,28.17,17,17,0,0.01,0.00,0.10,27.76,17,17,0,0.22,-0.30,1.10,27.27,17,0,0,0.56,0.50,0.60,27.52,17,17,0,0.12,0.10,0.20,28.05,17,17,0,1.07,1.00,1.10,27.92,17,17,0,0.22,0.20,0.30,27.33,17,17,0
215912,0.36,0.30,0.40,28.16,17,17,0,0.00,-0.10,0.10,27.76,17,17,0,0.21,-0.90,1.50,27.27,17,0,0,0.56,0.50,0.60,27.52,17,17,0,0.14,0.10,0.20,28.03,17,17,0,1.08,1.00,1.10,27.93,17,17,0,0.21,0.20,0.30,27.33,17,17,0
216420,0.35,0.30,0.40,28.15,18,18,0,-0.01,-0.10,0.10,27.76,18,18,0,0.06,-1.40,1.60,27.28,18,0,0,0.58,0.50,0.60,27.54,18,18,0,0.12,0.10,0.20,28.04,18,18,0,1.08,1.00,1.10,27.93,18,18,0,0.24,0.20,0.30,27.35,18,18,0
216920,0.34,0.30,0.40,28.15,17,17,0,-0.01,-0.10,0.10,27.78,17,17,0,-0.08,-1.70,1.50,27.27,17,0,0,0.58,0.50,0.60,27.51,17,17,0,0.12,0.10,0.20,28.04,17,17,0,1.06,1.00,1.10,27.92,17,17,0,0.23,0.20,0.30,27.33,17,17,0
217420,0.37,0.30,0.40,28.16,17,17,0,-0.02,-0.10,0.10,27.77,17,17,0,0.16,-0.90,1.40,27.28,17,0,0,0.56,0.50,0.60,27.51,17,17,0,0.13,0.10,0.20,28.04,17,17,0,1.09,1.00,1.10,27.93,17,17,0,0.24,0.20,0.30,27.33,17,17,0
217920,0.36,0.30,0.40,28.16,17,17,0,0.00,-0.10,0.10,27.75,17,17,0,0.31,-1.00,1.90,27.30,17,0,0,0.56,0.50,0.60,27.51,17,17,0,0.13,0.10,0.20,28.05,17,17,0,1.09,1.00,1.10,27.91,17,17,0,0.25,0.20,0.30,27.35,17,17,0
218420,0.34,0.30,0.40,28.16,17,17,0,0.01,-0.10,0.10,27.77,17,17,0,0.07,-1.60,1.50,27.28,17,0,0,0.58,0.50,0.60,27.52,17,17,0,0.13,0.10,0.20,28.04,17,17,0,1.08,1.00,1.10,27.92,17,17,0,0.22,0.20,0.30,27.32,17,17,0
218920,0.36,0.30,0.40,28.15,17,17,0,-0.01,-0.10,0.10,27.77,17,17,0,0.15,-1.40,1.90,27.29,17,0,0,0.56,0.50,0.60,27.52,17,17,0,0.12,0.10,0.20,28.06,17,17,0,1.06,1.00,1.10,27.92,17,17,0,0.24,0.20,0.30,27.35,17,17,0
219420,0.34,0.30,0.40,28.15,16,16,0,0.00,-0.10,0.10,27.76,16,16,0,0.31,-2.10,2.20,27.28,16,0,0,0.54,0.50,0.60,27.52,16,16,0,0.14,0.10,0.20,28.05,16,16,0,1.08,1.00,1.10,27.93,16,16,0,0.24,0.20,0.30,27.34,16,16,0
219927,0.36,0.30,0.40,28.15,17,17,0,0.01,0.00,0.10,27.75,17,17,0,0.42,-0.90,1.60,27.27,17,0,0,0.56,0.50,0.60,27.52,17,17,0,0.13,0.10,0.20,28.07,17,17,0,1.09,1.00,1.10,27.91,17,17,0,0.25,0.20,0.30,27.34,17,17,0
220434,0.37,0.30,0.40,28.16,17,17,0,0.00,-0.10,0.10,27.77,17,17,0,0.31,-0.60,1.20,27.30,17,0,0,0.57,0.50,0.60,27.52,17,17,0,0.12,0.10,0.20,28.05,17,17,0,1.08,1.00,1.10,27.93,17,17,0,0.24,0.20,0.30,27.33,17,17,0
220944,0.35,0.30,0.40,28.15,18,18,0,0.01,-0.10,0.10,27.77,18,18,0,0.17,-0.60,0.80,27.29,18,0,0,0.58,0.50,0.60,27.53,18,18,0,0.13,0.10,0.20,28.06,18,18,0,1.09,1.00,1.20,27.94,18,18,0,0.23,0.20,0.30,27.35,18,18,0
221444,0.36,0.30,0.40,28.17,18,18,0,0.01,-0.10,0.10,27.78,18,18,0,0.04,-0.90,1.10,27.29,18,0,0,0.57,0.50,0.60,27.53,18,18,0,0.12,0.10,0.20,28.07,18,18,0,1.08,1.00,1.10,27.95,18,18,0,0.26,0.20,0.30,27.35,18,18,0
221956,0.35,0.30,0.40,28.18,17,17,0,-0.01,-0.10,0.10,27.77,17,17,0,0.03,-1.60,1.40,27.31,17,0,0,0.58,0.50,0.60,27.55,17,17,0,0.11,0.10,0.20,28.06,17,17,0,1.08,1.00,1.10,27.94,17,17,0,0.22,0.20,0.30,27.35,17,17,0
222456,0.36,0.30,0.40,28.17,17,17,0,-0.02,-0.10,0.10,27.78,17,17,0,-0.04,-1.00,0.70,27.30,17,0,0,0.55,0.50,0.60,27.53,17,17,0,0.15,0.10,0.20,28.07,17,17,0,1.08,1.00,1.10,27.95,17,17,0,0.24,0.20,0.30,27.36,17,17,0
222956,0.35,0.30,0.40,28.16,17,17,0,-0.01,-0.10,0.10,27.78,17,17,0,0.05,-0.40,0.80,27.30,17,0,0,0.56,0.50,0.60,27.53,17,17,0,0.12,0.10,0.20,28.07,17,17,0,1.08,1.00,1.10,27.93,17,17,0,0.22,0.20,0.30,27.35,17,17,0
223456,0.37,0.30,0.40,28.17,17,17,0,-0.01,-0.10,0.10,27.77,17,17,0,0.18,-1.20,2.00,27.29,17,0,0,0.56,0.50,0.60,27.54,17,17,0,0.12,0.10,0.20,28.05,17,17,0,1.10,1.10,1.10,27.93,17,17,0,0.24,0.20,0.30,27.36,17,17,0
223956,0.35,0.30,0.40,28.17,18,18,0,-0.01,-0.10,0.10,27.80,18,18,0,-0.07,-1.30,1.00,27.30,18,0,0,0.56,0.50,0.60,27.54,18,18,0,0.13,0.10,0.20,28.07,18,18,0,1.08,1.00,1.10,27.96,18,18,0,0.24,0.20,0.30,27.35,18,18,0
224463,0.34,0.30,0.40,28.18,17,17,0,-0.02,-0.10,0.10,27.77,17,17,0,-0.31,-1.30,0.10,27.29,17,0,0,0.56,0.50,0.60,27.54,17,17,0,0.12,0.10,0.20,28.06,17,17,0,1.08,1.00,1.10,27.95,17,17,0,0.24,0.20,0.30,27.34,17,17,0
224963,0.35,0.30,0.40,28.17,17,17,0,0.02,-0.10,0.10,27.78,17,17,0,-0.27,-1.10,0.60,27.30,17,0,0,0.55,0.50,0.60,27.52,17,17,0,0.14,0.10,0.20,28.07,17,17,0,1.08,1.00,1.10,27.95,17,17,0,0.23,0.20,0.30,27.36,17,17,0
225473,0.36,0.30,0.40,28.16,17,17,0,-0.01,-0.10,0.10,27.77,17,17,0,0.07,-1.00,1.10,27.32,17,0,0,0.56,0.50,0.60,27.55,17,17,0,0.11,0.10,0.20,28.07,17,17,0,1.08,1.00,1.10,27.95,17,17,0,0.25,0.20,0.30,27.36,17,17,0
225973,0.34,0.30,0.40,28.18,17,17,0,0.01,-0.10,0.10,27.78,17,17,0,0.32,-0.70,1.50,27.31,17,0,0,0.55,0.50,0.60,27.56,17,17,0,0.12,0.10,0.20,28.07,17,17,0,1.06,1.00,1.10,27.94,17,17,0,0.24,0.20,0.30,27.33,17,17,0
226474,0.33,0.30,0.40,28.16,17,17,0,-0.02,-0.10,0.10,27.79,17,17,0,0.40,-0.60,1.60,27.32,17,0,0,0.55,0.50,0.60,27.54,17,17,0,0.14,0.10,0.20,28.09,17,17,0,1.08,1.00,1.10,27.96,17,17,0,0.24,0.20,0.30,27.36,17,17,0
226974,0.36,0.30,0.40,28.18,17,17,0,-0.02,-0.10,0.10,27.78,17,17,0,0.07,-0.50,0.60,27.30,17,0,0,0.55,0.50,0.60,27.55,17,17,0,0.12,0.10,0.20,28.06,17,17,0,1.09,1.00,1.20,27.94,17,17,0,0.24,0.20,0.30,27.36,17,17,0
227474,0.36,0.30,0.40,28.18,17,17,0,-0.02,-0.10,0.10,27.79,17,17,0,-0.04,-0.60,0.30,27.32,17,0,0,0.55,0.50,0.60,27.54,17,17,0,0.13,0.10,0.20,28.06,17,17,0,1.07,1.00,1.10,27.94,17,17,0,0.25,0.20,0.30,27.35,17,17,0
227977,0.34,0.30,0.40,28.18,17,17,0,0.00,-0.10,0.10,27.78,17,17,0,-0.24,-0.80,0.70,27.30,17,0,0,0.56,0.50,0.60,27.54,17,17,0,0.13,0.10,0.20,28.06,17,17,0,1.08,1.00,1.10,27.95,17,17,0,0.22,0.20,0.30,27.37,17,17,0
228485,0.35,0.30,0.40,28.18,17,17,0,-0.01,-0.10,0.10,27.78,17,17,0,-0.49,-1.30,0.50,27.30,17,0,0,0.55,0.50,0.60,27.55,17,17,0,0.12,0.10,0.20,28.07,17,17,0,1.07,1.00,1.10,27.96,17,17,0,0.24,0.20,0.30,27.37,17,17,0
228993,0.35,0.30,0.40,28.18,17,17,0,-0.02,-0.10,0.10,27.79,17,17,0,-0.82,-1.60,0.10,27.31,17,0,0,0.56,0.50,0.60,27.55,17,17,0,0.12,0.10,0.20,28.08,17,17,0,1.10,1.10,1.10,27.95,17,17,0,0.26,0.20,0.30,27.36,17,17,0
229501,0.35,0.30,0.40,28.18,17,17,0,0.01,0.00,0.10,27.78,17,17,0,-0.98,-1.40,-0.50,27.30,17,0,0,0.56,0.50,0.60,27.55,17,17,0,0.13,0.10,0.20,28.08,17,17,0,1.08,1.00,1.10,27.94,17,17,0,0.22,0.20,0.30,27.37,17,17,0
230002,0.34,0.30,0.40,28.18,17,17,0,-0.01,-0.10,0.10,27.78,17,17,0,-0.88,-1.50,-0.40,27.29,17,0,0,0.55,0.50,0.60,27.55,17,17,0,0.12,0.10,0.20,28.08,17,17,0,1.08,1.00,1.10,27.95,17,17,0,0.25,0.20,0.30,27.38,17,17,0
230503,0.36,0.30,0.40,28.19,17,17,0,-0.02,-0.10,0.00,27.78,17,17,0,-0.65,-1.50,-0.10,27.30,17,0,0,0.55,0.50,0.60,27.55,17,17,0,0.12,0.10,0.20,28.06,17,17,0,1.07,1.00,1.10,27.95,17,17,0,0.23,0.20,0.30,27.37,17,17,0
231006,0.34,0.30,0.40,28.19,17,17,0,-0.01,-0.10,0.10,27.79,17,17,0,-0.52,-1.20,0.10,27.32,17,0,0,0.58,0.50,0.60,27.54,17,17,0,0.12,0.10,0.20,28.08,17,17,0,1.08,1.00,1.10,27.97,17,17,0,0.25,0.20,0.30,27.37,17,17,0
231518,0.34,0.30,0.40,28.18,17,17,0,-0.01,-0.10,0.10,27.78,17,17,0,-0.66,-1.00,-0.30,27.33,17,0,0,0.56,0.50,0.60,27.55,17,17,0,0.12,0.10,0.20,28.07,17,17,0,1.08,1.00,1.10,27.96,17,17,0,0.24,0.20,0.30,27.37,17,17,0
232018,0.38,0.30,0.40,28.16,17,17,0,0.01,-0.10,0.10,27.80,17,17,0,-0.71,-1.20,-0.40,27.30,17,0,0,0.55,0.50,0.60,27.54,17,17,0,0.12,0.00,0.20,28.08,17,17,0,1.08,1.00,1.10,27.95,17,17,0,0.24,0.20,0.30,27.37,17,17,0
232518,0.37,0.30,0.40,28.19,17,17,0,0.01,-0.10,0.10,27.79,17,17,0,-0.53,-0.80,-0.10,27.34,17,0,0,0.56,0.50,0.60,27.55,17,17,0,0.12,0.10,0.20,28.10,17,17,0,1.09,1.00,1.10,27.95,17,17,0,0.23,0.20,0.30,27.38,17,17,0
233029,0.34,0.30,0.40,28.19,18,18,0,-0.02,-0.10,0.00,27.79,18,18,0,-0.44,-0.80,-0.20,27.31,18,0,0,0.56,0.50,0.60,27.55,18,18,0,0.12,0.10,0.20,28.09,18,18,0,1.08,1.00,1.10,27.96,18,18,0,0.25,0.20,0.30,27.37,18,18,0
233532,0.34,0.30,0.40,28.20,17,17,0,-0.02,-0.10,0.10,27.78,17,17,0,-0.21,-0.80,0.30,27.32,17,0,0,0.55,0.50,0.60,27.55,17,17,0,0.11,0.10,0.20,28.09,17,17,0,1.06,1.00,1.10,27.95,17,17,0,0.21,0.20,0.30,27.38,17,17,0
234032,0.34,0.30,0.40,28.19,17,17,0,-0.01,-0.10,0.10,27.78,17,17,0,0.08,-0.50,0.70,27.33,17,0,0,0.55,0.50,0.60,27.55,17,17,0,0.11,0.00,0.20,28.09,17,17,0,1.06,1.00,1.10,27.97,17,17,0,0.22,0.20,0.30,27.36,17,17,0
234532,0.33,0.30,0.40,28.19,17,17,0,-0.02,-0.10,0.10,27.80,17,17,0,0.05,-0.50,0.70,27.32,17,0,0,0.55,0.50,0.60,27.55,17,17,0,0.11,0.10,0.20,28.09,17,17,0,1.08,1.00,1.10,27.96,17,17,0,0.23,0.20,0.30,27.37,17,17,0
235032,0.35,0.30,0.40,28.19,17,17,0,-0.01,-0.10,0.10,27.80,17,17,0,-0.04,-1.00,1.00,27.33,17,0,0,0.56,0.50,0.60,27.55,17,17,0,0.11,0.10,0.20,28.10,17,17,0,1.06,1.00,1.10,27.96,17,17,0,0.25,0.20,0.30,27.38,17,17,0
235533,0.35,0.30,0.40,28.21,17,17,0,-0.02,-0.10,0.10,27.80,17,17,0,-0.04,-0.90,0.70,27.33,17,0,0,0.53,0.50,0.60,27.55,17,17,0,0.11,0.10,0.20,28.08,17,17,0,1.09,1.00,1.10,27.97,17,17,0,0.25,0.20,0.30,27.37,17,17,0
236033,0.35,0.30,0.40,28.19,17,17,0,0.01,-0.10,0.10,27.80,17,17,0,-0.17,-0.90,0.50,27.33,17,0,0,0.55,0.50,0.60,27.54,17,17,0,0.11,0.10,0.20,28.10,17,17,0,1.08,1.00,1.10,27.98,17,17,0,0.24,0.20,0.30,27.38,17,17,0
236541,0.35,0.30,0.40,28.20,17,17,0,-0.01,-0.10,0.10,27.79,17,17,0,-0.07,-0.60,0.40,27.34,17,0,0,0.56,0.50,0.60,27.57,17,17,0,0.12,0.10,0.20,28.09,17,17,0,1.06,1.00,1.10,27.96,17,17,0,0.26,0.20,0.30,27.39,17,17,0
237045,0.34,0.30,0.40,28.20,17,17,0,-0.02,-0.10,0.00,27.79,17,17,0,-0.14,-0.60,0.70,27.33,17,0,0,0.55,0.50,0.60,27.55,17,17,0,0.14,0.10,0.20,28.09,17,17,0,1.09,1.00,1.10,27.97,17,17,0,0.24,0.20,0.30,27.38,17,17,0
237550,0.36,0.30,0.40,28.22,17,17,0,0.01,-0.10,0.10,27.78,17,17,0,-0.16,-0.70,0.10,27.34,17,0,0,0.54,0.50,0.60,27.55,17,17,0,0.13,0.10,0.20,28.09,17,17,0,1.08,1.00,1.10,27.97,17,17,0,0.27,0.20,0.30,27.39,17,17,0
238054,0.35,0.30,0.40,28.20,17,17,0,-0.01,-0.10,0.10,27.80,17,17,0,-0.15,-0.70,0.40,27.32,17,0,0,0.54,0.50,0.60,27.56,17,17,0,0.12,0.10,0.20,28.11,17,17,0,1.06,1.00,1.10,27.97,17,17,0,0.24,0.20,0.30,27.38,17,17,0
238554,0.36,0.30,0.40,28.20,16,16,0,-0.01,-0.10,0.10,27.81,16,16,0,0.00,-0.50,0.80,27.33,16,0,0,0.54,0.50,0.60,27.55,16,16,0,0.13,0.10,0.20,28.09,16,16,0,1.07,1.00,1.10,27.97,16,16,0,0.23,0.20,0.30,27.39,16,16,0
239054,0.35,0.30,0.40,28.20,17,17,0,0.01,-0.10,0.10,27.80,17,17,0,0.10,-1.20,2.00,27.35,17,0,0,0.54,0.50,0.60,27.56,17,17,0,0.12,0.10,0.20,28.09,17,17,0,1.07,1.00,1.10,27.99,17,17,0,0.25,0.20,0.30,27.38,17,17,0
239554,0.35,0.30,0.40,28.20,17,17,0,0.01,-0.10,0.10,27.79,17,17,0,-0.07,-1.00,0.80,27.34,17,0,0,0.55,0.50,0.60,27.55,17,17,0,0.12,0.10,0.20,28.10,17,17,0,1.08,1.00,1.10,27.96,17,17,0,0.25,0.20,0.30,27.40,17,17,0
240054,0.35,0.30,0.40,28.19,17,17,0,-0.01,-0.10,0.10,27.82,17,17,0,-0.25,-0.50,0.10,27.34,17,0,0,0.55,0.50,0.60,27.55,17,17,0,0.14,0.10,0.20,28.10,17,17,0,1.06,1.00,1.10,27.99,17,17,0,0.25,0.20,0.30,27.39,17,17,0
240556,0.35,0.30,0.40,28.19,17,17,0,0.01,-0.10,0.10,27.80,17,17,0,-0.45,-0.90,0.00,27.34,17,0,0,0.55,0.50,0.60,27.57,17,17,0,0.11,0.10,0.20,28.08,17,17,0,1.07,1.00,1.10,27.97,17,17,0,0.25,0.20,0.30,27.40,17,17,0
241056,0.36,0.30,0.40,28.20,16,16,0,-0.03,-0.10,0.10,27.81,16,16,0,-0.46,-1.10,-0.10,27.35,16,0,0,0.54,0.50,0.60,27.58,16,16,0,0.13,0.10,0.20,28.10,16,16,0,1.08,1.00,1.10,27.97,16,16,0,0.25,0.20,0.30,27.40,16,16,0
241556,0.36,0.30,0.40,28.20,16,16,0,-0.03,-0.10,0.10,27.80,16,16,0,-0.39,-0.90,0.40,27.33,16,0,0,0.54,0.50,0.60,27.57,16,16,0,0.13,0.10,0.20,28.11,16,16,0,1.08,1.00,1.10,27.97,16,16,0,0.24,0.20,0.30,27.39,16,16,0
242056,0.33,0.30,0.40,28.22,18,18,0,-0.01,-0.10,0.10,27.83,18,18,0,-0.22,-0.70,0.60,27.35,18,0,0,0.53,0.50,0.60,27.57,18,18,0,0.11,0.10,0.20,28.09,18,18,0,1.08,1.00,1.10,27.96,18,18,0,0.24,0.20,0.30,27.39,18,18,0
242561,0.34,0.30,0.40,28.20,17,17,0,-0.01,-0.10,0.10,27.80,17,17,0,0.09,-0.80,1.00,27.35,17,0,0,0.54,0.50,0.60,27.57,17,17,0,0.12,0.10,0.20,28.09,17,17,0,1.09,1.00,1.10,27.98,17,17,0,0.24,0.20,0.30,27.38,17,17,0
243061,0.36,0.30,0.40,28.22,18,18,0,-0.02,-0.10,0.10,27.83,18,18,0,0.16,-0.30,0.70,27.34,18,0,0,0.54,0.50,0.60,27.57,18,18,0,0.13,0.10,0.20,28.11,18,18,0,1.09,1.00,1.10,27.98,18,18,0,0.25,0.20,0.30,27.40,18,18,0
243561,0.37,0.30,0.40,28.22,16,16,0,0.00,-0.10,0.10,27.81,16,16,0,0.45,-0.20,1.10,27.35,16,0,0,0.56,0.50,0.60,27.57,16,16,0,0.13,0.10,0.20,28.12,16,16,0,1.08,1.00,1.10,27.98,16,16,0,0.26,0.20,0.30,27.40,16,16,0
244061,0.36,0.30,0.40,28.20,17,17,0,0.01,-0.10,0.10,27.80,17,17,0,0.46,-0.10,1.00,27.34,17,0,0,0.54,0.50,0.60,27.58,17,17,0,0.12,0.10,0.20,28.11,17,17,0,1.08,1.00,1.10,27.99,17,17,0,0.24,0.20,0.30,27.40,17,17,0
244562,0.34,0.30,0.40,28.22,17,17,0,-0.02,-0.10,0.10,27.82,17,17,0,0.72,0.40,1.10,27.34,17,0,0,0.55,0.50,0.60,27.57,17,17,0,0.13,0.10,0.20,28.09,17,17,0,1.07,1.00,1.10,27.99,17,17,0,0.22,0.20,0.30,27.40,17,17,0
245066,0.36,0.30,0.40,28.20,17,17,0,0.01,-0.10,0.10,27.82,17,17,0,0.72,0.50,1.50,27.35,17,0,0,0.54,0.50,0.60,27.56,17,17,0,0.11,0.10,0.20,28.11,17,17,0,1.08,1.00,1.10,27.99,17,17,0,0.23,0.20,0.30,27.40,17,17,0
245566,0.35,0.30,0.40,28.24,17,17,0,0.00,-0.10,0.10,27.82,17,17,0,0.92,0.20,1.40,27.34,17,0,0,0.52,0.50,0.60,27.57,17,17,0,0.12,0.10,0.20,28.11,17,17,0,1.07,1.00,1.10,27.98,17,17,0,0.25,0.20,0.30,27.39,17,17,0
246066,0.35,0.30,0.40,28.20,17,17,0,0.01,-0.10,0.10,27.82,17,17,0,0.62,0.10,1.40,27.37,17,0,0,0.56,0.50,0.60,27.58,17,17,0,0.11,0.10,0.20,28.11,17,17,0,1.08,1.00,1.10,27.97,17,17,0,0.22,0.20,0.30,27.41,17,17,0
246569,0.34,0.30,0.40,28.22,17,17,0,-0.01,-0.10,0.10,27.84,17,17,0,0.75,-0.10,1.30,27.37,17,0,0,0.54,0.50,0.60,27.56,17,17,0,0.12,0.10,0.20,28.10,17,17,0,1.09,1.00,1.10,27.98,17,17,0,0.27,0.20,0.30,27.40,17,17,0
247077,0.34,0.30,0.40,28.22,17,17,0,-0.04,-0.10,0.10,27.81,17,17,0,0.79,0.10,1.60,27.35,17,0,0,0.54,0.50,0.60,27.57,17,17,0,0.12,0.10,0.20,28.12,17,17,0,1.06,1.00,1.10,28.00,17,17,0,0.28,0.20,0.30,27.41,17,17,0
247585,0.37,0.30,0.40,28.23,18,18,0,0.01,-0.10,0.10,27.82,18,18,0,0.41,-0.10,0.80,27.37,18,0,0,0.53,0.50,0.60,27.57,18,18,0,0.13,0.10,0.20,28.11,18,18,0,1.08,1.00,1.10,27.98,18,18,0,0.24,0.20,0.30,27.40,18,18,0
248094,0.36,0.30,0.40,28.22,17,17,0,-0.01,-0.10,0.10,27.83,17,17,0,0.14,-0.10,0.50,27.37,17,0,0,0.53,0.50,0.60,27.58,17,17,0,0.12,0.10,0.20,28.10,17,17,0,1.08,1.00,1.10,27.99,17,17,0,0.25,0.20,0.30,27.40,17,17,0
248595,0.36,0.30,0.40,28.22,17,17,0,0.00,-0.10,0.10,27.83,17,17,0,-0.03,-0.70,0.80,27.37,17,0,0,0.53,0.50,0.60,27.58,17,17,0,0.13,0.10,0.20,28.12,17,17,0,1.07,1.00,1.10,27.99,17,17,0,0.25,0.20,0.30,27.40,17,17,0
249095,0.36,0.30,0.40,28.22,17,17,0,-0.01,-0.10,0.10,27.83,17,17,0,-0.16,-1.10,0.60,27.36,17,0,0,0.55,0.50,0.60,27.58,17,17,0,0.12,0.10,0.20,28.10,17,17,0,1.08,1.00,1.10,27.98,17,17,0,0.25,0.20,0.30,27.42,17,17,0
249601,0.35,0.30,0.40,28.23,17,17,0,0.01,-0.10,0.10,27.83,17,17,0,-0.14,-0.90,0.60,27.36,17,0,0,0.55,0.50,0.60,27.56,17,17,0,0.11,0.10,0.20,28.11,17,17,0,1.09,1.00,1.10,27.99,17,17,0,0.25,0.20,0.30,27.41,17,17,0
250101,0.35,0.30,0.40,28.23,17,17,0,0.00,-0.10,0.10,27.83,17,17,0,0.11,-1.40,1.00,27.37,17,0,0,0.55,0.50,0.60,27.59,17,17,0,0.14,0.10,0.20,28.12,17,17,0,1.08,1.00,1.10,27.99,17,17,0,0.23,0.20,0.30,27.42,17,17,0
250601,0.36,0.30,0.40,28.23,17,17,0,0.00,0.00,0.00,27.82,17,17,0,0.46,-3.20,3.80,27.37,17,0,0,0.56,0.50,0.60,27.59,17,17,0,0.14,0.10,0.20,28.12,17,17,0,1.08,1.00,1.10,27.99,17,17,0,0.24,0.20,0.30,27.42,17,17,0
251102,0.35,0.30,0.40,28.22,17,17,0,0.01,-0.10,0.10,27.83,17,17,0,0.74,-1.20,2.20,27.36,17,0,0,0.54,0.50,0.60,27.58,17,17,0,0.12,0.10,0.20,28.13,17,17,0,1.08,1.00,1.10,28.00,17,17,0,0.24,0.20,0.30,27.40,17,17,0
251602,0.34,0.30,0.40,28.23,17,17,0,-0.01,-0.10,0.10,27.84,17,17,0,0.59,-0.60,1.90,27.35,17,0,0,0.53,0.50,0.60,27.59,17,17,0,0.12,0.10,0.20,28.12,17,17,0,1.08,1.00,1.10,27.98,17,17,0,0.23,0.20,0.30,27.42,17,17,0
252107,0.38,0.30,0.40,28.23,17,17,0,-0.01,-0.10,0.10,27.83,17,17,0,0.65,-1.00,2.20,27.38,17,0,0,0.52,0.50,0.60,27.57,17,17,0,0.13,0.10,0.20,28.12,17,17,0,1.06,1.00,1.10,27.99,17,17,0,0.22,0.20,0.30,27.41,17,17,0
252607,0.36,0.30,0.40,28.23,17,17,0,-0.01,-0.10,0.10,27.82,17,17,0,0.49,-1.30,2.70,27.37,17,0,0,0.55,0.50,0.60,27.58,17,17,0,0.12,0.10,0.20,28.12,17,17,0,1.07,1.00,1.10,28.00,17,17,0,0.22,0.20,0.30,27.42,17,17,0
253107,0.36,0.30,0.40,28.25,17,17,0,0.01,-0.10,0.10,27.83,17,17,0,0.22,-1.90,3.50,27.37,17,0,0,0.53,0.50,0.60,27.59,17,17,0,0.13,0.10,0.20,28.13,17,17,0,1.08,1.00,1.10,27.99,17,17,0,0.24,0.20,0.30,27.41,17,17,0
253609,0.39,0.30,0.40,28.22,17,17,0,0.01,-0.10,0.10,27.84,17,17,0,-0.06,-2.60,2.30,27.35,17,0,0,0.56,0.50,0.60,27.59,17,17,0,0.11,0.10,0.20,28.11,17,17,0,1.08,1.00,1.10,28.00,17,17,0,0.26,0.20,0.30,27.41,17,17,0
254109,0.36,0.30,0.40,28.22,17,17,0,0.01,-0.10,0.10,27.85,17,17,0,-0.13,-1.90,1.60,27.38,17,0,0,0.54,0.50,0.60,27.58,17,17,0,0.11,0.10,0.20,28.15,17,17,0,1.08,1.00,1.10,28.00,17,17,0,0.23,0.20,0.30,27.41,17,17,0
254609,0.35,0.30,0.40,28.24,17,17,0,-0.01,-0.10,0.10,27.83,17,17,0,-0.36,-1.30,0.70,27.38,17,0,0,0.54,0.50,0.60,27.58,17,17,0,0.13,0.10,0.20,28.12,17,17,0,1.08,1.00,1.10,28.00,17,17,0,0.26,0.20,0.30,27.42,17,17,0
255119,0.36,0.30,0.40,28.22,17,17,0,-0.01,-0.10,0.10,27.85,17,17,0,-0.86,-1.80,-0.10,27.39,17,0,0,0.55,0.50,0.60,27.59,17,17,0,0.11,0.10,0.20,28.14,17,17,0,1.04,1.00,1.10,28.00,17,17,0,0.22,0.20,0.30,27.42,17,17,0
255619,0.34,0.30,0.40,28.24,16,16,0,-0.02,-0.10,0.10,27.82,16,16,0,-0.21,-1.30,1.00,27.37,16,0,0,0.55,0.50,0.60,27.58,16,16,0,0.13,0.10,0.20,28.13,16,16,0,1.09,1.00,1.10,28.01,16,16,0,0.24,0.20,0.30,27.43,16,16,0
256122,0.36,0.30,0.40,28.24,17,17,0,-0.01,-0.10,0.10,27.83,17,17,0,0.45,-1.70,1.60,27.36,17,0,0,0.54,0.50,0.60,27.60,17,17,0,0.14,0.10,0.20,28.12,17,17,0,1.08,1.00,1.10,28.01,17,17,0,0.24,0.20,0.30,27.40,17,17,0
256622,0.34,0.30,0.40,28.23,17,17,0,-0.02,-0.10,0.10,27.84,17,17,0,0.74,-1.70,2.60,27.36,17,0,0,0.55,0.50,0.60,27.58,17,17,0,0.11,0.10,0.20,28.12,17,17,0,1.08,1.00,1.10,28.01,17,17,0,0.27,0.20,0.30,27.41,17,17,0
257123,0.34,0.30,0.40,28.24,17,17,0,0.01,0.00,0.10,27.85,17,17,0,0.68,-0.90,1.70,27.39,17,0,0,0.55,0.50,0.60,27.58,17,17,0,0.12,0.10,0.20,28.11,17,17,0,1.08,1.00,1.10,28.01,17,17,0,0.24,0.20,0.30,27.42,17,17,0
257623,0.35,0.30,0.40,28.24,17,17,0,-0.02,-0.10,0.10,27.84,17,17,0,0.58,-0.20,1.50,27.38,17,0,0,0.56,0.50,0.60,27.59,17,17,0,0.14,0.10,0.20,28.14,17,17,0,1.08,1.00,1.10,28.01,17,17,0,0.24,0.20,0.30,27.42,17,17,0
258125,0.33,0.30,0.40,28.22,16,16,0,-0.01,-0.10,0.10,27.85,16,16,0,0.11,-1.00,0.90,27.38,16,0,0,0.53,0.50,0.60,27.57,16,16,0,0.11,0.10,0.20,28.13,16,16,0,1.08,1.00,1.10,28.01,16,16,0,0.23,0.20,0.30,27.42,16,16,0
258625,0.36,0.30,0.40,28.27,17,17,0,-0.01,-0.10,0.10,27.84,17,17,0,-0.29,-1.70,0.90,27.39,17,0,0,0.54,0.50,0.60,27.60,17,17,0,0.14,0.10,0.20,28.14,17,17,0,1.09,1.00,1.10,28.01,17,17,0,0.22,0.20,0.30,27.41,17,17,0
259125,0.35,0.30,0.40,28.24,17,17,0,-0.01,-0.10,0.10,27.84,17,17,0,-0.33,-2.60,0.80,27.40,17,0,0,0.53,0.50,0.60,27.58,17,17,0,0.12,0.10,0.20,28.14,17,17,0,1.09,1.00,1.10,28.02,17,17,0,0.24,0.20,0.30,27.43,17,17,0
259628,0.35,0.30,0.40,28.26,18,18,0,-0.01,-0.10,0.10,27.84,18,18,0,-0.35,-3.20,2.30,27.38,18,0,0,0.52,0.50,0.60,27.60,18,18,0,0.13,0.10,0.20,28.14,18,18,0,1.09,1.00,1.10,28.00,18,18,0,0.22,0.20,0.30,27.44,18,18,0
260128,0.36,0.30,0.40,28.24,17,17,0,-0.01,-0.10,0.10,27.84,17,17,0,-0.42,-1.60,1.30,27.39,17,0,0,0.55,0.50,0.60,27.59,17,17,0,0.14,0.10,0.20,28.13,17,17,0,1.08,1.00,1.10,28.00,17,17,0,0.25,0.20,0.30,27.44,17,17,0
260628,0.36,0.30,0.40,28.23,17,17,0,-0.03,-0.10,0.10,27.83,17,17,0,-0.43,-1.70,0.50,27.38,17,0,0,0.52,0.50,0.60,27.59,17,17,0,0.12,0.10,0.20,28.15,17,17,0,1.09,1.00,1.10,28.01,17,17,0,0.24,0.20,0.30,27.42,17,17,0
261128,0.35,0.30,0.40,28.23,17,17,0,-0.02,-0.10,0.10,27.85,17,17,0,-0.75,-1.90,0.40,27.38,17,0,0,0.54,0.50,0.60,27.59,17,17,0,0.10,0.10,0.10,28.13,17,17,0,1.10,1.10,1.10,28.00,17,17,0,0.25,0.20,0.30,27.42,17,17,0
261628,0.36,0.30,0.40,28.24,17,17,0,-0.01,-0.10,0.10,27.85,17,17,0,-1.25,-2.30,-0.30,27.40,17,0,0,0.54,0.50,0.60,27.60,17,17,0,0.11,0.10,0.20,28.14,17,17,0,1.09,1.00,1.10,28.01,17,17,0,0.25,0.20,0.30,27.43,17,17,0
262128,0.36,0.30,0.40,28.24,17,17,0,0.01,-0.10,0.10,27.83,17,17,0,-1.69,-3.30,-0.60,27.38,17,0,0,0.53,0.50,0.60,27.60,17,17,0,0.12,0.10,0.20,28.13,17,17,0,1.08,1.00,1.10,28.00,17,17,0,0.24,0.20,0.30,27.43,17,17,0
262632,0.34,0.30,0.40,28.24,17,17,0,-0.01,-0.10,0.10,27.84,17,17,0,-1.59,-2.70,-0.50,27.40,17,0,0,0.55,0.50,0.60,27.58,17,17,0,0.15,0.10,0.20,28.14,17,17,0,1.07,1.00,1.10,28.02,17,17,0,0.24,0.20,0.30,27.43,17,17,0
263134,0.36,0.30,0.40,28.25,17,17,0,-0.03,-0.10,0.00,27.85,17,17,0,-1.32,-2.20,-0.10,27.38,17,0,0,0.56,0.50,0.60,27.61,17,17,0,0.12,0.10,0.20,28.14,17,17,0,1.08,1.00,1.10,28.02,17,17,0,0.22,0.20,0.30,27.43,17,17,0
263634,0.34,0.30,0.40,28.25,17,17,0,-0.02,-0.10,0.10,27.85,17,17,0,-0.99,-2.00,-0.30,27.40,17,0,0,0.54,0.50,0.60,27.60,17,17,0,0.13,0.10,0.20,28.13,17,17,0,1.07,1.00,1.10,28.02,17,17,0,0.23,0.20,0.30,27.43,17,17,0
264135,0.34,0.30,0.40,28.25,17,17,0,-0.04,-0.10,0.00,27.85,17,17,0,-0.80,-1.60,0.20,27.38,17,0,0,0.54,0.50,0.60,27.60,17,17,0,0.12,0.10,0.20,28.12,17,17,0,1.06,1.00,1.10,28.02,17,17,0,0.23,0.20,0.30,27.45,17,17,0
264645,0.37,0.30,0.40,28.24,18,18,0,-0.02,-0.10,0.10,27.85,18,18,0,-0.63,-1.50,0.40,27.40,18,0,0,0.54,0.50,0.60,27.61,18,18,0,0.12,0.10,0.20,28.15,18,18,0,1.07,1.00,1.10,28.00,18,18,0,0.22,0.20,0.30,27.44,18,18,0
265145,0.35,0.30,0.40,28.25,17,17,0,-0.01,-0.10,0.10,27.84,17,17,0,-0.65,-1.60,0.40,27.39,17,0,0,0.53,0.50,0.60,27.60,17,17,0,0.11,0.10,0.20,28.15,17,17,0,1.09,1.00,1.10,28.03,17,17,0,0.24,0.20,0.30,27.43,17,17,0
265650,0.36,0.30,0.40,28.24,18,18,0,-0.00,-0.10,0.10,27.84,18,18,0,-0.59,-1.60,0.20,27.41,18,0,0,0.54,0.50,0.60,27.62,18,18,0,0.12,0.10,0.20,28.15,18,18,0,1.07,1.00,1.10,28.00,18,18,0,0.23,0.20,0.30,27.44,18,18,0
266153,0.36,0.30,0.40,28.26,18,18,0,0.00,-0.10,0.10,27.85,18,18,0,-0.46,-1.80,0.80,27.40,18,0,0,0.54,0.50,0.60,27.60,18,18,0,0.11,0.10,0.20,28.12,18,18,0,1.08,1.00,1.10,28.02,18,18,0,0.21,0.20,0.30,27.44,18,18,0
266653,0.35,0.30,0.40,28.26,17,17,0,-0.02,-0.10,0.10,27.85,17,17,0,-0.39,-1.60,0.50,27.38,17,0,0,0.54,0.50,0.60,27.61,17,17,0,0.13,0.10,0.20,28.15,17,17,0,1.08,1.00,1.10,28.02,17,17,0,0.22,0.20,0.30,27.43,17,17,0
267153,0.36,0.30,0.40,28.26,17,17,0,-0.03,-0.10,0.10,27.84,17,17,0,-0.44,-1.10,0.20,27.39,17,0,0,0.54,0.50,0.60,27.60,17,17,0,0.12,0.10,0.20,28.13,17,17,0,1.09,1.00,1.10,28.01,17,17,0,0.23,0.20,0.30,27.43,17,17,0
267664,0.35,0.30,0.40,28.26,18,18,0,-0.02,-0.10,0.10,27.85,18,18,0,-0.53,-2.70,1.00,27.39,18,0,0,0.53,0.50,0.60,27.61,18,18,0,0.11,0.10,0.20,28.16,18,18,0,1.08,1.00,1.10,28.03,18,18,0,0.22,0.20,0.30,27.44,18,18,0
268164,0.38,0.30,0.40,28.23,17,17,0,-0.03,-0.10,0.00,27.85,17,17,0,-0.35,-1.40,0.80,27.38,17,0,0,0.54,0.50,0.60,27.59,17,17,0,0.12,0.10,0.20,28.15,17,17,0,1.07,1.00,1.10,28.03,17,17,0,0.24,0.20,0.30,27.44,17,17,0
268664,0.35,0.30,0.40,28.24,17,17,0,-0.02,-0.10,0.00,27.85,17,17,0,-0.26,-1.20,1.10,27.40,17,0,0,0.51,0.50,0.60,27.60,17,17,0,0.12,0.10,0.20,28.15,17,17,0,1.09,1.00,1.10,28.02,17,17,0,0.22,0.20,0.30,27.44,17,17,0
269164,0.38,0.30,0.40,28.24,17,17,0,-0.01,-0.10,0.10,27.85,17,17,0,-0.29,-1.40,1.30,27.39,17,0,0,0.53,0.50,0.60,27.62,17,17,0,0.14,0.10,0.20,28.15,17,17,0,1.08,1.00,1.10,28.03,17,17,0,0.22,0.20,0.30,27.44,17,17,0
269664,0.36,0.30,0.40,28.25,18,18,0,-0.01,-0.10,0.10,27.85,18,18,0,0.36,-0.70,1.80,27.41,18,0,0,0.53,0.50,0.60,27.62,18,18,0,0.12,0.10,0.20,28.16,18,18,0,1.07,1.00,1.10,28.02,18,18,0,0.23,0.20,0.30,27.45,18,18,0
270170,0.35,0.30,0.40,28.24,17,17,0,-0.01,-0.10,0.10,27.85,17,17,0,0.44,-0.30,1.10,27.40,17,0,0,0.53,0.50,0.60,27.61,17,17,0,0.12,0.10,0.20,28.13,17,17,0,1.08,1.00,1.10,28.04,17,17,0,0.24,0.20,0.30,27.45,17,17,0
270670,0.37,0.30,0.40,28.26,18,18,0,-0.01,-0.10,0.10,27.85,18,18,0,0.49,-0.10,1.30,27.40,18,0,0,0.52,0.50,0.60,27.62,18,18,0,0.11,0.10,0.20,28.14,18,18,0,1.08,1.00,1.10,28.03,18,18,0,0.21,0.20,0.30,27.45,18,18,0
271179,0.36,0.30,0.40,28.25,17,17,0,-0.02,-0.10,0.10,27.86,17,17,0,0.58,-1.60,2.10,27.42,17,0,0,0.52,0.50,0.60,27.61,17,17,0,0.12,0.10,0.20,28.14,17,17,0,1.08,1.00,1.10,28.02,17,17,0,0.23,0.20,0.30,27.46,17,17,0
271679,0.35,0.30,0.40,28.25,17,17,0,-0.01,-0.10,0.10,27.85,17,17,0,0.41,-1.00,1.80,27.42,17,0,0,0.52,0.50,0.60,27.60,17,17,0,0.11,0.10,0.20,28.14,17,17,0,1.08,1.00,1.10,28.02,17,17,0,0.22,0.20,0.30,27.45,17,17,0
272179,0.36,0.30,0.40,28.26,18,18,0,-0.01,-0.10,0.10,27.85,18,18,0,0.23,-1.60,1.70,27.40,18,0,0,0.52,0.50,0.60,27.62,18,18,0,0.12,0.10,0.20,28.15,18,18,0,1.06,1.00,1.10,28.01,18,18,0,0.23,0.20,0.30,27.45,18,18,0
272682,0.35,0.30,0.40,28.27,17,17,0,-0.01,-0.10,0.10,27.84,17,17,0,0.05,-0.90,1.30,27.40,17,0,0,0.53,0.50,0.60,27.61,17,17,0,0.12,0.10,0.20,28.16,17,17,0,1.09,1.00,1.10,28.03,17,17,0,0.22,0.20,0.30,27.45,17,17,0
273182,0.35,0.30,0.40,28.26,17,17,0,-0.02,-0.10,0.10,27.86,17,17,0,-0.24,-1.50,0.70,27.41,17,0,0,0.54,0.50,0.60,27.62,17,17,0,0.11,0.10,0.20,28.15,17,17,0,1.08,1.00,1.10,28.03,17,17,0,0.24,0.20,0.30,27.44,17,17,0
273682,0.34,0.30,0.40,28.28,17,17,0,0.01,-0.10,0.10,27.86,17,17,0,-0.22,-1.00,0.30,27.41,17,0,0,0.52,0.50,0.60,27.60,17,17,0,0.10,0.10,0.10,28.15,17,17,0,1.08,1.00,1.10,28.03,17,17,0,0.24,0.20,0.30,27.45,17,17,0
274182,0.34,0.30,0.40,28.26,18,18,0,-0.03,-0.10,0.10,27.85,18,18,0,-0.27,-1.10,0.70,27.43,18,0,0,0.52,0.50,0.60,27.62,18,18,0,0.12,0.10,0.20,28.16,18,18,0,1.08,1.00,1.10,28.03,18,18,0,0.23,0.20,0.30,27.45,18,18,0
274682,0.35,0.30,0.40,28.25,17,17,0,0.00,-0.10,0.10,27.87,17,17,0,-0.29,-1.40,1.00,27.42,17,0,0,0.53,0.50,0.60,27.61,17,17,0,0.14,0.10,0.20,28.14,17,17,0,1.08,1.00,1.10,28.03,17,17,0,0.25,0.20,0.30,27.46,17,17,0
275189,0.36,0.30,0.40,28.26,17,17,0,-0.03,-0.10,0.10,27.86,17,17,0,-0.36,-1.30,0.70,27.43,17,0,0,0.54,0.50,0.60,27.62,17,17,0,0.11,0.10,0.20,28.14,17,17,0,1.08,1.00,1.10,28.03,17,17,0,0.25,0.20,0.30,27.46,17,17,0
275689,0.35,0.30,0.40,28.26,17,17,0,-0.01,-0.10,0.10,27.85,17,17,0,-0.34,-1.10,0.80,27.43,17,0,0,0.55,0.50,0.60,27.63,17,17,0,0.13,0.10,0.20,28.17,17,17,0,1.08,1.00,1.10,28.04,17,17,0,0.24,0.20,0.30,27.46,17,17,0
276189,0.36,0.30,0.40,28.27,18,18,0,-0.01,-0.10,0.10,27.86,18,18,0,-0.47,-1.20,0.60,27.43,18,0,0,0.53,0.50,0.60,27.62,18,18,0,0.11,0.10,0.20,28.16,18,18,0,1.06,1.00,1.10,28.02,18,18,0,0.24,0.20,0.30,27.47,18,18,0
276689,0.37,0.30,0.40,28.27,17,17,0,0.00,-0.10,0.10,27.87,17,17,0,-0.56,-1.10,0.10,27.42,17,0,0,0.55,0.50,0.60,27.62,17,17,0,0.12,0.10,0.20,28.17,17,17,0,1.07,1.00,1.10,28.03,17,17,0,0.22,0.20,0.30,27.46,17,17,0
277189,0.37,0.30,0.40,28.27,16,16,0,0.00,-0.10,0.10,27.88,16,16,0,-0.50,-1.00,0.00,27.41,16,0,0,0.52,0.50,0.60,27.62,16,16,0,0.12,0.10,0.20,28.17,16,16,0,1.09,1.00,1.10,28.03,16,16,0,0.24,0.20,0.30,27.45,16,16,0
277699,0.34,0.30,0.40,28.26,18,18,0,-0.02,-0.10,0.10,27.87,18,18,0,-0.86,-2.30,0.20,27.42,18,0,0,0.52,0.50,0.60,27.61,18,18,0,0.13,0.10,0.20,28.18,18,18,0,1.08,1.00,1.10,28.04,18,18,0,0.23,0.20,0.30,27.47,18,18,0
278201,0.36,0.30,0.40,28.27,17,17,0,-0.02,-0.10,0.10,27.86,17,17,0,-1.00,-2.20,0.10,27.42,17,0,0,0.53,0.50,0.60,27.61,17,17,0,0.14,0.10,0.20,28.16,17,17,0,1.08,1.00,1.10,28.04,17,17,0,0.23,0.20,0.30,27.47,17,17,0
278701,0.34,0.30,0.40,28.26,17,17,0,0.00,-0.10,0.10,27.86,17,17,0,-0.49,-1.70,0.80,27.41,17,0,0,0.55,0.50,0.60,27.61,17,17,0,0.11,0.10,0.20,28.16,17,17,0,1.09,1.00,1.10,28.04,17,17,0,0.22,0.20,0.30,27.45,17,17,0
279201,0.38,0.30,0.40,28.28,17,17,0,-0.03,-0.10,0.10,27.86,17,17,0,-0.11,-0.80,0.60,27.41,17,0,0,0.52,0.50,0.60,27.64,17,17,0,0.13,0.10,0.20,28.16,17,17,0,1.08,1.00,1.10,28.04,17,17,0,0.22,0.10,0.30,27.45,17,17,0
279711,0.38,0.30,0.40,28.28,17,17,0,-0.01,-0.10,0.10,27.86,17,17,0,-0.28,-1.60,0.90,27.43,17,0,0,0.52,0.50,0.60,27.62,17,17,0,0.13,0.10,0.20,28.17,17,17,0,1.08,1.00,1.10,28.04,17,17,0,0.24,0.20,0.30,27.46,17,17,0
280211,0.34,0.30,0.40,28.27,17,17,0,0.01,-0.10,0.10,27.87,17,17,0,-0.45,-1.50,0.50,27.43,17,0,0,0.54,0.50,0.60,27.63,17,17,0,0.12,0.10,0.20,28.16,17,17,0,1.08,1.00,1.10,28.05,17,17,0,0.25,0.20,0.30,27.46,17,17,0
280712,0.38,0.30,0.40,28.27,17,17,0,0.04,-0.10,0.10,27.88,17,17,0,-0.61,-1.10,-0.10,27.42,17,0,0,0.54,0.50,0.60,27.63,17,17,0,0.12,0.10,0.20,28.16,17,17,0,1.09,1.00,1.10,28.03,17,17,0,0.24,0.20,0.30,27.47,17,17,0
281212,0.34,0.30,0.40,28.27,17,17,0,-0.01,-0.10,0.10,27.87,17,17,0,-0.89,-1.60,-0.40,27.43,17,0,0,0.53,0.50,0.60,27.63,17,17,0,0.15,0.10,0.20,28.18,17,17,0,1.09,1.00,1.10,28.04,17,17,0,0.24,0.20,0.30,27.48,17,17,0
281721,0.34,0.30,0.40,28.27,17,17,0,0.00,-0.10,0.10,27.86,17,17,0,-0.95,-1.80,0.20,27.43,17,0,0,0.52,0.50,0.60,27.64,17,17,0,0.12,0.10,0.20,28.17,17,17,0,1.07,1.00,1.10,28.05,17,17,0,0.22,0.20,0.30,27.47,17,17,0
282225,0.35,0.30,0.40,28.25,17,17,0,-0.02,-0.10,0.10,27.87,17,17,0,-1.16,-1.80,-0.50,27.43,17,0,0,0.54,0.50,0.60,27.64,17,17,0,0.12,0.10,0.20,28.16,17,17,0,1.08,1.00,1.10,28.04,17,17,0,0.24,0.20,0.30,27.47,17,17,0
282726,0.36,0.30,0.40,28.28,17,17,0,0.01,-0.10,0.10,27.87,17,17,0,-1.26,-1.70,-0.30,27.43,17,0,0,0.52,0.50,0.60,27.63,17,17,0,0.11,0.10,0.20,28.17,17,17,0,1.07,1.00,1.10,28.03,17,17,0,0.24,0.20,0.30,27.47,17,17,0
283226,0.35,0.30,0.40,28.27,17,17,0,-0.02,-0.10,0.10,27.87,17,17,0,-0.66,-1.70,0.20,27.44,17,0,0,0.51,0.50,0.60,27.62,17,17,0,0.12,0.10,0.20,28.18,17,17,0,1.08,1.00,1.10,28.05,17,17,0,0.23,0.20,0.30,27.47,17,17,0
283727,0.35,0.30,0.40,28.28,17,17,0,-0.01,-0.10,0.00,27.88,17,17,0,-0.37,-1.50,0.70,27.43,17,0,0,0.52,0.50,0.60,27.63,17,17,0,0.12,0.10,0.20,28.18,17,17,0,1.08,1.00,1.10,28.03,17,17,0,0.24,0.20,0.30,27.48,17,17,0
284227,0.35,0.30,0.40,28.28,17,17,0,0.02,-0.10,0.10,27.87,17,17,0,-0.35,-1.70,0.40,27.44,17,0,0,0.51,0.50,0.60,27.63,17,17,0,0.13,0.10,0.20,28.17,17,17,0,1.08,1.00,1.10,28.04,17,17,0,0.23,0.20,0.30,27.47,17,17,0
284727,0.36,0.30,0.40,28.28,17,17,0,-0.01,-0.10,0.10,27.87,17,17,0,-0.53,-1.30,0.10,27.45,17,0,0,0.52,0.50,0.60,27.62,17,17,0,0.12,0.10,0.20,28.16,17,17,0,1.09,1.00,1.10,28.05,17,17,0,0.24,0.20,0.30,27.46,17,17,0
285229,0.36,0.30,0.40,28.27,17,17,0,0.00,-0.10,0.10,27.88,17,17,0,-0.58,-1.60,0.00,27.43,17,0,0,0.52,0.50,0.60,27.63,17,17,0,0.13,0.10,0.20,28.20,17,17,0,1.08,1.00,1.10,28.06,17,17,0,0.22,0.20,0.30,27.48,17,17,0
285733,0.34,0.30,0.40,28.29,17,17,0,-0.03,-0.10,0.00,27.86,17,17,0,-0.79,-1.30,0.10,27.43,17,0,0,0.54,0.50,0.60,27.63,17,17,0,0.11,0.10,0.20,28.18,17,17,0,1.08,1.00,1.10,28.06,17,17,0,0.21,0.20,0.30,27.48,17,17,0
286235,0.34,0.30,0.40,28.29,17,17,0,-0.01,-0.10,0.10,27.88,17,17,0,-0.77,-1.50,-0.10,27.42,17,0,0,0.52,0.50,0.60,27.63,17,17,0,0.13,0.10,0.20,28.18,17,17,0,1.08,1.00,1.10,28.05,17,17,0,0.21,0.20,0.30,27.48,17,17,0
286742,0.33,0.30,0.40,28.30,18,18,0,0.01,-0.10,0.10,27.87,18,18,0,-0.60,-1.30,-0.20,27.44,18,0,0,0.52,0.50,0.60,27.63,18,18,0,0.12,0.10,0.20,28.18,18,18,0,1.09,1.00,1.10,28.05,18,18,0,0.21,0.20,0.30,27.48,18,18,0
287242,0.36,0.30,0.40,28.29,17,17,0,0.01,-0.10,0.10,27.88,17,17,0,-0.61,-1.30,0.10,27.45,17,0,0,0.53,0.50,0.60,27.63,17,17,0,0.12,0.10,0.20,28.18,17,17,0,1.08,1.00,1.10,28.03,17,17,0,0.23,0.20,0.30,27.48,17,17,0
287752,0.34,0.30,0.40,28.29,18,18,0,-0.02,-0.10,0.10,27.88,18,18,0,-1.06,-1.60,-0.40,27.45,18,0,0,0.54,0.50,0.60,27.62,18,18,0,0.11,0.10,0.20,28.18,18,18,0,1.08,1.00,1.10,28.04,18,18,0,0.22,0.20,0.30,27.48,18,18,0
288255,0.36,0.30,0.40,28.28,17,17,0,0.01,-0.10,0.10,27.87,17,17,0,-1.04,-1.90,-0.40,27.44,17,0,0,0.52,0.50,0.60,27.63,17,17,0,0.12,0.10,0.20,28.17,17,17,0,1.07,1.00,1.10,28.07,17,17,0,0.21,0.20,0.30,27.48,17,17,0
288756,0.35,0.30,0.40,28.30,17,17,0,-0.01,-0.10,0.10,27.89,17,17,0,-0.88,-1.90,-0.20,27.46,17,0,0,0.52,0.50,0.60,27.62,17,17,0,0.11,0.10,0.20,28.19,17,17,0,1.08,1.00,1.10,28.05,17,17,0,0.21,0.20,0.30,27.49,17,17,0
289257,0.35,0.30,0.40,28.30,17,17,0,0.01,-0.10,0.10,27.87,17,17,0,-0.71,-1.30,-0.40,27.46,17,0,0,0.52,0.50,0.60,27.65,17,17,0,0.11,0.10,0.20,28.18,17,17,0,1.08,1.00,1.10,28.05,17,17,0,0.21,0.20,0.30,27.47,17,17,0
289763,0.34,0.30,0.40,28.29,17,17,0,-0.01,-0.10,0.10,27.87,17,17,0,-0.76,-1.40,-0.30,27.45,17,0,0,0.51,0.50,0.60,27.63,17,17,0,0.12,0.10,0.20,28.20,17,17,0,1.10,1.10,1.10,28.05,17,17,0,0.24,0.20,0.30,27.48,17,17,0
290265,0.36,0.30,0.40,28.28,17,17,0,0.02,-0.10,0.10,27.87,17,17,0,-0.66,-3.00,3.30,27.45,17,0,0,0.54,0.50,0.60,27.62,17,17,0,0.14,0.10,0.20,28.17,17,17,0,1.09,1.00,1.10,28.05,17,17,0,0.21,0.20,0.30,27.47,17,17,0
290766,0.35,0.30,0.40,28.29,17,17,0,-0.01,-0.10,0.10,27.88,17,17,0,-0.36,-2.30,3.00,27.45,17,0,0,0.54,0.50,0.60,27.65,17,17,0,0.11,0.10,0.20,28.19,17,17,0,1.08,1.00,1.10,28.05,17,17,0,0.24,0.20,0.30,27.49,17,17,0
291266,0.35,0.30,0.40,28.30,17,17,0,0.01,-0.10,0.10,27.88,17,17,0,-0.84,-2.30,0.90,27.43,17,0,0,0.52,0.50,0.60,27.64,17,17,0,0.12,0.10,0.20,28.20,17,17,0,1.08,1.00,1.10,28.05,17,17,0,0.22,0.20,0.30,27.49,17,17,0
291770,0.36,0.30,0.40,28.28,17,17,0,0.02,0.00,0.10,27.88,17,17,0,-0.86,-1.60,0.20,27.44,17,0,0,0.51,0.50,0.60,27.64,17,17,0,0.12,0.10,0.20,28.20,17,17,0,1.09,1.00,1.10,28.05,17,17,0,0.23,0.20,0.30,27.48,17,17,0
292270,0.34,0.30,0.40,28.31,18,18,0,0.00,-0.10,0.10,27.88,18,18,0,-0.67,-1.30,0.20,27.44,18,0,0,0.51,0.50,0.60,27.63,18,18,0,0.13,0.10,0.20,28.21,18,18,0,1.07,1.00,1.10,28.05,18,18,0,0.21,0.20,0.30,27.48,18,18,0
292779,0.35,0.30,0.40,28.29,17,17,0,-0.01,-0.10,0.10,27.89,17,17,0,-0.53,-1.60,0.70,27.46,17,0,0,0.54,0.50,0.60,27.64,17,17,0,0.13,0.10,0.20,28.20,17,17,0,1.09,1.00,1.10,28.05,17,17,0,0.22,0.20,0.30,27.49,17,17,0
293279,0.35,0.30,0.40,28.28,17,17,0,-0.01,-0.10,0.10,27.89,17,17,0,-0.24,-0.90,1.10,27.45,17,0,0,0.52,0.50,0.60,27.65,17,17,0,0.11,0.10,0.20,28.20,17,17,0,1.08,1.00,1.10,28.06,17,17,0,0.23,0.20,0.30,27.49,17,17,0
293790,0.34,0.30,0.40,28.32,18,18,0,-0.03,-0.10,0.00,27.89,18,18,0,-0.19,-1.10,0.80,27.45,18,0,0,0.50,0.50,0.50,27.64,18,18,0,0.12,0.10,0.20,28.19,18,18,0,1.08,1.00,1.10,28.07,18,18,0,0.21,0.20,0.30,27.48,18,18,0
294297,0.36,0.30,0.40,28.29,18,18,0,0.00,-0.10,0.10,27.88,18,18,0,-0.61,-1.80,0.20,27.45,18,0,0,0.52,0.50,0.60,27.65,18,18,0,0.11,0.10,0.20,28.20,18,18,0,1.08,1.00,1.10,28.05,18,18,0,0.23,0.20,0.30,27.49,18,18,0
294797,0.36,0.30,0.40,28.31,17,17,0,0.00,-0.10,0.10,27.88,17,17,0,-0.61,-1.80,0.50,27.45,17,0,0,0.54,0.50,0.60,27.63,17,17,0,0.11,0.10,0.20,28.19,17,17,0,1.08,1.00,1.10,28.05,17,17,0,0.23,0.20,0.30,27.50,17,17,0
295306,0.35,0.30,0.40,28.31,18,18,0,-0.01,-0.10,0.10,27.90,18,18,0,-0.21,-1.20,0.90,27.46,18,0,0,0.52,0.50,0.60,27.65,18,18,0,0.11,0.10,0.20,28.20,18,18,0,1.07,1.00,1.10,28.06,18,18,0,0.21,0.20,0.30,27.50,18,18,0
295806,0.35,0.30,0.40,28.31,17,17,0,-0.02,-0.10,0.10,27.89,17,17,0,-0.18,-1.30,0.80,27.44,17,0,0,0.53,0.50,0.60,27.63,17,17,0,0.15,0.10,0.20,28.19,17,17,0,1.08,1.00,1.10,28.06,17,17,0,0.22,0.20,0.30,27.49,17,17,0
296306,0.38,0.30,0.40,28.31,17,17,0,-0.01,-0.10,0.10,27.88,17,17,0,-0.08,-1.00,1.10,27.44,17,0,0,0.55,0.50,0.60,27.64,17,17,0,0.14,0.10,0.20,28.19,17,17,0,1.08,1.00,1.10,28.05,17,17,0,0.23,0.20,0.30,27.50,17,17,0
296816,0.36,0.30,0.40,28.32,18,18,0,0.01,-0.10,0.10,27.89,18,18,0,-0.23,-1.50,0.70,27.44,18,0,0,0.51,0.50,0.60,27.65,18,18,0,0.11,0.10,0.20,28.18,18,18,0,1.09,1.00,1.10,28.06,18,18,0,0.21,0.20,0.30,27.51,18,18,0
297316,0.34,0.30,0.40,28.31,17,17,0,-0.02,-0.10,0.10,27.88,17,17,0,-0.46,-1.40,0.40,27.45,17,0,0,0.52,0.50,0.60,27.65,17,17,0,0.11,0.10,0.20,28.19,17,17,0,1.07,1.00,1.10,28.07,17,17,0,0.23,0.20,0.30,27.48,17,17,0
297822,0.35,0.30,0.40,28.31,17,17,0,-0.02,-0.10,0.00,27.89,17,17,0,-0.62,-2.20,1.30,27.45,17,0,0,0.55,0.50,0.60,27.63,17,17,0,0.11,0.10,0.20,28.20,17,17,0,1.08,1.00,1.10,28.08,17,17,0,0.24,0.20,0.30,27.49,17,17,0
298324,0.36,0.30,0.40,28.32,17,17,0,-0.02,-0.10,0.00,27.90,17,17,0,-0.59,-1.70,0.40,27.44,17,0,0,0.52,0.50,0.60,27.64,17,17,0,0.10,0.10,0.10,28.20,17,17,0,1.08,1.00,1.10,28.08,17,17,0,0.22,0.20,0.30,27.49,17,17,0
298824,0.36,0.30,0.40,28.31,17,17,0,-0.01,-0.10,0.10,27.91,17,17,0,-0.47,-2.20,1.00,27.45,17,0,0,0.52,0.50,0.60,27.65,17,17,0,0.12,0.10,0.20,28.20,17,17,0,1.08,1.00,1.10,28.06,17,17,0,0.24,0.20,0.30,27.50,17,17,0
299324,0.36,0.30,0.40,28.30,18,18,0,-0.02,-0.10,0.10,27.91,18,18,0,-0.22,-1.30,0.90,27.46,18,0,0,0.52,0.50,0.60,27.63,18,18,0,0.12,0.10,0.20,28.20,18,18,0,1.09,1.00,1.10,28.07,18,18,0,0.23,0.20,0.30,27.51,18,18,0
299832,0.37,0.30,0.40,28.33,17,17,0,-0.02,-0.10,0.10,27.88,17,17,0,-0.04,-1.90,1.60,27.46,17,0,0,0.53,0.50,0.60,27.62,17,17,0,0.12,0.10,0.20,28.22,17,17,0,1.07,1.00,1.10,28.06,17,17,0,0.22,0.20,0.30,27.52,17,17,0
300332,0.35,0.30,0.40,28.30,17,17,0,-0.01,-0.10,0.10,27.89,17,17,0,-0.41,-1.20,0.60,27.44,17,0,0,0.52,0.50,0.60,27.63,17,17,0,0.13,0.10,0.20,28.20,17,17,0,1.08,1.00,1.10,28.07,17,17,0,0.24,0.20,0.30,27.50,17,17,0
300832,0.35,0.30,0.40,28.31,17,17,0,-0.02,-0.10,0.10,27.89,17,17,0,-0.68,-1.90,0.40,27.45,17,0,0,0.52,0.50,0.60,27.64,17,17,0,0.14,0.10,0.20,28.20,17,17,0,1.06,1.00,1.10,28.08,17,17,0,0.21,0.20,0.30,27.50,17,17,0
301332,0.34,0.30,0.40,28.30,17,17,0,-0.01,-0.10,0.00,27.88,17,17,0,-0.54,-2.00,0.40,27.45,17,0,0,0.51,0.50,0.60,27.66,17,17,0,0.12,0.10,0.20,28.20,17,17,0,1.09,1.00,1.10,28.07,17,17,0,0.23,0.20,0.30,27.48,17,17,0
301832,0.37,0.30,0.40,28.32,17,17,0,-0.01,-0.10,0.10,27.89,17,17,0,-0.64,-1.80,1.50,27.46,17,0,0,0.52,0.50,0.60,27.64,17,17,0,0.12,0.10,0.20,28.20,17,17,0,1.07,1.00,1.10,28.05,17,17,0,0.22,0.20,0.30,27.50,17,17,0
302332,0.35,0.30,0.40,28.29,17,17,0,-0.01,-0.10,0.10,27.89,17,17,0,-0.71,-3.30,1.40,27.47,17,0,0,0.52,0.50,0.60,27.65,17,17,0,0.14,0.10,0.20,28.21,17,17,0,1.06,1.00,1.10,28.08,17,17,0,0.22,0.20,0.30,27.49,17,17,0
302832,0.34,0.30,0.40,28.32,18,18,0,-0.01,-0.10,0.10,27.89,18,18,0,-0.47,-1.60,0.90,27.42,18,0,0,0.51,0.50,0.60,27.65,18,18,0,0.12,0.10,0.20,28.21,18,18,0,1.09,1.00,1.10,28.08,18,18,0,0.22,0.20,0.30,27.50,18,18,0
303342,0.35,0.30,0.40,28.32,17,17,0,0.01,-0.10,0.10,27.88,17,17,0,-0.41,-1.50,0.60,27.47,17,0,0,0.52,0.50,0.60,27.65,17,17,0,0.12,0.10,0.20,28.19,17,17,0,1.06,1.00,1.10,28.07,17,17,0,0.24,0.20,0.30,27.50,17,17,0
303848,0.37,0.30,0.40,28.33,17,17,0,0.00,-0.10,0.10,27.89,17,17,0,-0.35,-1.40,0.70,27.46,17,0,0,0.52,0.50,0.60,27.66,17,17,0,0.11,0.10,0.20,28.21,17,17,0,1.09,1.00,1.10,28.08,17,17,0,0.22,0.20,0.30,27.51,17,17,0
304358,0.36,0.30,0.40,28.31,18,18,0,-0.01,-0.10,0.00,27.89,18,18,0,-0.23,-1.40,0.70,27.47,18,0,0,0.51,0.50,0.60,27.65,18,18,0,0.12,0.10,0.20,28.22,18,18,0,1.08,1.00,1.10,28.07,18,18,0,0.23,0.20,0.30,27.49,18,18,0
304858,0.35,0.30,0.40,28.31,17,17,0,-0.01,-0.10,0.10,27.91,17,17,0,-0.14,-1.20,1.00,27.48,17,0,0,0.52,0.50,0.60,27.66,17,17,0,0.11,0.10,0.20,28.20,17,17,0,1.06,1.00,1.10,28.07,17,17,0,0.22,0.20,0.30,27.51,17,17,0
305368,0.36,0.30,0.40,28.32,18,18,0,0.00,-0.10,0.10,27.89,18,18,0,-0.09,-1.30,0.60,27.46,18,0,0,0.52,0.50,0.60,27.65,18,18,0,0.12,0.10,0.20,28.21,18,18,0,1.08,1.00,1.10,28.07,18,18,0,0.22,0.20,0.30,27.53,18,18,0
305868,0.36,0.30,0.40,28.32,17,17,0,0.02,-0.10,0.10,27.91,17,17,0,-0.01,-0.80,0.70,27.45,17,0,0,0.51,0.50,0.60,27.64,17,17,0,0.12,0.10,0.20,28.22,17,17,0,1.08,1.00,1.10,28.06,17,17,0,0.23,0.20,0.30,27.51,17,17,0
306368,0.35,0.30,0.40,28.32,18,18,0,-0.01,-0.10,0.10,27.90,18,18,0,-0.14,-1.00,1.00,27.47,18,0,0,0.51,0.50,0.60,27.64,18,18,0,0.12,0.10,0.20,28.21,18,18,0,1.08,1.00,1.10,28.07,18,18,0,0.22,0.20,0.30,27.51,18,18,0
306874,0.35,0.30,0.40,28.30,17,17,0,0.00,-0.10,0.10,27.89,17,17,0,-0.14,-0.80,0.60,27.45,17,0,0,0.54,0.50,0.60,27.64,17,17,0,0.12,0.10,0.20,28.20,17,17,0,1.07,1.00,1.10,28.07,17,17,0,0.22,0.20,0.30,27.52,17,17,0
307374,0.35,0.30,0.40,28.33,17,17,0,-0.02,-0.10,0.10,27.90,17,17,0,0.25,-0.30,0.90,27.47,17,0,0,0.51,0.50,0.60,27.67,17,17,0,0.12,0.10,0.20,28.22,17,17,0,1.08,1.00,1.10,28.08,17,17,0,0.22,0.20,0.30,27.50,17,17,0
307874,0.37,0.30,0.40,28.33,17,17,0,-0.02,-0.10,0.00,27.90,17,17,0,0.52,-0.10,1.50,27.47,17,0,0,0.51,0.50,0.60,27.65,17,17,0,0.12,0.10,0.20,28.21,17,17,0,1.10,1.10,1.10,28.07,17,17,0,0.23,0.20,0.30,27.53,17,17,0
308374,0.37,0.30,0.40,28.31,17,17,0,-0.01,-0.10,0.10,27.90,17,17,0,0.63,-0.10,2.00,27.48,17,0,0,0.52,0.50,0.60,27.64,17,17,0,0.12,0.10,0.20,28.21,17,17,0,1.09,1.00,1.10,28.06,17,17,0,0.22,0.20,0.30,27.52,17,17,0
308884,0.34,0.30,0.40,28.34,18,18,0,-0.03,-0.10,0.10,27.91,18,18,0,0.63,-0.10,1.40,27.47,18,0,0,0.53,0.50,0.60,27.65,18,18,0,0.14,0.10,0.20,28.21,18,18,0,1.09,1.00,1.10,28.09,18,18,0,0.23,0.20,0.30,27.51,18,18,0
309394,0.34,0.30,0.40,28.32,18,18,0,-0.03,-0.10,0.10,27.90,18,18,0,0.66,-0.40,1.60,27.47,18,0,0,0.51,0.50,0.60,27.65,18,18,0,0.11,0.10,0.20,28.19,18,18,0,1.08,1.00,1.10,28.07,18,18,0,0.21,0.20,0.30,27.51,18,18,0
309894,0.34,0.30,0.40,28.33,17,17,0,-0.02,-0.10,0.10,27.89,17,17,0,0.69,-0.10,1.60,27.48,17,0,0,0.54,0.50,0.60,27.65,17,17,0,0.11,0.10,0.20,28.21,17,17,0,1.06,1.00,1.10,28.07,17,17,0,0.23,0.20,0.30,27.51,17,17,0
310397,0.36,0.30,0.40,28.33,18,18,0,-0.01,-0.10,0.10,27.90,18,18,0,0.47,-0.40,1.30,27.46,18,0,0,0.51,0.50,0.60,27.64,18,18,0,0.13,0.10,0.20,28.20,18,18,0,1.07,1.00,1.10,28.07,18,18,0,0.22,0.20,0.30,27.52,18,18,0
310897,0.35,0.30,0.40,28.32,17,17,0,-0.02,-0.10,0.10,27.91,17,17,0,0.15,-0.70,1.00,27.47,17,0,0,0.51,0.50,0.60,27.66,17,17,0,0.13,0.10,0.20,28.22,17,17,0,1.08,1.00,1.10,28.09,17,17,0,0.22,0.20,0.30,27.54,17,17,0
311407,0.34,0.30,0.40,28.33,18,18,0,-0.02,-0.10,0.10,27.91,18,18,0,-0.00,-1.00,0.80,27.48,18,0,0,0.53,0.50,0.60,27.65,18,18,0,0.11,0.10,0.20,28.20,18,18,0,1.09,1.00,1.10,28.09,18,18,0,0.22,0.20,0.30,27.53,18,18,0
311907,0.33,0.30,0.40,28.33,17,17,0,0.01,-0.10,0.10,27.89,17,17,0,-0.15,-0.80,0.50,27.48,17,0,0,0.53,0.50,0.60,27.64,17,17,0,0.11,0.10,0.20,28.22,17,17,0,1.08,1.00,1.10,28.08,17,17,0,0.23,0.20,0.30,27.52,17,17,0
312407,0.36,0.30,0.40,28.33,17,17,0,-0.01,-0.10,0.10,27.92,17,17,0,-0.18,-2.20,1.70,27.46,17,0,0,0.52,0.50,0.60,27.65,17,17,0,0.12,0.10,0.20,28.21,17,17,0,1.07,1.00,1.10,28.08,17,17,0,0.24,0.20,0.30,27.52,17,17,0
312909,0.35,0.30,0.40,28.33,17,17,0,-0.02,-0.10,0.10,27.92,17,17,0,-0.49,-2.80,2.00,27.46,17,0,0,0.53,0.50,0.60,27.65,17,17,0,0.14,0.10,0.20,28.23,17,17,0,1.06,1.00,1.10,28.07,17,17,0,0.24,0.20,0.30,27.52,17,17,0
313409,0.34,0.30,0.40,28.34,17,17,0,0.01,-0.10,0.10,27.91,17,17,0,-0.63,-2.60,1.10,27.50,17,0,0,0.52,0.50,0.60,27.65,17,17,0,0.12,0.10,0.20,28.22,17,17,0,1.07,1.00,1.10,28.08,17,17,0,0.24,0.20,0.30,27.53,17,17,0
313910,0.35,0.30,0.40,28.33,17,17,0,0.00,-0.10,0.10,27.90,17,17,0,-0.55,-2.70,2.50,27.49,17,0,0,0.51,0.50,0.60,27.66,17,17,0,0.12,0.10,0.20,28.21,17,17,0,1.07,1.00,1.10,28.08,17,17,0,0.22,0.20,0.30,27.53,17,17,0
314410,0.35,0.30,0.40,28.33,17,17,0,-0.01,-0.10,0.10,27.91,17,17,0,-0.72,-1.50,0.10,27.46,17,0,0,0.51,0.50,0.60,27.66,17,17,0,0.12,0.10,0.20,28.23,17,17,0,1.08,1.00,1.10,28.08,17,17,0,0.24,0.20,0.30,27.52,17,17,0
314912,0.34,0.30,0.40,28.33,17,17,0,-0.02,-0.10,0.10,27.91,17,17,0,-0.69,-4.00,0.20,27.49,17,0,0,0.52,0.50,0.60,27.64,17,17,0,0.11,0.10,0.20,28.22,17,17,0,1.05,1.00,1.10,28.07,17,17,0,0.23,0.20,0.30,27.53,17,17,0
315420,0.38,0.30,0.40,28.34,18,18,0,0.01,-0.10,0.10,27.90,18,18,0,-0.48,-2.20,1.30,27.48,18,0,0,0.52,0.50,0.60,27.66,18,18,0,0.13,0.10,0.20,28.22,18,18,0,1.09,1.00,1.10,28.08,18,18,0,0.23,0.20,0.30,27.51,18,18,0
315920,0.34,0.30,0.40,28.33,16,16,0,-0.02,-0.10,0.10,27.90,16,16,0,-0.44,-1.20,1.00,27.50,16,0,0,0.51,0.50,0.60,27.66,16,16,0,0.14,0.10,0.20,28.21,16,16,0,1.08,1.00,1.10,28.09,16,16,0,0.24,0.20,0.30,27.53,16,16,0
316422,0.34,0.30,0.40,28.33,17,17,0,-0.02,-0.10,0.10,27.91,17,17,0,-0.62,-1.30,0.00,27.48,17,0,0,0.54,0.50,0.60,27.67,17,17,0,0.11,0.10,0.20,28.22,17,17,0,1.08,1.00,1.10,28.09,17,17,0,0.23,0.20,0.30,27.51,17,17,0
316922,0.35,0.30,0.40,28.33,17,17,0,-0.01,-0.10,0.10,27.90,17,17,0,-0.56,-1.00,0.00,27.49,17,0,0,0.52,0.50,0.60,27.64,17,17,0,0.12,0.10,0.20,28.23,17,17,0,1.09,1.00,1.10,28.08,17,17,0,0.24,0.20,0.30,27.52,17,17,0
317432,0.35,0.30,0.40,28.33,18,18,0,-0.02,-0.10,0.10,27.93,18,18,0,-0.62,-1.50,0.20,27.48,18,0,0,0.52,0.50,0.60,27.66,18,18,0,0.14,0.10,0.20,28.21,18,18,0,1.08,1.00,1.10,28.08,18,18,0,0.22,0.20,0.30,27.53,18,18,0
317944,0.33,0.30,0.40,28.33,18,18,0,-0.01,-0.10,0.10,27.93,18,18,0,-0.69,-1.70,0.00,27.49,18,0,0,0.52,0.50,0.60,27.68,18,18,0,0.12,0.10,0.20,28.21,18,18,0,1.07,1.00,1.10,28.09,18,18,0,0.23,0.20,0.30,27.53,18,18,0
318444,0.34,0.30,0.40,28.33,17,17,0,0.01,-0.10,0.10,27.92,17,17,0,-0.57,-1.80,0.80,27.48,17,0,0,0.51,0.50,0.60,27.67,17,17,0,0.12,0.10,0.20,28.24,17,17,0,1.09,1.00,1.10,28.08,17,17,0,0.21,0.20,0.30,27.54,17,17,0
318944,0.35,0.30,0.40,28.33,17,17,0,-0.04,-0.10,0.10,27.92,17,17,0,-0.50,-3.10,2.30,27.48,17,0,0,0.52,0.50,0.60,27.67,17,17,0,0.11,0.10,0.20,28.25,17,17,0,1.07,1.00,1.10,28.10,17,17,0,0.22,0.20,0.30,27.53,17,17,0
319444,0.35,0.30,0.40,28.34,17,17,0,-0.01,-0.10,0.10,27.91,17,17,0,-0.38,-2.20,1.00,27.48,17,0,0,0.52,0.50,0.60,27.68,17,17,0,0.12,0.10,0.20,28.23,17,17,0,1.08,1.00,1.10,28.10,17,17,0,0.22,0.20,0.30,27.54,17,17,0
319944,0.36,0.30,0.40,28.33,17,17,0,-0.04,-0.10,0.00,27.91,17,17,0,-0.12,-1.00,0.70,27.48,17,0,0,0.53,0.50,0.60,27.68,17,17,0,0.13,0.10,0.20,28.23,17,17,0,1.09,1.00,1.10,28.09,17,17,0,0.24,0.20,0.30,27.54,17,17,0
320444,0.34,0.30,0.40,28.34,17,17,0,-0.03,-0.10,0.00,27.91,17,17,0,-0.07,-1.10,0.80,27.47,17,0,0,0.52,0.50,0.60,27.67,17,17,0,0.13,0.10,0.20,28.22,17,17,0,1.09,1.00,1.10,28.10,17,17,0,0.26,0.20,0.30,27.54,17,17,0
320944,0.35,0.30,0.40,28.34,17,17,0,-0.02,-0.10,0.10,27.91,17,17,0,0.09,-0.50,0.90,27.49,17,0,0,0.52,0.50,0.60,27.67,17,17,0,0.12,0.10,0.20,28.22,17,17,0,1.06,1.00,1.10,28.09,17,17,0,0.24,0.20,0.30,27.54,17,17,0
321445,0.35,0.30,0.40,28.34,17,17,0,-0.02,-0.10,0.10,27.91,17,17,0,-0.03,-1.00,0.50,27.49,17,0,0,0.53,0.50,0.60,27.67,17,17,0,0.14,0.10,0.20,28.24,17,17,0,1.06,1.00,1.10,28.10,17,17,0,0.24,0.20,0.30,27.53,17,17,0
321945,0.34,0.30,0.40,28.34,17,17,0,-0.01,-0.10,0.10,27.90,17,17,0,-0.15,-0.90,0.60,27.51,17,0,0,0.51,0.50,0.60,27.65,17,17,0,0.12,0.10,0.20,28.24,17,17,0,1.08,1.00,1.10,28.11,17,17,0,0.22,0.20,0.30,27.54,17,17,0
322445,0.37,0.30,0.40,28.33,17,17,0,-0.01,-0.10,0.10,27.90,17,17,0,-0.17,-1.20,0.60,27.48,17,0,0,0.51,0.50,0.60,27.66,17,17,0,0.11,0.10,0.20,28.24,17,17,0,1.08,1.00,1.10,28.09,17,17,0,0.22,0.20,0.30,27.53,17,17,0
322958,0.35,0.30,0.40,28.35,18,18,0,-0.05,-0.10,0.00,27.91,18,18,0,-0.02,-0.90,0.60,27.47,18,0,0,0.51,0.50,0.60,27.67,18,18,0,0.13,0.10,0.20,28.24,18,18,0,1.08,1.00,1.10,28.09,18,18,0,0.22,0.20,0.30,27.53,18,18,0
323458,0.36,0.30,0.40,28.35,17,17,0,-0.01,-0.10,0.10,27.94,17,17,0,-0.05,-1.10,1.00,27.49,17,0,0,0.54,0.50,0.60,27.68,17,17,0,0.11,0.10,0.20,28.24,17,17,0,1.06,1.00,1.10,28.09,17,17,0,0.22,0.20,0.30,27.55,17,17,0
323958,0.35,0.30,0.40,28.33,17,17,0,-0.03,-0.10,0.00,27.91,17,17,0,0.12,-0.80,1.20,27.49,17,0,0,0.53,0.50,0.60,27.67,17,17,0,0.12,0.10,0.20,28.23,17,17,0,1.06,1.00,1.10,28.11,17,17,0,0.21,0.20,0.30,27.54,17,17,0
324471,0.37,0.30,0.40,28.35,18,18,0,-0.01,-0.10,0.10,27.92,18,18,0,0.25,-0.60,1.40,27.50,18,0,0,0.53,0.50,0.60,27.68,18,18,0,0.12,0.10,0.20,28.24,18,18,0,1.07,1.00,1.10,28.09,18,18,0,0.22,0.20,0.30,27.54,18,18,0
324981,0.36,0.30,0.40,28.35,18,18,0,0.02,-0.10,0.10,27.92,18,18,0,0.10,-1.10,0.90,27.49,18,0,0,0.51,0.50,0.60,27.66,18,18,0,0.12,0.10,0.20,28.23,18,18,0,1.08,1.00,1.10,28.10,18,18,0,0.21,0.20,0.30,27.55,18,18,0
325481,0.35,0.30,0.40,28.35,17,17,0,-0.02,-0.10,0.00,27.92,17,17,0,0.11,-0.70,0.60,27.50,17,0,0,0.51,0.50,0.60,27.67,17,17,0,0.13,0.10,0.20,28.24,17,17,0,1.09,1.00,1.10,28.10,17,17,0,0.24,0.20,0.30,27.53,17,17,0
325981,0.35,0.30,0.40,28.35,17,17,0,0.02,0.00,0.10,27.93,17,17,0,0.22,-0.50,0.90,27.50,17,0,0,0.52,0.50,0.60,27.68,17,17,0,0.11,0.10,0.20,28.23,17,17,0,1.06,1.00,1.10,28.10,17,17,0,0.24,0.20,0.30,27.55,17,17,0
326481,0.35,0.30,0.40,28.35,17,17,0,0.01,-0.10,0.10,27.93,17,17,0,0.26,-0.40,0.70,27.51,17,0,0,0.51,0.50,0.60,27.67,17,17,0,0.11,0.10,0.20,28.24,17,17,0,1.08,1.00,1.10,28.10,17,17,0,0.24,0.20,0.30,27.54,17,17,0
326991,0.34,0.30,0.40,28.34,18,18,0,-0.01,-0.10,0.00,27.92,18,18,0,0.34,-0.10,1.00,27.48,18,0,0,0.53,0.50,0.60,27.67,18,18,0,0.14,0.10,0.20,28.24,18,18,0,1.06,1.00,1.10,28.09,18,18,0,0.24,0.20,0.30,27.54,18,18,0
327502,0.35,0.30,0.40,28.35,18,18,0,0.00,-0.10,0.10,27.92,18,18,0,0.42,-0.20,1.40,27.51,18,0,0,0.52,0.50,0.60,27.67,18,18,0,0.12,0.10,0.20,28.23,18,18,0,1.08,1.00,1.10,28.09,18,18,0,0.24,0.20,0.30,27.52,18,18,0
328012,0.34,0.30,0.40,28.36,17,17,0,-0.01,-0.10,0.10,27.93,17,17,0,0.26,-1.00,1.40,27.51,17,0,0,0.50,0.50,0.50,27.68,17,17,0,0.12,0.10,0.20,28.25,17,17,0,1.07,1.00,1.10,28.08,17,17,0,0.24,0.20,0.30,27.54,17,17,0
328512,0.34,0.30,0.40,28.34,17,17,0,-0.02,-0.10,0.10,27.91,17,17,0,0.15,-0.20,0.50,27.50,17,0,0,0.52,0.50,0.60,27.67,17,17,0,0.11,0.10,0.20,28.24,17,17,0,1.09,1.00,1.10,28.10,17,17,0,0.22,0.20,0.30,27.54,17,17,0
329012,0.35,0.30,0.40,28.35,17,17,0,-0.02,-0.10,0.10,27.93,17,17,0,-0.01,-0.40,0.30,27.50,17,0,0,0.51,0.50,0.60,27.66,17,17,0,0.13,0.10,0.20,28.26,17,17,0,1.07,1.00,1.10,28.09,17,17,0,0.24,0.20,0.30,27.55,17,17,0
329522,0.36,0.30,0.40,28.35,18,18,0,-0.01,-0.10,0.10,27.93,18,18,0,-0.07,-0.50,0.60,27.52,18,0,0,0.53,0.50,0.60,27.69,18,18,0,0.11,0.10,0.20,28.24,18,18,0,1.06,1.00,1.10,28.10,18,18,0,0.22,0.20,0.30,27.55,18,18,0
330022,0.36,0.30,0.40,28.36,17,17,0,-0.02,-0.10,0.00,27.92,17,17,0,0.11,-1.00,1.10,27.50,17,0,0,0.52,0.50,0.60,27.67,17,17,0,0.13,0.10,0.20,28.23,17,17,0,1.08,1.00,1.10,28.10,17,17,0,0.22,0.20,0.30,27.54,17,17,0
330522,0.36,0.30,0.40,28.36,17,17,0,0.00,-0.10,0.10,27.92,17,17,0,0.36,-0.50,1.40,27.51,17,0,0,0.53,0.50,0.60,27.68,17,17,0,0.13,0.10,0.20,28.24,17,17,0,1.08,1.00,1.10,28.10,17,17,0,0.22,0.20,0.30,27.55,17,17,0
331022,0.37,0.30,0.40,28.35,17,17,0,-0.02,-0.10,0.10,27.91,17,17,0,0.28,-0.60,1.00,27.50,17,0,0,0.52,0.50,0.60,27.67,17,17,0,0.12,0.10,0.20,28.26,17,17,0,1.08,1.00,1.10,28.09,17,17,0,0.23,0.20,0.30,27.55,17,17,0
331522,0.35,0.30,0.40,28.35,17,17,0,0.00,-0.10,0.10,27.93,17,17,0,0.24,-0.60,1.00,27.52,17,0,0,0.52,0.50,0.60,27.69,17,17,0,0.11,0.10,0.20,28.25,17,17,0,1.08,1.00,1.10,28.12,17,17,0,0.22,0.20,0.30,27.56,17,17,0
332024,0.35,0.30,0.40,28.36,17,17,0,-0.02,-0.10,0.10,27.93,17,17,0,0.04,-0.60,0.50,27.51,17,0,0,0.51,0.50,0.60,27.68,17,17,0,0.14,0.10,0.20,28.27,17,17,0,1.08,1.00,1.10,28.10,17,17,0,0.24,0.20,0.30,27.56,17,17,0
332524,0.35,0.30,0.40,28.35,17,17,0,-0.01,-0.10,0.10,27.93,17,17,0,-0.04,-0.70,0.80,27.51,17,0,0,0.51,0.50,0.60,27.68,17,17,0,0.11,0.10,0.20,28.24,17,17,0,1.08,1.00,1.10,28.10,17,17,0,0.24,0.20,0.30,27.55,17,17,0
333024,0.35,0.30,0.40,28.36,17,17,0,0.01,-0.10,0.10,27.94,17,17,0,-0.18,-1.10,1.00,27.50,17,0,0,0.54,0.50,0.60,27.70,17,17,0,0.11,0.10,0.20,28.24,17,17,0,1.07,1.00,1.10,28.10,17,17,0,0.28,0.20,0.30,27.55,17,17,0
333528,0.36,0.30,0.40,28.37,17,17,0,-0.02,-0.10,0.10,27.93,17,17,0,-0.01,-1.20,1.10,27.50,17,0,0,0.51,0.50,0.60,27.70,17,17,0,0.11,0.10,0.20,28.24,17,17,0,1.08,1.00,1.10,28.11,17,17,0,0.22,0.20,0.30,27.55,17,17,0
334041,0.36,0.30,0.40,28.37,17,17,0,-0.01,-0.10,0.00,27.93,17,17,0,0.00,-1.60,1.60,27.52,17,0,0,0.51,0.50,0.60,27.68,17,17,0,0.14,0.10,0.20,28.24,17,17,0,1.08,1.00,1.10,28.11,17,17,0,0.24,0.20,0.30,27.57,17,17,0
334541,0.35,0.30,0.40,28.36,18,18,0,-0.01,-0.10,0.10,27.92,18,18,0,-0.24,-1.10,0.80,27.51,18,0,0,0.51,0.50,0.60,27.69,18,18,0,0.12,0.10,0.20,28.25,18,18,0,1.08,1.00,1.10,28.10,18,18,0,0.24,0.20,0.30,27.55,18,18,0
335041,0.36,0.30,0.40,28.37,16,16,0,-0.03,-0.10,0.10,27.93,16,16,0,-0.21,-1.10,0.70,27.51,16,0,0,0.52,0.50,0.60,27.69,16,16,0,0.12,0.10,0.20,28.25,16,16,0,1.08,1.00,1.10,28.10,16,16,0,0.24,0.20,0.30,27.57,16,16,0
335544,0.34,0.30,0.40,28.37,18,18,0,0.01,-0.10,0.10,27.93,18,18,0,-1.09,-1.90,0.00,27.50,18,0,0,0.52,0.50,0.60,27.68,18,18,0,0.12,0.10,0.20,28.24,18,18,0,1.08,1.00,1.10,28.11,18,18,0,0.24,0.20,0.30,27.54,18,18,0
336046,0.35,0.30,0.40,28.35,17,17,0,-0.01,-0.10,0.10,27.93,17,17,0,-0.44,-1.60,0.80,27.52,17,0,0,0.54,0.50,0.60,27.68,17,17,0,0.14,0.10,0.20,28.27,17,17,0,1.08,1.00,1.10,28.11,17,17,0,0.24,0.20,0.30,27.56,17,17,0
336546,0.35,0.30,0.40,28.37,17,17,0,0.01,-0.10,0.10,27.94,17,17,0,-0.22,-2.10,1.60,27.52,17,0,0,0.52,0.50,0.60,27.68,17,17,0,0.13,0.10,0.20,28.25,17,17,0,1.06,1.00,1.10,28.11,17,17,0,0.22,0.20,0.30,27.56,17,17,0
337046,0.36,0.30,0.40,28.37,17,17,0,0.00,-0.10,0.10,27.95,17,17,0,-0.10,-0.70,0.50,27.51,17,0,0,0.51,0.50,0.60,27.69,17,17,0,0.11,0.10,0.20,28.25,17,17,0,1.07,1.00,1.10,28.10,17,17,0,0.24,0.20,0.30,27.56,17,17,0
337546,0.36,0.30,0.40,28.36,17,17,0,0.01,-0.10,0.10,27.94,17,17,0,-0.06,-1.30,1.20,27.51,17,0,0,0.51,0.50,0.60,27.68,17,17,0,0.12,0.10,0.20,28.25,17,17,0,1.08,1.00,1.10,28.11,17,17,0,0.21,0.20,0.30,27.57,17,17,0
338054,0.36,0.30,0.40,28.37,18,18,0,-0.01,-0.10,0.10,27.95,18,18,0,0.33,-0.90,1.70,27.53,18,0,0,0.52,0.50,0.60,27.69,18,18,0,0.12,0.10,0.20,28.24,18,18,0,1.08,1.00,1.10,28.10,18,18,0,0.24,0.20,0.30,27.55,18,18,0
338554,0.35,0.30,0.40,28.35,17,17,0,-0.02,-0.10,0.00,27.94,17,17,0,2.75,-13.40,18.90,27.51,17,0,0,0.52,0.50,0.60,27.68,17,17,0,0.12,0.10,0.20,28.25,17,17,0,1.08,1.00,1.10,28.10,17,17,0,0.25,0.20,0.30,27.57,17,17,0
339054,0.35,0.30,0.40,28.36,17,17,0,-0.02,-0.10,0.10,27.94,17,17,0,32.67,15.50,68.40,27.50,17,0,0,0.51,0.50,0.60,27.69,17,17,0,0.13,0.10,0.20,28.26,17,17,0,1.08,1.00,1.10,28.12,17,17,0,0.24,0.20,0.30,27.57,17,17,0
339554,0.36,0.30,0.40,28.36,17,17,0,-0.01,-0.10,0.10,27.94,17,17,0,84.18,74.50,95.50,27.40,17,0,0,0.52,0.50,0.60,27.69,17,17,0,0.10,0.10,0.10,28.24,17,17,0,1.08,1.00,1.10,28.12,17,17,0,0.24,0.20,0.30,27.57,17,17,0
340059,0.37,0.30,0.40,28.37,17,17,0,-0.01,-0.10,0.10,27.93,17,17,0,119.98,90.40,137.20,27.07,17,0,0,0.52,0.50,0.60,27.70,17,17,0,0.14,0.10,0.20,28.25,17,17,0,1.08,1.00,1.10,28.12,17,17,0,0.27,0.20,0.30,27.57,17,17,0
340559,0.36,0.30,0.40,28.35,17,17,0,-0.02,-0.10,0.10,27.96,17,17,0,112.59,103.30,123.30,26.78,17,0,0,0.51,0.50,0.60,27.68,17,17,0,0.11,0.10,0.20,28.26,17,17,0,1.06,1.00,1.10,28.13,17,17,0,0.24,0.20,0.30,27.58,17,17,0
341060,0.35,0.30,0.40,28.36,17,17,0,-0.00,-0.10,0.10,27.96,17,17,0,119.20,110.00,130.00,26.55,17,0,0,0.52,0.50,0.60,27.70,17,17,0,0.14,0.10,0.20,28.26,17,17,0,1.09,1.00,1.10,28.12,17,17,0,0.24,0.20,0.30,27.55,17,17,0
341560,0.36,0.30,0.40,28.37,17,17,0,-0.03,-0.10,0.10,27.94,17,17,0,145.62,84.60,244.60,26.37,17,0,0,0.52,0.50,0.60,27.68,17,17,0,0.11,0.10,0.20,28.27,17,17,0,1.09,1.00,1.10,28.11,17,17,0,0.25,0.20,0.30,27.56,17,17,0
342060,0.34,0.30,0.40,28.39,16,16,0,0.00,-0.10,0.10,27.95,16,16,0,111.66,58.60,144.50,26.25,16,0,0,0.51,0.50,0.60,27.69,16,16,0,0.13,0.10,0.20,28.26,16,16,0,1.08,1.00,1.10,28.12,16,16,0,0.23,0.20,0.30,27.56,16,16,0
342569,0.35,0.30,0.40,28.39,17,17,0,-0.01,-0.10,0.10,27.94,17,17,0,163.16,151.30,172.80,26.12,17,0,0,0.54,0.50,0.60,27.70,17,17,0,0.10,0.10,0.10,28.27,17,17,0,1.07,1.00,1.10,28.11,17,17,0,0.25,0.20,0.30,27.57,17,17,0
343069,0.36,0.30,0.40,28.37,17,17,0,-0.01,-0.10,0.00,27.94,17,17,0,176.99,170.50,182.60,25.95,17,0,0,0.50,0.50,0.50,27.68,17,17,0,0.13,0.10,0.20,28.26,17,17,0,1.09,1.00,1.10,28.12,17,17,0,0.22,0.20,0.30,27.56,17,17,0
343569,0.34,0.30,0.40,28.36,17,17,0,0.00,0.00,0.00,27.94,17,17,0,190.51,179.20,205.40,25.79,17,0,0,0.52,0.50,0.60,27.69,17,17,0,0.10,0.10,0.10,28.26,17,17,0,1.10,1.10,1.10,28.09,17,17,0,0.26,0.20,0.30,27.57,17,17,0
344069,0.36,0.30,0.40,28.37,16,16,0,-0.03,-0.10,0.00,27.96,16,16,0,225.43,182.60,293.40,25.66,16,0,0,0.52,0.50,0.60,27.70,16,16,0,0.12,0.10,0.20,28.27,16,16,0,1.09,1.00,1.10,28.11,16,16,0,0.25,0.20,0.30,27.57,16,16,0
344569,0.35,0.30,0.40,28.40,17,17,0,0.00,-0.10,0.10,27.95,17,17,0,235.15,140.60,276.70,25.55,17,0,0,0.50,0.50,0.50,27.71,17,17,0,0.13,0.10,0.20,28.26,17,17,0,1.08,1.00,1.10,28.09,17,17,0,0.23,0.20,0.30,27.55,17,17,0
345081,0.34,0.30,0.40,28.36,17,17,0,-0.04,-0.10,0.10,27.95,17,17,0,283.56,276.50,298.30,25.42,17,0,0,0.51,0.50,0.60,27.68,17,17,0,0.11,0.10,0.20,28.26,17,17,0,1.08,1.00,1.10,28.13,17,17,0,0.23,0.20,0.30,27.57,17,17,0
345586,0.35,0.30,0.40,28.38,17,17,0,0.00,-0.10,0.10,27.95,17,17,0,300.32,281.20,366.50,25.28,17,0,0,0.52,0.50,0.60,27.69,17,17,0,0.12,0.10,0.20,28.27,17,17,0,1.08,1.00,1.10,28.11,17,17,0,0.24,0.20,0.30,27.56,17,17,0
346099,0.33,0.30,0.40,28.39,17,17,0,-0.01,-0.10,0.10,27.95,17,17,0,263.35,182.60,310.70,25.21,17,0,0,0.50,0.50,0.50,27.68,17,17,0,0.12,0.10,0.20,28.27,17,17,0,1.07,1.00,1.10,28.10,17,17,0,0.24,0.20,0.30,27.58,17,17,0
346604,0.34,0.30,0.40,28.38,17,17,0,-0.04,-0.10,0.10,27.93,17,17,0,295.92,285.70,306.50,25.13,17,0,0,0.51,0.50,0.60,27.70,17,17,0,0.12,0.10,0.20,28.25,17,17,0,1.08,1.00,1.10,28.12,17,17,0,0.25,0.20,0.30,27.58,17,17,0
347105,0.34,0.30,0.40,28.37,17,17,0,0.00,-0.10,0.10,27.96,17,17,0,269.34,167.30,342.90,25.07,17,0,0,0.54,0.50,0.60,27.70,17,17,0,0.12,0.10,0.20,28.28,17,17,0,1.08,1.00,1.10,28.13,17,17,0,0.24,0.20,0.30,27.58,17,17,0
347609,0.34,0.30,0.40,28.38,17,17,0,-0.01,-0.10,0.10,27.94,17,17,0,274.22,205.20,299.10,25.11,17,0,0,0.51,0.50,0.60,27.69,17,17,0,0.12,0.10,0.20,28.26,17,17,0,1.08,1.00,1.10,28.12,17,17,0,0.22,0.20,0.30,27.58,17,17,0
348115,0.34,0.30,0.40,28.39,17,17,0,-0.03,-0.10,0.10,27.95,17,17,0,277.36,268.70,289.70,25.05,17,0,0,0.52,0.50,0.60,27.70,17,17,0,0.12,0.10,0.20,28.26,17,17,0,1.09,1.00,1.10,28.12,17,17,0,0.24,0.20,0.30,27.58,17,17,0
348615,0.34,0.30,0.40,28.38,17,17,0,-0.01,-0.10,0.10,27.97,17,17,0,246.38,157.30,340.50,25.02,17,0,0,0.51,0.50,0.60,27.70,17,17,0,0.12,0.10,0.20,28.27,17,17,0,1.08,1.00,1.10,28.11,17,17,0,0.25,0.20,0.30,27.58,17,17,0
349116,0.35,0.30,0.40,28.38,17,17,0,-0.02,-0.10,0.00,27.95,17,17,0,268.20,222.10,282.30,25.04,17,0,0,0.51,0.50,0.60,27.72,17,17,0,0.12,0.10,0.20,28.27,17,17,0,1.08,1.00,1.10,28.13,17,17,0,0.25,0.20,0.30,27.57,17,17,0
349617,0.35,0.30,0.40,28.39,17,17,0,0.00,-0.10,0.10,27.95,17,17,0,269.09,260.40,277.10,25.02,17,0,0,0.51,0.50,0.60,27.70,17,17,0,0.12,0.10,0.20,28.27,17,17,0,1.08,1.00,1.10,28.14,17,17,0,0.25,0.20,0.30,27.57,17,17,0
350117,0.37,0.30,0.40,28.38,17,17,0,-0.01,-0.10,0.00,27.98,17,17,0,233.99,151.40,322.20,24.99,17,0,0,0.51,0.50,0.60,27.70,17,17,0,0.11,0.10,0.20,28.27,17,17,0,1.09,1.00,1.10,28.11,17,17,0,0.24,0.20,0.30,27.60,17,17,0
350617,0.34,0.30,0.40,28.38,16,16,0,-0.03,-0.10,0.00,27.95,16,16,0,268.07,236.00,280.90,25.00,16,0,0,0.51,0.50,0.60,27.69,16,16,0,0.13,0.10,0.20,28.27,16,16,0,1.09,1.00,1.10,28.12,16,16,0,0.23,0.20,0.30,27.59,16,16,0
351117,0.35,0.30,0.40,28.40,17,17,0,-0.02,-0.10,0.10,27.97,17,17,0,263.90,254.00,273.10,24.97,17,0,0,0.51,0.50,0.60,27.70,17,17,0,0.13,0.10,0.20,28.26,17,17,0,1.09,1.00,1.10,28.13,17,17,0,0.26,0.20,0.30,27.59,17,17,0
351618,0.34,0.30,0.40,28.39,17,17,0,-0.01,-0.10,0.10,27.94,17,17,0,236.46,145.40,305.40,24.96,17,0,0,0.51,0.50,0.60,27.69,17,17,0,0.11,0.10,0.20,28.28,17,17,0,1.09,1.00,1.10,28.12,17,17,0,0.25,0.20,0.30,27.58,17,17,0
352118,0.35,0.30,0.40,28.39,17,17,0,-0.02,-0.10,0.00,27.94,17,17,0,252.03,193.60,275.80,24.97,17,0,0,0.51,0.50,0.60,27.71,17,17,0,0.13,0.10,0.20,28.28,17,17,0,1.09,1.00,1.10,28.11,17,17,0,0.23,0.20,0.30,27.60,17,17,0
352618,0.33,0.30,0.40,28.39,17,17,0,-0.02,-0.10,0.10,27.95,17,17,0,253.37,246.60,259.40,24.95,17,0,0,0.53,0.50,0.60,27.70,17,17,0,0.12,0.10,0.20,28.28,17,17,0,1.09,1.00,1.10,28.14,17,17,0,0.24,0.20,0.30,27.59,17,17,0
353118,0.32,0.30,0.40,28.38,17,17,0,0.01,-0.10,0.10,27.96,17,17,0,255.76,243.90,308.40,24.92,17,0,0,0.51,0.50,0.60,27.70,17,17,0,0.12,0.10,0.20,28.27,17,17,0,1.08,1.00,1.10,28.12,17,17,0,0.25,0.20,0.30,27.58,17,17,0
353618,0.34,0.30,0.40,28.39,17,17,0,0.00,-0.10,0.10,27.94,17,17,0,212.23,135.90,260.50,24.96,17,0,0,0.51,0.50,0.60,27.70,17,17,0,0.14,0.10,0.20,28.28,17,17,0,1.10,1.10,1.10,28.12,17,17,0,0.25,0.20,0.30,27.57,17,17,0
354129,0.32,0.30,0.40,28.41,17,17,0,-0.02,-0.10,0.10,27.97,17,17,0,251.71,246.20,260.20,24.94,17,0,0,0.51,0.50,0.60,27.70,17,17,0,0.12,0.10,0.20,28.28,17,17,0,1.08,1.00,1.10,28.12,17,17,0,0.26,0.20,0.30,27.59,17,17,0
354633,0.33,0.30,0.40,28.39,17,17,0,-0.01,-0.10,0.00,27.96,17,17,0,247.91,242.90,254.20,24.91,17,0,0,0.52,0.50,0.60,27.70,17,17,0,0.12,0.10,0.20,28.28,17,17,0,1.08,1.00,1.10,28.13,17,17,0,0.22,0.20,0.30,27.59,17,17,0
355136,0.33,0.30,0.40,28.41,17,17,0,-0.01,-0.10,0.10,27.96,17,17,0,207.72,134.60,297.60,24.91,17,0,0,0.50,0.50,0.50,27.70,17,17,0,0.11,0.00,0.20,28.28,17,17,0,1.08,1.00,1.10,28.13,17,17,0,0.25,0.20,0.30,27.58,17,17,0
355636,0.33,0.30,0.40,28.39,17,17,0,-0.01,-0.10,0.10,27.95,17,17,0,260.25,252.90,269.70,24.91,17,0,0,0.51,0.50,0.60,27.71,17,17,0,0.12,0.10,0.20,28.28,17,17,0,1.08,1.00,1.10,28.13,17,17,0,0.23,0.20,0.30,27.58,17,17,0
356136,0.34,0.30,0.40,28.40,17,17,0,-0.02,-0.10,0.00,27.96,17,17,0,257.48,251.60,266.70,24.87,17,0,0,0.53,0.50,0.60,27.71,17,17,0,0.14,0.10,0.20,28.28,17,17,0,1.06,1.00,1.10,28.13,17,17,0,0.23,0.20,0.30,27.59,17,17,0
356636,0.35,0.30,0.40,28.39,17,17,0,-0.01,-0.10,0.10,27.95,17,17,0,225.16,148.00,314.30,24.86,17,0,0,0.52,0.50,0.60,27.70,17,17,0,0.12,0.10,0.20,28.29,17,17,0,1.07,1.00,1.10,28.13,17,17,0,0.24,0.20,0.30,27.60,17,17,0
357136,0.36,0.30,0.40,28.40,17,17,0,-0.03,-0.10,0.10,27.97,17,17,0,266.51,231.90,280.60,24.87,17,0,0,0.53,0.50,0.60,27.71,17,17,0,0.11,0.10,0.20,28.28,17,17,0,1.06,1.00,1.10,28.14,17,17,0,0.23,0.20,0.30,27.60,17,17,0
357636,0.35,0.30,0.40,28.39,17,17,0,0.02,-0.10,0.10,27.95,17,17,0,263.18,252.80,275.40,24.84,17,0,0,0.52,0.50,0.60,27.70,17,17,0,0.14,0.10,0.20,28.26,17,17,0,1.07,1.00,1.10,28.13,17,17,0,0.24,0.20,0.30,27.58,17,17,0
358136,0.35,0.30,0.40,28.40,17,17,0,0.00,-0.10,0.10,27.96,17,17,0,239.86,139.60,318.60,24.83,17,0,0,0.52,0.50,0.60,27.71,17,17,0,0.12,0.10,0.20,28.30,17,17,0,1.09,1.00,1.10,28.13,17,17,0,0.24,0.20,0.30,27.59,17,17,0
358636,0.34,0.30,0.40,28.41,17,17,0,-0.02,-0.10,0.00,27.96,17,17,0,251.52,180.30,267.20,24.84,17,0,0,0.52,0.50,0.60,27.70,17,17,0,0.11,0.10,0.20,28.29,17,17,0,1.09,1.00,1.10,28.13,17,17,0,0.25,0.20,0.30,27.59,17,17,0
359146,0.35,0.30,0.40,28.39,17,17,0,-0.01,-0.10,0.10,27.98,17,17,0,255.28,246.50,262.30,24.82,17,0,0,0.50,0.50,0.50,27.69,17,17,0,0.11,0.10,0.20,28.28,17,17,0,1.07,1.00,1.10,28.13,17,17,0,0.25,0.20,0.30,27.58,17,17,0
359646,0.34,0.30,0.40,28.41,17,17,0,-0.01,-0.10,0.10,27.97,17,17,0,254.61,241.20,302.90,24.80,17,0,0,0.51,0.50,0.60,27.72,17,17,0,0.14,0.10,0.20,28.29,17,17,0,1.06,1.00,1.10,28.15,17,17,0,0.24,0.20,0.30,27.58,17,17,0
360146,0.36,0.30,0.40,28.39,17,17,0,-0.02,-0.10,0.10,27.97,17,17,0,212.08,137.10,258.10,24.82,17,0,0,0.52,0.50,0.60,27.70,17,17,0,0.11,0.10,0.20,28.28,17,17,0,1.09,1.00,1.10,28.14,17,17,0,0.24,0.20,0.30,27.59,17,17,0
360646,0.36,0.30,0.40,28.39,17,17,0,-0.04,-0.10,0.00,27.96,17,17,0,249.06,241.00,255.70,24.82,17,0,0,0.52,0.50,0.60,27.71,17,17,0,0.12,0.10,0.20,28.27,17,17,0,1.07,1.00,1.10,28.14,17,17,0,0.25,0.20,0.30,27.60,17,17,0
361147,0.36,0.30,0.40,28.41,17,17,0,0.01,-0.10,0.10,27.95,17,17,0,243.68,235.60,250.70,24.82,17,0,0,0.51,0.50,0.60,27.70,17,17,0,0.13,0.10,0.20,28.29,17,17,0,1.06,1.00,1.10,28.13,17,17,0,0.26,0.20,0.30,27.58,17,17,0
361647,0.34,0.30,0.40,28.39,17,17,0,-0.03,-0.10,0.10,27.96,17,17,0,199.01,131.20,282.70,24.82,17,0,0,0.52,0.50,0.60,27.72,17,17,0,0.12,0.10,0.20,28.28,17,17,0,1.09,1.00,1.10,28.15,17,17,0,0.24,0.20,0.30,27.60,17,17,0
362147,0.34,0.30,0.40,28.40,16,16,0,-0.02,-0.10,0.00,27.97,16,16,0,253.17,248.60,259.20,24.82,16,0,0,0.51,0.50,0.60,27.71,16,16,0,0.12,0.10,0.20,28.29,16,16,0,1.09,1.00,1.10,28.15,16,16,0,0.24,0.20,0.30,27.58,16,16,0
362647,0.36,0.30,0.40,28.40,17,17,0,-0.03,-0.10,0.10,27.97,17,17,0,250.09,243.40,261.50,24.78,17,0,0,0.51,0.50,0.60,27.71,17,17,0,0.13,0.10,0.20,28.30,17,17,0,1.08,1.00,1.10,28.14,17,17,0,0.24,0.20,0.30,27.60,17,17,0
363147,0.35,0.30,0.40,28.41,17,17,0,-0.01,-0.10,0.10,27.94,17,17,0,212.02,134.60,298.00,24.77,17,0,0,0.52,0.50,0.60,27.71,17,17,0,0.14,0.10,0.20,28.28,17,17,0,1.07,1.00,1.10,28.13,17,17,0,0.25,0.20,0.30,27.60,17,17,0
363647,0.35,0.30,0.40,28.41,17,17,0,-0.01,-0.10,0.10,27.97,17,17,0,258.74,237.30,270.00,24.78,17,0,0,0.53,0.50,0.60,27.70,17,17,0,0.12,0.10,0.20,28.30,17,17,0,1.08,1.00,1.10,28.13,17,17,0,0.22,0.20,0.30,27.58,17,17,0
364147,0.34,0.30,0.40,28.40,17,17,0,-0.01,-0.10,0.10,27.97,17,17,0,257.04,250.10,268.90,24.78,17,0,0,0.51,0.50,0.60,27.71,17,17,0,0.14,0.10,0.20,28.29,17,17,0,1.07,1.00,1.10,28.15,17,17,0,0.24,0.20,0.30,27.59,17,17,0
364647,0.34,0.30,0.40,28.38,17,17,0,0.00,-0.10,0.10,27.95,17,17,0,225.41,145.20,297.00,24.75,17,0,0,0.51,0.50,0.60,27.71,17,17,0,0.14,0.10,0.20,28.29,17,17,0,1.08,1.00,1.10,28.13,17,17,0,0.24,0.20,0.30,27.60,17,17,0
365147,0.34,0.30,0.40,28.40,17,17,0,-0.01,-0.10,0.10,27.96,17,17,0,256.95,216.50,269.50,24.77,17,0,0,0.51,0.50,0.60,27.71,17,17,0,0.11,0.10,0.20,28.30,17,17,0,1.08,1.00,1.10,28.14,17,17,0,0.25,0.20,0.30,27.60,17,17,0
365647,0.34,0.30,0.40,28.41,17,17,0,-0.02,-0.10,0.10,27.96,17,17,0,257.84,250.30,264.70,24.73,17,0,0,0.50,0.50,0.50,27.71,17,17,0,0.12,0.10,0.20,28.28,17,17,0,1.08,1.00,1.10,28.14,17,17,0,0.24,0.20,0.30,27.59,17,17,0
366147,0.35,0.30,0.40,28.40,17,17,0,-0.05,-0.10,0.00,27.95,17,17,0,231.81,144.00,302.90,24.72,17,0,0,0.52,0.50,0.60,27.71,17,17,0,0.12,0.10,0.20,28.30,17,17,0,1.06,1.00,1.10,28.15,17,17,0,0.26,0.20,0.30,27.61,17,17,0
366651,0.35,0.30,0.40,28.40,17,17,0,-0.02,-0.10,0.00,27.97,17,17,0,241.84,175.90,259.50,24.77,17,0,0,0.50,0.50,0.50,27.73,17,17,0,0.14,0.10,0.20,28.28,17,17,0,1.06,1.00,1.10,28.14,17,17,0,0.24,0.20,0.30,27.59,17,17,0
367152,0.35,0.30,0.40,28.41,17,17,0,0.01,-0.10,0.10,27.97,17,17,0,247.00,240.50,256.60,24.73,17,0,0,0.51,0.50,0.60,27.71,17,17,0,0.11,0.10,0.20,28.31,17,17,0,1.07,1.00,1.10,28.15,17,17,0,0.24,0.20,0.30,27.60,17,17,0
367652,0.35,0.30,0.40,28.41,17,17,0,-0.03,-0.10,0.10,27.96,17,17,0,247.92,235.80,287.70,24.73,17,0,0,0.50,0.50,0.50,27.72,17,17,0,0.12,0.10,0.20,28.30,17,17,0,1.08,1.00,1.10,28.13,17,17,0,0.21,0.20,0.30,27.59,17,17,0
368160,0.34,0.30,0.40,28.40,17,17,0,-0.02,-0.10,0.00,27.97,17,17,0,208.65,134.00,251.80,24.75,17,0,0,0.52,0.50,0.60,27.72,17,17,0,0.12,0.10,0.20,28.28,17,17,0,1.08,1.00,1.10,28.15,17,17,0,0.24,0.20,0.30,27.60,17,17,0
368660,0.33,0.30,0.40,28.40,17,17,0,-0.02,-0.10,0.10,27.98,17,17,0,245.78,235.10,253.90,24.74,17,0,0,0.51,0.50,0.60,27.71,17,17,0,0.12,0.10,0.20,28.30,17,17,0,1.09,1.00,1.10,28.15,17,17,0,0.22,0.20,0.30,27.59,17,17,0
369160,0.35,0.30,0.40,28.41,17,17,0,-0.02,-0.10,0.00,27.96,17,17,0,242.68,234.60,258.50,24.70,17,0,0,0.51,0.50,0.60,27.72,17,17,0,0.12,0.10,0.20,28.29,17,17,0,1.09,1.00,1.10,28.14,17,17,0,0.22,0.20,0.30,27.61,17,17,0
369660,0.37,0.30,0.40,28.42,17,17,0,0.01,-0.10,0.10,27.96,17,17,0,197.84,129.60,264.60,24.73,17,0,0,0.51,0.50,0.60,27.72,17,17,0,0.14,0.10,0.20,28.30,17,17,0,1.08,1.00,1.10,28.15,17,17,0,0.24,0.20,0.30,27.62,17,17,0
370164,0.34,0.30,0.40,28.40,17,17,0,-0.03,-0.10,0.00,27.98,17,17,0,252.35,244.60,261.00,24.73,17,0,0,0.51,0.50,0.60,27.72,17,17,0,0.13,0.10,0.20,28.29,17,17,0,1.08,1.00,1.10,28.16,17,17,0,0.22,0.20,0.30,27.62,17,17,0
370671,0.36,0.30,0.40,28.41,17,17,0,0.00,0.00,0.00,27.99,17,17,0,251.96,245.10,261.80,24.69,17,0,0,0.50,0.50,0.50,27.72,17,17,0,0.12,0.10,0.20,28.29,17,17,0,1.08,1.00,1.10,28.14,17,17,0,0.23,0.20,0.30,27.61,17,17,0
371175,0.35,0.30,0.40,28.40,17,17,0,-0.01,-0.10,0.10,27.97,17,17,0,209.77,140.70,303.20,24.70,17,0,0,0.51,0.50,0.60,27.70,17,17,0,0.12,0.10,0.20,28.29,17,17,0,1.08,1.00,1.10,28.15,17,17,0,0.25,0.20,0.30,27.61,17,17,0
371684,0.34,0.30,0.40,28.41,17,17,0,-0.02,-0.10,0.10,27.98,17,17,0,258.39,252.30,269.20,24.70,17,0,0,0.51,0.50,0.60,27.71,17,17,0,0.15,0.10,0.20,28.31,17,17,0,1.08,1.00,1.10,28.16,17,17,0,0.24,0.20,0.30,27.63,17,17,0
372184,0.35,0.30,0.40,28.39,17,17,0,-0.02,-0.10,0.00,27.99,17,17,0,253.42,247.90,260.60,24.67,17,0,0,0.51,0.50,0.60,27.73,17,17,0,0.12,0.10,0.20,28.30,17,17,0,1.08,1.00,1.10,28.16,17,17,0,0.23,0.20,0.30,27.62,17,17,0
372684,0.37,0.30,0.40,28.42,17,17,0,-0.05,-0.10,0.00,27.97,17,17,0,212.16,135.70,309.80,24.67,17,0,0,0.50,0.50,0.50,27.70,17,17,0,0.12,0.10,0.20,28.29,17,17,0,1.09,1.00,1.10,28.14,17,17,0,0.22,0.20,0.30,27.61,17,17,0
373195,0.38,0.30,0.40,28.41,17,17,0,-0.02,-0.10,0.10,27.98,17,17,0,253.98,237.30,260.60,24.69,17,0,0,0.50,0.50,0.50,27.73,17,17,0,0.14,0.10,0.20,28.30,17,17,0,1.07,1.00,1.10,28.14,17,17,0,0.26,0.20,0.30,27.59,17,17,0
373695,0.32,0.30,0.40,28.42,17,17,0,-0.02,-0.10,0.00,27.98,17,17,0,244.81,236.90,253.50,24.68,17,0,0,0.51,0.50,0.60,27.72,17,17,0,0.13,0.10,0.20,28.30,17,17,0,1.08,1.00,1.10,28.15,17,17,0,0.22,0.20,0.30,27.61,17,17,0
374207,0.36,0.30,0.40,28.40,17,17,0,-0.03,-0.10,0.00,27.99,17,17,0,213.18,125.70,294.60,24.65,17,0,0,0.51,0.50,0.60,27.71,17,17,0,0.12,0.10,0.20,28.31,17,17,0,1.08,1.00,1.10,28.15,17,17,0,0.25,0.20,0.30,27.62,17,17,0
374707,0.34,0.30,0.40,28.41,17,17,0,0.01,-0.10,0.10,27.98,17,17,0,236.62,181.90,253.40,24.70,17,0,0,0.50,0.50,0.50,27.72,17,17,0,0.12,0.10,0.20,28.31,17,17,0,1.08,1.00,1.10,28.15,17,17,0,0.22,0.20,0.30,27.61,17,17,0
375217,0.36,0.30,0.40,28.41,17,17,0,-0.01,-0.10,0.10,27.97,17,17,0,239.90,233.40,248.30,24.68,17,0,0,0.51,0.50,0.60,27.73,17,17,0,0.15,0.10,0.20,28.29,17,17,0,1.07,1.00,1.10,28.16,17,17,0,0.22,0.20,0.30,27.60,17,17,0
375727,0.34,0.30,0.40,28.42,17,17,0,-0.01,-0.10,0.10,27.99,17,17,0,242.33,220.90,293.50,24.65,17,0,0,0.51,0.50,0.60,27.72,17,17,0,0.12,0.10,0.20,28.30,17,17,0,1.08,1.00,1.10,28.16,17,17,0,0.24,0.20,0.30,27.62,17,17,0
376235,0.34,0.30,0.40,28.41,17,17,0,-0.03,-0.10,0.10,27.97,17,17,0,209.64,135.50,250.80,24.71,17,0,0,0.51,0.50,0.60,27.71,17,17,0,0.12,0.10,0.20,28.32,17,17,0,1.08,1.00,1.10,28.15,17,17,0,0.22,0.20,0.30,27.61,17,17,0
376735,0.35,0.30,0.40,28.42,17,17,0,-0.01,-0.10,0.00,27.98,17,17,0,245.73,239.90,255.50,24.65,17,0,0,0.51,0.50,0.60,27.74,17,17,0,0.13,0.10,0.20,28.31,17,17,0,1.08,1.00,1.10,28.15,17,17,0,0.23,0.20,0.30,27.60,17,17,0
377235,0.35,0.30,0.40,28.40,17,17,0,-0.02,-0.10,0.10,27.99,17,17,0,244.01,238.50,250.80,24.66,17,0,0,0.51,0.50,0.60,27.74,17,17,0,0.12,0.10,0.20,28.31,17,17,0,1.07,1.00,1.10,28.15,17,17,0,0.22,0.20,0.30,27.63,17,17,0
377735,0.35,0.30,0.40,28.43,17,17,0,0.01,-0.10,0.10,27.98,17,17,0,203.32,133.30,270.70,24.66,17,0,0,0.51,0.50,0.60,27.74,17,17,0,0.11,0.10,0.20,28.31,17,17,0,1.09,1.00,1.10,28.16,17,17,0,0.21,0.20,0.30,27.62,17,17,0
378244,0.37,0.30,0.40,28.41,17,17,0,0.00,-0.10,0.10,28.00,17,17,0,258.79,252.10,266.10,24.66,17,0,0,0.50,0.50,0.50,27.74,17,17,0,0.12,0.10,0.20,28.32,17,17,0,1.09,1.00,1.10,28.15,17,17,0,0.21,0.20,0.30,27.63,17,17,0
378744,0.35,0.30,0.40,28.43,17,17,0,-0.02,-0.10,0.10,27.98,17,17,0,254.78,249.50,263.70,24.61,17,0,0,0.50,0.50,0.50,27.72,17,17,0,0.15,0.10,0.20,28.29,17,17,0,1.08,1.00,1.10,28.14,17,17,0,0.24,0.20,0.30,27.62,17,17,0
379244,0.36,0.30,0.40,28.42,17,17,0,0.01,-0.10,0.10,28.00,17,17,0,212.26,140.20,311.70,24.61,17,0,0,0.50,0.40,0.60,27.72,17,17,0,0.13,0.10,0.20,28.31,17,17,0,1.08,1.00,1.10,28.16,17,17,0,0.24,0.20,0.30,27.61,17,17,0
379748,0.34,0.30,0.40,28.41,17,17,0,-0.02,-0.10,0.00,27.99,17,17,0,261.06,249.80,271.70,24.63,17,0,0,0.50,0.50,0.50,27.74,17,17,0,0.11,0.10,0.20,28.32,17,17,0,1.09,1.00,1.10,28.17,17,17,0,0.24,0.20,0.30,27.62,17,17,0
380260,0.35,0.30,0.40,28.42,17,17,0,-0.01,-0.10,0.10,28.00,17,17,0,251.79,241.70,263.60,24.59,17,0,0,0.51,0.50,0.60,27.71,17,17,0,0.14,0.10,0.20,28.32,17,17,0,1.09,1.00,1.10,28.17,17,17,0,0.22,0.20,0.30,27.63,17,17,0
380772,0.37,0.30,0.40,28.43,18,18,0,-0.03,-0.10,0.10,28.00,18,18,0,205.12,133.00,296.40,24.61,18,0,0,0.52,0.50,0.60,27.73,18,18,0,0.12,0.10,0.20,28.31,18,18,0,1.07,1.00,1.10,28.15,18,18,0,0.24,0.20,0.30,27.60,18,18,0
381274,0.34,0.30,0.40,28.41,17,17,0,-0.01,-0.10,0.10,27.99,17,17,0,249.18,237.40,263.00,24.63,17,0,0,0.51,0.50,0.60,27.72,17,17,0,0.14,0.10,0.20,28.32,17,17,0,1.06,1.00,1.10,28.18,17,17,0,0.25,0.20,0.30,27.61,17,17,0
381778,0.35,0.30,0.40,28.42,17,17,0,-0.02,-0.10,0.10,28.00,17,17,0,242.19,230.10,254.80,24.61,17,0,0,0.51,0.50,0.60,27.74,17,17,0,0.14,0.10,0.20,28.31,17,17,0,1.08,1.00,1.10,28.17,17,17,0,0.22,0.20,0.30,27.61,17,17,0
382287,0.36,0.30,0.40,28.43,17,17,0,0.00,-0.10,0.10,28.00,17,17,0,211.34,121.80,284.30,24.60,17,0,0,0.52,0.50,0.60,27.73,17,17,0,0.12,0.10,0.20,28.31,17,17,0,1.06,1.00,1.10,28.16,17,17,0,0.23,0.20,0.30,27.62,17,17,0
382791,0.35,0.30,0.40,28.42,17,17,0,-0.02,-0.10,0.10,28.00,17,17,0,237.56,182.80,253.20,24.66,17,0,0,0.51,0.50,0.60,27.73,17,17,0,0.13,0.10,0.20,28.31,17,17,0,1.08,1.00,1.10,28.15,17,17,0,0.25,0.20,0.30,27.63,17,17,0
383301,0.37,0.30,0.40,28.42,17,17,0,-0.04,-0.10,0.00,28.00,17,17,0,241.90,233.50,257.00,24.60,17,0,0,0.51,0.50,0.60,27.73,17,17,0,0.12,0.10,0.20,28.31,17,17,0,1.06,1.00,1.10,28.18,17,17,0,0.23,0.20,0.30,27.61,17,17,0
383808,0.35,0.30,0.40,28.42,17,17,0,-0.02,-0.10,0.00,28.00,17,17,0,244.15,204.20,295.10,24.60,17,0,0,0.50,0.50,0.50,27.73,17,17,0,0.12,0.10,0.20,28.32,17,17,0,1.08,1.00,1.10,28.17,17,17,0,0.24,0.20,0.30,27.61,17,17,0
384308,0.35,0.30,0.40,28.42,17,17,0,0.00,-0.10,0.10,28.00,17,17,0,216.84,137.00,261.50,24.64,17,0,0,0.51,0.50,0.60,27.75,17,17,0,0.13,0.10,0.20,28.32,17,17,0,1.08,1.00,1.10,28.19,17,17,0,0.23,0.20,0.30,27.61,17,17,0
384816,0.34,0.30,0.40,28.42,17,17,0,-0.02,-0.10,0.10,27.98,17,17,0,253.22,246.50,264.10,24.60,17,0,0,0.51,0.50,0.60,27.75,17,17,0,0.13,0.10,0.20,28.31,17,17,0,1.08,1.00,1.10,28.17,17,17,0,0.25,0.20,0.30,27.61,17,17,0
385316,0.36,0.30,0.40,28.45,17,17,0,-0.01,-0.10,0.10,27.99,17,17,0,251.56,244.20,266.70,24.60,17,0,0,0.50,0.50,0.50,27.73,17,17,0,0.14,0.10,0.20,28.33,17,17,0,1.07,1.00,1.10,28.17,17,17,0,0.23,0.20,0.30,27.63,17,17,0
385816,0.35,0.30,0.40,28.43,17,17,0,-0.01,-0.10,0.10,27.99,17,17,0,209.09,134.20,264.30,24.59,17,0,0,0.50,0.50,0.50,27.75,17,17,0,0.13,0.10,0.20,28.31,17,17,0,1.09,1.00,1.10,28.16,17,17,0,0.22,0.20,0.30,27.63,17,17,0
386323,0.36,0.30,0.40,28.42,17,17,0,-0.04,-0.10,0.00,27.99,17,17,0,258.13,248.80,266.10,24.58,17,0,0,0.51,0.50,0.60,27.74,17,17,0,0.12,0.10,0.20,28.31,17,17,0,1.10,1.10,1.10,28.16,17,17,0,0.24,0.20,0.30,27.63,17,17,0
386823,0.36,0.30,0.40,28.44,17,17,0,-0.01,-0.10,0.10,27.98,17,17,0,253.44,246.40,261.10,24.57,17,0,0,0.50,0.50,0.50,27.73,17,17,0,0.12,0.10,0.20,28.32,17,17,0,1.08,1.00,1.10,28.17,17,17,0,0.26,0.20,0.30,27.61,17,17,0
387324,0.34,0.30,0.40,28.45,17,17,0,0.00,-0.10,0.10,28.00,17,17,0,202.59,129.40,276.50,24.58,17,0,0,0.51,0.50,0.60,27.73,17,17,0,0.12,0.10,0.20,28.31,17,17,0,1.07,1.00,1.10,28.16,17,17,0,0.24,0.20,0.30,27.61,17,17,0
387835,0.35,0.30,0.40,28.43,17,17,0,-0.02,-0.10,0.10,27.98,17,17,0,250.00,242.40,260.00,24.58,17,0,0,0.51,0.50,0.60,27.74,17,17,0,0.10,0.10,0.10,28.32,17,17,0,1.08,1.00,1.10,28.14,17,17,0,0.24,0.20,0.30,27.63,17,17,0
388348,0.33,0.30,0.40,28.44,17,17,0,0.03,0.00,0.10,28.00,17,17,0,241.82,226.10,252.10,24.56,17,0,0,0.52,0.50,0.60,27.73,17,17,0,0.11,0.10,0.20,28.32,17,17,0,1.09,1.00,1.10,28.18,17,17,0,0.22,0.20,0.30,27.61,17,17,0
388852,0.36,0.30,0.40,28.41,17,17,0,0.00,-0.10,0.10,28.01,17,17,0,195.41,115.70,291.20,24.58,17,0,0,0.50,0.50,0.50,27.75,17,17,0,0.12,0.10,0.20,28.33,17,17,0,1.07,1.00,1.10,28.17,17,17,0,0.24,0.20,0.30,27.63,17,17,0
389352,0.35,0.30,0.40,28.44,17,17,0,-0.03,-0.10,0.00,28.00,17,17,0,247.46,241.10,254.70,24.60,17,0,0,0.51,0.50,0.60,27.73,17,17,0,0.13,0.10,0.20,28.33,17,17,0,1.09,1.00,1.10,28.17,17,17,0,0.24,0.20,0.30,27.63,17,17,0
389859,0.35,0.30,0.40,28.44,17,17,0,-0.02,-0.10,0.10,28.00,17,17,0,241.55,231.80,249.10,24.57,17,0,0,0.51,0.50,0.60,27.74,17,17,0,0.14,0.10,0.20,28.33,17,17,0,1.09,1.00,1.10,28.18,17,17,0,0.22,0.20,0.30,27.63,17,17,0
390361,0.35,0.30,0.40,28.43,17,17,0,-0.01,-0.10,0.10,28.01,17,17,0,210.06,118.10,304.90,24.57,17,0,0,0.51,0.50,0.60,27.75,17,17,0,0.12,0.10,0.20,28.32,17,17,0,1.06,1.00,1.10,28.18,17,17,0,0.23,0.20,0.30,27.65,17,17,0
390862,0.35,0.30,0.40,28.44,17,17,0,-0.01,-0.10,0.10,28.00,17,17,0,243.76,183.00,264.90,24.60,17,0,0,0.52,0.50,0.60,27.75,17,17,0,0.14,0.10,0.20,28.32,17,17,0,1.09,1.00,1.10,28.18,17,17,0,0.22,0.20,0.30,27.63,17,17,0
391362,0.35,0.30,0.40,28.43,17,17,0,-0.05,-0.10,0.00,27.99,17,17,0,247.91,240.10,257.90,24.57,17,0,0,0.51,0.50,0.60,27.73,17,17,0,0.12,0.10,0.20,28.32,17,17,0,1.08,1.00,1.10,28.17,17,17,0,0.22,0.20,0.30,27.63,17,17,0
391862,0.34,0.30,0.40,28.43,16,16,0,-0.02,-0.10,0.10,27.99,16,16,0,252.85,212.60,291.60,24.54,16,0,0,0.51,0.50,0.60,27.75,16,16,0,0.14,0.10,0.20,28.31,16,16,0,1.08,1.00,1.10,28.16,16,16,0,0.23,0.20,0.30,27.63,16,16,0
392365,0.36,0.30,0.40,28.44,17,17,0,-0.02,-0.10,0.10,27.99,17,17,0,229.57,140.10,274.20,24.59,17,0,0,0.52,0.50,0.60,27.73,17,17,0,0.13,0.10,0.20,28.32,17,17,0,1.08,1.00,1.10,28.16,17,17,0,0.24,0.20,0.30,27.64,17,17,0
392865,0.36,0.30,0.40,28.42,17,17,0,0.01,-0.10,0.10,28.00,17,17,0,256.49,246.50,268.00,24.55,17,0,0,0.50,0.50,0.50,27.75,17,17,0,0.11,0.10,0.20,28.32,17,17,0,1.08,1.00,1.10,28.19,17,17,0,0.22,0.20,0.30,27.64,17,17,0
393367,0.34,0.30,0.40,28.45,17,17,0,0.00,-0.10,0.10,28.01,17,17,0,256.31,241.90,304.60,24.52,17,0,0,0.51,0.50,0.60,27.76,17,17,0,0.14,0.10,0.20,28.32,17,17,0,1.07,1.00,1.10,28.17,17,17,0,0.21,0.20,0.30,27.64,17,17,0
393867,0.36,0.30,0.40,28.44,17,17,0,-0.01,-0.10,0.10,27.99,17,17,0,212.02,133.70,264.60,24.54,17,0,0,0.51,0.50,0.60,27.74,17,17,0,0.11,0.10,0.20,28.32,17,17,0,1.07,1.00,1.10,28.18,17,17,0,0.22,0.20,0.30,27.63,17,17,0
394380,0.35,0.30,0.40,28.43,17,17,0,-0.01,-0.10,0.10,28.01,17,17,0,250.68,243.30,261.20,24.52,17,0,0,0.51,0.50,0.60,27.75,17,17,0,0.13,0.10,0.20,28.33,17,17,0,1.08,1.00,1.10,28.19,17,17,0,0.25,0.20,0.30,27.62,17,17,0
394880,0.34,0.30,0.40,28.43,17,17,0,-0.01,-0.10,0.00,28.01,17,17,0,240.08,231.10,252.00,24.53,17,0,0,0.51,0.50,0.60,27.75,17,17,0,0.12,0.10,0.20,28.31,17,17,0,1.07,1.00,1.10,28.17,17,17,0,0.24,0.20,0.30,27.63,17,17,0
395380,0.34,0.30,0.40,28.42,17,17,0,-0.01,-0.10,0.10,27.99,17,17,0,190.46,117.60,271.00,24.55,17,0,0,0.51,0.50,0.60,27.74,17,17,0,0.13,0.10,0.20,28.33,17,17,0,1.08,1.00,1.10,28.18,17,17,0,0.24,0.20,0.30,27.64,17,17,0
395880,0.34,0.30,0.40,28.42,17,17,0,0.00,-0.10,0.10,28.01,17,17,0,244.54,233.50,255.50,24.55,17,0,0,0.51,0.50,0.60,27.76,17,17,0,0.14,0.10,0.20,28.33,17,17,0,1.08,1.00,1.10,28.17,17,17,0,0.23,0.20,0.30,27.63,17,17,0
396383,0.35,0.30,0.40,28.44,17,17,0,-0.02,-0.10,0.00,28.01,17,17,0,236.56,225.60,245.60,24.52,17,0,0,0.50,0.50,0.50,27.76,17,17,0,0.14,0.10,0.20,28.33,17,17,0,1.06,1.00,1.10,28.17,17,17,0,0.22,0.20,0.30,27.65,17,17,0
396891,0.36,0.30,0.40,28.45,17,17,0,-0.01,-0.10,0.10,28.00,17,17,0,198.72,111.20,316.10,24.56,17,0,0,0.51,0.50,0.60,27.75,17,17,0,0.14,0.10,0.20,28.34,17,17,0,1.08,1.00,1.10,28.18,17,17,0,0.24,0.20,0.30,27.64,17,17,0
397391,0.32,0.30,0.40,28.44,17,17,0,-0.02,-0.10,0.00,28.00,17,17,0,242.25,189.60,257.20,24.58,17,0,0,0.52,0.50,0.60,27.74,17,17,0,0.15,0.10,0.20,28.33,17,17,0,1.07,1.00,1.10,28.18,17,17,0,0.22,0.20,0.30,27.64,17,17,0
397892,0.35,0.30,0.40,28.42,17,17,0,-0.02,-0.10,0.10,28.02,17,17,0,242.17,235.90,250.30,24.52,17,0,0,0.52,0.50,0.60,27.75,17,17,0,0.14,0.10,0.20,28.31,17,17,0,1.09,1.00,1.10,28.17,17,17,0,0.22,0.20,0.30,27.64,17,17,0
398394,0.35,0.30,0.40,28.45,17,17,0,-0.02,-0.10,0.10,28.03,17,17,0,245.42,208.80,296.60,24.53,17,0,0,0.50,0.50,0.50,27.74,17,17,0,0.12,0.10,0.20,28.32,17,17,0,1.08,1.00,1.10,28.18,17,17,0,0.23,0.20,0.30,27.64,17,17,0
398895,0.35,0.30,0.40,28.43,17,17,0,-0.01,-0.10,0.10,28.00,17,17,0,218.14,126.20,267.20,24.56,17,0,0,0.52,0.50,0.60,27.74,17,17,0,0.11,0.10,0.20,28.33,17,17,0,1.09,1.00,1.10,28.18,17,17,0,0.25,0.20,0.30,27.64,17,17,0
399399,0.36,0.30,0.40,28.45,17,17,0,-0.02,-0.10,0.10,28.01,17,17,0,253.05,244.90,262.10,24.52,17,0,0,0.51,0.50,0.60,27.74,17,17,0,0.12,0.10,0.20,28.32,17,17,0,1.08,1.00,1.10,28.19,17,17,0,0.26,0.20,0.30,27.64,17,17,0
399899,0.33,0.30,0.40,28.45,17,17,0,-0.01,-0.10,0.10,28.01,17,17,0,249.03,236.70,258.70,24.48,17,0,0,0.51,0.50,0.60,27.75,17,17,0,0.12,0.10,0.20,28.33,17,17,0,1.08,1.00,1.10,28.19,17,17,0,0.23,0.20,0.30,27.64,17,17,0
400412,0.35,0.30,0.40,28.43,17,17,0,-0.02,-0.10,0.10,28.02,17,17,0,201.99,121.60,264.10,24.53,17,0,0,0.51,0.50,0.60,27.75,17,17,0,0.12,0.10,0.20,28.32,17,17,0,1.08,1.00,1.10,28.19,17,17,0,0.23,0.20,0.30,27.65,17,17,0
400912,0.36,0.30,0.40,28.43,17,17,0,-0.03,-0.10,0.10,28.02,17,17,0,256.05,245.50,267.10,24.52,17,0,0,0.52,0.50,0.60,27.76,17,17,0,0.12,0.10,0.20,28.32,17,17,0,1.08,1.00,1.10,28.18,17,17,0,0.24,0.20,0.30,27.64,17,17,0
401413,0.34,0.30,0.40,28.44,17,17,0,-0.01,-0.10,0.10,28.02,17,17,0,245.89,235.70,255.50,24.51,17,0,0,0.51,0.50,0.60,27.74,17,17,0,0.12,0.10,0.20,28.31,17,17,0,1.08,1.00,1.10,28.19,17,17,0,0.22,0.20,0.30,27.62,17,17,0
401913,0.35,0.30,0.40,28.45,17,17,0,-0.02,-0.10,0.10,28.01,17,17,0,194.23,121.40,283.80,24.52,17,0,0,0.51,0.50,0.60,27.76,17,17,0,0.13,0.10,0.20,28.33,17,17,0,1.09,1.00,1.10,28.18,17,17,0,0.23,0.20,0.30,27.64,17,17,0
402422,0.34,0.30,0.40,28.43,17,17,0,-0.02,-0.10,0.10,28.00,17,17,0,249.78,241.30,261.50,24.52,17,0,0,0.52,0.50,0.60,27.74,17,17,0,0.12,0.10,0.20,28.32,17,17,0,1.09,1.00,1.30,28.21,17,17,0,0.25,0.20,0.30,27.65,17,17,0
402922,0.38,0.30,0.40,28.47,17,17,0,-0.02,-0.10,0.10,28.00,17,17,0,241.21,232.70,247.90,24.52,17,0,0,0.51,0.50,0.60,27.75,17,17,0,0.13,0.10,0.20,28.33,17,17,0,1.05,1.00,1.10,28.16,17,17,0,0.24,0.20,0.30,27.63,17,17,0
403422,0.34,0.30,0.40,28.42,17,17,0,0.00,-0.10,0.10,28.02,17,17,0,203.33,114.80,283.00,24.51,17,0,0,0.52,0.50,0.60,27.74,17,17,0,0.14,0.10,0.20,28.32,17,17,0,1.08,1.00,1.10,28.18,17,17,0,0.22,0.20,0.30,27.63,17,17,0
403930,0.36,0.30,0.40,28.44,17,17,0,-0.01,-0.10,0.00,28.01,17,17,0,244.52,201.40,260.00,24.53,17,0,0,0.51,0.50,0.60,27.76,17,17,0,0.12,0.10,0.20,28.33,17,17,0,1.08,1.00,1.10,28.20,17,17,0,0.22,0.20,0.30,27.65,17,17,0
404439,0.35,0.30,0.40,28.46,17,17,0,-0.01,-0.10,0.10,28.02,17,17,0,243.35,238.20,255.40,24.50,17,0,0,0.51,0.50,0.60,27.74,17,17,0,0.13,0.10,0.20,28.33,17,17,0,1.06,1.00,1.10,28.18,17,17,0,0.23,0.20,0.30,27.65,17,17,0
404939,0.37,0.30,0.40,28.45,17,17,0,-0.02,-0.10,0.00,28.02,17,17,0,242.06,188.10,303.80,24.48,17,0,0,0.52,0.50,0.60,27.76,17,17,0,0.11,0.10,0.20,28.34,17,17,0,1.10,1.10,1.10,28.19,17,17,0,0.24,0.20,0.30,27.63,17,17,0
405439,0.36,0.30,0.40,28.45,17,17,0,-0.01,-0.10,0.10,28.02,17,17,0,222.19,128.10,263.00,24.52,17,0,0,0.50,0.50,0.50,27.75,17,17,0,0.14,0.10,0.20,28.34,17,17,0,1.08,1.00,1.10,28.20,17,17,0,0.22,0.20,0.30,27.65,17,17,0
405939,0.34,0.30,0.40,28.44,17,17,0,-0.02,-0.10,0.10,28.00,17,17,0,250.28,244.10,261.90,24.50,17,0,0,0.50,0.50,0.50,27.76,17,17,0,0.11,0.10,0.20,28.32,17,17,0,1.09,1.00,1.10,28.20,17,17,0,0.24,0.20,0.30,27.67,17,17,0
406442,0.36,0.30,0.40,28.45,17,17,0,-0.04,-0.10,0.00,28.02,17,17,0,248.80,244.10,257.90,24.49,17,0,0,0.51,0.50,0.60,27.75,17,17,0,0.12,0.10,0.20,28.33,17,17,0,1.09,1.00,1.10,28.17,17,17,0,0.23,0.20,0.30,27.66,17,17,0
406942,0.33,0.30,0.40,28.46,17,17,0,0.00,-0.10,0.10,28.01,17,17,0,201.79,118.40,271.40,24.50,17,0,0,0.50,0.50,0.50,27.76,17,17,0,0.11,0.10,0.20,28.34,17,17,0,1.08,1.00,1.10,28.19,17,17,0,0.25,0.20,0.30,27.65,17,17,0
407450,0.34,0.30,0.40,28.43,17,17,0,0.01,-0.10,0.10,28.02,17,17,0,259.58,252.30,271.60,24.49,17,0,0,0.50,0.50,0.50,27.74,17,17,0,0.12,0.10,0.20,28.34,17,17,0,1.08,1.00,1.10,28.19,17,17,0,0.24,0.20,0.30,27.63,17,17,0
407950,0.34,0.30,0.40,28.45,17,17,0,-0.01,-0.10,0.00,28.02,17,17,0,251.15,242.50,255.60,24.49,17,0,0,0.51,0.50,0.60,27.77,17,17,0,0.12,0.10,0.20,28.33,17,17,0,1.09,1.00,1.10,28.19,17,17,0,0.23,0.20,0.30,27.65,17,17,0
408456,0.37,0.30,0.40,28.45,17,17,0,0.00,-0.10,0.10,28.02,17,17,0,201.42,111.50,311.60,24.51,17,0,0,0.52,0.50,0.60,27.76,17,17,0,0.11,0.10,0.20,28.34,17,17,0,1.09,1.00,1.10,28.21,17,17,0,0.21,0.20,0.30,27.64,17,17,0
408961,0.35,0.30,0.40,28.45,17,17,0,-0.01,-0.10,0.10,28.02,17,17,0,257.14,242.60,267.90,24.50,17,0,0,0.50,0.50,0.50,27.75,17,17,0,0.11,0.10,0.20,28.34,17,17,0,1.09,1.00,1.10,28.19,17,17,0,0.25,0.20,0.30,27.63,17,17,0
409461,0.37,0.30,0.40,28.45,17,17,0,-0.01,-0.10,0.00,28.02,17,17,0,248.89,240.80,259.00,24.46,17,0,0,0.51,0.50,0.60,27.77,17,17,0,0.12,0.10,0.20,28.33,17,17,0,1.09,1.00,1.10,28.18,17,17,0,0.24,0.20,0.30,27.65,17,17,0
409961,0.36,0.30,0.40,28.46,17,17,0,-0.02,-0.10,0.10,28.01,17,17,0,203.37,120.70,308.40,24.47,17,0,0,0.50,0.50,0.50,27.75,17,17,0,0.12,0.10,0.20,28.34,17,17,0,1.09,1.00,1.10,28.20,17,17,0,0.22,0.20,0.30,27.65,17,17,0
410461,0.35,0.30,0.40,28.45,17,17,0,0.02,-0.10,0.10,28.02,17,17,0,256.53,227.90,267.00,24.49,17,0,0,0.50,0.50,0.50,27.77,17,17,0,0.11,0.10,0.20,28.33,17,17,0,1.07,1.00,1.10,28.19,17,17,0,0.23,0.20,0.30,27.65,17,17,0
410961,0.38,0.30,0.40,28.45,16,16,0,0.00,-0.10,0.10,28.03,16,16,0,252.36,247.80,259.70,24.49,16,0,0,0.50,0.50,0.50,27.77,16,16,0,0.13,0.10,0.20,28.34,16,16,0,1.10,1.10,1.10,28.19,16,16,0,0.24,0.20,0.30,27.65,16,16,0
411461,0.34,0.30,0.40,28.45,17,17,0,-0.01,-0.10,0.00,28.03,17,17,0,231.01,125.00,314.20,24.47,17,0,0,0.50,0.40,0.60,27.75,17,17,0,0.14,0.10,0.20,28.34,17,17,0,1.08,1.00,1.10,28.20,17,17,0,0.22,0.20,0.30,27.65,17,17,0
411969,0.36,0.30,0.40,28.46,17,17,0,-0.01,-0.10,0.10,28.00,17,17,0,257.62,174.90,276.70,24.50,17,0,0,0.51,0.50,0.60,27.75,17,17,0,0.13,0.10,0.20,28.34,17,17,0,1.08,1.00,1.10,28.19,17,17,0,0.21,0.20,0.30,27.64,17,17,0
412472,0.36,0.30,0.40,28.45,17,17,0,-0.03,-0.10,0.10,28.01,17,17,0,262.31,254.80,271.50,24.45,17,0,0,0.51,0.50,0.60,27.76,17,17,0,0.13,0.10,0.20,28.35,17,17,0,1.09,1.00,1.10,28.19,17,17,0,0.24,0.20,0.30,27.64,17,17,0
412972,0.36,0.30,0.40,28.44,17,17,0,0.00,-0.10,0.10,28.03,17,17,0,253.61,143.30,329.20,24.43,17,0,0,0.49,0.40,0.50,27.77,17,17,0,0.12,0.10,0.20,28.34,17,17,0,1.09,1.00,1.10,28.19,17,17,0,0.20,0.20,0.20,27.64,17,17,0
413474,0.34,0.30,0.40,28.45,17,17,0,-0.02,-0.10,0.10,28.01,17,17,0,254.66,151.80,292.30,24.48,17,0,0,0.51,0.50,0.60,27.76,17,17,0,0.12,0.10,0.20,28.35,17,17,0,1.10,1.10,1.10,28.18,17,17,0,0.22,0.20,0.30,27.65,17,17,0
413979,0.34,0.30,0.40,28.46,17,17,0,-0.04,-0.10,0.00,28.02,17,17,0,266.59,261.10,277.40,24.45,17,0,0,0.50,0.50,0.50,27.78,17,17,0,0.11,0.10,0.20,28.35,17,17,0,1.09,1.00,1.10,28.19,17,17,0,0.22,0.20,0.30,27.66,17,17,0
414479,0.35,0.30,0.40,28.46,17,17,0,-0.02,-0.10,0.10,28.01,17,17,0,257.89,162.30,320.70,24.43,17,0,0,0.51,0.50,0.60,27.75,17,17,0,0.12,0.10,0.20,28.34,17,17,0,1.08,1.00,1.10,28.18,17,17,0,0.22,0.20,0.30,27.65,17,17,0
414979,0.35,0.30,0.40,28.45,17,17,0,-0.02,-0.10,0.00,28.01,17,17,0,246.06,132.00,284.10,24.47,17,0,0,0.50,0.50,0.50,27.77,17,17,0,0.11,0.10,0.20,28.34,17,17,0,1.08,1.00,1.10,28.20,17,17,0,0.22,0.20,0.30,27.65,17,17,0
415483,0.34,0.30,0.40,28.45,17,17,0,0.01,-0.10,0.10,28.01,17,17,0,263.08,254.20,271.80,24.44,17,0,0,0.51,0.50,0.60,27.75,17,17,0,0.11,0.10,0.20,28.34,17,17,0,1.06,1.00,1.10,28.19,17,17,0,0.26,0.20,0.30,27.65,17,17,0
415993,0.32,0.30,0.40,28.47,17,17,0,-0.02,-0.10,0.00,28.01,17,17,0,257.70,192.90,315.40,24.43,17,0,0,0.51,0.50,0.60,27.76,17,17,0,0.14,0.10,0.20,28.34,17,17,0,1.08,1.00,1.10,28.18,17,17,0,0.25,0.20,0.30,27.66,17,17,0
416503,0.34,0.30,0.40,28.44,17,17,0,-0.01,-0.10,0.10,28.02,17,17,0,237.86,137.20,277.90,24.45,17,0,0,0.51,0.50,0.60,27.77,17,17,0,0.13,0.10,0.20,28.35,17,17,0,1.09,1.00,1.10,28.19,17,17,0,0.22,0.20,0.30,27.64,17,17,0
417003,0.34,0.30,0.40,28.45,17,17,0,-0.01,-0.10,0.10,28.03,17,17,0,260.68,253.10,268.50,24.45,17,0,0,0.51,0.50,0.60,27.75,17,17,0,0.12,0.10,0.20,28.35,17,17,0,1.08,1.00,1.10,28.20,17,17,0,0.24,0.20,0.30,27.66,17,17,0
417503,0.37,0.30,0.40,28.44,17,17,0,-0.02,-0.10,0.00,28.03,17,17,0,257.52,244.30,311.30,24.42,17,0,0,0.51,0.50,0.60,27.77,17,17,0,0.12,0.10,0.20,28.33,17,17,0,1.09,1.00,1.10,28.19,17,17,0,0.22,0.20,0.30,27.64,17,17,0
418004,0.37,0.30,0.40,28.46,17,17,0,-0.02,-0.10,0.00,28.03,17,17,0,219.91,127.70,288.10,24.45,17,0,0,0.50,0.50,0.50,27.77,17,17,0,0.12,0.10,0.20,28.33,17,17,0,1.08,1.00,1.10,28.19,17,17,0,0.22,0.20,0.30,27.67,17,17,0
418504,0.35,0.30,0.40,28.44,17,17,0,-0.02,-0.10,0.10,28.03,17,17,0,267.30,258.50,277.10,24.43,17,0,0,0.51,0.50,0.60,27.75,17,17,0,0.12,0.10,0.20,28.33,17,17,0,1.09,1.00,1.10,28.19,17,17,0,0.24,0.20,0.30,27.65,17,17,0
419004,0.33,0.30,0.40,28.44,17,17,0,-0.02,-0.10,0.00,28.02,17,17,0,260.82,245.80,289.90,24.43,17,0,0,0.51,0.50,0.60,27.76,17,17,0,0.13,0.10,0.20,28.35,17,17,0,1.10,1.10,1.10,28.19,17,17,0,0.23,0.20,0.30,27.69,17,17,0
419504,0.34,0.30,0.40,28.46,17,17,0,0.01,-0.10,0.10,28.01,17,17,0,214.82,126.10,278.10,24.46,17,0,0,0.52,0.50,0.60,27.76,17,17,0,0.11,0.10,0.20,28.34,17,17,0,1.08,1.00,1.10,28.20,17,17,0,0.22,0.20,0.30,27.67,17,17,0
420004,0.36,0.30,0.40,28.45,17,17,0,-0.00,-0.10,0.10,28.03,17,17,0,268.48,258.60,276.70,24.44,17,0,0,0.50,0.40,0.60,27.76,17,17,0,0.11,0.10,0.20,28.36,17,17,0,1.09,1.00,1.10,28.20,17,17,0,0.24,0.20,0.30,27.66,17,17,0
420517,0.34,0.30,0.40,28.46,17,17,0,-0.01,-0.10,0.10,28.02,17,17,0,258.34,253.10,265.40,24.42,17,0,0,0.51,0.50,0.60,27.77,17,17,0,0.12,0.10,0.20,28.33,17,17,0,1.09,1.00,1.10,28.21,17,17,0,0.23,0.20,0.30,27.66,17,17,0
421017,0.36,0.30,0.40,28.46,17,17,0,-0.03,-0.10,0.00,28.03,17,17,0,209.05,124.40,282.90,24.43,17,0,0,0.51,0.50,0.60,27.76,17,17,0,0.14,0.10,0.20,28.34,17,17,0,1.09,1.00,1.10,28.20,17,17,0,0.22,0.20,0.30,27.67,17,17,0
421519,0.35,0.30,0.40,28.46,17,17,0,-0.01,-0.10,0.10,28.02,17,17,0,269.41,258.80,288.90,24.44,17,0,0,0.50,0.50,0.50,27.77,17,17,0,0.14,0.10,0.20,28.35,17,17,0,1.09,1.00,1.10,28.19,17,17,0,0.24,0.20,0.30,27.66,17,17,0
422019,0.37,0.30,0.40,28.46,17,17,0,-0.01,-0.10,0.10,28.03,17,17,0,260.88,254.80,271.10,24.42,17,0,0,0.51,0.50,0.60,27.76,17,17,0,0.13,0.10,0.20,28.35,17,17,0,1.09,1.00,1.10,28.21,17,17,0,0.22,0.20,0.30,27.65,17,17,0
422521,0.33,0.30,0.40,28.46,17,17,0,0.00,-0.10,0.10,28.03,17,17,0,208.61,122.70,283.60,24.44,17,0,0,0.51,0.50,0.60,27.78,17,17,0,0.12,0.10,0.20,28.36,17,17,0,1.10,1.10,1.10,28.21,17,17,0,0.22,0.20,0.30,27.66,17,17,0
423026,0.35,0.30,0.40,28.47,17,17,0,0.00,-0.10,0.10,28.02,17,17,0,267.19,253.80,279.50,24.44,17,0,0,0.50,0.50,0.50,27.77,17,17,0,0.11,0.10,0.20,28.36,17,17,0,1.08,1.00,1.10,28.19,17,17,0,0.24,0.20,0.30,27.66,17,17,0
423526,0.34,0.30,0.40,28.45,17,17,0,-0.01,-0.10,0.10,28.02,17,17,0,258.34,249.10,272.90,24.42,17,0,0,0.50,0.50,0.50,27.76,17,17,0,0.12,0.10,0.20,28.35,17,17,0,1.09,1.00,1.10,28.22,17,17,0,0.22,0.20,0.30,27.67,17,17,0
424028,0.34,0.30,0.40,28.46,17,17,0,0.00,-0.10,0.10,28.04,17,17,0,208.50,124.00,323.90,24.43,17,0,0,0.51,0.50,0.60,27.77,17,17,0,0.11,0.10,0.20,28.35,17,17,0,1.09,1.00,1.10,28.20,17,17,0,0.21,0.20,0.30,27.68,17,17,0
424532,0.36,0.30,0.40,28.45,17,17,0,-0.02,-0.10,0.10,28.03,17,17,0,266.64,254.00,288.10,24.44,17,0,0,0.51,0.50,0.60,27.76,17,17,0,0.11,0.10,0.20,28.35,17,17,0,1.08,1.00,1.10,28.20,17,17,0,0.24,0.20,0.30,27.68,17,17,0
425040,0.35,0.30,0.40,28.46,17,17,0,-0.01,-0.10,0.10,28.03,17,17,0,258.90,251.30,271.40,24.43,17,0,0,0.51,0.50,0.60,27.78,17,17,0,0.11,0.10,0.20,28.36,17,17,0,1.09,1.00,1.10,28.19,17,17,0,0.23,0.20,0.30,27.67,17,17,0
425540,0.34,0.30,0.40,28.46,17,17,0,-0.02,-0.10,0.00,28.03,17,17,0,209.22,121.90,302.40,24.43,17,0,0,0.51,0.50,0.60,27.77,17,17,0,0.11,0.10,0.20,28.35,17,17,0,1.08,1.00,1.10,28.20,17,17,0,0.25,0.20,0.30,27.68,17,17,0
426040,0.35,0.30,0.40,28.45,17,17,0,0.01,-0.10,0.10,28.03,17,17,0,268.87,261.00,279.80,24.44,17,0,0,0.51,0.50,0.60,27.77,17,17,0,0.14,0.10,0.20,28.35,17,17,0,1.09,1.00,1.10,28.21,17,17,0,0.22,0.20,0.30,27.66,17,17,0
426549,0.35,0.30,0.40,28.47,17,17,0,-0.01,-0.10,0.10,28.04,17,17,0,258.48,249.30,267.90,24.40,17,0,0,0.52,0.50,0.60,27.76,17,17,0,0.12,0.10,0.20,28.35,17,17,0,1.08,1.00,1.10,28.19,17,17,0,0.21,0.20,0.30,27.67,17,17,0
427049,0.34,0.30,0.40,28.46,17,17,0,-0.01,-0.10,0.10,28.02,17,17,0,209.98,115.30,326.10,24.43,17,0,0,0.51,0.50,0.60,27.78,17,17,0,0.11,0.10,0.20,28.35,17,17,0,1.09,1.00,1.10,28.20,17,17,0,0.21,0.20,0.30,27.67,17,17,0
427551,0.35,0.30,0.40,28.47,17,17,0,-0.03,-0.10,0.00,28.02,17,17,0,269.01,258.10,279.30,24.44,17,0,0,0.51,0.50,0.60,27.78,17,17,0,0.13,0.10,0.20,28.35,17,17,0,1.09,1.00,1.10,28.20,17,17,0,0.24,0.20,0.30,27.68,17,17,0
428051,0.36,0.30,0.40,28.46,17,17,0,0.00,-0.10,0.10,28.04,17,17,0,259.19,251.40,267.60,24.43,17,0,0,0.51,0.50,0.60,27.77,17,17,0,0.12,0.10,0.20,28.36,17,17,0,1.08,1.00,1.10,28.19,17,17,0,0.21,0.20,0.30,27.67,17,17,0
428563,0.35,0.30,0.40,28.45,17,17,0,-0.02,-0.10,0.10,28.03,17,17,0,212.55,126.80,305.10,24.42,17,0,0,0.50,0.50,0.50,27.77,17,17,0,0.13,0.10,0.20,28.35,17,17,0,1.09,1.00,1.10,28.19,17,17,0,0.22,0.20,0.30,27.67,17,17,0
429063,0.35,0.30,0.40,28.45,17,17,0,-0.02,-0.10,0.10,28.04,17,17,0,268.88,247.20,282.40,24.44,17,0,0,0.50,0.50,0.50,27.79,17,17,0,0.12,0.10,0.20,28.35,17,17,0,1.09,1.00,1.10,28.18,17,17,0,0.22,0.20,0.30,27.67,17,17,0
429563,0.34,0.30,0.40,28.46,17,17,0,-0.00,-0.10,0.10,28.03,17,17,0,257.09,250.80,268.20,24.42,17,0,0,0.51,0.50,0.60,27.76,17,17,0,0.12,0.10,0.20,28.35,17,17,0,1.09,1.00,1.10,28.22,17,17,0,0.24,0.20,0.30,27.68,17,17,0
430067,0.36,0.30,0.40,28.46,17,17,0,-0.01,-0.10,0.10,28.03,17,17,0,212.19,124.20,311.50,24.41,17,0,0,0.51,0.50,0.60,27.76,17,17,0,0.11,0.10,0.20,28.35,17,17,0,1.06,1.00,1.10,28.20,17,17,0,0.22,0.20,0.30,27.68,17,17,0
430570,0.36,0.30,0.40,28.47,17,17,0,-0.01,-0.10,0.10,28.03,17,17,0,262.95,222.70,278.90,24.44,17,0,0,0.50,0.50,0.50,27.78,17,17,0,0.12,0.10,0.20,28.35,17,17,0,1.08,1.00,1.10,28.20,17,17,0,0.25,0.20,0.30,27.66,17,17,0
431070,0.34,0.30,0.40,28.47,17,17,0,-0.01,-0.10,0.10,28.03,17,17,0,253.61,247.10,263.30,24.42,17,0,0,0.50,0.50,0.50,27.78,17,17,0,0.12,0.10,0.20,28.34,17,17,0,1.09,1.00,1.10,28.22,17,17,0,0.22,0.20,0.30,27.67,17,17,0
431570,0.36,0.30,0.40,28.48,17,17,0,-0.04,-0.10,0.00,28.04,17,17,0,231.65,116.80,302.10,24.41,17,0,0,0.50,0.50,0.50,27.77,17,17,0,0.11,0.00,0.20,28.37,17,17,0,1.09,1.00,1.10,28.20,17,17,0,0.24,0.20,0.30,27.67,17,17,0
432072,0.36,0.30,0.40,28.47,17,17,0,-0.02,-0.10,0.10,28.03,17,17,0,248.72,145.20,277.60,24.46,17,0,0,0.50,0.50,0.50,27.79,17,17,0,0.11,0.10,0.20,28.36,17,17,0,1.10,1.10,1.10,28.20,17,17,0,0.22,0.20,0.30,27.67,17,17,0
432572,0.36,0.30,0.40,28.48,17,17,0,-0.01,-0.10,0.10,28.04,17,17,0,256.62,246.80,267.40,24.42,17,0,0,0.51,0.50,0.60,27.77,17,17,0,0.12,0.10,0.20,28.36,17,17,0,1.08,1.00,1.10,28.19,17,17,0,0.23,0.20,0.30,27.67,17,17,0
433072,0.34,0.30,0.40,28.47,17,17,0,-0.04,-0.10,0.10,28.04,17,17,0,257.65,240.00,311.30,24.43,17,0,0,0.51,0.50,0.60,27.78,17,17,0,0.12,0.10,0.20,28.36,17,17,0,1.08,1.00,1.10,28.19,17,17,0,0.24,0.20,0.30,27.68,17,17,0
433572,0.34,0.30,0.40,28.46,17,17,0,-0.01,-0.10,0.10,28.03,17,17,0,232.22,140.30,280.80,24.44,17,0,0,0.50,0.50,0.50,27.76,17,17,0,0.11,0.10,0.20,28.37,17,17,0,1.09,1.00,1.10,28.20,17,17,0,0.23,0.20,0.30,27.68,17,17,0
434072,0.36,0.30,0.40,28.46,17,17,0,-0.01,-0.10,0.10,28.04,17,17,0,262.98,253.70,272.50,24.42,17,0,0,0.51,0.50,0.60,27.77,17,17,0,0.13,0.10,0.20,28.36,17,17,0,1.09,1.00,1.10,28.19,17,17,0,0.22,0.20,0.30,27.67,17,17,0
434573,0.36,0.30,0.40,28.48,17,17,0,-0.01,-0.10,0.10,28.03,17,17,0,261.09,249.80,322.70,24.40,17,0,0,0.51,0.50,0.60,27.76,17,17,0,0.12,0.10,0.20,28.37,17,17,0,1.09,1.00,1.10,28.21,17,17,0,0.23,0.20,0.30,27.69,17,17,0
435073,0.34,0.30,0.40,28.46,17,17,0,-0.01,-0.10,0.10,28.03,17,17,0,218.33,123.80,280.80,24.43,17,0,0,0.51,0.50,0.60,27.78,17,17,0,0.11,0.10,0.20,28.36,17,17,0,1.08,1.00,1.10,28.21,17,17,0,0.23,0.20,0.30,27.69,17,17,0
435577,0.37,0.30,0.40,28.47,17,17,0,-0.02,-0.10,0.10,28.04,17,17,0,266.82,254.20,279.10,24.40,17,0,0,0.50,0.50,0.50,27.78,17,17,0,0.11,0.10,0.20,28.37,17,17,0,1.10,1.10,1.10,28.22,17,17,0,0.23,0.20,0.30,27.66,17,17,0
436077,0.36,0.30,0.40,28.47,17,17,0,-0.01,-0.10,0.10,28.03,17,17,0,257.11,250.90,264.00,24.39,17,0,0,0.51,0.50,0.60,27.77,17,17,0,0.12,0.10,0.20,28.37,17,17,0,1.08,1.00,1.10,28.21,17,17,0,0.23,0.20,0.30,27.69,17,17,0
436577,0.35,0.30,0.40,28.47,17,17,0,-0.01,-0.10,0.10,28.05,17,17,0,205.24,117.00,275.40,24.42,17,0,0,0.50,0.50,0.50,27.77,17,17,0,0.14,0.10,0.20,28.36,17,17,0,1.08,1.00,1.10,28.20,17,17,0,0.25,0.20,0.30,27.68,17,17,0
437077,0.36,0.30,0.40,28.46,17,17,0,-0.02,-0.10,0.10,28.03,17,17,0,262.05,249.20,280.10,24.43,17,0,0,0.51,0.50,0.60,27.78,17,17,0,0.12,0.10,0.20,28.35,17,17,0,1.07,1.00,1.10,28.22,17,17,0,0.22,0.20,0.30,27.68,17,17,0
437577,0.34,0.30,0.40,28.48,17,17,0,-0.02,-0.10,0.10,28.04,17,17,0,251.48,243.50,263.40,24.39,17,0,0,0.50,0.50,0.50,27.78,17,17,0,0.13,0.10,0.20,28.37,17,17,0,1.09,1.00,1.10,28.21,17,17,0,0.24,0.20,0.30,27.67,17,17,0
438078,0.36,0.30,0.40,28.46,17,17,0,-0.01,-0.10,0.10,28.04,17,17,0,197.51,111.30,275.00,24.42,17,0,0,0.51,0.50,0.60,27.78,17,17,0,0.12,0.10,0.20,28.37,17,17,0,1.08,1.00,1.10,28.19,17,17,0,0.22,0.20,0.30,27.68,17,17,0
438578,0.36,0.30,0.40,28.46,17,17,0,-0.02,-0.10,0.10,28.03,17,17,0,258.75,242.90,267.90,24.42,17,0,0,0.51,0.50,0.60,27.77,17,17,0,0.14,0.10,0.20,28.35,17,17,0,1.09,1.00,1.10,28.20,17,17,0,0.22,0.20,0.30,27.69,17,17,0
439078,0.38,0.30,0.40,28.46,17,17,0,-0.02,-0.10,0.10,28.05,17,17,0,251.91,245.50,264.50,24.40,17,0,0,0.51,0.50,0.60,27.79,17,17,0,0.12,0.10,0.20,28.37,17,17,0,1.08,1.00,1.10,28.20,17,17,0,0.24,0.20,0.30,27.70,17,17,0
439578,0.36,0.30,0.40,28.48,17,17,0,-0.01,-0.10,0.10,28.04,17,17,0,203.84,115.70,307.40,24.41,17,0,0,0.50,0.50,0.50,27.78,17,17,0,0.12,0.10,0.20,28.36,17,17,0,1.08,1.00,1.10,28.21,17,17,0,0.21,0.20,0.30,27.69,17,17,0
440078,0.35,0.30,0.40,28.47,17,17,0,-0.02,-0.10,0.10,28.05,17,17,0,267.97,239.40,295.70,24.43,17,0,0,0.51,0.50,0.60,27.79,17,17,0,0.12,0.10,0.20,28.35,17,17,0,1.08,1.00,1.10,28.21,17,17,0,0.21,0.20,0.30,27.69,17,17,0
440580,0.35,0.30,0.40,28.47,17,17,0,0.02,0.00,0.10,28.05,17,17,0,258.65,246.40,277.60,24.39,17,0,0,0.50,0.50,0.50,27.78,17,17,0,0.13,0.10,0.20,28.35,17,17,0,1.09,1.00,1.10,28.20,17,17,0,0.23,0.20,0.30,27.69,17,17,0
441084,0.36,0.30,0.40,28.48,17,17,0,-0.03,-0.10,0.00,28.05,17,17,0,211.72,113.30,315.10,24.41,17,0,0,0.51,0.50,0.60,27.78,17,17,0,0.14,0.10,0.20,28.37,17,17,0,1.09,1.00,1.10,28.20,17,17,0,0.22,0.20,0.30,27.69,17,17,0
441586,0.34,0.30,0.40,28.48,17,17,0,-0.01,-0.10,0.10,28.05,17,17,0,270.52,230.20,282.80,24.43,17,0,0,0.50,0.50,0.50,27.79,17,17,0,0.12,0.10,0.20,28.37,17,17,0,1.08,1.00,1.10,28.21,17,17,0,0.22,0.20,0.30,27.70,17,17,0
442086,0.34,0.30,0.40,28.47,17,17,0,-0.02,-0.10,0.00,28.04,17,17,0,262.49,253.20,271.60,24.39,17,0,0,0.51,0.50,0.60,27.77,17,17,0,0.12,0.10,0.20,28.37,17,17,0,1.08,1.00,1.10,28.21,17,17,0,0.24,0.20,0.30,27.68,17,17,0
442586,0.36,0.30,0.40,28.47,17,17,0,-0.04,-0.10,0.00,28.05,17,17,0,225.49,117.10,308.10,24.39,17,0,0,0.51,0.50,0.60,27.79,17,17,0,0.14,0.10,0.20,28.37,17,17,0,1.08,1.00,1.10,28.21,17,17,0,0.23,0.20,0.30,27.70,17,17,0
443086,0.34,0.30,0.40,28.47,17,17,0,-0.02,-0.10,0.10,28.03,17,17,0,266.34,197.10,282.50,24.43,17,0,0,0.51,0.50,0.60,27.78,17,17,0,0.12,0.10,0.20,28.37,17,17,0,1.10,1.10,1.10,28.20,17,17,0,0.22,0.20,0.30,27.70,17,17,0
443586,0.35,0.30,0.40,28.48,17,17,0,-0.01,-0.10,0.10,28.05,17,17,0,258.72,251.00,268.20,24.40,17,0,0,0.51,0.50,0.60,27.79,17,17,0,0.14,0.10,0.20,28.37,17,17,0,1.09,1.00,1.10,28.19,17,17,0,0.24,0.20,0.30,27.70,17,17,0
444086,0.35,0.30,0.40,28.47,17,17,0,0.01,-0.10,0.10,28.06,17,17,0,236.86,118.60,315.00,24.38,17,0,0,0.51,0.50,0.60,27.78,17,17,0,0.12,0.10,0.20,28.38,17,17,0,1.08,1.00,1.10,28.22,17,17,0,0.23,0.20,0.30,27.69,17,17,0
444591,0.35,0.30,0.40,28.48,17,17,0,0.00,-0.10,0.10,28.06,17,17,0,250.84,148.90,281.50,24.44,17,0,0,0.50,0.50,0.50,27.80,17,17,0,0.12,0.10,0.20,28.38,17,17,0,1.09,1.00,1.10,28.21,17,17,0,0.24,0.20,0.30,27.69,17,17,0
445091,0.36,0.30,0.40,28.49,17,17,0,-0.01,-0.10,0.00,28.06,17,17,0,253.19,246.60,261.90,24.40,17,0,0,0.50,0.50,0.50,27.77,17,17,0,0.12,0.10,0.20,28.38,17,17,0,1.10,1.10,1.10,28.20,17,17,0,0.21,0.20,0.30,27.70,17,17,0
445591,0.35,0.30,0.40,28.47,17,17,0,0.00,-0.10,0.10,28.06,17,17,0,253.56,239.60,280.50,24.39,17,0,0,0.50,0.50,0.50,27.79,17,17,0,0.11,0.10,0.20,28.37,17,17,0,1.08,1.00,1.10,28.21,17,17,0,0.24,0.20,0.30,27.70,17,17,0
446092,0.36,0.30,0.40,28.49,17,17,0,-0.01,-0.10,0.10,28.05,17,17,0,222.04,119.10,281.70,24.42,17,0,0,0.51,0.50,0.60,27.79,17,17,0,0.11,0.10,0.20,28.38,17,17,0,1.09,1.00,1.10,28.21,17,17,0,0.22,0.20,0.30,27.70,17,17,0
446592,0.33,0.30,0.40,28.48,17,17,0,-0.04,-0.10,0.10,28.06,17,17,0,259.92,251.20,273.60,24.42,17,0,0,0.50,0.50,0.50,27.77,17,17,0,0.13,0.10,0.20,28.37,17,17,0,1.09,1.00,1.10,28.23,17,17,0,0.24,0.20,0.30,27.70,17,17,0
447092,0.35,0.30,0.40,28.47,17,17,0,-0.01,-0.10,0.10,28.04,17,17,0,253.91,246.00,265.70,24.41,17,0,0,0.51,0.50,0.60,27.79,17,17,0,0.11,0.10,0.20,28.38,17,17,0,1.09,1.00,1.10,28.22,17,17,0,0.22,0.20,0.30,27.71,17,17,0
447594,0.35,0.30,0.40,28.48,17,17,0,-0.01,-0.10,0.10,28.05,17,17,0,206.70,119.60,278.90,24.42,17,0,0,0.51,0.50,0.60,27.79,17,17,0,0.12,0.10,0.20,28.37,17,17,0,1.08,1.00,1.10,28.22,17,17,0,0.25,0.20,0.30,27.70,17,17,0
448094,0.36,0.30,0.40,28.48,17,17,0,-0.04,-0.10,0.00,28.04,17,17,0,267.16,257.60,277.70,24.39,17,0,0,0.52,0.50,0.60,27.79,17,17,0,0.11,0.10,0.20,28.37,17,17,0,1.09,1.00,1.10,28.20,17,17,0,0.24,0.20,0.30,27.69,17,17,0
448594,0.34,0.30,0.40,28.47,16,16,0,0.00,-0.10,0.10,28.05,16,16,0,259.08,254.10,265.60,24.39,16,0,0,0.50,0.50,0.50,27.78,16,16,0,0.13,0.10,0.20,28.39,16,16,0,1.09,1.00,1.10,28.22,16,16,0,0.24,0.20,0.30,27.71,16,16,0
449098,0.36,0.30,0.40,28.48,17,17,0,-0.01,-0.10,0.10,28.05,17,17,0,207.83,117.80,281.30,24.39,17,0,0,0.51,0.50,0.60,27.78,17,17,0,0.10,0.10,0.10,28.38,17,17,0,1.09,1.00,1.10,28.20,17,17,0,0.23,0.20,0.30,27.68,17,17,0
449606,0.32,0.30,0.40,28.46,17,17,0,-0.02,-0.10,0.10,28.04,17,17,0,271.68,258.20,282.80,24.40,17,0,0,0.50,0.50,0.50,27.79,17,17,0,0.12,0.10,0.20,28.39,17,17,0,1.09,1.00,1.10,28.23,17,17,0,0.23,0.20,0.30,27.69,17,17,0
450106,0.36,0.30,0.40,28.47,17,17,0,-0.01,-0.10,0.00,28.05,17,17,0,257.96,249.80,266.40,24.38,17,0,0,0.49,0.40,0.50,27.81,17,17,0,0.14,0.10,0.20,28.38,17,17,0,1.06,1.00,1.10,28.22,17,17,0,0.23,0.20,0.30,27.71,17,17,0
450606,0.35,0.30,0.40,28.47,17,17,0,0.00,-0.10,0.10,28.06,17,17,0,200.86,107.20,314.20,24.39,17,0,0,0.51,0.50,0.60,27.79,17,17,0,0.11,0.10,0.20,28.36,17,17,0,1.09,1.00,1.10,28.21,17,17,0,0.22,0.20,0.30,27.70,17,17,0
451109,0.34,0.30,0.40,28.48,17,17,0,-0.02,-0.10,0.10,28.07,17,17,0,263.36,250.30,279.90,24.40,17,0,0,0.50,0.50,0.50,27.80,17,17,0,0.12,0.10,0.20,28.37,17,17,0,1.10,1.10,1.10,28.21,17,17,0,0.22,0.20,0.30,27.69,17,17,0
451614,0.35,0.30,0.40,28.48,17,17,0,0.00,-0.10,0.10,28.05,17,17,0,248.61,239.90,259.00,24.39,17,0,0,0.52,0.50,0.60,27.77,17,17,0,0.11,0.10,0.20,28.38,17,17,0,1.09,1.00,1.10,28.21,17,17,0,0.21,0.20,0.30,27.70,17,17,0
452121,0.37,0.30,0.40,28.48,17,17,0,-0.01,-0.10,0.10,28.06,17,17,0,192.29,97.80,303.90,24.40,17,0,0,0.51,0.50,0.60,27.79,17,17,0,0.11,0.10,0.20,28.38,17,17,0,1.10,1.10,1.10,28.21,17,17,0,0.21,0.20,0.30,27.71,17,17,0
452625,0.34,0.30,0.40,28.49,17,17,0,-0.02,-0.10,0.10,28.05,17,17,0,260.15,245.60,272.30,24.42,17,0,0,0.50,0.50,0.50,27.80,17,17,0,0.12,0.10,0.20,28.38,17,17,0,1.10,1.10,1.10,28.23,17,17,0,0.22,0.20,0.30,27.71,17,17,0
453125,0.35,0.30,0.40,28.48,17,17,0,0.01,-0.10,0.10,28.04,17,17,0,248.19,240.50,259.30,24.40,17,0,0,0.51,0.50,0.60,27.79,17,17,0,0.12,0.10,0.20,28.38,17,17,0,1.09,1.00,1.10,28.22,17,17,0,0.22,0.20,0.30,27.70,17,17,0
453632,0.34,0.30,0.40,28.47,17,17,0,-0.02,-0.10,0.00,28.06,17,17,0,215.62,107.20,294.80,24.41,17,0,0,0.51,0.50,0.60,27.78,17,17,0,0.12,0.10,0.20,28.39,17,17,0,1.09,1.00,1.10,28.22,17,17,0,0.24,0.20,0.30,27.71,17,17,0
454137,0.35,0.30,0.40,28.48,17,17,0,-0.03,-0.10,0.00,28.07,17,17,0,255.51,166.30,277.50,24.44,17,0,0,0.50,0.50,0.50,27.78,17,17,0,0.14,0.10,0.20,28.39,17,17,0,1.08,1.00,1.10,28.23,17,17,0,0.21,0.20,0.30,27.72,17,17,0
454638,0.35,0.30,0.40,28.48,17,17,0,0.02,-0.10,0.10,28.07,17,17,0,253.37,246.10,261.70,24.37,17,0,0,0.50,0.50,0.50,27.80,17,17,0,0.12,0.10,0.20,28.37,17,17,0,1.09,1.00,1.10,28.24,17,17,0,0.24,0.20,0.30,27.72,17,17,0
455142,0.36,0.30,0.40,28.48,17,17,0,0.01,0.00,0.10,28.06,17,17,0,250.19,180.80,305.80,24.40,17,0,0,0.50,0.40,0.60,27.80,17,17,0,0.13,0.10,0.20,28.38,17,17,0,1.08,1.00,1.10,28.23,17,17,0,0.22,0.20,0.30,27.71,17,17,0
455642,0.35,0.30,0.40,28.46,17,17,0,-0.01,-0.10,0.00,28.04,17,17,0,231.84,115.60,292.40,24.43,17,0,0,0.51,0.50,0.60,27.78,17,17,0,0.11,0.10,0.20,28.39,17,17,0,1.09,1.00,1.10,28.22,17,17,0,0.22,0.20,0.30,27.72,17,17,0
456146,0.35,0.30,0.40,28.48,17,17,0,-0.02,-0.10,0.10,28.06,17,17,0,260.43,251.40,275.50,24.40,17,0,0,0.51,0.50,0.60,27.80,17,17,0,0.12,0.10,0.20,28.39,17,17,0,1.09,1.00,1.10,28.24,17,17,0,0.21,0.20,0.30,27.71,17,17,0
456649,0.35,0.30,0.40,28.47,17,17,0,-0.01,-0.10,0.10,28.04,17,17,0,256.18,243.60,279.00,24.38,17,0,0,0.51,0.50,0.60,27.79,17,17,0,0.13,0.10,0.20,28.39,17,17,0,1.09,1.00,1.10,28.23,17,17,0,0.22,0.20,0.30,27.72,17,17,0
457149,0.36,0.30,0.40,28.48,17,17,0,0.01,-0.10,0.10,28.06,17,17,0,205.35,105.10,281.60,24.43,17,0,0,0.51,0.50,0.60,27.79,17,17,0,0.11,0.10,0.20,28.39,17,17,0,1.09,1.00,1.10,28.23,17,17,0,0.24,0.20,0.30,27.71,17,17,0
457649,0.36,0.30,0.40,28.47,17,17,0,-0.01,-0.10,0.10,28.06,17,17,0,256.76,240.70,273.00,24.40,17,0,0,0.50,0.50,0.50,27.80,17,17,0,0.13,0.10,0.20,28.38,17,17,0,1.08,1.00,1.10,28.23,17,17,0,0.22,0.20,0.30,27.70,17,17,0
458151,0.36,0.30,0.40,28.49,17,17,0,-0.02,-0.10,0.10,28.05,17,17,0,245.01,237.40,258.00,24.40,17,0,0,0.50,0.50,0.50,27.81,17,17,0,0.13,0.10,0.20,28.37,17,17,0,1.08,1.00,1.10,28.23,17,17,0,0.22,0.20,0.30,27.71,17,17,0
458651,0.37,0.30,0.40,28.49,17,17,0,-0.03,-0.10,0.10,28.06,17,17,0,184.94,92.20,281.00,24.42,17,0,0,0.51,0.50,0.60,27.80,17,17,0,0.12,0.10,0.20,28.38,17,17,0,1.09,1.00,1.10,28.23,17,17,0,0.22,0.20,0.30,27.71,17,17,0
459151,0.37,0.30,0.40,28.48,17,17,0,0.01,0.00,0.10,28.06,17,17,0,251.46,236.80,264.00,24.42,17,0,0,0.50,0.50,0.50,27.80,17,17,0,0.12,0.10,0.20,28.40,17,17,0,1.09,1.00,1.10,28.23,17,17,0,0.22,0.20,0.30,27.71,17,17,0
459651,0.38,0.30,0.40,28.47,17,17,0,-0.04,-0.10,0.10,28.06,17,17,0,237.78,230.60,242.20,24.41,17,0,0,0.51,0.50,0.60,27.79,17,17,0,0.13,0.10,0.20,28.36,17,17,0,1.09,1.00,1.10,28.23,17,17,0,0.24,0.20,0.30,27.71,17,17,0
460151,0.35,0.30,0.40,28.48,17,17,0,0.00,-0.10,0.10,28.05,17,17,0,201.84,105.80,299.60,24.42,17,0,0,0.51,0.50,0.60,27.80,17,17,0,0.12,0.10,0.20,28.38,17,17,0,1.08,1.00,1.10,28.21,17,17,0,0.22,0.20,0.30,27.73,17,17,0
460653,0.35,0.30,0.40,28.47,17,17,0,-0.05,-0.10,0.00,28.06,17,17,0,242.66,181.80,257.30,24.45,17,0,0,0.50,0.50,0.50,27.78,17,17,0,0.12,0.00,0.20,28.39,17,17,0,1.06,1.00,1.10,28.23,17,17,0,0.22,0.20,0.30,27.72,17,17,0
461157,0.34,0.30,0.40,28.48,17,17,0,-0.02,-0.10,0.10,28.05,17,17,0,241.98,236.30,250.20,24.42,17,0,0,0.51,0.50,0.60,27.80,17,17,0,0.13,0.10,0.20,28.37,17,17,0,1.08,1.00,1.10,28.23,17,17,0,0.24,0.20,0.30,27.71,17,17,0
461660,0.36,0.30,0.40,28.48,17,17,0,-0.01,-0.10,0.10,28.06,17,17,0,246.74,224.70,307.20,24.41,17,0,0,0.51,0.50,0.60,27.79,17,17,0,0.12,0.10,0.20,28.39,17,17,0,1.08,1.00,1.10,28.23,17,17,0,0.24,0.20,0.30,27.71,17,17,0
462160,0.34,0.30,0.40,28.48,17,17,0,-0.02,-0.10,0.00,28.06,17,17,0,218.05,99.80,288.90,24.43,17,0,0,0.50,0.50,0.50,27.79,17,17,0,0.12,0.10,0.20,28.38,17,17,0,1.07,1.00,1.10,28.21,17,17,0,0.22,0.20,0.30,27.71,17,17,0
462664,0.35,0.30,0.40,28.48,17,17,0,-0.02,-0.10,0.00,28.07,17,17,0,254.25,243.60,269.80,24.42,17,0,0,0.51,0.50,0.60,27.79,17,17,0,0.14,0.10,0.20,28.39,17,17,0,1.09,1.00,1.10,28.24,17,17,0,0.24,0.20,0.30,27.72,17,17,0
463164,0.37,0.30,0.40,28.49,17,17,0,-0.02,-0.10,0.00,28.06,17,17,0,248.74,242.60,261.20,24.40,17,0,0,0.51,0.50,0.60,27.80,17,17,0,0.11,0.10,0.20,28.39,17,17,0,1.08,1.00,1.10,28.24,17,17,0,0.24,0.20,0.30,27.71,17,17,0
463664,0.35,0.30,0.40,28.50,17,17,0,-0.01,-0.10,0.10,28.07,17,17,0,193.38,97.70,274.90,24.42,17,0,0,0.51,0.50,0.60,27.80,17,17,0,0.14,0.10,0.20,28.39,17,17,0,1.09,1.00,1.10,28.23,17,17,0,0.22,0.20,0.30,27.70,17,17,0
464165,0.36,0.30,0.40,28.47,17,17,0,-0.05,-0.10,0.00,28.08,17,17,0,257.94,245.80,284.10,24.40,17,0,0,0.50,0.50,0.50,27.80,17,17,0,0.12,0.10,0.20,28.38,17,17,0,1.09,1.00,1.10,28.23,17,17,0,0.23,0.20,0.30,27.70,17,17,0
464665,0.35,0.30,0.40,28.47,17,17,0,-0.03,-0.10,0.10,28.05,17,17,0,241.95,229.40,252.30,24.40,17,0,0,0.50,0.50,0.50,27.79,17,17,0,0.11,0.10,0.20,28.39,17,17,0,1.10,1.10,1.10,28.23,17,17,0,0.22,0.20,0.30,27.72,17,17,0
465166,0.34,0.30,0.40,28.48,17,17,0,0.00,-0.10,0.10,28.07,17,17,0,184.12,89.40,286.00,24.40,17,0,0,0.52,0.50,0.60,27.80,17,17,0,0.12,0.10,0.20,28.38,17,17,0,1.10,1.10,1.10,28.22,17,17,0,0.25,0.20,0.30,27.71,17,17,0
465670,0.36,0.30,0.40,28.47,17,17,0,0.00,-0.10,0.10,28.06,17,17,0,251.12,236.90,260.00,24.44,17,0,0,0.50,0.50,0.50,27.80,17,17,0,0.13,0.10,0.20,28.40,17,17,0,1.09,1.00,1.10,28.24,17,17,0,0.22,0.20,0.30,27.72,17,17,0
466176,0.36,0.30,0.40,28.48,17,17,0,-0.01,-0.10,0.10,28.05,17,17,0,233.15,224.80,242.90,24.42,17,0,0,0.51,0.50,0.60,27.80,17,17,0,0.13,0.10,0.20,28.39,17,17,0,1.10,1.10,1.10,28.24,17,17,0,0.22,0.20,0.30,27.73,17,17,0
466676,0.36,0.30,0.40,28.49,17,17,0,0.01,-0.10,0.10,28.06,17,17,0,227.08,139.70,289.90,24.42,17,0,0,0.51,0.50,0.60,27.80,17,17,0,0.13,0.10,0.20,28.38,17,17,0,1.08,1.00,1.10,28.23,17,17,0,0.22,0.20,0.30,27.72,17,17,0
467176,0.34,0.30,0.40,28.49,17,17,0,0.00,-0.10,0.10,28.06,17,17,0,212.41,89.10,258.60,24.46,17,0,0,0.50,0.50,0.50,27.81,17,17,0,0.12,0.10,0.20,28.40,17,17,0,1.10,1.10,1.10,28.23,17,17,0,0.25,0.20,0.30,27.72,17,17,0
467676,0.37,0.30,0.40,28.47,16,16,0,-0.05,-0.10,0.10,28.06,16,16,0,237.94,229.80,250.70,24.42,16,0,0,0.50,0.50,0.50,27.81,16,16,0,0.12,0.10,0.20,28.41,16,16,0,1.08,1.00,1.10,28.22,16,16,0,0.24,0.20,0.30,27.72,16,16,0
468179,0.33,0.30,0.40,28.49,17,17,0,-0.01,-0.10,0.10,28.07,17,17,0,234.39,227.20,241.80,24.41,17,0,0,0.52,0.50,0.60,27.81,17,17,0,0.11,0.10,0.20,28.39,17,17,0,1.09,1.00,1.10,28.23,17,17,0,0.24,0.20,0.30,27.72,17,17,0
468679,0.35,0.30,0.40,28.50,16,16,0,-0.04,-0.10,0.10,28.07,16,16,0,179.19,90.00,294.60,24.45,16,0,0,0.51,0.50,0.60,27.80,16,16,0,0.12,0.10,0.20,28.38,16,16,0,1.09,1.00,1.10,28.24,16,16,0,0.24,0.20,0.30,27.71,16,16,0
469179,0.34,0.30,0.40,28.48,17,17,0,-0.02,-0.10,0.10,28.06,17,17,0,257.28,245.70,270.50,24.43,17,0,0,0.50,0.50,0.50,27.81,17,17,0,0.12,0.00,0.20,28.38,17,17,0,1.09,1.00,1.10,28.24,17,17,0,0.22,0.20,0.30,27.71,17,17,0
469680,0.33,0.30,0.40,28.49,17,17,0,-0.01,-0.10,0.10,28.05,17,17,0,245.87,236.70,253.40,24.41,17,0,0,0.51,0.50,0.60,27.80,17,17,0,0.14,0.10,0.20,28.39,17,17,0,1.09,1.00,1.10,28.24,17,17,0,0.24,0.20,0.30,27.73,17,17,0
470180,0.35,0.30,0.40,28.47,17,17,0,0.00,-0.10,0.10,28.05,17,17,0,205.54,96.90,304.20,24.40,17,0,0,0.51,0.50,0.60,27.80,17,17,0,0.12,0.10,0.20,28.38,17,17,0,1.08,1.00,1.10,28.23,17,17,0,0.22,0.20,0.30,27.72,17,17,0
470685,0.35,0.30,0.40,28.49,17,17,0,-0.02,-0.10,0.10,28.07,17,17,0,264.81,202.70,279.50,24.42,17,0,0,0.50,0.50,0.50,27.81,17,17,0,0.12,0.10,0.20,28.40,17,17,0,1.10,1.10,1.10,28.23,17,17,0,0.25,0.20,0.30,27.72,17,17,0
471192,0.35,0.30,0.40,28.49,17,17,0,0.01,0.00,0.10,28.07,17,17,0,249.80,245.10,257.50,24.39,17,0,0,0.50,0.50,0.50,27.80,17,17,0,0.12,0.10,0.20,28.40,17,17,0,1.08,1.00,1.10,28.23,17,17,0,0.25,0.20,0.30,27.71,17,17,0
471692,0.35,0.30,0.40,28.49,17,17,0,-0.02,-0.10,0.10,28.07,17,17,0,234.78,117.00,306.80,24.39,17,0,0,0.50,0.50,0.50,27.80,17,17,0,0.12,0.10,0.20,28.41,17,17,0,1.09,1.00,1.10,28.22,17,17,0,0.21,0.20,0.30,27.72,17,17,0
472200,0.34,0.30,0.40,28.50,17,17,0,0.00,-0.10,0.10,28.07,17,17,0,235.18,111.70,268.10,24.45,17,0,0,0.51,0.50,0.60,27.80,17,17,0,0.13,0.10,0.20,28.40,17,17,0,1.09,1.00,1.10,28.23,17,17,0,0.22,0.20,0.30,27.73,17,17,0
472710,0.37,0.30,0.40,28.50,17,17,0,-0.03,-0.10,0.00,28.08,17,17,0,244.03,236.90,258.50,24.41,17,0,0,0.52,0.50,0.60,27.80,17,17,0,0.12,0.10,0.20,28.40,17,17,0,1.09,1.00,1.10,28.23,17,17,0,0.24,0.20,0.30,27.72,17,17,0
473214,0.38,0.30,0.40,28.49,17,17,0,-0.02,-0.10,0.00,28.07,17,17,0,234.17,227.10,246.20,24.39,17,0,0,0.51,0.50,0.60,27.81,17,17,0,0.12,0.10,0.20,28.39,17,17,0,1.10,1.10,1.10,28.24,17,17,0,0.23,0.20,0.30,27.72,17,17,0
473714,0.34,0.30,0.40,28.48,17,17,0,0.01,-0.10,0.10,28.04,17,17,0,180.08,85.30,265.80,24.45,17,0,0,0.50,0.50,0.50,27.81,17,17,0,0.14,0.10,0.20,28.40,17,17,0,1.09,1.00,1.10,28.23,17,17,0,0.22,0.20,0.30,27.72,17,17,0
474218,0.36,0.30,0.40,28.49,17,17,0,0.01,-0.10,0.10,28.07,17,17,0,247.16,234.60,264.00,24.43,17,0,0,0.50,0.50,0.50,27.81,17,17,0,0.13,0.10,0.20,28.42,17,17,0,1.08,1.00,1.10,28.23,17,17,0,0.21,0.20,0.30,27.74,17,17,0
474724,0.35,0.30,0.40,28.48,17,17,0,-0.02,-0.10,0.10,28.09,17,17,0,236.19,229.00,243.40,24.41,17,0,0,0.51,0.50,0.60,27.80,17,17,0,0.11,0.10,0.20,28.40,17,17,0,1.08,1.00,1.10,28.24,17,17,0,0.24,0.20,0.30,27.74,17,17,0
475228,0.35,0.30,0.40,28.48,17,17,0,0.00,-0.10,0.10,28.08,17,17,0,183.22,87.40,291.00,24.44,17,0,0,0.51,0.50,0.60,27.83,17,17,0,0.10,0.10,0.10,28.39,17,17,0,1.09,1.00,1.10,28.26,17,17,0,0.22,0.20,0.30,27.73,17,17,0
475738,0.35,0.30,0.40,28.49,17,17,0,0.01,-0.10,0.10,28.08,17,17,0,258.07,228.60,277.20,24.45,17,0,0,0.50,0.50,0.50,27.81,17,17,0,0.14,0.10,0.20,28.39,17,17,0,1.08,1.00,1.10,28.23,17,17,0,0.24,0.20,0.30,27.72,17,17,0
476238,0.37,0.30,0.40,28.49,17,17,0,0.02,-0.10,0.10,28.10,17,17,0,244.42,237.70,251.60,24.40,17,0,0,0.50,0.50,0.50,27.80,17,17,0,0.12,0.10,0.20,28.39,17,17,0,1.10,1.10,1.10,28.24,17,17,0,0.22,0.20,0.30,27.73,17,17,0
476738,0.37,0.30,0.40,28.48,17,17,0,-0.01,-0.10,0.10,28.07,17,17,0,234.73,128.80,291.30,24.39,17,0,0,0.50,0.50,0.50,27.81,17,17,0,0.12,0.10,0.20,28.40,17,17,0,1.09,1.00,1.10,28.24,17,17,0,0.25,0.20,0.30,27.73,17,17,0
477246,0.34,0.30,0.40,28.48,17,17,0,0.00,-0.10,0.10,28.06,17,17,0,241.38,115.70,277.70,24.45,17,0,0,0.50,0.50,0.50,27.82,17,17,0,0.13,0.10,0.20,28.41,17,17,0,1.09,1.00,1.10,28.24,17,17,0,0.23,0.20,0.30,27.74,17,17,0
477750,0.35,0.30,0.40,28.47,17,17,0,-0.02,-0.10,0.00,28.08,17,17,0,251.43,242.70,261.20,24.41,17,0,0,0.51,0.50,0.60,27.81,17,17,0,0.13,0.10,0.20,28.40,17,17,0,1.07,1.00,1.10,28.25,17,17,0,0.24,0.20,0.30,27.73,17,17,0
478257,0.35,0.30,0.40,28.49,17,17,0,-0.01,-0.10,0.10,28.07,17,17,0,245.48,234.20,294.20,24.38,17,0,0,0.49,0.40,0.50,27.81,17,17,0,0.13,0.10,0.20,28.40,17,17,0,1.09,1.00,1.10,28.23,17,17,0,0.22,0.20,0.30,27.73,17,17,0
478757,0.36,0.30,0.40,28.49,17,17,0,-0.02,-0.10,0.10,28.07,17,17,0,200.44,112.20,256.50,24.42,17,0,0,0.50,0.50,0.50,27.80,17,17,0,0.14,0.10,0.20,28.39,17,17,0,1.09,1.00,1.10,28.24,17,17,0,0.22,0.20,0.30,27.74,17,17,0
479257,0.36,0.30,0.40,28.48,17,17,0,-0.02,-0.10,0.00,28.08,17,17,0,245.21,234.50,254.80,24.42,17,0,0,0.51,0.50,0.60,27.81,17,17,0,0.14,0.10,0.20,28.41,17,17,0,1.08,1.00,1.10,28.23,17,17,0,0.24,0.20,0.30,27.73,17,17,0
479757,0.36,0.30,0.40,28.48,17,17,0,-0.01,-0.10,0.00,28.07,17,17,0,235.60,228.30,241.70,24.41,17,0,0,0.51,0.50,0.60,27.82,17,17,0,0.13,0.10,0.20,28.39,17,17,0,1.08,1.00,1.10,28.23,17,17,0,0.23,0.20,0.30,27.73,17,17,0
480257,0.36,0.30,0.40,28.49,17,17,0,-0.01,-0.10,0.10,28.08,17,17,0,174.61,77.40,298.10,24.43,17,0,0,0.50,0.50,0.50,27.81,17,17,0,0.12,0.10,0.20,28.40,17,17,0,1.08,1.00,1.10,28.25,17,17,0,0.24,0.20,0.30,27.74,17,17,0
480757,0.36,0.30,0.40,28.48,17,17,0,-0.02,-0.10,0.00,28.07,17,17,0,253.25,237.50,265.60,24.43,17,0,0,0.51,0.50,0.60,27.82,17,17,0,0.12,0.10,0.20,28.40,17,17,0,1.09,1.00,1.10,28.26,17,17,0,0.22,0.20,0.30,27.74,17,17,0
481257,0.36,0.30,0.40,28.48,17,17,0,0.00,-0.10,0.10,28.08,17,17,0,234.22,225.80,242.40,24.40,17,0,0,0.51,0.50,0.60,27.81,17,17,0,0.13,0.10,0.20,28.40,17,17,0,1.08,1.00,1.10,28.25,17,17,0,0.22,0.20,0.30,27.73,17,17,0
481758,0.35,0.30,0.40,28.50,17,17,0,-0.01,-0.10,0.10,28.08,17,17,0,230.31,129.00,307.20,24.41,17,0,0,0.52,0.50,0.60,27.80,17,17,0,0.14,0.10,0.20,28.39,17,17,0,1.06,1.00,1.10,28.24,17,17,0,0.24,0.20,0.30,27.74,17,17,0
482258,0.36,0.30,0.40,28.48,17,17,0,0.02,-0.10,0.10,28.07,17,17,0,216.55,87.00,267.40,24.45,17,0,0,0.51,0.50,0.60,27.82,17,17,0,0.10,0.10,0.10,28.40,17,17,0,1.09,1.00,1.10,28.24,17,17,0,0.21,0.20,0.30,27.74,17,17,0
482767,0.34,0.30,0.40,28.50,17,17,0,0.02,-0.10,0.10,28.07,17,17,0,246.80,237.70,256.70,24.42,17,0,0,0.50,0.50,0.50,27.80,17,17,0,0.11,0.10,0.20,28.41,17,17,0,1.09,1.00,1.10,28.25,17,17,0,0.21,0.20,0.30,27.73,17,17,0
483267,0.35,0.30,0.40,28.50,17,17,0,-0.02,-0.10,0.10,28.07,17,17,0,240.65,233.30,247.40,24.40,17,0,0,0.51,0.50,0.60,27.80,17,17,0,0.13,0.10,0.20,28.40,17,17,0,1.09,1.00,1.10,28.24,17,17,0,0.21,0.20,0.30,27.73,17,17,0
483771,0.36,0.30,0.40,28.48,17,17,0,-0.01,-0.10,0.10,28.07,17,17,0,183.59,81.40,267.70,24.43,17,0,0,0.51,0.50,0.60,27.81,17,17,0,0.12,0.10,0.20,28.39,17,17,0,1.08,1.00,1.10,28.24,17,17,0,0.22,0.20,0.30,27.73,17,17,0
484271,0.38,0.30,0.40,28.48,17,17,0,-0.01,-0.10,0.10,28.08,17,17,0,261.76,246.00,276.20,24.40,17,0,0,0.50,0.50,0.50,27.81,17,17,0,0.12,0.10,0.20,28.41,17,17,0,1.08,1.00,1.10,28.23,17,17,0,0.22,0.20,0.30,27.74,17,17,0
484771,0.34,0.30,0.40,28.50,17,17,0,-0.02,-0.10,0.00,28.07,17,17,0,248.71,239.90,253.30,24.39,17,0,0,0.51,0.50,0.60,27.80,17,17,0,0.12,0.10,0.20,28.40,17,17,0,1.08,1.00,1.10,28.24,17,17,0,0.22,0.20,0.30,27.74,17,17,0
485271,0.34,0.30,0.40,28.49,17,17,0,-0.03,-0.10,0.00,28.08,17,17,0,189.22,87.30,291.40,24.40,17,0,0,0.50,0.50,0.50,27.81,17,17,0,0.11,0.10,0.20,28.41,17,17,0,1.06,1.00,1.10,28.25,17,17,0,0.22,0.20,0.30,27.75,17,17,0
485771,0.37,0.30,0.40,28.49,17,17,0,-0.01,-0.10,0.10,28.07,17,17,0,265.39,249.80,278.80,24.42,17,0,0,0.51,0.50,0.60,27.81,17,17,0,0.11,0.10,0.20,28.40,17,17,0,1.09,1.00,1.10,28.23,17,17,0,0.22,0.20,0.30,27.73,17,17,0
486271,0.37,0.30,0.40,28.51,16,16,0,-0.01,-0.10,0.10,28.07,16,16,0,247.44,239.30,254.50,24.38,16,0,0,0.51,0.50,0.60,27.82,16,16,0,0.14,0.10,0.20,28.42,16,16,0,1.09,1.00,1.10,28.22,16,16,0,0.21,0.20,0.30,27.73,16,16,0
486771,0.37,0.30,0.40,28.50,17,17,0,0.01,-0.10,0.10,28.07,17,17,0,212.74,115.10,299.90,24.39,17,0,0,0.51,0.50,0.60,27.82,17,17,0,0.11,0.10,0.20,28.40,17,17,0,1.07,1.00,1.10,28.25,17,17,0,0.22,0.20,0.30,27.75,17,17,0
487271,0.37,0.30,0.40,28.50,17,17,0,0.01,-0.10,0.10,28.07,17,17,0,243.62,174.80,262.90,24.43,17,0,0,0.51,0.50,0.60,27.84,17,17,0,0.11,0.10,0.20,28.42,17,17,0,1.08,1.00,1.10,28.24,17,17,0,0.22,0.20,0.30,27.74,17,17,0
487771,0.36,0.30,0.40,28.48,17,17,0,-0.01,-0.10,0.10,28.07,17,17,0,243.31,233.20,253.00,24.41,17,0,0,0.51,0.50,0.60,27.81,17,17,0,0.11,0.10,0.20,28.40,17,17,0,1.08,1.00,1.10,28.24,17,17,0,0.24,0.20,0.30,27.72,17,17,0
488271,0.34,0.30,0.40,28.50,17,17,0,0.01,-0.10,0.10,28.08,17,17,0,242.46,228.50,290.90,24.38,17,0,0,0.50,0.50,0.50,27.81,17,17,0,0.11,0.10,0.20,28.40,17,17,0,1.09,1.00,1.20,28.24,17,17,0,0.22,0.20,0.30,27.74,17,17,0
488771,0.35,0.30,0.40,28.49,16,16,0,-0.04,-0.10,0.00,28.08,16,16,0,212.10,125.20,261.80,24.42,16,0,0,0.51,0.50,0.60,27.81,16,16,0,0.11,0.10,0.20,28.40,16,16,0,1.09,1.00,1.10,28.25,16,16,0,0.22,0.20,0.30,27.75,16,16,0
489275,0.35,0.30,0.40,28.50,17,17,0,0.02,-0.10,0.10,28.07,17,17,0,246.32,240.10,257.40,24.41,17,0,0,0.50,0.50,0.50,27.80,17,17,0,0.12,0.10,0.20,28.40,17,17,0,1.08,1.00,1.10,28.26,17,17,0,0.22,0.20,0.30,27.74,17,17,0
489778,0.36,0.30,0.40,28.50,17,17,0,-0.02,-0.10,0.10,28.07,17,17,0,241.84,235.00,251.40,24.40,17,0,0,0.50,0.50,0.50,27.82,17,17,0,0.11,0.10,0.20,28.41,17,17,0,1.09,1.00,1.10,28.25,17,17,0,0.22,0.20,0.30,27.74,17,17,0
490285,0.36,0.30,0.40,28.50,17,17,0,0.00,-0.10,0.10,28.08,17,17,0,185.58,91.20,272.30,24.41,17,0,0,0.51,0.50,0.60,27.80,17,17,0,0.12,0.10,0.20,28.41,17,17,0,1.08,1.00,1.10,28.24,17,17,0,0.22,0.20,0.30,27.74,17,17,0
490788,0.35,0.30,0.40,28.49,17,17,0,0.01,-0.10,0.10,28.08,17,17,0,258.86,243.60,271.40,24.41,17,0,0,0.51,0.50,0.60,27.82,17,17,0,0.13,0.10,0.20,28.40,17,17,0,1.09,1.00,1.10,28.23,17,17,0,0.22,0.20,0.30,27.73,17,17,0
491289,0.37,0.30,0.40,28.50,17,17,0,-0.01,-0.10,0.10,28.08,17,17,0,249.24,243.40,260.20,24.37,17,0,0,0.51,0.50,0.60,27.81,17,17,0,0.11,0.10,0.20,28.40,17,17,0,1.09,1.00,1.10,28.24,17,17,0,0.23,0.20,0.30,27.75,17,17,0
491793,0.35,0.30,0.40,28.49,17,17,0,-0.02,-0.10,0.10,28.09,17,17,0,192.85,95.50,305.30,24.41,17,0,0,0.50,0.50,0.50,27.82,17,17,0,0.11,0.10,0.20,28.41,17,17,0,1.10,1.10,1.10,28.23,17,17,0,0.22,0.20,0.30,27.74,17,17,0
492295,0.35,0.30,0.40,28.49,17,17,0,-0.01,-0.10,0.10,28.07,17,17,0,267.14,256.50,280.00,24.41,17,0,0,0.50,0.40,0.60,27.83,17,17,0,0.11,0.10,0.20,28.42,17,17,0,1.09,1.00,1.10,28.24,17,17,0,0.21,0.20,0.30,27.73,17,17,0
492795,0.34,0.30,0.40,28.48,17,17,0,0.02,0.00,0.10,28.07,17,17,0,250.58,242.90,261.80,24.39,17,0,0,0.51,0.50,0.60,27.82,17,17,0,0.14,0.10,0.20,28.41,17,17,0,1.09,1.00,1.10,28.25,17,17,0,0.24,0.20,0.30,27.75,17,17,0
493295,0.38,0.30,0.40,28.50,17,17,0,-0.01,-0.10,0.10,28.08,17,17,0,206.54,91.50,301.10,24.38,17,0,0,0.51,0.50,0.60,27.81,17,17,0,0.12,0.10,0.20,28.41,17,17,0,1.09,1.00,1.10,28.24,17,17,0,0.25,0.20,0.30,27.75,17,17,0
493804,0.34,0.30,0.40,28.48,17,17,0,-0.01,-0.10,0.10,28.08,17,17,0,258.76,190.00,278.60,24.43,17,0,0,0.50,0.50,0.50,27.81,17,17,0,0.11,0.10,0.20,28.42,17,17,0,1.09,1.00,1.10,28.23,17,17,0,0.24,0.20,0.30,27.73,17,17,0
494304,0.37,0.30,0.40,28.47,17,17,0,-0.02,-0.10,0.00,28.06,17,17,0,245.20,233.50,254.00,24.40,17,0,0,0.49,0.40,0.50,27.84,17,17,0,0.11,0.10,0.20,28.40,17,17,0,1.09,1.00,1.10,28.24,17,17,0,0.22,0.20,0.30,27.75,17,17,0
494811,0.34,0.30,0.40,28.50,17,17,0,0.00,-0.10,0.10,28.07,17,17,0,242.10,184.30,288.60,24.38,17,0,0,0.51,0.50,0.60,27.81,17,17,0,0.12,0.10,0.20,28.41,17,17,0,1.10,1.10,1.10,28.24,17,17,0,0.25,0.20,0.30,27.76,17,17,0
495321,0.34,0.30,0.40,28.49,17,17,0,-0.01,-0.10,0.10,28.07,17,17,0,222.49,104.80,279.50,24.43,17,0,0,0.50,0.50,0.50,27.83,17,17,0,0.11,0.10,0.20,28.42,17,17,0,1.09,1.00,1.10,28.25,17,17,0,0.23,0.20,0.30,27.74,17,17,0
495832,0.34,0.30,0.40,28.50,17,17,0,0.01,-0.10,0.10,28.07,17,17,0,247.06,236.30,261.50,24.39,17,0,0,0.51,0.50,0.60,27.83,17,17,0,0.13,0.10,0.20,28.40,17,17,0,1.09,1.00,1.10,28.26,17,17,0,0.24,0.20,0.30,27.75,17,17,0
496332,0.35,0.30,0.40,28.50,17,17,0,-0.01,-0.10,0.10,28.09,17,17,0,242.50,237.60,251.70,24.39,17,0,0,0.50,0.50,0.50,27.83,17,17,0,0.12,0.10,0.20,28.40,17,17,0,1.08,1.00,1.10,28.26,17,17,0,0.22,0.20,0.30,27.73,17,17,0
496835,0.35,0.30,0.40,28.49,17,17,0,-0.02,-0.10,0.10,28.09,17,17,0,189.61,92.40,273.00,24.41,17,0,0,0.51,0.50,0.60,27.82,17,17,0,0.12,0.10,0.20,28.40,17,17,0,1.09,1.00,1.10,28.25,17,17,0,0.24,0.20,0.30,27.75,17,17,0
497336,0.35,0.30,0.40,28.49,17,17,0,-0.02,-0.10,0.00,28.10,17,17,0,260.11,249.70,273.30,24.39,17,0,0,0.50,0.50,0.50,27.82,17,17,0,0.11,0.10,0.20,28.42,17,17,0,1.08,1.00,1.10,28.26,17,17,0,0.25,0.20,0.30,27.76,17,17,0
497836,0.32,0.30,0.40,28.50,17,17,0,-0.02,-0.10,0.10,28.08,17,17,0,249.71,239.60,257.90,24.39,17,0,0,0.51,0.50,0.60,27.82,17,17,0,0.11,0.10,0.20,28.41,17,17,0,1.09,1.00,1.10,28.24,17,17,0,0.23,0.20,0.30,27.74,17,17,0
498337,0.34,0.30,0.40,28.51,17,17,0,-0.01,-0.10,0.10,28.08,17,17,0,196.28,98.60,317.10,24.39,17,0,0,0.50,0.50,0.50,27.82,17,17,0,0.11,0.10,0.20,28.41,17,17,0,1.10,1.10,1.10,28.26,17,17,0,0.22,0.20,0.30,27.75,17,17,0
498837,0.35,0.30,0.40,28.52,17,17,0,-0.01,-0.10,0.00,28.09,17,17,0,272.45,258.00,284.10,24.39,17,0,0,0.51,0.50,0.60,27.81,17,17,0,0.11,0.10,0.20,28.42,17,17,0,1.09,1.00,1.10,28.25,17,17,0,0.23,0.20,0.30,27.76,17,17,0
499337,0.35,0.30,0.40,28.48,17,17,0,0.00,-0.10,0.10,28.09,17,17,0,256.25,247.60,264.70,24.37,17,0,0,0.51,0.50,0.60,27.82,17,17,0,0.12,0.10,0.20,28.41,17,17,0,1.09,1.00,1.10,28.25,17,17,0,0.25,0.20,0.30,27.74,17,17,0
499847,0.34,0.30,0.40,28.51,17,17,0,-0.02,-0.10,0.10,28.08,17,17,0,204.15,99.40,309.50,24.36,17,0,0,0.51,0.50,0.60,27.83,17,17,0,0.12,0.10,0.20,28.41,17,17,0,1.09,1.00,1.10,28.25,17,17,0,0.23,0.20,0.30,27.76,17,17,0
500358,0.35,0.30,0.40,28.50,17,17,0,-0.01,-0.10,0.10,28.07,17,17,0,270.63,231.70,286.40,24.39,17,0,0,0.51,0.50,0.60,27.83,17,17,0,0.11,0.10,0.20,28.40,17,17,0,1.09,1.00,1.10,28.25,17,17,0,0.24,0.20,0.30,27.75,17,17,0
500858,0.34,0.30,0.40,28.49,17,17,0,-0.01,-0.10,0.10,28.08,17,17,0,249.62,245.90,258.00,24.37,17,0,0,0.50,0.50,0.50,27.82,17,17,0,0.11,0.10,0.20,28.41,17,17,0,1.08,1.00,1.10,28.25,17,17,0,0.26,0.20,0.30,27.75,17,17,0
501358,0.36,0.30,0.40,28.49,17,17,0,-0.01,-0.10,0.10,28.09,17,17,0,218.99,86.60,299.90,24.37,17,0,0,0.50,0.50,0.50,27.82,17,17,0,0.13,0.10,0.20,28.40,17,17,0,1.08,1.00,1.10,28.26,17,17,0,0.25,0.20,0.30,27.76,17,17,0
501860,0.34,0.30,0.40,28.49,17,17,0,-0.01,-0.10,0.00,28.09,17,17,0,247.21,134.00,272.00,24.42,17,0,0,0.50,0.50,0.50,27.84,17,17,0,0.14,0.10,0.20,28.41,17,17,0,1.09,1.00,1.10,28.25,17,17,0,0.24,0.20,0.30,27.76,17,17,0
502364,0.36,0.30,0.40,28.50,17,17,0,0.00,-0.10,0.10,28.09,17,17,0,246.21,238.90,256.90,24.38,17,0,0,0.50,0.50,0.50,27.81,17,17,0,0.12,0.10,0.20,28.39,17,17,0,1.09,1.00,1.10,28.25,17,17,0,0.23,0.20,0.30,27.77,17,17,0
502864,0.35,0.30,0.40,28.50,17,17,0,-0.02,-0.10,0.00,28.07,17,17,0,244.36,233.90,299.20,24.39,17,0,0,0.51,0.50,0.60,27.82,17,17,0,0.12,0.10,0.20,28.41,17,17,0,1.09,1.00,1.10,28.25,17,17,0,0.21,0.20,0.30,27.76,17,17,0
503376,0.35,0.30,0.40,28.49,17,17,0,-0.01,-0.10,0.10,28.08,17,17,0,202.08,94.50,279.20,24.44,17,0,0,0.50,0.50,0.50,27.81,17,17,0,0.12,0.10,0.20,28.40,17,17,0,1.08,1.00,1.10,28.27,17,17,0,0.22,0.20,0.30,27.74,17,17,0
503876,0.36,0.30,0.40,28.52,17,17,0,-0.01,-0.10,0.10,28.08,17,17,0,254.24,238.20,270.30,24.39,17,0,0,0.51,0.50,0.60,27.82,17,17,0,0.12,0.10,0.20,28.42,17,17,0,1.09,1.00,1.10,28.26,17,17,0,0.25,0.20,0.30,27.76,17,17,0
504377,0.35,0.30,0.40,28.51,17,17,0,-0.02,-0.10,0.10,28.09,17,17,0,244.98,235.90,254.90,24.38,17,0,0,0.51,0.50,0.60,27.83,17,17,0,0.12,0.10,0.20,28.42,17,17,0,1.10,1.10,1.10,28.26,17,17,0,0.23,0.20,0.30,27.76,17,17,0
504879,0.35,0.30,0.40,28.51,17,17,0,-0.01,-0.10,0.10,28.08,17,17,0,190.69,91.30,298.70,24.39,17,0,0,0.51,0.50,0.60,27.82,17,17,0,0.11,0.10,0.20,28.41,17,17,0,1.08,1.00,1.10,28.25,17,17,0,0.22,0.20,0.30,27.74,17,17,0
505390,0.35,0.30,0.40,28.50,17,17,0,-0.02,-0.10,0.00,28.09,17,17,0,265.16,245.30,285.20,24.39,17,0,0,0.51,0.50,0.60,27.84,17,17,0,0.14,0.10,0.20,28.42,17,17,0,1.08,1.00,1.10,28.26,17,17,0,0.24,0.20,0.30,27.76,17,17,0
505890,0.36,0.30,0.40,28.51,17,17,0,-0.01,-0.10,0.10,28.08,17,17,0,252.77,243.80,261.20,24.39,17,0,0,0.51,0.50,0.60,27.82,17,17,0,0.12,0.10,0.20,28.42,17,17,0,1.08,1.00,1.10,28.26,17,17,0,0.24,0.20,0.30,27.76,17,17,0
506391,0.34,0.30,0.40,28.51,17,17,0,-0.03,-0.10,0.00,28.07,17,17,0,196.13,92.30,306.20,24.39,17,0,0,0.51,0.50,0.60,27.81,17,17,0,0.12,0.10,0.20,28.43,17,17,0,1.09,1.00,1.10,28.27,17,17,0,0.24,0.20,0.30,27.77,17,17,0
506894,0.33,0.30,0.40,28.49,17,17,0,-0.02,-0.10,0.10,28.09,17,17,0,271.99,255.10,284.60,24.39,17,0,0,0.51,0.50,0.60,27.82,17,17,0,0.12,0.10,0.20,28.41,17,17,0,1.10,1.10,1.10,28.26,17,17,0,0.24,0.20,0.30,27.77,17,17,0
507394,0.34,0.30,0.40,28.51,17,17,0,-0.01,-0.10,0.10,28.09,17,17,0,253.19,241.30,261.00,24.36,17,0,0,0.51,0.50,0.60,27.83,17,17,0,0.12,0.10,0.20,28.42,17,17,0,1.09,1.00,1.10,28.24,17,17,0,0.22,0.20,0.30,27.76,17,17,0
507894,0.35,0.30,0.40,28.49,17,17,0,-0.01,-0.10,0.10,28.08,17,17,0,209.42,92.10,308.40,24.37,17,0,0,0.50,0.50,0.50,27.83,17,17,0,0.12,0.10,0.20,28.42,17,17,0,1.10,1.10,1.10,28.26,17,17,0,0.24,0.20,0.30,27.76,17,17,0
508394,0.35,0.30,0.40,28.51,17,17,0,-0.02,-0.10,0.10,28.10,17,17,0,258.61,172.70,281.20,24.42,17,0,0,0.49,0.40,0.50,27.83,17,17,0,0.11,0.10,0.20,28.43,17,17,0,1.08,1.00,1.10,28.25,17,17,0,0.22,0.20,0.30,27.75,17,17,0
508903,0.36,0.30,0.40,28.49,17,17,0,-0.01,-0.10,0.10,28.08,17,17,0,246.90,235.00,255.10,24.37,17,0,0,0.51,0.50,0.60,27.82,17,17,0,0.11,0.10,0.20,28.41,17,17,0,1.09,1.00,1.10,28.26,17,17,0,0.22,0.20,0.30,27.75,17,17,0
509403,0.36,0.30,0.40,28.52,17,17,0,-0.03,-0.10,0.00,28.09,17,17,0,240.54,145.50,291.30,24.37,17,0,0,0.50,0.50,0.50,27.83,17,17,0,0.12,0.10,0.20,28.41,17,17,0,1.09,1.00,1.10,28.27,17,17,0,0.22,0.20,0.30,27.76,17,17,0
509903,0.33,0.30,0.40,28.50,17,17,0,-0.01,-0.10,0.10,28.10,17,17,0,221.38,93.60,272.50,24.42,17,0,0,0.50,0.50,0.50,27.84,17,17,0,0.12,0.10,0.20,28.43,17,17,0,1.09,1.00,1.10,28.26,17,17,0,0.23,0.20,0.30,27.76,17,17,0
510404,0.36,0.30,0.40,28.51,17,17,0,-0.01,-0.10,0.10,28.10,17,17,0,250.49,240.20,264.10,24.37,17,0,0,0.51,0.50,0.60,27.84,17,17,0,0.11,0.10,0.20,28.42,17,17,0,1.09,1.00,1.10,28.27,17,17,0,0.23,0.20,0.30,27.76,17,17,0
510907,0.34,0.30,0.40,28.51,17,17,0,0.01,-0.10,0.10,28.10,17,17,0,243.62,232.20,251.80,24.37,17,0,0,0.51,0.50,0.60,27.82,17,17,0,0.11,0.10,0.20,28.43,17,17,0,1.08,1.00,1.10,28.27,17,17,0,0.24,0.20,0.30,27.74,17,17,0
511414,0.35,0.30,0.40,28.51,17,17,0,-0.02,-0.10,0.10,28.09,17,17,0,187.63,92.10,272.80,24.41,17,0,0,0.51,0.50,0.60,27.82,17,17,0,0.11,0.10,0.20,28.42,17,17,0,1.08,1.00,1.10,28.26,17,17,0,0.25,0.20,0.30,27.76,17,17,0
511918,0.35,0.30,0.40,28.50,17,17,0,-0.01,-0.10,0.10,28.09,17,17,0,261.36,249.90,278.10,24.38,17,0,0,0.50,0.50,0.50,27.83,17,17,0,0.14,0.10,0.20,28.42,17,17,0,1.09,1.00,1.10,28.27,17,17,0,0.23,0.20,0.30,27.77,17,17,0
512419,0.35,0.30,0.40,28.51,17,17,0,0.01,0.00,0.10,28.09,17,17,0,249.72,245.00,258.80,24.36,17,0,0,0.50,0.50,0.50,27.83,17,17,0,0.14,0.10,0.20,28.42,17,17,0,1.09,1.00,1.10,28.28,17,17,0,0.25,0.20,0.30,27.76,17,17,0
512919,0.35,0.30,0.40,28.51,17,17,0,-0.02,-0.10,0.10,28.10,17,17,0,191.44,93.90,300.50,24.38,17,0,0,0.50,0.50,0.50,27.83,17,17,0,0.13,0.10,0.20,28.44,17,17,0,1.08,1.00,1.10,28.27,17,17,0,0.24,0.20,0.30,27.76,17,17,0
513419,0.35,0.30,0.40,28.50,16,16,0,-0.04,-0.10,0.00,28.11,16,16,0,265.84,249.00,281.00,24.40,16,0,0,0.51,0.50,0.60,27.84,16,16,0,0.11,0.10,0.20,28.42,16,16,0,1.10,1.10,1.10,28.26,16,16,0,0.24,0.20,0.30,27.76,16,16,0
513919,0.37,0.30,0.40,28.51,17,17,0,-0.02,-0.10,0.10,28.08,17,17,0,249.54,241.50,260.70,24.38,17,0,0,0.50,0.50,0.50,27.82,17,17,0,0.12,0.10,0.20,28.43,17,17,0,1.08,1.00,1.10,28.27,17,17,0,0.22,0.20,0.30,27.77,17,17,0
514419,0.36,0.30,0.40,28.51,17,17,0,-0.04,-0.10,0.00,28.09,17,17,0,194.38,88.80,304.80,24.36,17,0,0,0.51,0.50,0.60,27.82,17,17,0,0.13,0.10,0.20,28.42,17,17,0,1.09,1.00,1.10,28.26,17,17,0,0.24,0.20,0.30,27.76,17,17,0
514919,0.34,0.30,0.40,28.52,17,17,0,-0.02,-0.10,0.10,28.10,17,17,0,258.94,216.00,273.60,24.42,17,0,0,0.50,0.50,0.50,27.83,17,17,0,0.11,0.10,0.20,28.42,17,17,0,1.08,1.00,1.10,28.26,17,17,0,0.24,0.20,0.30,27.77,17,17,0
515419,0.36,0.30,0.40,28.50,17,17,0,-0.03,-0.10,0.10,28.09,17,17,0,240.75,231.40,249.60,24.39,17,0,0,0.51,0.50,0.60,27.83,17,17,0,0.12,0.10,0.20,28.42,17,17,0,1.09,1.00,1.10,28.26,17,17,0,0.25,0.20,0.30,27.77,17,17,0
515923,0.36,0.30,0.40,28.51,17,17,0,-0.02,-0.10,0.00,28.10,17,17,0,226.92,109.70,290.20,24.38,17,0,0,0.50,0.50,0.50,27.84,17,17,0,0.11,0.10,0.20,28.44,17,17,0,1.09,1.00,1.10,28.27,17,17,0,0.23,0.20,0.30,27.75,17,17,0
516423,0.39,0.30,0.40,28.51,17,17,0,-0.02,-0.10,0.10,28.10,17,17,0,224.00,91.10,266.10,24.43,17,0,0,0.50,0.50,0.50,27.84,17,17,0,0.15,0.10,0.20,28.43,17,17,0,1.09,1.00,1.10,28.26,17,17,0,0.22,0.20,0.30,27.78,17,17,0
516923,0.36,0.30,0.40,28.50,17,17,0,-0.04,-0.10,0.00,28.10,17,17,0,243.29,231.80,254.90,24.38,17,0,0,0.51,0.50,0.60,27.83,17,17,0,0.12,0.10,0.20,28.42,17,17,0,1.09,1.00,1.10,28.26,17,17,0,0.23,0.20,0.30,27.75,17,17,0
517424,0.35,0.30,0.40,28.50,17,17,0,-0.03,-0.10,0.00,28.10,17,17,0,237.21,227.20,245.50,24.38,17,0,0,0.51,0.50,0.60,27.83,17,17,0,0.12,0.10,0.20,28.43,17,17,0,1.09,1.00,1.10,28.28,17,17,0,0.21,0.20,0.30,27.77,17,17,0
517924,0.34,0.30,0.40,28.50,17,17,0,-0.00,-0.10,0.10,28.12,17,17,0,179.56,78.20,266.70,24.41,17,0,0,0.50,0.50,0.50,27.84,17,17,0,0.11,0.10,0.20,28.42,17,17,0,1.09,1.00,1.10,28.25,17,17,0,0.24,0.20,0.30,27.77,17,17,0
518424,0.36,0.30,0.40,28.50,17,17,0,0.01,-0.10,0.10,28.10,17,17,0,257.50,240.50,276.30,24.39,17,0,0,0.51,0.50,0.60,27.84,17,17,0,0.11,0.10,0.20,28.42,17,17,0,1.10,1.10,1.10,28.27,17,17,0,0.22,0.20,0.30,27.76,17,17,0
518928,0.35,0.30,0.40,28.50,17,17,0,-0.02,-0.10,0.10,28.10,17,17,0,246.71,237.50,253.00,24.38,17,0,0,0.50,0.50,0.50,27.83,17,17,0,0.10,0.10,0.10,28.43,17,17,0,1.09,1.00,1.10,28.25,17,17,0,0.22,0.20,0.30,27.77,17,17,0
519429,0.35,0.30,0.40,28.51,17,17,0,-0.01,-0.10,0.10,28.09,17,17,0,202.48,111.80,295.00,24.37,17,0,0,0.50,0.50,0.50,27.84,17,17,0,0.11,0.10,0.20,28.43,17,17,0,1.08,1.00,1.10,28.27,17,17,0,0.21,0.20,0.30,27.77,17,17,0
519929,0.36,0.30,0.40,28.51,17,17,0,-0.03,-0.10,0.00,28.09,17,17,0,263.85,237.90,275.60,24.41,17,0,0,0.50,0.50,0.50,27.82,17,17,0,0.12,0.00,0.20,28.42,17,17,0,1.10,1.10,1.10,28.27,17,17,0,0.22,0.20,0.30,27.76,17,17,0
520429,0.35,0.30,0.40,28.50,17,17,0,-0.02,-0.10,0.10,28.09,17,17,0,253.37,247.50,265.60,24.36,17,0,0,0.50,0.50,0.50,27.84,17,17,0,0.12,0.10,0.20,28.43,17,17,0,1.08,1.00,1.10,28.26,17,17,0,0.23,0.20,0.30,27.77,17,17,0
520930,0.34,0.30,0.40,28.50,17,17,0,-0.03,-0.10,0.00,28.09,17,17,0,207.19,96.20,310.80,24.38,17,0,0,0.51,0.50,0.60,27.84,17,17,0,0.12,0.10,0.20,28.42,17,17,0,1.08,1.00,1.10,28.26,17,17,0,0.24,0.20,0.30,27.78,17,17,0
521430,0.33,0.30,0.40,28.52,17,17,0,-0.02,-0.10,0.10,28.09,17,17,0,268.94,208.30,283.20,24.40,17,0,0,0.51,0.50,0.60,27.84,17,17,0,0.11,0.10,0.20,28.43,17,17,0,1.08,1.00,1.10,28.27,17,17,0,0.22,0.20,0.30,27.77,17,17,0
521930,0.34,0.30,0.40,28.50,17,17,0,0.01,-0.10,0.10,28.09,17,17,0,249.75,240.50,258.70,24.35,17,0,0,0.50,0.50,0.50,27.84,17,17,0,0.13,0.10,0.20,28.41,17,17,0,1.09,1.00,1.10,28.27,17,17,0,0.22,0.20,0.30,27.77,17,17,0
522430,0.36,0.30,0.40,28.51,17,17,0,0.00,-0.10,0.10,28.09,17,17,0,223.69,90.70,296.30,24.35,17,0,0,0.50,0.50,0.50,27.84,17,17,0,0.12,0.10,0.20,28.44,17,17,0,1.08,1.00,1.10,28.27,17,17,0,0.25,0.20,0.30,27.77,17,17,0
522940,0.34,0.30,0.40,28.50,17,17,0,-0.02,-0.10,0.00,28.09,17,17,0,245.05,127.60,279.90,24.41,17,0,0,0.50,0.50,0.50,27.84,17,17,0,0.13,0.10,0.20,28.43,17,17,0,1.09,1.00,1.10,28.27,17,17,0,0.24,0.20,0.30,27.78,17,17,0
523451,0.35,0.30,0.40,28.52,17,17,0,0.00,-0.10,0.10,28.11,17,17,0,245.00,236.60,253.70,24.36,17,0,0,0.50,0.40,0.60,27.84,17,17,0,0.12,0.10,0.20,28.43,17,17,0,1.08,1.00,1.10,28.26,17,17,0,0.24,0.20,0.30,27.78,17,17,0
523954,0.36,0.30,0.40,28.51,17,17,0,-0.02,-0.10,0.10,28.10,17,17,0,242.24,233.80,287.50,24.37,17,0,0,0.50,0.50,0.50,27.83,17,17,0,0.11,0.10,0.20,28.43,17,17,0,1.09,1.00,1.10,28.26,17,17,0,0.22,0.20,0.30,27.77,17,17,0
524454,0.36,0.30,0.40,28.52,16,16,0,-0.02,-0.10,0.10,28.09,16,16,0,202.78,92.70,272.10,24.43,16,0,0,0.50,0.50,0.50,27.83,16,16,0,0.11,0.00,0.20,28.42,16,16,0,1.09,1.00,1.10,28.28,16,16,0,0.23,0.20,0.30,27.78,16,16,0
524954,0.35,0.30,0.40,28.52,17,17,0,-0.02,-0.10,0.10,28.11,17,17,0,252.01,245.00,264.00,24.40,17,0,0,0.51,0.50,0.60,27.83,17,17,0,0.10,0.10,0.10,28.41,17,17,0,1.08,1.00,1.10,28.26,17,17,0,0.22,0.20,0.30,27.79,17,17,0
525455,0.37,0.30,0.40,28.51,17,17,0,-0.02,-0.10,0.00,28.11,17,17,0,242.06,236.50,249.90,24.38,17,0,0,0.51,0.50,0.60,27.82,17,17,0,0.11,0.10,0.20,28.45,17,17,0,1.09,1.00,1.10,28.26,17,17,0,0.22,0.20,0.30,27.79,17,17,0
525955,0.36,0.30,0.40,28.51,17,17,0,0.00,-0.10,0.10,28.11,17,17,0,189.55,93.90,302.40,24.38,17,0,0,0.51,0.50,0.60,27.83,17,17,0,0.12,0.10,0.20,28.44,17,17,0,1.09,1.00,1.10,28.26,17,17,0,0.23,0.20,0.30,27.77,17,17,0
526457,0.37,0.30,0.40,28.51,17,17,0,-0.02,-0.10,0.10,28.11,17,17,0,267.73,249.40,280.70,24.37,17,0,0,0.51,0.50,0.60,27.85,17,17,0,0.11,0.00,0.20,28.42,17,17,0,1.09,1.00,1.10,28.28,17,17,0,0.23,0.20,0.30,27.76,17,17,0
526957,0.34,0.30,0.40,28.50,17,17,0,-0.03,-0.10,0.10,28.10,17,17,0,251.89,244.70,259.60,24.36,17,0,0,0.51,0.50,0.60,27.84,17,17,0,0.11,0.10,0.20,28.44,17,17,0,1.10,1.10,1.10,28.27,17,17,0,0.24,0.20,0.30,27.78,17,17,0
527457,0.35,0.30,0.40,28.52,17,17,0,-0.02,-0.10,0.10,28.11,17,17,0,195.60,96.80,299.80,24.36,17,0,0,0.49,0.40,0.50,27.84,17,17,0,0.12,0.10,0.20,28.45,17,17,0,1.09,1.00,1.10,28.28,17,17,0,0.24,0.20,0.30,27.77,17,17,0
527959,0.34,0.30,0.40,28.52,17,17,0,-0.05,-0.10,0.10,28.10,17,17,0,271.65,254.60,288.90,24.37,17,0,0,0.50,0.50,0.50,27.83,17,17,0,0.11,0.10,0.20,28.45,17,17,0,1.09,1.00,1.10,28.27,17,17,0,0.22,0.20,0.30,27.78,17,17,0
528459,0.35,0.30,0.40,28.53,17,17,0,-0.03,-0.10,0.00,28.10,17,17,0,250.94,245.00,258.00,24.36,17,0,0,0.50,0.50,0.50,27.86,17,17,0,0.12,0.10,0.20,28.43,17,17,0,1.09,1.00,1.10,28.29,17,17,0,0.21,0.20,0.30,27.78,17,17,0
528959,0.32,0.30,0.40,28.53,17,17,0,-0.02,-0.10,0.10,28.09,17,17,0,199.64,90.10,293.60,24.36,17,0,0,0.50,0.50,0.50,27.84,17,17,0,0.10,0.10,0.10,28.45,17,17,0,1.09,1.00,1.10,28.27,17,17,0,0.22,0.20,0.30,27.77,17,17,0
529459,0.34,0.30,0.40,28.53,17,17,0,-0.04,-0.10,0.10,28.10,17,17,0,256.87,181.60,275.70,24.40,17,0,0,0.49,0.40,0.50,27.85,17,17,0,0.14,0.10,0.20,28.46,17,17,0,1.10,1.10,1.10,28.26,17,17,0,0.23,0.20,0.30,27.78,17,17,0
529959,0.34,0.30,0.40,28.51,17,17,0,-0.01,-0.10,0.10,28.09,17,17,0,244.37,230.70,256.60,24.36,17,0,0,0.50,0.50,0.50,27.86,17,17,0,0.12,0.10,0.20,28.45,17,17,0,1.09,1.00,1.10,28.25,17,17,0,0.24,0.20,0.30,27.78,17,17,0
530459,0.35,0.30,0.40,28.52,17,17,0,0.00,-0.10,0.10,28.10,17,17,0,239.80,199.70,288.50,24.38,17,0,0,0.51,0.50,0.60,27.85,17,17,0,0.13,0.10,0.20,28.43,17,17,0,1.09,1.00,1.10,28.26,17,17,0,0.23,0.20,0.30,27.78,17,17,0
530963,0.35,0.30,0.40,28.52,17,17,0,-0.02,-0.10,0.10,28.10,17,17,0,216.42,103.60,273.20,24.40,17,0,0,0.51,0.50,0.60,27.85,17,17,0,0.12,0.10,0.20,28.44,17,17,0,1.09,1.00,1.10,28.26,17,17,0,0.22,0.20,0.30,27.77,17,17,0
531471,0.35,0.30,0.40,28.53,17,17,0,-0.01,-0.10,0.10,28.10,17,17,0,245.88,231.40,257.90,24.37,17,0,0,0.50,0.50,0.50,27.85,17,17,0,0.11,0.10,0.20,28.44,17,17,0,1.09,1.00,1.10,28.28,17,17,0,0.22,0.20,0.30,27.78,17,17,0
531971,0.37,0.30,0.40,28.52,17,17,0,-0.03,-0.10,0.10,28.11,17,17,0,237.94,227.50,247.60,24.39,17,0,0,0.50,0.50,0.50,27.84,17,17,0,0.11,0.10,0.20,28.45,17,17,0,1.08,1.00,1.10,28.27,17,17,0,0.22,0.20,0.30,27.78,17,17,0
532472,0.34,0.30,0.40,28.52,17,17,0,-0.01,-0.10,0.10,28.11,17,17,0,182.69,80.40,271.90,24.39,17,0,0,0.50,0.50,0.50,27.84,17,17,0,0.12,0.10,0.20,28.42,17,17,0,1.09,1.00,1.10,28.27,17,17,0,0.24,0.20,0.30,27.78,17,17,0
532972,0.35,0.30,0.40,28.51,17,17,0,-0.03,-0.10,0.10,28.11,17,17,0,259.93,240.60,277.80,24.39,17,0,0,0.50,0.50,0.50,27.84,17,17,0,0.11,0.10,0.20,28.43,17,17,0,1.08,1.00,1.10,28.25,17,17,0,0.21,0.20,0.30,27.80,17,17,0
533472,0.35,0.30,0.40,28.51,17,17,0,-0.01,-0.10,0.10,28.12,17,17,0,248.09,234.90,263.60,24.35,17,0,0,0.51,0.50,0.60,27.85,17,17,0,0.11,0.10,0.20,28.44,17,17,0,1.08,1.00,1.10,28.27,17,17,0,0.22,0.20,0.30,27.78,17,17,0
533973,0.35,0.30,0.40,28.53,17,17,0,-0.01,-0.10,0.10,28.11,17,17,0,191.91,88.50,307.70,24.39,17,0,0,0.51,0.50,0.60,27.82,17,17,0,0.11,0.10,0.20,28.45,17,17,0,1.10,1.10,1.10,28.27,17,17,0,0.22,0.20,0.30,27.79,17,17,0
534473,0.35,0.30,0.40,28.52,17,17,0,-0.01,-0.10,0.10,28.11,17,17,0,270.19,256.10,284.20,24.39,17,0,0,0.51,0.50,0.60,27.85,17,17,0,0.12,0.10,0.20,28.43,17,17,0,1.09,1.00,1.10,28.26,17,17,0,0.21,0.20,0.30,27.78,17,17,0
534973,0.36,0.30,0.40,28.52,17,17,0,-0.03,-0.10,0.10,28.10,17,17,0,253.48,238.00,276.90,24.37,17,0,0,0.50,0.50,0.50,27.86,17,17,0,0.11,0.10,0.20,28.44,17,17,0,1.08,1.00,1.10,28.28,17,17,0,0.21,0.20,0.30,27.77,17,17,0
535473,0.34,0.30,0.40,28.53,17,17,0,-0.01,-0.10,0.10,28.11,17,17,0,202.97,89.00,274.30,24.34,17,0,0,0.51,0.50,0.60,27.85,17,17,0,0.11,0.10,0.20,28.44,17,17,0,1.09,1.00,1.10,28.28,17,17,0,0.22,0.20,0.30,27.79,17,17,0
535978,0.34,0.30,0.40,28.52,17,17,0,-0.02,-0.10,0.10,28.12,17,17,0,255.89,185.70,273.90,24.41,17,0,0,0.50,0.50,0.50,27.86,17,17,0,0.13,0.10,0.20,28.44,17,17,0,1.09,1.00,1.10,28.27,17,17,0,0.22,0.20,0.30,27.79,17,17,0
536478,0.35,0.30,0.40,28.52,17,17,0,-0.01,-0.10,0.10,28.11,17,17,0,243.61,232.80,253.10,24.37,17,0,0,0.50,0.50,0.50,27.85,17,17,0,0.12,0.10,0.20,28.44,17,17,0,1.09,1.00,1.10,28.27,17,17,0,0.24,0.20,0.30,27.79,17,17,0
536978,0.36,0.30,0.40,28.53,17,17,0,-0.03,-0.10,0.10,28.10,17,17,0,238.91,230.30,262.50,24.37,17,0,0,0.50,0.50,0.50,27.85,17,17,0,0.12,0.10,0.20,28.46,17,17,0,1.09,1.00,1.10,28.26,17,17,0,0.21,0.20,0.30,27.78,17,17,0
537479,0.32,0.30,0.40,28.53,17,17,0,-0.02,-0.10,0.10,28.10,17,17,0,191.82,76.80,265.20,24.41,17,0,0,0.51,0.50,0.60,27.85,17,17,0,0.11,0.10,0.20,28.43,17,17,0,1.08,1.00,1.10,28.26,17,17,0,0.22,0.20,0.30,27.78,17,17,0
537979,0.36,0.30,0.40,28.52,17,17,0,-0.04,-0.10,0.00,28.13,17,17,0,245.26,231.10,263.90,24.38,17,0,0,0.50,0.50,0.50,27.84,17,17,0,0.11,0.10,0.20,28.45,17,17,0,1.09,1.00,1.10,28.27,17,17,0,0.23,0.20,0.30,27.79,17,17,0
538480,0.35,0.30,0.40,28.52,17,17,0,-0.04,-0.10,0.00,28.10,17,17,0,234.50,226.00,240.10,24.38,17,0,0,0.51,0.50,0.60,27.85,17,17,0,0.12,0.10,0.20,28.44,17,17,0,1.08,1.00,1.10,28.28,17,17,0,0.22,0.20,0.30,27.81,17,17,0
538980,0.34,0.30,0.40,28.53,17,17,0,-0.02,-0.10,0.00,28.11,17,17,0,184.60,98.40,291.00,24.40,17,0,0,0.51,0.50,0.60,27.84,17,17,0,0.13,0.10,0.20,28.44,17,17,0,1.10,1.10,1.10,28.26,17,17,0,0.23,0.20,0.30,27.79,17,17,0
539480,0.35,0.30,0.40,28.53,17,17,0,-0.01,-0.10,0.10,28.12,17,17,0,252.02,240.50,265.90,24.42,17,0,0,0.50,0.50,0.50,27.86,17,17,0,0.11,0.10,0.20,28.44,17,17,0,1.07,1.00,1.10,28.28,17,17,0,0.23,0.20,0.30,27.79,17,17,0
539980,0.35,0.30,0.40,28.53,17,17,0,-0.01,-0.10,0.10,28.11,17,17,0,243.71,237.40,254.80,24.38,17,0,0,0.51,0.50,0.60,27.83,17,17,0,0.12,0.10,0.20,28.45,17,17,0,1.09,1.00,1.10,28.29,17,17,0,0.23,0.20,0.30,27.79,17,17,0
540480,0.35,0.30,0.40,28.53,17,17,0,-0.04,-0.10,0.10,28.12,17,17,0,191.81,96.50,289.60,24.40,17,0,0,0.50,0.50,0.50,27.84,17,17,0,0.12,0.10,0.20,28.46,17,17,0,1.07,1.00,1.10,28.28,17,17,0,0.22,0.20,0.30,27.78,17,17,0
540981,0.35,0.30,0.40,28.53,17,17,0,-0.05,-0.10,0.10,28.11,17,17,0,264.92,245.30,277.00,24.39,17,0,0,0.50,0.50,0.50,27.84,17,17,0,0.11,0.10,0.20,28.43,17,17,0,1.09,1.00,1.10,28.27,17,17,0,0.25,0.20,0.30,27.78,17,17,0
541481,0.34,0.30,0.40,28.53,17,17,0,-0.04,-0.10,0.00,28.13,17,17,0,251.28,244.50,263.80,24.36,17,0,0,0.50,0.50,0.50,27.86,17,17,0,0.10,0.10,0.10,28.44,17,17,0,1.08,1.00,1.10,28.27,17,17,0,0.24,0.20,0.30,27.80,17,17,0
541981,0.36,0.30,0.40,28.54,17,17,0,-0.05,-0.10,0.10,28.12,17,17,0,201.41,88.50,301.70,24.35,17,0,0,0.51,0.50,0.60,27.85,17,17,0,0.12,0.00,0.20,28.45,17,17,0,1.09,1.00,1.10,28.28,17,17,0,0.22,0.20,0.30,27.79,17,17,0
542481,0.34,0.30,0.40,28.54,17,17,0,-0.02,-0.10,0.10,28.11,17,17,0,259.27,201.60,271.50,24.40,17,0,0,0.50,0.40,0.60,27.85,17,17,0,0.11,0.10,0.20,28.45,17,17,0,1.10,1.10,1.10,28.28,17,17,0,0.24,0.20,0.30,27.79,17,17,0
542981,0.36,0.30,0.40,28.53,16,16,0,0.01,0.00,0.10,28.11,16,16,0,241.48,231.00,249.60,24.37,16,0,0,0.49,0.40,0.50,27.85,16,16,0,0.12,0.10,0.20,28.45,16,16,0,1.09,1.00,1.10,28.27,16,16,0,0.24,0.20,0.30,27.79,16,16,0
543484,0.36,0.30,0.40,28.52,17,17,0,-0.06,-0.10,0.10,28.12,17,17,0,237.38,173.90,286.30,24.36,17,0,0,0.51,0.50,0.60,27.85,17,17,0,0.12,0.10,0.20,28.45,17,17,0,1.08,1.00,1.10,28.28,17,17,0,0.22,0.20,0.30,27.79,17,17,0
543984,0.35,0.30,0.40,28.53,17,17,0,0.00,-0.10,0.10,28.11,17,17,0,214.31,98.00,273.00,24.43,17,0,0,0.50,0.50,0.50,27.85,17,17,0,0.11,0.10,0.20,28.45,17,17,0,1.08,1.00,1.10,28.28,17,17,0,0.24,0.20,0.30,27.79,17,17,0
544491,0.36,0.30,0.40,28.53,17,17,0,-0.01,-0.10,0.10,28.12,17,17,0,244.81,237.20,257.60,24.38,17,0,0,0.50,0.50,0.50,27.85,17,17,0,0.12,0.10,0.20,28.45,17,17,0,1.09,1.00,1.20,28.28,17,17,0,0.24,0.20,0.30,27.79,17,17,0
544995,0.34,0.30,0.40,28.53,17,17,0,-0.01,-0.10,0.10,28.12,17,17,0,237.75,230.80,246.40,24.38,17,0,0,0.49,0.40,0.50,27.85,17,17,0,0.12,0.10,0.20,28.47,17,17,0,1.08,1.00,1.10,28.28,17,17,0,0.25,0.20,0.30,27.80,17,17,0
545502,0.35,0.30,0.40,28.54,17,17,0,-0.02,-0.10,0.10,28.10,17,17,0,180.94,86.30,264.80,24.41,17,0,0,0.49,0.40,0.50,27.86,17,17,0,0.10,0.10,0.10,28.44,17,17,0,1.09,1.00,1.10,28.27,17,17,0,0.24,0.20,0.30,27.79,17,17,0
546006,0.35,0.30,0.40,28.52,17,17,0,-0.02,-0.10,0.10,28.12,17,17,0,254.94,245.00,273.20,24.40,17,0,0,0.50,0.50,0.50,27.84,17,17,0,0.12,0.10,0.20,28.46,17,17,0,1.08,1.00,1.10,28.29,17,17,0,0.25,0.20,0.30,27.79,17,17,0
546507,0.33,0.30,0.40,28.54,17,17,0,-0.02,-0.10,0.10,28.12,17,17,0,242.08,232.90,254.10,24.37,17,0,0,0.50,0.50,0.50,27.86,17,17,0,0.11,0.10,0.20,28.46,17,17,0,1.09,1.00,1.10,28.28,17,17,0,0.21,0.20,0.30,27.81,17,17,0
547010,0.36,0.30,0.40,28.52,17,17,0,0.00,-0.10,0.10,28.12,17,17,0,188.49,90.30,285.10,24.37,17,0,0,0.50,0.50,0.50,27.86,17,17,0,0.11,0.10,0.20,28.45,17,17,0,1.08,1.00,1.10,28.27,17,17,0,0.26,0.20,0.30,27.81,17,17,0
547521,0.34,0.30,0.40,28.52,17,17,0,-0.01,-0.10,0.10,28.11,17,17,0,265.11,245.30,277.40,24.40,17,0,0,0.50,0.50,0.50,27.85,17,17,0,0.10,0.10,0.10,28.44,17,17,0,1.09,1.00,1.10,28.28,17,17,0,0.24,0.20,0.30,27.80,17,17,0
548021,0.34,0.30,0.40,28.52,17,17,0,-0.02,-0.10,0.10,28.12,17,17,0,247.72,241.30,258.00,24.37,17,0,0,0.50,0.50,0.50,27.86,17,17,0,0.11,0.10,0.20,28.44,17,17,0,1.09,1.00,1.10,28.28,17,17,0,0.22,0.10,0.30,27.79,17,17,0
548526,0.35,0.30,0.40,28.53,17,17,0,-0.02,-0.10,0.10,28.11,17,17,0,217.35,91.90,279.50,24.37,17,0,0,0.50,0.50,0.50,27.86,17,17,0,0.11,0.10,0.20,28.44,17,17,0,1.08,1.00,1.10,28.29,17,17,0,0.24,0.20,0.30,27.79,17,17,0
549034,0.34,0.30,0.40,28.55,17,17,0,-0.02,-0.10,0.10,28.12,17,17,0,253.22,142.90,282.70,24.40,17,0,0,0.50,0.50,0.50,27.86,17,17,0,0.12,0.10,0.20,28.45,17,17,0,1.08,1.00,1.10,28.30,17,17,0,0.25,0.20,0.30,27.80,17,17,0
549538,0.35,0.30,0.40,28.54,17,17,0,0.00,-0.10,0.10,28.11,17,17,0,249.09,241.00,259.80,24.38,17,0,0,0.49,0.40,0.50,27.84,17,17,0,0.12,0.10,0.20,28.45,17,17,0,1.08,1.00,1.10,28.29,17,17,0,0.22,0.20,0.30,27.81,17,17,0
550041,0.35,0.30,0.40,28.53,17,17,0,-0.03,-0.10,0.00,28.13,17,17,0,242.19,187.60,291.80,24.38,17,0,0,0.50,0.50,0.50,27.86,17,17,0,0.12,0.10,0.20,28.45,17,17,0,1.07,1.00,1.10,28.28,17,17,0,0.24,0.20,0.30,27.79,17,17,0
550543,0.34,0.30,0.40,28.53,17,17,0,-0.01,-0.10,0.10,28.13,17,17,0,222.56,106.90,280.90,24.40,17,0,0,0.50,0.50,0.50,27.86,17,17,0,0.12,0.10,0.20,28.45,17,17,0,1.09,1.00,1.10,28.28,17,17,0,0.23,0.20,0.30,27.81,17,17,0
551043,0.36,0.30,0.40,28.53,17,17,0,-0.02,-0.10,0.10,28.11,17,17,0,251.38,243.80,263.30,24.38,17,0,0,0.51,0.50,0.60,27.86,17,17,0,0.11,0.10,0.20,28.44,17,17,0,1.09,1.00,1.10,28.27,17,17,0,0.25,0.20,0.30,27.79,17,17,0
551550,0.35,0.30,0.40,28.53,17,17,0,-0.02,-0.10,0.10,28.10,17,17,0,243.29,235.40,249.40,24.36,17,0,0,0.51,0.50,0.60,27.85,17,17,0,0.12,0.10,0.20,28.46,17,17,0,1.08,1.00,1.10,28.28,17,17,0,0.21,0.20,0.30,27.79,17,17,0
552053,0.35,0.30,0.40,28.55,17,17,0,-0.01,-0.10,0.10,28.12,17,17,0,192.15,89.80,280.20,24.39,17,0,0,0.50,0.50,0.50,27.85,17,17,0,0.12,0.10,0.20,28.44,17,17,0,1.09,1.00,1.10,28.28,17,17,0,0.25,0.20,0.30,27.79,17,17,0
552554,0.36,0.30,0.40,28.54,17,17,0,-0.02,-0.10,0.00,28.12,17,17,0,265.45,251.30,281.10,24.37,17,0,0,0.50,0.50,0.50,27.85,17,17,0,0.11,0.10,0.20,28.46,17,17,0,1.09,1.00,1.10,28.29,17,17,0,0.24,0.20,0.30,27.79,17,17,0
553063,0.35,0.30,0.40,28.53,17,17,0,-0.04,-0.10,0.10,28.11,17,17,0,254.51,245.30,264.40,24.37,17,0,0,0.50,0.50,0.50,27.86,17,17,0,0.11,0.10,0.20,28.46,17,17,0,1.09,1.00,1.10,28.28,17,17,0,0.23,0.20,0.30,27.78,17,17,0
553563,0.35,0.30,0.40,28.54,17,17,0,-0.04,-0.10,0.10,28.13,17,17,0,199.05,96.30,284.40,24.37,17,0,0,0.50,0.50,0.50,27.84,17,17,0,0.12,0.10,0.20,28.45,17,17,0,1.08,1.00,1.10,28.29,17,17,0,0.23,0.20,0.30,27.79,17,17,0
554065,0.34,0.30,0.40,28.54,17,17,0,-0.02,-0.10,0.10,28.10,17,17,0,277.45,260.80,295.80,24.37,17,0,0,0.50,0.50,0.50,27.85,17,17,0,0.11,0.10,0.20,28.43,17,17,0,1.09,1.00,1.10,28.29,17,17,0,0.22,0.20,0.30,27.80,17,17,0
554565,0.35,0.30,0.40,28.53,17,17,0,-0.02,-0.10,0.10,28.11,17,17,0,259.76,251.30,268.80,24.34,17,0,0,0.50,0.50,0.50,27.85,17,17,0,0.11,0.00,0.20,28.45,17,17,0,1.08,1.00,1.10,28.28,17,17,0,0.23,0.20,0.30,27.80,17,17,0
555071,0.36,0.30,0.40,28.54,17,17,0,-0.01,-0.10,0.10,28.13,17,17,0,200.42,101.20,287.00,24.35,17,0,0,0.51,0.50,0.60,27.85,17,17,0,0.12,0.10,0.20,28.45,17,17,0,1.07,1.00,1.10,28.27,17,17,0,0.24,0.20,0.30,27.80,17,17,0
555571,0.33,0.30,0.40,28.54,17,17,0,-0.03,-0.10,0.10,28.11,17,17,0,277.30,262.90,294.90,24.34,17,0,0,0.50,0.50,0.50,27.86,17,17,0,0.11,0.10,0.20,28.45,17,17,0,1.09,1.00,1.10,28.29,17,17,0,0.22,0.20,0.30,27.79,17,17,0
556074,0.35,0.30,0.40,28.54,17,17,0,-0.03,-0.10,0.10,28.12,17,17,0,258.94,252.60,270.50,24.35,17,0,0,0.50,0.50,0.50,27.86,17,17,0,0.12,0.10,0.20,28.45,17,17,0,1.08,1.00,1.10,28.29,17,17,0,0.22,0.20,0.30,27.79,17,17,0
556574,0.35,0.30,0.40,28.55,17,17,0,0.00,-0.10,0.10,28.13,17,17,0,199.76,100.30,306.60,24.34,17,0,0,0.50,0.50,0.50,27.87,17,17,0,0.11,0.10,0.20,28.44,17,17,0,1.08,1.00,1.10,28.29,17,17,0,0.23,0.20,0.30,27.80,17,17,0
557077,0.35,0.30,0.40,28.53,17,17,0,-0.03,-0.10,0.00,28.11,17,17,0,273.22,251.40,287.20,24.37,17,0,0,0.50,0.50,0.50,27.86,17,17,0,0.12,0.10,0.20,28.46,17,17,0,1.07,1.00,1.10,28.28,17,17,0,0.22,0.20,0.30,27.82,17,17,0
557584,0.34,0.30,0.40,28.54,17,17,0,-0.04,-0.10,0.00,28.11,17,17,0,255.25,246.40,265.90,24.35,17,0,0,0.51,0.50,0.60,27.85,17,17,0,0.12,0.10,0.20,28.44,17,17,0,1.09,1.00,1.10,28.27,17,17,0,0.22,0.20,0.30,27.80,17,17,0
558084,0.35,0.30,0.40,28.54,17,17,0,0.00,-0.10,0.10,28.12,17,17,0,208.14,104.00,305.80,24.36,17,0,0,0.50,0.50,0.50,27.85,17,17,0,0.11,0.00,0.20,28.47,17,17,0,1.09,1.00,1.10,28.28,17,17,0,0.22,0.20,0.30,27.79,17,17,0
558586,0.34,0.30,0.40,28.53,17,17,0,-0.02,-0.10,0.00,28.12,17,17,0,270.63,213.30,291.40,24.38,17,0,0,0.51,0.50,0.60,27.85,17,17,0,0.14,0.10,0.20,28.46,17,17,0,1.07,1.00,1.10,28.28,17,17,0,0.22,0.20,0.30,27.79,17,17,0
559089,0.36,0.30,0.40,28.54,17,17,0,-0.02,-0.10,0.10,28.12,17,17,0,259.09,249.20,270.60,24.35,17,0,0,0.50,0.50,0.50,27.83,17,17,0,0.12,0.10,0.20,28.45,17,17,0,1.09,1.00,1.10,28.32,17,17,0,0.22,0.20,0.30,27.83,17,17,0
559590,0.35,0.30,0.40,28.53,17,17,0,-0.02,-0.10,0.10,28.12,17,17,0,225.15,97.90,318.90,24.33,17,0,0,0.50,0.50,0.50,27.85,17,17,0,0.11,0.10,0.20,28.45,17,17,0,1.08,1.00,1.10,28.31,17,17,0,0.21,0.20,0.30,27.80,17,17,0
560090,0.35,0.30,0.40,28.53,17,17,0,-0.03,-0.10,0.00,28.13,17,17,0,267.80,162.00,293.20,24.37,17,0,0,0.50,0.50,0.50,27.85,17,17,0,0.13,0.10,0.20,28.46,17,17,0,1.09,1.00,1.10,28.29,17,17,0,0.22,0.20,0.30,27.80,17,17,0
560590,0.35,0.30,0.40,28.54,17,17,0,-0.01,-0.10,0.10,28.12,17,17,0,263.20,254.60,275.50,24.35,17,0,0,0.50,0.50,0.50,27.86,17,17,0,0.11,0.00,0.20,28.46,17,17,0,1.08,1.00,1.10,28.29,17,17,0,0.23,0.20,0.30,27.81,17,17,0
561090,0.36,0.30,0.40,28.54,17,17,0,-0.01,-0.10,0.10,28.12,17,17,0,239.98,105.40,301.90,24.33,17,0,0,0.50,0.50,0.50,27.86,17,17,0,0.10,0.00,0.20,28.46,17,17,0,1.07,1.00,1.10,28.29,17,17,0,0.22,0.20,0.30,27.82,17,17,0
561590,0.34,0.30,0.40,28.54,17,17,0,-0.02,-0.10,0.00,28.13,17,17,0,262.38,131.10,294.90,24.36,17,0,0,0.50,0.50,0.50,27.85,17,17,0,0.13,0.10,0.20,28.44,17,17,0,1.09,1.00,1.10,28.29,17,17,0,0.23,0.20,0.30,27.81,17,17,0
562090,0.34,0.30,0.40,28.53,16,16,0,-0.04,-0.10,0.00,28.10,16,16,0,264.43,256.10,274.90,24.33,16,0,0,0.51,0.50,0.60,27.87,16,16,0,0.11,0.10,0.20,28.45,16,16,0,1.09,1.00,1.10,28.28,16,16,0,0.23,0.20,0.30,27.82,16,16,0
562590,0.34,0.30,0.40,28.54,17,17,0,-0.02,-0.10,0.00,28.13,17,17,0,256.19,164.20,297.60,24.35,17,0,0,0.50,0.50,0.50,27.85,17,17,0,0.11,0.10,0.20,28.46,17,17,0,1.09,1.00,1.10,28.30,17,17,0,0.22,0.20,0.30,27.81,17,17,0
563091,0.35,0.30,0.40,28.53,17,17,0,-0.01,-0.10,0.10,28.14,17,17,0,251.15,117.40,306.90,24.36,17,0,0,0.50,0.50,0.50,27.85,17,17,0,0.11,0.10,0.20,28.47,17,17,0,1.09,1.00,1.10,28.29,17,17,0,0.22,0.20,0.30,27.79,17,17,0
563591,0.37,0.30,0.40,28.54,17,17,0,-0.01,-0.10,0.10,28.11,17,17,0,266.45,257.60,280.00,24.32,17,0,0,0.50,0.50,0.50,27.85,17,17,0,0.11,0.10,0.20,28.45,17,17,0,1.08,1.00,1.10,28.29,17,17,0,0.22,0.20,0.30,27.82,17,17,0
564091,0.35,0.30,0.40,28.55,17,17,0,-0.02,-0.10,0.10,28.11,17,17,0,260.98,247.10,288.40,24.33,17,0,0,0.50,0.50,0.50,27.85,17,17,0,0.12,0.10,0.20,28.46,17,17,0,1.09,1.00,1.10,28.30,17,17,0,0.22,0.20,0.30,27.80,17,17,0
564591,0.35,0.30,0.40,28.53,17,17,0,-0.05,-0.10,0.10,28.11,17,17,0,231.55,114.20,287.40,24.36,17,0,0,0.50,0.50,0.50,27.84,17,17,0,0.13,0.10,0.20,28.46,17,17,0,1.09,1.00,1.10,28.29,17,17,0,0.21,0.20,0.30,27.80,17,17,0
565094,0.35,0.30,0.40,28.53,17,17,0,-0.02,-0.10,0.10,28.12,17,17,0,264.20,255.60,278.60,24.34,17,0,0,0.49,0.40,0.50,27.86,17,17,0,0.12,0.10,0.20,28.47,17,17,0,1.08,1.00,1.10,28.29,17,17,0,0.22,0.20,0.30,27.81,17,17,0
565594,0.36,0.30,0.40,28.54,17,17,0,-0.01,-0.10,0.10,28.12,17,17,0,254.98,248.50,262.60,24.33,17,0,0,0.50,0.50,0.50,27.85,17,17,0,0.11,0.10,0.20,28.45,17,17,0,1.08,1.00,1.10,28.29,17,17,0,0.23,0.20,0.30,27.80,17,17,0
566094,0.34,0.30,0.40,28.52,17,17,0,-0.04,-0.10,0.10,28.12,17,17,0,213.24,100.00,285.40,24.37,17,0,0,0.50,0.50,0.50,27.87,17,17,0,0.12,0.10,0.20,28.45,17,17,0,1.09,1.00,1.10,28.27,17,17,0,0.24,0.20,0.30,27.80,17,17,0
566596,0.35,0.30,0.40,28.56,17,17,0,-0.02,-0.10,0.00,28.12,17,17,0,267.96,255.40,282.20,24.35,17,0,0,0.50,0.50,0.50,27.87,17,17,0,0.12,0.10,0.20,28.48,17,17,0,1.09,1.00,1.10,28.31,17,17,0,0.24,0.20,0.30,27.80,17,17,0
567099,0.34,0.30,0.40,28.54,17,17,0,-0.01,-0.10,0.10,28.12,17,17,0,256.67,249.60,266.80,24.32,17,0,0,0.50,0.50,0.50,27.86,17,17,0,0.12,0.10,0.20,28.45,17,17,0,1.09,1.00,1.10,28.31,17,17,0,0.22,0.20,0.30,27.83,17,17,0
567599,0.35,0.30,0.40,28.53,17,17,0,-0.03,-0.10,0.10,28.12,17,17,0,203.38,97.10,290.50,24.36,17,0,0,0.51,0.50,0.60,27.84,17,17,0,0.11,0.10,0.20,28.47,17,17,0,1.09,1.00,1.10,28.28,17,17,0,0.21,0.20,0.30,27.81,17,17,0
568101,0.35,0.30,0.40,28.54,17,17,0,-0.01,-0.10,0.10,28.12,17,17,0,271.89,259.50,285.60,24.35,17,0,0,0.49,0.40,0.50,27.85,17,17,0,0.10,0.10,0.10,28.46,17,17,0,1.08,1.00,1.10,28.28,17,17,0,0.23,0.20,0.30,27.80,17,17,0
568601,0.35,0.30,0.40,28.54,17,17,0,0.00,-0.10,0.10,28.14,17,17,0,257.37,245.40,269.60,24.34,17,0,0,0.50,0.50,0.50,27.86,17,17,0,0.11,0.10,0.20,28.46,17,17,0,1.07,1.00,1.10,28.30,17,17,0,0.21,0.20,0.30,27.81,17,17,0
569101,0.35,0.30,0.40,28.54,17,17,0,-0.03,-0.10,0.10,28.13,17,17,0,201.94,102.30,298.90,24.36,17,0,0,0.50,0.50,0.50,27.85,17,17,0,0.13,0.00,0.20,28.46,17,17,0,1.08,1.00,1.10,28.30,17,17,0,0.23,0.20,0.30,27.80,17,17,0
569601,0.35,0.30,0.40,28.55,16,16,0,-0.02,-0.10,0.10,28.11,16,16,0,274.34,260.40,292.10,24.34,16,0,0,0.49,0.40,0.50,27.86,16,16,0,0.12,0.10,0.20,28.47,16,16,0,1.09,1.00,1.10,28.29,16,16,0,0.23,0.20,0.30,27.81,16,16,0
570101,0.35,0.30,0.40,28.53,17,17,0,0.01,-0.10,0.10,28.12,17,17,0,257.54,247.90,265.00,24.34,17,0,0,0.50,0.50,0.50,27.85,17,17,0,0.12,0.10,0.20,28.47,17,17,0,1.08,1.00,1.10,28.30,17,17,0,0.21,0.20,0.30,27.82,17,17,0
570608,0.35,0.30,0.40,28.54,17,17,0,-0.02,-0.10,0.10,28.11,17,17,0,197.86,97.60,302.10,24.33,17,0,0,0.50,0.50,0.50,27.87,17,17,0,0.12,0.10,0.20,28.45,17,17,0,1.08,1.00,1.10,28.30,17,17,0,0.22,0.20,0.30,27.83,17,17,0
571118,0.36,0.30,0.40,28.55,17,17,0,-0.03,-0.10,0.00,28.12,17,17,0,272.53,260.10,288.30,24.36,17,0,0,0.49,0.40,0.50,27.85,17,17,0,0.11,0.10,0.20,28.46,17,17,0,1.08,1.00,1.10,28.28,17,17,0,0.23,0.20,0.30,27.84,17,17,0
571618,0.35,0.30,0.40,28.55,17,17,0,-0.01,-0.10,0.10,28.13,17,17,0,253.35,247.20,261.10,24.35,17,0,0,0.49,0.40,0.50,27.86,17,17,0,0.11,0.10,0.20,28.47,17,17,0,1.06,1.00,1.10,28.29,17,17,0,0.22,0.20,0.30,27.83,17,17,0
572118,0.34,0.30,0.40,28.53,17,17,0,-0.02,-0.10,0.10,28.12,17,17,0,197.13,97.30,276.00,24.34,17,0,0,0.50,0.50,0.50,27.87,17,17,0,0.11,0.10,0.20,28.45,17,17,0,1.09,1.00,1.10,28.28,17,17,0,0.21,0.20,0.30,27.83,17,17,0
572619,0.34,0.30,0.40,28.55,17,17,0,-0.03,-0.10,0.00,28.13,17,17,0,270.84,243.10,287.30,24.36,17,0,0,0.50,0.50,0.50,27.85,17,17,0,0.11,0.10,0.20,28.47,17,17,0,1.09,1.00,1.10,28.30,17,17,0,0.24,0.20,0.30,27.80,17,17,0
573119,0.36,0.30,0.40,28.54,17,17,0,-0.01,-0.10,0.10,28.13,17,17,0,255.48,248.50,268.70,24.33,17,0,0,0.50,0.50,0.50,27.87,17,17,0,0.11,0.10,0.20,28.46,17,17,0,1.09,1.00,1.10,28.29,17,17,0,0.22,0.20,0.30,27.82,17,17,0
573619,0.35,0.30,0.40,28.55,17,17,0,-0.03,-0.10,0.10,28.12,17,17,0,221.87,95.80,293.90,24.34,17,0,0,0.50,0.50,0.50,27.85,17,17,0,0.13,0.10,0.20,28.46,17,17,0,1.09,1.00,1.10,28.28,17,17,0,0.22,0.20,0.30,27.84,17,17,0
574119,0.37,0.30,0.40,28.55,17,17,0,-0.01,-0.10,0.10,28.13,17,17,0,261.11,150.00,288.70,24.39,17,0,0,0.50,0.50,0.50,27.85,17,17,0,0.11,0.10,0.20,28.47,17,17,0,1.09,1.00,1.10,28.29,17,17,0,0.22,0.20,0.30,27.83,17,17,0
574619,0.37,0.30,0.40,28.55,17,17,0,-0.03,-0.10,0.00,28.11,17,17,0,260.39,250.70,273.00,24.35,17,0,0,0.50,0.50,0.50,27.85,17,17,0,0.14,0.10,0.20,28.48,17,17,0,1.08,1.00,1.10,28.31,17,17,0,0.21,0.20,0.30,27.82,17,17,0
575119,0.35,0.30,0.40,28.55,17,17,0,-0.01,-0.10,0.10,28.12,17,17,0,252.48,172.50,283.20,24.34,17,0,0,0.51,0.50,0.60,27.85,17,17,0,0.11,0.10,0.20,28.46,17,17,0,1.09,1.00,1.10,28.29,17,17,0,0.22,0.20,0.30,27.82,17,17,0
575619,0.35,0.30,0.40,28.54,17,17,0,-0.02,-0.10,0.00,28.15,17,17,0,238.80,110.30,288.40,24.37,17,0,0,0.50,0.50,0.50,27.86,17,17,0,0.12,0.10,0.20,28.45,17,17,0,1.09,1.00,1.10,28.29,17,17,0,0.21,0.20,0.30,27.83,17,17,0
576119,0.34,0.30,0.40,28.55,17,17,0,-0.03,-0.10,0.00,28.11,17,17,0,264.22,253.10,278.50,24.33,17,0,0,0.50,0.50,0.50,27.86,17,17,0,0.11,0.10,0.20,28.47,17,17,0,1.08,1.00,1.10,28.29,17,17,0,0.24,0.20,0.30,27.81,17,17,0
576619,0.35,0.30,0.40,28.55,17,17,0,-0.02,-0.10,0.10,28.13,17,17,0,259.99,250.60,295.60,24.33,17,0,0,0.50,0.50,0.50,27.86,17,17,0,0.12,0.00,0.20,28.46,17,17,0,1.09,1.00,1.10,28.27,17,17,0,0.22,0.20,0.30,27.82,17,17,0
577119,0.37,0.30,0.40,28.54,17,17,0,-0.03,-0.10,0.00,28.13,17,17,0,218.61,101.20,298.10,24.35,17,0,0,0.50,0.50,0.50,27.86,17,17,0,0.11,0.10,0.20,28.47,17,17,0,1.09,1.00,1.10,28.29,17,17,0,0.22,0.20,0.30,27.80,17,17,0
577620,0.36,0.30,0.40,28.54,17,17,0,-0.02,-0.10,0.10,28.13,17,17,0,264.06,251.90,280.60,24.33,17,0,0,0.50,0.50,0.50,27.86,17,17,0,0.13,0.10,0.20,28.47,17,17,0,1.08,1.00,1.10,28.29,17,17,0,0.21,0.20,0.30,27.82,17,17,0
578120,0.36,0.30,0.40,28.53,17,17,0,-0.04,-0.10,0.00,28.13,17,17,0,254.06,245.90,265.40,24.34,17,0,0,0.50,0.50,0.50,27.85,17,17,0,0.13,0.10,0.20,28.46,17,17,0,1.09,1.00,1.10,28.29,17,17,0,0.23,0.20,0.30,27.81,17,17,0
578620,0.32,0.30,0.40,28.52,17,17,0,-0.02,-0.10,0.10,28.12,17,17,0,197.45,97.90,283.00,24.37,17,0,0,0.50,0.50,0.50,27.87,17,17,0,0.11,0.10,0.20,28.45,17,17,0,1.10,1.10,1.10,28.29,17,17,0,0.21,0.20,0.30,27.82,17,17,0
579120,0.35,0.30,0.40,28.55,17,17,0,-0.03,-0.10,0.00,28.13,17,17,0,261.66,251.20,278.60,24.36,17,0,0,0.50,0.50,0.50,27.86,17,17,0,0.12,0.10,0.20,28.48,17,17,0,1.06,1.00,1.10,28.29,17,17,0,0.24,0.20,0.30,27.84,17,17,0
579620,0.35,0.30,0.40,28.55,17,17,0,-0.06,-0.10,0.00,28.14,17,17,0,248.38,241.40,255.10,24.35,17,0,0,0.51,0.50,0.60,27.87,17,17,0,0.12,0.10,0.20,28.47,17,17,0,1.07,1.00,1.10,28.30,17,17,0,0.24,0.20,0.30,27.82,17,17,0
580120,0.36,0.30,0.40,28.54,17,17,0,-0.05,-0.10,0.00,28.13,17,17,0,201.88,108.20,281.80,24.38,17,0,0,0.50,0.50,0.50,27.85,17,17,0,0.11,0.10,0.20,28.44,17,17,0,1.08,1.00,1.10,28.30,17,17,0,0.21,0.20,0.30,27.81,17,17,0
580620,0.32,0.30,0.40,28.55,17,17,0,-0.01,-0.10,0.10,28.14,17,17,0,262.19,252.60,283.50,24.36,17,0,0,0.51,0.50,0.60,27.86,17,17,0,0.12,0.10,0.20,28.47,17,17,0,1.08,1.00,1.10,28.28,17,17,0,0.22,0.20,0.30,27.81,17,17,0
581124,0.33,0.30,0.40,28.53,16,16,0,-0.03,-0.10,0.00,28.14,16,16,0,251.03,243.30,261.30,24.34,16,0,0,0.50,0.50,0.50,27.86,16,16,0,0.12,0.10,0.20,28.49,16,16,0,1.08,1.00,1.10,28.29,16,16,0,0.25,0.20,0.30,27.82,16,16,0
581624,0.34,0.30,0.40,28.54,17,17,0,-0.03,-0.10,0.10,28.12,17,17,0,207.24,106.20,282.50,24.36,17,0,0,0.50,0.40,0.60,27.86,17,17,0,0.11,0.10,0.20,28.48,17,17,0,1.07,1.00,1.10,28.29,17,17,0,0.23,0.20,0.30,27.83,17,17,0
582124,0.35,0.30,0.40,28.55,17,17,0,-0.02,-0.10,0.00,28.12,17,17,0,265.18,250.80,279.90,24.35,17,0,0,0.50,0.50,0.50,27.86,17,17,0,0.10,0.10,0.10,28.47,17,17,0,1.07,1.00,1.10,28.28,17,17,0,0.22,0.20,0.30,27.83,17,17,0
582624,0.36,0.30,0.40,28.55,17,17,0,-0.04,-0.10,0.00,28.12,17,17,0,256.04,246.30,290.40,24.34,17,0,0,0.51,0.50,0.60,27.86,17,17,0,0.11,0.10,0.20,28.47,17,17,0,1.09,1.00,1.10,28.29,17,17,0,0.21,0.20,0.30,27.82,17,17,0
583125,0.36,0.30,0.40,28.55,17,17,0,-0.02,-0.10,0.10,28.12,17,17,0,221.02,105.90,301.70,24.37,17,0,0,0.49,0.40,0.60,27.87,17,17,0,0.12,0.10,0.20,28.49,17,17,0,1.09,1.00,1.10,28.29,17,17,0,0.22,0.20,0.30,27.83,17,17,0
583625,0.34,0.30,0.40,28.54,17,17,0,-0.02,-0.10,0.10,28.12,17,17,0,269.50,257.60,281.70,24.34,17,0,0,0.50,0.50,0.50,27.85,17,17,0,0.12,0.10,0.20,28.46,17,17,0,1.06,1.00,1.10,28.28,17,17,0,0.21,0.20,0.30,27.84,17,17,0
584125,0.34,0.30,0.40,28.53,17,17,0,-0.04,-0.10,0.10,28.13,17,17,0,257.89,248.70,272.00,24.34,17,0,0,0.49,0.40,0.50,27.85,17,17,0,0.11,0.10,0.20,28.48,17,17,0,1.09,1.00,1.10,28.27,17,17,0,0.24,0.20,0.30,27.81,17,17,0
584625,0.35,0.30,0.40,28.55,17,17,0,-0.01,-0.10,0.10,28.13,17,17,0,208.26,99.90,284.80,24.36,17,0,0,0.50,0.50,0.50,27.86,17,17,0,0.12,0.00,0.20,28.48,17,17,0,1.09,1.00,1.10,28.30,17,17,0,0.24,0.20,0.30,27.82,17,17,0
585125,0.34,0.30,0.40,28.56,17,17,0,-0.06,-0.10,0.00,28.13,17,17,0,264.33,250.90,280.70,24.34,17,0,0,0.50,0.50,0.50,27.87,17,17,0,0.12,0.10,0.20,28.47,17,17,0,1.06,1.00,1.10,28.29,17,17,0,0.22,0.20,0.30,27.82,17,17,0
585632,0.36,0.30,0.40,28.53,17,17,0,-0.02,-0.10,0.10,28.14,17,17,0,252.89,243.30,298.50,24.34,17,0,0,0.50,0.50,0.50,27.84,17,17,0,0.12,0.10,0.20,28.46,17,17,0,1.09,1.00,1.10,28.30,17,17,0,0.22,0.20,0.30,27.83,17,17,0
586137,0.35,0.30,0.40,28.54,17,17,0,-0.04,-0.10,0.00,28.14,17,17,0,210.69,107.70,280.20,24.38,17,0,0,0.50,0.50,0.50,27.85,17,17,0,0.12,0.10,0.20,28.48,17,17,0,1.08,1.00,1.10,28.30,17,17,0,0.21,0.20,0.30,27.84,17,17,0
586638,0.35,0.30,0.40,28.55,17,17,0,-0.02,-0.10,0.10,28.13,17,17,0,258.85,246.90,273.80,24.35,17,0,0,0.50,0.50,0.50,27.86,17,17,0,0.12,0.10,0.20,28.48,17,17,0,1.09,1.00,1.10,28.29,17,17,0,0.22,0.20,0.30,27.83,17,17,0
587138,0.36,0.30,0.40,28.54,17,17,0,-0.02,-0.10,0.00,28.15,17,17,0,250.49,240.90,262.00,24.33,17,0,0,0.50,0.40,0.60,27.87,17,17,0,0.12,0.10,0.20,28.48,17,17,0,1.09,1.00,1.10,28.30,17,17,0,0.23,0.20,0.30,27.83,17,17,0
587638,0.35,0.30,0.40,28.56,17,17,0,-0.03,-0.10,0.10,28.13,17,17,0,195.15,93.50,279.80,24.37,17,0,0,0.50,0.50,0.50,27.87,17,17,0,0.11,0.10,0.20,28.46,17,17,0,1.07,1.00,1.10,28.29,17,17,0,0.24,0.20,0.30,27.82,17,17,0
588138,0.34,0.30,0.40,28.55,17,17,0,0.00,-0.10,0.10,28.14,17,17,0,267.22,251.90,284.80,24.37,17,0,0,0.50,0.50,0.50,27.87,17,17,0,0.10,0.10,0.10,28.48,17,17,0,1.06,1.00,1.10,28.28,17,17,0,0.21,0.20,0.30,27.83,17,17,0
588642,0.36,0.30,0.40,28.53,17,17,0,-0.04,-0.10,0.00,28.15,17,17,0,254.86,247.80,265.10,24.34,17,0,0,0.51,0.50,0.60,27.86,17,17,0,0.11,0.10,0.20,28.47,17,17,0,1.09,1.00,1.10,28.29,17,17,0,0.22,0.20,0.30,27.83,17,17,0
589142,0.35,0.30,0.40,28.54,16,16,0,-0.03,-0.10,0.10,28.13,16,16,0,195.34,100.30,294.00,24.35,16,0,0,0.49,0.40,0.50,27.87,16,16,0,0.11,0.10,0.20,28.46,16,16,0,1.08,1.00,1.10,28.30,16,16,0,0.22,0.20,0.30,27.84,16,16,0
589642,0.35,0.30,0.40,28.53,17,17,0,-0.02,-0.10,0.00,28.13,17,17,0,275.25,262.50,288.60,24.34,17,0,0,0.50,0.50,0.50,27.87,17,17,0,0.11,0.10,0.20,28.47,17,17,0,1.08,1.00,1.10,28.31,17,17,0,0.21,0.20,0.30,27.84,17,17,0
590142,0.35,0.30,0.40,28.55,17,17,0,-0.02,-0.10,0.10,28.13,17,17,0,261.45,253.70,270.50,24.33,17,0,0,0.50,0.50,0.50,27.86,17,17,0,0.12,0.10,0.20,28.48,17,17,0,1.08,1.00,1.10,28.29,17,17,0,0.24,0.20,0.30,27.84,17,17,0
590642,0.36,0.30,0.40,28.55,17,17,0,-0.03,-0.10,0.10,28.15,17,17,0,203.44,110.40,297.80,24.33,17,0,0,0.50,0.50,0.50,27.85,17,17,0,0.12,0.10,0.20,28.48,17,17,0,1.08,1.00,1.10,28.30,17,17,0,0.22,0.20,0.30,27.84,17,17,0
591142,0.34,0.30,0.40,28.54,17,17,0,-0.01,-0.10,0.10,28.14,17,17,0,278.80,264.00,298.60,24.34,17,0,0,0.49,0.40,0.50,27.85,17,17,0,0.11,0.10,0.20,28.48,17,17,0,1.09,1.00,1.10,28.29,17,17,0,0.21,0.20,0.30,27.83,17,17,0
591643,0.34,0.30,0.40,28.53,17,17,0,-0.01,-0.10,0.10,28.14,17,17,0,257.09,247.70,267.00,24.34,17,0,0,0.49,0.40,0.50,27.86,17,17,0,0.11,0.10,0.20,28.47,17,17,0,1.08,1.00,1.10,28.31,17,17,0,0.22,0.20,0.30,27.81,17,17,0
592143,0.35,0.30,0.40,28.53,17,17,0,-0.02,-0.10,0.10,28.12,17,17,0,202.55,94.90,299.60,24.33,17,0,0,0.50,0.50,0.50,27.86,17,17,0,0.11,0.10,0.20,28.48,17,17,0,1.07,1.00,1.10,28.29,17,17,0,0.22,0.20,0.30,27.84,17,17,0
592643,0.35,0.30,0.40,28.54,17,17,0,-0.02,-0.10,0.10,28.13,17,17,0,268.76,229.60,281.10,24.37,17,0,0,0.51,0.50,0.60,27.88,17,17,0,0.12,0.10,0.20,28.48,17,17,0,1.09,1.00,1.10,28.30,17,17,0,0.24,0.20,0.30,27.84,17,17,0
593143,0.35,0.30,0.40,28.55,17,17,0,-0.02,-0.10,0.10,28.14,17,17,0,249.40,238.80,258.20,24.34,17,0,0,0.50,0.50,0.50,27.85,17,17,0,0.13,0.10,0.20,28.45,17,17,0,1.09,1.00,1.10,28.30,17,17,0,0.24,0.20,0.30,27.83,17,17,0
593643,0.34,0.30,0.40,28.53,17,17,0,-0.01,-0.10,0.10,28.15,17,17,0,228.05,104.50,278.90,24.32,17,0,0,0.50,0.50,0.50,27.87,17,17,0,0.11,0.10,0.20,28.47,17,17,0,1.07,1.00,1.10,28.30,17,17,0,0.23,0.20,0.30,27.83,17,17,0
594145,0.37,0.30,0.40,28.54,17,17,0,0.00,-0.10,0.10,28.15,17,17,0,244.92,115.70,283.30,24.37,17,0,0,0.50,0.50,0.50,27.87,17,17,0,0.12,0.10,0.20,28.48,17,17,0,1.08,1.00,1.10,28.29,17,17,0,0.22,0.20,0.30,27.84,17,17,0
594650,0.35,0.30,0.40,28.53,17,17,0,-0.02,-0.10,0.10,28.13,17,17,0,250.76,243.60,263.10,24.34,17,0,0,0.49,0.40,0.50,27.85,17,17,0,0.11,0.10,0.20,28.49,17,17,0,1.09,1.00,1.10,28.29,17,17,0,0.23,0.20,0.30,27.83,17,17,0
595150,0.35,0.30,0.40,28.55,17,17,0,0.00,-0.10,0.10,28.14,17,17,0,247.68,239.30,271.20,24.34,17,0,0,0.50,0.50,0.50,27.86,17,17,0,0.12,0.10,0.20,28.47,17,17,0,1.09,1.00,1.10,28.32,17,17,0,0.22,0.20,0.30,27.83,17,17,0
595650,0.35,0.30,0.40,28.54,16,16,0,-0.03,-0.10,0.10,28.13,16,16,0,204.92,93.10,282.10,24.38,16,0,0,0.50,0.50,0.50,27.87,16,16,0,0.11,0.10,0.20,28.49,16,16,0,1.08,1.00,1.10,28.30,16,16,0,0.24,0.20,0.30,27.84,16,16,0
596155,0.33,0.30,0.40,28.55,17,17,0,-0.02,-0.10,0.10,28.13,17,17,0,261.74,252.90,277.30,24.35,17,0,0,0.50,0.50,0.50,27.88,17,17,0,0.13,0.10,0.20,28.48,17,17,0,1.08,1.00,1.10,28.29,17,17,0,0.22,0.20,0.30,27.83,17,17,0
596655,0.36,0.30,0.40,28.53,17,17,0,-0.02,-0.10,0.10,28.13,17,17,0,249.61,245.40,257.30,24.32,17,0,0,0.51,0.50,0.60,27.86,17,17,0,0.12,0.10,0.20,28.47,17,17,0,1.08,1.00,1.10,28.30,17,17,0,0.22,0.20,0.30,27.83,17,17,0
597155,0.35,0.30,0.40,28.54,17,17,0,-0.02,-0.10,0.10,28.14,17,17,0,196.49,94.40,301.90,24.35,17,0,0,0.51,0.50,0.60,27.86,17,17,0,0.11,0.10,0.20,28.47,17,17,0,1.08,1.00,1.10,28.30,17,17,0,0.25,0.20,0.30,27.82,17,17,0
597655,0.35,0.30,0.40,28.55,17,17,0,-0.02,-0.10,0.00,28.14,17,17,0,268.85,254.50,281.30,24.35,17,0,0,0.50,0.50,0.50,27.87,17,17,0,0.11,0.10,0.20,28.47,17,17,0,1.10,1.10,1.10,28.29,17,17,0,0.23,0.20,0.30,27.82,17,17,0
598155,0.35,0.30,0.40,28.53,17,17,0,-0.03,-0.10,0.00,28.13,17,17,0,249.81,242.40,258.70,24.33,17,0,0,0.50,0.50,0.50,27.86,17,17,0,0.12,0.10,0.20,28.48,17,17,0,1.08,1.00,1.10,28.30,17,17,0,0.24,0.20,0.30,27.85,17,17,0
598656,0.35,0.30,0.40,28.54,17,17,0,-0.01,-0.10,0.00,28.15,17,17,0,189.92,89.00,293.60,24.35,17,0,0,0.50,0.50,0.50,27.86,17,17,0,0.11,0.10,0.20,28.47,17,17,0,1.10,1.10,1.10,28.31,17,17,0,0.24,0.20,0.30,27.83,17,17,0
599156,0.35,0.30,0.40,28.54,17,17,0,-0.02,-0.10,0.10,28.14,17,17,0,266.15,250.10,281.10,24.35,17,0,0,0.49,0.40,0.50,27.87,17,17,0,0.10,0.10,0.10,28.49,17,17,0,1.09,1.00,1.10,28.29,17,17,0,0.24,0.20,0.30,27.84,17,17,0
599656,0.35,0.30,0.40,28.55,16,16,0,-0.02,-0.10,0.00,28.14,16,16,0,243.56,235.60,253.10,24.34,16,0,0,0.51,0.50,0.60,27.87,16,16,0,0.12,0.10,0.20,28.49,16,16,0,1.10,1.00,1.20,28.30,16,16,0,0.24,0.20,0.30,27.83,16,16,0
600156,0.35,0.30,0.40,28.55,17,17,0,0.00,-0.10,0.10,28.14,17,17,0,210.24,83.70,282.10,24.34,17,0,0,0.50,0.50,0.50,27.87,17,17,0,0.12,0.10,0.20,28.48,17,17,0,1.09,1.00,1.10,28.29,17,17,0,0.24,0.20,0.30,27.84,17,17,0
600661,0.38,0.30,0.40,28.54,17,17,0,-0.02,-0.10,0.00,28.14,17,17,0,244.12,135.80,270.60,24.39,17,0,0,0.50,0.50,0.50,27.87,17,17,0,0.12,0.10,0.20,28.49,17,17,0,1.08,1.00,1.10,28.29,17,17,0,0.24,0.20,0.30,27.83,17,17,0
601174,0.35,0.30,0.40,28.54,17,17,0,-0.04,-0.10,0.00,28.14,17,17,0,242.15,229.90,252.40,24.36,17,0,0,0.49,0.40,0.50,27.85,17,17,0,0.11,0.10,0.20,28.48,17,17,0,1.09,1.00,1.10,28.28,17,17,0,0.23,0.20,0.30,27.83,17,17,0
601674,0.36,0.30,0.40,28.54,17,17,0,-0.04,-0.10,0.00,28.13,17,17,0,237.17,229.60,243.80,24.35,17,0,0,0.50,0.50,0.50,27.86,17,17,0,0.10,0.10,0.10,28.48,17,17,0,1.09,1.00,1.10,28.29,17,17,0,0.24,0.20,0.30,27.82,17,17,0
602174,0.35,0.30,0.40,28.55,17,17,0,0.00,-0.10,0.10,28.15,17,17,0,188.14,82.00,268.70,24.39,17,0,0,0.50,0.50,0.50,27.88,17,17,0,0.13,0.00,0.20,28.49,17,17,0,1.07,1.00,1.10,28.29,17,17,0,0.22,0.20,0.30,27.84,17,17,0
602674,0.36,0.30,0.40,28.53,17,17,0,-0.01,-0.10,0.10,28.14,17,17,0,256.41,241.80,272.90,24.38,17,0,0,0.50,0.50,0.50,27.87,17,17,0,0.14,0.10,0.20,28.47,17,17,0,1.09,1.00,1.10,28.31,17,17,0,0.24,0.20,0.30,27.85,17,17,0
603180,0.36,0.30,0.40,28.54,17,17,0,-0.04,-0.10,0.00,28.15,17,17,0,244.16,238.30,253.50,24.35,17,0,0,0.51,0.50,0.60,27.88,17,17,0,0.11,0.10,0.20,28.48,17,17,0,1.09,1.00,1.10,28.31,17,17,0,0.23,0.20,0.30,27.84,17,17,0
603680,0.35,0.30,0.40,28.55,17,17,0,-0.01,-0.10,0.00,28.15,17,17,0,185.80,92.60,294.30,24.36,17,0,0,0.50,0.50,0.50,27.87,17,17,0,0.11,0.10,0.20,28.49,17,17,0,1.09,1.00,1.10,28.31,17,17,0,0.23,0.20,0.30,27.84,17,17,0
604180,0.35,0.30,0.40,28.55,17,17,0,-0.03,-0.10,0.10,28.13,17,17,0,266.93,251.30,284.50,24.37,17,0,0,0.50,0.50,0.50,27.86,17,17,0,0.14,0.10,0.20,28.49,17,17,0,1.09,1.00,1.10,28.29,17,17,0,0.24,0.20,0.30,27.85,17,17,0
604681,0.36,0.30,0.40,28.56,17,17,0,-0.01,-0.10,0.10,28.14,17,17,0,249.02,240.30,260.80,24.34,17,0,0,0.50,0.50,0.50,27.87,17,17,0,0.12,0.10,0.20,28.49,17,17,0,1.10,1.10,1.10,28.30,17,17,0,0.24,0.20,0.30,27.84,17,17,0
605184,0.33,0.30,0.40,28.55,17,17,0,-0.02,-0.10,0.00,28.14,17,17,0,202.30,95.80,272.80,24.35,17,0,0,0.50,0.50,0.50,27.88,17,17,0,0.11,0.10,0.20,28.49,17,17,0,1.09,1.00,1.10,28.31,17,17,0,0.24,0.20,0.30,27.83,17,17,0
605686,0.39,0.30,0.40,28.54,17,17,0,-0.04,-0.10,0.10,28.13,17,17,0,260.28,193.80,275.90,24.38,17,0,0,0.51,0.50,0.60,27.87,17,17,0,0.11,0.10,0.20,28.48,17,17,0,1.08,1.00,1.10,28.30,17,17,0,0.22,0.20,0.30,27.84,17,17,0
606186,0.34,0.30,0.40,28.56,17,17,0,-0.03,-0.10,0.10,28.15,17,17,0,245.73,235.20,254.90,24.33,17,0,0,0.51,0.50,0.60,27.85,17,17,0,0.12,0.10,0.20,28.46,17,17,0,1.10,1.10,1.10,28.30,17,17,0,0.25,0.20,0.30,27.84,17,17,0
606687,0.35,0.30,0.40,28.55,17,17,0,-0.02,-0.10,0.10,28.14,17,17,0,238.34,216.20,285.50,24.36,17,0,0,0.51,0.50,0.60,27.87,17,17,0,0.12,0.10,0.20,28.49,17,17,0,1.08,1.00,1.10,28.30,17,17,0,0.24,0.20,0.30,27.84,17,17,0
607190,0.36,0.30,0.40,28.56,17,17,0,-0.04,-0.10,0.10,28.13,17,17,0,208.78,94.50,265.80,24.40,17,0,0,0.51,0.50,0.60,27.87,17,17,0,0.12,0.10,0.20,28.50,17,17,0,1.06,1.00,1.10,28.31,17,17,0,0.23,0.20,0.30,27.85,17,17,0
607690,0.34,0.30,0.40,28.55,17,17,0,0.00,-0.10,0.10,28.13,17,17,0,241.96,232.90,253.30,24.36,17,0,0,0.51,0.50,0.60,27.87,17,17,0,0.11,0.10,0.20,28.47,17,17,0,1.08,1.00,1.10,28.30,17,17,0,0.22,0.20,0.30,27.84,17,17,0
608198,0.35,0.30,0.40,28.55,17,17,0,-0.03,-0.10,0.10,28.14,17,17,0,231.14,222.30,242.50,24.37,17,0,0,0.50,0.50,0.50,27.88,17,17,0,0.12,0.10,0.20,28.49,17,17,0,1.06,1.00,1.10,28.30,17,17,0,0.24,0.20,0.30,27.85,17,17,0
608698,0.35,0.30,0.40,28.56,17,17,0,0.01,-0.10,0.10,28.14,17,17,0,176.56,86.30,256.50,24.40,17,0,0,0.51,0.50,0.60,27.87,17,17,0,0.11,0.10,0.20,28.49,17,17,0,1.08,1.00,1.10,28.29,17,17,0,0.25,0.20,0.30,27.84,17,17,0
609198,0.34,0.30,0.40,28.56,16,16,0,-0.03,-0.10,0.10,28.14,16,16,0,248.97,236.90,265.50,24.38,16,0,0,0.50,0.50,0.50,27.86,16,16,0,0.11,0.10,0.20,28.48,16,16,0,1.09,1.00,1.10,28.31,16,16,0,0.23,0.20,0.30,27.84,16,16,0
609703,0.33,0.30,0.40,28.56,17,17,0,-0.02,-0.10,0.00,28.15,17,17,0,238.36,233.50,247.00,24.37,17,0,0,0.51,0.50,0.60,27.86,17,17,0,0.12,0.10,0.20,28.49,17,17,0,1.08,1.00,1.10,28.31,17,17,0,0.24,0.20,0.30,27.84,17,17,0
610203,0.33,0.30,0.40,28.54,17,17,0,-0.02,-0.10,0.10,28.13,17,17,0,184.72,85.50,276.90,24.36,17,0,0,0.51,0.50,0.60,27.87,17,17,0,0.12,0.10,0.20,28.48,17,17,0,1.09,1.00,1.10,28.31,17,17,0,0.22,0.20,0.30,27.84,17,17,0
610703,0.35,0.30,0.40,28.55,17,17,0,-0.02,-0.10,0.00,28.15,17,17,0,259.95,217.60,276.70,24.39,17,0,0,0.50,0.50,0.50,27.89,17,17,0,0.12,0.10,0.20,28.49,17,17,0,1.09,1.00,1.10,28.31,17,17,0,0.23,0.20,0.30,27.86,17,17,0
611203,0.36,0.30,0.40,28.55,17,17,0,-0.01,-0.10,0.10,28.14,17,17,0,247.08,239.10,259.30,24.36,17,0,0,0.49,0.40,0.60,27.89,17,17,0,0.11,0.10,0.20,28.48,17,17,0,1.09,1.00,1.20,28.30,17,17,0,0.24,0.20,0.30,27.85,17,17,0
611704,0.35,0.30,0.40,28.55,17,17,0,-0.01,-0.10,0.10,28.13,17,17,0,209.52,91.00,283.20,24.35,17,0,0,0.50,0.50,0.50,27.87,17,17,0,0.12,0.10,0.20,28.48,17,17,0,1.09,1.00,1.10,28.31,17,17,0,0.22,0.20,0.30,27.84,17,17,0
612204,0.37,0.30,0.40,28.56,17,17,0,0.00,-0.10,0.10,28.14,17,17,0,251.49,150.90,277.90,24.38,17,0,0,0.50,0.50,0.50,27.88,17,17,0,0.12,0.10,0.20,28.48,17,17,0,1.09,1.00,1.10,28.30,17,17,0,0.23,0.20,0.30,27.84,17,17,0
612706,0.35,0.30,0.40,28.54,17,17,0,-0.02,-0.10,0.00,28.14,17,17,0,246.26,237.70,258.60,24.36,17,0,0,0.50,0.50,0.50,27.87,17,17,0,0.12,0.10,0.20,28.49,17,17,0,1.07,1.00,1.10,28.30,17,17,0,0.24,0.20,0.30,27.86,17,17,0
613206,0.34,0.30,0.40,28.54,17,17,0,-0.02,-0.10,0.10,28.14,17,17,0,240.20,234.70,261.00,24.35,17,0,0,0.50,0.50,0.50,27.87,17,17,0,0.14,0.10,0.20,28.49,17,17,0,1.09,1.00,1.10,28.30,17,17,0,0.23,0.20,0.30,27.85,17,17,0
613706,0.34,0.30,0.40,28.56,17,17,0,-0.01,-0.10,0.10,28.13,17,17,0,192.62,82.00,269.40,24.39,17,0,0,0.49,0.40,0.50,27.87,17,17,0,0.12,0.10,0.20,28.47,17,17,0,1.08,1.00,1.10,28.32,17,17,0,0.24,0.20,0.30,27.86,17,17,0
614206,0.36,0.30,0.40,28.55,17,17,0,-0.02,-0.10,0.10,28.15,17,17,0,248.46,235.30,266.10,24.37,17,0,0,0.50,0.50,0.50,27.86,17,17,0,0.12,0.10,0.20,28.50,17,17,0,1.08,1.00,1.10,28.30,17,17,0,0.25,0.20,0.30,27.84,17,17,0
614706,0.35,0.30,0.40,28.54,17,17,0,-0.02,-0.10,0.10,28.15,17,17,0,236.20,231.60,246.00,24.38,17,0,0,0.50,0.50,0.50,27.88,17,17,0,0.14,0.10,0.20,28.49,17,17,0,1.08,1.00,1.10,28.30,17,17,0,0.24,0.20,0.30,27.86,17,17,0
615206,0.35,0.30,0.40,28.54,17,17,0,-0.02,-0.10,0.10,28.16,17,17,0,180.03,83.60,271.30,24.37,17,0,0,0.50,0.50,0.50,27.87,17,17,0,0.11,0.10,0.20,28.48,17,17,0,1.08,1.00,1.10,28.31,17,17,0,0.24,0.20,0.30,27.86,17,17,0
615706,0.34,0.30,0.40,28.56,17,17,0,-0.04,-0.10,0.10,28.14,17,17,0,256.66,229.60,267.90,24.37,17,0,0,0.50,0.50,0.50,27.88,17,17,0,0.10,0.10,0.10,28.48,17,17,0,1.08,1.00,1.10,28.30,17,17,0,0.23,0.20,0.30,27.85,17,17,0
616206,0.36,0.30,0.40,28.55,17,17,0,-0.01,-0.10,0.10,28.14,17,17,0,241.50,235.00,254.90,24.35,17,0,0,0.50,0.50,0.50,27.88,17,17,0,0.11,0.10,0.20,28.48,17,17,0,1.08,1.00,1.10,28.32,17,17,0,0.24,0.20,0.30,27.83,17,17,0
616706,0.35,0.30,0.40,28.55,17,17,0,-0.01,-0.10,0.00,28.16,17,17,0,236.69,161.30,270.30,24.34,17,0,0,0.51,0.50,0.60,27.87,17,17,0,0.10,0.10,0.10,28.48,17,17,0,1.09,1.00,1.10,28.32,17,17,0,0.25,0.20,0.30,27.85,17,17,0
617206,0.34,0.30,0.40,28.54,17,17,0,-0.03,-0.10,0.00,28.15,17,17,0,220.93,99.20,273.20,24.39,17,0,0,0.50,0.50,0.50,27.88,17,17,0,0.11,0.10,0.20,28.48,17,17,0,1.09,1.00,1.10,28.32,17,17,0,0.23,0.20,0.30,27.85,17,17,0
617706,0.34,0.30,0.40,28.55,17,17,0,-0.01,-0.10,0.10,28.14,17,17,0,251.43,243.70,265.00,24.36,17,0,0,0.50,0.50,0.50,27.88,17,17,0,0.10,0.10,0.10,28.49,17,17,0,1.09,1.00,1.10,28.31,17,17,0,0.26,0.20,0.30,27.85,17,17,0
618206,0.36,0.30,0.40,28.56,17,17,0,-0.02,-0.10,0.10,28.14,17,17,0,244.39,239.50,253.00,24.34,17,0,0,0.50,0.50,0.50,27.88,17,17,0,0.12,0.10,0.20,28.48,17,17,0,1.09,1.00,1.10,28.31,17,17,0,0.24,0.20,0.30,27.84,17,17,0
618706,0.33,0.30,0.40,28.54,16,16,0,-0.02,-0.10,0.00,28.14,16,16,0,183.04,84.40,274.00,24.37,16,0,0,0.50,0.50,0.50,27.88,16,16,0,0.11,0.10,0.20,28.49,16,16,0,1.09,1.00,1.10,28.31,16,16,0,0.24,0.20,0.30,27.86,16,16,0
619206,0.37,0.30,0.40,28.56,17,17,0,-0.04,-0.10,0.00,28.13,17,17,0,257.45,240.40,273.00,24.36,17,0,0,0.50,0.50,0.50,27.86,17,17,0,0.12,0.00,0.20,28.47,17,17,0,1.08,1.00,1.10,28.32,17,17,0,0.24,0.20,0.30,27.84,17,17,0
619707,0.35,0.30,0.40,28.56,17,17,0,-0.01,-0.10,0.10,28.14,17,17,0,240.46,233.20,248.60,24.35,17,0,0,0.50,0.50,0.50,27.87,17,17,0,0.12,0.10,0.20,28.48,17,17,0,1.08,1.00,1.10,28.30,17,17,0,0.26,0.20,0.30,27.86,17,17,0
620211,0.35,0.30,0.40,28.55,17,17,0,-0.03,-0.10,0.10,28.15,17,17,0,182.64,91.40,292.10,24.36,17,0,0,0.50,0.50,0.50,27.88,17,17,0,0.11,0.10,0.20,28.51,17,17,0,1.08,1.00,1.10,28.32,17,17,0,0.25,0.20,0.30,27.85,17,17,0
620711,0.38,0.30,0.40,28.55,17,17,0,-0.03,-0.10,0.00,28.14,17,17,0,252.74,221.20,268.90,24.38,17,0,0,0.50,0.50,0.50,27.88,17,17,0,0.11,0.10,0.20,28.50,17,17,0,1.10,1.10,1.10,28.33,17,17,0,0.24,0.20,0.30,27.84,17,17,0
621212,0.35,0.30,0.40,28.55,17,17,0,-0.03,-0.10,0.10,28.14,17,17,0,235.50,228.40,245.60,24.37,17,0,0,0.50,0.50,0.50,27.87,17,17,0,0.11,0.10,0.20,28.50,17,17,0,1.09,1.00,1.10,28.30,17,17,0,0.23,0.20,0.30,27.86,17,17,0
621712,0.35,0.30,0.40,28.55,17,17,0,-0.02,-0.10,0.00,28.14,17,17,0,235.01,225.30,284.90,24.36,17,0,0,0.50,0.50,0.50,27.88,17,17,0,0.12,0.10,0.20,28.50,17,17,0,1.09,1.00,1.10,28.31,17,17,0,0.26,0.20,0.30,27.85,17,17,0
622216,0.35,0.30,0.40,28.56,17,17,0,-0.02,-0.10,0.10,28.16,17,17,0,194.48,73.90,271.20,24.40,17,0,0,0.50,0.50,0.50,27.87,17,17,0,0.11,0.10,0.20,28.51,17,17,0,1.08,1.00,1.10,28.32,17,17,0,0.26,0.20,0.30,27.84,17,17,0
622716,0.35,0.30,0.40,28.55,17,17,0,-0.01,-0.10,0.10,28.15,17,17,0,243.12,231.60,255.80,24.38,17,0,0,0.50,0.50,0.50,27.88,17,17,0,0.12,0.10,0.20,28.49,17,17,0,1.08,1.00,1.10,28.31,17,17,0,0.24,0.20,0.30,27.84,17,17,0
623223,0.36,0.30,0.40,28.55,17,17,0,-0.05,-0.10,0.10,28.13,17,17,0,234.68,229.00,242.80,24.36,17,0,0,0.49,0.40,0.50,27.87,17,17,0,0.12,0.10,0.20,28.50,17,17,0,1.09,1.00,1.10,28.31,17,17,0,0.23,0.20,0.30,27.86,17,17,0
623723,0.35,0.30,0.40,28.56,17,17,0,-0.02,-0.10,0.10,28.15,17,17,0,181.51,91.10,252.40,24.40,17,0,0,0.50,0.50,0.50,27.88,17,17,0,0.10,0.10,0.10,28.49,17,17,0,1.07,1.00,1.10,28.32,17,17,0,0.22,0.20,0.30,27.86,17,17,0
624223,0.36,0.30,0.40,28.56,17,17,0,-0.01,-0.10,0.10,28.15,17,17,0,251.23,237.60,263.70,24.39,17,0,0,0.51,0.50,0.60,27.88,17,17,0,0.12,0.10,0.20,28.50,17,17,0,1.08,1.00,1.10,28.31,17,17,0,0.25,0.20,0.30,27.85,17,17,0
624724,0.35,0.30,0.40,28.55,17,17,0,-0.02,-0.10,0.10,28.14,17,17,0,240.66,235.30,250.10,24.36,17,0,0,0.50,0.50,0.50,27.88,17,17,0,0.15,0.10,0.20,28.49,17,17,0,1.08,1.00,1.10,28.32,17,17,0,0.24,0.20,0.30,27.88,17,17,0
625224,0.34,0.30,0.40,28.56,17,17,0,-0.03,-0.10,0.10,28.15,17,17,0,190.26,85.40,288.40,24.37,17,0,0,0.50,0.50,0.50,27.87,17,17,0,0.12,0.10,0.20,28.50,17,17,0,1.10,1.10,1.10,28.30,17,17,0,0.25,0.20,0.30,27.87,17,17,0
625724,0.34,0.30,0.40,28.55,17,17,0,-0.04,-0.10,0.00,28.15,17,17,0,263.94,219.30,279.40,24.40,17,0,0,0.50,0.40,0.60,27.89,17,17,0,0.12,0.10,0.20,28.50,17,17,0,1.09,1.00,1.10,28.32,17,17,0,0.25,0.20,0.30,27.84,17,17,0
626224,0.35,0.30,0.40,28.55,17,17,0,0.00,-0.10,0.10,28.15,17,17,0,246.43,236.90,256.60,24.35,17,0,0,0.50,0.50,0.50,27.87,17,17,0,0.12,0.10,0.20,28.48,17,17,0,1.09,1.00,1.10,28.31,17,17,0,0.24,0.20,0.30,27.86,17,17,0
626724,0.35,0.30,0.40,28.55,17,17,0,-0.03,-0.10,0.00,28.15,17,17,0,226.15,96.30,291.40,24.35,17,0,0,0.50,0.50,0.50,27.88,17,17,0,0.11,0.10,0.20,28.50,17,17,0,1.07,1.00,1.10,28.31,17,17,0,0.24,0.20,0.30,27.85,17,17,0
627237,0.35,0.30,0.40,28.56,17,17,0,-0.01,-0.10,0.10,28.16,17,17,0,239.49,111.40,275.00,24.40,17,0,0,0.49,0.40,0.50,27.88,17,17,0,0.12,0.00,0.20,28.50,17,17,0,1.08,1.00,1.10,28.31,17,17,0,0.22,0.20,0.30,27.86,17,17,0
627737,0.37,0.30,0.40,28.55,17,17,0,-0.02,-0.10,0.10,28.16,17,17,0,246.17,236.60,259.50,24.37,17,0,0,0.50,0.50,0.50,27.87,17,17,0,0.12,0.10,0.20,28.51,17,17,0,1.08,1.00,1.10,28.30,17,17,0,0.22,0.20,0.30,27.86,17,17,0
628237,0.35,0.30,0.40,28.56,17,17,0,-0.02,-0.10,0.10,28.15,17,17,0,239.24,231.50,249.40,24.35,17,0,0,0.50,0.40,0.60,27.88,17,17,0,0.11,0.10,0.20,28.50,17,17,0,1.09,1.00,1.10,28.32,17,17,0,0.23,0.20,0.30,27.84,17,17,0
628737,0.35,0.30,0.40,28.56,17,17,0,-0.01,-0.10,0.10,28.15,17,17,0,182.39,87.60,268.90,24.37,17,0,0,0.50,0.50,0.50,27.87,17,17,0,0.11,0.10,0.20,28.50,17,17,0,1.08,1.00,1.10,28.32,17,17,0,0.22,0.20,0.30,27.85,17,17,0
629241,0.35,0.30,0.40,28.54,17,17,0,0.00,-0.10,0.10,28.16,17,17,0,250.82,240.20,264.70,24.36,17,0,0,0.49,0.40,0.50,27.88,17,17,0,0.12,0.00,0.20,28.51,17,17,0,1.08,1.00,1.10,28.32,17,17,0,0.22,0.20,0.30,27.87,17,17,0
629745,0.34,0.30,0.40,28.56,17,17,0,-0.03,-0.10,0.00,28.16,17,17,0,236.73,227.40,247.00,24.35,17,0,0,0.50,0.50,0.50,27.89,17,17,0,0.11,0.10,0.20,28.51,17,17,0,1.08,1.00,1.10,28.31,17,17,0,0.22,0.20,0.30,27.86,17,17,0
630253,0.34,0.30,0.40,28.56,17,17,0,-0.01,-0.10,0.00,28.15,17,17,0,181.16,82.60,284.00,24.37,17,0,0,0.50,0.50,0.50,27.88,17,17,0,0.11,0.10,0.20,28.49,17,17,0,1.08,1.00,1.10,28.34,17,17,0,0.24,0.20,0.30,27.87,17,17,0
630753,0.35,0.30,0.40,28.55,17,17,0,-0.03,-0.10,0.10,28.15,17,17,0,261.08,248.60,274.40,24.39,17,0,0,0.49,0.40,0.50,27.89,17,17,0,0.11,0.10,0.20,28.50,17,17,0,1.09,1.00,1.10,28.33,17,17,0,0.23,0.20,0.30,27.86,17,17,0
631253,0.35,0.30,0.40,28.55,17,17,0,-0.02,-0.10,0.10,28.16,17,17,0,242.71,232.80,254.30,24.34,17,0,0,0.50,0.50,0.50,27.87,17,17,0,0.12,0.10,0.20,28.51,17,17,0,1.09,1.00,1.10,28.33,17,17,0,0.22,0.20,0.30,27.88,17,17,0
631753,0.36,0.30,0.40,28.55,17,17,0,-0.03,-0.10,0.00,28.17,17,17,0,228.07,99.10,296.80,24.36,17,0,0,0.49,0.40,0.50,27.89,17,17,0,0.11,0.10,0.20,28.51,17,17,0,1.08,1.00,1.10,28.32,17,17,0,0.22,0.20,0.30,27.85,17,17,0
632253,0.35,0.30,0.40,28.56,17,17,0,-0.02,-0.10,0.10,28.15,17,17,0,245.11,105.90,285.80,24.41,17,0,0,0.50,0.50,0.50,27.89,17,17,0,0.11,0.10,0.20,28.49,17,17,0,1.08,1.00,1.10,28.33,17,17,0,0.22,0.20,0.30,27.86,17,17,0
632753,0.34,0.30,0.40,28.56,17,17,0,-0.05,-0.10,0.00,28.15,17,17,0,253.71,245.20,265.10,24.37,17,0,0,0.49,0.40,0.50,27.89,17,17,0,0.11,0.10,0.20,28.50,17,17,0,1.09,1.00,1.10,28.32,17,17,0,0.24,0.20,0.30,27.87,17,17,0
633257,0.36,0.30,0.40,28.57,17,17,0,-0.02,-0.10,0.10,28.16,17,17,0,247.61,239.10,259.20,24.34,17,0,0,0.49,0.40,0.50,27.89,17,17,0,0.13,0.10,0.20,28.51,17,17,0,1.08,1.00,1.10,28.34,17,17,0,0.24,0.20,0.30,27.86,17,17,0
633757,0.35,0.30,0.40,28.58,17,17,0,-0.01,-0.10,0.10,28.15,17,17,0,193.13,87.40,274.00,24.38,17,0,0,0.50,0.50,0.50,27.89,17,17,0,0.12,0.10,0.20,28.51,17,17,0,1.07,1.00,1.10,28.32,17,17,0,0.24,0.20,0.30,27.87,17,17,0
634257,0.34,0.30,0.40,28.55,17,17,0,-0.01,-0.10,0.10,28.15,17,17,0,260.14,248.50,277.60,24.36,17,0,0,0.49,0.40,0.50,27.88,17,17,0,0.11,0.10,0.20,28.51,17,17,0,1.09,1.00,1.10,28.32,17,17,0,0.24,0.20,0.30,27.87,17,17,0
634757,0.37,0.30,0.40,28.57,17,17,0,-0.03,-0.10,0.10,28.15,17,17,0,241.36,232.90,249.20,24.35,17,0,0,0.50,0.50,0.50,27.89,17,17,0,0.11,0.10,0.20,28.51,17,17,0,1.09,1.00,1.10,28.32,17,17,0,0.24,0.20,0.30,27.86,17,17,0
635258,0.34,0.30,0.40,28.55,17,17,0,-0.02,-0.10,0.10,28.16,17,17,0,186.24,86.90,287.20,24.37,17,0,0,0.50,0.50,0.50,27.89,17,17,0,0.11,0.10,0.20,28.51,17,17,0,1.10,1.10,1.10,28.33,17,17,0,0.22,0.20,0.30,27.87,17,17,0
635758,0.35,0.30,0.40,28.58,17,17,0,-0.04,-0.10,0.00,28.15,17,17,0,259.31,245.70,269.60,24.37,17,0,0,0.50,0.50,0.50,27.88,17,17,0,0.11,0.00,0.20,28.50,17,17,0,1.09,1.00,1.10,28.31,17,17,0,0.22,0.20,0.30,27.86,17,17,0
636258,0.36,0.30,0.40,28.55,17,17,0,-0.02,-0.10,0.00,28.16,17,17,0,240.93,233.20,249.30,24.35,17,0,0,0.50,0.50,0.50,27.88,17,17,0,0.11,0.10,0.20,28.52,17,17,0,1.07,1.00,1.10,28.30,17,17,0,0.24,0.20,0.30,27.87,17,17,0
636758,0.37,0.30,0.40,28.55,17,17,0,-0.02,-0.10,0.10,28.15,17,17,0,209.69,75.20,290.70,24.36,17,0,0,0.50,0.50,0.50,27.88,17,17,0,0.11,0.10,0.20,28.52,17,17,0,1.10,1.10,1.10,28.32,17,17,0,0.22,0.20,0.30,27.88,17,17,0
637258,0.36,0.30,0.40,28.56,17,17,0,-0.02,-0.10,0.00,28.14,17,17,0,248.58,128.70,280.50,24.42,17,0,0,0.51,0.50,0.60,27.88,17,17,0,0.12,0.10,0.20,28.51,17,17,0,1.09,1.00,1.10,28.33,17,17,0,0.25,0.20,0.30,27.87,17,17,0
637758,0.34,0.30,0.40,28.56,16,16,0,-0.01,-0.10,0.10,28.16,16,16,0,249.32,244.00,257.50,24.36,16,0,0,0.49,0.40,0.50,27.88,16,16,0,0.11,0.10,0.20,28.51,16,16,0,1.08,1.00,1.10,28.32,16,16,0,0.24,0.20,0.30,27.86,16,16,0
638262,0.33,0.30,0.40,28.57,17,17,0,-0.04,-0.10,0.10,28.16,17,17,0,240.78,153.30,280.30,24.37,17,0,0,0.51,0.50,0.60,27.87,17,17,0,0.11,0.10,0.20,28.52,17,17,0,1.09,1.00,1.10,28.33,17,17,0,0.23,0.20,0.30,27.86,17,17,0
638762,0.35,0.30,0.40,28.56,17,17,0,-0.01,-0.10,0.10,28.14,17,17,0,192.21,106.20,243.40,24.40,17,0,0,0.50,0.50,0.50,27.88,17,17,0,0.13,0.10,0.20,28.51,17,17,0,1.08,1.00,1.10,28.32,17,17,0,0.22,0.20,0.30,27.87,17,17,0
639262,0.38,0.30,0.40,28.57,17,17,0,-0.02,-0.10,0.10,28.16,17,17,0,112.71,92.80,145.20,24.47,17,0,0,0.50,0.50,0.50,27.88,17,17,0,0.11,0.10,0.20,28.50,17,17,0,1.10,1.10,1.10,28.33,17,17,0,0.24,0.20,0.30,27.88,17,17,0
639762,0.38,0.30,0.40,28.56,17,17,0,-0.02,-0.10,0.10,28.15,17,17,0,72.21,62.40,85.80,24.59,17,0,0,0.50,0.50,0.50,27.89,17,17,0,0.11,0.10,0.20,28.51,17,17,0,1.08,1.00,1.10,28.33,17,17,0,0.23,0.20,0.30,27.88,17,17,0
640262,0.36,0.30,0.40,28.56,17,17,0,-0.02,-0.10,0.10,28.14,17,17,0,50.96,43.90,58.80,24.72,17,0,0,0.50,0.50,0.50,27.87,17,17,0,0.11,0.10,0.20,28.51,17,17,0,1.08,1.00,1.10,28.31,17,17,0,0.23,0.20,0.30,27.87,17,17,0
640762,0.34,0.30,0.40,28.55,17,17,0,-0.01,-0.10,0.10,28.15,17,17,0,37.51,32.60,42.50,24.85,17,0,0,0.50,0.50,0.50,27.89,17,17,0,0.11,0.10,0.20,28.52,17,17,0,1.08,1.00,1.10,28.32,17,17,0,0.24,0.20,0.30,27.88,17,17,0
641262,0.36,0.30,0.40,28.56,17,17,0,-0.02,-0.10,0.10,28.16,17,17,0,28.41,25.00,31.90,24.99,17,0,0,0.50,0.50,0.50,27.88,17,17,0,0.11,0.10,0.20,28.54,17,17,0,1.06,1.00,1.10,28.31,17,17,0,0.23,0.20,0.30,27.87,17,17,0
641762,0.34,0.30,0.40,28.56,17,17,0,-0.01,-0.10,0.10,28.16,17,17,0,22.26,19.80,25.10,25.11,17,0,0,0.50,0.50,0.50,27.88,17,17,0,0.12,0.10,0.20,28.50,17,17,0,1.08,1.00,1.10,28.32,17,17,0,0.24,0.20,0.30,27.86,17,17,0
642264,0.34,0.30,0.40,28.55,17,17,0,-0.02,-0.10,0.00,28.15,17,17,0,17.90,16.00,19.60,25.22,17,0,0,0.51,0.50,0.60,27.91,17,17,0,0.11,0.10,0.20,28.50,17,17,0,1.07,1.00,1.10,28.32,17,17,0,0.24,0.20,0.30,27.87,17,17,0
642764,0.35,0.30,0.40,28.57,18,18,0,-0.03,-0.10,0.10,28.15,18,18,0,14.72,12.80,16.30,25.32,18,0,0,0.50,0.50,0.50,27.89,18,18,0,0.13,0.10,0.20,28.51,18,18,0,1.09,1.00,1.10,28.33,18,18,0,0.23,0.20,0.30,27.88,18,18,0
643276,0.34,0.30,0.40,28.57,17,17,0,-0.01,-0.10,0.10,28.15,17,17,0,12.24,11.10,13.30,25.43,17,0,0,0.50,0.50,0.50,27.89,17,17,0,0.12,0.10,0.20,28.51,17,17,0,1.08,1.00,1.10,28.31,17,17,0,0.22,0.20,0.30,27.88,17,17,0
643776,0.34,0.30,0.40,28.57,17,17,0,-0.02,-0.10,0.00,28.16,17,17,0,10.07,8.60,11.60,25.51,17,0,0,0.50,0.50,0.50,27.90,17,17,0,0.12,0.10,0.20,28.53,17,17,0,1.07,1.00,1.10,28.31,17,17,0,0.23,0.20,0.30,27.87,17,17,0
644276,0.37,0.30,0.40,28.56,18,18,0,-0.02,-0.10,0.10,28.17,18,18,0,8.32,7.40,8.80,25.58,18,0,0,0.50,0.50,0.50,27.88,18,18,0,0.12,0.10,0.20,28.52,18,18,0,1.08,1.00,1.10,28.32,18,18,0,0.23,0.20,0.30,27.88,18,18,0
644788,0.34,0.30,0.40,28.57,17,17,0,-0.02,-0.10,0.10,28.16,17,17,0,6.74,5.50,7.70,25.66,17,0,0,0.50,0.50,0.50,27.89,17,17,0,0.09,0.00,0.10,28.52,17,17,0,1.07,1.00,1.10,28.32,17,17,0,0.26,0.20,0.30,27.86,17,17,0
645289,0.35,0.30,0.40,28.58,17,17,0,-0.01,-0.10,0.10,28.17,17,17,0,5.61,4.90,6.50,25.72,17,0,0,0.50,0.50,0.50,27.89,17,17,0,0.11,0.10,0.20,28.53,17,17,0,1.08,1.00,1.10,28.31,17,17,0,0.23,0.20,0.30,27.87,17,17,0
645789,0.35,0.30,0.40,28.56,17,17,0,-0.01,-0.10,0.10,28.16,17,17,0,4.84,4.10,5.50,25.76,17,0,0,0.51,0.50,0.60,27.89,17,17,0,0.11,0.10,0.20,28.51,17,17,0,1.08,1.00,1.10,28.32,17,17,0,0.25,0.20,0.30,27.88,17,17,0
646289,0.34,0.30,0.40,28.56,17,17,0,-0.01,-0.10,0.10,28.15,17,17,0,3.95,3.30,4.50,25.81,17,0,0,0.49,0.40,0.50,27.89,17,17,0,0.11,0.10,0.20,28.52,17,17,0,1.09,1.00,1.10,28.31,17,17,0,0.24,0.20,0.30,27.87,17,17,0
646789,0.37,0.30,0.40,28.57,17,17,0,-0.01,-0.10,0.10,28.16,17,17,0,3.46,3.10,3.80,25.86,17,0,0,0.50,0.50,0.50,27.89,17,17,0,0.11,0.10,0.20,28.52,17,17,0,1.08,1.00,1.10,28.33,17,17,0,0.25,0.20,0.30,27.88,17,17,0
647289,0.36,0.30,0.40,28.56,17,17,0,-0.01,-0.10,0.10,28.18,17,17,0,2.82,2.30,3.20,25.92,17,0,0,0.50,0.50,0.50,27.88,17,17,0,0.11,0.10,0.20,28.50,17,17,0,1.09,1.00,1.10,28.32,17,17,0,0.26,0.20,0.30,27.87,17,17,0
647799,0.35,0.30,0.40,28.57,18,18,0,-0.04,-0.10,0.10,28.16,18,18,0,2.77,1.90,3.50,25.95,18,0,0,0.50,0.50,0.50,27.89,18,18,0,0.11,0.10,0.20,28.51,18,18,0,1.09,1.00,1.10,28.31,18,18,0,0.23,0.20,0.30,27.88,18,18,0
648299,0.34,0.30,0.40,28.56,17,17,0,-0.02,-0.10,0.10,28.17,17,17,0,2.42,1.80,3.20,25.97,17,0,0,0.50,0.50,0.50,27.88,17,17,0,0.12,0.10,0.20,28.51,17,17,0,1.08,1.00,1.10,28.33,17,17,0,0.22,0.20,0.30,27.87,17,17,0
648799,0.38,0.30,0.40,28.57,17,17,0,-0.02,-0.10,0.10,28.16,17,17,0,2.21,1.40,3.40,26.02,17,0,0,0.50,0.50,0.50,27.88,17,17,0,0.11,0.10,0.20,28.53,17,17,0,1.08,1.00,1.10,28.31,17,17,0,0.22,0.20,0.30,27.88,17,17,0
649300,0.36,0.30,0.40,28.55,17,17,0,-0.05,-0.10,0.00,28.15,17,17,0,2.19,1.40,2.70,26.05,17,0,0,0.50,0.40,0.60,27.89,17,17,0,0.12,0.10,0.20,28.52,17,17,0,1.08,1.00,1.10,28.31,17,17,0,0.23,0.20,0.30,27.87,17,17,0
649808,0.36,0.30,0.40,28.56,18,18,0,-0.01,-0.10,0.10,28.15,18,18,0,2.24,1.70,2.80,26.08,18,0,0,0.50,0.50,0.50,27.89,18,18,0,0.12,0.10,0.20,28.51,18,18,0,1.08,1.00,1.10,28.31,18,18,0,0.22,0.20,0.30,27.88,18,18,0
650311,0.36,0.30,0.40,28.58,18,18,0,-0.02,-0.10,0.10,28.16,18,18,0,2.28,1.80,2.90,26.11,18,0,0,0.50,0.50,0.50,27.89,18,18,0,0.11,0.10,0.20,28.51,18,18,0,1.08,1.00,1.10,28.33,18,18,0,0.24,0.20,0.30,27.88,18,18,0
650824,0.35,0.30,0.40,28.56,18,18,0,-0.01,-0.10,0.10,28.15,18,18,0,2.21,1.70,2.80,26.12,18,0,0,0.50,0.50,0.50,27.90,18,18,0,0.11,0.10,0.20,28.52,18,18,0,1.08,1.00,1.10,28.30,18,18,0,0.22,0.20,0.30,27.89,18,18,0
651334,0.37,0.30,0.40,28.55,18,18,0,-0.00,-0.10,0.10,28.17,18,18,0,1.79,1.30,2.50,26.15,18,0,0,0.49,0.40,0.50,27.89,18,18,0,0.13,0.10,0.20,28.52,18,18,0,1.08,1.00,1.10,28.32,18,18,0,0.24,0.20,0.30,27.88,18,18,0
651847,0.37,0.30,0.40,28.57,18,18,0,-0.02,-0.10,0.00,28.16,18,18,0,1.57,0.70,2.20,26.19,18,0,0,0.50,0.50,0.50,27.89,18,18,0,0.11,0.10,0.20,28.53,18,18,0,1.10,1.10,1.10,28.33,18,18,0,0.23,0.20,0.30,27.88,18,18,0
652347,0.37,0.30,0.40,28.56,18,18,0,-0.03,-0.10,0.10,28.18,18,18,0,1.70,0.80,2.50,26.20,18,0,0,0.50,0.50,0.50,27.89,18,18,0,0.10,0.10,0.10,28.52,18,18,0,1.08,1.00,1.10,28.32,18,18,0,0.26,0.20,0.30,27.87,18,18,0
652851,0.34,0.30,0.40,28.56,17,17,0,-0.01,-0.10,0.10,28.15,17,17,0,1.52,0.80,2.70,26.23,17,0,0,0.50,0.50,0.50,27.88,17,17,0,0.12,0.10,0.20,28.52,17,17,0,1.09,1.00,1.10,28.31,17,17,0,0.22,0.20,0.30,27.88,17,17,0
653356,0.35,0.30,0.40,28.56,17,17,0,-0.04,-0.10,0.10,28.16,17,17,0,1.08,-0.30,2.10,26.24,17,0,0,0.50,0.50,0.50,27.90,17,17,0,0.10,0.10,0.10,28.52,17,17,0,1.09,1.00,1.10,28.31,17,17,0,0.21,0.10,0.30,27.87,17,17,0
653856,0.37,0.30,0.40,28.56,17,17,0,-0.02,-0.10,0.10,28.16,17,17,0,5.85,-16.30,61.00,26.27,17,0,0,0.49,0.40,0.50,27.88,17,17,0,0.12,0.10,0.20,28.53,17,17,0,1.09,1.00,1.10,28.31,17,17,0,0.22,0.20,0.30,27.88,17,17,0
654356,0.36,0.30,0.40,28.56,17,17,0,-0.04,-0.10,0.00,28.17,17,17,0,1.81,-35.80,14.40,26.27,17,0,0,0.50,0.50,0.50,27.89,17,17,0,0.12,0.10,0.20,28.51,17,17,0,1.09,1.00,1.10,28.32,17,17,0,0.24,0.20,0.30,27.87,17,17,0
654856,0.35,0.30,0.40,28.57,17,17,0,-0.02,-0.10,0.10,28.18,17,17,0,-1.11,-5.90,1.90,26.28,17,0,0,0.49,0.40,0.50,27.88,17,17,0,0.12,0.10,0.20,28.54,17,17,0,1.08,1.00,1.10,28.31,17,17,0,0.25,0.20,0.30,27.88,17,17,0
655356,0.36,0.30,0.40,28.55,17,17,0,-0.02,-0.10,0.10,28.17,17,17,0,-0.09,-2.10,2.80,26.32,17,0,0,0.50,0.40,0.60,27.89,17,17,0,0.11,0.10,0.20,28.51,17,17,0,1.09,1.00,1.10,28.31,17,17,0,0.23,0.20,0.30,27.89,17,17,0
655856,0.35,0.30,0.40,28.56,17,17,0,-0.02,-0.10,0.10,28.16,17,17,0,-0.86,-2.60,0.90,26.32,17,0,0,0.50,0.50,0.50,27.89,17,17,0,0.12,0.10,0.20,28.51,17,17,0,1.07,1.00,1.10,28.31,17,17,0,0.24,0.20,0.30,27.88,17,17,0
656356,0.39,0.30,0.40,28.55,17,17,0,-0.01,-0.10,0.10,28.17,17,17,0,-0.69,-2.30,0.40,26.34,17,0,0,0.50,0.50,0.50,27.88,17,17,0,0.11,0.10,0.20,28.52,17,17,0,1.09,1.00,1.10,28.32,17,17,0,0.25,0.20,0.30,27.89,17,17,0
656856,0.35,0.30,0.40,28.58,16,16,0,-0.03,-0.10,0.10,28.16,16,16,0,-0.53,-1.70,0.80,26.34,16,0,0,0.50,0.50,0.50,27.88,16,16,0,0.12,0.10,0.20,28.50,16,16,0,1.10,1.10,1.10,28.30,16,16,0,0.26,0.20,0.30,27.87,16,16,0
657356,0.36,0.30,0.40,28.57,17,17,0,-0.02,-0.10,0.00,28.16,17,17,0,-0.30,-1.70,1.20,26.36,17,0,0,0.50,0.50,0.50,27.88,17,17,0,0.12,0.10,0.20,28.52,17,17,0,1.10,1.10,1.10,28.31,17,17,0,0.24,0.20,0.30,27.90,17,17,0
657856,0.35,0.30,0.40,28.57,17,17,0,-0.05,-0.10,0.10,28.16,17,17,0,-0.45,-1.60,1.10,26.38,17,0,0,0.50,0.50,0.50,27.90,17,17,0,0.11,0.10,0.20,28.53,17,17,0,1.08,1.00,1.10,28.31,17,17,0,0.22,0.20,0.30,27.87,17,17,0
658366,0.35,0.30,0.40,28.57,18,18,0,-0.05,-0.10,0.00,28.17,18,18,0,0.42,-1.60,2.00,26.40,18,0,0,0.49,0.40,0.50,27.90,18,18,0,0.11,0.10,0.20,28.53,18,18,0,1.08,1.00,1.10,28.31,18,18,0,0.24,0.20,0.30,27.88,18,18,0
658866,0.37,0.30,0.40,28.57,17,17,0,-0.01,-0.10,0.00,28.17,17,17,0,-1.40,-9.10,1.50,26.42,17,0,0,0.50,0.50,0.50,27.90,17,17,0,0.11,0.10,0.20,28.53,17,17,0,1.08,1.00,1.10,28.32,17,17,0,0.25,0.20,0.30,27.87,17,17,0
659376,0.35,0.30,0.40,28.58,17,17,0,-0.01,-0.10,0.10,28.17,17,17,0,1.66,-1.30,4.50,26.43,17,0,0,0.51,0.50,0.60,27.88,17,17,0,0.11,0.10,0.20,28.54,17,17,0,1.08,1.00,1.10,28.32,17,17,0,0.27,0.20,0.30,27.88,17,17,0
659876,0.36,0.30,0.40,28.56,17,17,0,-0.04,-0.10,0.10,28.17,17,17,0,0.48,-5.10,6.10,26.46,17,0,0,0.51,0.50,0.60,27.89,17,17,0,0.12,0.10,0.20,28.53,17,17,0,1.07,1.00,1.10,28.31,17,17,0,0.23,0.20,0.30,27.88,17,17,0
660381,0.35,0.30,0.40,28.57,17,17,0,-0.03,-0.10,0.10,28.18,17,17,0,0.95,-4.20,4.50,26.44,17,0,0,0.50,0.50,0.50,27.90,17,17,0,0.11,0.10,0.20,28.53,17,17,0,1.08,1.00,1.10,28.32,17,17,0,0.22,0.20,0.30,27.87,17,17,0
660881,0.36,0.30,0.40,28.57,18,18,0,0.01,-0.10,0.10,28.16,18,18,0,0.84,-1.00,2.20,26.46,18,0,0,0.50,0.50,0.50,27.88,18,18,0,0.11,0.10,0.20,28.54,18,18,0,1.08,1.00,1.10,28.32,18,18,0,0.24,0.20,0.30,27.88,18,18,0
661381,0.36,0.30,0.40,28.57,17,17,0,-0.04,-0.10,0.10,28.16,17,17,0,0.82,-0.10,2.00,26.47,17,0,0,0.50,0.50,0.50,27.89,17,17,0,0.11,0.10,0.20,28.54,17,17,0,1.09,1.00,1.10,28.30,17,17,0,0.23,0.20,0.30,27.90,17,17,0
661882,0.34,0.30,0.40,28.58,17,17,0,-0.02,-0.10,0.00,28.17,17,17,0,0.79,0.20,1.50,26.48,17,0,0,0.51,0.50,0.60,27.88,17,17,0,0.11,0.10,0.20,28.54,17,17,0,1.08,1.00,1.10,28.32,17,17,0,0.24,0.20,0.30,27.89,17,17,0
662382,0.36,0.30,0.40,28.56,18,18,0,-0.03,-0.10,0.00,28.19,18,18,0,0.64,-0.10,1.40,26.52,18,0,0,0.50,0.50,0.50,27.89,18,18,0,0.10,0.10,0.10,28.53,18,18,0,1.09,1.00,1.10,28.32,18,18,0,0.23,0.20,0.30,27.89,18,18,0
662882,0.36,0.30,0.40,28.57,16,16,0,-0.02,-0.10,0.00,28.19,16,16,0,0.46,-0.10,1.30,26.51,16,0,0,0.50,0.50,0.50,27.89,16,16,0,0.12,0.10,0.20,28.53,16,16,0,1.10,1.10,1.10,28.32,16,16,0,0.24,0.20,0.30,27.87,16,16,0
663382,0.34,0.30,0.40,28.58,18,18,0,-0.03,-0.10,0.10,28.17,18,18,0,0.32,-0.60,1.10,26.52,18,0,0,0.49,0.40,0.50,27.89,18,18,0,0.11,0.10,0.20,28.54,18,18,0,1.09,1.00,1.10,28.33,18,18,0,0.24,0.20,0.30,27.88,18,18,0
663894,0.35,0.30,0.40,28.57,17,17,0,-0.04,-0.10,0.00,28.17,17,17,0,0.08,-0.80,1.00,26.53,17,0,0,0.48,0.40,0.50,27.90,17,17,0,0.11,0.10,0.20,28.54,17,17,0,1.08,1.00,1.10,28.31,17,17,0,0.23,0.20,0.30,27.89,17,17,0
664394,0.36,0.30,0.40,28.57,17,17,0,-0.04,-0.10,0.00,28.17,17,17,0,-0.01,-0.90,0.60,26.53,17,0,0,0.50,0.50,0.50,27.89,17,17,0,0.12,0.10,0.20,28.54,17,17,0,1.09,1.00,1.10,28.30,17,17,0,0.24,0.20,0.30,27.89,17,17,0
664905,0.36,0.30,0.40,28.57,18,18,0,-0.01,-0.10,0.10,28.17,18,18,0,-0.24,-1.10,0.50,26.55,18,0,0,0.50,0.50,0.50,27.89,18,18,0,0.11,0.10,0.20,28.52,18,18,0,1.09,1.00,1.10,28.32,18,18,0,0.21,0.20,0.30,27.89,18,18,0
665405,0.39,0.30,0.40,28.57,17,17,0,-0.04,-0.10,0.10,28.19,17,17,0,-0.25,-0.90,0.50,26.56,17,0,0,0.50,0.50,0.50,27.89,17,17,0,0.11,0.10,0.20,28.53,17,17,0,1.09,1.00,1.10,28.32,17,17,0,0.24,0.20,0.30,27.89,17,17,0
665905,0.37,0.30,0.40,28.58,18,18,0,-0.02,-0.10,0.10,28.18,18,18,0,-0.36,-1.30,0.60,26.58,18,0,0,0.51,0.50,0.60,27.89,18,18,0,0.13,0.10,0.20,28.54,18,18,0,1.09,1.00,1.10,28.32,18,18,0,0.24,0.20,0.30,27.88,18,18,0
666412,0.35,0.30,0.40,28.58,17,17,0,-0.03,-0.10,0.10,28.18,17,17,0,-0.86,-1.40,-0.20,26.58,17,0,0,0.50,0.50,0.50,27.89,17,17,0,0.11,0.10,0.20,28.55,17,17,0,1.09,1.00,1.10,28.32,17,17,0,0.25,0.20,0.30,27.89,17,17,0
666913,0.36,0.30,0.40,28.59,17,17,0,-0.02,-0.10,0.10,28.17,17,17,0,-0.77,-1.80,-0.20,26.59,17,0,0,0.50,0.50,0.50,27.91,17,17,0,0.11,0.10,0.20,28.54,17,17,0,1.08,1.00,1.10,28.32,17,17,0,0.24,0.20,0.30,27.90,17,17,0
667423,0.36,0.30,0.40,28.59,17,17,0,-0.03,-0.10,0.10,28.18,17,17,0,-0.52,-1.50,0.00,26.60,17,0,0,0.49,0.40,0.50,27.89,17,17,0,0.11,0.10,0.20,28.52,17,17,0,1.08,1.00,1.10,28.32,17,17,0,0.22,0.20,0.30,27.89,17,17,0
667934,0.38,0.30,0.40,28.57,18,18,0,-0.01,-0.10,0.00,28.17,18,18,0,-0.56,-1.50,0.40,26.62,18,0,0,0.50,0.50,0.50,27.88,18,18,0,0.12,0.10,0.20,28.52,18,18,0,1.09,1.00,1.10,28.33,18,18,0,0.24,0.20,0.30,27.89,18,18,0
668445,0.37,0.30,0.40,28.57,18,18,0,-0.01,-0.10,0.10,28.17,18,18,0,-0.68,-1.70,0.30,26.61,18,0,0,0.50,0.50,0.50,27.91,18,18,0,0.11,0.10,0.20,28.54,18,18,0,1.09,1.00,1.10,28.32,18,18,0,0.25,0.20,0.30,27.88,18,18,0
668945,0.36,0.30,0.40,28.59,17,17,0,-0.01,-0.10,0.10,28.18,17,17,0,-0.49,-1.30,0.60,26.63,17,0,0,0.49,0.40,0.50,27.90,17,17,0,0.12,0.10,0.20,28.54,17,17,0,1.08,1.00,1.10,28.32,17,17,0,0.24,0.20,0.30,27.90,17,17,0
669445,0.34,0.30,0.40,28.58,17,17,0,-0.01,-0.10,0.10,28.18,17,17,0,-0.29,-1.10,0.60,26.66,17,0,0,0.49,0.40,0.50,27.89,17,17,0,0.12,0.10,0.20,28.54,17,17,0,1.08,1.00,1.10,28.33,17,17,0,0.23,0.20,0.30,27.88,17,17,0
669945,0.36,0.30,0.40,28.59,17,17,0,-0.03,-0.10,0.00,28.17,17,17,0,-0.05,-0.70,1.10,26.66,17,0,0,0.50,0.50,0.50,27.90,17,17,0,0.12,0.10,0.20,28.55,17,17,0,1.09,1.00,1.10,28.32,17,17,0,0.23,0.20,0.30,27.90,17,17,0
670445,0.35,0.30,0.40,28.58,17,17,0,-0.02,-0.10,0.10,28.18,17,17,0,-0.54,-1.30,0.70,26.66,17,0,0,0.50,0.50,0.50,27.88,17,17,0,0.11,0.10,0.20,28.55,17,17,0,1.08,1.00,1.10,28.32,17,17,0,0.23,0.20,0.30,27.88,17,17,0
670955,0.37,0.30,0.40,28.60,18,18,0,-0.03,-0.10,0.10,28.18,18,18,0,-0.61,-1.40,0.20,26.67,18,0,0,0.49,0.40,0.50,27.89,18,18,0,0.12,0.10,0.20,28.54,18,18,0,1.09,1.00,1.10,28.33,18,18,0,0.22,0.20,0.30,27.90,18,18,0
671455,0.37,0.30,0.40,28.58,17,17,0,-0.02,-0.10,0.10,28.19,17,17,0,-0.66,-1.20,-0.10,26.67,17,0,0,0.51,0.50,0.60,27.91,17,17,0,0.14,0.10,0.20,28.54,17,17,0,1.08,1.00,1.10,28.31,17,17,0,0.24,0.20,0.30,27.90,17,17,0
671955,0.37,0.30,0.40,28.57,18,18,0,-0.03,-0.10,0.10,28.17,18,18,0,-0.92,-1.70,-0.10,26.70,18,0,0,0.50,0.50,0.50,27.92,18,18,0,0.11,0.10,0.20,28.53,18,18,0,1.08,1.00,1.10,28.33,18,18,0,0.22,0.20,0.30,27.90,18,18,0
672462,0.37,0.30,0.40,28.57,17,17,0,-0.04,-0.10,0.00,28.19,17,17,0,-0.85,-1.60,-0.10,26.68,17,0,0,0.50,0.50,0.50,27.89,17,17,0,0.12,0.10,0.20,28.54,17,17,0,1.09,1.00,1.10,28.33,17,17,0,0.22,0.20,0.30,27.89,17,17,0
672973,0.34,0.30,0.40,28.57,18,18,0,-0.03,-0.10,0.00,28.17,18,18,0,-0.83,-1.30,-0.30,26.69,18,0,0,0.50,0.50,0.50,27.89,18,18,0,0.11,0.10,0.20,28.55,18,18,0,1.08,1.00,1.10,28.33,18,18,0,0.21,0.20,0.30,27.91,18,18,0
673473,0.36,0.30,0.40,28.60,17,17,0,-0.02,-0.10,0.10,28.19,17,17,0,-0.81,-1.40,-0.40,26.70,17,0,0,0.51,0.50,0.60,27.90,17,17,0,0.11,0.10,0.20,28.54,17,17,0,1.09,1.00,1.10,28.32,17,17,0,0.22,0.20,0.30,27.88,17,17,0
673983,0.36,0.30,0.40,28.59,18,18,0,-0.02,-0.10,0.10,28.19,18,18,0,-0.69,-1.10,-0.30,26.71,18,0,0,0.49,0.40,0.50,27.90,18,18,0,0.11,0.10,0.20,28.54,18,18,0,1.08,1.00,1.10,28.32,18,18,0,0.22,0.20,0.30,27.89,18,18,0
674493,0.32,0.30,0.40,28.58,18,18,0,-0.03,-0.10,0.00,28.19,18,18,0,-0.74,-1.40,-0.20,26.72,18,0,0,0.49,0.40,0.50,27.90,18,18,0,0.11,0.10,0.20,28.53,18,18,0,1.06,1.00,1.10,28.32,18,18,0,0.24,0.20,0.30,27.88,18,18,0
674993,0.34,0.30,0.40,28.60,18,18,0,-0.03,-0.10,0.00,28.19,18,18,0,-0.72,-1.30,-0.10,26.73,18,0,0,0.49,0.40,0.50,27.90,18,18,0,0.11,0.10,0.20,28.55,18,18,0,1.08,1.00,1.10,28.33,18,18,0,0.22,0.20,0.30,27.90,18,18,0
675493,0.36,0.30,0.40,28.59,17,17,0,-0.04,-0.10,0.00,28.19,17,17,0,-0.21,-1.40,1.00,26.74,17,0,0,0.50,0.50,0.50,27.90,17,17,0,0.11,0.10,0.20,28.57,17,17,0,1.08,1.00,1.10,28.33,17,17,0,0.23,0.20,0.30,27.90,17,17,0
675993,0.35,0.30,0.40,28.58,16,16,0,-0.01,-0.10,0.10,28.18,16,16,0,0.49,-0.30,1.80,26.75,16,0,0,0.49,0.40,0.50,27.91,16,16,0,0.11,0.10,0.20,28.55,16,16,0,1.09,1.00,1.10,28.32,16,16,0,0.22,0.20,0.30,27.90,16,16,0
676503,0.36,0.30,0.40,28.59,18,18,0,-0.01,-0.10,0.10,28.19,18,18,0,1.18,-0.20,2.00,26.76,18,0,0,0.50,0.50,0.50,27.89,18,18,0,0.11,0.10,0.20,28.54,18,18,0,1.09,1.00,1.10,28.33,18,18,0,0.23,0.20,0.30,27.90,18,18,0
677012,0.38,0.30,0.40,28.58,18,18,0,-0.01,-0.10,0.10,28.18,18,18,0,1.53,0.30,2.50,26.76,18,0,0,0.50,0.50,0.50,27.90,18,18,0,0.12,0.10,0.20,28.56,18,18,0,1.07,1.00,1.10,28.33,18,18,0,0.23,0.20,0.30,27.91,18,18,0
677512,0.35,0.30,0.40,28.59,17,17,0,-0.02,-0.10,0.00,28.18,17,17,0,1.20,0.20,2.10,26.77,17,0,0,0.49,0.40,0.50,27.89,17,17,0,0.11,0.10,0.20,28.55,17,17,0,1.08,1.00,1.10,28.32,17,17,0,0.23,0.20,0.30,27.91,17,17,0
678012,0.36,0.30,0.40,28.59,17,17,0,-0.04,-0.10,0.00,28.19,17,17,0,1.13,0.50,2.00,26.79,17,0,0,0.51,0.50,0.60,27.90,17,17,0,0.12,0.10,0.20,28.54,17,17,0,1.09,1.00,1.10,28.33,17,17,0,0.22,0.20,0.30,27.91,17,17,0
678512,0.36,0.30,0.40,28.57,17,17,0,-0.04,-0.10,0.10,28.18,17,17,0,0.80,0.20,1.50,26.78,17,0,0,0.49,0.40,0.50,27.90,17,17,0,0.11,0.10,0.20,28.53,17,17,0,1.08,1.00,1.10,28.33,17,17,0,0.22,0.20,0.30,27.91,17,17,0
679012,0.34,0.30,0.40,28.58,18,18,0,-0.01,-0.10,0.10,28.19,18,18,0,0.54,-0.30,1.10,26.79,18,0,0,0.50,0.50,0.50,27.91,18,18,0,0.12,0.10,0.20,28.55,18,18,0,1.08,1.00,1.10,28.34,18,18,0,0.22,0.20,0.30,27.89,18,18,0
679512,0.38,0.30,0.40,28.59,17,17,0,-0.01,-0.10,0.10,28.21,17,17,0,0.56,-0.10,1.00,26.81,17,0,0,0.49,0.40,0.50,27.89,17,17,0,0.12,0.10,0.20,28.55,17,17,0,1.09,1.00,1.10,28.33,17,17,0,0.22,0.20,0.30,27.89,17,17,0
680017,0.35,0.30,0.40,28.59,17,17,0,-0.03,-0.10,0.00,28.18,17,17,0,0.47,-0.10,1.10,26.80,17,0,0,0.50,0.50,0.50,27.88,17,17,0,0.10,0.10,0.10,28.56,17,17,0,1.07,1.00,1.10,28.34,17,17,0,0.24,0.20,0.30,27.89,17,17,0
680527,0.36,0.30,0.40,28.60,18,18,0,-0.04,-0.10,0.00,28.17,18,18,0,0.38,-0.10,0.90,26.81,18,0,0,0.50,0.50,0.50,27.90,18,18,0,0.12,0.10,0.20,28.56,18,18,0,1.08,1.00,1.10,28.33,18,18,0,0.23,0.20,0.30,27.92,18,18,0
681027,0.36,0.30,0.40,28.59,18,18,0,-0.04,-0.10,0.10,28.19,18,18,0,0.12,-0.50,0.80,26.82,18,0,0,0.50,0.50,0.50,27.91,18,18,0,0.14,0.10,0.20,28.56,18,18,0,1.09,1.00,1.10,28.35,18,18,0,0.21,0.20,0.30,27.91,18,18,0
681531,0.35,0.30,0.40,28.59,17,17,0,-0.04,-0.10,0.10,28.18,17,17,0,-0.18,-1.00,0.40,26.82,17,0,0,0.50,0.50,0.50,27.89,17,17,0,0.11,0.10,0.20,28.55,17,17,0,1.09,1.00,1.10,28.34,17,17,0,0.24,0.20,0.30,27.90,17,17,0
682031,0.36,0.30,0.40,28.59,17,17,0,-0.01,-0.10,0.10,28.19,17,17,0,-0.43,-1.00,0.20,26.82,17,0,0,0.49,0.40,0.50,27.91,17,17,0,0.12,0.10,0.20,28.56,17,17,0,1.08,1.00,1.10,28.34,17,17,0,0.24,0.20,0.30,27.92,17,17,0
682531,0.38,0.30,0.40,28.59,17,17,0,-0.07,-0.10,0.00,28.19,17,17,0,-0.51,-1.00,0.20,26.85,17,0,0,0.49,0.40,0.50,27.88,17,17,0,0.13,0.10,0.20,28.55,17,17,0,1.07,1.00,1.10,28.34,17,17,0,0.25,0.20,0.30,27.90,17,17,0
683031,0.38,0.30,0.40,28.59,17,17,0,-0.02,-0.10,0.10,28.18,17,17,0,-0.43,-0.80,0.10,26.84,17,0,0,0.50,0.50,0.50,27.90,17,17,0,0.12,0.10,0.20,28.53,17,17,0,1.09,1.00,1.10,28.33,17,17,0,0.22,0.20,0.30,27.91,17,17,0
683540,0.34,0.30,0.40,28.59,17,17,0,-0.03,-0.10,0.10,28.20,17,17,0,-0.42,-1.00,0.10,26.86,17,0,0,0.50,0.50,0.50,27.91,17,17,0,0.11,0.10,0.20,28.57,17,17,0,1.09,1.00,1.10,28.33,17,17,0,0.25,0.20,0.30,27.90,17,17,0
684050,0.38,0.30,0.40,28.60,18,18,0,-0.01,-0.10,0.10,28.19,18,18,0,-0.40,-0.80,-0.10,26.86,18,0,0,0.50,0.50,0.50,27.90,18,18,0,0.11,0.10,0.20,28.55,18,18,0,1.09,1.00,1.10,28.34,18,18,0,0.23,0.20,0.30,27.91,18,18,0
684563,0.34,0.30,0.40,28.59,18,18,0,-0.02,-0.10,0.10,28.18,18,18,0,-0.34,-0.90,0.30,26.86,18,0,0,0.50,0.50,0.50,27.90,18,18,0,0.14,0.10,0.20,28.55,18,18,0,1.08,1.00,1.10,28.35,18,18,0,0.23,0.20,0.30,27.91,18,18,0
685063,0.37,0.30,0.40,28.59,17,17,0,-0.02,-0.10,0.10,28.19,17,17,0,18.62,-8.10,95.60,26.89,17,0,0,0.50,0.50,0.50,27.90,17,17,0,0.11,0.10,0.20,28.55,17,17,0,1.08,1.00,1.10,28.33,17,17,0,0.23,0.20,0.30,27.89,17,17,0
685568,0.36,0.30,0.40,28.59,17,17,0,-0.03,-0.10,0.10,28.19,17,17,0,0.32,-0.50,1.30,26.87,17,0,0,0.50,0.50,0.50,27.91,17,17,0,0.12,0.10,0.20,28.56,17,17,0,1.09,1.00,1.10,28.34,17,17,0,0.22,0.20,0.30,27.91,17,17,0
686068,0.36,0.30,0.40,28.59,18,18,0,-0.01,-0.10,0.10,28.19,18,18,0,0.04,-0.80,0.80,26.88,18,0,0,0.50,0.50,0.50,27.90,18,18,0,0.12,0.10,0.20,28.56,18,18,0,1.09,1.00,1.10,28.33,18,18,0,0.23,0.20,0.30,27.90,18,18,0
686568,0.38,0.30,0.40,28.59,17,17,0,-0.01,-0.10,0.10,28.20,17,17,0,-0.06,-1.00,0.60,26.88,17,0,0,0.49,0.40,0.50,27.91,17,17,0,0.12,0.10,0.20,28.56,17,17,0,1.08,1.00,1.10,28.35,17,17,0,0.25,0.20,0.30,27.90,17,17,0
687068,0.37,0.30,0.40,28.58,17,17,0,-0.01,-0.10,0.10,28.20,17,17,0,-0.13,-1.20,0.70,26.89,17,0,0,0.50,0.50,0.50,27.89,17,17,0,0.11,0.10,0.20,28.56,17,17,0,1.09,1.00,1.10,28.34,17,17,0,0.24,0.20,0.30,27.91,17,17,0
687578,0.37,0.30,0.40,28.59,18,18,0,-0.02,-0.10,0.10,28.19,18,18,0,-0.14,-1.00,0.50,26.89,18,0,0,0.51,0.50,0.60,27.90,18,18,0,0.11,0.10,0.20,28.56,18,18,0,1.07,1.00,1.10,28.34,18,18,0,0.23,0.20,0.30,27.90,18,18,0
688085,0.37,0.30,0.40,28.59,18,18,0,-0.05,-0.10,0.00,28.18,18,18,0,-0.04,-0.90,0.70,26.90,18,0,0,0.50,0.50,0.50,27.91,18,18,0,0.11,0.10,0.20,28.55,18,18,0,1.09,1.00,1.10,28.36,18,18,0,0.23,0.20,0.30,27.90,18,18,0
688585,0.37,0.30,0.40,28.60,17,17,0,-0.02,-0.10,0.10,28.20,17,17,0,-0.11,-0.90,0.70,26.92,17,0,0,0.50,0.50,0.50,27.91,17,17,0,0.12,0.10,0.20,28.56,17,17,0,1.08,1.00,1.10,28.35,17,17,0,0.24,0.20,0.30,27.90,17,17,0
689085,0.36,0.30,0.40,28.61,17,17,0,-0.01,-0.10,0.10,28.20,17,17,0,-0.18,-1.10,0.70,26.91,17,0,0,0.49,0.40,0.50,27.91,17,17,0,0.12,0.00,0.20,28.56,17,17,0,1.08,1.00,1.10,28.34,17,17,0,0.23,0.20,0.30,27.89,17,17,0
689585,0.37,0.30,0.40,28.60,17,17,0,-0.01,-0.10,0.00,28.19,17,17,0,-0.22,-1.10,0.60,26.93,17,0,0,0.50,0.50,0.50,27.90,17,17,0,0.11,0.10,0.20,28.57,17,17,0,1.09,1.00,1.10,28.33,17,17,0,0.25,0.20,0.30,27.91,17,17,0
690089,0.37,0.30,0.40,28.59,18,18,0,0.00,-0.10,0.10,28.19,18,18,0,-0.24,-1.10,0.60,26.92,18,0,0,0.51,0.50,0.60,27.88,18,18,0,0.11,0.10,0.20,28.56,18,18,0,1.09,1.00,1.10,28.34,18,18,0,0.25,0.20,0.30,27.93,18,18,0
690589,0.36,0.30,0.40,28.60,17,17,0,-0.01,-0.10,0.10,28.20,17,17,0,-0.26,-1.20,0.90,26.94,17,0,0,0.50,0.50,0.50,27.90,17,17,0,0.11,0.10,0.20,28.57,17,17,0,1.08,1.00,1.10,28.34,17,17,0,0.25,0.20,0.30,27.93,17,17,0
691089,0.37,0.30,0.40,28.60,17,17,0,-0.05,-0.10,0.00,28.20,17,17,0,-0.23,-1.30,0.60,26.94,17,0,0,0.50,0.50,0.50,27.91,17,17,0,0.12,0.10,0.20,28.58,17,17,0,1.08,1.00,1.10,28.35,17,17,0,0.22,0.20,0.30,27.92,17,17,0
691589,0.35,0.30,0.40,28.60,17,17,0,-0.04,-0.10,0.00,28.20,17,17,0,-0.16,-0.90,0.80,26.95,17,0,0,0.50,0.50,0.50,27.91,17,17,0,0.11,0.10,0.20,28.58,17,17,0,1.08,1.00,1.10,28.36,17,17,0,0.24,0.20,0.30,27.92,17,17,0
692099,0.37,0.30,0.40,28.61,18,18,0,-0.01,-0.10,0.10,28.22,18,18,0,-0.11,-1.00,0.80,26.96,18,0,0,0.49,0.40,0.50,27.92,18,18,0,0.11,0.10,0.20,28.57,18,18,0,1.08,1.00,1.10,28.35,18,18,0,0.24,0.20,0.30,27.93,18,18,0
692599,0.36,0.30,0.40,28.59,17,17,0,-0.05,-0.10,0.00,28.18,17,17,0,-0.21,-1.20,0.80,26.96,17,0,0,0.50,0.50,0.50,27.91,17,17,0,0.12,0.10,0.20,28.58,17,17,0,1.09,1.00,1.10,28.33,17,17,0,0.25,0.20,0.30,27.92,17,17,0
693099,0.37,0.30,0.40,28.60,17,17,0,-0.01,-0.10,0.10,28.19,17,17,0,-0.35,-0.90,0.40,26.95,17,0,0,0.50,0.50,0.50,27.91,17,17,0,0.11,0.10,0.20,28.58,17,17,0,1.08,1.00,1.10,28.34,17,17,0,0.24,0.20,0.30,27.92,17,17,0
693599,0.38,0.30,0.40,28.61,17,17,0,-0.01,-0.10,0.10,28.21,17,17,0,-0.39,-1.20,0.30,26.98,17,0,0,0.50,0.50,0.50,27.89,17,17,0,0.11,0.10,0.20,28.58,17,17,0,1.09,1.00,1.10,28.36,17,17,0,0.24,0.20,0.30,27.91,17,17,0
694099,0.38,0.30,0.40,28.59,17,17,0,-0.02,-0.10,0.10,28.19,17,17,0,-0.48,-1.10,0.20,26.96,17,0,0,0.50,0.50,0.50,27.91,17,17,0,0.11,0.10,0.20,28.59,17,17,0,1.08,1.00,1.10,28.35,17,17,0,0.22,0.20,0.30,27.91,17,17,0
694599,0.37,0.30,0.40,28.61,18,18,0,-0.03,-0.10,0.10,28.21,18,18,0,-0.36,-1.20,0.60,26.97,18,0,0,0.50,0.50,0.50,27.91,18,18,0,0.11,0.10,0.20,28.58,18,18,0,1.10,1.10,1.10,28.35,18,18,0,0.23,0.20,0.30,27.91,18,18,0
695102,0.36,0.30,0.40,28.61,17,17,0,-0.01,-0.10,0.00,28.20,17,17,0,-0.22,-1.10,0.50,26.97,17,0,0,0.50,0.50,0.50,27.91,17,17,0,0.12,0.10,0.20,28.57,17,17,0,1.08,1.00,1.10,28.33,17,17,0,0.23,0.20,0.30,27.92,17,17,0
695612,0.38,0.30,0.40,28.61,17,17,0,-0.03,-0.10,0.10,28.19,17,17,0,-0.10,-0.70,0.70,26.99,17,0,0,0.49,0.40,0.50,27.92,17,17,0,0.12,0.10,0.20,28.57,17,17,0,1.08,1.00,1.10,28.35,17,17,0,0.22,0.20,0.30,27.93,17,17,0
696112,0.37,0.30,0.40,28.63,18,18,0,-0.03,-0.10,0.00,28.20,18,18,0,-0.02,-0.80,0.70,26.99,18,0,0,0.49,0.40,0.50,27.92,18,18,0,0.13,0.10,0.20,28.56,18,18,0,1.08,1.00,1.10,28.33,18,18,0,0.21,0.20,0.30,27.90,18,18,0
696622,0.37,0.30,0.40,28.60,17,17,0,-0.01,-0.10,0.10,28.21,17,17,0,-0.01,-0.80,0.70,27.01,17,0,0,0.49,0.40,0.50,27.92,17,17,0,0.11,0.10,0.20,28.58,17,17,0,1.09,1.00,1.10,28.35,17,17,0,0.21,0.20,0.30,27.92,17,17,0
697125,0.37,0.30,0.40,28.60,18,18,0,-0.02,-0.10,0.10,28.19,18,18,0,-0.12,-1.00,0.70,27.02,18,0,0,0.50,0.50,0.50,27.90,18,18,0,0.12,0.10,0.20,28.59,18,18,0,1.07,1.00,1.10,28.34,18,18,0,0.23,0.20,0.30,27.92,18,18,0
697625,0.37,0.30,0.40,28.61,17,17,0,-0.01,-0.10,0.10,28.19,17,17,0,-0.18,-0.90,0.50,27.01,17,0,0,0.49,0.40,0.50,27.90,17,17,0,0.12,0.10,0.20,28.57,17,17,0,1.09,1.00,1.10,28.36,17,17,0,0.24,0.20,0.30,27.90,17,17,0
698125,0.37,0.30,0.40,28.60,18,18,0,-0.02,-0.10,0.10,28.18,18,18,0,-0.24,-1.00,0.60,27.03,18,0,0,0.49,0.40,0.50,27.92,18,18,0,0.11,0.10,0.20,28.58,18,18,0,1.08,1.00,1.10,28.35,18,18,0,0.22,0.20,0.30,27.91,18,18,0
698625,0.37,0.30,0.40,28.61,17,17,0,0.00,-0.10,0.10,28.18,17,17,0,-0.22,-0.80,0.50,27.02,17,0,0,0.51,0.50,0.60,27.92,17,17,0,0.11,0.10,0.20,28.57,17,17,0,1.08,1.00,1.10,28.36,17,17,0,0.24,0.20,0.30,27.93,17,17,0
699125,0.36,0.30,0.40,28.60,17,17,0,0.00,-0.10,0.10,28.20,17,17,0,-0.22,-0.90,0.70,27.04,17,0,0,0.50,0.50,0.50,27.90,17,17,0,0.12,0.10,0.20,28.58,17,17,0,1.08,1.00,1.10,28.35,17,17,0,0.22,0.20,0.30,27.94,17,17,0
699633,0.37,0.30,0.40,28.61,18,18,0,-0.03,-0.10,0.10,28.20,18,18,0,-0.19,-1.10,0.50,27.02,18,0,0,0.50,0.50,0.50,27.92,18,18,0,0.11,0.10,0.20,28.59,18,18,0,1.08,1.00,1.10,28.34,18,18,0,0.24,0.20,0.30,27.91,18,18,0
700133,0.37,0.30,0.40,28.61,18,18,0,-0.03,-0.10,0.10,28.18,18,18,0,-0.16,-0.90,1.00,27.04,18,0,0,0.50,0.40,0.60,27.90,18,18,0,0.12,0.10,0.20,28.59,18,18,0,1.09,1.00,1.10,28.35,18,18,0,0.23,0.20,0.30,27.91,18,18,0
700633,0.39,0.30,0.40,28.62,17,17,0,-0.01,-0.10,0.10,28.20,17,17,0,-0.24,-0.90,0.40,27.02,17,0,0,0.49,0.40,0.50,27.92,17,17,0,0.11,0.10,0.20,28.57,17,17,0,1.09,1.00,1.10,28.35,17,17,0,0.25,0.20,0.30,27.91,17,17,0
701141,0.37,0.30,0.40,28.62,18,18,0,-0.03,-0.10,0.00,28.22,18,18,0,-0.24,-1.10,0.40,27.04,18,0,0,0.50,0.50,0.50,27.91,18,18,0,0.11,0.10,0.20,28.59,18,18,0,1.07,1.00,1.10,28.36,18,18,0,0.24,0.20,0.30,27.93,18,18,0
701641,0.36,0.30,0.40,28.62,17,17,0,-0.03,-0.10,0.10,28.19,17,17,0,-0.20,-0.90,0.60,27.07,17,0,0,0.50,0.50,0.50,27.92,17,17,0,0.11,0.10,0.20,28.60,17,17,0,1.08,1.00,1.10,28.35,17,17,0,0.24,0.20,0.30,27.93,17,17,0
702145,0.38,0.30,0.40,28.60,18,18,0,0.01,-0.10,0.10,28.20,18,18,0,-0.04,-0.80,0.60,27.07,18,0,0,0.50,0.50,0.50,27.91,18,18,0,0.12,0.10,0.20,28.59,18,18,0,1.09,1.00,1.10,28.36,18,18,0,0.23,0.20,0.30,27.93,18,18,0
702645,0.37,0.30,0.40,28.63,17,17,0,0.00,-0.10,0.10,28.19,17,17,0,0.06,-0.70,0.90,27.04,17,0,0,0.50,0.50,0.50,27.90,17,17,0,0.10,0.10,0.10,28.59,17,17,0,1.09,1.00,1.10,28.37,17,17,0,0.22,0.20,0.30,27.93,17,17,0
703145,0.37,0.30,0.40,28.61,18,18,0,-0.02,-0.10,0.10,28.22,18,18,0,-0.01,-0.70,0.50,27.06,18,0,0,0.49,0.40,0.50,27.91,18,18,0,0.13,0.10,0.20,28.59,18,18,0,1.08,1.00,1.10,28.35,18,18,0,0.25,0.20,0.30,27.93,18,18,0
703645,0.36,0.30,0.40,28.61,16,16,0,-0.01,-0.10,0.10,28.21,16,16,0,-0.09,-0.70,0.50,27.07,16,0,0,0.50,0.50,0.50,27.91,16,16,0,0.10,0.10,0.10,28.60,16,16,0,1.09,1.00,1.10,28.35,16,16,0,0.23,0.20,0.30,27.92,16,16,0
704155,0.38,0.30,0.40,28.62,18,18,0,-0.04,-0.10,0.10,28.20,18,18,0,-0.01,-0.60,0.70,27.08,18,0,0,0.50,0.50,0.50,27.91,18,18,0,0.09,0.00,0.10,28.59,18,18,0,1.09,1.00,1.10,28.35,18,18,0,0.22,0.20,0.30,27.93,18,18,0
704666,0.36,0.30,0.40,28.62,18,18,0,-0.02,-0.10,0.00,28.22,18,18,0,0.04,-0.80,0.90,27.07,18,0,0,0.50,0.50,0.50,27.91,18,18,0,0.11,0.10,0.20,28.59,18,18,0,1.08,1.00,1.10,28.34,18,18,0,0.23,0.20,0.30,27.92,18,18,0
705166,0.38,0.30,0.40,28.62,17,17,0,-0.03,-0.10,0.00,28.21,17,17,0,0.08,-0.80,1.40,27.09,17,0,0,0.50,0.50,0.50,27.92,17,17,0,0.11,0.10,0.20,28.59,17,17,0,1.09,1.00,1.10,28.35,17,17,0,0.23,0.20,0.30,27.93,17,17,0
705676,0.36,0.30,0.40,28.63,18,18,0,-0.02,-0.10,0.10,28.21,18,18,0,-0.12,-0.80,0.80,27.08,18,0,0,0.49,0.40,0.50,27.92,18,18,0,0.11,0.10,0.20,28.59,18,18,0,1.09,1.00,1.10,28.36,18,18,0,0.23,0.20,0.30,27.93,18,18,0
706176,0.37,0.30,0.40,28.62,18,18,0,-0.02,-0.10,0.10,28.21,18,18,0,-0.14,-1.10,0.80,27.09,18,0,0,0.50,0.50,0.50,27.93,18,18,0,0.11,0.10,0.20,28.59,18,18,0,1.07,1.00,1.10,28.36,18,18,0,0.23,0.20,0.30,27.95,18,18,0
706676,0.35,0.30,0.40,28.61,17,17,0,-0.04,-0.10,0.00,28.20,17,17,0,-0.15,-0.90,0.80,27.10,17,0,0,0.49,0.40,0.50,27.92,17,17,0,0.12,0.10,0.20,28.60,17,17,0,1.09,1.00,1.10,28.35,17,17,0,0.23,0.20,0.30,27.92,17,17,0
707176,0.38,0.30,0.40,28.62,17,17,0,-0.01,-0.10,0.10,28.21,17,17,0,-0.18,-1.10,0.70,27.09,17,0,0,0.50,0.50,0.50,27.93,17,17,0,0.11,0.10,0.20,28.59,17,17,0,1.10,1.10,1.10,28.34,17,17,0,0.24,0.20,0.30,27.93,17,17,0
707676,0.36,0.30,0.40,28.62,18,18,0,-0.02,-0.10,0.00,28.21,18,18,0,-0.21,-1.20,0.60,27.10,18,0,0,0.50,0.50,0.50,27.93,18,18,0,0.12,0.10,0.20,28.60,18,18,0,1.09,1.00,1.10,28.37,18,18,0,0.21,0.20,0.30,27.94,18,18,0
708176,0.36,0.30,0.40,28.62,17,17,0,-0.02,-0.10,0.00,28.21,17,17,0,-0.18,-0.80,0.50,27.11,17,0,0,0.50,0.50,0.50,27.91,17,17,0,0.13,0.10,0.20,28.58,17,17,0,1.09,1.00,1.10,28.36,17,17,0,0.24,0.20,0.30,27.92,17,17,0
708687,0.38,0.30,0.40,28.61,18,18,0,-0.02,-0.10,0.10,28.22,18,18,0,-0.23,-0.90,0.20,27.12,18,0,0,0.50,0.40,0.60,27.92,18,18,0,0.12,0.10,0.20,28.59,18,18,0,1.08,1.00,1.10,28.37,18,18,0,0.21,0.20,0.30,27.93,18,18,0
709190,0.36,0.30,0.40,28.62,18,18,0,-0.03,-0.10,0.10,28.21,18,18,0,-0.22,-1.10,0.80,27.12,18,0,0,0.50,0.50,0.50,27.93,18,18,0,0.12,0.10,0.20,28.59,18,18,0,1.09,1.00,1.10,28.35,18,18,0,0.22,0.20,0.30,27.93,18,18,0
709702,0.38,0.30,0.40,28.62,18,18,0,-0.03,-0.10,0.00,28.22,18,18,0,-0.13,-0.80,0.50,27.13,18,0,0,0.50,0.50,0.50,27.91,18,18,0,0.11,0.10,0.20,28.60,18,18,0,1.08,1.00,1.10,28.35,18,18,0,0.23,0.20,0.30,27.92,18,18,0
710202,0.39,0.30,0.40,28.63,18,18,0,-0.03,-0.10,0.10,28.20,18,18,0,-0.08,-0.90,0.80,27.12,18,0,0,0.49,0.40,0.50,27.92,18,18,0,0.11,0.10,0.20,28.60,18,18,0,1.09,1.00,1.10,28.36,18,18,0,0.22,0.20,0.30,27.95,18,18,0
710702,0.36,0.30,0.40,28.62,17,17,0,-0.02,-0.10,0.10,28.21,17,17,0,0.07,-0.50,0.80,27.13,17,0,0,0.51,0.50,0.60,27.92,17,17,0,0.12,0.10,0.20,28.60,17,17,0,1.09,1.00,1.10,28.36,17,17,0,0.24,0.20,0.30,27.93,17,17,0
711202,0.38,0.30,0.40,28.62,17,17,0,-0.01,-0.10,0.10,28.20,17,17,0,-0.84,-5.10,5.20,27.14,17,0,0,0.50,0.50,0.50,27.94,17,17,0,0.12,0.10,0.20,28.60,17,17,0,1.09,1.00,1.10,28.35,17,17,0,0.24,0.20,0.30,27.93,17,17,0
711702,0.36,0.30,0.40,28.62,17,17,0,-0.02,-0.10,0.00,28.21,17,17,0,93.82,11.70,203.90,27.13,17,0,0,0.49,0.40,0.50,27.92,17,17,0,0.11,0.10,0.20,28.60,17,17,0,1.06,1.00,1.10,28.35,17,17,0,0.25,0.20,0.30,27.92,17,17,0
712202,0.38,0.30,0.40,28.64,17,17,0,-0.01,-0.10,0.00,28.19,17,17,0,262.02,228.80,273.70,26.60,17,0,0,0.50,0.50,0.50,27.93,17,17,0,0.12,0.10,0.20,28.60,17,17,0,1.09,1.00,1.10,28.37,17,17,0,0.23,0.20,0.30,27.95,17,17,0
712702,0.35,0.30,0.40,28.63,17,17,0,-0.01,-0.10,0.10,28.22,17,17,0,254.09,246.10,261.50,26.01,17,0,0,0.50,0.50,0.50,27.92,17,17,0,0.11,0.10,0.20,28.60,17,17,0,1.10,1.10,1.10,28.37,17,17,0,0.21,0.20,0.30,27.93,17,17,0
713203,0.36,0.30,0.40,28.60,17,17,0,-0.04,-0.10,0.10,28.22,17,17,0,274.69,257.10,297.20,25.64,17,0,0,0.50,0.50,0.50,27.93,17,17,0,0.11,0.10,0.20,28.61,17,17,0,1.08,1.00,1.10,28.37,17,17,0,0.24,0.20,0.30,27.93,17,17,0
713705,0.36,0.30,0.40,28.61,17,17,0,-0.02,-0.10,0.10,28.22,17,17,0,277.24,131.60,376.50,25.47,17,0,0,0.50,0.50,0.50,27.91,17,17,0,0.11,0.10,0.20,28.61,17,17,0,1.09,1.00,1.10,28.36,17,17,0,0.24,0.20,0.30,27.94,17,17,0
714205,0.36,0.30,0.40,28.61,17,17,0,-0.02,-0.10,0.10,28.21,17,17,0,381.68,368.50,397.80,25.23,17,0,0,0.49,0.40,0.50,27.92,17,17,0,0.10,0.10,0.10,28.61,17,17,0,1.09,1.00,1.10,28.37,17,17,0,0.23,0.20,0.30,27.93,17,17,0
714716,0.36,0.30,0.40,28.63,17,17,0,-0.02,-0.10,0.10,28.21,17,17,0,398.71,280.40,506.70,25.02,17,0,0,0.49,0.40,0.50,27.92,17,17,0,0.12,0.10,0.20,28.60,17,17,0,1.09,1.00,1.10,28.37,17,17,0,0.21,0.20,0.30,27.94,17,17,0
715216,0.36,0.30,0.40,28.60,17,17,0,-0.02,-0.10,0.10,28.21,17,17,0,543.14,531.20,558.90,24.86,17,0,0,0.49,0.40,0.50,27.92,17,17,0,0.11,0.10,0.20,28.60,17,17,0,1.09,1.00,1.10,28.36,17,17,0,0.22,0.20,0.30,27.94,17,17,0
715716,0.38,0.30,0.40,28.62,17,17,0,-0.02,-0.10,0.10,28.22,17,17,0,544.95,397.90,630.40,24.75,17,0,0,0.50,0.50,0.50,27.92,17,17,0,0.12,0.10,0.20,28.63,17,17,0,1.07,1.00,1.10,28.36,17,17,0,0.21,0.20,0.30,27.95,17,17,0
716216,0.38,0.30,0.40,28.63,17,17,0,-0.03,-0.10,0.10,28.22,17,17,0,551.40,427.20,657.30,24.62,17,0,0,0.50,0.50,0.50,27.94,17,17,0,0.12,0.10,0.20,28.60,17,17,0,1.10,1.10,1.10,28.35,17,17,0,0.23,0.20,0.30,27.95,17,17,0
716716,0.38,0.30,0.40,28.62,17,17,0,0.01,-0.10,0.10,28.22,17,17,0,598.13,573.40,625.60,24.58,17,0,0,0.49,0.40,0.50,27.92,17,17,0,0.11,0.10,0.20,28.61,17,17,0,1.09,1.00,1.10,28.36,17,17,0,0.21,0.20,0.30,27.93,17,17,0
717216,0.36,0.30,0.40,28.63,17,17,0,-0.02,-0.10,0.10,28.22,17,17,0,556.70,470.60,590.90,24.55,17,0,0,0.50,0.50,0.50,27.92,17,17,0,0.11,0.10,0.20,28.61,17,17,0,1.08,1.00,1.10,28.37,17,17,0,0.23,0.20,0.30,27.94,17,17,0
717720,0.36,0.30,0.40,28.64,17,17,0,-0.01,-0.10,0.10,28.23,17,17,0,514.91,402.90,597.20,24.51,17,0,0,0.49,0.40,0.50,27.91,17,17,0,0.12,0.10,0.20,28.61,17,17,0,1.09,1.00,1.10,28.37,17,17,0,0.24,0.20,0.30,27.95,17,17,0
718220,0.36,0.30,0.40,28.63,17,17,0,-0.02,-0.10,0.10,28.21,17,17,0,549.62,470.00,583.20,24.49,17,0,0,0.50,0.50,0.50,27.93,17,17,0,0.11,0.10,0.20,28.62,17,17,0,1.08,1.00,1.10,28.37,17,17,0,0.23,0.20,0.30,27.94,17,17,0
718720,0.38,0.30,0.40,28.62,17,17,0,0.00,-0.10,0.10,28.22,17,17,0,538.49,387.40,583.90,24.49,17,0,0,0.50,0.50,0.50,27.93,17,17,0,0.13,0.10,0.20,28.62,17,17,0,1.08,1.00,1.10,28.37,17,17,0,0.24,0.20,0.30,27.93,17,17,0
719222,0.38,0.30,0.40,28.62,17,17,0,-0.02,-0.10,0.00,28.21,17,17,0,486.39,361.20,579.10,24.46,17,0,0,0.50,0.50,0.50,27.93,17,17,0,0.12,0.10,0.20,28.60,17,17,0,1.08,1.00,1.10,28.38,17,17,0,0.22,0.20,0.30,27.93,17,17,0
719726,0.38,0.30,0.40,28.62,17,17,0,-0.02,-0.10,0.10,28.22,17,17,0,528.95,502.70,560.30,24.46,17,0,0,0.50,0.50,0.50,27.93,17,17,0,0.11,0.10,0.20,28.61,17,17,0,1.09,1.00,1.10,28.37,17,17,0,0.22,0.20,0.30,27.94,17,17,0
720226,0.40,0.40,0.40,28.62,17,17,0,0.00,-0.10,0.10,28.22,17,17,0,482.62,353.80,537.30,24.47,17,0,0,0.50,0.50,0.50,27.93,17,17,0,0.12,0.10,0.20,28.62,17,17,0,1.09,1.00,1.10,28.36,17,17,0,0.22,0.20,0.30,27.94,17,17,0
720728,0.39,0.30,0.40,28.62,17,17,0,0.01,-0.10,0.10,28.22,17,17,0,443.21,312.30,519.50,24.46,17,0,0,0.49,0.40,0.50,27.94,17,17,0,0.12,0.10,0.20,28.60,17,17,0,1.09,1.00,1.10,28.37,17,17,0,0.24,0.20,0.30,27.95,17,17,0
721228,0.37,0.30,0.40,28.64,17,17,0,-0.01,-0.10,0.10,28.23,17,17,0,503.09,479.60,531.00,24.46,17,0,0,0.50,0.50,0.50,27.91,17,17,0,0.12,0.10,0.20,28.62,17,17,0,1.09,1.00,1.10,28.39,17,17,0,0.22,0.20,0.30,27.93,17,17,0
721735,0.38,0.30,0.40,28.63,17,17,0,-0.02,-0.10,0.10,28.23,17,17,0,447.74,326.10,529.90,24.46,17,0,0,0.49,0.40,0.50,27.93,17,17,0,0.10,0.00,0.20,28.62,17,17,0,1.08,1.00,1.10,28.36,17,17,0,0.24,0.20,0.30,27.94,17,17,0
722235,0.38,0.30,0.40,28.62,17,17,0,-0.01,-0.10,0.10,28.22,17,17,0,505.11,490.90,536.10,24.42,17,0,0,0.50,0.40,0.60,27.93,17,17,0,0.14,0.10,0.20,28.61,17,17,0,1.09,1.00,1.10,28.38,17,17,0,0.23,0.20,0.30,27.95,17,17,0
722735,0.39,0.30,0.40,28.62,17,17,0,-0.01,-0.10,0.10,28.21,17,17,0,493.55,363.20,547.00,24.44,17,0,0,0.50,0.50,0.50,27.92,17,17,0,0.11,0.10,0.20,28.63,17,17,0,1.08,1.00,1.10,28.36,17,17,0,0.22,0.20,0.30,27.94,17,17,0
723235,0.39,0.30,0.40,28.63,17,17,0,-0.02,-0.10,0.00,28.24,17,17,0,454.64,335.50,533.60,24.41,17,0,0,0.50,0.50,0.50,27.93,17,17,0,0.11,0.10,0.20,28.61,17,17,0,1.08,1.00,1.10,28.38,17,17,0,0.21,0.20,0.30,27.94,17,17,0
723735,0.39,0.30,0.40,28.63,17,17,0,-0.01,-0.10,0.10,28.23,17,17,0,505.07,483.00,537.60,24.41,17,0,0,0.49,0.40,0.50,27.93,17,17,0,0.12,0.10,0.20,28.61,17,17,0,1.08,1.00,1.10,28.38,17,17,0,0.21,0.20,0.30,27.94,17,17,0
724235,0.37,0.30,0.40,28.62,17,17,0,-0.02,-0.10,0.10,28.23,17,17,0,441.12,313.00,524.90,24.42,17,0,0,0.50,0.50,0.50,27.93,17,17,0,0.12,0.10,0.20,28.62,17,17,0,1.09,1.00,1.10,28.37,17,17,0,0.22,0.20,0.30,27.97,17,17,0
724735,0.38,0.30,0.40,28.63,17,17,0,-0.02,-0.10,0.10,28.23,17,17,0,490.29,476.40,515.20,24.39,17,0,0,0.50,0.50,0.50,27.93,17,17,0,0.12,0.10,0.20,28.61,17,17,0,1.08,1.00,1.10,28.36,17,17,0,0.22,0.20,0.30,27.94,17,17,0
725235,0.36,0.30,0.40,28.62,17,17,0,0.01,-0.10,0.10,28.21,17,17,0,474.09,346.10,525.90,24.42,17,0,0,0.50,0.50,0.50,27.93,17,17,0,0.10,0.10,0.10,28.61,17,17,0,1.08,1.00,1.10,28.37,17,17,0,0.21,0.20,0.30,27.94,17,17,0
725735,0.36,0.30,0.40,28.62,17,17,0,-0.02,-0.10,0.10,28.22,17,17,0,450.51,362.30,522.20,24.39,17,0,0,0.50,0.50,0.50,27.94,17,17,0,0.13,0.10,0.20,28.62,17,17,0,1.08,1.00,1.10,28.39,17,17,0,0.25,0.20,0.30,27.94,17,17,0
726238,0.38,0.30,0.40,28.63,17,17,0,0.00,-0.10,0.10,28.22,17,17,0,505.19,490.30,520.30,24.37,17,0,0,0.51,0.50,0.60,27.94,17,17,0,0.12,0.10,0.20,28.63,17,17,0,1.08,1.00,1.10,28.36,17,17,0,0.21,0.20,0.30,27.95,17,17,0
726738,0.39,0.30,0.40,28.63,17,17,0,-0.02,-0.10,0.10,28.23,17,17,0,451.16,326.30,531.70,24.38,17,0,0,0.50,0.50,0.50,27.93,17,17,0,0.11,0.10,0.20,28.62,17,17,0,1.09,1.00,1.10,28.38,17,17,0,0.22,0.20,0.30,27.93,17,17,0
727238,0.38,0.30,0.40,28.61,17,17,0,-0.02,-0.10,0.00,28.21,17,17,0,478.86,372.90,523.10,24.37,17,0,0,0.50,0.50,0.50,27.93,17,17,0,0.11,0.10,0.20,28.62,17,17,0,1.08,1.00,1.10,28.39,17,17,0,0.21,0.20,0.30,27.95,17,17,0
727738,0.36,0.30,0.40,28.63,17,17,0,-0.01,-0.10,0.10,28.23,17,17,0,477.17,326.30,516.60,24.38,17,0,0,0.49,0.40,0.50,27.93,17,17,0,0.12,0.10,0.20,28.63,17,17,0,1.09,1.00,1.10,28.39,17,17,0,0.23,0.20,0.30,27.95,17,17,0
728238,0.38,0.30,0.40,28.64,17,17,0,-0.02,-0.10,0.00,28.21,17,17,0,424.38,297.00,491.70,24.37,17,0,0,0.50,0.50,0.50,27.94,17,17,0,0.10,0.10,0.10,28.62,17,17,0,1.08,1.00,1.10,28.38,17,17,0,0.24,0.20,0.30,27.94,17,17,0
728738,0.36,0.30,0.40,28.64,17,17,0,-0.02,-0.10,0.10,28.21,17,17,0,493.05,469.40,513.20,24.38,17,0,0,0.51,0.50,0.60,27.93,17,17,0,0.12,0.10,0.20,28.61,17,17,0,1.09,1.00,1.10,28.37,17,17,0,0.22,0.20,0.30,27.94,17,17,0
729238,0.36,0.30,0.40,28.63,17,17,0,0.00,-0.10,0.10,28.22,17,17,0,438.74,314.40,536.60,24.38,17,0,0,0.50,0.50,0.50,27.93,17,17,0,0.12,0.10,0.20,28.61,17,17,0,1.09,1.00,1.10,28.37,17,17,0,0.22,0.20,0.30,27.95,17,17,0
729740,0.38,0.30,0.40,28.65,17,17,0,-0.02,-0.10,0.10,28.21,17,17,0,497.49,484.10,532.90,24.35,17,0,0,0.50,0.40,0.60,27.92,17,17,0,0.12,0.10,0.20,28.63,17,17,0,1.08,1.00,1.10,28.38,17,17,0,0.22,0.20,0.30,27.95,17,17,0
730240,0.36,0.30,0.40,28.63,17,17,0,-0.01,-0.10,0.10,28.22,17,17,0,475.41,356.20,529.50,24.34,17,0,0,0.50,0.50,0.50,27.94,17,17,0,0.11,0.10,0.20,28.61,17,17,0,1.09,1.00,1.10,28.39,17,17,0,0.21,0.20,0.30,27.95,17,17,0
730740,0.39,0.30,0.40,28.63,17,17,0,-0.02,-0.10,0.00,28.23,17,17,0,431.79,310.20,508.30,24.36,17,0,0,0.50,0.50,0.50,27.94,17,17,0,0.12,0.10,0.20,28.64,17,17,0,1.08,1.00,1.10,28.38,17,17,0,0.23,0.20,0.30,27.96,17,17,0
731240,0.39,0.30,0.40,28.64,17,17,0,-0.03,-0.10,0.10,28.21,17,17,0,486.76,447.90,511.30,24.35,17,0,0,0.50,0.50,0.50,27.94,17,17,0,0.11,0.10,0.20,28.62,17,17,0,1.09,1.00,1.10,28.37,17,17,0,0.22,0.20,0.30,27.95,17,17,0
731740,0.38,0.30,0.40,28.64,17,17,0,0.01,-0.10,0.10,28.24,17,17,0,433.38,329.00,514.70,24.35,17,0,0,0.49,0.40,0.50,27.94,17,17,0,0.12,0.10,0.20,28.63,17,17,0,1.10,1.10,1.10,28.37,17,17,0,0.24,0.20,0.30,27.95,17,17,0
732242,0.36,0.30,0.40,28.63,17,17,0,-0.01,-0.10,0.10,28.24,17,17,0,478.02,464.40,493.60,24.34,17,0,0,0.51,0.50,0.60,27.94,17,17,0,0.10,0.10,0.10,28.63,17,17,0,1.09,1.00,1.10,28.38,17,17,0,0.24,0.20,0.30,27.94,17,17,0
732742,0.38,0.30,0.40,28.63,17,17,0,-0.02,-0.10,0.10,28.23,17,17,0,454.89,305.70,521.50,24.35,17,0,0,0.49,0.40,0.50,27.94,17,17,0,0.12,0.10,0.20,28.63,17,17,0,1.08,1.00,1.10,28.39,17,17,0,0.24,0.20,0.30,27.94,17,17,0
733254,0.36,0.30,0.40,28.62,17,17,0,0.00,-0.10,0.10,28.23,17,17,0,451.09,315.40,546.10,24.33,17,0,0,0.50,0.50,0.50,27.93,17,17,0,0.11,0.10,0.20,28.61,17,17,0,1.10,1.10,1.10,28.39,17,17,0,0.24,0.20,0.30,27.97,17,17,0
733754,0.36,0.30,0.40,28.62,17,17,0,-0.02,-0.10,0.00,28.22,17,17,0,493.51,405.90,521.20,24.34,17,0,0,0.50,0.50,0.50,27.94,17,17,0,0.13,0.10,0.20,28.63,17,17,0,1.08,1.00,1.10,28.36,17,17,0,0.23,0.20,0.30,27.95,17,17,0
734254,0.36,0.30,0.40,28.64,17,17,0,-0.01,-0.10,0.10,28.24,17,17,0,435.28,347.00,526.50,24.33,17,0,0,0.50,0.50,0.50,27.95,17,17,0,0.11,0.10,0.20,28.62,17,17,0,1.09,1.00,1.10,28.39,17,17,0,0.25,0.20,0.30,27.96,17,17,0
734754,0.38,0.30,0.40,28.63,17,17,0,-0.01,-0.10,0.00,28.22,17,17,0,474.12,460.20,509.20,24.34,17,0,0,0.50,0.50,0.50,27.96,17,17,0,0.11,0.00,0.20,28.60,17,17,0,1.08,1.00,1.10,28.38,17,17,0,0.22,0.20,0.30,27.96,17,17,0
735254,0.36,0.30,0.40,28.62,17,17,0,-0.01,-0.10,0.10,28.25,17,17,0,446.59,306.00,505.10,24.35,17,0,0,0.51,0.50,0.60,27.94,17,17,0,0.11,0.10,0.20,28.63,17,17,0,1.09,1.00,1.10,28.38,17,17,0,0.24,0.20,0.30,27.95,17,17,0
735754,0.38,0.30,0.40,28.63,17,17,0,-0.01,-0.10,0.10,28.22,17,17,0,441.11,346.00,516.20,24.32,17,0,0,0.50,0.50,0.50,27.93,17,17,0,0.12,0.10,0.20,28.62,17,17,0,1.08,1.00,1.10,28.39,17,17,0,0.24,0.20,0.30,27.96,17,17,0
736254,0.37,0.30,0.40,28.63,17,17,0,-0.01,-0.10,0.10,28.22,17,17,0,487.26,453.60,500.50,24.33,17,0,0,0.50,0.50,0.50,27.95,17,17,0,0.13,0.10,0.20,28.62,17,17,0,1.09,1.00,1.10,28.36,17,17,0,0.22,0.20,0.30,27.95,17,17,0
736754,0.38,0.30,0.40,28.62,17,17,0,-0.01,-0.10,0.10,28.21,17,17,0,451.29,350.20,516.70,24.31,17,0,0,0.50,0.50,0.50,27.94,17,17,0,0.13,0.10,0.20,28.61,17,17,0,1.09,1.00,1.10,28.37,17,17,0,0.21,0.20,0.30,27.94,17,17,0
737254,0.36,0.30,0.40,28.62,17,17,0,-0.01,-0.10,0.10,28.24,17,17,0,476.96,338.40,518.30,24.30,17,0,0,0.50,0.50,0.50,27.92,17,17,0,0.11,0.10,0.20,28.62,17,17,0,1.09,1.00,1.10,28.39,17,17,0,0.23,0.20,0.30,27.96,17,17,0
737754,0.36,0.30,0.40,28.64,17,17,0,-0.01,-0.10,0.10,28.23,17,17,0,485.78,343.90,520.30,24.33,17,0,0,0.49,0.40,0.50,27.95,17,17,0,0.11,0.10,0.20,28.63,17,17,0,1.09,1.00,1.10,28.39,17,17,0,0.24,0.20,0.30,27.96,17,17,0
738254,0.38,0.30,0.40,28.64,17,17,0,-0.04,-0.10,0.00,28.23,17,17,0,436.86,341.60,527.80,24.30,17,0,0,0.50,0.50,0.50,27.94,17,17,0,0.12,0.10,0.20,28.63,17,17,0,1.08,1.00,1.10,28.37,17,17,0,0.24,0.20,0.30,27.94,17,17,0
738754,0.36,0.30,0.40,28.62,17,17,0,-0.01,-0.10,0.00,28.22,17,17,0,496.89,486.60,512.30,24.33,17,0,0,0.50,0.50,0.50,27.94,17,17,0,0.11,0.10,0.20,28.64,17,17,0,1.08,1.00,1.10,28.38,17,17,0,0.24,0.20,0.30,27.96,17,17,0
739254,0.35,0.30,0.40,28.64,17,17,0,-0.01,-0.10,0.10,28.23,17,17,0,463.98,328.20,545.10,24.31,17,0,0,0.50,0.50,0.50,27.94,17,17,0,0.12,0.10,0.20,28.63,17,17,0,1.10,1.10,1.10,28.39,17,17,0,0.27,0.20,0.30,27.95,17,17,0
739754,0.37,0.30,0.40,28.62,17,17,0,-0.01,-0.10,0.10,28.24,17,17,0,475.57,351.30,548.70,24.29,17,0,0,0.50,0.50,0.50,27.94,17,17,0,0.12,0.10,0.20,28.62,17,17,0,1.10,1.10,1.10,28.39,17,17,0,0.25,0.20,0.30,27.97,17,17,0
740254,0.35,0.30,0.40,28.64,17,17,0,-0.02,-0.10,0.10,28.24,17,17,0,527.74,460.70,552.90,24.29,17,0,0,0.51,0.50,0.60,27.96,17,17,0,0.11,0.00,0.20,28.62,17,17,0,1.08,1.00,1.10,28.37,17,17,0,0.23,0.20,0.30,27.95,17,17,0
740754,0.37,0.30,0.40,28.64,17,17,0,0.00,-0.10,0.10,28.22,17,17,0,470.51,348.80,561.70,24.29,17,0,0,0.50,0.50,0.50,27.93,17,17,0,0.11,0.10,0.20,28.63,17,17,0,1.09,1.00,1.10,28.39,17,17,0,0.24,0.20,0.30,27.96,17,17,0
741254,0.36,0.30,0.40,28.64,17,17,0,-0.01,-0.10,0.00,28.23,17,17,0,505.98,411.70,555.50,24.27,17,0,0,0.49,0.40,0.50,27.95,17,17,0,0.12,0.10,0.20,28.64,17,17,0,1.09,1.00,1.10,28.38,17,17,0,0.22,0.20,0.30,27.96,17,17,0
741757,0.37,0.30,0.40,28.63,17,17,0,-0.01,-0.10,0.10,28.24,17,17,0,507.88,366.30,550.50,24.30,17,0,0,0.50,0.50,0.50,27.95,17,17,0,0.12,0.10,0.20,28.62,17,17,0,1.08,1.00,1.10,28.39,17,17,0,0.24,0.20,0.30,27.94,17,17,0
742257,0.38,0.30,0.40,28.63,17,17,0,-0.01,-0.10,0.10,28.24,17,17,0,467.41,369.60,536.40,24.27,17,0,0,0.49,0.40,0.50,27.94,17,17,0,0.13,0.10,0.20,28.65,17,17,0,1.09,1.00,1.10,28.38,17,17,0,0.24,0.20,0.30,27.96,17,17,0
742757,0.37,0.30,0.40,28.63,17,17,0,-0.01,-0.10,0.10,28.23,17,17,0,519.67,503.40,540.00,24.28,17,0,0,0.50,0.50,0.50,27.94,17,17,0,0.13,0.10,0.20,28.64,17,17,0,1.09,1.00,1.10,28.37,17,17,0,0.22,0.20,0.30,27.95,17,17,0
743257,0.37,0.30,0.40,28.65,17,17,0,0.01,-0.10,0.10,28.23,17,17,0,498.62,371.00,550.00,24.28,17,0,0,0.50,0.50,0.50,27.94,17,17,0,0.12,0.10,0.20,28.64,17,17,0,1.09,1.00,1.10,28.38,17,17,0,0.22,0.20,0.30,27.95,17,17,0
743758,0.37,0.30,0.40,28.64,17,17,0,-0.01,-0.10,0.00,28.22,17,17,0,465.54,350.40,541.70,24.28,17,0,0,0.50,0.50,0.50,27.94,17,17,0,0.12,0.10,0.20,28.64,17,17,0,1.09,1.00,1.10,28.38,17,17,0,0.24,0.20,0.30,27.95,17,17,0
744260,0.38,0.30,0.40,28.64,17,17,0,-0.04,-0.10,0.00,28.23,17,17,0,524.84,502.50,549.50,24.28,17,0,0,0.49,0.40,0.50,27.94,17,17,0,0.12,0.10,0.20,28.63,17,17,0,1.08,1.00,1.10,28.39,17,17,0,0.24,0.20,0.30,27.96,17,17,0
744760,0.38,0.30,0.40,28.64,17,17,0,-0.01,-0.10,0.00,28.22,17,17,0,465.57,335.40,545.90,24.27,17,0,0,0.50,0.50,0.50,27.95,17,17,0,0.12,0.10,0.20,28.63,17,17,0,1.09,1.00,1.10,28.38,17,17,0,0.24,0.20,0.30,27.94,17,17,0
745260,0.37,0.30,0.40,28.63,17,17,0,-0.02,-0.10,0.10,28.23,17,17,0,482.15,364.30,541.20,24.26,17,0,0,0.50,0.50,0.50,27.94,17,17,0,0.12,0.10,0.20,28.64,17,17,0,1.09,1.00,1.10,28.40,17,17,0,0.24,0.20,0.30,27.94,17,17,0
745760,0.38,0.30,0.40,28.64,17,17,0,-0.02,-0.10,0.10,28.23,17,17,0,509.08,423.00,527.60,24.27,17,0,0,0.50,0.50,0.50,27.95,17,17,0,0.12,0.00,0.20,28.65,17,17,0,1.08,1.00,1.10,28.42,17,17,0,0.22,0.20,0.30,27.95,17,17,0
746260,0.38,0.30,0.40,28.64,17,17,0,-0.01,-0.10,0.10,28.23,17,17,0,461.98,346.00,540.60,24.27,17,0,0,0.49,0.40,0.50,27.95,17,17,0,0.11,0.10,0.20,28.63,17,17,0,1.08,1.00,1.10,28.39,17,17,0,0.23,0.20,0.30,27.98,17,17,0
746760,0.37,0.30,0.40,28.63,17,17,0,-0.02,-0.10,0.10,28.23,17,17,0,516.38,501.10,535.60,24.26,17,0,0,0.50,0.50,0.50,27.95,17,17,0,0.11,0.10,0.20,28.65,17,17,0,1.09,1.00,1.10,28.38,17,17,0,0.22,0.20,0.30,27.97,17,17,0
747260,0.38,0.30,0.40,28.63,17,17,0,-0.01,-0.10,0.00,28.24,17,17,0,501.52,378.70,552.60,24.26,17,0,0,0.49,0.40,0.50,27.95,17,17,0,0.11,0.10,0.20,28.63,17,17,0,1.07,1.00,1.10,28.38,17,17,0,0.21,0.20,0.30,27.97,17,17,0
747760,0.35,0.30,0.40,28.63,17,17,0,0.00,-0.10,0.10,28.23,17,17,0,459.36,346.60,543.70,24.25,17,0,0,0.50,0.50,0.50,27.95,17,17,0,0.12,0.10,0.20,28.63,17,17,0,1.08,1.00,1.10,28.39,17,17,0,0.21,0.20,0.30,27.97,17,17,0
748260,0.39,0.30,0.40,28.63,17,17,0,-0.01,-0.10,0.10,28.22,17,17,0,517.36,496.20,547.80,24.26,17,0,0,0.50,0.50,0.50,27.95,17,17,0,0.11,0.10,0.20,28.62,17,17,0,1.09,1.00,1.10,28.39,17,17,0,0.23,0.20,0.30,27.96,17,17,0
748762,0.36,0.30,0.40,28.62,17,17,0,-0.01,-0.10,0.10,28.24,17,17,0,459.41,343.00,531.40,24.26,17,0,0,0.51,0.50,0.60,27.95,17,17,0,0.11,0.10,0.20,28.63,17,17,0,1.09,1.00,1.10,28.37,17,17,0,0.21,0.20,0.30,27.95,17,17,0
749262,0.35,0.30,0.40,28.63,17,17,0,-0.02,-0.10,0.00,28.25,17,17,0,466.76,370.40,540.50,24.27,17,0,0,0.50,0.50,0.50,27.94,17,17,0,0.11,0.10,0.20,28.64,17,17,0,1.10,1.10,1.10,28.38,17,17,0,0.21,0.20,0.30,27.97,17,17,0
749762,0.37,0.30,0.40,28.64,17,17,0,-0.04,-0.10,0.00,28.22,17,17,0,505.33,472.60,518.80,24.24,17,0,0,0.50,0.50,0.50,27.95,17,17,0,0.12,0.10,0.20,28.65,17,17,0,1.09,1.00,1.10,28.38,17,17,0,0.22,0.20,0.30,27.96,17,17,0
750262,0.37,0.30,0.40,28.64,17,17,0,-0.01,-0.10,0.10,28.22,17,17,0,496.12,451.20,554.10,24.24,17,0,0,0.50,0.50,0.50,27.95,17,17,0,0.12,0.10,0.20,28.63,17,17,0,1.08,1.00,1.10,28.38,17,17,0,0.21,0.20,0.30,27.97,17,17,0
750762,0.37,0.30,0.40,28.66,17,17,0,-0.04,-0.10,0.00,28.24,17,17,0,487.89,481.60,504.30,24.25,17,0,0,0.51,0.50,0.60,27.94,17,17,0,0.11,0.10,0.20,28.65,17,17,0,1.09,1.00,1.10,28.40,17,17,0,0.23,0.20,0.30,27.95,17,17,0
751262,0.37,0.30,0.40,28.64,17,17,0,-0.01,-0.10,0.10,28.23,17,17,0,486.34,480.50,493.80,24.25,17,0,0,0.49,0.40,0.50,27.96,17,17,0,0.11,0.10,0.20,28.65,17,17,0,1.09,1.00,1.10,28.39,17,17,0,0.23,0.20,0.30,27.96,17,17,0
751762,0.39,0.30,0.40,28.62,17,17,0,0.00,-0.10,0.10,28.25,17,17,0,479.58,471.80,487.70,24.24,17,0,0,0.49,0.40,0.50,27.95,17,17,0,0.11,0.10,0.20,28.63,17,17,0,1.09,1.00,1.10,28.40,17,17,0,0.22,0.20,0.30,27.96,17,17,0
752262,0.38,0.30,0.40,28.63,16,16,0,0.01,-0.10,0.10,28.23,16,16,0,472.69,468.00,478.00,24.25,16,0,0,0.50,0.40,0.60,27.95,16,16,0,0.11,0.10,0.20,28.63,16,16,0,1.09,1.00,1.10,28.38,16,16,0,0.23,0.20,0.30,27.96,16,16,0
752762,0.36,0.30,0.40,28.63,17,17,0,-0.01,-0.10,0.10,28.24,17,17,0,471.34,467.10,476.70,24.26,17,0,0,0.49,0.40,0.50,27.96,17,17,0,0.11,0.10,0.20,28.63,17,17,0,1.08,1.00,1.10,28.38,17,17,0,0.20,0.20,0.20,27.97,17,17,0
753262,0.36,0.30,0.40,28.64,17,17,0,-0.04,-0.10,0.00,28.22,17,17,0,475.55,470.20,481.10,24.26,17,0,0,0.50,0.50,0.50,27.94,17,17,0,0.12,0.10,0.20,28.65,17,17,0,1.09,1.00,1.10,28.39,17,17,0,0.22,0.20,0.30,27.95,17,17,0
753762,0.35,0.30,0.40,28.63,17,17,0,-0.01,-0.10,0.10,28.24,17,17,0,479.89,473.90,489.50,24.27,17,0,0,0.49,0.40,0.50,27.95,17,17,0,0.11,0.10,0.20,28.64,17,17,0,1.09,1.00,1.10,28.39,17,17,0,0.22,0.20,0.30,27.96,17,17,0
754262,0.38,0.30,0.40,28.65,17,17,0,0.01,-0.10,0.10,28.25,17,17,0,490.00,484.50,498.10,24.24,17,0,0,0.50,0.50,0.50,27.95,17,17,0,0.13,0.10,0.20,28.65,17,17,0,1.09,1.00,1.10,28.39,17,17,0,0.24,0.20,0.30,27.95,17,17,0
754764,0.38,0.30,0.40,28.64,17,17,0,-0.05,-0.10,0.00,28.24,17,17,0,490.09,484.80,496.80,24.23,17,0,0,0.50,0.50,0.50,27.96,17,17,0,0.12,0.10,0.20,28.64,17,17,0,1.09,1.00,1.10,28.39,17,17,0,0.24,0.20,0.30,27.96,17,17,0
755264,0.38,0.30,0.40,28.65,17,17,0,-0.01,-0.10,0.10,28.24,17,17,0,482.33,472.30,489.90,24.24,17,0,0,0.50,0.50,0.50,27.95,17,17,0,0.14,0.10,0.20,28.63,17,17,0,1.08,1.00,1.10,28.38,17,17,0,0.21,0.20,0.30,27.95,17,17,0
755764,0.36,0.30,0.40,28.64,17,17,0,0.00,-0.10,0.10,28.24,17,17,0,475.85,469.10,483.50,24.24,17,0,0,0.49,0.40,0.50,27.95,17,17,0,0.12,0.10,0.20,28.64,17,17,0,1.09,1.00,1.10,28.41,17,17,0,0.22,0.20,0.30,27.96,17,17,0
756264,0.38,0.30,0.40,28.65,17,17,0,-0.01,-0.10,0.10,28.23,17,17,0,474.85,468.90,484.00,24.24,17,0,0,0.50,0.50,0.50,27.96,17,17,0,0.11,0.10,0.20,28.64,17,17,0,1.09,1.00,1.10,28.39,17,17,0,0.24,0.20,0.30,27.96,17,17,0
756768,0.36,0.30,0.40,28.63,17,17,0,-0.03,-0.10,0.00,28.24,17,17,0,477.75,468.90,485.50,24.23,17,0,0,0.50,0.50,0.50,27.97,17,17,0,0.12,0.10,0.20,28.63,17,17,0,1.09,1.00,1.10,28.40,17,17,0,0.21,0.20,0.30,27.96,17,17,0
757268,0.38,0.30,0.40,28.64,17,17,0,-0.03,-0.10,0.00,28.23,17,17,0,484.14,475.20,492.30,24.24,17,0,0,0.49,0.40,0.50,27.96,17,17,0,0.12,0.10,0.20,28.63,17,17,0,1.09,1.00,1.10,28.38,17,17,0,0.24,0.20,0.30,27.96,17,17,0
757768,0.39,0.30,0.40,28.65,17,17,0,-0.01,-0.10,0.10,28.25,17,17,0,493.35,489.70,501.40,24.22,17,0,0,0.50,0.50,0.50,27.96,17,17,0,0.12,0.10,0.20,28.65,17,17,0,1.09,1.00,1.10,28.38,17,17,0,0.22,0.20,0.30,27.97,17,17,0
758268,0.38,0.30,0.40,28.63,17,17,0,-0.04,-0.10,0.10,28.24,17,17,0,489.92,480.90,501.20,24.22,17,0,0,0.50,0.50,0.50,27.96,17,17,0,0.12,0.10,0.20,28.64,17,17,0,1.09,1.00,1.10,28.38,17,17,0,0.22,0.20,0.30,27.97,17,17,0
758768,0.38,0.30,0.40,28.65,17,17,0,0.00,-0.10,0.10,28.24,17,17,0,479.08,468.00,486.00,24.21,17,0,0,0.50,0.50,0.50,27.95,17,17,0,0.11,0.10,0.20,28.63,17,17,0,1.09,1.00,1.10,28.40,17,17,0,0.24,0.20,0.30,27.94,17,17,0
759269,0.36,0.30,0.40,28.65,17,17,0,-0.04,-0.10,0.10,28.23,17,17,0,471.12,461.00,477.10,24.22,17,0,0,0.50,0.50,0.50,27.95,17,17,0,0.12,0.10,0.20,28.66,17,17,0,1.09,1.00,1.10,28.41,17,17,0,0.22,0.20,0.30,27.97,17,17,0
759769,0.36,0.30,0.40,28.64,17,17,0,-0.01,-0.10,0.00,28.23,17,17,0,466.16,455.20,475.30,24.23,17,0,0,0.50,0.50,0.50,27.95,17,17,0,0.11,0.10,0.20,28.66,17,17,0,1.09,1.00,1.10,28.39,17,17,0,0.22,0.20,0.30,27.95,17,17,0
760269,0.36,0.30,0.40,28.66,17,17,0,0.00,-0.10,0.10,28.23,17,17,0,467.01,456.10,476.00,24.25,17,0,0,0.50,0.50,0.50,27.96,17,17,0,0.12,0.10,0.20,28.63,17,17,0,1.08,1.00,1.10,28.38,17,17,0,0.23,0.20,0.30,27.95,17,17,0
760769,0.36,0.30,0.40,28.64,17,17,0,-0.00,-0.10,0.10,28.23,17,17,0,471.92,465.80,479.80,24.23,17,0,0,0.51,0.50,0.60,27.95,17,17,0,0.10,0.10,0.10,28.65,17,17,0,1.10,1.10,1.10,28.40,17,17,0,0.23,0.20,0.30,27.95,17,17,0
761269,0.37,0.30,0.40,28.64,17,17,0,-0.02,-0.10,0.00,28.24,17,17,0,479.05,474.50,487.70,24.20,17,0,0,0.50,0.50,0.50,27.95,17,17,0,0.11,0.10,0.20,28.64,17,17,0,1.10,1.10,1.10,28.39,17,17,0,0.23,0.20,0.30,27.97,17,17,0
761769,0.38,0.30,0.40,28.65,17,17,0,-0.02,-0.10,0.10,28.26,17,17,0,480.53,472.40,488.30,24.21,17,0,0,0.50,0.50,0.50,27.96,17,17,0,0.12,0.10,0.20,28.64,17,17,0,1.07,1.00,1.10,28.39,17,17,0,0.24,0.20,0.30,27.97,17,17,0
762269,0.36,0.30,0.40,28.66,17,17,0,-0.03,-0.10,0.10,28.24,17,17,0,469.93,459.00,479.80,24.21,17,0,0,0.50,0.50,0.50,27.96,17,17,0,0.12,0.10,0.20,28.64,17,17,0,1.08,1.00,1.10,28.39,17,17,0,0.24,0.20,0.30,27.97,17,17,0
762769,0.36,0.30,0.40,28.66,17,17,0,-0.01,-0.10,0.10,28.24,17,17,0,459.58,453.20,467.60,24.21,17,0,0,0.49,0.40,0.50,27.96,17,17,0,0.12,0.10,0.20,28.63,17,17,0,1.09,1.00,1.10,28.38,17,17,0,0.23,0.20,0.30,27.96,17,17,0
763269,0.36,0.30,0.40,28.65,17,17,0,-0.01,-0.10,0.10,28.23,17,17,0,455.81,448.30,468.50,24.23,17,0,0,0.49,0.40,0.50,27.96,17,17,0,0.11,0.10,0.20,28.63,17,17,0,1.10,1.10,1.10,28.40,17,17,0,0.20,0.20,0.20,27.97,17,17,0
763769,0.36,0.30,0.40,28.64,17,17,0,-0.02,-0.10,0.10,28.24,17,17,0,458.28,450.60,470.00,24.21,17,0,0,0.50,0.50,0.50,27.96,17,17,0,0.11,0.10,0.20,28.64,17,17,0,1.08,1.00,1.10,28.39,17,17,0,0.24,0.20,0.30,27.97,17,17,0
764269,0.39,0.30,0.40,28.65,17,17,0,-0.02,-0.10,0.10,28.24,17,17,0,460.97,453.80,469.90,24.21,17,0,0,0.50,0.50,0.50,27.97,17,17,0,0.10,0.10,0.10,28.65,17,17,0,1.09,1.00,1.10,28.41,17,17,0,0.24,0.20,0.30,27.96,17,17,0
764769,0.38,0.30,0.40,28.65,17,17,0,-0.01,-0.10,0.10,28.24,17,17,0,466.51,458.60,475.10,24.20,17,0,0,0.50,0.50,0.50,27.95,17,17,0,0.12,0.10,0.20,28.63,17,17,0,1.08,1.00,1.10,28.40,17,17,0,0.22,0.20,0.30,27.97,17,17,0
765269,0.36,0.30,0.40,28.64,17,17,0,-0.02,-0.10,0.00,28.25,17,17,0,466.33,459.50,473.90,24.21,17,0,0,0.51,0.50,0.60,27.95,17,17,0,0.12,0.10,0.20,28.64,17,17,0,1.09,1.00,1.10,28.41,17,17,0,0.24,0.20,0.30,27.97,17,17,0
765769,0.36,0.30,0.40,28.65,17,17,0,-0.04,-0.10,0.10,28.24,17,17,0,457.38,449.50,466.30,24.20,17,0,0,0.50,0.50,0.50,27.95,17,17,0,0.12,0.10,0.20,28.66,17,17,0,1.09,1.00,1.10,28.40,17,17,0,0.21,0.20,0.30,27.97,17,17,0
766269,0.38,0.30,0.40,28.65,17,17,0,0.00,-0.10,0.10,28.25,17,17,0,448.24,437.90,457.50,24.20,17,0,0,0.50,0.50,0.50,27.95,17,17,0,0.10,0.10,0.10,28.64,17,17,0,1.08,1.00,1.10,28.38,17,17,0,0.22,0.20,0.30,27.97,17,17,0
766769,0.36,0.30,0.40,28.65,17,17,0,-0.02,-0.10,0.10,28.23,17,17,0,443.45,439.10,451.30,24.20,17,0,0,0.50,0.50,0.50,27.97,17,17,0,0.12,0.10,0.20,28.65,17,17,0,1.09,1.00,1.10,28.39,17,17,0,0.22,0.20,0.30,27.97,17,17,0
767269,0.37,0.30,0.40,28.65,17,17,0,-0.02,-0.10,0.10,28.24,17,17,0,446.45,440.20,457.80,24.22,17,0,0,0.51,0.50,0.60,27.94,17,17,0,0.12,0.10,0.20,28.65,17,17,0,1.08,1.00,1.10,28.40,17,17,0,0.22,0.20,0.30,27.97,17,17,0
767769,0.35,0.30,0.40,28.65,17,17,0,-0.02,-0.10,0.10,28.24,17,17,0,451.71,442.30,461.40,24.21,17,0,0,0.50,0.50,0.50,27.96,17,17,0,0.11,0.10,0.20,28.65,17,17,0,1.08,1.00,1.10,28.40,17,17,0,0.22,0.20,0.30,27.97,17,17,0
768269,0.35,0.30,0.40,28.64,17,17,0,0.01,-0.10,0.10,28.22,17,17,0,459.09,446.40,467.40,24.20,17,0,0,0.50,0.50,0.50,27.95,17,17,0,0.12,0.10,0.20,28.65,17,17,0,1.08,1.00,1.10,28.41,17,17,0,0.21,0.20,0.30,27.98,17,17,0
768770,0.36,0.30,0.40,28.64,17,17,0,0.00,-0.10,0.10,28.24,17,17,0,462.84,450.50,470.10,24.21,17,0,0,0.50,0.50,0.50,27.97,17,17,0,0.11,0.10,0.20,28.63,17,17,0,1.09,1.00,1.10,28.40,17,17,0,0.24,0.20,0.30,27.97,17,17,0
769270,0.38,0.30,0.40,28.64,17,17,0,-0.01,-0.10,0.10,28.24,17,17,0,457.01,444.20,467.40,24.17,17,0,0,0.49,0.40,0.50,27.95,17,17,0,0.11,0.00,0.20,28.64,17,17,0,1.08,1.00,1.10,28.40,17,17,0,0.23,0.20,0.30,27.98,17,17,0
769772,0.36,0.30,0.40,28.64,17,17,0,-0.01,-0.10,0.10,28.23,17,17,0,453.22,445.70,463.20,24.20,17,0,0,0.50,0.50,0.50,27.96,17,17,0,0.11,0.10,0.20,28.64,17,17,0,1.09,1.00,1.10,28.42,17,17,0,0.23,0.20,0.30,27.97,17,17,0
770272,0.38,0.30,0.40,28.64,17,17,0,-0.01,-0.10,0.10,28.23,17,17,0,451.75,441.70,459.30,24.22,17,0,0,0.50,0.50,0.50,27.97,17,17,0,0.11,0.10,0.20,28.66,17,17,0,1.08,1.00,1.10,28.41,17,17,0,0.21,0.20,0.30,27.97,17,17,0
770772,0.38,0.30,0.40,28.66,18,18,0,-0.03,-0.10,0.10,28.23,18,18,0,451.87,446.60,456.40,24.20,18,0,0,0.49,0.40,0.50,27.96,18,18,0,0.12,0.10,0.20,28.64,18,18,0,1.09,1.00,1.10,28.39,18,18,0,0.22,0.20,0.30,27.98,18,18,0
771272,0.37,0.30,0.40,28.64,16,16,0,-0.01,-0.10,0.00,28.24,16,16,0,454.29,448.80,459.00,24.22,16,0,0,0.50,0.50,0.50,27.96,16,16,0,0.11,0.10,0.20,28.67,16,16,0,1.09,1.00,1.10,28.41,16,16,0,0.24,0.20,0.30,27.98,16,16,0
771784,0.37,0.30,0.40,28.65,18,18,0,-0.03,-0.10,0.00,28.24,18,18,0,460.42,452.10,468.40,24.20,18,0,0,0.49,0.40,0.50,27.95,18,18,0,0.12,0.10,0.20,28.64,18,18,0,1.09,1.00,1.10,28.40,18,18,0,0.25,0.20,0.30,27.98,18,18,0
772284,0.38,0.30,0.40,28.66,17,17,0,-0.02,-0.10,0.10,28.25,17,17,0,459.98,452.30,467.90,24.19,17,0,0,0.50,0.50,0.50,27.96,17,17,0,0.11,0.10,0.20,28.64,17,17,0,1.09,1.00,1.10,28.39,17,17,0,0.24,0.20,0.30,27.97,17,17,0
772796,0.38,0.30,0.40,28.65,18,18,0,-0.01,-0.10,0.10,28.23,18,18,0,455.26,446.60,460.20,24.19,18,0,0,0.51,0.50,0.60,27.96,18,18,0,0.11,0.10,0.20,28.66,18,18,0,1.08,1.00,1.10,28.40,18,18,0,0.23,0.20,0.30,27.98,18,18,0
773296,0.38,0.30,0.40,28.64,17,17,0,-0.01,-0.10,0.10,28.24,17,17,0,450.27,440.90,459.10,24.20,17,0,0,0.50,0.50,0.50,27.97,17,17,0,0.09,0.00,0.10,28.65,17,17,0,1.10,1.10,1.10,28.40,17,17,0,0.23,0.20,0.30,27.97,17,17,0
773796,0.39,0.30,0.40,28.65,17,17,0,0.00,-0.10,0.10,28.25,17,17,0,447.65,442.20,456.60,24.19,17,0,0,0.50,0.50,0.50,27.96,17,17,0,0.14,0.10,0.20,28.64,17,17,0,1.10,1.10,1.10,28.39,17,17,0,0.25,0.20,0.30,27.97,17,17,0
774299,0.36,0.30,0.40,28.65,17,17,0,-0.03,-0.10,0.10,28.23,17,17,0,448.25,436.70,466.10,24.19,17,0,0,0.50,0.50,0.50,27.97,17,17,0,0.10,0.10,0.10,28.66,17,17,0,1.09,1.00,1.10,28.39,17,17,0,0.22,0.20,0.30,27.97,17,17,0
774807,0.36,0.30,0.40,28.66,17,17,0,-0.03,-0.10,0.00,28.25,17,17,0,451.13,427.80,462.70,24.18,17,0,0,0.50,0.50,0.50,27.95,17,17,0,0.11,0.10,0.20,28.65,17,17,0,1.10,1.10,1.10,28.42,17,17,0,0.22,0.20,0.30,27.96,17,17,0
775307,0.37,0.30,0.40,28.66,17,17,0,-0.01,-0.10,0.10,28.23,17,17,0,458.48,451.00,464.90,24.20,17,0,0,0.50,0.50,0.50,27.95,17,17,0,0.11,0.10,0.20,28.66,17,17,0,1.09,1.00,1.10,28.38,17,17,0,0.21,0.20,0.30,27.98,17,17,0
775807,0.35,0.30,0.40,28.65,17,17,0,0.00,-0.10,0.10,28.25,17,17,0,462.15,454.40,468.20,24.18,17,0,0,0.49,0.40,0.50,27.96,17,17,0,0.12,0.10,0.20,28.65,17,17,0,1.08,1.00,1.10,28.40,17,17,0,0.26,0.20,0.30,27.96,17,17,0
776307,0.37,0.30,0.40,28.66,17,17,0,0.00,-0.10,0.10,28.23,17,17,0,458.43,450.50,469.80,24.18,17,0,0,0.50,0.50,0.50,27.97,17,17,0,0.11,0.10,0.20,28.65,17,17,0,1.09,1.00,1.10,28.41,17,17,0,0.25,0.20,0.30,27.98,17,17,0
776810,0.38,0.30,0.40,28.66,17,17,0,0.02,-0.10,0.10,28.24,17,17,0,453.84,442.70,463.80,24.18,17,0,0,0.50,0.50,0.50,27.98,17,17,0,0.11,0.10,0.20,28.66,17,17,0,1.09,1.00,1.10,28.40,17,17,0,0.22,0.20,0.30,27.97,17,17,0
777310,0.35,0.30,0.40,28.66,17,17,0,-0.02,-0.10,0.10,28.25,17,17,0,451.26,444.30,457.50,24.17,17,0,0,0.49,0.40,0.50,27.97,17,17,0,0.11,0.10,0.20,28.66,17,17,0,1.09,1.00,1.10,28.41,17,17,0,0.21,0.20,0.30,27.97,17,17,0
777810,0.36,0.30,0.40,28.65,17,17,0,-0.02,-0.10,0.10,28.25,17,17,0,451.61,446.80,457.30,24.19,17,0,0,0.49,0.40,0.50,27.96,17,17,0,0.11,0.10,0.20,28.65,17,17,0,1.08,1.00,1.10,28.41,17,17,0,0.24,0.20,0.30,27.98,17,17,0
778310,0.38,0.30,0.40,28.65,17,17,0,-0.00,-0.10,0.10,28.23,17,17,0,455.44,447.10,463.00,24.16,17,0,0,0.51,0.50,0.60,27.97,17,17,0,0.11,0.10,0.20,28.67,17,17,0,1.09,1.00,1.10,28.41,17,17,0,0.23,0.20,0.30,27.98,17,17,0
778810,0.37,0.30,0.40,28.65,17,17,0,0.00,-0.10,0.10,28.24,17,17,0,463.40,457.30,468.60,24.19,17,0,0,0.49,0.40,0.50,27.97,17,17,0,0.12,0.10,0.20,28.66,17,17,0,1.09,1.00,1.10,28.40,17,17,0,0.22,0.20,0.30,27.98,17,17,0
779311,0.38,0.30,0.40,28.64,17,17,0,-0.04,-0.10,0.10,28.24,17,17,0,468.32,459.90,476.10,24.17,17,0,0,0.49,0.40,0.50,27.96,17,17,0,0.11,0.10,0.20,28.65,17,17,0,1.08,1.00,1.10,28.41,17,17,0,0.23,0.20,0.30,27.97,17,17,0
779811,0.38,0.30,0.40,28.64,17,17,0,-0.01,-0.10,0.10,28.25,17,17,0,465.74,456.70,478.20,24.17,17,0,0,0.50,0.50,0.50,27.97,17,17,0,0.12,0.10,0.20,28.67,17,17,0,1.10,1.10,1.10,28.40,17,17,0,0.24,0.20,0.30,27.97,17,17,0
780311,0.38,0.30,0.40,28.64,17,17,0,-0.01,-0.10,0.00,28.25,17,17,0,461.85,453.40,470.30,24.17,17,0,0,0.50,0.50,0.50,27.96,17,17,0,0.11,0.10,0.20,28.66,17,17,0,1.10,1.10,1.10,28.41,17,17,0,0.24,0.20,0.30,27.99,17,17,0
780811,0.37,0.30,0.40,28.64,17,17,0,-0.03,-0.10,0.10,28.23,17,17,0,460.76,443.00,476.30,24.17,17,0,0,0.50,0.50,0.50,27.96,17,17,0,0.12,0.10,0.20,28.65,17,17,0,1.08,1.00,1.10,28.41,17,17,0,0.24,0.20,0.30,27.97,17,17,0
781311,0.37,0.30,0.40,28.64,17,17,0,-0.01,-0.10,0.10,28.23,17,17,0,461.08,454.30,477.90,24.18,17,0,0,0.50,0.50,0.50,27.97,17,17,0,0.12,0.10,0.20,28.64,17,17,0,1.09,1.00,1.10,28.41,17,17,0,0.24,0.20,0.30,27.98,17,17,0
781811,0.36,0.30,0.40,28.64,17,17,0,-0.03,-0.10,0.10,28.24,17,17,0,467.20,455.30,478.20,24.15,17,0,0,0.50,0.50,0.50,27.96,17,17,0,0.10,0.10,0.10,28.64,17,17,0,1.08,1.00,1.10,28.40,17,17,0,0.25,0.20,0.30,27.98,17,17,0
782311,0.36,0.30,0.40,28.65,17,17,0,-0.02,-0.10,0.10,28.24,17,17,0,473.71,462.70,486.50,24.15,17,0,0,0.49,0.40,0.50,27.94,17,17,0,0.13,0.10,0.20,28.64,17,17,0,1.09,1.00,1.10,28.41,17,17,0,0.24,0.20,0.30,27.99,17,17,0
782811,0.38,0.30,0.40,28.66,17,17,0,-0.01,-0.10,0.10,28.23,17,17,0,478.95,467.60,491.10,24.16,17,0,0,0.50,0.50,0.50,27.97,17,17,0,0.11,0.00,0.20,28.67,17,17,0,1.09,1.00,1.10,28.40,17,17,0,0.22,0.20,0.30,27.98,17,17,0
783323,0.36,0.30,0.40,28.64,18,18,0,-0.03,-0.10,0.10,28.25,18,18,0,473.38,464.80,490.30,24.14,18,0,0,0.50,0.50,0.50,27.97,18,18,0,0.12,0.10,0.20,28.64,18,18,0,1.09,1.00,1.10,28.40,18,18,0,0.23,0.20,0.30,27.96,18,18,0
783823,0.37,0.30,0.40,28.65,17,17,0,-0.02,-0.10,0.10,28.24,17,17,0,465.62,457.60,471.80,24.16,17,0,0,0.50,0.50,0.50,27.97,17,17,0,0.11,0.10,0.20,28.66,17,17,0,1.09,1.00,1.10,28.39,17,17,0,0.22,0.20,0.30,28.00,17,17,0
784323,0.35,0.30,0.40,28.65,17,17,0,-0.04,-0.10,0.10,28.24,17,17,0,461.39,452.80,468.70,24.17,17,0,0,0.51,0.50,0.60,27.95,17,17,0,0.12,0.10,0.20,28.64,17,17,0,1.09,1.00,1.10,28.40,17,17,0,0.22,0.20,0.30,27.97,17,17,0
784823,0.36,0.30,0.40,28.68,17,17,0,-0.02,-0.10,0.00,28.25,17,17,0,458.64,452.90,465.40,24.15,17,0,0,0.50,0.50,0.50,27.96,17,17,0,0.11,0.10,0.20,28.65,17,17,0,1.09,1.00,1.10,28.39,17,17,0,0.22,0.20,0.30,27.97,17,17,0
785323,0.35,0.30,0.40,28.63,17,17,0,-0.02,-0.10,0.10,28.26,17,17,0,462.79,453.50,471.20,24.15,17,0,0,0.50,0.40,0.60,27.97,17,17,0,0.10,0.10,0.10,28.65,17,17,0,1.10,1.10,1.10,28.41,17,17,0,0.23,0.20,0.30,27.98,17,17,0
785823,0.38,0.30,0.40,28.65,17,17,0,-0.02,-0.10,0.10,28.23,17,17,0,470.51,457.40,479.70,24.14,17,0,0,0.51,0.50,0.60,27.96,17,17,0,0.10,0.10,0.10,28.66,17,17,0,1.09,1.00,1.10,28.41,17,17,0,0.22,0.20,0.30,27.99,17,17,0
786324,0.36,0.30,0.40,28.65,17,17,0,-0.01,-0.10,0.10,28.23,17,17,0,475.64,467.10,486.00,24.15,17,0,0,0.50,0.50,0.50,27.96,17,17,0,0.12,0.10,0.20,28.64,17,17,0,1.09,1.00,1.10,28.40,17,17,0,0.24,0.20,0.30,27.97,17,17,0
786824,0.36,0.30,0.40,28.65,16,16,0,-0.03,-0.10,0.00,28.24,16,16,0,468.82,461.80,475.60,24.15,16,0,0,0.50,0.50,0.50,27.96,16,16,0,0.11,0.10,0.20,28.65,16,16,0,1.09,1.00,1.10,28.40,16,16,0,0.23,0.20,0.30,27.97,16,16,0
787324,0.37,0.30,0.40,28.64,17,17,0,-0.03,-0.10,0.10,28.24,17,17,0,462.30,455.90,468.90,24.15,17,0,0,0.50,0.50,0.50,27.97,17,17,0,0.11,0.10,0.20,28.65,17,17,0,1.09,1.00,1.10,28.41,17,17,0,0.21,0.20,0.30,27.98,17,17,0
787824,0.37,0.30,0.40,28.65,17,17,0,-0.01,-0.10,0.00,28.23,17,17,0,458.22,449.40,465.80,24.15,17,0,0,0.50,0.50,0.50,27.97,17,17,0,0.10,0.10,0.10,28.66,17,17,0,1.09,1.00,1.10,28.41,17,17,0,0.24,0.20,0.30,27.98,17,17,0
788324,0.36,0.30,0.40,28.64,17,17,0,-0.02,-0.10,0.10,28.23,17,17,0,454.55,445.00,462.60,24.15,17,0,0,0.49,0.40,0.50,27.96,17,17,0,0.12,0.10,0.20,28.66,17,17,0,1.09,1.00,1.10,28.40,17,17,0,0.22,0.20,0.30,27.97,17,17,0
788824,0.36,0.30,0.40,28.66,17,17,0,-0.02,-0.10,0.10,28.24,17,17,0,461.83,452.30,472.80,24.14,17,0,0,0.50,0.50,0.50,27.95,17,17,0,0.12,0.10,0.20,28.67,17,17,0,1.09,1.00,1.10,28.41,17,17,0,0.22,0.20,0.30,27.97,17,17,0
789324,0.37,0.30,0.40,28.65,17,17,0,0.00,-0.10,0.10,28.25,17,17,0,471.60,463.30,483.50,24.14,17,0,0,0.50,0.50,0.50,27.96,17,17,0,0.11,0.10,0.20,28.64,17,17,0,1.09,1.00,1.10,28.40,17,17,0,0.21,0.20,0.30,27.97,17,17,0
789826,0.36,0.30,0.40,28.64,16,16,0,0.00,-0.10,0.10,28.24,16,16,0,472.41,464.10,481.70,24.12,16,0,0,0.50,0.50,0.50,27.95,16,16,0,0.11,0.10,0.20,28.65,16,16,0,1.09,1.00,1.10,28.40,16,16,0,0.24,0.20,0.30,27.97,16,16,0
790332,0.36,0.30,0.40,28.65,17,17,0,-0.02,-0.10,0.10,28.24,17,17,0,467.53,455.50,480.40,24.16,17,0,0,0.50,0.50,0.50,27.95,17,17,0,0.11,0.10,0.20,28.66,17,17,0,1.09,1.00,1.10,28.41,17,17,0,0.22,0.20,0.30,27.97,17,17,0
790832,0.36,0.30,0.40,28.65,17,17,0,-0.02,-0.10,0.10,28.25,17,17,0,455.81,449.40,462.20,24.14,17,0,0,0.50,0.50,0.50,27.97,17,17,0,0.11,0.10,0.20,28.66,17,17,0,1.08,1.00,1.10,28.41,17,17,0,0.24,0.20,0.30,27.97,17,17,0
791332,0.36,0.30,0.40,28.65,17,17,0,-0.01,-0.10,0.10,28.25,17,17,0,452.15,446.70,458.70,24.15,17,0,0,0.50,0.50,0.50,27.97,17,17,0,0.10,0.00,0.20,28.65,17,17,0,1.06,1.00,1.10,28.40,17,17,0,0.25,0.20,0.30,27.98,17,17,0
791832,0.37,0.30,0.40,28.64,17,17,0,-0.04,-0.10,0.00,28.24,17,17,0,451.99,441.80,459.80,24.14,17,0,0,0.50,0.50,0.50,27.97,17,17,0,0.10,0.10,0.10,28.67,17,17,0,1.09,1.00,1.10,28.41,17,17,0,0.25,0.20,0.30,27.97,17,17,0
792332,0.37,0.30,0.40,28.64,17,17,0,-0.02,-0.10,0.10,28.25,17,17,0,459.59,449.30,478.70,24.14,17,0,0,0.51,0.50,0.60,27.95,17,17,0,0.12,0.10,0.20,28.65,17,17,0,1.09,1.00,1.10,28.40,17,17,0,0.23,0.20,0.30,27.99,17,17,0
792832,0.35,0.30,0.40,28.66,17,17,0,-0.02,-0.10,0.00,28.25,17,17,0,469.12,451.90,481.00,24.13,17,0,0,0.49,0.40,0.50,27.96,17,17,0,0.10,0.10,0.10,28.65,17,17,0,1.09,1.00,1.10,28.40,17,17,0,0.24,0.20,0.30,27.97,17,17,0
793332,0.38,0.30,0.40,28.65,17,17,0,-0.02,-0.10,0.00,28.23,17,17,0,473.36,452.10,495.00,24.12,17,0,0,0.49,0.40,0.50,27.96,17,17,0,0.11,0.10,0.20,28.66,17,17,0,1.07,1.00,1.10,28.41,17,17,0,0.24,0.20,0.30,28.00,17,17,0
793832,0.35,0.30,0.40,28.66,17,17,0,0.00,-0.10,0.10,28.25,17,17,0,471.61,445.50,515.50,24.12,17,0,0,0.50,0.50,0.50,27.96,17,17,0,0.11,0.10,0.20,28.65,17,17,0,1.09,1.00,1.10,28.42,17,17,0,0.24,0.20,0.30,27.97,17,17,0
794345,0.37,0.30,0.40,28.64,17,17,0,-0.01,-0.10,0.10,28.23,17,17,0,460.22,411.70,493.00,24.13,17,0,0,0.51,0.50,0.60,27.96,17,17,0,0.11,0.10,0.20,28.64,17,17,0,1.10,1.10,1.10,28.41,17,17,0,0.25,0.20,0.30,27.96,17,17,0
794856,0.37,0.30,0.40,28.65,17,17,0,-0.01,-0.10,0.10,28.24,17,17,0,456.88,434.00,474.70,24.13,17,0,0,0.50,0.50,0.50,27.97,17,17,0,0.11,0.10,0.20,28.65,17,17,0,1.08,1.00,1.10,28.41,17,17,0,0.24,0.20,0.30,27.96,17,17,0
795356,0.36,0.30,0.40,28.65,17,17,0,-0.01,-0.10,0.10,28.25,17,17,0,455.93,438.70,475.10,24.11,17,0,0,0.50,0.50,0.50,27.95,17,17,0,0.10,0.10,0.10,28.65,17,17,0,1.08,1.00,1.10,28.41,17,17,0,0.26,0.20,0.30,27.98,17,17,0
795866,0.38,0.30,0.40,28.64,17,17,0,-0.04,-0.10,0.00,28.25,17,17,0,465.31,434.40,515.80,24.12,17,0,0,0.49,0.40,0.50,27.95,17,17,0,0.10,0.10,0.10,28.65,17,17,0,1.10,1.10,1.10,28.40,17,17,0,0.25,0.20,0.30,27.98,17,17,0
796366,0.36,0.30,0.40,28.65,17,17,0,-0.02,-0.10,0.00,28.25,17,17,0,472.20,460.60,492.20,24.13,17,0,0,0.50,0.50,0.50,27.95,17,17,0,0.10,0.10,0.10,28.63,17,17,0,1.09,1.00,1.10,28.41,17,17,0,0.25,0.20,0.30,27.98,17,17,0
796867,0.36,0.30,0.40,28.64,17,17,0,-0.02,-0.10,0.10,28.24,17,17,0,474.40,462.50,496.80,24.11,17,0,0,0.50,0.50,0.50,27.97,17,17,0,0.11,0.10,0.20,28.66,17,17,0,1.08,1.00,1.10,28.41,17,17,0,0.23,0.20,0.30,27.99,17,17,0
797367,0.36,0.30,0.40,28.63,17,17,0,-0.01,-0.10,0.10,28.24,17,17,0,464.42,449.70,476.30,24.11,17,0,0,0.49,0.40,0.50,27.97,17,17,0,0.11,0.00,0.20,28.66,17,17,0,1.08,1.00,1.10,28.42,17,17,0,0.26,0.20,0.30,27.96,17,17,0
797872,0.36,0.30,0.40,28.65,17,17,0,-0.02,-0.10,0.10,28.25,17,17,0,454.83,440.60,472.50,24.12,17,0,0,0.50,0.50,0.50,27.96,17,17,0,0.11,0.10,0.20,28.66,17,17,0,1.08,1.00,1.10,28.39,17,17,0,0.23,0.20,0.30,27.99,17,17,0
798372,0.35,0.30,0.40,28.65,16,16,0,-0.01,-0.10,0.00,28.24,16,16,0,452.61,441.00,460.80,24.11,16,0,0,0.50,0.50,0.50,27.96,16,16,0,0.12,0.10,0.20,28.64,16,16,0,1.10,1.10,1.10,28.43,16,16,0,0.26,0.20,0.30,27.96,16,16,0
798872,0.34,0.30,0.40,28.66,17,17,0,-0.03,-0.10,0.10,28.25,17,17,0,451.14,438.70,457.10,24.11,17,0,0,0.50,0.50,0.50,27.96,17,17,0,0.11,0.10,0.20,28.66,17,17,0,1.09,1.00,1.10,28.40,17,17,0,0.25,0.20,0.30,28.00,17,17,0
799382,0.37,0.30,0.40,28.65,17,17,0,-0.01,-0.10,0.10,28.25,17,17,0,458.56,452.20,465.90,24.14,17,0,0,0.50,0.50,0.50,27.97,17,17,0,0.11,0.10,0.20,28.65,17,17,0,1.09,1.00,1.10,28.41,17,17,0,0.25,0.20,0.30,27.97,17,17,0
799887,0.34,0.30,0.40,28.64,17,17,0,-0.02,-0.10,0.00,28.25,17,17,0,466.49,460.90,473.90,24.11,17,0,0,0.49,0.40,0.50,27.97,17,17,0,0.12,0.10,0.20,28.65,17,17,0,1.09,1.00,1.10,28.40,17,17,0,0.25,0.20,0.30,27.98,17,17,0
800398,0.36,0.30,0.40,28.65,17,17,0,-0.01,-0.10,0.10,28.23,17,17,0,470.41,464.80,475.60,24.12,17,0,0,0.50,0.50,0.50,27.96,17,17,0,0.11,0.10,0.20,28.66,17,17,0,1.09,1.00,1.10,28.42,17,17,0,0.23,0.20,0.30,27.99,17,17,0
800904,0.37,0.30,0.40,28.66,17,17,0,-0.04,-0.10,0.00,28.24,17,17,0,462.85,454.90,473.90,24.11,17,0,0,0.49,0.40,0.50,27.97,17,17,0,0.10,0.10,0.10,28.64,17,17,0,1.09,1.00,1.10,28.41,17,17,0,0.25,0.20,0.30,27.97,17,17,0
801404,0.36,0.30,0.40,28.66,17,17,0,-0.02,-0.10,0.10,28.25,17,17,0,453.16,443.80,461.00,24.12,17,0,0,0.50,0.50,0.50,27.97,17,17,0,0.11,0.10,0.20,28.65,17,17,0,1.09,1.00,1.10,28.42,17,17,0,0.25,0.20,0.30,27.98,17,17,0
801904,0.36,0.30,0.40,28.64,16,16,0,-0.03,-0.10,0.10,28.24,16,16,0,449.89,441.00,454.50,24.13,16,0,0,0.49,0.40,0.50,27.96,16,16,0,0.10,0.10,0.10,28.65,16,16,0,1.10,1.10,1.10,28.39,16,16,0,0.26,0.20,0.30,28.00,16,16,0
802404,0.35,0.30,0.40,28.65,17,17,0,-0.03,-0.10,0.10,28.25,17,17,0,450.58,445.90,456.40,24.11,17,0,0,0.51,0.50,0.60,27.97,17,17,0,0.11,0.10,0.20,28.65,17,17,0,1.08,1.00,1.10,28.40,17,17,0,0.24,0.20,0.30,27.98,17,17,0
802909,0.37,0.30,0.40,28.67,17,17,0,-0.04,-0.10,0.00,28.24,17,17,0,454.74,444.40,463.60,24.11,17,0,0,0.50,0.50,0.50,27.97,17,17,0,0.11,0.10,0.20,28.65,17,17,0,1.08,1.00,1.10,28.39,17,17,0,0.23,0.20,0.30,27.99,17,17,0
803409,0.38,0.30,0.40,28.63,17,17,0,0.00,-0.10,0.10,28.26,17,17,0,459.82,451.00,474.50,24.12,17,0,0,0.49,0.40,0.50,27.96,17,17,0,0.11,0.10,0.20,28.65,17,17,0,1.10,1.10,1.10,28.42,17,17,0,0.24,0.20,0.30,27.98,17,17,0
803917,0.38,0.30,0.40,28.64,17,17,0,-0.01,-0.10,0.10,28.25,17,17,0,462.26,454.20,470.90,24.10,17,0,0,0.49,0.40,0.50,27.97,17,17,0,0.11,0.10,0.20,28.65,17,17,0,1.09,1.00,1.10,28.41,17,17,0,0.25,0.20,0.30,27.99,17,17,0
804423,0.39,0.30,0.40,28.66,17,17,0,-0.02,-0.10,0.10,28.23,17,17,0,454.95,440.20,465.80,24.10,17,0,0,0.50,0.50,0.50,27.96,17,17,0,0.12,0.10,0.20,28.67,17,17,0,1.09,1.00,1.10,28.41,17,17,0,0.22,0.20,0.30,27.98,17,17,0
804923,0.37,0.30,0.40,28.64,17,17,0,0.01,-0.10,0.10,28.24,17,17,0,448.95,440.00,460.00,24.11,17,0,0,0.50,0.40,0.60,27.97,17,17,0,0.10,0.10,0.10,28.65,17,17,0,1.09,1.00,1.10,28.41,17,17,0,0.22,0.20,0.30,27.97,17,17,0
805428,0.36,0.30,0.40,28.64,17,17,0,-0.05,-0.10,0.00,28.24,17,17,0,449.45,441.70,458.10,24.12,17,0,0,0.49,0.40,0.50,27.95,17,17,0,0.10,0.10,0.10,28.65,17,17,0,1.09,1.00,1.10,28.44,17,17,0,0.26,0.20,0.30,27.98,17,17,0
805928,0.36,0.30,0.40,28.65,16,16,0,-0.01,-0.10,0.10,28.26,16,16,0,452.10,441.40,459.60,24.12,16,0,0,0.50,0.50,0.50,27.96,16,16,0,0.11,0.10,0.20,28.66,16,16,0,1.10,1.10,1.10,28.39,16,16,0,0.23,0.20,0.30,27.98,16,16,0
806439,0.37,0.30,0.40,28.65,17,17,0,0.00,-0.10,0.10,28.24,17,17,0,457.46,451.10,466.90,24.12,17,0,0,0.50,0.50,0.50,27.95,17,17,0,0.12,0.10,0.20,28.67,17,17,0,1.09,1.00,1.10,28.40,17,17,0,0.25,0.20,0.30,27.97,17,17,0
806939,0.36,0.30,0.40,28.64,17,17,0,-0.02,-0.10,0.00,28.25,17,17,0,463.39,456.70,474.40,24.09,17,0,0,0.49,0.40,0.50,27.99,17,17,0,0.12,0.10,0.20,28.68,17,17,0,1.09,1.00,1.10,28.40,17,17,0,0.24,0.20,0.30,27.97,17,17,0
807444,0.38,0.30,0.40,28.66,17,17,0,-0.03,-0.10,0.10,28.24,17,17,0,466.75,457.80,473.20,24.10,17,0,0,0.50,0.50,0.50,27.96,17,17,0,0.11,0.10,0.20,28.67,17,17,0,1.09,1.00,1.10,28.40,17,17,0,0.22,0.20,0.30,28.00,17,17,0
807944,0.38,0.30,0.40,28.66,17,17,0,-0.02,-0.10,0.10,28.24,17,17,0,466.19,457.90,478.70,24.12,17,0,0,0.49,0.40,0.50,27.97,17,17,0,0.11,0.10,0.20,28.66,17,17,0,1.07,1.00,1.10,28.38,17,17,0,0.24,0.20,0.30,28.00,17,17,0
808444,0.38,0.30,0.40,28.65,17,17,0,-0.02,-0.10,0.10,28.25,17,17,0,462.30,455.50,478.60,24.11,17,0,0,0.50,0.50,0.50,27.96,17,17,0,0.11,0.10,0.20,28.66,17,17,0,1.08,1.00,1.10,28.41,17,17,0,0.24,0.20,0.30,27.98,17,17,0
808944,0.36,0.30,0.40,28.64,16,16,0,-0.03,-0.10,0.10,28.25,16,16,0,463.02,459.40,470.00,24.09,16,0,0,0.50,0.50,0.50,27.98,16,16,0,0.12,0.10,0.20,28.66,16,16,0,1.10,1.10,1.10,28.43,16,16,0,0.24,0.20,0.30,28.00,16,16,0
809451,0.36,0.30,0.40,28.65,17,17,0,-0.05,-0.10,0.00,28.23,17,17,0,470.45,456.90,485.70,24.10,17,0,0,0.51,0.50,0.60,27.96,17,17,0,0.11,0.10,0.20,28.64,17,17,0,1.10,1.10,1.10,28.42,17,17,0,0.25,0.20,0.30,27.99,17,17,0
809963,0.35,0.30,0.40,28.65,17,17,0,0.00,-0.10,0.10,28.26,17,17,0,480.84,470.80,491.30,24.09,17,0,0,0.50,0.50,0.50,27.95,17,17,0,0.10,0.10,0.10,28.66,17,17,0,1.09,1.00,1.10,28.42,17,17,0,0.25,0.20,0.30,28.00,17,17,0
810470,0.36,0.30,0.40,28.67,17,17,0,-0.02,-0.10,0.10,28.23,17,17,0,490.55,476.90,501.90,24.08,17,0,0,0.49,0.40,0.50,27.96,17,17,0,0.11,0.10,0.20,28.66,17,17,0,1.09,1.00,1.10,28.43,17,17,0,0.24,0.20,0.30,27.99,17,17,0
810971,0.37,0.30,0.40,28.66,17,17,0,0.01,-0.10,0.10,28.25,17,17,0,492.48,478.60,503.70,24.08,17,0,0,0.49,0.40,0.50,27.97,17,17,0,0.12,0.10,0.20,28.67,17,17,0,1.08,1.00,1.10,28.41,17,17,0,0.24,0.20,0.30,27.99,17,17,0
811471,0.35,0.30,0.40,28.64,17,17,0,-0.02,-0.10,0.10,28.26,17,17,0,491.29,481.50,499.40,24.07,17,0,0,0.50,0.50,0.50,27.98,17,17,0,0.11,0.10,0.20,28.66,17,17,0,1.09,1.00,1.10,28.42,17,17,0,0.22,0.20,0.30,27.98,17,17,0
811976,0.37,0.30,0.40,28.64,17,17,0,-0.01,-0.10,0.10,28.26,17,17,0,488.19,483.60,494.10,24.07,17,0,0,0.50,0.50,0.50,27.98,17,17,0,0.12,0.10,0.20,28.66,17,17,0,1.09,1.00,1.10,28.42,17,17,0,0.24,0.20,0.30,27.98,17,17,0
812476,0.36,0.30,0.40,28.65,17,17,0,-0.04,-0.10,0.00,28.26,17,17,0,487.60,483.40,493.90,24.07,17,0,0,0.50,0.50,0.50,27.97,17,17,0,0.10,0.10,0.10,28.66,17,17,0,1.08,1.00,1.10,28.41,17,17,0,0.25,0.20,0.30,28.00,17,17,0
812976,0.37,0.30,0.40,28.64,18,18,0,-0.02,-0.10,0.10,28.24,18,18,0,489.82,484.60,498.50,24.06,18,0,0,0.50,0.50,0.50,27.95,18,18,0,0.11,0.10,0.20,28.65,18,18,0,1.07,1.00,1.10,28.41,18,18,0,0.23,0.20,0.30,27.99,18,18,0
813477,0.38,0.30,0.40,28.67,16,16,0,-0.01,-0.10,0.10,28.26,16,16,0,491.12,485.60,498.10,24.06,16,0,0,0.50,0.50,0.50,27.97,16,16,0,0.13,0.10,0.20,28.67,16,16,0,1.08,1.00,1.10,28.43,16,16,0,0.24,0.20,0.30,27.99,16,16,0
813977,0.36,0.30,0.40,28.67,17,17,0,-0.02,-0.10,0.10,28.25,17,17,0,493.19,485.30,500.60,24.07,17,0,0,0.50,0.50,0.50,27.96,17,17,0,0.10,0.10,0.10,28.67,17,17,0,1.09,1.00,1.10,28.42,17,17,0,0.22,0.20,0.30,27.98,17,17,0
814477,0.35,0.30,0.40,28.65,17,17,0,-0.02,-0.10,0.10,28.26,17,17,0,494.14,486.40,501.50,24.08,17,0,0,0.50,0.50,0.50,27.97,17,17,0,0.11,0.10,0.20,28.65,17,17,0,1.09,1.00,1.10,28.41,17,17,0,0.25,0.20,0.30,27.98,17,17,0
814977,0.35,0.30,0.40,28.64,17,17,0,-0.01,-0.10,0.10,28.25,17,17,0,492.31,483.90,499.10,24.06,17,0,0,0.50,0.50,0.50,27.96,17,17,0,0.11,0.10,0.20,28.68,17,17,0,1.09,1.00,1.10,28.40,17,17,0,0.24,0.20,0.30,27.99,17,17,0
815477,0.35,0.30,0.40,28.66,17,17,0,-0.03,-0.10,0.00,28.26,17,17,0,486.41,477.90,492.10,24.06,17,0,0,0.50,0.50,0.50,27.97,17,17,0,0.09,0.00,0.10,28.66,17,17,0,1.09,1.00,1.10,28.42,17,17,0,0.22,0.20,0.30,27.98,17,17,0
815982,0.35,0.30,0.40,28.65,17,17,0,-0.01,-0.10,0.10,28.24,17,17,0,484.88,480.20,495.40,24.06,17,0,0,0.50,0.50,0.50,27.98,17,17,0,0.11,0.10,0.20,28.67,17,17,0,1.09,1.00,1.10,28.41,17,17,0,0.22,0.20,0.30,27.98,17,17,0
816482,0.35,0.30,0.40,28.66,17,17,0,-0.01,-0.10,0.00,28.26,17,17,0,486.79,479.20,496.30,24.07,17,0,0,0.50,0.50,0.50,27.97,17,17,0,0.11,0.10,0.20,28.68,17,17,0,1.10,1.10,1.10,28.41,17,17,0,0.24,0.20,0.30,28.00,17,17,0
816982,0.36,0.30,0.40,28.66,16,16,0,-0.02,-0.10,0.00,28.26,16,16,0,487.10,481.70,498.90,24.06,16,0,0,0.49,0.40,0.50,27.98,16,16,0,0.11,0.10,0.20,28.66,16,16,0,1.08,1.00,1.10,28.42,16,16,0,0.23,0.20,0.30,27.98,16,16,0
817482,0.36,0.30,0.40,28.64,17,17,0,-0.01,-0.10,0.10,28.25,17,17,0,488.39,483.00,496.50,24.09,17,0,0,0.50,0.50,0.50,27.99,17,17,0,0.11,0.10,0.20,28.67,17,17,0,1.09,1.00,1.10,28.42,17,17,0,0.24,0.20,0.30,27.97,17,17,0
817982,0.37,0.30,0.40,28.65,17,17,0,-0.01,-0.10,0.10,28.25,17,17,0,489.14,481.60,495.30,24.06,17,0,0,0.49,0.40,0.50,27.97,17,17,0,0.11,0.10,0.20,28.67,17,17,0,1.09,1.00,1.10,28.41,17,17,0,0.22,0.20,0.30,27.99,17,17,0
818482,0.35,0.30,0.40,28.64,17,17,0,0.01,-0.10,0.10,28.25,17,17,0,486.95,479.70,493.40,24.06,17,0,0,0.50,0.50,0.50,27.96,17,17,0,0.11,0.10,0.20,28.66,17,17,0,1.08,1.00,1.10,28.41,17,17,0,0.24,0.20,0.30,27.99,17,17,0
818984,0.36,0.30,0.40,28.65,17,17,0,-0.04,-0.10,0.10,28.26,17,17,0,481.60,476.00,486.10,24.06,17,0,0,0.50,0.50,0.50,27.97,17,17,0,0.10,0.10,0.10,28.65,17,17,0,1.08,1.00,1.10,28.42,17,17,0,0.21,0.20,0.30,27.99,17,17,0
819495,0.38,0.30,0.40,28.65,17,17,0,-0.04,-0.10,0.00,28.27,17,17,0,479.92,475.20,484.90,24.06,17,0,0,0.49,0.40,0.50,27.97,17,17,0,0.10,0.10,0.10,28.66,17,17,0,1.08,1.00,1.10,28.42,17,17,0,0.23,0.20,0.30,27.97,17,17,0
819995,0.38,0.30,0.40,28.67,18,18,0,-0.02,-0.10,0.10,28.26,18,18,0,480.97,476.70,491.00,24.06,18,0,0,0.49,0.40,0.50,27.97,18,18,0,0.11,0.10,0.20,28.66,18,18,0,1.08,1.00,1.10,28.42,18,18,0,0.23,0.20,0.30,28.00,18,18,0
820508,0.37,0.30,0.40,28.67,17,17,0,-0.01,-0.10,0.10,28.27,17,17,0,482.58,474.70,494.00,24.04,17,0,0,0.49,0.40,0.50,27.97,17,17,0,0.12,0.10,0.20,28.67,17,17,0,1.09,1.00,1.10,28.41,17,17,0,0.21,0.20,0.30,28.00,17,17,0
821016,0.36,0.30,0.40,28.66,17,17,0,-0.02,-0.10,0.10,28.24,17,17,0,486.18,475.90,499.80,24.07,17,0,0,0.50,0.50,0.50,27.98,17,17,0,0.10,0.10,0.10,28.68,17,17,0,1.09,1.00,1.10,28.43,17,17,0,0.22,0.20,0.30,27.99,17,17,0
821516,0.35,0.30,0.40,28.67,17,17,0,-0.01,-0.10,0.10,28.24,17,17,0,490.88,481.50,501.40,24.05,17,0,0,0.49,0.40,0.50,27.98,17,17,0,0.11,0.10,0.20,28.66,17,17,0,1.09,1.00,1.10,28.39,17,17,0,0.24,0.20,0.30,27.99,17,17,0
822026,0.36,0.30,0.40,28.66,17,17,0,0.00,-0.10,0.10,28.26,17,17,0,487.69,479.30,495.10,24.07,17,0,0,0.49,0.40,0.50,27.98,17,17,0,0.11,0.10,0.20,28.68,17,17,0,1.09,1.00,1.10,28.42,17,17,0,0.24,0.20,0.30,27.99,17,17,0
822532,0.35,0.30,0.40,28.64,17,17,0,-0.01,-0.10,0.10,28.25,17,17,0,479.42,471.40,485.00,24.05,17,0,0,0.50,0.50,0.50,27.97,17,17,0,0.11,0.10,0.20,28.67,17,17,0,1.08,1.00,1.10,28.41,17,17,0,0.22,0.20,0.30,27.98,17,17,0
823037,0.37,0.30,0.40,28.66,17,17,0,-0.02,-0.10,0.00,28.25,17,17,0,476.30,471.60,482.40,24.06,17,0,0,0.50,0.50,0.50,27.97,17,17,0,0.10,0.10,0.10,28.66,17,17,0,1.09,1.00,1.10,28.42,17,17,0,0.24,0.20,0.30,27.99,17,17,0
823537,0.35,0.30,0.40,28.66,17,17,0,-0.01,-0.10,0.10,28.24,17,17,0,477.76,471.60,483.80,24.06,17,0,0,0.50,0.50,0.50,27.98,17,17,0,0.11,0.10,0.20,28.66,17,17,0,1.08,1.00,1.10,28.41,17,17,0,0.24,0.20,0.30,27.98,17,17,0
824042,0.35,0.30,0.40,28.67,17,17,0,-0.04,-0.10,0.10,28.24,17,17,0,478.61,472.30,490.60,24.06,17,0,0,0.51,0.50,0.60,27.96,17,17,0,0.11,0.10,0.20,28.66,17,17,0,1.09,1.00,1.10,28.41,17,17,0,0.23,0.20,0.30,28.01,17,17,0
824542,0.36,0.30,0.40,28.66,17,17,0,-0.04,-0.10,0.00,28.27,17,17,0,484.34,475.50,496.00,24.06,17,0,0,0.50,0.50,0.50,27.99,17,17,0,0.10,0.00,0.20,28.66,17,17,0,1.09,1.00,1.10,28.41,17,17,0,0.23,0.20,0.30,27.99,17,17,0
825042,0.35,0.30,0.40,28.68,17,17,0,-0.04,-0.10,0.10,28.25,17,17,0,485.84,476.50,493.80,24.06,17,0,0,0.50,0.50,0.50,27.98,17,17,0,0.10,0.10,0.10,28.66,17,17,0,1.10,1.10,1.10,28.40,17,17,0,0.25,0.20,0.30,27.99,17,17,0
825542,0.39,0.30,0.40,28.66,16,16,0,-0.04,-0.10,0.10,28.25,16,16,0,482.81,473.90,489.60,24.06,16,0,0,0.50,0.50,0.50,27.97,16,16,0,0.11,0.10,0.20,28.66,16,16,0,1.10,1.10,1.10,28.41,16,16,0,0.23,0.20,0.30,27.99,16,16,0
826047,0.36,0.30,0.40,28.64,17,17,0,-0.02,-0.10,0.00,28.26,17,17,0,477.00,472.40,484.80,24.06,17,0,0,0.51,0.50,0.60,27.97,17,17,0,0.10,0.00,0.20,28.66,17,17,0,1.08,1.00,1.10,28.41,17,17,0,0.22,0.20,0.30,27.99,17,17,0
826547,0.36,0.30,0.40,28.66,17,17,0,-0.04,-0.10,0.00,28.26,17,17,0,474.47,467.30,481.30,24.06,17,0,0,0.50,0.50,0.50,27.98,17,17,0,0.09,0.00,0.10,28.66,17,17,0,1.08,1.00,1.10,28.41,17,17,0,0.24,0.20,0.30,28.01,17,17,0
827047,0.35,0.30,0.40,28.66,17,17,0,-0.02,-0.10,0.10,28.24,17,17,0,476.08,468.80,485.00,24.07,17,0,0,0.49,0.40,0.50,27.98,17,17,0,0.10,0.10,0.10,28.68,17,17,0,1.09,1.00,1.10,28.41,17,17,0,0.25,0.20,0.30,28.01,17,17,0
827553,0.36,0.30,0.40,28.65,16,16,0,-0.02,-0.10,0.10,28.26,16,16,0,480.41,474.80,489.30,24.06,16,0,0,0.49,0.40,0.50,27.98,16,16,0,0.11,0.10,0.20,28.67,16,16,0,1.09,1.00,1.10,28.41,16,16,0,0.24,0.20,0.30,27.99,16,16,0
828064,0.37,0.30,0.40,28.66,17,17,0,-0.01,-0.10,0.10,28.25,17,17,0,487.76,479.90,494.60,24.06,17,0,0,0.48,0.40,0.50,27.99,17,17,0,0.10,0.10,0.10,28.67,17,17,0,1.09,1.00,1.10,28.42,17,17,0,0.22,0.20,0.30,28.00,17,17,0
828572,0.35,0.30,0.40,28.66,17,17,0,-0.04,-0.10,0.00,28.26,17,17,0,490.45,481.60,502.10,24.07,17,0,0,0.51,0.50,0.60,27.98,17,17,0,0.11,0.10,0.20,28.66,17,17,0,1.08,1.00,1.10,28.41,17,17,0,0.22,0.20,0.30,28.00,17,17,0
829078,0.37,0.30,0.40,28.66,17,17,0,-0.04,-0.10,0.00,28.26,17,17,0,482.51,473.10,489.10,24.05,17,0,0,0.49,0.40,0.50,27.97,17,17,0,0.11,0.10,0.20,28.66,17,17,0,1.08,1.00,1.10,28.42,17,17,0,0.22,0.20,0.30,27.99,17,17,0
829579,0.35,0.30,0.40,28.67,17,17,0,-0.01,-0.10,0.10,28.25,17,17,0,471.56,463.60,477.80,24.06,17,0,0,0.49,0.40,0.50,27.98,17,17,0,0.11,0.00,0.20,28.68,17,17,0,1.09,1.00,1.10,28.41,17,17,0,0.25,0.20,0.30,27.97,17,17,0
830090,0.36,0.30,0.40,28.65,17,17,0,-0.04,-0.10,0.10,28.26,17,17,0,466.14,459.90,471.30,24.05,17,0,0,0.49,0.40,0.50,27.97,17,17,0,0.10,0.00,0.20,28.67,17,17,0,1.09,1.00,1.10,28.42,17,17,0,0.25,0.20,0.30,28.02,17,17,0
830590,0.36,0.30,0.40,28.67,17,17,0,-0.05,-0.10,0.00,28.25,17,17,0,466.81,458.30,473.60,24.08,17,0,0,0.51,0.50,0.60,27.98,17,17,0,0.10,0.10,0.10,28.67,17,17,0,1.09,1.00,1.10,28.42,17,17,0,0.24,0.20,0.30,28.00,17,17,0
831095,0.37,0.30,0.40,28.68,17,17,0,-0.00,-0.10,0.10,28.25,17,17,0,471.01,462.80,480.50,24.08,17,0,0,0.50,0.50,0.50,27.97,17,17,0,0.13,0.10,0.20,28.68,17,17,0,1.09,1.00,1.10,28.41,17,17,0,0.23,0.20,0.30,27.99,17,17,0
831595,0.34,0.30,0.40,28.67,17,17,0,-0.01,-0.10,0.10,28.26,17,17,0,476.03,467.10,482.20,24.05,17,0,0,0.49,0.40,0.50,27.98,17,17,0,0.12,0.10,0.20,28.65,17,17,0,1.08,1.00,1.10,28.42,17,17,0,0.22,0.20,0.30,28.00,17,17,0
832100,0.36,0.30,0.40,28.66,17,17,0,-0.01,-0.10,0.10,28.26,17,17,0,479.54,471.80,487.30,24.07,17,0,0,0.48,0.40,0.50,27.97,17,17,0,0.12,0.10,0.20,28.67,17,17,0,1.09,1.00,1.10,28.42,17,17,0,0.22,0.20,0.30,27.99,17,17,0
832600,0.36,0.30,0.40,28.67,16,16,0,-0.03,-0.10,0.00,28.28,16,16,0,472.56,462.20,480.50,24.05,16,0,0,0.50,0.50,0.50,27.97,16,16,0,0.11,0.10,0.20,28.66,16,16,0,1.10,1.10,1.10,28.42,16,16,0,0.24,0.20,0.30,27.99,16,16,0
833100,0.35,0.30,0.40,28.68,17,17,0,-0.02,-0.10,0.00,28.27,17,17,0,460.78,451.50,468.00,24.06,17,0,0,0.50,0.50,0.50,27.99,17,17,0,0.11,0.10,0.20,28.66,17,17,0,1.09,1.00,1.10,28.41,17,17,0,0.23,0.20,0.30,27.99,17,17,0
833606,0.35,0.30,0.40,28.67,17,17,0,0.01,0.00,0.10,28.26,17,17,0,453.86,449.40,464.50,24.07,17,0,0,0.50,0.50,0.50,27.98,17,17,0,0.10,0.10,0.10,28.66,17,17,0,1.09,1.00,1.10,28.42,17,17,0,0.24,0.20,0.30,27.98,17,17,0
834117,0.35,0.30,0.40,28.67,17,17,0,0.00,-0.10,0.10,28.27,17,17,0,452.51,445.60,458.70,24.07,17,0,0,0.50,0.50,0.50,27.98,17,17,0,0.09,0.00,0.10,28.66,17,17,0,1.10,1.10,1.10,28.42,17,17,0,0.24,0.20,0.30,28.01,17,17,0
834617,0.38,0.30,0.40,28.66,17,17,0,-0.01,-0.10,0.10,28.25,17,17,0,458.38,452.90,463.90,24.07,17,0,0,0.50,0.50,0.50,27.98,17,17,0,0.11,0.10,0.20,28.67,17,17,0,1.09,1.00,1.10,28.43,17,17,0,0.24,0.20,0.30,27.98,17,17,0
835122,0.36,0.30,0.40,28.66,17,17,0,-0.05,-0.10,0.10,28.25,17,17,0,464.78,459.30,471.00,24.07,17,0,0,0.50,0.50,0.50,27.97,17,17,0,0.10,0.10,0.10,28.67,17,17,0,1.09,1.00,1.10,28.43,17,17,0,0.24,0.20,0.30,28.01,17,17,0
835622,0.33,0.30,0.40,28.67,17,17,0,-0.04,-0.10,0.00,28.26,17,17,0,467.30,461.30,473.10,24.07,17,0,0,0.51,0.50,0.60,27.98,17,17,0,0.11,0.10,0.20,28.65,17,17,0,1.08,1.00,1.10,28.44,17,17,0,0.24,0.20,0.30,28.01,17,17,0
836122,0.36,0.30,0.40,28.66,16,16,0,-0.01,-0.10,0.10,28.25,16,16,0,459.57,449.10,468.70,24.07,16,0,0,0.50,0.50,0.50,27.99,16,16,0,0.10,0.10,0.10,28.67,16,16,0,1.08,1.00,1.10,28.42,16,16,0,0.24,0.20,0.30,28.01,16,16,0
836623,0.36,0.30,0.40,28.66,17,17,0,-0.01,-0.10,0.00,28.25,17,17,0,448.11,439.40,452.60,24.07,17,0,0,0.50,0.50,0.50,27.98,17,17,0,0.11,0.10,0.20,28.67,17,17,0,1.09,1.00,1.10,28.43,17,17,0,0.21,0.20,0.30,28.01,17,17,0
837124,0.36,0.30,0.40,28.67,17,17,0,-0.01,-0.10,0.10,28.26,17,17,0,442.35,435.90,447.90,24.07,17,0,0,0.50,0.50,0.50,27.97,17,17,0,0.11,0.10,0.20,28.67,17,17,0,1.08,1.00,1.10,28.42,17,17,0,0.23,0.20,0.30,27.99,17,17,0
837624,0.37,0.30,0.40,28.67,17,17,0,0.01,-0.10,0.10,28.27,17,17,0,441.12,435.90,447.10,24.08,17,0,0,0.50,0.50,0.50,27.99,17,17,0,0.12,0.10,0.20,28.67,17,17,0,1.09,1.00,1.10,28.41,17,17,0,0.25,0.20,0.30,28.01,17,17,0
838124,0.36,0.30,0.40,28.67,17,17,0,-0.01,-0.10,0.10,28.26,17,17,0,444.91,440.60,449.40,24.10,17,0,0,0.49,0.40,0.50,27.98,17,17,0,0.10,0.00,0.20,28.66,17,17,0,1.10,1.10,1.10,28.42,17,17,0,0.22,0.20,0.30,28.01,17,17,0
838629,0.36,0.30,0.40,28.66,17,17,0,-0.04,-0.10,0.00,28.27,17,17,0,451.96,444.80,459.80,24.09,17,0,0,0.49,0.40,0.50,27.97,17,17,0,0.11,0.10,0.20,28.68,17,17,0,1.06,1.00,1.10,28.42,17,17,0,0.24,0.20,0.30,28.00,17,17,0
839129,0.35,0.30,0.40,28.67,17,17,0,-0.02,-0.10,0.10,28.25,17,17,0,457.84,454.00,463.60,24.08,17,0,0,0.50,0.50,0.50,27.98,17,17,0,0.12,0.10,0.20,28.69,17,17,0,1.10,1.10,1.10,28.41,17,17,0,0.23,0.20,0.30,27.99,17,17,0
839629,0.39,0.30,0.40,28.67,17,17,0,-0.02,-0.10,0.10,28.26,17,17,0,455.86,448.50,463.60,24.08,17,0,0,0.50,0.50,0.50,27.99,17,17,0,0.11,0.10,0.20,28.66,17,17,0,1.08,1.00,1.10,28.42,17,17,0,0.24,0.20,0.30,28.00,17,17,0
840135,0.39,0.30,0.40,28.66,17,17,0,-0.02,-0.10,0.10,28.24,17,17,0,450.94,445.30,456.10,24.08,17,0,0,0.50,0.50,0.50,27.98,17,17,0,0.11,0.10,0.20,28.66,17,17,0,1.09,1.00,1.10,28.41,17,17,0,0.21,0.20,0.30,27.99,17,17,0
840635,0.37,0.30,0.40,28.67,17,17,0,0.02,-0.10,0.10,28.27,17,17,0,448.24,442.30,457.00,24.08,17,0,0,0.51,0.50,0.60,27.97,17,17,0,0.11,0.10,0.20,28.69,17,17,0,1.09,1.00,1.10,28.42,17,17,0,0.22,0.20,0.30,28.01,17,17,0
841135,0.36,0.30,0.40,28.67,17,17,0,0.00,-0.10,0.10,28.24,17,17,0,448.74,442.60,457.00,24.10,17,0,0,0.50,0.50,0.50,27.98,17,17,0,0.10,0.10,0.10,28.67,17,17,0,1.09,1.00,1.10,28.43,17,17,0,0.22,0.20,0.30,28.01,17,17,0
841635,0.36,0.30,0.40,28.68,17,17,0,-0.02,-0.10,0.10,28.27,17,17,0,451.95,447.60,460.20,24.09,17,0,0,0.49,0.40,0.50,27.99,17,17,0,0.11,0.10,0.20,28.68,17,17,0,1.09,1.00,1.10,28.43,17,17,0,0.22,0.20,0.30,28.00,17,17,0
842140,0.38,0.30,0.40,28.67,17,17,0,0.02,-0.10,0.10,28.26,17,17,0,457.74,453.10,468.50,24.09,17,0,0,0.50,0.50,0.50,27.98,17,17,0,0.11,0.10,0.20,28.68,17,17,0,1.09,1.00,1.10,28.43,17,17,0,0.23,0.20,0.30,28.00,17,17,0
842640,0.38,0.30,0.40,28.67,17,17,0,0.01,-0.10,0.10,28.26,17,17,0,459.56,453.80,466.20,24.06,17,0,0,0.50,0.50,0.50,27.98,17,17,0,0.12,0.10,0.20,28.67,17,17,0,1.09,1.00,1.10,28.43,17,17,0,0.23,0.20,0.30,28.01,17,17,0
843140,0.36,0.30,0.40,28.66,17,17,0,-0.01,-0.10,0.10,28.28,17,17,0,455.36,451.10,461.00,24.06,17,0,0,0.50,0.50,0.50,27.99,17,17,0,0.12,0.10,0.20,28.67,17,17,0,1.08,1.00,1.10,28.42,17,17,0,0.23,0.20,0.30,28.02,17,17,0
843641,0.38,0.30,0.40,28.67,17,17,0,-0.02,-0.10,0.00,28.26,17,17,0,447.87,439.20,456.90,24.08,17,0,0,0.50,0.50,0.50,27.99,17,17,0,0.11,0.00,0.20,28.67,17,17,0,1.08,1.00,1.10,28.42,17,17,0,0.24,0.20,0.30,27.99,17,17,0
844154,0.36,0.30,0.40,28.69,17,17,0,-0.01,-0.10,0.10,28.26,17,17,0,444.05,435.50,452.70,24.08,17,0,0,0.50,0.50,0.50,28.00,17,17,0,0.10,0.10,0.10,28.69,17,17,0,1.09,1.00,1.10,28.42,17,17,0,0.21,0.20,0.30,28.01,17,17,0
844654,0.36,0.30,0.40,28.67,17,17,0,-0.01,-0.10,0.10,28.26,17,17,0,444.40,436.40,451.30,24.07,17,0,0,0.50,0.50,0.50,27.99,17,17,0,0.11,0.10,0.20,28.69,17,17,0,1.09,1.00,1.10,28.44,17,17,0,0.22,0.20,0.30,28.01,17,17,0
845154,0.33,0.30,0.40,28.67,17,17,0,0.01,-0.10,0.10,28.28,17,17,0,445.90,439.10,450.90,24.07,17,0,0,0.49,0.40,0.50,27.98,17,17,0,0.11,0.10,0.20,28.69,17,17,0,1.08,1.00,1.10,28.42,17,17,0,0.22,0.20,0.30,28.00,17,17,0
845665,0.35,0.30,0.40,28.67,17,17,0,-0.02,-0.10,0.10,28.28,17,17,0,452.32,441.30,463.40,24.09,17,0,0,0.49,0.40,0.50,27.98,17,17,0,0.11,0.10,0.20,28.68,17,17,0,1.09,1.00,1.10,28.42,17,17,0,0.25,0.20,0.30,28.00,17,17,0
846165,0.36,0.30,0.40,28.68,16,16,0,-0.02,-0.10,0.10,28.26,16,16,0,457.48,451.30,468.70,24.07,16,0,0,0.49,0.40,0.50,27.98,16,16,0,0.10,0.10,0.10,28.70,16,16,0,1.09,1.00,1.10,28.44,16,16,0,0.24,0.20,0.30,27.99,16,16,0
846665,0.36,0.30,0.40,28.67,16,16,0,-0.01,-0.10,0.10,28.26,16,16,0,456.44,449.40,462.30,24.08,16,0,0,0.49,0.40,0.50,27.98,16,16,0,0.11,0.10,0.20,28.68,16,16,0,1.09,1.00,1.10,28.41,16,16,0,0.23,0.20,0.30,27.99,16,16,0
847165,0.38,0.30,0.40,28.69,17,17,0,-0.01,-0.10,0.10,28.25,17,17,0,453.59,448.10,461.50,24.08,17,0,0,0.50,0.50,0.50,27.97,17,17,0,0.12,0.10,0.20,28.67,17,17,0,1.08,1.00,1.10,28.42,17,17,0,0.24,0.20,0.30,28.02,17,17,0
847671,0.36,0.30,0.40,28.67,17,17,0,-0.01,-0.10,0.10,28.25,17,17,0,450.05,425.20,465.00,24.08,17,0,0,0.50,0.50,0.50,27.97,17,17,0,0.11,0.10,0.20,28.69,17,17,0,1.09,1.00,1.10,28.42,17,17,0,0.22,0.20,0.30,28.00,17,17,0
848171,0.36,0.30,0.40,28.68,17,17,0,-0.01,-0.10,0.10,28.27,17,17,0,451.65,443.10,458.80,24.08,17,0,0,0.50,0.50,0.50,27.98,17,17,0,0.11,0.00,0.20,28.69,17,17,0,1.10,1.10,1.10,28.43,17,17,0,0.22,0.20,0.30,28.00,17,17,0
848671,0.36,0.30,0.40,28.69,17,17,0,-0.01,-0.10,0.10,28.28,17,17,0,454.77,446.90,462.80,24.10,17,0,0,0.49,0.40,0.50,27.98,17,17,0,0.12,0.10,0.20,28.69,17,17,0,1.10,1.10,1.10,28.44,17,17,0,0.22,0.20,0.30,27.99,17,17,0
849171,0.35,0.30,0.40,28.68,17,17,0,-0.04,-0.10,0.10,28.25,17,17,0,461.36,452.00,468.90,24.08,17,0,0,0.50,0.50,0.50,27.99,17,17,0,0.12,0.10,0.20,28.69,17,17,0,1.09,1.00,1.10,28.42,17,17,0,0.23,0.20,0.30,28.01,17,17,0
849671,0.36,0.30,0.40,28.67,17,17,0,-0.01,-0.10,0.10,28.26,17,17,0,466.31,458.60,471.90,24.09,17,0,0,0.49,0.40,0.50,27.98,17,17,0,0.11,0.10,0.20,28.69,17,17,0,1.09,1.00,1.10,28.42,17,17,0,0.24,0.20,0.30,27.99,17,17,0
850178,0.37,0.30,0.40,28.67,17,17,0,-0.02,-0.10,0.10,28.26,17,17,0,464.48,457.40,470.70,24.08,17,0,0,0.50,0.50,0.50,27.97,17,17,0,0.11,0.10,0.20,28.70,17,17,0,1.09,1.00,1.10,28.42,17,17,0,0.24,0.20,0.30,28.01,17,17,0
850678,0.37,0.30,0.40,28.66,18,18,0,0.00,0.00,0.00,28.26,18,18,0,463.00,453.60,469.00,24.06,18,0,0,0.50,0.50,0.50,27.98,18,18,0,0.11,0.10,0.20,28.69,18,18,0,1.09,1.00,1.10,28.43,18,18,0,0.23,0.20,0.30,28.01,18,18,0
851184,0.38,0.30,0.40,28.68,16,16,0,-0.01,-0.10,0.10,28.26,16,16,0,461.64,453.80,470.10,24.08,16,0,0,0.51,0.50,0.60,27.98,16,16,0,0.11,0.10,0.20,28.70,16,16,0,1.09,1.00,1.10,28.42,16,16,0,0.23,0.20,0.30,28.00,16,16,0
851684,0.38,0.30,0.40,28.68,17,17,0,-0.02,-0.10,0.10,28.27,17,17,0,462.94,458.00,469.60,24.07,17,0,0,0.49,0.40,0.50,27.98,17,17,0,0.10,0.10,0.10,28.69,17,17,0,1.09,1.00,1.10,28.44,17,17,0,0.24,0.20,0.30,28.01,17,17,0
852184,0.36,0.30,0.40,28.68,17,17,0,0.00,-0.10,0.10,28.26,17,17,0,467.28,460.60,474.50,24.06,17,0,0,0.50,0.50,0.50,27.98,17,17,0,0.12,0.10,0.20,28.71,17,17,0,1.09,1.00,1.10,28.42,17,17,0,0.24,0.20,0.30,28.00,17,17,0
852688,0.37,0.30,0.40,28.68,17,17,0,-0.01,-0.10,0.10,28.25,17,17,0,472.14,465.10,481.90,24.09,17,0,0,0.50,0.50,0.50,28.00,17,17,0,0.12,0.10,0.20,28.70,17,17,0,1.09,1.00,1.10,28.42,17,17,0,0.22,0.20,0.30,28.00,17,17,0
853188,0.35,0.30,0.40,28.68,17,17,0,0.01,-0.10,0.10,28.25,17,17,0,478.61,472.00,485.60,24.06,17,0,0,0.51,0.50,0.60,27.98,17,17,0,0.12,0.10,0.20,28.70,17,17,0,1.08,1.00,1.10,28.43,17,17,0,0.25,0.20,0.30,28.01,17,17,0
853692,0.38,0.30,0.40,28.68,17,17,0,0.01,-0.10,0.10,28.27,17,17,0,476.03,470.00,485.00,24.07,17,0,0,0.51,0.50,0.60,27.99,17,17,0,0.13,0.10,0.20,28.68,17,17,0,1.08,1.00,1.10,28.45,17,17,0,0.24,0.20,0.30,28.01,17,17,0
854192,0.36,0.30,0.40,28.69,17,17,0,-0.02,-0.10,0.10,28.26,17,17,0,469.16,463.00,474.40,24.07,17,0,0,0.49,0.40,0.50,27.99,17,17,0,0.11,0.10,0.20,28.68,17,17,0,1.09,1.00,1.10,28.43,17,17,0,0.22,0.20,0.30,28.01,17,17,0
854697,0.38,0.30,0.40,28.69,17,17,0,-0.04,-0.10,0.10,28.26,17,17,0,462.69,455.10,470.00,24.06,17,0,0,0.49,0.40,0.50,27.98,17,17,0,0.11,0.10,0.20,28.69,17,17,0,1.09,1.00,1.10,28.43,17,17,0,0.22,0.20,0.30,28.00,17,17,0
855203,0.34,0.30,0.40,28.68,17,17,0,0.00,-0.10,0.10,28.27,17,17,0,460.06,454.20,463.20,24.07,17,0,0,0.50,0.50,0.50,27.99,17,17,0,0.11,0.10,0.20,28.69,17,17,0,1.10,1.10,1.10,28.42,17,17,0,0.25,0.20,0.30,28.01,17,17,0
855715,0.34,0.30,0.40,28.67,17,17,0,-0.02,-0.10,0.10,28.28,17,17,0,462.34,456.20,468.10,24.05,17,0,0,0.50,0.50,0.50,27.98,17,17,0,0.10,0.10,0.10,28.68,17,17,0,1.08,1.00,1.10,28.43,17,17,0,0.23,0.20,0.30,27.99,17,17,0
856215,0.37,0.30,0.40,28.68,16,16,0,-0.01,-0.10,0.10,28.27,16,16,0,467.46,461.60,474.00,24.06,16,0,0,0.49,0.40,0.50,27.99,16,16,0,0.11,0.10,0.20,28.70,16,16,0,1.09,1.00,1.10,28.42,16,16,0,0.26,0.20,0.30,28.00,16,16,0
856716,0.36,0.30,0.40,28.68,17,17,0,0.00,-0.10,0.10,28.28,17,17,0,473.72,465.30,479.70,24.08,17,0,0,0.50,0.50,0.50,27.99,17,17,0,0.11,0.10,0.20,28.70,17,17,0,1.09,1.00,1.10,28.42,17,17,0,0.24,0.20,0.30,28.01,17,17,0
857228,0.34,0.30,0.40,28.68,17,17,0,0.00,-0.10,0.10,28.26,17,17,0,473.77,467.60,483.00,24.08,17,0,0,0.51,0.50,0.60,27.99,17,17,0,0.11,0.10,0.20,28.69,17,17,0,1.09,1.00,1.10,28.44,17,17,0,0.22,0.20,0.30,28.00,17,17,0
857728,0.36,0.30,0.40,28.67,17,17,0,0.00,-0.10,0.10,28.27,17,17,0,465.57,459.30,473.50,24.07,17,0,0,0.50,0.50,0.50,27.97,17,17,0,0.09,0.00,0.10,28.69,17,17,0,1.09,1.00,1.10,28.43,17,17,0,0.22,0.20,0.30,28.00,17,17,0
858232,0.38,0.30,0.40,28.67,17,17,0,-0.04,-0.10,0.10,28.27,17,17,0,461.98,454.50,466.80,24.06,17,0,0,0.50,0.50,0.50,27.97,17,17,0,0.11,0.10,0.20,28.70,17,17,0,1.10,1.10,1.10,28.44,17,17,0,0.24,0.20,0.30,28.00,17,17,0
858737,0.38,0.30,0.40,28.67,17,17,0,-0.01,-0.10,0.10,28.28,17,17,0,463.18,455.00,467.80,24.09,17,0,0,0.51,0.50,0.60,28.01,17,17,0,0.12,0.10,0.20,28.69,17,17,0,1.10,1.10,1.10,28.44,17,17,0,0.26,0.20,0.30,28.02,17,17,0
859249,0.35,0.30,0.40,28.68,17,17,0,-0.02,-0.10,0.00,28.26,17,17,0,465.21,454.50,473.10,24.07,17,0,0,0.50,0.50,0.50,27.99,17,17,0,0.11,0.10,0.20,28.68,17,17,0,1.09,1.00,1.10,28.45,17,17,0,0.25,0.20,0.30,28.01,17,17,0
859760,0.35,0.30,0.40,28.68,17,17,0,0.01,-0.10,0.10,28.28,17,17,0,469.81,462.70,477.50,24.07,17,0,0,0.50,0.50,0.50,27.97,17,17,0,0.11,0.10,0.20,28.69,17,17,0,1.10,1.10,1.10,28.42,17,17,0,0.22,0.20,0.30,28.01,17,17,0
860271,0.38,0.30,0.40,28.67,17,17,0,-0.04,-0.10,0.10,28.26,17,17,0,472.29,466.40,477.10,24.10,17,0,0,0.49,0.40,0.50,27.98,17,17,0,0.12,0.10,0.20,28.70,17,17,0,1.09,1.00,1.10,28.43,17,17,0,0.24,0.20,0.30,28.01,17,17,0
860775,0.36,0.30,0.40,28.69,17,17,0,-0.01,-0.10,0.10,28.27,17,17,0,469.13,461.60,479.30,24.08,17,0,0,0.50,0.50,0.50,27.99,17,17,0,0.11,0.10,0.20,28.70,17,17,0,1.10,1.10,1.10,28.42,17,17,0,0.24,0.20,0.30,28.02,17,17,0
861275,0.35,0.30,0.40,28.69,17,17,0,0.00,-0.10,0.10,28.27,17,17,0,458.56,450.30,467.00,24.08,17,0,0,0.51,0.50,0.60,27.98,17,17,0,0.11,0.10,0.20,28.69,17,17,0,1.08,1.00,1.10,28.43,17,17,0,0.24,0.20,0.30,28.01,17,17,0
861781,0.35,0.30,0.40,28.69,17,17,0,-0.01,-0.10,0.10,28.28,17,17,0,453.98,449.00,464.30,24.09,17,0,0,0.50,0.50,0.50,27.98,17,17,0,0.10,0.10,0.10,28.70,17,17,0,1.09,1.00,1.10,28.44,17,17,0,0.24,0.20,0.30,28.00,17,17,0
862281,0.36,0.30,0.40,28.67,16,16,0,-0.01,-0.10,0.10,28.27,16,16,0,450.46,443.10,455.60,24.09,16,0,0,0.51,0.50,0.60,27.98,16,16,0,0.11,0.10,0.20,28.69,16,16,0,1.09,1.00,1.10,28.44,16,16,0,0.23,0.20,0.30,28.00,16,16,0
862781,0.35,0.30,0.40,28.68,17,17,0,-0.02,-0.10,0.10,28.26,17,17,0,456.09,449.40,462.60,24.08,17,0,0,0.50,0.50,0.50,27.98,17,17,0,0.11,0.10,0.20,28.70,17,17,0,1.09,1.00,1.10,28.43,17,17,0,0.24,0.20,0.30,28.02,17,17,0
863292,0.36,0.30,0.40,28.69,17,17,0,-0.03,-0.10,0.00,28.27,17,17,0,465.91,459.70,473.50,24.08,17,0,0,0.50,0.50,0.50,27.99,17,17,0,0.11,0.10,0.20,28.69,17,17,0,1.09,1.00,1.10,28.45,17,17,0,0.21,0.20,0.30,28.00,17,17,0
863792,0.36,0.30,0.40,28.68,17,17,0,0.01,-0.10,0.10,28.27,17,17,0,471.07,463.90,478.00,24.07,17,0,0,0.50,0.50,0.50,27.98,17,17,0,0.12,0.10,0.20,28.70,17,17,0,1.09,1.00,1.10,28.43,17,17,0,0.23,0.20,0.30,28.03,17,17,0
864300,0.36,0.30,0.40,28.70,17,17,0,-0.03,-0.10,0.10,28.26,17,17,0,472.19,465.80,478.50,24.08,17,0,0,0.50,0.50,0.50,27.97,17,17,0,0.10,0.10,0.10,28.71,17,17,0,1.09,1.00,1.10,28.43,17,17,0,0.22,0.20,0.30,28.00,17,17,0
864801,0.33,0.30,0.40,28.68,17,17,0,-0.01,-0.10,0.10,28.28,17,17,0,461.91,455.80,466.40,24.06,17,0,0,0.50,0.50,0.50,27.99,17,17,0,0.11,0.10,0.20,28.72,17,17,0,1.06,1.00,1.10,28.43,17,17,0,0.22,0.20,0.30,28.03,17,17,0
865301,0.36,0.30,0.40,28.69,17,17,0,-0.02,-0.10,0.10,28.26,17,17,0,457.35,451.40,463.60,24.08,17,0,0,0.50,0.50,0.50,27.99,17,17,0,0.11,0.10,0.20,28.69,17,17,0,1.09,1.00,1.10,28.43,17,17,0,0.24,0.20,0.30,28.01,17,17,0
865801,0.36,0.30,0.40,28.68,16,16,0,-0.02,-0.10,0.10,28.26,16,16,0,454.52,447.20,458.00,24.07,16,0,0,0.49,0.40,0.50,27.99,16,16,0,0.11,0.10,0.20,28.71,16,16,0,1.09,1.00,1.10,28.44,16,16,0,0.25,0.20,0.30,28.01,16,16,0
866301,0.38,0.30,0.40,28.69,17,17,0,0.01,-0.10,0.10,28.27,17,17,0,460.62,455.10,467.70,24.06,17,0,0,0.50,0.50,0.50,27.99,17,17,0,0.11,0.10,0.20,28.70,17,17,0,1.08,1.00,1.10,28.44,17,17,0,0.24,0.20,0.30,28.01,17,17,0
866801,0.38,0.30,0.40,28.68,16,16,0,-0.03,-0.10,0.10,28.28,16,16,0,468.76,463.40,477.40,24.10,16,0,0,0.50,0.50,0.50,27.98,16,16,0,0.11,0.10,0.20,28.68,16,16,0,1.09,1.00,1.10,28.42,16,16,0,0.21,0.20,0.30,28.02,16,16,0
867301,0.36,0.30,0.40,28.68,17,17,0,-0.02,-0.10,0.00,28.28,17,17,0,474.35,464.00,481.70,24.08,17,0,0,0.49,0.40,0.50,27.98,17,17,0,0.12,0.10,0.20,28.69,17,17,0,1.09,1.00,1.10,28.44,17,17,0,0.24,0.20,0.30,28.01,17,17,0
867801,0.38,0.30,0.40,28.69,17,17,0,-0.04,-0.10,0.00,28.26,17,17,0,472.63,459.00,485.20,24.08,17,0,0,0.51,0.50,0.60,27.99,17,17,0,0.10,0.10,0.10,28.69,17,17,0,1.09,1.00,1.10,28.43,17,17,0,0.24,0.20,0.30,28.01,17,17,0
868301,0.37,0.30,0.40,28.68,17,17,0,0.00,-0.10,0.10,28.28,17,17,0,461.15,455.00,466.60,24.07,17,0,0,0.51,0.50,0.60,27.99,17,17,0,0.10,0.10,0.10,28.71,17,17,0,1.10,1.10,1.10,28.43,17,17,0,0.24,0.20,0.30,28.01,17,17,0
868801,0.36,0.30,0.40,28.70,17,17,0,-0.01,-0.10,0.00,28.26,17,17,0,456.04,450.60,463.60,24.08,17,0,0,0.49,0.40,0.50,27.98,17,17,0,0.11,0.10,0.20,28.69,17,17,0,1.09,1.00,1.10,28.43,17,17,0,0.24,0.20,0.30,28.02,17,17,0
869306,0.38,0.30,0.40,28.69,17,17,0,-0.02,-0.10,0.10,28.28,17,17,0,455.72,450.30,461.80,24.09,17,0,0,0.50,0.50,0.50,27.99,17,17,0,0.11,0.10,0.20,28.71,17,17,0,1.08,1.00,1.10,28.44,17,17,0,0.23,0.20,0.30,28.02,17,17,0
869806,0.35,0.30,0.40,28.69,17,17,0,0.00,-0.10,0.10,28.27,17,17,0,460.09,455.00,466.30,24.08,17,0,0,0.50,0.50,0.50,27.99,17,17,0,0.11,0.00,0.20,28.72,17,17,0,1.09,1.00,1.10,28.42,17,17,0,0.26,0.20,0.30,28.03,17,17,0
870317,0.38,0.30,0.40,28.68,16,16,0,-0.01,-0.10,0.10,28.26,16,16,0,466.71,458.80,472.30,24.08,16,0,0,0.49,0.40,0.50,27.99,16,16,0,0.10,0.10,0.10,28.69,16,16,0,1.09,1.00,1.10,28.43,16,16,0,0.23,0.20,0.30,28.01,16,16,0
870830,0.38,0.30,0.40,28.68,17,17,0,-0.02,-0.10,0.10,28.27,17,17,0,468.94,464.90,477.00,24.08,17,0,0,0.50,0.50,0.50,27.98,17,17,0,0.10,0.10,0.10,28.69,17,17,0,1.09,1.00,1.10,28.44,17,17,0,0.22,0.20,0.30,28.02,17,17,0
871330,0.35,0.30,0.40,28.68,17,17,0,-0.02,-0.10,0.10,28.28,17,17,0,462.37,456.70,472.20,24.08,17,0,0,0.50,0.50,0.50,27.99,17,17,0,0.11,0.10,0.20,28.70,17,17,0,1.08,1.00,1.10,28.44,17,17,0,0.22,0.20,0.30,28.02,17,17,0
871830,0.37,0.30,0.40,28.69,17,17,0,-0.01,-0.10,0.10,28.28,17,17,0,453.19,448.80,457.50,24.08,17,0,0,0.50,0.50,0.50,27.99,17,17,0,0.10,0.10,0.10,28.70,17,17,0,1.08,1.00,1.10,28.45,17,17,0,0.24,0.20,0.30,28.02,17,17,0
872330,0.37,0.30,0.40,28.70,17,17,0,-0.01,-0.10,0.10,28.28,17,17,0,447.88,441.70,454.70,24.09,17,0,0,0.51,0.50,0.60,27.98,17,17,0,0.12,0.10,0.20,28.72,17,17,0,1.09,1.00,1.10,28.44,17,17,0,0.21,0.20,0.30,28.00,17,17,0
872830,0.38,0.30,0.40,28.68,17,17,0,-0.01,-0.10,0.10,28.28,17,17,0,447.69,443.20,451.20,24.10,17,0,0,0.50,0.50,0.50,27.99,17,17,0,0.11,0.00,0.20,28.71,17,17,0,1.08,1.00,1.10,28.42,17,17,0,0.22,0.20,0.30,28.03,17,17,0
873330,0.38,0.30,0.40,28.70,17,17,0,-0.01,-0.10,0.10,28.27,17,17,0,451.83,443.10,456.70,24.07,17,0,0,0.49,0.40,0.50,27.99,17,17,0,0.10,0.10,0.10,28.73,17,17,0,1.08,1.00,1.10,28.43,17,17,0,0.24,0.20,0.30,28.02,17,17,0
873830,0.36,0.30,0.40,28.69,17,17,0,0.01,-0.10,0.10,28.28,17,17,0,458.32,451.10,470.10,24.09,17,0,0,0.50,0.50,0.50,27.99,17,17,0,0.11,0.10,0.20,28.72,17,17,0,1.09,1.00,1.10,28.43,17,17,0,0.21,0.20,0.30,28.01,17,17,0
874330,0.38,0.30,0.40,28.68,16,16,0,-0.04,-0.10,0.00,28.29,16,16,0,463.26,456.30,469.90,24.08,16,0,0,0.50,0.50,0.50,27.99,16,16,0,0.11,0.10,0.20,28.73,16,16,0,1.09,1.00,1.10,28.44,16,16,0,0.23,0.20,0.30,28.02,16,16,0
874835,0.38,0.30,0.40,28.69,17,17,0,-0.02,-0.10,0.10,28.29,17,17,0,458.80,452.80,467.20,24.08,17,0,0,0.50,0.40,0.60,27.98,17,17,0,0.11,0.10,0.20,28.71,17,17,0,1.09,1.00,1.10,28.44,17,17,0,0.23,0.20,0.30,28.03,17,17,0
875335,0.36,0.30,0.40,28.69,17,17,0,-0.01,-0.10,0.00,28.28,17,17,0,452.64,447.40,458.10,24.09,17,0,0,0.49,0.40,0.50,27.99,17,17,0,0.12,0.10,0.20,28.70,17,17,0,1.09,1.00,1.10,28.44,17,17,0,0.22,0.20,0.30,28.02,17,17,0
875835,0.37,0.30,0.40,28.68,17,17,0,-0.01,-0.10,0.10,28.28,17,17,0,447.46,439.40,454.80,24.07,17,0,0,0.50,0.50,0.50,28.01,17,17,0,0.10,0.10,0.10,28.72,17,17,0,1.08,1.00,1.10,28.45,17,17,0,0.25,0.20,0.30,28.01,17,17,0
876335,0.37,0.30,0.40,28.71,17,17,0,-0.02,-0.10,0.00,28.28,17,17,0,447.75,442.30,454.90,24.09,17,0,0,0.50,0.50,0.50,27.99,17,17,0,0.10,0.00,0.20,28.70,17,17,0,1.09,1.00,1.10,28.43,17,17,0,0.24,0.20,0.30,28.03,17,17,0
876835,0.36,0.30,0.40,28.69,17,17,0,-0.02,-0.10,0.10,28.27,17,17,0,452.27,442.80,459.00,24.09,17,0,0,0.50,0.50,0.50,28.00,17,17,0,0.13,0.10,0.20,28.70,17,17,0,1.09,1.00,1.10,28.45,17,17,0,0.24,0.20,0.30,28.02,17,17,0
877336,0.39,0.30,0.40,28.69,17,17,0,-0.03,-0.10,0.10,28.28,17,17,0,459.38,452.30,467.80,24.10,17,0,0,0.51,0.50,0.60,27.99,17,17,0,0.11,0.10,0.20,28.70,17,17,0,1.10,1.10,1.10,28.45,17,17,0,0.23,0.20,0.30,28.03,17,17,0
877836,0.34,0.30,0.40,28.70,17,17,0,-0.01,-0.10,0.00,28.28,17,17,0,465.03,456.80,470.60,24.07,17,0,0,0.50,0.50,0.50,27.98,17,17,0,0.11,0.10,0.20,28.72,17,17,0,1.08,1.00,1.10,28.43,17,17,0,0.23,0.20,0.30,28.00,17,17,0
878336,0.37,0.30,0.40,28.69,16,16,0,-0.02,-0.10,0.10,28.29,16,16,0,463.17,457.00,468.60,24.06,16,0,0,0.51,0.50,0.60,27.99,16,16,0,0.12,0.10,0.20,28.71,16,16,0,1.09,1.00,1.10,28.45,16,16,0,0.23,0.20,0.30,28.02,16,16,0
878841,0.36,0.30,0.40,28.70,17,17,0,-0.04,-0.10,0.10,28.30,17,17,0,458.99,455.10,464.60,24.10,17,0,0,0.50,0.50,0.50,28.00,17,17,0,0.12,0.10,0.20,28.71,17,17,0,1.09,1.00,1.10,28.44,17,17,0,0.22,0.20,0.30,28.03,17,17,0
879341,0.36,0.30,0.40,28.70,17,17,0,-0.02,-0.10,0.00,28.28,17,17,0,457.24,453.80,463.10,24.08,17,0,0,0.50,0.50,0.50,28.00,17,17,0,0.11,0.10,0.20,28.71,17,17,0,1.09,1.00,1.10,28.44,17,17,0,0.22,0.20,0.30,28.01,17,17,0
879841,0.37,0.30,0.40,28.69,17,17,0,-0.01,-0.10,0.10,28.28,17,17,0,463.68,457.30,474.90,24.07,17,0,0,0.49,0.40,0.50,27.99,17,17,0,0.12,0.10,0.20,28.71,17,17,0,1.09,1.00,1.10,28.45,17,17,0,0.22,0.20,0.30,28.02,17,17,0
880341,0.38,0.30,0.40,28.69,17,17,0,-0.01,-0.10,0.00,28.28,17,17,0,473.36,465.40,479.90,24.07,17,0,0,0.50,0.50,0.50,28.00,17,17,0,0.11,0.10,0.20,28.71,17,17,0,1.10,1.10,1.10,28.45,17,17,0,0.23,0.20,0.30,28.03,17,17,0
880841,0.36,0.30,0.40,28.70,17,17,0,-0.01,-0.10,0.10,28.28,17,17,0,484.55,476.90,495.90,24.09,17,0,0,0.50,0.50,0.50,27.99,17,17,0,0.11,0.10,0.20,28.73,17,17,0,1.09,1.00,1.10,28.44,17,17,0,0.27,0.20,0.30,28.01,17,17,0
881341,0.38,0.30,0.40,28.68,17,17,0,-0.01,-0.10,0.10,28.27,17,17,0,494.16,489.90,501.10,24.07,17,0,0,0.50,0.50,0.50,27.99,17,17,0,0.13,0.10,0.20,28.70,17,17,0,1.09,1.00,1.10,28.45,17,17,0,0.22,0.20,0.30,28.02,17,17,0
881841,0.36,0.30,0.40,28.69,17,17,0,-0.02,-0.10,0.00,28.30,17,17,0,493.14,488.80,497.40,24.05,17,0,0,0.50,0.50,0.50,27.99,17,17,0,0.12,0.10,0.20,28.70,17,17,0,1.09,1.00,1.10,28.43,17,17,0,0.23,0.20,0.30,28.02,17,17,0
882341,0.37,0.30,0.40,28.68,16,16,0,0.01,-0.10,0.10,28.29,16,16,0,489.80,483.00,494.70,24.06,16,0,0,0.51,0.50,0.60,28.00,16,16,0,0.11,0.10,0.20,28.73,16,16,0,1.09,1.00,1.10,28.45,16,16,0,0.24,0.20,0.30,28.00,16,16,0
882842,0.38,0.30,0.40,28.68,17,17,0,-0.04,-0.10,0.00,28.28,17,17,0,485.57,482.30,493.90,24.07,17,0,0,0.50,0.50,0.50,27.98,17,17,0,0.11,0.10,0.20,28.72,17,17,0,1.09,1.00,1.10,28.45,17,17,0,0.24,0.20,0.30,28.02,17,17,0
883343,0.36,0.30,0.40,28.69,17,17,0,-0.01,-0.10,0.10,28.29,17,17,0,487.04,480.70,495.20,24.07,17,0,0,0.49,0.40,0.50,27.97,17,17,0,0.11,0.10,0.20,28.70,17,17,0,1.10,1.10,1.10,28.46,17,17,0,0.26,0.20,0.30,28.03,17,17,0
883844,0.39,0.30,0.40,28.69,17,17,0,-0.01,-0.10,0.10,28.28,17,17,0,488.63,480.10,497.00,24.06,17,0,0,0.50,0.50,0.50,27.98,17,17,0,0.10,0.10,0.10,28.72,17,17,0,1.09,1.00,1.10,28.44,17,17,0,0.21,0.20,0.30,28.03,17,17,0
884352,0.38,0.30,0.40,28.70,16,16,0,0.01,-0.10,0.10,28.27,16,16,0,493.14,486.60,499.90,24.07,16,0,0,0.50,0.50,0.50,28.00,16,16,0,0.11,0.10,0.20,28.72,16,16,0,1.09,1.00,1.10,28.45,16,16,0,0.21,0.20,0.30,28.02,16,16,0
884852,0.36,0.30,0.40,28.70,17,17,0,0.00,-0.10,0.10,28.27,17,17,0,496.58,489.20,502.60,24.06,17,0,0,0.50,0.50,0.50,28.00,17,17,0,0.13,0.10,0.20,28.73,17,17,0,1.09,1.00,1.10,28.43,17,17,0,0.25,0.20,0.30,28.02,17,17,0
885352,0.35,0.30,0.40,28.69,17,17,0,-0.02,-0.10,0.10,28.28,17,17,0,493.74,485.50,501.20,24.05,17,0,0,0.50,0.50,0.50,27.99,17,17,0,0.11,0.10,0.20,28.72,17,17,0,1.09,1.00,1.10,28.46,17,17,0,0.23,0.20,0.30,28.02,17,17,0
885852,0.33,0.30,0.40,28.70,16,16,0,-0.01,-0.10,0.10,28.27,16,16,0,487.48,477.90,493.80,24.06,16,0,0,0.51,0.50,0.60,27.99,16,16,0,0.10,0.10,0.10,28.74,16,16,0,1.08,1.00,1.10,28.46,16,16,0,0.23,0.20,0.30,28.02,16,16,0
886352,0.37,0.30,0.40,28.70,17,17,0,-0.01,-0.10,0.00,28.26,17,17,0,483.40,478.70,492.00,24.06,17,0,0,0.49,0.40,0.50,27.99,17,17,0,0.11,0.10,0.20,28.73,17,17,0,1.08,1.00,1.10,28.46,17,17,0,0.24,0.20,0.30,28.01,17,17,0
886857,0.35,0.30,0.40,28.70,17,17,0,-0.01,-0.10,0.00,28.26,17,17,0,484.76,480.40,492.40,24.06,17,0,0,0.51,0.50,0.60,28.00,17,17,0,0.11,0.00,0.20,28.72,17,17,0,1.09,1.00,1.10,28.44,17,17,0,0.22,0.20,0.30,28.03,17,17,0
887357,0.35,0.30,0.40,28.68,17,17,0,-0.01,-0.10,0.10,28.28,17,17,0,487.00,480.30,499.50,24.09,17,0,0,0.51,0.50,0.60,28.00,17,17,0,0.11,0.10,0.20,28.71,17,17,0,1.07,1.00,1.10,28.45,17,17,0,0.23,0.20,0.30,28.02,17,17,0
887857,0.37,0.30,0.40,28.69,17,17,0,-0.01,-0.10,0.10,28.28,17,17,0,490.19,484.30,498.40,24.06,17,0,0,0.50,0.50,0.50,28.00,17,17,0,0.12,0.10,0.20,28.71,17,17,0,1.08,1.00,1.10,28.44,17,17,0,0.23,0.20,0.30,28.03,17,17,0
888357,0.36,0.30,0.40,28.70,17,17,0,0.01,-0.10,0.10,28.29,17,17,0,495.52,486.50,501.10,24.06,17,0,0,0.50,0.50,0.50,27.99,17,17,0,0.11,0.10,0.20,28.73,17,17,0,1.08,1.00,1.10,28.45,17,17,0,0.25,0.20,0.30,28.02,17,17,0
888858,0.38,0.30,0.40,28.68,17,17,0,0.00,-0.10,0.10,28.28,17,17,0,491.24,482.10,499.10,24.08,17,0,0,0.50,0.50,0.50,27.99,17,17,0,0.11,0.10,0.20,28.71,17,17,0,1.09,1.00,1.10,28.46,17,17,0,0.25,0.20,0.30,28.02,17,17,0
889358,0.36,0.30,0.40,28.71,16,16,0,-0.01,-0.10,0.10,28.28,16,16,0,487.83,480.60,493.40,24.05,16,0,0,0.50,0.50,0.50,27.99,16,16,0,0.11,0.10,0.20,28.70,16,16,0,1.09,1.00,1.10,28.45,16,16,0,0.24,0.20,0.30,28.03,16,16,0
889865,0.38,0.30,0.40,28.70,17,17,0,-0.01,-0.10,0.00,28.26,17,17,0,482.09,476.90,486.60,24.08,17,0,0,0.50,0.50,0.50,27.99,17,17,0,0.11,0.00,0.20,28.72,17,17,0,1.09,1.00,1.10,28.44,17,17,0,0.22,0.20,0.30,28.01,17,17,0
890366,0.35,0.30,0.40,28.71,17,17,0,0.00,-0.10,0.10,28.28,17,17,0,482.11,477.20,488.20,24.07,17,0,0,0.50,0.50,0.50,27.98,17,17,0,0.13,0.10,0.20,28.72,17,17,0,1.08,1.00,1.10,28.45,17,17,0,0.24,0.20,0.30,28.03,17,17,0
890866,0.38,0.30,0.40,28.69,17,17,0,0.00,-0.10,0.10,28.28,17,17,0,482.56,477.70,491.60,24.09,17,0,0,0.50,0.50,0.50,27.99,17,17,0,0.11,0.10,0.20,28.72,17,17,0,1.09,1.00,1.10,28.44,17,17,0,0.24,0.20,0.30,28.02,17,17,0
891366,0.35,0.30,0.40,28.70,17,17,0,-0.01,-0.10,0.10,28.27,17,17,0,482.98,478.40,491.90,24.06,17,0,0,0.51,0.50,0.60,28.00,17,17,0,0.12,0.10,0.20,28.72,17,17,0,1.08,1.00,1.10,28.46,17,17,0,0.25,0.20,0.30,28.03,17,17,0
891866,0.38,0.30,0.40,28.68,17,17,0,-0.01,-0.10,0.10,28.27,17,17,0,489.79,482.50,495.30,24.08,17,0,0,0.51,0.50,0.60,28.00,17,17,0,0.10,0.10,0.10,28.71,17,17,0,1.09,1.00,1.10,28.44,17,17,0,0.22,0.20,0.30,28.03,17,17,0
892366,0.38,0.30,0.40,28.69,17,17,0,-0.01,-0.10,0.10,28.29,17,17,0,486.57,480.80,490.90,24.06,17,0,0,0.50,0.50,0.50,28.00,17,17,0,0.11,0.10,0.20,28.72,17,17,0,1.10,1.10,1.10,28.46,17,17,0,0.22,0.20,0.30,28.04,17,17,0
892866,0.39,0.30,0.40,28.70,17,17,0,-0.02,-0.10,0.10,28.28,17,17,0,483.51,477.40,489.00,24.06,17,0,0,0.50,0.50,0.50,27.99,17,17,0,0.12,0.10,0.20,28.71,17,17,0,1.08,1.00,1.10,28.46,17,17,0,0.24,0.20,0.30,28.02,17,17,0
893366,0.38,0.30,0.40,28.69,17,17,0,0.01,-0.10,0.10,28.28,17,17,0,478.16,471.20,483.10,24.07,17,0,0,0.50,0.50,0.50,28.01,17,17,0,0.11,0.10,0.20,28.72,17,17,0,1.09,1.00,1.10,28.44,17,17,0,0.24,0.20,0.30,28.03,17,17,0
893866,0.38,0.30,0.40,28.70,17,17,0,-0.02,-0.10,0.10,28.28,17,17,0,476.95,471.90,481.60,24.07,17,0,0,0.50,0.50,0.50,28.00,17,17,0,0.12,0.10,0.20,28.73,17,17,0,1.08,1.00,1.10,28.47,17,17,0,0.23,0.20,0.30,28.01,17,17,0
894366,0.37,0.30,0.40,28.68,17,17,0,-0.01,-0.10,0.00,28.27,17,17,0,479.22,473.30,485.20,24.07,17,0,0,0.49,0.40,0.50,28.01,17,17,0,0.11,0.10,0.20,28.72,17,17,0,1.09,1.00,1.10,28.46,17,17,0,0.21,0.20,0.30,28.03,17,17,0
894866,0.36,0.30,0.40,28.70,17,17,0,-0.01,-0.10,0.10,28.27,17,17,0,480.53,476.30,485.20,24.09,17,0,0,0.50,0.50,0.50,27.99,17,17,0,0.14,0.10,0.20,28.74,17,17,0,1.09,1.00,1.10,28.45,17,17,0,0.23,0.20,0.30,28.03,17,17,0
895366,0.39,0.30,0.40,28.69,17,17,0,0.00,-0.10,0.10,28.28,17,17,0,487.82,483.70,494.20,24.08,17,0,0,0.50,0.50,0.50,27.99,17,17,0,0.11,0.10,0.20,28.72,17,17,0,1.09,1.00,1.10,28.45,17,17,0,0.22,0.20,0.30,28.02,17,17,0
895866,0.36,0.30,0.40,28.69,17,17,0,0.01,-0.10,0.10,28.29,17,17,0,488.28,483.10,492.50,24.05,17,0,0,0.49,0.40,0.50,28.00,17,17,0,0.09,0.00,0.20,28.72,17,17,0,1.07,1.00,1.10,28.44,17,17,0,0.23,0.20,0.30,28.03,17,17,0
896366,0.36,0.30,0.40,28.70,17,17,0,0.01,-0.10,0.10,28.27,17,17,0,484.18,473.80,490.70,24.06,17,0,0,0.49,0.40,0.50,28.01,17,17,0,0.11,0.10,0.20,28.72,17,17,0,1.08,1.00,1.10,28.46,17,17,0,0.22,0.20,0.30,28.03,17,17,0
896866,0.36,0.30,0.40,28.70,17,17,0,-0.01,-0.10,0.10,28.28,17,17,0,479.35,472.50,486.80,24.08,17,0,0,0.50,0.50,0.50,28.01,17,17,0,0.11,0.10,0.20,28.73,17,17,0,1.09,1.00,1.10,28.45,17,17,0,0.22,0.20,0.30,28.02,17,17,0
897370,0.36,0.30,0.40,28.70,17,17,0,-0.01,-0.10,0.10,28.28,17,17,0,477.74,470.10,482.90,24.06,17,0,0,0.50,0.50,0.50,27.99,17,17,0,0.11,0.10,0.20,28.72,17,17,0,1.09,1.00,1.10,28.46,17,17,0,0.24,0.20,0.30,28.04,17,17,0
897870,0.39,0.30,0.40,28.69,17,17,0,-0.02,-0.10,0.10,28.26,17,17,0,479.33,472.60,484.70,24.07,17,0,0,0.50,0.50,0.50,27.99,17,17,0,0.12,0.10,0.20,28.73,17,17,0,1.09,1.00,1.10,28.46,17,17,0,0.24,0.20,0.30,28.04,17,17,0
898370,0.35,0.30,0.40,28.70,17,17,0,-0.03,-0.10,0.10,28.27,17,17,0,481.84,475.40,488.10,24.07,17,0,0,0.50,0.40,0.60,28.00,17,17,0,0.11,0.10,0.20,28.72,17,17,0,1.08,1.00,1.10,28.47,17,17,0,0.24,0.20,0.30,28.04,17,17,0
898870,0.35,0.30,0.40,28.69,17,17,0,-0.01,-0.10,0.10,28.29,17,17,0,487.26,480.40,493.00,24.05,17,0,0,0.49,0.40,0.50,28.01,17,17,0,0.11,0.10,0.20,28.71,17,17,0,1.09,1.00,1.10,28.47,17,17,0,0.24,0.20,0.30,28.03,17,17,0
899370,0.36,0.30,0.40,28.69,17,17,0,0.01,-0.10,0.10,28.28,17,17,0,487.60,482.50,494.60,24.06,17,0,0,0.50,0.50,0.50,28.00,17,17,0,0.12,0.10,0.20,28.72,17,17,0,1.09,1.00,1.10,28.47,17,17,0,0.24,0.20,0.30,28.03,17,17,0
899877,0.35,0.30,0.40,28.70,17,17,0,0.01,-0.10,0.10,28.29,17,17,0,481.53,472.70,491.10,24.07,17,0,0,0.49,0.40,0.50,28.01,17,17,0,0.10,0.10,0.10,28.72,17,17,0,1.08,1.00,1.10,28.44,17,17,0,0.24,0.20,0.30,28.03,17,17,0
900377,0.36,0.30,0.40,28.68,17,17,0,-0.01,-0.10,0.10,28.29,17,17,0,474.19,467.30,480.30,24.07,17,0,0,0.50,0.50,0.50,27.99,17,17,0,0.11,0.10,0.20,28.72,17,17,0,1.09,1.00,1.10,28.47,17,17,0,0.22,0.20,0.30,28.02,17,17,0
900878,0.35,0.30,0.40,28.68,17,17,0,-0.01,-0.10,0.10,28.27,17,17,0,469.55,463.20,477.80,24.07,17,0,0,0.50,0.50,0.50,27.99,17,17,0,0.11,0.10,0.20,28.73,17,17,0,1.09,1.00,1.10,28.47,17,17,0,0.22,0.20,0.30,28.03,17,17,0
901378,0.36,0.30,0.40,28.69,17,17,0,0.01,-0.10,0.10,28.28,17,17,0,469.60,452.50,488.20,24.07,17,0,0,0.51,0.50,0.60,27.98,17,17,0,0.11,0.10,0.20,28.72,17,17,0,1.09,1.00,1.10,28.45,17,17,0,0.24,0.20,0.30,28.03,17,17,0
901878,0.36,0.30,0.40,28.70,17,17,0,-0.01,-0.10,0.10,28.28,17,17,0,472.64,458.10,485.80,24.09,17,0,0,0.50,0.50,0.50,28.00,17,17,0,0.11,0.00,0.20,28.71,17,17,0,1.08,1.00,1.10,28.46,17,17,0,0.24,0.20,0.30,28.02,17,17,0
902380,0.35,0.30,0.40,28.69,17,17,0,-0.01,-0.10,0.10,28.30,17,17,0,475.25,463.30,482.70,24.08,17,0,0,0.50,0.50,0.50,28.01,17,17,0,0.11,0.10,0.20,28.73,17,17,0,1.09,1.00,1.20,28.46,17,17,0,0.25,0.20,0.30,28.03,17,17,0
902880,0.35,0.30,0.40,28.71,17,17,0,-0.01,-0.10,0.10,28.29,17,17,0,475.76,452.30,496.40,24.08,17,0,0,0.50,0.50,0.50,27.99,17,17,0,0.12,0.10,0.20,28.73,17,17,0,1.08,1.00,1.10,28.48,17,17,0,0.24,0.20,0.30,28.04,17,17,0
903380,0.32,0.30,0.40,28.70,16,16,0,-0.03,-0.10,0.10,28.27,16,16,0,465.37,455.90,479.20,24.08,16,0,0,0.50,0.50,0.50,28.00,16,16,0,0.11,0.00,0.20,28.73,16,16,0,1.10,1.10,1.10,28.47,16,16,0,0.23,0.20,0.30,28.02,16,16,0
903880,0.36,0.30,0.40,28.69,17,17,0,-0.02,-0.10,0.10,28.27,17,17,0,457.62,447.90,465.60,24.08,17,0,0,0.50,0.50,0.50,28.00,17,17,0,0.11,0.10,0.20,28.72,17,17,0,1.09,1.00,1.10,28.47,17,17,0,0.25,0.20,0.30,28.02,17,17,0
904381,0.35,0.30,0.40,28.69,17,17,0,0.01,0.00,0.10,28.26,17,17,0,454.89,449.90,464.20,24.09,17,0,0,0.49,0.40,0.50,27.99,17,17,0,0.11,0.10,0.20,28.71,17,17,0,1.08,1.00,1.10,28.44,17,17,0,0.25,0.20,0.30,28.03,17,17,0
904881,0.36,0.30,0.40,28.70,17,17,0,-0.01,-0.10,0.00,28.27,17,17,0,454.63,447.70,462.00,24.09,17,0,0,0.50,0.50,0.50,28.00,17,17,0,0.11,0.00,0.20,28.72,17,17,0,1.09,1.00,1.10,28.46,17,17,0,0.23,0.20,0.30,28.04,17,17,0
905381,0.35,0.30,0.40,28.68,17,17,0,-0.02,-0.10,0.10,28.27,17,17,0,458.78,447.40,466.10,24.09,17,0,0,0.50,0.50,0.50,28.00,17,17,0,0.11,0.10,0.20,28.73,17,17,0,1.08,1.00,1.10,28.47,17,17,0,0.26,0.20,0.30,28.03,17,17,0
905882,0.36,0.30,0.40,28.69,17,17,0,-0.02,-0.10,0.10,28.28,17,17,0,464.57,460.10,469.70,24.09,17,0,0,0.49,0.40,0.50,28.00,17,17,0,0.12,0.10,0.20,28.74,17,17,0,1.08,1.00,1.10,28.46,17,17,0,0.25,0.20,0.30,28.03,17,17,0
906382,0.36,0.30,0.40,28.69,17,17,0,0.01,-0.10,0.10,28.28,17,17,0,464.96,460.40,470.90,24.09,17,0,0,0.50,0.50,0.50,28.00,17,17,0,0.10,0.10,0.10,28.73,17,17,0,1.08,1.00,1.10,28.47,17,17,0,0.25,0.20,0.30,28.03,17,17,0
906882,0.38,0.30,0.40,28.70,17,17,0,-0.02,-0.10,0.00,28.29,17,17,0,457.84,451.60,466.20,24.08,17,0,0,0.50,0.50,0.50,28.01,17,17,0,0.12,0.10,0.20,28.74,17,17,0,1.08,1.00,1.10,28.47,17,17,0,0.23,0.20,0.30,28.03,17,17,0
907382,0.34,0.30,0.40,28.71,17,17,0,0.01,-0.10,0.10,28.28,17,17,0,449.85,445.90,453.70,24.07,17,0,0,0.50,0.50,0.50,28.00,17,17,0,0.11,0.10,0.20,28.74,17,17,0,1.09,1.00,1.10,28.47,17,17,0,0.25,0.20,0.30,28.02,17,17,0
907889,0.36,0.30,0.40,28.70,17,17,0,-0.01,-0.10,0.10,28.27,17,17,0,446.21,440.20,455.50,24.10,17,0,0,0.49,0.40,0.50,28.01,17,17,0,0.12,0.10,0.20,28.73,17,17,0,1.09,1.00,1.10,28.47,17,17,0,0.25,0.20,0.30,28.02,17,17,0
908393,0.36,0.30,0.40,28.69,17,17,0,-0.02,-0.10,0.10,28.27,17,17,0,446.62,441.60,454.60,24.10,17,0,0,0.51,0.50,0.60,28.01,17,17,0,0.12,0.10,0.20,28.72,17,17,0,1.09,1.00,1.10,28.47,17,17,0,0.22,0.20,0.30,28.05,17,17,0
908893,0.37,0.30,0.40,28.69,17,17,0,0.01,-0.10,0.10,28.28,17,17,0,449.22,443.00,457.30,24.08,17,0,0,0.50,0.50,0.50,28.00,17,17,0,0.12,0.10,0.20,28.73,17,17,0,1.09,1.00,1.10,28.46,17,17,0,0.24,0.20,0.30,28.01,17,17,0
909394,0.36,0.30,0.40,28.69,17,17,0,0.00,-0.10,0.10,28.27,17,17,0,456.29,450.90,462.10,24.10,17,0,0,0.51,0.50,0.60,28.00,17,17,0,0.12,0.10,0.20,28.72,17,17,0,1.10,1.10,1.10,28.48,17,17,0,0.26,0.20,0.30,28.04,17,17,0
909894,0.34,0.30,0.40,28.70,17,17,0,0.01,-0.10,0.10,28.29,17,17,0,457.28,451.00,461.50,24.10,17,0,0,0.50,0.50,0.50,28.01,17,17,0,0.09,0.00,0.10,28.74,17,17,0,1.08,1.00,1.10,28.46,17,17,0,0.25,0.20,0.30,28.03,17,17,0
910397,0.34,0.30,0.40,28.70,17,17,0,-0.02,-0.10,0.10,28.28,17,17,0,452.84,447.00,458.40,24.08,17,0,0,0.49,0.40,0.50,28.01,17,17,0,0.11,0.10,0.20,28.74,17,17,0,1.07,1.00,1.10,28.46,17,17,0,0.24,0.20,0.30,28.02,17,17,0
910901,0.35,0.30,0.40,28.71,17,17,0,-0.04,-0.10,0.10,28.28,17,17,0,450.01,446.00,456.50,24.09,17,0,0,0.50,0.50,0.50,28.01,17,17,0,0.11,0.10,0.20,28.73,17,17,0,1.09,1.00,1.10,28.47,17,17,0,0.26,0.20,0.30,28.04,17,17,0
911403,0.37,0.30,0.40,28.72,17,17,0,-0.01,-0.10,0.10,28.27,17,17,0,447.28,441.00,453.00,24.09,17,0,0,0.51,0.50,0.60,28.01,17,17,0,0.10,0.10,0.10,28.72,17,17,0,1.09,1.00,1.10,28.47,17,17,0,0.24,0.20,0.30,28.03,17,17,0
911906,0.36,0.30,0.40,28.69,17,17,0,0.00,-0.10,0.10,28.28,17,17,0,448.28,441.70,453.70,24.10,17,0,0,0.51,0.50,0.60,27.98,17,17,0,0.10,0.10,0.10,28.72,17,17,0,1.09,1.00,1.10,28.47,17,17,0,0.22,0.20,0.30,28.05,17,17,0
912406,0.36,0.30,0.40,28.70,17,17,0,0.01,-0.10,0.10,28.29,17,17,0,451.97,449.70,458.90,24.09,17,0,0,0.50,0.50,0.50,28.02,17,17,0,0.10,0.10,0.10,28.73,17,17,0,1.09,1.00,1.10,28.44,17,17,0,0.21,0.20,0.30,28.02,17,17,0
912906,0.35,0.30,0.40,28.70,17,17,0,-0.02,-0.10,0.10,28.29,17,17,0,456.81,452.10,462.30,24.10,17,0,0,0.50,0.50,0.50,28.01,17,17,0,0.11,0.10,0.20,28.72,17,17,0,1.10,1.10,1.10,28.45,17,17,0,0.24,0.20,0.30,28.03,17,17,0
913411,0.36,0.30,0.40,28.70,17,17,0,-0.01,-0.10,0.10,28.27,17,17,0,455.06,448.00,458.90,24.07,17,0,0,0.49,0.40,0.50,28.01,17,17,0,0.10,0.10,0.10,28.72,17,17,0,1.08,1.00,1.10,28.46,17,17,0,0.24,0.20,0.30,28.04,17,17,0
913912,0.34,0.30,0.40,28.70,17,17,0,-0.02,-0.10,0.10,28.29,17,17,0,450.14,442.30,454.90,24.08,17,0,0,0.49,0.40,0.50,28.01,17,17,0,0.10,0.10,0.10,28.74,17,17,0,1.10,1.10,1.10,28.46,17,17,0,0.25,0.20,0.30,28.05,17,17,0
914412,0.36,0.30,0.40,28.69,17,17,0,0.01,-0.10,0.10,28.28,17,17,0,444.24,438.60,449.50,24.10,17,0,0,0.49,0.40,0.50,28.01,17,17,0,0.11,0.10,0.20,28.74,17,17,0,1.08,1.00,1.10,28.46,17,17,0,0.23,0.20,0.30,28.04,17,17,0
914919,0.36,0.30,0.40,28.71,17,17,0,-0.02,-0.10,0.00,28.28,17,17,0,440.01,433.90,446.10,24.09,17,0,0,0.50,0.50,0.50,28.01,17,17,0,0.10,0.00,0.20,28.74,17,17,0,1.09,1.00,1.10,28.48,17,17,0,0.24,0.20,0.30,28.05,17,17,0
915419,0.37,0.30,0.40,28.70,17,17,0,-0.02,-0.10,0.00,28.29,17,17,0,441.76,435.00,449.70,24.11,17,0,0,0.50,0.40,0.60,27.99,17,17,0,0.11,0.10,0.20,28.73,17,17,0,1.09,1.00,1.10,28.47,17,17,0,0.23,0.20,0.30,28.02,17,17,0
915919,0.36,0.30,0.40,28.70,17,17,0,-0.01,-0.10,0.10,28.28,17,17,0,447.81,442.90,454.10,24.09,17,0,0,0.50,0.50,0.50,28.02,17,17,0,0.11,0.10,0.20,28.72,17,17,0,1.09,1.00,1.10,28.46,17,17,0,0.24,0.20,0.30,28.02,17,17,0
916419,0.36,0.30,0.40,28.69,17,17,0,-0.03,-0.10,0.10,28.28,17,17,0,456.45,451.80,461.30,24.09,17,0,0,0.49,0.40,0.50,28.01,17,17,0,0.11,0.10,0.20,28.74,17,17,0,1.08,1.00,1.10,28.46,17,17,0,0.22,0.20,0.30,28.03,17,17,0
916919,0.36,0.30,0.40,28.70,17,17,0,-0.01,-0.10,0.00,28.28,17,17,0,460.68,453.60,465.90,24.09,17,0,0,0.50,0.50,0.50,28.01,17,17,0,0.11,0.10,0.20,28.74,17,17,0,1.09,1.00,1.10,28.46,17,17,0,0.24,0.20,0.30,28.02,17,17,0
917419,0.35,0.30,0.40,28.69,17,17,0,-0.03,-0.10,0.10,28.31,17,17,0,454.42,445.20,461.20,24.10,17,0,0,0.50,0.50,0.50,28.02,17,17,0,0.11,0.10,0.20,28.74,17,17,0,1.09,1.00,1.10,28.45,17,17,0,0.24,0.20,0.30,28.03,17,17,0
917919,0.37,0.30,0.40,28.72,17,17,0,-0.01,-0.10,0.10,28.29,17,17,0,451.16,444.70,454.90,24.10,17,0,0,0.49,0.40,0.50,28.02,17,17,0,0.10,0.10,0.10,28.74,17,17,0,1.09,1.00,1.10,28.45,17,17,0,0.25,0.20,0.30,28.03,17,17,0
918426,0.36,0.30,0.40,28.70,17,17,0,-0.01,-0.10,0.10,28.29,17,17,0,450.41,444.90,454.60,24.07,17,0,0,0.49,0.40,0.50,28.02,17,17,0,0.11,0.10,0.20,28.73,17,17,0,1.09,1.00,1.10,28.46,17,17,0,0.25,0.20,0.30,28.04,17,17,0
918926,0.35,0.30,0.40,28.71,17,17,0,-0.02,-0.10,0.00,28.27,17,17,0,452.53,447.60,459.70,24.08,17,0,0,0.50,0.50,0.50,28.00,17,17,0,0.11,0.10,0.20,28.74,17,17,0,1.09,1.00,1.10,28.46,17,17,0,0.22,0.20,0.30,28.04,17,17,0
919426,0.36,0.30,0.40,28.70,17,17,0,-0.01,-0.10,0.10,28.29,17,17,0,457.28,450.30,463.20,24.10,17,0,0,0.50,0.50,0.50,28.01,17,17,0,0.11,0.10,0.20,28.73,17,17,0,1.10,1.10,1.10,28.45,17,17,0,0.25,0.20,0.30,28.02,17,17,0
919926,0.35,0.30,0.40,28.69,17,17,0,-0.03,-0.10,0.00,28.28,17,17,0,463.79,458.10,470.40,24.07,17,0,0,0.50,0.50,0.50,27.99,17,17,0,0.10,0.10,0.10,28.72,17,17,0,1.09,1.00,1.10,28.47,17,17,0,0.21,0.20,0.30,28.03,17,17,0
920426,0.37,0.30,0.40,28.70,17,17,0,-0.04,-0.10,0.10,28.28,17,17,0,464.44,457.30,469.50,24.10,17,0,0,0.50,0.50,0.50,28.02,17,17,0,0.11,0.10,0.20,28.71,17,17,0,1.08,1.00,1.10,28.48,17,17,0,0.24,0.20,0.30,28.03,17,17,0
920926,0.38,0.30,0.40,28.71,17,17,0,-0.02,-0.10,0.10,28.27,17,17,0,461.23,452.50,466.00,24.07,17,0,0,0.50,0.50,0.50,28.00,17,17,0,0.11,0.10,0.20,28.72,17,17,0,1.09,1.00,1.10,28.47,17,17,0,0.24,0.20,0.30,28.03,17,17,0
921426,0.35,0.30,0.40,28.70,17,17,0,-0.01,-0.10,0.10,28.29,17,17,0,457.34,452.10,465.00,24.10,17,0,0,0.50,0.50,0.50,28.01,17,17,0,0.11,0.00,0.20,28.73,17,17,0,1.10,1.10,1.10,28.47,17,17,0,0.23,0.20,0.30,28.03,17,17,0
921926,0.35,0.30,0.40,28.69,17,17,0,0.00,-0.10,0.10,28.29,17,17,0,457.57,450.90,463.70,24.09,17,0,0,0.49,0.40,0.50,28.01,17,17,0,0.11,0.10,0.20,28.73,17,17,0,1.09,1.00,1.10,28.47,17,17,0,0.23,0.20,0.30,28.03,17,17,0
922426,0.38,0.30,0.40,28.70,16,16,0,-0.01,-0.10,0.00,28.30,16,16,0,461.11,457.30,468.00,24.09,16,0,0,0.50,0.50,0.50,28.01,16,16,0,0.10,0.00,0.20,28.73,16,16,0,1.10,1.10,1.10,28.46,16,16,0,0.25,0.20,0.30,28.05,16,16,0
922926,0.38,0.30,0.40,28.70,17,17,0,0.01,-0.10,0.10,28.29,17,17,0,467.41,462.90,473.40,24.11,17,0,0,0.50,0.50,0.50,28.01,17,17,0,0.11,0.10,0.20,28.72,17,17,0,1.10,1.10,1.10,28.46,17,17,0,0.28,0.20,0.30,28.03,17,17,0
923435,0.38,0.30,0.40,28.70,17,17,0,-0.01,-0.10,0.10,28.28,17,17,0,474.11,464.00,479.90,24.07,17,0,0,0.50,0.50,0.50,28.02,17,17,0,0.11,0.10,0.20,28.75,17,17,0,1.10,1.10,1.10,28.46,17,17,0,0.24,0.20,0.30,28.04,17,17,0
923939,0.35,0.30,0.40,28.72,17,17,0,0.01,-0.10,0.10,28.29,17,17,0,475.94,467.40,483.10,24.07,17,0,0,0.50,0.50,0.50,28.01,17,17,0,0.12,0.10,0.20,28.74,17,17,0,1.07,1.00,1.10,28.48,17,17,0,0.24,0.20,0.30,28.02,17,17,0
924439,0.36,0.30,0.40,28.70,17,17,0,-0.02,-0.10,0.10,28.29,17,17,0,468.25,459.90,475.50,24.08,17,0,0,0.51,0.50,0.60,28.00,17,17,0,0.12,0.10,0.20,28.73,17,17,0,1.10,1.10,1.10,28.47,17,17,0,0.22,0.20,0.30,28.04,17,17,0
924939,0.34,0.30,0.40,28.69,17,17,0,0.02,-0.10,0.10,28.28,17,17,0,462.21,454.10,467.60,24.09,17,0,0,0.50,0.50,0.50,28.02,17,17,0,0.12,0.10,0.20,28.73,17,17,0,1.09,1.00,1.10,28.47,17,17,0,0.22,0.20,0.30,28.03,17,17,0
925443,0.36,0.30,0.40,28.69,17,17,0,0.01,-0.10,0.10,28.29,17,17,0,458.71,452.40,466.90,24.08,17,0,0,0.50,0.50,0.50,28.02,17,17,0,0.11,0.10,0.20,28.73,17,17,0,1.08,1.00,1.10,28.46,17,17,0,0.25,0.20,0.30,28.04,17,17,0
925943,0.34,0.30,0.40,28.71,17,17,0,-0.01,-0.10,0.10,28.29,17,17,0,459.19,455.00,463.90,24.10,17,0,0,0.50,0.50,0.50,28.04,17,17,0,0.10,0.10,0.10,28.74,17,17,0,1.09,1.00,1.10,28.46,17,17,0,0.23,0.20,0.30,28.05,17,17,0
926447,0.36,0.30,0.40,28.72,17,17,0,-0.01,-0.10,0.10,28.30,17,17,0,465.23,460.40,471.50,24.08,17,0,0,0.50,0.50,0.50,28.02,17,17,0,0.11,0.10,0.20,28.73,17,17,0,1.08,1.00,1.10,28.45,17,17,0,0.25,0.20,0.30,28.05,17,17,0
926948,0.34,0.30,0.40,28.69,17,17,0,0.01,-0.10,0.10,28.29,17,17,0,472.21,464.70,477.20,24.08,17,0,0,0.50,0.50,0.50,28.01,17,17,0,0.11,0.00,0.20,28.73,17,17,0,1.09,1.00,1.10,28.46,17,17,0,0.22,0.20,0.30,28.05,17,17,0
927452,0.34,0.30,0.40,28.70,17,17,0,-0.01,-0.10,0.10,28.28,17,17,0,475.68,470.20,481.30,24.09,17,0,0,0.50,0.50,0.50,28.00,17,17,0,0.10,0.10,0.10,28.74,17,17,0,1.08,1.00,1.10,28.47,17,17,0,0.24,0.20,0.30,28.04,17,17,0
927953,0.38,0.30,0.40,28.71,17,17,0,-0.03,-0.10,0.10,28.27,17,17,0,468.23,463.20,475.70,24.08,17,0,0,0.51,0.50,0.60,28.01,17,17,0,0.11,0.10,0.20,28.74,17,17,0,1.08,1.00,1.10,28.47,17,17,0,0.22,0.20,0.30,28.02,17,17,0
928453,0.36,0.30,0.40,28.71,17,17,0,0.01,-0.10,0.10,28.29,17,17,0,460.28,455.20,470.40,24.09,17,0,0,0.49,0.40,0.50,28.02,17,17,0,0.11,0.10,0.20,28.74,17,17,0,1.09,1.00,1.10,28.47,17,17,0,0.24,0.20,0.30,28.04,17,17,0
928953,0.36,0.30,0.40,28.70,17,17,0,-0.01,-0.10,0.10,28.29,17,17,0,458.55,453.80,465.20,24.07,17,0,0,0.50,0.50,0.50,28.03,17,17,0,0.12,0.10,0.20,28.75,17,17,0,1.10,1.10,1.10,28.46,17,17,0,0.24,0.20,0.30,28.04,17,17,0
929455,0.38,0.30,0.40,28.71,17,17,0,0.01,-0.10,0.10,28.30,17,17,0,459.89,456.00,465.10,24.10,17,0,0,0.50,0.50,0.50,28.00,17,17,0,0.11,0.10,0.20,28.74,17,17,0,1.10,1.10,1.10,28.46,17,17,0,0.24,0.20,0.30,28.06,17,17,0
929955,0.35,0.30,0.40,28.71,17,17,0,-0.02,-0.10,0.00,28.28,17,17,0,463.85,458.50,474.30,24.10,17,0,0,0.50,0.50,0.50,28.01,17,17,0,0.11,0.10,0.20,28.74,17,17,0,1.10,1.00,1.20,28.48,17,17,0,0.24,0.20,0.30,28.04,17,17,0
930459,0.34,0.30,0.40,28.70,17,17,0,-0.02,-0.10,0.00,28.28,17,17,0,469.73,462.20,477.00,24.07,17,0,0,0.51,0.50,0.60,28.02,17,17,0,0.11,0.10,0.20,28.74,17,17,0,1.09,1.00,1.10,28.46,17,17,0,0.24,0.20,0.30,28.05,17,17,0
930959,0.38,0.30,0.40,28.69,17,17,0,-0.01,-0.10,0.10,28.29,17,17,0,469.45,464.20,475.70,24.10,17,0,0,0.51,0.50,0.60,28.03,17,17,0,0.10,0.10,0.10,28.73,17,17,0,1.08,1.00,1.10,28.47,17,17,0,0.23,0.20,0.30,28.04,17,17,0
931460,0.34,0.30,0.40,28.70,17,17,0,-0.02,-0.10,0.10,28.30,17,17,0,460.26,452.90,466.40,24.08,17,0,0,0.50,0.50,0.50,28.01,17,17,0,0.11,0.10,0.20,28.74,17,17,0,1.09,1.00,1.10,28.47,17,17,0,0.22,0.20,0.30,28.04,17,17,0
931960,0.37,0.30,0.40,28.69,17,17,0,0.00,-0.10,0.10,28.29,17,17,0,453.22,447.70,460.10,24.11,17,0,0,0.49,0.40,0.50,28.03,17,17,0,0.11,0.10,0.20,28.74,17,17,0,1.09,1.00,1.10,28.48,17,17,0,0.23,0.20,0.30,28.04,17,17,0
932464,0.35,0.30,0.40,28.71,17,17,0,0.01,-0.10,0.10,28.28,17,17,0,451.50,447.40,459.80,24.10,17,0,0,0.50,0.50,0.50,28.01,17,17,0,0.10,0.10,0.10,28.73,17,17,0,1.09,1.00,1.10,28.47,17,17,0,0.22,0.20,0.30,28.04,17,17,0
932964,0.37,0.30,0.40,28.70,17,17,0,-0.01,-0.10,0.10,28.29,17,17,0,451.22,446.00,460.40,24.09,17,0,0,0.51,0.50,0.60,28.02,17,17,0,0.13,0.10,0.20,28.74,17,17,0,1.09,1.00,1.10,28.48,17,17,0,0.24,0.20,0.30,28.04,17,17,0
933468,0.34,0.30,0.40,28.72,17,17,0,-0.02,-0.10,0.10,28.29,17,17,0,458.42,451.90,469.90,24.10,17,0,0,0.50,0.50,0.50,28.01,17,17,0,0.09,0.00,0.10,28.74,17,17,0,1.09,1.00,1.10,28.46,17,17,0,0.24,0.20,0.30,28.04,17,17,0
933969,0.38,0.30,0.40,28.71,17,17,0,0.01,-0.10,0.10,28.29,17,17,0,467.09,462.00,475.40,24.09,17,0,0,0.50,0.50,0.50,28.00,17,17,0,0.10,0.10,0.10,28.75,17,17,0,1.10,1.10,1.10,28.47,17,17,0,0.24,0.20,0.30,28.04,17,17,0
934472,0.37,0.30,0.40,28.72,17,17,0,0.01,-0.10,0.10,28.29,17,17,0,473.08,468.40,477.70,24.09,17,0,0,0.51,0.50,0.60,28.02,17,17,0,0.11,0.10,0.20,28.73,17,17,0,1.10,1.10,1.10,28.47,17,17,0,0.22,0.20,0.30,28.04,17,17,0
934972,0.36,0.30,0.40,28.70,17,17,0,-0.01,-0.10,0.00,28.28,17,17,0,466.30,459.10,473.80,24.08,17,0,0,0.50,0.50,0.50,28.01,17,17,0,0.12,0.10,0.20,28.74,17,17,0,1.10,1.10,1.10,28.46,17,17,0,0.25,0.20,0.30,28.05,17,17,0
935476,0.37,0.30,0.40,28.71,17,17,0,-0.01,-0.10,0.10,28.30,17,17,0,457.81,452.30,463.00,24.09,17,0,0,0.50,0.50,0.50,28.02,17,17,0,0.10,0.10,0.10,28.74,17,17,0,1.10,1.10,1.10,28.46,17,17,0,0.20,0.20,0.20,28.03,17,17,0
935976,0.35,0.30,0.40,28.71,17,17,0,-0.04,-0.10,0.00,28.28,17,17,0,455.58,452.40,459.20,24.10,17,0,0,0.50,0.40,0.60,28.02,17,17,0,0.11,0.10,0.20,28.74,17,17,0,1.10,1.10,1.10,28.47,17,17,0,0.22,0.20,0.30,28.03,17,17,0
936476,0.35,0.30,0.40,28.70,17,17,0,0.01,-0.10,0.10,28.29,17,17,0,453.25,449.70,459.00,24.09,17,0,0,0.50,0.50,0.50,28.02,17,17,0,0.11,0.10,0.20,28.72,17,17,0,1.08,1.00,1.10,28.45,17,17,0,0.24,0.20,0.30,28.04,17,17,0
936979,0.34,0.30,0.40,28.70,17,17,0,-0.01,-0.10,0.10,28.29,17,17,0,459.74,455.10,467.50,24.10,17,0,0,0.51,0.50,0.60,28.02,17,17,0,0.11,0.10,0.20,28.75,17,17,0,1.10,1.00,1.20,28.47,17,17,0,0.24,0.20,0.30,28.04,17,17,0
937483,0.37,0.30,0.40,28.71,17,17,0,-0.01,-0.10,0.10,28.30,17,17,0,468.00,462.40,472.40,24.08,17,0,0,0.50,0.50,0.50,28.02,17,17,0,0.11,0.10,0.20,28.74,17,17,0,1.09,1.00,1.10,28.47,17,17,0,0.20,0.20,0.20,28.03,17,17,0
937983,0.34,0.30,0.40,28.72,17,17,0,-0.01,-0.10,0.10,28.28,17,17,0,473.70,466.60,479.40,24.08,17,0,0,0.50,0.50,0.50,28.02,17,17,0,0.11,0.10,0.20,28.73,17,17,0,1.09,1.00,1.10,28.47,17,17,0,0.22,0.20,0.30,28.05,17,17,0
938483,0.35,0.30,0.40,28.70,17,17,0,-0.01,-0.10,0.10,28.28,17,17,0,467.74,461.10,473.80,24.08,17,0,0,0.50,0.50,0.50,28.02,17,17,0,0.11,0.10,0.20,28.73,17,17,0,1.09,1.00,1.10,28.47,17,17,0,0.22,0.20,0.30,28.04,17,17,0
938994,0.35,0.30,0.40,28.70,18,18,0,-0.01,-0.10,0.10,28.29,18,18,0,458.33,454.20,464.40,24.08,18,0,0,0.50,0.40,0.60,28.05,18,18,0,0.11,0.10,0.20,28.73,18,18,0,1.09,1.00,1.10,28.48,18,18,0,0.25,0.20,0.30,28.03,18,18,0
939498,0.36,0.30,0.40,28.70,17,17,0,0.00,-0.10,0.10,28.29,17,17,0,456.75,452.30,461.10,24.09,17,0,0,0.50,0.50,0.50,28.03,17,17,0,0.13,0.10,0.20,28.74,17,17,0,1.09,1.00,1.10,28.48,17,17,0,0.21,0.20,0.30,28.04,17,17,0
940005,0.37,0.30,0.40,28.71,17,17,0,0.00,-0.10,0.10,28.30,17,17,0,456.96,450.10,462.90,24.08,17,0,0,0.50,0.50,0.50,28.02,17,17,0,0.10,0.10,0.10,28.72,17,17,0,1.09,1.00,1.10,28.48,17,17,0,0.25,0.20,0.30,28.06,17,17,0
940507,0.36,0.30,0.40,28.71,17,17,0,0.01,-0.10,0.10,28.32,17,17,0,459.76,456.00,462.80,24.10,17,0,0,0.50,0.50,0.50,28.03,17,17,0,0.11,0.10,0.20,28.74,17,17,0,1.10,1.10,1.10,28.46,17,17,0,0.24,0.20,0.30,28.06,17,17,0
941007,0.36,0.30,0.40,28.70,16,16,0,-0.02,-0.10,0.10,28.29,16,16,0,464.90,460.50,470.90,24.09,16,0,0,0.50,0.50,0.50,28.03,16,16,0,0.10,0.10,0.10,28.75,16,16,0,1.09,1.00,1.10,28.48,16,16,0,0.23,0.20,0.30,28.03,16,16,0
941507,0.36,0.30,0.40,28.70,17,17,0,-0.02,-0.10,0.00,28.29,17,17,0,469.41,465.00,473.90,24.10,17,0,0,0.50,0.50,0.50,28.02,17,17,0,0.10,0.10,0.10,28.74,17,17,0,1.09,1.00,1.10,28.47,17,17,0,0.25,0.20,0.30,28.03,17,17,0
942007,0.34,0.30,0.40,28.71,17,17,0,-0.02,-0.10,0.10,28.29,17,17,0,462.03,455.50,469.70,24.11,17,0,0,0.50,0.50,0.50,28.01,17,17,0,0.10,0.10,0.10,28.75,17,17,0,1.08,1.00,1.10,28.47,17,17,0,0.23,0.20,0.30,28.05,17,17,0
942513,0.36,0.30,0.40,28.71,17,17,0,0.02,-0.10,0.10,28.30,17,17,0,453.18,447.10,457.70,24.10,17,0,0,0.49,0.40,0.50,28.02,17,17,0,0.10,0.10,0.10,28.73,17,17,0,1.09,1.00,1.10,28.48,17,17,0,0.22,0.20,0.30,28.05,17,17,0
943017,0.36,0.30,0.40,28.71,17,17,0,-0.01,-0.10,0.10,28.30,17,17,0,449.18,444.80,453.10,24.10,17,0,0,0.50,0.50,0.50,28.02,17,17,0,0.11,0.10,0.20,28.74,17,17,0,1.09,1.00,1.10,28.47,17,17,0,0.24,0.20,0.30,28.05,17,17,0
943520,0.35,0.30,0.40,28.71,17,17,0,-0.02,-0.10,0.00,28.28,17,17,0,448.61,441.60,456.20,24.10,17,0,0,0.50,0.50,0.50,28.03,17,17,0,0.10,0.00,0.20,28.73,17,17,0,1.09,1.00,1.10,28.47,17,17,0,0.24,0.20,0.30,28.04,17,17,0
944020,0.36,0.30,0.40,28.71,17,17,0,-0.01,-0.10,0.10,28.30,17,17,0,454.98,450.60,459.40,24.10,17,0,0,0.51,0.50,0.60,28.02,17,17,0,0.11,0.10,0.20,28.75,17,17,0,1.09,1.00,1.10,28.46,17,17,0,0.25,0.20,0.30,28.04,17,17,0
944532,0.35,0.30,0.40,28.71,17,17,0,-0.01,-0.10,0.10,28.27,17,17,0,458.82,454.80,465.20,24.10,17,0,0,0.50,0.50,0.50,28.02,17,17,0,0.11,0.00,0.20,28.76,17,17,0,1.09,1.00,1.10,28.47,17,17,0,0.24,0.20,0.30,28.03,17,17,0
945032,0.37,0.30,0.40,28.71,17,17,0,0.01,-0.10,0.10,28.29,17,17,0,459.75,455.80,466.20,24.09,17,0,0,0.51,0.50,0.60,28.03,17,17,0,0.10,0.10,0.10,28.73,17,17,0,1.09,1.00,1.10,28.47,17,17,0,0.23,0.20,0.30,28.05,17,17,0
945532,0.37,0.30,0.40,28.71,17,17,0,-0.01,-0.10,0.10,28.29,17,17,0,454.64,450.70,458.70,24.10,17,0,0,0.50,0.50,0.50,28.01,17,17,0,0.09,0.00,0.10,28.75,17,17,0,1.09,1.00,1.10,28.48,17,17,0,0.24,0.20,0.30,28.04,17,17,0
946033,0.35,0.30,0.40,28.70,17,17,0,-0.02,-0.10,0.10,28.30,17,17,0,448.13,443.40,453.30,24.10,17,0,0,0.50,0.50,0.50,28.03,17,17,0,0.12,0.10,0.20,28.74,17,17,0,1.09,1.00,1.10,28.47,17,17,0,0.21,0.20,0.30,28.04,17,17,0
946533,0.34,0.30,0.40,28.70,17,17,0,0.00,-0.10,0.10,28.29,17,17,0,447.19,442.20,451.50,24.09,17,0,0,0.50,0.50,0.50,28.04,17,17,0,0.10,0.10,0.10,28.74,17,17,0,1.09,1.00,1.10,28.48,17,17,0,0.22,0.20,0.30,28.04,17,17,0
947039,0.34,0.30,0.40,28.71,17,17,0,-0.01,-0.10,0.10,28.28,17,17,0,450.17,444.20,457.10,24.10,17,0,0,0.49,0.40,0.50,28.04,17,17,0,0.11,0.10,0.20,28.73,17,17,0,1.09,1.00,1.10,28.47,17,17,0,0.24,0.20,0.30,28.03,17,17,0
947539,0.35,0.30,0.40,28.70,17,17,0,-0.01,-0.10,0.00,28.30,17,17,0,455.79,451.70,459.90,24.11,17,0,0,0.51,0.50,0.60,28.01,17,17,0,0.10,0.10,0.10,28.75,17,17,0,1.10,1.10,1.10,28.48,17,17,0,0.22,0.20,0.30,28.05,17,17,0
948040,0.37,0.30,0.40,28.70,17,17,0,-0.02,-0.10,0.00,28.28,17,17,0,461.50,457.30,467.30,24.09,17,0,0,0.49,0.40,0.50,28.03,17,17,0,0.10,0.00,0.20,28.73,17,17,0,1.08,1.00,1.10,28.49,17,17,0,0.22,0.20,0.30,28.04,17,17,0
948540,0.35,0.30,0.40,28.71,17,17,0,-0.03,-0.10,0.00,28.30,17,17,0,465.18,459.10,472.90,24.10,17,0,0,0.50,0.50,0.50,28.02,17,17,0,0.11,0.10,0.20,28.74,17,17,0,1.09,1.00,1.10,28.47,17,17,0,0.23,0.20,0.30,28.04,17,17,0
949040,0.34,0.30,0.40,28.70,17,17,0,-0.01,-0.10,0.10,28.30,17,17,0,463.32,458.70,467.50,24.11,17,0,0,0.50,0.50,0.50,28.03,17,17,0,0.10,0.00,0.20,28.76,17,17,0,1.09,1.00,1.10,28.46,17,17,0,0.24,0.20,0.30,28.05,17,17,0
949541,0.37,0.30,0.40,28.70,17,17,0,-0.01,-0.10,0.10,28.28,17,17,0,458.50,454.70,465.30,24.10,17,0,0,0.50,0.50,0.50,28.03,17,17,0,0.11,0.10,0.20,28.74,17,17,0,1.09,1.00,1.10,28.47,17,17,0,0.23,0.20,0.30,28.02,17,17,0
950041,0.34,0.30,0.40,28.71,17,17,0,-0.01,-0.10,0.00,28.29,17,17,0,460.21,455.60,469.70,24.11,17,0,0,0.49,0.40,0.50,28.03,17,17,0,0.11,0.10,0.20,28.74,17,17,0,1.08,1.00,1.10,28.48,17,17,0,0.24,0.20,0.30,28.04,17,17,0
950544,0.34,0.30,0.40,28.69,17,17,0,-0.02,-0.10,0.00,28.30,17,17,0,468.01,463.00,475.00,24.10,17,0,0,0.50,0.50,0.50,28.02,17,17,0,0.12,0.10,0.20,28.74,17,17,0,1.08,1.00,1.10,28.49,17,17,0,0.24,0.20,0.30,28.04,17,17,0
951044,0.34,0.30,0.40,28.70,17,17,0,-0.01,-0.10,0.10,28.29,17,17,0,476.25,471.70,484.80,24.10,17,0,0,0.50,0.50,0.50,28.04,17,17,0,0.10,0.10,0.10,28.73,17,17,0,1.09,1.00,1.10,28.47,17,17,0,0.24,0.20,0.30,28.04,17,17,0
951544,0.35,0.30,0.40,28.69,17,17,0,-0.01,-0.10,0.10,28.30,17,17,0,485.15,479.10,490.60,24.08,17,0,0,0.50,0.50,0.50,28.02,17,17,0,0.11,0.10,0.20,28.74,17,17,0,1.09,1.00,1.10,28.45,17,17,0,0.22,0.20,0.30,28.06,17,17,0
952044,0.34,0.30,0.40,28.72,17,17,0,-0.02,-0.10,0.00,28.30,17,17,0,487.69,483.80,490.80,24.08,17,0,0,0.50,0.50,0.50,28.03,17,17,0,0.10,0.00,0.20,28.74,17,17,0,1.09,1.00,1.10,28.47,17,17,0,0.24,0.20,0.30,28.05,17,17,0
952544,0.35,0.30,0.40,28.71,17,17,0,-0.03,-0.10,0.10,28.29,17,17,0,487.30,482.40,490.60,24.08,17,0,0,0.51,0.50,0.60,28.04,17,17,0,0.11,0.10,0.20,28.75,17,17,0,1.09,1.00,1.10,28.48,17,17,0,0.22,0.20,0.30,28.04,17,17,0
953044,0.36,0.30,0.40,28.72,17,17,0,0.01,-0.10,0.10,28.28,17,17,0,484.50,479.70,492.50,24.08,17,0,0,0.49,0.40,0.50,28.03,17,17,0,0.10,0.10,0.10,28.73,17,17,0,1.09,1.00,1.10,28.48,17,17,0,0.24,0.20,0.30,28.04,17,17,0
953544,0.35,0.30,0.40,28.71,17,17,0,-0.02,-0.10,0.10,28.31,17,17,0,485.91,474.90,496.00,24.09,17,0,0,0.51,0.50,0.60,28.03,17,17,0,0.11,0.00,0.20,28.73,17,17,0,1.10,1.10,1.10,28.47,17,17,0,0.22,0.20,0.30,28.05,17,17,0
954046,0.35,0.30,0.40,28.69,17,17,0,-0.01,-0.10,0.10,28.31,17,17,0,488.87,481.30,494.50,24.09,17,0,0,0.50,0.50,0.50,28.03,17,17,0,0.11,0.10,0.20,28.75,17,17,0,1.09,1.00,1.10,28.48,17,17,0,0.24,0.20,0.30,28.03,17,17,0
954546,0.36,0.30,0.40,28.70,17,17,0,-0.04,-0.10,0.00,28.29,17,17,0,489.61,482.60,500.70,24.09,17,0,0,0.50,0.50,0.50,28.03,17,17,0,0.12,0.10,0.20,28.72,17,17,0,1.09,1.00,1.10,28.49,17,17,0,0.23,0.20,0.30,28.05,17,17,0
955046,0.35,0.30,0.40,28.72,17,17,0,-0.03,-0.10,0.00,28.29,17,17,0,495.65,486.30,506.70,24.07,17,0,0,0.50,0.50,0.50,28.03,17,17,0,0.11,0.10,0.20,28.74,17,17,0,1.08,1.00,1.10,28.48,17,17,0,0.24,0.20,0.30,28.04,17,17,0
955546,0.35,0.30,0.40,28.70,17,17,0,-0.01,-0.10,0.10,28.30,17,17,0,494.25,488.00,501.60,24.08,17,0,0,0.50,0.50,0.50,28.01,17,17,0,0.11,0.10,0.20,28.72,17,17,0,1.09,1.00,1.10,28.47,17,17,0,0.24,0.20,0.30,28.04,17,17,0
956046,0.36,0.30,0.40,28.70,17,17,0,-0.02,-0.10,0.10,28.30,17,17,0,489.82,483.20,497.40,24.06,17,0,0,0.50,0.50,0.50,28.03,17,17,0,0.09,0.00,0.10,28.75,17,17,0,1.09,1.00,1.10,28.48,17,17,0,0.24,0.20,0.30,28.03,17,17,0
956546,0.35,0.30,0.40,28.70,17,17,0,-0.01,-0.10,0.00,28.29,17,17,0,483.46,478.90,490.00,24.06,17,0,0,0.50,0.50,0.50,28.02,17,17,0,0.11,0.10,0.20,28.75,17,17,0,1.08,1.00,1.20,28.48,17,17,0,0.25,0.20,0.30,28.05,17,17,0
957046,0.34,0.30,0.40,28.70,17,17,0,-0.02,-0.10,0.10,28.29,17,17,0,482.21,476.70,486.30,24.08,17,0,0,0.50,0.50,0.50,28.02,17,17,0,0.12,0.10,0.20,28.74,17,17,0,1.09,1.00,1.10,28.47,17,17,0,0.24,0.20,0.30,28.02,17,17,0
957549,0.34,0.30,0.40,28.71,17,17,0,-0.01,-0.10,0.10,28.30,17,17,0,483.66,479.10,492.60,24.09,17,0,0,0.50,0.50,0.50,28.02,17,17,0,0.10,0.10,0.10,28.73,17,17,0,1.09,1.00,1.10,28.47,17,17,0,0.24,0.20,0.30,28.04,17,17,0
958049,0.36,0.30,0.40,28.68,17,17,0,0.01,-0.10,0.10,28.29,17,17,0,484.81,480.00,489.20,24.07,17,0,0,0.50,0.50,0.50,28.03,17,17,0,0.11,0.10,0.20,28.74,17,17,0,1.10,1.10,1.10,28.49,17,17,0,0.23,0.20,0.30,28.03,17,17,0
958556,0.35,0.30,0.40,28.71,17,17,0,0.01,-0.10,0.10,28.30,17,17,0,489.18,482.40,494.30,24.07,17,0,0,0.50,0.50,0.50,28.03,17,17,0,0.10,0.10,0.10,28.74,17,17,0,1.09,1.00,1.10,28.50,17,17,0,0.23,0.20,0.30,28.05,17,17,0
959056,0.37,0.30,0.40,28.70,17,17,0,-0.02,-0.10,0.10,28.28,17,17,0,490.69,484.90,495.90,24.06,17,0,0,0.50,0.50,0.50,28.03,17,17,0,0.11,0.10,0.20,28.74,17,17,0,1.09,1.00,1.10,28.47,17,17,0,0.22,0.20,0.30,28.05,17,17,0
959560,0.36,0.30,0.40,28.72,17,17,0,0.01,0.00,0.10,28.31,17,17,0,488.44,481.00,495.50,24.06,17,0,0,0.50,0.50,0.50,28.03,17,17,0,0.11,0.10,0.20,28.72,17,17,0,1.09,1.00,1.20,28.48,17,17,0,0.24,0.20,0.30,28.05,17,17,0
960060,0.38,0.30,0.40,28.70,16,16,0,-0.01,-0.10,0.10,28.30,16,16,0,482.60,476.90,489.50,24.08,16,0,0,0.50,0.50,0.50,28.03,16,16,0,0.11,0.10,0.20,28.74,16,16,0,1.09,1.00,1.10,28.48,16,16,0,0.23,0.20,0.30,28.04,16,16,0
960560,0.36,0.30,0.40,28.70,17,17,0,0.00,-0.10,0.10,28.31,17,17,0,479.79,474.90,486.90,24.08,17,0,0,0.50,0.50,0.50,28.02,17,17,0,0.11,0.10,0.20,28.73,17,17,0,1.08,1.00,1.10,28.47,17,17,0,0.24,0.20,0.30,28.05,17,17,0
961061,0.35,0.30,0.40,28.69,17,17,0,-0.02,-0.10,0.10,28.29,17,17,0,480.09,473.20,488.70,24.06,17,0,0,0.50,0.50,0.50,28.04,17,17,0,0.10,0.10,0.10,28.75,17,17,0,1.09,1.00,1.10,28.47,17,17,0,0.24,0.20,0.30,28.04,17,17,0
961565,0.35,0.30,0.40,28.70,17,17,0,-0.02,-0.10,0.10,28.30,17,17,0,482.80,478.50,490.50,24.07,17,0,0,0.50,0.50,0.50,28.02,17,17,0,0.11,0.10,0.20,28.72,17,17,0,1.09,1.00,1.10,28.48,17,17,0,0.24,0.20,0.30,28.03,17,17,0
962066,0.35,0.30,0.40,28.70,17,17,0,-0.01,-0.10,0.10,28.30,17,17,0,487.19,482.50,494.80,24.06,17,0,0,0.51,0.50,0.60,28.02,17,17,0,0.11,0.10,0.20,28.75,17,17,0,1.09,1.00,1.10,28.47,17,17,0,0.21,0.20,0.30,28.05,17,17,0
962566,0.35,0.30,0.40,28.70,17,17,0,-0.02,-0.10,0.10,28.30,17,17,0,489.86,484.90,495.30,24.08,17,0,0,0.51,0.50,0.60,28.03,17,17,0,0.12,0.10,0.20,28.74,17,17,0,1.09,1.00,1.10,28.48,17,17,0,0.23,0.20,0.30,28.05,17,17,0
963066,0.36,0.30,0.40,28.71,17,17,0,-0.01,-0.10,0.00,28.30,17,17,0,486.24,482.80,492.80,24.08,17,0,0,0.49,0.40,0.50,28.02,17,17,0,0.11,0.10,0.20,28.72,17,17,0,1.08,1.00,1.10,28.48,17,17,0,0.25,0.20,0.30,28.04,17,17,0
963566,0.34,0.30,0.40,28.71,17,17,0,-0.01,-0.10,0.10,28.31,17,17,0,477.99,474.10,482.10,24.07,17,0,0,0.50,0.50,0.50,28.04,17,17,0,0.11,0.00,0.20,28.75,17,17,0,1.08,1.00,1.10,28.48,17,17,0,0.24,0.20,0.30,28.05,17,17,0
964066,0.37,0.30,0.40,28.70,17,17,0,-0.04,-0.10,0.00,28.30,17,17,0,474.51,470.50,481.80,24.07,17,0,0,0.51,0.50,0.60,28.03,17,17,0,0.12,0.00,0.20,28.75,17,17,0,1.09,1.00,1.10,28.48,17,17,0,0.25,0.20,0.30,28.05,17,17,0
964572,0.36,0.30,0.40,28.72,17,17,0,0.00,-0.10,0.10,28.30,17,17,0,473.83,468.80,477.80,24.08,17,0,0,0.50,0.50,0.50,28.02,17,17,0,0.11,0.10,0.20,28.75,17,17,0,1.08,1.00,1.10,28.48,17,17,0,0.24,0.20,0.30,28.04,17,17,0
965075,0.38,0.30,0.40,28.70,17,17,0,-0.01,-0.10,0.10,28.31,17,17,0,475.07,470.40,480.50,24.08,17,0,0,0.50,0.50,0.50,28.04,17,17,0,0.10,0.00,0.20,28.74,17,17,0,1.08,1.00,1.10,28.47,17,17,0,0.22,0.20,0.30,28.05,17,17,0
965575,0.36,0.30,0.40,28.70,17,17,0,0.01,-0.10,0.10,28.30,17,17,0,479.08,472.70,487.60,24.08,17,0,0,0.50,0.50,0.50,28.01,17,17,0,0.11,0.10,0.20,28.75,17,17,0,1.09,1.00,1.20,28.48,17,17,0,0.23,0.20,0.30,28.05,17,17,0
966076,0.36,0.30,0.40,28.71,17,17,0,0.00,-0.10,0.10,28.31,17,17,0,484.98,478.40,491.60,24.09,17,0,0,0.51,0.50,0.60,28.02,17,17,0,0.11,0.10,0.20,28.75,17,17,0,1.09,1.00,1.10,28.48,17,17,0,0.26,0.20,0.30,28.05,17,17,0
966576,0.38,0.30,0.40,28.70,17,17,0,-0.03,-0.10,0.00,28.27,17,17,0,482.12,474.80,488.50,24.08,17,0,0,0.51,0.50,0.60,28.03,17,17,0,0.11,0.00,0.20,28.75,17,17,0,1.08,1.00,1.10,28.49,17,17,0,0.24,0.20,0.30,28.05,17,17,0
967083,0.35,0.30,0.40,28.70,17,17,0,-0.02,-0.10,0.10,28.30,17,17,0,476.59,470.70,480.00,24.07,17,0,0,0.50,0.50,0.50,28.03,17,17,0,0.11,0.10,0.20,28.75,17,17,0,1.09,1.00,1.20,28.50,17,17,0,0.25,0.20,0.30,28.04,17,17,0
967583,0.35,0.30,0.40,28.70,17,17,0,0.01,-0.10,0.10,28.31,17,17,0,472.99,468.70,479.90,24.08,17,0,0,0.50,0.50,0.50,28.04,17,17,0,0.11,0.10,0.20,28.74,17,17,0,1.09,1.00,1.10,28.48,17,17,0,0.25,0.20,0.30,28.05,17,17,0
968090,0.35,0.30,0.40,28.71,17,17,0,-0.01,-0.10,0.10,28.29,17,17,0,474.10,467.50,479.50,24.09,17,0,0,0.50,0.50,0.50,28.02,17,17,0,0.11,0.10,0.20,28.75,17,17,0,1.09,1.00,1.10,28.47,17,17,0,0.24,0.20,0.30,28.06,17,17,0
968590,0.35,0.30,0.40,28.72,17,17,0,-0.01,-0.10,0.10,28.30,17,17,0,477.79,473.80,483.10,24.07,17,0,0,0.50,0.50,0.50,28.03,17,17,0,0.10,0.00,0.20,28.75,17,17,0,1.10,1.10,1.10,28.49,17,17,0,0.25,0.20,0.30,28.05,17,17,0
969093,0.38,0.30,0.40,28.70,17,17,0,-0.04,-0.10,0.00,28.30,17,17,0,484.65,479.00,495.80,24.07,17,0,0,0.50,0.50,0.50,28.02,17,17,0,0.12,0.10,0.20,28.75,17,17,0,1.07,1.00,1.10,28.47,17,17,0,0.22,0.20,0.30,28.05,17,17,0
969600,0.36,0.30,0.40,28.69,17,17,0,-0.02,-0.10,0.10,28.30,17,17,0,488.42,484.30,493.30,24.09,17,0,0,0.51,0.50,0.60,28.03,17,17,0,0.10,0.10,0.10,28.74,17,17,0,1.08,1.00,1.10,28.47,17,17,0,0.26,0.20,0.30,28.05,17,17,0
970100,0.37,0.30,0.40,28.71,17,17,0,0.00,-0.10,0.10,28.30,17,17,0,484.75,475.10,494.80,24.08,17,0,0,0.51,0.50,0.60,28.03,17,17,0,0.10,0.10,0.10,28.73,17,17,0,1.10,1.10,1.10,28.47,17,17,0,0.25,0.20,0.30,28.05,17,17,0
970600,0.36,0.30,0.40,28.71,16,16,0,-0.03,-0.10,0.10,28.31,16,16,0,475.24,469.70,482.40,24.09,16,0,0,0.50,0.50,0.50,28.02,16,16,0,0.13,0.10,0.20,28.75,16,16,0,1.10,1.10,1.10,28.47,16,16,0,0.25,0.20,0.30,28.05,16,16,0
971100,0.35,0.30,0.40,28.72,17,17,0,-0.01,-0.10,0.10,28.29,17,17,0,469.01,464.30,476.80,24.09,17,0,0,0.50,0.50,0.50,28.04,17,17,0,0.11,0.10,0.20,28.74,17,17,0,1.09,1.00,1.10,28.48,17,17,0,0.22,0.20,0.30,28.04,17,17,0
971600,0.35,0.30,0.40,28.69,17,17,0,-0.01,-0.10,0.10,28.31,17,17,0,468.31,462.00,473.10,24.09,17,0,0,0.50,0.50,0.50,28.03,17,17,0,0.11,0.10,0.20,28.75,17,17,0,1.10,1.10,1.10,28.47,17,17,0,0.24,0.20,0.30,28.06,17,17,0
972100,0.35,0.30,0.40,28.71,17,17,0,-0.02,-0.10,0.00,28.29,17,17,0,468.97,464.40,473.70,24.10,17,0,0,0.50,0.50,0.50,28.03,17,17,0,0.11,0.10,0.20,28.75,17,17,0,1.09,1.00,1.10,28.48,17,17,0,0.23,0.20,0.30,28.05,17,17,0
972600,0.35,0.30,0.40,28.71,17,17,0,-0.01,-0.10,0.10,28.30,17,17,0,471.68,464.90,479.60,24.08,17,0,0,0.50,0.50,0.50,28.04,17,17,0,0.12,0.10,0.20,28.75,17,17,0,1.09,1.00,1.10,28.48,17,17,0,0.25,0.20,0.30,28.05,17,17,0
973100,0.35,0.30,0.40,28.69,17,17,0,0.00,-0.10,0.10,28.29,17,17,0,476.79,472.00,485.00,24.07,17,0,0,0.50,0.50,0.50,28.03,17,17,0,0.11,0.10,0.20,28.74,17,17,0,1.09,1.00,1.10,28.48,17,17,0,0.24,0.20,0.30,28.04,17,17,0
973600,0.34,0.30,0.40,28.70,17,17,0,-0.03,-0.10,0.10,28.30,17,17,0,471.82,465.80,479.20,24.09,17,0,0,0.50,0.50,0.50,28.02,17,17,0,0.12,0.10,0.20,28.74,17,17,0,1.08,1.00,1.10,28.47,17,17,0,0.25,0.20,0.30,28.05,17,17,0
974102,0.37,0.30,0.40,28.71,17,17,0,-0.02,-0.10,0.10,28.30,17,17,0,462.84,455.70,470.00,24.09,17,0,0,0.50,0.50,0.50,28.03,17,17,0,0.11,0.10,0.20,28.75,17,17,0,1.09,1.00,1.10,28.47,17,17,0,0.23,0.20,0.30,28.04,17,17,0
974606,0.35,0.30,0.40,28.71,17,17,0,-0.01,-0.10,0.10,28.30,17,17,0,455.52,450.40,466.00,24.08,17,0,0,0.49,0.40,0.50,28.02,17,17,0,0.11,0.10,0.20,28.74,17,17,0,1.10,1.10,1.10,28.49,17,17,0,0.23,0.20,0.30,28.06,17,17,0
975106,0.36,0.30,0.40,28.70,17,17,0,-0.02,-0.10,0.10,28.31,17,17,0,455.05,449.50,463.40,24.09,17,0,0,0.49,0.40,0.50,28.03,17,17,0,0.11,0.10,0.20,28.74,17,17,0,1.08,1.00,1.10,28.48,17,17,0,0.22,0.20,0.30,28.06,17,17,0
975606,0.37,0.30,0.40,28.70,17,17,0,0.01,-0.10,0.10,28.29,17,17,0,458.63,449.50,464.30,24.09,17,0,0,0.50,0.50,0.50,28.01,17,17,0,0.10,0.10,0.10,28.74,17,17,0,1.09,1.00,1.10,28.48,17,17,0,0.25,0.20,0.30,28.06,17,17,0
976106,0.38,0.30,0.40,28.71,17,17,0,-0.02,-0.10,0.10,28.32,17,17,0,463.69,459.50,468.30,24.09,17,0,0,0.50,0.50,0.50,28.04,17,17,0,0.10,0.10,0.10,28.73,17,17,0,1.09,1.00,1.10,28.48,17,17,0,0.22,0.20,0.30,28.04,17,17,0
976607,0.36,0.30,0.40,28.70,17,17,0,-0.04,-0.10,0.00,28.29,17,17,0,467.41,462.10,470.70,24.08,17,0,0,0.50,0.50,0.50,28.04,17,17,0,0.10,0.10,0.10,28.75,17,17,0,1.10,1.10,1.10,28.49,17,17,0,0.24,0.20,0.30,28.06,17,17,0
977119,0.37,0.30,0.40,28.72,18,18,0,-0.03,-0.10,0.10,28.31,18,18,0,461.51,456.80,467.00,24.09,18,0,0,0.50,0.50,0.50,28.03,18,18,0,0.10,0.10,0.10,28.74,18,18,0,1.09,1.00,1.10,28.48,18,18,0,0.22,0.20,0.30,28.04,18,18,0
977619,0.35,0.30,0.40,28.71,17,17,0,-0.01,-0.10,0.00,28.29,17,17,0,455.38,448.30,460.90,24.09,17,0,0,0.50,0.50,0.50,28.03,17,17,0,0.10,0.00,0.20,28.76,17,17,0,1.09,1.00,1.10,28.48,17,17,0,0.23,0.20,0.30,28.05,17,17,0
978119,0.35,0.30,0.40,28.72,17,17,0,-0.04,-0.10,0.10,28.29,17,17,0,449.02,443.70,454.10,24.10,17,0,0,0.50,0.50,0.50,28.03,17,17,0,0.10,0.10,0.10,28.73,17,17,0,1.10,1.10,1.10,28.48,17,17,0,0.24,0.20,0.30,28.04,17,17,0
978619,0.33,0.30,0.40,28.70,16,16,0,-0.03,-0.10,0.10,28.28,16,16,0,447.66,445.10,453.40,24.09,16,0,0,0.49,0.40,0.50,28.04,16,16,0,0.11,0.10,0.20,28.73,16,16,0,1.08,1.00,1.10,28.47,16,16,0,0.25,0.20,0.30,28.03,16,16,0
979119,0.36,0.30,0.40,28.71,17,17,0,-0.01,-0.10,0.10,28.29,17,17,0,449.01,442.40,457.60,24.09,17,0,0,0.50,0.50,0.50,28.04,17,17,0,0.11,0.10,0.20,28.74,17,17,0,1.09,1.00,1.10,28.49,17,17,0,0.22,0.20,0.30,28.07,17,17,0
979619,0.37,0.30,0.40,28.70,17,17,0,-0.03,-0.10,0.10,28.29,17,17,0,450.54,444.70,462.20,24.11,17,0,0,0.50,0.50,0.50,28.01,17,17,0,0.12,0.10,0.20,28.74,17,17,0,1.09,1.00,1.10,28.49,17,17,0,0.22,0.20,0.30,28.05,17,17,0
980119,0.35,0.30,0.40,28.71,17,17,0,0.00,-0.10,0.10,28.30,17,17,0,455.02,452.20,462.70,24.11,17,0,0,0.51,0.50,0.60,28.03,17,17,0,0.11,0.10,0.20,28.74,17,17,0,1.09,1.00,1.10,28.47,17,17,0,0.24,0.20,0.30,28.05,17,17,0
980619,0.36,0.30,0.40,28.71,17,17,0,-0.04,-0.10,0.10,28.29,17,17,0,453.27,448.40,461.10,24.09,17,0,0,0.51,0.50,0.60,28.01,17,17,0,0.11,0.10,0.20,28.75,17,17,0,1.08,1.00,1.10,28.49,17,17,0,0.22,0.20,0.30,28.05,17,17,0
981121,0.36,0.30,0.40,28.69,17,17,0,-0.01,-0.10,0.10,28.30,17,17,0,450.97,447.70,455.40,24.10,17,0,0,0.51,0.50,0.60,28.02,17,17,0,0.11,0.10,0.20,28.75,17,17,0,1.09,1.00,1.10,28.47,17,17,0,0.22,0.20,0.30,28.05,17,17,0
981621,0.35,0.30,0.40,28.72,17,17,0,-0.01,-0.10,0.10,28.30,17,17,0,446.93,441.60,452.00,24.11,17,0,0,0.50,0.50,0.50,28.04,17,17,0,0.11,0.10,0.20,28.73,17,17,0,1.08,1.00,1.10,28.48,17,17,0,0.21,0.20,0.30,28.05,17,17,0
982122,0.36,0.30,0.40,28.70,17,17,0,-0.02,-0.10,0.10,28.29,17,17,0,448.15,442.80,458.80,24.10,17,0,0,0.50,0.50,0.50,28.04,17,17,0,0.10,0.10,0.10,28.74,17,17,0,1.09,1.00,1.10,28.48,17,17,0,0.24,0.20,0.30,28.04,17,17,0
982622,0.36,0.30,0.40,28.71,17,17,0,0.01,-0.10,0.10,28.29,17,17,0,450.42,441.60,463.20,24.08,17,0,0,0.51,0.50,0.60,28.03,17,17,0,0.11,0.10,0.20,28.74,17,17,0,1.08,1.00,1.10,28.48,17,17,0,0.24,0.20,0.30,28.05,17,17,0
983122,0.36,0.30,0.40,28.70,17,17,0,-0.01,-0.10,0.10,28.30,17,17,0,452.80,445.90,463.50,24.11,17,0,0,0.50,0.50,0.50,28.03,17,17,0,0.11,0.10,0.20,28.73,17,17,0,1.09,1.00,1.10,28.48,17,17,0,0.22,0.20,0.30,28.05,17,17,0
983626,0.39,0.30,0.40,28.71,17,17,0,0.00,-0.10,0.10,28.30,17,17,0,457.34,451.30,468.40,24.10,17,0,0,0.50,0.50,0.50,28.02,17,17,0,0.10,0.10,0.10,28.75,17,17,0,1.10,1.00,1.20,28.49,17,17,0,0.23,0.20,0.30,28.04,17,17,0
984126,0.36,0.30,0.40,28.70,17,17,0,0.00,-0.10,0.10,28.30,17,17,0,455.17,448.30,462.60,24.09,17,0,0,0.51,0.50,0.60,28.04,17,17,0,0.11,0.10,0.20,28.75,17,17,0,1.10,1.10,1.10,28.48,17,17,0,0.21,0.20,0.30,28.06,17,17,0
984626,0.36,0.30,0.40,28.71,17,17,0,-0.01,-0.10,0.10,28.30,17,17,0,451.47,446.80,455.80,24.11,17,0,0,0.49,0.40,0.50,28.04,17,17,0,0.10,0.10,0.10,28.75,17,17,0,1.09,1.00,1.10,28.47,17,17,0,0.23,0.20,0.30,28.03,17,17,0
985126,0.36,0.30,0.40,28.71,17,17,0,0.01,-0.10,0.10,28.29,17,17,0,447.65,442.50,451.20,24.10,17,0,0,0.50,0.50,0.50,28.04,17,17,0,0.10,0.10,0.10,28.76,17,17,0,1.09,1.00,1.10,28.47,17,17,0,0.22,0.20,0.30,28.05,17,17,0
985626,0.37,0.30,0.40,28.69,17,17,0,0.00,-0.10,0.10,28.30,17,17,0,448.51,440.40,455.00,24.11,17,0,0,0.51,0.50,0.60,28.04,17,17,0,0.11,0.10,0.20,28.74,17,17,0,1.08,1.00,1.10,28.48,17,17,0,0.22,0.20,0.30,28.04,17,17,0
986126,0.36,0.30,0.40,28.70,17,17,0,-0.01,-0.10,0.10,28.29,17,17,0,449.65,445.40,457.90,24.08,17,0,0,0.51,0.50,0.60,28.02,17,17,0,0.10,0.10,0.10,28.75,17,17,0,1.09,1.00,1.10,28.46,17,17,0,0.23,0.20,0.30,28.05,17,17,0
986626,0.36,0.30,0.40,28.72,17,17,0,-0.03,-0.10,0.00,28.32,17,17,0,451.71,446.30,458.80,24.12,17,0,0,0.51,0.50,0.60,28.03,17,17,0,0.11,0.10,0.20,28.74,17,17,0,1.09,1.00,1.10,28.47,17,17,0,0.23,0.20,0.30,28.04,17,17,0
987126,0.36,0.30,0.40,28.69,17,17,0,0.01,-0.10,0.10,28.30,17,17,0,457.65,449.00,464.50,24.11,17,0,0,0.50,0.50,0.50,28.04,17,17,0,0.11,0.10,0.20,28.75,17,17,0,1.09,1.00,1.10,28.48,17,17,0,0.24,0.20,0.30,28.05,17,17,0
987626,0.38,0.30,0.40,28.71,17,17,0,-0.01,-0.10,0.00,28.29,17,17,0,456.47,442.90,468.30,24.11,17,0,0,0.50,0.50,0.50,28.03,17,17,0,0.11,0.10,0.20,28.73,17,17,0,1.09,1.00,1.10,28.46,17,17,0,0.21,0.20,0.30,28.05,17,17,0
988128,0.36,0.30,0.40,28.69,17,17,0,0.02,-0.10,0.10,28.30,17,17,0,454.28,443.00,470.30,24.08,17,0,0,0.51,0.50,0.60,28.03,17,17,0,0.10,0.10,0.10,28.74,17,17,0,1.09,1.00,1.10,28.48,17,17,0,0.22,0.20,0.30,28.04,17,17,0
988628,0.36,0.30,0.40,28.71,17,17,0,-0.02,-0.10,0.00,28.31,17,17,0,449.89,436.60,461.60,24.09,17,0,0,0.50,0.50,0.50,28.03,17,17,0,0.11,0.10,0.20,28.72,17,17,0,1.08,1.00,1.10,28.49,17,17,0,0.22,0.20,0.30,28.04,17,17,0
989128,0.36,0.30,0.40,28.71,17,17,0,-0.02,-0.10,0.10,28.30,17,17,0,448.31,432.10,461.80,24.09,17,0,0,0.49,0.40,0.50,28.04,17,17,0,0.10,0.10,0.10,28.72,17,17,0,1.08,1.00,1.10,28.47,17,17,0,0.23,0.20,0.30,28.04,17,17,0
989628,0.36,0.30,0.40,28.71,17,17,0,-0.03,-0.10,0.00,28.30,17,17,0,452.25,425.80,479.40,24.10,17,0,0,0.50,0.50,0.50,28.02,17,17,0,0.10,0.10,0.10,28.73,17,17,0,1.09,1.00,1.10,28.47,17,17,0,0.22,0.20,0.30,28.05,17,17,0
990128,0.34,0.30,0.40,28.71,17,17,0,-0.03,-0.10,0.00,28.30,17,17,0,457.58,439.30,480.00,24.09,17,0,0,0.49,0.40,0.50,28.03,17,17,0,0.11,0.10,0.20,28.74,17,17,0,1.08,1.00,1.10,28.47,17,17,0,0.22,0.20,0.30,28.04,17,17,0
990631,0.36,0.30,0.40,28.69,17,17,0,-0.01,-0.10,0.00,28.30,17,17,0,465.04,452.20,474.00,24.09,17,0,0,0.50,0.50,0.50,28.04,17,17,0,0.10,0.10,0.10,28.75,17,17,0,1.10,1.10,1.10,28.47,17,17,0,0.23,0.20,0.30,28.04,17,17,0
991131,0.35,0.30,0.40,28.71,17,17,0,-0.01,-0.10,0.10,28.30,17,17,0,462.48,457.00,467.00,24.11,17,0,0,0.50,0.50,0.50,28.04,17,17,0,0.11,0.10,0.20,28.74,17,17,0,1.09,1.00,1.10,28.46,17,17,0,0.24,0.20,0.30,28.04,17,17,0
991631,0.34,0.30,0.40,28.71,17,17,0,-0.01,-0.10,0.10,28.28,17,17,0,460.30,455.00,466.90,24.09,17,0,0,0.50,0.50,0.50,28.05,17,17,0,0.10,0.10,0.10,28.74,17,17,0,1.10,1.10,1.10,28.47,17,17,0,0.22,0.10,0.30,28.06,17,17,0
992131,0.36,0.30,0.40,28.71,17,17,0,-0.01,-0.10,0.10,28.30,17,17,0,457.19,452.80,461.70,24.11,17,0,0,0.50,0.50,0.50,28.03,17,17,0,0.11,0.10,0.20,28.73,17,17,0,1.09,1.00,1.10,28.48,17,17,0,0.22,0.20,0.30,28.06,17,17,0
992631,0.38,0.30,0.40,28.71,17,17,0,-0.05,-0.10,0.00,28.29,17,17,0,458.48,454.80,462.80,24.09,17,0,0,0.50,0.50,0.50,28.02,17,17,0,0.11,0.10,0.20,28.76,17,17,0,1.09,1.00,1.10,28.47,17,17,0,0.24,0.20,0.30,28.04,17,17,0
993132,0.35,0.30,0.40,28.71,17,17,0,-0.02,-0.10,0.10,28.30,17,17,0,463.79,458.00,475.50,24.12,17,0,0,0.50,0.50,0.50,28.02,17,17,0,0.11,0.10,0.20,28.73,17,17,0,1.08,1.00,1.10,28.47,17,17,0,0.23,0.20,0.30,28.04,17,17,0
993636,0.36,0.30,0.40,28.72,17,17,0,-0.02,-0.10,0.10,28.30,17,17,0,470.74,463.90,476.20,24.08,17,0,0,0.50,0.50,0.50,28.05,17,17,0,0.11,0.10,0.20,28.75,17,17,0,1.09,1.00,1.10,28.46,17,17,0,0.22,0.20,0.30,28.05,17,17,0
994137,0.35,0.30,0.40,28.71,17,17,0,-0.02,-0.10,0.00,28.30,17,17,0,478.52,472.40,490.70,24.10,17,0,0,0.50,0.50,0.50,28.02,17,17,0,0.11,0.10,0.20,28.74,17,17,0,1.09,1.00,1.10,28.47,17,17,0,0.23,0.20,0.30,28.05,17,17,0
994637,0.36,0.30,0.40,28.72,17,17,0,-0.01,-0.10,0.10,28.30,17,17,0,477.44,468.20,483.70,24.07,17,0,0,0.50,0.50,0.50,28.02,17,17,0,0.11,0.10,0.20,28.73,17,17,0,1.09,1.00,1.10,28.47,17,17,0,0.21,0.20,0.30,28.06,17,17,0
995137,0.35,0.30,0.40,28.71,17,17,0,-0.03,-0.10,0.00,28.30,17,17,0,470.92,459.90,480.80,24.10,17,0,0,0.51,0.50,0.60,28.03,17,17,0,0.10,0.10,0.10,28.74,17,17,0,1.09,1.00,1.10,28.48,17,17,0,0.22,0.20,0.30,28.05,17,17,0
995637,0.34,0.30,0.40,28.70,17,17,0,-0.01,-0.10,0.10,28.30,17,17,0,463.47,455.20,468.80,24.10,17,0,0,0.50,0.50,0.50,28.03,17,17,0,0.11,0.10,0.20,28.73,17,17,0,1.09,1.00,1.10,28.46,17,17,0,0.22,0.20,0.30,28.05,17,17,0
996137,0.37,0.30,0.40,28.72,17,17,0,-0.02,-0.10,0.00,28.30,17,17,0,461.48,455.30,466.50,24.10,17,0,0,0.50,0.50,0.50,28.02,17,17,0,0.11,0.10,0.20,28.75,17,17,0,1.10,1.10,1.10,28.48,17,17,0,0.23,0.20,0.30,28.07,17,17,0
996638,0.36,0.30,0.40,28.71,17,17,0,-0.02,-0.10,0.00,28.28,17,17,0,464.02,456.70,468.30,24.08,17,0,0,0.50,0.50,0.50,28.03,17,17,0,0.10,0.10,0.10,28.74,17,17,0,1.10,1.10,1.10,28.48,17,17,0,0.22,0.20,0.30,28.05,17,17,0
997138,0.35,0.30,0.40,28.71,17,17,0,-0.01,-0.10,0.10,28.30,17,17,0,467.88,462.90,472.70,24.10,17,0,0,0.51,0.50,0.60,28.02,17,17,0,0.10,0.00,0.20,28.74,17,17,0,1.09,1.00,1.10,28.46,17,17,0,0.21,0.20,0.30,28.06,17,17,0
997638,0.35,0.30,0.40,28.73,16,16,0,0.00,-0.10,0.10,28.31,16,16,0,472.78,466.90,479.20,24.08,16,0,0,0.50,0.50,0.50,28.04,16,16,0,0.11,0.10,0.20,28.74,16,16,0,1.09,1.00,1.10,28.48,16,16,0,0.22,0.20,0.30,28.05,16,16,0
998141,0.36,0.30,0.40,28.71,17,17,0,-0.02,-0.10,0.10,28.31,17,17,0,471.44,464.30,478.90,24.09,17,0,0,0.50,0.50,0.50,28.04,17,17,0,0.10,0.10,0.10,28.74,17,17,0,1.08,1.00,1.10,28.47,17,17,0,0.23,0.20,0.30,28.05,17,17,0
998642,0.38,0.30,0.40,28.72,17,17,0,-0.02,-0.10,0.00,28.30,17,17,0,463.25,457.60,471.80,24.10,17,0,0,0.50,0.50,0.50,28.05,17,17,0,0.12,0.10,0.20,28.72,17,17,0,1.09,1.00,1.20,28.47,17,17,0,0.24,0.20,0.30,28.07,17,17,0
999142,0.36,0.30,0.40,28.70,17,17,0,-0.01,-0.10,0.10,28.30,17,17,0,459.76,452.50,465.70,24.08,17,0,0,0.50,0.50,0.50,28.02,17,17,0,0.09,0.00,0.10,28.75,17,17,0,1.09,1.00,1.10,28.47,17,17,0,0.25,0.20,0.30,28.05,17,17,0
999642,0.36,0.30,0.40,28.71,17,17,0,0.01,-0.10,0.10,28.31,17,17,0,458.87,452.90,463.70,24.09,17,0,0,0.50,0.50,0.50,28.03,17,17,0,0.11,0.10,0.20,28.72,17,17,0,1.09,1.00,1.10,28.48,17,17,0,0.25,0.20,0.30,28.06,17,17,0
1000143,0.36,0.30,0.40,28.71,17,17,0,-0.01,-0.10,0.10,28.29,17,17,0,461.48,455.90,465.90,24.10,17,0,0,0.49,0.40,0.50,28.02,17,17,0,0.11,0.10,0.20,28.75,17,17,0,1.08,1.00,1.10,28.48,17,17,0,0.22,0.20,0.30,28.05,17,17,0
1000647,0.36,0.30,0.40,28.70,17,17,0,-0.01,-0.10,0.10,28.28,17,17,0,466.96,461.80,470.80,24.09,17,0,0,0.50,0.50,0.50,28.03,17,17,0,0.10,0.10,0.10,28.74,17,17,0,1.09,1.00,1.10,28.47,17,17,0,0.24,0.20,0.30,28.05,17,17,0
1001147,0.36,0.30,0.40,28.71,17,17,0,-0.01,-0.10,0.10,28.30,17,17,0,471.04,466.50,477.90,24.08,17,0,0,0.50,0.50,0.50,28.04,17,17,0,0.11,0.10,0.20,28.74,17,17,0,1.09,1.00,1.10,28.46,17,17,0,0.21,0.20,0.30,28.06,17,17,0
1001647,0.35,0.30,0.40,28.70,17,17,0,-0.02,-0.10,0.10,28.29,17,17,0,470.12,465.50,476.10,24.09,17,0,0,0.50,0.50,0.50,28.03,17,17,0,0.11,0.10,0.20,28.75,17,17,0,1.10,1.10,1.10,28.48,17,17,0,0.25,0.20,0.30,28.06,17,17,0
1002147,0.37,0.30,0.40,28.70,17,17,0,-0.02,-0.10,0.00,28.29,17,17,0,458.77,451.80,466.10,24.09,17,0,0,0.50,0.50,0.50,28.04,17,17,0,0.11,0.10,0.20,28.74,17,17,0,1.08,1.00,1.10,28.49,17,17,0,0.23,0.20,0.30,28.06,17,17,0
1002647,0.35,0.30,0.40,28.72,17,17,0,-0.02,-0.10,0.10,28.29,17,17,0,452.92,444.90,458.60,24.09,17,0,0,0.50,0.50,0.50,28.04,17,17,0,0.11,0.10,0.20,28.75,17,17,0,1.08,1.00,1.10,28.46,17,17,0,0.25,0.20,0.30,28.05,17,17,0
1003159,0.34,0.30,0.40,28.71,18,18,0,-0.02,-0.10,0.10,28.29,18,18,0,451.15,446.40,459.00,24.09,18,0,0,0.50,0.50,0.50,28.03,18,18,0,0.11,0.10,0.20,28.74,18,18,0,1.07,1.00,1.20,28.48,18,18,0,0.25,0.20,0.30,28.05,18,18,0
1003662,0.36,0.30,0.40,28.69,17,17,0,-0.02,-0.10,0.00,28.30,17,17,0,452.74,448.30,460.90,24.10,17,0,0,0.50,0.50,0.50,28.03,17,17,0,0.11,0.10,0.20,28.75,17,17,0,1.09,1.00,1.10,28.48,17,17,0,0.24,0.20,0.30,28.06,17,17,0
1004162,0.34,0.30,0.40,28.70,17,17,0,0.00,-0.10,0.10,28.29,17,17,0,462.04,456.40,469.20,24.09,17,0,0,0.50,0.40,0.60,28.03,17,17,0,0.11,0.10,0.20,28.74,17,17,0,1.09,1.00,1.10,28.47,17,17,0,0.22,0.20,0.30,28.04,17,17,0
1004669,0.36,0.30,0.40,28.70,17,17,0,-0.02,-0.10,0.10,28.28,17,17,0,469.32,465.30,473.80,24.08,17,0,0,0.50,0.50,0.50,28.03,17,17,0,0.10,0.10,0.10,28.75,17,17,0,1.09,1.00,1.10,28.48,17,17,0,0.23,0.20,0.30,28.04,17,17,0
1005173,0.34,0.30,0.40,28.71,17,17,0,-0.01,-0.10,0.10,28.30,17,17,0,470.51,466.50,477.70,24.09,17,0,0,0.49,0.40,0.50,28.04,17,17,0,0.09,0.00,0.10,28.73,17,17,0,1.10,1.10,1.10,28.47,17,17,0,0.24,0.20,0.30,28.04,17,17,0
1005674,0.36,0.30,0.40,28.70,17,17,0,0.00,-0.10,0.10,28.30,17,17,0,462.58,455.20,472.90,24.10,17,0,0,0.50,0.50,0.50,28.04,17,17,0,0.11,0.10,0.20,28.72,17,17,0,1.08,1.00,1.10,28.48,17,17,0,0.24,0.20,0.30,28.06,17,17,0
1006178,0.36,0.30,0.40,28.70,17,17,0,-0.04,-0.10,0.00,28.27,17,17,0,455.68,448.10,461.50,24.10,17,0,0,0.51,0.50,0.60,28.02,17,17,0,0.11,0.10,0.20,28.74,17,17,0,1.09,1.00,1.10,28.48,17,17,0,0.22,0.20,0.30,28.04,17,17,0
1006681,0.35,0.30,0.40,28.70,17,17,0,-0.01,-0.10,0.10,28.29,17,17,0,452.31,447.40,459.30,24.09,17,0,0,0.50,0.50,0.50,28.03,17,17,0,0.11,0.10,0.20,28.73,17,17,0,1.09,1.00,1.10,28.46,17,17,0,0.23,0.20,0.30,28.03,17,17,0
1007182,0.36,0.30,0.40,28.71,17,17,0,-0.02,-0.10,0.10,28.30,17,17,0,452.96,448.30,459.70,24.11,17,0,0,0.50,0.50,0.50,28.03,17,17,0,0.11,0.10,0.20,28.75,17,17,0,1.07,1.00,1.10,28.47,17,17,0,0.22,0.20,0.30,28.05,17,17,0
1007682,0.37,0.30,0.40,28.69,17,17,0,0.01,-0.10,0.10,28.28,17,17,0,461.59,454.80,468.20,24.10,17,0,0,0.50,0.50,0.50,28.02,17,17,0,0.11,0.10,0.20,28.73,17,17,0,1.09,1.00,1.10,28.47,17,17,0,0.22,0.20,0.30,28.05,17,17,0
1008183,0.35,0.30,0.40,28.68,17,17,0,-0.02,-0.10,0.10,28.29,17,17,0,468.81,459.70,475.50,24.09,17,0,0,0.50,0.50,0.50,28.02,17,17,0,0.10,0.10,0.10,28.74,17,17,0,1.09,1.00,1.10,28.47,17,17,0,0.24,0.20,0.30,28.06,17,17,0
1008686,0.34,0.30,0.40,28.69,17,17,0,-0.01,-0.10,0.00,28.30,17,17,0,470.39,463.00,476.30,24.10,17,0,0,0.49,0.40,0.50,28.03,17,17,0,0.12,0.10,0.20,28.73,17,17,0,1.08,1.00,1.10,28.46,17,17,0,0.21,0.20,0.30,28.05,17,17,0
1009187,0.35,0.30,0.40,28.70,17,17,0,0.01,-0.10,0.10,28.28,17,17,0,463.90,451.70,474.00,24.08,17,0,0,0.50,0.50,0.50,28.03,17,17,0,0.10,0.00,0.20,28.74,17,17,0,1.10,1.10,1.10,28.47,17,17,0,0.22,0.20,0.30,28.06,17,17,0
1009691,0.34,0.30,0.40,28.71,17,17,0,-0.02,-0.10,0.00,28.30,17,17,0,456.57,450.70,461.30,24.09,17,0,0,0.50,0.50,0.50,28.03,17,17,0,0.11,0.10,0.20,28.73,17,17,0,1.08,1.00,1.10,28.48,17,17,0,0.22,0.20,0.30,28.04,17,17,0
1010195,0.37,0.30,0.40,28.69,17,17,0,-0.01,-0.10,0.10,28.28,17,17,0,454.01,449.20,457.60,24.08,17,0,0,0.50,0.50,0.50,28.03,17,17,0,0.10,0.00,0.20,28.73,17,17,0,1.07,1.00,1.10,28.47,17,17,0,0.23,0.20,0.30,28.04,17,17,0
1010703,0.34,0.30,0.40,28.69,17,17,0,-0.02,-0.10,0.00,28.27,17,17,0,454.59,450.60,459.90,24.11,17,0,0,0.50,0.50,0.50,28.03,17,17,0,0.10,0.10,0.10,28.75,17,17,0,1.10,1.10,1.10,28.48,17,17,0,0.22,0.20,0.30,28.05,17,17,0
1011203,0.32,0.30,0.40,28.70,17,17,0,0.01,-0.10,0.10,28.28,17,17,0,459.88,451.00,464.50,24.10,17,0,0,0.50,0.50,0.50,28.02,17,17,0,0.10,0.10,0.10,28.75,17,17,0,1.08,1.00,1.10,28.47,17,17,0,0.24,0.20,0.30,28.05,17,17,0
1011704,0.34,0.30,0.40,28.70,17,17,0,-0.02,-0.10,0.00,28.29,17,17,0,329.67,225.90,465.40,24.11,17,0,0,0.50,0.50,0.50,28.02,17,17,0,0.11,0.00,0.20,28.73,17,17,0,1.09,1.00,1.10,28.47,17,17,0,0.21,0.20,0.30,28.05,17,17,0
1012204,0.33,0.30,0.40,28.70,17,17,0,-0.01,-0.10,0.10,28.29,17,17,0,157.80,117.50,212.80,24.26,17,0,0,0.49,0.40,0.50,28.02,17,17,0,0.11,0.10,0.20,28.75,17,17,0,1.09,1.00,1.10,28.48,17,17,0,0.21,0.20,0.30,28.06,17,17,0
1012704,0.34,0.30,0.40,28.70,17,17,0,-0.01,-0.10,0.10,28.29,17,17,0,104.36,92.30,116.80,24.42,17,0,0,0.49,0.40,0.50,28.02,17,17,0,0.11,0.10,0.20,28.74,17,17,0,1.08,1.00,1.10,28.46,17,17,0,0.24,0.20,0.30,28.05,17,17,0
1013204,0.35,0.30,0.40,28.71,17,17,0,0.01,-0.10,0.10,28.29,17,17,0,78.34,68.40,89.90,24.52,17,0,0,0.49,0.40,0.50,28.03,17,17,0,0.10,0.10,0.10,28.75,17,17,0,1.09,1.00,1.10,28.48,17,17,0,0.24,0.20,0.30,28.05,17,17,0
1013707,0.35,0.30,0.40,28.70,17,17,0,-0.03,-0.10,0.00,28.30,17,17,0,56.85,50.00,65.00,24.65,17,0,0,0.50,0.50,0.50,28.04,17,17,0,0.11,0.10,0.20,28.75,17,17,0,1.09,1.00,1.10,28.48,17,17,0,0.22,0.20,0.30,28.05,17,17,0
1014208,0.38,0.30,0.40,28.70,17,17,0,-0.03,-0.10,0.00,28.28,17,17,0,42.26,37.40,48.50,24.79,17,0,0,0.50,0.50,0.50,28.00,17,17,0,0.10,0.10,0.10,28.75,17,17,0,1.09,1.00,1.10,28.47,17,17,0,0.21,0.20,0.30,28.05,17,17,0
1014708,0.36,0.30,0.40,28.71,17,17,0,-0.02,-0.10,0.10,28.28,17,17,0,32.72,29.60,36.00,24.90,17,0,0,0.51,0.50,0.60,28.01,17,17,0,0.10,0.10,0.10,28.74,17,17,0,1.09,1.00,1.10,28.47,17,17,0,0.25,0.20,0.30,28.04,17,17,0
1015208,0.38,0.30,0.40,28.71,17,17,0,-0.04,-0.10,0.00,28.29,17,17,0,26.02,23.20,29.10,25.02,17,0,0,0.50,0.50,0.50,28.01,17,17,0,0.11,0.10,0.20,28.71,17,17,0,1.09,1.00,1.10,28.48,17,17,0,0.21,0.20,0.30,28.04,17,17,0
1015719,0.36,0.30,0.40,28.71,18,18,0,-0.03,-0.10,0.10,28.28,18,18,0,21.60,19.70,23.80,25.13,18,0,0,0.51,0.50,0.60,28.04,18,18,0,0.11,0.10,0.20,28.74,18,18,0,1.10,1.10,1.10,28.48,18,18,0,0.23,0.20,0.30,28.04,18,18,0
1016219,0.36,0.30,0.40,28.70,17,17,0,0.01,-0.10,0.10,28.29,17,17,0,16.71,14.00,19.90,25.21,17,0,0,0.49,0.40,0.50,28.02,17,17,0,0.12,0.10,0.20,28.75,17,17,0,1.10,1.00,1.20,28.47,17,17,0,0.25,0.20,0.30,28.04,17,17,0
1016719,0.33,0.30,0.40,28.70,16,16,0,-0.01,-0.10,0.10,28.28,16,16,0,13.03,12.40,13.80,25.34,16,0,0,0.50,0.50,0.50,28.02,16,16,0,0.10,0.10,0.10,28.74,16,16,0,1.08,1.00,1.10,28.46,16,16,0,0.23,0.20,0.30,28.06,16,16,0
1017221,0.35,0.30,0.40,28.69,17,17,0,0.01,0.00,0.10,28.29,17,17,0,11.55,10.80,12.30,25.41,17,0,0,0.50,0.50,0.50,28.04,17,17,0,0.12,0.10,0.20,28.74,17,17,0,1.10,1.10,1.10,28.46,17,17,0,0.23,0.20,0.30,28.05,17,17,0
1017721,0.35,0.30,0.40,28.72,17,17,0,0.01,-0.10,0.10,28.29,17,17,0,10.20,9.60,10.90,25.50,17,0,0,0.50,0.50,0.50,28.02,17,17,0,0.11,0.00,0.20,28.76,17,17,0,1.09,1.00,1.10,28.47,17,17,0,0.22,0.20,0.30,28.05,17,17,0
1018221,0.37,0.30,0.40,28.70,17,17,0,0.01,-0.10,0.10,28.29,17,17,0,9.21,8.80,9.70,25.57,17,0,0,0.50,0.50,0.50,28.03,17,17,0,0.11,0.10,0.20,28.75,17,17,0,1.09,1.00,1.10,28.47,17,17,0,0.21,0.20,0.30,28.06,17,17,0
1018721,0.35,0.30,0.40,28.70,17,17,0,0.00,-0.10,0.10,28.28,17,17,0,8.04,7.50,8.80,25.64,17,0,0,0.50,0.50,0.50,28.01,17,17,0,0.11,0.10,0.20,28.76,17,17,0,1.08,1.00,1.10,28.49,17,17,0,0.22,0.20,0.30,28.05,17,17,0
1019221,0.34,0.30,0.40,28.72,17,17,0,0.01,-0.10,0.10,28.29,17,17,0,7.26,6.50,8.00,25.69,17,0,0,0.50,0.50,0.50,28.04,17,17,0,0.10,0.10,0.10,28.74,17,17,0,1.07,1.00,1.10,28.48,17,17,0,0.24,0.20,0.30,28.07,17,17,0
1019721,0.36,0.30,0.40,28.70,18,18,0,0.01,-0.10,0.10,28.27,18,18,0,6.57,6.00,7.20,25.75,18,0,0,0.50,0.50,0.50,28.03,18,18,0,0.12,0.10,0.20,28.74,18,18,0,1.08,1.00,1.10,28.46,18,18,0,0.23,0.20,0.30,28.06,18,18,0
1020233,0.35,0.30,0.40,28.72,17,17,0,0.00,-0.10,0.10,28.28,17,17,0,6.16,5.60,6.60,25.79,17,0,0,0.50,0.50,0.50,28.02,17,17,0,0.10,0.10,0.10,28.74,17,17,0,1.10,1.10,1.10,28.48,17,17,0,0.23,0.20,0.30,28.06,17,17,0
1020743,0.34,0.30,0.40,28.71,18,18,0,-0.03,-0.10,0.10,28.30,18,18,0,5.59,5.20,5.90,25.83,18,0,0,0.50,0.50,0.50,28.02,18,18,0,0.11,0.00,0.20,28.74,18,18,0,1.09,1.00,1.10,28.47,18,18,0,0.22,0.20,0.30,28.06,18,18,0
1021244,0.36,0.30,0.40,28.70,17,17,0,-0.04,-0.10,0.00,28.29,17,17,0,5.40,4.90,5.90,25.86,17,0,0,0.50,0.50,0.50,28.04,17,17,0,0.10,0.00,0.20,28.75,17,17,0,1.09,1.00,1.10,28.48,17,17,0,0.22,0.20,0.30,28.05,17,17,0
1021744,0.39,0.30,0.40,28.71,17,17,0,0.02,-0.10,0.10,28.29,17,17,0,4.72,4.10,5.20,25.92,17,0,0,0.49,0.40,0.50,28.02,17,17,0,0.11,0.10,0.20,28.74,17,17,0,1.09,1.00,1.10,28.48,17,17,0,0.23,0.20,0.30,28.07,17,17,0
1022244,0.38,0.30,0.40,28.71,17,17,0,-0.03,-0.10,0.10,28.28,17,17,0,4.14,3.70,4.60,25.94,17,0,0,0.50,0.50,0.50,28.03,17,17,0,0.11,0.10,0.20,28.75,17,17,0,1.10,1.10,1.10,28.47,17,17,0,0.24,0.20,0.30,28.05,17,17,0
1022744,0.35,0.30,0.40,28.70,17,17,0,-0.01,-0.10,0.10,28.30,17,17,0,3.56,3.10,3.80,25.98,17,0,0,0.51,0.50,0.60,28.03,17,17,0,0.09,0.00,0.10,28.74,17,17,0,1.09,1.00,1.10,28.47,17,17,0,0.21,0.20,0.30,28.05,17,17,0
1023244,0.35,0.30,0.40,28.72,17,17,0,-0.02,-0.10,0.10,28.29,17,17,0,3.14,2.80,3.70,26.01,17,0,0,0.50,0.40,0.60,28.03,17,17,0,0.11,0.10,0.20,28.74,17,17,0,1.09,1.00,1.10,28.47,17,17,0,0.22,0.20,0.30,28.07,17,17,0
1023744,0.37,0.30,0.40,28.71,17,17,0,-0.01,-0.10,0.10,28.31,17,17,0,2.78,2.50,3.20,26.05,17,0,0,0.50,0.50,0.50,28.03,17,17,0,0.12,0.10,0.20,28.75,17,17,0,1.09,1.00,1.10,28.46,17,17,0,0.22,0.20,0.30,28.05,17,17,0
1024254,0.36,0.30,0.40,28.73,18,18,0,-0.03,-0.10,0.10,28.31,18,18,0,2.73,2.20,3.10,26.05,18,0,0,0.50,0.50,0.50,28.03,18,18,0,0.11,0.10,0.20,28.74,18,18,0,1.08,1.00,1.10,28.47,18,18,0,0.23,0.20,0.30,28.06,18,18,0
1024754,0.35,0.30,0.40,28.71,17,17,0,-0.02,-0.10,0.10,28.29,17,17,0,2.41,2.00,2.80,26.09,17,0,0,0.50,0.50,0.50,28.04,17,17,0,0.09,0.00,0.10,28.73,17,17,0,1.09,1.00,1.10,28.49,17,17,0,0.24,0.20,0.30,28.06,17,17,0
1025254,0.36,0.30,0.40,28.72,17,17,0,-0.02,-0.10,0.10,28.28,17,17,0,2.25,1.90,2.80,26.13,17,0,0,0.50,0.50,0.50,28.03,17,17,0,0.11,0.10,0.20,28.74,17,17,0,1.07,1.00,1.10,28.48,17,17,0,0.24,0.20,0.30,28.06,17,17,0
1025754,0.36,0.30,0.40,28.71,17,17,0,-0.02,-0.10,0.00,28.29,17,17,0,2.01,1.50,2.40,26.13,17,0,0,0.50,0.50,0.50,28.02,17,17,0,0.11,0.10,0.20,28.76,17,17,0,1.08,1.00,1.10,28.47,17,17,0,0.25,0.20,0.30,28.06,17,17,0
1026254,0.37,0.30,0.40,28.73,18,18,0,-0.03,-0.10,0.00,28.27,18,18,0,2.13,1.30,7.00,26.15,18,0,0,0.51,0.50,0.60,28.05,18,18,0,0.11,0.10,0.20,28.74,18,18,0,1.08,1.00,1.10,28.47,18,18,0,0.23,0.20,0.30,28.05,18,18,0
1026762,0.35,0.30,0.40,28.72,17,17,0,-0.04,-0.10,0.00,28.29,17,17,0,1.74,-1.60,3.80,26.18,17,0,0,0.51,0.50,0.60,28.03,17,17,0,0.11,0.10,0.20,28.74,17,17,0,1.10,1.10,1.10,28.46,17,17,0,0.22,0.20,0.30,28.06,17,17,0
1027262,0.36,0.30,0.40,28.72,17,17,0,-0.02,-0.10,0.10,28.30,17,17,0,1.68,0.70,2.60,26.20,17,0,0,0.49,0.40,0.50,28.03,17,17,0,0.11,0.10,0.20,28.74,17,17,0,1.09,1.00,1.10,28.48,17,17,0,0.24,0.20,0.30,28.06,17,17,0
1027762,0.37,0.30,0.40,28.71,18,18,0,-0.03,-0.10,0.10,28.29,18,18,0,1.63,-0.40,3.10,26.22,18,0,0,0.50,0.50,0.50,28.03,18,18,0,0.10,0.10,0.10,28.76,18,18,0,1.09,1.00,1.10,28.45,18,18,0,0.24,0.20,0.30,28.06,18,18,0
1028265,0.36,0.30,0.40,28.73,17,17,0,-0.02,-0.10,0.00,28.28,17,17,0,1.16,-1.40,4.10,26.25,17,0,0,0.50,0.50,0.50,28.03,17,17,0,0.11,0.10,0.20,28.75,17,17,0,1.09,1.00,1.10,28.47,17,17,0,0.22,0.20,0.30,28.07,17,17,0
1028765,0.38,0.30,0.40,28.73,17,17,0,-0.01,-0.10,0.10,28.28,17,17,0,1.01,-0.50,3.00,26.27,17,0,0,0.49,0.40,0.50,28.03,17,17,0,0.10,0.10,0.10,28.76,17,17,0,1.08,1.00,1.10,28.47,17,17,0,0.24,0.20,0.30,28.04,17,17,0
1029265,0.37,0.30,0.40,28.71,18,18,0,-0.01,-0.10,0.10,28.28,18,18,0,1.09,-0.20,2.10,26.29,18,0,0,0.50,0.50,0.50,28.03,18,18,0,0.10,0.10,0.10,28.74,18,18,0,1.09,1.00,1.10,28.48,18,18,0,0.24,0.20,0.30,28.06,18,18,0
1029771,0.38,0.30,0.40,28.71,17,17,0,-0.01,-0.10,0.00,28.29,17,17,0,1.43,0.80,1.90,26.31,17,0,0,0.50,0.50,0.50,28.04,17,17,0,0.11,0.10,0.20,28.74,17,17,0,1.09,1.00,1.10,28.47,17,17,0,0.22,0.20,0.30,28.06,17,17,0
1030284,0.36,0.30,0.40,28.72,18,18,0,-0.02,-0.10,0.10,28.29,18,18,0,1.68,1.00,2.60,26.31,18,0,0,0.50,0.50,0.50,28.03,18,18,0,0.11,0.10,0.20,28.74,18,18,0,1.09,1.00,1.10,28.47,18,18,0,0.22,0.20,0.30,28.05,18,18,0
1030784,0.36,0.30,0.40,28.72,17,17,0,0.00,-0.10,0.10,28.28,17,17,0,1.86,1.40,2.30,26.33,17,0,0,0.50,0.50,0.50,28.03,17,17,0,0.11,0.10,0.20,28.75,17,17,0,1.08,1.00,1.10,28.47,17,17,0,0.21,0.20,0.30,28.04,17,17,0
1031284,0.37,0.30,0.40,28.71,17,17,0,-0.02,-0.10,0.10,28.28,17,17,0,1.93,1.60,2.20,26.34,17,0,0,0.51,0.50,0.60,28.04,17,17,0,0.11,0.10,0.20,28.75,17,17,0,1.10,1.10,1.10,28.46,17,17,0,0.22,0.20,0.30,28.06,17,17,0
1031795,0.35,0.30,0.40,28.71,18,18,0,-0.01,-0.10,0.10,28.28,18,18,0,1.53,0.50,3.10,26.35,18,0,0,0.50,0.50,0.50,28.03,18,18,0,0.11,0.10,0.20,28.76,18,18,0,1.09,1.00,1.10,28.47,18,18,0,0.22,0.20,0.30,28.07,18,18,0
1032295,0.35,0.30,0.40,28.72,17,17,0,0.00,-0.10,0.10,28.30,17,17,0,3.21,0.80,6.60,26.37,17,0,0,0.50,0.50,0.50,28.01,17,17,0,0.11,0.10,0.20,28.75,17,17,0,1.07,1.00,1.10,28.47,17,17,0,0.25,0.20,0.30,28.06,17,17,0
1032801,0.38,0.30,0.40,28.72,17,17,0,-0.01,-0.10,0.10,28.29,17,17,0,1.45,0.60,2.70,26.38,17,0,0,0.49,0.40,0.50,28.03,17,17,0,0.11,0.10,0.20,28.74,17,17,0,1.08,1.00,1.10,28.47,17,17,0,0.22,0.20,0.30,28.05,17,17,0
1033306,0.37,0.30,0.40,28.71,17,17,0,-0.01,-0.10,0.00,28.27,17,17,0,0.36,-5.10,5.30,26.38,17,0,0,0.50,0.50,0.50,28.02,17,17,0,0.10,0.00,0.20,28.74,17,17,0,1.10,1.10,1.10,28.46,17,17,0,0.23,0.20,0.30,28.06,17,17,0
1033806,0.37,0.30,0.40,28.70,17,17,0,-0.03,-0.10,0.10,28.29,17,17,0,1.59,0.20,4.20,26.42,17,0,0,0.50,0.50,0.50,28.03,17,17,0,0.10,0.00,0.20,28.75,17,17,0,1.09,1.00,1.10,28.46,17,17,0,0.24,0.20,0.30,28.04,17,17,0
1034306,0.36,0.30,0.40,28.72,18,18,0,0.00,-0.10,0.10,28.28,18,18,0,0.80,-1.20,2.10,26.44,18,0,0,0.50,0.40,0.60,28.02,18,18,0,0.12,0.10,0.20,28.74,18,18,0,1.08,1.00,1.10,28.48,18,18,0,0.22,0.20,0.30,28.07,18,18,0
1034806,0.37,0.30,0.40,28.70,16,16,0,-0.03,-0.10,0.10,28.29,16,16,0,0.81,0.20,1.80,26.44,16,0,0,0.50,0.50,0.50,28.04,16,16,0,0.10,0.00,0.20,28.75,16,16,0,1.09,1.00,1.10,28.47,16,16,0,0.23,0.20,0.30,28.07,16,16,0
1035306,0.35,0.30,0.40,28.72,17,17,0,-0.03,-0.10,0.00,28.27,17,17,0,0.76,0.10,2.30,26.45,17,0,0,0.50,0.50,0.50,28.02,17,17,0,0.10,0.10,0.10,28.74,17,17,0,1.09,1.00,1.10,28.48,17,17,0,0.22,0.20,0.30,28.07,17,17,0
1035806,0.36,0.30,0.40,28.72,17,17,0,-0.01,-0.10,0.10,28.29,17,17,0,0.29,-0.40,1.30,26.46,17,0,0,0.51,0.50,0.60,28.03,17,17,0,0.11,0.10,0.20,28.74,17,17,0,1.09,1.00,1.10,28.48,17,17,0,0.22,0.20,0.30,28.07,17,17,0
1036316,0.38,0.30,0.40,28.73,18,18,0,-0.03,-0.10,0.10,28.27,18,18,0,0.69,-0.10,2.90,26.48,18,0,0,0.50,0.50,0.50,28.03,18,18,0,0.11,0.10,0.20,28.75,18,18,0,1.09,1.00,1.10,28.47,18,18,0,0.25,0.20,0.30,28.05,18,18,0
1036816,0.38,0.30,0.40,28.70,17,17,0,-0.02,-0.10,0.00,28.29,17,17,0,-1.09,-8.20,4.60,26.50,17,0,0,0.50,0.50,0.50,28.01,17,17,0,0.12,0.10,0.20,28.75,17,17,0,1.09,1.00,1.10,28.47,17,17,0,0.22,0.20,0.30,28.06,17,17,0
1037316,0.34,0.30,0.40,28.73,18,18,0,-0.01,-0.10,0.10,28.28,18,18,0,1.89,0.40,4.50,26.51,18,0,0,0.50,0.50,0.50,28.02,18,18,0,0.09,0.00,0.10,28.75,18,18,0,1.10,1.10,1.10,28.45,18,18,0,0.23,0.20,0.30,28.07,18,18,0
1037825,0.34,0.30,0.40,28.70,17,17,0,-0.02,-0.10,0.00,28.30,17,17,0,1.41,0.80,2.00,26.53,17,0,0,0.50,0.50,0.50,28.03,17,17,0,0.11,0.10,0.20,28.74,17,17,0,1.08,1.00,1.10,28.48,17,17,0,0.24,0.20,0.30,28.06,17,17,0
1038325,0.38,0.30,0.40,28.73,17,17,0,-0.02,-0.10,0.00,28.30,17,17,0,1.70,0.90,2.40,26.53,17,0,0,0.50,0.50,0.50,28.03,17,17,0,0.11,0.10,0.20,28.75,17,17,0,1.08,1.00,1.10,28.47,17,17,0,0.24,0.20,0.30,28.08,17,17,0
1038825,0.36,0.30,0.40,28.71,17,17,0,-0.03,-0.10,0.10,28.28,17,17,0,1.51,0.90,2.00,26.54,17,0,0,0.50,0.50,0.50,28.03,17,17,0,0.11,0.10,0.20,28.75,17,17,0,1.10,1.10,1.10,28.47,17,17,0,0.24,0.20,0.30,28.07,17,17,0
1039325,0.36,0.30,0.40,28.72,17,17,0,-0.02,-0.10,0.00,28.29,17,17,0,1.31,0.90,1.70,26.56,17,0,0,0.50,0.50,0.50,28.03,17,17,0,0.10,0.10,0.10,28.76,17,17,0,1.09,1.00,1.10,28.45,17,17,0,0.22,0.20,0.30,28.06,17,17,0
1039835,0.37,0.30,0.40,28.70,18,18,0,-0.02,-0.10,0.10,28.29,18,18,0,0.98,0.40,1.50,26.54,18,0,0,0.50,0.50,0.50,28.02,18,18,0,0.11,0.10,0.20,28.77,18,18,0,1.08,1.00,1.10,28.47,18,18,0,0.23,0.20,0.30,28.07,18,18,0
1040345,0.36,0.30,0.40,28.70,18,18,0,-0.02,-0.10,0.10,28.27,18,18,0,0.65,-0.10,1.30,26.58,18,0,0,0.51,0.50,0.60,28.05,18,18,0,0.12,0.10,0.20,28.75,18,18,0,1.09,1.00,1.10,28.47,18,18,0,0.22,0.20,0.30,28.05,18,18,0
1040858,0.37,0.30,0.40,28.73,18,18,0,-0.01,-0.10,0.10,28.28,18,18,0,0.42,-0.20,1.10,26.58,18,0,0,0.50,0.50,0.50,28.03,18,18,0,0.10,0.10,0.10,28.74,18,18,0,1.09,1.00,1.10,28.46,18,18,0,0.23,0.20,0.30,28.06,18,18,0
1041368,0.35,0.30,0.40,28.72,18,18,0,-0.02,-0.10,0.10,28.28,18,18,0,0.15,-1.00,0.90,26.59,18,0,0,0.50,0.50,0.50,28.02,18,18,0,0.11,0.10,0.20,28.76,18,18,0,1.08,1.00,1.10,28.46,18,18,0,0.22,0.20,0.30,28.06,18,18,0
1041868,0.36,0.30,0.40,28.73,17,17,0,-0.03,-0.10,0.00,28.28,17,17,0,0.50,-0.60,1.60,26.60,17,0,0,0.51,0.50,0.60,28.04,17,17,0,0.11,0.10,0.20,28.76,17,17,0,1.11,1.10,1.20,28.46,17,17,0,0.23,0.20,0.30,28.06,17,17,0
1042378,0.34,0.30,0.40,28.71,18,18,0,-0.03,-0.10,0.10,28.28,18,18,0,0.91,-0.20,2.50,26.60,18,0,0,0.50,0.50,0.50,28.04,18,18,0,0.11,0.10,0.20,28.76,18,18,0,1.10,1.10,1.10,28.47,18,18,0,0.23,0.20,0.30,28.07,18,18,0
1042882,0.36,0.30,0.40,28.73,17,17,0,-0.01,-0.10,0.10,28.28,17,17,0,1.22,0.70,1.60,26.60,17,0,0,0.50,0.40,0.60,28.02,17,17,0,0.11,0.10,0.20,28.75,17,17,0,1.09,1.00,1.10,28.47,17,17,0,0.22,0.20,0.30,28.07,17,17,0
1043382,0.36,0.30,0.40,28.73,17,17,0,-0.04,-0.10,0.00,28.27,17,17,0,1.26,0.70,1.80,26.64,17,0,0,0.50,0.50,0.50,28.02,17,17,0,0.10,0.10,0.10,28.75,17,17,0,1.09,1.00,1.10,28.47,17,17,0,0.22,0.20,0.30,28.06,17,17,0
1043894,0.37,0.30,0.40,28.71,18,18,0,-0.03,-0.10,0.00,28.27,18,18,0,0.82,-0.10,2.10,26.65,18,0,0,0.50,0.50,0.50,28.02,18,18,0,0.11,0.10,0.20,28.75,18,18,0,1.09,1.00,1.10,28.48,18,18,0,0.22,0.20,0.30,28.06,18,18,0
1044394,0.36,0.30,0.40,28.72,17,17,0,-0.02,-0.10,0.10,28.29,17,17,0,0.45,-0.80,2.30,26.64,17,0,0,0.50,0.40,0.60,28.04,17,17,0,0.12,0.10,0.20,28.76,17,17,0,1.08,1.00,1.10,28.46,17,17,0,0.24,0.20,0.30,28.06,17,17,0
1044894,0.38,0.30,0.40,28.72,17,17,0,0.00,-0.10,0.10,28.29,17,17,0,0.46,-3.00,4.10,26.65,17,0,0,0.50,0.50,0.50,28.02,17,17,0,0.11,0.00,0.20,28.75,17,17,0,1.09,1.00,1.10,28.48,17,17,0,0.22,0.20,0.30,28.05,17,17,0
1045394,0.35,0.30,0.40,28.71,17,17,0,-0.04,-0.10,0.10,28.27,17,17,0,0.65,-20.00,18.60,26.68,17,0,0,0.50,0.50,0.50,28.03,17,17,0,0.10,0.10,0.10,28.76,17,17,0,1.09,1.00,1.10,28.47,17,17,0,0.24,0.20,0.30,28.05,17,17,0
1045894,0.37,0.30,0.40,28.72,17,17,0,-0.02,-0.10,0.10,28.29,17,17,0,-1.31,-22.90,26.20,26.66,17,0,0,0.50,0.50,0.50,28.01,17,17,0,0.11,0.10,0.20,28.75,17,17,0,1.08,1.00,1.10,28.46,17,17,0,0.23,0.20,0.30,28.08,17,17,0
1046394,0.37,0.30,0.40,28.71,17,17,0,-0.04,-0.10,0.10,28.27,17,17,0,-0.54,-5.80,2.80,26.68,17,0,0,0.49,0.40,0.50,28.03,17,17,0,0.11,0.10,0.20,28.76,17,17,0,1.08,1.00,1.10,28.46,17,17,0,0.25,0.20,0.30,28.05,17,17,0
1046894,0.37,0.30,0.40,28.72,17,17,0,-0.02,-0.10,0.10,28.28,17,17,0,-0.54,-2.70,2.00,26.69,17,0,0,0.50,0.50,0.50,28.04,17,17,0,0.11,0.10,0.20,28.75,17,17,0,1.09,1.00,1.10,28.46,17,17,0,0.26,0.20,0.30,28.06,17,17,0
1047394,0.35,0.30,0.40,28.72,18,18,0,-0.03,-0.10,0.10,28.30,18,18,0,0.11,-4.00,10.40,26.68,18,0,0,0.50,0.50,0.50,28.04,18,18,0,0.11,0.10,0.20,28.76,18,18,0,1.09,1.00,1.10,28.45,18,18,0,0.23,0.20,0.30,28.06,18,18,0
1047907,0.35,0.30,0.40,28.71,17,17,0,-0.02,-0.10,0.10,28.28,17,17,0,-2.55,-18.50,19.70,26.72,17,0,0,0.50,0.50,0.50,28.03,17,17,0,0.10,0.00,0.20,28.76,17,17,0,1.09,1.00,1.10,28.46,17,17,0,0.22,0.20,0.30,28.07,17,17,0
1048407,0.38,0.30,0.40,28.71,17,17,0,-0.02,-0.10,0.10,28.28,17,17,0,0.44,-20.30,26.90,26.73,17,0,0,0.50,0.50,0.50,28.03,17,17,0,0.10,0.10,0.10,28.75,17,17,0,1.09,1.00,1.10,28.48,17,17,0,0.24,0.20,0.30,28.07,17,17,0
1048907,0.35,0.30,0.40,28.73,17,17,0,-0.02,-0.10,0.00,28.30,17,17,0,4.72,-37.90,38.40,26.73,17,0,0,0.50,0.50,0.50,28.02,17,17,0,0.10,0.00,0.20,28.75,17,17,0,1.09,1.00,1.10,28.45,17,17,0,0.23,0.20,0.30,28.06,17,17,0
1049407,0.36,0.30,0.40,28.73,17,17,0,0.00,-0.10,0.10,28.29,17,17,0,-3.15,-46.60,46.50,26.72,17,0,0,0.50,0.50,0.50,28.03,17,17,0,0.11,0.10,0.20,28.75,17,17,0,1.09,1.00,1.10,28.46,17,17,0,0.23,0.20,0.30,28.07,17,17,0
1049909,0.37,0.30,0.40,28.74,17,17,0,-0.02,-0.10,0.00,28.29,17,17,0,-1.92,-25.50,18.60,26.73,17,0,0,0.51,0.50,0.60,28.02,17,17,0,0.10,0.10,0.10,28.76,17,17,0,1.10,1.10,1.10,28.47,17,17,0,0.24,0.20,0.30,28.06,17,17,0
1050409,0.36,0.30,0.40,28.73,17,17,0,-0.03,-0.10,0.00,28.27,17,17,0,-0.41,-2.80,3.20,26.75,17,0,0,0.49,0.40,0.50,28.03,17,17,0,0.11,0.10,0.20,28.75,17,17,0,1.09,1.00,1.10,28.47,17,17,0,0.22,0.20,0.30,28.08,17,17,0
1050909,0.37,0.30,0.40,28.73,17,17,0,0.01,0.00,0.10,28.29,17,17,0,-0.62,-2.40,1.10,26.75,17,0,0,0.50,0.50,0.50,28.02,17,17,0,0.11,0.10,0.20,28.75,17,17,0,1.09,1.00,1.10,28.48,17,17,0,0.21,0.20,0.30,28.08,17,17,0
1051409,0.38,0.30,0.40,28.73,17,17,0,-0.01,-0.10,0.10,28.30,17,17,0,-0.36,-4.70,2.70,26.76,17,0,0,0.50,0.50,0.50,28.04,17,17,0,0.10,0.10,0.10,28.77,17,17,0,1.10,1.10,1.10,28.45,17,17,0,0.23,0.20,0.30,28.07,17,17,0
1051909,0.36,0.30,0.40,28.72,17,17,0,-0.01,-0.10,0.10,28.30,17,17,0,-0.49,-1.80,0.80,26.79,17,0,0,0.51,0.50,0.60,28.02,17,17,0,0.12,0.10,0.20,28.75,17,17,0,1.09,1.00,1.10,28.45,17,17,0,0.23,0.20,0.30,28.06,17,17,0
1052409,0.36,0.30,0.40,28.75,17,17,0,-0.02,-0.10,0.00,28.29,17,17,0,-0.34,-1.80,1.00,26.78,17,0,0,0.51,0.50,0.60,28.03,17,17,0,0.10,0.10,0.10,28.77,17,17,0,1.09,1.00,1.10,28.46,17,17,0,0.22,0.20,0.30,28.06,17,17,0
1052919,0.37,0.30,0.40,28.73,18,18,0,-0.01,-0.10,0.10,28.30,18,18,0,-0.01,-1.40,1.50,26.78,18,0,0,0.50,0.50,0.50,28.04,18,18,0,0.10,0.10,0.10,28.77,18,18,0,1.08,1.00,1.10,28.47,18,18,0,0.23,0.20,0.30,28.08,18,18,0
1053430,0.36,0.30,0.40,28.73,18,18,0,-0.04,-0.10,0.00,28.30,18,18,0,-0.09,-2.90,2.90,26.79,18,0,0,0.51,0.50,0.60,28.03,18,18,0,0.11,0.10,0.20,28.76,18,18,0,1.09,1.00,1.10,28.47,18,18,0,0.21,0.20,0.30,28.07,18,18,0
1053930,0.37,0.30,0.40,28.73,17,17,0,-0.01,-0.10,0.10,28.29,17,17,0,-0.09,-3.50,3.10,26.81,17,0,0,0.50,0.50,0.50,28.04,17,17,0,0.10,0.00,0.20,28.75,17,17,0,1.09,1.00,1.10,28.46,17,17,0,0.23,0.20,0.30,28.08,17,17,0
1054438,0.38,0.30,0.40,28.73,18,18,0,-0.03,-0.10,0.00,28.31,18,18,0,0.31,-2.40,2.60,26.81,18,0,0,0.50,0.50,0.50,28.02,18,18,0,0.11,0.10,0.20,28.76,18,18,0,1.08,1.00,1.10,28.46,18,18,0,0.21,0.20,0.30,28.05,18,18,0
1054938,0.35,0.30,0.40,28.73,17,17,0,-0.01,-0.10,0.10,28.31,17,17,0,0.54,-1.60,2.60,26.83,17,0,0,0.51,0.50,0.60,28.03,17,17,0,0.11,0.10,0.20,28.76,17,17,0,1.08,1.00,1.10,28.47,17,17,0,0.24,0.20,0.30,28.06,17,17,0
1055447,0.35,0.30,0.40,28.73,17,17,0,-0.04,-0.10,0.10,28.30,17,17,0,0.68,-0.30,2.30,26.84,17,0,0,0.51,0.50,0.60,28.03,17,17,0,0.11,0.10,0.20,28.76,17,17,0,1.09,1.00,1.10,28.46,17,17,0,0.22,0.20,0.30,28.06,17,17,0
1055947,0.36,0.30,0.40,28.73,17,17,0,0.00,-0.10,0.10,28.30,17,17,0,0.75,-2.20,4.00,26.83,17,0,0,0.50,0.50,0.50,28.04,17,17,0,0.10,0.10,0.10,28.76,17,17,0,1.10,1.10,1.10,28.48,17,17,0,0.22,0.20,0.30,28.07,17,17,0
1056447,0.35,0.30,0.40,28.72,17,17,0,-0.03,-0.10,0.00,28.29,17,17,0,0.68,-0.70,2.20,26.85,17,0,0,0.50,0.50,0.50,28.03,17,17,0,0.11,0.10,0.20,28.78,17,17,0,1.08,1.00,1.10,28.46,17,17,0,0.23,0.20,0.30,28.06,17,17,0
1056947,0.36,0.30,0.40,28.74,17,17,0,-0.02,-0.10,0.00,28.31,17,17,0,0.23,-1.10,2.00,26.84,17,0,0,0.50,0.50,0.50,28.04,17,17,0,0.11,0.10,0.20,28.77,17,17,0,1.08,1.00,1.10,28.48,17,17,0,0.24,0.20,0.30,28.07,17,17,0
1057447,0.37,0.30,0.40,28.73,18,18,0,-0.02,-0.10,0.10,28.29,18,18,0,0.24,-1.50,1.90,26.86,18,0,0,0.51,0.50,0.60,28.03,18,18,0,0.09,0.00,0.10,28.77,18,18,0,1.10,1.10,1.10,28.47,18,18,0,0.22,0.20,0.30,28.07,18,18,0
1057947,0.37,0.30,0.40,28.73,17,17,0,-0.01,-0.10,0.00,28.29,17,17,0,0.03,-1.20,1.00,26.85,17,0,0,0.50,0.50,0.50,28.02,17,17,0,0.11,0.10,0.20,28.75,17,17,0,1.09,1.00,1.10,28.46,17,17,0,0.22,0.20,0.30,28.06,17,17,0
1058447,0.36,0.30,0.40,28.75,17,17,0,-0.04,-0.10,0.10,28.29,17,17,0,0.12,-1.10,1.30,26.87,17,0,0,0.51,0.50,0.60,28.04,17,17,0,0.11,0.10,0.20,28.76,17,17,0,1.09,1.00,1.10,28.48,17,17,0,0.22,0.20,0.30,28.08,17,17,0
1058957,0.38,0.30,0.40,28.74,18,18,0,-0.02,-0.10,0.10,28.30,18,18,0,0.47,-0.40,1.60,26.89,18,0,0,0.50,0.50,0.50,28.02,18,18,0,0.12,0.10,0.20,28.76,18,18,0,1.10,1.10,1.10,28.46,18,18,0,0.21,0.10,0.30,28.07,18,18,0
1059467,0.37,0.30,0.40,28.74,18,18,0,-0.01,-0.10,0.10,28.29,18,18,0,-2.33,-11.10,1.80,26.88,18,0,0,0.50,0.50,0.50,28.02,18,18,0,0.11,0.10,0.20,28.77,18,18,0,1.09,1.00,1.10,28.47,18,18,0,0.22,0.20,0.30,28.07,18,18,0
1059967,0.35,0.30,0.40,28.75,17,17,0,-0.02,-0.10,0.00,28.29,17,17,0,240.19,-0.90,360.20,26.78,17,0,0,0.49,0.40,0.50,28.05,17,17,0,0.11,0.10,0.20,28.75,17,17,0,1.09,1.00,1.10,28.48,17,17,0,0.21,0.20,0.30,28.07,17,17,0
1060467,0.37,0.30,0.40,28.75,17,17,0,-0.03,-0.10,0.00,28.29,17,17,0,345.58,295.80,422.10,25.96,17,0,0,0.51,0.50,0.60,28.04,17,17,0,0.10,0.10,0.10,28.78,17,17,0,1.09,1.00,1.10,28.49,17,17,0,0.22,0.20,0.30,28.08,17,17,0
1060967,0.36,0.30,0.40,28.73,17,17,0,-0.01,-0.10,0.10,28.30,17,17,0,350.39,315.60,369.70,25.48,17,0,0,0.51,0.50,0.60,28.02,17,17,0,0.10,0.10,0.10,28.77,17,17,0,1.10,1.10,1.10,28.48,17,17,0,0.22,0.20,0.30,28.06,17,17,0
1061467,0.37,0.30,0.40,28.72,17,17,0,-0.03,-0.10,0.00,28.30,17,17,0,403.90,376.40,443.00,25.16,17,0,0,0.50,0.50,0.50,28.03,17,17,0,0.12,0.10,0.20,28.76,17,17,0,1.09,1.00,1.10,28.47,17,17,0,0.20,0.20,0.20,28.08,17,17,0
1061967,0.36,0.30,0.40,28.74,17,17,0,-0.02,-0.10,0.10,28.31,17,17,0,487.74,453.90,536.40,24.96,17,0,0,0.51,0.50,0.60,28.03,17,17,0,0.10,0.10,0.10,28.75,17,17,0,1.09,1.00,1.10,28.47,17,17,0,0.22,0.20,0.30,28.08,17,17,0
1062467,0.37,0.30,0.40,28.72,17,17,0,-0.04,-0.10,0.10,28.31,17,17,0,590.58,545.10,620.30,24.79,17,0,0,0.50,0.50,0.50,28.06,17,17,0,0.11,0.10,0.20,28.75,17,17,0,1.10,1.10,1.10,28.47,17,17,0,0.24,0.20,0.30,28.07,17,17,0
1062967,0.37,0.30,0.40,28.73,17,17,0,0.00,-0.10,0.10,28.30,17,17,0,647.12,620.80,664.50,24.64,17,0,0,0.51,0.50,0.60,28.05,17,17,0,0.11,0.10,0.20,28.77,17,17,0,1.09,1.00,1.10,28.49,17,17,0,0.22,0.20,0.30,28.09,17,17,0
1063468,0.37,0.30,0.40,28.72,17,17,0,-0.01,-0.10,0.10,28.31,17,17,0,693.98,670.30,713.00,24.53,17,0,0,0.50,0.50,0.50,28.03,17,17,0,0.11,0.10,0.20,28.77,17,17,0,1.09,1.00,1.10,28.48,17,17,0,0.23,0.20,0.30,28.06,17,17,0
1063969,0.36,0.30,0.40,28.74,17,17,0,-0.02,-0.10,0.10,28.31,17,17,0,728.55,713.20,738.60,24.46,17,0,0,0.51,0.50,0.60,28.05,17,17,0,0.11,0.10,0.20,28.79,17,17,0,1.09,1.00,1.10,28.48,17,17,0,0.23,0.20,0.30,28.08,17,17,0
1064469,0.36,0.30,0.40,28.74,17,17,0,0.01,-0.10,0.10,28.30,17,17,0,751.05,739.50,759.70,24.39,17,0,0,0.50,0.50,0.50,28.04,17,17,0,0.11,0.10,0.20,28.76,17,17,0,1.09,1.00,1.10,28.48,17,17,0,0.24,0.20,0.30,28.08,17,17,0
1064969,0.38,0.30,0.40,28.74,17,17,0,-0.01,-0.10,0.10,28.30,17,17,0,758.12,752.90,766.10,24.35,17,0,0,0.50,0.50,0.50,28.04,17,17,0,0.12,0.10,0.20,28.77,17,17,0,1.09,1.00,1.10,28.47,17,17,0,0.21,0.20,0.30,28.09,17,17,0
1065469,0.36,0.30,0.40,28.74,17,17,0,0.00,-0.10,0.10,28.30,17,17,0,744.24,736.80,756.40,24.30,17,0,0,0.51,0.50,0.60,28.04,17,17,0,0.11,0.10,0.20,28.77,17,17,0,1.08,1.00,1.10,28.46,17,17,0,0.24,0.20,0.30,28.08,17,17,0
1065969,0.36,0.30,0.40,28.75,17,17,0,-0.02,-0.10,0.10,28.30,17,17,0,735.66,729.80,740.50,24.30,17,0,0,0.50,0.50,0.50,28.04,17,17,0,0.11,0.10,0.20,28.77,17,17,0,1.08,1.00,1.10,28.48,17,17,0,0.22,0.20,0.30,28.08,17,17,0
1066469,0.37,0.30,0.40,28.75,17,17,0,-0.04,-0.10,0.00,28.31,17,17,0,735.71,726.50,740.80,24.27,17,0,0,0.50,0.50,0.50,28.03,17,17,0,0.11,0.00,0.20,28.78,17,17,0,1.08,1.00,1.10,28.48,17,17,0,0.23,0.20,0.30,28.08,17,17,0
1066981,0.37,0.30,0.40,28.74,18,18,0,-0.02,-0.10,0.10,28.31,18,18,0,735.54,731.70,741.30,24.27,18,0,0,0.50,0.50,0.50,28.05,18,18,0,0.11,0.10,0.20,28.78,18,18,0,1.09,1.00,1.10,28.48,18,18,0,0.21,0.20,0.30,28.08,18,18,0
1067481,0.35,0.30,0.40,28.74,17,17,0,-0.05,-0.10,0.00,28.30,17,17,0,726.82,716.40,736.70,24.26,17,0,0,0.50,0.50,0.50,28.04,17,17,0,0.11,0.10,0.20,28.78,17,17,0,1.08,1.00,1.10,28.47,17,17,0,0.22,0.20,0.30,28.08,17,17,0
1067982,0.36,0.30,0.40,28.74,17,17,0,-0.03,-0.10,0.10,28.32,17,17,0,716.65,709.60,724.20,24.24,17,0,0,0.51,0.50,0.60,28.04,17,17,0,0.12,0.10,0.20,28.77,17,17,0,1.08,1.00,1.10,28.48,17,17,0,0.23,0.20,0.30,28.07,17,17,0
1068482,0.36,0.30,0.40,28.74,17,17,0,-0.01,-0.10,0.10,28.31,17,17,0,715.85,708.70,727.70,24.24,17,0,0,0.50,0.50,0.50,28.03,17,17,0,0.10,0.10,0.10,28.78,17,17,0,1.08,1.00,1.10,28.47,17,17,0,0.21,0.20,0.30,28.07,17,17,0
1068982,0.36,0.30,0.40,28.75,17,17,0,-0.02,-0.10,0.10,28.29,17,17,0,716.45,709.40,724.80,24.23,17,0,0,0.51,0.50,0.60,28.03,17,17,0,0.10,0.10,0.10,28.77,17,17,0,1.09,1.00,1.10,28.48,17,17,0,0.22,0.20,0.30,28.08,17,17,0
1069482,0.39,0.30,0.40,28.74,17,17,0,0.01,-0.10,0.10,28.30,17,17,0,720.55,716.10,726.00,24.20,17,0,0,0.50,0.50,0.50,28.04,17,17,0,0.11,0.10,0.20,28.77,17,17,0,1.07,1.00,1.10,28.46,17,17,0,0.22,0.20,0.30,28.07,17,17,0
1069982,0.36,0.30,0.40,28.73,17,17,0,-0.01,-0.10,0.10,28.32,17,17,0,718.09,714.70,723.00,24.22,17,0,0,0.49,0.40,0.50,28.05,17,17,0,0.10,0.00,0.20,28.79,17,17,0,1.08,1.00,1.10,28.47,17,17,0,0.24,0.20,0.30,28.08,17,17,0
1070483,0.38,0.30,0.40,28.75,17,17,0,-0.04,-0.10,0.00,28.32,17,17,0,713.02,708.90,716.00,24.21,17,0,0,0.50,0.50,0.50,28.03,17,17,0,0.11,0.10,0.20,28.77,17,17,0,1.08,1.00,1.10,28.47,17,17,0,0.22,0.20,0.30,28.07,17,17,0
1070983,0.36,0.30,0.40,28.72,17,17,0,-0.02,-0.10,0.00,28.31,17,17,0,718.94,712.80,729.40,24.20,17,0,0,0.50,0.50,0.50,28.02,17,17,0,0.10,0.10,0.10,28.77,17,17,0,1.09,1.00,1.10,28.48,17,17,0,0.21,0.20,0.30,28.09,17,17,0
1071483,0.37,0.30,0.40,28.73,17,17,0,-0.02,-0.10,0.10,28.32,17,17,0,722.65,715.90,728.90,24.19,17,0,0,0.50,0.50,0.50,28.04,17,17,0,0.11,0.10,0.20,28.76,17,17,0,1.08,1.00,1.10,28.48,17,17,0,0.22,0.20,0.30,28.07,17,17,0
1071983,0.36,0.30,0.40,28.73,17,17,0,0.01,-0.10,0.10,28.30,17,17,0,726.64,719.30,733.50,24.18,17,0,0,0.51,0.50,0.60,28.04,17,17,0,0.11,0.10,0.20,28.79,17,17,0,1.09,1.00,1.10,28.46,17,17,0,0.22,0.20,0.30,28.09,17,17,0
1072483,0.36,0.30,0.40,28.74,17,17,0,-0.01,-0.10,0.10,28.30,17,17,0,720.98,711.40,731.90,24.18,17,0,0,0.50,0.50,0.50,28.04,17,17,0,0.11,0.10,0.20,28.79,17,17,0,1.08,1.00,1.10,28.48,17,17,0,0.23,0.20,0.30,28.07,17,17,0
1072985,0.37,0.30,0.40,28.73,17,17,0,-0.03,-0.10,0.10,28.32,17,17,0,717.41,710.10,723.30,24.18,17,0,0,0.50,0.50,0.50,28.04,17,17,0,0.11,0.10,0.20,28.77,17,17,0,1.10,1.00,1.20,28.48,17,17,0,0.22,0.20,0.30,28.07,17,17,0
1073485,0.37,0.30,0.40,28.74,17,17,0,-0.01,-0.10,0.00,28.32,17,17,0,721.34,715.90,729.60,24.19,17,0,0,0.50,0.40,0.60,28.05,17,17,0,0.12,0.10,0.20,28.79,17,17,0,1.09,1.00,1.10,28.46,17,17,0,0.23,0.20,0.30,28.07,17,17,0
1073995,0.38,0.30,0.40,28.75,17,17,0,-0.01,-0.10,0.10,28.30,17,17,0,728.84,717.60,735.40,24.16,17,0,0,0.49,0.40,0.50,28.04,17,17,0,0.11,0.10,0.20,28.77,17,17,0,1.09,1.00,1.10,28.45,17,17,0,0.22,0.20,0.30,28.08,17,17,0
1074495,0.38,0.30,0.40,28.74,17,17,0,-0.02,-0.10,0.00,28.32,17,17,0,730.26,725.20,737.40,24.15,17,0,0,0.50,0.50,0.50,28.04,17,17,0,0.12,0.10,0.20,28.78,17,17,0,1.10,1.10,1.10,28.48,17,17,0,0.21,0.20,0.30,28.08,17,17,0
1074995,0.38,0.30,0.40,28.74,17,17,0,-0.04,-0.10,0.10,28.30,17,17,0,722.88,716.10,730.00,24.16,17,0,0,0.50,0.50,0.50,28.03,17,17,0,0.12,0.10,0.20,28.78,17,17,0,1.07,1.00,1.10,28.48,17,17,0,0.22,0.20,0.30,28.06,17,17,0
1075495,0.38,0.30,0.40,28.75,17,17,0,-0.03,-0.10,0.00,28.31,17,17,0,720.82,711.10,728.50,24.18,17,0,0,0.50,0.50,0.50,28.05,17,17,0,0.12,0.10,0.20,28.78,17,17,0,1.09,1.00,1.10,28.48,17,17,0,0.24,0.20,0.30,28.09,17,17,0
1075995,0.38,0.30,0.40,28.74,17,17,0,-0.01,-0.10,0.10,28.30,17,17,0,724.55,718.50,730.90,24.16,17,0,0,0.50,0.50,0.50,28.04,17,17,0,0.11,0.10,0.20,28.77,17,17,0,1.09,1.00,1.10,28.47,17,17,0,0.21,0.20,0.30,28.07,17,17,0
1076495,0.36,0.30,0.40,28.75,17,17,0,-0.01,-0.10,0.00,28.33,17,17,0,733.18,723.70,740.40,24.15,17,0,0,0.50,0.50,0.50,28.04,17,17,0,0.12,0.10,0.20,28.78,17,17,0,1.09,1.00,1.10,28.48,17,17,0,0.23,0.20,0.30,28.08,17,17,0
1076995,0.38,0.30,0.40,28.75,17,17,0,-0.02,-0.10,0.10,28.32,17,17,0,725.37,702.80,739.50,24.15,17,0,0,0.51,0.50,0.60,28.05,17,17,0,0.10,0.10,0.10,28.80,17,17,0,1.09,1.00,1.10,28.46,17,17,0,0.23,0.20,0.30,28.08,17,17,0
1077495,0.36,0.30,0.40,28.72,17,17,0,-0.01,-0.10,0.00,28.32,17,17,0,714.32,702.20,722.20,24.15,17,0,0,0.50,0.50,0.50,28.05,17,17,0,0.11,0.10,0.20,28.78,17,17,0,1.09,1.00,1.10,28.47,17,17,0,0.22,0.20,0.30,28.08,17,17,0
1077995,0.37,0.30,0.40,28.75,17,17,0,-0.02,-0.10,0.10,28.31,17,17,0,714.69,692.30,756.90,24.14,17,0,0,0.51,0.50,0.60,28.05,17,17,0,0.10,0.10,0.10,28.78,17,17,0,1.09,1.00,1.10,28.47,17,17,0,0.24,0.20,0.30,28.08,17,17,0
1078495,0.38,0.30,0.40,28.75,17,17,0,-0.01,-0.10,0.10,28.32,17,17,0,723.27,706.70,741.00,24.13,17,0,0,0.51,0.50,0.60,28.05,17,17,0,0.11,0.10,0.20,28.79,17,17,0,1.10,1.10,1.10,28.50,17,17,0,0.22,0.20,0.30,28.07,17,17,0
1078995,0.38,0.30,0.40,28.74,17,17,0,-0.02,-0.10,0.00,28.32,17,17,0,727.97,722.30,734.00,24.13,17,0,0,0.50,0.50,0.50,28.03,17,17,0,0.12,0.10,0.20,28.79,17,17,0,1.08,1.00,1.10,28.47,17,17,0,0.24,0.20,0.30,28.06,17,17,0
1079495,0.37,0.30,0.40,28.75,17,17,0,-0.04,-0.10,0.10,28.32,17,17,0,713.82,705.30,721.70,24.13,17,0,0,0.50,0.50,0.50,28.03,17,17,0,0.12,0.10,0.20,28.78,17,17,0,1.10,1.10,1.10,28.49,17,17,0,0.21,0.20,0.30,28.08,17,17,0
1079995,0.38,0.30,0.40,28.75,17,17,0,-0.01,-0.10,0.10,28.32,17,17,0,702.56,691.20,710.10,24.14,17,0,0,0.51,0.50,0.60,28.04,17,17,0,0.11,0.10,0.20,28.78,17,17,0,1.10,1.10,1.10,28.47,17,17,0,0.22,0.20,0.30,28.08,17,17,0
1080495,0.39,0.30,0.40,28.73,17,17,0,-0.02,-0.10,0.10,28.32,17,17,0,704.45,689.60,718.50,24.14,17,0,0,0.49,0.40,0.50,28.05,17,17,0,0.11,0.10,0.20,28.79,17,17,0,1.09,1.00,1.10,28.47,17,17,0,0.22,0.20,0.30,28.11,17,17,0
1080995,0.37,0.30,0.40,28.76,17,17,0,-0.03,-0.10,0.00,28.32,17,17,0,719.69,706.30,731.80,24.15,17,0,0,0.51,0.50,0.60,28.05,17,17,0,0.09,0.00,0.10,28.79,17,17,0,1.09,1.00,1.10,28.48,17,17,0,0.22,0.20,0.30,28.09,17,17,0
1081495,0.33,0.30,0.40,28.74,17,17,0,-0.03,-0.10,0.00,28.31,17,17,0,721.11,706.20,735.80,24.12,17,0,0,0.50,0.50,0.50,28.05,17,17,0,0.12,0.10,0.20,28.78,17,17,0,1.09,1.00,1.10,28.47,17,17,0,0.22,0.20,0.30,28.09,17,17,0
1081996,0.38,0.30,0.40,28.75,17,17,0,-0.01,-0.10,0.10,28.32,17,17,0,702.47,691.20,716.40,24.13,17,0,0,0.50,0.50,0.50,28.04,17,17,0,0.11,0.10,0.20,28.77,17,17,0,1.10,1.10,1.10,28.48,17,17,0,0.23,0.20,0.30,28.09,17,17,0
1082496,0.37,0.30,0.40,28.75,17,17,0,0.01,-0.10,0.10,28.32,17,17,0,698.52,690.70,708.10,24.13,17,0,0,0.50,0.50,0.50,28.05,17,17,0,0.10,0.10,0.10,28.80,17,17,0,1.09,1.00,1.10,28.48,17,17,0,0.22,0.20,0.30,28.09,17,17,0
1082996,0.36,0.30,0.40,28.74,17,17,0,-0.02,-0.10,0.10,28.33,17,17,0,707.26,696.90,716.30,24.14,17,0,0,0.50,0.50,0.50,28.05,17,17,0,0.11,0.10,0.20,28.79,17,17,0,1.09,1.00,1.10,28.47,17,17,0,0.22,0.20,0.30,28.08,17,17,0
1083498,0.37,0.30,0.40,28.74,17,17,0,-0.02,-0.10,0.10,28.32,17,17,0,714.01,707.20,719.70,24.14,17,0,0,0.50,0.50,0.50,28.03,17,17,0,0.11,0.00,0.20,28.78,17,17,0,1.10,1.10,1.10,28.47,17,17,0,0.22,0.20,0.30,28.09,17,17,0
1083998,0.36,0.30,0.40,28.74,17,17,0,0.00,0.00,0.00,28.31,17,17,0,701.90,689.30,717.20,24.15,17,0,0,0.50,0.50,0.50,28.04,17,17,0,0.11,0.10,0.20,28.80,17,17,0,1.08,1.00,1.10,28.47,17,17,0,0.23,0.20,0.30,28.08,17,17,0
1084502,0.37,0.30,0.40,28.76,17,17,0,0.01,-0.10,0.10,28.32,17,17,0,688.97,678.80,697.30,24.13,17,0,0,0.51,0.50,0.60,28.05,17,17,0,0.11,0.10,0.20,28.79,17,17,0,1.08,1.00,1.10,28.49,17,17,0,0.21,0.20,0.30,28.09,17,17,0
1085002,0.35,0.30,0.40,28.75,17,17,0,0.01,-0.10,0.10,28.32,17,17,0,692.26,680.80,704.40,24.12,17,0,0,0.50,0.50,0.50,28.05,17,17,0,0.14,0.10,0.20,28.77,17,17,0,1.08,1.00,1.10,28.47,17,17,0,0.25,0.20,0.30,28.08,17,17,0
1085502,0.38,0.30,0.40,28.74,17,17,0,-0.01,-0.10,0.10,28.31,17,17,0,700.43,687.60,708.00,24.13,17,0,0,0.51,0.50,0.60,28.06,17,17,0,0.11,0.10,0.20,28.77,17,17,0,1.09,1.00,1.10,28.48,17,17,0,0.21,0.20,0.30,28.09,17,17,0
1086002,0.38,0.30,0.40,28.75,17,17,0,0.01,-0.10,0.10,28.31,17,17,0,702.29,693.50,713.70,24.13,17,0,0,0.50,0.50,0.50,28.06,17,17,0,0.09,0.00,0.10,28.79,17,17,0,1.08,1.00,1.10,28.48,17,17,0,0.23,0.20,0.30,28.09,17,17,0
1086502,0.38,0.30,0.40,28.76,17,17,0,-0.01,-0.10,0.10,28.33,17,17,0,688.05,681.50,700.50,24.11,17,0,0,0.50,0.50,0.50,28.05,17,17,0,0.11,0.10,0.20,28.80,17,17,0,1.09,1.00,1.10,28.48,17,17,0,0.22,0.20,0.30,28.08,17,17,0
1087004,0.38,0.30,0.40,28.76,17,17,0,-0.01,-0.10,0.10,28.33,17,17,0,682.22,676.50,686.80,24.14,17,0,0,0.50,0.50,0.50,28.04,17,17,0,0.11,0.10,0.20,28.80,17,17,0,1.08,1.00,1.10,28.49,17,17,0,0.21,0.20,0.30,28.09,17,17,0
1087504,0.39,0.30,0.40,28.77,17,17,0,-0.04,-0.10,0.00,28.32,17,17,0,687.73,681.40,704.00,24.14,17,0,0,0.50,0.50,0.50,28.06,17,17,0,0.11,0.10,0.20,28.78,17,17,0,1.09,1.00,1.10,28.48,17,17,0,0.21,0.20,0.30,28.08,17,17,0
1088004,0.38,0.30,0.40,28.75,17,17,0,-0.01,-0.10,0.10,28.32,17,17,0,694.31,689.10,702.10,24.14,17,0,0,0.50,0.50,0.50,28.06,17,17,0,0.11,0.10,0.20,28.78,17,17,0,1.09,1.00,1.10,28.48,17,17,0,0.23,0.20,0.30,28.08,17,17,0
1088504,0.38,0.30,0.40,28.75,17,17,0,-0.01,-0.10,0.10,28.32,17,17,0,689.71,679.30,699.10,24.13,17,0,0,0.50,0.50,0.50,28.04,17,17,0,0.11,0.10,0.20,28.80,17,17,0,1.09,1.00,1.10,28.47,17,17,0,0.24,0.20,0.30,28.09,17,17,0
1089004,0.38,0.30,0.40,28.75,17,17,0,-0.04,-0.10,0.10,28.30,17,17,0,677.10,668.70,683.80,24.11,17,0,0,0.50,0.50,0.50,28.04,17,17,0,0.10,0.10,0.10,28.80,17,17,0,1.08,1.00,1.10,28.49,17,17,0,0.23,0.20,0.30,28.11,17,17,0
1089504,0.38,0.30,0.40,28.73,17,17,0,-0.02,-0.10,0.00,28.31,17,17,0,673.35,669.90,683.20,24.13,17,0,0,0.50,0.50,0.50,28.04,17,17,0,0.11,0.10,0.20,28.78,17,17,0,1.08,1.00,1.10,28.48,17,17,0,0.21,0.20,0.30,28.11,17,17,0
1090004,0.36,0.30,0.40,28.76,17,17,0,-0.03,-0.10,0.10,28.34,17,17,0,678.72,672.80,687.90,24.14,17,0,0,0.51,0.50,0.60,28.02,17,17,0,0.09,0.00,0.10,28.80,17,17,0,1.09,1.00,1.10,28.48,17,17,0,0.22,0.20,0.30,28.09,17,17,0
1090504,0.38,0.30,0.40,28.74,17,17,0,-0.01,-0.10,0.10,28.32,17,17,0,684.05,676.80,690.00,24.13,17,0,0,0.50,0.50,0.50,28.04,17,17,0,0.11,0.10,0.20,28.79,17,17,0,1.09,1.00,1.10,28.48,17,17,0,0.23,0.20,0.30,28.08,17,17,0
1091004,0.36,0.30,0.40,28.75,17,17,0,-0.01,-0.10,0.10,28.35,17,17,0,677.90,667.60,684.00,24.15,17,0,0,0.51,0.50,0.60,28.04,17,17,0,0.11,0.10,0.20,28.79,17,17,0,1.08,1.00,1.10,28.47,17,17,0,0.24,0.20,0.30,28.09,17,17,0
1091504,0.39,0.30,0.40,28.74,17,17,0,-0.05,-0.10,0.00,28.31,17,17,0,666.74,660.50,672.10,24.14,17,0,0,0.50,0.50,0.50,28.05,17,17,0,0.11,0.00,0.20,28.81,17,17,0,1.09,1.00,1.10,28.49,17,17,0,0.24,0.20,0.30,28.11,17,17,0
1092004,0.39,0.30,0.40,28.74,17,17,0,-0.02,-0.10,0.10,28.31,17,17,0,668.54,660.80,675.80,24.12,17,0,0,0.51,0.50,0.60,28.05,17,17,0,0.10,0.10,0.10,28.79,17,17,0,1.08,1.00,1.10,28.47,17,17,0,0.25,0.20,0.30,28.08,17,17,0
1092504,0.39,0.30,0.40,28.78,16,16,0,-0.03,-0.10,0.10,28.33,16,16,0,678.24,670.60,687.50,24.12,16,0,0,0.51,0.50,0.60,28.03,16,16,0,0.10,0.10,0.10,28.79,16,16,0,1.09,1.00,1.10,28.47,16,16,0,0.23,0.20,0.30,28.10,16,16,0
1093004,0.34,0.30,0.40,28.76,17,17,0,-0.02,-0.10,0.10,28.34,17,17,0,683.09,677.10,688.20,24.11,17,0,0,0.50,0.50,0.50,28.05,17,17,0,0.11,0.00,0.20,28.78,17,17,0,1.07,1.00,1.10,28.48,17,17,0,0.24,0.20,0.30,28.10,17,17,0
1093504,0.38,0.30,0.40,28.75,17,17,0,-0.02,-0.10,0.10,28.32,17,17,0,674.92,666.50,682.90,24.12,17,0,0,0.50,0.50,0.50,28.04,17,17,0,0.12,0.10,0.20,28.79,17,17,0,1.08,1.00,1.10,28.48,17,17,0,0.22,0.20,0.30,28.10,17,17,0
1094005,0.36,0.30,0.40,28.73,17,17,0,-0.03,-0.10,0.10,28.32,17,17,0,666.75,660.10,673.20,24.12,17,0,0,0.50,0.50,0.50,28.04,17,17,0,0.11,0.00,0.20,28.80,17,17,0,1.09,1.00,1.10,28.48,17,17,0,0.24,0.20,0.30,28.10,17,17,0
1094505,0.37,0.30,0.40,28.73,17,17,0,-0.05,-0.10,0.00,28.33,17,17,0,669.92,663.10,677.20,24.12,17,0,0,0.50,0.50,0.50,28.04,17,17,0,0.11,0.10,0.20,28.80,17,17,0,1.09,1.00,1.10,28.49,17,17,0,0.22,0.20,0.30,28.08,17,17,0
1095005,0.38,0.30,0.40,28.75,17,17,0,-0.01,-0.10,0.10,28.30,17,17,0,681.39,668.20,693.50,24.12,17,0,0,0.50,0.50,0.50,28.04,17,17,0,0.11,0.10,0.20,28.80,17,17,0,1.07,1.00,1.10,28.47,17,17,0,0.24,0.20,0.30,28.09,17,17,0
1095505,0.36,0.30,0.40,28.74,17,17,0,-0.01,-0.10,0.10,28.32,17,17,0,685.00,670.40,694.00,24.10,17,0,0,0.51,0.50,0.60,28.05,17,17,0,0.10,0.00,0.20,28.80,17,17,0,1.09,1.00,1.10,28.48,17,17,0,0.24,0.20,0.30,28.10,17,17,0
1096005,0.36,0.30,0.40,28.75,17,17,0,-0.02,-0.10,0.10,28.32,17,17,0,667.92,633.50,681.40,24.13,17,0,0,0.49,0.40,0.50,28.04,17,17,0,0.11,0.10,0.20,28.78,17,17,0,1.09,1.00,1.10,28.49,17,17,0,0.23,0.20,0.30,28.08,17,17,0
1096505,0.39,0.30,0.40,28.73,17,17,0,-0.02,-0.10,0.10,28.32,17,17,0,667.03,652.40,680.10,24.11,17,0,0,0.50,0.50,0.50,28.04,17,17,0,0.11,0.00,0.20,28.79,17,17,0,1.08,1.00,1.10,28.47,17,17,0,0.24,0.20,0.30,28.09,17,17,0
1097005,0.38,0.30,0.40,28.76,17,17,0,-0.02,-0.10,0.00,28.32,17,17,0,673.95,667.70,680.60,24.12,17,0,0,0.51,0.50,0.60,28.06,17,17,0,0.11,0.10,0.20,28.80,17,17,0,1.09,1.00,1.20,28.48,17,17,0,0.22,0.20,0.30,28.10,17,17,0
1097505,0.38,0.30,0.40,28.75,17,17,0,-0.02,-0.10,0.10,28.31,17,17,0,684.72,673.90,690.10,24.11,17,0,0,0.51,0.50,0.60,28.05,17,17,0,0.10,0.10,0.10,28.79,17,17,0,1.08,1.00,1.10,28.49,17,17,0,0.22,0.20,0.30,28.08,17,17,0
1098005,0.36,0.30,0.40,28.76,17,17,0,-0.03,-0.10,0.00,28.32,17,17,0,684.49,672.80,693.40,24.11,17,0,0,0.50,0.50,0.50,28.03,17,17,0,0.11,0.10,0.20,28.77,17,17,0,1.09,1.00,1.10,28.47,17,17,0,0.21,0.20,0.30,28.10,17,17,0
1098505,0.38,0.30,0.40,28.75,17,17,0,-0.02,-0.10,0.10,28.34,17,17,0,670.12,663.40,678.40,24.13,17,0,0,0.50,0.50,0.50,28.05,17,17,0,0.11,0.10,0.20,28.79,17,17,0,1.08,1.00,1.10,28.48,17,17,0,0.23,0.20,0.30,28.10,17,17,0
1099005,0.38,0.30,0.40,28.75,17,17,0,-0.05,-0.10,0.00,28.33,17,17,0,668.02,658.00,677.60,24.09,17,0,0,0.51,0.50,0.60,28.05,17,17,0,0.11,0.10,0.20,28.79,17,17,0,1.09,1.00,1.10,28.48,17,17,0,0.22,0.20,0.30,28.10,17,17,0
1099505,0.35,0.30,0.40,28.74,17,17,0,-0.01,-0.10,0.00,28.34,17,17,0,678.74,669.10,689.80,24.11,17,0,0,0.50,0.50,0.50,28.06,17,17,0,0.11,0.10,0.20,28.79,17,17,0,1.08,1.00,1.10,28.47,17,17,0,0.25,0.20,0.30,28.09,17,17,0
1100005,0.38,0.30,0.40,28.76,17,17,0,-0.01,-0.10,0.10,28.34,17,17,0,688.06,674.20,696.90,24.09,17,0,0,0.50,0.50,0.50,28.05,17,17,0,0.10,0.10,0.10,28.79,17,17,0,1.07,1.00,1.10,28.48,17,17,0,0.24,0.20,0.30,28.10,17,17,0
1100505,0.38,0.30,0.40,28.75,17,17,0,-0.03,-0.10,0.10,28.34,17,17,0,676.62,659.40,696.90,24.11,17,0,0,0.51,0.50,0.60,28.05,17,17,0,0.11,0.10,0.20,28.79,17,17,0,1.10,1.10,1.10,28.48,17,17,0,0.25,0.20,0.30,28.09,17,17,0
1101005,0.38,0.30,0.40,28.74,17,17,0,-0.02,-0.10,0.10,28.32,17,17,0,663.09,649.90,673.70,24.10,17,0,0,0.50,0.50,0.50,28.05,17,17,0,0.11,0.10,0.20,28.78,17,17,0,1.09,1.00,1.10,28.47,17,17,0,0.24,0.20,0.30,28.10,17,17,0
1101505,0.35,0.30,0.40,28.74,17,17,0,-0.02,-0.10,0.10,28.31,17,17,0,664.18,653.60,679.90,24.09,17,0,0,0.50,0.50,0.50,28.05,17,17,0,0.10,0.10,0.10,28.81,17,17,0,1.09,1.00,1.10,28.48,17,17,0,0.26,0.20,0.30,28.10,17,17,0
1102006,0.38,0.30,0.40,28.75,17,17,0,-0.02,-0.10,0.10,28.33,17,17,0,681.75,672.00,694.50,24.10,17,0,0,0.50,0.50,0.50,28.04,17,17,0,0.10,0.10,0.10,28.80,17,17,0,1.09,1.00,1.10,28.48,17,17,0,0.23,0.20,0.30,28.10,17,17,0
1102506,0.38,0.30,0.40,28.74,17,17,0,-0.02,-0.10,0.10,28.33,17,17,0,692.58,684.20,700.10,24.12,17,0,0,0.51,0.50,0.60,28.02,17,17,0,0.11,0.10,0.20,28.79,17,17,0,1.07,1.00,1.10,28.47,17,17,0,0.25,0.20,0.30,28.10,17,17,0
1103006,0.38,0.30,0.40,28.75,17,17,0,0.01,-0.10,0.10,28.32,17,17,0,681.86,674.00,694.10,24.12,17,0,0,0.49,0.40,0.50,28.04,17,17,0,0.12,0.10,0.20,28.80,17,17,0,1.08,1.00,1.10,28.49,17,17,0,0.21,0.20,0.30,28.10,17,17,0
1103506,0.36,0.30,0.40,28.74,17,17,0,0.01,-0.10,0.10,28.32,17,17,0,667.95,655.10,681.00,24.09,17,0,0,0.50,0.40,0.60,28.06,17,17,0,0.12,0.10,0.20,28.79,17,17,0,1.08,1.00,1.10,28.49,17,17,0,0.23,0.20,0.30,28.09,17,17,0
1104006,0.38,0.30,0.40,28.75,17,17,0,-0.02,-0.10,0.10,28.32,17,17,0,672.48,662.20,684.40,24.09,17,0,0,0.49,0.40,0.50,28.05,17,17,0,0.11,0.10,0.20,28.79,17,17,0,1.09,1.00,1.10,28.48,17,17,0,0.22,0.20,0.30,28.09,17,17,0
1104510,0.36,0.30,0.40,28.75,17,17,0,-0.04,-0.10,0.00,28.31,17,17,0,687.01,671.40,696.40,24.07,17,0,0,0.50,0.50,0.50,28.04,17,17,0,0.11,0.10,0.20,28.80,17,17,0,1.09,1.00,1.10,28.47,17,17,0,0.22,0.20,0.30,28.11,17,17,0
1105010,0.37,0.30,0.40,28.75,17,17,0,0.01,-0.10,0.10,28.31,17,17,0,686.58,674.50,697.10,24.11,17,0,0,0.51,0.50,0.60,28.04,17,17,0,0.11,0.10,0.20,28.79,17,17,0,1.09,1.00,1.20,28.48,17,17,0,0.21,0.20,0.30,28.07,17,17,0
1105512,0.37,0.30,0.40,28.76,17,17,0,-0.02,-0.10,0.00,28.34,17,17,0,669.28,661.80,676.90,24.10,17,0,0,0.50,0.50,0.50,28.05,17,17,0,0.09,0.00,0.10,28.81,17,17,0,1.09,1.00,1.10,28.48,17,17,0,0.22,0.20,0.30,28.11,17,17,0
1106012,0.36,0.30,0.40,28.75,17,17,0,-0.01,-0.10,0.00,28.32,17,17,0,664.47,657.70,673.20,24.09,17,0,0,0.50,0.50,0.50,28.05,17,17,0,0.10,0.00,0.20,28.79,17,17,0,1.08,1.00,1.10,28.48,17,17,0,0.24,0.20,0.30,28.08,17,17,0
1106512,0.36,0.30,0.40,28.75,17,17,0,-0.02,-0.10,0.10,28.33,17,17,0,674.55,664.20,690.40,24.11,17,0,0,0.50,0.50,0.50,28.07,17,17,0,0.10,0.10,0.10,28.79,17,17,0,1.09,1.00,1.10,28.48,17,17,0,0.24,0.20,0.30,28.11,17,17,0
1107012,0.38,0.30,0.40,28.74,17,17,0,-0.02,-0.10,0.00,28.32,17,17,0,683.64,675.60,696.90,24.11,17,0,0,0.51,0.50,0.60,28.06,17,17,0,0.11,0.10,0.20,28.80,17,17,0,1.09,1.00,1.10,28.49,17,17,0,0.24,0.20,0.30,28.10,17,17,0
1107512,0.36,0.30,0.40,28.74,17,17,0,-0.02,-0.10,0.10,28.31,17,17,0,678.62,664.00,689.90,24.09,17,0,0,0.49,0.40,0.50,28.04,17,17,0,0.11,0.10,0.20,28.80,17,17,0,1.09,1.00,1.10,28.48,17,17,0,0.26,0.20,0.30,28.11,17,17,0
1108013,0.40,0.40,0.40,28.75,17,17,0,0.00,-0.10,0.10,28.34,17,17,0,663.35,652.40,670.50,24.10,17,0,0,0.50,0.50,0.50,28.05,17,17,0,0.12,0.10,0.20,28.80,17,17,0,1.09,1.00,1.10,28.48,17,17,0,0.24,0.20,0.30,28.09,17,17,0
1108517,0.36,0.30,0.40,28.75,17,17,0,-0.02,-0.10,0.10,28.31,17,17,0,664.75,653.20,677.10,24.08,17,0,0,0.50,0.50,0.50,28.04,17,17,0,0.11,0.10,0.20,28.81,17,17,0,1.08,1.00,1.10,28.49,17,17,0,0.24,0.20,0.30,28.10,17,17,0
1109019,0.36,0.30,0.40,28.75,17,17,0,-0.02,-0.10,0.10,28.35,17,17,0,676.33,670.00,685.90,24.10,17,0,0,0.51,0.50,0.60,28.04,17,17,0,0.11,0.10,0.20,28.80,17,17,0,1.09,1.00,1.10,28.48,17,17,0,0.23,0.20,0.30,28.09,17,17,0
1109519,0.37,0.30,0.40,28.75,17,17,0,-0.01,-0.10,0.10,28.30,17,17,0,685.78,678.60,690.20,24.07,17,0,0,0.50,0.50,0.50,28.05,17,17,0,0.10,0.10,0.10,28.79,17,17,0,1.08,1.00,1.10,28.48,17,17,0,0.24,0.20,0.30,28.10,17,17,0
1110019,0.36,0.30,0.40,28.74,17,17,0,-0.03,-0.10,0.00,28.34,17,17,0,675.59,666.00,683.50,24.09,17,0,0,0.50,0.50,0.50,28.04,17,17,0,0.12,0.10,0.20,28.81,17,17,0,1.09,1.00,1.10,28.48,17,17,0,0.24,0.20,0.30,28.12,17,17,0
1110519,0.38,0.30,0.40,28.73,17,17,0,-0.01,-0.10,0.10,28.33,17,17,0,668.92,660.30,677.20,24.07,17,0,0,0.50,0.50,0.50,28.05,17,17,0,0.10,0.10,0.10,28.80,17,17,0,1.10,1.10,1.10,28.48,17,17,0,0.22,0.20,0.30,28.09,17,17,0
1111019,0.37,0.30,0.40,28.75,17,17,0,0.00,-0.10,0.10,28.33,17,17,0,674.81,665.70,682.70,24.09,17,0,0,0.51,0.50,0.60,28.05,17,17,0,0.11,0.10,0.20,28.80,17,17,0,1.09,1.00,1.10,28.47,17,17,0,0.23,0.20,0.30,28.10,17,17,0
1111519,0.38,0.30,0.40,28.76,16,16,0,-0.01,-0.10,0.10,28.32,16,16,0,685.38,675.20,692.70,24.08,16,0,0,0.50,0.50,0.50,28.05,16,16,0,0.11,0.10,0.20,28.80,16,16,0,1.09,1.00,1.10,28.50,16,16,0,0.24,0.20,0.30,28.10,16,16,0
1112019,0.36,0.30,0.40,28.73,17,17,0,-0.02,-0.10,0.10,28.32,17,17,0,687.56,674.70,703.70,24.08,17,0,0,0.50,0.50,0.50,28.06,17,17,0,0.11,0.10,0.20,28.80,17,17,0,1.09,1.00,1.10,28.48,17,17,0,0.24,0.20,0.30,28.09,17,17,0
1112519,0.38,0.30,0.40,28.75,17,17,0,0.01,-0.10,0.10,28.33,17,17,0,675.26,657.90,688.10,24.08,17,0,0,0.50,0.50,0.50,28.04,17,17,0,0.10,0.00,0.20,28.79,17,17,0,1.07,1.00,1.10,28.48,17,17,0,0.22,0.20,0.30,28.10,17,17,0
1113019,0.36,0.30,0.40,28.75,17,17,0,0.00,-0.10,0.10,28.31,17,17,0,675.04,661.00,684.70,24.07,17,0,0,0.50,0.50,0.50,28.07,17,17,0,0.11,0.10,0.20,28.80,17,17,0,1.09,1.00,1.10,28.48,17,17,0,0.24,0.20,0.30,28.10,17,17,0
1113519,0.38,0.30,0.40,28.74,17,17,0,-0.01,-0.10,0.10,28.33,17,17,0,682.88,676.20,692.50,24.08,17,0,0,0.50,0.50,0.50,28.04,17,17,0,0.12,0.10,0.20,28.80,17,17,0,1.09,1.00,1.10,28.47,17,17,0,0.23,0.20,0.30,28.11,17,17,0
1114019,0.36,0.30,0.40,28.74,17,17,0,-0.01,-0.10,0.10,28.31,17,17,0,692.26,685.10,699.50,24.09,17,0,0,0.50,0.50,0.50,28.04,17,17,0,0.11,0.10,0.20,28.81,17,17,0,1.09,1.00,1.20,28.47,17,17,0,0.22,0.20,0.30,28.11,17,17,0
1114519,0.39,0.30,0.40,28.76,17,17,0,-0.02,-0.10,0.10,28.33,17,17,0,689.28,673.50,705.10,24.08,17,0,0,0.50,0.50,0.50,28.04,17,17,0,0.11,0.10,0.20,28.81,17,17,0,1.09,1.00,1.10,28.47,17,17,0,0.24,0.20,0.30,28.09,17,17,0
1115019,0.39,0.30,0.40,28.74,17,17,0,-0.01,-0.10,0.10,28.33,17,17,0,684.74,677.00,692.60,24.07,17,0,0,0.50,0.50,0.50,28.06,17,17,0,0.11,0.10,0.20,28.79,17,17,0,1.08,1.00,1.10,28.48,17,17,0,0.24,0.20,0.30,28.10,17,17,0
1115519,0.37,0.30,0.40,28.74,17,17,0,-0.04,-0.10,0.00,28.32,17,17,0,687.80,679.40,695.60,24.08,17,0,0,0.50,0.50,0.50,28.05,17,17,0,0.12,0.10,0.20,28.81,17,17,0,1.09,1.00,1.10,28.47,17,17,0,0.22,0.20,0.30,28.11,17,17,0
1116019,0.36,0.30,0.40,28.73,17,17,0,-0.02,-0.10,0.00,28.32,17,17,0,697.26,690.00,712.60,24.07,17,0,0,0.50,0.50,0.50,28.05,17,17,0,0.11,0.10,0.20,28.80,17,17,0,1.10,1.10,1.10,28.49,17,17,0,0.25,0.20,0.30,28.10,17,17,0
1116519,0.37,0.30,0.40,28.75,17,17,0,-0.04,-0.10,0.00,28.32,17,17,0,702.35,691.50,711.60,24.05,17,0,0,0.50,0.50,0.50,28.04,17,17,0,0.12,0.10,0.20,28.79,17,17,0,1.08,1.00,1.10,28.47,17,17,0,0.23,0.20,0.30,28.09,17,17,0
1117019,0.38,0.30,0.40,28.76,17,17,0,-0.04,-0.10,0.10,28.33,17,17,0,697.69,679.90,709.40,24.05,17,0,0,0.50,0.50,0.50,28.06,17,17,0,0.11,0.10,0.20,28.78,17,17,0,1.09,1.00,1.10,28.49,17,17,0,0.25,0.20,0.30,28.10,17,17,0
1117519,0.35,0.30,0.40,28.75,17,17,0,-0.04,-0.10,0.10,28.34,17,17,0,695.89,681.30,705.80,24.06,17,0,0,0.51,0.50,0.60,28.07,17,17,0,0.11,0.10,0.20,28.80,17,17,0,1.09,1.00,1.10,28.48,17,17,0,0.22,0.20,0.30,28.10,17,17,0
1118019,0.36,0.30,0.40,28.75,17,17,0,-0.02,-0.10,0.10,28.32,17,17,0,704.08,695.70,712.10,24.05,17,0,0,0.50,0.50,0.50,28.05,17,17,0,0.11,0.10,0.20,28.79,17,17,0,1.10,1.10,1.10,28.49,17,17,0,0.23,0.20,0.30,28.10,17,17,0
1118519,0.37,0.30,0.40,28.75,17,17,0,0.00,-0.10,0.10,28.33,17,17,0,708.46,695.30,719.80,24.05,17,0,0,0.51,0.50,0.60,28.04,17,17,0,0.11,0.10,0.20,28.79,17,17,0,1.08,1.00,1.10,28.49,17,17,0,0.24,0.20,0.30,28.10,17,17,0
1119019,0.35,0.30,0.40,28.76,17,17,0,-0.03,-0.10,0.00,28.31,17,17,0,713.87,705.00,719.50,24.04,17,0,0,0.50,0.50,0.50,28.04,17,17,0,0.11,0.10,0.20,28.80,17,17,0,1.08,1.00,1.10,28.47,17,17,0,0.24,0.20,0.30,28.10,17,17,0
1119520,0.37,0.30,0.40,28.75,17,17,0,-0.01,-0.10,0.10,28.32,17,17,0,709.95,700.40,716.30,24.04,17,0,0,0.49,0.40,0.50,28.05,17,17,0,0.10,0.10,0.10,28.81,17,17,0,1.08,1.00,1.10,28.49,17,17,0,0.23,0.20,0.30,28.10,17,17,0
1120020,0.36,0.30,0.40,28.74,17,17,0,0.01,-0.10,0.10,28.32,17,17,0,707.20,691.80,725.90,24.05,17,0,0,0.50,0.50,0.50,28.04,17,17,0,0.11,0.00,0.20,28.80,17,17,0,1.09,1.00,1.20,28.47,17,17,0,0.22,0.20,0.30,28.10,17,17,0
1120521,0.36,0.30,0.40,28.75,17,17,0,-0.02,-0.10,0.10,28.31,17,17,0,717.45,705.70,731.50,24.04,17,0,0,0.50,0.50,0.50,28.04,17,17,0,0.11,0.10,0.20,28.80,17,17,0,1.07,1.00,1.10,28.48,17,17,0,0.22,0.20,0.30,28.11,17,17,0
1121021,0.36,0.30,0.40,28.74,17,17,0,0.02,0.00,0.10,28.33,17,17,0,723.30,716.50,732.10,24.05,17,0,0,0.51,0.50,0.60,28.05,17,17,0,0.12,0.10,0.20,28.80,17,17,0,1.08,1.00,1.10,28.48,17,17,0,0.22,0.20,0.30,28.10,17,17,0
1121521,0.36,0.30,0.40,28.76,17,17,0,-0.03,-0.10,0.10,28.32,17,17,0,725.30,717.10,732.80,24.02,17,0,0,0.50,0.50,0.50,28.06,17,17,0,0.11,0.00,0.20,28.79,17,17,0,1.09,1.00,1.10,28.47,17,17,0,0.22,0.20,0.30,28.11,17,17,0
1122021,0.38,0.30,0.40,28.75,17,17,0,-0.01,-0.10,0.10,28.31,17,17,0,719.32,712.20,728.30,24.02,17,0,0,0.50,0.50,0.50,28.06,17,17,0,0.11,0.10,0.20,28.81,17,17,0,1.09,1.00,1.10,28.46,17,17,0,0.24,0.20,0.30,28.11,17,17,0
1122532,0.34,0.30,0.40,28.75,18,18,0,-0.01,-0.10,0.00,28.31,18,18,0,718.93,713.50,730.00,24.03,18,0,0,0.51,0.50,0.60,28.05,18,18,0,0.10,0.10,0.10,28.81,18,18,0,1.08,1.00,1.10,28.46,18,18,0,0.24,0.20,0.30,28.10,18,18,0
1123032,0.37,0.30,0.40,28.75,17,17,0,-0.02,-0.10,0.10,28.32,17,17,0,723.56,714.10,736.70,24.01,17,0,0,0.51,0.50,0.60,28.04,17,17,0,0.11,0.10,0.20,28.80,17,17,0,1.09,1.00,1.10,28.48,17,17,0,0.24,0.20,0.30,28.11,17,17,0
1123532,0.36,0.30,0.40,28.75,17,17,0,-0.01,-0.10,0.10,28.33,17,17,0,728.36,718.20,739.00,24.03,17,0,0,0.49,0.40,0.50,28.05,17,17,0,0.12,0.10,0.20,28.78,17,17,0,1.09,1.00,1.10,28.48,17,17,0,0.22,0.20,0.30,28.10,17,17,0
1124032,0.36,0.30,0.40,28.74,17,17,0,-0.01,-0.10,0.10,28.33,17,17,0,721.44,703.90,742.40,24.03,17,0,0,0.51,0.50,0.60,28.04,17,17,0,0.10,0.10,0.10,28.80,17,17,0,1.06,1.00,1.10,28.47,17,17,0,0.24,0.20,0.30,28.10,17,17,0
1124532,0.36,0.30,0.40,28.74,17,17,0,0.01,-0.10,0.10,28.32,17,17,0,708.45,694.70,726.60,24.03,17,0,0,0.50,0.50,0.50,28.05,17,17,0,0.11,0.00,0.20,28.80,17,17,0,1.09,1.00,1.10,28.48,17,17,0,0.23,0.20,0.30,28.09,17,17,0
1125032,0.35,0.30,0.40,28.75,17,17,0,0.01,-0.10,0.10,28.33,17,17,0,711.21,699.30,723.70,24.04,17,0,0,0.50,0.50,0.50,28.05,17,17,0,0.10,0.10,0.10,28.81,17,17,0,1.10,1.10,1.10,28.48,17,17,0,0.22,0.20,0.30,28.10,17,17,0
1125532,0.35,0.30,0.40,28.74,17,17,0,-0.02,-0.10,0.10,28.32,17,17,0,719.25,709.90,726.30,24.03,17,0,0,0.50,0.40,0.60,28.06,17,17,0,0.11,0.10,0.20,28.80,17,17,0,1.09,1.00,1.10,28.47,17,17,0,0.23,0.20,0.30,28.09,17,17,0
1126032,0.35,0.30,0.40,28.74,17,17,0,-0.01,-0.10,0.10,28.33,17,17,0,724.67,711.20,735.90,24.02,17,0,0,0.50,0.50,0.50,28.06,17,17,0,0.11,0.10,0.20,28.80,17,17,0,1.09,1.00,1.10,28.48,17,17,0,0.22,0.20,0.30,28.10,17,17,0
1126532,0.37,0.30,0.40,28.74,17,17,0,-0.03,-0.10,0.10,28.34,17,17,0,710.57,694.00,731.00,24.03,17,0,0,0.50,0.50,0.50,28.04,17,17,0,0.11,0.10,0.20,28.80,17,17,0,1.09,1.00,1.10,28.48,17,17,0,0.25,0.20,0.30,28.10,17,17,0
1127032,0.34,0.30,0.40,28.74,17,17,0,-0.05,-0.10,0.00,28.33,17,17,0,702.15,692.50,711.20,24.04,17,0,0,0.51,0.50,0.60,28.05,17,17,0,0.11,0.10,0.20,28.81,17,17,0,1.06,1.00,1.10,28.49,17,17,0,0.25,0.20,0.30,28.11,17,17,0
1127542,0.38,0.30,0.40,28.75,17,17,0,-0.02,-0.10,0.10,28.34,17,17,0,708.83,691.00,729.20,24.03,17,0,0,0.50,0.50,0.50,28.05,17,17,0,0.10,0.10,0.10,28.80,17,17,0,1.08,1.00,1.10,28.48,17,17,0,0.24,0.20,0.30,28.11,17,17,0
1128042,0.36,0.30,0.40,28.74,17,17,0,-0.02,-0.10,0.00,28.30,17,17,0,715.15,703.90,727.50,24.02,17,0,0,0.50,0.50,0.50,28.04,17,17,0,0.11,0.10,0.20,28.79,17,17,0,1.09,1.00,1.10,28.48,17,17,0,0.22,0.20,0.30,28.10,17,17,0
1128547,0.35,0.30,0.40,28.76,17,17,0,-0.04,-0.10,0.00,28.32,17,17,0,713.24,705.00,725.40,24.02,17,0,0,0.49,0.40,0.50,28.05,17,17,0,0.11,0.10,0.20,28.80,17,17,0,1.09,1.00,1.10,28.46,17,17,0,0.22,0.20,0.30,28.12,17,17,0
1129047,0.38,0.30,0.40,28.74,17,17,0,0.00,-0.10,0.10,28.33,17,17,0,696.64,684.50,707.10,24.02,17,0,0,0.50,0.50,0.50,28.03,17,17,0,0.11,0.10,0.20,28.80,17,17,0,1.09,1.00,1.10,28.47,17,17,0,0.23,0.20,0.30,28.10,17,17,0
1129547,0.38,0.30,0.40,28.74,17,17,0,-0.03,-0.10,0.00,28.32,17,17,0,690.52,677.20,699.60,24.03,17,0,0,0.50,0.50,0.50,28.06,17,17,0,0.10,0.10,0.10,28.81,17,17,0,1.09,1.00,1.10,28.47,17,17,0,0.24,0.20,0.30,28.10,17,17,0
1130047,0.36,0.30,0.40,28.74,16,16,0,-0.01,-0.10,0.10,28.33,16,16,0,700.36,691.80,707.50,24.02,16,0,0,0.50,0.50,0.50,28.05,16,16,0,0.11,0.10,0.20,28.80,16,16,0,1.09,1.00,1.10,28.48,16,16,0,0.23,0.20,0.30,28.11,16,16,0
1130547,0.35,0.30,0.40,28.74,17,17,0,-0.02,-0.10,0.00,28.33,17,17,0,708.66,694.30,715.80,24.03,17,0,0,0.50,0.50,0.50,28.05,17,17,0,0.12,0.10,0.20,28.82,17,17,0,1.08,1.00,1.10,28.49,17,17,0,0.25,0.20,0.30,28.10,17,17,0
1131047,0.38,0.30,0.40,28.75,17,17,0,-0.02,-0.10,0.10,28.32,17,17,0,698.88,683.30,712.90,24.02,17,0,0,0.50,0.50,0.50,28.05,17,17,0,0.11,0.10,0.20,28.80,17,17,0,1.08,1.00,1.10,28.48,17,17,0,0.22,0.20,0.30,28.10,17,17,0
1131549,0.36,0.30,0.40,28.74,17,17,0,-0.03,-0.10,0.00,28.32,17,17,0,684.56,674.10,693.50,24.01,17,0,0,0.50,0.50,0.50,28.04,17,17,0,0.11,0.10,0.20,28.82,17,17,0,1.08,1.00,1.10,28.47,17,17,0,0.26,0.20,0.30,28.10,17,17,0
1132049,0.36,0.30,0.40,28.75,17,17,0,-0.02,-0.10,0.10,28.32,17,17,0,688.18,667.80,714.90,24.02,17,0,0,0.50,0.50,0.50,28.05,17,17,0,0.12,0.10,0.20,28.81,17,17,0,1.07,1.00,1.10,28.48,17,17,0,0.23,0.20,0.30,28.11,17,17,0
1132550,0.37,0.30,0.40,28.74,17,17,0,-0.02,-0.10,0.10,28.32,17,17,0,698.08,685.40,707.90,24.02,17,0,0,0.50,0.50,0.50,28.07,17,17,0,0.10,0.10,0.10,28.79,17,17,0,1.08,1.00,1.10,28.49,17,17,0,0.23,0.20,0.30,28.11,17,17,0
1133050,0.36,0.30,0.40,28.76,17,17,0,-0.02,-0.10,0.00,28.33,17,17,0,701.85,690.80,714.80,24.03,17,0,0,0.50,0.50,0.50,28.06,17,17,0,0.11,0.10,0.20,28.80,17,17,0,1.09,1.00,1.10,28.46,17,17,0,0.24,0.20,0.30,28.11,17,17,0
1133550,0.38,0.30,0.40,28.75,17,17,0,-0.02,-0.10,0.10,28.32,17,17,0,691.25,682.90,703.00,24.02,17,0,0,0.50,0.50,0.50,28.03,17,17,0,0.10,0.10,0.10,28.81,17,17,0,1.08,1.00,1.10,28.48,17,17,0,0.25,0.20,0.30,28.11,17,17,0
1134050,0.38,0.30,0.40,28.75,17,17,0,-0.03,-0.10,0.00,28.34,17,17,0,684.84,678.20,689.20,24.01,17,0,0,0.50,0.50,0.50,28.06,17,17,0,0.10,0.00,0.20,28.79,17,17,0,1.08,1.00,1.10,28.49,17,17,0,0.24,0.20,0.30,28.10,17,17,0
1134550,0.36,0.30,0.40,28.73,17,17,0,-0.03,-0.10,0.10,28.32,17,17,0,689.20,680.40,702.60,24.03,17,0,0,0.50,0.50,0.50,28.06,17,17,0,0.11,0.10,0.20,28.81,17,17,0,1.09,1.00,1.10,28.48,17,17,0,0.23,0.20,0.30,28.10,17,17,0
1135050,0.35,0.30,0.40,28.74,17,17,0,0.00,-0.10,0.10,28.33,17,17,0,692.02,683.10,699.20,24.01,17,0,0,0.51,0.50,0.60,28.05,17,17,0,0.11,0.10,0.20,28.81,17,17,0,1.09,1.00,1.10,28.47,17,17,0,0.22,0.20,0.30,28.10,17,17,0
1135554,0.34,0.30,0.40,28.74,17,17,0,-0.02,-0.10,0.10,28.33,17,17,0,685.50,670.10,693.60,24.03,17,0,0,0.50,0.50,0.50,28.06,17,17,0,0.10,0.10,0.10,28.79,17,17,0,1.09,1.00,1.10,28.47,17,17,0,0.24,0.20,0.30,28.11,17,17,0
1136056,0.36,0.30,0.40,28.75,17,17,0,-0.03,-0.10,0.00,28.33,17,17,0,673.28,662.40,682.90,24.03,17,0,0,0.50,0.50,0.50,28.06,17,17,0,0.11,0.10,0.20,28.82,17,17,0,1.08,1.00,1.10,28.46,17,17,0,0.22,0.20,0.30,28.09,17,17,0
1136556,0.35,0.30,0.40,28.75,17,17,0,-0.02,-0.10,0.10,28.34,17,17,0,670.69,665.90,678.50,24.03,17,0,0,0.50,0.50,0.50,28.05,17,17,0,0.11,0.10,0.20,28.80,17,17,0,1.08,1.00,1.10,28.47,17,17,0,0.21,0.20,0.30,28.10,17,17,0
1137056,0.37,0.30,0.40,28.75,17,17,0,-0.04,-0.10,0.10,28.32,17,17,0,677.69,667.00,685.20,24.03,17,0,0,0.50,0.50,0.50,28.06,17,17,0,0.11,0.10,0.20,28.81,17,17,0,1.08,1.00,1.10,28.48,17,17,0,0.24,0.20,0.30,28.12,17,17,0
1137556,0.39,0.30,0.40,28.74,17,17,0,-0.01,-0.10,0.10,28.33,17,17,0,686.24,676.70,695.10,24.02,17,0,0,0.50,0.50,0.50,28.07,17,17,0,0.10,0.10,0.10,28.81,17,17,0,1.09,1.00,1.10,28.47,17,17,0,0.26,0.20,0.30,28.09,17,17,0
1138056,0.38,0.30,0.40,28.75,17,17,0,-0.02,-0.10,0.00,28.31,17,17,0,679.28,670.80,689.40,24.01,17,0,0,0.50,0.50,0.50,28.05,17,17,0,0.12,0.10,0.20,28.81,17,17,0,1.09,1.00,1.10,28.49,17,17,0,0.23,0.20,0.30,28.11,17,17,0
1138557,0.37,0.30,0.40,28.75,17,17,0,-0.02,-0.10,0.00,28.35,17,17,0,666.84,644.50,677.70,24.04,17,0,0,0.50,0.50,0.50,28.05,17,17,0,0.11,0.10,0.20,28.80,17,17,0,1.10,1.10,1.10,28.48,17,17,0,0.26,0.20,0.30,28.13,17,17,0
1139057,0.36,0.30,0.40,28.75,17,17,0,-0.02,-0.10,0.00,28.34,17,17,0,668.07,656.00,676.30,24.02,17,0,0,0.50,0.50,0.50,28.07,17,17,0,0.10,0.10,0.10,28.82,17,17,0,1.08,1.00,1.10,28.48,17,17,0,0.24,0.20,0.30,28.10,17,17,0
1139558,0.36,0.30,0.40,28.75,17,17,0,-0.02,-0.10,0.00,28.34,17,17,0,678.29,664.80,693.10,24.01,17,0,0,0.50,0.50,0.50,28.06,17,17,0,0.11,0.10,0.20,28.80,17,17,0,1.10,1.10,1.10,28.48,17,17,0,0.22,0.20,0.30,28.11,17,17,0
1140058,0.35,0.30,0.40,28.74,17,17,0,-0.01,-0.10,0.10,28.33,17,17,0,684.86,677.20,694.60,24.00,17,0,0,0.51,0.50,0.60,28.04,17,17,0,0.11,0.10,0.20,28.80,17,17,0,1.09,1.00,1.10,28.49,17,17,0,0.23,0.20,0.30,28.11,17,17,0
1140559,0.36,0.30,0.40,28.75,17,17,0,-0.02,-0.10,0.10,28.34,17,17,0,671.61,665.00,680.20,24.00,17,0,0,0.50,0.50,0.50,28.05,17,17,0,0.11,0.10,0.20,28.82,17,17,0,1.08,1.00,1.10,28.47,17,17,0,0.23,0.20,0.30,28.11,17,17,0
1141059,0.36,0.30,0.40,28.75,17,17,0,-0.02,-0.10,0.10,28.34,17,17,0,660.94,654.20,668.90,24.03,17,0,0,0.50,0.50,0.50,28.07,17,17,0,0.11,0.10,0.20,28.79,17,17,0,1.10,1.10,1.10,28.50,17,17,0,0.22,0.20,0.30,28.10,17,17,0
1141571,0.34,0.30,0.40,28.74,18,18,0,0.00,-0.10,0.10,28.33,18,18,0,665.28,654.90,677.20,24.02,18,0,0,0.50,0.50,0.50,28.05,18,18,0,0.11,0.10,0.20,28.80,18,18,0,1.09,1.00,1.10,28.47,18,18,0,0.23,0.20,0.30,28.12,18,18,0
1142079,0.36,0.30,0.40,28.75,17,17,0,-0.02,-0.10,0.10,28.32,17,17,0,679.92,665.40,688.70,24.03,17,0,0,0.50,0.50,0.50,28.05,17,17,0,0.09,0.00,0.10,28.81,17,17,0,1.09,1.00,1.10,28.48,17,17,0,0.25,0.20,0.30,28.11,17,17,0
1142583,0.36,0.30,0.40,28.76,17,17,0,-0.01,-0.10,0.10,28.33,17,17,0,684.04,674.70,697.90,24.01,17,0,0,0.50,0.50,0.50,28.05,17,17,0,0.10,0.10,0.10,28.80,17,17,0,1.09,1.00,1.10,28.48,17,17,0,0.23,0.20,0.30,28.10,17,17,0
1143083,0.37,0.30,0.40,28.75,17,17,0,-0.02,-0.10,0.10,28.34,17,17,0,668.86,660.50,675.90,24.01,17,0,0,0.50,0.50,0.50,28.04,17,17,0,0.11,0.10,0.20,28.81,17,17,0,1.08,1.00,1.10,28.47,17,17,0,0.22,0.20,0.30,28.11,17,17,0
1143583,0.38,0.30,0.40,28.77,17,17,0,-0.04,-0.10,0.00,28.33,17,17,0,663.52,655.00,670.30,24.01,17,0,0,0.51,0.50,0.60,28.07,17,17,0,0.11,0.10,0.20,28.81,17,17,0,1.09,1.00,1.10,28.48,17,17,0,0.21,0.20,0.30,28.10,17,17,0
1144083,0.38,0.30,0.40,28.75,17,17,0,-0.02,-0.10,0.10,28.33,17,17,0,670.86,662.60,677.70,24.03,17,0,0,0.49,0.40,0.50,28.06,17,17,0,0.11,0.10,0.20,28.80,17,17,0,1.09,1.00,1.10,28.50,17,17,0,0.24,0.20,0.30,28.11,17,17,0
1144595,0.36,0.30,0.40,28.76,18,18,0,-0.02,-0.10,0.10,28.32,18,18,0,681.98,676.40,688.00,24.03,18,0,0,0.50,0.50,0.50,28.05,18,18,0,0.10,0.10,0.10,28.81,18,18,0,1.09,1.00,1.10,28.48,18,18,0,0.24,0.20,0.30,28.10,18,18,0
1145095,0.38,0.30,0.40,28.75,17,17,0,-0.03,-0.10,0.00,28.32,17,17,0,680.06,669.70,687.20,24.02,17,0,0,0.50,0.50,0.50,28.07,17,17,0,0.10,0.10,0.10,28.81,17,17,0,1.09,1.00,1.10,28.48,17,17,0,0.26,0.20,0.30,28.10,17,17,0
1145596,0.35,0.30,0.40,28.74,17,17,0,-0.04,-0.10,0.00,28.33,17,17,0,667.66,663.50,670.70,24.03,17,0,0,0.50,0.50,0.50,28.06,17,17,0,0.12,0.10,0.20,28.79,17,17,0,1.09,1.00,1.10,28.47,17,17,0,0.27,0.20,0.30,28.11,17,17,0
1146096,0.38,0.30,0.40,28.74,17,17,0,-0.02,-0.10,0.10,28.34,17,17,0,665.84,659.60,670.80,24.02,17,0,0,0.49,0.40,0.50,28.05,17,17,0,0.11,0.10,0.20,28.80,17,17,0,1.10,1.10,1.10,28.50,17,17,0,0.25,0.20,0.30,28.11,17,17,0
1146597,0.37,0.30,0.40,28.76,17,17,0,-0.02,-0.10,0.10,28.33,17,17,0,678.65,663.90,687.90,24.02,17,0,0,0.51,0.50,0.60,28.07,17,17,0,0.13,0.10,0.20,28.80,17,17,0,1.08,1.00,1.10,28.48,17,17,0,0.24,0.20,0.30,28.10,17,17,0
1147097,0.35,0.30,0.40,28.74,17,17,0,-0.02,-0.10,0.00,28.33,17,17,0,687.18,675.50,701.10,24.02,17,0,0,0.49,0.40,0.50,28.06,17,17,0,0.11,0.10,0.20,28.82,17,17,0,1.09,1.00,1.10,28.49,17,17,0,0.23,0.20,0.30,28.11,17,17,0
1147597,0.37,0.30,0.40,28.75,17,17,0,-0.02,-0.10,0.10,28.32,17,17,0,679.85,667.40,695.10,24.03,17,0,0,0.50,0.50,0.50,28.04,17,17,0,0.10,0.10,0.10,28.82,17,17,0,1.10,1.10,1.10,28.49,17,17,0,0.23,0.20,0.30,28.11,17,17,0
1148097,0.36,0.30,0.40,28.76,17,17,0,0.00,-0.10,0.10,28.34,17,17,0,667.58,658.00,673.70,24.00,17,0,0,0.50,0.50,0.50,28.06,17,17,0,0.11,0.10,0.20,28.81,17,17,0,1.08,1.00,1.10,28.48,17,17,0,0.23,0.20,0.30,28.09,17,17,0
1148597,0.36,0.30,0.40,28.75,17,17,0,-0.04,-0.10,0.10,28.33,17,17,0,668.84,658.30,678.80,24.01,17,0,0,0.50,0.50,0.50,28.07,17,17,0,0.11,0.10,0.20,28.80,17,17,0,1.09,1.00,1.10,28.49,17,17,0,0.24,0.20,0.30,28.11,17,17,0
1149097,0.36,0.30,0.40,28.74,16,16,0,-0.03,-0.10,0.00,28.33,16,16,0,682.62,667.20,692.30,24.02,16,0,0,0.50,0.50,0.50,28.06,16,16,0,0.11,0.10,0.20,28.80,16,16,0,1.09,1.00,1.10,28.48,16,16,0,0.23,0.20,0.30,28.13,16,16,0
1149597,0.36,0.30,0.40,28.74,17,17,0,-0.03,-0.10,0.00,28.33,17,17,0,693.41,683.60,705.80,23.99,17,0,0,0.50,0.50,0.50,28.05,17,17,0,0.11,0.10,0.20,28.80,17,17,0,1.06,1.00,1.10,28.48,17,17,0,0.22,0.20,0.30,28.11,17,17,0
1150097,0.35,0.30,0.40,28.76,17,17,0,-0.02,-0.10,0.10,28.32,17,17,0,679.02,670.60,690.90,24.01,17,0,0,0.50,0.50,0.50,28.07,17,17,0,0.11,0.10,0.20,28.79,17,17,0,1.09,1.00,1.10,28.49,17,17,0,0.23,0.20,0.30,28.11,17,17,0
1150597,0.37,0.30,0.40,28.75,17,17,0,-0.02,-0.10,0.00,28.34,17,17,0,669.26,661.60,677.00,24.00,17,0,0,0.50,0.50,0.50,28.06,17,17,0,0.10,0.00,0.20,28.81,17,17,0,1.08,1.00,1.10,28.48,17,17,0,0.25,0.20,0.30,28.11,17,17,0
1151104,0.36,0.30,0.40,28.74,17,17,0,-0.02,-0.10,0.10,28.32,17,17,0,673.12,662.70,691.60,24.01,17,0,0,0.49,0.40,0.50,28.06,17,17,0,0.11,0.10,0.20,28.81,17,17,0,1.08,1.00,1.10,28.48,17,17,0,0.22,0.20,0.30,28.10,17,17,0
1151604,0.36,0.30,0.40,28.75,17,17,0,-0.01,-0.10,0.10,28.32,17,17,0,686.57,676.60,695.00,24.01,17,0,0,0.50,0.50,0.50,28.05,17,17,0,0.11,0.10,0.20,28.83,17,17,0,1.09,1.00,1.10,28.48,17,17,0,0.22,0.20,0.30,28.11,17,17,0
1152104,0.38,0.30,0.40,28.73,17,17,0,0.01,-0.10,0.10,28.33,17,17,0,690.84,685.80,695.90,24.00,17,0,0,0.50,0.50,0.50,28.05,17,17,0,0.11,0.10,0.20,28.80,17,17,0,1.09,1.00,1.10,28.50,17,17,0,0.25,0.20,0.30,28.12,17,17,0
1152606,0.36,0.30,0.40,28.74,17,17,0,-0.01,-0.10,0.10,28.33,17,17,0,673.55,668.10,681.20,24.02,17,0,0,0.50,0.40,0.60,28.07,17,17,0,0.10,0.10,0.10,28.80,17,17,0,1.10,1.10,1.10,28.48,17,17,0,0.21,0.20,0.30,28.10,17,17,0
1153106,0.36,0.30,0.40,28.75,17,17,0,-0.02,-0.10,0.10,28.33,17,17,0,670.32,663.30,677.40,24.01,17,0,0,0.50,0.50,0.50,28.07,17,17,0,0.10,0.00,0.20,28.81,17,17,0,1.08,1.00,1.10,28.48,17,17,0,0.22,0.20,0.30,28.12,17,17,0
1153606,0.35,0.30,0.40,28.76,17,17,0,-0.04,-0.10,0.00,28.33,17,17,0,675.19,670.70,687.30,24.02,17,0,0,0.50,0.50,0.50,28.06,17,17,0,0.10,0.10,0.10,28.81,17,17,0,1.09,1.00,1.10,28.49,17,17,0,0.23,0.20,0.30,28.12,17,17,0
1154106,0.35,0.30,0.40,28.74,17,17,0,-0.01,-0.10,0.00,28.32,17,17,0,685.95,677.90,693.10,24.01,17,0,0,0.51,0.50,0.60,28.05,17,17,0,0.11,0.10,0.20,28.80,17,17,0,1.09,1.00,1.10,28.50,17,17,0,0.24,0.20,0.30,28.10,17,17,0
1154608,0.38,0.30,0.40,28.74,17,17,0,-0.01,-0.10,0.10,28.32,17,17,0,681.08,667.00,689.10,24.01,17,0,0,0.50,0.50,0.50,28.07,17,17,0,0.10,0.10,0.10,28.80,17,17,0,1.07,1.00,1.10,28.49,17,17,0,0.24,0.20,0.30,28.11,17,17,0
1155108,0.36,0.30,0.40,28.74,17,17,0,-0.02,-0.10,0.10,28.33,17,17,0,670.00,655.20,679.60,24.01,17,0,0,0.50,0.50,0.50,28.06,17,17,0,0.11,0.10,0.20,28.81,17,17,0,1.08,1.00,1.10,28.49,17,17,0,0.24,0.20,0.30,28.11,17,17,0
1155608,0.36,0.30,0.40,28.77,17,17,0,-0.05,-0.10,0.00,28.33,17,17,0,670.22,662.60,678.40,24.02,17,0,0,0.51,0.50,0.60,28.05,17,17,0,0.11,0.10,0.20,28.79,17,17,0,1.08,1.00,1.10,28.48,17,17,0,0.24,0.20,0.30,28.10,17,17,0
1156108,0.36,0.30,0.40,28.76,17,17,0,-0.03,-0.10,0.00,28.32,17,17,0,678.33,669.50,688.50,24.00,17,0,0,0.49,0.40,0.50,28.05,17,17,0,0.10,0.10,0.10,28.80,17,17,0,1.08,1.00,1.10,28.47,17,17,0,0.23,0.20,0.30,28.11,17,17,0
1156608,0.36,0.30,0.40,28.75,17,17,0,-0.05,-0.10,0.00,28.31,17,17,0,685.50,675.70,691.00,24.00,17,0,0,0.50,0.50,0.50,28.05,17,17,0,0.11,0.10,0.20,28.81,17,17,0,1.09,1.00,1.10,28.48,17,17,0,0.21,0.20,0.30,28.11,17,17,0
1157108,0.36,0.30,0.40,28.74,17,17,0,-0.02,-0.10,0.10,28.33,17,17,0,672.12,667.20,679.30,24.01,17,0,0,0.50,0.50,0.50,28.07,17,17,0,0.10,0.10,0.10,28.80,17,17,0,1.09,1.00,1.10,28.48,17,17,0,0.25,0.20,0.30,28.12,17,17,0
1157608,0.36,0.30,0.40,28.76,17,17,0,-0.02,-0.10,0.10,28.31,17,17,0,669.77,663.90,678.10,24.03,17,0,0,0.50,0.50,0.50,28.06,17,17,0,0.11,0.10,0.20,28.79,17,17,0,1.08,1.00,1.10,28.48,17,17,0,0.25,0.20,0.30,28.11,17,17,0
1158108,0.35,0.30,0.40,28.75,17,17,0,-0.01,-0.10,0.00,28.33,17,17,0,672.15,666.30,675.40,24.01,17,0,0,0.50,0.50,0.50,28.06,17,17,0,0.11,0.10,0.20,28.81,17,17,0,1.09,1.00,1.10,28.49,17,17,0,0.26,0.20,0.30,28.13,17,17,0
1158608,0.38,0.30,0.40,28.78,17,17,0,-0.04,-0.10,0.00,28.34,17,17,0,682.62,673.30,690.80,24.02,17,0,0,0.50,0.50,0.50,28.06,17,17,0,0.11,0.10,0.20,28.81,17,17,0,1.09,1.00,1.10,28.50,17,17,0,0.25,0.20,0.30,28.11,17,17,0
1159108,0.36,0.30,0.40,28.74,17,17,0,-0.03,-0.10,0.10,28.33,17,17,0,683.56,676.30,689.70,24.01,17,0,0,0.49,0.40,0.50,28.06,17,17,0,0.12,0.10,0.20,28.83,17,17,0,1.09,1.00,1.10,28.48,17,17,0,0.22,0.20,0.30,28.09,17,17,0
1159608,0.35,0.30,0.40,28.75,17,17,0,-0.03,-0.10,0.10,28.33,17,17,0,679.78,671.90,686.60,24.00,17,0,0,0.51,0.50,0.60,28.06,17,17,0,0.12,0.10,0.20,28.80,17,17,0,1.06,1.00,1.10,28.49,17,17,0,0.21,0.20,0.30,28.12,17,17,0
1160108,0.36,0.30,0.40,28.75,17,17,0,-0.03,-0.10,0.10,28.34,17,17,0,680.06,673.20,687.60,24.01,17,0,0,0.51,0.50,0.60,28.05,17,17,0,0.11,0.10,0.20,28.80,17,17,0,1.08,1.00,1.10,28.46,17,17,0,0.25,0.20,0.30,28.12,17,17,0
1160609,0.35,0.30,0.40,28.76,17,17,0,-0.02,-0.10,0.10,28.32,17,17,0,684.62,679.00,691.80,24.01,17,0,0,0.49,0.40,0.50,28.07,17,17,0,0.12,0.00,0.20,28.81,17,17,0,1.09,1.00,1.10,28.50,17,17,0,0.24,0.20,0.30,28.12,17,17,0
1161109,0.36,0.30,0.40,28.75,17,17,0,-0.01,-0.10,0.10,28.33,17,17,0,690.90,683.60,700.80,24.00,17,0,0,0.50,0.50,0.50,28.06,17,17,0,0.11,0.10,0.20,28.79,17,17,0,1.09,1.00,1.10,28.47,17,17,0,0.24,0.20,0.30,28.11,17,17,0
1161609,0.36,0.30,0.40,28.75,17,17,0,-0.00,-0.10,0.10,28.34,17,17,0,689.11,682.80,699.30,23.98,17,0,0,0.50,0.50,0.50,28.06,17,17,0,0.11,0.10,0.20,28.80,17,17,0,1.09,1.00,1.10,28.49,17,17,0,0.24,0.20,0.30,28.12,17,17,0
1162109,0.38,0.30,0.40,28.75,17,17,0,-0.01,-0.10,0.00,28.33,17,17,0,684.72,676.50,690.90,24.00,17,0,0,0.50,0.50,0.50,28.07,17,17,0,0.10,0.00,0.20,28.80,17,17,0,1.09,1.00,1.10,28.48,17,17,0,0.23,0.10,0.30,28.10,17,17,0
1162609,0.36,0.30,0.40,28.75,17,17,0,-0.02,-0.10,0.10,28.33,17,17,0,689.51,678.00,697.10,23.99,17,0,0,0.50,0.50,0.50,28.05,17,17,0,0.11,0.10,0.20,28.80,17,17,0,1.08,1.00,1.10,28.48,17,17,0,0.22,0.20,0.30,28.11,17,17,0
1163109,0.36,0.30,0.40,28.75,17,17,0,-0.04,-0.10,0.10,28.32,17,17,0,696.43,685.60,703.90,23.99,17,0,0,0.50,0.50,0.50,28.06,17,17,0,0.12,0.10,0.20,28.82,17,17,0,1.08,1.00,1.10,28.48,17,17,0,0.22,0.20,0.30,28.12,17,17,0
1163609,0.36,0.30,0.40,28.75,17,17,0,-0.02,-0.10,0.00,28.33,17,17,0,697.56,693.60,704.80,24.00,17,0,0,0.51,0.40,0.60,28.06,17,17,0,0.11,0.10,0.20,28.82,17,17,0,1.08,1.00,1.10,28.48,17,17,0,0.22,0.20,0.30,28.11,17,17,0
1164109,0.37,0.30,0.40,28.74,17,17,0,-0.03,-0.10,0.10,28.32,17,17,0,696.16,690.20,700.20,24.01,17,0,0,0.50,0.50,0.50,28.06,17,17,0,0.10,0.10,0.10,28.81,17,17,0,1.07,1.00,1.10,28.50,17,17,0,0.23,0.20,0.30,28.11,17,17,0
1164609,0.36,0.30,0.40,28.73,17,17,0,-0.05,-0.10,0.00,28.31,17,17,0,693.85,685.50,698.90,24.01,17,0,0,0.50,0.50,0.50,28.05,17,17,0,0.11,0.10,0.20,28.81,17,17,0,1.08,1.00,1.10,28.48,17,17,0,0.22,0.20,0.30,28.12,17,17,0
1165109,0.38,0.30,0.40,28.73,17,17,0,-0.03,-0.10,0.00,28.31,17,17,0,704.39,696.80,713.60,24.01,17,0,0,0.50,0.50,0.50,28.06,17,17,0,0.12,0.10,0.20,28.81,17,17,0,1.09,1.00,1.10,28.48,17,17,0,0.21,0.20,0.30,28.10,17,17,0
1165609,0.34,0.30,0.40,28.75,17,17,0,-0.02,-0.10,0.00,28.33,17,17,0,713.76,707.00,723.20,24.02,17,0,0,0.50,0.50,0.50,28.05,17,17,0,0.10,0.10,0.10,28.81,17,17,0,1.09,1.00,1.10,28.50,17,17,0,0.23,0.20,0.30,28.10,17,17,0
1166109,0.36,0.30,0.40,28.74,17,17,0,-0.02,-0.10,0.10,28.34,17,17,0,716.14,709.30,722.70,24.01,17,0,0,0.50,0.40,0.60,28.06,17,17,0,0.10,0.10,0.10,28.81,17,17,0,1.09,1.00,1.10,28.49,17,17,0,0.22,0.20,0.30,28.12,17,17,0
1166609,0.37,0.30,0.40,28.74,17,17,0,-0.02,-0.10,0.10,28.34,17,17,0,710.86,704.20,717.00,24.00,17,0,0,0.51,0.50,0.60,28.06,17,17,0,0.11,0.10,0.20,28.81,17,17,0,1.09,1.00,1.10,28.49,17,17,0,0.24,0.20,0.30,28.11,17,17,0
1167121,0.35,0.30,0.40,28.73,18,18,0,-0.02,-0.10,0.10,28.32,18,18,0,712.67,695.70,725.90,23.99,18,0,0,0.50,0.50,0.50,28.06,18,18,0,0.10,0.10,0.10,28.81,18,18,0,1.08,1.00,1.10,28.48,18,18,0,0.22,0.20,0.30,28.13,18,18,0
1167631,0.36,0.30,0.40,28.77,17,17,0,-0.02,-0.10,0.10,28.32,17,17,0,722.06,717.00,727.30,23.99,17,0,0,0.50,0.50,0.50,28.07,17,17,0,0.11,0.00,0.20,28.82,17,17,0,1.08,1.00,1.10,28.49,17,17,0,0.22,0.20,0.30,28.09,17,17,0
1168131,0.38,0.30,0.40,28.74,17,17,0,0.01,0.00,0.10,28.33,17,17,0,724.04,715.40,729.20,24.00,17,0,0,0.50,0.50,0.50,28.06,17,17,0,0.12,0.10,0.20,28.82,17,17,0,1.08,1.00,1.10,28.50,17,17,0,0.22,0.20,0.30,28.11,17,17,0
1168632,0.36,0.30,0.40,28.73,17,17,0,-0.01,-0.10,0.10,28.32,17,17,0,721.31,711.30,729.20,23.97,17,0,0,0.50,0.50,0.50,28.06,17,17,0,0.11,0.10,0.20,28.81,17,17,0,1.09,1.00,1.10,28.49,17,17,0,0.24,0.20,0.30,28.11,17,17,0
1169132,0.35,0.30,0.40,28.75,17,17,0,0.00,-0.10,0.10,28.32,17,17,0,713.00,708.80,716.60,23.98,17,0,0,0.51,0.50,0.60,28.05,17,17,0,0.11,0.10,0.20,28.82,17,17,0,1.09,1.00,1.10,28.48,17,17,0,0.22,0.20,0.30,28.11,17,17,0
1169635,0.37,0.30,0.40,28.74,17,17,0,-0.04,-0.10,0.10,28.31,17,17,0,716.84,710.70,725.60,24.00,17,0,0,0.50,0.50,0.50,28.06,17,17,0,0.10,0.10,0.10,28.80,17,17,0,1.09,1.00,1.10,28.48,17,17,0,0.22,0.20,0.30,28.13,17,17,0
1170145,0.36,0.30,0.40,28.74,17,17,0,-0.01,-0.10,0.00,28.32,17,17,0,722.08,711.90,730.20,24.00,17,0,0,0.50,0.50,0.50,28.07,17,17,0,0.11,0.10,0.20,28.81,17,17,0,1.09,1.00,1.10,28.49,17,17,0,0.22,0.20,0.30,28.12,17,17,0
1170645,0.36,0.30,0.40,28.75,17,17,0,-0.02,-0.10,0.10,28.33,17,17,0,726.49,721.10,733.70,23.99,17,0,0,0.50,0.50,0.50,28.06,17,17,0,0.11,0.10,0.20,28.81,17,17,0,1.09,1.00,1.10,28.48,17,17,0,0.23,0.20,0.30,28.10,17,17,0
1171145,0.35,0.30,0.40,28.74,17,17,0,-0.03,-0.10,0.00,28.34,17,17,0,712.86,708.20,718.60,24.00,17,0,0,0.50,0.50,0.50,28.05,17,17,0,0.11,0.00,0.20,28.81,17,17,0,1.08,1.00,1.10,28.49,17,17,0,0.25,0.20,0.30,28.12,17,17,0
1171645,0.36,0.30,0.40,28.74,17,17,0,-0.04,-0.10,0.00,28.33,17,17,0,705.15,698.60,709.90,23.98,17,0,0,0.51,0.50,0.60,28.06,17,17,0,0.12,0.10,0.20,28.83,17,17,0,1.08,1.00,1.10,28.48,17,17,0,0.22,0.20,0.30,28.11,17,17,0
1172145,0.38,0.30,0.40,28.74,17,17,0,-0.03,-0.10,0.10,28.32,17,17,0,712.07,704.70,718.20,24.01,17,0,0,0.51,0.50,0.60,28.06,17,17,0,0.10,0.10,0.10,28.79,17,17,0,1.06,1.00,1.10,28.49,17,17,0,0.21,0.20,0.30,28.12,17,17,0
1172645,0.36,0.30,0.40,28.74,17,17,0,-0.01,-0.10,0.10,28.33,17,17,0,721.99,712.30,728.50,23.99,17,0,0,0.50,0.50,0.50,28.04,17,17,0,0.11,0.10,0.20,28.80,17,17,0,1.09,1.00,1.10,28.48,17,17,0,0.23,0.20,0.30,28.12,17,17,0
1173145,0.34,0.30,0.40,28.75,17,17,0,-0.04,-0.10,0.00,28.32,17,17,0,721.89,706.60,729.60,23.97,17,0,0,0.50,0.50,0.50,28.08,17,17,0,0.11,0.10,0.20,28.80,17,17,0,1.09,1.00,1.10,28.49,17,17,0,0.22,0.20,0.30,28.12,17,17,0
1173646,0.38,0.30,0.40,28.74,17,17,0,-0.01,-0.10,0.10,28.32,17,17,0,707.59,696.50,720.30,23.98,17,0,0,0.50,0.50,0.50,28.06,17,17,0,0.10,0.10,0.10,28.81,17,17,0,1.06,1.00,1.10,28.50,17,17,0,0.24,0.20,0.30,28.11,17,17,0
1174146,0.36,0.30,0.40,28.76,17,17,0,-0.01,-0.10,0.10,28.33,17,17,0,702.14,695.20,710.00,24.00,17,0,0,0.50,0.50,0.50,28.06,17,17,0,0.11,0.10,0.20,28.80,17,17,0,1.09,1.00,1.10,28.49,17,17,0,0.22,0.20,0.30,28.11,17,17,0
1174646,0.36,0.30,0.40,28.75,17,17,0,-0.01,-0.10,0.10,28.33,17,17,0,709.36,704.10,714.60,23.99,17,0,0,0.49,0.40,0.50,28.05,17,17,0,0.11,0.10,0.20,28.80,17,17,0,1.08,1.00,1.10,28.46,17,17,0,0.22,0.20,0.30,28.11,17,17,0
1175146,0.36,0.30,0.40,28.74,17,17,0,-0.02,-0.10,0.10,28.32,17,17,0,717.96,710.50,723.60,23.99,17,0,0,0.50,0.50,0.50,28.06,17,17,0,0.11,0.10,0.20,28.81,17,17,0,1.09,1.00,1.10,28.49,17,17,0,0.22,0.20,0.30,28.11,17,17,0
1175646,0.36,0.30,0.40,28.75,17,17,0,0.00,-0.10,0.10,28.33,17,17,0,708.04,700.20,717.50,23.98,17,0,0,0.52,0.50,0.60,28.08,17,17,0,0.11,0.10,0.20,28.79,17,17,0,1.08,1.00,1.10,28.48,17,17,0,0.25,0.20,0.30,28.13,17,17,0
1176146,0.37,0.30,0.40,28.75,17,17,0,0.00,-0.10,0.10,28.33,17,17,0,694.87,685.30,700.60,23.99,17,0,0,0.50,0.50,0.50,28.06,17,17,0,0.10,0.10,0.10,28.80,17,17,0,1.09,1.00,1.10,28.49,17,17,0,0.24,0.20,0.30,28.12,17,17,0
1176646,0.36,0.30,0.40,28.73,17,17,0,-0.01,-0.10,0.10,28.33,17,17,0,692.66,684.50,699.20,23.99,17,0,0,0.51,0.50,0.60,28.06,17,17,0,0.12,0.10,0.20,28.82,17,17,0,1.09,1.00,1.10,28.49,17,17,0,0.24,0.20,0.30,28.11,17,17,0
1177146,0.35,0.30,0.40,28.76,17,17,0,-0.02,-0.10,0.10,28.32,17,17,0,702.22,695.40,708.40,24.00,17,0,0,0.50,0.50,0.50,28.06,17,17,0,0.10,0.10,0.10,28.80,17,17,0,1.08,1.00,1.10,28.50,17,17,0,0.24,0.20,0.30,28.12,17,17,0
1177646,0.37,0.30,0.40,28.75,17,17,0,-0.01,-0.10,0.10,28.33,17,17,0,708.61,704.10,715.70,24.00,17,0,0,0.50,0.50,0.50,28.04,17,17,0,0.10,0.10,0.10,28.82,17,17,0,1.07,1.00,1.10,28.49,17,17,0,0.21,0.20,0.30,28.11,17,17,0
1178147,0.37,0.30,0.40,28.74,17,17,0,0.01,-0.10,0.10,28.33,17,17,0,696.32,685.10,705.70,23.98,17,0,0,0.51,0.50,0.60,28.06,17,17,0,0.11,0.00,0.20,28.81,17,17,0,1.09,1.00,1.10,28.48,17,17,0,0.22,0.20,0.30,28.12,17,17,0
1178647,0.37,0.30,0.40,28.74,17,17,0,-0.02,-0.10,0.10,28.31,17,17,0,685.07,676.60,690.30,23.99,17,0,0,0.50,0.50,0.50,28.07,17,17,0,0.10,0.10,0.10,28.80,17,17,0,1.08,1.00,1.10,28.49,17,17,0,0.22,0.20,0.30,28.12,17,17,0
1179148,0.36,0.30,0.40,28.73,17,17,0,-0.02,-0.10,0.10,28.32,17,17,0,689.56,682.60,697.60,24.00,17,0,0,0.51,0.50,0.60,28.06,17,17,0,0.09,0.00,0.10,28.80,17,17,0,1.09,1.00,1.10,28.48,17,17,0,0.25,0.20,0.30,28.11,17,17,0
1179648,0.36,0.30,0.40,28.74,17,17,0,0.00,-0.10,0.10,28.34,17,17,0,698.02,693.30,708.20,24.00,17,0,0,0.51,0.50,0.60,28.07,17,17,0,0.11,0.10,0.20,28.80,17,17,0,1.08,1.00,1.10,28.48,17,17,0,0.23,0.20,0.30,28.11,17,17,0
1180148,0.38,0.30,0.40,28.74,17,17,0,-0.02,-0.10,0.10,28.34,17,17,0,699.61,693.90,706.50,24.00,17,0,0,0.49,0.40,0.50,28.04,17,17,0,0.10,0.10,0.10,28.80,17,17,0,1.10,1.10,1.10,28.48,17,17,0,0.23,0.20,0.30,28.12,17,17,0
1180650,0.36,0.30,0.40,28.74,17,17,0,-0.03,-0.10,0.10,28.31,17,17,0,686.96,680.90,693.80,23.99,17,0,0,0.50,0.50,0.50,28.04,17,17,0,0.11,0.10,0.20,28.83,17,17,0,1.09,1.00,1.10,28.49,17,17,0,0.22,0.20,0.30,28.12,17,17,0
1181162,0.37,0.30,0.40,28.76,18,18,0,-0.02,-0.10,0.10,28.31,18,18,0,684.84,680.40,688.80,24.00,18,0,0,0.50,0.50,0.50,28.08,18,18,0,0.11,0.10,0.20,28.81,18,18,0,1.08,1.00,1.10,28.48,18,18,0,0.23,0.20,0.30,28.12,18,18,0
1181662,0.38,0.30,0.40,28.76,17,17,0,-0.01,-0.10,0.10,28.32,17,17,0,687.85,684.80,691.40,23.99,17,0,0,0.50,0.50,0.50,28.06,17,17,0,0.11,0.10,0.20,28.81,17,17,0,1.09,1.00,1.10,28.48,17,17,0,0.23,0.20,0.30,28.11,17,17,0
1182162,0.36,0.30,0.40,28.74,17,17,0,0.01,-0.10,0.10,28.32,17,17,0,691.79,685.20,698.10,23.99,17,0,0,0.50,0.50,0.50,28.05,17,17,0,0.11,0.10,0.20,28.81,17,17,0,1.09,1.00,1.10,28.47,17,17,0,0.22,0.20,0.30,28.11,17,17,0
1182663,0.34,0.30,0.40,28.75,17,17,0,-0.02,-0.10,0.00,28.33,17,17,0,685.52,679.30,693.30,23.98,17,0,0,0.50,0.50,0.50,28.07,17,17,0,0.12,0.10,0.20,28.81,17,17,0,1.09,1.00,1.10,28.48,17,17,0,0.24,0.20,0.30,28.12,17,17,0
1183167,0.39,0.30,0.40,28.74,17,17,0,-0.04,-0.10,0.00,28.33,17,17,0,672.35,664.10,678.10,24.00,17,0,0,0.51,0.50,0.60,28.05,17,17,0,0.11,0.00,0.20,28.81,17,17,0,1.09,1.00,1.10,28.49,17,17,0,0.22,0.20,0.30,28.12,17,17,0
1183667,0.36,0.30,0.40,28.76,17,17,0,-0.02,-0.10,0.10,28.33,17,17,0,672.28,665.50,676.90,24.02,17,0,0,0.51,0.50,0.60,28.04,17,17,0,0.12,0.10,0.20,28.82,17,17,0,1.08,1.00,1.10,28.49,17,17,0,0.22,0.20,0.30,28.13,17,17,0
1184167,0.36,0.30,0.40,28.75,17,17,0,-0.02,-0.10,0.10,28.33,17,17,0,679.75,672.20,686.80,24.00,17,0,0,0.49,0.40,0.50,28.06,17,17,0,0.11,0.10,0.20,28.81,17,17,0,1.09,1.00,1.10,28.48,17,17,0,0.22,0.20,0.30,28.13,17,17,0
1184667,0.38,0.30,0.40,28.75,17,17,0,-0.02,-0.10,0.00,28.32,17,17,0,682.10,675.70,689.30,23.99,17,0,0,0.50,0.50,0.50,28.07,17,17,0,0.10,0.10,0.10,28.81,17,17,0,1.09,1.00,1.10,28.48,17,17,0,0.22,0.20,0.30,28.11,17,17,0
1185167,0.35,0.30,0.40,28.76,17,17,0,-0.01,-0.10,0.10,28.32,17,17,0,676.19,667.70,684.70,24.01,17,0,0,0.51,0.50,0.60,28.05,17,17,0,0.11,0.10,0.20,28.81,17,17,0,1.09,1.00,1.10,28.49,17,17,0,0.22,0.20,0.30,28.13,17,17,0
1185667,0.36,0.30,0.40,28.76,17,17,0,-0.05,-0.10,0.00,28.35,17,17,0,666.17,661.50,672.10,24.01,17,0,0,0.50,0.50,0.50,28.06,17,17,0,0.11,0.10,0.20,28.81,17,17,0,1.06,1.00,1.10,28.47,17,17,0,0.25,0.20,0.30,28.12,17,17,0
1186167,0.37,0.30,0.40,28.73,16,16,0,-0.05,-0.10,0.10,28.32,16,16,0,669.15,660.30,676.40,24.01,16,0,0,0.51,0.50,0.60,28.07,16,16,0,0.11,0.10,0.20,28.81,16,16,0,1.09,1.00,1.10,28.48,16,16,0,0.21,0.20,0.30,28.11,16,16,0
1186671,0.34,0.30,0.40,28.74,17,17,0,-0.02,-0.10,0.10,28.32,17,17,0,677.89,666.70,689.50,23.99,17,0,0,0.50,0.50,0.50,28.06,17,17,0,0.11,0.10,0.20,28.80,17,17,0,1.08,1.00,1.10,28.48,17,17,0,0.23,0.20,0.30,28.12,17,17,0
1187175,0.37,0.30,0.40,28.74,17,17,0,-0.02,-0.10,0.10,28.32,17,17,0,683.26,677.50,691.10,24.02,17,0,0,0.51,0.50,0.60,28.07,17,17,0,0.11,0.10,0.20,28.82,17,17,0,1.08,1.00,1.10,28.47,17,17,0,0.23,0.20,0.30,28.12,17,17,0
1187676,0.35,0.30,0.40,28.76,17,17,0,-0.02,-0.10,0.10,28.32,17,17,0,672.64,663.40,682.80,24.02,17,0,0,0.50,0.50,0.50,28.06,17,17,0,0.11,0.10,0.20,28.80,17,17,0,1.09,1.00,1.10,28.48,17,17,0,0.21,0.20,0.30,28.12,17,17,0
1188176,0.37,0.30,0.40,28.74,17,17,0,-0.01,-0.10,0.10,28.33,17,17,0,663.62,659.40,668.30,24.01,17,0,0,0.50,0.50,0.50,28.06,17,17,0,0.11,0.10,0.20,28.81,17,17,0,1.09,1.00,1.10,28.48,17,17,0,0.22,0.20,0.30,28.13,17,17,0
1188677,0.36,0.30,0.40,28.73,17,17,0,-0.04,-0.10,0.00,28.33,17,17,0,669.57,665.20,677.90,24.00,17,0,0,0.50,0.50,0.50,28.08,17,17,0,0.11,0.10,0.20,28.82,17,17,0,1.09,1.00,1.10,28.48,17,17,0,0.23,0.20,0.30,28.12,17,17,0
1189177,0.36,0.30,0.40,28.75,17,17,0,-0.02,-0.10,0.10,28.31,17,17,0,678.34,671.10,686.10,24.02,17,0,0,0.51,0.50,0.60,28.06,17,17,0,0.10,0.10,0.10,28.83,17,17,0,1.09,1.00,1.10,28.48,17,17,0,0.24,0.20,0.30,28.13,17,17,0
1189677,0.38,0.30,0.40,28.72,17,17,0,-0.03,-0.10,0.10,28.33,17,17,0,676.72,670.70,683.80,24.01,17,0,0,0.50,0.40,0.60,28.05,17,17,0,0.11,0.10,0.20,28.81,17,17,0,1.09,1.00,1.10,28.48,17,17,0,0.24,0.20,0.30,28.12,17,17,0
1190177,0.37,0.30,0.40,28.76,17,17,0,-0.04,-0.10,0.10,28.31,17,17,0,664.18,656.70,670.70,24.01,17,0,0,0.50,0.50,0.50,28.07,17,17,0,0.12,0.10,0.20,28.81,17,17,0,1.10,1.10,1.10,28.49,17,17,0,0.24,0.20,0.30,28.12,17,17,0
1190677,0.38,0.30,0.40,28.74,17,17,0,-0.02,-0.10,0.10,28.32,17,17,0,663.09,656.90,667.10,24.03,17,0,0,0.51,0.50,0.60,28.06,17,17,0,0.10,0.10,0.10,28.82,17,17,0,1.08,1.00,1.10,28.48,17,17,0,0.25,0.20,0.30,28.12,17,17,0
1191178,0.38,0.30,0.40,28.76,17,17,0,-0.04,-0.10,0.10,28.33,17,17,0,672.57,666.80,679.20,24.04,17,0,0,0.51,0.50,0.60,28.06,17,17,0,0.11,0.10,0.20,28.82,17,17,0,1.06,1.00,1.10,28.46,17,17,0,0.23,0.20,0.30,28.12,17,17,0
1191678,0.38,0.30,0.40,28.74,17,17,0,0.00,-0.10,0.10,28.32,17,17,0,681.09,677.50,685.60,24.03,17,0,0,0.51,0.50,0.60,28.05,17,17,0,0.11,0.10,0.20,28.82,17,17,0,1.08,1.00,1.10,28.48,17,17,0,0.23,0.20,0.30,28.11,17,17,0
1192178,0.36,0.30,0.40,28.75,17,17,0,-0.01,-0.10,0.10,28.32,17,17,0,676.78,666.80,684.40,24.01,17,0,0,0.50,0.50,0.50,28.05,17,17,0,0.11,0.10,0.20,28.81,17,17,0,1.09,1.00,1.10,28.49,17,17,0,0.23,0.20,0.30,28.13,17,17,0
1192678,0.35,0.30,0.40,28.76,17,17,0,-0.03,-0.10,0.10,28.33,17,17,0,664.87,661.30,669.10,24.00,17,0,0,0.50,0.50,0.50,28.06,17,17,0,0.12,0.10,0.20,28.81,17,17,0,1.09,1.00,1.10,28.48,17,17,0,0.25,0.20,0.30,28.12,17,17,0
1193179,0.37,0.30,0.40,28.75,17,17,0,-0.02,-0.10,0.00,28.30,17,17,0,667.23,658.40,673.50,24.03,17,0,0,0.50,0.50,0.50,28.05,17,17,0,0.11,0.10,0.20,28.80,17,17,0,1.09,1.00,1.10,28.49,17,17,0,0.22,0.20,0.30,28.12,17,17,0
1193679,0.36,0.30,0.40,28.75,17,17,0,-0.02,-0.10,0.10,28.33,17,17,0,678.47,673.10,688.10,24.01,17,0,0,0.50,0.50,0.50,28.07,17,17,0,0.12,0.10,0.20,28.80,17,17,0,1.09,1.00,1.10,28.48,17,17,0,0.23,0.20,0.30,28.12,17,17,0
1194191,0.37,0.30,0.40,28.75,18,18,0,-0.04,-0.10,0.00,28.33,18,18,0,685.21,680.10,689.70,24.01,18,0,0,0.50,0.50,0.50,28.07,18,18,0,0.11,0.10,0.20,28.80,18,18,0,1.09,1.00,1.10,28.48,18,18,0,0.26,0.20,0.30,28.12,18,18,0
1194692,0.39,0.30,0.40,28.74,17,17,0,-0.04,-0.10,0.00,28.33,17,17,0,673.02,665.30,682.10,24.01,17,0,0,0.51,0.50,0.60,28.04,17,17,0,0.10,0.10,0.10,28.81,17,17,0,1.06,1.00,1.10,28.48,17,17,0,0.24,0.20,0.30,28.13,17,17,0
1195192,0.39,0.30,0.40,28.75,17,17,0,-0.02,-0.10,0.10,28.33,17,17,0,663.28,658.10,667.80,24.03,17,0,0,0.50,0.50,0.50,28.08,17,17,0,0.09,0.00,0.10,28.82,17,17,0,1.08,1.00,1.10,28.49,17,17,0,0.24,0.20,0.30,28.14,17,17,0
1195692,0.36,0.30,0.40,28.74,17,17,0,-0.02,-0.10,0.10,28.32,17,17,0,667.05,660.70,672.50,24.03,17,0,0,0.50,0.50,0.50,28.06,17,17,0,0.11,0.10,0.20,28.81,17,17,0,1.08,1.00,1.10,28.46,17,17,0,0.22,0.20,0.30,28.12,17,17,0
1196192,0.36,0.30,0.40,28.74,17,17,0,-0.02,-0.10,0.00,28.34,17,17,0,682.46,676.90,686.90,24.01,17,0,0,0.50,0.50,0.50,28.05,17,17,0,0.11,0.10,0.20,28.82,17,17,0,1.07,1.00,1.10,28.47,17,17,0,0.21,0.20,0.30,28.11,17,17,0
1196692,0.36,0.30,0.40,28.75,17,17,0,-0.03,-0.10,0.00,28.33,17,17,0,687.11,679.70,693.70,24.01,17,0,0,0.50,0.50,0.50,28.06,17,17,0,0.11,0.10,0.20,28.81,17,17,0,1.09,1.00,1.10,28.47,17,17,0,0.22,0.20,0.30,28.12,17,17,0
1197192,0.36,0.30,0.40,28.73,17,17,0,-0.01,-0.10,0.10,28.33,17,17,0,671.59,662.90,682.70,24.01,17,0,0,0.50,0.50,0.50,28.06,17,17,0,0.11,0.10,0.20,28.79,17,17,0,1.09,1.00,1.10,28.47,17,17,0,0.24,0.20,0.30,28.12,17,17,0
1197692,0.36,0.30,0.40,28.74,17,17,0,-0.02,-0.10,0.10,28.33,17,17,0,664.36,658.30,670.80,24.02,17,0,0,0.50,0.50,0.50,28.07,17,17,0,0.11,0.10,0.20,28.81,17,17,0,1.10,1.10,1.10,28.46,17,17,0,0.23,0.20,0.30,28.11,17,17,0
1198192,0.35,0.30,0.40,28.76,17,17,0,-0.02,-0.10,0.00,28.32,17,17,0,670.64,662.80,677.70,24.00,17,0,0,0.50,0.50,0.50,28.05,17,17,0,0.10,0.10,0.10,28.81,17,17,0,1.09,1.00,1.10,28.49,17,17,0,0.24,0.20,0.30,28.10,17,17,0
1198692,0.36,0.30,0.40,28.75,17,17,0,-0.02,-0.10,0.10,28.32,17,17,0,681.77,676.10,686.30,24.03,17,0,0,0.50,0.50,0.50,28.05,17,17,0,0.12,0.10,0.20,28.79,17,17,0,1.08,1.00,1.10,28.49,17,17,0,0.24,0.20,0.30,28.13,17,17,0
1199192,0.37,0.30,0.40,28.74,17,17,0,0.01,-0.10,0.10,28.33,17,17,0,679.94,665.20,687.70,24.01,17,0,0,0.51,0.50,0.60,28.06,17,17,0,0.11,0.10,0.20,28.81,17,17,0,1.09,1.00,1.10,28.48,17,17,0,0.21,0.20,0.30,28.12,17,17,0
1199692,0.36,0.30,0.40,28.75,17,17,0,-0.03,-0.10,0.00,28.33,17,17,0,666.12,661.80,671.80,24.02,17,0,0,0.50,0.50,0.50,28.07,17,17,0,0.12,0.10,0.20,28.81,17,17,0,1.07,1.00,1.10,28.47,17,17,0,0.21,0.20,0.30,28.11,17,17,0
1200192,0.35,0.30,0.40,28.74,17,17,0,-0.04,-0.10,0.00,28.33,17,17,0,664.25,656.70,669.60,24.01,17,0,0,0.51,0.50,0.60,28.05,17,17,0,0.10,0.10,0.10,28.81,17,17,0,1.08,1.00,1.10,28.49,17,17,0,0.22,0.20,0.30,28.12,17,17,0
1200692,0.35,0.30,0.40,28.75,17,17,0,-0.02,-0.10,0.10,28.33,17,17,0,677.05,669.10,684.50,24.02,17,0,0,0.50,0.50,0.50,28.05,17,17,0,0.10,0.10,0.10,28.81,17,17,0,1.08,1.00,1.10,28.48,17,17,0,0.23,0.10,0.30,28.12,17,17,0
1201192,0.36,0.30,0.40,28.75,17,17,0,-0.02,-0.10,0.10,28.32,17,17,0,686.64,679.50,694.50,24.02,17,0,0,0.51,0.50,0.60,28.07,17,17,0,0.11,0.10,0.20,28.81,17,17,0,1.08,1.00,1.10,28.47,17,17,0,0.22,0.20,0.30,28.12,17,17,0
1201692,0.35,0.30,0.40,28.75,17,17,0,-0.02,-0.10,0.10,28.34,17,17,0,672.09,665.40,682.00,24.01,17,0,0,0.50,0.50,0.50,28.06,17,17,0,0.12,0.10,0.20,28.82,17,17,0,1.09,1.00,1.10,28.49,17,17,0,0.23,0.20,0.30,28.12,17,17,0
1202192,0.34,0.30,0.40,28.74,17,17,0,-0.04,-0.10,0.10,28.32,17,17,0,664.17,659.60,667.20,24.01,17,0,0,0.50,0.50,0.50,28.07,17,17,0,0.11,0.10,0.20,28.81,17,17,0,1.09,1.00,1.10,28.48,17,17,0,0.25,0.20,0.30,28.11,17,17,0
1202692,0.34,0.30,0.40,28.76,17,17,0,-0.02,-0.10,0.10,28.32,17,17,0,667.02,659.50,675.90,24.01,17,0,0,0.50,0.50,0.50,28.06,17,17,0,0.12,0.10,0.20,28.81,17,17,0,1.09,1.00,1.10,28.48,17,17,0,0.21,0.20,0.30,28.11,17,17,0
1203192,0.38,0.30,0.40,28.76,17,17,0,-0.02,-0.10,0.10,28.32,17,17,0,677.01,671.20,685.60,24.03,17,0,0,0.50,0.50,0.50,28.06,17,17,0,0.11,0.10,0.20,28.82,17,17,0,1.09,1.00,1.10,28.48,17,17,0,0.22,0.20,0.30,28.11,17,17,0
1203692,0.35,0.30,0.40,28.76,17,17,0,-0.01,-0.10,0.10,28.34,17,17,0,681.34,673.70,686.70,24.02,17,0,0,0.50,0.50,0.50,28.06,17,17,0,0.10,0.10,0.10,28.81,17,17,0,1.10,1.10,1.10,28.48,17,17,0,0.24,0.20,0.30,28.12,17,17,0
1204195,0.36,0.30,0.40,28.74,17,17,0,-0.01,-0.10,0.10,28.33,17,17,0,669.93,666.10,677.50,24.03,17,0,0,0.51,0.50,0.60,28.06,17,17,0,0.11,0.10,0.20,28.82,17,17,0,1.08,1.00,1.10,28.47,17,17,0,0.22,0.20,0.30,28.12,17,17,0
1204695,0.34,0.30,0.40,28.75,17,17,0,-0.01,-0.10,0.10,28.32,17,17,0,666.25,663.00,670.80,24.02,17,0,0,0.49,0.40,0.50,28.06,17,17,0,0.11,0.10,0.20,28.82,17,17,0,1.09,1.00,1.10,28.49,17,17,0,0.23,0.20,0.30,28.12,17,17,0
1205195,0.35,0.30,0.40,28.74,16,16,0,-0.03,-0.10,0.10,28.32,16,16,0,674.03,668.20,679.90,24.02,16,0,0,0.50,0.50,0.50,28.07,16,16,0,0.12,0.10,0.20,28.82,16,16,0,1.06,1.00,1.10,28.46,16,16,0,0.23,0.20,0.30,28.11,16,16,0
1205695,0.35,0.30,0.40,28.75,17,17,0,-0.01,-0.10,0.10,28.32,17,17,0,682.08,674.60,687.40,24.02,17,0,0,0.50,0.50,0.50,28.06,17,17,0,0.11,0.10,0.20,28.81,17,17,0,1.09,1.00,1.10,28.49,17,17,0,0.24,0.20,0.30,28.13,17,17,0
1206196,0.35,0.30,0.40,28.75,17,17,0,-0.02,-0.10,0.10,28.34,17,17,0,680.92,677.80,684.40,24.02,17,0,0,0.51,0.50,0.60,28.06,17,17,0,0.11,0.10,0.20,28.81,17,17,0,1.09,1.00,1.10,28.47,17,17,0,0.24,0.20,0.30,28.13,17,17,0
1206696,0.39,0.30,0.40,28.75,17,17,0,-0.02,-0.10,0.10,28.33,17,17,0,677.33,672.30,681.00,24.02,17,0,0,0.50,0.50,0.50,28.07,17,17,0,0.10,0.10,0.10,28.80,17,17,0,1.08,1.00,1.10,28.49,17,17,0,0.22,0.20,0.30,28.13,17,17,0
1207196,0.36,0.30,0.40,28.74,17,17,0,-0.03,-0.10,0.00,28.32,17,17,0,680.99,676.70,685.90,24.01,17,0,0,0.51,0.50,0.60,28.06,17,17,0,0.11,0.10,0.20,28.81,17,17,0,1.09,1.00,1.10,28.49,17,17,0,0.23,0.20,0.30,28.14,17,17,0
1207696,0.36,0.30,0.40,28.76,17,17,0,-0.04,-0.10,0.00,28.33,17,17,0,684.72,678.90,689.80,24.02,17,0,0,0.51,0.50,0.60,28.07,17,17,0,0.10,0.10,0.10,28.81,17,17,0,1.09,1.00,1.10,28.47,17,17,0,0.22,0.20,0.30,28.12,17,17,0
1208196,0.35,0.30,0.40,28.75,17,17,0,-0.01,-0.10,0.10,28.33,17,17,0,688.35,683.30,695.00,24.01,17,0,0,0.50,0.50,0.50,28.05,17,17,0,0.11,0.10,0.20,28.82,17,17,0,1.09,1.00,1.10,28.47,17,17,0,0.22,0.20,0.30,28.12,17,17,0
1208697,0.39,0.30,0.40,28.75,17,17,0,-0.04,-0.10,0.00,28.33,17,17,0,686.90,680.40,691.20,24.02,17,0,0,0.50,0.50,0.50,28.06,17,17,0,0.11,0.10,0.20,28.82,17,17,0,1.08,1.00,1.10,28.47,17,17,0,0.24,0.20,0.30,28.13,17,17,0
1209197,0.35,0.30,0.40,28.75,17,17,0,-0.03,-0.10,0.00,28.34,17,17,0,681.92,675.10,686.50,24.01,17,0,0,0.50,0.50,0.50,28.08,17,17,0,0.11,0.10,0.20,28.82,17,17,0,1.09,1.00,1.10,28.47,17,17,0,0.23,0.20,0.30,28.13,17,17,0
1209697,0.35,0.30,0.40,28.75,17,17,0,-0.02,-0.10,0.00,28.35,17,17,0,690.31,683.60,696.70,24.02,17,0,0,0.50,0.50,0.50,28.07,17,17,0,0.11,0.10,0.20,28.82,17,17,0,1.08,1.00,1.10,28.47,17,17,0,0.21,0.20,0.30,28.13,17,17,0
1210197,0.35,0.30,0.40,28.76,17,17,0,-0.05,-0.10,0.00,28.33,17,17,0,692.99,689.00,698.80,24.00,17,0,0,0.50,0.50,0.50,28.06,17,17,0,0.09,0.00,0.10,28.81,17,17,0,1.08,1.00,1.10,28.48,17,17,0,0.22,0.20,0.30,28.13,17,17,0
1210697,0.36,0.30,0.40,28.75,17,17,0,-0.03,-0.10,0.10,28.32,17,17,0,697.06,691.70,708.80,24.01,17,0,0,0.50,0.50,0.50,28.05,17,17,0,0.11,0.10,0.20,28.80,17,17,0,1.09,1.00,1.10,28.47,17,17,0,0.24,0.20,0.30,28.13,17,17,0
1211204,0.38,0.30,0.40,28.77,17,17,0,-0.04,-0.10,0.00,28.34,17,17,0,693.42,688.70,700.70,24.01,17,0,0,0.50,0.50,0.50,28.06,17,17,0,0.11,0.10,0.20,28.80,17,17,0,1.09,1.00,1.10,28.48,17,17,0,0.22,0.20,0.30,28.12,17,17,0
1211704,0.37,0.30,0.40,28.76,17,17,0,-0.02,-0.10,0.10,28.33,17,17,0,696.62,693.10,701.30,24.00,17,0,0,0.51,0.50,0.60,28.06,17,17,0,0.10,0.00,0.20,28.81,17,17,0,1.10,1.10,1.10,28.46,17,17,0,0.21,0.20,0.30,28.13,17,17,0
1212204,0.38,0.30,0.40,28.75,17,17,0,-0.04,-0.10,0.00,28.34,17,17,0,704.29,696.90,711.50,24.01,17,0,0,0.50,0.50,0.50,28.06,17,17,0,0.11,0.10,0.20,28.81,17,17,0,1.09,1.00,1.10,28.48,17,17,0,0.23,0.20,0.30,28.12,17,17,0
1212704,0.35,0.30,0.40,28.73,17,17,0,-0.02,-0.10,0.00,28.33,17,17,0,707.76,701.20,715.90,24.01,17,0,0,0.50,0.50,0.50,28.06,17,17,0,0.11,0.00,0.20,28.82,17,17,0,1.08,1.00,1.10,28.48,17,17,0,0.23,0.20,0.30,28.13,17,17,0
1213204,0.37,0.30,0.40,28.76,17,17,0,-0.01,-0.10,0.10,28.34,17,17,0,711.54,707.80,715.30,23.99,17,0,0,0.50,0.50,0.50,28.07,17,17,0,0.11,0.10,0.20,28.81,17,17,0,1.10,1.10,1.10,28.49,17,17,0,0.22,0.20,0.30,28.12,17,17,0
1213704,0.36,0.30,0.40,28.76,17,17,0,-0.04,-0.10,0.00,28.32,17,17,0,703.36,699.50,708.70,24.01,17,0,0,0.50,0.50,0.50,28.07,17,17,0,0.11,0.10,0.20,28.82,17,17,0,1.09,1.00,1.10,28.49,17,17,0,0.23,0.20,0.30,28.13,17,17,0
1214204,0.38,0.30,0.40,28.75,17,17,0,-0.01,-0.10,0.10,28.33,17,17,0,705.19,699.00,713.60,24.00,17,0,0,0.50,0.50,0.50,28.07,17,17,0,0.10,0.10,0.10,28.82,17,17,0,1.09,1.00,1.10,28.47,17,17,0,0.22,0.20,0.30,28.12,17,17,0
1214704,0.37,0.30,0.40,28.74,17,17,0,-0.04,-0.10,0.00,28.33,17,17,0,713.97,704.40,721.70,24.00,17,0,0,0.51,0.50,0.60,28.06,17,17,0,0.10,0.10,0.10,28.81,17,17,0,1.09,1.00,1.10,28.47,17,17,0,0.22,0.20,0.30,28.13,17,17,0
1215204,0.34,0.30,0.40,28.75,17,17,0,-0.02,-0.10,0.10,28.33,17,17,0,720.03,711.60,724.90,24.00,17,0,0,0.50,0.50,0.50,28.05,17,17,0,0.11,0.10,0.20,28.80,17,17,0,1.09,1.00,1.10,28.48,17,17,0,0.22,0.20,0.30,28.12,17,17,0
1215705,0.35,0.30,0.40,28.75,17,17,0,-0.03,-0.10,0.00,28.33,17,17,0,715.53,707.80,720.80,23.99,17,0,0,0.51,0.50,0.60,28.04,17,17,0,0.10,0.10,0.10,28.81,17,17,0,1.10,1.10,1.10,28.48,17,17,0,0.24,0.20,0.30,28.12,17,17,0
1216205,0.37,0.30,0.40,28.76,17,17,0,0.00,-0.10,0.10,28.33,17,17,0,707.49,701.60,711.50,24.00,17,0,0,0.51,0.40,0.60,28.06,17,17,0,0.12,0.10,0.20,28.80,17,17,0,1.09,1.00,1.10,28.47,17,17,0,0.24,0.20,0.30,28.13,17,17,0
1216706,0.38,0.30,0.40,28.75,17,17,0,-0.02,-0.10,0.10,28.34,17,17,0,713.86,707.00,722.30,24.00,17,0,0,0.50,0.50,0.50,28.06,17,17,0,0.11,0.10,0.20,28.80,17,17,0,1.09,1.00,1.10,28.47,17,17,0,0.24,0.20,0.30,28.12,17,17,0
1217206,0.38,0.30,0.40,28.76,17,17,0,-0.02,-0.10,0.10,28.35,17,17,0,722.69,715.60,731.30,24.01,17,0,0,0.51,0.50,0.60,28.06,17,17,0,0.10,0.10,0.10,28.80,17,17,0,1.09,1.00,1.10,28.47,17,17,0,0.26,0.20,0.30,28.12,17,17,0
1217706,0.35,0.30,0.40,28.74,17,17,0,-0.04,-0.10,0.10,28.34,17,17,0,727.16,721.50,732.50,24.00,17,0,0,0.50,0.50,0.50,28.06,17,17,0,0.11,0.10,0.20,28.81,17,17,0,1.09,1.00,1.10,28.49,17,17,0,0.22,0.20,0.30,28.13,17,17,0
1218206,0.36,0.30,0.40,28.75,17,17,0,-0.02,-0.10,0.10,28.33,17,17,0,716.27,707.80,722.70,24.01,17,0,0,0.50,0.50,0.50,28.04,17,17,0,0.13,0.10,0.20,28.82,17,17,0,1.09,1.00,1.10,28.47,17,17,0,0.27,0.20,0.30,28.14,17,17,0
1218706,0.34,0.30,0.40,28.75,17,17,0,-0.03,-0.10,0.00,28.34,17,17,0,709.71,704.30,714.90,24.01,17,0,0,0.51,0.50,0.60,28.06,17,17,0,0.10,0.00,0.20,28.80,17,17,0,1.09,1.00,1.10,28.49,17,17,0,0.25,0.20,0.30,28.13,17,17,0
1219207,0.37,0.30,0.40,28.76,17,17,0,-0.02,-0.10,0.00,28.33,17,17,0,716.52,710.90,724.40,24.00,17,0,0,0.51,0.50,0.60,28.06,17,17,0,0.10,0.10,0.10,28.82,17,17,0,1.09,1.00,1.10,28.48,17,17,0,0.22,0.20,0.30,28.13,17,17,0
1219710,0.36,0.30,0.40,28.75,17,17,0,-0.03,-0.10,0.00,28.34,17,17,0,723.06,716.80,733.60,24.00,17,0,0,0.50,0.50,0.50,28.05,17,17,0,0.12,0.10,0.20,28.80,17,17,0,1.09,1.00,1.10,28.46,17,17,0,0.21,0.20,0.30,28.13,17,17,0
1220210,0.38,0.30,0.40,28.75,17,17,0,-0.04,-0.10,0.00,28.34,17,17,0,716.92,708.30,729.70,24.01,17,0,0,0.50,0.50,0.50,28.06,17,17,0,0.12,0.00,0.20,28.83,17,17,0,1.08,1.00,1.10,28.49,17,17,0,0.22,0.20,0.30,28.14,17,17,0
1220710,0.35,0.30,0.40,28.76,17,17,0,-0.04,-0.10,0.00,28.33,17,17,0,701.74,695.40,709.70,24.01,17,0,0,0.50,0.50,0.50,28.07,17,17,0,0.10,0.00,0.20,28.83,17,17,0,1.09,1.00,1.10,28.47,17,17,0,0.26,0.20,0.30,28.15,17,17,0
1221213,0.36,0.30,0.40,28.76,17,17,0,-0.02,-0.10,0.10,28.33,17,17,0,698.44,689.90,706.40,24.02,17,0,0,0.51,0.50,0.60,28.05,17,17,0,0.10,0.10,0.10,28.82,17,17,0,1.09,1.00,1.10,28.46,17,17,0,0.23,0.20,0.30,28.11,17,17,0
1221720,0.37,0.30,0.40,28.74,17,17,0,-0.04,-0.10,0.00,28.34,17,17,0,708.21,702.20,716.50,24.00,17,0,0,0.49,0.40,0.50,28.07,17,17,0,0.11,0.10,0.20,28.81,17,17,0,1.08,1.00,1.10,28.47,17,17,0,0.23,0.20,0.30,28.14,17,17,0
1222220,0.37,0.30,0.40,28.74,17,17,0,-0.04,-0.10,0.10,28.33,17,17,0,718.71,707.80,729.90,24.00,17,0,0,0.50,0.50,0.50,28.07,17,17,0,0.10,0.10,0.10,28.83,17,17,0,1.09,1.00,1.10,28.48,17,17,0,0.24,0.20,0.30,28.12,17,17,0
1222720,0.36,0.30,0.40,28.76,17,17,0,-0.02,-0.10,0.00,28.33,17,17,0,708.54,695.40,718.90,24.01,17,0,0,0.50,0.50,0.50,28.05,17,17,0,0.10,0.10,0.10,28.80,17,17,0,1.09,1.00,1.10,28.49,17,17,0,0.25,0.20,0.30,28.13,17,17,0
1223220,0.36,0.30,0.40,28.76,17,17,0,-0.02,-0.10,0.00,28.32,17,17,0,692.92,684.90,699.30,24.01,17,0,0,0.50,0.40,0.60,28.04,17,17,0,0.10,0.00,0.20,28.82,17,17,0,1.08,1.00,1.10,28.48,17,17,0,0.24,0.20,0.30,28.13,17,17,0
1223733,0.38,0.30,0.40,28.75,17,17,0,-0.03,-0.10,0.10,28.33,17,17,0,690.04,678.90,700.20,24.01,17,0,0,0.50,0.50,0.50,28.06,17,17,0,0.12,0.10,0.20,28.81,17,17,0,1.09,1.00,1.10,28.47,17,17,0,0.24,0.20,0.30,28.13,17,17,0
1224233,0.36,0.30,0.40,28.77,17,17,0,-0.03,-0.10,0.10,28.33,17,17,0,702.22,694.60,709.80,24.03,17,0,0,0.50,0.50,0.50,28.06,17,17,0,0.10,0.10,0.10,28.82,17,17,0,1.09,1.00,1.10,28.46,17,17,0,0.24,0.20,0.30,28.14,17,17,0
1224733,0.36,0.30,0.40,28.74,17,17,0,-0.01,-0.10,0.10,28.33,17,17,0,707.84,700.00,716.10,24.01,17,0,0,0.50,0.50,0.50,28.06,17,17,0,0.12,0.10,0.20,28.80,17,17,0,1.08,1.00,1.10,28.47,17,17,0,0.24,0.20,0.30,28.14,17,17,0
1225233,0.37,0.30,0.40,28.75,17,17,0,-0.01,-0.10,0.10,28.32,17,17,0,691.21,679.80,700.40,24.02,17,0,0,0.50,0.50,0.50,28.06,17,17,0,0.12,0.10,0.20,28.81,17,17,0,1.08,1.00,1.10,28.47,17,17,0,0.22,0.20,0.30,28.12,17,17,0
1225733,0.36,0.30,0.40,28.75,17,17,0,0.00,-0.10,0.10,28.33,17,17,0,680.53,674.20,688.40,24.02,17,0,0,0.52,0.50,0.60,28.06,17,17,0,0.11,0.10,0.20,28.81,17,17,0,1.09,1.00,1.10,28.48,17,17,0,0.27,0.20,0.30,28.13,17,17,0
1226241,0.38,0.30,0.40,28.75,17,17,0,-0.01,-0.10,0.10,28.32,17,17,0,685.25,675.00,693.60,24.02,17,0,0,0.51,0.50,0.60,28.06,17,17,0,0.12,0.10,0.20,28.83,17,17,0,1.09,1.00,1.10,28.48,17,17,0,0.23,0.20,0.30,28.14,17,17,0
1226746,0.38,0.30,0.40,28.76,17,17,0,-0.01,-0.10,0.10,28.32,17,17,0,696.70,689.70,704.70,24.03,17,0,0,0.50,0.50,0.50,28.06,17,17,0,0.10,0.10,0.10,28.82,17,17,0,1.08,1.00,1.10,28.48,17,17,0,0.24,0.20,0.30,28.13,17,17,0
1227246,0.36,0.30,0.40,28.75,17,17,0,-0.04,-0.10,0.00,28.34,17,17,0,696.51,688.80,704.30,24.02,17,0,0,0.50,0.50,0.50,28.06,17,17,0,0.10,0.10,0.10,28.81,17,17,0,1.08,1.00,1.10,28.47,17,17,0,0.25,0.20,0.30,28.13,17,17,0
1227746,0.36,0.30,0.40,28.75,17,17,0,-0.03,-0.10,0.00,28.34,17,17,0,683.71,676.60,691.30,24.03,17,0,0,0.50,0.50,0.50,28.06,17,17,0,0.11,0.10,0.20,28.81,17,17,0,1.09,1.00,1.10,28.48,17,17,0,0.22,0.20,0.30,28.15,17,17,0
1228246,0.34,0.30,0.40,28.76,17,17,0,-0.05,-0.10,0.10,28.34,17,17,0,678.24,669.90,686.60,24.04,17,0,0,0.50,0.50,0.50,28.05,17,17,0,0.11,0.10,0.20,28.82,17,17,0,1.08,1.00,1.10,28.47,17,17,0,0.22,0.20,0.30,28.11,17,17,0
1228747,0.36,0.30,0.40,28.75,17,17,0,-0.02,-0.10,0.10,28.33,17,17,0,683.01,678.00,690.70,24.03,17,0,0,0.50,0.50,0.50,28.05,17,17,0,0.11,0.10,0.20,28.82,17,17,0,1.09,1.00,1.10,28.47,17,17,0,0.22,0.20,0.30,28.14,17,17,0
1229247,0.35,0.30,0.40,28.75,17,17,0,-0.04,-0.10,0.00,28.32,17,17,0,690.04,682.10,701.50,24.05,17,0,0,0.50,0.50,0.50,28.06,17,17,0,0.12,0.10,0.20,28.82,17,17,0,1.09,1.00,1.10,28.48,17,17,0,0.24,0.20,0.30,28.14,17,17,0
1229747,0.39,0.30,0.40,28.76,17,17,0,-0.02,-0.10,0.10,28.34,17,17,0,680.21,661.50,701.40,24.03,17,0,0,0.50,0.50,0.50,28.06,17,17,0,0.11,0.10,0.20,28.81,17,17,0,1.10,1.10,1.10,28.49,17,17,0,0.25,0.20,0.30,28.12,17,17,0
1230247,0.38,0.30,0.40,28.74,17,17,0,-0.02,-0.10,0.10,28.33,17,17,0,668.04,658.70,677.00,24.03,17,0,0,0.50,0.50,0.50,28.05,17,17,0,0.12,0.10,0.20,28.79,17,17,0,1.09,1.00,1.10,28.47,17,17,0,0.24,0.20,0.30,28.14,17,17,0
1230747,0.35,0.30,0.40,28.78,17,17,0,0.00,-0.10,0.10,28.34,17,17,0,668.72,657.00,676.90,24.04,17,0,0,0.50,0.50,0.50,28.04,17,17,0,0.12,0.10,0.20,28.82,17,17,0,1.08,1.00,1.10,28.48,17,17,0,0.24,0.20,0.30,28.13,17,17,0
1231247,0.37,0.30,0.40,28.74,17,17,0,-0.02,-0.10,0.00,28.34,17,17,0,677.86,670.50,685.90,24.04,17,0,0,0.50,0.50,0.50,28.06,17,17,0,0.11,0.10,0.20,28.80,17,17,0,1.09,1.00,1.10,28.48,17,17,0,0.22,0.20,0.30,28.13,17,17,0
1231747,0.36,0.30,0.40,28.76,17,17,0,-0.04,-0.10,0.10,28.35,17,17,0,686.42,681.10,694.90,24.06,17,0,0,0.50,0.50,0.50,28.04,17,17,0,0.11,0.10,0.20,28.81,17,17,0,1.09,1.00,1.10,28.48,17,17,0,0.23,0.20,0.30,28.14,17,17,0
1232247,0.38,0.30,0.40,28.75,17,17,0,-0.04,-0.10,0.10,28.32,17,17,0,679.26,672.40,683.80,24.03,17,0,0,0.50,0.40,0.60,28.04,17,17,0,0.12,0.10,0.20,28.81,17,17,0,1.08,1.00,1.10,28.47,17,17,0,0.23,0.20,0.30,28.12,17,17,0
1232747,0.38,0.30,0.40,28.75,17,17,0,-0.02,-0.10,0.10,28.32,17,17,0,670.02,666.70,674.00,24.04,17,0,0,0.50,0.50,0.50,28.06,17,17,0,0.11,0.10,0.20,28.82,17,17,0,1.08,1.00,1.10,28.48,17,17,0,0.22,0.20,0.30,28.13,17,17,0
1233247,0.38,0.30,0.40,28.74,17,17,0,-0.02,-0.10,0.10,28.33,17,17,0,673.19,670.00,677.90,24.04,17,0,0,0.50,0.50,0.50,28.06,17,17,0,0.12,0.10,0.20,28.82,17,17,0,1.08,1.00,1.10,28.48,17,17,0,0.21,0.20,0.30,28.12,17,17,0
1233747,0.38,0.30,0.40,28.76,17,17,0,-0.04,-0.10,0.00,28.32,17,17,0,677.74,668.50,683.90,24.04,17,0,0,0.49,0.40,0.50,28.06,17,17,0,0.11,0.10,0.20,28.81,17,17,0,1.08,1.00,1.10,28.48,17,17,0,0.24,0.20,0.30,28.14,17,17,0
1234247,0.36,0.30,0.40,28.76,17,17,0,-0.03,-0.10,0.10,28.34,17,17,0,682.88,675.10,688.10,24.05,17,0,0,0.50,0.50,0.50,28.07,17,17,0,0.12,0.10,0.20,28.79,17,17,0,1.09,1.00,1.10,28.46,17,17,0,0.21,0.20,0.30,28.12,17,17,0
1234747,0.36,0.30,0.40,28.76,17,17,0,-0.02,-0.10,0.10,28.34,17,17,0,673.27,665.50,681.90,24.04,17,0,0,0.50,0.50,0.50,28.06,17,17,0,0.10,0.10,0.10,28.81,17,17,0,1.09,1.00,1.10,28.47,17,17,0,0.23,0.20,0.30,28.11,17,17,0
1235247,0.36,0.30,0.40,28.75,17,17,0,-0.02,-0.10,0.00,28.31,17,17,0,665.22,659.50,670.90,24.04,17,0,0,0.49,0.40,0.50,28.06,17,17,0,0.11,0.10,0.20,28.81,17,17,0,1.10,1.10,1.10,28.46,17,17,0,0.24,0.20,0.30,28.13,17,17,0
1235747,0.37,0.30,0.40,28.76,17,17,0,-0.02,-0.10,0.10,28.34,17,17,0,669.18,661.50,676.70,24.04,17,0,0,0.50,0.50,0.50,28.06,17,17,0,0.12,0.10,0.20,28.81,17,17,0,1.09,1.00,1.10,28.46,17,17,0,0.22,0.20,0.30,28.13,17,17,0
1236247,0.38,0.30,0.40,28.75,17,17,0,-0.01,-0.10,0.10,28.33,17,17,0,679.72,671.20,689.60,24.05,17,0,0,0.51,0.50,0.60,28.05,17,17,0,0.11,0.10,0.20,28.82,17,17,0,1.09,1.00,1.10,28.47,17,17,0,0.21,0.20,0.30,28.13,17,17,0
1236747,0.37,0.30,0.40,28.75,17,17,0,-0.01,-0.10,0.00,28.33,17,17,0,682.79,666.80,700.20,24.03,17,0,0,0.50,0.50,0.50,28.05,17,17,0,0.11,0.10,0.20,28.82,17,17,0,1.09,1.00,1.10,28.47,17,17,0,0.25,0.20,0.30,28.12,17,17,0
1237247,0.38,0.30,0.40,28.77,17,17,0,-0.03,-0.10,0.00,28.32,17,17,0,669.44,659.40,680.40,24.04,17,0,0,0.50,0.50,0.50,28.06,17,17,0,0.11,0.10,0.20,28.80,17,17,0,1.08,1.00,1.10,28.47,17,17,0,0.22,0.20,0.30,28.13,17,17,0
1237748,0.37,0.30,0.40,28.74,17,17,0,-0.04,-0.10,0.00,28.34,17,17,0,666.98,655.90,678.30,24.05,17,0,0,0.50,0.50,0.50,28.06,17,17,0,0.09,0.00,0.10,28.82,17,17,0,1.06,1.00,1.10,28.48,17,17,0,0.21,0.20,0.30,28.13,17,17,0
1238248,0.39,0.30,0.40,28.74,17,17,0,-0.01,-0.10,0.10,28.33,17,17,0,673.00,665.60,679.10,24.05,17,0,0,0.50,0.50,0.50,28.07,17,17,0,0.11,0.10,0.20,28.82,17,17,0,1.08,1.00,1.10,28.47,17,17,0,0.24,0.20,0.30,28.14,17,17,0
1238748,0.38,0.30,0.40,28.76,17,17,0,-0.04,-0.10,0.10,28.33,17,17,0,681.89,674.30,687.30,24.06,17,0,0,0.51,0.50,0.60,28.06,17,17,0,0.10,0.10,0.10,28.81,17,17,0,1.09,1.00,1.10,28.48,17,17,0,0.21,0.20,0.30,28.13,17,17,0
1239248,0.37,0.30,0.40,28.73,17,17,0,-0.04,-0.10,0.00,28.34,17,17,0,682.84,670.90,692.20,24.04,17,0,0,0.50,0.50,0.50,28.05,17,17,0,0.11,0.10,0.20,28.82,17,17,0,1.08,1.00,1.10,28.48,17,17,0,0.22,0.20,0.30,28.13,17,17,0
1239748,0.36,0.30,0.40,28.75,17,17,0,-0.04,-0.10,0.10,28.33,17,17,0,672.74,665.40,678.00,24.02,17,0,0,0.50,0.50,0.50,28.06,17,17,0,0.11,0.10,0.20,28.82,17,17,0,1.08,1.00,1.10,28.46,17,17,0,0.25,0.20,0.30,28.14,17,17,0
1240249,0.37,0.30,0.40,28.77,17,17,0,-0.05,-0.10,0.00,28.34,17,17,0,672.17,667.80,679.70,24.06,17,0,0,0.50,0.50,0.50,28.05,17,17,0,0.11,0.10,0.20,28.80,17,17,0,1.08,1.00,1.10,28.47,17,17,0,0.24,0.20,0.30,28.14,17,17,0
1240749,0.36,0.30,0.40,28.75,17,17,0,-0.04,-0.10,0.00,28.33,17,17,0,679.99,673.70,684.80,24.05,17,0,0,0.50,0.50,0.50,28.07,17,17,0,0.11,0.10,0.20,28.82,17,17,0,1.08,1.00,1.10,28.49,17,17,0,0.23,0.20,0.30,28.13,17,17,0
1241249,0.39,0.30,0.40,28.76,17,17,0,-0.03,-0.10,0.00,28.34,17,17,0,683.95,680.90,686.40,24.05,17,0,0,0.50,0.50,0.50,28.06,17,17,0,0.11,0.10,0.20,28.81,17,17,0,1.08,1.00,1.10,28.48,17,17,0,0.22,0.20,0.30,28.13,17,17,0
1241749,0.38,0.30,0.40,28.76,17,17,0,-0.01,-0.10,0.10,28.32,17,17,0,673.69,664.10,684.40,24.04,17,0,0,0.50,0.50,0.50,28.06,17,17,0,0.12,0.10,0.20,28.81,17,17,0,1.09,1.00,1.10,28.47,17,17,0,0.24,0.20,0.30,28.14,17,17,0
1242249,0.37,0.30,0.40,28.75,17,17,0,-0.02,-0.10,0.10,28.33,17,17,0,665.02,650.60,678.10,24.04,17,0,0,0.50,0.50,0.50,28.07,17,17,0,0.11,0.10,0.20,28.81,17,17,0,1.08,1.00,1.10,28.48,17,17,0,0.22,0.20,0.30,28.13,17,17,0
1242761,0.38,0.30,0.40,28.76,17,17,0,-0.04,-0.10,0.10,28.33,17,17,0,667.19,654.50,677.90,24.04,17,0,0,0.50,0.50,0.50,28.05,17,17,0,0.11,0.10,0.20,28.82,17,17,0,1.10,1.10,1.10,28.48,17,17,0,0.25,0.20,0.30,28.14,17,17,0
1243261,0.38,0.30,0.40,28.74,17,17,0,-0.01,-0.10,0.10,28.34,17,17,0,682.91,673.30,695.60,24.05,17,0,0,0.50,0.50,0.50,28.06,17,17,0,0.11,0.10,0.20,28.80,17,17,0,1.09,1.00,1.10,28.46,17,17,0,0.23,0.20,0.30,28.13,17,17,0
1243763,0.36,0.30,0.40,28.75,17,17,0,-0.03,-0.10,0.10,28.34,17,17,0,690.72,682.80,698.70,24.04,17,0,0,0.50,0.50,0.50,28.06,17,17,0,0.11,0.10,0.20,28.82,17,17,0,1.08,1.00,1.10,28.48,17,17,0,0.24,0.20,0.30,28.14,17,17,0
1244263,0.37,0.30,0.40,28.75,17,17,0,-0.02,-0.10,0.10,28.33,17,17,0,675.54,665.30,684.70,24.05,17,0,0,0.49,0.40,0.50,28.06,17,17,0,0.11,0.10,0.20,28.80,17,17,0,1.10,1.10,1.10,28.48,17,17,0,0.25,0.20,0.30,28.14,17,17,0
1244763,0.37,0.30,0.40,28.75,17,17,0,0.00,-0.10,0.10,28.32,17,17,0,670.06,665.40,673.70,24.05,17,0,0,0.49,0.40,0.50,28.05,17,17,0,0.11,0.10,0.20,28.80,17,17,0,1.08,1.00,1.10,28.46,17,17,0,0.25,0.20,0.30,28.11,17,17,0
1245266,0.36,0.30,0.40,28.75,17,17,0,-0.02,-0.10,0.10,28.33,17,17,0,673.36,667.50,679.60,24.04,17,0,0,0.50,0.50,0.50,28.05,17,17,0,0.10,0.10,0.10,28.81,17,17,0,1.09,1.00,1.10,28.48,17,17,0,0.25,0.20,0.30,28.13,17,17,0
1245770,0.37,0.30,0.40,28.76,17,17,0,-0.02,-0.10,0.10,28.33,17,17,0,685.57,680.10,691.70,24.03,17,0,0,0.50,0.50,0.50,28.05,17,17,0,0.12,0.10,0.20,28.80,17,17,0,1.09,1.00,1.10,28.47,17,17,0,0.25,0.20,0.30,28.13,17,17,0
1246270,0.35,0.30,0.40,28.75,17,17,0,-0.02,-0.10,0.00,28.34,17,17,0,680.32,667.30,691.40,24.05,17,0,0,0.51,0.50,0.60,28.06,17,17,0,0.11,0.10,0.20,28.83,17,17,0,1.09,1.00,1.10,28.46,17,17,0,0.26,0.20,0.30,28.15,17,17,0
1246770,0.38,0.30,0.40,28.76,17,17,0,-0.04,-0.10,0.10,28.33,17,17,0,668.92,664.10,673.90,24.04,17,0,0,0.50,0.50,0.50,28.07,17,17,0,0.10,0.10,0.10,28.82,17,17,0,1.09,1.00,1.10,28.48,17,17,0,0.21,0.20,0.30,28.14,17,17,0
1247272,0.35,0.30,0.40,28.74,17,17,0,-0.04,-0.10,0.00,28.31,17,17,0,664.31,657.00,668.00,24.04,17,0,0,0.50,0.50,0.50,28.06,17,17,0,0.10,0.10,0.10,28.81,17,17,0,1.09,1.00,1.10,28.46,17,17,0,0.23,0.20,0.30,28.13,17,17,0
1247772,0.36,0.30,0.40,28.74,17,17,0,-0.01,-0.10,0.00,28.33,17,17,0,674.59,667.70,682.20,24.03,17,0,0,0.50,0.50,0.50,28.04,17,17,0,0.10,0.10,0.10,28.81,17,17,0,1.08,1.00,1.10,28.47,17,17,0,0.25,0.20,0.30,28.14,17,17,0
1248273,0.37,0.30,0.40,28.75,17,17,0,-0.01,-0.10,0.10,28.32,17,17,0,684.50,681.10,687.50,24.03,17,0,0,0.50,0.50,0.50,28.07,17,17,0,0.12,0.10,0.20,28.82,17,17,0,1.09,1.00,1.10,28.47,17,17,0,0.22,0.20,0.30,28.12,17,17,0
1248773,0.38,0.30,0.40,28.76,17,17,0,-0.03,-0.10,0.00,28.33,17,17,0,671.87,667.40,677.10,24.05,17,0,0,0.50,0.50,0.50,28.04,17,17,0,0.12,0.10,0.20,28.81,17,17,0,1.07,1.00,1.10,28.46,17,17,0,0.25,0.20,0.30,28.12,17,17,0
1249273,0.39,0.30,0.40,28.75,17,17,0,-0.02,-0.10,0.00,28.33,17,17,0,662.69,655.90,668.00,24.04,17,0,0,0.50,0.50,0.50,28.07,17,17,0,0.10,0.10,0.10,28.81,17,17,0,1.09,1.00,1.10,28.47,17,17,0,0.23,0.20,0.30,28.13,17,17,0
1249773,0.38,0.30,0.40,28.75,17,17,0,-0.02,-0.10,0.10,28.34,17,17,0,662.93,657.50,669.00,24.05,17,0,0,0.50,0.50,0.50,28.07,17,17,0,0.10,0.10,0.10,28.82,17,17,0,1.09,1.00,1.10,28.48,17,17,0,0.22,0.20,0.30,28.12,17,17,0
1250273,0.38,0.30,0.40,28.77,17,17,0,-0.04,-0.10,0.00,28.33,17,17,0,678.85,672.10,686.40,24.06,17,0,0,0.50,0.50,0.50,28.06,17,17,0,0.10,0.10,0.10,28.81,17,17,0,1.09,1.00,1.10,28.46,17,17,0,0.25,0.20,0.30,28.13,17,17,0
1250773,0.37,0.30,0.40,28.76,17,17,0,-0.01,-0.10,0.10,28.32,17,17,0,682.92,672.70,693.50,24.05,17,0,0,0.51,0.50,0.60,28.06,17,17,0,0.10,0.10,0.10,28.81,17,17,0,1.09,1.00,1.10,28.48,17,17,0,0.23,0.20,0.30,28.14,17,17,0
1251273,0.39,0.30,0.40,28.74,17,17,0,-0.02,-0.10,0.00,28.33,17,17,0,669.60,665.90,674.90,24.06,17,0,0,0.51,0.50,0.60,28.06,17,17,0,0.11,0.00,0.20,28.83,17,17,0,1.09,1.00,1.10,28.46,17,17,0,0.22,0.20,0.30,28.11,17,17,0
1251773,0.36,0.30,0.40,28.77,17,17,0,-0.02,-0.10,0.10,28.32,17,17,0,669.39,665.70,673.90,24.05,17,0,0,0.50,0.50,0.50,28.06,17,17,0,0.11,0.10,0.20,28.82,17,17,0,1.09,1.00,1.10,28.48,17,17,0,0.24,0.20,0.30,28.13,17,17,0
1252273,0.36,0.30,0.40,28.77,17,17,0,-0.02,-0.10,0.10,28.33,17,17,0,678.28,671.50,684.80,24.05,17,0,0,0.50,0.50,0.50,28.05,17,17,0,0.10,0.10,0.10,28.82,17,17,0,1.10,1.10,1.10,28.46,17,17,0,0.24,0.20,0.30,28.13,17,17,0
1252773,0.36,0.30,0.40,28.76,17,17,0,-0.01,-0.10,0.10,28.32,17,17,0,683.85,676.10,691.70,24.04,17,0,0,0.50,0.50,0.50,28.06,17,17,0,0.11,0.10,0.20,28.81,17,17,0,1.08,1.00,1.10,28.46,17,17,0,0.23,0.20,0.30,28.14,17,17,0
1253273,0.33,0.30,0.40,28.76,17,17,0,-0.03,-0.10,0.00,28.33,17,17,0,680.17,670.90,687.00,24.04,17,0,0,0.51,0.50,0.60,28.05,17,17,0,0.11,0.10,0.20,28.82,17,17,0,1.09,1.00,1.10,28.48,17,17,0,0.23,0.20,0.30,28.15,17,17,0
1253773,0.38,0.30,0.40,28.75,17,17,0,-0.01,-0.10,0.10,28.35,17,17,0,672.30,669.50,675.10,24.04,17,0,0,0.51,0.50,0.60,28.07,17,17,0,0.11,0.10,0.20,28.81,17,17,0,1.08,1.00,1.10,28.47,17,17,0,0.22,0.20,0.30,28.13,17,17,0
1254273,0.35,0.30,0.40,28.75,17,17,0,-0.02,-0.10,0.00,28.34,17,17,0,679.51,672.20,689.30,24.04,17,0,0,0.50,0.50,0.50,28.07,17,17,0,0.10,0.10,0.10,28.81,17,17,0,1.09,1.00,1.10,28.47,17,17,0,0.24,0.20,0.30,28.12,17,17,0
1254773,0.38,0.30,0.40,28.74,17,17,0,-0.01,-0.10,0.10,28.34,17,17,0,686.33,679.40,690.80,24.05,17,0,0,0.50,0.50,0.50,28.07,17,17,0,0.11,0.10,0.20,28.81,17,17,0,1.09,1.00,1.10,28.48,17,17,0,0.24,0.20,0.30,28.13,17,17,0
1255274,0.36,0.30,0.40,28.75,17,17,0,-0.04,-0.10,0.00,28.33,17,17,0,686.19,679.70,692.50,24.04,17,0,0,0.50,0.50,0.50,28.07,17,17,0,0.12,0.10,0.20,28.83,17,17,0,1.08,1.00,1.10,28.47,17,17,0,0.24,0.20,0.30,28.14,17,17,0
1255774,0.33,0.30,0.40,28.76,17,17,0,-0.04,-0.10,0.10,28.31,17,17,0,680.98,677.10,686.50,24.04,17,0,0,0.50,0.50,0.50,28.07,17,17,0,0.12,0.10,0.20,28.81,17,17,0,1.07,1.00,1.10,28.47,17,17,0,0.23,0.20,0.30,28.13,17,17,0
1256274,0.38,0.30,0.40,28.77,17,17,0,-0.04,-0.10,0.00,28.35,17,17,0,679.77,671.90,685.70,24.04,17,0,0,0.50,0.50,0.50,28.06,17,17,0,0.11,0.10,0.20,28.80,17,17,0,1.09,1.00,1.10,28.48,17,17,0,0.25,0.20,0.30,28.14,17,17,0
1256775,0.36,0.30,0.40,28.77,17,17,0,-0.04,-0.10,0.00,28.34,17,17,0,689.94,683.40,700.70,24.04,17,0,0,0.50,0.50,0.50,28.07,17,17,0,0.11,0.10,0.20,28.83,17,17,0,1.08,1.00,1.10,28.47,17,17,0,0.23,0.20,0.30,28.14,17,17,0
1257275,0.38,0.30,0.40,28.75,17,17,0,0.00,-0.10,0.10,28.32,17,17,0,695.81,687.90,702.60,24.04,17,0,0,0.50,0.50,0.50,28.07,17,17,0,0.11,0.10,0.20,28.81,17,17,0,1.08,1.00,1.10,28.47,17,17,0,0.23,0.20,0.30,28.14,17,17,0
1257776,0.36,0.30,0.40,28.77,17,17,0,-0.02,-0.10,0.10,28.33,17,17,0,699.73,695.10,706.90,24.04,17,0,0,0.50,0.50,0.50,28.07,17,17,0,0.11,0.10,0.20,28.83,17,17,0,1.10,1.10,1.10,28.49,17,17,0,0.25,0.20,0.30,28.16,17,17,0
1258280,0.37,0.30,0.40,28.76,17,17,0,-0.03,-0.10,0.10,28.32,17,17,0,696.35,689.80,704.60,24.04,17,0,0,0.50,0.50,0.50,28.08,17,17,0,0.11,0.10,0.20,28.83,17,17,0,1.08,1.00,1.10,28.48,17,17,0,0.22,0.20,0.30,28.12,17,17,0
1258781,0.35,0.30,0.40,28.76,17,17,0,-0.02,-0.10,0.10,28.33,17,17,0,697.85,692.20,704.30,24.02,17,0,0,0.50,0.50,0.50,28.07,17,17,0,0.11,0.10,0.20,28.81,17,17,0,1.08,1.00,1.10,28.47,17,17,0,0.24,0.20,0.30,28.14,17,17,0
1259281,0.38,0.30,0.40,28.78,17,17,0,-0.03,-0.10,0.00,28.34,17,17,0,705.88,694.40,712.40,24.05,17,0,0,0.51,0.50,0.60,28.06,17,17,0,0.11,0.10,0.20,28.83,17,17,0,1.10,1.10,1.10,28.48,17,17,0,0.24,0.20,0.30,28.14,17,17,0
1259781,0.36,0.30,0.40,28.77,17,17,0,-0.01,-0.10,0.10,28.33,17,17,0,710.13,704.30,716.10,24.02,17,0,0,0.51,0.50,0.60,28.07,17,17,0,0.12,0.10,0.20,28.83,17,17,0,1.10,1.10,1.10,28.47,17,17,0,0.22,0.20,0.30,28.12,17,17,0
1260281,0.37,0.30,0.40,28.75,17,17,0,-0.04,-0.10,0.10,28.33,17,17,0,711.21,689.60,721.70,24.02,17,0,0,0.50,0.50,0.50,28.05,17,17,0,0.11,0.10,0.20,28.83,17,17,0,1.09,1.00,1.10,28.49,17,17,0,0.24,0.20,0.30,28.14,17,17,0
1260781,0.38,0.30,0.40,28.76,17,17,0,-0.02,-0.10,0.10,28.34,17,17,0,705.20,696.80,716.10,24.04,17,0,0,0.50,0.50,0.50,28.07,17,17,0,0.10,0.10,0.10,28.81,17,17,0,1.09,1.00,1.10,28.48,17,17,0,0.23,0.20,0.30,28.14,17,17,0
1261292,0.36,0.30,0.40,28.75,17,17,0,-0.01,-0.10,0.10,28.32,17,17,0,709.27,704.40,716.60,24.04,17,0,0,0.49,0.40,0.50,28.08,17,17,0,0.11,0.10,0.20,28.81,17,17,0,1.09,1.00,1.10,28.47,17,17,0,0.24,0.20,0.30,28.13,17,17,0
1261792,0.36,0.30,0.40,28.77,17,17,0,-0.01,-0.10,0.10,28.34,17,17,0,716.59,712.60,720.70,24.03,17,0,0,0.50,0.50,0.50,28.06,17,17,0,0.10,0.10,0.10,28.82,17,17,0,1.09,1.00,1.10,28.48,17,17,0,0.23,0.20,0.30,28.13,17,17,0
1262292,0.38,0.30,0.40,28.76,17,17,0,-0.02,-0.10,0.10,28.34,17,17,0,720.26,716.10,724.40,24.03,17,0,0,0.49,0.40,0.50,28.05,17,17,0,0.11,0.10,0.20,28.82,17,17,0,1.09,1.00,1.10,28.47,17,17,0,0.23,0.20,0.30,28.14,17,17,0
1262804,0.37,0.30,0.40,28.77,18,18,0,-0.03,-0.10,0.10,28.33,18,18,0,714.71,708.30,720.70,24.05,18,0,0,0.50,0.50,0.50,28.07,18,18,0,0.11,0.10,0.20,28.83,18,18,0,1.09,1.00,1.10,28.48,18,18,0,0.23,0.20,0.30,28.13,18,18,0
1263304,0.39,0.30,0.40,28.77,17,17,0,-0.03,-0.10,0.10,28.34,17,17,0,707.76,702.90,712.60,24.03,17,0,0,0.50,0.50,0.50,28.07,17,17,0,0.09,0.00,0.20,28.82,17,17,0,1.09,1.00,1.10,28.47,17,17,0,0.22,0.20,0.30,28.15,17,17,0
1263804,0.36,0.30,0.40,28.76,17,17,0,-0.02,-0.10,0.10,28.33,17,17,0,716.02,708.40,723.90,24.05,17,0,0,0.50,0.50,0.50,28.07,17,17,0,0.10,0.10,0.10,28.84,17,17,0,1.10,1.10,1.10,28.48,17,17,0,0.24,0.20,0.30,28.15,17,17,0
1264304,0.38,0.30,0.40,28.78,17,17,0,-0.01,-0.10,0.10,28.34,17,17,0,721.92,714.40,730.50,24.05,17,0,0,0.50,0.50,0.50,28.08,17,17,0,0.11,0.10,0.20,28.82,17,17,0,1.08,1.00,1.10,28.47,17,17,0,0.24,0.20,0.30,28.14,17,17,0
1264804,0.38,0.30,0.40,28.76,17,17,0,-0.04,-0.10,0.00,28.33,17,17,0,727.33,707.80,738.20,24.04,17,0,0,0.50,0.50,0.50,28.05,17,17,0,0.11,0.10,0.20,28.82,17,17,0,1.09,1.00,1.10,28.47,17,17,0,0.22,0.20,0.30,28.14,17,17,0
1265304,0.37,0.30,0.40,28.77,17,17,0,-0.01,-0.10,0.10,28.34,17,17,0,713.92,699.10,732.40,24.02,17,0,0,0.50,0.50,0.50,28.06,17,17,0,0.11,0.10,0.20,28.83,17,17,0,1.09,1.00,1.10,28.47,17,17,0,0.23,0.20,0.30,28.13,17,17,0
1265804,0.37,0.30,0.40,28.77,17,17,0,-0.01,-0.10,0.10,28.34,17,17,0,709.35,700.10,716.00,24.04,17,0,0,0.50,0.50,0.50,28.07,17,17,0,0.11,0.10,0.20,28.83,17,17,0,1.09,1.00,1.10,28.48,17,17,0,0.24,0.20,0.30,28.14,17,17,0
1266304,0.37,0.30,0.40,28.77,17,17,0,-0.01,-0.10,0.10,28.35,17,17,0,714.65,708.40,720.80,24.04,17,0,0,0.51,0.50,0.60,28.06,17,17,0,0.12,0.10,0.20,28.84,17,17,0,1.09,1.00,1.10,28.48,17,17,0,0.24,0.20,0.30,28.13,17,17,0
1266804,0.38,0.30,0.40,28.77,17,17,0,-0.04,-0.10,0.00,28.35,17,17,0,721.31,713.10,727.90,24.04,17,0,0,0.50,0.50,0.50,28.09,17,17,0,0.10,0.00,0.20,28.84,17,17,0,1.08,1.00,1.10,28.47,17,17,0,0.22,0.20,0.30,28.15,17,17,0
1267304,0.38,0.30,0.40,28.78,17,17,0,-0.04,-0.10,0.10,28.35,17,17,0,719.86,711.10,728.60,24.03,17,0,0,0.49,0.40,0.50,28.07,17,17,0,0.09,0.00,0.10,28.83,17,17,0,1.10,1.10,1.10,28.47,17,17,0,0.25,0.20,0.30,28.15,17,17,0
1267804,0.38,0.30,0.40,28.77,17,17,0,-0.01,-0.10,0.10,28.33,17,17,0,704.72,699.40,712.10,24.04,17,0,0,0.50,0.50,0.50,28.07,17,17,0,0.11,0.10,0.20,28.82,17,17,0,1.06,1.00,1.10,28.48,17,17,0,0.26,0.20,0.30,28.14,17,17,0
1268305,0.39,0.30,0.40,28.77,17,17,0,0.01,-0.10,0.10,28.33,17,17,0,700.66,696.60,707.00,24.06,17,0,0,0.50,0.50,0.50,28.07,17,17,0,0.11,0.10,0.20,28.82,17,17,0,1.09,1.00,1.10,28.48,17,17,0,0.24,0.20,0.30,28.14,17,17,0
1268809,0.36,0.30,0.40,28.79,17,17,0,-0.02,-0.10,0.10,28.34,17,17,0,711.45,706.70,715.70,24.04,17,0,0,0.50,0.50,0.50,28.07,17,17,0,0.12,0.10,0.20,28.80,17,17,0,1.10,1.10,1.10,28.46,17,17,0,0.25,0.20,0.30,28.14,17,17,0
1269318,0.38,0.30,0.40,28.76,17,17,0,-0.02,-0.10,0.00,28.33,17,17,0,717.95,713.40,723.50,24.04,17,0,0,0.50,0.50,0.50,28.08,17,17,0,0.12,0.10,0.20,28.83,17,17,0,1.09,1.00,1.10,28.47,17,17,0,0.24,0.20,0.30,28.14,17,17,0
1269818,0.38,0.30,0.40,28.78,17,17,0,-0.04,-0.10,0.00,28.34,17,17,0,706.00,695.90,715.00,24.04,17,0,0,0.50,0.40,0.60,28.07,17,17,0,0.10,0.10,0.10,28.82,17,17,0,1.09,1.00,1.10,28.47,17,17,0,0.26,0.20,0.30,28.16,17,17,0
1270318,0.36,0.30,0.40,28.78,17,17,0,-0.01,-0.10,0.10,28.35,17,17,0,693.05,684.60,699.90,24.05,17,0,0,0.50,0.50,0.50,28.08,17,17,0,0.10,0.10,0.10,28.82,17,17,0,1.10,1.10,1.10,28.48,17,17,0,0.24,0.20,0.30,28.13,17,17,0
1270819,0.38,0.30,0.40,28.78,17,17,0,-0.01,-0.10,0.10,28.34,17,17,0,695.33,689.70,700.60,24.06,17,0,0,0.50,0.50,0.50,28.06,17,17,0,0.11,0.10,0.20,28.83,17,17,0,1.09,1.00,1.10,28.48,17,17,0,0.21,0.20,0.30,28.14,17,17,0
1271319,0.36,0.30,0.40,28.78,17,17,0,-0.01,-0.10,0.10,28.34,17,17,0,703.66,696.60,708.90,24.05,17,0,0,0.51,0.50,0.60,28.09,17,17,0,0.11,0.10,0.20,28.84,17,17,0,1.09,1.00,1.10,28.49,17,17,0,0.23,0.20,0.30,28.14,17,17,0
1271819,0.37,0.30,0.40,28.77,17,17,0,-0.02,-0.10,0.10,28.34,17,17,0,709.12,703.40,715.60,24.05,17,0,0,0.51,0.50,0.60,28.08,17,17,0,0.11,0.10,0.20,28.82,17,17,0,1.09,1.00,1.10,28.48,17,17,0,0.21,0.20,0.30,28.14,17,17,0
1272331,0.37,0.30,0.40,28.78,18,18,0,-0.01,-0.10,0.10,28.33,18,18,0,695.12,686.00,703.50,24.05,18,0,0,0.49,0.40,0.50,28.07,18,18,0,0.12,0.10,0.20,28.83,18,18,0,1.09,1.00,1.10,28.48,18,18,0,0.23,0.20,0.30,28.16,18,18,0
1272831,0.36,0.30,0.40,28.77,17,17,0,-0.02,-0.10,0.10,28.32,17,17,0,685.59,681.60,689.50,24.05,17,0,0,0.51,0.50,0.60,28.08,17,17,0,0.11,0.10,0.20,28.83,17,17,0,1.08,1.00,1.10,28.47,17,17,0,0.24,0.20,0.30,28.14,17,17,0
1273331,0.38,0.30,0.40,28.78,17,17,0,-0.02,-0.10,0.00,28.33,17,17,0,691.18,685.40,694.10,24.04,17,0,0,0.51,0.50,0.60,28.06,17,17,0,0.11,0.10,0.20,28.82,17,17,0,1.10,1.10,1.10,28.48,17,17,0,0.22,0.20,0.30,28.15,17,17,0
1273831,0.36,0.30,0.40,28.78,17,17,0,-0.02,-0.10,0.10,28.34,17,17,0,697.64,692.90,702.70,24.04,17,0,0,0.50,0.50,0.50,28.06,17,17,0,0.11,0.10,0.20,28.83,17,17,0,1.09,1.00,1.10,28.49,17,17,0,0.24,0.20,0.30,28.14,17,17,0
1274331,0.35,0.30,0.40,28.80,17,17,0,-0.02,-0.10,0.00,28.34,17,17,0,692.12,684.30,700.40,24.06,17,0,0,0.50,0.50,0.50,28.07,17,17,0,0.11,0.10,0.20,28.85,17,17,0,1.08,1.00,1.10,28.49,17,17,0,0.21,0.20,0.30,28.15,17,17,0
1274831,0.36,0.30,0.40,28.76,17,17,0,-0.03,-0.10,0.00,28.33,17,17,0,682.11,676.80,688.70,24.06,17,0,0,0.50,0.50,0.50,28.05,17,17,0,0.11,0.10,0.20,28.85,17,17,0,1.06,1.00,1.10,28.50,17,17,0,0.22,0.20,0.30,28.13,17,17,0
1275331,0.38,0.30,0.40,28.76,17,17,0,-0.01,-0.10,0.10,28.33,17,17,0,681.53,675.20,688.10,24.06,17,0,0,0.50,0.50,0.50,28.06,17,17,0,0.11,0.10,0.20,28.83,17,17,0,1.08,1.00,1.10,28.47,17,17,0,0.23,0.20,0.30,28.16,17,17,0
1275831,0.37,0.30,0.40,28.77,17,17,0,-0.01,-0.10,0.10,28.33,17,17,0,686.48,681.80,693.30,24.05,17,0,0,0.50,0.50,0.50,28.07,17,17,0,0.12,0.00,0.20,28.82,17,17,0,1.09,1.00,1.10,28.49,17,17,0,0.25,0.20,0.30,28.14,17,17,0
1276331,0.36,0.30,0.40,28.79,17,17,0,-0.02,-0.10,0.10,28.35,17,17,0,693.15,688.20,697.40,24.06,17,0,0,0.50,0.50,0.50,28.06,17,17,0,0.11,0.10,0.20,28.84,17,17,0,1.08,1.00,1.10,28.49,17,17,0,0.24,0.20,0.30,28.12,17,17,0
1276831,0.38,0.30,0.40,28.77,17,17,0,-0.05,-0.10,0.00,28.35,17,17,0,682.65,675.60,689.30,24.05,17,0,0,0.50,0.50,0.50,28.08,17,17,0,0.10,0.00,0.20,28.82,17,17,0,1.09,1.00,1.10,28.47,17,17,0,0.24,0.20,0.30,28.14,17,17,0
1277331,0.36,0.30,0.40,28.77,17,17,0,-0.03,-0.10,0.10,28.34,17,17,0,671.49,665.90,677.40,24.06,17,0,0,0.50,0.50,0.50,28.05,17,17,0,0.11,0.00,0.20,28.83,17,17,0,1.09,1.00,1.10,28.47,17,17,0,0.25,0.20,0.30,28.11,17,17,0
1277831,0.38,0.30,0.40,28.78,17,17,0,-0.04,-0.10,0.10,28.35,17,17,0,673.26,667.30,679.80,24.07,17,0,0,0.50,0.50,0.50,28.08,17,17,0,0.11,0.10,0.20,28.84,17,17,0,1.09,1.00,1.10,28.50,17,17,0,0.26,0.20,0.30,28.14,17,17,0
1278331,0.38,0.30,0.40,28.76,17,17,0,-0.02,-0.10,0.10,28.34,17,17,0,680.66,672.40,688.70,24.04,17,0,0,0.50,0.50,0.50,28.07,17,17,0,0.10,0.10,0.10,28.83,17,17,0,1.09,1.00,1.10,28.48,17,17,0,0.25,0.20,0.30,28.14,17,17,0
1278832,0.37,0.30,0.40,28.78,17,17,0,-0.02,-0.10,0.10,28.34,17,17,0,686.06,680.10,690.30,24.06,17,0,0,0.50,0.50,0.50,28.08,17,17,0,0.11,0.10,0.20,28.85,17,17,0,1.09,1.00,1.10,28.49,17,17,0,0.24,0.20,0.30,28.16,17,17,0
1279332,0.37,0.30,0.40,28.78,17,17,0,-0.02,-0.10,0.10,28.34,17,17,0,679.35,671.00,687.30,24.05,17,0,0,0.50,0.50,0.50,28.07,17,17,0,0.11,0.10,0.20,28.83,17,17,0,1.08,1.00,1.10,28.48,17,17,0,0.25,0.20,0.30,28.15,17,17,0
1279832,0.38,0.30,0.40,28.79,17,17,0,-0.01,-0.10,0.10,28.34,17,17,0,670.22,666.30,675.60,24.06,17,0,0,0.49,0.40,0.60,28.07,17,17,0,0.11,0.10,0.20,28.83,17,17,0,1.08,1.00,1.10,28.49,17,17,0,0.23,0.20,0.30,28.15,17,17,0
1280342,0.35,0.30,0.40,28.78,17,17,0,-0.01,-0.10,0.00,28.34,17,17,0,674.52,667.50,679.90,24.06,17,0,0,0.50,0.50,0.50,28.07,17,17,0,0.11,0.10,0.20,28.83,17,17,0,1.09,1.00,1.10,28.48,17,17,0,0.22,0.20,0.30,28.15,17,17,0
1280842,0.37,0.30,0.40,28.77,17,17,0,-0.05,-0.10,0.00,28.33,17,17,0,683.95,678.20,689.90,24.07,17,0,0,0.51,0.50,0.60,28.08,17,17,0,0.11,0.10,0.20,28.85,17,17,0,1.10,1.10,1.10,28.47,17,17,0,0.24,0.20,0.30,28.15,17,17,0
1281342,0.37,0.30,0.40,28.76,17,17,0,0.00,-0.10,0.10,28.34,17,17,0,684.93,675.90,690.70,24.07,17,0,0,0.50,0.50,0.50,28.06,17,17,0,0.11,0.10,0.20,28.85,17,17,0,1.10,1.10,1.10,28.49,17,17,0,0.24,0.20,0.30,28.15,17,17,0
1281842,0.39,0.30,0.40,28.77,17,17,0,-0.04,-0.10,0.00,28.33,17,17,0,670.77,665.50,678.10,24.05,17,0,0,0.51,0.50,0.60,28.08,17,17,0,0.12,0.10,0.20,28.84,17,17,0,1.09,1.00,1.10,28.48,17,17,0,0.23,0.20,0.30,28.15,17,17,0
1282344,0.38,0.30,0.40,28.78,17,17,0,-0.03,-0.10,0.10,28.33,17,17,0,665.76,658.30,672.80,24.08,17,0,0,0.50,0.50,0.50,28.07,17,17,0,0.12,0.10,0.20,28.83,17,17,0,1.09,1.00,1.10,28.48,17,17,0,0.22,0.20,0.30,28.15,17,17,0
1282844,0.36,0.30,0.40,28.79,17,17,0,-0.02,-0.10,0.10,28.33,17,17,0,670.14,664.80,675.70,24.08,17,0,0,0.49,0.40,0.50,28.07,17,17,0,0.10,0.10,0.10,28.84,17,17,0,1.09,1.00,1.10,28.48,17,17,0,0.22,0.20,0.30,28.15,17,17,0
1283344,0.38,0.30,0.40,28.76,17,17,0,-0.01,-0.10,0.10,28.33,17,17,0,680.05,673.70,687.70,24.09,17,0,0,0.51,0.50,0.60,28.07,17,17,0,0.11,0.10,0.20,28.84,17,17,0,1.10,1.10,1.10,28.48,17,17,0,0.23,0.20,0.30,28.14,17,17,0
1283844,0.36,0.30,0.40,28.78,17,17,0,-0.04,-0.10,0.00,28.35,17,17,0,676.25,669.10,686.40,24.04,17,0,0,0.51,0.50,0.60,28.06,17,17,0,0.12,0.10,0.20,28.84,17,17,0,1.09,1.00,1.10,28.48,17,17,0,0.25,0.20,0.30,28.15,17,17,0
1284344,0.38,0.30,0.40,28.78,17,17,0,-0.01,-0.10,0.10,28.33,17,17,0,665.92,657.90,672.60,24.06,17,0,0,0.50,0.50,0.50,28.08,17,17,0,0.12,0.10,0.20,28.84,17,17,0,1.09,1.00,1.20,28.48,17,17,0,0.22,0.20,0.30,28.15,17,17,0
1284844,0.35,0.30,0.40,28.80,17,17,0,-0.03,-0.10,0.00,28.34,17,17,0,665.15,656.70,669.20,24.09,17,0,0,0.50,0.50,0.50,28.08,17,17,0,0.10,0.10,0.10,28.83,17,17,0,1.08,1.00,1.10,28.48,17,17,0,0.22,0.20,0.30,28.15,17,17,0
1285344,0.34,0.30,0.40,28.77,17,17,0,-0.01,-0.10,0.10,28.33,17,17,0,675.51,668.20,682.40,24.08,17,0,0,0.50,0.50,0.50,28.08,17,17,0,0.11,0.10,0.20,28.84,17,17,0,1.08,1.00,1.10,28.49,17,17,0,0.23,0.20,0.30,28.14,17,17,0
1285844,0.37,0.30,0.40,28.77,17,17,0,-0.02,-0.10,0.10,28.35,17,17,0,684.81,680.40,690.50,24.06,17,0,0,0.50,0.50,0.50,28.08,17,17,0,0.10,0.00,0.20,28.84,17,17,0,1.09,1.00,1.10,28.49,17,17,0,0.22,0.20,0.30,28.16,17,17,0
1286344,0.36,0.30,0.40,28.78,17,17,0,-0.01,-0.10,0.10,28.33,17,17,0,674.26,663.40,684.10,24.06,17,0,0,0.50,0.50,0.50,28.08,17,17,0,0.11,0.10,0.20,28.84,17,17,0,1.06,1.00,1.10,28.47,17,17,0,0.23,0.20,0.30,28.15,17,17,0
1286844,0.37,0.30,0.40,28.80,17,17,0,-0.02,-0.10,0.10,28.35,17,17,0,667.56,663.50,670.70,24.06,17,0,0,0.51,0.50,0.60,28.07,17,17,0,0.10,0.10,0.10,28.83,17,17,0,1.09,1.00,1.10,28.47,17,17,0,0.23,0.20,0.30,28.15,17,17,0
1287344,0.35,0.30,0.40,28.79,17,17,0,-0.01,-0.10,0.10,28.32,17,17,0,669.11,662.70,676.00,24.08,17,0,0,0.50,0.50,0.50,28.06,17,17,0,0.11,0.10,0.20,28.83,17,17,0,1.10,1.10,1.10,28.48,17,17,0,0.22,0.20,0.30,28.14,17,17,0
1287844,0.38,0.30,0.40,28.78,17,17,0,-0.04,-0.10,0.00,28.34,17,17,0,679.94,672.20,687.90,24.07,17,0,0,0.51,0.50,0.60,28.08,17,17,0,0.11,0.10,0.20,28.84,17,17,0,1.09,1.00,1.10,28.47,17,17,0,0.24,0.20,0.30,28.15,17,17,0
1288344,0.38,0.30,0.40,28.79,17,17,0,-0.03,-0.10,0.10,28.33,17,17,0,683.68,679.00,688.00,24.06,17,0,0,0.50,0.50,0.50,28.05,17,17,0,0.11,0.10,0.20,28.82,17,17,0,1.09,1.00,1.10,28.49,17,17,0,0.24,0.20,0.30,28.16,17,17,0
1288844,0.37,0.30,0.40,28.79,17,17,0,-0.04,-0.10,0.10,28.34,17,17,0,669.38,661.50,676.50,24.06,17,0,0,0.50,0.50,0.50,28.08,17,17,0,0.11,0.10,0.20,28.83,17,17,0,1.10,1.10,1.10,28.49,17,17,0,0.22,0.20,0.30,28.16,17,17,0
1289344,0.38,0.30,0.40,28.78,17,17,0,-0.02,-0.10,0.00,28.34,17,17,0,665.48,661.30,669.90,24.07,17,0,0,0.50,0.50,0.50,28.07,17,17,0,0.11,0.10,0.20,28.84,17,17,0,1.09,1.00,1.10,28.49,17,17,0,0.24,0.20,0.30,28.15,17,17,0
1289844,0.35,0.30,0.40,28.78,17,17,0,-0.02,-0.10,0.10,28.33,17,17,0,669.54,662.50,677.10,24.08,17,0,0,0.50,0.50,0.50,28.07,17,17,0,0.11,0.10,0.20,28.84,17,17,0,1.09,1.00,1.10,28.47,17,17,0,0.23,0.20,0.30,28.15,17,17,0
1290344,0.36,0.30,0.40,28.79,17,17,0,-0.02,-0.10,0.00,28.34,17,17,0,683.55,675.20,692.20,24.07,17,0,0,0.50,0.50,0.50,28.07,17,17,0,0.12,0.10,0.20,28.84,17,17,0,1.09,1.00,1.10,28.48,17,17,0,0.22,0.20,0.30,28.14,17,17,0
1290844,0.35,0.30,0.40,28.78,17,17,0,-0.01,-0.10,0.10,28.33,17,17,0,688.98,680.80,698.50,24.06,17,0,0,0.50,0.50,0.50,28.05,17,17,0,0.11,0.10,0.20,28.85,17,17,0,1.08,1.00,1.10,28.49,17,17,0,0.22,0.20,0.30,28.16,17,17,0
1291344,0.36,0.30,0.40,28.79,17,17,0,-0.02,-0.10,0.10,28.33,17,17,0,672.49,666.10,677.40,24.09,17,0,0,0.51,0.50,0.60,28.06,17,17,0,0.11,0.10,0.20,28.83,17,17,0,1.08,1.00,1.10,28.48,17,17,0,0.23,0.20,0.30,28.16,17,17,0
1291845,0.38,0.30,0.40,28.80,17,17,0,-0.01,-0.10,0.10,28.32,17,17,0,669.34,664.50,675.40,24.08,17,0,0,0.50,0.50,0.50,28.08,17,17,0,0.10,0.10,0.10,28.84,17,17,0,1.09,1.00,1.10,28.48,17,17,0,0.22,0.20,0.30,28.15,17,17,0
1292357,0.40,0.40,0.40,28.79,18,18,0,-0.02,-0.10,0.00,28.34,18,18,0,674.61,667.80,680.40,24.07,18,0,0,0.51,0.50,0.60,28.09,18,18,0,0.11,0.10,0.20,28.85,18,18,0,1.09,1.00,1.10,28.47,18,18,0,0.23,0.20,0.30,28.13,18,18,0
1292857,0.37,0.30,0.40,28.78,17,17,0,-0.01,-0.10,0.10,28.33,17,17,0,685.51,679.30,691.30,24.08,17,0,0,0.50,0.50,0.50,28.06,17,17,0,0.11,0.10,0.20,28.85,17,17,0,1.09,1.00,1.10,28.48,17,17,0,0.23,0.20,0.30,28.15,17,17,0
1293357,0.36,0.30,0.40,28.78,17,17,0,-0.04,-0.10,0.00,28.33,17,17,0,676.75,667.60,686.80,24.08,17,0,0,0.50,0.50,0.50,28.06,17,17,0,0.12,0.10,0.20,28.85,17,17,0,1.09,1.00,1.10,28.49,17,17,0,0.24,0.20,0.30,28.16,17,17,0
1293857,0.38,0.30,0.40,28.78,17,17,0,0.00,-0.10,0.10,28.35,17,17,0,667.70,663.60,671.70,24.08,17,0,0,0.50,0.50,0.50,28.07,17,17,0,0.12,0.10,0.20,28.84,17,17,0,1.09,1.00,1.10,28.49,17,17,0,0.23,0.20,0.30,28.15,17,17,0
1294357,0.36,0.30,0.40,28.79,17,17,0,-0.05,-0.10,0.00,28.33,17,17,0,662.41,656.50,667.50,24.08,17,0,0,0.51,0.50,0.60,28.08,17,17,0,0.11,0.10,0.20,28.83,17,17,0,1.07,1.00,1.10,28.49,17,17,0,0.23,0.20,0.30,28.13,17,17,0
1294857,0.36,0.30,0.40,28.78,17,17,0,0.01,-0.10,0.10,28.35,17,17,0,675.61,669.40,681.90,24.07,17,0,0,0.51,0.50,0.60,28.08,17,17,0,0.11,0.10,0.20,28.85,17,17,0,1.09,1.00,1.10,28.46,17,17,0,0.22,0.20,0.30,28.14,17,17,0
1295358,0.37,0.30,0.40,28.79,17,17,0,-0.01,-0.10,0.10,28.34,17,17,0,684.45,680.30,687.60,24.08,17,0,0,0.50,0.50,0.50,28.06,17,17,0,0.11,0.10,0.20,28.86,17,17,0,1.10,1.10,1.10,28.49,17,17,0,0.24,0.20,0.30,28.17,17,17,0
1295858,0.38,0.30,0.40,28.78,17,17,0,-0.01,-0.10,0.10,28.34,17,17,0,671.09,660.10,679.70,24.07,17,0,0,0.50,0.50,0.50,28.08,17,17,0,0.11,0.10,0.20,28.84,17,17,0,1.07,1.00,1.10,28.48,17,17,0,0.25,0.20,0.30,28.15,17,17,0
1296358,0.36,0.30,0.40,28.79,17,17,0,-0.03,-0.10,0.10,28.34,17,17,0,664.51,660.60,669.20,24.08,17,0,0,0.50,0.50,0.50,28.07,17,17,0,0.10,0.10,0.10,28.84,17,17,0,1.08,1.00,1.10,28.49,17,17,0,0.25,0.20,0.30,28.15,17,17,0
1296858,0.37,0.30,0.40,28.79,17,17,0,-0.03,-0.10,0.10,28.32,17,17,0,671.37,662.80,679.40,24.08,17,0,0,0.51,0.50,0.60,28.06,17,17,0,0.12,0.10,0.20,28.85,17,17,0,1.08,1.00,1.10,28.48,17,17,0,0.24,0.20,0.30,28.15,17,17,0
1297358,0.38,0.30,0.40,28.78,17,17,0,-0.01,-0.10,0.10,28.35,17,17,0,678.77,671.60,684.80,24.09,17,0,0,0.51,0.50,0.60,28.06,17,17,0,0.11,0.10,0.20,28.84,17,17,0,1.08,1.00,1.10,28.49,17,17,0,0.24,0.20,0.30,28.15,17,17,0
1297858,0.38,0.30,0.40,28.79,17,17,0,-0.04,-0.10,0.00,28.36,17,17,0,678.79,671.10,685.60,24.08,17,0,0,0.51,0.50,0.60,28.06,17,17,0,0.10,0.10,0.10,28.84,17,17,0,1.09,1.00,1.10,28.48,17,17,0,0.25,0.20,0.30,28.15,17,17,0
1298367,0.37,0.30,0.40,28.79,18,18,0,-0.02,-0.10,0.10,28.32,18,18,0,667.14,661.20,673.00,24.08,18,0,0,0.51,0.50,0.60,28.07,18,18,0,0.11,0.10,0.20,28.86,18,18,0,1.09,1.00,1.10,28.48,18,18,0,0.21,0.20,0.30,28.13,18,18,0
1298877,0.36,0.30,0.40,28.80,17,17,0,-0.01,-0.10,0.10,28.33,17,17,0,666.64,657.70,674.90,24.08,17,0,0,0.51,0.50,0.60,28.08,17,17,0,0.11,0.10,0.20,28.85,17,17,0,1.09,1.00,1.10,28.47,17,17,0,0.25,0.20,0.30,28.16,17,17,0
1299377,0.38,0.30,0.40,28.79,17,17,0,-0.05,-0.10,0.00,28.34,17,17,0,674.80,662.10,693.60,24.08,17,0,0,0.51,0.50,0.60,28.07,17,17,0,0.12,0.10,0.20,28.84,17,17,0,1.09,1.00,1.10,28.48,17,17,0,0.25,0.20,0.30,28.15,17,17,0
1299884,0.38,0.30,0.40,28.78,17,17,0,-0.01,-0.10,0.10,28.34,17,17,0,683.94,673.70,694.10,24.08,17,0,0,0.51,0.50,0.60,28.07,17,17,0,0.11,0.10,0.20,28.83,17,17,0,1.08,1.00,1.10,28.50,17,17,0,0.25,0.20,0.30,28.16,17,17,0
1300384,0.38,0.30,0.40,28.79,17,17,0,-0.02,-0.10,0.00,28.32,17,17,0,678.29,669.80,684.40,24.08,17,0,0,0.50,0.50,0.50,28.08,17,17,0,0.10,0.10,0.10,28.84,17,17,0,1.08,1.00,1.10,28.49,17,17,0,0.24,0.20,0.30,28.16,17,17,0
1300884,0.38,0.30,0.40,28.80,17,17,0,-0.04,-0.10,0.10,28.35,17,17,0,671.06,666.10,675.10,24.09,17,0,0,0.50,0.50,0.50,28.07,17,17,0,0.11,0.10,0.20,28.84,17,17,0,1.08,1.00,1.10,28.49,17,17,0,0.24,0.20,0.30,28.14,17,17,0
1301384,0.40,0.40,0.40,28.80,17,17,0,-0.01,-0.10,0.10,28.32,17,17,0,680.19,672.90,685.40,24.08,17,0,0,0.51,0.50,0.60,28.07,17,17,0,0.11,0.10,0.20,28.85,17,17,0,1.10,1.10,1.10,28.48,17,17,0,0.24,0.20,0.30,28.15,17,17,0
1301884,0.39,0.30,0.40,28.78,17,17,0,-0.03,-0.10,0.10,28.33,17,17,0,688.27,682.10,693.20,24.08,17,0,0,0.50,0.50,0.50,28.07,17,17,0,0.11,0.10,0.20,28.85,17,17,0,1.08,1.00,1.10,28.49,17,17,0,0.22,0.20,0.30,28.14,17,17,0
1302384,0.37,0.30,0.40,28.80,17,17,0,-0.03,-0.10,0.10,28.33,17,17,0,689.93,682.60,694.10,24.08,17,0,0,0.49,0.40,0.50,28.07,17,17,0,0.11,0.10,0.20,28.86,17,17,0,1.06,1.00,1.10,28.47,17,17,0,0.24,0.20,0.30,28.15,17,17,0
1302884,0.36,0.30,0.40,28.78,17,17,0,0.00,-0.10,0.10,28.33,17,17,0,685.21,680.50,688.60,24.07,17,0,0,0.50,0.50,0.50,28.07,17,17,0,0.10,0.10,0.10,28.84,17,17,0,1.09,1.00,1.10,28.48,17,17,0,0.22,0.20,0.30,28.14,17,17,0
1303387,0.39,0.30,0.40,28.79,17,17,0,-0.01,-0.10,0.10,28.35,17,17,0,686.64,680.00,691.20,24.09,17,0,0,0.51,0.50,0.60,28.07,17,17,0,0.11,0.10,0.20,28.86,17,17,0,1.10,1.10,1.10,28.49,17,17,0,0.25,0.20,0.30,28.15,17,17,0
1303891,0.39,0.30,0.40,28.78,17,17,0,-0.02,-0.10,0.10,28.32,17,17,0,694.44,687.40,700.00,24.06,17,0,0,0.50,0.50,0.50,28.07,17,17,0,0.13,0.10,0.20,28.84,17,17,0,1.09,1.00,1.10,28.48,17,17,0,0.23,0.20,0.30,28.16,17,17,0
1304391,0.37,0.30,0.40,28.80,17,17,0,0.00,-0.10,0.10,28.32,17,17,0,698.02,689.50,705.20,24.07,17,0,0,0.51,0.50,0.60,28.07,17,17,0,0.11,0.10,0.20,28.86,17,17,0,1.10,1.10,1.10,28.50,17,17,0,0.23,0.20,0.30,28.16,17,17,0
1304893,0.37,0.30,0.40,28.78,17,17,0,-0.01,-0.10,0.10,28.35,17,17,0,699.35,695.40,705.00,24.07,17,0,0,0.51,0.50,0.60,28.07,17,17,0,0.11,0.10,0.20,28.84,17,17,0,1.09,1.00,1.20,28.48,17,17,0,0.22,0.20,0.30,28.15,17,17,0
1305393,0.38,0.30,0.40,28.80,17,17,0,0.00,-0.10,0.10,28.34,17,17,0,694.97,687.30,699.30,24.07,17,0,0,0.50,0.50,0.50,28.07,17,17,0,0.11,0.10,0.20,28.84,17,17,0,1.09,1.00,1.10,28.48,17,17,0,0.25,0.20,0.30,28.16,17,17,0
1305895,0.37,0.30,0.40,28.80,17,17,0,-0.02,-0.10,0.10,28.34,17,17,0,699.45,691.60,706.10,24.07,17,0,0,0.50,0.40,0.60,28.08,17,17,0,0.11,0.10,0.20,28.85,17,17,0,1.08,1.00,1.10,28.48,17,17,0,0.25,0.20,0.30,28.15,17,17,0
1306395,0.38,0.30,0.40,28.80,17,17,0,-0.02,-0.10,0.00,28.34,17,17,0,707.09,702.70,712.40,24.08,17,0,0,0.50,0.50,0.50,28.07,17,17,0,0.11,0.10,0.20,28.85,17,17,0,1.09,1.00,1.10,28.48,17,17,0,0.25,0.20,0.30,28.15,17,17,0
1306895,0.39,0.30,0.40,28.78,17,17,0,-0.02,-0.10,0.10,28.35,17,17,0,715.06,706.50,720.40,24.05,17,0,0,0.49,0.40,0.50,28.08,17,17,0,0.10,0.10,0.10,28.85,17,17,0,1.09,1.00,1.10,28.48,17,17,0,0.24,0.20,0.30,28.15,17,17,0
1307395,0.38,0.30,0.40,28.78,17,17,0,-0.02,-0.10,0.00,28.35,17,17,0,713.50,709.30,717.00,24.07,17,0,0,0.50,0.50,0.50,28.08,17,17,0,0.11,0.10,0.20,28.84,17,17,0,1.09,1.00,1.10,28.47,17,17,0,0.22,0.20,0.30,28.16,17,17,0
1307895,0.40,0.40,0.40,28.79,17,17,0,-0.02,-0.10,0.00,28.35,17,17,0,705.24,696.70,710.30,24.05,17,0,0,0.51,0.50,0.60,28.06,17,17,0,0.12,0.10,0.20,28.86,17,17,0,1.07,1.00,1.10,28.49,17,17,0,0.24,0.20,0.30,28.14,17,17,0
1308395,0.36,0.30,0.40,28.78,17,17,0,0.01,-0.10,0.10,28.34,17,17,0,709.17,698.10,716.20,24.06,17,0,0,0.51,0.50,0.60,28.07,17,17,0,0.11,0.10,0.20,28.85,17,17,0,1.09,1.00,1.10,28.48,17,17,0,0.25,0.20,0.30,28.16,17,17,0
1308899,0.38,0.30,0.40,28.80,17,17,0,-0.02,-0.10,0.10,28.34,17,17,0,717.25,709.40,728.40,24.05,17,0,0,0.50,0.50,0.50,28.08,17,17,0,0.11,0.10,0.20,28.85,17,17,0,1.09,1.00,1.20,28.48,17,17,0,0.25,0.20,0.30,28.15,17,17,0
1309406,0.36,0.30,0.40,28.79,17,17,0,-0.01,-0.10,0.10,28.35,17,17,0,723.18,714.60,730.10,24.05,17,0,0,0.50,0.50,0.50,28.08,17,17,0,0.11,0.10,0.20,28.86,17,17,0,1.09,1.00,1.10,28.49,17,17,0,0.22,0.20,0.30,28.15,17,17,0
1309906,0.39,0.30,0.40,28.79,17,17,0,-0.02,-0.10,0.00,28.33,17,17,0,714.09,708.10,722.00,24.04,17,0,0,0.51,0.50,0.60,28.08,17,17,0,0.10,0.10,0.10,28.84,17,17,0,1.10,1.10,1.10,28.49,17,17,0,0.25,0.20,0.30,28.16,17,17,0
1310406,0.38,0.30,0.40,28.79,17,17,0,-0.01,-0.10,0.10,28.35,17,17,0,707.66,703.40,711.70,24.05,17,0,0,0.50,0.50,0.50,28.06,17,17,0,0.11,0.10,0.20,28.85,17,17,0,1.09,1.00,1.10,28.47,17,17,0,0.24,0.20,0.30,28.15,17,17,0
1310906,0.37,0.30,0.40,28.80,17,17,0,-0.01,-0.10,0.10,28.33,17,17,0,714.10,707.20,722.60,24.06,17,0,0,0.50,0.50,0.50,28.07,17,17,0,0.11,0.10,0.20,28.85,17,17,0,1.10,1.10,1.10,28.49,17,17,0,0.25,0.20,0.30,28.15,17,17,0
1311406,0.38,0.30,0.40,28.79,17,17,0,-0.06,-0.10,0.00,28.33,17,17,0,724.66,710.80,735.70,24.05,17,0,0,0.50,0.50,0.50,28.08,17,17,0,0.10,0.10,0.10,28.83,17,17,0,1.08,1.00,1.10,28.47,17,17,0,0.23,0.20,0.30,28.15,17,17,0
1311907,0.37,0.30,0.40,28.81,17,17,0,-0.01,-0.10,0.10,28.35,17,17,0,727.52,719.80,738.90,24.06,17,0,0,0.51,0.50,0.60,28.08,17,17,0,0.10,0.10,0.10,28.85,17,17,0,1.10,1.10,1.10,28.49,17,17,0,0.26,0.20,0.30,28.15,17,17,0
1312411,0.38,0.30,0.40,28.79,17,17,0,0.01,-0.10,0.10,28.35,17,17,0,714.40,704.70,722.50,24.05,17,0,0,0.50,0.50,0.50,28.07,17,17,0,0.12,0.10,0.20,28.86,17,17,0,1.09,1.00,1.10,28.47,17,17,0,0.24,0.20,0.30,28.15,17,17,0
1312918,0.38,0.30,0.40,28.79,17,17,0,0.00,-0.10,0.10,28.35,17,17,0,709.34,701.80,714.00,24.07,17,0,0,0.50,0.50,0.50,28.06,17,17,0,0.10,0.10,0.10,28.84,17,17,0,1.09,1.00,1.10,28.47,17,17,0,0.23,0.20,0.30,28.16,17,17,0
1313418,0.38,0.30,0.40,28.80,17,17,0,-0.01,-0.10,0.00,28.34,17,17,0,715.54,707.40,724.40,24.05,17,0,0,0.50,0.50,0.50,28.09,17,17,0,0.12,0.10,0.20,28.85,17,17,0,1.09,1.00,1.10,28.49,17,17,0,0.22,0.20,0.30,28.15,17,17,0
1313919,0.39,0.30,0.40,28.78,17,17,0,-0.02,-0.10,0.10,28.34,17,17,0,725.02,715.20,731.60,24.05,17,0,0,0.51,0.50,0.60,28.08,17,17,0,0.11,0.10,0.20,28.86,17,17,0,1.09,1.00,1.10,28.47,17,17,0,0.22,0.20,0.30,28.16,17,17,0
1314419,0.38,0.30,0.40,28.79,17,17,0,-0.01,-0.10,0.10,28.32,17,17,0,715.36,703.80,725.70,24.06,17,0,0,0.49,0.40,0.50,28.07,17,17,0,0.12,0.10,0.20,28.85,17,17,0,1.09,1.00,1.10,28.48,17,17,0,0.22,0.20,0.30,28.14,17,17,0
1314919,0.37,0.30,0.40,28.80,17,17,0,-0.02,-0.10,0.10,28.35,17,17,0,702.32,695.20,708.70,24.07,17,0,0,0.50,0.50,0.50,28.08,17,17,0,0.10,0.00,0.20,28.85,17,17,0,1.08,1.00,1.10,28.48,17,17,0,0.24,0.20,0.30,28.15,17,17,0
1315419,0.34,0.30,0.40,28.80,17,17,0,-0.02,-0.10,0.10,28.36,17,17,0,698.72,690.60,705.00,24.06,17,0,0,0.51,0.50,0.60,28.09,17,17,0,0.10,0.10,0.10,28.86,17,17,0,1.09,1.00,1.10,28.48,17,17,0,0.25,0.20,0.30,28.15,17,17,0
1315919,0.38,0.30,0.40,28.79,17,17,0,-0.04,-0.10,0.10,28.34,17,17,0,709.46,702.80,717.70,24.05,17,0,0,0.51,0.50,0.60,28.06,17,17,0,0.11,0.10,0.20,28.86,17,17,0,1.09,1.00,1.10,28.48,17,17,0,0.24,0.20,0.30,28.14,17,17,0
1316420,0.39,0.30,0.40,28.79,17,17,0,-0.02,-0.10,0.10,28.34,17,17,0,722.30,714.70,731.20,24.04,17,0,0,0.50,0.50,0.50,28.08,17,17,0,0.11,0.10,0.20,28.84,17,17,0,1.09,1.00,1.10,28.48,17,17,0,0.22,0.20,0.30,28.16,17,17,0
1316920,0.36,0.30,0.40,28.78,17,17,0,-0.02,-0.10,0.10,28.32,17,17,0,709.00,697.00,720.30,24.06,17,0,0,0.50,0.50,0.50,28.06,17,17,0,0.11,0.10,0.20,28.85,17,17,0,1.08,1.00,1.10,28.47,17,17,0,0.21,0.20,0.30,28.17,17,17,0
1317433,0.36,0.30,0.40,28.79,17,17,0,0.01,-0.10,0.10,28.35,17,17,0,697.89,690.00,703.80,24.06,17,0,0,0.50,0.50,0.50,28.08,17,17,0,0.10,0.10,0.10,28.86,17,17,0,1.09,1.00,1.10,28.48,17,17,0,0.23,0.20,0.30,28.15,17,17,0
1317933,0.39,0.30,0.40,28.79,17,17,0,-0.01,-0.10,0.10,28.34,17,17,0,699.20,693.30,705.00,24.07,17,0,0,0.51,0.50,0.60,28.07,17,17,0,0.11,0.10,0.20,28.85,17,17,0,1.09,1.00,1.10,28.49,17,17,0,0.22,0.20,0.30,28.15,17,17,0
1318433,0.36,0.30,0.40,28.78,17,17,0,-0.01,-0.10,0.10,28.33,17,17,0,704.35,697.80,711.50,24.07,17,0,0,0.50,0.50,0.50,28.09,17,17,0,0.09,0.00,0.10,28.86,17,17,0,1.08,1.00,1.10,28.50,17,17,0,0.22,0.20,0.30,28.14,17,17,0
1318933,0.38,0.30,0.40,28.79,17,17,0,-0.01,-0.10,0.10,28.33,17,17,0,707.84,689.90,718.30,24.05,17,0,0,0.50,0.50,0.50,28.07,17,17,0,0.12,0.10,0.20,28.84,17,17,0,1.09,1.00,1.10,28.48,17,17,0,0.22,0.20,0.30,28.15,17,17,0
1319433,0.38,0.30,0.40,28.79,17,17,0,-0.01,-0.10,0.10,28.34,17,17,0,693.71,681.90,708.20,24.05,17,0,0,0.50,0.50,0.50,28.08,17,17,0,0.10,0.10,0.10,28.84,17,17,0,1.09,1.00,1.10,28.48,17,17,0,0.21,0.20,0.30,28.14,17,17,0
1319933,0.39,0.30,0.40,28.80,17,17,0,-0.03,-0.10,0.10,28.34,17,17,0,684.64,677.00,693.20,24.07,17,0,0,0.50,0.50,0.50,28.07,17,17,0,0.10,0.10,0.10,28.85,17,17,0,1.09,1.00,1.10,28.49,17,17,0,0.24,0.20,0.30,28.15,17,17,0
1320433,0.37,0.30,0.40,28.78,17,17,0,-0.02,-0.10,0.10,28.34,17,17,0,690.91,683.80,707.00,24.06,17,0,0,0.50,0.50,0.50,28.07,17,17,0,0.11,0.10,0.20,28.86,17,17,0,1.09,1.00,1.10,28.48,17,17,0,0.24,0.20,0.30,28.17,17,17,0
1320933,0.37,0.30,0.40,28.79,17,17,0,-0.03,-0.10,0.00,28.34,17,17,0,698.56,680.80,722.40,24.06,17,0,0,0.51,0.50,0.60,28.07,17,17,0,0.10,0.10,0.10,28.85,17,17,0,1.09,1.00,1.10,28.50,17,17,0,0.22,0.20,0.30,28.16,17,17,0
1321433,0.39,0.30,0.40,28.80,17,17,0,-0.01,-0.10,0.00,28.35,17,17,0,697.90,671.30,720.70,24.07,17,0,0,0.51,0.50,0.60,28.09,17,17,0,0.10,0.10,0.10,28.83,17,17,0,1.09,1.00,1.10,28.49,17,17,0,0.24,0.20,0.30,28.16,17,17,0
1321933,0.37,0.30,0.40,28.79,17,17,0,-0.01,-0.10,0.10,28.34,17,17,0,688.13,666.30,725.10,24.07,17,0,0,0.50,0.50,0.50,28.07,17,17,0,0.11,0.00,0.20,28.84,17,17,0,1.09,1.00,1.10,28.50,17,17,0,0.24,0.20,0.30,28.15,17,17,0
1322433,0.38,0.30,0.40,28.77,17,17,0,-0.02,-0.10,0.00,28.33,17,17,0,685.23,667.70,704.20,24.06,17,0,0,0.50,0.50,0.50,28.07,17,17,0,0.09,0.00,0.10,28.85,17,17,0,1.08,1.00,1.10,28.48,17,17,0,0.22,0.20,0.30,28.14,17,17,0
1322933,0.36,0.30,0.40,28.80,17,17,0,-0.01,-0.10,0.10,28.33,17,17,0,686.92,659.50,705.60,24.06,17,0,0,0.50,0.50,0.50,28.08,17,17,0,0.10,0.00,0.20,28.86,17,17,0,1.09,1.00,1.10,28.49,17,17,0,0.21,0.20,0.30,28.15,17,17,0
1323433,0.36,0.30,0.40,28.79,17,17,0,-0.01,-0.10,0.10,28.33,17,17,0,692.85,682.80,704.10,24.07,17,0,0,0.50,0.50,0.50,28.08,17,17,0,0.12,0.00,0.20,28.85,17,17,0,1.09,1.00,1.10,28.48,17,17,0,0.24,0.20,0.30,28.15,17,17,0
1323933,0.38,0.30,0.40,28.80,17,17,0,-0.02,-0.10,0.00,28.34,17,17,0,685.24,672.80,696.60,24.06,17,0,0,0.50,0.50,0.50,28.07,17,17,0,0.11,0.10,0.20,28.84,17,17,0,1.10,1.10,1.10,28.48,17,17,0,0.22,0.20,0.30,28.14,17,17,0
1324433,0.38,0.30,0.40,28.79,17,17,0,0.01,-0.10,0.10,28.35,17,17,0,675.71,652.70,698.50,24.07,17,0,0,0.50,0.50,0.50,28.09,17,17,0,0.11,0.10,0.20,28.84,17,17,0,1.09,1.00,1.10,28.48,17,17,0,0.21,0.20,0.30,28.15,17,17,0
1324933,0.38,0.30,0.40,28.80,17,17,0,0.01,-0.10,0.10,28.33,17,17,0,677.76,660.20,702.30,24.07,17,0,0,0.50,0.50,0.50,28.06,17,17,0,0.11,0.00,0.20,28.86,17,17,0,1.10,1.10,1.10,28.48,17,17,0,0.22,0.20,0.30,28.16,17,17,0
1325433,0.39,0.30,0.40,28.79,17,17,0,-0.02,-0.10,0.00,28.35,17,17,0,683.16,652.60,698.80,24.07,17,0,0,0.50,0.50,0.50,28.08,17,17,0,0.09,0.00,0.20,28.83,17,17,0,1.09,1.00,1.10,28.47,17,17,0,0.23,0.20,0.30,28.15,17,17,0
1325935,0.35,0.30,0.40,28.80,17,17,0,-0.02,-0.10,0.10,28.34,17,17,0,686.74,653.80,726.90,24.07,17,0,0,0.50,0.50,0.50,28.08,17,17,0,0.10,0.10,0.10,28.84,17,17,0,1.10,1.00,1.20,28.49,17,17,0,0.24,0.20,0.30,28.14,17,17,0
1326435,0.36,0.30,0.40,28.79,17,17,0,-0.04,-0.10,0.10,28.33,17,17,0,678.69,667.80,702.30,24.09,17,0,0,0.51,0.50,0.60,28.08,17,17,0,0.12,0.10,0.20,28.84,17,17,0,1.08,1.00,1.10,28.47,17,17,0,0.22,0.20,0.30,28.16,17,17,0
1326936,0.37,0.30,0.40,28.80,17,17,0,-0.02,-0.10,0.10,28.34,17,17,0,673.34,666.30,680.40,24.06,17,0,0,0.51,0.50,0.60,28.08,17,17,0,0.10,0.10,0.10,28.83,17,17,0,1.09,1.00,1.10,28.47,17,17,0,0.24,0.20,0.30,28.16,17,17,0
1327436,0.35,0.30,0.40,28.79,17,17,0,-0.01,-0.10,0.10,28.35,17,17,0,674.50,668.20,681.20,24.08,17,0,0,0.51,0.50,0.60,28.08,17,17,0,0.11,0.10,0.20,28.85,17,17,0,1.10,1.10,1.10,28.48,17,17,0,0.22,0.20,0.30,28.16,17,17,0
1327937,0.36,0.30,0.40,28.78,17,17,0,-0.01,-0.10,0.10,28.35,17,17,0,684.01,676.90,691.50,24.06,17,0,0,0.50,0.50,0.50,28.08,17,17,0,0.11,0.10,0.20,28.84,17,17,0,1.11,1.10,1.20,28.49,17,17,0,0.22,0.20,0.30,28.16,17,17,0
1328437,0.36,0.30,0.40,28.79,17,17,0,-0.01,-0.10,0.10,28.34,17,17,0,684.35,674.70,691.70,24.06,17,0,0,0.51,0.50,0.60,28.07,17,17,0,0.11,0.10,0.20,28.86,17,17,0,1.08,1.00,1.10,28.48,17,17,0,0.22,0.20,0.30,28.15,17,17,0
1328937,0.39,0.30,0.40,28.79,17,17,0,-0.01,-0.10,0.10,28.34,17,17,0,675.31,662.00,686.90,24.07,17,0,0,0.50,0.50,0.50,28.08,17,17,0,0.09,0.00,0.10,28.85,17,17,0,1.09,1.00,1.10,28.47,17,17,0,0.22,0.20,0.30,28.14,17,17,0
1329437,0.40,0.40,0.40,28.80,17,17,0,-0.03,-0.10,0.10,28.34,17,17,0,670.69,657.80,685.90,24.08,17,0,0,0.50,0.50,0.50,28.07,17,17,0,0.10,0.10,0.10,28.84,17,17,0,1.09,1.00,1.10,28.49,17,17,0,0.22,0.20,0.30,28.16,17,17,0
1329937,0.38,0.30,0.40,28.80,17,17,0,-0.01,-0.10,0.00,28.34,17,17,0,673.00,665.70,678.20,24.06,17,0,0,0.49,0.40,0.50,28.07,17,17,0,0.11,0.10,0.20,28.86,17,17,0,1.09,1.00,1.10,28.49,17,17,0,0.22,0.20,0.30,28.15,17,17,0
1330437,0.36,0.30,0.40,28.80,17,17,0,0.01,0.00,0.10,28.34,17,17,0,682.85,678.70,690.90,24.08,17,0,0,0.50,0.50,0.50,28.07,17,17,0,0.11,0.10,0.20,28.84,17,17,0,1.09,1.00,1.10,28.50,17,17,0,0.23,0.20,0.30,28.16,17,17,0
1330937,0.34,0.30,0.40,28.80,17,17,0,-0.03,-0.10,0.10,28.34,17,17,0,677.16,665.80,687.90,24.04,17,0,0,0.50,0.50,0.50,28.07,17,17,0,0.09,0.00,0.10,28.84,17,17,0,1.08,1.00,1.10,28.48,17,17,0,0.24,0.20,0.30,28.15,17,17,0
1331444,0.38,0.30,0.40,28.78,17,17,0,-0.01,-0.10,0.10,28.34,17,17,0,667.50,661.80,672.10,24.08,17,0,0,0.50,0.50,0.50,28.08,17,17,0,0.11,0.10,0.20,28.85,17,17,0,1.06,1.00,1.10,28.48,17,17,0,0.23,0.20,0.30,28.17,17,17,0
1331944,0.35,0.30,0.40,28.79,17,17,0,-0.02,-0.10,0.00,28.33,17,17,0,664.72,659.50,670.90,24.07,17,0,0,0.50,0.50,0.50,28.08,17,17,0,0.10,0.10,0.10,28.84,17,17,0,1.09,1.00,1.10,28.47,17,17,0,0.21,0.20,0.30,28.15,17,17,0
1332444,0.39,0.30,0.40,28.80,17,17,0,-0.02,-0.10,0.10,28.36,17,17,0,675.72,661.90,688.00,24.07,17,0,0,0.51,0.50,0.60,28.08,17,17,0,0.11,0.10,0.20,28.85,17,17,0,1.09,1.00,1.10,28.48,17,17,0,0.23,0.20,0.30,28.14,17,17,0
1332945,0.39,0.30,0.40,28.79,17,17,0,-0.02,-0.10,0.10,28.34,17,17,0,685.96,678.00,698.20,24.07,17,0,0,0.50,0.50,0.50,28.09,17,17,0,0.10,0.10,0.10,28.85,17,17,0,1.09,1.00,1.10,28.50,17,17,0,0.24,0.20,0.30,28.15,17,17,0
1333445,0.35,0.30,0.40,28.77,17,17,0,-0.04,-0.10,0.00,28.34,17,17,0,674.91,669.20,690.50,24.06,17,0,0,0.51,0.50,0.60,28.07,17,17,0,0.12,0.10,0.20,28.86,17,17,0,1.09,1.00,1.10,28.47,17,17,0,0.24,0.20,0.30,28.15,17,17,0
1333945,0.38,0.30,0.40,28.80,17,17,0,0.01,-0.10,0.10,28.34,17,17,0,666.38,658.30,672.00,24.06,17,0,0,0.50,0.50,0.50,28.07,17,17,0,0.11,0.10,0.20,28.85,17,17,0,1.09,1.00,1.10,28.48,17,17,0,0.23,0.20,0.30,28.15,17,17,0
1334445,0.36,0.30,0.40,28.79,17,17,0,-0.04,-0.10,0.10,28.36,17,17,0,666.69,658.80,674.60,24.08,17,0,0,0.50,0.50,0.50,28.09,17,17,0,0.11,0.10,0.20,28.84,17,17,0,1.09,1.00,1.10,28.48,17,17,0,0.25,0.20,0.30,28.15,17,17,0
1334947,0.39,0.30,0.40,28.79,17,17,0,-0.04,-0.10,0.00,28.35,17,17,0,684.24,672.60,693.20,24.07,17,0,0,0.51,0.50,0.60,28.06,17,17,0,0.11,0.10,0.20,28.83,17,17,0,1.07,1.00,1.10,28.48,17,17,0,0.24,0.20,0.30,28.18,17,17,0
1335447,0.38,0.30,0.40,28.81,17,17,0,-0.03,-0.10,0.10,28.33,17,17,0,685.54,676.90,691.50,24.06,17,0,0,0.51,0.50,0.60,28.10,17,17,0,0.12,0.10,0.20,28.84,17,17,0,1.08,1.00,1.10,28.49,17,17,0,0.23,0.20,0.30,28.16,17,17,0
1335947,0.39,0.30,0.40,28.80,17,17,0,-0.05,-0.10,0.00,28.33,17,17,0,671.05,664.60,680.60,24.09,17,0,0,0.50,0.50,0.50,28.06,17,17,0,0.11,0.10,0.20,28.85,17,17,0,1.08,1.00,1.10,28.47,17,17,0,0.23,0.20,0.30,28.14,17,17,0
1336459,0.39,0.30,0.40,28.77,17,17,0,-0.01,-0.10,0.10,28.34,17,17,0,667.43,663.80,671.10,24.09,17,0,0,0.51,0.50,0.60,28.07,17,17,0,0.11,0.10,0.20,28.85,17,17,0,1.09,1.00,1.10,28.47,17,17,0,0.22,0.20,0.30,28.16,17,17,0
1336959,0.37,0.30,0.40,28.78,17,17,0,-0.01,-0.10,0.00,28.33,17,17,0,674.54,667.90,685.50,24.08,17,0,0,0.51,0.50,0.60,28.06,17,17,0,0.11,0.10,0.20,28.86,17,17,0,1.10,1.10,1.10,28.48,17,17,0,0.23,0.20,0.30,28.16,17,17,0
1337459,0.38,0.30,0.40,28.79,17,17,0,-0.02,-0.10,0.00,28.34,17,17,0,688.52,679.80,696.70,24.06,17,0,0,0.50,0.50,0.50,28.08,17,17,0,0.11,0.10,0.20,28.84,17,17,0,1.09,1.00,1.10,28.48,17,17,0,0.25,0.20,0.30,28.17,17,17,0
1337959,0.36,0.30,0.40,28.80,17,17,0,-0.03,-0.10,0.00,28.35,17,17,0,680.89,665.90,693.00,24.07,17,0,0,0.50,0.50,0.50,28.08,17,17,0,0.11,0.10,0.20,28.87,17,17,0,1.07,1.00,1.10,28.50,17,17,0,0.22,0.20,0.30,28.15,17,17,0
1338461,0.35,0.30,0.40,28.81,17,17,0,-0.02,-0.10,0.10,28.33,17,17,0,667.92,656.80,678.70,24.08,17,0,0,0.50,0.50,0.50,28.07,17,17,0,0.10,0.10,0.10,28.84,17,17,0,1.10,1.00,1.20,28.48,17,17,0,0.24,0.20,0.30,28.17,17,17,0
1338961,0.38,0.30,0.40,28.80,17,17,0,-0.04,-0.10,0.00,28.34,17,17,0,668.46,660.70,674.90,24.07,17,0,0,0.50,0.50,0.50,28.08,17,17,0,0.10,0.10,0.10,28.85,17,17,0,1.09,1.00,1.10,28.49,17,17,0,0.26,0.20,0.30,28.15,17,17,0
1339461,0.35,0.30,0.40,28.79,17,17,0,-0.02,-0.10,0.10,28.34,17,17,0,681.24,670.90,688.40,24.07,17,0,0,0.50,0.50,0.50,28.09,17,17,0,0.11,0.10,0.20,28.84,17,17,0,1.09,1.00,1.10,28.47,17,17,0,0.25,0.20,0.30,28.16,17,17,0
1339962,0.36,0.30,0.40,28.81,17,17,0,-0.01,-0.10,0.10,28.34,17,17,0,688.02,679.80,693.90,24.06,17,0,0,0.51,0.50,0.60,28.09,17,17,0,0.11,0.10,0.20,28.86,17,17,0,1.09,1.00,1.10,28.48,17,17,0,0.23,0.20,0.30,28.16,17,17,0
1340462,0.35,0.30,0.40,28.77,17,17,0,-0.03,-0.10,0.10,28.32,17,17,0,671.81,660.40,679.40,24.08,17,0,0,0.51,0.50,0.60,28.09,17,17,0,0.11,0.10,0.20,28.85,17,17,0,1.09,1.00,1.10,28.49,17,17,0,0.25,0.20,0.30,28.15,17,17,0
1340963,0.37,0.30,0.40,28.79,17,17,0,-0.02,-0.10,0.10,28.34,17,17,0,665.06,656.30,673.50,24.05,17,0,0,0.50,0.50,0.50,28.09,17,17,0,0.12,0.10,0.20,28.85,17,17,0,1.09,1.00,1.10,28.47,17,17,0,0.25,0.20,0.30,28.16,17,17,0
1341463,0.38,0.30,0.40,28.80,17,17,0,-0.01,-0.10,0.10,28.33,17,17,0,666.44,652.20,683.50,24.05,17,0,0,0.50,0.50,0.50,28.08,17,17,0,0.09,0.00,0.10,28.86,17,17,0,1.09,1.00,1.10,28.48,17,17,0,0.24,0.20,0.30,28.15,17,17,0
1341963,0.39,0.30,0.40,28.78,17,17,0,0.00,-0.10,0.10,28.34,17,17,0,681.94,665.20,695.50,24.09,17,0,0,0.51,0.50,0.60,28.08,17,17,0,0.11,0.10,0.20,28.86,17,17,0,1.09,1.00,1.10,28.50,17,17,0,0.24,0.20,0.30,28.15,17,17,0
1342465,0.37,0.30,0.40,28.78,17,17,0,-0.03,-0.10,0.00,28.34,17,17,0,683.94,667.80,699.80,24.07,17,0,0,0.51,0.50,0.60,28.08,17,17,0,0.11,0.10,0.20,28.85,17,17,0,1.09,1.00,1.10,28.49,17,17,0,0.24,0.20,0.30,28.14,17,17,0
1342965,0.36,0.30,0.40,28.79,17,17,0,-0.01,-0.10,0.00,28.34,17,17,0,670.05,657.70,687.50,24.06,17,0,0,0.51,0.50,0.60,28.06,17,17,0,0.11,0.10,0.20,28.84,17,17,0,1.09,1.00,1.10,28.48,17,17,0,0.25,0.20,0.30,28.16,17,17,0
1343469,0.38,0.30,0.40,28.78,17,17,0,-0.03,-0.10,0.10,28.33,17,17,0,668.39,658.80,676.50,24.06,17,0,0,0.50,0.50,0.50,28.08,17,17,0,0.10,0.10,0.10,28.85,17,17,0,1.09,1.00,1.10,28.48,17,17,0,0.25,0.20,0.30,28.14,17,17,0
1343969,0.38,0.30,0.40,28.78,17,17,0,-0.03,-0.10,0.00,28.34,17,17,0,675.84,667.60,685.10,24.08,17,0,0,0.51,0.50,0.60,28.08,17,17,0,0.12,0.10,0.20,28.86,17,17,0,1.09,1.00,1.10,28.47,17,17,0,0.22,0.20,0.30,28.15,17,17,0
1344469,0.36,0.30,0.40,28.79,17,17,0,-0.06,-0.10,0.00,28.34,17,17,0,684.95,677.50,692.80,24.06,17,0,0,0.51,0.50,0.60,28.08,17,17,0,0.10,0.10,0.10,28.83,17,17,0,1.08,1.00,1.10,28.48,17,17,0,0.23,0.20,0.30,28.15,17,17,0
1344969,0.35,0.30,0.40,28.78,17,17,0,-0.01,-0.10,0.00,28.34,17,17,0,674.82,662.00,684.80,24.06,17,0,0,0.51,0.50,0.60,28.08,17,17,0,0.11,0.10,0.20,28.84,17,17,0,1.09,1.00,1.10,28.49,17,17,0,0.24,0.20,0.30,28.15,17,17,0
1345469,0.36,0.30,0.40,28.78,17,17,0,-0.01,-0.10,0.10,28.34,17,17,0,666.65,659.60,671.20,24.08,17,0,0,0.50,0.50,0.50,28.08,17,17,0,0.09,0.00,0.10,28.85,17,17,0,1.09,1.00,1.10,28.48,17,17,0,0.26,0.20,0.30,28.14,17,17,0
1345970,0.36,0.30,0.40,28.79,17,17,0,-0.02,-0.10,0.10,28.35,17,17,0,670.09,664.40,678.20,24.07,17,0,0,0.51,0.50,0.60,28.08,17,17,0,0.10,0.10,0.10,28.85,17,17,0,1.09,1.00,1.10,28.49,17,17,0,0.22,0.20,0.30,28.15,17,17,0
1346470,0.35,0.30,0.40,28.77,17,17,0,-0.02,-0.10,0.00,28.33,17,17,0,677.59,666.70,686.80,24.06,17,0,0,0.50,0.50,0.50,28.07,17,17,0,0.11,0.10,0.20,28.85,17,17,0,1.09,1.00,1.10,28.47,17,17,0,0.24,0.20,0.30,28.16,17,17,0
1346971,0.37,0.30,0.40,28.79,17,17,0,-0.03,-0.10,0.00,28.35,17,17,0,682.50,678.20,688.10,24.07,17,0,0,0.50,0.40,0.60,28.09,17,17,0,0.11,0.10,0.20,28.84,17,17,0,1.09,1.00,1.10,28.49,17,17,0,0.24,0.20,0.30,28.16,17,17,0
1347471,0.37,0.30,0.40,28.79,17,17,0,-0.02,-0.10,0.10,28.34,17,17,0,677.09,671.30,686.20,24.05,17,0,0,0.50,0.50,0.50,28.07,17,17,0,0.11,0.10,0.20,28.84,17,17,0,1.09,1.00,1.10,28.48,17,17,0,0.25,0.20,0.30,28.15,17,17,0
1347971,0.38,0.30,0.40,28.77,17,17,0,-0.02,-0.10,0.00,28.33,17,17,0,671.46,665.20,678.80,24.08,17,0,0,0.50,0.50,0.50,28.08,17,17,0,0.10,0.00,0.20,28.85,17,17,0,1.09,1.00,1.10,28.47,17,17,0,0.24,0.20,0.30,28.15,17,17,0
1348471,0.36,0.30,0.40,28.78,17,17,0,-0.01,-0.10,0.10,28.35,17,17,0,680.25,669.70,693.40,24.06,17,0,0,0.51,0.50,0.60,28.09,17,17,0,0.11,0.10,0.20,28.83,17,17,0,1.09,1.00,1.10,28.49,17,17,0,0.25,0.20,0.30,28.15,17,17,0
1348971,0.36,0.30,0.40,28.79,17,17,0,-0.03,-0.10,0.00,28.36,17,17,0,686.99,675.10,697.30,24.05,17,0,0,0.51,0.50,0.60,28.07,17,17,0,0.10,0.10,0.10,28.85,17,17,0,1.08,1.00,1.10,28.48,17,17,0,0.25,0.20,0.30,28.15,17,17,0
1349473,0.36,0.30,0.40,28.79,17,17,0,-0.04,-0.10,0.00,28.33,17,17,0,690.04,681.50,695.80,24.07,17,0,0,0.51,0.50,0.60,28.07,17,17,0,0.11,0.10,0.20,28.84,17,17,0,1.09,1.00,1.10,28.49,17,17,0,0.25,0.20,0.30,28.15,17,17,0
1349973,0.36,0.30,0.40,28.78,17,17,0,-0.01,-0.10,0.10,28.34,17,17,0,686.57,679.80,692.10,24.06,17,0,0,0.51,0.50,0.60,28.07,17,17,0,0.11,0.10,0.20,28.84,17,17,0,1.09,1.00,1.10,28.49,17,17,0,0.24,0.20,0.30,28.14,17,17,0
1350473,0.36,0.30,0.40,28.79,17,17,0,-0.02,-0.10,0.10,28.34,17,17,0,688.48,681.40,697.30,24.05,17,0,0,0.49,0.40,0.50,28.08,17,17,0,0.12,0.10,0.20,28.86,17,17,0,1.10,1.10,1.10,28.48,17,17,0,0.23,0.20,0.30,28.16,17,17,0
1350973,0.37,0.30,0.40,28.80,17,17,0,-0.02,-0.10,0.10,28.33,17,17,0,694.59,691.00,700.00,24.07,17,0,0,0.49,0.40,0.50,28.08,17,17,0,0.10,0.10,0.10,28.84,17,17,0,1.09,1.00,1.10,28.48,17,17,0,0.24,0.20,0.30,28.15,17,17,0
1351473,0.35,0.30,0.40,28.80,17,17,0,-0.02,-0.10,0.00,28.34,17,17,0,697.83,688.10,707.20,24.05,17,0,0,0.50,0.50,0.50,28.07,17,17,0,0.10,0.10,0.10,28.84,17,17,0,1.10,1.10,1.10,28.47,17,17,0,0.24,0.20,0.30,28.16,17,17,0
1351973,0.38,0.30,0.40,28.80,17,17,0,-0.01,-0.10,0.00,28.33,17,17,0,701.66,686.90,708.90,24.05,17,0,0,0.49,0.40,0.50,28.08,17,17,0,0.11,0.10,0.20,28.86,17,17,0,1.08,1.00,1.10,28.48,17,17,0,0.26,0.20,0.30,28.16,17,17,0
1352473,0.34,0.30,0.40,28.81,17,17,0,-0.02,-0.10,0.00,28.34,17,17,0,695.39,690.60,703.10,24.06,17,0,0,0.49,0.40,0.50,28.08,17,17,0,0.10,0.10,0.10,28.84,17,17,0,1.09,1.00,1.10,28.49,17,17,0,0.22,0.20,0.30,28.15,17,17,0
1352980,0.36,0.30,0.40,28.79,17,17,0,-0.02,-0.10,0.00,28.34,17,17,0,700.20,694.70,705.70,24.06,17,0,0,0.50,0.50,0.50,28.10,17,17,0,0.11,0.10,0.20,28.85,17,17,0,1.10,1.10,1.10,28.47,17,17,0,0.25,0.20,0.30,28.15,17,17,0
1353484,0.38,0.30,0.40,28.79,17,17,0,-0.02,-0.10,0.10,28.35,17,17,0,704.50,698.50,708.90,24.05,17,0,0,0.50,0.50,0.50,28.09,17,17,0,0.12,0.00,0.20,28.84,17,17,0,1.09,1.00,1.10,28.48,17,17,0,0.25,0.20,0.30,28.15,17,17,0
1353984,0.36,0.30,0.40,28.79,17,17,0,-0.02,-0.10,0.10,28.34,17,17,0,710.36,701.30,716.70,24.05,17,0,0,0.50,0.50,0.50,28.09,17,17,0,0.12,0.10,0.20,28.85,17,17,0,1.09,1.00,1.10,28.49,17,17,0,0.24,0.20,0.30,28.15,17,17,0
1354484,0.38,0.30,0.40,28.79,17,17,0,-0.01,-0.10,0.00,28.34,17,17,0,708.55,698.30,716.80,24.05,17,0,0,0.51,0.50,0.60,28.07,17,17,0,0.10,0.10,0.10,28.85,17,17,0,1.08,1.00,1.10,28.49,17,17,0,0.24,0.20,0.30,28.14,17,17,0
1354995,0.36,0.30,0.40,28.81,17,17,0,-0.01,-0.10,0.10,28.35,17,17,0,704.24,697.40,709.20,24.05,17,0,0,0.50,0.50,0.50,28.07,17,17,0,0.11,0.10,0.20,28.85,17,17,0,1.08,1.00,1.10,28.48,17,17,0,0.24,0.20,0.30,28.14,17,17,0
1355495,0.36,0.30,0.40,28.79,17,17,0,-0.04,-0.10,0.10,28.35,17,17,0,711.06,702.00,717.50,24.04,17,0,0,0.51,0.50,0.60,28.07,17,17,0,0.11,0.10,0.20,28.85,17,17,0,1.08,1.00,1.10,28.47,17,17,0,0.25,0.20,0.30,28.17,17,17,0
1355995,0.36,0.30,0.40,28.80,17,17,0,-0.01,-0.10,0.10,28.33,17,17,0,716.51,709.30,725.00,24.05,17,0,0,0.50,0.50,0.50,28.08,17,17,0,0.10,0.10,0.10,28.85,17,17,0,1.09,1.00,1.10,28.47,17,17,0,0.26,0.20,0.30,28.16,17,17,0
1356501,0.36,0.30,0.40,28.81,17,17,0,-0.01,-0.10,0.10,28.36,17,17,0,724.62,718.20,731.30,24.04,17,0,0,0.51,0.50,0.60,28.07,17,17,0,0.10,0.10,0.10,28.85,17,17,0,1.09,1.00,1.10,28.48,17,17,0,0.25,0.20,0.30,28.14,17,17,0
1357001,0.36,0.30,0.40,28.79,17,17,0,-0.01,-0.10,0.10,28.34,17,17,0,715.21,707.50,721.60,24.04,17,0,0,0.50,0.50,0.50,28.08,17,17,0,0.09,0.00,0.10,28.86,17,17,0,1.08,1.00,1.10,28.49,17,17,0,0.26,0.20,0.30,28.15,17,17,0
1357505,0.35,0.30,0.40,28.79,17,17,0,-0.04,-0.10,0.10,28.35,17,17,0,711.90,706.10,716.00,24.01,17,0,0,0.51,0.50,0.60,28.07,17,17,0,0.11,0.10,0.20,28.86,17,17,0,1.09,1.00,1.10,28.49,17,17,0,0.26,0.20,0.30,28.16,17,17,0
1358005,0.36,0.30,0.40,28.79,17,17,0,-0.03,-0.10,0.00,28.33,17,17,0,717.01,710.50,722.10,24.03,17,0,0,0.50,0.50,0.50,28.07,17,17,0,0.11,0.00,0.20,28.84,17,17,0,1.10,1.10,1.10,28.50,17,17,0,0.25,0.20,0.30,28.16,17,17,0
1358505,0.35,0.30,0.40,28.79,17,17,0,-0.02,-0.10,0.10,28.33,17,17,0,725.12,715.90,732.20,24.04,17,0,0,0.50,0.50,0.50,28.08,17,17,0,0.11,0.00,0.20,28.85,17,17,0,1.10,1.10,1.10,28.48,17,17,0,0.25,0.20,0.30,28.17,17,17,0
1359005,0.38,0.30,0.40,28.80,17,17,0,-0.02,-0.10,0.00,28.34,17,17,0,722.39,717.50,729.20,24.04,17,0,0,0.50,0.50,0.50,28.09,17,17,0,0.10,0.10,0.10,28.84,17,17,0,1.10,1.10,1.10,28.47,17,17,0,0.25,0.20,0.30,28.16,17,17,0
1359509,0.36,0.30,0.40,28.79,17,17,0,-0.01,-0.10,0.10,28.34,17,17,0,710.59,705.60,715.00,24.03,17,0,0,0.50,0.50,0.50,28.08,17,17,0,0.09,0.00,0.10,28.86,17,17,0,1.09,1.00,1.10,28.48,17,17,0,0.25,0.20,0.30,28.14,17,17,0
1360009,0.38,0.30,0.40,28.79,17,17,0,0.01,-0.10,0.10,28.34,17,17,0,526.20,339.30,714.20,24.07,17,0,0,0.49,0.40,0.50,28.09,17,17,0,0.10,0.10,0.10,28.86,17,17,0,1.09,1.00,1.10,28.48,17,17,0,0.25,0.20,0.30,28.12,17,17,0
1360509,0.38,0.30,0.40,28.80,17,17,0,-0.03,-0.10,0.00,28.35,17,17,0,249.67,203.60,317.80,24.19,17,0,0,0.50,0.50,0.50,28.07,17,17,0,0.10,0.10,0.10,28.86,17,17,0,1.08,1.00,1.10,28.48,17,17,0,0.26,0.20,0.30,28.14,17,17,0
1361011,0.37,0.30,0.40,28.80,17,17,0,-0.01,-0.10,0.10,28.33,17,17,0,155.45,129.30,190.70,24.34,17,0,0,0.50,0.50,0.50,28.07,17,17,0,0.11,0.00,0.20,28.85,17,17,0,1.08,1.00,1.10,28.48,17,17,0,0.24,0.20,0.30,28.16,17,17,0
1361511,0.37,0.30,0.40,28.79,17,17,0,-0.02,-0.10,0.10,28.33,17,17,0,105.10,91.80,123.40,24.47,17,0,0,0.50,0.50,0.50,28.08,17,17,0,0.10,0.10,0.10,28.85,17,17,0,1.08,1.00,1.10,28.48,17,17,0,0.25,0.20,0.30,28.17,17,17,0
1362012,0.36,0.30,0.40,28.79,17,17,0,-0.02,-0.10,0.00,28.33,17,17,0,73.79,61.90,87.70,24.60,17,0,0,0.49,0.40,0.50,28.08,17,17,0,0.12,0.10,0.20,28.86,17,17,0,1.09,1.00,1.10,28.50,17,17,0,0.23,0.20,0.30,28.15,17,17,0
1362512,0.35,0.30,0.40,28.79,17,17,0,0.00,-0.10,0.10,28.33,17,17,0,54.64,49.40,61.90,24.72,17,0,0,0.50,0.50,0.50,28.08,17,17,0,0.11,0.10,0.20,28.85,17,17,0,1.09,1.00,1.10,28.48,17,17,0,0.24,0.20,0.30,28.17,17,17,0
1363015,0.34,0.30,0.40,28.81,17,17,0,-0.02,-0.10,0.10,28.35,17,17,0,44.14,40.30,48.40,24.85,17,0,0,0.51,0.50,0.60,28.07,17,17,0,0.11,0.10,0.20,28.86,17,17,0,1.10,1.10,1.10,28.47,17,17,0,0.25,0.20,0.30,28.15,17,17,0
1363517,0.36,0.30,0.40,28.78,17,17,0,-0.03,-0.10,0.10,28.35,17,17,0,35.26,31.70,38.90,24.98,17,0,0,0.50,0.50,0.50,28.09,17,17,0,0.12,0.10,0.20,28.85,17,17,0,1.10,1.10,1.10,28.48,17,17,0,0.25,0.20,0.30,28.15,17,17,0
1364019,0.33,0.30,0.40,28.79,17,17,0,-0.03,-0.10,0.00,28.34,17,17,0,28.84,26.40,31.60,25.08,17,0,0,0.50,0.50,0.50,28.08,17,17,0,0.10,0.10,0.10,28.84,17,17,0,1.09,1.00,1.10,28.49,17,17,0,0.24,0.20,0.30,28.15,17,17,0
1364525,0.37,0.30,0.40,28.80,17,17,0,-0.01,-0.10,0.10,28.33,17,17,0,24.80,22.70,26.50,25.19,17,0,0,0.50,0.50,0.50,28.08,17,17,0,0.10,0.10,0.10,28.85,17,17,0,1.11,1.10,1.20,28.48,17,17,0,0.26,0.20,0.30,28.15,17,17,0
1365027,0.39,0.30,0.40,28.81,17,17,0,-0.04,-0.10,0.00,28.35,17,17,0,21.49,19.90,23.00,25.27,17,0,0,0.50,0.50,0.50,28.07,17,17,0,0.10,0.10,0.10,28.85,17,17,0,1.09,1.00,1.10,28.48,17,17,0,0.25,0.20,0.30,28.15,17,17,0
1365527,0.36,0.30,0.40,28.79,17,17,0,-0.01,-0.10,0.00,28.33,17,17,0,18.80,17.50,20.10,25.38,17,0,0,0.50,0.50,0.50,28.09,17,17,0,0.10,0.10,0.10,28.84,17,17,0,1.09,1.00,1.10,28.48,17,17,0,0.24,0.20,0.30,28.15,17,17,0
1366038,0.37,0.30,0.40,28.81,18,18,0,-0.02,-0.10,0.00,28.34,18,18,0,16.42,15.50,17.50,25.44,18,0,0,0.50,0.50,0.50,28.09,18,18,0,0.10,0.10,0.10,28.87,18,18,0,1.09,1.00,1.10,28.49,18,18,0,0.22,0.20,0.30,28.16,18,18,0
1366538,0.35,0.30,0.40,28.81,17,17,0,-0.01,-0.10,0.10,28.34,17,17,0,14.89,13.70,15.90,25.51,17,0,0,0.51,0.50,0.60,28.08,17,17,0,0.11,0.10,0.20,28.86,17,17,0,1.09,1.00,1.10,28.47,17,17,0,0.25,0.20,0.30,28.15,17,17,0
1367038,0.36,0.30,0.40,28.80,18,18,0,-0.03,-0.10,0.10,28.34,18,18,0,13.32,11.70,15.20,25.56,18,0,0,0.51,0.50,0.60,28.07,18,18,0,0.11,0.10,0.20,28.86,18,18,0,1.08,1.00,1.10,28.46,18,18,0,0.23,0.20,0.30,28.16,18,18,0
1367547,0.36,0.30,0.40,28.81,17,17,0,0.00,-0.10,0.10,28.34,17,17,0,11.75,10.90,12.40,25.65,17,0,0,0.51,0.50,0.60,28.08,17,17,0,0.10,0.10,0.10,28.84,17,17,0,1.08,1.00,1.10,28.48,17,17,0,0.23,0.20,0.30,28.16,17,17,0
1368047,0.38,0.30,0.40,28.79,17,17,0,-0.04,-0.10,0.00,28.35,17,17,0,10.36,9.70,11.00,25.71,17,0,0,0.51,0.50,0.60,28.07,17,17,0,0.11,0.10,0.20,28.85,17,17,0,1.09,1.00,1.10,28.47,17,17,0,0.25,0.20,0.30,28.15,17,17,0
1368547,0.38,0.30,0.40,28.79,17,17,0,-0.01,-0.10,0.10,28.32,17,17,0,9.38,8.80,10.20,25.77,17,0,0,0.50,0.50,0.50,28.07,17,17,0,0.10,0.10,0.10,28.84,17,17,0,1.09,1.00,1.10,28.48,17,17,0,0.25,0.20,0.30,28.17,17,17,0
1369057,0.36,0.30,0.40,28.80,18,18,0,-0.01,-0.10,0.10,28.33,18,18,0,8.62,7.70,9.60,25.82,18,0,0,0.50,0.50,0.50,28.07,18,18,0,0.11,0.10,0.20,28.87,18,18,0,1.08,1.00,1.10,28.48,18,18,0,0.26,0.20,0.30,28.15,18,18,0
1369561,0.36,0.30,0.40,28.81,17,17,0,-0.05,-0.10,0.10,28.34,17,17,0,8.14,7.30,9.10,25.85,17,0,0,0.49,0.40,0.50,28.07,17,17,0,0.11,0.10,0.20,28.85,17,17,0,1.08,1.00,1.10,28.48,17,17,0,0.24,0.20,0.30,28.14,17,17,0
1370061,0.37,0.30,0.40,28.80,17,17,0,-0.02,-0.10,0.10,28.35,17,17,0,7.67,6.50,8.40,25.91,17,0,0,0.50,0.50,0.50,28.09,17,17,0,0.11,0.10,0.20,28.85,17,17,0,1.09,1.00,1.10,28.49,17,17,0,0.24,0.20,0.30,28.16,17,17,0
1370561,0.38,0.30,0.40,28.82,17,17,0,-0.01,-0.10,0.00,28.34,17,17,0,5.47,4.60,6.20,25.93,17,0,0,0.51,0.50,0.60,28.08,17,17,0,0.10,0.10,0.10,28.84,17,17,0,1.09,1.00,1.10,28.48,17,17,0,0.25,0.20,0.30,28.16,17,17,0
1371061,0.38,0.30,0.40,28.81,17,17,0,-0.03,-0.10,0.10,28.35,17,17,0,4.97,4.30,5.50,25.99,17,0,0,0.51,0.50,0.60,28.08,17,17,0,0.12,0.10,0.20,28.84,17,17,0,1.09,1.00,1.10,28.48,17,17,0,0.25,0.20,0.30,28.15,17,17,0
1371561,0.36,0.30,0.40,28.80,17,17,0,-0.03,-0.10,0.00,28.35,17,17,0,4.85,4.30,5.40,25.99,17,0,0,0.51,0.50,0.60,28.07,17,17,0,0.10,0.10,0.10,28.86,17,17,0,1.08,1.00,1.10,28.47,17,17,0,0.25,0.20,0.30,28.16,17,17,0
1372061,0.37,0.30,0.40,28.82,17,17,0,-0.02,-0.10,0.10,28.35,17,17,0,4.44,4.00,4.90,26.05,17,0,0,0.50,0.50,0.50,28.09,17,17,0,0.11,0.10,0.20,28.86,17,17,0,1.09,1.00,1.10,28.48,17,17,0,0.26,0.20,0.30,28.16,17,17,0
1372561,0.36,0.30,0.40,28.81,17,17,0,-0.03,-0.10,0.10,28.33,17,17,0,4.34,3.70,4.90,26.08,17,0,0,0.50,0.50,0.50,28.09,17,17,0,0.11,0.10,0.20,28.84,17,17,0,1.10,1.10,1.10,28.48,17,17,0,0.23,0.20,0.30,28.18,17,17,0
1373061,0.38,0.30,0.40,28.81,17,17,0,-0.02,-0.10,0.10,28.35,17,17,0,3.89,3.20,4.30,26.09,17,0,0,0.50,0.50,0.50,28.08,17,17,0,0.09,0.00,0.10,28.86,17,17,0,1.09,1.00,1.10,28.49,17,17,0,0.24,0.20,0.30,28.17,17,17,0
1373573,0.37,0.30,0.40,28.82,18,18,0,-0.04,-0.10,0.10,28.35,18,18,0,3.72,3.20,4.20,26.13,18,0,0,0.51,0.50,0.60,28.09,18,18,0,0.10,0.10,0.10,28.86,18,18,0,1.08,1.00,1.10,28.46,18,18,0,0.24,0.20,0.30,28.17,18,18,0
1374077,0.36,0.30,0.40,28.79,17,17,0,-0.02,-0.10,0.10,28.32,17,17,0,3.60,2.90,4.20,26.15,17,0,0,0.50,0.50,0.50,28.08,17,17,0,0.10,0.00,0.20,28.87,17,17,0,1.09,1.00,1.10,28.48,17,17,0,0.25,0.20,0.30,28.17,17,17,0
1374587,0.34,0.30,0.40,28.80,18,18,0,-0.02,-0.10,0.10,28.34,18,18,0,3.59,3.00,3.90,26.18,18,0,0,0.50,0.50,0.50,28.09,18,18,0,0.11,0.10,0.20,28.86,18,18,0,1.10,1.10,1.10,28.49,18,18,0,0.26,0.20,0.30,28.15,18,18,0
1375087,0.38,0.30,0.40,28.80,17,17,0,-0.03,-0.10,0.00,28.32,17,17,0,3.74,3.50,4.10,26.21,17,0,0,0.51,0.50,0.60,28.07,17,17,0,0.11,0.10,0.20,28.86,17,17,0,1.08,1.00,1.10,28.46,17,17,0,0.26,0.20,0.30,28.16,17,17,0
1375587,0.37,0.30,0.40,28.81,17,17,0,-0.01,-0.10,0.00,28.35,17,17,0,3.79,3.30,4.30,26.25,17,0,0,0.50,0.50,0.50,28.11,17,17,0,0.11,0.10,0.20,28.88,17,17,0,1.10,1.10,1.10,28.48,17,17,0,0.24,0.20,0.30,28.15,17,17,0
1376087,0.34,0.30,0.40,28.80,17,17,0,-0.02,-0.10,0.00,28.33,17,17,0,3.79,3.40,4.10,26.25,17,0,0,0.51,0.50,0.60,28.08,17,17,0,0.11,0.00,0.20,28.85,17,17,0,1.09,1.00,1.10,28.49,17,17,0,0.25,0.20,0.30,28.17,17,17,0
1376587,0.38,0.30,0.40,28.80,17,17,0,-0.04,-0.10,0.00,28.33,17,17,0,4.02,3.50,4.60,26.27,17,0,0,0.50,0.50,0.50,28.07,17,17,0,0.10,0.10,0.10,28.86,17,17,0,1.09,1.00,1.10,28.47,17,17,0,0.26,0.20,0.30,28.16,17,17,0
1377087,0.36,0.30,0.40,28.82,17,17,0,-0.02,-0.10,0.00,28.33,17,17,0,3.78,3.30,4.50,26.29,17,0,0,0.50,0.50,0.50,28.07,17,17,0,0.11,0.10,0.20,28.85,17,17,0,1.09,1.00,1.10,28.49,17,17,0,0.25,0.20,0.30,28.15,17,17,0
1377587,0.35,0.30,0.40,28.81,17,17,0,-0.02,-0.10,0.10,28.32,17,17,0,3.59,3.20,3.90,26.31,17,0,0,0.50,0.50,0.50,28.09,17,17,0,0.12,0.10,0.20,28.86,17,17,0,1.10,1.10,1.10,28.49,17,17,0,0.22,0.20,0.30,28.16,17,17,0
1378087,0.35,0.30,0.40,28.82,17,17,0,-0.02,-0.10,0.10,28.35,17,17,0,3.64,3.00,4.30,26.33,17,0,0,0.51,0.50,0.60,28.07,17,17,0,0.12,0.10,0.20,28.88,17,17,0,1.09,1.00,1.10,28.49,17,17,0,0.24,0.20,0.30,28.16,17,17,0
1378590,0.36,0.30,0.40,28.81,18,18,0,-0.03,-0.10,0.00,28.33,18,18,0,3.24,2.80,3.60,26.34,18,0,0,0.51,0.50,0.60,28.07,18,18,0,0.12,0.10,0.20,28.88,18,18,0,1.10,1.00,1.20,28.49,18,18,0,0.24,0.20,0.30,28.15,18,18,0
1379090,0.38,0.30,0.40,28.81,17,17,0,-0.02,-0.10,0.10,28.35,17,17,0,2.99,2.50,3.30,26.36,17,0,0,0.51,0.50,0.60,28.10,17,17,0,0.10,0.10,0.10,28.87,17,17,0,1.09,1.00,1.10,28.49,17,17,0,0.26,0.20,0.30,28.15,17,17,0
1379590,0.37,0.30,0.40,28.80,17,17,0,0.01,-0.10,0.10,28.32,17,17,0,2.68,2.20,3.10,26.38,17,0,0,0.51,0.50,0.60,28.09,17,17,0,0.10,0.10,0.10,28.87,17,17,0,1.09,1.00,1.10,28.48,17,17,0,0.24,0.20,0.30,28.17,17,17,0
1380090,0.35,0.30,0.40,28.80,17,17,0,-0.05,-0.10,0.00,28.33,17,17,0,2.58,1.70,3.10,26.41,17,0,0,0.50,0.50,0.50,28.08,17,17,0,0.11,0.10,0.20,28.87,17,17,0,1.09,1.00,1.10,28.47,17,17,0,0.24,0.20,0.30,28.16,17,17,0
1380590,0.35,0.30,0.40,28.81,17,17,0,-0.02,-0.10,0.10,28.33,17,17,0,2.27,1.80,2.70,26.40,17,0,0,0.51,0.50,0.60,28.07,17,17,0,0.10,0.10,0.10,28.85,17,17,0,1.08,1.00,1.10,28.47,17,17,0,0.26,0.20,0.30,28.16,17,17,0
1381090,0.36,0.30,0.40,28.81,17,17,0,-0.01,-0.10,0.10,28.33,17,17,0,1.92,1.40,2.50,26.41,17,0,0,0.50,0.50,0.50,28.08,17,17,0,0.10,0.10,0.10,28.86,17,17,0,1.08,1.00,1.10,28.47,17,17,0,0.25,0.20,0.30,28.16,17,17,0
1381590,0.36,0.30,0.40,28.81,17,17,0,-0.04,-0.10,0.00,28.33,17,17,0,1.74,0.60,2.70,26.43,17,0,0,0.50,0.50,0.50,28.08,17,17,0,0.10,0.10,0.10,28.86,17,17,0,1.10,1.10,1.10,28.48,17,17,0,0.26,0.20,0.30,28.16,17,17,0
1382090,0.35,0.30,0.40,28.82,17,17,0,-0.04,-0.10,0.00,28.33,17,17,0,1.52,0.80,2.10,26.47,17,0,0,0.50,0.50,0.50,28.10,17,17,0,0.11,0.10,0.20,28.87,17,17,0,1.09,1.00,1.10,28.48,17,17,0,0.24,0.20,0.30,28.17,17,17,0
1382590,0.38,0.30,0.40,28.81,17,17,0,-0.03,-0.10,0.10,28.34,17,17,0,1.06,0.00,2.10,26.46,17,0,0,0.51,0.50,0.60,28.08,17,17,0,0.10,0.10,0.10,28.86,17,17,0,1.08,1.00,1.10,28.48,17,17,0,0.25,0.20,0.30,28.18,17,17,0
1383090,0.38,0.30,0.40,28.81,17,17,0,-0.01,-0.10,0.10,28.34,17,17,0,0.95,0.50,1.70,26.49,17,0,0,0.50,0.50,0.50,28.07,17,17,0,0.10,0.10,0.10,28.86,17,17,0,1.08,1.00,1.10,28.48,17,17,0,0.22,0.20,0.30,28.16,17,17,0
1383591,0.38,0.30,0.40,28.80,17,17,0,-0.03,-0.10,0.10,28.35,17,17,0,1.22,0.60,1.80,26.47,17,0,0,0.49,0.40,0.50,28.09,17,17,0,0.10,0.10,0.10,28.85,17,17,0,1.09,1.00,1.10,28.47,17,17,0,0.23,0.20,0.30,28.16,17,17,0
1384101,0.36,0.30,0.40,28.82,18,18,0,-0.02,-0.10,0.10,28.33,18,18,0,1.60,0.80,2.30,26.51,18,0,0,0.51,0.50,0.60,28.05,18,18,0,0.10,0.00,0.20,28.87,18,18,0,1.09,1.00,1.10,28.48,18,18,0,0.23,0.20,0.30,28.17,18,18,0
1384601,0.38,0.30,0.40,28.80,18,18,0,-0.02,-0.10,0.00,28.33,18,18,0,1.55,-1.30,3.10,26.51,18,0,0,0.50,0.50,0.50,28.08,18,18,0,0.11,0.10,0.20,28.87,18,18,0,1.09,1.00,1.10,28.50,18,18,0,0.25,0.20,0.30,28.16,18,18,0
1385113,0.37,0.30,0.40,28.82,17,17,0,-0.04,-0.10,0.10,28.33,17,17,0,1.42,0.90,2.10,26.55,17,0,0,0.51,0.50,0.60,28.08,17,17,0,0.11,0.10,0.20,28.87,17,17,0,1.09,1.00,1.10,28.47,17,17,0,0.24,0.20,0.30,28.17,17,17,0
1385613,0.36,0.30,0.40,28.80,17,17,0,-0.01,-0.10,0.10,28.35,17,17,0,1.92,1.00,3.10,26.54,17,0,0,0.50,0.50,0.50,28.08,17,17,0,0.10,0.10,0.10,28.85,17,17,0,1.09,1.00,1.10,28.48,17,17,0,0.25,0.20,0.30,28.15,17,17,0
1386113,0.37,0.30,0.40,28.83,17,17,0,-0.04,-0.10,0.00,28.33,17,17,0,2.09,1.20,2.90,26.56,17,0,0,0.51,0.50,0.60,28.09,17,17,0,0.11,0.10,0.20,28.86,17,17,0,1.10,1.10,1.10,28.48,17,17,0,0.25,0.20,0.30,28.18,17,17,0
1386613,0.35,0.30,0.40,28.82,17,17,0,-0.04,-0.10,0.10,28.34,17,17,0,2.44,0.70,3.40,26.57,17,0,0,0.51,0.50,0.60,28.09,17,17,0,0.11,0.10,0.20,28.87,17,17,0,1.09,1.00,1.10,28.48,17,17,0,0.26,0.20,0.30,28.15,17,17,0
1387114,0.38,0.30,0.40,28.80,17,17,0,-0.01,-0.10,0.10,28.33,17,17,0,2.85,1.50,4.80,26.58,17,0,0,0.51,0.50,0.60,28.09,17,17,0,0.11,0.10,0.20,28.88,17,17,0,1.09,1.00,1.10,28.48,17,17,0,0.26,0.20,0.30,28.17,17,17,0
1387614,0.36,0.30,0.40,28.83,17,17,0,-0.01,-0.10,0.00,28.34,17,17,0,2.38,1.80,3.50,26.59,17,0,0,0.50,0.50,0.50,28.09,17,17,0,0.11,0.10,0.20,28.87,17,17,0,1.09,1.00,1.10,28.47,17,17,0,0.25,0.20,0.30,28.16,17,17,0
1388114,0.37,0.30,0.40,28.82,18,18,0,-0.03,-0.10,0.00,28.33,18,18,0,1.43,-4.30,4.70,26.61,18,0,0,0.50,0.50,0.50,28.09,18,18,0,0.10,0.00,0.20,28.86,18,18,0,1.09,1.00,1.10,28.48,18,18,0,0.26,0.20,0.30,28.17,18,18,0
1388620,0.35,0.30,0.40,28.82,17,17,0,-0.02,-0.10,0.10,28.34,17,17,0,2.52,1.50,4.80,26.61,17,0,0,0.51,0.50,0.60,28.07,17,17,0,0.11,0.10,0.20,28.86,17,17,0,1.09,1.00,1.10,28.48,17,17,0,0.24,0.20,0.30,28.16,17,17,0
1389121,0.35,0.30,0.40,28.81,17,17,0,-0.03,-0.10,0.00,28.34,17,17,0,2.39,1.90,3.00,26.62,17,0,0,0.50,0.50,0.50,28.09,17,17,0,0.11,0.10,0.20,28.85,17,17,0,1.09,1.00,1.10,28.48,17,17,0,0.26,0.20,0.30,28.17,17,17,0
1389630,0.35,0.30,0.40,28.81,17,17,0,0.00,-0.10,0.10,28.34,17,17,0,2.34,1.60,3.00,26.62,17,0,0,0.51,0.50,0.60,28.08,17,17,0,0.10,0.10,0.10,28.87,17,17,0,1.08,1.00,1.10,28.48,17,17,0,0.25,0.20,0.30,28.14,17,17,0
1390133,0.36,0.30,0.40,28.81,17,17,0,-0.02,-0.10,0.00,28.34,17,17,0,1.24,-0.10,2.60,26.64,17,0,0,0.51,0.50,0.60,28.09,17,17,0,0.10,0.10,0.10,28.85,17,17,0,1.09,1.00,1.10,28.49,17,17,0,0.24,0.20,0.30,28.15,17,17,0
1390637,0.35,0.30,0.40,28.83,17,17,0,-0.01,-0.10,0.10,28.32,17,17,0,0.79,-0.10,1.90,26.65,17,0,0,0.50,0.50,0.50,28.08,17,17,0,0.11,0.10,0.20,28.86,17,17,0,1.09,1.00,1.10,28.50,17,17,0,0.24,0.20,0.30,28.16,17,17,0
1391137,0.35,0.30,0.40,28.82,17,17,0,-0.02,-0.10,0.10,28.35,17,17,0,0.81,-0.40,2.00,26.66,17,0,0,0.51,0.50,0.60,28.07,17,17,0,0.10,0.10,0.10,28.87,17,17,0,1.09,1.00,1.10,28.48,17,17,0,0.24,0.20,0.30,28.16,17,17,0
1391647,0.35,0.30,0.40,28.82,18,18,0,-0.03,-0.10,0.10,28.35,18,18,0,1.45,-1.70,3.10,26.69,18,0,0,0.50,0.50,0.50,28.07,18,18,0,0.11,0.10,0.20,28.88,18,18,0,1.09,1.00,1.10,28.48,18,18,0,0.24,0.20,0.30,28.16,18,18,0
1392147,0.37,0.30,0.40,28.83,17,17,0,-0.02,-0.10,0.00,28.34,17,17,0,1.18,0.30,1.90,26.71,17,0,0,0.50,0.50,0.50,28.09,17,17,0,0.11,0.10,0.20,28.88,17,17,0,1.09,1.00,1.10,28.45,17,17,0,0.24,0.20,0.30,28.16,17,17,0
1392647,0.34,0.30,0.40,28.82,18,18,0,-0.03,-0.10,0.00,28.34,18,18,0,1.38,0.70,2.20,26.70,18,0,0,0.50,0.50,0.50,28.08,18,18,0,0.10,0.10,0.10,28.87,18,18,0,1.09,1.00,1.10,28.49,18,18,0,0.22,0.20,0.30,28.17,18,18,0
1393152,0.36,0.30,0.40,28.83,17,17,0,-0.01,-0.10,0.10,28.34,17,17,0,1.69,1.10,2.50,26.72,17,0,0,0.50,0.50,0.50,28.09,17,17,0,0.10,0.10,0.10,28.87,17,17,0,1.07,1.00,1.10,28.49,17,17,0,0.24,0.20,0.30,28.16,17,17,0
1393652,0.37,0.30,0.40,28.81,16,16,0,-0.03,-0.10,0.00,28.34,16,16,0,1.37,0.70,1.80,26.72,16,0,0,0.51,0.50,0.60,28.08,16,16,0,0.10,0.00,0.20,28.86,16,16,0,1.09,1.00,1.10,28.47,16,16,0,0.23,0.20,0.30,28.15,16,16,0
1394162,0.37,0.30,0.40,28.82,18,18,0,-0.01,-0.10,0.10,28.34,18,18,0,0.96,0.50,1.40,26.73,18,0,0,0.50,0.50,0.50,28.08,18,18,0,0.11,0.10,0.20,28.86,18,18,0,1.09,1.00,1.10,28.47,18,18,0,0.23,0.20,0.30,28.16,18,18,0
1394662,0.34,0.30,0.40,28.80,18,18,0,-0.01,-0.10,0.10,28.33,18,18,0,0.90,0.60,1.40,26.73,18,0,0,0.50,0.50,0.50,28.08,18,18,0,0.12,0.10,0.20,28.89,18,18,0,1.09,1.00,1.10,28.47,18,18,0,0.22,0.20,0.30,28.18,18,18,0
1395167,0.36,0.30,0.40,28.82,17,17,0,-0.02,-0.10,0.00,28.34,17,17,0,1.21,0.60,1.90,26.74,17,0,0,0.51,0.50,0.60,28.09,17,17,0,0.11,0.10,0.20,28.90,17,17,0,1.08,1.00,1.10,28.48,17,17,0,0.25,0.20,0.30,28.15,17,17,0
1395672,0.35,0.30,0.40,28.83,17,17,0,-0.02,-0.10,0.10,28.33,17,17,0,1.11,0.40,1.80,26.76,17,0,0,0.50,0.50,0.50,28.09,17,17,0,0.10,0.00,0.20,28.88,17,17,0,1.09,1.00,1.10,28.47,17,17,0,0.23,0.20,0.30,28.17,17,17,0
1396172,0.35,0.30,0.40,28.82,17,17,0,-0.02,-0.10,0.00,28.34,17,17,0,1.48,0.50,2.40,26.75,17,0,0,0.50,0.50,0.50,28.09,17,17,0,0.11,0.10,0.20,28.89,17,17,0,1.09,1.00,1.10,28.47,17,17,0,0.23,0.20,0.30,28.16,17,17,0
1396672,0.36,0.30,0.40,28.82,17,17,0,-0.02,-0.10,0.10,28.35,17,17,0,1.61,1.20,2.20,26.78,17,0,0,0.50,0.50,0.50,28.09,17,17,0,0.10,0.10,0.10,28.88,17,17,0,1.09,1.00,1.10,28.48,17,17,0,0.24,0.20,0.30,28.16,17,17,0
1397172,0.35,0.30,0.40,28.81,17,17,0,-0.02,-0.10,0.10,28.35,17,17,0,1.56,0.90,2.40,26.78,17,0,0,0.50,0.50,0.50,28.06,17,17,0,0.10,0.10,0.10,28.89,17,17,0,1.09,1.00,1.10,28.47,17,17,0,0.24,0.20,0.30,28.15,17,17,0
1397672,0.34,0.30,0.40,28.82,18,18,0,-0.02,-0.10,0.10,28.34,18,18,0,1.62,0.60,2.40,26.79,18,0,0,0.50,0.50,0.50,28.08,18,18,0,0.09,0.00,0.10,28.87,18,18,0,1.08,1.00,1.10,28.49,18,18,0,0.24,0.20,0.30,28.16,18,18,0
1398172,0.35,0.30,0.40,28.82,17,17,0,-0.02,-0.10,0.10,28.35,17,17,0,1.61,0.80,2.70,26.79,17,0,0,0.50,0.50,0.50,28.08,17,17,0,0.11,0.10,0.20,28.87,17,17,0,1.08,1.00,1.10,28.47,17,17,0,0.22,0.20,0.30,28.17,17,17,0
1398682,0.38,0.30,0.40,28.82,18,18,0,-0.03,-0.10,0.10,28.34,18,18,0,1.53,0.80,1.90,26.80,18,0,0,0.50,0.50,0.50,28.08,18,18,0,0.10,0.10,0.10,28.87,18,18,0,1.09,1.00,1.10,28.47,18,18,0,0.23,0.20,0.30,28.17,18,18,0
1399182,0.35,0.30,0.40,28.82,18,18,0,-0.01,-0.10,0.00,28.34,18,18,0,1.13,0.50,1.90,26.82,18,0,0,0.50,0.50,0.50,28.09,18,18,0,0.11,0.10,0.20,28.86,18,18,0,1.10,1.10,1.10,28.50,18,18,0,0.24,0.20,0.30,28.17,18,18,0
1399689,0.37,0.30,0.40,28.82,17,17,0,-0.04,-0.10,0.00,28.36,17,17,0,0.64,-0.90,1.30,26.83,17,0,0,0.50,0.50,0.50,28.09,17,17,0,0.09,0.00,0.20,28.86,17,17,0,1.08,1.00,1.10,28.48,17,17,0,0.24,0.20,0.30,28.16,17,17,0
1400189,0.36,0.30,0.40,28.83,18,18,0,-0.02,-0.10,0.10,28.34,18,18,0,0.86,0.30,1.70,26.84,18,0,0,0.49,0.40,0.50,28.08,18,18,0,0.10,0.10,0.10,28.88,18,18,0,1.09,1.00,1.10,28.49,18,18,0,0.25,0.20,0.30,28.17,18,18,0
1400696,0.38,0.30,0.40,28.83,17,17,0,-0.02,-0.10,0.10,28.36,17,17,0,0.30,-0.40,1.00,26.82,17,0,0,0.50,0.50,0.50,28.09,17,17,0,0.10,0.10,0.10,28.87,17,17,0,1.09,1.00,1.10,28.49,17,17,0,0.25,0.20,0.30,28.18,17,17,0
1401196,0.38,0.30,0.40,28.81,17,17,0,-0.02,-0.10,0.10,28.35,17,17,0,0.14,-0.10,0.40,26.85,17,0,0,0.50,0.50,0.50,28.09,17,17,0,0.10,0.10,0.10,28.85,17,17,0,1.09,1.00,1.10,28.48,17,17,0,0.23,0.20,0.30,28.19,17,17,0
1401700,0.36,0.30,0.40,28.82,17,17,0,-0.02,-0.10,0.10,28.33,17,17,0,0.12,-0.30,0.70,26.85,17,0,0,0.51,0.50,0.60,28.09,17,17,0,0.09,0.00,0.10,28.88,17,17,0,1.09,1.00,1.10,28.48,17,17,0,0.24,0.20,0.30,28.17,17,17,0
1402208,0.35,0.30,0.40,28.81,18,18,0,-0.02,-0.10,0.10,28.36,18,18,0,0.44,-0.40,1.30,26.85,18,0,0,0.50,0.50,0.50,28.10,18,18,0,0.10,0.10,0.10,28.88,18,18,0,1.09,1.00,1.10,28.48,18,18,0,0.24,0.20,0.30,28.16,18,18,0
1402708,0.35,0.30,0.40,28.81,18,18,0,-0.03,-0.10,0.00,28.36,18,18,0,0.46,0.00,0.80,26.86,18,0,0,0.51,0.50,0.60,28.09,18,18,0,0.09,0.00,0.10,28.88,18,18,0,1.10,1.10,1.10,28.48,18,18,0,0.25,0.20,0.30,28.15,18,18,0
1403221,0.35,0.30,0.40,28.82,17,17,0,0.00,-0.10,0.10,28.35,17,17,0,0.41,0.10,0.90,26.88,17,0,0,0.49,0.40,0.50,28.10,17,17,0,0.10,0.10,0.10,28.86,17,17,0,1.09,1.00,1.10,28.47,17,17,0,0.25,0.20,0.30,28.16,17,17,0
1403721,0.36,0.30,0.40,28.82,17,17,0,-0.02,-0.10,0.00,28.34,17,17,0,0.72,0.20,1.30,26.90,17,0,0,0.50,0.50,0.50,28.08,17,17,0,0.12,0.10,0.20,28.88,17,17,0,1.09,1.00,1.10,28.48,17,17,0,0.22,0.20,0.30,28.16,17,17,0
1404222,0.36,0.30,0.40,28.82,17,17,0,-0.02,-0.10,0.00,28.35,17,17,0,0.70,0.30,0.90,26.88,17,0,0,0.50,0.50,0.50,28.08,17,17,0,0.09,0.00,0.10,28.89,17,17,0,1.10,1.10,1.10,28.48,17,17,0,0.23,0.20,0.30,28.15,17,17,0
1404725,0.36,0.30,0.40,28.82,18,18,0,-0.04,-0.10,0.00,28.36,18,18,0,1.07,0.60,1.60,26.90,18,0,0,0.50,0.50,0.50,28.08,18,18,0,0.10,0.10,0.10,28.87,18,18,0,1.10,1.10,1.10,28.47,18,18,0,0.24,0.20,0.30,28.18,18,18,0
1405234,0.38,0.30,0.40,28.82,18,18,0,-0.01,-0.10,0.10,28.35,18,18,0,1.15,0.80,1.70,26.92,18,0,0,0.51,0.50,0.60,28.09,18,18,0,0.10,0.10,0.10,28.88,18,18,0,1.09,1.00,1.10,28.48,18,18,0,0.25,0.20,0.30,28.17,18,18,0
1405734,0.35,0.30,0.40,28.82,17,17,0,-0.01,-0.10,0.00,28.35,17,17,0,1.31,0.80,1.80,26.91,17,0,0,0.50,0.50,0.50,28.08,17,17,0,0.10,0.10,0.10,28.89,17,17,0,1.09,1.00,1.10,28.48,17,17,0,0.23,0.20,0.30,28.15,17,17,0
1406234,0.36,0.30,0.40,28.83,17,17,0,-0.04,-0.10,0.00,28.35,17,17,0,1.21,0.90,1.60,26.93,17,0,0,0.51,0.50,0.60,28.09,17,17,0,0.10,0.10,0.10,28.88,17,17,0,1.10,1.10,1.10,28.48,17,17,0,0.25,0.20,0.30,28.17,17,17,0
1406734,0.36,0.30,0.40,28.83,17,17,0,-0.04,-0.10,0.10,28.35,17,17,0,1.38,1.10,1.90,26.94,17,0,0,0.50,0.50,0.50,28.09,17,17,0,0.11,0.10,0.20,28.88,17,17,0,1.10,1.10,1.10,28.48,17,17,0,0.24,0.20,0.30,28.17,17,17,0
1407234,0.34,0.30,0.40,28.82,17,17,0,-0.04,-0.10,0.00,28.35,17,17,0,1.15,0.70,1.80,26.94,17,0,0,0.50,0.50,0.50,28.09,17,17,0,0.09,0.00,0.10,28.88,17,17,0,1.10,1.10,1.10,28.48,17,17,0,0.24,0.20,0.30,28.16,17,17,0
1407734,0.38,0.30,0.40,28.82,17,17,0,-0.05,-0.10,0.10,28.34,17,17,0,0.93,0.30,1.30,26.94,17,0,0,0.51,0.50,0.60,28.08,17,17,0,0.11,0.10,0.20,28.86,17,17,0,1.08,1.00,1.10,28.47,17,17,0,0.23,0.20,0.30,28.18,17,17,0
1408234,0.36,0.30,0.40,28.82,17,17,0,-0.04,-0.10,0.00,28.33,17,17,0,0.85,0.00,2.00,26.95,17,0,0,0.51,0.50,0.60,28.08,17,17,0,0.11,0.10,0.20,28.89,17,17,0,1.09,1.00,1.10,28.47,17,17,0,0.23,0.20,0.30,28.18,17,17,0
1408734,0.37,0.30,0.40,28.82,18,18,0,-0.01,-0.10,0.10,28.38,18,18,0,0.56,-1.60,2.70,26.96,18,0,0,0.51,0.40,0.60,28.10,18,18,0,0.10,0.00,0.20,28.88,18,18,0,1.09,1.00,1.10,28.50,18,18,0,0.24,0.20,0.30,28.17,18,18,0
1409241,0.36,0.30,0.40,28.83,17,17,0,-0.01,-0.10,0.10,28.36,17,17,0,314.08,-9.80,508.20,26.85,17,0,0,0.51,0.50,0.60,28.07,17,17,0,0.10,0.10,0.10,28.87,17,17,0,1.09,1.00,1.10,28.47,17,17,0,0.25,0.20,0.30,28.18,17,17,0
1409741,0.35,0.30,0.40,28.83,17,17,0,-0.01,-0.10,0.10,28.33,17,17,0,477.12,431.20,569.00,25.86,17,0,0,0.51,0.50,0.60,28.09,17,17,0,0.09,0.00,0.10,28.88,17,17,0,1.10,1.10,1.10,28.48,17,17,0,0.22,0.20,0.30,28.17,17,17,0
1410241,0.38,0.30,0.40,28.83,17,17,0,-0.01,-0.10,0.10,28.35,17,17,0,506.51,491.80,524.40,25.32,17,0,0,0.50,0.50,0.50,28.10,17,17,0,0.10,0.10,0.10,28.89,17,17,0,1.10,1.10,1.10,28.48,17,17,0,0.24,0.20,0.30,28.18,17,17,0
1410741,0.36,0.30,0.40,28.85,17,17,0,-0.04,-0.10,0.00,28.36,17,17,0,543.48,528.10,578.40,25.02,17,0,0,0.51,0.50,0.60,28.09,17,17,0,0.11,0.10,0.20,28.87,17,17,0,1.09,1.00,1.10,28.47,17,17,0,0.23,0.20,0.30,28.17,17,17,0
1411241,0.36,0.30,0.40,28.84,17,17,0,-0.04,-0.10,0.10,28.35,17,17,0,700.68,613.10,761.60,24.84,17,0,0,0.50,0.50,0.50,28.11,17,17,0,0.11,0.10,0.20,28.89,17,17,0,1.08,1.00,1.10,28.47,17,17,0,0.21,0.20,0.30,28.17,17,17,0
1411741,0.36,0.30,0.40,28.82,17,17,0,-0.03,-0.10,0.10,28.36,17,17,0,831.49,779.50,865.20,24.66,17,0,0,0.50,0.50,0.50,28.08,17,17,0,0.11,0.10,0.20,28.89,17,17,0,1.09,1.00,1.10,28.47,17,17,0,0.25,0.20,0.30,28.15,17,17,0
1412241,0.35,0.30,0.40,28.84,17,17,0,-0.01,-0.10,0.10,28.36,17,17,0,900.32,875.70,922.50,24.55,17,0,0,0.50,0.50,0.50,28.09,17,17,0,0.09,0.00,0.10,28.89,17,17,0,1.09,1.00,1.10,28.46,17,17,0,0.23,0.20,0.30,28.16,17,17,0
1412752,0.37,0.30,0.40,28.83,17,17,0,-0.02,-0.10,0.00,28.35,17,17,0,947.86,929.00,968.40,24.45,17,0,0,0.49,0.40,0.50,28.08,17,17,0,0.11,0.10,0.20,28.88,17,17,0,1.10,1.10,1.10,28.49,17,17,0,0.23,0.20,0.30,28.16,17,17,0
1413252,0.35,0.30,0.40,28.83,17,17,0,-0.01,-0.10,0.10,28.34,17,17,0,983.96,970.90,996.90,24.39,17,0,0,0.50,0.50,0.50,28.09,17,17,0,0.10,0.10,0.10,28.88,17,17,0,1.08,1.00,1.10,28.47,17,17,0,0.24,0.20,0.30,28.17,17,17,0
1413752,0.39,0.30,0.40,28.83,17,17,0,0.01,-0.10,0.10,28.36,17,17,0,987.75,972.00,996.30,24.35,17,0,0,0.50,0.50,0.50,28.09,17,17,0,0.09,0.00,0.10,28.89,17,17,0,1.09,1.00,1.10,28.49,17,17,0,0.22,0.20,0.30,28.18,17,17,0
1414252,0.37,0.30,0.40,28.82,17,17,0,-0.02,-0.10,0.10,28.36,17,17,0,969.62,965.40,976.00,24.32,17,0,0,0.51,0.50,0.60,28.09,17,17,0,0.11,0.10,0.20,28.89,17,17,0,1.08,1.00,1.10,28.47,17,17,0,0.23,0.20,0.30,28.16,17,17,0
1414752,0.35,0.30,0.40,28.82,17,17,0,-0.02,-0.10,0.10,28.34,17,17,0,968.15,965.30,971.40,24.30,17,0,0,0.50,0.50,0.50,28.07,17,17,0,0.09,0.00,0.10,28.88,17,17,0,1.08,1.00,1.10,28.47,17,17,0,0.22,0.20,0.30,28.17,17,17,0
1415252,0.36,0.30,0.40,28.83,17,17,0,0.00,-0.10,0.10,28.35,17,17,0,971.32,964.40,976.80,24.28,17,0,0,0.50,0.50,0.50,28.09,17,17,0,0.09,0.00,0.10,28.90,17,17,0,1.09,1.00,1.10,28.47,17,17,0,0.22,0.20,0.30,28.17,17,17,0
1415752,0.38,0.30,0.40,28.84,17,17,0,-0.01,-0.10,0.00,28.35,17,17,0,952.11,942.40,961.10,24.26,17,0,0,0.49,0.40,0.50,28.08,17,17,0,0.10,0.10,0.10,28.89,17,17,0,1.09,1.00,1.10,28.48,17,17,0,0.23,0.20,0.30,28.18,17,17,0
1416254,0.36,0.30,0.40,28.84,17,17,0,-0.02,-0.10,0.10,28.37,17,17,0,939.96,936.70,946.10,24.26,17,0,0,0.50,0.50,0.50,28.10,17,17,0,0.09,0.00,0.10,28.89,17,17,0,1.09,1.00,1.10,28.48,17,17,0,0.22,0.20,0.30,28.16,17,17,0
1416754,0.36,0.30,0.40,28.83,17,17,0,0.00,-0.10,0.10,28.35,17,17,0,942.61,937.20,947.30,24.26,17,0,0,0.50,0.50,0.50,28.10,17,17,0,0.11,0.10,0.20,28.91,17,17,0,1.09,1.00,1.10,28.49,17,17,0,0.23,0.20,0.30,28.17,17,17,0
1417255,0.35,0.30,0.40,28.84,17,17,0,-0.02,-0.10,0.10,28.36,17,17,0,930.37,904.60,943.10,24.25,17,0,0,0.51,0.50,0.60,28.09,17,17,0,0.11,0.10,0.20,28.90,17,17,0,1.10,1.10,1.10,28.50,17,17,0,0.23,0.20,0.30,28.19,17,17,0
1417755,0.34,0.30,0.40,28.83,17,17,0,-0.04,-0.10,0.10,28.37,17,17,0,911.35,900.10,924.00,24.26,17,0,0,0.51,0.50,0.60,28.09,17,17,0,0.11,0.10,0.20,28.89,17,17,0,1.07,1.00,1.10,28.49,17,17,0,0.22,0.20,0.30,28.17,17,17,0
1418255,0.38,0.30,0.40,28.84,17,17,0,-0.04,-0.10,0.10,28.36,17,17,0,911.04,902.50,917.20,24.25,17,0,0,0.50,0.50,0.50,28.09,17,17,0,0.10,0.10,0.10,28.89,17,17,0,1.09,1.00,1.10,28.49,17,17,0,0.22,0.20,0.30,28.17,17,17,0
1418756,0.35,0.30,0.40,28.82,17,17,0,-0.01,-0.10,0.10,28.35,17,17,0,918.47,913.50,922.90,24.24,17,0,0,0.50,0.50,0.50,28.08,17,17,0,0.10,0.10,0.10,28.89,17,17,0,1.09,1.00,1.10,28.48,17,17,0,0.24,0.20,0.30,28.17,17,17,0
1419256,0.36,0.30,0.40,28.85,17,17,0,-0.00,-0.10,0.10,28.35,17,17,0,906.43,897.20,916.50,24.23,17,0,0,0.51,0.50,0.60,28.09,17,17,0,0.10,0.10,0.10,28.90,17,17,0,1.09,1.00,1.10,28.49,17,17,0,0.24,0.20,0.30,28.17,17,17,0
1419757,0.34,0.30,0.40,28.82,17,17,0,-0.02,-0.10,0.10,28.36,17,17,0,896.39,890.30,902.90,24.23,17,0,0,0.50,0.50,0.50,28.09,17,17,0,0.09,0.00,0.10,28.88,17,17,0,1.09,1.00,1.10,28.49,17,17,0,0.25,0.20,0.30,28.16,17,17,0
1420257,0.34,0.30,0.40,28.82,17,17,0,-0.03,-0.10,0.10,28.35,17,17,0,904.45,895.50,912.50,24.24,17,0,0,0.50,0.50,0.50,28.10,17,17,0,0.11,0.10,0.20,28.89,17,17,0,1.08,1.00,1.10,28.48,17,17,0,0.22,0.20,0.30,28.18,17,17,0
1420757,0.35,0.30,0.40,28.83,17,17,0,-0.03,-0.10,0.10,28.35,17,17,0,908.90,902.40,914.40,24.24,17,0,0,0.51,0.50,0.60,28.09,17,17,0,0.11,0.10,0.20,28.90,17,17,0,1.09,1.00,1.10,28.48,17,17,0,0.21,0.20,0.30,28.17,17,17,0
1421257,0.38,0.30,0.40,28.84,17,17,0,-0.02,-0.10,0.10,28.36,17,17,0,895.95,886.70,903.80,24.21,17,0,0,0.50,0.50,0.50,28.09,17,17,0,0.10,0.10,0.10,28.88,17,17,0,1.07,1.00,1.10,28.49,17,17,0,0.21,0.20,0.30,28.17,17,17,0
1421757,0.36,0.30,0.40,28.85,17,17,0,-0.03,-0.10,0.10,28.35,17,17,0,895.80,890.20,900.80,24.21,17,0,0,0.49,0.40,0.50,28.10,17,17,0,0.11,0.10,0.20,28.89,17,17,0,1.09,1.00,1.10,28.49,17,17,0,0.24,0.20,0.30,28.17,17,17,0
1422257,0.38,0.30,0.40,28.84,17,17,0,-0.04,-0.10,0.00,28.36,17,17,0,904.37,897.30,909.00,24.21,17,0,0,0.51,0.50,0.60,28.09,17,17,0,0.10,0.00,0.20,28.90,17,17,0,1.09,1.00,1.10,28.47,17,17,0,0.24,0.20,0.30,28.15,17,17,0
1422757,0.36,0.30,0.40,28.83,17,17,0,-0.03,-0.10,0.10,28.35,17,17,0,894.59,883.60,904.20,24.21,17,0,0,0.50,0.50,0.50,28.08,17,17,0,0.11,0.10,0.20,28.91,17,17,0,1.08,1.00,1.10,28.48,17,17,0,0.22,0.20,0.30,28.16,17,17,0
1423257,0.35,0.30,0.40,28.84,17,17,0,-0.01,-0.10,0.10,28.35,17,17,0,881.59,874.80,887.10,24.22,17,0,0,0.51,0.50,0.60,28.08,17,17,0,0.10,0.00,0.20,28.89,17,17,0,1.09,1.00,1.10,28.50,17,17,0,0.25,0.20,0.30,28.19,17,17,0
1423757,0.34,0.30,0.40,28.82,17,17,0,-0.03,-0.10,0.00,28.35,17,17,0,890.60,884.10,898.10,24.22,17,0,0,0.50,0.50,0.50,28.11,17,17,0,0.10,0.10,0.10,28.90,17,17,0,1.09,1.00,1.10,28.50,17,17,0,0.25,0.20,0.30,28.17,17,17,0
1424258,0.35,0.30,0.40,28.83,17,17,0,-0.01,-0.10,0.10,28.36,17,17,0,901.72,895.30,908.00,24.20,17,0,0,0.51,0.50,0.60,28.08,17,17,0,0.11,0.10,0.20,28.90,17,17,0,1.10,1.10,1.10,28.48,17,17,0,0.23,0.20,0.30,28.18,17,17,0
1424758,0.36,0.30,0.40,28.84,17,17,0,-0.04,-0.10,0.00,28.37,17,17,0,885.34,880.50,891.80,24.20,17,0,0,0.50,0.50,0.50,28.09,17,17,0,0.10,0.10,0.10,28.90,17,17,0,1.09,1.00,1.10,28.49,17,17,0,0.24,0.20,0.30,28.19,17,17,0
1425258,0.38,0.30,0.40,28.82,17,17,0,-0.01,-0.10,0.10,28.37,17,17,0,888.66,881.40,894.00,24.19,17,0,0,0.50,0.50,0.50,28.09,17,17,0,0.10,0.10,0.10,28.90,17,17,0,1.09,1.00,1.10,28.47,17,17,0,0.25,0.20,0.30,28.18,17,17,0
1425759,0.35,0.30,0.40,28.83,17,17,0,-0.03,-0.10,0.00,28.36,17,17,0,900.03,893.10,904.10,24.18,17,0,0,0.51,0.50,0.60,28.09,17,17,0,0.11,0.10,0.20,28.90,17,17,0,1.09,1.00,1.10,28.48,17,17,0,0.23,0.20,0.30,28.19,17,17,0
1426263,0.35,0.30,0.40,28.85,17,17,0,-0.02,-0.10,0.10,28.34,17,17,0,889.48,877.30,902.70,24.19,17,0,0,0.51,0.40,0.60,28.08,17,17,0,0.10,0.10,0.10,28.90,17,17,0,1.10,1.10,1.10,28.49,17,17,0,0.21,0.20,0.30,28.18,17,17,0
1426763,0.36,0.30,0.40,28.85,17,17,0,-0.02,-0.10,0.00,28.37,17,17,0,874.72,868.10,881.50,24.19,17,0,0,0.50,0.50,0.50,28.10,17,17,0,0.12,0.10,0.20,28.89,17,17,0,1.09,1.00,1.10,28.48,17,17,0,0.22,0.20,0.30,28.18,17,17,0
1427263,0.36,0.30,0.40,28.84,17,17,0,-0.02,-0.10,0.10,28.36,17,17,0,887.03,875.70,898.10,24.20,17,0,0,0.49,0.40,0.50,28.09,17,17,0,0.10,0.10,0.10,28.90,17,17,0,1.10,1.10,1.10,28.50,17,17,0,0.21,0.20,0.30,28.18,17,17,0
1427763,0.38,0.30,0.40,28.84,17,17,0,-0.04,-0.10,0.00,28.36,17,17,0,900.86,894.00,906.40,24.19,17,0,0,0.51,0.50,0.60,28.09,17,17,0,0.11,0.00,0.20,28.88,17,17,0,1.08,1.00,1.10,28.49,17,17,0,0.24,0.20,0.30,28.17,17,17,0
1428263,0.37,0.30,0.40,28.83,17,17,0,-0.04,-0.10,0.00,28.36,17,17,0,883.29,878.30,891.70,24.19,17,0,0,0.50,0.50,0.50,28.08,17,17,0,0.10,0.10,0.10,28.90,17,17,0,1.08,1.00,1.10,28.49,17,17,0,0.22,0.20,0.30,28.17,17,17,0
1428763,0.38,0.30,0.40,28.83,17,17,0,-0.04,-0.10,0.00,28.36,17,17,0,880.36,872.70,891.60,24.17,17,0,0,0.50,0.50,0.50,28.09,17,17,0,0.12,0.10,0.20,28.91,17,17,0,1.09,1.00,1.10,28.48,17,17,0,0.22,0.20,0.30,28.19,17,17,0
1429263,0.36,0.30,0.40,28.84,17,17,0,-0.02,-0.10,0.10,28.37,17,17,0,898.10,890.30,907.90,24.17,17,0,0,0.50,0.50,0.50,28.09,17,17,0,0.11,0.10,0.20,28.88,17,17,0,1.08,1.00,1.10,28.50,17,17,0,0.24,0.20,0.30,28.18,17,17,0
1429763,0.38,0.30,0.40,28.84,17,17,0,-0.02,-0.10,0.10,28.36,17,17,0,892.16,881.10,908.40,24.17,17,0,0,0.50,0.50,0.50,28.09,17,17,0,0.11,0.10,0.20,28.88,17,17,0,1.09,1.00,1.10,28.49,17,17,0,0.23,0.20,0.30,28.17,17,17,0
1430263,0.38,0.30,0.40,28.85,17,17,0,-0.02,-0.10,0.10,28.37,17,17,0,879.21,875.80,883.10,24.16,17,0,0,0.50,0.50,0.50,28.09,17,17,0,0.10,0.10,0.10,28.87,17,17,0,1.09,1.00,1.10,28.50,17,17,0,0.22,0.20,0.30,28.19,17,17,0
1430763,0.36,0.30,0.40,28.84,17,17,0,-0.04,-0.10,0.10,28.36,17,17,0,889.34,881.10,897.90,24.17,17,0,0,0.50,0.50,0.50,28.07,17,17,0,0.10,0.10,0.10,28.90,17,17,0,1.09,1.00,1.10,28.49,17,17,0,0.23,0.20,0.30,28.19,17,17,0
1431274,0.36,0.30,0.40,28.84,17,17,0,-0.02,-0.10,0.10,28.37,17,17,0,896.11,886.70,903.20,24.17,17,0,0,0.51,0.50,0.60,28.08,17,17,0,0.09,0.00,0.10,28.91,17,17,0,1.08,1.00,1.10,28.52,17,17,0,0.22,0.20,0.30,28.17,17,17,0
1431774,0.36,0.30,0.40,28.84,17,17,0,-0.01,-0.10,0.10,28.37,17,17,0,876.37,870.00,881.90,24.16,17,0,0,0.51,0.50,0.60,28.08,17,17,0,0.11,0.10,0.20,28.90,17,17,0,1.07,1.00,1.10,28.48,17,17,0,0.25,0.20,0.30,28.18,17,17,0
1432274,0.38,0.30,0.40,28.84,17,17,0,-0.02,-0.10,0.00,28.37,17,17,0,877.80,869.70,883.50,24.16,17,0,0,0.50,0.50,0.50,28.10,17,17,0,0.12,0.10,0.20,28.90,17,17,0,1.10,1.10,1.10,28.51,17,17,0,0.21,0.20,0.30,28.17,17,17,0
1432774,0.36,0.30,0.40,28.83,17,17,0,-0.04,-0.10,0.00,28.37,17,17,0,895.09,885.80,904.40,24.16,17,0,0,0.49,0.40,0.50,28.09,17,17,0,0.10,0.10,0.10,28.91,17,17,0,1.10,1.10,1.10,28.49,17,17,0,0.25,0.20,0.30,28.16,17,17,0
1433274,0.36,0.30,0.40,28.84,17,17,0,-0.03,-0.10,0.10,28.36,17,17,0,887.86,873.50,898.10,24.17,17,0,0,0.50,0.50,0.50,28.09,17,17,0,0.11,0.10,0.20,28.90,17,17,0,1.09,1.00,1.10,28.48,17,17,0,0.23,0.20,0.30,28.17,17,17,0
1433774,0.36,0.30,0.40,28.84,17,17,0,-0.02,-0.10,0.10,28.35,17,17,0,875.43,870.30,881.20,24.15,17,0,0,0.50,0.50,0.50,28.09,17,17,0,0.11,0.10,0.20,28.89,17,17,0,1.09,1.00,1.10,28.49,17,17,0,0.25,0.20,0.30,28.17,17,17,0
1434274,0.36,0.30,0.40,28.83,17,17,0,-0.02,-0.10,0.10,28.37,17,17,0,886.45,876.40,895.50,24.17,17,0,0,0.51,0.50,0.60,28.09,17,17,0,0.11,0.10,0.20,28.91,17,17,0,1.09,1.00,1.10,28.50,17,17,0,0.24,0.20,0.30,28.17,17,17,0
1434776,0.38,0.30,0.40,28.83,17,17,0,-0.02,-0.10,0.10,28.36,17,17,0,895.71,888.70,903.00,24.16,17,0,0,0.51,0.50,0.60,28.10,17,17,0,0.10,0.10,0.10,28.90,17,17,0,1.09,1.00,1.10,28.50,17,17,0,0.24,0.20,0.30,28.16,17,17,0
1435276,0.37,0.30,0.40,28.84,17,17,0,-0.01,-0.10,0.00,28.37,17,17,0,880.56,872.90,888.50,24.16,17,0,0,0.51,0.50,0.60,28.11,17,17,0,0.11,0.10,0.20,28.92,17,17,0,1.10,1.10,1.10,28.50,17,17,0,0.25,0.20,0.30,28.18,17,17,0
1435776,0.38,0.30,0.40,28.85,17,17,0,-0.02,-0.10,0.10,28.36,17,17,0,885.24,875.90,892.50,24.14,17,0,0,0.51,0.50,0.60,28.09,17,17,0,0.11,0.10,0.20,28.91,17,17,0,1.08,1.00,1.10,28.47,17,17,0,0.22,0.20,0.30,28.20,17,17,0
1436276,0.35,0.30,0.40,28.85,17,17,0,-0.02,-0.10,0.10,28.38,17,17,0,904.29,893.60,910.20,24.13,17,0,0,0.50,0.50,0.50,28.08,17,17,0,0.11,0.10,0.20,28.91,17,17,0,1.10,1.10,1.10,28.50,17,17,0,0.24,0.20,0.30,28.19,17,17,0
1436776,0.37,0.30,0.40,28.85,18,18,0,-0.02,-0.10,0.10,28.35,18,18,0,903.52,896.70,908.60,24.14,18,0,0,0.51,0.50,0.60,28.10,18,18,0,0.11,0.10,0.20,28.90,18,18,0,1.09,1.00,1.10,28.50,18,18,0,0.24,0.20,0.30,28.17,18,18,0
1437285,0.36,0.30,0.40,28.85,17,17,0,-0.03,-0.10,0.10,28.37,17,17,0,899.44,895.80,903.10,24.13,17,0,0,0.50,0.50,0.50,28.09,17,17,0,0.11,0.10,0.20,28.92,17,17,0,1.07,1.00,1.10,28.50,17,17,0,0.23,0.20,0.30,28.17,17,17,0
1437785,0.37,0.30,0.40,28.84,17,17,0,-0.04,-0.10,0.10,28.37,17,17,0,909.41,902.50,915.30,24.14,17,0,0,0.50,0.50,0.50,28.10,17,17,0,0.11,0.10,0.20,28.89,17,17,0,1.09,1.00,1.10,28.47,17,17,0,0.24,0.20,0.30,28.19,17,17,0
1438285,0.36,0.30,0.40,28.83,17,17,0,-0.02,-0.10,0.00,28.37,17,17,0,919.35,912.30,925.00,24.13,17,0,0,0.50,0.50,0.50,28.10,17,17,0,0.12,0.10,0.20,28.91,17,17,0,1.09,1.00,1.10,28.50,17,17,0,0.25,0.20,0.30,28.18,17,17,0
1438785,0.37,0.30,0.40,28.83,17,17,0,-0.04,-0.10,0.10,28.36,17,17,0,911.84,904.20,919.90,24.12,17,0,0,0.50,0.50,0.50,28.08,17,17,0,0.10,0.10,0.10,28.90,17,17,0,1.09,1.00,1.10,28.49,17,17,0,0.24,0.20,0.30,28.16,17,17,0
1439285,0.36,0.30,0.40,28.86,17,17,0,-0.01,-0.10,0.10,28.38,17,17,0,918.18,908.50,925.10,24.11,17,0,0,0.51,0.50,0.60,28.09,17,17,0,0.10,0.10,0.10,28.90,17,17,0,1.10,1.10,1.10,28.51,17,17,0,0.23,0.20,0.30,28.18,17,17,0
1439785,0.38,0.30,0.40,28.83,17,17,0,-0.01,-0.10,0.10,28.38,17,17,0,935.55,923.40,947.30,24.10,17,0,0,0.50,0.50,0.50,28.09,17,17,0,0.11,0.10,0.20,28.91,17,17,0,1.08,1.00,1.10,28.50,17,17,0,0.24,0.20,0.30,28.18,17,17,0
1440285,0.38,0.30,0.40,28.84,17,17,0,-0.02,-0.10,0.10,28.36,17,17,0,938.50,932.60,943.90,24.10,17,0,0,0.50,0.50,0.50,28.11,17,17,0,0.11,0.00,0.20,28.92,17,17,0,1.08,1.00,1.10,28.49,17,17,0,0.23,0.20,0.30,28.18,17,17,0
1440785,0.36,0.30,0.40,28.83,17,17,0,-0.02,-0.10,0.00,28.36,17,17,0,932.85,927.50,938.60,24.09,17,0,0,0.51,0.50,0.60,28.08,17,17,0,0.09,0.00,0.10,28.93,17,17,0,1.09,1.00,1.10,28.50,17,17,0,0.25,0.20,0.30,28.19,17,17,0
1441297,0.35,0.30,0.40,28.85,18,18,0,-0.02,-0.10,0.10,28.36,18,18,0,937.68,932.60,943.90,24.09,18,0,0,0.50,0.50,0.50,28.08,18,18,0,0.11,0.10,0.20,28.90,18,18,0,1.09,1.00,1.10,28.50,18,18,0,0.22,0.20,0.30,28.18,18,18,0
1441797,0.38,0.30,0.40,28.84,17,17,0,-0.01,-0.10,0.00,28.36,17,17,0,949.36,944.50,953.30,24.08,17,0,0,0.50,0.50,0.50,28.09,17,17,0,0.10,0.10,0.10,28.90,17,17,0,1.09,1.00,1.10,28.49,17,17,0,0.22,0.20,0.30,28.18,17,17,0
1442297,0.38,0.30,0.40,28.86,17,17,0,-0.01,-0.10,0.10,28.37,17,17,0,939.34,932.40,948.20,24.08,17,0,0,0.50,0.50,0.50,28.09,17,17,0,0.09,0.00,0.10,28.90,17,17,0,1.09,1.00,1.10,28.50,17,17,0,0.22,0.20,0.30,28.17,17,17,0
1442797,0.38,0.30,0.40,28.85,17,17,0,-0.03,-0.10,0.10,28.37,17,17,0,939.92,935.00,949.00,24.10,17,0,0,0.51,0.50,0.60,28.12,17,17,0,0.12,0.10,0.20,28.91,17,17,0,1.11,1.10,1.20,28.51,17,17,0,0.24,0.20,0.30,28.17,17,17,0
1443297,0.35,0.30,0.40,28.86,17,17,0,-0.02,-0.10,0.10,28.38,17,17,0,950.78,943.20,960.00,24.08,17,0,0,0.50,0.50,0.50,28.10,17,17,0,0.13,0.00,0.20,28.89,17,17,0,1.10,1.10,1.10,28.50,17,17,0,0.24,0.20,0.30,28.20,17,17,0
1443797,0.38,0.30,0.40,28.85,17,17,0,-0.03,-0.10,0.10,28.38,17,17,0,953.33,946.60,960.10,24.07,17,0,0,0.51,0.50,0.60,28.11,17,17,0,0.12,0.10,0.20,28.91,17,17,0,1.09,1.00,1.10,28.50,17,17,0,0.23,0.20,0.30,28.20,17,17,0
1444297,0.38,0.30,0.40,28.85,17,17,0,-0.02,-0.10,0.00,28.39,17,17,0,938.58,931.30,943.20,24.08,17,0,0,0.50,0.50,0.50,28.08,17,17,0,0.12,0.10,0.20,28.91,17,17,0,1.09,1.00,1.10,28.50,17,17,0,0.24,0.20,0.30,28.19,17,17,0
1444797,0.39,0.30,0.40,28.86,17,17,0,-0.02,-0.10,0.10,28.38,17,17,0,941.86,938.40,946.20,24.09,17,0,0,0.51,0.50,0.60,28.08,17,17,0,0.11,0.10,0.20,28.91,17,17,0,1.09,1.00,1.10,28.50,17,17,0,0.22,0.20,0.30,28.18,17,17,0
1445297,0.38,0.30,0.40,28.84,17,17,0,-0.03,-0.10,0.00,28.37,17,17,0,952.19,947.00,956.80,24.08,17,0,0,0.50,0.50,0.50,28.09,17,17,0,0.11,0.10,0.20,28.91,17,17,0,1.09,1.00,1.10,28.51,17,17,0,0.24,0.20,0.30,28.19,17,17,0
1445797,0.36,0.30,0.40,28.85,17,17,0,-0.01,-0.10,0.10,28.37,17,17,0,936.67,926.40,946.10,24.08,17,0,0,0.50,0.50,0.50,28.10,17,17,0,0.11,0.10,0.20,28.91,17,17,0,1.09,1.00,1.10,28.51,17,17,0,0.21,0.20,0.30,28.16,17,17,0
1446297,0.38,0.30,0.40,28.85,17,17,0,-0.02,-0.10,0.10,28.38,17,17,0,927.99,918.40,937.90,24.07,17,0,0,0.50,0.50,0.50,28.10,17,17,0,0.11,0.10,0.20,28.91,17,17,0,1.09,1.00,1.10,28.51,17,17,0,0.25,0.20,0.30,28.18,17,17,0
1446797,0.37,0.30,0.40,28.86,17,17,0,-0.02,-0.10,0.10,28.38,17,17,0,938.44,931.00,947.10,24.06,17,0,0,0.51,0.50,0.60,28.09,17,17,0,0.11,0.10,0.20,28.93,17,17,0,1.10,1.10,1.10,28.50,17,17,0,0.21,0.20,0.30,28.19,17,17,0
1447297,0.38,0.30,0.40,28.84,17,17,0,-0.02,-0.10,0.00,28.38,17,17,0,935.85,918.40,949.70,24.06,17,0,0,0.51,0.50,0.60,28.08,17,17,0,0.11,0.10,0.20,28.92,17,17,0,1.09,1.00,1.10,28.51,17,17,0,0.22,0.20,0.30,28.17,17,17,0
1447797,0.36,0.30,0.40,28.84,17,17,0,-0.02,-0.10,0.10,28.39,17,17,0,917.66,912.80,925.50,24.08,17,0,0,0.50,0.50,0.50,28.10,17,17,0,0.09,0.00,0.10,28.90,17,17,0,1.10,1.10,1.10,28.50,17,17,0,0.21,0.20,0.30,28.19,17,17,0
1448297,0.38,0.30,0.40,28.84,17,17,0,-0.02,-0.10,0.10,28.38,17,17,0,917.13,907.90,923.60,24.08,17,0,0,0.50,0.50,0.50,28.10,17,17,0,0.11,0.10,0.20,28.92,17,17,0,1.08,1.00,1.10,28.51,17,17,0,0.25,0.20,0.30,28.18,17,17,0
1448797,0.37,0.30,0.40,28.86,17,17,0,-0.01,-0.10,0.10,28.38,17,17,0,929.61,923.40,935.60,24.06,17,0,0,0.51,0.50,0.60,28.09,17,17,0,0.10,0.10,0.10,28.91,17,17,0,1.09,1.00,1.10,28.49,17,17,0,0.25,0.20,0.30,28.18,17,17,0
1449297,0.38,0.30,0.40,28.84,17,17,0,-0.04,-0.10,0.00,28.37,17,17,0,915.44,905.80,925.40,24.05,17,0,0,0.51,0.50,0.60,28.10,17,17,0,0.12,0.10,0.20,28.92,17,17,0,1.09,1.00,1.10,28.51,17,17,0,0.24,0.20,0.30,28.18,17,17,0
1449797,0.38,0.30,0.40,28.86,17,17,0,-0.01,-0.10,0.10,28.36,17,17,0,907.02,899.30,911.80,24.07,17,0,0,0.50,0.50,0.50,28.11,17,17,0,0.11,0.10,0.20,28.92,17,17,0,1.08,1.00,1.10,28.51,17,17,0,0.25,0.20,0.30,28.19,17,17,0
1450297,0.38,0.30,0.40,28.86,16,16,0,-0.03,-0.10,0.00,28.37,16,16,0,914.03,905.60,924.20,24.08,16,0,0,0.50,0.50,0.50,28.08,16,16,0,0.11,0.10,0.20,28.91,16,16,0,1.09,1.00,1.10,28.49,16,16,0,0.24,0.20,0.30,28.18,16,16,0
1450797,0.39,0.30,0.40,28.84,17,17,0,-0.04,-0.10,0.00,28.39,17,17,0,911.62,904.00,921.00,24.06,17,0,0,0.50,0.50,0.50,28.10,17,17,0,0.12,0.10,0.20,28.94,17,17,0,1.09,1.00,1.10,28.51,17,17,0,0.24,0.20,0.30,28.18,17,17,0
1451297,0.36,0.30,0.40,28.85,17,17,0,-0.02,-0.10,0.10,28.39,17,17,0,898.12,892.00,904.20,24.06,17,0,0,0.51,0.50,0.60,28.09,17,17,0,0.10,0.10,0.10,28.93,17,17,0,1.07,1.00,1.10,28.51,17,17,0,0.26,0.20,0.30,28.20,17,17,0
1451797,0.37,0.30,0.40,28.85,17,17,0,-0.02,-0.10,0.00,28.37,17,17,0,896.89,889.10,904.20,24.07,17,0,0,0.50,0.50,0.50,28.10,17,17,0,0.10,0.10,0.10,28.92,17,17,0,1.09,1.00,1.10,28.51,17,17,0,0.22,0.20,0.30,28.19,17,17,0
1452298,0.38,0.30,0.40,28.84,17,17,0,-0.02,-0.10,0.10,28.39,17,17,0,904.19,898.40,911.40,24.05,17,0,0,0.50,0.50,0.50,28.09,17,17,0,0.11,0.10,0.20,28.91,17,17,0,1.09,1.00,1.10,28.50,17,17,0,0.25,0.20,0.30,28.20,17,17,0
1452798,0.36,0.30,0.40,28.84,17,17,0,-0.02,-0.10,0.10,28.38,17,17,0,890.26,882.20,899.80,24.06,17,0,0,0.50,0.50,0.50,28.09,17,17,0,0.10,0.10,0.10,28.92,17,17,0,1.09,1.00,1.10,28.50,17,17,0,0.25,0.20,0.30,28.21,17,17,0
1453298,0.36,0.30,0.40,28.85,17,17,0,-0.03,-0.10,0.10,28.38,17,17,0,879.16,874.70,884.10,24.07,17,0,0,0.50,0.50,0.50,28.10,17,17,0,0.09,0.00,0.10,28.93,17,17,0,1.07,1.00,1.10,28.50,17,17,0,0.25,0.20,0.30,28.21,17,17,0
1453798,0.36,0.30,0.40,28.84,17,17,0,-0.01,-0.10,0.10,28.38,17,17,0,894.17,884.00,907.60,24.06,17,0,0,0.50,0.50,0.50,28.09,17,17,0,0.10,0.00,0.20,28.91,17,17,0,1.09,1.00,1.10,28.50,17,17,0,0.24,0.20,0.30,28.19,17,17,0
1454298,0.36,0.30,0.40,28.87,17,17,0,-0.02,-0.10,0.10,28.37,17,17,0,898.78,885.80,907.30,24.06,17,0,0,0.51,0.50,0.60,28.09,17,17,0,0.11,0.00,0.20,28.92,17,17,0,1.08,1.00,1.10,28.51,17,17,0,0.25,0.20,0.30,28.18,17,17,0
1454798,0.36,0.30,0.40,28.85,17,17,0,0.00,-0.10,0.10,28.36,17,17,0,882.15,873.20,890.10,24.07,17,0,0,0.50,0.50,0.50,28.10,17,17,0,0.10,0.10,0.10,28.92,17,17,0,1.09,1.00,1.10,28.51,17,17,0,0.24,0.20,0.30,28.18,17,17,0
1455298,0.38,0.30,0.40,28.85,17,17,0,-0.02,-0.10,0.00,28.37,17,17,0,887.80,880.20,894.70,24.06,17,0,0,0.50,0.50,0.50,28.10,17,17,0,0.11,0.10,0.20,28.92,17,17,0,1.09,1.00,1.10,28.50,17,17,0,0.25,0.20,0.30,28.18,17,17,0
1455806,0.38,0.30,0.40,28.85,17,17,0,-0.02,-0.10,0.00,28.36,17,17,0,898.32,893.60,907.40,24.06,17,0,0,0.51,0.50,0.60,28.11,17,17,0,0.10,0.10,0.10,28.93,17,17,0,1.10,1.10,1.10,28.52,17,17,0,0.25,0.20,0.30,28.19,17,17,0
1456318,0.36,0.30,0.40,28.86,18,18,0,0.02,-0.10,0.10,28.38,18,18,0,886.84,879.00,896.80,24.05,18,0,0,0.50,0.50,0.50,28.10,18,18,0,0.11,0.10,0.20,28.92,18,18,0,1.10,1.10,1.10,28.53,18,18,0,0.24,0.20,0.30,28.20,18,18,0
1456825,0.36,0.30,0.40,28.85,17,17,0,-0.03,-0.10,0.10,28.39,17,17,0,880.37,876.40,885.60,24.06,17,0,0,0.51,0.50,0.60,28.10,17,17,0,0.10,0.10,0.10,28.91,17,17,0,1.09,1.00,1.10,28.50,17,17,0,0.23,0.20,0.30,28.18,17,17,0
1457326,0.36,0.30,0.40,28.84,17,17,0,-0.02,-0.10,0.10,28.38,17,17,0,891.10,885.00,900.50,24.08,17,0,0,0.50,0.50,0.50,28.10,17,17,0,0.11,0.10,0.20,28.92,17,17,0,1.07,1.00,1.10,28.51,17,17,0,0.24,0.20,0.30,28.16,17,17,0
1457826,0.38,0.30,0.40,28.85,17,17,0,-0.01,-0.10,0.10,28.37,17,17,0,890.58,874.00,904.10,24.06,17,0,0,0.50,0.50,0.50,28.07,17,17,0,0.10,0.10,0.10,28.94,17,17,0,1.09,1.00,1.10,28.51,17,17,0,0.24,0.20,0.30,28.18,17,17,0
1458326,0.38,0.30,0.40,28.87,17,17,0,-0.02,-0.10,0.00,28.38,17,17,0,872.60,865.10,883.00,24.07,17,0,0,0.50,0.50,0.50,28.10,17,17,0,0.10,0.10,0.10,28.93,17,17,0,1.07,1.00,1.10,28.53,17,17,0,0.26,0.20,0.30,28.20,17,17,0
1458826,0.38,0.30,0.40,28.85,17,17,0,-0.02,-0.10,0.10,28.38,17,17,0,879.65,868.90,890.80,24.06,17,0,0,0.49,0.40,0.50,28.12,17,17,0,0.11,0.10,0.20,28.93,17,17,0,1.10,1.10,1.10,28.52,17,17,0,0.26,0.20,0.30,28.18,17,17,0
1459326,0.38,0.30,0.40,28.85,17,17,0,-0.02,-0.10,0.10,28.36,17,17,0,898.05,888.50,905.70,24.06,17,0,0,0.51,0.50,0.60,28.13,17,17,0,0.10,0.10,0.10,28.92,17,17,0,1.10,1.10,1.10,28.53,17,17,0,0.24,0.20,0.30,28.18,17,17,0
1459826,0.37,0.30,0.40,28.85,17,17,0,-0.01,-0.10,0.00,28.39,17,17,0,883.31,873.10,897.50,24.06,17,0,0,0.51,0.50,0.60,28.10,17,17,0,0.11,0.10,0.20,28.93,17,17,0,1.10,1.10,1.10,28.50,17,17,0,0.24,0.20,0.30,28.19,17,17,0
1460326,0.38,0.30,0.40,28.87,17,17,0,-0.02,-0.10,0.00,28.38,17,17,0,877.60,873.70,882.00,24.06,17,0,0,0.50,0.50,0.50,28.09,17,17,0,0.12,0.10,0.20,28.94,17,17,0,1.08,1.00,1.10,28.51,17,17,0,0.25,0.20,0.30,28.19,17,17,0
1460826,0.39,0.30,0.40,28.87,17,17,0,-0.03,-0.10,0.10,28.37,17,17,0,891.02,883.00,898.40,24.07,17,0,0,0.50,0.50,0.50,28.08,17,17,0,0.11,0.10,0.20,28.94,17,17,0,1.09,1.00,1.10,28.51,17,17,0,0.23,0.20,0.30,28.19,17,17,0
1461326,0.39,0.30,0.40,28.86,17,17,0,-0.02,-0.10,0.10,28.38,17,17,0,890.25,877.20,898.80,24.06,17,0,0,0.50,0.50,0.50,28.10,17,17,0,0.10,0.10,0.10,28.91,17,17,0,1.09,1.00,1.10,28.52,17,17,0,0.24,0.20,0.30,28.19,17,17,0
1461826,0.38,0.30,0.40,28.86,17,17,0,0.01,-0.10,0.10,28.40,17,17,0,872.14,866.90,877.20,24.06,17,0,0,0.50,0.50,0.50,28.10,17,17,0,0.12,0.10,0.20,28.93,17,17,0,1.09,1.00,1.10,28.51,17,17,0,0.25,0.20,0.30,28.18,17,17,0
1462326,0.36,0.30,0.40,28.85,17,17,0,0.01,0.00,0.10,28.39,17,17,0,876.02,868.60,887.10,24.06,17,0,0,0.49,0.40,0.50,28.09,17,17,0,0.10,0.10,0.10,28.93,17,17,0,1.09,1.00,1.10,28.50,17,17,0,0.26,0.20,0.30,28.18,17,17,0
1462827,0.37,0.30,0.40,28.86,17,17,0,-0.01,-0.10,0.10,28.40,17,17,0,898.17,887.70,907.90,24.06,17,0,0,0.51,0.50,0.60,28.09,17,17,0,0.10,0.10,0.10,28.93,17,17,0,1.08,1.00,1.10,28.52,17,17,0,0.25,0.20,0.30,28.19,17,17,0
1463327,0.36,0.30,0.40,28.86,17,17,0,-0.04,-0.10,0.10,28.39,17,17,0,886.41,875.50,902.30,24.06,17,0,0,0.49,0.40,0.50,28.10,17,17,0,0.11,0.10,0.20,28.92,17,17,0,1.09,1.00,1.10,28.51,17,17,0,0.25,0.20,0.30,28.19,17,17,0
1463827,0.36,0.30,0.40,28.87,17,17,0,-0.02,-0.10,0.10,28.40,17,17,0,872.79,867.20,877.80,24.04,17,0,0,0.50,0.50,0.50,28.11,17,17,0,0.09,0.00,0.10,28.94,17,17,0,1.10,1.10,1.10,28.52,17,17,0,0.22,0.20,0.30,28.19,17,17,0
1464327,0.38,0.30,0.40,28.85,17,17,0,-0.02,-0.10,0.10,28.39,17,17,0,886.02,873.90,895.30,24.07,17,0,0,0.50,0.50,0.50,28.11,17,17,0,0.10,0.10,0.10,28.94,17,17,0,1.08,1.00,1.10,28.50,17,17,0,0.24,0.20,0.30,28.19,17,17,0
1464827,0.38,0.30,0.40,28.86,17,17,0,-0.03,-0.10,0.00,28.38,17,17,0,899.60,891.20,905.10,24.06,17,0,0,0.49,0.40,0.50,28.11,17,17,0,0.11,0.10,0.20,28.92,17,17,0,1.09,1.00,1.10,28.52,17,17,0,0.26,0.20,0.30,28.19,17,17,0
1465328,0.38,0.30,0.40,28.84,17,17,0,-0.02,-0.10,0.10,28.40,17,17,0,878.73,871.20,884.90,24.05,17,0,0,0.50,0.50,0.50,28.10,17,17,0,0.11,0.10,0.20,28.93,17,17,0,1.09,1.00,1.10,28.50,17,17,0,0.24,0.20,0.30,28.19,17,17,0
1465828,0.37,0.30,0.40,28.85,17,17,0,-0.01,-0.10,0.10,28.38,17,17,0,881.41,876.10,887.30,24.05,17,0,0,0.50,0.50,0.50,28.10,17,17,0,0.11,0.10,0.20,28.94,17,17,0,1.08,1.00,1.10,28.53,17,17,0,0.24,0.20,0.30,28.19,17,17,0
1466328,0.37,0.30,0.40,28.88,17,17,0,-0.02,-0.10,0.10,28.39,17,17,0,897.44,888.10,904.80,24.07,17,0,0,0.50,0.50,0.50,28.10,17,17,0,0.12,0.10,0.20,28.93,17,17,0,1.10,1.10,1.10,28.52,17,17,0,0.26,0.20,0.30,28.20,17,17,0
1466828,0.38,0.30,0.40,28.86,17,17,0,-0.02,-0.10,0.10,28.38,17,17,0,887.77,875.40,902.10,24.04,17,0,0,0.50,0.50,0.50,28.10,17,17,0,0.11,0.10,0.20,28.96,17,17,0,1.09,1.00,1.10,28.51,17,17,0,0.26,0.20,0.30,28.18,17,17,0
1467328,0.38,0.30,0.40,28.87,17,17,0,-0.04,-0.10,0.10,28.38,17,17,0,874.74,870.90,879.60,24.06,17,0,0,0.50,0.50,0.50,28.10,17,17,0,0.11,0.10,0.20,28.94,17,17,0,1.09,1.00,1.10,28.54,17,17,0,0.24,0.20,0.30,28.20,17,17,0
1467828,0.39,0.30,0.40,28.86,17,17,0,-0.02,-0.10,0.10,28.38,17,17,0,885.52,878.00,892.90,24.04,17,0,0,0.50,0.50,0.50,28.12,17,17,0,0.11,0.10,0.20,28.93,17,17,0,1.09,1.00,1.10,28.51,17,17,0,0.24,0.20,0.30,28.20,17,17,0
1468328,0.40,0.40,0.40,28.86,17,17,0,-0.02,-0.10,0.00,28.39,17,17,0,891.55,884.30,897.80,24.04,17,0,0,0.50,0.50,0.50,28.12,17,17,0,0.10,0.10,0.10,28.95,17,17,0,1.08,1.00,1.10,28.52,17,17,0,0.24,0.20,0.30,28.20,17,17,0
1468839,0.39,0.30,0.40,28.87,17,17,0,0.01,-0.10,0.10,28.39,17,17,0,876.07,870.30,880.70,24.03,17,0,0,0.50,0.50,0.50,28.10,17,17,0,0.11,0.10,0.20,28.93,17,17,0,1.09,1.00,1.10,28.50,17,17,0,0.24,0.20,0.30,28.19,17,17,0
1469339,0.39,0.30,0.40,28.86,17,17,0,-0.01,-0.10,0.10,28.38,17,17,0,880.78,869.80,888.60,24.05,17,0,0,0.50,0.50,0.50,28.10,17,17,0,0.11,0.10,0.20,28.94,17,17,0,1.10,1.10,1.10,28.53,17,17,0,0.24,0.20,0.30,28.21,17,17,0
1469839,0.38,0.30,0.40,28.86,16,16,0,-0.04,-0.10,0.00,28.39,16,16,0,896.98,888.10,902.50,24.05,16,0,0,0.50,0.50,0.50,28.11,16,16,0,0.11,0.10,0.20,28.94,16,16,0,1.09,1.00,1.10,28.53,16,16,0,0.24,0.20,0.30,28.19,16,16,0
1470339,0.39,0.30,0.40,28.85,17,17,0,-0.01,-0.10,0.00,28.39,17,17,0,891.02,882.00,899.70,24.06,17,0,0,0.51,0.50,0.60,28.12,17,17,0,0.10,0.00,0.20,28.94,17,17,0,1.08,1.00,1.10,28.51,17,17,0,0.24,0.20,0.30,28.20,17,17,0
1470839,0.38,0.30,0.40,28.86,17,17,0,-0.05,-0.10,0.00,28.39,17,17,0,885.15,877.60,892.40,24.04,17,0,0,0.50,0.50,0.50,28.10,17,17,0,0.12,0.10,0.20,28.93,17,17,0,1.09,1.00,1.10,28.52,17,17,0,0.22,0.20,0.30,28.19,17,17,0
1471340,0.38,0.30,0.40,28.87,17,17,0,-0.02,-0.10,0.10,28.39,17,17,0,896.59,889.90,904.30,24.05,17,0,0,0.50,0.50,0.50,28.12,17,17,0,0.10,0.10,0.10,28.94,17,17,0,1.08,1.00,1.10,28.53,17,17,0,0.22,0.20,0.30,28.19,17,17,0
1471840,0.39,0.30,0.40,28.87,17,17,0,-0.02,-0.10,0.10,28.38,17,17,0,901.84,895.50,906.10,24.05,17,0,0,0.51,0.50,0.60,28.12,17,17,0,0.10,0.10,0.10,28.94,17,17,0,1.08,1.00,1.10,28.52,17,17,0,0.21,0.20,0.30,28.18,17,17,0
1472340,0.36,0.30,0.40,28.86,17,17,0,-0.02,-0.10,0.10,28.38,17,17,0,896.39,893.70,901.10,24.05,17,0,0,0.51,0.50,0.60,28.11,17,17,0,0.12,0.10,0.20,28.93,17,17,0,1.09,1.00,1.10,28.51,17,17,0,0.24,0.20,0.30,28.20,17,17,0
1472840,0.36,0.30,0.40,28.85,17,17,0,-0.04,-0.10,0.10,28.40,17,17,0,903.73,896.40,909.90,24.05,17,0,0,0.50,0.50,0.50,28.13,17,17,0,0.10,0.10,0.10,28.93,17,17,0,1.09,1.00,1.10,28.53,17,17,0,0.24,0.20,0.30,28.19,17,17,0
1473340,0.38,0.30,0.40,28.86,17,17,0,-0.02,-0.10,0.10,28.39,17,17,0,918.80,908.90,926.30,24.04,17,0,0,0.50,0.50,0.50,28.12,17,17,0,0.11,0.10,0.20,28.94,17,17,0,1.09,1.00,1.10,28.52,17,17,0,0.24,0.20,0.30,28.19,17,17,0
1473840,0.38,0.30,0.40,28.88,17,17,0,-0.01,-0.10,0.10,28.37,17,17,0,916.10,909.80,925.10,24.03,17,0,0,0.50,0.50,0.50,28.09,17,17,0,0.11,0.10,0.20,28.94,17,17,0,1.09,1.00,1.10,28.52,17,17,0,0.24,0.20,0.30,28.19,17,17,0
1474340,0.39,0.30,0.40,28.87,17,17,0,-0.01,-0.10,0.10,28.38,17,17,0,912.45,904.10,918.20,24.02,17,0,0,0.50,0.50,0.50,28.11,17,17,0,0.11,0.10,0.20,28.95,17,17,0,1.09,1.00,1.10,28.53,17,17,0,0.22,0.20,0.30,28.21,17,17,0
1474840,0.36,0.30,0.40,28.87,17,17,0,0.01,0.00,0.10,28.39,17,17,0,924.79,919.30,931.50,24.03,17,0,0,0.50,0.50,0.50,28.10,17,17,0,0.10,0.00,0.20,28.94,17,17,0,1.08,1.00,1.10,28.52,17,17,0,0.25,0.20,0.30,28.20,17,17,0
1475340,0.38,0.30,0.40,28.86,17,17,0,0.00,-0.10,0.10,28.38,17,17,0,936.21,930.60,942.40,24.04,17,0,0,0.50,0.50,0.50,28.09,17,17,0,0.11,0.10,0.20,28.93,17,17,0,1.09,1.00,1.10,28.53,17,17,0,0.24,0.20,0.30,28.20,17,17,0
1475840,0.36,0.30,0.40,28.87,17,17,0,-0.01,-0.10,0.10,28.38,17,17,0,929.07,922.60,935.70,24.04,17,0,0,0.50,0.50,0.50,28.11,17,17,0,0.10,0.10,0.10,28.94,17,17,0,1.09,1.00,1.10,28.52,17,17,0,0.24,0.20,0.30,28.21,17,17,0
1476340,0.38,0.30,0.40,28.88,17,17,0,0.00,-0.10,0.10,28.40,17,17,0,932.17,921.50,940.00,24.02,17,0,0,0.50,0.50,0.50,28.10,17,17,0,0.10,0.00,0.20,28.93,17,17,0,1.09,1.00,1.10,28.53,17,17,0,0.24,0.20,0.30,28.21,17,17,0
1476844,0.38,0.30,0.40,28.88,17,17,0,-0.04,-0.10,0.00,28.37,17,17,0,946.18,935.80,955.60,24.03,17,0,0,0.50,0.50,0.50,28.13,17,17,0,0.11,0.10,0.20,28.94,17,17,0,1.08,1.00,1.10,28.53,17,17,0,0.23,0.20,0.30,28.21,17,17,0
1477344,0.35,0.30,0.40,28.87,17,17,0,-0.01,-0.10,0.10,28.39,17,17,0,941.87,929.70,951.20,24.02,17,0,0,0.50,0.50,0.50,28.10,17,17,0,0.10,0.10,0.10,28.94,17,17,0,1.09,1.00,1.10,28.52,17,17,0,0.23,0.20,0.30,28.20,17,17,0
1477844,0.38,0.30,0.40,28.87,17,17,0,0.01,-0.10,0.10,28.40,17,17,0,929.72,926.00,933.10,24.04,17,0,0,0.50,0.50,0.50,28.13,17,17,0,0.10,0.10,0.10,28.94,17,17,0,1.08,1.00,1.10,28.52,17,17,0,0.21,0.20,0.30,28.21,17,17,0
1478344,0.39,0.30,0.40,28.88,17,17,0,-0.02,-0.10,0.00,28.38,17,17,0,937.29,931.40,945.50,24.03,17,0,0,0.49,0.40,0.50,28.12,17,17,0,0.09,0.00,0.10,28.94,17,17,0,1.09,1.00,1.10,28.53,17,17,0,0.25,0.20,0.30,28.20,17,17,0
1478848,0.36,0.30,0.40,28.88,17,17,0,-0.02,-0.10,0.00,28.39,17,17,0,950.37,944.40,955.20,24.03,17,0,0,0.51,0.50,0.60,28.11,17,17,0,0.11,0.10,0.20,28.94,17,17,0,1.09,1.00,1.10,28.52,17,17,0,0.25,0.20,0.30,28.19,17,17,0
1479349,0.39,0.30,0.40,28.85,17,17,0,-0.01,-0.10,0.10,28.40,17,17,0,933.45,926.90,942.40,24.03,17,0,0,0.50,0.50,0.50,28.12,17,17,0,0.11,0.10,0.20,28.94,17,17,0,1.10,1.10,1.10,28.51,17,17,0,0.24,0.20,0.30,28.21,17,17,0
1479849,0.36,0.30,0.40,28.88,17,17,0,0.01,-0.10,0.10,28.39,17,17,0,931.70,925.00,938.40,24.03,17,0,0,0.51,0.50,0.60,28.12,17,17,0,0.11,0.10,0.20,28.95,17,17,0,1.09,1.00,1.10,28.53,17,17,0,0.22,0.20,0.30,28.20,17,17,0
1480350,0.38,0.30,0.40,28.88,17,17,0,-0.04,-0.10,0.10,28.38,17,17,0,946.00,937.20,957.40,24.03,17,0,0,0.50,0.50,0.50,28.10,17,17,0,0.09,0.00,0.10,28.94,17,17,0,1.08,1.00,1.10,28.54,17,17,0,0.22,0.20,0.30,28.19,17,17,0
1480850,0.38,0.30,0.40,28.87,17,17,0,0.00,-0.10,0.10,28.37,17,17,0,938.62,925.70,954.20,24.02,17,0,0,0.50,0.50,0.50,28.12,17,17,0,0.09,0.00,0.20,28.94,17,17,0,1.08,1.00,1.10,28.54,17,17,0,0.22,0.20,0.30,28.20,17,17,0
1481350,0.38,0.30,0.40,28.88,17,17,0,0.00,0.00,0.00,28.40,17,17,0,920.02,913.20,926.20,24.04,17,0,0,0.51,0.50,0.60,28.11,17,17,0,0.10,0.00,0.20,28.94,17,17,0,1.08,1.00,1.10,28.54,17,17,0,0.24,0.20,0.30,28.19,17,17,0
1481850,0.38,0.30,0.40,28.87,17,17,0,-0.02,-0.10,0.10,28.38,17,17,0,925.72,918.50,933.20,24.03,17,0,0,0.51,0.50,0.60,28.10,17,17,0,0.10,0.10,0.10,28.95,17,17,0,1.09,1.00,1.10,28.54,17,17,0,0.24,0.20,0.30,28.20,17,17,0
1482350,0.38,0.30,0.40,28.87,17,17,0,-0.01,-0.10,0.10,28.38,17,17,0,938.68,931.60,943.90,24.02,17,0,0,0.50,0.50,0.50,28.11,17,17,0,0.11,0.10,0.20,28.95,17,17,0,1.09,1.00,1.10,28.52,17,17,0,0.25,0.20,0.30,28.19,17,17,0
1482850,0.39,0.30,0.40,28.88,17,17,0,-0.02,-0.10,0.10,28.38,17,17,0,918.55,908.80,931.70,24.04,17,0,0,0.50,0.50,0.50,28.13,17,17,0,0.10,0.00,0.20,28.95,17,17,0,1.09,1.00,1.10,28.54,17,17,0,0.22,0.20,0.30,28.20,17,17,0
1483350,0.38,0.30,0.40,28.87,17,17,0,0.00,-0.10,0.10,28.39,17,17,0,911.15,905.70,918.40,24.04,17,0,0,0.51,0.50,0.60,28.10,17,17,0,0.11,0.10,0.20,28.96,17,17,0,1.09,1.00,1.10,28.52,17,17,0,0.22,0.20,0.30,28.21,17,17,0
1483850,0.38,0.30,0.40,28.87,17,17,0,-0.02,-0.10,0.00,28.40,17,17,0,923.93,918.00,932.80,24.04,17,0,0,0.50,0.50,0.50,28.11,17,17,0,0.11,0.10,0.20,28.97,17,17,0,1.10,1.00,1.20,28.54,17,17,0,0.24,0.20,0.30,28.20,17,17,0
1484352,0.36,0.30,0.40,28.88,17,17,0,-0.02,-0.10,0.00,28.38,17,17,0,921.91,914.00,930.50,24.03,17,0,0,0.50,0.50,0.50,28.11,17,17,0,0.10,0.10,0.10,28.96,17,17,0,1.09,1.00,1.10,28.53,17,17,0,0.24,0.20,0.30,28.20,17,17,0
1484852,0.38,0.30,0.40,28.89,17,17,0,-0.03,-0.10,0.10,28.38,17,17,0,906.98,902.80,911.10,24.03,17,0,0,0.50,0.50,0.50,28.12,17,17,0,0.11,0.00,0.20,28.96,17,17,0,1.10,1.10,1.10,28.54,17,17,0,0.25,0.20,0.30,28.20,17,17,0
1485352,0.36,0.30,0.40,28.87,17,17,0,0.01,-0.10,0.10,28.39,17,17,0,910.41,907.40,913.50,24.04,17,0,0,0.50,0.50,0.50,28.11,17,17,0,0.10,0.10,0.10,28.95,17,17,0,1.07,1.00,1.10,28.55,17,17,0,0.25,0.20,0.30,28.20,17,17,0
1485852,0.38,0.30,0.40,28.88,17,17,0,-0.01,-0.10,0.10,28.39,17,17,0,915.23,909.30,921.60,24.04,17,0,0,0.50,0.50,0.50,28.12,17,17,0,0.11,0.10,0.20,28.95,17,17,0,1.09,1.00,1.10,28.55,17,17,0,0.21,0.20,0.30,28.20,17,17,0
1486354,0.38,0.30,0.40,28.88,17,17,0,0.01,-0.10,0.10,28.40,17,17,0,902.16,893.10,911.10,24.03,17,0,0,0.50,0.50,0.50,28.11,17,17,0,0.10,0.10,0.10,28.95,17,17,0,1.09,1.00,1.10,28.53,17,17,0,0.24,0.20,0.30,28.19,17,17,0
1486854,0.38,0.30,0.40,28.89,17,17,0,-0.02,-0.10,0.00,28.39,17,17,0,894.02,889.90,901.70,24.04,17,0,0,0.50,0.50,0.50,28.10,17,17,0,0.11,0.10,0.20,28.95,17,17,0,1.08,1.00,1.10,28.53,17,17,0,0.23,0.20,0.30,28.18,17,17,0
1487354,0.39,0.30,0.40,28.87,17,17,0,0.00,-0.10,0.10,28.40,17,17,0,900.82,892.20,909.20,24.04,17,0,0,0.51,0.50,0.60,28.11,17,17,0,0.10,0.10,0.10,28.94,17,17,0,1.07,1.00,1.10,28.53,17,17,0,0.24,0.20,0.30,28.20,17,17,0
1487854,0.39,0.30,0.40,28.87,16,16,0,-0.01,-0.10,0.10,28.39,16,16,0,900.27,893.00,905.40,24.02,16,0,0,0.50,0.50,0.50,28.10,16,16,0,0.09,0.00,0.10,28.94,16,16,0,1.08,1.00,1.10,28.55,16,16,0,0.23,0.20,0.30,28.21,16,16,0
1488354,0.39,0.30,0.40,28.86,17,17,0,-0.02,-0.10,0.10,28.40,17,17,0,884.79,878.60,891.90,24.04,17,0,0,0.50,0.40,0.60,28.10,17,17,0,0.12,0.10,0.20,28.95,17,17,0,1.08,1.00,1.10,28.52,17,17,0,0.22,0.20,0.30,28.20,17,17,0
1488854,0.36,0.30,0.40,28.87,17,17,0,0.00,-0.10,0.10,28.38,17,17,0,889.88,884.20,894.60,24.05,17,0,0,0.50,0.50,0.50,28.13,17,17,0,0.11,0.10,0.20,28.95,17,17,0,1.09,1.00,1.20,28.54,17,17,0,0.24,0.20,0.30,28.21,17,17,0
1489354,0.37,0.30,0.40,28.88,17,17,0,-0.01,-0.10,0.10,28.38,17,17,0,896.90,892.50,903.20,24.03,17,0,0,0.50,0.40,0.60,28.12,17,17,0,0.11,0.10,0.20,28.95,17,17,0,1.09,1.00,1.10,28.53,17,17,0,0.25,0.20,0.30,28.20,17,17,0
1489864,0.38,0.30,0.40,28.88,17,17,0,-0.01,-0.10,0.10,28.39,17,17,0,885.93,877.80,894.80,24.04,17,0,0,0.50,0.50,0.50,28.12,17,17,0,0.11,0.10,0.20,28.94,17,17,0,1.09,1.00,1.10,28.55,17,17,0,0.24,0.20,0.30,28.21,17,17,0
1490364,0.39,0.30,0.40,28.88,17,17,0,-0.01,-0.10,0.10,28.38,17,17,0,876.66,873.20,883.50,24.05,17,0,0,0.51,0.50,0.60,28.10,17,17,0,0.12,0.10,0.20,28.95,17,17,0,1.08,1.00,1.10,28.54,17,17,0,0.24,0.20,0.30,28.21,17,17,0
1490864,0.38,0.30,0.40,28.88,17,17,0,-0.03,-0.10,0.10,28.37,17,17,0,890.65,882.20,898.20,24.05,17,0,0,0.51,0.50,0.60,28.10,17,17,0,0.11,0.10,0.20,28.95,17,17,0,1.09,1.00,1.10,28.53,17,17,0,0.22,0.20,0.30,28.22,17,17,0
1491364,0.39,0.30,0.40,28.89,17,17,0,-0.02,-0.10,0.10,28.39,17,17,0,892.23,883.10,898.90,24.05,17,0,0,0.51,0.50,0.60,28.11,17,17,0,0.10,0.10,0.10,28.96,17,17,0,1.09,1.00,1.10,28.54,17,17,0,0.25,0.20,0.30,28.21,17,17,0
1491864,0.35,0.30,0.40,28.88,17,17,0,-0.01,-0.10,0.00,28.39,17,17,0,877.03,870.20,884.40,24.06,17,0,0,0.50,0.50,0.50,28.10,17,17,0,0.10,0.10,0.10,28.94,17,17,0,1.09,1.00,1.10,28.55,17,17,0,0.22,0.20,0.30,28.21,17,17,0
1492365,0.39,0.30,0.40,28.87,17,17,0,-0.01,-0.10,0.10,28.37,17,17,0,882.14,873.20,888.50,24.05,17,0,0,0.50,0.50,0.50,28.12,17,17,0,0.11,0.10,0.20,28.94,17,17,0,1.09,1.00,1.10,28.54,17,17,0,0.22,0.20,0.30,28.20,17,17,0
1492865,0.38,0.30,0.40,28.88,17,17,0,0.01,-0.10,0.10,28.39,17,17,0,898.91,890.20,903.70,24.04,17,0,0,0.50,0.50,0.50,28.12,17,17,0,0.09,0.00,0.10,28.97,17,17,0,1.09,1.00,1.10,28.53,17,17,0,0.25,0.20,0.30,28.20,17,17,0
1493373,0.38,0.30,0.40,28.88,17,17,0,-0.02,-0.10,0.10,28.38,17,17,0,883.13,873.00,894.40,24.05,17,0,0,0.52,0.50,0.60,28.12,17,17,0,0.11,0.10,0.20,28.95,17,17,0,1.08,1.00,1.10,28.55,17,17,0,0.23,0.20,0.30,28.19,17,17,0
1493877,0.39,0.30,0.40,28.89,17,17,0,0.01,-0.10,0.10,28.40,17,17,0,878.05,870.80,884.60,24.06,17,0,0,0.51,0.50,0.60,28.12,17,17,0,0.10,0.10,0.10,28.95,17,17,0,1.09,1.00,1.10,28.56,17,17,0,0.25,0.20,0.30,28.22,17,17,0
1494377,0.35,0.30,0.40,28.87,17,17,0,-0.02,-0.10,0.00,28.39,17,17,0,891.07,883.60,900.40,24.07,17,0,0,0.51,0.50,0.60,28.11,17,17,0,0.11,0.10,0.20,28.96,17,17,0,1.08,1.00,1.10,28.54,17,17,0,0.25,0.20,0.30,28.21,17,17,0
1494884,0.38,0.30,0.40,28.87,17,17,0,-0.02,-0.10,0.00,28.39,17,17,0,890.95,878.40,902.00,24.05,17,0,0,0.50,0.50,0.50,28.12,17,17,0,0.10,0.10,0.10,28.94,17,17,0,1.10,1.10,1.10,28.55,17,17,0,0.24,0.20,0.30,28.22,17,17,0
1495384,0.36,0.30,0.40,28.87,17,17,0,-0.01,-0.10,0.00,28.38,17,17,0,875.88,870.60,880.20,24.05,17,0,0,0.50,0.50,0.50,28.13,17,17,0,0.11,0.10,0.20,28.96,17,17,0,1.08,1.00,1.10,28.55,17,17,0,0.25,0.20,0.30,28.21,17,17,0
1495884,0.38,0.30,0.40,28.88,17,17,0,-0.02,-0.10,0.10,28.39,17,17,0,885.33,878.20,894.90,24.05,17,0,0,0.51,0.50,0.60,28.12,17,17,0,0.11,0.10,0.20,28.96,17,17,0,1.09,1.00,1.10,28.54,17,17,0,0.22,0.20,0.30,28.22,17,17,0
1496384,0.38,0.30,0.40,28.87,17,17,0,-0.01,-0.10,0.00,28.39,17,17,0,899.19,895.30,902.20,24.04,17,0,0,0.50,0.50,0.50,28.11,17,17,0,0.11,0.10,0.20,28.95,17,17,0,1.08,1.00,1.10,28.54,17,17,0,0.26,0.20,0.30,28.21,17,17,0
1496887,0.38,0.30,0.40,28.89,17,17,0,-0.02,-0.10,0.10,28.38,17,17,0,881.02,871.60,897.70,24.05,17,0,0,0.50,0.50,0.50,28.12,17,17,0,0.10,0.10,0.10,28.94,17,17,0,1.09,1.00,1.10,28.55,17,17,0,0.24,0.20,0.30,28.21,17,17,0
1497387,0.37,0.30,0.40,28.87,17,17,0,-0.02,-0.10,0.00,28.40,17,17,0,870.92,866.30,876.50,24.04,17,0,0,0.50,0.50,0.50,28.11,17,17,0,0.11,0.10,0.20,28.95,17,17,0,1.09,1.00,1.10,28.53,17,17,0,0.22,0.20,0.30,28.21,17,17,0
1497887,0.39,0.30,0.40,28.89,17,17,0,-0.03,-0.10,0.00,28.39,17,17,0,890.31,877.60,900.00,24.05,17,0,0,0.50,0.40,0.60,28.12,17,17,0,0.10,0.10,0.10,28.96,17,17,0,1.08,1.00,1.10,28.55,17,17,0,0.26,0.20,0.30,28.22,17,17,0
1498389,0.38,0.30,0.40,28.89,17,17,0,-0.04,-0.10,0.10,28.38,17,17,0,897.03,882.30,905.00,24.05,17,0,0,0.51,0.50,0.60,28.12,17,17,0,0.11,0.10,0.20,28.95,17,17,0,1.08,1.00,1.10,28.56,17,17,0,0.22,0.20,0.30,28.21,17,17,0
1498889,0.37,0.30,0.40,28.88,17,17,0,-0.02,-0.10,0.10,28.38,17,17,0,874.90,870.70,882.00,24.04,17,0,0,0.51,0.50,0.60,28.13,17,17,0,0.09,0.00,0.10,28.96,17,17,0,1.10,1.10,1.10,28.54,17,17,0,0.24,0.20,0.30,28.21,17,17,0
1499389,0.37,0.30,0.40,28.88,17,17,0,0.01,-0.10,0.10,28.39,17,17,0,874.78,865.70,888.20,24.05,17,0,0,0.51,0.50,0.60,28.12,17,17,0,0.10,0.10,0.10,28.94,17,17,0,1.08,1.00,1.10,28.56,17,17,0,0.25,0.20,0.30,28.21,17,17,0
1499889,0.36,0.30,0.40,28.87,17,17,0,-0.02,-0.10,0.10,28.41,17,17,0,895.98,888.40,908.20,24.04,17,0,0,0.51,0.50,0.60,28.12,17,17,0,0.10,0.10,0.10,28.95,17,17,0,1.09,1.00,1.10,28.56,17,17,0,0.24,0.20,0.30,28.20,17,17,0
1500392,0.37,0.30,0.40,28.90,17,17,0,-0.03,-0.10,0.10,28.39,17,17,0,885.01,872.70,899.40,24.03,17,0,0,0.50,0.50,0.50,28.12,17,17,0,0.10,0.10,0.10,28.95,17,17,0,1.08,1.00,1.10,28.56,17,17,0,0.22,0.20,0.30,28.21,17,17,0
1500892,0.38,0.30,0.40,28.90,17,17,0,0.01,-0.10,0.10,28.39,17,17,0,872.54,868.20,877.30,24.06,17,0,0,0.50,0.50,0.50,28.13,17,17,0,0.10,0.10,0.10,28.95,17,17,0,1.09,1.00,1.10,28.54,17,17,0,0.24,0.20,0.30,28.21,17,17,0
1501392,0.36,0.30,0.40,28.88,17,17,0,-0.02,-0.10,0.10,28.39,17,17,0,885.36,875.60,895.10,24.07,17,0,0,0.51,0.50,0.60,28.12,17,17,0,0.10,0.10,0.10,28.97,17,17,0,1.08,1.00,1.10,28.53,17,17,0,0.24,0.20,0.30,28.21,17,17,0
1501895,0.38,0.30,0.40,28.89,17,17,0,0.01,-0.10,0.10,28.39,17,17,0,892.51,879.20,899.10,24.05,17,0,0,0.50,0.50,0.50,28.13,17,17,0,0.10,0.10,0.10,28.95,17,17,0,1.08,1.00,1.10,28.54,17,17,0,0.23,0.20,0.30,28.20,17,17,0
1502395,0.39,0.30,0.40,28.88,17,17,0,-0.04,-0.10,0.10,28.39,17,17,0,873.72,870.20,878.40,24.06,17,0,0,0.50,0.50,0.50,28.12,17,17,0,0.10,0.10,0.10,28.96,17,17,0,1.09,1.00,1.10,28.55,17,17,0,0.24,0.20,0.30,28.20,17,17,0
1502896,0.36,0.30,0.40,28.89,17,17,0,-0.02,-0.10,0.00,28.40,17,17,0,874.06,867.80,882.90,24.05,17,0,0,0.50,0.50,0.50,28.13,17,17,0,0.11,0.00,0.20,28.94,17,17,0,1.10,1.10,1.10,28.53,17,17,0,0.25,0.20,0.30,28.22,17,17,0
1503396,0.38,0.30,0.40,28.88,17,17,0,-0.01,-0.10,0.10,28.40,17,17,0,895.92,884.40,904.90,24.06,17,0,0,0.51,0.50,0.60,28.13,17,17,0,0.11,0.10,0.20,28.97,17,17,0,1.09,1.00,1.10,28.54,17,17,0,0.24,0.20,0.30,28.21,17,17,0
1503900,0.37,0.30,0.40,28.88,17,17,0,-0.01,-0.10,0.10,28.39,17,17,0,887.92,871.10,898.10,24.05,17,0,0,0.50,0.50,0.50,28.14,17,17,0,0.11,0.10,0.20,28.97,17,17,0,1.10,1.10,1.10,28.56,17,17,0,0.22,0.20,0.30,28.22,17,17,0
1504400,0.38,0.30,0.40,28.88,17,17,0,-0.01,-0.10,0.10,28.39,17,17,0,881.84,858.30,903.80,24.05,17,0,0,0.50,0.50,0.50,28.12,17,17,0,0.09,0.00,0.10,28.95,17,17,0,1.09,1.00,1.10,28.55,17,17,0,0.23,0.20,0.30,28.21,17,17,0
1504900,0.36,0.30,0.40,28.89,17,17,0,0.00,-0.10,0.10,28.38,17,17,0,888.91,873.90,902.60,24.05,17,0,0,0.50,0.50,0.50,28.12,17,17,0,0.11,0.10,0.20,28.97,17,17,0,1.09,1.00,1.10,28.55,17,17,0,0.23,0.20,0.30,28.21,17,17,0
1505402,0.36,0.30,0.40,28.87,17,17,0,-0.01,-0.10,0.10,28.40,17,17,0,897.66,885.30,907.60,24.04,17,0,0,0.50,0.50,0.50,28.12,17,17,0,0.10,0.10,0.10,28.96,17,17,0,1.09,1.00,1.10,28.53,17,17,0,0.23,0.20,0.30,28.21,17,17,0
1505902,0.38,0.30,0.40,28.88,17,17,0,-0.04,-0.10,0.10,28.39,17,17,0,886.24,875.60,899.60,24.05,17,0,0,0.50,0.50,0.50,28.12,17,17,0,0.11,0.10,0.20,28.97,17,17,0,1.09,1.00,1.10,28.54,17,17,0,0.21,0.20,0.30,28.21,17,17,0
1506413,0.38,0.30,0.40,28.88,17,17,0,-0.01,-0.10,0.10,28.41,17,17,0,892.64,884.00,899.00,24.04,17,0,0,0.50,0.50,0.50,28.12,17,17,0,0.11,0.10,0.20,28.95,17,17,0,1.09,1.00,1.10,28.55,17,17,0,0.24,0.20,0.30,28.22,17,17,0
1506913,0.36,0.30,0.40,28.90,17,17,0,-0.02,-0.10,0.10,28.40,17,17,0,906.18,897.30,917.80,24.06,17,0,0,0.51,0.50,0.60,28.11,17,17,0,0.11,0.00,0.20,28.97,17,17,0,1.09,1.00,1.10,28.56,17,17,0,0.25,0.20,0.30,28.21,17,17,0
1507413,0.38,0.30,0.40,28.87,17,17,0,-0.01,-0.10,0.10,28.40,17,17,0,905.34,898.40,916.20,24.04,17,0,0,0.51,0.50,0.60,28.14,17,17,0,0.10,0.10,0.10,28.97,17,17,0,1.09,1.00,1.10,28.56,17,17,0,0.24,0.20,0.30,28.21,17,17,0
1507913,0.37,0.30,0.40,28.89,17,17,0,-0.01,-0.10,0.10,28.40,17,17,0,901.47,898.10,905.20,24.06,17,0,0,0.50,0.50,0.50,28.13,17,17,0,0.11,0.10,0.20,28.95,17,17,0,1.09,1.00,1.10,28.55,17,17,0,0.24,0.20,0.30,28.20,17,17,0
1508413,0.37,0.30,0.40,28.88,17,17,0,-0.01,-0.10,0.10,28.40,17,17,0,910.38,905.10,917.70,24.05,17,0,0,0.51,0.50,0.60,28.14,17,17,0,0.11,0.10,0.20,28.96,17,17,0,1.08,1.00,1.10,28.54,17,17,0,0.26,0.20,0.30,28.20,17,17,0
1508914,0.38,0.30,0.40,28.89,17,17,0,-0.02,-0.10,0.10,28.40,17,17,0,920.31,914.60,923.70,24.03,17,0,0,0.51,0.50,0.60,28.13,17,17,0,0.11,0.10,0.20,28.96,17,17,0,1.08,1.00,1.10,28.53,17,17,0,0.24,0.20,0.30,28.21,17,17,0
1509414,0.36,0.30,0.40,28.89,17,17,0,-0.01,-0.10,0.10,28.40,17,17,0,916.79,912.70,920.20,24.03,17,0,0,0.50,0.50,0.50,28.12,17,17,0,0.11,0.10,0.20,28.96,17,17,0,1.08,1.00,1.10,28.54,17,17,0,0.24,0.20,0.30,28.20,17,17,0
1509914,0.36,0.30,0.40,28.88,17,17,0,-0.01,-0.10,0.00,28.39,17,17,0,922.36,916.60,927.70,24.04,17,0,0,0.50,0.50,0.50,28.12,17,17,0,0.10,0.10,0.10,28.96,17,17,0,1.09,1.00,1.10,28.55,17,17,0,0.22,0.20,0.30,28.20,17,17,0
1510414,0.37,0.30,0.40,28.88,17,17,0,0.02,0.00,0.10,28.39,17,17,0,934.49,924.30,942.00,24.05,17,0,0,0.50,0.50,0.50,28.13,17,17,0,0.08,-0.10,0.10,28.95,17,17,0,1.09,1.00,1.10,28.54,17,17,0,0.24,0.20,0.30,28.22,17,17,0
1510915,0.38,0.30,0.40,28.89,17,17,0,-0.02,-0.10,0.10,28.40,17,17,0,932.21,924.00,940.40,24.04,17,0,0,0.51,0.50,0.60,28.13,17,17,0,0.10,0.10,0.10,28.96,17,17,0,1.09,1.00,1.10,28.55,17,17,0,0.24,0.20,0.30,28.22,17,17,0
1511415,0.34,0.30,0.40,28.87,17,17,0,0.01,-0.10,0.10,28.39,17,17,0,927.97,924.90,932.20,24.04,17,0,0,0.50,0.50,0.50,28.14,17,17,0,0.08,0.00,0.10,28.95,17,17,0,1.09,1.00,1.10,28.55,17,17,0,0.24,0.20,0.30,28.20,17,17,0
1511918,0.36,0.30,0.40,28.87,17,17,0,0.02,-0.10,0.10,28.40,17,17,0,935.11,929.20,944.00,24.05,17,0,0,0.51,0.50,0.60,28.13,17,17,0,0.11,0.10,0.20,28.95,17,17,0,1.08,1.00,1.10,28.54,17,17,0,0.26,0.20,0.30,28.22,17,17,0
1512425,0.38,0.30,0.40,28.88,17,17,0,-0.01,-0.10,0.10,28.41,17,17,0,947.99,943.50,952.80,24.04,17,0,0,0.50,0.50,0.50,28.11,17,17,0,0.10,0.10,0.10,28.96,17,17,0,1.09,1.00,1.10,28.54,17,17,0,0.22,0.20,0.30,28.21,17,17,0
1512929,0.39,0.30,0.40,28.87,17,17,0,0.00,-0.10,0.10,28.40,17,17,0,937.17,928.40,944.60,24.04,17,0,0,0.51,0.50,0.60,28.13,17,17,0,0.10,0.10,0.10,28.97,17,17,0,1.10,1.10,1.10,28.55,17,17,0,0.23,0.20,0.30,28.20,17,17,0
1513430,0.36,0.30,0.40,28.90,17,17,0,-0.02,-0.10,0.10,28.40,17,17,0,936.69,929.70,941.10,24.04,17,0,0,0.50,0.50,0.50,28.14,17,17,0,0.12,0.10,0.20,28.96,17,17,0,1.09,1.00,1.10,28.56,17,17,0,0.24,0.20,0.30,28.21,17,17,0
1513930,0.36,0.30,0.40,28.89,17,17,0,-0.01,-0.10,0.10,28.39,17,17,0,948.15,940.10,958.50,24.04,17,0,0,0.50,0.50,0.50,28.13,17,17,0,0.11,0.10,0.20,28.94,17,17,0,1.08,1.00,1.10,28.57,17,17,0,0.23,0.20,0.30,28.20,17,17,0
1514430,0.37,0.30,0.40,28.87,17,17,0,-0.01,-0.10,0.10,28.42,17,17,0,941.50,930.60,954.80,24.05,17,0,0,0.51,0.40,0.60,28.13,17,17,0,0.08,-0.10,0.10,28.97,17,17,0,1.08,1.00,1.10,28.55,17,17,0,0.24,0.20,0.30,28.21,17,17,0
1514930,0.35,0.30,0.40,28.89,17,17,0,-0.01,-0.10,0.10,28.41,17,17,0,927.73,917.70,935.30,24.04,17,0,0,0.50,0.50,0.50,28.12,17,17,0,0.10,0.10,0.10,28.97,17,17,0,1.09,1.00,1.10,28.55,17,17,0,0.24,0.20,0.30,28.20,17,17,0
1515430,0.39,0.30,0.40,28.88,17,17,0,0.00,-0.10,0.10,28.39,17,17,0,934.86,927.30,942.70,24.04,17,0,0,0.50,0.50,0.50,28.15,17,17,0,0.10,0.00,0.20,28.95,17,17,0,1.09,1.00,1.20,28.55,17,17,0,0.22,0.20,0.30,28.22,17,17,0
1515931,0.38,0.30,0.40,28.88,17,17,0,0.00,-0.10,0.10,28.40,17,17,0,942.66,929.40,951.50,24.03,17,0,0,0.50,0.50,0.50,28.14,17,17,0,0.11,0.10,0.20,28.95,17,17,0,1.09,1.00,1.10,28.54,17,17,0,0.24,0.20,0.30,28.21,17,17,0
1516431,0.38,0.30,0.40,28.87,17,17,0,-0.01,-0.10,0.10,28.38,17,17,0,920.70,910.60,931.60,24.05,17,0,0,0.51,0.50,0.60,28.12,17,17,0,0.11,0.10,0.20,28.95,17,17,0,1.08,1.00,1.10,28.54,17,17,0,0.22,0.20,0.30,28.23,17,17,0
1516935,0.36,0.30,0.40,28.88,17,17,0,-0.03,-0.10,0.00,28.39,17,17,0,913.28,903.40,923.10,24.06,17,0,0,0.50,0.50,0.50,28.14,17,17,0,0.11,0.10,0.20,28.95,17,17,0,1.06,1.00,1.10,28.55,17,17,0,0.24,0.20,0.30,28.22,17,17,0
1517435,0.38,0.30,0.40,28.87,17,17,0,-0.03,-0.10,0.00,28.38,17,17,0,936.18,925.20,951.60,24.04,17,0,0,0.50,0.50,0.50,28.12,17,17,0,0.11,0.10,0.20,28.97,17,17,0,1.09,1.00,1.10,28.54,17,17,0,0.24,0.20,0.30,28.21,17,17,0
1517935,0.37,0.30,0.40,28.87,17,17,0,-0.02,-0.10,0.10,28.41,17,17,0,928.86,914.90,945.90,24.05,17,0,0,0.51,0.50,0.60,28.13,17,17,0,0.11,0.10,0.20,28.94,17,17,0,1.09,1.00,1.10,28.55,17,17,0,0.23,0.20,0.30,28.21,17,17,0
1518435,0.37,0.30,0.40,28.87,17,17,0,-0.03,-0.10,0.10,28.40,17,17,0,911.78,904.20,918.80,24.06,17,0,0,0.51,0.50,0.60,28.13,17,17,0,0.10,0.00,0.20,28.94,17,17,0,1.09,1.00,1.10,28.55,17,17,0,0.25,0.20,0.30,28.22,17,17,0
1518935,0.37,0.30,0.40,28.88,17,17,0,-0.01,-0.10,0.10,28.40,17,17,0,919.74,913.50,925.90,24.06,17,0,0,0.50,0.50,0.50,28.15,17,17,0,0.10,0.10,0.10,28.96,17,17,0,1.08,1.00,1.10,28.57,17,17,0,0.24,0.20,0.30,28.21,17,17,0
1519435,0.38,0.30,0.40,28.87,17,17,0,-0.02,-0.10,0.10,28.41,17,17,0,924.64,915.80,931.00,24.04,17,0,0,0.50,0.50,0.50,28.15,17,17,0,0.10,0.10,0.10,28.97,17,17,0,1.10,1.10,1.10,28.56,17,17,0,0.24,0.20,0.30,28.22,17,17,0
1519935,0.38,0.30,0.40,28.87,17,17,0,0.01,-0.10,0.10,28.40,17,17,0,904.61,898.30,914.40,24.05,17,0,0,0.51,0.50,0.60,28.12,17,17,0,0.11,0.10,0.20,28.96,17,17,0,1.09,1.00,1.10,28.54,17,17,0,0.22,0.20,0.30,28.22,17,17,0
1520437,0.39,0.30,0.40,28.88,17,17,0,-0.01,-0.10,0.10,28.39,17,17,0,904.20,897.70,910.50,24.07,17,0,0,0.51,0.50,0.60,28.14,17,17,0,0.10,0.10,0.10,28.95,17,17,0,1.09,1.00,1.10,28.55,17,17,0,0.25,0.20,0.30,28.22,17,17,0
1520937,0.38,0.30,0.40,28.88,17,17,0,0.02,-0.10,0.10,28.39,17,17,0,913.77,905.80,919.20,24.05,17,0,0,0.50,0.50,0.50,28.15,17,17,0,0.11,0.10,0.20,28.96,17,17,0,1.09,1.00,1.10,28.54,17,17,0,0.24,0.20,0.30,28.21,17,17,0
1521437,0.37,0.30,0.40,28.89,17,17,0,-0.01,-0.10,0.00,28.40,17,17,0,903.58,894.50,914.70,24.06,17,0,0,0.50,0.50,0.50,28.15,17,17,0,0.10,0.00,0.20,28.95,17,17,0,1.09,1.00,1.10,28.56,17,17,0,0.22,0.20,0.30,28.20,17,17,0
1521937,0.38,0.30,0.40,28.89,17,17,0,-0.01,-0.10,0.10,28.41,17,17,0,891.94,886.80,895.80,24.07,17,0,0,0.50,0.50,0.50,28.14,17,17,0,0.10,0.00,0.20,28.97,17,17,0,1.09,1.00,1.10,28.55,17,17,0,0.25,0.20,0.30,28.21,17,17,0
1522437,0.35,0.30,0.40,28.87,17,17,0,-0.04,-0.10,0.10,28.41,17,17,0,900.10,893.80,907.40,24.06,17,0,0,0.51,0.50,0.60,28.12,17,17,0,0.10,0.10,0.10,28.95,17,17,0,1.09,1.00,1.20,28.56,17,17,0,0.24,0.20,0.30,28.21,17,17,0
1522937,0.38,0.30,0.40,28.88,17,17,0,-0.01,-0.10,0.00,28.40,17,17,0,905.91,896.10,913.40,24.08,17,0,0,0.50,0.50,0.50,28.13,17,17,0,0.11,0.10,0.20,28.97,17,17,0,1.09,1.00,1.10,28.54,17,17,0,0.23,0.20,0.30,28.22,17,17,0
1523437,0.37,0.30,0.40,28.88,17,17,0,0.00,-0.10,0.10,28.41,17,17,0,887.78,880.40,898.30,24.08,17,0,0,0.50,0.50,0.50,28.16,17,17,0,0.10,0.10,0.10,28.95,17,17,0,1.08,1.00,1.10,28.54,17,17,0,0.24,0.20,0.30,28.22,17,17,0
1523941,0.38,0.30,0.40,28.87,17,17,0,0.00,-0.10,0.10,28.41,17,17,0,885.10,880.00,892.40,24.06,17,0,0,0.51,0.50,0.60,28.14,17,17,0,0.10,0.10,0.10,28.96,17,17,0,1.09,1.00,1.10,28.54,17,17,0,0.25,0.20,0.30,28.22,17,17,0
1524441,0.37,0.30,0.40,28.90,17,17,0,-0.01,-0.10,0.00,28.40,17,17,0,894.88,884.10,900.30,24.06,17,0,0,0.50,0.50,0.50,28.13,17,17,0,0.09,0.00,0.10,28.94,17,17,0,1.08,1.00,1.10,28.56,17,17,0,0.22,0.20,0.30,28.22,17,17,0
1524941,0.39,0.30,0.40,28.88,16,16,0,0.01,-0.10,0.10,28.41,16,16,0,887.29,877.20,895.40,24.09,16,0,0,0.49,0.40,0.50,28.14,16,16,0,0.09,0.00,0.10,28.96,16,16,0,1.10,1.10,1.10,28.56,16,16,0,0.24,0.20,0.30,28.20,16,16,0
1525441,0.39,0.30,0.40,28.90,17,17,0,-0.01,-0.10,0.00,28.40,17,17,0,875.78,872.30,878.00,24.09,17,0,0,0.50,0.50,0.50,28.14,17,17,0,0.10,0.10,0.10,28.97,17,17,0,1.09,1.00,1.10,28.54,17,17,0,0.22,0.20,0.30,28.22,17,17,0
1525941,0.39,0.30,0.40,28.88,17,17,0,-0.01,-0.10,0.10,28.41,17,17,0,884.62,878.40,891.00,24.08,17,0,0,0.51,0.50,0.60,28.14,17,17,0,0.09,0.00,0.10,28.97,17,17,0,1.09,1.00,1.10,28.56,17,17,0,0.24,0.20,0.30,28.22,17,17,0
1526441,0.38,0.30,0.40,28.89,17,17,0,-0.01,-0.10,0.10,28.41,17,17,0,896.52,891.50,901.10,24.08,17,0,0,0.50,0.50,0.50,28.15,17,17,0,0.11,0.10,0.20,28.96,17,17,0,1.09,1.00,1.10,28.57,17,17,0,0.22,0.20,0.30,28.24,17,17,0
1526941,0.36,0.30,0.40,28.88,17,17,0,-0.04,-0.10,0.00,28.39,17,17,0,880.93,872.50,890.70,24.10,17,0,0,0.50,0.50,0.50,28.13,17,17,0,0.11,0.10,0.20,28.95,17,17,0,1.09,1.00,1.10,28.56,17,17,0,0.24,0.20,0.30,28.22,17,17,0
1527441,0.38,0.30,0.40,28.89,17,17,0,0.00,-0.10,0.10,28.39,17,17,0,874.82,868.50,882.90,24.09,17,0,0,0.51,0.50,0.60,28.14,17,17,0,0.10,0.10,0.10,28.94,17,17,0,1.08,1.00,1.10,28.56,17,17,0,0.24,0.20,0.30,28.21,17,17,0
1527941,0.37,0.30,0.40,28.87,17,17,0,-0.01,-0.10,0.10,28.40,17,17,0,890.61,878.70,902.00,24.07,17,0,0,0.51,0.50,0.60,28.14,17,17,0,0.11,0.10,0.20,28.96,17,17,0,1.09,1.00,1.10,28.56,17,17,0,0.24,0.20,0.30,28.22,17,17,0
1528444,0.37,0.30,0.40,28.87,17,17,0,0.00,-0.10,0.10,28.41,17,17,0,889.55,875.30,903.20,24.09,17,0,0,0.49,0.40,0.50,28.13,17,17,0,0.10,0.10,0.10,28.97,17,17,0,1.10,1.10,1.10,28.57,17,17,0,0.25,0.20,0.30,28.21,17,17,0
1528944,0.38,0.30,0.40,28.88,17,17,0,-0.02,-0.10,0.10,28.41,17,17,0,874.69,871.90,879.40,24.09,17,0,0,0.50,0.50,0.50,28.15,17,17,0,0.09,0.00,0.10,28.96,17,17,0,1.09,1.00,1.10,28.56,17,17,0,0.24,0.20,0.30,28.23,17,17,0
1529444,0.39,0.30,0.40,28.86,17,17,0,-0.02,-0.10,0.10,28.41,17,17,0,883.48,875.50,890.30,24.09,17,0,0,0.51,0.50,0.60,28.14,17,17,0,0.10,0.10,0.10,28.95,17,17,0,1.09,1.00,1.10,28.55,17,17,0,0.23,0.20,0.30,28.21,17,17,0
1529944,0.39,0.30,0.40,28.88,17,17,0,0.00,-0.10,0.10,28.41,17,17,0,897.76,890.90,903.00,24.09,17,0,0,0.50,0.50,0.50,28.15,17,17,0,0.11,0.10,0.20,28.96,17,17,0,1.08,1.00,1.10,28.57,17,17,0,0.24,0.20,0.30,28.20,17,17,0
1530444,0.38,0.30,0.40,28.88,17,17,0,0.00,-0.10,0.10,28.38,17,17,0,881.40,874.80,894.20,24.08,17,0,0,0.51,0.50,0.60,28.13,17,17,0,0.12,0.10,0.20,28.94,17,17,0,1.09,1.00,1.10,28.56,17,17,0,0.25,0.20,0.30,28.23,17,17,0
1530944,0.39,0.30,0.40,28.88,17,17,0,-0.02,-0.10,0.00,28.40,17,17,0,876.93,869.90,889.80,24.09,17,0,0,0.50,0.50,0.50,28.15,17,17,0,0.11,0.10,0.20,28.97,17,17,0,1.09,1.00,1.10,28.55,17,17,0,0.24,0.20,0.30,28.22,17,17,0
1531444,0.39,0.30,0.40,28.89,17,17,0,0.01,-0.10,0.10,28.40,17,17,0,892.42,881.90,903.90,24.09,17,0,0,0.50,0.50,0.50,28.14,17,17,0,0.11,0.00,0.20,28.96,17,17,0,1.09,1.00,1.10,28.54,17,17,0,0.23,0.20,0.30,28.23,17,17,0
1531946,0.36,0.30,0.40,28.88,17,17,0,-0.01,-0.10,0.10,28.40,17,17,0,887.77,873.10,900.30,24.08,17,0,0,0.50,0.50,0.50,28.15,17,17,0,0.11,0.10,0.20,28.96,17,17,0,1.08,1.00,1.10,28.56,17,17,0,0.21,0.20,0.30,28.23,17,17,0
1532446,0.36,0.30,0.40,28.88,17,17,0,-0.02,-0.10,0.00,28.39,17,17,0,867.60,860.50,875.00,24.09,17,0,0,0.50,0.50,0.50,28.14,17,17,0,0.10,0.10,0.10,28.96,17,17,0,1.09,1.00,1.10,28.56,17,17,0,0.24,0.20,0.30,28.22,17,17,0
1532946,0.38,0.30,0.40,28.88,17,17,0,0.01,-0.10,0.10,28.40,17,17,0,876.47,865.50,888.30,24.09,17,0,0,0.50,0.50,0.50,28.13,17,17,0,0.11,0.10,0.20,28.96,17,17,0,1.09,1.00,1.10,28.56,17,17,0,0.23,0.20,0.30,28.22,17,17,0
1533448,0.38,0.30,0.40,28.88,17,17,0,-0.02,-0.10,0.00,28.40,17,17,0,897.84,888.10,906.60,24.09,17,0,0,0.50,0.50,0.50,28.14,17,17,0,0.10,0.00,0.20,28.96,17,17,0,1.09,1.00,1.10,28.55,17,17,0,0.22,0.20,0.30,28.23,17,17,0
1533948,0.39,0.30,0.40,28.88,17,17,0,-0.01,-0.10,0.10,28.40,17,17,0,885.23,875.20,900.50,24.10,17,0,0,0.50,0.50,0.50,28.14,17,17,0,0.11,0.00,0.20,28.98,17,17,0,1.09,1.00,1.10,28.56,17,17,0,0.23,0.20,0.30,28.21,17,17,0
1534448,0.39,0.30,0.40,28.89,17,17,0,0.01,-0.10,0.10,28.39,17,17,0,871.01,865.70,878.10,24.10,17,0,0,0.51,0.50,0.60,28.14,17,17,0,0.10,0.10,0.10,28.96,17,17,0,1.09,1.00,1.10,28.55,17,17,0,0.24,0.20,0.30,28.20,17,17,0
1534948,0.38,0.30,0.40,28.88,17,17,0,-0.01,-0.10,0.10,28.41,17,17,0,888.32,879.00,899.50,24.09,17,0,0,0.50,0.50,0.50,28.15,17,17,0,0.11,0.10,0.20,28.95,17,17,0,1.09,1.00,1.10,28.56,17,17,0,0.21,0.20,0.30,28.21,17,17,0
1535448,0.38,0.30,0.40,28.89,17,17,0,-0.01,-0.10,0.10,28.40,17,17,0,892.54,877.50,902.50,24.09,17,0,0,0.51,0.50,0.60,28.14,17,17,0,0.09,0.00,0.10,28.97,17,17,0,1.09,1.00,1.10,28.55,17,17,0,0.22,0.20,0.30,28.22,17,17,0
1535948,0.38,0.30,0.40,28.88,17,17,0,-0.01,-0.10,0.10,28.41,17,17,0,871.26,865.40,877.80,24.09,17,0,0,0.50,0.50,0.50,28.15,17,17,0,0.09,0.00,0.10,28.95,17,17,0,1.09,1.00,1.10,28.55,17,17,0,0.23,0.20,0.30,28.22,17,17,0
1536448,0.36,0.30,0.40,28.89,17,17,0,-0.03,-0.10,0.10,28.40,17,17,0,877.46,863.00,891.60,24.09,17,0,0,0.50,0.50,0.50,28.14,17,17,0,0.11,0.10,0.20,28.97,17,17,0,1.09,1.00,1.10,28.56,17,17,0,0.22,0.20,0.30,28.22,17,17,0
1536948,0.38,0.30,0.40,28.87,17,17,0,-0.01,-0.10,0.10,28.40,17,17,0,894.29,884.60,902.20,24.08,17,0,0,0.50,0.50,0.50,28.14,17,17,0,0.10,0.10,0.10,28.96,17,17,0,1.09,1.00,1.10,28.56,17,17,0,0.24,0.20,0.30,28.23,17,17,0
1537448,0.37,0.30,0.40,28.88,17,17,0,-0.01,-0.10,0.00,28.39,17,17,0,880.84,864.60,899.20,24.09,17,0,0,0.50,0.50,0.50,28.14,17,17,0,0.09,0.00,0.10,28.97,17,17,0,1.09,1.00,1.10,28.56,17,17,0,0.22,0.20,0.30,28.21,17,17,0
1537948,0.39,0.30,0.40,28.87,17,17,0,-0.02,-0.10,0.10,28.40,17,17,0,870.72,863.40,883.80,24.09,17,0,0,0.50,0.50,0.50,28.15,17,17,0,0.11,0.10,0.20,28.95,17,17,0,1.08,1.00,1.10,28.55,17,17,0,0.22,0.20,0.30,28.22,17,17,0
1538448,0.38,0.30,0.40,28.88,17,17,0,-0.03,-0.10,0.00,28.39,17,17,0,885.96,875.40,896.90,24.09,17,0,0,0.50,0.50,0.50,28.16,17,17,0,0.11,0.10,0.20,28.97,17,17,0,1.09,1.00,1.10,28.58,17,17,0,0.21,0.20,0.30,28.22,17,17,0
1538948,0.38,0.30,0.40,28.89,17,17,0,-0.01,-0.10,0.10,28.42,17,17,0,894.90,886.70,903.00,24.10,17,0,0,0.50,0.50,0.50,28.13,17,17,0,0.10,0.10,0.10,28.97,17,17,0,1.08,1.00,1.10,28.56,17,17,0,0.22,0.20,0.30,28.22,17,17,0
1539448,0.36,0.30,0.40,28.88,17,17,0,-0.02,-0.10,0.10,28.40,17,17,0,878.02,874.50,883.40,24.10,17,0,0,0.51,0.50,0.60,28.14,17,17,0,0.10,0.10,0.10,28.95,17,17,0,1.09,1.00,1.10,28.56,17,17,0,0.22,0.20,0.30,28.21,17,17,0
1539948,0.38,0.30,0.40,28.88,17,17,0,-0.03,-0.10,0.10,28.41,17,17,0,882.16,875.50,889.40,24.09,17,0,0,0.51,0.50,0.60,28.14,17,17,0,0.10,0.10,0.10,28.95,17,17,0,1.10,1.10,1.10,28.56,17,17,0,0.21,0.20,0.30,28.22,17,17,0
1540448,0.36,0.30,0.40,28.88,17,17,0,-0.02,-0.10,0.10,28.42,17,17,0,898.81,890.70,903.80,24.08,17,0,0,0.49,0.40,0.50,28.14,17,17,0,0.10,0.00,0.20,28.97,17,17,0,1.09,1.00,1.10,28.57,17,17,0,0.24,0.20,0.30,28.20,17,17,0
1540948,0.35,0.30,0.40,28.87,17,17,0,-0.04,-0.10,0.10,28.41,17,17,0,887.90,879.20,897.00,24.09,17,0,0,0.50,0.50,0.50,28.16,17,17,0,0.11,0.10,0.20,28.96,17,17,0,1.09,1.00,1.10,28.56,17,17,0,0.21,0.20,0.30,28.20,17,17,0
1541449,0.37,0.30,0.40,28.88,17,17,0,-0.01,-0.10,0.10,28.40,17,17,0,883.98,878.70,889.80,24.10,17,0,0,0.50,0.50,0.50,28.13,17,17,0,0.11,0.10,0.20,28.97,17,17,0,1.09,1.00,1.10,28.57,17,17,0,0.22,0.20,0.30,28.22,17,17,0
1541949,0.36,0.30,0.40,28.87,17,17,0,-0.01,-0.10,0.00,28.40,17,17,0,894.58,887.40,907.50,24.08,17,0,0,0.49,0.40,0.50,28.15,17,17,0,0.09,0.00,0.10,28.95,17,17,0,1.09,1.00,1.10,28.57,17,17,0,0.21,0.10,0.30,28.22,17,17,0
1542449,0.37,0.30,0.40,28.88,17,17,0,-0.01,-0.10,0.10,28.42,17,17,0,902.79,899.90,906.70,24.10,17,0,0,0.49,0.40,0.50,28.15,17,17,0,0.10,0.00,0.20,28.98,17,17,0,1.08,1.00,1.10,28.56,17,17,0,0.22,0.20,0.30,28.21,17,17,0
1542949,0.35,0.30,0.40,28.87,17,17,0,-0.01,-0.10,0.10,28.42,17,17,0,897.74,890.10,903.40,24.09,17,0,0,0.51,0.50,0.60,28.15,17,17,0,0.09,0.00,0.10,28.95,17,17,0,1.09,1.00,1.10,28.56,17,17,0,0.22,0.20,0.30,28.23,17,17,0
1543449,0.35,0.30,0.40,28.89,17,17,0,-0.03,-0.10,0.00,28.41,17,17,0,905.76,897.20,911.20,24.08,17,0,0,0.50,0.40,0.60,28.15,17,17,0,0.10,0.10,0.10,28.95,17,17,0,1.09,1.00,1.10,28.57,17,17,0,0.24,0.20,0.30,28.22,17,17,0
1543949,0.35,0.30,0.40,28.87,16,16,0,-0.01,-0.10,0.10,28.41,16,16,0,919.29,911.90,924.90,24.07,16,0,0,0.50,0.50,0.50,28.14,16,16,0,0.11,0.10,0.20,28.96,16,16,0,1.09,1.00,1.10,28.56,16,16,0,0.23,0.20,0.30,28.23,16,16,0
1544449,0.38,0.30,0.40,28.87,17,17,0,0.00,-0.10,0.10,28.40,17,17,0,914.29,907.60,922.10,24.09,17,0,0,0.51,0.50,0.60,28.16,17,17,0,0.09,0.00,0.10,28.96,17,17,0,1.10,1.10,1.10,28.54,17,17,0,0.24,0.20,0.30,28.21,17,17,0
1544950,0.38,0.30,0.40,28.88,17,17,0,-0.04,-0.10,0.00,28.41,17,17,0,912.91,907.20,917.90,24.10,17,0,0,0.50,0.50,0.50,28.16,17,17,0,0.09,0.00,0.10,28.95,17,17,0,1.09,1.00,1.10,28.56,17,17,0,0.23,0.20,0.30,28.23,17,17,0
1545450,0.38,0.30,0.40,28.87,17,17,0,-0.00,-0.10,0.10,28.39,17,17,0,923.60,916.70,930.60,24.09,17,0,0,0.49,0.40,0.50,28.14,17,17,0,0.09,0.00,0.10,28.96,17,17,0,1.09,1.00,1.10,28.56,17,17,0,0.24,0.20,0.30,28.21,17,17,0
1545950,0.38,0.30,0.40,28.89,17,17,0,-0.01,-0.10,0.10,28.40,17,17,0,933.87,929.00,937.40,24.07,17,0,0,0.50,0.50,0.50,28.14,17,17,0,0.11,0.10,0.20,28.95,17,17,0,1.09,1.00,1.20,28.58,17,17,0,0.21,0.20,0.30,28.20,17,17,0
1546450,0.36,0.30,0.40,28.88,17,17,0,-0.01,-0.10,0.10,28.39,17,17,0,926.38,920.80,932.10,24.09,17,0,0,0.51,0.50,0.60,28.15,17,17,0,0.09,0.00,0.10,28.96,17,17,0,1.10,1.10,1.10,28.56,17,17,0,0.22,0.20,0.30,28.25,17,17,0
1546950,0.38,0.30,0.40,28.88,17,17,0,-0.03,-0.10,0.10,28.40,17,17,0,930.69,921.70,939.10,24.08,17,0,0,0.51,0.50,0.60,28.15,17,17,0,0.09,0.00,0.10,28.95,17,17,0,1.09,1.00,1.10,28.56,17,17,0,0.21,0.20,0.30,28.23,17,17,0
1547450,0.39,0.30,0.40,28.88,17,17,0,-0.01,-0.10,0.10,28.40,17,17,0,943.55,934.10,956.50,24.07,17,0,0,0.51,0.50,0.60,28.15,17,17,0,0.11,0.10,0.20,28.95,17,17,0,1.10,1.10,1.10,28.56,17,17,0,0.25,0.20,0.30,28.22,17,17,0
1547950,0.39,0.30,0.40,28.86,17,17,0,-0.01,-0.10,0.00,28.39,17,17,0,942.39,930.80,952.10,24.08,17,0,0,0.51,0.50,0.60,28.14,17,17,0,0.10,0.10,0.10,28.96,17,17,0,1.09,1.00,1.10,28.56,17,17,0,0.22,0.20,0.30,28.23,17,17,0
1548451,0.36,0.30,0.40,28.87,17,17,0,-0.01,-0.10,0.10,28.39,17,17,0,936.08,927.80,944.30,24.08,17,0,0,0.50,0.50,0.50,28.14,17,17,0,0.11,0.10,0.20,28.95,17,17,0,1.10,1.10,1.10,28.57,17,17,0,0.24,0.20,0.30,28.21,17,17,0
1548951,0.35,0.30,0.40,28.88,17,17,0,-0.02,-0.10,0.00,28.42,17,17,0,941.72,932.80,949.40,24.08,17,0,0,0.51,0.50,0.60,28.16,17,17,0,0.11,0.10,0.20,28.95,17,17,0,1.08,1.00,1.10,28.57,17,17,0,0.25,0.20,0.30,28.22,17,17,0
1549451,0.38,0.30,0.40,28.89,17,17,0,-0.01,-0.10,0.10,28.41,17,17,0,948.89,938.30,957.00,24.07,17,0,0,0.51,0.50,0.60,28.15,17,17,0,0.10,0.00,0.20,28.96,17,17,0,1.09,1.00,1.10,28.58,17,17,0,0.23,0.20,0.30,28.21,17,17,0
1549955,0.36,0.30,0.40,28.87,17,17,0,-0.01,-0.10,0.10,28.40,17,17,0,932.19,919.00,944.60,24.06,17,0,0,0.51,0.50,0.60,28.14,17,17,0,0.12,0.10,0.20,28.94,17,17,0,1.10,1.10,1.10,28.57,17,17,0,0.22,0.20,0.30,28.22,17,17,0
1550455,0.37,0.30,0.40,28.87,17,17,0,0.00,-0.10,0.10,28.40,17,17,0,928.37,921.70,936.40,24.07,17,0,0,0.50,0.50,0.50,28.15,17,17,0,0.10,0.10,0.10,28.97,17,17,0,1.09,1.00,1.10,28.54,17,17,0,0.22,0.20,0.30,28.21,17,17,0
1550956,0.38,0.30,0.40,28.87,17,17,0,-0.02,-0.10,0.00,28.42,17,17,0,941.51,932.10,951.00,24.08,17,0,0,0.50,0.50,0.50,28.15,17,17,0,0.10,0.10,0.10,28.95,17,17,0,1.10,1.10,1.10,28.55,17,17,0,0.22,0.20,0.30,28.20,17,17,0
1551456,0.38,0.30,0.40,28.89,17,17,0,0.01,-0.10,0.10,28.40,17,17,0,933.85,921.40,946.40,24.07,17,0,0,0.50,0.50,0.50,28.14,17,17,0,0.09,0.00,0.10,28.97,17,17,0,1.09,1.00,1.10,28.56,17,17,0,0.21,0.20,0.30,28.23,17,17,0
1551958,0.36,0.30,0.40,28.87,17,17,0,-0.01,-0.10,0.10,28.41,17,17,0,920.23,914.90,923.80,24.08,17,0,0,0.50,0.50,0.50,28.15,17,17,0,0.10,0.10,0.10,28.96,17,17,0,1.09,1.00,1.10,28.57,17,17,0,0.22,0.20,0.30,28.21,17,17,0
1552458,0.36,0.30,0.40,28.88,17,17,0,-0.03,-0.10,0.00,28.40,17,17,0,928.93,922.00,940.60,24.08,17,0,0,0.50,0.50,0.50,28.15,17,17,0,0.10,0.10,0.10,28.96,17,17,0,1.08,1.00,1.10,28.56,17,17,0,0.22,0.20,0.30,28.23,17,17,0
1552958,0.38,0.30,0.40,28.88,17,17,0,-0.04,-0.10,0.00,28.41,17,17,0,935.71,929.30,943.50,24.08,17,0,0,0.50,0.50,0.50,28.16,17,17,0,0.11,0.10,0.20,28.95,17,17,0,1.10,1.10,1.10,28.56,17,17,0,0.22,0.20,0.30,28.21,17,17,0
1553458,0.36,0.30,0.40,28.87,17,17,0,0.00,-0.10,0.10,28.40,17,17,0,912.82,901.70,925.60,24.08,17,0,0,0.50,0.50,0.50,28.15,17,17,0,0.10,0.10,0.10,28.97,17,17,0,1.08,1.00,1.10,28.56,17,17,0,0.23,0.20,0.30,28.22,17,17,0
1553958,0.38,0.30,0.40,28.88,17,17,0,-0.02,-0.10,0.10,28.41,17,17,0,907.26,895.10,917.00,24.09,17,0,0,0.51,0.50,0.60,28.14,17,17,0,0.09,0.00,0.10,28.96,17,17,0,1.08,1.00,1.10,28.57,17,17,0,0.22,0.20,0.30,28.21,17,17,0
1554460,0.35,0.30,0.40,28.88,17,17,0,-0.01,-0.10,0.00,28.39,17,17,0,922.19,912.80,931.00,24.08,17,0,0,0.50,0.50,0.50,28.14,17,17,0,0.11,0.10,0.20,28.96,17,17,0,1.08,1.00,1.20,28.56,17,17,0,0.21,0.20,0.30,28.20,17,17,0
1554960,0.35,0.30,0.40,28.88,17,17,0,-0.01,-0.10,0.10,28.40,17,17,0,914.44,905.70,924.70,24.08,17,0,0,0.50,0.50,0.50,28.14,17,17,0,0.11,0.10,0.20,28.96,17,17,0,1.10,1.10,1.10,28.58,17,17,0,0.22,0.20,0.30,28.23,17,17,0
1555460,0.38,0.30,0.40,28.88,17,17,0,-0.01,-0.10,0.10,28.40,17,17,0,897.74,892.70,903.60,24.07,17,0,0,0.50,0.50,0.50,28.16,17,17,0,0.10,0.00,0.20,28.95,17,17,0,1.09,1.00,1.10,28.56,17,17,0,0.26,0.20,0.30,28.20,17,17,0
1555960,0.35,0.30,0.40,28.88,17,17,0,-0.01,-0.10,0.10,28.42,17,17,0,908.06,901.50,919.30,24.09,17,0,0,0.51,0.50,0.60,28.14,17,17,0,0.10,0.10,0.10,28.95,17,17,0,1.09,1.00,1.10,28.56,17,17,0,0.21,0.20,0.30,28.23,17,17,0
1556460,0.36,0.30,0.40,28.89,17,17,0,-0.01,-0.10,0.10,28.40,17,17,0,915.21,907.60,922.80,24.07,17,0,0,0.50,0.50,0.50,28.14,17,17,0,0.11,0.10,0.20,28.94,17,17,0,1.09,1.00,1.10,28.57,17,17,0,0.24,0.20,0.30,28.22,17,17,0
1556960,0.38,0.30,0.40,28.88,17,17,0,0.00,-0.10,0.10,28.41,17,17,0,900.90,893.90,909.10,24.09,17,0,0,0.50,0.50,0.50,28.16,17,17,0,0.10,0.10,0.10,28.96,17,17,0,1.09,1.00,1.10,28.57,17,17,0,0.25,0.20,0.30,28.24,17,17,0
1557460,0.35,0.30,0.40,28.87,17,17,0,0.01,0.00,0.10,28.41,17,17,0,898.75,892.40,906.70,24.10,17,0,0,0.51,0.50,0.60,28.15,17,17,0,0.11,0.10,0.20,28.95,17,17,0,1.09,1.00,1.10,28.57,17,17,0,0.24,0.20,0.30,28.22,17,17,0
1557960,0.38,0.30,0.40,28.88,17,17,0,-0.01,-0.10,0.10,28.42,17,17,0,905.20,901.10,910.80,24.09,17,0,0,0.51,0.50,0.60,28.15,17,17,0,0.10,0.10,0.10,28.96,17,17,0,1.09,1.00,1.10,28.55,17,17,0,0.25,0.20,0.30,28.22,17,17,0
1558460,0.39,0.30,0.40,28.88,17,17,0,-0.01,-0.10,0.10,28.42,17,17,0,893.63,885.50,903.20,24.09,17,0,0,0.50,0.50,0.50,28.15,17,17,0,0.10,0.00,0.20,28.94,17,17,0,1.09,1.00,1.10,28.57,17,17,0,0.23,0.20,0.30,28.22,17,17,0
1558960,0.38,0.30,0.40,28.88,17,17,0,-0.04,-0.10,0.00,28.40,17,17,0,880.84,876.10,885.80,24.08,17,0,0,0.51,0.50,0.60,28.14,17,17,0,0.11,0.10,0.20,28.96,17,17,0,1.09,1.00,1.10,28.57,17,17,0,0.24,0.20,0.30,28.22,17,17,0
1559460,0.38,0.30,0.40,28.89,17,17,0,-0.01,-0.10,0.00,28.41,17,17,0,889.25,880.20,897.70,24.09,17,0,0,0.50,0.50,0.50,28.15,17,17,0,0.10,0.10,0.10,28.96,17,17,0,1.09,1.00,1.10,28.57,17,17,0,0.22,0.20,0.30,28.22,17,17,0
1559960,0.38,0.30,0.40,28.89,17,17,0,0.01,-0.10,0.10,28.41,17,17,0,899.08,890.40,905.80,24.09,17,0,0,0.50,0.50,0.50,28.15,17,17,0,0.11,0.10,0.20,28.95,17,17,0,1.09,1.00,1.10,28.57,17,17,0,0.24,0.20,0.30,28.22,17,17,0
1560461,0.38,0.30,0.40,28.87,17,17,0,0.00,-0.10,0.10,28.40,17,17,0,881.49,870.10,893.70,24.09,17,0,0,0.50,0.50,0.50,28.15,17,17,0,0.09,0.00,0.10,28.95,17,17,0,1.10,1.10,1.10,28.57,17,17,0,0.24,0.20,0.30,28.21,17,17,0
1560961,0.36,0.30,0.40,28.87,17,17,0,0.01,-0.10,0.10,28.41,17,17,0,876.84,869.90,882.50,24.09,17,0,0,0.50,0.50,0.50,28.15,17,17,0,0.10,0.10,0.10,28.95,17,17,0,1.09,1.00,1.10,28.56,17,17,0,0.25,0.20,0.30,28.22,17,17,0
1561462,0.36,0.30,0.40,28.87,17,17,0,-0.01,-0.10,0.10,28.38,17,17,0,894.89,884.00,906.90,24.09,17,0,0,0.51,0.50,0.60,28.16,17,17,0,0.10,0.10,0.10,28.95,17,17,0,1.10,1.10,1.10,28.57,17,17,0,0.22,0.20,0.30,28.22,17,17,0
1561967,0.36,0.30,0.40,28.88,17,17,0,-0.02,-0.10,0.10,28.40,17,17,0,889.06,877.00,903.30,24.08,17,0,0,0.50,0.50,0.50,28.17,17,17,0,0.10,0.10,0.10,28.96,17,17,0,1.09,1.00,1.10,28.58,17,17,0,0.21,0.20,0.30,28.22,17,17,0
1562467,0.38,0.30,0.40,28.86,17,17,0,-0.01,-0.10,0.10,28.39,17,17,0,870.72,860.50,876.70,24.09,17,0,0,0.49,0.40,0.50,28.16,17,17,0,0.10,0.10,0.10,28.96,17,17,0,1.09,1.00,1.10,28.58,17,17,0,0.24,0.20,0.30,28.22,17,17,0
1562972,0.38,0.30,0.40,28.87,17,17,0,-0.03,-0.10,0.10,28.40,17,17,0,878.99,869.20,891.00,24.08,17,0,0,0.50,0.50,0.50,28.17,17,17,0,0.10,0.00,0.20,28.95,17,17,0,1.09,1.00,1.10,28.56,17,17,0,0.22,0.20,0.30,28.21,17,17,0
1563472,0.36,0.30,0.40,28.87,17,17,0,-0.01,-0.10,0.10,28.42,17,17,0,897.78,885.80,908.00,24.09,17,0,0,0.51,0.50,0.60,28.15,17,17,0,0.09,0.00,0.10,28.96,17,17,0,1.09,1.00,1.10,28.57,17,17,0,0.21,0.20,0.30,28.23,17,17,0
1563972,0.38,0.30,0.40,28.88,17,17,0,-0.01,-0.10,0.10,28.40,17,17,0,877.09,865.70,891.30,24.10,17,0,0,0.51,0.50,0.60,28.15,17,17,0,0.10,0.10,0.10,28.95,17,17,0,1.10,1.10,1.10,28.58,17,17,0,0.24,0.20,0.30,28.22,17,17,0
1564472,0.36,0.30,0.40,28.88,17,17,0,0.00,-0.10,0.10,28.41,17,17,0,871.61,863.30,877.50,24.08,17,0,0,0.50,0.50,0.50,28.14,17,17,0,0.10,0.10,0.10,28.95,17,17,0,1.09,1.00,1.10,28.58,17,17,0,0.22,0.20,0.30,28.22,17,17,0
1564973,0.39,0.30,0.40,28.88,17,17,0,-0.04,-0.10,0.00,28.41,17,17,0,887.64,876.90,899.40,24.09,17,0,0,0.51,0.50,0.60,28.16,17,17,0,0.11,0.10,0.20,28.96,17,17,0,1.09,1.00,1.10,28.55,17,17,0,0.24,0.20,0.30,28.24,17,17,0
1565473,0.38,0.30,0.40,28.87,17,17,0,0.01,-0.10,0.10,28.40,17,17,0,889.07,876.40,901.40,24.11,17,0,0,0.50,0.50,0.50,28.16,17,17,0,0.11,0.10,0.20,28.95,17,17,0,1.10,1.10,1.10,28.57,17,17,0,0.21,0.20,0.30,28.22,17,17,0
1565975,0.38,0.30,0.40,28.89,17,17,0,-0.02,-0.10,0.10,28.41,17,17,0,871.57,867.20,876.60,24.10,17,0,0,0.50,0.50,0.50,28.17,17,17,0,0.11,0.10,0.20,28.95,17,17,0,1.09,1.00,1.10,28.57,17,17,0,0.22,0.20,0.30,28.22,17,17,0
1566475,0.36,0.30,0.40,28.87,17,17,0,-0.01,-0.10,0.10,28.40,17,17,0,878.99,866.10,891.20,24.10,17,0,0,0.51,0.50,0.60,28.13,17,17,0,0.10,0.00,0.20,28.95,17,17,0,1.09,1.00,1.10,28.57,17,17,0,0.24,0.20,0.30,28.23,17,17,0
1566975,0.36,0.30,0.40,28.88,17,17,0,-0.01,-0.10,0.10,28.40,17,17,0,897.17,892.40,904.20,24.09,17,0,0,0.50,0.50,0.50,28.15,17,17,0,0.11,0.10,0.20,28.96,17,17,0,1.09,1.00,1.10,28.57,17,17,0,0.23,0.20,0.30,28.22,17,17,0
1567475,0.36,0.30,0.40,28.88,17,17,0,-0.03,-0.10,0.10,28.40,17,17,0,881.14,872.10,897.10,24.09,17,0,0,0.51,0.50,0.60,28.15,17,17,0,0.10,0.00,0.20,28.94,17,17,0,1.09,1.00,1.10,28.58,17,17,0,0.24,0.20,0.30,28.21,17,17,0
1567975,0.37,0.30,0.40,28.87,17,17,0,-0.04,-0.10,0.00,28.41,17,17,0,872.41,866.70,876.30,24.11,17,0,0,0.51,0.50,0.60,28.16,17,17,0,0.10,0.10,0.10,28.95,17,17,0,1.09,1.00,1.10,28.57,17,17,0,0.22,0.20,0.30,28.21,17,17,0
1568475,0.37,0.30,0.40,28.88,17,17,0,-0.02,-0.10,0.10,28.41,17,17,0,889.48,876.70,900.20,24.08,17,0,0,0.50,0.50,0.50,28.16,17,17,0,0.11,0.10,0.20,28.95,17,17,0,1.08,1.00,1.20,28.56,17,17,0,0.22,0.20,0.30,28.22,17,17,0
1568975,0.36,0.30,0.40,28.89,17,17,0,-0.02,-0.10,0.10,28.40,17,17,0,899.41,888.40,906.10,24.08,17,0,0,0.50,0.50,0.50,28.14,17,17,0,0.09,0.00,0.10,28.96,17,17,0,1.09,1.00,1.10,28.57,17,17,0,0.22,0.20,0.30,28.22,17,17,0
1569475,0.36,0.30,0.40,28.86,17,17,0,-0.01,-0.10,0.10,28.42,17,17,0,876.29,867.90,884.80,24.10,17,0,0,0.51,0.50,0.60,28.14,17,17,0,0.11,0.10,0.20,28.94,17,17,0,1.08,1.00,1.10,28.58,17,17,0,0.24,0.20,0.30,28.22,17,17,0
1569975,0.37,0.30,0.40,28.87,17,17,0,-0.01,-0.10,0.10,28.41,17,17,0,876.84,869.10,885.80,24.11,17,0,0,0.50,0.50,0.50,28.15,17,17,0,0.11,0.10,0.20,28.94,17,17,0,1.10,1.10,1.10,28.58,17,17,0,0.24,0.20,0.30,28.21,17,17,0
1570487,0.35,0.30,0.40,28.88,18,18,0,-0.01,-0.10,0.10,28.40,18,18,0,897.33,889.00,904.00,24.09,18,0,0,0.50,0.50,0.50,28.16,18,18,0,0.10,0.10,0.10,28.96,18,18,0,1.09,1.00,1.10,28.57,18,18,0,0.23,0.20,0.30,28.22,18,18,0
1570987,0.35,0.30,0.40,28.87,17,17,0,0.00,-0.10,0.10,28.42,17,17,0,885.81,877.50,900.30,24.09,17,0,0,0.51,0.50,0.60,28.16,17,17,0,0.11,0.10,0.20,28.96,17,17,0,1.09,1.00,1.10,28.56,17,17,0,0.22,0.20,0.30,28.23,17,17,0
1571491,0.38,0.30,0.40,28.88,17,17,0,-0.01,-0.10,0.10,28.42,17,17,0,875.64,868.40,881.70,24.09,17,0,0,0.51,0.50,0.60,28.15,17,17,0,0.11,0.10,0.20,28.96,17,17,0,1.09,1.00,1.10,28.58,17,17,0,0.24,0.20,0.30,28.23,17,17,0
1571999,0.37,0.30,0.40,28.88,17,17,0,-0.03,-0.10,0.00,28.41,17,17,0,887.08,874.90,898.60,24.11,17,0,0,0.51,0.50,0.60,28.15,17,17,0,0.11,0.10,0.20,28.95,17,17,0,1.08,1.00,1.10,28.55,17,17,0,0.24,0.20,0.30,28.21,17,17,0
1572499,0.37,0.30,0.40,28.88,17,17,0,-0.01,-0.10,0.10,28.41,17,17,0,896.56,887.80,904.10,24.11,17,0,0,0.50,0.50,0.50,28.15,17,17,0,0.09,0.00,0.10,28.95,17,17,0,1.09,1.00,1.10,28.56,17,17,0,0.25,0.20,0.30,28.23,17,17,0
1572999,0.37,0.30,0.40,28.87,17,17,0,-0.01,-0.10,0.10,28.41,17,17,0,879.12,871.80,886.80,24.11,17,0,0,0.50,0.50,0.50,28.15,17,17,0,0.10,0.10,0.10,28.97,17,17,0,1.09,1.00,1.10,28.56,17,17,0,0.25,0.20,0.30,28.21,17,17,0
1573499,0.38,0.30,0.40,28.89,17,17,0,-0.02,-0.10,0.10,28.41,17,17,0,881.25,873.90,889.80,24.09,17,0,0,0.50,0.50,0.50,28.15,17,17,0,0.10,0.00,0.20,28.96,17,17,0,1.09,1.00,1.10,28.56,17,17,0,0.24,0.20,0.30,28.23,17,17,0
1573999,0.36,0.30,0.40,28.88,17,17,0,-0.01,-0.10,0.10,28.41,17,17,0,895.94,886.60,903.50,24.11,17,0,0,0.51,0.50,0.60,28.15,17,17,0,0.11,0.10,0.20,28.97,17,17,0,1.09,1.00,1.10,28.56,17,17,0,0.24,0.20,0.30,28.22,17,17,0
1574499,0.37,0.30,0.40,28.87,17,17,0,-0.03,-0.10,0.10,28.41,17,17,0,882.31,875.50,899.20,24.10,17,0,0,0.50,0.50,0.50,28.15,17,17,0,0.10,0.10,0.10,28.96,17,17,0,1.08,1.00,1.10,28.56,17,17,0,0.21,0.20,0.30,28.22,17,17,0
1574999,0.36,0.30,0.40,28.88,17,17,0,-0.02,-0.10,0.10,28.41,17,17,0,878.59,873.80,884.30,24.12,17,0,0,0.49,0.40,0.50,28.15,17,17,0,0.10,0.00,0.20,28.95,17,17,0,1.08,1.00,1.10,28.57,17,17,0,0.22,0.20,0.30,28.24,17,17,0
1575499,0.36,0.30,0.40,28.88,17,17,0,-0.01,-0.10,0.10,28.41,17,17,0,888.28,878.70,899.70,24.10,17,0,0,0.51,0.50,0.60,28.16,17,17,0,0.11,0.10,0.20,28.95,17,17,0,1.10,1.00,1.20,28.57,17,17,0,0.24,0.20,0.30,28.23,17,17,0
1575999,0.37,0.30,0.40,28.88,17,17,0,-0.01,-0.10,0.10,28.42,17,17,0,897.98,891.20,901.10,24.10,17,0,0,0.51,0.50,0.60,28.16,17,17,0,0.09,0.00,0.10,28.96,17,17,0,1.09,1.00,1.10,28.58,17,17,0,0.21,0.20,0.30,28.23,17,17,0
1576499,0.37,0.30,0.40,28.88,17,17,0,-0.04,-0.10,0.10,28.39,17,17,0,888.06,885.00,891.80,24.10,17,0,0,0.51,0.50,0.60,28.13,17,17,0,0.11,0.10,0.20,28.95,17,17,0,1.10,1.10,1.10,28.55,17,17,0,0.26,0.20,0.30,28.23,17,17,0
1576999,0.38,0.30,0.40,28.87,17,17,0,0.01,-0.10,0.10,28.40,17,17,0,892.77,887.30,899.20,24.12,17,0,0,0.50,0.50,0.50,28.14,17,17,0,0.09,0.00,0.10,28.98,17,17,0,1.09,1.00,1.10,28.56,17,17,0,0.23,0.20,0.30,28.22,17,17,0
1577503,0.35,0.30,0.40,28.87,17,17,0,-0.02,-0.10,0.10,28.41,17,17,0,904.55,900.90,908.50,24.11,17,0,0,0.50,0.50,0.50,28.14,17,17,0,0.10,0.00,0.20,28.96,17,17,0,1.09,1.00,1.10,28.57,17,17,0,0.24,0.20,0.30,28.22,17,17,0
1578004,0.38,0.30,0.40,28.88,17,17,0,0.00,-0.10,0.10,28.41,17,17,0,899.69,893.90,906.60,24.10,17,0,0,0.50,0.50,0.50,28.13,17,17,0,0.10,0.10,0.10,28.95,17,17,0,1.09,1.00,1.10,28.57,17,17,0,0.24,0.20,0.30,28.23,17,17,0
1578504,0.39,0.30,0.40,28.90,17,17,0,-0.01,-0.10,0.10,28.41,17,17,0,898.45,894.30,904.40,24.13,17,0,0,0.50,0.50,0.50,28.16,17,17,0,0.10,0.00,0.20,28.95,17,17,0,1.09,1.00,1.10,28.58,17,17,0,0.22,0.20,0.30,28.21,17,17,0
1579006,0.37,0.30,0.40,28.87,17,17,0,-0.01,-0.10,0.10,28.40,17,17,0,911.77,906.00,916.80,24.09,17,0,0,0.50,0.50,0.50,28.15,17,17,0,0.11,0.10,0.20,28.95,17,17,0,1.09,1.00,1.10,28.56,17,17,0,0.24,0.20,0.30,28.21,17,17,0
1579506,0.37,0.30,0.40,28.89,17,17,0,-0.03,-0.10,0.00,28.41,17,17,0,914.81,909.80,918.90,24.12,17,0,0,0.50,0.50,0.50,28.16,17,17,0,0.11,0.10,0.20,28.96,17,17,0,1.10,1.10,1.10,28.58,17,17,0,0.24,0.20,0.30,28.23,17,17,0
1580006,0.38,0.30,0.40,28.88,17,17,0,-0.02,-0.10,0.00,28.41,17,17,0,906.57,901.00,910.60,24.12,17,0,0,0.50,0.50,0.50,28.15,17,17,0,0.10,0.10,0.10,28.96,17,17,0,1.09,1.00,1.10,28.57,17,17,0,0.24,0.20,0.30,28.23,17,17,0
1580506,0.38,0.30,0.40,28.90,17,17,0,-0.01,-0.10,0.10,28.41,17,17,0,917.96,906.50,928.20,24.09,17,0,0,0.50,0.50,0.50,28.16,17,17,0,0.10,0.10,0.10,28.96,17,17,0,1.10,1.10,1.10,28.57,17,17,0,0.25,0.20,0.30,28.22,17,17,0
1581006,0.36,0.30,0.40,28.90,17,17,0,-0.01,-0.10,0.10,28.43,17,17,0,935.66,924.00,943.10,24.11,17,0,0,0.51,0.50,0.60,28.14,17,17,0,0.11,0.10,0.20,28.97,17,17,0,1.09,1.00,1.10,28.58,17,17,0,0.22,0.20,0.30,28.22,17,17,0
1581517,0.39,0.30,0.40,28.89,17,17,0,-0.01,-0.10,0.10,28.42,17,17,0,930.65,922.40,938.70,24.12,17,0,0,0.51,0.50,0.60,28.14,17,17,0,0.11,0.00,0.20,28.97,17,17,0,1.09,1.00,1.10,28.57,17,17,0,0.22,0.20,0.30,28.23,17,17,0
1582017,0.36,0.30,0.40,28.88,17,17,0,-0.02,-0.10,0.10,28.42,17,17,0,928.70,922.50,935.30,24.10,17,0,0,0.50,0.50,0.50,28.14,17,17,0,0.11,0.10,0.20,28.96,17,17,0,1.08,1.00,1.10,28.57,17,17,0,0.22,0.20,0.30,28.23,17,17,0
1582517,0.38,0.30,0.40,28.90,17,17,0,0.00,-0.10,0.10,28.41,17,17,0,938.72,934.50,943.30,24.11,17,0,0,0.50,0.50,0.50,28.16,17,17,0,0.10,0.00,0.20,28.96,17,17,0,1.09,1.00,1.10,28.58,17,17,0,0.22,0.20,0.30,28.20,17,17,0
1583017,0.38,0.30,0.40,28.89,17,17,0,-0.02,-0.10,0.10,28.40,17,17,0,941.86,933.70,948.20,24.12,17,0,0,0.51,0.50,0.60,28.16,17,17,0,0.10,0.10,0.10,28.95,17,17,0,1.08,1.00,1.10,28.56,17,17,0,0.24,0.20,0.30,28.23,17,17,0
1583518,0.37,0.30,0.40,28.88,17,17,0,-0.01,-0.10,0.00,28.42,17,17,0,928.18,925.70,933.00,24.10,17,0,0,0.51,0.50,0.60,28.17,17,17,0,0.11,0.10,0.20,28.97,17,17,0,1.09,1.00,1.10,28.57,17,17,0,0.25,0.20,0.30,28.22,17,17,0
1584018,0.37,0.30,0.40,28.90,17,17,0,0.02,-0.10,0.10,28.43,17,17,0,935.66,929.50,941.30,24.12,17,0,0,0.50,0.50,0.50,28.16,17,17,0,0.11,0.10,0.20,28.96,17,17,0,1.09,1.00,1.10,28.60,17,17,0,0.23,0.20,0.30,28.23,17,17,0
1584518,0.38,0.30,0.40,28.88,17,17,0,-0.01,-0.10,0.00,28.42,17,17,0,945.61,937.40,952.40,24.10,17,0,0,0.51,0.50,0.60,28.14,17,17,0,0.10,0.10,0.10,28.97,17,17,0,1.08,1.00,1.10,28.58,17,17,0,0.24,0.20,0.30,28.22,17,17,0
1585020,0.37,0.30,0.40,28.89,17,17,0,-0.03,-0.10,0.10,28.43,17,17,0,931.02,921.20,943.50,24.11,17,0,0,0.49,0.40,0.50,28.16,17,17,0,0.10,0.10,0.10,28.96,17,17,0,1.09,1.00,1.10,28.55,17,17,0,0.24,0.20,0.30,28.22,17,17,0
1585520,0.37,0.30,0.40,28.88,17,17,0,-0.02,-0.10,0.10,28.42,17,17,0,919.89,915.70,928.20,24.12,17,0,0,0.51,0.50,0.60,28.15,17,17,0,0.11,0.10,0.20,28.97,17,17,0,1.09,1.00,1.10,28.59,17,17,0,0.22,0.20,0.30,28.22,17,17,0
1586020,0.36,0.30,0.40,28.90,17,17,0,-0.02,-0.10,0.10,28.42,17,17,0,935.46,927.20,946.10,24.10,17,0,0,0.50,0.50,0.50,28.16,17,17,0,0.09,0.00,0.10,28.95,17,17,0,1.10,1.10,1.10,28.57,17,17,0,0.23,0.20,0.30,28.23,17,17,0
1586520,0.36,0.30,0.40,28.89,17,17,0,0.01,-0.10,0.10,28.42,17,17,0,940.68,929.50,951.80,24.12,17,0,0,0.50,0.50,0.50,28.15,17,17,0,0.10,0.10,0.10,28.96,17,17,0,1.09,1.00,1.10,28.57,17,17,0,0.25,0.20,0.30,28.22,17,17,0
1587028,0.35,0.30,0.40,28.90,17,17,0,-0.02,-0.10,0.10,28.42,17,17,0,917.11,910.70,925.60,24.12,17,0,0,0.51,0.50,0.60,28.16,17,17,0,0.09,0.00,0.10,28.97,17,17,0,1.08,1.00,1.10,28.56,17,17,0,0.25,0.20,0.30,28.25,17,17,0
1587538,0.38,0.30,0.40,28.89,17,17,0,0.01,-0.10,0.10,28.41,17,17,0,919.12,912.50,926.20,24.11,17,0,0,0.50,0.50,0.50,28.15,17,17,0,0.10,0.10,0.10,28.97,17,17,0,1.09,1.00,1.10,28.58,17,17,0,0.24,0.20,0.30,28.22,17,17,0
1588041,0.36,0.30,0.40,28.91,17,17,0,0.00,-0.10,0.10,28.43,17,17,0,931.99,923.80,939.90,24.12,17,0,0,0.51,0.50,0.60,28.16,17,17,0,0.11,0.10,0.20,28.97,17,17,0,1.10,1.10,1.10,28.58,17,17,0,0.26,0.20,0.30,28.23,17,17,0
1588543,0.36,0.30,0.40,28.90,17,17,0,-0.01,-0.10,0.10,28.41,17,17,0,912.70,902.80,927.10,24.12,17,0,0,0.51,0.50,0.60,28.17,17,17,0,0.11,0.10,0.20,28.96,17,17,0,1.08,1.00,1.10,28.58,17,17,0,0.25,0.20,0.30,28.24,17,17,0
1589047,0.36,0.30,0.40,28.90,17,17,0,-0.04,-0.10,0.00,28.42,17,17,0,902.36,897.70,906.90,24.12,17,0,0,0.50,0.50,0.50,28.15,17,17,0,0.10,0.10,0.10,28.96,17,17,0,1.10,1.00,1.20,28.56,17,17,0,0.24,0.20,0.30,28.22,17,17,0
1589547,0.36,0.30,0.40,28.89,17,17,0,-0.04,-0.10,0.00,28.42,17,17,0,914.37,906.00,924.80,24.12,17,0,0,0.50,0.50,0.50,28.16,17,17,0,0.11,0.10,0.20,28.98,17,17,0,1.09,1.00,1.10,28.57,17,17,0,0.22,0.20,0.30,28.23,17,17,0
1590047,0.36,0.30,0.40,28.90,17,17,0,-0.01,-0.10,0.10,28.41,17,17,0,918.52,911.50,927.40,24.12,17,0,0,0.51,0.50,0.60,28.15,17,17,0,0.10,0.10,0.10,28.95,17,17,0,1.10,1.10,1.10,28.57,17,17,0,0.24,0.20,0.30,28.22,17,17,0
1590547,0.37,0.30,0.40,28.90,17,17,0,-0.02,-0.10,0.00,28.43,17,17,0,897.83,891.70,905.60,24.12,17,0,0,0.51,0.50,0.60,28.17,17,17,0,0.10,0.10,0.10,28.96,17,17,0,1.10,1.10,1.10,28.57,17,17,0,0.21,0.20,0.30,28.23,17,17,0
1591047,0.36,0.30,0.40,28.90,17,17,0,0.02,0.00,0.10,28.40,17,17,0,898.44,893.10,905.60,24.13,17,0,0,0.50,0.50,0.50,28.16,17,17,0,0.09,0.00,0.10,28.96,17,17,0,1.07,1.00,1.10,28.57,17,17,0,0.23,0.20,0.30,28.23,17,17,0
1591547,0.38,0.30,0.40,28.89,17,17,0,-0.04,-0.10,0.10,28.41,17,17,0,912.52,903.40,923.20,24.12,17,0,0,0.50,0.50,0.50,28.16,17,17,0,0.09,0.00,0.10,28.97,17,17,0,1.09,1.00,1.10,28.57,17,17,0,0.26,0.20,0.30,28.23,17,17,0
1592055,0.35,0.30,0.40,28.88,17,17,0,-0.01,-0.10,0.10,28.41,17,17,0,902.52,891.10,912.00,24.11,17,0,0,0.50,0.50,0.50,28.15,17,17,0,0.09,0.00,0.10,28.97,17,17,0,1.09,1.00,1.10,28.58,17,17,0,0.23,0.20,0.30,28.22,17,17,0
1592559,0.37,0.30,0.40,28.91,17,17,0,0.01,-0.10,0.10,28.42,17,17,0,895.58,888.00,900.10,24.13,17,0,0,0.50,0.50,0.50,28.16,17,17,0,0.10,0.10,0.10,28.95,17,17,0,1.09,1.00,1.10,28.56,17,17,0,0.22,0.20,0.30,28.24,17,17,0
1593067,0.36,0.30,0.40,28.90,17,17,0,0.01,-0.10,0.10,28.41,17,17,0,899.34,895.40,908.00,24.11,17,0,0,0.51,0.50,0.60,28.16,17,17,0,0.11,0.10,0.20,28.97,17,17,0,1.08,1.00,1.10,28.56,17,17,0,0.25,0.20,0.30,28.23,17,17,0
1593567,0.38,0.30,0.40,28.90,17,17,0,-0.02,-0.10,0.10,28.43,17,17,0,899.61,891.60,906.10,24.11,17,0,0,0.50,0.50,0.50,28.15,17,17,0,0.10,0.10,0.10,28.96,17,17,0,1.09,1.00,1.10,28.58,17,17,0,0.25,0.20,0.30,28.22,17,17,0
1594074,0.39,0.30,0.40,28.91,17,17,0,-0.01,-0.10,0.00,28.42,17,17,0,880.67,874.30,889.00,24.11,17,0,0,0.50,0.50,0.50,28.15,17,17,0,0.09,0.00,0.10,28.96,17,17,0,1.09,1.00,1.10,28.58,17,17,0,0.25,0.20,0.30,28.24,17,17,0
1594574,0.38,0.30,0.40,28.91,17,17,0,-0.01,-0.10,0.10,28.42,17,17,0,884.29,873.50,892.70,24.13,17,0,0,0.50,0.50,0.50,28.16,17,17,0,0.10,0.10,0.10,28.95,17,17,0,1.10,1.10,1.10,28.58,17,17,0,0.23,0.20,0.30,28.23,17,17,0
1595074,0.37,0.30,0.40,28.91,17,17,0,-0.01,-0.10,0.10,28.41,17,17,0,894.71,888.90,901.50,24.12,17,0,0,0.50,0.50,0.50,28.17,17,17,0,0.11,0.10,0.20,28.95,17,17,0,1.09,1.00,1.10,28.58,17,17,0,0.22,0.20,0.30,28.24,17,17,0
1595574,0.38,0.30,0.40,28.90,17,17,0,-0.04,-0.10,0.00,28.40,17,17,0,885.51,872.80,894.10,24.12,17,0,0,0.51,0.50,0.60,28.16,17,17,0,0.11,0.10,0.20,28.97,17,17,0,1.10,1.10,1.10,28.57,17,17,0,0.26,0.20,0.30,28.24,17,17,0
1596075,0.37,0.30,0.40,28.91,17,17,0,-0.01,-0.10,0.10,28.42,17,17,0,872.63,866.90,877.90,24.13,17,0,0,0.51,0.50,0.60,28.17,17,17,0,0.09,0.00,0.10,28.97,17,17,0,1.08,1.00,1.10,28.56,17,17,0,0.24,0.20,0.30,28.23,17,17,0
1596578,0.37,0.30,0.40,28.91,17,17,0,0.01,-0.10,0.10,28.43,17,17,0,885.71,877.60,896.00,24.13,17,0,0,0.50,0.50,0.50,28.17,17,17,0,0.10,0.10,0.10,28.97,17,17,0,1.10,1.10,1.10,28.57,17,17,0,0.24,0.20,0.30,28.24,17,17,0
1597078,0.37,0.30,0.40,28.90,17,17,0,-0.02,-0.10,0.00,28.42,17,17,0,896.12,890.70,902.60,24.13,17,0,0,0.50,0.50,0.50,28.15,17,17,0,0.10,0.10,0.10,28.97,17,17,0,1.07,1.00,1.10,28.56,17,17,0,0.25,0.20,0.30,28.24,17,17,0
1597582,0.38,0.30,0.40,28.90,17,17,0,-0.02,-0.10,0.10,28.43,17,17,0,876.16,868.70,885.90,24.13,17,0,0,0.50,0.50,0.50,28.15,17,17,0,0.10,0.10,0.10,28.97,17,17,0,1.09,1.00,1.10,28.57,17,17,0,0.24,0.20,0.30,28.24,17,17,0
1598083,0.38,0.30,0.40,28.90,17,17,0,-0.01,-0.10,0.10,28.43,17,17,0,875.37,868.50,883.50,24.13,17,0,0,0.50,0.50,0.50,28.15,17,17,0,0.10,0.00,0.20,28.96,17,17,0,1.08,1.00,1.10,28.57,17,17,0,0.24,0.20,0.30,28.24,17,17,0
1598583,0.35,0.30,0.40,28.92,17,17,0,-0.04,-0.10,0.00,28.42,17,17,0,891.28,882.80,897.80,24.13,17,0,0,0.51,0.50,0.60,28.16,17,17,0,0.10,0.10,0.10,28.98,17,17,0,1.08,1.00,1.10,28.57,17,17,0,0.23,0.20,0.30,28.22,17,17,0
1599083,0.38,0.30,0.40,28.90,17,17,0,-0.02,-0.10,0.10,28.42,17,17,0,880.81,870.40,894.50,24.11,17,0,0,0.51,0.50,0.60,28.15,17,17,0,0.10,0.10,0.10,28.98,17,17,0,1.09,1.00,1.10,28.58,17,17,0,0.22,0.20,0.30,28.24,17,17,0
1599583,0.38,0.30,0.40,28.90,17,17,0,-0.02,-0.10,0.10,28.42,17,17,0,867.02,859.10,874.70,24.13,17,0,0,0.49,0.40,0.50,28.16,17,17,0,0.10,0.10,0.10,28.97,17,17,0,1.10,1.10,1.10,28.58,17,17,0,0.24,0.20,0.30,28.24,17,17,0
1600094,0.36,0.30,0.40,28.91,17,17,0,-0.01,-0.10,0.10,28.42,17,17,0,882.02,872.20,890.70,24.13,17,0,0,0.50,0.50,0.50,28.16,17,17,0,0.10,0.10,0.10,28.99,17,17,0,1.09,1.00,1.10,28.58,17,17,0,0.22,0.20,0.30,28.23,17,17,0
1600594,0.37,0.30,0.40,28.90,17,17,0,0.00,-0.10,0.10,28.41,17,17,0,893.38,884.40,896.90,24.12,17,0,0,0.51,0.50,0.60,28.18,17,17,0,0.11,0.10,0.20,28.98,17,17,0,1.09,1.00,1.10,28.57,17,17,0,0.21,0.20,0.30,28.22,17,17,0
1601094,0.36,0.30,0.40,28.91,17,17,0,-0.01,-0.10,0.10,28.42,17,17,0,874.79,864.50,884.20,24.12,17,0,0,0.50,0.50,0.50,28.16,17,17,0,0.09,0.00,0.10,28.96,17,17,0,1.09,1.00,1.10,28.59,17,17,0,0.24,0.20,0.30,28.24,17,17,0
1601596,0.38,0.30,0.40,28.91,17,17,0,-0.01,-0.10,0.10,28.43,17,17,0,874.56,865.20,886.00,24.11,17,0,0,0.50,0.50,0.50,28.16,17,17,0,0.08,0.00,0.10,28.97,17,17,0,1.09,1.00,1.10,28.58,17,17,0,0.22,0.20,0.30,28.24,17,17,0
1602096,0.38,0.30,0.40,28.91,17,17,0,0.00,-0.10,0.10,28.43,17,17,0,892.46,885.00,901.30,24.11,17,0,0,0.50,0.50,0.50,28.15,17,17,0,0.09,0.00,0.10,28.96,17,17,0,1.09,1.00,1.10,28.57,17,17,0,0.24,0.20,0.30,28.24,17,17,0
1602600,0.38,0.30,0.40,28.91,17,17,0,-0.04,-0.10,0.00,28.44,17,17,0,886.06,873.00,898.90,24.11,17,0,0,0.50,0.50,0.50,28.17,17,17,0,0.10,0.00,0.20,28.96,17,17,0,1.09,1.00,1.10,28.57,17,17,0,0.25,0.20,0.30,28.23,17,17,0
1603100,0.36,0.30,0.40,28.91,17,17,0,0.00,-0.10,0.10,28.44,17,17,0,868.58,864.90,875.00,24.11,17,0,0,0.50,0.50,0.50,28.16,17,17,0,0.10,0.10,0.10,28.98,17,17,0,1.09,1.00,1.10,28.58,17,17,0,0.22,0.20,0.30,28.23,17,17,0
1603602,0.38,0.30,0.40,28.90,17,17,0,-0.02,-0.10,0.10,28.42,17,17,0,882.61,869.40,899.00,24.11,17,0,0,0.50,0.50,0.50,28.17,17,17,0,0.09,0.00,0.10,28.98,17,17,0,1.09,1.00,1.10,28.57,17,17,0,0.23,0.20,0.30,28.23,17,17,0
1604102,0.39,0.30,0.40,28.90,17,17,0,-0.02,-0.10,0.10,28.41,17,17,0,900.44,891.90,907.40,24.13,17,0,0,0.50,0.50,0.50,28.17,17,17,0,0.09,0.00,0.10,28.97,17,17,0,1.09,1.00,1.10,28.59,17,17,0,0.22,0.20,0.30,28.23,17,17,0
1604602,0.39,0.30,0.40,28.91,17,17,0,-0.01,-0.10,0.00,28.42,17,17,0,879.74,869.40,893.80,24.12,17,0,0,0.50,0.50,0.50,28.18,17,17,0,0.11,0.10,0.20,28.97,17,17,0,1.09,1.00,1.10,28.58,17,17,0,0.22,0.20,0.30,28.24,17,17,0
1605102,0.35,0.30,0.40,28.92,17,17,0,-0.02,-0.10,0.00,28.42,17,17,0,872.13,864.90,878.20,24.12,17,0,0,0.50,0.50,0.50,28.17,17,17,0,0.11,0.10,0.20,28.98,17,17,0,1.09,1.00,1.10,28.57,17,17,0,0.22,0.20,0.30,28.23,17,17,0
1605602,0.38,0.30,0.40,28.90,17,17,0,-0.02,-0.10,0.10,28.43,17,17,0,890.93,879.60,901.70,24.12,17,0,0,0.50,0.50,0.50,28.17,17,17,0,0.10,0.00,0.20,28.97,17,17,0,1.09,1.00,1.10,28.57,17,17,0,0.22,0.10,0.30,28.24,17,17,0
1606102,0.37,0.30,0.40,28.90,17,17,0,0.01,-0.10,0.10,28.42,17,17,0,889.34,873.90,905.20,24.13,17,0,0,0.51,0.50,0.60,28.15,17,17,0,0.10,0.10,0.10,28.97,17,17,0,1.09,1.00,1.10,28.58,17,17,0,0.25,0.20,0.30,28.23,17,17,0
1606602,0.36,0.30,0.40,28.91,17,17,0,-0.04,-0.10,0.00,28.41,17,17,0,873.08,868.80,877.90,24.12,17,0,0,0.51,0.50,0.60,28.16,17,17,0,0.09,0.00,0.10,28.98,17,17,0,1.09,1.00,1.10,28.58,17,17,0,0.21,0.20,0.30,28.22,17,17,0
1607103,0.36,0.30,0.40,28.91,17,17,0,-0.04,-0.10,0.10,28.45,17,17,0,882.13,871.00,896.30,24.12,17,0,0,0.50,0.50,0.50,28.14,17,17,0,0.10,0.00,0.20,28.97,17,17,0,1.09,1.00,1.10,28.58,17,17,0,0.23,0.20,0.30,28.22,17,17,0
1607603,0.35,0.30,0.40,28.91,17,17,0,-0.01,-0.10,0.10,28.43,17,17,0,898.06,889.60,905.00,24.11,17,0,0,0.50,0.50,0.50,28.17,17,17,0,0.11,0.10,0.20,28.98,17,17,0,1.09,1.00,1.10,28.59,17,17,0,0.23,0.20,0.30,28.23,17,17,0
1608103,0.38,0.30,0.40,28.93,17,17,0,-0.02,-0.10,0.00,28.43,17,17,0,876.65,869.30,887.50,24.11,17,0,0,0.50,0.50,0.50,28.16,17,17,0,0.09,0.00,0.10,28.97,17,17,0,1.10,1.10,1.10,28.59,17,17,0,0.24,0.20,0.30,28.22,17,17,0
1608603,0.39,0.30,0.40,28.92,17,17,0,-0.01,-0.10,0.10,28.42,17,17,0,873.58,868.90,880.60,24.11,17,0,0,0.51,0.50,0.60,28.17,17,17,0,0.11,0.10,0.20,28.97,17,17,0,1.08,1.00,1.10,28.58,17,17,0,0.24,0.20,0.30,28.24,17,17,0
1609103,0.38,0.30,0.40,28.91,17,17,0,-0.01,-0.10,0.10,28.43,17,17,0,890.29,877.70,899.60,24.09,17,0,0,0.51,0.50,0.60,28.16,17,17,0,0.11,0.10,0.20,28.98,17,17,0,1.09,1.00,1.10,28.59,17,17,0,0.23,0.20,0.30,28.24,17,17,0
1609603,0.37,0.30,0.40,28.90,17,17,0,-0.01,-0.10,0.10,28.43,17,17,0,890.68,884.00,899.90,24.09,17,0,0,0.51,0.50,0.60,28.17,17,17,0,0.11,0.10,0.20,28.99,17,17,0,1.09,1.00,1.10,28.58,17,17,0,0.24,0.20,0.30,28.24,17,17,0
1610103,0.38,0.30,0.40,28.92,17,17,0,-0.02,-0.10,0.10,28.41,17,17,0,878.24,874.30,881.60,24.09,17,0,0,0.50,0.50,0.50,28.16,17,17,0,0.09,0.00,0.10,28.97,17,17,0,1.10,1.00,1.20,28.59,17,17,0,0.24,0.20,0.30,28.25,17,17,0
1610603,0.36,0.30,0.40,28.90,17,17,0,-0.01,-0.10,0.00,28.43,17,17,0,886.50,880.50,891.00,24.11,17,0,0,0.50,0.50,0.50,28.16,17,17,0,0.09,0.00,0.10,28.99,17,17,0,1.08,1.00,1.10,28.57,17,17,0,0.25,0.20,0.30,28.23,17,17,0
1611103,0.38,0.30,0.40,28.91,17,17,0,0.00,-0.10,0.10,28.43,17,17,0,900.24,897.00,904.00,24.13,17,0,0,0.51,0.50,0.60,28.17,17,17,0,0.12,0.10,0.20,28.98,17,17,0,1.09,1.00,1.10,28.59,17,17,0,0.22,0.20,0.30,28.23,17,17,0
1611603,0.37,0.30,0.40,28.91,17,17,0,-0.04,-0.10,0.10,28.44,17,17,0,891.76,883.70,897.70,24.09,17,0,0,0.50,0.50,0.50,28.15,17,17,0,0.10,0.10,0.10,28.98,17,17,0,1.10,1.10,1.10,28.58,17,17,0,0.22,0.20,0.30,28.25,17,17,0
1612104,0.37,0.30,0.40,28.91,17,17,0,-0.01,-0.10,0.10,28.43,17,17,0,893.96,887.70,901.30,24.11,17,0,0,0.51,0.50,0.60,28.18,17,17,0,0.10,0.10,0.10,28.98,17,17,0,1.09,1.00,1.10,28.58,17,17,0,0.23,0.20,0.30,28.24,17,17,0
1612616,0.37,0.30,0.40,28.92,18,18,0,-0.03,-0.10,0.10,28.42,18,18,0,900.01,895.70,905.50,24.10,18,0,0,0.50,0.50,0.50,28.17,18,18,0,0.11,0.10,0.20,28.98,18,18,0,1.10,1.10,1.10,28.56,18,18,0,0.23,0.20,0.30,28.24,18,18,0
1613116,0.37,0.30,0.40,28.92,17,17,0,-0.03,-0.10,0.00,28.42,17,17,0,903.04,897.30,907.80,24.12,17,0,0,0.50,0.40,0.60,28.17,17,17,0,0.10,0.00,0.20,28.97,17,17,0,1.09,1.00,1.10,28.59,17,17,0,0.24,0.20,0.30,28.23,17,17,0
1613629,0.37,0.30,0.40,28.90,18,18,0,-0.03,-0.10,0.10,28.42,18,18,0,896.33,890.10,904.80,24.11,18,0,0,0.50,0.50,0.50,28.16,18,18,0,0.10,0.10,0.10,28.98,18,18,0,1.08,1.00,1.10,28.58,18,18,0,0.24,0.20,0.30,28.23,18,18,0
1614129,0.36,0.30,0.40,28.90,17,17,0,-0.02,-0.10,0.10,28.43,17,17,0,908.31,903.20,912.70,24.10,17,0,0,0.50,0.50,0.50,28.16,17,17,0,0.11,0.00,0.20,28.97,17,17,0,1.07,1.00,1.10,28.57,17,17,0,0.25,0.20,0.30,28.22,17,17,0
1614629,0.37,0.30,0.40,28.91,17,17,0,-0.04,-0.10,0.10,28.42,17,17,0,916.62,912.30,920.90,24.08,17,0,0,0.51,0.50,0.60,28.14,17,17,0,0.10,0.10,0.10,28.98,17,17,0,1.09,1.00,1.10,28.57,17,17,0,0.25,0.20,0.30,28.24,17,17,0
1615129,0.37,0.30,0.40,28.91,17,17,0,-0.02,-0.10,0.10,28.42,17,17,0,913.47,906.60,918.90,24.11,17,0,0,0.50,0.50,0.50,28.15,17,17,0,0.10,0.00,0.20,28.99,17,17,0,1.09,1.00,1.10,28.58,17,17,0,0.21,0.20,0.30,28.24,17,17,0
1615629,0.35,0.30,0.40,28.92,17,17,0,-0.03,-0.10,0.00,28.43,17,17,0,919.68,912.00,926.30,24.10,17,0,0,0.51,0.50,0.60,28.16,17,17,0,0.09,0.00,0.20,28.99,17,17,0,1.08,1.00,1.10,28.59,17,17,0,0.26,0.20,0.30,28.25,17,17,0
1616131,0.38,0.30,0.40,28.90,17,17,0,-0.03,-0.10,0.10,28.42,17,17,0,926.78,919.80,936.10,24.09,17,0,0,0.51,0.50,0.60,28.17,17,17,0,0.09,0.00,0.10,28.96,17,17,0,1.09,1.00,1.10,28.58,17,17,0,0.22,0.20,0.30,28.24,17,17,0
1616635,0.38,0.30,0.40,28.91,17,17,0,0.00,-0.10,0.10,28.43,17,17,0,930.14,922.70,935.80,24.11,17,0,0,0.50,0.50,0.50,28.17,17,17,0,0.10,0.10,0.10,28.98,17,17,0,1.10,1.10,1.10,28.59,17,17,0,0.23,0.20,0.30,28.24,17,17,0
1617135,0.39,0.30,0.40,28.91,17,17,0,-0.02,-0.10,0.10,28.43,17,17,0,920.06,915.50,924.40,24.11,17,0,0,0.50,0.50,0.50,28.16,17,17,0,0.10,0.10,0.10,28.96,17,17,0,1.09,1.00,1.10,28.58,17,17,0,0.24,0.20,0.30,28.24,17,17,0
1617636,0.36,0.30,0.40,28.91,17,17,0,-0.04,-0.10,0.10,28.42,17,17,0,930.90,924.10,937.90,24.11,17,0,0,0.51,0.50,0.60,28.15,17,17,0,0.11,0.10,0.20,28.98,17,17,0,1.09,1.00,1.10,28.58,17,17,0,0.25,0.20,0.30,28.24,17,17,0
1618139,0.36,0.30,0.40,28.91,17,17,0,-0.02,-0.10,0.10,28.43,17,17,0,942.01,936.30,948.50,24.10,17,0,0,0.51,0.50,0.60,28.16,17,17,0,0.11,0.10,0.20,28.99,17,17,0,1.09,1.00,1.10,28.58,17,17,0,0.25,0.20,0.30,28.24,17,17,0
1618639,0.36,0.30,0.40,28.91,17,17,0,-0.01,-0.10,0.10,28.42,17,17,0,930.74,924.20,938.60,24.11,17,0,0,0.50,0.50,0.50,28.16,17,17,0,0.11,0.10,0.20,28.97,17,17,0,1.10,1.10,1.10,28.59,17,17,0,0.22,0.20,0.30,28.24,17,17,0
1619150,0.38,0.30,0.40,28.91,17,17,0,-0.02,-0.10,0.10,28.42,17,17,0,929.84,921.80,938.30,24.10,17,0,0,0.50,0.50,0.50,28.16,17,17,0,0.12,0.10,0.20,28.97,17,17,0,1.10,1.10,1.10,28.59,17,17,0,0.21,0.20,0.30,28.23,17,17,0
1619650,0.36,0.30,0.40,28.91,17,17,0,-0.02,-0.10,0.10,28.43,17,17,0,944.64,935.20,953.50,24.10,17,0,0,0.51,0.50,0.60,28.16,17,17,0,0.09,0.00,0.10,28.99,17,17,0,1.09,1.00,1.10,28.59,17,17,0,0.25,0.20,0.30,28.26,17,17,0
1620156,0.37,0.30,0.40,28.92,17,17,0,-0.02,-0.10,0.10,28.42,17,17,0,943.35,932.90,951.20,24.10,17,0,0,0.51,0.50,0.60,28.16,17,17,0,0.11,0.10,0.20,28.98,17,17,0,1.10,1.10,1.10,28.59,17,17,0,0.25,0.20,0.30,28.23,17,17,0
1620668,0.37,0.30,0.40,28.91,18,18,0,-0.04,-0.10,0.00,28.44,18,18,0,926.63,921.60,931.00,24.10,18,0,0,0.50,0.50,0.50,28.17,18,18,0,0.09,0.00,0.10,28.98,18,18,0,1.09,1.00,1.10,28.59,18,18,0,0.22,0.20,0.30,28.26,18,18,0
1621169,0.39,0.30,0.40,28.91,17,17,0,-0.02,-0.10,0.10,28.42,17,17,0,935.01,928.60,941.20,24.12,17,0,0,0.51,0.50,0.60,28.17,17,17,0,0.09,0.00,0.10,28.99,17,17,0,1.09,1.00,1.10,28.58,17,17,0,0.24,0.20,0.30,28.24,17,17,0
1621669,0.38,0.30,0.40,28.92,17,17,0,0.01,-0.10,0.10,28.44,17,17,0,943.81,930.70,948.30,24.10,17,0,0,0.50,0.50,0.50,28.17,17,17,0,0.10,0.10,0.10,28.98,17,17,0,1.10,1.10,1.10,28.58,17,17,0,0.23,0.20,0.30,28.25,17,17,0
1622172,0.36,0.30,0.40,28.89,17,17,0,-0.01,-0.10,0.00,28.43,17,17,0,919.82,909.90,932.30,24.09,17,0,0,0.49,0.40,0.50,28.16,17,17,0,0.09,0.00,0.10,28.98,17,17,0,1.10,1.10,1.10,28.58,17,17,0,0.22,0.20,0.30,28.25,17,17,0
1622676,0.36,0.30,0.40,28.92,17,17,0,-0.01,-0.10,0.10,28.43,17,17,0,916.59,908.80,927.20,24.10,17,0,0,0.51,0.50,0.60,28.17,17,17,0,0.10,0.10,0.10,28.98,17,17,0,1.08,1.00,1.10,28.58,17,17,0,0.24,0.20,0.30,28.22,17,17,0
1623176,0.39,0.30,0.40,28.92,17,17,0,0.00,-0.10,0.10,28.42,17,17,0,932.58,923.70,942.10,24.10,17,0,0,0.50,0.50,0.50,28.15,17,17,0,0.11,0.10,0.20,28.98,17,17,0,1.08,1.00,1.10,28.57,17,17,0,0.23,0.20,0.30,28.24,17,17,0
1623676,0.36,0.30,0.40,28.91,17,17,0,-0.01,-0.10,0.10,28.42,17,17,0,928.24,912.10,941.00,24.10,17,0,0,0.51,0.50,0.60,28.16,17,17,0,0.10,0.10,0.10,28.98,17,17,0,1.08,1.00,1.10,28.59,17,17,0,0.22,0.20,0.30,28.24,17,17,0
1624180,0.36,0.30,0.40,28.92,17,17,0,-0.02,-0.10,0.00,28.45,17,17,0,903.76,893.60,910.30,24.11,17,0,0,0.50,0.50,0.50,28.15,17,17,0,0.10,0.10,0.10,28.98,17,17,0,1.09,1.00,1.10,28.57,17,17,0,0.24,0.20,0.30,28.25,17,17,0
1624680,0.36,0.30,0.40,28.92,17,17,0,-0.01,-0.10,0.10,28.43,17,17,0,908.67,897.80,916.70,24.10,17,0,0,0.50,0.40,0.60,28.17,17,17,0,0.10,0.10,0.10,28.96,17,17,0,1.08,1.00,1.10,28.57,17,17,0,0.23,0.20,0.30,28.23,17,17,0
1625180,0.38,0.30,0.40,28.92,17,17,0,-0.01,-0.10,0.10,28.44,17,17,0,924.05,916.70,931.60,24.10,17,0,0,0.50,0.50,0.50,28.17,17,17,0,0.10,0.00,0.20,28.97,17,17,0,1.09,1.00,1.10,28.58,17,17,0,0.24,0.20,0.30,28.23,17,17,0
1625680,0.36,0.30,0.40,28.90,17,17,0,-0.01,-0.10,0.10,28.43,17,17,0,900.90,893.20,913.60,24.12,17,0,0,0.51,0.50,0.60,28.16,17,17,0,0.10,0.10,0.10,28.99,17,17,0,1.09,1.00,1.10,28.58,17,17,0,0.23,0.20,0.30,28.23,17,17,0
1626181,0.36,0.30,0.40,28.90,17,17,0,-0.02,-0.10,0.00,28.44,17,17,0,892.08,884.70,901.30,24.10,17,0,0,0.50,0.50,0.50,28.16,17,17,0,0.10,0.10,0.10,28.98,17,17,0,1.10,1.10,1.10,28.58,17,17,0,0.24,0.20,0.30,28.24,17,17,0
1626681,0.38,0.30,0.40,28.90,17,17,0,0.00,-0.10,0.10,28.44,17,17,0,908.31,896.40,919.30,24.12,17,0,0,0.50,0.50,0.50,28.17,17,17,0,0.11,0.10,0.20,28.97,17,17,0,1.08,1.00,1.10,28.57,17,17,0,0.25,0.20,0.30,28.24,17,17,0
1627183,0.36,0.30,0.40,28.90,17,17,0,-0.01,-0.10,0.10,28.44,17,17,0,909.99,899.50,919.10,24.10,17,0,0,0.49,0.40,0.50,28.16,17,17,0,0.11,0.00,0.20,28.99,17,17,0,1.09,1.00,1.10,28.59,17,17,0,0.24,0.20,0.30,28.25,17,17,0
1627683,0.36,0.30,0.40,28.91,17,17,0,-0.01,-0.10,0.10,28.44,17,17,0,891.75,886.20,898.70,24.12,17,0,0,0.50,0.50,0.50,28.16,17,17,0,0.09,0.00,0.20,28.97,17,17,0,1.10,1.10,1.10,28.58,17,17,0,0.23,0.20,0.30,28.24,17,17,0
1628183,0.38,0.30,0.40,28.91,17,17,0,-0.01,-0.10,0.00,28.43,17,17,0,893.61,887.30,899.50,24.09,17,0,0,0.50,0.50,0.50,28.17,17,17,0,0.10,0.10,0.10,28.99,17,17,0,1.10,1.10,1.10,28.59,17,17,0,0.25,0.20,0.30,28.23,17,17,0
1628695,0.37,0.30,0.40,28.91,18,18,0,0.01,-0.10,0.10,28.43,18,18,0,902.77,894.30,908.30,24.11,18,0,0,0.48,0.40,0.50,28.16,18,18,0,0.09,0.00,0.20,28.97,18,18,0,1.10,1.10,1.10,28.57,18,18,0,0.23,0.20,0.30,28.25,18,18,0
1629195,0.36,0.30,0.40,28.91,17,17,0,0.00,-0.10,0.10,28.43,17,17,0,882.12,876.30,891.20,24.11,17,0,0,0.50,0.50,0.50,28.16,17,17,0,0.09,0.00,0.10,28.98,17,17,0,1.09,1.00,1.10,28.57,17,17,0,0.24,0.20,0.30,28.24,17,17,0
1629695,0.37,0.30,0.40,28.91,17,17,0,-0.04,-0.10,0.10,28.44,17,17,0,875.35,870.90,882.80,24.12,17,0,0,0.50,0.50,0.50,28.16,17,17,0,0.10,0.10,0.10,28.98,17,17,0,1.10,1.10,1.10,28.58,17,17,0,0.24,0.20,0.30,28.23,17,17,0
1630198,0.36,0.30,0.40,28.91,17,17,0,-0.02,-0.10,0.00,28.43,17,17,0,891.89,882.70,902.40,24.14,17,0,0,0.50,0.50,0.50,28.16,17,17,0,0.10,0.10,0.10,28.98,17,17,0,1.09,1.00,1.10,28.57,17,17,0,0.24,0.20,0.30,28.22,17,17,0
1630698,0.36,0.30,0.40,28.92,17,17,0,0.01,-0.10,0.10,28.43,17,17,0,897.10,887.00,904.70,24.11,17,0,0,0.51,0.50,0.60,28.18,17,17,0,0.11,0.10,0.20,28.97,17,17,0,1.09,1.00,1.10,28.58,17,17,0,0.26,0.20,0.30,28.26,17,17,0
1631201,0.37,0.30,0.40,28.91,17,17,0,-0.03,-0.10,0.00,28.43,17,17,0,880.02,873.10,885.50,24.11,17,0,0,0.50,0.50,0.50,28.17,17,17,0,0.09,0.00,0.10,28.96,17,17,0,1.10,1.10,1.10,28.58,17,17,0,0.24,0.20,0.30,28.23,17,17,0
1631709,0.37,0.30,0.40,28.91,17,17,0,-0.01,-0.10,0.10,28.42,17,17,0,881.60,876.80,886.90,24.11,17,0,0,0.50,0.50,0.50,28.16,17,17,0,0.10,0.00,0.20,28.97,17,17,0,1.08,1.00,1.10,28.59,17,17,0,0.24,0.20,0.30,28.25,17,17,0
1632209,0.36,0.30,0.40,28.91,17,17,0,0.01,-0.10,0.10,28.41,17,17,0,893.74,887.90,899.10,24.11,17,0,0,0.51,0.50,0.60,28.17,17,17,0,0.09,0.00,0.10,28.97,17,17,0,1.09,1.00,1.10,28.58,17,17,0,0.22,0.20,0.30,28.24,17,17,0
1632709,0.38,0.30,0.40,28.92,17,17,0,-0.03,-0.10,0.10,28.42,17,17,0,882.83,874.20,892.40,24.13,17,0,0,0.51,0.50,0.60,28.17,17,17,0,0.09,0.00,0.10,28.98,17,17,0,1.09,1.00,1.10,28.58,17,17,0,0.24,0.20,0.30,28.24,17,17,0
1633211,0.37,0.30,0.40,28.90,17,17,0,-0.02,-0.10,0.00,28.43,17,17,0,872.70,867.10,884.10,24.11,17,0,0,0.50,0.50,0.50,28.16,17,17,0,0.11,0.10,0.20,28.97,17,17,0,1.09,1.00,1.10,28.57,17,17,0,0.25,0.20,0.30,28.23,17,17,0
1633711,0.35,0.30,0.40,28.90,17,17,0,-0.01,-0.10,0.10,28.43,17,17,0,884.92,876.50,894.70,24.12,17,0,0,0.51,0.50,0.60,28.16,17,17,0,0.10,0.10,0.10,28.97,17,17,0,1.09,1.00,1.10,28.58,17,17,0,0.23,0.20,0.30,28.26,17,17,0
1634217,0.36,0.30,0.40,28.92,17,17,0,-0.03,-0.10,0.00,28.42,17,17,0,893.32,881.80,903.80,24.11,17,0,0,0.50,0.50,0.50,28.18,17,17,0,0.10,0.10,0.10,28.98,17,17,0,1.08,1.00,1.10,28.59,17,17,0,0.24,0.20,0.30,28.24,17,17,0
1634717,0.34,0.30,0.40,28.91,17,17,0,0.00,-0.10,0.10,28.41,17,17,0,874.63,870.00,883.40,24.13,17,0,0,0.50,0.50,0.50,28.17,17,17,0,0.10,0.10,0.10,28.96,17,17,0,1.09,1.00,1.10,28.59,17,17,0,0.24,0.20,0.30,28.24,17,17,0
1635224,0.38,0.30,0.40,28.92,17,17,0,0.00,-0.10,0.10,28.43,17,17,0,878.11,872.10,883.10,24.12,17,0,0,0.50,0.50,0.50,28.16,17,17,0,0.11,0.10,0.20,28.97,17,17,0,1.08,1.00,1.10,28.59,17,17,0,0.25,0.20,0.30,28.25,17,17,0
1635724,0.36,0.30,0.40,28.92,17,17,0,-0.02,-0.10,0.10,28.42,17,17,0,893.29,885.10,899.70,24.12,17,0,0,0.50,0.50,0.50,28.16,17,17,0,0.09,0.00,0.10,28.98,17,17,0,1.10,1.10,1.10,28.59,17,17,0,0.26,0.20,0.30,28.24,17,17,0
1636233,0.38,0.30,0.40,28.92,17,17,0,-0.01,-0.10,0.10,28.42,17,17,0,888.81,878.80,901.00,24.13,17,0,0,0.49,0.40,0.50,28.16,17,17,0,0.09,0.00,0.10,28.96,17,17,0,1.08,1.00,1.10,28.58,17,17,0,0.23,0.20,0.30,28.25,17,17,0
1636737,0.34,0.30,0.40,28.91,17,17,0,-0.02,-0.10,0.00,28.42,17,17,0,878.36,871.10,883.30,24.12,17,0,0,0.50,0.50,0.50,28.19,17,17,0,0.10,0.00,0.20,28.97,17,17,0,1.10,1.10,1.10,28.57,17,17,0,0.23,0.20,0.30,28.24,17,17,0
1637237,0.34,0.30,0.40,28.90,17,17,0,-0.02,-0.10,0.10,28.42,17,17,0,888.35,881.90,893.70,24.13,17,0,0,0.51,0.50,0.60,28.15,17,17,0,0.10,0.10,0.10,28.97,17,17,0,1.09,1.00,1.10,28.57,17,17,0,0.22,0.20,0.30,28.24,17,17,0
1637744,0.36,0.30,0.40,28.90,17,17,0,-0.02,-0.10,0.10,28.42,17,17,0,888.72,874.40,893.60,24.13,17,0,0,0.50,0.50,0.50,28.17,17,17,0,0.09,0.00,0.10,28.97,17,17,0,1.09,1.00,1.10,28.59,17,17,0,0.23,0.20,0.30,28.25,17,17,0
1638246,0.36,0.30,0.40,28.91,17,17,0,-0.01,-0.10,0.10,28.44,17,17,0,869.56,862.30,877.30,24.12,17,0,0,0.52,0.50,0.60,28.16,17,17,0,0.10,0.10,0.10,28.99,17,17,0,1.10,1.10,1.10,28.58,17,17,0,0.22,0.20,0.30,28.25,17,17,0
1638746,0.38,0.30,0.40,28.92,17,17,0,-0.02,-0.10,0.00,28.42,17,17,0,873.30,866.30,885.30,24.11,17,0,0,0.50,0.50,0.50,28.16,17,17,0,0.11,0.10,0.20,28.97,17,17,0,1.10,1.10,1.10,28.57,17,17,0,0.24,0.20,0.30,28.25,17,17,0
1639246,0.37,0.30,0.40,28.91,17,17,0,-0.01,-0.10,0.10,28.43,17,17,0,895.77,885.70,908.30,24.13,17,0,0,0.51,0.50,0.60,28.17,17,17,0,0.10,0.00,0.20,28.99,17,17,0,1.09,1.00,1.10,28.57,17,17,0,0.22,0.20,0.30,28.25,17,17,0
1639746,0.36,0.30,0.40,28.92,17,17,0,-0.02,-0.10,0.10,28.43,17,17,0,888.18,873.90,904.90,24.12,17,0,0,0.51,0.50,0.60,28.17,17,17,0,0.11,0.10,0.20,28.97,17,17,0,1.08,1.00,1.10,28.57,17,17,0,0.23,0.20,0.30,28.25,17,17,0
1640246,0.37,0.30,0.40,28.91,17,17,0,-0.01,-0.10,0.10,28.44,17,17,0,872.31,869.40,879.40,24.12,17,0,0,0.50,0.50,0.50,28.17,17,17,0,0.11,0.10,0.20,28.97,17,17,0,1.09,1.00,1.10,28.58,17,17,0,0.24,0.20,0.30,28.24,17,17,0
1640746,0.38,0.30,0.40,28.92,17,17,0,-0.01,-0.10,0.10,28.45,17,17,0,883.54,873.50,893.10,24.13,17,0,0,0.50,0.50,0.50,28.18,17,17,0,0.09,0.00,0.10,28.99,17,17,0,1.09,1.00,1.10,28.57,17,17,0,0.23,0.20,0.30,28.25,17,17,0
1641246,0.36,0.30,0.40,28.92,17,17,0,0.00,-0.10,0.10,28.42,17,17,0,893.61,881.90,900.70,24.13,17,0,0,0.50,0.50,0.50,28.16,17,17,0,0.10,0.10,0.10,28.97,17,17,0,1.09,1.00,1.10,28.56,17,17,0,0.23,0.20,0.30,28.24,17,17,0
1641746,0.37,0.30,0.40,28.91,17,17,0,-0.01,-0.10,0.10,28.43,17,17,0,873.19,868.80,879.70,24.13,17,0,0,0.50,0.50,0.50,28.18,17,17,0,0.11,0.10,0.20,28.97,17,17,0,1.09,1.00,1.10,28.57,17,17,0,0.24,0.20,0.30,28.24,17,17,0
1642247,0.39,0.30,0.40,28.91,17,17,0,-0.02,-0.10,0.00,28.44,17,17,0,872.11,860.50,883.50,24.13,17,0,0,0.51,0.50,0.60,28.16,17,17,0,0.11,0.10,0.20,28.97,17,17,0,1.09,1.00,1.10,28.59,17,17,0,0.22,0.20,0.30,28.23,17,17,0
1642747,0.35,0.30,0.40,28.91,17,17,0,-0.03,-0.10,0.10,28.43,17,17,0,892.19,881.50,899.40,24.12,17,0,0,0.49,0.40,0.50,28.15,17,17,0,0.11,0.10,0.20,28.99,17,17,0,1.09,1.00,1.10,28.57,17,17,0,0.24,0.20,0.30,28.24,17,17,0
1643247,0.36,0.30,0.40,28.91,17,17,0,-0.02,-0.10,0.00,28.42,17,17,0,880.68,871.00,896.00,24.10,17,0,0,0.51,0.50,0.60,28.17,17,17,0,0.10,0.10,0.10,28.98,17,17,0,1.09,1.00,1.10,28.58,17,17,0,0.26,0.20,0.30,28.26,17,17,0
1643748,0.35,0.30,0.40,28.89,17,17,0,0.01,-0.10,0.10,28.41,17,17,0,866.45,857.70,874.80,24.13,17,0,0,0.50,0.50,0.50,28.17,17,17,0,0.11,0.00,0.20,28.99,17,17,0,1.09,1.00,1.10,28.56,17,17,0,0.24,0.20,0.30,28.24,17,17,0
1644252,0.35,0.30,0.40,28.91,17,17,0,-0.02,-0.10,0.10,28.44,17,17,0,882.96,868.90,895.50,24.11,17,0,0,0.50,0.50,0.50,28.17,17,17,0,0.10,0.10,0.10,28.97,17,17,0,1.09,1.00,1.10,28.58,17,17,0,0.24,0.20,0.30,28.25,17,17,0
1644760,0.37,0.30,0.40,28.91,17,17,0,-0.02,-0.10,0.00,28.40,17,17,0,894.76,881.60,906.10,24.13,17,0,0,0.50,0.50,0.50,28.17,17,17,0,0.10,0.10,0.10,28.98,17,17,0,1.09,1.00,1.10,28.58,17,17,0,0.24,0.20,0.30,28.23,17,17,0
1645260,0.38,0.30,0.40,28.92,17,17,0,-0.01,-0.10,0.10,28.44,17,17,0,877.72,871.30,883.60,24.13,17,0,0,0.49,0.40,0.50,28.17,17,17,0,0.09,0.00,0.20,28.97,17,17,0,1.10,1.10,1.10,28.57,17,17,0,0.24,0.20,0.30,28.25,17,17,0
1645760,0.36,0.30,0.40,28.91,17,17,0,-0.02,-0.10,0.10,28.44,17,17,0,883.68,876.20,892.60,24.13,17,0,0,0.50,0.50,0.50,28.18,17,17,0,0.09,0.00,0.10,28.98,17,17,0,1.09,1.00,1.10,28.57,17,17,0,0.24,0.20,0.30,28.24,17,17,0
1646260,0.36,0.30,0.40,28.91,17,17,0,0.01,-0.10,0.10,28.43,17,17,0,893.68,885.10,903.90,24.12,17,0,0,0.51,0.50,0.60,28.18,17,17,0,0.10,0.00,0.20,28.97,17,17,0,1.09,1.00,1.10,28.57,17,17,0,0.25,0.20,0.30,28.24,17,17,0
1646764,0.37,0.30,0.40,28.93,17,17,0,-0.02,-0.10,0.10,28.42,17,17,0,886.78,876.10,906.90,24.12,17,0,0,0.50,0.50,0.50,28.17,17,17,0,0.11,0.00,0.20,28.99,17,17,0,1.09,1.00,1.10,28.57,17,17,0,0.27,0.20,0.30,28.25,17,17,0
1647266,0.35,0.30,0.40,28.91,17,17,0,-0.02,-0.10,0.00,28.41,17,17,0,886.25,874.30,904.80,24.12,17,0,0,0.51,0.50,0.60,28.18,17,17,0,0.11,0.10,0.20,28.98,17,17,0,1.09,1.00,1.10,28.58,17,17,0,0.21,0.20,0.30,28.23,17,17,0
1647766,0.36,0.30,0.40,28.91,17,17,0,-0.01,-0.10,0.10,28.43,17,17,0,895.26,884.80,906.30,24.13,17,0,0,0.50,0.50,0.50,28.17,17,17,0,0.09,0.00,0.10,28.98,17,17,0,1.10,1.10,1.10,28.58,17,17,0,0.22,0.20,0.30,28.26,17,17,0
1648266,0.37,0.30,0.40,28.90,17,17,0,-0.02,-0.10,0.00,28.44,17,17,0,897.02,889.70,906.70,24.11,17,0,0,0.51,0.50,0.60,28.17,17,17,0,0.10,0.00,0.20,28.96,17,17,0,1.09,1.00,1.10,28.58,17,17,0,0.23,0.20,0.30,28.25,17,17,0
1648766,0.36,0.30,0.40,28.90,17,17,0,0.00,-0.10,0.10,28.44,17,17,0,888.22,879.70,893.80,24.12,17,0,0,0.49,0.40,0.50,28.16,17,17,0,0.10,0.00,0.20,28.96,17,17,0,1.09,1.00,1.10,28.58,17,17,0,0.22,0.20,0.30,28.26,17,17,0
1649268,0.39,0.30,0.40,28.90,17,17,0,-0.04,-0.10,0.10,28.42,17,17,0,900.99,890.80,908.30,24.13,17,0,0,0.50,0.50,0.50,28.16,17,17,0,0.11,0.10,0.20,28.98,17,17,0,1.10,1.10,1.10,28.58,17,17,0,0.22,0.20,0.30,28.26,17,17,0
1649769,0.35,0.30,0.40,28.91,17,17,0,0.00,-0.10,0.10,28.44,17,17,0,914.59,906.90,922.20,24.13,17,0,0,0.51,0.50,0.60,28.16,17,17,0,0.09,0.00,0.10,28.97,17,17,0,1.09,1.00,1.10,28.57,17,17,0,0.23,0.20,0.30,28.23,17,17,0
1650269,0.38,0.30,0.40,28.90,17,17,0,-0.01,-0.10,0.10,28.41,17,17,0,914.19,903.10,922.10,24.11,17,0,0,0.51,0.50,0.60,28.17,17,17,0,0.10,0.10,0.10,28.97,17,17,0,1.09,1.00,1.10,28.57,17,17,0,0.21,0.20,0.30,28.24,17,17,0
1650770,0.36,0.30,0.40,28.91,17,17,0,-0.01,-0.10,0.10,28.43,17,17,0,912.34,905.60,921.40,24.12,17,0,0,0.50,0.50,0.50,28.17,17,17,0,0.10,0.10,0.10,28.97,17,17,0,1.08,1.00,1.10,28.59,17,17,0,0.23,0.20,0.30,28.23,17,17,0
1651270,0.38,0.30,0.40,28.91,17,17,0,-0.03,-0.10,0.00,28.43,17,17,0,923.24,919.60,935.80,24.11,17,0,0,0.50,0.50,0.50,28.18,17,17,0,0.10,0.10,0.10,28.98,17,17,0,1.09,1.00,1.10,28.57,17,17,0,0.24,0.20,0.30,28.24,17,17,0
1651770,0.37,0.30,0.40,28.91,17,17,0,-0.05,-0.10,0.00,28.42,17,17,0,928.71,922.00,932.70,24.11,17,0,0,0.50,0.50,0.50,28.17,17,17,0,0.11,0.10,0.20,28.96,17,17,0,1.09,1.00,1.10,28.59,17,17,0,0.24,0.20,0.30,28.24,17,17,0
1652270,0.37,0.30,0.40,28.91,17,17,0,0.01,-0.10,0.10,28.43,17,17,0,919.67,915.60,923.70,24.13,17,0,0,0.50,0.50,0.50,28.19,17,17,0,0.10,0.10,0.10,28.97,17,17,0,1.09,1.00,1.10,28.57,17,17,0,0.23,0.20,0.30,28.25,17,17,0
1652770,0.39,0.30,0.40,28.90,17,17,0,-0.02,-0.10,0.10,28.44,17,17,0,927.12,918.10,936.50,24.10,17,0,0,0.51,0.50,0.60,28.17,17,17,0,0.11,0.00,0.20,28.99,17,17,0,1.09,1.00,1.10,28.57,17,17,0,0.24,0.20,0.30,28.24,17,17,0
1653271,0.35,0.30,0.40,28.90,17,17,0,-0.02,-0.10,0.10,28.42,17,17,0,940.42,932.40,946.60,24.13,17,0,0,0.50,0.50,0.50,28.17,17,17,0,0.10,0.10,0.10,28.96,17,17,0,1.08,1.00,1.10,28.58,17,17,0,0.22,0.20,0.30,28.24,17,17,0
1653771,0.36,0.30,0.40,28.90,17,17,0,-0.01,-0.10,0.10,28.44,17,17,0,933.30,924.80,940.50,24.10,17,0,0,0.51,0.50,0.60,28.17,17,17,0,0.10,0.00,0.20,28.98,17,17,0,1.08,1.00,1.10,28.57,17,17,0,0.22,0.20,0.30,28.24,17,17,0
1654272,0.35,0.30,0.40,28.90,17,17,0,-0.02,-0.10,0.10,28.41,17,17,0,925.20,919.00,931.50,24.09,17,0,0,0.51,0.50,0.60,28.17,17,17,0,0.10,0.10,0.10,28.97,17,17,0,1.09,1.00,1.10,28.56,17,17,0,0.25,0.20,0.30,28.25,17,17,0
1654772,0.36,0.30,0.40,28.91,17,17,0,-0.01,-0.10,0.10,28.42,17,17,0,938.04,931.20,948.10,24.11,17,0,0,0.50,0.50,0.50,28.15,17,17,0,0.10,0.10,0.10,28.98,17,17,0,1.09,1.00,1.10,28.57,17,17,0,0.22,0.20,0.30,28.24,17,17,0
1655273,0.36,0.30,0.40,28.91,17,17,0,-0.01,-0.10,0.10,28.43,17,17,0,949.00,942.70,956.70,24.13,17,0,0,0.50,0.50,0.50,28.17,17,17,0,0.11,0.10,0.20,28.98,17,17,0,1.09,1.00,1.10,28.58,17,17,0,0.25,0.20,0.30,28.24,17,17,0
1655773,0.36,0.30,0.40,28.90,17,17,0,-0.01,-0.10,0.10,28.43,17,17,0,928.65,923.50,936.40,24.10,17,0,0,0.49,0.40,0.50,28.18,17,17,0,0.10,0.10,0.10,29.00,17,17,0,1.08,1.00,1.10,28.57,17,17,0,0.21,0.20,0.30,28.24,17,17,0
1656273,0.36,0.30,0.40,28.91,17,17,0,-0.02,-0.10,0.10,28.43,17,17,0,930.49,925.30,935.80,24.11,17,0,0,0.50,0.50,0.50,28.17,17,17,0,0.08,0.00,0.10,28.96,17,17,0,1.08,1.00,1.10,28.58,17,17,0,0.22,0.20,0.30,28.26,17,17,0
1656786,0.35,0.30,0.40,28.92,17,17,0,0.00,-0.10,0.10,28.44,17,17,0,941.81,932.30,949.90,24.11,17,0,0,0.51,0.50,0.60,28.16,17,17,0,0.11,0.10,0.20,28.96,17,17,0,1.07,1.00,1.10,28.57,17,17,0,0.22,0.20,0.30,28.25,17,17,0
1657286,0.38,0.30,0.40,28.92,17,17,0,-0.04,-0.10,0.00,28.44,17,17,0,930.89,918.60,944.30,24.12,17,0,0,0.51,0.50,0.60,28.16,17,17,0,0.11,0.10,0.20,28.95,17,17,0,1.09,1.00,1.10,28.59,17,17,0,0.23,0.20,0.30,28.25,17,17,0
1657788,0.36,0.30,0.40,28.92,17,17,0,-0.04,-0.10,0.00,28.44,17,17,0,913.88,909.90,919.60,24.12,17,0,0,0.50,0.50,0.50,28.16,17,17,0,0.09,0.00,0.10,28.99,17,17,0,1.08,1.00,1.10,28.57,17,17,0,0.22,0.20,0.30,28.25,17,17,0
1658288,0.36,0.30,0.40,28.91,17,17,0,0.01,-0.10,0.10,28.42,17,17,0,924.99,918.90,932.70,24.11,17,0,0,0.50,0.50,0.50,28.16,17,17,0,0.11,0.10,0.20,28.98,17,17,0,1.09,1.00,1.10,28.59,17,17,0,0.22,0.20,0.30,28.26,17,17,0
1658789,0.35,0.30,0.40,28.90,17,17,0,-0.01,-0.10,0.10,28.44,17,17,0,930.65,917.60,939.30,24.10,17,0,0,0.50,0.50,0.50,28.16,17,17,0,0.10,0.10,0.10,28.97,17,17,0,1.08,1.00,1.10,28.57,17,17,0,0.21,0.20,0.30,28.26,17,17,0
1659289,0.38,0.30,0.40,28.89,17,17,0,-0.01,-0.10,0.10,28.42,17,17,0,906.62,896.80,918.10,24.12,17,0,0,0.51,0.50,0.60,28.17,17,17,0,0.11,0.10,0.20,28.98,17,17,0,1.09,1.00,1.10,28.58,17,17,0,0.24,0.20,0.30,28.26,17,17,0
1659789,0.36,0.30,0.40,28.91,17,17,0,0.01,-0.10,0.10,28.44,17,17,0,903.41,896.10,916.90,24.12,17,0,0,0.51,0.50,0.60,28.16,17,17,0,0.11,0.10,0.20,28.99,17,17,0,1.07,1.00,1.10,28.58,17,17,0,0.22,0.20,0.30,28.25,17,17,0
1660289,0.36,0.30,0.40,28.93,17,17,0,-0.01,-0.10,0.10,28.45,17,17,0,919.81,908.40,927.30,24.12,17,0,0,0.50,0.50,0.50,28.16,17,17,0,0.10,0.10,0.10,28.98,17,17,0,1.09,1.00,1.10,28.57,17,17,0,0.22,0.20,0.30,28.24,17,17,0
1660789,0.37,0.30,0.40,28.91,17,17,0,-0.01,-0.10,0.10,28.41,17,17,0,913.47,900.30,926.60,24.11,17,0,0,0.50,0.50,0.50,28.16,17,17,0,0.11,0.10,0.20,28.97,17,17,0,1.09,1.00,1.10,28.57,17,17,0,0.24,0.20,0.30,28.25,17,17,0
1661289,0.35,0.30,0.40,28.92,17,17,0,-0.04,-0.10,0.00,28.43,17,17,0,893.87,888.50,899.80,24.13,17,0,0,0.50,0.50,0.50,28.17,17,17,0,0.09,0.00,0.10,28.97,17,17,0,1.09,1.00,1.10,28.56,17,17,0,0.24,0.20,0.30,28.25,17,17,0
1661789,0.35,0.30,0.40,28.91,17,17,0,-0.02,-0.10,0.10,28.45,17,17,0,902.33,893.10,911.20,24.10,17,0,0,0.50,0.50,0.50,28.15,17,17,0,0.10,0.10,0.10,28.98,17,17,0,1.10,1.10,1.10,28.57,17,17,0,0.25,0.20,0.30,28.25,17,17,0
1662291,0.34,0.30,0.40,28.90,17,17,0,0.01,-0.10,0.10,28.43,17,17,0,909.39,901.50,914.60,24.12,17,0,0,0.50,0.50,0.50,28.17,17,17,0,0.10,0.00,0.20,28.98,17,17,0,1.09,1.00,1.10,28.56,17,17,0,0.23,0.20,0.30,28.26,17,17,0
1662804,0.36,0.30,0.40,28.92,17,17,0,-0.01,-0.10,0.10,28.43,17,17,0,890.88,883.80,899.80,24.14,17,0,0,0.51,0.50,0.60,28.18,17,17,0,0.08,0.00,0.10,28.98,17,17,0,1.09,1.00,1.10,28.57,17,17,0,0.23,0.20,0.30,28.25,17,17,0
1663309,0.36,0.30,0.40,28.91,17,17,0,0.01,0.00,0.10,28.44,17,17,0,890.95,887.40,895.10,24.13,17,0,0,0.51,0.50,0.60,28.15,17,17,0,0.09,0.00,0.10,28.96,17,17,0,1.08,1.00,1.10,28.58,17,17,0,0.22,0.20,0.30,28.25,17,17,0
1663810,0.36,0.30,0.40,28.92,17,17,0,-0.02,-0.10,0.10,28.43,17,17,0,903.77,895.00,910.20,24.12,17,0,0,0.50,0.50,0.50,28.18,17,17,0,0.09,0.00,0.10,28.99,17,17,0,1.09,1.00,1.10,28.56,17,17,0,0.24,0.20,0.30,28.25,17,17,0
1664313,0.36,0.30,0.40,28.92,17,17,0,0.01,-0.10,0.10,28.43,17,17,0,889.87,879.70,902.10,24.13,17,0,0,0.50,0.50,0.50,28.17,17,17,0,0.11,0.10,0.20,28.99,17,17,0,1.08,1.00,1.10,28.58,17,17,0,0.24,0.20,0.30,28.26,17,17,0
1664815,0.35,0.30,0.40,28.91,17,17,0,-0.01,-0.10,0.10,28.43,17,17,0,875.75,871.10,878.50,24.11,17,0,0,0.50,0.50,0.50,28.17,17,17,0,0.11,0.10,0.20,28.98,17,17,0,1.10,1.10,1.10,28.57,17,17,0,0.23,0.20,0.30,28.25,17,17,0
1665319,0.34,0.30,0.40,28.92,17,17,0,0.01,0.00,0.10,28.41,17,17,0,886.24,879.10,898.00,24.12,17,0,0,0.51,0.50,0.60,28.17,17,17,0,0.10,0.10,0.10,28.98,17,17,0,1.08,1.00,1.10,28.56,17,17,0,0.24,0.20,0.30,28.25,17,17,0
1665821,0.35,0.30,0.40,28.90,17,17,0,0.01,0.00,0.10,28.42,17,17,0,898.54,893.90,902.40,24.13,17,0,0,0.50,0.50,0.50,28.19,17,17,0,0.09,0.00,0.10,28.98,17,17,0,1.06,1.00,1.10,28.58,17,17,0,0.25,0.20,0.30,28.25,17,17,0
1666321,0.35,0.30,0.40,28.92,17,17,0,-0.01,-0.10,0.10,28.44,17,17,0,881.75,872.90,891.70,24.14,17,0,0,0.51,0.50,0.60,28.16,17,17,0,0.10,0.10,0.10,28.99,17,17,0,1.08,1.00,1.10,28.57,17,17,0,0.25,0.20,0.30,28.25,17,17,0
1666825,0.35,0.30,0.40,28.91,17,17,0,-0.02,-0.10,0.10,28.43,17,17,0,876.54,866.60,886.10,24.13,17,0,0,0.50,0.50,0.50,28.17,17,17,0,0.09,0.00,0.10,28.96,17,17,0,1.10,1.10,1.10,28.57,17,17,0,0.25,0.20,0.30,28.26,17,17,0
1667333,0.35,0.30,0.40,28.91,17,17,0,-0.04,-0.10,0.10,28.43,17,17,0,893.48,881.00,905.40,24.14,17,0,0,0.51,0.50,0.60,28.17,17,17,0,0.10,0.10,0.10,28.98,17,17,0,1.09,1.00,1.10,28.58,17,17,0,0.25,0.20,0.30,28.24,17,17,0
1667837,0.37,0.30,0.40,28.91,17,17,0,-0.01,-0.10,0.10,28.43,17,17,0,886.62,871.80,904.60,24.13,17,0,0,0.50,0.50,0.50,28.16,17,17,0,0.09,0.00,0.10,28.98,17,17,0,1.08,1.00,1.10,28.56,17,17,0,0.24,0.20,0.30,28.25,17,17,0
1668350,0.35,0.30,0.40,28.91,17,17,0,-0.01,-0.10,0.10,28.43,17,17,0,870.93,864.20,877.10,24.15,17,0,0,0.51,0.50,0.60,28.17,17,17,0,0.10,0.10,0.10,28.97,17,17,0,1.09,1.00,1.10,28.57,17,17,0,0.25,0.20,0.30,28.25,17,17,0
1668854,0.37,0.30,0.40,28.92,17,17,0,-0.02,-0.10,0.00,28.42,17,17,0,877.67,869.70,891.20,24.15,17,0,0,0.50,0.50,0.50,28.15,17,17,0,0.10,0.10,0.10,28.98,17,17,0,1.07,1.00,1.10,28.56,17,17,0,0.24,0.20,0.30,28.25,17,17,0
1669361,0.38,0.30,0.40,28.91,17,17,0,-0.05,-0.10,0.10,28.43,17,17,0,892.26,884.50,901.30,24.14,17,0,0,0.51,0.50,0.60,28.16,17,17,0,0.11,0.10,0.20,28.99,17,17,0,1.09,1.00,1.10,28.57,17,17,0,0.24,0.20,0.30,28.26,17,17,0
1669861,0.35,0.30,0.40,28.90,17,17,0,-0.02,-0.10,0.10,28.43,17,17,0,872.76,862.50,881.50,24.15,17,0,0,0.51,0.50,0.60,28.16,17,17,0,0.09,0.00,0.10,28.99,17,17,0,1.09,1.00,1.10,28.58,17,17,0,0.24,0.20,0.30,28.25,17,17,0
1670361,0.36,0.30,0.40,28.91,17,17,0,-0.02,-0.10,0.10,28.44,17,17,0,871.88,860.10,880.10,24.15,17,0,0,0.50,0.50,0.50,28.17,17,17,0,0.11,0.10,0.20,28.99,17,17,0,1.10,1.10,1.10,28.58,17,17,0,0.24,0.20,0.30,28.26,17,17,0
1670861,0.36,0.30,0.40,28.90,17,17,0,-0.04,-0.10,0.00,28.44,17,17,0,891.07,881.00,900.70,24.14,17,0,0,0.51,0.50,0.60,28.17,17,17,0,0.10,0.00,0.20,28.98,17,17,0,1.08,1.00,1.20,28.56,17,17,0,0.25,0.20,0.30,28.26,17,17,0
1671372,0.35,0.30,0.40,28.93,18,18,0,-0.01,-0.10,0.10,28.43,18,18,0,886.91,870.80,901.80,24.16,18,0,0,0.51,0.50,0.60,28.18,18,18,0,0.09,0.00,0.10,28.98,18,18,0,1.06,1.00,1.10,28.58,18,18,0,0.22,0.20,0.30,28.26,18,18,0
1671872,0.34,0.30,0.40,28.91,17,17,0,-0.03,-0.10,0.00,28.44,17,17,0,873.05,867.00,878.40,24.13,17,0,0,0.51,0.50,0.60,28.16,17,17,0,0.11,0.10,0.20,28.98,17,17,0,1.09,1.00,1.10,28.58,17,17,0,0.25,0.20,0.30,28.24,17,17,0
1672374,0.34,0.30,0.40,28.89,17,17,0,-0.02,-0.10,0.10,28.43,17,17,0,883.48,873.20,894.80,24.14,17,0,0,0.50,0.50,0.50,28.18,17,17,0,0.10,0.10,0.10,28.98,17,17,0,1.09,1.00,1.10,28.56,17,17,0,0.23,0.20,0.30,28.25,17,17,0
1672874,0.37,0.30,0.40,28.92,17,17,0,0.01,-0.10,0.10,28.44,17,17,0,894.54,888.60,897.40,24.13,17,0,0,0.49,0.40,0.50,28.17,17,17,0,0.10,0.10,0.10,28.98,17,17,0,1.09,1.00,1.10,28.57,17,17,0,0.23,0.20,0.30,28.26,17,17,0
1673378,0.33,0.30,0.40,28.92,17,17,0,-0.02,-0.10,0.00,28.43,17,17,0,873.39,866.10,883.90,24.15,17,0,0,0.49,0.40,0.50,28.17,17,17,0,0.11,0.10,0.20,28.98,17,17,0,1.09,1.00,1.10,28.58,17,17,0,0.26,0.20,0.30,28.27,17,17,0
1673888,0.35,0.30,0.40,28.91,17,17,0,-0.01,-0.10,0.10,28.43,17,17,0,871.29,864.70,877.00,24.15,17,0,0,0.50,0.50,0.50,28.18,17,17,0,0.10,0.10,0.10,28.97,17,17,0,1.10,1.10,1.10,28.58,17,17,0,0.24,0.20,0.30,28.25,17,17,0
1674394,0.36,0.30,0.40,28.90,17,17,0,0.00,-0.10,0.10,28.42,17,17,0,893.69,881.80,904.40,24.13,17,0,0,0.51,0.50,0.60,28.17,17,17,0,0.10,0.10,0.10,28.97,17,17,0,1.09,1.00,1.10,28.57,17,17,0,0.23,0.20,0.30,28.24,17,17,0
1674898,0.36,0.30,0.40,28.90,17,17,0,-0.02,-0.10,0.00,28.42,17,17,0,897.89,881.20,913.20,24.14,17,0,0,0.50,0.50,0.50,28.16,17,17,0,0.09,0.00,0.10,28.98,17,17,0,1.09,1.00,1.10,28.57,17,17,0,0.25,0.20,0.30,28.25,17,17,0
1675398,0.35,0.30,0.40,28.91,16,16,0,-0.04,-0.10,0.00,28.43,16,16,0,878.02,871.80,883.20,24.15,16,0,0,0.50,0.50,0.50,28.16,16,16,0,0.10,0.10,0.10,28.98,16,16,0,1.09,1.00,1.10,28.57,16,16,0,0.24,0.20,0.30,28.23,16,16,0
1675898,0.38,0.30,0.40,28.90,17,17,0,0.01,-0.10,0.10,28.41,17,17,0,884.35,876.80,894.10,24.15,17,0,0,0.51,0.50,0.60,28.17,17,17,0,0.09,0.00,0.10,28.99,17,17,0,1.09,1.00,1.10,28.57,17,17,0,0.22,0.20,0.30,28.26,17,17,0
1676404,0.35,0.30,0.40,28.92,17,17,0,-0.01,-0.10,0.00,28.43,17,17,0,900.18,893.20,906.80,24.15,17,0,0,0.50,0.50,0.50,28.15,17,17,0,0.10,0.10,0.10,28.97,17,17,0,1.09,1.00,1.10,28.58,17,17,0,0.26,0.20,0.30,28.25,17,17,0
1676909,0.33,0.30,0.40,28.92,17,17,0,-0.03,-0.10,0.10,28.44,17,17,0,878.39,868.50,888.30,24.14,17,0,0,0.50,0.50,0.50,28.18,17,17,0,0.09,0.00,0.10,28.97,17,17,0,1.10,1.10,1.10,28.58,17,17,0,0.22,0.20,0.30,28.25,17,17,0
1677413,0.35,0.30,0.40,28.91,17,17,0,-0.02,-0.10,0.10,28.42,17,17,0,868.55,861.60,876.40,24.15,17,0,0,0.50,0.50,0.50,28.16,17,17,0,0.10,0.00,0.20,29.00,17,17,0,1.08,1.00,1.10,28.58,17,17,0,0.24,0.20,0.30,28.28,17,17,0
1677914,0.35,0.30,0.40,28.89,17,17,0,-0.02,-0.10,0.10,28.42,17,17,0,888.87,879.50,898.20,24.15,17,0,0,0.50,0.50,0.50,28.15,17,17,0,0.09,0.00,0.10,28.99,17,17,0,1.08,1.00,1.10,28.59,17,17,0,0.24,0.20,0.30,28.24,17,17,0
1678417,0.34,0.30,0.40,28.90,17,17,0,-0.02,-0.10,0.10,28.43,17,17,0,887.35,876.60,898.80,24.16,17,0,0,0.51,0.50,0.60,28.17,17,17,0,0.10,0.10,0.10,28.96,17,17,0,1.09,1.00,1.10,28.57,17,17,0,0.24,0.20,0.30,28.26,17,17,0
1678917,0.36,0.30,0.40,28.91,17,17,0,-0.03,-0.10,0.10,28.43,17,17,0,873.45,868.20,880.10,24.15,17,0,0,0.50,0.50,0.50,28.15,17,17,0,0.09,0.00,0.10,29.01,17,17,0,1.09,1.00,1.10,28.57,17,17,0,0.22,0.20,0.30,28.25,17,17,0
1679417,0.36,0.30,0.40,28.92,17,17,0,0.01,-0.10,0.10,28.43,17,17,0,882.68,875.70,888.60,24.16,17,0,0,0.50,0.50,0.50,28.17,17,17,0,0.11,0.10,0.20,28.97,17,17,0,1.10,1.10,1.10,28.58,17,17,0,0.22,0.20,0.30,28.25,17,17,0
1679918,0.36,0.30,0.40,28.90,17,17,0,-0.02,-0.10,0.10,28.43,17,17,0,894.29,886.60,900.00,24.15,17,0,0,0.50,0.50,0.50,28.16,17,17,0,0.09,0.00,0.10,28.99,17,17,0,1.08,1.00,1.10,28.57,17,17,0,0.23,0.20,0.30,28.25,17,17,0
1680418,0.36,0.30,0.40,28.90,17,17,0,0.00,-0.10,0.10,28.43,17,17,0,877.87,872.60,887.30,24.15,17,0,0,0.51,0.50,0.60,28.17,17,17,0,0.10,0.10,0.10,28.97,17,17,0,1.10,1.10,1.10,28.57,17,17,0,0.22,0.20,0.30,28.26,17,17,0
1680918,0.36,0.30,0.40,28.91,17,17,0,-0.04,-0.10,0.10,28.43,17,17,0,875.24,867.10,886.70,24.16,17,0,0,0.50,0.50,0.50,28.16,17,17,0,0.09,0.00,0.10,28.98,17,17,0,1.09,1.00,1.10,28.57,17,17,0,0.23,0.20,0.30,28.26,17,17,0
1681420,0.36,0.30,0.40,28.91,17,17,0,-0.01,-0.10,0.10,28.44,17,17,0,890.84,880.50,902.80,24.15,17,0,0,0.50,0.50,0.50,28.17,17,17,0,0.10,0.10,0.10,28.99,17,17,0,1.08,1.00,1.10,28.58,17,17,0,0.25,0.20,0.30,28.26,17,17,0
1681920,0.35,0.30,0.40,28.90,17,17,0,-0.01,-0.10,0.10,28.43,17,17,0,890.09,879.40,896.80,24.15,17,0,0,0.49,0.40,0.50,28.18,17,17,0,0.09,0.00,0.10,28.98,17,17,0,1.09,1.00,1.10,28.57,17,17,0,0.24,0.20,0.30,28.25,17,17,0
1682420,0.35,0.30,0.40,28.91,17,17,0,0.01,-0.10,0.10,28.41,17,17,0,881.48,874.80,889.70,24.14,17,0,0,0.51,0.50,0.60,28.18,17,17,0,0.10,0.10,0.10,28.98,17,17,0,1.09,1.00,1.10,28.57,17,17,0,0.22,0.20,0.30,28.24,17,17,0
1682920,0.36,0.30,0.40,28.91,17,17,0,-0.01,-0.10,0.10,28.43,17,17,0,895.30,886.60,907.00,24.14,17,0,0,0.50,0.50,0.50,28.17,17,17,0,0.10,0.00,0.20,28.97,17,17,0,1.09,1.00,1.10,28.58,17,17,0,0.26,0.20,0.30,28.26,17,17,0
1683428,0.35,0.30,0.40,28.91,17,17,0,-0.02,-0.10,0.10,28.43,17,17,0,903.38,898.00,908.10,24.15,17,0,0,0.50,0.50,0.50,28.16,17,17,0,0.09,0.00,0.10,28.99,17,17,0,1.08,1.00,1.10,28.57,17,17,0,0.25,0.20,0.30,28.25,17,17,0
1683932,0.37,0.30,0.40,28.91,17,17,0,-0.02,-0.10,0.10,28.44,17,17,0,897.63,890.90,904.50,24.14,17,0,0,0.50,0.50,0.50,28.15,17,17,0,0.09,0.00,0.10,28.96,17,17,0,1.08,1.00,1.10,28.59,17,17,0,0.24,0.20,0.30,28.23,17,17,0
1684432,0.38,0.30,0.40,28.90,17,17,0,-0.04,-0.10,0.10,28.43,17,17,0,903.58,895.90,911.10,24.15,17,0,0,0.51,0.50,0.60,28.17,17,17,0,0.10,0.10,0.10,28.99,17,17,0,1.08,1.00,1.10,28.58,17,17,0,0.24,0.20,0.30,28.25,17,17,0
1684932,0.36,0.30,0.40,28.91,17,17,0,-0.04,-0.10,0.00,28.42,17,17,0,913.94,902.10,921.80,24.13,17,0,0,0.49,0.40,0.50,28.16,17,17,0,0.10,0.10,0.10,29.00,17,17,0,1.09,1.00,1.10,28.57,17,17,0,0.25,0.20,0.30,28.27,17,17,0
1685432,0.36,0.30,0.40,28.90,17,17,0,-0.03,-0.10,0.10,28.42,17,17,0,914.69,909.30,921.80,24.14,17,0,0,0.51,0.50,0.60,28.16,17,17,0,0.10,0.10,0.10,28.97,17,17,0,1.10,1.10,1.10,28.57,17,17,0,0.24,0.20,0.30,28.26,17,17,0
1685932,0.34,0.30,0.40,28.91,17,17,0,-0.01,-0.10,0.10,28.42,17,17,0,910.70,906.40,918.60,24.14,17,0,0,0.50,0.50,0.50,28.16,17,17,0,0.09,0.00,0.10,28.97,17,17,0,1.09,1.00,1.10,28.58,17,17,0,0.22,0.20,0.30,28.26,17,17,0
1686432,0.35,0.30,0.40,28.91,17,17,0,-0.02,-0.10,0.10,28.43,17,17,0,921.85,915.70,929.10,24.15,17,0,0,0.49,0.40,0.50,28.16,17,17,0,0.09,0.00,0.10,28.98,17,17,0,1.09,1.00,1.10,28.58,17,17,0,0.22,0.20,0.30,28.26,17,17,0
1686933,0.35,0.30,0.40,28.91,17,17,0,-0.04,-0.10,0.10,28.44,17,17,0,933.30,928.10,936.30,24.14,17,0,0,0.50,0.50,0.50,28.18,17,17,0,0.11,0.10,0.20,28.98,17,17,0,1.08,1.00,1.10,28.58,17,17,0,0.25,0.20,0.30,28.27,17,17,0
1687433,0.36,0.30,0.40,28.91,17,17,0,-0.03,-0.10,0.00,28.43,17,17,0,925.36,917.70,934.50,24.14,17,0,0,0.50,0.50,0.50,28.18,17,17,0,0.11,0.00,0.20,28.97,17,17,0,1.08,1.00,1.10,28.57,17,17,0,0.25,0.20,0.30,28.25,17,17,0
1687937,0.36,0.30,0.40,28.91,17,17,0,-0.03,-0.10,0.00,28.43,17,17,0,924.67,916.70,932.80,24.16,17,0,0,0.50,0.50,0.50,28.17,17,17,0,0.10,0.00,0.20,28.99,17,17,0,1.09,1.00,1.10,28.56,17,17,0,0.23,0.20,0.30,28.26,17,17,0
1688438,0.38,0.30,0.40,28.93,17,17,0,-0.03,-0.10,0.00,28.42,17,17,0,939.96,928.80,951.50,24.14,17,0,0,0.51,0.50,0.60,28.17,17,17,0,0.09,0.00,0.10,28.99,17,17,0,1.08,1.00,1.10,28.58,17,17,0,0.24,0.20,0.30,28.25,17,17,0
1688938,0.35,0.30,0.40,28.91,17,17,0,-0.04,-0.10,0.10,28.44,17,17,0,937.32,928.90,946.00,24.14,17,0,0,0.50,0.50,0.50,28.16,17,17,0,0.09,0.00,0.10,28.98,17,17,0,1.09,1.00,1.10,28.58,17,17,0,0.21,0.20,0.30,28.25,17,17,0
1689438,0.35,0.30,0.40,28.91,17,17,0,-0.02,-0.10,0.10,28.43,17,17,0,922.02,919.10,925.10,24.12,17,0,0,0.50,0.50,0.50,28.17,17,17,0,0.10,0.10,0.10,28.99,17,17,0,1.10,1.10,1.10,28.57,17,17,0,0.24,0.20,0.30,28.24,17,17,0
1689938,0.34,0.30,0.40,28.91,17,17,0,-0.03,-0.10,0.10,28.44,17,17,0,930.46,924.50,938.40,24.15,17,0,0,0.50,0.50,0.50,28.18,17,17,0,0.10,0.00,0.20,28.97,17,17,0,1.08,1.00,1.10,28.60,17,17,0,0.25,0.20,0.30,28.25,17,17,0
1690445,0.35,0.30,0.40,28.91,17,17,0,-0.01,-0.10,0.10,28.44,17,17,0,948.55,939.40,954.40,24.13,17,0,0,0.50,0.50,0.50,28.16,17,17,0,0.10,0.10,0.10,28.98,17,17,0,1.09,1.00,1.10,28.58,17,17,0,0.23,0.20,0.30,28.25,17,17,0
1690949,0.36,0.30,0.40,28.91,17,17,0,-0.02,-0.10,0.10,28.44,17,17,0,929.98,922.10,942.50,24.15,17,0,0,0.50,0.50,0.50,28.17,17,17,0,0.10,0.10,0.10,28.97,17,17,0,1.08,1.00,1.10,28.58,17,17,0,0.23,0.20,0.30,28.25,17,17,0
1691449,0.36,0.30,0.40,28.93,17,17,0,-0.02,-0.10,0.10,28.44,17,17,0,923.18,916.80,930.70,24.14,17,0,0,0.51,0.50,0.60,28.16,17,17,0,0.09,0.00,0.10,28.98,17,17,0,1.09,1.00,1.10,28.57,17,17,0,0.23,0.20,0.30,28.27,17,17,0
1691949,0.36,0.30,0.40,28.91,17,17,0,0.00,-0.10,0.10,28.44,17,17,0,938.24,928.30,948.90,24.13,17,0,0,0.51,0.50,0.60,28.18,17,17,0,0.10,0.00,0.20,28.98,17,17,0,1.09,1.00,1.10,28.58,17,17,0,0.23,0.20,0.30,28.25,17,17,0
1692449,0.36,0.30,0.40,28.91,17,17,0,-0.01,-0.10,0.10,28.43,17,17,0,931.57,919.10,945.60,24.15,17,0,0,0.49,0.40,0.50,28.18,17,17,0,0.10,0.10,0.10,28.99,17,17,0,1.08,1.00,1.10,28.58,17,17,0,0.25,0.20,0.30,28.25,17,17,0
1692957,0.34,0.30,0.40,28.91,17,17,0,-0.03,-0.10,0.00,28.41,17,17,0,909.69,902.80,916.10,24.13,17,0,0,0.51,0.50,0.60,28.16,17,17,0,0.09,0.00,0.10,28.98,17,17,0,1.09,1.00,1.10,28.58,17,17,0,0.24,0.20,0.30,28.24,17,17,0
1693461,0.36,0.30,0.40,28.92,17,17,0,-0.01,-0.10,0.10,28.44,17,17,0,915.88,904.90,922.30,24.13,17,0,0,0.50,0.50,0.50,28.17,17,17,0,0.09,0.00,0.10,28.98,17,17,0,1.09,1.00,1.10,28.58,17,17,0,0.24,0.20,0.30,28.25,17,17,0
1693961,0.36,0.30,0.40,28.90,16,16,0,-0.01,-0.10,0.10,28.42,16,16,0,936.53,928.20,944.70,24.14,16,0,0,0.49,0.40,0.50,28.16,16,16,0,0.10,0.10,0.10,28.98,16,16,0,1.09,1.00,1.10,28.59,16,16,0,0.25,0.20,0.30,28.25,16,16,0
1694461,0.34,0.30,0.40,28.90,17,17,0,-0.04,-0.10,0.10,28.43,17,17,0,917.21,906.70,932.60,24.15,17,0,0,0.50,0.50,0.50,28.16,17,17,0,0.09,0.00,0.10,28.99,17,17,0,1.08,1.00,1.10,28.57,17,17,0,0.26,0.20,0.30,28.26,17,17,0
1694965,0.36,0.30,0.40,28.91,17,17,0,-0.03,-0.10,0.10,28.43,17,17,0,906.30,902.90,910.60,24.13,17,0,0,0.50,0.50,0.50,28.17,17,17,0,0.09,0.00,0.20,28.97,17,17,0,1.09,1.00,1.10,28.58,17,17,0,0.22,0.20,0.30,28.25,17,17,0
1695472,0.35,0.30,0.40,28.90,17,17,0,-0.04,-0.10,0.00,28.43,17,17,0,915.72,908.50,923.90,24.14,17,0,0,0.50,0.50,0.50,28.17,17,17,0,0.09,0.00,0.10,28.98,17,17,0,1.09,1.00,1.10,28.59,17,17,0,0.25,0.20,0.30,28.26,17,17,0
1695972,0.36,0.30,0.40,28.90,17,17,0,-0.01,-0.10,0.10,28.45,17,17,0,916.34,906.80,923.30,24.15,17,0,0,0.50,0.50,0.50,28.18,17,17,0,0.10,0.10,0.10,28.98,17,17,0,1.08,1.00,1.10,28.58,17,17,0,0.24,0.20,0.30,28.27,17,17,0
1696478,0.35,0.30,0.40,28.90,17,17,0,-0.02,-0.10,0.10,28.44,17,17,0,896.82,891.90,904.50,24.15,17,0,0,0.50,0.50,0.50,28.17,17,17,0,0.10,0.10,0.10,28.96,17,17,0,1.09,1.00,1.10,28.59,17,17,0,0.24,0.20,0.30,28.26,17,17,0
1696978,0.35,0.30,0.40,28.90,17,17,0,-0.02,-0.10,0.10,28.45,17,17,0,901.18,895.30,906.00,24.15,17,0,0,0.51,0.50,0.60,28.17,17,17,0,0.10,0.00,0.20,29.00,17,17,0,1.08,1.00,1.10,28.57,17,17,0,0.22,0.20,0.30,28.23,17,17,0
1697478,0.35,0.30,0.40,28.90,17,17,0,-0.02,-0.10,0.10,28.44,17,17,0,914.51,909.10,921.50,24.16,17,0,0,0.50,0.50,0.50,28.17,17,17,0,0.10,0.10,0.10,28.97,17,17,0,1.09,1.00,1.10,28.58,17,17,0,0.26,0.20,0.30,28.27,17,17,0
1697978,0.34,0.30,0.40,28.89,17,17,0,-0.01,-0.10,0.10,28.43,17,17,0,902.08,895.80,911.50,24.16,17,0,0,0.51,0.40,0.60,28.17,17,17,0,0.11,0.10,0.20,28.98,17,17,0,1.09,1.00,1.10,28.57,17,17,0,0.23,0.20,0.30,28.25,17,17,0
1698487,0.34,0.30,0.40,28.92,17,17,0,-0.01,-0.10,0.10,28.43,17,17,0,893.18,888.90,897.00,24.15,17,0,0,0.50,0.50,0.50,28.17,17,17,0,0.10,0.00,0.20,28.99,17,17,0,1.09,1.00,1.10,28.57,17,17,0,0.24,0.20,0.30,28.26,17,17,0
1698987,0.33,0.30,0.40,28.91,17,17,0,0.00,-0.10,0.10,28.44,17,17,0,898.20,891.80,905.50,24.14,17,0,0,0.51,0.50,0.60,28.17,17,17,0,0.09,0.00,0.10,28.98,17,17,0,1.08,1.00,1.10,28.58,17,17,0,0.25,0.20,0.30,28.24,17,17,0
1699487,0.36,0.30,0.40,28.91,17,17,0,-0.01,-0.10,0.10,28.44,17,17,0,898.55,887.10,906.10,24.16,17,0,0,0.51,0.40,0.60,28.16,17,17,0,0.11,0.10,0.20,28.98,17,17,0,1.08,1.00,1.10,28.58,17,17,0,0.24,0.20,0.30,28.26,17,17,0
1699995,0.35,0.30,0.40,28.92,17,17,0,-0.02,-0.10,0.00,28.43,17,17,0,883.53,877.70,888.80,24.14,17,0,0,0.49,0.40,0.50,28.16,17,17,0,0.09,0.00,0.10,29.00,17,17,0,1.08,1.00,1.10,28.57,17,17,0,0.22,0.20,0.30,28.27,17,17,0
1700495,0.34,0.30,0.40,28.93,17,17,0,-0.02,-0.10,0.00,28.44,17,17,0,885.94,878.00,893.10,24.13,17,0,0,0.51,0.50,0.60,28.17,17,17,0,0.09,0.00,0.10,28.97,17,17,0,1.09,1.00,1.10,28.58,17,17,0,0.23,0.20,0.30,28.26,17,17,0
1700997,0.35,0.30,0.40,28.91,17,17,0,-0.02,-0.10,0.10,28.43,17,17,0,898.25,892.80,903.90,24.14,17,0,0,0.51,0.50,0.60,28.18,17,17,0,0.10,0.10,0.10,28.98,17,17,0,1.09,1.00,1.10,28.58,17,17,0,0.21,0.20,0.30,28.26,17,17,0
1701497,0.34,0.30,0.40,28.90,17,17,0,-0.04,-0.10,0.00,28.43,17,17,0,884.89,875.90,895.60,24.14,17,0,0,0.51,0.50,0.60,28.19,17,17,0,0.09,0.00,0.20,28.98,17,17,0,1.10,1.10,1.10,28.59,17,17,0,0.24,0.20,0.30,28.25,17,17,0
1701997,0.37,0.30,0.40,28.91,17,17,0,-0.03,-0.10,0.10,28.44,17,17,0,875.84,870.60,880.50,24.15,17,0,0,0.50,0.50,0.50,28.17,17,17,0,0.10,0.10,0.10,28.98,17,17,0,1.10,1.10,1.10,28.59,17,17,0,0.25,0.20,0.30,28.27,17,17,0
1702509,0.36,0.30,0.40,28.91,17,17,0,-0.01,-0.10,0.10,28.42,17,17,0,887.55,878.40,896.60,24.16,17,0,0,0.51,0.50,0.60,28.16,17,17,0,0.09,0.00,0.10,28.98,17,17,0,1.09,1.00,1.10,28.57,17,17,0,0.24,0.20,0.30,28.26,17,17,0
1703009,0.36,0.30,0.40,28.91,17,17,0,-0.02,-0.10,0.10,28.43,17,17,0,893.95,884.00,902.50,24.13,17,0,0,0.50,0.40,0.60,28.18,17,17,0,0.10,0.00,0.20,28.99,17,17,0,1.09,1.00,1.10,28.57,17,17,0,0.25,0.20,0.30,28.26,17,17,0
1703509,0.32,0.30,0.40,28.92,17,17,0,-0.01,-0.10,0.10,28.44,17,17,0,878.72,872.00,884.90,24.13,17,0,0,0.50,0.50,0.50,28.15,17,17,0,0.09,0.00,0.10,28.98,17,17,0,1.09,1.00,1.10,28.58,17,17,0,0.24,0.20,0.30,28.27,17,17,0
1704012,0.34,0.30,0.40,28.91,17,17,0,-0.02,-0.10,0.00,28.43,17,17,0,878.55,869.00,891.70,24.12,17,0,0,0.49,0.40,0.50,28.16,17,17,0,0.10,0.10,0.10,28.97,17,17,0,1.08,1.00,1.10,28.58,17,17,0,0.22,0.20,0.30,28.26,17,17,0
1704512,0.36,0.30,0.40,28.91,17,17,0,-0.03,-0.10,0.00,28.43,17,17,0,894.40,879.20,910.70,24.16,17,0,0,0.50,0.50,0.50,28.17,17,17,0,0.10,0.10,0.10,28.98,17,17,0,1.09,1.00,1.10,28.58,17,17,0,0.24,0.20,0.30,28.26,17,17,0
1705012,0.35,0.30,0.40,28.92,17,17,0,-0.02,-0.10,0.10,28.43,17,17,0,880.69,871.60,897.10,24.14,17,0,0,0.50,0.50,0.50,28.17,17,17,0,0.10,0.00,0.20,28.97,17,17,0,1.08,1.00,1.10,28.57,17,17,0,0.23,0.20,0.30,28.27,17,17,0
1705512,0.35,0.30,0.40,28.92,17,17,0,-0.03,-0.10,0.00,28.44,17,17,0,869.25,863.30,877.20,24.16,17,0,0,0.51,0.50,0.60,28.16,17,17,0,0.10,0.10,0.10,29.00,17,17,0,1.09,1.00,1.10,28.58,17,17,0,0.24,0.20,0.30,28.24,17,17,0
1706012,0.33,0.30,0.40,28.92,17,17,0,-0.01,-0.10,0.10,28.43,17,17,0,881.92,871.60,892.00,24.15,17,0,0,0.51,0.50,0.60,28.17,17,17,0,0.11,0.10,0.20,28.99,17,17,0,1.09,1.00,1.10,28.57,17,17,0,0.24,0.20,0.30,28.26,17,17,0
1706512,0.33,0.30,0.40,28.91,17,17,0,-0.05,-0.10,0.00,28.43,17,17,0,891.38,880.50,900.60,24.15,17,0,0,0.51,0.50,0.60,28.18,17,17,0,0.11,0.10,0.20,28.98,17,17,0,1.09,1.00,1.10,28.57,17,17,0,0.22,0.20,0.30,28.27,17,17,0
1707012,0.34,0.30,0.40,28.91,17,17,0,-0.02,-0.10,0.10,28.44,17,17,0,872.75,864.90,879.50,24.13,17,0,0,0.50,0.50,0.50,28.17,17,17,0,0.09,0.00,0.10,28.99,17,17,0,1.08,1.00,1.10,28.57,17,17,0,0.25,0.20,0.30,28.26,17,17,0
1707516,0.35,0.30,0.40,28.92,17,17,0,-0.01,-0.10,0.10,28.43,17,17,0,872.64,861.70,887.90,24.15,17,0,0,0.50,0.50,0.50,28.15,17,17,0,0.10,0.00,0.20,29.00,17,17,0,1.09,1.00,1.10,28.59,17,17,0,0.24,0.20,0.30,28.25,17,17,0
1708018,0.35,0.30,0.40,28.92,17,17,0,-0.02,-0.10,0.10,28.43,17,17,0,894.29,886.80,901.40,24.14,17,0,0,0.50,0.50,0.50,28.17,17,17,0,0.09,0.00,0.10,28.98,17,17,0,1.08,1.00,1.10,28.57,17,17,0,0.23,0.20,0.30,28.27,17,17,0
1708518,0.34,0.30,0.40,28.93,17,17,0,-0.03,-0.10,0.10,28.44,17,17,0,880.53,866.60,894.80,24.14,17,0,0,0.50,0.50,0.50,28.16,17,17,0,0.10,0.10,0.10,28.99,17,17,0,1.09,1.00,1.10,28.59,17,17,0,0.24,0.20,0.30,28.27,17,17,0
1709018,0.35,0.30,0.40,28.91,17,17,0,-0.05,-0.10,0.00,28.43,17,17,0,869.65,857.70,882.40,24.13,17,0,0,0.50,0.50,0.50,28.18,17,17,0,0.10,0.10,0.10,28.98,17,17,0,1.08,1.00,1.10,28.59,17,17,0,0.23,0.20,0.30,28.25,17,17,0
1709520,0.36,0.30,0.40,28.92,17,17,0,-0.03,-0.10,0.10,28.42,17,17,0,405.94,279.30,706.00,24.23,17,0,0,0.50,0.50,0.50,28.16,17,17,0,0.09,0.00,0.10,28.98,17,17,0,1.09,1.00,1.10,28.57,17,17,0,0.27,0.20,0.30,28.27,17,17,0
1710021,0.36,0.30,0.40,28.91,17,17,0,-0.01,-0.10,0.10,28.44,17,17,0,196.76,150.60,261.00,24.38,17,0,0,0.50,0.50,0.50,28.17,17,17,0,0.11,0.10,0.20,28.99,17,17,0,1.10,1.10,1.10,28.58,17,17,0,0.26,0.20,0.30,28.26,17,17,0
1710521,0.35,0.30,0.40,28.93,17,17,0,-0.01,-0.10,0.10,28.43,17,17,0,117.15,97.80,145.20,24.55,17,0,0,0.49,0.40,0.50,28.16,17,17,0,0.09,0.00,0.10,29.00,17,17,0,1.09,1.00,1.10,28.57,17,17,0,0.24,0.20,0.30,28.28,17,17,0
1711021,0.35,0.30,0.40,28.91,17,17,0,-0.03,-0.10,0.00,28.43,17,17,0,79.34,65.90,93.20,24.69,17,0,0,0.50,0.50,0.50,28.16,17,17,0,0.10,0.10,0.10,28.99,17,17,0,1.10,1.10,1.10,28.59,17,17,0,0.23,0.20,0.30,28.27,17,17,0
1711521,0.34,0.30,0.40,28.91,17,17,0,-0.04,-0.10,0.00,28.42,17,17,0,58.81,51.30,67.60,24.83,17,0,0,0.50,0.50,0.50,28.19,17,17,0,0.10,0.10,0.10,28.98,17,17,0,1.08,1.00,1.10,28.58,17,17,0,0.24,0.20,0.30,28.25,17,17,0
1712021,0.35,0.30,0.40,28.91,17,17,0,-0.03,-0.10,0.00,28.44,17,17,0,45.66,40.50,52.00,24.96,17,0,0,0.50,0.50,0.50,28.17,17,17,0,0.10,0.10,0.10,29.00,17,17,0,1.09,1.00,1.10,28.59,17,17,0,0.24,0.20,0.30,28.26,17,17,0
1712521,0.36,0.30,0.40,28.92,17,17,0,-0.01,-0.10,0.10,28.43,17,17,0,35.86,30.90,40.90,25.08,17,0,0,0.51,0.50,0.60,28.18,17,17,0,0.09,0.00,0.10,28.99,17,17,0,1.08,1.00,1.10,28.57,17,17,0,0.24,0.20,0.30,28.25,17,17,0
1713031,0.36,0.30,0.40,28.92,17,17,0,-0.03,-0.10,0.10,28.44,17,17,0,23.29,20.10,29.20,25.19,17,0,0,0.50,0.50,0.50,28.16,17,17,0,0.11,0.10,0.20,29.00,17,17,0,1.09,1.00,1.10,28.57,17,17,0,0.25,0.20,0.30,28.27,17,17,0
1713531,0.35,0.30,0.40,28.92,17,17,0,-0.02,-0.10,0.10,28.43,17,17,0,20.04,19.10,21.00,25.32,17,0,0,0.50,0.50,0.50,28.17,17,17,0,0.09,0.00,0.10,28.99,17,17,0,1.09,1.00,1.10,28.60,17,17,0,0.24,0.20,0.30,28.26,17,17,0
1714031,0.38,0.30,0.40,28.91,17,17,0,-0.04,-0.10,0.10,28.43,17,17,0,18.91,18.00,19.80,25.41,17,0,0,0.50,0.50,0.50,28.18,17,17,0,0.10,0.10,0.10,28.98,17,17,0,1.10,1.10,1.10,28.58,17,17,0,0.26,0.20,0.30,28.28,17,17,0
1714531,0.36,0.30,0.40,28.91,17,17,0,-0.04,-0.10,0.00,28.43,17,17,0,17.96,17.20,18.70,25.51,17,0,0,0.50,0.50,0.50,28.16,17,17,0,0.10,0.10,0.10,29.00,17,17,0,1.09,1.00,1.10,28.58,17,17,0,0.23,0.20,0.30,28.26,17,17,0
1715031,0.39,0.30,0.40,28.91,17,17,0,-0.02,-0.10,0.10,28.42,17,17,0,16.41,15.80,17.20,25.59,17,0,0,0.50,0.50,0.50,28.17,17,17,0,0.09,0.00,0.20,28.98,17,17,0,1.09,1.00,1.10,28.59,17,17,0,0.25,0.20,0.30,28.27,17,17,0
1715531,0.34,0.30,0.40,28.91,17,17,0,-0.01,-0.10,0.10,28.44,17,17,0,14.98,14.40,15.60,25.65,17,0,0,0.51,0.50,0.60,28.17,17,17,0,0.09,0.00,0.10,28.98,17,17,0,1.08,1.00,1.10,28.57,17,17,0,0.25,0.20,0.30,28.26,17,17,0
1716031,0.32,0.30,0.40,28.92,17,17,0,-0.03,-0.10,0.10,28.44,17,17,0,14.11,13.40,14.80,25.73,17,0,0,0.51,0.50,0.60,28.17,17,17,0,0.09,0.00,0.10,28.99,17,17,0,1.09,1.00,1.10,28.59,17,17,0,0.24,0.20,0.30,28.26,17,17,0
1716531,0.35,0.30,0.40,28.92,18,18,0,-0.02,-0.10,0.10,28.44,18,18,0,14.15,13.30,14.90,25.77,18,0,0,0.50,0.50,0.50,28.16,18,18,0,0.10,0.10,0.10,29.00,18,18,0,1.08,1.00,1.10,28.59,18,18,0,0.25,0.20,0.30,28.26,18,18,0
1717041,0.35,0.30,0.40,28.92,17,17,0,-0.03,-0.10,0.10,28.42,17,17,0,12.16,11.00,12.90,25.83,17,0,0,0.50,0.50,0.50,28.16,17,17,0,0.09,0.00,0.10,29.00,17,17,0,1.07,1.00,1.10,28.57,17,17,0,0.24,0.20,0.30,28.28,17,17,0
1717541,0.35,0.30,0.40,28.92,17,17,0,-0.02,-0.10,0.00,28.44,17,17,0,10.81,9.50,11.90,25.87,17,0,0,0.51,0.50,0.60,28.16,17,17,0,0.09,0.00,0.10,28.99,17,17,0,1.10,1.10,1.10,28.58,17,17,0,0.24,0.20,0.30,28.26,17,17,0
1718041,0.34,0.30,0.40,28.91,17,17,0,-0.01,-0.10,0.10,28.43,17,17,0,10.01,9.00,11.50,25.92,17,0,0,0.51,0.50,0.60,28.16,17,17,0,0.10,0.10,0.10,29.00,17,17,0,1.08,1.00,1.10,28.59,17,17,0,0.25,0.20,0.30,28.26,17,17,0
1718541,0.34,0.30,0.40,28.89,17,17,0,-0.04,-0.10,0.10,28.43,17,17,0,9.49,8.40,10.50,25.97,17,0,0,0.50,0.50,0.50,28.16,17,17,0,0.10,0.10,0.10,28.99,17,17,0,1.09,1.00,1.10,28.59,17,17,0,0.24,0.20,0.30,28.25,17,17,0
1719041,0.34,0.30,0.40,28.92,18,18,0,-0.02,-0.10,0.00,28.44,18,18,0,9.37,7.90,11.20,26.00,18,0,0,0.50,0.50,0.50,28.17,18,18,0,0.11,0.10,0.20,28.99,18,18,0,1.08,1.00,1.10,28.58,18,18,0,0.24,0.20,0.30,28.25,18,18,0
1719544,0.32,0.30,0.40,28.92,17,17,0,-0.01,-0.10,0.10,28.46,17,17,0,8.63,6.30,10.30,26.05,17,0,0,0.50,0.50,0.50,28.19,17,17,0,0.10,0.10,0.10,28.98,17,17,0,1.09,1.00,1.10,28.58,17,17,0,0.26,0.20,0.30,28.26,17,17,0
1720044,0.34,0.30,0.40,28.93,17,17,0,-0.04,-0.10,0.00,28.42,17,17,0,8.29,6.80,10.00,26.09,17,0,0,0.51,0.50,0.60,28.19,17,17,0,0.10,0.10,0.10,28.99,17,17,0,1.09,1.00,1.10,28.58,17,17,0,0.23,0.20,0.30,28.27,17,17,0
1720544,0.34,0.30,0.40,28.93,17,17,0,-0.03,-0.10,0.10,28.43,17,17,0,7.42,6.00,8.80,26.13,17,0,0,0.51,0.50,0.60,28.17,17,17,0,0.10,0.10,0.10,29.01,17,17,0,1.08,1.00,1.10,28.61,17,17,0,0.22,0.20,0.30,28.26,17,17,0
1721054,0.33,0.30,0.40,28.92,18,18,0,-0.02,-0.10,0.10,28.43,18,18,0,6.83,5.30,8.40,26.16,18,0,0,0.50,0.50,0.50,28.16,18,18,0,0.10,0.10,0.10,28.99,18,18,0,1.08,1.00,1.10,28.58,18,18,0,0.23,0.20,0.30,28.26,18,18,0
1721554,0.36,0.30,0.40,28.93,18,18,0,0.00,0.00,0.00,28.44,18,18,0,6.19,4.70,7.80,26.20,18,0,0,0.50,0.50,0.50,28.18,18,18,0,0.09,0.00,0.10,29.01,18,18,0,1.08,1.00,1.10,28.58,18,18,0,0.23,0.20,0.30,28.26,18,18,0
1722065,0.34,0.30,0.40,28.92,17,17,0,-0.03,-0.10,0.00,28.43,17,17,0,5.71,4.90,6.70,26.22,17,0,0,0.49,0.40,0.50,28.15,17,17,0,0.09,0.00,0.10,28.99,17,17,0,1.10,1.10,1.10,28.58,17,17,0,0.25,0.20,0.30,28.26,17,17,0
1722565,0.34,0.30,0.40,28.92,16,16,0,-0.03,-0.10,0.10,28.42,16,16,0,5.17,4.20,6.20,26.24,16,0,0,0.50,0.50,0.50,28.16,16,16,0,0.10,0.10,0.10,28.99,16,16,0,1.08,1.00,1.10,28.60,16,16,0,0.23,0.20,0.30,28.26,16,16,0
1723065,0.35,0.30,0.40,28.94,17,17,0,-0.02,-0.10,0.00,28.43,17,17,0,4.80,4.10,5.40,26.27,17,0,0,0.50,0.50,0.50,28.17,17,17,0,0.11,0.10,0.20,28.99,17,17,0,1.10,1.10,1.10,28.57,17,17,0,0.24,0.20,0.30,28.27,17,17,0
1723565,0.36,0.30,0.40,28.93,17,17,0,-0.04,-0.10,0.00,28.43,17,17,0,4.78,4.10,5.50,26.29,17,0,0,0.51,0.50,0.60,28.16,17,17,0,0.10,0.10,0.10,28.98,17,17,0,1.08,1.00,1.10,28.58,17,17,0,0.24,0.20,0.30,28.25,17,17,0
1724075,0.36,0.30,0.40,28.92,18,18,0,-0.02,-0.10,0.00,28.44,18,18,0,5.11,4.80,5.60,26.32,18,0,0,0.50,0.50,0.50,28.17,18,18,0,0.11,0.00,0.20,28.99,18,18,0,1.07,1.00,1.10,28.59,18,18,0,0.24,0.20,0.30,28.26,18,18,0
1724585,0.37,0.30,0.40,28.92,18,18,0,-0.04,-0.10,0.00,28.45,18,18,0,5.27,4.50,6.00,26.36,18,0,0,0.51,0.50,0.60,28.16,18,18,0,0.10,0.10,0.10,29.00,18,18,0,1.07,1.00,1.10,28.57,18,18,0,0.25,0.20,0.30,28.25,18,18,0
1725085,0.33,0.30,0.40,28.91,17,17,0,-0.02,-0.10,0.10,28.43,17,17,0,5.16,4.60,5.60,26.37,17,0,0,0.50,0.50,0.50,28.18,17,17,0,0.10,0.10,0.10,28.97,17,17,0,1.08,1.00,1.10,28.59,17,17,0,0.24,0.20,0.30,28.25,17,17,0
1725585,0.36,0.30,0.40,28.92,17,17,0,-0.02,-0.10,0.00,28.43,17,17,0,4.52,4.10,5.00,26.38,17,0,0,0.50,0.50,0.50,28.18,17,17,0,0.11,0.10,0.20,29.00,17,17,0,1.10,1.10,1.10,28.58,17,17,0,0.25,0.20,0.30,28.26,17,17,0
1726085,0.35,0.30,0.40,28.92,17,17,0,-0.02,-0.10,0.10,28.43,17,17,0,4.24,3.70,4.70,26.40,17,0,0,0.51,0.50,0.60,28.18,17,17,0,0.10,0.10,0.10,28.98,17,17,0,1.10,1.10,1.10,28.58,17,17,0,0.22,0.20,0.30,28.27,17,17,0
1726585,0.36,0.30,0.40,28.91,17,17,0,-0.04,-0.10,0.00,28.44,17,17,0,3.96,3.10,4.50,26.42,17,0,0,0.50,0.50,0.50,28.16,17,17,0,0.11,0.10,0.20,28.99,17,17,0,1.09,1.00,1.10,28.58,17,17,0,0.25,0.20,0.30,28.26,17,17,0
1727085,0.34,0.30,0.40,28.92,17,17,0,-0.02,-0.10,0.10,28.43,17,17,0,3.11,2.60,3.90,26.43,17,0,0,0.51,0.50,0.60,28.17,17,17,0,0.09,0.00,0.10,28.99,17,17,0,1.09,1.00,1.10,28.59,17,17,0,0.22,0.20,0.30,28.27,17,17,0
1727585,0.38,0.30,0.40,28.92,17,17,0,-0.01,-0.10,0.10,28.42,17,17,0,2.95,2.50,3.30,26.46,17,0,0,0.50,0.50,0.50,28.17,17,17,0,0.09,0.00,0.10,29.00,17,17,0,1.09,1.00,1.10,28.58,17,17,0,0.23,0.20,0.30,28.26,17,17,0
1728085,0.35,0.30,0.40,28.92,17,17,0,-0.01,-0.10,0.10,28.42,17,17,0,2.01,-3.40,5.40,26.48,17,0,0,0.50,0.50,0.50,28.17,17,17,0,0.09,0.00,0.10,28.99,17,17,0,1.10,1.10,1.10,28.56,17,17,0,0.25,0.20,0.30,28.26,17,17,0
1728585,0.36,0.30,0.40,28.93,17,17,0,-0.02,-0.10,0.00,28.43,17,17,0,2.08,1.60,3.00,26.49,17,0,0,0.50,0.50,0.50,28.17,17,17,0,0.10,0.10,0.10,28.97,17,17,0,1.08,1.00,1.10,28.58,17,17,0,0.22,0.20,0.30,28.26,17,17,0
1729085,0.35,0.30,0.40,28.92,17,17,0,-0.01,-0.10,0.10,28.43,17,17,0,1.97,1.50,2.50,26.51,17,0,0,0.50,0.50,0.50,28.18,17,17,0,0.10,0.10,0.10,28.98,17,17,0,1.08,1.00,1.10,28.57,17,17,0,0.21,0.20,0.30,28.25,17,17,0
1729585,0.35,0.30,0.40,28.92,18,18,0,-0.02,-0.10,0.10,28.44,18,18,0,1.26,0.00,2.20,26.52,18,0,0,0.51,0.50,0.60,28.18,18,18,0,0.10,0.10,0.10,28.98,18,18,0,1.09,1.00,1.10,28.57,18,18,0,0.23,0.20,0.30,28.28,18,18,0
1730090,0.34,0.30,0.40,28.94,17,17,0,-0.03,-0.10,0.00,28.43,17,17,0,2.02,1.10,2.70,26.55,17,0,0,0.50,0.50,0.50,28.18,17,17,0,0.11,0.10,0.20,29.00,17,17,0,1.09,1.00,1.10,28.57,17,17,0,0.21,0.20,0.30,28.26,17,17,0
1730590,0.35,0.30,0.40,28.91,17,17,0,-0.02,-0.10,0.10,28.44,17,17,0,1.51,0.90,2.10,26.56,17,0,0,0.51,0.50,0.60,28.17,17,17,0,0.08,-0.10,0.10,29.00,17,17,0,1.08,1.00,1.10,28.60,17,17,0,0.24,0.20,0.30,28.28,17,17,0
1731090,0.32,0.30,0.40,28.92,17,17,0,-0.03,-0.10,0.10,28.42,17,17,0,1.41,-0.70,3.40,26.57,17,0,0,0.50,0.50,0.50,28.16,17,17,0,0.10,0.10,0.10,29.00,17,17,0,1.10,1.10,1.10,28.59,17,17,0,0.21,0.20,0.30,28.28,17,17,0
1731590,0.36,0.30,0.40,28.92,18,18,0,-0.01,-0.10,0.10,28.42,18,18,0,1.72,-0.40,3.30,26.58,18,0,0,0.50,0.50,0.50,28.17,18,18,0,0.09,0.00,0.10,28.99,18,18,0,1.10,1.10,1.10,28.57,18,18,0,0.26,0.20,0.30,28.26,18,18,0
1732095,0.36,0.30,0.40,28.92,16,16,0,-0.03,-0.10,0.10,28.43,16,16,0,1.71,0.10,3.30,26.60,16,0,0,0.50,0.50,0.50,28.18,16,16,0,0.09,0.00,0.10,29.01,16,16,0,1.09,1.00,1.10,28.57,16,16,0,0.24,0.20,0.30,28.27,16,16,0
1732595,0.36,0.30,0.40,28.92,18,18,0,-0.03,-0.10,0.00,28.43,18,18,0,1.60,0.20,3.20,26.62,18,0,0,0.50,0.50,0.50,28.18,18,18,0,0.09,0.00,0.10,29.00,18,18,0,1.08,1.00,1.10,28.58,18,18,0,0.23,0.20,0.30,28.27,18,18,0
1733095,0.35,0.30,0.40,28.92,17,17,0,-0.04,-0.10,0.10,28.45,17,17,0,1.06,-0.70,2.30,26.62,17,0,0,0.50,0.50,0.50,28.19,17,17,0,0.10,0.10,0.10,29.00,17,17,0,1.08,1.00,1.10,28.59,17,17,0,0.22,0.20,0.30,28.28,17,17,0
1733595,0.33,0.30,0.40,28.93,17,17,0,-0.04,-0.10,0.00,28.44,17,17,0,2.41,-6.00,6.50,26.64,17,0,0,0.50,0.50,0.50,28.18,17,17,0,0.11,0.10,0.20,29.00,17,17,0,1.09,1.00,1.10,28.59,17,17,0,0.24,0.20,0.30,28.28,17,17,0
1734095,0.34,0.30,0.40,28.93,17,17,0,-0.02,-0.10,0.10,28.43,17,17,0,1.15,0.30,2.10,26.67,17,0,0,0.51,0.50,0.60,28.17,17,17,0,0.09,0.00,0.20,29.01,17,17,0,1.10,1.10,1.10,28.59,17,17,0,0.25,0.20,0.30,28.27,17,17,0
1734595,0.35,0.30,0.40,28.92,17,17,0,-0.04,-0.10,0.00,28.43,17,17,0,1.05,-0.10,2.00,26.66,17,0,0,0.50,0.50,0.50,28.17,17,17,0,0.10,0.10,0.10,29.00,17,17,0,1.08,1.00,1.10,28.57,17,17,0,0.25,0.20,0.30,28.27,17,17,0
1735095,0.34,0.30,0.40,28.92,17,17,0,-0.03,-0.10,0.00,28.42,17,17,0,0.96,0.40,1.90,26.68,17,0,0,0.49,0.40,0.50,28.16,17,17,0,0.09,0.00,0.10,29.01,17,17,0,1.08,1.00,1.10,28.56,17,17,0,0.23,0.20,0.30,28.27,17,17,0
1735596,0.34,0.30,0.40,28.93,17,17,0,-0.03,-0.10,0.00,28.44,17,17,0,0.81,0.10,1.60,26.68,17,0,0,0.50,0.50,0.50,28.16,17,17,0,0.10,0.10,0.10,29.00,17,17,0,1.08,1.00,1.10,28.57,17,17,0,0.24,0.20,0.30,28.26,17,17,0
1736109,0.33,0.30,0.40,28.93,18,18,0,-0.04,-0.10,0.00,28.44,18,18,0,0.76,-1.20,2.30,26.72,18,0,0,0.50,0.50,0.50,28.18,18,18,0,0.11,0.10,0.20,29.00,18,18,0,1.08,1.00,1.10,28.57,18,18,0,0.24,0.20,0.30,28.28,18,18,0
1736617,0.35,0.30,0.40,28.93,18,18,0,-0.05,-0.10,0.00,28.44,18,18,0,1.34,-0.10,3.40,26.71,18,0,0,0.51,0.50,0.60,28.17,18,18,0,0.10,0.10,0.10,29.00,18,18,0,1.08,1.00,1.10,28.58,18,18,0,0.27,0.20,0.30,28.27,18,18,0
1737123,0.35,0.30,0.40,28.93,17,17,0,-0.02,-0.10,0.00,28.44,17,17,0,1.22,0.80,1.90,26.72,17,0,0,0.50,0.50,0.50,28.16,17,17,0,0.09,0.00,0.10,29.01,17,17,0,1.09,1.00,1.10,28.57,17,17,0,0.26,0.20,0.30,28.28,17,17,0
1737624,0.35,0.30,0.40,28.93,17,17,0,-0.04,-0.10,0.00,28.44,17,17,0,1.12,0.40,1.70,26.73,17,0,0,0.50,0.50,0.50,28.17,17,17,0,0.11,0.10,0.20,28.99,17,17,0,1.09,1.00,1.10,28.59,17,17,0,0.25,0.20,0.30,28.25,17,17,0
1738124,0.35,0.30,0.40,28.92,17,17,0,-0.03,-0.10,0.10,28.45,17,17,0,1.25,0.70,1.80,26.75,17,0,0,0.50,0.50,0.50,28.18,17,17,0,0.10,0.10,0.10,28.99,17,17,0,1.08,1.00,1.10,28.57,17,17,0,0.23,0.20,0.30,28.26,17,17,0
1738626,0.33,0.30,0.40,28.92,17,17,0,-0.04,-0.10,0.00,28.44,17,17,0,1.65,1.30,2.20,26.77,17,0,0,0.51,0.50,0.60,28.15,17,17,0,0.10,0.10,0.10,29.00,17,17,0,1.08,1.00,1.10,28.57,17,17,0,0.24,0.20,0.30,28.27,17,17,0
1739135,0.34,0.30,0.40,28.93,18,18,0,-0.04,-0.10,0.00,28.43,18,18,0,1.48,0.70,1.90,26.77,18,0,0,0.50,0.50,0.50,28.18,18,18,0,0.09,0.00,0.10,29.00,18,18,0,1.08,1.00,1.10,28.58,18,18,0,0.24,0.20,0.30,28.27,18,18,0
1739648,0.36,0.30,0.40,28.92,18,18,0,-0.02,-0.10,0.10,28.44,18,18,0,1.18,0.60,1.80,26.80,18,0,0,0.50,0.50,0.50,28.15,18,18,0,0.10,0.10,0.10,29.01,18,18,0,1.08,1.00,1.10,28.59,18,18,0,0.23,0.20,0.30,28.26,18,18,0
1740148,0.36,0.30,0.40,28.94,17,17,0,-0.04,-0.10,0.00,28.46,17,17,0,1.40,0.70,2.20,26.80,17,0,0,0.50,0.50,0.50,28.15,17,17,0,0.10,0.10,0.10,28.99,17,17,0,1.08,1.00,1.10,28.58,17,17,0,0.24,0.20,0.30,28.27,17,17,0
1740648,0.35,0.30,0.40,28.93,17,17,0,-0.02,-0.10,0.00,28.45,17,17,0,1.28,0.80,1.70,26.79,17,0,0,0.50,0.40,0.60,28.17,17,17,0,0.09,0.00,0.10,29.01,17,17,0,1.08,1.00,1.10,28.60,17,17,0,0.26,0.20,0.30,28.26,17,17,0
1741149,0.34,0.30,0.40,28.93,17,17,0,-0.05,-0.10,0.10,28.44,17,17,0,0.99,0.20,1.50,26.83,17,0,0,0.49,0.40,0.50,28.18,17,17,0,0.11,0.10,0.20,29.01,17,17,0,1.09,1.00,1.10,28.58,17,17,0,0.24,0.20,0.30,28.27,17,17,0
1741649,0.37,0.30,0.40,28.95,17,17,0,-0.05,-0.10,0.00,28.45,17,17,0,0.87,0.10,1.50,26.83,17,0,0,0.50,0.50,0.50,28.18,17,17,0,0.10,0.10,0.10,29.01,17,17,0,1.09,1.00,1.10,28.59,17,17,0,0.24,0.20,0.30,28.29,17,17,0
1742149,0.34,0.30,0.40,28.93,17,17,0,-0.04,-0.10,0.00,28.43,17,17,0,0.66,0.10,1.20,26.85,17,0,0,0.50,0.50,0.50,28.17,17,17,0,0.09,0.00,0.10,29.01,17,17,0,1.08,1.00,1.10,28.59,17,17,0,0.22,0.20,0.30,28.26,17,17,0
1742649,0.35,0.30,0.40,28.94,17,17,0,-0.03,-0.10,0.10,28.44,17,17,0,0.67,-0.10,1.00,26.86,17,0,0,0.51,0.50,0.60,28.15,17,17,0,0.11,0.10,0.20,28.99,17,17,0,1.07,1.00,1.10,28.59,17,17,0,0.24,0.20,0.30,28.27,17,17,0
1743158,0.35,0.30,0.40,28.93,18,18,0,-0.03,-0.10,0.10,28.44,18,18,0,0.67,0.20,1.60,26.85,18,0,0,0.50,0.50,0.50,28.17,18,18,0,0.09,0.00,0.10,29.02,18,18,0,1.08,1.00,1.10,28.58,18,18,0,0.24,0.20,0.30,28.27,18,18,0
1743668,0.36,0.30,0.40,28.93,18,18,0,-0.04,-0.10,0.10,28.44,18,18,0,0.59,-0.10,1.00,26.87,18,0,0,0.50,0.50,0.50,28.18,18,18,0,0.11,0.10,0.20,29.02,18,18,0,1.10,1.10,1.10,28.59,18,18,0,0.25,0.20,0.30,28.28,18,18,0
1744168,0.36,0.30,0.40,28.94,17,17,0,-0.05,-0.10,0.00,28.45,17,17,0,0.44,-0.10,1.20,26.86,17,0,0,0.50,0.50,0.50,28.16,17,17,0,0.11,0.10,0.20,29.01,17,17,0,1.09,1.00,1.10,28.59,17,17,0,0.24,0.20,0.30,28.28,17,17,0
1744670,0.35,0.30,0.40,28.95,17,17,0,-0.05,-0.10,0.00,28.43,17,17,0,0.26,-0.30,0.80,26.89,17,0,0,0.50,0.50,0.50,28.18,17,17,0,0.11,0.10,0.20,28.99,17,17,0,1.09,1.00,1.10,28.58,17,17,0,0.22,0.20,0.30,28.28,17,17,0
1745170,0.34,0.30,0.40,28.94,17,17,0,-0.04,-0.10,0.00,28.44,17,17,0,0.68,-0.10,1.50,26.88,17,0,0,0.49,0.40,0.50,28.16,17,17,0,0.10,0.10,0.10,29.00,17,17,0,1.09,1.00,1.10,28.57,17,17,0,0.22,0.20,0.30,28.28,17,17,0
1745670,0.36,0.30,0.40,28.93,17,17,0,-0.01,-0.10,0.10,28.45,17,17,0,0.92,0.30,1.50,26.90,17,0,0,0.51,0.50,0.60,28.19,17,17,0,0.09,0.00,0.10,29.01,17,17,0,1.09,1.00,1.10,28.58,17,17,0,0.24,0.20,0.30,28.26,17,17,0
1746170,0.37,0.30,0.40,28.95,17,17,0,-0.02,-0.10,0.10,28.45,17,17,0,0.75,0.40,1.40,26.91,17,0,0,0.51,0.50,0.60,28.16,17,17,0,0.09,0.00,0.10,29.02,17,17,0,1.08,1.00,1.10,28.59,17,17,0,0.23,0.20,0.30,28.28,17,17,0
1746670,0.37,0.30,0.40,28.95,18,18,0,-0.05,-0.10,0.00,28.43,18,18,0,0.93,0.10,1.60,26.91,18,0,0,0.50,0.50,0.50,28.17,18,18,0,0.10,0.10,0.10,29.01,18,18,0,1.08,1.00,1.10,28.59,18,18,0,0.23,0.20,0.30,28.29,18,18,0
1747180,0.35,0.30,0.40,28.95,17,17,0,-0.02,-0.10,0.10,28.45,17,17,0,0.17,-0.70,0.80,26.91,17,0,0,0.50,0.50,0.50,28.18,17,17,0,0.09,0.00,0.10,29.02,17,17,0,1.09,1.00,1.10,28.61,17,17,0,0.23,0.20,0.30,28.27,17,17,0
1747682,0.32,0.30,0.40,28.92,17,17,0,-0.02,-0.10,0.00,28.46,17,17,0,0.66,0.00,1.60,26.93,17,0,0,0.50,0.50,0.50,28.16,17,17,0,0.10,0.10,0.10,29.01,17,17,0,1.09,1.00,1.10,28.60,17,17,0,0.23,0.20,0.30,28.28,17,17,0
1748192,0.35,0.30,0.40,28.94,18,18,0,-0.02,-0.10,0.10,28.46,18,18,0,0.83,0.20,1.30,26.93,18,0,0,0.51,0.50,0.60,28.17,18,18,0,0.10,0.00,0.20,29.02,18,18,0,1.09,1.00,1.10,28.60,18,18,0,0.25,0.20,0.30,28.27,18,18,0
1748692,0.35,0.30,0.40,28.93,17,17,0,-0.03,-0.10,0.00,28.45,17,17,0,0.48,-0.10,1.00,26.96,17,0,0,0.50,0.50,0.50,28.17,17,17,0,0.09,0.00,0.10,29.01,17,17,0,1.09,1.00,1.10,28.58,17,17,0,0.24,0.20,0.30,28.27,17,17,0
1749192,0.34,0.30,0.40,28.93,17,17,0,-0.04,-0.10,0.10,28.45,17,17,0,26.78,-3.80,117.80,26.97,17,0,0,0.50,0.50,0.50,28.18,17,17,0,0.11,0.10,0.20,29.01,17,17,0,1.09,1.00,1.10,28.60,17,17,0,0.24,0.20,0.30,28.29,17,17,0
1749692,0.35,0.30,0.40,28.94,17,17,0,-0.04,-0.10,0.00,28.45,17,17,0,0.24,-4.70,2.10,26.94,17,0,0,0.49,0.40,0.50,28.14,17,17,0,0.11,0.10,0.20,29.01,17,17,0,1.09,1.00,1.10,28.59,17,17,0,0.25,0.20,0.30,28.27,17,17,0
1750193,0.34,0.30,0.40,28.92,17,17,0,-0.01,-0.10,0.10,28.44,17,17,0,-0.75,-1.50,0.00,26.96,17,0,0,0.50,0.50,0.50,28.17,17,17,0,0.09,0.00,0.10,29.00,17,17,0,1.09,1.00,1.10,28.60,17,17,0,0.23,0.20,0.30,28.28,17,17,0
1750693,0.36,0.30,0.40,28.94,17,17,0,-0.03,-0.10,0.10,28.45,17,17,0,-0.74,-1.10,-0.20,26.96,17,0,0,0.50,0.50,0.50,28.16,17,17,0,0.11,0.10,0.20,29.01,17,17,0,1.07,1.00,1.10,28.57,17,17,0,0.24,0.20,0.30,28.29,17,17,0
1751193,0.36,0.30,0.40,28.94,18,18,0,-0.01,-0.10,0.10,28.43,18,18,0,0.14,-0.40,0.80,26.98,18,0,0,0.50,0.50,0.50,28.17,18,18,0,0.10,0.10,0.10,29.01,18,18,0,1.09,1.00,1.10,28.59,18,18,0,0.24,0.20,0.30,28.28,18,18,0
1751693,0.38,0.30,0.40,28.94,16,16,0,-0.02,-0.10,0.10,28.45,16,16,0,0.59,0.20,0.90,27.00,16,0,0,0.50,0.50,0.50,28.17,16,16,0,0.12,0.10,0.20,28.99,16,16,0,1.09,1.00,1.10,28.59,16,16,0,0.24,0.20,0.30,28.28,16,16,0
1752203,0.35,0.30,0.40,28.93,18,18,0,-0.02,-0.10,0.10,28.44,18,18,0,0.52,-0.30,1.00,27.00,18,0,0,0.50,0.50,0.50,28.16,18,18,0,0.09,0.00,0.10,29.00,18,18,0,1.08,1.00,1.10,28.60,18,18,0,0.23,0.20,0.30,28.27,18,18,0
1752703,0.36,0.30,0.40,28.95,17,17,0,-0.02,-0.10,0.10,28.44,17,17,0,0.51,-0.30,1.40,27.00,17,0,0,0.50,0.50,0.50,28.16,17,17,0,0.11,0.10,0.20,29.01,17,17,0,1.09,1.00,1.10,28.60,17,17,0,0.22,0.20,0.30,28.28,17,17,0
1753211,0.36,0.30,0.40,28.92,18,18,0,-0.01,-0.10,0.10,28.44,18,18,0,0.18,-0.80,1.30,27.02,18,0,0,0.50,0.50,0.50,28.16,18,18,0,0.10,0.10,0.10,29.01,18,18,0,1.08,1.00,1.10,28.59,18,18,0,0.24,0.20,0.30,28.26,18,18,0
1753711,0.34,0.30,0.40,28.93,18,18,0,-0.02,-0.10,0.00,28.45,18,18,0,-0.01,-0.50,0.50,27.02,18,0,0,0.50,0.50,0.50,28.16,18,18,0,0.10,0.10,0.10,29.01,18,18,0,1.08,1.00,1.10,28.58,18,18,0,0.25,0.20,0.30,28.29,18,18,0
1754221,0.34,0.30,0.40,28.93,17,17,0,-0.03,-0.10,0.00,28.45,17,17,0,0.12,-0.10,0.30,27.03,17,0,0,0.51,0.50,0.60,28.16,17,17,0,0.09,0.00,0.10,29.01,17,17,0,1.09,1.00,1.10,28.60,17,17,0,0.25,0.20,0.30,28.27,17,17,0
1754721,0.34,0.30,0.40,28.92,17,17,0,-0.05,-0.10,0.00,28.43,17,17,0,0.02,-0.40,0.60,27.04,17,0,0,0.50,0.50,0.50,28.17,17,17,0,0.10,0.10,0.10,29.00,17,17,0,1.09,1.00,1.10,28.59,17,17,0,0.24,0.20,0.30,28.29,17,17,0
1755221,0.36,0.30,0.40,28.93,17,17,0,-0.01,-0.10,0.10,28.44,17,17,0,0.02,-0.50,0.70,27.05,17,0,0,0.52,0.50,0.60,28.16,17,17,0,0.10,0.00,0.20,29.01,17,17,0,1.08,1.00,1.10,28.60,17,17,0,0.24,0.20,0.30,28.28,17,17,0
1755731,0.35,0.30,0.40,28.93,18,18,0,0.01,-0.10,0.10,28.43,18,18,0,0.18,-0.20,0.80,27.04,18,0,0,0.50,0.50,0.50,28.16,18,18,0,0.10,0.10,0.10,28.99,18,18,0,1.09,1.00,1.10,28.58,18,18,0,0.25,0.20,0.30,28.28,18,18,0
1756231,0.33,0.30,0.40,28.93,17,17,0,0.00,-0.10,0.10,28.43,17,17,0,0.10,-0.50,0.50,27.05,17,0,0,0.51,0.50,0.60,28.17,17,17,0,0.12,0.10,0.20,28.99,17,17,0,1.09,1.00,1.10,28.60,17,17,0,0.24,0.20,0.30,28.29,17,17,0
1756731,0.36,0.30,0.40,28.91,17,17,0,-0.02,-0.10,0.10,28.43,17,17,0,0.15,-0.30,0.50,27.06,17,0,0,0.49,0.40,0.50,28.17,17,17,0,0.11,0.10,0.20,29.01,17,17,0,1.08,1.00,1.10,28.58,17,17,0,0.22,0.20,0.30,28.29,17,17,0
1757232,0.35,0.30,0.40,28.94,17,17,0,0.01,-0.10,0.10,28.43,17,17,0,0.23,-0.20,0.90,27.06,17,0,0,0.50,0.50,0.50,28.18,17,17,0,0.12,0.10,0.20,29.01,17,17,0,1.09,1.00,1.10,28.59,17,17,0,0.23,0.20,0.30,28.29,17,17,0
1757743,0.36,0.30,0.40,28.92,18,18,0,-0.01,-0.10,0.10,28.43,18,18,0,0.18,-0.10,0.50,27.08,18,0,0,0.51,0.50,0.60,28.15,18,18,0,0.11,0.00,0.20,29.01,18,18,0,1.09,1.00,1.10,28.60,18,18,0,0.22,0.20,0.30,28.29,18,18,0
1758254,0.36,0.30,0.40,28.93,18,18,0,-0.01,-0.10,0.10,28.44,18,18,0,0.18,-0.20,0.50,27.09,18,0,0,0.50,0.50,0.50,28.17,18,18,0,0.09,0.00,0.10,29.00,18,18,0,1.07,1.00,1.10,28.61,18,18,0,0.22,0.20,0.30,28.28,18,18,0
1758766,0.34,0.30,0.40,28.94,18,18,0,-0.02,-0.10,0.10,28.44,18,18,0,0.11,-0.20,0.50,27.09,18,0,0,0.50,0.50,0.50,28.17,18,18,0,0.10,0.10,0.10,28.99,18,18,0,1.09,1.00,1.10,28.61,18,18,0,0.23,0.20,0.30,28.29,18,18,0
1759266,0.35,0.30,0.40,28.92,17,17,0,-0.02,-0.10,0.00,28.45,17,17,0,0.08,-0.20,0.50,27.09,17,0,0,0.50,0.50,0.50,28.18,17,17,0,0.10,0.10,0.10,29.02,17,17,0,1.09,1.00,1.10,28.59,17,17,0,0.24,0.20,0.30,28.28,17,17,0
1759777,0.35,0.30,0.40,28.94,17,17,0,-0.01,-0.10,0.10,28.43,17,17,0,-0.06,-0.60,0.20,27.10,17,0,0,0.50,0.50,0.50,28.16,17,17,0,0.09,0.00,0.10,29.02,17,17,0,1.08,1.00,1.10,28.58,17,17,0,0.25,0.20,0.30,28.29,17,17,0
1760277,0.32,0.30,0.40,28.94,17,17,0,-0.02,-0.10,0.10,28.44,17,17,0,-0.05,-0.70,0.50,27.10,17,0,0,0.50,0.50,0.50,28.17,17,17,0,0.10,0.10,0.10,29.02,17,17,0,1.08,1.00,1.10,28.58,17,17,0,0.24,0.20,0.30,28.27,17,17,0
1760782,0.35,0.30,0.40,28.94,17,17,0,0.00,-0.10,0.10,28.43,17,17,0,0.03,-0.50,0.70,27.12,17,0,0,0.50,0.50,0.50,28.17,17,17,0,0.09,0.00,0.10,29.01,17,17,0,1.09,1.00,1.10,28.61,17,17,0,0.21,0.20,0.30,28.29,17,17,0
1761287,0.34,0.30,0.40,28.93,17,17,0,-0.05,-0.10,0.00,28.43,17,17,0,0.12,-0.70,0.70,27.12,17,0,0,0.51,0.50,0.60,28.15,17,17,0,0.10,0.00,0.20,29.02,17,17,0,1.09,1.00,1.10,28.60,17,17,0,0.24,0.20,0.30,28.31,17,17,0
1761787,0.35,0.30,0.40,28.93,17,17,0,0.01,-0.10,0.10,28.44,17,17,0,0.28,-0.30,1.00,27.12,17,0,0,0.50,0.50,0.50,28.17,17,17,0,0.11,0.00,0.20,29.02,17,17,0,1.08,1.00,1.10,28.59,17,17,0,0.21,0.20,0.30,28.29,17,17,0
1762291,0.36,0.30,0.40,28.95,17,17,0,-0.04,-0.10,0.00,28.44,17,17,0,0.11,-1.40,1.80,27.14,17,0,0,0.50,0.50,0.50,28.18,17,17,0,0.10,0.10,0.10,29.03,17,17,0,1.09,1.00,1.10,28.60,17,17,0,0.23,0.20,0.30,28.29,17,17,0
1762794,0.35,0.30,0.40,28.93,17,17,0,-0.05,-0.10,0.10,28.44,17,17,0,-0.16,-1.70,1.30,27.15,17,0,0,0.50,0.50,0.50,28.17,17,17,0,0.10,0.10,0.10,29.02,17,17,0,1.08,1.00,1.10,28.58,17,17,0,0.25,0.20,0.30,28.28,17,17,0
1763301,0.32,0.30,0.40,28.93,17,17,0,-0.02,-0.10,0.10,28.45,17,17,0,-0.21,-1.00,0.50,27.13,17,0,0,0.49,0.40,0.50,28.17,17,17,0,0.10,0.10,0.10,29.00,17,17,0,1.09,1.00,1.10,28.58,17,17,0,0.22,0.20,0.30,28.27,17,17,0
1763806,0.34,0.30,0.40,28.93,17,17,0,-0.01,-0.10,0.10,28.44,17,17,0,-0.18,-0.90,0.70,27.15,17,0,0,0.50,0.50,0.50,28.17,17,17,0,0.10,0.10,0.10,29.01,17,17,0,1.09,1.00,1.10,28.60,17,17,0,0.24,0.20,0.30,28.28,17,17,0
1764312,0.36,0.30,0.40,28.91,18,18,0,-0.02,-0.10,0.00,28.43,18,18,0,-0.10,-1.10,1.00,27.15,18,0,0,0.51,0.50,0.60,28.16,18,18,0,0.10,0.10,0.10,29.00,18,18,0,1.10,1.10,1.10,28.59,18,18,0,0.23,0.20,0.30,28.29,18,18,0
1764815,0.32,0.30,0.40,28.93,17,17,0,-0.03,-0.10,0.10,28.44,17,17,0,-0.29,-1.50,0.50,27.17,17,0,0,0.50,0.50,0.50,28.17,17,17,0,0.10,0.10,0.10,29.03,17,17,0,1.09,1.00,1.10,28.61,17,17,0,0.21,0.20,0.30,28.29,17,17,0
1765315,0.36,0.30,0.40,28.93,17,17,0,-0.01,-0.10,0.10,28.43,17,17,0,-0.20,-0.70,0.40,27.17,17,0,0,0.51,0.50,0.60,28.17,17,17,0,0.11,0.10,0.20,29.00,17,17,0,1.08,1.00,1.10,28.60,17,17,0,0.26,0.20,0.30,28.28,17,17,0
1765823,0.38,0.30,0.40,28.93,17,17,0,-0.02,-0.10,0.10,28.46,17,17,0,-0.22,-0.60,0.40,27.18,17,0,0,0.50,0.50,0.50,28.17,17,17,0,0.10,0.10,0.10,29.01,17,17,0,1.09,1.00,1.10,28.59,17,17,0,0.24,0.20,0.30,28.28,17,17,0
1766336,0.34,0.30,0.40,28.93,18,18,0,-0.01,-0.10,0.10,28.44,18,18,0,-0.00,-0.50,0.60,27.18,18,0,0,0.50,0.50,0.50,28.17,18,18,0,0.10,0.10,0.10,29.01,18,18,0,1.09,1.00,1.10,28.59,18,18,0,0.23,0.20,0.30,28.28,18,18,0
1766836,0.32,0.30,0.40,28.93,17,17,0,-0.02,-0.10,0.10,28.43,17,17,0,0.04,-0.70,1.10,27.17,17,0,0,0.51,0.50,0.60,28.18,17,17,0,0.09,0.00,0.10,29.00,17,17,0,1.07,1.00,1.10,28.59,17,17,0,0.23,0.20,0.30,28.28,17,17,0
1767336,0.32,0.30,0.40,28.93,17,17,0,-0.02,-0.10,0.10,28.43,17,17,0,0.02,-1.00,1.00,27.18,17,0,0,0.50,0.40,0.60,28.17,17,17,0,0.09,0.00,0.10,29.01,17,17,0,1.08,1.00,1.10,28.60,17,17,0,0.23,0.20,0.30,28.28,17,17,0
1767836,0.36,0.30,0.40,28.92,17,17,0,-0.03,-0.10,0.10,28.43,17,17,0,-0.14,-0.90,0.70,27.19,17,0,0,0.51,0.50,0.60,28.19,17,17,0,0.10,0.10,0.10,29.00,17,17,0,1.08,1.00,1.10,28.60,17,17,0,0.23,0.20,0.30,28.28,17,17,0
1768336,0.34,0.30,0.40,28.93,17,17,0,-0.01,-0.10,0.10,28.45,17,17,0,-0.16,-1.00,0.60,27.20,17,0,0,0.51,0.50,0.60,28.17,17,17,0,0.10,0.10,0.10,29.00,17,17,0,1.06,1.00,1.10,28.59,17,17,0,0.22,0.20,0.30,28.29,17,17,0
1768836,0.35,0.30,0.40,28.93,17,17,0,-0.04,-0.10,0.10,28.44,17,17,0,0.00,-0.60,0.70,27.20,17,0,0,0.50,0.50,0.50,28.17,17,17,0,0.10,0.10,0.10,29.00,17,17,0,1.09,1.00,1.10,28.58,17,17,0,0.22,0.20,0.30,28.27,17,17,0
1769339,0.35,0.30,0.40,28.94,17,17,0,-0.01,-0.10,0.10,28.44,17,17,0,-0.31,-1.10,0.80,27.22,17,0,0,0.50,0.50,0.50,28.17,17,17,0,0.09,0.00,0.10,29.00,17,17,0,1.07,1.00,1.10,28.59,17,17,0,0.21,0.20,0.30,28.30,17,17,0
1769839,0.38,0.30,0.40,28.92,17,17,0,-0.01,-0.10,0.10,28.45,17,17,0,-0.31,-1.30,0.80,27.23,17,0,0,0.51,0.50,0.60,28.17,17,17,0,0.08,0.00,0.10,29.01,17,17,0,1.09,1.00,1.10,28.59,17,17,0,0.21,0.20,0.30,28.29,17,17,0
1770339,0.35,0.30,0.40,28.93,17,17,0,-0.04,-0.10,0.10,28.44,17,17,0,0.44,-0.60,1.00,27.21,17,0,0,0.50,0.50,0.50,28.17,17,17,0,0.09,0.00,0.10,29.02,17,17,0,1.08,1.00,1.10,28.61,17,17,0,0.25,0.20,0.30,28.28,17,17,0
1770851,0.36,0.30,0.40,28.92,16,16,0,-0.02,-0.10,0.10,28.44,16,16,0,0.77,-0.40,1.60,27.23,16,0,0,0.50,0.50,0.50,28.17,16,16,0,0.10,0.10,0.10,29.01,16,16,0,1.09,1.00,1.10,28.59,16,16,0,0.24,0.20,0.30,28.29,16,16,0
1771351,0.35,0.30,0.40,28.93,17,17,0,-0.03,-0.10,0.00,28.44,17,17,0,-0.28,-2.40,1.40,27.20,17,0,0,0.51,0.50,0.60,28.18,17,17,0,0.10,0.10,0.10,29.01,17,17,0,1.08,1.00,1.10,28.58,17,17,0,0.24,0.20,0.30,28.28,17,17,0
1771851,0.34,0.30,0.40,28.93,17,17,0,0.01,-0.10,0.10,28.44,17,17,0,-0.03,-0.70,0.70,27.25,17,0,0,0.51,0.50,0.60,28.17,17,17,0,0.10,0.10,0.10,29.01,17,17,0,1.08,1.00,1.10,28.58,17,17,0,0.24,0.20,0.30,28.29,17,17,0
1772355,0.34,0.30,0.40,28.93,17,17,0,-0.02,-0.10,0.00,28.43,17,17,0,-0.02,-0.30,0.70,27.24,17,0,0,0.50,0.50,0.50,28.18,17,17,0,0.10,0.10,0.10,29.01,17,17,0,1.08,1.00,1.10,28.59,17,17,0,0.24,0.20,0.30,28.28,17,17,0
1772868,0.35,0.30,0.40,28.92,18,18,0,-0.01,-0.10,0.10,28.44,18,18,0,-0.06,-0.40,0.40,27.26,18,0,0,0.50,0.50,0.50,28.19,18,18,0,0.10,0.10,0.10,29.00,18,18,0,1.10,1.00,1.20,28.61,18,18,0,0.24,0.20,0.30,28.28,18,18,0
1773368,0.36,0.30,0.40,28.93,17,17,0,-0.01,-0.10,0.10,28.44,17,17,0,-0.22,-0.50,0.00,27.25,17,0,0,0.50,0.50,0.50,28.18,17,17,0,0.09,0.00,0.10,29.01,17,17,0,1.10,1.10,1.10,28.60,17,17,0,0.23,0.20,0.30,28.28,17,17,0
1773868,0.35,0.30,0.40,28.93,17,17,0,-0.02,-0.10,0.10,28.44,17,17,0,-0.06,-0.50,0.20,27.26,17,0,0,0.50,0.50,0.50,28.18,17,17,0,0.11,0.10,0.20,29.01,17,17,0,1.09,1.00,1.10,28.60,17,17,0,0.25,0.20,0.30,28.28,17,17,0
1774370,0.32,0.30,0.40,28.93,17,17,0,-0.02,-0.10,0.10,28.43,17,17,0,-0.04,-0.50,0.40,27.26,17,0,0,0.50,0.50,0.50,28.17,17,17,0,0.11,0.10,0.20,29.02,17,17,0,1.08,1.00,1.10,28.59,17,17,0,0.26,0.20,0.30,28.28,17,17,0
1774878,0.35,0.30,0.40,28.92,17,17,0,-0.02,-0.10,0.00,28.44,17,17,0,0.05,-0.50,0.70,27.27,17,0,0,0.50,0.50,0.50,28.18,17,17,0,0.09,0.00,0.10,29.00,17,17,0,1.08,1.00,1.10,28.58,17,17,0,0.22,0.20,0.30,28.29,17,17,0
1775378,0.35,0.30,0.40,28.93,17,17,0,-0.03,-0.10,0.00,28.43,17,17,0,0.11,-0.40,0.40,27.28,17,0,0,0.49,0.40,0.50,28.17,17,17,0,0.09,0.00,0.10,29.02,17,17,0,1.09,1.00,1.10,28.60,17,17,0,0.25,0.20,0.30,28.29,17,17,0
1775890,0.33,0.30,0.40,28.93,18,18,0,-0.02,-0.10,0.00,28.44,18,18,0,-0.08,-0.40,0.30,27.28,18,0,0,0.50,0.50,0.50,28.16,18,18,0,0.10,0.10,0.10,29.01,18,18,0,1.08,1.00,1.10,28.59,18,18,0,0.24,0.20,0.30,28.28,18,18,0
1776403,0.35,0.30,0.40,28.93,18,18,0,-0.02,-0.10,0.10,28.44,18,18,0,-0.12,-0.60,0.70,27.29,18,0,0,0.50,0.50,0.50,28.18,18,18,0,0.09,0.00,0.10,29.00,18,18,0,1.09,1.00,1.10,28.61,18,18,0,0.22,0.20,0.30,28.28,18,18,0
1776903,0.34,0.30,0.40,28.94,17,17,0,-0.01,-0.10,0.10,28.45,17,17,0,-0.06,-0.50,0.40,27.31,17,0,0,0.49,0.40,0.50,28.18,17,17,0,0.11,0.10,0.20,29.00,17,17,0,1.08,1.00,1.10,28.60,17,17,0,0.23,0.20,0.30,28.29,17,17,0
1777416,0.36,0.30,0.40,28.92,18,18,0,-0.02,-0.10,0.10,28.43,18,18,0,-0.09,-1.00,0.50,27.30,18,0,0,0.51,0.50,0.60,28.16,18,18,0,0.10,0.10,0.10,29.01,18,18,0,1.09,1.00,1.10,28.60,18,18,0,0.25,0.20,0.30,28.29,18,18,0
1777916,0.35,0.30,0.40,28.94,17,17,0,-0.02,-0.10,0.10,28.45,17,17,0,-0.01,-0.70,0.90,27.31,17,0,0,0.49,0.40,0.50,28.19,17,17,0,0.09,0.00,0.10,29.01,17,17,0,1.09,1.00,1.10,28.59,17,17,0,0.24,0.20,0.30,28.27,17,17,0
1778416,0.38,0.30,0.40,28.92,17,17,0,-0.03,-0.10,0.10,28.46,17,17,0,-0.10,-1.10,0.80,27.29,17,0,0,0.49,0.40,0.50,28.19,17,17,0,0.09,0.00,0.10,29.00,17,17,0,1.09,1.00,1.10,28.59,17,17,0,0.24,0.20,0.30,28.28,17,17,0
1778916,0.34,0.30,0.40,28.95,16,16,0,-0.02,-0.10,0.10,28.43,16,16,0,0.02,-0.60,0.80,27.31,16,0,0,0.49,0.40,0.50,28.17,16,16,0,0.10,0.10,0.10,29.01,16,16,0,1.09,1.00,1.10,28.60,16,16,0,0.24,0.20,0.30,28.29,16,16,0
1779416,0.32,0.30,0.40,28.94,17,17,0,-0.02,-0.10,0.00,28.44,17,17,0,0.25,-0.80,1.00,27.31,17,0,0,0.50,0.50,0.50,28.19,17,17,0,0.11,0.10,0.20,29.02,17,17,0,1.09,1.00,1.10,28.58,17,17,0,0.25,0.20,0.30,28.29,17,17,0
1779916,0.33,0.30,0.40,28.91,17,17,0,-0.01,-0.10,0.10,28.45,17,17,0,0.14,-0.70,0.90,27.34,17,0,0,0.50,0.50,0.50,28.18,17,17,0,0.10,0.10,0.10,29.03,17,17,0,1.08,1.00,1.10,28.59,17,17,0,0.24,0.20,0.30,28.28,17,17,0
1780416,0.34,0.30,0.40,28.93,17,17,0,-0.02,-0.10,0.10,28.44,17,17,0,-0.02,-1.00,1.10,27.31,17,0,0,0.51,0.50,0.60,28.17,17,17,0,0.10,0.10,0.10,29.00,17,17,0,1.09,1.00,1.10,28.60,17,17,0,0.24,0.20,0.30,28.31,17,17,0
1780916,0.34,0.30,0.40,28.93,17,17,0,0.00,-0.10,0.10,28.45,17,17,0,-0.16,-1.20,1.40,27.32,17,0,0,0.50,0.50,0.50,28.18,17,17,0,0.10,0.10,0.10,29.01,17,17,0,1.10,1.10,1.10,28.61,17,17,0,0.25,0.20,0.30,28.29,17,17,0
1781419,0.36,0.30,0.40,28.94,17,17,0,-0.01,-0.10,0.00,28.42,17,17,0,-0.32,-1.50,0.80,27.33,17,0,0,0.52,0.50,0.60,28.17,17,17,0,0.09,0.00,0.10,29.02,17,17,0,1.09,1.00,1.10,28.59,17,17,0,0.26,0.20,0.30,28.27,17,17,0
1781930,0.32,0.30,0.40,28.93,17,17,0,-0.02,-0.10,0.00,28.44,17,17,0,-0.38,-1.60,0.70,27.35,17,0,0,0.51,0.50,0.60,28.18,17,17,0,0.10,0.10,0.10,28.99,17,17,0,1.08,1.00,1.10,28.61,17,17,0,0.23,0.20,0.30,28.29,17,17,0
1782430,0.32,0.30,0.40,28.93,17,17,0,0.01,-0.10,0.10,28.43,17,17,0,-0.32,-1.80,1.00,27.34,17,0,0,0.51,0.50,0.60,28.17,17,17,0,0.09,0.00,0.10,29.01,17,17,0,1.07,1.00,1.10,28.61,17,17,0,0.24,0.20,0.30,28.28,17,17,0
1782930,0.34,0.30,0.40,28.94,16,16,0,-0.02,-0.10,0.10,28.44,16,16,0,-0.13,-1.40,0.70,27.34,16,0,0,0.50,0.50,0.50,28.19,16,16,0,0.10,0.10,0.10,29.01,16,16,0,1.09,1.00,1.10,28.58,16,16,0,0.24,0.20,0.30,28.29,16,16,0
1783430,0.35,0.30,0.40,28.94,17,17,0,-0.05,-0.10,0.00,28.43,17,17,0,0.04,-0.60,0.50,27.35,17,0,0,0.51,0.50,0.60,28.18,17,17,0,0.09,0.00,0.10,29.02,17,17,0,1.09,1.00,1.10,28.60,17,17,0,0.23,0.20,0.30,28.27,17,17,0
1783934,0.34,0.30,0.40,28.92,17,17,0,0.01,-0.10,0.10,28.44,17,17,0,-0.09,-1.00,0.70,27.36,17,0,0,0.50,0.50,0.50,28.18,17,17,0,0.11,0.10,0.20,29.01,17,17,0,1.09,1.00,1.10,28.61,17,17,0,0.22,0.20,0.30,28.28,17,17,0
1784438,0.33,0.30,0.40,28.94,17,17,0,0.00,-0.10,0.10,28.43,17,17,0,-0.27,-0.90,0.30,27.36,17,0,0,0.50,0.50,0.50,28.17,17,17,0,0.10,0.10,0.10,29.02,17,17,0,1.08,1.00,1.10,28.59,17,17,0,0.24,0.20,0.30,28.29,17,17,0
1784938,0.36,0.30,0.40,28.95,17,17,0,-0.03,-0.10,0.10,28.43,17,17,0,-0.24,-1.00,0.20,27.37,17,0,0,0.49,0.40,0.50,28.20,17,17,0,0.10,0.10,0.10,29.01,17,17,0,1.09,1.00,1.10,28.60,17,17,0,0.22,0.20,0.30,28.28,17,17,0
1785439,0.34,0.30,0.40,28.95,17,17,0,0.01,-0.10,0.10,28.43,17,17,0,-0.24,-0.90,0.10,27.37,17,0,0,0.50,0.50,0.50,28.18,17,17,0,0.10,0.10,0.10,29.02,17,17,0,1.09,1.00,1.10,28.61,17,17,0,0.26,0.20,0.30,28.29,17,17,0
1785939,0.34,0.30,0.40,28.92,17,17,0,-0.01,-0.10,0.10,28.44,17,17,0,-0.28,-0.90,0.30,27.36,17,0,0,0.50,0.50,0.50,28.18,17,17,0,0.09,0.00,0.10,29.00,17,17,0,1.10,1.10,1.10,28.58,17,17,0,0.25,0.20,0.30,28.28,17,17,0
1786439,0.35,0.30,0.40,28.94,17,17,0,0.00,-0.10,0.10,28.44,17,17,0,-0.28,-0.80,0.20,27.37,17,0,0,0.50,0.50,0.50,28.18,17,17,0,0.12,0.10,0.20,29.00,17,17,0,1.09,1.00,1.10,28.60,17,17,0,0.24,0.20,0.30,28.29,17,17,0
1786939,0.34,0.30,0.40,28.92,16,16,0,-0.06,-0.10,0.00,28.44,16,16,0,-0.22,-0.60,0.40,27.39,16,0,0,0.50,0.50,0.50,28.17,16,16,0,0.10,0.10,0.10,29.01,16,16,0,1.09,1.00,1.10,28.62,16,16,0,0.23,0.20,0.30,28.29,16,16,0
1787444,0.32,0.30,0.40,28.93,17,17,0,-0.02,-0.10,0.00,28.44,17,17,0,-0.14,-0.30,0.50,27.40,17,0,0,0.50,0.50,0.50,28.17,17,17,0,0.09,0.00,0.10,29.01,17,17,0,1.08,1.00,1.10,28.60,17,17,0,0.23,0.20,0.30,28.28,17,17,0
1787944,0.34,0.30,0.40,28.93,17,17,0,-0.01,-0.10,0.10,28.44,17,17,0,-0.04,-0.80,0.70,27.40,17,0,0,0.51,0.50,0.60,28.18,17,17,0,0.09,0.00,0.10,29.01,17,17,0,1.08,1.00,1.10,28.59,17,17,0,0.22,0.20,0.30,28.28,17,17,0
1788444,0.33,0.30,0.40,28.92,17,17,0,-0.02,-0.10,0.00,28.43,17,17,0,0.02,-0.90,0.90,27.41,17,0,0,0.50,0.50,0.50,28.17,17,17,0,0.09,0.00,0.10,29.00,17,17,0,1.09,1.00,1.10,28.59,17,17,0,0.22,0.20,0.30,28.30,17,17,0
1788944,0.34,0.30,0.40,28.93,17,17,0,-0.04,-0.10,0.00,28.44,17,17,0,-0.01,-0.90,1.00,27.40,17,0,0,0.50,0.50,0.50,28.18,17,17,0,0.10,0.10,0.10,29.00,17,17,0,1.06,1.00,1.10,28.60,17,17,0,0.23,0.20,0.30,28.28,17,17,0
1789457,0.34,0.30,0.40,28.93,18,18,0,-0.02,-0.10,0.10,28.43,18,18,0,-0.12,-1.00,0.50,27.41,18,0,0,0.50,0.50,0.50,28.20,18,18,0,0.10,0.10,0.10,29.02,18,18,0,1.08,1.00,1.10,28.61,18,18,0,0.23,0.20,0.30,28.28,18,18,0
1789960,0.34,0.30,0.40,28.93,16,16,0,-0.04,-0.10,0.00,28.44,16,16,0,1.96,-0.50,5.00,27.41,16,0,0,0.50,0.50,0.50,28.15,16,16,0,0.10,0.10,0.10,29.02,16,16,0,1.07,1.00,1.10,28.60,16,16,0,0.24,0.20,0.30,28.25,16,16,0
1790460,0.36,0.30,0.40,28.91,17,17,0,-0.02,-0.10,0.10,28.45,17,17,0,-0.34,-3.80,2.50,27.41,17,0,0,0.51,0.50,0.60,28.18,17,17,0,0.11,0.10,0.20,29.00,17,17,0,1.09,1.00,1.10,28.60,17,17,0,0.23,0.20,0.30,28.27,17,17,0
1790963,0.34,0.30,0.40,28.93,17,17,0,-0.03,-0.10,0.00,28.45,17,17,0,-0.99,-1.30,-0.40,27.43,17,0,0,0.50,0.50,0.50,28.16,17,17,0,0.10,0.10,0.10,29.02,17,17,0,1.09,1.00,1.10,28.60,17,17,0,0.24,0.20,0.30,28.29,17,17,0
1791463,0.34,0.30,0.40,28.91,17,17,0,-0.02,-0.10,0.10,28.43,17,17,0,-0.29,-0.90,0.30,27.43,17,0,0,0.50,0.50,0.50,28.18,17,17,0,0.11,0.10,0.20,29.01,17,17,0,1.08,1.00,1.10,28.59,17,17,0,0.24,0.20,0.30,28.27,17,17,0
1791976,0.36,0.30,0.40,28.91,18,18,0,-0.02,-0.10,0.10,28.46,18,18,0,-0.03,-0.70,0.50,27.44,18,0,0,0.50,0.50,0.50,28.18,18,18,0,0.09,0.00,0.10,29.02,18,18,0,1.08,1.00,1.10,28.60,18,18,0,0.24,0.20,0.30,28.30,18,18,0
1792476,0.34,0.30,0.40,28.93,17,17,0,-0.04,-0.10,0.00,28.44,17,17,0,0.14,-0.70,1.00,27.42,17,0,0,0.50,0.50,0.50,28.17,17,17,0,0.10,0.10,0.10,29.01,17,17,0,1.09,1.00,1.10,28.58,17,17,0,0.22,0.20,0.30,28.28,17,17,0
1792978,0.34,0.30,0.40,28.93,17,17,0,0.00,-0.10,0.10,28.45,17,17,0,0.21,-0.10,0.60,27.44,17,0,0,0.50,0.50,0.50,28.18,17,17,0,0.10,0.10,0.10,29.03,17,17,0,1.08,1.00,1.10,28.60,17,17,0,0.23,0.20,0.30,28.30,17,17,0
1793480,0.34,0.30,0.40,28.93,17,17,0,-0.01,-0.10,0.10,28.44,17,17,0,0.02,-0.60,0.60,27.43,17,0,0,0.51,0.50,0.60,28.18,17,17,0,0.09,0.00,0.10,29.01,17,17,0,1.08,1.00,1.10,28.60,17,17,0,0.25,0.20,0.30,28.28,17,17,0
1793988,0.35,0.30,0.40,28.93,17,17,0,0.00,-0.10,0.10,28.43,17,17,0,-0.07,-1.30,1.00,27.44,17,0,0,0.50,0.50,0.50,28.17,17,17,0,0.10,0.10,0.10,29.00,17,17,0,1.09,1.00,1.10,28.60,17,17,0,0.24,0.20,0.30,28.28,17,17,0
1794497,0.36,0.30,0.40,28.94,17,17,0,0.00,-0.10,0.10,28.42,17,17,0,0.02,-1.10,1.40,27.44,17,0,0,0.51,0.50,0.60,28.19,17,17,0,0.10,0.00,0.20,29.02,17,17,0,1.09,1.00,1.10,28.61,17,17,0,0.22,0.20,0.30,28.28,17,17,0
1794997,0.35,0.30,0.40,28.92,17,17,0,-0.04,-0.10,0.10,28.44,17,17,0,0.02,-1.30,1.80,27.45,17,0,0,0.50,0.50,0.50,28.19,17,17,0,0.11,0.00,0.20,29.01,17,17,0,1.09,1.00,1.10,28.60,17,17,0,0.23,0.20,0.30,28.30,17,17,0
1795497,0.35,0.30,0.40,28.93,17,17,0,-0.01,-0.10,0.10,28.46,17,17,0,0.01,-1.30,1.10,27.46,17,0,0,0.50,0.50,0.50,28.18,17,17,0,0.09,0.00,0.10,29.02,17,17,0,1.09,1.00,1.10,28.62,17,17,0,0.24,0.20,0.30,28.29,17,17,0
1795997,0.35,0.30,0.40,28.93,17,17,0,-0.05,-0.10,0.00,28.44,17,17,0,0.11,-0.20,0.70,27.46,17,0,0,0.51,0.50,0.60,28.19,17,17,0,0.10,0.10,0.10,29.01,17,17,0,1.09,1.00,1.10,28.60,17,17,0,0.24,0.20,0.30,28.29,17,17,0
1796497,0.33,0.30,0.40,28.92,17,17,0,-0.04,-0.10,0.00,28.42,17,17,0,-0.02,-0.70,0.60,27.46,17,0,0,0.50,0.50,0.50,28.18,17,17,0,0.09,0.00,0.20,29.02,17,17,0,1.10,1.10,1.10,28.62,17,17,0,0.23,0.20,0.30,28.29,17,17,0
1797003,0.36,0.30,0.40,28.93,17,17,0,-0.05,-0.10,0.00,28.44,17,17,0,0.06,-1.40,1.60,27.46,17,0,0,0.50,0.50,0.50,28.17,17,17,0,0.11,0.10,0.20,29.00,17,17,0,1.09,1.00,1.10,28.58,17,17,0,0.23,0.20,0.30,28.31,17,17,0
1797503,0.34,0.30,0.40,28.91,17,17,0,0.00,-0.10,0.10,28.43,17,17,0,-0.02,-1.50,1.70,27.48,17,0,0,0.50,0.50,0.50,28.17,17,17,0,0.11,0.10,0.20,29.00,17,17,0,1.08,1.00,1.10,28.59,17,17,0,0.23,0.20,0.30,28.29,17,17,0
1798003,0.34,0.30,0.40,28.94,16,16,0,-0.02,-0.10,0.10,28.44,16,16,0,0.14,-1.10,1.60,27.47,16,0,0,0.50,0.50,0.50,28.17,16,16,0,0.10,0.10,0.10,29.03,16,16,0,1.09,1.00,1.10,28.60,16,16,0,0.23,0.20,0.30,28.28,16,16,0
1798503,0.36,0.30,0.40,28.92,17,17,0,-0.02,-0.10,0.10,28.44,17,17,0,0.11,-1.20,1.20,27.47,17,0,0,0.51,0.50,0.60,28.16,17,17,0,0.11,0.10,0.20,29.02,17,17,0,1.09,1.00,1.10,28.60,17,17,0,0.23,0.20,0.30,28.29,17,17,0
1799003,0.36,0.30,0.40,28.93,17,17,0,-0.02,-0.10,0.00,28.44,17,17,0,-0.04,-1.10,1.00,27.48,17,0,0,0.50,0.50,0.50,28.17,17,17,0,0.11,0.10,0.20,29.02,17,17,0,1.09,1.00,1.10,28.60,17,17,0,0.23,0.20,0.30,28.30,17,17,0
1799503,0.32,0.30,0.40,28.94,17,17,0,-0.01,-0.10,0.10,28.44,17,17,0,0.01,-1.30,1.20,27.48,17,0,0,0.51,0.50,0.60,28.17,17,17,0,0.11,0.10,0.20,29.00,17,17,0,1.10,1.10,1.10,28.61,17,17,0,0.23,0.20,0.30,28.28,17,17,0
1800003,0.34,0.30,0.40,28.93,17,17,0,0.01,-0.10,0.10,28.44,17,17,0,-0.08,-1.00,0.60,27.48,17,0,0,0.50,0.50,0.50,28.17,17,17,0,0.09,0.00,0.10,29.01,17,17,0,1.10,1.10,1.10,28.60,17,17,0,0.22,0.20,0.30,28.29,17,17,0
1800503,0.36,0.30,0.40,28.93,17,17,0,-0.04,-0.10,0.00,28.43,17,17,0,-0.10,-0.70,0.70,27.48,17,0,0,0.50,0.50,0.50,28.19,17,17,0,0.11,0.00,0.20,29.02,17,17,0,1.09,1.00,1.10,28.60,17,17,0,0.23,0.20,0.30,28.28,17,17,0
1801003,0.35,0.30,0.40,28.90,17,17,0,-0.02,-0.10,0.10,28.44,17,17,0,-0.22,-0.80,0.60,27.49,17,0,0,0.50,0.50,0.50,28.17,17,17,0,0.11,0.10,0.20,28.99,17,17,0,1.08,1.00,1.10,28.59,17,17,0,0.25,0.20,0.30,28.28,17,17,0
1801503,0.35,0.30,0.40,28.93,17,17,0,-0.03,-0.10,0.10,28.45,17,17,0,-0.30,-1.00,0.20,27.49,17,0,0,0.51,0.50,0.60,28.17,17,17,0,0.11,0.10,0.20,29.01,17,17,0,1.10,1.10,1.10,28.60,17,17,0,0.24,0.20,0.30,28.27,17,17,0
1802016,0.34,0.30,0.40,28.92,17,17,0,-0.03,-0.10,0.10,28.44,17,17,0,-0.34,-0.90,0.40,27.50,17,0,0,0.51,0.50,0.60,28.18,17,17,0,0.09,0.00,0.10,28.99,17,17,0,1.09,1.00,1.10,28.59,17,17,0,0.22,0.20,0.30,28.28,17,17,0
1802529,0.33,0.30,0.40,28.93,18,18,0,-0.02,-0.10,0.10,28.44,18,18,0,-0.28,-1.00,0.50,27.49,18,0,0,0.50,0.50,0.50,28.19,18,18,0,0.10,0.10,0.10,29.01,18,18,0,1.08,1.00,1.10,28.60,18,18,0,0.25,0.20,0.30,28.28,18,18,0
1803031,0.34,0.30,0.40,28.93,17,17,0,-0.01,-0.10,0.10,28.44,17,17,0,-0.24,-0.80,0.40,27.51,17,0,0,0.50,0.50,0.50,28.17,17,17,0,0.10,0.10,0.10,29.03,17,17,0,1.09,1.00,1.10,28.60,17,17,0,0.22,0.20,0.30,28.29,17,17,0
1803531,0.35,0.30,0.40,28.92,17,17,0,0.00,-0.10,0.10,28.44,17,17,0,-0.08,-0.80,0.50,27.51,17,0,0,0.50,0.50,0.50,28.17,17,17,0,0.09,0.00,0.20,29.02,17,17,0,1.06,1.00,1.10,28.60,17,17,0,0.23,0.20,0.30,28.28,17,17,0
1804033,0.35,0.30,0.40,28.92,17,17,0,0.00,-0.10,0.10,28.46,17,17,0,-0.01,-0.70,0.70,27.50,17,0,0,0.50,0.50,0.50,28.18,17,17,0,0.10,0.10,0.10,29.00,17,17,0,1.09,1.00,1.10,28.62,17,17,0,0.22,0.20,0.30,28.28,17,17,0
1804533,0.34,0.30,0.40,28.93,17,17,0,-0.02,-0.10,0.00,28.44,17,17,0,-0.00,-0.50,0.70,27.51,17,0,0,0.51,0.50,0.60,28.18,17,17,0,0.10,0.10,0.10,29.03,17,17,0,1.10,1.10,1.10,28.59,17,17,0,0.23,0.20,0.30,28.28,17,17,0
1805033,0.34,0.30,0.40,28.93,17,17,0,-0.02,-0.10,0.00,28.45,17,17,0,-0.19,-1.20,0.40,27.51,17,0,0,0.51,0.50,0.60,28.17,17,17,0,0.10,0.00,0.20,29.01,17,17,0,1.10,1.10,1.10,28.60,17,17,0,0.22,0.20,0.30,28.30,17,17,0
1805533,0.35,0.30,0.40,28.92,17,17,0,-0.02,-0.10,0.10,28.45,17,17,0,-0.30,-4.40,2.90,27.53,17,0,0,0.50,0.50,0.50,28.18,17,17,0,0.10,0.10,0.10,29.01,17,17,0,1.09,1.00,1.10,28.58,17,17,0,0.22,0.20,0.30,28.30,17,17,0
1806039,0.35,0.30,0.40,28.91,17,17,0,-0.01,-0.10,0.10,28.45,17,17,0,-0.10,-1.50,1.00,27.50,17,0,0,0.51,0.50,0.60,28.18,17,17,0,0.09,0.00,0.10,29.02,17,17,0,1.09,1.00,1.10,28.59,17,17,0,0.21,0.20,0.30,28.30,17,17,0
1806539,0.35,0.30,0.40,28.92,17,17,0,-0.01,-0.10,0.00,28.43,17,17,0,0.06,-0.70,1.30,27.51,17,0,0,0.50,0.50,0.50,28.18,17,17,0,0.10,0.10,0.10,29.03,17,17,0,1.06,1.00,1.10,28.60,17,17,0,0.24,0.20,0.30,28.29,17,17,0
1807052,0.34,0.30,0.40,28.93,18,18,0,-0.01,-0.10,0.10,28.43,18,18,0,0.03,-0.70,1.20,27.53,18,0,0,0.51,0.50,0.60,28.17,18,18,0,0.10,0.10,0.10,29.01,18,18,0,1.08,1.00,1.10,28.61,18,18,0,0.24,0.20,0.30,28.29,18,18,0
1807565,0.35,0.30,0.40,28.92,18,18,0,-0.01,-0.10,0.10,28.45,18,18,0,-0.12,-0.90,0.50,27.51,18,0,0,0.51,0.50,0.60,28.18,18,18,0,0.11,0.10,0.20,29.00,18,18,0,1.08,1.00,1.10,28.60,18,18,0,0.23,0.20,0.30,28.28,18,18,0
1808069,0.34,0.30,0.40,28.93,17,17,0,0.00,-0.10,0.10,28.44,17,17,0,0.06,-0.80,0.90,27.55,17,0,0,0.51,0.50,0.60,28.17,17,17,0,0.11,0.10,0.20,29.01,17,17,0,1.08,1.00,1.10,28.61,17,17,0,0.22,0.20,0.30,28.28,17,17,0
1808574,0.36,0.30,0.40,28.94,17,17,0,-0.02,-0.10,0.10,28.44,17,17,0,0.14,-0.50,0.50,27.55,17,0,0,0.51,0.50,0.60,28.17,17,17,0,0.10,0.10,0.10,29.01,17,17,0,1.08,1.00,1.10,28.62,17,17,0,0.24,0.20,0.30,28.29,17,17,0
1809074,0.33,0.30,0.40,28.91,15,15,0,-0.03,-0.10,0.00,28.45,15,15,0,0.19,-0.30,0.60,27.55,15,0,0,0.50,0.50,0.50,28.18,15,15,0,0.09,0.00,0.10,29.01,15,15,0,1.10,1.10,1.10,28.60,15,15,0,0.25,0.20,0.30,28.29,15,15,0
1809574,0.35,0.30,0.40,28.92,17,17,0,0.00,-0.10,0.10,28.44,17,17,0,0.24,-0.50,0.70,27.57,17,0,0,0.50,0.50,0.50,28.19,17,17,0,0.09,0.00,0.10,29.00,17,17,0,1.07,1.00,1.10,28.61,17,17,0,0.23,0.20,0.30,28.29,17,17,0
1810074,0.34,0.30,0.40,28.93,17,17,0,-0.01,-0.10,0.10,28.44,17,17,0,0.22,-0.40,0.80,27.53,17,0,0,0.51,0.50,0.60,28.18,17,17,0,0.10,0.10,0.10,29.02,17,17,0,1.09,1.00,1.10,28.60,17,17,0,0.22,0.20,0.30,28.27,17,17,0
1810574,0.34,0.30,0.40,28.93,17,17,0,-0.04,-0.10,0.00,28.45,17,17,0,0.03,-0.50,0.50,27.56,17,0,0,0.51,0.50,0.60,28.17,17,17,0,0.11,0.10,0.20,29.01,17,17,0,1.09,1.00,1.10,28.61,17,17,0,0.22,0.20,0.30,28.29,17,17,0
1811087,0.33,0.30,0.40,28.94,18,18,0,-0.01,-0.10,0.10,28.45,18,18,0,-0.03,-0.70,0.50,27.55,18,0,0,0.51,0.50,0.60,28.18,18,18,0,0.10,0.10,0.10,29.00,18,18,0,1.09,1.00,1.10,28.59,18,18,0,0.22,0.20,0.30,28.29,18,18,0
1811587,0.34,0.30,0.40,28.93,17,17,0,-0.01,-0.10,0.10,28.44,17,17,0,0.02,-0.70,0.90,27.54,17,0,0,0.50,0.50,0.50,28.18,17,17,0,0.11,0.10,0.20,29.01,17,17,0,1.08,1.00,1.10,28.62,17,17,0,0.24,0.20,0.30,28.29,17,17,0
1812087,0.32,0.30,0.40,28.93,17,17,0,-0.04,-0.10,0.00,28.45,17,17,0,0.06,-0.40,0.30,27.56,17,0,0,0.52,0.50,0.60,28.16,17,17,0,0.10,0.10,0.10,29.02,17,17,0,1.08,1.00,1.10,28.59,17,17,0,0.23,0.20,0.30,28.29,17,17,0
1812587,0.34,0.30,0.40,28.93,17,17,0,0.01,-0.10,0.10,28.43,17,17,0,-0.11,-0.50,0.20,27.55,17,0,0,0.50,0.50,0.50,28.19,17,17,0,0.10,0.00,0.20,29.02,17,17,0,1.08,1.00,1.10,28.60,17,17,0,0.22,0.20,0.30,28.29,17,17,0
1813093,0.35,0.30,0.40,28.91,17,17,0,0.01,-0.10,0.10,28.44,17,17,0,-0.06,-0.70,0.50,27.56,17,0,0,0.51,0.50,0.60,28.18,17,17,0,0.10,0.10,0.10,29.01,17,17,0,1.09,1.00,1.10,28.59,17,17,0,0.22,0.20,0.30,28.28,17,17,0
1813605,0.34,0.30,0.40,28.93,18,18,0,-0.03,-0.10,0.00,28.43,18,18,0,0.16,-0.50,0.70,27.57,18,0,0,0.50,0.50,0.50,28.19,18,18,0,0.09,0.00,0.10,29.01,18,18,0,1.08,1.00,1.10,28.62,18,18,0,0.23,0.20,0.30,28.28,18,18,0
1814110,0.32,0.30,0.40,28.93,17,17,0,-0.02,-0.10,0.10,28.44,17,17,0,0.17,-0.50,0.90,27.57,17,0,0,0.50,0.50,0.50,28.18,17,17,0,0.09,0.00,0.10,29.01,17,17,0,1.09,1.00,1.10,28.61,17,17,0,0.23,0.20,0.30,28.30,17,17,0
1814616,0.36,0.30,0.40,28.94,18,18,0,-0.02,-0.10,0.10,28.44,18,18,0,-0.08,-1.30,1.00,27.58,18,0,0,0.50,0.50,0.50,28.19,18,18,0,0.11,0.00,0.20,29.02,18,18,0,1.09,1.00,1.10,28.61,18,18,0,0.22,0.20,0.30,28.28,18,18,0
1815118,0.34,0.30,0.40,28.95,17,17,0,-0.02,-0.10,0.00,28.45,17,17,0,-0.18,-1.00,1.10,27.59,17,0,0,0.50,0.50,0.50,28.19,17,17,0,0.10,0.10,0.10,29.01,17,17,0,1.09,1.00,1.10,28.62,17,17,0,0.23,0.20,0.30,28.29,17,17,0
1815618,0.35,0.30,0.40,28.94,17,17,0,-0.04,-0.10,0.00,28.45,17,17,0,-0.04,-1.00,0.90,27.58,17,0,0,0.50,0.50,0.50,28.19,17,17,0,0.11,0.00,0.20,29.01,17,17,0,1.08,1.00,1.10,28.60,17,17,0,0.24,0.20,0.30,28.27,17,17,0
1816118,0.34,0.30,0.40,28.92,17,17,0,-0.01,-0.10,0.10,28.43,17,17,0,0.11,-0.70,1.20,27.61,17,0,0,0.50,0.50,0.50,28.18,17,17,0,0.10,0.10,0.10,29.02,17,17,0,1.08,1.00,1.10,28.60,17,17,0,0.23,0.20,0.30,28.28,17,17,0
1816631,0.33,0.30,0.40,28.92,18,18,0,-0.03,-0.10,0.10,28.44,18,18,0,0.02,-0.80,1.00,27.58,18,0,0,0.50,0.50,0.50,28.18,18,18,0,0.10,0.10,0.10,29.02,18,18,0,1.09,1.00,1.10,28.61,18,18,0,0.21,0.20,0.30,28.29,18,18,0
1817133,0.35,0.30,0.40,28.93,17,17,0,-0.01,-0.10,0.10,28.46,17,17,0,-0.05,-1.00,0.70,27.60,17,0,0,0.51,0.50,0.60,28.17,17,17,0,0.11,0.10,0.20,29.03,17,17,0,1.09,1.00,1.10,28.59,17,17,0,0.24,0.20,0.30,28.29,17,17,0
1817633,0.34,0.30,0.40,28.94,17,17,0,-0.03,-0.10,0.10,28.44,17,17,0,-0.11,-0.60,0.20,27.59,17,0,0,0.51,0.50,0.60,28.18,17,17,0,0.09,0.00,0.10,29.01,17,17,0,1.09,1.00,1.10,28.61,17,17,0,0.21,0.20,0.30,28.28,17,17,0
1818143,0.35,0.30,0.40,28.93,18,18,0,-0.03,-0.10,0.00,28.45,18,18,0,-0.00,-0.40,0.40,27.61,18,0,0,0.51,0.50,0.60,28.17,18,18,0,0.09,0.00,0.10,29.00,18,18,0,1.07,1.00,1.10,28.60,18,18,0,0.23,0.20,0.30,28.30,18,18,0
1818643,0.34,0.30,0.40,28.92,17,17,0,-0.02,-0.10,0.10,28.45,17,17,0,0.08,-0.90,0.80,27.62,17,0,0,0.50,0.50,0.50,28.18,17,17,0,0.09,0.00,0.10,29.02,17,17,0,1.09,1.00,1.10,28.61,17,17,0,0.23,0.20,0.30,28.29,17,17,0
1819143,0.36,0.30,0.40,28.93,17,17,0,-0.01,-0.10,0.10,28.44,17,17,0,0.09,-0.50,0.60,27.60,17,0,0,0.50,0.50,0.50,28.18,17,17,0,0.10,0.10,0.10,29.00,17,17,0,1.08,1.00,1.10,28.61,17,17,0,0.21,0.20,0.30,28.29,17,17,0
1819643,0.34,0.30,0.40,28.93,17,17,0,0.01,-0.10,0.10,28.43,17,17,0,0.06,-0.30,0.60,27.62,17,0,0,0.50,0.50,0.50,28.18,17,17,0,0.10,0.10,0.10,29.00,17,17,0,1.09,1.00,1.10,28.62,17,17,0,0.25,0.20,0.30,28.29,17,17,0
1820143,0.35,0.30,0.40,28.94,17,17,0,-0.01,-0.10,0.10,28.45,17,17,0,-0.01,-0.20,0.20,27.60,17,0,0,0.51,0.50,0.60,28.20,17,17,0,0.10,0.10,0.10,29.02,17,17,0,1.07,1.00,1.10,28.59,17,17,0,0.22,0.20,0.30,28.29,17,17,0
1820643,0.32,0.30,0.40,28.93,17,17,0,-0.02,-0.10,0.10,28.44,17,17,0,0.04,-0.90,1.00,27.61,17,0,0,0.50,0.50,0.50,28.19,17,17,0,0.10,0.00,0.20,29.00,17,17,0,1.08,1.00,1.10,28.59,17,17,0,0.21,0.20,0.30,28.28,17,17,0
1821152,0.34,0.30,0.40,28.93,17,17,0,-0.03,-0.10,0.10,28.44,17,17,0,0.01,-0.60,0.80,27.62,17,0,0,0.50,0.50,0.50,28.20,17,17,0,0.09,0.00,0.10,29.00,17,17,0,1.09,1.00,1.10,28.61,17,17,0,0.23,0.20,0.30,28.28,17,17,0
1821662,0.33,0.30,0.40,28.93,18,18,0,-0.03,-0.10,0.10,28.44,18,18,0,0.04,-0.50,0.60,27.62,18,0,0,0.51,0.50,0.60,28.19,18,18,0,0.10,0.10,0.10,29.02,18,18,0,1.09,1.00,1.20,28.61,18,18,0,0.22,0.20,0.30,28.30,18,18,0
1822172,0.35,0.30,0.40,28.93,18,18,0,-0.02,-0.10,0.10,28.45,18,18,0,0.06,-0.40,0.50,27.62,18,0,0,0.49,0.40,0.50,28.18,18,18,0,0.09,0.00,0.10,29.01,18,18,0,1.07,1.00,1.10,28.60,18,18,0,0.23,0.20,0.30,28.29,18,18,0
1822672,0.35,0.30,0.40,28.94,17,17,0,-0.01,-0.10,0.10,28.45,17,17,0,0.01,-0.30,0.30,27.61,17,0,0,0.50,0.50,0.50,28.18,17,17,0,0.10,0.10,0.10,29.01,17,17,0,1.07,1.00,1.10,28.61,17,17,0,0.22,0.20,0.30,28.30,17,17,0
1823172,0.35,0.30,0.40,28.94,17,17,0,-0.02,-0.10,0.10,28.44,17,17,0,0.09,-0.30,0.50,27.63,17,0,0,0.50,0.50,0.50,28.18,17,17,0,0.10,0.10,0.10,29.00,17,17,0,1.08,1.00,1.10,28.59,17,17,0,0.22,0.20,0.30,28.31,17,17,0
1823672,0.35,0.30,0.40,28.91,17,17,0,-0.03,-0.10,0.00,28.45,17,17,0,0.08,-0.40,0.40,27.64,17,0,0,0.51,0.50,0.60,28.16,17,17,0,0.10,0.10,0.10,29.00,17,17,0,1.10,1.10,1.10,28.61,17,17,0,0.23,0.20,0.30,28.28,17,17,0
1824172,0.35,0.30,0.40,28.94,17,17,0,-0.01,-0.10,0.10,28.44,17,17,0,0.07,-0.40,0.70,27.66,17,0,0,0.50,0.50,0.50,28.18,17,17,0,0.10,0.10,0.10,29.01,17,17,0,1.08,1.00,1.10,28.60,17,17,0,0.22,0.20,0.30,28.30,17,17,0
1824682,0.34,0.30,0.40,28.93,18,18,0,-0.04,-0.10,0.10,28.45,18,18,0,-0.03,-0.80,0.70,27.62,18,0,0,0.50,0.50,0.50,28.18,18,18,0,0.09,0.00,0.10,29.01,18,18,0,1.08,1.00,1.10,28.61,18,18,0,0.23,0.20,0.30,28.31,18,18,0
1825192,0.36,0.30,0.40,28.91,17,17,0,-0.04,-0.10,0.00,28.45,17,17,0,0.02,-0.40,0.40,27.63,17,0,0,0.50,0.50,0.50,28.19,17,17,0,0.09,0.00,0.10,29.03,17,17,0,1.09,1.00,1.10,28.63,17,17,0,0.25,0.20,0.30,28.28,17,17,0
1825692,0.36,0.30,0.40,28.93,17,17,0,-0.05,-0.10,0.10,28.43,17,17,0,0.02,-0.30,0.30,27.64,17,0,0,0.51,0.50,0.60,28.18,17,17,0,0.09,0.00,0.10,29.00,17,17,0,1.08,1.00,1.10,28.60,17,17,0,0.21,0.20,0.30,28.30,17,17,0
1826202,0.33,0.30,0.40,28.94,18,18,0,-0.02,-0.10,0.10,28.45,18,18,0,-0.05,-0.80,0.70,27.64,18,0,0,0.50,0.50,0.50,28.17,18,18,0,0.10,0.00,0.20,29.02,18,18,0,1.09,1.00,1.10,28.61,18,18,0,0.23,0.20,0.30,28.29,18,18,0
1826702,0.34,0.30,0.40,28.94,17,17,0,-0.01,-0.10,0.10,28.44,17,17,0,-0.11,-1.00,1.00,27.64,17,0,0,0.50,0.50,0.50,28.18,17,17,0,0.11,0.10,0.20,29.01,17,17,0,1.08,1.00,1.10,28.60,17,17,0,0.22,0.20,0.30,28.31,17,17,0
1827202,0.35,0.30,0.40,28.93,17,17,0,-0.03,-0.10,0.10,28.44,17,17,0,-0.13,-0.90,0.50,27.66,17,0,0,0.50,0.50,0.50,28.18,17,17,0,0.09,0.00,0.10,29.02,17,17,0,1.06,1.00,1.10,28.61,17,17,0,0.22,0.20,0.30,28.30,17,17,0
1827702,0.35,0.30,0.40,28.94,17,17,0,-0.01,-0.10,0.10,28.45,17,17,0,-0.18,-0.90,0.50,27.63,17,0,0,0.49,0.40,0.50,28.19,17,17,0,0.10,0.10,0.10,29.01,17,17,0,1.09,1.00,1.10,28.61,17,17,0,0.22,0.20,0.30,28.28,17,17,0
1828208,0.33,0.30,0.40,28.93,16,16,0,0.00,-0.10,0.10,28.44,16,16,0,-0.14,-0.90,0.50,27.66,16,0,0,0.50,0.50,0.50,28.19,16,16,0,0.10,0.10,0.10,29.02,16,16,0,1.09,1.00,1.10,28.60,16,16,0,0.24,0.20,0.30,28.30,16,16,0
1828708,0.34,0.30,0.40,28.94,17,17,0,0.00,-0.10,0.10,28.44,17,17,0,-0.24,-0.90,0.40,27.65,17,0,0,0.51,0.50,0.60,28.19,17,17,0,0.11,0.10,0.20,29.03,17,17,0,1.08,1.00,1.10,28.59,17,17,0,0.23,0.20,0.30,28.28,17,17,0
1829208,0.35,0.30,0.40,28.94,17,17,0,0.00,-0.10,0.10,28.44,17,17,0,-0.24,-0.60,0.20,27.64,17,0,0,0.50,0.50,0.50,28.18,17,17,0,0.11,0.10,0.20,29.01,17,17,0,1.07,1.00,1.10,28.61,17,17,0,0.21,0.20,0.30,28.28,17,17,0
1829719,0.36,0.30,0.40,28.94,18,18,0,0.00,-0.10,0.10,28.45,18,18,0,-0.18,-0.60,0.20,27.66,18,0,0,0.49,0.40,0.50,28.16,18,18,0,0.11,0.10,0.20,29.01,18,18,0,1.07,1.00,1.10,28.62,18,18,0,0.24,0.20,0.30,28.29,18,18,0
1830219,0.34,0.30,0.40,28.93,17,17,0,0.00,-0.10,0.10,28.43,17,17,0,-0.18,-0.80,0.20,27.67,17,0,0,0.50,0.50,0.50,28.18,17,17,0,0.11,0.10,0.20,29.01,17,17,0,1.09,1.00,1.10,28.62,17,17,0,0.23,0.20,0.30,28.30,17,17,0
1830719,0.34,0.30,0.40,28.93,17,17,0,-0.01,-0.10,0.10,28.45,17,17,0,-0.14,-0.90,0.70,27.67,17,0,0,0.51,0.50,0.60,28.19,17,17,0,0.10,0.10,0.10,29.04,17,17,0,1.07,1.00,1.10,28.61,17,17,0,0.22,0.20,0.30,28.28,17,17,0
1831222,0.35,0.30,0.40,28.93,17,17,0,-0.02,-0.10,0.10,28.44,17,17,0,-0.13,-0.60,0.20,27.66,17,0,0,0.51,0.50,0.60,28.16,17,17,0,0.11,0.10,0.20,29.03,17,17,0,1.08,1.00,1.10,28.59,17,17,0,0.24,0.20,0.30,28.29,17,17,0
1831732,0.33,0.30,0.40,28.94,18,18,0,-0.04,-0.10,0.00,28.44,18,18,0,-0.12,-0.40,0.10,27.68,18,0,0,0.50,0.50,0.50,28.19,18,18,0,0.08,0.00,0.10,29.01,18,18,0,1.08,1.00,1.10,28.62,18,18,0,0.25,0.20,0.30,28.30,18,18,0
1832235,0.36,0.30,0.40,28.94,17,17,0,-0.01,-0.10,0.10,28.43,17,17,0,-0.08,-0.40,0.20,27.67,17,0,0,0.50,0.50,0.50,28.19,17,17,0,0.11,0.00,0.20,29.01,17,17,0,1.08,1.00,1.10,28.59,17,17,0,0.24,0.20,0.30,28.28,17,17,0
1832735,0.35,0.30,0.40,28.93,17,17,0,-0.02,-0.10,0.10,28.46,17,17,0,0.01,-0.70,1.00,27.67,17,0,0,0.50,0.50,0.50,28.20,17,17,0,0.11,0.10,0.20,29.00,17,17,0,1.08,1.00,1.10,28.61,17,17,0,0.23,0.20,0.30,28.30,17,17,0
1833242,0.32,0.30,0.40,28.94,17,17,0,0.01,-0.10,0.10,28.45,17,17,0,-0.01,-0.80,0.90,27.69,17,0,0,0.50,0.50,0.50,28.18,17,17,0,0.09,-0.10,0.10,29.02,17,17,0,1.08,1.00,1.10,28.61,17,17,0,0.22,0.20,0.30,28.28,17,17,0
1833742,0.34,0.30,0.40,28.93,17,17,0,-0.02,-0.10,0.10,28.45,17,17,0,0.02,-0.60,0.50,27.68,17,0,0,0.50,0.50,0.50,28.18,17,17,0,0.09,0.00,0.10,29.02,17,17,0,1.08,1.00,1.10,28.61,17,17,0,0.24,0.20,0.30,28.30,17,17,0
1834245,0.35,0.30,0.40,28.94,17,17,0,-0.01,-0.10,0.10,28.44,17,17,0,-0.05,-1.30,1.20,27.68,17,0,0,0.50,0.50,0.50,28.19,17,17,0,0.09,0.00,0.10,29.03,17,17,0,1.07,1.00,1.10,28.61,17,17,0,0.23,0.20,0.30,28.30,17,17,0
1834745,0.36,0.30,0.40,28.92,17,17,0,0.01,-0.10,0.10,28.44,17,17,0,0.04,-0.90,1.10,27.70,17,0,0,0.50,0.50,0.50,28.18,17,17,0,0.10,0.00,0.20,29.01,17,17,0,1.08,1.00,1.10,28.62,17,17,0,0.25,0.20,0.30,28.29,17,17,0
1835245,0.35,0.30,0.40,28.94,17,17,0,-0.02,-0.10,0.10,28.45,17,17,0,0.04,-0.30,0.30,27.70,17,0,0,0.50,0.50,0.50,28.19,17,17,0,0.10,0.10,0.10,29.00,17,17,0,1.08,1.00,1.10,28.60,17,17,0,0.24,0.20,0.30,28.31,17,17,0
1835748,0.35,0.30,0.40,28.95,17,17,0,-0.02,-0.10,0.00,28.45,17,17,0,0.18,-0.70,0.70,27.70,17,0,0,0.51,0.50,0.60,28.18,17,17,0,0.10,0.10,0.10,29.01,17,17,0,1.09,1.00,1.10,28.60,17,17,0,0.26,0.20,0.30,28.28,17,17,0
1836261,0.36,0.30,0.40,28.93,17,17,0,-0.01,-0.10,0.10,28.46,17,17,0,0.13,-0.50,1.00,27.68,17,0,0,0.50,0.50,0.50,28.16,17,17,0,0.11,0.10,0.20,29.01,17,17,0,1.09,1.00,1.10,28.61,17,17,0,0.23,0.20,0.30,28.28,17,17,0
1836764,0.36,0.30,0.40,28.94,17,17,0,-0.01,-0.10,0.10,28.45,17,17,0,0.02,-0.60,0.50,27.70,17,0,0,0.50,0.50,0.50,28.19,17,17,0,0.09,0.00,0.10,29.01,17,17,0,1.09,1.00,1.10,28.61,17,17,0,0.22,0.20,0.30,28.29,17,17,0
1837264,0.34,0.30,0.40,28.93,17,17,0,0.01,-0.10,0.10,28.45,17,17,0,0.08,-0.50,0.40,27.70,17,0,0,0.49,0.40,0.50,28.18,17,17,0,0.09,0.00,0.10,29.02,17,17,0,1.07,1.00,1.10,28.63,17,17,0,0.25,0.20,0.30,28.31,17,17,0
1837774,0.34,0.30,0.40,28.94,17,17,0,-0.02,-0.10,0.10,28.44,17,17,0,0.13,-0.40,0.60,27.71,17,0,0,0.50,0.50,0.50,28.20,17,17,0,0.09,0.00,0.10,29.02,17,17,0,1.09,1.00,1.10,28.60,17,17,0,0.28,0.20,0.30,28.29,17,17,0
1838287,0.32,0.30,0.40,28.93,18,18,0,-0.03,-0.10,0.00,28.45,18,18,0,0.16,-0.50,0.70,27.69,18,0,0,0.49,0.40,0.50,28.18,18,18,0,0.09,0.00,0.10,29.02,18,18,0,1.09,1.00,1.10,28.61,18,18,0,0.23,0.20,0.30,28.29,18,18,0
1838787,0.36,0.30,0.40,28.94,17,17,0,-0.02,-0.10,0.10,28.44,17,17,0,0.18,-0.30,0.80,27.70,17,0,0,0.50,0.50,0.50,28.19,17,17,0,0.09,0.00,0.10,29.01,17,17,0,1.10,1.10,1.10,28.61,17,17,0,0.24,0.20,0.30,28.27,17,17,0
1839287,0.34,0.30,0.40,28.94,17,17,0,-0.01,-0.10,0.10,28.45,17,17,0,0.06,-0.30,0.60,27.72,17,0,0,0.50,0.50,0.50,28.18,17,17,0,0.10,0.10,0.10,29.01,17,17,0,1.10,1.10,1.10,28.62,17,17,0,0.26,0.20,0.30,28.30,17,17,0
1839787,0.32,0.30,0.40,28.92,17,17,0,-0.02,-0.10,0.10,28.45,17,17,0,0.05,-0.30,0.60,27.71,17,0,0,0.50,0.50,0.50,28.19,17,17,0,0.10,0.10,0.10,29.01,17,17,0,1.09,1.00,1.10,28.62,17,17,0,0.27,0.20,0.30,28.29,17,17,0
1840292,0.35,0.30,0.40,28.94,17,17,0,0.01,-0.10,0.10,28.43,17,17,0,0.27,-0.20,1.30,27.70,17,0,0,0.51,0.50,0.60,28.19,17,17,0,0.09,0.00,0.10,29.01,17,17,0,1.09,1.00,1.10,28.61,17,17,0,0.22,0.20,0.30,28.30,17,17,0
1840796,0.35,0.30,0.40,28.93,17,17,0,-0.05,-0.10,0.10,28.46,17,17,0,0.35,-0.50,0.90,27.72,17,0,0,0.50,0.50,0.50,28.19,17,17,0,0.10,0.10,0.10,29.02,17,17,0,1.09,1.00,1.10,28.61,17,17,0,0.24,0.20,0.30,28.30,17,17,0
1841296,0.35,0.30,0.40,28.94,17,17,0,-0.02,-0.10,0.10,28.44,17,17,0,0.04,-2.60,1.50,27.72,17,0,0,0.50,0.50,0.50,28.19,17,17,0,0.11,0.10,0.20,29.01,17,17,0,1.08,1.00,1.10,28.60,17,17,0,0.24,0.20,0.30,28.27,17,17,0
1841799,0.33,0.30,0.40,28.93,17,17,0,-0.01,-0.10,0.10,28.46,17,17,0,-0.02,-2.40,1.50,27.72,17,0,0,0.50,0.50,0.50,28.21,17,17,0,0.11,0.10,0.20,29.01,17,17,0,1.08,1.00,1.10,28.61,17,17,0,0.24,0.20,0.30,28.30,17,17,0
1842312,0.36,0.30,0.40,28.94,18,18,0,-0.05,-0.10,0.00,28.46,18,18,0,-0.01,-1.20,1.10,27.71,18,0,0,0.50,0.50,0.50,28.18,18,18,0,0.09,0.00,0.10,29.01,18,18,0,1.09,1.00,1.10,28.60,18,18,0,0.26,0.20,0.30,28.28,18,18,0
1842821,0.35,0.30,0.40,28.96,17,17,0,-0.02,-0.10,0.10,28.43,17,17,0,-0.11,-1.40,1.40,27.74,17,0,0,0.50,0.50,0.50,28.16,17,17,0,0.11,0.10,0.20,29.02,17,17,0,1.09,1.00,1.10,28.60,17,17,0,0.26,0.20,0.30,28.30,17,17,0
1843324,0.35,0.30,0.40,28.94,17,17,0,0.01,-0.10,0.10,28.46,17,17,0,0.01,-2.00,1.90,27.71,17,0,0,0.50,0.50,0.50,28.19,17,17,0,0.09,0.00,0.10,29.01,17,17,0,1.06,1.00,1.10,28.62,17,17,0,0.24,0.20,0.30,28.30,17,17,0
1843824,0.35,0.30,0.40,28.95,16,16,0,0.00,-0.10,0.10,28.46,16,16,0,-0.03,-1.70,2.50,27.73,16,0,0,0.50,0.50,0.50,28.18,16,16,0,0.10,0.10,0.10,29.00,16,16,0,1.08,1.00,1.10,28.62,16,16,0,0.26,0.20,0.30,28.30,16,16,0
1844324,0.34,0.30,0.40,28.94,16,16,0,-0.01,-0.10,0.10,28.46,16,16,0,-0.08,-1.40,1.30,27.73,16,0,0,0.52,0.50,0.60,28.20,16,16,0,0.09,0.00,0.10,29.02,16,16,0,1.09,1.00,1.10,28.60,16,16,0,0.22,0.20,0.30,28.27,16,16,0
1844834,0.34,0.30,0.40,28.94,17,17,0,-0.01,-0.10,0.10,28.44,17,17,0,-0.19,-1.10,0.70,27.74,17,0,0,0.51,0.50,0.60,28.20,17,17,0,0.09,0.00,0.10,29.01,17,17,0,1.09,1.00,1.10,28.62,17,17,0,0.25,0.20,0.30,28.29,17,17,0
1845336,0.35,0.30,0.40,28.94,17,17,0,-0.02,-0.10,0.00,28.45,17,17,0,-0.35,-1.50,0.80,27.73,17,0,0,0.50,0.50,0.50,28.17,17,17,0,0.11,0.10,0.20,29.01,17,17,0,1.09,1.00,1.10,28.62,17,17,0,0.24,0.20,0.30,28.29,17,17,0
1845836,0.35,0.30,0.40,28.94,17,17,0,-0.04,-0.10,0.10,28.45,17,17,0,-0.49,-1.90,0.80,27.75,17,0,0,0.50,0.50,0.50,28.17,17,17,0,0.10,0.10,0.10,29.00,17,17,0,1.09,1.00,1.10,28.60,17,17,0,0.24,0.20,0.30,28.29,17,17,0
1846340,0.35,0.30,0.40,28.94,17,17,0,-0.02,-0.10,0.00,28.46,17,17,0,-0.66,-1.50,0.20,27.74,17,0,0,0.51,0.50,0.60,28.20,17,17,0,0.09,0.00,0.10,29.02,17,17,0,1.09,1.00,1.10,28.62,17,17,0,0.26,0.20,0.30,28.29,17,17,0
1846845,0.35,0.30,0.40,28.94,17,17,0,-0.04,-0.10,0.10,28.45,17,17,0,-0.52,-2.10,4.00,27.75,17,0,0,0.50,0.50,0.50,28.17,17,17,0,0.10,0.10,0.10,29.01,17,17,0,1.09,1.00,1.10,28.60,17,17,0,0.25,0.20,0.30,28.29,17,17,0
1847349,0.36,0.30,0.40,28.92,17,17,0,-0.01,-0.10,0.10,28.45,17,17,0,-0.78,-3.80,3.90,27.73,17,0,0,0.51,0.50,0.60,28.19,17,17,0,0.10,0.00,0.20,29.01,17,17,0,1.08,1.00,1.10,28.61,17,17,0,0.22,0.20,0.30,28.31,17,17,0
1847849,0.35,0.30,0.40,28.94,15,15,0,-0.03,-0.10,0.00,28.45,15,15,0,-0.05,-1.20,1.60,27.75,15,0,0,0.51,0.50,0.60,28.18,15,15,0,0.11,0.10,0.20,29.01,15,15,0,1.09,1.00,1.10,28.61,15,15,0,0.23,0.20,0.30,28.28,15,15,0
1848349,0.33,0.30,0.40,28.94,17,17,0,0.02,-0.10,0.10,28.45,17,17,0,0.06,-1.50,1.50,27.76,17,0,0,0.50,0.50,0.50,28.19,17,17,0,0.09,0.00,0.20,29.01,17,17,0,1.09,1.00,1.10,28.61,17,17,0,0.22,0.20,0.30,28.28,17,17,0
1848849,0.33,0.30,0.40,28.94,17,17,0,-0.04,-0.10,0.10,28.45,17,17,0,0.01,-0.90,1.00,27.76,17,0,0,0.51,0.50,0.60,28.19,17,17,0,0.10,0.10,0.10,29.02,17,17,0,1.09,1.00,1.10,28.62,17,17,0,0.25,0.20,0.30,28.30,17,17,0
1849353,0.35,0.30,0.40,28.93,17,17,0,-0.05,-0.10,0.00,28.44,17,17,0,0.01,-0.80,0.80,27.77,17,0,0,0.49,0.40,0.50,28.20,17,17,0,0.10,0.10,0.10,29.00,17,17,0,1.10,1.10,1.10,28.60,17,17,0,0.24,0.20,0.30,28.27,17,17,0
1849864,0.34,0.30,0.40,28.93,18,18,0,-0.02,-0.10,0.10,28.45,18,18,0,-0.11,-0.90,0.90,27.76,18,0,0,0.50,0.50,0.50,28.18,18,18,0,0.11,0.10,0.20,29.01,18,18,0,1.08,1.00,1.10,28.61,18,18,0,0.24,0.20,0.30,28.30,18,18,0
1850364,0.35,0.30,0.40,28.93,17,17,0,-0.02,-0.10,0.10,28.44,17,17,0,-0.19,-0.80,0.40,27.78,17,0,0,0.50,0.50,0.50,28.17,17,17,0,0.10,0.00,0.20,29.01,17,17,0,1.08,1.00,1.10,28.62,17,17,0,0.25,0.20,0.30,28.29,17,17,0
1850864,0.35,0.30,0.40,28.93,17,17,0,-0.02,-0.10,0.10,28.44,17,17,0,-0.18,-1.30,0.60,27.75,17,0,0,0.50,0.50,0.50,28.18,17,17,0,0.09,0.00,0.10,29.02,17,17,0,1.09,1.00,1.10,28.61,17,17,0,0.25,0.20,0.30,28.28,17,17,0
1851364,0.35,0.30,0.40,28.94,17,17,0,-0.01,-0.10,0.10,28.45,17,17,0,-0.01,-1.90,1.30,27.75,17,0,0,0.50,0.50,0.50,28.19,17,17,0,0.11,0.10,0.20,29.01,17,17,0,1.09,1.00,1.10,28.61,17,17,0,0.25,0.20,0.30,28.29,17,17,0
1851870,0.36,0.30,0.40,28.94,17,17,0,-0.02,-0.10,0.10,28.44,17,17,0,0.01,-0.80,0.90,27.77,17,0,0,0.50,0.50,0.50,28.20,17,17,0,0.10,0.10,0.10,29.00,17,17,0,1.07,1.00,1.10,28.61,17,17,0,0.24,0.20,0.30,28.29,17,17,0
1852373,0.36,0.30,0.40,28.92,17,17,0,-0.03,-0.10,0.10,28.46,17,17,0,0.11,-0.30,0.40,27.77,17,0,0,0.50,0.50,0.50,28.20,17,17,0,0.08,0.00,0.10,29.00,17,17,0,1.08,1.00,1.10,28.62,17,17,0,0.23,0.20,0.30,28.29,17,17,0
1852873,0.34,0.30,0.40,28.94,17,17,0,-0.01,-0.10,0.00,28.44,17,17,0,0.19,-0.30,0.80,27.78,17,0,0,0.49,0.40,0.50,28.18,17,17,0,0.11,0.10,0.20,29.02,17,17,0,1.09,1.00,1.10,28.61,17,17,0,0.23,0.20,0.30,28.29,17,17,0
1853373,0.34,0.30,0.40,28.94,17,17,0,-0.02,-0.10,0.00,28.44,17,17,0,0.24,-0.80,1.10,27.77,17,0,0,0.50,0.50,0.50,28.18,17,17,0,0.09,0.00,0.10,29.02,17,17,0,1.09,1.00,1.10,28.62,17,17,0,0.26,0.20,0.30,28.28,17,17,0
1853873,0.35,0.30,0.40,28.94,17,17,0,0.00,-0.10,0.10,28.44,17,17,0,0.15,-0.70,1.20,27.77,17,0,0,0.51,0.50,0.60,28.18,17,17,0,0.10,0.10,0.10,29.01,17,17,0,1.08,1.00,1.10,28.63,17,17,0,0.24,0.20,0.30,28.29,17,17,0
1854373,0.34,0.30,0.40,28.95,17,17,0,-0.04,-0.10,0.00,28.45,17,17,0,0.03,-0.80,1.00,27.77,17,0,0,0.50,0.50,0.50,28.17,17,17,0,0.09,0.00,0.10,29.03,17,17,0,1.08,1.00,1.10,28.63,17,17,0,0.25,0.20,0.30,28.30,17,17,0
1854878,0.36,0.30,0.40,28.95,17,17,0,0.00,-0.10,0.10,28.43,17,17,0,0.11,-2.30,1.40,27.78,17,0,0,0.50,0.50,0.50,28.19,17,17,0,0.10,0.10,0.10,29.00,17,17,0,1.09,1.00,1.10,28.60,17,17,0,0.25,0.20,0.30,28.30,17,17,0
1855381,0.34,0.30,0.40,28.94,16,16,0,-0.01,-0.10,0.10,28.45,16,16,0,0.03,-0.90,1.50,27.79,16,0,0,0.50,0.40,0.60,28.20,16,16,0,0.11,0.10,0.20,29.02,16,16,0,1.10,1.10,1.10,28.60,16,16,0,0.24,0.20,0.30,28.30,16,16,0
1855890,0.34,0.30,0.40,28.94,17,17,0,-0.02,-0.10,0.10,28.45,17,17,0,0.03,-1.30,1.20,27.78,17,0,0,0.49,0.40,0.50,28.19,17,17,0,0.09,0.00,0.10,29.00,17,17,0,1.09,1.00,1.10,28.61,17,17,0,0.23,0.20,0.30,28.29,17,17,0
1856397,0.36,0.30,0.40,28.95,18,18,0,-0.03,-0.10,0.10,28.44,18,18,0,-0.17,-0.60,0.70,27.78,18,0,0,0.50,0.50,0.50,28.19,18,18,0,0.10,0.10,0.10,29.00,18,18,0,1.10,1.10,1.10,28.61,18,18,0,0.22,0.20,0.30,28.29,18,18,0
1856897,0.32,0.30,0.40,28.94,17,17,0,-0.03,-0.10,0.00,28.44,17,17,0,-0.10,-1.30,0.90,27.79,17,0,0,0.51,0.50,0.60,28.20,17,17,0,0.08,0.00,0.10,29.00,17,17,0,1.09,1.00,1.10,28.62,17,17,0,0.23,0.20,0.30,28.30,17,17,0
1857407,0.38,0.30,0.40,28.93,17,17,0,-0.01,-0.10,0.00,28.45,17,17,0,-0.14,-1.10,0.60,27.76,17,0,0,0.49,0.40,0.50,28.19,17,17,0,0.09,0.00,0.10,29.01,17,17,0,1.08,1.00,1.10,28.62,17,17,0,0.23,0.20,0.30,28.29,17,17,0
1857920,0.35,0.30,0.40,28.93,18,18,0,-0.03,-0.10,0.00,28.43,18,18,0,-0.08,-0.80,0.80,27.78,18,0,0,0.49,0.40,0.50,28.18,18,18,0,0.10,0.10,0.10,28.99,18,18,0,1.09,1.00,1.10,28.61,18,18,0,0.24,0.20,0.30,28.29,18,18,0
1858431,0.34,0.30,0.40,28.94,18,18,0,-0.02,-0.10,0.10,28.45,18,18,0,-0.06,-0.40,0.20,27.78,18,0,0,0.50,0.50,0.50,28.19,18,18,0,0.10,0.10,0.10,29.00,18,18,0,1.08,1.00,1.10,28.60,18,18,0,0.24,0.20,0.30,28.30,18,18,0
1858931,0.35,0.30,0.40,28.94,17,17,0,-0.02,-0.10,0.10,28.44,17,17,0,-0.25,-0.90,0.40,27.80,17,0,0,0.50,0.50,0.50,28.19,17,17,0,0.10,0.00,0.20,29.01,17,17,0,1.09,1.00,1.10,28.60,17,17,0,0.24,0.20,0.30,28.28,17,17,0
1859431,0.35,0.30,0.40,28.93,16,16,0,-0.04,-0.10,0.00,28.46,16,16,0,-0.33,-1.00,0.20,27.79,16,0,0,0.50,0.50,0.50,28.19,16,16,0,0.11,0.10,0.20,29.00,16,16,0,1.09,1.00,1.10,28.63,16,16,0,0.24,0.20,0.30,28.29,16,16,0
1859931,0.36,0.30,0.40,28.92,18,18,0,-0.02,-0.10,0.10,28.45,18,18,0,-0.19,-0.80,0.60,27.79,18,0,0,0.50,0.50,0.50,28.19,18,18,0,0.10,0.10,0.10,29.00,18,18,0,1.09,1.00,1.10,28.60,18,18,0,0.24,0.20,0.30,28.30,18,18,0
1860434,0.33,0.30,0.40,28.95,17,17,0,-0.02,-0.10,0.10,28.44,17,17,0,-0.08,-0.50,0.30,27.79,17,0,0,0.49,0.40,0.50,28.17,17,17,0,0.11,0.10,0.20,28.99,17,17,0,1.09,1.00,1.10,28.60,17,17,0,0.25,0.20,0.30,28.29,17,17,0
1860934,0.34,0.30,0.40,28.93,17,17,0,-0.03,-0.10,0.10,28.46,17,17,0,0.09,-0.50,0.60,27.81,17,0,0,0.51,0.50,0.60,28.18,17,17,0,0.11,0.10,0.20,29.01,17,17,0,1.09,1.00,1.10,28.62,17,17,0,0.25,0.20,0.30,28.29,17,17,0
1861434,0.35,0.30,0.40,28.95,17,17,0,-0.01,-0.10,0.10,28.44,17,17,0,0.12,-1.20,0.80,27.81,17,0,0,0.50,0.50,0.50,28.20,17,17,0,0.11,0.00,0.20,29.01,17,17,0,1.09,1.00,1.10,28.62,17,17,0,0.24,0.20,0.30,28.29,17,17,0
1861934,0.33,0.30,0.40,28.93,17,17,0,-0.01,-0.10,0.10,28.45,17,17,0,0.15,-1.60,1.40,27.82,17,0,0,0.51,0.50,0.60,28.19,17,17,0,0.10,0.10,0.10,29.01,17,17,0,1.09,1.00,1.10,28.60,17,17,0,0.24,0.20,0.30,28.29,17,17,0
1862445,0.34,0.30,0.40,28.94,18,18,0,-0.02,-0.10,0.10,28.44,18,18,0,-0.08,-1.40,1.20,27.81,18,0,0,0.50,0.50,0.50,28.19,18,18,0,0.10,0.10,0.10,29.01,18,18,0,1.09,1.00,1.10,28.61,18,18,0,0.23,0.20,0.30,28.29,18,18,0
1862958,0.35,0.30,0.40,28.94,18,18,0,-0.02,-0.10,0.10,28.44,18,18,0,-0.09,-0.80,0.60,27.80,18,0,0,0.50,0.50,0.50,28.18,18,18,0,0.10,0.10,0.10,29.00,18,18,0,1.09,1.00,1.10,28.61,18,18,0,0.25,0.20,0.30,28.29,18,18,0
1863458,0.36,0.30,0.40,28.95,16,16,0,-0.02,-0.10,0.10,28.44,16,16,0,-0.08,-1.50,3.50,27.83,16,0,0,0.50,0.50,0.50,28.19,16,16,0,0.11,0.10,0.20,29.00,16,16,0,1.08,1.00,1.10,28.62,16,16,0,0.24,0.20,0.30,28.30,16,16,0
1863958,0.32,0.30,0.40,28.93,17,17,0,-0.04,-0.10,0.00,28.44,17,17,0,-0.05,-1.20,1.60,27.81,17,0,0,0.50,0.50,0.50,28.19,17,17,0,0.10,0.00,0.20,29.01,17,17,0,1.09,1.00,1.10,28.60,17,17,0,0.26,0.20,0.30,28.29,17,17,0
1864471,0.32,0.30,0.40,28.94,17,17,0,-0.02,-0.10,0.00,28.44,17,17,0,0.28,-7.60,9.40,27.81,17,0,0,0.51,0.50,0.60,28.20,17,17,0,0.09,0.00,0.10,29.01,17,17,0,1.09,1.00,1.10,28.62,17,17,0,0.24,0.20,0.30,28.28,17,17,0
1864971,0.34,0.30,0.40,28.95,17,17,0,0.00,-0.10,0.10,28.46,17,17,0,0.32,-10.20,7.90,27.82,17,0,0,0.50,0.40,0.60,28.18,17,17,0,0.11,0.10,0.20,29.00,17,17,0,1.08,1.00,1.10,28.63,17,17,0,0.23,0.20,0.30,28.29,17,17,0
1865471,0.34,0.30,0.40,28.94,17,17,0,-0.02,-0.10,0.10,28.45,17,17,0,-0.25,-4.50,4.30,27.84,17,0,0,0.50,0.50,0.50,28.17,17,17,0,0.11,0.10,0.20,29.00,17,17,0,1.09,1.00,1.10,28.61,17,17,0,0.24,0.20,0.30,28.29,17,17,0
1865971,0.35,0.30,0.40,28.94,17,17,0,-0.01,-0.10,0.10,28.45,17,17,0,0.22,-2.40,2.10,27.83,17,0,0,0.50,0.50,0.50,28.18,17,17,0,0.10,0.10,0.10,29.02,17,17,0,1.08,1.00,1.10,28.60,17,17,0,0.24,0.20,0.30,28.28,17,17,0
1866471,0.36,0.30,0.40,28.95,17,17,0,-0.01,-0.10,0.10,28.46,17,17,0,-0.09,-6.50,5.20,27.83,17,0,0,0.50,0.50,0.50,28.18,17,17,0,0.10,0.10,0.10,29.01,17,17,0,1.09,1.00,1.10,28.61,17,17,0,0.26,0.20,0.30,28.29,17,17,0
1866971,0.33,0.30,0.40,28.94,16,16,0,0.00,-0.10,0.10,28.45,16,16,0,0.31,-3.10,4.50,27.83,16,0,0,0.51,0.50,0.60,28.18,16,16,0,0.10,0.10,0.10,29.00,16,16,0,1.09,1.00,1.10,28.61,16,16,0,0.24,0.20,0.30,28.29,16,16,0
1867479,0.34,0.30,0.40,28.94,17,17,0,-0.01,-0.10,0.10,28.43,17,17,0,0.17,-6.50,4.70,27.84,17,0,0,0.51,0.50,0.60,28.17,17,17,0,0.10,0.10,0.10,29.01,17,17,0,1.08,1.00,1.10,28.62,17,17,0,0.25,0.20,0.30,28.28,17,17,0
1867979,0.32,0.30,0.40,28.96,17,17,0,-0.02,-0.10,0.10,28.45,17,17,0,-0.13,-3.20,3.10,27.82,17,0,0,0.50,0.50,0.50,28.18,17,17,0,0.08,0.00,0.10,29.01,17,17,0,1.06,1.00,1.10,28.61,17,17,0,0.22,0.20,0.30,28.30,17,17,0
1868479,0.34,0.30,0.40,28.95,17,17,0,-0.02,-0.10,0.00,28.45,17,17,0,-0.17,-1.50,1.30,27.84,17,0,0,0.50,0.50,0.50,28.20,17,17,0,0.09,0.00,0.20,29.02,17,17,0,1.10,1.10,1.10,28.62,17,17,0,0.24,0.20,0.30,28.29,17,17,0
1868979,0.32,0.30,0.40,28.94,17,17,0,-0.01,-0.10,0.10,28.44,17,17,0,-0.09,-1.30,1.40,27.82,17,0,0,0.50,0.50,0.50,28.18,17,17,0,0.11,0.10,0.20,29.02,17,17,0,1.09,1.00,1.10,28.61,17,17,0,0.26,0.20,0.30,28.29,17,17,0
1869479,0.34,0.30,0.40,28.94,17,17,0,-0.05,-0.10,0.00,28.44,17,17,0,0.01,-1.30,1.40,27.85,17,0,0,0.49,0.40,0.50,28.19,17,17,0,0.09,0.00,0.10,29.01,17,17,0,1.07,1.00,1.10,28.60,17,17,0,0.27,0.20,0.30,28.29,17,17,0
1869979,0.36,0.30,0.40,28.94,17,17,0,-0.01,-0.10,0.00,28.43,17,17,0,-0.13,-1.10,1.10,27.85,17,0,0,0.50,0.50,0.50,28.17,17,17,0,0.09,0.00,0.10,29.00,17,17,0,1.10,1.10,1.10,28.60,17,17,0,0.24,0.20,0.30,28.31,17,17,0
1870479,0.34,0.30,0.40,28.95,17,17,0,0.01,-0.10,0.10,28.45,17,17,0,-0.18,-1.10,0.90,27.83,17,0,0,0.51,0.50,0.60,28.19,17,17,0,0.10,0.10,0.10,29.02,17,17,0,1.09,1.00,1.10,28.61,17,17,0,0.27,0.20,0.30,28.29,17,17,0
1870979,0.33,0.30,0.40,28.94,16,16,0,-0.03,-0.10,0.10,28.44,16,16,0,-0.13,-1.00,1.20,27.83,16,0,0,0.49,0.40,0.50,28.18,16,16,0,0.09,0.00,0.10,29.03,16,16,0,1.08,1.00,1.10,28.61,16,16,0,0.26,0.20,0.30,28.30,16,16,0
1871479,0.31,0.30,0.40,28.94,17,17,0,0.00,-0.10,0.10,28.45,17,17,0,0.02,-0.80,1.20,27.85,17,0,0,0.50,0.50,0.50,28.19,17,17,0,0.10,0.10,0.10,29.02,17,17,0,1.09,1.00,1.10,28.62,17,17,0,0.25,0.20,0.30,28.30,17,17,0
1871979,0.32,0.30,0.40,28.93,17,17,0,-0.03,-0.10,0.00,28.47,17,17,0,0.08,-0.90,1.20,27.85,17,0,0,0.51,0.50,0.60,28.18,17,17,0,0.10,0.10,0.10,29.01,17,17,0,1.07,1.00,1.10,28.61,17,17,0,0.22,0.20,0.30,28.27,17,17,0
1872479,0.34,0.30,0.40,28.94,17,17,0,-0.01,-0.10,0.10,28.46,17,17,0,0.18,-1.00,1.60,27.87,17,0,0,0.50,0.50,0.50,28.19,17,17,0,0.09,0.00,0.10,29.02,17,17,0,1.09,1.00,1.10,28.62,17,17,0,0.25,0.20,0.30,28.29,17,17,0
1872979,0.34,0.30,0.40,28.93,17,17,0,-0.02,-0.10,0.10,28.44,17,17,0,0.28,-1.20,1.30,27.86,17,0,0,0.50,0.50,0.50,28.18,17,17,0,0.09,0.00,0.10,29.02,17,17,0,1.09,1.00,1.10,28.61,17,17,0,0.24,0.20,0.30,28.31,17,17,0
1873479,0.35,0.30,0.40,28.95,17,17,0,-0.02,-0.10,0.10,28.46,17,17,0,0.19,-0.80,1.20,27.85,17,0,0,0.51,0.50,0.60,28.19,17,17,0,0.09,0.00,0.10,29.00,17,17,0,1.09,1.00,1.10,28.62,17,17,0,0.22,0.20,0.30,28.28,17,17,0
1873979,0.33,0.30,0.40,28.94,17,17,0,-0.03,-0.10,0.00,28.44,17,17,0,-0.22,-1.80,1.10,27.85,17,0,0,0.51,0.50,0.60,28.20,17,17,0,0.11,0.10,0.20,29.01,17,17,0,1.08,1.00,1.10,28.60,17,17,0,0.26,0.20,0.30,28.30,17,17,0
1874481,0.33,0.30,0.40,28.95,17,17,0,-0.04,-0.10,0.00,28.44,17,17,0,-0.22,-2.00,1.30,27.86,17,0,0,0.50,0.50,0.50,28.20,17,17,0,0.11,0.10,0.20,28.99,17,17,0,1.09,1.00,1.10,28.61,17,17,0,0.25,0.20,0.30,28.30,17,17,0
1874985,0.34,0.30,0.40,28.95,18,18,0,-0.03,-0.10,0.10,28.44,18,18,0,-0.17,-1.30,1.00,27.85,18,0,0,0.51,0.50,0.60,28.19,18,18,0,0.11,0.10,0.20,29.01,18,18,0,1.09,1.00,1.10,28.61,18,18,0,0.24,0.20,0.30,28.29,18,18,0
1875485,0.31,0.30,0.40,28.96,17,17,0,-0.02,-0.10,0.10,28.45,17,17,0,-0.25,-1.50,0.60,27.86,17,0,0,0.51,0.50,0.60,28.17,17,17,0,0.09,0.00,0.10,29.01,17,17,0,1.08,1.00,1.10,28.62,17,17,0,0.24,0.20,0.30,28.30,17,17,0
1875989,0.34,0.30,0.40,28.93,18,18,0,-0.02,-0.10,0.00,28.46,18,18,0,-0.31,-1.10,0.70,27.87,18,0,0,0.50,0.50,0.50,28.18,18,18,0,0.10,0.10,0.10,29.01,18,18,0,1.08,1.00,1.10,28.62,18,18,0,0.22,0.20,0.30,28.28,18,18,0
1876489,0.33,0.30,0.40,28.93,18,18,0,-0.04,-0.10,0.00,28.45,18,18,0,-0.26,-1.30,0.70,27.88,18,0,0,0.50,0.50,0.50,28.19,18,18,0,0.10,0.10,0.10,29.00,18,18,0,1.09,1.00,1.10,28.61,18,18,0,0.25,0.20,0.30,28.30,18,18,0
1876989,0.34,0.30,0.40,28.94,17,17,0,-0.04,-0.10,0.00,28.46,17,17,0,-0.19,-0.80,0.50,27.88,17,0,0,0.51,0.50,0.60,28.19,17,17,0,0.10,0.10,0.10,29.03,17,17,0,1.07,1.00,1.10,28.62,17,17,0,0.25,0.20,0.30,28.29,17,17,0
1877489,0.32,0.30,0.40,28.95,17,17,0,-0.01,-0.10,0.00,28.44,17,17,0,-0.14,-1.50,1.20,27.87,17,0,0,0.50,0.50,0.50,28.18,17,17,0,0.09,0.00,0.10,29.01,17,17,0,1.08,1.00,1.10,28.61,17,17,0,0.24,0.20,0.30,28.29,17,17,0
1877989,0.34,0.30,0.40,28.94,18,18,0,-0.01,-0.10,0.10,28.46,18,18,0,-0.08,-1.50,1.40,27.87,18,0,0,0.50,0.50,0.50,28.19,18,18,0,0.09,0.00,0.10,29.02,18,18,0,1.09,1.00,1.10,28.63,18,18,0,0.24,0.20,0.30,28.29,18,18,0
1878489,0.34,0.30,0.40,28.95,17,17,0,-0.01,-0.10,0.10,28.45,17,17,0,-0.35,-1.50,0.70,27.86,17,0,0,0.51,0.50,0.60,28.20,17,17,0,0.09,0.00,0.20,29.00,17,17,0,1.08,1.00,1.10,28.61,17,17,0,0.25,0.20,0.30,28.31,17,17,0
1878989,0.32,0.30,0.40,28.94,17,17,0,-0.01,-0.10,0.10,28.44,17,17,0,-0.46,-1.60,0.50,27.88,17,0,0,0.50,0.50,0.50,28.18,17,17,0,0.10,0.00,0.20,29.02,17,17,0,1.08,1.00,1.10,28.63,17,17,0,0.25,0.20,0.30,28.30,17,17,0
1879489,0.32,0.30,0.40,28.96,17,17,0,-0.01,-0.10,0.10,28.45,17,17,0,-0.50,-2.00,0.90,27.88,17,0,0,0.50,0.50,0.50,28.19,17,17,0,0.10,0.10,0.10,29.01,17,17,0,1.09,1.00,1.10,28.62,17,17,0,0.23,0.20,0.30,28.28,17,17,0
1880001,0.32,0.30,0.40,28.97,18,18,0,-0.03,-0.10,0.10,28.44,18,18,0,-0.51,-1.50,0.30,27.88,18,0,0,0.51,0.50,0.60,28.20,18,18,0,0.09,0.00,0.10,29.01,18,18,0,1.09,1.00,1.10,28.61,18,18,0,0.24,0.20,0.30,28.30,18,18,0
1880509,0.31,0.30,0.40,28.95,18,18,0,-0.01,-0.10,0.10,28.45,18,18,0,-0.33,-2.60,2.60,27.88,18,0,0,0.51,0.50,0.60,28.19,18,18,0,0.09,0.00,0.10,29.01,18,18,0,1.10,1.10,1.10,28.62,18,18,0,0.23,0.20,0.30,28.28,18,18,0
1881009,0.34,0.30,0.40,28.96,17,17,0,-0.03,-0.10,0.10,28.45,17,17,0,-0.44,-2.10,1.10,27.88,17,0,0,0.49,0.40,0.50,28.20,17,17,0,0.09,0.00,0.10,29.03,17,17,0,1.08,1.00,1.10,28.61,17,17,0,0.25,0.20,0.30,28.32,17,17,0
1881510,0.33,0.30,0.40,28.95,17,17,0,-0.02,-0.10,0.10,28.45,17,17,0,-0.21,-2.80,1.30,27.90,17,0,0,0.50,0.50,0.50,28.21,17,17,0,0.10,0.10,0.10,29.01,17,17,0,1.09,1.00,1.10,28.60,17,17,0,0.25,0.20,0.30,28.30,17,17,0
1882010,0.32,0.30,0.40,28.95,17,17,0,-0.03,-0.10,0.00,28.45,17,17,0,-0.08,-1.30,1.50,27.89,17,0,0,0.51,0.40,0.60,28.18,17,17,0,0.10,0.10,0.10,29.03,17,17,0,1.09,1.00,1.10,28.63,17,17,0,0.24,0.20,0.30,28.28,17,17,0
1882510,0.34,0.30,0.40,28.95,17,17,0,-0.02,-0.10,0.10,28.46,17,17,0,-0.04,-1.00,1.00,27.90,17,0,0,0.50,0.50,0.50,28.20,17,17,0,0.09,0.00,0.10,29.00,17,17,0,1.06,1.00,1.10,28.63,17,17,0,0.24,0.20,0.30,28.30,17,17,0
1883010,0.33,0.30,0.40,28.95,17,17,0,-0.01,-0.10,0.10,28.44,17,17,0,-0.11,-0.90,1.10,27.89,17,0,0,0.50,0.50,0.50,28.19,17,17,0,0.11,0.00,0.20,29.01,17,17,0,1.09,1.00,1.10,28.61,17,17,0,0.26,0.20,0.30,28.31,17,17,0
1883510,0.32,0.30,0.40,28.95,17,17,0,-0.03,-0.10,0.00,28.44,17,17,0,-0.21,-1.50,0.40,27.90,17,0,0,0.50,0.50,0.50,28.19,17,17,0,0.10,0.10,0.10,29.02,17,17,0,1.08,1.00,1.10,28.62,17,17,0,0.24,0.20,0.30,28.29,17,17,0
1884010,0.37,0.30,0.40,28.95,17,17,0,-0.03,-0.10,0.10,28.46,17,17,0,-0.30,-1.00,0.30,27.89,17,0,0,0.50,0.50,0.50,28.19,17,17,0,0.09,0.00,0.10,29.00,17,17,0,1.09,1.00,1.10,28.62,17,17,0,0.25,0.20,0.30,28.30,17,17,0
1884510,0.34,0.30,0.40,28.96,17,17,0,-0.05,-0.10,0.00,28.45,17,17,0,-0.31,-1.30,0.40,27.90,17,0,0,0.50,0.50,0.50,28.19,17,17,0,0.10,0.00,0.20,29.02,17,17,0,1.08,1.00,1.10,28.63,17,17,0,0.23,0.20,0.30,28.28,17,17,0
1885011,0.34,0.30,0.40,28.96,17,17,0,-0.04,-0.10,0.00,28.45,17,17,0,-0.04,-0.80,0.90,27.90,17,0,0,0.49,0.40,0.50,28.20,17,17,0,0.09,0.00,0.20,29.00,17,17,0,1.08,1.00,1.10,28.63,17,17,0,0.25,0.20,0.30,28.30,17,17,0
1885511,0.36,0.30,0.40,28.97,17,17,0,-0.02,-0.10,0.10,28.46,17,17,0,-0.42,-2.20,0.90,27.90,17,0,0,0.51,0.50,0.60,28.19,17,17,0,0.10,0.10,0.10,29.03,17,17,0,1.08,1.00,1.10,28.62,17,17,0,0.23,0.20,0.30,28.29,17,17,0
1886011,0.34,0.30,0.40,28.96,16,16,0,-0.03,-0.10,0.10,28.46,16,16,0,0.64,-0.60,4.20,27.91,16,0,0,0.51,0.50,0.60,28.19,16,16,0,0.09,0.00,0.10,29.03,16,16,0,1.08,1.00,1.10,28.60,16,16,0,0.24,0.20,0.30,28.30,16,16,0
1886511,0.32,0.30,0.40,28.95,17,17,0,-0.06,-0.10,0.00,28.44,17,17,0,0.03,-1.70,1.30,27.90,17,0,0,0.51,0.50,0.60,28.19,17,17,0,0.11,0.10,0.20,29.02,17,17,0,1.09,1.00,1.10,28.61,17,17,0,0.24,0.20,0.30,28.30,17,17,0
1887011,0.36,0.30,0.40,28.95,17,17,0,-0.05,-0.10,0.10,28.46,17,17,0,-0.26,-1.40,0.30,27.90,17,0,0,0.51,0.50,0.60,28.19,17,17,0,0.10,0.10,0.10,29.02,17,17,0,1.09,1.00,1.10,28.63,17,17,0,0.24,0.20,0.30,28.30,17,17,0
1887513,0.35,0.30,0.40,28.96,17,17,0,-0.04,-0.10,0.00,28.46,17,17,0,-0.28,-0.60,0.10,27.89,17,0,0,0.51,0.50,0.60,28.19,17,17,0,0.09,0.00,0.10,29.03,17,17,0,1.08,1.00,1.10,28.62,17,17,0,0.24,0.20,0.30,28.31,17,17,0
1888021,0.34,0.30,0.40,28.95,18,18,0,-0.03,-0.10,0.10,28.47,18,18,0,-0.26,-0.70,0.40,27.90,18,0,0,0.51,0.50,0.60,28.19,18,18,0,0.10,0.10,0.10,29.01,18,18,0,1.09,1.00,1.10,28.62,18,18,0,0.22,0.20,0.30,28.29,18,18,0
1888521,0.36,0.30,0.40,28.95,18,18,0,-0.02,-0.10,0.10,28.47,18,18,0,-0.82,-1.30,-0.40,27.92,18,0,0,0.50,0.50,0.50,28.19,18,18,0,0.11,0.10,0.20,29.03,18,18,0,1.08,1.00,1.10,28.63,18,18,0,0.26,0.20,0.30,28.28,18,18,0
1889033,0.34,0.30,0.40,28.94,17,17,0,-0.01,-0.10,0.10,28.47,17,17,0,-0.28,-1.00,0.60,27.92,17,0,0,0.50,0.50,0.50,28.20,17,17,0,0.09,0.00,0.10,29.03,17,17,0,1.09,1.00,1.10,28.63,17,17,0,0.25,0.20,0.30,28.30,17,17,0
1889537,0.36,0.30,0.40,28.98,17,17,0,-0.01,-0.10,0.10,28.46,17,17,0,-0.08,-0.50,0.60,27.92,17,0,0,0.50,0.40,0.60,28.19,17,17,0,0.10,0.10,0.10,29.02,17,17,0,1.09,1.00,1.10,28.61,17,17,0,0.26,0.20,0.30,28.30,17,17,0
1890037,0.35,0.30,0.40,28.96,17,17,0,-0.03,-0.10,0.10,28.48,17,17,0,-0.06,-1.00,1.10,27.90,17,0,0,0.51,0.50,0.60,28.20,17,17,0,0.11,0.10,0.20,29.02,17,17,0,1.08,1.00,1.10,28.61,17,17,0,0.26,0.20,0.30,28.31,17,17,0
1890537,0.34,0.30,0.40,28.95,17,17,0,-0.03,-0.10,0.00,28.46,17,17,0,-0.20,-1.20,0.60,27.91,17,0,0,0.51,0.50,0.60,28.17,17,17,0,0.09,0.00,0.10,29.03,17,17,0,1.10,1.10,1.10,28.63,17,17,0,0.23,0.20,0.30,28.32,17,17,0
1891037,0.35,0.30,0.40,28.96,17,17,0,-0.01,-0.10,0.10,28.47,17,17,0,-0.20,-0.70,0.30,27.92,17,0,0,0.50,0.50,0.50,28.18,17,17,0,0.11,0.10,0.20,29.03,17,17,0,1.09,1.00,1.10,28.63,17,17,0,0.24,0.20,0.30,28.31,17,17,0
1891537,0.36,0.30,0.40,28.96,18,18,0,-0.02,-0.10,0.10,28.46,18,18,0,-0.28,-0.90,0.10,27.93,18,0,0,0.50,0.50,0.50,28.18,18,18,0,0.10,0.10,0.10,29.03,18,18,0,1.09,1.00,1.10,28.61,18,18,0,0.25,0.20,0.30,28.30,18,18,0
1892046,0.36,0.30,0.40,28.96,17,17,0,-0.04,-0.10,0.00,28.45,17,17,0,-0.35,-0.90,0.30,27.92,17,0,0,0.50,0.50,0.50,28.18,17,17,0,0.09,0.00,0.10,29.04,17,17,0,1.09,1.00,1.10,28.63,17,17,0,0.22,0.20,0.30,28.29,17,17,0
1892546,0.32,0.30,0.40,28.96,17,17,0,-0.01,-0.10,0.10,28.47,17,17,0,-0.52,-1.40,0.10,27.93,17,0,0,0.51,0.50,0.60,28.20,17,17,0,0.09,0.00,0.10,29.01,17,17,0,1.08,1.00,1.10,28.60,17,17,0,0.23,0.20,0.30,28.30,17,17,0
1893046,0.34,0.30,0.40,28.94,17,17,0,-0.02,-0.10,0.10,28.45,17,17,0,-0.45,-1.20,0.20,27.93,17,0,0,0.51,0.50,0.60,28.19,17,17,0,0.11,0.10,0.20,29.03,17,17,0,1.09,1.00,1.10,28.61,17,17,0,0.23,0.20,0.30,28.30,17,17,0
1893546,0.35,0.30,0.40,28.97,18,18,0,-0.04,-0.10,0.00,28.47,18,18,0,0.35,-9.00,29.60,27.93,18,0,0,0.51,0.50,0.60,28.20,18,18,0,0.10,0.00,0.20,29.04,18,18,0,1.08,1.00,1.10,28.63,18,18,0,0.25,0.20,0.30,28.30,18,18,0
1894046,0.31,0.30,0.40,28.95,16,16,0,0.00,-0.10,0.10,28.47,16,16,0,870.36,380.60,965.80,27.28,16,0,0,0.51,0.50,0.60,28.19,16,16,0,0.09,0.00,0.10,29.03,16,16,0,1.08,1.00,1.10,28.62,16,16,0,0.24,0.20,0.30,28.29,16,16,0
1894546,0.33,0.30,0.40,28.97,16,16,0,-0.02,-0.10,0.10,28.47,16,16,0,806.69,653.10,924.10,26.07,16,0,0,0.50,0.50,0.50,28.19,16,16,0,0.09,0.00,0.10,29.03,16,16,0,1.09,1.00,1.10,28.62,16,16,0,0.23,0.20,0.30,28.30,16,16,0
1895046,0.35,0.30,0.40,28.97,17,17,0,-0.02,-0.10,0.10,28.46,17,17,0,837.64,787.80,933.90,25.59,17,0,0,0.50,0.50,0.50,28.19,17,17,0,0.10,0.10,0.10,29.03,17,17,0,1.08,1.00,1.10,28.62,17,17,0,0.23,0.10,0.30,28.30,17,17,0
1895546,0.36,0.30,0.40,28.96,17,17,0,0.00,0.00,0.00,28.46,17,17,0,1088.79,919.90,1248.40,25.31,17,0,0,0.51,0.50,0.60,28.19,17,17,0,0.09,0.00,0.10,29.03,17,17,0,1.08,1.00,1.10,28.63,17,17,0,0.22,0.20,0.30,28.33,17,17,0
1896053,0.34,0.30,0.40,28.98,17,17,0,-0.02,-0.10,0.10,28.46,17,17,0,1448.69,1310.90,1579.20,25.03,17,0,0,0.50,0.50,0.50,28.18,17,17,0,0.10,0.10,0.10,29.03,17,17,0,1.08,1.00,1.10,28.62,17,17,0,0.24,0.20,0.30,28.30,17,17,0
1896563,0.35,0.30,0.40,28.95,17,17,0,-0.05,-0.10,0.00,28.46,17,17,0,1737.58,1620.70,1815.60,24.85,17,0,0,0.50,0.50,0.50,28.20,17,17,0,0.10,0.10,0.10,29.03,17,17,0,1.09,1.00,1.10,28.64,17,17,0,0.23,0.20,0.30,28.30,17,17,0
1897063,0.35,0.30,0.40,28.95,17,17,0,-0.04,-0.10,0.00,28.46,17,17,0,1879.76,1838.90,1910.60,24.71,17,0,0,0.50,0.50,0.50,28.19,17,17,0,0.10,0.10,0.10,29.02,17,17,0,1.09,1.00,1.10,28.63,17,17,0,0.25,0.20,0.30,28.30,17,17,0
1897566,0.34,0.30,0.40,28.97,17,17,0,-0.03,-0.10,0.10,28.46,17,17,0,1992.96,1924.50,2158.60,24.63,17,0,0,0.50,0.50,0.50,28.20,17,17,0,0.10,0.10,0.10,29.03,17,17,0,1.08,1.00,1.10,28.63,17,17,0,0.23,0.20,0.30,28.29,17,17,0
1898072,0.34,0.30,0.40,28.97,17,17,0,-0.01,-0.10,0.10,28.46,17,17,0,2264.01,2033.60,2574.80,24.49,17,0,0,0.50,0.50,0.50,28.18,17,17,0,0.09,0.00,0.10,29.03,17,17,0,1.09,1.00,1.10,28.63,17,17,0,0.24,0.20,0.30,28.30,17,17,0
1898572,0.33,0.30,0.40,28.97,17,17,0,-0.02,-0.10,0.00,28.47,17,17,0,1976.67,1842.40,2167.70,24.46,17,0,0,0.50,0.50,0.50,28.19,17,17,0,0.10,0.00,0.20,29.03,17,17,0,1.06,1.00,1.10,28.64,17,17,0,0.25,0.20,0.30,28.31,17,17,0
1899072,0.35,0.30,0.40,28.94,17,17,0,-0.01,-0.10,0.10,28.47,17,17,0,1805.52,1797.60,1826.70,24.47,17,0,0,0.50,0.50,0.50,28.19,17,17,0,0.10,0.10,0.10,29.03,17,17,0,1.08,1.00,1.10,28.62,17,17,0,0.21,0.20,0.30,28.31,17,17,0
1899572,0.34,0.30,0.40,28.96,17,17,0,-0.02,-0.10,0.10,28.47,17,17,0,1818.50,1812.70,1823.00,24.48,17,0,0,0.50,0.40,0.60,28.21,17,17,0,0.10,0.10,0.10,29.03,17,17,0,1.09,1.00,1.10,28.64,17,17,0,0.24,0.20,0.30,28.30,17,17,0
1900072,0.36,0.30,0.40,28.96,17,17,0,-0.03,-0.10,0.00,28.47,17,17,0,1849.05,1828.70,1868.40,24.45,17,0,0,0.51,0.40,0.60,28.18,17,17,0,0.11,0.10,0.20,29.03,17,17,0,1.08,1.00,1.10,28.63,17,17,0,0.22,0.20,0.30,28.31,17,17,0
1900572,0.34,0.30,0.40,28.96,17,17,0,-0.02,-0.10,0.10,28.47,17,17,0,1860.04,1851.70,1867.90,24.42,17,0,0,0.50,0.50,0.50,28.20,17,17,0,0.09,0.00,0.10,29.05,17,17,0,1.08,1.00,1.10,28.63,17,17,0,0.22,0.20,0.30,28.30,17,17,0
1901072,0.37,0.30,0.40,28.98,17,17,0,-0.04,-0.10,0.00,28.45,17,17,0,1878.02,1858.00,1891.10,24.41,17,0,0,0.51,0.50,0.60,28.21,17,17,0,0.10,0.10,0.10,29.04,17,17,0,1.08,1.00,1.10,28.64,17,17,0,0.24,0.20,0.30,28.31,17,17,0
1901579,0.36,0.30,0.40,28.98,17,17,0,-0.05,-0.10,0.00,28.45,17,17,0,1856.61,1848.70,1870.60,24.40,17,0,0,0.50,0.50,0.50,28.19,17,17,0,0.09,0.00,0.10,29.04,17,17,0,1.09,1.00,1.10,28.62,17,17,0,0.24,0.20,0.30,28.33,17,17,0
1902079,0.36,0.30,0.40,28.97,17,17,0,-0.02,-0.10,0.10,28.45,17,17,0,1872.54,1843.80,1888.00,24.36,17,0,0,0.50,0.50,0.50,28.19,17,17,0,0.10,0.10,0.10,29.03,17,17,0,1.08,1.00,1.10,28.62,17,17,0,0.23,0.20,0.30,28.31,17,17,0
1902579,0.36,0.30,0.40,28.96,17,17,0,-0.03,-0.10,0.10,28.47,17,17,0,1840.35,1826.70,1860.90,24.37,17,0,0,0.51,0.50,0.60,28.19,17,17,0,0.11,0.10,0.20,29.03,17,17,0,1.08,1.00,1.10,28.63,17,17,0,0.24,0.20,0.30,28.30,17,17,0
1903079,0.35,0.30,0.40,28.96,17,17,0,-0.02,-0.10,0.00,28.47,17,17,0,1843.51,1810.10,1874.10,24.36,17,0,0,0.51,0.50,0.60,28.20,17,17,0,0.09,0.00,0.10,29.04,17,17,0,1.09,1.00,1.10,28.62,17,17,0,0.23,0.20,0.30,28.31,17,17,0
1903580,0.36,0.30,0.40,28.95,17,17,0,-0.02,-0.10,0.10,28.47,17,17,0,1820.79,1799.50,1841.70,24.34,17,0,0,0.51,0.50,0.60,28.20,17,17,0,0.11,0.10,0.20,29.06,17,17,0,1.09,1.00,1.10,28.64,17,17,0,0.21,0.20,0.30,28.29,17,17,0
1904080,0.36,0.30,0.40,28.97,17,17,0,-0.02,-0.10,0.00,28.47,17,17,0,1805.09,1775.00,1842.00,24.32,17,0,0,0.50,0.50,0.50,28.20,17,17,0,0.10,0.10,0.10,29.02,17,17,0,1.09,1.00,1.10,28.64,17,17,0,0.23,0.20,0.30,28.31,17,17,0
1904580,0.35,0.30,0.40,28.97,17,17,0,0.00,-0.10,0.10,28.48,17,17,0,1810.31,1783.70,1822.50,24.33,17,0,0,0.51,0.50,0.60,28.18,17,17,0,0.10,0.10,0.10,29.03,17,17,0,1.09,1.00,1.10,28.64,17,17,0,0.24,0.20,0.30,28.31,17,17,0
1905093,0.34,0.30,0.40,28.96,17,17,0,-0.03,-0.10,0.00,28.46,17,17,0,1764.44,1754.60,1793.20,24.31,17,0,0,0.50,0.50,0.50,28.19,17,17,0,0.11,0.10,0.20,29.03,17,17,0,1.08,1.00,1.10,28.64,17,17,0,0.22,0.20,0.30,28.30,17,17,0
1905598,0.35,0.30,0.40,28.97,17,17,0,-0.01,-0.10,0.10,28.45,17,17,0,1782.18,1765.60,1796.10,24.31,17,0,0,0.50,0.40,0.60,28.18,17,17,0,0.10,0.10,0.10,29.03,17,17,0,1.07,1.00,1.10,28.63,17,17,0,0.22,0.20,0.30,28.32,17,17,0
1906100,0.32,0.30,0.40,28.97,17,17,0,-0.01,-0.10,0.10,28.48,17,17,0,1757.36,1747.80,1775.10,24.31,17,0,0,0.50,0.50,0.50,28.19,17,17,0,0.09,0.00,0.10,29.04,17,17,0,1.09,1.00,1.10,28.62,17,17,0,0.24,0.20,0.30,28.30,17,17,0
1906600,0.36,0.30,0.40,28.97,17,17,0,0.00,-0.10,0.10,28.45,17,17,0,1752.96,1722.80,1779.40,24.28,17,0,0,0.50,0.50,0.50,28.19,17,17,0,0.11,0.10,0.20,29.03,17,17,0,1.08,1.00,1.10,28.64,17,17,0,0.24,0.20,0.30,28.31,17,17,0
1907108,0.35,0.30,0.40,28.97,17,17,0,-0.04,-0.10,0.00,28.47,17,17,0,1736.10,1722.60,1756.70,24.27,17,0,0,0.50,0.50,0.50,28.20,17,17,0,0.10,0.00,0.20,29.04,17,17,0,1.07,1.00,1.10,28.64,17,17,0,0.24,0.20,0.30,28.32,17,17,0
1907618,0.36,0.30,0.40,28.97,17,17,0,-0.04,-0.10,0.10,28.46,17,17,0,1726.25,1706.10,1751.60,24.27,17,0,0,0.50,0.50,0.50,28.19,17,17,0,0.10,0.10,0.10,29.05,17,17,0,1.08,1.00,1.10,28.63,17,17,0,0.24,0.20,0.30,28.29,17,17,0
1908120,0.34,0.30,0.40,28.95,17,17,0,-0.04,-0.10,0.00,28.46,17,17,0,1741.84,1718.80,1754.50,24.25,17,0,0,0.50,0.40,0.60,28.18,17,17,0,0.10,0.00,0.20,29.04,17,17,0,1.08,1.00,1.10,28.63,17,17,0,0.25,0.20,0.30,28.31,17,17,0
1908620,0.35,0.30,0.40,28.98,17,17,0,-0.04,-0.10,0.10,28.48,17,17,0,1724.20,1715.80,1742.80,24.23,17,0,0,0.50,0.50,0.50,28.20,17,17,0,0.10,0.10,0.10,29.04,17,17,0,1.09,1.00,1.10,28.64,17,17,0,0.23,0.20,0.30,28.31,17,17,0
1909120,0.34,0.30,0.40,28.96,17,17,0,-0.02,-0.10,0.10,28.48,17,17,0,1739.55,1720.10,1750.80,24.25,17,0,0,0.50,0.50,0.50,28.20,17,17,0,0.11,0.00,0.20,29.05,17,17,0,1.09,1.00,1.10,28.61,17,17,0,0.22,0.20,0.30,28.33,17,17,0
1909627,0.34,0.30,0.40,28.98,17,17,0,-0.03,-0.10,0.10,28.48,17,17,0,1707.49,1694.70,1725.10,24.23,17,0,0,0.51,0.50,0.60,28.18,17,17,0,0.11,0.10,0.20,29.03,17,17,0,1.09,1.00,1.10,28.62,17,17,0,0.24,0.20,0.30,28.30,17,17,0
1910127,0.35,0.30,0.40,28.97,17,17,0,-0.03,-0.10,0.10,28.45,17,17,0,1728.19,1700.20,1750.90,24.23,17,0,0,0.51,0.50,0.60,28.20,17,17,0,0.09,0.00,0.10,29.01,17,17,0,1.08,1.00,1.10,28.64,17,17,0,0.25,0.20,0.30,28.29,17,17,0
1910627,0.32,0.30,0.40,28.97,17,17,0,-0.04,-0.10,0.10,28.46,17,17,0,1726.49,1708.70,1745.00,24.21,17,0,0,0.51,0.50,0.60,28.20,17,17,0,0.09,0.00,0.10,29.03,17,17,0,1.09,1.00,1.10,28.62,17,17,0,0.26,0.20,0.30,28.31,17,17,0
1911127,0.34,0.30,0.40,28.96,17,17,0,-0.01,-0.10,0.10,28.47,17,17,0,1708.01,1679.00,1743.30,24.20,17,0,0,0.50,0.50,0.50,28.19,17,17,0,0.11,0.10,0.20,29.04,17,17,0,1.10,1.10,1.10,28.62,17,17,0,0.25,0.20,0.30,28.29,17,17,0
1911634,0.35,0.30,0.40,28.98,17,17,0,-0.01,-0.10,0.10,28.46,17,17,0,1724.78,1686.80,1748.20,24.20,17,0,0,0.50,0.50,0.50,28.19,17,17,0,0.09,0.00,0.10,29.03,17,17,0,1.09,1.00,1.10,28.64,17,17,0,0.24,0.20,0.30,28.30,17,17,0
1912134,0.32,0.30,0.40,28.96,17,17,0,-0.02,-0.10,0.10,28.46,17,17,0,1704.85,1691.50,1730.80,24.19,17,0,0,0.51,0.50,0.60,28.18,17,17,0,0.10,0.10,0.10,29.02,17,17,0,1.08,1.00,1.10,28.64,17,17,0,0.25,0.20,0.30,28.31,17,17,0
1912639,0.35,0.30,0.40,28.95,17,17,0,0.00,-0.10,0.10,28.48,17,17,0,1740.47,1720.80,1757.70,24.18,17,0,0,0.50,0.50,0.50,28.19,17,17,0,0.10,0.10,0.10,29.03,17,17,0,1.09,1.00,1.10,28.62,17,17,0,0.24,0.20,0.30,28.30,17,17,0
1913147,0.36,0.30,0.40,28.97,17,17,0,-0.01,-0.10,0.10,28.46,17,17,0,1711.35,1696.00,1733.30,24.18,17,0,0,0.50,0.50,0.50,28.20,17,17,0,0.09,0.00,0.10,29.04,17,17,0,1.09,1.00,1.10,28.63,17,17,0,0.23,0.20,0.30,28.30,17,17,0
1913651,0.33,0.30,0.40,28.96,17,17,0,-0.03,-0.10,0.00,28.47,17,17,0,1724.09,1693.80,1756.50,24.18,17,0,0,0.50,0.50,0.50,28.19,17,17,0,0.10,0.00,0.20,29.04,17,17,0,1.09,1.00,1.10,28.64,17,17,0,0.23,0.20,0.30,28.29,17,17,0
1914153,0.34,0.30,0.40,28.97,17,17,0,-0.02,-0.10,0.00,28.47,17,17,0,1717.00,1691.00,1751.50,24.16,17,0,0,0.50,0.50,0.50,28.20,17,17,0,0.10,0.10,0.10,29.04,17,17,0,1.08,1.00,1.10,28.63,17,17,0,0.25,0.20,0.30,28.30,17,17,0
1914653,0.34,0.30,0.40,28.96,17,17,0,0.00,-0.10,0.10,28.46,17,17,0,1714.48,1693.70,1745.40,24.15,17,0,0,0.50,0.50,0.50,28.20,17,17,0,0.11,0.00,0.20,29.05,17,17,0,1.09,1.00,1.10,28.64,17,17,0,0.25,0.20,0.30,28.30,17,17,0
1915155,0.32,0.30,0.40,28.96,17,17,0,-0.02,-0.10,0.10,28.46,17,17,0,1730.29,1700.30,1750.60,24.14,17,0,0,0.50,0.50,0.50,28.19,17,17,0,0.09,0.00,0.10,29.02,17,17,0,1.09,1.00,1.10,28.63,17,17,0,0.25,0.20,0.30,28.31,17,17,0
1915665,0.33,0.30,0.40,28.95,17,17,0,-0.01,-0.10,0.10,28.48,17,17,0,1713.93,1702.60,1726.20,24.15,17,0,0,0.50,0.50,0.50,28.20,17,17,0,0.10,0.10,0.10,29.03,17,17,0,1.09,1.00,1.10,28.62,17,17,0,0.26,0.20,0.30,28.30,17,17,0
1916165,0.32,0.30,0.40,28.97,17,17,0,-0.02,-0.10,0.10,28.46,17,17,0,1758.65,1735.30,1769.00,24.15,17,0,0,0.50,0.50,0.50,28.20,17,17,0,0.10,0.10,0.10,29.04,17,17,0,1.09,1.00,1.10,28.63,17,17,0,0.22,0.20,0.30,28.30,17,17,0
1916667,0.35,0.30,0.40,28.96,17,17,0,-0.02,-0.10,0.00,28.47,17,17,0,1753.01,1740.00,1776.40,24.12,17,0,0,0.50,0.50,0.50,28.19,17,17,0,0.09,0.00,0.10,29.02,17,17,0,1.08,1.00,1.10,28.63,17,17,0,0.25,0.20,0.30,28.31,17,17,0
1917172,0.35,0.30,0.40,28.96,17,17,0,-0.06,-0.10,0.00,28.48,17,17,0,1776.55,1761.40,1796.20,24.12,17,0,0,0.51,0.50,0.60,28.20,17,17,0,0.10,0.10,0.10,29.02,17,17,0,1.08,1.00,1.10,28.61,17,17,0,0.24,0.20,0.30,28.31,17,17,0
1917672,0.34,0.30,0.40,28.96,16,16,0,-0.01,-0.10,0.10,28.48,16,16,0,1789.65,1764.20,1818.60,24.11,16,0,0,0.52,0.50,0.60,28.19,16,16,0,0.09,0.00,0.10,29.04,16,16,0,1.08,1.00,1.10,28.62,16,16,0,0.25,0.20,0.30,28.31,16,16,0
1918172,0.34,0.30,0.40,28.98,17,17,0,-0.01,-0.10,0.10,28.47,17,17,0,1805.57,1789.70,1821.30,24.11,17,0,0,0.51,0.50,0.60,28.19,17,17,0,0.10,0.00,0.20,29.03,17,17,0,1.08,1.00,1.10,28.63,17,17,0,0.23,0.20,0.30,28.30,17,17,0
1918672,0.34,0.30,0.40,28.96,17,17,0,-0.03,-0.10,0.00,28.46,17,17,0,1817.73,1799.90,1835.80,24.10,17,0,0,0.50,0.50,0.50,28.21,17,17,0,0.09,0.00,0.10,29.06,17,17,0,1.09,1.00,1.10,28.63,17,17,0,0.24,0.20,0.30,28.30,17,17,0
1919172,0.37,0.30,0.40,28.96,17,17,0,-0.02,-0.10,0.10,28.47,17,17,0,1805.72,1791.60,1824.00,24.09,17,0,0,0.50,0.50,0.50,28.21,17,17,0,0.11,0.10,0.20,29.04,17,17,0,1.09,1.00,1.10,28.64,17,17,0,0.25,0.20,0.30,28.30,17,17,0
1919680,0.34,0.30,0.40,28.98,17,17,0,-0.04,-0.10,0.00,28.47,17,17,0,1832.01,1811.00,1846.00,24.09,17,0,0,0.51,0.50,0.60,28.19,17,17,0,0.11,0.10,0.20,29.05,17,17,0,1.09,1.00,1.10,28.63,17,17,0,0.25,0.20,0.30,28.31,17,17,0
1920180,0.37,0.30,0.40,28.97,17,17,0,-0.04,-0.10,0.00,28.45,17,17,0,1800.29,1788.40,1814.20,24.08,17,0,0,0.50,0.50,0.50,28.19,17,17,0,0.09,0.00,0.10,29.04,17,17,0,1.08,1.00,1.10,28.63,17,17,0,0.25,0.20,0.30,28.32,17,17,0
1920680,0.35,0.30,0.40,28.95,17,17,0,-0.02,-0.10,0.10,28.49,17,17,0,1813.59,1784.20,1830.70,24.06,17,0,0,0.50,0.50,0.50,28.21,17,17,0,0.10,0.10,0.10,29.03,17,17,0,1.08,1.00,1.10,28.63,17,17,0,0.25,0.20,0.30,28.30,17,17,0
1921188,0.35,0.30,0.40,28.97,17,17,0,-0.01,-0.10,0.10,28.47,17,17,0,1785.94,1772.80,1805.60,24.08,17,0,0,0.50,0.50,0.50,28.20,17,17,0,0.10,0.10,0.10,29.03,17,17,0,1.09,1.00,1.10,28.63,17,17,0,0.25,0.20,0.30,28.31,17,17,0
1921688,0.35,0.30,0.40,28.97,17,17,0,-0.01,-0.10,0.10,28.45,17,17,0,1774.81,1745.10,1812.10,24.08,17,0,0,0.51,0.50,0.60,28.20,17,17,0,0.11,0.10,0.20,29.02,17,17,0,1.08,1.00,1.10,28.64,17,17,0,0.25,0.20,0.30,28.29,17,17,0
1922190,0.37,0.30,0.40,28.96,17,17,0,-0.03,-0.10,0.10,28.48,17,17,0,1767.17,1748.60,1785.10,24.08,17,0,0,0.50,0.50,0.50,28.19,17,17,0,0.10,0.00,0.20,29.05,17,17,0,1.09,1.00,1.10,28.63,17,17,0,0.24,0.20,0.30,28.31,17,17,0
1922690,0.36,0.30,0.40,28.98,17,17,0,-0.02,-0.10,0.00,28.46,17,17,0,1745.92,1733.90,1775.20,24.08,17,0,0,0.50,0.50,0.50,28.20,17,17,0,0.10,0.00,0.20,29.05,17,17,0,1.09,1.00,1.10,28.63,17,17,0,0.25,0.20,0.30,28.30,17,17,0
1923190,0.35,0.30,0.40,28.96,16,16,0,-0.03,-0.10,0.10,28.48,16,16,0,1759.83,1743.30,1772.10,24.05,16,0,0,0.49,0.40,0.50,28.21,16,16,0,0.09,0.00,0.10,29.04,16,16,0,1.09,1.00,1.10,28.62,16,16,0,0.25,0.20,0.30,28.30,16,16,0
1923691,0.34,0.30,0.40,28.96,17,17,0,-0.03,-0.10,0.10,28.48,17,17,0,1724.15,1712.90,1741.90,24.07,17,0,0,0.50,0.50,0.50,28.19,17,17,0,0.10,0.10,0.10,29.03,17,17,0,1.09,1.00,1.10,28.64,17,17,0,0.25,0.20,0.30,28.30,17,17,0
1924191,0.37,0.30,0.40,28.97,17,17,0,-0.05,-0.10,0.00,28.49,17,17,0,1726.61,1703.70,1745.30,24.07,17,0,0,0.50,0.50,0.50,28.21,17,17,0,0.11,0.10,0.20,29.03,17,17,0,1.09,1.00,1.10,28.64,17,17,0,0.24,0.20,0.30,28.31,17,17,0
1924693,0.36,0.30,0.40,28.96,17,17,0,-0.04,-0.10,0.10,28.47,17,17,0,1703.39,1678.80,1734.10,24.05,17,0,0,0.50,0.50,0.50,28.21,17,17,0,0.09,0.00,0.10,29.04,17,17,0,1.09,1.00,1.10,28.64,17,17,0,0.25,0.20,0.30,28.30,17,17,0
1925193,0.36,0.30,0.40,28.96,17,17,0,0.00,-0.10,0.10,28.50,17,17,0,1716.08,1691.70,1750.10,24.05,17,0,0,0.49,0.40,0.50,28.20,17,17,0,0.10,0.10,0.10,29.04,17,17,0,1.07,1.00,1.10,28.62,17,17,0,0.25,0.20,0.30,28.31,17,17,0
1925694,0.35,0.30,0.40,28.97,17,17,0,0.01,-0.10,0.10,28.48,17,17,0,1719.32,1696.40,1739.50,24.05,17,0,0,0.49,0.40,0.50,28.20,17,17,0,0.09,0.00,0.10,29.05,17,17,0,1.06,1.00,1.10,28.63,17,17,0,0.25,0.20,0.30,28.32,17,17,0
1926194,0.36,0.30,0.40,28.97,17,17,0,-0.02,-0.10,0.10,28.47,17,17,0,1695.14,1675.60,1721.00,24.07,17,0,0,0.50,0.50,0.50,28.20,17,17,0,0.11,0.10,0.20,29.04,17,17,0,1.09,1.00,1.10,28.65,17,17,0,0.26,0.20,0.30,28.31,17,17,0
1926694,0.35,0.30,0.40,28.97,16,16,0,-0.01,-0.10,0.10,28.48,16,16,0,1717.22,1699.20,1732.30,24.05,16,0,0,0.50,0.50,0.50,28.20,16,16,0,0.10,0.10,0.10,29.04,16,16,0,1.09,1.00,1.10,28.63,16,16,0,0.25,0.20,0.30,28.31,16,16,0
1927194,0.35,0.30,0.40,28.97,17,17,0,-0.01,-0.10,0.10,28.47,17,17,0,1681.91,1665.50,1705.50,24.07,17,0,0,0.50,0.50,0.50,28.20,17,17,0,0.09,0.00,0.10,29.04,17,17,0,1.08,1.00,1.10,28.63,17,17,0,0.23,0.20,0.30,28.32,17,17,0
1927694,0.37,0.30,0.40,28.96,17,17,0,-0.03,-0.10,0.00,28.47,17,17,0,1718.33,1687.80,1744.70,24.04,17,0,0,0.51,0.50,0.60,28.20,17,17,0,0.11,0.10,0.20,29.03,17,17,0,1.08,1.00,1.10,28.63,17,17,0,0.23,0.20,0.30,28.31,17,17,0
1928194,0.36,0.30,0.40,28.97,17,17,0,-0.01,-0.10,0.10,28.47,17,17,0,1702.16,1679.90,1728.00,24.04,17,0,0,0.51,0.50,0.60,28.21,17,17,0,0.11,0.10,0.20,29.02,17,17,0,1.08,1.00,1.10,28.63,17,17,0,0.22,0.20,0.30,28.32,17,17,0
1928694,0.37,0.30,0.40,28.97,17,17,0,-0.01,-0.10,0.10,28.47,17,17,0,1696.29,1669.50,1727.00,24.04,17,0,0,0.50,0.50,0.50,28.20,17,17,0,0.10,0.10,0.10,29.03,17,17,0,1.09,1.00,1.10,28.63,17,17,0,0.24,0.20,0.30,28.32,17,17,0
1929194,0.36,0.30,0.40,28.95,17,17,0,0.00,-0.10,0.10,28.47,17,17,0,1710.43,1672.90,1743.30,24.06,17,0,0,0.50,0.50,0.50,28.19,17,17,0,0.10,0.10,0.10,29.04,17,17,0,1.09,1.00,1.10,28.64,17,17,0,0.25,0.20,0.30,28.30,17,17,0
1929698,0.35,0.30,0.40,28.97,17,17,0,-0.02,-0.10,0.00,28.47,17,17,0,1695.09,1663.60,1738.00,24.03,17,0,0,0.50,0.50,0.50,28.20,17,17,0,0.11,0.10,0.20,29.05,17,17,0,1.09,1.00,1.10,28.62,17,17,0,0.24,0.20,0.30,28.32,17,17,0
1930198,0.38,0.30,0.40,28.95,16,16,0,-0.01,-0.10,0.10,28.48,16,16,0,1726.26,1690.00,1747.50,24.04,16,0,0,0.50,0.50,0.50,28.22,16,16,0,0.09,0.00,0.10,29.04,16,16,0,1.08,1.00,1.10,28.63,16,16,0,0.24,0.20,0.30,28.29,16,16,0
1930699,0.38,0.30,0.40,28.96,17,17,0,0.01,-0.10,0.10,28.48,17,17,0,1695.15,1682.40,1709.60,24.04,17,0,0,0.50,0.50,0.50,28.21,17,17,0,0.09,0.00,0.10,29.05,17,17,0,1.08,1.00,1.10,28.65,17,17,0,0.24,0.20,0.30,28.31,17,17,0
1931199,0.36,0.30,0.40,28.97,17,17,0,-0.01,-0.10,0.10,28.47,17,17,0,1726.15,1697.00,1744.80,24.03,17,0,0,0.51,0.50,0.60,28.21,17,17,0,0.11,0.10,0.20,29.04,17,17,0,1.09,1.00,1.10,28.63,17,17,0,0.25,0.20,0.30,28.32,17,17,0
1931701,0.36,0.30,0.40,28.94,17,17,0,-0.01,-0.10,0.10,28.47,17,17,0,1696.21,1674.40,1719.00,24.02,17,0,0,0.50,0.50,0.50,28.22,17,17,0,0.10,0.10,0.10,29.05,17,17,0,1.08,1.00,1.10,28.63,17,17,0,0.25,0.20,0.30,28.31,17,17,0
1932201,0.36,0.30,0.40,28.97,17,17,0,-0.01,-0.10,0.10,28.47,17,17,0,1707.35,1680.90,1737.60,24.02,17,0,0,0.50,0.50,0.50,28.20,17,17,0,0.10,0.00,0.20,29.03,17,17,0,1.06,1.00,1.10,28.63,17,17,0,0.25,0.20,0.30,28.32,17,17,0
1932701,0.34,0.30,0.40,28.96,17,17,0,-0.01,-0.10,0.10,28.47,17,17,0,1714.22,1688.10,1744.60,24.02,17,0,0,0.51,0.50,0.60,28.21,17,17,0,0.10,0.10,0.10,29.05,17,17,0,1.08,1.00,1.10,28.63,17,17,0,0.24,0.20,0.30,28.31,17,17,0
1933201,0.36,0.30,0.40,28.95,17,17,0,-0.02,-0.10,0.10,28.49,17,17,0,1716.52,1701.60,1742.60,24.03,17,0,0,0.51,0.50,0.60,28.21,17,17,0,0.09,0.00,0.10,29.03,17,17,0,1.09,1.00,1.10,28.63,17,17,0,0.23,0.20,0.30,28.31,17,17,0
1933702,0.38,0.30,0.40,28.96,17,17,0,-0.04,-0.10,0.10,28.47,17,17,0,1737.74,1720.90,1749.80,24.02,17,0,0,0.50,0.50,0.50,28.21,17,17,0,0.10,0.00,0.20,29.04,17,17,0,1.08,1.00,1.10,28.64,17,17,0,0.26,0.20,0.30,28.29,17,17,0
1934202,0.35,0.30,0.40,28.96,17,17,0,-0.05,-0.10,0.00,28.48,17,17,0,1735.25,1710.50,1759.20,24.01,17,0,0,0.50,0.50,0.50,28.20,17,17,0,0.09,0.00,0.10,29.04,17,17,0,1.08,1.00,1.10,28.64,17,17,0,0.25,0.20,0.30,28.32,17,17,0
1934704,0.36,0.30,0.40,28.97,17,17,0,-0.04,-0.10,0.10,28.48,17,17,0,1773.54,1751.80,1795.20,24.01,17,0,0,0.50,0.50,0.50,28.21,17,17,0,0.10,0.10,0.10,29.03,17,17,0,1.09,1.00,1.10,28.64,17,17,0,0.25,0.20,0.30,28.31,17,17,0
1935204,0.37,0.30,0.40,28.97,17,17,0,-0.03,-0.10,0.10,28.47,17,17,0,1766.12,1741.50,1791.60,23.98,17,0,0,0.50,0.50,0.50,28.19,17,17,0,0.11,0.10,0.20,29.04,17,17,0,1.09,1.00,1.10,28.65,17,17,0,0.25,0.20,0.30,28.30,17,17,0
1935704,0.38,0.30,0.40,28.96,17,17,0,-0.03,-0.10,0.00,28.48,17,17,0,1797.82,1781.10,1809.70,23.99,17,0,0,0.51,0.50,0.60,28.20,17,17,0,0.11,0.10,0.20,29.01,17,17,0,1.09,1.00,1.10,28.64,17,17,0,0.24,0.20,0.30,28.31,17,17,0
1936204,0.36,0.30,0.40,28.96,17,17,0,-0.02,-0.10,0.00,28.47,17,17,0,1803.95,1779.40,1829.70,23.99,17,0,0,0.50,0.50,0.50,28.21,17,17,0,0.10,0.10,0.10,29.05,17,17,0,1.08,1.00,1.10,28.64,17,17,0,0.24,0.20,0.30,28.31,17,17,0
1936704,0.38,0.30,0.40,28.95,17,17,0,-0.03,-0.10,0.10,28.47,17,17,0,1798.88,1780.20,1826.50,23.98,17,0,0,0.50,0.50,0.50,28.21,17,17,0,0.09,0.00,0.10,29.06,17,17,0,1.08,1.00,1.10,28.65,17,17,0,0.24,0.20,0.30,28.31,17,17,0
1937204,0.36,0.30,0.40,28.96,17,17,0,-0.05,-0.10,0.10,28.48,17,17,0,1810.69,1782.00,1834.70,23.98,17,0,0,0.51,0.50,0.60,28.22,17,17,0,0.10,0.10,0.10,29.02,17,17,0,1.08,1.00,1.10,28.62,17,17,0,0.22,0.20,0.30,28.31,17,17,0
1937704,0.36,0.30,0.40,28.96,17,17,0,-0.02,-0.10,0.10,28.48,17,17,0,1786.82,1771.40,1815.40,23.99,17,0,0,0.50,0.50,0.50,28.20,17,17,0,0.11,0.00,0.20,29.03,17,17,0,1.09,1.00,1.10,28.64,17,17,0,0.24,0.20,0.30,28.31,17,17,0
1938204,0.37,0.30,0.40,28.95,17,17,0,-0.02,-0.10,0.10,28.49,17,17,0,1811.69,1785.90,1830.50,23.99,17,0,0,0.50,0.50,0.50,28.22,17,17,0,0.11,0.10,0.20,29.03,17,17,0,1.09,1.00,1.10,28.65,17,17,0,0.24,0.20,0.30,28.32,17,17,0
1938704,0.36,0.30,0.40,28.97,17,17,0,-0.05,-0.10,0.00,28.47,17,17,0,1765.58,1753.20,1782.90,23.99,17,0,0,0.50,0.50,0.50,28.21,17,17,0,0.09,0.00,0.10,29.05,17,17,0,1.08,1.00,1.10,28.64,17,17,0,0.23,0.20,0.30,28.31,17,17,0
1939204,0.38,0.30,0.40,28.95,17,17,0,-0.03,-0.10,0.10,28.47,17,17,0,1783.78,1747.00,1808.00,23.98,17,0,0,0.51,0.50,0.60,28.21,17,17,0,0.09,0.00,0.20,29.03,17,17,0,1.08,1.00,1.10,28.65,17,17,0,0.24,0.20,0.30,28.32,17,17,0
1939704,0.36,0.30,0.40,28.95,17,17,0,-0.02,-0.10,0.10,28.47,17,17,0,1755.11,1734.10,1780.10,23.98,17,0,0,0.50,0.50,0.50,28.20,17,17,0,0.10,0.10,0.10,29.02,17,17,0,1.08,1.00,1.10,28.63,17,17,0,0.24,0.20,0.30,28.29,17,17,0
1940204,0.36,0.30,0.40,28.97,17,17,0,-0.01,-0.10,0.10,28.48,17,17,0,1752.65,1732.60,1777.90,23.98,17,0,0,0.51,0.50,0.60,28.21,17,17,0,0.10,0.10,0.10,29.02,17,17,0,1.08,1.00,1.10,28.66,17,17,0,0.24,0.20,0.30,28.29,17,17,0
1940704,0.39,0.30,0.40,28.96,17,17,0,-0.02,-0.10,0.10,28.49,17,17,0,1750.44,1740.10,1764.30,23.98,17,0,0,0.51,0.50,0.60,28.23,17,17,0,0.09,0.00,0.10,29.04,17,17,0,1.08,1.00,1.10,28.63,17,17,0,0.24,0.20,0.30,28.31,17,17,0
1941204,0.35,0.30,0.40,28.95,17,17,0,-0.01,-0.10,0.10,28.48,17,17,0,1722.94,1701.10,1747.50,23.99,17,0,0,0.51,0.50,0.60,28.19,17,17,0,0.09,0.00,0.10,29.03,17,17,0,1.09,1.00,1.10,28.65,17,17,0,0.24,0.20,0.30,28.31,17,17,0
1941704,0.34,0.30,0.40,28.95,16,16,0,-0.02,-0.10,0.10,28.46,16,16,0,1732.09,1717.30,1744.90,23.98,16,0,0,0.49,0.40,0.50,28.21,16,16,0,0.09,0.00,0.10,29.04,16,16,0,1.08,1.00,1.10,28.65,16,16,0,0.27,0.20,0.30,28.31,16,16,0
1942204,0.35,0.30,0.40,28.97,17,17,0,-0.04,-0.10,0.00,28.47,17,17,0,1704.28,1692.50,1716.80,23.99,17,0,0,0.50,0.50,0.50,28.21,17,17,0,0.10,0.00,0.20,29.01,17,17,0,1.09,1.00,1.10,28.65,17,17,0,0.25,0.20,0.30,28.32,17,17,0
1942709,0.36,0.30,0.40,28.97,17,17,0,-0.02,-0.10,0.10,28.48,17,17,0,1715.25,1691.50,1740.40,24.01,17,0,0,0.50,0.50,0.50,28.22,17,17,0,0.09,0.00,0.10,29.03,17,17,0,1.08,1.00,1.10,28.66,17,17,0,0.23,0.20,0.30,28.31,17,17,0
1943209,0.35,0.30,0.40,28.97,17,17,0,-0.01,-0.10,0.10,28.48,17,17,0,1697.19,1671.70,1727.70,23.99,17,0,0,0.51,0.50,0.60,28.22,17,17,0,0.08,-0.10,0.10,29.03,17,17,0,1.09,1.00,1.10,28.63,17,17,0,0.25,0.20,0.30,28.31,17,17,0
1943710,0.37,0.30,0.40,28.95,17,17,0,-0.03,-0.10,0.10,28.47,17,17,0,1704.13,1668.80,1726.80,24.00,17,0,0,0.49,0.40,0.50,28.22,17,17,0,0.09,0.00,0.10,29.04,17,17,0,1.09,1.00,1.10,28.66,17,17,0,0.24,0.20,0.30,28.31,17,17,0
1944212,0.36,0.30,0.40,28.96,17,17,0,0.02,-0.10,0.10,28.48,17,17,0,1712.74,1681.50,1740.10,23.98,17,0,0,0.50,0.50,0.50,28.20,17,17,0,0.09,0.00,0.10,29.04,17,17,0,1.10,1.10,1.10,28.64,17,17,0,0.25,0.20,0.30,28.33,17,17,0
1944712,0.36,0.30,0.40,28.95,17,17,0,-0.02,-0.10,0.10,28.48,17,17,0,1691.21,1675.70,1721.90,23.99,17,0,0,0.50,0.50,0.50,28.20,17,17,0,0.09,0.00,0.10,29.04,17,17,0,1.09,1.00,1.10,28.65,17,17,0,0.24,0.20,0.30,28.30,17,17,0
1945214,0.35,0.30,0.40,28.95,17,17,0,-0.02,-0.10,0.10,28.48,17,17,0,1718.67,1699.10,1742.40,23.99,17,0,0,0.51,0.50,0.60,28.21,17,17,0,0.09,0.00,0.10,29.04,17,17,0,1.09,1.00,1.10,28.65,17,17,0,0.25,0.20,0.30,28.32,17,17,0
1945714,0.35,0.30,0.40,28.96,17,17,0,0.01,-0.10,0.10,28.46,17,17,0,1690.12,1677.20,1708.50,24.00,17,0,0,0.50,0.50,0.50,28.21,17,17,0,0.10,0.10,0.10,29.04,17,17,0,1.09,1.00,1.10,28.63,17,17,0,0.23,0.20,0.30,28.32,17,17,0
1946218,0.35,0.30,0.40,28.95,17,17,0,-0.02,-0.10,0.10,28.47,17,17,0,1715.02,1681.60,1737.30,24.00,17,0,0,0.50,0.50,0.50,28.21,17,17,0,0.09,0.00,0.10,29.04,17,17,0,1.08,1.00,1.10,28.65,17,17,0,0.22,0.20,0.30,28.31,17,17,0
1946726,0.34,0.30,0.40,28.96,17,17,0,-0.01,-0.10,0.10,28.48,17,17,0,1689.02,1661.80,1726.00,23.99,17,0,0,0.50,0.40,0.60,28.21,17,17,0,0.11,0.10,0.20,29.03,17,17,0,1.09,1.00,1.20,28.65,17,17,0,0.22,0.20,0.30,28.30,17,17,0
1947226,0.34,0.30,0.40,28.98,17,17,0,-0.01,-0.10,0.10,28.48,17,17,0,1705.49,1674.40,1735.60,24.00,17,0,0,0.51,0.50,0.60,28.20,17,17,0,0.10,0.00,0.20,29.03,17,17,0,1.07,1.00,1.10,28.64,17,17,0,0.23,0.20,0.30,28.31,17,17,0
1947726,0.38,0.30,0.40,28.95,17,17,0,-0.02,-0.10,0.10,28.47,17,17,0,1704.01,1666.80,1735.90,23.99,17,0,0,0.51,0.50,0.60,28.20,17,17,0,0.10,0.10,0.10,29.03,17,17,0,1.09,1.00,1.10,28.64,17,17,0,0.26,0.20,0.30,28.29,17,17,0
1948231,0.35,0.30,0.40,28.97,17,17,0,-0.01,-0.10,0.00,28.47,17,17,0,1691.52,1674.90,1732.20,24.00,17,0,0,0.49,0.40,0.50,28.21,17,17,0,0.09,0.00,0.10,29.05,17,17,0,1.09,1.00,1.10,28.66,17,17,0,0.25,0.20,0.30,28.33,17,17,0
1948733,0.35,0.30,0.40,28.96,17,17,0,-0.02,-0.10,0.10,28.47,17,17,0,1718.27,1685.70,1739.20,23.99,17,0,0,0.50,0.50,0.50,28.20,17,17,0,0.10,0.10,0.10,29.02,17,17,0,1.09,1.00,1.10,28.64,17,17,0,0.23,0.20,0.30,28.32,17,17,0
1949233,0.36,0.30,0.40,28.96,17,17,0,-0.01,-0.10,0.10,28.48,17,17,0,1681.91,1671.30,1702.10,24.00,17,0,0,0.50,0.50,0.50,28.22,17,17,0,0.09,0.00,0.20,29.04,17,17,0,1.08,1.00,1.10,28.65,17,17,0,0.24,0.20,0.30,28.33,17,17,0
1949735,0.37,0.30,0.40,28.95,17,17,0,-0.01,-0.10,0.10,28.48,17,17,0,1725.55,1695.60,1752.00,24.01,17,0,0,0.49,0.40,0.50,28.22,17,17,0,0.09,0.00,0.10,29.03,17,17,0,1.09,1.00,1.10,28.64,17,17,0,0.24,0.20,0.30,28.30,17,17,0
1950235,0.36,0.30,0.40,28.96,17,17,0,0.00,-0.10,0.10,28.48,17,17,0,1701.65,1688.90,1726.80,24.01,17,0,0,0.51,0.50,0.60,28.20,17,17,0,0.10,0.10,0.10,29.03,17,17,0,1.08,1.00,1.10,28.65,17,17,0,0.23,0.20,0.30,28.31,17,17,0
1950736,0.34,0.30,0.40,28.96,17,17,0,-0.01,-0.10,0.10,28.47,17,17,0,1716.93,1696.20,1739.40,23.99,17,0,0,0.50,0.50,0.50,28.22,17,17,0,0.11,0.10,0.20,29.03,17,17,0,1.10,1.10,1.10,28.64,17,17,0,0.23,0.20,0.30,28.32,17,17,0
1951244,0.35,0.30,0.40,28.97,17,17,0,-0.02,-0.10,0.10,28.48,17,17,0,1728.05,1705.30,1751.00,24.00,17,0,0,0.50,0.50,0.50,28.21,17,17,0,0.10,0.10,0.10,29.05,17,17,0,1.08,1.00,1.10,28.64,17,17,0,0.25,0.20,0.30,28.32,17,17,0
1951744,0.35,0.30,0.40,28.96,17,17,0,-0.01,-0.10,0.10,28.47,17,17,0,1739.98,1723.10,1755.30,23.99,17,0,0,0.51,0.50,0.60,28.21,17,17,0,0.09,0.00,0.10,29.03,17,17,0,1.08,1.00,1.10,28.66,17,17,0,0.26,0.20,0.30,28.32,17,17,0
1952246,0.38,0.30,0.40,28.97,17,17,0,-0.02,-0.10,0.10,28.48,17,17,0,1769.22,1745.30,1791.30,23.99,17,0,0,0.51,0.50,0.60,28.22,17,17,0,0.10,0.10,0.10,29.03,17,17,0,1.06,1.00,1.10,28.64,17,17,0,0.25,0.20,0.30,28.31,17,17,0
1952746,0.34,0.30,0.40,28.96,17,17,0,0.01,-0.10,0.10,28.47,17,17,0,1766.35,1754.70,1776.90,24.00,17,0,0,0.50,0.50,0.50,28.21,17,17,0,0.10,0.10,0.10,29.04,17,17,0,1.09,1.00,1.10,28.65,17,17,0,0.24,0.20,0.30,28.33,17,17,0
1953254,0.36,0.30,0.40,28.97,17,17,0,-0.02,-0.10,0.10,28.48,17,17,0,1796.71,1783.10,1810.40,24.00,17,0,0,0.50,0.50,0.50,28.22,17,17,0,0.10,0.10,0.10,29.04,17,17,0,1.09,1.00,1.10,28.65,17,17,0,0.24,0.20,0.30,28.32,17,17,0
1953763,0.35,0.30,0.40,28.96,17,17,0,0.00,-0.10,0.10,28.48,17,17,0,1786.18,1768.00,1806.40,24.00,17,0,0,0.51,0.50,0.60,28.20,17,17,0,0.09,0.00,0.10,29.03,17,17,0,1.08,1.00,1.10,28.65,17,17,0,0.24,0.20,0.30,28.33,17,17,0
1954263,0.37,0.30,0.40,28.97,17,17,0,-0.01,-0.10,0.10,28.48,17,17,0,1810.10,1783.50,1824.40,23.99,17,0,0,0.50,0.50,0.50,28.20,17,17,0,0.09,0.00,0.10,29.03,17,17,0,1.09,1.00,1.10,28.64,17,17,0,0.25,0.20,0.30,28.31,17,17,0
1954771,0.35,0.30,0.40,28.97,17,17,0,0.02,-0.10,0.10,28.46,17,17,0,1806.04,1778.00,1836.10,24.00,17,0,0,0.51,0.50,0.60,28.20,17,17,0,0.11,0.10,0.20,29.04,17,17,0,1.09,1.00,1.10,28.64,17,17,0,0.21,0.20,0.30,28.30,17,17,0
1955277,0.35,0.30,0.40,28.96,17,17,0,0.01,-0.10,0.10,28.48,17,17,0,1783.12,1750.30,1822.40,23.99,17,0,0,0.50,0.50,0.50,28.22,17,17,0,0.10,0.10,0.10,29.04,17,17,0,1.10,1.10,1.10,28.65,17,17,0,0.22,0.20,0.30,28.31,17,17,0
1955783,0.34,0.30,0.40,28.96,17,17,0,-0.03,-0.10,0.00,28.47,17,17,0,1800.63,1773.00,1824.50,23.99,17,0,0,0.50,0.50,0.50,28.22,17,17,0,0.09,0.00,0.10,29.05,17,17,0,1.08,1.00,1.10,28.63,17,17,0,0.24,0.20,0.30,28.33,17,17,0
1956283,0.36,0.30,0.40,28.96,17,17,0,-0.02,-0.10,0.10,28.48,17,17,0,1747.42,1731.10,1772.40,24.01,17,0,0,0.50,0.50,0.50,28.20,17,17,0,0.10,0.10,0.10,29.03,17,17,0,1.09,1.00,1.10,28.66,17,17,0,0.24,0.20,0.30,28.32,17,17,0
1956784,0.36,0.30,0.40,28.95,17,17,0,-0.01,-0.10,0.10,28.48,17,17,0,1784.38,1746.90,1811.20,24.01,17,0,0,0.50,0.50,0.50,28.21,17,17,0,0.10,0.10,0.10,29.07,17,17,0,1.08,1.00,1.10,28.65,17,17,0,0.24,0.20,0.30,28.31,17,17,0
1957284,0.36,0.30,0.40,28.96,17,17,0,-0.01,-0.10,0.10,28.47,17,17,0,1744.23,1728.90,1764.40,24.02,17,0,0,0.49,0.40,0.50,28.21,17,17,0,0.10,0.10,0.10,29.05,17,17,0,1.08,1.00,1.10,28.64,17,17,0,0.26,0.20,0.30,28.32,17,17,0
1957790,0.39,0.30,0.40,28.98,17,17,0,0.01,-0.10,0.10,28.49,17,17,0,1741.14,1717.70,1767.00,24.00,17,0,0,0.51,0.50,0.60,28.21,17,17,0,0.11,0.10,0.20,29.06,17,17,0,1.09,1.00,1.10,28.65,17,17,0,0.26,0.20,0.30,28.30,17,17,0
1958291,0.36,0.30,0.40,28.97,17,17,0,-0.01,-0.10,0.10,28.48,17,17,0,1739.24,1721.40,1754.40,24.03,17,0,0,0.50,0.50,0.50,28.21,17,17,0,0.09,0.00,0.10,29.04,17,17,0,1.09,1.00,1.10,28.64,17,17,0,0.22,0.20,0.30,28.32,17,17,0
1958796,0.36,0.30,0.40,28.96,17,17,0,-0.01,-0.10,0.10,28.48,17,17,0,1711.10,1699.20,1737.30,24.02,17,0,0,0.50,0.50,0.50,28.20,17,17,0,0.09,0.00,0.10,29.03,17,17,0,1.08,1.00,1.10,28.65,17,17,0,0.24,0.20,0.30,28.30,17,17,0
1959296,0.35,0.30,0.40,28.95,17,17,0,-0.01,-0.10,0.10,28.47,17,17,0,1729.69,1711.30,1743.50,24.02,17,0,0,0.51,0.50,0.60,28.20,17,17,0,0.10,0.10,0.10,29.03,17,17,0,1.10,1.10,1.10,28.65,17,17,0,0.24,0.20,0.30,28.32,17,17,0
1959796,0.36,0.30,0.40,28.95,17,17,0,-0.01,-0.10,0.10,28.48,17,17,0,1693.86,1685.00,1709.60,24.01,17,0,0,0.51,0.50,0.60,28.21,17,17,0,0.11,0.10,0.20,29.05,17,17,0,1.08,1.00,1.10,28.65,17,17,0,0.25,0.20,0.30,28.31,17,17,0
1960308,0.36,0.30,0.40,28.97,17,17,0,-0.03,-0.10,0.10,28.49,17,17,0,1706.02,1680.00,1723.20,24.03,17,0,0,0.50,0.50,0.50,28.23,17,17,0,0.11,0.00,0.20,29.04,17,17,0,1.08,1.00,1.10,28.64,17,17,0,0.24,0.20,0.30,28.30,17,17,0
1960808,0.35,0.30,0.40,28.98,17,17,0,0.01,-0.10,0.10,28.47,17,17,0,1688.03,1671.10,1712.60,24.03,17,0,0,0.50,0.50,0.50,28.20,17,17,0,0.09,0.00,0.10,29.03,17,17,0,1.09,1.00,1.10,28.63,17,17,0,0.24,0.20,0.30,28.29,17,17,0
1961314,0.36,0.30,0.40,28.97,17,17,0,0.02,-0.10,0.10,28.49,17,17,0,1697.64,1672.90,1724.20,24.04,17,0,0,0.51,0.50,0.60,28.21,17,17,0,0.10,0.10,0.10,29.04,17,17,0,1.09,1.00,1.10,28.66,17,17,0,0.25,0.20,0.30,28.31,17,17,0
1961827,0.35,0.30,0.40,28.95,17,17,0,-0.02,-0.10,0.10,28.47,17,17,0,1699.89,1668.00,1729.80,24.03,17,0,0,0.51,0.50,0.60,28.22,17,17,0,0.10,0.10,0.10,29.04,17,17,0,1.09,1.00,1.10,28.64,17,17,0,0.25,0.20,0.30,28.31,17,17,0
1962327,0.35,0.30,0.40,28.96,17,17,0,-0.01,-0.10,0.10,28.48,17,17,0,1684.02,1668.00,1717.80,24.01,17,0,0,0.51,0.50,0.60,28.20,17,17,0,0.10,0.10,0.10,29.04,17,17,0,1.09,1.00,1.10,28.65,17,17,0,0.24,0.20,0.30,28.31,17,17,0
1962830,0.35,0.30,0.40,28.97,17,17,0,-0.02,-0.10,0.10,28.48,17,17,0,1714.80,1690.00,1730.00,24.03,17,0,0,0.50,0.50,0.50,28.21,17,17,0,0.10,0.10,0.10,29.04,17,17,0,1.07,1.00,1.10,28.64,17,17,0,0.22,0.20,0.30,28.30,17,17,0
1963330,0.36,0.30,0.40,28.97,17,17,0,-0.04,-0.10,0.00,28.48,17,17,0,1680.36,1671.00,1698.20,24.04,17,0,0,0.51,0.50,0.60,28.20,17,17,0,0.11,0.10,0.20,29.04,17,17,0,1.09,1.00,1.10,28.64,17,17,0,0.22,0.20,0.30,28.32,17,17,0
1963839,0.38,0.30,0.40,28.97,17,17,0,-0.01,-0.10,0.10,28.46,17,17,0,1704.04,1672.10,1723.60,24.04,17,0,0,0.51,0.50,0.60,28.21,17,17,0,0.11,0.10,0.20,29.03,17,17,0,1.10,1.10,1.10,28.64,17,17,0,0.24,0.20,0.30,28.31,17,17,0
1964339,0.34,0.30,0.40,28.96,17,17,0,-0.01,-0.10,0.10,28.47,17,17,0,1675.37,1652.50,1720.40,24.03,17,0,0,0.51,0.50,0.60,28.22,17,17,0,0.10,0.10,0.10,29.06,17,17,0,1.09,1.00,1.10,28.65,17,17,0,0.25,0.20,0.30,28.32,17,17,0
1964841,0.36,0.30,0.40,28.96,17,17,0,-0.02,-0.10,0.10,28.49,17,17,0,1711.47,1663.80,1742.40,24.04,17,0,0,0.50,0.50,0.50,28.20,17,17,0,0.11,0.10,0.20,29.03,17,17,0,1.09,1.00,1.10,28.66,17,17,0,0.24,0.20,0.30,28.31,17,17,0
1965341,0.35,0.30,0.40,28.96,17,17,0,0.01,-0.10,0.10,28.47,17,17,0,1699.01,1658.70,1736.20,24.05,17,0,0,0.50,0.50,0.50,28.20,17,17,0,0.09,0.00,0.10,29.04,17,17,0,1.09,1.00,1.10,28.65,17,17,0,0.26,0.20,0.30,28.31,17,17,0
1965841,0.37,0.30,0.40,28.95,16,16,0,-0.03,-0.10,0.10,28.47,16,16,0,1681.44,1652.30,1722.70,24.05,16,0,0,0.51,0.50,0.60,28.21,16,16,0,0.11,0.10,0.20,29.03,16,16,0,1.10,1.10,1.10,28.66,16,16,0,0.23,0.20,0.30,28.33,16,16,0
1966341,0.37,0.30,0.40,28.98,17,17,0,0.01,-0.10,0.10,28.48,17,17,0,1712.21,1682.50,1732.60,24.05,17,0,0,0.51,0.50,0.60,28.21,17,17,0,0.11,0.00,0.20,29.05,17,17,0,1.09,1.00,1.10,28.66,17,17,0,0.22,0.20,0.30,28.31,17,17,0
1966854,0.36,0.30,0.40,28.96,17,17,0,0.01,-0.10,0.10,28.48,17,17,0,1675.84,1664.80,1697.20,24.06,17,0,0,0.51,0.50,0.60,28.20,17,17,0,0.10,0.10,0.10,29.05,17,17,0,1.08,1.00,1.10,28.65,17,17,0,0.24,0.20,0.30,28.31,17,17,0
1967354,0.38,0.30,0.40,28.97,17,17,0,-0.03,-0.10,0.10,28.49,17,17,0,1718.32,1691.80,1742.40,24.05,17,0,0,0.51,0.50,0.60,28.21,17,17,0,0.10,0.10,0.10,29.05,17,17,0,1.08,1.00,1.10,28.63,17,17,0,0.25,0.20,0.30,28.32,17,17,0
1967857,0.36,0.30,0.40,28.95,17,17,0,0.01,-0.10,0.10,28.47,17,17,0,1694.40,1674.50,1732.80,24.04,17,0,0,0.50,0.50,0.50,28.20,17,17,0,0.10,0.00,0.20,29.04,17,17,0,1.09,1.00,1.10,28.63,17,17,0,0.25,0.20,0.30,28.31,17,17,0
1968360,0.36,0.30,0.40,28.96,17,17,0,-0.02,-0.10,0.10,28.47,17,17,0,1712.54,1691.10,1738.10,24.07,17,0,0,0.52,0.50,0.60,28.20,17,17,0,0.10,0.10,0.10,29.04,17,17,0,1.08,1.00,1.10,28.65,17,17,0,0.26,0.20,0.30,28.32,17,17,0
1968865,0.35,0.30,0.40,28.97,17,17,0,-0.02,-0.10,0.10,28.48,17,17,0,1715.88,1690.20,1741.40,24.03,17,0,0,0.50,0.50,0.50,28.21,17,17,0,0.09,0.00,0.10,29.02,17,17,0,1.07,1.00,1.10,28.63,17,17,0,0.24,0.20,0.30,28.32,17,17,0
1969369,0.37,0.30,0.40,28.95,17,17,0,-0.02,-0.10,0.10,28.47,17,17,0,1722.61,1706.20,1736.70,24.04,17,0,0,0.50,0.50,0.50,28.22,17,17,0,0.11,0.10,0.20,29.04,17,17,0,1.10,1.00,1.20,28.64,17,17,0,0.21,0.20,0.30,28.31,17,17,0
1969876,0.35,0.30,0.40,28.98,17,17,0,0.02,-0.10,0.10,28.48,17,17,0,1759.04,1732.00,1772.30,24.04,17,0,0,0.50,0.50,0.50,28.21,17,17,0,0.10,0.10,0.10,29.06,17,17,0,1.10,1.10,1.10,28.65,17,17,0,0.24,0.20,0.30,28.30,17,17,0
1970381,0.36,0.30,0.40,28.98,17,17,0,-0.02,-0.10,0.10,28.48,17,17,0,1750.26,1734.90,1765.00,24.03,17,0,0,0.51,0.50,0.60,28.21,17,17,0,0.10,0.00,0.20,29.05,17,17,0,1.10,1.10,1.10,28.64,17,17,0,0.25,0.20,0.30,28.32,17,17,0
1970881,0.37,0.30,0.40,28.96,16,16,0,-0.01,-0.10,0.10,28.47,16,16,0,1787.32,1772.80,1795.30,24.05,16,0,0,0.51,0.50,0.60,28.19,16,16,0,0.10,0.10,0.10,29.04,16,16,0,1.10,1.10,1.10,28.66,16,16,0,0.28,0.20,0.30,28.33,16,16,0
1971381,0.35,0.30,0.40,28.95,17,17,0,-0.01,-0.10,0.10,28.47,17,17,0,1782.22,1767.00,1801.90,24.04,17,0,0,0.50,0.50,0.50,28.22,17,17,0,0.09,0.00,0.10,29.05,17,17,0,1.08,1.00,1.10,28.64,17,17,0,0.23,0.20,0.30,28.31,17,17,0
1971888,0.38,0.30,0.40,28.96,17,17,0,-0.04,-0.10,0.10,28.46,17,17,0,1805.84,1788.60,1823.70,24.04,17,0,0,0.52,0.50,0.60,28.22,17,17,0,0.09,0.00,0.10,29.05,17,17,0,1.09,1.00,1.10,28.65,17,17,0,0.24,0.20,0.30,28.32,17,17,0
1972401,0.35,0.30,0.40,28.96,18,18,0,-0.00,-0.10,0.10,28.48,18,18,0,1805.00,1786.30,1828.40,24.02,18,0,0,0.51,0.50,0.60,28.21,18,18,0,0.11,0.10,0.20,29.04,18,18,0,1.10,1.10,1.10,28.66,18,18,0,0.22,0.20,0.30,28.30,18,18,0
1972901,0.36,0.30,0.40,28.96,17,17,0,0.01,-0.10,0.10,28.48,17,17,0,1784.00,1751.20,1817.80,24.05,17,0,0,0.50,0.50,0.50,28.20,17,17,0,0.10,0.00,0.20,29.05,17,17,0,1.08,1.00,1.10,28.66,17,17,0,0.24,0.20,0.30,28.32,17,17,0
1973403,0.37,0.30,0.40,28.95,17,17,0,-0.02,-0.10,0.10,28.47,17,17,0,1795.02,1770.80,1817.70,24.03,17,0,0,0.50,0.50,0.50,28.22,17,17,0,0.09,0.00,0.10,29.04,17,17,0,1.08,1.00,1.10,28.65,17,17,0,0.25,0.20,0.30,28.33,17,17,0
1973907,0.36,0.30,0.40,28.96,17,17,0,-0.01,-0.10,0.10,28.48,17,17,0,1755.18,1742.90,1778.70,24.04,17,0,0,0.50,0.50,0.50,28.20,17,17,0,0.11,0.10,0.20,29.06,17,17,0,1.09,1.00,1.10,28.66,17,17,0,0.24,0.20,0.30,28.32,17,17,0
1974407,0.36,0.30,0.40,28.96,17,17,0,-0.01,-0.10,0.10,28.47,17,17,0,1776.15,1744.10,1797.90,24.04,17,0,0,0.49,0.40,0.50,28.21,17,17,0,0.09,0.00,0.10,29.05,17,17,0,1.10,1.10,1.10,28.64,17,17,0,0.22,0.20,0.30,28.33,17,17,0
1974907,0.36,0.30,0.40,28.95,17,17,0,-0.01,-0.10,0.00,28.48,17,17,0,1726.91,1705.90,1748.40,24.06,17,0,0,0.50,0.50,0.50,28.22,17,17,0,0.11,0.10,0.20,29.03,17,17,0,1.07,1.00,1.10,28.65,17,17,0,0.24,0.20,0.30,28.30,17,17,0
1975407,0.38,0.30,0.40,28.94,17,17,0,-0.02,-0.10,0.10,28.48,17,17,0,1737.96,1707.00,1764.80,24.05,17,0,0,0.50,0.50,0.50,28.21,17,17,0,0.10,0.10,0.10,29.04,17,17,0,1.09,1.00,1.10,28.66,17,17,0,0.24,0.20,0.30,28.32,17,17,0
1975907,0.35,0.30,0.40,28.96,17,17,0,-0.01,-0.10,0.10,28.46,17,17,0,1734.94,1705.50,1761.30,24.06,17,0,0,0.50,0.50,0.50,28.20,17,17,0,0.10,0.10,0.10,29.06,17,17,0,1.09,1.00,1.10,28.66,17,17,0,0.25,0.20,0.30,28.32,17,17,0
1976407,0.36,0.30,0.40,28.96,17,17,0,-0.01,-0.10,0.10,28.47,17,17,0,1721.90,1702.80,1751.20,24.05,17,0,0,0.49,0.40,0.50,28.23,17,17,0,0.11,0.10,0.20,29.05,17,17,0,1.09,1.00,1.10,28.65,17,17,0,0.22,0.20,0.30,28.32,17,17,0
1976907,0.36,0.30,0.40,28.97,17,17,0,-0.03,-0.10,0.00,28.50,17,17,0,1726.63,1710.40,1739.00,24.06,17,0,0,0.50,0.50,0.50,28.21,17,17,0,0.12,0.10,0.20,29.04,17,17,0,1.08,1.00,1.10,28.66,17,17,0,0.24,0.20,0.30,28.31,17,17,0
1977407,0.35,0.30,0.40,28.96,17,17,0,-0.02,-0.10,0.10,28.49,17,17,0,1686.78,1674.30,1706.40,24.07,17,0,0,0.50,0.50,0.50,28.21,17,17,0,0.10,0.10,0.10,29.05,17,17,0,1.10,1.10,1.10,28.64,17,17,0,0.23,0.20,0.30,28.32,17,17,0
1977907,0.36,0.30,0.40,28.97,17,17,0,-0.02,-0.10,0.10,28.47,17,17,0,1714.75,1682.30,1733.20,24.07,17,0,0,0.51,0.50,0.60,28.21,17,17,0,0.10,0.00,0.20,29.05,17,17,0,1.09,1.00,1.10,28.65,17,17,0,0.25,0.20,0.30,28.33,17,17,0
1978407,0.35,0.30,0.40,28.96,17,17,0,-0.01,-0.10,0.10,28.47,17,17,0,1677.08,1662.80,1704.50,24.07,17,0,0,0.51,0.50,0.60,28.21,17,17,0,0.10,0.00,0.20,29.04,17,17,0,1.09,1.00,1.10,28.63,17,17,0,0.25,0.20,0.30,28.31,17,17,0
1978907,0.38,0.30,0.40,28.97,16,16,0,0.01,-0.10,0.10,28.46,16,16,0,1697.43,1666.40,1726.00,24.07,16,0,0,0.51,0.50,0.60,28.21,16,16,0,0.11,0.10,0.20,29.04,16,16,0,1.09,1.00,1.10,28.66,16,16,0,0.23,0.20,0.30,28.30,16,16,0
1979418,0.36,0.30,0.40,28.97,17,17,0,0.00,-0.10,0.10,28.48,17,17,0,1686.28,1654.50,1724.70,24.06,17,0,0,0.50,0.50,0.50,28.21,17,17,0,0.11,0.10,0.20,29.04,17,17,0,1.09,1.00,1.10,28.65,17,17,0,0.25,0.20,0.30,28.32,17,17,0
1979918,0.35,0.30,0.40,28.93,17,17,0,-0.01,-0.10,0.10,28.49,17,17,0,1683.88,1656.10,1724.70,24.09,17,0,0,0.52,0.50,0.60,28.21,17,17,0,0.10,0.00,0.20,29.05,17,17,0,1.09,1.00,1.10,28.66,17,17,0,0.23,0.20,0.30,28.32,17,17,0
1980418,0.36,0.30,0.40,28.95,17,17,0,0.01,-0.10,0.10,28.49,17,17,0,1703.16,1667.20,1731.20,24.08,17,0,0,0.51,0.50,0.60,28.21,17,17,0,0.09,0.00,0.10,29.05,17,17,0,1.09,1.00,1.10,28.66,17,17,0,0.23,0.20,0.30,28.33,17,17,0
1980918,0.36,0.30,0.40,28.96,17,17,0,0.02,0.00,0.10,28.48,17,17,0,1675.69,1661.90,1705.20,24.08,17,0,0,0.50,0.50,0.50,28.22,17,17,0,0.09,0.00,0.10,29.06,17,17,0,1.08,1.00,1.10,28.66,17,17,0,0.25,0.20,0.30,28.31,17,17,0
1981418,0.36,0.30,0.40,28.97,17,17,0,0.01,0.00,0.10,28.48,17,17,0,1716.03,1690.10,1735.20,24.07,17,0,0,0.50,0.50,0.50,28.23,17,17,0,0.10,0.10,0.10,29.05,17,17,0,1.09,1.00,1.10,28.66,17,17,0,0.24,0.20,0.30,28.33,17,17,0
1981918,0.35,0.30,0.40,28.96,17,17,0,-0.02,-0.10,0.00,28.48,17,17,0,1673.28,1657.20,1698.80,24.07,17,0,0,0.50,0.50,0.50,28.23,17,17,0,0.11,0.10,0.20,29.04,17,17,0,1.08,1.00,1.10,28.66,17,17,0,0.25,0.20,0.30,28.31,17,17,0
1982427,0.35,0.30,0.40,28.96,17,17,0,-0.01,-0.10,0.10,28.48,17,17,0,1717.13,1685.50,1740.40,24.07,17,0,0,0.50,0.50,0.50,28.21,17,17,0,0.10,0.10,0.10,29.06,17,17,0,1.09,1.00,1.10,28.66,17,17,0,0.25,0.20,0.30,28.32,17,17,0
1982927,0.38,0.30,0.40,28.98,17,17,0,0.01,-0.10,0.10,28.46,17,17,0,1689.62,1663.60,1722.50,24.06,17,0,0,0.51,0.50,0.60,28.22,17,17,0,0.11,0.10,0.20,29.05,17,17,0,1.08,1.00,1.10,28.64,17,17,0,0.24,0.20,0.30,28.31,17,17,0
1983432,0.36,0.30,0.40,28.98,17,17,0,0.00,-0.10,0.10,28.48,17,17,0,1699.21,1675.20,1734.20,24.08,17,0,0,0.51,0.50,0.60,28.22,17,17,0,0.11,0.10,0.20,29.05,17,17,0,1.08,1.00,1.10,28.65,17,17,0,0.22,0.20,0.30,28.31,17,17,0
1983945,0.33,0.30,0.40,28.96,18,18,0,-0.02,-0.10,0.10,28.48,18,18,0,1708.75,1676.20,1735.50,24.07,18,0,0,0.50,0.50,0.50,28.21,18,18,0,0.09,0.00,0.10,29.03,18,18,0,1.09,1.00,1.10,28.67,18,18,0,0.24,0.20,0.30,28.32,18,18,0
1984446,0.36,0.30,0.40,28.96,17,17,0,-0.02,-0.10,0.10,28.47,17,17,0,1691.80,1678.70,1719.80,24.07,17,0,0,0.51,0.50,0.60,28.23,17,17,0,0.10,0.10,0.10,29.06,17,17,0,1.09,1.00,1.10,28.66,17,17,0,0.23,0.20,0.30,28.33,17,17,0
1984947,0.38,0.30,0.40,28.95,17,17,0,0.00,-0.10,0.10,28.47,17,17,0,1715.78,1697.70,1735.10,24.07,17,0,0,0.51,0.50,0.60,28.21,17,17,0,0.11,0.10,0.20,29.05,17,17,0,1.09,1.00,1.10,28.65,17,17,0,0.25,0.20,0.30,28.31,17,17,0
1985447,0.35,0.30,0.40,28.96,17,17,0,-0.01,-0.10,0.10,28.48,17,17,0,1687.54,1676.40,1704.70,24.08,17,0,0,0.51,0.50,0.60,28.20,17,17,0,0.11,0.10,0.20,29.04,17,17,0,1.09,1.00,1.10,28.65,17,17,0,0.22,0.20,0.30,28.32,17,17,0
1985947,0.35,0.30,0.40,28.97,17,17,0,0.00,-0.10,0.10,28.49,17,17,0,1717.58,1701.00,1736.70,24.08,17,0,0,0.51,0.50,0.60,28.23,17,17,0,0.10,0.10,0.10,29.04,17,17,0,1.09,1.00,1.10,28.67,17,17,0,0.24,0.20,0.30,28.32,17,17,0
1986447,0.37,0.30,0.40,28.97,16,16,0,0.00,-0.10,0.10,28.47,16,16,0,1715.41,1698.30,1733.70,24.06,16,0,0,0.51,0.50,0.60,28.23,16,16,0,0.11,0.10,0.20,29.07,16,16,0,1.10,1.10,1.10,28.66,16,16,0,0.26,0.20,0.30,28.32,16,16,0
1986949,0.35,0.30,0.40,28.95,17,17,0,-0.02,-0.10,0.00,28.50,17,17,0,1722.59,1708.90,1738.80,24.09,17,0,0,0.50,0.50,0.50,28.24,17,17,0,0.11,0.10,0.20,29.06,17,17,0,1.09,1.00,1.10,28.64,17,17,0,0.22,0.20,0.30,28.33,17,17,0
1987454,0.34,0.30,0.40,28.97,17,17,0,-0.02,-0.10,0.00,28.50,17,17,0,1747.33,1721.80,1762.90,24.07,17,0,0,0.50,0.50,0.50,28.22,17,17,0,0.10,0.00,0.20,29.05,17,17,0,1.08,1.00,1.10,28.67,17,17,0,0.23,0.20,0.30,28.32,17,17,0
1987954,0.36,0.30,0.40,28.95,17,17,0,0.01,-0.10,0.10,28.48,17,17,0,1737.82,1725.30,1753.40,24.08,17,0,0,0.50,0.50,0.50,28.22,17,17,0,0.12,0.10,0.20,29.05,17,17,0,1.09,1.00,1.10,28.66,17,17,0,0.24,0.20,0.30,28.31,17,17,0
1988462,0.34,0.30,0.40,28.95,17,17,0,-0.02,-0.10,0.10,28.49,17,17,0,1790.92,1766.50,1807.50,24.07,17,0,0,0.50,0.50,0.50,28.22,17,17,0,0.10,0.10,0.10,29.05,17,17,0,1.10,1.10,1.10,28.65,17,17,0,0.22,0.20,0.30,28.32,17,17,0
1988967,0.35,0.30,0.40,28.98,17,17,0,-0.01,-0.10,0.00,28.48,17,17,0,1780.80,1761.80,1799.00,24.08,17,0,0,0.51,0.50,0.60,28.22,17,17,0,0.11,0.10,0.20,29.06,17,17,0,1.09,1.00,1.10,28.66,17,17,0,0.24,0.20,0.30,28.33,17,17,0
1989469,0.36,0.30,0.40,28.96,17,17,0,0.00,-0.10,0.10,28.49,17,17,0,1793.78,1769.90,1811.30,24.07,17,0,0,0.50,0.50,0.50,28.22,17,17,0,0.11,0.10,0.20,29.05,17,17,0,1.08,1.00,1.10,28.67,17,17,0,0.23,0.20,0.30,28.31,17,17,0
1989972,0.35,0.30,0.40,28.97,17,17,0,-0.02,-0.10,0.00,28.49,17,17,0,1789.00,1768.70,1809.80,24.09,17,0,0,0.50,0.50,0.50,28.23,17,17,0,0.10,0.10,0.10,29.05,17,17,0,1.10,1.10,1.10,28.65,17,17,0,0.21,0.20,0.30,28.33,17,17,0
1990478,0.36,0.30,0.40,28.98,17,17,0,-0.02,-0.10,0.00,28.48,17,17,0,1768.94,1743.10,1810.60,24.10,17,0,0,0.50,0.50,0.50,28.23,17,17,0,0.11,0.10,0.20,29.05,17,17,0,1.09,1.00,1.10,28.66,17,17,0,0.24,0.20,0.30,28.32,17,17,0
1990978,0.38,0.30,0.40,28.96,17,17,0,0.01,0.00,0.10,28.49,17,17,0,1792.11,1756.30,1820.80,24.08,17,0,0,0.50,0.50,0.50,28.22,17,17,0,0.09,0.00,0.10,29.07,17,17,0,1.08,1.00,1.10,28.66,17,17,0,0.24,0.20,0.30,28.32,17,17,0
1991478,0.36,0.30,0.40,28.97,17,17,0,0.01,-0.10,0.10,28.48,17,17,0,1748.68,1733.50,1784.90,24.07,17,0,0,0.50,0.50,0.50,28.24,17,17,0,0.10,0.10,0.10,29.06,17,17,0,1.09,1.00,1.10,28.65,17,17,0,0.25,0.20,0.30,28.31,17,17,0
1991978,0.35,0.30,0.40,28.94,17,17,0,-0.01,-0.10,0.10,28.49,17,17,0,1767.82,1746.70,1788.40,24.08,17,0,0,0.50,0.50,0.50,28.22,17,17,0,0.10,0.10,0.10,29.05,17,17,0,1.09,1.00,1.10,28.65,17,17,0,0.23,0.20,0.30,28.31,17,17,0
1992483,0.36,0.30,0.40,28.97,17,17,0,-0.01,-0.10,0.10,28.48,17,17,0,1727.45,1714.30,1743.30,24.09,17,0,0,0.51,0.50,0.60,28.24,17,17,0,0.11,0.10,0.20,29.05,17,17,0,1.08,1.00,1.10,28.66,17,17,0,0.22,0.20,0.30,28.32,17,17,0
1992985,0.34,0.30,0.40,28.95,17,17,0,0.01,-0.10,0.10,28.47,17,17,0,1744.46,1712.50,1766.20,24.10,17,0,0,0.51,0.50,0.60,28.23,17,17,0,0.11,0.10,0.20,29.06,17,17,0,1.09,1.00,1.10,28.64,17,17,0,0.25,0.20,0.30,28.32,17,17,0
1993490,0.35,0.30,0.40,28.95,17,17,0,-0.01,-0.10,0.10,28.49,17,17,0,1725.75,1708.70,1752.80,24.08,17,0,0,0.50,0.50,0.50,28.23,17,17,0,0.10,0.10,0.10,29.06,17,17,0,1.09,1.00,1.10,28.65,17,17,0,0.24,0.20,0.30,28.32,17,17,0
1993997,0.38,0.30,0.40,28.97,17,17,0,0.01,-0.10,0.10,28.48,17,17,0,1726.79,1707.30,1757.30,24.09,17,0,0,0.51,0.50,0.60,28.21,17,17,0,0.10,0.10,0.10,29.07,17,17,0,1.09,1.00,1.10,28.64,17,17,0,0.24,0.20,0.30,28.33,17,17,0
1994502,0.38,0.30,0.40,28.97,17,17,0,-0.01,-0.10,0.00,28.46,17,17,0,1726.03,1713.70,1739.40,24.10,17,0,0,0.51,0.50,0.60,28.22,17,17,0,0.10,0.10,0.10,29.05,17,17,0,1.08,1.00,1.10,28.65,17,17,0,0.24,0.20,0.30,28.33,17,17,0
1995002,0.37,0.30,0.40,28.96,17,17,0,0.02,-0.10,0.10,28.49,17,17,0,1686.19,1671.80,1716.90,24.12,17,0,0,0.50,0.50,0.50,28.22,17,17,0,0.10,0.10,0.10,29.06,17,17,0,1.08,1.00,1.10,28.65,17,17,0,0.22,0.20,0.30,28.32,17,17,0
1995505,0.37,0.30,0.40,28.97,17,17,0,-0.01,-0.10,0.00,28.48,17,17,0,1710.12,1694.60,1721.30,24.12,17,0,0,0.51,0.50,0.60,28.23,17,17,0,0.11,0.10,0.20,29.05,17,17,0,1.09,1.00,1.10,28.65,17,17,0,0.24,0.20,0.30,28.32,17,17,0
1996008,0.35,0.30,0.40,28.96,17,17,0,-0.02,-0.10,0.10,28.49,17,17,0,1674.05,1661.10,1691.00,24.08,17,0,0,0.51,0.50,0.60,28.23,17,17,0,0.09,0.00,0.10,29.04,17,17,0,1.08,1.00,1.10,28.66,17,17,0,0.26,0.20,0.30,28.33,17,17,0
1996510,0.36,0.30,0.40,28.97,17,17,0,-0.02,-0.10,0.10,28.48,17,17,0,1707.73,1675.80,1731.10,24.10,17,0,0,0.51,0.50,0.60,28.23,17,17,0,0.11,0.10,0.20,29.05,17,17,0,1.09,1.00,1.10,28.64,17,17,0,0.24,0.20,0.30,28.31,17,17,0
1997010,0.36,0.30,0.40,28.95,17,17,0,-0.01,-0.10,0.10,28.48,17,17,0,1681.83,1653.10,1721.60,24.08,17,0,0,0.50,0.50,0.50,28.22,17,17,0,0.10,0.10,0.10,29.05,17,17,0,1.09,1.00,1.10,28.66,17,17,0,0.22,0.20,0.30,28.32,17,17,0
1997510,0.36,0.30,0.40,28.98,17,17,0,-0.01,-0.10,0.10,28.48,17,17,0,1676.32,1652.50,1715.80,24.11,17,0,0,0.50,0.50,0.50,28.24,17,17,0,0.10,0.10,0.10,29.05,17,17,0,1.08,1.00,1.10,28.64,17,17,0,0.23,0.20,0.30,28.31,17,17,0
1998021,0.37,0.30,0.40,28.97,17,17,0,-0.01,-0.10,0.10,28.48,17,17,0,1695.27,1658.30,1720.50,24.12,17,0,0,0.51,0.50,0.60,28.22,17,17,0,0.11,0.10,0.20,29.06,17,17,0,1.09,1.00,1.10,28.65,17,17,0,0.24,0.20,0.30,28.30,17,17,0
1998521,0.38,0.30,0.40,28.94,17,17,0,-0.01,-0.10,0.10,28.49,17,17,0,1676.71,1654.00,1709.50,24.08,17,0,0,0.51,0.50,0.60,28.24,17,17,0,0.09,0.00,0.10,29.06,17,17,0,1.09,1.00,1.10,28.66,17,17,0,0.24,0.20,0.30,28.32,17,17,0
1999021,0.38,0.30,0.40,28.96,17,17,0,0.00,-0.10,0.10,28.48,17,17,0,1710.50,1681.90,1725.10,24.12,17,0,0,0.50,0.50,0.50,28.22,17,17,0,0.10,0.10,0.10,29.05,17,17,0,1.10,1.10,1.10,28.65,17,17,0,0.23,0.20,0.30,28.31,17,17,0
1999521,0.38,0.30,0.40,28.97,17,17,0,0.00,-0.10,0.10,28.50,17,17,0,1667.28,1651.00,1689.90,24.11,17,0,0,0.52,0.50,0.60,28.24,17,17,0,0.10,0.10,0.10,29.05,17,17,0,1.09,1.00,1.10,28.66,17,17,0,0.24,0.20,0.30,28.33,17,17,0
2000022,0.36,0.30,0.40,28.96,17,17,0,-0.03,-0.10,0.00,28.47,17,17,0,1713.70,1679.00,1731.60,24.11,17,0,0,0.50,0.50,0.50,28.22,17,17,0,0.09,0.00,0.10,29.05,17,17,0,1.10,1.10,1.10,28.66,17,17,0,0.24,0.20,0.30,28.32,17,17,0
2000522,0.35,0.30,0.40,28.98,17,17,0,-0.01,-0.10,0.10,28.49,17,17,0,1677.41,1658.20,1710.70,24.12,17,0,0,0.50,0.50,0.50,28.22,17,17,0,0.10,0.10,0.10,29.05,17,17,0,1.09,1.00,1.10,28.67,17,17,0,0.25,0.20,0.30,28.32,17,17,0
2001024,0.36,0.30,0.40,28.96,17,17,0,-0.01,-0.10,0.00,28.47,17,17,0,1694.62,1669.40,1726.40,24.12,17,0,0,0.51,0.50,0.60,28.25,17,17,0,0.10,0.10,0.10,29.07,17,17,0,1.09,1.00,1.10,28.66,17,17,0,0.21,0.20,0.30,28.33,17,17,0
2001524,0.37,0.30,0.40,28.98,17,17,0,-0.02,-0.10,0.10,28.51,17,17,0,1703.43,1667.60,1735.00,24.11,17,0,0,0.50,0.50,0.50,28.23,17,17,0,0.10,0.10,0.10,29.06,17,17,0,1.07,1.00,1.10,28.67,17,17,0,0.22,0.20,0.30,28.29,17,17,0
2002025,0.36,0.30,0.40,28.97,17,17,0,0.01,-0.10,0.10,28.48,17,17,0,1682.24,1670.50,1721.60,24.11,17,0,0,0.51,0.50,0.60,28.22,17,17,0,0.10,0.00,0.20,29.07,17,17,0,1.09,1.00,1.10,28.66,17,17,0,0.22,0.20,0.30,28.33,17,17,0
2002525,0.39,0.30,0.40,28.98,17,17,0,-0.02,-0.10,0.10,28.49,17,17,0,1711.15,1680.60,1728.70,24.10,17,0,0,0.50,0.50,0.50,28.22,17,17,0,0.10,0.00,0.20,29.05,17,17,0,1.09,1.00,1.10,28.65,17,17,0,0.24,0.20,0.30,28.32,17,17,0
2003025,0.38,0.30,0.40,28.96,17,17,0,0.01,-0.10,0.10,28.47,17,17,0,1683.36,1672.50,1697.70,24.12,17,0,0,0.51,0.50,0.60,28.22,17,17,0,0.09,0.00,0.10,29.09,17,17,0,1.10,1.10,1.10,28.67,17,17,0,0.22,0.20,0.30,28.32,17,17,0
2003530,0.38,0.30,0.40,28.98,17,17,0,-0.01,-0.10,0.10,28.50,17,17,0,1724.24,1710.10,1737.70,24.10,17,0,0,0.50,0.50,0.50,28.24,17,17,0,0.10,0.10,0.10,29.05,17,17,0,1.08,1.00,1.10,28.65,17,17,0,0.22,0.20,0.30,28.32,17,17,0
2004034,0.37,0.30,0.40,28.97,17,17,0,0.00,-0.10,0.10,28.48,17,17,0,1715.17,1703.30,1729.80,24.13,17,0,0,0.50,0.50,0.50,28.23,17,17,0,0.11,0.00,0.20,29.05,17,17,0,1.09,1.00,1.10,28.65,17,17,0,0.24,0.20,0.30,28.32,17,17,0
2004536,0.39,0.30,0.40,28.95,17,17,0,0.01,-0.10,0.10,28.49,17,17,0,1724.75,1703.80,1742.70,24.12,17,0,0,0.51,0.50,0.60,28.22,17,17,0,0.11,0.00,0.20,29.08,17,17,0,1.08,1.00,1.10,28.66,17,17,0,0.25,0.20,0.30,28.32,17,17,0
2005036,0.38,0.30,0.40,28.98,17,17,0,0.01,-0.10,0.10,28.49,17,17,0,1744.40,1716.50,1770.50,24.12,17,0,0,0.50,0.50,0.50,28.25,17,17,0,0.09,0.00,0.10,29.06,17,17,0,1.08,1.00,1.10,28.66,17,17,0,0.25,0.20,0.30,28.32,17,17,0
2005538,0.37,0.30,0.40,28.98,17,17,0,0.00,-0.10,0.10,28.47,17,17,0,1750.38,1730.80,1762.20,24.11,17,0,0,0.51,0.50,0.60,28.24,17,17,0,0.10,0.10,0.10,29.07,17,17,0,1.09,1.00,1.10,28.66,17,17,0,0.23,0.20,0.30,28.33,17,17,0
2006038,0.38,0.30,0.40,28.95,17,17,0,-0.02,-0.10,0.10,28.48,17,17,0,1779.25,1757.90,1792.30,24.11,17,0,0,0.51,0.50,0.60,28.21,17,17,0,0.10,0.10,0.10,29.04,17,17,0,1.08,1.00,1.10,28.65,17,17,0,0.25,0.20,0.30,28.33,17,17,0
2006543,0.37,0.30,0.40,28.97,17,17,0,-0.04,-0.10,0.10,28.48,17,17,0,1764.84,1751.70,1782.90,24.11,17,0,0,0.51,0.50,0.60,28.22,17,17,0,0.10,0.00,0.20,29.06,17,17,0,1.09,1.00,1.10,28.66,17,17,0,0.24,0.20,0.30,28.33,17,17,0
2007045,0.40,0.40,0.40,28.99,17,17,0,-0.01,-0.10,0.10,28.48,17,17,0,1798.14,1777.40,1813.10,24.12,17,0,0,0.50,0.50,0.50,28.23,17,17,0,0.09,0.00,0.10,29.06,17,17,0,1.09,1.00,1.10,28.66,17,17,0,0.23,0.20,0.30,28.31,17,17,0
2007545,0.38,0.30,0.40,28.96,17,17,0,-0.03,-0.10,0.00,28.49,17,17,0,1783.08,1764.00,1814.70,24.11,17,0,0,0.51,0.50,0.60,28.24,17,17,0,0.09,0.00,0.10,29.06,17,17,0,1.09,1.00,1.10,28.66,17,17,0,0.22,0.20,0.30,28.32,17,17,0
2008045,0.37,0.30,0.40,28.97,17,17,0,-0.02,-0.10,0.10,28.50,17,17,0,1796.02,1766.20,1825.00,24.11,17,0,0,0.52,0.40,0.60,28.21,17,17,0,0.10,0.10,0.10,29.05,17,17,0,1.08,1.00,1.10,28.66,17,17,0,0.22,0.20,0.30,28.32,17,17,0
2008545,0.36,0.30,0.40,28.96,17,17,0,0.02,0.00,0.10,28.49,17,17,0,1790.95,1763.00,1820.80,24.13,17,0,0,0.51,0.50,0.60,28.24,17,17,0,0.09,0.00,0.10,29.06,17,17,0,1.09,1.00,1.10,28.66,17,17,0,0.25,0.20,0.30,28.31,17,17,0
2009054,0.36,0.30,0.40,28.98,17,17,0,0.02,0.00,0.10,28.48,17,17,0,1751.04,1728.30,1795.50,24.09,17,0,0,0.51,0.50,0.60,28.23,17,17,0,0.10,0.10,0.10,29.05,17,17,0,1.09,1.00,1.10,28.68,17,17,0,0.23,0.20,0.30,28.33,17,17,0
2009554,0.38,0.30,0.40,28.97,17,17,0,-0.02,-0.10,0.10,28.48,17,17,0,1780.11,1747.30,1796.00,24.10,17,0,0,0.51,0.50,0.60,28.21,17,17,0,0.09,0.00,0.20,29.06,17,17,0,1.08,1.00,1.10,28.65,17,17,0,0.22,0.20,0.30,28.31,17,17,0
2010058,0.38,0.30,0.40,28.96,17,17,0,-0.01,-0.10,0.10,28.48,17,17,0,1722.37,1710.30,1750.00,24.11,17,0,0,0.49,0.40,0.50,28.23,17,17,0,0.09,0.00,0.20,29.06,17,17,0,1.09,1.00,1.10,28.65,17,17,0,0.24,0.20,0.30,28.31,17,17,0
2010558,0.38,0.30,0.40,28.96,17,17,0,-0.03,-0.10,0.00,28.51,17,17,0,1752.11,1716.10,1779.10,24.11,17,0,0,0.50,0.50,0.50,28.23,17,17,0,0.11,0.10,0.20,29.05,17,17,0,1.09,1.00,1.10,28.65,17,17,0,0.24,0.20,0.30,28.32,17,17,0
2011058,0.39,0.30,0.40,28.98,17,17,0,-0.01,-0.10,0.10,28.49,17,17,0,1703.48,1680.70,1732.90,24.12,17,0,0,0.51,0.50,0.60,28.23,17,17,0,0.10,0.10,0.10,29.06,17,17,0,1.08,1.00,1.10,28.66,17,17,0,0.24,0.20,0.30,28.32,17,17,0
2011558,0.38,0.30,0.40,28.96,17,17,0,-0.02,-0.10,0.10,28.48,17,17,0,1730.14,1697.00,1761.40,24.13,17,0,0,0.51,0.50,0.60,28.23,17,17,0,0.11,0.10,0.20,29.06,17,17,0,1.08,1.00,1.10,28.67,17,17,0,0.25,0.10,0.30,28.34,17,17,0
2012058,0.39,0.30,0.40,28.96,17,17,0,-0.02,-0.10,0.00,28.49,17,17,0,1711.89,1688.50,1736.50,24.12,17,0,0,0.50,0.50,0.50,28.22,17,17,0,0.09,0.00,0.10,29.05,17,17,0,1.09,1.00,1.10,28.65,17,17,0,0.25,0.20,0.30,28.33,17,17,0
2012558,0.38,0.30,0.40,28.97,17,17,0,-0.01,-0.10,0.10,28.49,17,17,0,1682.62,1664.30,1718.10,24.12,17,0,0,0.51,0.50,0.60,28.23,17,17,0,0.10,0.10,0.10,29.05,17,17,0,1.09,1.00,1.10,28.67,17,17,0,0.25,0.20,0.30,28.32,17,17,0
2013058,0.37,0.30,0.40,28.96,17,17,0,0.00,-0.10,0.10,28.49,17,17,0,1710.93,1673.60,1732.10,24.12,17,0,0,0.51,0.50,0.60,28.22,17,17,0,0.11,0.10,0.20,29.06,17,17,0,1.10,1.10,1.10,28.67,17,17,0,0.22,0.10,0.30,28.32,17,17,0
2013566,0.38,0.30,0.40,28.97,17,17,0,-0.02,-0.10,0.10,28.49,17,17,0,1682.06,1672.50,1707.90,24.12,17,0,0,0.51,0.50,0.60,28.23,17,17,0,0.09,0.00,0.10,29.06,17,17,0,1.09,1.00,1.10,28.66,17,17,0,0.25,0.20,0.30,28.32,17,17,0
2014066,0.38,0.30,0.40,28.95,17,17,0,-0.02,-0.10,0.00,28.50,17,17,0,1705.23,1688.40,1722.70,24.11,17,0,0,0.51,0.50,0.60,28.22,17,17,0,0.10,0.10,0.10,29.06,17,17,0,1.08,1.00,1.10,28.66,17,17,0,0.22,0.20,0.30,28.33,17,17,0
2014566,0.36,0.30,0.40,28.98,17,17,0,-0.01,-0.10,0.10,28.49,17,17,0,1672.41,1658.80,1696.70,24.12,17,0,0,0.50,0.50,0.50,28.23,17,17,0,0.11,0.10,0.20,29.07,17,17,0,1.08,1.00,1.10,28.64,17,17,0,0.24,0.20,0.30,28.30,17,17,0
2015066,0.36,0.30,0.40,28.96,17,17,0,0.00,-0.10,0.10,28.48,17,17,0,1702.12,1668.80,1725.20,24.12,17,0,0,0.50,0.50,0.50,28.24,17,17,0,0.11,0.10,0.20,29.06,17,17,0,1.09,1.00,1.10,28.66,17,17,0,0.24,0.20,0.30,28.32,17,17,0
2015566,0.36,0.30,0.40,28.97,17,17,0,-0.01,-0.10,0.10,28.49,17,17,0,1685.28,1661.60,1716.70,24.11,17,0,0,0.50,0.50,0.50,28.24,17,17,0,0.10,0.10,0.10,29.06,17,17,0,1.09,1.00,1.10,28.69,17,17,0,0.25,0.20,0.30,28.32,17,17,0
2016066,0.38,0.30,0.40,28.97,16,16,0,0.01,-0.10,0.10,28.49,16,16,0,1698.14,1670.70,1728.60,24.12,16,0,0,0.51,0.50,0.60,28.24,16,16,0,0.11,0.10,0.20,29.06,16,16,0,1.09,1.00,1.10,28.66,16,16,0,0.28,0.20,0.30,28.33,16,16,0
2016573,0.38,0.30,0.40,28.97,17,17,0,-0.04,-0.10,0.00,28.48,17,17,0,1700.85,1677.40,1722.20,24.12,17,0,0,0.50,0.50,0.50,28.22,17,17,0,0.11,0.10,0.20,29.06,17,17,0,1.09,1.00,1.10,28.66,17,17,0,0.25,0.20,0.30,28.32,17,17,0
2017076,0.36,0.30,0.40,28.96,17,17,0,-0.04,-0.10,0.10,28.49,17,17,0,1667.44,1657.10,1697.10,24.13,17,0,0,0.50,0.50,0.50,28.22,17,17,0,0.10,0.10,0.10,29.06,17,17,0,1.09,1.00,1.10,28.67,17,17,0,0.26,0.20,0.30,28.31,17,17,0
2017576,0.37,0.30,0.40,28.96,17,17,0,0.01,-0.10,0.10,28.49,17,17,0,1716.57,1678.90,1734.10,24.12,17,0,0,0.52,0.50,0.60,28.23,17,17,0,0.09,0.00,0.10,29.07,17,17,0,1.09,1.00,1.10,28.65,17,17,0,0.24,0.20,0.30,28.32,17,17,0
2018081,0.36,0.30,0.40,28.97,17,17,0,-0.02,-0.10,0.00,28.50,17,17,0,1674.79,1662.70,1690.90,24.13,17,0,0,0.50,0.50,0.50,28.24,17,17,0,0.10,0.10,0.10,29.05,17,17,0,1.08,1.00,1.10,28.65,17,17,0,0.25,0.20,0.30,28.33,17,17,0
2018584,0.36,0.30,0.40,28.97,17,17,0,-0.01,-0.10,0.00,28.49,17,17,0,1705.78,1674.10,1727.60,24.11,17,0,0,0.50,0.50,0.50,28.24,17,17,0,0.10,0.10,0.10,29.05,17,17,0,1.10,1.10,1.10,28.66,17,17,0,0.25,0.20,0.30,28.32,17,17,0
2019084,0.36,0.30,0.40,28.95,17,17,0,0.00,-0.10,0.10,28.48,17,17,0,1683.25,1661.10,1720.40,24.13,17,0,0,0.51,0.50,0.60,28.23,17,17,0,0.10,0.10,0.10,29.06,17,17,0,1.08,1.00,1.10,28.67,17,17,0,0.24,0.20,0.30,28.31,17,17,0
2019587,0.36,0.30,0.40,28.95,17,17,0,0.01,-0.10,0.10,28.49,17,17,0,1683.56,1651.70,1723.90,24.11,17,0,0,0.51,0.50,0.60,28.23,17,17,0,0.10,0.00,0.20,29.04,17,17,0,1.10,1.10,1.10,28.65,17,17,0,0.25,0.20,0.30,28.32,17,17,0
2020087,0.38,0.30,0.40,28.97,17,17,0,-0.02,-0.10,0.10,28.48,17,17,0,1701.80,1652.40,1734.30,24.11,17,0,0,0.50,0.50,0.50,28.24,17,17,0,0.10,0.00,0.20,29.06,17,17,0,1.09,1.00,1.10,28.66,17,17,0,0.25,0.20,0.30,28.31,17,17,0
2020596,0.36,0.30,0.40,28.96,17,17,0,0.01,0.00,0.10,28.50,17,17,0,1684.16,1671.90,1707.70,24.12,17,0,0,0.51,0.50,0.60,28.23,17,17,0,0.11,0.10,0.20,29.05,17,17,0,1.09,1.00,1.10,28.66,17,17,0,0.25,0.20,0.30,28.31,17,17,0
2021101,0.38,0.30,0.40,28.96,17,17,0,-0.02,-0.10,0.00,28.49,17,17,0,1713.23,1692.00,1723.90,24.10,17,0,0,0.51,0.50,0.60,28.21,17,17,0,0.09,0.00,0.10,29.08,17,17,0,1.09,1.00,1.10,28.66,17,17,0,0.24,0.20,0.30,28.30,17,17,0
2021606,0.36,0.30,0.40,28.96,17,17,0,0.00,-0.10,0.10,28.48,17,17,0,1698.92,1671.20,1728.80,24.11,17,0,0,0.50,0.50,0.50,28.23,17,17,0,0.10,0.10,0.10,29.06,17,17,0,1.08,1.00,1.10,28.67,17,17,0,0.25,0.20,0.30,28.32,17,17,0
2022106,0.36,0.30,0.40,28.96,17,17,0,-0.04,-0.10,0.10,28.49,17,17,0,1711.66,1692.20,1728.90,24.11,17,0,0,0.51,0.50,0.60,28.24,17,17,0,0.10,0.10,0.10,29.06,17,17,0,1.10,1.10,1.10,28.64,17,17,0,0.25,0.20,0.30,28.33,17,17,0
2022606,0.34,0.30,0.40,28.96,16,16,0,-0.02,-0.10,0.10,28.50,16,16,0,1737.14,1704.50,1761.90,24.13,16,0,0,0.50,0.50,0.50,28.24,16,16,0,0.11,0.10,0.20,29.05,16,16,0,1.10,1.10,1.10,28.67,16,16,0,0.24,0.20,0.30,28.31,16,16,0
2023107,0.36,0.30,0.40,28.96,17,17,0,-0.01,-0.10,0.10,28.47,17,17,0,1750.35,1733.80,1769.10,24.11,17,0,0,0.50,0.50,0.50,28.23,17,17,0,0.10,0.10,0.10,29.04,17,17,0,1.10,1.10,1.10,28.65,17,17,0,0.24,0.20,0.30,28.31,17,17,0
2023608,0.36,0.30,0.40,28.98,17,17,0,0.01,-0.10,0.10,28.49,17,17,0,1770.66,1748.10,1785.90,24.11,17,0,0,0.50,0.50,0.50,28.24,17,17,0,0.10,0.10,0.10,29.05,17,17,0,1.09,1.00,1.10,28.66,17,17,0,0.25,0.20,0.30,28.33,17,17,0
2024110,0.38,0.30,0.40,28.95,17,17,0,0.00,-0.10,0.10,28.49,17,17,0,1759.84,1747.70,1772.60,24.11,17,0,0,0.50,0.40,0.60,28.22,17,17,0,0.10,0.10,0.10,29.04,17,17,0,1.08,1.00,1.10,28.66,17,17,0,0.25,0.20,0.30,28.31,17,17,0
2024610,0.37,0.30,0.40,28.96,17,17,0,0.00,0.00,0.00,28.50,17,17,0,1793.50,1777.40,1805.30,24.10,17,0,0,0.51,0.50,0.60,28.24,17,17,0,0.10,0.10,0.10,29.07,17,17,0,1.08,1.00,1.10,28.66,17,17,0,0.26,0.20,0.30,28.32,17,17,0
2025110,0.38,0.30,0.40,28.95,17,17,0,-0.02,-0.10,0.10,28.48,17,17,0,1769.44,1753.40,1789.00,24.12,17,0,0,0.51,0.50,0.60,28.24,17,17,0,0.09,0.00,0.10,29.06,17,17,0,1.06,1.00,1.10,28.66,17,17,0,0.22,0.20,0.30,28.30,17,17,0
2025619,0.37,0.30,0.40,28.97,17,17,0,0.01,-0.10,0.10,28.50,17,17,0,1796.51,1761.70,1823.20,24.09,17,0,0,0.51,0.50,0.60,28.23,17,17,0,0.09,0.00,0.10,29.05,17,17,0,1.09,1.00,1.10,28.67,17,17,0,0.25,0.20,0.30,28.30,17,17,0
2026124,0.36,0.30,0.40,28.96,17,17,0,-0.01,-0.10,0.10,28.49,17,17,0,1777.31,1752.70,1804.80,24.11,17,0,0,0.50,0.50,0.50,28.24,17,17,0,0.11,0.10,0.20,29.04,17,17,0,1.08,1.00,1.10,28.67,17,17,0,0.22,0.20,0.30,28.30,17,17,0
2026632,0.36,0.30,0.40,28.96,17,17,0,0.00,-0.10,0.10,28.49,17,17,0,1760.41,1724.80,1804.80,24.11,17,0,0,0.51,0.50,0.60,28.23,17,17,0,0.09,0.00,0.20,29.06,17,17,0,1.08,1.00,1.10,28.67,17,17,0,0.25,0.20,0.30,28.31,17,17,0
2027132,0.36,0.30,0.40,28.95,17,17,0,-0.01,-0.10,0.10,28.50,17,17,0,1764.55,1733.10,1781.30,24.12,17,0,0,0.51,0.50,0.60,28.23,17,17,0,0.10,0.10,0.10,29.06,17,17,0,1.08,1.00,1.10,28.66,17,17,0,0.24,0.20,0.30,28.30,17,17,0
2027635,0.36,0.30,0.40,28.95,17,17,0,-0.02,-0.10,0.10,28.50,17,17,0,1717.64,1700.90,1757.60,24.13,17,0,0,0.50,0.50,0.50,28.24,17,17,0,0.10,0.10,0.10,29.05,17,17,0,1.08,1.00,1.10,28.67,17,17,0,0.25,0.20,0.30,28.32,17,17,0
2028135,0.35,0.30,0.40,28.97,17,17,0,0.00,-0.10,0.10,28.49,17,17,0,1749.62,1725.70,1764.10,24.13,17,0,0,0.50,0.50,0.50,28.23,17,17,0,0.11,0.10,0.20,29.05,17,17,0,1.10,1.10,1.10,28.65,17,17,0,0.25,0.20,0.30,28.31,17,17,0
2028640,0.35,0.30,0.40,28.96,17,17,0,-0.03,-0.10,0.10,28.49,17,17,0,1707.53,1691.60,1728.20,24.13,17,0,0,0.51,0.50,0.60,28.23,17,17,0,0.10,0.10,0.10,29.05,17,17,0,1.09,1.00,1.10,28.67,17,17,0,0.24,0.20,0.30,28.32,17,17,0
2029142,0.36,0.30,0.40,28.95,17,17,0,0.01,-0.10,0.10,28.48,17,17,0,1726.55,1696.80,1751.70,24.13,17,0,0,0.51,0.50,0.60,28.24,17,17,0,0.10,0.10,0.10,29.05,17,17,0,1.09,1.00,1.10,28.66,17,17,0,0.24,0.20,0.30,28.31,17,17,0
2029642,0.36,0.30,0.40,28.94,17,17,0,-0.01,-0.10,0.10,28.49,17,17,0,1706.81,1689.30,1735.70,24.13,17,0,0,0.49,0.40,0.50,28.24,17,17,0,0.09,0.00,0.10,29.06,17,17,0,1.09,1.00,1.10,28.67,17,17,0,0.24,0.20,0.30,28.33,17,17,0
2030145,0.35,0.30,0.40,28.95,17,17,0,-0.01,-0.10,0.10,28.48,17,17,0,1689.41,1664.00,1730.80,24.12,17,0,0,0.50,0.50,0.50,28.22,17,17,0,0.11,0.10,0.20,29.05,17,17,0,1.10,1.10,1.10,28.66,17,17,0,0.25,0.20,0.30,28.32,17,17,0
2030645,0.35,0.30,0.40,28.94,17,17,0,-0.02,-0.10,0.10,28.49,17,17,0,1699.89,1667.60,1725.10,24.14,17,0,0,0.51,0.50,0.60,28.23,17,17,0,0.10,0.10,0.10,29.07,17,17,0,1.08,1.00,1.10,28.68,17,17,0,0.24,0.20,0.30,28.32,17,17,0
2031148,0.35,0.30,0.40,28.96,17,17,0,0.01,-0.10,0.10,28.49,17,17,0,1676.09,1654.00,1713.20,24.15,17,0,0,0.50,0.50,0.50,28.23,17,17,0,0.10,0.00,0.20,29.04,17,17,0,1.09,1.00,1.10,28.66,17,17,0,0.25,0.20,0.30,28.31,17,17,0
2031652,0.36,0.30,0.40,28.94,17,17,0,-0.01,-0.10,0.10,28.49,17,17,0,1705.01,1675.80,1725.60,24.14,17,0,0,0.51,0.50,0.60,28.23,17,17,0,0.10,0.10,0.10,29.05,17,17,0,1.08,1.00,1.10,28.67,17,17,0,0.23,0.20,0.30,28.29,17,17,0
2032155,0.35,0.30,0.40,28.96,17,17,0,-0.01,-0.10,0.10,28.49,17,17,0,1660.85,1648.80,1678.50,24.14,17,0,0,0.51,0.50,0.60,28.23,17,17,0,0.11,0.10,0.20,29.04,17,17,0,1.09,1.00,1.10,28.66,17,17,0,0.23,0.20,0.30,28.32,17,17,0
2032655,0.35,0.30,0.40,28.95,17,17,0,-0.02,-0.10,0.10,28.49,17,17,0,1694.63,1667.10,1715.40,24.13,17,0,0,0.50,0.40,0.60,28.24,17,17,0,0.10,0.00,0.20,29.05,17,17,0,1.09,1.00,1.10,28.67,17,17,0,0.24,0.20,0.30,28.31,17,17,0
2033155,0.36,0.30,0.40,28.95,17,17,0,-0.01,-0.10,0.10,28.50,17,17,0,1674.53,1651.90,1708.60,24.14,17,0,0,0.51,0.50,0.60,28.25,17,17,0,0.10,0.00,0.20,29.06,17,17,0,1.10,1.10,1.10,28.67,17,17,0,0.24,0.20,0.30,28.31,17,17,0
2033655,0.35,0.30,0.40,28.94,17,17,0,-0.01,-0.10,0.10,28.48,17,17,0,1687.44,1657.60,1727.30,24.15,17,0,0,0.50,0.50,0.50,28.24,17,17,0,0.10,0.10,0.10,29.05,17,17,0,1.09,1.00,1.10,28.66,17,17,0,0.26,0.20,0.30,28.30,17,17,0
2034159,0.38,0.30,0.40,28.94,17,17,0,0.01,-0.10,0.10,28.49,17,17,0,1694.12,1666.10,1719.60,24.15,17,0,0,0.50,0.50,0.50,28.24,17,17,0,0.11,0.10,0.20,29.05,17,17,0,1.08,1.00,1.10,28.66,17,17,0,0.23,0.20,0.30,28.32,17,17,0
2034664,0.36,0.30,0.40,28.96,16,16,0,-0.03,-0.10,0.00,28.49,16,16,0,1663.87,1645.50,1697.80,24.15,16,0,0,0.51,0.50,0.60,28.24,16,16,0,0.10,0.10,0.10,29.05,16,16,0,1.09,1.00,1.10,28.67,16,16,0,0.26,0.20,0.30,28.31,16,16,0
2035170,0.38,0.30,0.40,28.95,17,17,0,0.01,-0.10,0.10,28.48,17,17,0,1718.49,1669.20,1748.40,24.13,17,0,0,0.50,0.50,0.50,28.23,17,17,0,0.11,0.10,0.20,29.05,17,17,0,1.09,1.00,1.10,28.67,17,17,0,0.23,0.20,0.30,28.32,17,17,0
2035678,0.36,0.30,0.40,28.95,17,17,0,-0.01,-0.10,0.10,28.49,17,17,0,1679.90,1666.00,1699.90,24.12,17,0,0,0.51,0.50,0.60,28.23,17,17,0,0.10,0.10,0.10,29.07,17,17,0,1.09,1.00,1.10,28.69,17,17,0,0.26,0.20,0.30,28.31,17,17,0
2036188,0.37,0.30,0.40,28.95,17,17,0,0.00,-0.10,0.10,28.49,17,17,0,1709.71,1674.50,1732.90,24.14,17,0,0,0.50,0.50,0.50,28.23,17,17,0,0.11,0.10,0.20,29.05,17,17,0,1.08,1.00,1.10,28.66,17,17,0,0.26,0.20,0.30,28.31,17,17,0
2036689,0.36,0.30,0.40,28.95,17,17,0,-0.01,-0.10,0.10,28.47,17,17,0,1674.01,1650.00,1708.80,24.15,17,0,0,0.51,0.50,0.60,28.24,17,17,0,0.11,0.10,0.20,29.07,17,17,0,1.09,1.00,1.10,28.68,17,17,0,0.25,0.20,0.30,28.31,17,17,0
2037198,0.38,0.30,0.40,28.95,17,17,0,-0.01,-0.10,0.10,28.50,17,17,0,1688.95,1661.70,1727.50,24.14,17,0,0,0.51,0.50,0.60,28.23,17,17,0,0.10,0.10,0.10,29.05,17,17,0,1.08,1.00,1.10,28.68,17,17,0,0.24,0.20,0.30,28.31,17,17,0
2037698,0.39,0.30,0.40,28.95,17,17,0,-0.01,-0.10,0.00,28.49,17,17,0,1699.34,1667.30,1725.60,24.13,17,0,0,0.50,0.50,0.50,28.23,17,17,0,0.09,0.00,0.10,29.06,17,17,0,1.09,1.00,1.10,28.68,17,17,0,0.24,0.20,0.30,28.30,17,17,0
2038199,0.36,0.30,0.40,28.94,17,17,0,-0.01,-0.10,0.10,28.49,17,17,0,1675.71,1659.40,1708.50,24.14,17,0,0,0.50,0.50,0.50,28.23,17,17,0,0.10,0.10,0.10,29.05,17,17,0,1.08,1.00,1.10,28.67,17,17,0,0.26,0.20,0.30,28.32,17,17,0
2038699,0.38,0.30,0.40,28.94,17,17,0,-0.04,-0.10,0.10,28.50,17,17,0,1709.61,1681.70,1723.70,24.13,17,0,0,0.50,0.50,0.50,28.24,17,17,0,0.10,0.10,0.10,29.05,17,17,0,1.09,1.00,1.10,28.68,17,17,0,0.24,0.20,0.30,28.30,17,17,0
2039201,0.36,0.30,0.40,28.95,17,17,0,-0.01,-0.10,0.10,28.49,17,17,0,1692.78,1678.30,1715.50,24.13,17,0,0,0.51,0.50,0.60,28.24,17,17,0,0.10,0.10,0.10,29.05,17,17,0,1.08,1.00,1.10,28.68,17,17,0,0.26,0.20,0.30,28.33,17,17,0
2039701,0.36,0.30,0.40,28.97,17,17,0,-0.01,-0.10,0.10,28.48,17,17,0,1728.88,1711.10,1746.40,24.14,17,0,0,0.50,0.50,0.50,28.24,17,17,0,0.10,0.10,0.10,29.06,17,17,0,1.08,1.00,1.10,28.67,17,17,0,0.24,0.20,0.30,28.30,17,17,0
2040205,0.36,0.30,0.40,28.95,17,17,0,-0.01,-0.10,0.00,28.49,17,17,0,1737.54,1711.90,1756.90,24.15,17,0,0,0.51,0.50,0.60,28.25,17,17,0,0.10,0.10,0.10,29.06,17,17,0,1.09,1.00,1.10,28.67,17,17,0,0.24,0.20,0.30,28.29,17,17,0
2040705,0.37,0.30,0.40,28.95,17,17,0,0.00,-0.10,0.10,28.49,17,17,0,1746.21,1730.50,1763.90,24.13,17,0,0,0.51,0.50,0.60,28.23,17,17,0,0.10,0.10,0.10,29.04,17,17,0,1.09,1.00,1.10,28.67,17,17,0,0.25,0.20,0.30,28.32,17,17,0
2041205,0.38,0.30,0.40,28.96,17,17,0,-0.00,-0.10,0.10,28.50,17,17,0,1774.74,1741.80,1798.60,24.14,17,0,0,0.50,0.50,0.50,28.25,17,17,0,0.10,0.10,0.10,29.04,17,17,0,1.09,1.00,1.10,28.69,17,17,0,0.24,0.20,0.30,28.30,17,17,0
2041707,0.36,0.30,0.40,28.95,17,17,0,-0.01,-0.10,0.00,28.49,17,17,0,1761.09,1743.50,1788.10,24.12,17,0,0,0.50,0.50,0.50,28.24,17,17,0,0.10,0.10,0.10,29.05,17,17,0,1.07,1.00,1.10,28.69,17,17,0,0.25,0.20,0.30,28.33,17,17,0
2042210,0.38,0.30,0.40,28.94,17,17,0,0.00,-0.10,0.10,28.48,17,17,0,1795.49,1768.60,1814.60,24.13,17,0,0,0.50,0.50,0.50,28.23,17,17,0,0.10,0.10,0.10,29.06,17,17,0,1.10,1.10,1.10,28.67,17,17,0,0.23,0.20,0.30,28.32,17,17,0
2042718,0.36,0.30,0.40,28.97,17,17,0,-0.02,-0.10,0.10,28.49,17,17,0,1757.00,1741.60,1777.90,24.12,17,0,0,0.51,0.50,0.60,28.24,17,17,0,0.09,0.00,0.10,29.06,17,17,0,1.09,1.00,1.10,28.67,17,17,0,0.25,0.20,0.30,28.31,17,17,0
2043223,0.36,0.30,0.40,28.97,17,17,0,0.01,-0.10,0.10,28.50,17,17,0,1799.12,1765.00,1826.50,24.13,17,0,0,0.50,0.50,0.50,28.26,17,17,0,0.10,0.10,0.10,29.05,17,17,0,1.08,1.00,1.10,28.67,17,17,0,0.24,0.20,0.30,28.33,17,17,0
2043730,0.38,0.30,0.40,28.95,17,17,0,-0.01,-0.10,0.10,28.50,17,17,0,1766.74,1744.10,1803.80,24.13,17,0,0,0.51,0.50,0.60,28.24,17,17,0,0.10,0.10,0.10,29.03,17,17,0,1.08,1.00,1.10,28.65,17,17,0,0.24,0.20,0.30,28.32,17,17,0
2044237,0.35,0.30,0.40,28.96,17,17,0,-0.03,-0.10,0.00,28.49,17,17,0,1756.86,1716.10,1802.80,24.11,17,0,0,0.51,0.50,0.60,28.23,17,17,0,0.11,0.10,0.20,29.05,17,17,0,1.08,1.00,1.10,28.66,17,17,0,0.24,0.20,0.30,28.31,17,17,0
2044737,0.34,0.30,0.40,28.95,17,17,0,-0.01,-0.10,0.10,28.49,17,17,0,1760.13,1722.00,1793.40,24.12,17,0,0,0.51,0.50,0.60,28.25,17,17,0,0.09,0.00,0.10,29.04,17,17,0,1.09,1.00,1.10,28.69,17,17,0,0.23,0.20,0.30,28.32,17,17,0
2045238,0.35,0.30,0.40,28.95,17,17,0,-0.02,-0.10,0.00,28.50,17,17,0,1733.81,1713.20,1782.40,24.13,17,0,0,0.50,0.50,0.50,28.23,17,17,0,0.10,0.00,0.20,29.05,17,17,0,1.09,1.00,1.10,28.66,17,17,0,0.25,0.20,0.30,28.29,17,17,0
2045738,0.38,0.30,0.40,28.96,17,17,0,-0.01,-0.10,0.10,28.48,17,17,0,1749.41,1724.20,1765.20,24.11,17,0,0,0.50,0.50,0.50,28.23,17,17,0,0.11,0.10,0.20,29.06,17,17,0,1.09,1.00,1.10,28.65,17,17,0,0.24,0.20,0.30,28.31,17,17,0
2046238,0.37,0.30,0.40,28.96,17,17,0,-0.01,-0.10,0.00,28.48,17,17,0,1708.41,1695.40,1728.00,24.13,17,0,0,0.50,0.50,0.50,28.23,17,17,0,0.10,0.10,0.10,29.06,17,17,0,1.08,1.00,1.10,28.68,17,17,0,0.22,0.20,0.30,28.30,17,17,0
2046738,0.35,0.30,0.40,28.95,17,17,0,0.00,-0.10,0.10,28.49,17,17,0,1734.98,1711.50,1753.10,24.12,17,0,0,0.50,0.50,0.50,28.24,17,17,0,0.10,0.10,0.10,29.05,17,17,0,1.08,1.00,1.10,28.67,17,17,0,0.24,0.20,0.30,28.30,17,17,0
2047240,0.37,0.30,0.40,28.96,17,17,0,-0.02,-0.10,0.00,28.48,17,17,0,1704.14,1694.30,1721.90,24.12,17,0,0,0.51,0.50,0.60,28.24,17,17,0,0.11,0.10,0.20,29.04,17,17,0,1.09,1.00,1.10,28.67,17,17,0,0.24,0.20,0.30,28.33,17,17,0
2047740,0.34,0.30,0.40,28.96,17,17,0,-0.01,-0.10,0.10,28.50,17,17,0,1704.64,1679.60,1733.70,24.13,17,0,0,0.50,0.50,0.50,28.24,17,17,0,0.11,0.10,0.20,29.04,17,17,0,1.09,1.00,1.10,28.66,17,17,0,0.24,0.20,0.30,28.32,17,17,0
2048244,0.35,0.30,0.40,28.96,17,17,0,-0.02,-0.10,0.10,28.50,17,17,0,1700.49,1676.30,1725.50,24.13,17,0,0,0.51,0.50,0.60,28.23,17,17,0,0.11,0.10,0.20,29.05,17,17,0,1.08,1.00,1.10,28.66,17,17,0,0.25,0.20,0.30,28.31,17,17,0
2048752,0.36,0.30,0.40,28.95,17,17,0,-0.02,-0.10,0.10,28.49,17,17,0,1682.24,1667.40,1714.20,24.14,17,0,0,0.50,0.50,0.50,28.23,17,17,0,0.09,0.00,0.10,29.04,17,17,0,1.09,1.00,1.10,28.68,17,17,0,0.25,0.20,0.30,28.32,17,17,0
2049252,0.35,0.30,0.40,28.96,17,17,0,-0.02,-0.10,0.10,28.48,17,17,0,1703.28,1673.00,1721.20,24.12,17,0,0,0.51,0.50,0.60,28.25,17,17,0,0.11,0.10,0.20,29.05,17,17,0,1.09,1.00,1.10,28.67,17,17,0,0.22,0.20,0.30,28.29,17,17,0
2049752,0.35,0.30,0.40,28.95,17,17,0,-0.01,-0.10,0.10,28.49,17,17,0,1670.57,1658.00,1693.90,24.12,17,0,0,0.51,0.50,0.60,28.23,17,17,0,0.10,0.10,0.10,29.07,17,17,0,1.08,1.00,1.10,28.67,17,17,0,0.24,0.20,0.30,28.31,17,17,0
2050252,0.36,0.30,0.40,28.96,17,17,0,-0.01,-0.10,0.10,28.49,17,17,0,1699.51,1677.10,1717.10,24.13,17,0,0,0.51,0.50,0.60,28.25,17,17,0,0.09,0.00,0.10,29.04,17,17,0,1.10,1.10,1.10,28.68,17,17,0,0.25,0.20,0.30,28.29,17,17,0
2050752,0.37,0.30,0.40,28.95,17,17,0,-0.02,-0.10,0.10,28.49,17,17,0,1664.96,1649.60,1695.70,24.13,17,0,0,0.51,0.50,0.60,28.23,17,17,0,0.10,0.10,0.10,29.04,17,17,0,1.10,1.10,1.10,28.68,17,17,0,0.25,0.20,0.30,28.31,17,17,0
2051252,0.34,0.30,0.40,28.96,17,17,0,-0.01,-0.10,0.00,28.49,17,17,0,1692.28,1660.50,1717.80,24.13,17,0,0,0.51,0.50,0.60,28.25,17,17,0,0.12,0.10,0.20,29.04,17,17,0,1.09,1.00,1.10,28.67,17,17,0,0.24,0.20,0.30,28.31,17,17,0
2051752,0.33,0.30,0.40,28.95,17,17,0,-0.01,-0.10,0.10,28.49,17,17,0,1683.29,1650.40,1715.50,24.13,17,0,0,0.51,0.50,0.60,28.24,17,17,0,0.10,0.10,0.10,29.04,17,17,0,1.09,1.00,1.10,28.66,17,17,0,0.24,0.20,0.30,28.31,17,17,0
2052253,0.36,0.30,0.40,28.95,17,17,0,-0.01,-0.10,0.10,28.51,17,17,0,1675.15,1648.40,1715.40,24.15,17,0,0,0.50,0.50,0.50,28.25,17,17,0,0.10,0.10,0.10,29.04,17,17,0,1.09,1.00,1.10,28.67,17,17,0,0.22,0.20,0.30,28.32,17,17,0
2052753,0.35,0.30,0.40,28.95,17,17,0,-0.01,-0.10,0.10,28.47,17,17,0,1711.32,1665.70,1738.40,24.13,17,0,0,0.50,0.50,0.50,28.23,17,17,0,0.11,0.10,0.20,29.05,17,17,0,1.09,1.00,1.10,28.68,17,17,0,0.21,0.10,0.30,28.31,17,17,0
2053264,0.38,0.30,0.40,28.96,17,17,0,-0.01,-0.10,0.10,28.49,17,17,0,1667.59,1652.20,1691.70,24.13,17,0,0,0.51,0.50,0.60,28.22,17,17,0,0.09,0.00,0.10,29.05,17,17,0,1.09,1.00,1.10,28.67,17,17,0,0.22,0.20,0.30,28.31,17,17,0
2053764,0.37,0.30,0.40,28.96,17,17,0,-0.02,-0.10,0.10,28.50,17,17,0,1703.42,1672.00,1726.60,24.13,17,0,0,0.51,0.50,0.60,28.23,17,17,0,0.10,0.00,0.20,29.04,17,17,0,1.09,1.00,1.10,28.68,17,17,0,0.23,0.20,0.30,28.32,17,17,0
2054265,0.37,0.30,0.40,28.95,17,17,0,0.00,-0.10,0.10,28.48,17,17,0,1670.14,1647.00,1707.30,24.15,17,0,0,0.50,0.50,0.50,28.23,17,17,0,0.10,0.00,0.20,29.06,17,17,0,1.09,1.00,1.10,28.67,17,17,0,0.26,0.20,0.30,28.32,17,17,0
2054770,0.37,0.30,0.40,28.96,17,17,0,-0.01,-0.10,0.10,28.49,17,17,0,1694.75,1659.40,1731.70,24.13,17,0,0,0.50,0.50,0.50,28.24,17,17,0,0.11,0.10,0.20,29.06,17,17,0,1.09,1.00,1.10,28.66,17,17,0,0.22,0.20,0.30,28.30,17,17,0
2055276,0.37,0.30,0.40,28.96,17,17,0,-0.03,-0.10,0.00,28.49,17,17,0,1694.24,1664.40,1720.10,24.15,17,0,0,0.50,0.50,0.50,28.25,17,17,0,0.11,0.10,0.20,29.05,17,17,0,1.09,1.00,1.10,28.67,17,17,0,0.24,0.20,0.30,28.31,17,17,0
2055776,0.36,0.30,0.40,28.95,17,17,0,0.01,-0.10,0.10,28.48,17,17,0,1675.65,1665.10,1708.40,24.13,17,0,0,0.50,0.50,0.50,28.23,17,17,0,0.11,0.10,0.20,29.05,17,17,0,1.09,1.00,1.10,28.67,17,17,0,0.23,0.20,0.30,28.31,17,17,0
2056279,0.38,0.30,0.40,28.96,17,17,0,0.02,0.00,0.10,28.49,17,17,0,1709.06,1681.60,1725.00,24.14,17,0,0,0.50,0.50,0.50,28.24,17,17,0,0.09,0.00,0.10,29.05,17,17,0,1.08,1.00,1.10,28.66,17,17,0,0.25,0.20,0.30,28.31,17,17,0
2056779,0.38,0.30,0.40,28.97,17,17,0,-0.01,-0.10,0.10,28.49,17,17,0,1688.15,1675.50,1711.50,24.13,17,0,0,0.51,0.50,0.60,28.24,17,17,0,0.10,0.10,0.10,29.06,17,17,0,1.08,1.00,1.10,28.67,17,17,0,0.22,0.20,0.30,28.31,17,17,0
2057279,0.35,0.30,0.40,28.95,17,17,0,-0.03,-0.10,0.10,28.49,17,17,0,1730.71,1714.60,1742.20,24.14,17,0,0,0.51,0.50,0.60,28.24,17,17,0,0.11,0.10,0.20,29.04,17,17,0,1.09,1.00,1.10,28.67,17,17,0,0.25,0.20,0.30,28.33,17,17,0
2057779,0.35,0.30,0.40,28.95,17,17,0,0.00,-0.10,0.10,28.49,17,17,0,1730.39,1716.70,1744.40,24.14,17,0,0,0.51,0.50,0.60,28.23,17,17,0,0.09,0.00,0.10,29.06,17,17,0,1.08,1.00,1.10,28.66,17,17,0,0.22,0.20,0.30,28.32,17,17,0
2058279,0.37,0.30,0.40,28.98,17,17,0,-0.01,-0.10,0.10,28.49,17,17,0,1749.47,1729.90,1763.80,24.14,17,0,0,0.51,0.50,0.60,28.24,17,17,0,0.10,0.10,0.10,29.04,17,17,0,1.08,1.00,1.10,28.66,17,17,0,0.26,0.20,0.30,28.33,17,17,0
2058784,0.36,0.30,0.40,28.96,17,17,0,0.00,-0.10,0.10,28.48,17,17,0,1759.66,1734.10,1782.40,24.10,17,0,0,0.50,0.50,0.50,28.23,17,17,0,0.10,0.00,0.20,29.05,17,17,0,1.09,1.00,1.10,28.67,17,17,0,0.24,0.20,0.30,28.31,17,17,0
2059292,0.34,0.30,0.40,28.96,17,17,0,0.00,-0.10,0.10,28.51,17,17,0,1759.93,1746.40,1779.90,24.14,17,0,0,0.51,0.50,0.60,28.24,17,17,0,0.11,0.10,0.20,29.04,17,17,0,1.08,1.00,1.10,28.67,17,17,0,0.23,0.20,0.30,28.30,17,17,0
2059792,0.35,0.30,0.40,28.97,17,17,0,-0.03,-0.10,0.00,28.48,17,17,0,1790.99,1762.10,1816.90,24.11,17,0,0,0.52,0.50,0.60,28.22,17,17,0,0.10,0.10,0.10,29.06,17,17,0,1.09,1.00,1.10,28.68,17,17,0,0.27,0.20,0.30,28.31,17,17,0
2060292,0.37,0.30,0.40,28.95,16,16,0,-0.01,-0.10,0.10,28.50,16,16,0,1764.38,1752.80,1784.60,24.13,16,0,0,0.50,0.50,0.50,28.23,16,16,0,0.11,0.10,0.20,29.07,16,16,0,1.09,1.00,1.10,28.68,16,16,0,0.24,0.20,0.30,28.31,16,16,0
2060792,0.34,0.30,0.40,28.97,17,17,0,-0.02,-0.10,0.10,28.49,17,17,0,1794.02,1763.00,1815.70,24.13,17,0,0,0.50,0.50,0.50,28.25,17,17,0,0.11,0.10,0.20,29.05,17,17,0,1.10,1.10,1.10,28.66,17,17,0,0.25,0.20,0.30,28.31,17,17,0
2061300,0.36,0.30,0.40,28.96,17,17,0,-0.02,-0.10,0.00,28.50,17,17,0,1757.99,1738.50,1793.40,24.14,17,0,0,0.50,0.50,0.50,28.24,17,17,0,0.11,0.10,0.20,29.05,17,17,0,1.09,1.00,1.10,28.67,17,17,0,0.27,0.20,0.30,28.31,17,17,0
2061800,0.38,0.30,0.40,28.95,17,17,0,-0.03,-0.10,0.10,28.50,17,17,0,1771.53,1724.70,1810.30,24.12,17,0,0,0.50,0.50,0.50,28.23,17,17,0,0.10,0.10,0.10,29.06,17,17,0,1.09,1.00,1.10,28.67,17,17,0,0.23,0.20,0.30,28.31,17,17,0
2062302,0.35,0.30,0.40,28.97,17,17,0,-0.02,-0.10,0.10,28.49,17,17,0,1748.72,1718.80,1785.70,24.13,17,0,0,0.51,0.50,0.60,28.26,17,17,0,0.10,0.00,0.20,29.06,17,17,0,1.10,1.10,1.10,28.68,17,17,0,0.24,0.20,0.30,28.32,17,17,0
2062802,0.36,0.30,0.40,28.95,17,17,0,0.00,-0.10,0.10,28.48,17,17,0,1742.49,1705.90,1789.10,24.13,17,0,0,0.50,0.50,0.50,28.23,17,17,0,0.09,0.00,0.10,29.04,17,17,0,1.09,1.00,1.10,28.69,17,17,0,0.26,0.20,0.30,28.29,17,17,0
2063307,0.36,0.30,0.40,28.96,17,17,0,-0.03,-0.10,0.00,28.50,17,17,0,1748.35,1713.10,1770.90,24.15,17,0,0,0.51,0.50,0.60,28.24,17,17,0,0.10,0.10,0.10,29.06,17,17,0,1.09,1.00,1.10,28.67,17,17,0,0.24,0.20,0.30,28.32,17,17,0
2063818,0.36,0.30,0.40,28.96,17,17,0,0.01,-0.10,0.10,28.48,17,17,0,1704.35,1690.60,1736.00,24.13,17,0,0,0.51,0.50,0.60,28.23,17,17,0,0.11,0.10,0.20,29.04,17,17,0,1.09,1.00,1.10,28.67,17,17,0,0.25,0.20,0.30,28.31,17,17,0
2064328,0.36,0.30,0.40,28.96,17,17,0,-0.02,-0.10,0.00,28.49,17,17,0,1732.08,1711.80,1750.40,24.15,17,0,0,0.50,0.50,0.50,28.24,17,17,0,0.11,0.10,0.20,29.06,17,17,0,1.08,1.00,1.10,28.68,17,17,0,0.24,0.20,0.30,28.31,17,17,0
2064836,0.35,0.30,0.40,28.95,17,17,0,-0.02,-0.10,0.10,28.49,17,17,0,1701.89,1689.30,1719.90,24.13,17,0,0,0.51,0.50,0.60,28.23,17,17,0,0.11,0.10,0.20,29.05,17,17,0,1.09,1.00,1.10,28.66,17,17,0,0.22,0.20,0.30,28.32,17,17,0
2065336,0.37,0.30,0.40,28.96,17,17,0,0.01,-0.10,0.10,28.49,17,17,0,1702.46,1666.40,1736.10,24.13,17,0,0,0.50,0.50,0.50,28.24,17,17,0,0.10,0.00,0.20,29.07,17,17,0,1.09,1.00,1.10,28.68,17,17,0,0.25,0.20,0.30,28.32,17,17,0
2065838,0.34,0.30,0.40,28.96,17,17,0,0.00,-0.10,0.10,28.48,17,17,0,1687.98,1666.50,1713.90,24.15,17,0,0,0.51,0.50,0.60,28.22,17,17,0,0.10,0.10,0.10,29.07,17,17,0,1.09,1.00,1.10,28.66,17,17,0,0.24,0.20,0.30,28.32,17,17,0
2066342,0.36,0.30,0.40,28.97,17,17,0,-0.04,-0.10,0.10,28.51,17,17,0,1681.29,1654.30,1713.80,24.13,17,0,0,0.51,0.50,0.60,28.25,17,17,0,0.09,0.00,0.10,29.06,17,17,0,1.08,1.00,1.10,28.67,17,17,0,0.23,0.20,0.30,28.31,17,17,0
2066847,0.37,0.30,0.40,28.96,17,17,0,-0.01,-0.10,0.10,28.47,17,17,0,1701.82,1668.50,1722.00,24.12,17,0,0,0.50,0.50,0.50,28.23,17,17,0,0.11,0.10,0.20,29.05,17,17,0,1.08,1.00,1.10,28.67,17,17,0,0.23,0.20,0.30,28.30,17,17,0
2067347,0.36,0.30,0.40,28.97,17,17,0,-0.04,-0.10,0.10,28.49,17,17,0,1679.36,1664.70,1704.40,24.13,17,0,0,0.51,0.50,0.60,28.24,17,17,0,0.11,0.10,0.20,29.06,17,17,0,1.09,1.00,1.10,28.67,17,17,0,0.24,0.20,0.30,28.32,17,17,0
2067847,0.36,0.30,0.40,28.97,17,17,0,0.01,-0.10,0.10,28.47,17,17,0,1701.25,1680.60,1718.90,24.14,17,0,0,0.51,0.50,0.60,28.26,17,17,0,0.10,0.10,0.10,29.06,17,17,0,1.09,1.00,1.10,28.68,17,17,0,0.24,0.20,0.30,28.33,17,17,0
2068354,0.35,0.30,0.40,28.96,17,17,0,0.00,-0.10,0.10,28.49,17,17,0,1661.50,1641.50,1689.00,24.12,17,0,0,0.49,0.40,0.50,28.25,17,17,0,0.09,0.00,0.10,29.05,17,17,0,1.09,1.00,1.10,28.68,17,17,0,0.21,0.20,0.30,28.32,17,17,0
2068854,0.36,0.30,0.40,28.95,17,17,0,-0.03,-0.10,0.00,28.49,17,17,0,1695.95,1659.70,1720.80,24.13,17,0,0,0.50,0.50,0.50,28.23,17,17,0,0.11,0.10,0.20,29.06,17,17,0,1.09,1.00,1.10,28.66,17,17,0,0.22,0.20,0.30,28.32,17,17,0
2069357,0.36,0.30,0.40,28.97,17,17,0,-0.02,-0.10,0.10,28.49,17,17,0,1688.85,1652.70,1718.90,24.15,17,0,0,0.50,0.50,0.50,28.24,17,17,0,0.09,0.00,0.10,29.04,17,17,0,1.07,1.00,1.10,28.68,17,17,0,0.23,0.20,0.30,28.31,17,17,0
2069857,0.34,0.30,0.40,28.96,17,17,0,0.00,-0.10,0.10,28.49,17,17,0,1673.87,1637.10,1715.90,24.14,17,0,0,0.50,0.50,0.50,28.24,17,17,0,0.10,0.00,0.20,29.06,17,17,0,1.09,1.00,1.10,28.66,17,17,0,0.24,0.20,0.30,28.31,17,17,0
2070366,0.37,0.30,0.40,28.97,17,17,0,-0.03,-0.10,0.00,28.50,17,17,0,1693.18,1641.80,1725.40,24.14,17,0,0,0.50,0.50,0.50,28.24,17,17,0,0.10,0.10,0.10,29.07,17,17,0,1.09,1.00,1.10,28.68,17,17,0,0.24,0.20,0.30,28.32,17,17,0
2070877,0.35,0.30,0.40,28.96,17,17,0,-0.02,-0.10,0.00,28.48,17,17,0,1667.39,1651.30,1703.40,24.13,17,0,0,0.50,0.50,0.50,28.24,17,17,0,0.09,0.00,0.10,29.04,17,17,0,1.09,1.00,1.10,28.67,17,17,0,0.23,0.20,0.30,28.31,17,17,0
2071377,0.35,0.30,0.40,28.97,17,17,0,-0.02,-0.10,0.10,28.49,17,17,0,1712.92,1684.50,1737.90,24.14,17,0,0,0.50,0.50,0.50,28.25,17,17,0,0.10,0.10,0.10,29.06,17,17,0,1.09,1.00,1.10,28.66,17,17,0,0.22,0.20,0.30,28.31,17,17,0
2071889,0.37,0.30,0.40,28.97,17,17,0,-0.01,-0.10,0.00,28.49,17,17,0,1676.41,1658.90,1707.00,24.13,17,0,0,0.51,0.50,0.60,28.23,17,17,0,0.10,0.10,0.10,29.06,17,17,0,1.07,1.00,1.10,28.66,17,17,0,0.22,0.20,0.30,28.31,17,17,0
2072389,0.35,0.30,0.40,28.98,17,17,0,-0.01,-0.10,0.00,28.49,17,17,0,1693.94,1655.60,1730.30,24.14,17,0,0,0.51,0.50,0.60,28.24,17,17,0,0.09,0.00,0.10,29.07,17,17,0,1.09,1.00,1.10,28.67,17,17,0,0.22,0.20,0.30,28.31,17,17,0
2072891,0.35,0.30,0.40,28.98,17,17,0,-0.03,-0.10,0.10,28.49,17,17,0,1688.64,1659.20,1726.60,24.12,17,0,0,0.50,0.50,0.50,28.24,17,17,0,0.10,0.10,0.10,29.06,17,17,0,1.10,1.10,1.10,28.67,17,17,0,0.23,0.20,0.30,28.32,17,17,0
2073391,0.36,0.30,0.40,28.97,17,17,0,-0.02,-0.10,0.10,28.50,17,17,0,1682.62,1659.00,1721.40,24.13,17,0,0,0.50,0.50,0.50,28.24,17,17,0,0.11,0.10,0.20,29.06,17,17,0,1.08,1.00,1.10,28.67,17,17,0,0.25,0.20,0.30,28.30,17,17,0
2073891,0.37,0.30,0.40,28.97,17,17,0,-0.01,-0.10,0.10,28.50,17,17,0,1705.31,1667.40,1725.40,24.14,17,0,0,0.50,0.50,0.50,28.24,17,17,0,0.10,0.10,0.10,29.05,17,17,0,1.08,1.00,1.10,28.68,17,17,0,0.25,0.20,0.30,28.30,17,17,0
2074392,0.35,0.30,0.40,28.96,17,17,0,-0.02,-0.10,0.10,28.49,17,17,0,1680.04,1660.80,1704.50,24.13,17,0,0,0.51,0.50,0.60,28.24,17,17,0,0.10,0.10,0.10,29.05,17,17,0,1.09,1.00,1.10,28.67,17,17,0,0.22,0.20,0.30,28.31,17,17,0
2074892,0.38,0.30,0.40,28.97,17,17,0,-0.04,-0.10,0.10,28.49,17,17,0,1730.58,1704.50,1751.80,24.14,17,0,0,0.51,0.50,0.60,28.25,17,17,0,0.11,0.10,0.20,29.06,17,17,0,1.08,1.00,1.10,28.67,17,17,0,0.24,0.20,0.30,28.32,17,17,0
2075394,0.36,0.30,0.40,28.97,17,17,0,0.00,-0.10,0.10,28.49,17,17,0,1718.46,1698.70,1740.50,24.13,17,0,0,0.51,0.50,0.60,28.24,17,17,0,0.11,0.10,0.20,29.06,17,17,0,1.08,1.00,1.10,28.69,17,17,0,0.24,0.20,0.30,28.33,17,17,0
2075894,0.36,0.30,0.40,28.97,17,17,0,-0.02,-0.10,0.10,28.50,17,17,0,1744.74,1723.20,1765.80,24.12,17,0,0,0.50,0.50,0.50,28.23,17,17,0,0.10,0.10,0.10,29.05,17,17,0,1.09,1.00,1.10,28.67,17,17,0,0.24,0.20,0.30,28.31,17,17,0
2076403,0.35,0.30,0.40,28.95,17,17,0,-0.01,-0.10,0.10,28.49,17,17,0,1753.37,1721.60,1788.40,24.13,17,0,0,0.51,0.50,0.60,28.22,17,17,0,0.09,0.00,0.10,29.06,17,17,0,1.09,1.00,1.10,28.66,17,17,0,0.25,0.20,0.30,28.31,17,17,0
2076903,0.34,0.30,0.40,28.98,17,17,0,0.01,-0.10,0.10,28.49,17,17,0,1770.91,1753.80,1790.00,24.13,17,0,0,0.50,0.50,0.50,28.23,17,17,0,0.10,0.10,0.10,29.05,17,17,0,1.09,1.00,1.10,28.68,17,17,0,0.23,0.20,0.30,28.32,17,17,0
2077414,0.36,0.30,0.40,28.98,17,17,0,-0.02,-0.10,0.00,28.50,17,17,0,1784.94,1760.90,1809.60,24.12,17,0,0,0.50,0.50,0.50,28.23,17,17,0,0.10,0.10,0.10,29.06,17,17,0,1.08,1.00,1.10,28.68,17,17,0,0.24,0.20,0.30,28.32,17,17,0
2077922,0.39,0.30,0.40,28.97,17,17,0,-0.01,-0.10,0.10,28.49,17,17,0,1768.91,1751.40,1787.60,24.12,17,0,0,0.51,0.50,0.60,28.24,17,17,0,0.10,0.10,0.10,29.07,17,17,0,1.08,1.00,1.10,28.68,17,17,0,0.24,0.20,0.30,28.31,17,17,0
2078422,0.37,0.30,0.40,28.97,17,17,0,0.00,-0.10,0.10,28.49,17,17,0,1801.88,1775.50,1823.80,24.12,17,0,0,0.50,0.50,0.50,28.25,17,17,0,0.11,0.10,0.20,29.07,17,17,0,1.09,1.00,1.10,28.67,17,17,0,0.26,0.20,0.30,28.30,17,17,0
2078930,0.36,0.30,0.40,28.97,17,17,0,-0.02,-0.10,0.10,28.48,17,17,0,1762.51,1750.30,1774.90,24.11,17,0,0,0.49,0.40,0.50,28.24,17,17,0,0.09,0.00,0.10,29.06,17,17,0,1.06,1.00,1.10,28.66,17,17,0,0.25,0.20,0.30,28.32,17,17,0
2079430,0.36,0.30,0.40,29.00,17,17,0,0.01,-0.10,0.10,28.48,17,17,0,1780.06,1742.30,1799.40,24.12,17,0,0,0.50,0.50,0.50,28.24,17,17,0,0.11,0.10,0.20,29.05,17,17,0,1.10,1.10,1.10,28.68,17,17,0,0.27,0.20,0.30,28.32,17,17,0
2079932,0.36,0.30,0.40,28.98,17,17,0,-0.02,-0.10,0.10,28.50,17,17,0,1754.04,1733.80,1777.90,24.12,17,0,0,0.50,0.50,0.50,28.23,17,17,0,0.09,0.00,0.20,29.06,17,17,0,1.09,1.00,1.10,28.67,17,17,0,0.26,0.20,0.30,28.31,17,17,0
2080436,0.35,0.30,0.40,28.97,17,17,0,0.00,-0.10,0.10,28.49,17,17,0,1738.00,1705.90,1780.50,24.13,17,0,0,0.51,0.50,0.60,28.25,17,17,0,0.10,0.10,0.10,29.07,17,17,0,1.08,1.00,1.10,28.67,17,17,0,0.23,0.20,0.30,28.30,17,17,0
2080944,0.35,0.30,0.40,28.97,17,17,0,-0.02,-0.10,0.10,28.49,17,17,0,1739.16,1710.70,1766.40,24.13,17,0,0,0.51,0.50,0.60,28.24,17,17,0,0.10,0.10,0.10,29.06,17,17,0,1.09,1.00,1.10,28.67,17,17,0,0.25,0.20,0.30,28.31,17,17,0
2081449,0.36,0.30,0.40,28.97,17,17,0,-0.01,-0.10,0.10,28.49,17,17,0,1712.76,1694.20,1738.40,24.14,17,0,0,0.50,0.50,0.50,28.25,17,17,0,0.10,0.10,0.10,29.08,17,17,0,1.09,1.00,1.10,28.67,17,17,0,0.23,0.20,0.30,28.32,17,17,0
2081949,0.36,0.30,0.40,28.98,17,17,0,-0.02,-0.10,0.10,28.49,17,17,0,1731.92,1711.30,1749.20,24.14,17,0,0,0.50,0.50,0.50,28.25,17,17,0,0.09,0.00,0.10,29.06,17,17,0,1.08,1.00,1.10,28.67,17,17,0,0.23,0.20,0.30,28.33,17,17,0
2082450,0.37,0.30,0.40,28.97,17,17,0,-0.02,-0.10,0.00,28.48,17,17,0,1696.55,1684.20,1711.70,24.13,17,0,0,0.51,0.50,0.60,28.25,17,17,0,0.10,0.10,0.10,29.06,17,17,0,1.08,1.00,1.10,28.67,17,17,0,0.24,0.20,0.30,28.30,17,17,0
2082950,0.36,0.30,0.40,28.97,17,17,0,-0.01,-0.10,0.10,28.50,17,17,0,1701.87,1666.40,1729.40,24.14,17,0,0,0.51,0.50,0.60,28.25,17,17,0,0.10,0.10,0.10,29.05,17,17,0,1.09,1.00,1.10,28.67,17,17,0,0.26,0.20,0.30,28.31,17,17,0
2083454,0.38,0.30,0.40,28.98,17,17,0,-0.02,-0.10,0.00,28.49,17,17,0,1681.13,1646.70,1728.20,24.14,17,0,0,0.51,0.50,0.60,28.25,17,17,0,0.11,0.10,0.20,29.07,17,17,0,1.10,1.10,1.10,28.66,17,17,0,0.25,0.20,0.30,28.32,17,17,0
2083954,0.36,0.30,0.40,28.97,17,17,0,-0.04,-0.10,0.00,28.49,17,17,0,1686.41,1661.10,1724.50,24.15,17,0,0,0.52,0.50,0.60,28.24,17,17,0,0.10,0.10,0.10,29.07,17,17,0,1.08,1.00,1.10,28.68,17,17,0,0.25,0.20,0.30,28.31,17,17,0
2084462,0.36,0.30,0.40,28.98,17,17,0,-0.02,-0.10,0.10,28.49,17,17,0,1697.48,1671.00,1724.50,24.14,17,0,0,0.50,0.50,0.50,28.24,17,17,0,0.11,0.10,0.20,29.08,17,17,0,1.09,1.00,1.10,28.69,17,17,0,0.25,0.20,0.30,28.31,17,17,0
2084962,0.36,0.30,0.40,28.97,17,17,0,-0.03,-0.10,0.00,28.49,17,17,0,1669.02,1653.90,1695.70,24.14,17,0,0,0.50,0.50,0.50,28.25,17,17,0,0.10,0.10,0.10,29.07,17,17,0,1.10,1.10,1.10,28.65,17,17,0,0.25,0.20,0.30,28.32,17,17,0
2085462,0.34,0.30,0.40,28.98,17,17,0,-0.02,-0.10,0.10,28.49,17,17,0,1693.37,1664.00,1709.80,24.15,17,0,0,0.51,0.50,0.60,28.25,17,17,0,0.09,0.00,0.10,29.04,17,17,0,1.09,1.00,1.10,28.68,17,17,0,0.26,0.20,0.30,28.32,17,17,0
2085970,0.35,0.30,0.40,28.98,17,17,0,-0.01,-0.10,0.10,28.48,17,17,0,1659.99,1639.10,1690.80,24.14,17,0,0,0.51,0.50,0.60,28.24,17,17,0,0.10,0.00,0.20,29.07,17,17,0,1.08,1.00,1.10,28.68,17,17,0,0.25,0.20,0.30,28.30,17,17,0
2086474,0.36,0.30,0.40,28.97,17,17,0,-0.03,-0.10,0.10,28.49,17,17,0,1694.21,1651.80,1724.10,24.15,17,0,0,0.50,0.50,0.50,28.25,17,17,0,0.11,0.10,0.20,29.07,17,17,0,1.08,1.00,1.10,28.67,17,17,0,0.25,0.20,0.30,28.30,17,17,0
2086976,0.34,0.30,0.40,28.97,17,17,0,-0.01,-0.10,0.10,28.49,17,17,0,1682.24,1659.00,1711.10,24.12,17,0,0,0.51,0.50,0.60,28.24,17,17,0,0.10,0.10,0.10,29.06,17,17,0,1.08,1.00,1.10,28.69,17,17,0,0.26,0.20,0.30,28.32,17,17,0
2087481,0.35,0.30,0.40,28.98,17,17,0,-0.02,-0.10,0.10,28.50,17,17,0,1665.16,1641.90,1704.40,24.15,17,0,0,0.51,0.50,0.60,28.23,17,17,0,0.11,0.10,0.20,29.05,17,17,0,1.09,1.00,1.10,28.67,17,17,0,0.26,0.20,0.30,28.33,17,17,0
2087981,0.36,0.30,0.40,28.97,17,17,0,-0.02,-0.10,0.00,28.51,17,17,0,1699.02,1646.40,1736.80,24.13,17,0,0,0.50,0.50,0.50,28.25,17,17,0,0.10,0.10,0.10,29.07,17,17,0,1.08,1.00,1.10,28.69,17,17,0,0.24,0.20,0.30,28.32,17,17,0
2088491,0.37,0.30,0.40,28.99,17,17,0,-0.01,-0.10,0.10,28.48,17,17,0,1664.88,1644.80,1706.90,24.15,17,0,0,0.51,0.50,0.60,28.25,17,17,0,0.10,0.00,0.20,29.07,17,17,0,1.09,1.00,1.10,28.66,17,17,0,0.25,0.20,0.30,28.30,17,17,0
2088991,0.37,0.30,0.40,28.99,17,17,0,-0.01,-0.10,0.10,28.50,17,17,0,1708.14,1676.20,1734.10,24.15,17,0,0,0.50,0.50,0.50,28.25,17,17,0,0.08,0.00,0.10,29.05,17,17,0,1.09,1.00,1.10,28.68,17,17,0,0.24,0.20,0.30,28.33,17,17,0
2089491,0.36,0.30,0.40,28.98,17,17,0,-0.01,-0.10,0.10,28.50,17,17,0,1675.34,1654.00,1699.90,24.16,17,0,0,0.52,0.50,0.60,28.24,17,17,0,0.10,0.10,0.10,29.07,17,17,0,1.09,1.00,1.10,28.67,17,17,0,0.23,0.20,0.30,28.30,17,17,0
2089991,0.36,0.30,0.40,28.99,17,17,0,0.00,-0.10,0.10,28.51,17,17,0,1705.57,1675.20,1731.80,24.14,17,0,0,0.50,0.50,0.50,28.24,17,17,0,0.10,0.10,0.10,29.07,17,17,0,1.08,1.00,1.10,28.67,17,17,0,0.25,0.20,0.30,28.31,17,17,0
2090491,0.36,0.30,0.40,28.99,16,16,0,0.01,-0.10,0.10,28.51,16,16,0,1682.48,1657.30,1714.10,24.14,16,0,0,0.51,0.50,0.60,28.25,16,16,0,0.10,0.10,0.10,29.07,16,16,0,1.09,1.00,1.10,28.67,16,16,0,0.23,0.20,0.30,28.32,16,16,0
2091004,0.35,0.30,0.40,28.96,18,18,0,-0.02,-0.10,0.10,28.49,18,18,0,1682.89,1654.80,1719.40,24.14,18,0,0,0.50,0.40,0.60,28.26,18,18,0,0.09,0.00,0.10,29.07,18,18,0,1.08,1.00,1.10,28.67,18,18,0,0.23,0.20,0.30,28.31,18,18,0
2091507,0.36,0.30,0.40,28.97,17,17,0,-0.03,-0.10,0.10,28.50,17,17,0,1705.21,1671.50,1729.90,24.14,17,0,0,0.50,0.50,0.50,28.23,17,17,0,0.10,0.10,0.10,29.06,17,17,0,1.09,1.00,1.10,28.68,17,17,0,0.21,0.20,0.30,28.31,17,17,0
2092007,0.35,0.30,0.40,28.99,17,17,0,0.00,-0.10,0.10,28.49,17,17,0,1691.61,1679.00,1717.40,24.16,17,0,0,0.50,0.50,0.50,28.25,17,17,0,0.09,0.00,0.10,29.07,17,17,0,1.09,1.00,1.10,28.67,17,17,0,0.24,0.20,0.30,28.32,17,17,0
2092507,0.35,0.30,0.40,28.98,17,17,0,-0.02,-0.10,0.10,28.50,17,17,0,1722.82,1705.10,1732.10,24.14,17,0,0,0.51,0.50,0.60,28.25,17,17,0,0.10,0.00,0.20,29.06,17,17,0,1.09,1.00,1.10,28.68,17,17,0,0.24,0.20,0.30,28.30,17,17,0
2093009,0.36,0.30,0.40,28.98,17,17,0,-0.01,-0.10,0.00,28.49,17,17,0,1716.76,1699.10,1740.20,24.13,17,0,0,0.51,0.50,0.60,28.26,17,17,0,0.09,0.00,0.10,29.08,17,17,0,1.09,1.00,1.10,28.65,17,17,0,0.25,0.20,0.30,28.31,17,17,0
2093509,0.36,0.30,0.40,28.98,17,17,0,-0.01,-0.10,0.10,28.48,17,17,0,1749.94,1727.30,1771.40,24.14,17,0,0,0.50,0.50,0.50,28.25,17,17,0,0.09,0.00,0.20,29.07,17,17,0,1.09,1.00,1.10,28.67,17,17,0,0.23,0.20,0.30,28.32,17,17,0
2094009,0.36,0.30,0.40,28.97,17,17,0,-0.00,-0.10,0.10,28.49,17,17,0,1748.37,1719.50,1783.70,24.13,17,0,0,0.50,0.50,0.50,28.25,17,17,0,0.10,0.10,0.10,29.06,17,17,0,1.09,1.00,1.10,28.68,17,17,0,0.23,0.20,0.30,28.32,17,17,0
2094509,0.37,0.30,0.40,28.98,17,17,0,-0.02,-0.10,0.10,28.49,17,17,0,1769.18,1748.20,1785.70,24.13,17,0,0,0.51,0.50,0.60,28.24,17,17,0,0.10,0.10,0.10,29.07,17,17,0,1.09,1.00,1.10,28.69,17,17,0,0.24,0.20,0.30,28.32,17,17,0
2095009,0.34,0.30,0.40,28.97,17,17,0,-0.01,-0.10,0.10,28.49,17,17,0,1788.24,1758.80,1813.00,24.13,17,0,0,0.50,0.50,0.50,28.25,17,17,0,0.10,0.10,0.10,29.06,17,17,0,1.09,1.00,1.10,28.68,17,17,0,0.24,0.20,0.30,28.32,17,17,0
2095509,0.34,0.30,0.40,28.98,17,17,0,-0.01,-0.10,0.10,28.49,17,17,0,1762.68,1744.70,1797.40,24.13,17,0,0,0.50,0.50,0.50,28.26,17,17,0,0.10,0.10,0.10,29.07,17,17,0,1.08,1.00,1.10,28.67,17,17,0,0.24,0.20,0.30,28.32,17,17,0
2096009,0.38,0.30,0.40,28.99,17,17,0,-0.01,-0.10,0.00,28.50,17,17,0,1794.89,1761.20,1815.50,24.12,17,0,0,0.51,0.50,0.60,28.24,17,17,0,0.11,0.10,0.20,29.06,17,17,0,1.08,1.00,1.10,28.68,17,17,0,0.23,0.20,0.30,28.33,17,17,0
2096510,0.36,0.30,0.40,28.98,17,17,0,-0.02,-0.10,0.10,28.51,17,17,0,1757.84,1747.30,1774.20,24.16,17,0,0,0.51,0.50,0.60,28.27,17,17,0,0.10,0.00,0.20,29.07,17,17,0,1.09,1.00,1.10,28.68,17,17,0,0.22,0.20,0.30,28.31,17,17,0
2097010,0.36,0.30,0.40,28.99,17,17,0,-0.02,-0.10,0.10,28.50,17,17,0,1784.15,1735.30,1807.40,24.14,17,0,0,0.51,0.50,0.60,28.24,17,17,0,0.11,0.10,0.20,29.08,17,17,0,1.09,1.00,1.10,28.67,17,17,0,0.24,0.20,0.30,28.30,17,17,0
2097510,0.36,0.30,0.40,28.99,17,17,0,-0.01,-0.10,0.10,28.49,17,17,0,1743.25,1722.60,1776.70,24.14,17,0,0,0.51,0.50,0.60,28.26,17,17,0,0.10,0.10,0.10,29.09,17,17,0,1.08,1.00,1.10,28.68,17,17,0,0.24,0.20,0.30,28.33,17,17,0
2098010,0.36,0.30,0.40,28.99,17,17,0,-0.01,-0.10,0.10,28.50,17,17,0,1749.24,1711.80,1785.80,24.13,17,0,0,0.50,0.50,0.50,28.26,17,17,0,0.09,0.00,0.10,29.07,17,17,0,1.09,1.00,1.10,28.67,17,17,0,0.24,0.20,0.30,28.31,17,17,0
2098510,0.36,0.30,0.40,28.98,17,17,0,-0.01,-0.10,0.10,28.50,17,17,0,1740.71,1709.00,1769.70,24.14,17,0,0,0.50,0.50,0.50,28.25,17,17,0,0.11,0.10,0.20,29.07,17,17,0,1.10,1.10,1.10,28.67,17,17,0,0.23,0.20,0.30,28.31,17,17,0
2099010,0.38,0.30,0.40,28.99,17,17,0,-0.02,-0.10,0.10,28.48,17,17,0,1726.74,1710.00,1760.90,24.14,17,0,0,0.51,0.50,0.60,28.26,17,17,0,0.10,0.00,0.20,29.08,17,17,0,1.09,1.00,1.10,28.67,17,17,0,0.24,0.20,0.30,28.30,17,17,0
2099510,0.32,0.30,0.40,28.97,17,17,0,-0.01,-0.10,0.10,28.51,17,17,0,1733.66,1715.80,1751.60,24.14,17,0,0,0.51,0.50,0.60,28.25,17,17,0,0.10,0.00,0.20,29.06,17,17,0,1.09,1.00,1.10,28.67,17,17,0,0.22,0.20,0.30,28.33,17,17,0
2100010,0.36,0.30,0.40,28.99,17,17,0,-0.01,-0.10,0.10,28.49,17,17,0,1699.02,1684.30,1720.30,24.13,17,0,0,0.50,0.50,0.50,28.24,17,17,0,0.10,0.10,0.10,29.07,17,17,0,1.10,1.10,1.10,28.68,17,17,0,0.24,0.20,0.30,28.33,17,17,0
2100510,0.35,0.30,0.40,28.98,17,17,0,-0.01,-0.10,0.10,28.50,17,17,0,1711.85,1685.20,1730.40,24.15,17,0,0,0.50,0.50,0.50,28.24,17,17,0,0.09,0.00,0.10,29.08,17,17,0,1.09,1.00,1.10,28.66,17,17,0,0.24,0.20,0.30,28.32,17,17,0
2101011,0.38,0.30,0.40,28.99,17,17,0,-0.01,-0.10,0.10,28.50,17,17,0,1683.44,1673.60,1698.00,24.14,17,0,0,0.51,0.50,0.60,28.24,17,17,0,0.11,0.10,0.20,29.07,17,17,0,1.09,1.00,1.10,28.68,17,17,0,0.25,0.20,0.30,28.32,17,17,0
2101516,0.37,0.30,0.40,28.98,17,17,0,-0.01,-0.10,0.10,28.51,17,17,0,1688.87,1658.40,1710.50,24.15,17,0,0,0.51,0.50,0.60,28.24,17,17,0,0.11,0.10,0.20,29.08,17,17,0,1.09,1.00,1.10,28.67,17,17,0,0.25,0.20,0.30,28.32,17,17,0
2102016,0.36,0.30,0.40,28.97,17,17,0,0.01,-0.10,0.10,28.49,17,17,0,1683.59,1652.80,1715.50,24.17,17,0,0,0.51,0.50,0.60,28.23,17,17,0,0.11,0.10,0.20,29.08,17,17,0,1.09,1.00,1.10,28.67,17,17,0,0.24,0.20,0.30,28.32,17,17,0
2102521,0.38,0.30,0.40,28.99,17,17,0,-0.05,-0.10,0.00,28.50,17,17,0,1674.36,1652.40,1708.40,24.16,17,0,0,0.50,0.50,0.50,28.24,17,17,0,0.11,0.10,0.20,29.06,17,17,0,1.09,1.00,1.10,28.67,17,17,0,0.25,0.20,0.30,28.32,17,17,0
2103024,0.37,0.30,0.40,28.98,17,17,0,-0.01,-0.10,0.10,28.50,17,17,0,1699.08,1667.60,1720.20,24.14,17,0,0,0.50,0.40,0.60,28.26,17,17,0,0.10,0.10,0.10,29.06,17,17,0,1.09,1.00,1.10,28.67,17,17,0,0.25,0.20,0.30,28.32,17,17,0
2103524,0.37,0.30,0.40,28.99,17,17,0,-0.01,-0.10,0.00,28.50,17,17,0,1665.72,1651.20,1686.30,24.16,17,0,0,0.50,0.50,0.50,28.26,17,17,0,0.10,0.10,0.10,29.07,17,17,0,1.08,1.00,1.10,28.66,17,17,0,0.26,0.20,0.30,28.31,17,17,0
2104024,0.35,0.30,0.40,28.98,17,17,0,-0.01,-0.10,0.10,28.50,17,17,0,1699.58,1675.50,1717.70,24.14,17,0,0,0.51,0.50,0.60,28.23,17,17,0,0.11,0.10,0.20,29.08,17,17,0,1.10,1.10,1.10,28.67,17,17,0,0.25,0.20,0.30,28.31,17,17,0
2104526,0.36,0.30,0.40,28.99,17,17,0,-0.01,-0.10,0.10,28.50,17,17,0,1676.39,1654.10,1710.00,24.15,17,0,0,0.51,0.50,0.60,28.25,17,17,0,0.09,0.00,0.10,29.09,17,17,0,1.09,1.00,1.10,28.69,17,17,0,0.26,0.20,0.30,28.32,17,17,0
2105026,0.36,0.30,0.40,28.98,17,17,0,-0.02,-0.10,0.10,28.51,17,17,0,1687.74,1648.40,1722.50,24.17,17,0,0,0.50,0.50,0.50,28.26,17,17,0,0.10,0.00,0.20,29.07,17,17,0,1.09,1.00,1.10,28.69,17,17,0,0.26,0.20,0.30,28.32,17,17,0
2105526,0.38,0.30,0.40,28.98,17,17,0,-0.01,-0.10,0.10,28.50,17,17,0,1677.35,1639.00,1720.10,24.14,17,0,0,0.51,0.50,0.60,28.26,17,17,0,0.09,0.00,0.10,29.07,17,17,0,1.08,1.00,1.10,28.67,17,17,0,0.24,0.20,0.30,28.32,17,17,0
2106026,0.36,0.30,0.40,28.99,17,17,0,-0.02,-0.10,0.00,28.52,17,17,0,1674.84,1635.70,1720.90,24.15,17,0,0,0.51,0.50,0.60,28.25,17,17,0,0.09,0.00,0.10,29.06,17,17,0,1.09,1.00,1.10,28.68,17,17,0,0.25,0.20,0.30,28.31,17,17,0
2106526,0.37,0.30,0.40,28.97,17,17,0,-0.02,-0.10,0.10,28.49,17,17,0,1698.43,1652.80,1727.30,24.15,17,0,0,0.50,0.50,0.50,28.25,17,17,0,0.10,0.10,0.10,29.07,17,17,0,1.08,1.00,1.10,28.67,17,17,0,0.25,0.20,0.30,28.32,17,17,0
2107026,0.36,0.30,0.40,28.99,17,17,0,0.01,-0.10,0.10,28.51,17,17,0,1668.24,1653.60,1703.20,24.16,17,0,0,0.51,0.50,0.60,28.24,17,17,0,0.09,0.00,0.10,29.07,17,17,0,1.08,1.00,1.10,28.68,17,17,0,0.27,0.20,0.30,28.32,17,17,0
2107526,0.36,0.30,0.40,28.98,17,17,0,-0.01,-0.10,0.10,28.49,17,17,0,1704.87,1680.50,1723.40,24.15,17,0,0,0.51,0.50,0.60,28.25,17,17,0,0.10,0.10,0.10,29.07,17,17,0,1.09,1.00,1.10,28.68,17,17,0,0.25,0.20,0.30,28.33,17,17,0
2108028,0.36,0.30,0.40,29.00,17,17,0,-0.02,-0.10,0.10,28.49,17,17,0,1665.15,1652.40,1691.60,24.16,17,0,0,0.51,0.50,0.60,28.25,17,17,0,0.11,0.10,0.20,29.05,17,17,0,1.09,1.00,1.10,28.67,17,17,0,0.26,0.20,0.30,28.31,17,17,0
2108528,0.35,0.30,0.40,28.98,17,17,0,0.01,-0.10,0.10,28.50,17,17,0,1707.74,1676.20,1730.50,24.16,17,0,0,0.50,0.40,0.60,28.24,17,17,0,0.09,0.00,0.20,29.07,17,17,0,1.09,1.00,1.10,28.68,17,17,0,0.23,0.20,0.30,28.32,17,17,0
2109028,0.35,0.30,0.40,28.98,16,16,0,-0.03,-0.10,0.10,28.52,16,16,0,1691.94,1674.40,1720.10,24.14,16,0,0,0.50,0.50,0.50,28.24,16,16,0,0.09,0.00,0.10,29.08,16,16,0,1.10,1.10,1.10,28.69,16,16,0,0.24,0.20,0.30,28.32,16,16,0
2109529,0.37,0.30,0.40,28.98,17,17,0,-0.01,-0.10,0.10,28.49,17,17,0,1698.94,1680.10,1720.80,24.16,17,0,0,0.51,0.50,0.60,28.25,17,17,0,0.10,0.10,0.10,29.08,17,17,0,1.09,1.00,1.10,28.68,17,17,0,0.24,0.20,0.30,28.30,17,17,0
2110029,0.36,0.30,0.40,28.99,17,17,0,-0.01,-0.10,0.10,28.51,17,17,0,1718.38,1689.80,1740.10,24.16,17,0,0,0.53,0.50,0.60,28.25,17,17,0,0.11,0.10,0.20,29.07,17,17,0,1.10,1.10,1.10,28.67,17,17,0,0.24,0.20,0.30,28.31,17,17,0
2110529,0.35,0.30,0.40,28.99,17,17,0,-0.01,-0.10,0.00,28.50,17,17,0,1722.42,1710.90,1734.50,24.14,17,0,0,0.51,0.50,0.60,28.25,17,17,0,0.10,0.10,0.10,29.05,17,17,0,1.09,1.00,1.10,28.67,17,17,0,0.25,0.20,0.30,28.32,17,17,0
2111037,0.37,0.30,0.40,28.98,17,17,0,-0.01,-0.10,0.10,28.50,17,17,0,1755.69,1734.60,1769.40,24.14,17,0,0,0.50,0.50,0.50,28.26,17,17,0,0.09,0.00,0.10,29.06,17,17,0,1.09,1.00,1.10,28.67,17,17,0,0.25,0.20,0.30,28.32,17,17,0
2111541,0.37,0.30,0.40,28.98,17,17,0,-0.02,-0.10,0.10,28.49,17,17,0,1750.22,1737.50,1771.10,24.15,17,0,0,0.51,0.50,0.60,28.26,17,17,0,0.11,0.10,0.20,29.08,17,17,0,1.08,1.00,1.10,28.68,17,17,0,0.25,0.20,0.30,28.32,17,17,0
2112041,0.35,0.30,0.40,28.99,17,17,0,-0.03,-0.10,0.10,28.51,17,17,0,1777.94,1753.10,1795.90,24.14,17,0,0,0.51,0.50,0.60,28.24,17,17,0,0.11,0.10,0.20,29.08,17,17,0,1.08,1.00,1.10,28.68,17,17,0,0.25,0.20,0.30,28.33,17,17,0
2112541,0.37,0.30,0.40,28.99,17,17,0,-0.01,-0.10,0.10,28.50,17,17,0,1770.58,1752.10,1796.90,24.14,17,0,0,0.51,0.50,0.60,28.24,17,17,0,0.11,0.10,0.20,29.05,17,17,0,1.09,1.00,1.10,28.69,17,17,0,0.26,0.20,0.30,28.33,17,17,0
2113041,0.36,0.30,0.40,28.98,17,17,0,0.00,-0.10,0.10,28.50,17,17,0,1785.23,1756.90,1813.90,24.14,17,0,0,0.51,0.50,0.60,28.24,17,17,0,0.09,0.00,0.10,29.07,17,17,0,1.10,1.10,1.10,28.66,17,17,0,0.26,0.20,0.30,28.34,17,17,0
2113543,0.37,0.30,0.40,28.99,17,17,0,-0.02,-0.10,0.10,28.50,17,17,0,1789.06,1764.40,1813.50,24.14,17,0,0,0.52,0.50,0.60,28.25,17,17,0,0.11,0.10,0.20,29.08,17,17,0,1.09,1.00,1.10,28.69,17,17,0,0.24,0.20,0.30,28.32,17,17,0
2114048,0.36,0.30,0.40,28.98,17,17,0,-0.01,-0.10,0.10,28.51,17,17,0,1761.15,1742.20,1795.50,24.14,17,0,0,0.50,0.50,0.50,28.24,17,17,0,0.09,0.00,0.10,29.07,17,17,0,1.09,1.00,1.10,28.68,17,17,0,0.22,0.20,0.30,28.31,17,17,0
2114548,0.38,0.30,0.40,28.98,17,17,0,-0.01,-0.10,0.10,28.50,17,17,0,1780.15,1758.50,1798.30,24.14,17,0,0,0.50,0.50,0.50,28.26,17,17,0,0.09,0.00,0.10,29.07,17,17,0,1.08,1.00,1.10,28.68,17,17,0,0.25,0.20,0.30,28.32,17,17,0
2115048,0.35,0.30,0.40,28.99,17,17,0,-0.01,-0.10,0.10,28.50,17,17,0,1727.42,1709.00,1746.40,24.16,17,0,0,0.50,0.50,0.50,28.27,17,17,0,0.10,0.10,0.10,29.07,17,17,0,1.08,1.00,1.10,28.69,17,17,0,0.25,0.20,0.30,28.32,17,17,0
2115548,0.36,0.30,0.40,29.00,17,17,0,-0.01,-0.10,0.10,28.51,17,17,0,1766.60,1724.80,1794.10,24.13,17,0,0,0.50,0.50,0.50,28.25,17,17,0,0.10,0.10,0.10,29.06,17,17,0,1.07,1.00,1.10,28.70,17,17,0,0.24,0.20,0.30,28.31,17,17,0
2116050,0.36,0.30,0.40,28.99,17,17,0,0.02,-0.10,0.10,28.50,17,17,0,1730.45,1708.90,1760.20,24.15,17,0,0,0.51,0.50,0.60,28.27,17,17,0,0.10,0.10,0.10,29.06,17,17,0,1.09,1.00,1.10,28.67,17,17,0,0.26,0.20,0.30,28.32,17,17,0
2116557,0.37,0.30,0.40,28.98,17,17,0,0.01,-0.10,0.10,28.50,17,17,0,1722.62,1695.90,1761.00,24.16,17,0,0,0.51,0.50,0.60,28.26,17,17,0,0.10,0.10,0.10,29.06,17,17,0,1.09,1.00,1.10,28.68,17,17,0,0.21,0.20,0.30,28.33,17,17,0
2117059,0.35,0.30,0.40,28.99,17,17,0,-0.02,-0.10,0.00,28.51,17,17,0,1725.84,1705.70,1741.70,24.15,17,0,0,0.50,0.50,0.50,28.26,17,17,0,0.11,0.10,0.20,29.07,17,17,0,1.09,1.00,1.10,28.68,17,17,0,0.23,0.20,0.30,28.31,17,17,0
2117559,0.36,0.30,0.40,28.99,17,17,0,-0.03,-0.10,0.00,28.50,17,17,0,1693.64,1682.90,1722.40,24.15,17,0,0,0.50,0.50,0.50,28.26,17,17,0,0.11,0.10,0.20,29.06,17,17,0,1.09,1.00,1.10,28.67,17,17,0,0.25,0.20,0.30,28.32,17,17,0
2118059,0.36,0.30,0.40,29.00,17,17,0,-0.02,-0.10,0.00,28.50,17,17,0,1716.10,1699.80,1731.50,24.16,17,0,0,0.51,0.50,0.60,28.25,17,17,0,0.10,0.10,0.10,29.06,17,17,0,1.08,1.00,1.10,28.69,17,17,0,0.26,0.20,0.30,28.33,17,17,0
2118559,0.39,0.30,0.40,29.00,17,17,0,-0.00,-0.10,0.10,28.51,17,17,0,1678.26,1668.40,1691.90,24.15,17,0,0,0.51,0.50,0.60,28.26,17,17,0,0.10,0.10,0.10,29.06,17,17,0,1.09,1.00,1.10,28.68,17,17,0,0.25,0.20,0.30,28.32,17,17,0
2119059,0.35,0.30,0.40,28.98,17,17,0,-0.01,-0.10,0.10,28.50,17,17,0,1692.62,1661.40,1716.20,24.17,17,0,0,0.50,0.50,0.50,28.25,17,17,0,0.10,0.10,0.10,29.09,17,17,0,1.09,1.00,1.10,28.68,17,17,0,0.25,0.20,0.30,28.32,17,17,0
2119559,0.36,0.30,0.40,28.98,17,17,0,0.02,0.00,0.10,28.51,17,17,0,1673.04,1654.90,1706.90,24.18,17,0,0,0.51,0.50,0.60,28.26,17,17,0,0.09,0.00,0.10,29.07,17,17,0,1.09,1.00,1.10,28.68,17,17,0,0.26,0.20,0.30,28.32,17,17,0
2120064,0.35,0.30,0.40,28.98,17,17,0,-0.01,-0.10,0.00,28.51,17,17,0,1682.16,1648.10,1714.50,24.15,17,0,0,0.50,0.50,0.50,28.26,17,17,0,0.11,0.10,0.20,29.07,17,17,0,1.08,1.00,1.10,28.69,17,17,0,0.25,0.20,0.30,28.30,17,17,0
2120564,0.36,0.30,0.40,28.98,17,17,0,-0.03,-0.10,0.00,28.50,17,17,0,1688.18,1653.10,1720.70,24.18,17,0,0,0.50,0.50,0.50,28.24,17,17,0,0.09,0.00,0.10,29.07,17,17,0,1.09,1.00,1.10,28.69,17,17,0,0.25,0.20,0.30,28.31,17,17,0
2121071,0.38,0.30,0.40,28.99,17,17,0,-0.01,-0.10,0.10,28.51,17,17,0,1670.01,1655.30,1701.90,24.16,17,0,0,0.51,0.50,0.60,28.26,17,17,0,0.10,0.10,0.10,29.07,17,17,0,1.09,1.00,1.10,28.69,17,17,0,0.27,0.20,0.30,28.32,17,17,0
2121573,0.38,0.30,0.40,28.99,17,17,0,0.00,-0.10,0.10,28.51,17,17,0,1702.52,1675.30,1722.40,24.17,17,0,0,0.52,0.50,0.60,28.25,17,17,0,0.10,0.00,0.20,29.08,17,17,0,1.09,1.00,1.10,28.68,17,17,0,0.26,0.20,0.30,28.32,17,17,0
2122073,0.37,0.30,0.40,28.99,17,17,0,-0.01,-0.10,0.10,28.51,17,17,0,1666.78,1653.20,1684.60,24.15,17,0,0,0.51,0.50,0.60,28.26,17,17,0,0.10,0.00,0.20,29.07,17,17,0,1.08,1.00,1.10,28.68,17,17,0,0.26,0.20,0.30,28.31,17,17,0
2122573,0.38,0.30,0.40,28.99,17,17,0,-0.02,-0.10,0.00,28.49,17,17,0,1692.15,1658.40,1709.40,24.18,17,0,0,0.50,0.50,0.50,28.27,17,17,0,0.09,0.00,0.10,29.07,17,17,0,1.09,1.00,1.10,28.68,17,17,0,0.24,0.20,0.30,28.32,17,17,0
2123075,0.37,0.30,0.40,28.99,17,17,0,-0.01,-0.10,0.10,28.52,17,17,0,1664.27,1635.70,1711.20,24.15,17,0,0,0.51,0.50,0.60,28.25,17,17,0,0.09,0.00,0.10,29.06,17,17,0,1.09,1.00,1.10,28.69,17,17,0,0.25,0.20,0.30,28.32,17,17,0
2123576,0.36,0.30,0.40,28.98,17,17,0,-0.02,-0.10,0.10,28.50,17,17,0,1698.54,1654.70,1730.50,24.14,17,0,0,0.51,0.50,0.60,28.25,17,17,0,0.10,0.10,0.10,29.07,17,17,0,1.09,1.00,1.10,28.69,17,17,0,0.25,0.20,0.30,28.33,17,17,0
2124076,0.36,0.30,0.40,28.98,17,17,0,-0.01,-0.10,0.10,28.51,17,17,0,1684.96,1648.60,1720.70,24.17,17,0,0,0.50,0.50,0.50,28.27,17,17,0,0.10,0.10,0.10,29.09,17,17,0,1.09,1.00,1.10,28.67,17,17,0,0.24,0.20,0.30,28.31,17,17,0
2124576,0.35,0.30,0.40,28.99,17,17,0,0.02,-0.10,0.10,28.51,17,17,0,1669.72,1645.30,1718.00,24.16,17,0,0,0.50,0.50,0.50,28.25,17,17,0,0.10,0.10,0.10,29.05,17,17,0,1.08,1.00,1.10,28.68,17,17,0,0.24,0.20,0.30,28.33,17,17,0
2125078,0.36,0.30,0.40,28.99,17,17,0,0.00,-0.10,0.10,28.50,17,17,0,1702.17,1665.00,1727.60,24.16,17,0,0,0.51,0.50,0.60,28.26,17,17,0,0.11,0.10,0.20,29.06,17,17,0,1.08,1.00,1.10,28.68,17,17,0,0.24,0.20,0.30,28.33,17,17,0
2125578,0.35,0.30,0.40,28.99,17,17,0,-0.01,-0.10,0.10,28.50,17,17,0,1663.87,1645.10,1690.90,24.18,17,0,0,0.50,0.40,0.60,28.25,17,17,0,0.09,0.00,0.20,29.07,17,17,0,1.09,1.00,1.10,28.67,17,17,0,0.22,0.20,0.30,28.31,17,17,0
2126081,0.39,0.30,0.40,29.00,17,17,0,-0.02,-0.10,0.10,28.50,17,17,0,1709.82,1682.70,1731.30,24.16,17,0,0,0.50,0.50,0.50,28.25,17,17,0,0.10,0.00,0.20,29.08,17,17,0,1.09,1.00,1.10,28.68,17,17,0,0.25,0.20,0.30,28.32,17,17,0
2126581,0.35,0.30,0.40,28.98,17,17,0,-0.02,-0.10,0.10,28.49,17,17,0,1681.48,1659.60,1705.90,24.16,17,0,0,0.51,0.50,0.60,28.26,17,17,0,0.10,0.10,0.10,29.06,17,17,0,1.08,1.00,1.10,28.69,17,17,0,0.23,0.20,0.30,28.32,17,17,0
2127081,0.36,0.30,0.40,28.99,17,17,0,-0.01,-0.10,0.10,28.51,17,17,0,1705.29,1674.90,1736.20,24.16,17,0,0,0.51,0.50,0.60,28.26,17,17,0,0.11,0.10,0.20,29.06,17,17,0,1.09,1.00,1.10,28.68,17,17,0,0.22,0.20,0.30,28.33,17,17,0
2127593,0.36,0.30,0.40,28.99,17,17,0,-0.01,-0.10,0.10,28.51,17,17,0,1704.99,1675.80,1735.70,24.16,17,0,0,0.51,0.50,0.60,28.26,17,17,0,0.10,0.10,0.10,29.05,17,17,0,1.08,1.00,1.10,28.68,17,17,0,0.24,0.20,0.30,28.32,17,17,0
2128093,0.35,0.30,0.40,28.99,17,17,0,-0.01,-0.10,0.10,28.50,17,17,0,1716.00,1701.50,1739.60,24.16,17,0,0,0.50,0.50,0.50,28.26,17,17,0,0.10,0.10,0.10,29.07,17,17,0,1.09,1.00,1.10,28.69,17,17,0,0.25,0.20,0.30,28.31,17,17,0
2128600,0.38,0.30,0.40,28.99,17,17,0,-0.01,-0.10,0.10,28.50,17,17,0,1750.55,1725.60,1770.70,24.15,17,0,0,0.51,0.50,0.60,28.26,17,17,0,0.11,0.10,0.20,29.06,17,17,0,1.09,1.00,1.10,28.68,17,17,0,0.23,0.20,0.30,28.32,17,17,0
2129100,0.35,0.30,0.40,29.00,17,17,0,-0.01,-0.10,0.00,28.50,17,17,0,1734.15,1718.60,1751.80,24.17,17,0,0,0.51,0.50,0.60,28.25,17,17,0,0.10,0.10,0.10,29.07,17,17,0,1.10,1.10,1.10,28.69,17,17,0,0.24,0.20,0.30,28.33,17,17,0
2129604,0.35,0.30,0.40,29.00,17,17,0,-0.01,-0.10,0.10,28.52,17,17,0,1774.85,1753.00,1788.00,24.17,17,0,0,0.51,0.50,0.60,28.26,17,17,0,0.09,0.00,0.10,29.06,17,17,0,1.09,1.00,1.10,28.68,17,17,0,0.22,0.20,0.30,28.32,17,17,0
2130104,0.35,0.30,0.40,28.99,17,17,0,0.01,-0.10,0.10,28.51,17,17,0,1765.95,1745.30,1794.60,24.16,17,0,0,0.51,0.50,0.60,28.24,17,17,0,0.09,0.00,0.10,29.06,17,17,0,1.09,1.00,1.10,28.68,17,17,0,0.26,0.20,0.30,28.30,17,17,0
2130604,0.35,0.30,0.40,28.98,16,16,0,-0.01,-0.10,0.10,28.50,16,16,0,1793.71,1771.60,1815.40,24.14,16,0,0,0.51,0.50,0.60,28.24,16,16,0,0.10,0.10,0.10,29.07,16,16,0,1.09,1.00,1.10,28.69,16,16,0,0.24,0.20,0.30,28.33,16,16,0
2131112,0.36,0.30,0.40,28.98,17,17,0,-0.02,-0.10,0.10,28.51,17,17,0,1788.18,1765.80,1812.90,24.16,17,0,0,0.50,0.50,0.50,28.26,17,17,0,0.11,0.10,0.20,29.06,17,17,0,1.10,1.10,1.10,28.69,17,17,0,0.24,0.20,0.30,28.32,17,17,0
2131612,0.37,0.30,0.40,29.00,17,17,0,-0.01,-0.10,0.00,28.50,17,17,0,1770.39,1732.40,1804.60,24.15,17,0,0,0.50,0.50,0.50,28.23,17,17,0,0.10,0.10,0.10,29.06,17,17,0,1.09,1.00,1.10,28.69,17,17,0,0.24,0.20,0.30,28.32,17,17,0
2132112,0.36,0.30,0.40,29.00,17,17,0,-0.01,-0.10,0.10,28.50,17,17,0,1779.15,1744.80,1806.10,24.14,17,0,0,0.50,0.50,0.50,28.25,17,17,0,0.10,0.10,0.10,29.06,17,17,0,1.09,1.00,1.10,28.69,17,17,0,0.26,0.20,0.30,28.33,17,17,0
2132612,0.38,0.30,0.40,28.99,17,17,0,-0.03,-0.10,0.00,28.51,17,17,0,1744.91,1723.70,1772.60,24.15,17,0,0,0.51,0.50,0.60,28.25,17,17,0,0.11,0.10,0.20,29.07,17,17,0,1.10,1.10,1.10,28.69,17,17,0,0.24,0.20,0.30,28.31,17,17,0
2133114,0.38,0.30,0.40,28.99,17,17,0,-0.04,-0.10,0.10,28.48,17,17,0,1764.45,1715.90,1796.20,24.16,17,0,0,0.51,0.50,0.60,28.27,17,17,0,0.10,0.10,0.10,29.06,17,17,0,1.09,1.00,1.10,28.68,17,17,0,0.25,0.20,0.30,28.33,17,17,0
2133614,0.35,0.30,0.40,29.00,17,17,0,-0.01,-0.10,0.10,28.50,17,17,0,1714.13,1686.10,1747.60,24.17,17,0,0,0.50,0.50,0.50,28.26,17,17,0,0.10,0.10,0.10,29.06,17,17,0,1.10,1.10,1.10,28.69,17,17,0,0.26,0.20,0.30,28.32,17,17,0
2134114,0.34,0.30,0.40,29.00,17,17,0,-0.02,-0.10,0.00,28.51,17,17,0,1732.64,1694.90,1766.90,24.16,17,0,0,0.51,0.50,0.60,28.25,17,17,0,0.09,0.00,0.10,29.07,17,17,0,1.06,1.00,1.10,28.68,17,17,0,0.25,0.20,0.30,28.32,17,17,0
2134614,0.37,0.30,0.40,28.97,17,17,0,-0.01,-0.10,0.10,28.51,17,17,0,1720.87,1686.90,1755.90,24.15,17,0,0,0.50,0.50,0.50,28.27,17,17,0,0.09,0.00,0.20,29.08,17,17,0,1.09,1.00,1.10,28.69,17,17,0,0.25,0.20,0.30,28.33,17,17,0
2135119,0.36,0.30,0.40,28.98,17,17,0,-0.01,-0.10,0.10,28.49,17,17,0,1710.43,1682.80,1738.40,24.16,17,0,0,0.51,0.50,0.60,28.26,17,17,0,0.11,0.10,0.20,29.05,17,17,0,1.09,1.00,1.10,28.71,17,17,0,0.22,0.20,0.30,28.32,17,17,0
2135619,0.36,0.30,0.40,29.00,17,17,0,-0.02,-0.10,0.00,28.51,17,17,0,1716.27,1697.50,1739.70,24.16,17,0,0,0.51,0.50,0.60,28.25,17,17,0,0.09,0.00,0.20,29.06,17,17,0,1.08,1.00,1.10,28.68,17,17,0,0.26,0.20,0.30,28.31,17,17,0
2136119,0.37,0.30,0.40,29.00,17,17,0,-0.02,-0.10,0.10,28.50,17,17,0,1674.46,1656.80,1701.40,24.17,17,0,0,0.51,0.50,0.60,28.26,17,17,0,0.09,0.00,0.10,29.08,17,17,0,1.09,1.00,1.10,28.68,17,17,0,0.25,0.20,0.30,28.33,17,17,0
2136619,0.37,0.30,0.40,28.98,17,17,0,-0.02,-0.10,0.10,28.51,17,17,0,1706.36,1685.00,1728.20,24.16,17,0,0,0.51,0.50,0.60,28.27,17,17,0,0.10,0.10,0.10,29.06,17,17,0,1.08,1.00,1.10,28.68,17,17,0,0.25,0.20,0.30,28.31,17,17,0
2137119,0.35,0.30,0.40,28.99,17,17,0,-0.01,-0.10,0.10,28.50,17,17,0,1662.96,1639.70,1697.10,24.17,17,0,0,0.50,0.50,0.50,28.25,17,17,0,0.10,0.10,0.10,29.08,17,17,0,1.09,1.00,1.10,28.68,17,17,0,0.24,0.20,0.30,28.32,17,17,0
2137619,0.35,0.30,0.40,29.00,17,17,0,-0.03,-0.10,0.10,28.52,17,17,0,1692.43,1650.60,1722.60,24.17,17,0,0,0.51,0.50,0.60,28.26,17,17,0,0.10,0.10,0.10,29.08,17,17,0,1.08,1.00,1.10,28.68,17,17,0,0.25,0.20,0.30,28.33,17,17,0
2138127,0.36,0.30,0.40,28.99,17,17,0,-0.03,-0.10,0.00,28.50,17,17,0,1669.42,1629.60,1713.30,24.15,17,0,0,0.50,0.50,0.50,28.24,17,17,0,0.09,0.00,0.10,29.07,17,17,0,1.09,1.00,1.10,28.69,17,17,0,0.26,0.20,0.30,28.31,17,17,0
2138627,0.35,0.30,0.40,28.98,17,17,0,-0.02,-0.10,0.10,28.50,17,17,0,1676.21,1637.20,1716.70,24.17,17,0,0,0.51,0.50,0.60,28.26,17,17,0,0.10,0.00,0.20,29.06,17,17,0,1.08,1.00,1.10,28.68,17,17,0,0.24,0.20,0.30,28.31,17,17,0
2139129,0.36,0.30,0.40,28.99,17,17,0,-0.02,-0.10,0.10,28.50,17,17,0,1690.45,1648.30,1727.60,24.17,17,0,0,0.51,0.50,0.60,28.25,17,17,0,0.09,0.00,0.10,29.07,17,17,0,1.09,1.00,1.10,28.68,17,17,0,0.23,0.20,0.30,28.32,17,17,0
2139629,0.36,0.30,0.40,28.99,17,17,0,0.01,-0.10,0.10,28.51,17,17,0,1663.30,1636.90,1700.30,24.17,17,0,0,0.51,0.50,0.60,28.27,17,17,0,0.09,0.00,0.10,29.08,17,17,0,1.08,1.00,1.10,28.70,17,17,0,0.24,0.20,0.30,28.31,17,17,0
2140131,0.37,0.30,0.40,28.99,17,17,0,0.00,-0.10,0.10,28.49,17,17,0,1703.35,1674.60,1732.00,24.18,17,0,0,0.49,0.40,0.50,28.27,17,17,0,0.10,0.10,0.10,29.08,17,17,0,1.08,1.00,1.10,28.69,17,17,0,0.22,0.20,0.30,28.33,17,17,0
2140631,0.38,0.30,0.40,28.99,17,17,0,-0.02,-0.10,0.10,28.51,17,17,0,1659.77,1632.30,1681.20,24.17,17,0,0,0.51,0.50,0.60,28.26,17,17,0,0.09,0.00,0.10,29.07,17,17,0,1.09,1.00,1.10,28.69,17,17,0,0.23,0.20,0.30,28.31,17,17,0
2141134,0.35,0.30,0.40,28.99,17,17,0,0.01,-0.10,0.10,28.50,17,17,0,1706.49,1666.70,1739.90,24.17,17,0,0,0.50,0.50,0.50,28.26,17,17,0,0.10,0.10,0.10,29.08,17,17,0,1.09,1.00,1.10,28.70,17,17,0,0.24,0.20,0.30,28.32,17,17,0
2141634,0.35,0.30,0.40,29.00,17,17,0,-0.01,-0.10,0.10,28.53,17,17,0,1674.76,1638.60,1731.10,24.17,17,0,0,0.50,0.50,0.50,28.26,17,17,0,0.10,0.10,0.10,29.07,17,17,0,1.08,1.00,1.10,28.69,17,17,0,0.24,0.20,0.30,28.32,17,17,0
2142134,0.36,0.30,0.40,29.00,17,17,0,0.00,-0.10,0.10,28.52,17,17,0,1695.58,1647.40,1742.30,24.18,17,0,0,0.51,0.50,0.60,28.27,17,17,0,0.10,0.10,0.10,29.08,17,17,0,1.07,1.00,1.10,28.68,17,17,0,0.22,0.20,0.30,28.32,17,17,0
2142637,0.37,0.30,0.40,29.00,17,17,0,-0.02,-0.10,0.00,28.50,17,17,0,1695.91,1657.30,1731.00,24.17,17,0,0,0.51,0.50,0.60,28.26,17,17,0,0.10,0.10,0.10,29.06,17,17,0,1.08,1.00,1.10,28.68,17,17,0,0.23,0.20,0.30,28.33,17,17,0
2143137,0.35,0.30,0.40,29.00,17,17,0,-0.01,-0.10,0.10,28.51,17,17,0,1682.84,1661.10,1720.20,24.18,17,0,0,0.50,0.50,0.50,28.27,17,17,0,0.09,0.00,0.10,29.08,17,17,0,1.08,1.00,1.10,28.69,17,17,0,0.24,0.20,0.30,28.31,17,17,0
2143637,0.36,0.30,0.40,28.99,17,17,0,-0.01,-0.10,0.10,28.52,17,17,0,1707.12,1673.00,1730.40,24.18,17,0,0,0.50,0.50,0.50,28.27,17,17,0,0.10,0.10,0.10,29.08,17,17,0,1.09,1.00,1.10,28.68,17,17,0,0.22,0.20,0.30,28.33,17,17,0
2144137,0.36,0.30,0.40,29.00,17,17,0,-0.04,-0.10,0.10,28.52,17,17,0,1677.06,1667.30,1688.80,24.18,17,0,0,0.50,0.50,0.50,28.28,17,17,0,0.10,0.00,0.20,29.09,17,17,0,1.08,1.00,1.10,28.69,17,17,0,0.24,0.20,0.30,28.31,17,17,0
2144637,0.34,0.30,0.40,28.99,17,17,0,-0.01,-0.10,0.10,28.50,17,17,0,1712.94,1696.70,1727.10,24.19,17,0,0,0.50,0.50,0.50,28.26,17,17,0,0.09,0.00,0.10,29.07,17,17,0,1.08,1.00,1.10,28.67,17,17,0,0.22,0.20,0.30,28.32,17,17,0
2145137,0.36,0.30,0.40,28.99,17,17,0,-0.01,-0.10,0.10,28.52,17,17,0,1702.91,1685.20,1724.80,24.17,17,0,0,0.51,0.50,0.60,28.27,17,17,0,0.10,0.10,0.10,29.06,17,17,0,1.10,1.10,1.10,28.68,17,17,0,0.24,0.20,0.30,28.32,17,17,0
2145637,0.36,0.30,0.40,28.98,17,17,0,-0.01,-0.10,0.10,28.52,17,17,0,1717.34,1703.20,1733.20,24.16,17,0,0,0.51,0.50,0.60,28.27,17,17,0,0.10,0.10,0.10,29.06,17,17,0,1.09,1.00,1.10,28.69,17,17,0,0.25,0.20,0.30,28.33,17,17,0
2146148,0.35,0.30,0.40,28.99,17,17,0,-0.01,-0.10,0.10,28.51,17,17,0,1734.58,1711.00,1756.10,24.17,17,0,0,0.51,0.50,0.60,28.26,17,17,0,0.09,0.00,0.10,29.07,17,17,0,1.09,1.00,1.10,28.69,17,17,0,0.22,0.20,0.30,28.31,17,17,0
2146648,0.36,0.30,0.40,28.99,17,17,0,-0.02,-0.10,0.10,28.51,17,17,0,1730.98,1711.70,1752.10,24.18,17,0,0,0.51,0.50,0.60,28.26,17,17,0,0.10,0.10,0.10,29.09,17,17,0,1.09,1.00,1.10,28.70,17,17,0,0.22,0.20,0.30,28.34,17,17,0
2147148,0.36,0.30,0.40,28.98,17,17,0,-0.04,-0.10,0.10,28.51,17,17,0,1779.41,1744.60,1813.00,24.16,17,0,0,0.50,0.50,0.50,28.27,17,17,0,0.10,0.10,0.10,29.08,17,17,0,1.10,1.10,1.10,28.70,17,17,0,0.23,0.20,0.30,28.33,17,17,0
2147648,0.37,0.30,0.40,28.97,17,17,0,-0.05,-0.10,0.00,28.51,17,17,0,1766.55,1745.30,1793.10,24.14,17,0,0,0.50,0.50,0.50,28.27,17,17,0,0.10,0.10,0.10,29.09,17,17,0,1.09,1.00,1.10,28.68,17,17,0,0.24,0.20,0.30,28.32,17,17,0
2148150,0.35,0.30,0.40,29.00,17,17,0,-0.05,-0.10,0.00,28.52,17,17,0,1788.88,1759.80,1809.30,24.16,17,0,0,0.50,0.50,0.50,28.25,17,17,0,0.10,0.00,0.20,29.07,17,17,0,1.08,1.00,1.10,28.70,17,17,0,0.23,0.20,0.30,28.32,17,17,0
2148650,0.37,0.30,0.40,28.99,17,17,0,-0.05,-0.10,0.10,28.52,17,17,0,1773.95,1753.80,1796.10,24.16,17,0,0,0.50,0.50,0.50,28.25,17,17,0,0.10,0.00,0.20,29.06,17,17,0,1.10,1.10,1.10,28.69,17,17,0,0.22,0.20,0.30,28.33,17,17,0
2149150,0.36,0.30,0.40,28.99,17,17,0,-0.02,-0.10,0.00,28.52,17,17,0,1770.18,1736.20,1799.00,24.18,17,0,0,0.49,0.40,0.60,28.27,17,17,0,0.11,0.10,0.20,29.06,17,17,0,1.08,1.00,1.10,28.69,17,17,0,0.23,0.20,0.30,28.34,17,17,0
2149650,0.36,0.30,0.40,28.99,17,17,0,-0.03,-0.10,0.10,28.51,17,17,0,1774.29,1739.10,1812.00,24.17,17,0,0,0.50,0.50,0.50,28.26,17,17,0,0.10,0.10,0.10,29.07,17,17,0,1.09,1.00,1.10,28.69,17,17,0,0.23,0.20,0.30,28.34,17,17,0
2150150,0.35,0.30,0.40,29.00,17,17,0,-0.01,-0.10,0.00,28.52,17,17,0,1748.06,1712.30,1792.80,24.16,17,0,0,0.50,0.50,0.50,28.28,17,17,0,0.10,0.00,0.20,29.07,17,17,0,1.08,1.00,1.10,28.69,17,17,0,0.24,0.20,0.30,28.31,17,17,0
2150650,0.35,0.30,0.40,28.98,17,17,0,-0.01,-0.10,0.00,28.52,17,17,0,1759.33,1731.60,1781.10,24.16,17,0,0,0.50,0.50,0.50,28.25,17,17,0,0.09,0.00,0.10,29.09,17,17,0,1.06,1.00,1.10,28.69,17,17,0,0.23,0.20,0.30,28.33,17,17,0
2151150,0.36,0.30,0.40,29.00,17,17,0,0.00,-0.10,0.10,28.52,17,17,0,1715.42,1692.60,1727.90,24.17,17,0,0,0.50,0.50,0.50,28.26,17,17,0,0.11,0.10,0.20,29.07,17,17,0,1.08,1.00,1.10,28.69,17,17,0,0.24,0.20,0.30,28.33,17,17,0
2151652,0.37,0.30,0.40,28.99,17,17,0,-0.02,-0.10,0.10,28.52,17,17,0,1742.09,1713.80,1764.20,24.17,17,0,0,0.51,0.50,0.60,28.25,17,17,0,0.10,0.10,0.10,29.08,17,17,0,1.07,1.00,1.10,28.71,17,17,0,0.24,0.20,0.30,28.32,17,17,0
2152152,0.35,0.30,0.40,28.99,17,17,0,0.00,-0.10,0.10,28.51,17,17,0,1706.31,1689.90,1732.00,24.16,17,0,0,0.50,0.50,0.50,28.25,17,17,0,0.11,0.10,0.20,29.07,17,17,0,1.08,1.00,1.10,28.70,17,17,0,0.25,0.20,0.30,28.33,17,17,0
2152652,0.34,0.30,0.40,29.00,17,17,0,-0.02,-0.10,0.00,28.50,17,17,0,1722.83,1696.10,1747.70,24.18,17,0,0,0.51,0.50,0.60,28.27,17,17,0,0.11,0.10,0.20,29.09,17,17,0,1.09,1.00,1.10,28.68,17,17,0,0.22,0.20,0.30,28.33,17,17,0
2153161,0.36,0.30,0.40,29.00,17,17,0,-0.04,-0.10,0.10,28.51,17,17,0,1710.46,1693.30,1730.90,24.17,17,0,0,0.50,0.50,0.50,28.27,17,17,0,0.09,0.00,0.20,29.06,17,17,0,1.09,1.00,1.10,28.68,17,17,0,0.24,0.20,0.30,28.31,17,17,0
2153661,0.36,0.30,0.40,28.99,17,17,0,-0.02,-0.10,0.10,28.51,17,17,0,1681.23,1655.80,1717.30,24.18,17,0,0,0.51,0.50,0.60,28.25,17,17,0,0.09,0.00,0.10,29.08,17,17,0,1.09,1.00,1.10,28.69,17,17,0,0.24,0.20,0.30,28.32,17,17,0
2154161,0.35,0.30,0.40,29.00,17,17,0,-0.02,-0.10,0.10,28.51,17,17,0,1698.83,1672.00,1720.40,24.18,17,0,0,0.51,0.50,0.60,28.26,17,17,0,0.11,0.00,0.20,29.06,17,17,0,1.10,1.10,1.10,28.69,17,17,0,0.24,0.20,0.30,28.33,17,17,0
2154661,0.34,0.30,0.40,29.00,17,17,0,-0.04,-0.10,0.10,28.51,17,17,0,1664.15,1646.40,1687.70,24.18,17,0,0,0.51,0.50,0.60,28.25,17,17,0,0.09,0.00,0.10,29.08,17,17,0,1.08,1.00,1.10,28.69,17,17,0,0.23,0.20,0.30,28.33,17,17,0
2155163,0.36,0.30,0.40,28.99,17,17,0,-0.03,-0.10,0.00,28.52,17,17,0,1702.53,1676.40,1729.40,24.18,17,0,0,0.51,0.50,0.60,28.27,17,17,0,0.10,0.10,0.10,29.09,17,17,0,1.08,1.00,1.10,28.69,17,17,0,0.24,0.20,0.30,28.32,17,17,0
2155663,0.32,0.30,0.40,28.99,17,17,0,-0.01,-0.10,0.10,28.53,17,17,0,1661.85,1643.00,1691.30,24.18,17,0,0,0.51,0.50,0.60,28.27,17,17,0,0.10,0.10,0.10,29.08,17,17,0,1.09,1.00,1.10,28.69,17,17,0,0.22,0.20,0.30,28.32,17,17,0
2156167,0.36,0.30,0.40,29.00,17,17,0,-0.01,-0.10,0.10,28.53,17,17,0,1682.56,1649.90,1714.10,24.17,17,0,0,0.51,0.50,0.60,28.26,17,17,0,0.10,0.10,0.10,29.08,17,17,0,1.09,1.00,1.10,28.72,17,17,0,0.24,0.20,0.30,28.32,17,17,0
2156667,0.36,0.30,0.40,29.00,17,17,0,-0.02,-0.10,0.10,28.52,17,17,0,1675.86,1644.60,1706.90,24.18,17,0,0,0.52,0.50,0.60,28.27,17,17,0,0.10,0.10,0.10,29.07,17,17,0,1.09,1.00,1.10,28.68,17,17,0,0.24,0.20,0.30,28.32,17,17,0
2157167,0.36,0.30,0.40,28.99,17,17,0,-0.03,-0.10,0.00,28.50,17,17,0,1676.94,1651.80,1710.60,24.18,17,0,0,0.50,0.50,0.50,28.27,17,17,0,0.10,0.10,0.10,29.09,17,17,0,1.09,1.00,1.10,28.68,17,17,0,0.22,0.20,0.30,28.32,17,17,0
2157667,0.34,0.30,0.40,28.99,17,17,0,-0.01,-0.10,0.10,28.54,17,17,0,1696.73,1657.10,1717.90,24.18,17,0,0,0.50,0.50,0.50,28.27,17,17,0,0.11,0.10,0.20,29.09,17,17,0,1.08,1.00,1.10,28.70,17,17,0,0.23,0.20,0.30,28.33,17,17,0
2158167,0.36,0.30,0.40,29.00,17,17,0,-0.01,-0.10,0.00,28.52,17,17,0,1661.99,1643.10,1698.50,24.17,17,0,0,0.51,0.50,0.60,28.26,17,17,0,0.10,0.10,0.10,29.07,17,17,0,1.08,1.00,1.10,28.70,17,17,0,0.22,0.20,0.30,28.33,17,17,0
2158669,0.36,0.30,0.40,28.98,17,17,0,-0.05,-0.10,0.10,28.51,17,17,0,1708.05,1676.10,1726.60,24.17,17,0,0,0.51,0.50,0.60,28.27,17,17,0,0.10,0.10,0.10,29.10,17,17,0,1.08,1.00,1.10,28.69,17,17,0,0.22,0.20,0.30,28.32,17,17,0
2159169,0.35,0.30,0.40,29.00,17,17,0,-0.02,-0.10,0.10,28.52,17,17,0,1663.02,1648.50,1692.00,24.17,17,0,0,0.51,0.50,0.60,28.25,17,17,0,0.09,0.00,0.10,29.08,17,17,0,1.09,1.00,1.10,28.68,17,17,0,0.24,0.20,0.30,28.32,17,17,0
2159669,0.36,0.30,0.40,29.00,17,17,0,-0.02,-0.10,0.10,28.51,17,17,0,1698.35,1665.00,1722.70,24.18,17,0,0,0.50,0.50,0.50,28.26,17,17,0,0.10,0.10,0.10,29.08,17,17,0,1.08,1.00,1.10,28.69,17,17,0,0.22,0.20,0.30,28.33,17,17,0
2160169,0.37,0.30,0.40,28.99,17,17,0,-0.03,-0.10,0.00,28.53,17,17,0,1683.19,1655.60,1719.80,24.17,17,0,0,0.50,0.50,0.50,28.26,17,17,0,0.10,0.10,0.10,29.08,17,17,0,1.06,1.00,1.10,28.71,17,17,0,0.22,0.20,0.30,28.33,17,17,0
2160669,0.35,0.30,0.40,29.00,17,17,0,-0.03,-0.10,0.10,28.50,17,17,0,1683.06,1645.30,1723.90,24.17,17,0,0,0.51,0.50,0.60,28.27,17,17,0,0.10,0.10,0.10,29.07,17,17,0,1.09,1.00,1.10,28.69,17,17,0,0.23,0.20,0.30,28.32,17,17,0
2161169,0.36,0.30,0.40,28.99,17,17,0,-0.04,-0.10,0.10,28.50,17,17,0,1695.75,1659.70,1732.40,24.16,17,0,0,0.51,0.50,0.60,28.26,17,17,0,0.10,0.10,0.10,29.09,17,17,0,1.08,1.00,1.10,28.67,17,17,0,0.24,0.20,0.30,28.32,17,17,0
2161669,0.37,0.30,0.40,29.00,17,17,0,-0.01,-0.10,0.10,28.53,17,17,0,1678.64,1657.00,1708.40,24.18,17,0,0,0.51,0.50,0.60,28.26,17,17,0,0.10,0.10,0.10,29.07,17,17,0,1.07,1.00,1.10,28.67,17,17,0,0.23,0.20,0.30,28.32,17,17,0
2162169,0.34,0.30,0.40,29.00,17,17,0,-0.03,-0.10,0.10,28.52,17,17,0,1713.62,1684.30,1734.70,24.17,17,0,0,0.50,0.50,0.50,28.27,17,17,0,0.11,0.10,0.20,29.08,17,17,0,1.09,1.00,1.10,28.69,17,17,0,0.23,0.20,0.30,28.33,17,17,0
2162669,0.37,0.30,0.40,28.99,17,17,0,-0.04,-0.10,0.10,28.51,17,17,0,1703.81,1688.20,1724.30,24.16,17,0,0,0.51,0.50,0.60,28.26,17,17,0,0.10,0.10,0.10,29.07,17,17,0,1.10,1.10,1.10,28.69,17,17,0,0.24,0.20,0.30,28.34,17,17,0
2163174,0.36,0.30,0.40,28.99,17,17,0,-0.02,-0.10,0.10,28.50,17,17,0,1722.96,1693.60,1744.80,24.18,17,0,0,0.50,0.50,0.50,28.26,17,17,0,0.11,0.10,0.20,29.06,17,17,0,1.07,1.00,1.10,28.69,17,17,0,0.26,0.20,0.30,28.32,17,17,0
2163674,0.36,0.30,0.40,29.00,17,17,0,-0.02,-0.10,0.00,28.51,17,17,0,1725.21,1699.80,1746.40,24.18,17,0,0,0.50,0.50,0.50,28.26,17,17,0,0.11,0.10,0.20,29.09,17,17,0,1.08,1.00,1.10,28.70,17,17,0,0.22,0.20,0.30,28.31,17,17,0
2164174,0.35,0.30,0.40,29.00,17,17,0,0.01,-0.10,0.10,28.52,17,17,0,1742.71,1727.00,1756.80,24.17,17,0,0,0.50,0.40,0.60,28.24,17,17,0,0.10,0.10,0.10,29.08,17,17,0,1.09,1.00,1.10,28.70,17,17,0,0.23,0.20,0.30,28.32,17,17,0
2164678,0.37,0.30,0.40,28.99,16,16,0,-0.03,-0.10,0.10,28.52,16,16,0,1765.92,1745.90,1784.60,24.16,16,0,0,0.50,0.50,0.50,28.26,16,16,0,0.10,0.10,0.10,29.07,16,16,0,1.06,1.00,1.10,28.69,16,16,0,0.24,0.20,0.30,28.32,16,16,0
2165183,0.37,0.30,0.40,28.99,17,17,0,-0.02,-0.10,0.10,28.51,17,17,0,1756.05,1739.80,1780.80,24.17,17,0,0,0.51,0.50,0.60,28.26,17,17,0,0.10,0.10,0.10,29.07,17,17,0,1.08,1.00,1.10,28.69,17,17,0,0.24,0.20,0.30,28.33,17,17,0
2165683,0.36,0.30,0.40,28.98,17,17,0,-0.02,-0.10,0.10,28.51,17,17,0,1788.11,1762.50,1801.50,24.16,17,0,0,0.52,0.50,0.60,28.26,17,17,0,0.09,0.00,0.10,29.07,17,17,0,1.08,1.00,1.10,28.67,17,17,0,0.25,0.20,0.30,28.32,17,17,0
2166183,0.36,0.30,0.40,29.01,17,17,0,-0.02,-0.10,0.00,28.51,17,17,0,1765.05,1751.20,1782.60,24.15,17,0,0,0.50,0.50,0.50,28.26,17,17,0,0.09,0.00,0.10,29.08,17,17,0,1.06,1.00,1.10,28.69,17,17,0,0.22,0.20,0.30,28.32,17,17,0
2166683,0.36,0.30,0.40,28.99,17,17,0,-0.02,-0.10,0.00,28.52,17,17,0,1795.97,1762.50,1820.90,24.16,17,0,0,0.50,0.50,0.50,28.26,17,17,0,0.10,0.10,0.10,29.07,17,17,0,1.09,1.00,1.10,28.70,17,17,0,0.24,0.20,0.30,28.33,17,17,0
2167183,0.36,0.30,0.40,29.01,17,17,0,-0.02,-0.10,0.10,28.51,17,17,0,1769.31,1746.30,1801.20,24.17,17,0,0,0.51,0.50,0.60,28.27,17,17,0,0.10,0.10,0.10,29.07,17,17,0,1.09,1.00,1.10,28.70,17,17,0,0.25,0.20,0.30,28.32,17,17,0
2167683,0.35,0.30,0.40,28.99,17,17,0,-0.02,-0.10,0.10,28.52,17,17,0,1756.32,1719.30,1798.00,24.17,17,0,0,0.50,0.50,0.50,28.25,17,17,0,0.10,0.10,0.10,29.08,17,17,0,1.08,1.00,1.10,28.70,17,17,0,0.24,0.20,0.30,28.32,17,17,0
2168185,0.36,0.30,0.40,28.98,17,17,0,0.01,-0.10,0.10,28.51,17,17,0,1762.31,1729.30,1792.20,24.18,17,0,0,0.51,0.50,0.60,28.27,17,17,0,0.10,0.10,0.10,29.08,17,17,0,1.08,1.00,1.10,28.68,17,17,0,0.23,0.20,0.30,28.33,17,17,0
2168685,0.37,0.30,0.40,29.00,17,17,0,-0.03,-0.10,0.10,28.52,17,17,0,1722.50,1694.80,1774.00,24.17,17,0,0,0.51,0.50,0.60,28.26,17,17,0,0.09,0.00,0.10,29.08,17,17,0,1.08,1.00,1.10,28.71,17,17,0,0.22,0.20,0.30,28.31,17,17,0
2169190,0.36,0.30,0.40,28.98,17,17,0,-0.02,-0.10,0.10,28.52,17,17,0,1748.39,1713.00,1774.40,24.16,17,0,0,0.50,0.50,0.50,28.25,17,17,0,0.10,0.10,0.10,29.06,17,17,0,1.08,1.00,1.10,28.68,17,17,0,0.26,0.20,0.30,28.34,17,17,0
2169690,0.37,0.30,0.40,29.00,17,17,0,-0.02,-0.10,0.10,28.51,17,17,0,1696.52,1672.50,1719.70,24.17,17,0,0,0.51,0.50,0.60,28.25,17,17,0,0.11,0.10,0.20,29.07,17,17,0,1.08,1.00,1.10,28.70,17,17,0,0.21,0.20,0.30,28.34,17,17,0
2170192,0.36,0.30,0.40,28.99,17,17,0,-0.02,-0.10,0.00,28.52,17,17,0,1731.81,1695.10,1759.90,24.17,17,0,0,0.52,0.50,0.60,28.26,17,17,0,0.11,0.10,0.20,29.08,17,17,0,1.08,1.00,1.10,28.70,17,17,0,0.25,0.20,0.30,28.33,17,17,0
2170692,0.34,0.30,0.40,29.00,17,17,0,-0.05,-0.10,0.00,28.51,17,17,0,1696.44,1676.30,1728.00,24.15,17,0,0,0.51,0.50,0.60,28.25,17,17,0,0.10,0.10,0.10,29.07,17,17,0,1.07,1.00,1.10,28.68,17,17,0,0.23,0.20,0.30,28.31,17,17,0
2171200,0.36,0.30,0.40,28.99,17,17,0,-0.01,-0.10,0.10,28.52,17,17,0,1686.85,1647.20,1726.70,24.19,17,0,0,0.50,0.50,0.50,28.26,17,17,0,0.09,0.00,0.20,29.07,17,17,0,1.08,1.00,1.10,28.70,17,17,0,0.23,0.20,0.30,28.34,17,17,0
2171706,0.35,0.30,0.40,29.01,17,17,0,-0.02,-0.10,0.00,28.52,17,17,0,1691.59,1653.20,1729.70,24.18,17,0,0,0.51,0.50,0.60,28.25,17,17,0,0.09,0.00,0.10,29.06,17,17,0,1.08,1.00,1.10,28.70,17,17,0,0.22,0.20,0.30,28.33,17,17,0
2172206,0.36,0.30,0.40,28.99,17,17,0,-0.02,-0.10,0.00,28.52,17,17,0,1681.78,1655.30,1713.20,24.17,17,0,0,0.51,0.50,0.60,28.23,17,17,0,0.09,0.00,0.10,29.07,17,17,0,1.08,1.00,1.10,28.70,17,17,0,0.24,0.20,0.30,28.33,17,17,0
2172713,0.36,0.30,0.40,29.00,17,17,0,-0.04,-0.10,0.00,28.52,17,17,0,1698.08,1671.50,1717.60,24.17,17,0,0,0.51,0.40,0.60,28.24,17,17,0,0.09,0.00,0.10,29.06,17,17,0,1.10,1.10,1.10,28.68,17,17,0,0.24,0.20,0.30,28.34,17,17,0
2173213,0.35,0.30,0.40,28.98,17,17,0,-0.02,-0.10,0.10,28.53,17,17,0,1664.16,1643.40,1689.10,24.18,17,0,0,0.50,0.50,0.50,28.25,17,17,0,0.10,0.10,0.10,29.08,17,17,0,1.09,1.00,1.10,28.69,17,17,0,0.24,0.20,0.30,28.32,17,17,0
2173713,0.34,0.30,0.40,28.99,17,17,0,-0.03,-0.10,0.10,28.53,17,17,0,1699.41,1668.10,1722.10,24.18,17,0,0,0.51,0.50,0.60,28.27,17,17,0,0.10,0.00,0.20,29.07,17,17,0,1.09,1.00,1.10,28.70,17,17,0,0.23,0.20,0.30,28.34,17,17,0
2174213,0.36,0.30,0.40,29.00,17,17,0,-0.03,-0.10,0.00,28.52,17,17,0,1670.10,1650.40,1693.30,24.19,17,0,0,0.50,0.50,0.50,28.26,17,17,0,0.11,0.10,0.20,29.08,17,17,0,1.10,1.10,1.10,28.69,17,17,0,0.22,0.20,0.30,28.32,17,17,0
2174720,0.35,0.30,0.40,28.97,17,17,0,-0.02,-0.10,0.00,28.54,17,17,0,1700.03,1674.80,1727.10,24.16,17,0,0,0.51,0.50,0.60,28.26,17,17,0,0.10,0.10,0.10,29.08,17,17,0,1.09,1.00,1.10,28.69,17,17,0,0.23,0.20,0.30,28.33,17,17,0
2175220,0.35,0.30,0.40,29.00,17,17,0,-0.04,-0.10,0.00,28.51,17,17,0,1689.66,1662.60,1716.40,24.17,17,0,0,0.50,0.50,0.50,28.26,17,17,0,0.09,0.00,0.10,29.07,17,17,0,1.09,1.00,1.10,28.68,17,17,0,0.25,0.20,0.30,28.33,17,17,0
2175725,0.32,0.30,0.40,29.00,17,17,0,-0.02,-0.10,0.00,28.51,17,17,0,1668.40,1649.50,1703.70,24.16,17,0,0,0.50,0.50,0.50,28.28,17,17,0,0.11,0.10,0.20,29.09,17,17,0,1.10,1.10,1.10,28.70,17,17,0,0.25,0.20,0.30,28.33,17,17,0
2176225,0.34,0.30,0.40,28.99,17,17,0,-0.03,-0.10,0.10,28.51,17,17,0,1701.95,1655.50,1730.60,24.17,17,0,0,0.51,0.50,0.60,28.26,17,17,0,0.10,0.10,0.10,29.08,17,17,0,1.08,1.00,1.10,28.69,17,17,0,0.25,0.20,0.30,28.31,17,17,0
2176725,0.34,0.30,0.40,28.98,17,17,0,0.00,0.00,0.00,28.51,17,17,0,1669.51,1656.20,1703.70,24.17,17,0,0,0.50,0.50,0.50,28.25,17,17,0,0.09,0.00,0.10,29.08,17,17,0,1.08,1.00,1.10,28.72,17,17,0,0.24,0.20,0.30,28.32,17,17,0
2177234,0.33,0.30,0.40,29.00,17,17,0,-0.04,-0.10,0.10,28.51,17,17,0,1707.21,1679.00,1728.50,24.16,17,0,0,0.51,0.50,0.60,28.26,17,17,0,0.09,0.00,0.10,29.07,17,17,0,1.09,1.00,1.10,28.69,17,17,0,0.23,0.20,0.30,28.32,17,17,0
2177734,0.35,0.30,0.40,29.00,17,17,0,-0.01,-0.10,0.00,28.52,17,17,0,1667.99,1648.80,1696.40,24.18,17,0,0,0.51,0.50,0.60,28.26,17,17,0,0.10,0.10,0.10,29.07,17,17,0,1.07,1.00,1.10,28.71,17,17,0,0.22,0.20,0.30,28.33,17,17,0
2178236,0.32,0.30,0.40,28.98,17,17,0,-0.04,-0.10,0.00,28.51,17,17,0,1690.84,1643.60,1725.10,24.18,17,0,0,0.49,0.40,0.50,28.27,17,17,0,0.10,0.10,0.10,29.08,17,17,0,1.08,1.00,1.10,28.69,17,17,0,0.25,0.20,0.30,28.33,17,17,0
2178740,0.35,0.30,0.40,28.99,17,17,0,-0.03,-0.10,0.00,28.52,17,17,0,1681.96,1628.90,1738.90,24.16,17,0,0,0.50,0.50,0.50,28.25,17,17,0,0.10,0.10,0.10,29.08,17,17,0,1.08,1.00,1.10,28.69,17,17,0,0.23,0.20,0.30,28.34,17,17,0
2179240,0.37,0.30,0.40,28.97,17,17,0,-0.02,-0.10,0.10,28.53,17,17,0,1686.31,1659.70,1727.30,24.16,17,0,0,0.51,0.50,0.60,28.26,17,17,0,0.09,0.00,0.10,29.07,17,17,0,1.08,1.00,1.10,28.70,17,17,0,0.24,0.20,0.30,28.34,17,17,0
2179742,0.37,0.30,0.40,28.98,17,17,0,-0.01,-0.10,0.10,28.51,17,17,0,1708.31,1681.80,1732.10,24.17,17,0,0,0.50,0.50,0.50,28.27,17,17,0,0.11,0.10,0.20,29.07,17,17,0,1.09,1.00,1.10,28.68,17,17,0,0.21,0.20,0.30,28.32,17,17,0
2180242,0.35,0.30,0.40,28.98,17,17,0,-0.04,-0.10,0.00,28.51,17,17,0,1689.55,1674.50,1711.50,24.17,17,0,0,0.51,0.50,0.60,28.26,17,17,0,0.09,0.00,0.10,29.07,17,17,0,1.10,1.10,1.10,28.68,17,17,0,0.24,0.20,0.30,28.33,17,17,0
2180743,0.36,0.30,0.40,29.00,17,17,0,-0.05,-0.10,0.00,28.53,17,17,0,1715.35,1690.80,1737.20,24.16,17,0,0,0.50,0.50,0.50,28.26,17,17,0,0.10,0.10,0.10,29.07,17,17,0,1.09,1.00,1.10,28.69,17,17,0,0.25,0.20,0.30,28.31,17,17,0
2181243,0.36,0.30,0.40,28.99,17,17,0,-0.03,-0.10,0.10,28.52,17,17,0,1719.88,1691.50,1747.40,24.16,17,0,0,0.50,0.50,0.50,28.27,17,17,0,0.09,0.00,0.10,29.07,17,17,0,1.07,1.00,1.10,28.70,17,17,0,0.22,0.20,0.30,28.34,17,17,0
2181743,0.35,0.30,0.40,29.00,17,17,0,-0.01,-0.10,0.00,28.52,17,17,0,1749.86,1728.30,1768.30,24.17,17,0,0,0.50,0.50,0.50,28.27,17,17,0,0.10,0.00,0.20,29.09,17,17,0,1.09,1.00,1.10,28.69,17,17,0,0.23,0.20,0.30,28.32,17,17,0
2182243,0.37,0.30,0.40,29.00,17,17,0,-0.01,-0.10,0.10,28.51,17,17,0,1757.18,1732.80,1781.40,24.15,17,0,0,0.50,0.50,0.50,28.26,17,17,0,0.09,0.00,0.10,29.07,17,17,0,1.09,1.00,1.10,28.70,17,17,0,0.24,0.20,0.30,28.33,17,17,0
2182743,0.35,0.30,0.40,28.98,17,17,0,-0.04,-0.10,0.00,28.52,17,17,0,1759.69,1743.00,1778.80,24.17,17,0,0,0.50,0.50,0.50,28.26,17,17,0,0.10,0.10,0.10,29.07,17,17,0,1.09,1.00,1.10,28.70,17,17,0,0.24,0.20,0.30,28.32,17,17,0
2183256,0.35,0.30,0.40,29.00,17,17,0,-0.02,-0.10,0.10,28.52,17,17,0,1787.06,1763.00,1806.20,24.15,17,0,0,0.50,0.50,0.50,28.26,17,17,0,0.09,0.00,0.20,29.07,17,17,0,1.08,1.00,1.10,28.69,17,17,0,0.25,0.20,0.30,28.32,17,17,0
2183756,0.33,0.30,0.40,29.00,17,17,0,-0.04,-0.10,0.10,28.53,17,17,0,1760.46,1746.90,1781.70,24.15,17,0,0,0.50,0.50,0.50,28.27,17,17,0,0.10,0.10,0.10,29.08,17,17,0,1.06,1.00,1.10,28.70,17,17,0,0.23,0.20,0.30,28.33,17,17,0
2184258,0.34,0.30,0.40,28.98,17,17,0,-0.02,-0.10,0.10,28.53,17,17,0,1796.88,1767.10,1816.00,24.15,17,0,0,0.50,0.50,0.50,28.27,17,17,0,0.11,0.10,0.20,29.08,17,17,0,1.08,1.00,1.10,28.72,17,17,0,0.23,0.20,0.30,28.33,17,17,0
2184758,0.34,0.30,0.40,28.98,17,17,0,-0.05,-0.10,0.00,28.50,17,17,0,1764.63,1755.00,1776.30,24.16,17,0,0,0.51,0.50,0.60,28.27,17,17,0,0.10,0.10,0.10,29.07,17,17,0,1.09,1.00,1.10,28.69,17,17,0,0.24,0.20,0.30,28.33,17,17,0
2185258,0.35,0.30,0.40,28.99,17,17,0,-0.04,-0.10,0.00,28.52,17,17,0,1770.94,1731.30,1798.70,24.16,17,0,0,0.50,0.50,0.50,28.27,17,17,0,0.09,0.00,0.10,29.09,17,17,0,1.08,1.00,1.10,28.69,17,17,0,0.22,0.20,0.30,28.33,17,17,0
2185758,0.36,0.30,0.40,29.00,17,17,0,-0.02,-0.10,0.00,28.51,17,17,0,1746.52,1720.10,1775.80,24.15,17,0,0,0.50,0.50,0.50,28.27,17,17,0,0.09,0.00,0.10,29.08,17,17,0,1.09,1.00,1.10,28.70,17,17,0,0.24,0.20,0.30,28.34,17,17,0
2186258,0.35,0.30,0.40,28.99,17,17,0,-0.02,-0.10,0.10,28.52,17,17,0,1727.06,1692.90,1770.80,24.16,17,0,0,0.50,0.50,0.50,28.26,17,17,0,0.09,0.00,0.10,29.08,17,17,0,1.08,1.00,1.10,28.70,17,17,0,0.25,0.20,0.30,28.33,17,17,0
2186758,0.35,0.30,0.40,29.00,17,17,0,-0.01,-0.10,0.10,28.53,17,17,0,1742.14,1706.30,1768.00,24.18,17,0,0,0.51,0.50,0.60,28.26,17,17,0,0.11,0.10,0.20,29.08,17,17,0,1.09,1.00,1.10,28.70,17,17,0,0.24,0.20,0.30,28.33,17,17,0
2187258,0.35,0.30,0.40,28.98,17,17,0,-0.03,-0.10,0.10,28.53,17,17,0,1706.07,1682.50,1741.50,24.17,17,0,0,0.50,0.50,0.50,28.26,17,17,0,0.09,0.00,0.20,29.07,17,17,0,1.07,1.00,1.10,28.70,17,17,0,0.24,0.20,0.30,28.33,17,17,0
2187758,0.35,0.30,0.40,28.99,17,17,0,-0.01,-0.10,0.00,28.51,17,17,0,1729.23,1706.40,1751.40,24.16,17,0,0,0.50,0.50,0.50,28.26,17,17,0,0.11,0.10,0.20,29.08,17,17,0,1.08,1.00,1.10,28.71,17,17,0,0.23,0.20,0.30,28.34,17,17,0
2188258,0.35,0.30,0.40,28.98,17,17,0,-0.01,-0.10,0.10,28.52,17,17,0,1692.15,1672.80,1709.00,24.17,17,0,0,0.50,0.50,0.50,28.26,17,17,0,0.11,0.00,0.20,29.07,17,17,0,1.08,1.00,1.10,28.69,17,17,0,0.22,0.20,0.30,28.30,17,17,0
2188760,0.34,0.30,0.40,28.99,17,17,0,-0.02,-0.10,0.10,28.52,17,17,0,1702.34,1657.50,1735.40,24.17,17,0,0,0.51,0.50,0.60,28.28,17,17,0,0.11,0.10,0.20,29.06,17,17,0,1.08,1.00,1.10,28.68,17,17,0,0.22,0.20,0.30,28.34,17,17,0
2189260,0.37,0.30,0.40,29.00,17,17,0,-0.03,-0.10,0.00,28.51,17,17,0,1679.47,1654.70,1717.60,24.18,17,0,0,0.50,0.50,0.50,28.27,17,17,0,0.09,0.00,0.20,29.06,17,17,0,1.08,1.00,1.10,28.69,17,17,0,0.24,0.20,0.30,28.33,17,17,0
2189762,0.35,0.30,0.40,28.99,17,17,0,-0.01,-0.10,0.10,28.52,17,17,0,1685.96,1654.30,1719.10,24.18,17,0,0,0.51,0.50,0.60,28.25,17,17,0,0.09,0.00,0.10,29.07,17,17,0,1.08,1.00,1.10,28.71,17,17,0,0.23,0.20,0.30,28.34,17,17,0
2190262,0.35,0.30,0.40,28.98,17,17,0,-0.04,-0.10,0.00,28.51,17,17,0,1692.95,1656.20,1722.60,24.19,17,0,0,0.50,0.50,0.50,28.27,17,17,0,0.09,0.00,0.10,29.07,17,17,0,1.09,1.00,1.10,28.68,17,17,0,0.24,0.20,0.30,28.33,17,17,0
2190762,0.37,0.30,0.40,28.98,17,17,0,-0.03,-0.10,0.10,28.53,17,17,0,1664.84,1640.10,1702.00,24.18,17,0,0,0.50,0.50,0.50,28.27,17,17,0,0.10,0.10,0.10,29.07,17,17,0,1.08,1.00,1.10,28.69,17,17,0,0.22,0.10,0.30,28.34,17,17,0
2191262,0.35,0.30,0.40,29.00,17,17,0,-0.01,-0.10,0.10,28.52,17,17,0,1691.74,1657.30,1718.10,24.17,17,0,0,0.51,0.50,0.60,28.26,17,17,0,0.09,0.00,0.10,29.08,17,17,0,1.08,1.00,1.10,28.70,17,17,0,0.24,0.20,0.30,28.33,17,17,0
2191762,0.36,0.30,0.40,29.00,17,17,0,-0.02,-0.10,0.00,28.51,17,17,0,1659.09,1635.70,1680.90,24.18,17,0,0,0.50,0.50,0.50,28.26,17,17,0,0.10,0.10,0.10,29.08,17,17,0,1.09,1.00,1.10,28.68,17,17,0,0.21,0.20,0.30,28.34,17,17,0
2192264,0.36,0.30,0.40,29.00,17,17,0,-0.05,-0.10,0.00,28.49,17,17,0,1695.81,1662.20,1718.70,24.17,17,0,0,0.50,0.50,0.50,28.26,17,17,0,0.11,0.10,0.20,29.07,17,17,0,1.07,1.00,1.10,28.69,17,17,0,0.22,0.20,0.30,28.33,17,17,0
2192764,0.35,0.30,0.40,28.98,17,17,0,-0.05,-0.10,0.00,28.51,17,17,0,1673.31,1653.30,1702.00,24.18,17,0,0,0.50,0.50,0.50,28.26,17,17,0,0.10,0.10,0.10,29.07,17,17,0,1.08,1.00,1.10,28.70,17,17,0,0.24,0.20,0.30,28.32,17,17,0
2193266,0.36,0.30,0.40,28.99,17,17,0,-0.01,-0.10,0.10,28.53,17,17,0,1679.48,1649.70,1709.40,24.16,17,0,0,0.51,0.50,0.60,28.26,17,17,0,0.09,0.00,0.10,29.08,17,17,0,1.08,1.00,1.10,28.69,17,17,0,0.22,0.20,0.30,28.33,17,17,0
2193766,0.35,0.30,0.40,28.99,17,17,0,-0.04,-0.10,0.00,28.52,17,17,0,1603.74,1133.60,1713.50,24.18,17,0,0,0.51,0.50,0.60,28.26,17,17,0,0.09,0.00,0.10,29.07,17,17,0,1.08,1.00,1.10,28.69,17,17,0,0.25,0.20,0.30,28.32,17,17,0
2194266,0.38,0.30,0.40,28.99,17,17,0,-0.02,-0.10,0.10,28.52,17,17,0,394.19,202.90,842.90,24.32,17,0,0,0.50,0.50,0.50,28.28,17,17,0,0.09,0.00,0.10,29.07,17,17,0,1.08,1.00,1.10,28.71,17,17,0,0.22,0.20,0.30,28.32,17,17,0
2194766,0.35,0.30,0.40,29.00,17,17,0,-0.03,-0.10,0.00,28.52,17,17,0,105.04,65.30,181.90,24.59,17,0,0,0.50,0.50,0.50,28.29,17,17,0,0.10,0.10,0.10,29.08,17,17,0,1.08,1.00,1.10,28.69,17,17,0,0.25,0.20,0.30,28.33,17,17,0
2195266,0.34,0.30,0.40,29.00,17,17,0,-0.02,-0.10,0.10,28.52,17,17,0,56.41,46.90,67.40,24.84,17,0,0,0.50,0.50,0.50,28.27,17,17,0,0.10,0.10,0.10,29.07,17,17,0,1.09,1.00,1.10,28.70,17,17,0,0.25,0.20,0.30,28.32,17,17,0
2195773,0.34,0.30,0.40,29.00,17,17,0,-0.02,-0.10,0.10,28.52,17,17,0,40.98,33.90,47.50,25.01,17,0,0,0.51,0.50,0.60,28.26,17,17,0,0.10,0.10,0.10,29.08,17,17,0,1.08,1.00,1.10,28.71,17,17,0,0.25,0.20,0.30,28.33,17,17,0
2196273,0.33,0.30,0.40,29.01,17,17,0,-0.01,-0.10,0.10,28.53,17,17,0,29.86,25.10,33.60,25.16,17,0,0,0.50,0.50,0.50,28.27,17,17,0,0.10,0.10,0.10,29.07,17,17,0,1.08,1.00,1.10,28.69,17,17,0,0.22,0.20,0.30,28.33,17,17,0
2196773,0.35,0.30,0.40,28.99,17,17,0,-0.03,-0.10,0.10,28.51,17,17,0,23.08,17.80,26.30,25.30,17,0,0,0.50,0.50,0.50,28.27,17,17,0,0.11,0.00,0.20,29.08,17,17,0,1.07,1.00,1.10,28.68,17,17,0,0.24,0.20,0.30,28.33,17,17,0
2197273,0.35,0.30,0.40,28.98,17,17,0,-0.04,-0.10,0.10,28.52,17,17,0,17.89,16.00,20.00,25.43,17,0,0,0.51,0.50,0.60,28.27,17,17,0,0.10,0.10,0.10,29.07,17,17,0,1.09,1.00,1.10,28.70,17,17,0,0.22,0.20,0.30,28.32,17,17,0
2197773,0.35,0.30,0.40,28.99,17,17,0,-0.02,-0.10,0.10,28.52,17,17,0,14.79,12.80,16.60,25.54,17,0,0,0.51,0.50,0.60,28.25,17,17,0,0.10,0.10,0.10,29.09,17,17,0,1.08,1.00,1.10,28.71,17,17,0,0.24,0.20,0.30,28.34,17,17,0
2198273,0.36,0.30,0.40,29.00,18,18,0,-0.04,-0.10,0.10,28.51,18,18,0,11.77,10.50,13.20,25.64,18,0,0,0.50,0.50,0.50,28.25,18,18,0,0.09,0.00,0.10,29.07,18,18,0,1.09,1.00,1.10,28.70,18,18,0,0.26,0.20,0.30,28.32,18,18,0
2198773,0.36,0.30,0.40,28.98,16,16,0,-0.04,-0.10,0.00,28.52,16,16,0,9.99,9.30,10.70,25.74,16,0,0,0.50,0.50,0.50,28.27,16,16,0,0.09,0.00,0.10,29.07,16,16,0,1.09,1.00,1.10,28.68,16,16,0,0.24,0.20,0.30,28.33,16,16,0
2199273,0.38,0.30,0.40,29.00,17,17,0,-0.04,-0.10,0.00,28.52,17,17,0,8.48,7.30,9.50,25.82,17,0,0,0.50,0.50,0.50,28.25,17,17,0,0.09,0.00,0.10,29.07,17,17,0,1.07,1.00,1.10,28.69,17,17,0,0.24,0.20,0.30,28.33,17,17,0
2199773,0.35,0.30,0.40,28.99,18,18,0,-0.03,-0.10,0.10,28.50,18,18,0,7.27,5.70,8.30,25.88,18,0,0,0.50,0.40,0.60,28.26,18,18,0,0.09,0.00,0.20,29.08,18,18,0,1.09,1.00,1.10,28.71,18,18,0,0.24,0.20,0.30,28.33,18,18,0
2200279,0.36,0.30,0.40,29.01,17,17,0,-0.03,-0.10,0.10,28.53,17,17,0,6.17,4.80,7.40,25.94,17,0,0,0.50,0.50,0.50,28.26,17,17,0,0.10,0.10,0.10,29.06,17,17,0,1.08,1.00,1.10,28.69,17,17,0,0.22,0.20,0.30,28.33,17,17,0
2200789,0.33,0.30,0.40,28.99,18,18,0,-0.03,-0.10,0.10,28.52,18,18,0,5.36,4.00,6.30,26.02,18,0,0,0.51,0.50,0.60,28.27,18,18,0,0.11,0.10,0.20,29.07,18,18,0,1.09,1.00,1.10,28.70,18,18,0,0.23,0.20,0.30,28.33,18,18,0
2201289,0.36,0.30,0.40,29.00,17,17,0,-0.04,-0.10,0.00,28.52,17,17,0,4.72,3.80,5.70,26.06,17,0,0,0.51,0.50,0.60,28.27,17,17,0,0.10,0.10,0.10,29.06,17,17,0,1.07,1.00,1.10,28.70,17,17,0,0.22,0.20,0.30,28.34,17,17,0
2201799,0.35,0.30,0.40,29.00,17,17,0,-0.02,-0.10,0.10,28.52,17,17,0,4.49,2.80,5.70,26.09,17,0,0,0.50,0.50,0.50,28.26,17,17,0,0.09,0.00,0.10,29.05,17,17,0,1.09,1.00,1.10,28.70,17,17,0,0.26,0.20,0.30,28.35,17,17,0
2202303,0.36,0.30,0.40,28.99,17,17,0,-0.03,-0.10,0.10,28.51,17,17,0,3.55,2.60,4.60,26.16,17,0,0,0.50,0.50,0.50,28.26,17,17,0,0.09,0.00,0.10,29.07,17,17,0,1.08,1.00,1.10,28.68,17,17,0,0.25,0.20,0.30,28.35,17,17,0
2202813,0.34,0.30,0.40,28.98,17,17,0,-0.03,-0.10,0.00,28.53,17,17,0,3.34,2.20,4.90,26.20,17,0,0,0.50,0.50,0.50,28.26,17,17,0,0.09,0.00,0.10,29.06,17,17,0,1.09,1.00,1.10,28.70,17,17,0,0.22,0.20,0.30,28.33,17,17,0
2203313,0.35,0.30,0.40,28.99,17,17,0,-0.05,-0.10,0.00,28.52,17,17,0,3.31,-1.30,9.90,26.24,17,0,0,0.51,0.50,0.60,28.26,17,17,0,0.09,0.00,0.10,29.09,17,17,0,1.09,1.00,1.10,28.69,17,17,0,0.24,0.20,0.30,28.33,17,17,0
2203822,0.36,0.30,0.40,28.99,18,18,0,-0.05,-0.10,0.00,28.51,18,18,0,1.31,-5.80,4.00,26.28,18,0,0,0.51,0.50,0.60,28.28,18,18,0,0.09,0.00,0.10,29.08,18,18,0,1.08,1.00,1.10,28.70,18,18,0,0.25,0.20,0.30,28.33,18,18,0
2204327,0.35,0.30,0.40,29.00,17,17,0,-0.03,-0.10,0.10,28.52,17,17,0,2.76,-1.90,11.00,26.30,17,0,0,0.51,0.50,0.60,28.27,17,17,0,0.09,0.00,0.10,29.07,17,17,0,1.08,1.00,1.10,28.69,17,17,0,0.24,0.20,0.30,28.33,17,17,0
2204828,0.34,0.30,0.40,29.00,17,17,0,-0.04,-0.10,0.00,28.52,17,17,0,1.63,0.00,3.90,26.35,17,0,0,0.51,0.50,0.60,28.26,17,17,0,0.09,0.00,0.10,29.07,17,17,0,1.09,1.00,1.10,28.70,17,17,0,0.23,0.20,0.30,28.31,17,17,0
2205328,0.37,0.30,0.40,29.00,17,17,0,-0.01,-0.10,0.10,28.54,17,17,0,1.11,0.30,1.90,26.36,17,0,0,0.51,0.50,0.60,28.26,17,17,0,0.11,0.00,0.20,29.07,17,17,0,1.07,1.00,1.10,28.70,17,17,0,0.22,0.20,0.30,28.32,17,17,0
2205828,0.36,0.30,0.40,28.99,17,17,0,-0.04,-0.10,0.10,28.54,17,17,0,1.45,0.80,2.10,26.39,17,0,0,0.50,0.50,0.50,28.27,17,17,0,0.09,0.00,0.10,29.08,17,17,0,1.08,1.00,1.10,28.69,17,17,0,0.25,0.20,0.30,28.33,17,17,0
2206328,0.36,0.30,0.40,29.00,17,17,0,-0.02,-0.10,0.10,28.52,17,17,0,1.33,-0.10,2.20,26.43,17,0,0,0.51,0.50,0.60,28.26,17,17,0,0.10,0.10,0.10,29.07,17,17,0,1.09,1.00,1.10,28.69,17,17,0,0.24,0.20,0.30,28.33,17,17,0
2206828,0.36,0.30,0.40,28.99,18,18,0,-0.04,-0.10,0.00,28.52,18,18,0,0.73,-0.30,1.90,26.47,18,0,0,0.50,0.50,0.50,28.27,18,18,0,0.09,0.00,0.10,29.09,18,18,0,1.08,1.00,1.10,28.69,18,18,0,0.26,0.20,0.30,28.32,18,18,0
2207333,0.37,0.30,0.40,29.00,17,17,0,-0.01,-0.10,0.10,28.53,17,17,0,0.51,-0.60,1.80,26.47,17,0,0,0.50,0.50,0.50,28.26,17,17,0,0.09,0.00,0.10,29.08,17,17,0,1.09,1.00,1.10,28.69,17,17,0,0.26,0.20,0.30,28.33,17,17,0
2207833,0.37,0.30,0.40,28.99,18,18,0,-0.02,-0.10,0.10,28.52,18,18,0,0.81,-0.20,1.50,26.50,18,0,0,0.51,0.50,0.60,28.26,18,18,0,0.10,0.10,0.10,29.07,18,18,0,1.08,1.00,1.10,28.69,18,18,0,0.23,0.20,0.30,28.33,18,18,0
2208339,0.36,0.30,0.40,29.01,17,17,0,0.00,-0.10,0.10,28.52,17,17,0,0.95,0.20,1.70,26.52,17,0,0,0.50,0.50,0.50,28.27,17,17,0,0.10,0.10,0.10,29.06,17,17,0,1.08,1.00,1.10,28.68,17,17,0,0.24,0.20,0.30,28.33,17,17,0
2208839,0.34,0.30,0.40,28.99,17,17,0,-0.04,-0.10,0.00,28.52,17,17,0,0.65,-0.20,1.70,26.55,17,0,0,0.50,0.50,0.50,28.24,17,17,0,0.09,0.00,0.10,29.07,17,17,0,1.09,1.00,1.10,28.70,17,17,0,0.27,0.20,0.30,28.34,17,17,0
2209345,0.35,0.30,0.40,29.00,17,17,0,-0.04,-0.10,0.00,28.52,17,17,0,0.64,-0.50,1.50,26.54,17,0,0,0.51,0.50,0.60,28.26,17,17,0,0.10,0.10,0.10,29.07,17,17,0,1.10,1.10,1.10,28.70,17,17,0,0.25,0.20,0.30,28.33,17,17,0
2209845,0.36,0.30,0.40,28.99,17,17,0,-0.02,-0.10,0.10,28.53,17,17,0,0.75,-0.50,2.10,26.58,17,0,0,0.50,0.50,0.50,28.28,17,17,0,0.08,-0.10,0.10,29.08,17,17,0,1.08,1.00,1.10,28.70,17,17,0,0.25,0.20,0.30,28.33,17,17,0
2210345,0.37,0.30,0.40,29.00,17,17,0,-0.03,-0.10,0.00,28.51,17,17,0,0.85,-0.30,1.90,26.60,17,0,0,0.50,0.50,0.50,28.27,17,17,0,0.09,0.00,0.10,29.08,17,17,0,1.10,1.10,1.10,28.70,17,17,0,0.23,0.20,0.30,28.34,17,17,0
2210853,0.36,0.30,0.40,29.00,18,18,0,-0.03,-0.10,0.00,28.53,18,18,0,1.37,-1.40,5.40,26.62,18,0,0,0.50,0.50,0.50,28.26,18,18,0,0.11,0.10,0.20,29.08,18,18,0,1.07,1.00,1.10,28.70,18,18,0,0.22,0.20,0.30,28.33,18,18,0
2211353,0.35,0.30,0.40,29.00,17,17,0,-0.04,-0.10,0.00,28.54,17,17,0,0.98,0.20,2.00,26.62,17,0,0,0.50,0.50,0.50,28.27,17,17,0,0.09,0.00,0.10,29.06,17,17,0,1.08,1.00,1.10,28.71,17,17,0,0.24,0.20,0.30,28.33,17,17,0
2211853,0.34,0.30,0.40,28.98,17,17,0,-0.01,-0.10,0.10,28.54,17,17,0,0.85,0.00,1.90,26.65,17,0,0,0.51,0.50,0.60,28.26,17,17,0,0.08,0.00,0.10,29.08,17,17,0,1.09,1.00,1.10,28.71,17,17,0,0.24,0.20,0.30,28.34,17,17,0
2212353,0.37,0.30,0.40,29.01,18,18,0,-0.03,-0.10,0.10,28.54,18,18,0,1.07,0.40,1.90,26.67,18,0,0,0.51,0.50,0.60,28.27,18,18,0,0.08,0.00,0.10,29.07,18,18,0,1.09,1.00,1.10,28.70,18,18,0,0.22,0.20,0.30,28.34,18,18,0
2212862,0.35,0.30,0.40,29.01,17,17,0,-0.02,-0.10,0.10,28.53,17,17,0,1.19,0.70,1.90,26.68,17,0,0,0.50,0.50,0.50,28.27,17,17,0,0.09,0.00,0.10,29.07,17,17,0,1.08,1.00,1.10,28.69,17,17,0,0.25,0.20,0.30,28.33,17,17,0
2213362,0.36,0.30,0.40,28.99,17,17,0,-0.05,-0.10,0.10,28.52,17,17,0,0.92,0.50,1.30,26.70,17,0,0,0.51,0.50,0.60,28.26,17,17,0,0.08,0.00,0.10,29.06,17,17,0,1.08,1.00,1.10,28.71,17,17,0,0.26,0.20,0.30,28.35,17,17,0
2213862,0.36,0.30,0.40,28.99,18,18,0,-0.04,-0.10,0.10,28.51,18,18,0,0.69,0.00,1.20,26.72,18,0,0,0.51,0.50,0.60,28.26,18,18,0,0.10,0.10,0.10,29.07,18,18,0,1.10,1.10,1.10,28.71,18,18,0,0.26,0.20,0.30,28.33,18,18,0
2214362,0.33,0.30,0.40,28.98,17,17,0,-0.02,-0.10,0.10,28.52,17,17,0,0.36,-0.20,0.70,26.73,17,0,0,0.51,0.50,0.60,28.27,17,17,0,0.09,0.00,0.20,29.09,17,17,0,1.09,1.00,1.10,28.70,17,17,0,0.25,0.20,0.30,28.32,17,17,0
2214862,0.35,0.30,0.40,29.00,17,17,0,-0.01,-0.10,0.10,28.53,17,17,0,0.37,-0.20,1.00,26.74,17,0,0,0.51,0.50,0.60,28.28,17,17,0,0.09,0.00,0.10,29.07,17,17,0,1.09,1.00,1.10,28.69,17,17,0,0.24,0.20,0.30,28.34,17,17,0
2215362,0.36,0.30,0.40,29.01,17,17,0,-0.01,-0.10,0.10,28.53,17,17,0,0.70,0.10,1.40,26.76,17,0,0,0.51,0.50,0.60,28.25,17,17,0,0.11,0.10,0.20,29.08,17,17,0,1.09,1.00,1.10,28.71,17,17,0,0.24,0.20,0.30,28.34,17,17,0
2215872,0.33,0.30,0.40,29.01,18,18,0,-0.02,-0.10,0.10,28.52,18,18,0,1.03,0.10,1.80,26.76,18,0,0,0.50,0.50,0.50,28.27,18,18,0,0.09,0.00,0.10,29.07,18,18,0,1.06,1.00,1.10,28.69,18,18,0,0.24,0.20,0.30,28.32,18,18,0
2216373,0.33,0.30,0.40,29.00,17,17,0,-0.02,-0.10,0.10,28.53,17,17,0,1.29,0.60,2.10,26.77,17,0,0,0.50,0.50,0.50,28.29,17,17,0,0.09,0.00,0.20,29.08,17,17,0,1.09,1.00,1.10,28.71,17,17,0,0.24,0.20,0.30,28.34,17,17,0
2216873,0.35,0.30,0.40,29.01,18,18,0,-0.03,-0.10,0.10,28.53,18,18,0,0.97,0.30,1.90,26.80,18,0,0,0.50,0.50,0.50,28.27,18,18,0,0.10,0.10,0.10,29.07,18,18,0,1.09,1.00,1.10,28.69,18,18,0,0.23,0.20,0.30,28.34,18,18,0
2217385,0.36,0.30,0.40,29.00,17,17,0,-0.04,-0.10,0.00,28.52,17,17,0,0.41,-0.30,1.30,26.80,17,0,0,0.49,0.40,0.50,28.28,17,17,0,0.10,0.00,0.20,29.07,17,17,0,1.10,1.10,1.10,28.69,17,17,0,0.24,0.20,0.30,28.33,17,17,0
2217895,0.33,0.30,0.40,28.98,18,18,0,-0.04,-0.10,0.10,28.52,18,18,0,0.42,-0.30,1.40,26.82,18,0,0,0.50,0.50,0.50,28.25,18,18,0,0.10,0.00,0.20,29.07,18,18,0,1.09,1.00,1.10,28.70,18,18,0,0.25,0.20,0.30,28.33,18,18,0
2218395,0.35,0.30,0.40,28.98,17,17,0,-0.06,-0.10,0.00,28.52,17,17,0,0.68,0.10,1.20,26.82,17,0,0,0.50,0.50,0.50,28.26,17,17,0,0.08,0.00,0.10,29.08,17,17,0,1.08,1.00,1.10,28.71,17,17,0,0.25,0.20,0.30,28.35,17,17,0
2218907,0.37,0.30,0.40,29.00,17,17,0,-0.05,-0.10,0.00,28.55,17,17,0,0.39,-0.60,1.40,26.85,17,0,0,0.50,0.50,0.50,28.27,17,17,0,0.09,0.00,0.10,29.06,17,17,0,1.09,1.00,1.10,28.70,17,17,0,0.22,0.20,0.30,28.33,17,17,0
2219407,0.34,0.30,0.40,29.00,18,18,0,-0.06,-0.10,0.10,28.53,18,18,0,-0.15,-2.00,1.40,26.86,18,0,0,0.52,0.40,0.60,28.27,18,18,0,0.06,0.00,0.10,29.07,18,18,0,1.10,1.00,1.20,28.68,18,18,0,0.26,0.20,0.30,28.33,18,18,0
2219907,0.41,0.30,0.50,29.01,16,16,0,0.02,-0.10,0.10,28.53,16,16,0,-0.98,-7.20,3.60,26.86,16,0,0,0.51,0.50,0.60,28.26,16,16,0,0.10,0.10,0.10,29.07,16,16,0,1.07,1.00,1.10,28.71,16,16,0,0.29,0.20,0.30,28.33,16,16,0
2220409,0.36,0.30,0.40,29.00,17,17,0,-0.02,-0.10,0.10,28.53,17,17,0,-0.47,-7.50,3.30,26.88,17,0,0,0.49,0.40,0.50,28.27,17,17,0,0.10,0.10,0.10,29.09,17,17,0,1.08,1.00,1.10,28.70,17,17,0,0.21,0.20,0.30,28.34,17,17,0
2220909,0.34,0.30,0.40,28.99,16,16,0,-0.03,-0.10,0.00,28.51,16,16,0,-0.23,-1.70,0.80,26.91,16,0,0,0.51,0.50,0.60,28.27,16,16,0,0.09,0.00,0.10,29.07,16,16,0,1.09,1.00,1.10,28.70,16,16,0,0.22,0.20,0.30,28.33,16,16,0
