millis_ms,ch1_flow_mean_ulmin,ch1_flow_min_ulmin,ch1_flow_max_ulmin,ch1_temp_C,ch1_n,ch1_air,ch1_hiflow,ch2_flow_mean_ulmin,ch2_flow_min_ulmin,ch2_flow_max_ulmin,ch2_temp_C,ch2_n,ch2_air,ch2_hiflow,ch3_flow_mean_ulmin,ch3_flow_min_ulmin,ch3_flow_max_ulmin,ch3_temp_C,ch3_n,ch3_air,ch3_hiflow,ch4_flow_mean_ulmin,ch4_flow_min_ulmin,ch4_flow_max_ulmin,ch4_temp_C,ch4_n,ch4_air,ch4_hiflow,ch5_flow_mean_ulmin,ch5_flow_min_ulmin,ch5_flow_max_ulmin,ch5_temp_C,ch5_n,ch5_air,ch5_hiflow,ch6_flow_mean_ulmin,ch6_flow_min_ulmin,ch6_flow_max_ulmin,ch6_temp_C,ch6_n,ch6_air,ch6_hiflow,ch7_flow_mean_ulmin,ch7_flow_min_ulmin,ch7_flow_max_ulmin,ch7_temp_C,ch7_n,ch7_air,ch7_hiflow
6482,-0.05,-0.10,0.20,23.95,20,20,0,2.27,1.90,2.60,23.44,20,0,0,0.34,0.30,0.40,23.26,20,20,0,1.19,0.70,1.70,22.99,20,20,0,0.13,0.10,0.20,23.50,20,20,0,2.45,1.70,3.50,23.28,20,20,0,0.23,0.20,0.30,22.61,20,20,0
6982,-0.39,-0.70,0.10,24.56,14,14,0,3.21,2.00,10.80,23.86,14,0,0,0.31,0.30,0.40,23.94,14,14,0,1.46,1.40,1.60,23.58,14,14,0,0.10,0.10,0.10,24.26,14,14,0,4.29,3.70,4.70,23.86,14,14,0,0.20,0.20,0.20,23.33,14,14,0
7488,-0.95,-1.00,-0.70,24.85,17,17,0,2.80,2.30,5.40,24.09,17,0,0,0.32,0.30,0.40,24.24,17,17,0,0.91,0.30,1.10,23.89,17,17,0,0.11,0.00,0.20,24.65,17,17,0,4.68,4.60,4.80,24.14,17,17,0,0.20,0.20,0.20,23.67,17,17,0
7993,-1.06,-1.10,-1.00,25.06,17,17,0,2.34,2.10,2.60,24.26,17,0,0,0.33,0.30,0.40,24.46,17,17,0,-0.41,-0.90,0.00,24.10,17,17,0,0.11,0.10,0.20,24.89,17,17,0,4.40,4.30,4.50,24.33,17,17,0,0.21,0.20,0.30,23.90,17,17,0
8494,-1.29,-1.40,-1.10,25.20,17,17,0,2.38,2.10,2.70,24.40,17,0,0,0.34,0.30,0.40,24.62,17,17,0,-0.15,-0.30,0.20,24.25,17,17,0,0.11,0.10,0.20,25.06,17,17,0,3.78,3.10,4.30,24.50,17,17,0,0.21,0.20,0.30,24.09,17,17,0
8998,-1.34,-1.40,-1.30,25.33,17,17,0,2.41,2.00,2.80,24.53,17,0,0,0.34,0.30,0.40,24.75,17,17,0,0.45,0.30,0.50,24.39,17,17,0,0.11,0.10,0.20,25.19,17,17,0,2.86,2.80,2.90,24.62,17,17,0,0.21,0.20,0.30,24.20,17,17,0
9508,-1.24,-1.40,-1.20,25.41,18,18,0,2.44,2.10,2.70,24.62,18,0,0,0.35,0.30,0.40,24.86,18,18,0,0.60,0.50,0.70,24.48,18,18,0,0.13,0.10,0.20,25.33,18,18,0,2.69,2.50,2.80,24.72,18,18,0,0.21,0.20,0.30,24.34,18,18,0
10008,-1.12,-1.20,-1.10,25.52,17,17,0,2.51,2.10,2.80,24.71,17,0,0,0.32,0.30,0.40,24.95,17,17,0,0.59,0.50,0.60,24.55,17,17,0,0.10,0.10,0.10,25.39,17,17,0,1.59,1.50,2.10,24.83,17,17,0,0.21,0.20,0.30,24.42,17,17,0
10508,-1.17,-1.20,-1.10,25.57,17,17,0,2.41,2.00,3.40,24.79,17,0,0,0.34,0.30,0.40,25.02,17,17,0,0.52,0.50,0.60,24.64,17,17,0,0.11,0.10,0.20,25.47,17,17,0,1.52,1.50,1.60,24.90,17,17,0,0.23,0.20,0.30,24.51,17,17,0
11008,-1.20,-1.20,-1.20,25.64,17,17,0,2.34,1.90,2.90,24.85,17,0,0,0.36,0.30,0.40,25.07,17,17,0,0.54,0.50,0.60,24.71,17,17,0,0.12,0.10,0.20,25.54,17,17,0,1.51,1.50,1.60,24.97,17,17,0,0.24,0.20,0.30,24.56,17,17,0
11518,-1.26,-1.30,-1.20,25.71,18,18,0,2.49,2.10,3.00,24.91,18,0,0,0.38,0.30,0.40,25.13,18,18,0,0.54,0.50,0.60,24.76,18,18,0,0.12,0.10,0.20,25.60,18,18,0,1.51,1.40,1.60,25.03,18,18,0,0.22,0.20,0.30,24.61,18,18,0
12028,-1.29,-1.30,-1.20,25.76,18,18,0,2.30,2.00,2.70,24.96,18,0,0,0.37,0.30,0.40,25.17,18,18,0,0.57,0.50,0.60,24.82,18,18,0,0.13,0.10,0.20,25.64,18,18,0,1.50,1.50,1.50,25.07,18,18,0,0.23,0.20,0.30,24.67,18,18,0
12528,-1.41,-1.50,-1.30,25.79,18,18,0,2.31,2.10,2.50,25.01,18,0,0,0.37,0.30,0.40,25.24,18,18,0,0.58,0.50,0.60,24.88,18,18,0,0.12,0.10,0.20,25.70,18,18,0,1.49,1.40,1.50,25.12,18,18,0,0.24,0.20,0.30,24.72,18,18,0
13028,-1.51,-1.60,-1.50,25.83,17,17,0,2.16,1.90,2.40,25.07,17,0,0,0.38,0.30,0.40,25.29,17,17,0,0.59,0.50,0.60,24.90,17,17,0,0.11,0.10,0.20,25.74,17,17,0,1.48,1.40,1.50,25.18,17,17,0,0.24,0.20,0.30,24.74,17,17,0
13528,-1.76,-1.90,-1.60,25.87,17,17,0,2.20,2.00,2.50,25.09,17,0,0,0.38,0.30,0.40,25.30,17,17,0,0.58,0.50,0.60,24.94,17,17,0,0.10,0.10,0.10,25.77,17,17,0,1.46,1.40,1.50,25.22,17,17,0,0.23,0.20,0.30,24.80,17,17,0
14036,-1.85,-1.90,-1.80,25.92,18,18,0,2.15,1.80,2.60,25.14,18,0,0,0.37,0.30,0.40,25.35,18,18,0,0.52,0.50,0.60,24.97,18,18,0,0.12,0.10,0.20,25.82,18,18,0,1.47,1.40,1.50,25.27,18,18,0,0.24,0.20,0.30,24.84,18,18,0
14546,-1.90,-1.90,-1.90,25.93,18,18,0,2.26,2.00,2.50,25.18,18,0,0,0.36,0.30,0.40,25.36,18,18,0,0.50,0.40,0.60,25.02,18,18,0,0.11,0.10,0.20,25.84,18,18,0,1.46,1.40,1.50,25.30,18,18,0,0.23,0.20,0.30,24.86,18,18,0
15046,-1.93,-2.00,-1.90,25.97,17,17,0,2.25,2.10,2.50,25.22,17,0,0,0.40,0.40,0.40,25.41,17,17,0,0.51,0.50,0.60,25.05,17,17,0,0.13,0.10,0.20,25.88,17,17,0,1.44,1.40,1.50,25.34,17,17,0,0.24,0.20,0.30,24.91,17,17,0
15555,-1.94,-2.00,-1.90,26.01,18,18,0,2.23,1.90,2.80,25.24,18,0,0,0.37,0.30,0.40,25.43,18,18,0,0.50,0.40,0.60,25.08,18,18,0,0.12,0.10,0.20,25.91,18,18,0,1.41,1.40,1.50,25.36,18,18,0,0.25,0.20,0.30,24.92,18,18,0
16066,-1.94,-2.00,-1.90,26.04,18,18,0,2.13,1.70,2.50,25.27,18,0,0,0.38,0.30,0.40,25.46,18,18,0,0.51,0.50,0.60,25.10,18,18,0,0.11,0.10,0.20,25.94,18,18,0,1.32,1.20,1.40,25.39,18,18,0,0.22,0.20,0.30,24.95,18,18,0
16566,-1.98,-2.00,-1.90,26.05,17,17,0,2.14,1.90,2.40,25.30,17,0,0,0.37,0.30,0.40,25.49,17,17,0,0.50,0.50,0.50,25.14,17,17,0,0.12,0.10,0.20,25.97,17,17,0,1.11,1.00,1.20,25.42,17,17,0,0.24,0.20,0.30,24.98,17,17,0
17076,-2.00,-2.00,-2.00,26.07,18,18,0,2.32,1.70,2.90,25.33,18,0,0,0.37,0.30,0.40,25.51,18,18,0,0.51,0.50,0.60,25.15,18,18,0,0.12,0.10,0.20,25.97,18,18,0,1.08,1.00,1.10,25.45,18,18,0,0.23,0.20,0.30,25.01,18,18,0
17583,-1.99,-2.00,-1.90,26.09,18,18,0,2.13,1.90,2.30,25.36,18,0,0,0.37,0.30,0.40,25.55,18,18,0,0.51,0.50,0.60,25.17,18,18,0,0.11,0.00,0.20,26.01,18,18,0,1.09,1.00,1.10,25.47,18,18,0,0.23,0.20,0.30,25.04,18,18,0
18091,-1.97,-2.00,-1.90,26.12,18,18,0,2.02,1.70,2.20,25.39,18,0,0,0.38,0.30,0.40,25.55,18,18,0,0.51,0.50,0.60,25.20,18,18,0,0.12,0.10,0.20,26.04,18,18,0,1.07,1.00,1.10,25.50,18,18,0,0.24,0.20,0.30,25.04,18,18,0
18599,-1.96,-2.00,-1.90,26.14,18,18,0,1.99,1.70,2.50,25.39,18,0,0,0.39,0.30,0.40,25.58,18,18,0,0.49,0.40,0.50,25.20,18,18,0,0.11,0.10,0.20,26.06,18,18,0,1.09,1.00,1.10,25.51,18,18,0,0.26,0.20,0.30,25.07,18,18,0
19107,-1.92,-2.00,-1.90,26.17,18,18,0,1.88,1.50,2.10,25.43,18,0,0,0.39,0.30,0.40,25.60,18,18,0,0.50,0.50,0.50,25.26,18,18,0,0.13,0.10,0.20,26.07,18,18,0,1.07,1.00,1.10,25.55,18,18,0,0.26,0.20,0.30,25.09,18,18,0
19620,-1.92,-2.00,-1.90,26.19,18,18,0,1.87,1.60,2.30,25.45,18,0,0,0.39,0.30,0.40,25.62,18,18,0,0.51,0.50,0.60,25.25,18,18,0,0.11,0.10,0.20,26.10,18,18,0,1.08,1.00,1.10,25.56,18,18,0,0.24,0.20,0.30,25.10,18,18,0
20124,-1.97,-2.00,-1.90,26.21,18,18,0,1.87,1.70,2.10,25.48,18,0,0,0.37,0.30,0.40,25.64,18,18,0,0.51,0.50,0.60,25.28,18,18,0,0.12,0.10,0.20,26.12,18,18,0,1.07,1.00,1.10,25.59,18,18,0,0.23,0.20,0.30,25.12,18,18,0
20633,-2.00,-2.00,-2.00,26.20,18,18,0,2.00,1.80,2.30,25.47,18,0,0,0.39,0.30,0.40,25.67,18,18,0,0.50,0.50,0.50,25.30,18,18,0,0.11,0.10,0.20,26.13,18,18,0,1.08,1.00,1.10,25.61,18,18,0,0.24,0.20,0.30,25.16,18,18,0
21141,-2.00,-2.00,-2.00,26.23,18,18,0,1.76,1.40,1.90,25.50,18,0,0,0.40,0.40,0.40,25.68,18,18,0,0.51,0.50,0.60,25.32,18,18,0,0.11,0.10,0.20,26.14,18,18,0,1.08,1.00,1.10,25.62,18,18,0,0.24,0.20,0.30,25.16,18,18,0
21647,-1.95,-2.00,-1.90,26.25,18,18,0,1.74,1.50,2.00,25.52,18,0,0,0.39,0.30,0.40,25.69,18,18,0,0.51,0.50,0.60,25.32,18,18,0,0.11,0.10,0.20,26.16,18,18,0,1.08,1.00,1.10,25.65,18,18,0,0.24,0.20,0.30,25.19,18,18,0
22160,-1.91,-2.00,-1.90,26.27,18,18,0,1.87,1.50,2.40,25.54,18,0,0,0.39,0.30,0.40,25.71,18,18,0,0.52,0.50,0.60,25.35,18,18,0,0.12,0.10,0.20,26.18,18,18,0,1.08,1.00,1.10,25.65,18,18,0,0.24,0.20,0.30,25.19,18,18,0
22667,-1.91,-2.00,-1.90,26.29,18,18,0,1.74,1.40,2.00,25.57,18,0,0,0.39,0.30,0.40,25.73,18,18,0,0.52,0.50,0.60,25.37,18,18,0,0.11,0.10,0.20,26.19,18,18,0,1.07,1.00,1.10,25.69,18,18,0,0.26,0.20,0.30,25.22,18,18,0
23176,-1.91,-2.00,-1.90,26.30,18,18,0,1.76,1.30,1.90,25.58,18,0,0,0.37,0.30,0.40,25.74,18,18,0,0.50,0.50,0.50,25.38,18,18,0,0.13,0.10,0.20,26.20,18,18,0,1.09,1.00,1.10,25.69,18,18,0,0.26,0.20,0.30,25.22,18,18,0
23683,-1.96,-2.10,-1.90,26.31,18,18,0,1.64,1.20,2.00,25.61,18,0,0,0.37,0.30,0.40,25.76,18,18,0,0.50,0.50,0.50,25.39,18,18,0,0.11,0.10,0.20,26.24,18,18,0,1.09,1.00,1.10,25.70,18,18,0,0.27,0.20,0.30,25.24,18,18,0
24193,-2.10,-2.10,-2.10,26.32,18,18,0,1.71,1.30,2.20,25.61,18,0,0,0.39,0.30,0.40,25.77,18,18,0,0.51,0.50,0.60,25.39,18,18,0,0.11,0.10,0.20,26.25,18,18,0,1.09,1.00,1.10,25.72,18,18,0,0.25,0.20,0.30,25.27,18,18,0
24697,-2.10,-2.10,-2.10,26.34,17,17,0,1.57,1.30,1.90,25.62,17,0,0,0.39,0.30,0.40,25.80,17,17,0,0.52,0.50,0.60,25.43,17,17,0,0.12,0.10,0.20,26.25,17,17,0,1.09,1.00,1.10,25.73,17,17,0,0.25,0.20,0.30,25.28,17,17,0
25210,-2.10,-2.10,-2.10,26.35,18,18,0,1.74,1.50,2.20,25.64,18,0,0,0.39,0.30,0.40,25.79,18,18,0,0.51,0.50,0.60,25.44,18,18,0,0.11,0.10,0.20,26.26,18,18,0,1.10,1.10,1.10,25.77,18,18,0,0.26,0.20,0.30,25.29,18,18,0
25710,-2.08,-2.10,-2.00,26.38,17,17,0,1.64,1.40,2.00,25.67,17,0,0,0.38,0.30,0.40,25.81,17,17,0,0.52,0.50,0.60,25.46,17,17,0,0.12,0.10,0.20,26.29,17,17,0,1.09,1.00,1.10,25.76,17,17,0,0.26,0.20,0.30,25.30,17,17,0
26217,-2.05,-2.10,-2.00,26.37,18,18,0,1.68,1.20,2.20,25.67,18,0,0,0.37,0.30,0.40,25.81,18,18,0,0.51,0.50,0.60,25.48,18,18,0,0.13,0.10,0.20,26.30,18,18,0,1.09,1.00,1.10,25.79,18,18,0,0.24,0.20,0.30,25.32,18,18,0
26729,-1.98,-2.00,-1.90,26.40,18,18,0,1.70,1.40,2.10,25.68,18,0,0,0.38,0.30,0.40,25.84,18,18,0,0.51,0.50,0.60,25.49,18,18,0,0.13,0.10,0.20,26.30,18,18,0,1.10,1.10,1.10,25.80,18,18,0,0.25,0.20,0.30,25.33,18,18,0
27240,-1.89,-1.90,-1.80,26.40,18,18,0,1.61,1.10,2.30,25.69,18,0,0,0.40,0.40,0.40,25.88,18,18,0,0.51,0.50,0.60,25.49,18,18,0,0.12,0.10,0.20,26.32,18,18,0,1.09,1.00,1.10,25.84,18,18,0,0.27,0.20,0.30,25.36,18,18,0
27740,-1.88,-1.90,-1.80,26.43,17,17,0,1.66,1.30,1.90,25.72,17,0,0,0.39,0.30,0.40,25.87,17,17,0,0.50,0.50,0.50,25.51,17,17,0,0.11,0.10,0.20,26.33,17,17,0,1.10,1.10,1.10,25.84,17,17,0,0.25,0.20,0.30,25.38,17,17,0
28250,-1.86,-1.90,-1.80,26.43,18,18,0,1.44,1.10,1.90,25.73,18,0,0,0.39,0.30,0.40,25.88,18,18,0,0.52,0.50,0.60,25.53,18,18,0,0.12,0.10,0.20,26.36,18,18,0,1.09,1.00,1.10,25.84,18,18,0,0.27,0.20,0.30,25.37,18,18,0
28756,-1.82,-1.90,-1.80,26.45,18,18,0,1.53,1.20,2.00,25.76,18,0,0,0.38,0.30,0.40,25.89,18,18,0,0.52,0.50,0.60,25.53,18,18,0,0.12,0.10,0.20,26.36,18,18,0,1.10,1.10,1.10,25.86,18,18,0,0.26,0.20,0.30,25.39,18,18,0
29269,-1.81,-1.90,-1.80,26.47,18,18,0,1.52,1.00,2.00,25.73,18,0,0,0.38,0.30,0.40,25.90,18,18,0,0.51,0.50,0.60,25.53,18,18,0,0.13,0.10,0.20,26.39,18,18,0,1.10,1.10,1.10,25.87,18,18,0,0.26,0.20,0.30,25.41,18,18,0
29773,-1.82,-1.90,-1.80,26.48,18,18,0,1.42,1.10,1.80,25.76,18,0,0,0.39,0.30,0.40,25.91,18,18,0,0.50,0.50,0.50,25.55,18,18,0,0.13,0.10,0.20,26.39,18,18,0,1.11,1.10,1.20,25.89,18,18,0,0.27,0.20,0.30,25.40,18,18,0
30280,-1.82,-1.90,-1.80,26.49,18,18,0,1.36,1.00,1.70,25.79,18,0,0,0.39,0.30,0.40,25.93,18,18,0,0.52,0.50,0.60,25.57,18,18,0,0.12,0.10,0.20,26.39,18,18,0,1.09,1.00,1.10,25.88,18,18,0,0.27,0.20,0.30,25.43,18,18,0
30784,-1.80,-1.80,-1.80,26.50,18,18,0,1.40,1.00,2.00,25.80,18,0,0,0.39,0.30,0.40,25.95,18,18,0,0.51,0.50,0.60,25.58,18,18,0,0.13,0.10,0.20,26.41,18,18,0,1.10,1.00,1.20,25.90,18,18,0,0.26,0.20,0.30,25.42,18,18,0
31284,-1.80,-1.80,-1.80,26.50,18,18,0,1.65,1.10,2.60,25.80,18,0,0,0.39,0.30,0.40,25.95,18,18,0,0.52,0.50,0.60,25.59,18,18,0,0.13,0.10,0.20,26.43,18,18,0,1.09,1.00,1.20,25.92,18,18,0,0.28,0.20,0.30,25.44,18,18,0
31794,-1.80,-1.80,-1.80,26.50,18,18,0,1.42,1.00,1.70,25.80,18,0,0,0.40,0.40,0.40,25.97,18,18,0,0.52,0.50,0.60,25.59,18,18,0,0.13,0.10,0.20,26.44,18,18,0,1.10,1.10,1.10,25.91,18,18,0,0.28,0.20,0.30,25.44,18,18,0
32301,-1.79,-1.80,-1.70,26.52,18,18,0,1.45,1.20,1.80,25.83,18,0,0,0.38,0.30,0.40,25.97,18,18,0,0.52,0.50,0.60,25.61,18,18,0,0.12,0.10,0.20,26.45,18,18,0,1.10,1.10,1.10,25.94,18,18,0,0.27,0.20,0.30,25.47,18,18,0
32808,-1.79,-1.80,-1.70,26.54,18,18,0,1.31,1.10,1.70,25.82,18,0,0,0.39,0.30,0.40,25.99,18,18,0,0.51,0.50,0.60,25.62,18,18,0,0.12,0.10,0.20,26.46,18,18,0,1.10,1.10,1.10,25.95,18,18,0,0.27,0.20,0.30,25.48,18,18,0
33318,-1.78,-1.80,-1.70,26.55,18,18,0,1.48,0.90,1.80,25.83,18,0,0,0.38,0.30,0.40,26.00,18,18,0,0.52,0.50,0.60,25.64,18,18,0,0.13,0.10,0.20,26.44,18,18,0,1.10,1.10,1.10,25.96,18,18,0,0.26,0.20,0.30,25.49,18,18,0
33825,-1.79,-1.80,-1.70,26.55,18,18,0,1.34,1.10,1.60,25.83,18,0,0,0.38,0.30,0.40,25.99,18,18,0,0.52,0.50,0.60,25.65,18,18,0,0.12,0.10,0.20,26.48,18,18,0,1.09,1.00,1.10,25.97,18,18,0,0.26,0.20,0.30,25.50,18,18,0
34325,-1.79,-1.80,-1.70,26.55,18,18,0,1.64,1.20,2.70,25.88,18,0,0,0.39,0.30,0.40,26.04,18,18,0,0.52,0.50,0.60,25.64,18,18,0,0.12,0.10,0.20,26.47,18,18,0,1.10,1.10,1.10,25.98,18,18,0,0.24,0.20,0.30,25.51,18,18,0
34833,-1.79,-1.80,-1.70,26.56,17,17,0,1.38,0.80,1.80,25.86,17,0,0,0.38,0.30,0.40,26.01,17,17,0,0.51,0.50,0.60,25.66,17,17,0,0.12,0.10,0.20,26.51,17,17,0,1.09,1.00,1.10,26.00,17,17,0,0.25,0.20,0.30,25.52,17,17,0
35333,-1.93,-2.00,-1.90,26.59,17,17,0,1.31,0.90,1.60,25.88,17,0,0,0.40,0.40,0.40,26.05,17,17,0,0.53,0.50,0.60,25.67,17,17,0,0.12,0.10,0.20,26.51,17,17,0,1.08,1.00,1.10,26.02,17,17,0,0.25,0.20,0.30,25.53,17,17,0
35833,-2.01,-2.10,-2.00,26.60,17,17,0,1.28,0.80,1.70,25.90,17,0,0,0.40,0.40,0.40,26.07,17,17,0,0.52,0.50,0.60,25.69,17,17,0,0.12,0.10,0.20,26.50,17,17,0,1.09,1.00,1.10,26.00,17,17,0,0.27,0.20,0.30,25.55,17,17,0
36340,-2.01,-2.10,-2.00,26.62,18,18,0,-1.09,-15.20,4.60,25.89,18,0,0,0.39,0.30,0.40,26.06,18,18,0,0.52,0.50,0.60,25.70,18,18,0,0.14,0.10,0.20,26.52,18,18,0,1.10,1.10,1.10,26.02,18,18,0,0.26,0.20,0.30,25.55,18,18,0
36840,-2.02,-2.10,-2.00,26.61,17,17,0,1.28,0.50,2.30,25.90,17,0,0,0.40,0.40,0.40,26.08,17,17,0,0.52,0.50,0.60,25.69,17,17,0,0.12,0.10,0.20,26.54,17,17,0,1.09,1.00,1.10,26.04,17,17,0,0.27,0.20,0.30,25.56,17,17,0
37351,-2.01,-2.10,-2.00,26.63,18,18,0,0.89,0.20,1.30,25.92,18,0,0,0.40,0.40,0.40,26.08,18,18,0,0.51,0.50,0.60,25.71,18,18,0,0.13,0.10,0.20,26.53,18,18,0,1.10,1.10,1.10,26.04,18,18,0,0.25,0.20,0.30,25.56,18,18,0
37851,-2.01,-2.10,-2.00,26.62,17,17,0,0.71,0.20,1.10,25.92,17,0,0,0.39,0.30,0.40,26.09,17,17,0,0.53,0.50,0.60,25.71,17,17,0,0.11,0.10,0.20,26.56,17,17,0,1.10,1.10,1.10,26.07,17,17,0,0.26,0.20,0.30,25.58,17,17,0
38351,-2.01,-2.10,-2.00,26.63,17,17,0,0.82,0.60,1.10,25.94,17,0,0,0.39,0.30,0.40,26.10,17,17,0,0.52,0.50,0.60,25.72,17,17,0,0.12,0.10,0.20,26.56,17,17,0,1.10,1.10,1.10,26.07,17,17,0,0.28,0.20,0.30,25.58,17,17,0
38863,-2.00,-2.00,-2.00,26.63,18,18,0,0.83,0.40,1.20,25.96,18,0,0,0.40,0.40,0.40,26.10,18,18,0,0.52,0.50,0.60,25.74,18,18,0,0.12,0.10,0.20,26.58,18,18,0,1.11,1.10,1.20,26.07,18,18,0,0.27,0.20,0.30,25.59,18,18,0
39371,-2.00,-2.00,-2.00,26.67,18,18,0,0.74,0.30,1.20,25.95,18,0,0,0.39,0.30,0.40,26.11,18,18,0,0.51,0.50,0.60,25.74,18,18,0,0.15,0.10,0.20,26.58,18,18,0,1.10,1.10,1.10,26.08,18,18,0,0.28,0.20,0.30,25.60,18,18,0
39884,-1.99,-2.00,-1.90,26.66,18,18,0,0.81,0.30,1.40,25.96,18,0,0,0.39,0.30,0.40,26.12,18,18,0,0.52,0.50,0.60,25.76,18,18,0,0.11,0.10,0.20,26.57,18,18,0,1.11,1.10,1.20,26.10,18,18,0,0.27,0.20,0.30,25.62,18,18,0
40384,-2.00,-2.00,-2.00,26.66,17,17,0,0.78,0.40,1.20,25.96,17,0,0,0.40,0.40,0.40,26.13,17,17,0,0.51,0.50,0.60,25.76,17,17,0,0.12,0.10,0.20,26.59,17,17,0,1.10,1.10,1.10,26.11,17,17,0,0.26,0.20,0.30,25.62,17,17,0
40884,-2.06,-2.10,-2.00,26.68,18,18,0,0.72,0.30,1.10,26.00,18,0,0,0.39,0.30,0.40,26.14,18,18,0,0.51,0.50,0.60,25.78,18,18,0,0.14,0.10,0.20,26.61,18,18,0,1.11,1.10,1.20,26.10,18,18,0,0.28,0.20,0.30,25.62,18,18,0
41397,-2.05,-2.20,-2.00,26.70,18,18,0,0.80,0.20,1.60,25.99,18,0,0,0.39,0.30,0.40,26.14,18,18,0,0.51,0.50,0.60,25.78,18,18,0,0.12,0.10,0.20,26.61,18,18,0,1.09,1.00,1.10,26.12,18,18,0,0.27,0.20,0.30,25.65,18,18,0
41910,-2.64,-2.90,-2.30,26.69,18,18,0,0.80,0.50,1.10,26.00,18,0,0,0.38,0.30,0.40,26.16,18,18,0,0.51,0.50,0.60,25.78,18,18,0,0.11,0.10,0.20,26.61,18,18,0,1.10,1.10,1.10,26.13,18,18,0,0.27,0.20,0.30,25.66,18,18,0
42419,-2.87,-3.00,-2.80,26.71,18,18,0,0.71,0.40,1.10,26.00,18,0,0,0.39,0.30,0.40,26.17,18,18,0,0.52,0.50,0.60,25.80,18,18,0,0.13,0.10,0.20,26.63,18,18,0,1.09,1.00,1.10,26.13,18,18,0,0.26,0.20,0.30,25.67,18,18,0
42919,-2.73,-2.80,-2.70,26.72,17,17,0,0.75,0.50,1.10,26.01,17,0,0,0.39,0.30,0.40,26.17,17,17,0,0.52,0.50,0.60,25.80,17,17,0,0.12,0.10,0.20,26.63,17,17,0,1.09,1.00,1.20,26.14,17,17,0,0.26,0.20,0.30,25.67,17,17,0
43432,-2.70,-2.80,-2.60,26.72,18,18,0,0.78,0.50,1.00,26.02,18,0,0,0.39,0.30,0.40,26.17,18,18,0,0.51,0.50,0.60,25.82,18,18,0,0.13,0.10,0.20,26.66,18,18,0,1.10,1.10,1.10,26.15,18,18,0,0.24,0.20,0.30,25.67,18,18,0
43943,-2.71,-2.80,-2.70,26.73,18,18,0,0.73,0.30,1.20,26.02,18,0,0,0.39,0.30,0.40,26.18,18,18,0,0.52,0.50,0.60,25.82,18,18,0,0.13,0.10,0.20,26.64,18,18,0,1.11,1.10,1.20,26.14,18,18,0,0.26,0.20,0.30,25.67,18,18,0
44454,-2.63,-2.70,-2.50,26.74,17,17,0,0.81,0.40,1.20,26.05,17,0,0,0.40,0.40,0.40,26.20,17,17,0,0.52,0.50,0.60,25.82,17,17,0,0.14,0.10,0.20,26.66,17,17,0,1.09,1.00,1.10,26.16,17,17,0,0.28,0.20,0.30,25.68,17,17,0
44954,-2.25,-2.40,-2.10,26.75,18,18,0,0.67,0.50,1.00,26.04,18,0,0,0.40,0.40,0.40,26.20,18,18,0,0.53,0.50,0.60,25.84,18,18,0,0.11,0.10,0.20,26.66,18,18,0,1.11,1.10,1.20,26.17,18,18,0,0.28,0.20,0.30,25.69,18,18,0
45464,-1.95,-2.10,-1.80,26.76,17,17,0,0.66,0.30,0.90,26.06,17,0,0,0.39,0.30,0.40,26.21,17,17,0,0.51,0.50,0.60,25.84,17,17,0,0.11,0.10,0.20,26.67,17,17,0,1.09,1.00,1.10,26.16,17,17,0,0.26,0.20,0.30,25.72,17,17,0
45975,-1.86,-1.90,-1.80,26.77,18,18,0,0.64,0.50,0.90,26.06,18,0,0,0.40,0.40,0.40,26.22,18,18,0,0.52,0.50,0.60,25.84,18,18,0,0.12,0.10,0.20,26.68,18,18,0,1.10,1.10,1.10,26.19,18,18,0,0.27,0.20,0.30,25.71,18,18,0
46475,-1.72,-1.80,-1.60,26.77,17,17,0,0.58,0.20,1.10,26.07,17,0,0,0.39,0.30,0.40,26.23,17,17,0,0.53,0.50,0.60,25.85,17,17,0,0.12,0.10,0.20,26.68,17,17,0,1.09,1.00,1.10,26.19,17,17,0,0.26,0.20,0.30,25.72,17,17,0
46986,-1.40,-1.60,-1.30,26.79,18,18,0,0.62,0.30,0.90,26.07,18,0,0,0.39,0.30,0.40,26.24,18,18,0,0.50,0.50,0.50,25.87,18,18,0,0.12,0.10,0.20,26.71,18,18,0,1.10,1.10,1.10,26.21,18,18,0,0.28,0.20,0.30,25.74,18,18,0
47493,-1.02,-1.30,-0.90,26.78,18,18,0,0.71,0.50,0.90,26.07,18,0,0,0.39,0.30,0.40,26.24,18,18,0,0.51,0.50,0.60,25.88,18,18,0,0.12,0.10,0.20,26.70,18,18,0,1.09,1.00,1.10,26.20,18,18,0,0.27,0.20,0.30,25.73,18,18,0
47993,-0.84,-0.90,-0.80,26.78,17,17,0,0.74,0.40,1.00,26.10,17,0,0,0.37,0.30,0.40,26.27,17,17,0,0.52,0.50,0.60,25.88,17,17,0,0.12,0.10,0.20,26.72,17,17,0,1.10,1.10,1.10,26.23,17,17,0,0.25,0.20,0.30,25.74,17,17,0
48493,-0.76,-0.90,-0.70,26.79,17,17,0,0.59,0.40,0.80,26.09,17,0,0,0.40,0.40,0.40,26.24,17,17,0,0.53,0.50,0.60,25.88,17,17,0,0.14,0.10,0.20,26.70,17,17,0,1.10,1.10,1.10,26.22,17,17,0,0.27,0.20,0.30,25.75,17,17,0
48993,-0.60,-0.60,-0.60,26.80,17,17,0,0.61,0.40,0.90,26.10,17,0,0,0.38,0.30,0.40,26.26,17,17,0,0.54,0.50,0.60,25.90,17,17,0,0.13,0.10,0.20,26.73,17,17,0,1.10,1.10,1.10,26.20,17,17,0,0.27,0.20,0.30,25.76,17,17,0
49500,-0.61,-0.70,-0.60,26.81,18,18,0,0.60,0.30,0.90,26.11,18,0,0,0.39,0.30,0.40,26.27,18,18,0,0.53,0.50,0.60,25.89,18,18,0,0.13,0.10,0.20,26.73,18,18,0,1.09,1.00,1.10,26.23,18,18,0,0.26,0.20,0.30,25.76,18,18,0
50005,-0.67,-0.70,-0.60,26.82,18,18,0,0.59,0.30,0.80,26.12,18,0,0,0.39,0.30,0.40,26.27,18,18,0,0.53,0.50,0.60,25.89,18,18,0,0.15,0.10,0.20,26.73,18,18,0,1.10,1.10,1.10,26.24,18,18,0,0.27,0.20,0.30,25.77,18,18,0
50506,-0.70,-0.70,-0.70,26.83,17,17,0,0.58,0.30,0.80,26.09,17,0,0,0.38,0.30,0.40,26.28,17,17,0,0.53,0.50,0.60,25.89,17,17,0,0.14,0.10,0.20,26.75,17,17,0,1.11,1.10,1.20,26.24,17,17,0,0.26,0.20,0.30,25.76,17,17,0
51013,-0.70,-0.70,-0.70,26.83,18,18,0,0.68,0.50,0.90,26.11,18,0,0,0.40,0.40,0.40,26.30,18,18,0,0.52,0.50,0.60,25.92,18,18,0,0.12,0.10,0.20,26.75,18,18,0,1.11,1.10,1.20,26.27,18,18,0,0.28,0.20,0.30,25.78,18,18,0
51523,-0.70,-0.70,-0.70,26.84,18,18,0,0.53,0.40,0.70,26.14,18,0,0,0.39,0.30,0.40,26.29,18,18,0,0.52,0.50,0.60,25.93,18,18,0,0.13,0.10,0.20,26.75,18,18,0,1.09,1.00,1.10,26.24,18,18,0,0.29,0.20,0.30,25.78,18,18,0
52030,-0.69,-0.70,-0.60,26.85,18,18,0,0.57,0.40,0.80,26.14,18,0,0,0.39,0.30,0.40,26.30,18,18,0,0.52,0.50,0.60,25.94,18,18,0,0.12,0.10,0.20,26.78,18,18,0,1.10,1.10,1.10,26.26,18,18,0,0.27,0.20,0.30,25.81,18,18,0
52542,-0.77,-0.90,-0.70,26.87,18,18,0,0.65,0.30,1.00,26.15,18,0,0,0.39,0.30,0.40,26.30,18,18,0,0.54,0.50,0.60,25.94,18,18,0,0.12,0.10,0.20,26.77,18,18,0,1.10,1.10,1.10,26.28,18,18,0,0.29,0.20,0.30,25.82,18,18,0
53042,-0.82,-0.90,-0.80,26.86,17,17,0,0.61,0.20,1.00,26.14,17,0,0,0.39,0.30,0.40,26.31,17,17,0,0.52,0.50,0.60,25.96,17,17,0,0.13,0.10,0.20,26.78,17,17,0,1.09,1.00,1.10,26.29,17,17,0,0.26,0.20,0.30,25.80,17,17,0
53549,-0.80,-0.80,-0.80,26.87,18,18,0,0.56,0.30,0.80,26.17,18,0,0,0.40,0.40,0.40,26.33,18,18,0,0.54,0.50,0.60,25.96,18,18,0,0.12,0.10,0.20,26.77,18,18,0,1.09,1.00,1.10,26.29,18,18,0,0.26,0.20,0.30,25.83,18,18,0
54058,-0.80,-0.80,-0.80,26.86,18,18,0,0.47,0.30,0.70,26.18,18,0,0,0.38,0.30,0.40,26.33,18,18,0,0.53,0.50,0.60,25.96,18,18,0,0.12,0.10,0.20,26.79,18,18,0,1.09,1.00,1.10,26.30,18,18,0,0.26,0.20,0.30,25.82,18,18,0
54570,-0.80,-0.80,-0.80,26.88,18,18,0,0.46,0.30,0.60,26.17,18,0,0,0.38,0.30,0.40,26.33,18,18,0,0.52,0.50,0.60,25.97,18,18,0,0.12,0.10,0.20,26.78,18,18,0,1.10,1.00,1.20,26.31,18,18,0,0.27,0.20,0.30,25.84,18,18,0
55076,-0.77,-0.80,-0.70,26.88,18,18,0,0.59,0.40,0.90,26.19,18,0,0,0.38,0.30,0.40,26.35,18,18,0,0.53,0.50,0.60,25.98,18,18,0,0.12,0.10,0.20,26.79,18,18,0,1.11,1.10,1.20,26.30,18,18,0,0.28,0.20,0.30,25.84,18,18,0
55583,-0.48,-0.70,-0.30,26.89,18,18,0,0.48,0.30,0.60,26.18,18,0,0,0.38,0.30,0.40,26.37,18,18,0,0.52,0.50,0.60,25.97,18,18,0,0.11,0.10,0.20,26.80,18,18,0,1.09,1.00,1.10,26.29,18,18,0,0.27,0.20,0.30,25.86,18,18,0
56096,-0.24,-0.30,-0.20,26.89,18,18,0,0.47,0.30,0.70,26.20,18,0,0,0.39,0.30,0.40,26.36,18,18,0,0.52,0.50,0.60,25.98,18,18,0,0.12,0.10,0.20,26.81,18,18,0,1.09,1.00,1.10,26.33,18,18,0,0.28,0.20,0.30,25.85,18,18,0
56596,-0.15,-0.20,-0.10,26.91,17,17,0,0.58,0.40,0.80,26.21,17,0,0,0.40,0.40,0.40,26.36,17,17,0,0.52,0.50,0.60,25.99,17,17,0,0.13,0.10,0.20,26.81,17,17,0,1.09,1.00,1.10,26.32,17,17,0,0.25,0.20,0.30,25.88,17,17,0
57096,-0.10,-0.10,-0.10,26.90,17,17,0,0.58,0.30,0.80,26.20,17,0,0,0.38,0.30,0.40,26.36,17,17,0,0.51,0.50,0.60,25.99,17,17,0,0.12,0.10,0.20,26.81,17,17,0,1.11,1.10,1.20,26.34,17,17,0,0.27,0.20,0.30,25.88,17,17,0
57606,0.01,-0.10,0.10,26.92,18,18,0,0.49,0.30,0.60,26.21,18,0,0,0.38,0.30,0.40,26.36,18,18,0,0.54,0.50,0.60,26.00,18,18,0,0.13,0.10,0.20,26.83,18,18,0,1.10,1.10,1.10,26.34,18,18,0,0.28,0.20,0.30,25.87,18,18,0
58119,0.05,0.00,0.10,26.92,18,18,0,0.56,0.40,0.80,26.21,18,0,0,0.39,0.30,0.40,26.38,18,18,0,0.52,0.50,0.60,26.00,18,18,0,0.11,0.10,0.20,26.83,18,18,0,1.09,1.00,1.10,26.34,18,18,0,0.26,0.20,0.30,25.89,18,18,0
58619,0.05,0.00,0.10,26.93,17,17,0,0.58,0.40,0.80,26.23,17,0,0,0.39,0.30,0.40,26.38,17,17,0,0.52,0.50,0.60,26.01,17,17,0,0.12,0.10,0.20,26.84,17,17,0,1.09,1.00,1.10,26.34,17,17,0,0.28,0.20,0.30,25.88,17,17,0
59123,0.04,0.00,0.10,26.93,18,18,0,0.76,0.30,1.20,26.23,18,0,0,0.40,0.40,0.40,26.39,18,18,0,0.53,0.50,0.60,26.00,18,18,0,0.12,0.10,0.20,26.84,18,18,0,1.10,1.10,1.10,26.36,18,18,0,0.27,0.20,0.30,25.90,18,18,0
59623,0.08,0.00,0.10,26.93,17,17,0,0.67,0.50,0.90,26.23,17,0,0,0.39,0.30,0.40,26.40,17,17,0,0.54,0.50,0.60,26.02,17,17,0,0.12,0.10,0.20,26.87,17,17,0,1.10,1.10,1.10,26.35,17,17,0,0.25,0.20,0.30,25.91,17,17,0
60124,0.07,0.00,0.10,26.95,17,17,0,0.64,0.40,0.70,26.23,17,0,0,0.39,0.30,0.40,26.39,17,17,0,0.54,0.50,0.60,26.03,17,17,0,0.14,0.10,0.20,26.85,17,17,0,1.10,1.10,1.10,26.38,17,17,0,0.28,0.20,0.30,25.91,17,17,0
60624,0.08,0.00,0.10,26.96,17,17,0,0.65,0.50,0.80,26.24,17,0,0,0.39,0.30,0.40,26.41,17,17,0,0.54,0.50,0.60,26.01,17,17,0,0.12,0.10,0.20,26.87,17,17,0,1.09,1.00,1.10,26.36,17,17,0,0.28,0.20,0.30,25.91,17,17,0
61131,0.07,0.00,0.10,26.94,18,18,0,0.63,0.50,0.80,26.25,18,0,0,0.39,0.30,0.40,26.41,18,18,0,0.54,0.50,0.60,26.04,18,18,0,0.13,0.10,0.20,26.86,18,18,0,1.09,1.00,1.10,26.39,18,18,0,0.26,0.20,0.30,25.92,18,18,0
61642,0.09,0.00,0.10,26.96,18,18,0,0.63,0.40,0.90,26.24,18,0,0,0.39,0.30,0.40,26.41,18,18,0,0.54,0.50,0.60,26.06,18,18,0,0.10,0.10,0.10,26.87,18,18,0,1.09,1.00,1.10,26.40,18,18,0,0.27,0.20,0.30,25.93,18,18,0
62142,0.09,0.00,0.10,26.98,18,18,0,0.53,0.40,0.70,26.27,18,0,0,0.40,0.40,0.40,26.42,18,18,0,0.55,0.50,0.60,26.04,18,18,0,0.11,0.10,0.20,26.86,18,18,0,1.09,1.00,1.10,26.39,18,18,0,0.27,0.20,0.30,25.92,18,18,0
62642,0.10,0.10,0.10,26.97,17,17,0,0.61,0.30,0.90,26.25,17,0,0,0.40,0.40,0.40,26.42,17,17,0,0.54,0.50,0.60,26.05,17,17,0,0.12,0.10,0.20,26.89,17,17,0,1.10,1.10,1.10,26.38,17,17,0,0.27,0.20,0.30,25.95,17,17,0
63153,0.16,0.10,0.20,26.97,18,18,0,0.57,0.40,0.70,26.27,18,0,0,0.39,0.30,0.40,26.43,18,18,0,0.53,0.50,0.60,26.07,18,18,0,0.13,0.10,0.20,26.89,18,18,0,1.09,1.00,1.10,26.39,18,18,0,0.28,0.20,0.30,25.93,18,18,0
63658,0.21,0.10,0.30,26.99,17,17,0,0.51,0.40,0.60,26.27,17,0,0,0.39,0.30,0.40,26.41,17,17,0,0.54,0.50,0.60,26.06,17,17,0,0.12,0.10,0.20,26.87,17,17,0,1.10,1.10,1.10,26.40,17,17,0,0.25,0.20,0.30,25.95,17,17,0
64171,0.28,0.20,0.30,26.98,18,18,0,0.52,0.40,0.70,26.28,18,0,0,0.38,0.30,0.40,26.45,18,18,0,0.55,0.50,0.60,26.08,18,18,0,0.12,0.10,0.20,26.90,18,18,0,1.09,1.00,1.10,26.41,18,18,0,0.26,0.20,0.30,25.95,18,18,0
64671,0.23,0.20,0.30,26.99,17,17,0,0.55,0.40,0.70,26.27,17,0,0,0.39,0.30,0.40,26.44,17,17,0,0.53,0.50,0.60,26.07,17,17,0,0.12,0.10,0.20,26.90,17,17,0,1.10,1.10,1.10,26.41,17,17,0,0.26,0.20,0.30,25.96,17,17,0
65171,0.21,0.20,0.30,27.00,17,17,0,0.51,0.30,0.70,26.29,17,0,0,0.39,0.30,0.40,26.44,17,17,0,0.52,0.50,0.60,26.08,17,17,0,0.13,0.10,0.20,26.91,17,17,0,1.09,1.00,1.10,26.40,17,17,0,0.25,0.20,0.30,25.95,17,17,0
65684,0.21,0.20,0.30,26.99,18,18,0,0.52,0.30,0.70,26.30,18,0,0,0.36,0.30,0.40,26.45,18,18,0,0.52,0.50,0.60,26.10,18,18,0,0.12,0.10,0.20,26.92,18,18,0,1.09,1.00,1.10,26.43,18,18,0,0.26,0.20,0.30,25.96,18,18,0
66194,0.24,0.20,0.30,27.01,18,18,0,0.62,0.40,0.80,26.30,18,0,0,0.39,0.30,0.40,26.46,18,18,0,0.54,0.50,0.60,26.08,18,18,0,0.12,0.10,0.20,26.92,18,18,0,1.10,1.10,1.10,26.44,18,18,0,0.24,0.20,0.30,25.98,18,18,0
66694,0.22,0.20,0.30,27.00,17,17,0,0.44,0.30,0.60,26.30,17,0,0,0.40,0.40,0.40,26.46,17,17,0,0.53,0.50,0.60,26.11,17,17,0,0.13,0.10,0.20,26.92,17,17,0,1.10,1.10,1.10,26.43,17,17,0,0.27,0.20,0.30,25.99,17,17,0
67207,0.24,0.20,0.30,27.01,18,18,0,0.47,0.30,0.60,26.32,18,0,0,0.38,0.30,0.40,26.48,18,18,0,0.53,0.50,0.60,26.09,18,18,0,0.12,0.00,0.20,26.93,18,18,0,1.09,1.00,1.10,26.44,18,18,0,0.27,0.20,0.30,25.97,18,18,0
67718,0.21,0.20,0.30,27.03,18,18,0,0.56,0.10,0.90,26.30,18,0,0,0.38,0.30,0.40,26.48,18,18,0,0.52,0.50,0.60,26.10,18,18,0,0.12,0.10,0.20,26.94,18,18,0,1.09,1.00,1.10,26.44,18,18,0,0.28,0.20,0.30,25.99,18,18,0
68229,0.21,0.20,0.30,27.03,18,18,0,0.47,0.20,0.70,26.32,18,0,0,0.38,0.30,0.40,26.49,18,18,0,0.53,0.50,0.60,26.10,18,18,0,0.12,0.10,0.20,26.93,18,18,0,1.09,1.00,1.10,26.46,18,18,0,0.25,0.20,0.30,26.00,18,18,0
68732,0.22,0.20,0.30,27.04,17,17,0,0.51,-0.30,1.10,26.32,17,0,0,0.39,0.30,0.40,26.49,17,17,0,0.52,0.50,0.60,26.11,17,17,0,0.12,0.10,0.20,26.94,17,17,0,1.10,1.10,1.10,26.45,17,17,0,0.27,0.20,0.30,26.00,17,17,0
69243,0.29,0.20,0.30,27.05,18,18,0,0.54,-0.10,0.90,26.33,18,0,0,0.38,0.30,0.40,26.50,18,18,0,0.54,0.50,0.60,26.13,18,18,0,0.11,0.10,0.20,26.93,18,18,0,1.11,1.10,1.20,26.45,18,18,0,0.26,0.20,0.30,25.99,18,18,0
69750,0.34,0.30,0.40,27.04,18,18,0,0.61,0.40,0.80,26.35,18,0,0,0.38,0.30,0.40,26.51,18,18,0,0.53,0.50,0.60,26.12,18,18,0,0.11,0.10,0.20,26.95,18,18,0,1.10,1.10,1.10,26.46,18,18,0,0.26,0.20,0.30,26.01,18,18,0
70250,0.37,0.30,0.40,27.04,18,18,0,0.55,0.30,0.90,26.34,18,0,0,0.38,0.30,0.40,26.50,18,18,0,0.52,0.50,0.60,26.11,18,18,0,0.12,0.10,0.20,26.96,18,18,0,1.09,1.00,1.10,26.47,18,18,0,0.24,0.20,0.30,26.01,18,18,0
70760,0.39,0.30,0.40,27.04,17,17,0,0.51,0.40,0.60,26.34,17,0,0,0.39,0.30,0.40,26.51,17,17,0,0.54,0.50,0.60,26.15,17,17,0,0.12,0.10,0.20,26.95,17,17,0,1.09,1.00,1.10,26.45,17,17,0,0.25,0.20,0.30,26.03,17,17,0
71260,0.39,0.30,0.40,27.05,17,17,0,0.56,0.30,0.80,26.35,17,0,0,0.40,0.40,0.40,26.51,17,17,0,0.54,0.50,0.60,26.13,17,17,0,0.11,0.10,0.20,26.96,17,17,0,1.10,1.10,1.10,26.48,17,17,0,0.26,0.20,0.30,26.03,17,17,0
71773,0.40,0.30,0.50,27.06,18,18,0,0.50,0.40,0.70,26.36,18,0,0,0.40,0.40,0.40,26.51,18,18,0,0.54,0.50,0.60,26.16,18,18,0,0.15,0.10,0.20,26.97,18,18,0,1.10,1.10,1.10,26.47,18,18,0,0.27,0.20,0.30,26.01,18,18,0
72286,0.46,0.40,0.50,27.06,18,18,0,0.53,0.40,0.70,26.36,18,0,0,0.39,0.30,0.40,26.52,18,18,0,0.52,0.50,0.60,26.16,18,18,0,0.11,0.10,0.20,26.97,18,18,0,1.08,1.00,1.10,26.49,18,18,0,0.25,0.20,0.30,26.03,18,18,0
72786,0.49,0.40,0.50,27.06,17,17,0,0.45,0.20,0.60,26.37,17,0,0,0.39,0.30,0.40,26.53,17,17,0,0.52,0.50,0.60,26.14,17,17,0,0.12,0.10,0.20,26.97,17,17,0,1.09,1.00,1.10,26.50,17,17,0,0.27,0.20,0.30,26.04,17,17,0
73293,0.50,0.50,0.50,27.07,18,18,0,0.42,0.20,0.60,26.37,18,0,0,0.40,0.40,0.40,26.53,18,18,0,0.55,0.50,0.60,26.16,18,18,0,0.12,0.10,0.20,26.98,18,18,0,1.08,1.00,1.10,26.50,18,18,0,0.26,0.20,0.30,26.04,18,18,0
73797,0.47,0.40,0.50,27.09,18,18,0,0.54,0.30,0.80,26.39,18,0,0,0.37,0.30,0.40,26.55,18,18,0,0.53,0.50,0.60,26.15,18,18,0,0.12,0.10,0.20,27.00,18,18,0,1.09,1.00,1.10,26.50,18,18,0,0.25,0.20,0.30,26.05,18,18,0
74304,0.49,0.40,0.50,27.08,18,18,0,0.44,0.20,0.60,26.38,18,0,0,0.39,0.30,0.40,26.55,18,18,0,0.54,0.50,0.60,26.17,18,18,0,0.12,0.10,0.20,26.99,18,18,0,1.09,1.00,1.10,26.51,18,18,0,0.26,0.20,0.30,26.06,18,18,0
74804,0.49,0.40,0.50,27.10,17,17,0,0.39,0.20,0.50,26.36,17,0,0,0.38,0.30,0.40,26.54,17,17,0,0.54,0.50,0.60,26.19,17,17,0,0.11,0.10,0.20,26.99,17,17,0,1.10,1.10,1.10,26.52,17,17,0,0.26,0.20,0.30,26.06,17,17,0
75304,0.48,0.40,0.50,27.08,18,18,0,0.47,0.10,0.70,26.38,18,0,0,0.38,0.30,0.40,26.55,18,18,0,0.52,0.50,0.60,26.17,18,18,0,0.11,0.10,0.20,27.00,18,18,0,1.09,1.00,1.10,26.50,18,18,0,0.27,0.20,0.30,26.07,18,18,0
75817,0.49,0.40,0.50,27.11,18,18,0,0.53,0.30,0.70,26.40,18,0,0,0.39,0.30,0.40,26.54,18,18,0,0.54,0.50,0.60,26.19,18,18,0,0.12,0.10,0.20,26.99,18,18,0,1.10,1.10,1.10,26.52,18,18,0,0.27,0.20,0.30,26.08,18,18,0
76325,0.49,0.40,0.50,27.11,18,18,0,0.49,0.40,0.60,26.39,18,0,0,0.39,0.30,0.40,26.56,18,18,0,0.53,0.50,0.60,26.17,18,18,0,0.12,0.10,0.20,27.00,18,18,0,1.08,1.00,1.10,26.53,18,18,0,0.24,0.20,0.30,26.08,18,18,0
76837,0.49,0.40,0.50,27.11,18,18,0,0.44,0.30,0.60,26.39,18,0,0,0.39,0.30,0.40,26.57,18,18,0,0.54,0.50,0.60,26.19,18,18,0,0.11,0.10,0.20,27.01,18,18,0,1.10,1.10,1.10,26.53,18,18,0,0.26,0.20,0.30,26.08,18,18,0
77337,0.49,0.40,0.50,27.11,17,17,0,0.56,0.40,0.90,26.41,17,0,0,0.39,0.30,0.40,26.56,17,17,0,0.53,0.50,0.60,26.19,17,17,0,0.12,0.10,0.20,27.01,17,17,0,1.10,1.10,1.10,26.54,17,17,0,0.23,0.20,0.30,26.10,17,17,0
77850,0.49,0.40,0.50,27.11,18,18,0,0.53,0.40,0.80,26.40,18,0,0,0.39,0.30,0.40,26.58,18,18,0,0.54,0.50,0.60,26.19,18,18,0,0.12,0.10,0.20,27.02,18,18,0,1.08,1.00,1.10,26.53,18,18,0,0.24,0.20,0.30,26.09,18,18,0
78357,0.49,0.40,0.50,27.12,18,18,0,0.54,0.40,0.70,26.41,18,0,0,0.39,0.30,0.40,26.57,18,18,0,0.52,0.50,0.60,26.21,18,18,0,0.12,0.00,0.20,27.03,18,18,0,1.10,1.10,1.10,26.52,18,18,0,0.26,0.20,0.30,26.09,18,18,0
78857,0.49,0.40,0.50,27.13,17,17,0,0.50,0.40,0.60,26.42,17,0,0,0.39,0.30,0.40,26.57,17,17,0,0.52,0.50,0.60,26.21,17,17,0,0.12,0.10,0.20,27.02,17,17,0,1.10,1.10,1.10,26.54,17,17,0,0.27,0.20,0.30,26.09,17,17,0
79357,0.49,0.40,0.50,27.12,18,18,0,0.52,0.40,0.60,26.42,18,0,0,0.39,0.30,0.40,26.58,18,18,0,0.52,0.50,0.60,26.21,18,18,0,0.13,0.10,0.20,27.03,18,18,0,1.10,1.10,1.10,26.55,18,18,0,0.27,0.20,0.30,26.11,18,18,0
79861,0.42,0.40,0.50,27.14,18,18,0,0.56,0.30,0.70,26.41,18,0,0,0.39,0.30,0.40,26.59,18,18,0,0.51,0.50,0.60,26.20,18,18,0,0.11,0.10,0.20,27.02,18,18,0,1.09,1.00,1.10,26.55,18,18,0,0.27,0.20,0.30,26.10,18,18,0
80374,0.40,0.40,0.40,27.12,18,18,0,0.56,0.40,0.80,26.42,18,0,0,0.39,0.30,0.40,26.60,18,18,0,0.53,0.50,0.60,26.22,18,18,0,0.13,0.10,0.20,27.05,18,18,0,1.10,1.10,1.10,26.55,18,18,0,0.26,0.20,0.30,26.11,18,18,0
80879,0.39,0.30,0.40,27.14,18,18,0,0.50,0.40,0.60,26.44,18,0,0,0.39,0.30,0.40,26.61,18,18,0,0.55,0.50,0.60,26.20,18,18,0,0.11,0.10,0.20,27.04,18,18,0,1.11,1.10,1.20,26.57,18,18,0,0.24,0.20,0.30,26.12,18,18,0
81379,0.39,0.30,0.40,27.13,17,17,0,0.52,0.30,0.70,26.42,17,0,0,0.39,0.30,0.40,26.60,17,17,0,0.54,0.50,0.60,26.22,17,17,0,0.12,0.10,0.20,27.05,17,17,0,1.10,1.10,1.10,26.58,17,17,0,0.26,0.20,0.30,26.13,17,17,0
81892,0.40,0.40,0.40,27.14,18,18,0,0.51,0.40,0.60,26.44,18,0,0,0.39,0.30,0.40,26.61,18,18,0,0.53,0.50,0.60,26.23,18,18,0,0.14,0.10,0.20,27.05,18,18,0,1.09,1.00,1.10,26.57,18,18,0,0.24,0.20,0.30,26.12,18,18,0
82404,0.39,0.30,0.40,27.14,18,18,0,0.55,0.40,0.70,26.42,18,0,0,0.40,0.40,0.40,26.59,18,18,0,0.51,0.50,0.60,26.24,18,18,0,0.12,0.10,0.20,27.06,18,18,0,1.09,1.00,1.10,26.57,18,18,0,0.22,0.20,0.30,26.13,18,18,0
82916,0.38,0.30,0.40,27.16,18,18,0,0.53,0.30,0.70,26.44,18,0,0,0.39,0.30,0.40,26.61,18,18,0,0.53,0.50,0.60,26.24,18,18,0,0.11,0.10,0.20,27.07,18,18,0,1.09,1.00,1.10,26.57,18,18,0,0.27,0.20,0.30,26.13,18,18,0
83429,0.39,0.30,0.40,27.18,18,18,0,0.59,0.40,0.80,26.44,18,0,0,0.39,0.30,0.40,26.62,18,18,0,0.51,0.50,0.60,26.25,18,18,0,0.12,0.10,0.20,27.06,18,18,0,1.09,1.00,1.10,26.57,18,18,0,0.23,0.20,0.30,26.14,18,18,0
83936,0.39,0.30,0.40,27.14,17,17,0,0.55,0.40,0.70,26.46,17,0,0,0.39,0.30,0.40,26.61,17,17,0,0.52,0.50,0.60,26.24,17,17,0,0.12,0.10,0.20,27.08,17,17,0,1.09,1.00,1.10,26.60,17,17,0,0.25,0.20,0.30,26.14,17,17,0
84443,0.38,0.30,0.40,27.17,18,18,0,0.51,0.40,0.60,26.45,18,0,0,0.38,0.30,0.40,26.63,18,18,0,0.52,0.50,0.60,26.26,18,18,0,0.10,0.10,0.10,27.07,18,18,0,1.09,1.00,1.10,26.59,18,18,0,0.24,0.20,0.30,26.15,18,18,0
84943,0.38,0.30,0.40,27.17,17,17,0,0.51,0.30,0.70,26.47,17,0,0,0.39,0.30,0.40,26.63,17,17,0,0.53,0.50,0.60,26.25,17,17,0,0.11,0.10,0.20,27.08,17,17,0,1.09,1.00,1.10,26.59,17,17,0,0.25,0.20,0.30,26.14,17,17,0
85443,0.36,0.30,0.40,27.16,18,18,0,0.58,0.30,0.70,26.46,18,0,0,0.39,0.30,0.40,26.64,18,18,0,0.53,0.50,0.60,26.25,18,18,0,0.12,0.10,0.20,27.08,18,18,0,1.09,1.00,1.10,26.59,18,18,0,0.23,0.20,0.30,26.14,18,18,0
85950,0.36,0.30,0.40,27.17,18,18,0,0.65,0.40,0.90,26.46,18,0,0,0.38,0.30,0.40,26.66,18,18,0,0.53,0.50,0.60,26.26,18,18,0,0.11,0.10,0.20,27.08,18,18,0,1.09,1.00,1.10,26.60,18,18,0,0.26,0.20,0.30,26.16,18,18,0
86460,0.34,0.30,0.40,27.18,18,18,0,0.53,0.40,0.80,26.47,18,0,0,0.39,0.30,0.40,26.65,18,18,0,0.52,0.50,0.60,26.26,18,18,0,0.11,0.00,0.20,27.09,18,18,0,1.08,1.00,1.10,26.60,18,18,0,0.24,0.20,0.30,26.17,18,18,0
86960,0.38,0.30,0.40,27.18,17,17,0,0.53,0.30,0.80,26.45,17,0,0,0.39,0.30,0.40,26.65,17,17,0,0.53,0.50,0.60,26.26,17,17,0,0.11,0.10,0.20,27.09,17,17,0,1.10,1.10,1.10,26.59,17,17,0,0.24,0.20,0.30,26.17,17,17,0
87470,0.38,0.30,0.40,27.19,18,18,0,0.57,0.30,0.80,26.47,18,0,0,0.40,0.40,0.40,26.65,18,18,0,0.51,0.50,0.60,26.26,18,18,0,0.11,0.10,0.20,27.09,18,18,0,1.09,1.00,1.10,26.60,18,18,0,0.25,0.20,0.30,26.17,18,18,0
87977,0.38,0.30,0.40,27.18,18,18,0,0.47,0.20,0.70,26.48,18,0,0,0.39,0.30,0.40,26.65,18,18,0,0.52,0.50,0.60,26.27,18,18,0,0.11,0.10,0.20,27.09,18,18,0,1.10,1.00,1.20,26.62,18,18,0,0.26,0.20,0.30,26.19,18,18,0
88477,0.39,0.30,0.40,27.19,17,17,0,0.48,0.30,0.70,26.49,17,0,0,0.39,0.30,0.40,26.66,17,17,0,0.54,0.50,0.60,26.28,17,17,0,0.11,0.10,0.20,27.09,17,17,0,1.09,1.00,1.10,26.62,17,17,0,0.26,0.20,0.30,26.19,17,17,0
88979,0.38,0.30,0.40,27.19,18,18,0,0.49,0.20,0.70,26.47,18,0,0,0.39,0.30,0.40,26.66,18,18,0,0.53,0.50,0.60,26.27,18,18,0,0.11,0.10,0.20,27.10,18,18,0,1.09,1.00,1.10,26.64,18,18,0,0.24,0.20,0.30,26.19,18,18,0
89486,0.37,0.30,0.40,27.18,18,18,0,0.43,0.10,0.60,26.49,18,0,0,0.39,0.30,0.40,26.67,18,18,0,0.53,0.50,0.60,26.27,18,18,0,0.12,0.10,0.20,27.11,18,18,0,1.09,1.00,1.10,26.64,18,18,0,0.24,0.20,0.30,26.18,18,18,0
89996,0.37,0.30,0.40,27.20,18,18,0,0.47,0.30,0.60,26.48,18,0,0,0.39,0.30,0.40,26.66,18,18,0,0.52,0.50,0.60,26.28,18,18,0,0.11,0.10,0.20,27.11,18,18,0,1.09,1.00,1.10,26.63,18,18,0,0.23,0.20,0.30,26.19,18,18,0
90503,0.38,0.30,0.40,27.19,18,18,0,0.52,0.40,0.60,26.50,18,0,0,0.38,0.30,0.40,26.67,18,18,0,0.54,0.50,0.60,26.29,18,18,0,0.12,0.10,0.20,27.12,18,18,0,1.09,1.00,1.20,26.64,18,18,0,0.24,0.20,0.30,26.19,18,18,0
91011,0.38,0.30,0.40,27.20,18,18,0,0.56,0.30,0.80,26.50,18,0,0,0.39,0.30,0.40,26.67,18,18,0,0.54,0.50,0.60,26.30,18,18,0,0.12,0.10,0.20,27.11,18,18,0,1.10,1.10,1.10,26.63,18,18,0,0.24,0.20,0.30,26.19,18,18,0
91518,0.37,0.30,0.40,27.18,18,18,0,0.51,0.40,0.70,26.49,18,0,0,0.40,0.40,0.40,26.67,18,18,0,0.52,0.50,0.60,26.28,18,18,0,0.12,0.10,0.20,27.12,18,18,0,1.08,1.00,1.10,26.64,18,18,0,0.23,0.20,0.30,26.21,18,18,0
92025,0.37,0.30,0.40,27.20,18,18,0,0.48,0.30,0.70,26.50,18,0,0,0.38,0.30,0.40,26.69,18,18,0,0.52,0.50,0.60,26.29,18,18,0,0.12,0.10,0.20,27.13,18,18,0,1.10,1.00,1.20,26.65,18,18,0,0.24,0.20,0.30,26.20,18,18,0
92529,0.35,0.30,0.40,27.22,18,18,0,0.52,0.40,0.60,26.51,18,0,0,0.38,0.30,0.40,26.70,18,18,0,0.53,0.50,0.60,26.30,18,18,0,0.12,0.10,0.20,27.13,18,18,0,1.08,1.00,1.10,26.65,18,18,0,0.23,0.20,0.30,26.22,18,18,0
93034,0.37,0.30,0.40,27.23,18,18,0,0.53,0.30,0.70,26.50,18,0,0,0.37,0.30,0.40,26.70,18,18,0,0.54,0.50,0.60,26.31,18,18,0,0.11,0.10,0.20,27.13,18,18,0,1.07,1.00,1.10,26.65,18,18,0,0.26,0.20,0.30,26.21,18,18,0
93544,0.36,0.30,0.40,27.22,18,18,0,0.53,0.30,0.70,26.52,18,0,0,0.40,0.40,0.40,26.71,18,18,0,0.53,0.50,0.60,26.31,18,18,0,0.12,0.10,0.20,27.15,18,18,0,1.09,1.00,1.10,26.66,18,18,0,0.26,0.20,0.30,26.22,18,18,0
94044,0.36,0.30,0.40,27.22,18,18,0,0.62,0.40,0.90,26.52,18,0,0,0.39,0.30,0.40,26.70,18,18,0,0.54,0.50,0.60,26.32,18,18,0,0.13,0.00,0.20,27.13,18,18,0,1.08,1.00,1.10,26.67,18,18,0,0.26,0.20,0.30,26.21,18,18,0
94551,0.35,0.30,0.40,27.23,18,18,0,0.49,0.40,0.70,26.53,18,0,0,0.39,0.30,0.40,26.71,18,18,0,0.52,0.50,0.60,26.32,18,18,0,0.12,0.10,0.20,27.13,18,18,0,1.11,1.10,1.20,26.66,18,18,0,0.26,0.20,0.30,26.23,18,18,0
95051,0.34,0.30,0.40,27.24,17,17,0,0.48,0.30,0.60,26.52,17,0,0,0.37,0.30,0.40,26.72,17,17,0,0.52,0.50,0.60,26.32,17,17,0,0.11,0.10,0.20,27.14,17,17,0,1.09,1.00,1.10,26.65,17,17,0,0.24,0.20,0.30,26.23,17,17,0
95564,0.33,0.30,0.40,27.23,18,18,0,0.57,0.40,0.70,26.52,18,0,0,0.39,0.30,0.40,26.71,18,18,0,0.54,0.50,0.60,26.32,18,18,0,0.12,0.10,0.20,27.15,18,18,0,1.10,1.10,1.10,26.66,18,18,0,0.23,0.20,0.30,26.22,18,18,0
96077,0.34,0.30,0.40,27.25,18,18,0,0.61,0.40,0.70,26.53,18,0,0,0.38,0.30,0.40,26.74,18,18,0,0.54,0.50,0.60,26.35,18,18,0,0.12,0.10,0.20,27.15,18,18,0,1.09,1.00,1.10,26.67,18,18,0,0.24,0.20,0.30,26.25,18,18,0
96577,0.32,0.30,0.40,27.24,18,18,0,0.59,0.40,0.80,26.53,18,0,0,0.38,0.30,0.40,26.72,18,18,0,0.53,0.50,0.60,26.33,18,18,0,0.11,0.10,0.20,27.15,18,18,0,1.09,1.00,1.10,26.68,18,18,0,0.24,0.20,0.30,26.23,18,18,0
97082,0.30,0.30,0.30,27.26,18,18,0,0.62,0.40,0.80,26.54,18,0,0,0.37,0.30,0.40,26.72,18,18,0,0.53,0.50,0.60,26.32,18,18,0,0.11,0.10,0.20,27.16,18,18,0,1.09,1.00,1.10,26.69,18,18,0,0.22,0.20,0.30,26.24,18,18,0
97585,0.30,0.30,0.30,27.26,18,18,0,0.59,0.50,0.80,26.54,18,0,0,0.38,0.30,0.40,26.72,18,18,0,0.53,0.50,0.60,26.32,18,18,0,0.10,0.10,0.10,27.16,18,18,0,1.10,1.10,1.10,26.68,18,18,0,0.23,0.20,0.30,26.24,18,18,0
98085,0.33,0.30,0.40,27.25,18,18,0,0.52,0.20,0.70,26.55,18,0,0,0.40,0.40,0.40,26.73,18,18,0,0.51,0.50,0.60,26.34,18,18,0,0.12,0.10,0.20,27.15,18,18,0,1.09,1.00,1.10,26.68,18,18,0,0.23,0.20,0.30,26.24,18,18,0
98596,0.39,0.30,0.40,27.24,18,18,0,0.61,0.40,0.80,26.55,18,0,0,0.39,0.30,0.40,26.73,18,18,0,0.56,0.50,0.60,26.33,18,18,0,0.11,0.10,0.20,27.16,18,18,0,1.09,1.00,1.10,26.68,18,18,0,0.24,0.20,0.30,26.25,18,18,0
99096,0.40,0.40,0.40,27.25,17,17,0,0.61,0.30,0.90,26.56,17,0,0,0.38,0.30,0.40,26.73,17,17,0,0.53,0.50,0.60,26.35,17,17,0,0.10,0.10,0.10,27.18,17,17,0,1.09,1.00,1.10,26.70,17,17,0,0.25,0.20,0.30,26.27,17,17,0
99596,0.39,0.30,0.40,27.27,18,18,0,0.54,0.40,0.70,26.55,18,0,0,0.38,0.30,0.40,26.75,18,18,0,0.53,0.50,0.60,26.36,18,18,0,0.10,0.10,0.10,27.16,18,18,0,1.10,1.10,1.10,26.70,18,18,0,0.28,0.20,0.30,26.26,18,18,0
100102,0.39,0.30,0.40,27.25,17,17,0,0.62,0.30,0.80,26.58,17,0,0,0.39,0.30,0.40,26.74,17,17,0,0.55,0.50,0.60,26.35,17,17,0,0.11,0.10,0.20,27.17,17,17,0,1.09,1.00,1.10,26.70,17,17,0,0.26,0.20,0.30,26.26,17,17,0
100609,0.38,0.30,0.40,27.27,18,18,0,0.58,0.40,0.80,26.56,18,0,0,0.39,0.30,0.40,26.74,18,18,0,0.54,0.50,0.60,26.35,18,18,0,0.12,0.10,0.20,27.17,18,18,0,1.10,1.10,1.10,26.71,18,18,0,0.24,0.20,0.30,26.28,18,18,0
101109,0.38,0.30,0.40,27.26,17,17,0,0.55,0.40,0.70,26.56,17,0,0,0.38,0.30,0.40,26.74,17,17,0,0.55,0.50,0.60,26.36,17,17,0,0.10,0.10,0.10,27.20,17,17,0,1.09,1.00,1.10,26.71,17,17,0,0.25,0.20,0.30,26.29,17,17,0
101616,0.36,0.30,0.40,27.27,18,18,0,0.57,0.40,0.70,26.55,18,0,0,0.38,0.30,0.40,26.76,18,18,0,0.52,0.50,0.60,26.37,18,18,0,0.12,0.10,0.20,27.18,18,18,0,1.09,1.00,1.10,26.72,18,18,0,0.26,0.20,0.30,26.27,18,18,0
102120,0.37,0.30,0.40,27.27,18,18,0,0.65,0.50,0.80,26.56,18,0,0,0.38,0.30,0.40,26.76,18,18,0,0.51,0.50,0.60,26.39,18,18,0,0.11,0.10,0.20,27.18,18,18,0,1.10,1.10,1.10,26.72,18,18,0,0.27,0.20,0.30,26.28,18,18,0
102620,0.39,0.30,0.40,27.28,18,18,0,0.62,0.40,0.80,26.55,18,0,0,0.36,0.30,0.40,26.77,18,18,0,0.51,0.50,0.60,26.39,18,18,0,0.12,0.10,0.20,27.18,18,18,0,1.10,1.10,1.10,26.71,18,18,0,0.23,0.20,0.30,26.28,18,18,0
103132,0.38,0.30,0.40,27.28,18,18,0,0.66,0.50,0.80,26.56,18,0,0,0.39,0.30,0.40,26.77,18,18,0,0.53,0.50,0.60,26.39,18,18,0,0.12,0.10,0.20,27.17,18,18,0,1.09,1.00,1.10,26.72,18,18,0,0.24,0.20,0.30,26.30,18,18,0
103635,0.37,0.30,0.40,27.28,17,17,0,0.59,0.50,0.80,26.57,17,0,0,0.38,0.30,0.40,26.77,17,17,0,0.54,0.50,0.60,26.37,17,17,0,0.12,0.10,0.20,27.20,17,17,0,1.09,1.00,1.10,26.72,17,17,0,0.26,0.20,0.30,26.28,17,17,0
104148,0.38,0.30,0.40,27.27,18,18,0,0.62,0.40,0.80,26.57,18,0,0,0.39,0.30,0.40,26.76,18,18,0,0.52,0.50,0.60,26.39,18,18,0,0.11,0.10,0.20,27.19,18,18,0,1.08,1.00,1.10,26.73,18,18,0,0.24,0.20,0.30,26.28,18,18,0
104658,0.39,0.30,0.40,27.29,18,18,0,0.73,0.50,1.00,26.58,18,0,0,0.38,0.30,0.40,26.78,18,18,0,0.54,0.50,0.60,26.37,18,18,0,0.12,0.10,0.20,27.20,18,18,0,1.09,1.00,1.10,26.72,18,18,0,0.26,0.20,0.30,26.30,18,18,0
105158,0.39,0.30,0.40,27.28,17,17,0,0.72,0.60,0.90,26.58,17,0,0,0.35,0.30,0.40,26.79,17,17,0,0.54,0.50,0.60,26.39,17,17,0,0.11,0.10,0.20,27.20,17,17,0,1.08,1.00,1.10,26.73,17,17,0,0.24,0.20,0.30,26.30,17,17,0
105665,0.37,0.30,0.40,27.31,18,18,0,0.69,0.50,0.90,26.60,18,0,0,0.39,0.30,0.40,26.78,18,18,0,0.52,0.50,0.60,26.41,18,18,0,0.11,0.10,0.20,27.19,18,18,0,1.09,1.00,1.10,26.74,18,18,0,0.26,0.20,0.30,26.32,18,18,0
106175,0.39,0.30,0.40,27.29,18,18,0,0.67,0.50,0.80,26.61,18,0,0,0.39,0.30,0.40,26.77,18,18,0,0.52,0.50,0.60,26.38,18,18,0,0.12,0.10,0.20,27.20,18,18,0,1.09,1.00,1.10,26.75,18,18,0,0.24,0.20,0.30,26.30,18,18,0
106682,0.39,0.30,0.40,27.29,18,18,0,0.62,0.40,0.90,26.62,18,0,0,0.39,0.30,0.40,26.80,18,18,0,0.52,0.50,0.60,26.38,18,18,0,0.11,0.10,0.20,27.22,18,18,0,1.09,1.00,1.10,26.75,18,18,0,0.25,0.20,0.30,26.31,18,18,0
107182,0.39,0.30,0.40,27.29,17,17,0,0.74,0.50,1.10,26.59,17,0,0,0.40,0.40,0.40,26.78,17,17,0,0.52,0.50,0.60,26.40,17,17,0,0.11,0.10,0.20,27.22,17,17,0,1.09,1.00,1.10,26.75,17,17,0,0.23,0.20,0.30,26.32,17,17,0
107692,0.39,0.30,0.40,27.30,18,18,0,0.76,0.50,1.00,26.61,18,0,0,0.37,0.30,0.40,26.78,18,18,0,0.53,0.50,0.60,26.40,18,18,0,0.11,0.00,0.20,27.20,18,18,0,1.09,1.00,1.10,26.75,18,18,0,0.25,0.20,0.30,26.32,18,18,0
108203,0.40,0.40,0.40,27.31,18,18,0,0.73,0.50,0.90,26.60,18,0,0,0.39,0.30,0.40,26.79,18,18,0,0.53,0.50,0.60,26.41,18,18,0,0.12,0.10,0.20,27.21,18,18,0,1.10,1.10,1.10,26.74,18,18,0,0.24,0.20,0.30,26.32,18,18,0
108713,0.40,0.40,0.40,27.32,18,18,0,0.70,0.50,0.90,26.60,18,0,0,0.38,0.30,0.40,26.81,18,18,0,0.53,0.50,0.60,26.41,18,18,0,0.10,0.10,0.10,27.20,18,18,0,1.09,1.00,1.10,26.75,18,18,0,0.24,0.20,0.30,26.32,18,18,0
109218,0.40,0.40,0.40,27.33,18,18,0,0.80,0.60,1.00,26.62,18,0,0,0.38,0.30,0.40,26.78,18,18,0,0.52,0.50,0.60,26.41,18,18,0,0.12,0.10,0.20,27.23,18,18,0,1.09,1.00,1.10,26.75,18,18,0,0.23,0.20,0.30,26.32,18,18,0
109731,0.40,0.40,0.40,27.33,18,18,0,0.66,0.50,0.80,26.62,18,0,0,0.39,0.30,0.40,26.80,18,18,0,0.54,0.50,0.60,26.40,18,18,0,0.11,0.10,0.20,27.23,18,18,0,1.09,1.00,1.10,26.75,18,18,0,0.23,0.20,0.30,26.33,18,18,0
110238,0.40,0.40,0.40,27.32,18,18,0,0.75,0.60,0.90,26.62,18,0,0,0.39,0.30,0.40,26.81,18,18,0,0.52,0.50,0.60,26.41,18,18,0,0.10,0.00,0.20,27.22,18,18,0,1.08,1.00,1.10,26.76,18,18,0,0.26,0.20,0.30,26.33,18,18,0
110748,0.39,0.30,0.40,27.32,18,18,0,0.63,0.30,0.90,26.63,18,0,0,0.37,0.30,0.40,26.82,18,18,0,0.53,0.50,0.60,26.41,18,18,0,0.11,0.10,0.20,27.25,18,18,0,1.09,1.00,1.10,26.76,18,18,0,0.23,0.20,0.30,26.35,18,18,0
111248,0.40,0.40,0.40,27.34,17,17,0,0.56,0.40,0.70,26.60,17,0,0,0.38,0.30,0.40,26.80,17,17,0,0.51,0.50,0.60,26.42,17,17,0,0.10,0.10,0.10,27.22,17,17,0,1.09,1.00,1.10,26.77,17,17,0,0.25,0.20,0.30,26.35,17,17,0
111759,0.39,0.30,0.40,27.33,18,18,0,0.64,0.60,0.90,26.61,18,0,0,0.38,0.30,0.40,26.82,18,18,0,0.52,0.50,0.60,26.45,18,18,0,0.12,0.10,0.20,27.23,18,18,0,1.08,1.00,1.10,26.76,18,18,0,0.25,0.20,0.30,26.32,18,18,0
112270,0.40,0.40,0.40,27.33,18,18,0,0.58,0.40,0.70,26.64,18,0,0,0.39,0.30,0.40,26.82,18,18,0,0.54,0.50,0.60,26.43,18,18,0,0.11,0.10,0.20,27.25,18,18,0,1.09,1.00,1.10,26.77,18,18,0,0.24,0.20,0.30,26.33,18,18,0
112770,0.40,0.40,0.40,27.33,18,18,0,0.63,0.50,0.80,26.63,18,0,0,0.37,0.30,0.40,26.82,18,18,0,0.52,0.50,0.60,26.44,18,18,0,0.12,0.10,0.20,27.24,18,18,0,1.09,1.00,1.10,26.78,18,18,0,0.24,0.20,0.30,26.33,18,18,0
113279,0.40,0.40,0.40,27.33,18,18,0,0.68,0.50,0.80,26.63,18,0,0,0.37,0.30,0.40,26.82,18,18,0,0.51,0.50,0.60,26.44,18,18,0,0.11,0.10,0.20,27.24,18,18,0,1.09,1.00,1.10,26.77,18,18,0,0.23,0.20,0.30,26.35,18,18,0
113786,0.40,0.40,0.40,27.32,18,18,0,0.56,0.10,1.20,26.64,18,0,0,0.38,0.30,0.40,26.83,18,18,0,0.52,0.50,0.60,26.44,18,18,0,0.11,0.10,0.20,27.25,18,18,0,1.09,1.00,1.10,26.77,18,18,0,0.23,0.20,0.30,26.37,18,18,0
114297,0.40,0.40,0.40,27.34,18,18,0,0.60,0.00,1.40,26.64,18,0,0,0.38,0.30,0.40,26.83,18,18,0,0.54,0.50,0.60,26.44,18,18,0,0.11,0.10,0.20,27.26,18,18,0,1.09,1.00,1.10,26.79,18,18,0,0.24,0.20,0.30,26.34,18,18,0
114801,0.40,0.40,0.40,27.34,18,18,0,0.70,-0.20,1.70,26.65,18,0,0,0.39,0.30,0.40,26.85,18,18,0,0.51,0.50,0.60,26.44,18,18,0,0.11,0.10,0.20,27.26,18,18,0,1.09,1.00,1.10,26.79,18,18,0,0.22,0.20,0.30,26.36,18,18,0
115301,0.39,0.30,0.40,27.34,17,17,0,0.68,-0.10,1.20,26.63,17,0,0,0.39,0.30,0.40,26.85,17,17,0,0.52,0.50,0.60,26.44,17,17,0,0.11,0.10,0.20,27.25,17,17,0,1.08,1.00,1.10,26.78,17,17,0,0.25,0.20,0.30,26.36,17,17,0
115801,0.39,0.30,0.40,27.34,18,18,0,0.63,-0.10,1.00,26.66,18,0,0,0.38,0.30,0.40,26.84,18,18,0,0.51,0.50,0.60,26.44,18,18,0,0.11,0.10,0.20,27.25,18,18,0,1.09,1.00,1.10,26.79,18,18,0,0.24,0.20,0.30,26.37,18,18,0
116303,0.40,0.40,0.40,27.35,17,17,0,0.65,0.30,1.00,26.65,17,0,0,0.39,0.30,0.40,26.85,17,17,0,0.52,0.50,0.60,26.46,17,17,0,0.11,0.10,0.20,27.26,17,17,0,1.08,1.00,1.10,26.79,17,17,0,0.25,0.20,0.30,26.35,17,17,0
116806,0.39,0.30,0.40,27.37,18,18,0,0.64,0.30,1.00,26.65,18,0,0,0.37,0.30,0.40,26.85,18,18,0,0.52,0.50,0.60,26.47,18,18,0,0.13,0.10,0.20,27.26,18,18,0,1.09,1.00,1.10,26.80,18,18,0,0.24,0.20,0.30,26.37,18,18,0
117310,0.39,0.30,0.40,27.36,18,18,0,0.67,0.20,1.00,26.66,18,0,0,0.38,0.30,0.40,26.83,18,18,0,0.53,0.50,0.60,26.47,18,18,0,0.12,0.10,0.20,27.26,18,18,0,1.08,1.00,1.10,26.80,18,18,0,0.24,0.20,0.30,26.36,18,18,0
117817,0.40,0.40,0.40,27.35,18,18,0,0.66,0.50,0.90,26.66,18,0,0,0.38,0.30,0.40,26.86,18,18,0,0.52,0.50,0.60,26.47,18,18,0,0.12,0.10,0.20,27.28,18,18,0,1.08,1.00,1.10,26.80,18,18,0,0.24,0.20,0.30,26.37,18,18,0
118326,0.40,0.40,0.40,27.37,18,18,0,0.72,0.40,1.10,26.66,18,0,0,0.36,0.30,0.40,26.87,18,18,0,0.52,0.50,0.60,26.47,18,18,0,0.10,0.10,0.10,27.28,18,18,0,1.09,1.00,1.10,26.81,18,18,0,0.26,0.20,0.30,26.37,18,18,0
118837,0.39,0.30,0.40,27.37,18,18,0,0.71,0.40,1.10,26.66,18,0,0,0.37,0.30,0.40,26.87,18,18,0,0.51,0.50,0.60,26.48,18,18,0,0.12,0.10,0.20,27.27,18,18,0,1.09,1.00,1.10,26.81,18,18,0,0.24,0.20,0.30,26.38,18,18,0
119337,0.39,0.30,0.40,27.36,17,17,0,0.61,0.10,1.10,26.67,17,0,0,0.40,0.40,0.40,26.86,17,17,0,0.50,0.50,0.50,26.49,17,17,0,0.10,0.10,0.10,27.28,17,17,0,1.08,1.00,1.10,26.82,17,17,0,0.25,0.20,0.30,26.38,17,17,0
119844,0.39,0.30,0.40,27.37,18,18,0,0.65,0.40,0.90,26.67,18,0,0,0.37,0.30,0.40,26.87,18,18,0,0.54,0.50,0.60,26.47,18,18,0,0.11,0.10,0.20,27.28,18,18,0,1.08,1.00,1.10,26.82,18,18,0,0.27,0.20,0.30,26.39,18,18,0
120344,0.39,0.30,0.40,27.39,17,17,0,0.62,0.40,1.00,26.68,17,0,0,0.37,0.30,0.40,26.86,17,17,0,0.54,0.50,0.60,26.48,17,17,0,0.10,0.10,0.10,27.27,17,17,0,1.09,1.00,1.10,26.80,17,17,0,0.25,0.20,0.30,26.39,17,17,0
120844,0.39,0.30,0.40,27.37,17,17,0,0.64,0.50,0.80,26.67,17,0,0,0.39,0.30,0.40,26.85,17,17,0,0.54,0.50,0.60,26.47,17,17,0,0.12,0.10,0.20,27.29,17,17,0,1.07,1.00,1.10,26.81,17,17,0,0.24,0.20,0.30,26.40,17,17,0
121354,0.39,0.30,0.40,27.38,18,18,0,0.59,0.40,0.90,26.68,18,0,0,0.39,0.30,0.40,26.87,18,18,0,0.51,0.50,0.60,26.47,18,18,0,0.11,0.10,0.20,27.29,18,18,0,1.07,1.00,1.10,26.82,18,18,0,0.23,0.20,0.30,26.38,18,18,0
121858,0.37,0.30,0.40,27.38,18,18,0,0.61,0.30,0.80,26.68,18,0,0,0.36,0.30,0.40,26.87,18,18,0,0.53,0.50,0.60,26.49,18,18,0,0.11,0.10,0.20,27.29,18,18,0,1.09,1.00,1.10,26.81,18,18,0,0.23,0.20,0.30,26.41,18,18,0
122358,0.39,0.30,0.40,27.39,18,18,0,0.59,0.50,0.70,26.70,18,0,0,0.36,0.30,0.40,26.87,18,18,0,0.52,0.50,0.60,26.49,18,18,0,0.11,0.10,0.20,27.28,18,18,0,1.07,1.00,1.10,26.82,18,18,0,0.23,0.20,0.30,26.41,18,18,0
122858,0.37,0.30,0.40,27.39,18,18,0,0.62,0.40,0.80,26.68,18,0,0,0.36,0.30,0.40,26.88,18,18,0,0.53,0.50,0.60,26.49,18,18,0,0.11,0.10,0.20,27.29,18,18,0,1.09,1.00,1.10,26.83,18,18,0,0.22,0.20,0.30,26.41,18,18,0
123360,0.39,0.30,0.40,27.39,17,17,0,0.60,0.50,0.80,26.68,17,0,0,0.36,0.30,0.40,26.89,17,17,0,0.51,0.50,0.60,26.49,17,17,0,0.10,0.10,0.10,27.29,17,17,0,1.08,1.00,1.10,26.83,17,17,0,0.25,0.20,0.30,26.39,17,17,0
123867,0.37,0.30,0.40,27.38,18,18,0,0.63,0.40,0.80,26.71,18,0,0,0.38,0.30,0.40,26.87,18,18,0,0.53,0.50,0.60,26.49,18,18,0,0.11,0.10,0.20,27.29,18,18,0,1.09,1.00,1.10,26.83,18,18,0,0.23,0.20,0.30,26.41,18,18,0
124377,0.39,0.30,0.40,27.41,18,18,0,0.64,0.40,0.80,26.70,18,0,0,0.37,0.30,0.40,26.90,18,18,0,0.51,0.50,0.60,26.52,18,18,0,0.11,0.10,0.20,27.28,18,18,0,1.09,1.00,1.10,26.82,18,18,0,0.23,0.20,0.30,26.41,18,18,0
124877,0.37,0.30,0.40,27.39,18,18,0,0.64,0.30,0.90,26.69,18,0,0,0.38,0.30,0.40,26.90,18,18,0,0.52,0.50,0.60,26.50,18,18,0,0.12,0.10,0.20,27.30,18,18,0,1.09,1.00,1.10,26.84,18,18,0,0.23,0.20,0.30,26.42,18,18,0
125387,0.38,0.30,0.40,27.41,18,18,0,0.57,0.20,0.80,26.70,18,0,0,0.39,0.30,0.40,26.90,18,18,0,0.53,0.50,0.60,26.50,18,18,0,0.11,0.10,0.20,27.31,18,18,0,1.08,1.00,1.10,26.85,18,18,0,0.24,0.20,0.30,26.41,18,18,0
125891,0.38,0.30,0.40,27.40,18,18,0,0.55,0.30,0.80,26.69,18,0,0,0.38,0.30,0.40,26.90,18,18,0,0.51,0.50,0.60,26.49,18,18,0,0.11,0.10,0.20,27.31,18,18,0,1.09,1.00,1.10,26.84,18,18,0,0.24,0.20,0.30,26.42,18,18,0
126402,0.36,0.30,0.40,27.40,18,18,0,0.59,0.40,0.80,26.70,18,0,0,0.37,0.30,0.40,26.90,18,18,0,0.53,0.50,0.60,26.49,18,18,0,0.11,0.10,0.20,27.30,18,18,0,1.07,1.00,1.10,26.85,18,18,0,0.24,0.20,0.30,26.43,18,18,0
126912,0.35,0.30,0.40,27.41,18,18,0,0.62,0.30,1.00,26.71,18,0,0,0.37,0.30,0.40,26.90,18,18,0,0.52,0.50,0.60,26.52,18,18,0,0.12,0.10,0.20,27.30,18,18,0,1.09,1.00,1.10,26.87,18,18,0,0.23,0.20,0.30,26.42,18,18,0
127422,0.36,0.30,0.40,27.42,18,18,0,0.60,0.30,0.70,26.72,18,0,0,0.39,0.30,0.40,26.91,18,18,0,0.52,0.50,0.60,26.51,18,18,0,0.11,0.10,0.20,27.31,18,18,0,1.08,1.00,1.10,26.84,18,18,0,0.26,0.20,0.30,26.42,18,18,0
127933,0.38,0.30,0.40,27.41,18,18,0,0.62,0.40,0.80,26.72,18,0,0,0.37,0.30,0.40,26.90,18,18,0,0.51,0.50,0.60,26.50,18,18,0,0.11,0.10,0.20,27.32,18,18,0,1.09,1.00,1.10,26.84,18,18,0,0.27,0.20,0.30,26.43,18,18,0
128437,0.39,0.30,0.40,27.41,18,18,0,0.64,0.40,0.90,26.70,18,0,0,0.38,0.30,0.40,26.92,18,18,0,0.53,0.50,0.60,26.51,18,18,0,0.11,0.10,0.20,27.31,18,18,0,1.09,1.00,1.10,26.84,18,18,0,0.26,0.20,0.30,26.44,18,18,0
128937,0.36,0.30,0.40,27.42,18,18,0,0.69,0.40,1.00,26.72,18,0,0,0.38,0.30,0.40,26.90,18,18,0,0.51,0.50,0.60,26.52,18,18,0,0.11,0.00,0.20,27.33,18,18,0,1.07,1.00,1.10,26.88,18,18,0,0.24,0.20,0.30,26.44,18,18,0
129437,0.36,0.30,0.40,27.42,17,17,0,0.65,0.10,1.10,26.72,17,0,0,0.38,0.30,0.40,26.90,17,17,0,0.51,0.50,0.60,26.50,17,17,0,0.11,0.10,0.20,27.33,17,17,0,1.08,1.00,1.10,26.87,17,17,0,0.27,0.20,0.30,26.44,17,17,0
129937,0.38,0.30,0.40,27.43,17,17,0,0.64,0.10,1.40,26.71,17,0,0,0.37,0.30,0.40,26.91,17,17,0,0.51,0.50,0.60,26.52,17,17,0,0.13,0.10,0.20,27.32,17,17,0,1.06,1.00,1.10,26.84,17,17,0,0.24,0.20,0.30,26.45,17,17,0
130447,0.36,0.30,0.40,27.42,18,18,0,0.69,-0.10,1.30,26.71,18,0,0,0.38,0.30,0.40,26.92,18,18,0,0.51,0.50,0.60,26.53,18,18,0,0.12,0.10,0.20,27.34,18,18,0,1.08,1.00,1.10,26.86,18,18,0,0.23,0.20,0.30,26.43,18,18,0
130954,0.34,0.30,0.40,27.42,18,18,0,0.64,0.20,1.10,26.72,18,0,0,0.38,0.30,0.40,26.93,18,18,0,0.52,0.50,0.60,26.52,18,18,0,0.12,0.10,0.20,27.34,18,18,0,1.09,1.00,1.10,26.85,18,18,0,0.25,0.20,0.30,26.44,18,18,0
131454,0.38,0.30,0.40,27.42,17,17,0,0.69,0.50,0.90,26.72,17,0,0,0.39,0.30,0.40,26.91,17,17,0,0.51,0.50,0.60,26.53,17,17,0,0.11,0.10,0.20,27.34,17,17,0,1.10,1.10,1.10,26.87,17,17,0,0.25,0.20,0.30,26.47,17,17,0
131954,0.35,0.30,0.40,27.42,17,17,0,0.64,0.40,0.80,26.73,17,0,0,0.38,0.30,0.40,26.92,17,17,0,0.52,0.50,0.60,26.52,17,17,0,0.10,0.00,0.20,27.32,17,17,0,1.07,1.00,1.10,26.87,17,17,0,0.25,0.20,0.30,26.46,17,17,0
132461,0.37,0.30,0.40,27.42,18,18,0,0.73,0.60,1.00,26.71,18,0,0,0.38,0.30,0.40,26.92,18,18,0,0.51,0.50,0.60,26.53,18,18,0,0.11,0.10,0.20,27.36,18,18,0,1.09,1.00,1.10,26.86,18,18,0,0.24,0.20,0.30,26.44,18,18,0
132961,0.38,0.30,0.40,27.42,17,17,0,0.64,0.10,1.00,26.74,17,0,0,0.40,0.40,0.40,26.93,17,17,0,0.52,0.50,0.60,26.54,17,17,0,0.11,0.10,0.20,27.34,17,17,0,1.08,1.00,1.10,26.87,17,17,0,0.25,0.20,0.30,26.46,17,17,0
133461,0.37,0.30,0.40,27.44,17,17,0,0.62,0.20,1.00,26.75,17,0,0,0.35,0.30,0.40,26.93,17,17,0,0.54,0.50,0.60,26.54,17,17,0,0.11,0.10,0.20,27.35,17,17,0,1.09,1.00,1.10,26.87,17,17,0,0.23,0.20,0.30,26.45,17,17,0
133968,0.36,0.30,0.40,27.44,18,18,0,0.76,0.40,1.20,26.75,18,0,0,0.38,0.30,0.40,26.95,18,18,0,0.51,0.50,0.60,26.53,18,18,0,0.11,0.10,0.20,27.34,18,18,0,1.09,1.00,1.10,26.87,18,18,0,0.24,0.20,0.30,26.47,18,18,0
134479,0.38,0.30,0.40,27.43,18,18,0,0.76,0.50,0.90,26.72,18,0,0,0.37,0.30,0.40,26.93,18,18,0,0.53,0.50,0.60,26.54,18,18,0,0.12,0.10,0.20,27.34,18,18,0,1.08,1.00,1.10,26.88,18,18,0,0.24,0.20,0.30,26.48,18,18,0
134984,0.38,0.30,0.40,27.44,18,18,0,0.68,0.20,1.00,26.75,18,0,0,0.38,0.30,0.40,26.93,18,18,0,0.52,0.50,0.60,26.55,18,18,0,0.11,0.10,0.20,27.34,18,18,0,1.08,1.00,1.10,26.88,18,18,0,0.21,0.20,0.30,26.48,18,18,0
135484,0.38,0.30,0.40,27.45,17,17,0,0.71,0.50,1.10,26.75,17,0,0,0.36,0.30,0.40,26.94,17,17,0,0.54,0.50,0.60,26.56,17,17,0,0.10,0.10,0.10,27.37,17,17,0,1.08,1.00,1.10,26.89,17,17,0,0.22,0.20,0.30,26.47,17,17,0
135984,0.38,0.30,0.40,27.44,18,18,0,0.67,-0.10,1.20,26.76,18,0,0,0.37,0.30,0.40,26.94,18,18,0,0.52,0.50,0.60,26.55,18,18,0,0.10,0.10,0.10,27.36,18,18,0,1.08,1.00,1.10,26.89,18,18,0,0.27,0.20,0.30,26.48,18,18,0
136491,0.37,0.30,0.40,27.45,18,18,0,0.64,0.20,1.00,26.76,18,0,0,0.38,0.30,0.40,26.95,18,18,0,0.51,0.50,0.60,26.55,18,18,0,0.10,0.10,0.10,27.36,18,18,0,1.10,1.10,1.10,26.90,18,18,0,0.23,0.20,0.30,26.49,18,18,0
136991,0.35,0.30,0.40,27.45,17,17,0,0.69,0.60,0.90,26.76,17,0,0,0.38,0.30,0.40,26.96,17,17,0,0.53,0.50,0.60,26.55,17,17,0,0.10,0.00,0.20,27.36,17,17,0,1.09,1.00,1.10,26.90,17,17,0,0.24,0.20,0.30,26.47,17,17,0
137491,0.38,0.30,0.40,27.44,17,17,0,0.66,0.50,0.90,26.75,17,0,0,0.39,0.30,0.40,26.94,17,17,0,0.53,0.50,0.60,26.57,17,17,0,0.10,0.10,0.10,27.36,17,17,0,1.07,1.00,1.10,26.90,17,17,0,0.24,0.20,0.30,26.49,17,17,0
137995,0.38,0.30,0.40,27.45,18,18,0,0.71,0.60,0.80,26.74,18,0,0,0.36,0.30,0.40,26.95,18,18,0,0.53,0.50,0.60,26.56,18,18,0,0.11,0.10,0.20,27.36,18,18,0,1.08,1.00,1.10,26.88,18,18,0,0.23,0.20,0.30,26.49,18,18,0
138495,0.38,0.30,0.40,27.47,18,18,0,0.66,0.40,0.90,26.75,18,0,0,0.39,0.30,0.40,26.95,18,18,0,0.51,0.50,0.60,26.56,18,18,0,0.11,0.10,0.20,27.36,18,18,0,1.08,1.00,1.10,26.90,18,18,0,0.24,0.20,0.30,26.51,18,18,0
138999,0.38,0.30,0.40,27.46,18,18,0,0.72,0.40,1.10,26.78,18,0,0,0.38,0.30,0.40,26.96,18,18,0,0.51,0.50,0.60,26.57,18,18,0,0.11,0.10,0.20,27.38,18,18,0,1.09,1.00,1.10,26.89,18,18,0,0.22,0.20,0.30,26.50,18,18,0
139509,0.36,0.30,0.40,27.45,18,18,0,0.69,0.40,0.90,26.74,18,0,0,0.38,0.30,0.40,26.97,18,18,0,0.52,0.50,0.60,26.55,18,18,0,0.11,0.10,0.20,27.37,18,18,0,1.07,1.00,1.10,26.90,18,18,0,0.22,0.20,0.30,26.49,18,18,0
140014,0.39,0.30,0.40,27.45,18,18,0,0.71,0.50,0.90,26.74,18,0,0,0.38,0.30,0.40,26.97,18,18,0,0.51,0.50,0.60,26.56,18,18,0,0.09,0.00,0.10,27.37,18,18,0,1.08,1.00,1.10,26.91,18,18,0,0.23,0.20,0.30,26.49,18,18,0
140518,0.39,0.30,0.40,27.47,18,18,0,0.75,0.50,1.00,26.76,18,0,0,0.37,0.30,0.40,26.97,18,18,0,0.51,0.50,0.60,26.57,18,18,0,0.11,0.10,0.20,27.38,18,18,0,1.08,1.00,1.10,26.90,18,18,0,0.25,0.20,0.30,26.50,18,18,0
141025,0.37,0.30,0.40,27.48,18,18,0,0.71,0.50,0.90,26.76,18,0,0,0.38,0.30,0.40,26.98,18,18,0,0.52,0.50,0.60,26.56,18,18,0,0.10,0.10,0.10,27.39,18,18,0,1.09,1.00,1.10,26.91,18,18,0,0.23,0.20,0.30,26.49,18,18,0
141525,0.37,0.30,0.40,27.46,17,17,0,0.69,0.50,0.80,26.75,17,0,0,0.38,0.30,0.40,26.96,17,17,0,0.52,0.50,0.60,26.58,17,17,0,0.11,0.10,0.20,27.38,17,17,0,1.08,1.00,1.10,26.90,17,17,0,0.25,0.20,0.30,26.50,17,17,0
142032,0.39,0.30,0.40,27.48,18,18,0,0.61,0.40,0.80,26.77,18,0,0,0.38,0.30,0.40,26.97,18,18,0,0.51,0.50,0.60,26.57,18,18,0,0.11,0.10,0.20,27.39,18,18,0,1.09,1.00,1.10,26.94,18,18,0,0.25,0.20,0.30,26.51,18,18,0
142545,0.39,0.30,0.40,27.48,18,18,0,0.56,0.30,0.70,26.77,18,0,0,0.38,0.30,0.40,26.98,18,18,0,0.51,0.50,0.60,26.58,18,18,0,0.10,0.10,0.10,27.38,18,18,0,1.08,1.00,1.10,26.90,18,18,0,0.22,0.20,0.30,26.51,18,18,0
143045,0.40,0.40,0.40,27.48,17,17,0,0.56,0.40,0.70,26.77,17,0,0,0.38,0.30,0.40,26.98,17,17,0,0.51,0.50,0.60,26.58,17,17,0,0.11,0.10,0.20,27.38,17,17,0,1.09,1.00,1.10,26.91,17,17,0,0.24,0.20,0.30,26.50,17,17,0
143550,0.37,0.30,0.40,27.48,18,18,0,0.62,0.40,0.90,26.77,18,0,0,0.37,0.30,0.40,26.97,18,18,0,0.53,0.50,0.60,26.58,18,18,0,0.11,0.00,0.20,27.39,18,18,0,1.08,1.00,1.10,26.92,18,18,0,0.23,0.20,0.30,26.51,18,18,0
144054,0.38,0.30,0.40,27.48,18,18,0,0.63,0.50,0.80,26.77,18,0,0,0.38,0.30,0.40,26.99,18,18,0,0.52,0.50,0.60,26.59,18,18,0,0.11,0.10,0.20,27.40,18,18,0,1.09,1.00,1.10,26.92,18,18,0,0.23,0.20,0.30,26.52,18,18,0
144554,0.39,0.30,0.40,27.48,18,18,0,0.67,-0.10,1.40,26.79,18,0,0,0.37,0.30,0.40,26.99,18,18,0,0.52,0.50,0.60,26.58,18,18,0,0.11,0.10,0.20,27.38,18,18,0,1.08,1.00,1.10,26.93,18,18,0,0.23,0.20,0.30,26.52,18,18,0
145065,0.40,0.40,0.40,27.50,18,18,0,0.53,0.20,1.10,26.79,18,0,0,0.37,0.30,0.40,27.00,18,18,0,0.53,0.50,0.60,26.58,18,18,0,0.11,0.10,0.20,27.40,18,18,0,1.09,1.00,1.10,26.92,18,18,0,0.23,0.20,0.30,26.51,18,18,0
145565,0.40,0.40,0.40,27.50,17,17,0,0.54,0.00,1.20,26.79,17,0,0,0.38,0.30,0.40,26.98,17,17,0,0.52,0.50,0.60,26.59,17,17,0,0.11,0.10,0.20,27.39,17,17,0,1.08,1.00,1.10,26.94,17,17,0,0.25,0.20,0.30,26.52,17,17,0
146072,0.40,0.40,0.40,27.49,18,18,0,0.52,0.10,0.80,26.78,18,0,0,0.39,0.30,0.40,27.00,18,18,0,0.52,0.50,0.60,26.59,18,18,0,0.10,0.10,0.10,27.40,18,18,0,1.08,1.00,1.10,26.94,18,18,0,0.23,0.20,0.30,26.51,18,18,0
146582,0.40,0.40,0.40,27.48,18,18,0,0.54,0.10,0.80,26.79,18,0,0,0.37,0.30,0.40,27.00,18,18,0,0.51,0.50,0.60,26.60,18,18,0,0.10,0.10,0.10,27.39,18,18,0,1.09,1.00,1.10,26.92,18,18,0,0.23,0.20,0.30,26.53,18,18,0
147082,0.39,0.30,0.40,27.48,18,18,0,0.58,0.30,0.90,26.79,18,0,0,0.39,0.30,0.40,26.99,18,18,0,0.50,0.50,0.50,26.60,18,18,0,0.11,0.10,0.20,27.41,18,18,0,1.09,1.00,1.10,26.93,18,18,0,0.23,0.20,0.30,26.53,18,18,0
147594,0.39,0.30,0.40,27.50,18,18,0,0.56,0.20,0.80,26.80,18,0,0,0.37,0.30,0.40,27.02,18,18,0,0.52,0.50,0.60,26.58,18,18,0,0.12,0.10,0.20,27.40,18,18,0,1.09,1.00,1.10,26.94,18,18,0,0.22,0.20,0.30,26.52,18,18,0
148098,0.39,0.30,0.40,27.50,18,18,0,0.61,0.50,0.80,26.79,18,0,0,0.39,0.30,0.40,27.00,18,18,0,0.53,0.50,0.60,26.61,18,18,0,0.11,0.10,0.20,27.40,18,18,0,1.09,1.00,1.10,26.94,18,18,0,0.23,0.20,0.30,26.54,18,18,0
148603,0.39,0.30,0.40,27.50,18,18,0,0.65,0.40,0.90,26.78,18,0,0,0.37,0.30,0.40,26.98,18,18,0,0.51,0.50,0.60,26.59,18,18,0,0.10,0.10,0.10,27.42,18,18,0,1.07,1.00,1.10,26.93,18,18,0,0.24,0.20,0.30,26.53,18,18,0
149107,0.39,0.30,0.40,27.50,18,18,0,1.99,-29.80,52.70,26.80,18,0,0,0.37,0.30,0.40,27.00,18,18,0,0.51,0.50,0.60,26.61,18,18,0,0.12,0.10,0.20,27.41,18,18,0,1.08,1.00,1.10,26.95,18,18,0,0.24,0.20,0.30,26.54,18,18,0
149607,0.38,0.30,0.40,27.50,17,17,0,0.59,-6.40,9.10,26.79,17,0,0,0.34,0.30,0.40,26.99,17,17,0,0.51,0.50,0.60,26.61,17,17,0,0.11,0.10,0.20,27.41,17,17,0,1.09,1.00,1.10,26.95,17,17,0,0.25,0.20,0.30,26.54,17,17,0
150107,0.38,0.30,0.40,27.50,17,17,0,0.44,-1.60,1.80,26.78,17,0,0,0.36,0.30,0.40,27.00,17,17,0,0.52,0.50,0.60,26.60,17,17,0,0.10,0.10,0.10,27.44,17,17,0,1.09,1.00,1.10,26.93,17,17,0,0.24,0.20,0.30,26.54,17,17,0
150607,0.40,0.40,0.40,27.49,17,17,0,0.46,-0.20,1.20,26.82,17,0,0,0.36,0.30,0.40,27.01,17,17,0,0.52,0.50,0.60,26.62,17,17,0,0.10,0.10,0.10,27.43,17,17,0,1.08,1.00,1.10,26.95,17,17,0,0.24,0.20,0.30,26.52,17,17,0
151118,0.39,0.30,0.40,27.52,18,18,0,0.40,-0.20,1.00,26.79,18,0,0,0.36,0.30,0.40,27.01,18,18,0,0.52,0.50,0.60,26.61,18,18,0,0.10,0.10,0.10,27.43,18,18,0,1.09,1.00,1.10,26.96,18,18,0,0.23,0.20,0.30,26.54,18,18,0
151618,0.39,0.30,0.40,27.50,17,17,0,0.34,-0.20,0.80,26.80,17,0,0,0.35,0.30,0.40,27.02,17,17,0,0.51,0.50,0.60,26.60,17,17,0,0.11,0.10,0.20,27.41,17,17,0,1.06,1.00,1.10,26.94,17,17,0,0.25,0.20,0.30,26.55,17,17,0
152125,0.40,0.40,0.40,27.49,18,18,0,0.36,-0.10,1.20,26.81,18,0,0,0.36,0.30,0.40,27.01,18,18,0,0.51,0.50,0.60,26.60,18,18,0,0.11,0.00,0.20,27.43,18,18,0,1.09,1.00,1.10,26.95,18,18,0,0.24,0.20,0.30,26.54,18,18,0
152635,0.38,0.30,0.40,27.50,18,18,0,0.37,-0.20,1.20,26.79,18,0,0,0.36,0.30,0.40,27.02,18,18,0,0.52,0.50,0.60,26.61,18,18,0,0.11,0.10,0.20,27.44,18,18,0,1.08,1.00,1.10,26.95,18,18,0,0.24,0.20,0.30,26.54,18,18,0
153135,0.39,0.30,0.40,27.53,18,18,0,0.43,-0.20,1.00,26.81,18,0,0,0.38,0.30,0.40,27.04,18,18,0,0.52,0.50,0.60,26.61,18,18,0,0.11,0.00,0.20,27.43,18,18,0,1.09,1.00,1.10,26.94,18,18,0,0.25,0.20,0.30,26.56,18,18,0
153647,0.38,0.30,0.40,27.52,18,18,0,0.42,-0.10,0.90,26.81,18,0,0,0.38,0.30,0.40,27.01,18,18,0,0.51,0.50,0.60,26.62,18,18,0,0.12,0.10,0.20,27.43,18,18,0,1.06,1.00,1.10,26.96,18,18,0,0.23,0.20,0.30,26.55,18,18,0
154158,0.39,0.30,0.40,27.52,18,18,0,0.47,0.10,0.90,26.82,18,0,0,0.38,0.30,0.40,27.03,18,18,0,0.51,0.50,0.60,26.61,18,18,0,0.11,0.10,0.20,27.43,18,18,0,1.09,1.00,1.10,26.96,18,18,0,0.23,0.20,0.30,26.55,18,18,0
154665,0.38,0.30,0.40,27.52,18,18,0,0.52,0.20,0.90,26.81,18,0,0,0.36,0.30,0.40,27.02,18,18,0,0.51,0.50,0.60,26.61,18,18,0,0.11,0.10,0.20,27.43,18,18,0,1.08,1.00,1.10,26.97,18,18,0,0.23,0.20,0.30,26.56,18,18,0
155169,0.39,0.30,0.40,27.52,18,18,0,0.46,0.20,0.80,26.83,18,0,0,0.37,0.30,0.40,27.05,18,18,0,0.51,0.50,0.60,26.60,18,18,0,0.11,0.00,0.20,27.42,18,18,0,1.07,1.00,1.10,26.95,18,18,0,0.24,0.20,0.30,26.55,18,18,0
155674,0.38,0.30,0.40,27.52,18,18,0,0.47,0.20,0.80,26.82,18,0,0,0.33,0.30,0.40,27.03,18,18,0,0.51,0.50,0.60,26.61,18,18,0,0.10,0.10,0.10,27.44,18,18,0,1.09,1.00,1.10,26.96,18,18,0,0.23,0.20,0.30,26.55,18,18,0
156181,0.36,0.30,0.40,27.53,18,18,0,0.47,0.20,0.70,26.83,18,0,0,0.37,0.30,0.40,27.03,18,18,0,0.51,0.50,0.60,26.63,18,18,0,0.10,0.10,0.10,27.43,18,18,0,1.08,1.00,1.10,26.98,18,18,0,0.22,0.20,0.30,26.56,18,18,0
156681,0.39,0.30,0.40,27.53,17,17,0,0.52,0.20,0.70,26.81,17,0,0,0.34,0.30,0.40,27.04,17,17,0,0.50,0.50,0.50,26.63,17,17,0,0.11,0.10,0.20,27.43,17,17,0,1.07,1.00,1.10,26.95,17,17,0,0.24,0.20,0.30,26.56,17,17,0
157188,0.38,0.30,0.40,27.52,18,18,0,0.51,0.30,0.80,26.82,18,0,0,0.34,0.30,0.40,27.04,18,18,0,0.52,0.50,0.60,26.64,18,18,0,0.11,0.10,0.20,27.42,18,18,0,1.08,1.00,1.10,26.95,18,18,0,0.22,0.20,0.30,26.57,18,18,0
157699,0.37,0.30,0.40,27.54,18,18,0,0.56,0.40,0.80,26.82,18,0,0,0.36,0.30,0.40,27.04,18,18,0,0.52,0.50,0.60,26.64,18,18,0,0.10,0.10,0.10,27.45,18,18,0,1.09,1.00,1.10,26.97,18,18,0,0.24,0.20,0.30,26.57,18,18,0
158212,0.39,0.30,0.40,27.53,18,18,0,0.55,0.40,0.80,26.83,18,0,0,0.35,0.30,0.40,27.05,18,18,0,0.53,0.50,0.60,26.63,18,18,0,0.11,0.10,0.20,27.44,18,18,0,1.08,1.00,1.20,26.97,18,18,0,0.22,0.20,0.30,26.58,18,18,0
158722,0.39,0.30,0.40,27.53,18,18,0,0.49,0.30,0.70,26.83,18,0,0,0.38,0.30,0.40,27.04,18,18,0,0.51,0.50,0.60,26.64,18,18,0,0.11,0.10,0.20,27.44,18,18,0,1.09,1.00,1.10,26.97,18,18,0,0.23,0.20,0.30,26.56,18,18,0
159222,0.39,0.30,0.40,27.53,18,18,0,0.54,0.40,0.70,26.86,18,0,0,0.37,0.30,0.40,27.04,18,18,0,0.52,0.50,0.60,26.64,18,18,0,0.11,0.10,0.20,27.43,18,18,0,1.09,1.00,1.10,26.97,18,18,0,0.22,0.20,0.30,26.58,18,18,0
159727,0.37,0.30,0.40,27.54,18,18,0,0.56,0.30,0.70,26.82,18,0,0,0.37,0.30,0.40,27.04,18,18,0,0.51,0.50,0.60,26.65,18,18,0,0.11,0.10,0.20,27.46,18,18,0,1.07,1.00,1.10,26.97,18,18,0,0.22,0.20,0.30,26.57,18,18,0
160237,0.40,0.40,0.40,27.52,18,18,0,0.51,0.30,0.60,26.84,18,0,0,0.38,0.30,0.40,27.03,18,18,0,0.51,0.50,0.60,26.66,18,18,0,0.11,0.10,0.20,27.44,18,18,0,1.08,1.00,1.10,26.97,18,18,0,0.23,0.20,0.30,26.58,18,18,0
160744,0.38,0.30,0.40,27.55,18,18,0,0.46,0.20,0.70,26.84,18,0,0,0.37,0.30,0.40,27.05,18,18,0,0.52,0.50,0.60,26.65,18,18,0,0.10,0.10,0.10,27.45,18,18,0,1.08,1.00,1.10,26.98,18,18,0,0.23,0.20,0.30,26.58,18,18,0
161248,0.39,0.30,0.40,27.54,18,18,0,0.52,0.20,0.80,26.84,18,0,0,0.37,0.30,0.40,27.06,18,18,0,0.51,0.50,0.60,26.65,18,18,0,0.10,0.10,0.10,27.45,18,18,0,1.08,1.00,1.10,26.97,18,18,0,0.23,0.20,0.30,26.59,18,18,0
161758,0.39,0.30,0.40,27.56,18,18,0,0.59,0.20,0.90,26.83,18,0,0,0.37,0.30,0.40,27.04,18,18,0,0.51,0.50,0.60,26.65,18,18,0,0.11,0.10,0.20,27.44,18,18,0,1.07,1.00,1.10,26.99,18,18,0,0.24,0.20,0.30,26.57,18,18,0
162265,0.38,0.30,0.40,27.55,18,18,0,0.49,0.20,0.70,26.83,18,0,0,0.36,0.30,0.40,27.06,18,18,0,0.51,0.50,0.60,26.64,18,18,0,0.10,0.00,0.20,27.45,18,18,0,1.08,1.00,1.10,26.99,18,18,0,0.24,0.20,0.30,26.59,18,18,0
162771,0.39,0.30,0.40,27.53,17,17,0,0.49,0.20,0.80,26.85,17,0,0,0.38,0.30,0.40,27.05,17,17,0,0.54,0.50,0.60,26.66,17,17,0,0.12,0.10,0.20,27.46,17,17,0,1.08,1.00,1.10,26.97,17,17,0,0.24,0.20,0.30,26.59,17,17,0
163276,0.38,0.30,0.40,27.54,18,18,0,0.47,0.20,0.70,26.83,18,0,0,0.39,0.30,0.40,27.08,18,18,0,0.51,0.50,0.60,26.65,18,18,0,0.12,0.10,0.20,27.46,18,18,0,1.08,1.00,1.10,26.99,18,18,0,0.24,0.20,0.30,26.59,18,18,0
163776,0.36,0.30,0.40,27.54,17,17,0,0.49,0.20,0.80,26.84,17,0,0,0.38,0.30,0.40,27.06,17,17,0,0.50,0.50,0.50,26.65,17,17,0,0.11,0.10,0.20,27.46,17,17,0,1.08,1.00,1.10,26.99,17,17,0,0.24,0.20,0.30,26.59,17,17,0
164281,0.38,0.30,0.40,27.55,18,18,0,0.47,0.20,0.80,26.85,18,0,0,0.38,0.30,0.40,27.07,18,18,0,0.51,0.50,0.60,26.67,18,18,0,0.11,0.10,0.20,27.47,18,18,0,1.08,1.00,1.10,26.99,18,18,0,0.23,0.20,0.30,26.58,18,18,0
164781,0.37,0.30,0.40,27.56,18,18,0,0.47,0.30,0.70,26.86,18,0,0,0.38,0.30,0.40,27.07,18,18,0,0.52,0.50,0.60,26.66,18,18,0,0.11,0.10,0.20,27.47,18,18,0,1.09,1.00,1.10,26.99,18,18,0,0.24,0.20,0.30,26.58,18,18,0
165290,0.38,0.30,0.40,27.56,18,18,0,0.46,0.30,0.60,26.85,18,0,0,0.39,0.30,0.40,27.05,18,18,0,0.51,0.50,0.60,26.65,18,18,0,0.12,0.10,0.20,27.46,18,18,0,1.08,1.00,1.10,26.98,18,18,0,0.24,0.20,0.30,26.60,18,18,0
165795,0.36,0.30,0.40,27.56,18,18,0,0.53,0.20,0.90,26.85,18,0,0,0.38,0.30,0.40,27.07,18,18,0,0.51,0.50,0.60,26.65,18,18,0,0.11,0.10,0.20,27.47,18,18,0,1.08,1.00,1.10,26.99,18,18,0,0.23,0.20,0.30,26.60,18,18,0
166303,0.37,0.30,0.40,27.55,18,18,0,0.51,0.20,0.70,26.86,18,0,0,0.38,0.30,0.40,27.08,18,18,0,0.52,0.50,0.60,26.66,18,18,0,0.11,0.10,0.20,27.46,18,18,0,1.07,1.00,1.10,27.00,18,18,0,0.24,0.20,0.30,26.60,18,18,0
166808,0.37,0.30,0.40,27.54,18,18,0,0.46,0.30,0.60,26.86,18,0,0,0.37,0.30,0.40,27.07,18,18,0,0.53,0.50,0.60,26.66,18,18,0,0.12,0.10,0.20,27.48,18,18,0,1.07,1.00,1.10,27.00,18,18,0,0.21,0.20,0.30,26.61,18,18,0
167312,0.36,0.30,0.40,27.56,18,18,0,0.44,0.30,0.70,26.88,18,0,0,0.37,0.30,0.40,27.08,18,18,0,0.52,0.50,0.60,26.67,18,18,0,0.10,0.10,0.10,27.47,18,18,0,1.08,1.00,1.10,27.00,18,18,0,0.22,0.20,0.30,26.60,18,18,0
167824,0.37,0.30,0.40,27.55,18,18,0,0.48,0.20,0.60,26.85,18,0,0,0.38,0.30,0.40,27.07,18,18,0,0.52,0.50,0.60,26.67,18,18,0,0.12,0.10,0.20,27.49,18,18,0,1.07,1.00,1.10,26.99,18,18,0,0.22,0.20,0.30,26.62,18,18,0
168331,0.38,0.30,0.40,27.55,18,18,0,0.44,0.30,0.60,26.85,18,0,0,0.38,0.30,0.40,27.07,18,18,0,0.51,0.50,0.60,26.66,18,18,0,0.11,0.10,0.20,27.46,18,18,0,1.07,1.00,1.10,27.00,18,18,0,0.24,0.20,0.30,26.61,18,18,0
168842,0.38,0.30,0.40,27.56,18,18,0,0.43,0.30,0.60,26.85,18,0,0,0.36,0.30,0.40,27.08,18,18,0,0.52,0.50,0.60,26.65,18,18,0,0.11,0.10,0.20,27.47,18,18,0,1.08,1.00,1.10,27.00,18,18,0,0.26,0.20,0.30,26.58,18,18,0
169349,0.37,0.30,0.40,27.56,18,18,0,0.42,0.20,0.60,26.87,18,0,0,0.38,0.30,0.40,27.09,18,18,0,0.52,0.50,0.60,26.66,18,18,0,0.11,0.10,0.20,27.49,18,18,0,1.09,1.00,1.10,26.99,18,18,0,0.23,0.20,0.30,26.61,18,18,0
169849,0.38,0.30,0.40,27.57,17,17,0,0.42,0.20,0.60,26.88,17,0,0,0.36,0.30,0.40,27.09,17,17,0,0.52,0.50,0.60,26.66,17,17,0,0.10,0.10,0.10,27.47,17,17,0,1.08,1.00,1.10,27.00,17,17,0,0.24,0.20,0.30,26.63,17,17,0
170349,0.37,0.30,0.40,27.57,18,18,0,0.52,0.30,0.80,26.86,18,0,0,0.38,0.30,0.40,27.08,18,18,0,0.52,0.50,0.60,26.67,18,18,0,0.10,0.10,0.10,27.48,18,18,0,1.08,1.00,1.10,27.02,18,18,0,0.26,0.20,0.30,26.62,18,18,0
170849,0.35,0.30,0.40,27.57,17,17,0,0.47,0.30,0.70,26.87,17,0,0,0.38,0.30,0.40,27.09,17,17,0,0.51,0.50,0.60,26.67,17,17,0,0.10,0.10,0.10,27.49,17,17,0,1.09,1.00,1.10,27.00,17,17,0,0.24,0.20,0.30,26.62,17,17,0
171359,0.37,0.30,0.40,27.57,18,18,0,0.48,0.30,0.60,26.86,18,0,0,0.38,0.30,0.40,27.08,18,18,0,0.52,0.50,0.60,26.67,18,18,0,0.11,0.00,0.20,27.48,18,18,0,1.09,1.00,1.10,27.02,18,18,0,0.24,0.20,0.30,26.61,18,18,0
171859,0.37,0.30,0.40,27.57,18,18,0,0.51,0.10,0.80,26.86,18,0,0,0.39,0.30,0.40,27.08,18,18,0,0.51,0.50,0.60,26.68,18,18,0,0.11,0.10,0.20,27.50,18,18,0,1.08,1.00,1.10,27.01,18,18,0,0.25,0.20,0.30,26.62,18,18,0
172367,0.32,0.30,0.40,27.57,18,18,0,0.49,0.20,1.00,26.87,18,0,0,0.37,0.30,0.40,27.10,18,18,0,0.51,0.50,0.60,26.68,18,18,0,0.11,0.10,0.20,27.49,18,18,0,1.08,1.00,1.10,27.01,18,18,0,0.24,0.20,0.30,26.63,18,18,0
172874,0.37,0.30,0.40,27.56,18,18,0,0.66,0.30,1.20,26.87,18,0,0,0.37,0.30,0.40,27.09,18,18,0,0.52,0.50,0.60,26.69,18,18,0,0.11,0.10,0.20,27.49,18,18,0,1.09,1.00,1.10,27.01,18,18,0,0.25,0.20,0.30,26.62,18,18,0
173387,0.34,0.30,0.40,27.56,18,18,0,0.51,0.20,0.90,26.87,18,0,0,0.36,0.30,0.40,27.10,18,18,0,0.50,0.50,0.50,26.67,18,18,0,0.11,0.10,0.20,27.48,18,18,0,1.09,1.00,1.10,26.99,18,18,0,0.24,0.20,0.30,26.65,18,18,0
173887,0.36,0.30,0.40,27.56,17,17,0,0.55,0.40,0.80,26.88,17,0,0,0.36,0.30,0.40,27.08,17,17,0,0.51,0.50,0.60,26.68,17,17,0,0.11,0.10,0.20,27.48,17,17,0,1.09,1.00,1.10,27.03,17,17,0,0.25,0.20,0.30,26.63,17,17,0
174387,0.37,0.30,0.40,27.58,17,17,0,0.58,0.10,1.10,26.87,17,0,0,0.38,0.30,0.40,27.09,17,17,0,0.51,0.50,0.60,26.68,17,17,0,0.11,0.10,0.20,27.50,17,17,0,1.08,1.00,1.10,27.02,17,17,0,0.24,0.20,0.30,26.63,17,17,0
174887,0.39,0.30,0.40,27.57,17,17,0,0.51,0.20,0.70,26.87,17,0,0,0.35,0.30,0.40,27.09,17,17,0,0.51,0.50,0.60,26.69,17,17,0,0.11,0.10,0.20,27.49,17,17,0,1.08,1.00,1.10,27.03,17,17,0,0.24,0.20,0.30,26.64,17,17,0
175398,0.38,0.30,0.40,27.58,18,18,0,0.55,0.40,0.70,26.87,18,0,0,0.38,0.30,0.40,27.10,18,18,0,0.52,0.50,0.60,26.67,18,18,0,0.11,0.00,0.20,27.51,18,18,0,1.06,1.00,1.10,27.02,18,18,0,0.24,0.20,0.30,26.64,18,18,0
175910,0.34,0.30,0.40,27.57,18,18,0,0.55,0.30,1.00,26.89,18,0,0,0.37,0.30,0.40,27.10,18,18,0,0.52,0.50,0.60,26.69,18,18,0,0.11,0.10,0.20,27.51,18,18,0,1.07,1.00,1.10,27.01,18,18,0,0.22,0.20,0.30,26.64,18,18,0
176410,0.37,0.30,0.40,27.58,18,18,0,0.54,0.40,0.80,26.87,18,0,0,0.36,0.30,0.40,27.12,18,18,0,0.51,0.50,0.60,26.69,18,18,0,0.11,0.10,0.20,27.49,18,18,0,1.08,1.00,1.10,27.03,18,18,0,0.25,0.20,0.30,26.64,18,18,0
176916,0.37,0.30,0.40,27.60,17,17,0,0.56,0.30,0.80,26.90,17,0,0,0.36,0.30,0.40,27.10,17,17,0,0.51,0.50,0.60,26.70,17,17,0,0.12,0.10,0.20,27.51,17,17,0,1.07,1.00,1.10,27.01,17,17,0,0.24,0.20,0.30,26.63,17,17,0
177427,0.37,0.30,0.40,27.57,18,18,0,0.49,0.30,0.70,26.87,18,0,0,0.36,0.30,0.40,27.11,18,18,0,0.51,0.50,0.60,26.70,18,18,0,0.10,0.00,0.20,27.52,18,18,0,1.07,1.00,1.10,27.03,18,18,0,0.24,0.20,0.30,26.65,18,18,0
177927,0.36,0.30,0.40,27.58,18,18,0,0.54,0.30,0.80,26.87,18,0,0,0.37,0.30,0.40,27.10,18,18,0,0.52,0.50,0.60,26.70,18,18,0,0.10,0.00,0.20,27.50,18,18,0,1.09,1.00,1.10,27.03,18,18,0,0.22,0.20,0.30,26.65,18,18,0
178427,0.34,0.30,0.40,27.59,17,17,0,0.54,0.30,0.80,26.87,17,0,0,0.37,0.30,0.40,27.12,17,17,0,0.51,0.50,0.60,26.70,17,17,0,0.11,0.10,0.20,27.52,17,17,0,1.05,1.00,1.10,27.02,17,17,0,0.24,0.20,0.30,26.63,17,17,0
178934,0.34,0.30,0.40,27.57,18,18,0,0.58,0.40,0.90,26.89,18,0,0,0.37,0.30,0.40,27.11,18,18,0,0.53,0.50,0.60,26.69,18,18,0,0.10,0.10,0.10,27.51,18,18,0,1.09,1.00,1.10,27.02,18,18,0,0.23,0.20,0.30,26.65,18,18,0
179441,0.33,0.30,0.40,27.58,18,18,0,0.61,0.50,0.70,26.89,18,0,0,0.37,0.30,0.40,27.11,18,18,0,0.52,0.50,0.60,26.69,18,18,0,0.09,0.00,0.10,27.51,18,18,0,1.07,1.00,1.10,27.05,18,18,0,0.24,0.20,0.30,26.65,18,18,0
179949,0.36,0.30,0.40,27.58,18,18,0,0.53,0.40,0.70,26.88,18,0,0,0.38,0.30,0.40,27.11,18,18,0,0.52,0.50,0.60,26.69,18,18,0,0.10,0.10,0.10,27.54,18,18,0,1.09,1.00,1.10,27.02,18,18,0,0.25,0.20,0.30,26.66,18,18,0
180462,0.36,0.30,0.40,27.60,18,18,0,0.55,0.40,0.70,26.89,18,0,0,0.37,0.30,0.40,27.11,18,18,0,0.51,0.50,0.60,26.70,18,18,0,0.11,0.10,0.20,27.51,18,18,0,1.08,1.00,1.10,27.03,18,18,0,0.26,0.20,0.30,26.66,18,18,0
180972,0.35,0.30,0.40,27.59,18,18,0,0.57,0.40,0.70,26.88,18,0,0,0.36,0.30,0.40,27.14,18,18,0,0.52,0.50,0.60,26.69,18,18,0,0.10,0.10,0.10,27.50,18,18,0,1.09,1.00,1.10,27.04,18,18,0,0.26,0.20,0.30,26.66,18,18,0
181479,0.36,0.30,0.40,27.59,18,18,0,0.58,0.40,0.80,26.89,18,0,0,0.37,0.30,0.40,27.12,18,18,0,0.52,0.50,0.60,26.70,18,18,0,0.12,0.10,0.20,27.52,18,18,0,1.07,1.00,1.10,27.04,18,18,0,0.23,0.20,0.30,26.66,18,18,0
181991,0.37,0.30,0.40,27.59,18,18,0,0.59,0.20,0.80,26.89,18,0,0,0.39,0.30,0.40,27.11,18,18,0,0.51,0.50,0.60,26.70,18,18,0,0.11,0.10,0.20,27.53,18,18,0,1.07,1.00,1.10,27.03,18,18,0,0.23,0.20,0.30,26.65,18,18,0
182491,0.37,0.30,0.40,27.59,17,17,0,0.59,0.40,0.80,26.88,17,0,0,0.36,0.30,0.40,27.13,17,17,0,0.51,0.50,0.60,26.73,17,17,0,0.11,0.10,0.20,27.52,17,17,0,1.09,1.00,1.10,27.04,17,17,0,0.26,0.20,0.30,26.63,17,17,0
183002,0.36,0.30,0.40,27.58,18,18,0,0.52,0.20,0.70,26.89,18,0,0,0.36,0.30,0.40,27.13,18,18,0,0.52,0.50,0.60,26.70,18,18,0,0.09,0.00,0.10,27.53,18,18,0,1.07,1.00,1.10,27.03,18,18,0,0.24,0.20,0.30,26.67,18,18,0
183502,0.38,0.30,0.40,27.60,17,17,0,0.52,0.30,0.80,26.90,17,0,0,0.38,0.30,0.40,27.14,17,17,0,0.51,0.50,0.60,26.69,17,17,0,0.12,0.10,0.20,27.54,17,17,0,1.09,1.00,1.10,27.04,17,17,0,0.25,0.20,0.30,26.66,17,17,0
184009,0.37,0.30,0.40,27.59,18,18,0,0.49,0.20,0.70,26.90,18,0,0,0.36,0.30,0.40,27.13,18,18,0,0.51,0.50,0.60,26.69,18,18,0,0.11,0.10,0.20,27.54,18,18,0,1.07,1.00,1.10,27.05,18,18,0,0.25,0.20,0.30,26.67,18,18,0
184516,0.37,0.30,0.40,27.59,18,18,0,0.54,0.30,0.80,26.89,18,0,0,0.36,0.30,0.40,27.14,18,18,0,0.51,0.50,0.60,26.71,18,18,0,0.10,0.10,0.10,27.53,18,18,0,1.08,1.00,1.10,27.04,18,18,0,0.24,0.20,0.30,26.66,18,18,0
185026,0.38,0.30,0.40,27.60,18,18,0,0.53,0.30,0.70,26.91,18,0,0,0.34,0.30,0.40,27.12,18,18,0,0.51,0.50,0.60,26.72,18,18,0,0.11,0.10,0.20,27.53,18,18,0,1.08,1.00,1.10,27.05,18,18,0,0.22,0.20,0.30,26.68,18,18,0
185533,0.39,0.30,0.40,27.60,18,18,0,0.52,0.30,0.70,26.90,18,0,0,0.37,0.30,0.40,27.14,18,18,0,0.51,0.50,0.60,26.73,18,18,0,0.12,0.10,0.20,27.53,18,18,0,1.07,1.00,1.10,27.04,18,18,0,0.22,0.20,0.30,26.67,18,18,0
186033,0.37,0.30,0.40,27.60,17,17,0,0.57,0.20,0.80,26.90,17,0,0,0.36,0.30,0.40,27.14,17,17,0,0.51,0.50,0.60,26.71,17,17,0,0.09,0.00,0.10,27.53,17,17,0,1.08,1.00,1.10,27.05,17,17,0,0.23,0.20,0.30,26.67,17,17,0
186544,0.38,0.30,0.40,27.61,18,18,0,0.58,0.40,0.80,26.91,18,0,0,0.38,0.30,0.40,27.14,18,18,0,0.51,0.50,0.60,26.73,18,18,0,0.11,0.10,0.20,27.54,18,18,0,1.07,1.00,1.10,27.05,18,18,0,0.24,0.20,0.30,26.67,18,18,0
187053,0.38,0.30,0.40,27.60,18,18,0,0.49,0.10,0.80,26.90,18,0,0,0.36,0.30,0.40,27.15,18,18,0,0.53,0.50,0.60,26.72,18,18,0,0.11,0.10,0.20,27.54,18,18,0,1.08,1.00,1.10,27.04,18,18,0,0.25,0.20,0.30,26.67,18,18,0
187564,0.39,0.30,0.40,27.60,18,18,0,0.75,0.20,1.50,26.89,18,0,0,0.36,0.30,0.40,27.14,18,18,0,0.51,0.50,0.60,26.72,18,18,0,0.11,0.10,0.20,27.54,18,18,0,1.06,1.00,1.10,27.04,18,18,0,0.24,0.20,0.30,26.67,18,18,0
188076,0.38,0.30,0.40,27.63,18,18,0,0.57,0.30,1.00,26.90,18,0,0,0.36,0.30,0.40,27.15,18,18,0,0.51,0.50,0.60,26.71,18,18,0,0.10,0.10,0.10,27.54,18,18,0,1.06,1.00,1.10,27.05,18,18,0,0.23,0.20,0.30,26.66,18,18,0
188587,0.40,0.40,0.40,27.59,18,18,0,0.62,0.30,0.80,26.91,18,0,0,0.36,0.30,0.40,27.14,18,18,0,0.51,0.50,0.60,26.73,18,18,0,0.11,0.10,0.20,27.55,18,18,0,1.09,1.00,1.10,27.06,18,18,0,0.26,0.20,0.30,26.66,18,18,0
189098,0.39,0.30,0.40,27.61,18,18,0,0.54,0.40,0.80,26.91,18,0,0,0.36,0.30,0.40,27.14,18,18,0,0.52,0.50,0.60,26.72,18,18,0,0.11,0.10,0.20,27.55,18,18,0,1.09,1.00,1.10,27.06,18,18,0,0.22,0.20,0.30,26.67,18,18,0
189598,0.39,0.30,0.40,27.59,17,17,0,0.55,0.20,0.90,26.91,17,0,0,0.36,0.30,0.40,27.15,17,17,0,0.52,0.50,0.60,26.73,17,17,0,0.10,0.10,0.10,27.55,17,17,0,1.07,1.00,1.10,27.06,17,17,0,0.23,0.20,0.30,26.68,17,17,0
190098,0.39,0.30,0.40,27.62,17,17,0,0.56,0.40,0.80,26.93,17,0,0,0.36,0.30,0.40,27.15,17,17,0,0.51,0.50,0.60,26.71,17,17,0,0.09,0.00,0.10,27.55,17,17,0,1.08,1.00,1.10,27.06,17,17,0,0.21,0.20,0.30,26.69,17,17,0
190603,0.39,0.30,0.40,27.61,18,18,0,0.59,0.30,0.80,26.91,18,0,0,0.36,0.30,0.40,27.15,18,18,0,0.50,0.50,0.50,26.74,18,18,0,0.11,0.10,0.20,27.55,18,18,0,1.09,1.00,1.10,27.05,18,18,0,0.24,0.20,0.30,26.69,18,18,0
191109,0.39,0.30,0.40,27.62,18,18,0,0.57,0.40,0.80,26.91,18,0,0,0.36,0.30,0.40,27.15,18,18,0,0.51,0.50,0.60,26.74,18,18,0,0.10,0.10,0.10,27.55,18,18,0,1.08,1.00,1.10,27.06,18,18,0,0.23,0.20,0.30,26.69,18,18,0
191609,0.38,0.30,0.40,27.62,18,18,0,0.66,0.40,1.20,26.92,18,0,0,0.34,0.30,0.40,27.15,18,18,0,0.51,0.50,0.60,26.72,18,18,0,0.11,0.10,0.20,27.55,18,18,0,1.08,1.00,1.10,27.06,18,18,0,0.26,0.20,0.30,26.69,18,18,0
192115,0.39,0.30,0.40,27.62,17,17,0,0.63,0.40,0.90,26.92,17,0,0,0.36,0.30,0.40,27.16,17,17,0,0.52,0.50,0.60,26.73,17,17,0,0.09,0.00,0.10,27.54,17,17,0,1.06,1.00,1.10,27.06,17,17,0,0.22,0.20,0.30,26.68,17,17,0
192615,0.39,0.30,0.40,27.63,17,17,0,0.53,0.10,0.90,26.92,17,0,0,0.35,0.30,0.40,27.17,17,17,0,0.51,0.50,0.60,26.74,17,17,0,0.10,0.10,0.10,27.53,17,17,0,1.05,1.00,1.10,27.08,17,17,0,0.25,0.20,0.30,26.70,17,17,0
193115,0.39,0.30,0.40,27.60,17,17,0,0.56,0.20,0.90,26.93,17,0,0,0.35,0.30,0.40,27.15,17,17,0,0.52,0.50,0.60,26.73,17,17,0,0.10,0.00,0.20,27.54,17,17,0,1.08,1.00,1.10,27.07,17,17,0,0.26,0.20,0.30,26.71,17,17,0
193615,0.39,0.30,0.40,27.63,17,17,0,0.61,0.40,0.90,26.92,17,0,0,0.35,0.30,0.40,27.16,17,17,0,0.51,0.50,0.60,26.72,17,17,0,0.11,0.10,0.20,27.55,17,17,0,1.09,1.00,1.10,27.06,17,17,0,0.22,0.20,0.30,26.69,17,17,0
194115,0.40,0.40,0.40,27.64,17,17,0,0.49,0.30,0.70,26.93,17,0,0,0.35,0.30,0.40,27.16,17,17,0,0.51,0.50,0.60,26.73,17,17,0,0.10,0.10,0.10,27.55,17,17,0,1.08,1.00,1.10,27.07,17,17,0,0.26,0.20,0.30,26.68,17,17,0
194615,0.39,0.30,0.40,27.62,17,17,0,0.51,0.10,0.80,26.92,17,0,0,0.35,0.30,0.40,27.16,17,17,0,0.51,0.50,0.60,26.74,17,17,0,0.11,0.10,0.20,27.56,17,17,0,1.06,1.00,1.10,27.06,17,17,0,0.23,0.20,0.30,26.69,17,17,0
195126,0.38,0.30,0.40,27.61,18,18,0,0.51,0.30,0.70,26.94,18,0,0,0.34,0.30,0.40,27.18,18,18,0,0.51,0.50,0.60,26.74,18,18,0,0.11,0.10,0.20,27.56,18,18,0,1.08,1.00,1.10,27.08,18,18,0,0.24,0.20,0.30,26.70,18,18,0
195631,0.40,0.40,0.40,27.63,18,18,0,0.52,0.30,1.10,26.94,18,0,0,0.38,0.30,0.40,27.15,18,18,0,0.51,0.50,0.60,26.74,18,18,0,0.10,0.10,0.10,27.57,18,18,0,1.07,1.00,1.10,27.08,18,18,0,0.23,0.20,0.30,26.71,18,18,0
196131,0.40,0.40,0.40,27.64,18,18,0,0.47,0.20,0.70,26.91,18,0,0,0.37,0.30,0.40,27.17,18,18,0,0.51,0.50,0.60,26.73,18,18,0,0.11,0.10,0.20,27.56,18,18,0,1.09,1.00,1.10,27.06,18,18,0,0.24,0.20,0.30,26.70,18,18,0
196631,0.39,0.30,0.40,27.63,17,17,0,0.47,0.30,0.70,26.91,17,0,0,0.38,0.30,0.40,27.15,17,17,0,0.51,0.50,0.60,26.74,17,17,0,0.11,0.10,0.20,27.56,17,17,0,1.08,1.00,1.10,27.09,17,17,0,0.23,0.20,0.30,26.70,17,17,0
197135,0.39,0.30,0.40,27.64,18,18,0,0.44,0.10,0.70,26.92,18,0,0,0.39,0.30,0.40,27.17,18,18,0,0.51,0.50,0.60,26.74,18,18,0,0.09,0.00,0.10,27.57,18,18,0,1.07,1.00,1.10,27.07,18,18,0,0.23,0.20,0.30,26.69,18,18,0
197646,0.39,0.30,0.40,27.64,18,18,0,0.48,0.10,0.90,26.94,18,0,0,0.37,0.30,0.40,27.16,18,18,0,0.51,0.50,0.60,26.75,18,18,0,0.11,0.10,0.20,27.57,18,18,0,1.08,1.00,1.10,27.08,18,18,0,0.23,0.20,0.30,26.72,18,18,0
198159,0.39,0.30,0.40,27.63,18,18,0,0.54,0.30,0.80,26.95,18,0,0,0.37,0.30,0.40,27.18,18,18,0,0.51,0.50,0.60,26.75,18,18,0,0.10,0.10,0.10,27.57,18,18,0,1.07,1.00,1.10,27.07,18,18,0,0.25,0.20,0.30,26.69,18,18,0
198664,0.39,0.30,0.40,27.64,18,18,0,0.44,0.20,0.70,26.94,18,0,0,0.36,0.30,0.40,27.18,18,18,0,0.51,0.50,0.60,26.76,18,18,0,0.10,0.10,0.10,27.58,18,18,0,1.08,1.00,1.10,27.09,18,18,0,0.23,0.20,0.30,26.71,18,18,0
199171,0.39,0.30,0.40,27.64,18,18,0,0.41,0.30,0.50,26.94,18,0,0,0.38,0.30,0.40,27.19,18,18,0,0.51,0.50,0.60,26.74,18,18,0,0.10,0.10,0.10,27.57,18,18,0,1.06,1.00,1.10,27.08,18,18,0,0.24,0.20,0.30,26.71,18,18,0
199675,0.37,0.30,0.40,27.63,18,18,0,0.41,0.10,0.60,26.94,18,0,0,0.37,0.30,0.40,27.17,18,18,0,0.51,0.50,0.60,26.76,18,18,0,0.11,0.10,0.20,27.59,18,18,0,1.08,1.00,1.10,27.07,18,18,0,0.26,0.20,0.30,26.71,18,18,0
200187,0.37,0.30,0.40,27.64,18,18,0,0.44,0.30,0.60,26.94,18,0,0,0.38,0.30,0.40,27.17,18,18,0,0.51,0.50,0.60,26.76,18,18,0,0.10,0.00,0.20,27.58,18,18,0,1.08,1.00,1.10,27.09,18,18,0,0.26,0.20,0.30,26.71,18,18,0
200691,0.37,0.30,0.40,27.65,18,18,0,0.43,0.30,0.60,26.94,18,0,0,0.37,0.30,0.40,27.19,18,18,0,0.51,0.50,0.60,26.75,18,18,0,0.11,0.10,0.20,27.58,18,18,0,1.08,1.00,1.10,27.09,18,18,0,0.26,0.20,0.30,26.71,18,18,0
201191,0.39,0.30,0.40,27.65,18,18,0,0.57,0.40,0.70,26.95,18,0,0,0.37,0.30,0.40,27.18,18,18,0,0.52,0.50,0.60,26.76,18,18,0,0.11,0.10,0.20,27.59,18,18,0,1.08,1.00,1.10,27.09,18,18,0,0.24,0.20,0.30,26.71,18,18,0
201704,0.39,0.30,0.40,27.64,18,18,0,0.47,0.30,0.60,26.94,18,0,0,0.38,0.30,0.40,27.17,18,18,0,0.51,0.50,0.60,26.76,18,18,0,0.10,0.10,0.10,27.58,18,18,0,1.08,1.00,1.10,27.09,18,18,0,0.24,0.20,0.30,26.72,18,18,0
202210,0.38,0.30,0.40,27.64,17,17,0,0.51,0.30,0.70,26.95,17,0,0,0.37,0.30,0.40,27.18,17,17,0,0.51,0.50,0.60,26.75,17,17,0,0.10,0.00,0.20,27.58,17,17,0,1.08,1.00,1.10,27.08,17,17,0,0.24,0.20,0.30,26.72,17,17,0
202710,0.39,0.30,0.40,27.66,18,18,0,0.52,0.40,0.70,26.96,18,0,0,0.36,0.30,0.40,27.19,18,18,0,0.51,0.50,0.60,26.76,18,18,0,0.10,0.10,0.10,27.58,18,18,0,1.07,1.00,1.10,27.09,18,18,0,0.25,0.20,0.30,26.71,18,18,0
203214,0.38,0.30,0.40,27.66,18,18,0,0.43,0.10,0.80,26.96,18,0,0,0.37,0.30,0.40,27.18,18,18,0,0.50,0.50,0.50,26.76,18,18,0,0.11,0.10,0.20,27.57,18,18,0,1.09,1.00,1.10,27.10,18,18,0,0.22,0.20,0.30,26.71,18,18,0
203725,0.37,0.30,0.40,27.64,18,18,0,0.41,-0.40,0.70,26.94,18,0,0,0.37,0.30,0.40,27.19,18,18,0,0.52,0.50,0.60,26.77,18,18,0,0.11,0.10,0.20,27.58,18,18,0,1.09,1.00,1.10,27.08,18,18,0,0.25,0.20,0.30,26.71,18,18,0
204237,0.38,0.30,0.40,27.65,18,18,0,0.39,-1.50,1.30,26.95,18,0,0,0.37,0.30,0.40,27.19,18,18,0,0.51,0.50,0.60,26.77,18,18,0,0.11,0.10,0.20,27.59,18,18,0,1.08,1.00,1.10,27.11,18,18,0,0.23,0.20,0.30,26.72,18,18,0
204737,0.38,0.30,0.40,27.66,17,17,0,0.41,-0.20,1.10,26.94,17,0,0,0.38,0.30,0.40,27.18,17,17,0,0.51,0.50,0.60,26.79,17,17,0,0.11,0.10,0.20,27.59,17,17,0,1.08,1.00,1.10,27.11,17,17,0,0.25,0.20,0.30,26.73,17,17,0
205242,0.38,0.30,0.40,27.67,18,18,0,0.37,0.10,0.70,26.95,18,0,0,0.38,0.30,0.40,27.18,18,18,0,0.50,0.50,0.50,26.78,18,18,0,0.11,0.10,0.20,27.58,18,18,0,1.07,1.00,1.10,27.11,18,18,0,0.22,0.20,0.30,26.74,18,18,0
205746,0.39,0.30,0.40,27.64,18,18,0,0.36,0.10,0.60,26.95,18,0,0,0.36,0.30,0.40,27.19,18,18,0,0.51,0.50,0.60,26.76,18,18,0,0.10,0.10,0.10,27.58,18,18,0,1.08,1.00,1.10,27.10,18,18,0,0.25,0.20,0.30,26.74,18,18,0
206256,0.37,0.30,0.40,27.65,18,18,0,0.43,-2.30,3.10,26.95,18,0,0,0.37,0.30,0.40,27.20,18,18,0,0.51,0.50,0.60,26.77,18,18,0,0.11,0.10,0.20,27.60,18,18,0,1.09,1.00,1.10,27.09,18,18,0,0.25,0.20,0.30,26.72,18,18,0
206765,0.38,0.30,0.40,27.66,18,18,0,0.41,-1.00,2.80,26.94,18,0,0,0.35,0.30,0.40,27.21,18,18,0,0.51,0.50,0.60,26.77,18,18,0,0.10,0.10,0.10,27.59,18,18,0,1.07,1.00,1.10,27.12,18,18,0,0.26,0.20,0.30,26.72,18,18,0
207276,0.37,0.30,0.40,27.66,18,18,0,0.32,-0.30,1.00,26.96,18,0,0,0.37,0.30,0.40,27.21,18,18,0,0.51,0.50,0.60,26.75,18,18,0,0.11,0.10,0.20,27.59,18,18,0,1.09,1.00,1.10,27.11,18,18,0,0.23,0.20,0.30,26.73,18,18,0
207776,0.38,0.30,0.40,27.66,17,17,0,0.36,0.10,0.80,26.96,17,0,0,0.36,0.30,0.40,27.20,17,17,0,0.50,0.50,0.50,26.76,17,17,0,0.11,0.00,0.20,27.61,17,17,0,1.06,1.00,1.10,27.10,17,17,0,0.24,0.20,0.30,26.74,17,17,0
208276,0.38,0.30,0.40,27.66,17,17,0,0.36,0.20,0.60,26.97,17,0,0,0.35,0.30,0.40,27.20,17,17,0,0.52,0.50,0.60,26.79,17,17,0,0.10,0.10,0.10,27.60,17,17,0,1.09,1.00,1.10,27.12,17,17,0,0.23,0.20,0.30,26.73,17,17,0
208781,0.38,0.30,0.40,27.65,18,18,0,0.47,0.30,0.60,26.97,18,0,0,0.36,0.30,0.40,27.21,18,18,0,0.50,0.50,0.50,26.79,18,18,0,0.11,0.10,0.20,27.61,18,18,0,1.08,1.00,1.10,27.12,18,18,0,0.23,0.20,0.30,26.74,18,18,0
209292,0.38,0.30,0.40,27.66,18,18,0,0.44,0.20,0.70,26.98,18,0,0,0.37,0.30,0.40,27.20,18,18,0,0.52,0.50,0.60,26.78,18,18,0,0.11,0.10,0.20,27.60,18,18,0,1.09,1.00,1.10,27.10,18,18,0,0.23,0.20,0.30,26.75,18,18,0
209799,0.39,0.30,0.40,27.66,18,18,0,0.44,0.30,0.60,26.95,18,0,0,0.38,0.30,0.40,27.20,18,18,0,0.50,0.50,0.50,26.78,18,18,0,0.10,0.10,0.10,27.60,18,18,0,1.07,1.00,1.10,27.10,18,18,0,0.24,0.20,0.30,26.73,18,18,0
210304,0.39,0.30,0.40,27.65,18,18,0,0.43,0.30,0.60,26.95,18,0,0,0.39,0.30,0.40,27.20,18,18,0,0.50,0.50,0.50,26.79,18,18,0,0.10,0.10,0.10,27.61,18,18,0,1.08,1.00,1.10,27.11,18,18,0,0.24,0.20,0.30,26.75,18,18,0
210808,0.39,0.30,0.40,27.66,18,18,0,0.44,0.30,0.60,26.97,18,0,0,0.37,0.30,0.40,27.22,18,18,0,0.52,0.50,0.60,26.78,18,18,0,0.10,0.10,0.10,27.58,18,18,0,1.07,1.00,1.10,27.12,18,18,0,0.23,0.20,0.30,26.74,18,18,0
211308,0.39,0.30,0.40,27.66,18,18,0,0.45,0.30,0.60,26.98,18,0,0,0.36,0.30,0.40,27.21,18,18,0,0.51,0.50,0.60,26.79,18,18,0,0.10,0.10,0.10,27.62,18,18,0,1.09,1.00,1.10,27.13,18,18,0,0.22,0.20,0.30,26.75,18,18,0
211821,0.39,0.30,0.40,27.65,18,18,0,0.50,0.40,0.70,26.97,18,0,0,0.38,0.30,0.40,27.21,18,18,0,0.51,0.50,0.60,26.78,18,18,0,0.09,0.00,0.10,27.61,18,18,0,1.07,1.00,1.10,27.12,18,18,0,0.24,0.20,0.30,26.74,18,18,0
212326,0.39,0.30,0.40,27.67,18,18,0,0.55,0.30,1.00,26.97,18,0,0,0.37,0.30,0.40,27.21,18,18,0,0.51,0.50,0.60,26.80,18,18,0,0.12,0.00,0.20,27.61,18,18,0,1.07,1.00,1.10,27.12,18,18,0,0.22,0.20,0.30,26.74,18,18,0
212837,0.39,0.30,0.40,27.66,18,18,0,0.47,0.30,0.60,26.97,18,0,0,0.38,0.30,0.40,27.22,18,18,0,0.50,0.50,0.50,26.78,18,18,0,0.11,0.10,0.20,27.60,18,18,0,1.08,1.00,1.10,27.13,18,18,0,0.22,0.20,0.30,26.74,18,18,0
213337,0.39,0.30,0.40,27.67,17,17,0,0.44,0.30,0.60,26.97,17,0,0,0.36,0.30,0.40,27.21,17,17,0,0.50,0.50,0.50,26.79,17,17,0,0.11,0.10,0.20,27.61,17,17,0,1.06,1.00,1.10,27.12,17,17,0,0.21,0.20,0.30,26.76,17,17,0
213844,0.40,0.40,0.40,27.67,18,18,0,0.42,0.30,0.50,26.98,18,0,0,0.37,0.30,0.40,27.21,18,18,0,0.51,0.50,0.60,26.79,18,18,0,0.10,0.00,0.20,27.62,18,18,0,1.08,1.00,1.10,27.12,18,18,0,0.26,0.20,0.30,26.75,18,18,0
214344,0.37,0.30,0.40,27.68,17,17,0,0.36,0.20,0.50,26.98,17,0,0,0.36,0.30,0.40,27.21,17,17,0,0.51,0.50,0.60,26.77,17,17,0,0.10,0.00,0.20,27.61,17,17,0,1.08,1.00,1.10,27.13,17,17,0,0.25,0.20,0.30,26.76,17,17,0
214844,0.39,0.30,0.40,27.69,18,18,0,0.39,0.30,0.60,26.98,18,0,0,0.37,0.30,0.40,27.21,18,18,0,0.51,0.50,0.60,26.79,18,18,0,0.11,0.10,0.20,27.61,18,18,0,1.08,1.00,1.10,27.12,18,18,0,0.23,0.20,0.30,26.74,18,18,0
215351,0.39,0.30,0.40,27.69,18,18,0,0.41,0.30,0.60,26.99,18,0,0,0.38,0.30,0.40,27.23,18,18,0,0.50,0.50,0.50,26.81,18,18,0,0.11,0.10,0.20,27.61,18,18,0,1.07,1.00,1.10,27.11,18,18,0,0.23,0.20,0.30,26.75,18,18,0
215855,0.39,0.30,0.40,27.68,18,18,0,0.36,0.20,0.50,26.98,18,0,0,0.37,0.30,0.40,27.23,18,18,0,0.51,0.50,0.60,26.80,18,18,0,0.10,0.10,0.10,27.61,18,18,0,1.08,1.00,1.10,27.13,18,18,0,0.23,0.20,0.30,26.76,18,18,0
216368,0.40,0.40,0.40,27.67,18,18,0,0.37,0.20,0.50,26.99,18,0,0,0.36,0.30,0.40,27.21,18,18,0,0.50,0.50,0.50,26.80,18,18,0,0.11,0.10,0.20,27.61,18,18,0,1.07,1.00,1.10,27.11,18,18,0,0.24,0.20,0.30,26.77,18,18,0
216872,0.40,0.40,0.40,27.67,18,18,0,0.41,0.30,0.60,26.98,18,0,0,0.37,0.30,0.40,27.21,18,18,0,0.51,0.50,0.60,26.79,18,18,0,0.10,0.10,0.10,27.64,18,18,0,1.07,1.00,1.10,27.12,18,18,0,0.22,0.20,0.30,26.77,18,18,0
217372,0.40,0.40,0.40,27.69,18,18,0,0.41,0.30,0.60,27.00,18,0,0,0.37,0.30,0.40,27.22,18,18,0,0.52,0.50,0.60,26.80,18,18,0,0.10,0.10,0.10,27.62,18,18,0,1.07,1.00,1.10,27.11,18,18,0,0.23,0.20,0.30,26.75,18,18,0
217876,0.39,0.30,0.40,27.69,18,18,0,0.39,0.30,0.50,27.00,18,0,0,0.37,0.30,0.40,27.24,18,18,0,0.50,0.50,0.50,26.80,18,18,0,0.10,0.10,0.10,27.61,18,18,0,1.09,1.00,1.10,27.12,18,18,0,0.23,0.20,0.30,26.77,18,18,0
218381,0.39,0.30,0.40,27.69,18,18,0,0.38,0.30,0.50,26.98,18,0,0,0.34,0.30,0.40,27.23,18,18,0,0.52,0.50,0.60,26.81,18,18,0,0.10,0.10,0.10,27.63,18,18,0,1.08,1.00,1.10,27.13,18,18,0,0.22,0.10,0.30,26.77,18,18,0
218890,0.40,0.40,0.40,27.68,18,18,0,0.37,0.20,0.50,26.98,18,0,0,0.36,0.30,0.40,27.23,18,18,0,0.52,0.50,0.60,26.80,18,18,0,0.10,0.10,0.10,27.62,18,18,0,1.07,1.00,1.10,27.13,18,18,0,0.25,0.20,0.30,26.75,18,18,0
219400,0.38,0.30,0.40,27.69,18,18,0,0.39,0.20,0.60,27.02,18,0,0,0.37,0.30,0.40,27.22,18,18,0,0.52,0.50,0.60,26.80,18,18,0,0.10,0.00,0.20,27.62,18,18,0,1.07,1.00,1.10,27.13,18,18,0,0.22,0.20,0.30,26.76,18,18,0
219900,0.39,0.30,0.40,27.69,18,18,0,0.38,0.00,0.70,26.98,18,0,0,0.36,0.30,0.40,27.24,18,18,0,0.50,0.50,0.50,26.81,18,18,0,0.09,0.00,0.10,27.62,18,18,0,1.07,1.00,1.10,27.13,18,18,0,0.23,0.20,0.30,26.78,18,18,0
220413,0.39,0.30,0.40,27.67,18,18,0,0.36,0.00,0.60,26.99,18,0,0,0.36,0.30,0.40,27.22,18,18,0,0.51,0.50,0.60,26.81,18,18,0,0.10,0.10,0.10,27.62,18,18,0,1.08,1.00,1.10,27.13,18,18,0,0.23,0.20,0.30,26.77,18,18,0
220913,0.39,0.30,0.40,27.69,18,18,0,0.44,0.30,0.60,27.00,18,0,0,0.36,0.30,0.40,27.23,18,18,0,0.50,0.50,0.50,26.81,18,18,0,0.11,0.10,0.20,27.63,18,18,0,1.06,1.00,1.10,27.13,18,18,0,0.21,0.20,0.30,26.77,18,18,0
221418,0.39,0.30,0.40,27.71,18,18,0,0.45,0.30,0.70,27.00,18,0,0,0.36,0.30,0.40,27.24,18,18,0,0.50,0.50,0.50,26.80,18,18,0,0.11,0.10,0.20,27.63,18,18,0,1.08,1.00,1.10,27.13,18,18,0,0.24,0.20,0.30,26.78,18,18,0
221919,0.38,0.30,0.40,27.69,17,17,0,0.38,0.20,0.60,27.00,17,0,0,0.35,0.30,0.40,27.24,17,17,0,0.51,0.50,0.60,26.81,17,17,0,0.10,0.10,0.10,27.64,17,17,0,1.06,1.00,1.10,27.12,17,17,0,0.23,0.20,0.30,26.78,17,17,0
222431,0.39,0.30,0.40,27.69,18,18,0,0.37,0.20,0.50,27.00,18,0,0,0.35,0.30,0.40,27.24,18,18,0,0.50,0.50,0.50,26.81,18,18,0,0.09,0.00,0.10,27.61,18,18,0,1.09,1.00,1.10,27.13,18,18,0,0.23,0.20,0.30,26.78,18,18,0
222935,0.39,0.30,0.40,27.70,18,18,0,0.38,0.20,0.50,27.00,18,0,0,0.37,0.30,0.40,27.22,18,18,0,0.51,0.50,0.60,26.82,18,18,0,0.10,0.00,0.20,27.63,18,18,0,1.08,1.00,1.10,27.14,18,18,0,0.25,0.20,0.30,26.80,18,18,0
223435,0.39,0.30,0.40,27.70,18,18,0,0.38,0.20,0.50,27.00,18,0,0,0.37,0.30,0.40,27.25,18,18,0,0.51,0.50,0.60,26.81,18,18,0,0.10,0.00,0.20,27.64,18,18,0,1.06,1.00,1.10,27.15,18,18,0,0.25,0.20,0.30,26.79,18,18,0
223942,0.39,0.30,0.40,27.70,18,18,0,0.41,0.20,0.60,27.00,18,0,0,0.37,0.30,0.40,27.23,18,18,0,0.51,0.50,0.60,26.83,18,18,0,0.10,0.10,0.10,27.64,18,18,0,1.08,1.00,1.10,27.13,18,18,0,0.23,0.20,0.30,26.78,18,18,0
224442,0.38,0.30,0.40,27.71,17,17,0,0.41,0.20,0.60,27.00,17,0,0,0.34,0.30,0.40,27.25,17,17,0,0.52,0.50,0.60,26.84,17,17,0,0.10,0.10,0.10,27.64,17,17,0,1.04,1.00,1.10,27.14,17,17,0,0.23,0.20,0.30,26.78,17,17,0
224942,0.39,0.30,0.40,27.69,17,17,0,0.34,0.20,0.40,27.01,17,0,0,0.37,0.30,0.40,27.24,17,17,0,0.51,0.50,0.60,26.83,17,17,0,0.10,0.00,0.20,27.62,17,17,0,1.07,1.00,1.10,27.15,17,17,0,0.24,0.20,0.30,26.78,17,17,0
225442,0.40,0.40,0.40,27.69,17,17,0,0.38,0.20,0.60,27.01,17,0,0,0.35,0.30,0.40,27.26,17,17,0,0.51,0.50,0.60,26.83,17,17,0,0.11,0.10,0.20,27.64,17,17,0,1.08,1.00,1.10,27.15,17,17,0,0.25,0.20,0.30,26.78,17,17,0
225955,0.39,0.30,0.40,27.70,18,18,0,0.47,0.20,0.70,27.00,18,0,0,0.37,0.30,0.40,27.26,18,18,0,0.50,0.50,0.50,26.82,18,18,0,0.11,0.10,0.20,27.64,18,18,0,1.08,1.00,1.10,27.15,18,18,0,0.24,0.20,0.30,26.76,18,18,0
226455,0.39,0.30,0.40,27.70,17,17,0,0.37,-0.10,0.70,27.02,17,0,0,0.37,0.30,0.40,27.25,17,17,0,0.51,0.50,0.60,26.83,17,17,0,0.09,0.00,0.10,27.63,17,17,0,1.07,1.00,1.10,27.16,17,17,0,0.23,0.20,0.30,26.79,17,17,0
226966,0.38,0.30,0.40,27.70,18,18,0,0.39,0.20,0.60,27.01,18,0,0,0.37,0.30,0.40,27.24,18,18,0,0.51,0.50,0.60,26.83,18,18,0,0.10,0.10,0.10,27.64,18,18,0,1.07,1.00,1.10,27.15,18,18,0,0.24,0.20,0.30,26.80,18,18,0
227471,0.39,0.30,0.40,27.70,18,18,0,0.35,0.10,0.50,27.00,18,0,0,0.35,0.30,0.40,27.26,18,18,0,0.50,0.50,0.50,26.82,18,18,0,0.11,0.10,0.20,27.64,18,18,0,1.08,1.00,1.10,27.15,18,18,0,0.24,0.20,0.30,26.78,18,18,0
227975,0.38,0.30,0.40,27.71,18,18,0,0.31,0.10,0.50,27.01,18,0,0,0.37,0.30,0.40,27.25,18,18,0,0.52,0.50,0.60,26.82,18,18,0,0.10,0.10,0.10,27.63,18,18,0,1.09,1.00,1.10,27.17,18,18,0,0.25,0.20,0.30,26.78,18,18,0
228475,0.39,0.30,0.40,27.71,17,17,0,0.32,0.20,0.40,27.02,17,0,0,0.38,0.30,0.40,27.24,17,17,0,0.52,0.50,0.60,26.83,17,17,0,0.11,0.00,0.20,27.64,17,17,0,1.09,1.00,1.10,27.17,17,17,0,0.24,0.20,0.30,26.79,17,17,0
228985,0.38,0.30,0.40,27.70,18,18,0,0.33,0.20,0.70,27.02,18,0,0,0.36,0.30,0.40,27.25,18,18,0,0.52,0.50,0.60,26.84,18,18,0,0.10,0.10,0.10,27.64,18,18,0,1.08,1.00,1.10,27.17,18,18,0,0.24,0.20,0.30,26.80,18,18,0
229485,0.38,0.30,0.40,27.71,18,18,0,0.37,0.10,0.70,27.02,18,0,0,0.37,0.30,0.40,27.25,18,18,0,0.50,0.50,0.50,26.84,18,18,0,0.10,0.10,0.10,27.63,18,18,0,1.07,1.00,1.10,27.17,18,18,0,0.22,0.20,0.30,26.80,18,18,0
229996,0.38,0.30,0.40,27.72,18,18,0,0.37,0.10,0.70,27.00,18,0,0,0.37,0.30,0.40,27.25,18,18,0,0.51,0.50,0.60,26.83,18,18,0,0.10,0.10,0.10,27.64,18,18,0,1.09,1.00,1.10,27.18,18,18,0,0.24,0.20,0.30,26.80,18,18,0
230505,0.37,0.30,0.40,27.71,18,18,0,0.37,0.10,0.80,26.99,18,0,0,0.33,0.30,0.40,27.26,18,18,0,0.52,0.50,0.60,26.83,18,18,0,0.10,0.00,0.20,27.65,18,18,0,1.07,1.00,1.10,27.18,18,18,0,0.22,0.20,0.30,26.80,18,18,0
231012,0.38,0.30,0.40,27.72,18,18,0,0.40,0.20,0.50,26.99,18,0,0,0.36,0.30,0.40,27.27,18,18,0,0.51,0.50,0.60,26.83,18,18,0,0.10,0.10,0.10,27.65,18,18,0,1.06,1.00,1.10,27.16,18,18,0,0.24,0.20,0.30,26.80,18,18,0
231512,0.39,0.30,0.40,27.72,17,17,0,0.44,0.30,0.60,27.01,17,0,0,0.35,0.30,0.40,27.26,17,17,0,0.50,0.50,0.50,26.82,17,17,0,0.09,0.00,0.10,27.65,17,17,0,1.08,1.00,1.10,27.15,17,17,0,0.25,0.20,0.30,26.80,17,17,0
232021,0.37,0.30,0.40,27.72,18,18,0,0.34,0.10,0.50,27.01,18,0,0,0.36,0.30,0.40,27.27,18,18,0,0.51,0.50,0.60,26.85,18,18,0,0.11,0.10,0.20,27.65,18,18,0,1.06,1.00,1.10,27.16,18,18,0,0.24,0.20,0.30,26.80,18,18,0
232521,0.39,0.30,0.40,27.72,17,17,0,0.33,0.10,0.50,27.03,17,0,0,0.38,0.30,0.40,27.25,17,17,0,0.50,0.50,0.50,26.85,17,17,0,0.09,0.00,0.10,27.65,17,17,0,1.08,1.00,1.10,27.16,17,17,0,0.24,0.20,0.30,26.82,17,17,0
233024,0.37,0.30,0.40,27.71,18,18,0,0.43,0.30,0.60,27.02,18,0,0,0.35,0.30,0.40,27.25,18,18,0,0.51,0.50,0.60,26.84,18,18,0,0.11,0.10,0.20,27.66,18,18,0,1.06,1.00,1.10,27.17,18,18,0,0.26,0.20,0.30,26.81,18,18,0
233537,0.39,0.30,0.40,27.71,18,18,0,0.41,0.20,0.60,27.02,18,0,0,0.36,0.30,0.40,27.28,18,18,0,0.50,0.50,0.50,26.83,18,18,0,0.11,0.10,0.20,27.66,18,18,0,1.10,1.10,1.10,27.17,18,18,0,0.24,0.20,0.30,26.81,18,18,0
234047,0.39,0.30,0.40,27.72,18,18,0,0.36,0.20,0.50,27.04,18,0,0,0.37,0.30,0.40,27.25,18,18,0,0.51,0.50,0.60,26.85,18,18,0,0.10,0.00,0.20,27.66,18,18,0,1.07,1.00,1.10,27.16,18,18,0,0.23,0.20,0.30,26.80,18,18,0
234552,0.39,0.30,0.40,27.72,18,18,0,0.40,0.20,0.60,27.01,18,0,0,0.37,0.30,0.40,27.26,18,18,0,0.52,0.50,0.60,26.86,18,18,0,0.11,0.10,0.20,27.67,18,18,0,1.07,1.00,1.10,27.16,18,18,0,0.24,0.20,0.30,26.81,18,18,0
235052,0.39,0.30,0.40,27.73,18,18,0,0.35,0.20,0.50,27.00,18,0,0,0.37,0.30,0.40,27.26,18,18,0,0.51,0.50,0.60,26.85,18,18,0,0.11,0.10,0.20,27.65,18,18,0,1.05,1.00,1.10,27.17,18,18,0,0.26,0.20,0.30,26.81,18,18,0
235552,0.39,0.30,0.40,27.72,17,17,0,0.39,0.20,0.50,27.03,17,0,0,0.38,0.30,0.40,27.26,17,17,0,0.52,0.50,0.60,26.84,17,17,0,0.11,0.10,0.20,27.65,17,17,0,1.09,1.00,1.10,27.16,17,17,0,0.24,0.20,0.30,26.81,17,17,0
236064,0.38,0.30,0.40,27.73,18,18,0,0.39,0.30,0.50,27.03,18,0,0,0.37,0.30,0.40,27.28,18,18,0,0.51,0.50,0.60,26.86,18,18,0,0.10,0.10,0.10,27.65,18,18,0,1.07,1.00,1.10,27.19,18,18,0,0.23,0.20,0.30,26.81,18,18,0
236572,0.38,0.30,0.40,27.74,18,18,0,0.36,0.20,0.50,27.02,18,0,0,0.37,0.30,0.40,27.24,18,18,0,0.51,0.50,0.60,26.85,18,18,0,0.10,0.10,0.10,27.66,18,18,0,1.08,1.00,1.10,27.16,18,18,0,0.24,0.20,0.30,26.81,18,18,0
237072,0.38,0.30,0.40,27.74,18,18,0,0.36,0.20,0.50,27.02,18,0,0,0.37,0.30,0.40,27.28,18,18,0,0.51,0.50,0.60,26.84,18,18,0,0.11,0.10,0.20,27.67,18,18,0,1.08,1.00,1.10,27.17,18,18,0,0.24,0.20,0.30,26.81,18,18,0
237576,0.37,0.30,0.40,27.72,18,18,0,0.42,0.30,0.60,27.04,18,0,0,0.38,0.30,0.40,27.27,18,18,0,0.52,0.50,0.60,26.85,18,18,0,0.09,0.00,0.10,27.65,18,18,0,1.07,1.00,1.10,27.17,18,18,0,0.23,0.20,0.30,26.82,18,18,0
238076,0.37,0.30,0.40,27.74,18,18,0,0.36,0.20,0.50,27.03,18,0,0,0.37,0.30,0.40,27.25,18,18,0,0.51,0.50,0.60,26.83,18,18,0,0.10,0.10,0.10,27.66,18,18,0,1.06,1.00,1.10,27.15,18,18,0,0.23,0.20,0.30,26.82,18,18,0
238581,0.36,0.30,0.40,27.73,18,18,0,0.39,0.20,0.50,27.03,18,0,0,0.38,0.30,0.40,27.29,18,18,0,0.51,0.50,0.60,26.84,18,18,0,0.10,0.10,0.10,27.67,18,18,0,1.08,1.00,1.10,27.17,18,18,0,0.24,0.20,0.30,26.82,18,18,0
239087,0.36,0.30,0.40,27.73,18,18,0,0.38,0.30,0.50,27.04,18,0,0,0.37,0.30,0.40,27.27,18,18,0,0.51,0.50,0.60,26.85,18,18,0,0.10,0.10,0.10,27.67,18,18,0,1.07,1.00,1.10,27.18,18,18,0,0.26,0.20,0.30,26.82,18,18,0
239594,0.37,0.30,0.40,27.75,18,18,0,0.38,0.20,0.50,27.04,18,0,0,0.36,0.30,0.40,27.28,18,18,0,0.51,0.50,0.60,26.86,18,18,0,0.10,0.10,0.10,27.66,18,18,0,1.06,1.00,1.10,27.17,18,18,0,0.24,0.20,0.30,26.81,18,18,0
240104,0.34,0.30,0.40,27.73,18,18,0,0.39,0.20,0.60,27.03,18,0,0,0.36,0.30,0.40,27.27,18,18,0,0.51,0.50,0.60,26.86,18,18,0,0.11,0.10,0.20,27.66,18,18,0,1.08,1.00,1.10,27.18,18,18,0,0.26,0.20,0.30,26.82,18,18,0
240604,0.38,0.30,0.40,27.74,17,17,0,0.38,0.20,0.60,27.04,17,0,0,0.35,0.30,0.40,27.27,17,17,0,0.51,0.50,0.60,26.85,17,17,0,0.10,0.10,0.10,27.67,17,17,0,1.07,1.00,1.10,27.17,17,17,0,0.24,0.20,0.30,26.84,17,17,0
241117,0.37,0.30,0.40,27.73,18,18,0,0.33,0.20,0.50,27.03,18,0,0,0.38,0.30,0.40,27.28,18,18,0,0.50,0.50,0.50,26.86,18,18,0,0.10,0.10,0.10,27.67,18,18,0,1.06,1.00,1.10,27.19,18,18,0,0.23,0.20,0.30,26.83,18,18,0
241618,0.39,0.30,0.40,27.75,17,17,0,0.40,0.30,0.60,27.04,17,0,0,0.35,0.30,0.40,27.28,17,17,0,0.51,0.50,0.60,26.87,17,17,0,0.10,0.10,0.10,27.66,17,17,0,1.06,1.00,1.10,27.19,17,17,0,0.25,0.20,0.30,26.82,17,17,0
242125,0.36,0.30,0.40,27.75,18,18,0,0.34,0.10,0.70,27.03,18,0,0,0.37,0.30,0.40,27.29,18,18,0,0.51,0.50,0.60,26.86,18,18,0,0.11,0.10,0.20,27.67,18,18,0,1.08,1.00,1.10,27.19,18,18,0,0.24,0.20,0.30,26.83,18,18,0
242625,0.35,0.30,0.40,27.74,17,17,0,0.32,0.00,0.60,27.03,17,0,0,0.35,0.30,0.40,27.28,17,17,0,0.49,0.40,0.50,26.86,17,17,0,0.10,0.10,0.10,27.68,17,17,0,1.09,1.00,1.10,27.18,17,17,0,0.22,0.20,0.30,26.83,17,17,0
243132,0.38,0.30,0.40,27.75,18,18,0,0.33,0.20,0.50,27.04,18,0,0,0.35,0.30,0.40,27.27,18,18,0,0.51,0.50,0.60,26.85,18,18,0,0.11,0.00,0.20,27.69,18,18,0,1.07,1.00,1.10,27.17,18,18,0,0.26,0.20,0.30,26.82,18,18,0
243632,0.36,0.30,0.40,27.75,17,17,0,0.32,0.10,0.50,27.06,17,0,0,0.37,0.30,0.40,27.28,17,17,0,0.51,0.50,0.60,26.86,17,17,0,0.09,0.00,0.10,27.68,17,17,0,1.07,1.00,1.10,27.19,17,17,0,0.25,0.20,0.30,26.84,17,17,0
244136,0.36,0.30,0.40,27.75,18,18,0,0.34,0.20,0.50,27.06,18,0,0,0.35,0.30,0.40,27.27,18,18,0,0.50,0.50,0.50,26.87,18,18,0,0.11,0.00,0.20,27.67,18,18,0,1.07,1.00,1.10,27.21,18,18,0,0.24,0.20,0.30,26.84,18,18,0
244648,0.37,0.30,0.40,27.74,18,18,0,0.33,0.20,0.50,27.05,18,0,0,0.38,0.30,0.40,27.29,18,18,0,0.51,0.50,0.60,26.88,18,18,0,0.10,0.10,0.10,27.66,18,18,0,1.09,1.00,1.10,27.20,18,18,0,0.23,0.20,0.30,26.83,18,18,0
245154,0.38,0.30,0.40,27.75,18,18,0,0.29,0.20,0.40,27.05,18,0,0,0.35,0.30,0.40,27.26,18,18,0,0.51,0.50,0.60,26.85,18,18,0,0.10,0.10,0.10,27.68,18,18,0,1.04,1.00,1.10,27.18,18,18,0,0.24,0.20,0.30,26.82,18,18,0
245660,0.35,0.30,0.40,27.75,18,18,0,0.31,0.20,0.40,27.06,18,0,0,0.37,0.30,0.40,27.28,18,18,0,0.51,0.50,0.60,26.86,18,18,0,0.11,0.10,0.20,27.68,18,18,0,1.08,1.00,1.10,27.21,18,18,0,0.25,0.20,0.30,26.81,18,18,0
246160,0.36,0.30,0.40,27.76,17,17,0,0.39,0.20,0.50,27.05,17,0,0,0.37,0.30,0.40,27.30,17,17,0,0.51,0.50,0.60,26.88,17,17,0,0.10,0.10,0.10,27.68,17,17,0,1.09,1.00,1.10,27.19,17,17,0,0.24,0.20,0.30,26.83,17,17,0
246660,0.35,0.30,0.40,27.76,17,17,0,0.36,0.30,0.60,27.04,17,0,0,0.35,0.30,0.40,27.29,17,17,0,0.51,0.50,0.60,26.88,17,17,0,0.10,0.10,0.10,27.68,17,17,0,1.07,1.00,1.10,27.18,17,17,0,0.26,0.20,0.30,26.83,17,17,0
247160,0.38,0.30,0.40,27.76,17,17,0,0.39,0.30,0.50,27.04,17,0,0,0.34,0.30,0.40,27.30,17,17,0,0.52,0.50,0.60,26.87,17,17,0,0.10,0.00,0.20,27.68,17,17,0,1.08,1.00,1.10,27.19,17,17,0,0.27,0.20,0.30,26.84,17,17,0
247670,0.37,0.30,0.40,27.75,18,18,0,0.40,0.20,0.60,27.05,18,0,0,0.36,0.30,0.40,27.28,18,18,0,0.51,0.50,0.60,26.88,18,18,0,0.09,0.00,0.10,27.68,18,18,0,1.08,1.00,1.10,27.18,18,18,0,0.23,0.20,0.30,26.84,18,18,0
248183,0.36,0.30,0.40,27.74,18,18,0,0.33,0.20,0.50,27.05,18,0,0,0.37,0.30,0.40,27.30,18,18,0,0.51,0.50,0.60,26.88,18,18,0,0.10,0.10,0.10,27.67,18,18,0,1.06,1.00,1.10,27.19,18,18,0,0.24,0.20,0.30,26.84,18,18,0
248683,0.38,0.30,0.40,27.78,17,17,0,0.33,0.20,0.40,27.05,17,0,0,0.39,0.30,0.40,27.30,17,17,0,0.51,0.50,0.60,26.86,17,17,0,0.09,0.00,0.10,27.69,17,17,0,1.09,1.00,1.10,27.21,17,17,0,0.26,0.20,0.30,26.86,17,17,0
249190,0.36,0.30,0.40,27.77,18,18,0,0.33,0.20,0.50,27.06,18,0,0,0.39,0.30,0.40,27.31,18,18,0,0.52,0.50,0.60,26.86,18,18,0,0.10,0.00,0.20,27.69,18,18,0,1.08,1.00,1.10,27.20,18,18,0,0.23,0.20,0.30,26.84,18,18,0
249697,0.34,0.30,0.40,27.78,18,18,0,0.29,0.20,0.50,27.06,18,0,0,0.38,0.30,0.40,27.28,18,18,0,0.51,0.50,0.60,26.87,18,18,0,0.10,0.10,0.10,27.69,18,18,0,1.09,1.00,1.10,27.23,18,18,0,0.24,0.20,0.30,26.83,18,18,0
250207,0.34,0.30,0.40,27.76,18,18,0,0.38,0.30,0.60,27.07,18,0,0,0.35,0.30,0.40,27.31,18,18,0,0.51,0.50,0.60,26.87,18,18,0,0.09,0.00,0.10,27.69,18,18,0,1.08,1.00,1.10,27.21,18,18,0,0.23,0.20,0.30,26.84,18,18,0
250719,0.37,0.30,0.40,27.77,18,18,0,0.40,0.30,0.50,27.05,18,0,0,0.35,0.30,0.40,27.30,18,18,0,0.51,0.50,0.60,26.86,18,18,0,0.10,0.10,0.10,27.70,18,18,0,1.06,1.00,1.10,27.22,18,18,0,0.24,0.20,0.30,26.85,18,18,0
251229,0.36,0.30,0.40,27.78,18,18,0,0.34,0.20,0.50,27.05,18,0,0,0.37,0.30,0.40,27.29,18,18,0,0.50,0.50,0.50,26.89,18,18,0,0.11,0.10,0.20,27.70,18,18,0,1.06,1.00,1.10,27.20,18,18,0,0.24,0.20,0.30,26.85,18,18,0
251736,0.36,0.30,0.40,27.76,18,18,0,0.34,0.10,0.50,27.05,18,0,0,0.37,0.30,0.40,27.30,18,18,0,0.51,0.50,0.60,26.87,18,18,0,0.11,0.10,0.20,27.69,18,18,0,1.08,1.00,1.10,27.20,18,18,0,0.26,0.20,0.30,26.85,18,18,0
252243,0.37,0.30,0.40,27.77,18,18,0,0.35,-0.10,0.80,27.05,18,0,0,0.37,0.30,0.40,27.30,18,18,0,0.51,0.50,0.60,26.89,18,18,0,0.11,0.10,0.20,27.71,18,18,0,1.08,1.00,1.10,27.20,18,18,0,0.23,0.20,0.30,26.85,18,18,0
252745,0.35,0.30,0.40,27.76,17,17,0,0.36,0.10,0.60,27.06,17,0,0,0.35,0.30,0.40,27.30,17,17,0,0.51,0.50,0.60,26.87,17,17,0,0.10,0.10,0.10,27.69,17,17,0,1.07,1.00,1.10,27.20,17,17,0,0.23,0.20,0.30,26.84,17,17,0
253256,0.38,0.30,0.40,27.76,18,18,0,0.28,0.10,0.60,27.06,18,0,0,0.37,0.30,0.40,27.30,18,18,0,0.50,0.50,0.50,26.88,18,18,0,0.11,0.10,0.20,27.70,18,18,0,1.07,1.00,1.10,27.21,18,18,0,0.23,0.20,0.30,26.85,18,18,0
253756,0.36,0.30,0.40,27.77,17,17,0,0.28,0.10,0.50,27.05,17,0,0,0.36,0.30,0.40,27.30,17,17,0,0.51,0.50,0.60,26.89,17,17,0,0.10,0.10,0.10,27.69,17,17,0,1.07,1.00,1.10,27.22,17,17,0,0.25,0.20,0.30,26.86,17,17,0
254256,0.34,0.30,0.40,27.77,18,18,0,0.27,0.10,0.60,27.06,18,0,0,0.36,0.30,0.40,27.30,18,18,0,0.50,0.50,0.50,26.89,18,18,0,0.09,0.00,0.10,27.69,18,18,0,1.07,1.00,1.10,27.23,18,18,0,0.24,0.20,0.30,26.84,18,18,0
254763,0.32,0.30,0.40,27.78,18,18,0,0.33,0.20,0.60,27.07,18,0,0,0.34,0.30,0.40,27.31,18,18,0,0.51,0.50,0.60,26.89,18,18,0,0.10,0.10,0.10,27.71,18,18,0,1.08,1.00,1.10,27.22,18,18,0,0.24,0.20,0.30,26.85,18,18,0
255273,0.37,0.30,0.40,27.77,18,18,0,0.33,0.10,0.50,27.07,18,0,0,0.36,0.30,0.40,27.31,18,18,0,0.50,0.50,0.50,26.89,18,18,0,0.11,0.10,0.20,27.70,18,18,0,1.07,1.00,1.10,27.22,18,18,0,0.24,0.20,0.30,26.85,18,18,0
255786,0.34,0.30,0.40,27.78,18,18,0,0.33,0.20,0.50,27.06,18,0,0,0.37,0.30,0.40,27.32,18,18,0,0.51,0.50,0.60,26.87,18,18,0,0.09,0.00,0.10,27.70,18,18,0,1.07,1.00,1.10,27.22,18,18,0,0.24,0.20,0.30,26.85,18,18,0
256296,0.37,0.30,0.40,27.77,18,18,0,0.32,0.10,0.40,27.07,18,0,0,0.36,0.30,0.40,27.31,18,18,0,0.50,0.50,0.50,26.87,18,18,0,0.12,0.10,0.20,27.69,18,18,0,1.07,1.00,1.10,27.22,18,18,0,0.23,0.20,0.30,26.86,18,18,0
256808,0.34,0.30,0.40,27.78,18,18,0,0.36,0.20,0.50,27.08,18,0,0,0.36,0.30,0.40,27.32,18,18,0,0.50,0.50,0.50,26.91,18,18,0,0.11,0.10,0.20,27.70,18,18,0,1.08,1.00,1.10,27.23,18,18,0,0.24,0.20,0.30,26.87,18,18,0
257308,0.35,0.30,0.40,27.77,17,17,0,0.36,0.20,0.60,27.07,17,0,0,0.37,0.30,0.40,27.30,17,17,0,0.50,0.50,0.50,26.91,17,17,0,0.09,0.00,0.10,27.69,17,17,0,1.06,1.00,1.10,27.22,17,17,0,0.25,0.20,0.30,26.87,17,17,0
257815,0.37,0.30,0.40,27.76,18,18,0,0.34,0.20,0.50,27.06,18,0,0,0.36,0.30,0.40,27.30,18,18,0,0.50,0.50,0.50,26.90,18,18,0,0.10,0.10,0.10,27.70,18,18,0,1.06,1.00,1.10,27.23,18,18,0,0.24,0.20,0.30,26.85,18,18,0
258322,0.36,0.30,0.40,27.78,18,18,0,0.35,0.20,0.40,27.09,18,0,0,0.37,0.30,0.40,27.30,18,18,0,0.50,0.50,0.50,26.89,18,18,0,0.09,0.00,0.10,27.70,18,18,0,1.07,1.00,1.10,27.22,18,18,0,0.22,0.20,0.30,26.85,18,18,0
258822,0.35,0.30,0.40,27.79,17,17,0,0.30,0.20,0.40,27.08,17,0,0,0.37,0.30,0.40,27.32,17,17,0,0.51,0.50,0.60,26.90,17,17,0,0.11,0.10,0.20,27.69,17,17,0,1.06,1.00,1.10,27.22,17,17,0,0.26,0.20,0.30,26.88,17,17,0
259335,0.36,0.30,0.40,27.78,18,18,0,0.36,0.20,0.50,27.07,18,0,0,0.35,0.30,0.40,27.32,18,18,0,0.51,0.50,0.60,26.90,18,18,0,0.11,0.10,0.20,27.70,18,18,0,1.08,1.00,1.10,27.24,18,18,0,0.25,0.20,0.30,26.86,18,18,0
259835,0.36,0.30,0.40,27.78,17,17,0,0.36,0.20,0.50,27.08,17,0,0,0.36,0.30,0.40,27.31,17,17,0,0.51,0.50,0.60,26.90,17,17,0,0.11,0.10,0.20,27.70,17,17,0,1.09,1.00,1.10,27.22,17,17,0,0.21,0.20,0.30,26.86,17,17,0
260335,0.37,0.30,0.40,27.78,18,18,0,0.33,0.20,0.50,27.07,18,0,0,0.37,0.30,0.40,27.32,18,18,0,0.50,0.50,0.50,26.90,18,18,0,0.10,0.10,0.10,27.71,18,18,0,1.07,1.00,1.10,27.21,18,18,0,0.22,0.20,0.30,26.85,18,18,0
260847,0.36,0.30,0.40,27.79,18,18,0,0.54,0.30,0.80,27.08,18,0,0,0.37,0.30,0.40,27.31,18,18,0,0.50,0.50,0.50,26.90,18,18,0,0.11,0.10,0.20,27.71,18,18,0,1.06,1.00,1.10,27.23,18,18,0,0.26,0.20,0.30,26.87,18,18,0
261354,0.36,0.30,0.40,27.79,17,17,0,0.40,0.20,0.70,27.08,17,0,0,0.34,0.30,0.40,27.32,17,17,0,0.50,0.50,0.50,26.89,17,17,0,0.09,0.00,0.10,27.70,17,17,0,1.06,1.00,1.10,27.22,17,17,0,0.22,0.20,0.30,26.86,17,17,0
261854,0.35,0.30,0.40,27.79,17,17,0,0.33,0.20,0.50,27.07,17,0,0,0.37,0.30,0.40,27.31,17,17,0,0.51,0.50,0.60,26.91,17,17,0,0.11,0.10,0.20,27.73,17,17,0,1.09,1.00,1.10,27.22,17,17,0,0.24,0.20,0.30,26.87,17,17,0
262354,0.38,0.30,0.40,27.79,17,17,0,0.39,0.20,0.60,27.08,17,0,0,0.37,0.30,0.40,27.31,17,17,0,0.51,0.50,0.60,26.92,17,17,0,0.10,0.00,0.20,27.70,17,17,0,1.05,1.00,1.10,27.21,17,17,0,0.25,0.20,0.30,26.88,17,17,0
262854,0.37,0.30,0.40,27.78,17,17,0,0.45,0.20,0.70,27.08,17,0,0,0.34,0.30,0.40,27.33,17,17,0,0.51,0.50,0.60,26.90,17,17,0,0.11,0.10,0.20,27.72,17,17,0,1.08,1.00,1.10,27.24,17,17,0,0.21,0.20,0.30,26.89,17,17,0
263367,0.35,0.30,0.40,27.77,18,18,0,0.44,0.10,0.80,27.07,18,0,0,0.37,0.30,0.40,27.31,18,18,0,0.51,0.50,0.60,26.90,18,18,0,0.09,0.00,0.10,27.70,18,18,0,1.08,1.00,1.10,27.22,18,18,0,0.22,0.20,0.30,26.87,18,18,0
263867,0.38,0.30,0.40,27.79,17,17,0,0.39,0.20,0.60,27.09,17,0,0,0.34,0.30,0.40,27.31,17,17,0,0.51,0.50,0.60,26.91,17,17,0,0.09,0.00,0.10,27.72,17,17,0,1.08,1.00,1.10,27.24,17,17,0,0.24,0.20,0.30,26.87,17,17,0
264378,0.36,0.30,0.40,27.78,18,18,0,0.38,0.20,0.50,27.07,18,0,0,0.35,0.30,0.40,27.33,18,18,0,0.51,0.50,0.60,26.90,18,18,0,0.10,0.10,0.10,27.71,18,18,0,1.06,1.00,1.10,27.23,18,18,0,0.24,0.20,0.30,26.86,18,18,0
264878,0.35,0.30,0.40,27.80,17,17,0,0.36,0.20,0.60,27.10,17,0,0,0.36,0.30,0.40,27.33,17,17,0,0.50,0.50,0.50,26.92,17,17,0,0.11,0.10,0.20,27.72,17,17,0,1.08,1.00,1.10,27.24,17,17,0,0.24,0.20,0.30,26.87,17,17,0
265378,0.36,0.30,0.40,27.80,18,18,0,0.33,0.20,0.50,27.11,18,0,0,0.36,0.30,0.40,27.33,18,18,0,0.51,0.50,0.60,26.90,18,18,0,0.09,0.00,0.10,27.70,18,18,0,1.08,1.00,1.10,27.22,18,18,0,0.23,0.20,0.30,26.89,18,18,0
265891,0.34,0.30,0.40,27.78,18,18,0,0.36,0.20,0.50,27.09,18,0,0,0.36,0.30,0.40,27.33,18,18,0,0.51,0.50,0.60,26.90,18,18,0,0.10,0.10,0.10,27.72,18,18,0,1.09,1.00,1.10,27.25,18,18,0,0.24,0.20,0.30,26.89,18,18,0
266404,0.37,0.30,0.40,27.79,18,18,0,0.38,0.20,0.60,27.08,18,0,0,0.36,0.30,0.40,27.35,18,18,0,0.50,0.50,0.50,26.92,18,18,0,0.10,0.10,0.10,27.71,18,18,0,1.06,1.00,1.10,27.25,18,18,0,0.22,0.20,0.30,26.88,18,18,0
266916,0.37,0.30,0.40,27.79,18,18,0,0.37,0.20,0.50,27.08,18,0,0,0.35,0.30,0.40,27.33,18,18,0,0.51,0.50,0.60,26.91,18,18,0,0.11,0.10,0.20,27.70,18,18,0,1.07,1.00,1.10,27.24,18,18,0,0.23,0.20,0.30,26.88,18,18,0
267420,0.36,0.30,0.40,27.79,18,18,0,0.36,0.20,0.50,27.08,18,0,0,0.36,0.30,0.40,27.33,18,18,0,0.52,0.50,0.60,26.92,18,18,0,0.10,0.10,0.10,27.70,18,18,0,1.08,1.00,1.10,27.23,18,18,0,0.23,0.20,0.30,26.88,18,18,0
267920,0.38,0.30,0.40,27.78,18,18,0,0.44,0.30,0.70,27.08,18,0,0,0.38,0.30,0.40,27.34,18,18,0,0.52,0.50,0.60,26.92,18,18,0,0.10,0.00,0.20,27.73,18,18,0,1.09,1.00,1.10,27.25,18,18,0,0.25,0.20,0.30,26.87,18,18,0
268430,0.38,0.30,0.40,27.79,18,18,0,0.48,0.20,0.80,27.07,18,0,0,0.36,0.30,0.40,27.33,18,18,0,0.51,0.50,0.60,26.93,18,18,0,0.10,0.10,0.10,27.71,18,18,0,1.07,1.00,1.10,27.24,18,18,0,0.25,0.20,0.30,26.88,18,18,0
268930,0.36,0.30,0.40,27.81,17,17,0,0.42,0.20,0.60,27.09,17,0,0,0.36,0.30,0.40,27.33,17,17,0,0.50,0.50,0.50,26.93,17,17,0,0.11,0.10,0.20,27.71,17,17,0,1.06,1.00,1.10,27.24,17,17,0,0.24,0.20,0.30,26.87,17,17,0
269430,0.36,0.30,0.40,27.79,17,17,0,0.36,0.10,0.50,27.10,17,0,0,0.35,0.30,0.40,27.33,17,17,0,0.51,0.50,0.60,26.90,17,17,0,0.11,0.00,0.20,27.72,17,17,0,1.05,1.00,1.10,27.26,17,17,0,0.25,0.20,0.30,26.88,17,17,0
269940,0.35,0.30,0.40,27.77,18,18,0,0.38,0.20,0.70,27.09,18,0,0,0.35,0.30,0.40,27.33,18,18,0,0.51,0.50,0.60,26.93,18,18,0,0.10,0.10,0.10,27.73,18,18,0,1.08,1.00,1.10,27.25,18,18,0,0.25,0.20,0.30,26.88,18,18,0
270447,0.36,0.30,0.40,27.78,18,18,0,0.37,0.20,0.60,27.09,18,0,0,0.37,0.30,0.40,27.34,18,18,0,0.51,0.50,0.60,26.91,18,18,0,0.11,0.10,0.20,27.72,18,18,0,1.08,1.00,1.10,27.25,18,18,0,0.22,0.20,0.30,26.91,18,18,0
270956,0.34,0.30,0.40,27.80,18,18,0,0.37,0.20,0.60,27.10,18,0,0,0.37,0.30,0.40,27.33,18,18,0,0.51,0.50,0.60,26.91,18,18,0,0.10,0.10,0.10,27.71,18,18,0,1.08,1.00,1.10,27.25,18,18,0,0.23,0.20,0.30,26.88,18,18,0
271463,0.36,0.30,0.40,27.79,18,18,0,0.41,0.20,0.70,27.10,18,0,0,0.38,0.30,0.40,27.34,18,18,0,0.50,0.50,0.50,26.91,18,18,0,0.10,0.10,0.10,27.72,18,18,0,1.07,1.00,1.10,27.23,18,18,0,0.24,0.20,0.30,26.91,18,18,0
271970,0.37,0.30,0.40,27.80,18,18,0,0.35,0.10,0.60,27.10,18,0,0,0.36,0.30,0.40,27.36,18,18,0,0.50,0.40,0.60,26.93,18,18,0,0.09,0.00,0.10,27.72,18,18,0,1.07,1.00,1.10,27.25,18,18,0,0.25,0.20,0.30,26.90,18,18,0
272474,0.34,0.30,0.40,27.80,18,18,0,0.39,0.30,0.50,27.10,18,0,0,0.36,0.30,0.40,27.34,18,18,0,0.50,0.50,0.50,26.92,18,18,0,0.11,0.10,0.20,27.71,18,18,0,1.06,1.00,1.10,27.25,18,18,0,0.25,0.20,0.30,26.89,18,18,0
272974,0.36,0.30,0.40,27.79,17,17,0,0.41,0.20,0.60,27.10,17,0,0,0.38,0.30,0.40,27.34,17,17,0,0.52,0.50,0.60,26.93,17,17,0,0.11,0.10,0.20,27.72,17,17,0,1.08,1.00,1.10,27.24,17,17,0,0.25,0.20,0.30,26.89,17,17,0
273474,0.34,0.30,0.40,27.80,17,17,0,0.38,0.10,0.60,27.10,17,0,0,0.36,0.30,0.40,27.36,17,17,0,0.51,0.50,0.60,26.92,17,17,0,0.09,0.00,0.10,27.73,17,17,0,1.06,1.00,1.10,27.26,17,17,0,0.23,0.20,0.30,26.90,17,17,0
273981,0.36,0.30,0.40,27.81,18,18,0,0.37,0.10,0.70,27.11,18,0,0,0.34,0.30,0.40,27.36,18,18,0,0.51,0.50,0.60,26.93,18,18,0,0.11,0.10,0.20,27.73,18,18,0,1.07,1.00,1.10,27.25,18,18,0,0.23,0.20,0.30,26.89,18,18,0
274481,0.36,0.30,0.40,27.80,17,17,0,0.40,0.30,0.50,27.10,17,0,0,0.35,0.30,0.40,27.34,17,17,0,0.51,0.50,0.60,26.92,17,17,0,0.11,0.10,0.20,27.72,17,17,0,1.08,1.00,1.10,27.24,17,17,0,0.24,0.20,0.30,26.89,17,17,0
274989,0.36,0.30,0.40,27.79,18,18,0,0.39,0.30,0.50,27.11,18,0,0,0.38,0.30,0.40,27.32,18,18,0,0.50,0.50,0.50,26.93,18,18,0,0.10,0.10,0.10,27.73,18,18,0,1.07,1.00,1.10,27.24,18,18,0,0.23,0.20,0.30,26.89,18,18,0
275496,0.37,0.30,0.40,27.80,18,18,0,0.38,0.20,0.60,27.11,18,0,0,0.38,0.30,0.40,27.34,18,18,0,0.50,0.50,0.50,26.94,18,18,0,0.10,0.10,0.10,27.72,18,18,0,1.09,1.00,1.10,27.26,18,18,0,0.23,0.20,0.30,26.89,18,18,0
276000,0.37,0.30,0.40,27.81,18,18,0,0.36,0.10,0.70,27.10,18,0,0,0.36,0.30,0.40,27.36,18,18,0,0.51,0.50,0.60,26.93,18,18,0,0.11,0.10,0.20,27.73,18,18,0,1.09,1.00,1.10,27.25,18,18,0,0.22,0.20,0.30,26.90,18,18,0
276505,0.38,0.30,0.40,27.82,18,18,0,0.42,0.20,0.60,27.10,18,0,0,0.35,0.30,0.40,27.35,18,18,0,0.51,0.50,0.60,26.93,18,18,0,0.11,0.10,0.20,27.74,18,18,0,1.06,1.00,1.10,27.24,18,18,0,0.22,0.20,0.30,26.91,18,18,0
277018,0.36,0.30,0.40,27.81,18,18,0,0.46,0.20,0.70,27.10,18,0,0,0.35,0.30,0.40,27.35,18,18,0,0.50,0.50,0.50,26.91,18,18,0,0.10,0.10,0.10,27.74,18,18,0,1.08,1.00,1.10,27.27,18,18,0,0.23,0.20,0.30,26.91,18,18,0
277525,0.36,0.30,0.40,27.80,18,18,0,0.38,0.10,0.60,27.09,18,0,0,0.37,0.30,0.40,27.33,18,18,0,0.51,0.50,0.60,26.94,18,18,0,0.11,0.10,0.20,27.73,18,18,0,1.09,1.00,1.10,27.27,18,18,0,0.24,0.20,0.30,26.90,18,18,0
278032,0.34,0.30,0.40,27.80,18,18,0,0.38,0.00,0.60,27.10,18,0,0,0.39,0.30,0.40,27.35,18,18,0,0.51,0.50,0.60,26.93,18,18,0,0.11,0.10,0.20,27.73,18,18,0,1.07,1.00,1.10,27.27,18,18,0,0.22,0.20,0.30,26.90,18,18,0
278532,0.34,0.30,0.40,27.81,18,18,0,0.36,0.10,0.60,27.12,18,0,0,0.37,0.30,0.40,27.34,18,18,0,0.50,0.50,0.50,26.94,18,18,0,0.09,0.00,0.10,27.73,18,18,0,1.06,1.00,1.10,27.26,18,18,0,0.23,0.20,0.30,26.90,18,18,0
279032,0.35,0.30,0.40,27.78,17,17,0,0.34,0.10,0.60,27.12,17,0,0,0.36,0.30,0.40,27.35,17,17,0,0.51,0.50,0.60,26.93,17,17,0,0.10,0.10,0.10,27.73,17,17,0,1.07,1.00,1.10,27.25,17,17,0,0.24,0.20,0.30,26.91,17,17,0
279544,0.34,0.30,0.40,27.79,18,18,0,0.36,-0.10,0.60,27.11,18,0,0,0.35,0.30,0.40,27.37,18,18,0,0.51,0.50,0.60,26.94,18,18,0,0.09,0.00,0.10,27.73,18,18,0,1.06,1.00,1.10,27.27,18,18,0,0.22,0.20,0.30,26.90,18,18,0
280054,0.36,0.30,0.40,27.80,18,18,0,0.38,0.10,0.70,27.10,18,0,0,0.37,0.30,0.40,27.36,18,18,0,0.50,0.50,0.50,26.94,18,18,0,0.10,0.10,0.10,27.73,18,18,0,1.06,1.00,1.10,27.26,18,18,0,0.23,0.20,0.30,26.90,18,18,0
280561,0.35,0.30,0.40,27.81,18,18,0,0.38,0.10,0.70,27.12,18,0,0,0.36,0.30,0.40,27.36,18,18,0,0.50,0.50,0.50,26.94,18,18,0,0.10,0.10,0.10,27.74,18,18,0,1.08,1.00,1.10,27.26,18,18,0,0.24,0.20,0.30,26.92,18,18,0
281061,0.36,0.30,0.40,27.80,17,17,0,0.34,0.10,0.50,27.10,17,0,0,0.35,0.30,0.40,27.34,17,17,0,0.51,0.50,0.60,26.94,17,17,0,0.10,0.10,0.10,27.75,17,17,0,1.08,1.00,1.20,27.26,17,17,0,0.22,0.20,0.30,26.91,17,17,0
281561,0.35,0.30,0.40,27.81,17,17,0,0.32,0.20,0.40,27.10,17,0,0,0.36,0.30,0.40,27.36,17,17,0,0.50,0.50,0.50,26.93,17,17,0,0.12,0.10,0.20,27.75,17,17,0,1.08,1.00,1.10,27.26,17,17,0,0.24,0.20,0.30,26.91,17,17,0
282061,0.34,0.30,0.40,27.81,17,17,0,0.33,0.00,0.50,27.13,17,0,0,0.37,0.30,0.40,27.36,17,17,0,0.50,0.50,0.50,26.95,17,17,0,0.11,0.10,0.20,27.74,17,17,0,1.08,1.00,1.10,27.24,17,17,0,0.22,0.20,0.30,26.91,17,17,0
282561,0.37,0.30,0.40,27.81,18,18,0,0.32,0.20,0.50,27.11,18,0,0,0.36,0.30,0.40,27.35,18,18,0,0.50,0.50,0.50,26.95,18,18,0,0.09,0.00,0.10,27.75,18,18,0,1.06,1.00,1.10,27.27,18,18,0,0.23,0.20,0.30,26.92,18,18,0
283068,0.37,0.30,0.40,27.81,18,18,0,0.36,0.10,0.70,27.12,18,0,0,0.35,0.30,0.40,27.36,18,18,0,0.50,0.50,0.50,26.95,18,18,0,0.10,0.10,0.10,27.75,18,18,0,1.06,1.00,1.10,27.28,18,18,0,0.26,0.20,0.30,26.90,18,18,0
283568,0.35,0.30,0.40,27.80,17,17,0,0.35,0.20,0.60,27.12,17,0,0,0.37,0.30,0.40,27.36,17,17,0,0.50,0.50,0.50,26.96,17,17,0,0.10,0.10,0.10,27.75,17,17,0,1.06,1.00,1.10,27.28,17,17,0,0.25,0.20,0.30,26.92,17,17,0
284079,0.36,0.30,0.40,27.81,18,18,0,0.33,0.10,0.50,27.13,18,0,0,0.35,0.30,0.40,27.36,18,18,0,0.51,0.50,0.60,26.95,18,18,0,0.10,0.10,0.10,27.74,18,18,0,1.08,1.00,1.10,27.27,18,18,0,0.23,0.20,0.30,26.92,18,18,0
284589,0.34,0.30,0.40,27.81,18,18,0,0.33,0.20,0.50,27.13,18,0,0,0.37,0.30,0.40,27.36,18,18,0,0.50,0.50,0.50,26.96,18,18,0,0.10,0.10,0.10,27.75,18,18,0,1.08,1.00,1.10,27.27,18,18,0,0.25,0.20,0.30,26.92,18,18,0
285101,0.36,0.30,0.40,27.82,18,18,0,0.32,0.20,0.60,27.12,18,0,0,0.37,0.30,0.40,27.37,18,18,0,0.50,0.50,0.50,26.93,18,18,0,0.11,0.10,0.20,27.73,18,18,0,1.06,1.00,1.10,27.28,18,18,0,0.23,0.20,0.30,26.93,18,18,0
285608,0.36,0.30,0.40,27.81,18,18,0,0.41,0.30,0.60,27.11,18,0,0,0.37,0.30,0.40,27.36,18,18,0,0.50,0.50,0.50,26.94,18,18,0,0.09,0.00,0.10,27.74,18,18,0,1.08,1.00,1.10,27.28,18,18,0,0.24,0.20,0.30,26.91,18,18,0
286112,0.37,0.30,0.40,27.81,18,18,0,0.40,0.10,0.70,27.13,18,0,0,0.34,0.30,0.40,27.37,18,18,0,0.51,0.50,0.60,26.94,18,18,0,0.09,0.00,0.10,27.75,18,18,0,1.08,1.00,1.10,27.27,18,18,0,0.25,0.20,0.30,26.92,18,18,0
286625,0.34,0.30,0.40,27.81,18,18,0,0.36,0.20,0.60,27.12,18,0,0,0.33,0.30,0.40,27.37,18,18,0,0.51,0.40,0.60,26.93,18,18,0,0.10,0.10,0.10,27.76,18,18,0,1.06,1.00,1.10,27.30,18,18,0,0.24,0.20,0.30,26.92,18,18,0
287125,0.38,0.30,0.40,27.80,17,17,0,0.33,0.20,0.40,27.14,17,0,0,0.33,0.30,0.40,27.37,17,17,0,0.51,0.50,0.60,26.94,17,17,0,0.10,0.10,0.10,27.75,17,17,0,1.08,1.00,1.10,27.28,17,17,0,0.22,0.20,0.30,26.92,17,17,0
287638,0.36,0.30,0.40,27.82,18,18,0,0.37,0.10,0.70,27.13,18,0,0,0.35,0.30,0.40,27.37,18,18,0,0.51,0.50,0.60,26.96,18,18,0,0.10,0.10,0.10,27.74,18,18,0,1.07,1.00,1.10,27.29,18,18,0,0.23,0.20,0.30,26.92,18,18,0
288138,0.35,0.30,0.40,27.81,17,17,0,0.36,0.20,0.60,27.12,17,0,0,0.37,0.30,0.40,27.39,17,17,0,0.52,0.50,0.60,26.95,17,17,0,0.09,0.00,0.10,27.76,17,17,0,1.07,1.00,1.10,27.27,17,17,0,0.23,0.20,0.30,26.91,17,17,0
288643,0.35,0.30,0.40,27.83,18,18,0,0.39,0.30,0.50,27.12,18,0,0,0.38,0.30,0.40,27.37,18,18,0,0.51,0.50,0.60,26.94,18,18,0,0.11,0.10,0.20,27.74,18,18,0,1.07,1.00,1.10,27.29,18,18,0,0.23,0.20,0.30,26.91,18,18,0
289148,0.34,0.30,0.40,27.81,18,18,0,0.40,0.30,0.60,27.11,18,0,0,0.36,0.30,0.40,27.39,18,18,0,0.52,0.50,0.60,26.94,18,18,0,0.09,0.00,0.10,27.75,18,18,0,1.08,1.00,1.10,27.28,18,18,0,0.23,0.20,0.30,26.93,18,18,0
289658,0.36,0.30,0.40,27.82,18,18,0,0.38,0.30,0.60,27.11,18,0,0,0.37,0.30,0.40,27.37,18,18,0,0.51,0.50,0.60,26.95,18,18,0,0.11,0.10,0.20,27.76,18,18,0,1.06,1.00,1.10,27.28,18,18,0,0.22,0.20,0.30,26.94,18,18,0
290165,0.36,0.30,0.40,27.82,18,18,0,0.35,0.10,0.50,27.14,18,0,0,0.39,0.30,0.40,27.38,18,18,0,0.50,0.50,0.50,26.95,18,18,0,0.09,0.00,0.10,27.74,18,18,0,1.08,1.00,1.10,27.28,18,18,0,0.23,0.20,0.30,26.92,18,18,0
290669,0.36,0.30,0.40,27.82,18,18,0,0.34,0.20,0.50,27.13,18,0,0,0.37,0.30,0.40,27.38,18,18,0,0.51,0.50,0.60,26.95,18,18,0,0.11,0.00,0.20,27.74,18,18,0,1.08,1.00,1.10,27.28,18,18,0,0.22,0.20,0.30,26.91,18,18,0
291181,0.37,0.30,0.40,27.82,18,18,0,0.39,0.20,0.60,27.13,18,0,0,0.37,0.30,0.40,27.39,18,18,0,0.50,0.50,0.50,26.94,18,18,0,0.10,0.00,0.20,27.76,18,18,0,1.07,1.00,1.10,27.27,18,18,0,0.21,0.20,0.30,26.93,18,18,0
291688,0.33,0.30,0.40,27.83,18,18,0,0.42,0.30,0.60,27.13,18,0,0,0.38,0.30,0.40,27.38,18,18,0,0.49,0.40,0.50,26.96,18,18,0,0.10,0.10,0.10,27.76,18,18,0,1.08,1.00,1.10,27.29,18,18,0,0.23,0.20,0.30,26.93,18,18,0
292198,0.36,0.30,0.40,27.82,18,18,0,0.35,0.20,0.50,27.15,18,0,0,0.37,0.30,0.40,27.39,18,18,0,0.51,0.50,0.60,26.96,18,18,0,0.11,0.10,0.20,27.76,18,18,0,1.06,1.00,1.10,27.29,18,18,0,0.22,0.20,0.30,26.94,18,18,0
292705,0.37,0.30,0.40,27.82,18,18,0,0.38,0.20,0.50,27.13,18,0,0,0.35,0.30,0.40,27.37,18,18,0,0.51,0.50,0.60,26.95,18,18,0,0.10,0.00,0.20,27.77,18,18,0,1.07,1.00,1.10,27.28,18,18,0,0.22,0.20,0.30,26.94,18,18,0
293214,0.37,0.30,0.40,27.84,18,18,0,0.42,0.30,0.60,27.13,18,0,0,0.35,0.30,0.40,27.38,18,18,0,0.51,0.50,0.60,26.96,18,18,0,0.11,0.00,0.20,27.75,18,18,0,1.06,1.00,1.10,27.29,18,18,0,0.22,0.20,0.30,26.94,18,18,0
293717,0.36,0.30,0.40,27.83,18,18,0,0.38,0.10,0.70,27.15,18,0,0,0.36,0.30,0.40,27.38,18,18,0,0.50,0.50,0.50,26.94,18,18,0,0.10,0.10,0.10,27.77,18,18,0,1.08,1.00,1.10,27.28,18,18,0,0.24,0.20,0.30,26.93,18,18,0
294222,0.34,0.30,0.40,27.83,18,18,0,0.37,0.10,0.60,27.13,18,0,0,0.37,0.30,0.40,27.38,18,18,0,0.51,0.50,0.60,26.97,18,18,0,0.10,0.10,0.10,27.77,18,18,0,1.08,1.00,1.10,27.29,18,18,0,0.24,0.20,0.30,26.93,18,18,0
294722,0.35,0.30,0.40,27.83,17,17,0,0.38,0.20,0.60,27.13,17,0,0,0.36,0.30,0.40,27.39,17,17,0,0.51,0.50,0.60,26.96,17,17,0,0.09,0.00,0.10,27.75,17,17,0,1.07,1.00,1.10,27.28,17,17,0,0.22,0.20,0.30,26.94,17,17,0
295227,0.36,0.30,0.40,27.82,18,18,0,0.35,0.10,0.50,27.16,18,0,0,0.38,0.30,0.40,27.38,18,18,0,0.50,0.50,0.50,26.98,18,18,0,0.10,0.10,0.10,27.77,18,18,0,1.07,1.00,1.10,27.29,18,18,0,0.23,0.20,0.30,26.93,18,18,0
295737,0.34,0.30,0.40,27.80,18,18,0,0.39,0.20,0.50,27.14,18,0,0,0.37,0.30,0.40,27.38,18,18,0,0.50,0.50,0.50,26.97,18,18,0,0.10,0.00,0.20,27.77,18,18,0,1.07,1.00,1.10,27.29,18,18,0,0.22,0.20,0.30,26.94,18,18,0
296244,0.33,0.30,0.40,27.83,18,18,0,0.37,0.10,0.60,27.14,18,0,0,0.38,0.30,0.40,27.38,18,18,0,0.50,0.50,0.50,26.96,18,18,0,0.09,0.00,0.10,27.76,18,18,0,1.06,1.00,1.10,27.28,18,18,0,0.23,0.20,0.30,26.94,18,18,0
296748,0.35,0.30,0.40,27.82,18,18,0,0.37,0.10,0.70,27.15,18,0,0,0.35,0.30,0.40,27.38,18,18,0,0.50,0.50,0.50,26.98,18,18,0,0.10,0.10,0.10,27.76,18,18,0,1.08,1.00,1.10,27.30,18,18,0,0.23,0.20,0.30,26.94,18,18,0
297248,0.36,0.30,0.40,27.82,17,17,0,0.32,0.10,0.50,27.15,17,0,0,0.37,0.30,0.40,27.38,17,17,0,0.51,0.50,0.60,26.95,17,17,0,0.09,0.00,0.10,27.76,17,17,0,1.07,1.00,1.10,27.29,17,17,0,0.24,0.20,0.30,26.94,17,17,0
297759,0.37,0.30,0.40,27.83,18,18,0,0.41,0.30,0.70,27.16,18,0,0,0.36,0.30,0.40,27.38,18,18,0,0.50,0.50,0.50,26.96,18,18,0,0.11,0.10,0.20,27.76,18,18,0,1.08,1.00,1.10,27.30,18,18,0,0.22,0.20,0.30,26.93,18,18,0
298269,0.36,0.30,0.40,27.82,18,18,0,0.33,0.10,0.60,27.15,18,0,0,0.36,0.30,0.40,27.39,18,18,0,0.51,0.50,0.60,26.97,18,18,0,0.11,0.10,0.20,27.78,18,18,0,1.08,1.00,1.10,27.30,18,18,0,0.23,0.20,0.30,26.95,18,18,0
298776,0.33,0.30,0.40,27.82,18,18,0,0.38,0.30,0.60,27.14,18,0,0,0.36,0.30,0.40,27.38,18,18,0,0.51,0.50,0.60,26.96,18,18,0,0.09,0.00,0.10,27.76,18,18,0,1.07,1.00,1.10,27.29,18,18,0,0.21,0.10,0.30,26.94,18,18,0
299276,0.36,0.30,0.40,27.83,17,17,0,0.40,0.20,0.70,27.14,17,0,0,0.36,0.30,0.40,27.39,17,17,0,0.50,0.50,0.50,26.99,17,17,0,0.11,0.10,0.20,27.77,17,17,0,1.06,1.00,1.10,27.31,17,17,0,0.21,0.20,0.30,26.94,17,17,0
299783,0.36,0.30,0.40,27.83,18,18,0,0.37,0.10,0.60,27.16,18,0,0,0.35,0.30,0.40,27.37,18,18,0,0.51,0.50,0.60,26.97,18,18,0,0.10,0.10,0.10,27.78,18,18,0,1.07,1.00,1.10,27.29,18,18,0,0.23,0.20,0.30,26.95,18,18,0
300283,0.37,0.30,0.40,27.83,18,18,0,0.38,0.10,0.50,27.14,18,0,0,0.38,0.30,0.40,27.39,18,18,0,0.51,0.50,0.60,26.98,18,18,0,0.10,0.00,0.20,27.77,18,18,0,1.06,1.00,1.10,27.30,18,18,0,0.23,0.20,0.30,26.95,18,18,0
300783,0.35,0.30,0.40,27.82,17,17,0,0.35,0.10,0.50,27.13,17,0,0,0.38,0.30,0.40,27.39,17,17,0,0.51,0.50,0.60,26.95,17,17,0,0.09,0.00,0.10,27.76,17,17,0,1.09,1.00,1.10,27.30,17,17,0,0.22,0.20,0.30,26.95,17,17,0
301283,0.37,0.30,0.40,27.82,18,18,0,0.34,0.10,0.50,27.15,18,0,0,0.35,0.30,0.40,27.39,18,18,0,0.50,0.50,0.50,26.99,18,18,0,0.10,0.00,0.20,27.76,18,18,0,1.07,1.00,1.10,27.31,18,18,0,0.23,0.20,0.30,26.96,18,18,0
301793,0.33,0.30,0.40,27.84,18,18,0,0.34,-0.10,0.80,27.14,18,0,0,0.37,0.30,0.40,27.39,18,18,0,0.50,0.40,0.60,26.97,18,18,0,0.11,0.10,0.20,27.78,18,18,0,1.07,1.00,1.10,27.31,18,18,0,0.24,0.20,0.30,26.95,18,18,0
302304,0.37,0.30,0.40,27.83,18,18,0,0.33,-0.70,1.10,27.15,18,0,0,0.35,0.30,0.40,27.39,18,18,0,0.51,0.50,0.60,26.98,18,18,0,0.09,0.00,0.20,27.78,18,18,0,1.09,1.00,1.10,27.30,18,18,0,0.25,0.20,0.30,26.96,18,18,0
302815,0.35,0.30,0.40,27.83,18,18,0,0.33,-1.10,1.70,27.15,18,0,0,0.37,0.30,0.40,27.38,18,18,0,0.51,0.50,0.60,26.98,18,18,0,0.11,0.10,0.20,27.78,18,18,0,1.07,1.00,1.10,27.31,18,18,0,0.24,0.20,0.30,26.96,18,18,0
303328,0.37,0.30,0.40,27.83,18,18,0,0.30,-0.30,1.00,27.16,18,0,0,0.36,0.30,0.40,27.41,18,18,0,0.50,0.50,0.50,26.96,18,18,0,0.10,0.10,0.10,27.78,18,18,0,1.06,1.00,1.10,27.30,18,18,0,0.23,0.20,0.30,26.94,18,18,0
303833,0.36,0.30,0.40,27.81,18,18,0,0.34,0.10,0.60,27.15,18,0,0,0.37,0.30,0.40,27.38,18,18,0,0.52,0.50,0.60,26.98,18,18,0,0.11,0.00,0.20,27.76,18,18,0,1.08,1.00,1.10,27.30,18,18,0,0.23,0.20,0.30,26.94,18,18,0
304342,0.36,0.30,0.40,27.83,18,18,0,0.32,-0.10,0.90,27.15,18,0,0,0.38,0.30,0.40,27.40,18,18,0,0.50,0.50,0.50,26.98,18,18,0,0.11,0.10,0.20,27.77,18,18,0,1.08,1.00,1.10,27.29,18,18,0,0.22,0.20,0.30,26.97,18,18,0
304847,0.35,0.30,0.40,27.84,18,18,0,0.31,0.10,0.70,27.15,18,0,0,0.34,0.30,0.40,27.40,18,18,0,0.50,0.50,0.50,26.98,18,18,0,0.09,0.00,0.10,27.77,18,18,0,1.05,1.00,1.10,27.29,18,18,0,0.22,0.20,0.30,26.95,18,18,0
305347,0.37,0.30,0.40,27.83,17,17,0,0.31,-0.10,0.60,27.15,17,0,0,0.36,0.30,0.40,27.40,17,17,0,0.50,0.50,0.50,26.99,17,17,0,0.11,0.10,0.20,27.77,17,17,0,1.08,1.00,1.10,27.30,17,17,0,0.23,0.20,0.30,26.97,17,17,0
305854,0.36,0.30,0.40,27.84,18,18,0,0.37,0.20,0.60,27.15,18,0,0,0.38,0.30,0.40,27.39,18,18,0,0.50,0.50,0.50,26.97,18,18,0,0.10,0.10,0.10,27.76,18,18,0,1.08,1.00,1.10,27.31,18,18,0,0.24,0.20,0.30,26.96,18,18,0
306365,0.36,0.30,0.40,27.84,18,18,0,0.34,0.20,0.50,27.15,18,0,0,0.36,0.30,0.40,27.40,18,18,0,0.50,0.50,0.50,26.98,18,18,0,0.10,0.10,0.10,27.78,18,18,0,1.07,1.00,1.10,27.31,18,18,0,0.22,0.20,0.30,26.96,18,18,0
306878,0.36,0.30,0.40,27.82,18,18,0,0.24,0.00,0.60,27.18,18,0,0,0.37,0.30,0.40,27.41,18,18,0,0.51,0.50,0.60,26.99,18,18,0,0.09,0.00,0.10,27.77,18,18,0,1.07,1.00,1.10,27.32,18,18,0,0.26,0.20,0.30,26.95,18,18,0
307378,0.36,0.30,0.40,27.83,17,17,0,0.24,-0.10,0.50,27.16,17,0,0,0.36,0.30,0.40,27.39,17,17,0,0.50,0.50,0.50,26.98,17,17,0,0.09,0.00,0.10,27.78,17,17,0,1.05,1.00,1.10,27.31,17,17,0,0.22,0.20,0.30,26.95,17,17,0
307888,0.36,0.30,0.40,27.84,18,18,0,0.22,0.00,0.50,27.16,18,0,0,0.37,0.30,0.40,27.39,18,18,0,0.50,0.50,0.50,26.99,18,18,0,0.10,0.10,0.10,27.78,18,18,0,1.07,1.00,1.10,27.31,18,18,0,0.23,0.20,0.30,26.96,18,18,0
308393,0.34,0.30,0.40,27.83,18,18,0,0.21,-0.10,0.30,27.17,18,0,0,0.37,0.30,0.40,27.38,18,18,0,0.50,0.50,0.50,26.99,18,18,0,0.10,0.10,0.10,27.79,18,18,0,1.05,1.00,1.10,27.30,18,18,0,0.23,0.20,0.30,26.95,18,18,0
308900,0.37,0.30,0.40,27.85,18,18,0,0.24,-0.10,0.50,27.16,18,0,0,0.36,0.30,0.40,27.40,18,18,0,0.51,0.50,0.60,26.98,18,18,0,0.10,0.10,0.10,27.80,18,18,0,1.06,1.00,1.10,27.31,18,18,0,0.22,0.20,0.30,26.96,18,18,0
309400,0.35,0.30,0.40,27.83,17,17,0,0.26,-0.10,0.60,27.16,17,0,0,0.37,0.30,0.40,27.41,17,17,0,0.51,0.50,0.60,27.00,17,17,0,0.09,0.00,0.10,27.78,17,17,0,1.08,1.00,1.10,27.33,17,17,0,0.23,0.20,0.30,26.97,17,17,0
309913,0.37,0.30,0.40,27.84,18,18,0,0.24,0.10,0.40,27.16,18,0,0,0.37,0.30,0.40,27.41,18,18,0,0.50,0.50,0.50,26.98,18,18,0,0.10,0.00,0.20,27.78,18,18,0,1.07,1.00,1.10,27.31,18,18,0,0.25,0.20,0.30,26.97,18,18,0
310413,0.36,0.30,0.40,27.84,17,17,0,0.26,0.10,0.50,27.16,17,0,0,0.36,0.30,0.40,27.41,17,17,0,0.50,0.50,0.50,26.98,17,17,0,0.10,0.10,0.10,27.77,17,17,0,1.06,1.00,1.10,27.32,17,17,0,0.22,0.20,0.30,26.96,17,17,0
310920,0.35,0.30,0.40,27.85,18,18,0,1.71,-1.20,4.80,27.17,18,0,0,0.36,0.30,0.40,27.41,18,18,0,0.50,0.50,0.50,26.99,18,18,0,0.11,0.00,0.20,27.78,18,18,0,1.07,1.00,1.10,27.32,18,18,0,0.25,0.20,0.30,26.96,18,18,0
311420,0.34,0.30,0.40,27.83,17,17,0,20.92,8.40,31.60,27.16,17,0,0,0.35,0.30,0.40,27.42,17,17,0,0.51,0.50,0.60,26.99,17,17,0,0.10,0.10,0.10,27.77,17,17,0,1.05,1.00,1.10,27.31,17,17,0,0.22,0.20,0.30,26.96,17,17,0
311920,0.36,0.30,0.40,27.84,17,17,0,58.22,31.50,83.10,27.14,17,0,0,0.36,0.30,0.40,27.41,17,17,0,0.50,0.50,0.50,26.99,17,17,0,0.10,0.00,0.20,27.78,17,17,0,1.07,1.00,1.10,27.32,17,17,0,0.25,0.20,0.30,26.96,17,17,0
312420,0.34,0.30,0.40,27.85,17,17,0,115.65,88.60,137.30,26.96,17,0,0,0.34,0.30,0.40,27.41,17,17,0,0.49,0.40,0.50,26.99,17,17,0,0.10,0.10,0.10,27.78,17,17,0,1.06,1.00,1.10,27.32,17,17,0,0.25,0.20,0.30,26.97,17,17,0
312923,0.34,0.30,0.40,27.85,17,17,0,45.66,32.80,88.70,26.72,17,0,0,0.38,0.30,0.40,27.39,17,17,0,0.50,0.50,0.50,26.99,17,17,0,0.10,0.10,0.10,27.78,17,17,0,1.07,1.00,1.10,27.31,17,17,0,0.24,0.20,0.30,26.97,17,17,0
313423,0.35,0.30,0.40,27.85,17,17,0,75.08,46.70,106.50,26.67,17,0,0,0.36,0.30,0.40,27.40,17,17,0,0.50,0.50,0.50,27.00,17,17,0,0.09,0.00,0.10,27.79,17,17,0,1.07,1.00,1.10,27.33,17,17,0,0.23,0.20,0.30,26.97,17,17,0
313923,0.36,0.30,0.40,27.86,17,17,0,186.46,116.20,679.60,26.52,17,0,0,0.35,0.30,0.40,27.41,17,17,0,0.50,0.50,0.50,26.97,17,17,0,0.10,0.10,0.10,27.78,17,17,0,1.07,1.00,1.10,27.32,17,17,0,0.24,0.20,0.30,26.98,17,17,0
314423,0.36,0.30,0.40,27.84,18,18,0,232.92,143.00,518.90,26.06,18,0,0,0.38,0.30,0.40,27.41,18,18,0,0.50,0.50,0.50,27.00,18,18,0,0.11,0.10,0.20,27.77,18,18,0,1.05,1.00,1.10,27.31,18,18,0,0.24,0.20,0.30,26.97,18,18,0
314926,0.36,0.30,0.40,27.85,17,17,0,134.15,130.50,144.70,25.89,17,0,0,0.38,0.30,0.40,27.42,17,17,0,0.50,0.50,0.50,26.99,17,17,0,0.10,0.00,0.20,27.78,17,17,0,1.09,1.00,1.10,27.33,17,17,0,0.22,0.10,0.30,26.98,17,17,0
315426,0.34,0.30,0.40,27.86,17,17,0,133.49,128.00,143.70,25.85,17,0,0,0.37,0.30,0.40,27.42,17,17,0,0.50,0.50,0.50,26.99,17,17,0,0.11,0.10,0.20,27.81,17,17,0,1.08,1.00,1.10,27.33,17,17,0,0.23,0.20,0.30,27.00,17,17,0
315926,0.35,0.30,0.40,27.85,17,17,0,133.08,130.80,137.80,25.79,17,0,0,0.36,0.30,0.40,27.42,17,17,0,0.51,0.50,0.60,27.00,17,17,0,0.10,0.10,0.10,27.79,17,17,0,1.08,1.00,1.10,27.31,17,17,0,0.22,0.20,0.30,26.97,17,17,0
316426,0.36,0.30,0.40,27.87,17,17,0,135.91,131.80,140.80,25.73,17,0,0,0.35,0.30,0.40,27.41,17,17,0,0.50,0.50,0.50,27.00,17,17,0,0.10,0.10,0.10,27.80,17,17,0,1.05,1.00,1.10,27.33,17,17,0,0.22,0.20,0.30,26.99,17,17,0
316926,0.35,0.30,0.40,27.85,17,17,0,139.94,136.20,143.80,25.67,17,0,0,0.37,0.30,0.40,27.42,17,17,0,0.51,0.50,0.60,26.99,17,17,0,0.11,0.10,0.20,27.78,17,17,0,1.07,1.00,1.10,27.32,17,17,0,0.22,0.20,0.30,26.97,17,17,0
317426,0.38,0.30,0.40,27.84,17,17,0,145.38,142.20,150.60,25.61,17,0,0,0.37,0.30,0.40,27.42,17,17,0,0.51,0.50,0.60,27.00,17,17,0,0.09,0.00,0.10,27.80,17,17,0,1.06,1.00,1.10,27.33,17,17,0,0.22,0.20,0.30,26.97,17,17,0
317938,0.37,0.30,0.40,27.86,18,18,0,150.11,145.40,154.80,25.58,18,0,0,0.35,0.30,0.40,27.41,18,18,0,0.50,0.50,0.50,27.00,18,18,0,0.10,0.10,0.10,27.79,18,18,0,1.07,1.00,1.10,27.34,18,18,0,0.21,0.20,0.30,26.98,18,18,0
318451,0.36,0.30,0.40,27.86,18,18,0,155.43,150.60,163.00,25.51,18,0,0,0.35,0.30,0.40,27.41,18,18,0,0.50,0.50,0.50,27.01,18,18,0,0.10,0.00,0.20,27.80,18,18,0,1.05,1.00,1.10,27.34,18,18,0,0.22,0.20,0.30,26.97,18,18,0
318951,0.35,0.30,0.40,27.85,17,17,0,160.67,157.10,165.80,25.45,17,0,0,0.36,0.30,0.40,27.43,17,17,0,0.50,0.50,0.50,27.00,17,17,0,0.10,0.10,0.10,27.80,17,17,0,1.08,1.00,1.10,27.33,17,17,0,0.21,0.20,0.30,26.98,17,17,0
319451,0.34,0.30,0.40,27.86,17,17,0,168.34,164.90,172.50,25.40,17,0,0,0.36,0.30,0.40,27.44,17,17,0,0.51,0.50,0.60,27.00,17,17,0,0.09,0.00,0.20,27.81,17,17,0,1.08,1.00,1.10,27.32,17,17,0,0.21,0.20,0.30,26.97,17,17,0
319960,0.38,0.30,0.40,27.85,17,17,0,175.50,170.90,183.10,25.37,17,0,0,0.36,0.30,0.40,27.42,17,17,0,0.50,0.50,0.50,27.00,17,17,0,0.10,0.10,0.10,27.79,17,17,0,1.06,1.00,1.10,27.33,17,17,0,0.21,0.20,0.30,27.00,17,17,0
320460,0.38,0.30,0.40,27.87,17,17,0,181.96,177.30,186.70,25.32,17,0,0,0.36,0.30,0.40,27.42,17,17,0,0.50,0.50,0.50,27.01,17,17,0,0.11,0.10,0.20,27.80,17,17,0,1.06,1.00,1.10,27.35,17,17,0,0.20,0.20,0.20,26.97,17,17,0
320973,0.34,0.30,0.40,27.87,18,18,0,189.87,186.40,198.30,25.26,18,0,0,0.37,0.30,0.40,27.42,18,18,0,0.51,0.50,0.60,27.01,18,18,0,0.09,0.00,0.10,27.79,18,18,0,1.06,1.00,1.10,27.33,18,18,0,0.21,0.20,0.30,26.98,18,18,0
321476,0.35,0.30,0.40,27.86,17,17,0,198.97,194.10,204.30,25.21,17,0,0,0.37,0.30,0.40,27.42,17,17,0,0.51,0.50,0.60,27.00,17,17,0,0.10,0.10,0.10,27.81,17,17,0,1.08,1.00,1.10,27.33,17,17,0,0.22,0.20,0.30,26.99,17,17,0
321976,0.37,0.30,0.40,27.87,18,18,0,208.12,201.40,216.70,25.17,18,0,0,0.37,0.30,0.40,27.41,18,18,0,0.51,0.50,0.60,27.02,18,18,0,0.11,0.10,0.20,27.81,18,18,0,1.07,1.00,1.10,27.34,18,18,0,0.21,0.20,0.30,27.00,18,18,0
322488,0.35,0.30,0.40,27.88,17,17,0,216.48,211.20,222.00,25.14,17,0,0,0.38,0.30,0.40,27.42,17,17,0,0.50,0.50,0.50,27.02,17,17,0,0.10,0.00,0.20,27.81,17,17,0,1.09,1.00,1.10,27.34,17,17,0,0.22,0.20,0.30,26.98,17,17,0
322988,0.36,0.30,0.40,27.87,17,17,0,225.11,220.90,230.30,25.08,17,0,0,0.36,0.30,0.40,27.43,17,17,0,0.49,0.40,0.50,27.00,17,17,0,0.11,0.10,0.20,27.81,17,17,0,1.08,1.00,1.10,27.33,17,17,0,0.24,0.20,0.30,27.00,17,17,0
323490,0.38,0.30,0.40,27.87,17,17,0,232.23,227.60,240.10,25.02,17,0,0,0.36,0.30,0.40,27.43,17,17,0,0.51,0.50,0.60,27.00,17,17,0,0.10,0.10,0.10,27.81,17,17,0,1.08,1.00,1.10,27.34,17,17,0,0.21,0.20,0.30,26.98,17,17,0
323990,0.36,0.30,0.40,27.85,18,18,0,237.51,233.60,243.30,24.99,18,0,0,0.38,0.30,0.40,27.42,18,18,0,0.50,0.50,0.50,27.00,18,18,0,0.09,0.00,0.10,27.80,18,18,0,1.07,1.00,1.10,27.33,18,18,0,0.22,0.20,0.30,27.00,18,18,0
324492,0.37,0.30,0.40,27.86,17,17,0,242.53,239.00,249.30,24.96,17,0,0,0.37,0.30,0.40,27.43,17,17,0,0.50,0.40,0.60,27.00,17,17,0,0.09,0.00,0.10,27.81,17,17,0,1.07,1.00,1.10,27.34,17,17,0,0.21,0.20,0.30,26.99,17,17,0
325004,0.33,0.30,0.40,27.88,18,18,0,247.27,244.10,252.40,24.94,18,0,0,0.37,0.30,0.40,27.43,18,18,0,0.50,0.50,0.50,27.01,18,18,0,0.10,0.10,0.10,27.80,18,18,0,1.08,1.00,1.10,27.33,18,18,0,0.22,0.20,0.30,26.99,18,18,0
325504,0.36,0.30,0.40,27.87,17,17,0,251.52,247.10,259.80,24.90,17,0,0,0.38,0.30,0.40,27.43,17,17,0,0.50,0.50,0.50,27.01,17,17,0,0.11,0.10,0.20,27.80,17,17,0,1.06,1.00,1.10,27.33,17,17,0,0.21,0.20,0.30,26.99,17,17,0
326004,0.35,0.30,0.40,27.87,17,17,0,255.02,252.10,261.30,24.86,17,0,0,0.39,0.30,0.40,27.43,17,17,0,0.51,0.50,0.60,27.01,17,17,0,0.09,0.00,0.10,27.80,17,17,0,1.07,1.00,1.10,27.33,17,17,0,0.22,0.20,0.30,27.01,17,17,0
326504,0.36,0.30,0.40,27.86,17,17,0,259.26,256.40,264.30,24.84,17,0,0,0.36,0.30,0.40,27.43,17,17,0,0.50,0.50,0.50,27.03,17,17,0,0.09,0.00,0.10,27.82,17,17,0,1.07,1.00,1.10,27.34,17,17,0,0.25,0.20,0.30,27.00,17,17,0
327004,0.38,0.30,0.40,27.89,17,17,0,262.21,257.80,267.90,24.81,17,0,0,0.36,0.30,0.40,27.43,17,17,0,0.51,0.50,0.60,27.01,17,17,0,0.10,0.10,0.10,27.80,17,17,0,1.06,1.00,1.10,27.34,17,17,0,0.23,0.20,0.30,27.01,17,17,0
327504,0.38,0.30,0.40,27.88,17,17,0,264.45,260.80,268.80,24.80,17,0,0,0.36,0.30,0.40,27.43,17,17,0,0.50,0.50,0.50,27.01,17,17,0,0.10,0.10,0.10,27.80,17,17,0,1.09,1.00,1.10,27.33,17,17,0,0.22,0.20,0.30,26.99,17,17,0
328017,0.37,0.30,0.40,27.89,18,18,0,267.44,264.20,275.60,24.78,18,0,0,0.38,0.30,0.40,27.44,18,18,0,0.50,0.50,0.50,27.03,18,18,0,0.10,0.10,0.10,27.82,18,18,0,1.08,1.00,1.10,27.35,18,18,0,0.21,0.20,0.30,27.00,18,18,0
328517,0.38,0.30,0.40,27.89,17,17,0,271.58,268.40,276.90,24.76,17,0,0,0.37,0.30,0.40,27.43,17,17,0,0.50,0.50,0.50,27.03,17,17,0,0.10,0.10,0.10,27.81,17,17,0,1.06,1.00,1.10,27.34,17,17,0,0.20,0.20,0.20,27.00,17,17,0
329030,0.36,0.30,0.40,27.87,18,18,0,274.33,267.20,284.00,24.72,18,0,0,0.36,0.30,0.40,27.43,18,18,0,0.51,0.50,0.60,27.02,18,18,0,0.11,0.10,0.20,27.81,18,18,0,1.08,1.00,1.10,27.34,18,18,0,0.24,0.20,0.30,26.99,18,18,0
329530,0.35,0.30,0.40,27.87,17,17,0,276.72,271.50,282.90,24.72,17,0,0,0.36,0.30,0.40,27.45,17,17,0,0.51,0.50,0.60,27.01,17,17,0,0.09,0.00,0.10,27.81,17,17,0,1.07,1.00,1.10,27.34,17,17,0,0.24,0.20,0.30,27.01,17,17,0
330043,0.37,0.30,0.40,27.88,18,18,0,279.11,275.40,284.40,24.69,18,0,0,0.36,0.30,0.40,27.43,18,18,0,0.51,0.50,0.60,27.01,18,18,0,0.10,0.10,0.10,27.82,18,18,0,1.07,1.00,1.10,27.34,18,18,0,0.22,0.20,0.30,27.00,18,18,0
330555,0.36,0.30,0.40,27.87,18,18,0,280.22,276.10,287.70,24.67,18,0,0,0.37,0.30,0.40,27.44,18,18,0,0.51,0.50,0.60,27.03,18,18,0,0.09,0.00,0.20,27.80,18,18,0,1.08,1.00,1.10,27.34,18,18,0,0.22,0.20,0.30,26.99,18,18,0
331055,0.36,0.30,0.40,27.88,17,17,0,279.90,276.20,285.30,24.66,17,0,0,0.36,0.30,0.40,27.43,17,17,0,0.51,0.50,0.60,26.99,17,17,0,0.10,0.10,0.10,27.82,17,17,0,1.08,1.00,1.10,27.35,17,17,0,0.22,0.20,0.30,27.00,17,17,0
331555,0.36,0.30,0.40,27.89,17,17,0,277.94,274.00,286.00,24.66,17,0,0,0.36,0.30,0.40,27.44,17,17,0,0.50,0.50,0.50,27.02,17,17,0,0.10,0.10,0.10,27.80,17,17,0,1.08,1.00,1.10,27.35,17,17,0,0.23,0.20,0.30,27.02,17,17,0
332055,0.34,0.30,0.40,27.88,17,17,0,277.63,274.30,284.00,24.62,17,0,0,0.34,0.30,0.40,27.44,17,17,0,0.51,0.50,0.60,27.02,17,17,0,0.10,0.10,0.10,27.82,17,17,0,1.08,1.00,1.10,27.33,17,17,0,0.22,0.20,0.30,27.00,17,17,0
332555,0.37,0.30,0.40,27.85,17,17,0,275.18,272.90,282.00,24.63,17,0,0,0.37,0.30,0.40,27.44,17,17,0,0.51,0.50,0.60,27.01,17,17,0,0.10,0.10,0.10,27.82,17,17,0,1.06,1.00,1.10,27.34,17,17,0,0.21,0.20,0.30,27.00,17,17,0
333058,0.38,0.30,0.40,27.89,17,17,0,272.46,268.70,278.50,24.61,17,0,0,0.37,0.30,0.40,27.44,17,17,0,0.50,0.40,0.60,27.02,17,17,0,0.09,0.00,0.10,27.82,17,17,0,1.06,1.00,1.10,27.35,17,17,0,0.21,0.20,0.30,26.99,17,17,0
333558,0.36,0.30,0.40,27.87,17,17,0,271.53,268.40,279.30,24.62,17,0,0,0.37,0.30,0.40,27.44,17,17,0,0.50,0.50,0.50,27.00,17,17,0,0.10,0.00,0.20,27.82,17,17,0,1.05,1.00,1.10,27.36,17,17,0,0.24,0.20,0.30,27.00,17,17,0
334058,0.35,0.30,0.40,27.88,17,17,0,270.05,265.90,276.30,24.61,17,0,0,0.36,0.30,0.40,27.43,17,17,0,0.51,0.50,0.60,27.01,17,17,0,0.10,0.10,0.10,27.83,17,17,0,1.04,1.00,1.10,27.34,17,17,0,0.23,0.20,0.30,27.01,17,17,0
334558,0.36,0.30,0.40,27.87,17,17,0,267.71,264.20,273.20,24.60,17,0,0,0.38,0.30,0.40,27.44,17,17,0,0.50,0.50,0.50,27.03,17,17,0,0.11,0.10,0.20,27.82,17,17,0,1.08,1.00,1.10,27.35,17,17,0,0.22,0.20,0.30,27.01,17,17,0
335058,0.37,0.30,0.40,27.88,17,17,0,266.99,263.60,271.80,24.59,17,0,0,0.36,0.30,0.40,27.45,17,17,0,0.51,0.50,0.60,27.02,17,17,0,0.10,0.10,0.10,27.82,17,17,0,1.07,1.00,1.10,27.34,17,17,0,0.24,0.20,0.30,27.00,17,17,0
335558,0.36,0.30,0.40,27.89,17,17,0,266.14,261.80,273.50,24.58,17,0,0,0.36,0.30,0.40,27.44,17,17,0,0.50,0.50,0.50,27.03,17,17,0,0.10,0.10,0.10,27.85,17,17,0,1.06,1.00,1.10,27.35,17,17,0,0.22,0.20,0.30,27.02,17,17,0
336071,0.37,0.30,0.40,27.89,18,18,0,264.73,259.80,271.50,24.58,18,0,0,0.34,0.30,0.40,27.44,18,18,0,0.50,0.50,0.50,27.03,18,18,0,0.09,0.00,0.10,27.85,18,18,0,1.08,1.00,1.10,27.36,18,18,0,0.24,0.20,0.30,27.01,18,18,0
336571,0.35,0.30,0.40,27.88,17,17,0,265.08,262.80,271.70,24.58,17,0,0,0.37,0.30,0.40,27.45,17,17,0,0.50,0.50,0.50,27.03,17,17,0,0.11,0.10,0.20,27.82,17,17,0,1.08,1.00,1.10,27.35,17,17,0,0.22,0.20,0.30,27.01,17,17,0
337071,0.36,0.30,0.40,27.87,17,17,0,265.38,262.10,272.80,24.58,17,0,0,0.35,0.30,0.40,27.46,17,17,0,0.51,0.50,0.60,27.03,17,17,0,0.11,0.10,0.20,27.83,17,17,0,1.08,1.00,1.10,27.36,17,17,0,0.21,0.20,0.30,27.01,17,17,0
337571,0.36,0.30,0.40,27.89,17,17,0,264.19,260.90,271.30,24.56,17,0,0,0.34,0.30,0.40,27.46,17,17,0,0.51,0.50,0.60,27.04,17,17,0,0.11,0.10,0.20,27.83,17,17,0,1.04,1.00,1.10,27.37,17,17,0,0.22,0.20,0.30,27.02,17,17,0
338075,0.35,0.30,0.40,27.88,17,17,0,261.80,257.70,268.00,24.55,17,0,0,0.38,0.30,0.40,27.44,17,17,0,0.50,0.50,0.50,27.02,17,17,0,0.09,0.00,0.10,27.84,17,17,0,1.07,1.00,1.10,27.36,17,17,0,0.21,0.20,0.30,27.01,17,17,0
338575,0.36,0.30,0.40,27.88,17,17,0,261.18,258.70,266.60,24.56,17,0,0,0.37,0.30,0.40,27.44,17,17,0,0.51,0.50,0.60,27.02,17,17,0,0.11,0.00,0.20,27.84,17,17,0,1.07,1.00,1.10,27.37,17,17,0,0.22,0.20,0.30,27.02,17,17,0
339082,0.35,0.30,0.40,27.88,17,17,0,260.36,257.90,267.60,24.56,17,0,0,0.35,0.30,0.40,27.46,17,17,0,0.51,0.50,0.60,27.02,17,17,0,0.10,0.10,0.10,27.83,17,17,0,1.08,1.00,1.10,27.37,17,17,0,0.23,0.20,0.30,27.02,17,17,0
339588,0.38,0.30,0.40,27.88,17,17,0,257.71,254.00,264.30,24.53,17,0,0,0.35,0.30,0.40,27.46,17,17,0,0.51,0.50,0.60,27.03,17,17,0,0.09,0.00,0.10,27.83,17,17,0,1.08,1.00,1.10,27.36,17,17,0,0.24,0.20,0.30,27.01,17,17,0
340088,0.34,0.30,0.40,27.88,17,17,0,254.92,250.60,261.50,24.54,17,0,0,0.38,0.30,0.40,27.45,17,17,0,0.50,0.50,0.50,27.03,17,17,0,0.10,0.10,0.10,27.82,17,17,0,1.06,1.00,1.10,27.35,17,17,0,0.23,0.20,0.30,27.01,17,17,0
340588,0.34,0.30,0.40,27.88,17,17,0,255.19,252.40,262.90,24.53,17,0,0,0.36,0.30,0.40,27.44,17,17,0,0.50,0.50,0.50,27.02,17,17,0,0.11,0.10,0.20,27.83,17,17,0,1.06,1.00,1.10,27.34,17,17,0,0.21,0.20,0.30,27.02,17,17,0
341088,0.37,0.30,0.40,27.89,18,18,0,254.26,250.10,261.20,24.53,18,0,0,0.36,0.30,0.40,27.46,18,18,0,0.50,0.50,0.50,27.03,18,18,0,0.11,0.10,0.20,27.83,18,18,0,1.09,1.00,1.10,27.35,18,18,0,0.21,0.20,0.30,27.02,18,18,0
341588,0.37,0.30,0.40,27.89,16,16,0,253.53,250.40,259.80,24.51,16,0,0,0.36,0.30,0.40,27.45,16,16,0,0.50,0.50,0.50,27.02,16,16,0,0.10,0.10,0.10,27.83,16,16,0,1.06,1.00,1.10,27.36,16,16,0,0.23,0.20,0.30,27.01,16,16,0
342101,0.36,0.30,0.40,27.89,18,18,0,254.62,251.20,261.40,24.53,18,0,0,0.36,0.30,0.40,27.45,18,18,0,0.50,0.50,0.50,27.03,18,18,0,0.10,0.10,0.10,27.83,18,18,0,1.06,1.00,1.10,27.36,18,18,0,0.21,0.20,0.30,27.04,18,18,0
342601,0.34,0.30,0.40,27.90,17,17,0,255.51,251.40,260.30,24.52,17,0,0,0.34,0.30,0.40,27.44,17,17,0,0.50,0.50,0.50,27.03,17,17,0,0.10,0.10,0.10,27.84,17,17,0,1.06,1.00,1.10,27.36,17,17,0,0.21,0.20,0.30,27.02,17,17,0
343101,0.36,0.30,0.40,27.91,17,17,0,254.76,249.90,260.30,24.52,17,0,0,0.36,0.30,0.40,27.46,17,17,0,0.50,0.50,0.50,27.03,17,17,0,0.11,0.10,0.20,27.84,17,17,0,1.10,1.10,1.10,27.36,17,17,0,0.22,0.20,0.30,27.01,17,17,0
343607,0.35,0.30,0.40,27.89,17,17,0,256.34,254.40,263.70,24.50,17,0,0,0.35,0.30,0.40,27.44,17,17,0,0.50,0.50,0.50,27.03,17,17,0,0.11,0.10,0.20,27.84,17,17,0,1.08,1.00,1.10,27.35,17,17,0,0.21,0.20,0.30,27.03,17,17,0
344107,0.35,0.30,0.40,27.90,17,17,0,258.78,255.90,264.30,24.50,17,0,0,0.36,0.30,0.40,27.46,17,17,0,0.50,0.50,0.50,27.03,17,17,0,0.09,0.00,0.10,27.82,17,17,0,1.05,1.00,1.10,27.37,17,17,0,0.21,0.20,0.30,27.02,17,17,0
344620,0.38,0.30,0.40,27.89,18,18,0,258.84,255.10,267.20,24.50,18,0,0,0.36,0.30,0.40,27.45,18,18,0,0.51,0.50,0.60,27.04,18,18,0,0.10,0.10,0.10,27.85,18,18,0,1.07,1.00,1.10,27.38,18,18,0,0.22,0.20,0.30,27.03,18,18,0
345120,0.36,0.30,0.40,27.89,17,17,0,257.77,254.00,263.00,24.51,17,0,0,0.36,0.30,0.40,27.46,17,17,0,0.51,0.50,0.60,27.03,17,17,0,0.09,0.00,0.10,27.84,17,17,0,1.06,1.00,1.10,27.36,17,17,0,0.22,0.20,0.30,27.02,17,17,0
345620,0.35,0.30,0.40,27.89,17,17,0,258.09,255.90,263.70,24.50,17,0,0,0.36,0.30,0.40,27.46,17,17,0,0.50,0.50,0.50,27.04,17,17,0,0.10,0.10,0.10,27.84,17,17,0,1.06,1.00,1.10,27.37,17,17,0,0.22,0.20,0.30,27.04,17,17,0
346120,0.36,0.30,0.40,27.91,17,17,0,258.23,254.40,264.10,24.48,17,0,0,0.37,0.30,0.40,27.45,17,17,0,0.51,0.50,0.60,27.04,17,17,0,0.09,0.00,0.10,27.84,17,17,0,1.07,1.00,1.10,27.37,17,17,0,0.21,0.20,0.30,27.04,17,17,0
346620,0.34,0.30,0.40,27.88,17,17,0,257.13,254.10,263.20,24.47,17,0,0,0.36,0.30,0.40,27.44,17,17,0,0.50,0.50,0.50,27.04,17,17,0,0.09,0.00,0.10,27.85,17,17,0,1.06,1.00,1.10,27.35,17,17,0,0.21,0.20,0.30,27.05,17,17,0
347120,0.36,0.30,0.40,27.88,17,17,0,256.37,252.20,263.10,24.47,17,0,0,0.37,0.30,0.40,27.47,17,17,0,0.51,0.50,0.60,27.04,17,17,0,0.10,0.00,0.20,27.83,17,17,0,1.06,1.00,1.10,27.37,17,17,0,0.22,0.20,0.30,27.02,17,17,0
347625,0.36,0.30,0.40,27.91,17,17,0,257.28,254.80,263.80,24.45,17,0,0,0.35,0.30,0.40,27.47,17,17,0,0.51,0.50,0.60,27.06,17,17,0,0.10,0.10,0.10,27.85,17,17,0,1.08,1.00,1.10,27.36,17,17,0,0.20,0.20,0.20,27.04,17,17,0
348125,0.36,0.30,0.40,27.88,17,17,0,257.42,253.70,266.80,24.45,17,0,0,0.36,0.30,0.40,27.46,17,17,0,0.50,0.50,0.50,27.04,17,17,0,0.10,0.10,0.10,27.84,17,17,0,1.06,1.00,1.10,27.36,17,17,0,0.21,0.20,0.30,27.02,17,17,0
348625,0.35,0.30,0.40,27.88,17,17,0,257.41,253.90,263.80,24.45,17,0,0,0.35,0.30,0.40,27.46,17,17,0,0.51,0.50,0.60,27.04,17,17,0,0.10,0.10,0.10,27.84,17,17,0,1.08,1.00,1.10,27.37,17,17,0,0.22,0.20,0.30,27.04,17,17,0
349137,0.34,0.30,0.40,27.88,18,18,0,259.26,255.10,264.70,24.45,18,0,0,0.35,0.30,0.40,27.45,18,18,0,0.50,0.50,0.50,27.04,18,18,0,0.10,0.10,0.10,27.83,18,18,0,1.06,1.00,1.10,27.37,18,18,0,0.21,0.20,0.30,27.02,18,18,0
349638,0.35,0.30,0.40,27.90,17,17,0,260.26,256.20,268.20,24.45,17,0,0,0.36,0.30,0.40,27.46,17,17,0,0.51,0.50,0.60,27.04,17,17,0,0.11,0.10,0.20,27.85,17,17,0,1.09,1.00,1.10,27.38,17,17,0,0.22,0.20,0.30,27.03,17,17,0
350138,0.34,0.30,0.40,27.90,17,17,0,260.75,256.90,268.80,24.43,17,0,0,0.36,0.30,0.40,27.47,17,17,0,0.51,0.50,0.60,27.04,17,17,0,0.11,0.10,0.20,27.84,17,17,0,1.05,1.00,1.10,27.36,17,17,0,0.21,0.20,0.30,27.02,17,17,0
350638,0.34,0.30,0.40,27.90,17,17,0,263.50,259.90,268.80,24.44,17,0,0,0.35,0.30,0.40,27.45,17,17,0,0.50,0.50,0.50,27.04,17,17,0,0.09,0.00,0.10,27.85,17,17,0,1.07,1.00,1.10,27.37,17,17,0,0.22,0.20,0.30,27.02,17,17,0
351138,0.35,0.30,0.40,27.89,17,17,0,267.42,265.10,273.70,24.43,17,0,0,0.35,0.30,0.40,27.46,17,17,0,0.50,0.50,0.50,27.05,17,17,0,0.10,0.10,0.10,27.84,17,17,0,1.06,1.00,1.10,27.37,17,17,0,0.21,0.20,0.30,27.03,17,17,0
351638,0.35,0.30,0.40,27.88,17,17,0,268.96,265.20,275.20,24.40,17,0,0,0.35,0.30,0.40,27.45,17,17,0,0.50,0.50,0.50,27.05,17,17,0,0.10,0.10,0.10,27.84,17,17,0,1.08,1.00,1.10,27.37,17,17,0,0.22,0.20,0.30,27.05,17,17,0
352143,0.35,0.30,0.40,27.89,17,17,0,269.41,264.70,273.70,24.41,17,0,0,0.36,0.30,0.40,27.47,17,17,0,0.51,0.50,0.60,27.03,17,17,0,0.11,0.10,0.20,27.83,17,17,0,1.08,1.00,1.10,27.37,17,17,0,0.22,0.20,0.30,27.03,17,17,0
352643,0.36,0.30,0.40,27.90,17,17,0,271.66,268.10,278.20,24.39,17,0,0,0.36,0.30,0.40,27.46,17,17,0,0.51,0.50,0.60,27.05,17,17,0,0.11,0.10,0.20,27.84,17,17,0,1.07,1.00,1.10,27.37,17,17,0,0.23,0.20,0.30,27.04,17,17,0
353143,0.35,0.30,0.40,27.90,17,17,0,271.64,268.50,280.60,24.38,17,0,0,0.37,0.30,0.40,27.46,17,17,0,0.50,0.50,0.50,27.04,17,17,0,0.10,0.00,0.20,27.84,17,17,0,1.07,1.00,1.10,27.37,17,17,0,0.21,0.20,0.30,27.03,17,17,0
353643,0.34,0.30,0.40,27.89,17,17,0,271.01,267.40,280.20,24.38,17,0,0,0.38,0.30,0.40,27.47,17,17,0,0.50,0.50,0.50,27.05,17,17,0,0.11,0.10,0.20,27.84,17,17,0,1.06,1.00,1.10,27.37,17,17,0,0.21,0.20,0.30,27.03,17,17,0
354143,0.35,0.30,0.40,27.88,17,17,0,271.04,266.20,277.60,24.39,17,0,0,0.36,0.30,0.40,27.48,17,17,0,0.51,0.50,0.60,27.04,17,17,0,0.10,0.10,0.10,27.84,17,17,0,1.06,1.00,1.10,27.38,17,17,0,0.24,0.20,0.30,27.05,17,17,0
354643,0.36,0.30,0.40,27.88,17,17,0,271.09,268.50,277.90,24.37,17,0,0,0.36,0.30,0.40,27.47,17,17,0,0.49,0.40,0.50,27.04,17,17,0,0.09,0.00,0.10,27.85,17,17,0,1.08,1.00,1.10,27.37,17,17,0,0.22,0.10,0.30,27.05,17,17,0
355155,0.35,0.30,0.40,27.89,18,18,0,270.96,265.70,280.20,24.36,18,0,0,0.38,0.30,0.40,27.47,18,18,0,0.50,0.50,0.50,27.05,18,18,0,0.09,0.00,0.10,27.85,18,18,0,1.08,1.00,1.10,27.39,18,18,0,0.22,0.20,0.30,27.03,18,18,0
355655,0.35,0.30,0.40,27.90,17,17,0,270.46,266.50,277.20,24.37,17,0,0,0.36,0.30,0.40,27.46,17,17,0,0.50,0.50,0.50,27.05,17,17,0,0.10,0.10,0.10,27.85,17,17,0,1.08,1.00,1.10,27.38,17,17,0,0.21,0.20,0.30,27.06,17,17,0
356155,0.34,0.30,0.40,27.89,17,17,0,271.64,268.70,279.20,24.36,17,0,0,0.34,0.30,0.40,27.48,17,17,0,0.50,0.40,0.60,27.06,17,17,0,0.11,0.10,0.20,27.84,17,17,0,1.06,1.00,1.10,27.38,17,17,0,0.22,0.20,0.30,27.03,17,17,0
356655,0.35,0.30,0.40,27.89,17,17,0,271.86,267.90,278.80,24.36,17,0,0,0.36,0.30,0.40,27.48,17,17,0,0.50,0.50,0.50,27.05,17,17,0,0.10,0.10,0.10,27.85,17,17,0,1.07,1.00,1.10,27.38,17,17,0,0.22,0.20,0.30,27.04,17,17,0
357158,0.35,0.30,0.40,27.90,17,17,0,270.79,266.90,277.20,24.34,17,0,0,0.35,0.30,0.40,27.47,17,17,0,0.49,0.40,0.50,27.04,17,17,0,0.09,0.00,0.10,27.83,17,17,0,1.04,1.00,1.10,27.37,17,17,0,0.22,0.20,0.30,27.04,17,17,0
357663,0.33,0.30,0.40,27.90,17,17,0,272.83,269.40,278.80,24.34,17,0,0,0.37,0.30,0.40,27.46,17,17,0,0.50,0.50,0.50,27.05,17,17,0,0.10,0.10,0.10,27.86,17,17,0,1.06,1.00,1.10,27.38,17,17,0,0.24,0.20,0.30,27.04,17,17,0
358175,0.35,0.30,0.40,27.89,17,17,0,274.74,271.40,283.80,24.33,17,0,0,0.35,0.30,0.40,27.46,17,17,0,0.50,0.50,0.50,27.04,17,17,0,0.10,0.10,0.10,27.86,17,17,0,1.06,1.00,1.10,27.38,17,17,0,0.22,0.20,0.30,27.05,17,17,0
358675,0.35,0.30,0.40,27.89,17,17,0,275.11,270.00,282.80,24.35,17,0,0,0.32,0.30,0.40,27.46,17,17,0,0.50,0.50,0.50,27.05,17,17,0,0.11,0.10,0.20,27.85,17,17,0,1.07,1.00,1.10,27.38,17,17,0,0.22,0.20,0.30,27.03,17,17,0
359188,0.36,0.30,0.40,27.89,18,18,0,274.09,269.70,281.00,24.34,18,0,0,0.36,0.30,0.40,27.47,18,18,0,0.49,0.40,0.50,27.05,18,18,0,0.10,0.10,0.10,27.85,18,18,0,1.09,1.00,1.10,27.38,18,18,0,0.22,0.20,0.30,27.05,18,18,0
359690,0.35,0.30,0.40,27.90,17,17,0,273.55,270.80,282.40,24.33,17,0,0,0.34,0.30,0.40,27.48,17,17,0,0.50,0.50,0.50,27.05,17,17,0,0.11,0.10,0.20,27.86,17,17,0,1.06,1.00,1.10,27.38,17,17,0,0.23,0.20,0.30,27.03,17,17,0
360191,0.35,0.30,0.40,27.89,17,17,0,272.07,268.90,281.50,24.34,17,0,0,0.36,0.30,0.40,27.46,17,17,0,0.50,0.50,0.50,27.05,17,17,0,0.10,0.10,0.10,27.86,17,17,0,1.09,1.00,1.10,27.37,17,17,0,0.23,0.20,0.30,27.05,17,17,0
360691,0.35,0.30,0.40,27.91,17,17,0,269.87,266.10,277.80,24.34,17,0,0,0.35,0.30,0.40,27.48,17,17,0,0.50,0.50,0.50,27.06,17,17,0,0.10,0.10,0.10,27.85,17,17,0,1.05,1.00,1.10,27.39,17,17,0,0.23,0.20,0.30,27.05,17,17,0
361191,0.38,0.30,0.40,27.89,18,18,0,268.02,263.20,274.30,24.31,18,0,0,0.37,0.30,0.40,27.48,18,18,0,0.50,0.50,0.50,27.05,18,18,0,0.10,0.10,0.10,27.86,18,18,0,1.08,1.00,1.10,27.38,18,18,0,0.23,0.20,0.30,27.04,18,18,0
361691,0.36,0.30,0.40,27.87,16,16,0,268.32,265.20,277.00,24.33,16,0,0,0.35,0.30,0.40,27.46,16,16,0,0.50,0.50,0.50,27.06,16,16,0,0.09,0.00,0.10,27.86,16,16,0,1.07,1.00,1.10,27.37,16,16,0,0.21,0.20,0.30,27.04,16,16,0
362191,0.34,0.30,0.40,27.89,18,18,0,267.90,263.30,276.10,24.32,18,0,0,0.37,0.30,0.40,27.47,18,18,0,0.50,0.50,0.50,27.04,18,18,0,0.09,0.00,0.10,27.86,18,18,0,1.07,1.00,1.10,27.38,18,18,0,0.23,0.20,0.30,27.04,18,18,0
362699,0.34,0.30,0.40,27.90,17,17,0,266.76,262.70,271.40,24.33,17,0,0,0.37,0.30,0.40,27.49,17,17,0,0.50,0.50,0.50,27.03,17,17,0,0.09,0.00,0.10,27.87,17,17,0,1.05,1.00,1.10,27.39,17,17,0,0.23,0.20,0.30,27.05,17,17,0
363199,0.36,0.30,0.40,27.89,17,17,0,266.36,262.80,275.60,24.30,17,0,0,0.37,0.30,0.40,27.49,17,17,0,0.49,0.40,0.50,27.06,17,17,0,0.10,0.10,0.10,27.85,17,17,0,1.07,1.00,1.10,27.39,17,17,0,0.22,0.20,0.30,27.05,17,17,0
363699,0.33,0.30,0.40,27.91,17,17,0,266.26,262.70,275.00,24.32,17,0,0,0.36,0.30,0.40,27.49,17,17,0,0.50,0.50,0.50,27.06,17,17,0,0.11,0.10,0.20,27.87,17,17,0,1.08,1.00,1.10,27.38,17,17,0,0.25,0.20,0.30,27.04,17,17,0
364199,0.34,0.30,0.40,27.89,17,17,0,265.32,261.80,273.60,24.30,17,0,0,0.35,0.30,0.40,27.48,17,17,0,0.50,0.50,0.50,27.06,17,17,0,0.11,0.10,0.20,27.88,17,17,0,1.08,1.00,1.10,27.38,17,17,0,0.22,0.20,0.30,27.05,17,17,0
364708,0.33,0.30,0.40,27.89,18,18,0,267.63,264.30,274.20,24.29,18,0,0,0.36,0.30,0.40,27.49,18,18,0,0.50,0.50,0.50,27.05,18,18,0,0.09,0.00,0.10,27.86,18,18,0,1.07,1.00,1.10,27.38,18,18,0,0.23,0.20,0.30,27.04,18,18,0
365208,0.33,0.30,0.40,27.89,17,17,0,269.83,266.60,278.00,24.31,17,0,0,0.36,0.30,0.40,27.47,17,17,0,0.50,0.50,0.50,27.05,17,17,0,0.10,0.10,0.10,27.85,17,17,0,1.08,1.00,1.10,27.39,17,17,0,0.23,0.20,0.30,27.04,17,17,0
365721,0.35,0.30,0.40,27.90,18,18,0,270.39,266.40,276.30,24.29,18,0,0,0.36,0.30,0.40,27.49,18,18,0,0.51,0.50,0.60,27.04,18,18,0,0.09,0.00,0.10,27.86,18,18,0,1.08,1.00,1.10,27.38,18,18,0,0.22,0.20,0.30,27.03,18,18,0
366221,0.35,0.30,0.40,27.88,17,17,0,269.93,265.50,277.40,24.30,17,0,0,0.36,0.30,0.40,27.47,17,17,0,0.49,0.40,0.50,27.06,17,17,0,0.10,0.10,0.10,27.85,17,17,0,1.08,1.00,1.10,27.38,17,17,0,0.22,0.20,0.30,27.06,17,17,0
366721,0.35,0.30,0.40,27.89,17,17,0,269.18,266.20,277.90,24.29,17,0,0,0.35,0.30,0.40,27.48,17,17,0,0.51,0.50,0.60,27.06,17,17,0,0.09,0.00,0.10,27.86,17,17,0,1.08,1.00,1.10,27.37,17,17,0,0.22,0.20,0.30,27.04,17,17,0
367221,0.34,0.30,0.40,27.90,17,17,0,268.15,264.70,276.80,24.29,17,0,0,0.34,0.30,0.40,27.48,17,17,0,0.51,0.50,0.60,27.06,17,17,0,0.11,0.10,0.20,27.87,17,17,0,1.08,1.00,1.10,27.38,17,17,0,0.23,0.20,0.30,27.04,17,17,0
367721,0.34,0.30,0.40,27.90,18,18,0,266.66,263.30,272.60,24.29,18,0,0,0.35,0.30,0.40,27.48,18,18,0,0.50,0.50,0.50,27.06,18,18,0,0.10,0.00,0.20,27.86,18,18,0,1.08,1.00,1.10,27.39,18,18,0,0.23,0.20,0.30,27.04,18,18,0
368229,0.34,0.30,0.40,27.88,17,17,0,265.26,261.00,272.10,24.29,17,0,0,0.36,0.30,0.40,27.47,17,17,0,0.51,0.40,0.60,27.06,17,17,0,0.10,0.10,0.10,27.86,17,17,0,1.07,1.00,1.10,27.38,17,17,0,0.24,0.20,0.30,27.04,17,17,0
368729,0.33,0.30,0.40,27.89,17,17,0,265.11,261.80,270.50,24.29,17,0,0,0.36,0.30,0.40,27.47,17,17,0,0.51,0.50,0.60,27.07,17,17,0,0.10,0.00,0.20,27.87,17,17,0,1.08,1.00,1.10,27.38,17,17,0,0.22,0.20,0.30,27.06,17,17,0
369242,0.35,0.30,0.40,27.88,18,18,0,264.01,260.00,271.20,24.28,18,0,0,0.37,0.30,0.40,27.48,18,18,0,0.50,0.50,0.50,27.05,18,18,0,0.10,0.10,0.10,27.87,18,18,0,1.04,1.00,1.10,27.40,18,18,0,0.21,0.20,0.30,27.04,18,18,0
369747,0.34,0.30,0.40,27.89,17,17,0,263.06,258.90,268.80,24.28,17,0,0,0.35,0.30,0.40,27.48,17,17,0,0.49,0.40,0.50,27.05,17,17,0,0.11,0.10,0.20,27.86,17,17,0,1.06,1.00,1.10,27.39,17,17,0,0.22,0.20,0.30,27.07,17,17,0
370256,0.35,0.30,0.40,27.90,17,17,0,262.58,259.40,268.80,24.30,17,0,0,0.36,0.30,0.40,27.48,17,17,0,0.49,0.40,0.50,27.06,17,17,0,0.10,0.10,0.10,27.86,17,17,0,1.07,1.00,1.10,27.38,17,17,0,0.21,0.20,0.30,27.04,17,17,0
370756,0.35,0.30,0.40,27.90,17,17,0,262.16,259.60,271.20,24.28,17,0,0,0.37,0.30,0.40,27.48,17,17,0,0.50,0.50,0.50,27.07,17,17,0,0.10,0.10,0.10,27.88,17,17,0,1.08,1.00,1.10,27.37,17,17,0,0.22,0.20,0.30,27.06,17,17,0
371256,0.35,0.30,0.40,27.90,17,17,0,261.97,258.00,269.80,24.27,17,0,0,0.36,0.30,0.40,27.48,17,17,0,0.50,0.50,0.50,27.05,17,17,0,0.11,0.10,0.20,27.86,17,17,0,1.08,1.00,1.10,27.39,17,17,0,0.23,0.20,0.30,27.05,17,17,0
371756,0.35,0.30,0.40,27.89,17,17,0,263.19,259.50,270.70,24.28,17,0,0,0.36,0.30,0.40,27.50,17,17,0,0.50,0.50,0.50,27.07,17,17,0,0.10,0.10,0.10,27.86,17,17,0,1.05,1.00,1.10,27.37,17,17,0,0.21,0.20,0.30,27.05,17,17,0
372256,0.34,0.30,0.40,27.89,17,17,0,266.15,262.20,272.50,24.28,17,0,0,0.36,0.30,0.40,27.47,17,17,0,0.50,0.50,0.50,27.05,17,17,0,0.10,0.10,0.10,27.88,17,17,0,1.08,1.00,1.10,27.37,17,17,0,0.22,0.20,0.30,27.05,17,17,0
372756,0.36,0.30,0.40,27.88,17,17,0,266.22,261.60,272.10,24.26,17,0,0,0.35,0.30,0.40,27.48,17,17,0,0.50,0.50,0.50,27.04,17,17,0,0.10,0.10,0.10,27.87,17,17,0,1.08,1.00,1.10,27.39,17,17,0,0.22,0.20,0.30,27.06,17,17,0
373256,0.35,0.30,0.40,27.90,17,17,0,265.14,261.40,272.70,24.28,17,0,0,0.36,0.30,0.40,27.50,17,17,0,0.50,0.50,0.50,27.06,17,17,0,0.10,0.10,0.10,27.88,17,17,0,1.07,1.00,1.10,27.39,17,17,0,0.22,0.20,0.30,27.05,17,17,0
373756,0.35,0.30,0.40,27.89,17,17,0,264.44,261.50,271.90,24.26,17,0,0,0.37,0.30,0.40,27.48,17,17,0,0.50,0.50,0.50,27.04,17,17,0,0.10,0.10,0.10,27.88,17,17,0,1.08,1.00,1.10,27.39,17,17,0,0.21,0.20,0.30,27.05,17,17,0
374256,0.34,0.30,0.40,27.90,17,17,0,263.60,260.20,272.40,24.26,17,0,0,0.37,0.30,0.40,27.50,17,17,0,0.50,0.50,0.50,27.05,17,17,0,0.10,0.00,0.20,27.87,17,17,0,1.06,1.00,1.10,27.38,17,17,0,0.22,0.20,0.30,27.05,17,17,0
374756,0.31,0.30,0.40,27.89,17,17,0,261.95,258.10,267.30,24.25,17,0,0,0.35,0.30,0.40,27.48,17,17,0,0.51,0.50,0.60,27.07,17,17,0,0.10,0.10,0.10,27.87,17,17,0,1.07,1.00,1.10,27.39,17,17,0,0.21,0.20,0.30,27.06,17,17,0
375256,0.34,0.30,0.40,27.88,17,17,0,261.95,259.30,266.90,24.26,17,0,0,0.36,0.30,0.40,27.48,17,17,0,0.50,0.50,0.50,27.06,17,17,0,0.09,0.00,0.10,27.88,17,17,0,1.05,1.00,1.10,27.38,17,17,0,0.21,0.20,0.30,27.05,17,17,0
375767,0.34,0.30,0.40,27.88,18,18,0,261.45,258.40,267.00,24.25,18,0,0,0.36,0.30,0.40,27.47,18,18,0,0.51,0.50,0.60,27.05,18,18,0,0.10,0.10,0.10,27.87,18,18,0,1.08,1.00,1.10,27.39,18,18,0,0.22,0.20,0.30,27.06,18,18,0
376267,0.35,0.30,0.40,27.89,17,17,0,259.79,256.20,266.30,24.24,17,0,0,0.35,0.30,0.40,27.50,17,17,0,0.51,0.50,0.60,27.06,17,17,0,0.09,0.00,0.10,27.87,17,17,0,1.08,1.00,1.10,27.37,17,17,0,0.22,0.20,0.30,27.06,17,17,0
376767,0.39,0.30,0.40,27.88,17,17,0,258.38,255.10,263.80,24.26,17,0,0,0.35,0.30,0.40,27.48,17,17,0,0.50,0.50,0.50,27.07,17,17,0,0.10,0.00,0.20,27.87,17,17,0,1.06,1.00,1.10,27.39,17,17,0,0.23,0.20,0.30,27.07,17,17,0
377267,0.34,0.30,0.40,27.88,17,17,0,258.32,255.40,264.70,24.24,17,0,0,0.35,0.30,0.40,27.48,17,17,0,0.50,0.50,0.50,27.06,17,17,0,0.09,0.00,0.20,27.86,17,17,0,1.07,1.00,1.10,27.40,17,17,0,0.24,0.20,0.30,27.06,17,17,0
377767,0.34,0.30,0.40,27.89,16,16,0,258.09,254.30,267.20,24.24,16,0,0,0.38,0.30,0.40,27.50,16,16,0,0.50,0.50,0.50,27.04,16,16,0,0.11,0.10,0.20,27.87,16,16,0,1.08,1.00,1.10,27.40,16,16,0,0.23,0.20,0.30,27.05,16,16,0
378267,0.34,0.30,0.40,27.90,17,17,0,258.21,255.00,265.50,24.26,17,0,0,0.38,0.30,0.40,27.50,17,17,0,0.50,0.50,0.50,27.06,17,17,0,0.11,0.10,0.20,27.87,17,17,0,1.06,1.00,1.10,27.38,17,17,0,0.23,0.20,0.30,27.05,17,17,0
378767,0.35,0.30,0.40,27.90,18,18,0,259.47,256.20,267.60,24.25,18,0,0,0.38,0.30,0.40,27.50,18,18,0,0.50,0.50,0.50,27.06,18,18,0,0.10,0.10,0.10,27.89,18,18,0,1.07,1.00,1.10,27.39,18,18,0,0.22,0.20,0.30,27.06,18,18,0
379275,0.34,0.30,0.40,27.88,17,17,0,261.82,257.30,266.40,24.24,17,0,0,0.36,0.30,0.40,27.48,17,17,0,0.50,0.50,0.50,27.07,17,17,0,0.11,0.10,0.20,27.86,17,17,0,1.06,1.00,1.10,27.38,17,17,0,0.21,0.20,0.30,27.07,17,17,0
379775,0.34,0.30,0.40,27.90,17,17,0,262.04,259.20,269.40,24.24,17,0,0,0.36,0.30,0.40,27.50,17,17,0,0.50,0.50,0.50,27.06,17,17,0,0.09,0.00,0.10,27.88,17,17,0,1.07,1.00,1.10,27.38,17,17,0,0.24,0.20,0.30,27.07,17,17,0
380275,0.34,0.30,0.40,27.88,18,18,0,261.27,257.20,266.70,24.23,18,0,0,0.34,0.30,0.40,27.50,18,18,0,0.50,0.50,0.50,27.07,18,18,0,0.10,0.10,0.10,27.89,18,18,0,1.08,1.00,1.10,27.37,18,18,0,0.22,0.20,0.30,27.05,18,18,0
380784,0.35,0.30,0.40,27.90,17,17,0,260.74,258.20,267.80,24.25,17,0,0,0.36,0.30,0.40,27.49,17,17,0,0.51,0.50,0.60,27.06,17,17,0,0.11,0.10,0.20,27.88,17,17,0,1.06,1.00,1.10,27.39,17,17,0,0.21,0.20,0.30,27.04,17,17,0
381284,0.32,0.30,0.40,27.90,17,17,0,258.97,255.10,267.30,24.22,17,0,0,0.37,0.30,0.40,27.50,17,17,0,0.50,0.50,0.50,27.05,17,17,0,0.09,0.00,0.10,27.88,17,17,0,1.07,1.00,1.10,27.39,17,17,0,0.22,0.20,0.30,27.06,17,17,0
381784,0.34,0.30,0.40,27.89,17,17,0,255.74,252.30,263.00,24.23,17,0,0,0.36,0.30,0.40,27.49,17,17,0,0.50,0.50,0.50,27.07,17,17,0,0.09,0.00,0.10,27.88,17,17,0,1.06,1.00,1.10,27.39,17,17,0,0.22,0.20,0.30,27.05,17,17,0
382284,0.35,0.30,0.40,27.89,17,17,0,254.95,252.20,260.40,24.25,17,0,0,0.36,0.30,0.40,27.50,17,17,0,0.50,0.50,0.50,27.07,17,17,0,0.08,0.00,0.10,27.88,17,17,0,1.06,1.00,1.10,27.39,17,17,0,0.22,0.20,0.30,27.06,17,17,0
382797,0.34,0.30,0.40,27.90,18,18,0,253.29,250.20,260.70,24.22,18,0,0,0.37,0.30,0.40,27.50,18,18,0,0.50,0.50,0.50,27.06,18,18,0,0.11,0.10,0.20,27.88,18,18,0,1.06,1.00,1.10,27.38,18,18,0,0.21,0.20,0.30,27.07,18,18,0
383297,0.33,0.30,0.40,27.89,17,17,0,251.46,247.40,256.40,24.23,17,0,0,0.38,0.30,0.40,27.49,17,17,0,0.50,0.50,0.50,27.06,17,17,0,0.11,0.10,0.20,27.87,17,17,0,1.07,1.00,1.10,27.38,17,17,0,0.22,0.20,0.30,27.05,17,17,0
383810,0.34,0.30,0.40,27.91,18,18,0,250.66,247.20,256.10,24.24,18,0,0,0.36,0.30,0.40,27.49,18,18,0,0.50,0.50,0.50,27.06,18,18,0,0.09,0.00,0.20,27.87,18,18,0,1.08,1.00,1.10,27.40,18,18,0,0.23,0.20,0.30,27.06,18,18,0
384322,0.36,0.30,0.40,27.91,18,18,0,250.95,248.10,257.30,24.24,18,0,0,0.34,0.30,0.40,27.49,18,18,0,0.51,0.50,0.60,27.06,18,18,0,0.11,0.10,0.20,27.88,18,18,0,1.09,1.00,1.10,27.39,18,18,0,0.22,0.20,0.30,27.07,18,18,0
384822,0.34,0.30,0.40,27.90,17,17,0,251.22,247.20,258.10,24.23,17,0,0,0.32,0.30,0.40,27.51,17,17,0,0.50,0.50,0.50,27.06,17,17,0,0.11,0.10,0.20,27.90,17,17,0,1.09,1.00,1.10,27.40,17,17,0,0.22,0.20,0.30,27.06,17,17,0
385322,0.36,0.30,0.40,27.90,17,17,0,251.81,248.30,258.10,24.23,17,0,0,0.35,0.30,0.40,27.49,17,17,0,0.50,0.50,0.50,27.04,17,17,0,0.10,0.10,0.10,27.89,17,17,0,1.06,1.00,1.10,27.40,17,17,0,0.22,0.20,0.30,27.06,17,17,0
385825,0.35,0.30,0.40,27.89,17,17,0,253.96,250.30,259.40,24.23,17,0,0,0.34,0.30,0.40,27.51,17,17,0,0.50,0.50,0.50,27.07,17,17,0,0.10,0.10,0.10,27.89,17,17,0,1.06,1.00,1.10,27.40,17,17,0,0.22,0.20,0.30,27.07,17,17,0
386325,0.35,0.30,0.40,27.91,17,17,0,256.89,252.10,264.60,24.23,17,0,0,0.34,0.30,0.40,27.50,17,17,0,0.49,0.40,0.50,27.06,17,17,0,0.10,0.10,0.10,27.87,17,17,0,1.08,1.00,1.10,27.40,17,17,0,0.21,0.20,0.30,27.07,17,17,0
386825,0.37,0.30,0.40,27.92,17,17,0,257.86,254.30,263.90,24.22,17,0,0,0.34,0.30,0.40,27.50,17,17,0,0.50,0.50,0.50,27.04,17,17,0,0.09,0.00,0.10,27.89,17,17,0,1.07,1.00,1.10,27.41,17,17,0,0.23,0.20,0.30,27.06,17,17,0
387325,0.35,0.30,0.40,27.90,17,17,0,258.61,254.90,263.80,24.23,17,0,0,0.32,0.30,0.40,27.49,17,17,0,0.50,0.50,0.50,27.07,17,17,0,0.11,0.10,0.20,27.89,17,17,0,1.06,1.00,1.10,27.39,17,17,0,0.21,0.20,0.30,27.07,17,17,0
387825,0.35,0.30,0.40,27.91,17,17,0,258.66,255.30,264.70,24.22,17,0,0,0.33,0.30,0.40,27.50,17,17,0,0.50,0.50,0.50,27.06,17,17,0,0.11,0.10,0.20,27.87,17,17,0,1.06,1.00,1.10,27.40,17,17,0,0.22,0.20,0.30,27.07,17,17,0
388334,0.34,0.30,0.40,27.89,18,18,0,256.08,252.80,263.10,24.21,18,0,0,0.35,0.30,0.40,27.49,18,18,0,0.50,0.50,0.50,27.07,18,18,0,0.10,0.10,0.10,27.90,18,18,0,1.08,1.00,1.10,27.40,18,18,0,0.22,0.20,0.30,27.08,18,18,0
388834,0.33,0.30,0.40,27.90,17,17,0,254.06,249.90,260.80,24.22,17,0,0,0.34,0.30,0.40,27.49,17,17,0,0.50,0.50,0.50,27.07,17,17,0,0.10,0.00,0.20,27.87,17,17,0,1.08,1.00,1.10,27.40,17,17,0,0.22,0.20,0.30,27.07,17,17,0
389334,0.34,0.30,0.40,27.90,17,17,0,254.26,249.80,260.50,24.23,17,0,0,0.32,0.30,0.40,27.49,17,17,0,0.50,0.50,0.50,27.06,17,17,0,0.10,0.10,0.10,27.89,17,17,0,1.06,1.00,1.10,27.40,17,17,0,0.22,0.20,0.30,27.07,17,17,0
389843,0.34,0.30,0.40,27.90,18,18,0,253.19,249.20,260.30,24.22,18,0,0,0.32,0.30,0.40,27.49,18,18,0,0.50,0.50,0.50,27.06,18,18,0,0.08,0.00,0.10,27.90,18,18,0,1.08,1.00,1.10,27.40,18,18,0,0.23,0.20,0.30,27.07,18,18,0
390355,0.34,0.30,0.40,27.90,18,18,0,252.20,248.90,260.50,24.21,18,0,0,0.36,0.30,0.40,27.51,18,18,0,0.51,0.50,0.60,27.07,18,18,0,0.10,0.10,0.10,27.88,18,18,0,1.06,1.00,1.10,27.39,18,18,0,0.23,0.20,0.30,27.08,18,18,0
390855,0.33,0.30,0.40,27.91,17,17,0,251.38,247.60,257.90,24.21,17,0,0,0.35,0.30,0.40,27.49,17,17,0,0.50,0.50,0.50,27.05,17,17,0,0.11,0.10,0.20,27.90,17,17,0,1.06,1.00,1.10,27.39,17,17,0,0.21,0.20,0.30,27.06,17,17,0
391368,0.31,0.30,0.40,27.91,18,18,0,251.62,248.80,258.10,24.23,18,0,0,0.39,0.30,0.40,27.51,18,18,0,0.50,0.50,0.50,27.06,18,18,0,0.11,0.10,0.20,27.89,18,18,0,1.07,1.00,1.10,27.40,18,18,0,0.23,0.20,0.30,27.07,18,18,0
391868,0.33,0.30,0.40,27.90,17,17,0,251.74,247.40,260.30,24.22,17,0,0,0.36,0.30,0.40,27.51,17,17,0,0.50,0.50,0.50,27.06,17,17,0,0.10,0.00,0.20,27.88,17,17,0,1.07,1.00,1.10,27.40,17,17,0,0.22,0.20,0.30,27.08,17,17,0
392381,0.35,0.30,0.40,27.90,18,18,0,251.58,247.10,258.20,24.19,18,0,0,0.36,0.30,0.40,27.51,18,18,0,0.50,0.50,0.50,27.07,18,18,0,0.09,0.00,0.10,27.90,18,18,0,1.06,1.00,1.10,27.41,18,18,0,0.24,0.20,0.30,27.07,18,18,0
392881,0.34,0.30,0.40,27.90,17,17,0,252.51,248.90,259.40,24.21,17,0,0,0.36,0.30,0.40,27.52,17,17,0,0.51,0.50,0.60,27.07,17,17,0,0.10,0.00,0.20,27.89,17,17,0,1.06,1.00,1.10,27.40,17,17,0,0.21,0.20,0.30,27.08,17,17,0
393381,0.34,0.30,0.40,27.90,17,17,0,255.10,250.60,263.00,24.20,17,0,0,0.37,0.30,0.40,27.50,17,17,0,0.50,0.50,0.50,27.09,17,17,0,0.09,0.00,0.10,27.89,17,17,0,1.06,1.00,1.10,27.39,17,17,0,0.21,0.20,0.30,27.06,17,17,0
393881,0.34,0.30,0.40,27.91,17,17,0,255.99,253.30,263.60,24.21,17,0,0,0.36,0.30,0.40,27.50,17,17,0,0.51,0.50,0.60,27.06,17,17,0,0.10,0.10,0.10,27.88,17,17,0,1.05,1.00,1.10,27.40,17,17,0,0.22,0.20,0.30,27.07,17,17,0
394381,0.34,0.30,0.40,27.91,18,18,0,255.26,251.40,260.60,24.20,18,0,0,0.35,0.30,0.40,27.51,18,18,0,0.50,0.50,0.50,27.06,18,18,0,0.10,0.10,0.10,27.87,18,18,0,1.08,1.00,1.10,27.39,18,18,0,0.21,0.20,0.30,27.07,18,18,0
394885,0.35,0.30,0.40,27.90,17,17,0,254.33,250.90,261.90,24.19,17,0,0,0.33,0.30,0.40,27.51,17,17,0,0.50,0.50,0.50,27.08,17,17,0,0.08,0.00,0.10,27.89,17,17,0,1.06,1.00,1.10,27.41,17,17,0,0.21,0.20,0.30,27.08,17,17,0
395388,0.34,0.30,0.40,27.89,17,17,0,252.43,248.90,262.60,24.21,17,0,0,0.35,0.30,0.40,27.51,17,17,0,0.50,0.50,0.50,27.08,17,17,0,0.09,0.00,0.10,27.88,17,17,0,1.08,1.00,1.10,27.41,17,17,0,0.22,0.20,0.30,27.08,17,17,0
395893,0.35,0.30,0.40,27.91,17,17,0,250.38,246.70,258.80,24.19,17,0,0,0.35,0.30,0.40,27.50,17,17,0,0.50,0.50,0.50,27.07,17,17,0,0.09,0.00,0.10,27.90,17,17,0,1.06,1.00,1.10,27.39,17,17,0,0.22,0.20,0.30,27.08,17,17,0
396393,0.36,0.30,0.40,27.91,16,16,0,249.69,246.10,255.30,24.19,16,0,0,0.37,0.30,0.40,27.50,16,16,0,0.51,0.50,0.60,27.09,16,16,0,0.09,0.00,0.10,27.90,16,16,0,1.05,1.00,1.10,27.39,16,16,0,0.21,0.20,0.30,27.08,16,16,0
396893,0.35,0.30,0.40,27.91,17,17,0,247.75,245.00,253.90,24.19,17,0,0,0.36,0.30,0.40,27.51,17,17,0,0.50,0.50,0.50,27.06,17,17,0,0.08,0.00,0.10,27.89,17,17,0,1.08,1.00,1.10,27.42,17,17,0,0.22,0.20,0.30,27.08,17,17,0
397393,0.35,0.30,0.40,27.90,17,17,0,245.89,242.20,252.60,24.20,17,0,0,0.38,0.30,0.40,27.50,17,17,0,0.51,0.50,0.60,27.07,17,17,0,0.11,0.10,0.20,27.89,17,17,0,1.06,1.00,1.10,27.40,17,17,0,0.23,0.20,0.30,27.08,17,17,0
397893,0.36,0.30,0.40,27.91,17,17,0,244.99,241.30,251.60,24.21,17,0,0,0.35,0.30,0.40,27.51,17,17,0,0.50,0.50,0.50,27.08,17,17,0,0.10,0.00,0.20,27.89,17,17,0,1.08,1.00,1.10,27.41,17,17,0,0.21,0.20,0.30,27.08,17,17,0
398393,0.36,0.30,0.40,27.90,17,17,0,245.39,242.10,252.80,24.19,17,0,0,0.35,0.30,0.40,27.52,17,17,0,0.50,0.50,0.50,27.06,17,17,0,0.10,0.10,0.10,27.90,17,17,0,1.06,1.00,1.10,27.39,17,17,0,0.19,0.10,0.20,27.08,17,17,0
398893,0.35,0.30,0.40,27.91,17,17,0,245.90,241.50,253.70,24.20,17,0,0,0.34,0.30,0.40,27.52,17,17,0,0.50,0.50,0.50,27.07,17,17,0,0.10,0.10,0.10,27.88,17,17,0,1.07,1.00,1.10,27.40,17,17,0,0.23,0.20,0.30,27.08,17,17,0
399393,0.36,0.30,0.40,27.90,17,17,0,245.83,242.00,253.20,24.20,17,0,0,0.38,0.30,0.40,27.52,17,17,0,0.50,0.50,0.50,27.06,17,17,0,0.09,0.00,0.10,27.90,17,17,0,1.07,1.00,1.10,27.41,17,17,0,0.21,0.20,0.30,27.09,17,17,0
399893,0.37,0.30,0.40,27.92,17,17,0,245.74,242.60,251.30,24.22,17,0,0,0.36,0.30,0.40,27.51,17,17,0,0.50,0.50,0.50,27.08,17,17,0,0.11,0.10,0.20,27.89,17,17,0,1.05,1.00,1.10,27.41,17,17,0,0.22,0.20,0.30,27.09,17,17,0
400406,0.34,0.30,0.40,27.92,18,18,0,245.60,241.00,253.90,24.20,18,0,0,0.37,0.30,0.40,27.50,18,18,0,0.50,0.50,0.50,27.06,18,18,0,0.09,0.00,0.10,27.89,18,18,0,1.07,1.00,1.10,27.41,18,18,0,0.20,0.20,0.20,27.10,18,18,0
400906,0.34,0.30,0.40,27.91,17,17,0,246.00,242.20,253.70,24.21,17,0,0,0.36,0.30,0.40,27.50,17,17,0,0.50,0.50,0.50,27.08,17,17,0,0.11,0.10,0.20,27.91,17,17,0,1.07,1.00,1.10,27.41,17,17,0,0.24,0.20,0.30,27.08,17,17,0
401406,0.34,0.30,0.40,27.92,18,18,0,244.66,240.70,250.20,24.19,18,0,0,0.36,0.30,0.40,27.52,18,18,0,0.50,0.50,0.50,27.08,18,18,0,0.09,0.00,0.10,27.88,18,18,0,1.06,1.00,1.10,27.41,18,18,0,0.23,0.20,0.30,27.09,18,18,0
401913,0.32,0.30,0.40,27.91,17,17,0,244.26,239.70,251.10,24.20,17,0,0,0.38,0.30,0.40,27.52,17,17,0,0.51,0.50,0.60,27.07,17,17,0,0.09,0.00,0.20,27.90,17,17,0,1.07,1.00,1.10,27.40,17,17,0,0.21,0.20,0.30,27.09,17,17,0
402413,0.35,0.30,0.40,27.90,17,17,0,242.35,238.50,247.20,24.19,17,0,0,0.38,0.30,0.40,27.53,17,17,0,0.50,0.50,0.50,27.09,17,17,0,0.11,0.10,0.20,27.89,17,17,0,1.08,1.00,1.10,27.41,17,17,0,0.22,0.20,0.30,27.08,17,17,0
402926,0.33,0.30,0.40,27.93,18,18,0,239.76,235.60,245.90,24.22,18,0,0,0.37,0.30,0.40,27.52,18,18,0,0.50,0.40,0.60,27.08,18,18,0,0.09,0.00,0.20,27.91,18,18,0,1.09,1.00,1.10,27.41,18,18,0,0.22,0.20,0.30,27.09,18,18,0
403426,0.34,0.30,0.40,27.90,17,17,0,238.61,235.50,244.20,24.19,17,0,0,0.38,0.30,0.40,27.51,17,17,0,0.50,0.50,0.50,27.07,17,17,0,0.10,0.10,0.10,27.91,17,17,0,1.06,1.00,1.10,27.40,17,17,0,0.21,0.20,0.30,27.09,17,17,0
403926,0.33,0.30,0.40,27.93,17,17,0,237.58,234.70,243.20,24.19,17,0,0,0.36,0.30,0.40,27.50,17,17,0,0.50,0.50,0.50,27.08,17,17,0,0.09,0.00,0.10,27.91,17,17,0,1.09,1.00,1.10,27.41,17,17,0,0.22,0.20,0.30,27.09,17,17,0
404439,0.33,0.30,0.40,27.92,18,18,0,236.78,233.40,242.50,24.20,18,0,0,0.36,0.30,0.40,27.49,18,18,0,0.50,0.50,0.50,27.07,18,18,0,0.11,0.10,0.20,27.91,18,18,0,1.06,1.00,1.10,27.40,18,18,0,0.23,0.20,0.30,27.09,18,18,0
404939,0.35,0.30,0.40,27.92,17,17,0,236.61,233.80,242.00,24.20,17,0,0,0.36,0.30,0.40,27.51,17,17,0,0.50,0.50,0.50,27.08,17,17,0,0.11,0.10,0.20,27.90,17,17,0,1.06,1.00,1.10,27.40,17,17,0,0.23,0.20,0.30,27.10,17,17,0
405452,0.35,0.30,0.40,27.93,18,18,0,237.31,234.70,243.80,24.22,18,0,0,0.37,0.30,0.40,27.52,18,18,0,0.50,0.50,0.50,27.07,18,18,0,0.09,0.00,0.10,27.89,18,18,0,1.07,1.00,1.10,27.42,18,18,0,0.24,0.20,0.30,27.09,18,18,0
405954,0.35,0.30,0.40,27.91,17,17,0,237.78,233.60,245.60,24.21,17,0,0,0.38,0.30,0.40,27.52,17,17,0,0.51,0.40,0.60,27.08,17,17,0,0.09,0.00,0.10,27.91,17,17,0,1.09,1.00,1.10,27.41,17,17,0,0.24,0.20,0.30,27.10,17,17,0
406454,0.32,0.30,0.40,27.91,17,17,0,238.21,235.10,244.50,24.20,17,0,0,0.36,0.30,0.40,27.51,17,17,0,0.50,0.50,0.50,27.08,17,17,0,0.10,0.10,0.10,27.90,17,17,0,1.08,1.00,1.10,27.42,17,17,0,0.21,0.20,0.30,27.09,17,17,0
406954,0.35,0.30,0.40,27.93,17,17,0,238.90,235.30,244.40,24.20,17,0,0,0.36,0.30,0.40,27.53,17,17,0,0.50,0.50,0.50,27.07,17,17,0,0.11,0.10,0.20,27.89,17,17,0,1.07,1.00,1.10,27.41,17,17,0,0.22,0.20,0.30,27.11,17,17,0
407463,0.33,0.30,0.40,27.92,18,18,0,239.67,237.10,246.60,24.19,18,0,0,0.36,0.30,0.40,27.51,18,18,0,0.50,0.50,0.50,27.09,18,18,0,0.09,0.00,0.10,27.89,18,18,0,1.07,1.00,1.10,27.41,18,18,0,0.23,0.20,0.30,27.10,18,18,0
407963,0.35,0.30,0.40,27.93,17,17,0,239.30,235.20,245.10,24.20,17,0,0,0.36,0.30,0.40,27.53,17,17,0,0.50,0.50,0.50,27.08,17,17,0,0.10,0.10,0.10,27.90,17,17,0,1.09,1.00,1.10,27.44,17,17,0,0.22,0.20,0.30,27.09,17,17,0
408475,0.32,0.30,0.40,27.92,18,18,0,237.88,234.00,243.00,24.20,18,0,0,0.36,0.30,0.40,27.52,18,18,0,0.50,0.50,0.50,27.09,18,18,0,0.11,0.10,0.20,27.90,18,18,0,1.09,1.00,1.10,27.43,18,18,0,0.21,0.20,0.30,27.10,18,18,0
408988,0.33,0.30,0.40,27.93,18,18,0,236.47,233.70,241.60,24.21,18,0,0,0.34,0.30,0.40,27.52,18,18,0,0.50,0.50,0.50,27.10,18,18,0,0.11,0.10,0.20,27.90,18,18,0,1.06,1.00,1.10,27.43,18,18,0,0.23,0.20,0.30,27.09,18,18,0
409488,0.32,0.30,0.40,27.93,17,17,0,234.39,230.10,239.80,24.21,17,0,0,0.36,0.30,0.40,27.52,17,17,0,0.50,0.50,0.50,27.08,17,17,0,0.09,0.00,0.10,27.89,17,17,0,1.06,1.00,1.10,27.40,17,17,0,0.22,0.20,0.30,27.11,17,17,0
409988,0.34,0.30,0.40,27.93,17,17,0,232.70,227.80,237.20,24.20,17,0,0,0.39,0.30,0.40,27.51,17,17,0,0.51,0.50,0.60,27.08,17,17,0,0.09,0.00,0.10,27.91,17,17,0,1.07,1.00,1.10,27.42,17,17,0,0.21,0.20,0.30,27.10,17,17,0
410488,0.34,0.30,0.40,27.92,17,17,0,232.45,229.00,239.00,24.22,17,0,0,0.36,0.30,0.40,27.52,17,17,0,0.50,0.50,0.50,27.10,17,17,0,0.11,0.10,0.20,27.91,17,17,0,1.07,1.00,1.10,27.42,17,17,0,0.22,0.20,0.30,27.10,17,17,0
410988,0.34,0.30,0.40,27.93,18,18,0,232.41,230.10,239.00,24.22,18,0,0,0.37,0.30,0.40,27.54,18,18,0,0.51,0.50,0.60,27.09,18,18,0,0.10,0.00,0.20,27.90,18,18,0,1.07,1.00,1.10,27.41,18,18,0,0.21,0.20,0.30,27.11,18,18,0
411490,0.34,0.30,0.40,27.93,17,17,0,232.32,228.70,237.90,24.21,17,0,0,0.34,0.30,0.40,27.52,17,17,0,0.51,0.50,0.60,27.08,17,17,0,0.09,0.00,0.20,27.90,17,17,0,1.07,1.00,1.10,27.42,17,17,0,0.22,0.20,0.30,27.09,17,17,0
411990,0.35,0.30,0.40,27.93,17,17,0,233.28,229.80,238.40,24.20,17,0,0,0.34,0.30,0.40,27.53,17,17,0,0.51,0.50,0.60,27.08,17,17,0,0.10,0.10,0.10,27.91,17,17,0,1.06,1.00,1.10,27.43,17,17,0,0.22,0.20,0.30,27.11,17,17,0
412490,0.34,0.30,0.40,27.94,17,17,0,234.54,229.50,242.40,24.23,17,0,0,0.37,0.30,0.40,27.51,17,17,0,0.51,0.50,0.60,27.08,17,17,0,0.10,0.10,0.10,27.90,17,17,0,1.08,1.00,1.10,27.42,17,17,0,0.22,0.20,0.30,27.10,17,17,0
412994,0.35,0.30,0.40,27.91,17,17,0,235.68,231.20,242.90,24.21,17,0,0,0.37,0.30,0.40,27.50,17,17,0,0.51,0.50,0.60,27.09,17,17,0,0.10,0.10,0.10,27.92,17,17,0,1.06,1.00,1.10,27.43,17,17,0,0.23,0.20,0.30,27.11,17,17,0
413494,0.37,0.30,0.40,27.94,17,17,0,236.27,231.80,241.80,24.23,17,0,0,0.37,0.30,0.40,27.53,17,17,0,0.51,0.50,0.60,27.07,17,17,0,0.10,0.10,0.10,27.92,17,17,0,1.07,1.00,1.10,27.42,17,17,0,0.21,0.20,0.30,27.09,17,17,0
413994,0.34,0.30,0.40,27.92,18,18,0,237.57,233.80,243.60,24.20,18,0,0,0.37,0.30,0.40,27.53,18,18,0,0.50,0.50,0.50,27.08,18,18,0,0.10,0.10,0.10,27.91,18,18,0,1.07,1.00,1.10,27.43,18,18,0,0.22,0.20,0.30,27.10,18,18,0
414501,0.35,0.30,0.40,27.95,17,17,0,239.45,235.50,245.40,24.23,17,0,0,0.36,0.30,0.40,27.51,17,17,0,0.50,0.50,0.50,27.07,17,17,0,0.09,0.00,0.10,27.92,17,17,0,1.05,1.00,1.10,27.43,17,17,0,0.24,0.20,0.30,27.09,17,17,0
415001,0.33,0.30,0.40,27.94,17,17,0,240.48,236.90,247.40,24.19,17,0,0,0.32,0.30,0.40,27.52,17,17,0,0.50,0.50,0.50,27.09,17,17,0,0.10,0.10,0.10,27.92,17,17,0,1.04,1.00,1.10,27.41,17,17,0,0.22,0.20,0.30,27.11,17,17,0
415501,0.35,0.30,0.40,27.92,16,16,0,240.70,237.20,247.30,24.19,16,0,0,0.36,0.30,0.40,27.51,16,16,0,0.51,0.50,0.60,27.09,16,16,0,0.10,0.10,0.10,27.92,16,16,0,1.07,1.00,1.10,27.42,16,16,0,0.22,0.20,0.30,27.09,16,16,0
416007,0.35,0.30,0.40,27.92,17,17,0,241.40,239.10,247.10,24.19,17,0,0,0.36,0.30,0.40,27.53,17,17,0,0.51,0.50,0.60,27.08,17,17,0,0.10,0.10,0.10,27.92,17,17,0,1.06,1.00,1.10,27.42,17,17,0,0.22,0.20,0.30,27.11,17,17,0
416507,0.34,0.30,0.40,27.95,17,17,0,240.58,236.10,248.30,24.18,17,0,0,0.38,0.30,0.40,27.50,17,17,0,0.51,0.50,0.60,27.07,17,17,0,0.11,0.10,0.20,27.91,17,17,0,1.08,1.00,1.10,27.41,17,17,0,0.24,0.20,0.30,27.11,17,17,0
417007,0.34,0.30,0.40,27.93,18,18,0,238.28,234.50,241.80,24.17,18,0,0,0.36,0.30,0.40,27.53,18,18,0,0.49,0.40,0.50,27.08,18,18,0,0.09,0.00,0.10,27.91,18,18,0,1.07,1.00,1.10,27.41,18,18,0,0.23,0.20,0.30,27.13,18,18,0
417509,0.35,0.30,0.40,27.93,17,17,0,238.44,235.80,246.50,24.21,17,0,0,0.37,0.30,0.40,27.53,17,17,0,0.50,0.50,0.50,27.09,17,17,0,0.09,0.00,0.10,27.92,17,17,0,1.06,1.00,1.10,27.41,17,17,0,0.24,0.20,0.30,27.11,17,17,0
418009,0.35,0.30,0.40,27.93,17,17,0,237.84,233.80,244.40,24.21,17,0,0,0.38,0.30,0.40,27.53,17,17,0,0.50,0.50,0.50,27.07,17,17,0,0.09,0.00,0.10,27.90,17,17,0,1.07,1.00,1.10,27.44,17,17,0,0.22,0.20,0.30,27.11,17,17,0
418518,0.34,0.30,0.40,27.94,18,18,0,237.47,232.50,243.60,24.18,18,0,0,0.37,0.30,0.40,27.53,18,18,0,0.50,0.50,0.50,27.08,18,18,0,0.10,0.00,0.20,27.90,18,18,0,1.08,1.00,1.10,27.43,18,18,0,0.22,0.20,0.30,27.09,18,18,0
419030,0.32,0.30,0.40,27.94,18,18,0,237.94,235.60,244.10,24.20,18,0,0,0.37,0.30,0.40,27.52,18,18,0,0.50,0.50,0.50,27.09,18,18,0,0.09,0.00,0.10,27.91,18,18,0,1.06,1.00,1.10,27.43,18,18,0,0.21,0.20,0.30,27.12,18,18,0
419543,0.34,0.30,0.40,27.92,18,18,0,238.58,235.60,244.90,24.19,18,0,0,0.36,0.30,0.40,27.53,18,18,0,0.51,0.50,0.60,27.09,18,18,0,0.10,0.10,0.10,27.93,18,18,0,1.07,1.00,1.10,27.42,18,18,0,0.23,0.20,0.30,27.11,18,18,0
420043,0.32,0.30,0.40,27.94,17,17,0,239.39,234.90,246.00,24.19,17,0,0,0.35,0.30,0.40,27.50,17,17,0,0.50,0.50,0.50,27.08,17,17,0,0.11,0.10,0.20,27.92,17,17,0,1.06,1.00,1.10,27.43,17,17,0,0.25,0.20,0.30,27.13,17,17,0
420556,0.37,0.30,0.40,27.93,18,18,0,240.00,236.40,246.10,24.20,18,0,0,0.36,0.30,0.40,27.53,18,18,0,0.51,0.50,0.60,27.08,18,18,0,0.09,0.00,0.10,27.92,18,18,0,1.08,1.00,1.10,27.42,18,18,0,0.24,0.20,0.30,27.11,18,18,0
421056,0.34,0.30,0.40,27.93,17,17,0,241.76,238.60,247.70,24.20,17,0,0,0.38,0.30,0.40,27.52,17,17,0,0.50,0.50,0.50,27.10,17,17,0,0.08,0.00,0.10,27.91,17,17,0,1.07,1.00,1.10,27.44,17,17,0,0.24,0.20,0.30,27.11,17,17,0
421556,0.35,0.30,0.40,27.93,17,17,0,244.09,241.30,251.00,24.18,17,0,0,0.35,0.30,0.40,27.53,17,17,0,0.50,0.50,0.50,27.10,17,17,0,0.10,0.10,0.10,27.91,17,17,0,1.08,1.00,1.10,27.42,17,17,0,0.25,0.20,0.30,27.12,17,17,0
422056,0.34,0.30,0.40,27.95,17,17,0,244.82,240.90,248.90,24.18,17,0,0,0.36,0.30,0.40,27.52,17,17,0,0.50,0.50,0.50,27.09,17,17,0,0.10,0.00,0.20,27.91,17,17,0,1.05,1.00,1.10,27.42,17,17,0,0.21,0.20,0.30,27.12,17,17,0
422559,0.35,0.30,0.40,27.93,17,17,0,244.37,240.80,249.10,24.17,17,0,0,0.35,0.30,0.40,27.53,17,17,0,0.49,0.40,0.50,27.09,17,17,0,0.09,0.00,0.10,27.93,17,17,0,1.06,1.00,1.10,27.42,17,17,0,0.22,0.20,0.30,27.12,17,17,0
423059,0.34,0.30,0.40,27.94,17,17,0,244.97,242.80,251.60,24.19,17,0,0,0.37,0.30,0.40,27.54,17,17,0,0.50,0.50,0.50,27.08,17,17,0,0.10,0.10,0.10,27.92,17,17,0,1.08,1.00,1.10,27.45,17,17,0,0.22,0.20,0.30,27.11,17,17,0
423559,0.35,0.30,0.40,27.94,17,17,0,244.08,240.40,250.20,24.17,17,0,0,0.36,0.30,0.40,27.53,17,17,0,0.50,0.50,0.50,27.09,17,17,0,0.09,0.00,0.10,27.93,17,17,0,1.06,1.00,1.10,27.43,17,17,0,0.21,0.20,0.30,27.11,17,17,0
424061,0.34,0.30,0.40,27.93,17,17,0,241.61,235.90,247.80,24.17,17,0,0,0.37,0.30,0.40,27.53,17,17,0,0.50,0.50,0.50,27.09,17,17,0,0.10,0.10,0.10,27.93,17,17,0,1.08,1.00,1.10,27.43,17,17,0,0.21,0.20,0.30,27.11,17,17,0
424561,0.35,0.30,0.40,27.94,17,17,0,241.35,238.10,247.30,24.18,17,0,0,0.36,0.30,0.40,27.54,17,17,0,0.49,0.40,0.50,27.09,17,17,0,0.11,0.10,0.20,27.92,17,17,0,1.06,1.00,1.10,27.41,17,17,0,0.24,0.20,0.30,27.09,17,17,0
425061,0.34,0.30,0.40,27.94,17,17,0,240.72,237.70,246.00,24.18,17,0,0,0.39,0.30,0.40,27.53,17,17,0,0.50,0.50,0.50,27.09,17,17,0,0.09,0.00,0.10,27.93,17,17,0,1.06,1.00,1.10,27.44,17,17,0,0.24,0.20,0.30,27.12,17,17,0
425561,0.35,0.30,0.40,27.94,17,17,0,239.69,236.60,245.60,24.17,17,0,0,0.36,0.30,0.40,27.53,17,17,0,0.50,0.50,0.50,27.10,17,17,0,0.10,0.10,0.10,27.92,17,17,0,1.06,1.00,1.10,27.42,17,17,0,0.22,0.20,0.30,27.12,17,17,0
426063,0.32,0.30,0.40,27.95,17,17,0,240.31,237.50,244.20,24.19,17,0,0,0.35,0.30,0.40,27.54,17,17,0,0.51,0.50,0.60,27.09,17,17,0,0.11,0.10,0.20,27.92,17,17,0,1.06,1.00,1.10,27.43,17,17,0,0.23,0.20,0.30,27.13,17,17,0
426563,0.38,0.30,0.40,27.94,17,17,0,241.15,238.20,248.10,24.17,17,0,0,0.35,0.30,0.40,27.53,17,17,0,0.50,0.50,0.50,27.11,17,17,0,0.10,0.10,0.10,27.92,17,17,0,1.07,1.00,1.10,27.42,17,17,0,0.22,0.20,0.30,27.12,17,17,0
427063,0.35,0.30,0.40,27.95,17,17,0,241.58,237.80,249.90,24.18,17,0,0,0.36,0.30,0.40,27.54,17,17,0,0.50,0.50,0.50,27.10,17,17,0,0.10,0.10,0.10,27.94,17,17,0,1.08,1.00,1.10,27.42,17,17,0,0.24,0.20,0.30,27.13,17,17,0
427563,0.36,0.30,0.40,27.93,17,17,0,242.22,239.70,248.40,24.17,17,0,0,0.36,0.30,0.40,27.55,17,17,0,0.50,0.50,0.50,27.09,17,17,0,0.10,0.10,0.10,27.93,17,17,0,1.07,1.00,1.10,27.41,17,17,0,0.21,0.20,0.30,27.13,17,17,0
428063,0.32,0.30,0.40,27.95,17,17,0,244.17,241.40,249.50,24.16,17,0,0,0.34,0.30,0.40,27.53,17,17,0,0.50,0.50,0.50,27.10,17,17,0,0.09,0.00,0.10,27.93,17,17,0,1.06,1.00,1.10,27.43,17,17,0,0.22,0.20,0.30,27.13,17,17,0
428566,0.33,0.30,0.40,27.94,17,17,0,246.65,242.90,253.60,24.17,17,0,0,0.37,0.30,0.40,27.54,17,17,0,0.50,0.50,0.50,27.09,17,17,0,0.09,0.00,0.10,27.93,17,17,0,1.05,1.00,1.10,27.45,17,17,0,0.21,0.20,0.30,27.11,17,17,0
429066,0.33,0.30,0.40,27.93,17,17,0,247.86,244.60,252.80,24.16,17,0,0,0.36,0.30,0.40,27.54,17,17,0,0.50,0.50,0.50,27.09,17,17,0,0.10,0.10,0.10,27.91,17,17,0,1.07,1.00,1.10,27.43,17,17,0,0.24,0.20,0.30,27.12,17,17,0
429566,0.35,0.30,0.40,27.94,17,17,0,249.86,247.60,256.40,24.17,17,0,0,0.36,0.30,0.40,27.53,17,17,0,0.50,0.50,0.50,27.11,17,17,0,0.08,0.00,0.10,27.92,17,17,0,1.08,1.00,1.10,27.43,17,17,0,0.22,0.20,0.30,27.12,17,17,0
430066,0.31,0.30,0.40,27.95,17,17,0,249.88,247.00,257.00,24.15,17,0,0,0.36,0.30,0.40,27.53,17,17,0,0.49,0.40,0.50,27.09,17,17,0,0.10,0.00,0.20,27.93,17,17,0,1.09,1.00,1.10,27.44,17,17,0,0.22,0.20,0.30,27.13,17,17,0
430578,0.36,0.30,0.40,27.95,18,18,0,247.58,244.40,252.00,24.16,18,0,0,0.36,0.30,0.40,27.53,18,18,0,0.51,0.50,0.60,27.10,18,18,0,0.10,0.00,0.20,27.93,18,18,0,1.07,1.00,1.10,27.43,18,18,0,0.23,0.20,0.30,27.12,18,18,0
431078,0.33,0.30,0.40,27.93,17,17,0,245.72,241.50,250.00,24.18,17,0,0,0.35,0.30,0.40,27.54,17,17,0,0.50,0.50,0.50,27.09,17,17,0,0.09,0.00,0.10,27.93,17,17,0,1.09,1.00,1.10,27.44,17,17,0,0.24,0.20,0.30,27.12,17,17,0
431578,0.34,0.30,0.40,27.97,17,17,0,245.98,242.80,252.30,24.16,17,0,0,0.36,0.30,0.40,27.54,17,17,0,0.50,0.50,0.50,27.08,17,17,0,0.10,0.00,0.20,27.94,17,17,0,1.06,1.00,1.10,27.43,17,17,0,0.22,0.20,0.30,27.11,17,17,0
432078,0.36,0.30,0.40,27.94,17,17,0,244.62,241.40,251.30,24.15,17,0,0,0.35,0.30,0.40,27.53,17,17,0,0.50,0.50,0.50,27.08,17,17,0,0.10,0.00,0.20,27.92,17,17,0,1.08,1.00,1.10,27.42,17,17,0,0.25,0.20,0.30,27.13,17,17,0
432578,0.32,0.30,0.40,27.95,17,17,0,244.09,240.50,249.00,24.15,17,0,0,0.36,0.30,0.40,27.54,17,17,0,0.50,0.50,0.50,27.10,17,17,0,0.09,0.00,0.10,27.95,17,17,0,1.07,1.00,1.10,27.44,17,17,0,0.23,0.20,0.30,27.12,17,17,0
433081,0.34,0.30,0.40,27.95,17,17,0,245.59,243.00,253.10,24.15,17,0,0,0.34,0.30,0.40,27.53,17,17,0,0.51,0.50,0.60,27.10,17,17,0,0.09,0.00,0.10,27.92,17,17,0,1.06,1.00,1.10,27.43,17,17,0,0.23,0.20,0.30,27.11,17,17,0
433581,0.32,0.30,0.40,27.96,17,17,0,245.23,242.00,250.90,24.16,17,0,0,0.36,0.30,0.40,27.54,17,17,0,0.51,0.50,0.60,27.10,17,17,0,0.09,0.00,0.10,27.95,17,17,0,1.08,1.00,1.10,27.42,17,17,0,0.21,0.20,0.30,27.12,17,17,0
434081,0.33,0.30,0.40,27.95,17,17,0,245.29,242.40,250.20,24.14,17,0,0,0.38,0.30,0.40,27.55,17,17,0,0.50,0.50,0.50,27.11,17,17,0,0.10,0.10,0.10,27.93,17,17,0,1.09,1.00,1.10,27.43,17,17,0,0.24,0.20,0.30,27.11,17,17,0
434591,0.34,0.30,0.40,27.94,17,17,0,246.77,243.80,254.00,24.17,17,0,0,0.36,0.30,0.40,27.53,17,17,0,0.50,0.50,0.50,27.09,17,17,0,0.10,0.10,0.10,27.95,17,17,0,1.06,1.00,1.10,27.42,17,17,0,0.24,0.20,0.30,27.13,17,17,0
435091,0.35,0.30,0.40,27.94,18,18,0,248.57,245.60,254.30,24.16,18,0,0,0.33,0.30,0.40,27.54,18,18,0,0.50,0.50,0.50,27.10,18,18,0,0.10,0.10,0.10,27.94,18,18,0,1.05,1.00,1.10,27.45,18,18,0,0.24,0.20,0.30,27.13,18,18,0
435591,0.33,0.30,0.40,27.94,16,16,0,251.42,247.20,259.00,24.16,16,0,0,0.38,0.30,0.40,27.55,16,16,0,0.50,0.50,0.50,27.11,16,16,0,0.10,0.00,0.20,27.93,16,16,0,1.04,1.00,1.10,27.42,16,16,0,0.21,0.20,0.30,27.13,16,16,0
436102,0.36,0.30,0.40,27.95,17,17,0,252.72,249.20,257.70,24.14,17,0,0,0.37,0.30,0.40,27.54,17,17,0,0.50,0.50,0.50,27.10,17,17,0,0.11,0.10,0.20,27.93,17,17,0,1.06,1.00,1.10,27.42,17,17,0,0.21,0.20,0.30,27.12,17,17,0
436602,0.35,0.30,0.40,27.95,17,17,0,255.19,251.50,261.90,24.15,17,0,0,0.34,0.30,0.40,27.52,17,17,0,0.50,0.40,0.60,27.09,17,17,0,0.10,0.10,0.10,27.93,17,17,0,1.07,1.00,1.10,27.44,17,17,0,0.24,0.20,0.30,27.12,17,17,0
437102,0.34,0.30,0.40,27.95,17,17,0,255.46,252.30,260.40,24.15,17,0,0,0.37,0.30,0.40,27.55,17,17,0,0.50,0.50,0.50,27.10,17,17,0,0.10,0.10,0.10,27.91,17,17,0,1.06,1.00,1.10,27.43,17,17,0,0.22,0.20,0.30,27.11,17,17,0
437602,0.33,0.30,0.40,27.96,17,17,0,252.88,248.90,257.80,24.15,17,0,0,0.36,0.30,0.40,27.53,17,17,0,0.50,0.50,0.50,27.10,17,17,0,0.11,0.00,0.20,27.95,17,17,0,1.06,1.00,1.10,27.44,17,17,0,0.22,0.20,0.30,27.11,17,17,0
438102,0.35,0.30,0.40,27.96,17,17,0,251.16,246.40,256.20,24.15,17,0,0,0.36,0.30,0.40,27.55,17,17,0,0.50,0.50,0.50,27.10,17,17,0,0.11,0.10,0.20,27.93,17,17,0,1.07,1.00,1.10,27.45,17,17,0,0.22,0.20,0.30,27.15,17,17,0
438602,0.33,0.30,0.40,27.95,17,17,0,251.06,248.80,257.50,24.15,17,0,0,0.36,0.30,0.40,27.55,17,17,0,0.49,0.40,0.50,27.11,17,17,0,0.10,0.10,0.10,27.93,17,17,0,1.08,1.00,1.10,27.44,17,17,0,0.21,0.20,0.30,27.13,17,17,0
439102,0.33,0.30,0.40,27.95,17,17,0,249.84,245.60,256.40,24.14,17,0,0,0.33,0.30,0.40,27.56,17,17,0,0.51,0.50,0.60,27.09,17,17,0,0.09,0.00,0.10,27.94,17,17,0,1.05,1.00,1.10,27.44,17,17,0,0.21,0.20,0.30,27.13,17,17,0
439602,0.35,0.30,0.40,27.94,17,17,0,249.23,245.30,253.00,24.16,17,0,0,0.38,0.30,0.40,27.55,17,17,0,0.50,0.50,0.50,27.11,17,17,0,0.10,0.10,0.10,27.94,17,17,0,1.06,1.00,1.10,27.44,17,17,0,0.21,0.20,0.30,27.14,17,17,0
440102,0.33,0.30,0.40,27.93,17,17,0,249.34,246.80,255.30,24.14,17,0,0,0.36,0.30,0.40,27.54,17,17,0,0.51,0.50,0.60,27.10,17,17,0,0.10,0.10,0.10,27.93,17,17,0,1.08,1.00,1.10,27.44,17,17,0,0.22,0.20,0.30,27.13,17,17,0
440614,0.33,0.30,0.40,27.95,18,18,0,249.09,246.20,256.90,24.16,18,0,0,0.37,0.30,0.40,27.53,18,18,0,0.50,0.50,0.50,27.10,18,18,0,0.10,0.10,0.10,27.94,18,18,0,1.08,1.00,1.10,27.43,18,18,0,0.21,0.20,0.30,27.12,18,18,0
441114,0.34,0.30,0.40,27.95,17,17,0,249.40,246.00,254.10,24.14,17,0,0,0.38,0.30,0.40,27.54,17,17,0,0.50,0.50,0.50,27.11,17,17,0,0.09,0.00,0.20,27.95,17,17,0,1.08,1.00,1.10,27.44,17,17,0,0.24,0.20,0.30,27.13,17,17,0
441614,0.35,0.30,0.40,27.96,17,17,0,250.11,246.60,257.10,24.14,17,0,0,0.36,0.30,0.40,27.56,17,17,0,0.50,0.50,0.50,27.09,17,17,0,0.09,0.00,0.10,27.94,17,17,0,1.08,1.00,1.10,27.44,17,17,0,0.23,0.20,0.30,27.13,17,17,0
442114,0.34,0.30,0.40,27.95,17,17,0,252.63,250.30,258.30,24.14,17,0,0,0.34,0.30,0.40,27.56,17,17,0,0.49,0.40,0.50,27.11,17,17,0,0.09,0.00,0.10,27.94,17,17,0,1.06,1.00,1.10,27.44,17,17,0,0.22,0.20,0.30,27.14,17,17,0
442618,0.34,0.30,0.40,27.95,17,17,0,254.31,250.20,258.90,24.14,17,0,0,0.36,0.30,0.40,27.53,17,17,0,0.50,0.50,0.50,27.10,17,17,0,0.10,0.00,0.20,27.93,17,17,0,1.09,1.00,1.10,27.43,17,17,0,0.24,0.20,0.30,27.13,17,17,0
443118,0.34,0.30,0.40,27.95,17,17,0,254.79,251.20,260.90,24.14,17,0,0,0.37,0.30,0.40,27.54,17,17,0,0.50,0.50,0.50,27.10,17,17,0,0.10,0.10,0.10,27.94,17,17,0,1.08,1.00,1.10,27.44,17,17,0,0.23,0.20,0.30,27.12,17,17,0
443618,0.34,0.30,0.40,27.96,18,18,0,255.08,252.20,262.40,24.14,18,0,0,0.36,0.30,0.40,27.55,18,18,0,0.50,0.50,0.50,27.11,18,18,0,0.09,0.00,0.10,27.93,18,18,0,1.07,1.00,1.10,27.42,18,18,0,0.21,0.20,0.30,27.13,18,18,0
444119,0.32,0.30,0.40,27.95,17,17,0,254.08,251.10,260.80,24.13,17,0,0,0.35,0.30,0.40,27.53,17,17,0,0.50,0.40,0.60,27.12,17,17,0,0.11,0.10,0.20,27.92,17,17,0,1.06,1.00,1.10,27.43,17,17,0,0.21,0.20,0.30,27.14,17,17,0
444628,0.36,0.30,0.40,27.93,18,18,0,251.23,247.60,257.40,24.15,18,0,0,0.35,0.30,0.40,27.54,18,18,0,0.49,0.40,0.50,27.12,18,18,0,0.10,0.10,0.10,27.95,18,18,0,1.09,1.00,1.10,27.44,18,18,0,0.21,0.20,0.30,27.13,18,18,0
445128,0.37,0.30,0.40,27.94,17,17,0,249.08,244.50,253.70,24.14,17,0,0,0.32,0.30,0.40,27.54,17,17,0,0.50,0.50,0.50,27.11,17,17,0,0.10,0.10,0.10,27.95,17,17,0,1.06,1.00,1.10,27.45,17,17,0,0.23,0.20,0.30,27.13,17,17,0
445628,0.35,0.30,0.40,27.96,17,17,0,247.65,245.50,253.10,24.15,17,0,0,0.35,0.30,0.40,27.53,17,17,0,0.50,0.50,0.50,27.10,17,17,0,0.09,0.00,0.10,27.94,17,17,0,1.06,1.00,1.10,27.45,17,17,0,0.24,0.20,0.30,27.11,17,17,0
446128,0.34,0.30,0.40,27.95,17,17,0,246.35,242.60,252.00,24.14,17,0,0,0.36,0.30,0.40,27.54,17,17,0,0.50,0.50,0.50,27.11,17,17,0,0.10,0.10,0.10,27.95,17,17,0,1.08,1.00,1.10,27.44,17,17,0,0.24,0.20,0.30,27.14,17,17,0
446628,0.34,0.30,0.40,27.95,17,17,0,245.35,241.70,248.90,24.15,17,0,0,0.35,0.30,0.40,27.54,17,17,0,0.50,0.50,0.50,27.10,17,17,0,0.09,0.00,0.20,27.95,17,17,0,1.08,1.00,1.10,27.43,17,17,0,0.21,0.20,0.30,27.13,17,17,0
447128,0.35,0.30,0.40,27.97,17,17,0,244.99,242.70,251.50,24.17,17,0,0,0.34,0.30,0.40,27.54,17,17,0,0.50,0.50,0.50,27.12,17,17,0,0.10,0.10,0.10,27.94,17,17,0,1.05,1.00,1.10,27.44,17,17,0,0.21,0.20,0.30,27.12,17,17,0
447628,0.37,0.30,0.40,27.94,17,17,0,244.20,240.70,250.70,24.15,17,0,0,0.34,0.30,0.40,27.55,17,17,0,0.50,0.50,0.50,27.11,17,17,0,0.10,0.10,0.10,27.94,17,17,0,1.08,1.00,1.10,27.45,17,17,0,0.22,0.20,0.30,27.14,17,17,0
448128,0.35,0.30,0.40,27.95,17,17,0,244.30,241.50,250.70,24.15,17,0,0,0.35,0.30,0.40,27.55,17,17,0,0.50,0.50,0.50,27.09,17,17,0,0.10,0.00,0.20,27.93,17,17,0,1.08,1.00,1.10,27.44,17,17,0,0.21,0.20,0.30,27.14,17,17,0
448631,0.34,0.30,0.40,27.95,17,17,0,245.99,243.00,253.70,24.15,17,0,0,0.37,0.30,0.40,27.54,17,17,0,0.50,0.50,0.50,27.11,17,17,0,0.10,0.10,0.10,27.95,17,17,0,1.07,1.00,1.10,27.44,17,17,0,0.21,0.20,0.30,27.13,17,17,0
449144,0.36,0.30,0.40,27.95,18,18,0,249.54,245.00,254.90,24.16,18,0,0,0.36,0.30,0.40,27.55,18,18,0,0.50,0.50,0.50,27.12,18,18,0,0.09,0.00,0.10,27.96,18,18,0,1.07,1.00,1.10,27.46,18,18,0,0.22,0.20,0.30,27.13,18,18,0
449644,0.35,0.30,0.40,27.95,17,17,0,251.00,247.60,258.60,24.13,17,0,0,0.37,0.30,0.40,27.57,17,17,0,0.49,0.40,0.50,27.11,17,17,0,0.10,0.10,0.10,27.96,17,17,0,1.06,1.00,1.10,27.44,17,17,0,0.22,0.20,0.30,27.12,17,17,0
450144,0.34,0.30,0.40,27.96,17,17,0,250.92,247.50,257.90,24.13,17,0,0,0.36,0.30,0.40,27.56,17,17,0,0.50,0.50,0.50,27.12,17,17,0,0.10,0.10,0.10,27.95,17,17,0,1.08,1.00,1.10,27.44,17,17,0,0.21,0.20,0.30,27.13,17,17,0
450644,0.35,0.30,0.40,27.94,17,17,0,252.56,249.00,259.60,24.14,17,0,0,0.35,0.30,0.40,27.56,17,17,0,0.49,0.40,0.50,27.11,17,17,0,0.09,0.00,0.10,27.93,17,17,0,1.06,1.00,1.10,27.45,17,17,0,0.21,0.20,0.30,27.14,17,17,0
451144,0.35,0.30,0.40,27.95,17,17,0,252.26,248.50,259.30,24.15,17,0,0,0.36,0.30,0.40,27.55,17,17,0,0.50,0.50,0.50,27.11,17,17,0,0.10,0.10,0.10,27.95,17,17,0,1.05,1.00,1.10,27.46,17,17,0,0.25,0.20,0.30,27.12,17,17,0
451644,0.37,0.30,0.40,27.93,17,17,0,250.89,247.60,256.30,24.15,17,0,0,0.36,0.30,0.40,27.55,17,17,0,0.50,0.50,0.50,27.09,17,17,0,0.11,0.10,0.20,27.93,17,17,0,1.08,1.00,1.10,27.44,17,17,0,0.23,0.20,0.30,27.13,17,17,0
452147,0.35,0.30,0.40,27.95,17,17,0,249.50,245.90,254.30,24.15,17,0,0,0.35,0.30,0.40,27.55,17,17,0,0.51,0.50,0.60,27.12,17,17,0,0.10,0.10,0.10,27.95,17,17,0,1.08,1.00,1.10,27.45,17,17,0,0.22,0.20,0.30,27.12,17,17,0
452647,0.35,0.30,0.40,27.95,17,17,0,247.63,245.00,253.70,24.14,17,0,0,0.36,0.30,0.40,27.55,17,17,0,0.50,0.50,0.50,27.12,17,17,0,0.10,0.10,0.10,27.96,17,17,0,1.07,1.00,1.10,27.45,17,17,0,0.22,0.20,0.30,27.13,17,17,0
453147,0.34,0.30,0.40,27.95,17,17,0,245.68,242.50,252.20,24.15,17,0,0,0.37,0.30,0.40,27.55,17,17,0,0.50,0.50,0.50,27.09,17,17,0,0.10,0.10,0.10,27.94,17,17,0,1.08,1.00,1.10,27.44,17,17,0,0.21,0.20,0.30,27.15,17,17,0
453647,0.34,0.30,0.40,27.93,17,17,0,244.63,240.70,250.80,24.13,17,0,0,0.35,0.30,0.40,27.56,17,17,0,0.49,0.40,0.50,27.11,17,17,0,0.11,0.10,0.20,27.94,17,17,0,1.09,1.00,1.10,27.44,17,17,0,0.22,0.20,0.30,27.13,17,17,0
454147,0.35,0.30,0.40,27.94,17,17,0,244.24,241.50,251.30,24.16,17,0,0,0.37,0.30,0.40,27.54,17,17,0,0.50,0.50,0.50,27.11,17,17,0,0.09,0.00,0.10,27.96,17,17,0,1.08,1.00,1.10,27.44,17,17,0,0.21,0.20,0.30,27.13,17,17,0
454659,0.34,0.30,0.40,27.95,18,18,0,243.18,239.40,250.30,24.15,18,0,0,0.36,0.30,0.40,27.56,18,18,0,0.50,0.50,0.50,27.10,18,18,0,0.11,0.10,0.20,27.95,18,18,0,1.08,1.00,1.10,27.45,18,18,0,0.22,0.20,0.30,27.14,18,18,0
455172,0.34,0.30,0.40,27.95,18,18,0,243.07,239.00,249.50,24.14,18,0,0,0.35,0.30,0.40,27.57,18,18,0,0.50,0.50,0.50,27.11,18,18,0,0.09,0.00,0.10,27.95,18,18,0,1.07,1.00,1.10,27.45,18,18,0,0.23,0.20,0.30,27.13,18,18,0
455685,0.34,0.30,0.40,27.94,18,18,0,244.48,241.10,251.50,24.14,18,0,0,0.36,0.30,0.40,27.55,18,18,0,0.50,0.50,0.50,27.11,18,18,0,0.10,0.10,0.10,27.95,18,18,0,1.08,1.00,1.10,27.45,18,18,0,0.22,0.20,0.30,27.14,18,18,0
456185,0.34,0.30,0.40,27.96,17,17,0,246.88,242.10,253.50,24.15,17,0,0,0.36,0.30,0.40,27.55,17,17,0,0.50,0.50,0.50,27.11,17,17,0,0.11,0.10,0.20,27.94,17,17,0,1.09,1.00,1.10,27.46,17,17,0,0.22,0.20,0.30,27.12,17,17,0
456698,0.33,0.30,0.40,27.94,18,18,0,248.23,243.60,254.90,24.14,18,0,0,0.35,0.30,0.40,27.54,18,18,0,0.50,0.50,0.50,27.12,18,18,0,0.10,0.10,0.10,27.95,18,18,0,1.08,1.00,1.10,27.44,18,18,0,0.20,0.20,0.20,27.14,18,18,0
457210,0.34,0.30,0.40,27.95,18,18,0,248.60,245.10,253.30,24.16,18,0,0,0.35,0.30,0.40,27.55,18,18,0,0.50,0.40,0.60,27.13,18,18,0,0.11,0.00,0.20,27.94,18,18,0,1.07,1.00,1.10,27.45,18,18,0,0.22,0.20,0.30,27.14,18,18,0
457723,0.37,0.30,0.40,27.95,18,18,0,249.67,247.20,256.40,24.14,18,0,0,0.34,0.30,0.40,27.57,18,18,0,0.50,0.50,0.50,27.11,18,18,0,0.08,0.00,0.10,27.95,18,18,0,1.09,1.00,1.10,27.45,18,18,0,0.23,0.20,0.30,27.13,18,18,0
458231,0.35,0.30,0.40,27.94,17,17,0,249.41,245.80,257.00,24.13,17,0,0,0.34,0.30,0.40,27.55,17,17,0,0.50,0.50,0.50,27.12,17,17,0,0.11,0.10,0.20,27.96,17,17,0,1.06,1.00,1.10,27.46,17,17,0,0.24,0.20,0.30,27.15,17,17,0
458731,0.34,0.30,0.40,27.96,17,17,0,246.78,243.50,252.90,24.14,17,0,0,0.35,0.30,0.40,27.55,17,17,0,0.50,0.50,0.50,27.12,17,17,0,0.09,0.00,0.10,27.95,17,17,0,1.08,1.00,1.10,27.45,17,17,0,0.22,0.20,0.30,27.15,17,17,0
459231,0.34,0.30,0.40,27.96,17,17,0,244.99,241.00,248.60,24.13,17,0,0,0.37,0.30,0.40,27.58,17,17,0,0.50,0.50,0.50,27.11,17,17,0,0.09,0.00,0.10,27.94,17,17,0,1.08,1.00,1.10,27.45,17,17,0,0.21,0.20,0.30,27.12,17,17,0
459731,0.34,0.30,0.40,27.95,17,17,0,244.29,241.60,249.80,24.15,17,0,0,0.36,0.30,0.40,27.57,17,17,0,0.50,0.50,0.50,27.12,17,17,0,0.10,0.10,0.10,27.94,17,17,0,1.07,1.00,1.10,27.45,17,17,0,0.22,0.20,0.30,27.15,17,17,0
460240,0.36,0.30,0.40,27.96,18,18,0,242.81,238.80,249.60,24.16,18,0,0,0.38,0.30,0.40,27.56,18,18,0,0.50,0.50,0.50,27.12,18,18,0,0.11,0.10,0.20,27.95,18,18,0,1.06,1.00,1.10,27.46,18,18,0,0.22,0.20,0.30,27.14,18,18,0
460740,0.35,0.30,0.40,27.95,17,17,0,241.53,238.90,246.40,24.15,17,0,0,0.36,0.30,0.40,27.55,17,17,0,0.49,0.40,0.50,27.12,17,17,0,0.10,0.00,0.20,27.95,17,17,0,1.08,1.00,1.10,27.46,17,17,0,0.23,0.20,0.30,27.13,17,17,0
461240,0.35,0.30,0.40,27.94,17,17,0,242.09,239.40,246.80,24.15,17,0,0,0.35,0.30,0.40,27.57,17,17,0,0.50,0.50,0.50,27.12,17,17,0,0.10,0.00,0.20,27.96,17,17,0,1.08,1.00,1.10,27.47,17,17,0,0.22,0.20,0.30,27.14,17,17,0
461740,0.36,0.30,0.40,27.95,17,17,0,242.21,238.20,249.60,24.14,17,0,0,0.35,0.30,0.40,27.57,17,17,0,0.49,0.40,0.50,27.11,17,17,0,0.10,0.10,0.10,27.96,17,17,0,1.08,1.00,1.10,27.46,17,17,0,0.23,0.20,0.30,27.16,17,17,0
462240,0.35,0.30,0.40,27.95,17,17,0,242.42,239.00,248.70,24.15,17,0,0,0.35,0.30,0.40,27.56,17,17,0,0.50,0.50,0.50,27.11,17,17,0,0.09,0.00,0.10,27.96,17,17,0,1.07,1.00,1.10,27.46,17,17,0,0.22,0.20,0.30,27.15,17,17,0
462740,0.35,0.30,0.40,27.96,17,17,0,244.08,241.10,250.60,24.15,17,0,0,0.37,0.30,0.40,27.56,17,17,0,0.51,0.40,0.60,27.14,17,17,0,0.10,0.10,0.10,27.96,17,17,0,1.06,1.00,1.10,27.46,17,17,0,0.24,0.20,0.30,27.13,17,17,0
463240,0.35,0.30,0.40,27.96,17,17,0,246.88,242.50,252.80,24.14,17,0,0,0.36,0.30,0.40,27.57,17,17,0,0.51,0.50,0.60,27.11,17,17,0,0.10,0.10,0.10,27.95,17,17,0,1.09,1.00,1.10,27.45,17,17,0,0.22,0.20,0.30,27.14,17,17,0
463740,0.34,0.30,0.40,27.95,17,17,0,247.70,244.60,252.20,24.14,17,0,0,0.37,0.30,0.40,27.57,17,17,0,0.50,0.50,0.50,27.12,17,17,0,0.09,0.00,0.10,27.96,17,17,0,1.07,1.00,1.10,27.47,17,17,0,0.22,0.20,0.30,27.13,17,17,0
464242,0.35,0.30,0.40,27.97,17,17,0,248.76,246.00,254.60,24.17,17,0,0,0.36,0.30,0.40,27.56,17,17,0,0.50,0.50,0.50,27.12,17,17,0,0.10,0.00,0.20,27.94,17,17,0,1.09,1.00,1.10,27.44,17,17,0,0.21,0.20,0.30,27.14,17,17,0
464755,0.34,0.30,0.40,27.96,18,18,0,250.01,247.00,257.10,24.13,18,0,0,0.37,0.30,0.40,27.55,18,18,0,0.50,0.40,0.60,27.13,18,18,0,0.10,0.10,0.10,27.96,18,18,0,1.06,1.00,1.10,27.47,18,18,0,0.21,0.20,0.30,27.14,18,18,0
465255,0.36,0.30,0.40,27.96,17,17,0,248.94,246.00,255.70,24.13,17,0,0,0.37,0.30,0.40,27.56,17,17,0,0.50,0.50,0.50,27.11,17,17,0,0.10,0.00,0.20,27.96,17,17,0,1.09,1.00,1.10,27.47,17,17,0,0.21,0.20,0.30,27.14,17,17,0
465755,0.34,0.30,0.40,27.96,17,17,0,247.46,243.90,252.10,24.15,17,0,0,0.38,0.30,0.40,27.56,17,17,0,0.50,0.50,0.50,27.13,17,17,0,0.09,0.00,0.10,27.95,17,17,0,1.07,1.00,1.10,27.47,17,17,0,0.22,0.20,0.30,27.13,17,17,0
466255,0.35,0.30,0.40,27.97,17,17,0,246.54,243.70,251.10,24.13,17,0,0,0.35,0.30,0.40,27.57,17,17,0,0.50,0.50,0.50,27.12,17,17,0,0.09,0.00,0.10,27.94,17,17,0,1.08,1.00,1.10,27.46,17,17,0,0.22,0.20,0.30,27.15,17,17,0
466755,0.32,0.30,0.40,27.95,17,17,0,244.98,242.20,250.90,24.14,17,0,0,0.36,0.30,0.40,27.56,17,17,0,0.50,0.50,0.50,27.11,17,17,0,0.10,0.10,0.10,27.96,17,17,0,1.08,1.00,1.10,27.47,17,17,0,0.21,0.20,0.30,27.15,17,17,0
467255,0.35,0.30,0.40,27.95,17,17,0,242.88,239.10,249.60,24.13,17,0,0,0.35,0.30,0.40,27.56,17,17,0,0.50,0.50,0.50,27.14,17,17,0,0.10,0.10,0.10,27.95,17,17,0,1.09,1.00,1.10,27.46,17,17,0,0.24,0.20,0.30,27.15,17,17,0
467755,0.34,0.30,0.40,27.97,17,17,0,242.55,238.70,247.70,24.14,17,0,0,0.35,0.30,0.40,27.55,17,17,0,0.51,0.50,0.60,27.12,17,17,0,0.09,0.00,0.10,27.94,17,17,0,1.07,1.00,1.10,27.46,17,17,0,0.22,0.20,0.30,27.15,17,17,0
468256,0.35,0.30,0.40,27.96,17,17,0,243.05,240.50,250.30,24.13,17,0,0,0.36,0.30,0.40,27.57,17,17,0,0.50,0.50,0.50,27.13,17,17,0,0.09,0.00,0.10,27.96,17,17,0,1.07,1.00,1.10,27.45,17,17,0,0.22,0.20,0.30,27.13,17,17,0
468769,0.35,0.30,0.40,27.96,18,18,0,242.78,238.30,250.50,24.15,18,0,0,0.37,0.30,0.40,27.56,18,18,0,0.50,0.50,0.50,27.14,18,18,0,0.10,0.10,0.10,27.96,18,18,0,1.06,1.00,1.10,27.46,18,18,0,0.22,0.20,0.30,27.15,18,18,0
469269,0.35,0.30,0.40,27.95,17,17,0,243.13,239.40,249.90,24.13,17,0,0,0.36,0.30,0.40,27.56,17,17,0,0.51,0.50,0.60,27.13,17,17,0,0.10,0.10,0.10,27.95,17,17,0,1.05,1.00,1.10,27.47,17,17,0,0.21,0.20,0.30,27.14,17,17,0
469769,0.35,0.30,0.40,27.96,17,17,0,244.26,240.90,250.60,24.14,17,0,0,0.33,0.30,0.40,27.57,17,17,0,0.50,0.50,0.50,27.14,17,17,0,0.09,0.00,0.10,27.97,17,17,0,1.08,1.00,1.10,27.45,17,17,0,0.23,0.20,0.30,27.17,17,17,0
470278,0.35,0.30,0.40,27.97,17,17,0,245.61,241.50,251.80,24.13,17,0,0,0.36,0.30,0.40,27.56,17,17,0,0.50,0.50,0.50,27.12,17,17,0,0.10,0.00,0.20,27.95,17,17,0,1.06,1.00,1.10,27.46,17,17,0,0.21,0.20,0.30,27.15,17,17,0
470778,0.34,0.30,0.40,27.96,17,17,0,246.91,244.00,252.20,24.14,17,0,0,0.36,0.30,0.40,27.58,17,17,0,0.49,0.40,0.50,27.13,17,17,0,0.10,0.10,0.10,27.95,17,17,0,1.08,1.00,1.10,27.46,17,17,0,0.22,0.20,0.30,27.16,17,17,0
471278,0.36,0.30,0.40,27.96,17,17,0,247.61,244.20,252.20,24.14,17,0,0,0.36,0.30,0.40,27.57,17,17,0,0.49,0.40,0.50,27.12,17,17,0,0.09,0.00,0.10,27.96,17,17,0,1.08,1.00,1.10,27.45,17,17,0,0.22,0.20,0.30,27.15,17,17,0
471778,0.35,0.30,0.40,27.99,17,17,0,248.32,245.20,253.20,24.13,17,0,0,0.35,0.30,0.40,27.56,17,17,0,0.52,0.50,0.60,27.12,17,17,0,0.09,0.00,0.10,27.96,17,17,0,1.06,1.00,1.10,27.46,17,17,0,0.22,0.20,0.30,27.15,17,17,0
472278,0.36,0.30,0.40,27.96,17,17,0,247.64,244.90,254.00,24.13,17,0,0,0.36,0.30,0.40,27.56,17,17,0,0.50,0.50,0.50,27.12,17,17,0,0.09,0.00,0.10,27.96,17,17,0,1.08,1.00,1.10,27.45,17,17,0,0.23,0.20,0.30,27.15,17,17,0
472791,0.32,0.30,0.40,27.95,17,17,0,246.06,242.50,251.90,24.13,17,0,0,0.34,0.30,0.40,27.55,17,17,0,0.50,0.50,0.50,27.12,17,17,0,0.10,0.10,0.10,27.97,17,17,0,1.04,1.00,1.10,27.45,17,17,0,0.24,0.20,0.30,27.16,17,17,0
473292,0.35,0.30,0.40,27.97,17,17,0,245.66,242.70,252.50,24.13,17,0,0,0.35,0.30,0.40,27.58,17,17,0,0.50,0.50,0.50,27.13,17,17,0,0.09,0.00,0.10,27.95,17,17,0,1.07,1.00,1.10,27.46,17,17,0,0.23,0.20,0.30,27.16,17,17,0
473795,0.33,0.30,0.40,27.97,17,17,0,244.08,241.40,250.30,24.14,17,0,0,0.33,0.30,0.40,27.58,17,17,0,0.51,0.50,0.60,27.11,17,17,0,0.11,0.10,0.20,27.97,17,17,0,1.07,1.00,1.10,27.46,17,17,0,0.22,0.20,0.30,27.15,17,17,0
474296,0.34,0.30,0.40,27.97,17,17,0,242.46,239.70,248.20,24.12,17,0,0,0.35,0.30,0.40,27.56,17,17,0,0.50,0.50,0.50,27.13,17,17,0,0.10,0.10,0.10,27.95,17,17,0,1.06,1.00,1.10,27.47,17,17,0,0.22,0.20,0.30,27.15,17,17,0
474796,0.36,0.30,0.40,27.96,17,17,0,242.03,238.30,247.10,24.14,17,0,0,0.36,0.30,0.40,27.57,17,17,0,0.50,0.50,0.50,27.12,17,17,0,0.10,0.10,0.10,27.97,17,17,0,1.07,1.00,1.10,27.48,17,17,0,0.21,0.20,0.30,27.17,17,17,0
475296,0.34,0.30,0.40,27.96,17,17,0,242.04,239.00,248.10,24.15,17,0,0,0.36,0.30,0.40,27.58,17,17,0,0.50,0.50,0.50,27.14,17,17,0,0.10,0.10,0.10,27.98,17,17,0,1.07,1.00,1.10,27.46,17,17,0,0.24,0.20,0.30,27.15,17,17,0
475803,0.32,0.30,0.40,27.98,18,18,0,242.00,238.10,247.50,24.17,18,0,0,0.37,0.30,0.40,27.57,18,18,0,0.50,0.50,0.50,27.12,18,18,0,0.09,0.00,0.10,27.97,18,18,0,1.04,1.00,1.10,27.47,18,18,0,0.23,0.20,0.30,27.15,18,18,0
476313,0.34,0.30,0.40,27.97,18,18,0,241.87,238.70,247.60,24.15,18,0,0,0.34,0.30,0.40,27.59,18,18,0,0.50,0.50,0.50,27.14,18,18,0,0.10,0.00,0.20,27.95,18,18,0,1.07,1.00,1.10,27.47,18,18,0,0.22,0.20,0.30,27.15,18,18,0
476813,0.34,0.30,0.40,27.97,17,17,0,243.19,239.60,248.30,24.15,17,0,0,0.35,0.30,0.40,27.56,17,17,0,0.50,0.50,0.50,27.12,17,17,0,0.09,0.00,0.10,27.97,17,17,0,1.08,1.00,1.10,27.48,17,17,0,0.21,0.20,0.30,27.17,17,17,0
477325,0.34,0.30,0.40,27.97,18,18,0,244.00,240.00,252.60,24.14,18,0,0,0.33,0.30,0.40,27.58,18,18,0,0.50,0.50,0.50,27.13,18,18,0,0.11,0.10,0.20,27.97,18,18,0,1.08,1.00,1.10,27.46,18,18,0,0.22,0.20,0.30,27.14,18,18,0
477825,0.34,0.30,0.40,27.98,18,18,0,245.99,243.20,250.70,24.13,18,0,0,0.34,0.30,0.40,27.59,18,18,0,0.51,0.50,0.60,27.13,18,18,0,0.10,0.10,0.10,27.96,18,18,0,1.06,1.00,1.10,27.46,18,18,0,0.24,0.20,0.30,27.15,18,18,0
478332,0.34,0.30,0.40,27.96,17,17,0,246.33,241.40,252.20,24.15,17,0,0,0.38,0.30,0.40,27.58,17,17,0,0.50,0.50,0.50,27.15,17,17,0,0.07,0.00,0.10,27.97,17,17,0,1.08,1.00,1.10,27.46,17,17,0,0.22,0.20,0.30,27.17,17,17,0
478832,0.35,0.30,0.40,27.98,17,17,0,246.93,244.40,253.90,24.13,17,0,0,0.34,0.30,0.40,27.56,17,17,0,0.50,0.50,0.50,27.12,17,17,0,0.09,0.00,0.10,27.97,17,17,0,1.06,1.00,1.10,27.47,17,17,0,0.21,0.20,0.30,27.18,17,17,0
479332,0.36,0.30,0.40,27.98,17,17,0,246.25,243.30,251.50,24.13,17,0,0,0.36,0.30,0.40,27.58,17,17,0,0.50,0.50,0.50,27.13,17,17,0,0.10,0.10,0.10,27.96,17,17,0,1.06,1.00,1.10,27.48,17,17,0,0.21,0.20,0.30,27.16,17,17,0
479835,0.35,0.30,0.40,27.98,17,17,0,245.53,242.50,249.90,24.12,17,0,0,0.34,0.30,0.40,27.57,17,17,0,0.51,0.50,0.60,27.13,17,17,0,0.10,0.10,0.10,27.97,17,17,0,1.05,1.00,1.10,27.46,17,17,0,0.23,0.20,0.30,27.15,17,17,0
480340,0.34,0.30,0.40,27.97,17,17,0,244.81,242.00,250.70,24.12,17,0,0,0.35,0.30,0.40,27.56,17,17,0,0.51,0.50,0.60,27.13,17,17,0,0.09,0.00,0.20,27.95,17,17,0,1.06,1.00,1.10,27.47,17,17,0,0.20,0.20,0.20,27.16,17,17,0
480840,0.36,0.30,0.40,27.97,17,17,0,243.21,238.40,248.70,24.13,17,0,0,0.36,0.30,0.40,27.57,17,17,0,0.50,0.50,0.50,27.13,17,17,0,0.09,0.00,0.10,27.95,17,17,0,1.07,1.00,1.10,27.46,17,17,0,0.22,0.20,0.30,27.16,17,17,0
481340,0.33,0.30,0.40,27.97,17,17,0,241.29,237.30,246.70,24.14,17,0,0,0.36,0.30,0.40,27.58,17,17,0,0.50,0.50,0.50,27.13,17,17,0,0.11,0.10,0.20,27.96,17,17,0,1.06,1.00,1.10,27.47,17,17,0,0.21,0.20,0.30,27.14,17,17,0
481840,0.34,0.30,0.40,27.98,17,17,0,240.92,237.30,247.00,24.14,17,0,0,0.34,0.30,0.40,27.60,17,17,0,0.49,0.40,0.50,27.12,17,17,0,0.09,0.00,0.10,27.97,17,17,0,1.06,1.00,1.10,27.47,17,17,0,0.21,0.10,0.30,27.15,17,17,0
482343,0.34,0.30,0.40,27.97,17,17,0,241.78,239.50,250.20,24.15,17,0,0,0.35,0.30,0.40,27.58,17,17,0,0.49,0.40,0.50,27.13,17,17,0,0.10,0.10,0.10,27.97,17,17,0,1.08,1.00,1.10,27.47,17,17,0,0.22,0.20,0.30,27.16,17,17,0
482856,0.34,0.30,0.40,27.98,18,18,0,241.63,237.80,248.70,24.14,18,0,0,0.36,0.30,0.40,27.57,18,18,0,0.50,0.50,0.50,27.14,18,18,0,0.09,0.00,0.10,27.97,18,18,0,1.06,1.00,1.10,27.46,18,18,0,0.24,0.20,0.30,27.17,18,18,0
483356,0.34,0.30,0.40,27.97,17,17,0,241.66,238.30,248.30,24.17,17,0,0,0.36,0.30,0.40,27.58,17,17,0,0.50,0.50,0.50,27.14,17,17,0,0.09,0.00,0.10,27.98,17,17,0,1.07,1.00,1.10,27.47,17,17,0,0.21,0.20,0.30,27.16,17,17,0
483869,0.34,0.30,0.40,27.97,18,18,0,243.11,239.70,249.50,24.14,18,0,0,0.34,0.30,0.40,27.57,18,18,0,0.50,0.50,0.50,27.12,18,18,0,0.09,0.00,0.20,27.97,18,18,0,1.07,1.00,1.10,27.47,18,18,0,0.22,0.20,0.30,27.18,18,18,0
484369,0.35,0.30,0.40,27.98,17,17,0,243.48,239.90,249.60,24.15,17,0,0,0.34,0.30,0.40,27.58,17,17,0,0.50,0.50,0.50,27.13,17,17,0,0.10,0.10,0.10,27.97,17,17,0,1.09,1.00,1.10,27.46,17,17,0,0.24,0.20,0.30,27.16,17,17,0
484878,0.34,0.30,0.40,27.99,18,18,0,245.32,242.00,250.50,24.14,18,0,0,0.35,0.30,0.40,27.58,18,18,0,0.50,0.50,0.50,27.13,18,18,0,0.10,0.10,0.10,27.98,18,18,0,1.06,1.00,1.10,27.46,18,18,0,0.23,0.20,0.30,27.16,18,18,0
485378,0.35,0.30,0.40,27.98,17,17,0,246.79,243.60,252.50,24.15,17,0,0,0.36,0.30,0.40,27.59,17,17,0,0.50,0.40,0.60,27.12,17,17,0,0.09,0.00,0.10,27.97,17,17,0,1.06,1.00,1.10,27.47,17,17,0,0.22,0.20,0.30,27.16,17,17,0
485878,0.33,0.30,0.40,27.98,17,17,0,247.39,244.60,254.50,24.12,17,0,0,0.35,0.30,0.40,27.58,17,17,0,0.50,0.50,0.50,27.15,17,17,0,0.10,0.10,0.10,27.96,17,17,0,1.08,1.00,1.10,27.49,17,17,0,0.23,0.20,0.30,27.16,17,17,0
486378,0.34,0.30,0.40,27.99,17,17,0,246.85,243.30,254.70,24.13,17,0,0,0.35,0.30,0.40,27.57,17,17,0,0.50,0.40,0.60,27.15,17,17,0,0.09,0.00,0.10,27.97,17,17,0,1.05,1.00,1.10,27.47,17,17,0,0.23,0.20,0.30,27.15,17,17,0
486878,0.35,0.30,0.40,27.99,17,17,0,246.04,242.40,251.00,24.13,17,0,0,0.35,0.30,0.40,27.57,17,17,0,0.50,0.50,0.50,27.14,17,17,0,0.09,0.00,0.10,27.98,17,17,0,1.08,1.00,1.10,27.48,17,17,0,0.25,0.20,0.30,27.17,17,17,0
487378,0.35,0.30,0.40,27.98,17,17,0,246.41,243.80,253.30,24.13,17,0,0,0.35,0.30,0.40,27.58,17,17,0,0.51,0.50,0.60,27.14,17,17,0,0.10,0.00,0.20,27.97,17,17,0,1.06,1.00,1.10,27.48,17,17,0,0.23,0.20,0.30,27.18,17,17,0
487878,0.34,0.30,0.40,27.98,18,18,0,245.81,243.50,250.60,24.12,18,0,0,0.33,0.30,0.40,27.60,18,18,0,0.51,0.50,0.60,27.14,18,18,0,0.10,0.00,0.20,27.97,18,18,0,1.07,1.00,1.10,27.49,18,18,0,0.23,0.20,0.30,27.17,18,18,0
488378,0.36,0.30,0.40,27.97,16,16,0,245.37,241.80,250.30,24.15,16,0,0,0.34,0.30,0.40,27.58,16,16,0,0.49,0.40,0.50,27.13,16,16,0,0.09,0.00,0.10,27.97,16,16,0,1.08,1.00,1.10,27.47,16,16,0,0.22,0.20,0.30,27.16,16,16,0
488878,0.35,0.30,0.40,27.98,17,17,0,245.64,242.50,251.60,24.12,17,0,0,0.36,0.30,0.40,27.56,17,17,0,0.50,0.50,0.50,27.14,17,17,0,0.09,-0.10,0.10,27.98,17,17,0,1.07,1.00,1.10,27.47,17,17,0,0.23,0.20,0.30,27.16,17,17,0
489381,0.35,0.30,0.40,27.98,17,17,0,247.54,244.80,253.40,24.14,17,0,0,0.34,0.30,0.40,27.59,17,17,0,0.49,0.40,0.50,27.12,17,17,0,0.10,0.10,0.10,27.98,17,17,0,1.06,1.00,1.10,27.48,17,17,0,0.22,0.20,0.30,27.15,17,17,0
489881,0.34,0.30,0.40,27.99,17,17,0,248.15,243.60,257.00,24.12,17,0,0,0.35,0.30,0.40,27.58,17,17,0,0.50,0.50,0.50,27.14,17,17,0,0.09,0.00,0.20,27.99,17,17,0,1.07,1.00,1.10,27.47,17,17,0,0.22,0.20,0.30,27.16,17,17,0
490385,0.35,0.30,0.40,27.99,17,17,0,248.91,245.30,254.50,24.12,17,0,0,0.35,0.30,0.40,27.59,17,17,0,0.51,0.50,0.60,27.13,17,17,0,0.10,0.10,0.10,27.98,17,17,0,1.08,1.00,1.10,27.48,17,17,0,0.22,0.20,0.30,27.18,17,17,0
490885,0.33,0.30,0.40,27.97,17,17,0,250.66,247.70,258.40,24.13,17,0,0,0.36,0.30,0.40,27.57,17,17,0,0.51,0.50,0.60,27.14,17,17,0,0.10,0.10,0.10,27.98,17,17,0,1.05,1.00,1.10,27.47,17,17,0,0.22,0.20,0.30,27.16,17,17,0
491385,0.34,0.30,0.40,27.99,17,17,0,251.99,248.20,259.00,24.12,17,0,0,0.35,0.30,0.40,27.59,17,17,0,0.50,0.50,0.50,27.13,17,17,0,0.10,0.10,0.10,27.98,17,17,0,1.06,1.00,1.10,27.48,17,17,0,0.22,0.20,0.30,27.16,17,17,0
491895,0.35,0.30,0.40,27.99,17,17,0,255.32,251.20,261.50,24.13,17,0,0,0.36,0.30,0.40,27.59,17,17,0,0.49,0.40,0.50,27.13,17,17,0,0.09,0.00,0.20,27.98,17,17,0,1.06,1.00,1.10,27.48,17,17,0,0.21,0.20,0.30,27.18,17,17,0
492395,0.34,0.30,0.40,27.99,17,17,0,257.62,253.70,265.20,24.12,17,0,0,0.34,0.30,0.40,27.58,17,17,0,0.49,0.40,0.50,27.14,17,17,0,0.10,0.10,0.10,27.98,17,17,0,1.05,1.00,1.10,27.48,17,17,0,0.22,0.10,0.30,27.19,17,17,0
492895,0.35,0.30,0.40,27.99,17,17,0,259.20,256.10,267.20,24.10,17,0,0,0.34,0.30,0.40,27.58,17,17,0,0.50,0.50,0.50,27.15,17,17,0,0.11,0.10,0.20,27.99,17,17,0,1.06,1.00,1.10,27.48,17,17,0,0.21,0.20,0.30,27.17,17,17,0
493395,0.33,0.30,0.40,27.98,17,17,0,260.09,255.00,266.40,24.12,17,0,0,0.36,0.30,0.40,27.60,17,17,0,0.50,0.50,0.50,27.14,17,17,0,0.09,0.00,0.10,27.99,17,17,0,1.08,1.00,1.10,27.47,17,17,0,0.24,0.20,0.30,27.17,17,17,0
493895,0.35,0.30,0.40,27.98,17,17,0,259.72,256.00,265.00,24.12,17,0,0,0.35,0.30,0.40,27.59,17,17,0,0.50,0.50,0.50,27.14,17,17,0,0.10,0.10,0.10,27.98,17,17,0,1.08,1.00,1.10,27.47,17,17,0,0.21,0.20,0.30,27.16,17,17,0
494395,0.36,0.30,0.40,27.98,17,17,0,260.62,257.80,268.80,24.11,17,0,0,0.33,0.30,0.40,27.59,17,17,0,0.50,0.50,0.50,27.12,17,17,0,0.10,0.00,0.20,27.98,17,17,0,1.06,1.00,1.10,27.48,17,17,0,0.22,0.20,0.30,27.17,17,17,0
494895,0.34,0.30,0.40,27.97,17,17,0,260.49,255.60,269.00,24.11,17,0,0,0.36,0.30,0.40,27.58,17,17,0,0.49,0.40,0.50,27.15,17,17,0,0.09,0.00,0.10,27.99,17,17,0,1.06,1.00,1.10,27.47,17,17,0,0.22,0.20,0.30,27.17,17,17,0
495399,0.36,0.30,0.40,27.98,17,17,0,260.25,256.30,266.50,24.10,17,0,0,0.35,0.30,0.40,27.58,17,17,0,0.50,0.50,0.50,27.15,17,17,0,0.09,0.00,0.10,27.98,17,17,0,1.06,1.00,1.10,27.49,17,17,0,0.21,0.20,0.30,27.18,17,17,0
495900,0.35,0.30,0.40,27.98,17,17,0,261.14,258.10,268.70,24.10,17,0,0,0.36,0.30,0.40,27.58,17,17,0,0.49,0.40,0.50,27.15,17,17,0,0.11,0.10,0.20,27.98,17,17,0,1.06,1.00,1.10,27.46,17,17,0,0.23,0.20,0.30,27.18,17,17,0
496403,0.34,0.30,0.40,27.98,17,17,0,262.43,258.90,270.00,24.10,17,0,0,0.35,0.30,0.40,27.60,17,17,0,0.50,0.50,0.50,27.14,17,17,0,0.10,0.10,0.10,27.98,17,17,0,1.07,1.00,1.10,27.47,17,17,0,0.21,0.20,0.30,27.19,17,17,0
496912,0.33,0.30,0.40,27.97,18,18,0,262.59,257.70,267.80,24.11,18,0,0,0.34,0.30,0.40,27.60,18,18,0,0.50,0.50,0.50,27.16,18,18,0,0.08,0.00,0.10,28.00,18,18,0,1.07,1.00,1.10,27.48,18,18,0,0.22,0.20,0.30,27.17,18,18,0
497412,0.36,0.30,0.40,27.99,17,17,0,262.07,258.00,268.90,24.12,17,0,0,0.35,0.30,0.40,27.59,17,17,0,0.49,0.40,0.50,27.15,17,17,0,0.11,0.10,0.20,28.00,17,17,0,1.08,1.00,1.10,27.49,17,17,0,0.22,0.20,0.30,27.17,17,17,0
497912,0.36,0.30,0.40,27.99,17,17,0,263.52,260.60,272.20,24.10,17,0,0,0.36,0.30,0.40,27.58,17,17,0,0.50,0.50,0.50,27.15,17,17,0,0.09,0.00,0.10,27.99,17,17,0,1.07,1.00,1.10,27.50,17,17,0,0.23,0.20,0.30,27.17,17,17,0
498412,0.35,0.30,0.40,27.99,18,18,0,263.06,259.30,270.00,24.10,18,0,0,0.37,0.30,0.40,27.58,18,18,0,0.49,0.40,0.50,27.15,18,18,0,0.09,0.00,0.10,27.99,18,18,0,1.04,1.00,1.10,27.47,18,18,0,0.24,0.20,0.30,27.18,18,18,0
498923,0.36,0.30,0.40,27.98,17,17,0,263.66,260.60,270.50,24.10,17,0,0,0.36,0.30,0.40,27.60,17,17,0,0.50,0.50,0.50,27.15,17,17,0,0.09,0.00,0.10,27.99,17,17,0,1.06,1.00,1.10,27.48,17,17,0,0.24,0.20,0.30,27.18,17,17,0
499423,0.35,0.30,0.40,27.98,17,17,0,266.48,262.80,271.60,24.11,17,0,0,0.35,0.30,0.40,27.59,17,17,0,0.49,0.40,0.50,27.15,17,17,0,0.10,0.10,0.10,27.99,17,17,0,1.08,1.00,1.10,27.49,17,17,0,0.21,0.20,0.30,27.19,17,17,0
499923,0.34,0.30,0.40,28.00,17,17,0,266.83,262.90,272.30,24.10,17,0,0,0.34,0.30,0.40,27.59,17,17,0,0.49,0.40,0.50,27.15,17,17,0,0.11,0.10,0.20,27.97,17,17,0,1.06,1.00,1.10,27.48,17,17,0,0.22,0.20,0.30,27.17,17,17,0
500423,0.37,0.30,0.40,27.99,17,17,0,265.57,261.60,272.40,24.10,17,0,0,0.36,0.30,0.40,27.60,17,17,0,0.50,0.50,0.50,27.15,17,17,0,0.09,0.00,0.10,28.01,17,17,0,1.08,1.00,1.10,27.50,17,17,0,0.21,0.20,0.30,27.18,17,17,0
500923,0.35,0.30,0.40,27.99,17,17,0,264.16,260.00,269.90,24.09,17,0,0,0.35,0.30,0.40,27.58,17,17,0,0.50,0.50,0.50,27.17,17,17,0,0.09,0.00,0.10,28.00,17,17,0,1.06,1.00,1.10,27.48,17,17,0,0.21,0.20,0.30,27.19,17,17,0
501424,0.34,0.30,0.40,27.99,17,17,0,264.59,262.10,271.10,24.09,17,0,0,0.34,0.30,0.40,27.58,17,17,0,0.50,0.50,0.50,27.13,17,17,0,0.09,0.00,0.10,28.00,17,17,0,1.06,1.00,1.10,27.48,17,17,0,0.24,0.20,0.30,27.19,17,17,0
501924,0.35,0.30,0.40,27.97,17,17,0,264.08,260.00,273.50,24.09,17,0,0,0.36,0.30,0.40,27.60,17,17,0,0.50,0.50,0.50,27.16,17,17,0,0.09,0.00,0.10,27.98,17,17,0,1.07,1.00,1.10,27.48,17,17,0,0.22,0.20,0.30,27.19,17,17,0
502424,0.36,0.30,0.40,27.99,17,17,0,262.99,259.20,270.70,24.11,17,0,0,0.34,0.30,0.40,27.57,17,17,0,0.50,0.50,0.50,27.14,17,17,0,0.09,0.00,0.10,27.98,17,17,0,1.07,1.00,1.10,27.49,17,17,0,0.24,0.20,0.30,27.19,17,17,0
502925,0.37,0.30,0.40,28.00,17,17,0,263.96,260.40,272.10,24.10,17,0,0,0.33,0.30,0.40,27.59,17,17,0,0.50,0.50,0.50,27.14,17,17,0,0.11,0.10,0.20,28.00,17,17,0,1.09,1.00,1.10,27.49,17,17,0,0.21,0.20,0.30,27.18,17,17,0
503438,0.34,0.30,0.40,27.99,18,18,0,263.36,259.80,270.90,24.08,18,0,0,0.33,0.30,0.40,27.59,18,18,0,0.49,0.40,0.50,27.13,18,18,0,0.09,0.00,0.10,28.00,18,18,0,1.09,1.00,1.10,27.48,18,18,0,0.22,0.20,0.30,27.19,18,18,0
503938,0.35,0.30,0.40,27.98,17,17,0,262.24,258.50,270.00,24.10,17,0,0,0.34,0.30,0.40,27.59,17,17,0,0.51,0.50,0.60,27.13,17,17,0,0.10,0.10,0.10,28.00,17,17,0,1.06,1.00,1.10,27.50,17,17,0,0.23,0.20,0.30,27.18,17,17,0
504438,0.35,0.30,0.40,27.98,17,17,0,262.46,258.30,270.20,24.08,17,0,0,0.35,0.30,0.40,27.60,17,17,0,0.50,0.50,0.50,27.14,17,17,0,0.10,0.10,0.10,27.99,17,17,0,1.06,1.00,1.10,27.49,17,17,0,0.22,0.20,0.30,27.17,17,17,0
504938,0.35,0.30,0.40,27.98,17,17,0,262.96,259.70,271.10,24.09,17,0,0,0.34,0.30,0.40,27.59,17,17,0,0.49,0.40,0.50,27.13,17,17,0,0.09,0.00,0.10,27.99,17,17,0,1.06,1.00,1.10,27.47,17,17,0,0.23,0.20,0.30,27.19,17,17,0
505438,0.34,0.30,0.40,27.98,17,17,0,262.02,258.50,268.70,24.10,17,0,0,0.34,0.30,0.40,27.58,17,17,0,0.50,0.50,0.50,27.14,17,17,0,0.10,0.10,0.10,28.00,17,17,0,1.08,1.00,1.10,27.47,17,17,0,0.22,0.20,0.30,27.19,17,17,0
505938,0.36,0.30,0.40,27.98,17,17,0,263.76,260.50,269.30,24.09,17,0,0,0.32,0.30,0.40,27.58,17,17,0,0.50,0.50,0.50,27.15,17,17,0,0.10,0.10,0.10,28.00,17,17,0,1.08,1.00,1.10,27.49,17,17,0,0.21,0.20,0.30,27.18,17,17,0
506438,0.35,0.30,0.40,28.00,17,17,0,265.88,262.70,273.40,24.09,17,0,0,0.35,0.30,0.40,27.60,17,17,0,0.49,0.40,0.50,27.14,17,17,0,0.09,0.00,0.10,28.00,17,17,0,1.07,1.00,1.10,27.48,17,17,0,0.23,0.20,0.30,27.18,17,17,0
506938,0.37,0.30,0.40,27.99,17,17,0,265.37,262.60,273.30,24.09,17,0,0,0.36,0.30,0.40,27.60,17,17,0,0.49,0.40,0.50,27.13,17,17,0,0.09,0.00,0.10,28.00,17,17,0,1.08,1.00,1.10,27.50,17,17,0,0.22,0.20,0.30,27.17,17,17,0
507438,0.34,0.30,0.40,27.99,17,17,0,264.21,260.50,271.40,24.10,17,0,0,0.36,0.30,0.40,27.59,17,17,0,0.50,0.50,0.50,27.14,17,17,0,0.11,0.10,0.20,27.99,17,17,0,1.09,1.00,1.10,27.48,17,17,0,0.22,0.20,0.30,27.19,17,17,0
507938,0.34,0.30,0.40,27.99,17,17,0,263.42,259.20,269.40,24.10,17,0,0,0.37,0.30,0.40,27.59,17,17,0,0.49,0.40,0.50,27.14,17,17,0,0.09,0.00,0.10,27.99,17,17,0,1.08,1.00,1.10,27.49,17,17,0,0.21,0.20,0.30,27.19,17,17,0
508438,0.35,0.30,0.40,27.99,17,17,0,263.49,260.30,270.60,24.09,17,0,0,0.35,0.30,0.40,27.61,17,17,0,0.50,0.50,0.50,27.14,17,17,0,0.09,0.00,0.10,28.00,17,17,0,1.09,1.00,1.10,27.49,17,17,0,0.22,0.20,0.30,27.18,17,17,0
508938,0.35,0.30,0.40,27.98,17,17,0,262.92,258.80,270.40,24.09,17,0,0,0.35,0.30,0.40,27.60,17,17,0,0.50,0.50,0.50,27.15,17,17,0,0.10,0.10,0.10,27.99,17,17,0,1.07,1.00,1.10,27.48,17,17,0,0.21,0.20,0.30,27.18,17,17,0
509438,0.36,0.30,0.40,28.00,17,17,0,261.22,257.40,266.50,24.12,17,0,0,0.36,0.30,0.40,27.61,17,17,0,0.50,0.50,0.50,27.14,17,17,0,0.11,0.10,0.20,27.99,17,17,0,1.06,1.00,1.10,27.48,17,17,0,0.22,0.20,0.30,27.20,17,17,0
509938,0.35,0.30,0.40,27.99,17,17,0,261.39,258.90,269.50,24.09,17,0,0,0.35,0.30,0.40,27.61,17,17,0,0.50,0.50,0.50,27.15,17,17,0,0.10,0.10,0.10,28.00,17,17,0,1.06,1.00,1.10,27.48,17,17,0,0.22,0.20,0.30,27.20,17,17,0
510438,0.34,0.30,0.40,28.00,17,17,0,260.75,258.20,269.50,24.08,17,0,0,0.36,0.30,0.40,27.60,17,17,0,0.50,0.50,0.50,27.17,17,17,0,0.09,0.00,0.10,28.00,17,17,0,1.08,1.00,1.10,27.49,17,17,0,0.22,0.20,0.30,27.18,17,17,0
510941,0.35,0.30,0.40,27.99,17,17,0,260.01,256.30,267.60,24.10,17,0,0,0.35,0.30,0.40,27.61,17,17,0,0.50,0.50,0.50,27.16,17,17,0,0.09,0.00,0.10,28.01,17,17,0,1.06,1.00,1.10,27.48,17,17,0,0.21,0.20,0.30,27.19,17,17,0
511441,0.34,0.30,0.40,27.98,17,17,0,260.09,256.50,265.70,24.10,17,0,0,0.38,0.30,0.40,27.60,17,17,0,0.49,0.40,0.50,27.15,17,17,0,0.09,0.00,0.10,28.00,17,17,0,1.08,1.00,1.10,27.50,17,17,0,0.22,0.20,0.30,27.19,17,17,0
511941,0.35,0.30,0.40,27.99,17,17,0,260.32,257.30,268.00,24.11,17,0,0,0.37,0.30,0.40,27.60,17,17,0,0.50,0.50,0.50,27.14,17,17,0,0.09,0.00,0.20,28.00,17,17,0,1.04,1.00,1.10,27.50,17,17,0,0.21,0.20,0.30,27.19,17,17,0
512441,0.35,0.30,0.40,28.00,17,17,0,259.84,255.80,265.80,24.09,17,0,0,0.36,0.30,0.40,27.61,17,17,0,0.50,0.50,0.50,27.16,17,17,0,0.09,0.00,0.10,28.00,17,17,0,1.07,1.00,1.10,27.50,17,17,0,0.24,0.20,0.30,27.21,17,17,0
512945,0.36,0.30,0.40,27.99,17,17,0,259.66,256.20,266.40,24.11,17,0,0,0.35,0.30,0.40,27.60,17,17,0,0.50,0.50,0.50,27.17,17,17,0,0.10,0.10,0.10,27.99,17,17,0,1.06,1.00,1.10,27.49,17,17,0,0.26,0.20,0.30,27.19,17,17,0
513445,0.35,0.30,0.40,27.99,17,17,0,262.41,260.20,270.20,24.09,17,0,0,0.38,0.30,0.40,27.59,17,17,0,0.50,0.50,0.50,27.15,17,17,0,0.10,0.10,0.10,28.00,17,17,0,1.07,1.00,1.10,27.50,17,17,0,0.22,0.20,0.30,27.21,17,17,0
513945,0.35,0.30,0.40,27.99,17,17,0,262.13,257.80,270.30,24.10,17,0,0,0.34,0.30,0.40,27.60,17,17,0,0.50,0.50,0.50,27.17,17,17,0,0.09,0.00,0.10,28.01,17,17,0,1.07,1.00,1.10,27.49,17,17,0,0.22,0.20,0.30,27.20,17,17,0
514451,0.34,0.30,0.40,27.99,17,17,0,260.63,257.20,266.50,24.09,17,0,0,0.35,0.30,0.40,27.60,17,17,0,0.51,0.50,0.60,27.15,17,17,0,0.11,0.10,0.20,28.00,17,17,0,1.09,1.00,1.10,27.50,17,17,0,0.23,0.20,0.30,27.21,17,17,0
514951,0.37,0.30,0.40,27.99,17,17,0,260.54,257.30,266.80,24.10,17,0,0,0.35,0.30,0.40,27.60,17,17,0,0.50,0.50,0.50,27.17,17,17,0,0.10,0.10,0.10,28.00,17,17,0,1.09,1.00,1.10,27.49,17,17,0,0.22,0.20,0.30,27.19,17,17,0
515455,0.34,0.30,0.40,28.00,17,17,0,260.16,256.50,266.80,24.10,17,0,0,0.38,0.30,0.40,27.59,17,17,0,0.50,0.50,0.50,27.15,17,17,0,0.09,0.00,0.10,27.99,17,17,0,1.05,1.00,1.10,27.49,17,17,0,0.21,0.20,0.30,27.20,17,17,0
515955,0.35,0.30,0.40,28.00,17,17,0,258.43,253.50,266.50,24.10,17,0,0,0.34,0.30,0.40,27.61,17,17,0,0.51,0.50,0.60,27.16,17,17,0,0.09,0.00,0.10,28.00,17,17,0,1.08,1.00,1.10,27.51,17,17,0,0.22,0.20,0.30,27.21,17,17,0
516459,0.35,0.30,0.40,28.00,17,17,0,256.01,252.30,263.70,24.10,17,0,0,0.34,0.30,0.40,27.60,17,17,0,0.50,0.50,0.50,27.16,17,17,0,0.09,0.00,0.10,28.00,17,17,0,1.08,1.00,1.10,27.49,17,17,0,0.22,0.20,0.30,27.22,17,17,0
516959,0.34,0.30,0.40,28.00,18,18,0,256.18,253.10,262.00,24.11,18,0,0,0.34,0.30,0.40,27.59,18,18,0,0.50,0.50,0.50,27.15,18,18,0,0.10,0.10,0.10,28.00,18,18,0,1.06,1.00,1.10,27.49,18,18,0,0.22,0.20,0.30,27.21,18,18,0
517467,0.34,0.30,0.40,28.01,17,17,0,255.91,252.00,264.80,24.10,17,0,0,0.36,0.30,0.40,27.60,17,17,0,0.50,0.50,0.50,27.15,17,17,0,0.10,0.10,0.10,28.01,17,17,0,1.08,1.00,1.10,27.51,17,17,0,0.22,0.20,0.30,27.19,17,17,0
517967,0.35,0.30,0.40,27.99,17,17,0,255.25,251.90,262.50,24.11,17,0,0,0.35,0.30,0.40,27.59,17,17,0,0.50,0.50,0.50,27.15,17,17,0,0.10,0.10,0.10,28.01,17,17,0,1.07,1.00,1.10,27.51,17,17,0,0.24,0.20,0.30,27.19,17,17,0
518467,0.36,0.30,0.40,28.00,17,17,0,256.12,252.80,263.00,24.11,17,0,0,0.35,0.30,0.40,27.61,17,17,0,0.49,0.40,0.50,27.18,17,17,0,0.10,0.00,0.20,27.99,17,17,0,1.09,1.00,1.10,27.50,17,17,0,0.22,0.20,0.30,27.20,17,17,0
518967,0.35,0.30,0.40,28.00,17,17,0,257.15,253.30,263.20,24.11,17,0,0,0.34,0.30,0.40,27.60,17,17,0,0.50,0.50,0.50,27.15,17,17,0,0.11,0.00,0.20,28.00,17,17,0,1.05,1.00,1.10,27.48,17,17,0,0.21,0.20,0.30,27.20,17,17,0
519467,0.35,0.30,0.40,28.01,17,17,0,256.29,252.50,262.20,24.11,17,0,0,0.35,0.30,0.40,27.60,17,17,0,0.50,0.50,0.50,27.17,17,17,0,0.09,0.00,0.10,28.02,17,17,0,1.06,1.00,1.10,27.50,17,17,0,0.21,0.20,0.30,27.20,17,17,0
519967,0.35,0.30,0.40,28.00,17,17,0,256.02,253.20,264.80,24.12,17,0,0,0.36,0.30,0.40,27.60,17,17,0,0.50,0.50,0.50,27.15,17,17,0,0.09,0.00,0.10,28.00,17,17,0,1.06,1.00,1.10,27.50,17,17,0,0.22,0.20,0.30,27.20,17,17,0
520471,0.36,0.30,0.40,28.00,17,17,0,258.69,256.10,265.20,24.10,17,0,0,0.34,0.30,0.40,27.59,17,17,0,0.50,0.50,0.50,27.17,17,17,0,0.10,0.10,0.10,27.99,17,17,0,1.06,1.00,1.10,27.50,17,17,0,0.22,0.20,0.30,27.19,17,17,0
520971,0.34,0.30,0.40,28.02,17,17,0,258.95,254.90,266.00,24.12,17,0,0,0.35,0.30,0.40,27.60,17,17,0,0.50,0.50,0.50,27.17,17,17,0,0.10,0.10,0.10,28.00,17,17,0,1.06,1.00,1.10,27.50,17,17,0,0.21,0.20,0.30,27.21,17,17,0
521477,0.33,0.30,0.40,28.00,17,17,0,257.74,254.40,263.50,24.11,17,0,0,0.35,0.30,0.40,27.59,17,17,0,0.49,0.40,0.50,27.16,17,17,0,0.09,0.00,0.10,28.00,17,17,0,1.08,1.00,1.10,27.51,17,17,0,0.21,0.20,0.30,27.22,17,17,0
521989,0.35,0.30,0.40,28.00,18,18,0,257.72,254.20,265.50,24.12,18,0,0,0.38,0.30,0.40,27.60,18,18,0,0.49,0.40,0.50,27.17,18,18,0,0.11,0.10,0.20,28.00,18,18,0,1.08,1.00,1.10,27.50,18,18,0,0.22,0.20,0.30,27.20,18,18,0
522489,0.35,0.30,0.40,28.01,17,17,0,257.08,253.80,264.10,24.10,17,0,0,0.37,0.30,0.40,27.61,17,17,0,0.50,0.50,0.50,27.15,17,17,0,0.10,0.10,0.10,28.00,17,17,0,1.08,1.00,1.10,27.50,17,17,0,0.22,0.20,0.30,27.18,17,17,0
522989,0.34,0.30,0.40,28.01,17,17,0,254.78,251.50,261.50,24.11,17,0,0,0.36,0.30,0.40,27.61,17,17,0,0.50,0.50,0.50,27.18,17,17,0,0.10,0.10,0.10,28.03,17,17,0,1.08,1.00,1.10,27.50,17,17,0,0.23,0.20,0.30,27.19,17,17,0
523498,0.32,0.30,0.40,28.00,18,18,0,253.01,249.30,258.10,24.12,18,0,0,0.37,0.30,0.40,27.62,18,18,0,0.51,0.50,0.60,27.16,18,18,0,0.09,0.00,0.10,27.99,18,18,0,1.06,1.00,1.10,27.49,18,18,0,0.23,0.20,0.30,27.20,18,18,0
523998,0.35,0.30,0.40,28.00,17,17,0,253.06,250.50,261.30,24.10,17,0,0,0.38,0.30,0.40,27.59,17,17,0,0.50,0.50,0.50,27.16,17,17,0,0.10,0.00,0.20,28.01,17,17,0,1.07,1.00,1.10,27.51,17,17,0,0.24,0.20,0.30,27.21,17,17,0
524498,0.35,0.30,0.40,28.02,17,17,0,252.24,248.70,260.30,24.11,17,0,0,0.36,0.30,0.40,27.60,17,17,0,0.50,0.40,0.60,27.17,17,17,0,0.10,0.00,0.20,28.02,17,17,0,1.07,1.00,1.10,27.51,17,17,0,0.22,0.20,0.30,27.19,17,17,0
524998,0.34,0.30,0.40,28.01,17,17,0,251.57,248.50,258.90,24.11,17,0,0,0.36,0.30,0.40,27.61,17,17,0,0.50,0.50,0.50,27.16,17,17,0,0.09,0.00,0.10,28.02,17,17,0,1.05,1.00,1.10,27.49,17,17,0,0.25,0.20,0.30,27.22,17,17,0
525498,0.35,0.30,0.40,28.00,17,17,0,252.81,249.20,258.80,24.12,17,0,0,0.35,0.30,0.40,27.60,17,17,0,0.50,0.50,0.50,27.17,17,17,0,0.09,0.00,0.10,28.00,17,17,0,1.08,1.00,1.10,27.50,17,17,0,0.22,0.20,0.30,27.21,17,17,0
525998,0.34,0.30,0.40,28.01,17,17,0,252.68,249.40,259.20,24.12,17,0,0,0.35,0.30,0.40,27.61,17,17,0,0.50,0.40,0.60,27.16,17,17,0,0.09,0.00,0.10,28.01,17,17,0,1.06,1.00,1.10,27.51,17,17,0,0.21,0.20,0.30,27.19,17,17,0
526498,0.35,0.30,0.40,28.02,17,17,0,252.00,248.20,257.50,24.12,17,0,0,0.35,0.30,0.40,27.60,17,17,0,0.50,0.50,0.50,27.18,17,17,0,0.09,0.00,0.10,28.00,17,17,0,1.05,1.00,1.10,27.50,17,17,0,0.22,0.20,0.30,27.19,17,17,0
526998,0.34,0.30,0.40,28.01,17,17,0,252.32,249.30,257.40,24.11,17,0,0,0.37,0.30,0.40,27.61,17,17,0,0.50,0.50,0.50,27.17,17,17,0,0.09,0.00,0.10,28.01,17,17,0,1.06,1.00,1.10,27.52,17,17,0,0.22,0.20,0.30,27.21,17,17,0
527498,0.31,0.30,0.40,28.00,17,17,0,255.01,253.00,261.10,24.12,17,0,0,0.37,0.30,0.40,27.62,17,17,0,0.50,0.50,0.50,27.19,17,17,0,0.11,0.10,0.20,28.01,17,17,0,1.08,1.00,1.10,27.51,17,17,0,0.22,0.20,0.30,27.22,17,17,0
528007,0.35,0.30,0.40,28.02,18,18,0,255.36,250.80,261.00,24.12,18,0,0,0.35,0.30,0.40,27.61,18,18,0,0.50,0.50,0.50,27.17,18,18,0,0.09,0.00,0.10,28.01,18,18,0,1.08,1.00,1.10,27.49,18,18,0,0.23,0.20,0.30,27.20,18,18,0
528508,0.34,0.30,0.40,27.99,17,17,0,253.98,250.40,258.90,24.11,17,0,0,0.37,0.30,0.40,27.59,17,17,0,0.51,0.50,0.60,27.17,17,17,0,0.10,0.10,0.10,28.02,17,17,0,1.07,1.00,1.10,27.50,17,17,0,0.22,0.10,0.30,27.20,17,17,0
529008,0.36,0.30,0.40,28.00,17,17,0,254.22,251.20,261.90,24.12,17,0,0,0.38,0.30,0.40,27.61,17,17,0,0.50,0.50,0.50,27.17,17,17,0,0.09,0.00,0.10,28.01,17,17,0,1.09,1.00,1.10,27.51,17,17,0,0.21,0.20,0.30,27.21,17,17,0
529521,0.35,0.30,0.40,28.01,17,17,0,252.78,249.80,258.50,24.13,17,0,0,0.35,0.30,0.40,27.61,17,17,0,0.50,0.50,0.50,27.16,17,17,0,0.09,0.00,0.10,28.01,17,17,0,1.08,1.00,1.10,27.50,17,17,0,0.22,0.20,0.30,27.20,17,17,0
530021,0.34,0.30,0.40,28.02,17,17,0,250.42,246.70,255.80,24.12,17,0,0,0.34,0.30,0.40,27.60,17,17,0,0.50,0.50,0.50,27.16,17,17,0,0.10,0.10,0.10,28.02,17,17,0,1.07,1.00,1.10,27.51,17,17,0,0.22,0.20,0.30,27.22,17,17,0
530530,0.35,0.30,0.40,28.02,18,18,0,249.09,245.70,254.70,24.12,18,0,0,0.36,0.30,0.40,27.61,18,18,0,0.49,0.40,0.50,27.16,18,18,0,0.10,0.10,0.10,28.00,18,18,0,1.08,1.00,1.10,27.52,18,18,0,0.21,0.20,0.30,27.21,18,18,0
531030,0.35,0.30,0.40,28.01,17,17,0,249.13,246.20,255.10,24.13,17,0,0,0.34,0.30,0.40,27.60,17,17,0,0.50,0.50,0.50,27.17,17,17,0,0.10,0.00,0.20,28.00,17,17,0,1.07,1.00,1.10,27.50,17,17,0,0.21,0.20,0.30,27.20,17,17,0
531543,0.34,0.30,0.40,28.00,18,18,0,248.16,244.00,256.20,24.12,18,0,0,0.35,0.30,0.40,27.59,18,18,0,0.49,0.40,0.50,27.17,18,18,0,0.09,0.00,0.10,28.01,18,18,0,1.09,1.00,1.10,27.52,18,18,0,0.23,0.20,0.30,27.21,18,18,0
532043,0.34,0.30,0.40,28.00,17,17,0,247.92,244.90,253.40,24.12,17,0,0,0.36,0.30,0.40,27.60,17,17,0,0.50,0.50,0.50,27.17,17,17,0,0.11,0.10,0.20,28.00,17,17,0,1.07,1.00,1.10,27.50,17,17,0,0.21,0.20,0.30,27.20,17,17,0
532543,0.34,0.30,0.40,28.03,17,17,0,248.98,246.00,256.20,24.13,17,0,0,0.34,0.30,0.40,27.60,17,17,0,0.50,0.50,0.50,27.16,17,17,0,0.09,0.00,0.10,28.00,17,17,0,1.07,1.00,1.10,27.51,17,17,0,0.22,0.20,0.30,27.20,17,17,0
533043,0.33,0.30,0.40,28.01,17,17,0,249.24,245.70,256.30,24.12,17,0,0,0.34,0.30,0.40,27.62,17,17,0,0.50,0.50,0.50,27.17,17,17,0,0.09,0.00,0.10,28.01,17,17,0,1.07,1.00,1.10,27.51,17,17,0,0.21,0.20,0.30,27.21,17,17,0
533543,0.35,0.30,0.40,28.00,17,17,0,249.02,245.30,256.10,24.12,17,0,0,0.32,0.30,0.40,27.61,17,17,0,0.50,0.50,0.50,27.17,17,17,0,0.11,0.10,0.20,28.00,17,17,0,1.08,1.00,1.10,27.51,17,17,0,0.22,0.20,0.30,27.24,17,17,0
534052,0.37,0.30,0.40,28.03,18,18,0,249.32,246.10,256.00,24.12,18,0,0,0.32,0.30,0.40,27.59,18,18,0,0.50,0.50,0.50,27.16,18,18,0,0.09,0.00,0.10,28.00,18,18,0,1.05,1.00,1.10,27.52,18,18,0,0.20,0.20,0.20,27.21,18,18,0
534557,0.35,0.30,0.40,28.01,17,17,0,252.05,249.00,257.10,24.14,17,0,0,0.33,0.30,0.40,27.59,17,17,0,0.50,0.50,0.50,27.18,17,17,0,0.10,0.10,0.10,28.01,17,17,0,1.06,1.00,1.10,27.51,17,17,0,0.22,0.20,0.30,27.21,17,17,0
535057,0.35,0.30,0.40,28.02,17,17,0,252.52,249.40,259.90,24.12,17,0,0,0.33,0.30,0.40,27.60,17,17,0,0.50,0.50,0.50,27.17,17,17,0,0.09,0.00,0.10,28.01,17,17,0,1.07,1.00,1.10,27.51,17,17,0,0.22,0.20,0.30,27.20,17,17,0
535557,0.32,0.30,0.40,28.01,17,17,0,251.07,247.00,257.40,24.12,17,0,0,0.36,0.30,0.40,27.62,17,17,0,0.50,0.50,0.50,27.16,17,17,0,0.09,0.00,0.10,28.01,17,17,0,1.08,1.00,1.10,27.51,17,17,0,0.21,0.20,0.30,27.20,17,17,0
536057,0.35,0.30,0.40,28.00,17,17,0,250.34,247.70,257.40,24.11,17,0,0,0.36,0.30,0.40,27.62,17,17,0,0.50,0.50,0.50,27.17,17,17,0,0.09,0.00,0.10,28.02,17,17,0,1.08,1.00,1.10,27.51,17,17,0,0.22,0.20,0.30,27.22,17,17,0
536566,0.34,0.30,0.40,28.01,18,18,0,248.73,246.20,255.00,24.11,18,0,0,0.34,0.30,0.40,27.60,18,18,0,0.50,0.50,0.50,27.19,18,18,0,0.09,0.00,0.20,28.02,18,18,0,1.06,1.00,1.10,27.51,18,18,0,0.23,0.20,0.30,27.21,18,18,0
537066,0.33,0.30,0.40,28.00,17,17,0,246.75,243.50,253.50,24.12,17,0,0,0.37,0.30,0.40,27.60,17,17,0,0.50,0.50,0.50,27.16,17,17,0,0.10,0.10,0.10,28.02,17,17,0,1.05,1.00,1.10,27.51,17,17,0,0.22,0.20,0.30,27.22,17,17,0
537566,0.33,0.30,0.40,28.02,17,17,0,245.34,241.20,249.70,24.12,17,0,0,0.37,0.30,0.40,27.62,17,17,0,0.50,0.50,0.50,27.17,17,17,0,0.10,0.10,0.10,28.02,17,17,0,1.08,1.00,1.10,27.50,17,17,0,0.21,0.20,0.30,27.21,17,17,0
538066,0.36,0.30,0.40,28.02,17,17,0,244.57,241.70,249.60,24.14,17,0,0,0.35,0.30,0.40,27.61,17,17,0,0.50,0.50,0.50,27.18,17,17,0,0.09,0.00,0.10,28.02,17,17,0,1.08,1.00,1.10,27.50,17,17,0,0.21,0.20,0.30,27.19,17,17,0
538567,0.36,0.30,0.40,28.00,17,17,0,243.58,239.90,249.40,24.13,17,0,0,0.36,0.30,0.40,27.60,17,17,0,0.50,0.50,0.50,27.16,17,17,0,0.10,0.10,0.10,28.03,17,17,0,1.08,1.00,1.10,27.52,17,17,0,0.22,0.20,0.30,27.22,17,17,0
539067,0.34,0.30,0.40,28.04,17,17,0,243.11,239.50,248.40,24.13,17,0,0,0.36,0.30,0.40,27.60,17,17,0,0.50,0.50,0.50,27.16,17,17,0,0.09,0.00,0.10,28.02,17,17,0,1.09,1.00,1.10,27.52,17,17,0,0.22,0.20,0.30,27.22,17,17,0
539567,0.38,0.30,0.40,28.05,17,17,0,243.43,240.90,250.40,24.14,17,0,0,0.34,0.30,0.40,27.61,17,17,0,0.50,0.50,0.50,27.18,17,17,0,0.09,0.00,0.10,28.02,17,17,0,1.06,1.00,1.10,27.52,17,17,0,0.21,0.20,0.30,27.22,17,17,0
540068,0.33,0.30,0.40,28.01,17,17,0,243.85,240.10,251.00,24.16,17,0,0,0.36,0.30,0.40,27.61,17,17,0,0.51,0.50,0.60,27.17,17,17,0,0.10,0.00,0.20,28.00,17,17,0,1.06,1.00,1.10,27.52,17,17,0,0.20,0.20,0.20,27.21,17,17,0
540577,0.35,0.30,0.40,28.01,17,17,0,243.06,240.10,248.60,24.14,17,0,0,0.36,0.30,0.40,27.62,17,17,0,0.50,0.50,0.50,27.18,17,17,0,0.10,0.10,0.10,28.01,17,17,0,1.09,1.00,1.10,27.52,17,17,0,0.22,0.20,0.30,27.22,17,17,0
541090,0.36,0.30,0.40,28.00,18,18,0,243.50,240.20,249.60,24.12,18,0,0,0.35,0.30,0.40,27.62,18,18,0,0.51,0.50,0.60,27.17,18,18,0,0.09,0.00,0.10,28.03,18,18,0,1.07,1.00,1.10,27.53,18,18,0,0.22,0.20,0.30,27.23,18,18,0
541590,0.34,0.30,0.40,27.99,17,17,0,245.69,243.20,252.20,24.14,17,0,0,0.35,0.30,0.40,27.61,17,17,0,0.50,0.50,0.50,27.16,17,17,0,0.10,0.00,0.20,28.03,17,17,0,1.06,1.00,1.10,27.53,17,17,0,0.22,0.20,0.30,27.23,17,17,0
542090,0.35,0.30,0.40,28.02,17,17,0,245.01,241.40,251.50,24.13,17,0,0,0.34,0.30,0.40,27.60,17,17,0,0.49,0.40,0.50,27.15,17,17,0,0.10,0.10,0.10,28.02,17,17,0,1.09,1.00,1.10,27.51,17,17,0,0.22,0.20,0.30,27.22,17,17,0
542590,0.36,0.30,0.40,28.02,17,17,0,242.75,239.30,246.50,24.14,17,0,0,0.35,0.30,0.40,27.62,17,17,0,0.50,0.50,0.50,27.18,17,17,0,0.09,0.00,0.10,28.04,17,17,0,1.08,1.00,1.10,27.51,17,17,0,0.20,0.20,0.20,27.22,17,17,0
543101,0.34,0.30,0.40,28.02,17,17,0,242.01,239.40,247.70,24.13,17,0,0,0.36,0.30,0.40,27.61,17,17,0,0.50,0.50,0.50,27.20,17,17,0,0.09,-0.10,0.10,28.02,17,17,0,1.09,1.00,1.10,27.52,17,17,0,0.21,0.20,0.30,27.20,17,17,0
543601,0.34,0.30,0.40,28.02,17,17,0,240.46,237.60,246.80,24.13,17,0,0,0.35,0.30,0.40,27.61,17,17,0,0.49,0.40,0.50,27.18,17,17,0,0.09,0.00,0.10,28.02,17,17,0,1.08,1.00,1.10,27.51,17,17,0,0.21,0.20,0.30,27.21,17,17,0
544101,0.35,0.30,0.40,28.03,17,17,0,238.99,235.50,245.20,24.14,17,0,0,0.38,0.30,0.40,27.62,17,17,0,0.50,0.50,0.50,27.18,17,17,0,0.10,0.10,0.10,28.02,17,17,0,1.09,1.00,1.10,27.52,17,17,0,0.21,0.20,0.30,27.21,17,17,0
544601,0.36,0.30,0.40,28.01,17,17,0,238.24,233.90,243.40,24.13,17,0,0,0.38,0.30,0.40,27.62,17,17,0,0.50,0.50,0.50,27.19,17,17,0,0.09,0.00,0.20,28.02,17,17,0,1.08,1.00,1.10,27.51,17,17,0,0.21,0.20,0.30,27.23,17,17,0
545114,0.34,0.30,0.40,28.02,18,18,0,237.71,234.60,242.70,24.15,18,0,0,0.36,0.30,0.40,27.61,18,18,0,0.50,0.50,0.50,27.18,18,18,0,0.10,0.10,0.10,28.03,18,18,0,1.08,1.00,1.10,27.52,18,18,0,0.22,0.20,0.30,27.23,18,18,0
545614,0.36,0.30,0.40,28.03,17,17,0,237.45,234.00,244.10,24.15,17,0,0,0.34,0.30,0.40,27.61,17,17,0,0.50,0.50,0.50,27.18,17,17,0,0.11,0.10,0.20,28.02,17,17,0,1.08,1.00,1.10,27.51,17,17,0,0.21,0.20,0.30,27.22,17,17,0
546114,0.36,0.30,0.40,28.02,17,17,0,236.73,233.20,242.10,24.16,17,0,0,0.36,0.30,0.40,27.60,17,17,0,0.50,0.50,0.50,27.18,17,17,0,0.09,0.00,0.10,28.02,17,17,0,1.09,1.00,1.10,27.51,17,17,0,0.21,0.20,0.30,27.23,17,17,0
546616,0.34,0.30,0.40,28.02,17,17,0,237.37,234.20,242.60,24.15,17,0,0,0.36,0.30,0.40,27.62,17,17,0,0.51,0.50,0.60,27.17,17,17,0,0.10,0.10,0.10,28.03,17,17,0,1.07,1.00,1.10,27.52,17,17,0,0.21,0.20,0.30,27.24,17,17,0
547116,0.36,0.30,0.40,28.02,17,17,0,237.78,233.70,243.50,24.14,17,0,0,0.34,0.30,0.40,27.62,17,17,0,0.50,0.40,0.60,27.18,17,17,0,0.10,0.10,0.10,28.02,17,17,0,1.09,1.00,1.10,27.52,17,17,0,0.21,0.20,0.30,27.21,17,17,0
547620,0.35,0.30,0.40,28.02,17,17,0,237.04,233.40,243.40,24.15,17,0,0,0.35,0.30,0.40,27.61,17,17,0,0.49,0.40,0.50,27.18,17,17,0,0.09,0.00,0.20,28.04,17,17,0,1.08,1.00,1.10,27.53,17,17,0,0.22,0.20,0.30,27.22,17,17,0
548129,0.35,0.30,0.40,28.02,18,18,0,238.09,235.50,243.80,24.13,18,0,0,0.37,0.30,0.40,27.62,18,18,0,0.50,0.50,0.50,27.18,18,18,0,0.11,0.10,0.20,28.03,18,18,0,1.07,1.00,1.10,27.52,18,18,0,0.21,0.20,0.30,27.23,18,18,0
548629,0.35,0.30,0.40,28.03,16,16,0,238.95,236.80,244.60,24.15,16,0,0,0.33,0.30,0.40,27.63,16,16,0,0.50,0.50,0.50,27.18,16,16,0,0.09,0.00,0.10,28.02,16,16,0,1.08,1.00,1.10,27.51,16,16,0,0.22,0.20,0.30,27.21,16,16,0
549129,0.35,0.30,0.40,28.02,17,17,0,237.98,234.00,242.50,24.16,17,0,0,0.36,0.30,0.40,27.61,17,17,0,0.50,0.40,0.60,27.19,17,17,0,0.09,0.00,0.10,28.03,17,17,0,1.08,1.00,1.10,27.51,17,17,0,0.21,0.20,0.30,27.23,17,17,0
549629,0.36,0.30,0.40,28.02,17,17,0,235.89,232.90,239.50,24.17,17,0,0,0.36,0.30,0.40,27.62,17,17,0,0.49,0.40,0.50,27.19,17,17,0,0.10,0.10,0.10,28.03,17,17,0,1.08,1.00,1.10,27.53,17,17,0,0.21,0.20,0.30,27.22,17,17,0
550129,0.37,0.30,0.40,28.03,17,17,0,235.46,233.30,239.80,24.15,17,0,0,0.35,0.30,0.40,27.63,17,17,0,0.50,0.50,0.50,27.18,17,17,0,0.09,0.00,0.10,28.01,17,17,0,1.06,1.00,1.10,27.51,17,17,0,0.20,0.10,0.30,27.23,17,17,0
550629,0.34,0.30,0.40,28.03,17,17,0,233.62,231.00,239.20,24.14,17,0,0,0.36,0.30,0.40,27.62,17,17,0,0.50,0.50,0.50,27.19,17,17,0,0.08,0.00,0.10,28.02,17,17,0,1.06,1.00,1.10,27.51,17,17,0,0.21,0.20,0.30,27.23,17,17,0
551132,0.34,0.30,0.40,28.03,17,17,0,231.94,229.40,236.20,24.16,17,0,0,0.35,0.30,0.40,27.63,17,17,0,0.50,0.50,0.50,27.19,17,17,0,0.09,0.00,0.10,28.01,17,17,0,1.08,1.00,1.10,27.51,17,17,0,0.22,0.20,0.30,27.22,17,17,0
551644,0.34,0.30,0.40,28.01,18,18,0,231.28,227.90,236.10,24.15,18,0,0,0.37,0.30,0.40,27.60,18,18,0,0.50,0.50,0.50,27.18,18,18,0,0.09,0.00,0.20,28.03,18,18,0,1.09,1.00,1.10,27.52,18,18,0,0.22,0.20,0.30,27.22,18,18,0
552157,0.35,0.30,0.40,28.02,18,18,0,231.87,229.60,237.70,24.17,18,0,0,0.38,0.30,0.40,27.63,18,18,0,0.50,0.50,0.50,27.18,18,18,0,0.10,0.10,0.10,28.03,18,18,0,1.07,1.00,1.10,27.51,18,18,0,0.21,0.20,0.30,27.22,18,18,0
552657,0.35,0.30,0.40,28.03,17,17,0,232.15,227.00,239.20,24.15,17,0,0,0.37,0.30,0.40,27.63,17,17,0,0.50,0.50,0.50,27.18,17,17,0,0.10,0.10,0.10,28.03,17,17,0,1.08,1.00,1.10,27.52,17,17,0,0.22,0.20,0.30,27.22,17,17,0
553157,0.36,0.30,0.40,28.04,17,17,0,232.27,229.10,236.00,24.16,17,0,0,0.36,0.30,0.40,27.62,17,17,0,0.49,0.40,0.60,27.19,17,17,0,0.09,0.00,0.10,28.02,17,17,0,1.09,1.00,1.10,27.51,17,17,0,0.21,0.20,0.30,27.22,17,17,0
553657,0.35,0.30,0.40,28.03,17,17,0,233.51,231.20,238.30,24.16,17,0,0,0.36,0.30,0.40,27.62,17,17,0,0.49,0.40,0.50,27.18,17,17,0,0.09,0.00,0.10,28.01,17,17,0,1.08,1.00,1.10,27.52,17,17,0,0.21,0.20,0.30,27.23,17,17,0
554166,0.34,0.30,0.40,28.01,18,18,0,234.48,230.80,241.00,24.15,18,0,0,0.36,0.30,0.40,27.63,18,18,0,0.50,0.50,0.50,27.20,18,18,0,0.10,0.10,0.10,28.04,18,18,0,1.08,1.00,1.10,27.53,18,18,0,0.21,0.20,0.30,27.23,18,18,0
554671,0.35,0.30,0.40,28.03,17,17,0,234.31,231.80,239.80,24.14,17,0,0,0.33,0.30,0.40,27.61,17,17,0,0.50,0.50,0.50,27.20,17,17,0,0.09,0.00,0.10,28.04,17,17,0,1.07,1.00,1.10,27.52,17,17,0,0.21,0.20,0.30,27.23,17,17,0
555171,0.34,0.30,0.40,28.02,17,17,0,236.66,233.10,242.10,24.17,17,0,0,0.36,0.30,0.40,27.62,17,17,0,0.50,0.50,0.50,27.19,17,17,0,0.10,0.10,0.10,28.02,17,17,0,1.08,1.00,1.10,27.52,17,17,0,0.22,0.20,0.30,27.24,17,17,0
555671,0.33,0.30,0.40,28.04,17,17,0,239.12,236.10,244.60,24.14,17,0,0,0.38,0.30,0.40,27.62,17,17,0,0.51,0.50,0.60,27.19,17,17,0,0.10,0.10,0.10,28.03,17,17,0,1.08,1.00,1.10,27.53,17,17,0,0.22,0.20,0.30,27.23,17,17,0
556171,0.35,0.30,0.40,28.03,17,17,0,239.23,235.90,245.90,24.16,17,0,0,0.34,0.30,0.40,27.61,17,17,0,0.50,0.50,0.50,27.17,17,17,0,0.10,0.10,0.10,28.03,17,17,0,1.09,1.00,1.10,27.51,17,17,0,0.22,0.20,0.30,27.24,17,17,0
556671,0.34,0.30,0.40,28.04,17,17,0,238.24,235.20,244.30,24.14,17,0,0,0.37,0.30,0.40,27.62,17,17,0,0.50,0.40,0.60,27.19,17,17,0,0.09,0.00,0.10,28.02,17,17,0,1.08,1.00,1.10,27.52,17,17,0,0.20,0.20,0.20,27.23,17,17,0
557171,0.35,0.30,0.40,28.04,17,17,0,239.17,236.60,245.50,24.16,17,0,0,0.34,0.30,0.40,27.63,17,17,0,0.50,0.50,0.50,27.20,17,17,0,0.10,0.10,0.10,28.02,17,17,0,1.07,1.00,1.10,27.52,17,17,0,0.22,0.20,0.30,27.23,17,17,0
557671,0.34,0.30,0.40,28.03,17,17,0,238.54,235.60,244.40,24.15,17,0,0,0.38,0.30,0.40,27.62,17,17,0,0.50,0.50,0.50,27.21,17,17,0,0.09,0.00,0.20,28.04,17,17,0,1.05,1.00,1.10,27.54,17,17,0,0.21,0.20,0.30,27.24,17,17,0
558171,0.36,0.30,0.40,28.03,17,17,0,237.68,234.20,241.40,24.15,17,0,0,0.36,0.30,0.40,27.62,17,17,0,0.49,0.40,0.50,27.18,17,17,0,0.10,0.10,0.10,28.02,17,17,0,1.08,1.00,1.10,27.51,17,17,0,0.22,0.20,0.30,27.23,17,17,0
558671,0.36,0.30,0.40,28.04,17,17,0,237.54,234.80,243.20,24.15,17,0,0,0.35,0.30,0.40,27.63,17,17,0,0.50,0.50,0.50,27.18,17,17,0,0.09,0.00,0.10,28.04,17,17,0,1.09,1.00,1.10,27.53,17,17,0,0.21,0.20,0.30,27.23,17,17,0
559171,0.34,0.30,0.40,28.04,17,17,0,237.29,234.10,244.40,24.17,17,0,0,0.36,0.30,0.40,27.63,17,17,0,0.50,0.50,0.50,27.20,17,17,0,0.10,0.10,0.10,28.04,17,17,0,1.09,1.00,1.10,27.53,17,17,0,0.22,0.20,0.30,27.23,17,17,0
559675,0.36,0.30,0.40,28.03,17,17,0,236.72,233.10,240.20,24.16,17,0,0,0.38,0.30,0.40,27.63,17,17,0,0.50,0.50,0.50,27.21,17,17,0,0.10,0.10,0.10,28.05,17,17,0,1.06,1.00,1.10,27.52,17,17,0,0.23,0.20,0.30,27.25,17,17,0
560175,0.34,0.30,0.40,28.04,17,17,0,236.97,233.60,242.20,24.16,17,0,0,0.38,0.30,0.40,27.61,17,17,0,0.50,0.50,0.50,27.19,17,17,0,0.09,0.00,0.10,28.02,17,17,0,1.09,1.00,1.10,27.52,17,17,0,0.22,0.20,0.30,27.24,17,17,0
560675,0.34,0.30,0.40,28.05,17,17,0,238.14,235.90,245.30,24.15,17,0,0,0.36,0.30,0.40,27.62,17,17,0,0.50,0.40,0.60,27.20,17,17,0,0.10,0.10,0.10,28.04,17,17,0,1.08,1.00,1.10,27.53,17,17,0,0.21,0.20,0.30,27.24,17,17,0
561184,0.38,0.30,0.40,28.04,18,18,0,238.31,235.40,245.40,24.17,18,0,0,0.36,0.30,0.40,27.63,18,18,0,0.49,0.40,0.50,27.19,18,18,0,0.10,0.10,0.10,28.03,18,18,0,1.09,1.00,1.10,27.53,18,18,0,0.22,0.20,0.30,27.21,18,18,0
561684,0.35,0.30,0.40,28.05,17,17,0,238.58,235.40,244.50,24.16,17,0,0,0.35,0.30,0.40,27.64,17,17,0,0.50,0.50,0.50,27.20,17,17,0,0.08,0.00,0.10,28.03,17,17,0,1.08,1.00,1.10,27.53,17,17,0,0.23,0.20,0.30,27.24,17,17,0
562184,0.35,0.30,0.40,28.02,17,17,0,242.16,239.00,247.20,24.16,17,0,0,0.36,0.30,0.40,27.64,17,17,0,0.51,0.50,0.60,27.19,17,17,0,0.10,0.10,0.10,28.05,17,17,0,1.06,1.00,1.10,27.52,17,17,0,0.22,0.20,0.30,27.24,17,17,0
562697,0.37,0.30,0.40,28.04,18,18,0,243.63,240.00,249.30,24.15,18,0,0,0.38,0.30,0.40,27.64,18,18,0,0.51,0.50,0.60,27.19,18,18,0,0.09,0.00,0.10,28.03,18,18,0,1.08,1.00,1.10,27.52,18,18,0,0.23,0.20,0.30,27.25,18,18,0
563197,0.35,0.30,0.40,28.04,17,17,0,243.81,241.00,249.80,24.16,17,0,0,0.37,0.30,0.40,27.64,17,17,0,0.50,0.50,0.50,27.18,17,17,0,0.10,0.10,0.10,28.03,17,17,0,1.07,1.00,1.10,27.54,17,17,0,0.23,0.20,0.30,27.24,17,17,0
563706,0.36,0.30,0.40,28.04,18,18,0,243.17,239.80,247.00,24.16,18,0,0,0.35,0.30,0.40,27.62,18,18,0,0.49,0.40,0.50,27.18,18,18,0,0.10,0.10,0.10,28.04,18,18,0,1.08,1.00,1.10,27.53,18,18,0,0.23,0.20,0.30,27.23,18,18,0
564206,0.36,0.30,0.40,28.03,17,17,0,243.31,240.60,250.90,24.14,17,0,0,0.35,0.30,0.40,27.64,17,17,0,0.51,0.50,0.60,27.19,17,17,0,0.10,0.10,0.10,28.04,17,17,0,1.09,1.00,1.10,27.52,17,17,0,0.24,0.20,0.30,27.26,17,17,0
564706,0.36,0.30,0.40,28.04,17,17,0,241.79,238.20,246.80,24.15,17,0,0,0.35,0.30,0.40,27.64,17,17,0,0.50,0.50,0.50,27.20,17,17,0,0.09,0.00,0.10,28.04,17,17,0,1.08,1.00,1.10,27.52,17,17,0,0.23,0.20,0.30,27.23,17,17,0
565219,0.33,0.30,0.40,28.05,18,18,0,240.06,236.90,243.70,24.16,18,0,0,0.37,0.30,0.40,27.62,18,18,0,0.50,0.50,0.50,27.20,18,18,0,0.09,0.00,0.10,28.03,18,18,0,1.07,1.00,1.10,27.53,18,18,0,0.22,0.20,0.30,27.25,18,18,0
565719,0.35,0.30,0.40,28.04,17,17,0,240.32,238.30,246.40,24.15,17,0,0,0.36,0.30,0.40,27.64,17,17,0,0.50,0.50,0.50,27.20,17,17,0,0.09,0.00,0.10,28.03,17,17,0,1.06,1.00,1.10,27.53,17,17,0,0.23,0.20,0.30,27.24,17,17,0
566232,0.35,0.30,0.40,28.02,18,18,0,239.63,236.70,245.80,24.15,18,0,0,0.34,0.30,0.40,27.62,18,18,0,0.50,0.40,0.60,27.19,18,18,0,0.10,0.00,0.20,28.03,18,18,0,1.09,1.00,1.10,27.54,18,18,0,0.23,0.20,0.30,27.24,18,18,0
566740,0.35,0.30,0.40,28.04,17,17,0,238.84,235.50,245.50,24.15,17,0,0,0.35,0.30,0.40,27.63,17,17,0,0.50,0.50,0.50,27.18,17,17,0,0.09,0.00,0.10,28.03,17,17,0,1.08,1.00,1.10,27.54,17,17,0,0.22,0.20,0.30,27.25,17,17,0
567241,0.35,0.30,0.40,28.04,17,17,0,238.20,235.40,243.10,24.16,17,0,0,0.38,0.30,0.40,27.63,17,17,0,0.49,0.40,0.50,27.19,17,17,0,0.09,0.00,0.10,28.04,17,17,0,1.06,1.00,1.10,27.54,17,17,0,0.21,0.20,0.30,27.27,17,17,0
567751,0.35,0.30,0.40,28.05,17,17,0,239.67,237.40,245.90,24.15,17,0,0,0.37,0.30,0.40,27.64,17,17,0,0.50,0.50,0.50,27.20,17,17,0,0.10,0.00,0.20,28.03,17,17,0,1.06,1.00,1.10,27.54,17,17,0,0.24,0.20,0.30,27.26,17,17,0
568251,0.35,0.30,0.40,28.06,17,17,0,240.33,236.40,248.00,24.18,17,0,0,0.36,0.30,0.40,27.64,17,17,0,0.50,0.50,0.50,27.20,17,17,0,0.11,0.10,0.20,28.04,17,17,0,1.07,1.00,1.10,27.54,17,17,0,0.23,0.20,0.30,27.26,17,17,0
568751,0.35,0.30,0.40,28.05,17,17,0,241.09,237.40,246.60,24.16,17,0,0,0.35,0.30,0.40,27.62,17,17,0,0.50,0.50,0.50,27.19,17,17,0,0.10,0.10,0.10,28.04,17,17,0,1.08,1.00,1.10,27.53,17,17,0,0.20,0.20,0.20,27.25,17,17,0
569254,0.36,0.30,0.40,28.03,17,17,0,244.09,241.30,248.60,24.15,17,0,0,0.36,0.30,0.40,27.64,17,17,0,0.50,0.50,0.50,27.21,17,17,0,0.10,0.10,0.10,28.04,17,17,0,1.07,1.00,1.10,27.54,17,17,0,0.22,0.20,0.30,27.24,17,17,0
569754,0.32,0.30,0.40,28.03,17,17,0,246.37,242.20,250.60,24.15,17,0,0,0.35,0.30,0.40,27.65,17,17,0,0.50,0.50,0.50,27.21,17,17,0,0.09,0.00,0.10,28.04,17,17,0,1.08,1.00,1.10,27.53,17,17,0,0.22,0.20,0.30,27.26,17,17,0
570257,0.35,0.30,0.40,28.06,17,17,0,246.77,242.60,250.30,24.16,17,0,0,0.36,0.30,0.40,27.63,17,17,0,0.49,0.40,0.50,27.20,17,17,0,0.10,0.10,0.10,28.03,17,17,0,1.07,1.00,1.10,27.53,17,17,0,0.21,0.20,0.30,27.24,17,17,0
570757,0.34,0.30,0.40,28.04,17,17,0,247.38,244.20,253.90,24.14,17,0,0,0.36,0.30,0.40,27.62,17,17,0,0.50,0.50,0.50,27.22,17,17,0,0.10,0.10,0.10,28.04,17,17,0,1.08,1.00,1.10,27.55,17,17,0,0.21,0.20,0.30,27.25,17,17,0
571257,0.36,0.30,0.40,28.04,17,17,0,247.43,244.70,254.10,24.15,17,0,0,0.37,0.30,0.40,27.63,17,17,0,0.50,0.50,0.50,27.22,17,17,0,0.09,0.00,0.10,28.04,17,17,0,1.06,1.00,1.10,27.53,17,17,0,0.21,0.20,0.30,27.24,17,17,0
571768,0.34,0.30,0.40,28.03,18,18,0,245.59,242.10,252.00,24.14,18,0,0,0.36,0.30,0.40,27.63,18,18,0,0.49,0.40,0.50,27.21,18,18,0,0.10,0.10,0.10,28.05,18,18,0,1.07,1.00,1.10,27.54,18,18,0,0.21,0.20,0.30,27.24,18,18,0
572268,0.32,0.30,0.40,28.04,17,17,0,243.95,240.60,249.70,24.14,17,0,0,0.36,0.30,0.40,27.64,17,17,0,0.50,0.50,0.50,27.21,17,17,0,0.10,0.10,0.10,28.04,17,17,0,1.06,1.00,1.10,27.53,17,17,0,0.20,0.20,0.20,27.24,17,17,0
572768,0.35,0.30,0.40,28.05,17,17,0,244.42,241.30,252.10,24.15,17,0,0,0.36,0.30,0.40,27.62,17,17,0,0.50,0.50,0.50,27.21,17,17,0,0.11,0.10,0.20,28.04,17,17,0,1.09,1.00,1.10,27.55,17,17,0,0.22,0.20,0.30,27.25,17,17,0
573281,0.34,0.30,0.40,28.05,18,18,0,243.76,240.70,249.70,24.14,18,0,0,0.36,0.30,0.40,27.64,18,18,0,0.50,0.50,0.50,27.19,18,18,0,0.10,0.10,0.10,28.04,18,18,0,1.08,1.00,1.10,27.54,18,18,0,0.23,0.20,0.30,27.26,18,18,0
573781,0.35,0.30,0.40,28.06,17,17,0,243.02,240.20,248.20,24.15,17,0,0,0.37,0.30,0.40,27.63,17,17,0,0.50,0.50,0.50,27.21,17,17,0,0.10,0.00,0.20,28.03,17,17,0,1.08,1.00,1.10,27.55,17,17,0,0.21,0.20,0.30,27.26,17,17,0
574294,0.36,0.30,0.40,28.05,18,18,0,242.77,240.00,247.80,24.14,18,0,0,0.34,0.30,0.40,27.64,18,18,0,0.50,0.50,0.50,27.20,18,18,0,0.09,0.00,0.10,28.05,18,18,0,1.07,1.00,1.10,27.54,18,18,0,0.22,0.20,0.30,27.24,18,18,0
574795,0.35,0.30,0.40,28.04,17,17,0,243.81,240.70,248.90,24.16,17,0,0,0.36,0.30,0.40,27.63,17,17,0,0.50,0.50,0.50,27.20,17,17,0,0.10,0.00,0.20,28.03,17,17,0,1.04,1.00,1.10,27.55,17,17,0,0.22,0.20,0.30,27.27,17,17,0
575302,0.33,0.30,0.40,28.05,17,17,0,244.05,240.00,251.10,24.14,17,0,0,0.36,0.30,0.40,27.64,17,17,0,0.50,0.50,0.50,27.19,17,17,0,0.11,0.10,0.20,28.04,17,17,0,1.08,1.00,1.10,27.54,17,17,0,0.22,0.20,0.30,27.24,17,17,0
575802,0.34,0.30,0.40,28.07,17,17,0,245.16,242.30,251.70,24.16,17,0,0,0.37,0.30,0.40,27.63,17,17,0,0.50,0.50,0.50,27.21,17,17,0,0.09,0.00,0.10,28.03,17,17,0,1.08,1.00,1.10,27.56,17,17,0,0.22,0.20,0.30,27.25,17,17,0
576302,0.32,0.30,0.40,28.05,17,17,0,249.27,245.90,256.50,24.15,17,0,0,0.36,0.30,0.40,27.65,17,17,0,0.50,0.50,0.50,27.20,17,17,0,0.09,0.00,0.10,28.04,17,17,0,1.06,1.00,1.10,27.54,17,17,0,0.23,0.20,0.30,27.26,17,17,0
576815,0.34,0.30,0.40,28.05,18,18,0,250.68,247.10,256.80,24.14,18,0,0,0.37,0.30,0.40,27.62,18,18,0,0.50,0.50,0.50,27.21,18,18,0,0.10,0.10,0.10,28.05,18,18,0,1.07,1.00,1.10,27.53,18,18,0,0.21,0.20,0.30,27.24,18,18,0
577315,0.35,0.30,0.40,28.07,17,17,0,251.49,248.30,256.50,24.15,17,0,0,0.35,0.30,0.40,27.65,17,17,0,0.49,0.40,0.50,27.21,17,17,0,0.10,0.10,0.10,28.03,17,17,0,1.06,1.00,1.10,27.54,17,17,0,0.22,0.20,0.30,27.24,17,17,0
577815,0.34,0.30,0.40,28.06,17,17,0,251.77,248.60,258.50,24.14,17,0,0,0.34,0.30,0.40,27.63,17,17,0,0.50,0.50,0.50,27.21,17,17,0,0.10,0.10,0.10,28.04,17,17,0,1.07,1.00,1.10,27.52,17,17,0,0.20,0.20,0.20,27.24,17,17,0
578328,0.37,0.30,0.40,28.05,18,18,0,252.42,249.10,259.50,24.12,18,0,0,0.33,0.30,0.40,27.63,18,18,0,0.50,0.50,0.50,27.21,18,18,0,0.08,0.00,0.10,28.05,18,18,0,1.08,1.00,1.10,27.54,18,18,0,0.22,0.20,0.30,27.25,18,18,0
578828,0.35,0.30,0.40,28.05,17,17,0,250.48,247.50,255.50,24.14,17,0,0,0.32,0.30,0.40,27.65,17,17,0,0.51,0.50,0.60,27.20,17,17,0,0.09,0.00,0.10,28.06,17,17,0,1.08,1.00,1.10,27.55,17,17,0,0.22,0.20,0.30,27.26,17,17,0
579341,0.34,0.30,0.40,28.05,18,18,0,248.66,244.80,255.40,24.15,18,0,0,0.37,0.30,0.40,27.64,18,18,0,0.49,0.40,0.50,27.21,18,18,0,0.10,0.10,0.10,28.04,18,18,0,1.06,1.00,1.10,27.53,18,18,0,0.23,0.20,0.30,27.26,18,18,0
579844,0.34,0.30,0.40,28.03,17,17,0,248.67,245.90,253.70,24.14,17,0,0,0.37,0.30,0.40,27.64,17,17,0,0.49,0.40,0.50,27.21,17,17,0,0.10,0.10,0.10,28.03,17,17,0,1.05,1.00,1.10,27.56,17,17,0,0.21,0.20,0.30,27.27,17,17,0
580355,0.33,0.30,0.40,28.05,18,18,0,248.67,245.60,255.60,24.15,18,0,0,0.36,0.30,0.40,27.65,18,18,0,0.50,0.50,0.50,27.20,18,18,0,0.09,0.00,0.10,28.06,18,18,0,1.08,1.00,1.10,27.56,18,18,0,0.22,0.20,0.30,27.25,18,18,0
580855,0.36,0.30,0.40,28.05,17,17,0,248.08,244.60,254.70,24.15,17,0,0,0.35,0.30,0.40,27.64,17,17,0,0.49,0.40,0.50,27.21,17,17,0,0.10,0.00,0.20,28.05,17,17,0,1.08,1.00,1.10,27.55,17,17,0,0.22,0.20,0.30,27.26,17,17,0
581355,0.34,0.30,0.40,28.04,17,17,0,247.09,243.20,251.90,24.14,17,0,0,0.36,0.30,0.40,27.65,17,17,0,0.50,0.50,0.50,27.22,17,17,0,0.09,0.00,0.10,28.06,17,17,0,1.09,1.00,1.10,27.55,17,17,0,0.23,0.20,0.30,27.25,17,17,0
581855,0.34,0.30,0.40,28.04,17,17,0,247.66,245.00,253.20,24.14,17,0,0,0.35,0.30,0.40,27.63,17,17,0,0.51,0.50,0.60,27.22,17,17,0,0.09,0.00,0.10,28.03,17,17,0,1.08,1.00,1.10,27.55,17,17,0,0.21,0.20,0.30,27.25,17,17,0
582355,0.34,0.30,0.40,28.06,17,17,0,247.92,243.70,254.90,24.12,17,0,0,0.36,0.30,0.40,27.64,17,17,0,0.50,0.50,0.50,27.21,17,17,0,0.09,0.00,0.10,28.04,17,17,0,1.05,1.00,1.10,27.54,17,17,0,0.23,0.20,0.30,27.27,17,17,0
582855,0.35,0.30,0.40,28.04,17,17,0,249.88,246.40,255.80,24.16,17,0,0,0.34,0.30,0.40,27.63,17,17,0,0.50,0.50,0.50,27.23,17,17,0,0.09,0.00,0.10,28.07,17,17,0,1.06,1.00,1.10,27.55,17,17,0,0.24,0.20,0.30,27.25,17,17,0
583355,0.34,0.30,0.40,28.04,17,17,0,253.04,250.00,259.90,24.14,17,0,0,0.37,0.30,0.40,27.64,17,17,0,0.50,0.50,0.50,27.20,17,17,0,0.09,0.00,0.20,28.04,17,17,0,1.08,1.00,1.10,27.55,17,17,0,0.23,0.20,0.30,27.26,17,17,0
583855,0.34,0.30,0.40,28.04,17,17,0,254.12,250.20,261.60,24.13,17,0,0,0.33,0.30,0.40,27.65,17,17,0,0.50,0.50,0.50,27.22,17,17,0,0.10,0.10,0.10,28.04,17,17,0,1.08,1.00,1.10,27.55,17,17,0,0.22,0.20,0.30,27.26,17,17,0
584355,0.36,0.30,0.40,28.03,17,17,0,254.18,251.00,259.80,24.13,17,0,0,0.36,0.30,0.40,27.64,17,17,0,0.50,0.50,0.50,27.22,17,17,0,0.11,0.10,0.20,28.05,17,17,0,1.08,1.00,1.10,27.55,17,17,0,0.22,0.20,0.30,27.25,17,17,0
584863,0.35,0.30,0.40,28.05,17,17,0,253.69,250.30,260.70,24.14,17,0,0,0.34,0.30,0.40,27.64,17,17,0,0.50,0.50,0.50,27.22,17,17,0,0.09,0.00,0.10,28.05,17,17,0,1.06,1.00,1.10,27.57,17,17,0,0.22,0.20,0.30,27.26,17,17,0
585363,0.35,0.30,0.40,28.05,17,17,0,254.14,251.80,260.50,24.13,17,0,0,0.35,0.30,0.40,27.65,17,17,0,0.50,0.50,0.50,27.23,17,17,0,0.10,0.00,0.20,28.06,17,17,0,1.07,1.00,1.10,27.56,17,17,0,0.25,0.20,0.30,27.26,17,17,0
585866,0.36,0.30,0.40,28.03,17,17,0,252.01,247.50,259.30,24.14,17,0,0,0.34,0.30,0.40,27.64,17,17,0,0.50,0.50,0.50,27.21,17,17,0,0.09,0.00,0.10,28.05,17,17,0,1.07,1.00,1.10,27.57,17,17,0,0.21,0.20,0.30,27.26,17,17,0
586367,0.34,0.30,0.40,28.06,17,17,0,249.25,245.00,256.30,24.14,17,0,0,0.36,0.30,0.40,27.63,17,17,0,0.50,0.50,0.50,27.21,17,17,0,0.09,0.00,0.20,28.05,17,17,0,1.08,1.00,1.10,27.56,17,17,0,0.21,0.20,0.30,27.25,17,17,0
586867,0.34,0.30,0.40,28.05,16,16,0,248.89,246.30,252.60,24.15,16,0,0,0.34,0.30,0.40,27.65,16,16,0,0.50,0.50,0.50,27.21,16,16,0,0.09,0.00,0.10,28.05,16,16,0,1.07,1.00,1.10,27.56,16,16,0,0.23,0.20,0.30,27.26,16,16,0
587367,0.35,0.30,0.40,28.05,17,17,0,247.89,245.40,254.60,24.14,17,0,0,0.34,0.30,0.40,27.64,17,17,0,0.49,0.40,0.50,27.21,17,17,0,0.09,0.00,0.10,28.04,17,17,0,1.06,1.00,1.10,27.55,17,17,0,0.22,0.20,0.30,27.25,17,17,0
587867,0.35,0.30,0.40,28.06,17,17,0,246.97,244.00,253.20,24.15,17,0,0,0.34,0.30,0.40,27.64,17,17,0,0.50,0.50,0.50,27.23,17,17,0,0.10,0.10,0.10,28.05,17,17,0,1.06,1.00,1.10,27.55,17,17,0,0.24,0.20,0.30,27.26,17,17,0
588367,0.33,0.30,0.40,28.06,18,18,0,246.22,242.60,252.00,24.14,18,0,0,0.37,0.30,0.40,27.65,18,18,0,0.50,0.50,0.50,27.22,18,18,0,0.09,0.00,0.10,28.05,18,18,0,1.09,1.00,1.10,27.55,18,18,0,0.21,0.20,0.30,27.24,18,18,0
588877,0.36,0.30,0.40,28.04,17,17,0,246.64,243.90,252.30,24.14,17,0,0,0.35,0.30,0.40,27.64,17,17,0,0.49,0.40,0.50,27.23,17,17,0,0.11,0.10,0.20,28.06,17,17,0,1.08,1.00,1.10,27.55,17,17,0,0.20,0.20,0.20,27.27,17,17,0
589377,0.34,0.30,0.40,28.05,17,17,0,246.71,242.80,254.50,24.14,17,0,0,0.35,0.30,0.40,27.64,17,17,0,0.50,0.50,0.50,27.22,17,17,0,0.09,0.00,0.10,28.05,17,17,0,1.08,1.00,1.10,27.57,17,17,0,0.22,0.20,0.30,27.27,17,17,0
589877,0.35,0.30,0.40,28.04,17,17,0,247.88,244.70,254.30,24.15,17,0,0,0.36,0.30,0.40,27.63,17,17,0,0.50,0.50,0.50,27.23,17,17,0,0.09,0.00,0.10,28.05,17,17,0,1.06,1.00,1.10,27.56,17,17,0,0.20,0.20,0.20,27.25,17,17,0
590377,0.34,0.30,0.40,28.05,17,17,0,250.71,247.30,257.30,24.14,17,0,0,0.36,0.30,0.40,27.64,17,17,0,0.50,0.50,0.50,27.23,17,17,0,0.09,0.00,0.10,28.04,17,17,0,1.05,1.00,1.10,27.55,17,17,0,0.22,0.20,0.30,27.26,17,17,0
590877,0.34,0.30,0.40,28.04,17,17,0,251.29,248.30,256.40,24.15,17,0,0,0.36,0.30,0.40,27.64,17,17,0,0.50,0.50,0.50,27.21,17,17,0,0.09,0.00,0.10,28.06,17,17,0,1.08,1.00,1.10,27.57,17,17,0,0.21,0.20,0.30,27.27,17,17,0
591390,0.34,0.30,0.40,28.05,18,18,0,251.59,248.20,257.80,24.14,18,0,0,0.37,0.30,0.40,27.65,18,18,0,0.49,0.40,0.50,27.21,18,18,0,0.11,0.10,0.20,28.07,18,18,0,1.07,1.00,1.10,27.55,18,18,0,0.23,0.20,0.30,27.26,18,18,0
591890,0.32,0.30,0.40,28.04,17,17,0,252.14,248.60,258.60,24.14,17,0,0,0.38,0.30,0.40,27.65,17,17,0,0.51,0.50,0.60,27.22,17,17,0,0.10,0.10,0.10,28.06,17,17,0,1.08,1.00,1.10,27.54,17,17,0,0.21,0.20,0.30,27.27,17,17,0
592399,0.34,0.30,0.40,28.05,18,18,0,253.03,250.80,259.90,24.13,18,0,0,0.34,0.30,0.40,27.66,18,18,0,0.50,0.50,0.50,27.23,18,18,0,0.10,0.10,0.10,28.05,18,18,0,1.08,1.00,1.10,27.54,18,18,0,0.21,0.20,0.30,27.27,18,18,0
592902,0.35,0.30,0.40,28.06,17,17,0,251.84,248.40,258.60,24.14,17,0,0,0.36,0.30,0.40,27.66,17,17,0,0.50,0.50,0.50,27.21,17,17,0,0.09,0.00,0.10,28.07,17,17,0,1.08,1.00,1.10,27.55,17,17,0,0.22,0.20,0.30,27.26,17,17,0
593402,0.35,0.30,0.40,28.05,17,17,0,249.28,245.10,256.00,24.14,17,0,0,0.35,0.30,0.40,27.65,17,17,0,0.49,0.40,0.50,27.21,17,17,0,0.09,0.00,0.10,28.05,17,17,0,1.08,1.00,1.10,27.55,17,17,0,0.21,0.20,0.30,27.26,17,17,0
593902,0.35,0.30,0.40,28.04,17,17,0,248.52,245.80,254.40,24.13,17,0,0,0.35,0.30,0.40,27.66,17,17,0,0.50,0.50,0.50,27.22,17,17,0,0.09,0.00,0.10,28.08,17,17,0,1.07,1.00,1.10,27.56,17,17,0,0.22,0.20,0.30,27.28,17,17,0
594415,0.34,0.30,0.40,28.06,18,18,0,247.33,244.70,255.00,24.13,18,0,0,0.37,0.30,0.40,27.64,18,18,0,0.51,0.50,0.60,27.23,18,18,0,0.09,0.00,0.10,28.05,18,18,0,1.06,1.00,1.10,27.56,18,18,0,0.21,0.20,0.30,27.25,18,18,0
594915,0.34,0.30,0.40,28.04,17,17,0,245.92,243.10,252.70,24.15,17,0,0,0.38,0.30,0.40,27.66,17,17,0,0.50,0.50,0.50,27.23,17,17,0,0.09,0.00,0.10,28.05,17,17,0,1.06,1.00,1.10,27.56,17,17,0,0.21,0.20,0.30,27.25,17,17,0
595415,0.35,0.30,0.40,28.05,17,17,0,244.80,241.60,248.90,24.14,17,0,0,0.35,0.30,0.40,27.65,17,17,0,0.50,0.50,0.50,27.22,17,17,0,0.09,0.00,0.20,28.06,17,17,0,1.08,1.00,1.10,27.54,17,17,0,0.21,0.20,0.30,27.25,17,17,0
595927,0.34,0.30,0.40,28.05,18,18,0,244.80,242.50,252.10,24.15,18,0,0,0.37,0.30,0.40,27.66,18,18,0,0.51,0.50,0.60,27.23,18,18,0,0.08,0.00,0.10,28.05,18,18,0,1.07,1.00,1.10,27.55,18,18,0,0.22,0.20,0.30,27.25,18,18,0
596436,0.37,0.30,0.40,28.06,18,18,0,244.74,240.50,251.00,24.15,18,0,0,0.37,0.30,0.40,27.65,18,18,0,0.49,0.40,0.50,27.23,18,18,0,0.10,0.00,0.20,28.05,18,18,0,1.07,1.00,1.10,27.55,18,18,0,0.23,0.20,0.30,27.29,18,18,0
596936,0.36,0.30,0.40,28.05,17,17,0,245.75,242.30,251.60,24.16,17,0,0,0.36,0.30,0.40,27.65,17,17,0,0.51,0.50,0.60,27.23,17,17,0,0.10,0.00,0.20,28.06,17,17,0,1.06,1.00,1.10,27.55,17,17,0,0.22,0.20,0.30,27.26,17,17,0
597449,0.36,0.30,0.40,28.04,18,18,0,249.08,246.00,254.50,24.15,18,0,0,0.38,0.30,0.40,27.65,18,18,0,0.50,0.50,0.50,27.21,18,18,0,0.09,0.00,0.10,28.06,18,18,0,1.08,1.00,1.10,27.56,18,18,0,0.22,0.20,0.30,27.27,18,18,0
597949,0.35,0.30,0.40,28.05,17,17,0,249.39,246.20,256.90,24.14,17,0,0,0.36,0.30,0.40,27.65,17,17,0,0.50,0.50,0.50,27.21,17,17,0,0.11,0.10,0.20,28.07,17,17,0,1.08,1.00,1.10,27.56,17,17,0,0.21,0.20,0.30,27.28,17,17,0
598462,0.33,0.30,0.40,28.05,18,18,0,249.80,246.20,255.90,24.14,18,0,0,0.37,0.30,0.40,27.66,18,18,0,0.50,0.50,0.50,27.24,18,18,0,0.10,0.10,0.10,28.04,18,18,0,1.08,1.00,1.10,27.57,18,18,0,0.21,0.20,0.30,27.27,18,18,0
598965,0.35,0.30,0.40,28.05,17,17,0,250.09,246.40,256.00,24.13,17,0,0,0.36,0.30,0.40,27.65,17,17,0,0.50,0.50,0.50,27.24,17,17,0,0.10,0.10,0.10,28.04,17,17,0,1.08,1.00,1.10,27.57,17,17,0,0.23,0.20,0.30,27.27,17,17,0
599474,0.33,0.30,0.40,28.06,18,18,0,250.93,248.10,258.10,24.13,18,0,0,0.35,0.30,0.40,27.65,18,18,0,0.50,0.50,0.50,27.22,18,18,0,0.11,0.10,0.20,28.05,18,18,0,1.06,1.00,1.10,27.56,18,18,0,0.23,0.20,0.30,27.26,18,18,0
599987,0.33,0.30,0.40,28.05,18,18,0,249.66,246.20,256.40,24.15,18,0,0,0.34,0.30,0.40,27.66,18,18,0,0.50,0.50,0.50,27.22,18,18,0,0.10,0.00,0.20,28.07,18,18,0,1.07,1.00,1.10,27.56,18,18,0,0.23,0.20,0.30,27.27,18,18,0
600487,0.36,0.30,0.40,28.07,17,17,0,247.11,243.30,253.20,24.14,17,0,0,0.36,0.30,0.40,27.65,17,17,0,0.50,0.50,0.50,27.24,17,17,0,0.11,0.10,0.20,28.07,17,17,0,1.08,1.00,1.10,27.57,17,17,0,0.22,0.20,0.30,27.25,17,17,0
600987,0.34,0.30,0.40,28.05,17,17,0,246.95,244.10,254.60,24.15,17,0,0,0.35,0.30,0.40,27.65,17,17,0,0.49,0.40,0.50,27.22,17,17,0,0.10,0.10,0.10,28.06,17,17,0,1.06,1.00,1.10,27.56,17,17,0,0.22,0.20,0.30,27.27,17,17,0
601487,0.35,0.30,0.40,28.05,17,17,0,246.24,242.80,253.10,24.15,17,0,0,0.35,0.30,0.40,27.65,17,17,0,0.50,0.50,0.50,27.23,17,17,0,0.09,0.00,0.10,28.07,17,17,0,1.06,1.00,1.10,27.56,17,17,0,0.22,0.20,0.30,27.27,17,17,0
601996,0.33,0.30,0.40,28.04,18,18,0,245.14,242.00,250.40,24.16,18,0,0,0.34,0.30,0.40,27.64,18,18,0,0.50,0.50,0.50,27.23,18,18,0,0.09,0.00,0.10,28.05,18,18,0,1.07,1.00,1.10,27.56,18,18,0,0.21,0.20,0.30,27.27,18,18,0
602496,0.36,0.30,0.40,28.04,17,17,0,244.54,241.20,249.30,24.16,17,0,0,0.35,0.30,0.40,27.65,17,17,0,0.50,0.50,0.50,27.23,17,17,0,0.09,0.00,0.10,28.06,17,17,0,1.08,1.00,1.10,27.56,17,17,0,0.21,0.20,0.30,27.27,17,17,0
602996,0.35,0.30,0.40,28.04,17,17,0,245.33,242.90,252.30,24.14,17,0,0,0.34,0.30,0.40,27.67,17,17,0,0.50,0.50,0.50,27.22,17,17,0,0.09,0.00,0.10,28.05,17,17,0,1.07,1.00,1.10,27.56,17,17,0,0.22,0.20,0.30,27.27,17,17,0
603496,0.35,0.30,0.40,28.06,17,17,0,245.04,240.80,252.60,24.16,17,0,0,0.36,0.30,0.40,27.64,17,17,0,0.50,0.50,0.50,27.24,17,17,0,0.10,0.00,0.20,28.05,17,17,0,1.05,1.00,1.10,27.56,17,17,0,0.23,0.20,0.30,27.27,17,17,0
603996,0.34,0.30,0.40,28.07,17,17,0,245.57,242.80,251.20,24.16,17,0,0,0.35,0.30,0.40,27.65,17,17,0,0.49,0.40,0.50,27.23,17,17,0,0.09,0.00,0.10,28.07,17,17,0,1.08,1.00,1.10,27.56,17,17,0,0.21,0.20,0.30,27.27,17,17,0
604496,0.36,0.30,0.40,28.06,17,17,0,248.71,245.50,254.90,24.17,17,0,0,0.32,0.30,0.40,27.65,17,17,0,0.49,0.40,0.50,27.24,17,17,0,0.10,0.10,0.10,28.04,17,17,0,1.09,1.00,1.10,27.57,17,17,0,0.22,0.20,0.30,27.28,17,17,0
604998,0.35,0.30,0.40,28.06,17,17,0,249.31,246.30,256.00,24.14,17,0,0,0.36,0.30,0.40,27.64,17,17,0,0.49,0.40,0.50,27.24,17,17,0,0.10,0.10,0.10,28.06,17,17,0,1.08,1.00,1.10,27.57,17,17,0,0.21,0.20,0.30,27.27,17,17,0
605498,0.36,0.30,0.40,28.07,17,17,0,249.46,245.50,256.10,24.15,17,0,0,0.35,0.30,0.40,27.66,17,17,0,0.49,0.40,0.50,27.23,17,17,0,0.09,0.00,0.10,28.05,17,17,0,1.06,1.00,1.10,27.56,17,17,0,0.24,0.20,0.30,27.27,17,17,0
606006,0.34,0.30,0.40,28.07,17,17,0,250.11,247.20,257.10,24.16,17,0,0,0.35,0.30,0.40,27.63,17,17,0,0.49,0.40,0.50,27.23,17,17,0,0.09,0.00,0.10,28.07,17,17,0,1.07,1.00,1.10,27.57,17,17,0,0.23,0.20,0.30,27.27,17,17,0
606507,0.31,0.30,0.40,28.06,17,17,0,250.84,248.10,258.20,24.14,17,0,0,0.35,0.30,0.40,27.65,17,17,0,0.50,0.50,0.50,27.24,17,17,0,0.09,0.00,0.10,28.06,17,17,0,1.08,1.00,1.10,27.57,17,17,0,0.24,0.20,0.30,27.28,17,17,0
607016,0.33,0.30,0.40,28.05,18,18,0,249.61,246.20,255.70,24.15,18,0,0,0.37,0.30,0.40,27.66,18,18,0,0.50,0.50,0.50,27.23,18,18,0,0.11,0.10,0.20,28.06,18,18,0,1.08,1.00,1.10,27.58,18,18,0,0.24,0.20,0.30,27.29,18,18,0
607516,0.35,0.30,0.40,28.05,17,17,0,247.74,244.20,254.40,24.15,17,0,0,0.36,0.30,0.40,27.66,17,17,0,0.50,0.40,0.60,27.24,17,17,0,0.09,0.00,0.10,28.07,17,17,0,1.08,1.00,1.10,27.57,17,17,0,0.23,0.20,0.30,27.27,17,17,0
608024,0.33,0.30,0.40,28.06,18,18,0,247.64,243.90,253.20,24.16,18,0,0,0.36,0.30,0.40,27.64,18,18,0,0.50,0.50,0.50,27.23,18,18,0,0.11,0.10,0.20,28.07,18,18,0,1.07,1.00,1.10,27.57,18,18,0,0.24,0.20,0.30,27.29,18,18,0
608524,0.34,0.30,0.40,28.06,17,17,0,246.29,243.50,254.30,24.15,17,0,0,0.34,0.30,0.40,27.66,17,17,0,0.50,0.50,0.50,27.23,17,17,0,0.09,0.00,0.10,28.06,17,17,0,1.07,1.00,1.10,27.58,17,17,0,0.24,0.20,0.30,27.28,17,17,0
609024,0.35,0.30,0.40,28.06,17,17,0,245.82,242.80,252.20,24.15,17,0,0,0.34,0.30,0.40,27.66,17,17,0,0.50,0.50,0.50,27.24,17,17,0,0.09,0.00,0.10,28.05,17,17,0,1.09,1.00,1.10,27.57,17,17,0,0.24,0.20,0.30,27.27,17,17,0
609524,0.34,0.30,0.40,28.06,17,17,0,245.63,242.40,249.90,24.15,17,0,0,0.36,0.30,0.40,27.67,17,17,0,0.50,0.50,0.50,27.25,17,17,0,0.10,0.10,0.10,28.06,17,17,0,1.08,1.00,1.10,27.58,17,17,0,0.22,0.20,0.30,27.28,17,17,0
610024,0.34,0.30,0.40,28.06,17,17,0,245.90,243.30,251.40,24.14,17,0,0,0.34,0.30,0.40,27.65,17,17,0,0.49,0.40,0.50,27.23,17,17,0,0.10,0.00,0.20,28.06,17,17,0,1.08,1.00,1.10,27.60,17,17,0,0.22,0.20,0.30,27.27,17,17,0
610524,0.35,0.30,0.40,28.05,17,17,0,245.91,241.10,254.40,24.15,17,0,0,0.38,0.30,0.40,27.65,17,17,0,0.50,0.50,0.50,27.23,17,17,0,0.09,0.00,0.10,28.05,17,17,0,1.08,1.00,1.10,27.56,17,17,0,0.23,0.20,0.30,27.28,17,17,0
611025,0.35,0.30,0.40,28.05,17,17,0,234.04,193.10,251.90,24.15,17,0,0,0.35,0.30,0.40,27.65,17,17,0,0.50,0.50,0.50,27.25,17,17,0,0.08,0.00,0.10,28.07,17,17,0,1.09,1.00,1.10,27.58,17,17,0,0.21,0.20,0.30,27.27,17,17,0
611525,0.36,0.30,0.40,28.07,17,17,0,155.93,141.40,184.10,24.19,17,0,0,0.35,0.30,0.40,27.67,17,17,0,0.49,0.40,0.50,27.22,17,17,0,0.10,0.10,0.10,28.06,17,17,0,1.08,1.00,1.10,27.57,17,17,0,0.24,0.20,0.30,27.28,17,17,0
612025,0.35,0.30,0.40,28.07,17,17,0,123.78,118.70,135.80,24.26,17,0,0,0.34,0.30,0.40,27.66,17,17,0,0.50,0.50,0.50,27.26,17,17,0,0.09,0.00,0.10,28.06,17,17,0,1.08,1.00,1.10,27.58,17,17,0,0.24,0.20,0.30,27.28,17,17,0
612525,0.35,0.30,0.40,28.07,17,17,0,110.16,104.80,116.00,24.32,17,0,0,0.37,0.30,0.40,27.68,17,17,0,0.50,0.50,0.50,27.22,17,17,0,0.10,0.10,0.10,28.08,17,17,0,1.07,1.00,1.10,27.58,17,17,0,0.24,0.20,0.30,27.28,17,17,0
613033,0.34,0.30,0.40,28.06,17,17,0,97.77,93.10,102.90,24.40,17,0,0,0.34,0.30,0.40,27.67,17,17,0,0.49,0.40,0.50,27.24,17,17,0,0.09,0.00,0.10,28.07,17,17,0,1.06,1.00,1.10,27.59,17,17,0,0.24,0.20,0.30,27.27,17,17,0
613533,0.35,0.30,0.40,28.06,17,17,0,87.64,84.00,92.30,24.43,17,0,0,0.35,0.30,0.40,27.67,17,17,0,0.50,0.50,0.50,27.23,17,17,0,0.08,0.00,0.20,28.09,17,17,0,1.06,1.00,1.10,27.57,17,17,0,0.22,0.20,0.30,27.29,17,17,0
614033,0.32,0.30,0.40,28.06,17,17,0,79.14,76.10,83.20,24.49,17,0,0,0.36,0.30,0.40,27.65,17,17,0,0.49,0.40,0.50,27.24,17,17,0,0.09,0.00,0.10,28.06,17,17,0,1.08,1.00,1.10,27.56,17,17,0,0.22,0.20,0.30,27.27,17,17,0
614533,0.34,0.30,0.40,28.05,17,17,0,71.88,68.90,74.90,24.53,17,0,0,0.35,0.30,0.40,27.66,17,17,0,0.50,0.50,0.50,27.23,17,17,0,0.09,0.00,0.10,28.08,17,17,0,1.06,1.00,1.10,27.56,17,17,0,0.23,0.20,0.30,27.29,17,17,0
615044,0.33,0.30,0.40,28.07,18,18,0,59.11,28.00,68.30,24.60,18,0,0,0.34,0.30,0.40,27.66,18,18,0,0.50,0.50,0.50,27.23,18,18,0,0.11,0.10,0.20,28.08,18,18,0,1.07,1.00,1.10,27.57,18,18,0,0.22,0.20,0.30,27.26,18,18,0
615544,0.35,0.30,0.40,28.06,17,17,0,17.12,15.80,21.70,24.70,17,0,0,0.35,0.30,0.40,27.64,17,17,0,0.50,0.50,0.50,27.23,17,17,0,0.10,0.10,0.10,28.07,17,17,0,1.08,1.00,1.10,27.57,17,17,0,0.21,0.20,0.30,27.28,17,17,0
616044,0.33,0.30,0.40,28.06,17,17,0,17.91,16.80,19.80,24.81,17,0,0,0.35,0.30,0.40,27.66,17,17,0,0.49,0.40,0.50,27.24,17,17,0,0.09,0.00,0.10,28.07,17,17,0,1.09,1.00,1.10,27.58,17,17,0,0.21,0.20,0.30,27.27,17,17,0
616544,0.34,0.30,0.40,28.06,17,17,0,15.09,14.80,16.40,24.91,17,0,0,0.36,0.30,0.40,27.67,17,17,0,0.49,0.40,0.50,27.23,17,17,0,0.09,0.00,0.10,28.08,17,17,0,1.08,1.00,1.10,27.57,17,17,0,0.22,0.20,0.30,27.27,17,17,0
617045,0.33,0.30,0.40,28.07,17,17,0,16.99,15.50,18.70,25.01,17,0,0,0.34,0.30,0.40,27.67,17,17,0,0.50,0.50,0.50,27.25,17,17,0,0.08,0.00,0.10,28.06,17,17,0,1.07,1.00,1.10,27.55,17,17,0,0.22,0.20,0.30,27.29,17,17,0
617545,0.34,0.30,0.40,28.06,17,17,0,21.80,19.20,24.60,25.09,17,0,0,0.35,0.30,0.40,27.65,17,17,0,0.50,0.50,0.50,27.23,17,17,0,0.09,0.00,0.10,28.08,17,17,0,1.07,1.00,1.10,27.57,17,17,0,0.21,0.20,0.30,27.29,17,17,0
618045,0.32,0.30,0.40,28.06,17,17,0,30.06,25.60,33.90,25.14,17,0,0,0.35,0.30,0.40,27.66,17,17,0,0.50,0.50,0.50,27.25,17,17,0,0.10,0.10,0.10,28.07,17,17,0,1.06,1.00,1.10,27.55,17,17,0,0.21,0.20,0.30,27.29,17,17,0
618545,0.34,0.30,0.40,28.05,17,17,0,37.26,34.70,39.20,25.14,17,0,0,0.36,0.30,0.40,27.68,17,17,0,0.50,0.50,0.50,27.26,17,17,0,0.09,0.00,0.10,28.07,17,17,0,1.07,1.00,1.10,27.58,17,17,0,0.21,0.20,0.30,27.28,17,17,0
619046,0.32,0.30,0.40,28.06,17,17,0,39.21,38.40,40.10,25.14,17,0,0,0.32,0.30,0.40,27.66,17,17,0,0.50,0.50,0.50,27.24,17,17,0,0.09,0.00,0.10,28.06,17,17,0,1.06,1.00,1.10,27.56,17,17,0,0.21,0.20,0.30,27.28,17,17,0
619546,0.36,0.30,0.40,28.07,17,17,0,181.88,37.50,539.90,25.14,17,0,0,0.36,0.30,0.40,27.66,17,17,0,0.50,0.50,0.50,27.23,17,17,0,0.09,0.00,0.10,28.06,17,17,0,1.09,1.00,1.10,27.57,17,17,0,0.20,0.20,0.20,27.28,17,17,0
620047,0.34,0.30,0.40,28.06,17,17,0,37.78,12.70,137.40,24.87,17,0,0,0.34,0.30,0.40,27.66,17,17,0,0.49,0.40,0.50,27.23,17,17,0,0.09,0.00,0.20,28.06,17,17,0,1.08,1.00,1.10,27.55,17,17,0,0.23,0.20,0.30,27.27,17,17,0
620551,0.33,0.30,0.40,28.06,17,17,0,11.06,10.20,12.30,24.97,17,0,0,0.36,0.30,0.40,27.66,17,17,0,0.50,0.50,0.50,27.22,17,17,0,0.10,0.00,0.20,28.06,17,17,0,1.08,1.00,1.10,27.57,17,17,0,0.24,0.20,0.30,27.26,17,17,0
621051,0.34,0.30,0.40,28.07,17,17,0,11.04,10.40,12.30,25.09,17,0,0,0.34,0.30,0.40,27.67,17,17,0,0.50,0.50,0.50,27.23,17,17,0,0.10,0.10,0.10,28.07,17,17,0,1.07,1.00,1.10,27.56,17,17,0,0.22,0.20,0.30,27.29,17,17,0
621551,0.32,0.30,0.40,28.05,17,17,0,9.79,8.30,11.70,25.19,17,0,0,0.34,0.30,0.40,27.66,17,17,0,0.50,0.50,0.50,27.25,17,17,0,0.11,0.10,0.20,28.09,17,17,0,1.05,1.00,1.10,27.57,17,17,0,0.24,0.20,0.30,27.27,17,17,0
622051,0.38,0.30,0.40,28.07,17,17,0,8.00,6.60,9.10,25.27,17,0,0,0.34,0.30,0.40,27.66,17,17,0,0.49,0.40,0.50,27.23,17,17,0,0.09,0.00,0.10,28.07,17,17,0,1.09,1.00,1.10,27.59,17,17,0,0.21,0.20,0.30,27.28,17,17,0
622551,0.34,0.30,0.40,28.05,17,17,0,7.98,7.20,8.80,25.36,17,0,0,0.35,0.30,0.40,27.66,17,17,0,0.50,0.50,0.50,27.25,17,17,0,0.09,0.00,0.10,28.06,17,17,0,1.07,1.00,1.10,27.59,17,17,0,0.22,0.20,0.30,27.29,17,17,0
623051,0.36,0.30,0.40,28.06,18,18,0,8.54,7.10,9.60,25.39,18,0,0,0.36,0.30,0.40,27.66,18,18,0,0.50,0.50,0.50,27.23,18,18,0,0.09,0.00,0.10,28.07,18,18,0,1.08,1.00,1.10,27.57,18,18,0,0.21,0.20,0.30,27.28,18,18,0
623563,0.33,0.30,0.40,28.06,17,17,0,9.41,7.90,10.70,25.45,17,0,0,0.34,0.30,0.40,27.66,17,17,0,0.50,0.50,0.50,27.25,17,17,0,0.10,0.00,0.20,28.08,17,17,0,1.06,1.00,1.10,27.57,17,17,0,0.22,0.20,0.30,27.29,17,17,0
624063,0.35,0.30,0.40,28.07,17,17,0,10.68,9.20,11.90,25.50,17,0,0,0.36,0.30,0.40,27.64,17,17,0,0.50,0.50,0.50,27.24,17,17,0,0.10,0.00,0.20,28.08,17,17,0,1.07,1.00,1.10,27.57,17,17,0,0.22,0.20,0.30,27.29,17,17,0
624576,0.34,0.30,0.40,28.06,18,18,0,11.96,10.80,12.60,25.54,18,0,0,0.34,0.30,0.40,27.66,18,18,0,0.49,0.40,0.50,27.24,18,18,0,0.10,0.00,0.20,28.07,18,18,0,1.08,1.00,1.10,27.58,18,18,0,0.23,0.20,0.30,27.29,18,18,0
625076,0.38,0.30,0.40,28.07,16,16,0,13.46,12.60,15.00,25.54,16,0,0,0.36,0.30,0.40,27.65,16,16,0,0.50,0.50,0.50,27.24,16,16,0,0.09,0.00,0.10,28.07,16,16,0,1.06,1.00,1.10,27.58,16,16,0,0.22,0.20,0.30,27.28,16,16,0
625576,0.31,0.30,0.40,28.07,17,17,0,15.18,14.40,16.20,25.58,17,0,0,0.33,0.30,0.40,27.66,17,17,0,0.49,0.40,0.50,27.23,17,17,0,0.09,0.00,0.10,28.07,17,17,0,1.08,1.00,1.10,27.58,17,17,0,0.22,0.20,0.30,27.27,17,17,0
626076,0.33,0.30,0.40,28.07,17,17,0,16.85,16.10,18.40,25.60,17,0,0,0.32,0.30,0.40,27.67,17,17,0,0.50,0.50,0.50,27.22,17,17,0,0.09,0.00,0.10,28.09,17,17,0,1.08,1.00,1.10,27.59,17,17,0,0.22,0.20,0.30,27.27,17,17,0
626587,0.34,0.30,0.40,28.06,18,18,0,17.75,16.90,18.80,25.61,18,0,0,0.36,0.30,0.40,27.67,18,18,0,0.48,0.40,0.50,27.26,18,18,0,0.10,0.10,0.10,28.07,18,18,0,1.07,1.00,1.10,27.59,18,18,0,0.23,0.20,0.30,27.28,18,18,0
627087,0.33,0.30,0.40,28.07,18,18,0,18.01,16.90,18.90,25.64,18,0,0,0.33,0.30,0.40,27.66,18,18,0,0.50,0.50,0.50,27.24,18,18,0,0.09,0.00,0.10,28.07,18,18,0,1.08,1.00,1.10,27.59,18,18,0,0.22,0.20,0.30,27.30,18,18,0
627593,0.35,0.30,0.40,28.08,17,17,0,18.04,16.30,20.60,25.64,17,0,0,0.32,0.30,0.40,27.68,17,17,0,0.49,0.40,0.50,27.24,17,17,0,0.10,0.10,0.10,28.08,17,17,0,1.07,1.00,1.10,27.59,17,17,0,0.23,0.20,0.30,27.28,17,17,0
628098,0.34,0.30,0.40,28.06,18,18,0,17.64,16.60,19.60,25.67,18,0,0,0.35,0.30,0.40,27.67,18,18,0,0.50,0.50,0.50,27.24,18,18,0,0.11,0.10,0.20,28.08,18,18,0,1.07,1.00,1.10,27.58,18,18,0,0.23,0.20,0.30,27.28,18,18,0
628598,0.34,0.30,0.40,28.06,17,17,0,190.66,27.30,512.60,25.50,17,0,0,0.36,0.30,0.40,27.68,17,17,0,0.50,0.50,0.50,27.24,17,17,0,0.09,0.00,0.10,28.05,17,17,0,1.07,1.00,1.10,27.60,17,17,0,0.22,0.20,0.30,27.29,17,17,0
629098,0.33,0.30,0.40,28.07,17,17,0,11.91,7.80,27.10,25.33,17,0,0,0.34,0.30,0.40,27.65,17,17,0,0.49,0.40,0.50,27.24,17,17,0,0.10,0.10,0.10,28.08,17,17,0,1.06,1.00,1.10,27.58,17,17,0,0.21,0.20,0.30,27.30,17,17,0
629598,0.36,0.30,0.40,28.07,17,17,0,6.51,5.40,8.30,25.43,17,0,0,0.34,0.30,0.40,27.66,17,17,0,0.49,0.40,0.50,27.26,17,17,0,0.08,0.00,0.10,28.06,17,17,0,1.08,1.00,1.10,27.59,17,17,0,0.21,0.20,0.30,27.29,17,17,0
630098,0.35,0.30,0.40,28.08,17,17,0,5.72,4.10,6.70,25.50,17,0,0,0.32,0.30,0.40,27.65,17,17,0,0.50,0.50,0.50,27.24,17,17,0,0.10,0.10,0.10,28.07,17,17,0,1.05,1.00,1.10,27.58,17,17,0,0.22,0.20,0.30,27.28,17,17,0
630605,0.34,0.30,0.40,28.08,18,18,0,5.53,5.10,6.00,25.58,18,0,0,0.34,0.30,0.40,27.68,18,18,0,0.50,0.50,0.50,27.23,18,18,0,0.10,0.10,0.10,28.08,18,18,0,1.07,1.00,1.10,27.59,18,18,0,0.22,0.20,0.30,27.29,18,18,0
631105,0.33,0.30,0.40,28.08,17,17,0,5.42,5.10,5.80,25.64,17,0,0,0.35,0.30,0.40,27.66,17,17,0,0.49,0.40,0.50,27.25,17,17,0,0.10,0.10,0.10,28.08,17,17,0,1.06,1.00,1.10,27.58,17,17,0,0.21,0.20,0.30,27.29,17,17,0
631605,0.34,0.30,0.40,28.07,17,17,0,5.46,5.00,6.40,25.69,17,0,0,0.36,0.30,0.40,27.68,17,17,0,0.50,0.50,0.50,27.26,17,17,0,0.10,0.00,0.20,28.07,17,17,0,1.08,1.00,1.10,27.58,17,17,0,0.21,0.20,0.30,27.28,17,17,0
632112,0.36,0.30,0.40,28.08,18,18,0,4.63,3.80,5.40,25.71,18,0,0,0.37,0.30,0.40,27.67,18,18,0,0.50,0.50,0.50,27.24,18,18,0,0.09,0.00,0.10,28.08,18,18,0,1.09,1.00,1.10,27.58,18,18,0,0.21,0.20,0.30,27.29,18,18,0
632612,0.35,0.30,0.40,28.07,17,17,0,3.63,2.40,4.60,25.78,17,0,0,0.35,0.30,0.40,27.68,17,17,0,0.50,0.50,0.50,27.24,17,17,0,0.09,0.00,0.10,28.07,17,17,0,1.07,1.00,1.10,27.59,17,17,0,0.21,0.20,0.30,27.30,17,17,0
633112,0.35,0.30,0.40,28.06,17,17,0,3.55,2.30,4.40,25.81,17,0,0,0.36,0.30,0.40,27.69,17,17,0,0.50,0.50,0.50,27.24,17,17,0,0.09,0.00,0.10,28.08,17,17,0,1.07,1.00,1.10,27.61,17,17,0,0.21,0.10,0.30,27.30,17,17,0
633616,0.36,0.30,0.40,28.09,18,18,0,3.47,2.80,4.10,25.84,18,0,0,0.33,0.30,0.40,27.68,18,18,0,0.51,0.50,0.60,27.25,18,18,0,0.11,0.00,0.20,28.07,18,18,0,1.07,1.00,1.10,27.58,18,18,0,0.22,0.20,0.30,27.31,18,18,0
634116,0.33,0.30,0.40,28.06,17,17,0,3.48,2.90,4.10,25.87,17,0,0,0.32,0.30,0.40,27.67,17,17,0,0.50,0.50,0.50,27.24,17,17,0,0.10,0.10,0.10,28.09,17,17,0,1.08,1.00,1.10,27.59,17,17,0,0.22,0.20,0.30,27.30,17,17,0
634623,0.33,0.30,0.40,28.07,18,18,0,3.51,3.20,4.00,25.89,18,0,0,0.33,0.30,0.40,27.68,18,18,0,0.50,0.50,0.50,27.24,18,18,0,0.10,0.10,0.10,28.08,18,18,0,1.09,1.00,1.10,27.58,18,18,0,0.21,0.20,0.30,27.30,18,18,0
635132,0.32,0.30,0.40,28.08,18,18,0,3.56,3.30,3.70,25.91,18,0,0,0.33,0.30,0.40,27.67,18,18,0,0.49,0.40,0.50,27.23,18,18,0,0.09,0.00,0.10,28.07,18,18,0,1.08,1.00,1.10,27.59,18,18,0,0.22,0.20,0.30,27.30,18,18,0
635645,0.34,0.30,0.40,28.08,18,18,0,3.68,3.50,3.90,25.95,18,0,0,0.32,0.30,0.40,27.68,18,18,0,0.50,0.50,0.50,27.24,18,18,0,0.09,0.00,0.10,28.07,18,18,0,1.08,1.00,1.10,27.59,18,18,0,0.21,0.20,0.30,27.30,18,18,0
636155,0.34,0.30,0.40,28.06,18,18,0,3.82,3.50,4.10,25.96,18,0,0,0.32,0.30,0.40,27.68,18,18,0,0.50,0.50,0.50,27.24,18,18,0,0.11,0.10,0.20,28.07,18,18,0,1.07,1.00,1.10,27.59,18,18,0,0.21,0.20,0.30,27.29,18,18,0
636666,0.35,0.30,0.40,28.08,18,18,0,3.97,3.50,4.30,25.98,18,0,0,0.36,0.30,0.40,27.68,18,18,0,0.51,0.50,0.60,27.24,18,18,0,0.10,0.10,0.10,28.07,18,18,0,1.07,1.00,1.10,27.58,18,18,0,0.21,0.20,0.30,27.30,18,18,0
637166,0.35,0.30,0.40,28.08,17,17,0,4.15,3.90,4.40,25.99,17,0,0,0.35,0.30,0.40,27.66,17,17,0,0.50,0.50,0.50,27.25,17,17,0,0.10,0.00,0.20,28.06,17,17,0,1.06,1.00,1.10,27.59,17,17,0,0.23,0.20,0.30,27.32,17,17,0
637666,0.36,0.30,0.40,28.07,18,18,0,4.36,4.10,4.50,26.00,18,0,0,0.32,0.30,0.40,27.68,18,18,0,0.50,0.50,0.50,27.25,18,18,0,0.10,0.10,0.10,28.08,18,18,0,1.08,1.00,1.10,27.59,18,18,0,0.21,0.20,0.30,27.29,18,18,0
638168,0.34,0.30,0.40,28.09,17,17,0,4.54,4.30,4.90,26.02,17,0,0,0.34,0.30,0.40,27.68,17,17,0,0.49,0.40,0.50,27.24,17,17,0,0.10,0.10,0.10,28.08,17,17,0,1.08,1.00,1.10,27.60,17,17,0,0.20,0.20,0.20,27.30,17,17,0
638668,0.35,0.30,0.40,28.09,17,17,0,4.82,4.50,4.90,26.04,17,0,0,0.35,0.30,0.40,27.67,17,17,0,0.50,0.50,0.50,27.25,17,17,0,0.09,0.00,0.10,28.07,17,17,0,1.05,1.00,1.10,27.59,17,17,0,0.21,0.20,0.30,27.29,17,17,0
639171,0.34,0.30,0.40,28.08,17,17,0,4.94,4.70,5.10,26.06,17,0,0,0.36,0.30,0.40,27.67,17,17,0,0.50,0.50,0.50,27.23,17,17,0,0.09,0.00,0.10,28.07,17,17,0,1.05,1.00,1.10,27.60,17,17,0,0.22,0.20,0.30,27.30,17,17,0
639683,0.33,0.30,0.40,28.08,18,18,0,5.12,5.00,5.30,26.07,18,0,0,0.34,0.30,0.40,27.67,18,18,0,0.50,0.50,0.50,27.26,18,18,0,0.10,0.00,0.20,28.07,18,18,0,1.07,1.00,1.10,27.60,18,18,0,0.21,0.20,0.30,27.30,18,18,0
640183,0.34,0.30,0.40,28.08,17,17,0,5.34,5.00,5.50,26.06,17,0,0,0.34,0.30,0.40,27.69,17,17,0,0.50,0.50,0.50,27.24,17,17,0,0.09,0.00,0.10,28.07,17,17,0,1.07,1.00,1.10,27.59,17,17,0,0.21,0.20,0.30,27.30,17,17,0
640690,0.33,0.30,0.40,28.08,18,18,0,5.51,5.30,5.70,26.09,18,0,0,0.34,0.30,0.40,27.69,18,18,0,0.49,0.40,0.50,27.25,18,18,0,0.09,0.00,0.10,28.09,18,18,0,1.07,1.00,1.10,27.60,18,18,0,0.20,0.20,0.20,27.30,18,18,0
641190,0.35,0.30,0.40,28.07,17,17,0,5.73,5.50,5.90,26.11,17,0,0,0.32,0.30,0.40,27.68,17,17,0,0.50,0.50,0.50,27.24,17,17,0,0.10,0.10,0.10,28.07,17,17,0,1.08,1.00,1.10,27.59,17,17,0,0.22,0.20,0.30,27.29,17,17,0
641703,0.35,0.30,0.40,28.08,18,18,0,5.91,5.60,6.20,26.10,18,0,0,0.37,0.30,0.40,27.68,18,18,0,0.49,0.40,0.50,27.24,18,18,0,0.09,0.00,0.10,28.09,18,18,0,1.05,1.00,1.10,27.61,18,18,0,0.21,0.20,0.30,27.31,18,18,0
642203,0.36,0.30,0.40,28.08,17,17,0,6.13,5.90,6.50,26.12,17,0,0,0.34,0.30,0.40,27.67,17,17,0,0.51,0.40,0.60,27.26,17,17,0,0.10,0.00,0.20,28.06,17,17,0,1.09,1.00,1.10,27.59,17,17,0,0.20,0.10,0.30,27.31,17,17,0
642703,0.34,0.30,0.40,28.10,17,17,0,6.34,6.20,6.50,26.13,17,0,0,0.38,0.30,0.40,27.66,17,17,0,0.50,0.50,0.50,27.25,17,17,0,0.08,0.00,0.20,28.07,17,17,0,1.05,1.00,1.10,27.60,17,17,0,0.22,0.20,0.30,27.31,17,17,0
643206,0.35,0.30,0.40,28.08,17,17,0,6.54,6.40,6.70,26.14,17,0,0,0.34,0.30,0.40,27.68,17,17,0,0.50,0.50,0.50,27.26,17,17,0,0.09,0.00,0.10,28.08,17,17,0,1.06,1.00,1.10,27.58,17,17,0,0.24,0.20,0.30,27.30,17,17,0
643706,0.35,0.30,0.40,28.08,17,17,0,6.68,6.50,6.80,26.17,17,0,0,0.34,0.30,0.40,27.68,17,17,0,0.49,0.40,0.50,27.24,17,17,0,0.11,0.10,0.20,28.08,17,17,0,1.05,1.00,1.10,27.60,17,17,0,0.24,0.20,0.30,27.31,17,17,0
644206,0.35,0.30,0.40,28.09,17,17,0,6.81,6.60,7.10,26.15,17,0,0,0.35,0.30,0.40,27.67,17,17,0,0.50,0.50,0.50,27.25,17,17,0,0.09,0.00,0.10,28.08,17,17,0,1.08,1.00,1.10,27.59,17,17,0,0.23,0.20,0.30,27.30,17,17,0
644719,0.35,0.30,0.40,28.08,17,17,0,6.96,6.80,7.30,26.18,17,0,0,0.34,0.30,0.40,27.68,17,17,0,0.49,0.40,0.50,27.24,17,17,0,0.11,0.10,0.20,28.08,17,17,0,1.08,1.00,1.10,27.60,17,17,0,0.22,0.20,0.30,27.29,17,17,0
645219,0.35,0.30,0.40,28.09,17,17,0,7.01,6.70,7.20,26.19,17,0,0,0.34,0.30,0.40,27.69,17,17,0,0.50,0.50,0.50,27.23,17,17,0,0.10,0.10,0.10,28.08,17,17,0,1.08,1.00,1.10,27.60,17,17,0,0.22,0.20,0.30,27.31,17,17,0
645726,0.36,0.30,0.40,28.08,18,18,0,7.00,6.80,7.20,26.18,18,0,0,0.33,0.30,0.40,27.68,18,18,0,0.49,0.40,0.50,27.25,18,18,0,0.10,0.10,0.10,28.08,18,18,0,1.08,1.00,1.10,27.60,18,18,0,0.23,0.20,0.30,27.30,18,18,0
646236,0.34,0.30,0.40,28.09,18,18,0,6.88,6.60,7.10,26.19,18,0,0,0.33,0.30,0.40,27.70,18,18,0,0.50,0.50,0.50,27.25,18,18,0,0.09,0.00,0.10,28.08,18,18,0,1.07,1.00,1.10,27.61,18,18,0,0.21,0.20,0.30,27.30,18,18,0
646749,0.34,0.30,0.40,28.08,18,18,0,6.69,6.50,6.90,26.19,18,0,0,0.34,0.30,0.40,27.68,18,18,0,0.49,0.40,0.50,27.24,18,18,0,0.09,0.00,0.10,28.07,18,18,0,1.07,1.00,1.10,27.60,18,18,0,0.21,0.20,0.30,27.29,18,18,0
647249,0.34,0.30,0.40,28.08,17,17,0,164.75,54.60,436.10,26.06,17,0,0,0.34,0.30,0.40,27.69,17,17,0,0.49,0.40,0.50,27.26,17,17,0,0.09,0.00,0.10,28.07,17,17,0,1.08,1.00,1.10,27.60,17,17,0,0.20,0.20,0.20,27.31,17,17,0
647749,0.36,0.30,0.40,28.08,18,18,0,29.98,22.70,48.20,25.85,18,0,0,0.34,0.30,0.40,27.68,18,18,0,0.50,0.50,0.50,27.24,18,18,0,0.11,0.10,0.20,28.08,18,18,0,1.06,1.00,1.10,27.59,18,18,0,0.21,0.20,0.30,27.32,18,18,0
648257,0.33,0.30,0.40,28.08,17,17,0,17.74,15.50,21.40,25.86,17,0,0,0.35,0.30,0.40,27.70,17,17,0,0.50,0.50,0.50,27.26,17,17,0,0.10,0.10,0.10,28.07,17,17,0,1.06,1.00,1.10,27.60,17,17,0,0.22,0.20,0.30,27.31,17,17,0
648757,0.35,0.30,0.40,28.09,17,17,0,13.45,12.50,15.10,25.91,17,0,0,0.35,0.30,0.40,27.69,17,17,0,0.50,0.50,0.50,27.25,17,17,0,0.10,0.10,0.10,28.07,17,17,0,1.08,1.00,1.10,27.60,17,17,0,0.22,0.20,0.30,27.30,17,17,0
649257,0.33,0.30,0.40,28.09,17,17,0,11.24,10.60,12.10,25.96,17,0,0,0.35,0.30,0.40,27.69,17,17,0,0.49,0.40,0.50,27.25,17,17,0,0.10,0.10,0.10,28.08,17,17,0,1.05,1.00,1.10,27.59,17,17,0,0.23,0.20,0.30,27.30,17,17,0
649765,0.35,0.30,0.40,28.09,17,17,0,9.84,9.40,10.40,26.00,17,0,0,0.34,0.30,0.40,27.69,17,17,0,0.50,0.50,0.50,27.24,17,17,0,0.10,0.10,0.10,28.10,17,17,0,1.07,1.00,1.10,27.59,17,17,0,0.21,0.20,0.30,27.30,17,17,0
650265,0.36,0.30,0.40,28.07,17,17,0,8.89,8.40,9.30,26.04,17,0,0,0.35,0.30,0.40,27.67,17,17,0,0.51,0.50,0.60,27.24,17,17,0,0.09,0.00,0.10,28.07,17,17,0,1.06,1.00,1.10,27.59,17,17,0,0.21,0.20,0.30,27.30,17,17,0
650765,0.35,0.30,0.40,28.10,17,17,0,8.21,7.90,8.60,26.09,17,0,0,0.34,0.30,0.40,27.69,17,17,0,0.49,0.40,0.50,27.26,17,17,0,0.10,0.10,0.10,28.08,17,17,0,1.06,1.00,1.10,27.60,17,17,0,0.21,0.20,0.30,27.32,17,17,0
651265,0.35,0.30,0.40,28.10,17,17,0,7.65,7.40,8.00,26.10,17,0,0,0.34,0.30,0.40,27.68,17,17,0,0.49,0.40,0.50,27.24,17,17,0,0.09,0.00,0.10,28.07,17,17,0,1.08,1.00,1.10,27.61,17,17,0,0.24,0.20,0.30,27.29,17,17,0
651777,0.34,0.30,0.40,28.09,18,18,0,7.19,6.80,7.50,26.13,18,0,0,0.33,0.30,0.40,27.67,18,18,0,0.49,0.40,0.50,27.26,18,18,0,0.09,0.00,0.10,28.08,18,18,0,1.07,1.00,1.10,27.62,18,18,0,0.22,0.20,0.30,27.30,18,18,0
652277,0.36,0.30,0.40,28.08,17,17,0,6.82,6.50,7.00,26.16,17,0,0,0.34,0.30,0.40,27.67,17,17,0,0.50,0.50,0.50,27.25,17,17,0,0.09,0.00,0.10,28.08,17,17,0,1.07,1.00,1.10,27.61,17,17,0,0.21,0.20,0.30,27.31,17,17,0
652777,0.35,0.30,0.40,28.10,17,17,0,6.49,6.10,6.90,26.15,17,0,0,0.35,0.30,0.40,27.68,17,17,0,0.50,0.50,0.50,27.24,17,17,0,0.09,0.00,0.10,28.09,17,17,0,1.06,1.00,1.10,27.59,17,17,0,0.22,0.20,0.30,27.33,17,17,0
653277,0.37,0.30,0.40,28.10,17,17,0,6.23,6.00,6.50,26.19,17,0,0,0.35,0.30,0.40,27.68,17,17,0,0.50,0.50,0.50,27.26,17,17,0,0.10,0.10,0.10,28.09,17,17,0,1.08,1.00,1.10,27.61,17,17,0,0.21,0.20,0.30,27.29,17,17,0
653777,0.36,0.30,0.40,28.10,17,17,0,6.13,5.90,6.30,26.22,17,0,0,0.35,0.30,0.40,27.69,17,17,0,0.49,0.40,0.50,27.27,17,17,0,0.10,0.10,0.10,28.08,17,17,0,1.05,1.00,1.10,27.61,17,17,0,0.21,0.20,0.30,27.29,17,17,0
654290,0.34,0.30,0.40,28.08,18,18,0,5.97,5.80,6.20,26.23,18,0,0,0.36,0.30,0.40,27.69,18,18,0,0.49,0.40,0.50,27.25,18,18,0,0.10,0.10,0.10,28.08,18,18,0,1.09,1.00,1.10,27.59,18,18,0,0.22,0.20,0.30,27.31,18,18,0
654790,0.32,0.30,0.40,28.10,17,17,0,5.84,5.70,6.10,26.24,17,0,0,0.35,0.30,0.40,27.70,17,17,0,0.50,0.50,0.50,27.26,17,17,0,0.10,0.00,0.20,28.09,17,17,0,1.09,1.00,1.10,27.60,17,17,0,0.21,0.20,0.30,27.31,17,17,0
655290,0.34,0.30,0.40,28.08,17,17,0,5.71,5.50,5.90,26.26,17,0,0,0.35,0.30,0.40,27.67,17,17,0,0.51,0.50,0.60,27.24,17,17,0,0.09,0.00,0.10,28.08,17,17,0,1.08,1.00,1.10,27.59,17,17,0,0.23,0.20,0.30,27.31,17,17,0
655790,0.33,0.30,0.40,28.08,17,17,0,5.51,5.20,5.70,26.27,17,0,0,0.34,0.30,0.40,27.69,17,17,0,0.50,0.50,0.50,27.26,17,17,0,0.09,0.00,0.10,28.08,17,17,0,1.08,1.00,1.10,27.60,17,17,0,0.22,0.20,0.30,27.31,17,17,0
656303,0.33,0.30,0.40,28.08,18,18,0,5.22,4.90,5.50,26.27,18,0,0,0.34,0.30,0.40,27.69,18,18,0,0.49,0.40,0.50,27.26,18,18,0,0.09,0.00,0.10,28.07,18,18,0,1.07,1.00,1.10,27.61,18,18,0,0.20,0.20,0.20,27.31,18,18,0
656814,0.36,0.30,0.40,28.08,18,18,0,4.97,4.70,5.30,26.29,18,0,0,0.33,0.30,0.40,27.68,18,18,0,0.51,0.50,0.60,27.26,18,18,0,0.10,0.10,0.10,28.08,18,18,0,1.06,1.00,1.10,27.60,18,18,0,0.21,0.20,0.30,27.32,18,18,0
657314,0.38,0.30,0.40,28.08,17,17,0,4.81,4.50,5.00,26.30,17,0,0,0.32,0.30,0.40,27.67,17,17,0,0.50,0.50,0.50,27.25,17,17,0,0.09,0.00,0.20,28.09,17,17,0,1.05,1.00,1.10,27.60,17,17,0,0.22,0.10,0.30,27.30,17,17,0
657825,0.36,0.30,0.40,28.10,18,18,0,4.71,4.30,5.00,26.30,18,0,0,0.34,0.30,0.40,27.69,18,18,0,0.50,0.50,0.50,27.28,18,18,0,0.09,0.00,0.10,28.09,18,18,0,1.08,1.00,1.10,27.60,18,18,0,0.23,0.20,0.30,27.30,18,18,0
658325,0.33,0.30,0.40,28.10,18,18,0,4.63,4.30,4.90,26.34,18,0,0,0.36,0.30,0.40,27.69,18,18,0,0.50,0.50,0.50,27.26,18,18,0,0.10,0.10,0.10,28.09,18,18,0,1.08,1.00,1.10,27.61,18,18,0,0.23,0.20,0.30,27.31,18,18,0
658833,0.34,0.30,0.40,28.09,17,17,0,4.62,4.50,4.90,26.33,17,0,0,0.35,0.30,0.40,27.70,17,17,0,0.50,0.50,0.50,27.26,17,17,0,0.09,0.00,0.10,28.07,17,17,0,1.10,1.10,1.10,27.60,17,17,0,0.22,0.20,0.30,27.30,17,17,0
659333,0.35,0.30,0.40,28.09,17,17,0,4.58,4.30,5.00,26.35,17,0,0,0.36,0.30,0.40,27.69,17,17,0,0.49,0.40,0.50,27.25,17,17,0,0.09,0.00,0.10,28.09,17,17,0,1.06,1.00,1.10,27.61,17,17,0,0.22,0.20,0.30,27.30,17,17,0
659833,0.34,0.30,0.40,28.09,18,18,0,4.56,4.40,4.80,26.35,18,0,0,0.34,0.30,0.40,27.68,18,18,0,0.50,0.50,0.50,27.26,18,18,0,0.11,0.10,0.20,28.08,18,18,0,1.08,1.00,1.10,27.61,18,18,0,0.22,0.20,0.30,27.30,18,18,0
660333,0.34,0.30,0.40,28.10,17,17,0,4.55,4.40,4.80,26.38,17,0,0,0.34,0.30,0.40,27.68,17,17,0,0.50,0.50,0.50,27.27,17,17,0,0.09,0.00,0.10,28.10,17,17,0,1.09,1.00,1.10,27.61,17,17,0,0.22,0.20,0.30,27.32,17,17,0
660843,0.33,0.30,0.40,28.10,18,18,0,4.51,4.20,4.80,26.38,18,0,0,0.32,0.30,0.40,27.68,18,18,0,0.49,0.40,0.50,27.25,18,18,0,0.11,0.10,0.20,28.08,18,18,0,1.08,1.00,1.10,27.62,18,18,0,0.22,0.20,0.30,27.32,18,18,0
661353,0.36,0.30,0.40,28.09,18,18,0,4.51,4.10,4.80,26.39,18,0,0,0.34,0.30,0.40,27.70,18,18,0,0.50,0.50,0.50,27.27,18,18,0,0.08,0.00,0.10,28.08,18,18,0,1.07,1.00,1.10,27.61,18,18,0,0.22,0.20,0.30,27.30,18,18,0
661864,0.34,0.30,0.40,28.09,18,18,0,4.43,4.20,4.70,26.39,18,0,0,0.36,0.30,0.40,27.68,18,18,0,0.49,0.40,0.60,27.28,18,18,0,0.09,0.00,0.10,28.10,18,18,0,1.06,1.00,1.10,27.60,18,18,0,0.23,0.20,0.30,27.31,18,18,0
662364,0.34,0.30,0.40,28.09,17,17,0,4.18,2.20,5.40,26.39,17,0,0,0.34,0.30,0.40,27.69,17,17,0,0.50,0.50,0.50,27.25,17,17,0,0.10,0.10,0.10,28.08,17,17,0,1.07,1.00,1.10,27.60,17,17,0,0.23,0.20,0.30,27.31,17,17,0
662864,0.32,0.30,0.40,28.10,17,17,0,4.05,2.80,5.20,26.41,17,0,0,0.34,0.30,0.40,27.69,17,17,0,0.50,0.50,0.50,27.27,17,17,0,0.09,0.00,0.10,28.09,17,17,0,1.08,1.00,1.10,27.63,17,17,0,0.23,0.20,0.30,27.31,17,17,0
663364,0.34,0.30,0.40,28.10,17,17,0,4.04,3.50,4.60,26.41,17,0,0,0.34,0.30,0.40,27.68,17,17,0,0.50,0.50,0.50,27.25,17,17,0,0.09,0.00,0.10,28.09,17,17,0,1.06,1.00,1.10,27.61,17,17,0,0.22,0.20,0.30,27.32,17,17,0
663869,0.37,0.30,0.40,28.11,18,18,0,3.99,3.60,4.40,26.44,18,0,0,0.33,0.30,0.40,27.68,18,18,0,0.50,0.50,0.50,27.26,18,18,0,0.09,0.00,0.10,28.09,18,18,0,1.09,1.00,1.10,27.61,18,18,0,0.24,0.20,0.30,27.33,18,18,0
664370,0.36,0.30,0.40,28.08,17,17,0,32.78,1.70,99.30,26.44,17,0,0,0.35,0.30,0.40,27.68,17,17,0,0.50,0.50,0.50,27.25,17,17,0,0.11,0.10,0.20,28.09,17,17,0,1.08,1.00,1.10,27.60,17,17,0,0.21,0.20,0.30,27.31,17,17,0
664883,0.34,0.30,0.40,28.10,18,18,0,191.31,125.10,213.60,26.24,18,0,0,0.33,0.30,0.40,27.69,18,18,0,0.50,0.50,0.50,27.26,18,18,0,0.09,0.00,0.10,28.09,18,18,0,1.07,1.00,1.10,27.60,18,18,0,0.22,0.20,0.30,27.31,18,18,0
665383,0.36,0.30,0.40,28.09,17,17,0,222.97,218.10,229.90,25.74,17,0,0,0.34,0.30,0.40,27.69,17,17,0,0.49,0.40,0.50,27.26,17,17,0,0.11,0.10,0.20,28.07,17,17,0,1.06,1.00,1.10,27.61,17,17,0,0.22,0.20,0.30,27.32,17,17,0
665883,0.34,0.30,0.40,28.10,17,17,0,228.20,223.10,233.30,25.42,17,0,0,0.34,0.30,0.40,27.70,17,17,0,0.50,0.50,0.50,27.25,17,17,0,0.09,0.00,0.10,28.09,17,17,0,1.08,1.00,1.10,27.61,17,17,0,0.22,0.20,0.30,27.32,17,17,0
666383,0.35,0.30,0.40,28.09,17,17,0,234.98,230.20,242.70,25.21,17,0,0,0.34,0.30,0.40,27.69,17,17,0,0.50,0.50,0.50,27.25,17,17,0,0.08,0.00,0.10,28.11,17,17,0,1.07,1.00,1.10,27.61,17,17,0,0.26,0.20,0.30,27.31,17,17,0
666883,0.35,0.30,0.40,28.11,17,17,0,246.89,236.40,255.10,25.06,17,0,0,0.35,0.30,0.40,27.69,17,17,0,0.50,0.50,0.50,27.27,17,17,0,0.09,0.00,0.10,28.10,17,17,0,1.06,1.00,1.10,27.61,17,17,0,0.23,0.20,0.30,27.32,17,17,0
667395,0.34,0.30,0.40,28.09,17,17,0,260.47,253.10,266.00,24.94,17,0,0,0.34,0.30,0.40,27.70,17,17,0,0.49,0.40,0.50,27.26,17,17,0,0.09,0.00,0.10,28.09,17,17,0,1.07,1.00,1.10,27.60,17,17,0,0.22,0.20,0.30,27.31,17,17,0
667900,0.36,0.30,0.40,28.09,17,17,0,275.38,268.40,283.30,24.84,17,0,0,0.34,0.30,0.40,27.69,17,17,0,0.49,0.40,0.50,27.26,17,17,0,0.09,0.00,0.10,28.09,17,17,0,1.07,1.00,1.10,27.59,17,17,0,0.21,0.20,0.30,27.31,17,17,0
668400,0.35,0.30,0.40,28.10,17,17,0,294.81,286.50,301.40,24.77,17,0,0,0.35,0.30,0.40,27.70,17,17,0,0.50,0.50,0.50,27.26,17,17,0,0.09,0.00,0.10,28.11,17,17,0,1.07,1.00,1.10,27.61,17,17,0,0.22,0.20,0.30,27.33,17,17,0
668900,0.33,0.30,0.40,28.10,17,17,0,309.45,304.10,316.00,24.70,17,0,0,0.33,0.30,0.40,27.69,17,17,0,0.49,0.40,0.50,27.25,17,17,0,0.10,0.10,0.10,28.10,17,17,0,1.05,1.00,1.10,27.61,17,17,0,0.24,0.20,0.30,27.31,17,17,0
669400,0.34,0.30,0.40,28.11,17,17,0,321.50,315.00,329.50,24.63,17,0,0,0.34,0.30,0.40,27.69,17,17,0,0.50,0.50,0.50,27.27,17,17,0,0.10,0.00,0.20,28.10,17,17,0,1.07,1.00,1.10,27.61,17,17,0,0.24,0.20,0.30,27.32,17,17,0
669913,0.35,0.30,0.40,28.11,18,18,0,336.49,328.30,343.60,24.57,18,0,0,0.34,0.30,0.40,27.70,18,18,0,0.50,0.50,0.50,27.26,18,18,0,0.10,0.10,0.10,28.09,18,18,0,1.06,1.00,1.10,27.61,18,18,0,0.22,0.20,0.30,27.31,18,18,0
670413,0.37,0.30,0.40,28.11,17,17,0,354.02,346.90,360.50,24.53,17,0,0,0.35,0.30,0.40,27.68,17,17,0,0.50,0.50,0.50,27.26,17,17,0,0.09,0.00,0.10,28.08,17,17,0,1.06,1.00,1.10,27.61,17,17,0,0.22,0.20,0.30,27.32,17,17,0
670913,0.35,0.30,0.40,28.11,17,17,0,369.34,360.80,379.70,24.47,17,0,0,0.32,0.30,0.40,27.69,17,17,0,0.49,0.40,0.50,27.28,17,17,0,0.09,0.00,0.10,28.11,17,17,0,1.06,1.00,1.10,27.62,17,17,0,0.23,0.20,0.30,27.31,17,17,0
671413,0.34,0.30,0.40,28.09,17,17,0,386.19,380.90,393.20,24.43,17,0,0,0.34,0.30,0.40,27.70,17,17,0,0.48,0.40,0.50,27.28,17,17,0,0.08,0.00,0.10,28.10,17,17,0,1.07,1.00,1.10,27.61,17,17,0,0.22,0.20,0.30,27.31,17,17,0
671913,0.35,0.30,0.40,28.09,17,17,0,404.45,394.70,411.30,24.40,17,0,0,0.35,0.30,0.40,27.69,17,17,0,0.50,0.50,0.50,27.27,17,17,0,0.09,0.00,0.10,28.10,17,17,0,1.09,1.00,1.10,27.63,17,17,0,0.24,0.20,0.30,27.33,17,17,0
672413,0.35,0.30,0.40,28.09,17,17,0,418.32,412.20,426.70,24.36,17,0,0,0.35,0.30,0.40,27.70,17,17,0,0.50,0.50,0.50,27.27,17,17,0,0.11,0.10,0.20,28.09,17,17,0,1.09,1.00,1.10,27.60,17,17,0,0.21,0.20,0.30,27.32,17,17,0
672917,0.35,0.30,0.40,28.11,17,17,0,433.25,424.70,441.30,24.34,17,0,0,0.34,0.30,0.40,27.69,17,17,0,0.50,0.50,0.50,27.26,17,17,0,0.09,0.00,0.20,28.10,17,17,0,1.07,1.00,1.10,27.60,17,17,0,0.21,0.20,0.30,27.32,17,17,0
673430,0.37,0.30,0.40,28.12,18,18,0,446.86,442.30,452.40,24.31,18,0,0,0.32,0.30,0.40,27.69,18,18,0,0.50,0.50,0.50,27.28,18,18,0,0.07,0.00,0.10,28.09,18,18,0,1.08,1.00,1.10,27.60,18,18,0,0.21,0.20,0.30,27.33,18,18,0
673930,0.36,0.30,0.40,28.11,17,17,0,462.70,455.60,470.80,24.27,17,0,0,0.34,0.30,0.40,27.69,17,17,0,0.50,0.50,0.50,27.26,17,17,0,0.10,0.10,0.10,28.09,17,17,0,1.06,1.00,1.10,27.63,17,17,0,0.21,0.20,0.30,27.31,17,17,0
674443,0.36,0.30,0.40,28.10,18,18,0,479.37,472.10,484.60,24.24,18,0,0,0.33,0.30,0.40,27.71,18,18,0,0.50,0.50,0.50,27.28,18,18,0,0.10,0.10,0.10,28.10,18,18,0,1.07,1.00,1.10,27.64,18,18,0,0.21,0.20,0.30,27.31,18,18,0
674956,0.36,0.30,0.40,28.10,18,18,0,491.49,486.60,498.60,24.23,18,0,0,0.36,0.30,0.40,27.69,18,18,0,0.50,0.50,0.50,27.27,18,18,0,0.08,0.00,0.10,28.10,18,18,0,1.07,1.00,1.10,27.61,18,18,0,0.21,0.20,0.30,27.32,18,18,0
675456,0.36,0.30,0.40,28.08,17,17,0,502.95,495.10,508.30,24.22,17,0,0,0.36,0.30,0.40,27.71,17,17,0,0.49,0.40,0.50,27.26,17,17,0,0.09,0.00,0.10,28.09,17,17,0,1.07,1.00,1.10,27.61,17,17,0,0.22,0.20,0.30,27.33,17,17,0
675956,0.34,0.30,0.40,28.10,18,18,0,515.70,509.50,520.80,24.19,18,0,0,0.36,0.30,0.40,27.69,18,18,0,0.50,0.50,0.50,27.28,18,18,0,0.09,0.00,0.10,28.09,18,18,0,1.08,1.00,1.10,27.62,18,18,0,0.22,0.20,0.30,27.33,18,18,0
676456,0.35,0.30,0.40,28.11,17,17,0,522.28,517.30,525.50,24.15,17,0,0,0.34,0.30,0.40,27.69,17,17,0,0.49,0.40,0.50,27.26,17,17,0,0.09,0.00,0.10,28.10,17,17,0,1.06,1.00,1.10,27.60,17,17,0,0.21,0.20,0.30,27.32,17,17,0
676956,0.35,0.30,0.40,28.10,17,17,0,525.86,522.80,530.10,24.13,17,0,0,0.35,0.30,0.40,27.70,17,17,0,0.50,0.50,0.50,27.27,17,17,0,0.10,0.10,0.10,28.10,17,17,0,1.07,1.00,1.10,27.63,17,17,0,0.22,0.20,0.30,27.32,17,17,0
677466,0.35,0.30,0.40,28.09,17,17,0,532.78,528.30,536.60,24.13,17,0,0,0.37,0.30,0.40,27.70,17,17,0,0.49,0.40,0.50,27.27,17,17,0,0.09,0.00,0.10,28.10,17,17,0,1.08,1.00,1.10,27.62,17,17,0,0.24,0.20,0.30,27.31,17,17,0
677966,0.36,0.30,0.40,28.12,17,17,0,535.22,531.90,540.70,24.13,17,0,0,0.34,0.30,0.40,27.69,17,17,0,0.50,0.50,0.50,27.26,17,17,0,0.10,0.10,0.10,28.10,17,17,0,1.09,1.00,1.10,27.63,17,17,0,0.23,0.20,0.30,27.32,17,17,0
678466,0.36,0.30,0.40,28.11,17,17,0,539.92,537.20,545.80,24.10,17,0,0,0.36,0.30,0.40,27.71,17,17,0,0.50,0.50,0.50,27.27,17,17,0,0.09,0.00,0.10,28.09,17,17,0,1.09,1.00,1.20,27.63,17,17,0,0.22,0.20,0.30,27.31,17,17,0
678966,0.34,0.30,0.40,28.10,17,17,0,545.66,538.70,549.50,24.11,17,0,0,0.35,0.30,0.40,27.69,17,17,0,0.50,0.50,0.50,27.27,17,17,0,0.10,0.10,0.10,28.09,17,17,0,1.07,1.00,1.10,27.62,17,17,0,0.21,0.20,0.30,27.33,17,17,0
679471,0.36,0.30,0.40,28.10,17,17,0,547.82,545.00,552.60,24.08,17,0,0,0.35,0.30,0.40,27.69,17,17,0,0.48,0.40,0.50,27.27,17,17,0,0.08,0.00,0.10,28.12,17,17,0,1.08,1.00,1.10,27.63,17,17,0,0.21,0.20,0.30,27.33,17,17,0
679974,0.37,0.30,0.40,28.12,17,17,0,545.61,542.70,549.00,24.07,17,0,0,0.35,0.30,0.40,27.70,17,17,0,0.49,0.40,0.50,27.27,17,17,0,0.09,0.00,0.10,28.10,17,17,0,1.08,1.00,1.10,27.63,17,17,0,0.23,0.20,0.30,27.31,17,17,0
680487,0.37,0.30,0.40,28.11,18,18,0,541.96,537.80,549.00,24.07,18,0,0,0.36,0.30,0.40,27.69,18,18,0,0.49,0.40,0.50,27.25,18,18,0,0.09,0.00,0.10,28.10,18,18,0,1.06,1.00,1.10,27.62,18,18,0,0.22,0.20,0.30,27.34,18,18,0
680987,0.35,0.30,0.40,28.11,17,17,0,540.94,537.50,544.00,24.07,17,0,0,0.33,0.30,0.40,27.70,17,17,0,0.50,0.50,0.50,27.26,17,17,0,0.10,0.10,0.10,28.10,17,17,0,1.09,1.00,1.10,27.62,17,17,0,0.23,0.20,0.30,27.33,17,17,0
681492,0.35,0.30,0.40,28.12,17,17,0,540.51,536.20,545.40,24.07,17,0,0,0.35,0.30,0.40,27.69,17,17,0,0.49,0.40,0.50,27.27,17,17,0,0.11,0.10,0.20,28.10,17,17,0,1.06,1.00,1.10,27.62,17,17,0,0.22,0.20,0.30,27.32,17,17,0
681992,0.34,0.30,0.40,28.11,17,17,0,539.94,535.80,545.00,24.07,17,0,0,0.36,0.30,0.40,27.70,17,17,0,0.49,0.40,0.50,27.27,17,17,0,0.09,0.00,0.10,28.11,17,17,0,1.08,1.00,1.10,27.60,17,17,0,0.22,0.20,0.30,27.32,17,17,0
682492,0.34,0.30,0.40,28.12,17,17,0,542.01,535.40,547.50,24.06,17,0,0,0.34,0.30,0.40,27.68,17,17,0,0.50,0.50,0.50,27.27,17,17,0,0.10,0.10,0.10,28.12,17,17,0,1.08,1.00,1.10,27.60,17,17,0,0.24,0.20,0.30,27.34,17,17,0
682992,0.34,0.30,0.40,28.12,17,17,0,542.55,539.40,548.20,24.03,17,0,0,0.36,0.30,0.40,27.70,17,17,0,0.50,0.50,0.50,27.26,17,17,0,0.09,0.00,0.10,28.10,17,17,0,1.07,1.00,1.10,27.62,17,17,0,0.21,0.20,0.30,27.33,17,17,0
683492,0.38,0.30,0.40,28.11,16,16,0,539.58,536.50,544.00,24.05,16,0,0,0.36,0.30,0.40,27.68,16,16,0,0.50,0.50,0.50,27.28,16,16,0,0.09,0.00,0.10,28.09,16,16,0,1.08,1.00,1.10,27.61,16,16,0,0.23,0.20,0.30,27.34,16,16,0
683992,0.35,0.30,0.40,28.13,17,17,0,535.86,531.00,541.60,24.06,17,0,0,0.35,0.30,0.40,27.69,17,17,0,0.50,0.50,0.50,27.26,17,17,0,0.09,0.00,0.10,28.09,17,17,0,1.06,1.00,1.10,27.62,17,17,0,0.22,0.20,0.30,27.32,17,17,0
684492,0.35,0.30,0.40,28.12,17,17,0,533.46,530.00,536.80,24.03,17,0,0,0.35,0.30,0.40,27.69,17,17,0,0.49,0.40,0.50,27.26,17,17,0,0.09,0.00,0.20,28.11,17,17,0,1.07,1.00,1.10,27.63,17,17,0,0.22,0.20,0.30,27.32,17,17,0
684992,0.35,0.30,0.40,28.11,17,17,0,531.93,529.10,536.40,24.04,17,0,0,0.34,0.30,0.40,27.69,17,17,0,0.50,0.50,0.50,27.28,17,17,0,0.10,0.00,0.20,28.10,17,17,0,1.09,1.00,1.10,27.61,17,17,0,0.22,0.20,0.30,27.35,17,17,0
685492,0.34,0.30,0.40,28.11,17,17,0,532.32,527.90,537.20,24.04,17,0,0,0.35,0.30,0.40,27.71,17,17,0,0.50,0.50,0.50,27.26,17,17,0,0.09,0.00,0.10,28.12,17,17,0,1.07,1.00,1.10,27.62,17,17,0,0.22,0.20,0.30,27.34,17,17,0
685992,0.35,0.30,0.40,28.13,17,17,0,533.96,528.10,539.00,24.05,17,0,0,0.33,0.30,0.40,27.69,17,17,0,0.49,0.40,0.50,27.28,17,17,0,0.09,0.00,0.10,28.12,17,17,0,1.09,1.00,1.10,27.63,17,17,0,0.24,0.20,0.30,27.33,17,17,0
686492,0.34,0.30,0.40,28.11,17,17,0,534.08,531.00,538.60,24.02,17,0,0,0.35,0.30,0.40,27.69,17,17,0,0.50,0.50,0.50,27.27,17,17,0,0.09,0.00,0.10,28.10,17,17,0,1.09,1.00,1.10,27.61,17,17,0,0.21,0.20,0.30,27.33,17,17,0
686995,0.36,0.30,0.40,28.11,17,17,0,529.90,524.80,534.50,24.02,17,0,0,0.33,0.30,0.40,27.71,17,17,0,0.50,0.50,0.50,27.28,17,17,0,0.10,0.10,0.10,28.11,17,17,0,1.08,1.00,1.10,27.61,17,17,0,0.22,0.20,0.30,27.34,17,17,0
687496,0.37,0.30,0.40,28.12,17,17,0,524.28,520.90,530.00,24.02,17,0,0,0.36,0.30,0.40,27.69,17,17,0,0.50,0.40,0.60,27.27,17,17,0,0.11,0.10,0.20,28.12,17,17,0,1.07,1.00,1.10,27.61,17,17,0,0.21,0.20,0.30,27.33,17,17,0
687996,0.34,0.30,0.40,28.12,17,17,0,522.85,519.10,525.90,24.02,17,0,0,0.32,0.30,0.40,27.70,17,17,0,0.49,0.40,0.50,27.28,17,17,0,0.10,0.10,0.10,28.09,17,17,0,1.09,1.00,1.10,27.63,17,17,0,0.21,0.20,0.30,27.33,17,17,0
688500,0.36,0.30,0.40,28.12,17,17,0,521.92,518.80,527.40,24.03,17,0,0,0.33,0.30,0.40,27.70,17,17,0,0.50,0.50,0.50,27.26,17,17,0,0.11,0.10,0.20,28.10,17,17,0,1.07,1.00,1.10,27.60,17,17,0,0.22,0.20,0.30,27.32,17,17,0
689000,0.34,0.30,0.40,28.12,17,17,0,522.32,518.60,526.00,24.03,17,0,0,0.34,0.30,0.40,27.69,17,17,0,0.49,0.40,0.50,27.27,17,17,0,0.09,0.00,0.20,28.13,17,17,0,1.08,1.00,1.10,27.62,17,17,0,0.23,0.20,0.30,27.32,17,17,0
689500,0.34,0.30,0.40,28.12,17,17,0,526.86,523.40,533.00,24.03,17,0,0,0.35,0.30,0.40,27.69,17,17,0,0.50,0.50,0.50,27.28,17,17,0,0.09,0.00,0.10,28.11,17,17,0,1.06,1.00,1.10,27.61,17,17,0,0.22,0.20,0.30,27.34,17,17,0
690000,0.35,0.30,0.40,28.12,17,17,0,528.01,524.20,531.90,23.99,17,0,0,0.32,0.30,0.40,27.70,17,17,0,0.50,0.50,0.50,27.28,17,17,0,0.10,0.10,0.10,28.11,17,17,0,1.08,1.00,1.10,27.62,17,17,0,0.22,0.20,0.30,27.33,17,17,0
690504,0.36,0.30,0.40,28.12,17,17,0,522.90,519.50,526.40,24.02,17,0,0,0.35,0.30,0.40,27.70,17,17,0,0.49,0.40,0.50,27.29,17,17,0,0.09,0.00,0.10,28.12,17,17,0,1.05,1.00,1.10,27.62,17,17,0,0.22,0.20,0.30,27.34,17,17,0
691004,0.36,0.30,0.40,28.12,17,17,0,517.45,514.10,522.70,24.02,17,0,0,0.34,0.30,0.40,27.71,17,17,0,0.50,0.40,0.60,27.27,17,17,0,0.09,0.00,0.10,28.11,17,17,0,1.06,1.00,1.10,27.62,17,17,0,0.23,0.20,0.30,27.33,17,17,0
691504,0.35,0.30,0.40,28.13,17,17,0,514.65,512.00,519.80,24.02,17,0,0,0.34,0.30,0.40,27.70,17,17,0,0.50,0.50,0.50,27.28,17,17,0,0.09,0.00,0.10,28.11,17,17,0,1.09,1.00,1.10,27.63,17,17,0,0.23,0.20,0.30,27.33,17,17,0
692004,0.34,0.30,0.40,28.11,17,17,0,513.41,510.20,517.60,24.02,17,0,0,0.34,0.30,0.40,27.70,17,17,0,0.50,0.50,0.50,27.27,17,17,0,0.09,0.00,0.10,28.10,17,17,0,1.08,1.00,1.10,27.62,17,17,0,0.22,0.20,0.30,27.34,17,17,0
692516,0.33,0.30,0.40,28.11,18,18,0,513.89,509.80,518.80,24.01,18,0,0,0.33,0.30,0.40,27.70,18,18,0,0.50,0.50,0.50,27.27,18,18,0,0.08,0.00,0.10,28.12,18,18,0,1.08,1.00,1.10,27.62,18,18,0,0.22,0.20,0.30,27.34,18,18,0
693016,0.35,0.30,0.40,28.11,17,17,0,516.43,512.10,521.60,23.99,17,0,0,0.34,0.30,0.40,27.69,17,17,0,0.49,0.40,0.50,27.27,17,17,0,0.10,0.00,0.20,28.12,17,17,0,1.08,1.00,1.10,27.63,17,17,0,0.22,0.20,0.30,27.32,17,17,0
693516,0.35,0.30,0.40,28.13,17,17,0,517.66,513.30,524.20,24.02,17,0,0,0.35,0.30,0.40,27.72,17,17,0,0.49,0.40,0.50,27.28,17,17,0,0.10,0.10,0.10,28.13,17,17,0,1.07,1.00,1.20,27.63,17,17,0,0.23,0.20,0.30,27.35,17,17,0
694016,0.38,0.30,0.40,28.13,17,17,0,512.97,510.20,516.60,24.00,17,0,0,0.35,0.30,0.40,27.70,17,17,0,0.50,0.50,0.50,27.26,17,17,0,0.09,0.00,0.10,28.10,17,17,0,1.08,1.00,1.10,27.63,17,17,0,0.20,0.20,0.20,27.33,17,17,0
694516,0.35,0.30,0.40,28.11,17,17,0,507.53,503.60,511.80,23.99,17,0,0,0.34,0.30,0.40,27.70,17,17,0,0.49,0.40,0.50,27.27,17,17,0,0.09,0.00,0.10,28.11,17,17,0,1.07,1.00,1.10,27.62,17,17,0,0.21,0.20,0.30,27.33,17,17,0
695016,0.33,0.30,0.40,28.12,17,17,0,505.79,501.50,510.20,24.02,17,0,0,0.32,0.30,0.40,27.70,17,17,0,0.50,0.40,0.60,27.28,17,17,0,0.10,0.10,0.10,28.12,17,17,0,1.07,1.00,1.10,27.62,17,17,0,0.21,0.20,0.30,27.34,17,17,0
695516,0.36,0.30,0.40,28.13,17,17,0,504.11,500.50,508.00,24.01,17,0,0,0.34,0.30,0.40,27.69,17,17,0,0.50,0.50,0.50,27.29,17,17,0,0.10,0.10,0.10,28.12,17,17,0,1.06,1.00,1.10,27.63,17,17,0,0.24,0.20,0.30,27.33,17,17,0
696016,0.35,0.30,0.40,28.13,17,17,0,504.49,501.40,509.50,24.01,17,0,0,0.35,0.30,0.40,27.70,17,17,0,0.49,0.40,0.50,27.28,17,17,0,0.10,0.10,0.10,28.11,17,17,0,1.08,1.00,1.10,27.62,17,17,0,0.22,0.20,0.30,27.32,17,17,0
696516,0.35,0.30,0.40,28.12,17,17,0,508.92,505.60,513.10,24.00,17,0,0,0.36,0.30,0.40,27.70,17,17,0,0.50,0.50,0.50,27.27,17,17,0,0.11,0.10,0.20,28.12,17,17,0,1.08,1.00,1.10,27.64,17,17,0,0.23,0.20,0.30,27.34,17,17,0
697016,0.35,0.30,0.40,28.11,17,17,0,509.69,505.30,515.30,24.00,17,0,0,0.35,0.30,0.40,27.70,17,17,0,0.50,0.50,0.50,27.27,17,17,0,0.10,0.10,0.10,28.11,17,17,0,1.06,1.00,1.10,27.62,17,17,0,0.22,0.20,0.30,27.34,17,17,0
697516,0.36,0.30,0.40,28.12,17,17,0,505.49,501.70,509.20,24.01,17,0,0,0.36,0.30,0.40,27.70,17,17,0,0.49,0.40,0.50,27.27,17,17,0,0.09,0.00,0.10,28.10,17,17,0,1.08,1.00,1.10,27.62,17,17,0,0.22,0.20,0.30,27.33,17,17,0
698016,0.37,0.30,0.40,28.13,17,17,0,499.91,494.80,503.60,24.00,17,0,0,0.35,0.30,0.40,27.72,17,17,0,0.49,0.40,0.50,27.27,17,17,0,0.10,0.10,0.10,28.11,17,17,0,1.08,1.00,1.10,27.64,17,17,0,0.21,0.20,0.30,27.34,17,17,0
698516,0.34,0.30,0.40,28.12,17,17,0,497.54,493.40,502.10,24.01,17,0,0,0.33,0.30,0.40,27.70,17,17,0,0.50,0.50,0.50,27.27,17,17,0,0.10,0.00,0.20,28.11,17,17,0,1.07,1.00,1.10,27.64,17,17,0,0.23,0.20,0.30,27.34,17,17,0
699016,0.36,0.30,0.40,28.11,17,17,0,496.30,493.40,501.00,24.00,17,0,0,0.35,0.30,0.40,27.72,17,17,0,0.49,0.40,0.50,27.28,17,17,0,0.09,0.00,0.10,28.12,17,17,0,1.07,1.00,1.10,27.60,17,17,0,0.21,0.20,0.30,27.35,17,17,0
699516,0.32,0.30,0.40,28.12,17,17,0,497.48,494.50,502.70,23.99,17,0,0,0.34,0.30,0.40,27.69,17,17,0,0.49,0.40,0.50,27.28,17,17,0,0.09,0.00,0.10,28.11,17,17,0,1.07,1.00,1.10,27.63,17,17,0,0.21,0.20,0.30,27.33,17,17,0
700016,0.35,0.30,0.40,28.11,17,17,0,500.75,497.20,507.50,24.00,17,0,0,0.34,0.30,0.40,27.71,17,17,0,0.50,0.50,0.50,27.27,17,17,0,0.09,0.00,0.10,28.12,17,17,0,1.06,1.00,1.10,27.63,17,17,0,0.21,0.10,0.30,27.35,17,17,0
700516,0.34,0.30,0.40,28.11,17,17,0,502.94,499.10,508.00,24.00,17,0,0,0.34,0.30,0.40,27.70,17,17,0,0.50,0.50,0.50,27.28,17,17,0,0.09,0.00,0.10,28.12,17,17,0,1.08,1.00,1.10,27.63,17,17,0,0.23,0.20,0.30,27.34,17,17,0
701016,0.36,0.30,0.40,28.12,17,17,0,500.38,496.40,504.30,24.00,17,0,0,0.33,0.30,0.40,27.69,17,17,0,0.49,0.40,0.50,27.28,17,17,0,0.10,0.10,0.10,28.11,17,17,0,1.06,1.00,1.10,27.64,17,17,0,0.24,0.20,0.30,27.35,17,17,0
701516,0.38,0.30,0.40,28.12,17,17,0,496.75,492.90,500.10,23.99,17,0,0,0.36,0.30,0.40,27.70,17,17,0,0.50,0.50,0.50,27.28,17,17,0,0.09,0.00,0.10,28.11,17,17,0,1.09,1.00,1.10,27.65,17,17,0,0.22,0.20,0.30,27.34,17,17,0
702016,0.34,0.30,0.40,28.11,17,17,0,494.22,491.00,500.10,24.01,17,0,0,0.33,0.30,0.40,27.72,17,17,0,0.50,0.50,0.50,27.28,17,17,0,0.08,0.00,0.20,28.12,17,17,0,1.08,1.00,1.10,27.64,17,17,0,0.20,0.20,0.20,27.35,17,17,0
702516,0.36,0.30,0.40,28.11,16,16,0,493.42,490.10,498.20,24.00,16,0,0,0.35,0.30,0.40,27.71,16,16,0,0.50,0.50,0.50,27.27,16,16,0,0.09,0.00,0.10,28.10,16,16,0,1.06,1.00,1.10,27.63,16,16,0,0.24,0.20,0.30,27.35,16,16,0
703016,0.35,0.30,0.40,28.11,17,17,0,492.57,489.00,497.50,24.00,17,0,0,0.36,0.30,0.40,27.73,17,17,0,0.49,0.40,0.50,27.29,17,17,0,0.10,0.10,0.10,28.11,17,17,0,1.09,1.00,1.10,27.63,17,17,0,0.22,0.20,0.30,27.33,17,17,0
703516,0.35,0.30,0.40,28.12,17,17,0,493.89,490.30,498.40,24.00,17,0,0,0.34,0.30,0.40,27.71,17,17,0,0.50,0.50,0.50,27.27,17,17,0,0.10,0.00,0.20,28.11,17,17,0,1.07,1.00,1.10,27.63,17,17,0,0.24,0.20,0.30,27.34,17,17,0
704016,0.35,0.30,0.40,28.12,17,17,0,495.22,491.90,499.70,24.00,17,0,0,0.32,0.30,0.40,27.70,17,17,0,0.50,0.50,0.50,27.29,17,17,0,0.09,0.00,0.10,28.13,17,17,0,1.07,1.00,1.10,27.63,17,17,0,0.24,0.20,0.30,27.35,17,17,0
704516,0.34,0.30,0.40,28.14,17,17,0,493.91,490.20,499.60,24.00,17,0,0,0.35,0.30,0.40,27.71,17,17,0,0.49,0.40,0.50,27.28,17,17,0,0.09,0.00,0.10,28.11,17,17,0,1.06,1.00,1.10,27.63,17,17,0,0.21,0.20,0.30,27.36,17,17,0
705016,0.34,0.30,0.40,28.13,17,17,0,488.72,485.30,492.30,24.00,17,0,0,0.34,0.30,0.40,27.69,17,17,0,0.48,0.40,0.50,27.30,17,17,0,0.09,0.00,0.10,28.11,17,17,0,1.07,1.00,1.10,27.63,17,17,0,0.22,0.20,0.30,27.36,17,17,0
705516,0.35,0.30,0.40,28.13,17,17,0,486.84,483.10,490.60,23.98,17,0,0,0.32,0.30,0.40,27.71,17,17,0,0.49,0.40,0.50,27.29,17,17,0,0.10,0.10,0.10,28.11,17,17,0,1.06,1.00,1.10,27.63,17,17,0,0.22,0.20,0.30,27.34,17,17,0
706016,0.36,0.30,0.40,28.11,17,17,0,487.74,485.00,491.20,23.99,17,0,0,0.32,0.30,0.40,27.69,17,17,0,0.49,0.40,0.50,27.29,17,17,0,0.09,0.00,0.10,28.11,17,17,0,1.07,1.00,1.10,27.65,17,17,0,0.22,0.20,0.30,27.35,17,17,0
706528,0.36,0.30,0.40,28.11,18,18,0,487.73,483.60,491.30,24.00,18,0,0,0.34,0.30,0.40,27.71,18,18,0,0.50,0.50,0.50,27.28,18,18,0,0.10,0.10,0.10,28.11,18,18,0,1.09,1.00,1.10,27.63,18,18,0,0.23,0.20,0.30,27.34,18,18,0
707033,0.37,0.30,0.40,28.12,18,18,0,490.31,486.50,494.50,24.01,18,0,0,0.33,0.30,0.40,27.70,18,18,0,0.51,0.50,0.60,27.28,18,18,0,0.10,0.00,0.20,28.12,18,18,0,1.09,1.00,1.10,27.63,18,18,0,0.22,0.20,0.30,27.35,18,18,0
707545,0.36,0.30,0.40,28.14,18,18,0,491.77,489.40,495.80,24.00,18,0,0,0.34,0.30,0.40,27.69,18,18,0,0.50,0.50,0.50,27.30,18,18,0,0.09,0.00,0.10,28.11,18,18,0,1.07,1.00,1.10,27.63,18,18,0,0.24,0.20,0.30,27.34,18,18,0
708058,0.35,0.30,0.40,28.13,18,18,0,490.22,484.90,495.30,24.00,18,0,0,0.33,0.30,0.40,27.71,18,18,0,0.50,0.50,0.50,27.28,18,18,0,0.10,0.00,0.20,28.13,18,18,0,1.09,1.00,1.10,27.64,18,18,0,0.23,0.20,0.30,27.35,18,18,0
708558,0.35,0.30,0.40,28.14,17,17,0,486.60,483.20,490.30,24.01,17,0,0,0.36,0.30,0.40,27.72,17,17,0,0.50,0.50,0.50,27.28,17,17,0,0.11,0.10,0.20,28.13,17,17,0,1.08,1.00,1.10,27.65,17,17,0,0.21,0.20,0.30,27.34,17,17,0
709058,0.36,0.30,0.40,28.14,17,17,0,484.42,482.30,487.30,23.99,17,0,0,0.34,0.30,0.40,27.71,17,17,0,0.51,0.50,0.60,27.29,17,17,0,0.10,0.00,0.20,28.12,17,17,0,1.09,1.00,1.10,27.64,17,17,0,0.23,0.20,0.30,27.35,17,17,0
709558,0.37,0.30,0.40,28.12,17,17,0,485.16,481.70,488.50,23.99,17,0,0,0.34,0.30,0.40,27.72,17,17,0,0.49,0.40,0.50,27.28,17,17,0,0.09,0.00,0.10,28.11,17,17,0,1.08,1.00,1.10,27.65,17,17,0,0.22,0.20,0.30,27.35,17,17,0
710071,0.36,0.30,0.40,28.12,18,18,0,485.51,482.70,491.00,24.00,18,0,0,0.34,0.30,0.40,27.70,18,18,0,0.49,0.40,0.50,27.28,18,18,0,0.09,0.00,0.10,28.10,18,18,0,1.07,1.00,1.10,27.65,18,18,0,0.23,0.20,0.30,27.35,18,18,0
710584,0.36,0.30,0.40,28.12,18,18,0,491.15,487.10,495.80,23.98,18,0,0,0.33,0.30,0.40,27.71,18,18,0,0.50,0.50,0.50,27.29,18,18,0,0.09,0.00,0.10,28.13,18,18,0,1.07,1.00,1.10,27.65,18,18,0,0.21,0.20,0.30,27.35,18,18,0
711084,0.35,0.30,0.40,28.11,17,17,0,493.90,490.60,499.20,23.99,17,0,0,0.35,0.30,0.40,27.71,17,17,0,0.50,0.50,0.50,27.28,17,17,0,0.09,0.00,0.10,28.13,17,17,0,1.06,1.00,1.10,27.65,17,17,0,0.20,0.20,0.20,27.36,17,17,0
711584,0.34,0.30,0.40,28.12,17,17,0,492.80,489.50,499.00,23.99,17,0,0,0.32,0.30,0.40,27.70,17,17,0,0.50,0.50,0.50,27.29,17,17,0,0.09,0.00,0.10,28.13,17,17,0,1.09,1.00,1.10,27.64,17,17,0,0.22,0.20,0.30,27.36,17,17,0
712084,0.36,0.30,0.40,28.13,17,17,0,488.31,485.40,491.70,23.99,17,0,0,0.31,0.30,0.40,27.70,17,17,0,0.50,0.50,0.50,27.29,17,17,0,0.09,0.00,0.10,28.12,17,17,0,1.09,1.00,1.10,27.64,17,17,0,0.23,0.20,0.30,27.35,17,17,0
712584,0.35,0.30,0.40,28.14,17,17,0,485.77,482.90,489.00,23.99,17,0,0,0.34,0.30,0.40,27.71,17,17,0,0.50,0.50,0.50,27.30,17,17,0,0.10,0.10,0.10,28.13,17,17,0,1.09,1.00,1.10,27.65,17,17,0,0.24,0.20,0.30,27.36,17,17,0
713084,0.35,0.30,0.40,28.13,17,17,0,485.97,482.10,488.90,23.98,17,0,0,0.34,0.30,0.40,27.71,17,17,0,0.50,0.50,0.50,27.29,17,17,0,0.09,0.00,0.10,28.12,17,17,0,1.06,1.00,1.10,27.64,17,17,0,0.24,0.20,0.30,27.36,17,17,0
713584,0.37,0.30,0.40,28.12,17,17,0,486.71,483.60,491.50,23.98,17,0,0,0.32,0.30,0.40,27.71,17,17,0,0.49,0.40,0.50,27.30,17,17,0,0.11,0.00,0.20,28.12,17,17,0,1.08,1.00,1.10,27.62,17,17,0,0.21,0.20,0.30,27.35,17,17,0
714097,0.35,0.30,0.40,28.13,18,18,0,491.96,487.50,497.30,23.99,18,0,0,0.33,0.30,0.40,27.71,18,18,0,0.49,0.40,0.50,27.29,18,18,0,0.10,0.10,0.10,28.12,18,18,0,1.07,1.00,1.10,27.64,18,18,0,0.22,0.20,0.30,27.36,18,18,0
714597,0.35,0.30,0.40,28.11,17,17,0,494.91,492.10,498.60,23.97,17,0,0,0.34,0.30,0.40,27.72,17,17,0,0.49,0.40,0.50,27.28,17,17,0,0.10,0.00,0.20,28.12,17,17,0,1.07,1.00,1.10,27.64,17,17,0,0.20,0.20,0.20,27.33,17,17,0
715097,0.36,0.30,0.40,28.12,17,17,0,492.73,488.80,497.00,23.98,17,0,0,0.35,0.30,0.40,27.71,17,17,0,0.51,0.50,0.60,27.29,17,17,0,0.09,0.00,0.10,28.12,17,17,0,1.06,1.00,1.10,27.65,17,17,0,0.21,0.20,0.30,27.34,17,17,0
715597,0.34,0.30,0.40,28.12,17,17,0,487.78,485.20,491.20,23.96,17,0,0,0.34,0.30,0.40,27.70,17,17,0,0.49,0.40,0.50,27.29,17,17,0,0.09,0.00,0.10,28.11,17,17,0,1.07,1.00,1.10,27.64,17,17,0,0.24,0.20,0.30,27.35,17,17,0
716097,0.35,0.30,0.40,28.13,17,17,0,485.09,483.10,490.60,23.99,17,0,0,0.33,0.30,0.40,27.72,17,17,0,0.50,0.50,0.50,27.29,17,17,0,0.10,0.10,0.10,28.12,17,17,0,1.08,1.00,1.10,27.66,17,17,0,0.21,0.20,0.30,27.36,17,17,0
716597,0.34,0.30,0.40,28.13,17,17,0,486.16,483.20,490.40,23.99,17,0,0,0.35,0.30,0.40,27.70,17,17,0,0.50,0.50,0.50,27.28,17,17,0,0.09,0.00,0.10,28.15,17,17,0,1.06,1.00,1.10,27.65,17,17,0,0.22,0.20,0.30,27.34,17,17,0
717097,0.34,0.30,0.40,28.12,17,17,0,487.19,485.00,490.70,23.98,17,0,0,0.33,0.30,0.40,27.71,17,17,0,0.50,0.50,0.50,27.29,17,17,0,0.10,0.10,0.10,28.13,17,17,0,1.06,1.00,1.10,27.64,17,17,0,0.24,0.20,0.30,27.35,17,17,0
717597,0.36,0.30,0.40,28.12,17,17,0,492.76,489.60,497.70,23.98,17,0,0,0.35,0.30,0.40,27.72,17,17,0,0.51,0.50,0.60,27.29,17,17,0,0.09,0.00,0.10,28.12,17,17,0,1.10,1.10,1.10,27.65,17,17,0,0.23,0.20,0.30,27.36,17,17,0
718097,0.36,0.30,0.40,28.13,17,17,0,496.31,492.60,499.70,23.99,17,0,0,0.36,0.30,0.40,27.71,17,17,0,0.50,0.50,0.50,27.27,17,17,0,0.10,0.00,0.20,28.13,17,17,0,1.06,1.00,1.10,27.64,17,17,0,0.22,0.20,0.30,27.35,17,17,0
718597,0.32,0.30,0.40,28.12,17,17,0,494.95,491.10,500.70,23.99,17,0,0,0.36,0.30,0.40,27.70,17,17,0,0.49,0.40,0.50,27.29,17,17,0,0.09,0.00,0.10,28.12,17,17,0,1.06,1.00,1.10,27.65,17,17,0,0.21,0.20,0.30,27.34,17,17,0
719097,0.36,0.30,0.40,28.12,17,17,0,489.54,485.50,494.20,23.98,17,0,0,0.35,0.30,0.40,27.71,17,17,0,0.51,0.50,0.60,27.28,17,17,0,0.09,0.00,0.10,28.11,17,17,0,1.07,1.00,1.10,27.64,17,17,0,0.22,0.20,0.30,27.35,17,17,0
719597,0.35,0.30,0.40,28.13,17,17,0,487.13,484.10,490.60,23.97,17,0,0,0.35,0.30,0.40,27.72,17,17,0,0.50,0.50,0.50,27.31,17,17,0,0.10,0.10,0.10,28.13,17,17,0,1.09,1.00,1.10,27.64,17,17,0,0.22,0.20,0.30,27.35,17,17,0
720109,0.37,0.30,0.40,28.13,18,18,0,486.83,483.70,489.80,23.98,18,0,0,0.34,0.30,0.40,27.72,18,18,0,0.49,0.40,0.50,27.28,18,18,0,0.11,0.00,0.20,28.13,18,18,0,1.07,1.00,1.10,27.63,18,18,0,0.26,0.20,0.30,27.34,18,18,0
720609,0.38,0.30,0.40,28.13,17,17,0,487.84,484.50,492.70,23.98,17,0,0,0.36,0.30,0.40,27.71,17,17,0,0.50,0.50,0.50,27.28,17,17,0,0.09,0.00,0.10,28.12,17,17,0,1.08,1.00,1.10,27.64,17,17,0,0.22,0.20,0.30,27.37,17,17,0
721109,0.35,0.30,0.40,28.12,17,17,0,493.89,490.50,499.10,23.97,17,0,0,0.35,0.30,0.40,27.71,17,17,0,0.50,0.50,0.50,27.32,17,17,0,0.10,0.10,0.10,28.12,17,17,0,1.05,1.00,1.10,27.65,17,17,0,0.22,0.20,0.30,27.35,17,17,0
721609,0.34,0.30,0.40,28.14,16,16,0,496.44,493.90,500.00,23.97,16,0,0,0.36,0.30,0.40,27.71,16,16,0,0.50,0.50,0.50,27.29,16,16,0,0.09,0.00,0.10,28.12,16,16,0,1.09,1.00,1.10,27.65,16,16,0,0.25,0.20,0.30,27.36,16,16,0
722109,0.35,0.30,0.40,28.12,17,17,0,494.75,490.70,499.50,23.96,17,0,0,0.34,0.30,0.40,27.73,17,17,0,0.50,0.50,0.50,27.29,17,17,0,0.09,0.00,0.10,28.11,17,17,0,1.08,1.00,1.10,27.65,17,17,0,0.21,0.20,0.30,27.34,17,17,0
722609,0.35,0.30,0.40,28.12,17,17,0,488.98,486.10,492.70,23.98,17,0,0,0.35,0.30,0.40,27.71,17,17,0,0.50,0.40,0.60,27.29,17,17,0,0.10,0.10,0.10,28.13,17,17,0,1.04,1.00,1.10,27.63,17,17,0,0.24,0.20,0.30,27.36,17,17,0
723109,0.33,0.30,0.40,28.12,17,17,0,485.59,481.80,489.20,23.97,17,0,0,0.36,0.30,0.40,27.72,17,17,0,0.49,0.40,0.50,27.30,17,17,0,0.09,0.00,0.10,28.14,17,17,0,1.07,1.00,1.10,27.65,17,17,0,0.23,0.20,0.30,27.36,17,17,0
723609,0.34,0.30,0.40,28.12,17,17,0,483.56,480.60,487.70,23.97,17,0,0,0.32,0.30,0.40,27.72,17,17,0,0.49,0.40,0.50,27.30,17,17,0,0.09,0.00,0.10,28.13,17,17,0,1.08,1.00,1.10,27.64,17,17,0,0.24,0.20,0.30,27.37,17,17,0
724109,0.36,0.30,0.40,28.13,17,17,0,485.71,482.50,489.80,23.98,17,0,0,0.35,0.30,0.40,27.72,17,17,0,0.50,0.50,0.50,27.28,17,17,0,0.09,0.00,0.10,28.14,17,17,0,1.06,1.00,1.10,27.65,17,17,0,0.26,0.20,0.30,27.35,17,17,0
724609,0.34,0.30,0.40,28.13,17,17,0,492.58,488.60,498.50,23.98,17,0,0,0.37,0.30,0.40,27.72,17,17,0,0.50,0.50,0.50,27.29,17,17,0,0.09,0.00,0.10,28.12,17,17,0,1.08,1.00,1.10,27.66,17,17,0,0.23,0.20,0.30,27.35,17,17,0
725119,0.35,0.30,0.40,28.13,17,17,0,496.32,492.40,499.80,23.97,17,0,0,0.33,0.30,0.40,27.72,17,17,0,0.50,0.50,0.50,27.30,17,17,0,0.09,0.00,0.10,28.13,17,17,0,1.06,1.00,1.10,27.64,17,17,0,0.25,0.20,0.30,27.36,17,17,0
725619,0.33,0.30,0.40,28.13,17,17,0,495.64,491.90,500.30,23.97,17,0,0,0.36,0.30,0.40,27.72,17,17,0,0.50,0.50,0.50,27.29,17,17,0,0.09,0.00,0.10,28.13,17,17,0,1.09,1.00,1.10,27.66,17,17,0,0.24,0.20,0.30,27.37,17,17,0
726119,0.34,0.30,0.40,28.12,17,17,0,490.32,487.50,494.20,23.97,17,0,0,0.35,0.30,0.40,27.73,17,17,0,0.50,0.50,0.50,27.29,17,17,0,0.11,0.10,0.20,28.14,17,17,0,1.09,1.00,1.10,27.66,17,17,0,0.22,0.20,0.30,27.36,17,17,0
726619,0.32,0.30,0.40,28.12,17,17,0,485.46,482.00,488.40,23.98,17,0,0,0.35,0.30,0.40,27.71,17,17,0,0.50,0.40,0.60,27.30,17,17,0,0.07,0.00,0.10,28.13,17,17,0,1.06,1.00,1.10,27.66,17,17,0,0.24,0.20,0.30,27.36,17,17,0
727132,0.34,0.30,0.40,28.14,18,18,0,483.54,480.60,487.40,23.98,18,0,0,0.34,0.30,0.40,27.71,18,18,0,0.50,0.50,0.50,27.28,18,18,0,0.10,0.10,0.10,28.13,18,18,0,1.09,1.00,1.10,27.65,18,18,0,0.22,0.20,0.30,27.36,18,18,0
727634,0.32,0.30,0.40,28.12,17,17,0,483.29,480.30,488.70,23.99,17,0,0,0.38,0.30,0.40,27.71,17,17,0,0.50,0.50,0.50,27.30,17,17,0,0.09,0.00,0.10,28.13,17,17,0,1.08,1.00,1.10,27.67,17,17,0,0.23,0.20,0.30,27.36,17,17,0
728134,0.35,0.30,0.40,28.12,17,17,0,489.93,484.20,495.10,23.97,17,0,0,0.35,0.30,0.40,27.72,17,17,0,0.51,0.50,0.60,27.30,17,17,0,0.10,0.10,0.10,28.14,17,17,0,1.06,1.00,1.10,27.65,17,17,0,0.21,0.20,0.30,27.36,17,17,0
728634,0.35,0.30,0.40,28.12,17,17,0,493.99,491.10,497.80,23.96,17,0,0,0.35,0.30,0.40,27.71,17,17,0,0.49,0.40,0.50,27.31,17,17,0,0.10,0.10,0.10,28.12,17,17,0,1.08,1.00,1.10,27.66,17,17,0,0.22,0.20,0.30,27.36,17,17,0
729147,0.33,0.30,0.40,28.13,18,18,0,493.66,489.50,498.00,23.96,18,0,0,0.32,0.30,0.40,27.73,18,18,0,0.49,0.40,0.50,27.31,18,18,0,0.09,0.00,0.10,28.13,18,18,0,1.07,1.00,1.10,27.66,18,18,0,0.23,0.20,0.30,27.36,18,18,0
729647,0.34,0.30,0.40,28.12,17,17,0,488.34,485.80,491.40,23.97,17,0,0,0.35,0.30,0.40,27.72,17,17,0,0.50,0.50,0.50,27.29,17,17,0,0.09,0.00,0.10,28.12,17,17,0,1.08,1.00,1.10,27.64,17,17,0,0.21,0.20,0.30,27.35,17,17,0
730147,0.34,0.30,0.40,28.13,17,17,0,484.72,481.00,488.60,23.98,17,0,0,0.35,0.30,0.40,27.71,17,17,0,0.49,0.40,0.50,27.30,17,17,0,0.09,0.00,0.10,28.14,17,17,0,1.08,1.00,1.10,27.65,17,17,0,0.24,0.20,0.30,27.36,17,17,0
730647,0.34,0.30,0.40,28.13,17,17,0,483.49,480.20,487.60,23.97,17,0,0,0.34,0.30,0.40,27.71,17,17,0,0.49,0.40,0.50,27.30,17,17,0,0.10,0.10,0.10,28.13,17,17,0,1.08,1.00,1.10,27.66,17,17,0,0.21,0.20,0.30,27.38,17,17,0
731147,0.35,0.30,0.40,28.13,17,17,0,483.57,479.50,486.80,23.96,17,0,0,0.34,0.30,0.40,27.73,17,17,0,0.50,0.50,0.50,27.30,17,17,0,0.09,0.00,0.10,28.11,17,17,0,1.08,1.00,1.10,27.66,17,17,0,0.22,0.20,0.30,27.34,17,17,0
731647,0.35,0.30,0.40,28.12,17,17,0,489.68,484.40,493.50,23.99,17,0,0,0.34,0.30,0.40,27.71,17,17,0,0.49,0.40,0.50,27.30,17,17,0,0.09,0.00,0.10,28.12,17,17,0,1.08,1.00,1.10,27.65,17,17,0,0.22,0.20,0.30,27.36,17,17,0
732147,0.36,0.30,0.40,28.12,17,17,0,494.33,490.60,498.20,23.97,17,0,0,0.36,0.30,0.40,27.71,17,17,0,0.50,0.50,0.50,27.30,17,17,0,0.09,0.00,0.10,28.12,17,17,0,1.06,1.00,1.10,27.64,17,17,0,0.22,0.20,0.30,27.36,17,17,0
732647,0.34,0.30,0.40,28.13,17,17,0,492.59,486.90,497.60,23.97,17,0,0,0.36,0.30,0.40,27.73,17,17,0,0.50,0.50,0.50,27.30,17,17,0,0.10,0.10,0.10,28.13,17,17,0,1.08,1.00,1.10,27.66,17,17,0,0.22,0.20,0.30,27.37,17,17,0
733147,0.35,0.30,0.40,28.13,17,17,0,487.02,483.40,489.90,23.97,17,0,0,0.34,0.30,0.40,27.72,17,17,0,0.50,0.50,0.50,27.29,17,17,0,0.10,0.10,0.10,28.13,17,17,0,1.07,1.00,1.10,27.65,17,17,0,0.21,0.20,0.30,27.37,17,17,0
733650,0.34,0.30,0.40,28.12,17,17,0,484.15,481.70,488.10,23.97,17,0,0,0.35,0.30,0.40,27.72,17,17,0,0.49,0.40,0.50,27.31,17,17,0,0.09,0.00,0.10,28.13,17,17,0,1.06,1.00,1.10,27.65,17,17,0,0.22,0.20,0.30,27.38,17,17,0
734150,0.35,0.30,0.40,28.14,18,18,0,484.19,481.70,487.40,23.97,18,0,0,0.36,0.30,0.40,27.72,18,18,0,0.50,0.50,0.50,27.32,18,18,0,0.08,0.00,0.10,28.13,18,18,0,1.07,1.00,1.10,27.66,18,18,0,0.23,0.20,0.30,27.37,18,18,0
734663,0.35,0.30,0.40,28.13,17,17,0,484.78,481.60,489.40,23.96,17,0,0,0.35,0.30,0.40,27.71,17,17,0,0.49,0.40,0.50,27.30,17,17,0,0.09,0.00,0.10,28.12,17,17,0,1.08,1.00,1.10,27.68,17,17,0,0.22,0.20,0.30,27.36,17,17,0
735163,0.36,0.30,0.40,28.11,17,17,0,487.74,483.90,492.10,23.96,17,0,0,0.34,0.30,0.40,27.71,17,17,0,0.50,0.50,0.50,27.29,17,17,0,0.10,0.10,0.10,28.15,17,17,0,1.09,1.00,1.10,27.65,17,17,0,0.22,0.20,0.30,27.36,17,17,0
735663,0.33,0.30,0.40,28.14,18,18,0,492.89,489.70,495.60,23.97,18,0,0,0.35,0.30,0.40,27.72,18,18,0,0.49,0.40,0.50,27.31,18,18,0,0.10,0.10,0.10,28.13,18,18,0,1.07,1.00,1.10,27.66,18,18,0,0.23,0.20,0.30,27.36,18,18,0
736163,0.38,0.30,0.40,28.14,16,16,0,491.66,487.60,495.30,23.98,16,0,0,0.38,0.30,0.40,27.74,16,16,0,0.50,0.50,0.50,27.31,16,16,0,0.10,0.00,0.20,28.12,16,16,0,1.08,1.00,1.10,27.67,16,16,0,0.24,0.20,0.30,27.35,16,16,0
736663,0.36,0.30,0.40,28.13,17,17,0,488.28,484.10,492.40,23.98,17,0,0,0.34,0.30,0.40,27.72,17,17,0,0.48,0.40,0.50,27.30,17,17,0,0.09,0.00,0.10,28.13,17,17,0,1.09,1.00,1.10,27.66,17,17,0,0.21,0.20,0.30,27.35,17,17,0
737163,0.35,0.30,0.40,28.12,17,17,0,485.24,483.60,490.00,23.95,17,0,0,0.35,0.30,0.40,27.73,17,17,0,0.50,0.50,0.50,27.31,17,17,0,0.09,0.00,0.10,28.12,17,17,0,1.08,1.00,1.10,27.64,17,17,0,0.21,0.20,0.30,27.37,17,17,0
737663,0.33,0.30,0.40,28.13,17,17,0,485.71,482.70,489.50,23.96,17,0,0,0.35,0.30,0.40,27.72,17,17,0,0.49,0.40,0.50,27.31,17,17,0,0.11,0.10,0.20,28.13,17,17,0,1.08,1.00,1.10,27.65,17,17,0,0.24,0.20,0.30,27.37,17,17,0
738163,0.35,0.30,0.40,28.14,17,17,0,485.68,483.30,490.40,23.97,17,0,0,0.33,0.30,0.40,27.70,17,17,0,0.50,0.50,0.50,27.31,17,17,0,0.10,0.10,0.10,28.15,17,17,0,1.06,1.00,1.10,27.66,17,17,0,0.23,0.20,0.30,27.35,17,17,0
738663,0.35,0.30,0.40,28.13,18,18,0,488.57,484.60,493.40,23.97,18,0,0,0.36,0.30,0.40,27.73,18,18,0,0.50,0.50,0.50,27.30,18,18,0,0.09,0.00,0.10,28.11,18,18,0,1.07,1.00,1.10,27.66,18,18,0,0.22,0.20,0.30,27.37,18,18,0
739163,0.35,0.30,0.40,28.13,17,17,0,493.53,490.70,497.10,23.96,17,0,0,0.35,0.30,0.40,27.72,17,17,0,0.50,0.50,0.50,27.31,17,17,0,0.10,0.10,0.10,28.13,17,17,0,1.07,1.00,1.20,27.66,17,17,0,0.22,0.20,0.30,27.36,17,17,0
739663,0.36,0.30,0.40,28.14,17,17,0,491.39,487.20,494.90,23.97,17,0,0,0.35,0.30,0.40,27.72,17,17,0,0.49,0.40,0.50,27.30,17,17,0,0.09,0.00,0.10,28.14,17,17,0,1.07,1.00,1.10,27.68,17,17,0,0.24,0.20,0.30,27.37,17,17,0
740175,0.35,0.30,0.40,28.14,18,18,0,491.69,488.50,495.80,23.97,18,0,0,0.34,0.30,0.40,27.74,18,18,0,0.49,0.40,0.50,27.29,18,18,0,0.10,0.10,0.10,28.13,18,18,0,1.08,1.00,1.10,27.67,18,18,0,0.22,0.20,0.30,27.37,18,18,0
740681,0.35,0.30,0.40,28.12,17,17,0,489.92,486.90,495.20,23.96,17,0,0,0.36,0.30,0.40,27.73,17,17,0,0.48,0.40,0.50,27.31,17,17,0,0.09,0.00,0.10,28.13,17,17,0,1.07,1.00,1.10,27.65,17,17,0,0.22,0.20,0.30,27.36,17,17,0
741181,0.35,0.30,0.40,28.15,17,17,0,490.19,487.40,494.00,23.95,17,0,0,0.34,0.30,0.40,27.73,17,17,0,0.49,0.40,0.50,27.31,17,17,0,0.10,0.00,0.20,28.15,17,17,0,1.08,1.00,1.10,27.65,17,17,0,0.24,0.20,0.30,27.36,17,17,0
741689,0.34,0.30,0.40,28.15,17,17,0,490.54,487.20,496.50,23.97,17,0,0,0.32,0.30,0.40,27.71,17,17,0,0.49,0.40,0.50,27.30,17,17,0,0.09,0.00,0.10,28.14,17,17,0,1.08,1.00,1.10,27.67,17,17,0,0.22,0.20,0.30,27.37,17,17,0
742202,0.35,0.30,0.40,28.13,18,18,0,491.08,488.40,494.80,23.96,18,0,0,0.33,0.30,0.40,27.74,18,18,0,0.50,0.50,0.50,27.30,18,18,0,0.09,0.00,0.10,28.13,18,18,0,1.08,1.00,1.10,27.67,18,18,0,0.22,0.20,0.30,27.37,18,18,0
742702,0.38,0.30,0.40,28.13,17,17,0,495.88,492.50,498.60,23.95,17,0,0,0.31,0.30,0.40,27.72,17,17,0,0.50,0.50,0.50,27.30,17,17,0,0.08,-0.10,0.10,28.13,17,17,0,1.06,1.00,1.10,27.66,17,17,0,0.21,0.20,0.30,27.37,17,17,0
743214,0.36,0.30,0.40,28.13,18,18,0,495.86,492.50,499.90,23.94,18,0,0,0.34,0.30,0.40,27.70,18,18,0,0.49,0.40,0.50,27.30,18,18,0,0.09,0.00,0.10,28.14,18,18,0,1.07,1.00,1.10,27.67,18,18,0,0.24,0.20,0.30,27.37,18,18,0
743724,0.36,0.30,0.40,28.14,18,18,0,493.85,490.40,497.70,23.95,18,0,0,0.37,0.30,0.40,27.73,18,18,0,0.49,0.40,0.50,27.30,18,18,0,0.09,0.00,0.10,28.14,18,18,0,1.08,1.00,1.10,27.66,18,18,0,0.22,0.20,0.30,27.37,18,18,0
744224,0.33,0.30,0.40,28.11,17,17,0,493.78,490.00,499.20,23.96,17,0,0,0.34,0.30,0.40,27.74,17,17,0,0.49,0.40,0.50,27.32,17,17,0,0.08,0.00,0.10,28.15,17,17,0,1.06,1.00,1.10,27.66,17,17,0,0.25,0.20,0.30,27.36,17,17,0
744730,0.37,0.30,0.40,28.13,17,17,0,496.61,492.80,500.20,23.97,17,0,0,0.35,0.30,0.40,27.72,17,17,0,0.49,0.40,0.50,27.32,17,17,0,0.11,0.10,0.20,28.14,17,17,0,1.08,1.00,1.10,27.67,17,17,0,0.23,0.20,0.30,27.35,17,17,0
745239,0.35,0.30,0.40,28.15,17,17,0,497.53,493.50,502.60,23.95,17,0,0,0.35,0.30,0.40,27.74,17,17,0,0.50,0.50,0.50,27.30,17,17,0,0.11,0.10,0.20,28.13,17,17,0,1.07,1.00,1.10,27.66,17,17,0,0.23,0.20,0.30,27.38,17,17,0
745739,0.35,0.30,0.40,28.14,17,17,0,496.93,493.30,500.20,23.94,17,0,0,0.34,0.30,0.40,27.71,17,17,0,0.50,0.50,0.50,27.31,17,17,0,0.10,0.10,0.10,28.15,17,17,0,1.06,1.00,1.10,27.66,17,17,0,0.24,0.20,0.30,27.38,17,17,0
746239,0.35,0.30,0.40,28.12,17,17,0,502.59,497.80,507.20,23.96,17,0,0,0.35,0.30,0.40,27.72,17,17,0,0.50,0.50,0.50,27.32,17,17,0,0.10,0.00,0.20,28.14,17,17,0,1.08,1.00,1.10,27.67,17,17,0,0.22,0.20,0.30,27.38,17,17,0
746739,0.34,0.30,0.40,28.14,17,17,0,503.61,500.60,508.60,23.96,17,0,0,0.34,0.30,0.40,27.72,17,17,0,0.50,0.50,0.50,27.31,17,17,0,0.09,0.00,0.10,28.13,17,17,0,1.08,1.00,1.10,27.65,17,17,0,0.21,0.20,0.30,27.38,17,17,0
747239,0.35,0.30,0.40,28.14,17,17,0,503.41,500.60,508.60,23.94,17,0,0,0.33,0.30,0.40,27.73,17,17,0,0.51,0.50,0.60,27.31,17,17,0,0.10,0.00,0.20,28.14,17,17,0,1.05,1.00,1.10,27.67,17,17,0,0.23,0.20,0.30,27.36,17,17,0
747743,0.35,0.30,0.40,28.15,17,17,0,503.58,498.90,507.70,23.95,17,0,0,0.34,0.30,0.40,27.72,17,17,0,0.49,0.40,0.50,27.32,17,17,0,0.08,0.00,0.10,28.14,17,17,0,1.05,1.00,1.10,27.64,17,17,0,0.22,0.10,0.30,27.37,17,17,0
748243,0.34,0.30,0.40,28.14,17,17,0,504.85,500.80,510.80,23.94,17,0,0,0.33,0.30,0.40,27.72,17,17,0,0.49,0.40,0.50,27.30,17,17,0,0.09,0.00,0.10,28.14,17,17,0,1.07,1.00,1.10,27.66,17,17,0,0.23,0.20,0.30,27.37,17,17,0
748743,0.35,0.30,0.40,28.14,17,17,0,505.54,501.60,509.20,23.95,17,0,0,0.32,0.30,0.40,27.72,17,17,0,0.50,0.50,0.50,27.31,17,17,0,0.11,0.10,0.20,28.13,17,17,0,1.08,1.00,1.10,27.67,17,17,0,0.22,0.20,0.30,27.36,17,17,0
749243,0.33,0.30,0.40,28.12,17,17,0,505.12,502.70,507.90,23.94,17,0,0,0.32,0.30,0.40,27.74,17,17,0,0.50,0.50,0.50,27.30,17,17,0,0.09,0.00,0.10,28.14,17,17,0,1.08,1.00,1.10,27.67,17,17,0,0.22,0.20,0.30,27.37,17,17,0
749743,0.33,0.30,0.40,28.12,17,17,0,510.72,507.00,515.50,23.94,17,0,0,0.35,0.30,0.40,27.71,17,17,0,0.50,0.50,0.50,27.30,17,17,0,0.10,0.10,0.10,28.13,17,17,0,1.08,1.00,1.10,27.68,17,17,0,0.21,0.20,0.30,27.36,17,17,0
750243,0.38,0.30,0.40,28.14,17,17,0,510.48,506.40,515.90,23.94,17,0,0,0.35,0.30,0.40,27.74,17,17,0,0.50,0.50,0.50,27.31,17,17,0,0.09,0.00,0.10,28.15,17,17,0,1.08,1.00,1.10,27.67,17,17,0,0.21,0.20,0.30,27.37,17,17,0
750744,0.37,0.30,0.40,28.14,17,17,0,509.57,505.40,513.90,23.95,17,0,0,0.34,0.30,0.40,27.74,17,17,0,0.48,0.40,0.50,27.32,17,17,0,0.09,0.00,0.10,28.15,17,17,0,1.08,1.00,1.10,27.66,17,17,0,0.21,0.20,0.30,27.37,17,17,0
751244,0.36,0.30,0.40,28.13,17,17,0,508.21,505.10,514.10,23.94,17,0,0,0.34,0.30,0.40,27.72,17,17,0,0.49,0.40,0.50,27.32,17,17,0,0.08,0.00,0.10,28.15,17,17,0,1.08,1.00,1.10,27.66,17,17,0,0.21,0.20,0.30,27.36,17,17,0
751753,0.35,0.30,0.40,28.13,18,18,0,508.36,504.50,511.70,23.94,18,0,0,0.36,0.30,0.40,27.73,18,18,0,0.49,0.40,0.50,27.32,18,18,0,0.09,0.00,0.10,28.16,18,18,0,1.07,1.00,1.10,27.68,18,18,0,0.22,0.20,0.30,27.36,18,18,0
752253,0.36,0.30,0.40,28.13,17,17,0,509.74,505.90,516.00,23.94,17,0,0,0.35,0.30,0.40,27.72,17,17,0,0.50,0.50,0.50,27.31,17,17,0,0.10,0.10,0.10,28.13,17,17,0,1.07,1.00,1.10,27.67,17,17,0,0.23,0.20,0.30,27.36,17,17,0
752753,0.35,0.30,0.40,28.14,17,17,0,510.98,508.70,515.80,23.95,17,0,0,0.34,0.30,0.40,27.73,17,17,0,0.50,0.50,0.50,27.33,17,17,0,0.09,0.00,0.10,28.13,17,17,0,1.08,1.00,1.10,27.67,17,17,0,0.21,0.20,0.30,27.36,17,17,0
753253,0.36,0.30,0.40,28.14,17,17,0,517.27,514.30,520.20,23.94,17,0,0,0.34,0.30,0.40,27.73,17,17,0,0.50,0.50,0.50,27.32,17,17,0,0.10,0.10,0.10,28.13,17,17,0,1.06,1.00,1.10,27.66,17,17,0,0.22,0.20,0.30,27.38,17,17,0
753755,0.35,0.30,0.40,28.13,17,17,0,515.59,511.30,521.40,23.94,17,0,0,0.34,0.30,0.40,27.75,17,17,0,0.49,0.40,0.50,27.33,17,17,0,0.09,0.00,0.10,28.14,17,17,0,1.08,1.00,1.10,27.67,17,17,0,0.22,0.20,0.30,27.38,17,17,0
754255,0.33,0.30,0.40,28.14,17,17,0,514.39,510.30,518.10,23.93,17,0,0,0.33,0.30,0.40,27.72,17,17,0,0.49,0.40,0.50,27.33,17,17,0,0.09,0.00,0.10,28.15,17,17,0,1.09,1.00,1.10,27.67,17,17,0,0.22,0.20,0.30,27.38,17,17,0
754755,0.33,0.30,0.40,28.13,17,17,0,512.68,510.50,515.80,23.94,17,0,0,0.35,0.30,0.40,27.75,17,17,0,0.50,0.50,0.50,27.33,17,17,0,0.09,0.00,0.10,28.14,17,17,0,1.07,1.00,1.10,27.68,17,17,0,0.21,0.20,0.30,27.38,17,17,0
755255,0.35,0.30,0.40,28.14,17,17,0,512.25,507.50,516.90,23.95,17,0,0,0.35,0.30,0.40,27.72,17,17,0,0.50,0.50,0.50,27.31,17,17,0,0.09,0.00,0.20,28.14,17,17,0,1.09,1.00,1.10,27.67,17,17,0,0.21,0.20,0.30,27.36,17,17,0
755755,0.35,0.30,0.40,28.14,17,17,0,512.70,509.80,516.80,23.93,17,0,0,0.35,0.30,0.40,27.73,17,17,0,0.49,0.40,0.50,27.32,17,17,0,0.09,0.00,0.10,28.14,17,17,0,1.07,1.00,1.10,27.67,17,17,0,0.25,0.20,0.30,27.37,17,17,0
756258,0.35,0.30,0.40,28.13,17,17,0,514.39,510.50,520.30,23.93,17,0,0,0.34,0.30,0.40,27.73,17,17,0,0.49,0.40,0.50,27.31,17,17,0,0.09,0.00,0.10,28.14,17,17,0,1.06,1.00,1.10,27.66,17,17,0,0.21,0.20,0.30,27.38,17,17,0
756758,0.36,0.30,0.40,28.15,17,17,0,519.32,516.90,522.40,23.95,17,0,0,0.35,0.30,0.40,27.74,17,17,0,0.50,0.50,0.50,27.32,17,17,0,0.09,0.00,0.10,28.15,17,17,0,1.08,1.00,1.10,27.67,17,17,0,0.21,0.20,0.30,27.39,17,17,0
757261,0.35,0.30,0.40,28.13,17,17,0,517.42,513.30,522.00,23.93,17,0,0,0.33,0.30,0.40,27.73,17,17,0,0.50,0.50,0.50,27.31,17,17,0,0.09,0.00,0.10,28.14,17,17,0,1.05,1.00,1.10,27.66,17,17,0,0.23,0.20,0.30,27.37,17,17,0
757761,0.35,0.30,0.40,28.14,17,17,0,515.01,512.00,519.40,23.94,17,0,0,0.35,0.30,0.40,27.72,17,17,0,0.50,0.50,0.50,27.31,17,17,0,0.09,0.00,0.10,28.13,17,17,0,1.08,1.00,1.10,27.66,17,17,0,0.22,0.20,0.30,27.37,17,17,0
758274,0.33,0.30,0.40,28.15,18,18,0,512.44,508.30,515.40,23.94,18,0,0,0.35,0.30,0.40,27.73,18,18,0,0.50,0.50,0.50,27.31,18,18,0,0.09,0.00,0.10,28.14,18,18,0,1.06,1.00,1.10,27.67,18,18,0,0.22,0.20,0.30,27.40,18,18,0
758774,0.35,0.30,0.40,28.14,17,17,0,512.24,510.00,518.10,23.94,17,0,0,0.33,0.30,0.40,27.73,17,17,0,0.48,0.40,0.50,27.31,17,17,0,0.10,0.10,0.10,28.16,17,17,0,1.09,1.00,1.10,27.68,17,17,0,0.21,0.20,0.30,27.38,17,17,0
759274,0.36,0.30,0.40,28.15,17,17,0,511.89,509.10,516.60,23.94,17,0,0,0.33,0.30,0.40,27.72,17,17,0,0.50,0.50,0.50,27.33,17,17,0,0.08,0.00,0.10,28.14,17,17,0,1.07,1.00,1.10,27.67,17,17,0,0.22,0.20,0.30,27.36,17,17,0
759774,0.35,0.30,0.40,28.13,16,16,0,514.50,508.90,518.40,23.93,16,0,0,0.33,0.30,0.40,27.74,16,16,0,0.49,0.40,0.50,27.31,16,16,0,0.09,0.00,0.10,28.15,16,16,0,1.08,1.00,1.10,27.66,16,16,0,0.21,0.20,0.30,27.37,16,16,0
760287,0.36,0.30,0.40,28.13,18,18,0,517.56,514.30,521.20,23.94,18,0,0,0.36,0.30,0.40,27.72,18,18,0,0.50,0.50,0.50,27.31,18,18,0,0.09,0.00,0.10,28.13,18,18,0,1.08,1.00,1.10,27.68,18,18,0,0.23,0.20,0.30,27.36,18,18,0
760787,0.35,0.30,0.40,28.14,17,17,0,514.74,511.70,519.90,23.94,17,0,0,0.35,0.30,0.40,27.72,17,17,0,0.50,0.50,0.50,27.31,17,17,0,0.08,0.00,0.20,28.14,17,17,0,1.08,1.00,1.10,27.68,17,17,0,0.21,0.20,0.30,27.37,17,17,0
761299,0.36,0.30,0.40,28.14,18,18,0,510.20,507.20,514.50,23.94,18,0,0,0.37,0.30,0.40,27.72,18,18,0,0.49,0.40,0.50,27.32,18,18,0,0.10,0.10,0.10,28.14,18,18,0,1.07,1.00,1.10,27.67,18,18,0,0.22,0.20,0.30,27.38,18,18,0
761799,0.34,0.30,0.40,28.14,17,17,0,506.35,503.40,511.40,23.94,17,0,0,0.34,0.30,0.40,27.73,17,17,0,0.50,0.50,0.50,27.32,17,17,0,0.09,0.00,0.10,28.14,17,17,0,1.09,1.00,1.10,27.67,17,17,0,0.24,0.20,0.30,27.38,17,17,0
762303,0.36,0.30,0.40,28.14,17,17,0,504.64,501.80,508.80,23.94,17,0,0,0.36,0.30,0.40,27.73,17,17,0,0.50,0.50,0.50,27.32,17,17,0,0.10,0.00,0.20,28.13,17,17,0,1.06,1.00,1.10,27.67,17,17,0,0.22,0.20,0.30,27.39,17,17,0
762805,0.34,0.30,0.40,28.13,17,17,0,504.99,500.10,510.90,23.95,17,0,0,0.37,0.30,0.40,27.73,17,17,0,0.49,0.40,0.50,27.32,17,17,0,0.09,0.00,0.10,28.14,17,17,0,1.08,1.00,1.10,27.67,17,17,0,0.23,0.20,0.30,27.38,17,17,0
763305,0.37,0.30,0.40,28.14,17,17,0,506.71,502.00,510.90,23.93,17,0,0,0.35,0.30,0.40,27.73,17,17,0,0.49,0.40,0.50,27.31,17,17,0,0.09,0.00,0.10,28.14,17,17,0,1.09,1.00,1.10,27.67,17,17,0,0.22,0.20,0.30,27.37,17,17,0
763810,0.35,0.30,0.40,28.13,17,17,0,510.91,508.00,514.60,23.94,17,0,0,0.35,0.30,0.40,27.73,17,17,0,0.51,0.50,0.60,27.32,17,17,0,0.09,0.00,0.10,28.14,17,17,0,1.08,1.00,1.10,27.67,17,17,0,0.20,0.20,0.20,27.37,17,17,0
764313,0.34,0.30,0.40,28.15,17,17,0,507.62,504.20,513.10,23.93,17,0,0,0.35,0.30,0.40,27.74,17,17,0,0.49,0.40,0.50,27.32,17,17,0,0.09,0.00,0.10,28.15,17,17,0,1.07,1.00,1.10,27.69,17,17,0,0.22,0.20,0.30,27.38,17,17,0
764826,0.34,0.30,0.40,28.14,18,18,0,503.85,499.80,511.10,23.94,18,0,0,0.34,0.30,0.40,27.72,18,18,0,0.50,0.50,0.50,27.32,18,18,0,0.09,0.00,0.10,28.13,18,18,0,1.08,1.00,1.10,27.67,18,18,0,0.21,0.20,0.30,27.37,18,18,0
765326,0.35,0.30,0.40,28.14,17,17,0,498.96,496.10,503.60,23.94,17,0,0,0.34,0.30,0.40,27.73,17,17,0,0.50,0.50,0.50,27.32,17,17,0,0.08,0.00,0.10,28.14,17,17,0,1.07,1.00,1.10,27.68,17,17,0,0.24,0.20,0.30,27.37,17,17,0
765826,0.36,0.30,0.40,28.13,17,17,0,497.54,494.30,500.80,23.93,17,0,0,0.37,0.30,0.40,27.73,17,17,0,0.50,0.50,0.50,27.32,17,17,0,0.09,0.00,0.10,28.15,17,17,0,1.07,1.00,1.10,27.66,17,17,0,0.21,0.20,0.30,27.37,17,17,0
766326,0.35,0.30,0.40,28.15,17,17,0,498.20,494.20,502.50,23.94,17,0,0,0.36,0.30,0.40,27.73,17,17,0,0.50,0.50,0.50,27.32,17,17,0,0.08,0.00,0.10,28.15,17,17,0,1.08,1.00,1.10,27.68,17,17,0,0.21,0.20,0.30,27.37,17,17,0
766826,0.34,0.30,0.40,28.13,17,17,0,500.94,496.20,505.30,23.94,17,0,0,0.33,0.30,0.40,27.71,17,17,0,0.49,0.40,0.50,27.31,17,17,0,0.10,0.10,0.10,28.14,17,17,0,1.08,1.00,1.10,27.66,17,17,0,0.21,0.20,0.30,27.39,17,17,0
767326,0.35,0.30,0.40,28.14,17,17,0,504.76,501.60,509.10,23.94,17,0,0,0.34,0.30,0.40,27.71,17,17,0,0.50,0.50,0.50,27.31,17,17,0,0.08,0.00,0.10,28.13,17,17,0,1.09,1.00,1.10,27.67,17,17,0,0.22,0.20,0.30,27.37,17,17,0
767839,0.34,0.30,0.40,28.14,18,18,0,501.65,498.00,505.80,23.93,18,0,0,0.32,0.30,0.40,27.74,18,18,0,0.50,0.50,0.50,27.32,18,18,0,0.09,0.00,0.10,28.13,18,18,0,1.08,1.00,1.10,27.67,18,18,0,0.21,0.20,0.30,27.39,18,18,0
768351,0.35,0.30,0.40,28.13,18,18,0,496.57,491.30,501.90,23.94,18,0,0,0.33,0.30,0.40,27.72,18,18,0,0.50,0.50,0.50,27.33,18,18,0,0.09,0.00,0.10,28.15,18,18,0,1.08,1.00,1.10,27.69,18,18,0,0.24,0.20,0.30,27.38,18,18,0
768851,0.34,0.30,0.40,28.14,17,17,0,491.96,488.20,496.10,23.95,17,0,0,0.34,0.30,0.40,27.72,17,17,0,0.50,0.50,0.50,27.32,17,17,0,0.09,0.00,0.20,28.14,17,17,0,1.07,1.00,1.10,27.67,17,17,0,0.21,0.20,0.30,27.38,17,17,0
769351,0.35,0.30,0.40,28.15,17,17,0,490.31,488.30,493.90,23.96,17,0,0,0.34,0.30,0.40,27.72,17,17,0,0.50,0.50,0.50,27.32,17,17,0,0.09,0.00,0.10,28.14,17,17,0,1.06,1.00,1.10,27.68,17,17,0,0.22,0.20,0.30,27.38,17,17,0
769851,0.34,0.30,0.40,28.15,17,17,0,490.65,487.40,494.60,23.94,17,0,0,0.33,0.30,0.40,27.72,17,17,0,0.50,0.50,0.50,27.32,17,17,0,0.08,0.00,0.10,28.14,17,17,0,1.07,1.00,1.10,27.69,17,17,0,0.22,0.20,0.30,27.38,17,17,0
770351,0.36,0.30,0.40,28.14,17,17,0,492.65,486.60,498.40,23.94,17,0,0,0.36,0.30,0.40,27.74,17,17,0,0.49,0.40,0.50,27.34,17,17,0,0.09,0.00,0.10,28.13,17,17,0,1.08,1.00,1.10,27.68,17,17,0,0.23,0.20,0.30,27.38,17,17,0
770851,0.34,0.30,0.40,28.14,17,17,0,497.64,494.10,501.00,23.94,17,0,0,0.35,0.30,0.40,27.73,17,17,0,0.49,0.40,0.50,27.33,17,17,0,0.09,0.00,0.10,28.14,17,17,0,1.08,1.00,1.10,27.68,17,17,0,0.22,0.20,0.30,27.38,17,17,0
771351,0.36,0.30,0.40,28.15,17,17,0,495.20,491.90,499.80,23.93,17,0,0,0.35,0.30,0.40,27.73,17,17,0,0.50,0.50,0.50,27.32,17,17,0,0.09,0.00,0.10,28.14,17,17,0,1.08,1.00,1.10,27.67,17,17,0,0.22,0.20,0.30,27.39,17,17,0
771859,0.32,0.30,0.40,28.15,17,17,0,492.53,488.90,496.70,23.95,17,0,0,0.34,0.30,0.40,27.74,17,17,0,0.50,0.50,0.50,27.32,17,17,0,0.09,0.00,0.10,28.14,17,17,0,1.06,1.00,1.10,27.68,17,17,0,0.23,0.20,0.30,27.37,17,17,0
772359,0.35,0.30,0.40,28.14,17,17,0,489.44,486.20,494.00,23.95,17,0,0,0.34,0.30,0.40,27.72,17,17,0,0.49,0.40,0.50,27.32,17,17,0,0.09,0.00,0.20,28.15,17,17,0,1.07,1.00,1.10,27.69,17,17,0,0.23,0.20,0.30,27.38,17,17,0
772871,0.33,0.30,0.40,28.14,18,18,0,488.27,485.50,490.80,23.94,18,0,0,0.34,0.30,0.40,27.72,18,18,0,0.50,0.50,0.50,27.32,18,18,0,0.09,0.00,0.10,28.13,18,18,0,1.06,1.00,1.10,27.68,18,18,0,0.24,0.20,0.30,27.38,18,18,0
773384,0.35,0.30,0.40,28.14,18,18,0,487.13,484.90,491.50,23.93,18,0,0,0.36,0.30,0.40,27.74,18,18,0,0.50,0.50,0.50,27.32,18,18,0,0.10,0.10,0.10,28.14,18,18,0,1.09,1.00,1.10,27.67,18,18,0,0.21,0.20,0.30,27.40,18,18,0
773891,0.35,0.30,0.40,28.15,17,17,0,489.14,484.00,494.30,23.94,17,0,0,0.36,0.30,0.40,27.74,17,17,0,0.49,0.40,0.50,27.32,17,17,0,0.09,0.00,0.10,28.14,17,17,0,1.07,1.00,1.10,27.68,17,17,0,0.21,0.20,0.30,27.38,17,17,0
774391,0.35,0.30,0.40,28.14,17,17,0,492.48,489.00,495.80,23.95,17,0,0,0.35,0.30,0.40,27.74,17,17,0,0.50,0.50,0.50,27.34,17,17,0,0.10,0.10,0.10,28.14,17,17,0,1.08,1.00,1.10,27.69,17,17,0,0.22,0.20,0.30,27.38,17,17,0
774891,0.35,0.30,0.40,28.14,17,17,0,490.05,486.70,492.90,23.95,17,0,0,0.34,0.30,0.40,27.73,17,17,0,0.50,0.50,0.50,27.33,17,17,0,0.08,0.00,0.10,28.16,17,17,0,1.08,1.00,1.10,27.69,17,17,0,0.22,0.20,0.30,27.38,17,17,0
775391,0.35,0.30,0.40,28.15,17,17,0,485.59,481.80,490.10,23.96,17,0,0,0.35,0.30,0.40,27.73,17,17,0,0.50,0.50,0.50,27.32,17,17,0,0.09,0.00,0.10,28.15,17,17,0,1.07,1.00,1.10,27.69,17,17,0,0.23,0.20,0.30,27.40,17,17,0
775896,0.35,0.30,0.40,28.14,17,17,0,482.71,479.80,485.80,23.94,17,0,0,0.36,0.30,0.40,27.73,17,17,0,0.50,0.50,0.50,27.33,17,17,0,0.09,0.00,0.10,28.13,17,17,0,1.10,1.10,1.10,27.67,17,17,0,0.22,0.20,0.30,27.39,17,17,0
776396,0.35,0.30,0.40,28.14,17,17,0,482.68,478.50,486.80,23.94,17,0,0,0.34,0.30,0.40,27.73,17,17,0,0.50,0.50,0.50,27.33,17,17,0,0.08,0.00,0.10,28.15,17,17,0,1.07,1.00,1.10,27.68,17,17,0,0.23,0.20,0.30,27.37,17,17,0
776896,0.34,0.30,0.40,28.14,18,18,0,482.87,479.90,487.80,23.96,18,0,0,0.34,0.30,0.40,27.73,18,18,0,0.50,0.50,0.50,27.32,18,18,0,0.09,0.00,0.10,28.14,18,18,0,1.09,1.00,1.10,27.68,18,18,0,0.22,0.20,0.30,27.38,18,18,0
777397,0.34,0.30,0.40,28.14,17,17,0,486.29,480.00,491.00,23.95,17,0,0,0.36,0.30,0.40,27.73,17,17,0,0.50,0.50,0.50,27.33,17,17,0,0.09,0.00,0.10,28.14,17,17,0,1.09,1.00,1.10,27.69,17,17,0,0.22,0.20,0.30,27.39,17,17,0
777897,0.36,0.30,0.40,28.14,17,17,0,492.19,488.90,495.80,23.95,17,0,0,0.37,0.30,0.40,27.73,17,17,0,0.49,0.40,0.50,27.34,17,17,0,0.08,0.00,0.10,28.15,17,17,0,1.06,1.00,1.10,27.68,17,17,0,0.24,0.20,0.30,27.38,17,17,0
778397,0.35,0.30,0.40,28.14,17,17,0,490.95,488.30,493.50,23.95,17,0,0,0.34,0.30,0.40,27.73,17,17,0,0.49,0.40,0.50,27.33,17,17,0,0.09,0.00,0.10,28.16,17,17,0,1.09,1.00,1.10,27.68,17,17,0,0.22,0.20,0.30,27.40,17,17,0
778897,0.34,0.30,0.40,28.14,16,16,0,488.50,484.70,492.90,23.95,16,0,0,0.33,0.30,0.40,27.72,16,16,0,0.50,0.50,0.50,27.33,16,16,0,0.09,0.00,0.20,28.13,16,16,0,1.06,1.00,1.10,27.68,16,16,0,0.23,0.20,0.30,27.38,16,16,0
779410,0.36,0.30,0.40,28.14,18,18,0,485.82,483.00,489.70,23.96,18,0,0,0.37,0.30,0.40,27.73,18,18,0,0.50,0.40,0.60,27.33,18,18,0,0.10,0.00,0.20,28.15,18,18,0,1.09,1.00,1.10,27.68,18,18,0,0.25,0.20,0.30,27.38,18,18,0
779910,0.35,0.30,0.40,28.13,17,17,0,484.91,482.60,488.10,23.95,17,0,0,0.35,0.30,0.40,27.74,17,17,0,0.49,0.40,0.50,27.34,17,17,0,0.09,0.00,0.10,28.14,17,17,0,1.08,1.00,1.10,27.68,17,17,0,0.25,0.20,0.30,27.39,17,17,0
780410,0.35,0.30,0.40,28.14,17,17,0,484.13,481.50,487.20,23.95,17,0,0,0.34,0.30,0.40,27.74,17,17,0,0.49,0.40,0.50,27.34,17,17,0,0.10,0.10,0.10,28.16,17,17,0,1.08,1.00,1.10,27.70,17,17,0,0.22,0.20,0.30,27.39,17,17,0
780910,0.35,0.30,0.40,28.15,17,17,0,487.02,481.80,490.40,23.95,17,0,0,0.36,0.30,0.40,27.75,17,17,0,0.50,0.50,0.50,27.31,17,17,0,0.08,0.00,0.10,28.15,17,17,0,1.07,1.00,1.10,27.69,17,17,0,0.22,0.20,0.30,27.41,17,17,0
781410,0.36,0.30,0.40,28.14,17,17,0,491.77,488.80,496.50,23.94,17,0,0,0.36,0.30,0.40,27.74,17,17,0,0.50,0.50,0.50,27.33,17,17,0,0.09,0.00,0.20,28.16,17,17,0,1.08,1.00,1.10,27.68,17,17,0,0.24,0.20,0.30,27.39,17,17,0
781910,0.32,0.30,0.40,28.15,18,18,0,490.93,488.80,495.10,23.95,18,0,0,0.32,0.30,0.40,27.74,18,18,0,0.49,0.40,0.50,27.32,18,18,0,0.09,0.00,0.10,28.14,18,18,0,1.08,1.00,1.10,27.68,18,18,0,0.21,0.20,0.30,27.38,18,18,0
782410,0.35,0.30,0.40,28.16,16,16,0,488.69,485.20,493.10,23.96,16,0,0,0.35,0.30,0.40,27.74,16,16,0,0.50,0.50,0.50,27.34,16,16,0,0.09,0.00,0.10,28.16,16,16,0,1.07,1.00,1.10,27.69,16,16,0,0.22,0.20,0.30,27.38,16,16,0
782912,0.32,0.30,0.40,28.13,17,17,0,485.62,482.60,491.00,23.96,17,0,0,0.35,0.30,0.40,27.73,17,17,0,0.50,0.50,0.50,27.34,17,17,0,0.09,0.00,0.10,28.15,17,17,0,1.09,1.00,1.10,27.69,17,17,0,0.21,0.20,0.30,27.38,17,17,0
783412,0.34,0.30,0.40,28.14,17,17,0,484.18,481.70,488.60,23.95,17,0,0,0.34,0.30,0.40,27.74,17,17,0,0.49,0.40,0.50,27.33,17,17,0,0.08,0.00,0.10,28.15,17,17,0,1.07,1.00,1.10,27.68,17,17,0,0.22,0.20,0.30,27.39,17,17,0
783912,0.36,0.30,0.40,28.14,17,17,0,485.07,482.10,488.80,23.96,17,0,0,0.36,0.30,0.40,27.72,17,17,0,0.50,0.50,0.50,27.32,17,17,0,0.09,0.00,0.10,28.15,17,17,0,1.08,1.00,1.10,27.70,17,17,0,0.22,0.20,0.30,27.40,17,17,0
784412,0.34,0.30,0.40,28.15,17,17,0,487.38,483.20,491.30,23.96,17,0,0,0.32,0.30,0.40,27.73,17,17,0,0.50,0.50,0.50,27.34,17,17,0,0.09,0.00,0.10,28.16,17,17,0,1.06,1.00,1.10,27.70,17,17,0,0.22,0.20,0.30,27.38,17,17,0
784915,0.34,0.30,0.40,28.13,17,17,0,492.29,489.80,495.80,23.96,17,0,0,0.34,0.30,0.40,27.73,17,17,0,0.50,0.50,0.50,27.31,17,17,0,0.09,0.00,0.10,28.15,17,17,0,1.08,1.00,1.10,27.68,17,17,0,0.23,0.20,0.30,27.38,17,17,0
785428,0.34,0.30,0.40,28.14,18,18,0,493.99,490.40,498.10,23.94,18,0,0,0.32,0.30,0.40,27.73,18,18,0,0.50,0.50,0.50,27.33,18,18,0,0.08,0.00,0.10,28.16,18,18,0,1.07,1.00,1.10,27.68,18,18,0,0.23,0.20,0.30,27.38,18,18,0
785928,0.34,0.30,0.40,28.14,17,17,0,490.85,485.40,493.20,23.97,17,0,0,0.36,0.30,0.40,27.76,17,17,0,0.50,0.50,0.50,27.35,17,17,0,0.09,0.00,0.20,28.15,17,17,0,1.09,1.00,1.10,27.68,17,17,0,0.24,0.20,0.30,27.38,17,17,0
786428,0.35,0.30,0.40,28.15,17,17,0,487.79,483.60,490.70,23.95,17,0,0,0.34,0.30,0.40,27.72,17,17,0,0.49,0.40,0.50,27.34,17,17,0,0.09,0.00,0.10,28.14,17,17,0,1.06,1.00,1.10,27.70,17,17,0,0.22,0.20,0.30,27.36,17,17,0
786931,0.33,0.30,0.40,28.13,17,17,0,486.05,483.10,488.90,23.96,17,0,0,0.34,0.30,0.40,27.73,17,17,0,0.50,0.50,0.50,27.32,17,17,0,0.09,0.00,0.10,28.17,17,17,0,1.07,1.00,1.10,27.70,17,17,0,0.22,0.20,0.30,27.39,17,17,0
787431,0.32,0.30,0.40,28.13,17,17,0,486.64,483.10,490.30,23.93,17,0,0,0.34,0.30,0.40,27.73,17,17,0,0.51,0.50,0.60,27.34,17,17,0,0.11,0.10,0.20,28.14,17,17,0,1.07,1.00,1.10,27.68,17,17,0,0.23,0.20,0.30,27.40,17,17,0
787944,0.36,0.30,0.40,28.14,18,18,0,489.43,484.40,495.40,23.95,18,0,0,0.34,0.30,0.40,27.75,18,18,0,0.49,0.40,0.50,27.34,18,18,0,0.09,0.00,0.10,28.15,18,18,0,1.08,1.00,1.10,27.69,18,18,0,0.23,0.20,0.30,27.40,18,18,0
788444,0.35,0.30,0.40,28.15,17,17,0,494.05,491.20,497.20,23.96,17,0,0,0.36,0.30,0.40,27.73,17,17,0,0.50,0.50,0.50,27.33,17,17,0,0.10,0.10,0.10,28.15,17,17,0,1.08,1.00,1.10,27.68,17,17,0,0.22,0.20,0.30,27.40,17,17,0
788944,0.34,0.30,0.40,28.15,17,17,0,495.74,491.60,498.70,23.95,17,0,0,0.35,0.30,0.40,27.75,17,17,0,0.50,0.50,0.50,27.34,17,17,0,0.09,0.00,0.10,28.14,17,17,0,1.08,1.00,1.10,27.70,17,17,0,0.22,0.20,0.30,27.39,17,17,0
789444,0.34,0.30,0.40,28.13,17,17,0,493.82,488.50,498.30,23.95,17,0,0,0.35,0.30,0.40,27.75,17,17,0,0.49,0.40,0.50,27.33,17,17,0,0.10,0.10,0.10,28.16,17,17,0,1.08,1.00,1.10,27.69,17,17,0,0.24,0.20,0.30,27.39,17,17,0
789946,0.35,0.30,0.40,28.15,17,17,0,491.17,488.20,494.80,23.95,17,0,0,0.33,0.30,0.40,27.75,17,17,0,0.50,0.50,0.50,27.33,17,17,0,0.09,0.00,0.10,28.15,17,17,0,1.05,1.00,1.10,27.68,17,17,0,0.24,0.20,0.30,27.38,17,17,0
790446,0.35,0.30,0.40,28.14,17,17,0,489.25,486.90,493.10,23.95,17,0,0,0.35,0.30,0.40,27.75,17,17,0,0.51,0.50,0.60,27.34,17,17,0,0.10,0.10,0.10,28.15,17,17,0,1.08,1.00,1.10,27.68,17,17,0,0.23,0.20,0.30,27.37,17,17,0
790955,0.34,0.30,0.40,28.13,17,17,0,489.12,486.00,493.60,23.93,17,0,0,0.35,0.30,0.40,27.75,17,17,0,0.50,0.50,0.50,27.34,17,17,0,0.10,0.10,0.10,28.15,17,17,0,1.08,1.00,1.10,27.69,17,17,0,0.23,0.20,0.30,27.39,17,17,0
791455,0.34,0.30,0.40,28.14,17,17,0,492.94,488.50,498.50,23.96,17,0,0,0.36,0.30,0.40,27.74,17,17,0,0.49,0.40,0.50,27.34,17,17,0,0.09,0.00,0.10,28.15,17,17,0,1.10,1.10,1.10,27.70,17,17,0,0.23,0.20,0.30,27.40,17,17,0
791958,0.35,0.30,0.40,28.14,17,17,0,495.96,493.40,499.70,23.95,17,0,0,0.36,0.30,0.40,27.74,17,17,0,0.49,0.40,0.50,27.34,17,17,0,0.10,0.10,0.10,28.16,17,17,0,1.08,1.00,1.10,27.68,17,17,0,0.24,0.20,0.30,27.39,17,17,0
792471,0.35,0.30,0.40,28.14,18,18,0,495.31,492.80,498.40,23.95,18,0,0,0.34,0.30,0.40,27.74,18,18,0,0.49,0.40,0.50,27.34,18,18,0,0.09,0.00,0.10,28.15,18,18,0,1.07,1.00,1.10,27.69,18,18,0,0.23,0.20,0.30,27.40,18,18,0
792971,0.35,0.30,0.40,28.14,17,17,0,490.79,486.20,494.80,23.97,17,0,0,0.34,0.30,0.40,27.75,17,17,0,0.49,0.40,0.50,27.34,17,17,0,0.10,0.00,0.20,28.17,17,17,0,1.06,1.00,1.10,27.68,17,17,0,0.22,0.20,0.30,27.40,17,17,0
793484,0.36,0.30,0.40,28.15,18,18,0,486.31,483.50,488.90,23.94,18,0,0,0.34,0.30,0.40,27.75,18,18,0,0.50,0.50,0.50,27.34,18,18,0,0.10,0.10,0.10,28.14,18,18,0,1.08,1.00,1.10,27.69,18,18,0,0.23,0.20,0.30,27.39,18,18,0
793984,0.36,0.30,0.40,28.13,17,17,0,485.35,482.60,488.20,23.96,17,0,0,0.33,0.30,0.40,27.74,17,17,0,0.49,0.40,0.50,27.35,17,17,0,0.10,0.10,0.10,28.16,17,17,0,1.08,1.00,1.10,27.70,17,17,0,0.23,0.20,0.30,27.39,17,17,0
794484,0.34,0.30,0.40,28.15,17,17,0,484.60,480.90,489.70,23.95,17,0,0,0.35,0.30,0.40,27.74,17,17,0,0.50,0.50,0.50,27.34,17,17,0,0.09,0.00,0.20,28.16,17,17,0,1.09,1.00,1.10,27.68,17,17,0,0.22,0.20,0.30,27.39,17,17,0
794984,0.34,0.30,0.40,28.13,17,17,0,488.55,483.40,495.00,23.95,17,0,0,0.35,0.30,0.40,27.74,17,17,0,0.49,0.40,0.50,27.32,17,17,0,0.08,0.00,0.10,28.15,17,17,0,1.08,1.00,1.10,27.70,17,17,0,0.21,0.20,0.30,27.39,17,17,0
795484,0.35,0.30,0.40,28.15,17,17,0,493.55,490.10,496.70,23.94,17,0,0,0.37,0.30,0.40,27.76,17,17,0,0.50,0.50,0.50,27.32,17,17,0,0.09,0.00,0.20,28.16,17,17,0,1.08,1.00,1.10,27.70,17,17,0,0.21,0.20,0.30,27.40,17,17,0
795984,0.33,0.30,0.40,28.14,17,17,0,495.82,493.20,498.50,23.95,17,0,0,0.34,0.30,0.40,27.73,17,17,0,0.49,0.40,0.50,27.34,17,17,0,0.10,0.10,0.10,28.16,17,17,0,1.08,1.00,1.10,27.68,17,17,0,0.22,0.20,0.30,27.40,17,17,0
796484,0.33,0.30,0.40,28.15,17,17,0,493.24,487.90,498.10,23.95,17,0,0,0.35,0.30,0.40,27.74,17,17,0,0.50,0.50,0.50,27.36,17,17,0,0.09,0.00,0.10,28.15,17,17,0,1.07,1.00,1.10,27.71,17,17,0,0.22,0.20,0.30,27.40,17,17,0
796984,0.36,0.30,0.40,28.15,17,17,0,487.85,484.80,490.60,23.96,17,0,0,0.32,0.30,0.40,27.73,17,17,0,0.49,0.40,0.50,27.34,17,17,0,0.09,0.00,0.10,28.15,17,17,0,1.07,1.00,1.10,27.70,17,17,0,0.23,0.20,0.30,27.39,17,17,0
797484,0.36,0.30,0.40,28.15,17,17,0,486.05,482.70,490.40,23.95,17,0,0,0.35,0.30,0.40,27.73,17,17,0,0.51,0.50,0.60,27.34,17,17,0,0.09,0.00,0.10,28.15,17,17,0,1.08,1.00,1.10,27.69,17,17,0,0.22,0.20,0.30,27.39,17,17,0
797996,0.35,0.30,0.40,28.13,17,17,0,484.68,481.90,487.70,23.96,17,0,0,0.31,0.30,0.40,27.75,17,17,0,0.49,0.40,0.50,27.33,17,17,0,0.10,0.10,0.10,28.15,17,17,0,1.08,1.00,1.10,27.70,17,17,0,0.21,0.20,0.30,27.40,17,17,0
798496,0.34,0.30,0.40,28.15,17,17,0,487.69,482.00,493.70,23.94,17,0,0,0.34,0.30,0.40,27.74,17,17,0,0.50,0.50,0.50,27.34,17,17,0,0.09,0.00,0.10,28.15,17,17,0,1.05,1.00,1.10,27.70,17,17,0,0.22,0.20,0.30,27.40,17,17,0
798996,0.35,0.30,0.40,28.14,17,17,0,493.14,490.10,496.90,23.93,17,0,0,0.36,0.30,0.40,27.74,17,17,0,0.50,0.50,0.50,27.34,17,17,0,0.09,0.00,0.10,28.17,17,17,0,1.08,1.00,1.10,27.69,17,17,0,0.21,0.20,0.30,27.40,17,17,0
799500,0.35,0.30,0.40,28.13,17,17,0,495.76,491.80,499.60,23.96,17,0,0,0.34,0.30,0.40,27.73,17,17,0,0.49,0.40,0.50,27.34,17,17,0,0.10,0.10,0.10,28.14,17,17,0,1.07,1.00,1.10,27.69,17,17,0,0.23,0.20,0.30,27.40,17,17,0
800000,0.35,0.30,0.40,28.15,17,17,0,490.91,485.70,495.20,23.94,17,0,0,0.34,0.30,0.40,27.75,17,17,0,0.49,0.40,0.50,27.33,17,17,0,0.09,0.00,0.10,28.16,17,17,0,1.07,1.00,1.10,27.71,17,17,0,0.22,0.20,0.30,27.39,17,17,0
800500,0.35,0.30,0.40,28.15,17,17,0,487.14,483.60,491.10,23.96,17,0,0,0.33,0.30,0.40,27.74,17,17,0,0.50,0.50,0.50,27.33,17,17,0,0.08,0.00,0.10,28.15,17,17,0,1.07,1.00,1.10,27.71,17,17,0,0.22,0.20,0.30,27.39,17,17,0
801000,0.36,0.30,0.40,28.14,17,17,0,485.05,482.40,488.70,23.96,17,0,0,0.32,0.30,0.40,27.74,17,17,0,0.50,0.50,0.50,27.31,17,17,0,0.09,0.00,0.10,28.18,17,17,0,1.06,1.00,1.10,27.68,17,17,0,0.22,0.20,0.30,27.40,17,17,0
801500,0.34,0.30,0.40,28.13,17,17,0,482.95,479.40,485.30,23.95,17,0,0,0.33,0.30,0.40,27.75,17,17,0,0.50,0.50,0.50,27.34,17,17,0,0.09,0.00,0.10,28.16,17,17,0,1.09,1.00,1.10,27.72,17,17,0,0.21,0.20,0.30,27.38,17,17,0
802000,0.35,0.30,0.40,28.13,17,17,0,484.85,481.30,487.80,23.96,17,0,0,0.34,0.30,0.40,27.75,17,17,0,0.49,0.40,0.50,27.35,17,17,0,0.11,0.10,0.20,28.16,17,17,0,1.09,1.00,1.10,27.70,17,17,0,0.21,0.20,0.30,27.41,17,17,0
802500,0.35,0.30,0.40,28.14,17,17,0,491.12,487.50,494.10,23.95,17,0,0,0.33,0.30,0.40,27.75,17,17,0,0.50,0.50,0.50,27.34,17,17,0,0.10,0.10,0.10,28.17,17,17,0,1.09,1.00,1.10,27.69,17,17,0,0.23,0.20,0.30,27.41,17,17,0
803000,0.37,0.30,0.40,28.15,18,18,0,493.19,491.00,498.00,23.96,18,0,0,0.32,0.30,0.40,27.74,18,18,0,0.49,0.40,0.50,27.35,18,18,0,0.09,0.00,0.20,28.17,18,18,0,1.06,1.00,1.10,27.71,18,18,0,0.21,0.20,0.30,27.39,18,18,0
803500,0.35,0.30,0.40,28.15,17,17,0,487.06,481.60,492.30,23.96,17,0,0,0.34,0.30,0.40,27.75,17,17,0,0.49,0.40,0.50,27.34,17,17,0,0.10,0.00,0.20,28.16,17,17,0,1.07,1.00,1.10,27.69,17,17,0,0.24,0.20,0.30,27.39,17,17,0
804000,0.35,0.30,0.40,28.15,17,17,0,484.05,480.90,488.10,23.94,17,0,0,0.34,0.30,0.40,27.75,17,17,0,0.50,0.50,0.50,27.34,17,17,0,0.09,0.00,0.10,28.15,17,17,0,1.08,1.00,1.10,27.69,17,17,0,0.22,0.20,0.30,27.41,17,17,0
804500,0.36,0.30,0.40,28.14,17,17,0,481.68,479.00,484.10,23.96,17,0,0,0.35,0.30,0.40,27.75,17,17,0,0.50,0.50,0.50,27.33,17,17,0,0.11,0.10,0.20,28.17,17,17,0,1.08,1.00,1.10,27.69,17,17,0,0.21,0.20,0.30,27.40,17,17,0
805000,0.36,0.30,0.40,28.15,17,17,0,481.66,479.20,484.40,23.96,17,0,0,0.34,0.30,0.40,27.75,17,17,0,0.49,0.40,0.50,27.34,17,17,0,0.08,0.00,0.10,28.17,17,17,0,1.06,1.00,1.10,27.71,17,17,0,0.22,0.20,0.30,27.38,17,17,0
805500,0.35,0.30,0.40,28.15,18,18,0,485.66,480.30,489.70,23.96,18,0,0,0.33,0.30,0.40,27.76,18,18,0,0.50,0.50,0.50,27.34,18,18,0,0.11,0.10,0.20,28.15,18,18,0,1.08,1.00,1.10,27.70,18,18,0,0.24,0.20,0.30,27.40,18,18,0
806000,0.36,0.30,0.40,28.14,17,17,0,491.21,487.20,494.90,23.97,17,0,0,0.35,0.30,0.40,27.75,17,17,0,0.51,0.50,0.60,27.35,17,17,0,0.09,0.00,0.20,28.17,17,17,0,1.08,1.00,1.10,27.69,17,17,0,0.24,0.20,0.30,27.39,17,17,0
806500,0.33,0.30,0.40,28.16,17,17,0,493.41,491.30,497.70,23.95,17,0,0,0.32,0.30,0.40,27.74,17,17,0,0.50,0.50,0.50,27.32,17,17,0,0.10,0.10,0.10,28.15,17,17,0,1.08,1.00,1.10,27.70,17,17,0,0.20,0.10,0.30,27.40,17,17,0
807000,0.34,0.30,0.40,28.15,17,17,0,489.22,484.70,493.30,23.95,17,0,0,0.35,0.30,0.40,27.75,17,17,0,0.49,0.40,0.50,27.35,17,17,0,0.09,0.00,0.10,28.17,17,17,0,1.06,1.00,1.10,27.72,17,17,0,0.22,0.20,0.30,27.40,17,17,0
807500,0.35,0.30,0.40,28.14,17,17,0,486.65,482.90,492.50,23.96,17,0,0,0.33,0.30,0.40,27.76,17,17,0,0.50,0.50,0.50,27.35,17,17,0,0.10,0.10,0.10,28.16,17,17,0,1.07,1.00,1.10,27.72,17,17,0,0.22,0.20,0.30,27.40,17,17,0
808001,0.36,0.30,0.40,28.14,17,17,0,485.61,482.90,489.50,23.95,17,0,0,0.35,0.30,0.40,27.75,17,17,0,0.49,0.40,0.50,27.35,17,17,0,0.09,0.00,0.10,28.15,17,17,0,1.09,1.00,1.10,27.69,17,17,0,0.22,0.20,0.30,27.39,17,17,0
808501,0.34,0.30,0.40,28.14,17,17,0,485.28,481.70,488.20,23.97,17,0,0,0.33,0.30,0.40,27.74,17,17,0,0.50,0.50,0.50,27.34,17,17,0,0.10,0.10,0.10,28.18,17,17,0,1.06,1.00,1.10,27.70,17,17,0,0.22,0.20,0.30,27.39,17,17,0
809001,0.34,0.30,0.40,28.13,17,17,0,487.17,483.80,490.90,23.97,17,0,0,0.35,0.30,0.40,27.74,17,17,0,0.49,0.40,0.50,27.35,17,17,0,0.10,0.10,0.10,28.15,17,17,0,1.08,1.00,1.10,27.70,17,17,0,0.24,0.20,0.30,27.40,17,17,0
809501,0.35,0.30,0.40,28.13,17,17,0,491.22,487.30,496.20,23.95,17,0,0,0.35,0.30,0.40,27.74,17,17,0,0.50,0.50,0.50,27.35,17,17,0,0.09,0.00,0.10,28.14,17,17,0,1.09,1.00,1.10,27.70,17,17,0,0.21,0.20,0.30,27.41,17,17,0
810001,0.33,0.30,0.40,28.13,17,17,0,491.68,488.90,495.90,23.96,17,0,0,0.34,0.30,0.40,27.76,17,17,0,0.50,0.50,0.50,27.34,17,17,0,0.09,0.00,0.10,28.15,17,17,0,1.09,1.00,1.10,27.69,17,17,0,0.20,0.20,0.20,27.40,17,17,0
810501,0.34,0.30,0.40,28.13,17,17,0,491.59,489.20,496.30,23.96,17,0,0,0.34,0.30,0.40,27.73,17,17,0,0.50,0.50,0.50,27.34,17,17,0,0.09,0.00,0.10,28.16,17,17,0,1.08,1.00,1.10,27.71,17,17,0,0.21,0.20,0.30,27.41,17,17,0
811013,0.33,0.30,0.40,28.13,18,18,0,489.47,483.90,493.50,23.96,18,0,0,0.33,0.30,0.40,27.74,18,18,0,0.50,0.50,0.50,27.35,18,18,0,0.09,0.00,0.10,28.16,18,18,0,1.08,1.00,1.10,27.71,18,18,0,0.20,0.20,0.20,27.40,18,18,0
811513,0.33,0.30,0.40,28.14,18,18,0,489.29,485.80,493.70,23.94,18,0,0,0.34,0.30,0.40,27.76,18,18,0,0.50,0.50,0.50,27.34,18,18,0,0.09,0.00,0.20,28.16,18,18,0,1.08,1.00,1.10,27.71,18,18,0,0.21,0.20,0.30,27.40,18,18,0
812023,0.35,0.30,0.40,28.14,17,17,0,490.11,486.20,493.40,23.96,17,0,0,0.34,0.30,0.40,27.73,17,17,0,0.50,0.50,0.50,27.36,17,17,0,0.09,0.00,0.10,28.18,17,17,0,1.08,1.00,1.10,27.70,17,17,0,0.21,0.20,0.30,27.40,17,17,0
812523,0.34,0.30,0.40,28.12,17,17,0,490.55,486.80,495.90,23.96,17,0,0,0.33,0.30,0.40,27.75,17,17,0,0.50,0.50,0.50,27.35,17,17,0,0.09,0.00,0.10,28.16,17,17,0,1.08,1.00,1.10,27.70,17,17,0,0.22,0.20,0.30,27.41,17,17,0
813023,0.34,0.30,0.40,28.13,17,17,0,492.25,486.70,497.10,23.96,17,0,0,0.32,0.30,0.40,27.74,17,17,0,0.49,0.40,0.50,27.34,17,17,0,0.09,0.00,0.10,28.17,17,17,0,1.08,1.00,1.10,27.70,17,17,0,0.22,0.20,0.30,27.41,17,17,0
813523,0.34,0.30,0.40,28.15,17,17,0,495.35,492.30,499.40,23.95,17,0,0,0.34,0.30,0.40,27.74,17,17,0,0.49,0.40,0.50,27.33,17,17,0,0.09,0.00,0.10,28.16,17,17,0,1.09,1.00,1.10,27.71,17,17,0,0.21,0.20,0.30,27.41,17,17,0
814036,0.34,0.30,0.40,28.15,18,18,0,493.91,490.30,496.80,23.95,18,0,0,0.34,0.30,0.40,27.75,18,18,0,0.50,0.50,0.50,27.33,18,18,0,0.08,0.00,0.10,28.14,18,18,0,1.08,1.00,1.10,27.70,18,18,0,0.23,0.20,0.30,27.40,18,18,0
814536,0.35,0.30,0.40,28.14,17,17,0,492.79,488.70,497.00,23.96,17,0,0,0.32,0.30,0.40,27.75,17,17,0,0.49,0.40,0.50,27.34,17,17,0,0.10,0.10,0.10,28.16,17,17,0,1.08,1.00,1.10,27.71,17,17,0,0.22,0.20,0.30,27.42,17,17,0
815049,0.33,0.30,0.40,28.13,18,18,0,494.46,491.50,498.30,23.95,18,0,0,0.33,0.30,0.40,27.75,18,18,0,0.50,0.50,0.50,27.34,18,18,0,0.09,0.00,0.10,28.16,18,18,0,1.06,1.00,1.10,27.69,18,18,0,0.21,0.20,0.30,27.41,18,18,0
815549,0.35,0.30,0.40,28.15,17,17,0,496.14,494.00,500.80,23.95,17,0,0,0.34,0.30,0.40,27.75,17,17,0,0.50,0.50,0.50,27.36,17,17,0,0.09,0.00,0.10,28.16,17,17,0,1.08,1.00,1.10,27.72,17,17,0,0.21,0.20,0.30,27.40,17,17,0
816049,0.35,0.30,0.40,28.14,17,17,0,497.27,494.00,502.20,23.96,17,0,0,0.35,0.30,0.40,27.77,17,17,0,0.50,0.50,0.50,27.35,17,17,0,0.09,0.00,0.10,28.15,17,17,0,1.07,1.00,1.10,27.70,17,17,0,0.21,0.20,0.30,27.39,17,17,0
816549,0.36,0.30,0.40,28.12,17,17,0,501.44,495.80,506.00,23.95,17,0,0,0.34,0.30,0.40,27.73,17,17,0,0.50,0.50,0.50,27.36,17,17,0,0.09,0.00,0.10,28.15,17,17,0,1.08,1.00,1.10,27.71,17,17,0,0.22,0.20,0.30,27.41,17,17,0
817049,0.35,0.30,0.40,28.14,16,16,0,503.99,499.80,508.10,23.96,16,0,0,0.34,0.30,0.40,27.75,16,16,0,0.50,0.50,0.50,27.33,16,16,0,0.10,0.10,0.10,28.16,16,16,0,1.09,1.00,1.10,27.70,16,16,0,0.24,0.20,0.30,27.40,16,16,0
817562,0.35,0.30,0.40,28.16,18,18,0,504.31,500.70,509.00,23.95,18,0,0,0.34,0.30,0.40,27.74,18,18,0,0.49,0.40,0.50,27.34,18,18,0,0.09,0.00,0.10,28.18,18,18,0,1.08,1.00,1.10,27.69,18,18,0,0.22,0.20,0.30,27.40,18,18,0
818062,0.34,0.30,0.40,28.15,17,17,0,502.90,499.10,509.60,23.95,17,0,0,0.34,0.30,0.40,27.75,17,17,0,0.50,0.50,0.50,27.36,17,17,0,0.09,0.00,0.10,28.17,17,17,0,1.07,1.00,1.10,27.71,17,17,0,0.22,0.20,0.30,27.41,17,17,0
818562,0.34,0.30,0.40,28.13,17,17,0,503.89,499.80,508.80,23.95,17,0,0,0.34,0.30,0.40,27.75,17,17,0,0.49,0.40,0.50,27.36,17,17,0,0.08,0.00,0.10,28.16,17,17,0,1.08,1.00,1.10,27.69,17,17,0,0.22,0.20,0.30,27.40,17,17,0
819062,0.32,0.30,0.40,28.13,17,17,0,505.31,501.90,509.90,23.95,17,0,0,0.31,0.30,0.40,27.75,17,17,0,0.50,0.50,0.50,27.35,17,17,0,0.10,0.10,0.10,28.16,17,17,0,1.08,1.00,1.10,27.71,17,17,0,0.21,0.20,0.30,27.39,17,17,0
819575,0.33,0.30,0.40,28.14,18,18,0,505.02,502.10,509.70,23.95,18,0,0,0.34,0.30,0.40,27.75,18,18,0,0.50,0.50,0.50,27.35,18,18,0,0.09,0.00,0.10,28.17,18,18,0,1.09,1.00,1.10,27.71,18,18,0,0.22,0.20,0.30,27.40,18,18,0
820075,0.35,0.30,0.40,28.14,18,18,0,508.90,506.00,513.50,23.96,18,0,0,0.33,0.30,0.40,27.75,18,18,0,0.49,0.40,0.50,27.35,18,18,0,0.11,0.10,0.20,28.17,18,18,0,1.07,1.00,1.10,27.71,18,18,0,0.21,0.20,0.30,27.40,18,18,0
820583,0.36,0.30,0.40,28.14,17,17,0,511.79,507.30,516.50,23.94,17,0,0,0.35,0.30,0.40,27.75,17,17,0,0.50,0.50,0.50,27.35,17,17,0,0.09,0.00,0.10,28.16,17,17,0,1.08,1.00,1.10,27.70,17,17,0,0.22,0.20,0.30,27.40,17,17,0
821096,0.32,0.30,0.40,28.15,18,18,0,510.56,507.00,516.00,23.95,18,0,0,0.33,0.30,0.40,27.75,18,18,0,0.50,0.50,0.50,27.34,18,18,0,0.09,0.00,0.10,28.17,18,18,0,1.08,1.00,1.10,27.71,18,18,0,0.22,0.20,0.30,27.41,18,18,0
821596,0.36,0.30,0.40,28.15,17,17,0,508.52,504.50,512.50,23.94,17,0,0,0.34,0.30,0.40,27.76,17,17,0,0.49,0.40,0.50,27.36,17,17,0,0.10,0.00,0.20,28.17,17,17,0,1.09,1.00,1.10,27.70,17,17,0,0.21,0.20,0.30,27.41,17,17,0
822096,0.32,0.30,0.40,28.14,17,17,0,509.42,505.10,513.90,23.94,17,0,0,0.35,0.30,0.40,27.75,17,17,0,0.50,0.50,0.50,27.35,17,17,0,0.09,0.00,0.10,28.16,17,17,0,1.07,1.00,1.10,27.71,17,17,0,0.21,0.20,0.30,27.40,17,17,0
822596,0.34,0.30,0.40,28.14,17,17,0,509.34,506.00,514.70,23.94,17,0,0,0.37,0.30,0.40,27.74,17,17,0,0.50,0.50,0.50,27.36,17,17,0,0.10,0.10,0.10,28.16,17,17,0,1.07,1.00,1.10,27.71,17,17,0,0.21,0.20,0.30,27.39,17,17,0
823096,0.33,0.30,0.40,28.14,17,17,0,509.84,506.20,513.10,23.97,17,0,0,0.34,0.30,0.40,27.75,17,17,0,0.50,0.50,0.50,27.35,17,17,0,0.09,0.00,0.10,28.17,17,17,0,1.08,1.00,1.10,27.71,17,17,0,0.22,0.20,0.30,27.41,17,17,0
823596,0.35,0.30,0.40,28.14,17,17,0,514.62,510.00,517.50,23.94,17,0,0,0.34,0.30,0.40,27.75,17,17,0,0.49,0.40,0.50,27.34,17,17,0,0.09,0.00,0.10,28.17,17,17,0,1.07,1.00,1.10,27.70,17,17,0,0.21,0.20,0.30,27.38,17,17,0
824098,0.36,0.30,0.40,28.13,17,17,0,515.73,512.10,520.10,23.94,17,0,0,0.34,0.30,0.40,27.76,17,17,0,0.49,0.40,0.50,27.35,17,17,0,0.09,0.00,0.10,28.16,17,17,0,1.08,1.00,1.10,27.73,17,17,0,0.21,0.20,0.30,27.41,17,17,0
824606,0.35,0.30,0.40,28.16,18,18,0,514.24,509.90,519.10,23.93,18,0,0,0.34,0.30,0.40,27.75,18,18,0,0.49,0.40,0.50,27.34,18,18,0,0.09,0.00,0.10,28.14,18,18,0,1.08,1.00,1.10,27.71,18,18,0,0.21,0.20,0.30,27.40,18,18,0
825106,0.35,0.30,0.40,28.15,17,17,0,512.11,508.00,516.40,23.95,17,0,0,0.34,0.30,0.40,27.77,17,17,0,0.50,0.50,0.50,27.34,17,17,0,0.09,0.00,0.10,28.16,17,17,0,1.08,1.00,1.10,27.71,17,17,0,0.22,0.20,0.30,27.42,17,17,0
825618,0.34,0.30,0.40,28.14,18,18,0,511.76,508.80,517.10,23.94,18,0,0,0.32,0.30,0.40,27.76,18,18,0,0.50,0.50,0.50,27.34,18,18,0,0.09,0.00,0.10,28.16,18,18,0,1.07,1.00,1.10,27.71,18,18,0,0.21,0.20,0.30,27.41,18,18,0
826118,0.34,0.30,0.40,28.14,17,17,0,511.49,508.80,515.80,23.94,17,0,0,0.33,0.30,0.40,27.74,17,17,0,0.50,0.50,0.50,27.35,17,17,0,0.08,0.00,0.10,28.17,17,17,0,1.09,1.00,1.10,27.71,17,17,0,0.22,0.20,0.30,27.39,17,17,0
826618,0.36,0.30,0.40,28.14,17,17,0,511.18,507.60,515.00,23.94,17,0,0,0.34,0.30,0.40,27.77,17,17,0,0.49,0.40,0.50,27.35,17,17,0,0.09,0.00,0.10,28.17,17,17,0,1.09,1.00,1.10,27.70,17,17,0,0.23,0.20,0.30,27.40,17,17,0
827118,0.34,0.30,0.40,28.15,18,18,0,517.26,512.10,523.50,23.93,18,0,0,0.33,0.30,0.40,27.77,18,18,0,0.50,0.50,0.50,27.37,18,18,0,0.09,0.00,0.10,28.16,18,18,0,1.08,1.00,1.10,27.72,18,18,0,0.23,0.20,0.30,27.42,18,18,0
827629,0.35,0.30,0.40,28.16,17,17,0,518.63,515.10,523.10,23.94,17,0,0,0.35,0.30,0.40,27.77,17,17,0,0.49,0.40,0.50,27.35,17,17,0,0.07,-0.10,0.10,28.16,17,17,0,1.06,1.00,1.10,27.72,17,17,0,0.22,0.20,0.30,27.40,17,17,0
828129,0.35,0.30,0.40,28.13,17,17,0,516.05,512.80,518.50,23.95,17,0,0,0.32,0.30,0.40,27.77,17,17,0,0.51,0.50,0.60,27.36,17,17,0,0.10,0.10,0.10,28.17,17,17,0,1.09,1.00,1.10,27.69,17,17,0,0.22,0.20,0.30,27.42,17,17,0
828629,0.34,0.30,0.40,28.13,17,17,0,512.98,509.60,516.10,23.94,17,0,0,0.33,0.30,0.40,27.75,17,17,0,0.50,0.50,0.50,27.35,17,17,0,0.08,0.00,0.10,28.17,17,17,0,1.08,1.00,1.10,27.71,17,17,0,0.22,0.20,0.30,27.40,17,17,0
829129,0.33,0.30,0.40,28.14,17,17,0,512.12,508.80,515.90,23.94,17,0,0,0.34,0.30,0.40,27.75,17,17,0,0.50,0.50,0.50,27.34,17,17,0,0.09,0.00,0.10,28.16,17,17,0,1.07,1.00,1.10,27.69,17,17,0,0.21,0.20,0.30,27.40,17,17,0
829641,0.32,0.30,0.40,28.15,18,18,0,510.61,506.40,515.50,23.94,18,0,0,0.36,0.30,0.40,27.74,18,18,0,0.50,0.50,0.50,27.35,18,18,0,0.10,0.10,0.10,28.15,18,18,0,1.09,1.00,1.10,27.72,18,18,0,0.21,0.20,0.30,27.40,18,18,0
830146,0.34,0.30,0.40,28.14,17,17,0,510.01,505.70,514.70,23.95,17,0,0,0.34,0.30,0.40,27.75,17,17,0,0.50,0.50,0.50,27.35,17,17,0,0.09,0.00,0.10,28.16,17,17,0,1.08,1.00,1.10,27.72,17,17,0,0.21,0.20,0.30,27.42,17,17,0
830646,0.36,0.30,0.40,28.15,17,17,0,515.59,511.60,519.30,23.94,17,0,0,0.35,0.30,0.40,27.76,17,17,0,0.50,0.50,0.50,27.36,17,17,0,0.09,0.00,0.10,28.17,17,17,0,1.07,1.00,1.10,27.72,17,17,0,0.20,0.20,0.20,27.40,17,17,0
831149,0.36,0.30,0.40,28.15,17,17,0,515.57,512.40,521.50,23.91,17,0,0,0.34,0.30,0.40,27.76,17,17,0,0.50,0.50,0.50,27.36,17,17,0,0.08,0.00,0.10,28.16,17,17,0,1.08,1.00,1.10,27.69,17,17,0,0.21,0.20,0.30,27.41,17,17,0
831660,0.33,0.30,0.40,28.13,18,18,0,511.83,509.20,515.80,23.95,18,0,0,0.34,0.30,0.40,27.74,18,18,0,0.49,0.40,0.50,27.35,18,18,0,0.09,0.00,0.20,28.16,18,18,0,1.07,1.00,1.10,27.71,18,18,0,0.22,0.20,0.30,27.41,18,18,0
832160,0.34,0.30,0.40,28.13,17,17,0,506.89,503.00,511.00,23.94,17,0,0,0.35,0.30,0.40,27.75,17,17,0,0.51,0.50,0.60,27.35,17,17,0,0.09,0.00,0.10,28.18,17,17,0,1.09,1.00,1.10,27.71,17,17,0,0.22,0.20,0.30,27.41,17,17,0
832660,0.35,0.30,0.40,28.13,17,17,0,506.24,503.30,508.80,23.94,17,0,0,0.33,0.30,0.40,27.74,17,17,0,0.49,0.40,0.50,27.35,17,17,0,0.09,0.00,0.10,28.17,17,17,0,1.09,1.00,1.10,27.72,17,17,0,0.23,0.20,0.30,27.40,17,17,0
833161,0.32,0.30,0.40,28.16,17,17,0,505.42,502.70,508.30,23.95,17,0,0,0.34,0.30,0.40,27.76,17,17,0,0.51,0.50,0.60,27.36,17,17,0,0.08,0.00,0.10,28.16,17,17,0,1.08,1.00,1.10,27.71,17,17,0,0.22,0.20,0.30,27.41,17,17,0
833661,0.35,0.30,0.40,28.15,17,17,0,505.18,501.40,510.50,23.93,17,0,0,0.35,0.30,0.40,27.76,17,17,0,0.50,0.50,0.50,27.35,17,17,0,0.09,0.00,0.10,28.16,17,17,0,1.09,1.00,1.10,27.72,17,17,0,0.21,0.20,0.30,27.41,17,17,0
834174,0.37,0.30,0.40,28.14,18,18,0,509.46,505.40,512.80,23.94,18,0,0,0.32,0.30,0.40,27.75,18,18,0,0.50,0.50,0.50,27.36,18,18,0,0.09,0.00,0.10,28.17,18,18,0,1.07,1.00,1.10,27.70,18,18,0,0.21,0.20,0.30,27.40,18,18,0
834674,0.35,0.30,0.40,28.14,17,17,0,508.84,504.00,511.90,23.95,17,0,0,0.33,0.30,0.40,27.76,17,17,0,0.50,0.50,0.50,27.35,17,17,0,0.08,0.00,0.10,28.17,17,17,0,1.08,1.00,1.10,27.73,17,17,0,0.21,0.20,0.30,27.41,17,17,0
835174,0.34,0.30,0.40,28.15,17,17,0,504.62,500.80,509.40,23.94,17,0,0,0.31,0.30,0.40,27.74,17,17,0,0.49,0.40,0.50,27.35,17,17,0,0.10,0.10,0.10,28.16,17,17,0,1.06,1.00,1.10,27.72,17,17,0,0.23,0.20,0.30,27.42,17,17,0
835687,0.34,0.30,0.40,28.13,18,18,0,500.13,497.20,505.40,23.96,18,0,0,0.35,0.30,0.40,27.76,18,18,0,0.49,0.40,0.50,27.36,18,18,0,0.09,0.00,0.10,28.16,18,18,0,1.09,1.00,1.10,27.71,18,18,0,0.22,0.20,0.30,27.42,18,18,0
836187,0.33,0.30,0.40,28.13,16,16,0,498.45,496.10,502.50,23.95,16,0,0,0.34,0.30,0.40,27.76,16,16,0,0.50,0.50,0.50,27.35,16,16,0,0.09,0.00,0.10,28.16,16,16,0,1.08,1.00,1.10,27.72,16,16,0,0.23,0.20,0.30,27.41,16,16,0
836687,0.36,0.30,0.40,28.16,17,17,0,497.99,494.90,502.30,23.95,17,0,0,0.34,0.30,0.40,27.75,17,17,0,0.50,0.50,0.50,27.34,17,17,0,0.10,0.10,0.10,28.18,17,17,0,1.07,1.00,1.10,27.72,17,17,0,0.21,0.20,0.30,27.40,17,17,0
837187,0.35,0.30,0.40,28.14,17,17,0,498.52,495.50,505.70,23.95,17,0,0,0.36,0.30,0.40,27.77,17,17,0,0.50,0.50,0.50,27.36,17,17,0,0.08,0.00,0.20,28.16,17,17,0,1.09,1.00,1.10,27.73,17,17,0,0.22,0.20,0.30,27.41,17,17,0
837687,0.32,0.30,0.40,28.16,17,17,0,503.58,499.10,507.60,23.96,17,0,0,0.36,0.30,0.40,27.75,17,17,0,0.50,0.50,0.50,27.36,17,17,0,0.09,0.00,0.10,28.17,17,17,0,1.08,1.00,1.10,27.71,17,17,0,0.23,0.20,0.30,27.41,17,17,0
838187,0.34,0.30,0.40,28.13,17,17,0,504.35,499.90,507.50,23.94,17,0,0,0.35,0.30,0.40,27.75,17,17,0,0.50,0.50,0.50,27.35,17,17,0,0.10,0.00,0.20,28.18,17,17,0,1.07,1.00,1.10,27.71,17,17,0,0.24,0.20,0.30,27.42,17,17,0
838687,0.35,0.30,0.40,28.15,17,17,0,500.08,497.00,502.90,23.95,17,0,0,0.33,0.30,0.40,27.75,17,17,0,0.50,0.50,0.50,27.35,17,17,0,0.10,0.00,0.20,28.17,17,17,0,1.09,1.00,1.10,27.71,17,17,0,0.22,0.20,0.30,27.40,17,17,0
839200,0.36,0.30,0.40,28.13,18,18,0,495.04,491.30,498.90,23.95,18,0,0,0.36,0.30,0.40,27.76,18,18,0,0.51,0.50,0.60,27.35,18,18,0,0.09,0.00,0.10,28.17,18,18,0,1.09,1.00,1.10,27.71,18,18,0,0.22,0.20,0.30,27.41,18,18,0
839704,0.34,0.30,0.40,28.15,17,17,0,494.03,491.00,498.30,23.95,17,0,0,0.34,0.30,0.40,27.75,17,17,0,0.51,0.50,0.60,27.36,17,17,0,0.09,0.00,0.10,28.16,17,17,0,1.09,1.00,1.10,27.73,17,17,0,0.21,0.20,0.30,27.41,17,17,0
840204,0.35,0.30,0.40,28.15,17,17,0,492.95,490.40,497.20,23.96,17,0,0,0.33,0.30,0.40,27.77,17,17,0,0.50,0.50,0.50,27.35,17,17,0,0.10,0.10,0.10,28.19,17,17,0,1.07,1.00,1.10,27.74,17,17,0,0.22,0.20,0.30,27.40,17,17,0
840704,0.36,0.30,0.40,28.14,17,17,0,492.61,489.60,495.60,23.94,17,0,0,0.35,0.30,0.40,27.75,17,17,0,0.50,0.50,0.50,27.37,17,17,0,0.09,0.00,0.10,28.16,17,17,0,1.09,1.00,1.10,27.72,17,17,0,0.23,0.20,0.30,27.40,17,17,0
841217,0.34,0.30,0.40,28.14,18,18,0,498.10,494.00,502.10,23.95,18,0,0,0.34,0.30,0.40,27.76,18,18,0,0.49,0.40,0.50,27.37,18,18,0,0.09,0.00,0.10,28.17,18,18,0,1.07,1.00,1.10,27.72,18,18,0,0.23,0.20,0.30,27.43,18,18,0
841717,0.36,0.30,0.40,28.14,17,17,0,496.96,493.50,501.60,23.94,17,0,0,0.34,0.30,0.40,27.75,17,17,0,0.49,0.40,0.50,27.36,17,17,0,0.09,0.00,0.10,28.17,17,17,0,1.09,1.00,1.10,27.71,17,17,0,0.22,0.20,0.30,27.41,17,17,0
842217,0.34,0.30,0.40,28.13,17,17,0,494.51,491.60,497.30,23.96,17,0,0,0.32,0.30,0.40,27.77,17,17,0,0.49,0.40,0.50,27.35,17,17,0,0.10,0.10,0.10,28.17,17,17,0,1.10,1.10,1.10,27.72,17,17,0,0.22,0.20,0.30,27.41,17,17,0
842717,0.35,0.30,0.40,28.13,17,17,0,491.18,488.20,493.80,23.95,17,0,0,0.32,0.30,0.40,27.77,17,17,0,0.50,0.50,0.50,27.35,17,17,0,0.10,0.10,0.10,28.16,17,17,0,1.07,1.00,1.10,27.71,17,17,0,0.22,0.20,0.30,27.40,17,17,0
843217,0.36,0.30,0.40,28.15,18,18,0,489.80,487.00,493.20,23.95,18,0,0,0.35,0.30,0.40,27.78,18,18,0,0.49,0.40,0.50,27.36,18,18,0,0.09,0.00,0.10,28.16,18,18,0,1.07,1.00,1.10,27.71,18,18,0,0.22,0.20,0.30,27.42,18,18,0
843727,0.32,0.30,0.40,28.12,17,17,0,489.05,486.70,493.30,23.94,17,0,0,0.34,0.30,0.40,27.76,17,17,0,0.50,0.50,0.50,27.35,17,17,0,0.10,0.10,0.10,28.15,17,17,0,1.08,1.00,1.10,27.72,17,17,0,0.20,0.20,0.20,27.41,17,17,0
844235,0.35,0.30,0.40,28.13,17,17,0,489.35,485.70,495.30,23.95,17,0,0,0.36,0.30,0.40,27.77,17,17,0,0.49,0.40,0.50,27.35,17,17,0,0.11,0.10,0.20,28.18,17,17,0,1.06,1.00,1.10,27.72,17,17,0,0.21,0.20,0.30,27.40,17,17,0
844736,0.35,0.30,0.40,28.13,17,17,0,494.19,489.10,499.60,23.96,17,0,0,0.31,0.30,0.40,27.76,17,17,0,0.50,0.50,0.50,27.36,17,17,0,0.08,0.00,0.10,28.18,17,17,0,1.07,1.00,1.10,27.71,17,17,0,0.21,0.20,0.30,27.42,17,17,0
845236,0.36,0.30,0.40,28.15,17,17,0,493.66,490.20,496.90,23.95,17,0,0,0.34,0.30,0.40,27.77,17,17,0,0.51,0.50,0.60,27.35,17,17,0,0.10,0.10,0.10,28.19,17,17,0,1.08,1.00,1.10,27.71,17,17,0,0.21,0.20,0.30,27.41,17,17,0
845736,0.36,0.30,0.40,28.16,17,17,0,489.06,484.60,492.50,23.97,17,0,0,0.34,0.30,0.40,27.76,17,17,0,0.49,0.40,0.50,27.35,17,17,0,0.09,0.00,0.10,28.17,17,17,0,1.08,1.00,1.10,27.72,17,17,0,0.23,0.20,0.30,27.41,17,17,0
846249,0.36,0.30,0.40,28.15,18,18,0,485.24,481.70,489.10,23.96,18,0,0,0.33,0.30,0.40,27.78,18,18,0,0.49,0.40,0.50,27.36,18,18,0,0.10,0.10,0.10,28.16,18,18,0,1.08,1.00,1.10,27.74,18,18,0,0.23,0.20,0.30,27.41,18,18,0
846749,0.32,0.30,0.40,28.14,17,17,0,483.98,479.10,487.10,23.95,17,0,0,0.34,0.30,0.40,27.77,17,17,0,0.50,0.50,0.50,27.36,17,17,0,0.10,0.00,0.20,28.17,17,17,0,1.07,1.00,1.10,27.74,17,17,0,0.22,0.20,0.30,27.41,17,17,0
847249,0.35,0.30,0.40,28.15,17,17,0,483.75,480.00,487.80,23.95,17,0,0,0.35,0.30,0.40,27.77,17,17,0,0.50,0.50,0.50,27.35,17,17,0,0.09,0.00,0.10,28.19,17,17,0,1.09,1.00,1.10,27.72,17,17,0,0.21,0.20,0.30,27.44,17,17,0
847749,0.35,0.30,0.40,28.15,17,17,0,484.32,480.50,488.50,23.97,17,0,0,0.35,0.30,0.40,27.77,17,17,0,0.50,0.50,0.50,27.35,17,17,0,0.10,0.00,0.20,28.17,17,17,0,1.06,1.00,1.10,27.71,17,17,0,0.21,0.20,0.30,27.43,17,17,0
848249,0.34,0.30,0.40,28.15,17,17,0,490.06,484.80,493.80,23.97,17,0,0,0.32,0.30,0.40,27.77,17,17,0,0.50,0.50,0.50,27.36,17,17,0,0.10,0.10,0.10,28.17,17,17,0,1.07,1.00,1.10,27.72,17,17,0,0.24,0.20,0.30,27.41,17,17,0
848749,0.34,0.30,0.40,28.14,17,17,0,489.98,486.50,494.30,23.96,17,0,0,0.32,0.30,0.40,27.76,17,17,0,0.50,0.50,0.50,27.37,17,17,0,0.09,0.00,0.10,28.17,17,17,0,1.08,1.00,1.10,27.73,17,17,0,0.22,0.20,0.30,27.41,17,17,0
849249,0.34,0.30,0.40,28.14,17,17,0,488.57,485.60,490.50,23.97,17,0,0,0.37,0.30,0.40,27.78,17,17,0,0.50,0.50,0.50,27.37,17,17,0,0.09,0.00,0.10,28.17,17,17,0,1.08,1.00,1.10,27.72,17,17,0,0.23,0.20,0.30,27.42,17,17,0
849749,0.35,0.30,0.40,28.14,17,17,0,485.64,483.00,487.90,23.96,17,0,0,0.35,0.30,0.40,27.78,17,17,0,0.50,0.50,0.50,27.36,17,17,0,0.10,0.00,0.20,28.17,17,17,0,1.09,1.00,1.10,27.72,17,17,0,0.23,0.20,0.30,27.41,17,17,0
850250,0.34,0.30,0.40,28.14,17,17,0,483.86,481.00,487.30,23.98,17,0,0,0.35,0.30,0.40,27.75,17,17,0,0.50,0.50,0.50,27.36,17,17,0,0.09,0.00,0.10,28.17,17,17,0,1.08,1.00,1.10,27.73,17,17,0,0.23,0.20,0.30,27.40,17,17,0
850763,0.36,0.30,0.40,28.15,18,18,0,483.50,480.00,487.70,23.96,18,0,0,0.34,0.30,0.40,27.77,18,18,0,0.49,0.40,0.50,27.35,18,18,0,0.09,0.00,0.10,28.16,18,18,0,1.09,1.00,1.10,27.72,18,18,0,0.22,0.20,0.30,27.41,18,18,0
851263,0.33,0.30,0.40,28.15,17,17,0,485.42,482.00,490.30,23.97,17,0,0,0.34,0.30,0.40,27.75,17,17,0,0.50,0.50,0.50,27.35,17,17,0,0.09,0.00,0.10,28.15,17,17,0,1.09,1.00,1.10,27.72,17,17,0,0.21,0.20,0.30,27.42,17,17,0
851763,0.34,0.30,0.40,28.13,17,17,0,490.62,487.10,494.10,23.95,17,0,0,0.35,0.30,0.40,27.76,17,17,0,0.50,0.50,0.50,27.34,17,17,0,0.09,0.00,0.10,28.18,17,17,0,1.09,1.00,1.10,27.72,17,17,0,0.22,0.20,0.30,27.41,17,17,0
852263,0.35,0.30,0.40,28.14,17,17,0,491.88,488.70,495.60,23.95,17,0,0,0.34,0.30,0.40,27.78,17,17,0,0.49,0.40,0.50,27.37,17,17,0,0.11,0.10,0.20,28.17,17,17,0,1.09,1.00,1.10,27.72,17,17,0,0.23,0.20,0.30,27.41,17,17,0
852775,0.34,0.30,0.40,28.16,18,18,0,488.87,485.70,491.50,23.97,18,0,0,0.32,0.30,0.40,27.76,18,18,0,0.49,0.40,0.50,27.36,18,18,0,0.09,0.00,0.10,28.17,18,18,0,1.09,1.00,1.10,27.71,18,18,0,0.21,0.20,0.30,27.40,18,18,0
853288,0.32,0.30,0.40,28.16,18,18,0,484.30,481.50,487.50,23.97,18,0,0,0.35,0.30,0.40,27.76,18,18,0,0.49,0.40,0.50,27.35,18,18,0,0.10,0.10,0.10,28.17,18,18,0,1.07,1.00,1.10,27.73,18,18,0,0.22,0.20,0.30,27.41,18,18,0
853788,0.33,0.30,0.40,28.14,17,17,0,482.60,479.20,487.90,23.97,17,0,0,0.36,0.30,0.40,27.77,17,17,0,0.50,0.50,0.50,27.35,17,17,0,0.09,0.00,0.10,28.16,17,17,0,1.09,1.00,1.10,27.73,17,17,0,0.23,0.20,0.30,27.41,17,17,0
854288,0.34,0.30,0.40,28.13,17,17,0,481.18,476.50,484.20,23.96,17,0,0,0.36,0.30,0.40,27.79,17,17,0,0.49,0.40,0.50,27.35,17,17,0,0.08,0.00,0.10,28.16,17,17,0,1.09,1.00,1.10,27.72,17,17,0,0.23,0.20,0.30,27.41,17,17,0
854801,0.34,0.30,0.40,28.15,18,18,0,482.58,479.00,487.60,23.95,18,0,0,0.35,0.30,0.40,27.77,18,18,0,0.50,0.50,0.50,27.38,18,18,0,0.09,0.00,0.10,28.18,18,18,0,1.08,1.00,1.10,27.72,18,18,0,0.22,0.20,0.30,27.42,18,18,0
855309,0.36,0.30,0.40,28.16,17,17,0,488.81,485.20,492.00,23.97,17,0,0,0.35,0.30,0.40,27.78,17,17,0,0.50,0.50,0.50,27.37,17,17,0,0.09,0.00,0.10,28.18,17,17,0,1.09,1.00,1.10,27.71,17,17,0,0.22,0.20,0.30,27.42,17,17,0
855809,0.37,0.30,0.40,28.14,17,17,0,491.28,488.80,494.10,23.95,17,0,0,0.35,0.30,0.40,27.78,17,17,0,0.49,0.40,0.50,27.36,17,17,0,0.10,0.10,0.10,28.16,17,17,0,1.07,1.00,1.10,27.73,17,17,0,0.21,0.20,0.30,27.42,17,17,0
856313,0.37,0.30,0.40,28.14,17,17,0,488.54,485.50,491.80,23.95,17,0,0,0.32,0.30,0.40,27.76,17,17,0,0.50,0.50,0.50,27.35,17,17,0,0.09,0.00,0.10,28.16,17,17,0,1.08,1.00,1.10,27.72,17,17,0,0.20,0.20,0.20,27.43,17,17,0
856826,0.36,0.30,0.40,28.14,18,18,0,484.62,482.30,487.40,23.95,18,0,0,0.36,0.30,0.40,27.76,18,18,0,0.49,0.40,0.50,27.37,18,18,0,0.10,0.10,0.10,28.15,18,18,0,1.08,1.00,1.10,27.73,18,18,0,0.23,0.20,0.30,27.43,18,18,0
857326,0.33,0.30,0.40,28.14,17,17,0,483.79,480.40,486.30,23.96,17,0,0,0.31,0.30,0.40,27.76,17,17,0,0.49,0.40,0.50,27.36,17,17,0,0.08,0.00,0.10,28.16,17,17,0,1.08,1.00,1.10,27.72,17,17,0,0.21,0.20,0.30,27.42,17,17,0
857826,0.34,0.30,0.40,28.14,17,17,0,484.02,481.40,487.40,23.97,17,0,0,0.34,0.30,0.40,27.78,17,17,0,0.49,0.40,0.50,27.38,17,17,0,0.09,0.00,0.10,28.16,17,17,0,1.06,1.00,1.10,27.73,17,17,0,0.21,0.10,0.30,27.42,17,17,0
858326,0.36,0.30,0.40,28.16,18,18,0,486.98,483.80,494.00,23.97,18,0,0,0.33,0.30,0.40,27.79,18,18,0,0.50,0.50,0.50,27.36,18,18,0,0.10,0.10,0.10,28.17,18,18,0,1.07,1.00,1.10,27.71,18,18,0,0.21,0.20,0.30,27.42,18,18,0
858838,0.36,0.30,0.40,28.14,17,17,0,492.77,489.70,495.60,23.96,17,0,0,0.34,0.30,0.40,27.77,17,17,0,0.50,0.50,0.50,27.35,17,17,0,0.09,0.00,0.10,28.18,17,17,0,1.08,1.00,1.10,27.74,17,17,0,0.22,0.20,0.30,27.40,17,17,0
859351,0.33,0.30,0.40,28.16,18,18,0,494.88,492.40,499.00,23.95,18,0,0,0.33,0.30,0.40,27.77,18,18,0,0.50,0.50,0.50,27.35,18,18,0,0.09,0.00,0.10,28.16,18,18,0,1.07,1.00,1.10,27.72,18,18,0,0.21,0.20,0.30,27.42,18,18,0
859851,0.35,0.30,0.40,28.14,17,17,0,490.82,487.40,495.50,23.96,17,0,0,0.35,0.30,0.40,27.76,17,17,0,0.49,0.40,0.50,27.35,17,17,0,0.09,0.00,0.10,28.18,17,17,0,1.09,1.00,1.10,27.73,17,17,0,0.22,0.20,0.30,27.42,17,17,0
860351,0.36,0.30,0.40,28.15,17,17,0,485.87,482.40,489.00,23.95,17,0,0,0.35,0.30,0.40,27.79,17,17,0,0.50,0.50,0.50,27.39,17,17,0,0.09,0.00,0.10,28.18,17,17,0,1.09,1.00,1.10,27.73,17,17,0,0.23,0.20,0.30,27.43,17,17,0
860854,0.35,0.30,0.40,28.16,17,17,0,486.00,483.60,488.60,23.96,17,0,0,0.32,0.30,0.40,27.77,17,17,0,0.50,0.50,0.50,27.36,17,17,0,0.08,0.00,0.10,28.18,17,17,0,1.08,1.00,1.10,27.72,17,17,0,0.21,0.20,0.30,27.42,17,17,0
861367,0.34,0.30,0.40,28.14,18,18,0,485.64,482.70,490.50,23.97,18,0,0,0.33,0.30,0.40,27.78,18,18,0,0.50,0.50,0.50,27.37,18,18,0,0.09,0.00,0.10,28.18,18,18,0,1.07,1.00,1.10,27.74,18,18,0,0.24,0.20,0.30,27.41,18,18,0
861867,0.34,0.30,0.40,28.14,17,17,0,487.02,484.20,491.30,23.98,17,0,0,0.32,0.30,0.40,27.78,17,17,0,0.50,0.50,0.50,27.37,17,17,0,0.09,0.00,0.10,28.17,17,17,0,1.08,1.00,1.10,27.73,17,17,0,0.21,0.20,0.30,27.41,17,17,0
862367,0.36,0.30,0.40,28.15,17,17,0,493.08,489.30,495.90,23.95,17,0,0,0.34,0.30,0.40,27.77,17,17,0,0.50,0.50,0.50,27.39,17,17,0,0.09,0.00,0.10,28.17,17,17,0,1.08,1.00,1.10,27.74,17,17,0,0.22,0.20,0.30,27.42,17,17,0
862867,0.32,0.30,0.40,28.16,17,17,0,494.59,492.30,497.80,23.95,17,0,0,0.36,0.30,0.40,27.77,17,17,0,0.51,0.50,0.60,27.36,17,17,0,0.08,0.00,0.10,28.16,17,17,0,1.08,1.00,1.10,27.74,17,17,0,0.21,0.20,0.30,27.41,17,17,0
863373,0.34,0.30,0.40,28.14,17,17,0,489.84,486.90,494.20,23.96,17,0,0,0.34,0.30,0.40,27.78,17,17,0,0.50,0.50,0.50,27.36,17,17,0,0.09,0.00,0.10,28.18,17,17,0,1.06,1.00,1.10,27.74,17,17,0,0.25,0.20,0.30,27.42,17,17,0
863873,0.34,0.30,0.40,28.16,17,17,0,485.24,482.70,488.60,23.96,17,0,0,0.34,0.30,0.40,27.78,17,17,0,0.50,0.40,0.60,27.36,17,17,0,0.10,0.10,0.10,28.18,17,17,0,1.08,1.00,1.10,27.73,17,17,0,0.23,0.20,0.30,27.42,17,17,0
864373,0.32,0.30,0.40,28.15,17,17,0,484.46,482.10,487.60,23.95,17,0,0,0.34,0.30,0.40,27.76,17,17,0,0.49,0.40,0.50,27.37,17,17,0,0.09,-0.10,0.20,28.17,17,17,0,1.09,1.00,1.10,27.73,17,17,0,0.23,0.20,0.30,27.41,17,17,0
864886,0.35,0.30,0.40,28.16,18,18,0,484.11,481.80,486.60,23.97,18,0,0,0.36,0.30,0.40,27.77,18,18,0,0.49,0.40,0.50,27.38,18,18,0,0.09,0.00,0.10,28.17,18,18,0,1.06,1.00,1.10,27.73,18,18,0,0.23,0.20,0.30,27.42,18,18,0
865386,0.34,0.30,0.40,28.15,17,17,0,486.06,483.00,491.90,23.95,17,0,0,0.35,0.30,0.40,27.78,17,17,0,0.49,0.40,0.50,27.37,17,17,0,0.09,0.00,0.10,28.18,17,17,0,1.08,1.00,1.10,27.74,17,17,0,0.24,0.20,0.30,27.43,17,17,0
865886,0.35,0.30,0.40,28.17,17,17,0,492.08,487.50,496.00,23.95,17,0,0,0.32,0.30,0.40,27.76,17,17,0,0.50,0.50,0.50,27.38,17,17,0,0.10,0.10,0.10,28.19,17,17,0,1.08,1.00,1.10,27.73,17,17,0,0.22,0.20,0.30,27.43,17,17,0
866386,0.33,0.30,0.40,28.17,17,17,0,494.92,492.00,497.50,23.95,17,0,0,0.35,0.30,0.40,27.77,17,17,0,0.49,0.40,0.50,27.37,17,17,0,0.09,0.00,0.10,28.17,17,17,0,1.06,1.00,1.10,27.74,17,17,0,0.23,0.20,0.30,27.41,17,17,0
866886,0.36,0.30,0.40,28.16,17,17,0,493.98,489.90,497.80,23.95,17,0,0,0.35,0.30,0.40,27.77,17,17,0,0.49,0.40,0.50,27.38,17,17,0,0.10,0.00,0.20,28.19,17,17,0,1.07,1.00,1.10,27.72,17,17,0,0.24,0.20,0.30,27.43,17,17,0
867386,0.36,0.30,0.40,28.15,17,17,0,489.09,485.50,493.40,23.96,17,0,0,0.33,0.30,0.40,27.79,17,17,0,0.49,0.40,0.50,27.38,17,17,0,0.09,0.00,0.10,28.18,17,17,0,1.08,1.00,1.10,27.72,17,17,0,0.21,0.20,0.30,27.42,17,17,0
867895,0.36,0.30,0.40,28.15,18,18,0,487.21,485.00,491.20,23.94,18,0,0,0.33,0.30,0.40,27.77,18,18,0,0.49,0.40,0.50,27.36,18,18,0,0.10,0.10,0.10,28.18,18,18,0,1.07,1.00,1.10,27.74,18,18,0,0.22,0.20,0.30,27.42,18,18,0
868395,0.35,0.30,0.40,28.14,17,17,0,485.83,483.40,488.80,23.98,17,0,0,0.34,0.30,0.40,27.76,17,17,0,0.50,0.50,0.50,27.38,17,17,0,0.09,0.00,0.10,28.18,17,17,0,1.06,1.00,1.10,27.72,17,17,0,0.23,0.20,0.30,27.43,17,17,0
868908,0.35,0.30,0.40,28.16,18,18,0,486.51,483.00,491.70,23.95,18,0,0,0.34,0.30,0.40,27.77,18,18,0,0.49,0.40,0.50,27.37,18,18,0,0.08,-0.10,0.10,28.18,18,18,0,1.07,1.00,1.10,27.74,18,18,0,0.22,0.20,0.30,27.43,18,18,0
869408,0.34,0.30,0.40,28.16,16,16,0,492.64,488.60,496.60,23.97,16,0,0,0.36,0.30,0.40,27.77,16,16,0,0.49,0.40,0.50,27.37,16,16,0,0.11,0.00,0.20,28.17,16,16,0,1.09,1.00,1.10,27.73,16,16,0,0.21,0.20,0.30,27.42,16,16,0
869910,0.35,0.30,0.40,28.15,17,17,0,494.55,492.20,498.30,23.96,17,0,0,0.35,0.30,0.40,27.78,17,17,0,0.49,0.40,0.50,27.37,17,17,0,0.08,0.00,0.10,28.18,17,17,0,1.09,1.00,1.10,27.73,17,17,0,0.21,0.20,0.30,27.42,17,17,0
870418,0.35,0.30,0.40,28.15,17,17,0,491.29,487.90,496.10,23.95,17,0,0,0.35,0.30,0.40,27.77,17,17,0,0.51,0.50,0.60,27.37,17,17,0,0.10,0.10,0.10,28.19,17,17,0,1.08,1.00,1.10,27.72,17,17,0,0.23,0.20,0.30,27.42,17,17,0
870918,0.34,0.30,0.40,28.15,17,17,0,486.85,483.10,490.00,23.96,17,0,0,0.36,0.30,0.40,27.77,17,17,0,0.51,0.50,0.60,27.36,17,17,0,0.09,0.00,0.10,28.18,17,17,0,1.08,1.00,1.10,27.72,17,17,0,0.22,0.20,0.30,27.40,17,17,0
871418,0.34,0.30,0.40,28.17,17,17,0,484.53,482.00,487.30,23.95,17,0,0,0.32,0.30,0.40,27.79,17,17,0,0.49,0.40,0.50,27.35,17,17,0,0.09,0.00,0.10,28.18,17,17,0,1.07,1.00,1.10,27.74,17,17,0,0.22,0.20,0.30,27.43,17,17,0
871919,0.35,0.30,0.40,28.15,17,17,0,483.59,481.10,488.20,23.96,17,0,0,0.36,0.30,0.40,27.79,17,17,0,0.49,0.40,0.50,27.36,17,17,0,0.09,0.00,0.10,28.19,17,17,0,1.08,1.00,1.10,27.73,17,17,0,0.23,0.20,0.30,27.42,17,17,0
872420,0.34,0.30,0.40,28.15,17,17,0,485.19,482.90,489.40,23.97,17,0,0,0.35,0.30,0.40,27.77,17,17,0,0.49,0.40,0.50,27.36,17,17,0,0.10,0.10,0.10,28.19,17,17,0,1.09,1.00,1.10,27.74,17,17,0,0.22,0.20,0.30,27.42,17,17,0
872927,0.34,0.30,0.40,28.16,17,17,0,490.58,487.30,494.10,23.95,17,0,0,0.36,0.30,0.40,27.78,17,17,0,0.49,0.40,0.50,27.38,17,17,0,0.08,0.00,0.10,28.18,17,17,0,1.07,1.00,1.10,27.73,17,17,0,0.23,0.20,0.30,27.43,17,17,0
873427,0.35,0.30,0.40,28.17,17,17,0,492.66,490.10,496.30,23.97,17,0,0,0.34,0.30,0.40,27.78,17,17,0,0.50,0.50,0.50,27.37,17,17,0,0.09,0.00,0.10,28.18,17,17,0,1.08,1.00,1.10,27.71,17,17,0,0.22,0.20,0.30,27.42,17,17,0
873927,0.36,0.30,0.40,28.14,16,16,0,489.80,487.50,492.80,23.96,16,0,0,0.34,0.30,0.40,27.77,16,16,0,0.50,0.50,0.50,27.37,16,16,0,0.09,-0.10,0.10,28.18,16,16,0,1.07,1.00,1.10,27.74,16,16,0,0.24,0.20,0.30,27.43,16,16,0
874428,0.32,0.30,0.40,28.16,17,17,0,486.35,482.70,490.40,23.95,17,0,0,0.34,0.30,0.40,27.78,17,17,0,0.49,0.40,0.50,27.36,17,17,0,0.09,0.00,0.10,28.18,17,17,0,1.08,1.00,1.10,27.72,17,17,0,0.22,0.20,0.30,27.42,17,17,0
874928,0.35,0.30,0.40,28.16,17,17,0,485.38,482.60,489.50,23.95,17,0,0,0.35,0.30,0.40,27.77,17,17,0,0.49,0.40,0.50,27.36,17,17,0,0.10,0.00,0.20,28.18,17,17,0,1.08,1.00,1.10,27.73,17,17,0,0.21,0.20,0.30,27.43,17,17,0
875429,0.35,0.30,0.40,28.16,17,17,0,485.38,482.30,488.00,23.97,17,0,0,0.36,0.30,0.40,27.78,17,17,0,0.50,0.50,0.50,27.37,17,17,0,0.10,0.00,0.20,28.18,17,17,0,1.08,1.00,1.10,27.73,17,17,0,0.21,0.20,0.30,27.43,17,17,0
875929,0.32,0.30,0.40,28.16,18,18,0,486.34,483.90,489.00,23.98,18,0,0,0.33,0.30,0.40,27.78,18,18,0,0.49,0.40,0.50,27.37,18,18,0,0.11,0.10,0.20,28.20,18,18,0,1.06,1.00,1.10,27.73,18,18,0,0.22,0.20,0.30,27.43,18,18,0
876429,0.35,0.30,0.40,28.15,15,15,0,491.19,487.30,495.40,23.96,15,0,0,0.34,0.30,0.40,27.78,15,15,0,0.50,0.50,0.50,27.39,15,15,0,0.10,0.10,0.10,28.18,15,15,0,1.09,1.00,1.10,27.74,15,15,0,0.23,0.20,0.30,27.41,15,15,0
876929,0.36,0.30,0.40,28.16,17,17,0,491.86,488.60,496.10,23.95,17,0,0,0.35,0.30,0.40,27.78,17,17,0,0.50,0.50,0.50,27.37,17,17,0,0.09,0.00,0.10,28.17,17,17,0,1.07,1.00,1.10,27.74,17,17,0,0.24,0.20,0.30,27.43,17,17,0
877429,0.36,0.30,0.40,28.15,17,17,0,489.45,486.10,493.10,23.95,17,0,0,0.34,0.30,0.40,27.77,17,17,0,0.49,0.40,0.50,27.38,17,17,0,0.10,0.10,0.10,28.18,17,17,0,1.08,1.00,1.10,27.74,17,17,0,0.21,0.20,0.30,27.41,17,17,0
877929,0.34,0.30,0.40,28.16,17,17,0,486.34,482.20,489.90,23.96,17,0,0,0.35,0.30,0.40,27.78,17,17,0,0.49,0.40,0.50,27.37,17,17,0,0.10,0.10,0.10,28.17,17,17,0,1.09,1.00,1.10,27.74,17,17,0,0.22,0.20,0.30,27.43,17,17,0
878429,0.34,0.30,0.40,28.15,17,17,0,485.46,481.20,490.70,23.97,17,0,0,0.34,0.30,0.40,27.78,17,17,0,0.50,0.50,0.50,27.38,17,17,0,0.09,0.00,0.10,28.17,17,17,0,1.06,1.00,1.10,27.75,17,17,0,0.23,0.20,0.30,27.43,17,17,0
878929,0.35,0.30,0.40,28.15,17,17,0,484.64,481.10,489.70,23.96,17,0,0,0.36,0.30,0.40,27.79,17,17,0,0.50,0.50,0.50,27.37,17,17,0,0.08,0.00,0.10,28.16,17,17,0,1.06,1.00,1.10,27.75,17,17,0,0.22,0.20,0.30,27.42,17,17,0
879431,0.35,0.30,0.40,28.18,17,17,0,485.31,482.50,489.00,23.98,17,0,0,0.34,0.30,0.40,27.78,17,17,0,0.49,0.40,0.50,27.38,17,17,0,0.09,0.00,0.10,28.18,17,17,0,1.08,1.00,1.10,27.74,17,17,0,0.23,0.20,0.30,27.42,17,17,0
879938,0.35,0.30,0.40,28.15,17,17,0,490.58,486.80,495.30,23.96,17,0,0,0.34,0.30,0.40,27.79,17,17,0,0.50,0.50,0.50,27.38,17,17,0,0.10,0.10,0.10,28.17,17,17,0,1.08,1.00,1.10,27.72,17,17,0,0.21,0.20,0.30,27.43,17,17,0
880442,0.36,0.30,0.40,28.16,17,17,0,491.04,487.90,494.60,23.96,17,0,0,0.34,0.30,0.40,27.79,17,17,0,0.49,0.40,0.50,27.37,17,17,0,0.09,0.00,0.10,28.18,17,17,0,1.09,1.00,1.10,27.74,17,17,0,0.22,0.20,0.30,27.43,17,17,0
880942,0.34,0.30,0.40,28.15,17,17,0,489.83,486.80,492.70,23.94,17,0,0,0.34,0.30,0.40,27.77,17,17,0,0.48,0.40,0.50,27.37,17,17,0,0.10,0.10,0.10,28.19,17,17,0,1.09,1.00,1.10,27.72,17,17,0,0.21,0.20,0.30,27.44,17,17,0
881443,0.35,0.30,0.40,28.17,17,17,0,488.31,485.00,490.70,23.96,17,0,0,0.36,0.30,0.40,27.78,17,17,0,0.49,0.40,0.50,27.38,17,17,0,0.09,0.00,0.10,28.19,17,17,0,1.08,1.00,1.10,27.73,17,17,0,0.21,0.20,0.30,27.43,17,17,0
881943,0.35,0.30,0.40,28.16,17,17,0,488.78,485.30,492.80,23.96,17,0,0,0.34,0.30,0.40,27.78,17,17,0,0.50,0.50,0.50,27.38,17,17,0,0.09,0.00,0.10,28.16,17,17,0,1.08,1.00,1.10,27.74,17,17,0,0.22,0.20,0.30,27.45,17,17,0
882450,0.34,0.30,0.40,28.17,17,17,0,488.64,485.80,492.20,23.96,17,0,0,0.36,0.30,0.40,27.78,17,17,0,0.50,0.50,0.50,27.38,17,17,0,0.08,0.00,0.10,28.17,17,17,0,1.08,1.00,1.10,27.75,17,17,0,0.20,0.20,0.20,27.44,17,17,0
882953,0.34,0.30,0.40,28.16,17,17,0,489.68,486.40,493.20,23.97,17,0,0,0.35,0.30,0.40,27.77,17,17,0,0.49,0.40,0.50,27.36,17,17,0,0.10,0.10,0.10,28.18,17,17,0,1.09,1.00,1.10,27.73,17,17,0,0.21,0.20,0.30,27.43,17,17,0
883453,0.35,0.30,0.40,28.17,17,17,0,494.18,491.40,498.90,23.95,17,0,0,0.34,0.30,0.40,27.78,17,17,0,0.50,0.50,0.50,27.36,17,17,0,0.10,0.10,0.10,28.18,17,17,0,1.07,1.00,1.10,27.73,17,17,0,0.22,0.20,0.30,27.43,17,17,0
883953,0.34,0.30,0.40,28.16,17,17,0,495.08,492.00,498.70,23.95,17,0,0,0.34,0.30,0.40,27.80,17,17,0,0.50,0.50,0.50,27.38,17,17,0,0.10,0.10,0.10,28.17,17,17,0,1.06,1.00,1.10,27.74,17,17,0,0.24,0.20,0.30,27.43,17,17,0
884456,0.36,0.30,0.40,28.16,17,17,0,494.75,492.30,498.40,23.97,17,0,0,0.33,0.30,0.40,27.78,17,17,0,0.49,0.40,0.50,27.37,17,17,0,0.09,0.00,0.10,28.18,17,17,0,1.05,1.00,1.10,27.74,17,17,0,0.20,0.20,0.20,27.42,17,17,0
884957,0.33,0.30,0.40,28.16,17,17,0,494.12,491.40,498.00,23.97,17,0,0,0.32,0.30,0.40,27.77,17,17,0,0.50,0.50,0.50,27.38,17,17,0,0.10,0.10,0.10,28.18,17,17,0,1.09,1.00,1.10,27.73,17,17,0,0.22,0.20,0.30,27.42,17,17,0
885457,0.34,0.30,0.40,28.16,17,17,0,494.90,489.90,502.00,23.97,17,0,0,0.36,0.30,0.40,27.78,17,17,0,0.50,0.50,0.50,27.37,17,17,0,0.09,0.00,0.10,28.18,17,17,0,1.09,1.00,1.10,27.74,17,17,0,0.22,0.20,0.30,27.43,17,17,0
885958,0.36,0.30,0.40,28.15,17,17,0,495.48,491.70,499.10,23.95,17,0,0,0.34,0.30,0.40,27.78,17,17,0,0.49,0.40,0.50,27.37,17,17,0,0.10,0.00,0.20,28.17,17,17,0,1.09,1.00,1.10,27.73,17,17,0,0.24,0.20,0.30,27.42,17,17,0
886460,0.35,0.30,0.40,28.16,17,17,0,496.18,492.90,501.10,23.96,17,0,0,0.34,0.30,0.40,27.78,17,17,0,0.50,0.50,0.50,27.38,17,17,0,0.11,0.10,0.20,28.18,17,17,0,1.08,1.00,1.10,27.74,17,17,0,0.24,0.20,0.30,27.44,17,17,0
886960,0.36,0.30,0.40,28.16,17,17,0,501.28,496.90,504.60,23.95,17,0,0,0.35,0.30,0.40,27.76,17,17,0,0.49,0.40,0.50,27.38,17,17,0,0.09,0.00,0.10,28.17,17,17,0,1.10,1.10,1.10,27.74,17,17,0,0.22,0.20,0.30,27.44,17,17,0
887460,0.35,0.30,0.40,28.16,17,17,0,502.87,499.10,507.20,23.96,17,0,0,0.36,0.30,0.40,27.78,17,17,0,0.49,0.40,0.50,27.37,17,17,0,0.09,0.00,0.10,28.17,17,17,0,1.07,1.00,1.10,27.75,17,17,0,0.23,0.20,0.30,27.43,17,17,0
887960,0.36,0.30,0.40,28.16,17,17,0,503.51,499.80,508.10,23.96,17,0,0,0.34,0.30,0.40,27.78,17,17,0,0.49,0.40,0.50,27.37,17,17,0,0.08,0.00,0.10,28.18,17,17,0,1.09,1.00,1.10,27.74,17,17,0,0.23,0.20,0.30,27.43,17,17,0
888460,0.36,0.30,0.40,28.18,16,16,0,502.29,499.40,506.70,23.97,16,0,0,0.35,0.30,0.40,27.78,16,16,0,0.50,0.50,0.50,27.37,16,16,0,0.10,0.10,0.10,28.18,16,16,0,1.07,1.00,1.10,27.74,16,16,0,0.21,0.20,0.30,27.42,16,16,0
888960,0.33,0.30,0.40,28.14,17,17,0,502.86,499.40,507.40,23.96,17,0,0,0.34,0.30,0.40,27.79,17,17,0,0.50,0.50,0.50,27.38,17,17,0,0.09,0.00,0.10,28.18,17,17,0,1.09,1.00,1.10,27.75,17,17,0,0.22,0.20,0.30,27.44,17,17,0
889468,0.34,0.30,0.40,28.16,17,17,0,503.68,499.90,509.60,23.96,17,0,0,0.34,0.30,0.40,27.78,17,17,0,0.50,0.50,0.50,27.37,17,17,0,0.09,0.00,0.10,28.17,17,17,0,1.08,1.00,1.10,27.74,17,17,0,0.22,0.20,0.30,27.43,17,17,0
889968,0.33,0.30,0.40,28.16,17,17,0,504.65,501.70,509.30,23.96,17,0,0,0.33,0.30,0.40,27.77,17,17,0,0.50,0.50,0.50,27.37,17,17,0,0.09,0.00,0.10,28.20,17,17,0,1.08,1.00,1.10,27.73,17,17,0,0.22,0.20,0.30,27.43,17,17,0
890468,0.36,0.30,0.40,28.16,17,17,0,509.46,506.40,513.30,23.96,17,0,0,0.34,0.30,0.40,27.79,17,17,0,0.49,0.40,0.50,27.39,17,17,0,0.08,0.00,0.10,28.19,17,17,0,1.08,1.00,1.10,27.74,17,17,0,0.22,0.20,0.30,27.44,17,17,0
890971,0.35,0.30,0.40,28.15,17,17,0,510.25,505.90,515.00,23.95,17,0,0,0.34,0.30,0.40,27.77,17,17,0,0.49,0.40,0.50,27.39,17,17,0,0.10,0.10,0.10,28.17,17,17,0,1.06,1.00,1.10,27.74,17,17,0,0.25,0.20,0.30,27.44,17,17,0
891471,0.34,0.30,0.40,28.16,17,17,0,510.57,506.50,513.60,23.98,17,0,0,0.34,0.30,0.40,27.77,17,17,0,0.50,0.50,0.50,27.37,17,17,0,0.10,0.10,0.10,28.18,17,17,0,1.08,1.00,1.10,27.74,17,17,0,0.22,0.20,0.30,27.43,17,17,0
891979,0.35,0.30,0.40,28.16,17,17,0,509.69,506.70,514.70,23.95,17,0,0,0.35,0.30,0.40,27.79,17,17,0,0.50,0.50,0.50,27.38,17,17,0,0.10,0.10,0.10,28.16,17,17,0,1.08,1.00,1.10,27.75,17,17,0,0.22,0.20,0.30,27.43,17,17,0
892479,0.33,0.30,0.40,28.16,17,17,0,507.84,505.00,510.40,23.98,17,0,0,0.34,0.30,0.40,27.77,17,17,0,0.50,0.50,0.50,27.38,17,17,0,0.10,0.10,0.10,28.19,17,17,0,1.09,1.00,1.10,27.73,17,17,0,0.21,0.20,0.30,27.44,17,17,0
892979,0.34,0.30,0.40,28.18,16,16,0,508.92,505.90,512.20,23.94,16,0,0,0.34,0.30,0.40,27.79,16,16,0,0.49,0.40,0.50,27.38,16,16,0,0.09,0.00,0.10,28.18,16,16,0,1.10,1.10,1.10,27.75,16,16,0,0.21,0.20,0.30,27.43,16,16,0
893479,0.35,0.30,0.40,28.15,17,17,0,508.25,504.40,513.20,23.95,17,0,0,0.34,0.30,0.40,27.78,17,17,0,0.50,0.50,0.50,27.37,17,17,0,0.10,0.10,0.10,28.17,17,17,0,1.08,1.00,1.10,27.73,17,17,0,0.22,0.20,0.30,27.44,17,17,0
893979,0.34,0.30,0.40,28.17,17,17,0,514.68,511.30,520.60,23.95,17,0,0,0.35,0.30,0.40,27.78,17,17,0,0.50,0.50,0.50,27.38,17,17,0,0.09,0.00,0.10,28.19,17,17,0,1.09,1.00,1.10,27.73,17,17,0,0.20,0.20,0.20,27.43,17,17,0
894479,0.35,0.30,0.40,28.16,17,17,0,515.89,512.50,520.70,23.94,17,0,0,0.35,0.30,0.40,27.77,17,17,0,0.50,0.50,0.50,27.37,17,17,0,0.09,0.00,0.10,28.18,17,17,0,1.06,1.00,1.10,27.75,17,17,0,0.21,0.20,0.30,27.43,17,17,0
894979,0.36,0.30,0.40,28.17,17,17,0,514.08,509.70,519.40,23.97,17,0,0,0.34,0.30,0.40,27.78,17,17,0,0.50,0.50,0.50,27.37,17,17,0,0.09,0.00,0.10,28.17,17,17,0,1.07,1.00,1.10,27.74,17,17,0,0.21,0.20,0.30,27.45,17,17,0
895479,0.36,0.30,0.40,28.15,17,17,0,510.95,508.10,514.70,23.95,17,0,0,0.35,0.30,0.40,27.77,17,17,0,0.49,0.40,0.50,27.37,17,17,0,0.09,0.00,0.20,28.19,17,17,0,1.08,1.00,1.10,27.74,17,17,0,0.22,0.20,0.30,27.44,17,17,0
895983,0.36,0.30,0.40,28.16,17,17,0,509.86,507.00,514.70,23.96,17,0,0,0.34,0.30,0.40,27.78,17,17,0,0.49,0.40,0.50,27.38,17,17,0,0.11,0.10,0.20,28.18,17,17,0,1.08,1.00,1.10,27.74,17,17,0,0.24,0.20,0.30,27.43,17,17,0
896483,0.33,0.30,0.40,28.16,17,17,0,510.26,506.60,514.50,23.97,17,0,0,0.35,0.30,0.40,27.79,17,17,0,0.50,0.50,0.50,27.38,17,17,0,0.09,0.00,0.10,28.18,17,17,0,1.08,1.00,1.10,27.73,17,17,0,0.22,0.20,0.30,27.42,17,17,0
896988,0.35,0.30,0.40,28.15,17,17,0,509.61,506.20,514.00,23.96,17,0,0,0.34,0.30,0.40,27.79,17,17,0,0.50,0.40,0.60,27.39,17,17,0,0.09,0.00,0.10,28.18,17,17,0,1.08,1.00,1.10,27.73,17,17,0,0.22,0.20,0.30,27.44,17,17,0
897488,0.34,0.30,0.40,28.16,17,17,0,515.48,511.80,519.80,23.97,17,0,0,0.35,0.30,0.40,27.78,17,17,0,0.48,0.40,0.50,27.38,17,17,0,0.09,0.00,0.10,28.19,17,17,0,1.09,1.00,1.10,27.76,17,17,0,0.22,0.20,0.30,27.43,17,17,0
897991,0.36,0.30,0.40,28.16,17,17,0,517.41,514.10,520.20,23.95,17,0,0,0.33,0.30,0.40,27.79,17,17,0,0.50,0.50,0.50,27.38,17,17,0,0.09,0.00,0.10,28.17,17,17,0,1.07,1.00,1.10,27.74,17,17,0,0.23,0.20,0.30,27.43,17,17,0
898493,0.36,0.30,0.40,28.16,17,17,0,515.27,510.60,518.90,23.97,17,0,0,0.34,0.30,0.40,27.78,17,17,0,0.49,0.40,0.50,27.37,17,17,0,0.09,0.00,0.20,28.18,17,17,0,1.09,1.00,1.10,27.74,17,17,0,0.24,0.20,0.30,27.43,17,17,0
898993,0.34,0.30,0.40,28.16,17,17,0,511.98,509.30,518.30,23.95,17,0,0,0.36,0.30,0.40,27.78,17,17,0,0.51,0.50,0.60,27.39,17,17,0,0.09,0.00,0.10,28.20,17,17,0,1.09,1.00,1.10,27.73,17,17,0,0.22,0.20,0.30,27.42,17,17,0
899493,0.34,0.30,0.40,28.15,16,16,0,510.01,507.00,513.50,23.96,16,0,0,0.33,0.30,0.40,27.77,16,16,0,0.50,0.50,0.50,27.38,16,16,0,0.10,0.00,0.20,28.19,16,16,0,1.09,1.00,1.10,27.74,16,16,0,0.22,0.20,0.30,27.44,16,16,0
899993,0.34,0.30,0.40,28.18,17,17,0,508.99,505.90,513.60,23.94,17,0,0,0.36,0.30,0.40,27.78,17,17,0,0.50,0.50,0.50,27.37,17,17,0,0.09,0.00,0.10,28.18,17,17,0,1.09,1.00,1.10,27.74,17,17,0,0.22,0.20,0.30,27.43,17,17,0
900495,0.34,0.30,0.40,28.16,17,17,0,507.28,503.80,512.80,23.95,17,0,0,0.34,0.30,0.40,27.78,17,17,0,0.50,0.50,0.50,27.38,17,17,0,0.09,0.00,0.10,28.17,17,17,0,1.09,1.00,1.10,27.74,17,17,0,0.24,0.20,0.30,27.42,17,17,0
900995,0.36,0.30,0.40,28.17,17,17,0,513.03,508.10,517.20,23.96,17,0,0,0.35,0.30,0.40,27.79,17,17,0,0.49,0.40,0.60,27.38,17,17,0,0.10,0.10,0.10,28.19,17,17,0,1.07,1.00,1.10,27.73,17,17,0,0.21,0.20,0.30,27.44,17,17,0
901498,0.34,0.30,0.40,28.15,17,17,0,514.14,511.50,517.10,23.94,17,0,0,0.35,0.30,0.40,27.79,17,17,0,0.50,0.50,0.50,27.37,17,17,0,0.09,0.00,0.10,28.17,17,17,0,1.07,1.00,1.10,27.74,17,17,0,0.21,0.20,0.30,27.44,17,17,0
901998,0.36,0.30,0.40,28.15,17,17,0,510.41,506.70,515.20,23.95,17,0,0,0.34,0.30,0.40,27.79,17,17,0,0.49,0.40,0.50,27.39,17,17,0,0.08,0.00,0.10,28.19,17,17,0,1.08,1.00,1.10,27.74,17,17,0,0.22,0.20,0.30,27.44,17,17,0
902506,0.36,0.30,0.40,28.15,17,17,0,505.36,503.10,508.70,23.96,17,0,0,0.34,0.30,0.40,27.81,17,17,0,0.49,0.40,0.50,27.39,17,17,0,0.10,0.10,0.10,28.17,17,17,0,1.07,1.00,1.10,27.74,17,17,0,0.22,0.20,0.30,27.43,17,17,0
903006,0.35,0.30,0.40,28.16,17,17,0,503.13,500.00,506.60,23.96,17,0,0,0.35,0.30,0.40,27.78,17,17,0,0.50,0.50,0.50,27.38,17,17,0,0.09,0.00,0.10,28.19,17,17,0,1.09,1.00,1.10,27.74,17,17,0,0.22,0.20,0.30,27.44,17,17,0
903510,0.36,0.30,0.40,28.15,17,17,0,502.85,501.00,505.40,23.95,17,0,0,0.36,0.30,0.40,27.78,17,17,0,0.49,0.40,0.50,27.38,17,17,0,0.09,0.00,0.10,28.20,17,17,0,1.08,1.00,1.10,27.75,17,17,0,0.23,0.20,0.30,27.44,17,17,0
904014,0.35,0.30,0.40,28.15,17,17,0,501.46,498.10,505.00,23.95,17,0,0,0.36,0.30,0.40,27.78,17,17,0,0.50,0.50,0.50,27.39,17,17,0,0.09,0.00,0.10,28.18,17,17,0,1.09,1.00,1.10,27.73,17,17,0,0.22,0.20,0.30,27.44,17,17,0
904514,0.35,0.30,0.40,28.16,17,17,0,506.99,502.80,512.90,23.97,17,0,0,0.33,0.30,0.40,27.79,17,17,0,0.48,0.40,0.50,27.38,17,17,0,0.09,0.00,0.10,28.20,17,17,0,1.08,1.00,1.10,27.73,17,17,0,0.21,0.20,0.30,27.42,17,17,0
905022,0.36,0.30,0.40,28.16,17,17,0,509.88,506.70,512.80,23.94,17,0,0,0.35,0.30,0.40,27.78,17,17,0,0.50,0.50,0.50,27.40,17,17,0,0.08,0.00,0.10,28.18,17,17,0,1.08,1.00,1.10,27.74,17,17,0,0.22,0.20,0.30,27.44,17,17,0
905522,0.33,0.30,0.40,28.16,17,17,0,507.22,503.30,513.10,23.97,17,0,0,0.36,0.30,0.40,27.77,17,17,0,0.49,0.40,0.50,27.39,17,17,0,0.10,0.10,0.10,28.19,17,17,0,1.09,1.00,1.10,27.74,17,17,0,0.21,0.20,0.30,27.42,17,17,0
906030,0.34,0.30,0.40,28.16,17,17,0,503.26,499.70,506.50,23.96,17,0,0,0.35,0.30,0.40,27.77,17,17,0,0.49,0.40,0.60,27.39,17,17,0,0.10,0.10,0.10,28.18,17,17,0,1.07,1.00,1.10,27.74,17,17,0,0.21,0.20,0.30,27.42,17,17,0
906530,0.35,0.30,0.40,28.15,17,17,0,500.50,496.00,504.70,23.95,17,0,0,0.35,0.30,0.40,27.79,17,17,0,0.50,0.50,0.50,27.40,17,17,0,0.09,0.00,0.10,28.19,17,17,0,1.08,1.00,1.10,27.74,17,17,0,0.23,0.20,0.30,27.44,17,17,0
907030,0.34,0.30,0.40,28.16,17,17,0,499.46,496.50,503.20,23.95,17,0,0,0.35,0.30,0.40,27.80,17,17,0,0.49,0.40,0.50,27.39,17,17,0,0.09,0.00,0.10,28.18,17,17,0,1.09,1.00,1.10,27.74,17,17,0,0.22,0.20,0.30,27.44,17,17,0
907530,0.36,0.30,0.40,28.15,16,16,0,498.28,495.40,502.30,23.97,16,0,0,0.34,0.30,0.40,27.80,16,16,0,0.49,0.40,0.50,27.39,16,16,0,0.10,0.10,0.10,28.18,16,16,0,1.07,1.00,1.10,27.75,16,16,0,0.23,0.20,0.30,27.41,16,16,0
908030,0.35,0.30,0.40,28.17,17,17,0,502.21,497.20,506.40,23.98,17,0,0,0.32,0.30,0.40,27.79,17,17,0,0.49,0.40,0.50,27.39,17,17,0,0.09,0.00,0.10,28.19,17,17,0,1.07,1.00,1.10,27.76,17,17,0,0.23,0.20,0.30,27.44,17,17,0
908532,0.35,0.30,0.40,28.15,17,17,0,504.38,501.90,508.70,23.97,17,0,0,0.33,0.30,0.40,27.78,17,17,0,0.50,0.50,0.50,27.40,17,17,0,0.09,0.00,0.10,28.18,17,17,0,1.08,1.00,1.10,27.74,17,17,0,0.21,0.20,0.30,27.43,17,17,0
909032,0.35,0.30,0.40,28.16,17,17,0,500.98,497.20,504.00,23.97,17,0,0,0.33,0.30,0.40,27.78,17,17,0,0.50,0.50,0.50,27.38,17,17,0,0.09,0.00,0.10,28.20,17,17,0,1.08,1.00,1.10,27.76,17,17,0,0.23,0.20,0.30,27.44,17,17,0
909532,0.32,0.30,0.40,28.17,17,17,0,498.40,494.00,501.20,23.95,17,0,0,0.35,0.30,0.40,27.78,17,17,0,0.50,0.50,0.50,27.38,17,17,0,0.09,0.00,0.10,28.19,17,17,0,1.08,1.00,1.10,27.75,17,17,0,0.23,0.20,0.30,27.43,17,17,0
910032,0.33,0.30,0.40,28.16,17,17,0,495.00,491.60,498.80,23.96,17,0,0,0.36,0.30,0.40,27.78,17,17,0,0.50,0.50,0.50,27.39,17,17,0,0.09,0.00,0.10,28.20,17,17,0,1.08,1.00,1.10,27.75,17,17,0,0.23,0.20,0.30,27.41,17,17,0
910544,0.35,0.30,0.40,28.17,18,18,0,493.59,488.70,498.10,23.97,18,0,0,0.32,0.30,0.40,27.79,18,18,0,0.50,0.50,0.50,27.40,18,18,0,0.09,0.00,0.20,28.19,18,18,0,1.08,1.00,1.10,27.75,18,18,0,0.22,0.20,0.30,27.43,18,18,0
911044,0.35,0.30,0.40,28.18,16,16,0,493.48,490.60,496.20,23.96,16,0,0,0.34,0.30,0.40,27.79,16,16,0,0.50,0.50,0.50,27.38,16,16,0,0.10,0.10,0.10,28.19,16,16,0,1.06,1.00,1.10,27.74,16,16,0,0.21,0.20,0.30,27.45,16,16,0
911544,0.35,0.30,0.40,28.17,17,17,0,495.49,491.30,498.50,23.96,17,0,0,0.38,0.30,0.40,27.77,17,17,0,0.50,0.50,0.50,27.40,17,17,0,0.09,0.00,0.10,28.19,17,17,0,1.06,1.00,1.10,27.76,17,17,0,0.21,0.20,0.30,27.44,17,17,0
912046,0.33,0.30,0.40,28.16,16,16,0,498.22,494.80,502.10,23.97,16,0,0,0.32,0.30,0.40,27.77,16,16,0,0.49,0.40,0.50,27.38,16,16,0,0.09,0.00,0.10,28.19,16,16,0,1.08,1.00,1.10,27.75,16,16,0,0.21,0.20,0.30,27.45,16,16,0
912546,0.35,0.30,0.40,28.17,17,17,0,495.44,492.90,500.40,23.97,17,0,0,0.34,0.30,0.40,27.79,17,17,0,0.50,0.50,0.50,27.38,17,17,0,0.09,0.00,0.10,28.17,17,17,0,1.08,1.00,1.10,27.74,17,17,0,0.21,0.20,0.30,27.45,17,17,0
913046,0.36,0.30,0.40,28.17,17,17,0,493.33,490.60,497.10,23.97,17,0,0,0.34,0.30,0.40,27.78,17,17,0,0.50,0.40,0.60,27.40,17,17,0,0.10,0.10,0.10,28.17,17,17,0,1.08,1.00,1.10,27.74,17,17,0,0.21,0.20,0.30,27.45,17,17,0
913547,0.38,0.30,0.40,28.16,17,17,0,490.40,485.70,495.00,23.97,17,0,0,0.32,0.30,0.40,27.78,17,17,0,0.49,0.40,0.50,27.39,17,17,0,0.09,0.00,0.10,28.19,17,17,0,1.09,1.00,1.10,27.74,17,17,0,0.21,0.20,0.30,27.44,17,17,0
914047,0.34,0.30,0.40,28.15,17,17,0,489.80,486.30,494.10,23.96,17,0,0,0.34,0.30,0.40,27.78,17,17,0,0.50,0.50,0.50,27.39,17,17,0,0.09,0.00,0.10,28.19,17,17,0,1.08,1.00,1.10,27.75,17,17,0,0.22,0.20,0.30,27.43,17,17,0
914547,0.36,0.30,0.40,28.16,16,16,0,487.54,484.80,490.00,23.97,16,0,0,0.36,0.30,0.40,27.79,16,16,0,0.49,0.40,0.50,27.39,16,16,0,0.09,0.00,0.10,28.18,16,16,0,1.09,1.00,1.10,27.75,16,16,0,0.23,0.20,0.30,27.42,16,16,0
915050,0.36,0.30,0.40,28.18,17,17,0,490.84,486.00,495.00,23.96,17,0,0,0.35,0.30,0.40,27.79,17,17,0,0.49,0.40,0.50,27.38,17,17,0,0.10,0.00,0.20,28.19,17,17,0,1.07,1.00,1.10,27.75,17,17,0,0.21,0.20,0.30,27.43,17,17,0
915552,0.35,0.30,0.40,28.17,17,17,0,493.25,490.30,496.50,23.97,17,0,0,0.35,0.30,0.40,27.78,17,17,0,0.50,0.50,0.50,27.38,17,17,0,0.09,0.00,0.10,28.20,17,17,0,1.09,1.00,1.10,27.75,17,17,0,0.22,0.20,0.30,27.43,17,17,0
916052,0.35,0.30,0.40,28.17,17,17,0,490.84,487.10,495.30,23.98,17,0,0,0.35,0.30,0.40,27.79,17,17,0,0.49,0.40,0.50,27.38,17,17,0,0.09,0.00,0.10,28.18,17,17,0,1.06,1.00,1.10,27.75,17,17,0,0.23,0.20,0.30,27.43,17,17,0
916552,0.35,0.30,0.40,28.17,17,17,0,488.92,484.70,492.20,23.97,17,0,0,0.34,0.30,0.40,27.79,17,17,0,0.50,0.50,0.50,27.38,17,17,0,0.10,0.00,0.20,28.17,17,17,0,1.07,1.00,1.10,27.75,17,17,0,0.23,0.20,0.30,27.43,17,17,0
917052,0.35,0.30,0.40,28.16,17,17,0,486.51,483.70,489.00,23.95,17,0,0,0.35,0.30,0.40,27.78,17,17,0,0.51,0.50,0.60,27.37,17,17,0,0.09,0.00,0.20,28.20,17,17,0,1.09,1.00,1.10,27.75,17,17,0,0.21,0.20,0.30,27.43,17,17,0
917552,0.34,0.30,0.40,28.16,17,17,0,485.38,481.80,488.20,23.96,17,0,0,0.36,0.30,0.40,27.79,17,17,0,0.50,0.50,0.50,27.38,17,17,0,0.09,0.00,0.10,28.17,17,17,0,1.09,1.00,1.10,27.76,17,17,0,0.24,0.20,0.30,27.44,17,17,0
918059,0.34,0.30,0.40,28.17,17,17,0,484.78,482.10,488.60,23.96,17,0,0,0.35,0.30,0.40,27.80,17,17,0,0.50,0.50,0.50,27.38,17,17,0,0.09,0.00,0.10,28.18,17,17,0,1.07,1.00,1.10,27.75,17,17,0,0.23,0.20,0.30,27.45,17,17,0
918559,0.38,0.30,0.40,28.16,17,17,0,488.96,485.00,493.20,23.97,17,0,0,0.34,0.30,0.40,27.79,17,17,0,0.50,0.50,0.50,27.38,17,17,0,0.10,0.10,0.10,28.18,17,17,0,1.08,1.00,1.10,27.75,17,17,0,0.21,0.20,0.30,27.44,17,17,0
919062,0.36,0.30,0.40,28.18,17,17,0,491.68,489.00,494.70,23.97,17,0,0,0.34,0.30,0.40,27.79,17,17,0,0.49,0.40,0.50,27.40,17,17,0,0.09,0.00,0.10,28.19,17,17,0,1.08,1.00,1.10,27.74,17,17,0,0.22,0.20,0.30,27.44,17,17,0
919562,0.36,0.30,0.40,28.16,17,17,0,489.62,486.00,492.40,23.96,17,0,0,0.34,0.30,0.40,27.78,17,17,0,0.50,0.50,0.50,27.37,17,17,0,0.09,0.00,0.10,28.17,17,17,0,1.08,1.00,1.10,27.74,17,17,0,0.22,0.20,0.30,27.46,17,17,0
920074,0.33,0.30,0.40,28.17,18,18,0,487.69,484.40,493.10,23.97,18,0,0,0.36,0.30,0.40,27.80,18,18,0,0.49,0.40,0.50,27.40,18,18,0,0.10,0.10,0.10,28.18,18,18,0,1.08,1.00,1.10,27.74,18,18,0,0.22,0.20,0.30,27.45,18,18,0
920586,0.36,0.30,0.40,28.16,17,17,0,485.01,481.50,487.00,23.97,17,0,0,0.35,0.30,0.40,27.78,17,17,0,0.50,0.50,0.50,27.39,17,17,0,0.09,0.00,0.10,28.18,17,17,0,1.09,1.00,1.10,27.75,17,17,0,0.21,0.20,0.30,27.42,17,17,0
921086,0.34,0.30,0.40,28.17,17,17,0,483.92,481.00,487.90,23.98,17,0,0,0.35,0.30,0.40,27.79,17,17,0,0.50,0.50,0.50,27.39,17,17,0,0.10,0.10,0.10,28.18,17,17,0,1.08,1.00,1.10,27.76,17,17,0,0.20,0.20,0.20,27.44,17,17,0
921593,0.32,0.30,0.40,28.17,17,17,0,482.65,479.80,486.30,23.97,17,0,0,0.36,0.30,0.40,27.79,17,17,0,0.49,0.40,0.50,27.39,17,17,0,0.09,0.00,0.10,28.20,17,17,0,1.08,1.00,1.10,27.74,17,17,0,0.22,0.20,0.30,27.45,17,17,0
922093,0.35,0.30,0.40,28.15,17,17,0,487.40,482.70,492.60,23.97,17,0,0,0.36,0.30,0.40,27.80,17,17,0,0.51,0.50,0.60,27.38,17,17,0,0.09,0.00,0.10,28.20,17,17,0,1.08,1.00,1.10,27.76,17,17,0,0.21,0.20,0.30,27.42,17,17,0
922601,0.35,0.30,0.40,28.18,17,17,0,491.16,488.40,495.20,23.97,17,0,0,0.34,0.30,0.40,27.78,17,17,0,0.49,0.40,0.50,27.38,17,17,0,0.09,0.00,0.10,28.19,17,17,0,1.07,1.00,1.10,27.78,17,17,0,0.22,0.20,0.30,27.44,17,17,0
923107,0.36,0.30,0.40,28.16,17,17,0,489.57,486.40,494.50,23.97,17,0,0,0.34,0.30,0.40,27.79,17,17,0,0.50,0.50,0.50,27.39,17,17,0,0.10,0.10,0.10,28.18,17,17,0,1.08,1.00,1.10,27.73,17,17,0,0.22,0.20,0.30,27.44,17,17,0
923607,0.34,0.30,0.40,28.16,17,17,0,488.12,485.40,491.00,23.96,17,0,0,0.34,0.30,0.40,27.77,17,17,0,0.49,0.40,0.50,27.39,17,17,0,0.09,0.00,0.10,28.17,17,17,0,1.08,1.00,1.10,27.76,17,17,0,0.22,0.20,0.30,27.45,17,17,0
924110,0.36,0.30,0.40,28.17,17,17,0,485.38,482.10,488.80,23.97,17,0,0,0.35,0.30,0.40,27.79,17,17,0,0.50,0.50,0.50,27.39,17,17,0,0.09,0.00,0.10,28.19,17,17,0,1.08,1.00,1.10,27.75,17,17,0,0.21,0.20,0.30,27.42,17,17,0
924617,0.36,0.30,0.40,28.18,17,17,0,484.41,481.40,487.60,23.97,17,0,0,0.35,0.30,0.40,27.79,17,17,0,0.49,0.40,0.50,27.39,17,17,0,0.10,0.10,0.10,28.20,17,17,0,1.07,1.00,1.10,27.77,17,17,0,0.22,0.20,0.30,27.43,17,17,0
925117,0.34,0.30,0.40,28.16,17,17,0,482.92,479.70,487.40,23.96,17,0,0,0.35,0.30,0.40,27.77,17,17,0,0.49,0.40,0.50,27.40,17,17,0,0.09,0.00,0.10,28.21,17,17,0,1.07,1.00,1.10,27.76,17,17,0,0.24,0.20,0.30,27.44,17,17,0
925617,0.34,0.30,0.40,28.15,17,17,0,487.69,483.40,490.30,23.98,17,0,0,0.34,0.30,0.40,27.77,17,17,0,0.50,0.50,0.50,27.38,17,17,0,0.09,0.00,0.10,28.18,17,17,0,1.06,1.00,1.10,27.75,17,17,0,0.21,0.20,0.30,27.44,17,17,0
926117,0.35,0.30,0.40,28.17,17,17,0,491.49,488.00,494.60,23.97,17,0,0,0.35,0.30,0.40,27.80,17,17,0,0.50,0.50,0.50,27.39,17,17,0,0.09,0.00,0.10,28.18,17,17,0,1.06,1.00,1.10,27.75,17,17,0,0.23,0.20,0.30,27.45,17,17,0
926617,0.37,0.30,0.40,28.17,16,16,0,491.08,487.60,494.10,23.97,16,0,0,0.34,0.30,0.40,27.79,16,16,0,0.50,0.50,0.50,27.38,16,16,0,0.10,0.10,0.10,28.18,16,16,0,1.08,1.00,1.10,27.76,16,16,0,0.20,0.20,0.20,27.44,16,16,0
927117,0.34,0.30,0.40,28.18,17,17,0,488.24,484.20,492.60,23.95,17,0,0,0.36,0.30,0.40,27.79,17,17,0,0.50,0.50,0.50,27.40,17,17,0,0.09,0.00,0.10,28.17,17,17,0,1.08,1.00,1.10,27.77,17,17,0,0.21,0.20,0.30,27.42,17,17,0
927624,0.34,0.30,0.40,28.17,17,17,0,485.66,483.50,488.00,23.95,17,0,0,0.33,0.30,0.40,27.78,17,17,0,0.50,0.50,0.50,27.41,17,17,0,0.09,0.00,0.10,28.20,17,17,0,1.08,1.00,1.10,27.75,17,17,0,0.21,0.20,0.30,27.43,17,17,0
928124,0.36,0.30,0.40,28.17,17,17,0,484.25,480.20,488.30,23.96,17,0,0,0.34,0.30,0.40,27.81,17,17,0,0.50,0.50,0.50,27.39,17,17,0,0.09,0.00,0.10,28.19,17,17,0,1.09,1.00,1.10,27.75,17,17,0,0.21,0.20,0.30,27.43,17,17,0
928624,0.35,0.30,0.40,28.16,17,17,0,483.82,481.40,487.70,23.98,17,0,0,0.36,0.30,0.40,27.79,17,17,0,0.50,0.50,0.50,27.39,17,17,0,0.09,0.00,0.10,28.19,17,17,0,1.08,1.00,1.10,27.74,17,17,0,0.22,0.20,0.30,27.44,17,17,0
929125,0.35,0.30,0.40,28.17,17,17,0,487.35,483.60,491.50,23.95,17,0,0,0.33,0.30,0.40,27.78,17,17,0,0.50,0.50,0.50,27.38,17,17,0,0.10,0.10,0.10,28.19,17,17,0,1.08,1.00,1.10,27.76,17,17,0,0.22,0.20,0.30,27.44,17,17,0
929627,0.34,0.30,0.40,28.17,17,17,0,492.02,488.80,495.40,23.98,17,0,0,0.35,0.30,0.40,27.80,17,17,0,0.49,0.40,0.50,27.39,17,17,0,0.09,0.00,0.10,28.21,17,17,0,1.08,1.00,1.10,27.76,17,17,0,0.21,0.20,0.30,27.44,17,17,0
930127,0.33,0.30,0.40,28.15,17,17,0,491.78,485.20,497.00,23.97,17,0,0,0.35,0.30,0.40,27.79,17,17,0,0.50,0.50,0.50,27.40,17,17,0,0.09,0.00,0.10,28.18,17,17,0,1.08,1.00,1.10,27.74,17,17,0,0.20,0.20,0.20,27.45,17,17,0
930627,0.34,0.30,0.40,28.17,16,16,0,487.76,483.00,492.60,23.97,16,0,0,0.36,0.30,0.40,27.79,16,16,0,0.50,0.50,0.50,27.38,16,16,0,0.11,0.10,0.20,28.19,16,16,0,1.07,1.00,1.10,27.76,16,16,0,0.22,0.20,0.30,27.45,16,16,0
931127,0.33,0.30,0.40,28.18,16,16,0,485.43,483.20,487.60,23.97,16,0,0,0.37,0.30,0.40,27.78,16,16,0,0.50,0.50,0.50,27.39,16,16,0,0.09,0.00,0.10,28.19,16,16,0,1.08,1.00,1.10,27.77,16,16,0,0.23,0.20,0.30,27.44,16,16,0
931627,0.36,0.30,0.40,28.16,17,17,0,483.12,480.10,487.70,23.97,17,0,0,0.34,0.30,0.40,27.78,17,17,0,0.50,0.50,0.50,27.40,17,17,0,0.09,0.00,0.10,28.20,17,17,0,1.08,1.00,1.10,27.75,17,17,0,0.23,0.20,0.30,27.43,17,17,0
932129,0.36,0.30,0.40,28.16,17,17,0,483.98,481.10,487.10,23.97,17,0,0,0.35,0.30,0.40,27.79,17,17,0,0.50,0.50,0.50,27.39,17,17,0,0.09,0.00,0.10,28.19,17,17,0,1.07,1.00,1.10,27.75,17,17,0,0.22,0.20,0.30,27.44,17,17,0
932630,0.35,0.30,0.40,28.17,17,17,0,489.66,484.60,494.90,23.99,17,0,0,0.35,0.30,0.40,27.77,17,17,0,0.49,0.40,0.50,27.39,17,17,0,0.11,0.10,0.20,28.19,17,17,0,1.09,1.00,1.10,27.75,17,17,0,0.22,0.20,0.30,27.44,17,17,0
933133,0.36,0.30,0.40,28.19,17,17,0,494.47,490.30,498.50,23.96,17,0,0,0.34,0.30,0.40,27.79,17,17,0,0.49,0.40,0.50,27.38,17,17,0,0.10,0.10,0.10,28.20,17,17,0,1.08,1.00,1.20,27.76,17,17,0,0.24,0.20,0.30,27.45,17,17,0
933646,0.34,0.30,0.40,28.16,17,17,0,494.08,490.20,498.60,23.97,17,0,0,0.34,0.30,0.40,27.78,17,17,0,0.50,0.50,0.50,27.37,17,17,0,0.10,0.10,0.10,28.18,17,17,0,1.08,1.00,1.10,27.76,17,17,0,0.24,0.20,0.30,27.45,17,17,0
934146,0.35,0.30,0.40,28.17,17,17,0,488.69,483.70,494.70,23.95,17,0,0,0.36,0.30,0.40,27.79,17,17,0,0.50,0.50,0.50,27.37,17,17,0,0.09,0.00,0.10,28.20,17,17,0,1.08,1.00,1.10,27.76,17,17,0,0.23,0.20,0.30,27.46,17,17,0
934658,0.32,0.30,0.40,28.17,17,17,0,485.25,482.30,488.00,23.97,17,0,0,0.36,0.30,0.40,27.78,17,17,0,0.50,0.50,0.50,27.39,17,17,0,0.10,0.10,0.10,28.19,17,17,0,1.06,1.00,1.10,27.76,17,17,0,0.23,0.20,0.30,27.45,17,17,0
935158,0.36,0.30,0.40,28.16,17,17,0,484.96,482.10,488.00,23.98,17,0,0,0.35,0.30,0.40,27.79,17,17,0,0.50,0.50,0.50,27.40,17,17,0,0.09,0.00,0.10,28.20,17,17,0,1.09,1.00,1.10,27.76,17,17,0,0.21,0.20,0.30,27.44,17,17,0
935658,0.36,0.30,0.40,28.15,17,17,0,484.91,480.90,488.90,23.98,17,0,0,0.37,0.30,0.40,27.78,17,17,0,0.49,0.40,0.50,27.40,17,17,0,0.10,0.10,0.10,28.18,17,17,0,1.10,1.10,1.10,27.76,17,17,0,0.24,0.20,0.30,27.45,17,17,0
936159,0.37,0.30,0.40,28.15,17,17,0,490.11,485.60,493.30,23.96,17,0,0,0.34,0.30,0.40,27.79,17,17,0,0.50,0.50,0.50,27.40,17,17,0,0.09,0.00,0.10,28.18,17,17,0,1.09,1.00,1.10,27.75,17,17,0,0.20,0.20,0.20,27.43,17,17,0
936659,0.34,0.30,0.40,28.16,17,17,0,494.68,491.40,503.10,23.97,17,0,0,0.33,0.30,0.40,27.79,17,17,0,0.50,0.50,0.50,27.39,17,17,0,0.09,0.00,0.10,28.20,17,17,0,1.08,1.00,1.10,27.77,17,17,0,0.21,0.20,0.30,27.46,17,17,0
937162,0.36,0.30,0.40,28.18,17,17,0,495.28,490.10,499.40,23.97,17,0,0,0.34,0.30,0.40,27.78,17,17,0,0.50,0.50,0.50,27.39,17,17,0,0.10,0.00,0.20,28.21,17,17,0,1.07,1.00,1.10,27.76,17,17,0,0.25,0.20,0.30,27.44,17,17,0
937671,0.35,0.30,0.40,28.18,17,17,0,489.18,485.50,493.20,23.95,17,0,0,0.35,0.30,0.40,27.79,17,17,0,0.50,0.50,0.50,27.38,17,17,0,0.08,-0.10,0.10,28.19,17,17,0,1.08,1.00,1.10,27.77,17,17,0,0.24,0.20,0.30,27.45,17,17,0
938178,0.36,0.30,0.40,28.17,17,17,0,486.51,482.80,488.50,23.96,17,0,0,0.34,0.30,0.40,27.78,17,17,0,0.49,0.40,0.50,27.38,17,17,0,0.09,0.00,0.10,28.20,17,17,0,1.07,1.00,1.10,27.77,17,17,0,0.22,0.20,0.30,27.45,17,17,0
938685,0.34,0.30,0.40,28.17,17,17,0,485.52,482.90,488.30,23.97,17,0,0,0.36,0.30,0.40,27.77,17,17,0,0.49,0.40,0.50,27.39,17,17,0,0.08,0.00,0.10,28.18,17,17,0,1.08,1.00,1.10,27.76,17,17,0,0.20,0.20,0.20,27.45,17,17,0
939188,0.36,0.30,0.40,28.17,17,17,0,485.31,482.10,488.80,23.97,17,0,0,0.35,0.30,0.40,27.79,17,17,0,0.50,0.50,0.50,27.37,17,17,0,0.10,0.10,0.10,28.20,17,17,0,1.08,1.00,1.10,27.75,17,17,0,0.22,0.20,0.30,27.45,17,17,0
939689,0.34,0.30,0.40,28.15,17,17,0,489.36,483.10,493.20,23.98,17,0,0,0.35,0.30,0.40,27.77,17,17,0,0.50,0.50,0.50,27.39,17,17,0,0.09,0.00,0.10,28.17,17,17,0,1.08,1.00,1.10,27.77,17,17,0,0.21,0.20,0.30,27.45,17,17,0
940189,0.35,0.30,0.40,28.18,17,17,0,494.00,491.20,499.10,23.98,17,0,0,0.34,0.30,0.40,27.79,17,17,0,0.50,0.50,0.50,27.41,17,17,0,0.10,0.10,0.10,28.18,17,17,0,1.08,1.00,1.10,27.75,17,17,0,0.21,0.20,0.30,27.44,17,17,0
940695,0.35,0.30,0.40,28.17,17,17,0,491.52,486.60,496.20,23.97,17,0,0,0.34,0.30,0.40,27.79,17,17,0,0.50,0.50,0.50,27.38,17,17,0,0.09,0.00,0.10,28.20,17,17,0,1.08,1.00,1.10,27.76,17,17,0,0.21,0.20,0.30,27.46,17,17,0
941195,0.35,0.30,0.40,28.17,17,17,0,486.58,483.10,490.90,23.96,17,0,0,0.34,0.30,0.40,27.79,17,17,0,0.50,0.50,0.50,27.39,17,17,0,0.09,0.00,0.20,28.20,17,17,0,1.09,1.00,1.10,27.75,17,17,0,0.22,0.20,0.30,27.45,17,17,0
941698,0.34,0.30,0.40,28.14,17,17,0,483.90,480.50,487.50,23.98,17,0,0,0.34,0.30,0.40,27.80,17,17,0,0.50,0.50,0.50,27.40,17,17,0,0.09,0.00,0.10,28.19,17,17,0,1.08,1.00,1.10,27.76,17,17,0,0.22,0.20,0.30,27.43,17,17,0
942198,0.34,0.30,0.40,28.16,17,17,0,482.91,480.60,486.80,23.97,17,0,0,0.35,0.30,0.40,27.78,17,17,0,0.49,0.40,0.50,27.40,17,17,0,0.10,0.10,0.10,28.18,17,17,0,1.09,1.00,1.10,27.77,17,17,0,0.22,0.20,0.30,27.45,17,17,0
942698,0.36,0.30,0.40,28.18,17,17,0,483.77,481.40,486.80,23.98,17,0,0,0.35,0.30,0.40,27.80,17,17,0,0.50,0.50,0.50,27.39,17,17,0,0.10,0.10,0.10,28.19,17,17,0,1.08,1.00,1.10,27.77,17,17,0,0.21,0.20,0.30,27.45,17,17,0
943205,0.34,0.30,0.40,28.15,17,17,0,488.42,484.10,494.10,23.96,17,0,0,0.35,0.30,0.40,27.78,17,17,0,0.49,0.40,0.50,27.40,17,17,0,0.09,0.00,0.10,28.19,17,17,0,1.06,1.00,1.10,27.77,17,17,0,0.22,0.20,0.30,27.45,17,17,0
943705,0.35,0.30,0.40,28.17,17,17,0,492.55,488.80,496.20,23.96,17,0,0,0.35,0.30,0.40,27.78,17,17,0,0.49,0.40,0.50,27.39,17,17,0,0.09,0.00,0.10,28.18,17,17,0,1.08,1.00,1.10,27.76,17,17,0,0.22,0.20,0.30,27.44,17,17,0
944205,0.34,0.30,0.40,28.17,17,17,0,491.58,488.50,494.90,23.98,17,0,0,0.34,0.30,0.40,27.79,17,17,0,0.49,0.40,0.50,27.38,17,17,0,0.08,-0.10,0.10,28.19,17,17,0,1.07,1.00,1.10,27.76,17,17,0,0.22,0.20,0.30,27.44,17,17,0
944705,0.35,0.30,0.40,28.16,17,17,0,486.69,482.70,489.80,23.97,17,0,0,0.36,0.30,0.40,27.80,17,17,0,0.49,0.40,0.50,27.39,17,17,0,0.10,0.10,0.10,28.19,17,17,0,1.08,1.00,1.10,27.76,17,17,0,0.22,0.20,0.30,27.44,17,17,0
945205,0.34,0.30,0.40,28.18,17,17,0,484.38,480.90,488.50,23.97,17,0,0,0.35,0.30,0.40,27.78,17,17,0,0.49,0.40,0.50,27.39,17,17,0,0.09,0.00,0.10,28.19,17,17,0,1.08,1.00,1.10,27.77,17,17,0,0.22,0.20,0.30,27.45,17,17,0
945712,0.35,0.30,0.40,28.17,17,17,0,484.64,481.80,487.30,23.97,17,0,0,0.36,0.30,0.40,27.79,17,17,0,0.49,0.40,0.50,27.40,17,17,0,0.09,0.00,0.10,28.19,17,17,0,1.08,1.00,1.10,27.77,17,17,0,0.22,0.20,0.30,27.44,17,17,0
946212,0.33,0.30,0.40,28.16,17,17,0,485.36,482.50,490.30,23.98,17,0,0,0.33,0.30,0.40,27.79,17,17,0,0.50,0.40,0.60,27.38,17,17,0,0.09,0.00,0.10,28.21,17,17,0,1.06,1.00,1.10,27.76,17,17,0,0.20,0.20,0.20,27.45,17,17,0
946713,0.34,0.30,0.40,28.18,17,17,0,487.28,483.30,491.40,23.96,17,0,0,0.33,0.30,0.40,27.79,17,17,0,0.50,0.50,0.50,27.39,17,17,0,0.11,0.00,0.20,28.18,17,17,0,1.06,1.00,1.10,27.76,17,17,0,0.21,0.20,0.30,27.44,17,17,0
947224,0.34,0.30,0.40,28.16,18,18,0,491.61,488.30,494.90,23.97,18,0,0,0.36,0.30,0.40,27.78,18,18,0,0.49,0.40,0.50,27.39,18,18,0,0.09,0.00,0.10,28.20,18,18,0,1.08,1.00,1.10,27.78,18,18,0,0.23,0.20,0.30,27.45,18,18,0
947724,0.34,0.30,0.40,28.17,17,17,0,489.56,485.90,493.00,23.97,17,0,0,0.34,0.30,0.40,27.80,17,17,0,0.49,0.40,0.50,27.40,17,17,0,0.09,0.00,0.10,28.18,17,17,0,1.07,1.00,1.10,27.76,17,17,0,0.22,0.20,0.30,27.43,17,17,0
948224,0.37,0.30,0.40,28.17,17,17,0,486.27,483.10,491.70,23.97,17,0,0,0.33,0.30,0.40,27.79,17,17,0,0.50,0.50,0.50,27.41,17,17,0,0.08,0.00,0.20,28.18,17,17,0,1.09,1.00,1.10,27.77,17,17,0,0.21,0.20,0.30,27.45,17,17,0
948724,0.34,0.30,0.40,28.15,17,17,0,485.30,482.70,488.90,23.96,17,0,0,0.36,0.30,0.40,27.81,17,17,0,0.49,0.40,0.50,27.40,17,17,0,0.09,0.00,0.10,28.19,17,17,0,1.06,1.00,1.10,27.77,17,17,0,0.22,0.20,0.30,27.45,17,17,0
949224,0.37,0.30,0.40,28.17,16,16,0,485.17,481.80,489.00,23.97,16,0,0,0.36,0.30,0.40,27.80,16,16,0,0.49,0.40,0.50,27.39,16,16,0,0.09,0.00,0.10,28.20,16,16,0,1.08,1.00,1.10,27.75,16,16,0,0.21,0.10,0.30,27.45,16,16,0
949724,0.35,0.30,0.40,28.18,17,17,0,485.34,482.10,487.70,23.98,17,0,0,0.36,0.30,0.40,27.80,17,17,0,0.50,0.40,0.60,27.40,17,17,0,0.10,0.10,0.10,28.19,17,17,0,1.08,1.00,1.10,27.78,17,17,0,0.21,0.20,0.30,27.44,17,17,0
950224,0.36,0.30,0.40,28.16,16,16,0,487.64,483.40,491.60,23.96,16,0,0,0.35,0.30,0.40,27.81,16,16,0,0.48,0.40,0.50,27.41,16,16,0,0.10,0.10,0.10,28.19,16,16,0,1.08,1.00,1.10,27.76,16,16,0,0.21,0.20,0.30,27.46,16,16,0
950724,0.32,0.30,0.40,28.17,17,17,0,491.55,488.30,496.10,23.97,17,0,0,0.35,0.30,0.40,27.79,17,17,0,0.50,0.50,0.50,27.39,17,17,0,0.10,0.10,0.10,28.21,17,17,0,1.08,1.00,1.10,27.76,17,17,0,0.20,0.10,0.30,27.46,17,17,0
951224,0.35,0.30,0.40,28.18,17,17,0,490.55,487.30,494.40,23.97,17,0,0,0.35,0.30,0.40,27.81,17,17,0,0.50,0.50,0.50,27.40,17,17,0,0.09,0.00,0.10,28.20,17,17,0,1.07,1.00,1.10,27.76,17,17,0,0.22,0.20,0.30,27.45,17,17,0
951725,0.36,0.30,0.40,28.17,17,17,0,489.34,486.60,493.90,23.98,17,0,0,0.35,0.30,0.40,27.79,17,17,0,0.50,0.50,0.50,27.39,17,17,0,0.10,0.10,0.10,28.19,17,17,0,1.08,1.00,1.10,27.78,17,17,0,0.22,0.20,0.30,27.46,17,17,0
952225,0.34,0.30,0.40,28.18,17,17,0,488.63,484.70,492.20,23.97,17,0,0,0.34,0.30,0.40,27.78,17,17,0,0.50,0.50,0.50,27.38,17,17,0,0.10,0.10,0.10,28.18,17,17,0,1.06,1.00,1.10,27.75,17,17,0,0.22,0.20,0.30,27.46,17,17,0
952725,0.34,0.30,0.40,28.17,16,16,0,489.00,485.90,492.10,23.98,16,0,0,0.34,0.30,0.40,27.82,16,16,0,0.50,0.50,0.50,27.39,16,16,0,0.09,0.00,0.10,28.18,16,16,0,1.06,1.00,1.10,27.75,16,16,0,0.23,0.20,0.30,27.46,16,16,0
953225,0.34,0.30,0.40,28.17,17,17,0,489.98,486.50,495.30,23.96,17,0,0,0.36,0.30,0.40,27.80,17,17,0,0.50,0.50,0.50,27.40,17,17,0,0.09,0.00,0.10,28.20,17,17,0,1.06,1.00,1.10,27.75,17,17,0,0.21,0.20,0.30,27.45,17,17,0
953727,0.35,0.30,0.40,28.15,17,17,0,491.90,488.20,494.70,23.96,17,0,0,0.36,0.30,0.40,27.79,17,17,0,0.50,0.50,0.50,27.39,17,17,0,0.09,0.00,0.20,28.18,17,17,0,1.09,1.00,1.10,27.78,17,17,0,0.21,0.20,0.30,27.47,17,17,0
954227,0.35,0.30,0.40,28.18,17,17,0,495.49,492.50,498.30,23.96,17,0,0,0.32,0.30,0.40,27.78,17,17,0,0.50,0.50,0.50,27.41,17,17,0,0.08,0.00,0.10,28.18,17,17,0,1.08,1.00,1.10,27.75,17,17,0,0.23,0.20,0.30,27.45,17,17,0
954727,0.35,0.30,0.40,28.18,17,17,0,496.08,492.90,498.10,23.97,17,0,0,0.35,0.30,0.40,27.80,17,17,0,0.50,0.50,0.50,27.38,17,17,0,0.09,0.00,0.10,28.19,17,17,0,1.06,1.00,1.10,27.77,17,17,0,0.23,0.20,0.30,27.46,17,17,0
955228,0.34,0.30,0.40,28.16,17,17,0,496.24,492.50,501.00,23.98,17,0,0,0.33,0.30,0.40,27.78,17,17,0,0.50,0.50,0.50,27.41,17,17,0,0.09,0.00,0.10,28.20,17,17,0,1.07,1.00,1.10,27.75,17,17,0,0.21,0.20,0.30,27.46,17,17,0
955728,0.32,0.30,0.40,28.16,17,17,0,496.01,493.50,499.70,23.96,17,0,0,0.34,0.30,0.40,27.80,17,17,0,0.49,0.40,0.50,27.41,17,17,0,0.09,0.00,0.10,28.21,17,17,0,1.09,1.00,1.10,27.76,17,17,0,0.22,0.20,0.30,27.46,17,17,0
956228,0.34,0.30,0.40,28.17,17,17,0,496.18,493.40,500.30,23.97,17,0,0,0.36,0.30,0.40,27.80,17,17,0,0.50,0.50,0.50,27.40,17,17,0,0.08,-0.10,0.10,28.19,17,17,0,1.09,1.00,1.10,27.77,17,17,0,0.21,0.20,0.30,27.47,17,17,0
956738,0.34,0.30,0.40,28.16,17,17,0,496.46,493.90,500.50,23.96,17,0,0,0.35,0.30,0.40,27.77,17,17,0,0.49,0.40,0.50,27.40,17,17,0,0.09,0.00,0.10,28.22,17,17,0,1.09,1.00,1.10,27.77,17,17,0,0.24,0.20,0.30,27.46,17,17,0
957238,0.36,0.30,0.40,28.15,17,17,0,496.65,493.70,501.70,23.98,17,0,0,0.34,0.30,0.40,27.79,17,17,0,0.50,0.50,0.50,27.41,17,17,0,0.09,0.00,0.10,28.20,17,17,0,1.08,1.00,1.10,27.78,17,17,0,0.25,0.20,0.30,27.44,17,17,0
957740,0.35,0.30,0.40,28.16,17,17,0,501.87,497.80,505.90,23.96,17,0,0,0.37,0.30,0.40,27.79,17,17,0,0.49,0.40,0.50,27.41,17,17,0,0.11,0.10,0.20,28.21,17,17,0,1.08,1.00,1.10,27.76,17,17,0,0.21,0.20,0.30,27.45,17,17,0
958240,0.33,0.30,0.40,28.17,17,17,0,503.59,499.80,508.20,23.97,17,0,0,0.34,0.30,0.40,27.80,17,17,0,0.50,0.50,0.50,27.41,17,17,0,0.10,0.10,0.10,28.19,17,17,0,1.09,1.00,1.10,27.77,17,17,0,0.21,0.20,0.30,27.44,17,17,0
958743,0.34,0.30,0.40,28.16,17,17,0,502.75,500.20,506.90,23.96,17,0,0,0.34,0.30,0.40,27.80,17,17,0,0.50,0.50,0.50,27.41,17,17,0,0.09,0.00,0.10,28.19,17,17,0,1.07,1.00,1.10,27.76,17,17,0,0.22,0.20,0.30,27.44,17,17,0
959243,0.34,0.30,0.40,28.16,17,17,0,502.79,500.30,507.50,23.94,17,0,0,0.32,0.30,0.40,27.79,17,17,0,0.50,0.50,0.50,27.39,17,17,0,0.10,0.10,0.10,28.19,17,17,0,1.09,1.00,1.10,27.77,17,17,0,0.22,0.20,0.30,27.45,17,17,0
959743,0.37,0.30,0.40,28.17,17,17,0,503.58,500.20,508.60,23.97,17,0,0,0.31,0.30,0.40,27.80,17,17,0,0.50,0.50,0.50,27.40,17,17,0,0.10,0.10,0.10,28.21,17,17,0,1.08,1.00,1.10,27.78,17,17,0,0.22,0.20,0.30,27.46,17,17,0
960243,0.35,0.30,0.40,28.17,17,17,0,504.24,501.30,508.40,23.96,17,0,0,0.33,0.30,0.40,27.80,17,17,0,0.50,0.50,0.50,27.40,17,17,0,0.10,0.10,0.10,28.19,17,17,0,1.05,1.00,1.10,27.77,17,17,0,0.24,0.20,0.30,27.45,17,17,0
960743,0.37,0.30,0.40,28.17,16,16,0,503.79,500.20,509.20,23.97,16,0,0,0.33,0.30,0.40,27.82,16,16,0,0.50,0.50,0.50,27.40,16,16,0,0.09,0.00,0.10,28.19,16,16,0,1.07,1.00,1.10,27.77,16,16,0,0.23,0.20,0.30,27.44,16,16,0
961245,0.36,0.30,0.40,28.17,17,17,0,508.64,506.20,512.70,23.97,17,0,0,0.32,0.30,0.40,27.79,17,17,0,0.50,0.50,0.50,27.40,17,17,0,0.10,0.00,0.20,28.19,17,17,0,1.08,1.00,1.10,27.78,17,17,0,0.24,0.20,0.30,27.46,17,17,0
961745,0.34,0.30,0.40,28.18,17,17,0,509.35,506.80,512.10,23.95,17,0,0,0.33,0.30,0.40,27.80,17,17,0,0.50,0.50,0.50,27.40,17,17,0,0.09,0.00,0.10,28.19,17,17,0,1.08,1.00,1.10,27.78,17,17,0,0.22,0.20,0.30,27.45,17,17,0
962247,0.34,0.30,0.40,28.17,17,17,0,508.47,505.60,512.90,23.96,17,0,0,0.33,0.30,0.40,27.81,17,17,0,0.49,0.40,0.50,27.40,17,17,0,0.08,0.00,0.10,28.20,17,17,0,1.07,1.00,1.10,27.79,17,17,0,0.21,0.20,0.30,27.46,17,17,0
962747,0.35,0.30,0.40,28.16,17,17,0,508.69,504.40,513.00,23.96,17,0,0,0.35,0.30,0.40,27.79,17,17,0,0.49,0.40,0.50,27.39,17,17,0,0.09,0.00,0.10,28.19,17,17,0,1.08,1.00,1.10,27.77,17,17,0,0.23,0.20,0.30,27.46,17,17,0
963248,0.38,0.30,0.40,28.17,17,17,0,508.64,505.70,510.70,23.96,17,0,0,0.34,0.30,0.40,27.78,17,17,0,0.51,0.50,0.60,27.39,17,17,0,0.10,0.10,0.10,28.19,17,17,0,1.06,1.00,1.10,27.76,17,17,0,0.22,0.20,0.30,27.46,17,17,0
963748,0.35,0.30,0.40,28.17,17,17,0,508.75,507.10,513.20,23.96,17,0,0,0.31,0.30,0.40,27.79,17,17,0,0.49,0.40,0.50,27.41,17,17,0,0.10,0.10,0.10,28.19,17,17,0,1.07,1.00,1.10,27.77,17,17,0,0.20,0.20,0.20,27.47,17,17,0
964248,0.34,0.30,0.40,28.17,17,17,0,509.16,505.20,514.10,23.95,17,0,0,0.34,0.30,0.40,27.80,17,17,0,0.50,0.50,0.50,27.40,17,17,0,0.09,0.00,0.10,28.19,17,17,0,1.06,1.00,1.10,27.77,17,17,0,0.23,0.20,0.30,27.44,17,17,0
964757,0.36,0.30,0.40,28.18,17,17,0,335.28,285.40,443.80,23.97,17,0,0,0.35,0.30,0.40,27.81,17,17,0,0.50,0.50,0.50,27.41,17,17,0,0.09,0.00,0.10,28.21,17,17,0,1.08,1.00,1.10,27.77,17,17,0,0.23,0.20,0.30,27.45,17,17,0
965257,0.35,0.30,0.40,28.17,17,17,0,253.32,235.40,277.30,24.07,17,0,0,0.34,0.30,0.40,27.81,17,17,0,0.50,0.50,0.50,27.40,17,17,0,0.09,0.00,0.10,28.20,17,17,0,1.06,1.00,1.10,27.76,17,17,0,0.21,0.20,0.30,27.45,17,17,0
965759,0.34,0.30,0.40,28.17,17,17,0,214.09,201.30,230.40,24.13,17,0,0,0.35,0.30,0.40,27.80,17,17,0,0.49,0.40,0.50,27.40,17,17,0,0.10,0.10,0.10,28.22,17,17,0,1.08,1.00,1.10,27.77,17,17,0,0.21,0.20,0.30,27.44,17,17,0
966259,0.35,0.30,0.40,28.17,17,17,0,185.83,176.40,197.90,24.18,17,0,0,0.38,0.30,0.40,27.80,17,17,0,0.49,0.40,0.50,27.40,17,17,0,0.09,0.00,0.10,28.19,17,17,0,1.07,1.00,1.10,27.77,17,17,0,0.22,0.20,0.30,27.45,17,17,0
966768,0.35,0.30,0.40,28.18,17,17,0,162.56,153.10,171.90,24.24,17,0,0,0.35,0.30,0.40,27.81,17,17,0,0.50,0.50,0.50,27.39,17,17,0,0.09,0.00,0.10,28.18,17,17,0,1.06,1.00,1.10,27.76,17,17,0,0.21,0.20,0.30,27.47,17,17,0
967271,0.34,0.30,0.40,28.16,17,17,0,144.75,137.90,152.60,24.28,17,0,0,0.38,0.30,0.40,27.79,17,17,0,0.50,0.50,0.50,27.39,17,17,0,0.11,0.10,0.20,28.20,17,17,0,1.07,1.00,1.10,27.77,17,17,0,0.23,0.20,0.30,27.45,17,17,0
967771,0.35,0.30,0.40,28.16,17,17,0,130.06,124.90,136.60,24.31,17,0,0,0.34,0.30,0.40,27.78,17,17,0,0.49,0.40,0.50,27.42,17,17,0,0.11,0.10,0.20,28.19,17,17,0,1.08,1.00,1.10,27.78,17,17,0,0.22,0.20,0.30,27.46,17,17,0
968271,0.36,0.30,0.40,28.18,16,16,0,118.02,114.20,122.80,24.37,16,0,0,0.34,0.30,0.40,27.80,16,16,0,0.50,0.50,0.50,27.42,16,16,0,0.10,0.10,0.10,28.21,16,16,0,1.07,1.00,1.10,27.78,16,16,0,0.23,0.20,0.30,27.44,16,16,0
968771,0.35,0.30,0.40,28.18,17,17,0,107.92,104.40,112.40,24.42,17,0,0,0.35,0.30,0.40,27.81,17,17,0,0.51,0.50,0.60,27.41,17,17,0,0.09,0.00,0.10,28.19,17,17,0,1.08,1.00,1.10,27.78,17,17,0,0.23,0.20,0.30,27.45,17,17,0
969271,0.38,0.30,0.40,28.17,16,16,0,99.38,96.50,102.70,24.46,16,0,0,0.33,0.30,0.40,27.80,16,16,0,0.50,0.40,0.60,27.40,16,16,0,0.10,0.00,0.20,28.19,16,16,0,1.08,1.00,1.10,27.78,16,16,0,0.22,0.20,0.30,27.45,16,16,0
969771,0.34,0.30,0.40,28.18,17,17,0,92.13,89.20,95.40,24.49,17,0,0,0.35,0.30,0.40,27.80,17,17,0,0.50,0.50,0.50,27.40,17,17,0,0.08,0.00,0.10,28.20,17,17,0,1.08,1.00,1.10,27.78,17,17,0,0.22,0.20,0.30,27.45,17,17,0
970276,0.35,0.30,0.40,28.17,17,17,0,85.72,83.10,88.40,24.54,17,0,0,0.35,0.30,0.40,27.79,17,17,0,0.50,0.50,0.50,27.40,17,17,0,0.10,0.10,0.10,28.20,17,17,0,1.06,1.00,1.10,27.78,17,17,0,0.23,0.20,0.30,27.45,17,17,0
970776,0.36,0.30,0.40,28.16,17,17,0,80.14,78.20,82.40,24.58,17,0,0,0.36,0.30,0.40,27.81,17,17,0,0.49,0.40,0.50,27.40,17,17,0,0.09,0.00,0.10,28.21,17,17,0,1.06,1.00,1.10,27.77,17,17,0,0.23,0.20,0.30,27.44,17,17,0
971278,0.36,0.30,0.40,28.16,17,17,0,75.02,73.40,77.20,24.62,17,0,0,0.34,0.30,0.40,27.80,17,17,0,0.48,0.40,0.50,27.40,17,17,0,0.10,0.10,0.10,28.19,17,17,0,1.08,1.00,1.10,27.77,17,17,0,0.22,0.20,0.30,27.45,17,17,0
971790,0.35,0.30,0.40,28.17,17,17,0,70.61,68.80,72.70,24.66,17,0,0,0.33,0.30,0.40,27.79,17,17,0,0.49,0.40,0.50,27.41,17,17,0,0.10,0.10,0.10,28.18,17,17,0,1.06,1.00,1.10,27.77,17,17,0,0.21,0.20,0.30,27.46,17,17,0
972301,0.36,0.30,0.40,28.15,18,18,0,66.67,65.20,68.60,24.70,18,0,0,0.36,0.30,0.40,27.80,18,18,0,0.50,0.50,0.50,27.41,18,18,0,0.08,0.00,0.10,28.19,18,18,0,1.08,1.00,1.10,27.76,18,18,0,0.22,0.20,0.30,27.46,18,18,0
972806,0.32,0.30,0.40,28.18,17,17,0,63.13,62.00,64.70,24.73,17,0,0,0.37,0.30,0.40,27.81,17,17,0,0.49,0.40,0.50,27.42,17,17,0,0.09,0.00,0.10,28.19,17,17,0,1.08,1.00,1.10,27.77,17,17,0,0.23,0.20,0.30,27.45,17,17,0
973306,0.34,0.30,0.40,28.17,17,17,0,60.04,59.00,61.30,24.78,17,0,0,0.32,0.30,0.40,27.79,17,17,0,0.50,0.50,0.50,27.41,17,17,0,0.10,0.10,0.10,28.19,17,17,0,1.08,1.00,1.10,27.78,17,17,0,0.21,0.20,0.30,27.47,17,17,0
973806,0.35,0.30,0.40,28.17,17,17,0,57.31,55.80,59.20,24.79,17,0,0,0.34,0.30,0.40,27.80,17,17,0,0.49,0.40,0.50,27.40,17,17,0,0.09,0.00,0.10,28.19,17,17,0,1.07,1.00,1.10,27.79,17,17,0,0.21,0.20,0.30,27.46,17,17,0
974306,0.36,0.30,0.40,28.17,17,17,0,54.62,53.30,56.90,24.82,17,0,0,0.33,0.30,0.40,27.79,17,17,0,0.50,0.50,0.50,27.40,17,17,0,0.10,0.10,0.10,28.19,17,17,0,1.09,1.00,1.10,27.77,17,17,0,0.21,0.10,0.30,27.46,17,17,0
974806,0.36,0.30,0.40,28.17,17,17,0,52.38,51.30,53.40,24.87,17,0,0,0.35,0.30,0.40,27.81,17,17,0,0.50,0.50,0.50,27.40,17,17,0,0.09,0.00,0.10,28.20,17,17,0,1.07,1.00,1.10,27.78,17,17,0,0.23,0.20,0.30,27.45,17,17,0
975306,0.34,0.30,0.40,28.17,17,17,0,50.08,49.00,51.10,24.89,17,0,0,0.35,0.30,0.40,27.81,17,17,0,0.50,0.50,0.50,27.41,17,17,0,0.09,0.00,0.10,28.18,17,17,0,1.08,1.00,1.10,27.78,17,17,0,0.23,0.20,0.30,27.45,17,17,0
975806,0.36,0.30,0.40,28.17,17,17,0,48.19,46.90,49.30,24.95,17,0,0,0.35,0.30,0.40,27.80,17,17,0,0.50,0.50,0.50,27.41,17,17,0,0.11,0.10,0.20,28.19,17,17,0,1.07,1.00,1.10,27.77,17,17,0,0.22,0.20,0.30,27.47,17,17,0
976306,0.35,0.30,0.40,28.18,17,17,0,46.25,45.50,47.20,24.97,17,0,0,0.34,0.30,0.40,27.79,17,17,0,0.49,0.40,0.50,27.40,17,17,0,0.10,0.10,0.10,28.20,17,17,0,1.06,1.00,1.10,27.76,17,17,0,0.23,0.20,0.30,27.46,17,17,0
976806,0.35,0.30,0.40,28.17,18,18,0,44.42,43.50,45.40,24.99,18,0,0,0.34,0.30,0.40,27.80,18,18,0,0.50,0.50,0.50,27.39,18,18,0,0.10,0.00,0.20,28.20,18,18,0,1.07,1.00,1.10,27.78,18,18,0,0.23,0.20,0.30,27.46,18,18,0
977306,0.35,0.30,0.40,28.17,17,17,0,42.75,42.20,43.60,25.03,17,0,0,0.36,0.30,0.40,27.81,17,17,0,0.49,0.40,0.50,27.41,17,17,0,0.10,0.10,0.10,28.20,17,17,0,1.08,1.00,1.10,27.78,17,17,0,0.22,0.20,0.30,27.46,17,17,0
977806,0.36,0.30,0.40,28.19,17,17,0,41.25,39.90,42.50,25.05,17,0,0,0.35,0.30,0.40,27.81,17,17,0,0.50,0.50,0.50,27.40,17,17,0,0.09,0.00,0.10,28.19,17,17,0,1.08,1.00,1.10,27.76,17,17,0,0.20,0.20,0.20,27.45,17,17,0
978317,0.34,0.30,0.40,28.18,18,18,0,39.81,39.00,40.70,25.10,18,0,0,0.34,0.30,0.40,27.80,18,18,0,0.50,0.50,0.50,27.40,18,18,0,0.10,0.00,0.20,28.20,18,18,0,1.08,1.00,1.10,27.77,18,18,0,0.23,0.20,0.30,27.44,18,18,0
978824,0.34,0.30,0.40,28.16,17,17,0,38.39,37.20,39.10,25.13,17,0,0,0.36,0.30,0.40,27.80,17,17,0,0.49,0.40,0.50,27.42,17,17,0,0.09,0.00,0.10,28.20,17,17,0,1.06,1.00,1.10,27.78,17,17,0,0.22,0.20,0.30,27.45,17,17,0
979324,0.34,0.30,0.40,28.18,18,18,0,37.14,35.20,38.30,25.15,18,0,0,0.36,0.30,0.40,27.83,18,18,0,0.50,0.50,0.50,27.40,18,18,0,0.10,0.10,0.10,28.20,18,18,0,1.08,1.00,1.10,27.76,18,18,0,0.24,0.20,0.30,27.45,18,18,0
979824,0.34,0.30,0.40,28.18,17,17,0,35.91,33.60,37.90,25.17,17,0,0,0.34,0.30,0.40,27.80,17,17,0,0.50,0.50,0.50,27.41,17,17,0,0.09,0.00,0.10,28.21,17,17,0,1.09,1.00,1.10,27.78,17,17,0,0.23,0.20,0.30,27.47,17,17,0
980324,0.34,0.30,0.40,28.18,17,17,0,35.09,33.40,36.20,25.23,17,0,0,0.34,0.30,0.40,27.81,17,17,0,0.49,0.40,0.50,27.41,17,17,0,0.10,0.10,0.10,28.21,17,17,0,1.08,1.00,1.10,27.77,17,17,0,0.24,0.20,0.30,27.47,17,17,0
980836,0.35,0.30,0.40,28.17,18,18,0,34.13,32.90,35.30,25.22,18,0,0,0.36,0.30,0.40,27.80,18,18,0,0.50,0.50,0.50,27.40,18,18,0,0.10,0.10,0.10,28.20,18,18,0,1.08,1.00,1.10,27.77,18,18,0,0.22,0.20,0.30,27.45,18,18,0
981338,0.34,0.30,0.40,28.17,17,17,0,32.95,32.10,33.80,25.26,17,0,0,0.35,0.30,0.40,27.80,17,17,0,0.50,0.50,0.50,27.40,17,17,0,0.09,0.00,0.10,28.18,17,17,0,1.08,1.00,1.10,27.77,17,17,0,0.23,0.20,0.30,27.43,17,17,0
981838,0.36,0.30,0.40,28.17,18,18,0,31.77,29.90,32.90,25.29,18,0,0,0.34,0.30,0.40,27.80,18,18,0,0.49,0.40,0.50,27.40,18,18,0,0.09,0.00,0.10,28.19,18,18,0,1.07,1.00,1.10,27.78,18,18,0,0.22,0.20,0.30,27.46,18,18,0
982351,0.36,0.30,0.40,28.18,17,17,0,31.12,30.20,32.10,25.32,17,0,0,0.37,0.30,0.40,27.80,17,17,0,0.49,0.40,0.50,27.42,17,17,0,0.09,0.00,0.20,28.20,17,17,0,1.07,1.00,1.10,27.78,17,17,0,0.22,0.20,0.30,27.47,17,17,0
982852,0.33,0.30,0.40,28.19,17,17,0,30.08,29.20,30.90,25.35,17,0,0,0.35,0.30,0.40,27.80,17,17,0,0.49,0.40,0.50,27.40,17,17,0,0.09,0.00,0.10,28.20,17,17,0,1.06,1.00,1.10,27.79,17,17,0,0.24,0.20,0.30,27.45,17,17,0
983352,0.34,0.30,0.40,28.17,17,17,0,29.27,28.60,29.70,25.36,17,0,0,0.36,0.30,0.40,27.80,17,17,0,0.50,0.50,0.50,27.38,17,17,0,0.09,0.00,0.10,28.19,17,17,0,1.06,1.00,1.10,27.78,17,17,0,0.22,0.20,0.30,27.46,17,17,0
983852,0.36,0.30,0.40,28.17,17,17,0,29.42,27.30,31.90,25.38,17,0,0,0.34,0.30,0.40,27.79,17,17,0,0.49,0.40,0.50,27.41,17,17,0,0.10,0.10,0.10,28.20,17,17,0,1.06,1.00,1.10,27.78,17,17,0,0.22,0.20,0.30,27.46,17,17,0
984354,0.34,0.30,0.40,28.17,17,17,0,28.31,27.70,29.30,25.42,17,0,0,0.34,0.30,0.40,27.80,17,17,0,0.49,0.40,0.50,27.39,17,17,0,0.10,0.10,0.10,28.20,17,17,0,1.09,1.00,1.10,27.77,17,17,0,0.22,0.20,0.30,27.44,17,17,0
984855,0.35,0.30,0.40,28.19,17,17,0,27.55,26.60,28.90,25.45,17,0,0,0.36,0.30,0.40,27.79,17,17,0,0.51,0.50,0.60,27.41,17,17,0,0.09,0.00,0.10,28.21,17,17,0,1.09,1.00,1.10,27.77,17,17,0,0.23,0.20,0.30,27.47,17,17,0
985355,0.34,0.30,0.40,28.17,17,17,0,26.64,25.70,27.30,25.43,17,0,0,0.35,0.30,0.40,27.81,17,17,0,0.49,0.40,0.50,27.41,17,17,0,0.10,0.10,0.10,28.20,17,17,0,1.06,1.00,1.10,27.78,17,17,0,0.23,0.20,0.30,27.45,17,17,0
985855,0.35,0.30,0.40,28.19,18,18,0,25.68,24.30,27.00,25.48,18,0,0,0.37,0.30,0.40,27.82,18,18,0,0.50,0.50,0.50,27.41,18,18,0,0.09,0.00,0.10,28.19,18,18,0,1.10,1.00,1.20,27.77,18,18,0,0.23,0.20,0.30,27.46,18,18,0
986365,0.34,0.30,0.40,28.18,17,17,0,25.05,22.10,26.20,25.50,17,0,0,0.35,0.30,0.40,27.80,17,17,0,0.50,0.50,0.50,27.41,17,17,0,0.08,0.00,0.10,28.19,17,17,0,1.09,1.00,1.10,27.75,17,17,0,0.22,0.20,0.30,27.46,17,17,0
986869,0.35,0.30,0.40,28.18,17,17,0,24.78,23.80,26.70,25.52,17,0,0,0.35,0.30,0.40,27.80,17,17,0,0.50,0.50,0.50,27.41,17,17,0,0.09,0.00,0.10,28.21,17,17,0,1.09,1.00,1.10,27.76,17,17,0,0.22,0.20,0.30,27.45,17,17,0
987369,0.34,0.30,0.40,28.19,17,17,0,24.15,23.80,24.60,25.53,17,0,0,0.34,0.30,0.40,27.80,17,17,0,0.50,0.50,0.50,27.40,17,17,0,0.09,0.00,0.10,28.20,17,17,0,1.06,1.00,1.10,27.78,17,17,0,0.22,0.20,0.30,27.44,17,17,0
987869,0.35,0.30,0.40,28.17,17,17,0,23.46,22.50,24.00,25.56,17,0,0,0.36,0.30,0.40,27.79,17,17,0,0.50,0.50,0.50,27.40,17,17,0,0.09,0.00,0.10,28.19,17,17,0,1.09,1.00,1.10,27.78,17,17,0,0.22,0.20,0.30,27.48,17,17,0
988369,0.34,0.30,0.40,28.20,17,17,0,23.30,20.40,26.30,25.57,17,0,0,0.34,0.30,0.40,27.80,17,17,0,0.50,0.40,0.60,27.41,17,17,0,0.09,0.00,0.10,28.22,17,17,0,1.07,1.00,1.10,27.79,17,17,0,0.22,0.20,0.30,27.45,17,17,0
988869,0.34,0.30,0.40,28.20,16,16,0,22.59,21.50,23.50,25.61,16,0,0,0.35,0.30,0.40,27.80,16,16,0,0.49,0.40,0.50,27.41,16,16,0,0.09,0.00,0.10,28.20,16,16,0,1.06,1.00,1.10,27.79,16,16,0,0.22,0.20,0.30,27.46,16,16,0
989369,0.36,0.30,0.40,28.19,17,17,0,21.89,21.40,22.50,25.61,17,0,0,0.37,0.30,0.40,27.78,17,17,0,0.50,0.50,0.50,27.40,17,17,0,0.09,0.00,0.10,28.20,17,17,0,1.07,1.00,1.10,27.78,17,17,0,0.22,0.20,0.30,27.48,17,17,0
989869,0.36,0.30,0.40,28.18,17,17,0,21.55,21.10,22.30,25.65,17,0,0,0.35,0.30,0.40,27.82,17,17,0,0.50,0.50,0.50,27.41,17,17,0,0.09,0.00,0.10,28.20,17,17,0,1.09,1.00,1.10,27.78,17,17,0,0.24,0.20,0.30,27.45,17,17,0
990379,0.36,0.30,0.40,28.17,18,18,0,21.19,20.70,21.70,25.67,18,0,0,0.34,0.30,0.40,27.80,18,18,0,0.50,0.50,0.50,27.42,18,18,0,0.08,0.00,0.10,28.20,18,18,0,1.08,1.00,1.10,27.77,18,18,0,0.23,0.20,0.30,27.46,18,18,0
990879,0.37,0.30,0.40,28.18,17,17,0,20.85,20.50,21.10,25.70,17,0,0,0.36,0.30,0.40,27.80,17,17,0,0.50,0.50,0.50,27.40,17,17,0,0.11,0.10,0.20,28.19,17,17,0,1.06,1.00,1.10,27.78,17,17,0,0.22,0.20,0.30,27.48,17,17,0
991379,0.35,0.30,0.40,28.18,18,18,0,20.47,20.20,20.70,25.70,18,0,0,0.36,0.30,0.40,27.80,18,18,0,0.50,0.50,0.50,27.41,18,18,0,0.09,0.00,0.10,28.18,18,18,0,1.08,1.00,1.10,27.79,18,18,0,0.24,0.20,0.30,27.47,18,18,0
991881,0.36,0.30,0.40,28.19,17,17,0,20.15,19.30,21.80,25.71,17,0,0,0.37,0.30,0.40,27.79,17,17,0,0.49,0.40,0.50,27.41,17,17,0,0.09,0.00,0.10,28.20,17,17,0,1.06,1.00,1.10,27.78,17,17,0,0.22,0.20,0.30,27.45,17,17,0
992381,0.35,0.30,0.40,28.18,17,17,0,19.60,18.70,20.70,25.74,17,0,0,0.36,0.30,0.40,27.80,17,17,0,0.50,0.50,0.50,27.40,17,17,0,0.10,0.10,0.10,28.20,17,17,0,1.07,1.00,1.10,27.79,17,17,0,0.25,0.20,0.30,27.45,17,17,0
992881,0.35,0.30,0.40,28.19,17,17,0,19.31,18.90,19.60,25.75,17,0,0,0.36,0.30,0.40,27.79,17,17,0,0.50,0.50,0.50,27.41,17,17,0,0.09,0.00,0.10,28.19,17,17,0,1.06,1.00,1.10,27.78,17,17,0,0.24,0.20,0.30,27.47,17,17,0
993383,0.34,0.30,0.40,28.19,17,17,0,18.88,18.50,19.30,25.77,17,0,0,0.36,0.30,0.40,27.80,17,17,0,0.50,0.50,0.50,27.41,17,17,0,0.09,0.00,0.10,28.21,17,17,0,1.07,1.00,1.10,27.79,17,17,0,0.22,0.20,0.30,27.47,17,17,0
993883,0.36,0.30,0.40,28.18,18,18,0,18.50,18.10,19.00,25.77,18,0,0,0.36,0.30,0.40,27.82,18,18,0,0.50,0.50,0.50,27.41,18,18,0,0.09,0.00,0.10,28.20,18,18,0,1.08,1.00,1.10,27.79,18,18,0,0.23,0.20,0.30,27.47,18,18,0
994386,0.35,0.30,0.40,28.19,17,17,0,17.98,17.60,18.50,25.81,17,0,0,0.36,0.30,0.40,27.79,17,17,0,0.50,0.50,0.50,27.42,17,17,0,0.10,0.10,0.10,28.21,17,17,0,1.09,1.00,1.10,27.80,17,17,0,0.24,0.20,0.30,27.47,17,17,0
994886,0.34,0.30,0.40,28.19,17,17,0,17.64,17.40,18.00,25.82,17,0,0,0.36,0.30,0.40,27.81,17,17,0,0.49,0.40,0.50,27.41,17,17,0,0.10,0.10,0.10,28.21,17,17,0,1.07,1.00,1.10,27.81,17,17,0,0.22,0.20,0.30,27.45,17,17,0
995394,0.36,0.30,0.40,28.20,18,18,0,17.29,17.00,17.60,25.85,18,0,0,0.36,0.30,0.40,27.81,18,18,0,0.50,0.50,0.50,27.41,18,18,0,0.09,0.00,0.10,28.21,18,18,0,1.07,1.00,1.10,27.79,18,18,0,0.21,0.20,0.30,27.48,18,18,0
995894,0.35,0.30,0.40,28.19,17,17,0,16.95,16.60,17.20,25.85,17,0,0,0.35,0.30,0.40,27.82,17,17,0,0.49,0.40,0.50,27.40,17,17,0,0.09,0.00,0.10,28.22,17,17,0,1.08,1.00,1.10,27.80,17,17,0,0.22,0.20,0.30,27.47,17,17,0
996394,0.34,0.30,0.40,28.20,18,18,0,16.73,16.60,17.00,25.87,18,0,0,0.36,0.30,0.40,27.81,18,18,0,0.50,0.50,0.50,27.40,18,18,0,0.09,0.00,0.10,28.21,18,18,0,1.08,1.00,1.10,27.78,18,18,0,0.22,0.20,0.30,27.46,18,18,0
996894,0.34,0.30,0.40,28.19,16,16,0,16.57,16.30,16.80,25.91,16,0,0,0.36,0.30,0.40,27.79,16,16,0,0.49,0.40,0.50,27.41,16,16,0,0.10,0.10,0.10,28.21,16,16,0,1.06,1.00,1.10,27.78,16,16,0,0.21,0.20,0.30,27.47,16,16,0
997404,0.36,0.30,0.40,28.18,18,18,0,16.26,16.00,16.80,25.91,18,0,0,0.39,0.30,0.40,27.83,18,18,0,0.49,0.40,0.50,27.43,18,18,0,0.10,0.10,0.10,28.19,18,18,0,1.09,1.00,1.10,27.80,18,18,0,0.22,0.20,0.30,27.46,18,18,0
997904,0.38,0.30,0.40,28.19,17,17,0,16.03,15.70,16.30,25.93,17,0,0,0.35,0.30,0.40,27.81,17,17,0,0.49,0.40,0.50,27.40,17,17,0,0.09,0.00,0.10,28.20,17,17,0,1.08,1.00,1.10,27.80,17,17,0,0.21,0.20,0.30,27.48,17,17,0
998404,0.35,0.30,0.40,28.20,17,17,0,15.79,15.50,16.00,25.94,17,0,0,0.34,0.30,0.40,27.81,17,17,0,0.50,0.50,0.50,27.39,17,17,0,0.09,0.00,0.20,28.19,17,17,0,1.07,1.00,1.10,27.79,17,17,0,0.23,0.20,0.30,27.47,17,17,0
998904,0.35,0.30,0.40,28.19,17,17,0,15.46,15.20,15.80,25.96,17,0,0,0.35,0.30,0.40,27.81,17,17,0,0.50,0.50,0.50,27.42,17,17,0,0.09,0.00,0.10,28.21,17,17,0,1.08,1.00,1.10,27.78,17,17,0,0.22,0.20,0.30,27.45,17,17,0
999404,0.36,0.30,0.40,28.20,17,17,0,15.12,14.60,15.40,25.98,17,0,0,0.37,0.30,0.40,27.81,17,17,0,0.50,0.50,0.50,27.40,17,17,0,0.09,0.00,0.10,28.20,17,17,0,1.08,1.00,1.10,27.80,17,17,0,0.24,0.20,0.30,27.48,17,17,0
999917,0.37,0.30,0.40,28.19,18,18,0,14.92,14.50,15.50,25.98,18,0,0,0.34,0.30,0.40,27.81,18,18,0,0.50,0.50,0.50,27.40,18,18,0,0.11,0.00,0.20,28.20,18,18,0,1.07,1.00,1.10,27.79,18,18,0,0.20,0.20,0.20,27.47,18,18,0
1000417,0.36,0.30,0.40,28.20,18,18,0,14.77,14.40,15.30,26.00,18,0,0,0.37,0.30,0.40,27.81,18,18,0,0.50,0.50,0.50,27.40,18,18,0,0.09,0.00,0.10,28.21,18,18,0,1.07,1.00,1.10,27.78,18,18,0,0.22,0.20,0.30,27.48,18,18,0
1000928,0.36,0.30,0.40,28.19,17,17,0,14.66,14.10,15.00,26.02,17,0,0,0.35,0.30,0.40,27.80,17,17,0,0.49,0.40,0.50,27.40,17,17,0,0.09,0.00,0.10,28.21,17,17,0,1.09,1.00,1.10,27.78,17,17,0,0.23,0.20,0.30,27.46,17,17,0
1001441,0.35,0.30,0.40,28.18,18,18,0,14.39,14.00,14.80,26.03,18,0,0,0.37,0.30,0.40,27.80,18,18,0,0.50,0.50,0.50,27.41,18,18,0,0.10,0.10,0.10,28.21,18,18,0,1.09,1.00,1.10,27.78,18,18,0,0.23,0.20,0.30,27.47,18,18,0
1001941,0.34,0.30,0.40,28.20,17,17,0,13.82,4.30,18.10,26.03,17,0,0,0.36,0.30,0.40,27.81,17,17,0,0.50,0.50,0.50,27.41,17,17,0,0.09,0.00,0.10,28.20,17,17,0,1.07,1.00,1.10,27.79,17,17,0,0.24,0.20,0.30,27.47,17,17,0
1002441,0.34,0.30,0.40,28.20,17,17,0,13.44,10.50,16.50,26.05,17,0,0,0.36,0.30,0.40,27.80,17,17,0,0.50,0.50,0.50,27.40,17,17,0,0.09,0.00,0.10,28.20,17,17,0,1.08,1.00,1.10,27.80,17,17,0,0.23,0.20,0.30,27.48,17,17,0
1002941,0.35,0.30,0.40,28.20,17,17,0,13.21,12.20,14.30,26.06,17,0,0,0.38,0.30,0.40,27.81,17,17,0,0.50,0.50,0.50,27.41,17,17,0,0.09,0.00,0.10,28.21,17,17,0,1.06,1.00,1.10,27.79,17,17,0,0.24,0.20,0.30,27.48,17,17,0
1003453,0.38,0.30,0.40,28.19,18,18,0,13.15,12.60,13.50,26.06,18,0,0,0.33,0.30,0.40,27.81,18,18,0,0.50,0.50,0.50,27.41,18,18,0,0.08,0.00,0.10,28.21,18,18,0,1.07,1.00,1.10,27.80,18,18,0,0.24,0.20,0.30,27.48,18,18,0
1003953,0.34,0.30,0.40,28.19,17,17,0,12.88,12.40,13.40,26.08,17,0,0,0.32,0.30,0.40,27.81,17,17,0,0.50,0.50,0.50,27.41,17,17,0,0.09,0.00,0.10,28.20,17,17,0,1.09,1.00,1.10,27.79,17,17,0,0.21,0.20,0.30,27.46,17,17,0
1004453,0.35,0.30,0.40,28.20,17,17,0,12.54,12.30,12.80,26.10,17,0,0,0.36,0.30,0.40,27.82,17,17,0,0.50,0.50,0.50,27.39,17,17,0,0.09,0.00,0.10,28.20,17,17,0,1.08,1.00,1.10,27.79,17,17,0,0.22,0.20,0.30,27.47,17,17,0
1004957,0.35,0.30,0.40,28.22,17,17,0,12.29,11.60,12.90,26.12,17,0,0,0.35,0.30,0.40,27.81,17,17,0,0.50,0.50,0.50,27.40,17,17,0,0.09,0.00,0.20,28.21,17,17,0,1.08,1.00,1.10,27.80,17,17,0,0.23,0.20,0.30,27.47,17,17,0
1005457,0.35,0.30,0.40,28.22,17,17,0,11.55,8.40,12.20,26.12,17,0,0,0.36,0.30,0.40,27.81,17,17,0,0.50,0.50,0.50,27.41,17,17,0,0.09,0.00,0.10,28.22,17,17,0,1.08,1.00,1.10,27.78,17,17,0,0.23,0.20,0.30,27.48,17,17,0
1005957,0.35,0.30,0.40,28.18,17,17,0,225.78,8.90,384.80,26.07,17,0,0,0.34,0.30,0.40,27.81,17,17,0,0.49,0.40,0.50,27.42,17,17,0,0.09,0.00,0.10,28.20,17,17,0,1.08,1.00,1.10,27.80,17,17,0,0.22,0.20,0.30,27.47,17,17,0
1006457,0.34,0.30,0.40,28.20,17,17,0,367.31,354.10,384.00,25.45,17,0,0,0.34,0.30,0.40,27.81,17,17,0,0.50,0.50,0.50,27.41,17,17,0,0.11,0.10,0.20,28.19,17,17,0,1.09,1.00,1.10,27.78,17,17,0,0.21,0.20,0.30,27.46,17,17,0
1006957,0.35,0.30,0.40,28.20,17,17,0,355.76,349.60,359.00,25.03,17,0,0,0.34,0.30,0.40,27.81,17,17,0,0.51,0.50,0.60,27.41,17,17,0,0.09,0.00,0.10,28.21,17,17,0,1.08,1.00,1.10,27.80,17,17,0,0.23,0.20,0.30,27.50,17,17,0
1007470,0.36,0.30,0.40,28.20,18,18,0,364.04,353.50,371.40,24.85,18,0,0,0.34,0.30,0.40,27.81,18,18,0,0.50,0.50,0.50,27.40,18,18,0,0.11,0.10,0.20,28.21,18,18,0,1.07,1.00,1.10,27.80,18,18,0,0.22,0.20,0.30,27.47,18,18,0
1007970,0.34,0.30,0.40,28.20,17,17,0,378.01,368.50,390.30,24.72,17,0,0,0.36,0.30,0.40,27.79,17,17,0,0.50,0.50,0.50,27.41,17,17,0,0.09,0.00,0.10,28.21,17,17,0,1.08,1.00,1.10,27.79,17,17,0,0.21,0.20,0.30,27.46,17,17,0
1008470,0.37,0.30,0.40,28.19,16,16,0,407.01,394.40,416.90,24.60,16,0,0,0.35,0.30,0.40,27.82,16,16,0,0.50,0.50,0.50,27.40,16,16,0,0.10,0.10,0.10,28.20,16,16,0,1.09,1.00,1.10,27.79,16,16,0,0.21,0.20,0.30,27.46,16,16,0
1008970,0.35,0.30,0.40,28.19,17,17,0,428.76,417.60,437.10,24.56,17,0,0,0.35,0.30,0.40,27.82,17,17,0,0.49,0.40,0.50,27.41,17,17,0,0.09,0.00,0.10,28.22,17,17,0,1.08,1.00,1.10,27.80,17,17,0,0.21,0.20,0.30,27.48,17,17,0
1009472,0.36,0.30,0.40,28.21,17,17,0,450.93,439.10,461.70,24.49,17,0,0,0.33,0.30,0.40,27.82,17,17,0,0.50,0.50,0.50,27.41,17,17,0,0.10,0.10,0.10,28.21,17,17,0,1.06,1.00,1.10,27.79,17,17,0,0.23,0.20,0.30,27.47,17,17,0
1009972,0.35,0.30,0.40,28.21,17,17,0,478.45,465.80,490.00,24.43,17,0,0,0.37,0.30,0.40,27.82,17,17,0,0.49,0.40,0.50,27.41,17,17,0,0.09,0.00,0.10,28.20,17,17,0,1.05,1.00,1.10,27.79,17,17,0,0.22,0.20,0.30,27.48,17,17,0
1010472,0.33,0.30,0.40,28.21,17,17,0,510.88,493.70,526.50,24.40,17,0,0,0.34,0.30,0.40,27.81,17,17,0,0.50,0.50,0.50,27.41,17,17,0,0.09,0.00,0.10,28.21,17,17,0,1.09,1.00,1.10,27.79,17,17,0,0.24,0.20,0.30,27.47,17,17,0
1010973,0.36,0.30,0.40,28.20,17,17,0,538.06,527.00,546.10,24.33,17,0,0,0.36,0.30,0.40,27.82,17,17,0,0.51,0.50,0.60,27.41,17,17,0,0.11,0.10,0.20,28.21,17,17,0,1.08,1.00,1.10,27.79,17,17,0,0.22,0.20,0.30,27.48,17,17,0
1011477,0.35,0.30,0.40,28.19,17,17,0,553.33,546.20,560.80,24.28,17,0,0,0.34,0.30,0.40,27.80,17,17,0,0.50,0.50,0.50,27.42,17,17,0,0.10,0.10,0.10,28.21,17,17,0,1.07,1.00,1.10,27.77,17,17,0,0.23,0.20,0.30,27.47,17,17,0
1011978,0.34,0.30,0.40,28.19,17,17,0,573.26,561.80,582.70,24.27,17,0,0,0.37,0.30,0.40,27.81,17,17,0,0.50,0.50,0.50,27.43,17,17,0,0.10,0.10,0.10,28.21,17,17,0,1.09,1.00,1.10,27.80,17,17,0,0.22,0.20,0.30,27.47,17,17,0
1012478,0.35,0.30,0.40,28.20,17,17,0,597.17,584.80,605.90,24.25,17,0,0,0.35,0.30,0.40,27.82,17,17,0,0.51,0.50,0.60,27.43,17,17,0,0.10,0.00,0.20,28.22,17,17,0,1.08,1.00,1.10,27.79,17,17,0,0.23,0.20,0.30,27.48,17,17,0
1012978,0.34,0.30,0.40,28.21,17,17,0,622.96,608.00,632.40,24.20,17,0,0,0.35,0.30,0.40,27.80,17,17,0,0.50,0.50,0.50,27.41,17,17,0,0.08,0.00,0.10,28.21,17,17,0,1.08,1.00,1.10,27.81,17,17,0,0.23,0.20,0.30,27.47,17,17,0
1013479,0.35,0.30,0.40,28.19,17,17,0,639.28,635.10,644.20,24.17,17,0,0,0.38,0.30,0.40,27.81,17,17,0,0.50,0.50,0.50,27.41,17,17,0,0.10,0.10,0.10,28.21,17,17,0,1.08,1.00,1.10,27.79,17,17,0,0.22,0.20,0.30,27.48,17,17,0
1013979,0.36,0.30,0.40,28.21,17,17,0,649.52,642.80,656.10,24.17,17,0,0,0.36,0.30,0.40,27.81,17,17,0,0.49,0.40,0.50,27.40,17,17,0,0.09,0.00,0.10,28.20,17,17,0,1.08,1.00,1.10,27.80,17,17,0,0.21,0.20,0.30,27.47,17,17,0
1014479,0.37,0.30,0.40,28.19,18,18,0,662.89,656.20,669.70,24.13,18,0,0,0.36,0.30,0.40,27.82,18,18,0,0.50,0.50,0.50,27.42,18,18,0,0.10,0.10,0.10,28.20,18,18,0,1.08,1.00,1.10,27.80,18,18,0,0.22,0.20,0.30,27.50,18,18,0
1014985,0.35,0.30,0.40,28.21,17,17,0,679.76,671.00,689.10,24.13,17,0,0,0.35,0.30,0.40,27.81,17,17,0,0.50,0.50,0.50,27.42,17,17,0,0.10,0.10,0.10,28.20,17,17,0,1.05,1.00,1.10,27.80,17,17,0,0.21,0.20,0.30,27.48,17,17,0
1015485,0.35,0.30,0.40,28.22,17,17,0,697.68,689.90,702.60,24.13,17,0,0,0.36,0.30,0.40,27.81,17,17,0,0.50,0.50,0.50,27.41,17,17,0,0.10,0.10,0.10,28.21,17,17,0,1.09,1.00,1.10,27.80,17,17,0,0.23,0.20,0.30,27.47,17,17,0
1015985,0.35,0.30,0.40,28.21,17,17,0,702.12,698.80,704.40,24.10,17,0,0,0.35,0.30,0.40,27.81,17,17,0,0.49,0.40,0.50,27.41,17,17,0,0.09,0.00,0.10,28.21,17,17,0,1.09,1.00,1.10,27.79,17,17,0,0.21,0.20,0.30,27.48,17,17,0
1016485,0.36,0.30,0.40,28.20,17,17,0,703.33,700.80,706.00,24.09,17,0,0,0.34,0.30,0.40,27.81,17,17,0,0.50,0.50,0.50,27.40,17,17,0,0.10,0.10,0.10,28.19,17,17,0,1.09,1.00,1.10,27.80,17,17,0,0.22,0.20,0.30,27.48,17,17,0
1016985,0.32,0.30,0.40,28.21,17,17,0,708.92,705.40,712.80,24.07,17,0,0,0.37,0.30,0.40,27.81,17,17,0,0.49,0.40,0.50,27.41,17,17,0,0.10,0.10,0.10,28.20,17,17,0,1.07,1.00,1.10,27.79,17,17,0,0.21,0.20,0.30,27.48,17,17,0
1017491,0.36,0.30,0.40,28.19,17,17,0,718.07,711.30,726.50,24.09,17,0,0,0.35,0.30,0.40,27.82,17,17,0,0.50,0.50,0.50,27.41,17,17,0,0.09,0.00,0.10,28.21,17,17,0,1.09,1.00,1.10,27.81,17,17,0,0.24,0.20,0.30,27.47,17,17,0
1017991,0.36,0.30,0.40,28.20,17,17,0,725.85,722.00,729.20,24.07,17,0,0,0.36,0.30,0.40,27.81,17,17,0,0.50,0.50,0.50,27.40,17,17,0,0.09,0.00,0.10,28.20,17,17,0,1.08,1.00,1.10,27.81,17,17,0,0.21,0.20,0.30,27.47,17,17,0
1018491,0.38,0.30,0.40,28.19,17,17,0,726.62,720.40,731.90,24.04,17,0,0,0.36,0.30,0.40,27.82,17,17,0,0.50,0.50,0.50,27.43,17,17,0,0.08,0.00,0.20,28.22,17,17,0,1.08,1.00,1.10,27.79,17,17,0,0.21,0.10,0.30,27.48,17,17,0
1018991,0.35,0.30,0.40,28.21,17,17,0,727.12,723.30,729.80,24.06,17,0,0,0.36,0.30,0.40,27.82,17,17,0,0.50,0.40,0.60,27.40,17,17,0,0.09,0.00,0.20,28.21,17,17,0,1.05,1.00,1.10,27.79,17,17,0,0.21,0.20,0.30,27.49,17,17,0
1019491,0.35,0.30,0.40,28.21,17,17,0,729.42,726.30,732.40,24.03,17,0,0,0.35,0.30,0.40,27.81,17,17,0,0.50,0.50,0.50,27.41,17,17,0,0.10,0.10,0.10,28.22,17,17,0,1.09,1.00,1.10,27.79,17,17,0,0.21,0.20,0.30,27.47,17,17,0
1020000,0.33,0.30,0.40,28.19,18,18,0,736.52,729.20,740.40,24.02,18,0,0,0.36,0.30,0.40,27.82,18,18,0,0.50,0.50,0.50,27.41,18,18,0,0.09,0.00,0.20,28.21,18,18,0,1.09,1.00,1.10,27.80,18,18,0,0.22,0.20,0.30,27.47,18,18,0
1020500,0.35,0.30,0.40,28.19,17,17,0,737.16,734.80,739.10,24.03,17,0,0,0.34,0.30,0.40,27.81,17,17,0,0.50,0.50,0.50,27.41,17,17,0,0.09,0.00,0.10,28.22,17,17,0,1.09,1.00,1.10,27.79,17,17,0,0.22,0.20,0.30,27.49,17,17,0
1021000,0.36,0.30,0.40,28.21,17,17,0,734.77,731.00,737.90,24.00,17,0,0,0.36,0.30,0.40,27.83,17,17,0,0.49,0.40,0.50,27.42,17,17,0,0.10,0.10,0.10,28.22,17,17,0,1.09,1.00,1.10,27.80,17,17,0,0.24,0.20,0.30,27.48,17,17,0
1021500,0.35,0.30,0.40,28.20,17,17,0,734.60,732.00,738.20,24.03,17,0,0,0.36,0.30,0.40,27.81,17,17,0,0.49,0.40,0.50,27.42,17,17,0,0.11,0.10,0.20,28.20,17,17,0,1.08,1.00,1.10,27.79,17,17,0,0.23,0.20,0.30,27.47,17,17,0
1022000,0.35,0.30,0.40,28.21,17,17,0,735.63,731.70,738.50,24.01,17,0,0,0.35,0.30,0.40,27.82,17,17,0,0.49,0.40,0.50,27.41,17,17,0,0.09,0.00,0.20,28.20,17,17,0,1.08,1.00,1.10,27.80,17,17,0,0.22,0.20,0.30,27.48,17,17,0
1022513,0.38,0.30,0.40,28.20,18,18,0,743.03,722.40,758.50,24.02,18,0,0,0.34,0.30,0.40,27.82,18,18,0,0.50,0.50,0.50,27.41,18,18,0,0.10,0.10,0.10,28.21,18,18,0,1.08,1.00,1.10,27.79,18,18,0,0.25,0.20,0.30,27.50,18,18,0
1023013,0.35,0.30,0.40,28.21,17,17,0,742.56,735.10,748.80,24.01,17,0,0,0.34,0.30,0.40,27.82,17,17,0,0.50,0.50,0.50,27.42,17,17,0,0.10,0.00,0.20,28.21,17,17,0,1.09,1.00,1.10,27.80,17,17,0,0.22,0.20,0.30,27.49,17,17,0
1023513,0.36,0.30,0.40,28.21,17,17,0,739.51,736.10,743.50,24.01,17,0,0,0.36,0.30,0.40,27.82,17,17,0,0.50,0.50,0.50,27.41,17,17,0,0.09,0.00,0.10,28.20,17,17,0,1.08,1.00,1.10,27.80,17,17,0,0.23,0.20,0.30,27.49,17,17,0
1024013,0.36,0.30,0.40,28.21,17,17,0,739.35,735.00,743.20,24.00,17,0,0,0.36,0.30,0.40,27.81,17,17,0,0.49,0.40,0.50,27.41,17,17,0,0.10,0.00,0.20,28.21,17,17,0,1.08,1.00,1.10,27.81,17,17,0,0.22,0.20,0.30,27.48,17,17,0
1024513,0.34,0.30,0.40,28.20,17,17,0,744.24,738.30,756.70,23.99,17,0,0,0.36,0.30,0.40,27.82,17,17,0,0.49,0.40,0.50,27.42,17,17,0,0.09,0.00,0.10,28.21,17,17,0,1.07,1.00,1.10,27.80,17,17,0,0.24,0.20,0.30,27.49,17,17,0
1025013,0.34,0.30,0.40,28.18,17,17,0,749.94,745.60,755.40,24.00,17,0,0,0.35,0.30,0.40,27.80,17,17,0,0.50,0.50,0.50,27.41,17,17,0,0.10,0.10,0.10,28.22,17,17,0,1.07,1.00,1.10,27.80,17,17,0,0.23,0.20,0.30,27.47,17,17,0
1025513,0.37,0.30,0.40,28.20,17,17,0,746.11,741.50,749.20,24.00,17,0,0,0.35,0.30,0.40,27.81,17,17,0,0.49,0.40,0.50,27.41,17,17,0,0.10,0.10,0.10,28.21,17,17,0,1.08,1.00,1.10,27.78,17,17,0,0.22,0.20,0.30,27.49,17,17,0
1026013,0.36,0.30,0.40,28.21,17,17,0,743.78,738.50,747.60,24.01,17,0,0,0.36,0.30,0.40,27.80,17,17,0,0.49,0.40,0.50,27.42,17,17,0,0.11,0.10,0.20,28.22,17,17,0,1.08,1.00,1.10,27.79,17,17,0,0.22,0.20,0.30,27.49,17,17,0
1026513,0.34,0.30,0.40,28.21,17,17,0,742.72,740.30,745.30,23.97,17,0,0,0.38,0.30,0.40,27.82,17,17,0,0.49,0.40,0.50,27.42,17,17,0,0.09,0.00,0.10,28.22,17,17,0,1.06,1.00,1.10,27.79,17,17,0,0.21,0.20,0.30,27.47,17,17,0
1027013,0.34,0.30,0.40,28.20,16,16,0,746.60,742.00,752.50,24.00,16,0,0,0.34,0.30,0.40,27.82,16,16,0,0.50,0.50,0.50,27.41,16,16,0,0.09,0.00,0.10,28.20,16,16,0,1.09,1.00,1.10,27.81,16,16,0,0.21,0.20,0.30,27.48,16,16,0
1027513,0.34,0.30,0.40,28.20,17,17,0,749.86,746.50,752.60,24.00,17,0,0,0.37,0.30,0.40,27.81,17,17,0,0.50,0.50,0.50,27.41,17,17,0,0.10,0.10,0.10,28.23,17,17,0,1.08,1.00,1.10,27.80,17,17,0,0.21,0.20,0.30,27.48,17,17,0
1028013,0.35,0.30,0.40,28.20,17,17,0,745.89,739.60,749.70,23.98,17,0,0,0.36,0.30,0.40,27.82,17,17,0,0.48,0.40,0.50,27.41,17,17,0,0.09,0.00,0.10,28.21,17,17,0,1.08,1.00,1.10,27.80,17,17,0,0.22,0.20,0.30,27.49,17,17,0
1028513,0.35,0.30,0.40,28.19,17,17,0,741.56,738.60,744.30,23.98,17,0,0,0.36,0.30,0.40,27.82,17,17,0,0.50,0.50,0.50,27.41,17,17,0,0.09,0.00,0.10,28.22,17,17,0,1.07,1.00,1.10,27.81,17,17,0,0.25,0.20,0.30,27.49,17,17,0
1029013,0.36,0.30,0.40,28.21,17,17,0,741.68,739.80,743.70,23.97,17,0,0,0.35,0.30,0.40,27.82,17,17,0,0.49,0.40,0.50,27.42,17,17,0,0.09,0.00,0.10,28.23,17,17,0,1.08,1.00,1.10,27.79,17,17,0,0.21,0.20,0.30,27.48,17,17,0
1029513,0.35,0.30,0.40,28.19,17,17,0,748.65,743.60,754.30,23.99,17,0,0,0.35,0.30,0.40,27.81,17,17,0,0.50,0.50,0.50,27.42,17,17,0,0.10,0.10,0.10,28.24,17,17,0,1.09,1.00,1.10,27.80,17,17,0,0.22,0.20,0.30,27.47,17,17,0
1030013,0.36,0.30,0.40,28.21,17,17,0,749.49,745.60,752.70,23.97,17,0,0,0.36,0.30,0.40,27.81,17,17,0,0.49,0.40,0.50,27.41,17,17,0,0.10,0.00,0.20,28.22,17,17,0,1.08,1.00,1.10,27.80,17,17,0,0.22,0.20,0.30,27.49,17,17,0
1030513,0.35,0.30,0.40,28.22,17,17,0,744.80,742.10,747.50,23.96,17,0,0,0.37,0.30,0.40,27.81,17,17,0,0.49,0.40,0.50,27.42,17,17,0,0.10,0.10,0.10,28.23,17,17,0,1.06,1.00,1.10,27.79,17,17,0,0.20,0.20,0.20,27.49,17,17,0
1031013,0.35,0.30,0.40,28.19,17,17,0,743.54,742.20,745.60,23.97,17,0,0,0.37,0.30,0.40,27.82,17,17,0,0.50,0.50,0.50,27.41,17,17,0,0.10,0.10,0.10,28.22,17,17,0,1.08,1.00,1.10,27.81,17,17,0,0.21,0.20,0.30,27.48,17,17,0
1031513,0.35,0.30,0.40,28.21,17,17,0,744.61,739.30,747.90,23.98,17,0,0,0.36,0.30,0.40,27.80,17,17,0,0.49,0.40,0.50,27.43,17,17,0,0.10,0.10,0.10,28.21,17,17,0,1.07,1.00,1.10,27.81,17,17,0,0.20,0.20,0.20,27.49,17,17,0
1032025,0.36,0.30,0.40,28.21,18,18,0,752.38,750.10,755.00,23.96,18,0,0,0.36,0.30,0.40,27.82,18,18,0,0.50,0.40,0.60,27.42,18,18,0,0.10,0.10,0.10,28.21,18,18,0,1.10,1.10,1.10,27.81,18,18,0,0.23,0.20,0.30,27.48,18,18,0
1032525,0.36,0.30,0.40,28.21,17,17,0,745.44,738.80,751.00,23.97,17,0,0,0.35,0.30,0.40,27.82,17,17,0,0.50,0.50,0.50,27.43,17,17,0,0.10,0.10,0.10,28.21,17,17,0,1.08,1.00,1.10,27.80,17,17,0,0.22,0.20,0.30,27.47,17,17,0
1033038,0.34,0.30,0.40,28.21,18,18,0,737.11,732.90,740.30,23.95,18,0,0,0.36,0.30,0.40,27.81,18,18,0,0.50,0.40,0.60,27.41,18,18,0,0.09,0.00,0.10,28.23,18,18,0,1.09,1.00,1.10,27.81,18,18,0,0.21,0.20,0.30,27.48,18,18,0
1033538,0.35,0.30,0.40,28.21,17,17,0,734.41,731.80,738.00,23.97,17,0,0,0.34,0.30,0.40,27.82,17,17,0,0.49,0.40,0.50,27.42,17,17,0,0.10,0.00,0.20,28.23,17,17,0,1.07,1.00,1.10,27.80,17,17,0,0.22,0.20,0.30,27.47,17,17,0
1034041,0.35,0.30,0.40,28.21,17,17,0,742.95,736.30,747.50,23.96,17,0,0,0.34,0.30,0.40,27.80,17,17,0,0.50,0.40,0.60,27.41,17,17,0,0.10,0.00,0.20,28.23,17,17,0,1.08,1.00,1.10,27.81,17,17,0,0.22,0.20,0.30,27.51,17,17,0
1034541,0.34,0.30,0.40,28.21,17,17,0,748.49,744.20,750.80,23.96,17,0,0,0.35,0.30,0.40,27.82,17,17,0,0.49,0.40,0.50,27.42,17,17,0,0.09,0.00,0.10,28.22,17,17,0,1.06,1.00,1.10,27.80,17,17,0,0.22,0.20,0.30,27.47,17,17,0
1035041,0.34,0.30,0.40,28.22,17,17,0,740.82,737.70,745.60,23.95,17,0,0,0.35,0.30,0.40,27.81,17,17,0,0.49,0.40,0.50,27.43,17,17,0,0.09,0.00,0.10,28.22,17,17,0,1.08,1.00,1.10,27.82,17,17,0,0.24,0.20,0.30,27.49,17,17,0
1035541,0.35,0.30,0.40,28.20,17,17,0,735.63,732.50,739.60,23.95,17,0,0,0.34,0.30,0.40,27.81,17,17,0,0.49,0.40,0.50,27.41,17,17,0,0.10,0.10,0.10,28.21,17,17,0,1.08,1.00,1.10,27.79,17,17,0,0.21,0.20,0.30,27.47,17,17,0
1036041,0.36,0.30,0.40,28.21,17,17,0,736.34,731.40,739.00,23.96,17,0,0,0.36,0.30,0.40,27.82,17,17,0,0.49,0.40,0.50,27.42,17,17,0,0.11,0.10,0.20,28.22,17,17,0,1.08,1.00,1.10,27.80,17,17,0,0.21,0.20,0.30,27.49,17,17,0
1036541,0.35,0.30,0.40,28.22,17,17,0,745.67,741.40,750.20,23.96,17,0,0,0.34,0.30,0.40,27.82,17,17,0,0.50,0.50,0.50,27.41,17,17,0,0.09,0.00,0.10,28.21,17,17,0,1.08,1.00,1.10,27.80,17,17,0,0.21,0.20,0.30,27.49,17,17,0
1037041,0.35,0.30,0.40,28.22,17,17,0,746.59,742.40,750.80,23.96,17,0,0,0.33,0.30,0.40,27.81,17,17,0,0.49,0.40,0.50,27.42,17,17,0,0.09,0.00,0.10,28.22,17,17,0,1.09,1.00,1.10,27.79,17,17,0,0.22,0.20,0.30,27.49,17,17,0
1037541,0.34,0.30,0.40,28.21,17,17,0,737.62,734.50,742.30,23.95,17,0,0,0.34,0.30,0.40,27.80,17,17,0,0.50,0.50,0.50,27.44,17,17,0,0.10,0.10,0.10,28.23,17,17,0,1.08,1.00,1.10,27.80,17,17,0,0.22,0.20,0.30,27.49,17,17,0
1038049,0.34,0.30,0.40,28.20,18,18,0,736.37,733.50,739.90,23.96,18,0,0,0.36,0.30,0.40,27.82,18,18,0,0.50,0.50,0.50,27.44,18,18,0,0.09,0.00,0.10,28.22,18,18,0,1.09,1.00,1.10,27.80,18,18,0,0.23,0.20,0.30,27.50,18,18,0
1038549,0.35,0.30,0.40,28.21,17,17,0,740.54,735.40,745.50,23.94,17,0,0,0.34,0.30,0.40,27.81,17,17,0,0.50,0.50,0.50,27.42,17,17,0,0.10,0.10,0.10,28.22,17,17,0,1.08,1.00,1.10,27.81,17,17,0,0.22,0.20,0.30,27.49,17,17,0
1039049,0.36,0.30,0.40,28.20,17,17,0,747.68,744.80,752.50,23.95,17,0,0,0.35,0.30,0.40,27.82,17,17,0,0.50,0.50,0.50,27.41,17,17,0,0.09,0.00,0.10,28.22,17,17,0,1.07,1.00,1.10,27.82,17,17,0,0.22,0.20,0.30,27.49,17,17,0
1039549,0.34,0.30,0.40,28.19,17,17,0,741.92,735.10,746.10,23.95,17,0,0,0.36,0.30,0.40,27.82,17,17,0,0.50,0.50,0.50,27.42,17,17,0,0.09,0.00,0.10,28.23,17,17,0,1.04,1.00,1.10,27.80,17,17,0,0.22,0.20,0.30,27.49,17,17,0
1040052,0.35,0.30,0.40,28.21,17,17,0,735.37,730.90,741.50,23.95,17,0,0,0.35,0.30,0.40,27.81,17,17,0,0.50,0.50,0.50,27.43,17,17,0,0.10,0.10,0.10,28.24,17,17,0,1.06,1.00,1.10,27.79,17,17,0,0.23,0.20,0.30,27.48,17,17,0
1040552,0.33,0.30,0.40,28.19,17,17,0,734.63,731.00,739.30,23.94,17,0,0,0.36,0.30,0.40,27.82,17,17,0,0.50,0.50,0.50,27.41,17,17,0,0.11,0.10,0.20,28.22,17,17,0,1.07,1.00,1.10,27.81,17,17,0,0.21,0.20,0.30,27.48,17,17,0
1041054,0.36,0.30,0.40,28.19,17,17,0,741.24,734.60,748.50,23.95,17,0,0,0.34,0.30,0.40,27.82,17,17,0,0.50,0.50,0.50,27.40,17,17,0,0.09,0.00,0.10,28.21,17,17,0,1.06,1.00,1.10,27.81,17,17,0,0.24,0.20,0.30,27.48,17,17,0
1041554,0.35,0.30,0.40,28.22,17,17,0,743.06,737.90,746.00,23.94,17,0,0,0.34,0.30,0.40,27.81,17,17,0,0.50,0.50,0.50,27.41,17,17,0,0.09,0.00,0.10,28.22,17,17,0,1.08,1.00,1.10,27.81,17,17,0,0.24,0.20,0.30,27.50,17,17,0
1042054,0.35,0.30,0.40,28.20,17,17,0,737.80,732.70,742.10,23.95,17,0,0,0.34,0.30,0.40,27.80,17,17,0,0.50,0.50,0.50,27.41,17,17,0,0.09,0.00,0.10,28.22,17,17,0,1.06,1.00,1.10,27.81,17,17,0,0.22,0.20,0.30,27.48,17,17,0
1042554,0.32,0.30,0.40,28.21,17,17,0,734.12,731.60,739.40,23.94,17,0,0,0.35,0.30,0.40,27.82,17,17,0,0.50,0.50,0.50,27.42,17,17,0,0.09,0.00,0.10,28.21,17,17,0,1.08,1.00,1.10,27.79,17,17,0,0.22,0.20,0.30,27.49,17,17,0
1043058,0.36,0.30,0.40,28.22,17,17,0,733.63,730.00,736.40,23.95,17,0,0,0.34,0.30,0.40,27.81,17,17,0,0.49,0.40,0.50,27.42,17,17,0,0.09,0.00,0.10,28.22,17,17,0,1.08,1.00,1.10,27.82,17,17,0,0.23,0.20,0.30,27.47,17,17,0
1043561,0.36,0.30,0.40,28.21,17,17,0,741.67,736.20,744.60,23.95,17,0,0,0.36,0.30,0.40,27.83,17,17,0,0.49,0.40,0.50,27.43,17,17,0,0.09,0.00,0.10,28.21,17,17,0,1.06,1.00,1.10,27.80,17,17,0,0.25,0.20,0.30,27.49,17,17,0
1044061,0.34,0.30,0.40,28.21,17,17,0,741.06,736.10,745.80,23.96,17,0,0,0.36,0.30,0.40,27.81,17,17,0,0.50,0.50,0.50,27.41,17,17,0,0.10,0.10,0.10,28.21,17,17,0,1.10,1.10,1.10,27.80,17,17,0,0.23,0.20,0.30,27.47,17,17,0
1044561,0.34,0.30,0.40,28.20,17,17,0,739.07,726.00,749.80,23.95,17,0,0,0.38,0.30,0.40,27.83,17,17,0,0.50,0.50,0.50,27.41,17,17,0,0.10,0.10,0.10,28.22,17,17,0,1.06,1.00,1.10,27.79,17,17,0,0.22,0.20,0.30,27.49,17,17,0
1045074,0.36,0.30,0.40,28.20,18,18,0,739.48,734.50,745.00,23.94,18,0,0,0.37,0.30,0.40,27.82,18,18,0,0.50,0.50,0.50,27.43,18,18,0,0.10,0.10,0.10,28.21,18,18,0,1.07,1.00,1.10,27.79,18,18,0,0.23,0.20,0.30,27.49,18,18,0
1045574,0.35,0.30,0.40,28.22,17,17,0,742.52,738.80,747.90,23.94,17,0,0,0.38,0.30,0.40,27.82,17,17,0,0.50,0.50,0.50,27.42,17,17,0,0.08,0.00,0.10,28.22,17,17,0,1.09,1.00,1.10,27.80,17,17,0,0.22,0.20,0.30,27.48,17,17,0
1046076,0.34,0.30,0.40,28.22,17,17,0,747.89,746.20,750.00,23.93,17,0,0,0.37,0.30,0.40,27.82,17,17,0,0.50,0.50,0.50,27.42,17,17,0,0.10,0.00,0.20,28.22,17,17,0,1.08,1.00,1.10,27.81,17,17,0,0.23,0.20,0.30,27.48,17,17,0
1046576,0.36,0.30,0.40,28.22,17,17,0,748.85,746.40,750.50,23.94,17,0,0,0.36,0.30,0.40,27.81,17,17,0,0.50,0.50,0.50,27.41,17,17,0,0.09,0.00,0.10,28.22,17,17,0,1.07,1.00,1.10,27.80,17,17,0,0.23,0.20,0.30,27.48,17,17,0
1047076,0.36,0.30,0.40,28.22,17,17,0,748.18,745.10,750.10,23.95,17,0,0,0.36,0.30,0.40,27.83,17,17,0,0.49,0.40,0.50,27.42,17,17,0,0.09,0.00,0.10,28.24,17,17,0,1.07,1.00,1.10,27.79,17,17,0,0.23,0.20,0.30,27.48,17,17,0
1047589,0.37,0.30,0.40,28.21,18,18,0,750.03,747.10,752.90,23.94,18,0,0,0.33,0.30,0.40,27.83,18,18,0,0.49,0.40,0.50,27.44,18,18,0,0.09,0.00,0.10,28.21,18,18,0,1.09,1.00,1.10,27.81,18,18,0,0.21,0.20,0.30,27.50,18,18,0
1048089,0.38,0.30,0.40,28.20,17,17,0,752.86,747.80,757.60,23.92,17,0,0,0.34,0.30,0.40,27.82,17,17,0,0.50,0.50,0.50,27.41,17,17,0,0.09,0.00,0.10,28.24,17,17,0,1.08,1.00,1.10,27.81,17,17,0,0.21,0.20,0.30,27.51,17,17,0
1048589,0.36,0.30,0.40,28.21,18,18,0,757.26,754.50,761.30,23.93,18,0,0,0.36,0.30,0.40,27.81,18,18,0,0.50,0.50,0.50,27.40,18,18,0,0.09,0.00,0.10,28.23,18,18,0,1.09,1.00,1.10,27.79,18,18,0,0.23,0.20,0.30,27.48,18,18,0
1049089,0.32,0.30,0.40,28.21,16,16,0,757.14,752.80,761.50,23.90,16,0,0,0.35,0.30,0.40,27.82,16,16,0,0.49,0.40,0.50,27.42,16,16,0,0.10,0.10,0.10,28.24,16,16,0,1.08,1.00,1.10,27.80,16,16,0,0.23,0.20,0.30,27.49,16,16,0
1049589,0.35,0.30,0.40,28.22,17,17,0,757.46,754.80,760.20,23.90,17,0,0,0.38,0.30,0.40,27.83,17,17,0,0.49,0.40,0.50,27.43,17,17,0,0.10,0.10,0.10,28.22,17,17,0,1.08,1.00,1.10,27.80,17,17,0,0.25,0.20,0.30,27.48,17,17,0
1050089,0.34,0.30,0.40,28.21,17,17,0,760.40,757.20,764.40,23.92,17,0,0,0.38,0.30,0.40,27.83,17,17,0,0.50,0.50,0.50,27.42,17,17,0,0.09,0.00,0.10,28.22,17,17,0,1.08,1.00,1.10,27.79,17,17,0,0.22,0.20,0.30,27.48,17,17,0
1050594,0.34,0.30,0.40,28.21,17,17,0,768.69,761.70,773.40,23.91,17,0,0,0.36,0.30,0.40,27.81,17,17,0,0.51,0.50,0.60,27.44,17,17,0,0.09,0.00,0.10,28.23,17,17,0,1.08,1.00,1.10,27.81,17,17,0,0.24,0.20,0.30,27.50,17,17,0
1051107,0.35,0.30,0.40,28.21,18,18,0,771.36,765.20,779.90,23.92,18,0,0,0.36,0.30,0.40,27.81,18,18,0,0.49,0.40,0.50,27.42,18,18,0,0.08,0.00,0.10,28.20,18,18,0,1.08,1.00,1.10,27.81,18,18,0,0.21,0.20,0.30,27.49,18,18,0
1051607,0.35,0.30,0.40,28.21,17,17,0,771.98,769.20,774.30,23.91,17,0,0,0.36,0.30,0.40,27.81,17,17,0,0.51,0.50,0.60,27.42,17,17,0,0.09,0.00,0.10,28.22,17,17,0,1.07,1.00,1.10,27.80,17,17,0,0.23,0.20,0.30,27.49,17,17,0
1052107,0.34,0.30,0.40,28.21,17,17,0,771.24,768.40,774.60,23.93,17,0,0,0.36,0.30,0.40,27.80,17,17,0,0.50,0.50,0.50,27.42,17,17,0,0.10,0.10,0.10,28.24,17,17,0,1.08,1.00,1.10,27.80,17,17,0,0.22,0.20,0.30,27.50,17,17,0
1052619,0.36,0.30,0.40,28.22,18,18,0,770.27,766.50,773.90,23.92,18,0,0,0.36,0.30,0.40,27.82,18,18,0,0.49,0.40,0.50,27.43,18,18,0,0.09,0.00,0.10,28.23,18,18,0,1.09,1.00,1.10,27.80,18,18,0,0.23,0.20,0.30,27.48,18,18,0
1053120,0.35,0.30,0.40,28.21,17,17,0,778.96,775.00,783.00,23.88,17,0,0,0.36,0.30,0.40,27.80,17,17,0,0.49,0.40,0.50,27.41,17,17,0,0.10,0.10,0.10,28.23,17,17,0,1.08,1.00,1.10,27.81,17,17,0,0.25,0.20,0.30,27.49,17,17,0
1053633,0.36,0.30,0.40,28.21,18,18,0,777.72,774.20,781.00,23.92,18,0,0,0.36,0.30,0.40,27.82,18,18,0,0.50,0.50,0.50,27.43,18,18,0,0.10,0.00,0.20,28.23,18,18,0,1.08,1.00,1.10,27.80,18,18,0,0.22,0.20,0.30,27.47,18,18,0
1054133,0.38,0.30,0.40,28.22,17,17,0,774.79,772.00,777.10,23.91,17,0,0,0.34,0.30,0.40,27.83,17,17,0,0.49,0.40,0.50,27.43,17,17,0,0.09,0.00,0.10,28.23,17,17,0,1.06,1.00,1.10,27.82,17,17,0,0.24,0.20,0.30,27.49,17,17,0
1054633,0.35,0.30,0.40,28.23,17,17,0,774.36,772.30,777.10,23.90,17,0,0,0.35,0.30,0.40,27.84,17,17,0,0.50,0.50,0.50,27.43,17,17,0,0.09,0.00,0.10,28.23,17,17,0,1.08,1.00,1.10,27.80,17,17,0,0.22,0.20,0.30,27.49,17,17,0
1055137,0.33,0.30,0.40,28.23,17,17,0,776.51,771.30,782.20,23.93,17,0,0,0.38,0.30,0.40,27.83,17,17,0,0.50,0.50,0.50,27.43,17,17,0,0.09,0.00,0.10,28.22,17,17,0,1.08,1.00,1.10,27.79,17,17,0,0.22,0.20,0.30,27.47,17,17,0
1055650,0.33,0.30,0.40,28.21,18,18,0,782.56,780.30,784.90,23.89,18,0,0,0.37,0.30,0.40,27.80,18,18,0,0.50,0.50,0.50,27.43,18,18,0,0.10,0.10,0.10,28.23,18,18,0,1.08,1.00,1.10,27.80,18,18,0,0.22,0.20,0.30,27.50,18,18,0
1056163,0.33,0.30,0.40,28.22,18,18,0,780.75,777.60,783.40,23.90,18,0,0,0.33,0.30,0.40,27.83,18,18,0,0.50,0.50,0.50,27.42,18,18,0,0.09,0.00,0.10,28.23,18,18,0,1.07,1.00,1.10,27.80,18,18,0,0.21,0.20,0.30,27.49,18,18,0
1056663,0.38,0.30,0.40,28.21,17,17,0,775.66,772.70,778.80,23.92,17,0,0,0.36,0.30,0.40,27.79,17,17,0,0.49,0.40,0.50,27.43,17,17,0,0.08,0.00,0.10,28.23,17,17,0,1.05,1.00,1.10,27.81,17,17,0,0.22,0.20,0.30,27.50,17,17,0
1057163,0.37,0.30,0.40,28.21,17,17,0,772.37,767.80,774.70,23.90,17,0,0,0.35,0.30,0.40,27.81,17,17,0,0.50,0.40,0.60,27.44,17,17,0,0.09,0.00,0.20,28.23,17,17,0,1.08,1.00,1.10,27.79,17,17,0,0.22,0.20,0.30,27.50,17,17,0
1057663,0.36,0.30,0.40,28.21,17,17,0,777.77,773.60,782.10,23.92,17,0,0,0.35,0.30,0.40,27.81,17,17,0,0.50,0.50,0.50,27.42,17,17,0,0.10,0.10,0.10,28.22,17,17,0,1.06,1.00,1.10,27.81,17,17,0,0.23,0.20,0.30,27.49,17,17,0
1058163,0.35,0.30,0.40,28.21,17,17,0,778.25,775.50,781.30,23.91,17,0,0,0.36,0.30,0.40,27.83,17,17,0,0.49,0.40,0.50,27.42,17,17,0,0.10,0.10,0.10,28.22,17,17,0,1.09,1.00,1.10,27.82,17,17,0,0.22,0.20,0.30,27.48,17,17,0
1058663,0.35,0.30,0.40,28.22,17,17,0,772.95,768.70,778.00,23.92,17,0,0,0.35,0.30,0.40,27.83,17,17,0,0.50,0.50,0.50,27.42,17,17,0,0.09,0.00,0.10,28.23,17,17,0,1.08,1.00,1.10,27.80,17,17,0,0.21,0.20,0.30,27.49,17,17,0
1059176,0.35,0.30,0.40,28.22,18,18,0,767.52,765.00,770.50,23.90,18,0,0,0.36,0.30,0.40,27.81,18,18,0,0.50,0.50,0.50,27.43,18,18,0,0.09,0.00,0.20,28.23,18,18,0,1.07,1.00,1.10,27.81,18,18,0,0.22,0.20,0.30,27.49,18,18,0
1059689,0.36,0.30,0.40,28.22,18,18,0,767.14,761.90,773.20,23.92,18,0,0,0.34,0.30,0.40,27.82,18,18,0,0.49,0.40,0.50,27.41,18,18,0,0.09,0.00,0.20,28.21,18,18,0,1.07,1.00,1.10,27.82,18,18,0,0.22,0.20,0.30,27.49,18,18,0
1060189,0.36,0.30,0.40,28.19,17,17,0,774.52,771.50,779.20,23.90,17,0,0,0.36,0.30,0.40,27.82,17,17,0,0.50,0.50,0.50,27.42,17,17,0,0.10,0.00,0.20,28.22,17,17,0,1.07,1.00,1.10,27.80,17,17,0,0.20,0.20,0.20,27.49,17,17,0
1060689,0.38,0.30,0.40,28.19,17,17,0,769.50,765.10,775.80,23.91,17,0,0,0.36,0.30,0.40,27.82,17,17,0,0.50,0.50,0.50,27.43,17,17,0,0.08,0.00,0.10,28.25,17,17,0,1.09,1.00,1.10,27.80,17,17,0,0.22,0.20,0.30,27.50,17,17,0
1061189,0.37,0.30,0.40,28.24,17,17,0,761.79,756.20,765.60,23.91,17,0,0,0.36,0.30,0.40,27.84,17,17,0,0.50,0.50,0.50,27.41,17,17,0,0.10,0.10,0.10,28.22,17,17,0,1.08,1.00,1.10,27.80,17,17,0,0.22,0.20,0.30,27.51,17,17,0
1061702,0.37,0.30,0.40,28.23,18,18,0,757.31,753.60,760.50,23.92,18,0,0,0.34,0.30,0.40,27.83,18,18,0,0.49,0.40,0.50,27.44,18,18,0,0.09,0.00,0.10,28.23,18,18,0,1.09,1.00,1.10,27.82,18,18,0,0.22,0.10,0.30,27.50,18,18,0
1062202,0.34,0.30,0.40,28.23,17,17,0,759.87,753.40,765.80,23.92,17,0,0,0.36,0.30,0.40,27.80,17,17,0,0.50,0.50,0.50,27.44,17,17,0,0.09,0.00,0.10,28.23,17,17,0,1.07,1.00,1.10,27.81,17,17,0,0.21,0.20,0.30,27.51,17,17,0
1062702,0.35,0.30,0.40,28.23,17,17,0,763.74,760.90,769.50,23.92,17,0,0,0.34,0.30,0.40,27.80,17,17,0,0.50,0.50,0.50,27.42,17,17,0,0.11,0.10,0.20,28.22,17,17,0,1.07,1.00,1.10,27.81,17,17,0,0.21,0.20,0.30,27.49,17,17,0
1063202,0.34,0.30,0.40,28.23,17,17,0,757.27,752.50,760.80,23.92,17,0,0,0.35,0.30,0.40,27.82,17,17,0,0.50,0.50,0.50,27.41,17,17,0,0.09,0.00,0.10,28.24,17,17,0,1.09,1.00,1.10,27.81,17,17,0,0.22,0.20,0.30,27.50,17,17,0
1063702,0.33,0.30,0.40,28.22,17,17,0,752.65,750.30,755.20,23.91,17,0,0,0.35,0.30,0.40,27.82,17,17,0,0.50,0.50,0.50,27.43,17,17,0,0.09,0.00,0.10,28.23,17,17,0,1.08,1.00,1.10,27.81,17,17,0,0.21,0.20,0.30,27.49,17,17,0
1064202,0.37,0.30,0.40,28.23,17,17,0,749.04,745.30,752.60,23.92,17,0,0,0.35,0.30,0.40,27.82,17,17,0,0.50,0.50,0.50,27.43,17,17,0,0.09,0.00,0.10,28.23,17,17,0,1.06,1.00,1.10,27.81,17,17,0,0.21,0.20,0.30,27.50,17,17,0
1064702,0.32,0.30,0.40,28.22,16,16,0,754.06,751.20,756.20,23.92,16,0,0,0.34,0.30,0.40,27.82,16,16,0,0.50,0.50,0.50,27.43,16,16,0,0.08,0.00,0.10,28.24,16,16,0,1.08,1.00,1.10,27.81,16,16,0,0.24,0.20,0.30,27.50,16,16,0
1065206,0.35,0.30,0.40,28.23,17,17,0,751.88,746.20,756.60,23.92,17,0,0,0.37,0.30,0.40,27.81,17,17,0,0.49,0.40,0.50,27.43,17,17,0,0.10,0.10,0.10,28.25,17,17,0,1.09,1.00,1.10,27.81,17,17,0,0.22,0.20,0.30,27.49,17,17,0
1065706,0.36,0.30,0.40,28.22,17,17,0,746.83,739.90,750.50,23.91,17,0,0,0.34,0.30,0.40,27.82,17,17,0,0.50,0.50,0.50,27.42,17,17,0,0.09,0.00,0.10,28.24,17,17,0,1.08,1.00,1.10,27.82,17,17,0,0.22,0.20,0.30,27.50,17,17,0
1066206,0.36,0.30,0.40,28.22,17,17,0,743.29,728.10,762.20,23.92,17,0,0,0.36,0.30,0.40,27.80,17,17,0,0.50,0.50,0.50,27.43,17,17,0,0.08,0.00,0.10,28.24,17,17,0,1.09,1.00,1.10,27.81,17,17,0,0.21,0.20,0.30,27.50,17,17,0
1066706,0.35,0.30,0.40,28.22,17,17,0,739.66,730.60,747.20,23.93,17,0,0,0.37,0.30,0.40,27.81,17,17,0,0.49,0.40,0.50,27.43,17,17,0,0.10,0.10,0.10,28.23,17,17,0,1.08,1.00,1.10,27.81,17,17,0,0.21,0.20,0.30,27.49,17,17,0
1067208,0.35,0.30,0.40,28.22,17,17,0,743.07,739.50,747.90,23.92,17,0,0,0.36,0.30,0.40,27.81,17,17,0,0.49,0.40,0.50,27.41,17,17,0,0.10,0.10,0.10,28.23,17,17,0,1.06,1.00,1.10,27.80,17,17,0,0.21,0.20,0.30,27.51,17,17,0
1067708,0.35,0.30,0.40,28.23,17,17,0,741.42,739.30,743.50,23.92,17,0,0,0.34,0.30,0.40,27.83,17,17,0,0.49,0.40,0.50,27.43,17,17,0,0.09,0.00,0.10,28.23,17,17,0,1.07,1.00,1.10,27.82,17,17,0,0.21,0.20,0.30,27.50,17,17,0
1068208,0.34,0.30,0.40,28.23,17,17,0,734.78,731.20,739.10,23.91,17,0,0,0.34,0.30,0.40,27.83,17,17,0,0.49,0.40,0.50,27.42,17,17,0,0.09,0.00,0.10,28.24,17,17,0,1.09,1.00,1.10,27.81,17,17,0,0.22,0.20,0.30,27.50,17,17,0
1068708,0.35,0.30,0.40,28.23,17,17,0,733.09,729.90,738.70,23.93,17,0,0,0.38,0.30,0.40,27.82,17,17,0,0.50,0.50,0.50,27.42,17,17,0,0.10,0.10,0.10,28.24,17,17,0,1.09,1.00,1.10,27.79,17,17,0,0.22,0.20,0.30,27.49,17,17,0
1069208,0.36,0.30,0.40,28.23,17,17,0,735.48,728.90,742.80,23.94,17,0,0,0.36,0.30,0.40,27.84,17,17,0,0.49,0.40,0.50,27.43,17,17,0,0.09,0.00,0.10,28.23,17,17,0,1.09,1.00,1.10,27.80,17,17,0,0.23,0.20,0.30,27.49,17,17,0
1069708,0.38,0.30,0.40,28.23,17,17,0,742.31,733.80,747.60,23.93,17,0,0,0.35,0.30,0.40,27.82,17,17,0,0.49,0.40,0.50,27.43,17,17,0,0.11,0.10,0.20,28.23,17,17,0,1.09,1.00,1.10,27.80,17,17,0,0.24,0.20,0.30,27.49,17,17,0
1070217,0.37,0.30,0.40,28.21,18,18,0,737.95,730.10,745.40,23.94,18,0,0,0.36,0.30,0.40,27.82,18,18,0,0.49,0.40,0.50,27.41,18,18,0,0.10,0.00,0.20,28.22,18,18,0,1.06,1.00,1.10,27.81,18,18,0,0.22,0.20,0.30,27.51,18,18,0
1070717,0.36,0.30,0.40,28.22,17,17,0,735.29,724.40,741.30,23.92,17,0,0,0.35,0.30,0.40,27.83,17,17,0,0.50,0.50,0.50,27.42,17,17,0,0.09,0.00,0.10,28.22,17,17,0,1.08,1.00,1.10,27.82,17,17,0,0.22,0.20,0.30,27.50,17,17,0
1071230,0.34,0.30,0.40,28.22,18,18,0,734.83,729.10,743.40,23.92,18,0,0,0.36,0.30,0.40,27.82,18,18,0,0.49,0.40,0.50,27.41,18,18,0,0.09,0.00,0.10,28.22,18,18,0,1.08,1.00,1.10,27.83,18,18,0,0.22,0.20,0.30,27.49,18,18,0
1071730,0.34,0.30,0.40,28.22,17,17,0,739.42,729.70,747.90,23.92,17,0,0,0.32,0.30,0.40,27.84,17,17,0,0.50,0.50,0.50,27.42,17,17,0,0.09,0.00,0.20,28.25,17,17,0,1.07,1.00,1.10,27.83,17,17,0,0.23,0.20,0.30,27.50,17,17,0
1072230,0.34,0.30,0.40,28.22,17,17,0,740.08,735.90,742.50,23.91,17,0,0,0.35,0.30,0.40,27.82,17,17,0,0.50,0.50,0.50,27.44,17,17,0,0.10,0.10,0.10,28.24,17,17,0,1.06,1.00,1.10,27.82,17,17,0,0.23,0.20,0.30,27.50,17,17,0
1072742,0.36,0.30,0.40,28.22,18,18,0,737.57,734.40,742.20,23.92,18,0,0,0.37,0.30,0.40,27.83,18,18,0,0.50,0.50,0.50,27.43,18,18,0,0.09,0.00,0.10,28.23,18,18,0,1.08,1.00,1.10,27.80,18,18,0,0.22,0.20,0.30,27.50,18,18,0
1073250,0.36,0.30,0.40,28.23,17,17,0,735.31,732.20,737.60,23.94,17,0,0,0.36,0.30,0.40,27.81,17,17,0,0.50,0.50,0.50,27.43,17,17,0,0.11,0.10,0.20,28.24,17,17,0,1.09,1.00,1.10,27.82,17,17,0,0.22,0.20,0.30,27.51,17,17,0
1073763,0.37,0.30,0.40,28.24,18,18,0,736.78,731.10,740.20,23.93,18,0,0,0.36,0.30,0.40,27.83,18,18,0,0.50,0.50,0.50,27.44,18,18,0,0.09,0.00,0.10,28.22,18,18,0,1.08,1.00,1.10,27.80,18,18,0,0.22,0.20,0.30,27.50,18,18,0
1074263,0.38,0.30,0.40,28.23,17,17,0,741.64,737.80,744.90,23.92,17,0,0,0.35,0.30,0.40,27.83,17,17,0,0.50,0.50,0.50,27.43,17,17,0,0.10,0.10,0.10,28.21,17,17,0,1.07,1.00,1.10,27.80,17,17,0,0.21,0.20,0.30,27.50,17,17,0
1074763,0.35,0.30,0.40,28.23,17,17,0,739.00,735.60,742.10,23.92,17,0,0,0.35,0.30,0.40,27.82,17,17,0,0.48,0.40,0.50,27.41,17,17,0,0.10,0.10,0.10,28.22,17,17,0,1.06,1.00,1.10,27.80,17,17,0,0.24,0.20,0.30,27.50,17,17,0
1075271,0.34,0.30,0.40,28.23,17,17,0,734.66,730.50,737.60,23.93,17,0,0,0.34,0.30,0.40,27.83,17,17,0,0.49,0.40,0.50,27.42,17,17,0,0.10,0.10,0.10,28.24,17,17,0,1.09,1.00,1.10,27.81,17,17,0,0.23,0.20,0.30,27.51,17,17,0
1075771,0.34,0.30,0.40,28.22,17,17,0,734.39,731.80,737.50,23.93,17,0,0,0.35,0.30,0.40,27.83,17,17,0,0.49,0.40,0.50,27.42,17,17,0,0.09,0.00,0.10,28.24,17,17,0,1.08,1.00,1.10,27.80,17,17,0,0.24,0.20,0.30,27.49,17,17,0
1076271,0.37,0.30,0.40,28.22,17,17,0,739.51,735.20,745.00,23.93,17,0,0,0.34,0.30,0.40,27.84,17,17,0,0.49,0.40,0.50,27.42,17,17,0,0.09,0.00,0.10,28.25,17,17,0,1.09,1.00,1.10,27.81,17,17,0,0.23,0.20,0.30,27.51,17,17,0
1076775,0.36,0.30,0.40,28.22,17,17,0,746.39,743.30,749.70,23.92,17,0,0,0.36,0.30,0.40,27.82,17,17,0,0.50,0.50,0.50,27.43,17,17,0,0.09,0.00,0.20,28.23,17,17,0,1.09,1.00,1.10,27.81,17,17,0,0.23,0.20,0.30,27.52,17,17,0
1077275,0.36,0.30,0.40,28.22,17,17,0,740.51,734.90,744.10,23.92,17,0,0,0.38,0.30,0.40,27.83,17,17,0,0.49,0.40,0.50,27.42,17,17,0,0.09,0.00,0.10,28.24,17,17,0,1.09,1.00,1.10,27.81,17,17,0,0.24,0.20,0.30,27.50,17,17,0
1077775,0.36,0.30,0.40,28.23,17,17,0,737.09,732.60,739.60,23.93,17,0,0,0.36,0.30,0.40,27.83,17,17,0,0.50,0.50,0.50,27.43,17,17,0,0.09,0.00,0.10,28.25,17,17,0,1.08,1.00,1.10,27.80,17,17,0,0.24,0.20,0.30,27.51,17,17,0
1078287,0.36,0.30,0.40,28.20,18,18,0,736.70,733.90,739.40,23.94,18,0,0,0.36,0.30,0.40,27.82,18,18,0,0.49,0.40,0.50,27.41,18,18,0,0.09,0.00,0.10,28.24,18,18,0,1.07,1.00,1.10,27.81,18,18,0,0.22,0.20,0.30,27.50,18,18,0
1078787,0.35,0.30,0.40,28.22,17,17,0,743.34,736.00,747.90,23.92,17,0,0,0.34,0.30,0.40,27.84,17,17,0,0.49,0.40,0.50,27.42,17,17,0,0.10,0.10,0.10,28.23,17,17,0,1.10,1.00,1.20,27.80,17,17,0,0.22,0.20,0.30,27.51,17,17,0
1079292,0.36,0.30,0.40,28.20,17,17,0,745.06,737.10,748.70,23.93,17,0,0,0.37,0.30,0.40,27.82,17,17,0,0.50,0.50,0.50,27.42,17,17,0,0.10,0.10,0.10,28.23,17,17,0,1.08,1.00,1.10,27.82,17,17,0,0.21,0.20,0.30,27.50,17,17,0
1079792,0.35,0.30,0.40,28.24,17,17,0,737.60,734.90,741.00,23.92,17,0,0,0.35,0.30,0.40,27.83,17,17,0,0.50,0.50,0.50,27.42,17,17,0,0.11,0.10,0.20,28.22,17,17,0,1.08,1.00,1.10,27.80,17,17,0,0.22,0.20,0.30,27.51,17,17,0
1080292,0.38,0.30,0.40,28.23,17,17,0,735.64,731.90,739.30,23.93,17,0,0,0.34,0.30,0.40,27.82,17,17,0,0.49,0.40,0.50,27.42,17,17,0,0.10,0.10,0.10,28.24,17,17,0,1.09,1.00,1.10,27.81,17,17,0,0.22,0.20,0.30,27.51,17,17,0
1080792,0.38,0.30,0.40,28.23,17,17,0,737.06,731.90,742.60,23.91,17,0,0,0.36,0.30,0.40,27.83,17,17,0,0.49,0.40,0.50,27.43,17,17,0,0.09,0.00,0.10,28.24,17,17,0,1.06,1.00,1.10,27.80,17,17,0,0.22,0.20,0.30,27.51,17,17,0
1081294,0.35,0.30,0.40,28.24,17,17,0,747.36,743.00,751.40,23.92,17,0,0,0.32,0.30,0.40,27.81,17,17,0,0.49,0.40,0.50,27.43,17,17,0,0.10,0.10,0.10,28.23,17,17,0,1.09,1.00,1.10,27.82,17,17,0,0.24,0.20,0.30,27.50,17,17,0
1081794,0.31,0.30,0.40,28.24,17,17,0,746.81,741.30,752.60,23.92,17,0,0,0.34,0.30,0.40,27.83,17,17,0,0.48,0.40,0.50,27.42,17,17,0,0.10,0.10,0.10,28.23,17,17,0,1.08,1.00,1.10,27.83,17,17,0,0.22,0.20,0.30,27.50,17,17,0
1082307,0.37,0.30,0.40,28.23,18,18,0,737.88,734.70,742.10,23.94,18,0,0,0.33,0.30,0.40,27.83,18,18,0,0.50,0.50,0.50,27.43,18,18,0,0.11,0.10,0.20,28.24,18,18,0,1.08,1.00,1.10,27.81,18,18,0,0.23,0.20,0.30,27.50,18,18,0
1082807,0.35,0.30,0.40,28.23,17,17,0,734.99,733.50,736.70,23.91,17,0,0,0.35,0.30,0.40,27.81,17,17,0,0.51,0.50,0.60,27.43,17,17,0,0.09,0.00,0.10,28.23,17,17,0,1.08,1.00,1.10,27.82,17,17,0,0.22,0.20,0.30,27.51,17,17,0
1083312,0.35,0.30,0.40,28.23,17,17,0,740.17,734.80,745.30,23.91,17,0,0,0.36,0.30,0.40,27.84,17,17,0,0.49,0.40,0.50,27.42,17,17,0,0.09,0.00,0.10,28.24,17,17,0,1.08,1.00,1.10,27.80,17,17,0,0.23,0.20,0.30,27.49,17,17,0
1083823,0.34,0.30,0.40,28.24,17,17,0,749.00,744.20,752.80,23.94,17,0,0,0.34,0.30,0.40,27.84,17,17,0,0.50,0.50,0.50,27.43,17,17,0,0.09,0.00,0.10,28.25,17,17,0,1.08,1.00,1.10,27.82,17,17,0,0.21,0.20,0.30,27.50,17,17,0
1084323,0.37,0.30,0.40,28.23,17,17,0,743.56,738.30,749.30,23.93,17,0,0,0.34,0.30,0.40,27.84,17,17,0,0.50,0.50,0.50,27.42,17,17,0,0.10,0.10,0.10,28.25,17,17,0,1.08,1.00,1.10,27.80,17,17,0,0.22,0.20,0.30,27.50,17,17,0
1084823,0.34,0.30,0.40,28.25,17,17,0,737.86,734.80,741.00,23.92,17,0,0,0.34,0.30,0.40,27.83,17,17,0,0.50,0.50,0.50,27.43,17,17,0,0.10,0.10,0.10,28.22,17,17,0,1.07,1.00,1.10,27.80,17,17,0,0.24,0.20,0.30,27.51,17,17,0
1085323,0.35,0.30,0.40,28.22,17,17,0,737.56,734.20,739.70,23.92,17,0,0,0.33,0.30,0.40,27.83,17,17,0,0.50,0.50,0.50,27.41,17,17,0,0.08,0.00,0.10,28.23,17,17,0,1.09,1.00,1.10,27.82,17,17,0,0.23,0.20,0.30,27.51,17,17,0
1085823,0.36,0.30,0.40,28.23,18,18,0,743.66,737.10,749.50,23.93,18,0,0,0.36,0.30,0.40,27.82,18,18,0,0.49,0.40,0.50,27.41,18,18,0,0.09,0.00,0.10,28.23,18,18,0,1.09,1.00,1.10,27.81,18,18,0,0.24,0.20,0.30,27.51,18,18,0
1086334,0.35,0.30,0.40,28.23,17,17,0,747.28,743.20,750.30,23.93,17,0,0,0.36,0.30,0.40,27.82,17,17,0,0.50,0.50,0.50,27.44,17,17,0,0.11,0.10,0.20,28.24,17,17,0,1.09,1.00,1.10,27.82,17,17,0,0.23,0.20,0.30,27.50,17,17,0
1086834,0.35,0.30,0.40,28.23,17,17,0,739.32,734.20,742.70,23.91,17,0,0,0.34,0.30,0.40,27.82,17,17,0,0.49,0.40,0.50,27.41,17,17,0,0.10,0.10,0.10,28.23,17,17,0,1.07,1.00,1.10,27.80,17,17,0,0.22,0.20,0.30,27.51,17,17,0
1087342,0.35,0.30,0.40,28.23,17,17,0,736.94,734.60,739.30,23.93,17,0,0,0.36,0.30,0.40,27.82,17,17,0,0.50,0.50,0.50,27.40,17,17,0,0.08,0.00,0.10,28.24,17,17,0,1.09,1.00,1.10,27.82,17,17,0,0.21,0.20,0.30,27.52,17,17,0
1087842,0.34,0.30,0.40,28.23,17,17,0,738.70,735.00,741.60,23.93,17,0,0,0.35,0.30,0.40,27.83,17,17,0,0.50,0.50,0.50,27.42,17,17,0,0.10,0.10,0.10,28.24,17,17,0,1.09,1.00,1.10,27.81,17,17,0,0.24,0.20,0.30,27.48,17,17,0
1088345,0.35,0.30,0.40,28.24,17,17,0,744.58,742.20,747.40,23.92,17,0,0,0.33,0.30,0.40,27.84,17,17,0,0.50,0.50,0.50,27.43,17,17,0,0.09,0.00,0.10,28.24,17,17,0,1.08,1.00,1.10,27.80,17,17,0,0.24,0.20,0.30,27.50,17,17,0
1088845,0.36,0.30,0.40,28.23,17,17,0,742.41,739.40,747.10,23.92,17,0,0,0.35,0.30,0.40,27.83,17,17,0,0.50,0.50,0.50,27.41,17,17,0,0.10,0.10,0.10,28.23,17,17,0,1.08,1.00,1.10,27.80,17,17,0,0.21,0.20,0.30,27.50,17,17,0
1089358,0.36,0.30,0.40,28.25,18,18,0,738.24,735.50,742.30,23.91,18,0,0,0.33,0.30,0.40,27.82,18,18,0,0.50,0.50,0.50,27.44,18,18,0,0.09,0.00,0.10,28.24,18,18,0,1.08,1.00,1.10,27.82,18,18,0,0.23,0.20,0.30,27.49,18,18,0
1089858,0.36,0.30,0.40,28.23,17,17,0,738.56,734.00,741.30,23.94,17,0,0,0.36,0.30,0.40,27.83,17,17,0,0.49,0.40,0.50,27.43,17,17,0,0.11,0.10,0.20,28.25,17,17,0,1.08,1.00,1.10,27.80,17,17,0,0.22,0.20,0.30,27.51,17,17,0
1090358,0.35,0.30,0.40,28.21,17,17,0,740.11,736.40,744.80,23.93,17,0,0,0.36,0.30,0.40,27.82,17,17,0,0.50,0.50,0.50,27.40,17,17,0,0.10,0.10,0.10,28.24,17,17,0,1.09,1.00,1.10,27.82,17,17,0,0.21,0.20,0.30,27.51,17,17,0
1090858,0.36,0.30,0.40,28.24,17,17,0,746.28,742.80,748.40,23.92,17,0,0,0.35,0.30,0.40,27.82,17,17,0,0.49,0.40,0.50,27.41,17,17,0,0.10,0.00,0.20,28.25,17,17,0,1.09,1.00,1.10,27.81,17,17,0,0.23,0.20,0.30,27.51,17,17,0
1091362,0.34,0.30,0.40,28.24,17,17,0,744.27,741.50,746.00,23.93,17,0,0,0.34,0.30,0.40,27.82,17,17,0,0.50,0.50,0.50,27.43,17,17,0,0.10,0.10,0.10,28.24,17,17,0,1.08,1.00,1.10,27.81,17,17,0,0.21,0.20,0.30,27.51,17,17,0
1091862,0.35,0.30,0.40,28.23,17,17,0,742.56,740.50,745.10,23.93,17,0,0,0.35,0.30,0.40,27.83,17,17,0,0.50,0.50,0.50,27.43,17,17,0,0.08,0.00,0.10,28.23,17,17,0,1.07,1.00,1.10,27.80,17,17,0,0.21,0.20,0.30,27.52,17,17,0
1092362,0.35,0.30,0.40,28.22,17,17,0,743.74,741.60,747.50,23.94,17,0,0,0.34,0.30,0.40,27.82,17,17,0,0.49,0.40,0.50,27.42,17,17,0,0.09,0.00,0.10,28.24,17,17,0,1.06,1.00,1.10,27.83,17,17,0,0.24,0.20,0.30,27.51,17,17,0
1092862,0.36,0.30,0.40,28.24,17,17,0,747.32,741.60,752.50,23.94,17,0,0,0.35,0.30,0.40,27.82,17,17,0,0.51,0.50,0.60,27.43,17,17,0,0.10,0.00,0.20,28.25,17,17,0,1.08,1.00,1.10,27.82,17,17,0,0.22,0.20,0.30,27.51,17,17,0
1093364,0.37,0.30,0.40,28.24,17,17,0,752.26,749.40,755.10,23.93,17,0,0,0.37,0.30,0.40,27.84,17,17,0,0.49,0.40,0.50,27.41,17,17,0,0.09,0.00,0.10,28.24,17,17,0,1.06,1.00,1.10,27.81,17,17,0,0.22,0.20,0.30,27.49,17,17,0
1093877,0.36,0.30,0.40,28.24,18,18,0,752.47,750.70,755.20,23.93,18,0,0,0.33,0.30,0.40,27.83,18,18,0,0.50,0.50,0.50,27.42,18,18,0,0.10,0.10,0.10,28.24,18,18,0,1.08,1.00,1.10,27.82,18,18,0,0.23,0.20,0.30,27.51,18,18,0
1094377,0.35,0.30,0.40,28.24,17,17,0,752.95,750.10,756.90,23.91,17,0,0,0.36,0.30,0.40,27.83,17,17,0,0.48,0.40,0.50,27.42,17,17,0,0.09,0.00,0.10,28.24,17,17,0,1.06,1.00,1.10,27.81,17,17,0,0.21,0.20,0.30,27.52,17,17,0
1094877,0.36,0.30,0.40,28.23,17,17,0,753.89,750.30,759.40,23.92,17,0,0,0.36,0.30,0.40,27.84,17,17,0,0.50,0.50,0.50,27.40,17,17,0,0.10,0.10,0.10,28.23,17,17,0,1.08,1.00,1.10,27.81,17,17,0,0.23,0.20,0.30,27.51,17,17,0
1095379,0.34,0.30,0.40,28.23,17,17,0,763.16,756.30,767.90,23.92,17,0,0,0.35,0.30,0.40,27.82,17,17,0,0.50,0.50,0.50,27.43,17,17,0,0.09,0.00,0.10,28.25,17,17,0,1.07,1.00,1.10,27.82,17,17,0,0.22,0.20,0.30,27.50,17,17,0
1095879,0.33,0.30,0.40,28.24,17,17,0,764.89,762.80,768.00,23.91,17,0,0,0.35,0.30,0.40,27.84,17,17,0,0.50,0.50,0.50,27.42,17,17,0,0.10,0.10,0.10,28.24,17,17,0,1.09,1.00,1.10,27.81,17,17,0,0.20,0.20,0.20,27.51,17,17,0
1096379,0.38,0.30,0.40,28.23,17,17,0,763.17,759.70,766.00,23.93,17,0,0,0.35,0.30,0.40,27.83,17,17,0,0.50,0.50,0.50,27.43,17,17,0,0.09,0.00,0.10,28.24,17,17,0,1.07,1.00,1.10,27.82,17,17,0,0.23,0.20,0.30,27.52,17,17,0
1096882,0.38,0.30,0.40,28.22,17,17,0,764.46,760.90,768.90,23.90,17,0,0,0.35,0.30,0.40,27.83,17,17,0,0.49,0.40,0.50,27.42,17,17,0,0.10,0.10,0.10,28.25,17,17,0,1.07,1.00,1.10,27.81,17,17,0,0.21,0.20,0.30,27.51,17,17,0
1097395,0.37,0.30,0.40,28.22,18,18,0,766.31,762.00,771.70,23.93,18,0,0,0.36,0.30,0.40,27.84,18,18,0,0.50,0.50,0.50,27.41,18,18,0,0.10,0.10,0.10,28.25,18,18,0,1.07,1.00,1.10,27.80,18,18,0,0.23,0.20,0.30,27.51,18,18,0
1097895,0.35,0.30,0.40,28.24,17,17,0,773.97,771.60,777.20,23.91,17,0,0,0.35,0.30,0.40,27.84,17,17,0,0.50,0.50,0.50,27.43,17,17,0,0.09,0.00,0.10,28.26,17,17,0,1.08,1.00,1.10,27.81,17,17,0,0.23,0.20,0.30,27.51,17,17,0
1098408,0.36,0.30,0.40,28.23,18,18,0,774.12,772.10,777.70,23.91,18,0,0,0.34,0.30,0.40,27.83,18,18,0,0.49,0.40,0.50,27.43,18,18,0,0.09,0.00,0.10,28.23,18,18,0,1.08,1.00,1.10,27.81,18,18,0,0.23,0.20,0.30,27.52,18,18,0
1098908,0.35,0.30,0.40,28.23,18,18,0,774.11,770.20,777.70,23.90,18,0,0,0.36,0.30,0.40,27.82,18,18,0,0.49,0.40,0.50,27.44,18,18,0,0.09,0.00,0.10,28.24,18,18,0,1.08,1.00,1.10,27.82,18,18,0,0.25,0.20,0.30,27.52,18,18,0
1099408,0.34,0.30,0.40,28.23,16,16,0,775.14,773.00,778.50,23.91,16,0,0,0.36,0.30,0.40,27.84,16,16,0,0.49,0.40,0.50,27.43,16,16,0,0.09,0.00,0.20,28.25,16,16,0,1.09,1.00,1.10,27.81,16,16,0,0.21,0.20,0.30,27.51,16,16,0
1099908,0.35,0.30,0.40,28.24,17,17,0,781.79,775.60,787.30,23.89,17,0,0,0.34,0.30,0.40,27.82,17,17,0,0.50,0.50,0.50,27.42,17,17,0,0.10,0.10,0.10,28.25,17,17,0,1.07,1.00,1.10,27.83,17,17,0,0.23,0.20,0.30,27.50,17,17,0
1100412,0.34,0.30,0.40,28.23,17,17,0,785.28,783.00,787.90,23.90,17,0,0,0.34,0.30,0.40,27.83,17,17,0,0.50,0.50,0.50,27.41,17,17,0,0.09,0.00,0.10,28.26,17,17,0,1.08,1.00,1.10,27.81,17,17,0,0.22,0.20,0.30,27.52,17,17,0
1100912,0.35,0.30,0.40,28.22,17,17,0,781.81,777.60,783.90,23.92,17,0,0,0.35,0.30,0.40,27.82,17,17,0,0.50,0.50,0.50,27.41,17,17,0,0.09,0.00,0.10,28.24,17,17,0,1.09,1.00,1.10,27.80,17,17,0,0.22,0.20,0.30,27.52,17,17,0
1101412,0.34,0.30,0.40,28.22,17,17,0,778.35,775.70,781.80,23.90,17,0,0,0.36,0.30,0.40,27.83,17,17,0,0.49,0.40,0.50,27.42,17,17,0,0.10,0.10,0.10,28.26,17,17,0,1.09,1.00,1.10,27.81,17,17,0,0.21,0.20,0.30,27.51,17,17,0
1101912,0.37,0.30,0.40,28.24,17,17,0,775.64,771.80,779.20,23.90,17,0,0,0.35,0.30,0.40,27.83,17,17,0,0.50,0.50,0.50,27.41,17,17,0,0.10,0.10,0.10,28.25,17,17,0,1.06,1.00,1.10,27.82,17,17,0,0.22,0.20,0.30,27.51,17,17,0
1102412,0.35,0.30,0.40,28.23,17,17,0,783.40,777.50,788.00,23.91,17,0,0,0.36,0.30,0.40,27.82,17,17,0,0.49,0.40,0.50,27.42,17,17,0,0.10,0.10,0.10,28.24,17,17,0,1.09,1.00,1.10,27.81,17,17,0,0.22,0.20,0.30,27.52,17,17,0
1102920,0.36,0.30,0.40,28.23,17,17,0,783.22,780.90,786.20,23.91,17,0,0,0.36,0.30,0.40,27.84,17,17,0,0.49,0.40,0.50,27.43,17,17,0,0.11,0.10,0.20,28.25,17,17,0,1.08,1.00,1.10,27.82,17,17,0,0.21,0.20,0.30,27.52,17,17,0
1103433,0.35,0.30,0.40,28.23,18,18,0,779.36,777.60,782.90,23.91,18,0,0,0.36,0.30,0.40,27.84,18,18,0,0.50,0.50,0.50,27.43,18,18,0,0.10,0.10,0.10,28.25,18,18,0,1.07,1.00,1.10,27.80,18,18,0,0.22,0.20,0.30,27.52,18,18,0
1103933,0.33,0.30,0.40,28.24,18,18,0,776.32,773.10,779.40,23.92,18,0,0,0.38,0.30,0.40,27.83,18,18,0,0.50,0.50,0.50,27.41,18,18,0,0.10,0.00,0.20,28.25,18,18,0,1.07,1.00,1.10,27.82,18,18,0,0.22,0.20,0.30,27.51,18,18,0
1104440,0.32,0.30,0.40,28.23,17,17,0,776.68,771.40,782.50,23.90,17,0,0,0.36,0.30,0.40,27.82,17,17,0,0.49,0.40,0.50,27.42,17,17,0,0.11,0.10,0.20,28.25,17,17,0,1.08,1.00,1.10,27.82,17,17,0,0.22,0.20,0.30,27.50,17,17,0
1104940,0.35,0.30,0.40,28.24,17,17,0,782.81,779.20,788.60,23.91,17,0,0,0.38,0.30,0.40,27.83,17,17,0,0.49,0.40,0.50,27.43,17,17,0,0.10,0.00,0.20,28.25,17,17,0,1.08,1.00,1.10,27.81,17,17,0,0.22,0.20,0.30,27.51,17,17,0
1105440,0.32,0.30,0.40,28.24,17,17,0,777.58,774.00,781.50,23.91,17,0,0,0.36,0.30,0.40,27.83,17,17,0,0.50,0.50,0.50,27.43,17,17,0,0.11,0.00,0.20,28.26,17,17,0,1.08,1.00,1.10,27.81,17,17,0,0.21,0.20,0.30,27.50,17,17,0
1105940,0.35,0.30,0.40,28.24,17,17,0,771.83,768.70,775.30,23.90,17,0,0,0.35,0.30,0.40,27.82,17,17,0,0.50,0.50,0.50,27.42,17,17,0,0.09,0.00,0.10,28.23,17,17,0,1.09,1.00,1.10,27.82,17,17,0,0.22,0.20,0.30,27.50,17,17,0
1106440,0.34,0.30,0.40,28.25,17,17,0,769.28,766.80,772.20,23.89,17,0,0,0.36,0.30,0.40,27.83,17,17,0,0.49,0.40,0.60,27.41,17,17,0,0.09,0.00,0.10,28.26,17,17,0,1.08,1.00,1.10,27.81,17,17,0,0.22,0.20,0.30,27.50,17,17,0
1106940,0.36,0.30,0.40,28.26,17,17,0,771.15,766.50,775.60,23.91,17,0,0,0.35,0.30,0.40,27.84,17,17,0,0.50,0.50,0.50,27.43,17,17,0,0.09,0.00,0.10,28.24,17,17,0,1.08,1.00,1.10,27.82,17,17,0,0.22,0.20,0.30,27.51,17,17,0
1107447,0.35,0.30,0.40,28.24,17,17,0,773.60,771.20,777.00,23.91,17,0,0,0.34,0.30,0.40,27.83,17,17,0,0.51,0.50,0.60,27.42,17,17,0,0.09,0.00,0.10,28.25,17,17,0,1.08,1.00,1.10,27.80,17,17,0,0.22,0.20,0.30,27.52,17,17,0
1107960,0.34,0.30,0.40,28.23,18,18,0,767.57,761.40,771.80,23.91,18,0,0,0.34,0.30,0.40,27.82,18,18,0,0.49,0.40,0.50,27.42,18,18,0,0.08,0.00,0.10,28.24,18,18,0,1.07,1.00,1.10,27.81,18,18,0,0.21,0.20,0.30,27.51,18,18,0
1108460,0.34,0.30,0.40,28.24,17,17,0,763.18,760.60,766.20,23.90,17,0,0,0.36,0.30,0.40,27.85,17,17,0,0.50,0.50,0.50,27.41,17,17,0,0.11,0.10,0.20,28.25,17,17,0,1.06,1.00,1.10,27.81,17,17,0,0.20,0.20,0.20,27.50,17,17,0
1108960,0.35,0.30,0.40,28.23,17,17,0,762.26,759.40,765.00,23.91,17,0,0,0.38,0.30,0.40,27.83,17,17,0,0.49,0.40,0.50,27.43,17,17,0,0.10,0.10,0.10,28.23,17,17,0,1.08,1.00,1.10,27.81,17,17,0,0.22,0.20,0.30,27.50,17,17,0
1109460,0.34,0.30,0.40,28.24,17,17,0,767.65,762.20,770.40,23.92,17,0,0,0.36,0.30,0.40,27.83,17,17,0,0.51,0.50,0.60,27.44,17,17,0,0.09,0.00,0.10,28.24,17,17,0,1.09,1.00,1.10,27.82,17,17,0,0.23,0.20,0.30,27.50,17,17,0
1109960,0.34,0.30,0.40,28.24,17,17,0,765.19,762.50,769.50,23.91,17,0,0,0.37,0.30,0.40,27.84,17,17,0,0.50,0.50,0.50,27.43,17,17,0,0.09,0.00,0.10,28.25,17,17,0,1.07,1.00,1.10,27.82,17,17,0,0.23,0.20,0.30,27.51,17,17,0
1110473,0.35,0.30,0.40,28.24,18,18,0,760.03,757.50,764.20,23.92,18,0,0,0.37,0.30,0.40,27.84,18,18,0,0.49,0.40,0.50,27.43,18,18,0,0.09,0.00,0.10,28.26,18,18,0,1.08,1.00,1.10,27.81,18,18,0,0.22,0.20,0.30,27.49,18,18,0
1110973,0.34,0.30,0.40,28.23,17,17,0,757.78,754.50,760.70,23.92,17,0,0,0.37,0.30,0.40,27.83,17,17,0,0.50,0.50,0.50,27.43,17,17,0,0.11,0.00,0.20,28.25,17,17,0,1.08,1.00,1.10,27.81,17,17,0,0.20,0.20,0.20,27.51,17,17,0
1111473,0.34,0.30,0.40,28.24,17,17,0,755.22,752.30,757.00,23.91,17,0,0,0.38,0.30,0.40,27.83,17,17,0,0.50,0.50,0.50,27.42,17,17,0,0.09,0.00,0.10,28.25,17,17,0,1.09,1.00,1.10,27.81,17,17,0,0.24,0.20,0.30,27.52,17,17,0
1111986,0.34,0.30,0.40,28.23,18,18,0,758.85,754.90,763.00,23.92,18,0,0,0.37,0.30,0.40,27.84,18,18,0,0.49,0.40,0.50,27.41,18,18,0,0.09,0.00,0.10,28.25,18,18,0,1.09,1.00,1.10,27.81,18,18,0,0.23,0.20,0.30,27.51,18,18,0
1112486,0.36,0.30,0.40,28.24,17,17,0,754.55,751.40,757.50,23.91,17,0,0,0.35,0.30,0.40,27.82,17,17,0,0.49,0.40,0.50,27.42,17,17,0,0.10,0.10,0.10,28.26,17,17,0,1.07,1.00,1.10,27.82,17,17,0,0.23,0.20,0.30,27.51,17,17,0
1112986,0.33,0.30,0.40,28.24,17,17,0,749.88,747.00,752.80,23.90,17,0,0,0.36,0.30,0.40,27.82,17,17,0,0.48,0.40,0.50,27.42,17,17,0,0.09,0.00,0.10,28.24,17,17,0,1.07,1.00,1.10,27.81,17,17,0,0.22,0.20,0.30,27.53,17,17,0
1113490,0.37,0.30,0.40,28.24,17,17,0,748.52,744.90,750.00,23.92,17,0,0,0.37,0.30,0.40,27.84,17,17,0,0.50,0.50,0.50,27.42,17,17,0,0.09,0.00,0.10,28.24,17,17,0,1.09,1.00,1.10,27.82,17,17,0,0.21,0.20,0.30,27.50,17,17,0
1113990,0.35,0.30,0.40,28.25,17,17,0,748.12,744.70,753.70,23.91,17,0,0,0.35,0.30,0.40,27.84,17,17,0,0.50,0.50,0.50,27.42,17,17,0,0.09,0.00,0.10,28.25,17,17,0,1.06,1.00,1.10,27.83,17,17,0,0.22,0.20,0.30,27.51,17,17,0
1114490,0.34,0.30,0.40,28.25,17,17,0,749.36,746.30,752.40,23.92,17,0,0,0.35,0.30,0.40,27.83,17,17,0,0.50,0.50,0.50,27.41,17,17,0,0.11,0.00,0.20,28.25,17,17,0,1.06,1.00,1.10,27.83,17,17,0,0.22,0.10,0.30,27.52,17,17,0
1114990,0.36,0.30,0.40,28.25,17,17,0,747.13,744.90,750.90,23.92,17,0,0,0.36,0.30,0.40,27.83,17,17,0,0.50,0.50,0.50,27.42,17,17,0,0.10,0.10,0.10,28.25,17,17,0,1.06,1.00,1.10,27.82,17,17,0,0.22,0.20,0.30,27.51,17,17,0
1115490,0.37,0.30,0.40,28.25,17,17,0,743.72,741.70,747.90,23.92,17,0,0,0.36,0.30,0.40,27.84,17,17,0,0.49,0.40,0.50,27.42,17,17,0,0.09,0.00,0.10,28.27,17,17,0,1.08,1.00,1.10,27.82,17,17,0,0.25,0.20,0.30,27.53,17,17,0
1115990,0.34,0.30,0.40,28.25,17,17,0,742.95,741.00,746.60,23.90,17,0,0,0.35,0.30,0.40,27.84,17,17,0,0.50,0.50,0.50,27.43,17,17,0,0.10,0.10,0.10,28.24,17,17,0,1.08,1.00,1.10,27.81,17,17,0,0.24,0.20,0.30,27.52,17,17,0
1116492,0.35,0.30,0.40,28.26,17,17,0,745.15,741.40,748.10,23.93,17,0,0,0.36,0.30,0.40,27.84,17,17,0,0.49,0.40,0.50,27.43,17,17,0,0.10,0.10,0.10,28.25,17,17,0,1.05,1.00,1.10,27.80,17,17,0,0.23,0.20,0.30,27.52,17,17,0
1116992,0.36,0.30,0.40,28.25,17,17,0,744.66,740.40,747.20,23.92,17,0,0,0.36,0.30,0.40,27.83,17,17,0,0.50,0.50,0.50,27.42,17,17,0,0.10,0.10,0.10,28.24,17,17,0,1.08,1.00,1.10,27.82,17,17,0,0.22,0.20,0.30,27.52,17,17,0
1117492,0.34,0.30,0.40,28.25,18,18,0,740.12,737.10,743.70,23.93,18,0,0,0.37,0.30,0.40,27.83,18,18,0,0.49,0.40,0.50,27.42,18,18,0,0.09,0.00,0.10,28.25,18,18,0,1.08,1.00,1.10,27.81,18,18,0,0.24,0.20,0.30,27.52,18,18,0
1118001,0.36,0.30,0.40,28.26,17,17,0,737.55,735.60,740.10,23.91,17,0,0,0.34,0.30,0.40,27.85,17,17,0,0.50,0.50,0.50,27.42,17,17,0,0.10,0.10,0.10,28.24,17,17,0,1.08,1.00,1.10,27.83,17,17,0,0.23,0.20,0.30,27.53,17,17,0
1118501,0.36,0.30,0.40,28.25,17,17,0,739.79,736.90,743.40,23.90,17,0,0,0.32,0.30,0.40,27.84,17,17,0,0.50,0.50,0.50,27.42,17,17,0,0.09,0.00,0.10,28.24,17,17,0,1.08,1.00,1.10,27.82,17,17,0,0.24,0.20,0.30,27.51,17,17,0
1119014,0.36,0.30,0.40,28.25,18,18,0,746.17,742.30,749.30,23.91,18,0,0,0.34,0.30,0.40,27.84,18,18,0,0.49,0.40,0.50,27.44,18,18,0,0.10,0.10,0.10,28.25,18,18,0,1.07,1.00,1.10,27.81,18,18,0,0.21,0.20,0.30,27.53,18,18,0
1119514,0.36,0.30,0.40,28.26,17,17,0,743.57,739.60,746.50,23.93,17,0,0,0.35,0.30,0.40,27.84,17,17,0,0.50,0.50,0.50,27.42,17,17,0,0.09,0.00,0.10,28.25,17,17,0,1.08,1.00,1.10,27.81,17,17,0,0.21,0.20,0.30,27.52,17,17,0
1120014,0.36,0.30,0.40,28.25,17,17,0,739.55,735.00,742.20,23.91,17,0,0,0.33,0.30,0.40,27.86,17,17,0,0.49,0.40,0.50,27.42,17,17,0,0.09,0.00,0.10,28.25,17,17,0,1.06,1.00,1.10,27.83,17,17,0,0.20,0.20,0.20,27.54,17,17,0
1120514,0.38,0.30,0.40,28.27,17,17,0,738.36,734.40,740.40,23.90,17,0,0,0.35,0.30,0.40,27.83,17,17,0,0.50,0.50,0.50,27.43,17,17,0,0.11,0.10,0.20,28.26,17,17,0,1.09,1.00,1.10,27.83,17,17,0,0.21,0.20,0.30,27.53,17,17,0
1121027,0.36,0.30,0.40,28.26,18,18,0,743.71,738.90,749.80,23.94,18,0,0,0.33,0.30,0.40,27.84,18,18,0,0.49,0.40,0.50,27.44,18,18,0,0.11,0.10,0.20,28.25,18,18,0,1.08,1.00,1.10,27.83,18,18,0,0.22,0.20,0.30,27.52,18,18,0
1121539,0.36,0.30,0.40,28.25,17,17,0,747.55,745.20,750.40,23.90,17,0,0,0.34,0.30,0.40,27.85,17,17,0,0.49,0.40,0.50,27.41,17,17,0,0.10,0.10,0.10,28.27,17,17,0,1.09,1.00,1.10,27.82,17,17,0,0.22,0.20,0.30,27.52,17,17,0
1122052,0.37,0.30,0.40,28.26,18,18,0,743.67,739.30,748.10,23.92,18,0,0,0.36,0.30,0.40,27.84,18,18,0,0.49,0.40,0.50,27.43,18,18,0,0.09,0.00,0.10,28.27,18,18,0,1.08,1.00,1.10,27.83,18,18,0,0.22,0.20,0.30,27.52,18,18,0
1122552,0.34,0.30,0.40,28.26,17,17,0,741.62,737.40,743.70,23.93,17,0,0,0.35,0.30,0.40,27.85,17,17,0,0.49,0.40,0.50,27.42,17,17,0,0.09,0.00,0.10,28.26,17,17,0,1.06,1.00,1.10,27.82,17,17,0,0.22,0.20,0.30,27.53,17,17,0
1123055,0.35,0.30,0.40,28.27,17,17,0,742.92,739.70,747.00,23.91,17,0,0,0.37,0.30,0.40,27.84,17,17,0,0.49,0.40,0.50,27.44,17,17,0,0.10,0.10,0.10,28.27,17,17,0,1.08,1.00,1.20,27.84,17,17,0,0.22,0.20,0.30,27.53,17,17,0
1123555,0.36,0.30,0.40,28.24,17,17,0,751.67,748.10,755.50,23.93,17,0,0,0.36,0.30,0.40,27.82,17,17,0,0.50,0.50,0.50,27.41,17,17,0,0.10,0.10,0.10,28.25,17,17,0,1.08,1.00,1.10,27.83,17,17,0,0.22,0.20,0.30,27.51,17,17,0
1124055,0.36,0.30,0.40,28.24,17,17,0,750.32,746.40,753.90,23.90,17,0,0,0.36,0.30,0.40,27.83,17,17,0,0.50,0.50,0.50,27.42,17,17,0,0.10,0.00,0.20,28.25,17,17,0,1.08,1.00,1.10,27.83,17,17,0,0.23,0.20,0.30,27.52,17,17,0
1124568,0.38,0.30,0.40,28.26,18,18,0,744.79,740.30,747.90,23.92,18,0,0,0.36,0.30,0.40,27.84,18,18,0,0.49,0.40,0.50,27.42,18,18,0,0.10,0.10,0.10,28.25,18,18,0,1.08,1.00,1.10,27.83,18,18,0,0.23,0.20,0.30,27.52,18,18,0
1125080,0.37,0.30,0.40,28.27,18,18,0,742.51,740.80,744.90,23.92,18,0,0,0.37,0.30,0.40,27.82,18,18,0,0.50,0.50,0.50,27.41,18,18,0,0.08,0.00,0.10,28.25,18,18,0,1.08,1.00,1.20,27.83,18,18,0,0.23,0.20,0.30,27.53,18,18,0
1125580,0.36,0.30,0.40,28.26,17,17,0,745.57,740.80,750.60,23.91,17,0,0,0.34,0.30,0.40,27.83,17,17,0,0.50,0.50,0.50,27.41,17,17,0,0.09,0.00,0.10,28.26,17,17,0,1.06,1.00,1.10,27.83,17,17,0,0.21,0.20,0.30,27.51,17,17,0
1126080,0.36,0.30,0.40,28.28,17,17,0,752.18,747.40,754.00,23.92,17,0,0,0.35,0.30,0.40,27.84,17,17,0,0.49,0.40,0.50,27.43,17,17,0,0.09,0.00,0.10,28.26,17,17,0,1.09,1.00,1.10,27.83,17,17,0,0.23,0.20,0.30,27.53,17,17,0
1126580,0.37,0.30,0.40,28.25,17,17,0,746.35,741.10,752.30,23.91,17,0,0,0.35,0.30,0.40,27.83,17,17,0,0.49,0.40,0.50,27.43,17,17,0,0.10,0.10,0.10,28.27,17,17,0,1.08,1.00,1.10,27.82,17,17,0,0.22,0.20,0.30,27.51,17,17,0
1127080,0.33,0.30,0.40,28.26,17,17,0,738.70,735.10,742.30,23.90,17,0,0,0.36,0.30,0.40,27.85,17,17,0,0.49,0.40,0.50,27.42,17,17,0,0.10,0.10,0.10,28.26,17,17,0,1.09,1.00,1.10,27.80,17,17,0,0.23,0.20,0.30,27.51,17,17,0
1127588,0.38,0.30,0.40,28.26,17,17,0,739.05,736.60,744.50,23.94,17,0,0,0.34,0.30,0.40,27.83,17,17,0,0.50,0.50,0.50,27.42,17,17,0,0.09,0.00,0.20,28.25,17,17,0,1.06,1.00,1.10,27.82,17,17,0,0.21,0.20,0.30,27.51,17,17,0
1128088,0.36,0.30,0.40,28.27,17,17,0,747.87,740.30,753.20,23.92,17,0,0,0.35,0.30,0.40,27.84,17,17,0,0.49,0.40,0.50,27.42,17,17,0,0.11,0.10,0.20,28.25,17,17,0,1.08,1.00,1.10,27.81,17,17,0,0.23,0.20,0.30,27.51,17,17,0
1128601,0.38,0.30,0.40,28.27,18,18,0,753.35,750.30,755.80,23.92,18,0,0,0.35,0.30,0.40,27.84,18,18,0,0.49,0.40,0.50,27.42,18,18,0,0.11,0.10,0.20,28.27,18,18,0,1.08,1.00,1.10,27.82,18,18,0,0.21,0.20,0.30,27.52,18,18,0
1129101,0.35,0.30,0.40,28.26,17,17,0,744.64,740.10,749.70,23.93,17,0,0,0.36,0.30,0.40,27.83,17,17,0,0.50,0.50,0.50,27.42,17,17,0,0.10,0.10,0.10,28.25,17,17,0,1.06,1.00,1.10,27.81,17,17,0,0.21,0.20,0.30,27.53,17,17,0
1129601,0.36,0.30,0.40,28.26,17,17,0,738.11,733.30,740.70,23.92,17,0,0,0.35,0.30,0.40,27.83,17,17,0,0.50,0.50,0.50,27.43,17,17,0,0.09,0.00,0.20,28.26,17,17,0,1.09,1.00,1.10,27.82,17,17,0,0.22,0.20,0.30,27.51,17,17,0
1130104,0.37,0.30,0.40,28.26,17,17,0,737.65,735.20,740.90,23.92,17,0,0,0.35,0.30,0.40,27.83,17,17,0,0.50,0.50,0.50,27.44,17,17,0,0.10,0.10,0.10,28.27,17,17,0,1.09,1.00,1.10,27.83,17,17,0,0.22,0.20,0.30,27.52,17,17,0
1130617,0.36,0.30,0.40,28.27,18,18,0,748.91,744.20,753.10,23.91,18,0,0,0.36,0.30,0.40,27.84,18,18,0,0.50,0.50,0.50,27.42,18,18,0,0.10,0.10,0.10,28.25,18,18,0,1.07,1.00,1.10,27.80,18,18,0,0.21,0.20,0.30,27.53,18,18,0
1131117,0.36,0.30,0.40,28.24,17,17,0,750.45,745.60,754.40,23.92,17,0,0,0.34,0.30,0.40,27.84,17,17,0,0.49,0.40,0.50,27.42,17,17,0,0.09,0.00,0.10,28.27,17,17,0,1.07,1.00,1.10,27.81,17,17,0,0.21,0.20,0.30,27.52,17,17,0
1131617,0.38,0.30,0.40,28.26,17,17,0,741.35,737.80,745.50,23.91,17,0,0,0.34,0.30,0.40,27.82,17,17,0,0.50,0.50,0.50,27.43,17,17,0,0.11,0.10,0.20,28.27,17,17,0,1.07,1.00,1.10,27.82,17,17,0,0.23,0.20,0.30,27.53,17,17,0
1132129,0.36,0.30,0.40,28.28,18,18,0,737.92,733.30,741.60,23.94,18,0,0,0.36,0.30,0.40,27.85,18,18,0,0.50,0.50,0.50,27.43,18,18,0,0.11,0.10,0.20,28.26,18,18,0,1.06,1.00,1.10,27.82,18,18,0,0.24,0.20,0.30,27.53,18,18,0
1132629,0.36,0.30,0.40,28.27,17,17,0,739.49,733.30,745.50,23.93,17,0,0,0.35,0.30,0.40,27.84,17,17,0,0.50,0.50,0.50,27.43,17,17,0,0.09,0.00,0.10,28.27,17,17,0,1.06,1.00,1.10,27.82,17,17,0,0.21,0.20,0.30,27.53,17,17,0
1133129,0.38,0.30,0.40,28.26,17,17,0,748.02,744.40,752.00,23.91,17,0,0,0.38,0.30,0.40,27.84,17,17,0,0.49,0.40,0.50,27.42,17,17,0,0.10,0.00,0.20,28.26,17,17,0,1.07,1.00,1.10,27.83,17,17,0,0.24,0.20,0.30,27.52,17,17,0
1133631,0.37,0.30,0.40,28.27,17,17,0,743.39,737.90,748.20,23.93,17,0,0,0.36,0.30,0.40,27.84,17,17,0,0.50,0.50,0.50,27.44,17,17,0,0.09,0.00,0.10,28.26,17,17,0,1.09,1.00,1.10,27.81,17,17,0,0.22,0.20,0.30,27.52,17,17,0
1134144,0.37,0.30,0.40,28.26,18,18,0,737.12,733.80,740.50,23.92,18,0,0,0.35,0.30,0.40,27.84,18,18,0,0.50,0.50,0.50,27.42,18,18,0,0.09,0.00,0.10,28.27,18,18,0,1.08,1.00,1.10,27.82,18,18,0,0.22,0.20,0.30,27.54,18,18,0
1134644,0.36,0.30,0.40,28.28,17,17,0,735.76,733.50,738.60,23.93,17,0,0,0.36,0.30,0.40,27.85,17,17,0,0.49,0.40,0.50,27.42,17,17,0,0.10,0.10,0.10,28.28,17,17,0,1.09,1.00,1.10,27.82,17,17,0,0.24,0.20,0.30,27.52,17,17,0
1135157,0.36,0.30,0.40,28.27,18,18,0,742.47,735.30,749.30,23.92,18,0,0,0.35,0.30,0.40,27.84,18,18,0,0.50,0.50,0.50,27.43,18,18,0,0.09,0.00,0.20,28.26,18,18,0,1.07,1.00,1.10,27.83,18,18,0,0.23,0.20,0.30,27.53,18,18,0
1135657,0.35,0.30,0.40,28.26,17,17,0,748.74,746.60,752.70,23.93,17,0,0,0.38,0.30,0.40,27.83,17,17,0,0.49,0.40,0.50,27.42,17,17,0,0.09,0.00,0.10,28.27,17,17,0,1.08,1.00,1.10,27.82,17,17,0,0.23,0.20,0.30,27.52,17,17,0
1136157,0.37,0.30,0.40,28.26,17,17,0,745.25,742.80,747.70,23.91,17,0,0,0.34,0.30,0.40,27.85,17,17,0,0.50,0.50,0.50,27.42,17,17,0,0.09,0.00,0.20,28.26,17,17,0,1.09,1.00,1.10,27.81,17,17,0,0.22,0.20,0.30,27.52,17,17,0
1136657,0.36,0.30,0.40,28.28,17,17,0,741.64,739.50,743.70,23.94,17,0,0,0.36,0.30,0.40,27.85,17,17,0,0.50,0.50,0.50,27.42,17,17,0,0.11,0.10,0.20,28.27,17,17,0,1.08,1.00,1.10,27.82,17,17,0,0.21,0.20,0.30,27.54,17,17,0
1137157,0.36,0.30,0.40,28.27,17,17,0,740.32,737.50,743.50,23.94,17,0,0,0.33,0.30,0.40,27.84,17,17,0,0.50,0.50,0.50,27.42,17,17,0,0.10,0.10,0.10,28.26,17,17,0,1.07,1.00,1.10,27.83,17,17,0,0.22,0.20,0.30,27.53,17,17,0
1137657,0.38,0.30,0.40,28.27,17,17,0,747.34,742.10,752.30,23.93,17,0,0,0.34,0.30,0.40,27.84,17,17,0,0.49,0.40,0.50,27.45,17,17,0,0.09,0.00,0.10,28.26,17,17,0,1.06,1.00,1.10,27.84,17,17,0,0.22,0.20,0.30,27.52,17,17,0
1138157,0.37,0.30,0.40,28.28,17,17,0,748.11,745.20,752.20,23.92,17,0,0,0.35,0.30,0.40,27.85,17,17,0,0.49,0.40,0.50,27.42,17,17,0,0.10,0.10,0.10,28.27,17,17,0,1.08,1.00,1.10,27.82,17,17,0,0.22,0.20,0.30,27.53,17,17,0
1138657,0.37,0.30,0.40,28.26,17,17,0,746.92,744.10,750.90,23.93,17,0,0,0.35,0.30,0.40,27.84,17,17,0,0.49,0.40,0.50,27.43,17,17,0,0.10,0.10,0.10,28.27,17,17,0,1.08,1.00,1.10,27.82,17,17,0,0.21,0.20,0.30,27.52,17,17,0
1139157,0.34,0.30,0.40,28.29,17,17,0,747.16,743.80,749.50,23.93,17,0,0,0.37,0.30,0.40,27.84,17,17,0,0.49,0.40,0.50,27.43,17,17,0,0.09,0.00,0.20,28.26,17,17,0,1.09,1.00,1.10,27.83,17,17,0,0.21,0.20,0.30,27.52,17,17,0
1139665,0.36,0.30,0.40,28.28,17,17,0,749.05,746.60,752.60,23.93,17,0,0,0.33,0.30,0.40,27.84,17,17,0,0.50,0.50,0.50,27.44,17,17,0,0.09,0.00,0.10,28.28,17,17,0,1.08,1.00,1.10,27.83,17,17,0,0.24,0.20,0.30,27.52,17,17,0
1140165,0.35,0.30,0.40,28.29,17,17,0,757.22,752.40,760.90,23.93,17,0,0,0.35,0.30,0.40,27.85,17,17,0,0.49,0.40,0.50,27.44,17,17,0,0.09,0.00,0.10,28.26,17,17,0,1.05,1.00,1.10,27.83,17,17,0,0.23,0.20,0.30,27.53,17,17,0
1140678,0.34,0.30,0.40,28.28,17,17,0,757.81,754.30,760.50,23.92,17,0,0,0.39,0.30,0.40,27.84,17,17,0,0.50,0.50,0.50,27.43,17,17,0,0.10,0.10,0.10,28.27,17,17,0,1.08,1.00,1.10,27.82,17,17,0,0.22,0.20,0.30,27.54,17,17,0
1141178,0.36,0.30,0.40,28.27,17,17,0,758.64,755.20,760.60,23.93,17,0,0,0.36,0.30,0.40,27.84,17,17,0,0.49,0.40,0.50,27.44,17,17,0,0.10,0.00,0.20,28.26,17,17,0,1.08,1.00,1.10,27.84,17,17,0,0.22,0.20,0.30,27.53,17,17,0
1141678,0.36,0.30,0.40,28.26,17,17,0,758.22,756.40,760.30,23.95,17,0,0,0.34,0.30,0.40,27.86,17,17,0,0.50,0.50,0.50,27.46,17,17,0,0.09,0.00,0.10,28.26,17,17,0,1.09,1.00,1.10,27.82,17,17,0,0.22,0.20,0.30,27.53,17,17,0
1142178,0.36,0.30,0.40,28.29,17,17,0,762.44,757.00,769.80,23.94,17,0,0,0.38,0.30,0.40,27.83,17,17,0,0.49,0.40,0.50,27.45,17,17,0,0.10,0.10,0.10,28.25,17,17,0,1.09,1.00,1.10,27.83,17,17,0,0.24,0.20,0.30,27.53,17,17,0
1142678,0.35,0.30,0.40,28.27,17,17,0,768.57,763.00,771.20,23.92,17,0,0,0.34,0.30,0.40,27.85,17,17,0,0.50,0.50,0.50,27.46,17,17,0,0.09,0.00,0.10,28.27,17,17,0,1.10,1.10,1.10,27.81,17,17,0,0.22,0.20,0.30,27.54,17,17,0
1143182,0.35,0.30,0.40,28.26,17,17,0,770.28,766.60,774.30,23.91,17,0,0,0.38,0.30,0.40,27.84,17,17,0,0.49,0.40,0.50,27.43,17,17,0,0.11,0.10,0.20,28.26,17,17,0,1.08,1.00,1.10,27.82,17,17,0,0.22,0.20,0.30,27.52,17,17,0
1143683,0.36,0.30,0.40,28.28,17,17,0,771.09,767.70,773.60,23.92,17,0,0,0.36,0.30,0.40,27.85,17,17,0,0.49,0.40,0.50,27.44,17,17,0,0.11,0.10,0.20,28.26,17,17,0,1.09,1.00,1.10,27.82,17,17,0,0.20,0.20,0.20,27.54,17,17,0
1144183,0.36,0.30,0.40,28.27,17,17,0,770.74,767.60,773.60,23.93,17,0,0,0.35,0.30,0.40,27.85,17,17,0,0.49,0.40,0.50,27.43,17,17,0,0.10,0.10,0.10,28.26,17,17,0,1.08,1.00,1.20,27.83,17,17,0,0.22,0.20,0.30,27.54,17,17,0
1144683,0.34,0.30,0.40,28.27,18,18,0,779.98,773.90,784.00,23.92,18,0,0,0.34,0.30,0.40,27.84,18,18,0,0.49,0.40,0.50,27.43,18,18,0,0.09,0.00,0.10,28.27,18,18,0,1.09,1.00,1.10,27.83,18,18,0,0.22,0.20,0.30,27.52,18,18,0
1145192,0.35,0.30,0.40,28.28,17,17,0,782.32,778.80,784.40,23.92,17,0,0,0.34,0.30,0.40,27.84,17,17,0,0.50,0.50,0.50,27.43,17,17,0,0.09,0.00,0.10,28.27,17,17,0,1.08,1.00,1.10,27.82,17,17,0,0.23,0.20,0.30,27.54,17,17,0
1145692,0.36,0.30,0.40,28.28,17,17,0,780.25,777.50,785.00,23.92,17,0,0,0.35,0.30,0.40,27.84,17,17,0,0.50,0.50,0.50,27.44,17,17,0,0.11,0.10,0.20,28.27,17,17,0,1.09,1.00,1.10,27.84,17,17,0,0.23,0.20,0.30,27.54,17,17,0
1146192,0.35,0.30,0.40,28.27,17,17,0,778.91,776.00,781.70,23.92,17,0,0,0.35,0.30,0.40,27.86,17,17,0,0.49,0.40,0.50,27.45,17,17,0,0.09,0.00,0.10,28.27,17,17,0,1.09,1.00,1.10,27.83,17,17,0,0.25,0.20,0.30,27.53,17,17,0
1146701,0.38,0.30,0.40,28.27,17,17,0,780.04,776.60,785.40,23.92,17,0,0,0.36,0.30,0.40,27.86,17,17,0,0.49,0.40,0.50,27.43,17,17,0,0.10,0.10,0.10,28.27,17,17,0,1.09,1.00,1.10,27.83,17,17,0,0.22,0.20,0.30,27.54,17,17,0
1147207,0.37,0.30,0.40,28.28,17,17,0,789.26,785.90,792.40,23.94,17,0,0,0.35,0.30,0.40,27.84,17,17,0,0.49,0.40,0.50,27.44,17,17,0,0.10,0.10,0.10,28.28,17,17,0,1.07,1.00,1.10,27.84,17,17,0,0.25,0.20,0.30,27.53,17,17,0
1147709,0.36,0.30,0.40,28.28,17,17,0,787.96,784.80,790.40,23.93,17,0,0,0.36,0.30,0.40,27.85,17,17,0,0.49,0.40,0.50,27.44,17,17,0,0.10,0.10,0.10,28.28,17,17,0,1.08,1.00,1.10,27.85,17,17,0,0.20,0.20,0.20,27.53,17,17,0
1148209,0.36,0.30,0.40,28.28,17,17,0,785.88,782.70,788.40,23.91,17,0,0,0.35,0.30,0.40,27.86,17,17,0,0.49,0.40,0.50,27.45,17,17,0,0.10,0.10,0.10,28.27,17,17,0,1.09,1.00,1.10,27.83,17,17,0,0.23,0.20,0.30,27.55,17,17,0
1148718,0.36,0.30,0.40,28.27,18,18,0,783.39,780.80,786.80,23.93,18,0,0,0.36,0.30,0.40,27.83,18,18,0,0.48,0.40,0.50,27.44,18,18,0,0.10,0.10,0.10,28.27,18,18,0,1.08,1.00,1.10,27.85,18,18,0,0.22,0.20,0.30,27.55,18,18,0
1149230,0.35,0.30,0.40,28.28,18,18,0,785.77,780.50,791.20,23.91,18,0,0,0.34,0.30,0.40,27.83,18,18,0,0.50,0.50,0.50,27.44,18,18,0,0.09,0.00,0.10,28.27,18,18,0,1.09,1.00,1.10,27.83,18,18,0,0.22,0.20,0.30,27.56,18,18,0
1149730,0.36,0.30,0.40,28.29,17,17,0,790.32,786.30,792.80,23.93,17,0,0,0.35,0.30,0.40,27.84,17,17,0,0.49,0.40,0.50,27.43,17,17,0,0.10,0.10,0.10,28.28,17,17,0,1.08,1.00,1.10,27.83,17,17,0,0.23,0.20,0.30,27.54,17,17,0
1150230,0.36,0.30,0.40,28.28,17,17,0,787.01,783.90,790.20,23.92,17,0,0,0.36,0.30,0.40,27.85,17,17,0,0.49,0.40,0.50,27.44,17,17,0,0.09,0.00,0.10,28.28,17,17,0,1.08,1.00,1.10,27.83,17,17,0,0.22,0.20,0.30,27.55,17,17,0
1150739,0.34,0.30,0.40,28.27,18,18,0,783.07,779.70,787.60,23.93,18,0,0,0.34,0.30,0.40,27.85,18,18,0,0.49,0.40,0.50,27.43,18,18,0,0.11,0.10,0.20,28.28,18,18,0,1.08,1.00,1.10,27.84,18,18,0,0.22,0.20,0.30,27.53,18,18,0
1151245,0.36,0.30,0.40,28.27,17,17,0,779.52,776.90,781.60,23.94,17,0,0,0.36,0.30,0.40,27.84,17,17,0,0.50,0.50,0.50,27.44,17,17,0,0.10,0.00,0.20,28.26,17,17,0,1.09,1.00,1.10,27.83,17,17,0,0.22,0.20,0.30,27.56,17,17,0
1151749,0.34,0.30,0.40,28.28,17,17,0,783.86,779.60,787.70,23.92,17,0,0,0.36,0.30,0.40,27.84,17,17,0,0.50,0.50,0.50,27.45,17,17,0,0.10,0.10,0.10,28.28,17,17,0,1.08,1.00,1.10,27.83,17,17,0,0.22,0.20,0.30,27.53,17,17,0
1152249,0.38,0.30,0.40,28.29,17,17,0,783.28,780.00,786.00,23.92,17,0,0,0.35,0.30,0.40,27.83,17,17,0,0.50,0.50,0.50,27.43,17,17,0,0.10,0.10,0.10,28.28,17,17,0,1.09,1.00,1.10,27.84,17,17,0,0.24,0.20,0.30,27.54,17,17,0
1152752,0.38,0.30,0.40,28.29,17,17,0,775.11,771.10,780.00,23.93,17,0,0,0.36,0.30,0.40,27.84,17,17,0,0.49,0.40,0.50,27.44,17,17,0,0.10,0.10,0.10,28.28,17,17,0,1.09,1.00,1.10,27.84,17,17,0,0.25,0.20,0.30,27.54,17,17,0
1153252,0.35,0.30,0.40,28.29,17,17,0,769.12,766.40,771.70,23.94,17,0,0,0.34,0.30,0.40,27.86,17,17,0,0.49,0.40,0.50,27.44,17,17,0,0.10,0.10,0.10,28.28,17,17,0,1.06,1.00,1.10,27.84,17,17,0,0.22,0.20,0.30,27.55,17,17,0
1153754,0.36,0.30,0.40,28.28,17,17,0,768.76,764.80,774.50,23.94,17,0,0,0.36,0.30,0.40,27.84,17,17,0,0.50,0.50,0.50,27.45,17,17,0,0.10,0.10,0.10,28.29,17,17,0,1.09,1.00,1.10,27.84,17,17,0,0.21,0.20,0.30,27.54,17,17,0
1154254,0.34,0.30,0.40,28.30,17,17,0,777.14,773.80,780.50,23.93,17,0,0,0.36,0.30,0.40,27.85,17,17,0,0.50,0.50,0.50,27.44,17,17,0,0.10,0.10,0.10,28.27,17,17,0,1.09,1.00,1.10,27.82,17,17,0,0.22,0.20,0.30,27.53,17,17,0
1154754,0.38,0.30,0.40,28.29,17,17,0,772.87,765.50,779.60,23.92,17,0,0,0.36,0.30,0.40,27.84,17,17,0,0.49,0.40,0.50,27.43,17,17,0,0.11,0.10,0.20,28.27,17,17,0,1.09,1.00,1.10,27.82,17,17,0,0.22,0.20,0.30,27.53,17,17,0
1155254,0.38,0.30,0.40,28.29,17,17,0,765.81,762.30,769.00,23.92,17,0,0,0.37,0.30,0.40,27.86,17,17,0,0.50,0.50,0.50,27.46,17,17,0,0.10,0.10,0.10,28.27,17,17,0,1.08,1.00,1.10,27.82,17,17,0,0.22,0.20,0.30,27.55,17,17,0
1155767,0.37,0.30,0.40,28.29,18,18,0,763.10,760.70,765.50,23.93,18,0,0,0.36,0.30,0.40,27.85,18,18,0,0.50,0.50,0.50,27.44,18,18,0,0.10,0.10,0.10,28.28,18,18,0,1.09,1.00,1.10,27.83,18,18,0,0.23,0.20,0.30,27.55,18,18,0
1156267,0.37,0.30,0.40,28.28,17,17,0,764.15,760.70,768.70,23.95,17,0,0,0.36,0.30,0.40,27.85,17,17,0,0.50,0.50,0.50,27.44,17,17,0,0.10,0.10,0.10,28.26,17,17,0,1.09,1.00,1.10,27.84,17,17,0,0.22,0.20,0.30,27.53,17,17,0
1156780,0.34,0.30,0.40,28.29,18,18,0,766.26,763.40,768.80,23.94,18,0,0,0.36,0.30,0.40,27.83,18,18,0,0.50,0.50,0.50,27.43,18,18,0,0.10,0.10,0.10,28.26,18,18,0,1.09,1.00,1.10,27.83,18,18,0,0.23,0.20,0.30,27.54,18,18,0
1157280,0.36,0.30,0.40,28.29,17,17,0,761.07,756.50,764.40,23.94,17,0,0,0.35,0.30,0.40,27.86,17,17,0,0.49,0.40,0.50,27.44,17,17,0,0.10,0.10,0.10,28.27,17,17,0,1.09,1.00,1.10,27.83,17,17,0,0.23,0.20,0.30,27.54,17,17,0
1157780,0.36,0.30,0.40,28.29,17,17,0,757.24,754.10,760.90,23.93,17,0,0,0.36,0.30,0.40,27.84,17,17,0,0.50,0.50,0.50,27.44,17,17,0,0.10,0.00,0.20,28.27,17,17,0,1.08,1.00,1.10,27.83,17,17,0,0.23,0.20,0.30,27.53,17,17,0
1158293,0.36,0.30,0.40,28.28,18,18,0,756.48,752.20,758.40,23.92,18,0,0,0.35,0.30,0.40,27.86,18,18,0,0.50,0.40,0.60,27.43,18,18,0,0.09,0.00,0.10,28.28,18,18,0,1.08,1.00,1.10,27.84,18,18,0,0.23,0.20,0.30,27.55,18,18,0
1158793,0.35,0.30,0.40,28.28,17,17,0,755.90,752.60,758.20,23.95,17,0,0,0.34,0.30,0.40,27.87,17,17,0,0.49,0.40,0.50,27.44,17,17,0,0.10,0.00,0.20,28.27,17,17,0,1.06,1.00,1.10,27.82,17,17,0,0.21,0.20,0.30,27.53,17,17,0
1159293,0.36,0.30,0.40,28.28,17,17,0,755.02,750.20,757.60,23.94,17,0,0,0.35,0.30,0.40,27.84,17,17,0,0.49,0.40,0.50,27.43,17,17,0,0.10,0.10,0.10,28.27,17,17,0,1.07,1.00,1.10,27.84,17,17,0,0.22,0.20,0.30,27.55,17,17,0
1159805,0.38,0.30,0.40,28.29,17,17,0,749.48,746.30,752.20,23.92,17,0,0,0.34,0.30,0.40,27.85,17,17,0,0.49,0.40,0.60,27.44,17,17,0,0.09,0.00,0.10,28.26,17,17,0,1.09,1.00,1.10,27.84,17,17,0,0.21,0.20,0.30,27.53,17,17,0
1160318,0.37,0.30,0.40,28.28,18,18,0,747.10,744.10,750.30,23.93,18,0,0,0.34,0.30,0.40,27.86,18,18,0,0.49,0.40,0.50,27.46,18,18,0,0.10,0.10,0.10,28.26,18,18,0,1.07,1.00,1.10,27.84,18,18,0,0.24,0.20,0.30,27.54,18,18,0
1160830,0.36,0.30,0.40,28.29,18,18,0,747.51,743.30,750.20,23.92,18,0,0,0.33,0.30,0.40,27.84,18,18,0,0.49,0.40,0.50,27.45,18,18,0,0.09,0.00,0.10,28.27,18,18,0,1.07,1.00,1.10,27.84,18,18,0,0.22,0.20,0.30,27.53,18,18,0
1161342,0.37,0.30,0.40,28.28,18,18,0,751.27,748.90,753.40,23.93,18,0,0,0.36,0.30,0.40,27.85,18,18,0,0.50,0.50,0.50,27.44,18,18,0,0.10,0.10,0.10,28.28,18,18,0,1.09,1.00,1.10,27.83,18,18,0,0.22,0.20,0.30,27.52,18,18,0
1161842,0.36,0.30,0.40,28.30,17,17,0,748.84,744.10,752.10,23.93,17,0,0,0.38,0.30,0.40,27.84,17,17,0,0.49,0.40,0.50,27.44,17,17,0,0.10,0.10,0.10,28.28,17,17,0,1.08,1.00,1.10,27.83,17,17,0,0.24,0.20,0.30,27.53,17,17,0
1162342,0.35,0.30,0.40,28.29,17,17,0,743.56,739.50,748.00,23.93,17,0,0,0.34,0.30,0.40,27.86,17,17,0,0.49,0.40,0.50,27.42,17,17,0,0.10,0.10,0.10,28.28,17,17,0,1.06,1.00,1.10,27.82,17,17,0,0.22,0.20,0.30,27.54,17,17,0
1162842,0.34,0.30,0.40,28.29,17,17,0,744.09,739.30,746.90,23.95,17,0,0,0.37,0.30,0.40,27.83,17,17,0,0.49,0.40,0.50,27.43,17,17,0,0.09,0.00,0.10,28.28,17,17,0,1.06,1.00,1.10,27.87,17,17,0,0.24,0.20,0.30,27.53,17,17,0
1163342,0.35,0.30,0.40,28.29,17,17,0,744.19,740.10,748.40,23.94,17,0,0,0.35,0.30,0.40,27.84,17,17,0,0.50,0.50,0.50,27.43,17,17,0,0.11,0.10,0.20,28.26,17,17,0,1.06,1.00,1.10,27.85,17,17,0,0.21,0.20,0.30,27.54,17,17,0
1163843,0.38,0.30,0.40,28.30,17,17,0,746.28,744.00,748.00,23.92,17,0,0,0.38,0.30,0.40,27.85,17,17,0,0.50,0.50,0.50,27.44,17,17,0,0.11,0.10,0.20,28.27,17,17,0,1.08,1.00,1.10,27.85,17,17,0,0.21,0.20,0.30,27.55,17,17,0
1164343,0.36,0.30,0.40,28.28,17,17,0,742.82,740.30,747.50,23.93,17,0,0,0.35,0.30,0.40,27.85,17,17,0,0.49,0.40,0.50,27.45,17,17,0,0.10,0.10,0.10,28.28,17,17,0,1.06,1.00,1.10,27.83,17,17,0,0.22,0.20,0.30,27.55,17,17,0
1164843,0.36,0.30,0.40,28.28,17,17,0,740.22,737.70,742.40,23.94,17,0,0,0.34,0.30,0.40,27.84,17,17,0,0.49,0.40,0.50,27.44,17,17,0,0.10,0.10,0.10,28.29,17,17,0,1.08,1.00,1.10,27.85,17,17,0,0.22,0.20,0.30,27.54,17,17,0
1165356,0.36,0.30,0.40,28.29,18,18,0,739.71,737.80,741.90,23.91,18,0,0,0.37,0.30,0.40,27.83,18,18,0,0.51,0.50,0.60,27.43,18,18,0,0.11,0.10,0.20,28.27,18,18,0,1.09,1.00,1.10,27.84,18,18,0,0.22,0.20,0.30,27.54,18,18,0
1165858,0.36,0.30,0.40,28.30,17,17,0,745.35,740.90,749.30,23.92,17,0,0,0.36,0.30,0.40,27.84,17,17,0,0.50,0.50,0.50,27.43,17,17,0,0.10,0.10,0.10,28.26,17,17,0,1.08,1.00,1.10,27.84,17,17,0,0.22,0.20,0.30,27.54,17,17,0
1166371,0.37,0.30,0.40,28.29,18,18,0,745.74,742.20,749.10,23.93,18,0,0,0.36,0.30,0.40,27.85,18,18,0,0.50,0.50,0.50,27.43,18,18,0,0.10,0.00,0.20,28.27,18,18,0,1.08,1.00,1.10,27.83,18,18,0,0.22,0.20,0.30,27.55,18,18,0
1166871,0.35,0.30,0.40,28.28,17,17,0,742.08,739.10,745.00,23.93,17,0,0,0.36,0.30,0.40,27.84,17,17,0,0.49,0.40,0.50,27.45,17,17,0,0.10,0.10,0.10,28.27,17,17,0,1.06,1.00,1.10,27.83,17,17,0,0.21,0.20,0.30,27.54,17,17,0
1167383,0.35,0.30,0.40,28.29,18,18,0,740.26,737.90,742.30,23.93,18,0,0,0.37,0.30,0.40,27.85,18,18,0,0.49,0.40,0.50,27.43,18,18,0,0.11,0.10,0.20,28.27,18,18,0,1.07,1.00,1.10,27.83,18,18,0,0.22,0.20,0.30,27.54,18,18,0
1167883,0.35,0.30,0.40,28.30,17,17,0,742.27,739.50,746.70,23.92,17,0,0,0.36,0.30,0.40,27.84,17,17,0,0.49,0.40,0.50,27.45,17,17,0,0.09,0.00,0.10,28.28,17,17,0,1.06,1.00,1.10,27.81,17,17,0,0.23,0.20,0.30,27.54,17,17,0
1168383,0.35,0.30,0.40,28.30,17,17,0,749.30,745.50,752.90,23.93,17,0,0,0.35,0.30,0.40,27.84,17,17,0,0.50,0.50,0.50,27.42,17,17,0,0.10,0.10,0.10,28.28,17,17,0,1.08,1.00,1.10,27.82,17,17,0,0.21,0.20,0.30,27.54,17,17,0
1168892,0.36,0.30,0.40,28.27,18,18,0,747.20,744.80,751.80,23.92,18,0,0,0.38,0.30,0.40,27.84,18,18,0,0.49,0.40,0.50,27.45,18,18,0,0.10,0.10,0.10,28.28,18,18,0,1.09,1.00,1.10,27.83,18,18,0,0.22,0.20,0.30,27.55,18,18,0
1169392,0.34,0.30,0.40,28.28,17,17,0,743.20,740.40,745.80,23.94,17,0,0,0.39,0.30,0.40,27.83,17,17,0,0.49,0.40,0.50,27.42,17,17,0,0.11,0.10,0.20,28.27,17,17,0,1.07,1.00,1.10,27.83,17,17,0,0.21,0.20,0.30,27.53,17,17,0
1169892,0.36,0.30,0.40,28.28,17,17,0,743.78,741.10,746.20,23.94,17,0,0,0.37,0.30,0.40,27.84,17,17,0,0.49,0.40,0.50,27.44,17,17,0,0.11,0.10,0.20,28.29,17,17,0,1.09,1.00,1.10,27.83,17,17,0,0.22,0.20,0.30,27.56,17,17,0
1170392,0.36,0.30,0.40,28.29,17,17,0,746.71,741.00,754.60,23.91,17,0,0,0.34,0.30,0.40,27.84,17,17,0,0.50,0.50,0.50,27.43,17,17,0,0.10,0.10,0.10,28.28,17,17,0,1.08,1.00,1.10,27.84,17,17,0,0.22,0.20,0.30,27.53,17,17,0
1170892,0.36,0.30,0.40,28.29,17,17,0,753.54,750.40,755.80,23.93,17,0,0,0.33,0.30,0.40,27.86,17,17,0,0.49,0.40,0.50,27.43,17,17,0,0.10,0.10,0.10,28.28,17,17,0,1.08,1.00,1.10,27.83,17,17,0,0.22,0.20,0.30,27.52,17,17,0
1171405,0.33,0.30,0.40,28.29,18,18,0,748.44,745.30,753.30,23.91,18,0,0,0.36,0.30,0.40,27.85,18,18,0,0.49,0.40,0.50,27.45,18,18,0,0.10,0.10,0.10,28.29,18,18,0,1.08,1.00,1.10,27.84,18,18,0,0.23,0.20,0.30,27.54,18,18,0
1171909,0.35,0.30,0.40,28.27,17,17,0,744.58,741.60,746.60,23.92,17,0,0,0.36,0.30,0.40,27.84,17,17,0,0.49,0.40,0.50,27.45,17,17,0,0.10,0.10,0.10,28.28,17,17,0,1.06,1.00,1.10,27.85,17,17,0,0.24,0.20,0.30,27.53,17,17,0
1172409,0.36,0.30,0.40,28.28,17,17,0,744.55,741.90,746.50,23.91,17,0,0,0.36,0.30,0.40,27.87,17,17,0,0.49,0.40,0.50,27.44,17,17,0,0.10,0.10,0.10,28.28,17,17,0,1.09,1.00,1.10,27.83,17,17,0,0.24,0.20,0.30,27.53,17,17,0
1172921,0.35,0.30,0.40,28.29,18,18,0,751.98,746.60,756.00,23.91,18,0,0,0.36,0.30,0.40,27.84,18,18,0,0.49,0.40,0.50,27.44,18,18,0,0.11,0.10,0.20,28.27,18,18,0,1.09,1.00,1.20,27.86,18,18,0,0.23,0.20,0.30,27.54,18,18,0
1173434,0.34,0.30,0.40,28.29,18,18,0,752.43,747.40,756.90,23.93,18,0,0,0.36,0.30,0.40,27.85,18,18,0,0.49,0.40,0.50,27.43,18,18,0,0.09,0.00,0.10,28.29,18,18,0,1.08,1.00,1.10,27.84,18,18,0,0.23,0.20,0.30,27.54,18,18,0
1173937,0.36,0.30,0.40,28.28,17,17,0,742.82,739.40,745.90,23.91,17,0,0,0.36,0.30,0.40,27.84,17,17,0,0.50,0.50,0.50,27.45,17,17,0,0.11,0.00,0.20,28.27,17,17,0,1.06,1.00,1.10,27.83,17,17,0,0.22,0.20,0.30,27.53,17,17,0
1174437,0.34,0.30,0.40,28.28,17,17,0,740.14,737.90,742.60,23.93,17,0,0,0.35,0.30,0.40,27.85,17,17,0,0.50,0.50,0.50,27.46,17,17,0,0.09,0.00,0.10,28.27,17,17,0,1.07,1.00,1.10,27.83,17,17,0,0.23,0.20,0.30,27.55,17,17,0
1174937,0.36,0.30,0.40,28.28,17,17,0,745.11,740.60,751.50,23.92,17,0,0,0.35,0.30,0.40,27.84,17,17,0,0.50,0.50,0.50,27.44,17,17,0,0.11,0.00,0.20,28.30,17,17,0,1.08,1.00,1.10,27.85,17,17,0,0.22,0.20,0.30,27.54,17,17,0
1175440,0.35,0.30,0.40,28.28,17,17,0,753.04,749.70,756.50,23.94,17,0,0,0.38,0.30,0.40,27.86,17,17,0,0.50,0.50,0.50,27.44,17,17,0,0.10,0.10,0.10,28.29,17,17,0,1.06,1.00,1.10,27.83,17,17,0,0.25,0.20,0.30,27.53,17,17,0
1175953,0.32,0.30,0.40,28.29,18,18,0,753.47,747.60,758.30,23.92,18,0,0,0.37,0.30,0.40,27.85,18,18,0,0.49,0.40,0.50,27.44,18,18,0,0.08,0.00,0.10,28.30,18,18,0,1.08,1.00,1.10,27.83,18,18,0,0.25,0.20,0.30,27.55,18,18,0
1176453,0.34,0.30,0.40,28.28,17,17,0,743.71,740.10,747.30,23.92,17,0,0,0.36,0.30,0.40,27.85,17,17,0,0.50,0.50,0.50,27.43,17,17,0,0.10,0.10,0.10,28.29,17,17,0,1.10,1.10,1.10,27.83,17,17,0,0.23,0.20,0.30,27.54,17,17,0
1176965,0.33,0.30,0.40,28.27,18,18,0,741.57,739.60,743.50,23.91,18,0,0,0.36,0.30,0.40,27.85,18,18,0,0.50,0.50,0.50,27.44,18,18,0,0.09,0.00,0.10,28.28,18,18,0,1.08,1.00,1.10,27.84,18,18,0,0.23,0.20,0.30,27.54,18,18,0
1177465,0.34,0.30,0.40,28.29,17,17,0,747.06,739.70,752.40,23.92,17,0,0,0.37,0.30,0.40,27.85,17,17,0,0.49,0.40,0.50,27.44,17,17,0,0.10,0.10,0.10,28.28,17,17,0,1.08,1.00,1.10,27.84,17,17,0,0.20,0.20,0.20,27.55,17,17,0
1177965,0.34,0.30,0.40,28.28,17,17,0,753.00,747.20,756.00,23.93,17,0,0,0.35,0.30,0.40,27.86,17,17,0,0.50,0.50,0.50,27.44,17,17,0,0.11,0.10,0.20,28.27,17,17,0,1.08,1.00,1.10,27.84,17,17,0,0.22,0.20,0.30,27.55,17,17,0
1178465,0.35,0.30,0.40,28.30,17,17,0,745.15,741.20,750.20,23.92,17,0,0,0.35,0.30,0.40,27.85,17,17,0,0.49,0.40,0.50,27.45,17,17,0,0.09,0.00,0.10,28.27,17,17,0,1.08,1.00,1.10,27.83,17,17,0,0.23,0.20,0.30,27.54,17,17,0
1178966,0.36,0.30,0.40,28.28,16,16,0,739.40,737.40,742.00,23.92,16,0,0,0.36,0.30,0.40,27.85,16,16,0,0.50,0.50,0.50,27.44,16,16,0,0.11,0.10,0.20,28.30,16,16,0,1.06,1.00,1.10,27.84,16,16,0,0.23,0.20,0.30,27.53,16,16,0
1179466,0.38,0.30,0.40,28.27,17,17,0,740.10,736.10,742.90,23.92,17,0,0,0.36,0.30,0.40,27.86,17,17,0,0.48,0.40,0.50,27.45,17,17,0,0.10,0.00,0.20,28.29,17,17,0,1.08,1.00,1.10,27.83,17,17,0,0.22,0.20,0.30,27.53,17,17,0
1179966,0.35,0.30,0.40,28.28,17,17,0,747.72,743.40,751.70,23.92,17,0,0,0.34,0.30,0.40,27.85,17,17,0,0.49,0.40,0.50,27.44,17,17,0,0.09,0.00,0.10,28.28,17,17,0,1.08,1.00,1.10,27.84,17,17,0,0.22,0.20,0.30,27.54,17,17,0
1180466,0.36,0.30,0.40,28.28,17,17,0,749.52,745.40,752.80,23.93,17,0,0,0.35,0.30,0.40,27.86,17,17,0,0.50,0.50,0.50,27.46,17,17,0,0.09,0.00,0.10,28.27,17,17,0,1.09,1.00,1.10,27.84,17,17,0,0.23,0.20,0.30,27.54,17,17,0
1180966,0.35,0.30,0.40,28.29,17,17,0,740.33,737.40,744.70,23.92,17,0,0,0.36,0.30,0.40,27.85,17,17,0,0.49,0.40,0.50,27.44,17,17,0,0.11,0.10,0.20,28.29,17,17,0,1.07,1.00,1.10,27.84,17,17,0,0.22,0.20,0.30,27.54,17,17,0
1181475,0.34,0.30,0.40,28.28,18,18,0,738.44,735.70,740.60,23.92,18,0,0,0.34,0.30,0.40,27.86,18,18,0,0.49,0.40,0.50,27.44,18,18,0,0.10,0.00,0.20,28.29,18,18,0,1.07,1.00,1.10,27.84,18,18,0,0.23,0.20,0.30,27.55,18,18,0
1181980,0.37,0.30,0.40,28.27,17,17,0,740.86,736.30,746.00,23.91,17,0,0,0.34,0.30,0.40,27.84,17,17,0,0.49,0.40,0.50,27.45,17,17,0,0.08,0.00,0.10,28.28,17,17,0,1.08,1.00,1.10,27.85,17,17,0,0.21,0.20,0.30,27.54,17,17,0
1182480,0.35,0.30,0.40,28.30,17,17,0,749.64,745.80,753.60,23.94,17,0,0,0.35,0.30,0.40,27.84,17,17,0,0.50,0.50,0.50,27.45,17,17,0,0.09,0.00,0.10,28.28,17,17,0,1.09,1.00,1.10,27.84,17,17,0,0.21,0.20,0.30,27.55,17,17,0
1182980,0.32,0.30,0.40,28.28,17,17,0,747.80,743.80,751.20,23.93,17,0,0,0.38,0.30,0.40,27.85,17,17,0,0.48,0.40,0.50,27.45,17,17,0,0.09,0.00,0.10,28.28,17,17,0,1.09,1.00,1.10,27.85,17,17,0,0.22,0.20,0.30,27.53,17,17,0
1183480,0.38,0.30,0.40,28.28,17,17,0,742.81,739.00,747.20,23.92,17,0,0,0.35,0.30,0.40,27.83,17,17,0,0.48,0.40,0.50,27.43,17,17,0,0.09,0.00,0.10,28.28,17,17,0,1.08,1.00,1.10,27.84,17,17,0,0.22,0.20,0.30,27.55,17,17,0
1183985,0.36,0.30,0.40,28.28,17,17,0,742.17,738.60,744.80,23.91,17,0,0,0.35,0.30,0.40,27.84,17,17,0,0.49,0.40,0.50,27.44,17,17,0,0.09,0.00,0.10,28.29,17,17,0,1.08,1.00,1.10,27.83,17,17,0,0.22,0.20,0.30,27.55,17,17,0
1184485,0.33,0.30,0.40,28.30,17,17,0,746.56,740.10,752.60,23.92,17,0,0,0.35,0.30,0.40,27.85,17,17,0,0.50,0.50,0.50,27.44,17,17,0,0.09,0.00,0.10,28.29,17,17,0,1.09,1.00,1.20,27.85,17,17,0,0.22,0.20,0.30,27.55,17,17,0
1184988,0.36,0.30,0.40,28.29,17,17,0,752.33,749.70,754.70,23.92,17,0,0,0.33,0.30,0.40,27.87,17,17,0,0.51,0.50,0.60,27.44,17,17,0,0.09,0.00,0.10,28.28,17,17,0,1.08,1.00,1.10,27.83,17,17,0,0.22,0.20,0.30,27.55,17,17,0
1185488,0.36,0.30,0.40,28.29,17,17,0,749.85,747.10,752.10,23.91,17,0,0,0.34,0.30,0.40,27.85,17,17,0,0.49,0.40,0.50,27.44,17,17,0,0.10,0.10,0.10,28.29,17,17,0,1.07,1.00,1.10,27.86,17,17,0,0.22,0.10,0.30,27.55,17,17,0
1186000,0.34,0.30,0.40,28.29,18,18,0,747.33,744.30,749.60,23.92,18,0,0,0.37,0.30,0.40,27.84,18,18,0,0.49,0.40,0.50,27.45,18,18,0,0.10,0.10,0.10,28.28,18,18,0,1.09,1.00,1.10,27.84,18,18,0,0.22,0.20,0.30,27.54,18,18,0
1186500,0.34,0.30,0.40,28.29,17,17,0,748.15,746.20,750.10,23.92,17,0,0,0.36,0.30,0.40,27.85,17,17,0,0.49,0.40,0.50,27.45,17,17,0,0.09,0.00,0.10,28.30,17,17,0,1.09,1.00,1.10,27.83,17,17,0,0.22,0.20,0.30,27.54,17,17,0
1187000,0.35,0.30,0.40,28.29,17,17,0,753.73,748.20,758.40,23.91,17,0,0,0.35,0.30,0.40,27.85,17,17,0,0.49,0.40,0.50,27.44,17,17,0,0.10,0.10,0.10,28.30,17,17,0,1.08,1.00,1.10,27.84,17,17,0,0.21,0.20,0.30,27.55,17,17,0
1187513,0.36,0.30,0.40,28.29,18,18,0,756.82,754.00,758.90,23.92,18,0,0,0.36,0.30,0.40,27.85,18,18,0,0.50,0.50,0.50,27.45,18,18,0,0.09,0.00,0.10,28.28,18,18,0,1.06,1.00,1.10,27.83,18,18,0,0.23,0.20,0.30,27.54,18,18,0
1188013,0.37,0.30,0.40,28.30,17,17,0,757.31,754.10,759.10,23.91,17,0,0,0.36,0.30,0.40,27.84,17,17,0,0.48,0.40,0.50,27.45,17,17,0,0.09,0.00,0.10,28.28,17,17,0,1.06,1.00,1.10,27.85,17,17,0,0.21,0.20,0.30,27.54,17,17,0
1188525,0.35,0.30,0.40,28.29,18,18,0,758.24,755.70,760.90,23.93,18,0,0,0.36,0.30,0.40,27.85,18,18,0,0.48,0.40,0.50,27.46,18,18,0,0.09,0.00,0.10,28.28,18,18,0,1.08,1.00,1.10,27.85,18,18,0,0.22,0.20,0.30,27.54,18,18,0
1189034,0.34,0.30,0.40,28.29,18,18,0,759.61,755.90,764.00,23.92,18,0,0,0.37,0.30,0.40,27.84,18,18,0,0.50,0.50,0.50,27.45,18,18,0,0.08,0.00,0.10,28.28,18,18,0,1.08,1.00,1.10,27.85,18,18,0,0.22,0.20,0.30,27.54,18,18,0
1189534,0.36,0.30,0.40,28.28,17,17,0,767.24,764.00,770.30,23.91,17,0,0,0.37,0.30,0.40,27.85,17,17,0,0.50,0.50,0.50,27.45,17,17,0,0.09,0.00,0.10,28.29,17,17,0,1.09,1.00,1.10,27.84,17,17,0,0.22,0.20,0.30,27.55,17,17,0
1190034,0.34,0.30,0.40,28.30,17,17,0,768.71,766.10,771.20,23.91,17,0,0,0.35,0.30,0.40,27.84,17,17,0,0.50,0.50,0.50,27.45,17,17,0,0.09,0.00,0.10,28.30,17,17,0,1.09,1.00,1.10,27.84,17,17,0,0.21,0.20,0.30,27.55,17,17,0
1190537,0.36,0.30,0.40,28.29,17,17,0,768.57,765.70,771.60,23.90,17,0,0,0.34,0.30,0.40,27.85,17,17,0,0.49,0.40,0.50,27.44,17,17,0,0.10,0.10,0.10,28.28,17,17,0,1.09,1.00,1.10,27.85,17,17,0,0.22,0.20,0.30,27.53,17,17,0
1191037,0.35,0.30,0.40,28.30,17,17,0,770.09,766.30,773.50,23.93,17,0,0,0.32,0.30,0.40,27.87,17,17,0,0.49,0.40,0.50,27.46,17,17,0,0.10,0.10,0.10,28.28,17,17,0,1.07,1.00,1.10,27.84,17,17,0,0.22,0.20,0.30,27.54,17,17,0
1191549,0.34,0.30,0.40,28.29,18,18,0,771.54,768.00,777.10,23.91,18,0,0,0.33,0.30,0.40,27.85,18,18,0,0.50,0.50,0.50,27.46,18,18,0,0.09,0.00,0.10,28.28,18,18,0,1.07,1.00,1.10,27.83,18,18,0,0.23,0.20,0.30,27.54,18,18,0
1192053,0.35,0.30,0.40,28.29,17,17,0,778.63,776.10,781.90,23.90,17,0,0,0.36,0.30,0.40,27.84,17,17,0,0.50,0.50,0.50,27.45,17,17,0,0.09,0.00,0.10,28.29,17,17,0,1.08,1.00,1.10,27.83,17,17,0,0.24,0.20,0.30,27.55,17,17,0
1192553,0.36,0.30,0.40,28.29,17,17,0,779.00,776.90,782.00,23.92,17,0,0,0.35,0.30,0.40,27.83,17,17,0,0.49,0.40,0.50,27.46,17,17,0,0.10,0.10,0.10,28.29,17,17,0,1.06,1.00,1.10,27.85,17,17,0,0.25,0.20,0.30,27.54,17,17,0
1193053,0.36,0.30,0.40,28.30,17,17,0,779.76,776.90,782.80,23.89,17,0,0,0.35,0.30,0.40,27.84,17,17,0,0.49,0.40,0.50,27.45,17,17,0,0.09,0.00,0.10,28.29,17,17,0,1.08,1.00,1.10,27.84,17,17,0,0.24,0.20,0.30,27.56,17,17,0
1193566,0.36,0.30,0.40,28.28,18,18,0,780.52,777.40,783.60,23.92,18,0,0,0.37,0.30,0.40,27.84,18,18,0,0.49,0.40,0.50,27.45,18,18,0,0.09,0.00,0.10,28.29,18,18,0,1.07,1.00,1.10,27.85,18,18,0,0.25,0.20,0.30,27.55,18,18,0
1194066,0.34,0.30,0.40,28.28,17,17,0,786.72,780.10,791.00,23.92,17,0,0,0.33,0.30,0.40,27.86,17,17,0,0.49,0.40,0.50,27.46,17,17,0,0.09,0.00,0.10,28.30,17,17,0,1.09,1.00,1.10,27.85,17,17,0,0.22,0.20,0.30,27.55,17,17,0
1194572,0.34,0.30,0.40,28.29,17,17,0,790.24,786.90,792.80,23.91,17,0,0,0.37,0.30,0.40,27.84,17,17,0,0.50,0.50,0.50,27.44,17,17,0,0.09,0.00,0.10,28.29,17,17,0,1.09,1.00,1.10,27.84,17,17,0,0.21,0.20,0.30,27.54,17,17,0
1195074,0.36,0.30,0.40,28.28,17,17,0,788.88,785.70,792.00,23.89,17,0,0,0.34,0.30,0.40,27.85,17,17,0,0.50,0.50,0.50,27.45,17,17,0,0.10,0.10,0.10,28.29,17,17,0,1.09,1.00,1.10,27.85,17,17,0,0.24,0.20,0.30,27.56,17,17,0
1195574,0.34,0.30,0.40,28.29,17,17,0,787.41,783.60,789.90,23.90,17,0,0,0.32,0.30,0.40,27.85,17,17,0,0.50,0.50,0.50,27.45,17,17,0,0.09,0.00,0.20,28.29,17,17,0,1.08,1.00,1.10,27.85,17,17,0,0.22,0.20,0.30,27.54,17,17,0
1196074,0.34,0.30,0.40,28.29,17,17,0,785.32,782.00,788.50,23.91,17,0,0,0.37,0.30,0.40,27.85,17,17,0,0.49,0.40,0.50,27.46,17,17,0,0.10,0.10,0.10,28.28,17,17,0,1.09,1.00,1.10,27.83,17,17,0,0.22,0.20,0.30,27.55,17,17,0
1196574,0.35,0.30,0.40,28.28,17,17,0,791.31,785.50,796.20,23.91,17,0,0,0.35,0.30,0.40,27.84,17,17,0,0.49,0.40,0.50,27.45,17,17,0,0.11,0.10,0.20,28.28,17,17,0,1.09,1.00,1.10,27.86,17,17,0,0.24,0.20,0.30,27.55,17,17,0
1197087,0.35,0.30,0.40,28.28,18,18,0,790.00,786.30,793.10,23.92,18,0,0,0.34,0.30,0.40,27.85,18,18,0,0.50,0.50,0.50,27.47,18,18,0,0.10,0.10,0.10,28.28,18,18,0,1.08,1.00,1.10,27.83,18,18,0,0.23,0.20,0.30,27.56,18,18,0
1197587,0.38,0.30,0.40,28.28,16,16,0,785.85,782.40,788.10,23.90,16,0,0,0.36,0.30,0.40,27.82,16,16,0,0.50,0.50,0.50,27.46,16,16,0,0.11,0.10,0.20,28.29,16,16,0,1.06,1.00,1.10,27.83,16,16,0,0.22,0.20,0.30,27.54,16,16,0
1198088,0.36,0.30,0.40,28.30,17,17,0,783.87,780.90,785.80,23.91,17,0,0,0.39,0.30,0.40,27.86,17,17,0,0.49,0.40,0.50,27.44,17,17,0,0.09,0.00,0.10,28.30,17,17,0,1.07,1.00,1.10,27.83,17,17,0,0.22,0.20,0.30,27.55,17,17,0
1198601,0.35,0.30,0.40,28.28,18,18,0,783.38,778.80,787.80,23.91,18,0,0,0.37,0.30,0.40,27.86,18,18,0,0.50,0.50,0.50,27.47,18,18,0,0.10,0.10,0.10,28.28,18,18,0,1.07,1.00,1.10,27.85,18,18,0,0.24,0.20,0.30,27.54,18,18,0
1199101,0.35,0.30,0.40,28.28,17,17,0,786.61,784.90,790.60,23.90,17,0,0,0.36,0.30,0.40,27.83,17,17,0,0.50,0.50,0.50,27.45,17,17,0,0.10,0.00,0.20,28.27,17,17,0,1.08,1.00,1.10,27.86,17,17,0,0.22,0.20,0.30,27.54,17,17,0
1199601,0.36,0.30,0.40,28.30,17,17,0,783.12,780.20,786.70,23.92,17,0,0,0.34,0.30,0.40,27.84,17,17,0,0.50,0.50,0.50,27.45,17,17,0,0.08,0.00,0.10,28.28,17,17,0,1.05,1.00,1.10,27.85,17,17,0,0.21,0.20,0.30,27.57,17,17,0
1200105,0.34,0.30,0.40,28.30,17,17,0,777.87,775.70,781.20,23.91,17,0,0,0.35,0.30,0.40,27.84,17,17,0,0.50,0.50,0.50,27.45,17,17,0,0.09,0.00,0.10,28.29,17,17,0,1.05,1.00,1.10,27.84,17,17,0,0.22,0.20,0.30,27.54,17,17,0
1200605,0.35,0.30,0.40,28.29,18,18,0,775.98,773.90,778.50,23.92,18,0,0,0.35,0.30,0.40,27.85,18,18,0,0.49,0.40,0.50,27.45,18,18,0,0.10,0.10,0.10,28.29,18,18,0,1.07,1.00,1.10,27.85,18,18,0,0.22,0.20,0.30,27.55,18,18,0
1201105,0.36,0.30,0.40,28.29,16,16,0,777.47,774.70,780.90,23.91,16,0,0,0.35,0.30,0.40,27.86,16,16,0,0.50,0.50,0.50,27.47,16,16,0,0.11,0.10,0.20,28.30,16,16,0,1.09,1.00,1.10,27.84,16,16,0,0.22,0.20,0.30,27.54,16,16,0
1201617,0.36,0.30,0.40,28.29,18,18,0,777.16,772.50,781.00,23.92,18,0,0,0.35,0.30,0.40,27.84,18,18,0,0.49,0.40,0.50,27.47,18,18,0,0.09,0.00,0.10,28.31,18,18,0,1.08,1.00,1.10,27.84,18,18,0,0.23,0.20,0.30,27.56,18,18,0
1202117,0.35,0.30,0.40,28.30,17,17,0,769.93,765.10,774.60,23.90,17,0,0,0.35,0.30,0.40,27.84,17,17,0,0.50,0.50,0.50,27.44,17,17,0,0.10,0.10,0.10,28.30,17,17,0,1.06,1.00,1.10,27.84,17,17,0,0.21,0.20,0.30,27.55,17,17,0
1202617,0.32,0.30,0.40,28.30,17,17,0,764.74,761.90,767.70,23.91,17,0,0,0.36,0.30,0.40,27.84,17,17,0,0.48,0.40,0.50,27.46,17,17,0,0.10,0.00,0.20,28.32,17,17,0,1.06,1.00,1.10,27.85,17,17,0,0.25,0.20,0.30,27.55,17,17,0
1203130,0.34,0.30,0.40,28.29,18,18,0,764.60,762.60,767.30,23.90,18,0,0,0.34,0.30,0.40,27.84,18,18,0,0.50,0.50,0.50,27.45,18,18,0,0.08,-0.10,0.10,28.29,18,18,0,1.07,1.00,1.10,27.86,18,18,0,0.22,0.20,0.30,27.55,18,18,0
1203630,0.34,0.30,0.40,28.29,17,17,0,768.88,766.10,770.60,23.91,17,0,0,0.35,0.30,0.40,27.84,17,17,0,0.49,0.40,0.50,27.46,17,17,0,0.09,0.00,0.10,28.29,17,17,0,1.08,1.00,1.10,27.85,17,17,0,0.21,0.20,0.30,27.54,17,17,0
1204130,0.34,0.30,0.40,28.28,17,17,0,763.14,758.90,766.40,23.92,17,0,0,0.37,0.30,0.40,27.83,17,17,0,0.50,0.50,0.50,27.46,17,17,0,0.11,0.10,0.20,28.30,17,17,0,1.08,1.00,1.10,27.84,17,17,0,0.25,0.20,0.30,27.56,17,17,0
1204630,0.35,0.30,0.40,28.29,17,17,0,757.71,755.30,761.40,23.93,17,0,0,0.35,0.30,0.40,27.86,17,17,0,0.49,0.40,0.50,27.45,17,17,0,0.10,0.10,0.10,28.28,17,17,0,1.07,1.00,1.10,27.85,17,17,0,0.22,0.10,0.30,27.54,17,17,0
1205135,0.33,0.30,0.40,28.29,17,17,0,755.61,753.30,758.60,23.92,17,0,0,0.35,0.30,0.40,27.84,17,17,0,0.50,0.50,0.50,27.47,17,17,0,0.09,0.00,0.20,28.30,17,17,0,1.07,1.00,1.10,27.84,17,17,0,0.21,0.20,0.30,27.55,17,17,0
1205648,0.34,0.30,0.40,28.29,18,18,0,757.49,754.00,763.30,23.92,18,0,0,0.37,0.30,0.40,27.84,18,18,0,0.49,0.40,0.50,27.45,18,18,0,0.10,0.10,0.10,28.29,18,18,0,1.08,1.00,1.10,27.85,18,18,0,0.22,0.20,0.30,27.54,18,18,0
1206150,0.35,0.30,0.40,28.29,17,17,0,759.23,756.40,763.20,23.91,17,0,0,0.32,0.30,0.40,27.84,17,17,0,0.50,0.50,0.50,27.47,17,17,0,0.09,0.00,0.10,28.29,17,17,0,1.08,1.00,1.10,27.83,17,17,0,0.23,0.20,0.30,27.55,17,17,0
1206650,0.36,0.30,0.40,28.29,17,17,0,755.52,752.60,758.10,23.92,17,0,0,0.31,0.30,0.40,27.86,17,17,0,0.50,0.50,0.50,27.47,17,17,0,0.09,0.00,0.10,28.29,17,17,0,1.09,1.00,1.10,27.85,17,17,0,0.22,0.20,0.30,27.56,17,17,0
1207150,0.35,0.30,0.40,28.29,17,17,0,752.06,748.60,754.80,23.91,17,0,0,0.34,0.30,0.40,27.83,17,17,0,0.49,0.40,0.50,27.46,17,17,0,0.10,0.10,0.10,28.28,17,17,0,1.10,1.10,1.10,27.84,17,17,0,0.21,0.20,0.30,27.56,17,17,0
1207650,0.35,0.30,0.40,28.30,18,18,0,750.46,747.80,752.70,23.93,18,0,0,0.33,0.30,0.40,27.85,18,18,0,0.49,0.40,0.50,27.46,18,18,0,0.11,0.10,0.20,28.30,18,18,0,1.06,1.00,1.10,27.84,18,18,0,0.23,0.20,0.30,27.55,18,18,0
1208163,0.36,0.30,0.40,28.29,17,17,0,754.65,751.20,756.90,23.92,17,0,0,0.34,0.30,0.40,27.85,17,17,0,0.49,0.40,0.50,27.46,17,17,0,0.09,0.00,0.20,28.27,17,17,0,1.06,1.00,1.10,27.86,17,17,0,0.21,0.20,0.30,27.55,17,17,0
1208663,0.35,0.30,0.40,28.29,17,17,0,753.12,748.20,756.00,23.93,17,0,0,0.33,0.30,0.40,27.85,17,17,0,0.50,0.50,0.50,27.44,17,17,0,0.08,0.00,0.10,28.30,17,17,0,1.09,1.00,1.10,27.86,17,17,0,0.21,0.20,0.30,27.55,17,17,0
1209163,0.37,0.30,0.40,28.30,17,17,0,747.71,744.60,751.50,23.91,17,0,0,0.33,0.30,0.40,27.86,17,17,0,0.50,0.50,0.50,27.45,17,17,0,0.10,0.10,0.10,28.29,17,17,0,1.06,1.00,1.10,27.85,17,17,0,0.22,0.20,0.30,27.56,17,17,0
1209663,0.35,0.30,0.40,28.30,17,17,0,745.56,742.30,748.20,23.93,17,0,0,0.33,0.30,0.40,27.85,17,17,0,0.49,0.40,0.50,27.47,17,17,0,0.09,0.00,0.10,28.29,17,17,0,1.06,1.00,1.10,27.84,17,17,0,0.24,0.20,0.30,27.56,17,17,0
1210176,0.36,0.30,0.40,28.30,18,18,0,745.32,742.80,749.90,23.92,18,0,0,0.32,0.30,0.40,27.84,18,18,0,0.50,0.50,0.50,27.45,18,18,0,0.09,0.00,0.10,28.28,18,18,0,1.07,1.00,1.10,27.85,18,18,0,0.23,0.20,0.30,27.55,18,18,0
1210676,0.36,0.30,0.40,28.28,17,17,0,749.64,746.60,753.40,23.91,17,0,0,0.37,0.30,0.40,27.84,17,17,0,0.50,0.50,0.50,27.46,17,17,0,0.11,0.00,0.20,28.31,17,17,0,1.08,1.00,1.10,27.85,17,17,0,0.22,0.20,0.30,27.56,17,17,0
1211176,0.35,0.30,0.40,28.29,17,17,0,747.68,744.80,751.30,23.92,17,0,0,0.38,0.30,0.40,27.84,17,17,0,0.49,0.40,0.50,27.47,17,17,0,0.09,0.00,0.10,28.29,17,17,0,1.08,1.00,1.10,27.84,17,17,0,0.22,0.20,0.30,27.56,17,17,0
1211676,0.35,0.30,0.40,28.29,17,17,0,741.87,738.20,744.20,23.92,17,0,0,0.35,0.30,0.40,27.86,17,17,0,0.50,0.50,0.50,27.46,17,17,0,0.10,0.10,0.10,28.28,17,17,0,1.08,1.00,1.10,27.84,17,17,0,0.23,0.20,0.30,27.57,17,17,0
1212176,0.33,0.30,0.40,28.31,18,18,0,740.92,738.90,743.10,23.92,18,0,0,0.33,0.30,0.40,27.85,18,18,0,0.50,0.50,0.50,27.46,18,18,0,0.09,0.00,0.10,28.30,18,18,0,1.07,1.00,1.10,27.85,18,18,0,0.22,0.20,0.30,27.55,18,18,0
1212684,0.34,0.30,0.40,28.29,17,17,0,744.81,739.00,751.70,23.92,17,0,0,0.33,0.30,0.40,27.85,17,17,0,0.49,0.40,0.50,27.46,17,17,0,0.09,0.00,0.10,28.30,17,17,0,1.08,1.00,1.10,27.85,17,17,0,0.23,0.20,0.30,27.55,17,17,0
1213184,0.34,0.30,0.40,28.28,17,17,0,749.30,746.10,752.60,23.92,17,0,0,0.35,0.30,0.40,27.85,17,17,0,0.49,0.40,0.50,27.47,17,17,0,0.09,0.00,0.10,28.29,17,17,0,1.08,1.00,1.10,27.86,17,17,0,0.22,0.20,0.30,27.56,17,17,0
1213697,0.36,0.30,0.40,28.28,18,18,0,743.61,739.90,747.60,23.91,18,0,0,0.35,0.30,0.40,27.85,18,18,0,0.48,0.40,0.50,27.45,18,18,0,0.10,0.10,0.10,28.28,18,18,0,1.08,1.00,1.10,27.85,18,18,0,0.21,0.20,0.30,27.55,18,18,0
1214205,0.35,0.30,0.40,28.30,17,17,0,738.51,736.40,740.30,23.93,17,0,0,0.35,0.30,0.40,27.84,17,17,0,0.49,0.40,0.50,27.47,17,17,0,0.10,0.10,0.10,28.28,17,17,0,1.07,1.00,1.10,27.86,17,17,0,0.21,0.20,0.30,27.58,17,17,0
1214705,0.35,0.30,0.40,28.28,17,17,0,738.66,735.30,740.60,23.93,17,0,0,0.35,0.30,0.40,27.85,17,17,0,0.50,0.50,0.50,27.47,17,17,0,0.09,0.00,0.10,28.29,17,17,0,1.05,1.00,1.10,27.86,17,17,0,0.22,0.20,0.30,27.55,17,17,0
1215205,0.35,0.30,0.40,28.29,17,17,0,745.65,740.40,749.00,23.93,17,0,0,0.35,0.30,0.40,27.84,17,17,0,0.49,0.40,0.50,27.46,17,17,0,0.10,0.10,0.10,28.28,17,17,0,1.09,1.00,1.10,27.83,17,17,0,0.24,0.20,0.30,27.55,17,17,0
1215705,0.35,0.30,0.40,28.30,17,17,0,749.48,745.90,753.60,23.90,17,0,0,0.36,0.30,0.40,27.85,17,17,0,0.49,0.40,0.50,27.45,17,17,0,0.10,0.00,0.20,28.29,17,17,0,1.06,1.00,1.10,27.85,17,17,0,0.23,0.20,0.30,27.57,17,17,0
1216205,0.35,0.30,0.40,28.29,17,17,0,743.16,740.30,747.20,23.92,17,0,0,0.33,0.30,0.40,27.84,17,17,0,0.50,0.50,0.50,27.47,17,17,0,0.11,0.10,0.20,28.28,17,17,0,1.06,1.00,1.10,27.84,17,17,0,0.21,0.20,0.30,27.55,17,17,0
1216705,0.35,0.30,0.40,28.28,16,16,0,741.73,737.50,744.00,23.94,16,0,0,0.34,0.30,0.40,27.83,16,16,0,0.49,0.40,0.50,27.47,16,16,0,0.09,0.00,0.20,28.30,16,16,0,1.07,1.00,1.10,27.85,16,16,0,0.24,0.20,0.30,27.56,16,16,0
1217205,0.33,0.30,0.40,28.30,17,17,0,741.92,738.90,746.60,23.94,17,0,0,0.34,0.30,0.40,27.85,17,17,0,0.49,0.40,0.50,27.46,17,17,0,0.09,0.00,0.10,28.31,17,17,0,1.06,1.00,1.10,27.87,17,17,0,0.21,0.20,0.30,27.55,17,17,0
1217705,0.35,0.30,0.40,28.31,17,17,0,751.02,746.70,754.40,23.93,17,0,0,0.36,0.30,0.40,27.85,17,17,0,0.49,0.40,0.50,27.47,17,17,0,0.09,0.00,0.10,28.29,17,17,0,1.08,1.00,1.10,27.86,17,17,0,0.25,0.20,0.30,27.57,17,17,0
1218212,0.34,0.30,0.40,28.29,17,17,0,749.44,745.60,753.80,23.93,17,0,0,0.36,0.30,0.40,27.85,17,17,0,0.48,0.40,0.50,27.45,17,17,0,0.08,0.00,0.10,28.30,17,17,0,1.08,1.00,1.10,27.86,17,17,0,0.22,0.20,0.30,27.56,17,17,0
1218712,0.35,0.30,0.40,28.29,17,17,0,743.54,740.10,745.80,23.93,17,0,0,0.36,0.30,0.40,27.84,17,17,0,0.49,0.40,0.50,27.47,17,17,0,0.09,0.00,0.10,28.31,17,17,0,1.08,1.00,1.10,27.87,17,17,0,0.21,0.20,0.30,27.58,17,17,0
1219212,0.35,0.30,0.40,28.28,17,17,0,741.33,739.30,742.70,23.94,17,0,0,0.36,0.30,0.40,27.83,17,17,0,0.48,0.40,0.50,27.45,17,17,0,0.09,0.00,0.10,28.30,17,17,0,1.08,1.00,1.10,27.86,17,17,0,0.21,0.20,0.30,27.56,17,17,0
1219724,0.34,0.30,0.40,28.30,18,18,0,745.67,740.90,752.20,23.91,18,0,0,0.36,0.30,0.40,27.86,18,18,0,0.50,0.50,0.50,27.47,18,18,0,0.09,0.00,0.10,28.30,18,18,0,1.08,1.00,1.10,27.85,18,18,0,0.23,0.20,0.30,27.56,18,18,0
1220224,0.35,0.30,0.40,28.30,17,17,0,754.62,749.80,758.90,23.92,17,0,0,0.34,0.30,0.40,27.85,17,17,0,0.49,0.40,0.50,27.45,17,17,0,0.09,0.00,0.10,28.30,17,17,0,1.06,1.00,1.10,27.84,17,17,0,0.23,0.20,0.30,27.56,17,17,0
1220724,0.34,0.30,0.40,28.29,17,17,0,749.19,744.00,754.90,23.93,17,0,0,0.35,0.30,0.40,27.84,17,17,0,0.50,0.50,0.50,27.48,17,17,0,0.10,0.10,0.10,28.29,17,17,0,1.06,1.00,1.10,27.85,17,17,0,0.26,0.20,0.30,27.57,17,17,0
1221230,0.34,0.30,0.40,28.30,17,17,0,743.74,741.80,745.80,23.94,17,0,0,0.34,0.30,0.40,27.85,17,17,0,0.49,0.40,0.50,27.46,17,17,0,0.10,0.10,0.10,28.28,17,17,0,1.07,1.00,1.10,27.87,17,17,0,0.22,0.20,0.30,27.56,17,17,0
1221733,0.34,0.30,0.40,28.30,17,17,0,742.05,739.30,745.40,23.93,17,0,0,0.33,0.30,0.40,27.85,17,17,0,0.49,0.40,0.50,27.44,17,17,0,0.10,0.10,0.10,28.29,17,17,0,1.05,1.00,1.10,27.85,17,17,0,0.22,0.20,0.30,27.55,17,17,0
1222245,0.35,0.30,0.40,28.31,18,18,0,749.52,742.80,754.40,23.94,18,0,0,0.35,0.30,0.40,27.84,18,18,0,0.49,0.40,0.50,27.47,18,18,0,0.10,0.10,0.10,28.31,18,18,0,1.07,1.00,1.10,27.86,18,18,0,0.23,0.20,0.30,27.55,18,18,0
1222749,0.35,0.30,0.40,28.31,17,17,0,755.75,752.50,758.30,23.92,17,0,0,0.34,0.30,0.40,27.87,17,17,0,0.49,0.40,0.50,27.46,17,17,0,0.10,0.10,0.10,28.30,17,17,0,1.09,1.00,1.10,27.86,17,17,0,0.22,0.20,0.30,27.56,17,17,0
1223249,0.36,0.30,0.40,28.29,17,17,0,748.60,742.90,754.70,23.92,17,0,0,0.35,0.30,0.40,27.85,17,17,0,0.49,0.40,0.50,27.48,17,17,0,0.10,0.10,0.10,28.30,17,17,0,1.07,1.00,1.10,27.84,17,17,0,0.24,0.20,0.30,27.55,17,17,0
1223749,0.35,0.30,0.40,28.30,17,17,0,743.38,740.00,747.00,23.91,17,0,0,0.35,0.30,0.40,27.84,17,17,0,0.49,0.40,0.50,27.49,17,17,0,0.09,0.00,0.10,28.30,17,17,0,1.08,1.00,1.10,27.86,17,17,0,0.22,0.20,0.30,27.55,17,17,0
1224249,0.35,0.30,0.40,28.30,17,17,0,743.01,739.20,748.50,23.92,17,0,0,0.34,0.30,0.40,27.84,17,17,0,0.49,0.40,0.50,27.48,17,17,0,0.10,0.10,0.10,28.31,17,17,0,1.08,1.00,1.10,27.88,17,17,0,0.21,0.20,0.30,27.54,17,17,0
1224749,0.36,0.30,0.40,28.30,17,17,0,753.39,748.20,757.50,23.92,17,0,0,0.35,0.30,0.40,27.86,17,17,0,0.49,0.40,0.50,27.47,17,17,0,0.08,0.00,0.10,28.31,17,17,0,1.07,1.00,1.10,27.85,17,17,0,0.23,0.20,0.30,27.55,17,17,0
1225249,0.34,0.30,0.40,28.30,17,17,0,755.34,751.40,760.80,23.92,17,0,0,0.36,0.30,0.40,27.86,17,17,0,0.49,0.40,0.50,27.47,17,17,0,0.09,0.00,0.10,28.30,17,17,0,1.08,1.00,1.10,27.85,17,17,0,0.24,0.20,0.30,27.55,17,17,0
1225749,0.35,0.30,0.40,28.30,17,17,0,746.42,743.80,750.30,23.93,17,0,0,0.34,0.30,0.40,27.84,17,17,0,0.49,0.40,0.50,27.46,17,17,0,0.10,0.10,0.10,28.29,17,17,0,1.08,1.00,1.10,27.87,17,17,0,0.24,0.20,0.30,27.57,17,17,0
1226251,0.34,0.30,0.40,28.30,17,17,0,742.24,738.70,743.80,23.93,17,0,0,0.36,0.30,0.40,27.84,17,17,0,0.49,0.40,0.50,27.46,17,17,0,0.09,0.00,0.10,28.30,17,17,0,1.08,1.00,1.10,27.86,17,17,0,0.23,0.20,0.30,27.56,17,17,0
1226751,0.36,0.30,0.40,28.30,17,17,0,743.24,739.60,749.20,23.93,17,0,0,0.35,0.30,0.40,27.86,17,17,0,0.49,0.40,0.50,27.46,17,17,0,0.09,0.00,0.10,28.32,17,17,0,1.09,1.00,1.10,27.84,17,17,0,0.23,0.20,0.30,27.57,17,17,0
1227255,0.36,0.30,0.40,28.29,17,17,0,751.88,748.40,755.10,23.93,17,0,0,0.36,0.30,0.40,27.84,17,17,0,0.49,0.40,0.50,27.47,17,17,0,0.09,0.00,0.10,28.30,17,17,0,1.06,1.00,1.10,27.86,17,17,0,0.23,0.20,0.30,27.56,17,17,0
1227755,0.35,0.30,0.40,28.29,17,17,0,749.79,744.50,753.90,23.93,17,0,0,0.35,0.30,0.40,27.86,17,17,0,0.49,0.40,0.50,27.47,17,17,0,0.10,0.00,0.20,28.30,17,17,0,1.07,1.00,1.10,27.86,17,17,0,0.23,0.20,0.30,27.56,17,17,0
1228260,0.34,0.30,0.40,28.30,17,17,0,744.63,741.70,746.70,23.93,17,0,0,0.35,0.30,0.40,27.86,17,17,0,0.49,0.40,0.50,27.47,17,17,0,0.10,0.10,0.10,28.31,17,17,0,1.07,1.00,1.10,27.86,17,17,0,0.22,0.20,0.30,27.56,17,17,0
1228760,0.34,0.30,0.40,28.31,17,17,0,742.78,741.00,745.00,23.94,17,0,0,0.35,0.30,0.40,27.85,17,17,0,0.49,0.40,0.50,27.47,17,17,0,0.09,0.00,0.10,28.29,17,17,0,1.07,1.00,1.10,27.86,17,17,0,0.21,0.20,0.30,27.56,17,17,0
1229273,0.36,0.30,0.40,28.31,18,18,0,749.44,743.20,753.40,23.93,18,0,0,0.36,0.30,0.40,27.84,18,18,0,0.49,0.40,0.50,27.46,18,18,0,0.10,0.10,0.10,28.31,18,18,0,1.08,1.00,1.10,27.87,18,18,0,0.22,0.20,0.30,27.57,18,18,0
1229777,0.35,0.30,0.40,28.29,17,17,0,752.89,749.70,757.10,23.92,17,0,0,0.35,0.30,0.40,27.85,17,17,0,0.48,0.40,0.50,27.47,17,17,0,0.09,0.00,0.10,28.31,17,17,0,1.06,1.00,1.10,27.84,17,17,0,0.22,0.20,0.30,27.56,17,17,0
1230277,0.34,0.30,0.40,28.30,17,17,0,747.78,744.30,751.50,23.93,17,0,0,0.35,0.30,0.40,27.85,17,17,0,0.49,0.40,0.50,27.47,17,17,0,0.10,0.10,0.10,28.28,17,17,0,1.08,1.00,1.10,27.86,17,17,0,0.23,0.20,0.30,27.57,17,17,0
1230777,0.34,0.30,0.40,28.29,17,17,0,745.37,742.60,748.90,23.92,17,0,0,0.35,0.30,0.40,27.86,17,17,0,0.49,0.40,0.50,27.47,17,17,0,0.10,0.10,0.10,28.30,17,17,0,1.09,1.00,1.10,27.87,17,17,0,0.25,0.20,0.30,27.57,17,17,0
1231277,0.36,0.30,0.40,28.29,17,17,0,743.76,741.40,747.30,23.91,17,0,0,0.34,0.30,0.40,27.87,17,17,0,0.48,0.40,0.50,27.48,17,17,0,0.09,0.00,0.10,28.31,17,17,0,1.07,1.00,1.10,27.87,17,17,0,0.24,0.20,0.30,27.56,17,17,0
1231777,0.35,0.30,0.40,28.30,17,17,0,752.42,746.50,754.60,23.91,17,0,0,0.36,0.30,0.40,27.85,17,17,0,0.48,0.40,0.50,27.47,17,17,0,0.09,0.00,0.10,28.31,17,17,0,1.09,1.00,1.10,27.85,17,17,0,0.25,0.20,0.30,27.56,17,17,0
1232281,0.36,0.30,0.40,28.31,17,17,0,752.58,750.40,754.00,23.92,17,0,0,0.34,0.30,0.40,27.84,17,17,0,0.49,0.40,0.50,27.47,17,17,0,0.10,0.10,0.10,28.30,17,17,0,1.09,1.00,1.10,27.84,17,17,0,0.22,0.20,0.30,27.57,17,17,0
1232781,0.35,0.30,0.40,28.29,17,17,0,751.78,750.60,753.30,23.93,17,0,0,0.32,0.30,0.40,27.85,17,17,0,0.49,0.40,0.50,27.47,17,17,0,0.10,0.00,0.20,28.29,17,17,0,1.09,1.00,1.10,27.88,17,17,0,0.24,0.20,0.30,27.56,17,17,0
1233281,0.35,0.30,0.40,28.29,17,17,0,751.49,749.30,754.50,23.92,17,0,0,0.35,0.30,0.40,27.85,17,17,0,0.49,0.40,0.50,27.47,17,17,0,0.10,0.10,0.10,28.30,17,17,0,1.07,1.00,1.10,27.87,17,17,0,0.24,0.20,0.30,27.56,17,17,0
1233781,0.35,0.30,0.40,28.30,17,17,0,752.85,749.90,757.40,23.93,17,0,0,0.36,0.30,0.40,27.86,17,17,0,0.49,0.40,0.50,27.49,17,17,0,0.10,0.00,0.20,28.30,17,17,0,1.08,1.00,1.10,27.87,17,17,0,0.22,0.20,0.30,27.56,17,17,0
1234286,0.36,0.30,0.40,28.28,17,17,0,759.64,757.60,762.10,23.92,17,0,0,0.33,0.30,0.40,27.86,17,17,0,0.49,0.40,0.50,27.47,17,17,0,0.09,0.00,0.10,28.28,17,17,0,1.06,1.00,1.10,27.88,17,17,0,0.24,0.20,0.30,27.55,17,17,0
1234789,0.35,0.30,0.40,28.29,17,17,0,760.36,759.20,762.90,23.92,17,0,0,0.32,0.30,0.40,27.86,17,17,0,0.49,0.40,0.50,27.48,17,17,0,0.09,0.00,0.10,28.30,17,17,0,1.07,1.00,1.10,27.86,17,17,0,0.23,0.20,0.30,27.55,17,17,0
1235298,0.35,0.30,0.40,28.30,18,18,0,759.42,756.40,762.10,23.93,18,0,0,0.34,0.30,0.40,27.85,18,18,0,0.49,0.40,0.50,27.47,18,18,0,0.09,0.00,0.10,28.29,18,18,0,1.08,1.00,1.10,27.87,18,18,0,0.22,0.20,0.30,27.55,18,18,0
1235805,0.35,0.30,0.40,28.29,17,17,0,760.05,756.90,762.70,23.92,17,0,0,0.35,0.30,0.40,27.87,17,17,0,0.49,0.40,0.50,27.47,17,17,0,0.10,0.00,0.20,28.31,17,17,0,1.07,1.00,1.10,27.87,17,17,0,0.22,0.20,0.30,27.57,17,17,0
1236305,0.34,0.30,0.40,28.29,18,18,0,761.14,756.80,766.30,23.91,18,0,0,0.35,0.30,0.40,27.85,18,18,0,0.50,0.50,0.50,27.47,18,18,0,0.09,0.00,0.10,28.31,18,18,0,1.08,1.00,1.10,27.85,18,18,0,0.22,0.20,0.30,27.56,18,18,0
1236805,0.35,0.30,0.40,28.30,16,16,0,768.12,765.00,769.90,23.91,16,0,0,0.34,0.30,0.40,27.83,16,16,0,0.47,0.40,0.50,27.47,16,16,0,0.10,0.00,0.20,28.30,16,16,0,1.08,1.00,1.10,27.87,16,16,0,0.23,0.20,0.30,27.55,16,16,0
1237305,0.35,0.30,0.40,28.30,17,17,0,767.69,764.40,772.00,23.92,17,0,0,0.36,0.30,0.40,27.84,17,17,0,0.50,0.50,0.50,27.47,17,17,0,0.09,0.00,0.10,28.30,17,17,0,1.09,1.00,1.10,27.86,17,17,0,0.23,0.20,0.30,27.57,17,17,0
1237805,0.36,0.30,0.40,28.30,17,17,0,768.94,767.90,770.40,23.92,17,0,0,0.35,0.30,0.40,27.84,17,17,0,0.49,0.40,0.50,27.47,17,17,0,0.10,0.10,0.10,28.31,17,17,0,1.07,1.00,1.10,27.85,17,17,0,0.22,0.20,0.30,27.57,17,17,0
1238310,0.34,0.30,0.40,28.29,17,17,0,770.53,766.40,773.70,23.91,17,0,0,0.34,0.30,0.40,27.85,17,17,0,0.49,0.40,0.50,27.49,17,17,0,0.08,-0.10,0.10,28.32,17,17,0,1.05,1.00,1.10,27.86,17,17,0,0.22,0.20,0.30,27.57,17,17,0
1238810,0.36,0.30,0.40,28.29,17,17,0,780.35,774.40,784.40,23.91,17,0,0,0.35,0.30,0.40,27.86,17,17,0,0.50,0.50,0.50,27.47,17,17,0,0.10,0.10,0.10,28.30,17,17,0,1.08,1.00,1.10,27.86,17,17,0,0.23,0.20,0.30,27.57,17,17,0
1239314,0.38,0.30,0.40,28.30,17,17,0,782.38,778.20,786.20,23.91,17,0,0,0.33,0.30,0.40,27.84,17,17,0,0.50,0.50,0.50,27.47,17,17,0,0.09,0.00,0.10,28.30,17,17,0,1.09,1.00,1.10,27.86,17,17,0,0.21,0.20,0.30,27.57,17,17,0
1239814,0.35,0.30,0.40,28.28,17,17,0,781.49,779.70,784.00,23.90,17,0,0,0.35,0.30,0.40,27.85,17,17,0,0.50,0.50,0.50,27.47,17,17,0,0.09,0.00,0.10,28.31,17,17,0,1.08,1.00,1.10,27.86,17,17,0,0.23,0.20,0.30,27.56,17,17,0
1240314,0.34,0.30,0.40,28.29,17,17,0,781.84,779.10,784.90,23.91,17,0,0,0.35,0.30,0.40,27.85,17,17,0,0.49,0.40,0.50,27.47,17,17,0,0.10,0.00,0.20,28.31,17,17,0,1.06,1.00,1.10,27.87,17,17,0,0.22,0.20,0.30,27.55,17,17,0
1240814,0.32,0.30,0.40,28.29,17,17,0,783.39,781.10,787.60,23.90,17,0,0,0.35,0.30,0.40,27.84,17,17,0,0.50,0.50,0.50,27.47,17,17,0,0.09,0.00,0.10,28.31,17,17,0,1.08,1.00,1.10,27.87,17,17,0,0.22,0.20,0.30,27.57,17,17,0
1241314,0.33,0.30,0.40,28.29,17,17,0,788.20,783.80,790.40,23.91,17,0,0,0.34,0.30,0.40,27.84,17,17,0,0.50,0.50,0.50,27.47,17,17,0,0.11,0.10,0.20,28.31,17,17,0,1.08,1.00,1.10,27.85,17,17,0,0.22,0.20,0.30,27.56,17,17,0
1241814,0.34,0.30,0.40,28.29,17,17,0,788.38,784.40,792.10,23.92,17,0,0,0.36,0.30,0.40,27.86,17,17,0,0.48,0.40,0.50,27.45,17,17,0,0.10,0.10,0.10,28.32,17,17,0,1.08,1.00,1.10,27.88,17,17,0,0.23,0.20,0.30,27.56,17,17,0
1242314,0.35,0.30,0.40,28.28,17,17,0,786.20,783.60,788.60,23.90,17,0,0,0.33,0.30,0.40,27.86,17,17,0,0.50,0.50,0.50,27.47,17,17,0,0.08,0.00,0.10,28.30,17,17,0,1.09,1.00,1.10,27.86,17,17,0,0.22,0.20,0.30,27.57,17,17,0
1242814,0.36,0.30,0.40,28.29,17,17,0,785.76,783.40,787.50,23.89,17,0,0,0.34,0.30,0.40,27.85,17,17,0,0.49,0.40,0.50,27.47,17,17,0,0.07,0.00,0.10,28.30,17,17,0,1.08,1.00,1.10,27.87,17,17,0,0.21,0.20,0.30,27.57,17,17,0
1243314,0.34,0.30,0.40,28.28,17,17,0,785.11,779.40,790.40,23.92,17,0,0,0.33,0.30,0.40,27.85,17,17,0,0.50,0.50,0.50,27.46,17,17,0,0.10,0.00,0.20,28.32,17,17,0,1.10,1.10,1.10,27.86,17,17,0,0.22,0.20,0.30,27.56,17,17,0
1243814,0.36,0.30,0.40,28.29,17,17,0,788.89,785.80,790.80,23.90,17,0,0,0.34,0.30,0.40,27.86,17,17,0,0.50,0.50,0.50,27.46,17,17,0,0.10,0.10,0.10,28.30,17,17,0,1.09,1.00,1.10,27.86,17,17,0,0.22,0.20,0.30,27.55,17,17,0
1244314,0.34,0.30,0.40,28.29,17,17,0,784.74,782.00,788.30,23.89,17,0,0,0.38,0.30,0.40,27.84,17,17,0,0.50,0.50,0.50,27.47,17,17,0,0.10,0.10,0.10,28.31,17,17,0,1.06,1.00,1.10,27.86,17,17,0,0.23,0.20,0.30,27.58,17,17,0
1244814,0.34,0.30,0.40,28.29,17,17,0,782.21,778.90,785.90,23.91,17,0,0,0.37,0.30,0.40,27.86,17,17,0,0.50,0.50,0.50,27.46,17,17,0,0.10,0.10,0.10,28.32,17,17,0,1.08,1.00,1.10,27.87,17,17,0,0.22,0.20,0.30,27.55,17,17,0
1245314,0.34,0.30,0.40,28.29,17,17,0,780.11,776.20,783.20,23.91,17,0,0,0.36,0.30,0.40,27.86,17,17,0,0.49,0.40,0.50,27.46,17,17,0,0.09,0.00,0.10,28.32,17,17,0,1.08,1.00,1.10,27.86,17,17,0,0.23,0.20,0.30,27.56,17,17,0
1245823,0.34,0.30,0.40,28.28,18,18,0,785.47,781.60,789.90,23.91,18,0,0,0.34,0.30,0.40,27.86,18,18,0,0.48,0.40,0.50,27.47,18,18,0,0.11,0.10,0.20,28.30,18,18,0,1.08,1.00,1.10,27.86,18,18,0,0.24,0.20,0.30,27.58,18,18,0
1246323,0.36,0.30,0.40,28.26,17,17,0,784.99,781.60,788.90,23.91,17,0,0,0.35,0.30,0.40,27.86,17,17,0,0.49,0.40,0.50,27.45,17,17,0,0.10,0.10,0.10,28.32,17,17,0,1.08,1.00,1.10,27.87,17,17,0,0.24,0.20,0.30,27.56,17,17,0
1246823,0.35,0.30,0.40,28.27,17,17,0,777.50,773.80,782.70,23.91,17,0,0,0.35,0.30,0.40,27.85,17,17,0,0.49,0.40,0.50,27.46,17,17,0,0.09,0.00,0.10,28.31,17,17,0,1.07,1.00,1.10,27.87,17,17,0,0.25,0.20,0.30,27.57,17,17,0
1247326,0.36,0.30,0.40,28.29,17,17,0,774.49,771.60,777.40,23.89,17,0,0,0.36,0.30,0.40,27.86,17,17,0,0.49,0.40,0.50,27.47,17,17,0,0.09,0.00,0.10,28.29,17,17,0,1.05,1.00,1.10,27.86,17,17,0,0.23,0.20,0.30,27.56,17,17,0
1247837,0.34,0.30,0.40,28.29,17,17,0,773.31,770.10,776.20,23.90,17,0,0,0.34,0.30,0.40,27.87,17,17,0,0.49,0.40,0.50,27.47,17,17,0,0.11,0.10,0.20,28.32,17,17,0,1.06,1.00,1.10,27.88,17,17,0,0.22,0.20,0.30,27.55,17,17,0
1248342,0.34,0.30,0.40,28.28,17,17,0,778.08,775.80,780.20,23.92,17,0,0,0.32,0.30,0.40,27.85,17,17,0,0.49,0.40,0.50,27.47,17,17,0,0.09,0.00,0.20,28.32,17,17,0,1.06,1.00,1.10,27.85,17,17,0,0.22,0.20,0.30,27.56,17,17,0
1248842,0.35,0.30,0.40,28.28,17,17,0,773.55,769.40,777.10,23.91,17,0,0,0.35,0.30,0.40,27.84,17,17,0,0.50,0.50,0.50,27.46,17,17,0,0.09,0.00,0.10,28.29,17,17,0,1.07,1.00,1.10,27.87,17,17,0,0.23,0.20,0.30,27.55,17,17,0
1249355,0.36,0.30,0.40,28.27,18,18,0,767.36,764.20,771.50,23.91,18,0,0,0.34,0.30,0.40,27.85,18,18,0,0.49,0.40,0.50,27.46,18,18,0,0.10,0.10,0.10,28.32,18,18,0,1.05,1.00,1.10,27.85,18,18,0,0.22,0.20,0.30,27.56,18,18,0
1249855,0.32,0.30,0.40,28.27,17,17,0,764.59,761.50,766.30,23.90,17,0,0,0.36,0.30,0.40,27.85,17,17,0,0.49,0.40,0.50,27.47,17,17,0,0.10,0.10,0.10,28.31,17,17,0,1.06,1.00,1.10,27.87,17,17,0,0.22,0.20,0.30,27.55,17,17,0
1250360,0.34,0.30,0.40,28.28,17,17,0,765.51,761.50,770.60,23.91,17,0,0,0.36,0.30,0.40,27.86,17,17,0,0.48,0.40,0.50,27.45,17,17,0,0.10,0.10,0.10,28.31,17,17,0,1.08,1.00,1.10,27.85,17,17,0,0.23,0.20,0.30,27.58,17,17,0
1250873,0.32,0.30,0.40,28.29,18,18,0,765.75,761.20,768.70,23.92,18,0,0,0.38,0.30,0.40,27.84,18,18,0,0.49,0.40,0.50,27.46,18,18,0,0.11,0.10,0.20,28.30,18,18,0,1.04,1.00,1.10,27.86,18,18,0,0.21,0.20,0.30,27.58,18,18,0
1251373,0.34,0.30,0.40,28.27,17,17,0,759.92,757.50,765.10,23.89,17,0,0,0.35,0.30,0.40,27.87,17,17,0,0.49,0.40,0.50,27.47,17,17,0,0.09,0.00,0.20,28.31,17,17,0,1.08,1.00,1.10,27.87,17,17,0,0.24,0.20,0.30,27.56,17,17,0
1251873,0.32,0.30,0.40,28.28,17,17,0,757.32,755.10,760.20,23.91,17,0,0,0.35,0.30,0.40,27.87,17,17,0,0.50,0.50,0.50,27.47,17,17,0,0.08,0.00,0.10,28.30,17,17,0,1.09,1.00,1.10,27.86,17,17,0,0.22,0.20,0.30,27.58,17,17,0
1252377,0.34,0.30,0.40,28.28,17,17,0,756.11,753.20,760.60,23.91,17,0,0,0.34,0.30,0.40,27.84,17,17,0,0.49,0.40,0.50,27.47,17,17,0,0.09,0.00,0.10,28.31,17,17,0,1.07,1.00,1.10,27.86,17,17,0,0.22,0.20,0.30,27.56,17,17,0
1252877,0.34,0.30,0.40,28.29,17,17,0,759.01,756.70,761.40,23.90,17,0,0,0.34,0.30,0.40,27.86,17,17,0,0.48,0.40,0.50,27.47,17,17,0,0.09,0.00,0.10,28.31,17,17,0,1.08,1.00,1.10,27.86,17,17,0,0.24,0.20,0.30,27.56,17,17,0
1253377,0.36,0.30,0.40,28.29,17,17,0,757.89,755.20,761.50,23.92,17,0,0,0.35,0.30,0.40,27.86,17,17,0,0.49,0.40,0.50,27.47,17,17,0,0.09,0.00,0.20,28.30,17,17,0,1.06,1.00,1.10,27.86,17,17,0,0.21,0.20,0.30,27.56,17,17,0
1253877,0.34,0.30,0.40,28.27,17,17,0,754.10,746.90,757.70,23.90,17,0,0,0.32,0.30,0.40,27.85,17,17,0,0.50,0.50,0.50,27.47,17,17,0,0.09,0.00,0.10,28.29,17,17,0,1.08,1.00,1.10,27.86,17,17,0,0.21,0.20,0.30,27.57,17,17,0
1254382,0.35,0.30,0.40,28.27,17,17,0,751.75,748.70,754.30,23.92,17,0,0,0.36,0.30,0.40,27.87,17,17,0,0.49,0.40,0.50,27.46,17,17,0,0.10,0.10,0.10,28.30,17,17,0,1.09,1.00,1.10,27.87,17,17,0,0.21,0.20,0.30,27.56,17,17,0
1254882,0.33,0.30,0.40,28.28,16,16,0,749.89,747.40,752.50,23.93,16,0,0,0.34,0.30,0.40,27.85,16,16,0,0.49,0.40,0.50,27.48,16,16,0,0.10,0.10,0.10,28.33,16,16,0,1.07,1.00,1.10,27.87,16,16,0,0.23,0.20,0.30,27.54,16,16,0
1255382,0.34,0.30,0.40,28.28,17,17,0,752.37,750.00,755.60,23.92,17,0,0,0.35,0.30,0.40,27.85,17,17,0,0.49,0.40,0.50,27.48,17,17,0,0.09,0.00,0.10,28.31,17,17,0,1.05,1.00,1.10,27.87,17,17,0,0.22,0.20,0.30,27.56,17,17,0
1255882,0.33,0.30,0.40,28.27,17,17,0,750.22,745.20,753.20,23.90,17,0,0,0.33,0.30,0.40,27.85,17,17,0,0.50,0.50,0.50,27.47,17,17,0,0.09,0.00,0.20,28.31,17,17,0,1.06,1.00,1.10,27.88,17,17,0,0.22,0.20,0.30,27.57,17,17,0
1256382,0.34,0.30,0.40,28.28,17,17,0,745.08,742.40,748.40,23.91,17,0,0,0.34,0.30,0.40,27.85,17,17,0,0.50,0.50,0.50,27.47,17,17,0,0.09,0.00,0.10,28.32,17,17,0,1.06,1.00,1.10,27.86,17,17,0,0.22,0.20,0.30,27.54,17,17,0
1256882,0.34,0.30,0.40,28.26,17,17,0,744.75,742.00,746.80,23.90,17,0,0,0.38,0.30,0.40,27.85,17,17,0,0.50,0.50,0.50,27.46,17,17,0,0.09,0.00,0.10,28.31,17,17,0,1.08,1.00,1.10,27.86,17,17,0,0.23,0.20,0.30,27.57,17,17,0
1257382,0.32,0.30,0.40,28.28,17,17,0,745.84,741.60,749.50,23.90,17,0,0,0.36,0.30,0.40,27.85,17,17,0,0.48,0.40,0.50,27.45,17,17,0,0.09,0.00,0.10,28.30,17,17,0,1.08,1.00,1.10,27.87,17,17,0,0.23,0.20,0.30,27.57,17,17,0
1257895,0.33,0.30,0.40,28.27,18,18,0,748.56,746.60,750.40,23.90,18,0,0,0.34,0.30,0.40,27.87,18,18,0,0.50,0.50,0.50,27.48,18,18,0,0.09,0.00,0.10,28.31,18,18,0,1.06,1.00,1.10,27.86,18,18,0,0.23,0.20,0.30,27.56,18,18,0
1258399,0.33,0.30,0.40,28.27,17,17,0,745.54,742.40,748.60,23.93,17,0,0,0.34,0.30,0.40,27.87,17,17,0,0.49,0.40,0.50,27.48,17,17,0,0.09,0.00,0.10,28.31,17,17,0,1.08,1.00,1.10,27.87,17,17,0,0.25,0.20,0.30,27.56,17,17,0
1258912,0.33,0.30,0.40,28.26,18,18,0,741.78,739.20,744.90,23.91,18,0,0,0.34,0.30,0.40,27.85,18,18,0,0.49,0.40,0.60,27.47,18,18,0,0.09,0.00,0.10,28.30,18,18,0,1.07,1.00,1.10,27.86,18,18,0,0.22,0.20,0.30,27.56,18,18,0
1259424,0.34,0.30,0.40,28.28,18,18,0,740.73,737.20,743.10,23.90,18,0,0,0.36,0.30,0.40,27.86,18,18,0,0.49,0.40,0.50,27.46,18,18,0,0.09,0.00,0.10,28.30,18,18,0,1.08,1.00,1.10,27.86,18,18,0,0.22,0.20,0.30,27.58,18,18,0
1259924,0.36,0.30,0.40,28.29,18,18,0,748.89,743.80,756.40,23.92,18,0,0,0.36,0.30,0.40,27.85,18,18,0,0.49,0.40,0.50,27.47,18,18,0,0.09,0.00,0.20,28.33,18,18,0,1.07,1.00,1.10,27.87,18,18,0,0.24,0.20,0.30,27.55,18,18,0
1260424,0.33,0.30,0.40,28.27,16,16,0,750.57,746.50,755.60,23.90,16,0,0,0.36,0.30,0.40,27.85,16,16,0,0.49,0.40,0.50,27.46,16,16,0,0.10,0.10,0.10,28.31,16,16,0,1.06,1.00,1.10,27.87,16,16,0,0.24,0.20,0.30,27.56,16,16,0
1260924,0.33,0.30,0.40,28.27,17,17,0,744.83,739.10,747.80,23.92,17,0,0,0.34,0.30,0.40,27.86,17,17,0,0.49,0.40,0.50,27.47,17,17,0,0.10,0.10,0.10,28.30,17,17,0,1.06,1.00,1.10,27.87,17,17,0,0.23,0.20,0.30,27.58,17,17,0
1261424,0.34,0.30,0.40,28.26,17,17,0,742.23,740.10,744.50,23.90,17,0,0,0.33,0.30,0.40,27.87,17,17,0,0.49,0.40,0.50,27.46,17,17,0,0.09,0.00,0.10,28.31,17,17,0,1.08,1.00,1.10,27.87,17,17,0,0.22,0.20,0.30,27.57,17,17,0
1261924,0.34,0.30,0.40,28.28,17,17,0,742.81,735.40,747.70,23.91,17,0,0,0.36,0.30,0.40,27.86,17,17,0,0.49,0.40,0.50,27.47,17,17,0,0.08,0.00,0.10,28.31,17,17,0,1.09,1.00,1.10,27.85,17,17,0,0.25,0.20,0.30,27.56,17,17,0
1262424,0.35,0.30,0.40,28.29,17,17,0,750.92,748.10,755.30,23.91,17,0,0,0.36,0.30,0.40,27.86,17,17,0,0.49,0.40,0.50,27.47,17,17,0,0.09,0.00,0.10,28.30,17,17,0,1.09,1.00,1.10,27.87,17,17,0,0.24,0.20,0.30,27.57,17,17,0
1262924,0.35,0.30,0.40,28.27,17,17,0,749.30,737.10,758.10,23.90,17,0,0,0.36,0.30,0.40,27.86,17,17,0,0.49,0.40,0.50,27.47,17,17,0,0.09,0.00,0.10,28.30,17,17,0,1.06,1.00,1.10,27.87,17,17,0,0.24,0.20,0.30,27.57,17,17,0
1263424,0.34,0.30,0.40,28.27,17,17,0,742.26,737.80,750.50,23.90,17,0,0,0.36,0.30,0.40,27.85,17,17,0,0.49,0.40,0.50,27.46,17,17,0,0.10,0.00,0.20,28.30,17,17,0,1.08,1.00,1.10,27.86,17,17,0,0.22,0.20,0.30,27.55,17,17,0
1263924,0.34,0.30,0.40,28.27,17,17,0,742.19,738.60,746.30,23.91,17,0,0,0.32,0.30,0.40,27.86,17,17,0,0.49,0.40,0.50,27.45,17,17,0,0.10,0.10,0.10,28.31,17,17,0,1.09,1.00,1.10,27.87,17,17,0,0.22,0.20,0.30,27.55,17,17,0
1264424,0.34,0.30,0.40,28.27,17,17,0,747.54,741.40,752.80,23.91,17,0,0,0.35,0.30,0.40,27.86,17,17,0,0.49,0.40,0.50,27.47,17,17,0,0.08,0.00,0.10,28.31,17,17,0,1.07,1.00,1.10,27.87,17,17,0,0.25,0.20,0.30,27.56,17,17,0
1264924,0.35,0.30,0.40,28.28,17,17,0,754.86,751.90,757.40,23.90,17,0,0,0.35,0.30,0.40,27.86,17,17,0,0.49,0.40,0.50,27.47,17,17,0,0.08,0.00,0.10,28.31,17,17,0,1.08,1.00,1.10,27.88,17,17,0,0.21,0.20,0.30,27.57,17,17,0
1265430,0.36,0.30,0.40,28.27,17,17,0,749.14,743.70,753.50,23.90,17,0,0,0.33,0.30,0.40,27.85,17,17,0,0.49,0.40,0.50,27.46,17,17,0,0.10,0.10,0.10,28.30,17,17,0,1.08,1.00,1.10,27.86,17,17,0,0.22,0.20,0.30,27.56,17,17,0
1265943,0.34,0.30,0.40,28.28,18,18,0,743.58,739.60,745.50,23.91,18,0,0,0.32,0.30,0.40,27.85,18,18,0,0.50,0.50,0.50,27.47,18,18,0,0.09,0.00,0.10,28.31,18,18,0,1.08,1.00,1.10,27.86,18,18,0,0.23,0.20,0.30,27.58,18,18,0
1266445,0.32,0.30,0.40,28.28,17,17,0,743.44,741.40,745.40,23.91,17,0,0,0.34,0.30,0.40,27.86,17,17,0,0.49,0.40,0.50,27.47,17,17,0,0.09,0.00,0.10,28.31,17,17,0,1.08,1.00,1.10,27.86,17,17,0,0.21,0.20,0.30,27.56,17,17,0
1266957,0.34,0.30,0.40,28.28,18,18,0,751.26,745.70,755.00,23.89,18,0,0,0.35,0.30,0.40,27.86,18,18,0,0.50,0.50,0.50,27.46,18,18,0,0.11,0.10,0.20,28.31,18,18,0,1.07,1.00,1.10,27.88,18,18,0,0.21,0.20,0.30,27.57,18,18,0
1267457,0.33,0.30,0.40,28.26,17,17,0,755.28,751.70,760.50,23.91,17,0,0,0.36,0.30,0.40,27.88,17,17,0,0.49,0.40,0.50,27.47,17,17,0,0.09,0.00,0.10,28.31,17,17,0,1.08,1.00,1.10,27.87,17,17,0,0.22,0.20,0.30,27.56,17,17,0
1267969,0.34,0.30,0.40,28.28,18,18,0,746.21,741.10,751.20,23.91,18,0,0,0.33,0.30,0.40,27.86,18,18,0,0.49,0.40,0.50,27.48,18,18,0,0.09,0.00,0.10,28.31,18,18,0,1.07,1.00,1.10,27.87,18,18,0,0.22,0.20,0.30,27.57,18,18,0
1268469,0.34,0.30,0.40,28.28,17,17,0,741.57,739.70,744.70,23.92,17,0,0,0.36,0.30,0.40,27.86,17,17,0,0.49,0.40,0.50,27.47,17,17,0,0.09,0.00,0.10,28.30,17,17,0,1.08,1.00,1.10,27.87,17,17,0,0.21,0.20,0.30,27.55,17,17,0
1268969,0.33,0.30,0.40,28.28,17,17,0,745.11,740.30,750.90,23.90,17,0,0,0.34,0.30,0.40,27.87,17,17,0,0.50,0.50,0.50,27.45,17,17,0,0.09,0.00,0.20,28.31,17,17,0,1.08,1.00,1.10,27.87,17,17,0,0.21,0.20,0.30,27.58,17,17,0
1269469,0.35,0.30,0.40,28.26,17,17,0,754.54,750.30,759.70,23.90,17,0,0,0.34,0.30,0.40,27.84,17,17,0,0.50,0.50,0.50,27.47,17,17,0,0.09,0.00,0.10,28.29,17,17,0,1.08,1.00,1.10,27.87,17,17,0,0.22,0.20,0.30,27.56,17,17,0
1269969,0.34,0.30,0.40,28.27,17,17,0,755.31,749.80,759.40,23.90,17,0,0,0.35,0.30,0.40,27.86,17,17,0,0.49,0.40,0.50,27.47,17,17,0,0.09,0.00,0.10,28.33,17,17,0,1.07,1.00,1.10,27.87,17,17,0,0.23,0.20,0.30,27.55,17,17,0
1270469,0.34,0.30,0.40,28.27,17,17,0,745.30,741.30,749.40,23.92,17,0,0,0.33,0.30,0.40,27.86,17,17,0,0.48,0.40,0.50,27.47,17,17,0,0.09,0.00,0.10,28.31,17,17,0,1.05,1.00,1.10,27.87,17,17,0,0.22,0.20,0.30,27.56,17,17,0
1270969,0.34,0.30,0.40,28.28,17,17,0,741.45,738.30,743.90,23.90,17,0,0,0.34,0.30,0.40,27.86,17,17,0,0.49,0.40,0.50,27.47,17,17,0,0.08,0.00,0.10,28.30,17,17,0,1.08,1.00,1.10,27.86,17,17,0,0.24,0.20,0.30,27.56,17,17,0
1271469,0.34,0.30,0.40,28.26,17,17,0,744.83,741.10,751.10,23.90,17,0,0,0.35,0.30,0.40,27.85,17,17,0,0.49,0.40,0.60,27.49,17,17,0,0.08,0.00,0.10,28.30,17,17,0,1.06,1.00,1.10,27.86,17,17,0,0.23,0.20,0.30,27.56,17,17,0
1271969,0.34,0.30,0.40,28.27,18,18,0,754.12,750.00,758.10,23.90,18,0,0,0.36,0.30,0.40,27.86,18,18,0,0.49,0.40,0.50,27.47,18,18,0,0.09,0.00,0.10,28.32,18,18,0,1.07,1.00,1.10,27.86,18,18,0,0.23,0.20,0.30,27.56,18,18,0
1272469,0.34,0.30,0.40,28.28,16,16,0,748.96,744.20,754.00,23.90,16,0,0,0.35,0.30,0.40,27.86,16,16,0,0.49,0.40,0.50,27.46,16,16,0,0.09,0.00,0.10,28.31,16,16,0,1.08,1.00,1.10,27.86,16,16,0,0.23,0.20,0.30,27.56,16,16,0
1272982,0.35,0.30,0.40,28.28,18,18,0,741.86,737.00,744.40,23.92,18,0,0,0.32,0.30,0.40,27.86,18,18,0,0.48,0.40,0.50,27.47,18,18,0,0.09,0.00,0.10,28.31,18,18,0,1.09,1.00,1.10,27.88,18,18,0,0.22,0.20,0.30,27.56,18,18,0
1273482,0.35,0.30,0.40,28.28,16,16,0,739.86,736.90,742.50,23.91,16,0,0,0.34,0.30,0.40,27.85,16,16,0,0.49,0.40,0.50,27.47,16,16,0,0.09,0.00,0.10,28.31,16,16,0,1.06,1.00,1.10,27.88,16,16,0,0.22,0.20,0.30,27.57,16,16,0
1273995,0.34,0.30,0.40,28.28,18,18,0,748.26,741.30,752.80,23.90,18,0,0,0.35,0.30,0.40,27.87,18,18,0,0.49,0.40,0.50,27.45,18,18,0,0.11,0.10,0.20,28.32,18,18,0,1.07,1.00,1.10,27.87,18,18,0,0.22,0.20,0.30,27.57,18,18,0
1274500,0.33,0.30,0.40,28.28,17,17,0,752.05,745.90,755.70,23.90,17,0,0,0.35,0.30,0.40,27.85,17,17,0,0.49,0.40,0.50,27.46,17,17,0,0.09,0.00,0.10,28.32,17,17,0,1.09,1.00,1.10,27.85,17,17,0,0.23,0.20,0.30,27.56,17,17,0
1275000,0.33,0.30,0.40,28.27,17,17,0,745.03,740.60,749.30,23.90,17,0,0,0.34,0.30,0.40,27.85,17,17,0,0.48,0.40,0.50,27.45,17,17,0,0.10,0.10,0.10,28.30,17,17,0,1.08,1.00,1.10,27.89,17,17,0,0.22,0.20,0.30,27.57,17,17,0
1275500,0.35,0.30,0.40,28.27,17,17,0,742.11,739.00,743.90,23.89,17,0,0,0.35,0.30,0.40,27.84,17,17,0,0.49,0.40,0.50,27.47,17,17,0,0.09,0.00,0.10,28.31,17,17,0,1.05,1.00,1.10,27.87,17,17,0,0.24,0.20,0.30,27.57,17,17,0
1276000,0.35,0.30,0.40,28.27,17,17,0,741.82,738.60,746.00,23.91,17,0,0,0.35,0.30,0.40,27.87,17,17,0,0.49,0.40,0.50,27.46,17,17,0,0.10,0.10,0.10,28.32,17,17,0,1.06,1.00,1.10,27.86,17,17,0,0.25,0.20,0.30,27.54,17,17,0
1276510,0.35,0.30,0.40,28.28,17,17,0,750.79,745.00,753.80,23.91,17,0,0,0.33,0.30,0.40,27.87,17,17,0,0.49,0.40,0.50,27.45,17,17,0,0.09,0.00,0.10,28.32,17,17,0,1.07,1.00,1.10,27.88,17,17,0,0.22,0.20,0.30,27.57,17,17,0
1277014,0.33,0.30,0.40,28.28,17,17,0,749.79,746.30,753.00,23.90,17,0,0,0.35,0.30,0.40,27.86,17,17,0,0.49,0.40,0.50,27.46,17,17,0,0.09,0.00,0.10,28.29,17,17,0,1.06,1.00,1.10,27.87,17,17,0,0.22,0.20,0.30,27.57,17,17,0
1277514,0.34,0.30,0.40,28.29,17,17,0,746.25,743.10,749.80,23.90,17,0,0,0.35,0.30,0.40,27.86,17,17,0,0.49,0.40,0.50,27.46,17,17,0,0.09,0.00,0.10,28.31,17,17,0,1.08,1.00,1.10,27.87,17,17,0,0.22,0.20,0.30,27.58,17,17,0
1278014,0.35,0.30,0.40,28.26,17,17,0,745.95,743.20,747.60,23.90,17,0,0,0.36,0.30,0.40,27.85,17,17,0,0.50,0.50,0.50,27.47,17,17,0,0.10,0.10,0.10,28.32,17,17,0,1.07,1.00,1.10,27.87,17,17,0,0.21,0.20,0.30,27.56,17,17,0
1278518,0.34,0.30,0.40,28.27,17,17,0,748.07,743.80,753.60,23.92,17,0,0,0.35,0.30,0.40,27.86,17,17,0,0.49,0.40,0.50,27.45,17,17,0,0.09,0.00,0.10,28.31,17,17,0,1.07,1.00,1.10,27.86,17,17,0,0.22,0.20,0.30,27.56,17,17,0
1279018,0.34,0.30,0.40,28.26,17,17,0,754.49,752.10,756.70,23.92,17,0,0,0.35,0.30,0.40,27.84,17,17,0,0.50,0.50,0.50,27.45,17,17,0,0.09,0.00,0.10,28.31,17,17,0,1.08,1.00,1.10,27.86,17,17,0,0.22,0.20,0.30,27.56,17,17,0
1279518,0.32,0.30,0.40,28.28,17,17,0,754.06,749.00,756.70,23.91,17,0,0,0.35,0.30,0.40,27.87,17,17,0,0.50,0.50,0.50,27.45,17,17,0,0.10,0.10,0.10,28.31,17,17,0,1.08,1.00,1.10,27.87,17,17,0,0.22,0.20,0.30,27.57,17,17,0
1280018,0.36,0.30,0.40,28.29,17,17,0,753.54,750.40,758.20,23.90,17,0,0,0.35,0.30,0.40,27.87,17,17,0,0.49,0.40,0.50,27.47,17,17,0,0.09,0.00,0.10,28.32,17,17,0,1.06,1.00,1.10,27.87,17,17,0,0.21,0.20,0.30,27.56,17,17,0
1280518,0.33,0.30,0.40,28.27,17,17,0,754.07,752.30,756.00,23.91,17,0,0,0.34,0.30,0.40,27.87,17,17,0,0.49,0.40,0.50,27.45,17,17,0,0.10,0.10,0.10,28.31,17,17,0,1.08,1.00,1.10,27.86,17,17,0,0.21,0.20,0.30,27.57,17,17,0
1281021,0.33,0.30,0.40,28.28,17,17,0,755.14,750.50,758.80,23.91,17,0,0,0.36,0.30,0.40,27.87,17,17,0,0.49,0.40,0.50,27.47,17,17,0,0.09,0.00,0.10,28.32,17,17,0,1.08,1.00,1.10,27.86,17,17,0,0.22,0.20,0.30,27.57,17,17,0
1281521,0.34,0.30,0.40,28.28,17,17,0,760.07,757.40,762.80,23.89,17,0,0,0.34,0.30,0.40,27.86,17,17,0,0.49,0.40,0.50,27.48,17,17,0,0.10,0.10,0.10,28.33,17,17,0,1.08,1.00,1.10,27.86,17,17,0,0.21,0.20,0.30,27.57,17,17,0
1282021,0.35,0.30,0.40,28.28,17,17,0,759.80,757.20,762.10,23.90,17,0,0,0.35,0.30,0.40,27.86,17,17,0,0.49,0.40,0.50,27.46,17,17,0,0.10,0.10,0.10,28.32,17,17,0,1.08,1.00,1.10,27.86,17,17,0,0.21,0.20,0.30,27.55,17,17,0
1282521,0.34,0.30,0.40,28.29,17,17,0,762.29,759.20,764.80,23.91,17,0,0,0.34,0.30,0.40,27.87,17,17,0,0.49,0.40,0.50,27.45,17,17,0,0.10,0.00,0.20,28.31,17,17,0,1.08,1.00,1.10,27.87,17,17,0,0.24,0.20,0.30,27.57,17,17,0
1283024,0.36,0.30,0.40,28.28,17,17,0,763.98,760.30,766.30,23.90,17,0,0,0.36,0.30,0.40,27.85,17,17,0,0.48,0.40,0.50,27.47,17,17,0,0.09,0.00,0.10,28.32,17,17,0,1.07,1.00,1.10,27.85,17,17,0,0.21,0.20,0.30,27.56,17,17,0
1283524,0.36,0.30,0.40,28.28,17,17,0,768.13,762.20,774.10,23.89,17,0,0,0.35,0.30,0.40,27.85,17,17,0,0.49,0.40,0.50,27.46,17,17,0,0.09,0.00,0.10,28.33,17,17,0,1.09,1.00,1.10,27.85,17,17,0,0.22,0.20,0.30,27.55,17,17,0
1284024,0.37,0.30,0.40,28.29,17,17,0,773.39,770.40,774.80,23.89,17,0,0,0.34,0.30,0.40,27.86,17,17,0,0.49,0.40,0.50,27.48,17,17,0,0.09,0.00,0.10,28.32,17,17,0,1.08,1.00,1.10,27.85,17,17,0,0.22,0.20,0.30,27.57,17,17,0
1284524,0.34,0.30,0.40,28.28,17,17,0,774.41,771.60,776.80,23.90,17,0,0,0.33,0.30,0.40,27.85,17,17,0,0.48,0.40,0.50,27.45,17,17,0,0.10,0.10,0.10,28.30,17,17,0,1.08,1.00,1.10,27.87,17,17,0,0.20,0.10,0.30,27.57,17,17,0
1285024,0.32,0.30,0.40,28.28,17,17,0,775.35,771.80,777.70,23.90,17,0,0,0.34,0.30,0.40,27.87,17,17,0,0.49,0.40,0.50,27.46,17,17,0,0.09,0.00,0.10,28.32,17,17,0,1.09,1.00,1.10,27.87,17,17,0,0.22,0.20,0.30,27.58,17,17,0
1285524,0.32,0.30,0.40,28.29,17,17,0,775.32,771.70,778.30,23.90,17,0,0,0.36,0.30,0.40,27.86,17,17,0,0.50,0.50,0.50,27.48,17,17,0,0.08,0.00,0.10,28.32,17,17,0,1.07,1.00,1.10,27.87,17,17,0,0.22,0.20,0.30,27.57,17,17,0
1286024,0.35,0.30,0.40,28.29,17,17,0,781.27,778.50,784.20,23.89,17,0,0,0.35,0.30,0.40,27.86,17,17,0,0.50,0.50,0.50,27.46,17,17,0,0.10,0.10,0.10,28.34,17,17,0,1.09,1.00,1.10,27.88,17,17,0,0.22,0.20,0.30,27.57,17,17,0
1286524,0.33,0.30,0.40,28.30,17,17,0,780.94,778.40,784.70,23.88,17,0,0,0.34,0.30,0.40,27.87,17,17,0,0.50,0.50,0.50,27.44,17,17,0,0.10,0.10,0.10,28.33,17,17,0,1.07,1.00,1.10,27.86,17,17,0,0.23,0.20,0.30,27.58,17,17,0
1287033,0.37,0.30,0.40,28.28,18,18,0,780.53,778.20,783.90,23.88,18,0,0,0.35,0.30,0.40,27.86,18,18,0,0.48,0.40,0.50,27.47,18,18,0,0.09,0.00,0.10,28.32,18,18,0,1.07,1.00,1.10,27.85,18,18,0,0.23,0.20,0.30,27.55,18,18,0
1287533,0.35,0.30,0.40,28.28,17,17,0,782.01,778.90,785.70,23.91,17,0,0,0.36,0.30,0.40,27.88,17,17,0,0.50,0.50,0.50,27.47,17,17,0,0.09,0.00,0.10,28.32,17,17,0,1.06,1.00,1.10,27.86,17,17,0,0.22,0.20,0.30,27.56,17,17,0
1288033,0.35,0.30,0.40,28.29,17,17,0,784.98,779.60,790.30,23.89,17,0,0,0.35,0.30,0.40,27.86,17,17,0,0.49,0.40,0.50,27.46,17,17,0,0.10,0.10,0.10,28.32,17,17,0,1.06,1.00,1.10,27.87,17,17,0,0.22,0.20,0.30,27.56,17,17,0
1288533,0.34,0.30,0.40,28.29,17,17,0,788.74,786.60,790.90,23.90,17,0,0,0.33,0.30,0.40,27.88,17,17,0,0.49,0.40,0.50,27.46,17,17,0,0.09,0.00,0.10,28.31,17,17,0,1.08,1.00,1.10,27.86,17,17,0,0.22,0.20,0.30,27.57,17,17,0
1289033,0.34,0.30,0.40,28.28,17,17,0,787.02,784.30,790.60,23.90,17,0,0,0.33,0.30,0.40,27.87,17,17,0,0.50,0.50,0.50,27.46,17,17,0,0.09,0.00,0.10,28.33,17,17,0,1.08,1.00,1.10,27.86,17,17,0,0.24,0.20,0.30,27.56,17,17,0
1289546,0.34,0.30,0.40,28.29,18,18,0,785.13,781.10,787.50,23.91,18,0,0,0.33,0.30,0.40,27.87,18,18,0,0.49,0.40,0.50,27.46,18,18,0,0.09,0.00,0.10,28.33,18,18,0,1.08,1.00,1.10,27.86,18,18,0,0.23,0.20,0.30,27.55,18,18,0
1290058,0.34,0.30,0.40,28.28,18,18,0,785.55,782.40,788.40,23.90,18,0,0,0.34,0.30,0.40,27.86,18,18,0,0.49,0.40,0.50,27.45,18,18,0,0.09,0.00,0.10,28.33,18,18,0,1.07,1.00,1.10,27.86,18,18,0,0.22,0.20,0.30,27.57,18,18,0
1290567,0.34,0.30,0.40,28.28,18,18,0,792.45,787.30,796.30,23.90,18,0,0,0.34,0.30,0.40,27.85,18,18,0,0.48,0.40,0.50,27.47,18,18,0,0.10,0.00,0.20,28.33,18,18,0,1.06,1.00,1.10,27.87,18,18,0,0.24,0.20,0.30,27.58,18,18,0
1291080,0.34,0.30,0.40,28.28,18,18,0,790.37,786.00,793.20,23.90,18,0,0,0.34,0.30,0.40,27.88,18,18,0,0.49,0.40,0.50,27.47,18,18,0,0.09,0.00,0.20,28.31,18,18,0,1.06,1.00,1.10,27.87,18,18,0,0.23,0.20,0.30,27.58,18,18,0
1291580,0.35,0.30,0.40,28.29,17,17,0,787.22,784.20,790.70,23.91,17,0,0,0.35,0.30,0.40,27.86,17,17,0,0.49,0.40,0.50,27.46,17,17,0,0.09,0.00,0.10,28.31,17,17,0,1.06,1.00,1.10,27.86,17,17,0,0.21,0.20,0.30,27.57,17,17,0
1292080,0.35,0.30,0.40,28.29,17,17,0,785.73,783.20,787.70,23.90,17,0,0,0.34,0.30,0.40,27.86,17,17,0,0.48,0.40,0.50,27.47,17,17,0,0.09,0.00,0.10,28.30,17,17,0,1.08,1.00,1.10,27.86,17,17,0,0.22,0.20,0.30,27.56,17,17,0
1292580,0.36,0.30,0.40,28.30,16,16,0,786.10,782.90,789.50,23.90,16,0,0,0.36,0.30,0.40,27.88,16,16,0,0.49,0.40,0.50,27.46,16,16,0,0.10,0.10,0.10,28.31,16,16,0,1.05,1.00,1.10,27.87,16,16,0,0.21,0.20,0.30,27.57,16,16,0
1293080,0.35,0.30,0.40,28.29,17,17,0,789.09,785.60,793.20,23.90,17,0,0,0.35,0.30,0.40,27.87,17,17,0,0.49,0.40,0.50,27.48,17,17,0,0.09,0.00,0.10,28.31,17,17,0,1.08,1.00,1.10,27.87,17,17,0,0.22,0.20,0.30,27.56,17,17,0
1293593,0.33,0.30,0.40,28.30,18,18,0,784.68,779.40,789.50,23.88,18,0,0,0.34,0.30,0.40,27.86,18,18,0,0.49,0.40,0.50,27.46,18,18,0,0.09,0.00,0.10,28.32,18,18,0,1.09,1.00,1.10,27.87,18,18,0,0.23,0.20,0.30,27.57,18,18,0
1294097,0.33,0.30,0.40,28.28,17,17,0,778.22,775.70,780.80,23.91,17,0,0,0.34,0.30,0.40,27.86,17,17,0,0.49,0.40,0.50,27.46,17,17,0,0.08,0.00,0.10,28.30,17,17,0,1.06,1.00,1.10,27.88,17,17,0,0.22,0.20,0.30,27.58,17,17,0
1294610,0.34,0.30,0.40,28.29,18,18,0,774.83,771.90,778.80,23.91,18,0,0,0.36,0.30,0.40,27.88,18,18,0,0.50,0.50,0.50,27.47,18,18,0,0.09,0.00,0.10,28.32,18,18,0,1.07,1.00,1.10,27.86,18,18,0,0.21,0.20,0.30,27.57,18,18,0
1295110,0.34,0.30,0.40,28.29,17,17,0,779.18,773.40,782.30,23.91,17,0,0,0.34,0.30,0.40,27.88,17,17,0,0.50,0.50,0.50,27.46,17,17,0,0.08,0.00,0.10,28.33,17,17,0,1.06,1.00,1.10,27.87,17,17,0,0.22,0.20,0.30,27.58,17,17,0
1295610,0.33,0.30,0.40,28.29,17,17,0,777.54,772.70,781.60,23.91,17,0,0,0.35,0.30,0.40,27.87,17,17,0,0.48,0.40,0.50,27.45,17,17,0,0.09,0.00,0.10,28.33,17,17,0,1.07,1.00,1.10,27.86,17,17,0,0.21,0.20,0.30,27.57,17,17,0
1296110,0.35,0.30,0.40,28.30,17,17,0,769.07,765.60,773.60,23.90,17,0,0,0.33,0.30,0.40,27.86,17,17,0,0.49,0.40,0.50,27.46,17,17,0,0.10,0.10,0.10,28.32,17,17,0,1.08,1.00,1.10,27.88,17,17,0,0.22,0.20,0.30,27.57,17,17,0
1296610,0.34,0.30,0.40,28.28,17,17,0,764.11,760.40,765.90,23.89,17,0,0,0.35,0.30,0.40,27.87,17,17,0,0.50,0.50,0.50,27.47,17,17,0,0.10,0.10,0.10,28.30,17,17,0,1.08,1.00,1.10,27.86,17,17,0,0.25,0.20,0.30,27.58,17,17,0
1297123,0.34,0.30,0.40,28.29,18,18,0,763.47,759.40,768.70,23.91,18,0,0,0.37,0.30,0.40,27.86,18,18,0,0.49,0.40,0.50,27.46,18,18,0,0.09,0.00,0.10,28.32,18,18,0,1.08,1.00,1.10,27.87,18,18,0,0.21,0.20,0.30,27.58,18,18,0
1297623,0.37,0.30,0.40,28.30,17,17,0,769.36,766.90,772.60,23.93,17,0,0,0.35,0.30,0.40,27.87,17,17,0,0.48,0.40,0.50,27.46,17,17,0,0.10,0.10,0.10,28.32,17,17,0,1.07,1.00,1.10,27.86,17,17,0,0.22,0.20,0.30,27.56,17,17,0
1298123,0.33,0.30,0.40,28.30,17,17,0,765.29,760.70,770.20,23.92,17,0,0,0.35,0.30,0.40,27.88,17,17,0,0.50,0.50,0.50,27.45,17,17,0,0.10,0.10,0.10,28.33,17,17,0,1.08,1.00,1.10,27.86,17,17,0,0.21,0.20,0.30,27.57,17,17,0
1298635,0.34,0.30,0.40,28.28,17,17,0,756.29,752.80,759.90,23.89,17,0,0,0.37,0.30,0.40,27.86,17,17,0,0.49,0.40,0.50,27.46,17,17,0,0.10,0.10,0.10,28.33,17,17,0,1.05,1.00,1.10,27.86,17,17,0,0.21,0.20,0.30,27.58,17,17,0
1299135,0.34,0.30,0.40,28.29,17,17,0,753.55,750.00,756.60,23.91,17,0,0,0.35,0.30,0.40,27.88,17,17,0,0.49,0.40,0.50,27.46,17,17,0,0.09,0.00,0.10,28.33,17,17,0,1.06,1.00,1.10,27.87,17,17,0,0.22,0.20,0.30,27.56,17,17,0
1299635,0.35,0.30,0.40,28.29,17,17,0,755.36,752.50,759.00,23.93,17,0,0,0.35,0.30,0.40,27.86,17,17,0,0.49,0.40,0.50,27.45,17,17,0,0.10,0.10,0.10,28.30,17,17,0,1.06,1.00,1.10,27.87,17,17,0,0.24,0.20,0.30,27.56,17,17,0
1300135,0.35,0.30,0.40,28.29,17,17,0,759.84,754.60,763.40,23.92,17,0,0,0.34,0.30,0.40,27.88,17,17,0,0.50,0.50,0.50,27.47,17,17,0,0.09,0.00,0.10,28.30,17,17,0,1.08,1.00,1.10,27.86,17,17,0,0.22,0.20,0.30,27.57,17,17,0
1300648,0.36,0.30,0.40,28.30,18,18,0,756.18,754.00,759.60,23.92,18,0,0,0.37,0.30,0.40,27.86,18,18,0,0.50,0.50,0.50,27.47,18,18,0,0.08,0.00,0.10,28.31,18,18,0,1.08,1.00,1.10,27.86,18,18,0,0.22,0.20,0.30,27.59,18,18,0
1301148,0.35,0.30,0.40,28.29,17,17,0,751.66,749.90,754.10,23.92,17,0,0,0.37,0.30,0.40,27.87,17,17,0,0.49,0.40,0.50,27.45,17,17,0,0.10,0.10,0.10,28.31,17,17,0,1.06,1.00,1.10,27.87,17,17,0,0.23,0.20,0.30,27.58,17,17,0
1301660,0.33,0.30,0.40,28.30,18,18,0,747.89,744.40,750.30,23.92,18,0,0,0.35,0.30,0.40,27.87,18,18,0,0.49,0.40,0.50,27.47,18,18,0,0.09,0.00,0.10,28.32,18,18,0,1.08,1.00,1.10,27.86,18,18,0,0.22,0.20,0.30,27.58,18,18,0
1302160,0.34,0.30,0.40,28.30,17,17,0,751.34,746.80,754.60,23.92,17,0,0,0.35,0.30,0.40,27.87,17,17,0,0.48,0.40,0.50,27.46,17,17,0,0.09,0.00,0.10,28.32,17,17,0,1.07,1.00,1.10,27.87,17,17,0,0.22,0.20,0.30,27.58,17,17,0
1302660,0.33,0.30,0.40,28.29,17,17,0,750.81,748.10,754.60,23.92,17,0,0,0.35,0.30,0.40,27.87,17,17,0,0.49,0.40,0.50,27.46,17,17,0,0.10,0.10,0.10,28.33,17,17,0,1.06,1.00,1.10,27.87,17,17,0,0.22,0.20,0.30,27.57,17,17,0
1303160,0.34,0.30,0.40,28.28,17,17,0,744.27,740.50,748.20,23.93,17,0,0,0.34,0.30,0.40,27.86,17,17,0,0.49,0.40,0.50,27.48,17,17,0,0.10,0.10,0.10,28.31,17,17,0,1.08,1.00,1.10,27.87,17,17,0,0.20,0.20,0.20,27.58,17,17,0
1303660,0.35,0.30,0.40,28.30,17,17,0,741.47,737.80,745.20,23.92,17,0,0,0.35,0.30,0.40,27.87,17,17,0,0.49,0.40,0.50,27.47,17,17,0,0.10,0.00,0.20,28.33,17,17,0,1.07,1.00,1.10,27.87,17,17,0,0.22,0.20,0.30,27.58,17,17,0
1304172,0.32,0.30,0.40,28.30,18,18,0,741.84,738.70,746.00,23.92,18,0,0,0.37,0.30,0.40,27.86,18,18,0,0.48,0.40,0.50,27.46,18,18,0,0.10,0.10,0.10,28.32,18,18,0,1.07,1.00,1.10,27.86,18,18,0,0.23,0.20,0.30,27.58,18,18,0
1304672,0.34,0.30,0.40,28.28,17,17,0,749.52,745.20,753.20,23.94,17,0,0,0.36,0.30,0.40,27.87,17,17,0,0.49,0.40,0.50,27.46,17,17,0,0.10,0.10,0.10,28.31,17,17,0,1.07,1.00,1.10,27.87,17,17,0,0.21,0.20,0.30,27.58,17,17,0
1305185,0.35,0.30,0.40,28.31,18,18,0,749.43,747.40,752.00,23.94,18,0,0,0.34,0.30,0.40,27.87,18,18,0,0.49,0.40,0.50,27.46,18,18,0,0.09,0.00,0.20,28.33,18,18,0,1.07,1.00,1.10,27.87,18,18,0,0.22,0.20,0.30,27.59,18,18,0
1305691,0.32,0.30,0.40,28.30,17,17,0,746.36,742.40,749.80,23.92,17,0,0,0.36,0.30,0.40,27.86,17,17,0,0.48,0.40,0.50,27.44,17,17,0,0.09,0.00,0.10,28.31,17,17,0,1.05,1.00,1.10,27.86,17,17,0,0.22,0.20,0.30,27.59,17,17,0
1306191,0.34,0.30,0.40,28.29,17,17,0,524.60,418.90,711.10,23.95,17,0,0,0.36,0.30,0.40,27.86,17,17,0,0.50,0.50,0.50,27.46,17,17,0,0.10,0.10,0.10,28.32,17,17,0,1.06,1.00,1.10,27.87,17,17,0,0.21,0.20,0.30,27.58,17,17,0
1306691,0.34,0.30,0.40,28.30,17,17,0,347.50,310.00,400.10,24.03,17,0,0,0.35,0.30,0.40,27.87,17,17,0,0.49,0.40,0.50,27.46,17,17,0,0.10,0.10,0.10,28.30,17,17,0,1.08,1.00,1.10,27.86,17,17,0,0.21,0.20,0.30,27.58,17,17,0
1307191,0.35,0.30,0.40,28.29,18,18,0,272.46,250.00,302.30,24.10,18,0,0,0.34,0.30,0.40,27.88,18,18,0,0.48,0.40,0.50,27.46,18,18,0,0.10,0.00,0.20,28.32,18,18,0,1.05,1.00,1.10,27.87,18,18,0,0.22,0.20,0.30,27.58,18,18,0
1307691,0.34,0.30,0.40,28.29,16,16,0,224.96,210.60,243.30,24.18,16,0,0,0.36,0.30,0.40,27.88,16,16,0,0.50,0.50,0.50,27.47,16,16,0,0.09,0.00,0.10,28.32,16,16,0,1.08,1.00,1.10,27.87,16,16,0,0.22,0.20,0.30,27.59,16,16,0
1308196,0.34,0.30,0.40,28.30,17,17,0,191.42,180.30,205.20,24.22,17,0,0,0.36,0.30,0.40,27.87,17,17,0,0.49,0.40,0.50,27.45,17,17,0,0.09,0.00,0.10,28.31,17,17,0,1.07,1.00,1.10,27.86,17,17,0,0.24,0.20,0.30,27.57,17,17,0
1308709,0.34,0.30,0.40,28.29,18,18,0,166.42,156.60,177.40,24.29,18,0,0,0.36,0.30,0.40,27.86,18,18,0,0.49,0.40,0.50,27.45,18,18,0,0.10,0.10,0.10,28.32,18,18,0,1.05,1.00,1.10,27.87,18,18,0,0.21,0.20,0.30,27.58,18,18,0
1309209,0.36,0.30,0.40,28.30,17,17,0,147.06,139.30,155.60,24.34,17,0,0,0.33,0.30,0.40,27.86,17,17,0,0.49,0.40,0.50,27.47,17,17,0,0.09,0.00,0.10,28.32,17,17,0,1.08,1.00,1.10,27.86,17,17,0,0.22,0.20,0.30,27.59,17,17,0
1309709,0.35,0.30,0.40,28.32,17,17,0,131.60,126.60,138.40,24.40,17,0,0,0.36,0.30,0.40,27.85,17,17,0,0.50,0.50,0.50,27.45,17,17,0,0.11,0.10,0.20,28.31,17,17,0,1.07,1.00,1.10,27.88,17,17,0,0.22,0.20,0.30,27.57,17,17,0
1310209,0.34,0.30,0.40,28.28,17,17,0,119.31,114.80,124.90,24.43,17,0,0,0.35,0.30,0.40,27.86,17,17,0,0.49,0.40,0.50,27.47,17,17,0,0.10,0.10,0.10,28.31,17,17,0,1.06,1.00,1.10,27.88,17,17,0,0.24,0.20,0.30,27.58,17,17,0
1310712,0.34,0.30,0.40,28.30,17,17,0,109.16,106.00,114.10,24.50,17,0,0,0.38,0.30,0.40,27.86,17,17,0,0.49,0.40,0.50,27.45,17,17,0,0.09,0.00,0.10,28.32,17,17,0,1.08,1.00,1.10,27.88,17,17,0,0.22,0.20,0.30,27.59,17,17,0
1311212,0.33,0.30,0.40,28.31,17,17,0,100.84,97.60,104.80,24.52,17,0,0,0.36,0.30,0.40,27.86,17,17,0,0.50,0.50,0.50,27.46,17,17,0,0.10,0.10,0.10,28.30,17,17,0,1.08,1.00,1.10,27.88,17,17,0,0.23,0.20,0.30,27.59,17,17,0
1311722,0.32,0.30,0.40,28.31,17,17,0,93.44,90.80,96.40,24.56,17,0,0,0.35,0.30,0.40,27.86,17,17,0,0.49,0.40,0.50,27.46,17,17,0,0.10,0.10,0.10,28.33,17,17,0,1.09,1.00,1.10,27.88,17,17,0,0.22,0.20,0.30,27.57,17,17,0
1312234,0.36,0.30,0.40,28.32,18,18,0,86.96,84.20,89.90,24.62,18,0,0,0.35,0.30,0.40,27.88,18,18,0,0.49,0.40,0.50,27.46,18,18,0,0.09,0.00,0.10,28.31,18,18,0,1.08,1.00,1.10,27.89,18,18,0,0.22,0.20,0.30,27.56,18,18,0
1312734,0.34,0.30,0.40,28.29,17,17,0,81.61,79.70,84.10,24.65,17,0,0,0.32,0.30,0.40,27.86,17,17,0,0.49,0.40,0.50,27.47,17,17,0,0.09,0.00,0.10,28.31,17,17,0,1.09,1.00,1.10,27.87,17,17,0,0.21,0.20,0.30,27.58,17,17,0
1313234,0.34,0.30,0.40,28.30,17,17,0,76.96,75.40,79.00,24.67,17,0,0,0.36,0.30,0.40,27.88,17,17,0,0.49,0.40,0.50,27.46,17,17,0,0.09,0.00,0.10,28.32,17,17,0,1.08,1.00,1.10,27.87,17,17,0,0.22,0.20,0.30,27.59,17,17,0
1313734,0.33,0.30,0.40,28.31,18,18,0,72.94,71.00,74.70,24.72,18,0,0,0.34,0.30,0.40,27.88,18,18,0,0.49,0.40,0.60,27.44,18,18,0,0.10,0.10,0.10,28.33,18,18,0,1.08,1.00,1.10,27.88,18,18,0,0.21,0.10,0.30,27.57,18,18,0
1314240,0.36,0.30,0.40,28.30,17,17,0,68.86,67.20,70.50,24.76,17,0,0,0.35,0.30,0.40,27.89,17,17,0,0.49,0.40,0.50,27.45,17,17,0,0.09,0.00,0.10,28.32,17,17,0,1.07,1.00,1.10,27.88,17,17,0,0.21,0.20,0.30,27.58,17,17,0
1314744,0.33,0.30,0.40,28.31,17,17,0,65.45,63.50,67.00,24.82,17,0,0,0.34,0.30,0.40,27.87,17,17,0,0.50,0.50,0.50,27.48,17,17,0,0.09,0.00,0.10,28.32,17,17,0,1.07,1.00,1.10,27.87,17,17,0,0.22,0.20,0.30,27.59,17,17,0
1315247,0.35,0.30,0.40,28.29,17,17,0,62.38,61.10,63.70,24.83,17,0,0,0.34,0.30,0.40,27.87,17,17,0,0.49,0.40,0.50,27.47,17,17,0,0.09,0.00,0.10,28.31,17,17,0,1.08,1.00,1.10,27.88,17,17,0,0.24,0.20,0.30,27.59,17,17,0
1315759,0.36,0.30,0.40,28.29,18,18,0,59.73,58.90,60.90,24.87,18,0,0,0.34,0.30,0.40,27.88,18,18,0,0.49,0.40,0.50,27.46,18,18,0,0.09,0.00,0.10,28.32,18,18,0,1.08,1.00,1.10,27.89,18,18,0,0.21,0.20,0.30,27.57,18,18,0
1316259,0.35,0.30,0.40,28.31,17,17,0,57.44,56.30,58.60,24.90,17,0,0,0.32,0.30,0.40,27.88,17,17,0,0.49,0.40,0.50,27.48,17,17,0,0.09,0.00,0.10,28.32,17,17,0,1.09,1.00,1.10,27.86,17,17,0,0.24,0.20,0.30,27.59,17,17,0
1316772,0.36,0.30,0.40,28.30,18,18,0,55.28,54.00,56.50,24.94,18,0,0,0.36,0.30,0.40,27.87,18,18,0,0.49,0.40,0.50,27.46,18,18,0,0.11,0.10,0.20,28.32,18,18,0,1.07,1.00,1.10,27.87,18,18,0,0.21,0.20,0.30,27.58,18,18,0
1317272,0.36,0.30,0.40,28.29,18,18,0,53.12,52.20,54.00,24.95,18,0,0,0.36,0.30,0.40,27.88,18,18,0,0.50,0.50,0.50,27.46,18,18,0,0.11,0.10,0.20,28.32,18,18,0,1.08,1.00,1.10,27.87,18,18,0,0.24,0.20,0.30,27.60,18,18,0
1317772,0.36,0.30,0.40,28.30,17,17,0,51.22,50.20,52.50,24.99,17,0,0,0.36,0.30,0.40,27.88,17,17,0,0.48,0.40,0.50,27.47,17,17,0,0.08,0.00,0.10,28.33,17,17,0,1.08,1.00,1.10,27.89,17,17,0,0.21,0.20,0.30,27.57,17,17,0
1318280,0.32,0.30,0.40,28.30,18,18,0,50.67,45.90,56.10,25.00,18,0,0,0.33,0.30,0.40,27.88,18,18,0,0.49,0.40,0.50,27.47,18,18,0,0.09,0.00,0.10,28.34,18,18,0,1.06,1.00,1.10,27.88,18,18,0,0.22,0.20,0.30,27.58,18,18,0
1318791,0.34,0.30,0.40,28.30,17,17,0,47.68,44.60,54.80,25.05,17,0,0,0.35,0.30,0.40,27.87,17,17,0,0.50,0.50,0.50,27.47,17,17,0,0.09,0.00,0.10,28.32,17,17,0,1.06,1.00,1.10,27.88,17,17,0,0.23,0.20,0.30,27.59,17,17,0
1319298,0.34,0.30,0.40,28.32,18,18,0,46.84,45.10,49.50,25.10,18,0,0,0.36,0.30,0.40,27.89,18,18,0,0.49,0.40,0.50,27.46,18,18,0,0.10,0.10,0.10,28.33,18,18,0,1.08,1.00,1.10,27.89,18,18,0,0.21,0.20,0.30,27.60,18,18,0
1319798,0.34,0.30,0.40,28.31,17,17,0,45.29,44.50,46.10,25.10,17,0,0,0.35,0.30,0.40,27.87,17,17,0,0.50,0.50,0.50,27.47,17,17,0,0.08,0.00,0.10,28.32,17,17,0,1.08,1.00,1.10,27.86,17,17,0,0.22,0.20,0.30,27.60,17,17,0
1320298,0.34,0.30,0.40,28.32,17,17,0,43.96,42.80,45.60,25.13,17,0,0,0.35,0.30,0.40,27.86,17,17,0,0.50,0.50,0.50,27.46,17,17,0,0.09,0.00,0.10,28.32,17,17,0,1.06,1.00,1.10,27.88,17,17,0,0.23,0.20,0.30,27.59,17,17,0
1320798,0.35,0.30,0.40,28.32,17,17,0,42.59,41.50,43.50,25.16,17,0,0,0.34,0.30,0.40,27.88,17,17,0,0.50,0.50,0.50,27.47,17,17,0,0.09,0.00,0.10,28.31,17,17,0,1.08,1.00,1.10,27.87,17,17,0,0.22,0.20,0.30,27.58,17,17,0
1321300,0.35,0.30,0.40,28.31,17,17,0,41.21,40.40,42.30,25.18,17,0,0,0.37,0.30,0.40,27.87,17,17,0,0.49,0.40,0.50,27.47,17,17,0,0.11,0.10,0.20,28.32,17,17,0,1.08,1.00,1.10,27.89,17,17,0,0.22,0.20,0.30,27.58,17,17,0
1321800,0.35,0.30,0.40,28.32,17,17,0,40.32,39.60,40.90,25.21,17,0,0,0.36,0.30,0.40,27.87,17,17,0,0.49,0.40,0.50,27.47,17,17,0,0.10,0.10,0.10,28.31,17,17,0,1.07,1.00,1.10,27.88,17,17,0,0.22,0.20,0.30,27.60,17,17,0
1322300,0.36,0.30,0.40,28.30,17,17,0,39.41,38.40,40.70,25.24,17,0,0,0.34,0.30,0.40,27.88,17,17,0,0.49,0.40,0.50,27.48,17,17,0,0.10,0.10,0.10,28.32,17,17,0,1.08,1.00,1.10,27.88,17,17,0,0.22,0.20,0.30,27.58,17,17,0
1322800,0.35,0.30,0.40,28.32,17,17,0,38.52,37.70,39.30,25.26,17,0,0,0.38,0.30,0.40,27.88,17,17,0,0.49,0.40,0.50,27.46,17,17,0,0.09,0.00,0.10,28.32,17,17,0,1.09,1.00,1.10,27.89,17,17,0,0.23,0.20,0.30,27.59,17,17,0
1323300,0.36,0.30,0.40,28.31,17,17,0,37.69,36.70,38.90,25.29,17,0,0,0.34,0.30,0.40,27.88,17,17,0,0.49,0.40,0.50,27.47,17,17,0,0.09,0.00,0.10,28.33,17,17,0,1.08,1.00,1.10,27.88,17,17,0,0.20,0.20,0.20,27.58,17,17,0
1323800,0.35,0.30,0.40,28.31,17,17,0,36.49,33.20,37.80,25.30,17,0,0,0.33,0.30,0.40,27.87,17,17,0,0.49,0.40,0.50,27.47,17,17,0,0.10,0.10,0.10,28.33,17,17,0,1.07,1.00,1.10,27.87,17,17,0,0.22,0.20,0.30,27.60,17,17,0
1324312,0.35,0.30,0.40,28.29,18,18,0,35.87,34.70,36.70,25.35,18,0,0,0.37,0.30,0.40,27.87,18,18,0,0.49,0.40,0.50,27.46,18,18,0,0.10,0.00,0.20,28.33,18,18,0,1.08,1.00,1.10,27.86,18,18,0,0.22,0.20,0.30,27.59,18,18,0
1324814,0.36,0.30,0.40,28.32,17,17,0,35.19,34.40,36.10,25.36,17,0,0,0.34,0.30,0.40,27.88,17,17,0,0.50,0.50,0.50,27.47,17,17,0,0.08,0.00,0.10,28.32,17,17,0,1.09,1.00,1.10,27.86,17,17,0,0.24,0.20,0.30,27.60,17,17,0
1325314,0.35,0.30,0.40,28.30,18,18,0,34.36,33.70,35.00,25.39,18,0,0,0.35,0.30,0.40,27.87,18,18,0,0.50,0.50,0.50,27.47,18,18,0,0.06,0.00,0.10,28.31,18,18,0,1.07,1.00,1.10,27.88,18,18,0,0.23,0.20,0.30,27.59,18,18,0
1325821,0.35,0.30,0.40,28.31,17,17,0,33.51,32.10,34.00,25.40,17,0,0,0.34,0.30,0.40,27.88,17,17,0,0.49,0.40,0.50,27.47,17,17,0,0.10,0.10,0.10,28.33,17,17,0,1.08,1.00,1.10,27.87,17,17,0,0.23,0.20,0.30,27.60,17,17,0
1326321,0.34,0.30,0.40,28.31,17,17,0,32.59,30.30,33.80,25.43,17,0,0,0.36,0.30,0.40,27.89,17,17,0,0.48,0.40,0.50,27.47,17,17,0,0.10,0.10,0.10,28.33,17,17,0,1.07,1.00,1.10,27.89,17,17,0,0.23,0.20,0.30,27.60,17,17,0
1326825,0.34,0.30,0.40,28.29,17,17,0,32.29,30.80,34.30,25.45,17,0,0,0.35,0.30,0.40,27.89,17,17,0,0.49,0.40,0.50,27.47,17,17,0,0.09,0.00,0.10,28.33,17,17,0,1.08,1.00,1.10,27.88,17,17,0,0.22,0.20,0.30,27.60,17,17,0
1327325,0.36,0.30,0.40,28.29,17,17,0,31.52,30.90,32.40,25.46,17,0,0,0.35,0.30,0.40,27.88,17,17,0,0.48,0.40,0.50,27.46,17,17,0,0.09,0.00,0.10,28.34,17,17,0,1.08,1.00,1.10,27.87,17,17,0,0.23,0.20,0.30,27.61,17,17,0
1327825,0.35,0.30,0.40,28.31,17,17,0,31.41,27.70,38.60,25.49,17,0,0,0.34,0.30,0.40,27.86,17,17,0,0.50,0.50,0.50,27.47,17,17,0,0.10,0.10,0.10,28.33,17,17,0,1.07,1.00,1.10,27.88,17,17,0,0.21,0.20,0.30,27.59,17,17,0
1328325,0.38,0.30,0.40,28.32,17,17,0,30.11,28.70,31.60,25.52,17,0,0,0.35,0.30,0.40,27.89,17,17,0,0.49,0.40,0.50,27.47,17,17,0,0.10,0.10,0.10,28.32,17,17,0,1.06,1.00,1.10,27.88,17,17,0,0.25,0.20,0.30,27.59,17,17,0
1328829,0.34,0.30,0.40,28.31,17,17,0,29.36,28.60,30.00,25.53,17,0,0,0.35,0.30,0.40,27.90,17,17,0,0.49,0.40,0.50,27.48,17,17,0,0.09,0.00,0.10,28.32,17,17,0,1.08,1.00,1.10,27.87,17,17,0,0.22,0.20,0.30,27.58,17,17,0
1329334,0.34,0.30,0.40,28.31,17,17,0,28.91,28.50,29.60,25.54,17,0,0,0.36,0.30,0.40,27.88,17,17,0,0.50,0.50,0.50,27.48,17,17,0,0.09,0.00,0.10,28.32,17,17,0,1.08,1.00,1.10,27.88,17,17,0,0.22,0.20,0.30,27.58,17,17,0
1329834,0.35,0.30,0.40,28.30,17,17,0,28.46,28.20,28.80,25.57,17,0,0,0.34,0.30,0.40,27.89,17,17,0,0.50,0.50,0.50,27.47,17,17,0,0.08,0.00,0.10,28.31,17,17,0,1.09,1.00,1.10,27.88,17,17,0,0.24,0.20,0.30,27.58,17,17,0
1330334,0.35,0.30,0.40,28.30,18,18,0,28.01,27.40,28.40,25.59,18,0,0,0.33,0.30,0.40,27.87,18,18,0,0.49,0.40,0.50,27.47,18,18,0,0.11,0.00,0.20,28.32,18,18,0,1.07,1.00,1.10,27.88,18,18,0,0.23,0.20,0.30,27.59,18,18,0
1330837,0.34,0.30,0.40,28.31,16,16,0,27.44,26.90,27.70,25.60,16,0,0,0.35,0.30,0.40,27.87,16,16,0,0.49,0.40,0.50,27.48,16,16,0,0.08,0.00,0.10,28.34,16,16,0,1.06,1.00,1.10,27.88,16,16,0,0.24,0.20,0.30,27.59,16,16,0
1331337,0.35,0.30,0.40,28.31,17,17,0,27.07,26.80,27.40,25.63,17,0,0,0.35,0.30,0.40,27.88,17,17,0,0.50,0.50,0.50,27.47,17,17,0,0.09,0.00,0.10,28.33,17,17,0,1.08,1.00,1.10,27.88,17,17,0,0.22,0.20,0.30,27.60,17,17,0
1331837,0.34,0.30,0.40,28.32,18,18,0,26.66,26.30,27.00,25.65,18,0,0,0.35,0.30,0.40,27.88,18,18,0,0.49,0.40,0.50,27.47,18,18,0,0.09,0.00,0.10,28.31,18,18,0,1.07,1.00,1.10,27.87,18,18,0,0.21,0.20,0.30,27.58,18,18,0
1332346,0.34,0.30,0.40,28.32,17,17,0,26.15,25.60,26.60,25.67,17,0,0,0.37,0.30,0.40,27.87,17,17,0,0.49,0.40,0.50,27.47,17,17,0,0.09,0.00,0.10,28.32,17,17,0,1.06,1.00,1.10,27.87,17,17,0,0.21,0.20,0.30,27.59,17,17,0
1332854,0.33,0.30,0.40,28.32,18,18,0,25.69,25.30,26.10,25.70,18,0,0,0.34,0.30,0.40,27.88,18,18,0,0.50,0.50,0.50,27.46,18,18,0,0.10,0.10,0.10,28.33,18,18,0,1.07,1.00,1.10,27.88,18,18,0,0.21,0.20,0.30,27.59,18,18,0
1333354,0.34,0.30,0.40,28.31,17,17,0,25.39,24.60,27.50,25.71,17,0,0,0.35,0.30,0.40,27.88,17,17,0,0.50,0.50,0.50,27.47,17,17,0,0.09,0.00,0.10,28.32,17,17,0,1.06,1.00,1.10,27.89,17,17,0,0.22,0.20,0.30,27.59,17,17,0
1333854,0.36,0.30,0.40,28.31,17,17,0,24.58,20.40,27.80,25.73,17,0,0,0.35,0.30,0.40,27.88,17,17,0,0.49,0.40,0.50,27.45,17,17,0,0.09,0.00,0.10,28.32,17,17,0,1.08,1.00,1.10,27.88,17,17,0,0.21,0.20,0.30,27.58,17,17,0
1334354,0.36,0.30,0.40,28.31,17,17,0,24.48,22.50,25.80,25.73,17,0,0,0.35,0.30,0.40,27.89,17,17,0,0.49,0.40,0.50,27.46,17,17,0,0.09,0.00,0.20,28.34,17,17,0,1.07,1.00,1.10,27.89,17,17,0,0.24,0.20,0.30,27.60,17,17,0
1334866,0.34,0.30,0.40,28.32,18,18,0,23.92,23.20,24.40,25.75,18,0,0,0.34,0.30,0.40,27.88,18,18,0,0.50,0.50,0.50,27.46,18,18,0,0.10,0.10,0.10,28.34,18,18,0,1.08,1.00,1.10,27.88,18,18,0,0.22,0.20,0.30,27.60,18,18,0
1335366,0.35,0.30,0.40,28.32,17,17,0,23.43,23.20,23.90,25.78,17,0,0,0.35,0.30,0.40,27.89,17,17,0,0.49,0.40,0.50,27.48,17,17,0,0.10,0.10,0.10,28.33,17,17,0,1.08,1.00,1.10,27.89,17,17,0,0.24,0.20,0.30,27.59,17,17,0
1335866,0.34,0.30,0.40,28.33,17,17,0,22.89,22.60,23.30,25.79,17,0,0,0.36,0.30,0.40,27.88,17,17,0,0.49,0.40,0.50,27.47,17,17,0,0.10,0.10,0.10,28.32,17,17,0,1.08,1.00,1.10,27.88,17,17,0,0.22,0.20,0.30,27.59,17,17,0
1336366,0.36,0.30,0.40,28.32,18,18,0,22.29,22.00,22.60,25.81,18,0,0,0.34,0.30,0.40,27.88,18,18,0,0.49,0.40,0.50,27.47,18,18,0,0.11,0.10,0.20,28.33,18,18,0,1.07,1.00,1.10,27.89,18,18,0,0.21,0.20,0.30,27.60,18,18,0
1336879,0.36,0.30,0.40,28.32,17,17,0,21.77,21.40,22.10,25.82,17,0,0,0.36,0.30,0.40,27.88,17,17,0,0.49,0.40,0.50,27.46,17,17,0,0.10,0.10,0.10,28.34,17,17,0,1.06,1.00,1.10,27.88,17,17,0,0.21,0.20,0.30,27.59,17,17,0
1337379,0.35,0.30,0.40,28.35,18,18,0,21.34,20.70,21.70,25.83,18,0,0,0.36,0.30,0.40,27.87,18,18,0,0.50,0.50,0.50,27.46,18,18,0,0.11,0.10,0.20,28.32,18,18,0,1.06,1.00,1.10,27.90,18,18,0,0.23,0.20,0.30,27.60,18,18,0
1337879,0.36,0.30,0.40,28.33,17,17,0,21.14,20.90,21.60,25.87,17,0,0,0.36,0.30,0.40,27.88,17,17,0,0.49,0.40,0.50,27.47,17,17,0,0.09,0.00,0.10,28.33,17,17,0,1.04,1.00,1.10,27.88,17,17,0,0.21,0.20,0.30,27.60,17,17,0
1338379,0.36,0.30,0.40,28.34,17,17,0,20.74,20.20,21.30,25.87,17,0,0,0.34,0.30,0.40,27.89,17,17,0,0.49,0.40,0.50,27.49,17,17,0,0.09,0.00,0.10,28.34,17,17,0,1.08,1.00,1.10,27.88,17,17,0,0.24,0.20,0.30,27.59,17,17,0
1338879,0.34,0.30,0.40,28.32,17,17,0,22.32,20.40,37.20,25.90,17,0,0,0.35,0.30,0.40,27.89,17,17,0,0.49,0.40,0.50,27.46,17,17,0,0.09,0.00,0.10,28.31,17,17,0,1.08,1.00,1.10,27.89,17,17,0,0.21,0.20,0.30,27.59,17,17,0
1339384,0.35,0.30,0.40,28.32,17,17,0,32.85,29.50,41.50,25.88,17,0,0,0.37,0.30,0.40,27.89,17,17,0,0.49,0.40,0.50,27.46,17,17,0,0.09,0.00,0.10,28.33,17,17,0,1.08,1.00,1.10,27.87,17,17,0,0.21,0.20,0.30,27.60,17,17,0
1339897,0.36,0.30,0.40,28.33,18,18,0,27.13,25.60,29.30,25.88,18,0,0,0.37,0.30,0.40,27.89,18,18,0,0.49,0.40,0.50,27.48,18,18,0,0.09,0.00,0.10,28.32,18,18,0,1.07,1.00,1.10,27.89,18,18,0,0.22,0.20,0.30,27.59,18,18,0
1340397,0.36,0.30,0.40,28.32,17,17,0,24.31,23.40,25.30,25.86,17,0,0,0.35,0.30,0.40,27.88,17,17,0,0.49,0.40,0.50,27.47,17,17,0,0.10,0.10,0.10,28.32,17,17,0,1.07,1.00,1.10,27.89,17,17,0,0.21,0.20,0.30,27.59,17,17,0
1340897,0.35,0.30,0.40,28.33,17,17,0,22.56,22.10,23.40,25.90,17,0,0,0.36,0.30,0.40,27.89,17,17,0,0.49,0.40,0.50,27.47,17,17,0,0.10,0.00,0.20,28.31,17,17,0,1.08,1.00,1.10,27.88,17,17,0,0.22,0.20,0.30,27.60,17,17,0
1341397,0.34,0.30,0.40,28.32,17,17,0,21.43,20.90,21.90,25.90,17,0,0,0.37,0.30,0.40,27.88,17,17,0,0.49,0.40,0.50,27.47,17,17,0,0.09,0.00,0.10,28.34,17,17,0,1.06,1.00,1.10,27.89,17,17,0,0.21,0.20,0.30,27.60,17,17,0
1341908,0.35,0.30,0.40,28.32,18,18,0,20.71,20.20,21.10,25.94,18,0,0,0.34,0.30,0.40,27.88,18,18,0,0.49,0.40,0.50,27.47,18,18,0,0.10,0.10,0.10,28.33,18,18,0,1.08,1.00,1.10,27.90,18,18,0,0.23,0.20,0.30,27.60,18,18,0
1342408,0.36,0.30,0.40,28.34,17,17,0,20.12,19.80,20.50,25.94,17,0,0,0.35,0.30,0.40,27.88,17,17,0,0.49,0.40,0.50,27.46,17,17,0,0.10,0.10,0.10,28.32,17,17,0,1.08,1.00,1.10,27.89,17,17,0,0.21,0.20,0.30,27.60,17,17,0
1342908,0.35,0.30,0.40,28.33,17,17,0,19.70,18.90,20.60,25.96,17,0,0,0.36,0.30,0.40,27.89,17,17,0,0.48,0.40,0.50,27.48,17,17,0,0.09,0.00,0.10,28.33,17,17,0,1.06,1.00,1.10,27.88,17,17,0,0.22,0.20,0.30,27.61,17,17,0
1343408,0.35,0.30,0.40,28.31,17,17,0,19.27,17.50,20.40,25.97,17,0,0,0.35,0.30,0.40,27.91,17,17,0,0.50,0.50,0.50,27.48,17,17,0,0.09,0.00,0.10,28.33,17,17,0,1.06,1.00,1.10,27.88,17,17,0,0.21,0.20,0.30,27.60,17,17,0
1343908,0.36,0.30,0.40,28.31,17,17,0,18.83,17.40,21.40,26.02,17,0,0,0.36,0.30,0.40,27.89,17,17,0,0.50,0.50,0.50,27.48,17,17,0,0.10,0.10,0.10,28.34,17,17,0,1.08,1.00,1.10,27.88,17,17,0,0.21,0.20,0.30,27.60,17,17,0
1344408,0.34,0.30,0.40,28.32,17,17,0,18.38,17.80,18.90,26.01,17,0,0,0.38,0.30,0.40,27.90,17,17,0,0.50,0.50,0.50,27.46,17,17,0,0.10,0.10,0.10,28.32,17,17,0,1.09,1.00,1.10,27.89,17,17,0,0.20,0.20,0.20,27.60,17,17,0
1344908,0.34,0.30,0.40,28.32,17,17,0,17.94,17.20,18.20,26.02,17,0,0,0.35,0.30,0.40,27.90,17,17,0,0.48,0.40,0.50,27.48,17,17,0,0.09,0.00,0.10,28.32,17,17,0,1.06,1.00,1.10,27.89,17,17,0,0.21,0.20,0.30,27.60,17,17,0
1345408,0.35,0.30,0.40,28.33,17,17,0,17.57,16.80,17.80,26.04,17,0,0,0.36,0.30,0.40,27.90,17,17,0,0.49,0.40,0.50,27.47,17,17,0,0.09,0.00,0.10,28.32,17,17,0,1.05,1.00,1.10,27.88,17,17,0,0.21,0.20,0.30,27.61,17,17,0
1345908,0.37,0.30,0.40,28.32,17,17,0,17.09,16.40,17.50,26.05,17,0,0,0.36,0.30,0.40,27.90,17,17,0,0.49,0.40,0.50,27.47,17,17,0,0.09,0.00,0.10,28.33,17,17,0,1.06,1.00,1.10,27.88,17,17,0,0.22,0.20,0.30,27.59,17,17,0
1346421,0.35,0.30,0.40,28.32,18,18,0,16.76,15.00,18.50,26.09,18,0,0,0.36,0.30,0.40,27.89,18,18,0,0.49,0.40,0.50,27.47,18,18,0,0.10,0.10,0.10,28.33,18,18,0,1.08,1.00,1.10,27.88,18,18,0,0.22,0.20,0.30,27.59,18,18,0
1346933,0.36,0.30,0.40,28.33,18,18,0,16.57,15.70,17.90,26.11,18,0,0,0.36,0.30,0.40,27.89,18,18,0,0.49,0.40,0.50,27.46,18,18,0,0.10,0.10,0.10,28.33,18,18,0,1.08,1.00,1.10,27.87,18,18,0,0.23,0.20,0.30,27.61,18,18,0
1347445,0.33,0.30,0.40,28.32,18,18,0,15.66,14.20,17.50,26.12,18,0,0,0.33,0.30,0.40,27.89,18,18,0,0.50,0.50,0.50,27.47,18,18,0,0.10,0.10,0.10,28.35,18,18,0,1.07,1.00,1.10,27.90,18,18,0,0.22,0.20,0.30,27.60,18,18,0
1347947,0.34,0.30,0.40,28.32,17,17,0,15.19,14.70,15.70,26.12,17,0,0,0.38,0.30,0.40,27.89,17,17,0,0.50,0.50,0.50,27.47,17,17,0,0.09,0.00,0.10,28.33,17,17,0,1.07,1.00,1.10,27.89,17,17,0,0.22,0.20,0.30,27.60,17,17,0
1348447,0.36,0.30,0.40,28.33,17,17,0,15.11,14.70,15.50,26.13,17,0,0,0.37,0.30,0.40,27.89,17,17,0,0.49,0.40,0.60,27.49,17,17,0,0.11,0.10,0.20,28.32,17,17,0,1.07,1.00,1.10,27.89,17,17,0,0.23,0.20,0.30,27.60,17,17,0
1348947,0.35,0.30,0.40,28.33,17,17,0,14.94,14.50,15.50,26.17,17,0,0,0.34,0.30,0.40,27.88,17,17,0,0.49,0.40,0.50,27.48,17,17,0,0.09,0.00,0.20,28.33,17,17,0,1.08,1.00,1.10,27.89,17,17,0,0.21,0.20,0.30,27.61,17,17,0
1349447,0.34,0.30,0.40,28.34,17,17,0,14.76,14.20,15.20,26.19,17,0,0,0.36,0.30,0.40,27.90,17,17,0,0.50,0.50,0.50,27.49,17,17,0,0.09,0.00,0.10,28.34,17,17,0,1.07,1.00,1.10,27.91,17,17,0,0.22,0.20,0.30,27.58,17,17,0
1349955,0.34,0.30,0.40,28.33,17,17,0,14.47,14.00,15.10,26.19,17,0,0,0.35,0.30,0.40,27.89,17,17,0,0.49,0.40,0.50,27.49,17,17,0,0.09,0.00,0.10,28.34,17,17,0,1.06,1.00,1.10,27.88,17,17,0,0.21,0.20,0.30,27.60,17,17,0
1350455,0.33,0.30,0.40,28.33,18,18,0,161.90,10.00,435.10,26.15,18,0,0,0.37,0.30,0.40,27.89,18,18,0,0.49,0.40,0.50,27.47,18,18,0,0.10,0.00,0.20,28.33,18,18,0,1.07,1.00,1.10,27.90,18,18,0,0.22,0.20,0.30,27.59,18,18,0
1350955,0.33,0.30,0.40,28.33,17,17,0,450.88,438.50,464.90,25.54,17,0,0,0.36,0.30,0.40,27.89,17,17,0,0.50,0.50,0.50,27.46,17,17,0,0.09,0.00,0.10,28.32,17,17,0,1.07,1.00,1.10,27.88,17,17,0,0.21,0.20,0.30,27.60,17,17,0
1351462,0.34,0.30,0.40,28.33,17,17,0,440.56,438.30,444.00,25.11,17,0,0,0.34,0.30,0.40,27.88,17,17,0,0.49,0.40,0.50,27.48,17,17,0,0.09,0.00,0.10,28.34,17,17,0,1.07,1.00,1.10,27.88,17,17,0,0.24,0.20,0.30,27.61,17,17,0
1351962,0.35,0.30,0.40,28.33,17,17,0,448.43,441.10,455.30,24.89,17,0,0,0.37,0.30,0.40,27.90,17,17,0,0.49,0.40,0.50,27.48,17,17,0,0.10,0.10,0.10,28.33,17,17,0,1.09,1.00,1.10,27.89,17,17,0,0.23,0.20,0.30,27.60,17,17,0
1352462,0.35,0.30,0.40,28.33,17,17,0,475.39,459.40,490.60,24.73,17,0,0,0.33,0.30,0.40,27.89,17,17,0,0.50,0.50,0.50,27.47,17,17,0,0.10,0.10,0.10,28.34,17,17,0,1.08,1.00,1.10,27.89,17,17,0,0.22,0.20,0.30,27.61,17,17,0
1352962,0.34,0.30,0.40,28.31,17,17,0,523.09,495.20,544.00,24.65,17,0,0,0.36,0.30,0.40,27.90,17,17,0,0.49,0.40,0.50,27.49,17,17,0,0.09,0.00,0.10,28.35,17,17,0,1.09,1.00,1.10,27.88,17,17,0,0.24,0.20,0.30,27.62,17,17,0
1353463,0.34,0.30,0.40,28.32,17,17,0,568.15,551.10,581.30,24.56,17,0,0,0.37,0.30,0.40,27.90,17,17,0,0.48,0.40,0.50,27.49,17,17,0,0.09,0.00,0.10,28.33,17,17,0,1.08,1.00,1.10,27.90,17,17,0,0.23,0.20,0.30,27.61,17,17,0
1353963,0.36,0.30,0.40,28.34,17,17,0,602.26,584.00,621.30,24.48,17,0,0,0.35,0.30,0.40,27.90,17,17,0,0.48,0.40,0.50,27.47,17,17,0,0.09,0.00,0.10,28.33,17,17,0,1.07,1.00,1.10,27.90,17,17,0,0.21,0.20,0.30,27.61,17,17,0
1354463,0.34,0.30,0.40,28.32,17,17,0,648.41,625.50,671.70,24.43,17,0,0,0.36,0.30,0.40,27.90,17,17,0,0.48,0.40,0.50,27.49,17,17,0,0.09,0.00,0.10,28.33,17,17,0,1.07,1.00,1.10,27.89,17,17,0,0.25,0.20,0.30,27.60,17,17,0
1354967,0.34,0.30,0.40,28.33,17,17,0,701.63,678.30,717.90,24.37,17,0,0,0.34,0.30,0.40,27.88,17,17,0,0.49,0.40,0.50,27.49,17,17,0,0.09,0.00,0.10,28.33,17,17,0,1.06,1.00,1.10,27.89,17,17,0,0.22,0.20,0.30,27.60,17,17,0
1355468,0.34,0.30,0.40,28.32,17,17,0,737.98,722.40,751.70,24.33,17,0,0,0.36,0.30,0.40,27.89,17,17,0,0.49,0.40,0.50,27.48,17,17,0,0.09,0.00,0.10,28.34,17,17,0,1.06,1.00,1.10,27.89,17,17,0,0.22,0.20,0.30,27.61,17,17,0
1355968,0.36,0.30,0.40,28.34,17,17,0,773.89,755.70,789.80,24.30,17,0,0,0.37,0.30,0.40,27.90,17,17,0,0.49,0.40,0.50,27.49,17,17,0,0.10,0.10,0.10,28.33,17,17,0,1.06,1.00,1.10,27.90,17,17,0,0.22,0.20,0.30,27.60,17,17,0
1356468,0.37,0.30,0.40,28.34,17,17,0,817.85,796.30,834.40,24.24,17,0,0,0.36,0.30,0.40,27.89,17,17,0,0.49,0.40,0.50,27.48,17,17,0,0.11,0.00,0.20,28.34,17,17,0,1.07,1.00,1.10,27.90,17,17,0,0.22,0.20,0.30,27.61,17,17,0
1356968,0.34,0.30,0.40,28.34,18,18,0,845.37,837.10,850.60,24.22,18,0,0,0.34,0.30,0.40,27.88,18,18,0,0.50,0.50,0.50,27.46,18,18,0,0.10,0.10,0.10,28.34,18,18,0,1.08,1.00,1.10,27.89,18,18,0,0.20,0.10,0.30,27.61,18,18,0
1357468,0.34,0.30,0.40,28.34,16,16,0,861.05,852.80,869.80,24.20,16,0,0,0.35,0.30,0.40,27.90,16,16,0,0.49,0.40,0.50,27.48,16,16,0,0.11,0.10,0.20,28.34,16,16,0,1.06,1.00,1.10,27.89,16,16,0,0.22,0.20,0.30,27.60,16,16,0
1357968,0.35,0.30,0.40,28.35,17,17,0,885.35,872.40,902.30,24.16,17,0,0,0.35,0.30,0.40,27.89,17,17,0,0.50,0.50,0.50,27.48,17,17,0,0.10,0.10,0.10,28.33,17,17,0,1.08,1.00,1.10,27.89,17,17,0,0.22,0.20,0.30,27.59,17,17,0
1358473,0.35,0.30,0.40,28.33,17,17,0,916.93,907.40,926.50,24.15,17,0,0,0.37,0.30,0.40,27.89,17,17,0,0.49,0.40,0.50,27.47,17,17,0,0.09,0.00,0.10,28.34,17,17,0,1.08,1.00,1.10,27.89,17,17,0,0.21,0.20,0.30,27.60,17,17,0
1358976,0.36,0.30,0.40,28.33,17,17,0,923.56,920.30,926.80,24.12,17,0,0,0.35,0.30,0.40,27.90,17,17,0,0.49,0.40,0.50,27.50,17,17,0,0.10,0.00,0.20,28.34,17,17,0,1.09,1.00,1.10,27.88,17,17,0,0.24,0.20,0.30,27.60,17,17,0
1359476,0.34,0.30,0.40,28.34,17,17,0,930.98,925.90,937.30,24.11,17,0,0,0.34,0.30,0.40,27.89,17,17,0,0.48,0.40,0.50,27.48,17,17,0,0.09,0.00,0.10,28.33,17,17,0,1.07,1.00,1.10,27.88,17,17,0,0.21,0.20,0.30,27.59,17,17,0
1359976,0.37,0.30,0.40,28.34,17,17,0,953.14,938.00,964.40,24.09,17,0,0,0.33,0.30,0.40,27.90,17,17,0,0.49,0.40,0.50,27.49,17,17,0,0.11,0.10,0.20,28.33,17,17,0,1.08,1.00,1.10,27.88,17,17,0,0.24,0.20,0.30,27.60,17,17,0
1360476,0.33,0.30,0.40,28.33,17,17,0,967.03,962.80,971.70,24.09,17,0,0,0.33,0.30,0.40,27.88,17,17,0,0.50,0.50,0.50,27.49,17,17,0,0.09,0.00,0.10,28.34,17,17,0,1.08,1.00,1.10,27.90,17,17,0,0.22,0.20,0.30,27.59,17,17,0
1360976,0.37,0.30,0.40,28.34,17,17,0,967.55,963.40,970.30,24.07,17,0,0,0.33,0.30,0.40,27.90,17,17,0,0.49,0.40,0.50,27.47,17,17,0,0.09,0.00,0.10,28.34,17,17,0,1.07,1.00,1.10,27.91,17,17,0,0.22,0.20,0.30,27.60,17,17,0
1361476,0.37,0.30,0.40,28.33,17,17,0,977.02,970.00,988.70,24.09,17,0,0,0.34,0.30,0.40,27.90,17,17,0,0.50,0.50,0.50,27.48,17,17,0,0.10,0.10,0.10,28.35,17,17,0,1.08,1.00,1.10,27.89,17,17,0,0.22,0.20,0.30,27.60,17,17,0
1361976,0.38,0.30,0.40,28.32,17,17,0,998.88,991.60,1003.40,24.07,17,0,0,0.35,0.30,0.40,27.90,17,17,0,0.49,0.40,0.50,27.48,17,17,0,0.09,0.00,0.10,28.33,17,17,0,1.08,1.00,1.10,27.90,17,17,0,0.23,0.20,0.30,27.61,17,17,0
1362476,0.36,0.30,0.40,28.34,18,18,0,999.39,996.90,1001.90,24.04,18,0,0,0.34,0.30,0.40,27.89,18,18,0,0.49,0.40,0.50,27.48,18,18,0,0.10,0.10,0.10,28.33,18,18,0,1.07,1.00,1.10,27.90,18,18,0,0.22,0.20,0.30,27.61,18,18,0
1362982,0.35,0.30,0.40,28.33,17,17,0,1000.71,998.20,1004.10,24.05,17,0,0,0.38,0.30,0.40,27.89,17,17,0,0.49,0.40,0.50,27.49,17,17,0,0.09,0.00,0.10,28.33,17,17,0,1.06,1.00,1.10,27.90,17,17,0,0.23,0.20,0.30,27.61,17,17,0
1363482,0.36,0.30,0.40,28.33,17,17,0,1017.50,1005.20,1028.30,24.03,17,0,0,0.35,0.30,0.40,27.92,17,17,0,0.49,0.40,0.50,27.49,17,17,0,0.09,0.00,0.10,28.34,17,17,0,1.07,1.00,1.10,27.90,17,17,0,0.22,0.20,0.30,27.60,17,17,0
1363982,0.35,0.30,0.40,28.34,17,17,0,1025.55,1020.30,1029.90,24.02,17,0,0,0.37,0.30,0.40,27.91,17,17,0,0.50,0.50,0.50,27.49,17,17,0,0.10,0.10,0.10,28.34,17,17,0,1.08,1.00,1.10,27.89,17,17,0,0.22,0.10,0.30,27.60,17,17,0
1364482,0.36,0.30,0.40,28.32,17,17,0,1020.23,1014.40,1022.60,24.02,17,0,0,0.34,0.30,0.40,27.89,17,17,0,0.49,0.40,0.50,27.48,17,17,0,0.10,0.10,0.10,28.33,17,17,0,1.06,1.00,1.10,27.90,17,17,0,0.21,0.20,0.30,27.59,17,17,0
1364982,0.36,0.30,0.40,28.32,17,17,0,1021.59,1017.50,1026.40,24.02,17,0,0,0.33,0.30,0.40,27.89,17,17,0,0.49,0.40,0.50,27.48,17,17,0,0.09,0.00,0.10,28.35,17,17,0,1.07,1.00,1.10,27.91,17,17,0,0.22,0.20,0.30,27.60,17,17,0
1365482,0.36,0.30,0.40,28.34,17,17,0,1030.51,1027.10,1034.20,24.01,17,0,0,0.34,0.30,0.40,27.90,17,17,0,0.49,0.40,0.50,27.49,17,17,0,0.11,0.10,0.20,28.33,17,17,0,1.05,1.00,1.10,27.90,17,17,0,0.21,0.20,0.30,27.60,17,17,0
1365982,0.36,0.30,0.40,28.35,18,18,0,1029.63,1025.10,1033.10,24.00,18,0,0,0.37,0.30,0.40,27.89,18,18,0,0.48,0.40,0.50,27.48,18,18,0,0.10,0.10,0.10,28.35,18,18,0,1.07,1.00,1.10,27.90,18,18,0,0.22,0.20,0.30,27.60,18,18,0
1366482,0.39,0.30,0.40,28.34,16,16,0,1026.79,1024.20,1029.50,23.99,16,0,0,0.34,0.30,0.40,27.89,16,16,0,0.50,0.50,0.50,27.51,16,16,0,0.10,0.10,0.10,28.34,16,16,0,1.08,1.00,1.10,27.89,16,16,0,0.21,0.20,0.30,27.62,16,16,0
1366982,0.37,0.30,0.40,28.33,17,17,0,1028.06,1023.70,1031.60,24.01,17,0,0,0.34,0.30,0.40,27.91,17,17,0,0.49,0.40,0.60,27.48,17,17,0,0.09,0.00,0.10,28.34,17,17,0,1.08,1.00,1.10,27.90,17,17,0,0.22,0.20,0.30,27.61,17,17,0
1367482,0.33,0.30,0.40,28.32,18,18,0,1032.94,1030.10,1037.20,23.99,18,0,0,0.36,0.30,0.40,27.89,18,18,0,0.49,0.40,0.50,27.50,18,18,0,0.11,0.10,0.20,28.33,18,18,0,1.08,1.00,1.10,27.88,18,18,0,0.22,0.20,0.30,27.59,18,18,0
1367982,0.34,0.30,0.40,28.32,16,16,0,1031.43,1028.20,1033.90,23.98,16,0,0,0.38,0.30,0.40,27.90,16,16,0,0.50,0.50,0.50,27.48,16,16,0,0.10,0.10,0.10,28.33,16,16,0,1.09,1.00,1.10,27.89,16,16,0,0.22,0.20,0.30,27.62,16,16,0
1368495,0.37,0.30,0.40,28.34,18,18,0,1032.12,1028.90,1035.60,23.99,18,0,0,0.37,0.30,0.40,27.90,18,18,0,0.50,0.50,0.50,27.47,18,18,0,0.09,0.00,0.10,28.36,18,18,0,1.08,1.00,1.10,27.90,18,18,0,0.22,0.20,0.30,27.62,18,18,0
1368995,0.36,0.30,0.40,28.34,17,17,0,1041.50,1035.60,1044.60,23.98,17,0,0,0.35,0.30,0.40,27.90,17,17,0,0.49,0.40,0.50,27.48,17,17,0,0.10,0.10,0.10,28.34,17,17,0,1.09,1.00,1.10,27.89,17,17,0,0.22,0.20,0.30,27.59,17,17,0
1369504,0.35,0.30,0.40,28.33,17,17,0,1042.98,1040.20,1046.90,23.98,17,0,0,0.35,0.30,0.40,27.90,17,17,0,0.49,0.40,0.50,27.48,17,17,0,0.10,0.10,0.10,28.35,17,17,0,1.08,1.00,1.10,27.91,17,17,0,0.21,0.20,0.30,27.61,17,17,0
1370008,0.35,0.30,0.40,28.34,17,17,0,1042.62,1039.70,1045.80,23.97,17,0,0,0.34,0.30,0.40,27.90,17,17,0,0.49,0.40,0.50,27.49,17,17,0,0.09,0.00,0.10,28.33,17,17,0,1.08,1.00,1.10,27.90,17,17,0,0.21,0.20,0.30,27.60,17,17,0
1370508,0.35,0.30,0.40,28.35,17,17,0,1044.92,1038.30,1051.10,23.98,17,0,0,0.33,0.30,0.40,27.88,17,17,0,0.49,0.40,0.50,27.48,17,17,0,0.09,0.00,0.10,28.33,17,17,0,1.07,1.00,1.10,27.90,17,17,0,0.22,0.20,0.30,27.62,17,17,0
1371008,0.36,0.30,0.40,28.32,17,17,0,1051.91,1047.20,1055.20,23.97,17,0,0,0.35,0.30,0.40,27.89,17,17,0,0.50,0.50,0.50,27.46,17,17,0,0.08,0.00,0.10,28.33,17,17,0,1.04,1.00,1.10,27.91,17,17,0,0.22,0.20,0.30,27.60,17,17,0
1371508,0.35,0.30,0.40,28.34,17,17,0,1048.81,1044.70,1051.80,23.97,17,0,0,0.35,0.30,0.40,27.89,17,17,0,0.49,0.40,0.50,27.49,17,17,0,0.09,0.00,0.10,28.34,17,17,0,1.06,1.00,1.10,27.91,17,17,0,0.24,0.20,0.30,27.62,17,17,0
1372008,0.36,0.30,0.40,28.35,17,17,0,1049.56,1047.00,1052.40,23.97,17,0,0,0.36,0.30,0.40,27.89,17,17,0,0.48,0.40,0.50,27.48,17,17,0,0.09,0.00,0.10,28.35,17,17,0,1.06,1.00,1.10,27.91,17,17,0,0.21,0.20,0.30,27.60,17,17,0
1372515,0.32,0.30,0.40,28.35,17,17,0,1057.59,1053.20,1060.70,23.96,17,0,0,0.35,0.30,0.40,27.91,17,17,0,0.50,0.50,0.50,27.51,17,17,0,0.09,0.00,0.10,28.34,17,17,0,1.06,1.00,1.10,27.91,17,17,0,0.22,0.20,0.30,27.60,17,17,0
1373016,0.35,0.30,0.40,28.33,17,17,0,1054.76,1052.10,1058.40,23.94,17,0,0,0.36,0.30,0.40,27.92,17,17,0,0.49,0.40,0.50,27.50,17,17,0,0.09,0.00,0.10,28.35,17,17,0,1.07,1.00,1.10,27.89,17,17,0,0.23,0.20,0.30,27.61,17,17,0
1373516,0.36,0.30,0.40,28.35,17,17,0,1051.19,1047.70,1054.40,23.96,17,0,0,0.35,0.30,0.40,27.89,17,17,0,0.50,0.50,0.50,27.51,17,17,0,0.10,0.10,0.10,28.34,17,17,0,1.08,1.00,1.10,27.92,17,17,0,0.23,0.20,0.30,27.61,17,17,0
1374016,0.32,0.30,0.40,28.33,17,17,0,1055.48,1048.30,1063.00,23.96,17,0,0,0.35,0.30,0.40,27.91,17,17,0,0.49,0.40,0.50,27.49,17,17,0,0.09,0.00,0.10,28.33,17,17,0,1.06,1.00,1.10,27.90,17,17,0,0.22,0.20,0.30,27.60,17,17,0
1374518,0.35,0.30,0.40,28.33,17,17,0,1059.83,1056.20,1064.50,23.95,17,0,0,0.35,0.30,0.40,27.89,17,17,0,0.48,0.40,0.50,27.49,17,17,0,0.10,0.10,0.10,28.35,17,17,0,1.06,1.00,1.10,27.90,17,17,0,0.22,0.20,0.30,27.61,17,17,0
1375018,0.37,0.30,0.40,28.34,17,17,0,1052.94,1047.40,1056.50,23.94,17,0,0,0.34,0.30,0.40,27.89,17,17,0,0.49,0.40,0.50,27.47,17,17,0,0.09,0.00,0.10,28.35,17,17,0,1.07,1.00,1.10,27.91,17,17,0,0.21,0.20,0.30,27.61,17,17,0
1375519,0.35,0.30,0.40,28.34,17,17,0,1047.66,1042.20,1050.90,23.94,17,0,0,0.35,0.30,0.40,27.91,17,17,0,0.49,0.40,0.50,27.49,17,17,0,0.08,0.00,0.10,28.34,17,17,0,1.08,1.00,1.10,27.91,17,17,0,0.21,0.20,0.30,27.61,17,17,0
1376019,0.34,0.30,0.40,28.34,17,17,0,1053.01,1048.80,1056.30,23.94,17,0,0,0.34,0.30,0.40,27.91,17,17,0,0.49,0.40,0.50,27.49,17,17,0,0.09,0.00,0.10,28.32,17,17,0,1.08,1.00,1.10,27.90,17,17,0,0.24,0.20,0.30,27.61,17,17,0
1376519,0.37,0.30,0.40,28.33,18,18,0,1044.79,1039.90,1051.40,23.95,18,0,0,0.36,0.30,0.40,27.89,18,18,0,0.50,0.50,0.50,27.47,18,18,0,0.10,0.00,0.20,28.33,18,18,0,1.08,1.00,1.10,27.90,18,18,0,0.22,0.20,0.30,27.61,18,18,0
1377019,0.36,0.30,0.40,28.33,16,16,0,1035.74,1032.60,1038.90,23.92,16,0,0,0.36,0.30,0.40,27.90,16,16,0,0.49,0.40,0.50,27.49,16,16,0,0.09,0.00,0.10,28.35,16,16,0,1.08,1.00,1.10,27.90,16,16,0,0.21,0.20,0.30,27.60,16,16,0
1377519,0.35,0.30,0.40,28.32,18,18,0,1035.04,1030.70,1039.40,23.93,18,0,0,0.36,0.30,0.40,27.91,18,18,0,0.50,0.50,0.50,27.48,18,18,0,0.09,0.00,0.10,28.34,18,18,0,1.07,1.00,1.10,27.91,18,18,0,0.22,0.20,0.30,27.61,18,18,0
1378022,0.36,0.30,0.40,28.33,17,17,0,1034.61,1029.30,1039.80,23.93,17,0,0,0.35,0.30,0.40,27.91,17,17,0,0.48,0.40,0.50,27.51,17,17,0,0.09,0.00,0.10,28.34,17,17,0,1.05,1.00,1.10,27.90,17,17,0,0.21,0.20,0.30,27.61,17,17,0
1378522,0.35,0.30,0.40,28.35,17,17,0,1021.61,1015.60,1028.70,23.96,17,0,0,0.36,0.30,0.40,27.90,17,17,0,0.50,0.50,0.50,27.48,17,17,0,0.09,0.00,0.10,28.35,17,17,0,1.06,1.00,1.10,27.91,17,17,0,0.21,0.20,0.30,27.60,17,17,0
1379022,0.36,0.30,0.40,28.33,18,18,0,1016.51,1014.10,1019.90,23.93,18,0,0,0.37,0.30,0.40,27.89,18,18,0,0.50,0.50,0.50,27.49,18,18,0,0.09,0.00,0.10,28.33,18,18,0,1.08,1.00,1.10,27.91,18,18,0,0.21,0.20,0.30,27.61,18,18,0
1379530,0.35,0.30,0.40,28.32,17,17,0,1021.90,1018.30,1026.10,23.92,17,0,0,0.35,0.30,0.40,27.90,17,17,0,0.48,0.40,0.50,27.48,17,17,0,0.09,0.00,0.10,28.35,17,17,0,1.06,1.00,1.10,27.91,17,17,0,0.21,0.20,0.30,27.59,17,17,0
1380030,0.36,0.30,0.40,28.33,17,17,0,1013.24,1005.30,1020.00,23.93,17,0,0,0.35,0.30,0.40,27.90,17,17,0,0.49,0.40,0.50,27.50,17,17,0,0.09,0.00,0.10,28.34,17,17,0,1.08,1.00,1.10,27.91,17,17,0,0.22,0.20,0.30,27.61,17,17,0
1380530,0.36,0.30,0.40,28.33,17,17,0,1004.85,996.80,1009.00,23.95,17,0,0,0.36,0.30,0.40,27.89,17,17,0,0.49,0.40,0.50,27.49,17,17,0,0.10,0.10,0.10,28.34,17,17,0,1.07,1.00,1.10,27.91,17,17,0,0.22,0.20,0.30,27.61,17,17,0
1381030,0.36,0.30,0.40,28.34,17,17,0,1005.35,998.90,1012.90,23.94,17,0,0,0.37,0.30,0.40,27.89,17,17,0,0.49,0.40,0.50,27.50,17,17,0,0.09,0.00,0.10,28.35,17,17,0,1.06,1.00,1.10,27.91,17,17,0,0.21,0.20,0.30,27.60,17,17,0
1381530,0.33,0.30,0.40,28.34,18,18,0,1006.93,1002.00,1013.40,23.94,18,0,0,0.34,0.30,0.40,27.91,18,18,0,0.50,0.40,0.60,27.50,18,18,0,0.10,0.10,0.10,28.35,18,18,0,1.06,1.00,1.10,27.89,18,18,0,0.23,0.20,0.30,27.60,18,18,0
1382030,0.35,0.30,0.40,28.34,16,16,0,999.63,996.70,1003.30,23.95,16,0,0,0.36,0.30,0.40,27.90,16,16,0,0.49,0.40,0.50,27.50,16,16,0,0.09,0.00,0.20,28.33,16,16,0,1.06,1.00,1.10,27.91,16,16,0,0.21,0.20,0.30,27.61,16,16,0
1382530,0.34,0.30,0.40,28.33,17,17,0,995.88,992.40,999.20,23.94,17,0,0,0.36,0.30,0.40,27.91,17,17,0,0.49,0.40,0.50,27.49,17,17,0,0.09,0.00,0.10,28.34,17,17,0,1.06,1.00,1.10,27.91,17,17,0,0.22,0.20,0.30,27.61,17,17,0
1383030,0.36,0.30,0.40,28.33,17,17,0,1001.74,997.30,1004.10,23.94,17,0,0,0.35,0.30,0.40,27.91,17,17,0,0.49,0.40,0.50,27.49,17,17,0,0.09,0.00,0.10,28.34,17,17,0,1.09,1.00,1.10,27.92,17,17,0,0.22,0.20,0.30,27.59,17,17,0
1383530,0.35,0.30,0.40,28.34,17,17,0,995.55,988.50,1000.50,23.93,17,0,0,0.35,0.30,0.40,27.90,17,17,0,0.50,0.50,0.50,27.50,17,17,0,0.10,0.10,0.10,28.34,17,17,0,1.06,1.00,1.10,27.92,17,17,0,0.22,0.20,0.30,27.60,17,17,0
1384030,0.35,0.30,0.40,28.32,17,17,0,987.78,983.40,991.20,23.94,17,0,0,0.35,0.30,0.40,27.90,17,17,0,0.48,0.40,0.50,27.49,17,17,0,0.10,0.10,0.10,28.33,17,17,0,1.08,1.00,1.10,27.91,17,17,0,0.22,0.20,0.30,27.62,17,17,0
1384530,0.35,0.30,0.40,28.33,17,17,0,989.82,984.70,997.40,23.95,17,0,0,0.35,0.30,0.40,27.91,17,17,0,0.49,0.40,0.50,27.49,17,17,0,0.09,0.00,0.10,28.34,17,17,0,1.07,1.00,1.10,27.92,17,17,0,0.24,0.20,0.30,27.62,17,17,0
1385030,0.36,0.30,0.40,28.34,17,17,0,994.76,991.90,998.20,23.92,17,0,0,0.37,0.30,0.40,27.90,17,17,0,0.48,0.40,0.50,27.49,17,17,0,0.09,0.00,0.10,28.34,17,17,0,1.07,1.00,1.10,27.92,17,17,0,0.22,0.20,0.30,27.60,17,17,0
1385530,0.32,0.30,0.40,28.33,17,17,0,989.22,985.90,993.70,23.93,17,0,0,0.36,0.30,0.40,27.90,17,17,0,0.50,0.50,0.50,27.50,17,17,0,0.09,0.00,0.10,28.32,17,17,0,1.07,1.00,1.10,27.90,17,17,0,0.22,0.20,0.30,27.61,17,17,0
1386030,0.34,0.30,0.40,28.34,17,17,0,987.02,982.30,989.70,23.93,17,0,0,0.35,0.30,0.40,27.91,17,17,0,0.49,0.40,0.50,27.50,17,17,0,0.09,0.00,0.10,28.36,17,17,0,1.08,1.00,1.10,27.91,17,17,0,0.21,0.20,0.30,27.61,17,17,0
1386530,0.35,0.30,0.40,28.34,17,17,0,999.42,992.50,1004.60,23.92,17,0,0,0.34,0.30,0.40,27.91,17,17,0,0.49,0.40,0.50,27.48,17,17,0,0.09,0.00,0.10,28.35,17,17,0,1.08,1.00,1.10,27.91,17,17,0,0.21,0.20,0.30,27.61,17,17,0
1387030,0.35,0.30,0.40,28.35,18,18,0,994.43,985.10,1002.60,23.94,18,0,0,0.34,0.30,0.40,27.92,18,18,0,0.50,0.50,0.50,27.50,18,18,0,0.09,0.00,0.10,28.35,18,18,0,1.08,1.00,1.10,27.91,18,18,0,0.23,0.20,0.30,27.59,18,18,0
1387533,0.36,0.30,0.40,28.36,16,16,0,986.33,982.90,989.80,23.93,16,0,0,0.33,0.30,0.40,27.90,16,16,0,0.49,0.40,0.50,27.50,16,16,0,0.10,0.10,0.10,28.36,16,16,0,1.08,1.00,1.10,27.91,16,16,0,0.23,0.20,0.30,27.60,16,16,0
1388046,0.36,0.30,0.40,28.34,18,18,0,989.62,981.70,999.00,23.91,18,0,0,0.34,0.30,0.40,27.90,18,18,0,0.50,0.50,0.50,27.51,18,18,0,0.10,0.00,0.20,28.35,18,18,0,1.06,1.00,1.10,27.91,18,18,0,0.22,0.20,0.30,27.62,18,18,0
1388546,0.35,0.30,0.40,28.33,18,18,0,1000.32,998.10,1004.90,23.93,18,0,0,0.34,0.30,0.40,27.92,18,18,0,0.49,0.40,0.50,27.51,18,18,0,0.09,0.00,0.10,28.34,18,18,0,1.08,1.00,1.10,27.91,18,18,0,0.22,0.20,0.30,27.61,18,18,0
1389052,0.36,0.30,0.40,28.32,17,17,0,993.01,990.10,996.30,23.91,17,0,0,0.35,0.30,0.40,27.90,17,17,0,0.47,0.40,0.50,27.49,17,17,0,0.10,0.10,0.10,28.35,17,17,0,1.08,1.00,1.10,27.92,17,17,0,0.24,0.20,0.30,27.62,17,17,0
1389552,0.38,0.30,0.40,28.34,17,17,0,992.72,989.20,995.00,23.92,17,0,0,0.35,0.30,0.40,27.89,17,17,0,0.49,0.40,0.50,27.50,17,17,0,0.10,0.10,0.10,28.36,17,17,0,1.07,1.00,1.10,27.92,17,17,0,0.22,0.20,0.30,27.60,17,17,0
1390064,0.37,0.30,0.40,28.33,18,18,0,1001.44,996.30,1005.40,23.93,18,0,0,0.34,0.30,0.40,27.90,18,18,0,0.49,0.40,0.50,27.49,18,18,0,0.09,0.00,0.10,28.34,18,18,0,1.06,1.00,1.10,27.91,18,18,0,0.22,0.20,0.30,27.61,18,18,0
1390564,0.35,0.30,0.40,28.34,17,17,0,999.49,994.70,1006.60,23.91,17,0,0,0.35,0.30,0.40,27.91,17,17,0,0.50,0.50,0.50,27.49,17,17,0,0.09,0.00,0.10,28.35,17,17,0,1.08,1.00,1.10,27.92,17,17,0,0.21,0.20,0.30,27.61,17,17,0
1391064,0.35,0.30,0.40,28.35,17,17,0,992.45,988.70,994.50,23.92,17,0,0,0.38,0.30,0.40,27.89,17,17,0,0.49,0.40,0.50,27.49,17,17,0,0.09,0.00,0.10,28.35,17,17,0,1.08,1.00,1.10,27.91,17,17,0,0.21,0.20,0.30,27.60,17,17,0
1391564,0.35,0.30,0.40,28.34,17,17,0,995.14,989.80,1004.50,23.91,17,0,0,0.34,0.30,0.40,27.90,17,17,0,0.49,0.40,0.50,27.49,17,17,0,0.09,0.00,0.10,28.34,17,17,0,1.06,1.00,1.10,27.92,17,17,0,0.22,0.20,0.30,27.60,17,17,0
1392065,0.35,0.30,0.40,28.35,17,17,0,1006.58,1001.60,1010.20,23.91,17,0,0,0.36,0.30,0.40,27.90,17,17,0,0.49,0.40,0.50,27.50,17,17,0,0.09,0.00,0.10,28.35,17,17,0,1.06,1.00,1.10,27.91,17,17,0,0.21,0.20,0.30,27.61,17,17,0
1392572,0.34,0.30,0.40,28.33,17,17,0,993.58,988.60,999.00,23.92,17,0,0,0.35,0.30,0.40,27.90,17,17,0,0.49,0.40,0.50,27.51,17,17,0,0.09,0.00,0.10,28.34,17,17,0,1.06,1.00,1.10,27.91,17,17,0,0.23,0.20,0.30,27.61,17,17,0
1393072,0.36,0.30,0.40,28.33,18,18,0,989.71,988.40,991.40,23.92,18,0,0,0.33,0.30,0.40,27.91,18,18,0,0.49,0.40,0.50,27.50,18,18,0,0.10,0.10,0.10,28.34,18,18,0,1.06,1.00,1.10,27.91,18,18,0,0.21,0.20,0.30,27.60,18,18,0
1393572,0.35,0.30,0.40,28.34,16,16,0,1001.46,995.60,1006.00,23.90,16,0,0,0.33,0.30,0.40,27.91,16,16,0,0.49,0.40,0.50,27.49,16,16,0,0.11,0.10,0.20,28.37,16,16,0,1.06,1.00,1.10,27.91,16,16,0,0.24,0.20,0.30,27.61,16,16,0
1394072,0.36,0.30,0.40,28.33,17,17,0,1004.15,998.60,1009.40,23.91,17,0,0,0.38,0.30,0.40,27.90,17,17,0,0.50,0.50,0.50,27.51,17,17,0,0.10,0.10,0.10,28.36,17,17,0,1.06,1.00,1.10,27.91,17,17,0,0.21,0.20,0.30,27.61,17,17,0
1394572,0.35,0.30,0.40,28.34,17,17,0,995.32,990.80,999.90,23.92,17,0,0,0.34,0.30,0.40,27.90,17,17,0,0.49,0.40,0.50,27.50,17,17,0,0.09,0.00,0.10,28.36,17,17,0,1.07,1.00,1.10,27.91,17,17,0,0.22,0.20,0.30,27.62,17,17,0
1395072,0.35,0.30,0.40,28.34,17,17,0,995.05,989.00,1003.40,23.91,17,0,0,0.35,0.30,0.40,27.90,17,17,0,0.49,0.40,0.50,27.50,17,17,0,0.09,0.00,0.10,28.34,17,17,0,1.09,1.00,1.10,27.91,17,17,0,0.22,0.20,0.30,27.62,17,17,0
1395585,0.34,0.30,0.40,28.33,18,18,0,1005.59,1002.10,1009.20,23.90,18,0,0,0.37,0.30,0.40,27.92,18,18,0,0.49,0.40,0.50,27.51,18,18,0,0.09,0.00,0.10,28.36,18,18,0,1.06,1.00,1.10,27.90,18,18,0,0.23,0.20,0.30,27.61,18,18,0
1396089,0.34,0.30,0.40,28.34,17,17,0,995.04,988.50,1003.40,23.89,17,0,0,0.34,0.30,0.40,27.90,17,17,0,0.49,0.40,0.50,27.48,17,17,0,0.10,0.10,0.10,28.35,17,17,0,1.09,1.00,1.10,27.91,17,17,0,0.21,0.20,0.30,27.61,17,17,0
1396589,0.35,0.30,0.40,28.34,17,17,0,987.87,985.50,990.50,23.91,17,0,0,0.35,0.30,0.40,27.89,17,17,0,0.48,0.40,0.50,27.50,17,17,0,0.09,0.00,0.10,28.35,17,17,0,1.07,1.00,1.10,27.92,17,17,0,0.21,0.20,0.30,27.63,17,17,0
1397089,0.35,0.30,0.40,28.34,17,17,0,997.85,989.50,1005.90,23.89,17,0,0,0.35,0.30,0.40,27.90,17,17,0,0.49,0.40,0.50,27.50,17,17,0,0.09,0.00,0.10,28.34,17,17,0,1.06,1.00,1.10,27.91,17,17,0,0.21,0.20,0.30,27.61,17,17,0
1397589,0.35,0.30,0.40,28.34,17,17,0,997.38,993.30,1001.90,23.90,17,0,0,0.35,0.30,0.40,27.92,17,17,0,0.50,0.50,0.50,27.50,17,17,0,0.09,0.00,0.10,28.36,17,17,0,1.07,1.00,1.10,27.90,17,17,0,0.23,0.20,0.30,27.60,17,17,0
1398089,0.35,0.30,0.40,28.36,17,17,0,991.61,987.40,993.70,23.91,17,0,0,0.37,0.30,0.40,27.92,17,17,0,0.50,0.50,0.50,27.50,17,17,0,0.09,0.00,0.10,28.36,17,17,0,1.08,1.00,1.10,27.92,17,17,0,0.21,0.20,0.30,27.62,17,17,0
1398589,0.35,0.30,0.40,28.35,17,17,0,993.20,990.00,1001.00,23.90,17,0,0,0.35,0.30,0.40,27.91,17,17,0,0.49,0.40,0.50,27.50,17,17,0,0.10,0.10,0.10,28.35,17,17,0,1.05,1.00,1.10,27.91,17,17,0,0.21,0.20,0.30,27.61,17,17,0
1399089,0.36,0.30,0.40,28.33,17,17,0,1000.34,994.20,1005.60,23.90,17,0,0,0.34,0.30,0.40,27.90,17,17,0,0.50,0.50,0.50,27.50,17,17,0,0.11,0.10,0.20,28.35,17,17,0,1.08,1.00,1.10,27.92,17,17,0,0.21,0.20,0.30,27.60,17,17,0
1399589,0.38,0.30,0.40,28.34,17,17,0,992.39,986.30,998.80,23.89,17,0,0,0.38,0.30,0.40,27.91,17,17,0,0.50,0.50,0.50,27.50,17,17,0,0.11,0.10,0.20,28.34,17,17,0,1.06,1.00,1.10,27.94,17,17,0,0.22,0.20,0.30,27.62,17,17,0
1400089,0.35,0.30,0.40,28.34,17,17,0,988.59,985.10,992.60,23.89,17,0,0,0.35,0.30,0.40,27.89,17,17,0,0.50,0.50,0.50,27.49,17,17,0,0.10,0.10,0.10,28.34,17,17,0,1.06,1.00,1.10,27.91,17,17,0,0.22,0.20,0.30,27.60,17,17,0
1400593,0.37,0.30,0.40,28.34,17,17,0,997.08,988.50,1003.00,23.88,17,0,0,0.36,0.30,0.40,27.89,17,17,0,0.51,0.50,0.60,27.49,17,17,0,0.10,0.00,0.20,28.36,17,17,0,1.09,1.00,1.10,27.91,17,17,0,0.25,0.20,0.30,27.61,17,17,0
1401104,0.33,0.30,0.40,28.35,17,17,0,1000.09,996.90,1004.10,23.89,17,0,0,0.34,0.30,0.40,27.91,17,17,0,0.50,0.50,0.50,27.51,17,17,0,0.10,0.10,0.10,28.35,17,17,0,1.06,1.00,1.10,27.92,17,17,0,0.21,0.20,0.30,27.61,17,17,0
1401611,0.36,0.30,0.40,28.35,17,17,0,998.97,996.60,1001.90,23.88,17,0,0,0.35,0.30,0.40,27.90,17,17,0,0.50,0.50,0.50,27.50,17,17,0,0.10,0.10,0.10,28.35,17,17,0,1.07,1.00,1.10,27.91,17,17,0,0.21,0.20,0.30,27.62,17,17,0
1402111,0.35,0.30,0.40,28.35,17,17,0,1002.85,997.70,1010.10,23.90,17,0,0,0.36,0.30,0.40,27.90,17,17,0,0.49,0.40,0.50,27.51,17,17,0,0.11,0.10,0.20,28.35,17,17,0,1.07,1.00,1.10,27.91,17,17,0,0.22,0.20,0.30,27.60,17,17,0
1402613,0.39,0.30,0.40,28.34,17,17,0,1010.78,1008.40,1014.20,23.89,17,0,0,0.35,0.30,0.40,27.91,17,17,0,0.50,0.50,0.50,27.50,17,17,0,0.09,0.00,0.10,28.33,17,17,0,1.08,1.00,1.10,27.93,17,17,0,0.22,0.20,0.30,27.60,17,17,0
1403116,0.34,0.30,0.40,28.34,17,17,0,1013.69,1011.10,1016.20,23.89,17,0,0,0.35,0.30,0.40,27.90,17,17,0,0.51,0.50,0.60,27.50,17,17,0,0.09,0.00,0.10,28.34,17,17,0,1.07,1.00,1.10,27.92,17,17,0,0.22,0.20,0.30,27.60,17,17,0
1403616,0.32,0.30,0.40,28.36,17,17,0,1017.52,1015.10,1021.30,23.89,17,0,0,0.36,0.30,0.40,27.91,17,17,0,0.51,0.50,0.60,27.49,17,17,0,0.09,0.00,0.20,28.36,17,17,0,1.08,1.00,1.10,27.92,17,17,0,0.22,0.20,0.30,27.62,17,17,0
1404116,0.34,0.30,0.40,28.35,17,17,0,1024.81,1017.00,1030.50,23.88,17,0,0,0.33,0.30,0.40,27.91,17,17,0,0.49,0.40,0.50,27.50,17,17,0,0.09,0.00,0.10,28.35,17,17,0,1.06,1.00,1.10,27.91,17,17,0,0.24,0.20,0.30,27.60,17,17,0
1404616,0.34,0.30,0.40,28.33,17,17,0,1032.75,1029.80,1035.80,23.88,17,0,0,0.33,0.30,0.40,27.92,17,17,0,0.50,0.50,0.50,27.50,17,17,0,0.08,0.00,0.10,28.36,17,17,0,1.07,1.00,1.10,27.90,17,17,0,0.22,0.20,0.30,27.61,17,17,0
1405116,0.35,0.30,0.40,28.35,18,18,0,1031.77,1028.00,1035.30,23.88,18,0,0,0.34,0.30,0.40,27.89,18,18,0,0.50,0.50,0.50,27.48,18,18,0,0.09,0.00,0.10,28.37,18,18,0,1.08,1.00,1.10,27.92,18,18,0,0.24,0.20,0.30,27.61,18,18,0
1405628,0.35,0.30,0.40,28.33,17,17,0,1035.76,1031.80,1042.20,23.87,17,0,0,0.36,0.30,0.40,27.91,17,17,0,0.50,0.50,0.50,27.50,17,17,0,0.10,0.10,0.10,28.35,17,17,0,1.08,1.00,1.10,27.92,17,17,0,0.22,0.20,0.30,27.62,17,17,0
1406128,0.34,0.30,0.40,28.34,17,17,0,1044.68,1038.30,1048.70,23.85,17,0,0,0.36,0.30,0.40,27.91,17,17,0,0.50,0.50,0.50,27.50,17,17,0,0.09,0.00,0.10,28.34,17,17,0,1.08,1.00,1.10,27.90,17,17,0,0.21,0.20,0.30,27.61,17,17,0
1406640,0.35,0.30,0.40,28.33,17,17,0,1042.45,1038.10,1047.90,23.87,17,0,0,0.35,0.30,0.40,27.90,17,17,0,0.49,0.40,0.50,27.50,17,17,0,0.09,0.00,0.10,28.35,17,17,0,1.06,1.00,1.10,27.91,17,17,0,0.22,0.20,0.30,27.61,17,17,0
1407140,0.35,0.30,0.40,28.34,18,18,0,1040.72,1036.70,1044.90,23.87,18,0,0,0.36,0.30,0.40,27.91,18,18,0,0.50,0.50,0.50,27.49,18,18,0,0.10,0.10,0.10,28.36,18,18,0,1.08,1.00,1.10,27.90,18,18,0,0.23,0.20,0.30,27.61,18,18,0
1407652,0.35,0.30,0.40,28.34,17,17,0,1049.57,1040.10,1055.30,23.87,17,0,0,0.34,0.30,0.40,27.92,17,17,0,0.51,0.50,0.60,27.50,17,17,0,0.11,0.10,0.20,28.35,17,17,0,1.07,1.00,1.10,27.93,17,17,0,0.21,0.20,0.30,27.60,17,17,0
1408152,0.36,0.30,0.40,28.33,17,17,0,1040.96,1020.10,1051.20,23.86,17,0,0,0.35,0.30,0.40,27.90,17,17,0,0.50,0.40,0.60,27.50,17,17,0,0.09,0.00,0.10,28.35,17,17,0,1.07,1.00,1.10,27.92,17,17,0,0.22,0.20,0.30,27.62,17,17,0
1408652,0.35,0.30,0.40,28.35,17,17,0,1039.83,1033.30,1045.60,23.86,17,0,0,0.36,0.30,0.40,27.92,17,17,0,0.49,0.40,0.50,27.51,17,17,0,0.09,0.00,0.10,28.35,17,17,0,1.08,1.00,1.10,27.90,17,17,0,0.23,0.20,0.30,27.60,17,17,0
1409152,0.35,0.30,0.40,28.35,17,17,0,1043.90,1038.20,1054.00,23.86,17,0,0,0.35,0.30,0.40,27.93,17,17,0,0.49,0.40,0.50,27.50,17,17,0,0.11,0.10,0.20,28.35,17,17,0,1.06,1.00,1.10,27.91,17,17,0,0.22,0.20,0.30,27.61,17,17,0
1409652,0.35,0.30,0.40,28.36,17,17,0,1054.12,1051.30,1057.40,23.87,17,0,0,0.35,0.30,0.40,27.90,17,17,0,0.50,0.50,0.50,27.51,17,17,0,0.09,0.00,0.10,28.34,17,17,0,1.06,1.00,1.10,27.92,17,17,0,0.24,0.20,0.30,27.60,17,17,0
1410152,0.35,0.30,0.40,28.33,17,17,0,1046.67,1043.00,1052.20,23.87,17,0,0,0.36,0.30,0.40,27.92,17,17,0,0.50,0.50,0.50,27.51,17,17,0,0.09,0.00,0.10,28.35,17,17,0,1.08,1.00,1.10,27.92,17,17,0,0.21,0.20,0.30,27.61,17,17,0
1410652,0.36,0.30,0.40,28.34,17,17,0,1039.96,1036.00,1047.00,23.85,17,0,0,0.36,0.30,0.40,27.92,17,17,0,0.50,0.50,0.50,27.51,17,17,0,0.10,0.10,0.10,28.34,17,17,0,1.07,1.00,1.10,27.92,17,17,0,0.24,0.20,0.30,27.60,17,17,0
1411156,0.33,0.30,0.40,28.34,17,17,0,1046.99,1038.30,1052.00,23.86,17,0,0,0.34,0.30,0.40,27.91,17,17,0,0.49,0.40,0.50,27.51,17,17,0,0.11,0.10,0.20,28.34,17,17,0,1.06,1.00,1.10,27.91,17,17,0,0.22,0.20,0.30,27.60,17,17,0
1411657,0.32,0.30,0.40,28.33,17,17,0,1041.81,1034.10,1048.10,23.86,17,0,0,0.35,0.30,0.40,27.91,17,17,0,0.50,0.50,0.50,27.49,17,17,0,0.10,0.00,0.20,28.34,17,17,0,1.09,1.00,1.10,27.92,17,17,0,0.24,0.20,0.30,27.62,17,17,0
1412157,0.34,0.30,0.40,28.35,17,17,0,1028.92,1024.80,1034.20,23.87,17,0,0,0.36,0.30,0.40,27.89,17,17,0,0.50,0.40,0.60,27.51,17,17,0,0.10,0.10,0.10,28.34,17,17,0,1.06,1.00,1.10,27.92,17,17,0,0.22,0.20,0.30,27.61,17,17,0
1412657,0.34,0.30,0.40,28.33,17,17,0,1027.72,1024.20,1033.10,23.86,17,0,0,0.36,0.30,0.40,27.91,17,17,0,0.50,0.50,0.50,27.51,17,17,0,0.09,0.00,0.10,28.36,17,17,0,1.06,1.00,1.10,27.92,17,17,0,0.22,0.20,0.30,27.61,17,17,0
1413166,0.34,0.30,0.40,28.35,18,18,0,1035.50,1030.60,1038.60,23.86,18,0,0,0.36,0.30,0.40,27.89,18,18,0,0.49,0.40,0.50,27.50,18,18,0,0.11,0.10,0.20,28.36,18,18,0,1.09,1.00,1.10,27.92,18,18,0,0.24,0.20,0.30,27.61,18,18,0
1413666,0.34,0.30,0.40,28.34,17,17,0,1026.31,1020.80,1032.80,23.86,17,0,0,0.36,0.30,0.40,27.93,17,17,0,0.50,0.50,0.50,27.50,17,17,0,0.11,0.10,0.20,28.37,17,17,0,1.08,1.00,1.10,27.92,17,17,0,0.21,0.20,0.30,27.61,17,17,0
1414166,0.37,0.30,0.40,28.33,18,18,0,1017.44,1013.80,1021.40,23.86,18,0,0,0.33,0.30,0.40,27.90,18,18,0,0.50,0.50,0.50,27.50,18,18,0,0.11,0.00,0.20,28.37,18,18,0,1.09,1.00,1.10,27.91,18,18,0,0.21,0.20,0.30,27.61,18,18,0
1414666,0.36,0.30,0.40,28.33,16,16,0,1020.83,1014.00,1026.60,23.86,16,0,0,0.35,0.30,0.40,27.90,16,16,0,0.50,0.50,0.50,27.51,16,16,0,0.08,0.00,0.10,28.36,16,16,0,1.08,1.00,1.10,27.92,16,16,0,0.21,0.20,0.30,27.62,16,16,0
1415167,0.33,0.30,0.40,28.35,17,17,0,1018.60,1013.10,1023.10,23.87,17,0,0,0.34,0.30,0.40,27.91,17,17,0,0.50,0.50,0.50,27.49,17,17,0,0.11,0.10,0.20,28.36,17,17,0,1.06,1.00,1.10,27.92,17,17,0,0.22,0.20,0.30,27.61,17,17,0
1415669,0.34,0.30,0.40,28.34,17,17,0,1007.21,1002.90,1012.20,23.87,17,0,0,0.37,0.30,0.40,27.91,17,17,0,0.50,0.50,0.50,27.50,17,17,0,0.09,0.00,0.10,28.34,17,17,0,1.08,1.00,1.10,27.93,17,17,0,0.22,0.20,0.30,27.61,17,17,0
1416169,0.34,0.30,0.40,28.34,17,17,0,1005.76,999.70,1009.30,23.87,17,0,0,0.35,0.30,0.40,27.90,17,17,0,0.50,0.50,0.50,27.49,17,17,0,0.10,0.10,0.10,28.35,17,17,0,1.06,1.00,1.10,27.92,17,17,0,0.21,0.20,0.30,27.60,17,17,0
1416669,0.34,0.30,0.40,28.34,17,17,0,1011.88,1007.60,1017.70,23.84,17,0,0,0.35,0.30,0.40,27.90,17,17,0,0.51,0.50,0.60,27.49,17,17,0,0.09,0.00,0.10,28.35,17,17,0,1.06,1.00,1.10,27.91,17,17,0,0.20,0.20,0.20,27.62,17,17,0
1417182,0.34,0.30,0.40,28.34,18,18,0,1006.24,1002.20,1010.50,23.86,18,0,0,0.35,0.30,0.40,27.91,18,18,0,0.50,0.50,0.50,27.52,18,18,0,0.10,0.10,0.10,28.35,18,18,0,1.08,1.00,1.10,27.93,18,18,0,0.21,0.20,0.30,27.60,18,18,0
1417682,0.35,0.30,0.40,28.32,17,17,0,999.16,995.40,1003.80,23.85,17,0,0,0.38,0.30,0.40,27.91,17,17,0,0.51,0.50,0.60,27.50,17,17,0,0.09,0.00,0.10,28.35,17,17,0,1.08,1.00,1.10,27.92,17,17,0,0.21,0.20,0.30,27.60,17,17,0
1418182,0.34,0.30,0.40,28.34,17,17,0,1002.74,995.20,1009.10,23.87,17,0,0,0.35,0.30,0.40,27.90,17,17,0,0.50,0.50,0.50,27.49,17,17,0,0.09,0.00,0.10,28.34,17,17,0,1.09,1.00,1.10,27.92,17,17,0,0.22,0.20,0.30,27.62,17,17,0
1418682,0.36,0.30,0.40,28.33,17,17,0,1002.67,997.70,1007.30,23.85,17,0,0,0.36,0.30,0.40,27.91,17,17,0,0.50,0.50,0.50,27.50,17,17,0,0.10,0.00,0.20,28.34,17,17,0,1.09,1.00,1.10,27.92,17,17,0,0.21,0.20,0.30,27.62,17,17,0
1419194,0.33,0.30,0.40,28.34,18,18,0,994.84,991.00,999.80,23.85,18,0,0,0.35,0.30,0.40,27.89,18,18,0,0.50,0.50,0.50,27.51,18,18,0,0.10,0.10,0.10,28.34,18,18,0,1.08,1.00,1.10,27.93,18,18,0,0.22,0.20,0.30,27.60,18,18,0
1419694,0.32,0.30,0.40,28.32,17,17,0,992.10,987.80,996.20,23.86,17,0,0,0.35,0.30,0.40,27.90,17,17,0,0.50,0.50,0.50,27.50,17,17,0,0.09,0.00,0.10,28.37,17,17,0,1.06,1.00,1.10,27.91,17,17,0,0.22,0.20,0.30,27.60,17,17,0
1420207,0.34,0.30,0.40,28.34,18,18,0,999.56,996.20,1003.60,23.86,18,0,0,0.36,0.30,0.40,27.91,18,18,0,0.50,0.50,0.50,27.51,18,18,0,0.10,0.10,0.10,28.35,18,18,0,1.06,1.00,1.10,27.91,18,18,0,0.22,0.20,0.30,27.60,18,18,0
1420707,0.35,0.30,0.40,28.32,17,17,0,993.86,991.20,998.80,23.86,17,0,0,0.34,0.30,0.40,27.90,17,17,0,0.50,0.50,0.50,27.49,17,17,0,0.10,0.10,0.10,28.35,17,17,0,1.07,1.00,1.10,27.92,17,17,0,0.22,0.20,0.30,27.60,17,17,0
1421212,0.33,0.30,0.40,28.32,17,17,0,986.77,982.70,990.40,23.88,17,0,0,0.34,0.30,0.40,27.91,17,17,0,0.50,0.50,0.50,27.51,17,17,0,0.10,0.10,0.10,28.36,17,17,0,1.08,1.00,1.10,27.91,17,17,0,0.21,0.20,0.30,27.59,17,17,0
1421712,0.35,0.30,0.40,28.32,17,17,0,992.82,984.60,1000.80,23.85,17,0,0,0.32,0.30,0.40,27.90,17,17,0,0.50,0.50,0.50,27.51,17,17,0,0.09,0.00,0.10,28.35,17,17,0,1.09,1.00,1.10,27.92,17,17,0,0.21,0.20,0.30,27.60,17,17,0
1422212,0.37,0.30,0.40,28.34,18,18,0,997.49,994.10,999.80,23.88,18,0,0,0.38,0.30,0.40,27.92,18,18,0,0.51,0.50,0.60,27.52,18,18,0,0.09,0.00,0.20,28.35,18,18,0,1.07,1.00,1.10,27.93,18,18,0,0.21,0.20,0.30,27.60,18,18,0
1422712,0.34,0.30,0.40,28.32,17,17,0,990.41,987.80,992.50,23.88,17,0,0,0.35,0.30,0.40,27.89,17,17,0,0.50,0.50,0.50,27.51,17,17,0,0.09,0.00,0.10,28.35,17,17,0,1.06,1.00,1.10,27.94,17,17,0,0.21,0.20,0.30,27.60,17,17,0
1423212,0.34,0.30,0.40,28.34,16,16,0,990.52,986.10,993.90,23.86,16,0,0,0.36,0.30,0.40,27.88,16,16,0,0.49,0.40,0.50,27.49,16,16,0,0.09,0.00,0.10,28.37,16,16,0,1.06,1.00,1.10,27.92,16,16,0,0.21,0.20,0.30,27.60,16,16,0
1423712,0.36,0.30,0.40,28.33,18,18,0,1000.78,996.50,1004.00,23.84,18,0,0,0.35,0.30,0.40,27.90,18,18,0,0.50,0.50,0.50,27.51,18,18,0,0.10,0.10,0.10,28.34,18,18,0,1.08,1.00,1.10,27.93,18,18,0,0.22,0.20,0.30,27.62,18,18,0
1424221,0.34,0.30,0.40,28.33,17,17,0,996.52,993.50,1000.50,23.87,17,0,0,0.35,0.30,0.40,27.91,17,17,0,0.50,0.50,0.50,27.50,17,17,0,0.09,0.00,0.10,28.34,17,17,0,1.05,1.00,1.10,27.92,17,17,0,0.22,0.20,0.30,27.60,17,17,0
1424721,0.35,0.30,0.40,28.32,17,17,0,989.96,986.20,993.20,23.85,17,0,0,0.35,0.30,0.40,27.91,17,17,0,0.50,0.50,0.50,27.51,17,17,0,0.11,0.10,0.20,28.34,17,17,0,1.05,1.00,1.10,27.92,17,17,0,0.21,0.20,0.30,27.60,17,17,0
1425221,0.36,0.30,0.40,28.32,16,16,0,996.15,989.20,1003.50,23.85,16,0,0,0.36,0.30,0.40,27.90,16,16,0,0.50,0.50,0.50,27.50,16,16,0,0.10,0.10,0.10,28.35,16,16,0,1.08,1.00,1.10,27.92,16,16,0,0.21,0.20,0.30,27.63,16,16,0
1425724,0.36,0.30,0.40,28.33,17,17,0,1001.12,994.80,1005.40,23.84,17,0,0,0.35,0.30,0.40,27.90,17,17,0,0.50,0.50,0.50,27.50,17,17,0,0.10,0.10,0.10,28.34,17,17,0,1.09,1.00,1.10,27.92,17,17,0,0.21,0.20,0.30,27.60,17,17,0
1426224,0.34,0.30,0.40,28.33,18,18,0,990.66,984.60,996.60,23.86,18,0,0,0.35,0.30,0.40,27.90,18,18,0,0.49,0.40,0.50,27.50,18,18,0,0.09,0.00,0.10,28.35,18,18,0,1.08,1.00,1.10,27.93,18,18,0,0.22,0.20,0.30,27.62,18,18,0
1426736,0.35,0.30,0.40,28.33,17,17,0,989.32,984.00,996.80,23.86,17,0,0,0.35,0.30,0.40,27.90,17,17,0,0.50,0.50,0.50,27.50,17,17,0,0.09,0.00,0.10,28.34,17,17,0,1.08,1.00,1.10,27.91,17,17,0,0.22,0.10,0.30,27.61,17,17,0
1427236,0.34,0.30,0.40,28.33,18,18,0,1003.98,1000.00,1007.50,23.84,18,0,0,0.37,0.30,0.40,27.91,18,18,0,0.50,0.50,0.50,27.50,18,18,0,0.09,0.00,0.10,28.35,18,18,0,1.08,1.00,1.10,27.91,18,18,0,0.21,0.20,0.30,27.61,18,18,0
1427743,0.32,0.30,0.40,28.31,17,17,0,995.01,988.10,1001.60,23.84,17,0,0,0.36,0.30,0.40,27.91,17,17,0,0.49,0.40,0.50,27.51,17,17,0,0.10,0.10,0.10,28.36,17,17,0,1.09,1.00,1.10,27.92,17,17,0,0.22,0.20,0.30,27.60,17,17,0
1428243,0.35,0.30,0.40,28.32,18,18,0,988.52,984.20,991.90,23.84,18,0,0,0.36,0.30,0.40,27.89,18,18,0,0.50,0.50,0.50,27.49,18,18,0,0.10,0.10,0.10,28.35,18,18,0,1.08,1.00,1.10,27.91,18,18,0,0.23,0.20,0.30,27.61,18,18,0
1428755,0.33,0.30,0.40,28.31,17,17,0,998.37,988.30,1005.40,23.86,17,0,0,0.36,0.30,0.40,27.90,17,17,0,0.49,0.40,0.50,27.51,17,17,0,0.10,0.10,0.10,28.36,17,17,0,1.07,1.00,1.10,27.92,17,17,0,0.24,0.20,0.30,27.61,17,17,0
1429255,0.35,0.30,0.40,28.31,17,17,0,1005.41,999.10,1011.10,23.84,17,0,0,0.37,0.30,0.40,27.90,17,17,0,0.51,0.50,0.60,27.52,17,17,0,0.11,0.10,0.20,28.36,17,17,0,1.06,1.00,1.10,27.90,17,17,0,0.24,0.20,0.30,27.58,17,17,0
1429755,0.35,0.30,0.40,28.32,17,17,0,994.22,990.50,998.80,23.85,17,0,0,0.35,0.30,0.40,27.90,17,17,0,0.50,0.50,0.50,27.51,17,17,0,0.09,0.00,0.10,28.37,17,17,0,1.06,1.00,1.10,27.92,17,17,0,0.22,0.20,0.30,27.60,17,17,0
1430259,0.34,0.30,0.40,28.31,17,17,0,992.18,988.40,998.80,23.85,17,0,0,0.35,0.30,0.40,27.91,17,17,0,0.50,0.40,0.60,27.50,17,17,0,0.09,0.00,0.10,28.36,17,17,0,1.05,1.00,1.10,27.91,17,17,0,0.24,0.20,0.30,27.63,17,17,0
1430759,0.34,0.30,0.40,28.31,17,17,0,1003.48,999.50,1009.40,23.82,17,0,0,0.35,0.30,0.40,27.91,17,17,0,0.50,0.50,0.50,27.50,17,17,0,0.09,0.00,0.10,28.34,17,17,0,1.08,1.00,1.10,27.91,17,17,0,0.24,0.20,0.30,27.61,17,17,0
1431259,0.36,0.30,0.40,28.31,17,17,0,992.89,989.50,998.90,23.85,17,0,0,0.36,0.30,0.40,27.89,17,17,0,0.49,0.40,0.50,27.50,17,17,0,0.09,0.00,0.10,28.36,17,17,0,1.06,1.00,1.10,27.93,17,17,0,0.24,0.20,0.30,27.60,17,17,0
1431759,0.35,0.30,0.40,28.32,17,17,0,986.57,983.20,990.20,23.84,17,0,0,0.35,0.30,0.40,27.90,17,17,0,0.50,0.50,0.50,27.50,17,17,0,0.10,0.10,0.10,28.35,17,17,0,1.06,1.00,1.10,27.91,17,17,0,0.21,0.20,0.30,27.61,17,17,0
1432259,0.35,0.30,0.40,28.31,17,17,0,995.93,986.50,1003.00,23.83,17,0,0,0.37,0.30,0.40,27.89,17,17,0,0.50,0.50,0.50,27.49,17,17,0,0.09,0.00,0.10,28.34,17,17,0,1.06,1.00,1.10,27.91,17,17,0,0.21,0.20,0.30,27.61,17,17,0
1432759,0.34,0.30,0.40,28.31,17,17,0,1000.32,994.30,1005.70,23.85,17,0,0,0.35,0.30,0.40,27.90,17,17,0,0.50,0.50,0.50,27.49,17,17,0,0.10,0.00,0.20,28.35,17,17,0,1.08,1.00,1.10,27.92,17,17,0,0.22,0.20,0.30,27.61,17,17,0
1433259,0.36,0.30,0.40,28.31,17,17,0,990.86,987.90,994.50,23.84,17,0,0,0.36,0.30,0.40,27.91,17,17,0,0.51,0.50,0.60,27.51,17,17,0,0.09,0.00,0.10,28.33,17,17,0,1.08,1.00,1.10,27.93,17,17,0,0.21,0.20,0.30,27.62,17,17,0
1433759,0.32,0.30,0.40,28.32,17,17,0,991.09,988.40,996.00,23.86,17,0,0,0.34,0.30,0.40,27.91,17,17,0,0.50,0.40,0.60,27.51,17,17,0,0.10,0.10,0.10,28.35,17,17,0,1.06,1.00,1.10,27.93,17,17,0,0.22,0.20,0.30,27.61,17,17,0
1434259,0.34,0.30,0.40,28.32,17,17,0,1000.01,996.20,1003.90,23.84,17,0,0,0.36,0.30,0.40,27.90,17,17,0,0.50,0.50,0.50,27.51,17,17,0,0.10,0.10,0.10,28.36,17,17,0,1.08,1.00,1.10,27.92,17,17,0,0.21,0.20,0.30,27.60,17,17,0
1434759,0.35,0.30,0.40,28.33,17,17,0,994.91,989.10,999.30,23.83,17,0,0,0.35,0.30,0.40,27.90,17,17,0,0.49,0.40,0.50,27.48,17,17,0,0.10,0.10,0.10,28.36,17,17,0,1.05,1.00,1.10,27.92,17,17,0,0.21,0.20,0.30,27.62,17,17,0
1435260,0.35,0.30,0.40,28.30,17,17,0,991.58,988.60,993.30,23.83,17,0,0,0.35,0.30,0.40,27.90,17,17,0,0.49,0.40,0.50,27.49,17,17,0,0.08,0.00,0.10,28.36,17,17,0,1.08,1.00,1.10,27.93,17,17,0,0.22,0.20,0.30,27.59,17,17,0
1435765,0.34,0.30,0.40,28.31,17,17,0,996.48,990.90,1001.20,23.84,17,0,0,0.34,0.30,0.40,27.89,17,17,0,0.50,0.50,0.50,27.50,17,17,0,0.09,0.00,0.20,28.36,17,17,0,1.05,1.00,1.10,27.92,17,17,0,0.23,0.20,0.30,27.59,17,17,0
1436265,0.35,0.30,0.40,28.34,17,17,0,1001.27,998.90,1004.10,23.84,17,0,0,0.35,0.30,0.40,27.89,17,17,0,0.50,0.50,0.50,27.51,17,17,0,0.11,0.10,0.20,28.36,17,17,0,1.07,1.00,1.10,27.93,17,17,0,0.22,0.20,0.30,27.60,17,17,0
1436765,0.34,0.30,0.40,28.32,17,17,0,999.43,996.70,1001.90,23.83,17,0,0,0.35,0.30,0.40,27.90,17,17,0,0.49,0.40,0.50,27.51,17,17,0,0.09,0.00,0.10,28.36,17,17,0,1.08,1.00,1.10,27.92,17,17,0,0.20,0.20,0.20,27.60,17,17,0
1437265,0.33,0.30,0.40,28.31,17,17,0,1001.47,998.10,1005.40,23.84,17,0,0,0.33,0.30,0.40,27.91,17,17,0,0.49,0.40,0.50,27.50,17,17,0,0.09,0.00,0.10,28.36,17,17,0,1.07,1.00,1.10,27.92,17,17,0,0.21,0.20,0.30,27.60,17,17,0
1437765,0.32,0.30,0.40,28.31,18,18,0,1012.73,1006.30,1018.30,23.84,18,0,0,0.34,0.30,0.40,27.90,18,18,0,0.50,0.50,0.50,27.50,18,18,0,0.09,0.00,0.10,28.34,18,18,0,1.07,1.00,1.10,27.92,18,18,0,0.20,0.20,0.20,27.59,18,18,0
1438272,0.35,0.30,0.40,28.33,17,17,0,1017.87,1014.90,1020.80,23.81,17,0,0,0.33,0.30,0.40,27.90,17,17,0,0.50,0.50,0.50,27.49,17,17,0,0.09,0.00,0.10,28.36,17,17,0,1.07,1.00,1.10,27.93,17,17,0,0.21,0.20,0.30,27.60,17,17,0
1438772,0.35,0.30,0.40,28.32,18,18,0,1018.16,1015.60,1021.50,23.83,18,0,0,0.36,0.30,0.40,27.90,18,18,0,0.50,0.50,0.50,27.50,18,18,0,0.09,0.00,0.10,28.35,18,18,0,1.07,1.00,1.10,27.92,18,18,0,0.21,0.20,0.30,27.60,18,18,0
1439272,0.37,0.30,0.40,28.31,16,16,0,1021.02,1015.40,1026.80,23.83,16,0,0,0.36,0.30,0.40,27.90,16,16,0,0.50,0.50,0.50,27.49,16,16,0,0.08,0.00,0.10,28.35,16,16,0,1.06,1.00,1.10,27.92,16,16,0,0.22,0.20,0.30,27.61,16,16,0
1439772,0.35,0.30,0.40,28.31,17,17,0,1030.33,1027.80,1032.50,23.82,17,0,0,0.33,0.30,0.40,27.90,17,17,0,0.50,0.50,0.50,27.48,17,17,0,0.11,0.10,0.20,28.37,17,17,0,1.06,1.00,1.10,27.92,17,17,0,0.21,0.20,0.30,27.59,17,17,0
1440272,0.35,0.30,0.40,28.32,17,17,0,1030.72,1028.40,1033.30,23.84,17,0,0,0.35,0.30,0.40,27.90,17,17,0,0.50,0.50,0.50,27.49,17,17,0,0.09,0.00,0.10,28.36,17,17,0,1.07,1.00,1.10,27.90,17,17,0,0.23,0.20,0.30,27.59,17,17,0
1440772,0.33,0.30,0.40,28.32,17,17,0,1032.09,1028.30,1034.70,23.82,17,0,0,0.35,0.30,0.40,27.91,17,17,0,0.50,0.50,0.50,27.49,17,17,0,0.11,0.10,0.20,28.35,17,17,0,1.08,1.00,1.10,27.91,17,17,0,0.21,0.20,0.30,27.61,17,17,0
1441272,0.35,0.30,0.40,28.32,17,17,0,1040.18,1034.30,1045.50,23.83,17,0,0,0.39,0.30,0.40,27.90,17,17,0,0.50,0.50,0.50,27.49,17,17,0,0.09,0.00,0.10,28.34,17,17,0,1.06,1.00,1.10,27.91,17,17,0,0.21,0.20,0.30,27.61,17,17,0
1441772,0.35,0.30,0.40,28.32,17,17,0,1043.13,1041.00,1046.30,23.81,17,0,0,0.36,0.30,0.40,27.92,17,17,0,0.49,0.40,0.50,27.51,17,17,0,0.10,0.10,0.10,28.34,17,17,0,1.06,1.00,1.10,27.93,17,17,0,0.21,0.20,0.30,27.59,17,17,0
1442272,0.34,0.30,0.40,28.32,18,18,0,1042.49,1039.50,1044.40,23.85,18,0,0,0.34,0.30,0.40,27.90,18,18,0,0.50,0.50,0.50,27.51,18,18,0,0.10,0.10,0.10,28.35,18,18,0,1.07,1.00,1.10,27.93,18,18,0,0.22,0.20,0.30,27.61,18,18,0
1442780,0.34,0.30,0.40,28.32,17,17,0,1045.60,1038.50,1051.80,23.83,17,0,0,0.35,0.30,0.40,27.91,17,17,0,0.51,0.50,0.60,27.49,17,17,0,0.09,0.00,0.10,28.34,17,17,0,1.07,1.00,1.10,27.93,17,17,0,0.21,0.20,0.30,27.60,17,17,0
1443280,0.34,0.30,0.40,28.31,17,17,0,1056.27,1053.40,1059.20,23.82,17,0,0,0.35,0.30,0.40,27.91,17,17,0,0.50,0.50,0.50,27.50,17,17,0,0.10,0.10,0.10,28.35,17,17,0,1.05,1.00,1.10,27.92,17,17,0,0.20,0.20,0.20,27.58,17,17,0
1443780,0.36,0.30,0.40,28.32,17,17,0,1050.03,1046.80,1053.90,23.84,17,0,0,0.35,0.30,0.40,27.90,17,17,0,0.50,0.50,0.50,27.47,17,17,0,0.09,0.00,0.10,28.35,17,17,0,1.06,1.00,1.10,27.92,17,17,0,0.21,0.20,0.30,27.62,17,17,0
1444280,0.35,0.30,0.40,28.33,16,16,0,1046.14,1040.20,1051.00,23.83,16,0,0,0.34,0.30,0.40,27.89,16,16,0,0.51,0.50,0.60,27.51,16,16,0,0.10,0.10,0.10,28.34,16,16,0,1.08,1.00,1.10,27.92,16,16,0,0.21,0.20,0.30,27.61,16,16,0
1444780,0.36,0.30,0.40,28.30,17,17,0,1054.45,1048.30,1059.40,23.82,17,0,0,0.37,0.30,0.40,27.90,17,17,0,0.50,0.50,0.50,27.49,17,17,0,0.09,0.00,0.10,28.35,17,17,0,1.09,1.00,1.10,27.94,17,17,0,0.22,0.20,0.30,27.60,17,17,0
1445280,0.34,0.30,0.40,28.33,17,17,0,1050.29,1046.00,1055.60,23.83,17,0,0,0.35,0.30,0.40,27.90,17,17,0,0.51,0.50,0.60,27.50,17,17,0,0.09,0.00,0.10,28.35,17,17,0,1.07,1.00,1.10,27.92,17,17,0,0.22,0.20,0.30,27.60,17,17,0
1445780,0.34,0.30,0.40,28.31,17,17,0,1045.22,1042.10,1048.30,23.83,17,0,0,0.36,0.30,0.40,27.90,17,17,0,0.50,0.50,0.50,27.49,17,17,0,0.09,0.00,0.10,28.36,17,17,0,1.06,1.00,1.10,27.92,17,17,0,0.21,0.20,0.30,27.62,17,17,0
1446280,0.35,0.30,0.40,28.32,17,17,0,1045.27,1038.90,1051.40,23.84,17,0,0,0.36,0.30,0.40,27.91,17,17,0,0.50,0.50,0.50,27.50,17,17,0,0.09,0.00,0.10,28.35,17,17,0,1.05,1.00,1.10,27.91,17,17,0,0.21,0.20,0.30,27.59,17,17,0
1446780,0.34,0.30,0.40,28.32,17,17,0,1049.10,1043.90,1052.50,23.82,17,0,0,0.36,0.30,0.40,27.92,17,17,0,0.50,0.40,0.60,27.49,17,17,0,0.10,0.10,0.10,28.36,17,17,0,1.08,1.00,1.10,27.92,17,17,0,0.22,0.20,0.30,27.60,17,17,0
1447280,0.35,0.30,0.40,28.32,17,17,0,1034.74,1026.50,1041.90,23.85,17,0,0,0.36,0.30,0.40,27.91,17,17,0,0.50,0.50,0.50,27.49,17,17,0,0.09,0.00,0.10,28.37,17,17,0,1.06,1.00,1.10,27.92,17,17,0,0.22,0.20,0.30,27.61,17,17,0
1447780,0.32,0.30,0.40,28.33,17,17,0,1027.39,1024.00,1030.30,23.84,17,0,0,0.36,0.30,0.40,27.91,17,17,0,0.50,0.50,0.50,27.51,17,17,0,0.09,0.00,0.10,28.37,17,17,0,1.08,1.00,1.10,27.93,17,17,0,0.22,0.20,0.30,27.60,17,17,0
1448280,0.35,0.30,0.40,28.32,18,18,0,1033.35,1027.20,1037.00,23.84,18,0,0,0.35,0.30,0.40,27.91,18,18,0,0.50,0.50,0.50,27.49,18,18,0,0.09,0.00,0.10,28.35,18,18,0,1.07,1.00,1.10,27.92,18,18,0,0.21,0.20,0.30,27.60,18,18,0
1448793,0.36,0.30,0.40,28.33,17,17,0,1028.31,1020.50,1034.40,23.84,17,0,0,0.35,0.30,0.40,27.91,17,17,0,0.49,0.40,0.50,27.50,17,17,0,0.11,0.10,0.20,28.36,17,17,0,1.06,1.00,1.10,27.91,17,17,0,0.22,0.20,0.30,27.63,17,17,0
1449293,0.34,0.30,0.40,28.32,17,17,0,1017.05,1012.30,1022.10,23.83,17,0,0,0.35,0.30,0.40,27.90,17,17,0,0.51,0.50,0.60,27.51,17,17,0,0.09,0.00,0.10,28.35,17,17,0,1.06,1.00,1.10,27.92,17,17,0,0.22,0.20,0.30,27.60,17,17,0
1449798,0.35,0.30,0.40,28.33,17,17,0,1017.47,1010.70,1024.10,23.84,17,0,0,0.34,0.30,0.40,27.93,17,17,0,0.50,0.50,0.50,27.50,17,17,0,0.10,0.10,0.10,28.36,17,17,0,1.06,1.00,1.10,27.92,17,17,0,0.24,0.20,0.30,27.60,17,17,0
1450298,0.35,0.30,0.40,28.33,18,18,0,1020.46,1016.10,1025.90,23.83,18,0,0,0.35,0.30,0.40,27.91,18,18,0,0.50,0.50,0.50,27.51,18,18,0,0.10,0.10,0.10,28.33,18,18,0,1.07,1.00,1.10,27.90,18,18,0,0.21,0.20,0.30,27.61,18,18,0
1450798,0.32,0.30,0.40,28.32,16,16,0,1008.43,1002.60,1016.10,23.85,16,0,0,0.34,0.30,0.40,27.89,16,16,0,0.50,0.50,0.50,27.49,16,16,0,0.09,0.00,0.10,28.34,16,16,0,1.07,1.00,1.10,27.92,16,16,0,0.21,0.20,0.30,27.60,16,16,0
1451308,0.34,0.30,0.40,28.32,17,17,0,1000.84,998.60,1003.40,23.84,17,0,0,0.36,0.30,0.40,27.91,17,17,0,0.50,0.50,0.50,27.50,17,17,0,0.08,0.00,0.10,28.36,17,17,0,1.07,1.00,1.10,27.92,17,17,0,0.21,0.20,0.30,27.61,17,17,0
1451808,0.33,0.30,0.40,28.33,17,17,0,1007.09,1000.70,1010.50,23.83,17,0,0,0.36,0.30,0.40,27.90,17,17,0,0.50,0.50,0.50,27.50,17,17,0,0.10,0.00,0.20,28.35,17,17,0,1.04,1.00,1.10,27.92,17,17,0,0.21,0.20,0.30,27.60,17,17,0
1452308,0.34,0.30,0.40,28.32,17,17,0,1006.18,999.80,1009.20,23.84,17,0,0,0.36,0.30,0.40,27.90,17,17,0,0.50,0.50,0.50,27.50,17,17,0,0.10,0.10,0.10,28.34,17,17,0,1.08,1.00,1.10,27.93,17,17,0,0.21,0.20,0.30,27.60,17,17,0
1452808,0.35,0.30,0.40,28.33,17,17,0,999.02,996.30,1002.30,23.83,17,0,0,0.34,0.30,0.40,27.90,17,17,0,0.50,0.50,0.50,27.50,17,17,0,0.10,0.10,0.10,28.35,17,17,0,1.07,1.00,1.10,27.93,17,17,0,0.22,0.20,0.30,27.60,17,17,0
1453311,0.36,0.30,0.40,28.32,17,17,0,999.04,995.00,1005.60,23.83,17,0,0,0.35,0.30,0.40,27.91,17,17,0,0.50,0.40,0.60,27.48,17,17,0,0.09,0.00,0.10,28.37,17,17,0,1.06,1.00,1.10,27.92,17,17,0,0.20,0.20,0.20,27.59,17,17,0
1453811,0.34,0.30,0.40,28.32,17,17,0,1003.84,1000.20,1006.40,23.84,17,0,0,0.36,0.30,0.40,27.92,17,17,0,0.49,0.40,0.50,27.51,17,17,0,0.09,0.00,0.10,28.36,17,17,0,1.06,1.00,1.10,27.93,17,17,0,0.21,0.20,0.30,27.62,17,17,0
1454311,0.35,0.30,0.40,28.33,17,17,0,994.28,989.30,999.40,23.85,17,0,0,0.34,0.30,0.40,27.92,17,17,0,0.49,0.40,0.50,27.50,17,17,0,0.09,0.00,0.10,28.34,17,17,0,1.06,1.00,1.10,27.93,17,17,0,0.21,0.20,0.30,27.61,17,17,0
1454815,0.34,0.30,0.40,28.33,17,17,0,989.28,986.60,991.00,23.85,17,0,0,0.34,0.30,0.40,27.93,17,17,0,0.50,0.50,0.50,27.49,17,17,0,0.09,0.00,0.10,28.35,17,17,0,1.07,1.00,1.10,27.91,17,17,0,0.20,0.20,0.20,27.60,17,17,0
1455315,0.36,0.30,0.40,28.31,17,17,0,995.03,990.00,998.90,23.84,17,0,0,0.35,0.30,0.40,27.92,17,17,0,0.50,0.50,0.50,27.49,17,17,0,0.09,0.00,0.10,28.34,17,17,0,1.05,1.00,1.10,27.91,17,17,0,0.22,0.20,0.30,27.61,17,17,0
1455815,0.34,0.30,0.40,28.32,17,17,0,994.97,990.00,999.30,23.84,17,0,0,0.32,0.30,0.40,27.91,17,17,0,0.50,0.50,0.50,27.49,17,17,0,0.09,0.00,0.20,28.37,17,17,0,1.09,1.00,1.10,27.92,17,17,0,0.22,0.20,0.30,27.61,17,17,0
1456322,0.33,0.30,0.40,28.32,18,18,0,989.90,987.00,993.20,23.84,18,0,0,0.33,0.30,0.40,27.91,18,18,0,0.50,0.50,0.50,27.48,18,18,0,0.10,0.10,0.10,28.34,18,18,0,1.08,1.00,1.10,27.93,18,18,0,0.21,0.20,0.30,27.62,18,18,0
1456835,0.34,0.30,0.40,28.32,18,18,0,991.57,985.60,998.30,23.83,18,0,0,0.33,0.30,0.40,27.90,18,18,0,0.50,0.50,0.50,27.49,18,18,0,0.09,0.00,0.10,28.36,18,18,0,1.08,1.00,1.10,27.92,18,18,0,0.22,0.20,0.30,27.60,18,18,0
1457335,0.36,0.30,0.40,28.32,17,17,0,1001.46,998.50,1004.80,23.84,17,0,0,0.35,0.30,0.40,27.90,17,17,0,0.49,0.40,0.50,27.49,17,17,0,0.09,0.00,0.10,28.34,17,17,0,1.08,1.00,1.10,27.93,17,17,0,0.24,0.20,0.30,27.61,17,17,0
1457835,0.34,0.30,0.40,28.33,17,17,0,997.39,993.00,1001.70,23.85,17,0,0,0.34,0.30,0.40,27.90,17,17,0,0.50,0.50,0.50,27.48,17,17,0,0.09,0.00,0.10,28.36,17,17,0,1.08,1.00,1.10,27.94,17,17,0,0.24,0.20,0.30,27.63,17,17,0
1458335,0.35,0.30,0.40,28.32,17,17,0,993.07,989.90,996.00,23.84,17,0,0,0.36,0.30,0.40,27.91,17,17,0,0.51,0.50,0.60,27.49,17,17,0,0.10,0.10,0.10,28.35,17,17,0,1.06,1.00,1.10,27.92,17,17,0,0.22,0.20,0.30,27.61,17,17,0
1458835,0.36,0.30,0.40,28.33,17,17,0,1000.26,992.50,1004.10,23.83,17,0,0,0.35,0.30,0.40,27.91,17,17,0,0.49,0.40,0.50,27.50,17,17,0,0.10,0.10,0.10,28.35,17,17,0,1.08,1.00,1.10,27.93,17,17,0,0.22,0.20,0.30,27.62,17,17,0
1459345,0.33,0.30,0.40,28.32,17,17,0,1000.22,996.10,1003.90,23.83,17,0,0,0.35,0.30,0.40,27.91,17,17,0,0.50,0.50,0.50,27.50,17,17,0,0.09,0.00,0.10,28.36,17,17,0,1.05,1.00,1.10,27.91,17,17,0,0.22,0.20,0.30,27.61,17,17,0
1459855,0.35,0.30,0.40,28.33,17,17,0,992.29,988.80,997.20,23.84,17,0,0,0.35,0.30,0.40,27.93,17,17,0,0.50,0.50,0.50,27.51,17,17,0,0.10,0.10,0.10,28.35,17,17,0,1.06,1.00,1.10,27.92,17,17,0,0.21,0.20,0.30,27.60,17,17,0
1460355,0.36,0.30,0.40,28.33,18,18,0,994.36,989.50,1000.10,23.84,18,0,0,0.34,0.30,0.40,27.90,18,18,0,0.50,0.50,0.50,27.51,18,18,0,0.10,0.10,0.10,28.36,18,18,0,1.07,1.00,1.10,27.92,18,18,0,0.21,0.20,0.30,27.62,18,18,0
1460855,0.34,0.30,0.40,28.31,16,16,0,1003.98,1001.30,1006.50,23.84,16,0,0,0.36,0.30,0.40,27.90,16,16,0,0.50,0.50,0.50,27.49,16,16,0,0.09,0.00,0.10,28.36,16,16,0,1.06,1.00,1.10,27.93,16,16,0,0.20,0.20,0.20,27.60,16,16,0
1461361,0.34,0.30,0.40,28.33,17,17,0,997.95,991.30,1001.50,23.85,17,0,0,0.36,0.30,0.40,27.91,17,17,0,0.50,0.50,0.50,27.48,17,17,0,0.10,0.00,0.20,28.37,17,17,0,1.07,1.00,1.10,27.91,17,17,0,0.21,0.20,0.30,27.62,17,17,0
1461861,0.35,0.30,0.40,28.32,17,17,0,994.19,990.30,997.20,23.82,17,0,0,0.36,0.30,0.40,27.91,17,17,0,0.50,0.50,0.50,27.50,17,17,0,0.10,0.10,0.10,28.37,17,17,0,1.07,1.00,1.10,27.93,17,17,0,0.21,0.20,0.30,27.61,17,17,0
1462361,0.35,0.30,0.40,28.33,17,17,0,1002.76,997.00,1007.40,23.85,17,0,0,0.33,0.30,0.40,27.91,17,17,0,0.50,0.50,0.50,27.50,17,17,0,0.09,0.00,0.10,28.36,17,17,0,1.06,1.00,1.10,27.92,17,17,0,0.21,0.20,0.30,27.61,17,17,0
1462861,0.34,0.30,0.40,28.32,16,16,0,1000.08,993.70,1008.10,23.86,16,0,0,0.35,0.30,0.40,27.91,16,16,0,0.50,0.50,0.50,27.49,16,16,0,0.11,0.10,0.20,28.35,16,16,0,1.08,1.00,1.10,27.94,16,16,0,0.21,0.20,0.30,27.63,16,16,0
1463367,0.36,0.30,0.40,28.33,17,17,0,988.52,985.00,992.80,23.84,17,0,0,0.35,0.30,0.40,27.91,17,17,0,0.50,0.50,0.50,27.51,17,17,0,0.09,0.00,0.10,28.36,17,17,0,1.09,1.00,1.10,27.92,17,17,0,0.22,0.20,0.30,27.60,17,17,0
1463867,0.34,0.30,0.40,28.32,17,17,0,991.46,985.00,999.60,23.83,17,0,0,0.36,0.30,0.40,27.91,17,17,0,0.51,0.50,0.60,27.50,17,17,0,0.09,0.00,0.10,28.35,17,17,0,1.07,1.00,1.10,27.92,17,17,0,0.21,0.10,0.30,27.62,17,17,0
1464367,0.34,0.30,0.40,28.33,17,17,0,1005.25,1000.60,1007.80,23.85,17,0,0,0.34,0.30,0.40,27.92,17,17,0,0.49,0.40,0.50,27.50,17,17,0,0.09,0.00,0.10,28.37,17,17,0,1.09,1.00,1.10,27.91,17,17,0,0.23,0.20,0.30,27.62,17,17,0
1464867,0.35,0.30,0.40,28.34,17,17,0,996.51,990.70,1002.20,23.86,17,0,0,0.33,0.30,0.40,27.92,17,17,0,0.50,0.50,0.50,27.50,17,17,0,0.09,0.00,0.10,28.35,17,17,0,1.06,1.00,1.10,27.94,17,17,0,0.22,0.20,0.30,27.61,17,17,0
1465371,0.34,0.30,0.40,28.32,17,17,0,990.45,987.90,993.60,23.83,17,0,0,0.35,0.30,0.40,27.92,17,17,0,0.49,0.40,0.50,27.50,17,17,0,0.09,0.00,0.10,28.36,17,17,0,1.08,1.00,1.10,27.92,17,17,0,0.22,0.20,0.30,27.60,17,17,0
1465871,0.36,0.30,0.40,28.32,17,17,0,1002.30,994.70,1010.90,23.84,17,0,0,0.35,0.30,0.40,27.92,17,17,0,0.50,0.50,0.50,27.51,17,17,0,0.09,0.00,0.10,28.35,17,17,0,1.07,1.00,1.10,27.92,17,17,0,0.22,0.20,0.30,27.61,17,17,0
1466371,0.35,0.30,0.40,28.33,17,17,0,1003.77,997.40,1008.70,23.84,17,0,0,0.34,0.30,0.40,27.90,17,17,0,0.51,0.50,0.60,27.51,17,17,0,0.09,0.00,0.10,28.36,17,17,0,1.08,1.00,1.10,27.92,17,17,0,0.22,0.20,0.30,27.62,17,17,0
1466871,0.35,0.30,0.40,28.34,17,17,0,995.10,991.40,998.10,23.83,17,0,0,0.35,0.30,0.40,27.92,17,17,0,0.50,0.50,0.50,27.51,17,17,0,0.10,0.10,0.10,28.35,17,17,0,1.08,1.00,1.10,27.92,17,17,0,0.21,0.20,0.30,27.61,17,17,0
1467371,0.35,0.30,0.40,28.33,17,17,0,997.67,993.10,1005.50,23.84,17,0,0,0.35,0.30,0.40,27.92,17,17,0,0.50,0.50,0.50,27.51,17,17,0,0.09,0.00,0.10,28.36,17,17,0,1.06,1.00,1.10,27.92,17,17,0,0.21,0.20,0.30,27.62,17,17,0
1467871,0.34,0.30,0.40,28.33,17,17,0,1006.46,1002.50,1010.90,23.83,17,0,0,0.35,0.30,0.40,27.90,17,17,0,0.50,0.50,0.50,27.49,17,17,0,0.10,0.10,0.10,28.34,17,17,0,1.08,1.00,1.10,27.92,17,17,0,0.23,0.20,0.30,27.61,17,17,0
1468371,0.32,0.30,0.40,28.33,17,17,0,997.38,991.30,1003.50,23.84,17,0,0,0.36,0.30,0.40,27.92,17,17,0,0.50,0.50,0.50,27.52,17,17,0,0.10,0.10,0.10,28.36,17,17,0,1.08,1.00,1.10,27.93,17,17,0,0.22,0.20,0.30,27.62,17,17,0
1468871,0.35,0.30,0.40,28.33,17,17,0,991.66,987.60,993.70,23.84,17,0,0,0.36,0.30,0.40,27.93,17,17,0,0.50,0.50,0.50,27.51,17,17,0,0.09,0.00,0.10,28.36,17,17,0,1.06,1.00,1.10,27.91,17,17,0,0.21,0.20,0.30,27.61,17,17,0
1469384,0.33,0.30,0.40,28.34,18,18,0,1000.13,993.30,1004.30,23.82,18,0,0,0.36,0.30,0.40,27.91,18,18,0,0.50,0.50,0.50,27.49,18,18,0,0.11,0.10,0.20,28.35,18,18,0,1.07,1.00,1.10,27.92,18,18,0,0.21,0.20,0.30,27.62,18,18,0
1469884,0.34,0.30,0.40,28.34,17,17,0,999.52,994.10,1002.60,23.83,17,0,0,0.36,0.30,0.40,27.93,17,17,0,0.50,0.50,0.50,27.50,17,17,0,0.10,0.10,0.10,28.37,17,17,0,1.05,1.00,1.10,27.92,17,17,0,0.22,0.20,0.30,27.62,17,17,0
1470384,0.35,0.30,0.40,28.34,18,18,0,991.46,987.30,995.90,23.84,18,0,0,0.35,0.30,0.40,27.93,18,18,0,0.50,0.50,0.50,27.49,18,18,0,0.09,0.00,0.10,28.36,18,18,0,1.07,1.00,1.10,27.92,18,18,0,0.22,0.20,0.30,27.62,18,18,0
1470892,0.36,0.30,0.40,28.34,17,17,0,992.54,987.40,1000.10,23.85,17,0,0,0.34,0.30,0.40,27.93,17,17,0,0.50,0.50,0.50,27.50,17,17,0,0.08,0.00,0.10,28.35,17,17,0,1.06,1.00,1.10,27.93,17,17,0,0.21,0.20,0.30,27.62,17,17,0
1471395,0.34,0.30,0.40,28.34,17,17,0,1001.76,998.70,1004.60,23.83,17,0,0,0.33,0.30,0.40,27.90,17,17,0,0.50,0.50,0.50,27.49,17,17,0,0.10,0.00,0.20,28.35,17,17,0,1.08,1.00,1.10,27.93,17,17,0,0.22,0.20,0.30,27.62,17,17,0
1471895,0.34,0.30,0.40,28.33,17,17,0,998.09,994.50,1002.80,23.84,17,0,0,0.37,0.30,0.40,27.93,17,17,0,0.50,0.50,0.50,27.49,17,17,0,0.07,0.00,0.10,28.36,17,17,0,1.07,1.00,1.10,27.94,17,17,0,0.24,0.20,0.30,27.62,17,17,0
1472395,0.35,0.30,0.40,28.33,17,17,0,998.35,993.70,1000.40,23.85,17,0,0,0.34,0.30,0.40,27.93,17,17,0,0.50,0.50,0.50,27.51,17,17,0,0.09,0.00,0.10,28.38,17,17,0,1.09,1.00,1.10,27.93,17,17,0,0.21,0.20,0.30,27.61,17,17,0
1472895,0.32,0.30,0.40,28.35,17,17,0,1008.94,1000.00,1013.60,23.83,17,0,0,0.35,0.30,0.40,27.90,17,17,0,0.49,0.40,0.50,27.49,17,17,0,0.09,0.00,0.10,28.36,17,17,0,1.09,1.00,1.10,27.93,17,17,0,0.20,0.20,0.20,27.61,17,17,0
1473399,0.35,0.30,0.40,28.34,17,17,0,1014.55,1012.40,1018.40,23.84,17,0,0,0.36,0.30,0.40,27.90,17,17,0,0.49,0.40,0.50,27.50,17,17,0,0.09,0.00,0.10,28.36,17,17,0,1.05,1.00,1.10,27.94,17,17,0,0.22,0.20,0.30,27.63,17,17,0
1473899,0.37,0.30,0.40,28.34,17,17,0,1013.77,1009.90,1016.30,23.84,17,0,0,0.34,0.30,0.40,27.93,17,17,0,0.49,0.40,0.50,27.49,17,17,0,0.09,0.00,0.10,28.35,17,17,0,1.08,1.00,1.10,27.93,17,17,0,0.24,0.20,0.30,27.63,17,17,0
1474401,0.33,0.30,0.40,28.34,17,17,0,1016.13,1010.50,1021.60,23.83,17,0,0,0.36,0.30,0.40,27.93,17,17,0,0.50,0.50,0.50,27.50,17,17,0,0.09,0.00,0.10,28.36,17,17,0,1.07,1.00,1.10,27.92,17,17,0,0.22,0.20,0.30,27.61,17,17,0
1474905,0.35,0.30,0.40,28.34,17,17,0,1026.87,1022.20,1030.30,23.81,17,0,0,0.32,0.30,0.40,27.93,17,17,0,0.50,0.50,0.50,27.50,17,17,0,0.08,0.00,0.10,28.36,17,17,0,1.08,1.00,1.10,27.91,17,17,0,0.21,0.20,0.30,27.60,17,17,0
1475411,0.35,0.30,0.40,28.34,17,17,0,1026.53,1023.50,1029.80,23.84,17,0,0,0.34,0.30,0.40,27.92,17,17,0,0.50,0.50,0.50,27.49,17,17,0,0.09,0.00,0.10,28.37,17,17,0,1.07,1.00,1.10,27.90,17,17,0,0.24,0.20,0.30,27.60,17,17,0
1475911,0.35,0.30,0.40,28.36,17,17,0,1028.56,1026.20,1033.20,23.84,17,0,0,0.34,0.30,0.40,27.92,17,17,0,0.50,0.50,0.50,27.50,17,17,0,0.09,0.00,0.10,28.36,17,17,0,1.06,1.00,1.10,27.93,17,17,0,0.24,0.20,0.30,27.62,17,17,0
1476411,0.35,0.30,0.40,28.34,17,17,0,1038.91,1030.30,1044.10,23.84,17,0,0,0.35,0.30,0.40,27.91,17,17,0,0.50,0.50,0.50,27.50,17,17,0,0.09,0.00,0.10,28.37,17,17,0,1.07,1.00,1.10,27.92,17,17,0,0.21,0.20,0.30,27.61,17,17,0
1476916,0.34,0.30,0.40,28.35,17,17,0,1045.61,1042.40,1048.60,23.84,17,0,0,0.36,0.30,0.40,27.92,17,17,0,0.50,0.50,0.50,27.50,17,17,0,0.09,0.00,0.10,28.37,17,17,0,1.06,1.00,1.10,27.92,17,17,0,0.21,0.20,0.30,27.60,17,17,0
1477416,0.38,0.30,0.40,28.34,18,18,0,1043.88,1042.00,1045.90,23.82,18,0,0,0.36,0.30,0.40,27.91,18,18,0,0.50,0.50,0.50,27.50,18,18,0,0.08,-0.10,0.10,28.34,18,18,0,1.08,1.00,1.10,27.92,18,18,0,0.21,0.20,0.30,27.62,18,18,0
1477925,0.35,0.30,0.40,28.34,17,17,0,1042.92,1038.70,1048.20,23.82,17,0,0,0.35,0.30,0.40,27.93,17,17,0,0.49,0.40,0.50,27.48,17,17,0,0.09,0.00,0.10,28.35,17,17,0,1.06,1.00,1.10,27.93,17,17,0,0.22,0.20,0.30,27.62,17,17,0
1478425,0.35,0.30,0.40,28.35,17,17,0,1051.66,1048.90,1054.10,23.83,17,0,0,0.35,0.30,0.40,27.91,17,17,0,0.49,0.40,0.50,27.50,17,17,0,0.10,0.10,0.10,28.36,17,17,0,1.05,1.00,1.10,27.93,17,17,0,0.22,0.20,0.30,27.62,17,17,0
1478926,0.34,0.30,0.40,28.33,17,17,0,1049.85,1046.70,1052.40,23.81,17,0,0,0.34,0.30,0.40,27.91,17,17,0,0.50,0.50,0.50,27.50,17,17,0,0.09,0.00,0.10,28.36,17,17,0,1.08,1.00,1.10,27.94,17,17,0,0.24,0.20,0.30,27.62,17,17,0
1479430,0.34,0.30,0.40,28.35,17,17,0,1047.41,1045.00,1050.20,23.84,17,0,0,0.35,0.30,0.40,27.92,17,17,0,0.50,0.50,0.50,27.50,17,17,0,0.10,0.10,0.10,28.36,17,17,0,1.05,1.00,1.10,27.94,17,17,0,0.21,0.20,0.30,27.62,17,17,0
1479933,0.32,0.30,0.40,28.33,17,17,0,1052.66,1047.10,1057.70,23.82,17,0,0,0.35,0.30,0.40,27.91,17,17,0,0.50,0.50,0.50,27.50,17,17,0,0.09,0.00,0.10,28.36,17,17,0,1.06,1.00,1.10,27.94,17,17,0,0.22,0.20,0.30,27.63,17,17,0
1480437,0.34,0.30,0.40,28.34,17,17,0,1054.87,1053.30,1057.30,23.82,17,0,0,0.33,0.30,0.40,27.94,17,17,0,0.50,0.50,0.50,27.48,17,17,0,0.10,0.00,0.20,28.35,17,17,0,1.07,1.00,1.10,27.92,17,17,0,0.22,0.20,0.30,27.62,17,17,0
1480937,0.35,0.30,0.40,28.35,18,18,0,1049.16,1044.20,1054.80,23.83,18,0,0,0.35,0.30,0.40,27.93,18,18,0,0.50,0.50,0.50,27.50,18,18,0,0.10,0.10,0.10,28.36,18,18,0,1.08,1.00,1.10,27.93,18,18,0,0.22,0.20,0.30,27.62,18,18,0
1481437,0.34,0.30,0.40,28.33,16,16,0,1042.09,1037.90,1046.30,23.82,16,0,0,0.33,0.30,0.40,27.92,16,16,0,0.50,0.50,0.50,27.50,16,16,0,0.09,0.00,0.10,28.36,16,16,0,1.08,1.00,1.10,27.91,16,16,0,0.22,0.20,0.30,27.62,16,16,0
1481937,0.37,0.30,0.40,28.34,16,16,0,1050.24,1046.60,1054.20,23.84,16,0,0,0.33,0.30,0.40,27.91,16,16,0,0.49,0.40,0.50,27.49,16,16,0,0.10,0.10,0.10,28.36,16,16,0,1.06,1.00,1.10,27.92,16,16,0,0.22,0.20,0.30,27.63,16,16,0
1482437,0.36,0.30,0.40,28.34,17,17,0,1042.11,1035.70,1047.20,23.83,17,0,0,0.33,0.30,0.40,27.92,17,17,0,0.50,0.50,0.50,27.50,17,17,0,0.09,0.00,0.10,28.37,17,17,0,1.06,1.00,1.10,27.92,17,17,0,0.21,0.20,0.30,27.62,17,17,0
1482937,0.35,0.30,0.40,28.34,17,17,0,1031.44,1025.40,1036.10,23.83,17,0,0,0.33,0.30,0.40,27.92,17,17,0,0.50,0.50,0.50,27.49,17,17,0,0.09,0.00,0.10,28.36,17,17,0,1.05,1.00,1.10,27.91,17,17,0,0.21,0.20,0.30,27.62,17,17,0
1483437,0.33,0.30,0.40,28.33,18,18,0,1034.29,1026.70,1040.10,23.82,18,0,0,0.34,0.30,0.40,27.92,18,18,0,0.50,0.50,0.50,27.49,18,18,0,0.09,0.00,0.10,28.36,18,18,0,1.08,1.00,1.10,27.93,18,18,0,0.23,0.20,0.30,27.62,18,18,0
1483950,0.34,0.30,0.40,28.34,17,17,0,1033.95,1025.60,1041.10,23.82,17,0,0,0.32,0.30,0.40,27.92,17,17,0,0.50,0.50,0.50,27.50,17,17,0,0.10,0.10,0.10,28.37,17,17,0,1.06,1.00,1.10,27.93,17,17,0,0.21,0.20,0.30,27.62,17,17,0
1484450,0.36,0.30,0.40,28.35,17,17,0,1020.71,1013.80,1026.80,23.83,17,0,0,0.34,0.30,0.40,27.94,17,17,0,0.50,0.50,0.50,27.51,17,17,0,0.09,0.00,0.10,28.36,17,17,0,1.07,1.00,1.10,27.93,17,17,0,0.21,0.20,0.30,27.60,17,17,0
1484950,0.36,0.30,0.40,28.33,17,17,0,1014.52,1010.70,1019.50,23.83,17,0,0,0.34,0.30,0.40,27.92,17,17,0,0.50,0.50,0.50,27.50,17,17,0,0.09,0.00,0.10,28.36,17,17,0,1.06,1.00,1.10,27.93,17,17,0,0.21,0.20,0.30,27.64,17,17,0
1485450,0.35,0.30,0.40,28.35,17,17,0,1023.13,1019.90,1029.60,23.83,17,0,0,0.35,0.30,0.40,27.92,17,17,0,0.50,0.50,0.50,27.49,17,17,0,0.09,0.00,0.10,28.37,17,17,0,1.06,1.00,1.10,27.92,17,17,0,0.21,0.20,0.30,27.62,17,17,0
1485950,0.35,0.30,0.40,28.35,17,17,0,1016.01,1011.50,1020.30,23.83,17,0,0,0.35,0.30,0.40,27.92,17,17,0,0.50,0.50,0.50,27.50,17,17,0,0.10,0.10,0.10,28.35,17,17,0,1.05,1.00,1.10,27.91,17,17,0,0.21,0.20,0.30,27.61,17,17,0
1486450,0.35,0.30,0.40,28.36,17,17,0,1006.46,1000.90,1010.40,23.83,17,0,0,0.32,0.30,0.40,27.93,17,17,0,0.51,0.50,0.60,27.51,17,17,0,0.09,0.00,0.10,28.36,17,17,0,1.07,1.00,1.10,27.92,17,17,0,0.21,0.20,0.30,27.62,17,17,0
1486950,0.36,0.30,0.40,28.35,17,17,0,1008.66,1002.80,1016.70,23.84,17,0,0,0.32,0.30,0.40,27.92,17,17,0,0.50,0.50,0.50,27.50,17,17,0,0.10,0.10,0.10,28.36,17,17,0,1.09,1.00,1.20,27.93,17,17,0,0.21,0.20,0.30,27.61,17,17,0
1487450,0.35,0.30,0.40,28.36,17,17,0,1010.06,1007.50,1013.10,23.83,17,0,0,0.31,0.30,0.40,27.91,17,17,0,0.51,0.50,0.60,27.51,17,17,0,0.11,0.10,0.20,28.36,17,17,0,1.08,1.00,1.10,27.92,17,17,0,0.22,0.20,0.30,27.63,17,17,0
1487950,0.36,0.30,0.40,28.34,18,18,0,1002.12,998.20,1006.20,23.84,18,0,0,0.32,0.30,0.40,27.93,18,18,0,0.51,0.50,0.60,27.51,18,18,0,0.09,0.00,0.10,28.35,18,18,0,1.09,1.00,1.10,27.93,18,18,0,0.21,0.10,0.30,27.62,18,18,0
1488453,0.36,0.30,0.40,28.36,17,17,0,995.14,992.90,998.90,23.83,17,0,0,0.33,0.30,0.40,27.92,17,17,0,0.50,0.50,0.50,27.50,17,17,0,0.09,0.00,0.10,28.37,17,17,0,1.08,1.00,1.10,27.92,17,17,0,0.21,0.20,0.30,27.61,17,17,0
1488953,0.36,0.30,0.40,28.34,17,17,0,999.61,996.90,1002.30,23.84,17,0,0,0.34,0.30,0.40,27.93,17,17,0,0.50,0.50,0.50,27.49,17,17,0,0.10,0.00,0.20,28.37,17,17,0,1.06,1.00,1.10,27.93,17,17,0,0.23,0.20,0.30,27.61,17,17,0
1489466,0.34,0.30,0.40,28.36,18,18,0,992.88,987.20,999.30,23.82,18,0,0,0.32,0.30,0.40,27.93,18,18,0,0.50,0.50,0.50,27.49,18,18,0,0.09,0.00,0.20,28.38,18,18,0,1.09,1.00,1.10,27.92,18,18,0,0.27,0.20,0.30,27.62,18,18,0
1489970,0.35,0.30,0.40,28.36,17,17,0,984.98,982.00,988.40,23.84,17,0,0,0.35,0.30,0.40,27.92,17,17,0,0.49,0.40,0.50,27.50,17,17,0,0.09,0.00,0.10,28.37,17,17,0,1.08,1.00,1.10,27.94,17,17,0,0.22,0.20,0.30,27.62,17,17,0
1490477,0.35,0.30,0.40,28.37,17,17,0,991.93,983.70,1000.50,23.82,17,0,0,0.36,0.30,0.40,27.92,17,17,0,0.49,0.40,0.50,27.49,17,17,0,0.09,0.00,0.10,28.36,17,17,0,1.06,1.00,1.10,27.93,17,17,0,0.22,0.20,0.30,27.62,17,17,0
1490977,0.35,0.30,0.40,28.35,17,17,0,996.52,991.00,1001.40,23.83,17,0,0,0.36,0.30,0.40,27.93,17,17,0,0.50,0.50,0.50,27.48,17,17,0,0.09,0.00,0.10,28.37,17,17,0,1.07,1.00,1.10,27.94,17,17,0,0.22,0.20,0.30,27.60,17,17,0
1491477,0.35,0.30,0.40,28.34,17,17,0,989.57,985.80,993.30,23.84,17,0,0,0.35,0.30,0.40,27.94,17,17,0,0.50,0.50,0.50,27.50,17,17,0,0.11,0.10,0.20,28.34,17,17,0,1.07,1.00,1.10,27.91,17,17,0,0.22,0.20,0.30,27.62,17,17,0
1491977,0.36,0.30,0.40,28.35,18,18,0,987.72,982.60,991.40,23.84,18,0,0,0.33,0.30,0.40,27.94,18,18,0,0.50,0.50,0.50,27.49,18,18,0,0.10,0.10,0.10,28.36,18,18,0,1.06,1.00,1.10,27.93,18,18,0,0.22,0.20,0.30,27.62,18,18,0
1492477,0.36,0.30,0.40,28.35,16,16,0,996.71,992.00,999.30,23.83,16,0,0,0.37,0.30,0.40,27.91,16,16,0,0.49,0.40,0.50,27.49,16,16,0,0.10,0.10,0.10,28.36,16,16,0,1.09,1.00,1.10,27.93,16,16,0,0.21,0.20,0.30,27.62,16,16,0
1492977,0.35,0.30,0.40,28.36,17,17,0,993.86,990.00,998.60,23.85,17,0,0,0.34,0.30,0.40,27.94,17,17,0,0.50,0.50,0.50,27.50,17,17,0,0.11,0.10,0.20,28.36,17,17,0,1.07,1.00,1.10,27.93,17,17,0,0.22,0.20,0.30,27.62,17,17,0
1493481,0.34,0.30,0.40,28.35,17,17,0,988.05,984.60,992.60,23.83,17,0,0,0.35,0.30,0.40,27.92,17,17,0,0.51,0.50,0.60,27.51,17,17,0,0.10,0.10,0.10,28.36,17,17,0,1.05,1.00,1.10,27.93,17,17,0,0.24,0.20,0.30,27.62,17,17,0
1493981,0.35,0.30,0.40,28.36,17,17,0,992.39,988.00,1002.90,23.84,17,0,0,0.36,0.30,0.40,27.92,17,17,0,0.50,0.50,0.50,27.49,17,17,0,0.09,0.00,0.10,28.38,17,17,0,1.08,1.00,1.10,27.92,17,17,0,0.21,0.20,0.30,27.64,17,17,0
1494481,0.36,0.30,0.40,28.35,17,17,0,994.82,982.40,1000.00,23.85,17,0,0,0.35,0.30,0.40,27.93,17,17,0,0.50,0.50,0.50,27.50,17,17,0,0.09,0.00,0.10,28.36,17,17,0,1.06,1.00,1.10,27.93,17,17,0,0.22,0.20,0.30,27.63,17,17,0
1494982,0.36,0.30,0.40,28.34,17,17,0,986.56,982.60,991.60,23.85,17,0,0,0.35,0.30,0.40,27.94,17,17,0,0.50,0.50,0.50,27.49,17,17,0,0.09,0.00,0.10,28.36,17,17,0,1.07,1.00,1.10,27.92,17,17,0,0.23,0.20,0.30,27.63,17,17,0
1495495,0.35,0.30,0.40,28.35,18,18,0,987.11,982.40,994.50,23.86,18,0,0,0.34,0.30,0.40,27.93,18,18,0,0.50,0.50,0.50,27.51,18,18,0,0.10,0.10,0.10,28.36,18,18,0,1.08,1.00,1.10,27.92,18,18,0,0.21,0.20,0.30,27.61,18,18,0
1495995,0.36,0.30,0.40,28.36,17,17,0,1001.89,995.00,1008.60,23.83,17,0,0,0.36,0.30,0.40,27.90,17,17,0,0.50,0.50,0.50,27.50,17,17,0,0.09,0.00,0.10,28.38,17,17,0,1.08,1.00,1.10,27.93,17,17,0,0.21,0.20,0.30,27.61,17,17,0
1496495,0.34,0.30,0.40,28.34,17,17,0,996.47,992.00,1002.70,23.85,17,0,0,0.35,0.30,0.40,27.93,17,17,0,0.50,0.50,0.50,27.49,17,17,0,0.10,0.10,0.10,28.36,17,17,0,1.06,1.00,1.10,27.92,17,17,0,0.21,0.20,0.30,27.61,17,17,0
1496999,0.35,0.30,0.40,28.35,17,17,0,991.15,988.00,993.20,23.84,17,0,0,0.34,0.30,0.40,27.94,17,17,0,0.50,0.50,0.50,27.49,17,17,0,0.08,0.00,0.10,28.35,17,17,0,1.06,1.00,1.10,27.92,17,17,0,0.24,0.20,0.30,27.62,17,17,0
1497499,0.34,0.30,0.40,28.37,17,17,0,997.27,990.30,1003.30,23.84,17,0,0,0.36,0.30,0.40,27.93,17,17,0,0.51,0.50,0.60,27.50,17,17,0,0.10,0.10,0.10,28.36,17,17,0,1.04,1.00,1.10,27.92,17,17,0,0.23,0.20,0.30,27.62,17,17,0
1498003,0.36,0.30,0.40,28.34,17,17,0,1000.35,994.20,1004.80,23.85,17,0,0,0.36,0.30,0.40,27.95,17,17,0,0.50,0.50,0.50,27.50,17,17,0,0.10,0.10,0.10,28.36,17,17,0,1.07,1.00,1.10,27.93,17,17,0,0.24,0.20,0.30,27.62,17,17,0
1498504,0.36,0.30,0.40,28.35,17,17,0,991.73,989.20,994.50,23.85,17,0,0,0.36,0.30,0.40,27.93,17,17,0,0.50,0.50,0.50,27.49,17,17,0,0.09,0.00,0.10,28.35,17,17,0,1.08,1.00,1.10,27.91,17,17,0,0.22,0.20,0.30,27.62,17,17,0
1499017,0.36,0.30,0.40,28.34,18,18,0,990.48,986.70,997.30,23.85,18,0,0,0.32,0.30,0.40,27.93,18,18,0,0.50,0.50,0.50,27.51,18,18,0,0.10,0.10,0.10,28.37,18,18,0,1.06,1.00,1.10,27.94,18,18,0,0.22,0.20,0.30,27.62,18,18,0
1499522,0.36,0.30,0.40,28.36,17,17,0,1005.54,998.80,1010.80,23.85,17,0,0,0.36,0.30,0.40,27.92,17,17,0,0.50,0.50,0.50,27.50,17,17,0,0.10,0.10,0.10,28.36,17,17,0,1.07,1.00,1.10,27.94,17,17,0,0.21,0.20,0.30,27.63,17,17,0
1500022,0.34,0.30,0.40,28.36,17,17,0,999.76,994.30,1006.60,23.84,17,0,0,0.36,0.30,0.40,27.91,17,17,0,0.50,0.50,0.50,27.51,17,17,0,0.09,0.00,0.10,28.37,17,17,0,1.06,1.00,1.10,27.92,17,17,0,0.21,0.20,0.30,27.61,17,17,0
1500532,0.36,0.30,0.40,28.35,17,17,0,991.88,987.90,996.20,23.85,17,0,0,0.36,0.30,0.40,27.92,17,17,0,0.50,0.50,0.50,27.51,17,17,0,0.09,0.00,0.10,28.37,17,17,0,1.08,1.00,1.10,27.93,17,17,0,0.21,0.20,0.30,27.61,17,17,0
1501032,0.34,0.30,0.40,28.35,17,17,0,999.13,990.20,1008.70,23.85,17,0,0,0.37,0.30,0.40,27.94,17,17,0,0.50,0.50,0.50,27.50,17,17,0,0.11,0.10,0.20,28.37,17,17,0,1.06,1.00,1.10,27.93,17,17,0,0.21,0.20,0.30,27.64,17,17,0
1501532,0.34,0.30,0.40,28.34,17,17,0,1007.73,1001.80,1012.10,23.84,17,0,0,0.35,0.30,0.40,27.93,17,17,0,0.51,0.50,0.60,27.50,17,17,0,0.09,0.00,0.10,28.36,17,17,0,1.07,1.00,1.10,27.94,17,17,0,0.21,0.20,0.30,27.61,17,17,0
1502032,0.36,0.30,0.40,28.36,17,17,0,999.88,997.00,1003.30,23.86,17,0,0,0.35,0.30,0.40,27.94,17,17,0,0.50,0.50,0.50,27.49,17,17,0,0.11,0.10,0.20,28.37,17,17,0,1.08,1.00,1.10,27.93,17,17,0,0.20,0.20,0.20,27.63,17,17,0
1502532,0.35,0.30,0.40,28.35,17,17,0,996.75,992.60,998.70,23.85,17,0,0,0.33,0.30,0.40,27.93,17,17,0,0.50,0.50,0.50,27.51,17,17,0,0.10,0.10,0.10,28.36,17,17,0,1.08,1.00,1.10,27.94,17,17,0,0.22,0.20,0.30,27.61,17,17,0
1503032,0.37,0.30,0.40,28.34,17,17,0,1005.73,999.60,1010.50,23.84,17,0,0,0.36,0.30,0.40,27.94,17,17,0,0.50,0.50,0.50,27.52,17,17,0,0.10,0.10,0.10,28.36,17,17,0,1.06,1.00,1.10,27.94,17,17,0,0.22,0.20,0.30,27.62,17,17,0
1503532,0.34,0.30,0.40,28.36,17,17,0,1000.50,994.40,1005.40,23.82,17,0,0,0.36,0.30,0.40,27.93,17,17,0,0.50,0.50,0.50,27.50,17,17,0,0.10,0.10,0.10,28.38,17,17,0,1.08,1.00,1.10,27.93,17,17,0,0.21,0.20,0.30,27.60,17,17,0
1504032,0.34,0.30,0.40,28.34,17,17,0,993.86,992.10,996.00,23.85,17,0,0,0.34,0.30,0.40,27.94,17,17,0,0.50,0.40,0.60,27.51,17,17,0,0.09,0.00,0.10,28.37,17,17,0,1.08,1.00,1.10,27.93,17,17,0,0.21,0.20,0.30,27.62,17,17,0
1504532,0.36,0.30,0.40,28.36,17,17,0,995.21,988.30,1001.10,23.83,17,0,0,0.35,0.30,0.40,27.91,17,17,0,0.50,0.50,0.50,27.51,17,17,0,0.08,0.00,0.10,28.36,17,17,0,1.08,1.00,1.10,27.93,17,17,0,0.23,0.20,0.30,27.61,17,17,0
1505033,0.36,0.30,0.40,28.35,17,17,0,999.45,993.30,1003.20,23.85,17,0,0,0.35,0.30,0.40,27.92,17,17,0,0.49,0.40,0.50,27.51,17,17,0,0.11,0.10,0.20,28.38,17,17,0,1.08,1.00,1.10,27.93,17,17,0,0.23,0.20,0.30,27.62,17,17,0
1505533,0.33,0.30,0.40,28.36,17,17,0,993.54,990.40,996.70,23.84,17,0,0,0.35,0.30,0.40,27.94,17,17,0,0.50,0.50,0.50,27.52,17,17,0,0.08,0.00,0.10,28.38,17,17,0,1.06,1.00,1.10,27.93,17,17,0,0.22,0.20,0.30,27.61,17,17,0
1506033,0.34,0.30,0.40,28.35,17,17,0,990.99,988.90,993.70,23.85,17,0,0,0.36,0.30,0.40,27.94,17,17,0,0.50,0.50,0.50,27.51,17,17,0,0.10,0.10,0.10,28.36,17,17,0,1.06,1.00,1.10,27.94,17,17,0,0.21,0.20,0.30,27.61,17,17,0
1506533,0.35,0.30,0.40,28.35,17,17,0,1001.44,995.40,1003.80,23.84,17,0,0,0.36,0.30,0.40,27.93,17,17,0,0.51,0.50,0.60,27.50,17,17,0,0.08,0.00,0.10,28.37,17,17,0,1.05,1.00,1.10,27.94,17,17,0,0.23,0.20,0.30,27.62,17,17,0
1507033,0.35,0.30,0.40,28.35,17,17,0,1001.14,997.10,1004.90,23.84,17,0,0,0.35,0.30,0.40,27.93,17,17,0,0.50,0.50,0.50,27.51,17,17,0,0.10,0.10,0.10,28.37,17,17,0,1.08,1.00,1.10,27.95,17,17,0,0.22,0.20,0.30,27.63,17,17,0
1507533,0.34,0.30,0.40,28.36,17,17,0,999.30,997.30,1002.00,23.84,17,0,0,0.37,0.30,0.40,27.93,17,17,0,0.49,0.40,0.50,27.51,17,17,0,0.09,0.00,0.10,28.37,17,17,0,1.08,1.00,1.10,27.94,17,17,0,0.23,0.20,0.30,27.63,17,17,0
1508046,0.35,0.30,0.40,28.36,18,18,0,1001.11,993.20,1006.60,23.83,18,0,0,0.36,0.30,0.40,27.92,18,18,0,0.50,0.50,0.50,27.51,18,18,0,0.10,0.10,0.10,28.38,18,18,0,1.07,1.00,1.10,27.95,18,18,0,0.23,0.20,0.30,27.62,18,18,0
1508546,0.34,0.30,0.40,28.34,17,17,0,1009.68,1006.40,1014.70,23.83,17,0,0,0.38,0.30,0.40,27.93,17,17,0,0.50,0.50,0.50,27.50,17,17,0,0.09,0.00,0.10,28.37,17,17,0,1.08,1.00,1.10,27.94,17,17,0,0.22,0.20,0.30,27.62,17,17,0
1509046,0.34,0.30,0.40,28.36,17,17,0,1011.73,1008.60,1015.50,23.85,17,0,0,0.35,0.30,0.40,27.92,17,17,0,0.49,0.40,0.50,27.51,17,17,0,0.09,0.00,0.10,28.37,17,17,0,1.08,1.00,1.10,27.94,17,17,0,0.22,0.20,0.30,27.62,17,17,0
1509559,0.35,0.30,0.40,28.36,18,18,0,1013.53,1009.40,1018.20,23.83,18,0,0,0.33,0.30,0.40,27.92,18,18,0,0.50,0.50,0.50,27.50,18,18,0,0.09,0.00,0.10,28.37,18,18,0,1.06,1.00,1.10,27.93,18,18,0,0.24,0.20,0.30,27.63,18,18,0
1510063,0.36,0.30,0.40,28.37,17,17,0,1024.89,1019.30,1029.00,23.84,17,0,0,0.36,0.30,0.40,27.93,17,17,0,0.49,0.40,0.50,27.51,17,17,0,0.10,0.10,0.10,28.36,17,17,0,1.10,1.10,1.10,27.94,17,17,0,0.24,0.20,0.30,27.63,17,17,0
1510563,0.33,0.30,0.40,28.34,17,17,0,1027.01,1020.70,1036.60,23.84,17,0,0,0.35,0.30,0.40,27.94,17,17,0,0.50,0.50,0.50,27.51,17,17,0,0.09,0.00,0.10,28.37,17,17,0,1.09,1.00,1.10,27.92,17,17,0,0.22,0.20,0.30,27.65,17,17,0
1511068,0.34,0.30,0.40,28.34,17,17,0,1024.45,1017.90,1034.30,23.83,17,0,0,0.34,0.30,0.40,27.92,17,17,0,0.50,0.50,0.50,27.51,17,17,0,0.10,0.00,0.20,28.37,17,17,0,1.06,1.00,1.10,27.94,17,17,0,0.20,0.20,0.20,27.63,17,17,0
1511568,0.35,0.30,0.40,28.35,17,17,0,1029.41,1016.20,1040.30,23.85,17,0,0,0.34,0.30,0.40,27.95,17,17,0,0.50,0.50,0.50,27.50,17,17,0,0.09,0.00,0.10,28.38,17,17,0,1.09,1.00,1.10,27.94,17,17,0,0.21,0.20,0.30,27.65,17,17,0
1512068,0.34,0.30,0.40,28.36,17,17,0,1040.01,1037.10,1043.70,23.83,17,0,0,0.35,0.30,0.40,27.95,17,17,0,0.50,0.50,0.50,27.49,17,17,0,0.09,0.00,0.10,28.36,17,17,0,1.08,1.00,1.10,27.93,17,17,0,0.22,0.10,0.30,27.61,17,17,0
1512568,0.34,0.30,0.40,28.34,17,17,0,1040.07,1037.60,1042.00,23.83,17,0,0,0.35,0.30,0.40,27.94,17,17,0,0.50,0.50,0.50,27.52,17,17,0,0.10,0.10,0.10,28.37,17,17,0,1.08,1.00,1.10,27.94,17,17,0,0.21,0.20,0.30,27.63,17,17,0
1513068,0.35,0.30,0.40,28.35,17,17,0,1040.33,1037.20,1043.70,23.84,17,0,0,0.38,0.30,0.40,27.95,17,17,0,0.50,0.50,0.50,27.51,17,17,0,0.10,0.10,0.10,28.37,17,17,0,1.06,1.00,1.10,27.94,17,17,0,0.21,0.20,0.30,27.63,17,17,0
1513571,0.33,0.30,0.40,28.36,17,17,0,1051.45,1044.20,1056.90,23.84,17,0,0,0.32,0.30,0.40,27.93,17,17,0,0.50,0.50,0.50,27.51,17,17,0,0.10,0.10,0.10,28.37,17,17,0,1.08,1.00,1.10,27.96,17,17,0,0.24,0.20,0.30,27.63,17,17,0
1514072,0.35,0.30,0.40,28.35,17,17,0,1048.09,1042.70,1054.10,23.84,17,0,0,0.35,0.30,0.40,27.93,17,17,0,0.50,0.50,0.50,27.51,17,17,0,0.10,0.10,0.10,28.36,17,17,0,1.06,1.00,1.10,27.94,17,17,0,0.22,0.20,0.30,27.63,17,17,0
1514572,0.32,0.30,0.40,28.36,17,17,0,1040.83,1035.10,1045.20,23.82,17,0,0,0.35,0.30,0.40,27.94,17,17,0,0.50,0.50,0.50,27.49,17,17,0,0.10,0.10,0.10,28.37,17,17,0,1.07,1.00,1.10,27.94,17,17,0,0.21,0.20,0.30,27.62,17,17,0
1515072,0.34,0.30,0.40,28.35,17,17,0,1041.32,1032.30,1049.90,23.84,17,0,0,0.35,0.30,0.40,27.94,17,17,0,0.50,0.50,0.50,27.53,17,17,0,0.09,0.00,0.10,28.37,17,17,0,1.09,1.00,1.10,27.94,17,17,0,0.21,0.20,0.30,27.62,17,17,0
1515572,0.32,0.30,0.40,28.35,18,18,0,1048.31,1045.10,1052.00,23.83,18,0,0,0.37,0.30,0.40,27.94,18,18,0,0.50,0.50,0.50,27.50,18,18,0,0.08,-0.10,0.10,28.38,18,18,0,1.06,1.00,1.10,27.95,18,18,0,0.21,0.20,0.30,27.62,18,18,0
1516084,0.34,0.30,0.40,28.36,17,17,0,1041.58,1035.60,1046.50,23.84,17,0,0,0.33,0.30,0.40,27.94,17,17,0,0.50,0.50,0.50,27.50,17,17,0,0.10,0.10,0.10,28.37,17,17,0,1.07,1.00,1.10,27.93,17,17,0,0.21,0.20,0.30,27.62,17,17,0
1516584,0.34,0.30,0.40,28.35,17,17,0,1035.88,1033.00,1038.10,23.83,17,0,0,0.35,0.30,0.40,27.93,17,17,0,0.50,0.50,0.50,27.51,17,17,0,0.10,0.10,0.10,28.39,17,17,0,1.08,1.00,1.10,27.95,17,17,0,0.21,0.20,0.30,27.63,17,17,0
1517084,0.34,0.30,0.40,28.35,17,17,0,1043.38,1037.30,1045.80,23.84,17,0,0,0.35,0.30,0.40,27.92,17,17,0,0.50,0.50,0.50,27.51,17,17,0,0.10,0.10,0.10,28.36,17,17,0,1.07,1.00,1.10,27.93,17,17,0,0.22,0.20,0.30,27.62,17,17,0
1517584,0.34,0.30,0.40,28.34,18,18,0,1038.18,1030.80,1045.10,23.82,18,0,0,0.36,0.30,0.40,27.94,18,18,0,0.50,0.50,0.50,27.50,18,18,0,0.10,0.10,0.10,28.37,18,18,0,1.06,1.00,1.10,27.93,18,18,0,0.22,0.20,0.30,27.63,18,18,0
1518091,0.35,0.30,0.40,28.37,17,17,0,1026.83,1022.70,1032.00,23.85,17,0,0,0.36,0.30,0.40,27.92,17,17,0,0.50,0.50,0.50,27.51,17,17,0,0.09,0.00,0.10,28.36,17,17,0,1.08,1.00,1.10,27.93,17,17,0,0.22,0.20,0.30,27.64,17,17,0
1518591,0.35,0.30,0.40,28.36,17,17,0,1025.45,1020.80,1033.00,23.84,17,0,0,0.35,0.30,0.40,27.94,17,17,0,0.50,0.50,0.50,27.51,17,17,0,0.09,0.00,0.10,28.39,17,17,0,1.08,1.00,1.10,27.93,17,17,0,0.22,0.20,0.30,27.63,17,17,0
1519091,0.35,0.30,0.40,28.35,17,17,0,1031.36,1027.00,1033.80,23.83,17,0,0,0.35,0.30,0.40,27.93,17,17,0,0.50,0.50,0.50,27.53,17,17,0,0.09,0.00,0.10,28.39,17,17,0,1.08,1.00,1.10,27.92,17,17,0,0.22,0.20,0.30,27.62,17,17,0
1519595,0.36,0.30,0.40,28.36,16,16,0,1021.08,1016.70,1027.80,23.84,16,0,0,0.34,0.30,0.40,27.95,16,16,0,0.50,0.50,0.50,27.52,16,16,0,0.08,0.00,0.10,28.40,16,16,0,1.06,1.00,1.10,27.94,16,16,0,0.21,0.20,0.30,27.62,16,16,0
1520095,0.35,0.30,0.40,28.35,17,17,0,1015.62,1012.10,1017.80,23.85,17,0,0,0.34,0.30,0.40,27.93,17,17,0,0.49,0.40,0.50,27.50,17,17,0,0.10,0.00,0.20,28.35,17,17,0,1.08,1.00,1.10,27.95,17,17,0,0.21,0.20,0.30,27.62,17,17,0
1520595,0.34,0.30,0.40,28.35,17,17,0,1022.27,1015.90,1025.40,23.85,17,0,0,0.31,0.30,0.40,27.92,17,17,0,0.50,0.50,0.50,27.50,17,17,0,0.09,0.00,0.10,28.38,17,17,0,1.08,1.00,1.10,27.94,17,17,0,0.21,0.20,0.30,27.63,17,17,0
1521095,0.35,0.30,0.40,28.34,17,17,0,1018.94,1012.70,1023.50,23.85,17,0,0,0.34,0.30,0.40,27.95,17,17,0,0.49,0.40,0.50,27.52,17,17,0,0.09,0.00,0.10,28.37,17,17,0,1.08,1.00,1.10,27.94,17,17,0,0.21,0.20,0.30,27.63,17,17,0
1521595,0.34,0.30,0.40,28.37,17,17,0,1011.04,1008.00,1014.30,23.83,17,0,0,0.36,0.30,0.40,27.93,17,17,0,0.50,0.50,0.50,27.51,17,17,0,0.09,0.00,0.10,28.37,17,17,0,1.06,1.00,1.10,27.95,17,17,0,0.22,0.20,0.30,27.62,17,17,0
1522095,0.35,0.30,0.40,28.34,17,17,0,1007.34,1004.30,1011.30,23.82,17,0,0,0.34,0.30,0.40,27.93,17,17,0,0.50,0.50,0.50,27.50,17,17,0,0.09,0.00,0.10,28.38,17,17,0,1.08,1.00,1.10,27.94,17,17,0,0.22,0.20,0.30,27.64,17,17,0
1522596,0.35,0.30,0.40,28.35,17,17,0,1010.78,1006.10,1015.00,23.84,17,0,0,0.38,0.30,0.40,27.92,17,17,0,0.50,0.50,0.50,27.53,17,17,0,0.09,0.00,0.10,28.36,17,17,0,1.06,1.00,1.10,27.93,17,17,0,0.22,0.20,0.30,27.63,17,17,0
1523096,0.34,0.30,0.40,28.36,17,17,0,1003.70,998.70,1007.70,23.86,17,0,0,0.35,0.30,0.40,27.94,17,17,0,0.51,0.50,0.60,27.51,17,17,0,0.08,0.00,0.10,28.37,17,17,0,1.08,1.00,1.10,27.96,17,17,0,0.20,0.20,0.20,27.61,17,17,0
1523596,0.34,0.30,0.40,28.35,17,17,0,997.19,995.10,1000.00,23.84,17,0,0,0.35,0.30,0.40,27.93,17,17,0,0.49,0.40,0.50,27.52,17,17,0,0.11,0.10,0.20,28.38,17,17,0,1.06,1.00,1.10,27.95,17,17,0,0.22,0.20,0.30,27.62,17,17,0
1524096,0.34,0.30,0.40,28.35,17,17,0,999.68,994.80,1002.80,23.85,17,0,0,0.34,0.30,0.40,27.93,17,17,0,0.50,0.50,0.50,27.52,17,17,0,0.11,0.10,0.20,28.38,17,17,0,1.09,1.00,1.10,27.95,17,17,0,0.22,0.20,0.30,27.63,17,17,0
1524609,0.34,0.30,0.40,28.35,18,18,0,998.36,991.30,1002.80,23.84,18,0,0,0.35,0.30,0.40,27.92,18,18,0,0.50,0.50,0.50,27.51,18,18,0,0.09,0.00,0.10,28.38,18,18,0,1.06,1.00,1.10,27.94,18,18,0,0.22,0.20,0.30,27.64,18,18,0
1525109,0.33,0.30,0.40,28.35,17,17,0,992.36,987.40,995.70,23.84,17,0,0,0.33,0.30,0.40,27.93,17,17,0,0.51,0.50,0.60,27.52,17,17,0,0.08,0.00,0.10,28.37,17,17,0,1.06,1.00,1.10,27.95,17,17,0,0.22,0.20,0.30,27.62,17,17,0
1525609,0.32,0.30,0.40,28.35,17,17,0,991.22,987.30,996.00,23.86,17,0,0,0.35,0.30,0.40,27.94,17,17,0,0.50,0.50,0.50,27.52,17,17,0,0.09,0.00,0.10,28.39,17,17,0,1.08,1.00,1.10,27.94,17,17,0,0.22,0.20,0.30,27.63,17,17,0
1526109,0.34,0.30,0.40,28.36,17,17,0,995.90,993.10,998.00,23.84,17,0,0,0.36,0.30,0.40,27.92,17,17,0,0.50,0.50,0.50,27.53,17,17,0,0.09,0.00,0.10,28.37,17,17,0,1.08,1.00,1.10,27.94,17,17,0,0.22,0.20,0.30,27.63,17,17,0
1526609,0.35,0.30,0.40,28.35,17,17,0,989.08,982.10,996.80,23.86,17,0,0,0.35,0.30,0.40,27.94,17,17,0,0.51,0.50,0.60,27.52,17,17,0,0.09,0.00,0.10,28.38,17,17,0,1.08,1.00,1.10,27.95,17,17,0,0.23,0.20,0.30,27.61,17,17,0
1527109,0.34,0.30,0.40,28.36,17,17,0,983.74,977.90,986.50,23.85,17,0,0,0.34,0.30,0.40,27.94,17,17,0,0.50,0.50,0.50,27.52,17,17,0,0.08,0.00,0.10,28.38,17,17,0,1.08,1.00,1.10,27.94,17,17,0,0.21,0.20,0.30,27.64,17,17,0
1527612,0.34,0.30,0.40,28.36,17,17,0,992.55,985.20,998.30,23.85,17,0,0,0.35,0.30,0.40,27.94,17,17,0,0.50,0.50,0.50,27.52,17,17,0,0.09,0.00,0.10,28.36,17,17,0,1.07,1.00,1.10,27.93,17,17,0,0.21,0.20,0.30,27.62,17,17,0
1528112,0.35,0.30,0.40,28.35,17,17,0,992.48,988.40,996.70,23.86,17,0,0,0.35,0.30,0.40,27.94,17,17,0,0.50,0.50,0.50,27.53,17,17,0,0.09,0.00,0.10,28.39,17,17,0,1.09,1.00,1.10,27.94,17,17,0,0.21,0.20,0.30,27.63,17,17,0
1528612,0.34,0.30,0.40,28.35,17,17,0,985.70,982.00,989.30,23.86,17,0,0,0.34,0.30,0.40,27.92,17,17,0,0.50,0.50,0.50,27.52,17,17,0,0.10,0.10,0.10,28.38,17,17,0,1.09,1.00,1.10,27.96,17,17,0,0.20,0.20,0.20,27.63,17,17,0
1529112,0.34,0.30,0.40,28.35,17,17,0,986.16,981.60,991.80,23.87,17,0,0,0.34,0.30,0.40,27.94,17,17,0,0.49,0.40,0.50,27.51,17,17,0,0.09,0.00,0.10,28.38,17,17,0,1.08,1.00,1.10,27.94,17,17,0,0.21,0.20,0.30,27.62,17,17,0
1529612,0.36,0.30,0.40,28.36,18,18,0,996.52,990.40,1001.80,23.86,18,0,0,0.36,0.30,0.40,27.94,18,18,0,0.51,0.50,0.60,27.53,18,18,0,0.10,0.10,0.10,28.38,18,18,0,1.05,1.00,1.10,27.96,18,18,0,0.21,0.20,0.30,27.62,18,18,0
1530112,0.36,0.30,0.40,28.35,16,16,0,989.36,982.50,997.30,23.85,16,0,0,0.35,0.30,0.40,27.93,16,16,0,0.50,0.50,0.50,27.52,16,16,0,0.09,0.00,0.10,28.39,16,16,0,1.05,1.00,1.10,27.94,16,16,0,0.24,0.20,0.30,27.63,16,16,0
1530612,0.36,0.30,0.40,28.36,18,18,0,986.36,981.80,988.30,23.87,18,0,0,0.36,0.30,0.40,27.92,18,18,0,0.49,0.40,0.50,27.52,18,18,0,0.10,0.10,0.10,28.38,18,18,0,1.05,1.00,1.10,27.95,18,18,0,0.21,0.20,0.30,27.62,18,18,0
1531118,0.35,0.30,0.40,28.37,17,17,0,995.03,983.80,1007.30,23.84,17,0,0,0.34,0.30,0.40,27.94,17,17,0,0.50,0.50,0.50,27.54,17,17,0,0.09,0.00,0.10,28.38,17,17,0,1.07,1.00,1.10,27.95,17,17,0,0.21,0.20,0.30,27.62,17,17,0
1531620,0.35,0.30,0.40,28.37,17,17,0,995.17,988.50,1002.80,23.85,17,0,0,0.36,0.30,0.40,27.92,17,17,0,0.50,0.50,0.50,27.53,17,17,0,0.10,0.10,0.10,28.38,17,17,0,1.06,1.00,1.10,27.96,17,17,0,0.22,0.10,0.30,27.61,17,17,0
1532120,0.34,0.30,0.40,28.37,17,17,0,986.23,983.00,991.80,23.84,17,0,0,0.35,0.30,0.40,27.95,17,17,0,0.50,0.50,0.50,27.51,17,17,0,0.10,0.10,0.10,28.36,17,17,0,1.08,1.00,1.10,27.96,17,17,0,0.21,0.20,0.30,27.62,17,17,0
1532633,0.35,0.30,0.40,28.35,18,18,0,987.55,982.60,996.00,23.85,18,0,0,0.34,0.30,0.40,27.92,18,18,0,0.50,0.50,0.50,27.53,18,18,0,0.09,0.00,0.10,28.39,18,18,0,1.08,1.00,1.10,27.95,18,18,0,0.21,0.20,0.30,27.62,18,18,0
1533136,0.34,0.30,0.40,28.35,17,17,0,998.54,994.80,1003.40,23.85,17,0,0,0.35,0.30,0.40,27.94,17,17,0,0.50,0.50,0.50,27.51,17,17,0,0.09,0.00,0.10,28.36,17,17,0,1.07,1.00,1.10,27.97,17,17,0,0.21,0.20,0.30,27.63,17,17,0
1533636,0.36,0.30,0.40,28.37,17,17,0,990.34,985.90,996.00,23.85,17,0,0,0.36,0.30,0.40,27.94,17,17,0,0.49,0.40,0.50,27.52,17,17,0,0.09,0.00,0.10,28.39,17,17,0,1.05,1.00,1.10,27.95,17,17,0,0.20,0.20,0.20,27.63,17,17,0
1534137,0.36,0.30,0.40,28.37,17,17,0,988.08,984.10,991.50,23.87,17,0,0,0.34,0.30,0.40,27.93,17,17,0,0.50,0.50,0.50,27.51,17,17,0,0.09,0.00,0.10,28.37,17,17,0,1.06,1.00,1.10,27.97,17,17,0,0.20,0.20,0.20,27.63,17,17,0
1534637,0.38,0.30,0.40,28.36,17,17,0,1004.48,993.80,1012.10,23.85,17,0,0,0.36,0.30,0.40,27.94,17,17,0,0.50,0.50,0.50,27.51,17,17,0,0.10,0.10,0.10,28.39,17,17,0,1.08,1.00,1.10,27.95,17,17,0,0.21,0.20,0.30,27.63,17,17,0
1535137,0.34,0.30,0.40,28.37,17,17,0,1008.67,1002.70,1014.40,23.85,17,0,0,0.35,0.30,0.40,27.92,17,17,0,0.51,0.50,0.60,27.53,17,17,0,0.10,0.00,0.20,28.37,17,17,0,1.08,1.00,1.10,27.95,17,17,0,0.21,0.20,0.30,27.63,17,17,0
1535642,0.35,0.30,0.40,28.36,17,17,0,998.28,994.10,1004.90,23.84,17,0,0,0.35,0.30,0.40,27.94,17,17,0,0.51,0.50,0.60,27.52,17,17,0,0.08,0.00,0.10,28.38,17,17,0,1.09,1.00,1.10,27.96,17,17,0,0.23,0.20,0.30,27.61,17,17,0
1536142,0.33,0.30,0.40,28.38,17,17,0,1000.08,994.80,1009.60,23.85,17,0,0,0.34,0.30,0.40,27.94,17,17,0,0.49,0.40,0.50,27.51,17,17,0,0.10,0.00,0.20,28.39,17,17,0,1.07,1.00,1.10,27.95,17,17,0,0.22,0.20,0.30,27.64,17,17,0
1536644,0.34,0.30,0.40,28.36,17,17,0,1013.94,1009.20,1017.30,23.87,17,0,0,0.36,0.30,0.40,27.93,17,17,0,0.50,0.50,0.50,27.51,17,17,0,0.10,0.10,0.10,28.37,17,17,0,1.07,1.00,1.10,27.95,17,17,0,0.20,0.20,0.20,27.63,17,17,0
1537144,0.32,0.30,0.40,28.37,17,17,0,1006.38,1000.40,1013.60,23.86,17,0,0,0.34,0.30,0.40,27.94,17,17,0,0.50,0.50,0.50,27.54,17,17,0,0.10,0.10,0.10,28.37,17,17,0,1.06,1.00,1.10,27.96,17,17,0,0.21,0.20,0.30,27.62,17,17,0
1537644,0.37,0.30,0.40,28.36,17,17,0,998.72,994.10,1001.50,23.84,17,0,0,0.37,0.30,0.40,27.92,17,17,0,0.50,0.50,0.50,27.52,17,17,0,0.09,0.00,0.10,28.37,17,17,0,1.07,1.00,1.10,27.96,17,17,0,0.22,0.20,0.30,27.63,17,17,0
1538144,0.37,0.30,0.40,28.37,16,16,0,1005.44,998.40,1009.60,23.84,16,0,0,0.34,0.30,0.40,27.94,16,16,0,0.50,0.50,0.50,27.52,16,16,0,0.10,0.10,0.10,28.39,16,16,0,1.10,1.10,1.10,27.94,16,16,0,0.20,0.20,0.20,27.64,16,16,0
1538644,0.35,0.30,0.40,28.37,17,17,0,1005.58,999.30,1012.50,23.85,17,0,0,0.35,0.30,0.40,27.95,17,17,0,0.50,0.50,0.50,27.54,17,17,0,0.10,0.00,0.20,28.38,17,17,0,1.07,1.00,1.10,27.97,17,17,0,0.22,0.20,0.30,27.63,17,17,0
1539146,0.35,0.30,0.40,28.37,17,17,0,994.73,991.30,998.10,23.84,17,0,0,0.35,0.30,0.40,27.93,17,17,0,0.50,0.50,0.50,27.53,17,17,0,0.11,0.10,0.20,28.39,17,17,0,1.09,1.00,1.10,27.94,17,17,0,0.21,0.20,0.30,27.64,17,17,0
1539646,0.35,0.30,0.40,28.36,17,17,0,992.55,987.60,998.90,23.85,17,0,0,0.36,0.30,0.40,27.93,17,17,0,0.51,0.50,0.60,27.54,17,17,0,0.09,0.00,0.10,28.38,17,17,0,1.06,1.00,1.10,27.95,17,17,0,0.21,0.20,0.30,27.64,17,17,0
1540159,0.36,0.30,0.40,28.36,18,18,0,1004.01,999.40,1008.70,23.86,18,0,0,0.37,0.30,0.40,27.94,18,18,0,0.50,0.50,0.50,27.53,18,18,0,0.10,0.10,0.10,28.37,18,18,0,1.06,1.00,1.10,27.96,18,18,0,0.22,0.20,0.30,27.63,18,18,0
1540659,0.34,0.30,0.40,28.37,17,17,0,998.92,993.60,1003.20,23.84,17,0,0,0.35,0.30,0.40,27.96,17,17,0,0.50,0.50,0.50,27.52,17,17,0,0.09,0.00,0.10,28.39,17,17,0,1.07,1.00,1.10,27.95,17,17,0,0.21,0.20,0.30,27.63,17,17,0
1541160,0.34,0.30,0.40,28.37,17,17,0,993.63,989.80,997.90,23.85,17,0,0,0.34,0.30,0.40,27.93,17,17,0,0.49,0.40,0.50,27.54,17,17,0,0.09,0.00,0.10,28.38,17,17,0,1.06,1.00,1.10,27.95,17,17,0,0.22,0.20,0.30,27.63,17,17,0
1541660,0.36,0.30,0.40,28.36,17,17,0,998.48,989.90,1005.70,23.86,17,0,0,0.35,0.30,0.40,27.92,17,17,0,0.50,0.50,0.50,27.53,17,17,0,0.10,0.00,0.20,28.39,17,17,0,1.08,1.00,1.10,27.95,17,17,0,0.21,0.20,0.30,27.64,17,17,0
1542161,0.33,0.30,0.40,28.38,17,17,0,1003.76,999.60,1006.70,23.85,17,0,0,0.36,0.30,0.40,27.94,17,17,0,0.50,0.50,0.50,27.53,17,17,0,0.09,0.00,0.20,28.37,17,17,0,1.07,1.00,1.10,27.95,17,17,0,0.21,0.20,0.30,27.63,17,17,0
1542661,0.34,0.30,0.40,28.36,17,17,0,1000.05,996.30,1001.70,23.85,17,0,0,0.34,0.30,0.40,27.93,17,17,0,0.50,0.50,0.50,27.52,17,17,0,0.10,0.10,0.10,28.38,17,17,0,1.06,1.00,1.10,27.95,17,17,0,0.23,0.20,0.30,27.64,17,17,0
1543161,0.35,0.30,0.40,28.36,17,17,0,1001.29,998.50,1005.00,23.85,17,0,0,0.37,0.30,0.40,27.93,17,17,0,0.49,0.40,0.50,27.52,17,17,0,0.07,0.00,0.10,28.38,17,17,0,1.08,1.00,1.10,27.95,17,17,0,0.21,0.20,0.30,27.63,17,17,0
1543662,0.35,0.30,0.40,28.38,17,17,0,1011.58,1007.50,1017.10,23.85,17,0,0,0.36,0.30,0.40,27.93,17,17,0,0.50,0.50,0.50,27.54,17,17,0,0.09,0.00,0.10,28.39,17,17,0,1.06,1.00,1.10,27.94,17,17,0,0.22,0.20,0.30,27.64,17,17,0
1544162,0.35,0.30,0.40,28.37,17,17,0,1014.65,1011.50,1016.00,23.84,17,0,0,0.37,0.30,0.40,27.94,17,17,0,0.50,0.50,0.50,27.53,17,17,0,0.09,0.00,0.10,28.38,17,17,0,1.07,1.00,1.10,27.95,17,17,0,0.22,0.20,0.30,27.63,17,17,0
1544675,0.37,0.30,0.40,28.36,18,18,0,1014.13,1010.20,1016.70,23.85,18,0,0,0.35,0.30,0.40,27.93,18,18,0,0.49,0.40,0.50,27.53,18,18,0,0.10,0.10,0.10,28.37,18,18,0,1.08,1.00,1.10,27.95,18,18,0,0.22,0.20,0.30,27.63,18,18,0
1545175,0.34,0.30,0.40,28.37,17,17,0,1022.06,1012.40,1028.50,23.85,17,0,0,0.36,0.30,0.40,27.95,17,17,0,0.50,0.50,0.50,27.53,17,17,0,0.09,0.00,0.10,28.38,17,17,0,1.08,1.00,1.10,27.96,17,17,0,0.24,0.20,0.30,27.63,17,17,0
1545675,0.35,0.30,0.40,28.36,17,17,0,1030.27,1026.30,1033.40,23.84,17,0,0,0.32,0.30,0.40,27.94,17,17,0,0.50,0.50,0.50,27.54,17,17,0,0.10,0.10,0.10,28.37,17,17,0,1.09,1.00,1.10,27.96,17,17,0,0.21,0.20,0.30,27.64,17,17,0
1546182,0.33,0.30,0.40,28.36,17,17,0,1030.81,1029.40,1032.40,23.84,17,0,0,0.35,0.30,0.40,27.94,17,17,0,0.50,0.50,0.50,27.53,17,17,0,0.10,0.10,0.10,28.38,17,17,0,1.06,1.00,1.10,27.96,17,17,0,0.22,0.20,0.30,27.63,17,17,0
1546683,0.34,0.30,0.40,28.37,17,17,0,1031.46,1025.40,1036.10,23.85,17,0,0,0.36,0.30,0.40,27.94,17,17,0,0.50,0.50,0.50,27.52,17,17,0,0.09,0.00,0.10,28.37,17,17,0,1.08,1.00,1.10,27.96,17,17,0,0.23,0.20,0.30,27.63,17,17,0
1547183,0.34,0.30,0.40,28.38,18,18,0,1042.87,1040.00,1045.40,23.86,18,0,0,0.34,0.30,0.40,27.95,18,18,0,0.50,0.50,0.50,27.55,18,18,0,0.09,0.00,0.10,28.37,18,18,0,1.07,1.00,1.10,27.95,18,18,0,0.22,0.20,0.30,27.65,18,18,0
1547683,0.34,0.30,0.40,28.35,16,16,0,1041.82,1038.40,1043.90,23.83,16,0,0,0.34,0.30,0.40,27.93,16,16,0,0.50,0.50,0.50,27.54,16,16,0,0.09,0.00,0.20,28.39,16,16,0,1.09,1.00,1.10,27.95,16,16,0,0.23,0.20,0.30,27.63,16,16,0
1548183,0.34,0.30,0.40,28.36,18,18,0,1036.51,1032.50,1040.00,23.84,18,0,0,0.37,0.30,0.40,27.94,18,18,0,0.50,0.50,0.50,27.55,18,18,0,0.11,0.10,0.20,28.39,18,18,0,1.06,1.00,1.10,27.96,18,18,0,0.21,0.20,0.30,27.64,18,18,0
1548696,0.33,0.30,0.40,28.34,17,17,0,1041.42,1032.60,1048.00,23.85,17,0,0,0.34,0.30,0.40,27.95,17,17,0,0.51,0.50,0.60,27.52,17,17,0,0.10,0.00,0.20,28.37,17,17,0,1.08,1.00,1.10,27.97,17,17,0,0.22,0.20,0.30,27.63,17,17,0
1549196,0.32,0.30,0.40,28.38,17,17,0,1046.70,1040.40,1049.60,23.84,17,0,0,0.34,0.30,0.40,27.94,17,17,0,0.50,0.50,0.50,27.52,17,17,0,0.09,0.00,0.10,28.37,17,17,0,1.09,1.00,1.10,27.96,17,17,0,0.21,0.20,0.30,27.64,17,17,0
1549696,0.35,0.30,0.40,28.37,17,17,0,1043.01,1039.70,1045.70,23.84,17,0,0,0.36,0.30,0.40,27.93,17,17,0,0.50,0.50,0.50,27.56,17,17,0,0.10,0.10,0.10,28.39,17,17,0,1.08,1.00,1.10,27.96,17,17,0,0.22,0.20,0.30,27.64,17,17,0
1550197,0.35,0.30,0.40,28.37,17,17,0,1039.07,1035.70,1041.60,23.84,17,0,0,0.35,0.30,0.40,27.93,17,17,0,0.49,0.40,0.50,27.52,17,17,0,0.09,0.00,0.10,28.40,17,17,0,1.07,1.00,1.10,27.96,17,17,0,0.21,0.20,0.30,27.62,17,17,0
1550697,0.35,0.30,0.40,28.36,17,17,0,1046.17,1043.50,1048.70,23.84,17,0,0,0.34,0.30,0.40,27.94,17,17,0,0.50,0.50,0.50,27.52,17,17,0,0.10,0.10,0.10,28.37,17,17,0,1.06,1.00,1.10,27.97,17,17,0,0.24,0.20,0.30,27.63,17,17,0
1551202,0.33,0.30,0.40,28.36,17,17,0,1040.75,1036.80,1045.00,23.85,17,0,0,0.36,0.30,0.40,27.93,17,17,0,0.50,0.40,0.60,27.54,17,17,0,0.09,0.00,0.10,28.40,17,17,0,1.08,1.00,1.10,27.96,17,17,0,0.21,0.20,0.30,27.64,17,17,0
1551708,0.35,0.30,0.40,28.36,17,17,0,1033.12,1028.50,1038.70,23.84,17,0,0,0.34,0.30,0.40,27.95,17,17,0,0.51,0.50,0.60,27.55,17,17,0,0.09,0.00,0.10,28.38,17,17,0,1.08,1.00,1.10,27.96,17,17,0,0.23,0.20,0.30,27.64,17,17,0
1552208,0.33,0.30,0.40,28.36,17,17,0,1034.94,1029.50,1041.80,23.85,17,0,0,0.35,0.30,0.40,27.93,17,17,0,0.50,0.50,0.50,27.55,17,17,0,0.09,0.00,0.10,28.38,17,17,0,1.08,1.00,1.10,27.96,17,17,0,0.22,0.20,0.30,27.64,17,17,0
1552708,0.34,0.30,0.40,28.36,17,17,0,1036.58,1030.20,1039.80,23.85,17,0,0,0.35,0.30,0.40,27.95,17,17,0,0.50,0.50,0.50,27.54,17,17,0,0.09,0.00,0.10,28.38,17,17,0,1.06,1.00,1.10,27.96,17,17,0,0.22,0.20,0.30,27.64,17,17,0
1553209,0.34,0.30,0.40,28.37,17,17,0,1023.81,1019.10,1029.50,23.83,17,0,0,0.36,0.30,0.40,27.94,17,17,0,0.50,0.50,0.50,27.55,17,17,0,0.09,0.00,0.10,28.38,17,17,0,1.07,1.00,1.10,27.96,17,17,0,0.22,0.20,0.30,27.63,17,17,0
1553719,0.37,0.30,0.40,28.37,18,18,0,1017.89,1013.10,1023.50,23.84,18,0,0,0.35,0.30,0.40,27.93,18,18,0,0.50,0.50,0.50,27.54,18,18,0,0.10,0.10,0.10,28.38,18,18,0,1.09,1.00,1.10,27.94,18,18,0,0.22,0.20,0.30,27.63,18,18,0
1554219,0.36,0.30,0.40,28.37,17,17,0,1028.34,1023.50,1032.20,23.85,17,0,0,0.35,0.30,0.40,27.93,17,17,0,0.50,0.50,0.50,27.54,17,17,0,0.09,0.00,0.20,28.38,17,17,0,1.06,1.00,1.10,27.98,17,17,0,0.22,0.20,0.30,27.63,17,17,0
1554719,0.35,0.30,0.40,28.38,17,17,0,1020.25,1013.80,1027.10,23.83,17,0,0,0.34,0.30,0.40,27.95,17,17,0,0.50,0.50,0.50,27.53,17,17,0,0.08,0.00,0.10,28.38,17,17,0,1.06,1.00,1.10,27.94,17,17,0,0.23,0.20,0.30,27.65,17,17,0
1555219,0.35,0.30,0.40,28.36,17,17,0,1010.71,1005.00,1015.10,23.85,17,0,0,0.34,0.30,0.40,27.94,17,17,0,0.50,0.50,0.50,27.54,17,17,0,0.11,0.10,0.20,28.37,17,17,0,1.08,1.00,1.10,27.95,17,17,0,0.22,0.20,0.30,27.64,17,17,0
1555719,0.34,0.30,0.40,28.38,17,17,0,1011.99,1007.60,1018.20,23.86,17,0,0,0.35,0.30,0.40,27.92,17,17,0,0.50,0.50,0.50,27.53,17,17,0,0.10,0.10,0.10,28.40,17,17,0,1.04,1.00,1.10,27.95,17,17,0,0.25,0.20,0.30,27.64,17,17,0
1556220,0.35,0.30,0.40,28.37,17,17,0,1013.86,1007.60,1017.90,23.84,17,0,0,0.34,0.30,0.40,27.94,17,17,0,0.50,0.50,0.50,27.53,17,17,0,0.09,0.00,0.10,28.39,17,17,0,1.08,1.00,1.10,27.96,17,17,0,0.24,0.20,0.30,27.65,17,17,0
1556721,0.36,0.30,0.40,28.37,16,16,0,1005.38,998.00,1009.20,23.85,16,0,0,0.37,0.30,0.40,27.94,16,16,0,0.49,0.40,0.50,27.54,16,16,0,0.10,0.00,0.20,28.39,16,16,0,1.08,1.00,1.10,27.96,16,16,0,0.24,0.20,0.30,27.64,16,16,0
1557221,0.35,0.30,0.40,28.39,17,17,0,1001.68,999.00,1004.10,23.86,17,0,0,0.34,0.30,0.40,27.94,17,17,0,0.50,0.50,0.50,27.54,17,17,0,0.08,0.00,0.10,28.39,17,17,0,1.05,1.00,1.10,27.96,17,17,0,0.24,0.20,0.30,27.63,17,17,0
1557721,0.35,0.30,0.40,28.38,17,17,0,1004.85,1001.10,1009.20,23.85,17,0,0,0.35,0.30,0.40,27.95,17,17,0,0.50,0.50,0.50,27.54,17,17,0,0.09,0.00,0.10,28.39,17,17,0,1.08,1.00,1.10,27.95,17,17,0,0.24,0.20,0.30,27.64,17,17,0
1558221,0.34,0.30,0.40,28.37,17,17,0,1000.13,996.40,1007.40,23.87,17,0,0,0.36,0.30,0.40,27.94,17,17,0,0.51,0.50,0.60,27.53,17,17,0,0.09,0.00,0.10,28.37,17,17,0,1.06,1.00,1.10,27.95,17,17,0,0.22,0.20,0.30,27.62,17,17,0
1558721,0.35,0.30,0.40,28.38,17,17,0,993.86,990.60,996.90,23.87,17,0,0,0.35,0.30,0.40,27.96,17,17,0,0.50,0.50,0.50,27.55,17,17,0,0.09,0.00,0.10,28.38,17,17,0,1.07,1.00,1.10,27.95,17,17,0,0.23,0.20,0.30,27.66,17,17,0
1559221,0.36,0.30,0.40,28.36,17,17,0,995.17,988.30,1000.00,23.84,17,0,0,0.36,0.30,0.40,27.94,17,17,0,0.50,0.40,0.60,27.54,17,17,0,0.09,0.00,0.10,28.37,17,17,0,1.06,1.00,1.10,27.95,17,17,0,0.22,0.20,0.30,27.63,17,17,0
1559726,0.35,0.30,0.40,28.37,17,17,0,998.86,995.00,1003.20,23.85,17,0,0,0.33,0.30,0.40,27.94,17,17,0,0.50,0.50,0.50,27.54,17,17,0,0.10,0.10,0.10,28.39,17,17,0,1.08,1.00,1.10,27.96,17,17,0,0.23,0.20,0.30,27.62,17,17,0
1560230,0.34,0.30,0.40,28.36,17,17,0,990.29,986.90,994.70,23.86,17,0,0,0.35,0.30,0.40,27.96,17,17,0,0.50,0.50,0.50,27.54,17,17,0,0.09,0.00,0.10,28.38,17,17,0,1.08,1.00,1.10,27.97,17,17,0,0.23,0.20,0.30,27.63,17,17,0
1560739,0.36,0.30,0.40,28.35,18,18,0,987.68,984.50,989.50,23.85,18,0,0,0.35,0.30,0.40,27.95,18,18,0,0.49,0.40,0.50,27.54,18,18,0,0.08,0.00,0.10,28.39,18,18,0,1.08,1.00,1.10,27.96,18,18,0,0.21,0.20,0.30,27.63,18,18,0
1561239,0.35,0.30,0.40,28.37,17,17,0,993.98,990.10,996.10,23.86,17,0,0,0.38,0.30,0.40,27.93,17,17,0,0.51,0.50,0.60,27.53,17,17,0,0.10,0.10,0.10,28.37,17,17,0,1.06,1.00,1.10,27.97,17,17,0,0.21,0.20,0.30,27.64,17,17,0
1561739,0.36,0.30,0.40,28.37,17,17,0,990.04,985.30,993.90,23.87,17,0,0,0.35,0.30,0.40,27.95,17,17,0,0.50,0.50,0.50,27.54,17,17,0,0.09,0.00,0.10,28.38,17,17,0,1.08,1.00,1.10,27.96,17,17,0,0.21,0.20,0.30,27.65,17,17,0
1562239,0.36,0.30,0.40,28.38,18,18,0,985.17,981.10,987.40,23.85,18,0,0,0.34,0.30,0.40,27.95,18,18,0,0.50,0.50,0.50,27.54,18,18,0,0.09,0.00,0.10,28.37,18,18,0,1.06,1.00,1.10,27.97,18,18,0,0.21,0.20,0.30,27.62,18,18,0
1562751,0.35,0.30,0.40,28.38,17,17,0,989.14,984.40,995.10,23.87,17,0,0,0.35,0.30,0.40,27.94,17,17,0,0.50,0.50,0.50,27.53,17,17,0,0.10,0.10,0.10,28.39,17,17,0,1.06,1.00,1.10,27.98,17,17,0,0.22,0.20,0.30,27.65,17,17,0
1563251,0.34,0.30,0.40,28.38,17,17,0,995.82,991.50,997.90,23.87,17,0,0,0.37,0.30,0.40,27.95,17,17,0,0.50,0.50,0.50,27.56,17,17,0,0.09,0.00,0.10,28.38,17,17,0,1.06,1.00,1.10,27.96,17,17,0,0.22,0.20,0.30,27.64,17,17,0
1563754,0.35,0.30,0.40,28.36,17,17,0,989.58,985.20,995.00,23.86,17,0,0,0.35,0.30,0.40,27.94,17,17,0,0.50,0.50,0.50,27.55,17,17,0,0.09,0.00,0.10,28.38,17,17,0,1.08,1.00,1.10,27.97,17,17,0,0.23,0.20,0.30,27.64,17,17,0
1564254,0.34,0.30,0.40,28.36,17,17,0,988.31,985.30,992.30,23.86,17,0,0,0.36,0.30,0.40,27.95,17,17,0,0.49,0.40,0.50,27.55,17,17,0,0.09,0.00,0.10,28.38,17,17,0,1.08,1.00,1.10,27.98,17,17,0,0.23,0.20,0.30,27.63,17,17,0
1564754,0.35,0.30,0.40,28.35,17,17,0,1000.78,993.40,1006.60,23.85,17,0,0,0.34,0.30,0.40,27.96,17,17,0,0.50,0.50,0.50,27.53,17,17,0,0.08,0.00,0.10,28.38,17,17,0,1.07,1.00,1.10,27.97,17,17,0,0.24,0.20,0.30,27.64,17,17,0
1565254,0.35,0.30,0.40,28.36,17,17,0,999.38,994.30,1003.50,23.85,17,0,0,0.36,0.30,0.40,27.94,17,17,0,0.50,0.50,0.50,27.54,17,17,0,0.08,0.00,0.10,28.38,17,17,0,1.08,1.00,1.10,27.98,17,17,0,0.23,0.20,0.30,27.63,17,17,0
1565754,0.34,0.30,0.40,28.38,17,17,0,998.61,996.50,1001.20,23.87,17,0,0,0.35,0.30,0.40,27.94,17,17,0,0.49,0.40,0.50,27.53,17,17,0,0.11,0.10,0.20,28.39,17,17,0,1.08,1.00,1.10,27.98,17,17,0,0.22,0.20,0.30,27.65,17,17,0
1566254,0.33,0.30,0.40,28.37,17,17,0,1004.24,998.10,1010.70,23.86,17,0,0,0.34,0.30,0.40,27.94,17,17,0,0.50,0.40,0.60,27.54,17,17,0,0.06,0.00,0.10,28.40,17,17,0,1.07,1.00,1.10,27.96,17,17,0,0.21,0.20,0.30,27.62,17,17,0
1566754,0.33,0.30,0.40,28.37,18,18,0,1014.88,1010.60,1019.00,23.86,18,0,0,0.34,0.30,0.40,27.94,18,18,0,0.49,0.40,0.50,27.55,18,18,0,0.11,0.10,0.20,28.39,18,18,0,1.06,1.00,1.10,27.99,18,18,0,0.21,0.20,0.30,27.64,18,18,0
1567256,0.34,0.30,0.40,28.38,17,17,0,1007.46,1004.50,1010.20,23.86,17,0,0,0.31,0.30,0.40,27.93,17,17,0,0.49,0.40,0.50,27.52,17,17,0,0.09,0.00,0.10,28.36,17,17,0,1.08,1.00,1.10,28.00,17,17,0,0.22,0.20,0.30,27.65,17,17,0
1567756,0.35,0.30,0.40,28.37,17,17,0,1004.92,1001.40,1008.30,23.86,17,0,0,0.34,0.30,0.40,27.94,17,17,0,0.50,0.50,0.50,27.56,17,17,0,0.09,0.00,0.10,28.39,17,17,0,1.05,1.00,1.10,27.98,17,17,0,0.22,0.20,0.30,27.62,17,17,0
1568256,0.35,0.30,0.40,28.37,17,17,0,1013.82,1009.20,1017.40,23.86,17,0,0,0.34,0.30,0.40,27.94,17,17,0,0.50,0.50,0.50,27.54,17,17,0,0.11,0.10,0.20,28.39,17,17,0,1.08,1.00,1.10,27.97,17,17,0,0.22,0.20,0.30,27.64,17,17,0
1568756,0.36,0.30,0.40,28.36,17,17,0,1008.01,1002.00,1015.20,23.86,17,0,0,0.35,0.30,0.40,27.96,17,17,0,0.50,0.50,0.50,27.53,17,17,0,0.09,0.00,0.10,28.39,17,17,0,1.09,1.00,1.10,27.96,17,17,0,0.23,0.20,0.30,27.63,17,17,0
1569256,0.33,0.30,0.40,28.36,17,17,0,1000.16,995.90,1003.70,23.87,17,0,0,0.36,0.30,0.40,27.95,17,17,0,0.50,0.50,0.50,27.54,17,17,0,0.09,0.00,0.10,28.39,17,17,0,1.08,1.00,1.10,27.95,17,17,0,0.22,0.20,0.30,27.63,17,17,0
1569761,0.35,0.30,0.40,28.38,17,17,0,1005.39,997.40,1012.90,23.86,17,0,0,0.36,0.30,0.40,27.94,17,17,0,0.50,0.50,0.50,27.55,17,17,0,0.09,0.00,0.10,28.39,17,17,0,1.08,1.00,1.10,27.97,17,17,0,0.22,0.20,0.30,27.64,17,17,0
1570261,0.34,0.30,0.40,28.36,17,17,0,1016.09,1010.80,1018.60,23.87,17,0,0,0.36,0.30,0.40,27.95,17,17,0,0.50,0.50,0.50,27.54,17,17,0,0.08,0.00,0.10,28.39,17,17,0,1.07,1.00,1.10,27.98,17,17,0,0.24,0.20,0.30,27.64,17,17,0
1570761,0.35,0.30,0.40,28.38,17,17,0,1004.33,998.80,1011.20,23.87,17,0,0,0.35,0.30,0.40,27.95,17,17,0,0.49,0.40,0.50,27.53,17,17,0,0.09,0.00,0.10,28.37,17,17,0,1.05,1.00,1.10,27.97,17,17,0,0.22,0.20,0.30,27.64,17,17,0
1571261,0.34,0.30,0.40,28.38,17,17,0,995.65,990.90,999.70,23.85,17,0,0,0.38,0.30,0.40,27.95,17,17,0,0.50,0.50,0.50,27.53,17,17,0,0.09,0.00,0.10,28.40,17,17,0,1.06,1.00,1.10,27.97,17,17,0,0.24,0.20,0.30,27.64,17,17,0
1571761,0.34,0.30,0.40,28.36,17,17,0,1007.69,1000.60,1013.30,23.87,17,0,0,0.35,0.30,0.40,27.94,17,17,0,0.50,0.50,0.50,27.55,17,17,0,0.09,0.00,0.20,28.38,17,17,0,1.07,1.00,1.10,27.97,17,17,0,0.20,0.20,0.20,27.64,17,17,0
1572261,0.36,0.30,0.40,28.37,17,17,0,1002.95,995.60,1010.70,23.86,17,0,0,0.32,0.30,0.40,27.95,17,17,0,0.51,0.50,0.60,27.54,17,17,0,0.09,0.00,0.10,28.39,17,17,0,1.06,1.00,1.10,27.98,17,17,0,0.24,0.20,0.30,27.65,17,17,0
1572761,0.35,0.30,0.40,28.38,17,17,0,992.17,988.70,996.80,23.86,17,0,0,0.33,0.30,0.40,27.93,17,17,0,0.49,0.40,0.50,27.55,17,17,0,0.10,0.10,0.10,28.39,17,17,0,1.09,1.00,1.10,27.97,17,17,0,0.22,0.20,0.30,27.65,17,17,0
1573261,0.36,0.30,0.40,28.36,17,17,0,994.51,989.50,1001.00,23.87,17,0,0,0.36,0.30,0.40,27.95,17,17,0,0.49,0.40,0.50,27.52,17,17,0,0.09,0.00,0.10,28.39,17,17,0,1.06,1.00,1.10,27.98,17,17,0,0.22,0.20,0.30,27.62,17,17,0
1573761,0.34,0.30,0.40,28.37,17,17,0,1003.14,1000.30,1006.40,23.84,17,0,0,0.35,0.30,0.40,27.97,17,17,0,0.51,0.50,0.60,27.54,17,17,0,0.10,0.10,0.10,28.38,17,17,0,1.08,1.00,1.10,27.98,17,17,0,0.22,0.20,0.30,27.65,17,17,0
1574261,0.33,0.30,0.40,28.38,17,17,0,992.86,989.40,998.90,23.86,17,0,0,0.33,0.30,0.40,27.94,17,17,0,0.50,0.50,0.50,27.53,17,17,0,0.10,0.10,0.10,28.39,17,17,0,1.08,1.00,1.10,27.98,17,17,0,0.23,0.20,0.30,27.66,17,17,0
1574761,0.33,0.30,0.40,28.37,17,17,0,987.89,985.20,990.40,23.85,17,0,0,0.35,0.30,0.40,27.94,17,17,0,0.49,0.40,0.50,27.54,17,17,0,0.08,0.00,0.10,28.39,17,17,0,1.08,1.00,1.10,27.97,17,17,0,0.21,0.20,0.30,27.63,17,17,0
1575261,0.35,0.30,0.40,28.36,17,17,0,997.42,991.00,1002.50,23.86,17,0,0,0.35,0.30,0.40,27.96,17,17,0,0.51,0.50,0.60,27.53,17,17,0,0.10,0.10,0.10,28.38,17,17,0,1.08,1.00,1.10,27.97,17,17,0,0.22,0.20,0.30,27.64,17,17,0
1575761,0.35,0.30,0.40,28.36,17,17,0,998.39,993.10,1002.90,23.85,17,0,0,0.36,0.30,0.40,27.96,17,17,0,0.50,0.50,0.50,27.54,17,17,0,0.09,0.00,0.10,28.40,17,17,0,1.08,1.00,1.10,27.98,17,17,0,0.21,0.20,0.30,27.63,17,17,0
1576261,0.34,0.30,0.40,28.35,16,16,0,991.06,987.70,995.30,23.88,16,0,0,0.36,0.30,0.40,27.96,16,16,0,0.50,0.50,0.50,27.56,16,16,0,0.10,0.10,0.10,28.39,16,16,0,1.06,1.00,1.10,27.99,16,16,0,0.23,0.20,0.30,27.62,16,16,0
1576761,0.36,0.30,0.40,28.36,17,17,0,993.53,987.90,1001.00,23.88,17,0,0,0.34,0.30,0.40,27.95,17,17,0,0.50,0.50,0.50,27.55,17,17,0,0.09,0.00,0.20,28.38,17,17,0,1.07,1.00,1.10,27.97,17,17,0,0.24,0.20,0.30,27.64,17,17,0
1577262,0.34,0.30,0.40,28.36,17,17,0,1003.11,999.50,1005.70,23.88,17,0,0,0.34,0.30,0.40,27.96,17,17,0,0.51,0.50,0.60,27.54,17,17,0,0.09,0.00,0.10,28.37,17,17,0,1.05,1.00,1.10,27.98,17,17,0,0.24,0.20,0.30,27.62,17,17,0
1577762,0.35,0.30,0.40,28.38,17,17,0,998.52,994.00,1002.60,23.86,17,0,0,0.34,0.30,0.40,27.95,17,17,0,0.49,0.40,0.50,27.56,17,17,0,0.09,0.00,0.10,28.38,17,17,0,1.06,1.00,1.10,27.97,17,17,0,0.22,0.20,0.30,27.64,17,17,0
1578262,0.35,0.30,0.40,28.36,17,17,0,995.39,992.10,997.60,23.87,17,0,0,0.35,0.30,0.40,27.95,17,17,0,0.49,0.40,0.50,27.56,17,17,0,0.09,0.00,0.20,28.40,17,17,0,1.06,1.00,1.10,27.98,17,17,0,0.23,0.20,0.30,27.64,17,17,0
1578762,0.35,0.30,0.40,28.38,17,17,0,1002.54,995.60,1009.00,23.86,17,0,0,0.36,0.30,0.40,27.94,17,17,0,0.50,0.50,0.50,27.54,17,17,0,0.10,0.10,0.10,28.39,17,17,0,1.06,1.00,1.10,27.97,17,17,0,0.23,0.20,0.30,27.63,17,17,0
1579270,0.35,0.30,0.40,28.36,17,17,0,1008.20,1005.30,1010.70,23.86,17,0,0,0.36,0.30,0.40,27.94,17,17,0,0.50,0.50,0.50,27.55,17,17,0,0.09,0.00,0.10,28.40,17,17,0,1.08,1.00,1.10,27.97,17,17,0,0.24,0.20,0.30,27.64,17,17,0
1579770,0.37,0.30,0.40,28.38,18,18,0,1008.08,1006.00,1010.50,23.88,18,0,0,0.36,0.30,0.40,27.95,18,18,0,0.50,0.50,0.50,27.54,18,18,0,0.09,0.00,0.10,28.39,18,18,0,1.07,1.00,1.10,27.98,18,18,0,0.24,0.20,0.30,27.64,18,18,0
1580282,0.35,0.30,0.40,28.36,17,17,0,1011.63,1005.50,1018.40,23.86,17,0,0,0.34,0.30,0.40,27.95,17,17,0,0.50,0.50,0.50,27.53,17,17,0,0.09,0.00,0.10,28.39,17,17,0,1.06,1.00,1.10,27.96,17,17,0,0.23,0.20,0.30,27.64,17,17,0
1580783,0.35,0.30,0.40,28.36,17,17,0,1022.15,1019.10,1025.50,23.86,17,0,0,0.34,0.30,0.40,27.97,17,17,0,0.50,0.50,0.50,27.54,17,17,0,0.10,0.10,0.10,28.39,17,17,0,1.08,1.00,1.10,27.99,17,17,0,0.24,0.20,0.30,27.63,17,17,0
1581283,0.34,0.30,0.40,28.37,17,17,0,1021.69,1018.80,1025.50,23.86,17,0,0,0.35,0.30,0.40,27.95,17,17,0,0.50,0.50,0.50,27.54,17,17,0,0.09,0.00,0.10,28.37,17,17,0,1.06,1.00,1.10,27.98,17,17,0,0.23,0.20,0.30,27.64,17,17,0
1581787,0.36,0.30,0.40,28.37,17,17,0,1021.88,1018.60,1023.50,23.85,17,0,0,0.35,0.30,0.40,27.95,17,17,0,0.50,0.50,0.50,27.57,17,17,0,0.11,0.10,0.20,28.39,17,17,0,1.08,1.00,1.10,27.98,17,17,0,0.22,0.20,0.30,27.66,17,17,0
1582287,0.34,0.30,0.40,28.37,17,17,0,1029.42,1021.20,1035.40,23.87,17,0,0,0.34,0.30,0.40,27.95,17,17,0,0.50,0.50,0.50,27.55,17,17,0,0.09,0.00,0.10,28.39,17,17,0,1.05,1.00,1.10,27.99,17,17,0,0.23,0.20,0.30,27.63,17,17,0
1582792,0.34,0.30,0.40,28.36,17,17,0,1034.53,1030.10,1038.20,23.87,17,0,0,0.34,0.30,0.40,27.95,17,17,0,0.50,0.50,0.50,27.56,17,17,0,0.08,0.00,0.10,28.38,17,17,0,1.06,1.00,1.10,27.98,17,17,0,0.21,0.20,0.30,27.64,17,17,0
1583292,0.36,0.30,0.40,28.36,18,18,0,1033.37,1031.20,1036.40,23.87,18,0,0,0.34,0.30,0.40,27.95,18,18,0,0.51,0.50,0.60,27.54,18,18,0,0.09,0.00,0.10,28.38,18,18,0,1.08,1.00,1.20,27.98,18,18,0,0.22,0.20,0.30,27.64,18,18,0
1583792,0.36,0.30,0.40,28.37,16,16,0,1034.03,1028.90,1040.20,23.86,16,0,0,0.36,0.30,0.40,27.95,16,16,0,0.50,0.50,0.50,27.54,16,16,0,0.09,0.00,0.10,28.41,16,16,0,1.07,1.00,1.10,27.97,16,16,0,0.24,0.20,0.30,27.63,16,16,0
1584292,0.35,0.30,0.40,28.35,17,17,0,1044.94,1040.60,1048.00,23.86,17,0,0,0.35,0.30,0.40,27.95,17,17,0,0.50,0.50,0.50,27.57,17,17,0,0.09,0.00,0.10,28.40,17,17,0,1.08,1.00,1.10,27.99,17,17,0,0.22,0.20,0.30,27.63,17,17,0
1584792,0.36,0.30,0.40,28.35,17,17,0,1042.05,1038.20,1046.40,23.85,17,0,0,0.35,0.30,0.40,27.95,17,17,0,0.50,0.50,0.50,27.55,17,17,0,0.09,0.00,0.10,28.38,17,17,0,1.08,1.00,1.10,27.99,17,17,0,0.22,0.20,0.30,27.65,17,17,0
1585296,0.38,0.30,0.40,28.36,17,17,0,1037.34,1034.40,1040.40,23.85,17,0,0,0.34,0.30,0.40,27.96,17,17,0,0.49,0.40,0.50,27.55,17,17,0,0.08,0.00,0.10,28.40,17,17,0,1.09,1.00,1.10,27.98,17,17,0,0.24,0.20,0.30,27.63,17,17,0
1585796,0.36,0.30,0.40,28.36,18,18,0,1039.76,1034.10,1045.50,23.86,18,0,0,0.33,0.30,0.40,27.95,18,18,0,0.50,0.50,0.50,27.55,18,18,0,0.08,0.00,0.10,28.39,18,18,0,1.07,1.00,1.10,27.98,18,18,0,0.21,0.20,0.30,27.63,18,18,0
1586305,0.36,0.30,0.40,28.38,17,17,0,1041.01,1036.80,1047.10,23.86,17,0,0,0.34,0.30,0.40,27.95,17,17,0,0.49,0.40,0.50,27.57,17,17,0,0.08,0.00,0.10,28.38,17,17,0,1.08,1.00,1.10,27.97,17,17,0,0.22,0.20,0.30,27.64,17,17,0
1586805,0.34,0.30,0.40,28.36,18,18,0,1032.29,1029.40,1037.00,23.85,18,0,0,0.38,0.30,0.40,27.94,18,18,0,0.49,0.40,0.50,27.55,18,18,0,0.09,0.00,0.10,28.39,18,18,0,1.07,1.00,1.10,27.99,18,18,0,0.19,0.10,0.20,27.62,18,18,0
1587305,0.36,0.30,0.40,28.37,16,16,0,1028.39,1025.00,1034.30,23.85,16,0,0,0.36,0.30,0.40,27.96,16,16,0,0.50,0.50,0.50,27.56,16,16,0,0.07,0.00,0.10,28.38,16,16,0,1.06,1.00,1.10,27.98,16,16,0,0.22,0.20,0.30,27.65,16,16,0
1587805,0.32,0.30,0.40,28.37,17,17,0,1034.34,1030.80,1039.00,23.85,17,0,0,0.35,0.30,0.40,27.96,17,17,0,0.50,0.50,0.50,27.56,17,17,0,0.09,0.00,0.10,28.40,17,17,0,1.08,1.00,1.10,27.99,17,17,0,0.24,0.20,0.30,27.66,17,17,0
1588306,0.38,0.30,0.40,28.37,17,17,0,1026.45,1022.40,1033.10,23.86,17,0,0,0.37,0.30,0.40,27.95,17,17,0,0.50,0.50,0.50,27.57,17,17,0,0.09,0.00,0.10,28.38,17,17,0,1.07,1.00,1.10,27.98,17,17,0,0.21,0.20,0.30,27.64,17,17,0
1588811,0.36,0.30,0.40,28.37,17,17,0,1019.78,1016.40,1023.10,23.86,17,0,0,0.36,0.30,0.40,27.95,17,17,0,0.52,0.50,0.60,27.56,17,17,0,0.09,0.00,0.10,28.40,17,17,0,1.06,1.00,1.10,27.97,17,17,0,0.22,0.20,0.30,27.64,17,17,0
1589311,0.36,0.30,0.40,28.36,18,18,0,1021.69,1015.70,1027.10,23.85,18,0,0,0.33,0.30,0.40,27.97,18,18,0,0.50,0.50,0.50,27.55,18,18,0,0.10,0.00,0.20,28.39,18,18,0,1.06,1.00,1.10,27.98,18,18,0,0.21,0.20,0.30,27.65,18,18,0
1589811,0.34,0.30,0.40,28.37,16,16,0,1020.20,1016.30,1026.40,23.85,16,0,0,0.33,0.30,0.40,27.96,16,16,0,0.50,0.40,0.60,27.54,16,16,0,0.09,0.00,0.10,28.39,16,16,0,1.07,1.00,1.10,27.99,16,16,0,0.21,0.20,0.30,27.64,16,16,0
1590311,0.35,0.30,0.40,28.36,17,17,0,1007.79,1003.10,1012.00,23.87,17,0,0,0.35,0.30,0.40,27.95,17,17,0,0.50,0.50,0.50,27.53,17,17,0,0.08,0.00,0.10,28.39,17,17,0,1.08,1.00,1.10,27.98,17,17,0,0.22,0.20,0.30,27.66,17,17,0
1590811,0.34,0.30,0.40,28.37,17,17,0,1004.76,1001.50,1008.70,23.87,17,0,0,0.34,0.30,0.40,27.95,17,17,0,0.50,0.50,0.50,27.54,17,17,0,0.09,0.00,0.10,28.39,17,17,0,1.07,1.00,1.10,27.98,17,17,0,0.22,0.20,0.30,27.64,17,17,0
1591311,0.34,0.30,0.40,28.36,17,17,0,1013.15,1009.90,1016.30,23.85,17,0,0,0.35,0.30,0.40,27.95,17,17,0,0.49,0.40,0.50,27.56,17,17,0,0.10,0.10,0.10,28.39,17,17,0,1.08,1.00,1.10,27.99,17,17,0,0.24,0.20,0.30,27.64,17,17,0
1591811,0.32,0.30,0.40,28.35,17,17,0,1005.04,999.80,1011.00,23.86,17,0,0,0.35,0.30,0.40,27.97,17,17,0,0.50,0.50,0.50,27.55,17,17,0,0.09,0.00,0.10,28.40,17,17,0,1.08,1.00,1.10,27.97,17,17,0,0.21,0.20,0.30,27.64,17,17,0
1592311,0.35,0.30,0.40,28.35,17,17,0,997.76,995.30,1000.20,23.85,17,0,0,0.34,0.30,0.40,27.96,17,17,0,0.50,0.50,0.50,27.55,17,17,0,0.08,0.00,0.10,28.37,17,17,0,1.08,1.00,1.10,27.99,17,17,0,0.22,0.20,0.30,27.66,17,17,0
1592811,0.35,0.30,0.40,28.36,17,17,0,1001.49,994.80,1006.50,23.87,17,0,0,0.35,0.30,0.40,27.98,17,17,0,0.50,0.50,0.50,27.56,17,17,0,0.10,0.10,0.10,28.41,17,17,0,1.06,1.00,1.10,28.00,17,17,0,0.22,0.20,0.30,27.66,17,17,0
1593311,0.33,0.30,0.40,28.37,17,17,0,1001.06,997.20,1004.00,23.88,17,0,0,0.36,0.30,0.40,27.97,17,17,0,0.50,0.50,0.50,27.56,17,17,0,0.09,0.00,0.20,28.37,17,17,0,1.07,1.00,1.10,27.98,17,17,0,0.22,0.20,0.30,27.66,17,17,0
1593811,0.36,0.30,0.40,28.37,17,17,0,995.10,991.40,998.70,23.87,17,0,0,0.36,0.30,0.40,27.96,17,17,0,0.50,0.50,0.50,27.55,17,17,0,0.10,0.10,0.10,28.38,17,17,0,1.08,1.00,1.10,27.98,17,17,0,0.22,0.20,0.30,27.66,17,17,0
1594320,0.31,0.30,0.40,28.36,17,17,0,993.11,989.00,998.90,23.86,17,0,0,0.37,0.30,0.40,27.95,17,17,0,0.50,0.50,0.50,27.56,17,17,0,0.11,0.10,0.20,28.38,17,17,0,1.08,1.00,1.10,27.98,17,17,0,0.22,0.20,0.30,27.65,17,17,0
1594820,0.33,0.30,0.40,28.37,17,17,0,998.09,994.30,1000.80,23.86,17,0,0,0.33,0.30,0.40,27.95,17,17,0,0.50,0.50,0.50,27.56,17,17,0,0.09,0.00,0.20,28.39,17,17,0,1.08,1.00,1.10,27.99,17,17,0,0.22,0.20,0.30,27.65,17,17,0
1595320,0.32,0.30,0.40,28.35,17,17,0,993.08,988.50,998.50,23.87,17,0,0,0.34,0.30,0.40,27.95,17,17,0,0.49,0.40,0.50,27.56,17,17,0,0.10,0.10,0.10,28.39,17,17,0,1.06,1.00,1.10,27.97,17,17,0,0.22,0.20,0.30,27.65,17,17,0
1595820,0.36,0.30,0.40,28.35,17,17,0,987.48,984.50,990.30,23.86,17,0,0,0.36,0.30,0.40,27.96,17,17,0,0.50,0.50,0.50,27.56,17,17,0,0.09,0.00,0.10,28.39,17,17,0,1.06,1.00,1.10,27.98,17,17,0,0.22,0.20,0.30,27.66,17,17,0
1596320,0.35,0.30,0.40,28.36,17,17,0,993.53,987.20,998.20,23.87,17,0,0,0.34,0.30,0.40,27.96,17,17,0,0.50,0.50,0.50,27.55,17,17,0,0.10,0.10,0.10,28.40,17,17,0,1.06,1.00,1.10,27.99,17,17,0,0.22,0.20,0.30,27.64,17,17,0
1596820,0.35,0.30,0.40,28.36,17,17,0,995.68,991.30,999.50,23.87,17,0,0,0.35,0.30,0.40,27.96,17,17,0,0.50,0.50,0.50,27.56,17,17,0,0.08,0.00,0.10,28.39,17,17,0,1.07,1.00,1.10,27.98,17,17,0,0.23,0.20,0.30,27.64,17,17,0
1597333,0.34,0.30,0.40,28.36,18,18,0,987.62,983.30,990.90,23.87,18,0,0,0.34,0.30,0.40,27.98,18,18,0,0.49,0.40,0.50,27.55,18,18,0,0.08,0.00,0.10,28.40,18,18,0,1.07,1.00,1.10,27.99,18,18,0,0.23,0.20,0.30,27.65,18,18,0
1597833,0.35,0.30,0.40,28.35,17,17,0,987.81,983.20,993.30,23.87,17,0,0,0.36,0.30,0.40,27.97,17,17,0,0.50,0.50,0.50,27.56,17,17,0,0.09,0.00,0.10,28.37,17,17,0,1.08,1.00,1.10,28.00,17,17,0,0.20,0.20,0.20,27.66,17,17,0
1598334,0.34,0.30,0.40,28.37,17,17,0,999.75,995.10,1001.90,23.87,17,0,0,0.35,0.30,0.40,27.96,17,17,0,0.50,0.50,0.50,27.56,17,17,0,0.09,0.00,0.10,28.40,17,17,0,1.07,1.00,1.10,28.00,17,17,0,0.22,0.20,0.30,27.64,17,17,0
1598834,0.35,0.30,0.40,28.34,17,17,0,994.47,989.90,999.40,23.86,17,0,0,0.35,0.30,0.40,27.96,17,17,0,0.50,0.50,0.50,27.56,17,17,0,0.10,0.10,0.10,28.39,17,17,0,1.08,1.00,1.10,27.98,17,17,0,0.23,0.20,0.30,27.65,17,17,0
1599334,0.35,0.30,0.40,28.36,17,17,0,990.06,986.50,994.50,23.86,17,0,0,0.36,0.30,0.40,27.96,17,17,0,0.49,0.40,0.50,27.56,17,17,0,0.09,0.00,0.10,28.40,17,17,0,1.08,1.00,1.10,28.00,17,17,0,0.25,0.20,0.30,27.66,17,17,0
1599834,0.35,0.30,0.40,28.37,17,17,0,999.19,989.80,1007.70,23.87,17,0,0,0.35,0.30,0.40,27.96,17,17,0,0.51,0.50,0.60,27.56,17,17,0,0.09,0.00,0.10,28.39,17,17,0,1.05,1.00,1.10,27.99,17,17,0,0.23,0.20,0.30,27.64,17,17,0
1600338,0.34,0.30,0.40,28.36,17,17,0,1006.84,1001.20,1011.50,23.87,17,0,0,0.36,0.30,0.40,27.97,17,17,0,0.50,0.50,0.50,27.55,17,17,0,0.09,0.00,0.10,28.39,17,17,0,1.06,1.00,1.10,27.99,17,17,0,0.22,0.20,0.30,27.65,17,17,0
1600840,0.35,0.30,0.40,28.37,17,17,0,999.34,997.20,1002.60,23.88,17,0,0,0.36,0.30,0.40,27.97,17,17,0,0.51,0.50,0.60,27.55,17,17,0,0.09,0.00,0.10,28.39,17,17,0,1.06,1.00,1.10,28.00,17,17,0,0.22,0.20,0.30,27.65,17,17,0
1601340,0.32,0.30,0.40,28.36,17,17,0,997.94,994.30,1002.50,23.87,17,0,0,0.34,0.30,0.40,27.97,17,17,0,0.50,0.40,0.60,27.57,17,17,0,0.10,0.10,0.10,28.37,17,17,0,1.08,1.00,1.10,27.99,17,17,0,0.20,0.20,0.20,27.65,17,17,0
1601840,0.36,0.30,0.40,28.37,17,17,0,1011.29,1004.80,1015.50,23.87,17,0,0,0.35,0.30,0.40,27.97,17,17,0,0.49,0.40,0.50,27.56,17,17,0,0.09,0.00,0.10,28.39,17,17,0,1.06,1.00,1.10,27.98,17,17,0,0.21,0.20,0.30,27.63,17,17,0
1602340,0.34,0.30,0.40,28.37,17,17,0,1005.79,1001.70,1011.70,23.86,17,0,0,0.34,0.30,0.40,27.96,17,17,0,0.50,0.50,0.50,27.55,17,17,0,0.09,0.00,0.10,28.39,17,17,0,1.08,1.00,1.10,28.00,17,17,0,0.21,0.20,0.30,27.63,17,17,0
1602840,0.34,0.30,0.40,28.36,17,17,0,999.79,997.80,1002.70,23.87,17,0,0,0.35,0.30,0.40,27.96,17,17,0,0.50,0.50,0.50,27.56,17,17,0,0.09,0.00,0.10,28.40,17,17,0,1.08,1.00,1.10,27.99,17,17,0,0.22,0.20,0.30,27.63,17,17,0
1603353,0.33,0.30,0.40,28.37,18,18,0,1008.48,998.60,1019.40,23.86,18,0,0,0.34,0.30,0.40,27.96,18,18,0,0.50,0.50,0.50,27.56,18,18,0,0.09,0.00,0.10,28.39,18,18,0,1.07,1.00,1.10,27.99,18,18,0,0.22,0.20,0.30,27.63,18,18,0
1603853,0.35,0.30,0.40,28.36,17,17,0,1014.09,1008.10,1018.50,23.87,17,0,0,0.34,0.30,0.40,27.96,17,17,0,0.51,0.50,0.60,27.57,17,17,0,0.10,0.10,0.10,28.39,17,17,0,1.08,1.00,1.10,27.98,17,17,0,0.22,0.20,0.30,27.65,17,17,0
1604353,0.35,0.30,0.40,28.36,17,17,0,1003.24,1000.10,1008.20,23.87,17,0,0,0.36,0.30,0.40,27.94,17,17,0,0.49,0.40,0.50,27.56,17,17,0,0.09,0.00,0.10,28.40,17,17,0,1.06,1.00,1.10,27.99,17,17,0,0.20,0.20,0.20,27.64,17,17,0
1604858,0.36,0.30,0.40,28.37,17,17,0,999.36,996.30,1004.60,23.86,17,0,0,0.34,0.30,0.40,27.96,17,17,0,0.50,0.50,0.50,27.57,17,17,0,0.09,0.00,0.10,28.40,17,17,0,1.07,1.00,1.10,27.99,17,17,0,0.23,0.20,0.30,27.65,17,17,0
1605358,0.34,0.30,0.40,28.36,17,17,0,1012.60,1005.40,1019.90,23.88,17,0,0,0.32,0.30,0.40,27.96,17,17,0,0.49,0.40,0.50,27.56,17,17,0,0.10,0.10,0.10,28.38,17,17,0,1.07,1.00,1.10,27.98,17,17,0,0.24,0.20,0.30,27.64,17,17,0
1605858,0.34,0.30,0.40,28.35,17,17,0,1011.12,1005.50,1016.90,23.85,17,0,0,0.36,0.30,0.40,27.96,17,17,0,0.49,0.40,0.50,27.57,17,17,0,0.10,0.10,0.10,28.41,17,17,0,1.06,1.00,1.10,27.98,17,17,0,0.21,0.20,0.30,27.65,17,17,0
1606358,0.35,0.30,0.40,28.37,17,17,0,1000.05,995.00,1006.90,23.85,17,0,0,0.35,0.30,0.40,27.96,17,17,0,0.50,0.50,0.50,27.57,17,17,0,0.10,0.10,0.10,28.40,17,17,0,1.07,1.00,1.10,27.98,17,17,0,0.21,0.20,0.30,27.66,17,17,0
1606858,0.35,0.30,0.40,28.34,17,17,0,1003.55,996.60,1009.80,23.87,17,0,0,0.34,0.30,0.40,27.98,17,17,0,0.49,0.40,0.50,27.56,17,17,0,0.09,0.00,0.10,28.38,17,17,0,1.09,1.00,1.10,27.99,17,17,0,0.24,0.20,0.30,27.64,17,17,0
1607358,0.34,0.30,0.40,28.36,17,17,0,1011.31,1005.40,1015.50,23.86,17,0,0,0.31,0.30,0.40,27.97,17,17,0,0.50,0.50,0.50,27.56,17,17,0,0.10,0.10,0.10,28.37,17,17,0,1.06,1.00,1.10,27.98,17,17,0,0.25,0.20,0.30,27.64,17,17,0
1607858,0.36,0.30,0.40,28.35,17,17,0,1000.75,996.70,1006.10,23.86,17,0,0,0.34,0.30,0.40,27.96,17,17,0,0.49,0.40,0.50,27.57,17,17,0,0.10,0.10,0.10,28.40,17,17,0,1.09,1.00,1.10,27.98,17,17,0,0.24,0.20,0.30,27.62,17,17,0
1608358,0.37,0.30,0.40,28.36,17,17,0,994.32,990.90,1000.00,23.88,17,0,0,0.34,0.30,0.40,27.94,17,17,0,0.50,0.50,0.50,27.54,17,17,0,0.10,0.10,0.10,28.40,17,17,0,1.08,1.00,1.10,27.99,17,17,0,0.22,0.20,0.30,27.66,17,17,0
1608867,0.35,0.30,0.40,28.36,18,18,0,1004.61,999.50,1007.90,23.87,18,0,0,0.34,0.30,0.40,27.96,18,18,0,0.50,0.50,0.50,27.55,18,18,0,0.10,0.10,0.10,28.40,18,18,0,1.08,1.00,1.10,27.99,18,18,0,0.22,0.20,0.30,27.64,18,18,0
1609367,0.33,0.30,0.40,28.36,18,18,0,1001.82,997.00,1008.60,23.87,18,0,0,0.32,0.30,0.40,27.96,18,18,0,0.50,0.50,0.50,27.57,18,18,0,0.10,0.10,0.10,28.39,18,18,0,1.08,1.00,1.10,27.99,18,18,0,0.22,0.20,0.30,27.64,18,18,0
1609867,0.34,0.30,0.40,28.37,16,16,0,992.93,989.20,997.00,23.87,16,0,0,0.32,0.30,0.40,27.96,16,16,0,0.50,0.50,0.50,27.57,16,16,0,0.09,0.00,0.10,28.41,16,16,0,1.08,1.00,1.10,27.99,16,16,0,0.25,0.20,0.30,27.65,16,16,0
1610380,0.34,0.30,0.40,28.37,18,18,0,995.68,988.10,1000.90,23.89,18,0,0,0.32,0.30,0.40,27.97,18,18,0,0.49,0.40,0.50,27.56,18,18,0,0.09,0.00,0.10,28.39,18,18,0,1.07,1.00,1.10,27.99,18,18,0,0.22,0.20,0.30,27.64,18,18,0
1610880,0.34,0.30,0.40,28.35,17,17,0,1002.24,994.90,1005.50,23.89,17,0,0,0.35,0.30,0.40,27.96,17,17,0,0.49,0.40,0.50,27.57,17,17,0,0.09,0.00,0.10,28.39,17,17,0,1.06,1.00,1.10,27.99,17,17,0,0.23,0.20,0.30,27.64,17,17,0
1611380,0.33,0.30,0.40,28.35,17,17,0,993.01,989.80,997.60,23.86,17,0,0,0.34,0.30,0.40,27.96,17,17,0,0.50,0.50,0.50,27.57,17,17,0,0.09,0.00,0.10,28.39,17,17,0,1.08,1.00,1.10,28.01,17,17,0,0.22,0.20,0.30,27.66,17,17,0
1611880,0.34,0.30,0.40,28.36,17,17,0,988.01,985.40,992.80,23.87,17,0,0,0.34,0.30,0.40,27.96,17,17,0,0.50,0.50,0.50,27.56,17,17,0,0.10,0.10,0.10,28.41,17,17,0,1.08,1.00,1.10,27.98,17,17,0,0.22,0.20,0.30,27.63,17,17,0
1612393,0.34,0.30,0.40,28.36,18,18,0,997.96,991.60,1002.30,23.88,18,0,0,0.35,0.30,0.40,27.96,18,18,0,0.51,0.40,0.60,27.58,18,18,0,0.09,0.00,0.20,28.39,18,18,0,1.09,1.00,1.10,28.00,18,18,0,0.22,0.20,0.30,27.65,18,18,0
1612893,0.35,0.30,0.40,28.36,17,17,0,1000.35,997.00,1003.80,23.88,17,0,0,0.32,0.30,0.40,27.97,17,17,0,0.50,0.50,0.50,27.57,17,17,0,0.10,0.10,0.10,28.41,17,17,0,1.06,1.00,1.10,28.00,17,17,0,0.24,0.20,0.30,27.64,17,17,0
1613393,0.35,0.30,0.40,28.37,17,17,0,997.65,993.70,1000.10,23.87,17,0,0,0.32,0.30,0.40,27.96,17,17,0,0.50,0.50,0.50,27.56,17,17,0,0.09,0.00,0.10,28.39,17,17,0,1.09,1.00,1.10,27.98,17,17,0,0.21,0.20,0.30,27.64,17,17,0
1613899,0.34,0.30,0.40,28.34,17,17,0,1002.55,995.90,1008.40,23.90,17,0,0,0.35,0.30,0.40,27.97,17,17,0,0.50,0.50,0.50,27.57,17,17,0,0.10,0.10,0.10,28.40,17,17,0,1.07,1.00,1.10,28.01,17,17,0,0.22,0.20,0.30,27.64,17,17,0
1614399,0.35,0.30,0.40,28.36,17,17,0,1009.02,1006.40,1013.10,23.87,17,0,0,0.35,0.30,0.40,27.95,17,17,0,0.50,0.50,0.50,27.56,17,17,0,0.10,0.10,0.10,28.39,17,17,0,1.07,1.00,1.10,28.00,17,17,0,0.22,0.20,0.30,27.65,17,17,0
1614899,0.35,0.30,0.40,28.36,17,17,0,1007.58,1004.90,1009.40,23.88,17,0,0,0.32,0.30,0.40,27.96,17,17,0,0.49,0.40,0.50,27.56,17,17,0,0.09,0.00,0.10,28.40,17,17,0,1.08,1.00,1.10,28.01,17,17,0,0.23,0.20,0.30,27.66,17,17,0
1615399,0.31,0.30,0.40,28.36,17,17,0,1008.94,1004.70,1012.70,23.87,17,0,0,0.34,0.30,0.40,27.97,17,17,0,0.50,0.50,0.50,27.58,17,17,0,0.09,0.00,0.10,28.40,17,17,0,1.09,1.00,1.10,28.00,17,17,0,0.22,0.20,0.30,27.66,17,17,0
1615899,0.35,0.30,0.40,28.37,18,18,0,1016.14,1010.20,1021.30,23.86,18,0,0,0.32,0.30,0.40,27.96,18,18,0,0.49,0.40,0.50,27.57,18,18,0,0.10,0.10,0.10,28.39,18,18,0,1.09,1.00,1.10,28.00,18,18,0,0.24,0.20,0.30,27.65,18,18,0
1616408,0.34,0.30,0.40,28.37,17,17,0,1018.54,1013.50,1022.10,23.89,17,0,0,0.32,0.30,0.40,27.96,17,17,0,0.50,0.50,0.50,27.57,17,17,0,0.09,0.00,0.10,28.37,17,17,0,1.08,1.00,1.10,27.99,17,17,0,0.22,0.20,0.30,27.65,17,17,0
1616908,0.33,0.30,0.40,28.35,17,17,0,1017.88,1015.20,1020.60,23.87,17,0,0,0.32,0.30,0.40,27.96,17,17,0,0.50,0.50,0.50,27.56,17,17,0,0.08,0.00,0.10,28.40,17,17,0,1.06,1.00,1.10,28.01,17,17,0,0.23,0.20,0.30,27.63,17,17,0
1617408,0.34,0.30,0.40,28.35,18,18,0,1026.22,1018.70,1033.30,23.86,18,0,0,0.34,0.30,0.40,27.95,18,18,0,0.49,0.40,0.50,27.57,18,18,0,0.08,0.00,0.10,28.40,18,18,0,1.09,1.00,1.10,28.00,18,18,0,0.22,0.20,0.30,27.67,18,18,0
1617920,0.35,0.30,0.40,28.35,17,17,0,1035.60,1029.20,1040.40,23.88,17,0,0,0.34,0.30,0.40,27.97,17,17,0,0.50,0.50,0.50,27.55,17,17,0,0.09,0.00,0.10,28.40,17,17,0,1.09,1.00,1.10,27.98,17,17,0,0.24,0.20,0.30,27.64,17,17,0
1618420,0.31,0.30,0.40,28.36,17,17,0,1032.84,1027.20,1039.70,23.88,17,0,0,0.35,0.30,0.40,27.97,17,17,0,0.50,0.40,0.60,27.57,17,17,0,0.08,0.00,0.10,28.39,17,17,0,1.08,1.00,1.10,28.01,17,17,0,0.22,0.20,0.30,27.65,17,17,0
1618920,0.32,0.30,0.40,28.36,17,17,0,1031.31,1023.10,1039.40,23.87,17,0,0,0.38,0.30,0.40,27.96,17,17,0,0.49,0.40,0.50,27.57,17,17,0,0.09,0.00,0.10,28.41,17,17,0,1.06,1.00,1.10,28.00,17,17,0,0.21,0.20,0.30,27.66,17,17,0
1619420,0.34,0.30,0.40,28.36,17,17,0,1038.42,1030.40,1044.80,23.88,17,0,0,0.35,0.30,0.40,27.97,17,17,0,0.50,0.40,0.60,27.58,17,17,0,0.09,0.00,0.10,28.40,17,17,0,1.06,1.00,1.10,27.99,17,17,0,0.21,0.20,0.30,27.66,17,17,0
1619920,0.35,0.30,0.40,28.37,18,18,0,1038.38,1033.10,1044.20,23.87,18,0,0,0.32,0.30,0.40,27.97,18,18,0,0.49,0.40,0.50,27.59,18,18,0,0.09,0.00,0.10,28.39,18,18,0,1.07,1.00,1.10,27.98,18,18,0,0.21,0.20,0.30,27.66,18,18,0
1620430,0.32,0.30,0.40,28.37,17,17,0,1032.52,1027.20,1037.90,23.87,17,0,0,0.36,0.30,0.40,27.97,17,17,0,0.50,0.50,0.50,27.58,17,17,0,0.11,0.10,0.20,28.39,17,17,0,1.06,1.00,1.10,28.00,17,17,0,0.23,0.20,0.30,27.66,17,17,0
1620930,0.35,0.30,0.40,28.37,17,17,0,1031.99,1026.70,1039.10,23.87,17,0,0,0.35,0.30,0.40,27.96,17,17,0,0.50,0.50,0.50,27.58,17,17,0,0.09,0.00,0.10,28.41,17,17,0,1.08,1.00,1.10,27.98,17,17,0,0.22,0.20,0.30,27.65,17,17,0
1621430,0.33,0.30,0.40,28.36,17,17,0,1036.90,1032.30,1041.90,23.87,17,0,0,0.36,0.30,0.40,27.97,17,17,0,0.49,0.40,0.50,27.56,17,17,0,0.09,0.00,0.10,28.40,17,17,0,1.08,1.00,1.10,27.99,17,17,0,0.22,0.20,0.30,27.64,17,17,0
1621931,0.33,0.30,0.40,28.37,17,17,0,1028.30,1014.80,1042.00,23.87,17,0,0,0.35,0.30,0.40,27.98,17,17,0,0.50,0.50,0.50,27.58,17,17,0,0.09,0.00,0.10,28.40,17,17,0,1.06,1.00,1.10,27.98,17,17,0,0.22,0.20,0.30,27.66,17,17,0
1622431,0.34,0.30,0.40,28.36,17,17,0,1024.88,1017.20,1032.20,23.89,17,0,0,0.36,0.30,0.40,27.95,17,17,0,0.50,0.50,0.50,27.57,17,17,0,0.10,0.00,0.20,28.40,17,17,0,1.07,1.00,1.10,27.99,17,17,0,0.22,0.20,0.30,27.65,17,17,0
1622931,0.35,0.30,0.40,28.38,17,17,0,1033.54,1020.00,1045.80,23.86,17,0,0,0.35,0.30,0.40,27.95,17,17,0,0.51,0.50,0.60,27.58,17,17,0,0.09,0.00,0.10,28.39,17,17,0,1.06,1.00,1.10,28.00,17,17,0,0.24,0.20,0.30,27.65,17,17,0
1623433,0.35,0.30,0.40,28.37,17,17,0,1026.39,1017.70,1036.30,23.87,17,0,0,0.36,0.30,0.40,27.96,17,17,0,0.50,0.50,0.50,27.58,17,17,0,0.09,0.00,0.20,28.39,17,17,0,1.06,1.00,1.10,28.00,17,17,0,0.22,0.20,0.30,27.65,17,17,0
1623943,0.35,0.30,0.40,28.36,17,17,0,1016.24,1010.10,1022.00,23.89,17,0,0,0.35,0.30,0.40,27.96,17,17,0,0.50,0.50,0.50,27.57,17,17,0,0.09,0.00,0.10,28.39,17,17,0,1.07,1.00,1.10,28.01,17,17,0,0.22,0.20,0.30,27.66,17,17,0
1624443,0.34,0.30,0.40,28.38,18,18,0,1016.06,1009.90,1022.30,23.88,18,0,0,0.36,0.30,0.40,27.97,18,18,0,0.48,0.40,0.50,27.56,18,18,0,0.09,0.00,0.10,28.40,18,18,0,1.08,1.00,1.10,28.01,18,18,0,0.22,0.20,0.30,27.66,18,18,0
1624945,0.37,0.30,0.40,28.36,17,17,0,1019.54,1014.10,1022.30,23.87,17,0,0,0.37,0.30,0.40,27.97,17,17,0,0.49,0.40,0.50,27.57,17,17,0,0.10,0.10,0.10,28.40,17,17,0,1.08,1.00,1.10,28.00,17,17,0,0.25,0.20,0.30,27.67,17,17,0
1625446,0.33,0.30,0.40,28.37,17,17,0,1009.82,1005.40,1013.90,23.88,17,0,0,0.35,0.30,0.40,27.98,17,17,0,0.49,0.40,0.50,27.57,17,17,0,0.09,0.00,0.10,28.41,17,17,0,1.06,1.00,1.10,27.98,17,17,0,0.22,0.20,0.30,27.65,17,17,0
1625946,0.34,0.30,0.40,28.38,17,17,0,1005.19,1002.40,1006.90,23.90,17,0,0,0.33,0.30,0.40,27.96,17,17,0,0.49,0.40,0.50,27.58,17,17,0,0.09,0.00,0.10,28.39,17,17,0,1.08,1.00,1.10,28.00,17,17,0,0.25,0.20,0.30,27.65,17,17,0
1626449,0.34,0.30,0.40,28.37,17,17,0,1011.43,1007.30,1014.50,23.89,17,0,0,0.34,0.30,0.40,27.97,17,17,0,0.51,0.50,0.60,27.57,17,17,0,0.09,0.00,0.10,28.38,17,17,0,1.07,1.00,1.10,27.99,17,17,0,0.22,0.20,0.30,27.63,17,17,0
1626962,0.36,0.30,0.40,28.36,18,18,0,1006.98,1000.80,1012.00,23.88,18,0,0,0.37,0.30,0.40,27.97,18,18,0,0.50,0.50,0.50,27.58,18,18,0,0.09,0.00,0.10,28.41,18,18,0,1.06,1.00,1.10,28.00,18,18,0,0.23,0.20,0.30,27.65,18,18,0
1627467,0.34,0.30,0.40,28.36,17,17,0,999.96,996.30,1002.40,23.88,17,0,0,0.36,0.30,0.40,27.98,17,17,0,0.50,0.50,0.50,27.59,17,17,0,0.09,0.00,0.10,28.40,17,17,0,1.07,1.00,1.10,28.00,17,17,0,0.26,0.20,0.30,27.66,17,17,0
1627973,0.36,0.30,0.40,28.37,17,17,0,1002.31,997.80,1007.10,23.88,17,0,0,0.36,0.30,0.40,27.96,17,17,0,0.50,0.50,0.50,27.57,17,17,0,0.09,0.00,0.10,28.40,17,17,0,1.07,1.00,1.10,27.98,17,17,0,0.25,0.20,0.30,27.66,17,17,0
1628478,0.35,0.30,0.40,28.38,17,17,0,1007.99,1005.70,1012.10,23.88,17,0,0,0.34,0.30,0.40,27.99,17,17,0,0.50,0.50,0.50,27.56,17,17,0,0.10,0.00,0.20,28.38,17,17,0,1.05,1.00,1.10,28.00,17,17,0,0.21,0.20,0.30,27.67,17,17,0
1628980,0.35,0.30,0.40,28.37,17,17,0,1001.85,997.00,1005.90,23.88,17,0,0,0.35,0.30,0.40,27.97,17,17,0,0.50,0.50,0.50,27.56,17,17,0,0.10,0.10,0.10,28.40,17,17,0,1.06,1.00,1.10,27.99,17,17,0,0.22,0.20,0.30,27.66,17,17,0
1629484,0.32,0.30,0.40,28.39,17,17,0,996.44,992.60,1000.60,23.91,17,0,0,0.35,0.30,0.40,27.97,17,17,0,0.50,0.50,0.50,27.59,17,17,0,0.08,0.00,0.10,28.41,17,17,0,1.07,1.00,1.10,28.01,17,17,0,0.24,0.20,0.30,27.65,17,17,0
1629984,0.36,0.30,0.40,28.36,17,17,0,999.60,995.50,1001.90,23.90,17,0,0,0.32,0.30,0.40,27.96,17,17,0,0.49,0.40,0.50,27.58,17,17,0,0.07,0.00,0.10,28.40,17,17,0,1.09,1.00,1.10,28.00,17,17,0,0.22,0.20,0.30,27.66,17,17,0
1630484,0.34,0.30,0.40,28.38,17,17,0,995.70,991.00,1003.50,23.90,17,0,0,0.35,0.30,0.40,27.98,17,17,0,0.49,0.40,0.50,27.59,17,17,0,0.10,0.00,0.20,28.39,17,17,0,1.07,1.00,1.10,28.00,17,17,0,0.24,0.20,0.30,27.65,17,17,0
1630984,0.33,0.30,0.40,28.36,17,17,0,990.04,987.60,994.10,23.89,17,0,0,0.35,0.30,0.40,27.96,17,17,0,0.49,0.40,0.50,27.57,17,17,0,0.09,0.00,0.10,28.41,17,17,0,1.06,1.00,1.10,27.99,17,17,0,0.22,0.20,0.30,27.67,17,17,0
1631484,0.32,0.30,0.40,28.36,17,17,0,991.90,988.60,996.70,23.89,17,0,0,0.35,0.30,0.40,27.98,17,17,0,0.50,0.50,0.50,27.56,17,17,0,0.09,0.00,0.10,28.40,17,17,0,1.07,1.00,1.10,28.00,17,17,0,0.22,0.20,0.30,27.66,17,17,0
1631984,0.36,0.30,0.40,28.36,16,16,0,998.21,996.50,1000.20,23.89,16,0,0,0.34,0.30,0.40,27.98,16,16,0,0.49,0.40,0.50,27.58,16,16,0,0.10,0.10,0.10,28.39,16,16,0,1.09,1.00,1.10,28.02,16,16,0,0.21,0.20,0.30,27.65,16,16,0
1632484,0.35,0.30,0.40,28.38,17,17,0,992.51,989.00,995.60,23.90,17,0,0,0.34,0.30,0.40,27.97,17,17,0,0.50,0.50,0.50,27.56,17,17,0,0.10,0.10,0.10,28.40,17,17,0,1.08,1.00,1.10,28.00,17,17,0,0.22,0.20,0.30,27.67,17,17,0
1632984,0.35,0.30,0.40,28.38,17,17,0,991.74,988.00,995.40,23.89,17,0,0,0.34,0.30,0.40,27.98,17,17,0,0.50,0.50,0.50,27.57,17,17,0,0.06,0.00,0.10,28.39,17,17,0,1.06,1.00,1.10,28.01,17,17,0,0.22,0.20,0.30,27.66,17,17,0
1633492,0.32,0.30,0.40,28.38,18,18,0,1002.56,994.00,1009.20,23.91,18,0,0,0.34,0.30,0.40,27.97,18,18,0,0.49,0.40,0.50,27.58,18,18,0,0.09,0.00,0.10,28.41,18,18,0,1.07,1.00,1.10,28.01,18,18,0,0.26,0.20,0.30,27.68,18,18,0
1633994,0.34,0.30,0.40,28.39,17,17,0,1003.53,998.20,1009.00,23.90,17,0,0,0.36,0.30,0.40,27.97,17,17,0,0.49,0.40,0.50,27.58,17,17,0,0.09,0.00,0.10,28.40,17,17,0,1.08,1.00,1.10,28.01,17,17,0,0.22,0.20,0.30,27.67,17,17,0
1634499,0.34,0.30,0.40,28.37,17,17,0,997.55,994.70,999.90,23.88,17,0,0,0.35,0.30,0.40,27.97,17,17,0,0.49,0.40,0.50,27.59,17,17,0,0.09,0.00,0.10,28.41,17,17,0,1.07,1.00,1.10,28.00,17,17,0,0.24,0.20,0.30,27.66,17,17,0
1634999,0.35,0.30,0.40,28.37,17,17,0,1000.93,995.80,1009.90,23.91,17,0,0,0.36,0.30,0.40,27.96,17,17,0,0.50,0.50,0.50,27.58,17,17,0,0.09,0.00,0.10,28.41,17,17,0,1.06,1.00,1.10,27.99,17,17,0,0.24,0.20,0.30,27.65,17,17,0
1635499,0.36,0.30,0.40,28.38,17,17,0,1011.58,1008.60,1014.00,23.90,17,0,0,0.36,0.30,0.40,27.98,17,17,0,0.50,0.50,0.50,27.57,17,17,0,0.09,0.00,0.20,28.39,17,17,0,1.06,1.00,1.10,28.01,17,17,0,0.23,0.20,0.30,27.65,17,17,0
1635999,0.35,0.30,0.40,28.38,17,17,0,1004.38,1001.20,1009.10,23.88,17,0,0,0.33,0.30,0.40,27.98,17,17,0,0.49,0.40,0.50,27.58,17,17,0,0.09,0.00,0.10,28.41,17,17,0,1.07,1.00,1.10,28.01,17,17,0,0.23,0.20,0.30,27.65,17,17,0
1636504,0.35,0.30,0.40,28.38,17,17,0,1004.38,1001.60,1009.40,23.89,17,0,0,0.35,0.30,0.40,27.98,17,17,0,0.50,0.50,0.50,27.57,17,17,0,0.09,0.00,0.10,28.41,17,17,0,1.07,1.00,1.10,28.01,17,17,0,0.22,0.20,0.30,27.68,17,17,0
1637011,0.32,0.30,0.40,28.39,18,18,0,1018.41,1010.80,1026.60,23.91,18,0,0,0.36,0.30,0.40,27.96,18,18,0,0.49,0.40,0.50,27.58,18,18,0,0.09,0.00,0.10,28.41,18,18,0,1.07,1.00,1.10,28.00,18,18,0,0.23,0.20,0.30,27.67,18,18,0
1637512,0.36,0.30,0.40,28.37,17,17,0,1019.58,1012.20,1025.40,23.87,17,0,0,0.35,0.30,0.40,27.97,17,17,0,0.50,0.50,0.50,27.58,17,17,0,0.08,0.00,0.10,28.42,17,17,0,1.06,1.00,1.10,27.99,17,17,0,0.24,0.20,0.30,27.65,17,17,0
1638016,0.35,0.30,0.40,28.38,17,17,0,1011.18,1008.50,1015.20,23.90,17,0,0,0.35,0.30,0.40,27.97,17,17,0,0.50,0.50,0.50,27.59,17,17,0,0.09,0.00,0.10,28.41,17,17,0,1.08,1.00,1.10,28.02,17,17,0,0.22,0.20,0.30,27.67,17,17,0
1638516,0.32,0.30,0.40,28.37,17,17,0,1014.17,1007.30,1021.40,23.88,17,0,0,0.34,0.30,0.40,27.98,17,17,0,0.50,0.50,0.50,27.58,17,17,0,0.11,0.00,0.20,28.39,17,17,0,1.08,1.00,1.10,28.02,17,17,0,0.26,0.20,0.30,27.66,17,17,0
1639023,0.34,0.30,0.40,28.38,17,17,0,1024.85,1020.20,1029.00,23.89,17,0,0,0.34,0.30,0.40,27.97,17,17,0,0.48,0.40,0.50,27.57,17,17,0,0.10,0.10,0.10,28.41,17,17,0,1.06,1.00,1.10,28.01,17,17,0,0.21,0.20,0.30,27.67,17,17,0
1639523,0.34,0.30,0.40,28.38,17,17,0,1012.71,1007.60,1019.00,23.91,17,0,0,0.36,0.30,0.40,27.97,17,17,0,0.49,0.40,0.50,27.57,17,17,0,0.10,0.00,0.20,28.39,17,17,0,1.06,1.00,1.10,28.01,17,17,0,0.24,0.20,0.30,27.67,17,17,0
1640026,0.33,0.30,0.40,28.36,17,17,0,1005.38,1002.40,1008.60,23.89,17,0,0,0.35,0.30,0.40,27.96,17,17,0,0.50,0.50,0.50,27.57,17,17,0,0.10,0.10,0.10,28.40,17,17,0,1.09,1.00,1.10,28.02,17,17,0,0.24,0.20,0.30,27.65,17,17,0
1640526,0.32,0.30,0.40,28.37,18,18,0,1018.80,1011.90,1025.40,23.88,18,0,0,0.34,0.30,0.40,27.98,18,18,0,0.49,0.40,0.50,27.58,18,18,0,0.09,0.00,0.10,28.39,18,18,0,1.06,1.00,1.10,28.01,18,18,0,0.22,0.20,0.30,27.67,18,18,0
1641036,0.32,0.30,0.40,28.38,17,17,0,1017.44,1009.20,1025.60,23.90,17,0,0,0.34,0.30,0.40,27.97,17,17,0,0.51,0.50,0.60,27.58,17,17,0,0.09,0.00,0.10,28.39,17,17,0,1.06,1.00,1.10,28.00,17,17,0,0.22,0.20,0.30,27.67,17,17,0
1641536,0.32,0.30,0.40,28.39,17,17,0,1004.34,999.20,1009.10,23.90,17,0,0,0.34,0.30,0.40,27.97,17,17,0,0.50,0.50,0.50,27.58,17,17,0,0.09,0.00,0.10,28.39,17,17,0,1.09,1.00,1.10,28.01,17,17,0,0.21,0.20,0.30,27.67,17,17,0
1642036,0.34,0.30,0.40,28.38,17,17,0,1003.11,997.60,1011.20,23.89,17,0,0,0.34,0.30,0.40,27.96,17,17,0,0.50,0.50,0.50,27.58,17,17,0,0.08,0.00,0.10,28.39,17,17,0,1.06,1.00,1.10,28.00,17,17,0,0.22,0.20,0.30,27.64,17,17,0
1642536,0.34,0.30,0.40,28.37,17,17,0,1015.41,1010.80,1019.60,23.89,17,0,0,0.34,0.30,0.40,27.96,17,17,0,0.50,0.50,0.50,27.56,17,17,0,0.09,0.00,0.10,28.39,17,17,0,1.09,1.00,1.10,28.01,17,17,0,0.22,0.20,0.30,27.65,17,17,0
1643036,0.33,0.30,0.40,28.37,18,18,0,1005.70,999.30,1011.10,23.90,18,0,0,0.34,0.30,0.40,27.96,18,18,0,0.49,0.40,0.50,27.58,18,18,0,0.10,0.00,0.20,28.39,18,18,0,1.07,1.00,1.10,28.00,18,18,0,0.22,0.20,0.30,27.67,18,18,0
1643543,0.32,0.30,0.40,28.38,17,17,0,997.15,994.10,1000.00,23.88,17,0,0,0.34,0.30,0.40,27.97,17,17,0,0.50,0.50,0.50,27.59,17,17,0,0.10,0.10,0.10,28.39,17,17,0,1.07,1.00,1.10,28.00,17,17,0,0.23,0.20,0.30,27.65,17,17,0
1644043,0.35,0.30,0.40,28.38,17,17,0,1008.32,1000.80,1013.50,23.91,17,0,0,0.35,0.30,0.40,27.97,17,17,0,0.50,0.50,0.50,27.57,17,17,0,0.09,-0.10,0.10,28.40,17,17,0,1.08,1.00,1.10,28.01,17,17,0,0.22,0.20,0.30,27.66,17,17,0
1644543,0.34,0.30,0.40,28.38,17,17,0,1006.68,1001.00,1013.70,23.91,17,0,0,0.37,0.30,0.40,27.99,17,17,0,0.51,0.50,0.60,27.57,17,17,0,0.09,0.00,0.10,28.39,17,17,0,1.08,1.00,1.10,28.01,17,17,0,0.22,0.20,0.30,27.68,17,17,0
1645044,0.34,0.30,0.40,28.38,17,17,0,995.25,991.70,999.60,23.90,17,0,0,0.34,0.30,0.40,27.98,17,17,0,0.51,0.50,0.60,27.57,17,17,0,0.09,0.00,0.10,28.39,17,17,0,1.06,1.00,1.10,28.01,17,17,0,0.21,0.20,0.30,27.66,17,17,0
1645544,0.34,0.30,0.40,28.40,17,17,0,994.45,988.70,1001.50,23.90,17,0,0,0.35,0.30,0.40,27.98,17,17,0,0.50,0.50,0.50,27.59,17,17,0,0.09,0.00,0.10,28.40,17,17,0,1.06,1.00,1.10,28.01,17,17,0,0.21,0.20,0.30,27.68,17,17,0
1646049,0.34,0.30,0.40,28.38,17,17,0,1006.93,1004.20,1010.00,23.89,17,0,0,0.34,0.30,0.40,27.95,17,17,0,0.49,0.40,0.50,27.58,17,17,0,0.08,0.00,0.10,28.40,17,17,0,1.05,1.00,1.10,28.01,17,17,0,0.22,0.20,0.30,27.67,17,17,0
1646549,0.35,0.30,0.40,28.39,17,17,0,999.09,993.20,1005.80,23.91,17,0,0,0.33,0.30,0.40,27.97,17,17,0,0.51,0.50,0.60,27.58,17,17,0,0.09,0.00,0.20,28.40,17,17,0,1.08,1.00,1.10,28.01,17,17,0,0.21,0.20,0.30,27.67,17,17,0
1647049,0.34,0.30,0.40,28.39,17,17,0,994.85,992.40,998.40,23.92,17,0,0,0.32,0.30,0.40,27.98,17,17,0,0.50,0.50,0.50,27.59,17,17,0,0.10,0.10,0.10,28.40,17,17,0,1.08,1.00,1.10,28.02,17,17,0,0.22,0.20,0.30,27.66,17,17,0
1647549,0.35,0.30,0.40,28.38,17,17,0,1005.92,998.30,1011.80,23.89,17,0,0,0.32,0.30,0.40,27.97,17,17,0,0.50,0.50,0.50,27.58,17,17,0,0.08,0.00,0.10,28.41,17,17,0,1.06,1.00,1.10,28.02,17,17,0,0.22,0.20,0.30,27.66,17,17,0
1648050,0.36,0.30,0.40,28.39,17,17,0,1010.58,1005.80,1013.40,23.89,17,0,0,0.35,0.30,0.40,27.98,17,17,0,0.50,0.50,0.50,27.58,17,17,0,0.09,0.00,0.10,28.40,17,17,0,1.06,1.00,1.10,27.99,17,17,0,0.21,0.20,0.30,27.64,17,17,0
1648550,0.36,0.30,0.40,28.38,17,17,0,1008.47,1004.90,1012.40,23.91,17,0,0,0.34,0.30,0.40,27.98,17,17,0,0.50,0.50,0.50,27.58,17,17,0,0.09,0.00,0.20,28.42,17,17,0,1.06,1.00,1.10,28.00,17,17,0,0.23,0.20,0.30,27.65,17,17,0
1649050,0.36,0.30,0.40,28.37,17,17,0,1007.25,1003.20,1010.60,23.91,17,0,0,0.34,0.30,0.40,27.96,17,17,0,0.50,0.50,0.50,27.59,17,17,0,0.09,0.00,0.10,28.39,17,17,0,1.06,1.00,1.10,28.01,17,17,0,0.23,0.20,0.30,27.66,17,17,0
1649550,0.34,0.30,0.40,28.38,17,17,0,1015.76,1011.30,1019.60,23.90,17,0,0,0.34,0.30,0.40,27.98,17,17,0,0.50,0.50,0.50,27.57,17,17,0,0.10,0.00,0.20,28.41,17,17,0,1.06,1.00,1.10,28.02,17,17,0,0.22,0.20,0.30,27.67,17,17,0
1650050,0.36,0.30,0.40,28.38,17,17,0,1014.70,1010.30,1017.20,23.90,17,0,0,0.33,0.30,0.40,27.97,17,17,0,0.50,0.40,0.60,27.59,17,17,0,0.10,0.10,0.10,28.41,17,17,0,1.08,1.00,1.10,28.01,17,17,0,0.21,0.20,0.30,27.68,17,17,0
1650550,0.35,0.30,0.40,28.36,17,17,0,903.60,705.50,1019.40,23.90,17,0,0,0.32,0.30,0.40,27.97,17,17,0,0.50,0.50,0.50,27.60,17,17,0,0.10,0.00,0.20,28.39,17,17,0,1.08,1.00,1.10,27.99,17,17,0,0.22,0.20,0.30,27.67,17,17,0
1651060,0.36,0.30,0.40,28.38,17,17,0,510.76,413.90,655.40,23.97,17,0,0,0.34,0.30,0.40,27.99,17,17,0,0.50,0.50,0.50,27.59,17,17,0,0.10,0.10,0.10,28.40,17,17,0,1.07,1.00,1.10,28.02,17,17,0,0.22,0.20,0.30,27.66,17,17,0
1651560,0.34,0.30,0.40,28.38,17,17,0,332.74,290.60,392.50,24.07,17,0,0,0.33,0.30,0.40,27.97,17,17,0,0.50,0.50,0.50,27.59,17,17,0,0.08,-0.10,0.10,28.40,17,17,0,1.08,1.00,1.10,28.01,17,17,0,0.24,0.20,0.30,27.67,17,17,0
1652066,0.34,0.30,0.40,28.40,17,17,0,247.41,225.00,278.60,24.15,17,0,0,0.33,0.30,0.40,27.97,17,17,0,0.50,0.50,0.50,27.57,17,17,0,0.09,0.00,0.10,28.41,17,17,0,1.07,1.00,1.10,28.02,17,17,0,0.22,0.20,0.30,27.67,17,17,0
1652566,0.35,0.30,0.40,28.38,18,18,0,201.02,186.30,219.80,24.24,18,0,0,0.33,0.30,0.40,27.97,18,18,0,0.49,0.40,0.50,27.58,18,18,0,0.09,0.00,0.10,28.40,18,18,0,1.07,1.00,1.10,28.02,18,18,0,0.23,0.20,0.30,27.68,18,18,0
1653079,0.36,0.30,0.40,28.38,17,17,0,170.94,161.40,182.80,24.29,17,0,0,0.34,0.30,0.40,27.98,17,17,0,0.50,0.50,0.50,27.59,17,17,0,0.09,0.00,0.10,28.39,17,17,0,1.06,1.00,1.10,28.02,17,17,0,0.21,0.20,0.30,27.66,17,17,0
1653592,0.37,0.30,0.40,28.39,18,18,0,150.09,142.50,158.70,24.37,18,0,0,0.34,0.30,0.40,27.97,18,18,0,0.50,0.50,0.50,27.59,18,18,0,0.09,0.00,0.10,28.40,18,18,0,1.08,1.00,1.10,28.03,18,18,0,0.22,0.20,0.30,27.65,18,18,0
1654092,0.36,0.30,0.40,28.38,17,17,0,133.36,127.50,140.70,24.42,17,0,0,0.34,0.30,0.40,27.98,17,17,0,0.49,0.40,0.50,27.60,17,17,0,0.09,0.00,0.10,28.39,17,17,0,1.06,1.00,1.10,28.01,17,17,0,0.22,0.20,0.30,27.66,17,17,0
1654592,0.38,0.30,0.40,28.38,17,17,0,120.84,116.40,126.20,24.48,17,0,0,0.33,0.30,0.40,27.98,17,17,0,0.50,0.50,0.50,27.59,17,17,0,0.09,0.00,0.10,28.38,17,17,0,1.09,1.00,1.10,28.03,17,17,0,0.21,0.20,0.30,27.67,17,17,0
1655092,0.35,0.30,0.40,28.39,18,18,0,110.43,105.90,115.10,24.50,18,0,0,0.32,0.30,0.40,27.98,18,18,0,0.49,0.40,0.50,27.59,18,18,0,0.09,0.00,0.10,28.40,18,18,0,1.07,1.00,1.10,28.00,18,18,0,0.22,0.20,0.30,27.66,18,18,0
1655597,0.34,0.30,0.40,28.38,17,17,0,101.51,98.10,105.30,24.56,17,0,0,0.32,0.30,0.40,27.97,17,17,0,0.51,0.50,0.60,27.57,17,17,0,0.09,0.00,0.10,28.40,17,17,0,1.06,1.00,1.10,28.02,17,17,0,0.22,0.20,0.30,27.67,17,17,0
1656097,0.34,0.30,0.40,28.38,17,17,0,94.23,91.50,97.20,24.63,17,0,0,0.31,0.30,0.40,27.97,17,17,0,0.49,0.40,0.50,27.60,17,17,0,0.10,0.10,0.10,28.39,17,17,0,1.08,1.00,1.10,28.02,17,17,0,0.21,0.20,0.30,27.67,17,17,0
1656597,0.32,0.30,0.40,28.37,17,17,0,87.91,84.70,90.60,24.65,17,0,0,0.34,0.30,0.40,27.98,17,17,0,0.50,0.50,0.50,27.60,17,17,0,0.08,-0.10,0.10,28.41,17,17,0,1.08,1.00,1.10,28.03,17,17,0,0.22,0.20,0.30,27.66,17,17,0
1657105,0.34,0.30,0.40,28.37,18,18,0,82.42,80.40,85.20,24.69,18,0,0,0.32,0.30,0.40,27.98,18,18,0,0.49,0.40,0.50,27.58,18,18,0,0.08,0.00,0.10,28.42,18,18,0,1.08,1.00,1.10,28.02,18,18,0,0.22,0.20,0.30,27.67,18,18,0
1657617,0.34,0.30,0.40,28.38,18,18,0,77.16,75.10,79.20,24.73,18,0,0,0.33,0.30,0.40,27.97,18,18,0,0.49,0.40,0.50,27.59,18,18,0,0.08,0.00,0.10,28.39,18,18,0,1.07,1.00,1.10,28.03,18,18,0,0.24,0.20,0.30,27.67,18,18,0
1658117,0.34,0.30,0.40,28.36,17,17,0,72.87,70.90,74.80,24.78,17,0,0,0.33,0.30,0.40,27.99,17,17,0,0.49,0.40,0.50,27.59,17,17,0,0.09,0.00,0.10,28.41,17,17,0,1.08,1.00,1.10,28.02,17,17,0,0.22,0.20,0.30,27.68,17,17,0
1658625,0.32,0.30,0.40,28.39,18,18,0,69.09,66.80,71.40,24.82,18,0,0,0.33,0.30,0.40,27.98,18,18,0,0.50,0.50,0.50,27.59,18,18,0,0.09,0.00,0.10,28.40,18,18,0,1.07,1.00,1.10,28.04,18,18,0,0.22,0.20,0.30,27.67,18,18,0
1659125,0.35,0.30,0.40,28.37,17,17,0,65.41,62.50,67.20,24.84,17,0,0,0.36,0.30,0.40,27.96,17,17,0,0.50,0.50,0.50,27.60,17,17,0,0.08,0.00,0.10,28.42,17,17,0,1.06,1.00,1.10,28.03,17,17,0,0.21,0.20,0.30,27.68,17,17,0
1659625,0.35,0.30,0.40,28.39,18,18,0,62.57,37.40,82.40,24.89,18,0,0,0.35,0.30,0.40,27.98,18,18,0,0.49,0.40,0.50,27.60,18,18,0,0.08,0.00,0.10,28.41,18,18,0,1.08,1.00,1.10,28.03,18,18,0,0.22,0.20,0.30,27.66,18,18,0
1660125,0.35,0.30,0.40,28.38,16,16,0,59.71,50.40,65.90,24.93,16,0,0,0.36,0.30,0.40,27.97,16,16,0,0.50,0.50,0.50,27.59,16,16,0,0.10,0.10,0.10,28.39,16,16,0,1.07,1.00,1.10,28.02,16,16,0,0.22,0.20,0.30,27.66,16,16,0
1660638,0.35,0.30,0.40,28.39,18,18,0,56.76,54.30,59.60,24.97,18,0,0,0.33,0.30,0.40,27.97,18,18,0,0.49,0.40,0.50,27.59,18,18,0,0.09,0.00,0.10,28.41,18,18,0,1.08,1.00,1.10,28.02,18,18,0,0.22,0.20,0.30,27.68,18,18,0
1661138,0.34,0.30,0.40,28.37,17,17,0,54.02,51.90,56.20,24.98,17,0,0,0.35,0.30,0.40,27.99,17,17,0,0.51,0.50,0.60,27.59,17,17,0,0.08,0.00,0.10,28.40,17,17,0,1.07,1.00,1.10,28.03,17,17,0,0.21,0.20,0.30,27.65,17,17,0
1661641,0.34,0.30,0.40,28.40,17,17,0,52.35,51.40,53.50,25.03,17,0,0,0.33,0.30,0.40,27.97,17,17,0,0.49,0.40,0.50,27.58,17,17,0,0.10,0.10,0.10,28.41,17,17,0,1.06,1.00,1.10,28.00,17,17,0,0.24,0.20,0.30,27.68,17,17,0
1662141,0.35,0.30,0.40,28.38,17,17,0,50.81,49.20,52.20,25.06,17,0,0,0.35,0.30,0.40,28.00,17,17,0,0.50,0.50,0.50,27.58,17,17,0,0.09,0.00,0.10,28.39,17,17,0,1.08,1.00,1.10,28.02,17,17,0,0.22,0.20,0.30,27.65,17,17,0
1662641,0.34,0.30,0.40,28.39,17,17,0,49.10,47.50,50.80,25.08,17,0,0,0.34,0.30,0.40,27.98,17,17,0,0.49,0.40,0.50,27.59,17,17,0,0.10,0.10,0.10,28.41,17,17,0,1.08,1.00,1.10,28.02,17,17,0,0.22,0.20,0.30,27.66,17,17,0
1663149,0.35,0.30,0.40,28.37,18,18,0,47.69,46.70,48.80,25.11,18,0,0,0.34,0.30,0.40,27.98,18,18,0,0.49,0.40,0.50,27.58,18,18,0,0.09,0.00,0.10,28.41,18,18,0,1.07,1.00,1.10,28.01,18,18,0,0.24,0.20,0.30,27.67,18,18,0
1663649,0.35,0.30,0.40,28.38,17,17,0,46.46,46.00,47.00,25.12,17,0,0,0.33,0.30,0.40,27.98,17,17,0,0.50,0.50,0.50,27.59,17,17,0,0.09,0.00,0.10,28.40,17,17,0,1.06,1.00,1.10,28.04,17,17,0,0.22,0.20,0.30,27.67,17,17,0
1664149,0.36,0.30,0.40,28.37,17,17,0,45.06,43.90,46.00,25.19,17,0,0,0.36,0.30,0.40,27.99,17,17,0,0.49,0.40,0.50,27.59,17,17,0,0.09,0.00,0.10,28.38,17,17,0,1.08,1.00,1.10,28.02,17,17,0,0.22,0.20,0.30,27.66,17,17,0
1664649,0.31,0.30,0.40,28.39,17,17,0,43.38,42.30,44.70,25.20,17,0,0,0.35,0.30,0.40,27.98,17,17,0,0.49,0.40,0.50,27.58,17,17,0,0.09,0.00,0.10,28.41,17,17,0,1.08,1.00,1.10,28.01,17,17,0,0.22,0.20,0.30,27.67,17,17,0
1665149,0.35,0.30,0.40,28.38,17,17,0,42.07,41.40,43.40,25.22,17,0,0,0.32,0.30,0.40,27.97,17,17,0,0.50,0.50,0.50,27.60,17,17,0,0.09,0.00,0.10,28.40,17,17,0,1.07,1.00,1.10,28.01,17,17,0,0.21,0.20,0.30,27.67,17,17,0
1665649,0.36,0.30,0.40,28.39,18,18,0,40.77,39.80,41.70,25.25,18,0,0,0.35,0.30,0.40,27.97,18,18,0,0.49,0.40,0.50,27.59,18,18,0,0.11,0.10,0.20,28.40,18,18,0,1.07,1.00,1.10,28.02,18,18,0,0.23,0.20,0.30,27.66,18,18,0
1666149,0.35,0.30,0.40,28.40,16,16,0,39.54,37.40,41.40,25.28,16,0,0,0.34,0.30,0.40,27.98,16,16,0,0.50,0.50,0.50,27.58,16,16,0,0.10,0.10,0.10,28.40,16,16,0,1.07,1.00,1.10,28.01,16,16,0,0.21,0.20,0.30,27.67,16,16,0
1666649,0.37,0.30,0.40,28.37,17,17,0,38.59,37.70,39.50,25.33,17,0,0,0.35,0.30,0.40,27.98,17,17,0,0.49,0.40,0.50,27.59,17,17,0,0.10,0.10,0.10,28.41,17,17,0,1.06,1.00,1.10,28.02,17,17,0,0.22,0.20,0.30,27.68,17,17,0
1667161,0.34,0.30,0.40,28.40,18,18,0,37.48,36.10,39.30,25.33,18,0,0,0.35,0.30,0.40,27.96,18,18,0,0.49,0.40,0.50,27.59,18,18,0,0.09,0.00,0.10,28.40,18,18,0,1.08,1.00,1.10,28.03,18,18,0,0.20,0.20,0.20,27.68,18,18,0
1667663,0.35,0.30,0.40,28.38,17,17,0,36.47,35.60,37.70,25.35,17,0,0,0.34,0.30,0.40,27.98,17,17,0,0.50,0.50,0.50,27.60,17,17,0,0.09,0.00,0.10,28.40,17,17,0,1.07,1.00,1.10,28.03,17,17,0,0.22,0.20,0.30,27.66,17,17,0
1668163,0.37,0.30,0.40,28.39,17,17,0,35.70,34.00,37.30,25.38,17,0,0,0.33,0.30,0.40,27.97,17,17,0,0.50,0.50,0.50,27.59,17,17,0,0.10,0.10,0.10,28.41,17,17,0,1.08,1.00,1.10,28.03,17,17,0,0.21,0.20,0.30,27.67,17,17,0
1668663,0.34,0.30,0.40,28.38,17,17,0,34.59,32.10,37.10,25.43,17,0,0,0.35,0.30,0.40,27.97,17,17,0,0.50,0.50,0.50,27.59,17,17,0,0.09,0.00,0.10,28.41,17,17,0,1.08,1.00,1.10,28.00,17,17,0,0.22,0.20,0.30,27.66,17,17,0
1669163,0.33,0.30,0.40,28.39,17,17,0,33.91,32.40,35.30,25.44,17,0,0,0.33,0.30,0.40,27.98,17,17,0,0.50,0.50,0.50,27.58,17,17,0,0.09,0.00,0.10,28.41,17,17,0,1.09,1.00,1.10,28.05,17,17,0,0.23,0.20,0.30,27.66,17,17,0
1669675,0.33,0.30,0.40,28.37,18,18,0,32.80,32.00,33.50,25.47,18,0,0,0.37,0.30,0.40,27.98,18,18,0,0.50,0.50,0.50,27.58,18,18,0,0.09,0.00,0.10,28.41,18,18,0,1.08,1.00,1.10,28.04,18,18,0,0.23,0.20,0.30,27.68,18,18,0
1670175,0.36,0.30,0.40,28.38,16,16,0,31.96,31.20,32.40,25.49,16,0,0,0.34,0.30,0.40,27.99,16,16,0,0.49,0.40,0.50,27.60,16,16,0,0.10,0.10,0.10,28.43,16,16,0,1.08,1.00,1.10,28.03,16,16,0,0.23,0.20,0.30,27.68,16,16,0
1670675,0.35,0.30,0.40,28.39,17,17,0,31.15,30.30,32.00,25.52,17,0,0,0.34,0.30,0.40,27.98,17,17,0,0.50,0.50,0.50,27.59,17,17,0,0.09,0.00,0.10,28.39,17,17,0,1.09,1.00,1.10,28.03,17,17,0,0.22,0.20,0.30,27.68,17,17,0
1671175,0.36,0.30,0.40,28.39,17,17,0,30.47,29.50,31.70,25.53,17,0,0,0.33,0.30,0.40,27.98,17,17,0,0.50,0.50,0.50,27.60,17,17,0,0.09,0.00,0.10,28.40,17,17,0,1.07,1.00,1.10,28.03,17,17,0,0.22,0.20,0.30,27.67,17,17,0
1671684,0.36,0.30,0.40,28.41,18,18,0,29.66,27.70,31.90,25.55,18,0,0,0.34,0.30,0.40,27.99,18,18,0,0.49,0.40,0.50,27.59,18,18,0,0.09,0.00,0.10,28.41,18,18,0,1.08,1.00,1.10,28.03,18,18,0,0.21,0.20,0.30,27.68,18,18,0
1672184,0.33,0.30,0.40,28.39,17,17,0,29.02,28.20,29.80,25.58,17,0,0,0.36,0.30,0.40,27.97,17,17,0,0.49,0.40,0.50,27.59,17,17,0,0.10,0.10,0.10,28.43,17,17,0,1.08,1.00,1.10,28.03,17,17,0,0.23,0.20,0.30,27.68,17,17,0
1672684,0.35,0.30,0.40,28.40,17,17,0,28.47,28.10,28.90,25.61,17,0,0,0.34,0.30,0.40,27.97,17,17,0,0.50,0.50,0.50,27.58,17,17,0,0.09,0.00,0.10,28.41,17,17,0,1.09,1.00,1.10,28.04,17,17,0,0.22,0.20,0.30,27.68,17,17,0
1673184,0.33,0.30,0.40,28.40,17,17,0,27.81,26.40,28.40,25.63,17,0,0,0.32,0.30,0.40,27.98,17,17,0,0.50,0.50,0.50,27.59,17,17,0,0.09,0.00,0.10,28.42,17,17,0,1.08,1.00,1.10,28.03,17,17,0,0.21,0.20,0.30,27.68,17,17,0
1673684,0.35,0.30,0.40,28.38,17,17,0,28.10,19.90,41.20,25.63,17,0,0,0.35,0.30,0.40,27.98,17,17,0,0.51,0.50,0.60,27.60,17,17,0,0.09,0.00,0.10,28.41,17,17,0,1.08,1.00,1.10,28.03,17,17,0,0.21,0.20,0.30,27.68,17,17,0
1674184,0.34,0.30,0.40,28.40,17,17,0,26.72,23.50,31.50,25.66,17,0,0,0.36,0.30,0.40,27.98,17,17,0,0.49,0.40,0.50,27.59,17,17,0,0.07,0.00,0.10,28.40,17,17,0,1.08,1.00,1.10,28.03,17,17,0,0.24,0.20,0.30,27.68,17,17,0
1674684,0.35,0.30,0.40,28.39,17,17,0,26.14,23.20,28.60,25.68,17,0,0,0.35,0.30,0.40,27.98,17,17,0,0.50,0.50,0.50,27.60,17,17,0,0.10,0.10,0.10,28.40,17,17,0,1.08,1.00,1.10,28.04,17,17,0,0.26,0.20,0.30,27.67,17,17,0
1675184,0.32,0.30,0.40,28.40,17,17,0,25.96,23.90,27.50,25.71,17,0,0,0.35,0.30,0.40,27.98,17,17,0,0.49,0.40,0.50,27.60,17,17,0,0.08,0.00,0.10,28.42,17,17,0,1.08,1.00,1.10,28.03,17,17,0,0.22,0.20,0.30,27.67,17,17,0
1675684,0.34,0.30,0.40,28.40,17,17,0,25.35,23.30,27.20,25.71,17,0,0,0.36,0.30,0.40,27.98,17,17,0,0.51,0.50,0.60,27.60,17,17,0,0.09,0.00,0.20,28.41,17,17,0,1.06,1.00,1.10,28.03,17,17,0,0.24,0.20,0.30,27.68,17,17,0
1676184,0.32,0.30,0.40,28.40,17,17,0,24.79,23.80,26.00,25.74,17,0,0,0.35,0.30,0.40,27.99,17,17,0,0.50,0.50,0.50,27.59,17,17,0,0.10,0.10,0.10,28.41,17,17,0,1.08,1.00,1.10,28.04,17,17,0,0.22,0.20,0.30,27.68,17,17,0
1676696,0.35,0.30,0.40,28.41,18,18,0,24.24,23.40,24.90,25.75,18,0,0,0.36,0.30,0.40,28.00,18,18,0,0.51,0.50,0.60,27.59,18,18,0,0.10,0.10,0.10,28.41,18,18,0,1.08,1.00,1.10,28.03,18,18,0,0.23,0.20,0.30,27.68,18,18,0
1677196,0.34,0.30,0.40,28.40,17,17,0,23.86,23.40,24.50,25.77,17,0,0,0.37,0.30,0.40,27.98,17,17,0,0.50,0.50,0.50,27.60,17,17,0,0.09,-0.10,0.20,28.41,17,17,0,1.06,1.00,1.10,28.03,17,17,0,0.24,0.20,0.30,27.67,17,17,0
1677696,0.36,0.30,0.40,28.40,17,17,0,23.19,22.30,23.80,25.80,17,0,0,0.34,0.30,0.40,27.99,17,17,0,0.52,0.50,0.60,27.60,17,17,0,0.09,0.00,0.10,28.40,17,17,0,1.06,1.00,1.10,28.04,17,17,0,0.23,0.20,0.30,27.68,17,17,0
1678204,0.36,0.30,0.40,28.40,17,17,0,22.70,22.10,23.30,25.84,17,0,0,0.34,0.30,0.40,27.98,17,17,0,0.50,0.50,0.50,27.60,17,17,0,0.10,0.10,0.10,28.40,17,17,0,1.08,1.00,1.10,28.04,17,17,0,0.23,0.20,0.30,27.67,17,17,0
1678716,0.34,0.30,0.40,28.40,18,18,0,22.36,21.90,22.80,25.84,18,0,0,0.36,0.30,0.40,27.99,18,18,0,0.51,0.50,0.60,27.60,18,18,0,0.10,0.10,0.10,28.41,18,18,0,1.06,1.00,1.10,28.04,18,18,0,0.23,0.20,0.30,27.67,18,18,0
1679216,0.34,0.30,0.40,28.41,17,17,0,22.00,21.30,22.60,25.85,17,0,0,0.32,0.30,0.40,27.97,17,17,0,0.50,0.50,0.50,27.59,17,17,0,0.10,0.10,0.10,28.41,17,17,0,1.05,1.00,1.10,28.04,17,17,0,0.21,0.20,0.30,27.68,17,17,0
1679716,0.34,0.30,0.40,28.40,17,17,0,21.60,21.30,21.90,25.88,17,0,0,0.35,0.30,0.40,27.99,17,17,0,0.50,0.50,0.50,27.60,17,17,0,0.09,0.00,0.10,28.42,17,17,0,1.07,1.00,1.10,28.04,17,17,0,0.22,0.20,0.30,27.68,17,17,0
1680224,0.34,0.30,0.40,28.41,18,18,0,21.17,20.90,21.50,25.89,18,0,0,0.35,0.30,0.40,27.99,18,18,0,0.49,0.40,0.50,27.58,18,18,0,0.08,0.00,0.10,28.41,18,18,0,1.08,1.00,1.10,28.03,18,18,0,0.22,0.20,0.30,27.69,18,18,0
1680724,0.36,0.30,0.40,28.41,17,17,0,20.85,20.50,21.20,25.92,17,0,0,0.35,0.30,0.40,27.99,17,17,0,0.50,0.50,0.50,27.59,17,17,0,0.08,0.00,0.10,28.41,17,17,0,1.07,1.00,1.10,28.03,17,17,0,0.25,0.20,0.30,27.69,17,17,0
1681224,0.34,0.30,0.40,28.39,17,17,0,20.51,20.00,21.10,25.92,17,0,0,0.36,0.30,0.40,27.98,17,17,0,0.51,0.50,0.60,27.60,17,17,0,0.09,0.00,0.10,28.41,17,17,0,1.09,1.00,1.10,28.03,17,17,0,0.23,0.20,0.30,27.69,17,17,0
1681724,0.34,0.30,0.40,28.41,17,17,0,20.22,20.00,20.60,25.94,17,0,0,0.35,0.30,0.40,27.99,17,17,0,0.50,0.50,0.50,27.60,17,17,0,0.10,0.10,0.10,28.40,17,17,0,1.08,1.00,1.10,28.05,17,17,0,0.22,0.20,0.30,27.69,17,17,0
1682230,0.34,0.30,0.40,28.41,18,18,0,19.84,19.40,20.40,25.97,18,0,0,0.35,0.30,0.40,27.99,18,18,0,0.51,0.50,0.60,27.61,18,18,0,0.09,0.00,0.10,28.41,18,18,0,1.08,1.00,1.10,28.02,18,18,0,0.24,0.20,0.30,27.69,18,18,0
1682738,0.34,0.30,0.40,28.42,18,18,0,19.53,18.90,20.30,25.97,18,0,0,0.36,0.30,0.40,28.00,18,18,0,0.50,0.50,0.50,27.59,18,18,0,0.08,0.00,0.10,28.42,18,18,0,1.08,1.00,1.10,28.04,18,18,0,0.24,0.20,0.30,27.68,18,18,0
1683249,0.37,0.30,0.40,28.40,18,18,0,18.22,7.20,23.00,26.01,18,0,0,0.33,0.30,0.40,27.99,18,18,0,0.50,0.50,0.50,27.59,18,18,0,0.09,0.00,0.10,28.42,18,18,0,1.07,1.00,1.10,28.04,18,18,0,0.24,0.20,0.30,27.69,18,18,0
1683749,0.35,0.30,0.40,28.42,17,17,0,18.72,16.00,23.20,26.03,17,0,0,0.35,0.30,0.40,27.99,17,17,0,0.50,0.50,0.50,27.61,17,17,0,0.08,0.00,0.10,28.41,17,17,0,1.08,1.00,1.10,28.03,17,17,0,0.24,0.20,0.30,27.68,17,17,0
1684250,0.34,0.30,0.40,28.41,17,17,0,18.12,17.00,19.00,26.03,17,0,0,0.34,0.30,0.40,27.98,17,17,0,0.50,0.50,0.50,27.60,17,17,0,0.08,0.00,0.10,28.41,17,17,0,1.06,1.00,1.10,28.06,17,17,0,0.22,0.20,0.30,27.69,17,17,0
1684762,0.34,0.30,0.40,28.41,18,18,0,17.85,16.90,18.60,26.05,18,0,0,0.34,0.30,0.40,27.98,18,18,0,0.51,0.50,0.60,27.59,18,18,0,0.10,0.10,0.10,28.41,18,18,0,1.08,1.00,1.10,28.04,18,18,0,0.24,0.20,0.30,27.68,18,18,0
1685270,0.34,0.30,0.40,28.41,18,18,0,18.16,16.30,20.70,26.07,18,0,0,0.35,0.30,0.40,28.00,18,18,0,0.50,0.50,0.50,27.59,18,18,0,0.09,0.00,0.10,28.42,18,18,0,1.08,1.00,1.10,28.04,18,18,0,0.22,0.20,0.30,27.67,18,18,0
1685770,0.34,0.30,0.40,28.40,17,17,0,17.76,17.10,18.50,26.07,17,0,0,0.33,0.30,0.40,27.98,17,17,0,0.50,0.50,0.50,27.59,17,17,0,0.09,0.00,0.10,28.42,17,17,0,1.09,1.00,1.10,28.05,17,17,0,0.24,0.20,0.30,27.68,17,17,0
1686270,0.35,0.30,0.40,28.41,17,17,0,17.39,16.80,18.00,26.08,17,0,0,0.35,0.30,0.40,27.99,17,17,0,0.50,0.50,0.50,27.61,17,17,0,0.08,0.00,0.10,28.41,17,17,0,1.06,1.00,1.10,28.03,17,17,0,0.24,0.20,0.30,27.70,17,17,0
1686783,0.36,0.30,0.40,28.40,18,18,0,17.14,16.80,17.40,26.11,18,0,0,0.36,0.30,0.40,28.00,18,18,0,0.51,0.50,0.60,27.60,18,18,0,0.09,0.00,0.10,28.40,18,18,0,1.08,1.00,1.10,28.04,18,18,0,0.22,0.20,0.30,27.68,18,18,0
1687283,0.35,0.30,0.40,28.41,17,17,0,16.87,16.50,17.20,26.13,17,0,0,0.36,0.30,0.40,27.99,17,17,0,0.51,0.50,0.60,27.59,17,17,0,0.10,0.00,0.20,28.42,17,17,0,1.08,1.00,1.10,28.04,17,17,0,0.22,0.20,0.30,27.68,17,17,0
1687783,0.36,0.30,0.40,28.39,17,17,0,16.61,15.00,17.30,26.13,17,0,0,0.35,0.30,0.40,27.99,17,17,0,0.51,0.50,0.60,27.60,17,17,0,0.08,0.00,0.10,28.42,17,17,0,1.07,1.00,1.10,28.04,17,17,0,0.23,0.20,0.30,27.67,17,17,0
1688287,0.34,0.30,0.40,28.40,17,17,0,16.34,14.90,18.20,26.14,17,0,0,0.35,0.30,0.40,28.00,17,17,0,0.50,0.50,0.50,27.59,17,17,0,0.09,0.00,0.10,28.41,17,17,0,1.08,1.00,1.10,28.03,17,17,0,0.26,0.20,0.30,27.68,17,17,0
1688787,0.37,0.30,0.40,28.41,17,17,0,16.52,13.20,21.10,26.16,17,0,0,0.34,0.30,0.40,27.99,17,17,0,0.50,0.50,0.50,27.59,17,17,0,0.09,0.00,0.10,28.40,17,17,0,1.07,1.00,1.10,28.05,17,17,0,0.23,0.20,0.30,27.68,17,17,0
1689287,0.33,0.30,0.40,28.40,16,16,0,15.95,15.20,16.70,26.18,16,0,0,0.36,0.30,0.40,28.00,16,16,0,0.51,0.50,0.60,27.59,16,16,0,0.10,0.10,0.10,28.42,16,16,0,1.08,1.00,1.10,28.03,16,16,0,0.21,0.20,0.30,27.69,16,16,0
1689787,0.35,0.30,0.40,28.41,17,17,0,15.68,15.40,16.10,26.19,17,0,0,0.36,0.30,0.40,27.99,17,17,0,0.50,0.50,0.50,27.60,17,17,0,0.10,0.10,0.10,28.42,17,17,0,1.08,1.00,1.10,28.04,17,17,0,0.23,0.20,0.30,27.67,17,17,0
1690287,0.35,0.30,0.40,28.41,17,17,0,15.52,15.30,15.80,26.21,17,0,0,0.34,0.30,0.40,27.99,17,17,0,0.50,0.50,0.50,27.61,17,17,0,0.10,0.10,0.10,28.42,17,17,0,1.09,1.00,1.10,28.04,17,17,0,0.26,0.20,0.30,27.67,17,17,0
1690787,0.34,0.30,0.40,28.41,17,17,0,15.29,14.80,15.70,26.22,17,0,0,0.35,0.30,0.40,27.99,17,17,0,0.51,0.50,0.60,27.60,17,17,0,0.09,0.00,0.10,28.42,17,17,0,1.07,1.00,1.10,28.05,17,17,0,0.22,0.20,0.30,27.69,17,17,0
1691287,0.32,0.30,0.40,28.41,17,17,0,15.11,14.70,15.40,26.24,17,0,0,0.36,0.30,0.40,28.00,17,17,0,0.51,0.50,0.60,27.60,17,17,0,0.10,0.10,0.10,28.43,17,17,0,1.08,1.00,1.10,28.04,17,17,0,0.23,0.20,0.30,27.70,17,17,0
1691787,0.34,0.30,0.40,28.42,17,17,0,14.89,14.20,16.00,26.23,17,0,0,0.36,0.30,0.40,28.00,17,17,0,0.50,0.40,0.60,27.60,17,17,0,0.09,0.00,0.10,28.42,17,17,0,1.09,1.00,1.10,28.04,17,17,0,0.24,0.20,0.30,27.68,17,17,0
1692299,0.34,0.30,0.40,28.40,18,18,0,14.63,14.40,14.90,26.26,18,0,0,0.33,0.30,0.40,28.01,18,18,0,0.50,0.50,0.50,27.61,18,18,0,0.09,0.00,0.10,28.42,18,18,0,1.08,1.00,1.10,28.03,18,18,0,0.23,0.20,0.30,27.68,18,18,0
1692799,0.34,0.30,0.40,28.40,17,17,0,14.28,7.10,17.00,26.28,17,0,0,0.35,0.30,0.40,28.00,17,17,0,0.50,0.50,0.50,27.59,17,17,0,0.10,0.10,0.10,28.42,17,17,0,1.07,1.00,1.10,28.04,17,17,0,0.24,0.20,0.30,27.68,17,17,0
1693311,0.36,0.30,0.40,28.42,18,18,0,14.12,11.00,18.60,26.28,18,0,0,0.35,0.30,0.40,27.98,18,18,0,0.50,0.50,0.50,27.60,18,18,0,0.10,0.10,0.10,28.41,18,18,0,1.07,1.00,1.10,28.05,18,18,0,0.24,0.20,0.30,27.68,18,18,0
1693813,0.34,0.30,0.40,28.41,17,17,0,14.08,12.90,15.00,26.31,17,0,0,0.35,0.30,0.40,27.98,17,17,0,0.50,0.50,0.50,27.61,17,17,0,0.10,0.10,0.10,28.41,17,17,0,1.09,1.00,1.10,28.05,17,17,0,0.22,0.20,0.30,27.69,17,17,0
1694313,0.35,0.30,0.40,28.43,17,17,0,13.98,11.50,15.40,26.30,17,0,0,0.35,0.30,0.40,27.98,17,17,0,0.51,0.50,0.60,27.59,17,17,0,0.09,0.00,0.10,28.40,17,17,0,1.08,1.00,1.10,28.05,17,17,0,0.21,0.20,0.30,27.68,17,17,0
1694825,0.35,0.30,0.40,28.42,18,18,0,13.87,12.10,15.80,26.33,18,0,0,0.36,0.30,0.40,27.97,18,18,0,0.50,0.50,0.50,27.60,18,18,0,0.11,0.10,0.20,28.43,18,18,0,1.08,1.00,1.10,28.04,18,18,0,0.22,0.20,0.30,27.71,18,18,0
1695325,0.33,0.30,0.40,28.42,17,17,0,13.58,13.00,14.50,26.32,17,0,0,0.36,0.30,0.40,28.00,17,17,0,0.50,0.50,0.50,27.60,17,17,0,0.09,0.00,0.10,28.41,17,17,0,1.05,1.00,1.10,28.04,17,17,0,0.23,0.20,0.30,27.68,17,17,0
1695825,0.34,0.30,0.40,28.42,17,17,0,13.83,10.40,17.20,26.34,17,0,0,0.36,0.30,0.40,27.99,17,17,0,0.50,0.50,0.50,27.60,17,17,0,0.09,0.00,0.10,28.42,17,17,0,1.08,1.00,1.10,28.05,17,17,0,0.21,0.20,0.30,27.70,17,17,0
1696325,0.35,0.30,0.40,28.41,17,17,0,13.34,10.10,17.70,26.36,17,0,0,0.36,0.30,0.40,27.99,17,17,0,0.51,0.50,0.60,27.60,17,17,0,0.09,0.00,0.10,28.43,17,17,0,1.08,1.00,1.10,28.05,17,17,0,0.22,0.20,0.30,27.69,17,17,0
1696825,0.34,0.30,0.40,28.42,17,17,0,13.21,11.20,15.90,26.36,17,0,0,0.32,0.30,0.40,28.00,17,17,0,0.50,0.50,0.50,27.60,17,17,0,0.08,0.00,0.10,28.41,17,17,0,1.08,1.00,1.10,28.04,17,17,0,0.22,0.20,0.30,27.69,17,17,0
1697325,0.37,0.30,0.40,28.42,17,17,0,12.81,11.40,13.90,26.38,17,0,0,0.35,0.30,0.40,27.98,17,17,0,0.50,0.50,0.50,27.59,17,17,0,0.10,0.10,0.10,28.43,17,17,0,1.09,1.00,1.10,28.05,17,17,0,0.22,0.20,0.30,27.69,17,17,0
1697825,0.35,0.30,0.40,28.42,17,17,0,23.83,10.20,140.00,26.38,17,0,0,0.35,0.30,0.40,27.98,17,17,0,0.50,0.50,0.50,27.60,17,17,0,0.11,0.10,0.20,28.42,17,17,0,1.08,1.00,1.10,28.05,17,17,0,0.23,0.20,0.30,27.69,17,17,0
1698325,0.35,0.30,0.40,28.41,17,17,0,498.93,309.10,581.30,25.99,17,0,0,0.35,0.30,0.40,28.00,17,17,0,0.51,0.50,0.60,27.59,17,17,0,0.08,0.00,0.10,28.43,17,17,0,1.07,1.00,1.10,28.04,17,17,0,0.21,0.20,0.30,27.70,17,17,0
1698825,0.35,0.30,0.40,28.42,17,17,0,629.98,589.90,659.50,25.31,17,0,0,0.35,0.30,0.40,28.01,17,17,0,0.51,0.50,0.60,27.60,17,17,0,0.10,0.10,0.10,28.41,17,17,0,1.09,1.00,1.10,28.04,17,17,0,0.24,0.20,0.30,27.68,17,17,0
1699325,0.34,0.30,0.40,28.42,18,18,0,700.75,667.10,735.10,24.94,18,0,0,0.34,0.30,0.40,27.99,18,18,0,0.50,0.50,0.50,27.61,18,18,0,0.09,0.00,0.10,28.42,18,18,0,1.07,1.00,1.10,28.04,18,18,0,0.23,0.20,0.30,27.69,18,18,0
1699825,0.36,0.30,0.40,28.44,16,16,0,781.38,748.50,810.80,24.73,16,0,0,0.35,0.30,0.40,27.99,16,16,0,0.51,0.50,0.60,27.59,16,16,0,0.09,0.00,0.20,28.43,16,16,0,1.08,1.00,1.10,28.05,16,16,0,0.21,0.20,0.30,27.69,16,16,0
1700330,0.33,0.30,0.40,28.42,17,17,0,873.34,825.90,919.40,24.61,17,0,0,0.35,0.30,0.40,28.01,17,17,0,0.50,0.50,0.50,27.59,17,17,0,0.09,-0.10,0.10,28.42,17,17,0,1.06,1.00,1.10,28.06,17,17,0,0.21,0.20,0.30,27.69,17,17,0
1700830,0.36,0.30,0.40,28.43,17,17,0,996.75,937.90,1043.20,24.48,17,0,0,0.35,0.30,0.40,27.99,17,17,0,0.51,0.50,0.60,27.61,17,17,0,0.10,0.00,0.20,28.44,17,17,0,1.07,1.00,1.10,28.05,17,17,0,0.24,0.20,0.30,27.68,17,17,0
1701335,0.34,0.30,0.40,28.44,17,17,0,1119.07,1059.50,1171.00,24.39,17,0,0,0.36,0.30,0.40,28.00,17,17,0,0.50,0.50,0.50,27.60,17,17,0,0.09,0.00,0.10,28.42,17,17,0,1.08,1.00,1.10,28.04,17,17,0,0.25,0.20,0.30,27.70,17,17,0
1701836,0.33,0.30,0.40,28.42,17,17,0,1260.14,1187.30,1311.50,24.32,17,0,0,0.37,0.30,0.40,27.99,17,17,0,0.51,0.50,0.60,27.61,17,17,0,0.10,0.10,0.10,28.41,17,17,0,1.08,1.00,1.10,28.05,17,17,0,0.22,0.20,0.30,27.68,17,17,0
1702336,0.34,0.30,0.40,28.42,17,17,0,1387.86,1327.60,1445.30,24.25,17,0,0,0.35,0.30,0.40,28.01,17,17,0,0.51,0.40,0.60,27.60,17,17,0,0.09,0.00,0.10,28.43,17,17,0,1.09,1.00,1.10,28.05,17,17,0,0.22,0.20,0.30,27.69,17,17,0
1702836,0.35,0.30,0.40,28.42,17,17,0,1564.42,1468.00,1655.30,24.20,17,0,0,0.34,0.30,0.40,27.99,17,17,0,0.50,0.50,0.50,27.60,17,17,0,0.11,0.10,0.20,28.42,17,17,0,1.09,1.00,1.10,28.04,17,17,0,0.22,0.20,0.30,27.69,17,17,0
1703336,0.35,0.30,0.40,28.41,17,17,0,1779.02,1683.10,1887.50,24.13,17,0,0,0.34,0.30,0.40,28.00,17,17,0,0.51,0.50,0.60,27.60,17,17,0,0.10,0.00,0.20,28.42,17,17,0,1.08,1.00,1.10,28.04,17,17,0,0.21,0.20,0.30,27.68,17,17,0
1703836,0.35,0.30,0.40,28.42,17,17,0,3201.72,2429.30,3250.00,23.96,17,0,17,0.36,0.30,0.40,28.00,17,17,0,0.50,0.50,0.50,27.61,17,17,0,0.10,0.10,0.10,28.41,17,17,0,1.09,1.00,1.10,28.04,17,17,0,0.24,0.20,0.30,27.67,17,17,0
1704337,0.35,0.30,0.40,28.44,17,17,0,1533.89,1296.60,2518.00,23.98,17,0,0,0.35,0.30,0.40,27.99,17,17,0,0.50,0.50,0.50,27.61,17,17,0,0.11,0.10,0.20,28.43,17,17,0,1.08,1.00,1.10,28.05,17,17,0,0.22,0.20,0.30,27.70,17,17,0
1704837,0.36,0.30,0.40,28.41,17,17,0,1223.29,1210.40,1264.00,24.09,17,0,0,0.35,0.30,0.40,28.00,17,17,0,0.51,0.50,0.60,27.61,17,17,0,0.10,0.10,0.10,28.41,17,17,0,1.05,1.00,1.10,28.05,17,17,0,0.23,0.20,0.30,27.67,17,17,0
1705337,0.35,0.30,0.40,28.42,17,17,0,1243.20,1216.60,1266.30,24.10,17,0,0,0.35,0.30,0.40,28.01,17,17,0,0.50,0.50,0.50,27.60,17,17,0,0.09,0.00,0.10,28.42,17,17,0,1.08,1.00,1.10,28.06,17,17,0,0.23,0.20,0.30,27.68,17,17,0
1705837,0.34,0.30,0.40,28.43,17,17,0,1275.06,1268.20,1287.60,24.09,17,0,0,0.34,0.30,0.40,28.00,17,17,0,0.49,0.40,0.50,27.60,17,17,0,0.09,0.00,0.10,28.41,17,17,0,1.08,1.00,1.10,28.05,17,17,0,0.22,0.20,0.30,27.71,17,17,0
1706343,0.36,0.30,0.40,28.44,17,17,0,1326.10,1292.70,1362.70,24.09,17,0,0,0.36,0.30,0.40,27.99,17,17,0,0.51,0.50,0.60,27.62,17,17,0,0.09,0.00,0.10,28.42,17,17,0,1.08,1.00,1.10,28.06,17,17,0,0.25,0.20,0.30,27.68,17,17,0
1706850,0.36,0.30,0.40,28.43,17,17,0,1397.95,1374.50,1415.20,24.07,17,0,0,0.34,0.30,0.40,28.00,17,17,0,0.50,0.50,0.50,27.60,17,17,0,0.09,0.00,0.10,28.43,17,17,0,1.08,1.00,1.10,28.04,17,17,0,0.23,0.20,0.30,27.69,17,17,0
1707350,0.34,0.30,0.40,28.43,17,17,0,1443.01,1420.70,1466.50,24.06,17,0,0,0.35,0.30,0.40,28.01,17,17,0,0.51,0.50,0.60,27.60,17,17,0,0.09,0.00,0.10,28.42,17,17,0,1.08,1.00,1.10,28.05,17,17,0,0.24,0.20,0.30,27.68,17,17,0
1707851,0.36,0.30,0.40,28.42,17,17,0,1513.85,1479.90,1529.20,24.06,17,0,0,0.35,0.30,0.40,28.00,17,17,0,0.50,0.50,0.50,27.60,17,17,0,0.09,0.00,0.10,28.43,17,17,0,1.09,1.00,1.10,28.04,17,17,0,0.23,0.20,0.30,27.68,17,17,0
1708351,0.33,0.30,0.40,28.42,16,16,0,1538.52,1529.30,1548.60,24.04,16,0,0,0.36,0.30,0.40,27.99,16,16,0,0.51,0.50,0.60,27.61,16,16,0,0.10,0.10,0.10,28.43,16,16,0,1.08,1.00,1.10,28.04,16,16,0,0.23,0.20,0.30,27.68,16,16,0
1708853,0.35,0.30,0.40,28.42,17,17,0,1571.52,1552.80,1589.80,24.02,17,0,0,0.36,0.30,0.40,28.01,17,17,0,0.51,0.50,0.60,27.59,17,17,0,0.09,0.00,0.10,28.43,17,17,0,1.08,1.00,1.10,28.04,17,17,0,0.23,0.20,0.30,27.70,17,17,0
1709353,0.36,0.30,0.40,28.42,17,17,0,1586.27,1575.70,1596.40,24.01,17,0,0,0.36,0.30,0.40,28.01,17,17,0,0.51,0.50,0.60,27.62,17,17,0,0.09,0.00,0.10,28.43,17,17,0,1.06,1.00,1.10,28.05,17,17,0,0.21,0.10,0.30,27.71,17,17,0
1709853,0.34,0.30,0.40,28.42,17,17,0,1573.43,1568.80,1580.80,24.00,17,0,0,0.34,0.30,0.40,28.00,17,17,0,0.51,0.50,0.60,27.60,17,17,0,0.10,0.10,0.10,28.43,17,17,0,1.08,1.00,1.10,28.05,17,17,0,0.21,0.20,0.30,27.69,17,17,0
1710358,0.34,0.30,0.40,28.42,17,17,0,1582.42,1570.90,1588.60,24.00,17,0,0,0.36,0.30,0.40,28.00,17,17,0,0.51,0.50,0.60,27.60,17,17,0,0.09,0.00,0.10,28.42,17,17,0,1.08,1.00,1.10,28.06,17,17,0,0.24,0.20,0.30,27.70,17,17,0
1710858,0.34,0.30,0.40,28.42,17,17,0,1555.33,1546.80,1568.30,23.99,17,0,0,0.35,0.30,0.40,27.99,17,17,0,0.51,0.50,0.60,27.60,17,17,0,0.09,0.00,0.10,28.42,17,17,0,1.06,1.00,1.10,28.05,17,17,0,0.25,0.20,0.30,27.69,17,17,0
1711358,0.36,0.30,0.40,28.44,17,17,0,1566.38,1553.80,1575.60,24.00,17,0,0,0.35,0.30,0.40,28.01,17,17,0,0.51,0.50,0.60,27.61,17,17,0,0.08,0.00,0.10,28.42,17,17,0,1.08,1.00,1.10,28.03,17,17,0,0.24,0.20,0.30,27.67,17,17,0
1711858,0.35,0.30,0.40,28.42,17,17,0,1556.04,1548.60,1568.00,23.98,17,0,0,0.36,0.30,0.40,28.00,17,17,0,0.50,0.50,0.50,27.60,17,17,0,0.09,0.00,0.20,28.43,17,17,0,1.08,1.00,1.10,28.06,17,17,0,0.21,0.20,0.30,27.70,17,17,0
1712358,0.34,0.30,0.40,28.42,17,17,0,1556.40,1544.60,1571.80,23.99,17,0,0,0.35,0.30,0.40,28.00,17,17,0,0.50,0.50,0.50,27.59,17,17,0,0.11,0.10,0.20,28.42,17,17,0,1.08,1.00,1.10,28.05,17,17,0,0.24,0.20,0.30,27.69,17,17,0
1712865,0.36,0.30,0.40,28.43,17,17,0,1572.36,1562.50,1582.70,23.98,17,0,0,0.33,0.30,0.40,27.99,17,17,0,0.51,0.50,0.60,27.60,17,17,0,0.09,0.00,0.10,28.43,17,17,0,1.08,1.00,1.10,28.04,17,17,0,0.22,0.20,0.30,27.71,17,17,0
1713365,0.36,0.30,0.40,28.41,17,17,0,1559.34,1550.80,1572.20,23.98,17,0,0,0.35,0.30,0.40,28.00,17,17,0,0.50,0.50,0.50,27.60,17,17,0,0.11,0.10,0.20,28.41,17,17,0,1.06,1.00,1.10,28.06,17,17,0,0.22,0.20,0.30,27.70,17,17,0
1713865,0.36,0.30,0.40,28.44,17,17,0,1575.26,1565.40,1583.80,23.96,17,0,0,0.34,0.30,0.40,27.99,17,17,0,0.49,0.40,0.50,27.60,17,17,0,0.10,0.10,0.10,28.41,17,17,0,1.09,1.00,1.10,28.05,17,17,0,0.24,0.20,0.30,27.69,17,17,0
1714365,0.34,0.30,0.40,28.42,18,18,0,1550.31,1538.90,1559.80,23.97,18,0,0,0.36,0.30,0.40,27.99,18,18,0,0.50,0.50,0.50,27.61,18,18,0,0.09,0.00,0.10,28.44,18,18,0,1.08,1.00,1.10,28.05,18,18,0,0.23,0.20,0.30,27.69,18,18,0
1714865,0.36,0.30,0.40,28.43,16,16,0,1567.77,1548.30,1580.70,23.96,16,0,0,0.33,0.30,0.40,28.00,16,16,0,0.51,0.50,0.60,27.60,16,16,0,0.09,0.00,0.10,28.44,16,16,0,1.09,1.00,1.10,28.05,16,16,0,0.23,0.20,0.30,27.69,16,16,0
1715370,0.35,0.30,0.40,28.42,17,17,0,1555.82,1543.80,1573.70,23.95,17,0,0,0.35,0.30,0.40,28.01,17,17,0,0.50,0.50,0.50,27.61,17,17,0,0.10,0.10,0.10,28.42,17,17,0,1.08,1.00,1.10,28.04,17,17,0,0.23,0.20,0.30,27.69,17,17,0
1715872,0.36,0.30,0.40,28.42,17,17,0,1545.53,1531.90,1560.30,23.95,17,0,0,0.35,0.30,0.40,28.00,17,17,0,0.50,0.50,0.50,27.60,17,17,0,0.09,0.00,0.10,28.42,17,17,0,1.09,1.00,1.10,28.05,17,17,0,0.22,0.20,0.30,27.69,17,17,0
1716373,0.36,0.30,0.40,28.42,17,17,0,1548.17,1534.30,1560.20,23.94,17,0,0,0.34,0.30,0.40,28.01,17,17,0,0.51,0.50,0.60,27.60,17,17,0,0.09,0.00,0.10,28.44,17,17,0,1.06,1.00,1.10,28.06,17,17,0,0.23,0.20,0.30,27.70,17,17,0
1716873,0.35,0.30,0.40,28.43,17,17,0,1523.41,1517.70,1530.50,23.95,17,0,0,0.36,0.30,0.40,28.01,17,17,0,0.50,0.40,0.60,27.60,17,17,0,0.09,0.00,0.10,28.43,17,17,0,1.08,1.00,1.10,28.05,17,17,0,0.22,0.20,0.30,27.69,17,17,0
1717373,0.36,0.30,0.40,28.43,17,17,0,1542.88,1532.80,1550.70,23.96,17,0,0,0.35,0.30,0.40,28.00,17,17,0,0.51,0.50,0.60,27.60,17,17,0,0.09,0.00,0.10,28.44,17,17,0,1.06,1.00,1.10,28.05,17,17,0,0.22,0.20,0.30,27.69,17,17,0
1717873,0.35,0.30,0.40,28.43,17,17,0,1514.94,1503.20,1530.70,23.94,17,0,0,0.34,0.30,0.40,28.01,17,17,0,0.50,0.50,0.50,27.61,17,17,0,0.10,0.00,0.20,28.42,17,17,0,1.08,1.00,1.10,28.05,17,17,0,0.21,0.20,0.30,27.69,17,17,0
1718373,0.36,0.30,0.40,28.41,17,17,0,1533.08,1512.40,1548.10,23.96,17,0,0,0.37,0.30,0.40,28.01,17,17,0,0.50,0.50,0.50,27.61,17,17,0,0.10,0.10,0.10,28.42,17,17,0,1.06,1.00,1.10,28.05,17,17,0,0.22,0.20,0.30,27.71,17,17,0
1718878,0.35,0.30,0.40,28.44,17,17,0,1527.66,1521.70,1536.20,23.95,17,0,0,0.32,0.30,0.40,28.01,17,17,0,0.51,0.50,0.60,27.62,17,17,0,0.09,0.00,0.20,28.42,17,17,0,1.08,1.00,1.10,28.03,17,17,0,0.23,0.20,0.30,27.67,17,17,0
1719378,0.35,0.30,0.40,28.43,17,17,0,1527.04,1519.20,1536.40,23.95,17,0,0,0.34,0.30,0.40,28.01,17,17,0,0.50,0.40,0.60,27.62,17,17,0,0.10,0.00,0.20,28.43,17,17,0,1.08,1.00,1.10,28.05,17,17,0,0.21,0.20,0.30,27.70,17,17,0
1719879,0.36,0.30,0.40,28.42,17,17,0,1537.32,1527.20,1545.70,23.94,17,0,0,0.34,0.30,0.40,28.00,17,17,0,0.51,0.50,0.60,27.61,17,17,0,0.09,0.00,0.10,28.43,17,17,0,1.08,1.00,1.10,28.04,17,17,0,0.21,0.20,0.30,27.70,17,17,0
1720379,0.34,0.30,0.40,28.43,17,17,0,1532.29,1528.60,1537.50,23.95,17,0,0,0.33,0.30,0.40,28.00,17,17,0,0.50,0.50,0.50,27.60,17,17,0,0.09,0.00,0.10,28.43,17,17,0,1.08,1.00,1.10,28.05,17,17,0,0.24,0.20,0.30,27.71,17,17,0
1720879,0.35,0.30,0.40,28.42,17,17,0,1547.59,1539.30,1553.80,23.93,17,0,0,0.37,0.30,0.40,28.00,17,17,0,0.52,0.50,0.60,27.61,17,17,0,0.09,0.00,0.10,28.43,17,17,0,1.05,1.00,1.10,28.06,17,17,0,0.22,0.20,0.30,27.71,17,17,0
1721380,0.36,0.30,0.40,28.44,17,17,0,1548.41,1543.10,1554.10,23.92,17,0,0,0.35,0.30,0.40,27.99,17,17,0,0.51,0.50,0.60,27.62,17,17,0,0.09,0.00,0.20,28.42,17,17,0,1.08,1.00,1.10,28.05,17,17,0,0.24,0.20,0.30,27.69,17,17,0
1721880,0.34,0.30,0.40,28.43,17,17,0,1568.14,1554.80,1578.30,23.93,17,0,0,0.36,0.30,0.40,28.02,17,17,0,0.50,0.50,0.50,27.61,17,17,0,0.09,0.00,0.10,28.44,17,17,0,1.08,1.00,1.10,28.05,17,17,0,0.21,0.20,0.30,27.70,17,17,0
1722380,0.35,0.30,0.40,28.45,17,17,0,1576.03,1571.90,1582.80,23.91,17,0,0,0.34,0.30,0.40,28.02,17,17,0,0.51,0.50,0.60,27.60,17,17,0,0.11,0.10,0.20,28.43,17,17,0,1.09,1.00,1.10,28.06,17,17,0,0.21,0.20,0.30,27.70,17,17,0
1722880,0.34,0.30,0.40,28.43,17,17,0,1578.68,1571.30,1590.10,23.91,17,0,0,0.35,0.30,0.40,28.02,17,17,0,0.50,0.50,0.50,27.61,17,17,0,0.09,0.00,0.10,28.44,17,17,0,1.08,1.00,1.10,28.06,17,17,0,0.23,0.20,0.30,27.71,17,17,0
1723380,0.35,0.30,0.40,28.43,17,17,0,1593.15,1585.20,1600.30,23.94,17,0,0,0.34,0.30,0.40,28.01,17,17,0,0.50,0.50,0.50,27.61,17,17,0,0.09,0.00,0.10,28.43,17,17,0,1.07,1.00,1.10,28.06,17,17,0,0.22,0.20,0.30,27.71,17,17,0
1723880,0.37,0.30,0.40,28.44,17,17,0,1585.31,1582.90,1588.20,23.92,17,0,0,0.34,0.30,0.40,28.01,17,17,0,0.51,0.50,0.60,27.62,17,17,0,0.10,0.10,0.10,28.44,17,17,0,1.09,1.00,1.10,28.05,17,17,0,0.22,0.20,0.30,27.70,17,17,0
1724380,0.34,0.30,0.40,28.44,17,17,0,1599.22,1594.00,1603.50,23.92,17,0,0,0.34,0.30,0.40,28.02,17,17,0,0.50,0.50,0.50,27.61,17,17,0,0.09,0.00,0.10,28.42,17,17,0,1.08,1.00,1.10,28.05,17,17,0,0.23,0.20,0.30,27.70,17,17,0
1724880,0.35,0.30,0.40,28.43,17,17,0,1581.01,1575.60,1589.00,23.91,17,0,0,0.32,0.30,0.40,28.01,17,17,0,0.49,0.40,0.50,27.61,17,17,0,0.10,0.10,0.10,28.43,17,17,0,1.07,1.00,1.10,28.06,17,17,0,0.21,0.20,0.30,27.71,17,17,0
1725380,0.36,0.30,0.40,28.42,17,17,0,1593.02,1576.00,1607.10,23.92,17,0,0,0.36,0.30,0.40,28.00,17,17,0,0.51,0.50,0.60,27.60,17,17,0,0.09,0.00,0.10,28.45,17,17,0,1.08,1.00,1.10,28.05,17,17,0,0.21,0.20,0.30,27.71,17,17,0
1725885,0.34,0.30,0.40,28.44,17,17,0,1590.98,1581.20,1604.10,23.90,17,0,0,0.36,0.30,0.40,28.00,17,17,0,0.50,0.50,0.50,27.62,17,17,0,0.10,0.00,0.20,28.42,17,17,0,1.06,1.00,1.10,28.05,17,17,0,0.22,0.20,0.30,27.70,17,17,0
1726385,0.35,0.30,0.40,28.43,17,17,0,1576.62,1567.80,1584.70,23.91,17,0,0,0.35,0.30,0.40,28.01,17,17,0,0.51,0.50,0.60,27.61,17,17,0,0.11,0.10,0.20,28.42,17,17,0,1.08,1.00,1.10,28.05,17,17,0,0.24,0.20,0.30,27.69,17,17,0
1726885,0.34,0.30,0.40,28.42,16,16,0,1576.84,1558.60,1593.70,23.90,16,0,0,0.36,0.30,0.40,28.00,16,16,0,0.51,0.50,0.60,27.61,16,16,0,0.10,0.10,0.10,28.44,16,16,0,1.08,1.00,1.10,28.05,16,16,0,0.22,0.20,0.30,27.71,16,16,0
1727387,0.34,0.30,0.40,28.44,17,17,0,1544.75,1539.50,1553.30,23.92,17,0,0,0.36,0.30,0.40,28.00,17,17,0,0.50,0.50,0.50,27.61,17,17,0,0.09,0.00,0.10,28.42,17,17,0,1.06,1.00,1.10,28.05,17,17,0,0.21,0.20,0.30,27.70,17,17,0
1727887,0.35,0.30,0.40,28.43,17,17,0,1557.00,1547.60,1561.40,23.92,17,0,0,0.36,0.30,0.40,28.00,17,17,0,0.50,0.40,0.60,27.63,17,17,0,0.09,0.00,0.10,28.43,17,17,0,1.08,1.00,1.10,28.05,17,17,0,0.23,0.20,0.30,27.70,17,17,0
1728400,0.34,0.30,0.40,28.43,18,18,0,1528.79,1521.60,1546.50,23.91,18,0,0,0.34,0.30,0.40,28.00,18,18,0,0.50,0.50,0.50,27.62,18,18,0,0.10,0.10,0.10,28.45,18,18,0,1.09,1.00,1.10,28.06,18,18,0,0.22,0.20,0.30,27.70,18,18,0
1728900,0.32,0.30,0.40,28.44,17,17,0,1538.35,1522.80,1549.70,23.91,17,0,0,0.36,0.30,0.40,28.01,17,17,0,0.51,0.50,0.60,27.62,17,17,0,0.10,0.10,0.10,28.44,17,17,0,1.06,1.00,1.10,28.06,17,17,0,0.21,0.20,0.30,27.71,17,17,0
1729400,0.34,0.30,0.40,28.44,17,17,0,1530.37,1517.10,1546.40,23.91,17,0,0,0.32,0.30,0.40,28.03,17,17,0,0.51,0.50,0.60,27.62,17,17,0,0.10,0.10,0.10,28.42,17,17,0,1.06,1.00,1.10,28.05,17,17,0,0.25,0.20,0.30,27.69,17,17,0
1729900,0.34,0.30,0.40,28.44,17,17,0,1518.17,1511.30,1531.60,23.93,17,0,0,0.34,0.30,0.40,28.00,17,17,0,0.50,0.50,0.50,27.63,17,17,0,0.10,0.10,0.10,28.44,17,17,0,1.09,1.00,1.10,28.06,17,17,0,0.23,0.20,0.30,27.69,17,17,0
1730400,0.36,0.30,0.40,28.43,17,17,0,1524.64,1515.60,1532.70,23.89,17,0,0,0.35,0.30,0.40,28.01,17,17,0,0.51,0.50,0.60,27.61,17,17,0,0.09,0.00,0.10,28.43,17,17,0,1.08,1.00,1.10,28.06,17,17,0,0.24,0.20,0.30,27.70,17,17,0
1730900,0.36,0.30,0.40,28.42,17,17,0,1504.48,1502.00,1510.00,23.91,17,0,0,0.35,0.30,0.40,28.01,17,17,0,0.51,0.50,0.60,27.61,17,17,0,0.09,0.00,0.20,28.45,17,17,0,1.08,1.00,1.10,28.05,17,17,0,0.23,0.20,0.30,27.70,17,17,0
1731400,0.33,0.30,0.40,28.43,17,17,0,1520.46,1511.80,1526.60,23.91,17,0,0,0.34,0.30,0.40,28.03,17,17,0,0.50,0.50,0.50,27.61,17,17,0,0.10,0.10,0.10,28.44,17,17,0,1.08,1.00,1.10,28.06,17,17,0,0.21,0.20,0.30,27.70,17,17,0
1731902,0.35,0.30,0.40,28.43,17,17,0,1494.71,1488.20,1508.40,23.91,17,0,0,0.34,0.30,0.40,28.01,17,17,0,0.51,0.50,0.60,27.61,17,17,0,0.09,0.00,0.10,28.44,17,17,0,1.08,1.00,1.10,28.06,17,17,0,0.24,0.20,0.30,27.70,17,17,0
1732402,0.35,0.30,0.40,28.43,17,17,0,1501.23,1487.60,1517.20,23.91,17,0,0,0.35,0.30,0.40,28.02,17,17,0,0.51,0.50,0.60,27.63,17,17,0,0.09,0.00,0.10,28.43,17,17,0,1.09,1.00,1.10,28.05,17,17,0,0.23,0.20,0.30,27.71,17,17,0
1732904,0.34,0.30,0.40,28.43,17,17,0,1506.29,1494.90,1518.60,23.91,17,0,0,0.34,0.30,0.40,28.01,17,17,0,0.51,0.50,0.60,27.62,17,17,0,0.10,0.10,0.10,28.45,17,17,0,1.08,1.00,1.10,28.05,17,17,0,0.24,0.20,0.30,27.70,17,17,0
1733404,0.36,0.30,0.40,28.44,17,17,0,1499.72,1491.30,1516.60,23.90,17,0,0,0.34,0.30,0.40,28.01,17,17,0,0.50,0.50,0.50,27.62,17,17,0,0.09,0.00,0.10,28.44,17,17,0,1.07,1.00,1.10,28.05,17,17,0,0.21,0.20,0.30,27.70,17,17,0
1733904,0.36,0.30,0.40,28.43,17,17,0,1519.85,1508.20,1529.20,23.90,17,0,0,0.32,0.30,0.40,28.01,17,17,0,0.50,0.50,0.50,27.63,17,17,0,0.10,0.10,0.10,28.44,17,17,0,1.07,1.00,1.10,28.07,17,17,0,0.22,0.20,0.30,27.70,17,17,0
1734404,0.34,0.30,0.40,28.44,18,18,0,1494.71,1489.50,1502.20,23.89,18,0,0,0.33,0.30,0.40,28.02,18,18,0,0.50,0.50,0.50,27.62,18,18,0,0.09,0.00,0.10,28.44,18,18,0,1.08,1.00,1.10,28.06,18,18,0,0.22,0.20,0.30,27.70,18,18,0
1734916,0.34,0.30,0.40,28.43,17,17,0,1513.49,1498.80,1521.80,23.90,17,0,0,0.34,0.30,0.40,28.01,17,17,0,0.50,0.50,0.50,27.62,17,17,0,0.09,0.00,0.10,28.45,17,17,0,1.07,1.00,1.10,28.04,17,17,0,0.22,0.20,0.30,27.71,17,17,0
1735416,0.35,0.30,0.40,28.43,18,18,0,1496.83,1486.50,1510.20,23.88,18,0,0,0.34,0.30,0.40,28.01,18,18,0,0.50,0.50,0.50,27.61,18,18,0,0.09,0.00,0.10,28.43,18,18,0,1.07,1.00,1.10,28.07,18,18,0,0.21,0.20,0.30,27.71,18,18,0
1735926,0.32,0.30,0.40,28.41,17,17,0,1510.65,1491.20,1529.00,23.91,17,0,0,0.36,0.30,0.40,28.01,17,17,0,0.50,0.50,0.50,27.61,17,17,0,0.10,0.10,0.10,28.43,17,17,0,1.08,1.00,1.10,28.06,17,17,0,0.25,0.20,0.30,27.69,17,17,0
1736426,0.33,0.30,0.40,28.43,16,16,0,1515.44,1502.30,1529.50,23.91,16,0,0,0.33,0.30,0.40,28.03,16,16,0,0.51,0.50,0.60,27.62,16,16,0,0.09,0.00,0.10,28.44,16,16,0,1.08,1.00,1.10,28.05,16,16,0,0.23,0.20,0.30,27.70,16,16,0
1736927,0.35,0.30,0.40,28.42,17,17,0,1503.65,1495.80,1520.40,23.90,17,0,0,0.34,0.30,0.40,28.01,17,17,0,0.50,0.50,0.50,27.62,17,17,0,0.10,0.10,0.10,28.42,17,17,0,1.08,1.00,1.10,28.04,17,17,0,0.22,0.20,0.30,27.70,17,17,0
1737427,0.35,0.30,0.40,28.43,17,17,0,1520.25,1505.50,1530.50,23.88,17,0,0,0.34,0.30,0.40,28.01,17,17,0,0.51,0.50,0.60,27.61,17,17,0,0.10,0.10,0.10,28.43,17,17,0,1.07,1.00,1.10,28.06,17,17,0,0.22,0.20,0.30,27.72,17,17,0
1737937,0.36,0.30,0.40,28.43,18,18,0,1493.01,1484.70,1501.90,23.88,18,0,0,0.34,0.30,0.40,28.01,18,18,0,0.51,0.50,0.60,27.62,18,18,0,0.09,0.00,0.20,28.44,18,18,0,1.08,1.00,1.10,28.07,18,18,0,0.22,0.20,0.30,27.70,18,18,0
1738437,0.34,0.30,0.40,28.44,17,17,0,1521.59,1500.80,1531.80,23.90,17,0,0,0.34,0.30,0.40,28.01,17,17,0,0.50,0.50,0.50,27.62,17,17,0,0.09,0.00,0.10,28.44,17,17,0,1.08,1.00,1.10,28.06,17,17,0,0.22,0.20,0.30,27.70,17,17,0
1738937,0.34,0.30,0.40,28.43,17,17,0,1507.59,1497.80,1522.70,23.89,17,0,0,0.34,0.30,0.40,28.01,17,17,0,0.50,0.50,0.50,27.60,17,17,0,0.09,0.00,0.10,28.44,17,17,0,1.08,1.00,1.10,28.06,17,17,0,0.22,0.20,0.30,27.70,17,17,0
1739437,0.34,0.30,0.40,28.44,17,17,0,1508.43,1493.00,1528.00,23.88,17,0,0,0.32,0.30,0.40,28.02,17,17,0,0.51,0.50,0.60,27.61,17,17,0,0.09,0.00,0.10,28.44,17,17,0,1.08,1.00,1.10,28.07,17,17,0,0.22,0.20,0.30,27.71,17,17,0
1739937,0.32,0.30,0.40,28.45,17,17,0,1510.42,1495.80,1526.00,23.87,17,0,0,0.35,0.30,0.40,28.02,17,17,0,0.51,0.50,0.60,27.60,17,17,0,0.09,0.00,0.10,28.44,17,17,0,1.08,1.00,1.10,28.04,17,17,0,0.22,0.20,0.30,27.69,17,17,0
1740437,0.35,0.30,0.40,28.43,17,17,0,1486.21,1477.50,1498.00,23.88,17,0,0,0.35,0.30,0.40,28.03,17,17,0,0.51,0.50,0.60,27.61,17,17,0,0.09,0.00,0.10,28.45,17,17,0,1.06,1.00,1.10,28.05,17,17,0,0.24,0.20,0.30,27.70,17,17,0
1740937,0.35,0.30,0.40,28.43,17,17,0,1509.11,1499.50,1515.70,23.90,17,0,0,0.32,0.30,0.40,28.01,17,17,0,0.50,0.50,0.50,27.63,17,17,0,0.09,0.00,0.10,28.42,17,17,0,1.08,1.00,1.10,28.05,17,17,0,0.22,0.20,0.30,27.72,17,17,0
1741437,0.34,0.30,0.40,28.43,17,17,0,1494.62,1491.00,1498.90,23.89,17,0,0,0.35,0.30,0.40,28.01,17,17,0,0.50,0.50,0.50,27.63,17,17,0,0.10,0.10,0.10,28.44,17,17,0,1.06,1.00,1.10,28.05,17,17,0,0.25,0.20,0.30,27.71,17,17,0
1741937,0.35,0.30,0.40,28.42,17,17,0,1510.05,1494.90,1518.30,23.89,17,0,0,0.32,0.30,0.40,28.02,17,17,0,0.50,0.50,0.50,27.62,17,17,0,0.09,0.00,0.10,28.43,17,17,0,1.08,1.00,1.10,28.06,17,17,0,0.23,0.20,0.30,27.71,17,17,0
1742437,0.34,0.30,0.40,28.44,17,17,0,1497.94,1489.00,1510.60,23.86,17,0,0,0.35,0.30,0.40,28.01,17,17,0,0.50,0.50,0.50,27.62,17,17,0,0.08,0.00,0.10,28.42,17,17,0,1.08,1.00,1.10,28.06,17,17,0,0.23,0.20,0.30,27.70,17,17,0
1742937,0.36,0.30,0.40,28.42,17,17,0,1501.79,1490.50,1518.30,23.89,17,0,0,0.34,0.30,0.40,28.01,17,17,0,0.50,0.50,0.50,27.61,17,17,0,0.09,0.00,0.10,28.43,17,17,0,1.09,1.00,1.10,28.05,17,17,0,0.23,0.20,0.30,27.71,17,17,0
1743439,0.34,0.30,0.40,28.44,17,17,0,1513.15,1508.60,1519.10,23.88,17,0,0,0.31,0.30,0.40,28.02,17,17,0,0.50,0.50,0.50,27.62,17,17,0,0.10,0.10,0.10,28.44,17,17,0,1.09,1.00,1.10,28.07,17,17,0,0.22,0.20,0.30,27.71,17,17,0
1743939,0.35,0.30,0.40,28.43,17,17,0,1516.62,1509.60,1527.60,23.89,17,0,0,0.34,0.30,0.40,28.04,17,17,0,0.51,0.50,0.60,27.62,17,17,0,0.09,0.00,0.20,28.45,17,17,0,1.10,1.10,1.10,28.07,17,17,0,0.21,0.20,0.30,27.71,17,17,0
1744439,0.35,0.30,0.40,28.42,17,17,0,1536.51,1530.70,1539.90,23.89,17,0,0,0.32,0.30,0.40,28.01,17,17,0,0.51,0.50,0.60,27.62,17,17,0,0.10,0.10,0.10,28.44,17,17,0,1.05,1.00,1.10,28.05,17,17,0,0.21,0.20,0.30,27.70,17,17,0
1744939,0.34,0.30,0.40,28.44,18,18,0,1536.52,1532.30,1540.80,23.87,18,0,0,0.32,0.30,0.40,28.00,18,18,0,0.52,0.50,0.60,27.62,18,18,0,0.09,0.00,0.10,28.44,18,18,0,1.08,1.00,1.10,28.04,18,18,0,0.23,0.20,0.30,27.71,18,18,0
1745439,0.34,0.30,0.40,28.43,17,17,0,1563.96,1547.90,1573.70,23.89,17,0,0,0.34,0.30,0.40,28.01,17,17,0,0.50,0.50,0.50,27.62,17,17,0,0.09,0.00,0.10,28.43,17,17,0,1.08,1.00,1.10,28.05,17,17,0,0.22,0.20,0.30,27.70,17,17,0
1745945,0.34,0.30,0.40,28.45,17,17,0,1564.04,1560.40,1568.80,23.87,17,0,0,0.34,0.30,0.40,28.02,17,17,0,0.50,0.50,0.50,27.63,17,17,0,0.08,0.00,0.10,28.44,17,17,0,1.07,1.00,1.10,28.06,17,17,0,0.22,0.20,0.30,27.70,17,17,0
1746458,0.37,0.30,0.40,28.43,18,18,0,1573.77,1562.70,1588.50,23.88,18,0,0,0.33,0.30,0.40,28.02,18,18,0,0.50,0.50,0.50,27.63,18,18,0,0.10,0.10,0.10,28.45,18,18,0,1.08,1.00,1.10,28.05,18,18,0,0.22,0.20,0.30,27.69,18,18,0
1746958,0.34,0.30,0.40,28.42,17,17,0,1584.01,1573.00,1591.80,23.86,17,0,0,0.33,0.30,0.40,28.02,17,17,0,0.50,0.50,0.50,27.63,17,17,0,0.09,0.00,0.10,28.43,17,17,0,1.07,1.00,1.10,28.06,17,17,0,0.21,0.20,0.30,27.71,17,17,0
1747458,0.34,0.30,0.40,28.45,17,17,0,1574.39,1568.50,1589.50,23.87,17,0,0,0.32,0.30,0.40,28.01,17,17,0,0.50,0.50,0.50,27.64,17,17,0,0.09,0.00,0.10,28.43,17,17,0,1.05,1.00,1.10,28.06,17,17,0,0.21,0.20,0.30,27.71,17,17,0
1747958,0.34,0.30,0.40,28.45,17,17,0,1597.66,1591.10,1603.90,23.87,17,0,0,0.32,0.30,0.40,28.02,17,17,0,0.50,0.50,0.50,27.62,17,17,0,0.08,0.00,0.10,28.42,17,17,0,1.06,1.00,1.10,28.06,17,17,0,0.22,0.20,0.30,27.70,17,17,0
1748458,0.36,0.30,0.40,28.44,18,18,0,1570.86,1564.00,1585.00,23.86,18,0,0,0.32,0.30,0.40,28.00,18,18,0,0.51,0.50,0.60,27.64,18,18,0,0.09,0.00,0.10,28.43,18,18,0,1.08,1.00,1.10,28.05,18,18,0,0.21,0.20,0.30,27.69,18,18,0
1748971,0.35,0.30,0.40,28.44,17,17,0,1590.39,1570.30,1599.80,23.88,17,0,0,0.33,0.30,0.40,28.01,17,17,0,0.50,0.50,0.50,27.62,17,17,0,0.09,0.00,0.20,28.43,17,17,0,1.08,1.00,1.10,28.05,17,17,0,0.22,0.20,0.30,27.71,17,17,0
1749471,0.35,0.30,0.40,28.44,17,17,0,1575.95,1562.70,1592.80,23.87,17,0,0,0.33,0.30,0.40,28.01,17,17,0,0.50,0.50,0.50,27.64,17,17,0,0.09,0.00,0.10,28.44,17,17,0,1.08,1.00,1.10,28.05,17,17,0,0.21,0.20,0.30,27.71,17,17,0
1749971,0.35,0.30,0.40,28.44,17,17,0,1567.02,1555.80,1580.30,23.87,17,0,0,0.31,0.30,0.40,28.02,17,17,0,0.50,0.50,0.50,27.62,17,17,0,0.09,0.00,0.10,28.45,17,17,0,1.05,1.00,1.10,28.06,17,17,0,0.21,0.20,0.30,27.71,17,17,0
1750478,0.35,0.30,0.40,28.44,17,17,0,1560.09,1542.60,1579.30,23.85,17,0,0,0.33,0.30,0.40,28.02,17,17,0,0.50,0.50,0.50,27.65,17,17,0,0.09,0.00,0.10,28.45,17,17,0,1.08,1.00,1.10,28.06,17,17,0,0.21,0.20,0.30,27.70,17,17,0
1750979,0.34,0.30,0.40,28.44,17,17,0,1533.29,1525.70,1548.50,23.87,17,0,0,0.32,0.30,0.40,28.01,17,17,0,0.50,0.50,0.50,27.63,17,17,0,0.09,0.00,0.20,28.43,17,17,0,1.06,1.00,1.10,28.03,17,17,0,0.22,0.20,0.30,27.71,17,17,0
1751479,0.35,0.30,0.40,28.45,17,17,0,1559.41,1549.90,1566.70,23.89,17,0,0,0.35,0.30,0.40,28.03,17,17,0,0.51,0.50,0.60,27.63,17,17,0,0.10,0.10,0.10,28.42,17,17,0,1.08,1.00,1.10,28.05,17,17,0,0.23,0.20,0.30,27.71,17,17,0
1751979,0.38,0.30,0.40,28.46,17,17,0,1533.46,1524.30,1544.90,23.88,17,0,0,0.35,0.30,0.40,28.02,17,17,0,0.51,0.50,0.60,27.63,17,17,0,0.09,0.00,0.10,28.44,17,17,0,1.09,1.00,1.10,28.06,17,17,0,0.22,0.20,0.30,27.72,17,17,0
1752489,0.36,0.30,0.40,28.43,17,17,0,1541.44,1525.30,1550.10,23.86,17,0,0,0.35,0.30,0.40,28.02,17,17,0,0.50,0.50,0.50,27.62,17,17,0,0.10,0.10,0.10,28.45,17,17,0,1.08,1.00,1.10,28.05,17,17,0,0.21,0.20,0.30,27.69,17,17,0
1752989,0.36,0.30,0.40,28.43,17,17,0,1529.26,1515.10,1545.30,23.88,17,0,0,0.35,0.30,0.40,28.01,17,17,0,0.50,0.50,0.50,27.62,17,17,0,0.12,0.10,0.20,28.45,17,17,0,1.07,1.00,1.10,28.05,17,17,0,0.22,0.20,0.30,27.72,17,17,0
1753489,0.36,0.30,0.40,28.44,17,17,0,1521.35,1511.20,1539.00,23.87,17,0,0,0.37,0.30,0.40,28.02,17,17,0,0.50,0.40,0.60,27.64,17,17,0,0.09,0.00,0.10,28.43,17,17,0,1.07,1.00,1.10,28.05,17,17,0,0.24,0.20,0.30,27.71,17,17,0
1753989,0.34,0.30,0.40,28.44,18,18,0,1528.81,1516.20,1537.50,23.88,18,0,0,0.33,0.30,0.40,28.02,18,18,0,0.50,0.50,0.50,27.64,18,18,0,0.10,0.00,0.20,28.44,18,18,0,1.05,1.00,1.10,28.07,18,18,0,0.21,0.20,0.30,27.71,18,18,0
1754489,0.35,0.30,0.40,28.45,16,16,0,1508.07,1503.90,1515.80,23.87,16,0,0,0.35,0.30,0.40,28.04,16,16,0,0.50,0.50,0.50,27.61,16,16,0,0.10,0.10,0.10,28.44,16,16,0,1.08,1.00,1.10,28.06,16,16,0,0.21,0.20,0.30,27.71,16,16,0
1754994,0.35,0.30,0.40,28.44,17,17,0,1520.64,1513.20,1525.50,23.87,17,0,0,0.34,0.30,0.40,28.02,17,17,0,0.50,0.50,0.50,27.63,17,17,0,0.09,0.00,0.10,28.45,17,17,0,1.06,1.00,1.10,28.05,17,17,0,0.24,0.20,0.30,27.70,17,17,0
1755494,0.34,0.30,0.40,28.44,17,17,0,1498.45,1491.80,1510.40,23.87,17,0,0,0.35,0.30,0.40,28.02,17,17,0,0.51,0.50,0.60,27.63,17,17,0,0.09,0.00,0.10,28.44,17,17,0,1.09,1.00,1.10,28.06,17,17,0,0.22,0.20,0.30,27.70,17,17,0
1755994,0.35,0.30,0.40,28.45,17,17,0,1510.54,1494.40,1520.20,23.86,17,0,0,0.36,0.30,0.40,28.00,17,17,0,0.50,0.50,0.50,27.63,17,17,0,0.09,0.00,0.10,28.45,17,17,0,1.07,1.00,1.10,28.07,17,17,0,0.22,0.20,0.30,27.72,17,17,0
1756494,0.36,0.30,0.40,28.46,17,17,0,1502.05,1492.60,1517.00,23.87,17,0,0,0.35,0.30,0.40,28.03,17,17,0,0.51,0.50,0.60,27.63,17,17,0,0.09,0.00,0.10,28.44,17,17,0,1.08,1.00,1.10,28.05,17,17,0,0.21,0.20,0.30,27.71,17,17,0
1756994,0.34,0.30,0.40,28.44,17,17,0,1497.35,1484.00,1517.10,23.86,17,0,0,0.34,0.30,0.40,28.01,17,17,0,0.50,0.50,0.50,27.63,17,17,0,0.07,0.00,0.10,28.44,17,17,0,1.08,1.00,1.10,28.06,17,17,0,0.24,0.20,0.30,27.70,17,17,0
1757495,0.35,0.30,0.40,28.45,17,17,0,1516.65,1501.30,1526.50,23.86,17,0,0,0.32,0.30,0.40,28.02,17,17,0,0.51,0.50,0.60,27.64,17,17,0,0.09,0.00,0.10,28.44,17,17,0,1.06,1.00,1.10,28.04,17,17,0,0.22,0.20,0.30,27.70,17,17,0
1757995,0.36,0.30,0.40,28.44,17,17,0,1494.28,1474.80,1502.90,23.87,17,0,0,0.34,0.30,0.40,28.03,17,17,0,0.50,0.50,0.50,27.62,17,17,0,0.10,0.10,0.10,28.43,17,17,0,1.08,1.00,1.10,28.05,17,17,0,0.22,0.20,0.30,27.71,17,17,0
1758495,0.36,0.30,0.40,28.45,17,17,0,1517.21,1505.00,1533.00,23.87,17,0,0,0.33,0.30,0.40,28.02,17,17,0,0.50,0.40,0.60,27.62,17,17,0,0.09,0.00,0.10,28.46,17,17,0,1.09,1.00,1.10,28.04,17,17,0,0.22,0.20,0.30,27.69,17,17,0
1759005,0.34,0.30,0.40,28.43,18,18,0,1495.61,1485.20,1510.30,23.88,18,0,0,0.34,0.30,0.40,28.01,18,18,0,0.50,0.50,0.50,27.64,18,18,0,0.10,0.00,0.20,28.45,18,18,0,1.07,1.00,1.10,28.05,18,18,0,0.23,0.20,0.30,27.72,18,18,0
1759505,0.35,0.30,0.40,28.44,17,17,0,1506.82,1487.40,1522.10,23.87,17,0,0,0.35,0.30,0.40,28.02,17,17,0,0.51,0.50,0.60,27.63,17,17,0,0.10,0.00,0.20,28.43,17,17,0,1.06,1.00,1.10,28.06,17,17,0,0.22,0.20,0.30,27.71,17,17,0
1760005,0.36,0.30,0.40,28.45,17,17,0,1502.06,1488.10,1518.30,23.88,17,0,0,0.36,0.30,0.40,28.01,17,17,0,0.49,0.40,0.50,27.62,17,17,0,0.09,0.00,0.10,28.45,17,17,0,1.06,1.00,1.10,28.06,17,17,0,0.24,0.20,0.30,27.71,17,17,0
1760515,0.35,0.30,0.40,28.44,17,17,0,1494.58,1477.80,1519.70,23.85,17,0,0,0.34,0.30,0.40,28.01,17,17,0,0.50,0.50,0.50,27.62,17,17,0,0.09,0.00,0.10,28.44,17,17,0,1.05,1.00,1.10,28.05,17,17,0,0.22,0.20,0.30,27.72,17,17,0
1761015,0.36,0.30,0.40,28.46,17,17,0,1516.87,1498.30,1529.70,23.87,17,0,0,0.33,0.30,0.40,28.02,17,17,0,0.51,0.50,0.60,27.64,17,17,0,0.11,0.10,0.20,28.45,17,17,0,1.05,1.00,1.10,28.07,17,17,0,0.21,0.20,0.30,27.69,17,17,0
1761515,0.34,0.30,0.40,28.44,18,18,0,1492.53,1486.90,1498.90,23.87,18,0,0,0.34,0.30,0.40,28.01,18,18,0,0.51,0.50,0.60,27.63,18,18,0,0.10,0.10,0.10,28.45,18,18,0,1.08,1.00,1.10,28.04,18,18,0,0.22,0.20,0.30,27.70,18,18,0
1762028,0.35,0.30,0.40,28.44,17,17,0,1528.59,1509.80,1538.60,23.85,17,0,0,0.32,0.30,0.40,28.03,17,17,0,0.50,0.50,0.50,27.61,17,17,0,0.09,0.00,0.10,28.43,17,17,0,1.09,1.00,1.10,28.05,17,17,0,0.22,0.20,0.30,27.71,17,17,0
1762528,0.34,0.30,0.40,28.45,17,17,0,1502.39,1490.50,1515.40,23.86,17,0,0,0.33,0.30,0.40,28.01,17,17,0,0.50,0.40,0.60,27.62,17,17,0,0.09,0.00,0.10,28.45,17,17,0,1.07,1.00,1.10,28.07,17,17,0,0.21,0.20,0.30,27.70,17,17,0
1763028,0.35,0.30,0.40,28.46,17,17,0,1515.91,1495.60,1530.30,23.87,17,0,0,0.35,0.30,0.40,28.02,17,17,0,0.50,0.50,0.50,27.64,17,17,0,0.10,0.10,0.10,28.44,17,17,0,1.07,1.00,1.10,28.06,17,17,0,0.21,0.20,0.30,27.70,17,17,0
1763528,0.34,0.30,0.40,28.44,17,17,0,1500.79,1486.70,1519.00,23.85,17,0,0,0.35,0.30,0.40,28.02,17,17,0,0.50,0.50,0.50,27.62,17,17,0,0.10,0.10,0.10,28.43,17,17,0,1.07,1.00,1.10,28.06,17,17,0,0.21,0.20,0.30,27.70,17,17,0
1764028,0.36,0.30,0.40,28.44,16,16,0,1498.17,1483.70,1517.70,23.85,16,0,0,0.34,0.30,0.40,28.02,16,16,0,0.50,0.50,0.50,27.63,16,16,0,0.11,0.10,0.20,28.45,16,16,0,1.09,1.00,1.10,28.06,16,16,0,0.22,0.20,0.30,27.72,16,16,0
1764535,0.34,0.30,0.40,28.43,17,17,0,1518.26,1507.30,1530.30,23.85,17,0,0,0.35,0.30,0.40,28.03,17,17,0,0.50,0.50,0.50,27.63,17,17,0,0.09,0.00,0.10,28.46,17,17,0,1.08,1.00,1.10,28.06,17,17,0,0.22,0.20,0.30,27.71,17,17,0
1765035,0.36,0.30,0.40,28.45,17,17,0,1497.48,1493.80,1500.70,23.86,17,0,0,0.34,0.30,0.40,28.01,17,17,0,0.50,0.50,0.50,27.62,17,17,0,0.10,0.10,0.10,28.44,17,17,0,1.05,1.00,1.10,28.05,17,17,0,0.21,0.10,0.30,27.72,17,17,0
1765539,0.35,0.30,0.40,28.45,17,17,0,1520.33,1511.80,1526.50,23.85,17,0,0,0.33,0.30,0.40,28.02,17,17,0,0.50,0.50,0.50,27.64,17,17,0,0.09,0.00,0.20,28.46,17,17,0,1.09,1.00,1.10,28.05,17,17,0,0.20,0.20,0.20,27.70,17,17,0
1766043,0.35,0.30,0.40,28.46,17,17,0,1501.89,1497.40,1512.70,23.85,17,0,0,0.35,0.30,0.40,28.02,17,17,0,0.51,0.50,0.60,27.63,17,17,0,0.09,0.00,0.10,28.44,17,17,0,1.09,1.00,1.10,28.05,17,17,0,0.21,0.20,0.30,27.73,17,17,0
1766543,0.34,0.30,0.40,28.45,17,17,0,1518.99,1500.10,1531.70,23.85,17,0,0,0.33,0.30,0.40,28.02,17,17,0,0.50,0.50,0.50,27.64,17,17,0,0.10,0.10,0.10,28.45,17,17,0,1.06,1.00,1.10,28.06,17,17,0,0.21,0.20,0.30,27.70,17,17,0
1767043,0.36,0.30,0.40,28.46,17,17,0,1519.85,1512.80,1528.80,23.84,17,0,0,0.32,0.30,0.40,28.01,17,17,0,0.51,0.50,0.60,27.64,17,17,0,0.10,0.10,0.10,28.43,17,17,0,1.08,1.00,1.10,28.05,17,17,0,0.21,0.20,0.30,27.72,17,17,0
1767543,0.37,0.30,0.40,28.43,17,17,0,1525.84,1514.30,1541.40,23.86,17,0,0,0.35,0.30,0.40,28.03,17,17,0,0.50,0.50,0.50,27.64,17,17,0,0.09,0.00,0.10,28.45,17,17,0,1.08,1.00,1.10,28.06,17,17,0,0.23,0.20,0.30,27.72,17,17,0
1768043,0.34,0.30,0.40,28.44,17,17,0,1549.39,1542.70,1555.20,23.84,17,0,0,0.34,0.30,0.40,28.03,17,17,0,0.49,0.40,0.50,27.62,17,17,0,0.09,0.00,0.10,28.45,17,17,0,1.07,1.00,1.10,28.05,17,17,0,0.20,0.20,0.20,27.71,17,17,0
1768543,0.35,0.30,0.40,28.46,17,17,0,1546.16,1542.50,1549.50,23.84,17,0,0,0.32,0.30,0.40,28.01,17,17,0,0.50,0.50,0.50,27.63,17,17,0,0.09,0.00,0.10,28.45,17,17,0,1.08,1.00,1.10,28.07,17,17,0,0.24,0.20,0.30,27.70,17,17,0
1769043,0.36,0.30,0.40,28.45,17,17,0,1566.18,1551.30,1574.20,23.86,17,0,0,0.33,0.30,0.40,28.03,17,17,0,0.50,0.50,0.50,27.61,17,17,0,0.10,0.00,0.20,28.45,17,17,0,1.06,1.00,1.10,28.08,17,17,0,0.23,0.20,0.30,27.70,17,17,0
1769543,0.34,0.30,0.40,28.46,17,17,0,1567.79,1561.60,1570.70,23.83,17,0,0,0.34,0.30,0.40,28.03,17,17,0,0.50,0.50,0.50,27.62,17,17,0,0.09,0.00,0.10,28.44,17,17,0,1.09,1.00,1.10,28.07,17,17,0,0.22,0.20,0.30,27.70,17,17,0
1770043,0.36,0.30,0.40,28.46,17,17,0,1577.45,1567.50,1590.70,23.85,17,0,0,0.34,0.30,0.40,28.04,17,17,0,0.51,0.50,0.60,27.64,17,17,0,0.09,0.00,0.10,28.44,17,17,0,1.07,1.00,1.10,28.06,17,17,0,0.24,0.20,0.30,27.70,17,17,0
1770543,0.34,0.30,0.40,28.46,17,17,0,1581.61,1574.20,1588.80,23.84,17,0,0,0.36,0.30,0.40,28.02,17,17,0,0.49,0.40,0.50,27.64,17,17,0,0.11,0.00,0.20,28.46,17,17,0,1.09,1.00,1.10,28.05,17,17,0,0.24,0.20,0.30,27.71,17,17,0
1771048,0.32,0.30,0.40,28.47,17,17,0,1583.23,1572.10,1599.30,23.82,17,0,0,0.35,0.30,0.40,28.02,17,17,0,0.51,0.50,0.60,27.64,17,17,0,0.08,0.00,0.10,28.45,17,17,0,1.08,1.00,1.10,28.07,17,17,0,0.22,0.20,0.30,27.71,17,17,0
1771548,0.34,0.30,0.40,28.46,17,17,0,1604.92,1594.40,1613.10,23.85,17,0,0,0.34,0.30,0.40,28.01,17,17,0,0.51,0.50,0.60,27.63,17,17,0,0.10,0.10,0.10,28.45,17,17,0,1.09,1.00,1.10,28.07,17,17,0,0.22,0.20,0.30,27.70,17,17,0
1772048,0.35,0.30,0.40,28.47,17,17,0,1583.98,1576.10,1591.60,23.82,17,0,0,0.34,0.30,0.40,28.01,17,17,0,0.51,0.50,0.60,27.63,17,17,0,0.09,0.00,0.10,28.44,17,17,0,1.08,1.00,1.10,28.09,17,17,0,0.22,0.20,0.30,27.71,17,17,0
1772548,0.36,0.30,0.40,28.44,17,17,0,1601.45,1588.70,1606.80,23.82,17,0,0,0.35,0.30,0.40,28.03,17,17,0,0.51,0.50,0.60,27.63,17,17,0,0.09,0.00,0.10,28.46,17,17,0,1.05,1.00,1.10,28.08,17,17,0,0.22,0.20,0.30,27.72,17,17,0
1773052,0.34,0.30,0.40,28.46,17,17,0,1575.84,1563.00,1595.60,23.83,17,0,0,0.37,0.30,0.40,28.03,17,17,0,0.50,0.50,0.50,27.63,17,17,0,0.10,0.00,0.20,28.44,17,17,0,1.06,1.00,1.10,28.05,17,17,0,0.24,0.20,0.30,27.72,17,17,0
1773556,0.35,0.30,0.40,28.45,17,17,0,1579.18,1563.90,1593.40,23.84,17,0,0,0.34,0.30,0.40,28.02,17,17,0,0.50,0.50,0.50,27.64,17,17,0,0.10,0.10,0.10,28.45,17,17,0,1.08,1.00,1.10,28.07,17,17,0,0.26,0.20,0.30,27.70,17,17,0
1774058,0.32,0.30,0.40,28.45,17,17,0,1570.50,1549.50,1592.60,23.84,17,0,0,0.36,0.30,0.40,28.02,17,17,0,0.51,0.50,0.60,27.61,17,17,0,0.10,0.00,0.20,28.45,17,17,0,1.06,1.00,1.10,28.06,17,17,0,0.22,0.20,0.30,27.70,17,17,0
1774568,0.35,0.30,0.40,28.46,17,17,0,1548.98,1542.80,1563.70,23.82,17,0,0,0.33,0.30,0.40,28.04,17,17,0,0.50,0.50,0.50,27.62,17,17,0,0.09,0.00,0.10,28.45,17,17,0,1.08,1.00,1.10,28.06,17,17,0,0.22,0.20,0.30,27.71,17,17,0
1775068,0.36,0.30,0.40,28.46,17,17,0,1569.61,1555.90,1577.00,23.83,17,0,0,0.34,0.30,0.40,28.03,17,17,0,0.51,0.50,0.60,27.63,17,17,0,0.09,0.00,0.10,28.45,17,17,0,1.08,1.00,1.10,28.07,17,17,0,0.21,0.20,0.30,27.71,17,17,0
1775568,0.31,0.30,0.40,28.46,17,17,0,1537.88,1532.30,1550.40,23.82,17,0,0,0.34,0.30,0.40,28.02,17,17,0,0.50,0.50,0.50,27.64,17,17,0,0.10,0.10,0.10,28.43,17,17,0,1.07,1.00,1.10,28.07,17,17,0,0.21,0.20,0.30,27.71,17,17,0
1776068,0.34,0.30,0.40,28.45,17,17,0,1554.88,1541.40,1563.70,23.83,17,0,0,0.34,0.30,0.40,28.02,17,17,0,0.51,0.50,0.60,27.63,17,17,0,0.10,0.10,0.10,28.45,17,17,0,1.06,1.00,1.10,28.07,17,17,0,0.21,0.20,0.30,27.71,17,17,0
1776568,0.36,0.30,0.40,28.45,17,17,0,1529.19,1512.70,1548.70,23.85,17,0,0,0.34,0.30,0.40,28.02,17,17,0,0.51,0.50,0.60,27.62,17,17,0,0.07,0.00,0.10,28.46,17,17,0,1.08,1.00,1.10,28.08,17,17,0,0.24,0.20,0.30,27.71,17,17,0
1777068,0.34,0.30,0.40,28.45,17,17,0,1523.32,1510.20,1540.40,23.84,17,0,0,0.35,0.30,0.40,28.02,17,17,0,0.51,0.50,0.60,27.64,17,17,0,0.10,0.10,0.10,28.45,17,17,0,1.07,1.00,1.10,28.06,17,17,0,0.21,0.20,0.30,27.70,17,17,0
1777568,0.34,0.30,0.40,28.45,17,17,0,1533.14,1522.90,1540.60,23.85,17,0,0,0.35,0.30,0.40,28.03,17,17,0,0.49,0.40,0.50,27.63,17,17,0,0.10,0.10,0.10,28.45,17,17,0,1.06,1.00,1.10,28.06,17,17,0,0.22,0.20,0.30,27.72,17,17,0
1778068,0.34,0.30,0.40,28.46,17,17,0,1518.76,1511.50,1529.40,23.84,17,0,0,0.36,0.30,0.40,28.05,17,17,0,0.50,0.50,0.50,27.64,17,17,0,0.10,0.10,0.10,28.44,17,17,0,1.09,1.00,1.10,28.06,17,17,0,0.21,0.20,0.30,27.72,17,17,0
1778568,0.33,0.30,0.40,28.45,17,17,0,1529.59,1512.10,1538.80,23.83,17,0,0,0.35,0.30,0.40,28.03,17,17,0,0.50,0.50,0.50,27.63,17,17,0,0.10,0.10,0.10,28.44,17,17,0,1.09,1.00,1.10,28.05,17,17,0,0.22,0.20,0.30,27.72,17,17,0
1779068,0.35,0.30,0.40,28.46,17,17,0,1500.65,1496.20,1510.40,23.84,17,0,0,0.34,0.30,0.40,28.04,17,17,0,0.50,0.50,0.50,27.63,17,17,0,0.09,0.00,0.20,28.46,17,17,0,1.06,1.00,1.10,28.07,17,17,0,0.21,0.20,0.30,27.72,17,17,0
1779568,0.36,0.30,0.40,28.45,17,17,0,1520.86,1499.80,1530.90,23.84,17,0,0,0.34,0.30,0.40,28.02,17,17,0,0.50,0.50,0.50,27.63,17,17,0,0.09,0.00,0.20,28.45,17,17,0,1.06,1.00,1.10,28.06,17,17,0,0.22,0.20,0.30,27.71,17,17,0
1780068,0.36,0.30,0.40,28.45,17,17,0,1513.08,1501.20,1527.10,23.83,17,0,0,0.35,0.30,0.40,28.02,17,17,0,0.51,0.50,0.60,27.61,17,17,0,0.09,0.00,0.20,28.44,17,17,0,1.08,1.00,1.10,28.07,17,17,0,0.22,0.20,0.30,27.71,17,17,0
1780568,0.34,0.30,0.40,28.47,17,17,0,1518.03,1504.70,1536.70,23.82,17,0,0,0.34,0.30,0.40,28.03,17,17,0,0.50,0.50,0.50,27.61,17,17,0,0.08,0.00,0.10,28.44,17,17,0,1.08,1.00,1.10,28.05,17,17,0,0.22,0.20,0.30,27.71,17,17,0
1781070,0.34,0.30,0.40,28.46,17,17,0,1532.21,1520.60,1541.00,23.83,17,0,0,0.34,0.30,0.40,28.03,17,17,0,0.51,0.50,0.60,27.64,17,17,0,0.10,0.10,0.10,28.44,17,17,0,1.06,1.00,1.10,28.06,17,17,0,0.22,0.20,0.30,27.71,17,17,0
1781570,0.34,0.30,0.40,28.45,17,17,0,1514.40,1509.90,1520.00,23.84,17,0,0,0.35,0.30,0.40,28.04,17,17,0,0.50,0.50,0.50,27.65,17,17,0,0.09,0.00,0.10,28.44,17,17,0,1.06,1.00,1.10,28.06,17,17,0,0.21,0.20,0.30,27.71,17,17,0
1782070,0.35,0.30,0.40,28.47,17,17,0,1534.42,1525.20,1542.50,23.84,17,0,0,0.34,0.30,0.40,28.04,17,17,0,0.49,0.40,0.50,27.63,17,17,0,0.08,0.00,0.10,28.44,17,17,0,1.07,1.00,1.10,28.05,17,17,0,0.22,0.20,0.30,27.72,17,17,0
1782571,0.34,0.30,0.40,28.46,17,17,0,1507.65,1498.60,1523.20,23.84,17,0,0,0.34,0.30,0.40,28.04,17,17,0,0.51,0.50,0.60,27.63,17,17,0,0.09,0.00,0.10,28.44,17,17,0,1.09,1.00,1.10,28.06,17,17,0,0.21,0.20,0.30,27.69,17,17,0
1783071,0.36,0.30,0.40,28.46,16,16,0,1523.21,1504.20,1537.60,23.83,16,0,0,0.34,0.30,0.40,28.03,16,16,0,0.51,0.50,0.60,27.63,16,16,0,0.11,0.10,0.20,28.44,16,16,0,1.08,1.00,1.10,28.08,16,16,0,0.22,0.20,0.30,27.72,16,16,0
1783571,0.36,0.30,0.40,28.46,17,17,0,1521.71,1514.20,1531.10,23.84,17,0,0,0.35,0.30,0.40,28.03,17,17,0,0.50,0.50,0.50,27.65,17,17,0,0.09,0.00,0.10,28.44,17,17,0,1.07,1.00,1.10,28.08,17,17,0,0.21,0.20,0.30,27.70,17,17,0
1784071,0.34,0.30,0.40,28.48,17,17,0,1523.22,1510.90,1538.30,23.83,17,0,0,0.34,0.30,0.40,28.03,17,17,0,0.51,0.50,0.60,27.63,17,17,0,0.09,0.00,0.20,28.45,17,17,0,1.05,1.00,1.10,28.06,17,17,0,0.21,0.20,0.30,27.71,17,17,0
1784573,0.36,0.30,0.40,28.46,17,17,0,1528.84,1511.40,1543.90,23.83,17,0,0,0.32,0.30,0.40,28.02,17,17,0,0.51,0.50,0.60,27.64,17,17,0,0.11,0.10,0.20,28.44,17,17,0,1.07,1.00,1.10,28.08,17,17,0,0.22,0.20,0.30,27.70,17,17,0
1785078,0.33,0.30,0.40,28.46,17,17,0,1500.21,1492.80,1516.00,23.85,17,0,0,0.32,0.30,0.40,28.02,17,17,0,0.51,0.50,0.60,27.62,17,17,0,0.10,0.10,0.10,28.45,17,17,0,1.06,1.00,1.10,28.08,17,17,0,0.22,0.20,0.30,27.72,17,17,0
1785578,0.34,0.30,0.40,28.47,17,17,0,1537.03,1521.20,1545.80,23.83,17,0,0,0.33,0.30,0.40,28.02,17,17,0,0.50,0.50,0.50,27.63,17,17,0,0.10,0.10,0.10,28.44,17,17,0,1.08,1.00,1.10,28.07,17,17,0,0.22,0.20,0.30,27.70,17,17,0
1786078,0.36,0.30,0.40,28.45,17,17,0,1510.78,1501.30,1527.20,23.83,17,0,0,0.34,0.30,0.40,28.02,17,17,0,0.50,0.50,0.50,27.63,17,17,0,0.10,0.10,0.10,28.43,17,17,0,1.10,1.10,1.10,28.07,17,17,0,0.23,0.20,0.30,27.71,17,17,0
1786578,0.35,0.30,0.40,28.45,17,17,0,1536.28,1511.30,1553.60,23.84,17,0,0,0.35,0.30,0.40,28.01,17,17,0,0.50,0.50,0.50,27.62,17,17,0,0.09,0.00,0.10,28.46,17,17,0,1.07,1.00,1.10,28.08,17,17,0,0.21,0.20,0.30,27.71,17,17,0
1787078,0.36,0.30,0.40,28.45,17,17,0,1527.76,1512.30,1547.70,23.84,17,0,0,0.35,0.30,0.40,28.03,17,17,0,0.50,0.50,0.50,27.64,17,17,0,0.10,0.10,0.10,28.45,17,17,0,1.09,1.00,1.10,28.07,17,17,0,0.22,0.20,0.30,27.72,17,17,0
1787578,0.35,0.30,0.40,28.47,17,17,0,1531.61,1514.10,1551.60,23.82,17,0,0,0.34,0.30,0.40,28.02,17,17,0,0.51,0.50,0.60,27.63,17,17,0,0.08,0.00,0.10,28.44,17,17,0,1.07,1.00,1.10,28.07,17,17,0,0.22,0.20,0.30,27.70,17,17,0
1788078,0.36,0.30,0.40,28.46,17,17,0,1542.21,1526.20,1558.90,23.84,17,0,0,0.36,0.30,0.40,28.03,17,17,0,0.49,0.40,0.50,27.62,17,17,0,0.10,0.00,0.20,28.45,17,17,0,1.07,1.00,1.10,28.08,17,17,0,0.21,0.20,0.30,27.71,17,17,0
1788578,0.36,0.30,0.40,28.47,17,17,0,1518.78,1510.70,1529.60,23.83,17,0,0,0.36,0.30,0.40,28.02,17,17,0,0.51,0.50,0.60,27.64,17,17,0,0.09,0.00,0.10,28.45,17,17,0,1.06,1.00,1.10,28.07,17,17,0,0.20,0.20,0.20,27.71,17,17,0
1789078,0.34,0.30,0.40,28.46,18,18,0,1545.61,1537.50,1551.60,23.84,18,0,0,0.36,0.30,0.40,28.01,18,18,0,0.50,0.50,0.50,27.62,18,18,0,0.08,0.00,0.10,28.46,18,18,0,1.08,1.00,1.10,28.07,18,18,0,0.24,0.20,0.30,27.71,18,18,0
1789588,0.35,0.30,0.40,28.45,17,17,0,1524.95,1516.70,1535.30,23.83,17,0,0,0.32,0.30,0.40,28.03,17,17,0,0.51,0.50,0.60,27.64,17,17,0,0.10,0.10,0.10,28.45,17,17,0,1.07,1.00,1.10,28.07,17,17,0,0.24,0.20,0.30,27.73,17,17,0
1790093,0.33,0.30,0.40,28.45,17,17,0,1543.41,1522.10,1555.10,23.84,17,0,0,0.34,0.30,0.40,28.04,17,17,0,0.50,0.50,0.50,27.64,17,17,0,0.08,0.00,0.10,28.46,17,17,0,1.05,1.00,1.10,28.05,17,17,0,0.22,0.20,0.30,27.71,17,17,0
1790599,0.34,0.30,0.40,28.46,17,17,0,1538.69,1529.50,1551.80,23.83,17,0,0,0.35,0.30,0.40,28.02,17,17,0,0.50,0.50,0.50,27.65,17,17,0,0.11,0.10,0.20,28.46,17,17,0,1.07,1.00,1.10,28.07,17,17,0,0.22,0.20,0.30,27.72,17,17,0
1791099,0.35,0.30,0.40,28.44,17,17,0,1547.58,1531.10,1567.90,23.84,17,0,0,0.34,0.30,0.40,28.03,17,17,0,0.50,0.50,0.50,27.64,17,17,0,0.09,0.00,0.10,28.46,17,17,0,1.07,1.00,1.10,28.08,17,17,0,0.21,0.20,0.30,27.70,17,17,0
1791599,0.36,0.30,0.40,28.46,17,17,0,1568.75,1563.60,1576.80,23.81,17,0,0,0.35,0.30,0.40,28.02,17,17,0,0.50,0.50,0.50,27.64,17,17,0,0.08,0.00,0.10,28.45,17,17,0,1.07,1.00,1.10,28.08,17,17,0,0.22,0.20,0.30,27.72,17,17,0
1792099,0.35,0.30,0.40,28.45,17,17,0,1564.33,1560.70,1572.20,23.83,17,0,0,0.33,0.30,0.40,28.02,17,17,0,0.50,0.50,0.50,27.63,17,17,0,0.09,0.00,0.10,28.45,17,17,0,1.06,1.00,1.10,28.07,17,17,0,0.23,0.20,0.30,27.71,17,17,0
1792600,0.36,0.30,0.40,28.44,17,17,0,1589.52,1578.50,1597.10,23.82,17,0,0,0.36,0.30,0.40,28.03,17,17,0,0.51,0.50,0.60,27.64,17,17,0,0.10,0.10,0.10,28.45,17,17,0,1.05,1.00,1.10,28.08,17,17,0,0.23,0.20,0.30,27.71,17,17,0
1793104,0.32,0.30,0.40,28.46,17,17,0,1582.51,1578.80,1586.60,23.83,17,0,0,0.35,0.30,0.40,28.03,17,17,0,0.51,0.50,0.60,27.64,17,17,0,0.09,0.00,0.10,28.45,17,17,0,1.06,1.00,1.10,28.07,17,17,0,0.22,0.20,0.30,27.71,17,17,0
1793609,0.36,0.30,0.40,28.46,17,17,0,1609.71,1586.00,1624.40,23.82,17,0,0,0.34,0.30,0.40,28.04,17,17,0,0.49,0.40,0.50,27.64,17,17,0,0.08,0.00,0.10,28.44,17,17,0,1.06,1.00,1.10,28.06,17,17,0,0.23,0.20,0.30,27.74,17,17,0
1794109,0.33,0.30,0.40,28.48,17,17,0,1622.65,1613.30,1630.60,23.82,17,0,0,0.35,0.30,0.40,28.03,17,17,0,0.51,0.50,0.60,27.64,17,17,0,0.10,0.10,0.10,28.43,17,17,0,1.07,1.00,1.10,28.05,17,17,0,0.21,0.20,0.30,27.71,17,17,0
1794612,0.35,0.30,0.40,28.45,17,17,0,1614.32,1604.20,1627.70,23.82,17,0,0,0.34,0.30,0.40,28.04,17,17,0,0.51,0.50,0.60,27.64,17,17,0,0.09,0.00,0.10,28.46,17,17,0,1.07,1.00,1.10,28.08,17,17,0,0.23,0.20,0.30,27.71,17,17,0
1795112,0.35,0.30,0.40,28.45,18,18,0,1629.16,1621.80,1634.40,23.81,18,0,0,0.33,0.30,0.40,28.02,18,18,0,0.51,0.50,0.60,27.64,18,18,0,0.08,0.00,0.10,28.45,18,18,0,1.06,1.00,1.10,28.08,18,18,0,0.23,0.20,0.30,27.72,18,18,0
1795625,0.36,0.30,0.40,28.45,17,17,0,1610.40,1605.40,1616.70,23.81,17,0,0,0.34,0.30,0.40,28.03,17,17,0,0.50,0.50,0.50,27.64,17,17,0,0.09,0.00,0.10,28.45,17,17,0,1.08,1.00,1.10,28.07,17,17,0,0.20,0.20,0.20,27.72,17,17,0
1796125,0.33,0.30,0.40,28.44,18,18,0,1631.67,1618.10,1637.30,23.82,18,0,0,0.37,0.30,0.40,28.03,18,18,0,0.50,0.50,0.50,27.64,18,18,0,0.11,0.10,0.20,28.45,18,18,0,1.07,1.00,1.10,28.07,18,18,0,0.22,0.20,0.30,27.71,18,18,0
1796625,0.34,0.30,0.40,28.43,16,16,0,1608.66,1595.30,1626.00,23.81,16,0,0,0.35,0.30,0.40,28.03,16,16,0,0.51,0.50,0.60,27.65,16,16,0,0.09,0.00,0.10,28.47,16,16,0,1.08,1.00,1.10,28.07,16,16,0,0.21,0.20,0.30,27.72,16,16,0
1797125,0.37,0.30,0.40,28.47,17,17,0,1609.34,1596.10,1619.80,23.81,17,0,0,0.35,0.30,0.40,28.04,17,17,0,0.50,0.50,0.50,27.65,17,17,0,0.09,0.00,0.20,28.46,17,17,0,1.07,1.00,1.10,28.07,17,17,0,0.24,0.20,0.30,27.72,17,17,0
1797627,0.35,0.30,0.40,28.45,17,17,0,1602.93,1584.80,1615.20,23.83,17,0,0,0.32,0.30,0.40,28.03,17,17,0,0.50,0.50,0.50,27.64,17,17,0,0.11,0.10,0.20,28.44,17,17,0,1.06,1.00,1.10,28.08,17,17,0,0.21,0.20,0.30,27.70,17,17,0
1798127,0.33,0.30,0.40,28.45,17,17,0,1586.17,1574.10,1601.20,23.81,17,0,0,0.35,0.30,0.40,28.02,17,17,0,0.50,0.50,0.50,27.65,17,17,0,0.10,0.10,0.10,28.45,17,17,0,1.08,1.00,1.10,28.07,17,17,0,0.22,0.20,0.30,27.71,17,17,0
1798627,0.33,0.30,0.40,28.44,17,17,0,1594.38,1575.20,1606.40,23.80,17,0,0,0.36,0.30,0.40,28.03,17,17,0,0.50,0.50,0.50,27.65,17,17,0,0.10,0.10,0.10,28.45,17,17,0,1.09,1.00,1.10,28.07,17,17,0,0.23,0.20,0.30,27.70,17,17,0
1799127,0.33,0.30,0.40,28.45,17,17,0,1560.18,1551.00,1575.50,23.81,17,0,0,0.34,0.30,0.40,28.02,17,17,0,0.50,0.50,0.50,27.63,17,17,0,0.08,0.00,0.10,28.43,17,17,0,1.05,1.00,1.10,28.08,17,17,0,0.21,0.20,0.30,27.71,17,17,0
1799627,0.37,0.30,0.40,28.43,17,17,0,1577.94,1564.90,1584.80,23.82,17,0,0,0.34,0.30,0.40,28.03,17,17,0,0.51,0.50,0.60,27.64,17,17,0,0.09,0.00,0.20,28.44,17,17,0,1.10,1.10,1.10,28.07,17,17,0,0.22,0.20,0.30,27.71,17,17,0
1800127,0.35,0.30,0.40,28.46,17,17,0,1560.97,1550.30,1572.90,23.80,17,0,0,0.34,0.30,0.40,28.02,17,17,0,0.51,0.50,0.60,27.65,17,17,0,0.09,0.00,0.10,28.44,17,17,0,1.07,1.00,1.10,28.08,17,17,0,0.21,0.20,0.30,27.71,17,17,0
1800627,0.32,0.30,0.40,28.46,17,17,0,1562.71,1549.80,1577.90,23.81,17,0,0,0.34,0.30,0.40,28.04,17,17,0,0.51,0.50,0.60,27.65,17,17,0,0.09,0.00,0.10,28.45,17,17,0,1.06,1.00,1.10,28.07,17,17,0,0.21,0.20,0.30,27.71,17,17,0
1801127,0.35,0.30,0.40,28.46,17,17,0,1563.21,1549.90,1572.80,23.81,17,0,0,0.33,0.30,0.40,28.04,17,17,0,0.50,0.50,0.50,27.64,17,17,0,0.10,0.10,0.10,28.46,17,17,0,1.05,1.00,1.10,28.08,17,17,0,0.21,0.20,0.30,27.71,17,17,0
1801627,0.36,0.30,0.40,28.45,16,16,0,1537.44,1531.10,1543.60,23.80,16,0,0,0.34,0.30,0.40,28.03,16,16,0,0.51,0.50,0.60,27.63,16,16,0,0.08,0.00,0.10,28.46,16,16,0,1.06,1.00,1.10,28.08,16,16,0,0.21,0.20,0.30,27.71,16,16,0
1802127,0.33,0.30,0.40,28.46,18,18,0,1539.85,1527.10,1548.50,23.82,18,0,0,0.36,0.30,0.40,28.04,18,18,0,0.50,0.50,0.50,27.64,18,18,0,0.09,0.00,0.10,28.47,18,18,0,1.07,1.00,1.10,28.07,18,18,0,0.21,0.20,0.30,27.70,18,18,0
1802627,0.34,0.30,0.40,28.46,16,16,0,1510.78,1502.80,1520.90,23.80,16,0,0,0.34,0.30,0.40,28.03,16,16,0,0.51,0.50,0.60,27.64,16,16,0,0.09,0.00,0.10,28.46,16,16,0,1.09,1.00,1.10,28.08,16,16,0,0.21,0.20,0.30,27.73,16,16,0
1803127,0.34,0.30,0.40,28.45,17,17,0,1541.96,1521.10,1550.40,23.84,17,0,0,0.35,0.30,0.40,28.03,17,17,0,0.50,0.50,0.50,27.63,17,17,0,0.09,0.00,0.20,28.45,17,17,0,1.08,1.00,1.10,28.06,17,17,0,0.21,0.20,0.30,27.71,17,17,0
1803627,0.32,0.30,0.40,28.45,17,17,0,1529.59,1520.20,1542.20,23.82,17,0,0,0.32,0.30,0.40,28.03,17,17,0,0.50,0.50,0.50,27.63,17,17,0,0.09,0.00,0.10,28.45,17,17,0,1.08,1.00,1.10,28.08,17,17,0,0.21,0.20,0.30,27.70,17,17,0
1804127,0.35,0.30,0.40,28.45,17,17,0,1537.17,1525.20,1552.30,23.81,17,0,0,0.36,0.30,0.40,28.04,17,17,0,0.51,0.50,0.60,27.66,17,17,0,0.09,0.00,0.10,28.45,17,17,0,1.07,1.00,1.10,28.06,17,17,0,0.24,0.20,0.30,27.71,17,17,0
1804629,0.36,0.30,0.40,28.45,17,17,0,1536.96,1521.40,1550.60,23.83,17,0,0,0.34,0.30,0.40,28.03,17,17,0,0.51,0.50,0.60,27.64,17,17,0,0.08,0.00,0.10,28.45,17,17,0,1.07,1.00,1.10,28.08,17,17,0,0.22,0.20,0.30,27.73,17,17,0
1805129,0.36,0.30,0.40,28.44,17,17,0,1521.25,1515.50,1531.20,23.82,17,0,0,0.36,0.30,0.40,28.02,17,17,0,0.50,0.50,0.50,27.64,17,17,0,0.10,0.10,0.10,28.46,17,17,0,1.06,1.00,1.10,28.08,17,17,0,0.22,0.20,0.30,27.72,17,17,0
1805629,0.34,0.30,0.40,28.46,17,17,0,1533.38,1516.90,1543.50,23.83,17,0,0,0.36,0.30,0.40,28.03,17,17,0,0.50,0.50,0.50,27.64,17,17,0,0.09,0.00,0.10,28.47,17,17,0,1.06,1.00,1.10,28.08,17,17,0,0.22,0.20,0.30,27.71,17,17,0
1806130,0.35,0.30,0.40,28.45,17,17,0,1505.41,1500.50,1513.50,23.83,17,0,0,0.32,0.30,0.40,28.02,17,17,0,0.51,0.50,0.60,27.63,17,17,0,0.10,0.10,0.10,28.45,17,17,0,1.05,1.00,1.10,28.08,17,17,0,0.24,0.20,0.30,27.72,17,17,0
1806631,0.34,0.30,0.40,28.46,17,17,0,1539.28,1513.90,1549.90,23.82,17,0,0,0.33,0.30,0.40,28.04,17,17,0,0.51,0.50,0.60,27.64,17,17,0,0.09,0.00,0.10,28.45,17,17,0,1.09,1.00,1.10,28.10,17,17,0,0.22,0.20,0.30,27.71,17,17,0
1807131,0.35,0.30,0.40,28.45,17,17,0,1522.96,1514.60,1537.60,23.81,17,0,0,0.32,0.30,0.40,28.02,17,17,0,0.50,0.50,0.50,27.64,17,17,0,0.11,0.10,0.20,28.46,17,17,0,1.06,1.00,1.10,28.08,17,17,0,0.23,0.20,0.30,27.72,17,17,0
1807631,0.36,0.30,0.40,28.45,17,17,0,1531.54,1516.60,1549.10,23.83,17,0,0,0.32,0.30,0.40,28.02,17,17,0,0.50,0.40,0.60,27.64,17,17,0,0.09,0.00,0.10,28.45,17,17,0,1.06,1.00,1.10,28.08,17,17,0,0.21,0.20,0.30,27.72,17,17,0
1808131,0.32,0.30,0.40,28.47,17,17,0,1526.62,1512.30,1542.30,23.83,17,0,0,0.35,0.30,0.40,28.01,17,17,0,0.50,0.50,0.50,27.65,17,17,0,0.09,0.00,0.10,28.47,17,17,0,1.06,1.00,1.10,28.06,17,17,0,0.22,0.20,0.30,27.72,17,17,0
1808637,0.34,0.30,0.40,28.45,17,17,0,1511.80,1502.30,1530.90,23.84,17,0,0,0.36,0.30,0.40,28.03,17,17,0,0.51,0.50,0.60,27.63,17,17,0,0.09,0.00,0.10,28.46,17,17,0,1.07,1.00,1.10,28.07,17,17,0,0.22,0.20,0.30,27.71,17,17,0
1809137,0.34,0.30,0.40,28.44,18,18,0,1543.77,1528.50,1554.00,23.82,18,0,0,0.34,0.30,0.40,28.03,18,18,0,0.49,0.40,0.50,27.65,18,18,0,0.09,-0.10,0.20,28.44,18,18,0,1.06,1.00,1.10,28.07,18,18,0,0.21,0.20,0.30,27.72,18,18,0
1809637,0.31,0.30,0.40,28.45,17,17,0,1508.73,1499.60,1525.70,23.82,17,0,0,0.36,0.30,0.40,28.04,17,17,0,0.50,0.50,0.50,27.63,17,17,0,0.10,0.00,0.20,28.44,17,17,0,1.07,1.00,1.10,28.06,17,17,0,0.22,0.20,0.30,27.73,17,17,0
1810142,0.34,0.30,0.40,28.46,17,17,0,1538.51,1511.60,1551.90,23.82,17,0,0,0.35,0.30,0.40,28.03,17,17,0,0.51,0.50,0.60,27.65,17,17,0,0.09,0.00,0.10,28.45,17,17,0,1.06,1.00,1.10,28.08,17,17,0,0.24,0.20,0.30,27.72,17,17,0
1810642,0.35,0.30,0.40,28.45,17,17,0,1524.48,1514.30,1543.30,23.82,17,0,0,0.35,0.30,0.40,28.03,17,17,0,0.51,0.50,0.60,27.65,17,17,0,0.09,0.00,0.10,28.45,17,17,0,1.07,1.00,1.10,28.08,17,17,0,0.22,0.20,0.30,27.70,17,17,0
1811142,0.34,0.30,0.40,28.46,17,17,0,1527.64,1511.10,1546.10,23.83,17,0,0,0.35,0.30,0.40,28.02,17,17,0,0.51,0.50,0.60,27.63,17,17,0,0.11,0.10,0.20,28.45,17,17,0,1.08,1.00,1.10,28.07,17,17,0,0.24,0.20,0.30,27.71,17,17,0
1811644,0.35,0.30,0.40,28.44,17,17,0,1537.49,1519.30,1551.80,23.82,17,0,0,0.32,0.30,0.40,28.01,17,17,0,0.50,0.50,0.50,27.64,17,17,0,0.10,0.10,0.10,28.47,17,17,0,1.07,1.00,1.10,28.08,17,17,0,0.24,0.20,0.30,27.71,17,17,0
1812144,0.35,0.30,0.40,28.46,17,17,0,1520.47,1512.40,1535.40,23.83,17,0,0,0.35,0.30,0.40,28.03,17,17,0,0.50,0.50,0.50,27.64,17,17,0,0.09,0.00,0.10,28.44,17,17,0,1.07,1.00,1.10,28.06,17,17,0,0.22,0.20,0.30,27.70,17,17,0
1812644,0.34,0.30,0.40,28.46,17,17,0,1543.45,1533.00,1551.90,23.81,17,0,0,0.35,0.30,0.40,28.04,17,17,0,0.51,0.50,0.60,27.66,17,17,0,0.09,0.00,0.10,28.45,17,17,0,1.07,1.00,1.10,28.07,17,17,0,0.22,0.20,0.30,27.72,17,17,0
1813144,0.34,0.30,0.40,28.46,17,17,0,1521.77,1516.60,1527.80,23.82,17,0,0,0.34,0.30,0.40,28.01,17,17,0,0.51,0.50,0.60,27.64,17,17,0,0.09,0.00,0.10,28.46,17,17,0,1.06,1.00,1.10,28.08,17,17,0,0.22,0.20,0.30,27.72,17,17,0
1813644,0.36,0.30,0.40,28.45,18,18,0,1544.45,1521.90,1555.80,23.83,18,0,0,0.34,0.30,0.40,28.02,18,18,0,0.51,0.50,0.60,27.66,18,18,0,0.11,0.10,0.20,28.46,18,18,0,1.08,1.00,1.10,28.08,18,18,0,0.24,0.20,0.30,27.71,18,18,0
1814157,0.33,0.30,0.40,28.46,17,17,0,1538.61,1531.30,1550.00,23.83,17,0,0,0.34,0.30,0.40,28.01,17,17,0,0.49,0.40,0.50,27.64,17,17,0,0.09,0.00,0.10,28.45,17,17,0,1.05,1.00,1.10,28.09,17,17,0,0.22,0.20,0.30,27.70,17,17,0
1814657,0.36,0.30,0.40,28.46,17,17,0,1547.38,1533.40,1561.60,23.82,17,0,0,0.35,0.30,0.40,28.02,17,17,0,0.51,0.50,0.60,27.65,17,17,0,0.09,0.00,0.10,28.46,17,17,0,1.08,1.00,1.10,28.08,17,17,0,0.22,0.20,0.30,27.72,17,17,0
1815157,0.34,0.30,0.40,28.45,17,17,0,1558.42,1549.40,1564.70,23.82,17,0,0,0.36,0.30,0.40,28.01,17,17,0,0.50,0.50,0.50,27.65,17,17,0,0.10,0.00,0.20,28.46,17,17,0,1.06,1.00,1.10,28.09,17,17,0,0.23,0.20,0.30,27.72,17,17,0
1815662,0.35,0.30,0.40,28.46,17,17,0,1558.64,1551.40,1575.30,23.83,17,0,0,0.34,0.30,0.40,28.01,17,17,0,0.51,0.50,0.60,27.64,17,17,0,0.09,0.00,0.10,28.45,17,17,0,1.08,1.00,1.10,28.09,17,17,0,0.22,0.20,0.30,27.71,17,17,0
1816162,0.37,0.30,0.40,28.45,17,17,0,1586.66,1580.30,1593.60,23.82,17,0,0,0.33,0.30,0.40,28.01,17,17,0,0.50,0.50,0.50,27.64,17,17,0,0.09,0.00,0.10,28.46,17,17,0,1.05,1.00,1.10,28.07,17,17,0,0.22,0.20,0.30,27.71,17,17,0
1816662,0.34,0.30,0.40,28.46,17,17,0,1575.14,1571.40,1579.50,23.82,17,0,0,0.35,0.30,0.40,28.02,17,17,0,0.50,0.50,0.50,27.64,17,17,0,0.10,0.10,0.10,28.46,17,17,0,1.06,1.00,1.10,28.06,17,17,0,0.24,0.20,0.30,27.70,17,17,0
1817162,0.34,0.30,0.40,28.47,17,17,0,1602.08,1578.60,1615.00,23.81,17,0,0,0.34,0.30,0.40,28.03,17,17,0,0.50,0.50,0.50,27.65,17,17,0,0.09,0.00,0.10,28.47,17,17,0,1.08,1.00,1.10,28.07,17,17,0,0.22,0.20,0.30,27.74,17,17,0
1817662,0.35,0.30,0.40,28.45,17,17,0,1604.01,1596.50,1613.60,23.82,17,0,0,0.34,0.30,0.40,28.03,17,17,0,0.49,0.40,0.50,27.64,17,17,0,0.09,0.00,0.10,28.46,17,17,0,1.06,1.00,1.10,28.08,17,17,0,0.22,0.20,0.30,27.71,17,17,0
1818162,0.33,0.30,0.40,28.46,17,17,0,1611.52,1598.20,1632.10,23.81,17,0,0,0.34,0.30,0.40,28.03,17,17,0,0.51,0.50,0.60,27.62,17,17,0,0.10,0.00,0.20,28.45,17,17,0,1.07,1.00,1.10,28.08,17,17,0,0.22,0.20,0.30,27.71,17,17,0
1818662,0.32,0.30,0.40,28.45,17,17,0,1620.18,1604.30,1636.10,23.82,17,0,0,0.36,0.30,0.40,28.01,17,17,0,0.51,0.50,0.60,27.65,17,17,0,0.09,0.00,0.10,28.47,17,17,0,1.07,1.00,1.10,28.08,17,17,0,0.23,0.20,0.30,27.71,17,17,0
1819162,0.35,0.30,0.40,28.47,17,17,0,1592.78,1583.30,1602.70,23.82,17,0,0,0.34,0.30,0.40,28.01,17,17,0,0.50,0.50,0.50,27.64,17,17,0,0.10,0.00,0.20,28.45,17,17,0,1.07,1.00,1.20,28.07,17,17,0,0.25,0.20,0.30,27.71,17,17,0
1819662,0.35,0.30,0.40,28.45,17,17,0,1621.18,1610.00,1627.20,23.81,17,0,0,0.33,0.30,0.40,28.02,17,17,0,0.50,0.50,0.50,27.64,17,17,0,0.09,0.00,0.10,28.44,17,17,0,1.06,1.00,1.10,28.07,17,17,0,0.23,0.20,0.30,27.71,17,17,0
1820173,0.34,0.30,0.40,28.45,17,17,0,1598.38,1590.70,1609.40,23.83,17,0,0,0.33,0.30,0.40,28.01,17,17,0,0.50,0.50,0.50,27.63,17,17,0,0.09,0.00,0.10,28.46,17,17,0,1.08,1.00,1.10,28.08,17,17,0,0.22,0.20,0.30,27.71,17,17,0
1820673,0.35,0.30,0.40,28.46,17,17,0,1613.56,1593.30,1624.80,23.81,17,0,0,0.33,0.30,0.40,28.05,17,17,0,0.50,0.50,0.50,27.65,17,17,0,0.10,0.10,0.10,28.44,17,17,0,1.05,1.00,1.10,28.09,17,17,0,0.22,0.20,0.30,27.71,17,17,0
1821173,0.33,0.30,0.40,28.46,17,17,0,1594.29,1576.60,1617.50,23.81,17,0,0,0.35,0.30,0.40,28.03,17,17,0,0.51,0.50,0.60,27.64,17,17,0,0.09,0.00,0.10,28.45,17,17,0,1.06,1.00,1.10,28.07,17,17,0,0.22,0.20,0.30,27.73,17,17,0
1821674,0.32,0.30,0.40,28.46,17,17,0,1581.02,1571.60,1597.20,23.82,17,0,0,0.35,0.30,0.40,28.03,17,17,0,0.51,0.50,0.60,27.64,17,17,0,0.09,0.00,0.10,28.44,17,17,0,1.07,1.00,1.10,28.07,17,17,0,0.22,0.20,0.30,27.72,17,17,0
1822174,0.35,0.30,0.40,28.44,17,17,0,1592.46,1573.50,1605.10,23.80,17,0,0,0.34,0.30,0.40,28.02,17,17,0,0.51,0.50,0.60,27.65,17,17,0,0.09,0.00,0.10,28.45,17,17,0,1.06,1.00,1.10,28.07,17,17,0,0.24,0.20,0.30,27.73,17,17,0
1822674,0.35,0.30,0.40,28.46,17,17,0,1564.45,1557.70,1571.80,23.83,17,0,0,0.35,0.30,0.40,28.01,17,17,0,0.51,0.50,0.60,27.66,17,17,0,0.09,0.00,0.10,28.45,17,17,0,1.08,1.00,1.10,28.07,17,17,0,0.24,0.20,0.30,27.73,17,17,0
1823174,0.34,0.30,0.40,28.45,17,17,0,1586.60,1575.00,1593.00,23.80,17,0,0,0.34,0.30,0.40,28.02,17,17,0,0.50,0.50,0.50,27.65,17,17,0,0.08,0.00,0.20,28.45,17,17,0,1.06,1.00,1.10,28.07,17,17,0,0.22,0.20,0.30,27.72,17,17,0
1823674,0.34,0.30,0.40,28.44,17,17,0,1566.12,1557.60,1578.90,23.80,17,0,0,0.34,0.30,0.40,28.02,17,17,0,0.50,0.50,0.50,27.64,17,17,0,0.10,0.00,0.20,28.45,17,17,0,1.08,1.00,1.10,28.07,17,17,0,0.22,0.20,0.30,27.73,17,17,0
1824174,0.31,0.30,0.40,28.45,17,17,0,1568.28,1555.00,1578.80,23.80,17,0,0,0.34,0.30,0.40,28.04,17,17,0,0.51,0.50,0.60,27.65,17,17,0,0.09,0.00,0.10,28.45,17,17,0,1.08,1.00,1.10,28.09,17,17,0,0.22,0.20,0.30,27.73,17,17,0
1824674,0.33,0.30,0.40,28.46,17,17,0,1558.25,1541.80,1573.20,23.82,17,0,0,0.36,0.30,0.40,28.02,17,17,0,0.51,0.50,0.60,27.65,17,17,0,0.09,0.00,0.10,28.46,17,17,0,1.07,1.00,1.10,28.06,17,17,0,0.23,0.20,0.30,27.73,17,17,0
1825174,0.32,0.30,0.40,28.45,17,17,0,1543.99,1535.40,1555.90,23.84,17,0,0,0.35,0.30,0.40,28.05,17,17,0,0.51,0.50,0.60,27.64,17,17,0,0.09,0.00,0.10,28.46,17,17,0,1.05,1.00,1.10,28.07,17,17,0,0.21,0.20,0.30,27.73,17,17,0
1825674,0.35,0.30,0.40,28.44,17,17,0,1550.65,1539.10,1559.50,23.82,17,0,0,0.36,0.30,0.40,28.04,17,17,0,0.51,0.50,0.60,27.63,17,17,0,0.09,0.00,0.10,28.46,17,17,0,1.06,1.00,1.10,28.09,17,17,0,0.21,0.20,0.30,27.73,17,17,0
1826174,0.34,0.30,0.40,28.47,17,17,0,1529.92,1526.70,1533.30,23.81,17,0,0,0.35,0.30,0.40,28.01,17,17,0,0.50,0.50,0.50,27.64,17,17,0,0.10,0.10,0.10,28.44,17,17,0,1.09,1.00,1.10,28.08,17,17,0,0.23,0.20,0.30,27.73,17,17,0
1826674,0.34,0.30,0.40,28.44,18,18,0,1543.56,1533.30,1549.00,23.82,18,0,0,0.36,0.30,0.40,28.01,18,18,0,0.50,0.50,0.50,27.64,18,18,0,0.10,0.00,0.20,28.45,18,18,0,1.07,1.00,1.10,28.08,18,18,0,0.23,0.20,0.30,27.72,18,18,0
1827181,0.38,0.30,0.40,28.45,17,17,0,1518.22,1507.70,1536.80,23.82,17,0,0,0.34,0.30,0.40,28.02,17,17,0,0.50,0.50,0.50,27.64,17,17,0,0.08,-0.10,0.10,28.47,17,17,0,1.09,1.00,1.10,28.07,17,17,0,0.23,0.20,0.30,27.74,17,17,0
1827683,0.34,0.30,0.40,28.46,17,17,0,1530.61,1512.50,1548.70,23.84,17,0,0,0.35,0.30,0.40,28.04,17,17,0,0.50,0.50,0.50,27.65,17,17,0,0.10,0.10,0.10,28.45,17,17,0,1.05,1.00,1.10,28.07,17,17,0,0.24,0.20,0.30,27.72,17,17,0
1828194,0.33,0.30,0.40,28.45,17,17,0,1527.51,1510.80,1546.30,23.79,17,0,0,0.34,0.30,0.40,28.02,17,17,0,0.51,0.50,0.60,27.65,17,17,0,0.09,0.00,0.10,28.44,17,17,0,1.08,1.00,1.10,28.07,17,17,0,0.22,0.20,0.30,27.73,17,17,0
1828694,0.36,0.30,0.40,28.45,17,17,0,1516.66,1505.40,1536.70,23.83,17,0,0,0.35,0.30,0.40,28.03,17,17,0,0.51,0.50,0.60,27.66,17,17,0,0.09,0.00,0.10,28.45,17,17,0,1.08,1.00,1.10,28.08,17,17,0,0.22,0.20,0.30,27.72,17,17,0
1829194,0.33,0.30,0.40,28.47,17,17,0,1538.41,1522.40,1550.30,23.81,17,0,0,0.35,0.30,0.40,28.02,17,17,0,0.50,0.40,0.60,27.63,17,17,0,0.08,0.00,0.10,28.46,17,17,0,1.09,1.00,1.10,28.09,17,17,0,0.23,0.20,0.30,27.72,17,17,0
1829699,0.34,0.30,0.40,28.46,17,17,0,1514.03,1507.00,1526.50,23.81,17,0,0,0.35,0.30,0.40,28.02,17,17,0,0.50,0.50,0.50,27.65,17,17,0,0.10,0.10,0.10,28.44,17,17,0,1.05,1.00,1.10,28.08,17,17,0,0.23,0.20,0.30,27.72,17,17,0
1830199,0.35,0.30,0.40,28.46,17,17,0,1547.12,1533.80,1556.50,23.80,17,0,0,0.34,0.30,0.40,28.04,17,17,0,0.51,0.50,0.60,27.64,17,17,0,0.09,0.00,0.20,28.46,17,17,0,1.08,1.00,1.10,28.08,17,17,0,0.22,0.20,0.30,27.72,17,17,0
1830699,0.34,0.30,0.40,28.46,17,17,0,1520.52,1510.40,1537.10,23.82,17,0,0,0.34,0.30,0.40,28.03,17,17,0,0.51,0.50,0.60,27.66,17,17,0,0.09,0.00,0.10,28.45,17,17,0,1.09,1.00,1.10,28.08,17,17,0,0.21,0.20,0.30,27.74,17,17,0
1831199,0.33,0.30,0.40,28.45,17,17,0,1535.65,1515.30,1551.20,23.81,17,0,0,0.35,0.30,0.40,28.03,17,17,0,0.51,0.50,0.60,27.68,17,17,0,0.09,0.00,0.10,28.45,17,17,0,1.07,1.00,1.10,28.09,17,17,0,0.25,0.20,0.30,27.73,17,17,0
1831699,0.33,0.30,0.40,28.46,17,17,0,1523.95,1505.60,1549.00,23.82,17,0,0,0.35,0.30,0.40,28.02,17,17,0,0.50,0.50,0.50,27.65,17,17,0,0.08,0.00,0.10,28.46,17,17,0,1.06,1.00,1.10,28.07,17,17,0,0.21,0.20,0.30,27.72,17,17,0
1832199,0.34,0.30,0.40,28.45,17,17,0,1508.10,1490.30,1535.90,23.81,17,0,0,0.34,0.30,0.40,28.02,17,17,0,0.50,0.50,0.50,27.64,17,17,0,0.09,0.00,0.20,28.46,17,17,0,1.07,1.00,1.10,28.08,17,17,0,0.22,0.20,0.30,27.70,17,17,0
1832699,0.33,0.30,0.40,28.46,17,17,0,1543.34,1527.60,1552.60,23.81,17,0,0,0.35,0.30,0.40,28.03,17,17,0,0.50,0.50,0.50,27.65,17,17,0,0.09,0.00,0.10,28.45,17,17,0,1.08,1.00,1.10,28.08,17,17,0,0.21,0.20,0.30,27.71,17,17,0
1833201,0.35,0.30,0.40,28.45,17,17,0,1505.26,1495.10,1522.90,23.81,17,0,0,0.34,0.30,0.40,28.02,17,17,0,0.51,0.50,0.60,27.64,17,17,0,0.09,0.00,0.10,28.47,17,17,0,1.07,1.00,1.10,28.08,17,17,0,0.21,0.20,0.30,27.73,17,17,0
1833701,0.34,0.30,0.40,28.46,17,17,0,1540.01,1515.90,1549.60,23.81,17,0,0,0.35,0.30,0.40,28.01,17,17,0,0.51,0.50,0.60,27.65,17,17,0,0.09,0.00,0.10,28.46,17,17,0,1.05,1.00,1.10,28.09,17,17,0,0.22,0.20,0.30,27.71,17,17,0
1834201,0.35,0.30,0.40,28.46,17,17,0,1516.86,1502.40,1538.20,23.81,17,0,0,0.36,0.30,0.40,28.02,17,17,0,0.51,0.50,0.60,27.64,17,17,0,0.08,0.00,0.10,28.46,17,17,0,1.07,1.00,1.10,28.08,17,17,0,0.23,0.20,0.30,27.74,17,17,0
1834702,0.35,0.30,0.40,28.45,17,17,0,1527.85,1506.00,1550.20,23.80,17,0,0,0.33,0.30,0.40,28.04,17,17,0,0.51,0.50,0.60,27.65,17,17,0,0.09,0.00,0.10,28.44,17,17,0,1.08,1.00,1.10,28.08,17,17,0,0.21,0.20,0.30,27.73,17,17,0
1835202,0.34,0.30,0.40,28.46,17,17,0,1526.37,1509.80,1548.60,23.81,17,0,0,0.35,0.30,0.40,28.02,17,17,0,0.50,0.50,0.50,27.66,17,17,0,0.09,0.00,0.10,28.46,17,17,0,1.06,1.00,1.10,28.08,17,17,0,0.21,0.20,0.30,27.72,17,17,0
1835702,0.32,0.30,0.40,28.44,17,17,0,1508.95,1496.70,1531.30,23.83,17,0,0,0.37,0.30,0.40,28.04,17,17,0,0.50,0.50,0.50,27.65,17,17,0,0.09,0.00,0.10,28.46,17,17,0,1.07,1.00,1.10,28.08,17,17,0,0.25,0.10,0.30,27.73,17,17,0
1836202,0.34,0.30,0.40,28.45,17,17,0,1544.49,1533.20,1552.10,23.82,17,0,0,0.32,0.30,0.40,28.03,17,17,0,0.50,0.50,0.50,27.66,17,17,0,0.09,0.00,0.10,28.46,17,17,0,1.08,1.00,1.10,28.08,17,17,0,0.23,0.20,0.30,27.73,17,17,0
1836702,0.35,0.30,0.40,28.46,17,17,0,1520.31,1513.80,1529.70,23.81,17,0,0,0.36,0.30,0.40,28.03,17,17,0,0.51,0.50,0.60,27.65,17,17,0,0.09,0.00,0.10,28.45,17,17,0,1.06,1.00,1.10,28.09,17,17,0,0.23,0.20,0.30,27.72,17,17,0
1837204,0.35,0.30,0.40,28.44,17,17,0,1541.99,1524.50,1550.70,23.80,17,0,0,0.36,0.30,0.40,28.02,17,17,0,0.50,0.50,0.50,27.65,17,17,0,0.09,0.00,0.10,28.47,17,17,0,1.06,1.00,1.10,28.09,17,17,0,0.22,0.20,0.30,27.72,17,17,0
1837704,0.35,0.30,0.40,28.45,17,17,0,1531.61,1525.60,1543.90,23.80,17,0,0,0.35,0.30,0.40,28.03,17,17,0,0.50,0.50,0.50,27.67,17,17,0,0.08,0.00,0.10,28.46,17,17,0,1.08,1.00,1.10,28.10,17,17,0,0.23,0.20,0.30,27.71,17,17,0
1838204,0.35,0.30,0.40,28.45,17,17,0,1545.08,1529.60,1562.90,23.80,17,0,0,0.36,0.30,0.40,28.02,17,17,0,0.50,0.50,0.50,27.66,17,17,0,0.09,0.00,0.10,28.46,17,17,0,1.06,1.00,1.10,28.08,17,17,0,0.26,0.20,0.30,27.73,17,17,0
1838707,0.35,0.30,0.40,28.45,16,16,0,1558.61,1552.40,1565.30,23.80,16,0,0,0.34,0.30,0.40,28.03,16,16,0,0.52,0.50,0.60,27.66,16,16,0,0.09,0.00,0.10,28.46,16,16,0,1.08,1.00,1.10,28.08,16,16,0,0.24,0.20,0.30,27.74,16,16,0
1839215,0.34,0.30,0.40,28.46,17,17,0,1557.38,1550.40,1570.50,23.80,17,0,0,0.34,0.30,0.40,28.04,17,17,0,0.51,0.40,0.60,27.65,17,17,0,0.08,0.00,0.10,28.46,17,17,0,1.06,1.00,1.10,28.07,17,17,0,0.24,0.20,0.30,27.72,17,17,0
1839715,0.37,0.30,0.40,28.46,17,17,0,1583.26,1576.20,1589.80,23.78,17,0,0,0.34,0.30,0.40,28.02,17,17,0,0.50,0.50,0.50,27.65,17,17,0,0.09,0.00,0.20,28.45,17,17,0,1.06,1.00,1.10,28.06,17,17,0,0.24,0.20,0.30,27.72,17,17,0
1840215,0.33,0.30,0.40,28.45,17,17,0,1574.18,1570.20,1579.10,23.81,17,0,0,0.38,0.30,0.40,28.03,17,17,0,0.50,0.50,0.50,27.65,17,17,0,0.09,0.00,0.10,28.47,17,17,0,1.05,1.00,1.10,28.06,17,17,0,0.23,0.20,0.30,27.72,17,17,0
1840721,0.34,0.30,0.40,28.47,17,17,0,1598.64,1579.50,1609.20,23.78,17,0,0,0.34,0.30,0.40,28.03,17,17,0,0.50,0.50,0.50,27.65,17,17,0,0.10,0.10,0.10,28.47,17,17,0,1.07,1.00,1.10,28.09,17,17,0,0.24,0.20,0.30,27.74,17,17,0
1841226,0.34,0.30,0.40,28.45,17,17,0,1587.37,1577.20,1599.60,23.78,17,0,0,0.34,0.30,0.40,28.03,17,17,0,0.51,0.50,0.60,27.64,17,17,0,0.10,0.10,0.10,28.46,17,17,0,1.08,1.00,1.10,28.08,17,17,0,0.22,0.20,0.30,27.71,17,17,0
1841726,0.35,0.30,0.40,28.46,17,17,0,1590.15,1575.70,1607.40,23.79,17,0,0,0.34,0.30,0.40,28.03,17,17,0,0.50,0.50,0.50,27.67,17,17,0,0.09,0.00,0.10,28.46,17,17,0,1.08,1.00,1.10,28.08,17,17,0,0.22,0.20,0.30,27.72,17,17,0
1842226,0.35,0.30,0.40,28.45,17,17,0,1603.88,1589.40,1615.80,23.79,17,0,0,0.33,0.30,0.40,28.04,17,17,0,0.50,0.50,0.50,27.66,17,17,0,0.10,0.10,0.10,28.45,17,17,0,1.09,1.00,1.10,28.07,17,17,0,0.24,0.20,0.30,27.73,17,17,0
1842726,0.35,0.30,0.40,28.47,17,17,0,1583.80,1577.60,1590.80,23.78,17,0,0,0.33,0.30,0.40,28.04,17,17,0,0.50,0.50,0.50,27.65,17,17,0,0.10,0.10,0.10,28.45,17,17,0,1.06,1.00,1.10,28.08,17,17,0,0.24,0.20,0.30,27.72,17,17,0
1843226,0.35,0.30,0.40,28.47,17,17,0,1606.41,1592.70,1612.80,23.80,17,0,0,0.36,0.30,0.40,28.03,17,17,0,0.50,0.50,0.50,27.65,17,17,0,0.09,0.00,0.10,28.45,17,17,0,1.05,1.00,1.10,28.08,17,17,0,0.25,0.20,0.30,27.73,17,17,0
1843731,0.34,0.30,0.40,28.47,17,17,0,1571.83,1560.30,1591.30,23.80,17,0,0,0.34,0.30,0.40,28.04,17,17,0,0.51,0.50,0.60,27.65,17,17,0,0.09,0.00,0.10,28.45,17,17,0,1.06,1.00,1.10,28.07,17,17,0,0.24,0.20,0.30,27.71,17,17,0
1844242,0.36,0.30,0.40,28.45,16,16,0,1579.79,1565.30,1586.80,23.80,16,0,0,0.35,0.30,0.40,28.04,16,16,0,0.50,0.50,0.50,27.65,16,16,0,0.10,0.10,0.10,28.47,16,16,0,1.08,1.00,1.10,28.09,16,16,0,0.23,0.20,0.30,27.72,16,16,0
1844742,0.34,0.30,0.40,28.46,17,17,0,1548.32,1529.00,1573.10,23.79,17,0,0,0.35,0.30,0.40,28.03,17,17,0,0.50,0.50,0.50,27.65,17,17,0,0.09,0.00,0.10,28.45,17,17,0,1.05,1.00,1.10,28.08,17,17,0,0.22,0.20,0.30,27.71,17,17,0
1845254,0.37,0.30,0.40,28.48,17,17,0,1551.06,1529.50,1581.10,23.81,17,0,0,0.35,0.30,0.40,28.02,17,17,0,0.50,0.50,0.50,27.65,17,17,0,0.08,0.00,0.10,28.44,17,17,0,1.06,1.00,1.10,28.09,17,17,0,0.23,0.20,0.30,27.73,17,17,0
1845765,0.34,0.30,0.40,28.46,17,17,0,1560.05,1542.50,1579.90,23.81,17,0,0,0.34,0.30,0.40,28.04,17,17,0,0.51,0.50,0.60,27.65,17,17,0,0.09,0.00,0.10,28.46,17,17,0,1.06,1.00,1.10,28.10,17,17,0,0.24,0.20,0.30,27.75,17,17,0
1846265,0.34,0.30,0.40,28.47,17,17,0,1535.16,1530.00,1543.50,23.79,17,0,0,0.33,0.30,0.40,28.03,17,17,0,0.51,0.50,0.60,27.66,17,17,0,0.10,0.10,0.10,28.46,17,17,0,1.06,1.00,1.10,28.09,17,17,0,0.24,0.20,0.30,27.74,17,17,0
1846765,0.34,0.30,0.40,28.46,17,17,0,1549.62,1538.10,1557.20,23.80,17,0,0,0.35,0.30,0.40,28.05,17,17,0,0.50,0.50,0.50,27.64,17,17,0,0.10,0.10,0.10,28.46,17,17,0,1.07,1.00,1.10,28.08,17,17,0,0.24,0.20,0.30,27.72,17,17,0
1847267,0.34,0.30,0.40,28.46,17,17,0,1520.68,1515.20,1530.80,23.79,17,0,0,0.33,0.30,0.40,28.04,17,17,0,0.51,0.50,0.60,27.66,17,17,0,0.09,0.00,0.10,28.44,17,17,0,1.08,1.00,1.10,28.08,17,17,0,0.21,0.20,0.30,27.74,17,17,0
1847767,0.32,0.30,0.40,28.45,17,17,0,1531.99,1521.70,1539.70,23.81,17,0,0,0.36,0.30,0.40,28.03,17,17,0,0.51,0.50,0.60,27.66,17,17,0,0.10,0.10,0.10,28.46,17,17,0,1.08,1.00,1.10,28.09,17,17,0,0.22,0.20,0.30,27.72,17,17,0
1848267,0.33,0.30,0.40,28.47,16,16,0,1508.28,1497.40,1523.10,23.80,16,0,0,0.34,0.30,0.40,28.04,16,16,0,0.50,0.50,0.50,27.64,16,16,0,0.10,0.10,0.10,28.46,16,16,0,1.05,1.00,1.10,28.08,16,16,0,0.21,0.20,0.30,27.74,16,16,0
1848770,0.36,0.30,0.40,28.45,17,17,0,1512.59,1501.20,1524.90,23.81,17,0,0,0.34,0.30,0.40,28.03,17,17,0,0.50,0.50,0.50,27.65,17,17,0,0.09,0.00,0.10,28.46,17,17,0,1.05,1.00,1.10,28.08,17,17,0,0.24,0.20,0.30,27.73,17,17,0
1849278,0.32,0.30,0.40,28.47,17,17,0,1508.36,1493.70,1524.90,23.78,17,0,0,0.34,0.30,0.40,28.03,17,17,0,0.50,0.50,0.50,27.65,17,17,0,0.09,0.00,0.10,28.46,17,17,0,1.05,1.00,1.10,28.09,17,17,0,0.21,0.20,0.30,27.73,17,17,0
1849781,0.34,0.30,0.40,28.46,17,17,0,1491.04,1487.00,1499.90,23.81,17,0,0,0.34,0.30,0.40,28.05,17,17,0,0.50,0.50,0.50,27.66,17,17,0,0.09,0.00,0.10,28.46,17,17,0,1.06,1.00,1.10,28.09,17,17,0,0.22,0.20,0.30,27.71,17,17,0
1850281,0.38,0.30,0.40,28.44,17,17,0,1505.98,1489.10,1516.00,23.81,17,0,0,0.36,0.30,0.40,28.04,17,17,0,0.51,0.50,0.60,27.64,17,17,0,0.09,0.00,0.10,28.49,17,17,0,1.08,1.00,1.10,28.08,17,17,0,0.23,0.20,0.30,27.72,17,17,0
1850781,0.34,0.30,0.40,28.46,17,17,0,1479.18,1475.60,1485.40,23.79,17,0,0,0.32,0.30,0.40,28.04,17,17,0,0.50,0.50,0.50,27.64,17,17,0,0.09,0.00,0.10,28.45,17,17,0,1.08,1.00,1.10,28.09,17,17,0,0.22,0.20,0.30,27.74,17,17,0
1851281,0.37,0.30,0.40,28.47,16,16,0,1503.66,1483.40,1514.30,23.81,16,0,0,0.34,0.30,0.40,28.04,16,16,0,0.50,0.50,0.50,27.64,16,16,0,0.08,0.00,0.10,28.47,16,16,0,1.07,1.00,1.10,28.09,16,16,0,0.23,0.20,0.30,27.74,16,16,0
1851781,0.35,0.30,0.40,28.45,16,16,0,1483.56,1469.10,1502.70,23.80,16,0,0,0.36,0.30,0.40,28.02,16,16,0,0.51,0.50,0.60,27.66,16,16,0,0.09,0.00,0.10,28.48,16,16,0,1.08,1.00,1.10,28.10,16,16,0,0.22,0.10,0.30,27.72,16,16,0
1852281,0.32,0.30,0.40,28.46,17,17,0,1484.61,1468.00,1507.30,23.81,17,0,0,0.36,0.30,0.40,28.04,17,17,0,0.51,0.50,0.60,27.66,17,17,0,0.10,0.10,0.10,28.47,17,17,0,1.05,1.00,1.10,28.09,17,17,0,0.25,0.20,0.30,27.72,17,17,0
1852786,0.34,0.30,0.40,28.47,17,17,0,1494.79,1480.30,1511.30,23.82,17,0,0,0.32,0.30,0.40,28.03,17,17,0,0.50,0.50,0.50,27.67,17,17,0,0.10,0.00,0.20,28.46,17,17,0,1.07,1.00,1.10,28.10,17,17,0,0.23,0.20,0.30,27.73,17,17,0
1853286,0.32,0.30,0.40,28.45,17,17,0,1478.72,1473.30,1491.80,23.81,17,0,0,0.33,0.30,0.40,28.02,17,17,0,0.50,0.50,0.50,27.67,17,17,0,0.09,0.00,0.10,28.47,17,17,0,1.07,1.00,1.10,28.09,17,17,0,0.24,0.20,0.30,27.74,17,17,0
1853786,0.35,0.30,0.40,28.47,17,17,0,1510.32,1498.10,1519.70,23.79,17,0,0,0.35,0.30,0.40,28.03,17,17,0,0.49,0.40,0.50,27.67,17,17,0,0.09,0.00,0.10,28.45,17,17,0,1.08,1.00,1.10,28.08,17,17,0,0.23,0.20,0.30,27.74,17,17,0
1854286,0.34,0.30,0.40,28.46,17,17,0,1479.01,1471.50,1493.70,23.79,17,0,0,0.34,0.30,0.40,28.04,17,17,0,0.50,0.50,0.50,27.66,17,17,0,0.08,0.00,0.10,28.46,17,17,0,1.08,1.00,1.10,28.09,17,17,0,0.22,0.20,0.30,27.72,17,17,0
1854798,0.35,0.30,0.40,28.45,18,18,0,1499.19,1475.60,1508.90,23.81,18,0,0,0.33,0.30,0.40,28.04,18,18,0,0.51,0.50,0.60,27.67,18,18,0,0.10,0.10,0.10,28.46,18,18,0,1.07,1.00,1.10,28.08,18,18,0,0.23,0.20,0.30,27.72,18,18,0
1855301,0.34,0.30,0.40,28.46,17,17,0,1476.35,1458.50,1500.40,23.81,17,0,0,0.34,0.30,0.40,28.03,17,17,0,0.50,0.50,0.50,27.67,17,17,0,0.09,0.00,0.10,28.47,17,17,0,1.08,1.00,1.10,28.08,17,17,0,0.24,0.20,0.30,27.72,17,17,0
1855812,0.33,0.30,0.40,28.46,17,17,0,1485.05,1459.10,1513.30,23.80,17,0,0,0.35,0.30,0.40,28.02,17,17,0,0.51,0.50,0.60,27.65,17,17,0,0.10,0.00,0.20,28.46,17,17,0,1.05,1.00,1.10,28.09,17,17,0,0.23,0.20,0.30,27.73,17,17,0
1856312,0.35,0.30,0.40,28.46,17,17,0,1509.45,1491.50,1526.20,23.80,17,0,0,0.34,0.30,0.40,28.04,17,17,0,0.50,0.50,0.50,27.67,17,17,0,0.08,0.00,0.10,28.46,17,17,0,1.07,1.00,1.10,28.09,17,17,0,0.22,0.20,0.30,27.74,17,17,0
1856812,0.36,0.30,0.40,28.46,17,17,0,1474.15,1464.70,1485.60,23.82,17,0,0,0.35,0.30,0.40,28.03,17,17,0,0.50,0.40,0.60,27.67,17,17,0,0.09,0.00,0.10,28.48,17,17,0,1.09,1.00,1.10,28.08,17,17,0,0.22,0.20,0.30,27.72,17,17,0
1857315,0.36,0.30,0.40,28.45,17,17,0,1509.81,1498.80,1518.70,23.80,17,0,0,0.36,0.30,0.40,28.04,17,17,0,0.51,0.50,0.60,27.66,17,17,0,0.10,0.00,0.20,28.45,17,17,0,1.06,1.00,1.10,28.10,17,17,0,0.22,0.20,0.30,27.72,17,17,0
1857815,0.34,0.30,0.40,28.47,16,16,0,1472.37,1466.40,1485.80,23.81,16,0,0,0.36,0.30,0.40,28.03,16,16,0,0.50,0.50,0.50,27.66,16,16,0,0.10,0.10,0.10,28.47,16,16,0,1.09,1.00,1.10,28.07,16,16,0,0.22,0.20,0.30,27.73,16,16,0
1858315,0.34,0.30,0.40,28.46,17,17,0,1501.87,1476.30,1513.50,23.81,17,0,0,0.35,0.30,0.40,28.04,17,17,0,0.51,0.50,0.60,27.66,17,17,0,0.09,0.00,0.10,28.46,17,17,0,1.07,1.00,1.10,28.11,17,17,0,0.22,0.20,0.30,27.72,17,17,0
1858825,0.33,0.30,0.40,28.46,17,17,0,1483.22,1465.00,1507.30,23.80,17,0,0,0.35,0.30,0.40,28.04,17,17,0,0.50,0.50,0.50,27.66,17,17,0,0.09,0.00,0.10,28.47,17,17,0,1.08,1.00,1.10,28.09,17,17,0,0.25,0.20,0.30,27.73,17,17,0
1859336,0.36,0.30,0.40,28.47,17,17,0,1485.52,1462.20,1511.30,23.81,17,0,0,0.34,0.30,0.40,28.03,17,17,0,0.50,0.50,0.50,27.67,17,17,0,0.10,0.10,0.10,28.46,17,17,0,1.08,1.00,1.10,28.08,17,17,0,0.24,0.20,0.30,27.73,17,17,0
1859845,0.36,0.30,0.40,28.46,17,17,0,1502.82,1488.30,1515.60,23.81,17,0,0,0.34,0.30,0.40,28.04,17,17,0,0.50,0.50,0.50,27.65,17,17,0,0.10,0.10,0.10,28.46,17,17,0,1.07,1.00,1.10,28.10,17,17,0,0.24,0.20,0.30,27.72,17,17,0
1860345,0.36,0.30,0.40,28.46,17,17,0,1485.34,1479.40,1499.60,23.81,17,0,0,0.36,0.30,0.40,28.03,17,17,0,0.51,0.50,0.60,27.65,17,17,0,0.09,0.00,0.10,28.47,17,17,0,1.05,1.00,1.10,28.10,17,17,0,0.22,0.20,0.30,27.72,17,17,0
1860848,0.32,0.30,0.40,28.45,17,17,0,1517.19,1506.10,1524.30,23.80,17,0,0,0.34,0.30,0.40,28.05,17,17,0,0.50,0.50,0.50,27.65,17,17,0,0.09,0.00,0.10,28.46,17,17,0,1.06,1.00,1.10,28.09,17,17,0,0.24,0.20,0.30,27.73,17,17,0
1861356,0.35,0.30,0.40,28.45,17,17,0,1494.88,1489.50,1505.10,23.81,17,0,0,0.34,0.30,0.40,28.04,17,17,0,0.50,0.50,0.50,27.65,17,17,0,0.10,0.10,0.10,28.48,17,17,0,1.08,1.00,1.10,28.08,17,17,0,0.22,0.20,0.30,27.73,17,17,0
1861856,0.34,0.30,0.40,28.46,17,17,0,1516.29,1495.40,1528.50,23.81,17,0,0,0.35,0.30,0.40,28.05,17,17,0,0.51,0.50,0.60,27.65,17,17,0,0.10,0.10,0.10,28.47,17,17,0,1.06,1.00,1.10,28.09,17,17,0,0.22,0.20,0.30,27.72,17,17,0
1862356,0.32,0.30,0.40,28.45,17,17,0,1520.61,1512.90,1526.50,23.80,17,0,0,0.35,0.30,0.40,28.05,17,17,0,0.49,0.40,0.50,27.66,17,17,0,0.11,0.10,0.20,28.48,17,17,0,1.07,1.00,1.10,28.08,17,17,0,0.21,0.20,0.30,27.71,17,17,0
1862859,0.31,0.30,0.40,28.45,17,17,0,1535.21,1519.70,1554.30,23.81,17,0,0,0.33,0.30,0.40,28.03,17,17,0,0.50,0.50,0.50,27.65,17,17,0,0.10,0.10,0.10,28.47,17,17,0,1.06,1.00,1.10,28.08,17,17,0,0.24,0.20,0.30,27.72,17,17,0
1863359,0.34,0.30,0.40,28.47,16,16,0,1549.75,1536.00,1559.70,23.80,16,0,0,0.33,0.30,0.40,28.04,16,16,0,0.49,0.40,0.50,27.65,16,16,0,0.09,0.00,0.10,28.46,16,16,0,1.08,1.00,1.10,28.08,16,16,0,0.21,0.20,0.30,27.71,16,16,0
1863859,0.34,0.30,0.40,28.46,17,17,0,1542.63,1537.90,1548.20,23.80,17,0,0,0.32,0.30,0.40,28.04,17,17,0,0.50,0.50,0.50,27.66,17,17,0,0.11,0.00,0.20,28.46,17,17,0,1.05,1.00,1.10,28.08,17,17,0,0.22,0.20,0.30,27.73,17,17,0
1864359,0.35,0.30,0.40,28.46,17,17,0,1570.66,1557.70,1575.80,23.80,17,0,0,0.34,0.30,0.40,28.05,17,17,0,0.50,0.50,0.50,27.66,17,17,0,0.08,0.00,0.10,28.47,17,17,0,1.06,1.00,1.10,28.09,17,17,0,0.21,0.20,0.30,27.72,17,17,0
1864866,0.35,0.30,0.40,28.44,17,17,0,1560.38,1558.00,1568.10,23.79,17,0,0,0.32,0.30,0.40,28.05,17,17,0,0.51,0.50,0.60,27.68,17,17,0,0.09,0.00,0.10,28.48,17,17,0,1.07,1.00,1.10,28.09,17,17,0,0.21,0.20,0.30,27.73,17,17,0
1865366,0.34,0.30,0.40,28.47,17,17,0,1583.41,1563.30,1599.70,23.81,17,0,0,0.32,0.30,0.40,28.05,17,17,0,0.51,0.50,0.60,27.65,17,17,0,0.09,0.00,0.10,28.48,17,17,0,1.08,1.00,1.10,28.09,17,17,0,0.22,0.20,0.30,27.73,17,17,0
1865871,0.35,0.30,0.40,28.45,17,17,0,1580.42,1567.90,1590.90,23.80,17,0,0,0.34,0.30,0.40,28.05,17,17,0,0.51,0.50,0.60,27.66,17,17,0,0.09,0.00,0.20,28.47,17,17,0,1.08,1.00,1.10,28.09,17,17,0,0.24,0.20,0.30,27.74,17,17,0
1866371,0.35,0.30,0.40,28.46,17,17,0,1572.69,1563.60,1586.20,23.80,17,0,0,0.35,0.30,0.40,28.05,17,17,0,0.51,0.50,0.60,27.66,17,17,0,0.09,0.00,0.10,28.46,17,17,0,1.09,1.00,1.10,28.09,17,17,0,0.23,0.20,0.30,27.72,17,17,0
1866871,0.34,0.30,0.40,28.46,16,16,0,1579.46,1557.60,1591.90,23.79,16,0,0,0.32,0.30,0.40,28.04,16,16,0,0.51,0.50,0.60,27.66,16,16,0,0.09,0.00,0.10,28.46,16,16,0,1.08,1.00,1.10,28.10,16,16,0,0.21,0.20,0.30,27.71,16,16,0
1867371,0.35,0.30,0.40,28.45,17,17,0,1546.49,1542.60,1554.00,23.80,17,0,0,0.32,0.30,0.40,28.04,17,17,0,0.50,0.50,0.50,27.67,17,17,0,0.09,0.00,0.10,28.46,17,17,0,1.05,1.00,1.10,28.09,17,17,0,0.21,0.20,0.30,27.72,17,17,0
1867874,0.34,0.30,0.40,28.44,17,17,0,1566.80,1555.70,1571.80,23.80,17,0,0,0.34,0.30,0.40,28.05,17,17,0,0.50,0.50,0.50,27.66,17,17,0,0.09,0.00,0.10,28.46,17,17,0,1.06,1.00,1.10,28.09,17,17,0,0.24,0.20,0.30,27.71,17,17,0
1868374,0.36,0.30,0.40,28.46,17,17,0,1538.81,1532.20,1553.50,23.82,17,0,0,0.31,0.30,0.40,28.04,17,17,0,0.50,0.50,0.50,27.65,17,17,0,0.08,0.00,0.10,28.46,17,17,0,1.07,1.00,1.10,28.10,17,17,0,0.23,0.20,0.30,27.72,17,17,0
1868874,0.34,0.30,0.40,28.47,17,17,0,1548.05,1531.20,1558.70,23.82,17,0,0,0.35,0.30,0.40,28.04,17,17,0,0.50,0.50,0.50,27.65,17,17,0,0.09,0.00,0.10,28.46,17,17,0,1.08,1.00,1.10,28.10,17,17,0,0.21,0.20,0.30,27.73,17,17,0
1869377,0.35,0.30,0.40,28.46,17,17,0,1527.72,1505.90,1550.70,23.80,17,0,0,0.36,0.30,0.40,28.05,17,17,0,0.50,0.50,0.50,27.67,17,17,0,0.10,0.10,0.10,28.47,17,17,0,1.09,1.00,1.10,28.08,17,17,0,0.25,0.20,0.30,27.74,17,17,0
1869881,0.32,0.30,0.40,28.48,17,17,0,1516.48,1503.70,1536.00,23.80,17,0,0,0.34,0.30,0.40,28.04,17,17,0,0.50,0.50,0.50,27.66,17,17,0,0.10,0.10,0.10,28.48,17,17,0,1.05,1.00,1.10,28.10,17,17,0,0.22,0.20,0.30,27.73,17,17,0
1870381,0.34,0.30,0.40,28.46,16,16,0,1528.73,1511.10,1539.90,23.81,16,0,0,0.36,0.30,0.40,28.04,16,16,0,0.51,0.50,0.60,27.68,16,16,0,0.10,0.00,0.20,28.47,16,16,0,1.04,1.00,1.10,28.09,16,16,0,0.21,0.20,0.30,27.72,16,16,0
1870881,0.34,0.30,0.40,28.45,17,17,0,1502.06,1497.80,1507.30,23.81,17,0,0,0.35,0.30,0.40,28.04,17,17,0,0.50,0.50,0.50,27.66,17,17,0,0.09,0.00,0.10,28.47,17,17,0,1.06,1.00,1.10,28.09,17,17,0,0.23,0.20,0.30,27.71,17,17,0
1871381,0.33,0.30,0.40,28.45,16,16,0,1528.01,1519.10,1536.00,23.80,16,0,0,0.34,0.30,0.40,28.04,16,16,0,0.50,0.50,0.50,27.66,16,16,0,0.09,0.00,0.10,28.46,16,16,0,1.06,1.00,1.10,28.08,16,16,0,0.21,0.20,0.30,27.71,16,16,0
1871881,0.34,0.30,0.40,28.45,17,17,0,1504.62,1499.50,1518.40,23.81,17,0,0,0.36,0.30,0.40,28.05,17,17,0,0.51,0.50,0.60,27.67,17,17,0,0.09,0.00,0.10,28.47,17,17,0,1.08,1.00,1.10,28.09,17,17,0,0.24,0.20,0.30,27.72,17,17,0
1872381,0.34,0.30,0.40,28.46,17,17,0,1512.91,1501.00,1520.00,23.80,17,0,0,0.34,0.30,0.40,28.05,17,17,0,0.50,0.50,0.50,27.68,17,17,0,0.10,0.10,0.10,28.45,17,17,0,1.08,1.00,1.10,28.10,17,17,0,0.24,0.20,0.30,27.74,17,17,0
1872881,0.35,0.30,0.40,28.46,17,17,0,1491.59,1476.60,1512.30,23.80,17,0,0,0.34,0.30,0.40,28.02,17,17,0,0.50,0.50,0.50,27.67,17,17,0,0.09,0.00,0.10,28.47,17,17,0,1.06,1.00,1.10,28.10,17,17,0,0.21,0.20,0.30,27.73,17,17,0
1873381,0.34,0.30,0.40,28.45,17,17,0,1485.62,1476.10,1503.10,23.81,17,0,0,0.34,0.30,0.40,28.04,17,17,0,0.50,0.50,0.50,27.67,17,17,0,0.09,0.00,0.10,28.47,17,17,0,1.09,1.00,1.10,28.11,17,17,0,0.24,0.20,0.30,27.73,17,17,0
1873884,0.33,0.30,0.40,28.45,17,17,0,1501.61,1485.10,1512.60,23.80,17,0,0,0.33,0.30,0.40,28.04,17,17,0,0.50,0.50,0.50,27.67,17,17,0,0.09,0.00,0.10,28.47,17,17,0,1.08,1.00,1.10,28.09,17,17,0,0.24,0.20,0.30,27.72,17,17,0
1874384,0.34,0.30,0.40,28.47,17,17,0,1472.96,1468.40,1480.50,23.80,17,0,0,0.35,0.30,0.40,28.04,17,17,0,0.50,0.50,0.50,27.65,17,17,0,0.09,0.00,0.10,28.47,17,17,0,1.09,1.00,1.10,28.11,17,17,0,0.24,0.20,0.30,27.73,17,17,0
1874895,0.35,0.30,0.40,28.45,17,17,0,1508.85,1490.30,1515.60,23.82,17,0,0,0.35,0.30,0.40,28.05,17,17,0,0.51,0.50,0.60,27.65,17,17,0,0.10,0.10,0.10,28.46,17,17,0,1.07,1.00,1.10,28.09,17,17,0,0.23,0.20,0.30,27.73,17,17,0
1875401,0.33,0.30,0.40,28.45,17,17,0,1472.38,1460.00,1493.90,23.82,17,0,0,0.34,0.30,0.40,28.04,17,17,0,0.50,0.50,0.50,27.67,17,17,0,0.11,0.10,0.20,28.47,17,17,0,1.08,1.00,1.10,28.10,17,17,0,0.22,0.20,0.30,27.72,17,17,0
1875906,0.34,0.30,0.40,28.44,17,17,0,1494.54,1464.00,1518.80,23.83,17,0,0,0.34,0.30,0.40,28.04,17,17,0,0.50,0.50,0.50,27.67,17,17,0,0.09,0.00,0.10,28.44,17,17,0,1.04,1.00,1.10,28.09,17,17,0,0.24,0.20,0.30,27.73,17,17,0
1876406,0.35,0.30,0.40,28.46,16,16,0,1494.57,1476.70,1513.50,23.80,16,0,0,0.36,0.30,0.40,28.05,16,16,0,0.50,0.50,0.50,27.66,16,16,0,0.10,0.10,0.10,28.48,16,16,0,1.07,1.00,1.10,28.09,16,16,0,0.24,0.20,0.30,27.72,16,16,0
1876906,0.34,0.30,0.40,28.47,17,17,0,1482.83,1467.60,1504.80,23.82,17,0,0,0.35,0.30,0.40,28.04,17,17,0,0.51,0.50,0.60,27.65,17,17,0,0.09,0.00,0.10,28.46,17,17,0,1.07,1.00,1.10,28.08,17,17,0,0.25,0.20,0.30,27.74,17,17,0
1877406,0.35,0.30,0.40,28.45,16,16,0,1507.61,1493.20,1520.50,23.80,16,0,0,0.36,0.30,0.40,28.04,16,16,0,0.50,0.50,0.50,27.66,16,16,0,0.11,0.10,0.20,28.46,16,16,0,1.08,1.00,1.10,28.10,16,16,0,0.23,0.20,0.30,27.73,16,16,0
1877910,0.34,0.30,0.40,28.46,17,17,0,1477.42,1467.90,1488.40,23.83,17,0,0,0.34,0.30,0.40,28.05,17,17,0,0.50,0.50,0.50,27.67,17,17,0,0.10,0.10,0.10,28.47,17,17,0,1.09,1.00,1.10,28.08,17,17,0,0.21,0.20,0.30,27.73,17,17,0
1878410,0.31,0.30,0.40,28.46,16,16,0,1518.93,1499.70,1526.80,23.80,16,0,0,0.34,0.30,0.40,28.03,16,16,0,0.50,0.50,0.50,27.65,16,16,0,0.09,0.00,0.10,28.47,16,16,0,1.09,1.00,1.10,28.09,16,16,0,0.21,0.10,0.30,27.71,16,16,0
1878910,0.36,0.30,0.40,28.46,17,17,0,1489.48,1473.40,1511.60,23.82,17,0,0,0.34,0.30,0.40,28.06,17,17,0,0.51,0.50,0.60,27.64,17,17,0,0.09,0.00,0.10,28.48,17,17,0,1.09,1.00,1.10,28.08,17,17,0,0.22,0.20,0.30,27.73,17,17,0
1879411,0.36,0.30,0.40,28.45,17,17,0,1504.11,1474.40,1531.50,23.81,17,0,0,0.35,0.30,0.40,28.06,17,17,0,0.51,0.50,0.60,27.67,17,17,0,0.09,0.00,0.10,28.47,17,17,0,1.06,1.00,1.10,28.10,17,17,0,0.22,0.20,0.30,27.72,17,17,0
1879911,0.34,0.30,0.40,28.46,17,17,0,1514.58,1495.30,1531.60,23.81,17,0,0,0.34,0.30,0.40,28.03,17,17,0,0.51,0.50,0.60,27.67,17,17,0,0.09,0.00,0.10,28.47,17,17,0,1.06,1.00,1.10,28.09,17,17,0,0.23,0.20,0.30,27.74,17,17,0
1880411,0.34,0.30,0.40,28.45,17,17,0,1487.57,1475.30,1512.00,23.81,17,0,0,0.35,0.30,0.40,28.05,17,17,0,0.50,0.50,0.50,27.65,17,17,0,0.10,0.10,0.10,28.47,17,17,0,1.06,1.00,1.10,28.09,17,17,0,0.23,0.20,0.30,27.73,17,17,0
1880911,0.35,0.30,0.40,28.45,17,17,0,1523.46,1507.90,1532.70,23.79,17,0,0,0.35,0.30,0.40,28.03,17,17,0,0.50,0.50,0.50,27.67,17,17,0,0.09,0.00,0.10,28.46,17,17,0,1.08,1.00,1.10,28.10,17,17,0,0.24,0.20,0.30,27.73,17,17,0
1881411,0.34,0.30,0.40,28.46,17,17,0,1489.43,1481.80,1504.00,23.83,17,0,0,0.34,0.30,0.40,28.06,17,17,0,0.50,0.50,0.50,27.66,17,17,0,0.09,0.00,0.10,28.46,17,17,0,1.05,1.00,1.10,28.12,17,17,0,0.24,0.20,0.30,27.72,17,17,0
1881911,0.33,0.30,0.40,28.46,17,17,0,1516.33,1494.70,1527.60,23.82,17,0,0,0.34,0.30,0.40,28.03,17,17,0,0.51,0.50,0.60,27.68,17,17,0,0.09,0.00,0.10,28.46,17,17,0,1.07,1.00,1.10,28.11,17,17,0,0.24,0.20,0.30,27.72,17,17,0
1882417,0.33,0.30,0.40,28.45,17,17,0,1501.02,1488.80,1517.50,23.84,17,0,0,0.35,0.30,0.40,28.05,17,17,0,0.51,0.50,0.60,27.67,17,17,0,0.09,0.00,0.10,28.48,17,17,0,1.06,1.00,1.10,28.10,17,17,0,0.23,0.20,0.30,27.72,17,17,0
1882917,0.36,0.30,0.40,28.47,17,17,0,1507.07,1488.00,1528.90,23.80,17,0,0,0.37,0.30,0.40,28.04,17,17,0,0.50,0.50,0.50,27.65,17,17,0,0.08,0.00,0.10,28.47,17,17,0,1.09,1.00,1.10,28.10,17,17,0,0.21,0.20,0.30,27.73,17,17,0
1883425,0.33,0.30,0.40,28.46,17,17,0,1510.81,1498.50,1527.10,23.81,17,0,0,0.35,0.30,0.40,28.04,17,17,0,0.50,0.50,0.50,27.67,17,17,0,0.10,0.10,0.10,28.47,17,17,0,1.08,1.00,1.10,28.09,17,17,0,0.21,0.20,0.30,27.72,17,17,0
1883930,0.34,0.30,0.40,28.47,17,17,0,1494.92,1487.30,1511.70,23.82,17,0,0,0.36,0.30,0.40,28.04,17,17,0,0.51,0.50,0.60,27.66,17,17,0,0.09,0.00,0.20,28.45,17,17,0,1.05,1.00,1.10,28.10,17,17,0,0.22,0.20,0.30,27.73,17,17,0
1884439,0.33,0.30,0.40,28.46,17,17,0,1529.18,1521.60,1532.60,23.81,17,0,0,0.35,0.30,0.40,28.06,17,17,0,0.50,0.50,0.50,27.66,17,17,0,0.10,0.10,0.10,28.47,17,17,0,1.07,1.00,1.10,28.09,17,17,0,0.21,0.20,0.30,27.74,17,17,0
1884941,0.33,0.30,0.40,28.46,17,17,0,1514.41,1509.40,1521.90,23.81,17,0,0,0.33,0.30,0.40,28.05,17,17,0,0.51,0.50,0.60,27.67,17,17,0,0.11,0.10,0.20,28.47,17,17,0,1.08,1.00,1.10,28.11,17,17,0,0.22,0.20,0.30,27.73,17,17,0
1885444,0.34,0.30,0.40,28.46,17,17,0,1538.04,1521.00,1544.70,23.80,17,0,0,0.36,0.30,0.40,28.05,17,17,0,0.51,0.50,0.60,27.66,17,17,0,0.10,0.10,0.10,28.47,17,17,0,1.08,1.00,1.10,28.10,17,17,0,0.23,0.20,0.30,27.75,17,17,0
1885944,0.35,0.30,0.40,28.46,17,17,0,1529.40,1522.30,1539.20,23.83,17,0,0,0.34,0.30,0.40,28.07,17,17,0,0.51,0.50,0.60,27.67,17,17,0,0.10,0.10,0.10,28.47,17,17,0,1.06,1.00,1.10,28.11,17,17,0,0.21,0.20,0.30,27.72,17,17,0
1886444,0.34,0.30,0.40,28.44,17,17,0,1542.04,1527.00,1557.90,23.80,17,0,0,0.36,0.30,0.40,28.05,17,17,0,0.51,0.50,0.60,27.67,17,17,0,0.09,0.00,0.10,28.47,17,17,0,1.08,1.00,1.10,28.08,17,17,0,0.22,0.20,0.30,27.74,17,17,0
1886944,0.35,0.30,0.40,28.45,16,16,0,1548.08,1538.90,1558.10,23.80,16,0,0,0.33,0.30,0.40,28.05,16,16,0,0.51,0.50,0.60,27.65,16,16,0,0.09,0.00,0.10,28.46,16,16,0,1.06,1.00,1.10,28.11,16,16,0,0.23,0.20,0.30,27.72,16,16,0
1887448,0.36,0.30,0.40,28.46,17,17,0,1551.77,1536.80,1574.60,23.80,17,0,0,0.36,0.30,0.40,28.04,17,17,0,0.50,0.50,0.50,27.67,17,17,0,0.09,0.00,0.10,28.48,17,17,0,1.06,1.00,1.10,28.09,17,17,0,0.23,0.20,0.30,27.72,17,17,0
1887951,0.32,0.30,0.40,28.46,17,17,0,1590.36,1581.60,1596.30,23.80,17,0,0,0.34,0.30,0.40,28.04,17,17,0,0.50,0.50,0.50,27.65,17,17,0,0.10,0.10,0.10,28.48,17,17,0,1.08,1.00,1.10,28.09,17,17,0,0.23,0.20,0.30,27.74,17,17,0
1888455,0.34,0.30,0.40,28.46,17,17,0,1574.61,1569.80,1581.70,23.79,17,0,0,0.35,0.30,0.40,28.06,17,17,0,0.50,0.50,0.50,27.69,17,17,0,0.09,0.00,0.10,28.46,17,17,0,1.07,1.00,1.10,28.10,17,17,0,0.23,0.20,0.30,27.74,17,17,0
1888955,0.34,0.30,0.40,28.44,17,17,0,1592.64,1573.80,1602.30,23.82,17,0,0,0.34,0.30,0.40,28.04,17,17,0,0.50,0.50,0.50,27.69,17,17,0,0.08,0.00,0.10,28.46,17,17,0,1.07,1.00,1.10,28.10,17,17,0,0.22,0.20,0.30,27.72,17,17,0
1889455,0.34,0.30,0.40,28.45,17,17,0,1580.42,1570.90,1593.40,23.80,17,0,0,0.35,0.30,0.40,28.05,17,17,0,0.51,0.50,0.60,27.68,17,17,0,0.08,0.00,0.10,28.46,17,17,0,1.08,1.00,1.10,28.08,17,17,0,0.22,0.20,0.30,27.74,17,17,0
1889955,0.35,0.30,0.40,28.45,17,17,0,1582.55,1569.10,1599.40,23.82,17,0,0,0.36,0.30,0.40,28.06,17,17,0,0.50,0.50,0.50,27.69,17,17,0,0.09,0.00,0.10,28.48,17,17,0,1.09,1.00,1.10,28.10,17,17,0,0.24,0.20,0.30,27.74,17,17,0
1890455,0.34,0.30,0.40,28.47,16,16,0,1577.22,1561.50,1596.30,23.80,16,0,0,0.38,0.30,0.40,28.06,16,16,0,0.51,0.50,0.60,27.68,16,16,0,0.09,0.00,0.10,28.46,16,16,0,1.07,1.00,1.10,28.11,16,16,0,0.23,0.20,0.30,27.72,16,16,0
1890955,0.33,0.30,0.40,28.44,17,17,0,1559.74,1550.10,1578.50,23.80,17,0,0,0.34,0.30,0.40,28.06,17,17,0,0.51,0.50,0.60,27.66,17,17,0,0.09,0.00,0.10,28.48,17,17,0,1.09,1.00,1.10,28.09,17,17,0,0.24,0.20,0.30,27.72,17,17,0
1891458,0.34,0.30,0.40,28.47,17,17,0,1582.40,1566.90,1597.50,23.81,17,0,0,0.35,0.30,0.40,28.05,17,17,0,0.50,0.50,0.50,27.67,17,17,0,0.09,0.00,0.10,28.47,17,17,0,1.06,1.00,1.10,28.09,17,17,0,0.25,0.20,0.30,27.73,17,17,0
1891958,0.33,0.30,0.40,28.44,17,17,0,1545.51,1538.70,1561.90,23.82,17,0,0,0.35,0.30,0.40,28.05,17,17,0,0.50,0.50,0.50,27.67,17,17,0,0.09,0.00,0.20,28.48,17,17,0,1.06,1.00,1.10,28.11,17,17,0,0.21,0.20,0.30,27.75,17,17,0
1892461,0.36,0.30,0.40,28.46,17,17,0,1562.74,1547.10,1571.90,23.82,17,0,0,0.34,0.30,0.40,28.05,17,17,0,0.50,0.50,0.50,27.67,17,17,0,0.10,0.00,0.20,28.46,17,17,0,1.06,1.00,1.10,28.09,17,17,0,0.21,0.20,0.30,27.74,17,17,0
1892966,0.34,0.30,0.40,28.47,17,17,0,1536.78,1521.70,1557.30,23.81,17,0,0,0.32,0.30,0.40,28.05,17,17,0,0.51,0.50,0.60,27.66,17,17,0,0.09,0.00,0.10,28.47,17,17,0,1.07,1.00,1.10,28.10,17,17,0,0.22,0.20,0.30,27.72,17,17,0
1893467,0.34,0.30,0.40,28.46,17,17,0,1540.19,1522.10,1557.70,23.80,17,0,0,0.34,0.30,0.40,28.06,17,17,0,0.50,0.50,0.50,27.68,17,17,0,0.08,0.00,0.10,28.47,17,17,0,1.08,1.00,1.10,28.10,17,17,0,0.21,0.20,0.30,27.74,17,17,0
1893974,0.34,0.30,0.40,28.46,17,17,0,1543.03,1524.70,1561.10,23.82,17,0,0,0.36,0.30,0.40,28.04,17,17,0,0.50,0.50,0.50,27.66,17,17,0,0.10,0.10,0.10,28.47,17,17,0,1.06,1.00,1.10,28.10,17,17,0,0.23,0.20,0.30,27.73,17,17,0
1894474,0.34,0.30,0.40,28.45,17,17,0,1520.77,1514.10,1535.50,23.83,17,0,0,0.34,0.30,0.40,28.05,17,17,0,0.51,0.50,0.60,27.67,17,17,0,0.09,0.00,0.10,28.47,17,17,0,1.09,1.00,1.10,28.10,17,17,0,0.22,0.20,0.30,27.72,17,17,0
1894977,0.34,0.30,0.40,28.44,16,16,0,1547.57,1538.60,1553.70,23.81,16,0,0,0.35,0.30,0.40,28.05,16,16,0,0.50,0.50,0.50,27.67,16,16,0,0.09,0.00,0.10,28.48,16,16,0,1.07,1.00,1.10,28.11,16,16,0,0.23,0.20,0.30,27.75,16,16,0
1895477,0.34,0.30,0.40,28.47,17,17,0,1524.04,1518.10,1533.60,23.81,17,0,0,0.38,0.30,0.40,28.06,17,17,0,0.51,0.50,0.60,27.68,17,17,0,0.09,0.00,0.10,28.48,17,17,0,1.07,1.00,1.20,28.12,17,17,0,0.21,0.20,0.30,27.73,17,17,0
1895977,0.32,0.30,0.40,28.46,17,17,0,1531.49,1519.30,1539.00,23.82,17,0,0,0.36,0.30,0.40,28.04,17,17,0,0.50,0.50,0.50,27.67,17,17,0,0.10,0.10,0.10,28.47,17,17,0,1.07,1.00,1.10,28.11,17,17,0,0.24,0.20,0.30,27.74,17,17,0
1896477,0.34,0.30,0.40,28.47,17,17,0,1501.63,1487.90,1525.60,23.80,17,0,0,0.35,0.30,0.40,28.06,17,17,0,0.50,0.50,0.50,27.68,17,17,0,0.10,0.10,0.10,28.46,17,17,0,1.06,1.00,1.10,28.09,17,17,0,0.21,0.20,0.30,27.73,17,17,0
1896977,0.33,0.30,0.40,28.46,17,17,0,1506.60,1491.70,1526.50,23.83,17,0,0,0.36,0.30,0.40,28.04,17,17,0,0.50,0.50,0.50,27.67,17,17,0,0.11,0.10,0.20,28.48,17,17,0,1.07,1.00,1.10,28.12,17,17,0,0.22,0.20,0.30,27.72,17,17,0
1897477,0.36,0.30,0.40,28.46,16,16,0,1516.24,1495.40,1531.00,23.82,16,0,0,0.34,0.30,0.40,28.04,16,16,0,0.50,0.50,0.50,27.66,16,16,0,0.11,0.10,0.20,28.48,16,16,0,1.08,1.00,1.10,28.11,16,16,0,0.23,0.20,0.30,27.73,16,16,0
1897981,0.32,0.30,0.40,28.47,17,17,0,1493.79,1484.00,1513.70,23.82,17,0,0,0.34,0.30,0.40,28.06,17,17,0,0.51,0.50,0.60,27.65,17,17,0,0.11,0.10,0.20,28.47,17,17,0,1.08,1.00,1.10,28.09,17,17,0,0.22,0.20,0.30,27.73,17,17,0
1898484,0.35,0.30,0.40,28.47,17,17,0,1528.71,1516.40,1538.20,23.83,17,0,0,0.35,0.30,0.40,28.05,17,17,0,0.50,0.50,0.50,27.68,17,17,0,0.09,0.00,0.10,28.47,17,17,0,1.07,1.00,1.10,28.10,17,17,0,0.25,0.20,0.30,27.75,17,17,0
1898984,0.35,0.30,0.40,28.44,17,17,0,1490.78,1481.80,1508.10,23.82,17,0,0,0.34,0.30,0.40,28.06,17,17,0,0.52,0.50,0.60,27.68,17,17,0,0.09,0.00,0.10,28.48,17,17,0,1.08,1.00,1.10,28.12,17,17,0,0.22,0.20,0.30,27.73,17,17,0
1899489,0.34,0.30,0.40,28.46,17,17,0,1520.48,1492.60,1533.10,23.84,17,0,0,0.35,0.30,0.40,28.05,17,17,0,0.51,0.50,0.60,27.68,17,17,0,0.11,0.10,0.20,28.47,17,17,0,1.06,1.00,1.10,28.10,17,17,0,0.24,0.20,0.30,27.73,17,17,0
1899989,0.33,0.30,0.40,28.46,17,17,0,1501.18,1486.40,1524.70,23.81,17,0,0,0.34,0.30,0.40,28.05,17,17,0,0.50,0.50,0.50,27.68,17,17,0,0.09,0.00,0.10,28.45,17,17,0,1.06,1.00,1.10,28.11,17,17,0,0.23,0.20,0.30,27.73,17,17,0
1900489,0.33,0.30,0.40,28.47,17,17,0,1504.76,1485.50,1530.70,23.83,17,0,0,0.34,0.30,0.40,28.06,17,17,0,0.50,0.50,0.50,27.67,17,17,0,0.09,0.00,0.10,28.47,17,17,0,1.07,1.00,1.10,28.10,17,17,0,0.22,0.20,0.30,27.74,17,17,0
1900989,0.36,0.30,0.40,28.45,17,17,0,1524.41,1502.90,1537.40,23.82,17,0,0,0.32,0.30,0.40,28.07,17,17,0,0.50,0.50,0.50,27.68,17,17,0,0.09,0.00,0.10,28.47,17,17,0,1.08,1.00,1.10,28.10,17,17,0,0.21,0.20,0.30,27.74,17,17,0
1901499,0.34,0.30,0.40,28.46,17,17,0,1494.86,1486.30,1512.20,23.82,17,0,0,0.34,0.30,0.40,28.06,17,17,0,0.51,0.50,0.60,27.67,17,17,0,0.09,0.00,0.10,28.48,17,17,0,1.09,1.00,1.10,28.11,17,17,0,0.22,0.20,0.30,27.72,17,17,0
1902002,0.36,0.30,0.40,28.46,17,17,0,1533.02,1518.50,1543.30,23.84,17,0,0,0.34,0.30,0.40,28.06,17,17,0,0.51,0.50,0.60,27.67,17,17,0,0.09,0.00,0.10,28.47,17,17,0,1.08,1.00,1.10,28.13,17,17,0,0.22,0.20,0.30,27.74,17,17,0
1902502,0.32,0.30,0.40,28.46,17,17,0,1493.39,1479.70,1514.80,23.83,17,0,0,0.35,0.30,0.40,28.07,17,17,0,0.50,0.50,0.50,27.68,17,17,0,0.10,0.10,0.10,28.48,17,17,0,1.06,1.00,1.10,28.11,17,17,0,0.24,0.20,0.30,27.73,17,17,0
1903015,0.34,0.30,0.40,28.44,17,17,0,1529.75,1498.60,1547.40,23.83,17,0,0,0.33,0.30,0.40,28.05,17,17,0,0.50,0.50,0.50,27.68,17,17,0,0.11,0.10,0.20,28.46,17,17,0,1.05,1.00,1.10,28.10,17,17,0,0.22,0.20,0.30,27.74,17,17,0
1903515,0.35,0.30,0.40,28.44,17,17,0,1512.44,1485.30,1543.20,23.83,17,0,0,0.35,0.30,0.40,28.06,17,17,0,0.51,0.50,0.60,27.67,17,17,0,0.10,0.10,0.10,28.47,17,17,0,1.05,1.00,1.10,28.08,17,17,0,0.22,0.20,0.30,27.73,17,17,0
1904019,0.33,0.30,0.40,28.48,17,17,0,1503.19,1482.10,1527.70,23.83,17,0,0,0.35,0.30,0.40,28.05,17,17,0,0.51,0.50,0.60,27.67,17,17,0,0.09,0.00,0.10,28.48,17,17,0,1.06,1.00,1.10,28.11,17,17,0,0.22,0.20,0.30,27.72,17,17,0
1904522,0.35,0.30,0.40,28.45,17,17,0,1526.96,1507.00,1544.20,23.83,17,0,0,0.33,0.30,0.40,28.06,17,17,0,0.50,0.50,0.50,27.67,17,17,0,0.09,0.00,0.10,28.47,17,17,0,1.08,1.00,1.10,28.11,17,17,0,0.22,0.20,0.30,27.73,17,17,0
1905031,0.35,0.30,0.40,28.46,17,17,0,1500.92,1491.40,1523.10,23.82,17,0,0,0.35,0.30,0.40,28.07,17,17,0,0.49,0.40,0.50,27.67,17,17,0,0.09,0.00,0.10,28.47,17,17,0,1.06,1.00,1.10,28.12,17,17,0,0.21,0.20,0.30,27.75,17,17,0
1905531,0.34,0.30,0.40,28.46,16,16,0,1539.77,1525.30,1548.80,23.83,16,0,0,0.35,0.30,0.40,28.06,16,16,0,0.50,0.40,0.60,27.68,16,16,0,0.09,0.00,0.10,28.48,16,16,0,1.07,1.00,1.10,28.12,16,16,0,0.24,0.20,0.30,27.75,16,16,0
1906031,0.34,0.30,0.40,28.44,17,17,0,1498.02,1486.30,1517.10,23.84,17,0,0,0.33,0.30,0.40,28.05,17,17,0,0.50,0.40,0.60,27.66,17,17,0,0.09,0.00,0.10,28.47,17,17,0,1.06,1.00,1.10,28.12,17,17,0,0.22,0.20,0.30,27.75,17,17,0
1906536,0.34,0.30,0.40,28.45,17,17,0,1525.98,1496.70,1541.00,23.83,17,0,0,0.35,0.30,0.40,28.04,17,17,0,0.50,0.50,0.50,27.68,17,17,0,0.09,0.00,0.10,28.47,17,17,0,1.08,1.00,1.10,28.12,17,17,0,0.22,0.20,0.30,27.74,17,17,0
1907039,0.32,0.30,0.40,28.44,17,17,0,1516.75,1506.20,1535.00,23.84,17,0,0,0.33,0.30,0.40,28.05,17,17,0,0.51,0.50,0.60,27.69,17,17,0,0.09,0.00,0.10,28.48,17,17,0,1.07,1.00,1.10,28.11,17,17,0,0.22,0.20,0.30,27.74,17,17,0
1907539,0.34,0.30,0.40,28.47,17,17,0,1523.41,1507.00,1545.90,23.82,17,0,0,0.32,0.30,0.40,28.05,17,17,0,0.50,0.50,0.50,27.67,17,17,0,0.10,0.00,0.20,28.48,17,17,0,1.08,1.00,1.10,28.13,17,17,0,0.23,0.20,0.30,27.75,17,17,0
1908039,0.35,0.30,0.40,28.45,17,17,0,1544.60,1536.60,1550.10,23.83,17,0,0,0.32,0.30,0.40,28.06,17,17,0,0.51,0.50,0.60,27.68,17,17,0,0.09,0.00,0.10,28.48,17,17,0,1.08,1.00,1.10,28.09,17,17,0,0.21,0.20,0.30,27.73,17,17,0
1908539,0.35,0.30,0.40,28.44,17,17,0,1535.00,1531.30,1539.10,23.84,17,0,0,0.33,0.30,0.40,28.06,17,17,0,0.50,0.50,0.50,27.67,17,17,0,0.10,0.10,0.10,28.48,17,17,0,1.07,1.00,1.10,28.11,17,17,0,0.24,0.20,0.30,27.73,17,17,0
1909039,0.34,0.30,0.40,28.45,17,17,0,1555.79,1547.90,1560.80,23.83,17,0,0,0.34,0.30,0.40,28.04,17,17,0,0.50,0.50,0.50,27.67,17,17,0,0.10,0.10,0.10,28.47,17,17,0,1.08,1.00,1.10,28.11,17,17,0,0.23,0.20,0.30,27.74,17,17,0
1909545,0.36,0.30,0.40,28.46,17,17,0,1542.25,1536.30,1547.50,23.82,17,0,0,0.34,0.30,0.40,28.05,17,17,0,0.51,0.50,0.60,27.68,17,17,0,0.09,0.00,0.10,28.49,17,17,0,1.05,1.00,1.10,28.11,17,17,0,0.21,0.20,0.30,27.73,17,17,0
1910047,0.35,0.30,0.40,28.46,17,17,0,1564.72,1550.20,1578.30,23.81,17,0,0,0.34,0.30,0.40,28.04,17,17,0,0.50,0.50,0.50,27.67,17,17,0,0.11,0.10,0.20,28.48,17,17,0,1.08,1.00,1.10,28.12,17,17,0,0.23,0.20,0.30,27.74,17,17,0
1910547,0.36,0.30,0.40,28.46,17,17,0,1571.46,1567.40,1578.60,23.83,17,0,0,0.33,0.30,0.40,28.07,17,17,0,0.51,0.50,0.60,27.69,17,17,0,0.10,0.10,0.10,28.47,17,17,0,1.07,1.00,1.10,28.11,17,17,0,0.22,0.20,0.30,27.74,17,17,0
1911047,0.34,0.30,0.40,28.45,17,17,0,1578.29,1566.00,1593.70,23.82,17,0,0,0.33,0.30,0.40,28.06,17,17,0,0.51,0.50,0.60,27.68,17,17,0,0.08,0.00,0.10,28.47,17,17,0,1.06,1.00,1.10,28.10,17,17,0,0.23,0.20,0.30,27.73,17,17,0
1911550,0.34,0.30,0.40,28.46,17,17,0,1592.12,1579.90,1600.00,23.82,17,0,0,0.35,0.30,0.40,28.05,17,17,0,0.50,0.50,0.50,27.68,17,17,0,0.10,0.10,0.10,28.48,17,17,0,1.08,1.00,1.10,28.10,17,17,0,0.23,0.20,0.30,27.73,17,17,0
1912050,0.35,0.30,0.40,28.45,17,17,0,1581.96,1576.70,1588.60,23.82,17,0,0,0.33,0.30,0.40,28.06,17,17,0,0.51,0.50,0.60,27.69,17,17,0,0.09,0.00,0.10,28.47,17,17,0,1.08,1.00,1.10,28.11,17,17,0,0.23,0.20,0.30,27.74,17,17,0
1912550,0.32,0.30,0.40,28.46,17,17,0,1608.44,1597.20,1615.60,23.81,17,0,0,0.36,0.30,0.40,28.07,17,17,0,0.51,0.50,0.60,27.68,17,17,0,0.10,0.10,0.10,28.47,17,17,0,1.09,1.00,1.10,28.12,17,17,0,0.22,0.20,0.30,27.74,17,17,0
1913050,0.36,0.30,0.40,28.44,16,16,0,1586.83,1581.10,1596.20,23.83,16,0,0,0.34,0.30,0.40,28.05,16,16,0,0.49,0.40,0.50,27.67,16,16,0,0.09,0.00,0.10,28.47,16,16,0,1.06,1.00,1.10,28.11,16,16,0,0.24,0.20,0.30,27.72,16,16,0
1913554,0.36,0.30,0.40,28.47,16,16,0,1610.38,1588.00,1625.40,23.81,16,0,0,0.34,0.30,0.40,28.05,16,16,0,0.50,0.50,0.50,27.66,16,16,0,0.09,0.00,0.10,28.47,16,16,0,1.08,1.00,1.10,28.11,16,16,0,0.23,0.20,0.30,27.74,16,16,0
1914054,0.35,0.30,0.40,28.45,17,17,0,1596.55,1582.70,1615.60,23.82,17,0,0,0.32,0.30,0.40,28.06,17,17,0,0.50,0.50,0.50,27.68,17,17,0,0.10,0.00,0.20,28.48,17,17,0,1.08,1.00,1.10,28.10,17,17,0,0.24,0.20,0.30,27.75,17,17,0
1914554,0.32,0.30,0.40,28.46,17,17,0,1593.26,1581.70,1609.10,23.82,17,0,0,0.35,0.30,0.40,28.06,17,17,0,0.50,0.50,0.50,27.68,17,17,0,0.09,0.00,0.10,28.48,17,17,0,1.07,1.00,1.10,28.13,17,17,0,0.24,0.20,0.30,27.74,17,17,0
1915054,0.34,0.30,0.40,28.45,17,17,0,1592.41,1567.40,1612.10,23.82,17,0,0,0.34,0.30,0.40,28.05,17,17,0,0.51,0.50,0.60,27.69,17,17,0,0.09,0.00,0.10,28.47,17,17,0,1.08,1.00,1.10,28.12,17,17,0,0.24,0.20,0.30,27.75,17,17,0
1915554,0.35,0.30,0.40,28.47,17,17,0,1558.76,1553.40,1566.10,23.84,17,0,0,0.33,0.30,0.40,28.05,17,17,0,0.51,0.50,0.60,27.68,17,17,0,0.09,0.00,0.10,28.47,17,17,0,1.08,1.00,1.10,28.13,17,17,0,0.24,0.20,0.30,27.72,17,17,0
1916054,0.34,0.30,0.40,28.45,17,17,0,1585.83,1575.40,1592.20,23.83,17,0,0,0.35,0.30,0.40,28.06,17,17,0,0.50,0.50,0.50,27.68,17,17,0,0.07,0.00,0.10,28.47,17,17,0,1.05,1.00,1.10,28.12,17,17,0,0.24,0.20,0.30,27.74,17,17,0
1916564,0.35,0.30,0.40,28.47,17,17,0,1542.60,1528.80,1565.60,23.84,17,0,0,0.34,0.30,0.40,28.04,17,17,0,0.51,0.50,0.60,27.66,17,17,0,0.09,0.00,0.10,28.47,17,17,0,1.08,1.00,1.10,28.12,17,17,0,0.23,0.20,0.30,27.73,17,17,0
1917071,0.34,0.30,0.40,28.47,17,17,0,1564.23,1538.40,1578.20,23.82,17,0,0,0.35,0.30,0.40,28.05,17,17,0,0.50,0.50,0.50,27.67,17,17,0,0.10,0.00,0.20,28.49,17,17,0,1.06,1.00,1.10,28.12,17,17,0,0.23,0.20,0.30,27.74,17,17,0
1917571,0.36,0.30,0.40,28.47,17,17,0,1543.66,1522.90,1570.40,23.84,17,0,0,0.34,0.30,0.40,28.06,17,17,0,0.50,0.50,0.50,27.68,17,17,0,0.10,0.00,0.20,28.48,17,17,0,1.06,1.00,1.10,28.12,17,17,0,0.21,0.20,0.30,27.73,17,17,0
1918071,0.33,0.30,0.40,28.45,17,17,0,1533.49,1518.80,1557.60,23.81,17,0,0,0.36,0.30,0.40,28.05,17,17,0,0.51,0.50,0.60,27.68,17,17,0,0.08,0.00,0.10,28.48,17,17,0,1.07,1.00,1.10,28.13,17,17,0,0.23,0.20,0.30,27.74,17,17,0
1918580,0.32,0.30,0.40,28.47,17,17,0,1555.36,1535.90,1567.90,23.83,17,0,0,0.36,0.30,0.40,28.04,17,17,0,0.51,0.50,0.60,27.69,17,17,0,0.10,0.10,0.10,28.47,17,17,0,1.06,1.00,1.10,28.10,17,17,0,0.22,0.20,0.30,27.73,17,17,0
1919080,0.34,0.30,0.40,28.45,17,17,0,1523.29,1516.50,1531.20,23.84,17,0,0,0.35,0.30,0.40,28.04,17,17,0,0.50,0.50,0.50,27.69,17,17,0,0.09,0.00,0.10,28.48,17,17,0,1.07,1.00,1.10,28.11,17,17,0,0.22,0.20,0.30,27.74,17,17,0
1919585,0.32,0.30,0.40,28.45,17,17,0,1536.47,1521.20,1545.00,23.84,17,0,0,0.34,0.30,0.40,28.06,17,17,0,0.50,0.50,0.50,27.67,17,17,0,0.09,0.00,0.10,28.49,17,17,0,1.05,1.00,1.10,28.12,17,17,0,0.24,0.20,0.30,27.76,17,17,0
1920085,0.32,0.30,0.40,28.47,17,17,0,1500.16,1489.90,1515.00,23.83,17,0,0,0.33,0.30,0.40,28.05,17,17,0,0.51,0.50,0.60,27.67,17,17,0,0.08,0.00,0.10,28.47,17,17,0,1.08,1.00,1.10,28.13,17,17,0,0.23,0.20,0.30,27.73,17,17,0
1920595,0.33,0.30,0.40,28.46,17,17,0,1527.58,1500.80,1546.80,23.83,17,0,0,0.36,0.30,0.40,28.05,17,17,0,0.50,0.50,0.50,27.67,17,17,0,0.10,0.10,0.10,28.47,17,17,0,1.08,1.00,1.10,28.11,17,17,0,0.24,0.20,0.30,27.75,17,17,0
1921098,0.36,0.30,0.40,28.45,17,17,0,1525.42,1508.40,1544.50,23.83,17,0,0,0.35,0.30,0.40,28.05,17,17,0,0.49,0.40,0.50,27.68,17,17,0,0.11,0.10,0.20,28.47,17,17,0,1.06,1.00,1.10,28.11,17,17,0,0.21,0.20,0.30,27.74,17,17,0
1921602,0.35,0.30,0.40,28.47,17,17,0,1515.04,1504.80,1532.80,23.84,17,0,0,0.36,0.30,0.40,28.06,17,17,0,0.51,0.50,0.60,27.69,17,17,0,0.09,0.00,0.10,28.47,17,17,0,1.07,1.00,1.10,28.12,17,17,0,0.23,0.20,0.30,27.73,17,17,0
1922111,0.35,0.30,0.40,28.46,17,17,0,1531.99,1512.50,1541.60,23.82,17,0,0,0.32,0.30,0.40,28.06,17,17,0,0.50,0.50,0.50,27.69,17,17,0,0.10,0.00,0.20,28.47,17,17,0,1.06,1.00,1.10,28.12,17,17,0,0.23,0.20,0.30,27.74,17,17,0
1922611,0.35,0.30,0.40,28.46,17,17,0,1496.82,1492.90,1508.30,23.84,17,0,0,0.35,0.30,0.40,28.05,17,17,0,0.51,0.50,0.60,27.67,17,17,0,0.09,0.00,0.10,28.47,17,17,0,1.06,1.00,1.10,28.12,17,17,0,0.22,0.20,0.30,27.73,17,17,0
1923113,0.32,0.30,0.40,28.47,17,17,0,1534.29,1511.40,1544.10,23.84,17,0,0,0.34,0.30,0.40,28.05,17,17,0,0.50,0.50,0.50,27.68,17,17,0,0.08,0.00,0.10,28.47,17,17,0,1.07,1.00,1.10,28.13,17,17,0,0.21,0.20,0.30,27.75,17,17,0
1923613,0.33,0.30,0.40,28.46,17,17,0,1507.85,1495.30,1526.90,23.83,17,0,0,0.33,0.30,0.40,28.05,17,17,0,0.50,0.50,0.50,27.66,17,17,0,0.08,0.00,0.10,28.48,17,17,0,1.07,1.00,1.10,28.12,17,17,0,0.21,0.20,0.30,27.75,17,17,0
1924123,0.35,0.30,0.40,28.47,17,17,0,1522.79,1501.10,1543.00,23.82,17,0,0,0.34,0.30,0.40,28.06,17,17,0,0.50,0.50,0.50,27.69,17,17,0,0.09,0.00,0.10,28.49,17,17,0,1.07,1.00,1.10,28.12,17,17,0,0.21,0.20,0.30,27.74,17,17,0
1924623,0.34,0.30,0.40,28.45,17,17,0,1528.34,1512.30,1541.10,23.84,17,0,0,0.35,0.30,0.40,28.06,17,17,0,0.51,0.50,0.60,27.68,17,17,0,0.09,0.00,0.10,28.48,17,17,0,1.09,1.00,1.10,28.12,17,17,0,0.22,0.20,0.30,27.73,17,17,0
1925126,0.31,0.30,0.40,28.45,17,17,0,1519.52,1506.10,1537.20,23.83,17,0,0,0.36,0.30,0.40,28.05,17,17,0,0.50,0.50,0.50,27.70,17,17,0,0.09,0.00,0.10,28.46,17,17,0,1.08,1.00,1.10,28.13,17,17,0,0.23,0.20,0.30,27.74,17,17,0
1925626,0.35,0.30,0.40,28.47,17,17,0,1530.30,1510.50,1543.10,23.82,17,0,0,0.34,0.30,0.40,28.05,17,17,0,0.50,0.50,0.50,27.67,17,17,0,0.08,0.00,0.10,28.48,17,17,0,1.04,1.00,1.10,28.10,17,17,0,0.23,0.20,0.30,27.74,17,17,0
1926136,0.35,0.30,0.40,28.46,17,17,0,1499.24,1491.30,1508.40,23.84,17,0,0,0.34,0.30,0.40,28.09,17,17,0,0.50,0.50,0.50,27.68,17,17,0,0.09,0.00,0.10,28.47,17,17,0,1.04,1.00,1.10,28.11,17,17,0,0.25,0.20,0.30,27.74,17,17,0
1926641,0.32,0.30,0.40,28.47,17,17,0,1539.72,1519.70,1548.70,23.84,17,0,0,0.36,0.30,0.40,28.05,17,17,0,0.50,0.50,0.50,27.67,17,17,0,0.09,0.00,0.10,28.47,17,17,0,1.08,1.00,1.10,28.10,17,17,0,0.22,0.20,0.30,27.74,17,17,0
1927141,0.33,0.30,0.40,28.47,16,16,0,1508.66,1494.80,1531.20,23.83,16,0,0,0.35,0.30,0.40,28.07,16,16,0,0.50,0.50,0.50,27.67,16,16,0,0.09,0.00,0.10,28.48,16,16,0,1.08,1.00,1.10,28.12,16,16,0,0.22,0.20,0.30,27.74,16,16,0
1927641,0.31,0.30,0.40,28.46,17,17,0,1523.86,1498.50,1543.70,23.84,17,0,0,0.36,0.30,0.40,28.06,17,17,0,0.51,0.50,0.60,27.68,17,17,0,0.09,0.00,0.10,28.48,17,17,0,1.06,1.00,1.10,28.12,17,17,0,0.22,0.20,0.30,27.74,17,17,0
1928146,0.32,0.30,0.40,28.47,17,17,0,1523.08,1504.90,1542.40,23.83,17,0,0,0.36,0.30,0.40,28.05,17,17,0,0.51,0.50,0.60,27.68,17,17,0,0.08,0.00,0.10,28.48,17,17,0,1.06,1.00,1.10,28.10,17,17,0,0.23,0.20,0.30,27.73,17,17,0
1928646,0.33,0.30,0.40,28.46,17,17,0,1501.71,1488.80,1522.60,23.83,17,0,0,0.36,0.30,0.40,28.04,17,17,0,0.50,0.50,0.50,27.69,17,17,0,0.09,0.00,0.10,28.49,17,17,0,1.09,1.00,1.10,28.12,17,17,0,0.23,0.20,0.30,27.73,17,17,0
1929146,0.35,0.30,0.40,28.45,17,17,0,1528.97,1510.30,1542.60,23.83,17,0,0,0.34,0.30,0.40,28.07,17,17,0,0.51,0.50,0.60,27.68,17,17,0,0.09,0.00,0.10,28.50,17,17,0,1.08,1.00,1.10,28.11,17,17,0,0.24,0.20,0.30,27.73,17,17,0
1929646,0.32,0.30,0.40,28.46,17,17,0,1490.46,1481.30,1505.40,23.84,17,0,0,0.35,0.30,0.40,28.05,17,17,0,0.51,0.50,0.60,27.69,17,17,0,0.09,0.00,0.10,28.47,17,17,0,1.07,1.00,1.10,28.12,17,17,0,0.24,0.20,0.30,27.74,17,17,0
1930149,0.34,0.30,0.40,28.47,17,17,0,1536.21,1511.80,1547.90,23.83,17,0,0,0.35,0.30,0.40,28.06,17,17,0,0.50,0.50,0.50,27.69,17,17,0,0.10,0.10,0.10,28.48,17,17,0,1.08,1.00,1.10,28.11,17,17,0,0.24,0.20,0.30,27.74,17,17,0
1930649,0.34,0.30,0.40,28.47,17,17,0,1512.44,1505.30,1528.90,23.82,17,0,0,0.33,0.30,0.40,28.06,17,17,0,0.50,0.50,0.50,27.68,17,17,0,0.10,0.10,0.10,28.48,17,17,0,1.07,1.00,1.10,28.11,17,17,0,0.23,0.20,0.30,27.73,17,17,0
1931152,0.33,0.30,0.40,28.47,17,17,0,1526.88,1510.10,1538.40,23.83,17,0,0,0.35,0.30,0.40,28.07,17,17,0,0.50,0.50,0.50,27.68,17,17,0,0.08,0.00,0.10,28.47,17,17,0,1.08,1.00,1.10,28.11,17,17,0,0.23,0.20,0.30,27.73,17,17,0
1931652,0.34,0.30,0.40,28.45,17,17,0,1523.69,1511.50,1537.60,23.82,17,0,0,0.34,0.30,0.40,28.04,17,17,0,0.50,0.50,0.50,27.68,17,17,0,0.09,0.00,0.10,28.48,17,17,0,1.06,1.00,1.10,28.13,17,17,0,0.23,0.20,0.30,27.75,17,17,0
1932163,0.34,0.30,0.40,28.48,17,17,0,1526.46,1517.30,1538.40,23.83,17,0,0,0.35,0.30,0.40,28.05,17,17,0,0.51,0.50,0.60,27.68,17,17,0,0.11,0.10,0.20,28.47,17,17,0,1.07,1.00,1.10,28.12,17,17,0,0.22,0.20,0.30,27.74,17,17,0
1932674,0.32,0.30,0.40,28.46,17,17,0,1534.15,1526.20,1542.10,23.84,17,0,0,0.37,0.30,0.40,28.05,17,17,0,0.50,0.50,0.50,27.68,17,17,0,0.09,0.00,0.10,28.50,17,17,0,1.08,1.00,1.10,28.13,17,17,0,0.23,0.20,0.30,27.74,17,17,0
1933177,0.32,0.30,0.40,28.47,17,17,0,1531.74,1524.80,1543.70,23.83,17,0,0,0.36,0.30,0.40,28.06,17,17,0,0.51,0.50,0.60,27.67,17,17,0,0.10,0.00,0.20,28.47,17,17,0,1.05,1.00,1.10,28.12,17,17,0,0.21,0.20,0.30,27.74,17,17,0
1933677,0.33,0.30,0.40,28.47,17,17,0,1567.31,1552.00,1574.20,23.82,17,0,0,0.35,0.30,0.40,28.07,17,17,0,0.50,0.50,0.50,27.70,17,17,0,0.09,0.00,0.10,28.47,17,17,0,1.07,1.00,1.10,28.12,17,17,0,0.21,0.20,0.30,27.74,17,17,0
1934177,0.35,0.30,0.40,28.46,17,17,0,1560.07,1554.90,1567.00,23.84,17,0,0,0.34,0.30,0.40,28.06,17,17,0,0.51,0.50,0.60,27.68,17,17,0,0.10,0.10,0.10,28.48,17,17,0,1.05,1.00,1.10,28.10,17,17,0,0.23,0.20,0.30,27.75,17,17,0
1934686,0.35,0.30,0.40,28.46,17,17,0,1572.81,1560.00,1584.30,23.81,17,0,0,0.35,0.30,0.40,28.06,17,17,0,0.51,0.50,0.60,27.70,17,17,0,0.09,0.00,0.10,28.47,17,17,0,1.06,1.00,1.10,28.12,17,17,0,0.24,0.20,0.30,27.74,17,17,0
1935189,0.33,0.30,0.40,28.47,17,17,0,1574.69,1568.40,1586.30,23.82,17,0,0,0.34,0.30,0.40,28.07,17,17,0,0.51,0.50,0.60,27.69,17,17,0,0.10,0.00,0.20,28.48,17,17,0,1.05,1.00,1.10,28.11,17,17,0,0.21,0.20,0.30,27.74,17,17,0
1935689,0.36,0.30,0.40,28.46,16,16,0,1577.60,1570.10,1592.50,23.83,16,0,0,0.36,0.30,0.40,28.07,16,16,0,0.51,0.50,0.60,27.67,16,16,0,0.10,0.10,0.10,28.49,16,16,0,1.08,1.00,1.10,28.11,16,16,0,0.23,0.20,0.30,27.72,16,16,0
1936198,0.34,0.30,0.40,28.46,17,17,0,1591.36,1578.90,1601.40,23.83,17,0,0,0.35,0.30,0.40,28.07,17,17,0,0.50,0.50,0.50,27.66,17,17,0,0.09,0.00,0.10,28.47,17,17,0,1.07,1.00,1.10,28.12,17,17,0,0.22,0.20,0.30,27.75,17,17,0
1936698,0.32,0.30,0.40,28.46,17,17,0,1569.74,1566.00,1574.40,23.82,17,0,0,0.35,0.30,0.40,28.05,17,17,0,0.50,0.50,0.50,27.68,17,17,0,0.09,0.00,0.10,28.47,17,17,0,1.08,1.00,1.10,28.11,17,17,0,0.22,0.20,0.30,27.74,17,17,0
1937205,0.32,0.30,0.40,28.48,17,17,0,1601.72,1585.00,1608.70,23.84,17,0,0,0.35,0.30,0.40,28.07,17,17,0,0.50,0.50,0.50,27.69,17,17,0,0.10,0.10,0.10,28.47,17,17,0,1.08,1.00,1.10,28.12,17,17,0,0.23,0.20,0.30,27.74,17,17,0
1937705,0.32,0.30,0.40,28.45,17,17,0,1574.76,1564.00,1591.30,23.83,17,0,0,0.35,0.30,0.40,28.06,17,17,0,0.51,0.50,0.60,27.68,17,17,0,0.09,0.00,0.10,28.49,17,17,0,1.07,1.00,1.10,28.12,17,17,0,0.22,0.20,0.30,27.73,17,17,0
1938205,0.31,0.30,0.40,28.47,17,17,0,1579.04,1567.50,1591.10,23.83,17,0,0,0.35,0.30,0.40,28.06,17,17,0,0.51,0.50,0.60,27.68,17,17,0,0.10,0.00,0.20,28.48,17,17,0,1.05,1.00,1.10,28.11,17,17,0,0.22,0.20,0.30,27.75,17,17,0
1938705,0.35,0.30,0.40,28.47,17,17,0,1561.62,1538.70,1588.10,23.82,17,0,0,0.35,0.30,0.40,28.07,17,17,0,0.50,0.50,0.50,27.70,17,17,0,0.09,0.00,0.10,28.47,17,17,0,1.06,1.00,1.10,28.12,17,17,0,0.24,0.20,0.30,27.73,17,17,0
1939212,0.32,0.30,0.40,28.48,17,17,0,1543.71,1534.30,1564.50,23.83,17,0,0,0.34,0.30,0.40,28.05,17,17,0,0.51,0.50,0.60,27.68,17,17,0,0.09,0.00,0.10,28.47,17,17,0,1.06,1.00,1.10,28.12,17,17,0,0.22,0.20,0.30,27.75,17,17,0
1939720,0.35,0.30,0.40,28.46,17,17,0,1555.72,1536.40,1567.80,23.82,17,0,0,0.36,0.30,0.40,28.07,17,17,0,0.51,0.50,0.60,27.67,17,17,0,0.09,0.00,0.10,28.47,17,17,0,1.09,1.00,1.10,28.11,17,17,0,0.24,0.20,0.30,27.73,17,17,0
1940220,0.34,0.30,0.40,28.47,17,17,0,1517.24,1513.00,1527.50,23.83,17,0,0,0.35,0.30,0.40,28.06,17,17,0,0.50,0.50,0.50,27.67,17,17,0,0.09,0.00,0.10,28.48,17,17,0,1.08,1.00,1.10,28.13,17,17,0,0.23,0.20,0.30,27.73,17,17,0
1940720,0.32,0.30,0.40,28.47,17,17,0,1550.24,1531.10,1557.70,23.84,17,0,0,0.36,0.30,0.40,28.06,17,17,0,0.50,0.50,0.50,27.69,17,17,0,0.09,0.00,0.10,28.48,17,17,0,1.09,1.00,1.10,28.12,17,17,0,0.22,0.20,0.30,27.75,17,17,0
1941220,0.34,0.30,0.40,28.47,17,17,0,1513.98,1500.20,1538.70,23.81,17,0,0,0.35,0.30,0.40,28.06,17,17,0,0.50,0.50,0.50,27.69,17,17,0,0.09,0.00,0.10,28.47,17,17,0,1.05,1.00,1.10,28.11,17,17,0,0.22,0.20,0.30,27.74,17,17,0
1941724,0.34,0.30,0.40,28.48,17,17,0,1527.55,1507.80,1544.00,23.85,17,0,0,0.35,0.30,0.40,28.07,17,17,0,0.51,0.50,0.60,27.67,17,17,0,0.10,0.10,0.10,28.48,17,17,0,1.08,1.00,1.10,28.12,17,17,0,0.23,0.20,0.30,27.74,17,17,0
1942224,0.35,0.30,0.40,28.48,17,17,0,1517.79,1503.80,1539.70,23.84,17,0,0,0.34,0.30,0.40,28.08,17,17,0,0.50,0.50,0.50,27.67,17,17,0,0.11,0.10,0.20,28.46,17,17,0,1.05,1.00,1.10,28.13,17,17,0,0.22,0.20,0.30,27.73,17,17,0
1942724,0.34,0.30,0.40,28.46,17,17,0,1508.23,1495.00,1528.80,23.84,17,0,0,0.35,0.30,0.40,28.08,17,17,0,0.51,0.50,0.60,27.67,17,17,0,0.09,0.00,0.10,28.47,17,17,0,1.07,1.00,1.10,28.11,17,17,0,0.21,0.20,0.30,27.74,17,17,0
1943233,0.35,0.30,0.40,28.48,17,17,0,1517.62,1495.70,1537.30,23.83,17,0,0,0.36,0.30,0.40,28.07,17,17,0,0.51,0.50,0.60,27.68,17,17,0,0.08,0.00,0.10,28.47,17,17,0,1.07,1.00,1.10,28.11,17,17,0,0.22,0.20,0.30,27.74,17,17,0
1943740,0.32,0.30,0.40,28.47,17,17,0,1479.19,1472.80,1488.40,23.85,17,0,0,0.35,0.30,0.40,28.07,17,17,0,0.50,0.50,0.50,27.69,17,17,0,0.09,0.00,0.10,28.47,17,17,0,1.08,1.00,1.10,28.11,17,17,0,0.22,0.20,0.30,27.74,17,17,0
1944240,0.34,0.30,0.40,28.48,17,17,0,1514.75,1492.60,1524.80,23.83,17,0,0,0.34,0.30,0.40,28.06,17,17,0,0.50,0.50,0.50,27.68,17,17,0,0.09,0.00,0.10,28.47,17,17,0,1.07,1.00,1.10,28.11,17,17,0,0.24,0.20,0.30,27.74,17,17,0
1944740,0.33,0.30,0.40,28.48,17,17,0,1490.51,1476.40,1510.20,23.84,17,0,0,0.35,0.30,0.40,28.07,17,17,0,0.51,0.50,0.60,27.69,17,17,0,0.09,0.00,0.20,28.48,17,17,0,1.07,1.00,1.10,28.12,17,17,0,0.22,0.20,0.30,27.72,17,17,0
1945243,0.34,0.30,0.40,28.48,17,17,0,1507.55,1482.10,1530.10,23.83,17,0,0,0.34,0.30,0.40,28.06,17,17,0,0.51,0.50,0.60,27.68,17,17,0,0.09,0.00,0.10,28.47,17,17,0,1.08,1.00,1.10,28.11,17,17,0,0.22,0.20,0.30,27.73,17,17,0
1945743,0.34,0.30,0.40,28.48,17,17,0,1503.06,1480.70,1526.40,23.85,17,0,0,0.35,0.30,0.40,28.06,17,17,0,0.51,0.50,0.60,27.68,17,17,0,0.09,0.00,0.10,28.46,17,17,0,1.08,1.00,1.10,28.11,17,17,0,0.24,0.20,0.30,27.74,17,17,0
1946247,0.34,0.30,0.40,28.48,17,17,0,1478.01,1468.20,1500.10,23.83,17,0,0,0.34,0.30,0.40,28.04,17,17,0,0.51,0.50,0.60,27.68,17,17,0,0.09,0.00,0.10,28.48,17,17,0,1.08,1.00,1.10,28.10,17,17,0,0.20,0.20,0.20,27.74,17,17,0
1946748,0.34,0.30,0.40,28.49,17,17,0,1507.46,1494.70,1520.50,23.84,17,0,0,0.34,0.30,0.40,28.07,17,17,0,0.50,0.50,0.50,27.67,17,17,0,0.09,0.00,0.10,28.48,17,17,0,1.08,1.00,1.10,28.12,17,17,0,0.20,0.20,0.20,27.73,17,17,0
1947248,0.34,0.30,0.40,28.47,17,17,0,1477.39,1471.60,1486.30,23.84,17,0,0,0.34,0.30,0.40,28.08,17,17,0,0.50,0.50,0.50,27.68,17,17,0,0.10,0.00,0.20,28.48,17,17,0,1.06,1.00,1.10,28.11,17,17,0,0.22,0.20,0.30,27.72,17,17,0
1947759,0.36,0.30,0.40,28.49,17,17,0,1520.03,1495.70,1536.40,23.85,17,0,0,0.36,0.30,0.40,28.06,17,17,0,0.50,0.50,0.50,27.68,17,17,0,0.10,0.10,0.10,28.48,17,17,0,1.08,1.00,1.10,28.13,17,17,0,0.21,0.20,0.30,27.75,17,17,0
1948264,0.34,0.30,0.40,28.48,17,17,0,1491.99,1478.60,1512.80,23.84,17,0,0,0.34,0.30,0.40,28.07,17,17,0,0.49,0.40,0.50,27.68,17,17,0,0.10,0.10,0.10,28.49,17,17,0,1.06,1.00,1.10,28.11,17,17,0,0.23,0.20,0.30,27.73,17,17,0
1948774,0.34,0.30,0.40,28.49,17,17,0,1505.76,1481.60,1524.30,23.84,17,0,0,0.36,0.30,0.40,28.05,17,17,0,0.51,0.50,0.60,27.69,17,17,0,0.10,0.00,0.20,28.48,17,17,0,1.06,1.00,1.10,28.11,17,17,0,0.22,0.20,0.30,27.75,17,17,0
1949281,0.33,0.30,0.40,28.49,17,17,0,1501.24,1480.90,1522.60,23.83,17,0,0,0.35,0.30,0.40,28.06,17,17,0,0.51,0.50,0.60,27.69,17,17,0,0.10,0.10,0.10,28.48,17,17,0,1.06,1.00,1.10,28.11,17,17,0,0.22,0.20,0.30,27.75,17,17,0
1949781,0.34,0.30,0.40,28.48,17,17,0,1485.13,1469.00,1510.70,23.86,17,0,0,0.37,0.30,0.40,28.05,17,17,0,0.50,0.50,0.50,27.68,17,17,0,0.09,0.00,0.10,28.48,17,17,0,1.07,1.00,1.10,28.11,17,17,0,0.20,0.20,0.20,27.74,17,17,0
1950281,0.33,0.30,0.40,28.48,17,17,0,1533.29,1516.30,1546.40,23.84,17,0,0,0.36,0.30,0.40,28.06,17,17,0,0.51,0.50,0.60,27.69,17,17,0,0.10,0.10,0.10,28.47,17,17,0,1.07,1.00,1.10,28.12,17,17,0,0.22,0.20,0.30,27.74,17,17,0
1950781,0.35,0.30,0.40,28.48,17,17,0,1493.87,1485.10,1509.80,23.85,17,0,0,0.36,0.30,0.40,28.06,17,17,0,0.50,0.50,0.50,27.69,17,17,0,0.10,0.10,0.10,28.47,17,17,0,1.07,1.00,1.10,28.12,17,17,0,0.21,0.20,0.30,27.75,17,17,0
1951281,0.35,0.30,0.40,28.49,17,17,0,1523.05,1502.00,1534.50,23.84,17,0,0,0.34,0.30,0.40,28.07,17,17,0,0.50,0.50,0.50,27.68,17,17,0,0.09,0.00,0.10,28.49,17,17,0,1.06,1.00,1.10,28.11,17,17,0,0.21,0.20,0.30,27.74,17,17,0
1951781,0.33,0.30,0.40,28.48,16,16,0,1490.81,1468.10,1514.90,23.83,16,0,0,0.36,0.30,0.40,28.06,16,16,0,0.51,0.50,0.60,27.69,16,16,0,0.08,0.00,0.10,28.47,16,16,0,1.06,1.00,1.10,28.13,16,16,0,0.21,0.20,0.30,27.75,16,16,0
1952287,0.34,0.30,0.40,28.48,17,17,0,1497.81,1470.90,1528.60,23.85,17,0,0,0.34,0.30,0.40,28.07,17,17,0,0.50,0.50,0.50,27.67,17,17,0,0.09,0.00,0.10,28.47,17,17,0,1.06,1.00,1.10,28.14,17,17,0,0.22,0.20,0.30,27.74,17,17,0
1952787,0.35,0.30,0.40,28.48,17,17,0,1505.92,1472.70,1524.50,23.84,17,0,0,0.34,0.30,0.40,28.07,17,17,0,0.51,0.50,0.60,27.70,17,17,0,0.09,0.00,0.10,28.49,17,17,0,1.07,1.00,1.10,28.12,17,17,0,0.22,0.20,0.30,27.75,17,17,0
1953287,0.34,0.30,0.40,28.49,17,17,0,1489.99,1476.80,1499.80,23.86,17,0,0,0.34,0.30,0.40,28.06,17,17,0,0.49,0.40,0.50,27.69,17,17,0,0.08,0.00,0.10,28.46,17,17,0,1.06,1.00,1.10,28.11,17,17,0,0.23,0.20,0.30,27.73,17,17,0
1953787,0.34,0.30,0.40,28.47,17,17,0,1518.26,1502.00,1526.40,23.85,17,0,0,0.32,0.30,0.40,28.07,17,17,0,0.51,0.50,0.60,27.69,17,17,0,0.10,0.10,0.10,28.48,17,17,0,1.06,1.00,1.10,28.14,17,17,0,0.21,0.20,0.30,27.73,17,17,0
1954287,0.35,0.30,0.40,28.48,17,17,0,1485.74,1480.50,1495.60,23.85,17,0,0,0.33,0.30,0.40,28.06,17,17,0,0.50,0.50,0.50,27.69,17,17,0,0.07,0.00,0.10,28.48,17,17,0,1.06,1.00,1.10,28.11,17,17,0,0.22,0.20,0.30,27.76,17,17,0
1954787,0.34,0.30,0.40,28.49,17,17,0,1518.57,1493.20,1534.30,23.84,17,0,0,0.38,0.30,0.40,28.07,17,17,0,0.51,0.50,0.60,27.69,17,17,0,0.08,0.00,0.10,28.47,17,17,0,1.08,1.00,1.10,28.11,17,17,0,0.23,0.20,0.30,27.74,17,17,0
1955287,0.35,0.30,0.40,28.47,17,17,0,1507.55,1499.30,1521.50,23.85,17,0,0,0.34,0.30,0.40,28.07,17,17,0,0.50,0.50,0.50,27.68,17,17,0,0.08,0.00,0.10,28.47,17,17,0,1.04,1.00,1.10,28.13,17,17,0,0.21,0.20,0.30,27.75,17,17,0
1955792,0.34,0.30,0.40,28.48,17,17,0,1523.12,1505.20,1538.90,23.84,17,0,0,0.35,0.30,0.40,28.07,17,17,0,0.50,0.50,0.50,27.70,17,17,0,0.08,0.00,0.10,28.48,17,17,0,1.05,1.00,1.10,28.13,17,17,0,0.24,0.20,0.30,27.75,17,17,0
1956292,0.32,0.30,0.40,28.47,17,17,0,1532.19,1520.30,1542.50,23.83,17,0,0,0.34,0.30,0.40,28.07,17,17,0,0.50,0.50,0.50,27.69,17,17,0,0.10,0.00,0.20,28.48,17,17,0,1.07,1.00,1.10,28.10,17,17,0,0.23,0.20,0.30,27.74,17,17,0
1956792,0.32,0.30,0.40,28.47,17,17,0,1534.82,1523.50,1553.10,23.84,17,0,0,0.34,0.30,0.40,28.06,17,17,0,0.50,0.50,0.50,27.69,17,17,0,0.10,0.10,0.10,28.47,17,17,0,1.08,1.00,1.10,28.12,17,17,0,0.23,0.20,0.30,27.74,17,17,0
1957292,0.35,0.30,0.40,28.48,17,17,0,1567.21,1558.20,1573.30,23.85,17,0,0,0.34,0.30,0.40,28.07,17,17,0,0.50,0.50,0.50,27.69,17,17,0,0.11,0.00,0.20,28.48,17,17,0,1.07,1.00,1.10,28.11,17,17,0,0.23,0.20,0.30,27.75,17,17,0
1957792,0.33,0.30,0.40,28.48,17,17,0,1551.04,1547.90,1558.50,23.84,17,0,0,0.34,0.30,0.40,28.07,17,17,0,0.50,0.50,0.50,27.67,17,17,0,0.10,0.10,0.10,28.47,17,17,0,1.08,1.00,1.10,28.12,17,17,0,0.22,0.20,0.30,27.75,17,17,0
1958292,0.35,0.30,0.40,28.48,17,17,0,1577.28,1555.20,1586.50,23.83,17,0,0,0.35,0.30,0.40,28.06,17,17,0,0.50,0.50,0.50,27.69,17,17,0,0.10,0.00,0.20,28.49,17,17,0,1.06,1.00,1.10,28.12,17,17,0,0.23,0.20,0.30,27.75,17,17,0
1958792,0.34,0.30,0.40,28.46,17,17,0,1564.44,1551.40,1581.70,23.85,17,0,0,0.35,0.30,0.40,28.06,17,17,0,0.50,0.50,0.50,27.69,17,17,0,0.09,0.00,0.10,28.47,17,17,0,1.06,1.00,1.10,28.12,17,17,0,0.22,0.20,0.30,27.74,17,17,0
1959298,0.34,0.30,0.40,28.48,17,17,0,1573.49,1553.20,1596.90,23.84,17,0,0,0.34,0.30,0.40,28.06,17,17,0,0.50,0.50,0.50,27.70,17,17,0,0.09,0.00,0.10,28.48,17,17,0,1.08,1.00,1.10,28.12,17,17,0,0.21,0.20,0.30,27.75,17,17,0
1959798,0.32,0.30,0.40,28.48,17,17,0,1578.97,1560.00,1597.00,23.82,17,0,0,0.35,0.30,0.40,28.07,17,17,0,0.50,0.50,0.50,27.68,17,17,0,0.11,0.10,0.20,28.47,17,17,0,1.07,1.00,1.10,28.10,17,17,0,0.22,0.20,0.30,27.74,17,17,0
1960298,0.35,0.30,0.40,28.47,17,17,0,1555.88,1550.70,1573.40,23.82,17,0,0,0.35,0.30,0.40,28.07,17,17,0,0.50,0.40,0.60,27.70,17,17,0,0.07,0.00,0.10,28.48,17,17,0,1.05,1.00,1.10,28.13,17,17,0,0.24,0.20,0.30,27.75,17,17,0
1960800,0.36,0.30,0.40,28.48,17,17,0,1594.69,1580.00,1604.30,23.81,17,0,0,0.35,0.30,0.40,28.07,17,17,0,0.51,0.50,0.60,27.69,17,17,0,0.10,0.10,0.10,28.49,17,17,0,1.08,1.00,1.10,28.12,17,17,0,0.23,0.20,0.30,27.74,17,17,0
1961301,0.36,0.30,0.40,28.47,17,17,0,1552.18,1540.30,1573.30,23.82,17,0,0,0.36,0.30,0.40,28.08,17,17,0,0.50,0.50,0.50,27.69,17,17,0,0.10,0.10,0.10,28.48,17,17,0,1.07,1.00,1.10,28.12,17,17,0,0.22,0.20,0.30,27.74,17,17,0
1961801,0.34,0.30,0.40,28.46,17,17,0,1572.96,1547.80,1587.00,23.83,17,0,0,0.35,0.30,0.40,28.06,17,17,0,0.50,0.50,0.50,27.69,17,17,0,0.10,0.10,0.10,28.48,17,17,0,1.06,1.00,1.10,28.13,17,17,0,0.22,0.20,0.30,27.75,17,17,0
1962301,0.34,0.30,0.40,28.47,17,17,0,1539.04,1519.20,1568.40,23.82,17,0,0,0.34,0.30,0.40,28.06,17,17,0,0.50,0.50,0.50,27.70,17,17,0,0.09,0.00,0.10,28.48,17,17,0,1.06,1.00,1.10,28.12,17,17,0,0.22,0.20,0.30,27.74,17,17,0
1962801,0.34,0.30,0.40,28.47,17,17,0,1537.41,1515.20,1567.60,23.82,17,0,0,0.34,0.30,0.40,28.08,17,17,0,0.50,0.50,0.50,27.68,17,17,0,0.10,0.10,0.10,28.50,17,17,0,1.07,1.00,1.10,28.13,17,17,0,0.22,0.20,0.30,27.75,17,17,0
1963301,0.34,0.30,0.40,28.48,17,17,0,1561.41,1535.50,1579.30,23.84,17,0,0,0.35,0.30,0.40,28.07,17,17,0,0.50,0.50,0.50,27.69,17,17,0,0.09,0.00,0.20,28.47,17,17,0,1.08,1.00,1.10,28.12,17,17,0,0.22,0.20,0.30,27.76,17,17,0
1963801,0.32,0.30,0.40,28.48,17,17,0,1517.95,1512.20,1528.90,23.82,17,0,0,0.34,0.30,0.40,28.07,17,17,0,0.50,0.50,0.50,27.69,17,17,0,0.09,0.00,0.10,28.48,17,17,0,1.07,1.00,1.10,28.12,17,17,0,0.23,0.20,0.30,27.74,17,17,0
1964301,0.34,0.30,0.40,28.48,18,18,0,1547.59,1533.10,1555.10,23.83,18,0,0,0.34,0.30,0.40,28.08,18,18,0,0.51,0.50,0.60,27.69,18,18,0,0.09,0.00,0.10,28.48,18,18,0,1.06,1.00,1.10,28.13,18,18,0,0.22,0.20,0.30,27.75,18,18,0
1964805,0.36,0.30,0.40,28.50,17,17,0,1508.93,1498.20,1530.00,23.82,17,0,0,0.32,0.30,0.40,28.08,17,17,0,0.52,0.50,0.60,27.68,17,17,0,0.10,0.10,0.10,28.47,17,17,0,1.07,1.00,1.10,28.11,17,17,0,0.24,0.20,0.30,27.75,17,17,0
1965305,0.34,0.30,0.40,28.48,17,17,0,1532.96,1505.80,1546.90,23.82,17,0,0,0.34,0.30,0.40,28.08,17,17,0,0.51,0.50,0.60,27.69,17,17,0,0.10,0.10,0.10,28.48,17,17,0,1.06,1.00,1.10,28.12,17,17,0,0.22,0.20,0.30,27.73,17,17,0
1965805,0.33,0.30,0.40,28.49,17,17,0,1521.43,1503.90,1542.20,23.83,17,0,0,0.34,0.30,0.40,28.08,17,17,0,0.50,0.50,0.50,27.69,17,17,0,0.09,0.00,0.10,28.48,17,17,0,1.08,1.00,1.10,28.12,17,17,0,0.22,0.20,0.30,27.73,17,17,0
1966305,0.33,0.30,0.40,28.49,17,17,0,1506.15,1496.20,1522.90,23.83,17,0,0,0.35,0.30,0.40,28.06,17,17,0,0.50,0.50,0.50,27.67,17,17,0,0.10,0.10,0.10,28.47,17,17,0,1.08,1.00,1.10,28.11,17,17,0,0.22,0.20,0.30,27.73,17,17,0
1966805,0.34,0.30,0.40,28.46,17,17,0,1515.23,1498.10,1528.50,23.82,17,0,0,0.34,0.30,0.40,28.07,17,17,0,0.50,0.50,0.50,27.69,17,17,0,0.10,0.10,0.10,28.48,17,17,0,1.07,1.00,1.10,28.13,17,17,0,0.22,0.20,0.30,27.73,17,17,0
1967305,0.35,0.30,0.40,28.48,17,17,0,1485.40,1477.20,1492.00,23.84,17,0,0,0.36,0.30,0.40,28.07,17,17,0,0.50,0.50,0.50,27.69,17,17,0,0.10,0.10,0.10,28.48,17,17,0,1.08,1.00,1.10,28.13,17,17,0,0.21,0.20,0.30,27.73,17,17,0
1967805,0.34,0.30,0.40,28.48,17,17,0,1520.89,1502.80,1530.10,23.84,17,0,0,0.32,0.30,0.40,28.07,17,17,0,0.50,0.50,0.50,27.69,17,17,0,0.10,0.10,0.10,28.47,17,17,0,1.04,1.00,1.10,28.13,17,17,0,0.21,0.20,0.30,27.74,17,17,0
1968307,0.31,0.30,0.40,28.47,17,17,0,1485.78,1471.50,1507.80,23.83,17,0,0,0.36,0.30,0.40,28.06,17,17,0,0.51,0.50,0.60,27.70,17,17,0,0.10,0.10,0.10,28.47,17,17,0,1.09,1.00,1.10,28.12,17,17,0,0.22,0.20,0.30,27.74,17,17,0
1968812,0.36,0.30,0.40,28.47,17,17,0,1502.83,1474.90,1525.80,23.85,17,0,0,0.34,0.30,0.40,28.07,17,17,0,0.50,0.50,0.50,27.67,17,17,0,0.09,0.00,0.10,28.48,17,17,0,1.06,1.00,1.10,28.11,17,17,0,0.22,0.20,0.30,27.76,17,17,0
1969314,0.34,0.30,0.40,28.47,17,17,0,1500.79,1483.40,1523.00,23.83,17,0,0,0.34,0.30,0.40,28.06,17,17,0,0.51,0.50,0.60,27.70,17,17,0,0.09,0.00,0.10,28.48,17,17,0,1.06,1.00,1.10,28.13,17,17,0,0.22,0.20,0.30,27.74,17,17,0
1969814,0.32,0.30,0.40,28.47,16,16,0,1478.96,1469.00,1504.30,23.84,16,0,0,0.35,0.30,0.40,28.07,16,16,0,0.50,0.50,0.50,27.70,16,16,0,0.10,0.10,0.10,28.49,16,16,0,1.07,1.00,1.10,28.14,16,16,0,0.21,0.20,0.30,27.75,16,16,0
1970314,0.33,0.30,0.40,28.48,17,17,0,1508.62,1492.70,1520.20,23.84,17,0,0,0.34,0.30,0.40,28.06,17,17,0,0.50,0.50,0.50,27.69,17,17,0,0.09,0.00,0.10,28.46,17,17,0,1.08,1.00,1.10,28.12,17,17,0,0.20,0.20,0.20,27.74,17,17,0
1970814,0.35,0.30,0.40,28.47,17,17,0,1466.55,1458.00,1484.50,23.85,17,0,0,0.35,0.30,0.40,28.07,17,17,0,0.50,0.50,0.50,27.68,17,17,0,0.10,0.00,0.20,28.49,17,17,0,1.06,1.00,1.10,28.13,17,17,0,0.21,0.20,0.30,27.75,17,17,0
1971314,0.31,0.30,0.40,28.48,17,17,0,1506.84,1477.00,1519.40,23.83,17,0,0,0.35,0.30,0.40,28.06,17,17,0,0.50,0.50,0.50,27.69,17,17,0,0.09,0.00,0.10,28.49,17,17,0,1.07,1.00,1.10,28.14,17,17,0,0.21,0.20,0.30,27.76,17,17,0
1971814,0.34,0.30,0.40,28.47,17,17,0,1479.65,1456.40,1504.80,23.84,17,0,0,0.35,0.30,0.40,28.07,17,17,0,0.51,0.50,0.60,27.70,17,17,0,0.11,0.10,0.20,28.46,17,17,0,1.05,1.00,1.10,28.13,17,17,0,0.21,0.20,0.30,27.74,17,17,0
1972319,0.36,0.30,0.40,28.47,17,17,0,1497.85,1460.00,1524.10,23.85,17,0,0,0.36,0.30,0.40,28.08,17,17,0,0.50,0.50,0.50,27.67,17,17,0,0.08,0.00,0.10,28.48,17,17,0,1.09,1.00,1.10,28.11,17,17,0,0.22,0.20,0.30,27.75,17,17,0
1972822,0.33,0.30,0.40,28.47,17,17,0,1498.00,1474.20,1525.10,23.83,17,0,0,0.35,0.30,0.40,28.07,17,17,0,0.51,0.50,0.60,27.69,17,17,0,0.09,0.00,0.10,28.49,17,17,0,1.08,1.00,1.10,28.14,17,17,0,0.22,0.20,0.30,27.75,17,17,0
1973323,0.32,0.30,0.40,28.48,17,17,0,1484.78,1464.40,1520.20,23.84,17,0,0,0.35,0.30,0.40,28.07,17,17,0,0.50,0.50,0.50,27.69,17,17,0,0.09,0.00,0.10,28.47,17,17,0,1.06,1.00,1.10,28.13,17,17,0,0.22,0.20,0.30,27.74,17,17,0
1973823,0.35,0.30,0.40,28.48,17,17,0,1523.94,1500.40,1540.70,23.83,17,0,0,0.35,0.30,0.40,28.06,17,17,0,0.50,0.50,0.50,27.68,17,17,0,0.09,0.00,0.10,28.49,17,17,0,1.06,1.00,1.10,28.13,17,17,0,0.21,0.20,0.30,27.74,17,17,0
1974323,0.33,0.30,0.40,28.48,17,17,0,1474.97,1466.60,1490.60,23.84,17,0,0,0.34,0.30,0.40,28.07,17,17,0,0.50,0.50,0.50,27.69,17,17,0,0.09,0.00,0.10,28.47,17,17,0,1.06,1.00,1.10,28.14,17,17,0,0.22,0.20,0.30,27.75,17,17,0
1974823,0.35,0.30,0.40,28.47,17,17,0,1514.95,1491.10,1527.20,23.85,17,0,0,0.36,0.30,0.40,28.07,17,17,0,0.51,0.50,0.60,27.69,17,17,0,0.09,0.00,0.10,28.49,17,17,0,1.06,1.00,1.10,28.13,17,17,0,0.23,0.20,0.30,27.73,17,17,0
1975323,0.34,0.30,0.40,28.46,17,17,0,1472.99,1457.50,1499.50,23.85,17,0,0,0.35,0.30,0.40,28.06,17,17,0,0.51,0.50,0.60,27.69,17,17,0,0.09,0.00,0.10,28.49,17,17,0,1.06,1.00,1.10,28.12,17,17,0,0.22,0.20,0.30,27.74,17,17,0
1975823,0.33,0.30,0.40,28.47,17,17,0,1500.79,1461.00,1531.80,23.83,17,0,0,0.34,0.30,0.40,28.07,17,17,0,0.50,0.50,0.50,27.70,17,17,0,0.08,0.00,0.10,28.48,17,17,0,1.08,1.00,1.10,28.15,17,17,0,0.22,0.20,0.30,27.73,17,17,0
1976323,0.34,0.30,0.40,28.49,17,17,0,1501.90,1482.90,1527.60,23.84,17,0,0,0.34,0.30,0.40,28.08,17,17,0,0.50,0.50,0.50,27.68,17,17,0,0.09,0.00,0.10,28.49,17,17,0,1.05,1.00,1.10,28.12,17,17,0,0.21,0.20,0.30,27.75,17,17,0
1976823,0.33,0.30,0.40,28.48,17,17,0,1484.65,1474.90,1503.10,23.84,17,0,0,0.34,0.30,0.40,28.07,17,17,0,0.49,0.40,0.50,27.69,17,17,0,0.08,0.00,0.10,28.48,17,17,0,1.08,1.00,1.10,28.12,17,17,0,0.22,0.20,0.30,27.75,17,17,0
1977323,0.32,0.30,0.40,28.47,17,17,0,1512.62,1494.00,1526.30,23.85,17,0,0,0.36,0.30,0.40,28.06,17,17,0,0.50,0.50,0.50,27.69,17,17,0,0.09,0.00,0.10,28.48,17,17,0,1.08,1.00,1.10,28.13,17,17,0,0.21,0.20,0.30,27.75,17,17,0
1977823,0.34,0.30,0.40,28.48,17,17,0,1484.82,1475.50,1511.90,23.85,17,0,0,0.36,0.30,0.40,28.07,17,17,0,0.51,0.50,0.60,27.69,17,17,0,0.10,0.10,0.10,28.47,17,17,0,1.05,1.00,1.10,28.12,17,17,0,0.21,0.20,0.30,27.74,17,17,0
1978323,0.33,0.30,0.40,28.46,17,17,0,1517.41,1466.00,1533.70,23.82,17,0,0,0.35,0.30,0.40,28.08,17,17,0,0.51,0.50,0.60,27.69,17,17,0,0.09,0.00,0.10,28.48,17,17,0,1.06,1.00,1.10,28.13,17,17,0,0.20,0.20,0.20,27.74,17,17,0
1978823,0.34,0.30,0.40,28.46,17,17,0,1500.11,1490.20,1516.20,23.84,17,0,0,0.35,0.30,0.40,28.09,17,17,0,0.51,0.50,0.60,27.68,17,17,0,0.09,0.00,0.10,28.48,17,17,0,1.06,1.00,1.10,28.11,17,17,0,0.21,0.20,0.30,27.73,17,17,0
1979323,0.32,0.30,0.40,28.47,17,17,0,1518.42,1496.50,1539.10,23.84,17,0,0,0.37,0.30,0.40,28.07,17,17,0,0.50,0.50,0.50,27.68,17,17,0,0.08,0.00,0.10,28.48,17,17,0,1.06,1.00,1.10,28.12,17,17,0,0.21,0.20,0.30,27.72,17,17,0
1979823,0.33,0.30,0.40,28.48,17,17,0,1540.15,1526.90,1549.50,23.81,17,0,0,0.35,0.30,0.40,28.08,17,17,0,0.50,0.50,0.50,27.68,17,17,0,0.09,0.00,0.10,28.48,17,17,0,1.05,1.00,1.10,28.13,17,17,0,0.23,0.20,0.30,27.74,17,17,0
1980323,0.34,0.30,0.40,28.48,17,17,0,1526.65,1514.90,1545.40,23.84,17,0,0,0.35,0.30,0.40,28.07,17,17,0,0.50,0.50,0.50,27.69,17,17,0,0.10,0.10,0.10,28.48,17,17,0,1.09,1.00,1.10,28.12,17,17,0,0.22,0.20,0.30,27.74,17,17,0
1980823,0.36,0.30,0.40,28.49,17,17,0,1554.40,1541.90,1560.20,23.83,17,0,0,0.37,0.30,0.40,28.09,17,17,0,0.50,0.50,0.50,27.69,17,17,0,0.09,0.00,0.10,28.48,17,17,0,1.07,1.00,1.10,28.12,17,17,0,0.22,0.20,0.30,27.75,17,17,0
1981328,0.34,0.30,0.40,28.47,17,17,0,1541.45,1536.20,1547.30,23.84,17,0,0,0.35,0.30,0.40,28.07,17,17,0,0.50,0.50,0.50,27.69,17,17,0,0.08,0.00,0.10,28.49,17,17,0,1.08,1.00,1.10,28.13,17,17,0,0.22,0.20,0.30,27.76,17,17,0
1981829,0.32,0.30,0.40,28.47,17,17,0,1571.14,1547.20,1585.70,23.83,17,0,0,0.32,0.30,0.40,28.05,17,17,0,0.50,0.50,0.50,27.69,17,17,0,0.10,0.10,0.10,28.49,17,17,0,1.08,1.00,1.10,28.13,17,17,0,0.23,0.20,0.30,27.73,17,17,0
1982329,0.34,0.30,0.40,28.47,18,18,0,1557.72,1545.80,1576.40,23.84,18,0,0,0.34,0.30,0.40,28.07,18,18,0,0.50,0.50,0.50,27.70,18,18,0,0.09,0.00,0.10,28.48,18,18,0,1.08,1.00,1.10,28.14,18,18,0,0.23,0.20,0.30,27.75,18,18,0
1982836,0.35,0.30,0.40,28.49,17,17,0,1567.49,1547.10,1595.00,23.84,17,0,0,0.35,0.30,0.40,28.08,17,17,0,0.51,0.50,0.60,27.70,17,17,0,0.09,0.00,0.20,28.48,17,17,0,1.07,1.00,1.10,28.13,17,17,0,0.21,0.20,0.30,27.76,17,17,0
1983336,0.32,0.30,0.40,28.46,17,17,0,1580.15,1557.80,1597.20,23.82,17,0,0,0.35,0.30,0.40,28.07,17,17,0,0.51,0.50,0.60,27.68,17,17,0,0.09,0.00,0.10,28.47,17,17,0,1.06,1.00,1.10,28.15,17,17,0,0.22,0.20,0.30,27.75,17,17,0
1983836,0.34,0.30,0.40,28.48,17,17,0,1551.71,1539.90,1569.80,23.83,17,0,0,0.34,0.30,0.40,28.07,17,17,0,0.50,0.50,0.50,27.69,17,17,0,0.09,0.00,0.10,28.48,17,17,0,1.08,1.00,1.10,28.14,17,17,0,0.22,0.20,0.30,27.75,17,17,0
1984336,0.34,0.30,0.40,28.48,17,17,0,1589.85,1576.30,1597.50,23.84,17,0,0,0.35,0.30,0.40,28.07,17,17,0,0.51,0.50,0.60,27.70,17,17,0,0.09,0.00,0.10,28.48,17,17,0,1.06,1.00,1.10,28.14,17,17,0,0.22,0.20,0.30,27.75,17,17,0
1984836,0.36,0.30,0.40,28.47,17,17,0,1543.82,1534.00,1563.80,23.83,17,0,0,0.35,0.30,0.40,28.08,17,17,0,0.50,0.40,0.60,27.67,17,17,0,0.09,0.00,0.10,28.48,17,17,0,1.06,1.00,1.10,28.12,17,17,0,0.22,0.20,0.30,27.75,17,17,0
1985338,0.36,0.30,0.40,28.47,17,17,0,1577.35,1546.90,1592.60,23.84,17,0,0,0.34,0.30,0.40,28.06,17,17,0,0.51,0.50,0.60,27.69,17,17,0,0.08,0.00,0.10,28.48,17,17,0,1.06,1.00,1.10,28.13,17,17,0,0.24,0.20,0.30,27.74,17,17,0
1985838,0.34,0.30,0.40,28.48,17,17,0,1536.75,1511.60,1576.60,23.82,17,0,0,0.35,0.30,0.40,28.06,17,17,0,0.51,0.50,0.60,27.69,17,17,0,0.10,0.10,0.10,28.48,17,17,0,1.05,1.00,1.10,28.15,17,17,0,0.21,0.20,0.30,27.74,17,17,0
1986338,0.35,0.30,0.40,28.47,17,17,0,1530.34,1504.90,1564.80,23.83,17,0,0,0.35,0.30,0.40,28.09,17,17,0,0.49,0.40,0.50,27.69,17,17,0,0.09,0.00,0.10,28.47,17,17,0,1.05,1.00,1.10,28.15,17,17,0,0.21,0.20,0.30,27.75,17,17,0
1986838,0.33,0.30,0.40,28.48,17,17,0,1552.76,1525.50,1576.30,23.84,17,0,0,0.35,0.30,0.40,28.06,17,17,0,0.50,0.50,0.50,27.69,17,17,0,0.10,0.10,0.10,28.48,17,17,0,1.08,1.00,1.10,28.11,17,17,0,0.22,0.20,0.30,27.75,17,17,0
1987338,0.34,0.30,0.40,28.46,17,17,0,1504.28,1496.60,1524.40,23.85,17,0,0,0.33,0.30,0.40,28.09,17,17,0,0.51,0.50,0.60,27.68,17,17,0,0.09,0.00,0.20,28.50,17,17,0,1.07,1.00,1.10,28.14,17,17,0,0.21,0.20,0.30,27.76,17,17,0
1987838,0.35,0.30,0.40,28.45,17,17,0,1548.44,1529.10,1561.90,23.83,17,0,0,0.34,0.30,0.40,28.06,17,17,0,0.51,0.50,0.60,27.66,17,17,0,0.10,0.00,0.20,28.48,17,17,0,1.07,1.00,1.10,28.12,17,17,0,0.21,0.20,0.30,27.75,17,17,0
1988338,0.33,0.30,0.40,28.47,16,16,0,1493.45,1480.10,1518.00,23.86,16,0,0,0.35,0.30,0.40,28.09,16,16,0,0.50,0.50,0.50,27.69,16,16,0,0.10,0.10,0.10,28.48,16,16,0,1.08,1.00,1.10,28.14,16,16,0,0.23,0.20,0.30,27.74,16,16,0
1988840,0.36,0.30,0.40,28.48,17,17,0,1520.38,1486.80,1539.90,23.85,17,0,0,0.34,0.30,0.40,28.07,17,17,0,0.50,0.50,0.50,27.70,17,17,0,0.09,0.00,0.20,28.48,17,17,0,1.06,1.00,1.10,28.13,17,17,0,0.21,0.20,0.30,27.74,17,17,0
1989342,0.34,0.30,0.40,28.47,17,17,0,1507.13,1482.50,1536.80,23.85,17,0,0,0.34,0.30,0.40,28.07,17,17,0,0.50,0.50,0.50,27.69,17,17,0,0.09,0.00,0.10,28.49,17,17,0,1.06,1.00,1.10,28.15,17,17,0,0.21,0.20,0.30,27.75,17,17,0
1989842,0.35,0.30,0.40,28.47,17,17,0,1497.58,1481.70,1520.40,23.84,17,0,0,0.35,0.30,0.40,28.08,17,17,0,0.51,0.50,0.60,27.70,17,17,0,0.09,0.00,0.10,28.47,17,17,0,1.07,1.00,1.10,28.13,17,17,0,0.21,0.20,0.30,27.74,17,17,0
1990342,0.31,0.30,0.40,28.47,17,17,0,1503.11,1477.20,1525.00,23.84,17,0,0,0.34,0.30,0.40,28.06,17,17,0,0.51,0.50,0.60,27.69,17,17,0,0.10,0.00,0.20,28.49,17,17,0,1.06,1.00,1.10,28.13,17,17,0,0.22,0.20,0.30,27.74,17,17,0
1990842,0.35,0.30,0.40,28.47,17,17,0,1465.73,1460.10,1478.00,23.83,17,0,0,0.32,0.30,0.40,28.08,17,17,0,0.51,0.50,0.60,27.69,17,17,0,0.09,0.00,0.10,28.48,17,17,0,1.09,1.00,1.10,28.12,17,17,0,0.22,0.20,0.30,27.74,17,17,0
1991342,0.33,0.30,0.40,28.47,17,17,0,1512.22,1487.60,1521.60,23.84,17,0,0,0.36,0.30,0.40,28.07,17,17,0,0.50,0.50,0.50,27.70,17,17,0,0.09,0.00,0.10,28.49,17,17,0,1.09,1.00,1.10,28.13,17,17,0,0.21,0.20,0.30,27.75,17,17,0
1991842,0.32,0.30,0.40,28.48,17,17,0,1479.85,1470.10,1504.50,23.84,17,0,0,0.34,0.30,0.40,28.07,17,17,0,0.51,0.50,0.60,27.69,17,17,0,0.08,0.00,0.10,28.50,17,17,0,1.06,1.00,1.10,28.14,17,17,0,0.22,0.20,0.30,27.74,17,17,0
1992342,0.34,0.30,0.40,28.46,17,17,0,1497.57,1453.50,1553.60,23.86,17,0,0,0.32,0.30,0.40,28.06,17,17,0,0.49,0.40,0.50,27.70,17,17,0,0.08,0.00,0.10,28.49,17,17,0,1.05,1.00,1.10,28.13,17,17,0,0.20,0.20,0.20,27.75,17,17,0
1992842,0.33,0.30,0.40,28.48,17,17,0,1500.87,1478.70,1522.20,23.84,17,0,0,0.37,0.30,0.40,28.07,17,17,0,0.52,0.50,0.60,27.70,17,17,0,0.11,0.10,0.20,28.47,17,17,0,1.07,1.00,1.10,28.14,17,17,0,0.21,0.20,0.30,27.74,17,17,0
1993347,0.36,0.30,0.40,28.47,17,17,0,1484.22,1474.50,1504.50,23.84,17,0,0,0.37,0.30,0.40,28.06,17,17,0,0.50,0.50,0.50,27.69,17,17,0,0.10,0.10,0.10,28.48,17,17,0,1.07,1.00,1.10,28.14,17,17,0,0.22,0.20,0.30,27.75,17,17,0
1993847,0.34,0.30,0.40,28.47,17,17,0,1507.98,1485.10,1521.50,23.85,17,0,0,0.36,0.30,0.40,28.06,17,17,0,0.51,0.50,0.60,27.69,17,17,0,0.10,0.10,0.10,28.49,17,17,0,1.08,1.00,1.10,28.14,17,17,0,0.21,0.20,0.30,27.75,17,17,0
1994347,0.35,0.30,0.40,28.47,17,17,0,1462.29,1454.60,1478.70,23.85,17,0,0,0.35,0.30,0.40,28.08,17,17,0,0.50,0.50,0.50,27.69,17,17,0,0.10,0.10,0.10,28.49,17,17,0,1.06,1.00,1.10,28.13,17,17,0,0.22,0.20,0.30,27.75,17,17,0
1994847,0.34,0.30,0.40,28.48,17,17,0,1511.72,1477.90,1523.70,23.85,17,0,0,0.35,0.30,0.40,28.08,17,17,0,0.50,0.50,0.50,27.70,17,17,0,0.09,0.00,0.10,28.47,17,17,0,1.07,1.00,1.10,28.13,17,17,0,0.24,0.20,0.30,27.75,17,17,0
1995347,0.35,0.30,0.40,28.45,17,17,0,1490.94,1478.80,1510.20,23.84,17,0,0,0.34,0.30,0.40,28.06,17,17,0,0.50,0.50,0.50,27.70,17,17,0,0.09,0.00,0.10,28.47,17,17,0,1.05,1.00,1.10,28.14,17,17,0,0.21,0.20,0.30,27.76,17,17,0
1995847,0.34,0.30,0.40,28.45,17,17,0,1507.22,1480.40,1527.50,23.85,17,0,0,0.37,0.30,0.40,28.07,17,17,0,0.50,0.50,0.50,27.69,17,17,0,0.09,0.00,0.10,28.49,17,17,0,1.08,1.00,1.10,28.14,17,17,0,0.21,0.20,0.30,27.73,17,17,0
1996347,0.35,0.30,0.40,28.48,17,17,0,1493.32,1463.60,1526.00,23.85,17,0,0,0.36,0.30,0.40,28.08,17,17,0,0.51,0.50,0.60,27.68,17,17,0,0.09,0.00,0.10,28.48,17,17,0,1.06,1.00,1.10,28.14,17,17,0,0.21,0.20,0.30,27.73,17,17,0
1996859,0.35,0.30,0.40,28.46,18,18,0,1470.04,1446.60,1509.10,23.85,18,0,0,0.33,0.30,0.40,28.07,18,18,0,0.51,0.50,0.60,27.69,18,18,0,0.09,0.00,0.10,28.48,18,18,0,1.06,1.00,1.10,28.11,18,18,0,0.22,0.20,0.30,27.74,18,18,0
1997359,0.35,0.30,0.40,28.45,17,17,0,1526.94,1504.50,1540.30,23.84,17,0,0,0.34,0.30,0.40,28.07,17,17,0,0.50,0.50,0.50,27.69,17,17,0,0.09,0.00,0.10,28.49,17,17,0,1.07,1.00,1.10,28.14,17,17,0,0.24,0.20,0.30,27.74,17,17,0
1997859,0.35,0.30,0.40,28.47,17,17,0,1474.24,1462.80,1496.90,23.85,17,0,0,0.34,0.30,0.40,28.06,17,17,0,0.50,0.50,0.50,27.70,17,17,0,0.09,0.00,0.10,28.49,17,17,0,1.06,1.00,1.10,28.14,17,17,0,0.21,0.20,0.30,27.75,17,17,0
1998359,0.32,0.30,0.40,28.47,17,17,0,681.46,345.50,1325.60,23.88,17,0,0,0.33,0.30,0.40,28.09,17,17,0,0.51,0.50,0.60,27.70,17,17,0,0.09,0.00,0.10,28.49,17,17,0,1.06,1.00,1.10,28.14,17,17,0,0.21,0.20,0.30,27.76,17,17,0
1998859,0.34,0.30,0.40,28.47,17,17,0,196.48,140.20,294.20,24.08,17,0,0,0.32,0.30,0.40,28.07,17,17,0,0.50,0.40,0.60,27.69,17,17,0,0.10,0.10,0.10,28.50,17,17,0,1.08,1.00,1.10,28.13,17,17,0,0.22,0.20,0.30,27.75,17,17,0
1999359,0.33,0.30,0.40,28.47,17,17,0,102.80,84.30,130.40,24.26,17,0,0,0.34,0.30,0.40,28.07,17,17,0,0.50,0.50,0.50,27.70,17,17,0,0.09,0.00,0.10,28.49,17,17,0,1.06,1.00,1.10,28.13,17,17,0,0.22,0.20,0.30,27.75,17,17,0
1999859,0.32,0.30,0.40,28.47,18,18,0,66.69,57.00,79.60,24.42,18,0,0,0.35,0.30,0.40,28.08,18,18,0,0.50,0.50,0.50,27.69,18,18,0,0.09,0.00,0.10,28.48,18,18,0,1.08,1.00,1.10,28.14,18,18,0,0.22,0.20,0.30,27.76,18,18,0
2000359,0.33,0.30,0.40,28.46,17,17,0,48.54,43.60,55.20,24.56,17,0,0,0.34,0.30,0.40,28.07,17,17,0,0.50,0.50,0.50,27.69,17,17,0,0.09,0.00,0.10,28.49,17,17,0,1.06,1.00,1.10,28.12,17,17,0,0.23,0.20,0.30,27.74,17,17,0
2000867,0.35,0.30,0.40,28.46,17,17,0,38.28,35.40,42.20,24.68,17,0,0,0.34,0.30,0.40,28.08,17,17,0,0.51,0.50,0.60,27.69,17,17,0,0.09,0.00,0.20,28.48,17,17,0,1.07,1.00,1.10,28.13,17,17,0,0.24,0.20,0.30,27.73,17,17,0
2001367,0.34,0.30,0.40,28.47,17,17,0,31.38,28.70,34.00,24.81,17,0,0,0.35,0.30,0.40,28.06,17,17,0,0.49,0.40,0.50,27.71,17,17,0,0.09,0.00,0.10,28.49,17,17,0,1.08,1.00,1.10,28.12,17,17,0,0.23,0.20,0.30,27.74,17,17,0
2001879,0.32,0.30,0.40,28.46,18,18,0,26.44,23.60,29.10,24.88,18,0,0,0.34,0.30,0.40,28.06,18,18,0,0.51,0.50,0.60,27.70,18,18,0,0.10,0.00,0.20,28.51,18,18,0,1.08,1.00,1.10,28.13,18,18,0,0.22,0.20,0.30,27.73,18,18,0
2002379,0.33,0.30,0.40,28.46,17,17,0,22.74,20.70,24.30,25.01,17,0,0,0.34,0.30,0.40,28.09,17,17,0,0.51,0.50,0.60,27.69,17,17,0,0.10,0.10,0.10,28.50,17,17,0,1.07,1.00,1.10,28.13,17,17,0,0.22,0.20,0.30,27.74,17,17,0
2002891,0.33,0.30,0.40,28.46,18,18,0,19.94,17.40,22.00,25.08,18,0,0,0.35,0.30,0.40,28.06,18,18,0,0.51,0.50,0.60,27.69,18,18,0,0.09,0.00,0.10,28.48,18,18,0,1.04,1.00,1.10,28.14,18,18,0,0.23,0.20,0.30,27.74,18,18,0
2003391,0.34,0.30,0.40,28.46,17,17,0,17.93,16.00,19.60,25.13,17,0,0,0.32,0.30,0.40,28.08,17,17,0,0.52,0.50,0.60,27.69,17,17,0,0.11,0.10,0.20,28.50,17,17,0,1.06,1.00,1.10,28.13,17,17,0,0.21,0.20,0.30,27.74,17,17,0
2003892,0.34,0.30,0.40,28.48,17,17,0,15.89,14.80,17.00,25.23,17,0,0,0.32,0.30,0.40,28.06,17,17,0,0.50,0.50,0.50,27.71,17,17,0,0.10,0.10,0.10,28.49,17,17,0,1.08,1.00,1.10,28.12,17,17,0,0.23,0.20,0.30,27.74,17,17,0
2004404,0.32,0.30,0.40,28.47,18,18,0,14.46,13.60,15.20,25.31,18,0,0,0.34,0.30,0.40,28.08,18,18,0,0.50,0.40,0.60,27.70,18,18,0,0.08,0.00,0.10,28.49,18,18,0,1.06,1.00,1.10,28.13,18,18,0,0.22,0.20,0.30,27.75,18,18,0
2004915,0.35,0.30,0.40,28.46,18,18,0,13.11,12.30,13.70,25.35,18,0,0,0.36,0.30,0.40,28.08,18,18,0,0.51,0.50,0.60,27.69,18,18,0,0.10,0.10,0.10,28.49,18,18,0,1.08,1.00,1.10,28.14,18,18,0,0.21,0.20,0.30,27.75,18,18,0
2005418,0.35,0.30,0.40,28.46,17,17,0,11.92,11.30,12.40,25.41,17,0,0,0.35,0.30,0.40,28.05,17,17,0,0.51,0.50,0.60,27.70,17,17,0,0.09,0.00,0.10,28.49,17,17,0,1.08,1.00,1.10,28.14,17,17,0,0.24,0.20,0.30,27.74,17,17,0
2005929,0.31,0.30,0.40,28.44,18,18,0,10.98,10.60,11.40,25.46,18,0,0,0.37,0.30,0.40,28.08,18,18,0,0.50,0.50,0.50,27.69,18,18,0,0.10,0.10,0.10,28.48,18,18,0,1.06,1.00,1.10,28.13,18,18,0,0.22,0.20,0.30,27.73,18,18,0
2006429,0.33,0.30,0.40,28.46,18,18,0,10.16,9.70,10.50,25.53,18,0,0,0.35,0.30,0.40,28.08,18,18,0,0.52,0.50,0.60,27.69,18,18,0,0.10,0.00,0.20,28.48,18,18,0,1.06,1.00,1.10,28.13,18,18,0,0.22,0.20,0.30,27.74,18,18,0
2006929,0.34,0.30,0.40,28.47,17,17,0,9.46,8.90,10.10,25.56,17,0,0,0.34,0.30,0.40,28.06,17,17,0,0.50,0.50,0.50,27.69,17,17,0,0.11,0.10,0.20,28.48,17,17,0,1.07,1.00,1.10,28.16,17,17,0,0.23,0.20,0.30,27.74,17,17,0
2007429,0.32,0.30,0.40,28.46,16,16,0,8.91,8.40,9.40,25.60,16,0,0,0.33,0.30,0.40,28.06,16,16,0,0.50,0.50,0.50,27.68,16,16,0,0.08,0.00,0.10,28.50,16,16,0,1.06,1.00,1.10,28.13,16,16,0,0.22,0.20,0.30,27.74,16,16,0
2007936,0.33,0.30,0.40,28.45,18,18,0,8.46,8.10,9.00,25.64,18,0,0,0.35,0.30,0.40,28.08,18,18,0,0.51,0.50,0.60,27.71,18,18,0,0.09,0.00,0.10,28.50,18,18,0,1.06,1.00,1.10,28.14,18,18,0,0.21,0.20,0.30,27.75,18,18,0
2008436,0.33,0.30,0.40,28.46,17,17,0,7.96,7.40,8.30,25.67,17,0,0,0.34,0.30,0.40,28.08,17,17,0,0.50,0.50,0.50,27.69,17,17,0,0.10,0.00,0.20,28.49,17,17,0,1.06,1.00,1.10,28.14,17,17,0,0.22,0.20,0.30,27.75,17,17,0
2008949,0.34,0.30,0.40,28.45,18,18,0,7.42,6.60,7.90,25.73,18,0,0,0.36,0.30,0.40,28.07,18,18,0,0.50,0.50,0.50,27.69,18,18,0,0.11,0.10,0.20,28.49,18,18,0,1.08,1.00,1.10,28.14,18,18,0,0.21,0.20,0.30,27.73,18,18,0
2009462,0.33,0.30,0.40,28.46,18,18,0,7.07,6.70,7.40,25.76,18,0,0,0.33,0.30,0.40,28.06,18,18,0,0.50,0.50,0.50,27.71,18,18,0,0.09,0.00,0.10,28.47,18,18,0,1.07,1.00,1.10,28.14,18,18,0,0.21,0.20,0.30,27.75,18,18,0
2009962,0.33,0.30,0.40,28.45,17,17,0,7.01,6.60,7.50,25.80,17,0,0,0.35,0.30,0.40,28.05,17,17,0,0.51,0.50,0.60,27.70,17,17,0,0.10,0.10,0.10,28.49,17,17,0,1.08,1.00,1.10,28.13,17,17,0,0.22,0.20,0.30,27.74,17,17,0
2010469,0.34,0.30,0.40,28.47,18,18,0,6.64,6.00,7.20,25.82,18,0,0,0.34,0.30,0.40,28.08,18,18,0,0.52,0.50,0.60,27.70,18,18,0,0.09,0.00,0.10,28.49,18,18,0,1.04,1.00,1.10,28.15,18,18,0,0.21,0.20,0.30,27.75,18,18,0
2010969,0.34,0.30,0.40,28.47,17,17,0,6.05,5.70,6.80,25.83,17,0,0,0.35,0.30,0.40,28.08,17,17,0,0.50,0.50,0.50,27.69,17,17,0,0.09,0.00,0.10,28.48,17,17,0,1.10,1.10,1.10,28.13,17,17,0,0.22,0.20,0.30,27.75,17,17,0
2011469,0.33,0.30,0.40,28.47,17,17,0,5.91,5.30,6.50,25.87,17,0,0,0.36,0.30,0.40,28.07,17,17,0,0.49,0.40,0.50,27.69,17,17,0,0.09,0.00,0.10,28.50,17,17,0,1.07,1.00,1.10,28.13,17,17,0,0.21,0.20,0.30,27.75,17,17,0
2011976,0.34,0.30,0.40,28.46,18,18,0,5.56,4.80,6.30,25.90,18,0,0,0.37,0.30,0.40,28.08,18,18,0,0.51,0.50,0.60,27.71,18,18,0,0.10,0.10,0.10,28.49,18,18,0,1.07,1.00,1.10,28.14,18,18,0,0.22,0.20,0.30,27.75,18,18,0
2012476,0.34,0.30,0.40,28.45,17,17,0,5.39,4.70,6.20,25.93,17,0,0,0.35,0.30,0.40,28.08,17,17,0,0.50,0.50,0.50,27.70,17,17,0,0.09,0.00,0.10,28.49,17,17,0,1.07,1.00,1.10,28.13,17,17,0,0.23,0.20,0.30,27.76,17,17,0
2012983,0.32,0.30,0.40,28.46,18,18,0,5.26,4.60,5.90,25.94,18,0,0,0.36,0.30,0.40,28.08,18,18,0,0.51,0.50,0.60,27.70,18,18,0,0.09,0.00,0.10,28.50,18,18,0,1.07,1.00,1.10,28.13,18,18,0,0.21,0.20,0.30,27.76,18,18,0
2013483,0.32,0.30,0.40,28.43,17,17,0,5.01,4.50,5.60,25.97,17,0,0,0.34,0.30,0.40,28.08,17,17,0,0.50,0.50,0.50,27.70,17,17,0,0.09,0.00,0.20,28.49,17,17,0,1.05,1.00,1.10,28.14,17,17,0,0.21,0.20,0.30,27.74,17,17,0
2013996,0.31,0.30,0.40,28.46,18,18,0,4.76,4.20,5.30,25.99,18,0,0,0.36,0.30,0.40,28.07,18,18,0,0.51,0.50,0.60,27.70,18,18,0,0.10,0.10,0.10,28.49,18,18,0,1.08,1.00,1.10,28.14,18,18,0,0.21,0.20,0.30,27.73,18,18,0
2014496,0.34,0.30,0.40,28.45,17,17,0,4.66,4.20,5.30,26.02,17,0,0,0.34,0.30,0.40,28.07,17,17,0,0.50,0.50,0.50,27.71,17,17,0,0.09,0.00,0.20,28.49,17,17,0,1.08,1.00,1.10,28.14,17,17,0,0.21,0.20,0.30,27.75,17,17,0
2015009,0.34,0.30,0.40,28.47,18,18,0,4.63,4.20,5.20,26.03,18,0,0,0.34,0.30,0.40,28.06,18,18,0,0.51,0.50,0.60,27.70,18,18,0,0.09,0.00,0.10,28.48,18,18,0,1.06,1.00,1.10,28.15,18,18,0,0.23,0.20,0.30,27.74,18,18,0
2015521,0.33,0.30,0.40,28.46,18,18,0,4.53,4.10,4.70,26.06,18,0,0,0.34,0.30,0.40,28.07,18,18,0,0.51,0.50,0.60,27.70,18,18,0,0.09,0.00,0.20,28.50,18,18,0,1.07,1.00,1.10,28.12,18,18,0,0.22,0.20,0.30,27.76,18,18,0
2016032,0.34,0.30,0.40,28.46,18,18,0,4.22,4.00,4.60,26.06,18,0,0,0.35,0.30,0.40,28.07,18,18,0,0.50,0.50,0.50,27.69,18,18,0,0.09,0.00,0.20,28.49,18,18,0,1.04,1.00,1.10,28.14,18,18,0,0.23,0.20,0.30,27.75,18,18,0
2016532,0.34,0.30,0.40,28.47,17,17,0,4.00,3.30,4.70,26.07,17,0,0,0.35,0.30,0.40,28.08,17,17,0,0.50,0.50,0.50,27.70,17,17,0,0.09,0.00,0.10,28.48,17,17,0,1.06,1.00,1.10,28.14,17,17,0,0.23,0.20,0.30,27.76,17,17,0
2017032,0.35,0.30,0.40,28.47,17,17,0,3.93,3.30,4.60,26.10,17,0,0,0.34,0.30,0.40,28.07,17,17,0,0.50,0.50,0.50,27.69,17,17,0,0.09,0.00,0.10,28.49,17,17,0,1.06,1.00,1.10,28.13,17,17,0,0.21,0.20,0.30,27.74,17,17,0
2017544,0.32,0.30,0.40,28.47,18,18,0,3.71,3.20,4.00,26.12,18,0,0,0.35,0.30,0.40,28.08,18,18,0,0.51,0.50,0.60,27.70,18,18,0,0.09,0.00,0.10,28.50,18,18,0,1.05,1.00,1.10,28.14,18,18,0,0.21,0.20,0.30,27.74,18,18,0
2018057,0.34,0.30,0.40,28.45,18,18,0,3.66,3.30,4.00,26.15,18,0,0,0.33,0.30,0.40,28.08,18,18,0,0.51,0.50,0.60,27.70,18,18,0,0.10,0.10,0.10,28.48,18,18,0,1.08,1.00,1.10,28.14,18,18,0,0.22,0.20,0.30,27.74,18,18,0
2018568,0.32,0.30,0.40,28.45,18,18,0,3.34,2.80,3.90,26.16,18,0,0,0.33,0.30,0.40,28.06,18,18,0,0.51,0.50,0.60,27.69,18,18,0,0.09,0.00,0.10,28.49,18,18,0,1.08,1.00,1.10,28.14,18,18,0,0.23,0.20,0.30,27.74,18,18,0
2019075,0.36,0.30,0.40,28.46,18,18,0,3.22,2.90,3.40,26.16,18,0,0,0.33,0.30,0.40,28.07,18,18,0,0.50,0.50,0.50,27.71,18,18,0,0.10,0.10,0.10,28.49,18,18,0,1.06,1.00,1.10,28.15,18,18,0,0.22,0.20,0.30,27.76,18,18,0
2019576,0.34,0.30,0.40,28.47,17,17,0,3.10,2.50,3.40,26.19,17,0,0,0.35,0.30,0.40,28.08,17,17,0,0.51,0.50,0.60,27.69,17,17,0,0.08,0.00,0.10,28.49,17,17,0,1.05,1.00,1.10,28.15,17,17,0,0.22,0.20,0.30,27.75,17,17,0
2020076,0.36,0.30,0.40,28.47,17,17,0,2.83,2.60,3.20,26.21,17,0,0,0.35,0.30,0.40,28.06,17,17,0,0.50,0.50,0.50,27.69,17,17,0,0.09,0.00,0.10,28.49,17,17,0,1.05,1.00,1.10,28.14,17,17,0,0.22,0.20,0.30,27.74,17,17,0
2020578,0.32,0.30,0.40,28.47,17,17,0,2.88,2.70,3.00,26.23,17,0,0,0.35,0.30,0.40,28.09,17,17,0,0.51,0.50,0.60,27.69,17,17,0,0.09,0.00,0.10,28.49,17,17,0,1.08,1.00,1.10,28.15,17,17,0,0.22,0.20,0.30,27.76,17,17,0
2021085,0.34,0.30,0.40,28.47,17,17,0,2.89,2.70,3.10,26.25,17,0,0,0.36,0.30,0.40,28.06,17,17,0,0.50,0.50,0.50,27.69,17,17,0,0.09,0.00,0.10,28.50,17,17,0,1.05,1.00,1.10,28.14,17,17,0,0.22,0.20,0.30,27.77,17,17,0
2021585,0.34,0.30,0.40,28.47,18,18,0,2.73,2.50,3.00,26.24,18,0,0,0.35,0.30,0.40,28.07,18,18,0,0.51,0.50,0.60,27.69,18,18,0,0.09,0.00,0.20,28.48,18,18,0,1.10,1.10,1.10,28.16,18,18,0,0.21,0.20,0.30,27.75,18,18,0
2022095,0.35,0.30,0.40,28.46,18,18,0,2.64,2.40,2.80,26.28,18,0,0,0.32,0.30,0.40,28.07,18,18,0,0.51,0.50,0.60,27.70,18,18,0,0.09,0.00,0.10,28.49,18,18,0,1.07,1.00,1.10,28.13,18,18,0,0.23,0.20,0.30,27.75,18,18,0
2022595,0.34,0.30,0.40,28.49,17,17,0,2.78,2.50,3.10,26.27,17,0,0,0.34,0.30,0.40,28.07,17,17,0,0.50,0.50,0.50,27.69,17,17,0,0.09,0.00,0.10,28.48,17,17,0,1.08,1.00,1.10,28.13,17,17,0,0.22,0.20,0.30,27.77,17,17,0
2023095,0.33,0.30,0.40,28.48,17,17,0,2.68,2.40,3.10,26.29,17,0,0,0.34,0.30,0.40,28.07,17,17,0,0.50,0.50,0.50,27.72,17,17,0,0.09,0.00,0.10,28.47,17,17,0,1.05,1.00,1.10,28.14,17,17,0,0.24,0.20,0.30,27.77,17,17,0
2023595,0.33,0.30,0.40,28.46,17,17,0,2.61,2.30,2.90,26.30,17,0,0,0.36,0.30,0.40,28.07,17,17,0,0.50,0.50,0.50,27.71,17,17,0,0.08,0.00,0.10,28.50,17,17,0,1.07,1.00,1.10,28.13,17,17,0,0.22,0.20,0.30,27.75,17,17,0
2024095,0.34,0.30,0.40,28.47,17,17,0,2.61,2.30,2.90,26.31,17,0,0,0.34,0.30,0.40,28.09,17,17,0,0.51,0.50,0.60,27.70,17,17,0,0.11,0.10,0.20,28.49,17,17,0,1.06,1.00,1.10,28.15,17,17,0,0.24,0.20,0.30,27.75,17,17,0
2024606,0.34,0.30,0.40,28.48,18,18,0,2.67,2.40,2.90,26.33,18,0,0,0.33,0.30,0.40,28.08,18,18,0,0.50,0.50,0.50,27.70,18,18,0,0.10,0.10,0.10,28.47,18,18,0,1.08,1.00,1.10,28.14,18,18,0,0.22,0.20,0.30,27.74,18,18,0
2025117,0.32,0.30,0.40,28.45,18,18,0,3.02,2.80,3.40,26.33,18,0,0,0.33,0.30,0.40,28.08,18,18,0,0.51,0.50,0.60,27.69,18,18,0,0.08,0.00,0.10,28.50,18,18,0,1.08,1.00,1.10,28.14,18,18,0,0.23,0.20,0.30,27.74,18,18,0
2025617,0.36,0.30,0.40,28.47,17,17,0,2.57,2.30,2.90,26.36,17,0,0,0.36,0.30,0.40,28.08,17,17,0,0.50,0.50,0.50,27.70,17,17,0,0.10,0.00,0.20,28.51,17,17,0,1.06,1.00,1.10,28.13,17,17,0,0.22,0.20,0.30,27.77,17,17,0
2026117,0.34,0.30,0.40,28.46,17,17,0,2.64,2.40,2.80,26.38,17,0,0,0.34,0.30,0.40,28.07,17,17,0,0.51,0.50,0.60,27.70,17,17,0,0.09,0.00,0.10,28.50,17,17,0,1.06,1.00,1.10,28.14,17,17,0,0.22,0.20,0.30,27.75,17,17,0
2026617,0.36,0.30,0.40,28.47,17,17,0,2.39,2.10,2.80,26.37,17,0,0,0.34,0.30,0.40,28.08,17,17,0,0.50,0.50,0.50,27.71,17,17,0,0.09,0.00,0.10,28.47,17,17,0,1.09,1.00,1.10,28.14,17,17,0,0.22,0.20,0.30,27.76,17,17,0
2027130,0.34,0.30,0.40,28.46,17,17,0,2.46,2.20,2.70,26.39,17,0,0,0.33,0.30,0.40,28.07,17,17,0,0.50,0.50,0.50,27.68,17,17,0,0.09,0.00,0.10,28.49,17,17,0,1.07,1.00,1.10,28.15,17,17,0,0.22,0.20,0.30,27.75,17,17,0
2027630,0.34,0.30,0.40,28.46,17,17,0,2.36,2.20,2.50,26.39,17,0,0,0.34,0.30,0.40,28.06,17,17,0,0.51,0.50,0.60,27.69,17,17,0,0.09,0.00,0.10,28.48,17,17,0,1.06,1.00,1.10,28.14,17,17,0,0.22,0.20,0.30,27.76,17,17,0
2028140,0.34,0.30,0.40,28.48,18,18,0,2.40,2.10,2.60,26.41,18,0,0,0.34,0.30,0.40,28.08,18,18,0,0.49,0.40,0.50,27.70,18,18,0,0.09,0.00,0.10,28.49,18,18,0,1.08,1.00,1.10,28.13,18,18,0,0.23,0.20,0.30,27.74,18,18,0
2028641,0.33,0.30,0.40,28.47,18,18,0,2.12,1.70,2.40,26.42,18,0,0,0.33,0.30,0.40,28.07,18,18,0,0.50,0.50,0.50,27.68,18,18,0,0.10,0.10,0.10,28.50,18,18,0,1.08,1.00,1.10,28.14,18,18,0,0.23,0.20,0.30,27.76,18,18,0
2029152,0.33,0.30,0.40,28.47,18,18,0,2.24,1.90,2.60,26.43,18,0,0,0.34,0.30,0.40,28.07,18,18,0,0.51,0.50,0.60,27.69,18,18,0,0.10,0.10,0.10,28.49,18,18,0,1.07,1.00,1.10,28.13,18,18,0,0.23,0.20,0.30,27.74,18,18,0
2029652,0.32,0.30,0.40,28.48,17,17,0,2.13,1.80,2.30,26.44,17,0,0,0.35,0.30,0.40,28.08,17,17,0,0.51,0.50,0.60,27.69,17,17,0,0.10,0.00,0.20,28.49,17,17,0,1.08,1.00,1.10,28.13,17,17,0,0.22,0.20,0.30,27.74,17,17,0
2030163,0.34,0.30,0.40,28.45,18,18,0,1.79,1.20,2.30,26.44,18,0,0,0.33,0.30,0.40,28.07,18,18,0,0.50,0.50,0.50,27.70,18,18,0,0.08,0.00,0.10,28.49,18,18,0,1.07,1.00,1.10,28.14,18,18,0,0.22,0.20,0.30,27.76,18,18,0
2030663,0.34,0.30,0.40,28.46,18,18,0,1.93,1.20,2.20,26.46,18,0,0,0.35,0.30,0.40,28.08,18,18,0,0.51,0.50,0.60,27.70,18,18,0,0.09,0.00,0.10,28.50,18,18,0,1.08,1.00,1.10,28.15,18,18,0,0.21,0.20,0.30,27.76,18,18,0
2031165,0.36,0.30,0.40,28.46,17,17,0,2.25,2.00,2.40,26.49,17,0,0,0.34,0.30,0.40,28.07,17,17,0,0.50,0.50,0.50,27.70,17,17,0,0.09,0.00,0.10,28.50,17,17,0,1.08,1.00,1.10,28.14,17,17,0,0.22,0.20,0.30,27.77,17,17,0
2031672,0.34,0.30,0.40,28.46,17,17,0,2.11,2.00,2.20,26.48,17,0,0,0.34,0.30,0.40,28.07,17,17,0,0.50,0.50,0.50,27.70,17,17,0,0.09,0.00,0.10,28.48,17,17,0,1.07,1.00,1.10,28.14,17,17,0,0.22,0.20,0.30,27.77,17,17,0
2032185,0.34,0.30,0.40,28.48,18,18,0,2.04,1.70,2.40,26.49,18,0,0,0.35,0.30,0.40,28.08,18,18,0,0.51,0.50,0.60,27.70,18,18,0,0.11,0.10,0.20,28.50,18,18,0,1.07,1.00,1.10,28.14,18,18,0,0.23,0.20,0.30,27.76,18,18,0
2032685,0.32,0.30,0.40,28.48,17,17,0,1.92,1.60,2.20,26.48,17,0,0,0.33,0.30,0.40,28.08,17,17,0,0.50,0.50,0.50,27.71,17,17,0,0.09,0.00,0.10,28.51,17,17,0,1.07,1.00,1.10,28.14,17,17,0,0.21,0.20,0.30,27.76,17,17,0
2033185,0.34,0.30,0.40,28.46,17,17,0,1.96,1.60,2.20,26.50,17,0,0,0.34,0.30,0.40,28.07,17,17,0,0.51,0.50,0.60,27.69,17,17,0,0.10,0.10,0.10,28.48,17,17,0,1.06,1.00,1.10,28.14,17,17,0,0.21,0.20,0.30,27.76,17,17,0
2033685,0.33,0.30,0.40,28.48,17,17,0,1.91,1.60,2.20,26.50,17,0,0,0.34,0.30,0.40,28.08,17,17,0,0.50,0.50,0.50,27.71,17,17,0,0.09,0.00,0.10,28.50,17,17,0,1.08,1.00,1.10,28.16,17,17,0,0.21,0.20,0.30,27.75,17,17,0
2034195,0.31,0.30,0.40,28.47,18,18,0,1.89,1.40,2.20,26.54,18,0,0,0.34,0.30,0.40,28.08,18,18,0,0.52,0.50,0.60,27.71,18,18,0,0.09,0.00,0.10,28.49,18,18,0,1.07,1.00,1.10,28.14,18,18,0,0.21,0.20,0.30,27.76,18,18,0
2034695,0.34,0.30,0.40,28.48,18,18,0,1.83,0.50,3.80,26.53,18,0,0,0.33,0.30,0.40,28.07,18,18,0,0.50,0.40,0.60,27.70,18,18,0,0.09,0.00,0.10,28.49,18,18,0,1.08,1.00,1.10,28.15,18,18,0,0.23,0.20,0.30,27.75,18,18,0
2035206,0.34,0.30,0.40,28.47,18,18,0,1.69,0.80,2.40,26.55,18,0,0,0.34,0.30,0.40,28.07,18,18,0,0.51,0.50,0.60,27.70,18,18,0,0.09,0.00,0.10,28.51,18,18,0,1.08,1.00,1.10,28.12,18,18,0,0.23,0.20,0.30,27.75,18,18,0
2035706,0.34,0.30,0.40,28.48,17,17,0,1.66,1.00,2.50,26.56,17,0,0,0.34,0.30,0.40,28.07,17,17,0,0.50,0.50,0.50,27.68,17,17,0,0.09,0.00,0.10,28.51,17,17,0,1.08,1.00,1.10,28.15,17,17,0,0.21,0.20,0.30,27.78,17,17,0
2036207,0.33,0.30,0.40,28.47,18,18,0,1.62,1.30,1.90,26.56,18,0,0,0.32,0.30,0.40,28.09,18,18,0,0.51,0.50,0.60,27.71,18,18,0,0.11,0.10,0.20,28.49,18,18,0,1.08,1.00,1.10,28.14,18,18,0,0.21,0.20,0.30,27.75,18,18,0
2036707,0.33,0.30,0.40,28.48,18,18,0,1.68,-6.90,9.00,26.58,18,0,0,0.33,0.30,0.40,28.07,18,18,0,0.50,0.50,0.50,27.70,18,18,0,0.08,0.00,0.10,28.49,18,18,0,1.06,1.00,1.10,28.13,18,18,0,0.21,0.20,0.30,27.77,18,18,0
2037207,0.31,0.30,0.40,28.48,17,17,0,3.17,-10.70,31.40,26.59,17,0,0,0.34,0.30,0.40,28.08,17,17,0,0.50,0.50,0.50,27.71,17,17,0,0.09,0.00,0.10,28.49,17,17,0,1.08,1.00,1.10,28.13,17,17,0,0.22,0.20,0.30,27.76,17,17,0
2037719,0.33,0.30,0.40,28.46,18,18,0,2.58,-13.30,22.90,26.58,18,0,0,0.34,0.30,0.40,28.07,18,18,0,0.49,0.40,0.50,27.69,18,18,0,0.10,0.10,0.10,28.51,18,18,0,1.07,1.00,1.10,28.15,18,18,0,0.22,0.20,0.30,27.74,18,18,0
2038219,0.32,0.30,0.40,28.48,17,17,0,-6.12,-93.40,75.80,26.60,17,0,0,0.32,0.30,0.40,28.10,17,17,0,0.50,0.40,0.60,27.70,17,17,0,0.08,0.00,0.10,28.48,17,17,0,1.06,1.00,1.10,28.15,17,17,0,0.21,0.20,0.30,27.76,17,17,0
2038732,0.33,0.30,0.40,28.48,18,18,0,0.42,-16.00,19.10,26.60,18,0,0,0.33,0.30,0.40,28.08,18,18,0,0.50,0.50,0.50,27.70,18,18,0,0.11,0.10,0.20,28.50,18,18,0,1.07,1.00,1.10,28.15,18,18,0,0.22,0.20,0.30,27.75,18,18,0
2039232,0.35,0.30,0.40,28.48,17,17,0,1.19,-3.50,6.20,26.64,17,0,0,0.35,0.30,0.40,28.09,17,17,0,0.51,0.50,0.60,27.71,17,17,0,0.10,0.10,0.10,28.49,17,17,0,1.08,1.00,1.10,28.14,17,17,0,0.22,0.20,0.30,27.75,17,17,0
2039732,0.33,0.30,0.40,28.47,17,17,0,1.26,-0.40,3.00,26.64,17,0,0,0.33,0.30,0.40,28.08,17,17,0,0.51,0.50,0.60,27.70,17,17,0,0.09,0.00,0.10,28.50,17,17,0,1.07,1.00,1.10,28.13,17,17,0,0.23,0.20,0.30,27.75,17,17,0
